Date and Time,Roadway (From Crash Report),Intersection Name (from Crash Report),KABCO Severity,Manner of Collision (Crash Level) ,# of Vehicles per crash ,Weather Conditions (Crash Level),Surface Condition (Crash Level) ,Light Conditions (Crash Level)
2022-05-17T10:13:00.000,Sr 120,Sr 6 and Sr 120,,Rear End,2,Clear,Dry,Daylight
2022-01-19T06:49:00.000,Sr 120,Sr 6 and Sr 120,,Rear End,2,Clear,Dry,Dark-Lighted
2022-09-24T10:04:00.000,Sr 120,Sr 6 and Sr 120,,Rear End,2,Clear,Dry,Daylight
2022-02-19T01:15:00.000,Sr 120,Sr 6 and Sr 120,,Not a Collision with Motor Vehicle,1,Clear,Dry,Dark-Not Lighted
2022-01-09T11:00:00.000,Sr 120,Sr 6 and Sr 120,,Rear End,2,Cloudy,Dry,Daylight
2022-07-26T17:57:00.000,Sr 120,Sr 6 and Sr 120,,Rear End,2,Clear,Dry,Daylight
2022-06-24T08:50:00.000,Sr 120,Sr 6 and Sr 120,,Rear End,2,Clear,Dry,Daylight
2022-08-25T10:00:00.000,Sr 120,Sr 6 and Sr 120,,Rear End,2,Cloudy,Wet,Daylight
2022-11-16T18:35:00.000,Sr 120,Sr 6 and Sr 120,,Rear End,2,Clear,Dry,Dark-Not Lighted
2022-05-04T08:00:00.000,Sr 120,Sr 6 and Sr 120,,Rear End,2,Cloudy,Wet,Daylight
2022-02-04T17:20:00.000,Sr 120,Sr 6 and Sr 120,,Rear End,3,Clear,Dry,Daylight
2022-08-08T11:45:00.000,Sr 120,Sr 6 and Sr 120,,Rear End,2,Clear,Dry,Daylight
2023-01-05T19:00:00.000,Sr 120,Sr 6 and Sr 120,,Rear End,2,Clear,Dry,Dark-Not Lighted
2024-11-13T10:00:00.000,Sr 120,Sr 6 and Sr 120,,Sideswipe-Opposite Direction,2,Clear,Dry,Daylight
2024-07-21T15:19:00.000,Sr 120,Sr 6 and Sr 120,,Rear End,2,Cloudy,Dry,Daylight
2024-08-17T09:08:00.000,Sr 120,Sr 6 and Sr 120,,Rear End,2,Clear,Dry,Daylight
2023-01-12T20:15:00.000,Sr 120,Sr 6 and Sr 120,,Rear End,2,Cloudy,Wet,Dark-Lighted
2023-03-04T21:45:00.000,Sr 120,Sr 6 and Sr 120,,Rear End,2,Clear,Dry,Dark-Lighted
2023-04-10T09:55:00.000,Sr 120,Sr 6 and Sr 120,,Rear End,2,Clear,Dry,Daylight
2023-03-14T14:15:00.000,Sr 120,Sr 6 and Sr 120,,Rear End,2,Clear,Dry,Daylight
2023-03-17T09:30:00.000,Sr 120,Sr 6 and Sr 120,,Rear End,2,Rain,Wet,Daylight
2023-01-12T15:05:00.000,Sr 120,Sr 6 and Sr 120,,Rear End,3,Rain,Wet,Daylight
2023-08-10T18:40:00.000,Sr 120,Sr 6 and Sr 120,,Angle Crash,2,Cloudy,Dry,Daylight
2023-03-31T18:00:00.000,Sr 120,Sr 6 and Sr 120,,Rear End,2,Clear,Dry,Daylight
2023-02-22T22:20:00.000,Sr 120,Sr 6 and Sr 120,,Rear End,2,Clear,Dry,Dark-Not Lighted
2024-04-17T08:15:00.000,Sr 120,Sr 6 and Sr 120,,Rear End,2,Clear,Dry,Daylight
2024-12-26T07:40:00.000,Sr 120,Sr 6 and Sr 120,,Rear End,2,Cloudy,Dry,Daylight
2024-09-19T16:29:00.000,Sr 120,Sr 6 and Sr 120,,Rear End,2,Clear,Dry,Daylight
2024-03-20T12:20:00.000,Sr 120,Sr 6 and Sr 120,,Rear End,2,Clear,Dry,Daylight
2024-03-26T16:47:00.000,Sr 120,Sr 6 and Sr 120,,Rear End,3,Cloudy,Wet,Daylight
2024-11-13T09:27:00.000,Sr 120,Sr 6 and Sr 120,,Rear End,2,Clear,Dry,Daylight
2024-03-18T09:46:00.000,Sr 120,Sr 6 and Sr 120,,Rear End,2,Clear,Dry,Daylight
2021-02-20T00:00:00.000,I 285,Sr 6 and I 285,,Sideswipe-Same Direction,2,Clear,Dry,Dark-Lighted
2021-01-27T16:10:00.000,I 285,Sr 6 and I 285,,Rear End,2,Clear,Dry,Daylight
2021-01-28T20:00:00.000,I 285,Sr 6 and I 285,,Rear End,2,Clear,Dry,Dark-Lighted
2020-05-20T16:10:00.000,I 285,Sr 6 and I 285,,Sideswipe-Same Direction,2,Clear,Dry,Daylight
2020-12-23T18:00:00.000,I 285,Sr 6 and I 285,,Rear End,2,Clear,Dry,Dark-Lighted
2020-01-08T17:20:00.000,I 285,Sr 6 and I 285,,Rear End,3,Clear,Dry,Dusk
2020-12-08T17:50:00.000,I 285,Sr 6 and I 285,,Rear End,4,Clear,Dry,Dark-Lighted
2021-02-10T18:43:00.000,I 285,Sr 6 and I 285,,Sideswipe-Same Direction,2,Clear,Dry,Dark-Lighted
2021-01-15T19:10:00.000,I 285,Sr 6 and I 285,,Sideswipe-Same Direction,2,Clear,Dry,Dark-Lighted
2021-01-29T16:17:00.000,I 285,Sr 6 and I 285,,Sideswipe-Same Direction,2,Clear,Dry,Daylight
2024-12-23T09:00:00.000,I 285,Sr 6 and I 285,,Rear End,2,Clear,Dry,Daylight
2021-07-23T00:28:00.000,I 20,Sr 6 and I 20,,Rear End,2,Clear,Dry,Daylight
2021-07-27T08:19:00.000,I 20,Sr 6 and I 20,,Rear End,2,Clear,Dry,Daylight
2021-02-06T01:53:00.000,I 20,Sr 6 and I 20,,Sideswipe-Same Direction,2,Clear,Dry,Dark-Not Lighted
2021-01-22T07:20:00.000,I 20,Sr 6 and I 20,,Rear End,3,Cloudy,Wet,Daylight
2021-07-10T16:20:00.000,I 20,Sr 6 and I 20,,Rear End,2,Rain,Wet,Daylight
2021-07-19T13:25:00.000,I 20,Sr 6 and I 20,,Rear End,2,Cloudy,Wet,Daylight
2021-03-14T07:52:00.000,I 20,Sr 6 and I 20,,Not a Collision with Motor Vehicle,1,Clear,Dry,Daylight
2023-08-09T14:23:00.000,I 20,Sr 6 and I 20,,Rear End,2,Clear,Dry,Daylight
2023-08-29T21:44:00.000,I 20,Sr 6 and I 20,,Sideswipe-Same Direction,2,Rain,Wet,Dark-Not Lighted
2023-10-03T06:52:00.000,I 20,Sr 6 and I 20,,Rear End,2,Clear,Dry,Dawn
2023-09-09T11:26:00.000,I 20,Sr 6 and I 20,,Rear End,2,Clear,Dry,Daylight
2023-01-05T18:00:00.000,I 20,Sr 6 and I 20,,Rear End,2,Clear,Dry,Dark-Not Lighted
2023-12-09T19:16:00.000,I 20,Sr 6 and I 20,,Sideswipe-Same Direction,2,Rain,Wet,Dark-Not Lighted
2023-09-01T19:42:00.000,I 20,Sr 6 and I 20,,Rear End,2,Cloudy,Dry,Dusk
2023-03-02T06:50:00.000,I 20,Sr 6 and I 20,,Angle Crash,2,Cloudy,Wet,Dark-Not Lighted
2023-10-20T19:55:00.000,I 20,Sr 6 and I 20,,Angle Crash,2,Clear,Dry,Dark-Not Lighted
2023-08-12T03:35:00.000,I 20,Sr 6 and I 20,,Not a Collision with Motor Vehicle,1,Clear,Dry,Dark-Not Lighted
2023-03-21T06:45:00.000,I 20,Sr 6 and I 20,,Rear End,2,Clear,Dry,Dark-Lighted
2023-02-06T08:40:00.000,I 20,Sr 6 and I 20,,Sideswipe-Same Direction,2,Clear,Dry,Daylight
2023-09-19T10:52:00.000,I 20,Sr 6 and I 20,,Not a Collision with Motor Vehicle,1,Clear,Dry,Daylight
2023-06-02T16:48:00.000,I 20,Sr 6 and I 20,,Rear End,2,Clear,Dry,Daylight
2023-08-12T03:37:00.000,I 20,Sr 6 and I 20,,Sideswipe-Same Direction,2,Clear,Dry,Dark-Not Lighted
2023-03-22T17:39:00.000,I 20,Sr 6 and I 20,,Rear End,2,Cloudy,Dry,Daylight
2020-09-21T00:20:00.000,I 20,Sr 6 and I 20,,Sideswipe-Same Direction,2,Clear,Dry,Dark-Not Lighted
2020-10-12T21:43:00.000,I 20,Sr 6 and I 20,,Sideswipe-Same Direction,2,Clear,Dry,Dark-Not Lighted
2020-10-03T19:20:00.000,I 20,Sr 6 and I 20,,Not a Collision with Motor Vehicle,1,Clear,Dry,Dusk
2020-11-10T06:28:00.000,I 20,Sr 6 and I 20,,Angle Crash,2,Clear,Dry,Dark-Not Lighted
2020-10-20T16:30:00.000,I 20,Sr 6 and I 20,,Angle Crash,2,Clear,Dry,Daylight
2020-01-09T18:35:00.000,I 20,Sr 6 and I 20,,Rear End,2,Clear,Dry,Dark-Lighted
2020-10-23T08:42:00.000,I 20,Sr 6 and I 20,,Rear End,3,Clear,Wet,Daylight
2020-09-04T13:51:00.000,I 20,Sr 6 and I 20,,Sideswipe-Same Direction,2,Clear,Dry,Daylight
2020-10-10T06:49:00.000,I 20,Sr 6 and I 20,,Angle Crash,3,Rain,Wet,Daylight
2020-11-22T10:50:00.000,I 20,Sr 6 and I 20,,Angle Crash,2,Clear,Dry,Daylight
2020-02-14T14:18:00.000,I 20,Sr 6 and I 20,,Rear End,2,Clear,Dry,Daylight
2020-08-18T04:54:00.000,I 20,Sr 6 and I 20,,Angle Crash,2,Clear,Dry,Dark-Not Lighted
2020-09-20T02:31:00.000,I 20,Sr 6 and I 20,,Not a Collision with Motor Vehicle,1,Clear,Dry,Dark-Not Lighted
2020-10-07T17:42:00.000,I 20,Sr 6 and I 20,,Rear End,2,Clear,Dry,Daylight
2020-07-24T13:27:00.000,I 20,Sr 6 and I 20,,Angle Crash,2,Clear,Dry,Daylight
2020-11-03T06:25:00.000,I 20,Sr 6 and I 20,,Angle Crash,3,Clear,Dry,Dark-Not Lighted
2021-04-05T05:55:00.000,I 20,Sr 6 and I 20,,Rear End,2,Clear,Dry,Dark-Lighted
2021-04-21T14:00:00.000,I 20,Sr 6 and I 20,,Rear End,2,Clear,Dry,Daylight
2021-05-12T00:10:00.000,I 20,Sr 6 and I 20,,Sideswipe-Same Direction,2,Clear,Dry,Daylight
2021-07-23T12:45:00.000,I 20,Sr 6 and I 20,,Sideswipe-Same Direction,2,Clear,Dry,Daylight
2021-12-23T17:40:00.000,I 20,Sr 6 and I 20,,Rear End,2,Clear,Dry,Dark-Lighted
2022-11-29T19:00:00.000,I 20,Sr 6 and I 20,,Sideswipe-Same Direction,2,Clear,Dry,Dark-Not Lighted
2021-12-14T08:14:00.000,I 20,Sr 6 and I 20,,Rear End,2,Clear,Dry,Daylight
2021-07-27T17:10:00.000,I 20,Sr 6 and I 20,,Angle Crash,2,Clear,Dry,Daylight
2022-12-06T22:30:00.000,I 20,Sr 6 and I 20,,Rear End,2,Clear,Dry,Dark-Not Lighted
2022-03-24T15:31:00.000,I 20,Sr 6 and I 20,,Sideswipe-Same Direction,2,Clear,Dry,Daylight
2022-11-27T14:42:00.000,I 20,Sr 6 and I 20,,Rear End,2,Clear,Dry,Daylight
2022-07-26T18:07:00.000,I 20,Sr 6 and I 20,,Sideswipe-Same Direction,2,Clear,Dry,Daylight
2022-12-16T16:40:00.000,I 20,Sr 6 and I 20,,Rear End,3,Clear,Dry,Daylight
2022-05-02T12:00:00.000,I 20,Sr 6 and I 20,,Rear End,2,Clear,Dry,Daylight
2022-07-11T07:51:00.000,I 20,Sr 6 and I 20,,Sideswipe-Same Direction,2,Cloudy,Dry,Daylight
2022-02-13T17:29:00.000,I 20,Sr 6 and I 20,,Sideswipe-Same Direction,2,Clear,Dry,Daylight
2022-08-16T17:09:00.000,I 20,Sr 6 and I 20,,Sideswipe-Same Direction,2,Clear,Dry,Daylight
2022-10-11T09:40:00.000,I 20,Sr 6 and I 20,,Rear End,3,Clear,Dry,Daylight
2022-07-22T12:17:00.000,I 20,Sr 6 and I 20,,Rear End,2,Clear,Dry,Daylight
2022-08-18T15:52:00.000,I 20,Sr 6 and I 20,,Rear End,4,Cloudy,Dry,Daylight
2022-12-16T14:30:00.000,I 20,Sr 6 and I 20,,Rear End,2,Cloudy,Dry,Daylight
2022-03-02T07:50:00.000,I 20,Sr 6 and I 20,,Angle Crash,2,Clear,Dry,Daylight
2022-10-18T10:30:00.000,I 20,Sr 6 and I 20,,Not a Collision with Motor Vehicle,1,Clear,Dry,Daylight
2022-03-09T06:29:00.000,I 20,Sr 6 and I 20,,Sideswipe-Same Direction,2,Rain,Wet,Dark-Not Lighted
2022-07-02T18:12:00.000,I 20,Sr 6 and I 20,,Rear End,2,Clear,Dry,Daylight
2022-08-22T10:24:00.000,I 20,Sr 6 and I 20,,Rear End,2,Cloudy,Dry,Daylight
2022-04-13T13:36:00.000,I 20,Sr 6 and I 20,,Sideswipe-Same Direction,2,Clear,Dry,Daylight
2022-10-13T08:26:00.000,I 20,Sr 6 and I 20,,Sideswipe-Same Direction,2,Cloudy,Wet,Daylight
2022-11-27T16:20:00.000,I 20,Sr 6 and I 20,,Angle Crash,2,Clear,Dry,Daylight
2024-03-02T20:45:00.000,I 20,Sr 6 and I 20,,Sideswipe-Same Direction,2,Clear,Dry,Dark-Not Lighted
2024-06-08T03:06:00.000,I 20,Sr 6 and I 20,,Rear End,2,Clear,Dry,Dark-Not Lighted
2024-03-24T18:03:00.000,I 20,Sr 6 and I 20,,Rear End,2,Cloudy,Dry,Daylight
2024-04-24T07:42:00.000,I 20,Sr 6 and I 20,,Sideswipe-Same Direction,2,Cloudy,Dry,Daylight
2024-10-20T02:02:00.000,I 20,Sr 6 and I 20,,Not a Collision with Motor Vehicle,1,Clear,Dry,Dark-Not Lighted
2024-09-25T16:00:00.000,I 20,Sr 6 and I 20,,Rear End,2,Rain,Wet,Daylight
2024-11-16T15:31:00.000,I 20,Sr 6 and I 20,,Rear End,3,Clear,Dry,Daylight
2023-10-13T19:00:00.000,I 20,Sr 6 and I 20,,Not a Collision with Motor Vehicle,1,Rain,Wet,Dark-Not Lighted
2023-06-18T13:11:00.000,I 20,Sr 6 and I 20,,Rear End,2,Cloudy,Dry,Daylight
2023-10-14T12:00:00.000,I 20,Sr 6 and I 20,,Rear End,2,Clear,Dry,Daylight
2023-10-25T19:36:00.000,I 20,Sr 6 and I 20,,Rear End,2,Clear,Dry,Dark-Not Lighted
2023-10-02T07:30:00.000,I 20,Sr 6 and I 20,,Angle Crash,2,Clear,Dry,Daylight
2023-09-19T10:50:00.000,I 20,Sr 6 and I 20,,Angle Crash,2,Clear,Dry,Daylight
2023-02-14T16:00:00.000,I 20,Sr 6 and I 20,,Rear End,2,Clear,Dry,Daylight
2023-01-25T17:00:00.000,I 20,Sr 6 and I 20,,Rear End,2,Clear,Dry,Daylight
2023-10-23T07:30:00.000,I 20,Sr 6 and I 20,,Rear End,2,Clear,Dry,Daylight
2023-10-10T17:30:00.000,I 20,Sr 6 and I 20,,Angle Crash,2,Clear,Dry,Daylight
2023-10-12T07:45:00.000,I 20,Sr 6 and I 20,,Rear End,3,Rain,Wet,Daylight
2024-04-07T18:53:00.000,I 20,Sr 6 and I 20,,Sideswipe-Same Direction,3,Clear,Dry,Daylight
2024-01-08T12:54:00.000,I 20,Sr 6 and I 20,,Angle Crash,2,Clear,Dry,Daylight
2024-10-14T17:28:00.000,I 20,Sr 6 and I 20,,Rear End,2,Clear,Dry,Daylight
2024-10-04T22:02:00.000,I 20,Sr 6 and I 20,,Angle Crash,2,Clear,Dry,Dark-Lighted
2024-04-26T17:54:00.000,I 20,Sr 6 and I 20,,Sideswipe-Same Direction,2,Clear,Dry,Daylight
2024-04-13T06:55:00.000,I 20,Sr 6 and I 20,,Angle Crash,2,Clear,Dry,Dawn
2024-01-31T15:23:00.000,I 20,Sr 6 and I 20,,Rear End,2,Clear,Dry,Daylight
2024-12-24T16:25:00.000,I 20,Sr 6 and I 20,,Angle Crash,2,Clear,Dry,Daylight
2024-03-17T20:31:00.000,I 20,Sr 6 and I 20,,Rear End,2,Cloudy,Dry,Dark-Not Lighted
2024-12-11T14:08:00.000,I 20,Sr 6 and I 20,,Sideswipe-Same Direction,2,Clear,Dry,Daylight
2024-07-15T18:32:00.000,I 20,Sr 6 and I 20,,Rear End,3,Cloudy,Dry,Daylight
2024-08-10T19:29:00.000,I 20,Sr 6 and I 20,,Rear End,2,Clear,Dry,Daylight
2024-03-29T08:44:00.000,I 20,Sr 6 and I 20,,Rear End,2,Clear,Dry,Daylight
2024-02-27T13:35:00.000,I 20,Sr 6 and I 20,,Rear End,2,Cloudy,Dry,Daylight
2024-01-13T11:02:00.000,I 20,Sr 6 and I 20,,Angle Crash,2,Clear,Dry,Daylight
2024-09-20T06:14:00.000,I 20,Sr 6 and I 20,,Sideswipe-Same Direction,2,Clear,Dry,Dawn
2024-07-12T17:14:00.000,I 20,Sr 6 and I 20,,Angle Crash,2,Clear,Dry,Daylight
2024-05-20T08:18:00.000,I 20,Sr 6 and I 20,,Rear End,2,Clear,Dry,Daylight
2024-06-02T17:52:00.000,I 20,Sr 6 and I 20,,Angle Crash,2,Clear,Dry,Daylight
2024-09-27T23:42:00.000,I 20,Sr 6 and I 20,,Sideswipe-Same Direction,2,Clear,Dry,Dark-Not Lighted
2024-11-23T18:15:00.000,I 20,Sr 6 and I 20,,Rear End,2,Clear,Dry,Dark-Not Lighted
2024-12-11T06:20:00.000,I 20,Sr 6 and I 20,,Rear End,2,Cloudy,Wet,Dark-Not Lighted
2024-09-16T17:50:00.000,I 20,Sr 6 and I 20,,Rear End,2,Clear,Dry,Daylight
2024-06-20T18:15:00.000,I 20,Sr 6 and I 20,,Sideswipe-Same Direction,2,Clear,Dry,Daylight
2024-01-25T06:47:00.000,I 20,Sr 6 and I 20,,Not a Collision with Motor Vehicle,2,Rain,Wet,Dark-Not Lighted
2024-03-19T09:08:00.000,I 20,Sr 6 and I 20,,Sideswipe-Same Direction,2,Clear,Dry,Daylight
2024-02-19T17:53:00.000,I 20,Sr 6 and I 20,,Rear End,2,Clear,Dry,Daylight
2024-02-27T17:20:00.000,I 20,Sr 6 and I 20,,Sideswipe-Same Direction,2,Cloudy,Dry,Daylight
2024-09-23T07:48:00.000,I 20,Sr 6 and I 20,,Rear End,2,Clear,Dry,Daylight
2024-07-28T09:31:00.000,I 20,Sr 6 and I 20,,Not a Collision with Motor Vehicle,1,Cloudy,Dry,Daylight
2024-02-26T17:23:00.000,I 20,Sr 6 and I 20,,Sideswipe-Same Direction,2,Clear,Dry,Daylight
2024-08-21T15:19:00.000,I 20,Sr 6 and I 20,,Rear End,2,Clear,Dry,Daylight
2024-08-15T17:38:00.000,I 20,Sr 6 and I 20,,Angle Crash,2,Clear,Dry,Daylight
2021-01-12T11:01:00.000,I 285,Sr 54 and I 285,,Rear End,3,Cloudy,Wet,Daylight
2021-04-22T07:34:00.000,I 285,Sr 54 and I 285,,Angle Crash,3,Clear,Dry,Daylight
2023-06-30T16:50:00.000,I 285,Sr 54 and I 285,,Sideswipe-Same Direction,2,Cloudy,Wet,Daylight
2020-10-12T11:11:00.000,I 285,Sr 54 and I 285,,Angle Crash,2,Cloudy,Dry,Daylight
2021-04-27T10:56:00.000,I 285,Sr 54 and I 285,,Not a Collision with Motor Vehicle,2,Clear,Dry,Daylight
2021-01-13T08:22:00.000,I 285,Sr 54 and I 285,,Angle Crash,2,Clear,Dry,Daylight
2021-09-17T16:11:00.000,I 285,Sr 54 and I 285,,Rear End,2,Clear,Dry,Daylight
2021-07-15T18:33:00.000,I 285,Sr 54 and I 285,,Rear End,2,Clear,Dry,Daylight
2021-07-08T13:01:00.000,I 285,Sr 54 and I 285,,Angle Crash,2,Clear,Dry,Daylight
2022-05-06T14:36:00.000,I 285,Sr 54 and I 285,,Rear End,2,Clear,Dry,Daylight
2022-05-02T15:02:00.000,I 285,Sr 54 and I 285,,Rear End,2,Clear,Dry,Daylight
2022-04-07T18:13:00.000,I 285,Sr 54 and I 285,,Rear End,2,Clear,Dry,Daylight
2022-08-16T06:15:00.000,I 285,Sr 54 and I 285,,Rear End,2,Rain,Wet,Daylight
2022-04-05T16:50:00.000,I 285,Sr 54 and I 285,,Angle Crash,2,Cloudy,Wet,Daylight
2022-05-02T15:15:00.000,I 285,Sr 54 and I 285,,Rear End,2,Clear,Dry,Daylight
2022-04-07T19:07:00.000,I 285,Sr 54 and I 285,,Angle Crash,2,Clear,Dry,Daylight
2024-02-12T21:30:00.000,I 285,Sr 54 and I 285,,Not a Collision with Motor Vehicle,1,Cloudy,Wet,Dark-Not Lighted
2023-04-13T10:15:00.000,I 285,Sr 54 and I 285,,Sideswipe-Same Direction,2,Rain,Wet,Daylight
2023-03-20T17:30:00.000,I 285,Sr 54 and I 285,,Rear End,2,Clear,Dry,Daylight
2024-06-07T13:36:00.000,I 285,Sr 54 and I 285,,Sideswipe-Same Direction,3,Clear,Dry,Daylight
2024-08-15T09:45:00.000,I 285,Sr 54 and I 285,,Sideswipe-Same Direction,2,Clear,Dry,Daylight
2021-04-27T19:00:00.000,Sr 140,Sr 53 and Sr 140,,Rear End,2,Clear,Dry,Daylight
2021-02-19T07:49:00.000,Sr 140,Sr 53 and Sr 140,,Rear End,2,Cloudy,Dry,Daylight
2021-09-22T17:55:00.000,Sr 140,Sr 53 and Sr 140,,Rear End,2,Cloudy,Dry,Daylight
2023-04-29T04:18:00.000,Sr 140,Sr 53 and Sr 140,,Rear End,2,Clear,Dry,Dark-Not Lighted
2023-06-23T17:13:00.000,Sr 140,Sr 53 and Sr 140,,Rear End,2,Clear,Dry,Daylight
2023-08-01T17:12:00.000,Sr 140,Sr 53 and Sr 140,,Sideswipe-Same Direction,2,Clear,Dry,Dark-Not Lighted
2021-10-31T08:47:00.000,Sr 140,Sr 53 and Sr 140,,Rear End,2,Cloudy,Wet,Daylight
2024-11-26T20:43:00.000,Sr 140,Sr 53 and Sr 140,,Sideswipe-Opposite Direction,3,Clear,Dry,Dark-Not Lighted
2020-07-28T06:19:00.000,Sr 140,Sr 53 and Sr 140,,Rear End,2,Clear,Dry,Dark-Not Lighted
2020-05-13T08:20:00.000,Sr 140,Sr 53 and Sr 140,,Sideswipe-Same Direction,2,Cloudy,Dry,Daylight
2021-02-04T15:15:00.000,Sr 140,Sr 53 and Sr 140,,Angle Crash,2,Clear,Dry,Daylight
2022-03-16T10:10:00.000,Sr 140,Sr 53 and Sr 140,,Angle Crash,3,Rain,Wet,Daylight
2022-01-22T19:39:00.000,Sr 140,Sr 53 and Sr 140,,Not a Collision with Motor Vehicle,1,Clear,Dry,Dark-Not Lighted
2022-11-17T17:03:00.000,Sr 140,Sr 53 and Sr 140,,Sideswipe-Same Direction,2,Clear,Dry,Daylight
2022-06-11T10:48:00.000,Sr 140,Sr 53 and Sr 140,,Sideswipe-Same Direction,2,Clear,Dry,Daylight
2022-02-20T08:55:00.000,Sr 140,Sr 53 and Sr 140,,Rear End,2,Clear,Dry,Daylight
2022-10-10T23:00:00.000,Sr 140,Sr 53 and Sr 140,,Sideswipe-Same Direction,2,Clear,Dry,Dark-Lighted
2024-07-15T05:54:00.000,Sr 140,Sr 53 and Sr 140,,Sideswipe-Opposite Direction,2,Clear,Dry,Dawn
2024-12-06T16:34:00.000,Sr 140,Sr 53 and Sr 140,,Rear End,3,Clear,Dry,Daylight
2023-06-16T14:50:00.000,Sr 140,Sr 53 and Sr 140,,Rear End,2,Clear,Dry,Dark-Not Lighted
2023-12-16T09:55:00.000,Sr 140,Sr 53 and Sr 140,,Rear End,2,Clear,Dry,Daylight
2023-11-14T14:36:00.000,Sr 140,Sr 53 and Sr 140,,Rear End,2,Clear,Dry,Daylight
2023-07-04T21:45:00.000,Sr 140,Sr 53 and Sr 140,,Angle Crash,3,Clear,Dry,Dark-Lighted
2024-12-17T05:41:00.000,Sr 140,Sr 53 and Sr 140,,Rear End,2,Rain,Wet,Dark-Not Lighted
2024-01-30T11:37:00.000,Sr 140,Sr 53 and Sr 140,,Rear End,2,Clear,Dry,Daylight
2024-11-11T21:02:00.000,Sr 140,Sr 53 and Sr 140,,Not a Collision with Motor Vehicle,1,Clear,Dry,Dark-Not Lighted
2024-12-19T17:15:00.000,Sr 140,Sr 53 and Sr 140,,Not a Collision with Motor Vehicle,1,Clear,Dry,Daylight
2024-08-02T06:05:00.000,Sr 140,Sr 53 and Sr 140,,Angle Crash,2,Clear,Dry,Daylight
2024-11-20T10:45:00.000,Sr 140,Sr 53 and Sr 140,,Angle Crash,2,Clear,Dry,Daylight
2024-01-17T05:23:00.000,Sr 140,Sr 53 and Sr 140,,Angle Crash,2,Clear,Dry,Dark-Lighted
2024-10-27T16:20:00.000,Sr 140,Sr 53 and Sr 140,,Rear End,2,Clear,Dry,Daylight
2023-05-25T22:41:00.000,I 20,Sr 5 and I 20,,Not a Collision with Motor Vehicle,1,Clear,Dry,Dark-Not Lighted
2023-04-05T09:10:00.000,I 20,Sr 5 and I 20,,Angle Crash,2,Clear,Dry,Daylight
2023-08-23T15:52:00.000,I 20,Sr 5 and I 20,,Rear End,2,Clear,Dry,Daylight
2023-12-04T14:50:00.000,I 20,Sr 5 and I 20,,Sideswipe-Same Direction,2,Clear,Dry,Daylight
2022-08-22T06:59:00.000,I 20,Sr 5 and I 20,,Not a Collision with Motor Vehicle,1,Cloudy,Dry,Dawn
2021-10-18T00:29:00.000,I 20,Sr 5 and I 20,,Not a Collision with Motor Vehicle,1,Clear,Dry,Dark-Not Lighted
2022-07-25T16:21:00.000,I 20,Sr 5 and I 20,,Rear End,2,Clear,Dry,Daylight
2022-05-05T17:12:00.000,I 20,Sr 5 and I 20,,Not a Collision with Motor Vehicle,1,Cloudy,Dry,Daylight
2022-03-01T13:00:00.000,I 20,Sr 5 and I 20,,Rear End,2,Clear,Dry,Daylight
2022-04-21T12:44:00.000,I 20,Sr 5 and I 20,,Rear End,2,Clear,Dry,Daylight
2022-09-05T12:24:00.000,I 20,Sr 5 and I 20,,Rear End,2,Cloudy,Dry,Daylight
2022-04-29T15:04:00.000,I 20,Sr 5 and I 20,,Rear End,2,Clear,Dry,Daylight
2022-04-26T14:45:00.000,I 20,Sr 5 and I 20,,Sideswipe-Same Direction,2,Rain,Wet,Daylight
2024-07-30T16:50:00.000,I 20,Sr 5 and I 20,,Rear End,2,Clear,Dry,Daylight
2020-05-05T13:47:00.000,I 285,Sr 42 and I 285,,Sideswipe-Same Direction,2,Clear,Dry,Daylight
2020-01-02T11:24:00.000,Sr 140,Sr 400 and Sr 140,,Rear End,2,Rain,Wet,Daylight
2023-04-10T07:15:00.000,Sr 140,Sr 400 and Sr 140,,Rear End,2,Clear,Dry,Daylight
2023-06-06T11:13:00.000,Sr 140,Sr 400 and Sr 140,,Rear End,2,Clear,Dry,Daylight
2022-02-23T06:09:00.000,Sr 140,Sr 400 and Sr 140,,Head On,2,Cloudy,Dry,Dark-Lighted
2020-01-19T14:47:00.000,Sr 140,Sr 400 and Sr 140,,Sideswipe-Same Direction,2,Clear,Dry,Daylight
2020-02-08T10:08:00.000,Sr 140,Sr 400 and Sr 140,,Rear End,2,Snow,Ice/Frost,Daylight
2020-02-11T20:10:00.000,Sr 140,Sr 400 and Sr 140,,Sideswipe-Same Direction,2,Rain,Wet,Dark-Lighted
2020-02-08T10:32:00.000,Sr 140,Sr 400 and Sr 140,,Rear End,2,Snow,Ice/Frost,Daylight
2020-11-15T21:34:00.000,Sr 140,Sr 400 and Sr 140,,Angle Crash,2,Clear,Dry,Dark-Lighted
2020-10-17T08:18:00.000,Sr 140,Sr 400 and Sr 140,,Angle Crash,2,Cloudy,Dry,Daylight
2020-03-01T12:00:00.000,Sr 140,Sr 400 and Sr 140,,Rear End,2,Clear,Dry,Daylight
2020-02-11T13:33:00.000,Sr 140,Sr 400 and Sr 140,,Rear End,2,Cloudy,Dry,Daylight
2020-02-07T09:10:00.000,Sr 140,Sr 400 and Sr 140,,Angle Crash,2,Cloudy,Wet,Daylight
2020-02-10T14:58:00.000,Sr 140,Sr 400 and Sr 140,,Rear End,2,Rain,Wet,Daylight
2020-02-07T07:03:00.000,Sr 140,Sr 400 and Sr 140,,Angle Crash,2,Cloudy,Dry,Daylight
2020-02-03T07:05:00.000,Sr 140,Sr 400 and Sr 140,,Angle Crash,2,Clear,Dry,Daylight
2020-02-15T07:40:00.000,Sr 140,Sr 400 and Sr 140,,Rear End,3,Clear,Dry,Daylight
2021-10-30T07:52:00.000,Sr 140,Sr 400 and Sr 140,,Head On,2,Cloudy,Dry,Dawn
2022-09-21T06:36:00.000,Sr 140,Sr 400 and Sr 140,,Angle Crash,2,Clear,Dry,Dark-Lighted
2022-09-21T12:49:00.000,Sr 140,Sr 400 and Sr 140,,Rear End,2,Clear,Dry,Daylight
2022-05-18T09:54:00.000,Sr 140,Sr 400 and Sr 140,,Rear End,2,Clear,Dry,Daylight
2022-01-22T12:59:00.000,Sr 140,Sr 400 and Sr 140,,Rear End,2,Clear,Dry,Daylight
2023-08-09T08:25:00.000,Sr 140,Sr 400 and Sr 140,,Angle Crash,2,Cloudy,Dry,Daylight
2024-11-22T13:00:00.000,Sr 140,Sr 400 and Sr 140,,Rear End,2,Clear,Dry,Daylight
2024-05-24T16:07:00.000,Sr 140,Sr 400 and Sr 140,,Rear End,2,Rain,Wet,Daylight
2020-05-07T12:18:00.000,Sr 120,Sr 400 and Sr 120,,Rear End,3,Clear,Dry,Daylight
2021-07-13T03:52:00.000,I 16,Sr 4 and I 16,,Rear End,2,Clear,Dry,Dark-Not Lighted
2021-11-11T20:34:00.000,I 16,Sr 4 and I 16,,Rear End,2,Clear,Dry,Dark-Not Lighted