Date and Time,Roadway (From Crash Report),Intersection Name (from Crash Report),KABCO Severity,Manner of Collision (Crash Level) ,# of Vehicles per crash ,Weather Conditions (Crash Level),Surface Condition (Crash Level) ,Light Conditions (Crash Level)
2021-12-30T20:05:00.000,I 16,Sr 4 and I 16,,Not a Collision with Motor Vehicle,1,Rain,Wet,Dark-Not Lighted
2023-11-08T13:53:00.000,I 16,Sr 4 and I 16,,Rear End,2,Clear,Dry,Daylight
2023-04-14T16:30:00.000,I 16,Sr 4 and I 16,,Rear End,3,Clear,Dry,Daylight
2023-10-27T14:53:00.000,I 16,Sr 4 and I 16,,Rear End,2,Clear,Dry,Daylight
2020-03-21T10:00:00.000,I 16,Sr 4 and I 16,,Not a Collision with Motor Vehicle,1,Clear,Dry,Daylight
2020-01-16T02:57:00.000,I 16,Sr 4 and I 16,,Rear End,2,Cloudy,Dry,Dark-Lighted
2020-09-13T15:01:00.000,I 16,Sr 4 and I 16,,Not a Collision with Motor Vehicle,1,Rain,Wet,Daylight
2020-08-14T04:37:00.000,I 16,Sr 4 and I 16,,Rear End,2,Clear,Dry,Dark-Not Lighted
2021-01-19T13:38:00.000,I 16,Sr 4 and I 16,,Not a Collision with Motor Vehicle,1,Clear,Dry,Daylight
2022-03-19T21:00:00.000,I 16,Sr 4 and I 16,,Not a Collision with Motor Vehicle,1,Clear,Dry,Daylight
2024-12-01T10:10:00.000,I 16,Sr 4 and I 16,,Sideswipe-Same Direction,2,Clear,Dry,Daylight
2024-06-23T14:18:00.000,I 16,Sr 4 and I 16,,Not a Collision with Motor Vehicle,1,Rain,Wet,Daylight
2023-07-27T13:03:00.000,I 16,Sr 4 and I 16,,Angle Crash,1,(None),(None),(None)
2023-04-23T23:05:00.000,I 16,Sr 4 and I 16,,Angle Crash,2,Clear,Dry,Dark-Not Lighted
2023-10-22T16:04:00.000,I 16,Sr 4 and I 16,,Not a Collision with Motor Vehicle,1,Clear,Dry,Daylight
2024-10-11T07:09:00.000,I 16,Sr 4 and I 16,,Sideswipe-Same Direction,1,Clear,Dry,Daylight
2023-01-05T07:05:00.000,Sr 120,Sr 381 and Sr 120,,Rear End,2,Clear,Dry,Dawn
2022-12-17T02:00:00.000,Sr 120,Sr 360 and Sr 120,,Angle Crash,2,Clear,Dry,Dark-Lighted
2020-03-19T13:10:00.000,Sr 120,Sr 360 and Sr 120,,Rear End,2,Clear,Dry,Daylight
2020-08-17T08:30:00.000,Sr 120,Sr 360 and Sr 120,,Rear End,2,Clear,Dry,Daylight
2020-12-09T17:10:00.000,Sr 120,Sr 360 and Sr 120,,Rear End,2,Clear,Dry,Daylight
2020-11-20T21:23:00.000,Sr 120,Sr 360 and Sr 120,,Angle Crash,2,Clear,Dry,Dark-Not Lighted
2022-06-03T14:00:00.000,Sr 120,Sr 360 and Sr 120,,Rear End,2,Clear,Dry,Daylight
2022-08-16T16:30:00.000,Sr 120,Sr 360 and Sr 120,,Rear End,2,Clear,Dry,Daylight
2023-09-13T13:05:00.000,Sr 120,Sr 360 and Sr 120,,Sideswipe-Same Direction,2,Cloudy,Dry,Daylight
2023-04-19T01:00:00.000,Sr 120,Sr 360 and Sr 120,,Angle Crash,2,Clear,Dry,Dark-Lighted
2021-06-13T08:30:00.000,Sr 120,Sr 317 and Sr 120,,Angle Crash,2,Clear,Dry,Daylight
2021-11-19T20:50:00.000,Sr 120,Sr 317 and Sr 120,,Angle Crash,2,Clear,Dry,Dark-Lighted
2021-02-21T16:41:00.000,Sr 120,Sr 317 and Sr 120,,Rear End,2,Clear,Dry,Daylight
2020-12-30T14:48:00.000,Sr 120,Sr 317 and Sr 120,,Rear End,2,Cloudy,Dry,Daylight
2023-04-06T22:19:00.000,Sr 120,Sr 317 and Sr 120,,Rear End,2,Clear,Dry,Dark-Lighted
2020-12-14T17:45:00.000,Sr 120,Sr 317 and Sr 120,,Rear End,2,Clear,Dry,Dusk
2020-09-22T17:07:00.000,Sr 120,Sr 317 and Sr 120,,Rear End,2,Clear,Dry,Daylight
2021-03-05T19:32:00.000,Sr 120,Sr 317 and Sr 120,,Rear End,2,Clear,Dry,Dark-Not Lighted
2022-04-06T05:39:00.000,Sr 120,Sr 317 and Sr 120,,Rear End,2,Cloudy,Dry,Dark-Lighted
2022-04-02T09:29:00.000,Sr 120,Sr 317 and Sr 120,,Rear End,2,Clear,Dry,Daylight
2021-05-08T17:38:00.000,Sr 120,Sr 316 and Sr 120,,Angle Crash,2,Clear,Dry,Daylight
2021-02-13T11:15:00.000,Sr 120,Sr 316 and Sr 120,,Sideswipe-Same Direction,2,Rain,Wet,Daylight
2021-03-16T11:41:00.000,Sr 120,Sr 316 and Sr 120,,Rear End,2,Cloudy,Wet,Daylight
2021-02-11T20:10:00.000,Sr 120,Sr 316 and Sr 120,,Rear End,2,Rain,Wet,Dark-Lighted
2021-04-26T10:31:00.000,Sr 120,Sr 316 and Sr 120,,Rear End,2,Clear,Dry,Daylight
2021-07-06T15:30:00.000,Sr 120,Sr 316 and Sr 120,,Rear End,3,Cloudy,Dry,Daylight
2021-03-01T14:13:00.000,Sr 120,Sr 316 and Sr 120,,Angle Crash,2,Cloudy,Dry,Daylight
2021-06-05T13:11:00.000,Sr 120,Sr 316 and Sr 120,,Angle Crash,2,Cloudy,Dry,Daylight
2021-06-26T10:03:00.000,Sr 120,Sr 316 and Sr 120,,Angle Crash,2,Clear,Dry,Daylight
2023-07-06T16:54:00.000,Sr 120,Sr 316 and Sr 120,,Angle Crash,2,Cloudy,Dry,Daylight
2020-01-22T19:15:00.000,Sr 120,Sr 316 and Sr 120,,Sideswipe-Same Direction,2,Clear,Dry,Dark-Lighted
2020-10-31T13:20:00.000,Sr 120,Sr 316 and Sr 120,,Sideswipe-Same Direction,2,Clear,Dry,Daylight
2020-08-05T18:15:00.000,Sr 120,Sr 316 and Sr 120,,Angle Crash,2,Clear,Dry,Daylight
2020-05-27T14:35:00.000,Sr 120,Sr 316 and Sr 120,,Angle Crash,2,Rain,Wet,Daylight
2020-01-22T15:15:00.000,Sr 120,Sr 316 and Sr 120,,Rear End,2,Clear,Dry,Daylight
2020-01-28T17:15:00.000,Sr 120,Sr 316 and Sr 120,,Rear End,2,Clear,Dry,Daylight
2020-03-03T11:27:00.000,Sr 120,Sr 316 and Sr 120,,Head On,2,Cloudy,Wet,Daylight
2020-02-01T09:45:00.000,Sr 120,Sr 316 and Sr 120,,Rear End,2,Cloudy,Dry,Daylight
2020-02-08T10:45:00.000,Sr 120,Sr 316 and Sr 120,,Rear End,2,Snow,Snow,Daylight
2020-03-05T17:36:00.000,Sr 120,Sr 316 and Sr 120,,Angle Crash,2,Cloudy,Wet,Dusk
2020-08-14T14:30:00.000,Sr 120,Sr 316 and Sr 120,,Rear End,2,Clear,Dry,Daylight
2020-08-25T19:47:00.000,Sr 120,Sr 316 and Sr 120,,Sideswipe-Same Direction,2,Cloudy,Wet,Dusk
2020-10-17T12:50:00.000,Sr 120,Sr 316 and Sr 120,,Rear End,2,Clear,Dry,Daylight
2020-11-01T12:08:00.000,Sr 120,Sr 316 and Sr 120,,Angle Crash,2,Clear,Dry,Daylight
2020-02-28T15:24:00.000,Sr 120,Sr 316 and Sr 120,,Angle Crash,2,Cloudy,Dry,Daylight
2020-01-29T12:45:00.000,Sr 120,Sr 316 and Sr 120,,Rear End,2,Clear,Dry,Daylight
2020-02-15T11:15:00.000,Sr 120,Sr 316 and Sr 120,,Rear End,2,Clear,Dry,Daylight
2020-06-12T17:43:00.000,Sr 120,Sr 316 and Sr 120,,Rear End,2,Cloudy,Dry,Daylight
2020-06-03T13:38:00.000,Sr 120,Sr 316 and Sr 120,,Angle Crash,3,Clear,Dry,Daylight
2020-05-19T15:26:00.000,Sr 120,Sr 316 and Sr 120,,Rear End,2,Clear,Dry,Daylight
2020-10-04T01:05:00.000,Sr 120,Sr 316 and Sr 120,,Angle Crash,2,Clear,Dry,Dark-Not Lighted
2021-03-09T10:26:00.000,Sr 120,Sr 316 and Sr 120,,Angle Crash,2,Clear,Dry,Daylight
2021-02-11T20:10:00.000,Sr 120,Sr 316 and Sr 120,,Rear End,2,Rain,Wet,Dark-Lighted
2021-05-02T15:15:00.000,Sr 120,Sr 316 and Sr 120,,Angle Crash,2,Clear,Dry,Daylight
2021-03-22T06:11:00.000,Sr 120,Sr 316 and Sr 120,,Angle Crash,2,Clear,Dry,Dark-Lighted
2022-02-02T07:20:00.000,Sr 120,Sr 316 and Sr 120,,Rear End,2,Cloudy,Dry,Daylight
2022-06-14T16:40:00.000,Sr 120,Sr 316 and Sr 120,,Rear End,2,Clear,Dry,Daylight
2022-01-18T14:03:00.000,Sr 120,Sr 316 and Sr 120,,Angle Crash,2,Clear,Dry,Daylight
2023-07-31T12:30:00.000,Sr 120,Sr 316 and Sr 120,,Rear End,2,Clear,Dry,Daylight
2021-03-23T08:34:00.000,Sr 140,Sr 3 and Sr 140,,Sideswipe-Same Direction,2,Cloudy,Dry,Daylight
2021-03-11T15:25:00.000,Sr 140,Sr 3 and Sr 140,,Rear End,2,Clear,Dry,Daylight
2020-06-09T14:38:00.000,Sr 140,Sr 3 and Sr 140,,Rear End,2,Cloudy,Dry,Daylight
2024-02-24T15:45:00.000,Sr 140,Sr 3 and Sr 140,,Rear End,2,Clear,Dry,Daylight
2024-02-07T15:46:00.000,Sr 140,Sr 3 and Sr 140,,Rear End,2,Clear,Dry,Daylight
2024-01-10T18:40:00.000,Sr 140,Sr 3 and Sr 140,,Rear End,2,Clear,Dry,Dark-Lighted
2024-01-26T09:21:00.000,Sr 140,Sr 3 and Sr 140,,Not a Collision with Motor Vehicle,1,Fog,Wet,Dawn
2024-02-23T15:28:00.000,Sr 140,Sr 3 and Sr 140,,Rear End,2,Clear,Dry,Daylight
2024-08-20T14:54:00.000,Sr 140,Sr 3 and Sr 140,,Angle Crash,2,Clear,Dry,Daylight
2021-03-31T12:37:00.000,I 75,Sr 3 and I 75,,Sideswipe-Same Direction,2,Rain,Wet,Daylight
2021-04-22T16:45:00.000,I 75,Sr 3 and I 75,,Rear End,2,Clear,Dry,Daylight
2021-03-17T08:21:00.000,I 75,Sr 3 and I 75,,Angle Crash,2,Rain,Wet,Dawn
2021-01-21T13:30:00.000,I 75,Sr 3 and I 75,,Rear End,2,Cloudy,Wet,Daylight
2021-01-12T13:45:00.000,I 75,Sr 3 and I 75,,Not a Collision with Motor Vehicle,1,Cloudy,Dry,Daylight
2021-07-09T14:30:00.000,I 75,Sr 3 and I 75,,Not a Collision with Motor Vehicle,1,Rain,Wet,Daylight
2021-12-02T14:57:00.000,I 75,Sr 3 and I 75,,Rear End,2,Clear,Dry,Daylight
2021-11-10T11:00:00.000,I 75,Sr 3 and I 75,,Rear End,2,Clear,Dry,Daylight
2021-06-15T22:18:00.000,I 75,Sr 3 and I 75,,Sideswipe-Same Direction,2,Cloudy,Dry,Dark-Not Lighted
2021-02-25T06:15:00.000,I 75,Sr 3 and I 75,,Not a Collision with Motor Vehicle,1,Clear,Dry,Daylight
2021-05-28T18:20:00.000,I 75,Sr 3 and I 75,,Not a Collision with Motor Vehicle,1,Rain,Wet,Daylight
2021-04-24T21:20:00.000,I 75,Sr 3 and I 75,,Rear End,2,Rain,Wet,Dark-Not Lighted
2021-09-20T11:23:00.000,I 75,Sr 3 and I 75,,Not a Collision with Motor Vehicle,1,Rain,Wet,Daylight
2021-07-19T02:05:00.000,I 75,Sr 3 and I 75,,Not a Collision with Motor Vehicle,1,Rain,Wet,Dark-Not Lighted
2021-02-25T06:15:00.000,I 75,Sr 3 and I 75,,Angle Crash,2,Clear,Dry,Daylight
2021-02-03T03:51:00.000,I 75,Sr 3 and I 75,,Sideswipe-Same Direction,2,Clear,Dry,Dark-Not Lighted
2021-01-12T15:24:00.000,I 75,Sr 3 and I 75,,Sideswipe-Same Direction,2,Cloudy,Dry,Daylight
2020-10-18T13:20:00.000,I 75,Sr 3 and I 75,,Angle Crash,2,Clear,Dry,Daylight
2020-06-29T19:30:00.000,I 75,Sr 3 and I 75,,Angle Crash,1,Rain,Wet,Daylight
2020-08-04T06:55:00.000,I 75,Sr 3 and I 75,,Sideswipe-Same Direction,2,Clear,Dry,Dark-Not Lighted
2020-05-22T09:00:00.000,I 75,Sr 3 and I 75,,Rear End,2,Rain,Wet,Daylight
2020-02-29T19:32:00.000,I 75,Sr 3 and I 75,,Rear End,2,Clear,Dry,Dark-Not Lighted
2020-08-18T18:58:00.000,I 75,Sr 3 and I 75,,Not a Collision with Motor Vehicle,1,Clear,Dry,Daylight
2020-07-27T05:50:00.000,I 75,Sr 3 and I 75,,Not a Collision with Motor Vehicle,1,Clear,Dry,Dark-Lighted
2023-08-21T17:05:00.000,I 75,Sr 3 and I 75,,Sideswipe-Same Direction,2,Clear,Dry,Daylight
2023-03-27T14:52:00.000,I 75,Sr 3 and I 75,,Rear End,2,Clear,Dry,Daylight
2023-12-11T16:14:00.000,I 75,Sr 3 and I 75,,Rear End,2,Clear,Dry,Daylight
2023-02-24T22:55:00.000,I 75,Sr 3 and I 75,,Not a Collision with Motor Vehicle,2,Cloudy,Wet,Dark-Not Lighted
2023-01-04T21:40:00.000,I 75,Sr 3 and I 75,,Not a Collision with Motor Vehicle,1,Clear,Dry,Dark-Not Lighted
2023-01-17T12:08:00.000,I 75,Sr 3 and I 75,,Rear End,2,Rain,Wet,Daylight
2023-12-30T14:12:00.000,I 75,Sr 3 and I 75,,Not a Collision with Motor Vehicle,1,Cloudy,Dry,Daylight
2023-09-17T22:30:00.000,I 75,Sr 3 and I 75,,Angle Crash,2,Clear,Dry,Dark-Not Lighted
2023-09-22T09:55:00.000,I 75,Sr 3 and I 75,,Not a Collision with Motor Vehicle,1,Clear,Dry,Daylight
2023-08-28T16:40:00.000,I 75,Sr 3 and I 75,,Not a Collision with Motor Vehicle,1,Rain,Wet,Daylight
2023-06-21T13:40:00.000,I 75,Sr 3 and I 75,,Not a Collision with Motor Vehicle,1,Rain,Wet,Daylight
2023-04-08T21:00:00.000,I 75,Sr 3 and I 75,,Not a Collision with Motor Vehicle,1,Rain,Wet,Dark-Not Lighted
2023-06-23T16:00:00.000,I 75,Sr 3 and I 75,,Sideswipe-Same Direction,3,Cloudy,Dry,Daylight
2023-11-04T14:25:00.000,I 75,Sr 3 and I 75,,Angle Crash,2,Clear,Dry,Daylight
2023-12-11T08:00:00.000,I 75,Sr 3 and I 75,,Sideswipe-Same Direction,2,Clear,Dry,Daylight
2023-08-15T09:25:00.000,I 75,Sr 3 and I 75,,Rear End,2,Cloudy,Dry,Daylight
2023-10-10T21:50:00.000,I 75,Sr 3 and I 75,,Angle Crash,2,Cloudy,Dry,Dark-Not Lighted
2022-03-09T14:00:00.000,I 75,Sr 3 and I 75,,Rear End,2,Clear,Dry,Daylight
2020-09-23T19:20:00.000,I 75,Sr 3 and I 75,,Angle Crash,3,Rain,Wet,Daylight
2023-12-30T14:11:00.000,I 75,Sr 3 and I 75,,Angle Crash,2,Cloudy,Dry,Daylight
2020-06-30T14:25:00.000,I 75,Sr 3 and I 75,,Rear End,2,Rain,Wet,Daylight
2020-06-18T02:53:00.000,I 75,Sr 3 and I 75,,Not a Collision with Motor Vehicle,1,Cloudy,Dry,Dark-Not Lighted
2020-06-21T10:53:00.000,I 75,Sr 3 and I 75,,Sideswipe-Same Direction,2,Cloudy,Dry,Daylight
2020-08-25T15:40:00.000,I 75,Sr 3 and I 75,,Sideswipe-Same Direction,2,Cloudy,Dry,Daylight
2020-02-10T16:03:00.000,I 75,Sr 3 and I 75,,Angle Crash,2,Rain,Wet,Daylight
2020-12-17T19:39:00.000,I 75,Sr 3 and I 75,,Not a Collision with Motor Vehicle,1,Clear,Dry,Dark-Not Lighted
2020-08-19T10:00:00.000,I 75,Sr 3 and I 75,,Rear End,3,Clear,Dry,Daylight
2020-05-31T05:57:00.000,I 75,Sr 3 and I 75,,Sideswipe-Same Direction,2,Clear,Dry,Dawn
2020-10-17T09:18:00.000,I 75,Sr 3 and I 75,,Sideswipe-Same Direction,2,Clear,Dry,Daylight
2020-10-21T06:50:00.000,I 75,Sr 3 and I 75,,Rear End,2,Clear,Dry,Dark-Not Lighted
2020-01-29T10:07:00.000,I 75,Sr 3 and I 75,,Sideswipe-Same Direction,2,Cloudy,Dry,Daylight
2020-06-28T09:20:00.000,I 75,Sr 3 and I 75,,Rear End,2,Clear,Dry,Daylight
2020-01-23T17:15:00.000,I 75,Sr 3 and I 75,,Rear End,2,Cloudy,Wet,Dusk
2020-02-19T06:40:00.000,I 75,Sr 3 and I 75,,Angle Crash,2,Cloudy,Dry,Dark-Not Lighted
2020-08-15T14:43:00.000,I 75,Sr 3 and I 75,,Angle Crash,2,Cloudy,Dry,Daylight
2020-06-18T02:53:00.000,I 75,Sr 3 and I 75,,Not a Collision with Motor Vehicle,1,Cloudy,Dry,Dark-Not Lighted
2020-04-02T22:00:00.000,I 75,Sr 3 and I 75,,Not a Collision with Motor Vehicle,1,Clear,Dry,Dark-Not Lighted
2020-03-03T09:45:00.000,I 75,Sr 3 and I 75,,Sideswipe-Same Direction,2,Rain,Wet,Daylight
2020-04-29T17:10:00.000,I 75,Sr 3 and I 75,,Rear End,2,Rain,Wet,Daylight
2020-12-27T14:49:00.000,I 75,Sr 3 and I 75,,Sideswipe-Same Direction,2,Clear,Dry,Daylight
2020-01-10T08:00:00.000,I 75,Sr 3 and I 75,,Not a Collision with Motor Vehicle,1,Cloudy,Dry,Daylight
2020-06-05T19:21:00.000,I 75,Sr 3 and I 75,,Rear End,2,Clear,Dry,Daylight
2020-08-21T14:07:00.000,I 75,Sr 3 and I 75,,Angle Crash,2,Cloudy,Wet,Daylight
2020-01-23T12:23:00.000,I 75,Sr 3 and I 75,,Not a Collision with Motor Vehicle,1,Rain,Wet,Daylight
2020-01-11T12:02:00.000,I 75,Sr 3 and I 75,,Not a Collision with Motor Vehicle,1,Cloudy,Wet,Daylight
2020-01-11T11:29:00.000,I 75,Sr 3 and I 75,,Not a Collision with Motor Vehicle,1,Rain,Wet,Daylight
2020-12-16T07:09:00.000,I 75,Sr 3 and I 75,,Rear End,2,Rain,Wet,Dark-Not Lighted
2020-10-15T08:35:00.000,I 75,Sr 3 and I 75,,Not a Collision with Motor Vehicle,1,Clear,Dry,Daylight
2020-02-08T12:40:00.000,I 75,Sr 3 and I 75,,Not a Collision with Motor Vehicle,1,Cloudy,Wet,Daylight
2020-11-30T14:15:00.000,I 75,Sr 3 and I 75,,Sideswipe-Same Direction,2,Cloudy,Wet,Daylight
2020-02-15T02:38:00.000,I 75,Sr 3 and I 75,,Not a Collision with Motor Vehicle,1,Clear,Dry,Dark-Not Lighted
2020-12-24T10:15:00.000,I 75,Sr 3 and I 75,,Not a Collision with Motor Vehicle,1,Rain,Wet,Daylight
2020-08-15T13:28:00.000,I 75,Sr 3 and I 75,,Sideswipe-Same Direction,2,Cloudy,Dry,Daylight
2020-11-07T14:02:00.000,I 75,Sr 3 and I 75,,Angle Crash,2,Cloudy,Dry,Daylight
2020-12-14T12:53:00.000,I 75,Sr 3 and I 75,,Not a Collision with Motor Vehicle,1,Cloudy,Dry,Daylight
2020-01-23T17:28:00.000,I 75,Sr 3 and I 75,,Not a Collision with Motor Vehicle,1,Rain,Wet,Dusk
2020-09-01T07:50:00.000,I 75,Sr 3 and I 75,,Not a Collision with Motor Vehicle,1,Cloudy,Wet,Daylight
2020-01-29T08:38:00.000,I 75,Sr 3 and I 75,,Angle Crash,2,Clear,Dry,Daylight
2020-04-20T04:00:00.000,I 75,Sr 3 and I 75,,Head On,1,Rain,Wet,Dark-Not Lighted
2020-07-25T15:07:00.000,I 75,Sr 3 and I 75,,Not a Collision with Motor Vehicle,1,Clear,Dry,Daylight
2020-10-17T12:13:00.000,I 75,Sr 3 and I 75,,Sideswipe-Same Direction,2,Clear,Dry,Daylight
2020-11-08T19:31:00.000,I 75,Sr 3 and I 75,,Sideswipe-Same Direction,2,Cloudy,Dry,Dark-Not Lighted
2020-08-14T17:53:00.000,I 75,Sr 3 and I 75,,Rear End,2,Cloudy,Dry,Daylight
2020-08-15T23:00:00.000,I 75,Sr 3 and I 75,,Angle Crash,2,Cloudy,Wet,Dark-Not Lighted
2020-08-15T23:00:00.000,I 75,Sr 3 and I 75,,Sideswipe-Same Direction,2,Cloudy,Wet,Dark-Not Lighted
2020-08-13T11:39:00.000,I 75,Sr 3 and I 75,,Rear End,2,Clear,Dry,Daylight
2020-01-03T17:01:00.000,I 75,Sr 3 and I 75,,Not a Collision with Motor Vehicle,1,Rain,Wet,Daylight
2020-07-04T01:38:00.000,I 75,Sr 3 and I 75,,Sideswipe-Same Direction,1,Cloudy,Wet,Dark-Not Lighted
2020-07-18T09:15:00.000,I 75,Sr 3 and I 75,,Not a Collision with Motor Vehicle,1,Clear,Dry,Daylight
2020-10-21T13:00:00.000,I 75,Sr 3 and I 75,,Rear End,2,Clear,Dry,Daylight
2020-07-24T17:20:00.000,I 75,Sr 3 and I 75,,Rear End,3,Clear,Dry,Daylight
2020-08-20T11:42:00.000,I 75,Sr 3 and I 75,,Angle Crash,2,Cloudy,Dry,Daylight
2020-08-15T23:00:00.000,I 75,Sr 3 and I 75,,Head On,2,Cloudy,Wet,Dark-Not Lighted
2020-03-11T09:20:00.000,I 75,Sr 3 and I 75,,Not a Collision with Motor Vehicle,1,Cloudy,Wet,Daylight
2020-09-16T23:05:00.000,I 75,Sr 3 and I 75,,Not a Collision with Motor Vehicle,1,Rain,Wet,Dark-Not Lighted
2020-04-07T11:13:00.000,I 75,Sr 3 and I 75,,Not a Collision with Motor Vehicle,1,Clear,Dry,Daylight
2020-04-02T15:45:00.000,I 75,Sr 3 and I 75,,Rear End,2,Clear,Dry,Daylight
2020-09-29T19:41:00.000,I 75,Sr 3 and I 75,,Sideswipe-Same Direction,2,Clear,Dry,Dark-Not Lighted
2020-08-08T17:54:00.000,I 75,Sr 3 and I 75,,Not a Collision with Motor Vehicle,1,Clear,Dry,Daylight
2020-01-06T02:17:00.000,I 75,Sr 3 and I 75,,Not a Collision with Motor Vehicle,2,Clear,Dry,Dark-Not Lighted
2020-03-20T13:19:00.000,I 75,Sr 3 and I 75,,Not a Collision with Motor Vehicle,1,Rain,Wet,Daylight
2020-04-20T04:00:00.000,I 75,Sr 3 and I 75,,Head On,1,Rain,Wet,Dark-Not Lighted
2020-02-11T05:50:00.000,I 75,Sr 3 and I 75,,Not a Collision with Motor Vehicle,1,Rain,Wet,Dark-Not Lighted
2020-08-04T06:54:00.000,I 75,Sr 3 and I 75,,Rear End,2,Clear,Dry,Daylight
2020-02-20T12:39:00.000,I 75,Sr 3 and I 75,,Not a Collision with Motor Vehicle,1,Rain,Wet,Daylight
2020-08-06T17:32:00.000,I 75,Sr 3 and I 75,,Not a Collision with Motor Vehicle,1,Rain,Wet,Daylight
2020-06-18T02:53:00.000,I 75,Sr 3 and I 75,,Not a Collision with Motor Vehicle,1,Cloudy,Dry,Dark-Not Lighted
2020-01-27T08:25:00.000,I 75,Sr 3 and I 75,,Not a Collision with Motor Vehicle,1,Rain,Wet,Daylight
2020-06-18T02:55:00.000,I 75,Sr 3 and I 75,,Not a Collision with Motor Vehicle,1,Cloudy,Dry,Dark-Not Lighted
2020-10-13T17:40:00.000,I 75,Sr 3 and I 75,,Not a Collision with Motor Vehicle,1,Clear,Dry,Daylight
2020-03-04T14:23:00.000,I 75,Sr 3 and I 75,,Not a Collision with Motor Vehicle,1,Cloudy,Dry,Daylight
2020-09-23T21:34:00.000,I 75,Sr 3 and I 75,,Rear End,2,Rain,Wet,Dark-Not Lighted
2020-07-30T14:05:00.000,I 75,Sr 3 and I 75,,Not a Collision with Motor Vehicle,1,Cloudy,Dry,Daylight
2020-05-13T12:25:00.000,I 75,Sr 3 and I 75,,Angle Crash,3,Clear,Dry,Daylight
2020-05-31T01:22:00.000,I 75,Sr 3 and I 75,,Sideswipe-Same Direction,2,Cloudy,Dry,Dark-Not Lighted
2020-05-31T01:20:00.000,I 75,Sr 3 and I 75,,Sideswipe-Same Direction,2,Cloudy,Dry,Dark-Not Lighted
2021-02-11T11:25:00.000,I 75,Sr 3 and I 75,,Angle Crash,3,Rain,Wet,Daylight
2021-06-07T14:08:00.000,I 75,Sr 3 and I 75,,Not a Collision with Motor Vehicle,1,Rain,Wet,Daylight
2021-07-11T10:39:00.000,I 75,Sr 3 and I 75,,Not a Collision with Motor Vehicle,1,Cloudy,Wet,Daylight
2021-08-10T20:20:00.000,I 75,Sr 3 and I 75,,Rear End,2,Rain,Wet,Dusk
2022-09-11T19:39:00.000,I 75,Sr 3 and I 75,,Not a Collision with Motor Vehicle,1,Rain,Water (standing or moving),Dark-Not Lighted
2022-05-17T17:45:00.000,I 75,Sr 3 and I 75,,Rear End,2,Clear,Dry,Daylight
2021-08-31T10:30:00.000,I 75,Sr 3 and I 75,,Not a Collision with Motor Vehicle,1,Rain,Wet,Daylight
2022-01-27T16:30:00.000,I 75,Sr 3 and I 75,,Not a Collision with Motor Vehicle,2,Clear,Dry,Daylight
2022-01-19T06:48:00.000,I 75,Sr 3 and I 75,,Rear End,3,Clear,Dry,Dark-Not Lighted
2022-12-15T08:54:00.000,I 75,Sr 3 and I 75,,Rear End,2,Clear,Dry,Daylight
2022-01-17T06:21:00.000,I 75,Sr 3 and I 75,,Rear End,2,Cloudy,Wet,Dark-Not Lighted
2022-12-02T19:44:00.000,I 75,Sr 3 and I 75,,Rear End,2,Rain,Wet,Dark-Not Lighted
2022-08-10T14:50:00.000,I 75,Sr 3 and I 75,,Sideswipe-Same Direction,2,Clear,Wet,Daylight
2021-07-07T09:41:00.000,I 75,Sr 3 and I 75,,Not a Collision with Motor Vehicle,1,Rain,Wet,Daylight
2021-12-01T19:25:00.000,I 75,Sr 3 and I 75,,Rear End,2,Clear,Dry,Dark-Not Lighted
2022-08-20T14:01:00.000,I 75,Sr 3 and I 75,,Not a Collision with Motor Vehicle,1,Cloudy,Wet,Daylight
2022-04-29T16:15:00.000,I 75,Sr 3 and I 75,,Rear End,2,Clear,Dry,Daylight
2022-08-07T18:53:00.000,I 75,Sr 3 and I 75,,Not a Collision with Motor Vehicle,1,Rain,Wet,Daylight
2022-11-17T14:55:00.000,I 75,Sr 3 and I 75,,Not a Collision with Motor Vehicle,1,Clear,Dry,Daylight
2022-06-21T17:00:00.000,I 75,Sr 3 and I 75,,Rear End,2,Clear,Dry,Daylight
2022-05-23T11:40:00.000,I 75,Sr 3 and I 75,,Not a Collision with Motor Vehicle,1,Rain,Water (standing or moving),Daylight
2022-07-03T16:50:00.000,I 75,Sr 3 and I 75,,Rear End,2,Cloudy,Wet,Daylight
2022-04-04T13:27:00.000,I 75,Sr 3 and I 75,,Sideswipe-Same Direction,2,Clear,Dry,Daylight
2022-08-10T14:24:00.000,I 75,Sr 3 and I 75,,Not a Collision with Motor Vehicle,1,Rain,Wet,Daylight
2022-03-04T09:15:00.000,I 75,Sr 3 and I 75,,Not a Collision with Motor Vehicle,1,Clear,Dry,Daylight
2022-01-31T07:20:00.000,I 75,Sr 3 and I 75,,Sideswipe-Same Direction,2,Clear,Dry,Daylight
2022-08-10T07:55:00.000,I 75,Sr 3 and I 75,,Rear End,2,Rain,Wet,Daylight
2022-08-10T08:25:00.000,I 75,Sr 3 and I 75,,Sideswipe-Same Direction,2,Rain,Wet,Daylight
2022-04-11T07:50:00.000,I 75,Sr 3 and I 75,,Not a Collision with Motor Vehicle,2,Cloudy,Dry,Daylight
2022-08-10T08:00:00.000,I 75,Sr 3 and I 75,,Not a Collision with Motor Vehicle,1,Severe Thunderstorm or Tornadic,Water (standing or moving),Daylight
2022-04-15T01:12:00.000,I 75,Sr 3 and I 75,,Sideswipe-Same Direction,2,Clear,Dry,Dark-Not Lighted
2023-06-22T11:20:00.000,I 75,Sr 3 and I 75,,Rear End,2,Rain,Wet,Daylight
2024-02-21T17:29:00.000,I 75,Sr 3 and I 75,,(None),2,(None),(None),(None)
2024-11-28T04:28:00.000,I 75,Sr 3 and I 75,,Rear End,2,Rain,Wet,Dark-Not Lighted
2024-06-24T15:47:00.000,I 75,Sr 3 and I 75,,Sideswipe-Same Direction,2,Clear,Dry,Daylight
2024-12-15T09:55:00.000,I 75,Sr 3 and I 75,,Not a Collision with Motor Vehicle,1,Rain,Wet,Daylight
2024-11-26T12:08:00.000,I 75,Sr 3 and I 75,,Rear End,2,Cloudy,Dry,Daylight
2024-11-19T18:35:00.000,I 75,Sr 3 and I 75,,Sideswipe-Same Direction,2,Rain,Wet,Dark-Not Lighted
2024-12-30T15:00:00.000,I 75,Sr 3 and I 75,,Sideswipe-Same Direction,3,Clear,Dry,Daylight
2023-10-10T21:46:00.000,I 75,Sr 3 and I 75,,Not a Collision with Motor Vehicle,1,Cloudy,Dry,Dark-Not Lighted