Date and Time,Roadway (From Crash Report),Intersection Name (from Crash Report),KABCO Severity,Manner of Collision (Crash Level) ,# of Vehicles per crash ,Weather Conditions (Crash Level),Surface Condition (Crash Level) ,Light Conditions (Crash Level)
2023-03-18T21:20:00.000,I 75,Sr 3 and I 75,,Head On,3,Clear,Dry,Dark-Not Lighted
2023-01-25T03:50:00.000,I 75,Sr 3 and I 75,,Not a Collision with Motor Vehicle,4,Rain,Wet,Dark-Not Lighted
2023-04-27T11:11:00.000,I 75,Sr 3 and I 75,,Not a Collision with Motor Vehicle,1,Rain,Wet,Daylight
2024-10-04T07:00:00.000,I 75,Sr 3 and I 75,,Not a Collision with Motor Vehicle,1,Clear,Dry,Dark-Not Lighted
2023-04-22T00:40:00.000,I 75,Sr 3 and I 75,,Not a Collision with Motor Vehicle,1,Rain,Wet,Dark-Not Lighted
2023-06-15T14:30:00.000,I 75,Sr 3 and I 75,,Rear End,2,Clear,Dry,Daylight
2023-11-28T12:05:00.000,I 75,Sr 3 and I 75,,Sideswipe-Same Direction,2,Clear,Dry,Daylight
2023-12-09T08:40:00.000,I 75,Sr 3 and I 75,,Sideswipe-Same Direction,2,Rain,Dry,Daylight
2023-04-08T16:20:00.000,I 75,Sr 3 and I 75,,Not a Collision with Motor Vehicle,1,Rain,Wet,Daylight
2023-12-13T12:40:00.000,I 75,Sr 3 and I 75,,(None),2,(None),(None),(None)
2023-10-19T12:55:00.000,I 75,Sr 3 and I 75,,Not a Collision with Motor Vehicle,1,Clear,Dry,Daylight
2023-03-03T15:15:00.000,I 75,Sr 3 and I 75,,Not a Collision with Motor Vehicle,1,Cloudy,Wet,Daylight
2023-05-30T09:45:00.000,I 75,Sr 3 and I 75,,Angle Crash,2,Clear,Dry,Daylight
2023-04-07T10:00:00.000,I 75,Sr 3 and I 75,,Not a Collision with Motor Vehicle,1,Rain,Wet,Daylight
2023-01-25T06:15:00.000,I 75,Sr 3 and I 75,,Angle Crash,3,Rain,Wet,Dark-Not Lighted
2023-11-26T12:57:00.000,I 75,Sr 3 and I 75,,Not a Collision with Motor Vehicle,1,Rain,Wet,Daylight
2023-08-17T12:15:00.000,I 75,Sr 3 and I 75,,Rear End,2,Clear,Dry,Daylight
2023-03-22T06:29:00.000,I 75,Sr 3 and I 75,,Rear End,2,Rain,Wet,Dark-Not Lighted
2023-09-12T14:10:00.000,I 75,Sr 3 and I 75,,Rear End,2,Cloudy,Wet,Daylight
2023-05-09T17:38:00.000,I 75,Sr 3 and I 75,,Rear End,2,Clear,Dry,Daylight
2024-06-23T21:17:00.000,I 75,Sr 3 and I 75,,Not a Collision with Motor Vehicle,1,Clear,Dry,Dusk
2024-10-12T14:07:00.000,I 75,Sr 3 and I 75,,Sideswipe-Same Direction,2,Clear,Dry,Daylight
2024-05-06T15:17:00.000,I 75,Sr 3 and I 75,,Not a Collision with Motor Vehicle,1,Clear,Dry,Daylight
2024-03-20T06:01:00.000,I 75,Sr 3 and I 75,,(None),1,(None),(None),(None)
2024-01-24T18:40:00.000,I 75,Sr 3 and I 75,,Sideswipe-Same Direction,2,Rain,Wet,Dark-Not Lighted
2024-04-04T11:54:00.000,I 75,Sr 3 and I 75,,Rear End,2,Clear,Dry,Daylight
2024-03-09T18:00:00.000,I 75,Sr 3 and I 75,,Sideswipe-Same Direction,2,Clear,Dry,Daylight
2024-12-15T15:10:00.000,I 75,Sr 3 and I 75,,Not a Collision with Motor Vehicle,1,Rain,Wet,Daylight
2024-12-20T21:58:00.000,I 75,Sr 3 and I 75,,Sideswipe-Same Direction,2,Clear,Dry,Dark-Not Lighted
2024-06-16T12:30:00.000,I 75,Sr 3 and I 75,,Sideswipe-Same Direction,2,Clear,Dry,Daylight
2024-03-29T06:00:00.000,I 75,Sr 3 and I 75,,Sideswipe-Same Direction,2,Clear,Dry,Dark-Not Lighted
2024-04-25T06:03:00.000,I 75,Sr 3 and I 75,,Rear End,2,Clear,Dry,Dark-Not Lighted
2024-01-12T10:07:00.000,I 75,Sr 3 and I 75,,Not a Collision with Motor Vehicle,1,Rain,Wet,Daylight
2024-04-05T22:46:00.000,I 75,Sr 3 and I 75,,Rear End,2,Clear,Dry,Dark-Not Lighted
2024-07-07T18:40:00.000,I 75,Sr 3 and I 75,,Sideswipe-Same Direction,2,Clear,Dry,Daylight
2024-10-11T16:21:00.000,I 75,Sr 3 and I 75,,Sideswipe-Same Direction,2,Clear,Dry,Daylight
2024-12-06T16:37:00.000,I 75,Sr 3 and I 75,,Rear End,2,Clear,Dry,Daylight
2024-06-03T15:25:00.000,I 75,Sr 3 and I 75,,Sideswipe-Same Direction,2,Clear,Dry,Daylight
2024-10-01T19:45:00.000,I 75,Sr 3 and I 75,,Not a Collision with Motor Vehicle,1,Clear,Dry,Dark-Not Lighted
2024-07-19T14:30:00.000,I 75,Sr 3 and I 75,,Not a Collision with Motor Vehicle,1,Rain,Wet,Daylight
2024-12-12T08:04:00.000,I 75,Sr 3 and I 75,,Rear End,2,Clear,Dry,Daylight
2024-01-16T22:25:00.000,I 75,Sr 3 and I 75,,Sideswipe-Same Direction,2,Clear,Dry,Dark-Lighted
2024-05-01T07:50:00.000,I 75,Sr 3 and I 75,,Sideswipe-Same Direction,2,Fog,Dry,Daylight
2024-03-01T08:20:00.000,I 75,Sr 3 and I 75,,Not a Collision with Motor Vehicle,1,Rain,Wet,Daylight
2024-04-08T19:50:00.000,I 75,Sr 3 and I 75,,Angle Crash,2,Clear,Dry,Dusk
2024-12-12T07:10:00.000,I 75,Sr 3 and I 75,,Not a Collision with Motor Vehicle,1,Clear,Dry,Dawn
2024-11-19T07:32:00.000,I 75,Sr 3 and I 75,,Not a Collision with Motor Vehicle,1,Rain,Wet,Daylight
2024-03-01T16:25:00.000,I 75,Sr 3 and I 75,,Rear End,2,Cloudy,Wet,Daylight
2024-10-21T13:15:00.000,I 75,Sr 3 and I 75,,Rear End,2,Clear,Dry,Daylight
2024-02-12T15:45:00.000,I 75,Sr 3 and I 75,,Not a Collision with Motor Vehicle,1,Rain,Wet,Daylight
2021-03-13T16:33:00.000,I 285,Sr 3 and I 285,,Rear End,2,Cloudy,Dry,Daylight
2021-06-07T15:30:00.000,I 285,Sr 3 and I 285,,Sideswipe-Same Direction,2,Cloudy,Dry,Daylight
2023-12-14T12:50:00.000,I 285,Sr 3 and I 285,,Angle Crash,2,Clear,Dry,Daylight
2020-09-26T14:40:00.000,I 285,Sr 3 and I 285,,Rear End,2,Cloudy,Dry,Daylight
2020-02-19T16:44:00.000,I 285,Sr 3 and I 285,,Angle Crash,2,Cloudy,Dry,Daylight
2020-12-30T15:30:00.000,I 285,Sr 3 and I 285,,Rear End,2,Cloudy,Dry,Daylight
2020-10-10T14:48:00.000,I 285,Sr 3 and I 285,,Sideswipe-Same Direction,2,Cloudy,Dry,Daylight
2021-05-09T21:00:00.000,I 285,Sr 3 and I 285,,Sideswipe-Same Direction,2,Cloudy,Dry,Dark-Lighted
2021-03-12T21:31:00.000,I 285,Sr 3 and I 285,,Sideswipe-Same Direction,2,Cloudy,Dry,Dark-Lighted
2021-05-22T20:30:00.000,I 285,Sr 3 and I 285,,Rear End,3,Clear,Dry,Dark-Lighted
2020-12-17T20:40:00.000,Sr 140,Sr 29 and Sr 140,,Rear End,2,Clear,Dry,Dark-Lighted
2020-02-24T17:30:00.000,Sr 120,Sr 29 and Sr 120,,Sideswipe-Same Direction,2,Rain,Wet,Daylight
2022-09-20T14:03:00.000,Sr 120,Sr 29 and Sr 120,,Rear End,2,Clear,Dry,Daylight
2021-01-05T11:45:00.000,Sr 120,Sr 278 and Sr 120,,Rear End,2,Clear,Dry,Daylight
2020-01-01T02:40:00.000,Sr 141,Sr 237 and Sr 141,,Sideswipe-Opposite Direction,2,Clear,Dry,Dark-Lighted
2021-05-13T08:39:00.000,Sr 120,Sr 20 and Sr 120,,Rear End,2,Clear,Dry,Daylight
2020-02-20T08:36:00.000,Sr 120,Sr 20 and Sr 120,,Sideswipe-Same Direction,2,Rain,Wet,Daylight
2020-05-25T14:55:00.000,Sr 120,Sr 20 and Sr 120,,Rear End,2,Clear,Dry,Daylight
2020-09-13T16:32:00.000,Sr 120,Sr 20 and Sr 120,,Sideswipe-Same Direction,2,Clear,Dry,Daylight
2021-02-23T08:23:00.000,Sr 120,Sr 20 and Sr 120,,Rear End,2,Clear,Dry,Daylight
2021-07-14T10:10:00.000,Sr 120,Sr 20 and Sr 120,,Rear End,2,Clear,Dry,Daylight
2021-02-09T07:50:00.000,I 75,Sr 2 and I 75,,Rear End,2,Cloudy,Dry,Daylight
2021-01-12T21:00:00.000,I 75,Sr 2 and I 75,,Angle Crash,2,Clear,Dry,Daylight
2021-12-10T17:48:00.000,I 75,Sr 2 and I 75,,Rear End,2,Rain,Wet,Dark-Lighted
2021-03-31T12:05:00.000,I 75,Sr 2 and I 75,,Not a Collision with Motor Vehicle,1,Rain,Wet,Daylight
2020-06-15T12:56:00.000,I 75,Sr 2 and I 75,,Sideswipe-Same Direction,2,Clear,Dry,Daylight
2023-11-17T10:20:00.000,I 75,Sr 2 and I 75,,(None),1,(None),(None),(None)
2023-02-16T12:35:00.000,I 75,Sr 2 and I 75,,Sideswipe-Same Direction,3,Clear,Dry,Daylight
2020-08-29T07:15:00.000,I 75,Sr 2 and I 75,,Not a Collision with Motor Vehicle,1,Cloudy,Wet,Daylight
2020-07-03T21:08:00.000,I 75,Sr 2 and I 75,,Sideswipe-Same Direction,2,Clear,Dry,Dusk
2020-09-01T19:03:00.000,I 75,Sr 2 and I 75,,Sideswipe-Same Direction,2,Rain,Wet,Daylight
2020-01-28T13:17:00.000,I 75,Sr 2 and I 75,,Sideswipe-Same Direction,2,Clear,Dry,Daylight
2020-06-14T12:57:00.000,I 75,Sr 2 and I 75,,Sideswipe-Same Direction,2,Cloudy,Dry,Daylight
2020-07-09T03:25:00.000,I 75,Sr 2 and I 75,,Not a Collision with Motor Vehicle,1,Cloudy,Dry,Dark-Not Lighted
2020-02-19T19:31:00.000,I 75,Sr 2 and I 75,,Rear End,2,Clear,Dry,Dark-Lighted
2020-04-30T15:15:00.000,I 75,Sr 2 and I 75,,Angle Crash,2,Cloudy,Dry,Daylight
2020-04-17T13:25:00.000,I 75,Sr 2 and I 75,,Not a Collision with Motor Vehicle,1,Cloudy,Dry,Daylight
2020-07-03T21:08:00.000,I 75,Sr 2 and I 75,,Sideswipe-Same Direction,2,Clear,Dry,Dusk
2020-08-14T17:59:00.000,I 75,Sr 2 and I 75,,Head On,2,Rain,Wet,Daylight
2020-09-29T15:18:00.000,I 75,Sr 2 and I 75,,Sideswipe-Same Direction,2,Cloudy,Wet,Daylight
2020-07-19T22:45:00.000,I 75,Sr 2 and I 75,,Rear End,2,Clear,Dry,Dark-Lighted
2020-08-30T18:02:00.000,I 75,Sr 2 and I 75,,Rear End,2,Rain,Wet,Daylight
2020-05-29T06:32:00.000,I 75,Sr 2 and I 75,,Not a Collision with Motor Vehicle,1,Cloudy,Dry,Daylight
2020-03-03T07:17:00.000,I 75,Sr 2 and I 75,,Not a Collision with Motor Vehicle,1,Rain,Wet,Dawn
2020-10-03T15:46:00.000,I 75,Sr 2 and I 75,,Not a Collision with Motor Vehicle,1,Clear,Dry,Daylight
2020-08-13T15:27:00.000,I 75,Sr 2 and I 75,,Sideswipe-Same Direction,2,Clear,Dry,Daylight
2020-07-21T23:11:00.000,I 75,Sr 2 and I 75,,Sideswipe-Same Direction,2,Cloudy,Dry,Dark-Not Lighted
2020-03-25T14:47:00.000,I 75,Sr 2 and I 75,,Rear End,2,Cloudy,Dry,Daylight
2020-06-09T20:09:00.000,I 75,Sr 2 and I 75,,Not a Collision with Motor Vehicle,1,Rain,Wet,Daylight
2020-02-24T13:27:00.000,I 75,Sr 2 and I 75,,Not a Collision with Motor Vehicle,1,Rain,Wet,Daylight
2020-01-02T19:56:00.000,I 75,Sr 2 and I 75,,Not a Collision with Motor Vehicle,1,Rain,Wet,Dark-Not Lighted
2020-08-03T08:29:00.000,I 75,Sr 2 and I 75,,Sideswipe-Same Direction,2,Rain,Wet,Daylight
2020-03-24T10:13:00.000,I 75,Sr 2 and I 75,,Not a Collision with Motor Vehicle,1,Rain,Wet,Daylight
2020-06-29T14:30:00.000,I 75,Sr 2 and I 75,,Sideswipe-Same Direction,2,Cloudy,Dry,Daylight
2020-07-03T13:51:00.000,I 75,Sr 2 and I 75,,Sideswipe-Same Direction,2,Clear,Dry,Daylight
2020-10-03T16:34:00.000,I 75,Sr 2 and I 75,,Rear End,3,Clear,Dry,Daylight
2020-12-30T18:28:00.000,I 75,Sr 2 and I 75,,Sideswipe-Same Direction,2,Clear,Dry,Dark-Not Lighted
2021-01-13T14:51:00.000,I 75,Sr 2 and I 75,,Rear End,2,Cloudy,Dry,Daylight
2021-08-04T12:03:00.000,I 75,Sr 2 and I 75,,Sideswipe-Same Direction,2,Cloudy,Dry,Daylight
2022-01-20T16:10:00.000,I 75,Sr 2 and I 75,,Not a Collision with Motor Vehicle,1,Cloudy,Dry,Daylight
2022-12-22T20:35:00.000,I 75,Sr 2 and I 75,,Rear End,2,Rain,Wet,Dark-Not Lighted
2022-05-23T13:15:00.000,I 75,Sr 2 and I 75,,Sideswipe-Same Direction,2,Rain,Wet,Daylight
2022-12-23T16:35:00.000,I 75,Sr 2 and I 75,,Rear End,2,Clear,Dry,Daylight
2022-01-11T16:53:00.000,I 75,Sr 2 and I 75,,Sideswipe-Same Direction,2,Clear,Dry,Daylight
2022-09-30T11:05:00.000,I 75,Sr 2 and I 75,,Sideswipe-Same Direction,2,Clear,Dry,Daylight
2022-11-13T12:04:00.000,I 75,Sr 2 and I 75,,Angle Crash,4,Cloudy,Dry,Daylight
2023-08-10T13:25:00.000,I 75,Sr 2 and I 75,,Rear End,2,Clear,Dry,Daylight
2023-06-25T16:26:00.000,I 75,Sr 2 and I 75,,Angle Crash,1,Rain,Wet,Daylight
2023-10-23T13:10:00.000,I 75,Sr 2 and I 75,,(None),2,(None),(None),(None)
2024-11-12T11:32:00.000,I 75,Sr 2 and I 75,,Sideswipe-Same Direction,1,Clear,Dry,Daylight
2024-11-01T18:00:00.000,I 75,Sr 2 and I 75,,Angle Crash,2,Cloudy,Dry,Daylight
2023-07-09T01:15:00.000,I 285,Sr 2 and I 285,,Sideswipe-Same Direction,2,Cloudy,Dry,Dark-Not Lighted
2020-01-13T09:40:00.000,Sr 141,Sr 155 and Sr 141,,Rear End,2,Cloudy,Wet,Daylight
2021-09-20T19:00:00.000,Sr 141,Sr 141 and Zach Young Pkwy,,Sideswipe-Same Direction,2,Rain,Wet,Daylight
2021-07-22T14:44:00.000,Sr 141,Sr 141 and Woodhill Dr,,Sideswipe-Same Direction,2,Cloudy,Dry,Daylight
2021-09-07T11:25:00.000,Sr 141,Sr 141 and Woodhill Dr,,Angle Crash,2,Cloudy,Wet,Daylight
2022-01-12T19:16:00.000,Sr 141,Sr 141 and Woodhill Dr,,Angle Crash,2,Clear,Dry,Dark-Lighted
2023-09-27T13:54:00.000,Sr 141,Sr 141 and Woodhill Dr,,Rear End,2,Cloudy,Dry,Daylight
2022-06-14T21:20:00.000,Sr 141,Sr 141 and Winters Chapell Rd,,Rear End,2,Clear,Dry,Dark-Lighted
2021-03-24T20:19:00.000,Sr 141,Sr 141 and Winters Chapel Rd Exit,,Not a Collision with Motor Vehicle,1,Clear,Dry,Dark-Lighted
2020-12-01T18:45:00.000,Sr 141,Sr 141 and Winters Chapel Rd,,Angle Crash,2,Clear,Dry,Dark-Lighted
2023-08-24T07:40:00.000,Sr 141,Sr 141 and Winters Chapel Rd,,Rear End,2,Clear,Dry,Dawn
2023-08-24T06:50:00.000,Sr 141,Sr 141 and Winters Chapel Rd,,Rear End,2,Clear,Dry,Dawn
2020-01-08T07:29:00.000,Sr 141,Sr 141 and Winters Chapel Rd,,Angle Crash,2,Clear,Dry,Daylight
2020-02-16T16:22:00.000,Sr 141,Sr 141 and Winters Chapel Rd,,Rear End,2,Rain,Wet,Daylight
2021-01-30T12:09:00.000,Sr 141,Sr 141 and Winters Chapel Rd,,Rear End,2,Cloudy,Dry,Daylight
2021-05-26T17:15:00.000,Sr 141,Sr 141 and Winters Chapel Rd,,Sideswipe-Same Direction,2,Clear,Dry,Daylight
2022-12-14T18:12:00.000,Sr 141,Sr 141 and Winters Chapel Rd,,Angle Crash,2,Rain,Wet,Dark-Lighted
2022-09-19T01:00:00.000,Sr 141,Sr 141 and Winters Chapel Rd,,Angle Crash,2,Cloudy,Dry,Dark-Lighted
2022-03-29T17:05:00.000,Sr 141,Sr 141 and Winter Chapel,,Sideswipe-Same Direction,2,Clear,Dry,Daylight
2020-06-04T17:50:00.000,Sr 141,Sr 141 and Wellington Lake Dr,,Not a Collision with Motor Vehicle,1,Clear,Dry,Daylight
2024-10-02T22:45:00.000,Sr 141,Sr 141 and Wellington Lake Dr,,Head On,1,Clear,Dry,Dark-Not Lighted
2020-01-09T08:11:00.000,Sr 141,Sr 141 and Turman Dr,,Angle Crash,2,Clear,Dry,Daylight
2020-12-06T12:58:00.000,Sr 141,Sr 141 and Town Center Blvd,,Rear End,2,Cloudy,Dry,Daylight
2023-05-27T17:15:00.000,Sr 141,Sr 141 and Town Center Blvd,,Angle Crash,2,Clear,Dry,Daylight
2021-05-10T02:00:00.000,Sr 141,Sr 141 and Tilly Mill Rd,,Angle Crash,1,Rain,Wet,Dark-Not Lighted
2021-05-04T18:05:00.000,Sr 141,Sr 141 and Tilly Mill Rd,,Not a Collision with Motor Vehicle,1,Rain,Wet,Daylight
2020-11-11T22:00:00.000,Sr 141,Sr 141 and Tilly Mill Rd,,Rear End,2,Rain,Wet,Dark-Not Lighted
2020-01-31T08:55:00.000,Sr 141,Sr 141 and Tilly Mill Rd,,Rear End,2,Rain,Wet,Daylight
2022-03-02T22:48:00.000,Sr 141,Sr 141 and Tilly Mill Rd,,Angle Crash,2,Clear,Dry,Dark-Lighted
2022-08-18T13:42:00.000,Sr 141,Sr 141 and Technology Pkwy,,Rear End,2,Clear,Dry,Daylight
2023-08-09T14:11:00.000,Sr 141,Sr 141 and Stoney Point Rd,,Rear End,2,Clear,Dry,Daylight
2021-05-26T15:05:00.000,Sr 140,Sr 141 and Sr 140,,Rear End,2,Clear,Dry,Daylight
2021-08-13T20:58:00.000,Sr 140,Sr 141 and Sr 140,,Angle Crash,2,Clear,Dry,Dark-Lighted
2020-01-07T14:55:00.000,Sr 140,Sr 141 and Sr 140,,Angle Crash,1,Clear,Dry,Daylight
2021-01-31T19:47:00.000,Sr 140,Sr 141 and Sr 140,,Angle Crash,2,Clear,Dry,Dark-Lighted
2024-07-10T17:39:00.000,Sr 140,Sr 141 and Sr 140,,Rear End,2,Clear,Dry,Daylight
2024-04-13T23:24:00.000,Sr 140,Sr 141 and Sr 140,,Angle Crash,3,Clear,Dry,Dark-Lighted
2024-10-11T19:15:00.000,Sr 140,Sr 141 and Sr 140,,Rear End,2,Clear,Dry,Dark-Lighted
2024-02-22T17:00:00.000,Sr 140,Sr 141 and Sr 140,,Sideswipe-Same Direction,2,Clear,Dry,Daylight
2023-12-01T18:37:00.000,Sr 141,Sr 141 and Spring Valley Dr,,Rear End,2,Rain,Wet,Dark-Not Lighted
2021-10-13T17:09:00.000,Sr 141,Sr 141 and Spaulding Rd,,Rear End,2,Clear,Dry,Daylight
2021-10-05T19:40:00.000,Sr 141,Sr 141 and Spalding Dr,,Rear End,2,Cloudy,Dry,Dark-Lighted
2021-09-15T18:20:00.000,Sr 141,Sr 141 and Spalding Dr,,Angle Crash,2,Rain,Wet,Daylight
2022-02-04T02:09:00.000,Sr 141,Sr 141 and Spalding Dr,,Angle Crash,2,Rain,Wet,Dark-Lighted
2022-09-20T14:39:00.000,Sr 141,Sr 141 and Spalding Dr,,Rear End,2,Clear,Dry,Daylight
2020-06-06T19:35:00.000,Sr 141,Sr 141 and Singleton Rd,,Rear End,1,Clear,Dry,Daylight
2020-04-18T22:25:00.000,Sr 141,Sr 141 and Sharon Rd,,Sideswipe-Same Direction,2,Clear,Dry,Dark-Not Lighted
2020-05-23T14:10:00.000,Sr 141,Sr 141 and Sharon Rd,,Rear End,2,Clear,Dry,Daylight
2022-02-08T18:05:00.000,Sr 141,Sr 141 and Scientific Dr,,Rear End,2,Clear,Dry,Dark-Lighted
2022-12-20T04:52:00.000,Sr 141,Sr 141 and S Old Peachtree Rd,,Angle Crash,2,Clear,Dry,Dark-Lighted
2022-05-31T17:38:00.000,Sr 141,Sr 141 and S Old Peachtree Rd,,Angle Crash,2,Clear,Dry,Daylight
2024-10-31T22:36:00.000,Sr 141,Sr 141 and S Old Peachtree Rd,,Sideswipe-Same Direction,2,Clear,Dry,Dark-Lighted
2024-08-30T17:38:00.000,Sr 141,Sr 141 and S Old Peachtree Rd,,Rear End,2,Severe Thunderstorm or Tornadic,Wet,Daylight
2022-09-19T14:47:00.000,Sr 141,Sr 141 and S Old Peachtree,,Angle Crash,2,Clear,Dry,Daylight
2022-03-27T12:20:00.000,Sr 141,Sr 141 and S Clement Rd,,Rear End,2,Clear,Dry,Daylight
2021-08-27T08:09:00.000,Sr 141,Sr 141 and S Berkely Lake Rd,,Rear End,2,Cloudy,Dry,Daylight
2021-01-26T16:20:00.000,Sr 141,Sr 141 and S Berkeley Lake Rd,,Not a Collision with Motor Vehicle,2,Cloudy,Dry,Daylight
2021-11-29T17:12:00.000,Sr 141,Sr 141 and S Berkeley Lake Rd,,Rear End,2,Clear,Dry,Dark-Lighted
2022-11-04T12:49:00.000,Sr 141,Sr 141 and S Berkeley Lake Rd,,Head On,2,Clear,Dry,Daylight
2020-02-11T07:23:00.000,Sr 141,Sr 141 and S Berkeley Lake Rd,,Rear End,2,Rain,Wet,Daylight
2022-11-19T17:01:00.000,Sr 141,Sr 141 and Ronald Reagan Blvd,,Angle Crash,2,Cloudy,Dry,Daylight
2024-10-15T07:35:00.000,Sr 141,Sr 141 and Ronald Reagan Blvd,,Sideswipe-Same Direction,2,Clear,Dry,Dawn
2023-01-31T08:00:00.000,Sr 141,Sr 141 and Riverglen Cir,,Angle Crash,2,Cloudy,Dry,Daylight
2023-02-19T18:00:00.000,Sr 141,Sr 141 and Ridgegate Dr,,Sideswipe-Same Direction,3,Clear,Dry,Daylight
2023-07-19T16:03:00.000,Sr 141,Sr 141 and Pierce Dr,,Angle Crash,2,Clear,Dry,Daylight
2022-09-13T11:03:00.000,Sr 141,Sr 141 and Pierce Dr,,Rear End,2,Clear,Dry,Daylight
2022-09-30T14:50:00.000,Sr 141,Sr 141 and Pierce Dr,,Sideswipe-Same Direction,2,Cloudy,Dry,Daylight
2021-06-09T19:03:00.000,Sr 141,Sr 141 and Pierce Ave,,Rear End,3,Cloudy,Dry,Daylight
2021-07-16T07:57:00.000,Sr 141,Sr 141 and Peachtreee Industrial Ct,,Angle Crash,2,Clear,Dry,Daylight
2021-08-23T09:25:00.000,Sr 141,Sr 141 and Peachtree Rd,,Head On,2,Clear,Dry,Daylight
2021-08-15T16:55:00.000,Sr 141,Sr 141 and Peachtree Rd,,(None),3,(None),(None),(None)
2023-03-22T15:50:00.000,Sr 141,Sr 141 and Peachtree Rd,,Angle Crash,2,Cloudy,Dry,Dawn
2023-07-19T12:34:00.000,Sr 141,Sr 141 and Peachtree Rd,,Angle Crash,2,Clear,Dry,Daylight
2024-02-06T16:55:00.000,Sr 141,Sr 141 and Peachtree Rd,,Angle Crash,3,Clear,Dry,Daylight
2021-08-05T18:35:00.000,Sr 141,Sr 141 and Peachtree Industrial Ct,,Angle Crash,2,Cloudy,Dry,Daylight
2023-09-12T12:46:00.000,Sr 141,Sr 141 and Peachtree Industrial Ct,,(None),2,(None),(None),(None)
2020-02-16T03:55:00.000,Sr 141,Sr 141 and Peachtree Industrial Ct,,Angle Crash,2,Clear,Dry,Dark-Lighted
2021-05-22T08:50:00.000,Sr 141,Sr 141 and Peachtree Industrial Blvd,,Angle Crash,2,Clear,Dry,Daylight
2021-09-20T14:49:00.000,Sr 141,Sr 141 and Peachtree Industrail Ct,,Rear End,2,Rain,Wet,Daylight
2021-03-02T21:01:00.000,Sr 141,Sr 141 and Peachtree Corners Cir Brg,,Rear End,2,Rain,Wet,Dark-Lighted
2021-04-23T16:30:00.000,Sr 141,Sr 141 and Peachtree Corners Cir,,Sideswipe-Same Direction,2,Clear,Dry,Daylight
2023-08-05T13:30:00.000,Sr 141,Sr 141 and Peachtree Corners Cir,,Not a Collision with Motor Vehicle,1,Clear,Dry,Daylight
2020-04-07T15:54:00.000,Sr 141,Sr 141 and Peachtree Corners Cir,,Angle Crash,2,Cloudy,Dry,Daylight
2020-12-18T14:30:00.000,Sr 141,Sr 141 and Peachtree Corners Cir,,Angle Crash,2,Clear,Dry,Daylight
2024-05-01T18:26:00.000,Sr 141,Sr 141 and Peachtree Corners Cir,,Sideswipe-Same Direction,2,Clear,Dry,Daylight
2024-08-18T21:48:00.000,Sr 141,Sr 141 and Peachtree Corners Cir,,Rear End,2,Clear,Dry,Dark-Not Lighted
2020-11-29T20:18:00.000,Sr 141,Sr 141 and Peachtree Coreners Cir,,Head On,1,Rain,Water (standing or moving),Dark-Not Lighted
2023-02-07T13:40:00.000,Sr 141,Sr 141 and Peachtee Corners Cir,,Rear End,2,Cloudy,Dry,Daylight
2020-06-29T17:22:00.000,Sr 141,Sr 141 and Patriot Way,,Rear End,2,Clear,Dry,Daylight
2024-04-15T18:04:00.000,Sr 141,Sr 141 and Parkway N Blvd,,Head On,2,Clear,Dry,Daylight
2020-01-29T18:16:00.000,Sr 141,Sr 141 and Parkway Ln,,Rear End,2,Clear,Dry,Dark-Lighted
2020-07-13T11:59:00.000,Sr 141,Sr 141 and Paddocks Pkwy,,Angle Crash,2,Clear,Dry,Daylight
2020-06-25T01:01:00.000,Sr 141,Sr 141 and Old Alpharetta,,Not a Collision with Motor Vehicle,1,Cloudy,Wet,Dark-Not Lighted
2023-04-27T08:08:00.000,Sr 141,Sr 141 and Northwoods Pkwy,,Rear End,2,Rain,Wet,Daylight
2023-12-14T10:49:00.000,Sr 141,Sr 141 and New High Shoals Rd,,Not a Collision with Motor Vehicle,2,Clear,Dry,Daylight
2021-09-10T12:49:00.000,Sr 141,Sr 141 and N Shallowford Rd,,(None),2,(None),(None),(None)
2022-09-08T12:55:00.000,Sr 141,Sr 141 and N Peachtree Rd,,Rear End,3,Clear,Dry,Daylight
2020-01-31T08:27:00.000,Sr 141,Sr 141 and N Berkley Lake Rd,,Sideswipe-Same Direction,2,Rain,Wet,Daylight
2021-07-02T12:58:00.000,Sr 141,Sr 141 and Medlock Bridge Rd,,Angle Crash,2,Cloudy,Wet,Daylight
2023-11-10T18:59:00.000,Sr 141,Sr 141 and Medlock Bridge Rd,,Head On,1,Clear,Dry,Dark-Not Lighted
2020-06-06T15:30:00.000,Sr 141,Sr 141 and Mcginnis Ferry Rd,,Rear End,2,Clear,Dry,Daylight
2020-02-13T16:00:00.000,Sr 141,Sr 141 and Mcginnis Ferry Rd,,Rear End,2,Cloudy,Dry,Daylight
2020-08-15T16:37:00.000,Sr 141,Sr 141 and Mcginnis Ferry Rd,,Rear End,2,Clear,Dry,Daylight
2020-09-26T16:00:00.000,Sr 141,Sr 141 and Mcgaw Dr,,Sideswipe-Same Direction,2,Cloudy,Dry,Daylight
2023-03-28T17:19:00.000,Sr 141,Sr 141 and Mcgaw Dr,,Sideswipe-Same Direction,2,Clear,Dry,Daylight
2020-03-14T11:05:00.000,Sr 141,Sr 141 and Mathis Airport Pkwy,,Rear End,2,Rain,Wet,Daylight
2023-12-19T15:20:00.000,Sr 141,Sr 141 and Mathis Airport Pkwy,,Sideswipe-Same Direction,2,Clear,Dry,Daylight
2020-03-05T08:00:00.000,Sr 141,Sr 141 and Mason Dr,,Rear End,2,Rain,Wet,Daylight
2022-11-09T07:50:00.000,Sr 141,Sr 141 and Malone Dr,,Rear End,2,Clear,Dry,Daylight
2022-09-09T19:25:00.000,Sr 141,Sr 141 and Malone Dr,,Sideswipe-Same Direction,2,Cloudy,Dry,Dusk
2023-04-03T20:32:00.000,Sr 141,Sr 141 and Majors Rd,,Rear End,2,Cloudy,Dry,Dark-Not Lighted
2023-03-09T10:58:00.000,Sr 141,Sr 141 and Longview Dr,,Rear End,2,Cloudy,Dry,Daylight
2022-12-05T08:36:00.000,Sr 141,Sr 141 and Longview Dr,,Rear End,4,Rain,Wet,Daylight
2020-02-27T17:40:00.000,Sr 141,Sr 141 and Live Oak Pkwy,,Rear End,2,Clear,Dry,Daylight