Date and Time,Roadway (From Crash Report),Intersection Name (from Crash Report),KABCO Severity,Manner of Collision (Crash Level) ,# of Vehicles per crash ,Weather Conditions (Crash Level),Surface Condition (Crash Level) ,Light Conditions (Crash Level)
2020-06-20T18:20:00.000,Sr 141,Sr 141 and Lawrenceille Hwy,,Rear End,2,Clear,Dry,Daylight
2020-09-17T13:34:00.000,Sr 141,Sr 141 and Laurel Springs Pkwy,,Angle Crash,2,Rain,Wet,Daylight
2020-08-02T11:50:00.000,Sr 141,Sr 141 and Karen White Dr,,Angle Crash,2,Clear,Dry,Daylight
2024-05-29T17:28:00.000,Sr 141,Sr 141 and Jones Mill Rd,,Rear End,2,Clear,Dry,Daylight
2021-07-08T17:13:00.000,Sr 141,Sr 141 and John Glenn Dr,,Angle Crash,2,Cloudy,Dry,Daylight
2024-08-17T19:21:00.000,Sr 141,Sr 141 and Jimmy Carter Blvd 140,,Angle,2,Rain,Wet,Daylight
2021-09-21T15:00:00.000,Sr 141,Sr 141 and Jimmy Carter Blvd,,Angle Crash,2,Cloudy,Dry,Daylight
2020-02-06T10:19:00.000,Sr 141,Sr 141 and Jimmy Carter Blvd,,Angle Crash,1,Rain,Wet,Daylight
2020-04-27T08:29:00.000,Sr 141,Sr 141 and Jimmy Carter Blvd,,Angle Crash,2,Clear,Dry,Daylight
2020-08-29T12:03:00.000,Sr 141,Sr 141 and Jimmy Carter Blvd,,Rear End,2,Clear,Dry,Daylight
2022-04-20T18:10:00.000,Sr 141,Sr 141 and Jimmy Carter Blvd,,Sideswipe-Same Direction,2,Clear,Dry,Daylight
2022-11-01T09:52:00.000,Sr 141,Sr 141 and Jimmy Carter Blvd,,Sideswipe-Same Direction,2,Clear,Dry,Daylight
2020-06-02T06:32:00.000,Sr 141,Sr 141 and Jay Bird Aly,,Rear End,2,Clear,Dry,Daylight
2023-02-15T15:18:00.000,Sr 141,Sr 141 and Jay Bird Aly,,Rear End,2,Cloudy,Wet,Daylight
2023-07-24T15:46:00.000,Sr 141,Sr 141 and James Burgess Rd,,Angle Crash,2,Cloudy,Dry,Daylight
2021-09-18T19:45:00.000,Sr 141,Sr 141 and Holcomb Bridge Rd,,Angle Crash,2,Rain,Wet,Dark-Not Lighted
2022-01-07T19:35:00.000,Sr 141,Sr 141 and Holcomb Bridge Rd,,Sideswipe-Opposite Direction,2,Clear,Dry,Dark-Lighted
2020-01-17T12:28:00.000,Sr 141,Sr 141 and Holcomb Bridge Rd,,Rear End,2,Clear,Dry,Daylight
2020-02-06T11:50:00.000,Sr 141,Sr 141 and Holcomb Bridge Rd,,Angle Crash,2,Rain,Wet,Daylight
2020-03-04T10:24:00.000,Sr 141,Sr 141 and Holcomb Bridge Rd,,Angle Crash,2,Rain,Wet,Daylight
2021-08-24T21:23:00.000,Sr 141,Sr 141 and Holcomb Bridge Rd,,Angle Crash,2,Clear,Dry,Dark-Lighted
2022-11-28T18:20:00.000,Sr 141,Sr 141 and Holcomb Bridge Rd,,Rear End,2,Clear,Dry,Dark-Lighted
2022-10-03T17:04:00.000,Sr 141,Sr 141 and Holcomb Bridge Rd,,Rear End,2,Clear,Dry,Daylight
2024-09-01T21:27:00.000,Sr 141,Sr 141 and Holcomb Bridge Rd,,Head On,2,Cloudy,Dry,Dark-Not Lighted
2023-03-06T17:12:00.000,Sr 141,Sr 141 and Holcomb Bridge Rd,,Rear End,2,Clear,Dry,Daylight
2024-04-18T16:30:00.000,Sr 141,Sr 141 and Holcomb Bridge Rd,,Rear End,3,Clear,Dry,Daylight
2024-06-18T16:20:00.000,Sr 141,Sr 141 and Holcomb Bridge Rd,,Sideswipe-Same Direction,3,Clear,Dry,Daylight
2020-02-05T10:25:00.000,Sr 141,Sr 141 and Heritage Dr,,Rear End,2,Cloudy,Wet,Daylight
2023-11-23T16:51:00.000,Sr 141,Sr 141 and Hemrick Rd,,Not a Collision with Motor Vehicle,1,Clear,Dry,Daylight
2020-02-26T17:56:00.000,Sr 141,Sr 141 and Hayes Dr,,Angle Crash,2,Clear,Dry,Daylight
2024-11-08T08:00:00.000,Sr 141,Sr 141 and Grove Point Rd,,Sideswipe-Same Direction,2,Cloudy,Dry,Daylight
2023-12-14T20:35:00.000,Sr 141,Sr 141 and Green Industrial Way,,(None),2,(None),(None),(None)
2021-08-12T22:33:00.000,Sr 141,Sr 141 and Governors Lake Pkwy,,Angle Crash,2,Clear,Dry,Dark-Lighted
2024-10-11T22:04:00.000,Sr 141,Sr 141 and Governor's Lake Dr,,Rear End,2,Clear,Dry,Dark-Lighted
2022-01-02T15:55:00.000,Sr 141,Sr 141 and Forum Dr,,Head On,2,Cloudy,Wet,Daylight
2022-11-09T17:49:00.000,Sr 141,Sr 141 and Engineering Dr,,Rear End,2,Clear,Dry,Dark-Lighted
2020-01-31T12:46:00.000,Sr 141,Sr 141 and E Jones Bridge Rd,,Rear End,2,Cloudy,Wet,Daylight
2021-10-04T18:04:00.000,Sr 141,Sr 141 and E Johns Xing,,Angle Crash,2,Clear,Dry,Daylight
2022-04-11T16:30:00.000,Sr 141,Sr 141 and Dawson Blvd,,Rear End,2,Clear,Dry,Daylight
2023-04-12T09:16:00.000,Sr 141,Sr 141 and Commons Gate Bnd,,Rear End,2,Clear,Dry,Daylight
2020-02-10T08:45:00.000,Sr 141,Sr 141 and Commons Gate Bnd,,Rear End,2,Cloudy,Dry,Daylight
2022-01-02T23:05:00.000,Sr 141,Sr 141 and Clairmont Rd Sr23,,Angle Crash,2,Rain,Wet,Dark-Lighted
2021-01-20T16:58:00.000,Sr 141,Sr 141 and Clairmont Rd,,Angle Crash,2,Cloudy,Dry,Daylight
2021-05-14T16:20:00.000,Sr 141,Sr 141 and Clairmont Dr,,Angle Crash,2,Clear,Dry,Daylight
2023-12-30T20:28:00.000,Sr 141,Sr 141 and Chamblee Tucker Rd,,(None),2,(None),(None),(None)
2021-07-04T15:04:00.000,Sr 141,Sr 141 and Chamblee Dunwoody Rd,,(None),2,(None),(None),(None)
2020-09-08T11:14:00.000,Sr 141,Sr 141 and Chamblee Dunwoody Rd,,Rear End,2,Clear,Dry,Daylight
2021-11-25T01:04:00.000,Sr 141,Sr 141 and Chamblee Dunwoody Rd,,Angle Crash,2,Cloudy,Dry,Dark-Lighted
2020-03-18T14:40:00.000,Sr 141,Sr 141 and Castleberry Rd,,Sideswipe-Same Direction,2,Clear,Dry,Daylight
2021-01-15T06:30:00.000,Sr 141,Sr 141 and Broad St,,Rear End,2,Cloudy,Dry,Daylight
2022-12-10T12:30:00.000,Sr 141,Sr 141 and Broad St,,Head On,2,Cloudy,Dry,Daylight
2023-06-13T16:26:00.000,Sr 141,Sr 141 and Broad St,,Angle Crash,2,Cloudy,Dry,Daylight
2023-01-11T13:15:00.000,Sr 141,Sr 141 and Brannon Rd,,Sideswipe-Same Direction,2,Cloudy,Wet,Daylight
2024-09-20T13:14:00.000,Sr 141,Sr 141 and Bellehampton Dr,,Rear End,2,Clear,Dry,Daylight
2023-04-03T04:08:00.000,Sr 141,Sr 141 and Abbotts Bridge Rd,,Angle Crash,3,Clear,Dry,Dark-Not Lighted
2022-10-14T07:08:00.000,Sr 141,Sr 141 and 1 St Ave,,Angle Crash,2,Clear,Dry,Dawn
2023-09-10T20:26:00.000,Sr 140,Sr 140 and Yellow Jacket Ln,,Not a Collision with Motor Vehicle,1,Clear,Dry,Dark-Not Lighted
2022-11-30T11:05:00.000,Sr 140,Sr 140 and Yellow Jacket Ln,,Rear End,2,Cloudy,Wet,Daylight
2021-02-04T16:12:00.000,Sr 140,Sr 140 and Woodland Rd,,Rear End,2,Cloudy,Dry,Daylight
2021-12-18T10:22:00.000,Sr 140,Sr 140 and White Columns Blvd,,Rear End,2,Cloudy,Wet,Daylight
2022-01-07T19:01:00.000,Sr 140,Sr 140 and White Columns Blvd,,Angle Crash,2,Clear,Dry,Daylight
2022-05-10T13:42:00.000,Sr 140,Sr 140 and White Columns Blvd,,Angle Crash,2,Clear,Dry,Daylight
2022-06-04T12:42:00.000,Sr 140,Sr 140 and White Columns Blvd,,Rear End,2,Clear,Dry,Daylight
2022-06-10T21:40:00.000,Sr 140,Sr 140 and White Columns Blvd,,Rear End,2,Clear,Dry,Dark-Lighted
2022-07-15T09:34:00.000,Sr 140,Sr 140 and White Columns Blvd,,Rear End,2,Clear,Dry,Daylight
2023-10-23T07:00:00.000,Sr 140,Sr 140 and White Columns Blvd,,Rear End,2,Clear,Dry,Dark-Lighted
2023-11-30T18:45:00.000,Sr 140,Sr 140 and Wheaten Dr,,Not a Collision with Motor Vehicle,1,Clear,Dry,Dark-Not Lighted
2023-12-01T12:22:00.000,Sr 140,Sr 140 and Wheaten Dr,,Sideswipe-Same Direction,2,Rain,Wet,Daylight
2022-05-06T16:00:00.000,Sr 140,Sr 140 and Wheaten Dr,,Rear End,2,Clear,Dry,Daylight
2022-01-10T10:06:00.000,Sr 140,Sr 140 and Wheaten Dr,,Rear End,2,Clear,Dry,Daylight
2023-01-19T16:01:00.000,Sr 140,Sr 140 and Wheaten Dr,,Rear End,4,Clear,Dry,Daylight
2022-01-12T18:14:00.000,Sr 140,Sr 140 and Wetherburn Way,,Rear End,2,Clear,Dry,Dark-Lighted
2024-12-01T17:28:00.000,Sr 140,Sr 140 and Wesley Rd,,Angle Crash,2,Clear,Dry,Dawn
2021-08-07T15:53:00.000,Sr 140,Sr 140 and Warsaw Rd,,Rear End,2,Clear,Dry,Daylight
2022-05-27T14:01:00.000,Sr 140,Sr 140 and Warsaw Rd,,Rear End,2,Cloudy,Dry,Daylight
2020-01-08T13:39:00.000,Sr 140,Sr 140 and Warsaw Rd,,Rear End,2,Clear,Dry,Daylight
2020-02-26T12:39:00.000,Sr 140,Sr 140 and Warsaw Rd,,Rear End,3,Cloudy,Dry,Daylight
2020-02-15T13:11:00.000,Sr 140,Sr 140 and Warsaw Rd,,Angle Crash,6,Clear,Dry,Daylight
2020-02-29T17:17:00.000,Sr 140,Sr 140 and Warsaw Rd,,Rear End,2,Clear,Dry,Daylight
2020-01-20T13:12:00.000,Sr 140,Sr 140 and Warsaw Rd,,Rear End,2,Clear,Dry,Daylight
2022-05-23T12:02:00.000,Sr 140,Sr 140 and Warsaw Rd,,Rear End,2,Rain,Wet,Daylight
2022-06-30T08:52:00.000,Sr 140,Sr 140 and Warsaw Rd,,Rear End,2,Cloudy,Dry,Daylight
2022-09-13T14:09:00.000,Sr 140,Sr 140 and Warsaw Rd,,Rear End,3,Clear,Dry,Daylight
2022-11-12T15:00:00.000,Sr 140,Sr 140 and Warsaw Rd,,Rear End,2,Cloudy,Dry,Daylight
2024-11-08T21:56:00.000,Sr 140,Sr 140 and Wandering Way,,Not a Collision with Motor Vehicle,1,Clear,Dry,Dark-Not Lighted
2023-11-17T09:40:00.000,Sr 140,Sr 140 and Walden Crossing Dr,,Sideswipe-Opposite Direction,2,Cloudy,Dry,Daylight
2022-09-20T14:37:00.000,Sr 140,Sr 140 and Walden Crossing Dr,,Sideswipe-Same Direction,2,Clear,Dry,Daylight
2022-03-27T02:00:00.000,Sr 140,Sr 140 and W Oak Grv,,Sideswipe-Same Direction,2,Clear,Dry,Dark-Not Lighted
2021-06-24T07:02:00.000,Sr 140,Sr 140 and W Oak Grove Rd,,Sideswipe-Opposite Direction,2,Clear,Dry,Daylight
2021-12-01T02:08:00.000,Sr 140,Sr 140 and W Oak Grove Rd,,Not a Collision with Motor Vehicle,1,Clear,Dry,Dark-Lighted
2020-04-07T07:15:00.000,Sr 140,Sr 140 and W Oak Grove Rd,,Sideswipe-Opposite Direction,1,Clear,Dry,Daylight
2024-10-28T23:36:00.000,Sr 140,Sr 140 and W Oak Grove Rd,,Not a Collision with Motor Vehicle,1,Clear,Dry,Dark-Not Lighted
2024-10-21T06:45:00.000,Sr 140,Sr 140 and W Oak Grove Rd,,Not a Collision with Motor Vehicle,1,Clear,Dry,Dark-Not Lighted
2023-02-24T15:51:00.000,Sr 140,Sr 140 and Univeter Rd,,Sideswipe-Same Direction,2,Rain,Wet,Daylight
2023-06-06T15:00:00.000,Sr 140,Sr 140 and Univeter Rd,,Rear End,2,Clear,Dry,Daylight
2023-11-19T09:24:00.000,Sr 140,Sr 140 and Univeter Rd,,Rear End,2,Clear,Dry,Daylight
2023-01-17T17:21:00.000,Sr 140,Sr 140 and Univeter Rd,,Rear End,2,Clear,Dry,Daylight
2022-12-23T08:30:00.000,Sr 140,Sr 140 and Univeter Rd,,Rear End,2,Clear,Ice/Frost,Dawn
2022-12-23T09:55:00.000,Sr 140,Sr 140 and Univeter Rd,,Rear End,2,Clear,Dry,Daylight
2022-01-08T14:40:00.000,Sr 140,Sr 140 and Univeter Rd,,Angle Crash,2,Clear,Dry,Daylight
2022-04-07T16:45:00.000,Sr 140,Sr 140 and Univeter Rd,,Rear End,2,Clear,Dry,Daylight
2022-07-05T08:50:00.000,Sr 140,Sr 140 and Univeter Rd,,Rear End,2,Clear,Dry,Daylight
2022-11-21T19:21:00.000,Sr 140,Sr 140 and Univeter Rd,,Angle Crash,2,Clear,Dry,Dark-Not Lighted
2022-02-02T20:00:00.000,Sr 140,Sr 140 and Univeter Rd,,Angle Crash,3,Rain,Wet,Dark-Not Lighted
2022-04-13T17:24:00.000,Sr 140,Sr 140 and Univeter Rd,,Rear End,2,Clear,Dry,Daylight
2021-12-20T17:05:00.000,Sr 140,Sr 140 and Univeter Rd,,Angle Crash,2,Clear,Dry,Daylight
2022-11-28T07:56:00.000,Sr 140,Sr 140 and Univeter Rd,,Rear End,2,Cloudy,Dry,Daylight
2022-07-16T10:20:00.000,Sr 140,Sr 140 and Univeter Rd,,Rear End,2,Clear,Dry,Daylight
2022-06-22T14:40:00.000,Sr 140,Sr 140 and Univeter Rd,,Rear End,2,Clear,Dry,Daylight
2022-10-25T06:00:00.000,Sr 140,Sr 140 and Univeter Rd,,Rear End,2,Clear,Dry,Dark-Lighted
2022-08-29T18:54:00.000,Sr 140,Sr 140 and Univeter Rd,,Rear End,2,Clear,Dry,Daylight
2023-06-24T19:01:00.000,Sr 140,Sr 140 and Univeter Rd,,Rear End,2,Clear,Dry,Daylight
2023-12-21T18:50:00.000,Sr 140,Sr 140 and Univeter Rd,,Rear End,2,Clear,Dry,Dark-Lighted
2023-06-30T14:17:00.000,Sr 140,Sr 140 and Univeter Rd,,Rear End,2,Rain,Wet,Daylight
2023-08-14T13:30:00.000,Sr 140,Sr 140 and Univeter Rd,,Rear End,2,Clear,Dry,Daylight
2023-08-30T18:28:00.000,Sr 140,Sr 140 and Univeter Rd,,Rear End,2,Rain,Wet,Daylight
2023-08-08T13:02:00.000,Sr 140,Sr 140 and Univeter Rd,,Rear End,2,Cloudy,Dry,Daylight
2024-03-23T15:39:00.000,Sr 140,Sr 140 and Univeter Rd,,Sideswipe-Same Direction,2,Clear,Dry,Daylight
2022-11-09T05:35:00.000,Sr 140,Sr 140 and Turner Rd.,,Not a Collision with Motor Vehicle,1,Clear,Dry,Dark-Not Lighted
2020-05-28T15:35:00.000,Sr 140,Sr 140 and Turner Chapel Rd,,Sideswipe-Opposite Direction,2,Clear,Dry,Daylight
2021-06-21T13:33:00.000,Sr 140,Sr 140 and Towe Chapel Rd,,Angle Crash,2,Clear,Dry,Daylight
2023-08-08T14:19:00.000,Sr 140,Sr 140 and Towe Chapel Rd,,Rear End,2,Clear,Dry,Daylight
2022-08-09T07:06:00.000,Sr 140,Sr 140 and Towe Chapel Rd,,Angle Crash,2,Clear,Dry,Daylight
2022-06-19T11:10:00.000,Sr 140,Sr 140 and Towe Chapel Rd,,Not a Collision with Motor Vehicle,2,Clear,Dry,Daylight
2024-12-09T07:23:00.000,Sr 140,Sr 140 and Towe Chapel Rd,,Not a Collision with Motor Vehicle,1,Rain,Wet,Daylight
2023-08-16T08:59:00.000,Sr 140,Sr 140 and Towe Chapel Rd,,Not a Collision with Motor Vehicle,1,Clear,Dry,Daylight
2021-05-01T03:42:00.000,Sr 140,Sr 140 and Thomas Bluff Rd,,Not a Collision with Motor Vehicle,1,Clear,Dry,Dark-Not Lighted
2021-11-01T19:31:00.000,Sr 140,Sr 140 and Thomas Bluff Rd,,Sideswipe-Opposite Direction,2,Clear,Dry,Dark-Not Lighted
2022-12-27T01:09:00.000,Sr 140,Sr 140 and Thomas Bluff Rd,,Not a Collision with Motor Vehicle,1,Snow,Ice/Frost,Dark-Not Lighted
2020-02-19T22:33:00.000,Sr 140,Sr 140 and Terramont Dr,,Angle Crash,2,Clear,Dry,Dark-Lighted
2020-05-14T07:45:00.000,Sr 140,Sr 140 and Summit Trl,,Angle Crash,2,Clear,Dry,Daylight
2023-02-03T09:28:00.000,Sr 140,Sr 140 and Sugar Pike Rd,,Not a Collision with Motor Vehicle,1,Clear,Dry,Daylight
2023-10-28T19:10:00.000,Sr 140,Sr 140 and Sugar Pike Rd,,Rear End,2,Clear,Dry,Dark-Not Lighted
2022-02-17T19:34:00.000,Sr 140,Sr 140 and Sugar Pike Rd,,Rear End,2,Rain,Wet,Dark-Not Lighted
2022-11-02T07:30:00.000,Sr 140,Sr 140 and Sugar Pike Rd,,Rear End,2,Clear,Dry,Daylight
2023-03-18T06:40:00.000,Sr 140,Sr 140 and Stringer Rd,,Angle Crash,2,Clear,Dry,Daylight
2022-12-28T16:04:00.000,Sr 140,Sr 140 and Stringer Rd,,Angle Crash,3,Clear,Dry,Daylight
2022-12-13T15:51:00.000,Sr 140,Sr 140 and Stringer Rd,,Rear End,2,Cloudy,Wet,Daylight
2023-02-24T17:35:00.000,Sr 140,Sr 140 and Stringer Rd,,Angle Crash,2,Rain,Wet,Dark-Lighted
2023-10-25T18:02:00.000,Sr 140,Sr 140 and Stringer Rd,,Angle Crash,2,Clear,Dry,Daylight
2023-01-10T18:35:00.000,Sr 140,Sr 140 and Stringer Rd,,Angle Crash,2,Clear,Dry,Dark-Lighted
2023-09-08T16:35:00.000,Sr 140,Sr 140 and Stella Dr,,Rear End,2,Clear,Dry,Daylight
2023-12-19T18:00:00.000,Sr 140,Sr 140 and Stella Dr,,Rear End,2,Clear,Dry,Dark-Lighted
2022-11-03T19:20:00.000,Sr 140,Sr 140 and Stella Dr,,Rear End,2,Clear,Dry,Dark-Not Lighted
2022-05-29T13:13:00.000,Sr 140,Sr 140 and Stella Dr,,Head On,2,Clear,Dry,Daylight
2021-07-15T15:05:00.000,Sr 140,Sr 140 and Steeplechase Dr,,Head On,2,Cloudy,Dry,Daylight
2021-09-13T10:33:00.000,Sr 140,Sr 140 and Steeple Chase Rd,,Sideswipe-Same Direction,2,Clear,Dry,Daylight
2020-02-06T12:02:00.000,Sr 140,Sr 140 and Steeple Chase Dr,,Not a Collision with Motor Vehicle,1,Rain,Wet,Daylight
2020-01-08T06:51:00.000,Sr 140,Sr 140 and Steeple Chase Dr,,Angle Crash,2,Clear,Dry,Dark-Not Lighted
2020-02-02T18:36:00.000,Sr 140,Sr 140 and Steeple Chase Dr,,Rear End,2,Clear,Dry,Dark-Lighted
2022-03-23T14:52:00.000,Sr 140,Sr 140 and Steeple Chase Dr,,Rear End,2,Clear,Dry,Daylight
2021-05-03T15:46:00.000,Sr 140,Sr 140 and Station Mill Dr,,Not a Collision with Motor Vehicle,1,Rain,Wet,Daylight
2021-04-28T13:40:00.000,Sr 140,Sr 140 and Station Mill Dr,,Rear End,2,Cloudy,Dry,Daylight
2020-07-23T17:30:00.000,Sr 140,Sr 140 and Sr 6033,,Rear End,2,Clear,Dry,Daylight
2021-06-07T18:28:00.000,Sr 141,Sr 140 and Sr 141,,Angle Crash,2,Clear,Dry,Daylight
2021-02-01T19:27:00.000,Sr 141,Sr 140 and Sr 141,,Angle Crash,2,Clear,Dry,Dark-Lighted
2020-01-17T14:19:00.000,Sr 141,Sr 140 and Sr 141,,Not a Collision with Motor Vehicle,1,Clear,Dry,Daylight
2020-11-30T15:00:00.000,Sr 141,Sr 140 and Sr 141,,Sideswipe-Same Direction,2,Rain,Wet,Daylight
2020-03-04T14:28:00.000,Sr 141,Sr 140 and Sr 141,,Angle Crash,2,Rain,Wet,Daylight
2021-06-23T12:48:00.000,Sr 141,Sr 140 and Sr 141,,Sideswipe-Same Direction,2,Clear,Dry,Daylight
2020-12-07T17:20:00.000,Sr 140,Sr 140 and Sr 1282,,Not a Collision with Motor Vehicle,1,Clear,Dry,Dark-Not Lighted
2021-01-16T18:12:00.000,Sr 140,Sr 140 and Sr 1212,,Rear End,2,Cloudy,Dry,Dark-Not Lighted
2021-07-27T15:00:00.000,Sr 140,Sr 140 and Spring Place Rd,,Not a Collision with Motor Vehicle,2,Clear,Dry,Daylight
2020-11-29T00:51:00.000,Sr 140,Sr 140 and Spring Place Rd,,Angle Crash,2,Clear,Dry,Daylight
2020-05-05T19:30:00.000,Sr 140,Sr 140 and Spring Place Rd,,Angle Crash,2,Cloudy,Wet,Daylight
2020-11-30T07:00:00.000,Sr 140,Sr 140 and Spring Place Rd,,Not a Collision with Motor Vehicle,1,Cloudy,Dry,Dawn
2020-10-19T15:58:00.000,Sr 140,Sr 140 and Spring Place Rd,,Angle Crash,2,Clear,Dry,Daylight
2021-10-22T22:20:00.000,Sr 140,Sr 140 and Spring Place Rd,,Angle Crash,2,Clear,Dry,Dark-Not Lighted
2022-09-28T02:47:00.000,Sr 140,Sr 140 and Spring Place Rd,,Not a Collision with Motor Vehicle,1,Cloudy,Dry,Dark-Not Lighted
2022-03-24T06:04:00.000,Sr 140,Sr 140 and Spring Place Rd,,Angle Crash,2,Clear,Dry,Dark-Not Lighted
2022-09-28T02:47:00.000,Sr 140,Sr 140 and Spring Place Rd,,Not a Collision with Motor Vehicle,1,Cloudy,Dry,Dark-Not Lighted
2024-09-17T15:21:00.000,Sr 140,Sr 140 and Spring Place Rd,,Angle Crash,2,Cloudy,Dry,Daylight
2024-12-01T05:55:00.000,Sr 140,Sr 140 and Spring Place Rd,,Not a Collision with Motor Vehicle,1,Clear,Dry,Dark-Not Lighted
2023-11-23T17:03:00.000,Sr 140,Sr 140 and Spring Place Rd,,Angle Crash,2,Clear,Dry,Daylight
2024-08-30T17:20:00.000,Sr 140,Sr 140 and Spring Place Rd,,Angle Crash,2,Cloudy,Wet,Daylight
2024-05-23T17:28:00.000,Sr 140,Sr 140 and Spring Place Rd,,Angle Crash,2,Cloudy,Dry,Daylight
2024-08-27T15:49:00.000,Sr 140,Sr 140 and Spring Place Rd,,Angle Crash,3,Clear,Dry,Daylight
2024-12-10T21:30:00.000,Sr 140,Sr 140 and Spring Place Rd,,Rear End,2,Rain,Wet,Dark-Not Lighted
2021-03-11T20:40:00.000,Sr 140,Sr 140 and Spalding Dr,,Rear End,2,Cloudy,Dry,Dark-Lighted
2021-05-08T14:00:00.000,Sr 140,Sr 140 and Spalding Dr,,Angle Crash,2,Cloudy,Dry,Daylight
2021-10-26T22:40:00.000,Sr 140,Sr 140 and Spalding Dr,,Angle Crash,2,Clear,Dry,Dark-Lighted
2024-10-20T18:02:00.000,Sr 140,Sr 140 and Soho Dr,,Rear End,2,Clear,Dry,Daylight
2023-02-02T05:18:00.000,Sr 140,Sr 140 and Siniard Rd,,Not a Collision with Motor Vehicle,1,Rain,Wet,Dark-Not Lighted
2020-11-08T19:50:00.000,Sr 140,Sr 140 and Siniard Rd,,Not a Collision with Motor Vehicle,1,Cloudy,Dry,Dark-Not Lighted
2022-04-21T05:46:00.000,Sr 140,Sr 140 and Siniard Rd,,Not a Collision with Motor Vehicle,1,Clear,Dry,Dark-Not Lighted
2022-01-26T15:03:00.000,Sr 140,Sr 140 and Siniard Rd,,Rear End,2,Clear,Dry,Daylight
2024-11-17T14:49:00.000,Sr 140,Sr 140 and Siniard Rd,,Rear End,2,Clear,Dry,Daylight
2024-12-28T03:35:00.000,Sr 140,Sr 140 and Siniard Rd,,Not a Collision with Motor Vehicle,1,Clear,Wet,Dark-Not Lighted
2024-04-09T04:13:00.000,Sr 140,Sr 140 and Siniard Rd,,Not a Collision with Motor Vehicle,1,Rain,Wet,Dark-Not Lighted
2024-06-26T18:30:00.000,Sr 140,Sr 140 and Siniard Rd,,Not a Collision with Motor Vehicle,1,Clear,Dry,Daylight
2024-05-27T10:54:00.000,Sr 140,Sr 140 and Siniard Rd,,Rear End,2,Cloudy,Wet,Daylight
2020-01-18T10:46:00.000,Sr 140,Sr 140 and Singleton Rd,,Rear End,2,Clear,Dry,Daylight
2024-07-25T19:06:00.000,Sr 140,Sr 140 and Sinard Rd,,Not a Collision with Motor Vehicle,1,Clear,Dry,Daylight
2021-02-19T17:07:00.000,Sr 140,Sr 140 and Shelby Dr,,Rear End,2,Cloudy,Dry,Daylight
2020-10-26T03:30:00.000,Sr 140,Sr 140 and Shake Rag Rd,,Not a Collision with Motor Vehicle,1,Cloudy,Dry,Dark-Not Lighted
2020-05-21T06:40:00.000,Sr 140,Sr 140 and Shake Rag Rd,,Sideswipe-Opposite Direction,2,Cloudy,Dry,Dawn
2021-05-28T08:36:00.000,Sr 140,Sr 140 and Scott Rd,,Not a Collision with Motor Vehicle,1,Clear,Dry,Daylight
2023-07-18T09:20:00.000,Sr 140,Sr 140 and Scott Rd,,Rear End,2,Clear,Dry,Daylight
2023-08-20T19:01:00.000,Sr 140,Sr 140 and Scott Rd,,Rear End,2,Clear,Dry,Daylight
2023-08-07T16:02:00.000,Sr 140,Sr 140 and Scott Rd,,Rear End,2,Rain,Wet,Dark-Lighted
2023-11-27T07:04:00.000,Sr 140,Sr 140 and Scott Rd,,Not a Collision with Motor Vehicle,1,Clear,Dry,Daylight
2023-01-24T08:07:00.000,Sr 140,Sr 140 and Scott Rd,,Rear End,3,Clear,Dry,Daylight
2023-06-09T17:00:00.000,Sr 140,Sr 140 and Scott Rd,,Rear End,2,Clear,Dry,Daylight
2023-06-16T14:46:00.000,Sr 140,Sr 140 and Scott Rd,,Rear End,2,Clear,Dry,Daylight
2022-07-28T13:27:00.000,Sr 140,Sr 140 and Scott Rd,,Rear End,2,Clear,Dry,Daylight
2022-06-16T13:20:00.000,Sr 140,Sr 140 and Scott Rd,,Rear End,2,Clear,Dry,Daylight
2022-06-11T05:00:00.000,Sr 140,Sr 140 and Scott Rd,,Not a Collision with Motor Vehicle,1,Clear,Dry,Dark-Lighted
2022-12-08T15:33:00.000,Sr 140,Sr 140 and Scott Rd,,Rear End,2,Cloudy,Dry,Daylight
2022-01-11T15:43:00.000,Sr 140,Sr 140 and Scott Rd,,Rear End,2,Clear,Dry,Daylight
2022-03-02T07:45:00.000,Sr 140,Sr 140 and Scott Rd,,Rear End,3,Clear,Dry,Daylight
2022-08-24T16:53:00.000,Sr 140,Sr 140 and Scott Rd,,Rear End,3,Cloudy,Dry,Daylight
2022-04-14T07:57:00.000,Sr 140,Sr 140 and Scott Rd,,Rear End,2,Cloudy,Dry,Daylight
2022-08-26T17:20:00.000,Sr 140,Sr 140 and Scott Rd,,Rear End,3,Clear,Dry,Daylight
2023-12-05T14:38:00.000,Sr 140,Sr 140 and Scott Rd,,Rear End,2,Clear,Dry,Daylight
2023-03-12T20:10:00.000,Sr 140,Sr 140 and Scott Rd,,Angle Crash,2,Rain,Wet,Dark-Lighted
2023-12-14T17:00:00.000,Sr 140,Sr 140 and Scott Rd,,Rear End,3,Clear,Dry,Daylight
2023-01-25T07:20:00.000,Sr 140,Sr 140 and Scott Rd,,Rear End,2,Rain,Wet,Dawn
2024-03-21T22:00:00.000,Sr 140,Sr 140 and Scott Rd,,Rear End,2,Clear,Dry,Dark-Lighted
2023-01-24T19:02:00.000,Sr 140,Sr 140 and Sam Nelson Rd,,Rear End,3,Cloudy,Dry,Dark-Not Lighted
2024-11-22T22:05:00.000,Sr 140,Sr 140 and Salacoa Rd,,Not a Collision with Motor Vehicle,2,Clear,Dry,Dark-Not Lighted
2023-05-15T13:34:00.000,Sr 140,Sr 140 and Saddlehorn Ct,,Rear End,2,Clear,Dry,Daylight
2022-11-11T14:05:00.000,Sr 140,Sr 140 and Saddlehorn Ct,,Rear End,3,Cloudy,Wet,Daylight
2022-12-13T13:17:00.000,Sr 140,Sr 140 and Saddlehorn Ct,,Rear End,2,Clear,Dry,Daylight
2022-10-14T12:20:00.000,Sr 140,Sr 140 and Saddlehorn Ct,,Rear End,2,Clear,Dry,Daylight
2022-05-16T19:47:00.000,Sr 140,Sr 140 and Saddlehorn Ct,,Rear End,2,Clear,Dry,Dusk
2022-01-19T16:26:00.000,Sr 140,Sr 140 and Saddlehorn Ct,,Rear End,2,Clear,Dry,Daylight
2022-09-02T11:10:00.000,Sr 140,Sr 140 and Saddlehorn Ct,,Rear End,3,Clear,Dry,Daylight
2024-01-07T12:23:00.000,Sr 140,Sr 140 and Saddlehorn Ct,,Rear End,2,Clear,Dry,Daylight