Date and Time,Roadway (From Crash Report),Intersection Name (from Crash Report),KABCO Severity,Manner of Collision (Crash Level) ,# of Vehicles per crash ,Weather Conditions (Crash Level),Surface Condition (Crash Level) ,Light Conditions (Crash Level)
2024-01-27T19:04:00.000,Sr 140,Sr 140 and Saddlehorn Ct,,Rear End,2,Rain,Wet,Dark-Lighted
2020-06-11T15:01:00.000,Sr 140,Sr 140 and Saddle Creek Dr,,Rear End,2,Clear,Dry,Daylight
2020-04-01T15:24:00.000,Sr 140,Sr 140 and S Berkley Lake Rd,,Sideswipe-Same Direction,2,Clear,Dry,Daylight
2021-12-23T18:07:00.000,Sr 140,Sr 140 and Russell King Ln,,Angle Crash,2,Clear,Dry,Dark-Lighted
2023-10-28T16:26:00.000,Sr 140,Sr 140 and Russell King Ln,,Rear End,2,Clear,Dry,Daylight
2023-01-10T18:06:00.000,Sr 140,Sr 140 and Russell King Ln,,Sideswipe-Opposite Direction,2,Clear,Dry,Dark-Not Lighted
2023-02-23T14:00:00.000,Sr 140,Sr 140 and Russell King Ln,,Rear End,2,Clear,Dry,Daylight
2023-06-22T22:05:00.000,Sr 140,Sr 140 and Russell King Ln,,Not a Collision with Motor Vehicle,1,Cloudy,Dry,Dark-Not Lighted
2023-11-05T15:46:00.000,Sr 140,Sr 140 and Russell King Ln,,Rear End,2,Clear,Dry,Daylight
2023-08-12T00:40:00.000,Sr 140,Sr 140 and Russell King Ln,,Rear End,2,Cloudy,Dry,Dark-Not Lighted
2023-11-08T14:41:00.000,Sr 140,Sr 140 and Russell King Ln,,Rear End,2,Clear,Dry,Daylight
2023-08-30T12:36:00.000,Sr 140,Sr 140 and Russell King Ln,,Rear End,2,Cloudy,Dry,Daylight
2023-10-22T08:55:00.000,Sr 140,Sr 140 and Russell King Ln,,Angle Crash,2,Clear,Dry,Daylight
2023-03-25T17:58:00.000,Sr 140,Sr 140 and Russell King Ln,,Rear End,2,Cloudy,Dry,Daylight
2023-11-09T21:43:00.000,Sr 140,Sr 140 and Russell King Ln,,Not a Collision with Motor Vehicle,1,Clear,Dry,Dark-Lighted
2022-11-17T15:47:00.000,Sr 140,Sr 140 and Russell King Ln,,Rear End,2,Clear,Dry,Daylight
2022-07-01T16:42:00.000,Sr 140,Sr 140 and Russell King Ln,,Rear End,2,Clear,Dry,Daylight
2022-09-30T14:24:00.000,Sr 140,Sr 140 and Russell King Ln,,Rear End,2,Clear,Dry,Daylight
2022-02-12T08:23:00.000,Sr 140,Sr 140 and Russell King Ln,,Not a Collision with Motor Vehicle,1,Clear,Dry,Daylight
2022-02-10T17:50:00.000,Sr 140,Sr 140 and Russell King Ln,,Rear End,2,Clear,Dry,Dark-Lighted
2022-08-29T14:00:00.000,Sr 140,Sr 140 and Russell King Ln,,Rear End,2,Clear,Dry,Daylight
2022-11-01T17:15:00.000,Sr 140,Sr 140 and Russell King Ln,,Rear End,2,Clear,Dry,Daylight
2023-08-23T07:50:00.000,Sr 140,Sr 140 and Russell King Ln,,Rear End,2,Clear,Dry,Daylight
2023-04-24T16:03:00.000,Sr 140,Sr 140 and Russell King Ln,,Rear End,4,Clear,Dry,Daylight
2023-05-18T17:04:00.000,Sr 140,Sr 140 and Russell King Ln,,Rear End,2,Clear,Dry,Daylight
2023-07-07T15:25:00.000,Sr 140,Sr 140 and Russell King Ln,,Not a Collision with Motor Vehicle,2,Clear,Dry,Daylight
2023-04-11T13:12:00.000,Sr 140,Sr 140 and Russell King Ln,,Angle Crash,2,Clear,Dry,Daylight
2023-08-25T12:13:00.000,Sr 140,Sr 140 and Russell King Ln,,Rear End,2,Clear,Dry,Daylight
2023-03-11T13:47:00.000,Sr 140,Sr 140 and Russell King Ln,,Rear End,2,Cloudy,Dry,Daylight
2024-01-08T20:15:00.000,Sr 140,Sr 140 and Russell King Ln,,Rear End,2,Rain,Wet,Dark-Not Lighted
2024-01-24T16:07:00.000,Sr 140,Sr 140 and Russell King Ln,,Rear End,2,Clear,Dry,Daylight
2024-01-31T15:43:00.000,Sr 140,Sr 140 and Russell King Ln,,Rear End,2,Clear,Dry,Daylight
2024-02-12T00:38:00.000,Sr 140,Sr 140 and Russell King Ln,,Rear End,2,Cloudy,Wet,Dark-Not Lighted
2023-01-18T23:29:00.000,Sr 140,Sr 140 and Rush Chapel Rd. Rd,,Sideswipe-Opposite Direction,2,Clear,Wet,Dark-Not Lighted
2020-06-11T10:00:00.000,Sr 140,Sr 140 and Rush Chapel Rd,,Not a Collision with Motor Vehicle,1,Clear,Dry,Daylight
2020-07-09T09:30:00.000,Sr 140,Sr 140 and Rush Chapel Rd,,Sideswipe-Opposite Direction,2,Clear,Dry,Daylight
2022-06-30T15:56:00.000,Sr 140,Sr 140 and Rush Chapel Rd,,Angle Crash,2,Cloudy,Wet,Daylight
2022-05-16T16:45:00.000,Sr 140,Sr 140 and Rush Chapel Rd,,Rear End,2,Clear,Dry,Daylight
2022-04-18T22:00:00.000,Sr 140,Sr 140 and Rush Chapel Rd,,Not a Collision with Motor Vehicle,1,Clear,Dry,Dark-Not Lighted
2022-10-04T17:03:00.000,Sr 140,Sr 140 and Rush Chapel Rd,,Rear End,2,Clear,Dry,Daylight
2022-02-15T16:36:00.000,Sr 140,Sr 140 and Rush Chapel Rd,,Rear End,2,Clear,Dry,Daylight
2022-07-05T15:47:00.000,Sr 140,Sr 140 and Rush Chapel Rd,,Rear End,2,Clear,Dry,Daylight
2024-11-26T06:06:00.000,Sr 140,Sr 140 and Rush Chapel Rd,,Angle Crash,2,Clear,Dry,Dark-Not Lighted
2023-06-20T12:26:00.000,Sr 140,Sr 140 and Rush Chapel Rd,,Rear End,2,Clear,Wet,Daylight
2024-08-12T05:42:00.000,Sr 140,Sr 140 and Rush Chapel Rd,,Rear End,2,Clear,Dry,Dawn
2024-11-10T19:23:00.000,Sr 140,Sr 140 and Rush Chapel Rd,,Not a Collision with Motor Vehicle,1,Clear,Dry,Dark-Not Lighted
2020-05-24T15:15:00.000,Sr 140,Sr 140 and Rush Chapel,,Rear End,2,Clear,Dry,Daylight
2020-12-05T22:02:00.000,Sr 140,Sr 140 and Rucker Rd,,Rear End,2,Clear,Dry,Dark-Lighted
2020-01-23T13:11:00.000,Sr 140,Sr 140 and Rucker Rd,,Angle Crash,2,Rain,Wet,Daylight
2020-02-10T06:42:00.000,Sr 140,Sr 140 and Rucker Rd,,Rear End,2,Cloudy,Dry,Dawn
2022-07-21T23:04:00.000,Sr 140,Sr 140 and Rucker Rd,,Angle Crash,2,Clear,Dry,Dark-Lighted
2022-05-23T07:07:00.000,Sr 140,Sr 140 and Roswell Rd,,Sideswipe-Same Direction,2,Rain,Wet,Daylight
2022-04-28T17:20:00.000,Sr 140,Sr 140 and Rockbridge Rd,,Angle Crash,2,Cloudy,Dry,Daylight
2020-02-10T14:27:00.000,Sr 140,Sr 140 and Riverwood Ln,,Rear End,2,Rain,Wet,Daylight
2024-08-23T07:51:00.000,Sr 140,Sr 140 and Riverwood Ln,,Sideswipe-Same Direction,2,Clear,Dry,Daylight
2023-08-14T07:45:00.000,Sr 140,Sr 140 and Riverlake Dr,,Rear End,2,Clear,Dry,Daylight
2022-10-09T14:07:00.000,Sr 140,Sr 140 and Riverlake Dr,,Not a Collision with Motor Vehicle,1,Clear,Dry,Daylight
2022-06-23T16:46:00.000,Sr 140,Sr 140 and Riverlake Dr,,Angle Crash,2,Clear,Dry,Daylight
2023-10-08T00:00:00.000,Sr 140,Sr 140 and Riverlake Dr,,Not a Collision with Motor Vehicle,1,Cloudy,Dry,Daylight
2020-10-19T13:34:00.000,Sr 140,Sr 140 and Ridge View Rd,,Sideswipe-Opposite Direction,2,Clear,Dry,Daylight
2023-06-11T15:36:00.000,Sr 140,Sr 140 and Ridge View Dr,,Angle Crash,2,Cloudy,Dry,Daylight
2021-08-13T19:35:00.000,Sr 140,Sr 140 and Ridge View Dr,,Rear End,2,Clear,Dry,Daylight
2021-09-12T00:05:00.000,Sr 140,Sr 140 and Richwood Cir,,Not a Collision with Motor Vehicle,1,Cloudy,Dry,Dark-Not Lighted
2021-12-16T07:47:00.000,Sr 140,Sr 140 and Richards Rd,,Not a Collision with Motor Vehicle,1,Clear,Dry,Daylight
2023-02-04T19:01:00.000,Sr 140,Sr 140 and Richards Rd,,Not a Collision with Motor Vehicle,1,Clear,Dry,Dark-Not Lighted
2021-02-01T21:30:00.000,Sr 140,Sr 140 and Richards Rd,,Angle Crash,2,Clear,Dry,Dark-Not Lighted
2023-01-06T05:16:00.000,Sr 140,Sr 140 and Richards Rd,,Not a Collision with Motor Vehicle,1,Clear,Dry,Dark-Not Lighted
2023-08-27T21:15:00.000,Sr 140,Sr 140 and Richards Rd,,Not a Collision with Motor Vehicle,1,Clear,Dry,Dark-Not Lighted
2022-08-12T11:10:00.000,Sr 140,Sr 140 and Randall Creek Dr,,Rear End,3,Clear,Dry,Daylight
2024-02-15T18:05:00.000,Sr 140,Sr 140 and Randall Creek Dr,,Angle Crash,3,Cloudy,Dry,Daylight
2021-04-30T14:28:00.000,Sr 140,Sr 140 and Prosperity Way,,Not a Collision with Motor Vehicle,1,Clear,Dry,Daylight
2021-03-20T10:56:00.000,Sr 140,Sr 140 and Prosperity Way,,Rear End,2,Clear,Dry,Daylight
2023-05-29T11:33:00.000,Sr 140,Sr 140 and Prosperity Way,,Rear End,2,Clear,Dry,Daylight
2020-04-03T13:05:00.000,Sr 140,Sr 140 and Prosperity Way,,Rear End,2,Clear,Dry,Daylight
2020-05-02T07:25:00.000,Sr 140,Sr 140 and Prosperity Way,,Rear End,2,Clear,Dry,Daylight
2021-07-20T05:25:00.000,Sr 140,Sr 140 and Prosperity Way,,Not a Collision with Motor Vehicle,1,Rain,Wet,Dark-Not Lighted
2022-06-14T06:00:00.000,Sr 140,Sr 140 and Prosperity Way,,Sideswipe-Same Direction,2,Clear,Dry,Dawn
2022-07-13T22:10:00.000,Sr 140,Sr 140 and Prosperity Way,,Rear End,2,Clear,Dry,Daylight
2023-08-09T05:02:00.000,Sr 140,Sr 140 and Prosperity Way,,Angle Crash,2,Clear,Dry,Dark-Not Lighted
2023-02-24T23:00:00.000,Sr 140,Sr 140 and Prosperity Dr,,Rear End,2,Rain,Wet,Dark-Not Lighted
2023-02-22T13:54:00.000,Sr 140,Sr 140 and Private Roadway,,Rear End,2,Clear,Dry,Daylight
2021-06-17T16:41:00.000,Sr 140,Sr 140 and Princeton Blvd,,Sideswipe-Same Direction,2,Clear,Dry,Daylight
2022-06-10T17:48:00.000,Sr 140,Sr 140 and Princeton Blvd,,Angle Crash,3,Cloudy,Dry,Daylight
2023-11-22T19:12:00.000,Sr 140,Sr 140 and Princeton Blvd,,Rear End,2,Clear,Dry,Dark-Lighted
2023-06-22T16:35:00.000,Sr 140,Sr 140 and Princeton Blvd,,Angle Crash,2,Cloudy,Dry,Daylight
2024-06-04T13:28:00.000,Sr 140,Sr 140 and Princeton Blvd,,Rear End,2,Cloudy,Dry,Daylight
2023-08-08T13:55:00.000,Sr 140,Sr 140 and Princeston,,Rear End,2,Cloudy,Dry,Daylight
2024-01-09T06:22:00.000,Sr 140,Sr 140 and Powell Rd,,Not a Collision with Motor Vehicle,1,Rain,Wet,Dark-Not Lighted
2024-11-07T07:06:00.000,Sr 140,Sr 140 and Powell Rd,,Not a Collision with Motor Vehicle,1,Clear,Dry,Dusk
2023-04-25T23:56:00.000,Sr 140,Sr 140 and Powell Dr,,Not a Collision with Motor Vehicle,1,Clear,Dry,Daylight
2023-05-16T14:36:00.000,Sr 140,Sr 140 and Poplar Springs Rd,,Angle Crash,2,Clear,Dry,Daylight
2024-01-19T20:15:00.000,Sr 140,Sr 140 and Poplar Springs Rd,,Angle Crash,2,Clear,Dry,Dark-Lighted
2024-08-05T13:05:00.000,Sr 140,Sr 140 and Poplar Springs Rd,,Angle Crash,2,Clear,Dry,Daylight
2022-02-18T03:32:00.000,Sr 140,Sr 140 and Poole Dr,,Not a Collision with Motor Vehicle,1,Cloudy,Wet,Dark-Not Lighted
2023-12-26T18:00:00.000,Sr 140,Sr 140 and Plantation Trce,,Not a Collision with Motor Vehicle,1,Rain,Wet,Dark-Not Lighted
2023-06-09T14:50:00.000,Sr 140,Sr 140 and Pinyan Ln,,Rear End,2,Clear,Dry,Daylight
2023-11-15T17:35:00.000,Sr 140,Sr 140 and Pinyan Ln,,Rear End,3,Cloudy,Dry,Dark-Not Lighted
2022-01-03T11:53:00.000,Sr 140,Sr 140 and Pinyan Ln,,Rear End,2,Clear,Dry,Daylight
2022-11-17T16:15:00.000,Sr 140,Sr 140 and Pinyan Ln,,Angle Crash,2,Clear,Dry,Daylight
2022-07-25T09:55:00.000,Sr 140,Sr 140 and Pinyan Ln,,Not a Collision with Motor Vehicle,1,Clear,Dry,Daylight
2024-01-11T10:45:00.000,Sr 140,Sr 140 and Pinyan Ln,,Not a Collision with Motor Vehicle,1,Clear,Dry,Daylight
2024-03-25T15:20:00.000,Sr 140,Sr 140 and Pinyan Ln,,Rear End,2,Clear,Dry,Daylight
2023-09-08T07:40:00.000,Sr 140,Sr 140 and Pine Log Rd,,Angle Crash,2,Clear,Dry,Daylight
2022-05-04T18:31:00.000,Sr 140,Sr 140 and Pine Log Rd,,Angle Crash,2,Clear,Dry,Daylight
2022-09-10T00:00:00.000,Sr 140,Sr 140 and Pine Log Rd,,Not a Collision with Motor Vehicle,1,Clear,Dry,Dark-Not Lighted
2022-08-27T15:18:00.000,Sr 140,Sr 140 and Pearidge Rd,,Rear End,2,Clear,Dry,Daylight
2023-05-26T03:23:00.000,Sr 140,Sr 140 and Pearidge Rd,,Not a Collision with Motor Vehicle,1,Clear,Dry,Dark-Lighted
2020-01-03T16:29:00.000,Sr 140,Sr 140 and Peachtree Corners Cir,,Rear End,2,Clear,Dry,Daylight
2023-03-25T09:16:00.000,Sr 140,Sr 140 and Partridge Rdg,,Sideswipe-Same Direction,2,Clear,Dry,Daylight
2023-10-07T11:40:00.000,Sr 140,Sr 140 and Partridge Rdg,,Not a Collision with Motor Vehicle,1,Clear,Dry,Daylight
2022-07-31T11:09:00.000,Sr 140,Sr 140 and Park Creek Dr,,Rear End,2,Clear,Dry,Daylight
2022-11-29T19:32:00.000,Sr 140,Sr 140 and Park Creek Dr,,Angle Crash,2,Cloudy,Dry,Dark-Not Lighted
2023-01-20T14:00:00.000,Sr 140,Sr 140 and Owen Dr,,Rear End,2,Clear,Dry,Daylight
2022-05-12T16:53:00.000,Sr 140,Sr 140 and Owen Dr,,Rear End,3,Clear,Dry,Daylight
2022-10-10T13:15:00.000,Sr 140,Sr 140 and Owen Dr,,Rear End,2,Clear,Dry,Daylight
2022-07-26T10:29:00.000,Sr 140,Sr 140 and Owen Dr,,Rear End,2,Clear,Dry,Daylight
2023-08-18T06:45:00.000,Sr 140,Sr 140 and Orchard Dr,,Rear End,4,Clear,Dry,Daylight
2022-10-12T06:52:00.000,Sr 140,Sr 140 and Orchard Dr,,Rear End,2,Rain,Wet,Dark-Lighted
2022-02-25T12:13:00.000,Sr 140,Sr 140 and Orchard Dr,,Angle Crash,2,Clear,Dry,Daylight
2022-05-15T22:40:00.000,Sr 140,Sr 140 and Olive Vine Church Rd,,Not a Collision with Motor Vehicle,1,Clear,Dry,Dark-Lighted
2022-07-29T02:10:00.000,Sr 140,Sr 140 and Olive Vine Church Rd,,Not a Collision with Motor Vehicle,1,Cloudy,Dry,Dark-Not Lighted
2023-11-16T07:25:00.000,Sr 140,Sr 140 and Olive Vine Church Rd,,Angle Crash,2,Clear,Dry,Daylight
2021-11-03T10:22:00.000,Sr 140,Sr 140 and Old Summerville Rd,,Not a Collision with Motor Vehicle,1,Cloudy,Dry,Daylight
2021-03-28T12:30:00.000,Sr 140,Sr 140 and Old Sugar Pike Rd,,Rear End,2,Rain,Wet,Daylight
2023-04-03T06:00:00.000,Sr 140,Sr 140 and Old Sr140,,Rear End,2,Clear,Dry,Dark-Not Lighted
2023-04-03T06:00:00.000,Sr 140,Sr 140 and Old Sr140,,Not a Collision with Motor Vehicle,1,Clear,Dry,Dark-Not Lighted
2020-01-22T14:24:00.000,Sr 140,Sr 140 and Old Scott Rd,,Angle Crash,2,Clear,Dry,Daylight
2020-03-02T07:30:00.000,Sr 140,Sr 140 and Old Roswell Rd,,Rear End,2,Cloudy,Dry,Daylight
2020-02-01T15:24:00.000,Sr 140,Sr 140 and Old Roswell Rd,,Sideswipe-Same Direction,2,Cloudy,Dry,Daylight
2020-02-14T22:01:00.000,Sr 140,Sr 140 and Old Roswell Rd,,Angle Crash,2,Clear,Dry,Dark-Lighted
2020-02-19T13:48:00.000,Sr 140,Sr 140 and Old Roswell Rd,,Rear End,2,Cloudy,Dry,Daylight
2021-12-11T11:59:00.000,Sr 140,Sr 140 and Old Roswell Rd,,Sideswipe-Same Direction,2,Cloudy,Dry,Daylight
2022-11-26T06:10:00.000,Sr 140,Sr 140 and Old Pioneer Trl,,Not a Collision with Motor Vehicle,1,Clear,Dry,Dark-Not Lighted
2023-09-26T20:15:00.000,Sr 140,Sr 140 and Old Pioneer Trl,,Not a Collision with Motor Vehicle,1,Clear,Dry,Dark-Not Lighted
2023-02-07T20:25:00.000,Sr 140,Sr 140 and Old Pioneer Trl,,Not a Collision with Motor Vehicle,1,Clear,Dry,Dark-Lighted
2023-05-19T18:31:00.000,Sr 140,Sr 140 and Old Hwy 140,,Rear End,2,Clear,Dry,Daylight
2021-06-01T11:12:00.000,Sr 140,Sr 140 and Old Hwy 140,,Angle Crash,2,Clear,Dry,Daylight
2022-07-26T14:11:00.000,Sr 140,Sr 140 and Old Hwy 140,,Sideswipe-Opposite Direction,2,Clear,Dry,Daylight
2022-06-30T19:30:00.000,Sr 140,Sr 140 and Old Hwy 140,,Sideswipe-Opposite Direction,2,Clear,Dry,Daylight
2022-02-06T19:36:00.000,Sr 140,Sr 140 and Old Hwy 140,,Sideswipe-Same Direction,2,Clear,Dry,Dark-Not Lighted
2021-12-10T14:11:00.000,Sr 140,Sr 140 and Old Holcomb Bridge Rd,,Rear End,2,Cloudy,Wet,Daylight
2020-02-13T09:13:00.000,Sr 140,Sr 140 and Old Holcomb Bridge Rd,,Sideswipe-Same Direction,2,Rain,Wet,Daylight
2020-01-24T16:56:00.000,Sr 140,Sr 140 and Old Holcomb Bridge Rd,,Rear End,2,Cloudy,Wet,Daylight
2020-01-14T15:07:00.000,Sr 140,Sr 140 and Old Holcomb Bridge Rd,,Rear End,2,Rain,Wet,Daylight
2020-01-20T14:59:00.000,Sr 140,Sr 140 and Old Holcomb Bridge Rd,,Rear End,2,Clear,Dry,Daylight
2022-07-18T15:47:00.000,Sr 140,Sr 140 and Old Holcomb Bridge Rd,,Rear End,2,Clear,Dry,Daylight
2023-01-06T14:35:00.000,Sr 140,Sr 140 and Old Holcomb Bridge Rd,,Angle Crash,2,Clear,Dry,Daylight
2022-05-26T13:40:00.000,Sr 140,Sr 140 and Old Highway 140,,Sideswipe-Same Direction,3,Rain,Wet,Daylight
2024-11-09T09:48:00.000,Sr 140,Sr 140 and Old Highway 140,,Not a Collision with Motor Vehicle,1,Cloudy,Dry,Daylight
2020-01-13T17:35:00.000,Sr 140,Sr 140 and Old Dogwood Rd,,Rear End,2,Rain,Wet,Daylight
2021-10-31T23:44:00.000,Sr 140,Sr 140 and Old Dalton Rd,,Not a Collision with Motor Vehicle,1,Clear,Dry,Dark-Lighted
2021-10-22T17:10:00.000,Sr 140,Sr 140 and Old Dalton Rd,,Angle Crash,2,Clear,Dry,Daylight
2023-03-26T20:01:00.000,Sr 140,Sr 140 and Old Dalton Rd,,Angle Crash,2,Clear,Dry,Dark-Not Lighted
2020-05-30T10:20:00.000,Sr 140,Sr 140 and Old Dalton Rd,,Angle Crash,3,Clear,Dry,Daylight
2020-05-30T11:14:00.000,Sr 140,Sr 140 and Old Dalton Rd,,Rear End,2,Clear,Dry,Daylight
2020-07-30T09:17:00.000,Sr 140,Sr 140 and Old Dalton Rd,,Angle Crash,2,Clear,Dry,Daylight
2020-03-09T00:30:00.000,Sr 140,Sr 140 and Old Dalton Rd,,Not a Collision with Motor Vehicle,1,Clear,Dry,Dark-Not Lighted
2021-10-09T14:17:00.000,Sr 140,Sr 140 and Old Dalton Rd,,Angle Crash,2,Clear,Dry,Daylight
2021-09-08T12:13:00.000,Sr 140,Sr 140 and Old Dalton Rd,,Angle Crash,2,Clear,Dry,Daylight
2022-08-26T13:24:00.000,Sr 140,Sr 140 and Old Dalton Rd,,Sideswipe-Same Direction,2,Cloudy,Dry,Daylight
2022-06-04T12:51:00.000,Sr 140,Sr 140 and Old Dalton Rd,,Angle Crash,2,Clear,Dry,Daylight
2024-05-29T11:30:00.000,Sr 140,Sr 140 and Old Dalton Rd,,Angle Crash,2,Clear,Dry,Daylight
2023-05-23T18:29:00.000,Sr 140,Sr 140 and Old Dalton Rd,,Not a Collision with Motor Vehicle,1,Cloudy,Wet,Daylight
2024-05-21T14:44:00.000,Sr 140,Sr 140 and Old Dalton Rd,,Not a Collision with Motor Vehicle,1,Clear,Dry,Daylight
2023-11-08T00:00:00.000,Sr 140,Sr 140 and Old Bells Ferry Rd,,Not a Collision with Motor Vehicle,1,Clear,Dry,Daylight
2022-08-20T15:00:00.000,Sr 140,Sr 140 and Old Bells Ferry Rd,,Rear End,2,Cloudy,Wet,Daylight
2022-08-28T00:30:00.000,Sr 140,Sr 140 and Old Bells Ferry Rd,,Not a Collision with Motor Vehicle,1,Clear,Dry,Dark-Not Lighted
2022-10-13T19:41:00.000,Sr 140,Sr 140 and Old Bells Ferry Rd,,Not a Collision with Motor Vehicle,1,Clear,Dry,Dusk
2024-04-17T19:13:00.000,Sr 140,Sr 140 and Old Bells Ferry Rd,,Not a Collision with Motor Vehicle,1,Clear,Dry,Daylight
2024-05-13T14:10:00.000,Sr 140,Sr 140 and Old Bells Ferry Rd,,Angle Crash,2,Cloudy,Dry,Daylight
2024-10-27T06:20:00.000,Sr 140,Sr 140 and Old Bells Ferry Rd,,Not a Collision with Motor Vehicle,1,Cloudy,Dry,Dark-Lighted
2024-08-14T22:51:00.000,Sr 140,Sr 140 and Old Bells Ferry Rd,,Not a Collision with Motor Vehicle,1,Clear,Dry,Dark-Not Lighted
2024-08-11T21:58:00.000,Sr 140,Sr 140 and Old Bells Ferry Rd,,Sideswipe-Opposite Direction,2,Clear,Dry,Dark-Not Lighted
2021-06-16T11:15:00.000,Sr 140,Sr 140 and Old Alabama Rd,,Rear End,2,Clear,Dry,Daylight
2021-09-17T12:24:00.000,Sr 140,Sr 140 and Old Alabama Rd,,Head On,2,Rain,Wet,Daylight
2021-08-08T13:15:00.000,Sr 140,Sr 140 and Old Alabama Rd,,Sideswipe-Same Direction,2,Clear,Dry,Daylight
2023-06-14T08:06:00.000,Sr 140,Sr 140 and Old Alabama Rd,,Angle Crash,2,Cloudy,Dry,Daylight
2023-04-10T08:51:00.000,Sr 140,Sr 140 and Old Alabama Rd,,Rear End,3,Clear,Dry,Daylight
2023-06-01T16:37:00.000,Sr 140,Sr 140 and Old Alabama Rd,,Angle Crash,2,Clear,Dry,Daylight
2023-08-10T09:08:00.000,Sr 140,Sr 140 and Old Alabama Rd,,Angle Crash,2,Rain,Wet,Daylight
2022-07-27T16:54:00.000,Sr 140,Sr 140 and Old Alabama Rd,,Rear End,2,Clear,Dry,Daylight
2020-02-26T13:26:00.000,Sr 140,Sr 140 and Old Alabama Rd,,Rear End,2,Cloudy,Dry,Daylight
2020-02-01T20:41:00.000,Sr 140,Sr 140 and Old Alabama Rd,,Rear End,2,Cloudy,Dry,Dark-Lighted
2020-01-09T12:06:00.000,Sr 140,Sr 140 and Old Alabama Rd,,Rear End,2,Clear,Dry,Daylight
2020-01-22T07:26:00.000,Sr 140,Sr 140 and Old Alabama Rd,,Angle Crash,2,Clear,Dry,Daylight
2020-01-12T13:32:00.000,Sr 140,Sr 140 and Old Alabama Rd,,Angle Crash,2,Clear,Dry,Daylight
2020-01-16T16:33:00.000,Sr 140,Sr 140 and Old Alabama Rd,,Rear End,3,Cloudy,Dry,Daylight
2020-02-26T13:06:00.000,Sr 140,Sr 140 and Old Alabama Rd,,Rear End,2,Cloudy,Dry,Daylight
2020-01-22T07:22:00.000,Sr 140,Sr 140 and Old Alabama Rd,,Sideswipe-Same Direction,2,Clear,Dry,Daylight
2020-02-03T08:45:00.000,Sr 140,Sr 140 and Old Alabama Rd,,Sideswipe-Same Direction,2,Clear,Dry,Daylight
2021-10-16T12:59:00.000,Sr 140,Sr 140 and Old Alabama Rd,,Angle Crash,2,Clear,Dry,Daylight
2022-11-11T16:13:00.000,Sr 140,Sr 140 and Old Alabama Rd,,Angle Crash,2,Rain,Wet,Daylight
2022-03-03T14:32:00.000,Sr 140,Sr 140 and Old Alabama Rd,,Angle Crash,2,Clear,Dry,Daylight
2021-07-06T13:38:00.000,Sr 140,Sr 140 and Old Alabama Rd,,Rear End,2,Clear,Dry,Daylight
2022-03-14T08:46:00.000,Sr 140,Sr 140 and Old Alabama Rd,,Sideswipe-Same Direction,3,Clear,Dry,Daylight
2023-07-23T15:46:00.000,Sr 140,Sr 140 and Old Alabama Rd,,Sideswipe-Same Direction,2,Clear,Dry,Daylight
2024-09-05T13:55:00.000,Sr 140,Sr 140 and Old Alabama Rd,,Rear End,3,Clear,Dry,Daylight
2020-05-03T15:24:00.000,Sr 140,Sr 140 and Old 140,,Not a Collision with Motor Vehicle,1,Clear,Dry,Daylight
2022-08-14T06:00:00.000,Sr 140,Sr 140 and Oakcrest Cir,,Not a Collision with Motor Vehicle,1,Clear,Dry,Dark-Not Lighted
2020-12-13T20:25:00.000,Sr 140,Sr 140 and Oakbrook Pkwy,,Not a Collision with Motor Vehicle,1,Clear,Dry,Daylight
2021-02-10T21:30:00.000,Sr 140,Sr 140 and Oakbrook Pkwy,,Rear End,2,Clear,Dry,Dark-Lighted
2021-06-17T08:37:00.000,Sr 140,Sr 140 and Oak Grove Rd,,Angle Crash,2,Clear,Dry,Daylight
2020-11-24T18:43:00.000,Sr 140,Sr 140 and Oak Grove Rd,,Angle Crash,2,Clear,Dry,Dark-Not Lighted
2020-11-28T12:00:00.000,Sr 140,Sr 140 and Oak Grove Rd,,Angle Crash,2,Clear,Dry,Daylight
2020-03-12T07:30:00.000,Sr 140,Sr 140 and Oak Grove Rd,,Not a Collision with Motor Vehicle,1,Rain,Wet,Dawn
2020-03-12T07:22:00.000,Sr 140,Sr 140 and Oak Grove Rd,,Not a Collision with Motor Vehicle,1,Rain,Wet,Dawn
2020-08-28T12:41:00.000,Sr 140,Sr 140 and Oak Grove Rd,,Not a Collision with Motor Vehicle,1,Clear,Dry,Daylight
2021-06-30T16:40:00.000,Sr 140,Sr 140 and Oak Grove Rd,,Not a Collision with Motor Vehicle,2,Cloudy,Dry,Daylight
2022-11-04T08:05:00.000,Sr 140,Sr 140 and Oak Grove Rd,,Not a Collision with Motor Vehicle,1,Clear,Dry,Daylight
2022-09-15T11:15:00.000,Sr 140,Sr 140 and Oak Grove Rd,,Rear End,2,Clear,Dry,Daylight
2024-09-26T15:49:00.000,Sr 140,Sr 140 and Oak Grove Rd,,Not a Collision with Motor Vehicle,1,Rain,Wet,Daylight
2024-07-03T05:24:00.000,Sr 140,Sr 140 and Oak Grove Rd,,Not a Collision with Motor Vehicle,1,Clear,Dry,Dark-Not Lighted
2024-10-24T17:44:00.000,Sr 140,Sr 140 and Oak Grove Rd,,Sideswipe-Same Direction,2,Clear,Dry,Daylight
2021-12-23T12:01:00.000,Sr 140,Sr 140 and Northside-Cherokee Blvd,,Angle Crash,2,Clear,Dry,Daylight
2023-05-24T12:09:00.000,Sr 140,Sr 140 and Northside-Cherokee Blvd,,Rear End,5,Clear,Dry,Daylight
2022-04-08T13:27:00.000,Sr 140,Sr 140 and Northside-Cherokee Blvd,,Rear End,2,Cloudy,Dry,Daylight
2024-02-12T16:11:00.000,Sr 140,Sr 140 and Northside Pkwy.,,Rear End,2,Cloudy,Wet,Daylight
2023-05-13T11:11:00.000,Sr 140,Sr 140 and Northside Cherokee Blvd,,Rear End,2,Clear,Dry,Daylight