Date and Time,Roadway (From Crash Report),Intersection Name (from Crash Report),KABCO Severity,Manner of Collision (Crash Level) ,# of Vehicles per crash ,Weather Conditions (Crash Level),Surface Condition (Crash Level) ,Light Conditions (Crash Level)
2023-03-20T11:55:00.000,Sr 140,Sr 140 and Northside Cherokee Blvd,,Rear End,2,Clear,Dry,Daylight
2020-09-09T21:00:00.000,Sr 140,Sr 140 and Northside Cherokee Blvd,,Rear End,2,Clear,Dry,Dark-Not Lighted
2021-08-19T15:45:00.000,Sr 140,Sr 140 and Northside Cherokee Blvd,,Rear End,2,Rain,Wet,Daylight
2022-01-10T18:08:00.000,Sr 140,Sr 140 and Northside Cherokee Blvd,,Not a Collision with Motor Vehicle,1,Clear,Dry,Dusk
2022-09-10T10:57:00.000,Sr 140,Sr 140 and Northside Cherokee Blvd,,Angle Crash,2,Cloudy,Wet,Daylight
2022-07-01T11:20:00.000,Sr 140,Sr 140 and Northside Cherokee Blvd,,Rear End,2,Rain,Wet,Daylight
2023-02-24T12:44:00.000,Sr 140,Sr 140 and Northside Cherokee Blvd,,Rear End,2,Cloudy,Dry,Daylight
2024-01-20T21:36:00.000,Sr 140,Sr 140 and Northside Cherokee Blvd,,Angle Crash,2,Clear,Dry,Dark-Lighted
2023-05-05T17:46:00.000,Sr 140,Sr 140 and Newt Fowler Ln,,Rear End,2,Rain,Wet,Dusk
2022-01-06T17:19:00.000,Sr 140,Sr 140 and Newt Fowler Ln,,Not a Collision with Motor Vehicle,1,Rain,Wet,Daylight
2022-01-21T08:16:00.000,Sr 140,Sr 140 and Newt Fowler Ln,,Rear End,2,Cloudy,Dry,Daylight
2022-02-11T17:55:00.000,Sr 140,Sr 140 and Newt Fowler Ln,,Rear End,2,Clear,Dry,Daylight
2020-02-25T21:09:00.000,Sr 140,Sr 140 and Nesbitt Ferry Rd,,Angle Crash,2,Clear,Dry,Dark-Lighted
2021-03-16T14:27:00.000,Sr 140,Sr 140 and Nesbit Ferry Rd,,Sideswipe-Same Direction,2,Rain,Wet,Daylight
2020-01-07T10:23:00.000,Sr 140,Sr 140 and Nesbit Ferry Rd,,Angle Crash,2,Clear,Dry,Daylight
2020-02-06T16:00:00.000,Sr 140,Sr 140 and Nesbit Ferry Rd,,Sideswipe-Same Direction,2,Rain,Wet,Daylight
2020-01-05T23:16:00.000,Sr 140,Sr 140 and Nesbit Ferry Rd,,Angle Crash,2,Clear,Dry,Dark-Lighted
2020-03-01T14:53:00.000,Sr 140,Sr 140 and Nesbit Ferry Rd,,Not a Collision with Motor Vehicle,1,Clear,Dry,Daylight
2022-11-26T11:46:00.000,Sr 140,Sr 140 and Nesbit Ferry Rd,,Angle Crash,2,Clear,Dry,Daylight
2023-02-19T05:55:00.000,Sr 140,Sr 140 and Nesbit Ferry Rd,,Rear End,2,Clear,Dry,Dark-Lighted
2021-09-14T03:31:00.000,Sr 140,Sr 140 and Navajo Trl,,Not a Collision with Motor Vehicle,1,Clear,Dry,Dark-Not Lighted
2021-09-24T15:40:00.000,Sr 140,Sr 140 and Navajo Trl,,Head On,2,Clear,Dry,Daylight
2023-12-22T01:38:00.000,Sr 140,Sr 140 and Navajo Trl,,Not a Collision with Motor Vehicle,1,Clear,Dry,Dark-Not Lighted
2022-06-06T05:54:00.000,Sr 140,Sr 140 and Navajo Trl,,Not a Collision with Motor Vehicle,1,Clear,Dry,Daylight
2022-11-15T08:10:00.000,Sr 140,Sr 140 and Navajo Trl,,Not a Collision with Motor Vehicle,1,Rain,Wet,Daylight
2023-12-02T18:43:00.000,Sr 140,Sr 140 and Navajo Trl,,Not a Collision with Motor Vehicle,1,Cloudy,Wet,Dark-Not Lighted
2023-06-12T02:45:00.000,Sr 140,Sr 140 and Navajo Trl,,Not a Collision with Motor Vehicle,1,Rain,Wet,Dark-Not Lighted
2023-07-27T13:41:00.000,Sr 140,Sr 140 and Nally Rd,,Rear End,2,Clear,Dry,Daylight
2020-06-22T15:00:00.000,Sr 140,Sr 140 and Nally Rd,,Angle Crash,2,Cloudy,Dry,Daylight
2021-10-07T01:50:00.000,Sr 140,Sr 140 and Nally Rd,,Not a Collision with Motor Vehicle,1,Cloudy,Wet,Dark-Not Lighted
2022-09-17T23:23:00.000,Sr 140,Sr 140 and Nally Rd,,Not a Collision with Motor Vehicle,1,Clear,Dry,Dark-Not Lighted
2022-09-02T12:43:00.000,Sr 140,Sr 140 and Nally Rd,,Not a Collision with Motor Vehicle,2,Cloudy,Dry,Daylight
2022-11-23T19:26:00.000,Sr 140,Sr 140 and Nally Rd,,Not a Collision with Motor Vehicle,1,Clear,Dry,Dark-Not Lighted
2023-11-27T06:19:00.000,Sr 140,Sr 140 and Nally Rd,,Not a Collision with Motor Vehicle,1,Cloudy,Dry,Dawn
2022-08-05T13:59:00.000,Sr 140,Sr 140 and N Stringer Rd,,Rear End,2,Clear,Dry,Daylight
2022-05-12T12:45:00.000,Sr 140,Sr 140 and N Stringer Rd,,Angle Crash,2,Clear,Dry,Daylight
2022-04-27T08:24:00.000,Sr 140,Sr 140 and N Stringer Rd,,Not a Collision with Motor Vehicle,1,Clear,Dry,Daylight
2024-02-13T11:00:00.000,Sr 140,Sr 140 and N Stringer Rd,,Angle Crash,2,Clear,Dry,Daylight
2020-09-02T04:19:00.000,Sr 140,Sr 140 and N Norcross Tucker,,Head On,2,Clear,Dry,Dark-Not Lighted
2021-04-15T08:07:00.000,Sr 140,Sr 140 and N Main St,,Angle Crash,2,Clear,Dry,Daylight
2022-08-25T06:30:00.000,Sr 140,Sr 140 and N Croft Dr,,Not a Collision with Motor Vehicle,1,Rain,Wet,Dark-Lighted
2024-03-25T13:20:00.000,Sr 140,Sr 140 and N Croft Dr,,Rear End,3,Clear,Dry,Daylight
2023-02-12T04:22:00.000,Sr 140,Sr 140 and Mountain Vista Blvd,,Not a Collision with Motor Vehicle,1,Cloudy,Wet,Dark-Not Lighted
2023-03-16T18:50:00.000,Sr 140,Sr 140 and Mountain Vista Blvd,,Angle Crash,2,Clear,Dry,Daylight
2022-04-29T11:12:00.000,Sr 140,Sr 140 and Mountain Vista Blvd,,Sideswipe-Same Direction,2,Clear,Dry,Daylight
2022-05-11T16:51:00.000,Sr 140,Sr 140 and Mountain Vista Blvd,,Angle Crash,2,Clear,Dry,Daylight
2022-03-16T08:47:00.000,Sr 140,Sr 140 and Mountain Vista Blvd,,Angle Crash,2,Rain,Wet,Daylight
2023-08-11T15:37:00.000,Sr 140,Sr 140 and Mountain Vista Blvd,,Angle Crash,2,Clear,Dry,Daylight
2023-11-28T10:15:00.000,Sr 140,Sr 140 and Mountain Vista Blvd,,Rear End,2,Clear,Dry,Daylight
2023-09-15T15:00:00.000,Sr 140,Sr 140 and Mountain Vista Blvd,,Rear End,2,Clear,Dry,Daylight
2023-08-15T07:57:00.000,Sr 140,Sr 140 and Mountain Rd,,Angle Crash,2,Clear,Dry,Daylight
2023-01-27T07:33:00.000,Sr 140,Sr 140 and Mountain Rd,,Angle Crash,2,Clear,Dry,Daylight
2022-01-05T07:35:00.000,Sr 140,Sr 140 and Mountain Rd,,Head On,2,Cloudy,Dry,Daylight
2022-08-02T05:10:00.000,Sr 140,Sr 140 and Mountain Rd,,Angle Crash,2,Clear,Dry,Dark-Not Lighted
2022-10-18T04:48:00.000,Sr 140,Sr 140 and Mountain Rd,,Rear End,2,Clear,Dry,Dark-Not Lighted
2022-10-02T16:30:00.000,Sr 140,Sr 140 and Mountain Rd,,Rear End,2,Clear,Dry,Daylight
2022-05-10T13:35:00.000,Sr 140,Sr 140 and Mountain Rd,,Rear End,2,Clear,Dry,Daylight
2022-12-08T16:00:00.000,Sr 140,Sr 140 and Mountain Rd,,Angle Crash,3,Clear,Dry,Daylight
2022-03-16T22:43:00.000,Sr 140,Sr 140 and Mountain Rd,,Not a Collision with Motor Vehicle,1,Clear,Wet,Dark-Not Lighted
2023-02-27T09:00:00.000,Sr 140,Sr 140 and Mountain Rd,,Rear End,2,Clear,Dry,Daylight
2023-12-12T07:30:00.000,Sr 140,Sr 140 and Mountain Rd,,Rear End,2,Clear,Dry,Daylight
2024-09-16T05:43:00.000,Sr 140,Sr 140 and Mountain Rd,,Rear End,2,Clear,Dry,Dark-Not Lighted
2023-07-20T12:18:00.000,Sr 140,Sr 140 and Mount Pleasant Rd,,Not a Collision with Motor Vehicle,1,Clear,Dry,Daylight
2021-11-25T20:06:00.000,Sr 140,Sr 140 and Mount Pleasant Rd,,Angle Crash,2,Rain,Wet,Dark-Not Lighted
2023-06-20T20:07:00.000,Sr 140,Sr 140 and Mile Marker 20,,Not a Collision with Motor Vehicle,1,Rain,Wet,Daylight
2020-02-07T04:42:00.000,Sr 140,Sr 140 and Mile Marker 2,,Not a Collision with Motor Vehicle,1,Cloudy,Dry,Dark-Not Lighted
2022-11-11T14:00:00.000,Sr 140,Sr 140 and Mcrae Dr,,Sideswipe-Opposite Direction,2,Clear,Dry,Daylight
2023-12-22T12:30:00.000,Sr 140,Sr 140 and Mcrae Dr,,Rear End,2,Clear,Dry,Daylight
2023-12-11T07:27:00.000,Sr 140,Sr 140 and Mcpherson Dr,,Rear End,2,Clear,Dry,Daylight
2022-08-09T13:38:00.000,Sr 140,Sr 140 and Mcpherson Dr,,Not a Collision with Motor Vehicle,1,Rain,Wet,Daylight
2021-02-01T18:30:00.000,Sr 140,Sr 140 and Mcdonough Dr,,Rear End,2,Cloudy,Dry,Dusk
2023-12-01T19:24:00.000,Sr 140,Sr 140 and Mauldin Ln,,Rear End,2,Cloudy,Wet,Dark-Not Lighted
2022-07-11T14:30:00.000,Sr 140,Sr 140 and Mauldin Ln,,Rear End,4,Clear,Dry,Daylight
2020-07-23T18:26:00.000,Sr 140,Sr 140 and Martha Berry Hwy,,Rear End,2,Clear,Dry,Daylight
2021-11-15T02:14:00.000,Sr 140,Sr 140 and Marlene Dr,,Not a Collision with Motor Vehicle,1,Cloudy,Dry,Dark-Not Lighted
2024-03-07T16:11:00.000,Sr 140,Sr 140 and Marlene Dr,,Sideswipe-Same Direction,2,Clear,Dry,Daylight
2024-03-08T15:55:00.000,Sr 140,Sr 140 and Marlene Dr,,Angle Crash,2,Rain,Water (standing or moving),Daylight
2020-01-08T16:37:00.000,Sr 140,Sr 140 and Market Wy,,Rear End,2,Clear,Dry,Daylight
2020-01-20T15:01:00.000,Sr 140,Sr 140 and Market Way,,Rear End,3,Clear,Dry,Daylight
2020-01-09T17:00:00.000,Sr 140,Sr 140 and Market Way,,Rear End,2,Cloudy,Dry,Daylight
2021-06-16T13:06:00.000,Sr 140,Sr 140 and Market Rd,,Sideswipe-Same Direction,2,Clear,Dry,Daylight
2020-12-16T14:53:00.000,Sr 140,Sr 140 and Market Blvd,,Sideswipe-Same Direction,1,Rain,Wet,Daylight
2020-01-12T18:36:00.000,Sr 140,Sr 140 and Market Blvd,,Sideswipe-Same Direction,2,Clear,Dry,Dark-Lighted
2020-02-27T07:43:00.000,Sr 140,Sr 140 and Market Blvd,,Rear End,2,Clear,Dry,Daylight
2020-02-09T00:59:00.000,Sr 140,Sr 140 and Market Blvd,,Rear End,2,Fog,Wet,Dark-Lighted
2020-01-21T08:06:00.000,Sr 140,Sr 140 and Market Blvd,,Rear End,2,Cloudy,Dry,Daylight
2020-01-15T07:02:00.000,Sr 140,Sr 140 and Market Blvd,,Rear End,2,Cloudy,Wet,Dark-Lighted
2020-03-06T07:31:00.000,Sr 140,Sr 140 and Market Blvd,,Rear End,2,Clear,Dry,Daylight
2020-02-24T06:52:00.000,Sr 140,Sr 140 and Market Blvd,,Rear End,2,Rain,Wet,Dark-Not Lighted
2020-02-17T16:45:00.000,Sr 140,Sr 140 and Market Blvd,,Rear End,2,Clear,Dry,Daylight
2020-01-27T09:40:00.000,Sr 140,Sr 140 and Market Blvd,,Rear End,2,Cloudy,Wet,Daylight
2022-04-12T16:59:00.000,Sr 140,Sr 140 and Market Blvd,,Rear End,2,Clear,Dry,Daylight
2022-09-02T16:22:00.000,Sr 140,Sr 140 and Market Blvd,,Rear End,2,Rain,Wet,Daylight
2023-05-17T09:12:00.000,Sr 140,Sr 140 and Market Blvd,,Rear End,3,Cloudy,Dry,Daylight
2024-11-22T11:58:00.000,Sr 140,Sr 140 and Market Blvd,,Angle Crash,2,Clear,Dry,Daylight
2022-04-20T22:20:00.000,Sr 140,Sr 140 and Marietta Hwy,,Rear End,2,Clear,Dry,Daylight
2020-01-01T04:44:00.000,Sr 140,Sr 140 and Mansell Rd,,Angle Crash,2,Clear,Dry,Dark-Lighted
2022-11-26T09:50:00.000,Sr 140,Sr 140 and Manor Ln,,Rear End,2,Clear,Dry,Daylight
2023-08-22T08:01:00.000,Sr 140,Sr 140 and Manor Ln,,Not a Collision with Motor Vehicle,1,Clear,Dry,Daylight
2022-07-30T20:03:00.000,Sr 140,Sr 140 and Lower Scott Mill Rd,,Rear End,4,Rain,Wet,Daylight
2022-02-13T00:11:00.000,Sr 140,Sr 140 and Lower Scott Mill Rd,,Not a Collision with Motor Vehicle,1,Clear,Dry,Dark-Not Lighted
2020-03-08T17:02:00.000,Sr 140,Sr 140 and Live Oak Pkwy,,Sideswipe-Same Direction,2,Clear,Dry,Daylight
2021-03-07T23:30:00.000,Sr 140,Sr 140 and Live Oak Pkwy,,Rear End,2,Clear,Dry,Dark-Lighted
2023-11-10T20:30:00.000,Sr 140,Sr 140 and Lawson Dr,,Not a Collision with Motor Vehicle,1,Clear,Dry,Dark-Not Lighted
2024-03-17T06:00:00.000,Sr 140,Sr 140 and Lawson Dr,,Not a Collision with Motor Vehicle,1,Rain,Wet,Dark-Lighted
2023-11-07T08:56:00.000,Sr 140,Sr 140 and Laurel Canyon Pkwy,,Rear End,2,Clear,Dry,Daylight
2022-08-09T12:35:00.000,Sr 140,Sr 140 and Laurel Canyon Pkwy,,Angle Crash,2,Rain,Wet,Daylight
2021-04-24T15:15:00.000,Sr 140,Sr 140 and Landers Rd,,Not a Collision with Motor Vehicle,1,Clear,Dry,Daylight
2020-09-14T18:00:00.000,Sr 140,Sr 140 and Landers Rd,,Not a Collision with Motor Vehicle,1,Rain,Wet,Daylight
2022-02-04T11:31:00.000,Sr 140,Sr 140 and Landers Rd,,Not a Collision with Motor Vehicle,1,Cloudy,Wet,Daylight
2022-05-29T21:33:00.000,Sr 140,Sr 140 and Landers Rd,,Not a Collision with Motor Vehicle,1,Clear,Dry,Dark-Not Lighted
2022-09-29T07:10:00.000,Sr 140,Sr 140 and Landers Rd,,Not a Collision with Motor Vehicle,1,Clear,Dry,Dawn
2022-11-30T17:39:00.000,Sr 140,Sr 140 and Landers Rd,,Rear End,2,Clear,Dry,Daylight
2024-05-04T21:21:00.000,Sr 140,Sr 140 and Landers Rd,,Not a Collision with Motor Vehicle,1,Cloudy,Dry,Dark-Not Lighted
2022-09-06T12:28:00.000,Sr 140,Sr 140 and Land Rd,,Rear End,3,Clear,Dry,Daylight
2024-02-20T12:23:00.000,Sr 140,Sr 140 and Kuykendall Way,,Angle Crash,2,Clear,Dry,Daylight
2022-07-23T21:20:00.000,Sr 140,Sr 140 and Kulkendall Way,,Not a Collision with Motor Vehicle,1,Clear,Dry,Dark-Not Lighted
2021-03-20T20:24:00.000,Sr 140,Sr 140 and Knucklesville Rd,,Not a Collision with Motor Vehicle,1,Clear,Dry,Dark-Not Lighted
2023-10-04T06:21:00.000,Sr 140,Sr 140 and Knucklesville Rd,,Not a Collision with Motor Vehicle,1,Clear,Dry,Dark-Not Lighted
2020-03-08T18:00:00.000,Sr 140,Sr 140 and Knucklesville Rd,,Not a Collision with Motor Vehicle,1,Clear,Dry,Daylight
2022-08-06T21:40:00.000,Sr 140,Sr 140 and Knucklesville Rd,,Not a Collision with Motor Vehicle,1,Rain,Wet,Dark-Not Lighted
2024-12-09T20:49:00.000,Sr 140,Sr 140 and Knucklesville Rd,,Not a Collision with Motor Vehicle,1,Rain,Wet,Dark-Not Lighted
2023-07-18T08:39:00.000,Sr 140,Sr 140 and Knucklesville Rd,,Rear End,3,Clear,Dry,Daylight
2023-07-28T23:22:00.000,Sr 140,Sr 140 and Knucklesville Rd,,Not a Collision with Motor Vehicle,1,Clear,Dry,Daylight
2024-03-20T17:45:00.000,Sr 140,Sr 140 and Knucklesville Rd,,Rear End,2,Clear,Dry,Daylight
2021-10-08T13:28:00.000,Sr 140,Sr 140 and Kellett Rd,,Not a Collision with Motor Vehicle,1,Clear,Dry,Daylight
2022-02-11T05:55:00.000,Sr 140,Sr 140 and Kellett Rd,,Not a Collision with Motor Vehicle,1,Clear,Dry,Dark-Lighted
2024-01-23T21:01:00.000,Sr 140,Sr 140 and Kellett Rd,,Angle Crash,2,Clear,Dry,Dark-Not Lighted
2024-02-23T15:18:00.000,Sr 140,Sr 140 and Kellet Rd,,Rear End,3,Cloudy,Dry,Daylight
2024-02-13T17:49:00.000,Sr 140,Sr 140 and Jones Mill Rd,,Rear End,5,Clear,Dry,Daylight
2023-08-12T04:45:00.000,Sr 140,Sr 140 and Jep Wheeler Rd,,Not a Collision with Motor Vehicle,1,Clear,Dry,Dark-Not Lighted
2022-05-24T16:22:00.000,Sr 140,Sr 140 and Jep Wheeler Rd,,Angle Crash,2,Cloudy,Dry,Daylight
2022-10-04T07:53:00.000,Sr 140,Sr 140 and Jep Wheeler Rd,,Sideswipe-Same Direction,2,Clear,Dry,Daylight
2022-03-01T16:30:00.000,Sr 140,Sr 140 and Jep Wheeler Rd,,Rear End,2,Clear,Dry,Daylight
2023-01-19T07:23:00.000,Sr 140,Sr 140 and Jep Wheeler Rd,,Angle Crash,2,Cloudy,Wet,Daylight
2021-12-16T20:18:00.000,Sr 140,Sr 140 and Iron Mountain Rd,,Not a Collision with Motor Vehicle,1,Cloudy,Dry,Dark-Lighted
2024-10-13T16:52:00.000,Sr 140,Sr 140 and Iron Mountain Rd,,Rear End,2,Clear,Dry,Daylight
2022-11-30T00:03:00.000,Sr 140,Sr 140 and Idylwilde Way,,Head On,2,Rain,Wet,Dark-Not Lighted
2022-03-26T11:32:00.000,Sr 140,Sr 140 and Idylwilde Way,,Rear End,2,Clear,Dry,Daylight
2024-02-07T05:12:00.000,Sr 140,Sr 140 and Idylwilde Way,,Not a Collision with Motor Vehicle,1,Clear,Dry,Dark-Not Lighted
2023-12-11T16:51:00.000,Sr 140,Sr 140 and Idylwilde Way,,Rear End,2,Clear,Dry,Dusk
2023-11-02T21:45:00.000,Sr 140,Sr 140 and Idylwilde Way,,Not a Collision with Motor Vehicle,1,Clear,Dry,Dark-Not Lighted
2024-01-22T10:59:00.000,Sr 140,Sr 140 and Idylwilde Way,,Not a Collision with Motor Vehicle,1,Cloudy,Dry,Daylight
2020-05-03T13:38:00.000,Sr 140,Sr 140 and Hunters Club Ln,,Angle Crash,2,Clear,Dry,Daylight
2020-07-28T08:54:00.000,Sr 140,Sr 140 and Houze Way,,Rear End,2,Clear,Dry,Daylight
2020-02-08T10:11:00.000,Sr 140,Sr 140 and Houze Way,,Rear End,2,Snow,Snow,Daylight
2022-01-08T12:29:00.000,Sr 140,Sr 140 and Houze Way,,Rear End,2,Clear,Dry,Daylight
2023-01-24T15:53:00.000,Sr 140,Sr 140 and Holly Commons Pkwy,,Angle Crash,2,Clear,Dry,Daylight
2023-06-22T18:30:00.000,Sr 140,Sr 140 and Holly Commons Pkwy,,Angle Crash,2,Clear,Dry,Daylight
2020-02-14T08:42:00.000,Sr 140,Sr 140 and Holcomb Woods Pkwy,,Angle Crash,2,Clear,Dry,Daylight
2020-01-03T18:46:00.000,Sr 140,Sr 140 and Holcomb Woods Pkwy,,Rear End,2,Rain,Wet,Dark-Lighted
2020-02-04T16:01:00.000,Sr 140,Sr 140 and Holcomb Woods Pkwy,,Rear End,2,Cloudy,Dry,Daylight
2020-01-09T18:22:00.000,Sr 140,Sr 140 and Holcomb Woods Pkwy,,Angle Crash,2,Cloudy,Dry,Dark-Lighted
2020-02-12T06:53:00.000,Sr 140,Sr 140 and Holcomb Woods Pkwy,,Rear End,3,Clear,Dry,Daylight
2020-02-29T19:01:00.000,Sr 140,Sr 140 and Holcomb Woods Pkwy,,Angle Crash,2,Cloudy,Dry,Dark-Lighted
2022-11-30T11:56:00.000,Sr 140,Sr 140 and Holcomb Woods Pkwy,,Not a Collision with Motor Vehicle,1,Clear,Dry,Daylight
2020-02-05T18:26:00.000,Sr 140,Sr 140 and Holcomb Woods Pkw,,Rear End,2,Rain,Wet,Dark-Lighted
2022-10-06T08:53:00.000,Sr 140,Sr 140 and Holcomb Springs Rd,,Angle Crash,2,Clear,Dry,Daylight
2021-06-07T15:43:00.000,Sr 140,Sr 140 and Holcomb Springs Dr,,Rear End,3,Clear,Dry,Daylight
2023-12-07T07:57:00.000,Sr 140,Sr 140 and Holcomb Springs Dr,,Angle Crash,2,Clear,Dry,Daylight
2020-01-04T12:59:00.000,Sr 140,Sr 140 and Holcomb Springs Dr,,Angle Crash,2,Clear,Dry,Daylight
2021-12-06T06:33:00.000,Sr 140,Sr 140 and Holcomb Springs Dr,,Not a Collision with Motor Vehicle,1,Clear,Dry,Dark-Lighted
2021-06-09T03:25:00.000,Sr 140,Sr 140 and Holcomb Bridge Rd,,Not a Collision with Motor Vehicle,1,Clear,Dry,Dark-Lighted
2020-01-28T15:30:00.000,Sr 140,Sr 140 and Holcomb Bridge Rd,,Rear End,2,Clear,Dry,Daylight
2022-08-26T18:20:00.000,Sr 140,Sr 140 and Hiram Rd.,,Rear End,3,Clear,Dry,Dark-Not Lighted
2020-03-06T05:47:00.000,Sr 140,Sr 140 and Hiram Rd,,Not a Collision with Motor Vehicle,1,Clear,Dry,Dark-Not Lighted
2021-11-13T06:14:00.000,Sr 140,Sr 140 and Hiram Rd,,Not a Collision with Motor Vehicle,2,Clear,Dry,Daylight
2022-06-09T10:00:00.000,Sr 140,Sr 140 and Hiram Rd,,Not a Collision with Motor Vehicle,2,Clear,Dry,Daylight
2023-08-04T14:11:00.000,Sr 140,Sr 140 and Hillcrest Dr,,Head On,3,Clear,Dry,Daylight
2023-12-27T21:20:00.000,Sr 140,Sr 140 and Hillcrest Dr,,Rear End,2,Clear,Dry,Dark-Lighted
2023-07-07T17:28:00.000,Sr 140,Sr 140 and Hillcrest Dr,,Rear End,2,Clear,Dry,Daylight
2023-12-26T13:01:00.000,Sr 140,Sr 140 and Hillcrest Dr,,Rear End,2,Rain,Wet,Daylight
2023-01-09T18:25:00.000,Sr 140,Sr 140 and Hillcrest Dr,,Rear End,2,Clear,Dry,Dark-Lighted
2023-03-10T21:43:00.000,Sr 140,Sr 140 and Hillcrest Dr,,Sideswipe-Opposite Direction,2,Clear,Dry,Dark-Not Lighted
2021-12-28T13:39:00.000,Sr 140,Sr 140 and Hillcrest Dr,,Rear End,2,Cloudy,Dry,Daylight
2022-05-25T19:20:00.000,Sr 140,Sr 140 and Hillcrest Dr,,Sideswipe-Same Direction,2,Cloudy,Dry,Daylight
2022-06-28T17:01:00.000,Sr 140,Sr 140 and Hillcrest Dr,,Rear End,2,Cloudy,Dry,Daylight
2022-04-21T16:00:00.000,Sr 140,Sr 140 and Hillcrest Dr,,Rear End,2,Clear,Dry,Daylight
2022-07-09T19:48:00.000,Sr 140,Sr 140 and Hillcrest Dr,,Not a Collision with Motor Vehicle,1,Clear,Dry,Dawn
2022-09-29T14:00:00.000,Sr 140,Sr 140 and Hillcrest Dr,,Rear End,2,Clear,Dry,Daylight
2022-05-28T15:05:00.000,Sr 140,Sr 140 and Hillcrest Dr,,Rear End,3,Clear,Dry,Daylight
2024-01-25T18:40:00.000,Sr 140,Sr 140 and Hillcrest Dr,,Rear End,2,Cloudy,Wet,Dark-Lighted
2023-08-21T09:44:00.000,Sr 140,Sr 140 and Hillcrest Dr,,Not a Collision with Motor Vehicle,1,Clear,Dry,Daylight
2023-05-17T07:00:00.000,Sr 140,Sr 140 and Hillcrest Dr,,Rear End,3,Clear,Dry,Daylight
2024-01-06T15:20:00.000,Sr 140,Sr 140 and Hillcrest Dr,,Rear End,2,Clear,Wet,Daylight
2022-07-15T14:42:00.000,Sr 140,Sr 140 and Hidden Branches Trl,,Rear End,3,Clear,Dry,Daylight
2021-12-22T13:19:00.000,Sr 140,Sr 140 and Hidden Branches Trl,,Rear End,4,Clear,Dry,Daylight
2022-02-18T15:49:00.000,Sr 140,Sr 140 and Hidden Branches Trl,,Rear End,2,Clear,Dry,Daylight
2022-10-20T08:10:00.000,Sr 140,Sr 140 and Hidden Branches Trl,,Rear End,2,Clear,Dry,Daylight
2023-03-11T12:25:00.000,Sr 140,Sr 140 and Hidden Branches Trl,,Rear End,3,Clear,Dry,Daylight
2023-10-06T16:31:00.000,Sr 140,Sr 140 and Hidden Branches Trl,,Rear End,2,Cloudy,Wet,Daylight
2023-09-11T18:25:00.000,Sr 140,Sr 140 and Hidden Branches Trl,,Rear End,3,Clear,Dry,Daylight
2023-06-15T16:10:00.000,Sr 140,Sr 140 and Hidden Branches Trl,,Head On,2,Clear,Dry,Daylight
2023-12-28T13:26:00.000,Sr 140,Sr 140 and Hickory Rd,,Rear End,2,Clear,Dry,Daylight
2023-08-22T08:05:00.000,Sr 140,Sr 140 and Hickory Rd,,Rear End,2,Clear,Dry,Daylight
2023-03-31T12:05:00.000,Sr 140,Sr 140 and Hickory Rd,,Rear End,2,Clear,Dry,Daylight
2023-03-20T06:20:00.000,Sr 140,Sr 140 and Hickory Rd,,Rear End,2,Clear,Dry,Dark-Lighted
2023-06-03T14:18:00.000,Sr 140,Sr 140 and Hickory Rd,,Rear End,2,Clear,Dry,Daylight
2023-05-04T17:42:00.000,Sr 140,Sr 140 and Hickory Rd,,Angle Crash,2,Clear,Dry,Daylight
2023-06-14T16:54:00.000,Sr 140,Sr 140 and Hickory Rd,,Rear End,2,Clear,Wet,Daylight
2023-10-04T20:20:00.000,Sr 140,Sr 140 and Hickory Rd,,Angle Crash,2,Clear,Dry,Dark-Not Lighted
2023-10-05T18:45:00.000,Sr 140,Sr 140 and Hickory Rd,,Rear End,2,Cloudy,Dry,Daylight
2023-08-11T09:48:00.000,Sr 140,Sr 140 and Hickory Rd,,Rear End,2,Clear,Wet,Daylight
2023-08-29T08:33:00.000,Sr 140,Sr 140 and Hickory Rd,,Rear End,2,Cloudy,Dry,Daylight
2023-08-01T16:11:00.000,Sr 140,Sr 140 and Hickory Rd,,Rear End,2,Clear,Dry,Daylight
2022-04-11T15:45:00.000,Sr 140,Sr 140 and Hickory Rd,,Rear End,3,Clear,Dry,Daylight
2022-05-03T10:51:00.000,Sr 140,Sr 140 and Hickory Rd,,Rear End,2,Clear,Dry,Daylight
2022-05-27T12:10:00.000,Sr 140,Sr 140 and Hickory Rd,,Rear End,2,Clear,Dry,Daylight
2022-02-22T07:06:00.000,Sr 140,Sr 140 and Hickory Rd,,Rear End,2,Cloudy,Wet,Daylight
2022-02-04T12:40:00.000,Sr 140,Sr 140 and Hickory Rd,,Angle Crash,2,Cloudy,Wet,Daylight
2022-03-02T19:32:00.000,Sr 140,Sr 140 and Hickory Rd,,Rear End,2,Clear,Dry,Dark-Not Lighted
2022-01-11T18:20:00.000,Sr 140,Sr 140 and Hickory Rd,,Rear End,2,Clear,Dry,Dark-Not Lighted
2022-06-07T16:29:00.000,Sr 140,Sr 140 and Hickory Rd,,Rear End,2,Clear,Dry,Daylight
2022-06-09T14:45:00.000,Sr 140,Sr 140 and Hickory Rd,,Rear End,2,Cloudy,Dry,Daylight
2022-11-11T17:31:00.000,Sr 140,Sr 140 and Hickory Rd,,Rear End,2,Rain,Wet,Dark-Lighted
2022-05-21T14:35:00.000,Sr 140,Sr 140 and Hickory Rd,,Rear End,2,Clear,Dry,Daylight
2022-05-16T09:22:00.000,Sr 140,Sr 140 and Hickory Rd,,Rear End,3,Clear,Dry,Daylight
2022-12-27T15:43:00.000,Sr 140,Sr 140 and Hickory Rd,,Rear End,2,Clear,Dry,Daylight
2022-05-10T09:20:00.000,Sr 140,Sr 140 and Hickory Rd,,Rear End,2,Clear,Dry,Daylight
2022-06-06T12:40:00.000,Sr 140,Sr 140 and Hickory Rd,,Angle Crash,2,Clear,Dry,Daylight
2022-11-16T10:15:00.000,Sr 140,Sr 140 and Hickory Rd,,Angle Crash,2,Clear,Dry,Daylight
2022-05-19T07:05:00.000,Sr 140,Sr 140 and Hickory Rd,,Rear End,2,Clear,Dry,Daylight