Date and Time,Roadway (From Crash Report),Intersection Name (from Crash Report),KABCO Severity,Manner of Collision (Crash Level) ,# of Vehicles per crash ,Weather Conditions (Crash Level),Surface Condition (Crash Level) ,Light Conditions (Crash Level)
2022-01-03T16:19:00.000,Sr 140,Sr 140 and Hickory Rd,,Head On,2,Clear,Dry,Daylight
2022-12-26T14:49:00.000,Sr 140,Sr 140 and Hickory Rd,,Rear End,2,Cloudy,Dry,Daylight
2022-07-04T11:45:00.000,Sr 140,Sr 140 and Hickory Rd,,Head On,2,Clear,Dry,Daylight
2022-04-20T18:50:00.000,Sr 140,Sr 140 and Hickory Rd,,Rear End,2,Clear,Dry,Daylight
2022-09-28T18:36:00.000,Sr 140,Sr 140 and Hickory Rd,,Rear End,2,Clear,Oil,Daylight
2022-03-09T17:49:00.000,Sr 140,Sr 140 and Hickory Rd,,Rear End,2,Clear,Dry,Daylight
2022-06-08T06:16:00.000,Sr 140,Sr 140 and Hickory Rd,,Rear End,2,Cloudy,Dry,Dark-Not Lighted
2022-08-05T15:57:00.000,Sr 140,Sr 140 and Hickory Rd,,Rear End,2,Clear,Dry,Daylight
2022-11-04T07:10:00.000,Sr 140,Sr 140 and Hickory Rd,,Rear End,5,Cloudy,Dry,Dark-Lighted
2022-04-03T12:36:00.000,Sr 140,Sr 140 and Hickory Rd,,Rear End,3,Clear,Dry,Daylight
2022-12-13T06:50:00.000,Sr 140,Sr 140 and Hickory Rd,,Rear End,2,Clear,Dry,Daylight
2023-09-15T06:13:00.000,Sr 140,Sr 140 and Hickory Rd,,Sideswipe-Opposite Direction,2,Clear,Dry,Dark-Not Lighted
2023-02-01T18:40:00.000,Sr 140,Sr 140 and Hickory Rd,,Rear End,2,Clear,Dry,Dark-Not Lighted
2024-02-14T15:30:00.000,Sr 140,Sr 140 and Hickory Rd,,Rear End,2,Clear,Dry,Daylight
2023-08-04T17:34:00.000,Sr 140,Sr 140 and Hickory Rd,,Rear End,2,Clear,Dry,Daylight
2023-11-08T08:30:00.000,Sr 140,Sr 140 and Hickory Rd,,Angle Crash,2,Clear,Dry,Daylight
2023-12-05T17:00:00.000,Sr 140,Sr 140 and Hickory Rd,,Angle Crash,2,Clear,Dry,Daylight
2023-06-23T14:45:00.000,Sr 140,Sr 140 and Hickory Rd,,Head On,2,Cloudy,Wet,Daylight
2023-11-12T17:00:00.000,Sr 140,Sr 140 and Hickory Rd,,Angle Crash,2,Clear,Dry,Daylight
2023-03-05T19:45:00.000,Sr 140,Sr 140 and Hickory Rd,,Rear End,3,Clear,Dry,Dark-Not Lighted
2023-02-22T17:45:00.000,Sr 140,Sr 140 and Hickory Rd,,Rear End,2,Clear,Dry,Daylight
2023-09-17T14:04:00.000,Sr 140,Sr 140 and Hickory Rd,,Rear End,3,Clear,Dry,Daylight
2024-03-13T08:42:00.000,Sr 140,Sr 140 and Hickory Rd,,Rear End,2,Clear,Dry,Daylight
2024-01-26T17:24:00.000,Sr 140,Sr 140 and Hickory Rd,,Angle Crash,2,Cloudy,Dry,Daylight
2024-01-20T17:35:00.000,Sr 140,Sr 140 and Hickory Rd,,Rear End,2,Clear,Dry,Dusk
2024-03-23T11:46:00.000,Sr 140,Sr 140 and Hickory Rd,,Angle Crash,3,Clear,Dry,Daylight
2024-02-07T21:57:00.000,Sr 140,Sr 140 and Hickory Rd,,Rear End,2,Cloudy,Dry,Dark-Lighted
2024-03-01T16:50:00.000,Sr 140,Sr 140 and Hickory Rd,,Sideswipe-Same Direction,2,Rain,Wet,Dusk
2023-08-20T18:00:00.000,Sr 140,Sr 140 and Hickory Nut Dr,,Rear End,6,Clear,Dry,Daylight
2022-03-08T19:16:00.000,Sr 140,Sr 140 and Hickory Nut Dr,,Rear End,2,Rain,Wet,Dark-Not Lighted
2024-03-09T08:30:00.000,Sr 140,Sr 140 and Hickory Nut Dr,,Rear End,3,Rain,Wet,Daylight
2023-09-03T09:20:00.000,Sr 140,Sr 140 and Hickory Nut Dr,,Rear End,2,Clear,Dry,Daylight
2024-12-13T17:48:00.000,Sr 140,Sr 140 and Henry Mack Hill Rd,,Not a Collision with Motor Vehicle,1,Clear,Dry,Dark-Not Lighted
2020-01-27T17:21:00.000,Sr 140,Sr 140 and Hembree Rd,,Angle Crash,2,Cloudy,Dry,Daylight
2020-02-28T18:22:00.000,Sr 140,Sr 140 and Hembree Rd,,Sideswipe-Same Direction,2,Cloudy,Dry,Dusk
2022-02-01T13:10:00.000,Sr 140,Sr 140 and Hembree Rd,,Angle Crash,2,Clear,Dry,Daylight
2023-06-12T11:51:00.000,Sr 140,Sr 140 and Hembree Rd,,Rear End,2,Cloudy,Dry,Daylight
2023-10-04T06:33:00.000,Sr 140,Sr 140 and Haywood Valley Rd,,Not a Collision with Motor Vehicle,1,Clear,Dry,Dark-Not Lighted
2021-02-05T19:15:00.000,Sr 140,Sr 140 and Hayes Rd,,Rear End,2,Cloudy,Dry,Dark-Not Lighted
2021-02-16T17:47:00.000,Sr 140,Sr 140 and Hayes Dr,,Angle Crash,2,Cloudy,Dry,Dusk
2024-10-12T23:10:00.000,Sr 140,Sr 140 and Hayes Dr,,Rear End,2,Clear,Dry,Dark-Lighted
2021-12-21T16:00:00.000,Sr 140,Sr 140 and Harmony Lake Dr,,Rear End,2,Rain,Wet,Daylight
2022-02-07T09:15:00.000,Sr 140,Sr 140 and Harmony Lake Dr,,Rear End,2,Clear,Dry,Daylight
2020-08-20T12:39:00.000,Sr 140,Sr 140 and Happy Valley Ln,,Not a Collision with Motor Vehicle,1,Cloudy,Dry,Daylight
2023-08-04T14:30:00.000,Sr 140,Sr 140 and Happy Valley Ln,,Not a Collision with Motor Vehicle,2,Clear,Wet,Daylight
2023-06-02T05:18:00.000,Sr 140,Sr 140 and Happy Valley Ln,,Not a Collision with Motor Vehicle,1,Cloudy,Dry,Dark-Not Lighted
2024-09-04T05:19:00.000,Sr 140,Sr 140 and Happy Valley Ln,,Not a Collision with Motor Vehicle,1,Clear,Dry,Dark-Not Lighted
2023-11-13T07:42:00.000,Sr 140,Sr 140 and Hall Station Rd,,Sideswipe-Same Direction,2,Clear,Dry,Daylight
2022-10-03T12:49:00.000,Sr 140,Sr 140 and Hall Station Rd,,Sideswipe-Same Direction,2,Clear,Dry,Daylight
2024-05-20T15:55:00.000,Sr 140,Sr 140 and Hall Station Rd,,Rear End,2,Clear,Dry,Daylight
2024-10-04T17:31:00.000,Sr 140,Sr 140 and Hall Station Rd,,Rear End,2,Clear,Dry,Daylight
2024-06-29T19:08:00.000,Sr 140,Sr 140 and Hall Station Rd,,Sideswipe-Same Direction,2,Cloudy,Dry,Daylight
2020-01-09T15:50:00.000,Sr 140,Sr 140 and Grimes Bridge Rd,,Angle Crash,3,Cloudy,Dry,Daylight
2020-02-28T14:37:00.000,Sr 140,Sr 140 and Grimes Bridge Rd,,Rear End,2,Clear,Dry,Daylight
2022-10-11T15:25:00.000,Sr 140,Sr 140 and Grimes Bridge Rd,,Rear End,2,Clear,Dry,Daylight
2023-08-03T08:07:00.000,Sr 140,Sr 140 and Greenswood Dr,,Angle Crash,2,Clear,Dry,Daylight
2023-06-15T13:20:00.000,Sr 140,Sr 140 and Greenswood Dr,,Angle Crash,2,Clear,Dry,Daylight
2022-10-23T11:08:00.000,Sr 140,Sr 140 and Greenswood Dr,,Angle Crash,2,Clear,Dry,Daylight
2022-11-07T08:50:00.000,Sr 140,Sr 140 and Greenswood Dr,,Rear End,2,Clear,Dry,Daylight
2022-03-04T10:49:00.000,Sr 140,Sr 140 and Greenswood Dr,,Rear End,2,Cloudy,Dry,Daylight
2023-01-15T13:49:00.000,Sr 140,Sr 140 and Greenswood Dr,,Rear End,3,Cloudy,Dry,Daylight
2024-02-09T21:33:00.000,Sr 140,Sr 140 and Greenswood Dr,,Head On,2,Clear,Dry,Dark-Not Lighted
2023-04-17T16:22:00.000,Sr 140,Sr 140 and Greenswood Dr,,Rear End,2,Clear,Dry,Daylight
2023-01-24T22:42:00.000,Sr 140,Sr 140 and Greenswood Dr,,Angle Crash,2,Clear,Dry,Dark-Not Lighted
2023-11-18T08:48:00.000,Sr 140,Sr 140 and Greenswood Dr,,Sideswipe-Same Direction,2,Clear,Dry,Daylight
2024-06-05T10:19:00.000,Sr 140,Sr 140 and Green Rd,,Sideswipe-Same Direction,2,Cloudy,Dry,Daylight
2023-02-07T15:19:00.000,Sr 140,Sr 140 and Green Lp,,Angle Crash,2,Cloudy,Dry,Daylight
2020-10-14T20:56:00.000,Sr 140,Sr 140 and Green Loop Rd,,Rear End,2,Clear,Dry,Dark-Not Lighted
2021-07-17T09:52:00.000,Sr 140,Sr 140 and Green Loop,,Rear End,2,Clear,Dry,Daylight
2021-06-25T15:13:00.000,Sr 140,Sr 140 and Green Loop,,Rear End,2,Clear,Dry,Daylight
2023-05-17T15:33:00.000,Sr 140,Sr 140 and Green Loop,,Angle Crash,2,Clear,Dry,Daylight
2023-10-15T07:02:00.000,Sr 140,Sr 140 and Green Loop,,Not a Collision with Motor Vehicle,1,Cloudy,Dry,Dark-Not Lighted
2024-08-20T15:30:00.000,Sr 140,Sr 140 and Green Loop,,Rear End,2,Clear,Dry,Daylight
2020-05-23T14:50:00.000,Sr 140,Sr 140 and Green Loop,,Not a Collision with Motor Vehicle,1,Clear,Dry,Daylight
2021-04-03T19:30:00.000,Sr 140,Sr 140 and Green Loop,,Rear End,2,Clear,Dry,Daylight
2021-08-31T15:12:00.000,Sr 140,Sr 140 and Green Loop,,Not a Collision with Motor Vehicle,1,Rain,Wet,Daylight
2022-06-10T15:32:00.000,Sr 140,Sr 140 and Green Loop,,Not a Collision with Motor Vehicle,1,Clear,Dry,Daylight
2021-10-26T02:38:00.000,Sr 140,Sr 140 and Green Loop,,Not a Collision with Motor Vehicle,1,Clear,Dry,Dark-Not Lighted
2022-12-17T21:44:00.000,Sr 140,Sr 140 and Green Loop,,Not a Collision with Motor Vehicle,1,Clear,Dry,Dark-Not Lighted
2022-11-07T07:52:00.000,Sr 140,Sr 140 and Green Loop,,Not a Collision with Motor Vehicle,1,Cloudy,Dry,Daylight
2022-08-29T11:09:00.000,Sr 140,Sr 140 and Green Loop,,Not a Collision with Motor Vehicle,1,Clear,Dry,Daylight
2023-03-30T05:39:00.000,Sr 140,Sr 140 and Green Loop,,Rear End,2,Cloudy,Dry,Dark-Not Lighted
2024-01-12T15:39:00.000,Sr 140,Sr 140 and Green Loop,,Rear End,2,Rain,Wet,Daylight
2024-08-27T14:15:00.000,Sr 140,Sr 140 and Green Loop,,Not a Collision with Motor Vehicle,1,Clear,Dry,Daylight
2024-01-26T18:36:00.000,Sr 140,Sr 140 and Green Loop,,Not a Collision with Motor Vehicle,1,Cloudy,Dry,Dark-Not Lighted
2024-02-12T16:23:00.000,Sr 140,Sr 140 and Greeley Dr,,Not a Collision with Motor Vehicle,1,Rain,Wet,Daylight
2023-10-20T19:01:00.000,Sr 140,Sr 140 and Great Sky Pkwy,,Rear End,2,Clear,Dry,Dark-Not Lighted
2022-04-18T14:44:00.000,Sr 140,Sr 140 and Great Sky Pkwy,,Rear End,2,Clear,Dry,Daylight
2022-05-28T16:13:00.000,Sr 140,Sr 140 and Great Sky Pkwy,,Rear End,2,Clear,Dry,Daylight
2021-01-22T16:30:00.000,Sr 140,Sr 140 and Gains Loop Rd,,Rear End,2,Clear,Dry,Daylight
2021-12-22T06:32:00.000,Sr 140,Sr 140 and Gains Loop Rd,,Not a Collision with Motor Vehicle,1,Cloudy,Dry,Dark-Not Lighted
2023-10-19T07:53:00.000,Sr 140,Sr 140 and Gains Loop Rd,,Not a Collision with Motor Vehicle,1,Clear,Dry,Dark-Lighted
2022-12-04T22:30:00.000,Sr 140,Sr 140 and Gaines Loop Rd.,,Not a Collision with Motor Vehicle,1,Cloudy,Dry,Dark-Not Lighted
2021-10-16T09:19:00.000,Sr 140,Sr 140 and Gaines Loop Rd,,Not a Collision with Motor Vehicle,1,Clear,Dry,Daylight
2023-10-27T07:46:00.000,Sr 140,Sr 140 and Gaines Loop Rd,,Rear End,2,Clear,Dry,Daylight
2022-12-16T19:48:00.000,Sr 140,Sr 140 and Gaines Loop Rd,,Not a Collision with Motor Vehicle,1,Clear,Dry,Dark-Not Lighted
2023-06-27T09:43:00.000,Sr 140,Sr 140 and Ga400 Ent Rp,,Rear End,2,Clear,Dry,Daylight
2021-12-20T17:49:00.000,Sr 140,Sr 140 and Foster Rd,,Rear End,2,Clear,Dry,Daylight
2023-09-08T15:14:00.000,Sr 140,Sr 140 and Foster Rd,,Rear End,2,Clear,Dry,Daylight
2022-10-01T13:40:00.000,Sr 140,Sr 140 and Foster Rd,,Rear End,2,Clear,Dry,Daylight
2022-08-27T11:46:00.000,Sr 140,Sr 140 and Foster Rd,,Rear End,2,Clear,Dry,Daylight
2023-08-18T13:49:00.000,Sr 140,Sr 140 and Foster Rd,,Rear End,3,Clear,Dry,Daylight
2020-11-19T18:49:00.000,Sr 140,Sr 140 and Folsom Rd,,Not a Collision with Motor Vehicle,1,Clear,Dry,Dark-Not Lighted
2021-10-14T00:00:00.000,Sr 140,Sr 140 and Folsom Rd,,Not a Collision with Motor Vehicle,1,Clear,Dry,Daylight
2022-04-03T10:53:00.000,Sr 140,Sr 140 and Folsom Rd,,Rear End,3,Clear,Dry,Daylight
2021-08-08T23:10:00.000,Sr 140,Sr 140 and Folsom Rd,,Not a Collision with Motor Vehicle,1,Clear,Dry,Daylight
2021-12-29T18:49:00.000,Sr 140,Sr 140 and Folsom Rd,,Rear End,2,Cloudy,Dry,Dark-Not Lighted
2024-07-22T04:45:00.000,Sr 140,Sr 140 and Folsom Rd,,Not a Collision with Motor Vehicle,1,Clear,Dry,Dark-Not Lighted
2024-10-13T12:30:00.000,Sr 140,Sr 140 and Folsom Rd,,Not a Collision with Motor Vehicle,1,Clear,Dry,Daylight
2024-02-05T19:58:00.000,Sr 140,Sr 140 and Folsom Rd,,Not a Collision with Motor Vehicle,1,Clear,Dry,Dark-Not Lighted
2021-08-20T22:38:00.000,Sr 140,Sr 140 and Floyd Springs Rd,,Rear End,3,Cloudy,Wet,Dark-Not Lighted
2021-10-05T06:04:00.000,Sr 140,Sr 140 and Floyd Springs Rd,,Angle Crash,2,Rain,Wet,Dark-Not Lighted
2023-09-13T06:41:00.000,Sr 140,Sr 140 and Floyd Springs Rd,,Not a Collision with Motor Vehicle,3,Cloudy,Wet,Dark-Not Lighted
2020-03-09T12:43:00.000,Sr 140,Sr 140 and Floyd Springs Rd,,Angle Crash,2,Clear,Dry,Daylight
2020-03-06T12:08:00.000,Sr 140,Sr 140 and Floyd Springs Rd,,Angle Crash,2,Clear,Dry,Daylight
2021-04-21T06:40:00.000,Sr 140,Sr 140 and Floyd Springs Rd,,Not a Collision with Motor Vehicle,1,Cloudy,Dry,Dawn
2022-05-20T07:04:00.000,Sr 140,Sr 140 and Floyd Springs Rd,,Rear End,2,Clear,Dry,Dawn
2024-04-04T07:51:00.000,Sr 140,Sr 140 and Floyd Springs Rd,,Rear End,2,Clear,Dry,Daylight
2023-06-26T16:32:00.000,Sr 140,Sr 140 and Floyd Springs Rd,,Rear End,2,Clear,Dry,Daylight
2023-06-10T20:34:00.000,Sr 140,Sr 140 and Floyd Springs Rd,,Rear End,2,Clear,Dry,Daylight
2024-01-25T07:04:00.000,Sr 140,Sr 140 and Floyd Springs Rd,,Rear End,3,Rain,Wet,Dark-Not Lighted
2024-11-28T19:21:00.000,Sr 140,Sr 140 and Floyd Springs Rd,,Not a Collision with Motor Vehicle,1,Clear,Dry,Dark-Not Lighted
2021-12-16T18:10:00.000,Sr 140,Sr 140 and Floyd Spgs,,Rear End,2,Clear,Dry,Dark-Not Lighted
2023-11-10T09:15:00.000,Sr 140,Sr 140 and Fincher Rd,,Angle Crash,2,Rain,Wet,Daylight
2024-02-02T18:32:00.000,Sr 140,Sr 140 and Fincher Rd,,Rear End,2,Clear,Dry,Dark-Lighted
2021-06-29T17:20:00.000,Sr 140,Sr 140 and Falling Springs Rd,,Not a Collision with Motor Vehicle,1,Clear,Dry,Daylight
2022-12-03T10:20:00.000,Sr 140,Sr 140 and Falling Springs Rd,,Not a Collision with Motor Vehicle,1,Rain,Wet,Daylight
2024-09-16T05:14:00.000,Sr 140,Sr 140 and Falling Springs Rd,,Not a Collision with Motor Vehicle,1,Clear,Dry,Dark-Not Lighted
2021-10-28T17:15:00.000,Sr 140,Sr 140 and Ezell Rd,,Not a Collision with Motor Vehicle,1,Cloudy,Dry,Daylight
2022-02-15T23:20:00.000,Sr 140,Sr 140 and Ezell Rd,,Not a Collision with Motor Vehicle,1,Clear,Dry,Dark-Not Lighted
2024-08-13T06:19:00.000,Sr 140,Sr 140 and Ezell Dr,,Not a Collision with Motor Vehicle,1,Clear,Dry,Dark-Not Lighted
2020-01-22T14:24:00.000,Sr 140,Sr 140 and Eves Rd,,Rear End,2,Clear,Dry,Daylight
2023-07-22T13:22:00.000,Sr 140,Sr 140 and Eves Rd,,Angle Crash,2,Cloudy,Dry,Daylight
2020-02-20T07:48:00.000,Sr 140,Sr 140 and Eves Rd,,Rear End,2,Rain,Wet,Daylight
2020-02-06T11:40:00.000,Sr 140,Sr 140 and Eves Rd,,Sideswipe-Opposite Direction,2,Rain,Wet,Daylight
2020-01-02T13:22:00.000,Sr 140,Sr 140 and Eves Rd,,Rear End,2,Rain,Wet,Daylight
2020-03-01T15:00:00.000,Sr 140,Sr 140 and Eves Rd,,Rear End,2,Clear,Dry,Daylight
2020-02-24T16:00:00.000,Sr 140,Sr 140 and Eves Rd,,Angle Crash,2,Rain,Wet,Daylight
2022-09-07T12:41:00.000,Sr 140,Sr 140 and Eves Rd,,Rear End,2,Clear,Dry,Daylight
2022-09-04T21:07:00.000,Sr 140,Sr 140 and Evans Rd,,Rear End,2,Cloudy,Wet,Dark-Not Lighted
2023-02-05T16:52:00.000,Sr 140,Sr 140 and Ervin Coker Rd,,Sideswipe-Same Direction,2,Clear,Dry,Daylight
2020-09-16T15:15:00.000,Sr 140,Sr 140 and Ervin Coker Rd,,Rear End,2,Rain,Wet,Daylight
2024-11-27T22:25:00.000,Sr 140,Sr 140 and Ervin Coker Rd,,Not a Collision with Motor Vehicle,1,Rain,Wet,Dark-Not Lighted
2024-05-03T07:34:00.000,Sr 140,Sr 140 and Ervin Coker Rd,,Sideswipe-Opposite Direction,2,Cloudy,Dry,Daylight
2024-01-22T18:17:00.000,Sr 140,Sr 140 and Ervin Coker Rd,,Rear End,2,Clear,Dry,Dark-Not Lighted
2024-08-08T21:12:00.000,Sr 140,Sr 140 and Ervin Coker Rd,,Not a Collision with Motor Vehicle,1,Clear,Dry,Dark-Lighted
2021-09-08T07:37:00.000,Sr 140,Sr 140 and Ellard Dr,,Rear End,3,Clear,Dry,Daylight
2021-07-11T09:40:00.000,Sr 140,Sr 140 and Ellard Dr,,Rear End,2,Cloudy,Dry,Daylight
2022-12-15T16:39:00.000,Sr 140,Sr 140 and Ellard Dr,,Angle Crash,3,Clear,Dry,Daylight
2024-09-19T17:33:00.000,Sr 140,Sr 140 and Eagle Pkwy,,Angle Crash,2,Cloudy,Dry,Daylight
2024-11-24T07:21:00.000,Sr 140,Sr 140 and E. Valley Rd,,Not a Collision with Motor Vehicle,1,Cloudy,Dry,Daylight
2020-11-25T18:54:00.000,Sr 140,Sr 140 and E Valley Rd,,Not a Collision with Motor Vehicle,1,Cloudy,Wet,Dark-Not Lighted
2021-09-30T21:40:00.000,Sr 140,Sr 140 and E Valley Rd,,Not a Collision with Motor Vehicle,1,Clear,Dry,Dark-Not Lighted
2024-01-07T23:35:00.000,Sr 140,Sr 140 and E Valley Rd,,Not a Collision with Motor Vehicle,1,Clear,Dry,Dark-Not Lighted
2023-08-11T19:17:00.000,Sr 140,Sr 140 and E Valley Rd,,Not a Collision with Motor Vehicle,1,Cloudy,Wet,Daylight
2023-05-06T23:25:00.000,Sr 140,Sr 140 and E Valley Rd,,Not a Collision with Motor Vehicle,1,Clear,Dry,Dark-Not Lighted
2024-01-24T18:13:00.000,Sr 140,Sr 140 and E Valley Rd,,Not a Collision with Motor Vehicle,1,Cloudy,Wet,Dark-Lighted
2023-02-21T06:34:00.000,Sr 140,Sr 140 and E Mitchell Rd,,Angle Crash,2,Clear,Dry,Dark-Lighted
2023-10-30T17:36:00.000,Sr 140,Sr 140 and E Mitchell Rd,,Angle Crash,2,Rain,Wet,Daylight
2024-02-21T08:08:00.000,Sr 140,Sr 140 and E Mitchell Rd,,Rear End,2,Clear,Dry,Daylight
2023-11-03T09:51:00.000,Sr 140,Sr 140 and E Mitchell Rd,,Angle Crash,2,Clear,Ice/Frost,Daylight
2023-11-08T16:05:00.000,Sr 140,Sr 140 and E Mitchell Rd,,Angle Crash,2,Clear,Dry,Daylight
2024-04-27T15:56:00.000,Sr 140,Sr 140 and E Mitchell Rd,,Sideswipe-Same Direction,2,Clear,Dry,Daylight
2022-04-28T10:28:00.000,Sr 140,Sr 140 and E Mill Creek Ln,,Not a Collision with Motor Vehicle,1,Clear,Dry,Daylight
2022-02-28T15:40:00.000,Sr 140,Sr 140 and E Mill Creek Ln,,Rear End,2,Clear,Dry,Daylight
2022-10-28T07:30:00.000,Sr 140,Sr 140 and E Mill Creek Ln,,Rear End,2,Clear,Dry,Dawn
2022-10-14T12:02:00.000,Sr 140,Sr 140 and E Mill Creek Ln,,Rear End,2,Clear,Dry,Daylight
2022-03-03T15:05:00.000,Sr 140,Sr 140 and E Mill Creek Ln,,Rear End,2,Clear,Dry,Daylight
2023-04-21T12:07:00.000,Sr 140,Sr 140 and E Cherokee Dr,,Angle Crash,2,Clear,Dry,Daylight
2023-01-27T15:50:00.000,Sr 140,Sr 140 and E Cherokee Dr,,Rear End,2,Clear,Dry,Daylight
2023-11-27T14:20:00.000,Sr 140,Sr 140 and E Cherokee Dr,,Rear End,2,Clear,Dry,Daylight
2023-11-30T17:35:00.000,Sr 140,Sr 140 and E Cherokee Dr,,Angle Crash,2,Clear,Dry,Dark-Lighted
2023-02-11T14:35:00.000,Sr 140,Sr 140 and E Cherokee Dr,,Angle Crash,2,Cloudy,Dry,Daylight
2023-10-17T16:58:00.000,Sr 140,Sr 140 and E Cherokee Dr,,Angle Crash,2,Clear,Dry,Daylight
2023-09-04T11:32:00.000,Sr 140,Sr 140 and E Cherokee Dr,,Rear End,2,Clear,Dry,Daylight
2023-05-08T13:30:00.000,Sr 140,Sr 140 and E Cherokee Dr,,Rear End,2,Clear,Dry,Daylight
2023-04-17T17:55:00.000,Sr 140,Sr 140 and E Cherokee Dr,,Rear End,2,Clear,Dry,Daylight
2023-02-08T12:16:00.000,Sr 140,Sr 140 and E Cherokee Dr,,Angle Crash,2,Clear,Dry,Daylight
2023-03-17T07:45:00.000,Sr 140,Sr 140 and E Cherokee Dr,,Rear End,2,Rain,Wet,Dawn
2022-08-30T08:30:00.000,Sr 140,Sr 140 and E Cherokee Dr,,Angle Crash,2,Clear,Dry,Daylight
2023-05-31T17:17:00.000,Sr 140,Sr 140 and E Cherokee Dr,,Angle Crash,2,Clear,Dry,Daylight
2023-12-29T13:17:00.000,Sr 140,Sr 140 and E Cherokee Dr,,Angle Crash,2,Cloudy,Dry,Daylight
2021-12-21T14:59:00.000,Sr 140,Sr 140 and E Cherokee Dr,,Rear End,2,Rain,Wet,Daylight
2021-12-27T15:14:00.000,Sr 140,Sr 140 and E Cherokee Dr,,Head On,2,Clear,Dry,Daylight
2022-10-30T18:40:00.000,Sr 140,Sr 140 and E Cherokee Dr,,Rear End,2,Rain,Wet,Dark-Lighted
2022-09-09T15:34:00.000,Sr 140,Sr 140 and E Cherokee Dr,,Angle Crash,2,Cloudy,Dry,Daylight
2022-04-15T09:50:00.000,Sr 140,Sr 140 and E Cherokee Dr,,Angle Crash,3,Cloudy,Dry,Daylight
2021-12-31T11:58:00.000,Sr 140,Sr 140 and E Cherokee Dr,,Rear End,2,Cloudy,Dry,Daylight
2022-11-09T19:16:00.000,Sr 140,Sr 140 and E Cherokee Dr,,Angle Crash,2,Clear,Dry,Dark-Lighted
2022-07-15T18:42:00.000,Sr 140,Sr 140 and E Cherokee Dr,,Angle Crash,2,Clear,Dry,Daylight
2022-12-17T17:30:00.000,Sr 140,Sr 140 and E Cherokee Dr,,Sideswipe-Same Direction,2,Clear,Dry,Dark-Lighted
2022-03-11T19:37:00.000,Sr 140,Sr 140 and E Cherokee Dr,,Rear End,3,Clear,Dry,Dark-Not Lighted
2022-01-30T20:53:00.000,Sr 140,Sr 140 and E Cherokee Dr,,Angle Crash,2,Clear,Dry,Dark-Not Lighted
2022-07-26T17:25:00.000,Sr 140,Sr 140 and E Cherokee Dr,,Rear End,2,Clear,Dry,Daylight
2022-12-17T19:25:00.000,Sr 140,Sr 140 and E Cherokee Dr,,Angle Crash,2,Clear,Dry,Dark-Lighted
2022-12-08T08:50:00.000,Sr 140,Sr 140 and E Cherokee Dr,,Rear End,2,Cloudy,Wet,Daylight
2022-12-27T13:19:00.000,Sr 140,Sr 140 and E Cherokee Dr,,Angle Crash,2,Clear,Dry,Daylight
2022-03-28T15:58:00.000,Sr 140,Sr 140 and E Cherokee Dr,,Rear End,2,Clear,Dry,Daylight
2022-04-07T17:50:00.000,Sr 140,Sr 140 and E Cherokee Dr,,Angle Crash,2,Clear,Dry,Daylight
2022-07-23T09:55:00.000,Sr 140,Sr 140 and E Cherokee Dr,,Rear End,2,Clear,Dry,Daylight
2022-03-24T12:45:00.000,Sr 140,Sr 140 and E Cherokee Dr,,Angle Crash,2,Clear,Dry,Daylight
2022-04-22T09:48:00.000,Sr 140,Sr 140 and E Cherokee Dr,,Angle Crash,2,Clear,Dry,Daylight
2022-08-13T09:48:00.000,Sr 140,Sr 140 and E Cherokee Dr,,Angle Crash,2,Clear,Dry,Daylight
2022-01-19T13:31:00.000,Sr 140,Sr 140 and E Cherokee Dr,,Rear End,2,Clear,Dry,Daylight
2022-06-21T20:30:00.000,Sr 140,Sr 140 and E Cherokee Dr,,Angle Crash,2,Clear,Dry,Daylight
2022-06-01T13:46:00.000,Sr 140,Sr 140 and E Cherokee Dr,,Rear End,2,Clear,Dry,Daylight
2022-11-12T18:48:00.000,Sr 140,Sr 140 and E Cherokee Dr,,Rear End,2,Cloudy,Wet,Dark-Lighted
2022-11-09T17:52:00.000,Sr 140,Sr 140 and E Cherokee Dr,,Angle Crash,2,Clear,Dry,Dusk
2022-12-13T14:10:00.000,Sr 140,Sr 140 and E Cherokee Dr,,Angle Crash,2,Clear,Dry,Daylight
2022-12-19T18:00:00.000,Sr 140,Sr 140 and E Cherokee Dr,,Rear End,3,Clear,Dry,Dark-Lighted
2022-02-25T19:59:00.000,Sr 140,Sr 140 and E Cherokee Dr,,Angle Crash,2,Clear,Dry,Dark-Lighted
2022-01-31T16:55:00.000,Sr 140,Sr 140 and E Cherokee Dr,,Rear End,2,Clear,Dry,Daylight
2022-05-04T18:58:00.000,Sr 140,Sr 140 and E Cherokee Dr,,Rear End,2,Clear,Dry,Daylight
2022-07-01T16:02:00.000,Sr 140,Sr 140 and E Cherokee Dr,,Head On,2,Clear,Dry,Daylight
2022-02-10T17:20:00.000,Sr 140,Sr 140 and E Cherokee Dr,,Angle Crash,4,Clear,Dry,Daylight
2024-01-11T20:45:00.000,Sr 140,Sr 140 and E Cherokee Dr,,Angle Crash,2,Clear,Dry,Dark-Lighted
2023-08-08T13:10:00.000,Sr 140,Sr 140 and E Cherokee Dr,,Rear End,2,Clear,Dry,Daylight
2023-06-15T13:44:00.000,Sr 140,Sr 140 and E Cherokee Dr,,Rear End,2,Clear,Dry,Daylight
2023-07-13T11:00:00.000,Sr 140,Sr 140 and E Cherokee Dr,,Angle Crash,2,Clear,Dry,Daylight
2023-09-05T00:00:00.000,Sr 140,Sr 140 and E Cherokee Dr,,Rear End,2,Clear,Dry,Daylight
2023-05-16T16:39:00.000,Sr 140,Sr 140 and E Cherokee Dr,,Rear End,2,Clear,Dry,Daylight
2023-04-13T09:14:00.000,Sr 140,Sr 140 and E Cherokee Dr,,Rear End,2,Clear,Dry,Daylight
2023-12-16T19:42:00.000,Sr 140,Sr 140 and E Cherokee Dr,,Rear End,2,Cloudy,Wet,Dark-Lighted
2023-08-08T20:02:00.000,Sr 140,Sr 140 and E Cherokee Dr,,Angle Crash,2,Cloudy,Dry,Daylight
2023-01-20T11:25:00.000,Sr 140,Sr 140 and E Cherokee Dr,,Angle Crash,2,Clear,Dry,Daylight
2023-08-13T15:20:00.000,Sr 140,Sr 140 and E Cherokee Dr,,Rear End,2,Clear,Dry,Daylight
2023-03-25T10:25:00.000,Sr 140,Sr 140 and E Cherokee Dr,,Sideswipe-Same Direction,2,Clear,Dry,Daylight