Date and Time,Roadway (From Crash Report),Intersection Name (from Crash Report),KABCO Severity,Manner of Collision (Crash Level) ,# of Vehicles per crash ,Weather Conditions (Crash Level),Surface Condition (Crash Level) ,Light Conditions (Crash Level)
2023-10-11T13:47:00.000,Sr 140,Sr 140 and E Cherokee Dr,,Angle Crash,2,Cloudy,Dry,Daylight
2023-10-06T20:43:00.000,Sr 140,Sr 140 and E Cherokee Dr,,Angle Crash,2,Cloudy,Wet,Dark-Lighted
2024-03-18T07:18:00.000,Sr 140,Sr 140 and E Cherokee Dr,,Angle Crash,2,Clear,Dry,Dark-Not Lighted
2024-02-15T07:48:00.000,Sr 140,Sr 140 and E Cherokee Dr,,Rear End,2,Clear,Dry,Daylight
2024-03-07T10:10:00.000,Sr 140,Sr 140 and E Cherokee Dr,,Rear End,2,Clear,Dry,Daylight
2024-02-16T15:20:00.000,Sr 140,Sr 140 and E Cherokee Dr,,Angle Crash,2,Clear,Dry,Daylight
2024-01-14T12:11:00.000,Sr 140,Sr 140 and E Cherokee Dr,,Angle Crash,2,Clear,Dry,Daylight
2024-02-01T15:45:00.000,Sr 140,Sr 140 and E Cherokee Dr,,Rear End,3,Clear,Dry,Daylight
2024-01-22T18:18:00.000,Sr 140,Sr 140 and E Cherokee Dr,,Sideswipe-Same Direction,2,Clear,Dry,Dark-Lighted
2022-06-12T21:53:00.000,Sr 140,Sr 140 and Dudley Dr,,Not a Collision with Motor Vehicle,1,Clear,Dry,Dark-Not Lighted
2022-11-15T04:44:00.000,Sr 140,Sr 140 and Dudley Dr,,Not a Collision with Motor Vehicle,1,Rain,Wet,Dark-Not Lighted
2022-07-06T19:51:00.000,Sr 140,Sr 140 and Dudley Dr,,Not a Collision with Motor Vehicle,1,Clear,Dry,Daylight
2021-02-19T15:13:00.000,Sr 140,Sr 140 and Dogwood Rd,,Rear End,2,Clear,Dry,Daylight
2021-12-03T10:23:00.000,Sr 140,Sr 140 and Dogwood Rd,,Rear End,3,Clear,Dry,Daylight
2020-02-13T07:22:00.000,Sr 140,Sr 140 and Dogwood Rd,,Rear End,2,Rain,Wet,Daylight
2020-02-15T21:01:00.000,Sr 140,Sr 140 and Dogwood Rd,,Rear End,3,Clear,Dry,Dark-Lighted
2020-02-13T11:12:00.000,Sr 140,Sr 140 and Dogwood Rd,,Rear End,2,Rain,Wet,Daylight
2020-02-17T06:34:00.000,Sr 140,Sr 140 and Dogwood Rd,,Angle Crash,2,Fog,Wet,Dark-Lighted
2020-02-21T09:40:00.000,Sr 140,Sr 140 and Dogwood Rd,,Rear End,2,Clear,Dry,Daylight
2020-01-01T15:59:00.000,Sr 140,Sr 140 and Dogwood Rd,,Rear End,2,Clear,Dry,Daylight
2020-01-30T16:37:00.000,Sr 140,Sr 140 and Dogwood Rd,,Angle Crash,2,Clear,Dry,Daylight
2020-01-15T13:49:00.000,Sr 140,Sr 140 and Dogwood Rd,,Rear End,2,Cloudy,Dry,Daylight
2020-02-07T13:40:00.000,Sr 140,Sr 140 and Dogwood Rd,,Sideswipe-Same Direction,2,Cloudy,Dry,Daylight
2020-02-24T18:19:00.000,Sr 140,Sr 140 and Dogwood Rd,,Sideswipe-Same Direction,2,Rain,Wet,Dark-Lighted
2022-05-23T08:36:00.000,Sr 140,Sr 140 and Dogwood Rd,,Rear End,2,Rain,Wet,Daylight
2022-09-04T11:43:00.000,Sr 140,Sr 140 and Dogwood Rd,,Rear End,2,Cloudy,Dry,Daylight
2022-04-20T11:19:00.000,Sr 140,Sr 140 and Dogwood Rd,,Angle Crash,2,Clear,Dry,Daylight
2020-01-11T22:30:00.000,Sr 140,Sr 140 and Dog Lane Rd,,Not a Collision with Motor Vehicle,1,Rain,Wet,Dark-Not Lighted
2023-01-23T10:08:00.000,Sr 140,Sr 140 and Dog Lane Rd,,Not a Collision with Motor Vehicle,1,Cloudy,Dry,Daylight
2023-09-10T12:59:00.000,Sr 140,Sr 140 and Dawson Blvd,,Rear End,4,Clear,Dry,Daylight
2021-02-11T17:55:00.000,Sr 140,Sr 140 and Davis Loop Rd,,Not a Collision with Motor Vehicle,1,Rain,Wet,Daylight
2021-07-19T13:40:00.000,Sr 140,Sr 140 and Davis Loop Rd,,Sideswipe-Same Direction,2,Cloudy,Wet,Daylight
2022-08-25T08:24:00.000,Sr 140,Sr 140 and Davis Loop Rd,,Sideswipe-Opposite Direction,2,Clear,Dry,Daylight
2024-01-25T09:26:00.000,Sr 140,Sr 140 and Davis Loop Rd,,Not a Collision with Motor Vehicle,1,Rain,Wet,Daylight
2023-02-09T14:36:00.000,Sr 140,Sr 140 and Darnell Rd,,Angle Crash,2,Rain,Wet,Daylight
2022-06-02T13:11:00.000,Sr 140,Sr 140 and Darnell Rd,,Rear End,2,Clear,Dry,Daylight
2023-07-08T00:00:00.000,Sr 140,Sr 140 and Crowder Rd,,Not a Collision with Motor Vehicle,1,Clear,Dry,Daylight
2023-10-31T08:20:00.000,Sr 140,Sr 140 and Cross St,,Not a Collision with Motor Vehicle,1,Cloudy,Dry,Daylight
2024-01-03T13:15:00.000,Sr 140,Sr 140 and Cross St,,Not a Collision with Motor Vehicle,1,Cloudy,Dry,Daylight
2023-08-22T17:58:00.000,Sr 140,Sr 140 and Crest Brooke Dr,,Not a Collision with Motor Vehicle,1,Cloudy,Dry,Daylight
2022-12-04T13:00:00.000,Sr 140,Sr 140 and Crest Brooke Dr,,Not a Collision with Motor Vehicle,1,Clear,Dry,Daylight
2022-05-25T08:52:00.000,Sr 140,Sr 140 and Crest Brooke Dr,,Rear End,2,Cloudy,Wet,Daylight
2022-03-17T11:34:00.000,Sr 140,Sr 140 and Crest Brooke Dr,,Rear End,2,Clear,Dry,Daylight
2022-07-15T15:53:00.000,Sr 140,Sr 140 and Crest Brooke Dr,,Rear End,2,Clear,Dry,Daylight
2021-07-14T16:25:00.000,Sr 140,Sr 140 and Cresent Dr,,Rear End,2,Clear,Dry,Daylight
2020-01-03T17:09:00.000,Sr 140,Sr 140 and Crescent Dr,,Angle Crash,2,Rain,Wet,Daylight
2022-06-14T09:38:00.000,Sr 140,Sr 140 and Creek Hollow Dr,,Angle Crash,2,Clear,Dry,Daylight
2020-01-11T11:36:00.000,Sr 140,Sr 140 and Crabapple Rd,,Angle Crash,2,Rain,Wet,Daylight
2022-02-01T11:30:00.000,Sr 140,Sr 140 and Crabapple Rd,,Rear End,2,Clear,Dry,Daylight
2020-01-17T06:06:00.000,Sr 140,Sr 140 and Crabapple Rd,,Rear End,2,Clear,Dry,Dark-Lighted
2021-08-08T12:05:00.000,Sr 140,Sr 140 and Crabapple Rd,,Rear End,2,Clear,Dry,Daylight
2022-02-01T07:52:00.000,Sr 140,Sr 140 and Crabapple Rd,,Angle Crash,2,Clear,Dry,Daylight
2023-09-02T19:51:00.000,Sr 140,Sr 140 and Country Pl,,Sideswipe-Same Direction,2,Clear,Dry,Dusk
2022-08-16T07:51:00.000,Sr 140,Sr 140 and Country Pl,,Rear End,3,Clear,Dry,Daylight
2022-11-29T15:48:00.000,Sr 140,Sr 140 and Cloud Ln,,Angle Crash,2,Cloudy,Dry,Daylight
2022-02-19T09:03:00.000,Sr 140,Sr 140 and Cloud Ln,,Not a Collision with Motor Vehicle,1,Clear,Dry,Daylight
2023-08-04T14:56:00.000,Sr 140,Sr 140 and Cherokee Overlook Dr,,Angle Crash,2,Cloudy,Dry,Daylight
2020-07-09T17:50:00.000,Sr 140,Sr 140 and Charles Cox Dr,,Rear End,3,Clear,Dry,Daylight
2023-12-27T14:00:00.000,Sr 140,Sr 140 and Charles Cox Dr,,Rear End,2,Clear,Dry,Daylight
2023-02-07T15:55:00.000,Sr 140,Sr 140 and Charles Cox Dr,,Rear End,2,Clear,Dry,Daylight
2023-08-29T15:24:00.000,Sr 140,Sr 140 and Charles Cox Dr,,Angle Crash,2,Clear,Dry,Daylight
2023-12-14T17:19:00.000,Sr 140,Sr 140 and Charles Cox Dr,,Rear End,2,Clear,Dry,Daylight
2023-03-18T13:09:00.000,Sr 140,Sr 140 and Charles Cox Dr,,Rear End,2,Clear,Dry,Daylight
2023-04-22T13:48:00.000,Sr 140,Sr 140 and Charles Cox Dr,,Angle Crash,2,Clear,Dry,Daylight
2022-03-02T16:45:00.000,Sr 140,Sr 140 and Charles Cox Dr,,Rear End,2,Clear,Dry,Daylight
2022-07-06T08:51:00.000,Sr 140,Sr 140 and Charles Cox Dr,,Rear End,2,Clear,Dry,Daylight
2022-12-17T11:57:00.000,Sr 140,Sr 140 and Charles Cox Dr,,Rear End,2,Cloudy,Dry,Daylight
2022-12-12T06:52:00.000,Sr 140,Sr 140 and Charles Cox Dr,,Rear End,2,Cloudy,Wet,Daylight
2022-04-16T15:05:00.000,Sr 140,Sr 140 and Charles Cox Dr,,Angle Crash,2,Cloudy,Dry,Daylight
2023-11-02T19:35:00.000,Sr 140,Sr 140 and Charles Cox Dr,,Rear End,2,Clear,Dry,Dark-Not Lighted
2023-01-31T17:34:00.000,Sr 140,Sr 140 and Charles Cox Dr,,Angle Crash,2,Rain,Wet,Daylight
2023-02-07T15:49:00.000,Sr 140,Sr 140 and Charles Cox Dr,,Rear End,2,Clear,Dry,Daylight
2024-02-11T07:20:00.000,Sr 140,Sr 140 and Charles Cox Dr,,Not a Collision with Motor Vehicle,1,Rain,Wet,Daylight
2020-02-11T20:22:00.000,Sr 140,Sr 140 and Champions Green Pkwy,,Angle Crash,2,Rain,Wet,Dark-Not Lighted
2023-10-29T04:50:00.000,Sr 140,Sr 140 and Ceder Creek Church Rd,,Not a Collision with Motor Vehicle,1,Clear,Dry,Dawn
2021-01-10T18:35:00.000,Sr 140,Sr 140 and Cedar Creek Church Rd,,Not a Collision with Motor Vehicle,1,Clear,Dry,Dark-Not Lighted
2022-08-27T09:50:00.000,Sr 140,Sr 140 and Cedar Creek Church Rd,,Sideswipe-Same Direction,2,Clear,Dry,Daylight
2022-12-02T21:10:00.000,Sr 140,Sr 140 and Cedar Creek Church Rd,,Not a Collision with Motor Vehicle,1,Clear,Dry,Dark-Not Lighted
2021-10-19T19:30:00.000,Sr 140,Sr 140 and Cass Pine Log Rd,,Angle Crash,2,Cloudy,Dry,Dark-Not Lighted
2023-07-25T17:41:00.000,Sr 140,Sr 140 and Cass Pine Log Rd,,Angle Crash,2,Cloudy,Dry,Daylight
2023-01-26T07:04:00.000,Sr 140,Sr 140 and Cass Pine Log Rd,,Not a Collision with Motor Vehicle,1,Cloudy,Dry,Dark-Not Lighted
2021-10-16T01:24:00.000,Sr 140,Sr 140 and Cass Pine Log Rd,,Not a Collision with Motor Vehicle,1,Clear,Dry,Dark-Not Lighted
2021-12-10T18:32:00.000,Sr 140,Sr 140 and Cashel Adare Blvd,,Rear End,2,Cloudy,Wet,Dark-Not Lighted
2023-03-29T06:54:00.000,Sr 140,Sr 140 and Cashel Adare Blvd,,Rear End,2,Clear,Dry,Dark-Not Lighted
2022-11-24T23:19:00.000,Sr 140,Sr 140 and Cashel Adare Blvd,,Not a Collision with Motor Vehicle,1,Cloudy,Dry,Dark-Not Lighted
2020-10-16T16:35:00.000,Sr 140,Sr 140 and Cashel Adare Blvd,,Rear End,2,Clear,Dry,Daylight
2021-02-18T02:24:00.000,Sr 140,Sr 140 and Cashel Adare Blvd,,Not a Collision with Motor Vehicle,1,Rain,Wet,Dark-Not Lighted
2022-01-29T15:25:00.000,Sr 140,Sr 140 and Cashel Adaire Blvd,,Rear End,2,Clear,Dry,Daylight
2020-01-13T11:50:00.000,Sr 140,Sr 140 and Calibre Creek Pkwy,,Rear End,2,Cloudy,Wet,Daylight
2021-03-04T07:30:00.000,Sr 140,Sr 140 and Buttrum Rd,,Sideswipe-Opposite Direction,2,Clear,Dry,Daylight
2021-04-08T07:15:00.000,Sr 140,Sr 140 and Buttrum Rd,,Not a Collision with Motor Vehicle,1,Clear,Dry,Dawn
2023-02-17T17:21:00.000,Sr 140,Sr 140 and Buttrum Rd,,Head On,2,Cloudy,Dry,Daylight
2023-02-16T15:21:00.000,Sr 140,Sr 140 and Buttrum Rd,,Angle Crash,2,Clear,Dry,Daylight
2020-07-27T12:40:00.000,Sr 140,Sr 140 and Buttrum Rd,,Rear End,2,Cloudy,Dry,Daylight
2020-05-02T13:45:00.000,Sr 140,Sr 140 and Buttrum Rd,,Sideswipe-Same Direction,2,Clear,Dry,Daylight
2020-09-04T06:00:00.000,Sr 140,Sr 140 and Buttrum Rd,,Rear End,2,Clear,Dry,Dark-Not Lighted
2021-02-08T05:15:00.000,Sr 140,Sr 140 and Buttrum Rd,,Not a Collision with Motor Vehicle,1,Clear,Ice/Frost,Dark-Not Lighted
2021-11-26T14:38:00.000,Sr 140,Sr 140 and Buttrum Rd,,Rear End,2,Clear,Dry,Daylight
2022-10-20T06:41:00.000,Sr 140,Sr 140 and Buttrum Rd,,Rear End,2,Clear,Dry,Dark-Not Lighted
2022-03-12T08:44:00.000,Sr 140,Sr 140 and Buttrum Rd,,Rear End,2,Snow,Wet,Daylight
2022-01-21T07:56:00.000,Sr 140,Sr 140 and Buttrum Rd,,Rear End,2,Clear,Dry,Daylight
2022-01-11T04:11:00.000,Sr 140,Sr 140 and Buttrum Rd,,Sideswipe-Opposite Direction,2,Clear,Dry,Dark-Not Lighted
2024-07-30T12:57:00.000,Sr 140,Sr 140 and Buttrum Rd,,Sideswipe-Same Direction,2,Clear,Dry,Daylight
2021-08-14T18:43:00.000,Sr 140,Sr 140 and Brook Hollow Pkwy,,Rear End,2,Cloudy,Dry,Daylight
2023-09-27T16:03:00.000,Sr 140,Sr 140 and Brook Hollow Pkwy,,Sideswipe-Same Direction,2,Cloudy,Dry,Daylight
2024-05-26T03:00:00.000,Sr 140,Sr 140 and Britt Rd,,Angle Crash,3,Clear,Dry,Dark-Lighted
2023-03-30T17:12:00.000,Sr 140,Sr 140 and Brick Mill Rd,,Rear End,2,Clear,Dry,Daylight
2023-03-30T17:12:00.000,Sr 140,Sr 140 and Brick Mill Rd,,Rear End,2,Clear,Dry,Daylight
2024-03-14T14:14:00.000,Sr 140,Sr 140 and Brick Mill Rd,,Rear End,2,Clear,Dry,Daylight
2020-02-24T15:58:00.000,Sr 140,Sr 140 and Bradford Dr,,Rear End,2,Rain,Wet,Daylight
2021-01-22T08:31:00.000,Sr 140,Sr 140 and Bozeman Rd,,Sideswipe-Opposite Direction,1,Cloudy,Dry,Daylight
2022-11-17T17:44:00.000,Sr 140,Sr 140 and Bozeman Rd,,Not a Collision with Motor Vehicle,1,Clear,Dry,Dusk
2020-04-08T07:00:00.000,Sr 140,Sr 140 and Bozeman Rd,,Not a Collision with Motor Vehicle,1,Cloudy,Dry,Daylight
2024-10-20T19:58:00.000,Sr 140,Sr 140 and Bozeman Rd,,Not a Collision with Motor Vehicle,1,Clear,Dry,Dark-Not Lighted
2023-04-08T14:50:00.000,Sr 140,Sr 140 and Bozeman Rd,,Not a Collision with Motor Vehicle,1,Rain,Wet,Daylight
2020-02-13T08:18:00.000,Sr 140,Sr 140 and Birchwood Ln,,Angle Crash,2,Rain,Wet,Daylight
2023-11-10T18:05:00.000,Sr 140,Sr 140 and Big Springs Rd,,Not a Collision with Motor Vehicle,1,Clear,Dry,Dark-Not Lighted
2023-02-28T07:15:00.000,Sr 140,Sr 140 and Big Springs Rd,,Rear End,3,Clear,Dry,Dawn
2021-06-19T15:50:00.000,Sr 140,Sr 140 and Big Oak Tree Rd,,Rear End,2,Rain,Wet,Daylight
2021-02-03T13:02:00.000,Sr 140,Sr 140 and Big Oak Tree Rd,,Sideswipe-Same Direction,2,Clear,Dry,Daylight
2021-02-18T07:00:00.000,Sr 140,Sr 140 and Big Oak Tree Rd,,Sideswipe-Same Direction,2,Cloudy,Wet,Dawn
2023-04-25T17:25:00.000,Sr 140,Sr 140 and Big Oak Tree Rd,,Angle Crash,2,Cloudy,Dry,Daylight
2023-04-12T14:09:00.000,Sr 140,Sr 140 and Big Oak Tree Rd,,Rear End,2,Clear,Dry,Daylight
2022-04-13T12:20:00.000,Sr 140,Sr 140 and Big Oak Tree Rd,,Angle Crash,3,Cloudy,Dry,Daylight
2020-12-05T09:50:00.000,Sr 140,Sr 140 and Big Oak Tree Rd,,Not a Collision with Motor Vehicle,3,Clear,Dry,Daylight
2021-05-20T17:32:00.000,Sr 140,Sr 140 and Big Oak Tree Rd,,Not a Collision with Motor Vehicle,1,Clear,Dry,Daylight
2021-12-13T15:42:00.000,Sr 140,Sr 140 and Big Oak Tree Rd,,Not a Collision with Motor Vehicle,1,Clear,Dry,Daylight
2022-12-15T18:44:00.000,Sr 140,Sr 140 and Big Oak Tree Rd,,Rear End,2,Clear,Dry,Dark-Not Lighted
2022-02-19T05:52:00.000,Sr 140,Sr 140 and Big Oak Tree Rd,,Not a Collision with Motor Vehicle,1,Clear,Ice/Frost,Dark-Not Lighted
2024-11-26T04:44:00.000,Sr 140,Sr 140 and Big Oak Tree Rd,,Not a Collision with Motor Vehicle,1,Clear,Wet,Dark-Not Lighted
2020-11-13T06:16:00.000,Sr 140,Sr 140 and Big Oak Tree,,Sideswipe-Same Direction,2,Fog,Dry,Dawn
2023-07-03T17:55:00.000,Sr 140,Sr 140 and Big Oak Grove Rd,,Sideswipe-Same Direction,2,Cloudy,Dry,Daylight
2021-05-21T06:06:00.000,Sr 140,Sr 140 and Big Ditch Rd,,Not a Collision with Motor Vehicle,1,Clear,Dry,Daylight
2023-04-22T15:55:00.000,Sr 140,Sr 140 and Big Ditch Rd,,Rear End,2,Clear,Dry,Daylight
2020-05-13T13:55:00.000,Sr 140,Sr 140 and Big Ditch Rd,,Not a Collision with Motor Vehicle,1,Cloudy,Dry,Daylight
2021-05-16T21:22:00.000,Sr 140,Sr 140 and Big Ditch Rd,,Angle Crash,2,Clear,Dry,Dark-Not Lighted
2021-05-20T07:25:00.000,Sr 140,Sr 140 and Big Ditch Rd,,Not a Collision with Motor Vehicle,2,Clear,Dry,Daylight
2022-01-28T19:40:00.000,Sr 140,Sr 140 and Big Ditch Rd,,Not a Collision with Motor Vehicle,1,Clear,Dry,Dark-Not Lighted
2024-08-29T01:30:00.000,Sr 140,Sr 140 and Big Ditch Rd,,Not a Collision with Motor Vehicle,1,Clear,Dry,Dark-Not Lighted
2024-02-12T15:28:00.000,Sr 140,Sr 140 and Big Ditch Rd,,Not a Collision with Motor Vehicle,2,Cloudy,Wet,Daylight
2024-03-14T17:23:00.000,Sr 140,Sr 140 and Big Ditch Rd,,Angle Crash,2,Clear,Dry,Daylight
2020-01-24T19:43:00.000,Sr 140,Sr 140 and Best Friend Rd,,Not a Collision with Motor Vehicle,1,Cloudy,Wet,Dark-Not Lighted
2023-07-21T10:50:00.000,Sr 140,Sr 140 and Bells Ferry Rd,,Not a Collision with Motor Vehicle,1,Cloudy,Dry,Daylight
2020-09-15T13:03:00.000,Sr 140,Sr 140 and Bells Ferry Rd,,Rear End,3,Cloudy,Dry,Daylight
2021-05-07T15:30:00.000,Sr 140,Sr 140 and Bells Ferry Rd,,Not a Collision with Motor Vehicle,2,Clear,Dry,Daylight
2022-06-17T16:01:00.000,Sr 140,Sr 140 and Bells Ferry Rd,,Not a Collision with Motor Vehicle,1,Clear,Wet,Daylight
2024-12-22T19:57:00.000,Sr 140,Sr 140 and Bells Ferry Rd,,Not a Collision with Motor Vehicle,1,Clear,Dry,Dark-Not Lighted
2021-01-19T19:38:00.000,Sr 140,Sr 140 and Belletta Dr,,Rear End,2,Cloudy,Wet,Dark-Not Lighted
2021-02-22T02:15:00.000,Sr 140,Sr 140 and Bartow County Line,,Not a Collision with Motor Vehicle,1,Clear,Dry,Dark-Not Lighted
2020-01-16T09:20:00.000,Sr 140,Sr 140 and Bartow County Line,,Angle Crash,2,Clear,Dry,Daylight
2023-08-10T15:30:00.000,Sr 140,Sr 140 and Barnwell Rd,,Rear End,2,Clear,Dry,Daylight
2023-04-19T09:23:00.000,Sr 140,Sr 140 and Barnwell Rd,,Angle Crash,2,Clear,Dry,Daylight
2020-01-23T18:34:00.000,Sr 140,Sr 140 and Barnwell Rd,,Rear End,2,Clear,Dry,Dark-Lighted
2020-02-08T10:20:00.000,Sr 140,Sr 140 and Barnwell Rd,,Not a Collision with Motor Vehicle,1,Snow,Snow,Daylight
2020-02-20T16:34:00.000,Sr 140,Sr 140 and Barnwell Rd,,Rear End,2,Rain,Wet,Daylight
2020-02-24T22:49:00.000,Sr 140,Sr 140 and Barnwell Rd,,Sideswipe-Same Direction,2,Rain,Wet,Dark-Not Lighted
2023-08-07T18:25:00.000,Sr 140,Sr 140 and Bailey Rd,,Rear End,2,Rain,Wet,Dark-Not Lighted
2022-01-30T14:57:00.000,Sr 140,Sr 140 and Bailey Rd,,Rear End,3,Clear,Dry,Daylight
2022-02-11T18:57:00.000,Sr 140,Sr 140 and Bailey Rd,,Rear End,2,Clear,Dry,Dark-Not Lighted
2022-04-28T12:35:00.000,Sr 140,Sr 140 and Bailey Rd,,Angle Crash,2,Clear,Dry,Daylight
2022-12-31T13:39:00.000,Sr 140,Sr 140 and Bailey Rd,,Rear End,2,Rain,Wet,Daylight
2023-05-30T13:53:00.000,Sr 140,Sr 140 and Bailey Rd,,Rear End,2,Clear,Dry,Daylight
2023-02-02T15:27:00.000,Sr 140,Sr 140 and Bailey Rd,,Rear End,2,Rain,Wet,Daylight
2023-05-23T09:00:00.000,Sr 140,Sr 140 and Bailey Rd,,Rear End,2,Rain,Wet,Daylight
2023-10-03T11:08:00.000,Sr 140,Sr 140 and Bailey Rd,,Rear End,2,Clear,Dry,Daylight
2023-12-03T12:54:00.000,Sr 140,Sr 140 and Bailey Rd,,Rear End,2,Cloudy,Dry,Daylight
2024-01-11T09:42:00.000,Sr 140,Sr 140 and Bailey Rd,,Rear End,2,Clear,Dry,Daylight
2023-03-25T13:01:00.000,Sr 140,Sr 140 and Avery Rd,,Rear End,2,Clear,Dry,Daylight
2023-10-20T12:26:00.000,Sr 140,Sr 140 and Avery Rd,,Rear End,2,Clear,Dry,Daylight
2022-03-24T14:30:00.000,Sr 140,Sr 140 and Avery Rd,,Angle Crash,3,Clear,Dry,Daylight
2022-01-26T00:15:00.000,Sr 140,Sr 140 and Avery Rd,,Not a Collision with Motor Vehicle,1,Clear,Dry,Dark-Not Lighted
2022-09-01T15:01:00.000,Sr 140,Sr 140 and Avery Rd,,Rear End,2,Clear,Dry,Daylight
2024-01-18T18:55:00.000,Sr 140,Sr 140 and Avery Rd,,Angle Crash,2,Cloudy,Dry,Dark-Not Lighted
2023-08-19T16:05:00.000,Sr 140,Sr 140 and Avery Rd,,Rear End,2,Clear,Dry,Daylight
2023-03-09T16:10:00.000,Sr 140,Sr 140 and Avery Rd,,Rear End,2,Clear,Dry,Daylight
2023-03-28T08:04:00.000,Sr 140,Sr 140 and Avery Rd,,Rear End,4,Clear,Dry,Dawn
2023-04-15T15:45:00.000,Sr 140,Sr 140 and Avery Rd,,Rear End,2,Clear,Dry,Daylight
2023-11-15T11:15:00.000,Sr 140,Sr 140 and Avery Rd,,Angle Crash,2,Cloudy,Dry,Daylight
2023-02-07T18:39:00.000,Sr 140,Sr 140 and Avery Rd,,Rear End,2,Clear,Dry,Dark-Lighted
2023-01-26T15:40:00.000,Sr 140,Sr 140 and Avery Rd,,Angle Crash,2,Clear,Dry,Daylight
2023-09-10T20:49:00.000,Sr 140,Sr 140 and Avery Rd,,Not a Collision with Motor Vehicle,1,Clear,Dry,Dark-Lighted
2022-07-18T15:38:00.000,Sr 140,Sr 140 and Avery Landing Way,,Rear End,2,Cloudy,Dry,Daylight
2020-01-04T11:02:00.000,Sr 140,Sr 140 and Atlantic Blvd,,Rear End,2,Cloudy,Wet,Daylight
2023-10-21T11:00:00.000,Sr 140,Sr 140 and Arnold Mill Rd,,Not a Collision with Motor Vehicle,1,Cloudy,Dry,Daylight
2023-04-25T08:30:00.000,Sr 140,Sr 140 and Arnold Mill Rd,,Sideswipe-Same Direction,2,Clear,Dry,Daylight
2022-01-13T07:40:00.000,Sr 140,Sr 140 and Arnold Mill Rd,,Rear End,2,Clear,Dry,Daylight
2022-10-04T10:50:00.000,Sr 140,Sr 140 and Arnold Mill Rd,,Rear End,2,Clear,Dry,Daylight
2022-11-02T14:33:00.000,Sr 140,Sr 140 and Arnold Mill Rd,,Angle Crash,2,Cloudy,Dry,Daylight
2022-01-14T20:00:00.000,Sr 140,Sr 140 and Arnold Mill Rd,,Angle Crash,2,Clear,Dry,Dark-Not Lighted
2023-06-14T11:30:00.000,Sr 140,Sr 140 and Arnold Mill Rd,,Angle Crash,2,Cloudy,Dry,Daylight
2020-01-31T19:10:00.000,Sr 140,Sr 140 and Applegate Dr,,Rear End,2,Clear,Dry,Dark-Not Lighted
2024-01-24T14:13:00.000,Sr 140,Sr 140 and Adcock Loop Rd,,Sideswipe-Same Direction,2,Cloudy,Dry,Daylight
2021-11-15T08:21:00.000,Sr 140,Sr 140 and Adcock Loop,,Not a Collision with Motor Vehicle,1,Clear,Dry,Daylight
2021-03-15T07:45:00.000,Sr 140,Sr 140 and Adare Pkwy,,Sideswipe-Opposite Direction,2,Clear,Dry,Daylight
2024-07-30T16:20:00.000,Sr 140,Sr 140 and Adare Pkwy,,Angle Crash,2,Clear,Dry,Daylight
2022-09-15T17:26:00.000,Sr 140,Sr 140 and 721 Turkey Mountain Rd,,Rear End,2,Clear,Dry,Daylight
2022-12-03T11:28:00.000,Sr 140,Sr 140 and 2327 Hwy 140,,Not a Collision with Motor Vehicle,1,Rain,Wet,Daylight
2020-12-13T19:28:00.000,Sr 140,Sr 140 and 1705 Hwy 140,,Not a Collision with Motor Vehicle,1,Clear,Dry,Dark-Not Lighted
2020-10-08T07:00:00.000,Sr 140,Sr 140 and 1655 Hwy 140,,Angle Crash,2,Fog,Dry,Dark-Not Lighted
2022-02-03T13:31:00.000,Sr 140,Sr 140 and 1498 Highway 140,,Angle Crash,2,Rain,Wet,Daylight
2021-04-19T18:05:00.000,Sr 140,Sr 140 and 1401 Hwy 140 Driveway,,Angle Crash,2,Clear,Dry,Daylight
2022-03-25T21:54:00.000,I 285,Sr 14 and I 285,,Sideswipe-Same Direction,2,Clear,Dry,Dark-Lighted
2020-06-25T16:58:00.000,I 285,Sr 13 and I 285,,Rear End,2,Cloudy,Dry,Daylight
2020-06-16T16:55:00.000,I 285,Sr 13 and I 285,,Rear End,2,Cloudy,Dry,Daylight
2021-06-17T00:10:00.000,I 285,Sr 13 and I 285,,Not a Collision with Motor Vehicle,2,Clear,Dry,Dark-Not Lighted
2021-07-18T05:10:00.000,I 285,Sr 13 and I 285,,Not a Collision with Motor Vehicle,1,Cloudy,Dry,Dark-Not Lighted
2022-04-15T19:25:00.000,I 285,Sr 13 and I 285,,Sideswipe-Same Direction,2,Clear,Dry,Daylight
2022-03-14T01:58:00.000,I 285,Sr 13 and I 285,,Not a Collision with Motor Vehicle,1,Clear,Dry,Daylight
2023-11-28T06:32:00.000,I 285,Sr 13 and I 285,,Sideswipe-Same Direction,2,Clear,Dry,Dark-Lighted
2024-04-01T12:51:00.000,Sr 120,Sr 120 and Wisner Rd,,Not a Collision with Motor Vehicle,1,Cloudy,Dry,Daylight
2020-09-19T08:00:00.000,Sr 120,Sr 120 and Wisener Rd,,Not a Collision with Motor Vehicle,1,Cloudy,Dry,Daylight
2021-06-23T18:20:00.000,Sr 120,Sr 120 and Wisener Rd,,Rear End,2,Clear,Dry,Daylight
2021-10-23T14:45:00.000,Sr 120,Sr 120 and Wisener Rd,,Rear End,2,Clear,Dry,Daylight
2021-07-11T17:32:00.000,Sr 120,Sr 120 and Willow Pointe Dr,,Sideswipe-Same Direction,2,Cloudy,Dry,Daylight
2021-05-12T12:56:00.000,Sr 120,Sr 120 and Willow Pointe Dr,,Rear End,2,Rain,Wet,Daylight
2021-03-22T18:03:00.000,Sr 120,Sr 120 and Willow Pointe Dr,,Rear End,3,Clear,Dry,Daylight
2021-06-24T10:34:00.000,Sr 120,Sr 120 and Willow Pointe Dr,,Sideswipe-Same Direction,2,Clear,Dry,Daylight
2022-10-17T17:30:00.000,Sr 120,Sr 120 and Willow Pointe Dr,,Rear End,2,Clear,Dry,Daylight
2022-04-01T18:53:00.000,Sr 120,Sr 120 and Willow Pointe Dr,,Rear End,2,Clear,Dry,Daylight
2024-12-14T12:52:00.000,Sr 120,Sr 120 and Willow Pointe Dr,,Rear End,2,Clear,Dry,Daylight
2022-02-22T17:02:00.000,Sr 120,Sr 120 and Willeo Rd,,Rear End,2,Clear,Dry,Daylight