Date and Time,Roadway (From Crash Report),Intersection Name (from Crash Report),KABCO Severity,Manner of Collision (Crash Level) ,# of Vehicles per crash ,Weather Conditions (Crash Level),Surface Condition (Crash Level) ,Light Conditions (Crash Level)
2020-04-10T20:10:00.000,Sr 120,Sr 120 and White Oak Church Rd,,Not a Collision with Motor Vehicle,1,Clear,Dry,Dark-Not Lighted
2021-12-27T06:08:00.000,Sr 120,Sr 120 and White Oak Church Rd,,Not a Collision with Motor Vehicle,1,Clear,Dry,Dark-Not Lighted
2022-12-16T18:50:00.000,Sr 120,Sr 120 and White Oak Church Rd,,Sideswipe-Opposite Direction,4,Clear,Dry,Dark-Not Lighted
2023-09-27T16:30:00.000,Sr 120,Sr 120 and Wheeler Lake Path,,Angle Crash,3,Cloudy,Dry,Daylight
2022-09-04T12:10:00.000,Sr 120,Sr 120 and Wheeler Lake Path,,Sideswipe-Opposite Direction,2,Cloudy,Wet,Daylight
2022-01-11T11:06:00.000,Sr 120,Sr 120 and Wheeler Lake Path,,Rear End,2,Clear,Dry,Daylight
2023-06-09T14:00:00.000,Sr 120,Sr 120 and Westside Pkwy,,Angle Crash,2,Clear,Dry,Daylight
2021-01-20T00:45:00.000,Sr 120,Sr 120 and Westside Cir,,Not a Collision with Motor Vehicle,1,Clear,Dry,Dark-Not Lighted
2023-09-22T17:33:00.000,Sr 120,Sr 120 and Westside Cir,,Angle Crash,2,Clear,Dry,Daylight
2020-05-28T23:17:00.000,Sr 120,Sr 120 and Wesley Camp Rd,,Not a Collision with Motor Vehicle,1,Cloudy,Dry,Dark-Not Lighted
2024-10-04T10:28:00.000,Sr 120,Sr 120 and Wesley Camp Rd,,Rear End,2,Cloudy,Dry,Daylight
2024-12-15T15:41:00.000,Sr 120,Sr 120 and Weldon Rd,,Sideswipe-Same Direction,2,Rain,Wet,Daylight
2024-03-14T06:50:00.000,Sr 120,Sr 120 and Weldon Rd,,Angle Crash,2,Clear,Dry,Dark-Not Lighted
2020-04-17T07:46:00.000,Sr 120,Sr 120 and Warren Morrow Rd,,Angle Crash,2,Clear,Dry,Daylight
2022-09-07T12:31:00.000,Sr 120,Sr 120 and Warren Morrow Rd,,Angle Crash,2,Clear,Dry,Daylight
2023-04-05T19:35:00.000,Sr 120,Sr 120 and Walmart Private Dr,,Rear End,2,Clear,Dry,Daylight
2023-06-03T08:11:00.000,Sr 120,Sr 120 and Wallace Rd,,Rear End,3,Clear,Dry,Daylight
2020-03-19T19:48:00.000,Sr 120,Sr 120 and Virginia Rd,,Rear End,2,Clear,Dry,Dusk
2020-05-30T10:53:00.000,Sr 120,Sr 120 and Virginia Rd,,Head On,2,Clear,Dry,Daylight
2022-02-01T14:59:00.000,Sr 120,Sr 120 and Virginia Morris Rd,,Rear End,2,Clear,Dry,Daylight
2023-02-14T16:24:00.000,Sr 120,Sr 120 and Villlage Pkwy,,Rear End,3,Clear,Dry,Daylight
2023-09-01T17:00:00.000,Sr 120,Sr 120 and Village Dr,,Rear End,2,Clear,Dry,Daylight
2022-12-16T19:40:00.000,Sr 120,Sr 120 and Village Dr,,Rear End,2,Clear,Dry,Dark-Not Lighted
2021-03-11T18:16:00.000,Sr 120,Sr 120 and Village Blvd,,Sideswipe-Same Direction,3,Clear,Dry,Daylight
2021-09-07T18:26:00.000,Sr 120,Sr 120 and Village Blvd,,Rear End,2,Clear,Wet,Daylight
2021-03-23T00:00:00.000,Sr 120,Sr 120 and Village Blvd,,Rear End,2,Clear,Dry,Daylight
2021-01-24T18:38:00.000,Sr 120,Sr 120 and Village Blvd,,Sideswipe-Same Direction,2,Cloudy,Dry,Dark-Not Lighted
2023-07-11T16:23:00.000,Sr 120,Sr 120 and Village Blvd,,Sideswipe-Same Direction,2,Clear,Dry,Daylight
2023-09-08T18:30:00.000,Sr 120,Sr 120 and Village Blvd,,Rear End,4,Clear,Dry,Daylight
2023-09-22T17:55:00.000,Sr 120,Sr 120 and Village Blvd,,Rear End,2,Clear,Dry,Daylight
2023-10-18T15:40:00.000,Sr 120,Sr 120 and Village Blvd,,Rear End,3,Clear,Dry,Daylight
2023-05-09T15:53:00.000,Sr 120,Sr 120 and Village Blvd,,Rear End,2,Cloudy,Dry,Daylight
2020-11-16T13:01:00.000,Sr 120,Sr 120 and Village Blvd,,Rear End,2,Clear,Dry,Daylight
2020-12-17T16:21:00.000,Sr 120,Sr 120 and Village Blvd,,Rear End,3,Clear,Dry,Daylight
2020-06-22T05:30:00.000,Sr 120,Sr 120 and Village Blvd,,Rear End,2,Rain,Wet,Dusk
2020-12-01T15:23:00.000,Sr 120,Sr 120 and Village Blvd,,Rear End,2,Clear,Dry,Daylight
2021-10-21T17:32:00.000,Sr 120,Sr 120 and Village Blvd,,Rear End,3,Clear,Dry,Daylight
2021-11-02T15:08:00.000,Sr 120,Sr 120 and Village Blvd,,Rear End,3,Clear,Dry,Daylight
2022-05-16T07:38:00.000,Sr 120,Sr 120 and Village Blvd,,Angle Crash,2,Clear,Dry,Daylight
2023-09-01T17:00:00.000,Sr 120,Sr 120 and Village Blvd,,Rear End,2,Clear,Dry,Daylight
2024-03-22T18:27:00.000,Sr 120,Sr 120 and Village Blvd,,Rear End,2,Rain,Wet,Daylight
2024-11-18T19:09:00.000,Sr 120,Sr 120 and Village Blvd,,Rear End,2,Cloudy,Dry,Dark-Not Lighted
2024-07-12T18:31:00.000,Sr 120,Sr 120 and Village Blvd,,Rear End,2,Clear,Dry,Daylight
2024-09-09T16:15:00.000,Sr 120,Sr 120 and Village Blvd,,Rear End,2,Clear,Dry,Daylight
2024-08-07T17:15:00.000,Sr 120,Sr 120 and Village Blvd,,Rear End,2,Clear,Dry,Daylight
2023-04-09T16:55:00.000,Sr 120,Sr 120 and Van Wert St,,Angle Crash,2,Clear,Dry,Daylight
2020-02-28T19:02:00.000,Sr 120,Sr 120 and Township Dr,,Angle Crash,2,Cloudy,Dry,Dark-Lighted
2020-07-04T08:56:00.000,Sr 120,Sr 120 and Township Dr,,Rear End,2,Clear,Dry,Daylight
2020-02-12T11:53:00.000,Sr 120,Sr 120 and Township Dr,,Angle Crash,2,Clear,Dry,Daylight
2022-09-12T18:49:00.000,Sr 120,Sr 120 and Township Dr,,Angle Crash,3,Clear,Dry,Daylight
2022-03-11T19:28:00.000,Sr 120,Sr 120 and Township Dr,,Angle Crash,2,Clear,Dry,Dark-Lighted
2020-01-08T08:04:00.000,Sr 120,Sr 120 and Timberchase Dr,,Sideswipe-Same Direction,2,Clear,Dry,Daylight
2021-01-08T20:25:00.000,Sr 120,Sr 120 and Timber Chase Rd,,Rear End,2,Cloudy,Wet,Dark-Not Lighted
2021-10-20T17:40:00.000,Sr 120,Sr 120 and Timber Chase Dr,,Angle Crash,2,Clear,Dry,Daylight
2022-11-17T17:00:00.000,Sr 120,Sr 120 and Timber Chase Dr,,Rear End,3,Clear,Dry,Dusk
2022-11-23T17:00:00.000,Sr 120,Sr 120 and Timber Chase Dr,,Rear End,2,Clear,Dry,Daylight
2022-11-23T16:45:00.000,Sr 120,Sr 120 and Timber Chase Dr,,Rear End,3,Clear,Dry,Daylight
2024-01-09T15:53:00.000,Sr 120,Sr 120 and Timber Chase Dr,,Sideswipe-Same Direction,2,Cloudy,Dry,Daylight
2024-01-19T17:52:00.000,Sr 120,Sr 120 and Timber Chase Dr,,Rear End,2,Clear,Dry,Dusk
2023-06-28T18:33:00.000,Sr 120,Sr 120 and Timber Chase Dr,,Angle Crash,2,Clear,Dry,Daylight
2024-12-17T18:21:00.000,Sr 120,Sr 120 and Timber Chase Dr,,Rear End,2,Clear,Dry,Dark-Not Lighted
2024-10-21T17:28:00.000,Sr 120,Sr 120 and Timber Chase Dr,,Rear End,2,Clear,Dry,Daylight
2023-12-21T16:40:00.000,Sr 120,Sr 120 and Thompson Rd,,Rear End,2,Clear,Dry,Daylight
2024-10-24T19:15:00.000,Sr 120,Sr 120 and Thomason Rd,,Not a Collision with Motor Vehicle,2,Clear,Dry,Dark-Not Lighted
2024-11-13T07:39:00.000,Sr 120,Sr 120 and Thomason Rd,,Rear End,2,Clear,Dry,Daylight
2021-11-03T04:45:00.000,Sr 120,Sr 120 and Thomas Rd,,Rear End,3,Cloudy,Dry,Daylight
2023-01-17T08:58:00.000,Sr 120,Sr 120 and Sugaroaf Pkwy,,Rear End,2,Cloudy,Wet,Daylight
2021-12-03T18:35:00.000,Sr 120,Sr 120 and Sugarloaf Pkwy,,Angle Crash,2,Clear,Dry,Dark-Lighted
2021-08-01T21:12:00.000,Sr 120,Sr 120 and Sugarloaf Pkwy,,Angle Crash,2,Clear,Dry,Dark-Lighted
2021-03-22T14:50:00.000,Sr 120,Sr 120 and Sugarloaf Pkwy,,Rear End,2,Clear,Dry,Daylight
2021-01-12T18:23:00.000,Sr 120,Sr 120 and Sugarloaf Pkwy,,Angle Crash,2,Cloudy,Dry,Dark-Not Lighted
2021-08-07T02:50:00.000,Sr 120,Sr 120 and Sugarloaf Pkwy,,Angle Crash,2,Cloudy,Dry,Dark-Not Lighted
2021-07-07T14:55:00.000,Sr 120,Sr 120 and Sugarloaf Pkwy,,Rear End,2,Clear,Dry,Daylight
2021-07-14T20:55:00.000,Sr 120,Sr 120 and Sugarloaf Pkwy,,Rear End,2,Clear,Dry,Dawn
2021-07-03T20:09:00.000,Sr 120,Sr 120 and Sugarloaf Pkwy,,Sideswipe-Same Direction,2,Cloudy,Dry,Daylight
2020-03-03T17:15:00.000,Sr 120,Sr 120 and Sugarloaf Pkwy,,Angle Crash,2,Clear,Dry,Daylight
2023-11-09T06:19:00.000,Sr 120,Sr 120 and Sugarloaf Pkwy,,Not a Collision with Motor Vehicle,1,Cloudy,Dry,Dark-Not Lighted
2020-10-11T13:00:00.000,Sr 120,Sr 120 and Sugarloaf Pkwy,,Rear End,2,Cloudy,Wet,Daylight
2020-07-28T15:00:00.000,Sr 120,Sr 120 and Sugarloaf Pkwy,,Sideswipe-Same Direction,2,Clear,Dry,Daylight
2020-01-09T11:12:00.000,Sr 120,Sr 120 and Sugarloaf Pkwy,,Sideswipe-Same Direction,2,Clear,Dry,Daylight
2020-07-14T18:37:00.000,Sr 120,Sr 120 and Sugarloaf Pkwy,,Rear End,2,Clear,Dry,Daylight
2020-02-08T10:42:00.000,Sr 120,Sr 120 and Sugarloaf Pkwy,,Angle Crash,2,Snow,Snow,Daylight
2020-03-11T16:52:00.000,Sr 120,Sr 120 and Sugarloaf Pkwy,,Rear End,2,Cloudy,Wet,Daylight
2020-10-06T12:30:00.000,Sr 120,Sr 120 and Sugarloaf Pkwy,,Angle Crash,2,Cloudy,Dry,Daylight
2020-01-18T16:35:00.000,Sr 120,Sr 120 and Sugarloaf Pkwy,,Rear End,2,Rain,Wet,Daylight
2020-02-05T16:41:00.000,Sr 120,Sr 120 and Sugarloaf Pkwy,,Rear End,2,Cloudy,Dry,Daylight
2020-11-14T15:44:00.000,Sr 120,Sr 120 and Sugarloaf Pkwy,,Angle Crash,2,Clear,Dry,Daylight
2020-11-11T20:51:00.000,Sr 120,Sr 120 and Sugarloaf Pkwy,,Rear End,2,Cloudy,Wet,Dark-Not Lighted
2020-10-27T13:10:00.000,Sr 120,Sr 120 and Sugarloaf Pkwy,,Rear End,2,Cloudy,Dry,Daylight
2020-04-22T05:27:00.000,Sr 120,Sr 120 and Sugarloaf Pkwy,,Angle Crash,2,Clear,Dry,Dark-Lighted
2020-11-03T17:15:00.000,Sr 120,Sr 120 and Sugarloaf Pkwy,,Not a Collision with Motor Vehicle,1,Clear,Dry,Daylight
2020-11-19T07:22:00.000,Sr 120,Sr 120 and Sugarloaf Pkwy,,Rear End,2,Clear,Dry,Daylight
2021-04-15T09:37:00.000,Sr 120,Sr 120 and Sugarloaf Pkwy,,Rear End,2,Clear,Dry,Daylight
2021-03-17T08:58:00.000,Sr 120,Sr 120 and Sugarloaf Pkwy,,Rear End,2,Cloudy,Dry,Daylight
2021-04-22T05:30:00.000,Sr 120,Sr 120 and Sugarloaf Pkwy,,Angle Crash,2,Clear,Dry,Dark-Not Lighted
2021-07-21T12:05:00.000,Sr 120,Sr 120 and Sugarloaf Pkwy,,Rear End,2,Cloudy,Dry,Daylight
2022-06-23T00:00:00.000,Sr 120,Sr 120 and Sugarloaf Pkwy,,Rear End,2,Clear,Dry,Daylight
2022-06-04T21:23:00.000,Sr 120,Sr 120 and Sugarloaf Pkwy,,Rear End,2,Clear,Dry,Dark-Lighted
2022-05-16T10:00:00.000,Sr 120,Sr 120 and Sugarloaf Pkwy,,Rear End,2,Clear,Dry,Daylight
2021-10-31T19:30:00.000,Sr 120,Sr 120 and Sugarloaf Pkwy,,Not a Collision with Motor Vehicle,1,Clear,Dry,Dark-Not Lighted
2021-09-24T18:25:00.000,Sr 120,Sr 120 and Sugarloaf Pkwy,,Sideswipe-Same Direction,2,Clear,Dry,Daylight
2022-06-02T17:50:00.000,Sr 120,Sr 120 and Sugarloaf Pkwy,,Rear End,2,Clear,Dry,Daylight
2022-04-11T09:18:00.000,Sr 120,Sr 120 and Sugarloaf Pkwy,,Rear End,2,Clear,Dry,Daylight
2022-08-19T18:10:00.000,Sr 120,Sr 120 and Sugarloaf Pkwy,,Rear End,2,Cloudy,Dry,Daylight
2022-02-26T20:21:00.000,Sr 120,Sr 120 and Sugarloaf Pkwy,,Rear End,2,Cloudy,Dry,Dark-Not Lighted
2023-12-22T09:51:00.000,Sr 120,Sr 120 and Sugarloaf Pkwy,,Rear End,2,Clear,Dry,Daylight
2023-06-15T08:56:00.000,Sr 120,Sr 120 and Sugarloaf Pkwy,,Rear End,2,Cloudy,Dry,Daylight
2023-04-09T18:53:00.000,Sr 120,Sr 120 and Sugarloaf Pkwy,,Rear End,2,Clear,Dry,Daylight
2024-01-30T16:14:00.000,Sr 120,Sr 120 and Sugarloaf Hwy,,Rear End,2,Clear,Dry,Daylight
2022-12-09T17:10:00.000,Sr 120,Sr 120 and Stonepath Way,,Rear End,2,Cloudy,Wet,Dark-Lighted
2023-12-06T17:30:00.000,Sr 120,Sr 120 and Stephens Mill Dr,,Rear End,3,Clear,Dry,Dusk
2021-04-16T11:32:00.000,Sr 120,Sr 120 and Stephens Mill Dr,,Not a Collision with Motor Vehicle,1,Clear,Dry,Daylight
2022-02-08T15:45:00.000,Sr 120,Sr 120 and Stephens Mill Dr,,Rear End,2,Clear,Dry,Daylight
2020-12-18T10:43:00.000,Sr 120,Sr 120 and Stephens Center Dr,,Angle Crash,2,Clear,Dry,Daylight
2023-05-12T18:32:00.000,Sr 120,Sr 120 and Steele Rd,,Rear End,2,Clear,Dry,Daylight
2020-03-05T08:00:00.000,Sr 120,Sr 120 and Steel Rd,,Angle Crash,2,Rain,Wet,Daylight
2022-06-21T08:18:00.000,Sr 120,Sr 120 and Staunton Dr,,Sideswipe-Same Direction,2,Clear,Dry,Daylight
2022-03-20T18:05:00.000,Sr 120,Sr 120 and Staunton Dr,,Angle Crash,2,Clear,Dry,Daylight
2022-07-27T07:51:00.000,Sr 120,Sr 120 and Staunton Dr,,Rear End,2,Clear,Dry,Daylight
2020-12-02T13:45:00.000,Sr 120,Sr 120 and State Toute 6,,Rear End,2,Clear,Dry,Daylight
2021-10-20T09:00:00.000,Sr 120,Sr 120 and State Rote 6,,Rear End,2,Clear,Dry,Daylight
2022-11-29T17:50:00.000,Sr 120,Sr 120 and Staellite Blvd,,Sideswipe-Opposite Direction,2,Cloudy,Dry,Dark-Lighted
2021-05-14T14:38:00.000,Sr 120,Sr 120 and Ssr316 University Pkwy,,Rear End,2,Clear,Dry,Daylight
2020-01-13T08:54:00.000,Sr 120,Sr 120 and Spring Dr,,Rear End,2,Rain,Wet,Daylight
2020-02-07T17:44:00.000,Sr 120,Sr 120 and Spring Dr,,Angle Crash,2,Clear,Dry,Daylight
2022-07-14T17:52:00.000,Sr 120,Sr 120 and Spectrum Dr,,Angle Crash,2,Clear,Dry,Daylight
2020-01-14T08:48:00.000,Sr 120,Sr 120 and Southbridge Pkwy,,Rear End,2,Cloudy,Wet,Daylight
2021-12-26T17:30:00.000,Sr 120,Sr 120 and Sever Rd,,Sideswipe-Same Direction,2,Clear,Dry,Daylight
2021-02-05T08:51:00.000,Sr 120,Sr 120 and Sever Rd,,Angle Crash,2,Cloudy,Wet,Daylight
2020-09-10T18:37:00.000,Sr 120,Sr 120 and Sever Rd,,Angle Crash,2,Clear,Dry,Daylight
2021-03-10T07:44:00.000,Sr 120,Sr 120 and Sever Rd,,(None),2,(None),(None),(None)
2021-08-14T16:00:00.000,Sr 120,Sr 120 and Sedgefield Dr,,Not a Collision with Motor Vehicle,1,Clear,Dry,Daylight
2023-03-13T06:27:00.000,Sr 120,Sr 120 and Sedgefield Dr,,Rear End,2,Clear,Dry,Dark-Not Lighted
2020-04-13T20:07:00.000,Sr 120,Sr 120 and Sedgefield Dr,,Not a Collision with Motor Vehicle,1,Clear,Dry,Dusk
2020-12-17T06:30:00.000,Sr 120,Sr 120 and Sedgefield Dr,,Rear End,2,Clear,Dry,Dark-Not Lighted
2022-11-30T08:25:00.000,Sr 120,Sr 120 and Sedgefield Dr,,Rear End,2,Cloudy,Wet,Daylight
2022-08-26T06:34:00.000,Sr 120,Sr 120 and Sedgefield Dr,,Rear End,3,Clear,Dry,Daylight
2022-01-09T21:13:00.000,Sr 120,Sr 120 and Sedgefield Dr,,Not a Collision with Motor Vehicle,2,Cloudy,Wet,Dark-Not Lighted
2022-08-18T15:53:00.000,Sr 120,Sr 120 and Sedgefield Dr,,Rear End,2,Clear,Dry,Daylight
2023-07-24T07:09:00.000,Sr 120,Sr 120 and Sedgefield Dr,,Rear End,2,Clear,Dry,Daylight
2023-03-13T06:34:00.000,Sr 120,Sr 120 and Sedgefield Dr,,Rear End,2,Clear,Dry,Dark-Lighted
2024-10-10T12:55:00.000,Sr 120,Sr 120 and Sedgefield Dr,,Angle Crash,2,Clear,Dry,Daylight
2021-10-18T17:00:00.000,Sr 120,Sr 120 and Scoggins Rd,,Angle Crash,2,Clear,Dry,Daylight
2021-05-26T14:22:00.000,Sr 120,Sr 120 and Scoggins Rd,,Not a Collision with Motor Vehicle,2,Clear,Dry,Daylight
2021-08-09T15:11:00.000,Sr 120,Sr 120 and Scoggins Rd,,Rear End,2,Cloudy,Dry,Daylight
2020-08-07T21:47:00.000,Sr 120,Sr 120 and Scoggins Rd,,Not a Collision with Motor Vehicle,1,Clear,Dry,Dark-Not Lighted
2020-07-30T06:40:00.000,Sr 120,Sr 120 and Scoggins Rd,,Head On,2,Clear,Dry,Daylight
2020-01-03T05:57:00.000,Sr 120,Sr 120 and Scoggins Rd,,Not a Collision with Motor Vehicle,1,Fog,Wet,Dark-Not Lighted
2020-10-30T09:53:00.000,Sr 120,Sr 120 and Scoggins Rd,,Angle Crash,2,Cloudy,Dry,Daylight
2020-04-30T15:20:00.000,Sr 120,Sr 120 and Scoggins Rd,,Rear End,2,Clear,Dry,Daylight
2020-09-23T13:25:00.000,Sr 120,Sr 120 and Scoggins Rd,,Angle Crash,2,Clear,Dry,Daylight
2021-12-10T18:54:00.000,Sr 120,Sr 120 and Scoggins Rd,,Angle Crash,2,Cloudy,Wet,Dark-Not Lighted
2022-02-28T23:14:00.000,Sr 120,Sr 120 and Scoggins Rd,,Head On,3,Clear,Dry,Dark-Not Lighted
2023-11-02T11:00:00.000,Sr 120,Sr 120 and Scoggins Rd,,Sideswipe-Same Direction,2,Clear,Dry,Daylight
2024-01-31T15:55:00.000,Sr 120,Sr 120 and Scoggins Rd,,Angle Crash,2,Clear,Dry,Daylight
2024-11-03T15:15:00.000,Sr 120,Sr 120 and Scoggins Rd,,Angle Crash,2,Rain,Wet,Daylight
2024-09-16T06:29:00.000,Sr 120,Sr 120 and Scoggins Rd,,Angle Crash,2,Clear,Dry,Dark-Not Lighted
2024-07-27T14:09:00.000,Sr 120,Sr 120 and Scoggins Rd,,Rear End,2,Clear,Dry,Daylight
2024-09-18T14:20:00.000,Sr 120,Sr 120 and Scoggins Rd,,Rear End,2,Clear,Dry,Daylight
2023-04-03T10:38:00.000,Sr 120,Sr 120 and Scoggings Rd,,Not a Collision with Motor Vehicle,1,Rain,Wet,Daylight
2022-10-05T08:10:00.000,Sr 120,Sr 120 and Satellitle Blvd,,Angle Crash,2,Clear,Dry,Daylight
2021-05-13T18:40:00.000,Sr 120,Sr 120 and Satellite Blvd,,Rear End,2,Clear,Dry,Daylight
2021-11-22T16:29:00.000,Sr 120,Sr 120 and Satellite Blvd,,Sideswipe-Same Direction,2,Clear,Dry,Daylight
2021-05-28T09:34:00.000,Sr 120,Sr 120 and Satellite Blvd,,Angle Crash,2,Clear,Dry,Daylight
2021-02-07T00:20:00.000,Sr 120,Sr 120 and Satellite Blvd,,Rear End,2,Rain,Wet,Dark-Not Lighted
2021-04-24T19:06:00.000,Sr 120,Sr 120 and Satellite Blvd,,Rear End,2,Clear,Wet,Daylight
2021-10-19T08:50:00.000,Sr 120,Sr 120 and Satellite Blvd,,Rear End,2,Clear,Dry,Daylight
2021-06-05T13:06:00.000,Sr 120,Sr 120 and Satellite Blvd,,Angle Crash,3,Clear,Dry,Daylight
2021-05-12T09:50:00.000,Sr 120,Sr 120 and Satellite Blvd,,Rear End,2,Rain,Wet,Daylight
2023-12-14T13:53:00.000,Sr 120,Sr 120 and Satellite Blvd,,Sideswipe-Opposite Direction,2,Clear,Dry,Daylight
2023-08-09T06:41:00.000,Sr 120,Sr 120 and Satellite Blvd,,Sideswipe-Opposite Direction,2,Clear,Dry,Daylight
2022-04-15T13:13:00.000,Sr 120,Sr 120 and Satellite Blvd,,Rear End,2,Clear,Dry,Daylight
2020-02-08T10:24:00.000,Sr 120,Sr 120 and Satellite Blvd,,Rear End,2,Snow,Snow,Daylight
2020-02-22T12:23:00.000,Sr 120,Sr 120 and Satellite Blvd,,Rear End,2,Clear,Dry,Daylight
2020-07-04T13:00:00.000,Sr 120,Sr 120 and Satellite Blvd,,Sideswipe-Same Direction,2,Clear,Dry,Daylight
2020-01-29T19:45:00.000,Sr 120,Sr 120 and Satellite Blvd,,Rear End,3,Clear,Dry,Dark-Lighted
2020-07-15T15:05:00.000,Sr 120,Sr 120 and Satellite Blvd,,Rear End,2,Clear,Dry,Daylight
2021-05-10T08:57:00.000,Sr 120,Sr 120 and Satellite Blvd,,Rear End,2,Rain,Wet,Daylight
2021-06-10T18:30:00.000,Sr 120,Sr 120 and Satellite Blvd,,Rear End,2,Clear,Dry,Daylight
2021-09-30T17:42:00.000,Sr 120,Sr 120 and Satellite Blvd,,Rear End,2,Clear,Dry,Daylight
2021-08-06T17:40:00.000,Sr 120,Sr 120 and Satellite Blvd,,Angle Crash,2,Clear,Dry,Daylight
2022-02-24T13:28:00.000,Sr 120,Sr 120 and Satellite Blvd,,Rear End,2,Clear,Dry,Daylight
2022-05-03T21:00:00.000,Sr 120,Sr 120 and Satellite Blvd,,Sideswipe-Same Direction,2,Clear,Dry,Dark-Lighted
2024-04-25T14:46:00.000,Sr 120,Sr 120 and Satellite Blvd,,Rear End,2,Clear,Dry,Daylight
2023-04-29T05:00:00.000,Sr 120,Sr 120 and Satellite Blvd,,Rear End,2,Clear,Dry,Dark-Lighted
2024-08-04T10:06:00.000,Sr 120,Sr 120 and Satellite Blvd,,Rear End,2,Clear,Dry,Daylight
2024-09-18T13:07:00.000,Sr 120,Sr 120 and Satellite Blvd,,Sideswipe-Same Direction,2,Clear,Dry,Daylight
2024-01-02T14:28:00.000,Sr 120,Sr 120 and Safe Harbor Ln,,Rear End,2,Clear,Dry,Daylight
2023-11-08T21:25:00.000,Sr 120,Sr 120 and S Marietta Pky,,Sideswipe-Same Direction,2,Clear,Dry,Dark-Not Lighted
2023-02-27T10:13:00.000,Sr 120,Sr 120 and Royston Dr,,Sideswipe-Opposite Direction,2,Cloudy,Dry,Daylight
2023-11-30T11:36:00.000,Sr 120,Sr 120 and Roswell Rd,,(None),2,(None),(None),(None)
2023-06-06T19:27:00.000,Sr 120,Sr 120 and Roswell Rd,,Rear End,2,Cloudy,Dry,Daylight
2023-01-20T15:15:00.000,Sr 120,Sr 120 and Rockmart Rd,,Sideswipe-Opposite Direction,2,Clear,Dry,Daylight
2020-02-14T06:25:00.000,Sr 120,Sr 120 and Rockmart Rd,,Angle Crash,2,Clear,Dry,Dark-Not Lighted
2022-02-13T18:57:00.000,Sr 120,Sr 120 and Rockmart Rd,,Angle Crash,2,Clear,Dry,Dark-Not Lighted
2021-06-25T15:45:00.000,Sr 120,Sr 120 and Riverside Pkwy,,Rear End,2,Clear,Dry,Daylight
2021-04-02T11:17:00.000,Sr 120,Sr 120 and Riverside Pkwy,,Angle Crash,2,Clear,Dry,Daylight
2021-01-18T21:40:00.000,Sr 120,Sr 120 and Riverside Pkwy,,Angle Crash,2,Clear,Dry,Dark-Lighted
2021-06-01T16:00:00.000,Sr 120,Sr 120 and Riverside Pkwy,,Angle Crash,2,Cloudy,Dry,Daylight
2020-08-09T15:26:00.000,Sr 120,Sr 120 and Riverside Pkwy,,Sideswipe-Same Direction,2,Clear,Dry,Daylight
2020-08-04T16:50:00.000,Sr 120,Sr 120 and Riverside Pkwy,,Rear End,2,Clear,Dry,Daylight
2023-04-21T18:38:00.000,Sr 120,Sr 120 and Riverside Pkwy,,Rear End,2,Clear,Dry,Daylight
2023-03-27T14:49:00.000,Sr 120,Sr 120 and Riverside Pkwy,,Rear End,2,Clear,Dry,Daylight
2020-02-15T16:25:00.000,Sr 120,Sr 120 and Riverside Pkwy,,Sideswipe-Same Direction,2,Clear,Dry,Daylight
2020-02-21T18:14:00.000,Sr 120,Sr 120 and Riverside Pkwy,,Angle Crash,2,Clear,Dry,Daylight
2020-08-22T09:40:00.000,Sr 120,Sr 120 and Riverside Pkwy,,Rear End,2,Clear,Dry,Daylight
2020-10-19T15:56:00.000,Sr 120,Sr 120 and Riverside Pkwy,,Rear End,2,Clear,Dry,Daylight
2020-04-13T21:21:00.000,Sr 120,Sr 120 and Riverside Pkwy,,Angle Crash,2,Clear,Dry,Dark-Lighted
2020-11-18T12:22:00.000,Sr 120,Sr 120 and Riverside Pkwy,,Rear End,2,Clear,Dry,Daylight
2020-03-06T15:11:00.000,Sr 120,Sr 120 and Riverside Pkwy,,Rear End,4,Clear,Dry,Daylight
2020-02-09T14:25:00.000,Sr 120,Sr 120 and Riverside Pkwy,,Rear End,2,Clear,Dry,Daylight
2020-11-23T06:40:00.000,Sr 120,Sr 120 and Riverside Pkwy,,Angle Crash,2,Clear,Dry,Dawn
2021-04-29T15:45:00.000,Sr 120,Sr 120 and Riverside Pkwy,,Angle Crash,2,Cloudy,Dry,Daylight
2021-08-16T22:40:00.000,Sr 120,Sr 120 and Riverside Pkwy,,Rear End,2,Cloudy,Water (standing or moving),Dark-Not Lighted
2021-07-06T12:35:00.000,Sr 120,Sr 120 and Riverside Pkwy,,Sideswipe-Same Direction,2,Clear,Dry,Daylight
2021-11-12T17:55:00.000,Sr 120,Sr 120 and Riverside Pkwy,,Rear End,2,Clear,Dry,Dark-Lighted
2022-12-09T16:30:00.000,Sr 120,Sr 120 and Riverside Pkwy,,Angle Crash,2,Rain,Wet,Daylight
2021-09-28T06:42:00.000,Sr 120,Sr 120 and Riverside Pkwy,,Rear End,2,Clear,Dry,Dawn
2021-09-06T19:45:00.000,Sr 120,Sr 120 and Riverside Pkwy,,Rear End,2,Cloudy,Dry,Dusk
2022-07-12T17:15:00.000,Sr 120,Sr 120 and Riverside Pkwy,,Angle Crash,2,Clear,Dry,Daylight
2022-06-19T21:00:00.000,Sr 120,Sr 120 and Riverside Pkwy,,Sideswipe-Same Direction,2,Clear,Dry,Dark-Not Lighted
2022-03-05T21:27:00.000,Sr 120,Sr 120 and Riverside Pkwy,,Angle Crash,2,Cloudy,Dry,Dark-Lighted
2021-08-16T11:58:00.000,Sr 120,Sr 120 and Riverside Pkwy,,Rear End,2,Cloudy,Dry,Daylight
2022-01-06T10:55:00.000,Sr 120,Sr 120 and Riverside Pkwy,,Rear End,2,Cloudy,Dry,Daylight
2022-01-16T00:35:00.000,Sr 120,Sr 120 and Riverside Pkwy,,Angle Crash,2,Rain,Wet,Dark-Not Lighted
2022-11-23T19:36:00.000,Sr 120,Sr 120 and Riverside Pkwy,,Angle Crash,2,Clear,Dry,Dark-Lighted
2022-02-27T19:55:00.000,Sr 120,Sr 120 and Riverside Pkwy,,Sideswipe-Same Direction,2,Cloudy,Dry,Dark-Not Lighted
2024-12-29T14:07:00.000,Sr 120,Sr 120 and Riverside Pkwy,,Rear End,2,Clear,Dry,Daylight
2023-03-06T20:30:00.000,Sr 120,Sr 120 and Riverside Pkwy,,Angle Crash,2,Clear,Dry,Dark-Not Lighted
2024-05-25T10:09:00.000,Sr 120,Sr 120 and Riverside Pkwy,,Rear End,2,Cloudy,Dry,Daylight