Date and Time,Roadway (From Crash Report),Intersection Name (from Crash Report),KABCO Severity,Manner of Collision (Crash Level) ,# of Vehicles per crash ,Weather Conditions (Crash Level),Surface Condition (Crash Level) ,Light Conditions (Crash Level)
2024-01-11T08:23:00.000,Sr 120,Sr 120 and Riverside Pkwy,,Rear End,2,Clear,Dry,Daylight
2024-03-25T13:30:00.000,Sr 120,Sr 120 and Riverside Pkwy,,Rear End,2,Clear,Dry,Daylight
2021-11-05T19:01:00.000,Sr 120,Sr 120 and River Side Pkwy,,Angle Crash,2,Clear,Dry,Dark-Lighted
2020-02-25T21:36:00.000,Sr 120,Sr 120 and River Run,,Not a Collision with Motor Vehicle,1,Clear,Dry,Dark-Lighted
2023-03-21T06:57:00.000,Sr 120,Sr 120 and Rebel Way,,Sideswipe-Opposite Direction,2,Clear,Dry,Dark-Not Lighted
2020-03-03T08:04:00.000,Sr 120,Sr 120 and Rebel Way,,Head On,2,Rain,Wet,Daylight
2020-07-09T20:34:00.000,Sr 120,Sr 120 and Rebel Way,,Not a Collision with Motor Vehicle,1,Cloudy,Dry,Daylight
2022-09-22T07:50:00.000,Sr 120,Sr 120 and Rebel Way,,Angle Crash,2,Clear,Dry,Daylight
2022-11-02T07:00:00.000,Sr 120,Sr 120 and Rebel Way,,Angle Crash,2,(None),(None),(None)
2022-12-07T08:19:00.000,Sr 120,Sr 120 and Rebel Way,,(None),2,(None),(None),(None)
2023-10-27T08:21:00.000,Sr 120,Sr 120 and Rebel Way,,Rear End,2,Clear,Dry,Daylight
2023-05-02T20:18:00.000,Sr 120,Sr 120 and Rc Thompson Rd,,Angle Crash,2,Clear,Dry,Daylight
2023-01-09T06:30:00.000,Sr 120,Sr 120 and Rc Thompson Rd,,Not a Collision with Motor Vehicle,1,Cloudy,Wet,Dark-Not Lighted
2020-01-26T12:10:00.000,Sr 120,Sr 120 and Rc Thompson Rd,,Angle Crash,2,Clear,Dry,Daylight
2020-12-25T11:58:00.000,Sr 120,Sr 120 and Rc Thompson Rd,,Rear End,2,Clear,Dry,Daylight
2022-03-04T18:16:00.000,Sr 120,Sr 120 and Rc Thompson Rd,,Rear End,2,Clear,Dry,Daylight
2022-12-09T19:34:00.000,Sr 120,Sr 120 and Rc Thompson Rd,,Rear End,4,Cloudy,Wet,Dark-Not Lighted
2023-12-10T18:40:00.000,Sr 120,Sr 120 and Rc Thompson Rd,,Not a Collision with Motor Vehicle,1,Cloudy,Wet,Dark-Not Lighted
2024-11-10T18:27:00.000,Sr 120,Sr 120 and Rc Thompson Rd,,Angle Crash,2,Cloudy,Wet,Dark-Not Lighted
2020-07-14T13:15:00.000,Sr 120,Sr 120 and Rc Thompson,,Rear End,2,Clear,Dry,Daylight
2024-09-02T10:20:00.000,Sr 120,Sr 120 and Rc Thomp[Son Rd,,Angle Crash,2,Cloudy,Dry,Daylight
2021-04-13T18:09:00.000,Sr 120,Sr 120 and Ratcliff Dr,,Sideswipe-Same Direction,2,Clear,Dry,Daylight
2021-03-31T08:30:00.000,Sr 120,Sr 120 and Ratcliff Dr,,Rear End,3,Rain,Wet,Daylight
2022-08-25T07:05:00.000,Sr 120,Sr 120 and Ratcliff Dr,,Rear End,2,Cloudy,Wet,Daylight
2022-10-04T18:05:00.000,Sr 120,Sr 120 and Racquet Club Dr,,Rear End,2,Clear,Dry,Daylight
2022-04-30T11:23:00.000,Sr 120,Sr 120 and Racquet Club Dr,,Sideswipe-Same Direction,2,Clear,Dry,Daylight
2022-10-03T07:05:00.000,Sr 120,Sr 120 and Racquet Club Dr,,Angle Crash,2,Clear,Dry,Dark-Lighted
2024-12-16T06:55:00.000,Sr 120,Sr 120 and Racquet Club Dr,,Angle Crash,2,Cloudy,Wet,Dark-Not Lighted
2022-05-23T15:00:00.000,Sr 120,Sr 120 and R.C. Thompson,,Angle Crash,2,Clear,Wet,Daylight
2024-02-10T13:42:00.000,Sr 120,Sr 120 and R C Thompson Rd,,Angle Crash,2,Cloudy,Dry,Daylight
2022-06-01T19:00:00.000,Sr 120,Sr 120 and R C Thompson,,Rear End,2,Clear,Dry,Daylight
2023-11-13T05:51:00.000,Sr 120,Sr 120 and Quarry Dr,,Rear End,2,Clear,Dry,Dark-Not Lighted
2020-09-14T07:26:00.000,Sr 120,Sr 120 and Quarry Dr,,Sideswipe-Opposite Direction,2,Clear,Dry,Daylight
2020-10-18T18:05:00.000,Sr 120,Sr 120 and Quarry Dr,,Rear End,2,Clear,Dry,Daylight
2021-07-02T14:55:00.000,Sr 120,Sr 120 and Quarry Dr,,Not a Collision with Motor Vehicle,1,Clear,Dry,Daylight
2024-10-17T08:04:00.000,Sr 120,Sr 120 and Quarry Dr,,Angle Crash,2,Clear,Dry,Daylight
2021-01-23T13:19:00.000,Sr 120,Sr 120 and Pursell Rd,,Sideswipe-Opposite Direction,2,Clear,Dry,Daylight
2021-02-09T16:42:00.000,Sr 120,Sr 120 and Purcell Rd,,Head On,1,Clear,Dry,Daylight
2021-06-30T01:53:00.000,Sr 120,Sr 120 and Purcell Rd,,Not a Collision with Motor Vehicle,1,Clear,Dry,Dark-Lighted
2023-05-28T16:29:00.000,Sr 120,Sr 120 and Purcell Rd,,Rear End,2,Clear,Dry,Daylight
2023-07-23T18:50:00.000,Sr 120,Sr 120 and Purcell Rd,,Rear End,3,Cloudy,Dry,Daylight
2023-08-24T06:01:00.000,Sr 120,Sr 120 and Purcell Rd,,Sideswipe-Opposite Direction,2,Clear,Dry,Daylight
2020-09-11T18:38:00.000,Sr 120,Sr 120 and Purcell Rd,,Angle Crash,3,Clear,Dry,Daylight
2020-01-22T17:40:00.000,Sr 120,Sr 120 and Purcell Rd,,Angle Crash,2,Clear,Dry,Dawn
2020-08-28T17:13:00.000,Sr 120,Sr 120 and Purcell Rd,,Rear End,2,Clear,Dry,Daylight
2021-01-21T01:55:00.000,Sr 120,Sr 120 and Purcell Rd,,Rear End,2,Clear,Dry,Dark-Not Lighted
2021-07-15T18:20:00.000,Sr 120,Sr 120 and Purcell Rd,,Rear End,2,Clear,Dry,Daylight
2021-07-10T12:56:00.000,Sr 120,Sr 120 and Purcell Rd,,Angle Crash,2,Clear,Dry,Daylight
2023-02-21T06:26:00.000,Sr 120,Sr 120 and Purcell Rd,,Rear End,2,Clear,Dry,Dark-Not Lighted
2021-04-20T13:30:00.000,Sr 120,Sr 120 and Professional Dr,,Angle Crash,2,Clear,Dry,Daylight
2020-03-04T17:18:00.000,Sr 120,Sr 120 and Professional Dr,,Angle Crash,2,Rain,Wet,Daylight
2020-01-29T15:25:00.000,Sr 120,Sr 120 and Professional Dr,,Angle Crash,2,Clear,Dry,Daylight
2020-04-30T11:51:00.000,Sr 120,Sr 120 and Professional Dr,,Sideswipe-Same Direction,2,Cloudy,Dry,Daylight
2020-06-03T12:34:00.000,Sr 120,Sr 120 and Professional Dr,,Rear End,2,Clear,Dry,Daylight
2020-09-15T10:40:00.000,Sr 120,Sr 120 and Professional Dr,,Angle Crash,2,Cloudy,Dry,Daylight
2020-09-03T12:49:00.000,Sr 120,Sr 120 and Professional Dr,,Angle Crash,3,Clear,Dry,Daylight
2020-11-06T15:34:00.000,Sr 120,Sr 120 and Professional Dr,,Sideswipe-Same Direction,2,Clear,Dry,Daylight
2020-12-09T09:39:00.000,Sr 120,Sr 120 and Professional Dr,,Rear End,2,Clear,Dry,Daylight
2021-08-30T15:06:00.000,Sr 120,Sr 120 and Professional Dr,,Angle Crash,2,Clear,Dry,Daylight
2023-06-18T12:15:00.000,Sr 120,Sr 120 and Private Roadway,,Angle Crash,2,Cloudy,Dry,Daylight
2024-04-19T06:02:00.000,Sr 120,Sr 120 and Private Driveway,,Angle Crash,2,Rain,Wet,Dark-Not Lighted
2020-12-10T14:22:00.000,Sr 120,Sr 120 and Primary School,,Angle Crash,2,Clear,Dry,Daylight
2021-04-24T11:11:00.000,Sr 120,Sr 120 and Power Mill St,,Not a Collision with Motor Vehicle,1,Rain,Wet,Daylight
2022-10-17T15:37:00.000,Sr 120,Sr 120 and Powdwer Mill Rd,,Not a Collision with Motor Vehicle,1,Clear,Dry,Daylight
2021-08-18T08:13:00.000,Sr 120,Sr 120 and Powder Mill St,,Rear End,3,Clear,Dry,Daylight
2020-12-28T03:51:00.000,Sr 120,Sr 120 and Powder Mill St,,Not a Collision with Motor Vehicle,1,Clear,Dry,Dark-Not Lighted
2020-09-28T15:00:00.000,Sr 120,Sr 120 and Powder Mill St,,Angle Crash,2,Clear,Dry,Daylight
2021-06-10T16:25:00.000,Sr 120,Sr 120 and Powder Mill St,,Angle Crash,2,Clear,Dry,Daylight
2024-09-06T16:50:00.000,Sr 120,Sr 120 and Powder Mill St,,Not a Collision with Motor Vehicle,1,Rain,Wet,Daylight
2023-10-23T11:23:00.000,Sr 120,Sr 120 and Powder Mill St,,Angle Crash,2,Clear,Dry,Daylight
2024-10-25T13:26:00.000,Sr 120,Sr 120 and Powder Mill St,,Angle Crash,2,Clear,Dry,Daylight
2024-08-07T18:36:00.000,Sr 120,Sr 120 and Powder Mill St,,Angle Crash,2,Clear,Dry,Daylight
2020-10-28T05:23:00.000,Sr 120,Sr 120 and Pine Grove Rd,,Rear End,1,Rain,Wet,Dark-Not Lighted
2020-10-28T05:23:00.000,Sr 120,Sr 120 and Pine Grove Rd,,Rear End,1,Rain,Wet,Dark-Not Lighted
2021-04-22T09:55:00.000,Sr 120,Sr 120 and Pike Blvd,,Rear End,2,Clear,Dry,Daylight
2022-01-26T12:45:00.000,Sr 120,Sr 120 and Phillips Blvd,,Angle Crash,2,Clear,Dry,Daylight
2022-02-24T06:40:00.000,Sr 120,Sr 120 and Phillip Blvd,,Rear End,2,Cloudy,Wet,Daylight
2021-02-04T17:12:00.000,Sr 120,Sr 120 and Philip Blvd,,Angle Crash,2,Cloudy,Dry,Daylight
2021-04-02T13:55:00.000,Sr 120,Sr 120 and Philip Blvd,,Angle Crash,2,Clear,Dry,Daylight
2021-03-29T12:41:00.000,Sr 120,Sr 120 and Philip Blvd,,Rear End,2,Clear,Dry,Daylight
2020-10-07T14:49:00.000,Sr 120,Sr 120 and Philip Blvd,,Angle Crash,2,Clear,Dry,Daylight
2020-10-31T21:02:00.000,Sr 120,Sr 120 and Philip Blvd,,Rear End,2,Cloudy,Dry,Dark-Lighted
2020-12-20T06:35:00.000,Sr 120,Sr 120 and Paulding   Haralson County Lin,,Not a Collision with Motor Vehicle,1,Clear,Dry,Dark-Not Lighted
2020-03-01T09:50:00.000,Sr 120,Sr 120 and Paul Harris Rd,,Not a Collision with Motor Vehicle,1,Clear,Dry,Daylight
2022-08-10T20:00:00.000,Sr 120,Sr 120 and Paul Harris Rd,,Not a Collision with Motor Vehicle,1,Rain,Wet,Dusk
2024-02-12T08:11:00.000,Sr 120,Sr 120 and Paul Harris Rd,,Rear End,2,Rain,Wet,Daylight
2022-11-28T19:50:00.000,Sr 120,Sr 120 and Parson Rd,,Angle Crash,2,Clear,Dry,Dark-Not Lighted
2021-05-28T18:15:00.000,Sr 120,Sr 120 and Parkside Walk Ln,,Angle Crash,2,Clear,Dry,Daylight
2021-03-22T13:41:00.000,Sr 120,Sr 120 and Parkside Walk Ln,,Angle,2,Clear,Dry,Daylight
2021-03-16T13:10:00.000,Sr 120,Sr 120 and Parkside Walk Ln,,Rear End,2,Cloudy,Dry,Daylight
2021-11-29T18:45:00.000,Sr 120,Sr 120 and Parkside Walk Ln,,Angle Crash,2,Clear,Dry,Dark-Lighted
2021-06-04T18:05:00.000,Sr 120,Sr 120 and Parkside Walk Ln,,Rear End,2,Clear,Dry,Daylight
2021-08-11T19:30:00.000,Sr 120,Sr 120 and Parkside Walk Ln,,Sideswipe-Same Direction,2,Clear,Dry,Daylight
2020-03-13T08:45:00.000,Sr 120,Sr 120 and Parkside Walk Ln,,Not a Collision with Motor Vehicle,1,Clear,Dry,Daylight
2020-09-01T15:25:00.000,Sr 120,Sr 120 and Parkside Walk Ln,,Angle Crash,2,Clear,Dry,Daylight
2020-02-09T16:35:00.000,Sr 120,Sr 120 and Parkside Walk Ln,,Rear End,3,Clear,Dry,Daylight
2020-06-22T09:56:00.000,Sr 120,Sr 120 and Parkside Walk Ln,,Rear End,2,Clear,Dry,Daylight
2020-07-27T14:40:00.000,Sr 120,Sr 120 and Parkside Walk Ln,,Head On,2,Clear,Dry,Daylight
2021-08-10T16:58:00.000,Sr 120,Sr 120 and Parkside Walk Ln,,Rear End,2,Cloudy,Dry,Daylight
2022-04-26T13:33:00.000,Sr 120,Sr 120 and Parkside Walk Ln,,Rear End,2,Cloudy,Dry,Daylight
2022-06-30T20:29:00.000,Sr 120,Sr 120 and Parkside Walk Ln,,Not a Collision with Motor Vehicle,2,Clear,Dry,Dusk
2022-01-15T09:55:00.000,Sr 120,Sr 120 and Park Bridge Pkwy,,Rear End,2,Cloudy,Dry,Daylight
2020-11-04T19:56:00.000,Sr 120,Sr 120 and Paekside Walk Nlane,,Sideswipe-Opposite Direction,2,Clear,Dry,Dark-Lighted
2020-06-11T13:26:00.000,Sr 120,Sr 120 and Old White Oak Cemetery Rd,,Angle Crash,2,Clear,Dry,Daylight
2020-11-28T23:20:00.000,Sr 120,Sr 120 and Old White Oak Cemetery Rd,,Not a Collision with Motor Vehicle,1,Clear,Dry,Dark-Not Lighted
2021-06-14T22:23:00.000,Sr 120,Sr 120 and Old White Oak Cemetery Rd,,Not a Collision with Motor Vehicle,1,Clear,Dry,Dark-Not Lighted
2024-03-12T19:45:00.000,Sr 120,Sr 120 and Old White Oak Cemetary Rd,,Sideswipe-Opposite Direction,2,Clear,Dry,Dark-Not Lighted
2021-03-15T17:03:00.000,Sr 120,Sr 120 and Old Norcross Rd,,Rear End,2,Cloudy,Dry,Daylight
2023-03-10T20:24:00.000,Sr 120,Sr 120 and Old Norcross Rd,,Sideswipe-Same Direction,2,Clear,Dry,Dark-Not Lighted
2023-04-07T18:30:00.000,Sr 120,Sr 120 and Old Norcross Rd,,Rear End,2,Clear,Dry,Daylight
2020-02-08T10:50:00.000,Sr 120,Sr 120 and Old Norcross Rd,,Rear End,4,Snow,Snow,Daylight
2020-02-18T15:50:00.000,Sr 120,Sr 120 and Old Norcross Rd,,Angle Crash,2,Rain,Wet,Daylight
2020-06-15T13:55:00.000,Sr 120,Sr 120 and Old Norcross Rd,,Angle Crash,2,Clear,Dry,Daylight
2020-07-12T12:55:00.000,Sr 120,Sr 120 and Old Norcross,,Sideswipe-Same Direction,2,Clear,Dry,Daylight
2024-06-26T22:40:00.000,Sr 120,Sr 120 and Old Hiram Rd,,Angle Crash,2,Cloudy,Wet,Dark-Not Lighted
2021-11-15T18:14:00.000,Sr 120,Sr 120 and Old Griffin Rd,,Sideswipe-Same Direction,2,Clear,Dry,Dark-Not Lighted
2020-11-17T16:21:00.000,Sr 120,Sr 120 and Old Griffin Rd,,Sideswipe-Opposite Direction,2,Clear,Dry,Daylight
2022-01-21T18:23:00.000,Sr 120,Sr 120 and Old Griffin Rd,,Rear End,4,Cloudy,Dry,Dusk
2022-04-29T18:20:00.000,Sr 120,Sr 120 and Old Griffin Rd,,Angle Crash,3,Clear,Dry,Daylight
2023-05-11T17:30:00.000,Sr 120,Sr 120 and Old Griffin Rd,,Sideswipe-Same Direction,2,Cloudy,Dry,Daylight
2024-11-20T16:15:00.000,Sr 120,Sr 120 and Old Griffin Rd,,Rear End,2,Clear,Dry,Daylight
2024-02-07T16:40:00.000,Sr 120,Sr 120 and Old Griffin Rd,,Rear End,3,Clear,Dry,Daylight
2022-09-26T12:40:00.000,Sr 120,Sr 120 and Old Cemetary Rd,,Rear End,2,Clear,Dry,Daylight
2023-06-01T18:50:00.000,Sr 120,Sr 120 and Oak Cir,,Not a Collision with Motor Vehicle,1,Clear,Dry,Daylight
2021-05-25T13:55:00.000,Sr 120,Sr 120 and Northwinds Pkwy,,Angle Crash,2,Clear,Dry,Daylight
2021-11-08T17:25:00.000,Sr 120,Sr 120 and Northmount Pkwy,,Rear End,2,Clear,Dry,Dark-Lighted
2023-02-08T15:17:00.000,Sr 120,Sr 120 and Northmont Pwky,,Rear End,2,Cloudy,Dry,Daylight
2021-03-29T17:30:00.000,Sr 120,Sr 120 and Northmont Pkwy,,Rear End,2,Clear,Dry,Daylight
2020-12-24T08:32:00.000,Sr 120,Sr 120 and Northmont Pkwy,,Angle Crash,2,Rain,Wet,Daylight
2020-02-28T17:10:00.000,Sr 120,Sr 120 and Northmont Pkwy,,Rear End,2,Clear,Dry,Daylight
2023-03-25T20:37:00.000,Sr 120,Sr 120 and Northmont Pkwy,,Angle Crash,2,Clear,Dry,Dark-Not Lighted
2022-03-15T13:16:00.000,Sr 120,Sr 120 and Northmont Pkwy,,Rear End,2,Cloudy,Dry,Daylight
2020-08-21T20:33:00.000,Sr 120,Sr 120 and Northmont Pkwy,,Angle Crash,2,Rain,Wet,Dark-Lighted
2020-01-24T16:44:00.000,Sr 120,Sr 120 and Northmont Pkwy,,Rear End,2,Cloudy,Wet,Daylight
2020-10-29T09:42:00.000,Sr 120,Sr 120 and Northmont Pkwy,,Rear End,2,Rain,Wet,Daylight
2022-06-21T09:27:00.000,Sr 120,Sr 120 and Northmont Pkwy,,Angle Crash,2,Clear,Dry,Daylight
2022-12-05T14:00:00.000,Sr 120,Sr 120 and Northmont Pkwy,,Rear End,2,Rain,Wet,Daylight
2022-04-23T17:59:00.000,Sr 120,Sr 120 and Northmont Pkwy,,Rear End,2,Clear,Dry,Daylight
2022-06-25T09:46:00.000,Sr 120,Sr 120 and Northmont Pkwy,,Angle Crash,2,Cloudy,Dry,Daylight
2024-11-19T11:11:00.000,Sr 120,Sr 120 and Northmont Pkwy,,Rear End,1,Rain,Wet,Daylight
2024-07-07T18:58:00.000,Sr 120,Sr 120 and Norman Cir,,Rear End,2,Rain,Wet,Daylight
2021-05-18T13:55:00.000,Sr 120,Sr 120 and Newpoint Pkwy,,Not a Collision with Motor Vehicle,1,Cloudy,Dry,Daylight
2021-04-17T13:10:00.000,Sr 120,Sr 120 and Newpoint Pkwy,,Rear End,2,Clear,Dry,Daylight
2020-01-08T23:54:00.000,Sr 120,Sr 120 and Newpoint Pkwy,,Not a Collision with Motor Vehicle,1,Clear,Dry,Dark-Lighted
2021-12-18T17:33:00.000,Sr 120,Sr 120 and Newpoint Pkwy,,Angle Crash,3,Rain,Wet,Dark-Not Lighted
2022-09-23T19:00:00.000,Sr 120,Sr 120 and Newpoint Pkwy,,Angle Crash,2,Clear,Dry,Dusk
2022-01-28T21:14:00.000,Sr 120,Sr 120 and Newpoint Pkwy,,Angle Crash,2,Clear,Dry,Dark-Lighted
2022-02-07T18:55:00.000,Sr 120,Sr 120 and Newpoint Pkwy,,Angle Crash,2,Clear,Dry,Dark-Lighted
2022-08-22T20:30:00.000,Sr 120,Sr 120 and Newpoint Pkwy,,Angle Crash,2,Cloudy,Wet,Dark-Not Lighted
2024-01-03T18:30:00.000,Sr 120,Sr 120 and Newpoint Pkwy,,Angle Crash,2,Clear,Dry,Dark-Lighted
2022-10-22T14:00:00.000,Sr 120,Sr 120 and N.Brown Rd,,Angle Crash,2,Clear,Dry,Daylight
2022-01-29T19:11:00.000,Sr 120,Sr 120 and N.Brown Rd,,Rear End,2,Clear,Dry,Dark-Lighted
2021-06-16T17:15:00.000,Sr 120,Sr 120 and N Point Pkwy,,Rear End,2,Clear,Dry,Daylight
2021-06-07T18:49:00.000,Sr 120,Sr 120 and N Brown Rd,,Rear End,2,Clear,Dry,(None)
2021-04-07T14:25:00.000,Sr 120,Sr 120 and N Brown Rd,,Angle Crash,2,Clear,Dry,Daylight
2020-09-14T16:51:00.000,Sr 120,Sr 120 and N Brown Rd,,Angle Crash,2,Clear,Dry,Daylight
2020-03-03T12:13:00.000,Sr 120,Sr 120 and N Brown Rd,,Angle Crash,2,Cloudy,Dry,Daylight
2020-10-06T09:10:00.000,Sr 120,Sr 120 and N Brown Rd,,Sideswipe-Same Direction,2,Clear,Dry,Daylight
2021-06-15T15:30:00.000,Sr 120,Sr 120 and N Brown Rd,,Rear End,2,Clear,Dry,Daylight
2021-09-05T20:08:00.000,Sr 120,Sr 120 and N Brown Rd,,Rear End,2,Clear,Dry,Dark-Lighted
2022-09-14T02:11:00.000,Sr 120,Sr 120 and N Brown Rd,,Angle Crash,2,Clear,Dry,Dark-Lighted
2021-03-16T00:00:00.000,Sr 120,Sr 120 and Mulberry Rock Rd,,Not a Collision with Motor Vehicle,1,Rain,Wet,Dark-Not Lighted
2021-09-28T17:03:00.000,Sr 120,Sr 120 and Mulberry Rock Rd,,Rear End,2,Clear,Dry,Daylight
2023-05-13T14:50:00.000,Sr 120,Sr 120 and Mulberry Rock Rd,,Not a Collision with Motor Vehicle,1,Cloudy,Dry,Daylight
2023-07-28T17:50:00.000,Sr 120,Sr 120 and Mulberry Rock Rd,,Rear End,2,Clear,Dry,Daylight
2023-09-05T08:40:00.000,Sr 120,Sr 120 and Mulberry Rock Rd,,Angle Crash,2,Clear,Dry,Daylight
2023-07-24T17:00:00.000,Sr 120,Sr 120 and Mulberry Rock Rd,,Rear End,3,Clear,Dry,Daylight
2023-06-20T14:13:00.000,Sr 120,Sr 120 and Mulberry Rock Rd,,Angle Crash,2,Cloudy,Dry,Daylight
2021-09-30T16:50:00.000,Sr 120,Sr 120 and Mulberry Rock Rd,,Rear End,2,Cloudy,Dry,Daylight
2021-10-29T16:37:00.000,Sr 120,Sr 120 and Mulberry Rock Rd,,Rear End,2,Cloudy,Wet,Daylight
2021-09-18T09:01:00.000,Sr 120,Sr 120 and Mulberry Rock Rd,,Angle Crash,2,Cloudy,Dry,Daylight
2022-09-08T21:50:00.000,Sr 120,Sr 120 and Mulberry Rock Rd,,Not a Collision with Motor Vehicle,1,Clear,Dry,Dark-Not Lighted
2022-02-15T16:57:00.000,Sr 120,Sr 120 and Mulberry Rock Rd,,Rear End,3,Clear,Dry,Dusk
2022-01-28T06:22:00.000,Sr 120,Sr 120 and Mulberry Rock Rd,,Angle Crash,2,Clear,Dry,Dark-Not Lighted
2022-02-18T16:55:00.000,Sr 120,Sr 120 and Mulberry Rock Rd,,Rear End,2,Clear,Dry,Daylight
2023-08-15T06:16:00.000,Sr 120,Sr 120 and Mulberry Rock Rd,,Angle Crash,2,Clear,Dry,Daylight
2024-08-20T18:35:00.000,Sr 120,Sr 120 and Mulberry Rock Rd,,Rear End,2,Clear,Dry,Daylight
2024-12-17T16:30:00.000,Sr 120,Sr 120 and Mulberry Rock Rd,,Rear End,2,Clear,Dry,Daylight
2023-11-17T17:20:00.000,Sr 120,Sr 120 and Mulberry Rock Rd,,Rear End,2,Cloudy,Dry,Daylight
2024-08-28T08:14:00.000,Sr 120,Sr 120 and Mulberry Rock Rd,,Angle Crash,2,Clear,Dry,Daylight
2024-06-10T17:23:00.000,Sr 120,Sr 120 and Mulberry Rock Rd,,Rear End,2,Clear,Dry,Daylight
2024-10-27T14:29:00.000,Sr 120,Sr 120 and Mulberry Rock Rd,,Rear End,2,Clear,Dry,Daylight
2024-10-10T21:40:00.000,Sr 120,Sr 120 and Mulberry Rock Rd,,Angle Crash,2,Clear,Dry,Dark-Lighted
2024-05-07T16:47:00.000,Sr 120,Sr 120 and Mulberry Rock Rd,,Rear End,2,Clear,Dry,Daylight
2022-11-16T14:15:00.000,Sr 120,Sr 120 and Mulberry Rock Rad,,Angle Crash,2,Clear,Dry,Daylight
2023-09-27T06:41:00.000,Sr 120,Sr 120 and Mud Green Rd,,Rear End,4,Clear,Dry,Daylight
2024-11-27T15:14:00.000,Sr 120,Sr 120 and Mud Green Rd,,Rear End,2,Clear,Dry,Daylight
2020-12-16T19:25:00.000,Sr 120,Sr 120 and Mosley Rd,,Not a Collision with Motor Vehicle,1,Rain,Wet,Dark-Not Lighted
2022-06-13T19:43:00.000,Sr 120,Sr 120 and Mosley Rd,,Rear End,2,Clear,Dry,Daylight
2020-07-04T18:20:00.000,Sr 120,Sr 120 and Monroe Rd,,Angle Crash,2,Cloudy,Dry,Daylight
2021-03-19T08:21:00.000,Sr 120,Sr 120 and Misty Cir,,Rear End,2,Cloudy,Dry,Daylight
2020-07-04T18:57:00.000,Sr 120,Sr 120 and Misty Cir,,Not a Collision with Motor Vehicle,1,Rain,Wet,Daylight
2021-12-10T07:50:00.000,Sr 120,Sr 120 and Midway Rd,,Angle Crash,2,Cloudy,Wet,Daylight
2021-08-17T12:38:00.000,Sr 120,Sr 120 and Medical Center Blvd,,Rear End,2,Rain,Wet,Daylight
2021-04-12T15:39:00.000,Sr 120,Sr 120 and Medical Center Blvd,,Angle Crash,2,Clear,Dry,Daylight
2021-04-16T13:59:00.000,Sr 120,Sr 120 and Medical Center Blvd,,Angle Crash,2,Clear,Dry,Daylight
2021-04-25T10:40:00.000,Sr 120,Sr 120 and Medical Center Blvd,,Rear End,2,Clear,Dry,Daylight
2021-05-10T16:41:00.000,Sr 120,Sr 120 and Medical Center Blvd,,Rear End,2,Clear,Dry,Daylight
2020-12-31T12:53:00.000,Sr 120,Sr 120 and Medical Center Blvd,,Rear End,2,Rain,Wet,Daylight
2020-11-24T20:07:00.000,Sr 120,Sr 120 and Medical Center Blvd,,Angle Crash,2,Clear,Dry,Dark-Lighted
2020-01-31T12:08:00.000,Sr 120,Sr 120 and Medical Center Blvd,,Rear End,4,Rain,Wet,Daylight
2020-03-14T14:38:00.000,Sr 120,Sr 120 and Medical Center Blvd,,(None),2,(None),(None),(None)
2020-01-16T15:55:00.000,Sr 120,Sr 120 and Medical Center Blvd,,Rear End,2,Clear,Dry,Daylight
2020-05-27T12:10:00.000,Sr 120,Sr 120 and Medical Center Blvd,,Angle Crash,2,Rain,Wet,Daylight
2020-02-22T18:55:00.000,Sr 120,Sr 120 and Medical Center Blvd,,Angle Crash,2,Clear,Dry,Dark-Lighted
2020-03-13T15:29:00.000,Sr 120,Sr 120 and Medical Center Blvd,,Angle Crash,2,Cloudy,Dry,Daylight
2020-11-11T12:35:00.000,Sr 120,Sr 120 and Medical Center Blvd,,Sideswipe-Same Direction,2,Rain,Wet,Daylight
2021-08-19T15:45:00.000,Sr 120,Sr 120 and Medical Center Blvd,,Angle Crash,2,Rain,Wet,Daylight
2024-08-22T18:28:00.000,Sr 120,Sr 120 and Medical Center Blvd,,Rear End,2,Clear,Dry,Daylight
2021-10-04T16:00:00.000,Sr 120,Sr 120 and Meadowchurch Way,,Rear End,2,Cloudy,Dry,Daylight
2021-03-23T16:05:00.000,Sr 120,Sr 120 and Meadow Spring Dr,,Angle Crash,2,Clear,Dry,Daylight
2023-05-11T09:45:00.000,Sr 120,Sr 120 and Meadow Spring Dr,,Angle Crash,2,Cloudy,Dry,Daylight
2020-01-28T15:17:00.000,Sr 120,Sr 120 and Meadow Lark Dr,,Rear End,2,Clear,Dry,Daylight
2020-01-30T13:39:00.000,Sr 120,Sr 120 and Meadow Lark Dr,,Rear End,2,Clear,Dry,Daylight
2021-07-19T11:25:00.000,Sr 120,Sr 120 and Meadow Lark Dr,,Rear End,2,Cloudy,Wet,Daylight
2022-01-09T16:15:00.000,Sr 120,Sr 120 and Meadow Lark Dr,,Rear End,2,Rain,Wet,Daylight
2021-11-04T10:15:00.000,Sr 120,Sr 120 and Meadow Church Way,,Rear End,2,Rain,Wet,Daylight
2020-09-23T08:59:00.000,Sr 120,Sr 120 and Meadow Church Way,,Not a Collision with Motor Vehicle,1,Clear,Dry,Daylight
2021-01-30T19:11:00.000,Sr 120,Sr 120 and Meadow Church Rd,,Angle Crash,2,Clear,Dry,Dark-Lighted
2021-06-02T14:04:00.000,Sr 120,Sr 120 and Meadow Church Rd,,Sideswipe-Same Direction,2,Clear,Dry,Daylight
2021-07-16T17:05:00.000,Sr 120,Sr 120 and Meadow Church Rd,,Sideswipe-Same Direction,2,Clear,Dry,Daylight
2021-07-25T20:30:00.000,Sr 120,Sr 120 and Meadow Church Rd,,Angle Crash,2,Clear,Dry,Daylight
2020-12-05T06:50:00.000,Sr 120,Sr 120 and Meadow Church Rd,,Rear End,2,Clear,Dry,Dark-Lighted
2023-09-12T09:00:00.000,Sr 120,Sr 120 and Meadow Church Rd,,Rear End,2,Clear,Dry,Daylight
2020-11-15T08:49:00.000,Sr 120,Sr 120 and Meadow Church Rd,,Angle Crash,2,Cloudy,Dry,Daylight
2020-05-29T13:05:00.000,Sr 120,Sr 120 and Meadow Church Rd,,Sideswipe-Same Direction,2,Cloudy,Dry,Daylight
2020-04-25T10:58:00.000,Sr 120,Sr 120 and Meadow Church Rd,,Head On,1,Clear,Dry,Daylight