Date and Time,Roadway (From Crash Report),Intersection Name (from Crash Report),KABCO Severity,Manner of Collision (Crash Level) ,# of Vehicles per crash ,Weather Conditions (Crash Level),Surface Condition (Crash Level) ,Light Conditions (Crash Level)
2021-07-06T00:29:00.000,Sr 120,Sr 120 and Meadow Church Rd,,Angle Crash,2,Clear,Dry,Dark-Lighted
2021-10-29T14:25:00.000,Sr 120,Sr 120 and Meadow Church Rd,,Rear End,2,Cloudy,Dry,Daylight
2021-10-29T13:17:00.000,Sr 120,Sr 120 and Meadow Church Rd,,Rear End,2,Cloudy,Dry,Daylight
2022-08-07T17:30:00.000,Sr 120,Sr 120 and Meadow Church Rd,,Sideswipe-Same Direction,2,Clear,Dry,Daylight
2022-05-10T16:08:00.000,Sr 120,Sr 120 and Meadow Church Rd,,Rear End,2,Clear,Dry,Daylight
2020-11-09T06:30:00.000,Sr 120,Sr 120 and Meadfow Brook Pkwy,,Sideswipe-Same Direction,2,Clear,Dry,Daylight
2020-12-04T20:50:00.000,Sr 120,Sr 120 and Mcmichen Rd,,Not a Collision with Motor Vehicle,1,Clear,Wet,Dark-Not Lighted
2021-04-25T19:16:00.000,Sr 120,Sr 120 and Mckendree Church Rd,,Sideswipe-Same Direction,2,Clear,Dry,Daylight
2021-06-28T05:55:00.000,Sr 120,Sr 120 and Mckendree Church Rd,,Angle Crash,2,Clear,Dry,Dusk
2021-09-09T16:25:00.000,Sr 120,Sr 120 and Mckendree Church Rd,,Angle Crash,2,Clear,Dry,Daylight
2020-01-19T11:48:00.000,Sr 120,Sr 120 and Mckendree Church Rd,,Angle Crash,2,Clear,Dry,Daylight
2020-02-13T17:51:00.000,Sr 120,Sr 120 and Mckendree Church Rd,,Angle Crash,2,Cloudy,Dry,Daylight
2021-03-31T15:06:00.000,Sr 120,Sr 120 and Mckendree Church Rd,,Rear End,2,Rain,Wet,Daylight
2021-12-21T11:46:00.000,Sr 120,Sr 120 and Mckendree Church Rd,,Angle Crash,2,Rain,Wet,Daylight
2021-07-08T08:00:00.000,Sr 120,Sr 120 and Mckendree Church Rd,,Angle Crash,2,Cloudy,Dry,Daylight
2021-08-31T17:53:00.000,Sr 120,Sr 120 and Mckendree Church Rd,,(None),2,(None),(None),(None)
2021-10-01T16:59:00.000,Sr 120,Sr 120 and Mckendree Church Rd,,Angle Crash,2,Clear,Dry,Daylight
2022-03-08T21:43:00.000,Sr 120,Sr 120 and Mckendree Church Rd,,Angle Crash,2,Cloudy,Wet,Dark-Not Lighted
2022-06-16T14:00:00.000,Sr 120,Sr 120 and Mckendree Church Rd,,Not a Collision with Motor Vehicle,2,Clear,Dry,Daylight
2020-07-12T18:34:00.000,Sr 120,Sr 120 and Mckendree Chruch Rd,,Angle Crash,2,Clear,Dry,Daylight
2021-06-08T19:08:00.000,Sr 120,Sr 120 and Mckendree Chruch Rd,,(None),2,(None),(None),(None)
2023-11-06T18:05:00.000,Sr 120,Sr 120 and Mcgarity Rd,,Rear End,2,Clear,Dry,Dark-Not Lighted
2020-05-03T14:45:00.000,Sr 120,Sr 120 and Mcgarity Rd,,Not a Collision with Motor Vehicle,1,Clear,Dry,Daylight
2021-10-16T19:55:00.000,Sr 120,Sr 120 and Mcgarity Rd,,Rear End,2,Clear,Dry,Dark-Not Lighted
2023-11-04T05:03:00.000,Sr 120,Sr 120 and Mcgarity Rd,,Not a Collision with Motor Vehicle,1,Clear,Dry,Dark-Lighted
2023-10-06T13:50:00.000,Sr 120,Sr 120 and Mcgarity Rd,,Rear End,2,Clear,Dry,Daylight
2020-02-09T15:28:00.000,Sr 120,Sr 120 and Mcdonalds - Pike,,Angle Crash,2,Clear,Dry,Daylight
2021-03-29T15:42:00.000,Sr 120,Sr 120 and Mcdaniel Rd,,Rear End,2,Clear,Dry,Daylight
2020-05-08T19:56:00.000,Sr 120,Sr 120 and Mcdaniel Rd,,Angle Crash,2,Rain,Wet,Dusk
2023-06-06T12:30:00.000,Sr 120,Sr 120 and Mcdaniel Rd,,Rear End,2,Clear,Dry,Daylight
2022-03-20T14:10:00.000,Sr 120,Sr 120 and Mcdaniel Rd,,Rear End,2,Clear,Dry,Daylight
2020-03-11T08:44:00.000,Sr 120,Sr 120 and Mcdaniel Rd,,Rear End,2,Cloudy,Dry,Daylight
2020-01-22T15:02:00.000,Sr 120,Sr 120 and Mcdaniel Rd,,Rear End,2,Clear,Dry,Daylight
2020-03-11T08:20:00.000,Sr 120,Sr 120 and Mcdaniel Rd,,Rear End,4,Cloudy,Dry,Daylight
2020-01-16T13:20:00.000,Sr 120,Sr 120 and Mcdaniel Rd,,Rear End,6,Clear,Dry,Daylight
2021-07-01T17:30:00.000,Sr 120,Sr 120 and Mcdaniel Rd,,Rear End,2,Clear,Dry,Daylight
2022-11-13T12:35:00.000,Sr 120,Sr 120 and Mcdaniel Rd,,Rear End,2,Clear,Dry,Daylight
2022-03-24T16:50:00.000,Sr 120,Sr 120 and Mcdaniel Rd,,Rear End,2,Clear,Dry,Daylight
2022-05-24T12:12:00.000,Sr 120,Sr 120 and Mcdaniel Rd,,Rear End,2,Clear,Dry,Daylight
2022-12-01T13:33:00.000,Sr 120,Sr 120 and Mcdaniel Rd,,Not a Collision with Motor Vehicle,1,Clear,Dry,Dark-Lighted
2022-12-05T17:55:00.000,Sr 120,Sr 120 and Mcdaniel Rd,,Rear End,2,Rain,Wet,Dark-Lighted
2022-12-09T14:30:00.000,Sr 120,Sr 120 and Mcdaniel Rd,,Rear End,2,Rain,Wet,Daylight
2022-07-19T17:30:00.000,Sr 120,Sr 120 and Mcdaniel Rd,,Rear End,2,Cloudy,Dry,Daylight
2020-01-02T07:50:00.000,Sr 120,Sr 120 and Mcconnell Dr,,Rear End,2,Rain,Wet,Daylight
2022-05-28T19:30:00.000,Sr 120,Sr 120 and Mcconnell Dr,,Rear End,2,Clear,Dry,Daylight
2024-05-15T14:55:00.000,Sr 120,Sr 120 and Mcclung Rd,,Rear End,2,Clear,Dry,Daylight
2024-09-13T09:06:00.000,Sr 120,Sr 120 and Mcbrayer Road Mud Green Rd,,Sideswipe-Same Direction,2,Rain,Wet,Daylight
2022-10-27T18:07:00.000,Sr 120,Sr 120 and Mcbrayer Rd,,Angle Crash,2,Clear,Dry,Dusk
2023-02-20T07:52:00.000,Sr 120,Sr 120 and Mcbrayer Rd,,Not a Collision with Motor Vehicle,1,Clear,Dry,Daylight
2021-05-10T23:31:00.000,Sr 120,Sr 120 and Matt Dillon Rd,,Not a Collision with Motor Vehicle,1,Clear,Dry,Dark-Not Lighted
2021-08-14T12:41:00.000,Sr 120,Sr 120 and Matt Dillon Rd,,Not a Collision with Motor Vehicle,1,Clear,Dry,Daylight
2024-11-28T14:00:00.000,Sr 120,Sr 120 and Matt Dillon Rd,,Rear End,2,Clear,Dry,Daylight
2020-10-25T08:55:00.000,Sr 120,Sr 120 and Martin's Parking Lot,,Angle Crash,2,Clear,Dry,Daylight
2020-09-26T15:50:00.000,Sr 120,Sr 120 and Market Lawrenceville Rd,,Head On,2,Clear,Dry,Daylight
2022-06-06T10:50:00.000,Sr 120,Sr 120 and Maple Bend Trl.,,Rear End,2,Clear,Dry,Daylight
2021-10-10T15:14:00.000,Sr 120,Sr 120 and Manors Mill Rd,,Rear End,2,Clear,Dry,Daylight
2021-02-20T12:12:00.000,Sr 120,Sr 120 and Manors Mill Rd,,Rear End,2,Clear,Dry,Daylight
2023-06-09T18:56:00.000,Sr 120,Sr 120 and Manors Mill Rd,,Angle Crash,2,Clear,Dry,Daylight
2023-01-14T08:04:00.000,Sr 120,Sr 120 and Manors Mill Rd,,Not a Collision with Motor Vehicle,1,Cloudy,Dry,Daylight
2021-04-01T11:10:00.000,Sr 120,Sr 120 and Manors Mill Rd,,Not a Collision with Motor Vehicle,1,Clear,Dry,Daylight
2021-07-31T16:43:00.000,Sr 120,Sr 120 and Manors Mill Rd,,Angle Crash,2,Clear,Dry,Daylight
2024-10-28T20:39:00.000,Sr 120,Sr 120 and Manors Mill Rd,,Rear End,2,Clear,Dry,Dark-Not Lighted
2020-04-20T13:00:00.000,Sr 120,Sr 120 and Manors Mill Dr,,Not a Collision with Motor Vehicle,1,Clear,Dry,Daylight
2021-11-08T09:21:00.000,Sr 120,Sr 120 and Manning Rd,,Rear End,2,Clear,Dry,Daylight
2021-04-08T12:53:00.000,Sr 120,Sr 120 and Macland Rd,,Angle Crash,3,Cloudy,Dry,Daylight
2021-09-20T07:58:00.000,Sr 120,Sr 120 and Macland Rd,,Rear End,2,Rain,Wet,Daylight
2021-09-24T17:01:00.000,Sr 120,Sr 120 and Macland Rd,,Rear End,2,Clear,Dry,Daylight
2021-09-29T13:16:00.000,Sr 120,Sr 120 and Macland Rd,,Sideswipe-Same Direction,2,Clear,Dry,Daylight
2021-08-12T17:12:00.000,Sr 120,Sr 120 and Macland Rd,,Angle Crash,2,Clear,Dry,Daylight
2021-02-10T19:45:00.000,Sr 120,Sr 120 and Macland Rd,,Rear End,2,Clear,Dry,Dark-Not Lighted
2021-05-21T12:10:00.000,Sr 120,Sr 120 and Macland Rd,,Sideswipe-Same Direction,2,Clear,Dry,Daylight
2021-02-23T09:35:00.000,Sr 120,Sr 120 and Macland Rd,,Rear End,2,Clear,Dry,Daylight
2020-02-22T08:20:00.000,Sr 120,Sr 120 and Macland Rd,,Rear End,2,Clear,Dry,Daylight
2020-07-20T21:45:00.000,Sr 120,Sr 120 and Macland Rd,,Rear End,3,Clear,Dry,Dark-Not Lighted
2020-02-03T21:20:00.000,Sr 120,Sr 120 and Macland Rd,,Angle Crash,2,Clear,Dry,Dark-Not Lighted
2023-04-10T17:58:00.000,Sr 120,Sr 120 and Macland Rd,,Angle Crash,4,Clear,Dry,Daylight
2023-08-13T09:24:00.000,Sr 120,Sr 120 and Macland Rd,,Angle Crash,2,Clear,Dry,Daylight
2023-08-10T14:43:00.000,Sr 120,Sr 120 and Macland Rd,,Rear End,2,Clear,Dry,Daylight
2023-06-08T10:30:00.000,Sr 120,Sr 120 and Macland Rd,,Rear End,3,Clear,Dry,Daylight
2023-12-08T20:28:00.000,Sr 120,Sr 120 and Macland Rd,,Rear End,4,Clear,Dry,Dark-Not Lighted
2023-08-08T12:43:00.000,Sr 120,Sr 120 and Macland Rd,,Angle Crash,3,Cloudy,Dry,Daylight
2023-02-28T14:55:00.000,Sr 120,Sr 120 and Macland Rd,,Rear End,2,Clear,Dry,Daylight
2022-11-15T11:04:00.000,Sr 120,Sr 120 and Macland Rd,,Rear End,2,Clear,Wet,Daylight
2023-04-16T13:50:00.000,Sr 120,Sr 120 and Macland Rd,,Angle Crash,2,Cloudy,Dry,Daylight
2020-02-10T04:30:00.000,Sr 120,Sr 120 and Macland Rd,,Angle Crash,2,Clear,Dry,Dark-Not Lighted
2020-08-24T08:36:00.000,Sr 120,Sr 120 and Macland Rd,,Sideswipe-Same Direction,2,Cloudy,Wet,Daylight
2020-10-29T16:32:00.000,Sr 120,Sr 120 and Macland Rd,,Angle Crash,2,Cloudy,Dry,Daylight
2020-10-15T07:44:00.000,Sr 120,Sr 120 and Macland Rd,,Rear End,2,Fog,Dry,Daylight
2020-09-02T11:10:00.000,Sr 120,Sr 120 and Macland Rd,,Rear End,2,Clear,Dry,Daylight
2020-04-03T15:46:00.000,Sr 120,Sr 120 and Macland Rd,,Angle Crash,2,Clear,Dry,Daylight
2020-08-20T17:35:00.000,Sr 120,Sr 120 and Macland Rd,,Angle Crash,2,Rain,Wet,Daylight
2020-01-19T19:23:00.000,Sr 120,Sr 120 and Macland Rd,,Sideswipe-Same Direction,2,Clear,Dry,Dark-Not Lighted
2021-04-06T17:49:00.000,Sr 120,Sr 120 and Macland Rd,,Rear End,2,Clear,Dry,Daylight
2021-04-06T07:20:00.000,Sr 120,Sr 120 and Macland Rd,,Angle Crash,4,Clear,Dry,Daylight
2021-01-21T16:34:00.000,Sr 120,Sr 120 and Macland Rd,,Rear End,2,Rain,Wet,Daylight
2021-04-20T23:13:00.000,Sr 120,Sr 120 and Macland Rd,,Angle Crash,2,Clear,Dry,Dark-Not Lighted
2021-03-31T07:40:00.000,Sr 120,Sr 120 and Macland Rd,,Angle Crash,4,Clear,Dry,Daylight
2021-03-20T23:26:00.000,Sr 120,Sr 120 and Macland Rd,,Not a Collision with Motor Vehicle,1,Clear,Dry,Dark-Not Lighted
2021-01-29T12:01:00.000,Sr 120,Sr 120 and Macland Rd,,Rear End,2,Clear,Dry,Daylight
2021-03-05T19:50:00.000,Sr 120,Sr 120 and Macland Rd,,Angle Crash,3,Clear,Dry,Daylight
2021-12-14T09:45:00.000,Sr 120,Sr 120 and Macland Rd,,Rear End,2,Clear,Dry,Daylight
2021-12-09T18:14:00.000,Sr 120,Sr 120 and Macland Rd,,Angle Crash,2,Clear,Dry,Dark-Lighted
2021-09-30T13:20:00.000,Sr 120,Sr 120 and Macland Rd,,Rear End,2,Clear,Dry,Daylight
2021-11-10T13:31:00.000,Sr 120,Sr 120 and Macland Rd,,Rear End,2,Clear,Dry,Daylight
2022-05-20T12:25:00.000,Sr 120,Sr 120 and Macland Rd,,Angle Crash,2,Clear,Dry,Daylight
2021-07-23T07:55:00.000,Sr 120,Sr 120 and Macland Rd,,Angle Crash,5,Clear,Dry,Daylight
2022-03-26T23:37:00.000,Sr 120,Sr 120 and Macland Rd,,Rear End,2,Clear,Dry,Dark-Not Lighted
2022-08-27T19:35:00.000,Sr 120,Sr 120 and Macland Rd,,Rear End,2,Clear,Dry,Daylight
2022-03-04T10:36:00.000,Sr 120,Sr 120 and Macland Rd,,Sideswipe-Same Direction,2,Clear,Dry,Daylight
2022-05-20T16:50:00.000,Sr 120,Sr 120 and Macland Rd,,Rear End,2,Clear,Dry,Daylight
2022-05-14T10:20:00.000,Sr 120,Sr 120 and Macland Rd,,Rear End,2,Clear,Dry,Daylight
2022-12-13T20:12:00.000,Sr 120,Sr 120 and Macland Rd,,Head On,2,Clear,Dry,Dark-Not Lighted
2022-02-15T15:48:00.000,Sr 120,Sr 120 and Macland Rd,,Rear End,2,Clear,Dry,Daylight
2022-12-30T13:10:00.000,Sr 120,Sr 120 and Macland Rd,,Rear End,2,Clear,Dry,Daylight
2022-06-24T13:55:00.000,Sr 120,Sr 120 and Macland Rd,,Angle Crash,2,Clear,Dry,Daylight
2022-09-07T20:43:00.000,Sr 120,Sr 120 and Macland Rd,,Rear End,2,Clear,Dry,Dark-Not Lighted
2022-05-07T14:05:00.000,Sr 120,Sr 120 and Macland Rd,,Rear End,2,Clear,Dry,Daylight
2022-05-27T20:11:00.000,Sr 120,Sr 120 and Macland Rd,,Sideswipe-Same Direction,2,Clear,Dry,Dusk
2022-03-25T08:27:00.000,Sr 120,Sr 120 and Macland Rd,,Rear End,2,Clear,Dry,Daylight
2022-08-22T13:00:00.000,Sr 120,Sr 120 and Macland Rd,,Angle Crash,2,Cloudy,Dry,Daylight
2022-11-11T15:35:00.000,Sr 120,Sr 120 and Macland Rd,,Rear End,3,Cloudy,Wet,Daylight
2022-02-15T14:16:00.000,Sr 120,Sr 120 and Macland Rd,,Sideswipe-Same Direction,2,Clear,Dry,Daylight
2022-05-13T11:50:00.000,Sr 120,Sr 120 and Macland Rd,,Rear End,2,Cloudy,Dry,Daylight
2022-05-03T08:20:00.000,Sr 120,Sr 120 and Macland Rd,,Rear End,3,Clear,Dry,Daylight
2023-05-20T22:21:00.000,Sr 120,Sr 120 and Macland Rd,,Angle Crash,2,Cloudy,Wet,Dark-Not Lighted
2024-11-24T15:51:00.000,Sr 120,Sr 120 and Macland Rd,,Rear End,2,Clear,Dry,Daylight
2024-01-24T17:13:00.000,Sr 120,Sr 120 and Macland Rd,,Rear End,2,Rain,Wet,Daylight
2024-05-30T01:12:00.000,Sr 120,Sr 120 and Macland Rd,,Angle Crash,2,Clear,Dry,Dark-Not Lighted
2024-09-03T16:43:00.000,Sr 120,Sr 120 and Macland Rd,,Rear End,2,Clear,Dry,Daylight
2024-02-18T18:55:00.000,Sr 120,Sr 120 and Macland Rd,,Rear End,2,Clear,Dry,Dark-Lighted
2024-02-21T17:40:00.000,Sr 120,Sr 120 and Macland Rd,,Rear End,2,Clear,Dry,Daylight
2024-07-02T05:33:00.000,Sr 120,Sr 120 and Macland Rd,,Not a Collision with Motor Vehicle,2,Cloudy,Dry,Dark-Not Lighted
2024-02-05T18:26:00.000,Sr 120,Sr 120 and Macland Rd,,Rear End,2,Clear,Dry,Dusk
2024-05-03T07:34:00.000,Sr 120,Sr 120 and Macland Rd,,Angle Crash,2,Cloudy,Dry,Daylight
2023-06-04T17:43:00.000,Sr 120,Sr 120 and Macland Rd,,Rear End,2,Clear,Dry,Daylight
2023-04-26T15:59:00.000,Sr 120,Sr 120 and Macland Rd,,Head On,2,Cloudy,Wet,Daylight
2023-01-31T18:34:00.000,Sr 120,Sr 120 and Macland Rd,,Sideswipe-Opposite Direction,2,Cloudy,Dry,Dark-Not Lighted
2023-05-08T16:45:00.000,Sr 120,Sr 120 and Macland Rd,,Rear End,2,Clear,Dry,Daylight
2024-01-21T19:45:00.000,Sr 120,Sr 120 and Macland Rd,,Angle Crash,2,Clear,Dry,Dark-Not Lighted
2024-12-03T18:23:00.000,Sr 120,Sr 120 and Macland Rd,,Rear End,2,Clear,Dry,Dark-Lighted
2024-10-23T10:46:00.000,Sr 120,Sr 120 and Macland Rd,,Rear End,3,Clear,Dry,Daylight
2024-09-09T16:53:00.000,Sr 120,Sr 120 and Macland Rd,,Rear End,2,Clear,Dry,Daylight
2024-12-30T06:11:00.000,Sr 120,Sr 120 and Macland Rd,,Rear End,2,Cloudy,Dry,Dark-Not Lighted
2024-01-30T15:54:00.000,Sr 120,Sr 120 and Macland Rd,,Angle Crash,2,Clear,Dry,Daylight
2024-08-17T18:19:00.000,Sr 120,Sr 120 and Macland Rd,,Rear End,2,Cloudy,Dry,Daylight
2024-05-20T05:45:00.000,Sr 120,Sr 120 and Macland Rd,,Angle Crash,2,Cloudy,Dry,Dark-Not Lighted
2024-12-26T12:17:00.000,Sr 120,Sr 120 and Macland Rd,,Rear End,2,Clear,Dry,Daylight
2024-03-06T14:46:00.000,Sr 120,Sr 120 and Macland Rd,,Rear End,2,Rain,Wet,Daylight
2024-03-09T10:50:00.000,Sr 120,Sr 120 and Macland Rd,,Rear End,2,Cloudy,Wet,Daylight
2024-04-08T20:08:00.000,Sr 120,Sr 120 and Macland Rd,,Angle Crash,2,Clear,Dry,Dark-Lighted
2024-05-14T17:00:00.000,Sr 120,Sr 120 and Macland Rd,,Angle Crash,2,Clear,Dry,Daylight
2024-04-10T13:00:00.000,Sr 120,Sr 120 and Macland Rd,,Sideswipe-Same Direction,2,Cloudy,Dry,Daylight
2024-03-25T09:52:00.000,Sr 120,Sr 120 and Macland Rd,,Rear End,2,Clear,Dry,Daylight
2024-08-22T14:01:00.000,Sr 120,Sr 120 and Macland Rd,,Angle Crash,2,Clear,Dry,Daylight
2021-08-22T15:44:00.000,Sr 120,Sr 120 and Luttrell Path,,Rear End,2,Rain,Snow,Daylight
2021-04-16T06:37:00.000,Sr 120,Sr 120 and Log Cabin Dr,,Angle Crash,2,Clear,Dry,Dark-Not Lighted
2021-12-06T19:34:00.000,Sr 120,Sr 120 and Log Cabin Dr,,Angle Crash,2,Clear,Dry,Dark-Lighted
2022-03-31T06:20:00.000,Sr 120,Sr 120 and Log Cabin Dr,,Rear End,3,Rain,Wet,Dark-Lighted
2022-09-29T16:00:00.000,Sr 120,Sr 120 and Log Cabin Dr,,Rear End,2,Clear,Dry,Daylight
2022-11-04T16:24:00.000,Sr 120,Sr 120 and Log Cabin Dr,,Rear End,2,Clear,Dry,Daylight
2024-09-13T07:46:00.000,Sr 120,Sr 120 and Log Cabin Dr,,Rear End,2,Cloudy,Dry,Daylight
2021-10-10T20:45:00.000,Sr 120,Sr 120 and Lebanon Rd,,Angle Crash,2,Clear,Dry,Dark-Lighted
2020-06-12T13:14:00.000,Sr 120,Sr 120 and Lebanon Rd,,Not a Collision with Motor Vehicle,2,Clear,Dry,Daylight
2020-12-28T19:02:00.000,Sr 120,Sr 120 and Lebanon Rd,,Sideswipe-Same Direction,2,Cloudy,Dry,Dark-Lighted
2021-02-12T23:38:00.000,Sr 120,Sr 120 and Lawrenceville-Suwanee Rd,,Angle Crash,2,Rain,Wet,Dark-Lighted
2020-12-22T18:00:00.000,Sr 120,Sr 120 and Lawrenceville-Suwanee Rd,,Sideswipe-Same Direction,2,Clear,Dry,Dark-Lighted
2020-10-03T17:50:00.000,Sr 120,Sr 120 and Lawrenceville-Suwanee Rd,,Rear End,2,Clear,Dry,Daylight
2020-08-03T16:19:00.000,Sr 120,Sr 120 and Lawrenceville-Suwanee Rd,,Rear End,2,Rain,Wet,Daylight
2021-12-17T17:17:00.000,Sr 120,Sr 120 and Lawrenceville-Suwanee Rd,,Rear End,3,Clear,Dry,Dark-Not Lighted
2022-02-21T15:08:00.000,Sr 120,Sr 120 and Lawrenceville-Suwanee Rd,,Sideswipe-Same Direction,3,Rain,Wet,Daylight
2022-08-10T17:25:00.000,Sr 120,Sr 120 and Lawrenceville-Suwanee Rd,,Rear End,2,Cloudy,Dry,Daylight
2022-08-12T17:21:00.000,Sr 120,Sr 120 and Lawrenceville-Suwanee Rd,,Rear End,2,Clear,Dry,Daylight
2022-12-30T21:49:00.000,Sr 120,Sr 120 and Lawrenceville-Suwanee Rd,,Angle Crash,2,Clear,Dry,Dark-Not Lighted
2022-10-12T16:09:00.000,Sr 120,Sr 120 and Lawrenceville-Suwanee Rd,,Angle Crash,2,Cloudy,Wet,Daylight
2022-10-21T17:16:00.000,Sr 120,Sr 120 and Lawrenceville-Market Dr,,Rear End,2,Clear,Dry,Daylight
2020-03-06T21:15:00.000,Sr 120,Sr 120 and Lawrenceville Suwannee Rd,,Angle Crash,2,Clear,Dry,Dark-Lighted
2021-03-01T18:30:00.000,Sr 120,Sr 120 and Lawrenceville Suwanee Rd,,Sideswipe-Same Direction,2,Clear,Dry,Dark-Not Lighted
2021-12-21T18:00:00.000,Sr 120,Sr 120 and Lawrenceville Suwanee Rd,,Rear End,2,Rain,Wet,Dark-Lighted
2021-04-30T21:00:00.000,Sr 120,Sr 120 and Lawrenceville Suwanee Rd,,Rear End,2,Clear,Dry,Daylight
2021-05-19T13:06:00.000,Sr 120,Sr 120 and Lawrenceville Suwanee Rd,,Not a Collision with Motor Vehicle,1,Clear,Dry,Daylight
2020-11-03T04:03:00.000,Sr 120,Sr 120 and Lawrenceville Suwanee Rd,,Angle Crash,2,Clear,Dry,Dark-Lighted
2023-01-31T15:34:00.000,Sr 120,Sr 120 and Lawrenceville Suwanee Rd,,Sideswipe-Same Direction,2,Clear,Dry,Daylight
2020-06-13T21:08:00.000,Sr 120,Sr 120 and Lawrenceville Suwanee Rd,,Angle Crash,2,Clear,Dry,Dark-Lighted
2020-06-19T13:05:00.000,Sr 120,Sr 120 and Lawrenceville Suwanee Rd,,Angle Crash,3,Cloudy,Dry,Daylight
2020-05-26T18:40:00.000,Sr 120,Sr 120 and Lawrenceville Suwanee Rd,,Angle Crash,2,Cloudy,Dry,Daylight
2020-06-06T12:00:00.000,Sr 120,Sr 120 and Lawrenceville Suwanee Rd,,Rear End,3,Clear,Dry,Daylight
2020-11-02T17:50:00.000,Sr 120,Sr 120 and Lawrenceville Suwanee Rd,,Rear End,2,Clear,Dry,Dusk
2020-09-21T20:00:00.000,Sr 120,Sr 120 and Lawrenceville Suwanee Rd,,Angle Crash,2,Clear,Dry,Dark-Lighted
2020-10-21T18:00:00.000,Sr 120,Sr 120 and Lawrenceville Suwanee Rd,,Rear End,2,Clear,Dry,Daylight
2020-11-06T19:20:00.000,Sr 120,Sr 120 and Lawrenceville Suwanee Rd,,Not a Collision with Motor Vehicle,1,Clear,Dry,Dark-Lighted
2020-08-16T09:08:00.000,Sr 120,Sr 120 and Lawrenceville Suwanee Rd,,Angle Crash,2,Clear,Dry,Daylight
2020-12-22T09:30:00.000,Sr 120,Sr 120 and Lawrenceville Suwanee Rd,,Angle Crash,2,Clear,Dry,Daylight
2021-06-01T12:45:00.000,Sr 120,Sr 120 and Lawrenceville Suwanee Rd,,Rear End,2,Cloudy,Dry,Daylight
2021-09-02T13:16:00.000,Sr 120,Sr 120 and Lawrenceville Suwanee Rd,,Rear End,2,Cloudy,Dry,Daylight
2022-04-22T07:34:00.000,Sr 120,Sr 120 and Lawrenceville Suwanee Rd,,Not a Collision with Motor Vehicle,2,Clear,Dry,Daylight
2022-02-15T11:15:00.000,Sr 120,Sr 120 and Lawrenceville Suwanee Rd,,Angle Crash,2,Clear,Dry,Daylight
2022-09-25T01:40:00.000,Sr 120,Sr 120 and Lawrenceville Suwanee Rd,,Angle Crash,2,Clear,Dry,Dark-Not Lighted
2022-06-16T15:25:00.000,Sr 120,Sr 120 and Lawrenceville Suwanee Rd,,Angle Crash,2,Clear,Dry,Daylight
2022-05-03T12:02:00.000,Sr 120,Sr 120 and Lawrenceville Suwanee Rd,,Rear End,2,Clear,Dry,Daylight
2022-02-25T04:15:00.000,Sr 120,Sr 120 and Lawrenceville Suwanee Rd,,Not a Collision with Motor Vehicle,1,Clear,Dry,Dark-Lighted
2022-04-04T13:39:00.000,Sr 120,Sr 120 and Lawrenceville Suwanee Rd,,Head On,2,Clear,Dry,Daylight
2022-09-21T10:46:00.000,Sr 120,Sr 120 and Lawrenceville Suwanee Rd,,Rear End,2,Clear,Dry,Daylight
2023-07-03T20:00:00.000,Sr 120,Sr 120 and Lawrenceville Suwanee Rd,,Angle Crash,2,Cloudy,Wet,Daylight
2023-01-12T16:25:00.000,Sr 120,Sr 120 and Lawrenceville Suwanee Rd,,Rear End,2,Rain,Wet,Daylight
2024-05-26T18:49:00.000,Sr 120,Sr 120 and Lawrenceville Suwanee Rd,,Angle Crash,2,Clear,Dry,Daylight
2020-12-07T16:52:00.000,Sr 120,Sr 120 and Lawrenceville Suwanee,,Rear End,2,Cloudy,Dry,Daylight
2020-06-09T09:11:00.000,Sr 120,Sr 120 and Lawrenceville Suwanee,,Rear End,2,Cloudy,Dry,Daylight
2022-05-07T15:16:00.000,Sr 120,Sr 120 and Lawrenceville Market St,,Angle Crash,2,Cloudy,Dry,Daylight
2021-03-31T14:27:00.000,Sr 120,Sr 120 and Lawrenceville Market Dr,,Rear End,2,Rain,Wet,Daylight
2021-04-27T14:04:00.000,Sr 120,Sr 120 and Lawrenceville Market Dr,,Rear End,2,Clear,Dry,Daylight
2021-01-21T20:20:00.000,Sr 120,Sr 120 and Lawrenceville Market Dr,,Angle Crash,2,Cloudy,Wet,Dark-Lighted
2021-02-14T19:18:00.000,Sr 120,Sr 120 and Lawrenceville Market Dr,,Angle Crash,2,Clear,Dry,Dark-Lighted
2021-03-20T18:10:00.000,Sr 120,Sr 120 and Lawrenceville Market Dr,,Angle Crash,2,Clear,Dry,Daylight
2023-05-28T20:45:00.000,Sr 120,Sr 120 and Lawrenceville Market Dr,,Angle Crash,2,Clear,Dry,Dark-Lighted
2020-08-15T13:41:00.000,Sr 120,Sr 120 and Lawrenceville Market Dr,,Angle Crash,2,Cloudy,Dry,Daylight
2020-07-04T12:44:00.000,Sr 120,Sr 120 and Lawrenceville Market Dr,,Angle Crash,2,Clear,Dry,Daylight
2020-08-08T10:20:00.000,Sr 120,Sr 120 and Lawrenceville Market Dr,,Angle Crash,2,Clear,Dry,Daylight
2020-05-13T10:04:00.000,Sr 120,Sr 120 and Lawrenceville Market Dr,,Sideswipe-Same Direction,3,Cloudy,Dry,Daylight
2020-10-09T06:25:00.000,Sr 120,Sr 120 and Lawrenceville Market Dr,,Rear End,2,Cloudy,Dry,Daylight
2020-12-31T17:35:00.000,Sr 120,Sr 120 and Lawrenceville Market Dr,,Rear End,3,Rain,Wet,Dusk
2020-07-11T14:44:00.000,Sr 120,Sr 120 and Lawrenceville Market Dr,,Angle Crash,2,Clear,Dry,Daylight
2020-09-25T15:32:00.000,Sr 120,Sr 120 and Lawrenceville Market Dr,,Rear End,2,Cloudy,Dry,Daylight
2020-11-11T15:53:00.000,Sr 120,Sr 120 and Lawrenceville Market Dr,,Sideswipe-Same Direction,2,Clear,Dry,Daylight
2021-01-13T18:12:00.000,Sr 120,Sr 120 and Lawrenceville Market Dr,,Rear End,2,Clear,Dry,Dawn
2021-11-05T16:19:00.000,Sr 120,Sr 120 and Lawrenceville Market Dr,,Rear End,3,Cloudy,Dry,Daylight
2021-08-07T16:55:00.000,Sr 120,Sr 120 and Lawrenceville Market Dr,,Angle Crash,2,Cloudy,Dry,Daylight