Date and Time,Roadway (From Crash Report),Intersection Name (from Crash Report),KABCO Severity,Manner of Collision (Crash Level) ,# of Vehicles per crash ,Weather Conditions (Crash Level),Surface Condition (Crash Level) ,Light Conditions (Crash Level)
2021-07-02T13:54:00.000,Sr 120,Sr 120 and Lawrenceville Market Dr,,Rear End,2,Clear,Dry,Daylight
2022-06-11T14:04:00.000,Sr 120,Sr 120 and Lawrenceville Market Dr,,Angle Crash,2,Clear,Dry,Daylight
2021-07-24T01:54:00.000,Sr 120,Sr 120 and Lawrenceville Market Dr,,Angle Crash,2,Clear,Dry,Daylight
2021-10-16T15:13:00.000,Sr 120,Sr 120 and Lawrenceville Market Dr,,Rear End,2,Clear,Dry,Daylight
2021-10-09T15:30:00.000,Sr 120,Sr 120 and Lawrenceville Market Dr,,Angle Crash,2,Cloudy,Dry,Daylight
2022-09-24T19:00:00.000,Sr 120,Sr 120 and Lawrenceville Market Dr,,Angle Crash,2,Clear,Dry,Dusk
2022-08-01T11:15:00.000,Sr 120,Sr 120 and Lawrenceville Market Dr,,Angle Crash,2,Cloudy,Dry,Daylight
2022-06-11T13:27:00.000,Sr 120,Sr 120 and Lawrenceville Market Dr,,Angle Crash,2,Clear,Dry,Daylight
2022-06-18T14:35:00.000,Sr 120,Sr 120 and Lawrenceville Market Dr,,Angle Crash,4,Clear,Dry,Daylight
2022-10-02T15:17:00.000,Sr 120,Sr 120 and Lawrenceville Market Dr,,Angle Crash,2,Clear,Dry,Daylight
2022-10-16T14:55:00.000,Sr 120,Sr 120 and Lawrenceville Market Dr,,Angle Crash,2,Cloudy,Dry,Daylight
2022-09-13T18:30:00.000,Sr 120,Sr 120 and Lawrenceville Market Dr,,Sideswipe-Same Direction,2,Clear,Dry,Daylight
2024-03-21T19:50:00.000,Sr 120,Sr 120 and Lawrenceville Market Dr,,Rear End,2,Clear,Dry,Dark-Lighted
2021-07-07T10:40:00.000,Sr 120,Sr 120 and Lawrencevilee Suwanee Rd,,Rear End,2,Cloudy,Dry,Daylight
2020-01-03T12:42:00.000,Sr 120,Sr 120 and Lawrencevile Suwanee Rd,,Rear End,2,Rain,Water (standing or moving),Daylight
2022-02-26T17:20:00.000,Sr 120,Sr 120 and Lawenceville Market Dr,,Sideswipe-Same Direction,2,Clear,Dry,Dark-Not Lighted
2022-07-13T23:05:00.000,Sr 120,Sr 120 and Lawenceville Market Dr,,Rear End,2,Cloudy,Wet,Dark-Not Lighted
2020-02-08T11:18:00.000,Sr 120,Sr 120 and Langley Dr,,Rear End,2,Snow,Snow,Daylight
2021-02-13T12:50:00.000,Sr 120,Sr 120 and Langley Dr,,Rear End,2,Rain,Wet,Daylight
2023-08-07T18:00:00.000,Sr 120,Sr 120 and Lane Rd,,Sideswipe-Same Direction,2,Rain,Wet,Daylight
2020-09-04T08:20:00.000,Sr 120,Sr 120 and Lane Rd,,Not a Collision with Motor Vehicle,1,Clear,Dry,Daylight
2023-01-06T08:10:00.000,Sr 120,Sr 120 and Lane Rd,,Not a Collision with Motor Vehicle,2,Clear,Dry,Daylight
2024-11-23T08:16:00.000,Sr 120,Sr 120 and Lane Rd,,Not a Collision with Motor Vehicle,1,Clear,Dry,Daylight
2022-09-11T21:45:00.000,Sr 120,Sr 120 and Lane Cemetery Rd,,Rear End,2,Clear,Dry,Dark-Not Lighted
2020-11-04T20:24:00.000,Sr 120,Sr 120 and Lane Cemetary Rd,,Not a Collision with Motor Vehicle,1,Clear,Dry,Dark-Not Lighted
2022-11-22T21:55:00.000,Sr 120,Sr 120 and Lane Cemetary Rd,,Not a Collision with Motor Vehicle,1,Clear,Dry,Dark-Not Lighted
2022-10-20T06:56:00.000,Sr 120,Sr 120 and Lamp Post Ln,,Rear End,2,Clear,Dry,Dark-Lighted
2022-08-22T19:23:00.000,Sr 120,Sr 120 and Lamp Post Ln,,Not a Collision with Motor Vehicle,2,Cloudy,Wet,Dusk
2020-10-07T13:26:00.000,Sr 120,Sr 120 and Lakes Pkwy,,Angle Crash,2,Clear,Dry,Daylight
2021-10-23T19:02:00.000,Sr 120,Sr 120 and L'ville Market Dr,,Angle Crash,2,Clear,Dry,Daylight
2024-12-07T14:21:00.000,Sr 120,Sr 120 and Kingswood Club Dr,,Sideswipe-Same Direction,2,Clear,Dry,Daylight
2023-02-03T08:30:00.000,Sr 120,Sr 120 and Kent Ct,,Angle Crash,3,Clear,Dry,Daylight
2020-08-11T16:44:00.000,Sr 120,Sr 120 and Kent Ct,,Rear End,2,Clear,Dry,Daylight
2021-09-17T19:40:00.000,Sr 120,Sr 120 and Kent Ct,,Sideswipe-Opposite Direction,2,Clear,Dry,Daylight
2021-09-25T13:37:00.000,Sr 120,Sr 120 and John B Wilson Ct,,Rear End,2,Clear,Dry,Daylight
2022-03-11T16:10:00.000,Sr 120,Sr 120 and Jimmy Lee Smith Pkwy,,Head On,2,Clear,Dry,Daylight
2022-06-17T12:34:00.000,Sr 120,Sr 120 and Jimmy Lee Smith Pkwy,,Rear End,2,Clear,Dry,Daylight
2022-06-18T11:14:00.000,Sr 120,Sr 120 and Jimmy Lee Smith Pkwy,,Rear End,4,Clear,Dry,Daylight
2020-12-29T19:00:00.000,Sr 120,Sr 120 and James Wixs Rd,,Rear End,2,Clear,Dry,Dark-Not Lighted
2022-02-11T17:25:00.000,Sr 120,Sr 120 and James Wix Rd,,Rear End,2,Clear,Dry,Dusk
2022-10-18T06:44:00.000,Sr 120,Sr 120 and James Wix Rd,,Rear End,2,Clear,Dry,Dawn
2024-09-10T12:30:00.000,Sr 120,Sr 120 and James Wix Rd,,Rear End,2,Clear,Dry,Daylight
2024-04-20T21:05:00.000,Sr 120,Sr 120 and Jacksonville Rd,,Angle Crash,2,Cloudy,Dry,Dark-Not Lighted
2023-01-23T02:00:00.000,Sr 120,Sr 120 and Ivey Pope Rd,,Not a Collision with Motor Vehicle,1,Clear,Dry,Dark-Not Lighted
2023-03-30T09:24:00.000,Sr 120,Sr 120 and Ivey Pope Rd,,Rear End,2,Clear,Dry,Daylight
2020-02-06T08:51:00.000,Sr 120,Sr 120 and Inverness Approach,,Angle Crash,2,Rain,Wet,Daylight
2021-01-05T16:07:00.000,Sr 120,Sr 120 and Hurricane Shoals Rd,,Rear End,2,Clear,Dry,Daylight
2021-02-17T09:45:00.000,Sr 120,Sr 120 and Hurricane Shoals Rd,,Angle Crash,2,Clear,Dry,Daylight
2021-04-07T14:46:00.000,Sr 120,Sr 120 and Hurricane Shoals Rd,,Sideswipe-Same Direction,2,Clear,Dry,Daylight
2021-11-12T13:01:00.000,Sr 120,Sr 120 and Hurricane Shoals Rd,,Rear End,2,Clear,Dry,Daylight
2021-05-01T16:32:00.000,Sr 120,Sr 120 and Hurricane Shoals Rd,,Angle Crash,2,Clear,Dry,Daylight
2023-08-23T22:28:00.000,Sr 120,Sr 120 and Hurricane Shoals Rd,,Sideswipe-Same Direction,2,Clear,Dry,Dark-Lighted
2020-01-08T19:55:00.000,Sr 120,Sr 120 and Hurricane Shoals Rd,,Rear End,2,Clear,Dry,Dark-Lighted
2020-02-13T12:40:00.000,Sr 120,Sr 120 and Hurricane Shoals Rd,,Rear End,2,Clear,Dry,Daylight
2020-02-10T14:27:00.000,Sr 120,Sr 120 and Hurricane Shoals Rd,,Rear End,2,Rain,Wet,Daylight
2020-01-28T17:25:00.000,Sr 120,Sr 120 and Hurricane Shoals Rd,,Not a Collision with Motor Vehicle,1,Clear,Dry,Daylight
2021-04-24T13:31:00.000,Sr 120,Sr 120 and Hurricane Shoals Rd,,Angle Crash,2,Cloudy,Wet,Daylight
2024-10-04T14:50:00.000,Sr 120,Sr 120 and Hurricane Shoals Rd,,Rear End,2,Clear,Dry,Daylight
2021-08-07T14:58:00.000,Sr 120,Sr 120 and Hurrican Shoals Rd,,Angle Crash,2,Clear,Dry,Daylight
2021-01-22T17:40:00.000,Sr 120,Sr 120 and Hunters Trce,,Rear End,2,Clear,Dry,Dusk
2021-08-17T18:20:00.000,Sr 120,Sr 120 and Hunters Trce,,Rear End,2,Cloudy,Dry,Daylight
2023-11-24T20:50:00.000,Sr 120,Sr 120 and Hunters Trce,,Not a Collision with Motor Vehicle,2,Clear,Dry,Dark-Not Lighted
2023-11-07T15:30:00.000,Sr 120,Sr 120 and Hunters Trce,,Angle Crash,2,Clear,Dry,Daylight
2020-03-13T16:00:00.000,Sr 120,Sr 120 and Hunters Trce,,Sideswipe-Same Direction,2,Cloudy,Dry,Daylight
2021-11-22T18:59:00.000,Sr 120,Sr 120 and Hunters Trce,,Angle Crash,2,Clear,Dry,Dark-Not Lighted
2022-02-17T13:15:00.000,Sr 120,Sr 120 and Hunters Trce,,Angle Crash,2,Clear,Dry,Daylight
2022-06-28T20:14:00.000,Sr 120,Sr 120 and Hunters Trce,,Sideswipe-Same Direction,2,Cloudy,Wet,Daylight
2024-01-30T16:08:00.000,Sr 120,Sr 120 and Hunters Trce,,Angle Crash,2,Clear,Dry,Daylight
2024-03-11T04:48:00.000,Sr 120,Sr 120 and Hunters Trce,,Not a Collision with Motor Vehicle,1,Clear,Dry,Dark-Not Lighted
2022-11-11T19:36:00.000,Sr 120,Sr 120 and Howad Way,,Rear End,2,Cloudy,Wet,Dark-Lighted
2020-03-05T11:20:00.000,Sr 120,Sr 120 and Holcombe Rd,,Not a Collision with Motor Vehicle,1,Rain,Wet,Daylight
2023-12-08T16:05:00.000,Sr 120,Sr 120 and Hiram Way,,Rear End,2,Clear,Dry,Daylight
2024-11-08T20:13:00.000,Sr 120,Sr 120 and Hiram Acworth Hwy,,Angle Crash,2,Clear,Dry,Dark-Not Lighted
2024-09-26T19:20:00.000,Sr 120,Sr 120 and Hiram Acworth Hwy,,Not a Collision with Motor Vehicle,1,Rain,Wet,Dark-Lighted
2020-12-11T08:10:00.000,Sr 120,Sr 120 and Head Ave,,Rear End,2,Clear,Dry,Daylight
2023-11-28T15:54:00.000,Sr 120,Sr 120 and Harrdy Springs Dr,,Rear End,2,Clear,Dry,Daylight
2024-07-10T07:52:00.000,Sr 120,Sr 120 and Harmony Road Rc Thompson Rd,,Angle Crash,2,Cloudy,Dry,Daylight
2024-10-30T08:22:00.000,Sr 120,Sr 120 and Harmony Road Rc Thompson Rd,,Angle Crash,2,Cloudy,Dry,Daylight
2024-10-29T17:36:00.000,Sr 120,Sr 120 and Harmony Rd   Rc Thompson Rd,,Angle Crash,2,Clear,Dry,Daylight
2023-10-11T17:50:00.000,Sr 120,Sr 120 and Harmony Rd,,Angle Crash,2,Rain,Wet,Daylight
2023-07-22T17:45:00.000,Sr 120,Sr 120 and Harmony Rd,,Rear End,2,Cloudy,Dry,Daylight
2023-12-27T17:23:00.000,Sr 120,Sr 120 and Harmony Rd,,Angle Crash,2,Clear,Dry,Daylight
2022-01-15T14:07:00.000,Sr 120,Sr 120 and Harmony Rd,,Angle Crash,2,Cloudy,Dry,Daylight
2020-10-17T14:45:00.000,Sr 120,Sr 120 and Harmony Rd,,Angle Crash,2,Clear,Dry,Daylight
2020-03-11T07:25:00.000,Sr 120,Sr 120 and Harmony Rd,,Not a Collision with Motor Vehicle,1,Cloudy,Wet,Dawn
2020-06-27T15:29:00.000,Sr 120,Sr 120 and Harmony Rd,,Angle Crash,2,Rain,Wet,Daylight
2020-07-10T16:30:00.000,Sr 120,Sr 120 and Harmony Rd,,Angle Crash,2,Clear,Dry,Daylight
2020-08-03T12:30:00.000,Sr 120,Sr 120 and Harmony Rd,,Head On,2,Clear,Dry,Daylight
2021-06-28T20:35:00.000,Sr 120,Sr 120 and Harmony Rd,,Not a Collision with Motor Vehicle,1,Clear,Dry,Daylight
2021-09-23T15:30:00.000,Sr 120,Sr 120 and Harmony Rd,,Angle Crash,2,Clear,Dry,Daylight
2022-02-14T12:58:00.000,Sr 120,Sr 120 and Harmony Rd,,Angle Crash,2,Clear,Dry,Daylight
2022-05-20T14:45:00.000,Sr 120,Sr 120 and Harmony Rd,,Angle Crash,2,Clear,Dry,Daylight
2022-01-27T07:00:00.000,Sr 120,Sr 120 and Harmony Rd,,Not a Collision with Motor Vehicle,1,Clear,Dry,Dark-Not Lighted
2023-08-11T18:00:00.000,Sr 120,Sr 120 and Harmony Rd,,Angle Crash,3,Clear,Dry,Daylight
2023-02-25T05:13:00.000,Sr 120,Sr 120 and Harmony Rd,,Not a Collision with Motor Vehicle,1,Cloudy,Dry,Dark-Not Lighted
2024-06-08T17:39:00.000,Sr 120,Sr 120 and Harmony Rd,,Angle Crash,2,Clear,Dry,Daylight
2021-06-03T16:51:00.000,Sr 120,Sr 120 and Hardy Springs Dr,,Rear End,3,Rain,Wet,Daylight
2021-07-09T15:10:00.000,Sr 120,Sr 120 and Hardy Springs Dr,,Rear End,2,Rain,Wet,Daylight
2023-12-26T19:43:00.000,Sr 120,Sr 120 and Hardy Springs Dr,,Rear End,2,Rain,Wet,Dark-Not Lighted
2023-08-03T17:46:00.000,Sr 120,Sr 120 and Hardy Springs Dr,,Rear End,5,Cloudy,Dry,Daylight
2022-08-03T11:00:00.000,Sr 120,Sr 120 and Hardy Springs Dr,,Rear End,2,Cloudy,Dry,Daylight
2024-11-01T18:45:00.000,Sr 120,Sr 120 and Hardy Springs Dr,,Rear End,2,Cloudy,Wet,Dark-Not Lighted
2024-12-06T15:48:00.000,Sr 120,Sr 120 and Hardy Springs Dr,,Rear End,3,Clear,Dry,Daylight
2020-01-23T07:45:00.000,Sr 120,Sr 120 and Haralson County Middle School,,Angle Crash,2,Rain,Wet,Daylight
2020-09-04T12:31:00.000,Sr 120,Sr 120 and Hampton Woods Way,,Sideswipe-Same Direction,2,Clear,Dry,Daylight
2020-12-01T15:59:00.000,Sr 120,Sr 120 and Gordon St,,Rear End,2,Clear,Dry,Daylight
2021-05-29T15:21:00.000,Sr 120,Sr 120 and Gordon St,,Not a Collision with Motor Vehicle,1,Clear,Dry,Daylight
2023-03-15T22:10:00.000,Sr 120,Sr 120 and Gordon St,,Sideswipe-Same Direction,2,Clear,Dry,Dark-Not Lighted
2021-12-17T19:15:00.000,Sr 120,Sr 120 and Goldin Rd,,Not a Collision with Motor Vehicle,1,Clear,Dry,Dark-Not Lighted
2024-10-19T08:44:00.000,Sr 120,Sr 120 and Goldin Rd,,Angle Crash,2,Clear,Dry,Daylight
2021-02-02T09:52:00.000,Sr 120,Sr 120 and Golden Rd,,Rear End,2,Clear,Dry,Daylight
2022-03-27T12:42:00.000,Sr 120,Sr 120 and Gilley Rd,,Angle Crash,2,Clear,Dry,Dark-Not Lighted
2021-11-12T17:50:00.000,Sr 120,Sr 120 and Gerber Dr,,Angle Crash,2,Clear,Dry,Dusk
2021-04-05T18:03:00.000,Sr 120,Sr 120 and Gann Cemetery Rd,,Head On,2,Clear,Dry,Daylight
2023-05-17T22:59:00.000,Sr 120,Sr 120 and Gann Cemetary Rd,,Not a Collision with Motor Vehicle,1,Clear,Dry,Dark-Not Lighted
2024-07-12T17:33:00.000,Sr 120,Sr 120 and Friendship Church Rd,,Angle Crash,3,Clear,Dry,Daylight
2020-05-27T19:27:00.000,Sr 120,Sr 120 and Francis White Rd,,Rear End,2,Cloudy,Wet,Daylight
2020-10-30T03:55:00.000,Sr 120,Sr 120 and Frances White Rd,,Not a Collision with Motor Vehicle,1,Cloudy,Dry,Dark-Not Lighted
2022-12-03T23:47:00.000,Sr 120,Sr 120 and Frances White Rd,,Sideswipe-Same Direction,2,Cloudy,Wet,Dark-Not Lighted
2022-02-17T08:21:00.000,Sr 120,Sr 120 and Flemister Rd,,Rear End,3,Cloudy,Dry,Daylight
2022-10-31T15:42:00.000,Sr 120,Sr 120 and Flemister Rd,,Rear End,2,Clear,Dry,Daylight
2020-12-29T12:29:00.000,Sr 120,Sr 120 and Flemister Rd,,Rear End,3,Clear,Dry,Daylight
2024-10-11T15:31:00.000,Sr 120,Sr 120 and Flemister Cir,,Sideswipe-Opposite Direction,3,Clear,Dry,Daylight
2020-07-17T08:19:00.000,Sr 120,Sr 120 and Fennell Rd,,Rear End,2,Clear,Dry,Daylight
2020-10-14T07:32:00.000,Sr 120,Sr 120 and Fennell Rd,,Not a Collision with Motor Vehicle,2,Clear,Dry,Daylight
2024-06-10T17:34:00.000,Sr 120,Sr 120 and Fennell Rd,,Not a Collision with Motor Vehicle,1,Clear,Dry,Daylight
2023-11-13T15:50:00.000,Sr 120,Sr 120 and Evans Mill Rd,,Angle Crash,2,Cloudy,Dry,Daylight
2024-06-25T06:57:00.000,Sr 120,Sr 120 and Evans Mill Rd,,Rear End,2,Clear,Dry,Daylight
2024-04-03T12:40:00.000,Sr 120,Sr 120 and Evans Mill Rd,,Angle Crash,2,Clear,Dry,Daylight
2023-08-29T13:23:00.000,Sr 120,Sr 120 and Evans Mill Dr,,Angle Crash,2,Cloudy,Dry,Daylight
2023-10-16T17:15:00.000,Sr 120,Sr 120 and Evans Mill Dr,,Angle Crash,2,Cloudy,Dry,Daylight
2020-02-21T08:00:00.000,Sr 120,Sr 120 and Evans Mill Dr,,Angle Crash,2,Clear,Dry,Daylight
2022-08-23T07:07:00.000,Sr 120,Sr 120 and Evans Mill Dr,,Angle Crash,2,Cloudy,Dry,Daylight
2022-12-09T13:32:00.000,Sr 120,Sr 120 and Evans Mill Dr,,Angle Crash,2,Rain,Wet,Daylight
2022-07-22T20:55:00.000,Sr 120,Sr 120 and Evans Mill Dr,,Angle Crash,2,Clear,Wet,Dark-Not Lighted
2022-05-03T17:42:00.000,Sr 120,Sr 120 and Evans Mill Dr,,Angle Crash,2,Clear,Dry,Daylight
2022-05-26T13:30:00.000,Sr 120,Sr 120 and Estvanko Rd,,Not a Collision with Motor Vehicle,1,Clear,Dry,Daylight
2021-04-28T08:18:00.000,Sr 120,Sr 120 and Estavanko Loop,,Angle Crash,2,Clear,Dry,Daylight
2021-07-30T17:40:00.000,Sr 120,Sr 120 and Estavanko Loop,,Head On,2,Clear,Dry,Daylight
2022-04-11T16:54:00.000,Sr 120,Sr 120 and Estavanko Loop,,Rear End,2,Clear,Dry,Daylight
2023-07-05T05:00:00.000,Sr 120,Sr 120 and Eberhart Dr,,Not a Collision with Motor Vehicle,1,Clear,Dry,Dark-Not Lighted
2020-06-11T12:45:00.000,Sr 120,Sr 120 and Eastside Trl,,Not a Collision with Motor Vehicle,1,Clear,Dry,Daylight
2021-02-19T18:50:00.000,Sr 120,Sr 120 and E Paulding Dr,,Sideswipe-Same Direction,2,Clear,Dry,Dark-Not Lighted
2021-01-14T17:00:00.000,Sr 120,Sr 120 and E Paulding Dr,,Angle Crash,2,Clear,Dry,Daylight
2021-05-13T17:47:00.000,Sr 120,Sr 120 and E Paulding Dr,,Angle Crash,2,Clear,Dry,Daylight
2021-06-02T17:27:00.000,Sr 120,Sr 120 and E Paulding Dr,,Sideswipe-Same Direction,2,Cloudy,Dry,Daylight
2023-02-01T07:05:00.000,Sr 120,Sr 120 and E Paulding Dr,,Rear End,2,Cloudy,Wet,Dark-Not Lighted
2023-12-21T13:38:00.000,Sr 120,Sr 120 and E Paulding Dr,,Angle Crash,2,Clear,Dry,Daylight
2023-12-05T16:05:00.000,Sr 120,Sr 120 and E Paulding Dr,,Angle Crash,2,Clear,Dry,Daylight
2020-04-16T07:30:00.000,Sr 120,Sr 120 and E Paulding Dr,,Sideswipe-Same Direction,2,Clear,Dry,Daylight
2020-10-29T08:15:00.000,Sr 120,Sr 120 and E Paulding Dr,,Rear End,2,Rain,Wet,Daylight
2020-09-25T17:19:00.000,Sr 120,Sr 120 and E Paulding Dr,,Rear End,2,Cloudy,Dry,Daylight
2020-12-14T18:53:00.000,Sr 120,Sr 120 and E Paulding Dr,,Rear End,2,Clear,Dry,Dark-Not Lighted
2020-06-11T09:05:00.000,Sr 120,Sr 120 and E Paulding Dr,,Angle Crash,2,Clear,Dry,Daylight
2020-05-21T23:48:00.000,Sr 120,Sr 120 and E Paulding Dr,,Sideswipe-Same Direction,2,Clear,Dry,Dark-Not Lighted
2020-08-03T18:12:00.000,Sr 120,Sr 120 and E Paulding Dr,,Not a Collision with Motor Vehicle,1,Clear,Dry,Daylight
2020-03-20T18:20:00.000,Sr 120,Sr 120 and E Paulding Dr,,Rear End,2,Clear,Dry,Daylight
2021-12-14T11:26:00.000,Sr 120,Sr 120 and E Paulding Dr,,Angle Crash,2,Clear,Dry,Daylight
2022-05-07T21:11:00.000,Sr 120,Sr 120 and E Paulding Dr,,Angle Crash,2,Clear,Dry,Dark-Not Lighted
2022-05-31T08:55:00.000,Sr 120,Sr 120 and E Paulding Dr,,Sideswipe-Same Direction,3,Clear,Dry,Daylight
2022-05-07T16:49:00.000,Sr 120,Sr 120 and E Paulding Dr,,Angle Crash,2,Cloudy,Dry,Daylight
2022-02-26T11:40:00.000,Sr 120,Sr 120 and E Paulding Dr,,Angle Crash,2,Clear,Dry,Daylight
2022-09-14T12:14:00.000,Sr 120,Sr 120 and E Paulding Dr,,Rear End,2,Clear,Dry,Daylight
2022-12-18T20:55:00.000,Sr 120,Sr 120 and E Paulding Dr,,Angle Crash,2,Clear,Dry,Dark-Lighted
2022-07-25T13:41:00.000,Sr 120,Sr 120 and E Paulding Dr,,Rear End,2,Clear,Dry,Daylight
2024-10-16T17:47:00.000,Sr 120,Sr 120 and E Paulding Dr,,Angle Crash,3,Clear,Dry,Daylight
2024-04-23T16:35:00.000,Sr 120,Sr 120 and E Paulding Dr,,Angle Crash,2,Clear,Dry,Daylight
2024-03-25T17:35:00.000,Sr 120,Sr 120 and E Paulding Dr,,Angle Crash,2,Clear,Dry,Daylight
2024-08-29T09:26:00.000,Sr 120,Sr 120 and E Paulding Dr,,Angle Crash,2,Clear,Dry,Daylight
2024-06-11T18:12:00.000,Sr 120,Sr 120 and E Paulding Dr,,Rear End,2,Clear,Dry,Daylight
2024-07-27T22:14:00.000,Sr 120,Sr 120 and E Paulding Dr,,Rear End,2,Clear,Dry,Dark-Not Lighted
2023-02-06T16:35:00.000,Sr 120,Sr 120 and E Paulding,,Rear End,2,Clear,Dry,Daylight
2020-06-05T06:25:00.000,Sr 120,Sr 120 and E Aulding Dr,,Rear End,2,Clear,Dry,Daylight
2020-05-27T14:57:00.000,Sr 120,Sr 120 and Dons Way,,Angle Crash,2,Clear,Dry,Daylight
2023-12-28T16:36:00.000,Sr 120,Sr 120 and Dogwood Trl,,Not a Collision with Motor Vehicle,1,Clear,Dry,Daylight
2020-10-20T18:05:00.000,Sr 120,Sr 120 and Dogwood Trl,,Not a Collision with Motor Vehicle,1,Clear,Dry,Daylight
2023-01-15T05:46:00.000,Sr 120,Sr 120 and Dogwood Trl,,Not a Collision with Motor Vehicle,1,Clear,Dry,Dark-Not Lighted
2021-12-19T18:24:00.000,Sr 120,Sr 120 and Dogwood Creek Pkwy,,Head On,2,Clear,Dry,Dark-Lighted
2020-07-01T12:00:00.000,Sr 120,Sr 120 and Dogwood Creek Pkwy,,Rear End,2,Cloudy,Dry,Daylight
2020-03-13T10:24:00.000,Sr 120,Sr 120 and Dogwood Creek Pkwy,,Angle Crash,2,Clear,Dry,Daylight
2020-03-11T09:03:00.000,Sr 120,Sr 120 and Dogwood Creek Pkwy,,Angle Crash,2,Cloudy,Dry,Daylight
2021-10-15T19:26:00.000,Sr 120,Sr 120 and Dogwood Creek Pkwy,,Rear End,2,Clear,Dry,Dark-Lighted
2022-04-13T15:15:00.000,Sr 120,Sr 120 and Dogwood Creek Pkwy,,Not a Collision with Motor Vehicle,1,Cloudy,Dry,Daylight
2021-07-11T13:40:00.000,Sr 120,Sr 120 and Dogwood Creek Pkwy,,Sideswipe-Same Direction,2,Cloudy,Dry,Daylight
2022-02-20T16:40:00.000,Sr 120,Sr 120 and Dogwood Creek Pkwy,,Angle Crash,2,Clear,Dry,Daylight
2021-09-18T21:00:00.000,Sr 120,Sr 120 and Della Way,,Angle Crash,2,Clear,Dry,Dark-Lighted
2021-11-09T07:17:00.000,Sr 120,Sr 120 and Decatur St,,Sideswipe-Same Direction,2,Clear,Dry,Daylight
2020-12-29T13:29:00.000,Sr 120,Sr 120 and Decatur St,,Head On,1,Clear,Dry,Daylight
2023-01-03T17:15:00.000,Sr 120,Sr 120 and Davis Mill Rd,,Sideswipe-Opposite Direction,2,Rain,Wet,Dark-Not Lighted
2021-06-10T07:25:00.000,Sr 120,Sr 120 and Dallas Cir,,Not a Collision with Motor Vehicle,1,Cloudy,Dry,Daylight
2020-07-09T17:33:00.000,Sr 120,Sr 120 and Culver St,,Angle,2,Cloudy,Dry,Daylight
2020-11-16T17:04:00.000,Sr 120,Sr 120 and Crown Pointe Way,,Angle Crash,2,Clear,Dry,Daylight
2020-11-18T14:10:00.000,Sr 120,Sr 120 and Crown Point Way,,Angle Crash,2,Clear,Dry,Daylight
2020-03-13T16:21:00.000,Sr 120,Sr 120 and Crown Point Way,,Angle Crash,2,Clear,Dry,Daylight
2023-10-21T12:20:00.000,Sr 120,Sr 120 and Courthouse Rd,,Sideswipe-Same Direction,2,Clear,Dry,Daylight
2023-12-24T18:55:00.000,Sr 120,Sr 120 and Courthouse Rd,,Angle Crash,2,Cloudy,Dry,Dark-Not Lighted
2023-10-19T10:35:00.000,Sr 120,Sr 120 and Courthouse Rd,,Sideswipe-Same Direction,2,Clear,Dry,Daylight
2024-01-08T15:53:00.000,Sr 120,Sr 120 and Costco Wholesame,,Rear End,2,Clear,Dry,Daylight
2023-12-01T18:40:00.000,Sr 120,Sr 120 and Costco Way,,Rear End,2,Cloudy,Wet,Dark-Not Lighted
2023-06-03T18:02:00.000,Sr 120,Sr 120 and Costco Way,,Rear End,2,Clear,Dry,Daylight
2023-02-09T18:22:00.000,Sr 120,Sr 120 and Costco Way,,Angle Crash,2,Rain,Wet,Dark-Not Lighted
2022-01-26T00:00:00.000,Sr 120,Sr 120 and Costco Way,,Rear End,2,Cloudy,Dry,Daylight
2021-11-13T14:41:00.000,Sr 120,Sr 120 and Costco Way,,Sideswipe-Same Direction,2,Clear,Dry,Daylight
2022-08-11T12:40:00.000,Sr 120,Sr 120 and Costco Way,,Rear End,2,Cloudy,Dry,Daylight
2022-12-07T11:23:00.000,Sr 120,Sr 120 and Costco Way,,Angle Crash,2,Cloudy,Wet,Daylight
2024-07-21T10:52:00.000,Sr 120,Sr 120 and Costco Way,,Angle Crash,2,Cloudy,Dry,Daylight
2023-07-31T20:00:00.000,Sr 120,Sr 120 and Costco Way,,Sideswipe-Same Direction,2,Clear,Dry,Daylight
2024-11-23T17:09:00.000,Sr 120,Sr 120 and Costco Way,,Rear End,3,Clear,Dry,Daylight
2023-03-02T19:00:00.000,Sr 120,Sr 120 and Costco Private Dr,,Angle Crash,2,Cloudy,Wet,Dark-Not Lighted
2023-09-07T15:36:00.000,Sr 120,Sr 120 and Costco Exit,,Sideswipe-Same Direction,2,Clear,Dry,Daylight
2023-07-09T12:16:00.000,Sr 120,Sr 120 and Costco Entrence,,Angle Crash,3,Clear,Dry,Daylight
2024-10-21T13:25:00.000,Sr 120,Sr 120 and Cortinth-Poseyville Rd,,Not a Collision with Motor Vehicle,2,Clear,Dry,Daylight
2022-07-17T15:00:00.000,Sr 120,Sr 120 and Corinth-Poseyville Rd,,Not a Collision with Motor Vehicle,1,Cloudy,Dry,Daylight
2024-09-20T08:25:00.000,Sr 120,Sr 120 and Corinth Poseyville Rd,,Not a Collision with Motor Vehicle,1,Clear,Dry,Daylight
2021-07-23T09:06:00.000,Sr 120,Sr 120 and Coppermine Rd,,Not a Collision with Motor Vehicle,1,Clear,Dry,Daylight
2020-04-11T11:45:00.000,Sr 120,Sr 120 and Coppermine Rd,,Not a Collision with Motor Vehicle,1,Clear,Dry,Daylight
2020-12-16T17:35:00.000,Sr 120,Sr 120 and Coppermine Rd,,Not a Collision with Motor Vehicle,1,Rain,Wet,Dark-Not Lighted
2020-12-26T23:00:00.000,Sr 120,Sr 120 and Coppermine Rd,,Not a Collision with Motor Vehicle,1,Clear,Dry,Dark-Not Lighted
2022-09-22T22:33:00.000,Sr 120,Sr 120 and Coppermine Rd,,Not a Collision with Motor Vehicle,1,Clear,Dry,Dark-Not Lighted
2022-05-24T16:25:00.000,Sr 120,Sr 120 and Coppermine Rd,,Angle Crash,2,Cloudy,Dry,Daylight
2024-02-16T05:20:00.000,Sr 120,Sr 120 and Coppermine Rd,,Not a Collision with Motor Vehicle,1,Clear,Dry,Dark-Not Lighted