Date and Time,Roadway (From Crash Report),Intersection Name (from Crash Report),KABCO Severity,Manner of Collision (Crash Level) ,# of Vehicles per crash ,Weather Conditions (Crash Level),Surface Condition (Crash Level) ,Light Conditions (Crash Level)
2020-07-29T14:26:00.000,Sr 120,Sr 120 and Commander Ln,,Head On,2,Cloudy,Dry,Daylight
2020-06-23T15:20:00.000,Sr 120,Sr 120 and Commander Ln,,Not a Collision with Motor Vehicle,1,Clear,Dry,Daylight
2024-10-11T11:56:00.000,Sr 120,Sr 120 and Commander Lane Old White Oak C,,Head On,2,Clear,Dry,Daylight
2020-07-08T14:05:00.000,Sr 120,Sr 120 and Collections Dr,,Rear End,2,Clear,Dry,Daylight
2022-05-15T15:41:00.000,Sr 120,Sr 120 and Collections Dr,,Angle Crash,2,Cloudy,Dry,Daylight
2020-01-02T16:20:00.000,Sr 120,Sr 120 and Coleman Rd,,Rear End,2,Rain,Water (standing or moving),Daylight
2020-01-11T11:53:00.000,Sr 120,Sr 120 and Coleman Rd,,Angle Crash,2,Rain,Wet,Daylight
2020-11-15T21:00:00.000,Sr 120,Sr 120 and Cole Lake Rd,,Not a Collision with Motor Vehicle,1,Clear,Dry,Dark-Not Lighted
2020-06-17T13:37:00.000,Sr 120,Sr 120 and Cole Lake Rd,,Rear End,2,Clear,Dry,Daylight
2020-03-04T17:12:00.000,Sr 120,Sr 120 and Cole Lake Rd,,Rear End,4,Rain,Wet,Daylight
2023-03-15T10:11:00.000,Sr 120,Sr 120 and Claiborne Dr,,Rear End,3,Clear,Dry,Daylight
2022-02-01T08:54:00.000,Sr 120,Sr 120 and Claiborne Dr,,Rear End,2,Clear,Dry,Daylight
2024-09-18T09:24:00.000,Sr 120,Sr 120 and Claiborne Dr,,Rear End,2,Cloudy,Dry,Daylight
2021-09-07T17:01:00.000,Sr 120,Sr 120 and Citizens Square Rd,,Angle Crash,2,Rain,Wet,Daylight
2021-01-05T09:15:00.000,Sr 120,Sr 120 and Citizens Square Rd,,Angle Crash,2,Clear,Dry,Daylight
2021-12-17T14:43:00.000,Sr 120,Sr 120 and Citizens Square Rd,,Angle Crash,2,Cloudy,Dry,Daylight
2021-08-12T05:05:00.000,Sr 120,Sr 120 and Citizens Square Rd,,Angle Crash,2,Cloudy,Dry,Daylight
2021-03-25T09:39:00.000,Sr 120,Sr 120 and Citizens Square Rd,,Angle Crash,2,Cloudy,Wet,Daylight
2023-10-04T16:16:00.000,Sr 120,Sr 120 and Citizens Square Rd,,Angle Crash,2,Clear,Dry,Daylight
2023-07-23T15:38:00.000,Sr 120,Sr 120 and Citizens Square Rd,,Sideswipe-Same Direction,2,Clear,Dry,Daylight
2023-10-07T15:23:00.000,Sr 120,Sr 120 and Citizens Square Rd,,Angle Crash,2,Clear,Dry,Daylight
2021-02-26T15:17:00.000,Sr 120,Sr 120 and Citizens Square Rd,,Angle Crash,2,Cloudy,Wet,Daylight
2020-02-24T11:22:00.000,Sr 120,Sr 120 and Citizens Square Rd,,Sideswipe-Opposite Direction,2,Rain,Wet,Daylight
2020-05-11T13:25:00.000,Sr 120,Sr 120 and Citizens Square Rd,,Angle Crash,2,Clear,Dry,Daylight
2020-04-28T14:46:00.000,Sr 120,Sr 120 and Citizens Square Rd,,Rear End,2,Clear,Dry,Daylight
2020-11-11T18:43:00.000,Sr 120,Sr 120 and Citizens Square Rd,,Angle Crash,2,Rain,Wet,Dark-Not Lighted
2020-06-25T12:00:00.000,Sr 120,Sr 120 and Citizens Square Rd,,Angle Crash,2,Clear,Dry,Daylight
2020-02-18T16:05:00.000,Sr 120,Sr 120 and Citizens Square Rd,,Sideswipe-Same Direction,2,Rain,Wet,Daylight
2020-10-23T12:20:00.000,Sr 120,Sr 120 and Citizens Square Rd,,Angle Crash,2,Clear,Dry,Daylight
2021-11-24T11:42:00.000,Sr 120,Sr 120 and Citizens Square Rd,,Rear End,2,Clear,Dry,Daylight
2021-12-10T17:50:00.000,Sr 120,Sr 120 and Citizens Square Rd,,Rear End,3,Cloudy,Wet,Dark-Not Lighted
2022-04-09T14:26:00.000,Sr 120,Sr 120 and Citizens Square Rd,,Angle Crash,2,Clear,Dry,Daylight
2022-07-20T13:45:00.000,Sr 120,Sr 120 and Citizens Square Rd,,Rear End,2,Clear,Dry,Daylight
2024-10-02T11:13:00.000,Sr 120,Sr 120 and Citizens Square Rd,,Angle Crash,3,Clear,Dry,Daylight
2024-10-18T13:04:00.000,Sr 120,Sr 120 and Citizens Square Rd,,Angle Crash,2,Clear,Dry,Daylight
2023-04-17T17:15:00.000,Sr 120,Sr 120 and Citizens Square Rd,,Rear End,2,Clear,Dry,Daylight
2023-08-01T15:51:00.000,Sr 120,Sr 120 and Citizens Square Rd,,Angle Crash,2,Clear,Dry,Daylight
2024-03-11T13:28:00.000,Sr 120,Sr 120 and Citizens Square Rd,,Rear End,2,Clear,Dry,Daylight
2024-03-18T07:02:00.000,Sr 120,Sr 120 and Citizens Square Rd,,Angle Crash,3,Clear,Dry,Dusk
2024-10-03T13:31:00.000,Sr 120,Sr 120 and Citizens Square Rd,,Angle Crash,2,Clear,Dry,Daylight
2024-03-14T14:36:00.000,Sr 120,Sr 120 and Citizens Square Rd,,Angle Crash,2,Clear,Dry,Daylight
2024-04-15T11:46:00.000,Sr 120,Sr 120 and Citizens Square Rd,,Angle Crash,2,Clear,Dry,Daylight
2024-01-13T16:24:00.000,Sr 120,Sr 120 and Citizens Square Rd,,Rear End,2,Clear,Dry,Daylight
2024-09-24T20:00:00.000,Sr 120,Sr 120 and Citizens Square Rd,,Angle Crash,2,Clear,Dry,Dark-Not Lighted
2024-06-04T13:30:00.000,Sr 120,Sr 120 and Citizens Square Rd,,Angle Crash,2,Rain,Wet,Daylight
2024-02-11T11:50:00.000,Sr 120,Sr 120 and Citizens Square Rd,,Head On,2,Cloudy,Wet,Daylight
2022-05-25T18:30:00.000,Sr 120,Sr 120 and Citizens Sq Rd,,Angle Crash,2,Clear,Wet,Daylight
2020-08-13T06:38:00.000,Sr 120,Sr 120 and Citizens Sq,,Rear End,4,Clear,Dry,Dawn
2022-03-12T12:21:00.000,Sr 120,Sr 120 and Citizens Sq,,Rear End,2,Clear,Dry,Daylight
2023-05-16T13:55:00.000,Sr 120,Sr 120 and Citizen Square Rd,,Rear End,2,Clear,Dry,Daylight
2020-06-22T17:59:00.000,Sr 120,Sr 120 and Citizen Square Rd,,Angle Crash,2,Rain,Wet,Daylight
2023-06-20T16:07:00.000,Sr 120,Sr 120 and Citizen Sq,,Rear End,2,Clear,Dry,Daylight
2023-02-26T05:54:00.000,Sr 120,Sr 120 and Cherokee Ln,,Not a Collision with Motor Vehicle,1,Clear,Dry,Dark-Not Lighted
2021-01-25T17:47:00.000,Sr 120,Sr 120 and Cherokee Ln,,Angle Crash,3,Clear,Dry,Daylight
2023-06-15T21:23:00.000,Sr 120,Sr 120 and Cherokee Ln,,Not a Collision with Motor Vehicle,1,Clear,Dry,Dark-Not Lighted
2021-10-06T16:11:00.000,Sr 120,Sr 120 and Cashtown Rd,,Rear End,2,Cloudy,Wet,Daylight
2020-02-28T16:40:00.000,Sr 120,Sr 120 and Cashtown Rd,,Not a Collision with Motor Vehicle,2,Clear,Dry,Daylight
2020-05-11T15:00:00.000,Sr 120,Sr 120 and Cashtown Rd,,Angle Crash,2,Clear,Dry,Daylight
2020-01-14T16:45:00.000,Sr 120,Sr 120 and Cashtown Rd,,Angle Crash,2,Rain,Wet,Daylight
2022-03-10T19:05:00.000,Sr 120,Sr 120 and Cashtown Rd,,Angle Crash,2,Clear,Dry,Daylight
2021-11-07T04:20:00.000,Sr 120,Sr 120 and Carter Rd,,Not a Collision with Motor Vehicle,1,Clear,Dry,Dark-Not Lighted
2020-10-14T17:13:00.000,Sr 120,Sr 120 and Cardinal Lake Dr,,Rear End,2,Clear,Dry,Daylight
2021-06-18T11:11:00.000,Sr 120,Sr 120 and Business 6,,Rear End,2,Clear,Dry,Daylight
2021-09-20T13:08:00.000,Sr 120,Sr 120 and Business 6,,Angle Crash,2,Rain,Wet,Daylight
2021-09-13T11:25:00.000,Sr 120,Sr 120 and Business 6,,Angle Crash,2,Clear,Dry,Daylight
2021-10-19T16:25:00.000,Sr 120,Sr 120 and Business 6,,Rear End,2,Clear,Dry,Daylight
2021-12-03T08:40:00.000,Sr 120,Sr 120 and Business 6,,Rear End,2,Clear,Dry,Daylight
2021-04-27T05:35:00.000,Sr 120,Sr 120 and Business 6,,Angle Crash,2,Clear,Dry,Daylight
2021-03-10T10:00:00.000,Sr 120,Sr 120 and Business 6,,Sideswipe-Same Direction,2,Clear,Dry,Daylight
2021-07-08T13:36:00.000,Sr 120,Sr 120 and Business 6,,Rear End,2,Clear,Dry,Daylight
2020-02-17T10:05:00.000,Sr 120,Sr 120 and Business 6,,Angle Crash,2,Fog,Dry,Daylight
2023-03-16T10:40:00.000,Sr 120,Sr 120 and Business 6,,Head On,2,Clear,Dry,Daylight
2022-04-21T06:38:00.000,Sr 120,Sr 120 and Business 6,,Angle Crash,2,Clear,Dry,Dawn
2020-06-20T13:25:00.000,Sr 120,Sr 120 and Business 6,,Rear End,2,Clear,Dry,Daylight
2020-09-14T13:41:00.000,Sr 120,Sr 120 and Business 6,,Rear End,2,Clear,Dry,Daylight
2020-07-28T07:30:00.000,Sr 120,Sr 120 and Business 6,,Angle Crash,2,Clear,Dry,Daylight
2020-07-04T10:05:00.000,Sr 120,Sr 120 and Business 6,,Angle Crash,3,Clear,Dry,Daylight
2020-05-11T15:08:00.000,Sr 120,Sr 120 and Business 6,,Rear End,2,Clear,Dry,Daylight
2020-06-11T17:10:00.000,Sr 120,Sr 120 and Business 6,,Sideswipe-Same Direction,2,Clear,Dry,Daylight
2021-09-23T12:50:00.000,Sr 120,Sr 120 and Business 6,,Angle Crash,2,Clear,Dry,Daylight
2021-09-16T09:40:00.000,Sr 120,Sr 120 and Business 6,,Rear End,2,Rain,Wet,Daylight
2022-04-15T07:17:00.000,Sr 120,Sr 120 and Business 6,,Angle Crash,2,Clear,Dry,Daylight
2021-11-15T08:50:00.000,Sr 120,Sr 120 and Business 6,,Angle Crash,2,Clear,Dry,Daylight
2022-10-19T11:45:00.000,Sr 120,Sr 120 and Business 6,,Angle Crash,3,Clear,Dry,Daylight
2022-10-05T08:10:00.000,Sr 120,Sr 120 and Business 6,,Sideswipe-Same Direction,2,Clear,Dry,Daylight
2022-01-31T05:25:00.000,Sr 120,Sr 120 and Business 6,,Angle Crash,2,Clear,Dry,Dark-Not Lighted
2022-05-23T17:23:00.000,Sr 120,Sr 120 and Business 6,,Rear End,2,Clear,Dry,Daylight
2022-07-05T10:45:00.000,Sr 120,Sr 120 and Business 6,,Rear End,2,Clear,Dry,Daylight
2022-08-10T20:29:00.000,Sr 120,Sr 120 and Business 6,,Angle Crash,2,Rain,Wet,Dark-Lighted
2022-01-17T16:50:00.000,Sr 120,Sr 120 and Business 6,,Sideswipe-Same Direction,2,Clear,Dry,Daylight
2022-03-29T15:15:00.000,Sr 120,Sr 120 and Business 6,,Sideswipe-Same Direction,2,Clear,Dry,Daylight
2023-04-03T14:00:00.000,Sr 120,Sr 120 and Business 6,,Head On,3,Cloudy,Dry,Daylight
2023-03-06T14:40:00.000,Sr 120,Sr 120 and Business 6,,Rear End,2,Clear,Dry,Daylight
2023-02-17T15:15:00.000,Sr 120,Sr 120 and Business 6,,Angle Crash,2,Cloudy,Dry,Daylight
2021-01-13T08:22:00.000,Sr 120,Sr 120 and Bunten Rd,,Sideswipe-Opposite Direction,2,Clear,Dry,Daylight
2021-01-08T14:30:00.000,Sr 120,Sr 120 and Bunten Rd,,Angle Crash,2,Rain,Wet,Daylight
2020-03-20T07:53:00.000,Sr 120,Sr 120 and Bunten Rd,,Not a Collision with Motor Vehicle,1,Clear,Dry,Dark-Not Lighted
2020-01-06T08:03:00.000,Sr 120,Sr 120 and Bunten Rd,,Rear End,2,Cloudy,Dry,Daylight
2020-06-11T18:03:00.000,Sr 120,Sr 120 and Bunten Rd,,Not a Collision with Motor Vehicle,1,Clear,Dry,Daylight
2021-11-20T11:47:00.000,Sr 120,Sr 120 and Bunten Rd,,Rear End,2,Clear,Dry,Daylight
2021-12-18T18:07:00.000,Sr 120,Sr 120 and Bunten Rd,,Angle Crash,2,Rain,Wet,Dark-Lighted
2024-02-17T06:54:00.000,Sr 120,Sr 120 and Bunten Rd,,Rear End,2,Cloudy,Dry,Dark-Lighted
2023-06-16T09:40:00.000,Sr 120,Sr 120 and Bullock Farms,,Not a Collision with Motor Vehicle,2,Clear,Dry,Daylight
2023-11-03T06:27:00.000,Sr 120,Sr 120 and Bullock Farm Rd,,Rear End,2,Clear,Dry,Dark-Not Lighted
2023-05-05T17:00:00.000,Sr 120,Sr 120 and Bulloch Farm Rd,,Rear End,2,Cloudy,Wet,Daylight
2022-11-24T12:10:00.000,Sr 120,Sr 120 and Buchannan Cir,,Not a Collision with Motor Vehicle,1,Cloudy,Dry,Daylight
2023-04-18T18:30:00.000,Sr 120,Sr 120 and Buchanan Hwy,,Angle Crash,2,Clear,Dry,Daylight
2021-04-28T18:03:00.000,Sr 120,Sr 120 and Buchanan Cir,,Rear End,2,Cloudy,Dry,Daylight
2023-04-18T20:45:00.000,Sr 120,Sr 120 and Buchanan Cir,,Angle Crash,2,Clear,Dry,Dark-Not Lighted
2022-09-13T16:36:00.000,Sr 120,Sr 120 and Buchanan Cir,,Rear End,2,Clear,Dry,Daylight
2024-02-02T17:20:00.000,Sr 120,Sr 120 and Buchanan Cir,,Rear End,2,Clear,Dry,Daylight
2022-06-07T17:11:00.000,Sr 120,Sr 120 and Brookhaven Run Cir,,Rear End,2,Clear,Dry,Daylight
2021-07-09T18:13:00.000,Sr 120,Sr 120 and Breckinridge Blvd,,Angle Crash,2,Cloudy,Dry,Daylight
2020-07-26T12:35:00.000,Sr 120,Sr 120 and Breckinridge Blvd,,Angle Crash,2,Clear,Dry,Daylight
2020-12-02T18:22:00.000,Sr 120,Sr 120 and Breckinridge Blvd,,Angle Crash,2,Clear,Dry,Dark-Lighted
2020-01-15T22:24:00.000,Sr 120,Sr 120 and Breckinridge Blvd,,Not a Collision with Motor Vehicle,1,Clear,Dry,Dark-Lighted
2020-11-14T14:06:00.000,Sr 120,Sr 120 and Breckinridge Blvd,,Angle Crash,2,Clear,Dry,Daylight
2021-05-13T04:15:00.000,Sr 120,Sr 120 and Breckinridge Blvd,,Angle Crash,2,Cloudy,Dry,Dark-Not Lighted
2021-07-14T12:07:00.000,Sr 120,Sr 120 and Breckinridge Blvd,,Not a Collision with Motor Vehicle,1,Clear,Dry,Daylight
2021-07-09T19:50:00.000,Sr 120,Sr 120 and Breckinridge Blvd,,Sideswipe-Same Direction,2,Clear,Wet,Daylight
2022-09-25T01:15:00.000,Sr 120,Sr 120 and Breckinridge Blvd,,Angle Crash,2,Clear,Dry,Dark-Not Lighted
2022-11-25T14:58:00.000,Sr 120,Sr 120 and Breckinridge Blvd,,Angle Crash,2,Clear,Dry,Daylight
2022-01-07T14:51:00.000,Sr 120,Sr 120 and Breckinridge Blvd,,Sideswipe-Same Direction,2,Clear,Dry,Daylight
2023-01-12T09:40:00.000,Sr 120,Sr 120 and Breckinridge Blvd,,Rear End,2,Clear,Dry,Daylight
2023-10-27T18:00:00.000,Sr 120,Sr 120 and Breckenridge Blvd,,Head On,2,Cloudy,Dry,Daylight
2020-02-18T10:50:00.000,Sr 120,Sr 120 and Breckenridge Blvd,,Angle Crash,2,Rain,Wet,Daylight
2020-12-19T21:01:00.000,Sr 120,Sr 120 and Breckendridge Blvd,,Angle Crash,2,Clear,Dry,Dark-Lighted
2021-08-30T18:30:00.000,Sr 120,Sr 120 and Boggs Rd,,Sideswipe-Same Direction,2,Clear,Dry,Daylight
2021-12-14T19:05:00.000,Sr 120,Sr 120 and Boggs Rd,,Rear End,2,Clear,Dry,Dark-Lighted
2021-03-21T23:59:00.000,Sr 120,Sr 120 and Boggs Rd,,Angle Crash,2,Clear,Dry,Dark-Lighted
2022-02-10T19:40:00.000,Sr 120,Sr 120 and Boggs Rd,,Not a Collision with Motor Vehicle,2,Clear,Dry,Dark-Not Lighted
2023-01-09T20:42:00.000,Sr 120,Sr 120 and Boggs Rd,,Angle Crash,2,Clear,Dry,Dark-Not Lighted
2021-09-25T15:38:00.000,Sr 120,Sr 120 and Bobo Rd,,Rear End,2,Clear,Dry,Daylight
2021-11-03T13:49:00.000,Sr 120,Sr 120 and Bobo Rd,,Rear End,2,Cloudy,Dry,Daylight
2021-09-30T14:38:00.000,Sr 120,Sr 120 and Bobo Rd,,Rear End,2,Clear,Dry,Daylight
2021-11-06T08:55:00.000,Sr 120,Sr 120 and Bobo Rd,,Angle Crash,2,Clear,Dry,Daylight
2021-02-17T08:00:00.000,Sr 120,Sr 120 and Bobo Rd,,Angle Crash,2,Clear,Dry,Daylight
2021-04-28T15:45:00.000,Sr 120,Sr 120 and Bobo Rd,,Angle Crash,1,Cloudy,Dry,Daylight
2020-12-11T21:24:00.000,Sr 120,Sr 120 and Bobo Rd,,Sideswipe-Same Direction,3,Clear,Dry,Dark-Not Lighted
2024-09-10T06:52:00.000,Sr 120,Sr 120 and Bobo Rd,,Angle Crash,2,Clear,Dry,Dark-Not Lighted
2021-03-20T17:31:00.000,Sr 120,Sr 120 and Bobo Rd,,Angle Crash,2,Clear,Dry,Daylight
2020-09-23T20:46:00.000,Sr 120,Sr 120 and Bobo Rd,,Rear End,2,Clear,Dry,Dark-Lighted
2020-09-04T01:15:00.000,Sr 120,Sr 120 and Bobo Rd,,Angle Crash,2,Clear,Dry,Dark-Lighted
2020-10-13T18:25:00.000,Sr 120,Sr 120 and Bobo Rd,,Sideswipe-Same Direction,2,Clear,Dry,Daylight
2020-01-09T17:32:00.000,Sr 120,Sr 120 and Bobo Rd,,Sideswipe-Same Direction,2,Clear,Dry,Dawn
2021-04-22T12:27:00.000,Sr 120,Sr 120 and Bobo Rd,,Rear End,2,Clear,Dry,Daylight
2021-07-24T16:04:00.000,Sr 120,Sr 120 and Bobo Rd,,Angle Crash,2,Clear,Dry,Daylight
2022-04-13T17:35:00.000,Sr 120,Sr 120 and Bobo Rd,,Rear End,2,Clear,Dry,Daylight
2022-11-30T17:41:00.000,Sr 120,Sr 120 and Bobo Rd,,Rear End,2,Clear,Dry,Daylight
2022-05-25T15:00:00.000,Sr 120,Sr 120 and Bobo Rd,,Angle Crash,2,Clear,Dry,Daylight
2024-02-23T13:00:00.000,Sr 120,Sr 120 and Bobo Rd,,Angle Crash,2,Clear,Dry,Daylight
2023-12-15T22:45:00.000,Sr 120,Sr 120 and Bobo Rd,,Angle Crash,2,Clear,Dry,Dark-Not Lighted
2023-08-02T16:20:00.000,Sr 120,Sr 120 and Bobo Rd,,Sideswipe-Same Direction,3,Clear,Dry,Daylight
2023-06-21T17:00:00.000,Sr 120,Sr 120 and Bobo Rd,,Angle Crash,2,Cloudy,Wet,Daylight
2023-04-11T17:35:00.000,Sr 120,Sr 120 and Bobo Rd,,Angle Crash,2,Clear,Dry,Daylight
2024-06-26T13:13:00.000,Sr 120,Sr 120 and Bobo Rd,,Angle Crash,2,Clear,Dry,Daylight
2024-10-13T04:27:00.000,Sr 120,Sr 120 and Bobo Rd,,Sideswipe-Opposite Direction,2,Clear,Dry,Dark-Not Lighted
2024-10-30T19:07:00.000,Sr 120,Sr 120 and Bobo Rd,,Rear End,3,Clear,Dry,Daylight
2024-11-28T12:12:00.000,Sr 120,Sr 120 and Bobo Rd,,Angle Crash,2,Cloudy,Dry,Daylight
2024-01-15T17:11:00.000,Sr 120,Sr 120 and Bobo Rd,,Angle Crash,2,Clear,Dry,Daylight
2022-12-05T02:09:00.000,Sr 120,Sr 120 and Birchwood Dr,,Rear End,2,Clear,Dry,Dark-Not Lighted
2020-07-02T12:45:00.000,Sr 120,Sr 120 and Birchwoo Dr,,Head On,2,Clear,Dry,Daylight
2022-07-19T17:28:00.000,Sr 120,Sr 120 and Billy Bullock Rd,,Rear End,2,Cloudy,Wet,Daylight
2023-05-11T15:52:00.000,Sr 120,Sr 120 and Billy Bullock Rd,,Rear End,2,Cloudy,Dry,Daylight
2024-02-23T11:30:00.000,Sr 120,Sr 120 and Billy Bullock Rd,,Rear End,2,Clear,Dry,Daylight
2023-10-24T21:05:00.000,Sr 120,Sr 120 and Billy Bullock Rd,,Not a Collision with Motor Vehicle,1,Clear,Dry,Dark-Not Lighted
2023-01-07T12:35:00.000,Sr 120,Sr 120 and Billy Bullock Rd,,Rear End,2,Clear,Dry,Daylight
2024-07-12T14:35:00.000,Sr 120,Sr 120 and Billy Bullock Rd,,Rear End,2,Clear,Dry,Daylight
2023-06-30T08:10:00.000,Sr 120,Sr 120 and Bill Carruth Pkwy,,Rear End,2,Clear,Dry,Daylight
2024-04-13T14:26:00.000,Sr 120,Sr 120 and Bill Carruth Pkwy,,Rear End,2,Clear,Dry,Daylight
2020-01-28T03:14:00.000,Sr 120,Sr 120 and Biggers Rd,,Not a Collision with Motor Vehicle,1,Clear,Dry,Dark-Not Lighted
2022-02-18T10:10:00.000,Sr 120,Sr 120 and Biggers Rd,,Not a Collision with Motor Vehicle,1,Cloudy,Dry,Daylight
2022-03-23T19:46:00.000,Sr 120,Sr 120 and Beer Creek Rd,,Not a Collision with Motor Vehicle,1,Clear,Dry,Dark-Not Lighted
2020-07-17T14:23:00.000,Sr 120,Sr 120 and Beckinridge Blvd,,Sideswipe-Same Direction,2,Clear,Dry,Daylight
2021-03-20T15:45:00.000,Sr 120,Sr 120 and Bear Creek Rd,,Head On,2,Clear,Dry,Daylight
2021-11-01T13:03:00.000,Sr 120,Sr 120 and Bear Creek Rd,,Not a Collision with Motor Vehicle,1,Clear,Dry,Daylight
2020-06-24T07:05:00.000,Sr 120,Sr 120 and Bear Creek Rd,,Not a Collision with Motor Vehicle,1,Clear,Dry,Daylight
2021-08-27T21:09:00.000,Sr 120,Sr 120 and Bear Creek Rd,,Not a Collision with Motor Vehicle,1,Cloudy,Dry,Dark-Not Lighted
2024-09-19T13:15:00.000,Sr 120,Sr 120 and Bear Creek Rd,,Not a Collision with Motor Vehicle,2,Clear,Dry,Daylight
2021-07-25T11:42:00.000,Sr 120,Sr 120 and Baskin Rd,,Sideswipe-Same Direction,2,Clear,Dry,Daylight
2021-09-28T17:58:00.000,Sr 120,Sr 120 and Baskin Rd,,Sideswipe-Same Direction,2,Clear,Dry,Daylight
2024-08-12T13:09:00.000,Sr 120,Sr 120 and Baskin Rd,,Sideswipe-Same Direction,3,Clear,Dry,Daylight
2024-10-28T07:24:00.000,Sr 120,Sr 120 and Baskin Rd,,Not a Collision with Motor Vehicle,1,Cloudy,Dry,Dark-Not Lighted
2020-02-11T09:00:00.000,Sr 120,Sr 120 and Barrington Dr,,Angle Crash,2,Cloudy,Dry,Daylight
2021-05-20T09:00:00.000,Sr 120,Sr 120 and Baggett Cir,,Rear End,2,Clear,Dry,Daylight
2024-12-19T05:21:00.000,Sr 120,Sr 120 and Baggett Cir,,Rear End,2,Clear,Dry,Dark-Not Lighted
2023-05-16T18:33:00.000,Sr 120,Sr 120 and Atlanta St,,Angle Crash,2,Rain,Wet,Daylight
2021-12-18T12:30:00.000,Sr 120,Sr 120 and Atlanta Hwy Bus 6,,Angle Crash,2,Rain,Wet,Daylight
2021-01-11T14:45:00.000,Sr 120,Sr 120 and Atlanta Hwy,,Sideswipe-Same Direction,2,Rain,Wet,Daylight
2021-07-22T17:34:00.000,Sr 120,Sr 120 and Atlanta Hwy,,Sideswipe-Same Direction,2,Clear,Dry,Daylight
2021-11-15T19:06:00.000,Sr 120,Sr 120 and Atlanta Hwy,,Head On,3,Clear,Dry,Dark-Not Lighted
2021-08-27T13:20:00.000,Sr 120,Sr 120 and Atlanta Hwy,,Sideswipe-Same Direction,2,Clear,Dry,Daylight
2021-10-30T18:00:00.000,Sr 120,Sr 120 and Atlanta Hwy,,Angle Crash,3,Rain,Wet,Daylight
2021-02-27T13:50:00.000,Sr 120,Sr 120 and Atlanta Hwy,,Rear End,2,Cloudy,Dry,Daylight
2021-01-15T14:40:00.000,Sr 120,Sr 120 and Atlanta Hwy,,Angle Crash,2,Clear,Dry,Daylight
2023-01-03T15:55:00.000,Sr 120,Sr 120 and Atlanta Hwy,,Angle Crash,5,Rain,Wet,Daylight
2023-07-04T22:30:00.000,Sr 120,Sr 120 and Atlanta Hwy,,Not a Collision with Motor Vehicle,1,Clear,Dry,Dark-Not Lighted
2023-09-14T06:42:00.000,Sr 120,Sr 120 and Atlanta Hwy,,Angle Crash,2,Clear,Dry,Dusk
2023-02-17T19:00:00.000,Sr 120,Sr 120 and Atlanta Hwy,,Angle Crash,2,Clear,Dry,Dark-Lighted
2022-06-17T17:00:00.000,Sr 120,Sr 120 and Atlanta Hwy,,Sideswipe-Same Direction,3,Clear,Dry,Daylight
2022-01-10T11:12:00.000,Sr 120,Sr 120 and Atlanta Hwy,,Sideswipe-Same Direction,2,Clear,Dry,Daylight
2021-11-23T16:47:00.000,Sr 120,Sr 120 and Atlanta Hwy,,Angle Crash,2,Clear,Dry,Daylight
2020-06-05T09:45:00.000,Sr 120,Sr 120 and Atlanta Hwy,,Angle Crash,2,Rain,Wet,Daylight
2020-11-11T18:21:00.000,Sr 120,Sr 120 and Atlanta Hwy,,Angle Crash,3,Rain,Wet,Dark-Lighted
2020-02-13T20:17:00.000,Sr 120,Sr 120 and Atlanta Hwy,,Rear End,2,Cloudy,Dry,Dark-Lighted
2020-09-16T16:10:00.000,Sr 120,Sr 120 and Atlanta Hwy,,Rear End,2,Rain,Wet,Daylight
2020-05-22T14:30:00.000,Sr 120,Sr 120 and Atlanta Hwy,,Sideswipe-Same Direction,2,Clear,Dry,Daylight
2020-12-29T17:59:00.000,Sr 120,Sr 120 and Atlanta Hwy,,Rear End,2,Clear,Dry,Dark-Not Lighted
2020-09-12T12:28:00.000,Sr 120,Sr 120 and Atlanta Hwy,,Angle Crash,2,Clear,Dry,Daylight
2020-10-30T08:00:00.000,Sr 120,Sr 120 and Atlanta Hwy,,Angle Crash,3,Clear,Dry,Daylight
2021-10-04T12:30:00.000,Sr 120,Sr 120 and Atlanta Hwy,,Angle Crash,3,Clear,Dry,Daylight
2021-08-24T08:15:00.000,Sr 120,Sr 120 and Atlanta Hwy,,Rear End,2,Clear,Dry,Daylight
2021-10-11T22:37:00.000,Sr 120,Sr 120 and Atlanta Hwy,,Angle Crash,2,Clear,Dry,Dark-Not Lighted
2022-03-25T01:25:00.000,Sr 120,Sr 120 and Atlanta Hwy,,Angle Crash,2,Clear,Dry,Dark-Lighted
2022-05-28T01:00:00.000,Sr 120,Sr 120 and Atlanta Hwy,,Angle Crash,2,Clear,Dry,Dark-Lighted
2022-08-28T21:16:00.000,Sr 120,Sr 120 and Atlanta Hwy,,Angle Crash,2,Cloudy,Dry,Dark-Not Lighted
2022-07-25T21:51:00.000,Sr 120,Sr 120 and Atlanta Hwy,,Angle Crash,2,Cloudy,Dry,Dark-Not Lighted
2022-07-29T20:40:00.000,Sr 120,Sr 120 and Atlanta Hwy,,Angle Crash,2,Cloudy,Dry,Daylight
2022-12-10T19:04:00.000,Sr 120,Sr 120 and Atlanta Hwy,,Rear End,2,Cloudy,Dry,Dark-Not Lighted
2022-05-24T13:07:00.000,Sr 120,Sr 120 and Atlanta Hwy,,Angle Crash,2,Cloudy,Dry,Daylight
2022-11-13T22:00:00.000,Sr 120,Sr 120 and Atlanta Hwy,,Angle Crash,2,Clear,Dry,Dark-Not Lighted
2022-12-16T19:01:00.000,Sr 120,Sr 120 and Atlanta Hwy,,Angle Crash,2,Clear,Dry,Dark-Not Lighted
2022-06-08T21:38:00.000,Sr 120,Sr 120 and Atlanta Hwy,,Rear End,2,Cloudy,Wet,Dark-Not Lighted
2022-10-28T21:55:00.000,Sr 120,Sr 120 and Atlanta Hwy,,Angle Crash,2,Clear,Dry,Dark-Not Lighted
2022-11-11T18:05:00.000,Sr 120,Sr 120 and Atlanta Hwy,,Rear End,2,Cloudy,Wet,Dark-Not Lighted
2022-01-10T08:01:00.000,Sr 120,Sr 120 and Atlanta Hwy,,Sideswipe-Same Direction,2,Clear,Dry,Daylight
2024-08-02T21:30:00.000,Sr 120,Sr 120 and Atlanta Hwy,,Angle Crash,2,Clear,Dry,Dark-Not Lighted
2024-07-26T15:16:00.000,Sr 120,Sr 120 and Atlanta Hwy,,Sideswipe-Same Direction,2,Clear,Dry,Daylight
2023-04-26T23:48:00.000,Sr 120,Sr 120 and Atlanta Hwy,,Angle Crash,2,Rain,Wet,Dark-Not Lighted