Date and Time,Roadway (From Crash Report),Intersection Name (from Crash Report),KABCO Severity,Manner of Collision (Crash Level) ,# of Vehicles per crash ,Weather Conditions (Crash Level),Surface Condition (Crash Level) ,Light Conditions (Crash Level)
2023-05-09T10:30:00.000,Sr 120,Sr 120 and Atlanta Hwy,,Sideswipe-Same Direction,2,Cloudy,Dry,Daylight
2023-02-28T18:15:00.000,Sr 120,Sr 120 and Atlanta Hwy,,Sideswipe-Same Direction,2,Clear,Dry,Dark-Lighted
2023-04-16T13:50:00.000,Sr 120,Sr 120 and Atlanta Hwy,,Angle Crash,2,Cloudy,Wet,Daylight
2023-03-11T18:55:00.000,Sr 120,Sr 120 and Atlanta Hwy,,Rear End,2,Clear,Dry,Dark-Not Lighted
2024-05-22T22:16:00.000,Sr 120,Sr 120 and Atlanta Hwy,,Angle Crash,2,Clear,Dry,Dark-Not Lighted
2024-03-28T09:21:00.000,Sr 120,Sr 120 and Atlanta Hwy,,Not a Collision with Motor Vehicle,2,Clear,Dry,Daylight
2024-12-13T08:21:00.000,Sr 120,Sr 120 and Atlanta Hwy,,Rear End,2,Clear,Dry,Daylight
2024-12-09T13:39:00.000,Sr 120,Sr 120 and Atlanta Hwy,,Rear End,2,Cloudy,Wet,Daylight
2024-07-11T11:14:00.000,Sr 120,Sr 120 and Atlanta Hwy,,Rear End,2,Clear,Dry,Daylight
2021-07-04T01:40:00.000,Sr 120,Sr 120 and Atkinson Rd,,Not a Collision with Motor Vehicle,1,Clear,Dry,Dark-Not Lighted
2021-09-02T11:12:00.000,Sr 120,Sr 120 and Atkinson Rd,,Angle Crash,2,Cloudy,Dry,Daylight
2021-06-25T17:30:00.000,Sr 120,Sr 120 and Atkinson Rd,,Sideswipe-Opposite Direction,2,Clear,Dry,Daylight
2021-06-13T16:23:00.000,Sr 120,Sr 120 and Atkinson Rd,,Rear End,3,Clear,Dry,Daylight
2021-04-12T19:09:00.000,Sr 120,Sr 120 and Atkinson Rd,,Angle Crash,2,Clear,Dry,Daylight
2021-11-10T21:27:00.000,Sr 120,Sr 120 and Atkinson Rd,,Sideswipe-Same Direction,2,Cloudy,Dry,Dark-Not Lighted
2021-08-22T15:55:00.000,Sr 120,Sr 120 and Atkinson Rd,,Rear End,2,Cloudy,Dry,Daylight
2023-03-31T16:06:00.000,Sr 120,Sr 120 and Atkinson Rd,,Angle Crash,2,Clear,Dry,Daylight
2020-01-04T11:41:00.000,Sr 120,Sr 120 and Atkinson Rd,,Sideswipe-Opposite Direction,2,Clear,Dry,Daylight
2020-11-29T19:48:00.000,Sr 120,Sr 120 and Atkinson Rd,,Not a Collision with Motor Vehicle,1,Rain,Wet,Dark-Lighted
2020-12-30T19:10:00.000,Sr 120,Sr 120 and Atkinson Rd,,Angle Crash,2,Clear,Dry,Dark-Lighted
2020-06-01T17:30:00.000,Sr 120,Sr 120 and Atkinson Rd,,Sideswipe-Same Direction,1,Clear,Dry,Daylight
2020-09-04T17:08:00.000,Sr 120,Sr 120 and Atkinson Rd,,Angle Crash,2,Clear,Dry,Daylight
2020-01-06T17:40:00.000,Sr 120,Sr 120 and Atkinson Rd,,Sideswipe-Same Direction,3,Clear,Dry,Dark-Lighted
2020-02-21T15:46:00.000,Sr 120,Sr 120 and Atkinson Rd,,Rear End,2,Clear,Dry,Daylight
2021-03-11T17:56:00.000,Sr 120,Sr 120 and Atkinson Rd,,Sideswipe-Same Direction,3,Clear,Dry,Daylight
2021-02-06T18:25:00.000,Sr 120,Sr 120 and Atkinson Rd,,Sideswipe-Same Direction,2,Rain,Wet,Dark-Not Lighted
2022-05-01T11:53:00.000,Sr 120,Sr 120 and Atkinson Rd,,Angle Crash,2,Clear,Dry,Daylight
2022-04-13T15:23:00.000,Sr 120,Sr 120 and Atkinson Rd,,Sideswipe-Same Direction,2,Clear,Dry,Daylight
2022-02-09T12:48:00.000,Sr 120,Sr 120 and Atkinson Rd,,Rear End,2,Clear,Dry,Daylight
2022-08-30T16:59:00.000,Sr 120,Sr 120 and Atkinson Rd,,Angle Crash,2,Cloudy,Dry,Daylight
2022-10-18T17:40:00.000,Sr 120,Sr 120 and Atkinson Rd,,Angle Crash,2,Clear,Dry,Daylight
2022-08-29T13:18:00.000,Sr 120,Sr 120 and Atkinson Rd,,Sideswipe-Same Direction,2,Clear,Dry,Daylight
2022-10-27T14:55:00.000,Sr 120,Sr 120 and Atkinson Rd,,Rear End,2,Clear,Dry,Daylight
2024-08-31T10:03:00.000,Sr 120,Sr 120 and Atkinson Rd,,Angle Crash,2,Clear,Dry,Daylight
2024-05-10T17:00:00.000,Sr 120,Sr 120 and Atkinson Rd,,Angle Crash,2,Clear,Dry,Daylight
2024-07-05T15:04:00.000,Sr 120,Sr 120 and Atkinson Rd,,Sideswipe-Same Direction,2,Clear,Dry,Daylight
2020-11-05T17:40:00.000,Sr 120,Sr 120 and Aspin Dr,,Sideswipe-Same Direction,2,Clear,Dry,Dark-Not Lighted
2022-12-28T18:08:00.000,Sr 120,Sr 120 and Aspen Rd,,Angle Crash,2,Clear,Dry,Dark-Not Lighted
2024-05-08T16:39:00.000,Sr 120,Sr 120 and Aspen Drive Powder Mill St,,Angle Crash,3,Cloudy,Dry,Daylight
2021-11-19T14:11:00.000,Sr 120,Sr 120 and Aspen Dr,,Angle Crash,3,Clear,Dry,Daylight
2021-10-31T18:20:00.000,Sr 120,Sr 120 and Aspen Dr,,Rear End,2,Clear,Dry,Dusk
2021-05-21T17:02:00.000,Sr 120,Sr 120 and Aspen Dr,,Sideswipe-Same Direction,2,Clear,Dry,Daylight
2021-08-13T12:48:00.000,Sr 120,Sr 120 and Aspen Dr,,Angle Crash,2,Cloudy,Dry,Daylight
2021-05-03T17:47:00.000,Sr 120,Sr 120 and Aspen Dr,,Angle Crash,2,Rain,Wet,Daylight
2023-07-02T15:00:00.000,Sr 120,Sr 120 and Aspen Dr,,Angle Crash,3,Clear,Dry,Daylight
2023-02-14T18:50:00.000,Sr 120,Sr 120 and Aspen Dr,,Sideswipe-Same Direction,1,Clear,Dry,Dark-Not Lighted
2023-02-05T15:23:00.000,Sr 120,Sr 120 and Aspen Dr,,Rear End,2,Clear,Dry,Daylight
2023-12-01T09:27:00.000,Sr 120,Sr 120 and Aspen Dr,,Angle Crash,2,Cloudy,Wet,Daylight
2023-04-08T20:34:00.000,Sr 120,Sr 120 and Aspen Dr,,Angle Crash,2,Clear,Dry,Dark-Lighted
2022-12-26T10:00:00.000,Sr 120,Sr 120 and Aspen Dr,,Angle Crash,2,Cloudy,Dry,Daylight
2020-12-20T18:05:00.000,Sr 120,Sr 120 and Aspen Dr,,Rear End,2,Clear,Dry,Dark-Not Lighted
2020-10-15T18:25:00.000,Sr 120,Sr 120 and Aspen Dr,,Rear End,2,Clear,Dry,Daylight
2020-02-05T19:00:00.000,Sr 120,Sr 120 and Aspen Dr,,Angle Crash,4,Cloudy,Wet,Dark-Lighted
2020-06-04T17:38:00.000,Sr 120,Sr 120 and Aspen Dr,,Rear End,2,Cloudy,Wet,Daylight
2020-01-18T10:55:00.000,Sr 120,Sr 120 and Aspen Dr,,Angle Crash,3,Clear,Dry,Daylight
2021-04-14T18:21:00.000,Sr 120,Sr 120 and Aspen Dr,,Angle Crash,2,Clear,Wet,Daylight
2022-05-17T13:40:00.000,Sr 120,Sr 120 and Aspen Dr,,Rear End,2,Clear,Dry,Daylight
2022-10-01T09:23:00.000,Sr 120,Sr 120 and Aspen Dr,,Angle Crash,2,Clear,Dry,Daylight
2022-07-06T16:44:00.000,Sr 120,Sr 120 and Aspen Dr,,Angle Crash,2,Clear,Dry,Daylight
2022-12-16T16:40:00.000,Sr 120,Sr 120 and Aspen Dr,,Angle Crash,2,Clear,Dry,Daylight
2022-02-14T18:14:00.000,Sr 120,Sr 120 and Aspen Dr,,Rear End,2,Clear,Dry,Dusk
2022-05-12T18:45:00.000,Sr 120,Sr 120 and Aspen Dr,,Angle Crash,2,Clear,Dry,Daylight
2022-04-03T17:37:00.000,Sr 120,Sr 120 and Aspen Dr,,Angle Crash,2,Clear,Dry,Daylight
2024-01-28T18:15:00.000,Sr 120,Sr 120 and Aspen Dr,,Rear End,2,Clear,Dry,Dark-Not Lighted
2024-09-14T13:37:00.000,Sr 120,Sr 120 and Aspen Dr,,Angle Crash,2,Rain,Wet,Daylight
2024-11-27T15:13:00.000,Sr 120,Sr 120 and Aspen Dr,,Rear End,2,Clear,Dry,Daylight
2023-11-17T16:40:00.000,Sr 120,Sr 120 and Aspen Dr,,Angle Crash,4,Clear,Dry,Daylight
2023-12-14T11:40:00.000,Sr 120,Sr 120 and Aspen Dr,,Angle Crash,2,Clear,Dry,Daylight
2023-04-28T14:04:00.000,Sr 120,Sr 120 and Aspen Dr,,Angle Crash,2,Clear,Dry,Daylight
2023-10-04T14:28:00.000,Sr 120,Sr 120 and Aspen Dr,,Rear End,2,Clear,Dry,Daylight
2023-04-08T20:42:00.000,Sr 120,Sr 120 and Aspen Dr,,Rear End,3,Clear,Dry,Daylight
2024-03-31T19:38:00.000,Sr 120,Sr 120 and Aspen Dr,,Not a Collision with Motor Vehicle,1,Cloudy,Dry,Dusk
2024-08-07T09:47:00.000,Sr 120,Sr 120 and Aspen Dr,,Sideswipe-Same Direction,2,Clear,Dry,Daylight
2024-01-27T15:10:00.000,Sr 120,Sr 120 and Aspen Dr,,Head On,2,Rain,Wet,Daylight
2024-08-28T18:38:00.000,Sr 120,Sr 120 and Aspen Dr,,Rear End,2,Clear,Dry,Daylight
2024-08-31T18:40:00.000,Sr 120,Sr 120 and Aspen Dr,,Rear End,2,Clear,Wet,Daylight
2024-06-27T12:50:00.000,Sr 120,Sr 120 and Aspen Dr,,Sideswipe-Same Direction,2,Cloudy,Dry,Daylight
2024-08-01T09:33:00.000,Sr 120,Sr 120 and Aspen Dr,,Angle Crash,2,Clear,Dry,Daylight
2024-03-17T13:44:00.000,Sr 120,Sr 120 and Aspen Dr,,Rear End,2,Clear,Dry,Daylight
2024-06-20T18:20:00.000,Sr 120,Sr 120 and Aspen Dr,,Angle Crash,2,Clear,Dry,Daylight
2020-02-29T03:00:00.000,Sr 120,Sr 120 and Allred Rd,,Not a Collision with Motor Vehicle,1,Clear,Dry,Dark-Not Lighted
2020-01-22T19:21:00.000,Sr 120,Sr 120 and Abbotts Pointe Dr,,Rear End,2,Clear,Dry,Dark-Lighted
2021-05-07T10:52:00.000,Sr 120,Sr 120 and 316 On Rp,,Angle Crash,2,Clear,Dry,(None)
2022-10-26T08:15:00.000,Sr 120,Sr 120 and 3099 Buchanan Hwy,,Not a Collision with Motor Vehicle,1,Clear,Dry,Daylight
2022-04-03T21:32:00.000,Sr 120,Sr 120 and 2651 Marietta Hwy Dallas,,Not a Collision with Motor Vehicle,1,Clear,Dry,Dark-Not Lighted
2021-10-02T14:03:00.000,Sr 120,Sr 113 and Sr 120,,Sideswipe-Opposite Direction,2,Cloudy,Dry,Daylight
2021-09-21T21:55:00.000,Sr 120,Sr 113 and Sr 120,,Rear End,2,Rain,Wet,Dark-Not Lighted
2021-09-29T22:15:00.000,Sr 120,Sr 113 and Sr 120,,Angle Crash,2,Clear,Dry,Dark-Not Lighted
2024-05-23T18:09:00.000,Sr 120,Sr 113 and Sr 120,,(None),2,(None),(None),(None)
2021-02-04T21:42:00.000,Sr 120,Sr 101 and Sr 120,,Angle Crash,2,Cloudy,Dry,Dark-Not Lighted
2021-03-05T14:05:00.000,Sr 120,Sr 101 and Sr 120,,Rear End,2,Clear,Dry,Daylight
2021-12-16T07:53:00.000,Sr 120,Sr 101 and Sr 120,,Rear End,3,Cloudy,Dry,Daylight
2021-06-03T14:13:00.000,Sr 120,Sr 101 and Sr 120,,Angle Crash,2,Cloudy,Dry,Daylight
2023-07-24T08:13:00.000,Sr 120,Sr 101 and Sr 120,,Not a Collision with Motor Vehicle,2,Clear,Dry,Daylight
2023-10-28T10:43:00.000,Sr 120,Sr 101 and Sr 120,,Angle Crash,2,Clear,Dry,Daylight
2022-01-05T10:35:00.000,Sr 120,Sr 101 and Sr 120,,Rear End,2,Cloudy,Dry,Daylight
2020-08-28T06:40:00.000,Sr 120,Sr 101 and Sr 120,,Angle Crash,2,Cloudy,Dry,Dark-Not Lighted
2020-03-02T21:00:00.000,Sr 120,Sr 101 and Sr 120,,Rear End,2,Cloudy,Wet,Dark-Not Lighted
2020-11-20T16:10:00.000,Sr 120,Sr 101 and Sr 120,,Rear End,2,Clear,Dry,Daylight
2020-09-30T18:05:00.000,Sr 120,Sr 101 and Sr 120,,Rear End,2,Clear,Dry,Daylight
2020-10-29T12:20:00.000,Sr 120,Sr 101 and Sr 120,,Angle Crash,2,Cloudy,Dry,Daylight
2020-12-09T10:00:00.000,Sr 120,Sr 101 and Sr 120,,Not a Collision with Motor Vehicle,1,Clear,Dry,Daylight
2020-02-10T06:50:00.000,Sr 120,Sr 101 and Sr 120,,Sideswipe-Same Direction,2,Clear,Dry,Daylight
2020-04-01T13:58:00.000,Sr 120,Sr 101 and Sr 120,,Angle Crash,2,Clear,Dry,Daylight
2020-08-19T16:15:00.000,Sr 120,Sr 101 and Sr 120,,Rear End,2,Cloudy,Wet,Daylight
2021-10-07T06:11:00.000,Sr 120,Sr 101 and Sr 120,,Sideswipe-Same Direction,2,Cloudy,Dry,Dark-Lighted
2021-10-27T07:21:00.000,Sr 120,Sr 101 and Sr 120,,Rear End,2,Clear,Dry,Dawn
2022-02-01T18:33:00.000,Sr 120,Sr 101 and Sr 120,,Angle Crash,2,Clear,Dry,Daylight
2022-08-31T06:40:00.000,Sr 120,Sr 101 and Sr 120,,Rear End,2,Clear,Dry,Dawn
2022-08-27T15:07:00.000,Sr 120,Sr 101 and Sr 120,,Rear End,2,Clear,Dry,Daylight
2022-01-10T19:09:00.000,Sr 120,Sr 101 and Sr 120,,Angle Crash,2,Clear,Dry,Dark-Not Lighted
2022-04-20T15:50:00.000,Sr 120,Sr 101 and Sr 120,,Rear End,2,Clear,Dry,Daylight
2022-01-24T21:35:00.000,Sr 120,Sr 101 and Sr 120,,Angle Crash,2,Clear,Dry,Daylight
2023-11-28T06:20:00.000,Sr 120,Sr 101 and Sr 120,,Angle Crash,3,Clear,Dry,Dark-Lighted
2024-01-18T05:42:00.000,Sr 120,Sr 101 and Sr 120,,Angle Crash,2,Clear,Dry,Dark-Lighted
2023-12-15T12:20:00.000,Sr 120,Sr 101 and Sr 120,,Angle Crash,2,Clear,Dry,Daylight
2023-09-01T09:10:00.000,Sr 120,Sr 101 and Sr 120,,Rear End,2,Cloudy,Dry,Daylight
2023-08-15T15:21:00.000,Sr 120,Sr 101 and Sr 120,,Rear End,2,Clear,Dry,Daylight
2023-07-13T18:39:00.000,Sr 120,Sr 101 and Sr 120,,Angle Crash,2,Cloudy,Dry,Daylight
2023-05-27T12:56:00.000,Sr 120,Sr 101 and Sr 120,,Angle Crash,2,Clear,Dry,Daylight
2023-09-01T09:20:00.000,Sr 120,Sr 101 and Sr 120,,Angle Crash,2,Cloudy,Dry,Daylight
2024-04-23T09:15:00.000,Sr 120,Sr 101 and Sr 120,,Angle Crash,2,Clear,Dry,Daylight
2024-09-01T20:21:00.000,Sr 120,Sr 101 and Sr 120,,Angle Crash,2,Clear,Wet,Dark-Not Lighted
2024-01-25T15:40:00.000,Sr 120,Sr 101 and Sr 120,,Rear End,2,Rain,Wet,Daylight
2024-12-16T13:12:00.000,Sr 120,Sr 101 and Sr 120,,Not a Collision with Motor Vehicle,1,Clear,Dry,Daylight
2024-08-08T07:35:00.000,Sr 120,Sr 101 and Sr 120,,Rear End,2,Clear,Dry,Daylight
2024-05-09T09:35:00.000,Sr 120,Sr 101 and Sr 120,,Angle Crash,2,Cloudy,Dry,Daylight
2024-02-28T06:55:00.000,Sr 120,Sr 101 and Sr 120,,Angle Crash,3,Cloudy,Dry,Dark-Not Lighted
2024-03-16T22:50:00.000,Sr 120,Sr 101 and Sr 120,,Sideswipe-Same Direction,2,Clear,Dry,Dark-Not Lighted
2021-03-05T20:01:00.000,Sr 140,Sr 1 and Sr 140,,Rear End,2,Clear,Dry,Dark-Not Lighted
2021-06-10T04:30:00.000,Sr 140,Sr 1 and Sr 140,,Not a Collision with Motor Vehicle,1,Clear,Dry,Dark-Lighted
2020-07-23T15:15:00.000,Sr 140,Sr 1 and Sr 140,,Rear End,2,Clear,Dry,Daylight
2020-01-23T14:43:00.000,Sr 140,Sr 1 and Sr 140,,Rear End,2,Rain,Wet,Daylight
2020-04-22T17:22:00.000,Sr 140,Sr 1 and Sr 140,,Rear End,2,Clear,Dry,Daylight
2020-11-06T18:26:00.000,Sr 140,Sr 1 and Sr 140,,Angle Crash,2,Cloudy,Dry,Dark-Not Lighted
2021-02-03T17:11:00.000,Sr 140,Sr 1 and Sr 140,,Rear End,2,Clear,Dry,Daylight
2023-08-05T19:55:00.000,Sr 140,Sr 1 and Sr 140,,Rear End,2,Clear,Dry,Daylight
2023-01-18T09:35:00.000,Sr 140,Sr 1 and Sr 140,,Sideswipe-Opposite Direction,2,Rain,Wet,Daylight
2023-03-03T18:15:00.000,Sr 140,Sr 1 and Sr 140,,Angle Crash,2,Clear,Dry,Daylight
2024-06-27T16:46:00.000,Sr 140,Sr 1 and Sr 140,,Rear End,2,Clear,Dry,Daylight
2024-12-14T11:29:00.000,Sr 140,Sr 1 and Sr 140,,Rear End,2,Clear,Dry,Daylight
2024-06-16T15:25:00.000,Sr 140,Sr 1 and Sr 140,,Rear End,2,Clear,Dry,Daylight
2023-11-06T07:00:00.000,Sr 120,Sr 1 and Sr 120,,Rear End,2,Clear,Dry,Daylight
2023-04-25T13:02:00.000,Sr 120,Sr 1 and Sr 120,,Angle Crash,2,Clear,Dry,Daylight
2020-06-02T02:54:00.000,Sr 120,Sr 1 and Sr 120,,Not a Collision with Motor Vehicle,1,Clear,Dry,Dark-Not Lighted
2021-06-26T17:10:00.000,I 85,Sr 1 and I 85,,Not a Collision with Motor Vehicle,1,Rain,Wet,Daylight
2021-09-21T18:13:00.000,I 85,Sr 1 and I 85,,Not a Collision with Motor Vehicle,1,Rain,Wet,Daylight
2021-09-17T12:16:00.000,I 85,Sr 1 and I 85,,Rear End,2,Cloudy,Dry,Daylight
2021-10-18T07:55:00.000,I 85,Sr 1 and I 85,,Rear End,2,Clear,Dry,Daylight
2021-05-15T13:36:00.000,I 85,Sr 1 and I 85,,Not a Collision with Motor Vehicle,1,Cloudy,Dry,Daylight
2021-09-28T15:45:00.000,I 85,Sr 1 and I 85,,Angle Crash,2,Clear,Dry,Daylight
2021-06-22T16:09:00.000,I 85,Sr 1 and I 85,,Not a Collision with Motor Vehicle,2,Cloudy,Dry,Daylight
2020-11-10T00:37:00.000,I 85,Sr 1 and I 85,,Angle Crash,2,Clear,Dry,Dark-Not Lighted
2023-04-28T06:28:00.000,I 85,Sr 1 and I 85,,Not a Collision with Motor Vehicle,2,Rain,Wet,Dawn
2023-11-16T07:54:00.000,I 85,Sr 1 and I 85,,Rear End,2,Cloudy,Dry,Daylight
2023-02-20T14:50:00.000,I 85,Sr 1 and I 85,,Rear End,2,Clear,Dry,Daylight
2023-02-27T05:35:00.000,I 85,Sr 1 and I 85,,Sideswipe-Same Direction,2,Clear,Dry,Dark-Not Lighted
2022-03-22T22:22:00.000,I 85,Sr 1 and I 85,,Angle Crash,2,Cloudy,Dry,Dark-Not Lighted
2022-05-12T07:55:00.000,I 85,Sr 1 and I 85,,Sideswipe-Same Direction,2,Clear,Dry,Daylight
2020-11-11T21:35:00.000,I 85,Sr 1 and I 85,,Not a Collision with Motor Vehicle,1,Clear,Wet,Dark-Lighted
2020-07-24T20:44:00.000,I 85,Sr 1 and I 85,,Not a Collision with Motor Vehicle,1,Rain,Wet,Dark-Not Lighted
2020-06-25T15:40:00.000,I 85,Sr 1 and I 85,,Angle Crash,1,Rain,Wet,Daylight
2020-03-09T13:00:00.000,I 85,Sr 1 and I 85,,Rear End,2,Clear,Dry,Daylight
2021-06-22T15:45:00.000,I 85,Sr 1 and I 85,,Not a Collision with Motor Vehicle,1,Cloudy,Dry,Daylight
2021-05-12T15:00:00.000,I 85,Sr 1 and I 85,,Not a Collision with Motor Vehicle,2,Rain,Wet,Daylight
2021-06-30T17:30:00.000,I 85,Sr 1 and I 85,,Sideswipe-Same Direction,2,Cloudy,Dry,Daylight
2021-08-03T23:32:00.000,I 85,Sr 1 and I 85,,Not a Collision with Motor Vehicle,1,Clear,Dry,Dark-Lighted
2022-12-30T13:52:00.000,I 85,Sr 1 and I 85,,Sideswipe-Same Direction,2,Clear,Dry,Daylight
2022-06-16T07:00:00.000,I 85,Sr 1 and I 85,,Sideswipe-Same Direction,2,Clear,Dry,Daylight
2022-06-17T05:03:00.000,I 85,Sr 1 and I 85,,Not a Collision with Motor Vehicle,1,Cloudy,Dry,Dark-Not Lighted
2022-11-06T21:35:00.000,I 85,Sr 1 and I 85,,Sideswipe-Same Direction,2,Clear,Dry,Dark-Lighted
2022-04-26T19:43:00.000,I 85,Sr 1 and I 85,,Rear End,2,Clear,Dry,Daylight
2022-10-12T16:18:00.000,I 85,Sr 1 and I 85,,Not a Collision with Motor Vehicle,1,Rain,Wet,Daylight
2022-08-05T18:10:00.000,I 85,Sr 1 and I 85,,Rear End,2,Rain,Wet,Daylight
2022-07-13T17:55:00.000,I 85,Sr 1 and I 85,,Not a Collision with Motor Vehicle,1,Rain,Wet,Daylight
2021-08-02T08:05:00.000,I 85,Sr 1 and I 85,,Not a Collision with Motor Vehicle,1,Clear,Dry,Daylight
2022-12-07T17:45:00.000,I 85,Sr 1 and I 85,,Not a Collision with Motor Vehicle,1,Clear,Dry,Dark-Not Lighted
2022-07-24T11:55:00.000,I 85,Sr 1 and I 85,,Not a Collision with Motor Vehicle,1,Clear,Dry,Daylight
2022-08-10T18:00:00.000,I 85,Sr 1 and I 85,,Sideswipe-Same Direction,2,Clear,Dry,Daylight
2022-08-05T18:10:00.000,I 85,Sr 1 and I 85,,Rear End,2,Rain,Wet,Daylight
2022-09-23T18:54:00.000,I 85,Sr 1 and I 85,,Not a Collision with Motor Vehicle,1,Clear,Dry,Daylight
2022-11-03T22:41:00.000,I 85,Sr 1 and I 85,,Not a Collision with Motor Vehicle,2,Cloudy,Dry,Dark-Lighted
2022-03-19T23:36:00.000,I 85,Sr 1 and I 85,,Sideswipe-Same Direction,3,Clear,Dry,Dark-Not Lighted
2022-03-18T10:30:00.000,I 85,Sr 1 and I 85,,Not a Collision with Motor Vehicle,1,Rain,Wet,Daylight
2022-04-12T12:19:00.000,I 85,Sr 1 and I 85,,Rear End,2,Clear,Dry,Daylight
2022-09-29T11:56:00.000,I 85,Sr 1 and I 85,,Not a Collision with Motor Vehicle,1,Clear,Dry,Daylight
2022-07-24T11:30:00.000,I 85,Sr 1 and I 85,,Not a Collision with Motor Vehicle,1,Clear,Dry,Daylight
2022-11-28T19:30:00.000,I 85,Sr 1 and I 85,,Not a Collision with Motor Vehicle,1,Clear,Dry,Dark-Not Lighted
2022-04-19T09:33:00.000,I 85,Sr 1 and I 85,,Not a Collision with Motor Vehicle,1,Clear,Dry,Daylight
2022-04-15T23:53:00.000,I 85,Sr 1 and I 85,,Not a Collision with Motor Vehicle,1,Cloudy,Dry,Dark-Not Lighted
2022-03-28T11:19:00.000,I 85,Sr 1 and I 85,,Not a Collision with Motor Vehicle,2,Clear,Dry,Daylight
2022-10-01T14:54:00.000,I 85,Sr 1 and I 85,,Not a Collision with Motor Vehicle,2,Clear,Dry,Daylight
2022-12-23T06:30:00.000,I 85,Sr 1 and I 85,,Not a Collision with Motor Vehicle,1,Cloudy,Dry,Dark-Not Lighted
2022-08-19T14:00:00.000,I 85,Sr 1 and I 85,,Not a Collision with Motor Vehicle,1,Rain,Wet,Daylight
2022-08-02T17:30:00.000,I 85,Sr 1 and I 85,,Not a Collision with Motor Vehicle,2,Clear,Dry,Daylight
2022-06-26T23:40:00.000,I 85,Sr 1 and I 85,,Not a Collision with Motor Vehicle,1,Clear,Dry,Dark-Not Lighted
2023-02-27T04:44:00.000,I 85,Sr 1 and I 85,,Not a Collision with Motor Vehicle,1,Clear,Dry,Dark-Not Lighted
2024-05-19T19:45:00.000,I 85,Sr 1 and I 85,,Not a Collision with Motor Vehicle,1,Clear,Dry,Daylight
2023-06-21T18:55:00.000,I 85,Sr 1 and I 85,,Not a Collision with Motor Vehicle,1,Rain,Wet,Daylight
2024-01-02T16:36:00.000,I 85,Sr 1 and I 85,,Not a Collision with Motor Vehicle,1,Clear,Dry,Daylight
2023-03-03T13:40:00.000,I 85,Sr 1 and I 85,,Rear End,2,Cloudy,Dry,Daylight
2023-10-12T00:50:00.000,I 85,Sr 1 and I 85,,Not a Collision with Motor Vehicle,1,Rain,Wet,Dark-Not Lighted
2023-04-03T01:22:00.000,I 85,Sr 1 and I 85,,Not a Collision with Motor Vehicle,1,Clear,Dry,Dark-Not Lighted
2023-11-16T15:23:00.000,I 85,Sr 1 and I 85,,Not a Collision with Motor Vehicle,1,Cloudy,Dry,Daylight
2023-02-08T15:18:00.000,I 85,Sr 1 and I 85,,Rear End,3,Clear,Dry,Daylight
2023-08-12T17:50:00.000,I 85,Sr 1 and I 85,,Not a Collision with Motor Vehicle,1,Rain,Wet,Daylight
2023-10-24T16:02:00.000,I 85,Sr 1 and I 85,,Rear End,2,Clear,Dry,Daylight
2023-06-14T11:10:00.000,I 85,Sr 1 and I 85,,Not a Collision with Motor Vehicle,1,Rain,Wet,Daylight
2024-07-18T21:40:00.000,I 85,Sr 1 and I 85,,Not a Collision with Motor Vehicle,1,Rain,Wet,Dark-Not Lighted
2024-08-20T21:50:00.000,I 85,Sr 1 and I 85,,Sideswipe-Same Direction,2,Clear,Dry,Dark-Not Lighted
2024-06-02T12:30:00.000,I 85,Sr 1 and I 85,,Not a Collision with Motor Vehicle,1,Clear,Dry,Daylight
2024-04-23T15:45:00.000,I 85,Sr 1 and I 85,,Not a Collision with Motor Vehicle,1,Clear,Dry,Daylight
2024-06-24T07:25:00.000,I 85,Sr 1 and I 85,,Not a Collision with Motor Vehicle,1,Rain,Wet,Daylight
2024-04-21T23:45:00.000,I 85,Sr 1 and I 85,,Not a Collision with Motor Vehicle,1,Clear,Dry,Dark-Not Lighted
2024-12-25T18:39:00.000,I 85,Sr 1 and I 85,,Rear End,2,Clear,Dry,Dark-Lighted
2024-10-29T20:23:00.000,I 85,Sr 1 and I 85,,Not a Collision with Motor Vehicle,1,Clear,Wet,Dark-Not Lighted
2024-09-27T14:59:00.000,I 85,Sr 1 and I 85,,Not a Collision with Motor Vehicle,1,Clear,Dry,Daylight
2024-09-18T15:44:00.000,I 85,Sr 1 and I 85,,Sideswipe-Same Direction,2,Clear,Dry,Daylight
2024-07-29T14:00:00.000,I 85,Sr 1 and I 85,,Not a Collision with Motor Vehicle,1,Rain,Wet,Daylight
2024-10-08T08:05:00.000,I 85,Sr 1 and I 85,,Not a Collision with Motor Vehicle,1,Clear,Dry,Daylight
2024-10-10T17:00:00.000,I 85,Sr 1 and I 85,,Not a Collision with Motor Vehicle,2,Clear,Dry,Daylight
2021-12-08T09:00:00.000,I 20,Sr 1 and I 20,,Sideswipe-Same Direction,2,Cloudy,Wet,Daylight
2021-06-26T20:10:00.000,I 20,Sr 1 and I 20,,Rear End,1,Clear,Dry,Daylight
2021-03-23T13:45:00.000,I 20,Sr 1 and I 20,,Rear End,2,Cloudy,Dry,Daylight
2021-09-01T17:45:00.000,I 20,Sr 1 and I 20,,Rear End,2,Cloudy,Dry,Daylight
2020-02-18T09:40:00.000,I 20,Sr 1 and I 20,,Not a Collision with Motor Vehicle,1,Rain,Wet,Daylight
2023-06-04T08:10:00.000,I 20,Sr 1 and I 20,,Not a Collision with Motor Vehicle,1,Clear,Dry,Daylight
2023-02-28T07:32:00.000,I 20,Sr 1 and I 20,,Rear End,2,Clear,Dry,Daylight
2023-11-17T00:01:00.000,I 20,Sr 1 and I 20,,Sideswipe-Same Direction,2,Clear,Dry,Dark-Not Lighted
2023-10-13T17:30:00.000,I 20,Sr 1 and I 20,,Rear End,2,Rain,Wet,Daylight
2023-05-24T12:16:00.000,I 20,Sr 1 and I 20,,Rear End,2,Clear,Dry,Daylight
2023-09-13T18:36:00.000,I 20,Sr 1 and I 20,,Not a Collision with Motor Vehicle,1,Clear,Wet,Daylight
2023-10-27T01:30:00.000,I 20,Sr 1 and I 20,,Rear End,5,Clear,Dry,Dark-Not Lighted
2020-09-06T21:00:00.000,I 20,Sr 1 and I 20,,Rear End,2,Clear,Dry,Dark-Not Lighted
2020-03-06T13:55:00.000,I 20,Sr 1 and I 20,,Rear End,2,Clear,Dry,Daylight
2020-02-10T17:00:00.000,I 20,Sr 1 and I 20,,Rear End,2,Rain,Wet,Daylight