Date and Time,Roadway (From Crash Report),Intersection Name (from Crash Report),KABCO Severity,Manner of Collision (Crash Level) ,# of Vehicles per crash ,Weather Conditions (Crash Level),Surface Condition (Crash Level) ,Light Conditions (Crash Level)
2020-06-17T16:57:00.000,I 75,Mm75 and I 75,,Not a Collision with Motor Vehicle,1,Cloudy,Dry,Daylight
2020-07-17T23:29:00.000,I 75,Mm75 and I 75,,Not a Collision with Motor Vehicle,1,Clear,Dry,Dark-Not Lighted
2020-08-11T19:03:00.000,I 20,Mm75 and I 20,,Not a Collision with Motor Vehicle,2,Cloudy,Dry,Daylight
2024-04-20T14:30:00.000,I 16,Mm75 and I 16,,Rear End,2,Clear,Dry,Daylight
2021-04-26T06:15:00.000,I 16,Mm74 and I 16,,Rear End,2,Clear,Dry,Daylight
2022-01-11T09:54:00.000,I 95,Mm73 and I 95,,Sideswipe-Same Direction,2,Clear,Dry,Daylight
2024-04-14T19:32:00.000,I 95,Mm73 and I 95,,Not a Collision with Motor Vehicle,1,Clear,Dry,Dawn
2020-10-15T15:00:00.000,I 75,Mm73 and I 75,,Not a Collision with Motor Vehicle,1,Cloudy,Dry,Daylight
2022-04-12T11:53:00.000,I 75,Mm73 and I 75,,Not a Collision with Motor Vehicle,1,Clear,Dry,Daylight
2021-02-21T11:08:00.000,I 16,Mm73 and I 16,,Not a Collision with Motor Vehicle,1,Clear,Dry,Daylight
2022-07-05T18:45:00.000,I 16,Mm73 and I 16,,Rear End,2,Cloudy,Wet,Daylight
2022-09-12T16:26:00.000,I 16,Mm73 and I 16,,Not a Collision with Motor Vehicle,1,Rain,Wet,Daylight
2024-02-12T09:01:00.000,I 16,Mm73 and I 16,,Not a Collision with Motor Vehicle,1,Rain,Wet,Daylight
2022-02-16T18:43:00.000,I 95,Mm72 and I 95,,Rear End,2,Cloudy,Dry,Dark-Not Lighted
2021-03-15T09:47:00.000,I 16,Mm72 and I 16,,Angle Crash,2,Cloudy,Dry,Daylight
2023-04-04T02:45:00.000,I 85,Mm71 and I 85,,Not a Collision with Motor Vehicle,1,Fog,Wet,Dark-Not Lighted
2022-07-04T18:06:00.000,I 16,Mm71 and I 16,,Not a Collision with Motor Vehicle,2,Rain,Wet,Daylight
2023-10-28T09:57:00.000,I 85,Mm7 and I 85,,Sideswipe-Same Direction,2,Clear,Dry,Daylight
2024-05-03T11:45:00.000,I 85,Mm7 and I 85,,Not a Collision with Motor Vehicle,2,Clear,Dry,Daylight
2020-05-11T08:26:00.000,I 75,Mm7 and I 75,,Rear End,2,Clear,Dry,Daylight
2024-09-23T13:04:00.000,I 75,Mm7 and I 75,,Not a Collision with Motor Vehicle,1,Clear,Dry,Daylight
2020-11-19T06:30:00.000,I 20,Mm7 and I 20,,Not a Collision with Motor Vehicle,2,Clear,Dry,Dark-Not Lighted
2020-11-16T22:54:00.000,I 20,Mm7 and I 20,,Not a Collision with Motor Vehicle,1,Clear,Dry,Dark-Not Lighted
2020-04-23T08:05:00.000,I 20,Mm7 and I 20,,Not a Collision with Motor Vehicle,1,Rain,Wet,Daylight
2022-07-05T16:49:00.000,I 20,Mm7 and I 20,,Rear End,2,Rain,Wet,Daylight
2024-06-30T10:18:00.000,I 20,Mm7 and I 20,,Rear End,2,Clear,Dry,Daylight
2021-07-19T06:49:00.000,I 20,Mm69 and I 20,,Rear End,2,Cloudy,Wet,Daylight
2024-06-28T16:35:00.000,I 95,Mm68 and I 95,,Not a Collision with Motor Vehicle,2,Cloudy,Dry,Daylight
2022-07-05T15:42:00.000,I 16,Mm68 and I 16,,Rear End,2,Rain,Wet,Daylight
2021-10-08T14:42:00.000,I 95,Mm67 and I 95,,Not a Collision with Motor Vehicle,1,Cloudy,Wet,Daylight
2024-04-23T21:26:00.000,I 95,Mm67 and I 95,,Sideswipe-Same Direction,2,Clear,Dry,Dark-Lighted
2021-06-14T09:20:00.000,I 16,Mm67 and I 16,,Angle Crash,2,Clear,Dry,Daylight
2020-08-08T14:22:00.000,I 16,Mm67 and I 16,,Not a Collision with Motor Vehicle,1,Rain,Wet,Daylight
2020-04-23T13:16:00.000,I 16,Mm67 and I 16,,Not a Collision with Motor Vehicle,1,Rain,Wet,Daylight
2022-07-27T17:00:00.000,I 16,Mm67 and I 16,,Not a Collision with Motor Vehicle,1,Rain,Wet,Daylight
2022-03-29T14:57:00.000,I 16,Mm67 and I 16,,Not a Collision with Motor Vehicle,1,Clear,Dry,Daylight
2022-08-21T19:43:00.000,I 16,Mm67 and I 16,,Angle Crash,2,Cloudy,Wet,Daylight
2024-12-06T16:30:00.000,I 85,Mm66 and I 85,,Rear End,2,Clear,Dry,Daylight
2020-11-17T00:29:00.000,I 20,Mm65 and I 20,,Rear End,2,Clear,Dry,Dark-Not Lighted
2023-06-23T16:40:00.000,I 16,Mm65 and I 16,,Not a Collision with Motor Vehicle,1,Rain,Wet,Daylight
2024-02-28T22:09:00.000,I 95,Mm64 and I 95,,Rear End,2,Cloudy,Dry,Dark-Not Lighted
2024-09-24T08:15:00.000,I 85,Mm64 and I 85,,Rear End,2,Rain,Wet,Daylight
2024-06-15T08:56:00.000,I 95,Mm63 and I 95,,Not a Collision with Motor Vehicle,1,Clear,Dry,Daylight
2022-11-12T20:35:00.000,I 16,Mm63 and I 16,,Not a Collision with Motor Vehicle,1,Cloudy,Dry,Dark-Not Lighted
2024-08-11T19:09:00.000,I 20,Mm62 and I 20,,Sideswipe-Same Direction,2,Clear,Dry,Daylight
2021-06-02T10:10:00.000,I 95,Mm61 and I 95,,Sideswipe-Same Direction,2,Cloudy,Dry,Daylight
2022-02-04T03:37:00.000,I 285,Mm61 and I 285,,Angle Crash,2,Rain,Wet,Dark-Not Lighted
2024-10-31T21:17:00.000,I 95,Mm60 and I 95,,Not a Collision with Motor Vehicle,1,Clear,Dry,Dark-Not Lighted
2022-12-30T12:55:00.000,I 75,Mm60 and I 75,,Rear End,2,Clear,Dry,Daylight
2022-07-28T16:33:00.000,I 75,Mm60 and I 75,,Rear End,2,Clear,Dry,Daylight
2021-06-27T09:05:00.000,I 16,Mm60 and I 16,,Angle Crash,3,Clear,Dry,Daylight
2024-05-27T21:48:00.000,I 16,Mm60 and I 16,,(None),1,(None),(None),(None)
2023-11-12T19:29:00.000,I 85,Mm6 and I 85,,Rear End,3,Cloudy,Dry,Dark-Lighted
2023-11-12T19:29:00.000,I 85,Mm6 and I 85,,Rear End,2,Cloudy,Dry,Dark-Lighted
2024-05-03T14:20:00.000,I 85,Mm6 and I 85,,Sideswipe-Same Direction,2,Clear,Dry,Daylight
2021-03-21T13:36:00.000,I 75,Mm6 and I 75,,Rear End,3,Rain,Wet,Daylight
2021-07-05T16:13:00.000,I 75,Mm6 and I 75,,Not a Collision with Motor Vehicle,1,Rain,Wet,Daylight
2020-07-23T12:05:00.000,I 75,Mm6 and I 75,,Not a Collision with Motor Vehicle,2,Cloudy,Dry,Daylight
2024-12-29T02:25:00.000,I 75,Mm6 and I 75,,Not a Collision with Motor Vehicle,1,Clear,Dry,Dark-Lighted
2021-02-09T20:12:00.000,I 20,Mm6 and I 20,,Not a Collision with Motor Vehicle,2,Clear,Dry,Dark-Not Lighted
2022-04-03T15:34:00.000,I 20,Mm6 and I 20,,Rear End,2,Clear,Dry,Daylight
2020-10-21T05:10:00.000,I 20,Mm6 and I 20,,Not a Collision with Motor Vehicle,1,Clear,Dry,Dark-Not Lighted
2020-12-18T07:00:00.000,I 20,Mm6 and I 20,,Rear End,2,Clear,Dry,Dark-Not Lighted
2021-01-25T00:40:00.000,I 20,Mm6 and I 20,,Angle Crash,1,Rain,Wet,Dark-Not Lighted
2023-12-10T15:55:00.000,I 20,Mm6 and I 20,,Not a Collision with Motor Vehicle,1,Rain,Wet,Daylight
2023-07-29T23:25:00.000,I 20,Mm6 and I 20,,Not a Collision with Motor Vehicle,1,Rain,Wet,Dark-Not Lighted
2023-02-25T15:52:00.000,I 20,Mm6 and I 20,,Sideswipe-Same Direction,3,Rain,Wet,Daylight
2024-08-09T15:03:00.000,I 20,Mm6 and I 20,,Rear End,2,Clear,Dry,Daylight
2024-04-05T08:15:00.000,I 20,Mm6 and I 20,,Not a Collision with Motor Vehicle,2,Clear,Dry,Daylight
2024-12-17T11:30:00.000,I 85,Mm59 and I 85,,Angle Crash,2,Clear,Dry,Daylight
2021-12-10T21:45:00.000,I 95,Mm58 and I 95,,Rear End,2,Clear,Dry,Dark-Not Lighted
2022-05-23T06:19:00.000,I 85,Mm58 and I 85,,Rear End,2,Rain,Wet,Daylight
2021-06-27T09:04:00.000,I 16,Mm58 and I 16,,Angle Crash,2,Cloudy,Dry,Daylight
2021-04-14T22:28:00.000,I 95,Mm57 and I 95,,Sideswipe-Same Direction,2,Clear,Dry,Dark-Not Lighted
2021-01-24T10:50:00.000,I 85,Mm57 and I 85,,Rear End,2,Clear,Dry,Daylight
2021-05-15T13:47:00.000,I 85,Mm57 and I 85,,Rear End,2,Clear,Dry,Daylight
2021-04-14T22:28:00.000,I 95,Mm56 and I 95,,Sideswipe-Same Direction,2,Clear,Dry,Dark-Not Lighted
2021-05-27T16:02:00.000,I 85,Mm56 and I 85,,Angle Crash,4,Clear,Dry,Daylight
2021-04-10T18:40:00.000,I 85,Mm56 and I 85,,Rear End,2,Clear,Dry,Daylight
2023-10-14T22:00:00.000,I 85,Mm56 and I 85,,Angle Crash,2,Clear,Dry,Dark-Not Lighted
2021-11-16T22:47:00.000,I 85,Mm56 and I 85,,Sideswipe-Same Direction,2,Clear,Dry,Dark-Not Lighted
2022-04-15T06:19:00.000,I 85,Mm56 and I 85,,Not a Collision with Motor Vehicle,1,Clear,Dry,Dawn
2024-08-04T16:25:00.000,I 85,Mm56 and I 85,,Sideswipe-Same Direction,4,Rain,Wet,Daylight
2023-05-04T12:55:00.000,I 85,Mm56 and I 85,,Sideswipe-Same Direction,2,Clear,Dry,Daylight
2024-01-09T10:44:00.000,I 85,Mm56 and I 85,,Not a Collision with Motor Vehicle,1,Rain,Wet,Daylight
2024-09-26T16:05:00.000,I 85,Mm56 and I 85,,Angle Crash,2,Rain,Wet,Daylight
2024-07-31T23:45:00.000,I 85,Mm56 and I 85,,Sideswipe-Same Direction,2,Cloudy,Wet,Dark-Not Lighted
2024-11-30T23:15:00.000,I 85,Mm56 and I 85,,Angle Crash,2,Clear,Dry,Daylight
2024-08-01T08:10:00.000,I 85,Mm56 and I 85,,Not a Collision with Motor Vehicle,2,Clear,Dry,Daylight
2024-05-25T09:00:00.000,I 85,Mm56 and I 85,,Sideswipe-Same Direction,2,Cloudy,Dry,Daylight
2023-10-28T19:04:00.000,I 20,Mm56 and I 20,,Angle Crash,2,Clear,Dry,Dark-Not Lighted
2023-07-21T18:35:00.000,I 20,Mm56 and I 20,,Rear End,2,Rain,Wet,Daylight
2022-02-04T10:05:00.000,I 95,Mm55 and I 95,,Rear End,2,Clear,Dry,Daylight
2024-08-10T08:48:00.000,I 95,Mm55 and I 95,,Sideswipe-Same Direction,2,Clear,Dry,Daylight
2020-09-20T07:00:00.000,I 85,Mm55 and I 85,,Rear End,1,Clear,Dry,Daylight
2021-05-01T13:50:00.000,I 85,Mm55 and I 85,,Rear End,2,Clear,Dry,Daylight
2022-06-07T06:25:00.000,I 85,Mm55 and I 85,,Sideswipe-Same Direction,2,Clear,Dry,Dawn
2022-02-23T10:15:00.000,I 85,Mm55 and I 85,,Not a Collision with Motor Vehicle,1,Rain,Wet,Daylight
2022-12-30T11:15:00.000,I 85,Mm55 and I 85,,Sideswipe-Same Direction,2,Clear,Dry,Daylight
2023-01-05T15:10:00.000,I 85,Mm55 and I 85,,Sideswipe-Same Direction,2,Clear,Dry,Daylight
2023-06-04T09:20:00.000,I 85,Mm55 and I 85,,Not a Collision with Motor Vehicle,1,Clear,Dry,Daylight
2023-01-05T15:15:00.000,I 85,Mm55 and I 85,,Angle Crash,2,Clear,Dry,Daylight
2023-01-05T15:00:00.000,I 85,Mm55 and I 85,,Angle Crash,2,Clear,Dry,Daylight
2024-03-15T05:58:00.000,I 85,Mm55 and I 85,,Angle Crash,2,Clear,Dry,Dark-Not Lighted
2024-07-17T11:53:00.000,I 85,Mm55 and I 85,,Not a Collision with Motor Vehicle,1,Clear,Dry,Daylight
2023-07-24T15:46:00.000,I 75,Mm55 and I 75,,Not a Collision with Motor Vehicle,1,Clear,Dry,Daylight
2023-03-17T15:10:00.000,I 285,Mm55 and I 285,,Rear End,3,Rain,Wet,Daylight
2021-12-06T18:57:00.000,I 20,Mm55 and I 20,,Angle Crash,3,Cloudy,Wet,Dark-Not Lighted
2021-04-13T13:15:00.000,I 20,Mm55 and I 20,,Sideswipe-Same Direction,2,Clear,Dry,Daylight
2022-11-29T18:50:00.000,I 85,Mm54 and I 85,,Not a Collision with Motor Vehicle,1,Cloudy,Wet,Dark-Not Lighted
2024-05-26T06:15:00.000,I 85,Mm54 and I 85,,Sideswipe-Same Direction,2,Cloudy,Dry,Dark-Not Lighted
2024-06-11T17:05:00.000,I 85,Mm54 and I 85,,Sideswipe-Same Direction,2,Clear,Dry,Daylight
2023-07-29T09:54:00.000,I 16,Mm54 and I 16,,(None),1,(None),(None),(None)
2023-01-21T18:30:00.000,I 95,Mm53 and I 95,,Not a Collision with Motor Vehicle,1,Cloudy,Dry,Dark-Not Lighted
2021-03-10T20:17:00.000,I 85,Mm53 and I 85,,Angle Crash,2,Clear,Dry,Dark-Not Lighted
2023-01-05T16:00:00.000,I 85,Mm53 and I 85,,Head On,2,Clear,Dry,Daylight
2020-02-11T09:50:00.000,I 85,Mm53 and I 85,,Not a Collision with Motor Vehicle,1,Rain,Wet,Daylight
2020-10-03T21:00:00.000,I 85,Mm53 and I 85,,Angle Crash,2,Clear,Dry,Dark-Not Lighted
2020-06-29T20:46:00.000,I 85,Mm53 and I 85,,Not a Collision with Motor Vehicle,1,Rain,Wet,Dark-Not Lighted
2020-07-09T20:15:00.000,I 85,Mm53 and I 85,,Angle Crash,1,Rain,Wet,Dark-Not Lighted
2021-01-06T18:16:00.000,I 85,Mm53 and I 85,,Sideswipe-Same Direction,2,Clear,Dry,Dark-Not Lighted
2021-10-03T15:06:00.000,I 85,Mm53 and I 85,,Not a Collision with Motor Vehicle,1,Clear,Dry,Daylight
2022-11-30T06:56:00.000,I 85,Mm53 and I 85,,Angle Crash,2,Rain,Wet,Daylight
2022-05-08T21:38:00.000,I 85,Mm53 and I 85,,Sideswipe-Same Direction,2,Clear,Dry,Dark-Not Lighted
2023-09-16T09:38:00.000,I 85,Mm53 and I 85,,Not a Collision with Motor Vehicle,1,Rain,Wet,Daylight
2024-04-09T06:19:00.000,I 85,Mm53 and I 85,,Sideswipe-Same Direction,2,Rain,Wet,Dark-Not Lighted
2024-02-12T05:54:00.000,I 85,Mm53 and I 85,,Not a Collision with Motor Vehicle,1,Rain,Wet,Dark-Not Lighted
2024-11-19T11:30:00.000,I 85,Mm53 and I 85,,Not a Collision with Motor Vehicle,1,Rain,Wet,Daylight
2024-07-08T14:25:00.000,I 85,Mm53 and I 85,,Not a Collision with Motor Vehicle,1,Rain,Wet,Daylight
2024-09-21T04:32:00.000,I 85,Mm53 and I 85,,Rear End,2,Clear,Dry,Dark-Not Lighted
2021-12-30T10:08:00.000,I 20,Mm53 and I 20,,Not a Collision with Motor Vehicle,1,Rain,Wet,Daylight
2023-09-26T18:07:00.000,I 20,Mm53 and I 20,,Rear End,2,Clear,Dry,Daylight
2021-03-10T20:10:00.000,I 85,Mm52 and I 85,,Rear End,2,Clear,Dry,Dark-Not Lighted
2022-04-05T11:10:00.000,I 85,Mm52 and I 85,,Not a Collision with Motor Vehicle,1,Rain,Wet,Daylight
2020-10-03T21:00:00.000,I 85,Mm52 and I 85,,Angle Crash,2,Clear,Dry,Dark-Not Lighted
2021-05-23T22:14:00.000,I 85,Mm52 and I 85,,Rear End,4,Clear,Dry,Dark-Lighted
2022-05-18T07:12:00.000,I 85,Mm52 and I 85,,Rear End,2,Clear,Dry,Daylight
2022-07-25T10:48:00.000,I 85,Mm52 and I 85,,Sideswipe-Same Direction,3,Clear,Dry,Daylight
2022-10-29T13:00:00.000,I 85,Mm52 and I 85,,Not a Collision with Motor Vehicle,1,Clear,Dry,Daylight
2023-04-07T16:00:00.000,I 85,Mm52 and I 85,,Not a Collision with Motor Vehicle,1,Clear,Dry,Daylight
2023-08-12T16:50:00.000,I 85,Mm52 and I 85,,Angle Crash,2,Rain,Wet,Daylight
2024-10-26T22:55:00.000,I 85,Mm52 and I 85,,Sideswipe-Same Direction,2,Clear,Dry,Daylight
2024-10-02T09:00:00.000,I 85,Mm52 and I 85,,Sideswipe-Same Direction,2,Clear,Dry,Daylight
2021-10-28T15:43:00.000,I 20,Mm52 and I 20,,Sideswipe-Same Direction,3,Rain,Wet,Daylight
2022-08-02T17:45:00.000,I 20,Mm52 and I 20,,Rear End,2,Clear,Dry,Daylight
2023-12-02T21:24:00.000,I 85,Mm51 and I 85,,Rear End,2,Clear,Dry,Dark-Lighted
2020-09-29T11:15:00.000,I 85,Mm51 and I 85,,Not a Collision with Motor Vehicle,1,Rain,Wet,Daylight
2020-07-09T21:55:00.000,I 85,Mm51 and I 85,,Angle Crash,1,Rain,Wet,Dusk
2020-09-24T18:20:00.000,I 85,Mm51 and I 85,,Angle Crash,2,Rain,Wet,Daylight
2021-05-01T01:00:00.000,I 85,Mm51 and I 85,,Angle Crash,2,Clear,Dry,Dark-Lighted
2022-06-23T12:32:00.000,I 85,Mm51 and I 85,,Rear End,4,Clear,Dry,Daylight
2021-08-31T08:53:00.000,I 85,Mm51 and I 85,,Not a Collision with Motor Vehicle,1,Rain,Wet,Daylight
2024-07-31T17:00:00.000,I 85,Mm51 and I 85,,Not a Collision with Motor Vehicle,1,Rain,Wet,Daylight
2024-05-04T07:15:00.000,I 85,Mm51 and I 85,,Not a Collision with Motor Vehicle,1,Rain,Wet,Daylight
2024-12-24T12:13:00.000,I 85,Mm51 and I 85,,Angle Crash,2,Clear,Dry,Daylight
2024-12-27T19:30:00.000,I 85,Mm51 and I 85,,Angle Crash,2,Rain,Wet,Dark-Lighted
2024-05-09T13:20:00.000,I 85,Mm51 and I 85,,Not a Collision with Motor Vehicle,1,Rain,Wet,Daylight
2024-11-19T10:15:00.000,I 85,Mm51 and I 85,,Angle Crash,1,Rain,Wet,Daylight
2024-12-17T05:56:00.000,I 85,Mm51 and I 85,,Rear End,2,Clear,Dry,Dark-Not Lighted
2024-03-08T18:33:00.000,I 85,Mm51 and I 85,,Sideswipe-Same Direction,2,Rain,Wet,Dark-Not Lighted
2024-12-05T15:30:00.000,I 85,Mm51 and I 85,,Not a Collision with Motor Vehicle,1,Clear,Dry,Daylight
2022-06-06T17:22:00.000,I 75,Mm51 and I 75,,Not a Collision with Motor Vehicle,1,Rain,Wet,Daylight
2022-12-09T23:00:00.000,I 16,Mm51 and I 16,,Rear End,2,Cloudy,Dry,Dark-Not Lighted
2021-08-20T16:52:00.000,I 95,Mm50 and I 95,,Head On,2,Clear,Dry,Daylight
2021-08-08T10:27:00.000,I 85,Mm50 and I 85,,Not a Collision with Motor Vehicle,2,Clear,Dry,Daylight
2020-11-24T20:18:00.000,I 85,Mm50 and I 85,,Angle Crash,2,Clear,Dry,Dark-Not Lighted
2022-06-11T05:50:00.000,I 85,Mm50 and I 85,,Not a Collision with Motor Vehicle,2,Clear,Dry,Dark-Not Lighted
2024-02-12T08:19:00.000,I 85,Mm50 and I 85,,Not a Collision with Motor Vehicle,1,Rain,Wet,Daylight
2024-09-21T22:20:00.000,I 85,Mm50 and I 85,,Sideswipe-Same Direction,2,Clear,Dry,Dark-Not Lighted
2024-04-21T08:03:00.000,I 85,Mm50 and I 85,,Not a Collision with Motor Vehicle,1,Rain,Wet,Daylight
2024-11-19T09:30:00.000,I 85,Mm50 and I 85,,Not a Collision with Motor Vehicle,1,Rain,Wet,Daylight
2024-02-11T08:00:00.000,I 85,Mm50 and I 85,,Angle Crash,2,Rain,Wet,Daylight
2024-04-16T21:35:00.000,I 85,Mm50 and I 85,,Not a Collision with Motor Vehicle,1,Clear,Dry,Dark-Not Lighted
2022-06-10T14:45:00.000,I 75,Mm50 and I 75,,Not a Collision with Motor Vehicle,1,Clear,Dry,Daylight
2021-04-15T20:15:00.000,I 285,Mm50 and I 285,,Sideswipe-Same Direction,1,Clear,Dry,Dark-Not Lighted
2020-02-19T21:18:00.000,I 95,Mm5 and I 95,,Rear End,2,Clear,Dry,Dark-Not Lighted
2024-08-17T14:55:00.000,I 85,Mm5 and I 85,,Not a Collision with Motor Vehicle,1,Rain,Wet,Daylight
2024-10-21T13:05:00.000,I 75,Mm5 and I 75,,Sideswipe-Same Direction,2,Clear,Dry,Daylight
2023-03-17T18:10:00.000,I 285,Mm5 and I 285,,Not a Collision with Motor Vehicle,1,Rain,Wet,Daylight
2021-03-20T15:10:00.000,I 20,Mm5 and I 20,,Rear End,2,Clear,Dry,Daylight
2021-02-18T04:23:00.000,I 20,Mm5 and I 20,,Sideswipe-Same Direction,2,Rain,Wet,Dark-Not Lighted
2021-05-04T15:50:00.000,I 20,Mm5 and I 20,,Not a Collision with Motor Vehicle,1,Rain,Wet,Daylight
2021-08-30T19:30:00.000,I 20,Mm5 and I 20,,Not a Collision with Motor Vehicle,1,Rain,Wet,Daylight
2021-01-27T06:45:00.000,I 20,Mm5 and I 20,,Sideswipe-Same Direction,2,Rain,Wet,Dark-Not Lighted
2020-04-08T12:00:00.000,I 20,Mm5 and I 20,,Sideswipe-Same Direction,2,Clear,Dry,Daylight
2020-02-06T06:50:00.000,I 20,Mm5 and I 20,,Not a Collision with Motor Vehicle,1,Rain,Wet,Dark-Not Lighted
2020-03-23T12:45:00.000,I 20,Mm5 and I 20,,Angle Crash,2,Rain,Wet,Daylight
2022-05-30T16:57:00.000,I 20,Mm5 and I 20,,Not a Collision with Motor Vehicle,2,Clear,Dry,Daylight
2022-07-09T09:50:00.000,I 20,Mm5 and I 20,,Not a Collision with Motor Vehicle,1,Rain,Wet,Daylight
2024-02-10T08:00:00.000,I 20,Mm5 and I 20,,Rear End,2,Clear,Dry,Daylight
2024-06-28T02:25:00.000,I 20,Mm5 and I 20,,Not a Collision with Motor Vehicle,1,Clear,Dry,Dark-Not Lighted
2021-02-07T19:40:00.000,I 85,Mm49 and I 85,,Rear End,2,Clear,Dry,Dark-Not Lighted
2020-12-30T11:00:00.000,I 85,Mm49 and I 85,,Sideswipe-Same Direction,2,Cloudy,Wet,Daylight
2020-07-29T13:03:00.000,I 85,Mm49 and I 85,,Angle Crash,2,Rain,Wet,Daylight
2020-10-24T18:00:00.000,I 85,Mm49 and I 85,,Not a Collision with Motor Vehicle,1,Rain,Wet,Daylight
2022-10-02T19:45:00.000,I 85,Mm49 and I 85,,Rear End,2,Clear,Dry,Dark-Not Lighted
2022-05-23T19:45:00.000,I 85,Mm49 and I 85,,Sideswipe-Same Direction,2,Clear,Wet,Daylight
2024-12-08T08:34:00.000,I 85,Mm49 and I 85,,Sideswipe-Same Direction,2,Cloudy,Dry,Daylight
2024-09-26T17:30:00.000,I 85,Mm49 and I 85,,Not a Collision with Motor Vehicle,1,Rain,Wet,Daylight
2024-03-22T13:22:00.000,I 85,Mm49 and I 85,,Rear End,2,Rain,Wet,Daylight
2024-01-26T08:43:00.000,I 85,Mm49 and I 85,,Sideswipe-Same Direction,2,Fog,Wet,Daylight
2024-01-23T15:23:00.000,I 85,Mm49 and I 85,,Rear End,2,Clear,Dry,Daylight
2024-11-13T12:18:00.000,I 85,Mm49 and I 85,,Angle Crash,3,Clear,Dry,Daylight
2023-04-13T19:19:00.000,I 85,Mm49 and I 85,,Sideswipe-Same Direction,2,Cloudy,Dry,Daylight
2024-07-29T20:45:00.000,I 85,Mm49 and I 85,,Not a Collision with Motor Vehicle,1,Rain,Wet,Dark-Not Lighted
2024-04-12T12:05:00.000,I 85,Mm49 and I 85,,Not a Collision with Motor Vehicle,1,Clear,Dry,Daylight
2024-07-17T14:35:00.000,I 85,Mm49 and I 85,,Rear End,2,Rain,Wet,Daylight
2023-10-07T12:32:00.000,I 75,Mm49 and I 75,,Sideswipe-Same Direction,2,Cloudy,Dry,Daylight
2023-11-09T17:41:00.000,I 20,Mm49 and I 20,,Rear End,2,Clear,Dry,Daylight
2024-03-17T17:15:00.000,I 16,Mm49 and I 16,,Angle Crash,2,Cloudy,Dry,Daylight
2021-08-23T15:08:00.000,I 85,Mm48 and I 85,,Rear End,2,Clear,Dry,Daylight
2023-04-08T14:37:00.000,I 85,Mm48 and I 85,,Not a Collision with Motor Vehicle,1,Rain,Wet,Daylight
2023-10-21T06:04:00.000,I 85,Mm48 and I 85,,Angle Crash,2,Clear,Dry,Dark-Not Lighted
2020-06-10T12:15:00.000,I 85,Mm48 and I 85,,Not a Collision with Motor Vehicle,1,Rain,Wet,Daylight
2022-07-25T09:40:00.000,I 85,Mm48 and I 85,,Not a Collision with Motor Vehicle,2,Clear,Dry,Daylight
2024-09-02T00:25:00.000,I 85,Mm48 and I 85,,Rear End,2,Clear,Dry,Daylight
2024-07-29T22:35:00.000,I 85,Mm48 and I 85,,Rear End,2,Cloudy,Wet,Dark-Not Lighted
2024-09-26T15:05:00.000,I 85,Mm48 and I 85,,Not a Collision with Motor Vehicle,1,Rain,Wet,Daylight
2024-11-23T16:00:00.000,I 85,Mm48 and I 85,,Not a Collision with Motor Vehicle,2,Clear,Dry,Daylight
2024-11-14T08:43:00.000,I 85,Mm48 and I 85,,Not a Collision with Motor Vehicle,1,Rain,Wet,Daylight
2024-07-31T14:20:00.000,I 85,Mm48 and I 85,,Not a Collision with Motor Vehicle,1,Rain,Wet,Daylight
2024-07-24T18:35:00.000,I 85,Mm48 and I 85,,Sideswipe-Same Direction,2,Rain,Wet,Daylight
2024-12-12T10:25:00.000,I 85,Mm48 and I 85,,Not a Collision with Motor Vehicle,1,Clear,Dry,Daylight
2024-11-19T12:12:00.000,I 85,Mm48 and I 85,,Not a Collision with Motor Vehicle,1,Rain,Wet,Daylight
2020-11-20T18:21:00.000,I 20,Mm48 and I 20,,Rear End,2,Clear,Dry,Dark-Not Lighted
2024-07-10T16:41:00.000,I 95,Mm47 and I 95,,Sideswipe-Same Direction,2,Clear,Dry,Daylight
2021-12-21T14:52:00.000,I 85,Mm47 and I 85,,Sideswipe-Same Direction,2,Rain,Wet,Daylight
2023-01-23T07:14:00.000,I 85,Mm47 and I 85,,Sideswipe-Same Direction,2,Cloudy,Dry,Daylight
2020-10-09T15:40:00.000,I 85,Mm47 and I 85,,Sideswipe-Same Direction,2,Cloudy,Dry,Daylight
2020-05-23T16:28:00.000,I 85,Mm47 and I 85,,Sideswipe-Same Direction,3,Clear,Dry,Daylight
2024-09-29T20:05:00.000,I 85,Mm47 and I 85,,Sideswipe-Same Direction,2,Clear,Dry,Dark-Not Lighted
2024-11-13T17:26:00.000,I 85,Mm47 and I 85,,Sideswipe-Same Direction,2,Clear,Dry,Dusk
2024-09-30T12:08:00.000,I 85,Mm47 and I 85,,Sideswipe-Same Direction,2,Clear,Dry,Daylight
2023-08-05T21:50:00.000,I 75,Mm47 and I 75,,Rear End,2,Clear,Dry,Dark-Not Lighted
2020-12-13T19:00:00.000,I 85,Mm46 and I 85,,Angle Crash,2,Clear,Dry,Dark-Lighted
2022-04-16T06:59:00.000,I 85,Mm46 and I 85,,Not a Collision with Motor Vehicle,1,Rain,Wet,Dark-Not Lighted
2024-07-18T15:40:00.000,I 85,Mm46 and I 85,,Not a Collision with Motor Vehicle,1,Rain,Wet,Daylight
2022-03-20T13:15:00.000,I 95,Mm45 and I 95,,Sideswipe-Same Direction,2,Clear,Dry,Daylight
2021-09-10T11:58:00.000,I 85,Mm45 and I 85,,Rear End,2,Clear,Dry,Daylight
2022-04-17T21:00:00.000,I 85,Mm45 and I 85,,Sideswipe-Same Direction,2,Clear,Dry,Dark-Not Lighted