Date and Time,Roadway (From Crash Report),Intersection Name (from Crash Report),KABCO Severity,Manner of Collision (Crash Level) ,# of Vehicles per crash ,Weather Conditions (Crash Level),Surface Condition (Crash Level) ,Light Conditions (Crash Level)
2022-07-27T11:05:00.000,I 85,Mm45 and I 85,,Sideswipe-Same Direction,2,Cloudy,Dry,Daylight
2024-05-25T11:00:00.000,I 85,Mm45 and I 85,,Not a Collision with Motor Vehicle,1,Rain,Wet,Daylight
2022-02-14T10:30:00.000,I 20,Mm45 and I 20,,Sideswipe-Same Direction,2,Clear,Dry,Daylight
2024-02-21T08:48:00.000,I 20,Mm45 and I 20,,Sideswipe-Same Direction,2,Clear,Dry,Daylight
2024-12-10T11:18:00.000,I 20,Mm45 and I 20,,Rear End,2,Rain,Wet,Daylight
2021-01-07T17:40:00.000,I 85,Mm44 and I 85,,Rear End,2,Rain,Wet,Daylight
2021-08-11T09:57:00.000,I 85,Mm44 and I 85,,Not a Collision with Motor Vehicle,1,Clear,Dry,Daylight
2022-12-03T22:15:00.000,I 85,Mm44 and I 85,,Not a Collision with Motor Vehicle,1,Cloudy,Dry,Dark-Not Lighted
2022-06-01T11:48:00.000,I 85,Mm44 and I 85,,Sideswipe-Same Direction,2,Clear,Dry,Daylight
2022-09-24T08:33:00.000,I 85,Mm44 and I 85,,Rear End,2,Clear,Dry,Daylight
2024-02-16T17:25:00.000,I 85,Mm44 and I 85,,Sideswipe-Same Direction,2,Cloudy,Dry,Daylight
2024-07-23T14:45:00.000,I 85,Mm44 and I 85,,Not a Collision with Motor Vehicle,1,Clear,Dry,Daylight
2024-09-25T18:06:00.000,I 85,Mm44 and I 85,,Not a Collision with Motor Vehicle,1,Rain,Wet,Daylight
2024-12-19T15:26:00.000,I 85,Mm44 and I 85,,Rear End,2,Clear,Dry,Daylight
2024-11-21T21:30:00.000,I 85,Mm44 and I 85,,Not a Collision with Motor Vehicle,1,Clear,Dry,Dark-Not Lighted
2024-02-13T12:00:00.000,I 85,Mm44 and I 85,,Sideswipe-Same Direction,2,Clear,Dry,Daylight
2021-06-30T23:49:00.000,I 20,Mm44 and I 20,,Angle Crash,2,Clear,Wet,Dark-Not Lighted
2021-03-25T21:23:00.000,I 20,Mm44 and I 20,,Sideswipe-Same Direction,2,Rain,Wet,Dark-Not Lighted
2021-03-26T02:34:00.000,I 20,Mm44 and I 20,,Not a Collision with Motor Vehicle,1,Rain,Wet,Dark-Not Lighted
2021-01-01T12:11:00.000,I 20,Mm44 and I 20,,Not a Collision with Motor Vehicle,1,Rain,Wet,Daylight
2021-06-29T10:47:00.000,I 20,Mm44 and I 20,,Angle Crash,2,Cloudy,Dry,Daylight
2021-10-29T07:15:00.000,I 20,Mm44 and I 20,,Angle Crash,3,Rain,Wet,Dawn
2021-01-01T12:11:00.000,I 20,Mm44 and I 20,,Not a Collision with Motor Vehicle,1,Rain,Wet,Daylight
2021-04-26T06:29:00.000,I 20,Mm44 and I 20,,Sideswipe-Same Direction,2,Clear,Dry,Dawn
2021-04-24T07:25:00.000,I 20,Mm44 and I 20,,Angle Crash,2,Rain,Wet,Daylight
2021-07-09T16:45:00.000,I 20,Mm44 and I 20,,Rear End,2,Cloudy,Wet,Daylight
2021-06-11T18:31:00.000,I 20,Mm44 and I 20,,Rear End,2,Cloudy,Dry,Daylight
2023-06-15T15:40:00.000,I 20,Mm44 and I 20,,Sideswipe-Same Direction,2,Clear,Dry,Daylight
2023-07-03T19:12:00.000,I 20,Mm44 and I 20,,Not a Collision with Motor Vehicle,1,Rain,Wet,Daylight
2023-03-20T15:26:00.000,I 20,Mm44 and I 20,,Sideswipe-Same Direction,2,Clear,Dry,Daylight
2023-06-09T18:17:00.000,I 20,Mm44 and I 20,,Rear End,2,Clear,Dry,Daylight
2023-08-03T18:26:00.000,I 20,Mm44 and I 20,,Rear End,3,Cloudy,Wet,Daylight
2023-08-16T16:10:00.000,I 20,Mm44 and I 20,,Sideswipe-Same Direction,2,Clear,Dry,Daylight
2023-11-06T08:15:00.000,I 20,Mm44 and I 20,,Rear End,3,Clear,Dry,Daylight
2023-09-17T18:59:00.000,I 20,Mm44 and I 20,,Sideswipe-Same Direction,2,Clear,Dry,Daylight
2023-04-21T15:56:00.000,I 20,Mm44 and I 20,,Rear End,2,Clear,Dry,Daylight
2023-07-12T16:55:00.000,I 20,Mm44 and I 20,,Rear End,3,Cloudy,Dry,Daylight
2020-03-14T14:55:00.000,I 20,Mm44 and I 20,,Not a Collision with Motor Vehicle,1,Clear,Dry,Daylight
2020-10-10T00:31:00.000,I 20,Mm44 and I 20,,Sideswipe-Same Direction,1,Rain,Wet,Dark-Not Lighted
2020-04-11T03:05:00.000,I 20,Mm44 and I 20,,Not a Collision with Motor Vehicle,1,Clear,Dry,Dark-Not Lighted
2020-08-24T08:44:00.000,I 20,Mm44 and I 20,,Not a Collision with Motor Vehicle,2,Cloudy,Wet,Daylight
2020-06-14T04:38:00.000,I 20,Mm44 and I 20,,Not a Collision with Motor Vehicle,0,Clear,Dry,Dark-Not Lighted
2020-02-27T19:15:00.000,I 20,Mm44 and I 20,,Rear End,2,Clear,Dry,Dark-Not Lighted
2020-12-23T11:55:00.000,I 20,Mm44 and I 20,,Rear End,2,Clear,Dry,Daylight
2020-11-14T00:35:00.000,I 20,Mm44 and I 20,,Not a Collision with Motor Vehicle,1,Clear,Dry,Dark-Not Lighted
2020-08-14T16:28:00.000,I 20,Mm44 and I 20,,Rear End,2,Clear,Dry,Daylight
2020-09-29T21:00:00.000,I 20,Mm44 and I 20,,Rear End,2,Cloudy,Dry,Dark-Not Lighted
2020-08-12T16:33:00.000,I 20,Mm44 and I 20,,Sideswipe-Same Direction,2,Rain,Wet,Daylight
2020-04-02T15:03:00.000,I 20,Mm44 and I 20,,Rear End,2,Clear,Dry,Daylight
2020-07-02T09:05:00.000,I 20,Mm44 and I 20,,Angle Crash,2,Clear,Dry,Daylight
2020-10-22T17:33:00.000,I 20,Mm44 and I 20,,Rear End,2,Clear,Dry,Daylight
2021-05-13T12:01:00.000,I 20,Mm44 and I 20,,Rear End,2,Clear,Dry,Daylight
2021-02-05T08:30:00.000,I 20,Mm44 and I 20,,Angle Crash,3,Clear,Dry,Daylight
2021-06-20T21:48:00.000,I 20,Mm44 and I 20,,Rear End,4,Clear,Dry,Dark-Not Lighted
2021-01-20T19:43:00.000,I 20,Mm44 and I 20,,Not a Collision with Motor Vehicle,3,Clear,Dry,Dark-Not Lighted
2021-09-19T10:00:00.000,I 20,Mm44 and I 20,,Angle Crash,2,Rain,Wet,Daylight
2021-12-14T07:07:00.000,I 20,Mm44 and I 20,,Rear End,2,Clear,Dry,Daylight
2021-07-20T05:55:00.000,I 20,Mm44 and I 20,,Sideswipe-Same Direction,2,Rain,Wet,Dawn
2021-07-20T10:51:00.000,I 20,Mm44 and I 20,,Sideswipe-Same Direction,2,Rain,Wet,Daylight
2022-01-06T17:32:00.000,I 20,Mm44 and I 20,,Rear End,2,Cloudy,Wet,Dusk
2022-05-12T15:33:00.000,I 20,Mm44 and I 20,,Rear End,2,Clear,Dry,Daylight
2022-03-24T09:20:00.000,I 20,Mm44 and I 20,,Rear End,3,Clear,Dry,Daylight
2021-08-02T02:19:00.000,I 20,Mm44 and I 20,,Not a Collision with Motor Vehicle,1,Cloudy,Dry,Dark-Not Lighted
2022-12-08T18:22:00.000,I 20,Mm44 and I 20,,Sideswipe-Same Direction,2,Clear,Dry,Dark-Lighted
2022-02-01T00:00:00.000,I 20,Mm44 and I 20,,Not a Collision with Motor Vehicle,1,Clear,Dry,Dark-Lighted
2022-03-02T07:54:00.000,I 20,Mm44 and I 20,,Rear End,2,Clear,Dry,Daylight
2022-04-24T09:25:00.000,I 20,Mm44 and I 20,,Sideswipe-Same Direction,2,Clear,Dry,Daylight
2022-05-24T08:06:00.000,I 20,Mm44 and I 20,,Rear End,2,Cloudy,Dry,Daylight
2022-01-06T17:31:00.000,I 20,Mm44 and I 20,,Rear End,2,Cloudy,Wet,Dusk
2022-02-03T23:17:00.000,I 20,Mm44 and I 20,,Not a Collision with Motor Vehicle,1,Rain,Wet,Dark-Not Lighted
2022-09-29T07:55:00.000,I 20,Mm44 and I 20,,Rear End,2,Clear,Dry,Daylight
2022-08-06T23:50:00.000,I 20,Mm44 and I 20,,Rear End,2,Rain,Wet,Dark-Not Lighted
2022-05-18T07:55:00.000,I 20,Mm44 and I 20,,Sideswipe-Same Direction,3,Clear,Dry,Daylight
2022-02-28T16:33:00.000,I 20,Mm44 and I 20,,Rear End,2,Clear,Dry,Daylight
2024-10-29T17:44:00.000,I 20,Mm44 and I 20,,Rear End,2,Clear,Dry,Daylight
2024-07-29T10:55:00.000,I 20,Mm44 and I 20,,Sideswipe-Same Direction,2,Cloudy,Dry,Daylight
2024-08-23T18:21:00.000,I 20,Mm44 and I 20,,Rear End,2,Clear,Dry,Daylight
2024-10-04T07:31:00.000,I 20,Mm44 and I 20,,Angle Crash,2,Clear,Dry,Daylight
2023-08-11T18:40:00.000,I 20,Mm44 and I 20,,Rear End,2,Cloudy,Wet,Daylight
2023-08-11T18:42:00.000,I 20,Mm44 and I 20,,Rear End,3,Cloudy,Wet,Daylight
2023-07-29T18:20:00.000,I 20,Mm44 and I 20,,Rear End,2,Clear,Dry,Daylight
2023-10-02T06:44:00.000,I 20,Mm44 and I 20,,Rear End,4,Clear,Dry,Dawn
2023-10-02T06:40:00.000,I 20,Mm44 and I 20,,Rear End,2,Clear,Dry,Dawn
2023-06-12T18:30:00.000,I 20,Mm44 and I 20,,Rear End,2,Cloudy,Dry,Daylight
2024-06-20T17:35:00.000,I 20,Mm44 and I 20,,Sideswipe-Same Direction,2,Clear,Dry,Daylight
2024-10-22T06:18:00.000,I 20,Mm44 and I 20,,Rear End,3,Clear,Dry,Dark-Not Lighted
2024-08-17T21:57:00.000,I 20,Mm44 and I 20,,Sideswipe-Same Direction,2,Cloudy,Wet,Dark-Not Lighted
2024-01-25T06:48:00.000,I 20,Mm44 and I 20,,Rear End,2,Rain,Wet,Dark-Not Lighted
2024-12-10T08:15:00.000,I 20,Mm44 and I 20,,Sideswipe-Same Direction,2,Cloudy,Wet,Daylight
2024-11-10T07:02:00.000,I 20,Mm44 and I 20,,Sideswipe-Same Direction,2,Clear,Dry,Daylight
2024-09-04T12:38:00.000,I 20,Mm44 and I 20,,Rear End,3,Clear,Dry,Daylight
2024-07-27T00:09:00.000,I 20,Mm44 and I 20,,Sideswipe-Same Direction,2,Clear,Dry,Dark-Not Lighted
2024-06-05T06:35:00.000,I 20,Mm44 and I 20,,Rear End,3,Cloudy,Dry,Dawn
2024-09-09T17:25:00.000,I 20,Mm44 and I 20,,Rear End,2,Clear,Dry,Daylight
2024-12-09T10:43:00.000,I 20,Mm44 and I 20,,Angle Crash,2,Cloudy,Dry,Daylight
2024-08-26T13:26:00.000,I 20,Mm44 and I 20,,Angle Crash,2,Clear,Dry,Daylight
2024-06-24T06:00:00.000,I 20,Mm44 and I 20,,Rear End,2,Clear,Wet,Daylight
2024-09-28T23:13:00.000,I 20,Mm44 and I 20,,Sideswipe-Same Direction,2,Cloudy,Wet,Dark-Not Lighted
2024-05-04T20:38:00.000,I 20,Mm44 and I 20,,Sideswipe-Same Direction,2,Clear,Dry,Dusk
2024-06-20T02:15:00.000,I 20,Mm44 and I 20,,Not a Collision with Motor Vehicle,1,Clear,Dry,Dark-Not Lighted
2024-01-08T18:30:00.000,I 20,Mm44 and I 20,,Rear End,2,Clear,Dry,Dark-Not Lighted
2024-08-25T17:57:00.000,I 20,Mm44 and I 20,,Rear End,2,Clear,Dry,Daylight
2024-01-02T09:10:00.000,I 20,Mm44 and I 20,,Sideswipe-Same Direction,2,Clear,Dry,Daylight
2024-10-10T08:45:00.000,I 20,Mm44 and I 20,,Rear End,2,Clear,Dry,Daylight
2024-09-16T06:35:00.000,I 20,Mm44 and I 20,,Rear End,2,Clear,Dry,Dusk
2024-10-16T00:56:00.000,I 20,Mm44 and I 20,,Angle Crash,2,Clear,Dry,Dark-Not Lighted
2024-02-05T06:04:00.000,I 20,Mm44 and I 20,,Rear End,2,Cloudy,Wet,Dark-Not Lighted
2024-06-07T23:49:00.000,I 20,Mm44 and I 20,,Sideswipe-Same Direction,2,Clear,Dry,Dark-Not Lighted
2024-10-11T21:05:00.000,I 20,Mm44 and I 20,,Rear End,2,Clear,Dry,Dark-Not Lighted
2024-08-18T03:58:00.000,I 20,Mm44 and I 20,,Rear End,2,Cloudy,Wet,Dark-Not Lighted
2023-03-27T13:35:00.000,I 16,Mm44 and I 16,,Head On,1,Rain,Wet,Daylight
2021-05-03T07:50:00.000,I 85,Mm43 and I 85,,Angle Crash,2,Rain,Wet,Daylight
2021-09-02T16:33:00.000,I 85,Mm43 and I 85,,Sideswipe-Same Direction,2,Clear,Dry,Daylight
2020-11-10T20:15:00.000,I 85,Mm43 and I 85,,Rear End,2,Rain,Wet,Dark-Not Lighted
2021-07-08T13:15:00.000,I 85,Mm43 and I 85,,Not a Collision with Motor Vehicle,1,Cloudy,Wet,Daylight
2022-11-05T07:35:00.000,I 85,Mm43 and I 85,,Not a Collision with Motor Vehicle,1,Cloudy,Dry,Dawn
2022-11-30T15:00:00.000,I 85,Mm43 and I 85,,Not a Collision with Motor Vehicle,1,Clear,Dry,Daylight
2024-05-06T08:56:00.000,I 85,Mm43 and I 85,,Rear End,2,Clear,Dry,Daylight
2024-11-30T21:30:00.000,I 85,Mm43 and I 85,,Not a Collision with Motor Vehicle,1,Clear,Dry,Dark-Not Lighted
2023-05-27T15:40:00.000,I 75,Mm43 and I 75,,Not a Collision with Motor Vehicle,1,Clear,Dry,Daylight
2022-06-07T22:53:00.000,I 285,Mm43 and I 285,,Sideswipe-Same Direction,2,Rain,Wet,Dark-Not Lighted
2021-05-14T21:59:00.000,I 20,Mm43 and I 20,,Sideswipe-Same Direction,2,Clear,Dry,Dark-Not Lighted
2021-02-06T01:35:00.000,I 20,Mm43 and I 20,,Sideswipe-Same Direction,2,Clear,Dry,Dark-Not Lighted
2021-05-19T13:18:00.000,I 20,Mm43 and I 20,,Rear End,2,Clear,Dry,Daylight
2021-07-19T07:06:00.000,I 20,Mm43 and I 20,,Rear End,2,Rain,Wet,Daylight
2021-05-20T11:51:00.000,I 20,Mm43 and I 20,,Angle Crash,2,Clear,Dry,Daylight
2023-06-25T15:25:00.000,I 20,Mm43 and I 20,,Not a Collision with Motor Vehicle,1,Clear,Dry,Daylight
2023-12-05T06:50:00.000,I 20,Mm43 and I 20,,Rear End,2,Clear,Dry,Daylight
2023-06-05T11:10:00.000,I 20,Mm43 and I 20,,Rear End,2,Clear,Dry,Daylight
2023-07-16T08:45:00.000,I 20,Mm43 and I 20,,Sideswipe-Same Direction,2,Cloudy,Dry,Daylight
2023-12-22T00:25:00.000,I 20,Mm43 and I 20,,Sideswipe-Same Direction,2,Clear,Dry,Dark-Not Lighted
2023-02-04T10:50:00.000,I 20,Mm43 and I 20,,Sideswipe-Same Direction,2,Clear,Dry,Daylight
2022-08-08T07:59:00.000,I 20,Mm43 and I 20,,Rear End,3,Clear,Dry,Daylight
2020-05-15T17:45:00.000,I 20,Mm43 and I 20,,Rear End,2,Clear,Dry,Daylight
2020-11-24T07:32:00.000,I 20,Mm43 and I 20,,Sideswipe-Same Direction,2,Clear,Dry,Daylight
2020-06-25T18:01:00.000,I 20,Mm43 and I 20,,Rear End,2,Rain,Wet,Daylight
2020-06-10T17:10:00.000,I 20,Mm43 and I 20,,Rear End,3,Rain,Wet,Daylight
2020-11-02T13:55:00.000,I 20,Mm43 and I 20,,Angle Crash,4,Clear,Dry,Daylight
2020-11-02T13:58:00.000,I 20,Mm43 and I 20,,Rear End,4,Clear,Dry,Daylight
2020-06-26T08:12:00.000,I 20,Mm43 and I 20,,Not a Collision with Motor Vehicle,1,Clear,Dry,Daylight
2020-02-14T07:32:00.000,I 20,Mm43 and I 20,,Rear End,2,Clear,Dry,Daylight
2020-09-03T18:50:00.000,I 20,Mm43 and I 20,,Rear End,2,Clear,Dry,Daylight
2021-01-16T10:35:00.000,I 20,Mm43 and I 20,,Angle Crash,3,Cloudy,Dry,Daylight
2021-03-03T16:46:00.000,I 20,Mm43 and I 20,,Sideswipe-Same Direction,2,Clear,Dry,Daylight
2021-01-19T22:30:00.000,I 20,Mm43 and I 20,,Rear End,3,Clear,Dry,Dark-Not Lighted
2021-08-01T15:20:00.000,I 20,Mm43 and I 20,,Rear End,2,Clear,Dry,Daylight
2021-12-06T17:30:00.000,I 20,Mm43 and I 20,,Rear End,2,Cloudy,Wet,Dark-Not Lighted
2021-11-19T19:16:00.000,I 20,Mm43 and I 20,,Sideswipe-Same Direction,2,Clear,Dry,Dark-Not Lighted
2021-07-01T00:04:00.000,I 20,Mm43 and I 20,,Angle Crash,2,Clear,Wet,Dark-Not Lighted
2021-11-07T19:55:00.000,I 20,Mm43 and I 20,,Sideswipe-Same Direction,3,Clear,Dry,Dark-Not Lighted
2021-07-29T21:12:00.000,I 20,Mm43 and I 20,,Rear End,2,Clear,Dry,Dark-Not Lighted
2021-10-18T07:10:00.000,I 20,Mm43 and I 20,,Rear End,3,Clear,Dry,Dawn
2022-03-18T14:36:00.000,I 20,Mm43 and I 20,,Sideswipe-Same Direction,2,Cloudy,Wet,Daylight
2022-12-09T15:54:00.000,I 20,Mm43 and I 20,,Rear End,2,Rain,Wet,Daylight
2022-09-07T06:36:00.000,I 20,Mm43 and I 20,,Sideswipe-Same Direction,2,Clear,Dry,Dawn
2021-10-07T15:51:00.000,I 20,Mm43 and I 20,,Angle Crash,3,Cloudy,Dry,Daylight
2022-04-14T10:42:00.000,I 20,Mm43 and I 20,,Rear End,2,Cloudy,Wet,Daylight
2022-12-15T08:21:00.000,I 20,Mm43 and I 20,,Rear End,2,Cloudy,Wet,Daylight
2024-10-02T12:43:00.000,I 20,Mm43 and I 20,,Sideswipe-Same Direction,2,Clear,Dry,Daylight
2024-10-11T13:40:00.000,I 20,Mm43 and I 20,,Rear End,2,Clear,Dry,Daylight
2024-05-13T06:59:00.000,I 20,Mm43 and I 20,,Not a Collision with Motor Vehicle,2,Rain,Wet,Daylight
2023-07-17T16:48:00.000,I 20,Mm43 and I 20,,Rear End,2,Clear,Dry,Daylight
2023-12-13T16:30:00.000,I 20,Mm43 and I 20,,Angle Crash,2,Clear,Dry,Daylight
2023-07-29T17:42:00.000,I 20,Mm43 and I 20,,Rear End,2,Clear,Dry,Daylight
2023-03-22T20:48:00.000,I 20,Mm43 and I 20,,Rear End,2,Cloudy,Dry,Dark-Not Lighted
2023-06-10T17:10:00.000,I 20,Mm43 and I 20,,Not a Collision with Motor Vehicle,2,Clear,Dry,Daylight
2023-08-03T18:18:00.000,I 20,Mm43 and I 20,,Rear End,2,Cloudy,Wet,Daylight
2024-02-01T06:48:00.000,I 20,Mm43 and I 20,,Rear End,3,Clear,Dry,Dark-Not Lighted
2024-12-24T23:55:00.000,I 20,Mm43 and I 20,,Sideswipe-Same Direction,2,Clear,Dry,Dark-Not Lighted
2024-03-22T22:37:00.000,I 20,Mm43 and I 20,,Angle Crash,2,Rain,Wet,Dark-Not Lighted
2024-10-13T17:29:00.000,I 20,Mm43 and I 20,,Not a Collision with Motor Vehicle,1,Clear,Dry,Daylight
2024-10-21T17:50:00.000,I 20,Mm43 and I 20,,Rear End,2,Clear,Dry,Daylight
2024-06-08T02:04:00.000,I 20,Mm43 and I 20,,Rear End,2,Clear,Dry,Dark-Not Lighted
2024-04-08T17:28:00.000,I 20,Mm43 and I 20,,Sideswipe-Same Direction,2,Cloudy,Dry,Daylight
2024-10-24T01:25:00.000,I 20,Mm43 and I 20,,Not a Collision with Motor Vehicle,1,Clear,Dry,Dark-Not Lighted
2024-06-08T17:56:00.000,I 20,Mm43 and I 20,,Rear End,2,Cloudy,Dry,Daylight
2024-02-17T17:00:00.000,I 20,Mm43 and I 20,,Sideswipe-Same Direction,3,Clear,Dry,Daylight
2024-03-01T15:15:00.000,I 20,Mm43 and I 20,,Rear End,2,Rain,Wet,Daylight
2021-02-04T20:44:00.000,I 85,Mm42 and I 85,,Rear End,2,Clear,Dry,Dusk
2023-02-22T09:55:00.000,I 85,Mm42 and I 85,,Sideswipe-Same Direction,2,Clear,Dry,Daylight
2022-08-12T08:00:00.000,I 85,Mm42 and I 85,,Sideswipe-Same Direction,2,Cloudy,Dry,Daylight
2024-08-25T15:44:00.000,I 85,Mm42 and I 85,,Rear End,2,Clear,Dry,Daylight
2021-09-15T06:38:00.000,I 20,Mm42 and I 20,,Sideswipe-Same Direction,3,Cloudy,Dry,Dark-Not Lighted
2021-03-20T03:19:00.000,I 20,Mm42 and I 20,,Not a Collision with Motor Vehicle,1,Clear,Dry,Dark-Not Lighted
2021-04-23T21:30:00.000,I 20,Mm42 and I 20,,Not a Collision with Motor Vehicle,1,Clear,Dry,Dark-Not Lighted
2021-02-03T14:50:00.000,I 20,Mm42 and I 20,,Rear End,2,Clear,Dry,Daylight
2021-10-12T23:25:00.000,I 20,Mm42 and I 20,,Not a Collision with Motor Vehicle,1,Clear,Dry,Dark-Not Lighted
2021-07-31T21:28:00.000,I 20,Mm42 and I 20,,Rear End,2,Clear,Dry,Dark-Not Lighted
2021-01-17T04:34:00.000,I 20,Mm42 and I 20,,Not a Collision with Motor Vehicle,1,Clear,Dry,Dark-Not Lighted
2021-03-20T03:39:00.000,I 20,Mm42 and I 20,,Angle Crash,2,Clear,Dry,Dark-Not Lighted
2021-04-29T08:45:00.000,I 20,Mm42 and I 20,,Sideswipe-Same Direction,1,Clear,Dry,Daylight
2023-11-15T05:56:00.000,I 20,Mm42 and I 20,,Rear End,2,Cloudy,Wet,Dark-Not Lighted
2023-03-28T16:21:00.000,I 20,Mm42 and I 20,,Rear End,2,Cloudy,Dry,Daylight
2023-11-17T05:10:00.000,I 20,Mm42 and I 20,,Not a Collision with Motor Vehicle,1,Cloudy,Dry,Dark-Not Lighted
2023-01-26T18:52:00.000,I 20,Mm42 and I 20,,Rear End,2,Clear,Dry,Dark-Not Lighted
2023-11-17T06:00:00.000,I 20,Mm42 and I 20,,Rear End,2,Cloudy,Dry,Dark-Not Lighted
2023-03-10T00:11:00.000,I 20,Mm42 and I 20,,Sideswipe-Same Direction,2,Rain,Wet,Dark-Not Lighted
2023-06-21T15:55:00.000,I 20,Mm42 and I 20,,Sideswipe-Same Direction,3,Rain,Wet,Daylight
2020-12-18T08:02:00.000,I 20,Mm42 and I 20,,Not a Collision with Motor Vehicle,1,Cloudy,Dry,Daylight
2020-10-20T10:17:00.000,I 20,Mm42 and I 20,,Angle Crash,2,Clear,Dry,Daylight
2020-02-23T00:45:00.000,I 20,Mm42 and I 20,,Angle Crash,1,Clear,Dry,Dark-Not Lighted
2020-09-30T18:45:00.000,I 20,Mm42 and I 20,,Sideswipe-Same Direction,1,Clear,Dry,Daylight
2020-03-11T20:24:00.000,I 20,Mm42 and I 20,,Rear End,2,Cloudy,Wet,Dark-Not Lighted
2020-11-18T07:14:00.000,I 20,Mm42 and I 20,,Rear End,2,Clear,Dry,Daylight
2020-08-08T23:47:00.000,I 20,Mm42 and I 20,,Sideswipe-Same Direction,1,Clear,Dry,Dark-Not Lighted
2021-03-27T01:49:00.000,I 20,Mm42 and I 20,,Rear End,2,Clear,Dry,Dark-Not Lighted
2021-12-03T02:50:00.000,I 20,Mm42 and I 20,,Sideswipe-Same Direction,2,Clear,Dry,Dark-Not Lighted
2021-09-23T17:38:00.000,I 20,Mm42 and I 20,,Rear End,2,Clear,Dry,Daylight
2021-10-06T07:10:00.000,I 20,Mm42 and I 20,,Rear End,2,Cloudy,Wet,Dawn
2021-08-18T08:28:00.000,I 20,Mm42 and I 20,,Sideswipe-Same Direction,2,Clear,Dry,Daylight
2022-01-28T12:40:00.000,I 20,Mm42 and I 20,,Rear End,2,Clear,Dry,Daylight
2022-11-29T12:34:00.000,I 20,Mm42 and I 20,,Rear End,2,Clear,Dry,Daylight
2022-04-24T11:40:00.000,I 20,Mm42 and I 20,,Rear End,2,Clear,Dry,Daylight
2023-11-29T07:00:00.000,I 20,Mm42 and I 20,,Rear End,2,Clear,Dry,Daylight
2024-09-18T03:56:00.000,I 20,Mm42 and I 20,,Not a Collision with Motor Vehicle,2,Clear,Dry,Dark-Not Lighted
2023-06-21T17:52:00.000,I 20,Mm42 and I 20,,Rear End,2,Cloudy,Wet,Daylight
2023-09-30T09:03:00.000,I 20,Mm42 and I 20,,Sideswipe-Same Direction,2,Clear,Dry,Daylight
2023-09-15T07:19:00.000,I 20,Mm42 and I 20,,Rear End,2,Cloudy,Dry,Dawn
2024-05-07T07:56:00.000,I 20,Mm42 and I 20,,Rear End,2,Cloudy,Dry,Daylight
2024-12-03T13:08:00.000,I 20,Mm42 and I 20,,Rear End,2,Clear,Dry,Daylight
2024-03-22T00:22:00.000,I 20,Mm42 and I 20,,Sideswipe-Same Direction,2,Clear,Dry,Dark-Not Lighted
2024-12-12T16:15:00.000,I 20,Mm42 and I 20,,Sideswipe-Same Direction,2,Clear,Dry,Daylight
2024-07-27T20:10:00.000,I 20,Mm42 and I 20,,Sideswipe-Same Direction,2,Clear,Dry,Daylight
2024-04-08T15:51:00.000,I 20,Mm42 and I 20,,Sideswipe-Same Direction,2,Clear,Dry,Daylight
2024-05-07T15:12:00.000,I 20,Mm42 and I 20,,Rear End,2,Clear,Dry,Daylight
2024-03-01T14:34:00.000,I 20,Mm42 and I 20,,Rear End,3,Rain,Wet,Daylight
2024-12-12T15:09:00.000,I 20,Mm42 and I 20,,Rear End,2,Clear,Dry,Daylight
2021-04-08T14:30:00.000,I 16,Mm42 and I 16,,Not a Collision with Motor Vehicle,1,Clear,Dry,Daylight
2022-02-18T13:57:00.000,I 95,Mm41 and I 95,,Not a Collision with Motor Vehicle,1,Clear,Dry,Daylight
2022-07-22T06:00:00.000,I 85,Mm41 and I 85,,Sideswipe-Same Direction,2,Fog,Dry,Dark-Lighted
2022-08-04T20:57:00.000,I 85,Mm41 and I 85,,Sideswipe-Same Direction,2,Clear,Dry,Dark-Not Lighted
2022-11-05T17:55:00.000,I 85,Mm41 and I 85,,Sideswipe-Same Direction,2,Clear,Dry,Daylight
2024-10-15T17:05:00.000,I 85,Mm41 and I 85,,Angle Crash,2,Clear,Dry,Daylight
2023-09-12T18:22:00.000,I 85,Mm41 and I 85,,Sideswipe-Same Direction,2,Clear,Dry,Daylight
2024-01-09T05:48:00.000,I 85,Mm41 and I 85,,Rear End,2,Rain,Wet,Dark-Not Lighted
2021-01-05T21:12:00.000,I 20,Mm41 and I 20,,Angle Crash,2,Clear,Dry,Dark-Not Lighted
2021-05-16T04:33:00.000,I 20,Mm41 and I 20,,Angle Crash,3,Clear,Dry,Dark-Not Lighted
2021-08-07T15:00:00.000,I 20,Mm41 and I 20,,Sideswipe-Same Direction,2,Cloudy,Wet,Daylight
2021-07-12T20:25:00.000,I 20,Mm41 and I 20,,Sideswipe-Same Direction,2,Cloudy,Wet,Dusk
2021-12-04T19:08:00.000,I 20,Mm41 and I 20,,Rear End,2,Clear,Dry,Dark-Not Lighted
2021-07-24T16:38:00.000,I 20,Mm41 and I 20,,Sideswipe-Same Direction,4,Clear,Dry,Daylight
2021-06-15T13:00:00.000,I 20,Mm41 and I 20,,Sideswipe-Same Direction,2,Clear,Dry,Daylight
2021-07-24T18:32:00.000,I 20,Mm41 and I 20,,Angle Crash,3,Clear,Dry,Daylight
2020-05-15T15:43:00.000,I 20,Mm41 and I 20,,Angle Crash,2,Clear,Dry,Daylight
2020-10-12T11:25:00.000,I 20,Mm41 and I 20,,Sideswipe-Same Direction,1,Clear,Dry,Daylight
2023-06-15T00:20:00.000,I 20,Mm41 and I 20,,Sideswipe-Same Direction,2,Clear,Dry,Dark-Not Lighted
2023-10-08T06:23:00.000,I 20,Mm41 and I 20,,Rear End,2,Clear,Dry,Dark-Not Lighted
2023-09-06T20:52:00.000,I 20,Mm41 and I 20,,Sideswipe-Same Direction,2,Clear,Dry,Dark-Not Lighted
2023-06-11T21:29:00.000,I 20,Mm41 and I 20,,Rear End,2,Clear,Dry,Dark-Not Lighted
2020-06-12T14:21:00.000,I 20,Mm41 and I 20,,Rear End,2,Clear,Dry,Daylight
2020-09-14T17:10:00.000,I 20,Mm41 and I 20,,Sideswipe-Same Direction,1,Clear,Dry,Daylight
2020-08-12T15:25:00.000,I 20,Mm41 and I 20,,Sideswipe-Same Direction,2,Rain,Wet,Daylight