Date and Time,Roadway (From Crash Report),Intersection Name (from Crash Report),KABCO Severity,Manner of Collision (Crash Level) ,# of Vehicles per crash ,Weather Conditions (Crash Level),Surface Condition (Crash Level) ,Light Conditions (Crash Level)
2020-05-18T12:52:00.000,I 20,Mm41 and I 20,,Rear End,2,Clear,Dry,Daylight
2020-10-26T07:21:00.000,I 20,Mm41 and I 20,,Rear End,2,Cloudy,Dry,Dark-Not Lighted
2020-06-24T18:48:00.000,I 20,Mm41 and I 20,,Not a Collision with Motor Vehicle,1,Rain,Wet,Daylight
2020-07-27T08:28:00.000,I 20,Mm41 and I 20,,Sideswipe-Same Direction,1,Clear,Dry,Daylight
2020-03-13T18:04:00.000,I 20,Mm41 and I 20,,Sideswipe-Same Direction,2,Cloudy,Wet,Daylight
2020-06-29T11:25:00.000,I 20,Mm41 and I 20,,Rear End,2,Clear,Dry,Daylight
2020-03-06T15:45:00.000,I 20,Mm41 and I 20,,Rear End,2,Clear,Dry,Daylight
2021-04-26T07:10:00.000,I 20,Mm41 and I 20,,Angle Crash,2,Clear,Dry,Daylight
2021-03-19T21:55:00.000,I 20,Mm41 and I 20,,Not a Collision with Motor Vehicle,1,Clear,Dry,Dark-Not Lighted
2021-12-05T20:27:00.000,I 20,Mm41 and I 20,,Angle Crash,2,Clear,Dry,Dark-Not Lighted
2021-09-14T23:55:00.000,I 20,Mm41 and I 20,,Angle Crash,2,Clear,Dry,Dark-Not Lighted
2022-08-02T17:33:00.000,I 20,Mm41 and I 20,,Rear End,2,Clear,Dry,Daylight
2022-03-03T07:50:00.000,I 20,Mm41 and I 20,,Not a Collision with Motor Vehicle,1,Clear,Dry,Daylight
2022-02-14T21:57:00.000,I 20,Mm41 and I 20,,Sideswipe-Same Direction,2,Clear,Dry,Dark-Not Lighted
2022-11-29T11:06:00.000,I 20,Mm41 and I 20,,Sideswipe-Same Direction,2,Clear,Dry,Daylight
2022-04-02T12:57:00.000,I 20,Mm41 and I 20,,Rear End,2,Cloudy,Dry,Daylight
2022-05-20T13:45:00.000,I 20,Mm41 and I 20,,Not a Collision with Motor Vehicle,1,Clear,Dry,Daylight
2024-02-16T05:54:00.000,I 20,Mm41 and I 20,,Sideswipe-Same Direction,2,Clear,Dry,Dark-Not Lighted
2023-10-16T20:50:00.000,I 20,Mm41 and I 20,,Sideswipe-Same Direction,3,Cloudy,Dry,Dark-Not Lighted
2023-08-29T08:07:00.000,I 20,Mm41 and I 20,,Rear End,2,Cloudy,Dry,Daylight
2023-11-22T18:12:00.000,I 20,Mm41 and I 20,,Sideswipe-Same Direction,2,Cloudy,Dry,Dark-Not Lighted
2023-10-09T17:35:00.000,I 20,Mm41 and I 20,,Sideswipe-Same Direction,2,Clear,Dry,Daylight
2024-09-12T07:06:00.000,I 20,Mm41 and I 20,,Rear End,2,Cloudy,Wet,Dawn
2024-10-31T15:28:00.000,I 20,Mm41 and I 20,,Angle Crash,2,Clear,Dry,Daylight
2024-06-18T22:07:00.000,I 20,Mm41 and I 20,,Sideswipe-Same Direction,3,Clear,Dry,Dark-Not Lighted
2024-07-24T11:30:00.000,I 20,Mm41 and I 20,,Rear End,2,Cloudy,Dry,Daylight
2024-05-11T13:45:00.000,I 20,Mm41 and I 20,,Rear End,2,Clear,Dry,Daylight
2024-10-18T18:33:00.000,I 20,Mm41 and I 20,,Rear End,4,Clear,Dry,Daylight
2024-10-10T06:15:00.000,I 20,Mm41 and I 20,,Sideswipe-Same Direction,2,Clear,Dry,Dawn
2024-11-06T21:27:00.000,I 20,Mm41 and I 20,,Sideswipe-Same Direction,2,Clear,Dry,Dark-Not Lighted
2024-09-11T13:45:00.000,I 20,Mm41 and I 20,,Rear End,2,Clear,Dry,Daylight
2021-04-26T19:10:00.000,I 85,Mm40 and I 85,,Sideswipe-Same Direction,2,Clear,Dry,Daylight
2023-03-15T05:40:00.000,I 85,Mm40 and I 85,,Not a Collision with Motor Vehicle,1,Clear,Dry,Dark-Not Lighted
2020-03-02T18:00:00.000,I 85,Mm40 and I 85,,Not a Collision with Motor Vehicle,1,Rain,Wet,Daylight
2022-07-25T13:00:00.000,I 85,Mm40 and I 85,,Not a Collision with Motor Vehicle,1,Clear,Dry,Daylight
2022-09-12T16:40:00.000,I 85,Mm40 and I 85,,Not a Collision with Motor Vehicle,1,Clear,Dry,Daylight
2022-12-22T23:00:00.000,I 85,Mm40 and I 85,,Sideswipe-Same Direction,2,Cloudy,Wet,Dark-Not Lighted
2023-02-25T21:43:00.000,I 85,Mm40 and I 85,,Sideswipe-Same Direction,2,Clear,Dry,Dark-Not Lighted
2024-08-03T08:22:00.000,I 85,Mm40 and I 85,,Rear End,2,Clear,Dry,Daylight
2024-12-01T07:01:00.000,I 85,Mm40 and I 85,,Angle Crash,2,Clear,Dry,Dawn
2023-06-22T12:02:00.000,I 75,Mm40 and I 75,,Sideswipe-Same Direction,2,Cloudy,Dry,Daylight
2021-12-10T16:13:00.000,I 20,Mm40 and I 20,,Rear End,2,Fog,Wet,Daylight
2021-06-25T15:54:00.000,I 20,Mm40 and I 20,,Not a Collision with Motor Vehicle,1,Clear,Dry,Daylight
2021-09-16T06:30:00.000,I 20,Mm40 and I 20,,Rear End,3,Rain,Wet,Dark-Not Lighted
2023-11-14T20:07:00.000,I 20,Mm40 and I 20,,Rear End,2,Clear,Dry,Dark-Not Lighted
2023-11-07T01:00:00.000,I 20,Mm40 and I 20,,Not a Collision with Motor Vehicle,1,Clear,Dry,Dark-Not Lighted
2023-01-16T23:00:00.000,I 20,Mm40 and I 20,,Rear End,3,Clear,Dry,Dark-Not Lighted
2023-01-30T09:27:00.000,I 20,Mm40 and I 20,,Not a Collision with Motor Vehicle,1,Cloudy,Wet,Daylight
2022-03-05T16:00:00.000,I 20,Mm40 and I 20,,Rear End,2,Clear,Dry,Daylight
2020-03-27T21:22:00.000,I 20,Mm40 and I 20,,Not a Collision with Motor Vehicle,1,Clear,Dry,Dark-Not Lighted
2020-02-10T19:25:00.000,I 20,Mm40 and I 20,,Rear End,1,Rain,Wet,Dark-Not Lighted
2021-03-07T09:28:00.000,I 20,Mm40 and I 20,,Rear End,2,Clear,Dry,Daylight
2021-03-10T13:00:00.000,I 20,Mm40 and I 20,,Rear End,2,Clear,Dry,Daylight
2021-04-22T06:35:00.000,I 20,Mm40 and I 20,,Sideswipe-Same Direction,2,Clear,Dry,Dawn
2021-11-22T18:15:00.000,I 20,Mm40 and I 20,,Sideswipe-Same Direction,2,Clear,Dry,Dark-Not Lighted
2021-07-28T10:56:00.000,I 20,Mm40 and I 20,,Not a Collision with Motor Vehicle,1,Clear,Dry,Daylight
2021-10-29T15:56:00.000,I 20,Mm40 and I 20,,Head On,3,Rain,Wet,Daylight
2021-08-03T12:10:00.000,I 20,Mm40 and I 20,,Sideswipe-Same Direction,2,Cloudy,Dry,Daylight
2022-01-28T13:30:00.000,I 20,Mm40 and I 20,,Sideswipe-Same Direction,2,Cloudy,Dry,Daylight
2021-10-17T01:01:00.000,I 20,Mm40 and I 20,,Rear End,2,Clear,Dry,Dark-Not Lighted
2021-08-31T03:59:00.000,I 20,Mm40 and I 20,,Rear End,2,Clear,Dry,Dark-Not Lighted
2022-04-11T06:23:00.000,I 20,Mm40 and I 20,,Rear End,2,Clear,Dry,Dawn
2022-08-02T16:34:00.000,I 20,Mm40 and I 20,,Rear End,2,Clear,Dry,Daylight
2022-01-05T09:25:00.000,I 20,Mm40 and I 20,,Sideswipe-Same Direction,2,Clear,Dry,Daylight
2022-09-23T14:52:00.000,I 20,Mm40 and I 20,,Rear End,2,Clear,Dry,Daylight
2022-05-14T16:08:00.000,I 20,Mm40 and I 20,,Not a Collision with Motor Vehicle,1,Clear,Dry,Daylight
2022-05-21T15:58:00.000,I 20,Mm40 and I 20,,Sideswipe-Same Direction,2,Clear,Dry,Daylight
2022-04-04T22:44:00.000,I 20,Mm40 and I 20,,Sideswipe-Same Direction,2,Clear,Dry,Dark-Not Lighted
2022-10-06T18:20:00.000,I 20,Mm40 and I 20,,Rear End,2,Clear,Dry,Daylight
2023-07-18T10:00:00.000,I 20,Mm40 and I 20,,Not a Collision with Motor Vehicle,2,Clear,Dry,Daylight
2024-02-19T16:50:00.000,I 20,Mm40 and I 20,,Rear End,2,Clear,Dry,Daylight
2023-09-29T17:21:00.000,I 20,Mm40 and I 20,,Sideswipe-Same Direction,2,Clear,Dry,Daylight
2023-05-04T05:40:00.000,I 20,Mm40 and I 20,,Rear End,3,Cloudy,Dry,Dark-Not Lighted
2024-06-28T17:00:00.000,I 20,Mm40 and I 20,,Rear End,3,Cloudy,Wet,Daylight
2024-08-13T08:02:00.000,I 20,Mm40 and I 20,,Sideswipe-Same Direction,2,Clear,Dry,Daylight
2024-07-17T06:29:00.000,I 20,Mm40 and I 20,,Rear End,2,Clear,Dry,Daylight
2024-10-18T23:20:00.000,I 20,Mm40 and I 20,,Not a Collision with Motor Vehicle,1,Clear,Dry,Dark-Not Lighted
2024-05-15T15:38:00.000,I 20,Mm40 and I 20,,Sideswipe-Same Direction,2,Clear,Dry,Daylight
2020-06-14T06:33:00.000,I 75,Mm4 and I 75,,Not a Collision with Motor Vehicle,1,Clear,Dry,Daylight
2021-09-23T11:01:00.000,I 75,Mm4 and I 75,,Rear End,2,Clear,Dry,Daylight
2024-09-17T07:50:00.000,I 75,Mm4 and I 75,,Not a Collision with Motor Vehicle,1,Clear,Dry,Daylight
2021-02-27T01:21:00.000,I 20,Mm4 and I 20,,Angle Crash,2,Cloudy,Dry,Dark-Not Lighted
2021-01-01T10:39:00.000,I 20,Mm4 and I 20,,Not a Collision with Motor Vehicle,1,Rain,Wet,Daylight
2021-05-03T09:35:00.000,I 20,Mm4 and I 20,,Sideswipe-Same Direction,2,Rain,Wet,Daylight
2021-02-27T01:20:00.000,I 20,Mm4 and I 20,,Angle Crash,2,Cloudy,Dry,Dark-Not Lighted
2022-07-01T11:52:00.000,I 20,Mm4 and I 20,,Angle Crash,2,Rain,Wet,Daylight
2022-04-16T06:45:00.000,I 20,Mm4 and I 20,,Not a Collision with Motor Vehicle,1,Rain,Wet,Dark-Not Lighted
2022-08-12T17:39:00.000,I 20,Mm4 and I 20,,Angle Crash,2,Clear,Dry,Daylight
2023-05-16T17:00:00.000,I 20,Mm4 and I 20,,Angle Crash,1,Rain,Wet,Daylight
2024-07-31T14:38:00.000,I 20,Mm4 and I 20,,Rear End,2,Clear,Dry,Daylight
2024-05-04T05:35:00.000,I 20,Mm4 and I 20,,Not a Collision with Motor Vehicle,1,Rain,Wet,Dark-Not Lighted
2021-01-15T06:53:00.000,I 95,Mm39 and I 95,,Sideswipe-Same Direction,2,Clear,Dry,Daylight
2022-04-22T17:30:00.000,I 85,Mm39 and I 85,,Sideswipe-Same Direction,2,Clear,Dry,Daylight
2022-06-19T05:15:00.000,I 85,Mm39 and I 85,,Rear End,2,Clear,Dry,Dark-Not Lighted
2024-05-27T20:10:00.000,I 85,Mm39 and I 85,,Rear End,2,Rain,Wet,Daylight
2021-05-15T03:32:00.000,I 20,Mm39 and I 20,,Rear End,2,Clear,Dry,Dark-Not Lighted
2021-07-16T18:40:00.000,I 20,Mm39 and I 20,,Rear End,2,Cloudy,Dry,Daylight
2021-05-19T07:45:00.000,I 20,Mm39 and I 20,,Rear End,2,Clear,Dry,Daylight
2021-08-02T09:03:00.000,I 20,Mm39 and I 20,,Rear End,2,Clear,Dry,Daylight
2023-02-07T06:55:00.000,I 20,Mm39 and I 20,,Sideswipe-Same Direction,2,Clear,Dry,Dawn
2023-05-07T22:00:00.000,I 20,Mm39 and I 20,,Sideswipe-Same Direction,2,Cloudy,Dry,Dark-Not Lighted
2020-11-09T11:51:00.000,I 20,Mm39 and I 20,,Angle Crash,2,Cloudy,Dry,Daylight
2020-09-16T19:48:00.000,I 20,Mm39 and I 20,,Angle Crash,2,Rain,Wet,Dark-Not Lighted
2020-02-13T06:31:00.000,I 20,Mm39 and I 20,,Sideswipe-Same Direction,2,Rain,Wet,Dark-Not Lighted
2020-10-09T14:28:00.000,I 20,Mm39 and I 20,,Not a Collision with Motor Vehicle,1,Rain,Wet,Daylight
2020-05-02T09:25:00.000,I 20,Mm39 and I 20,,Sideswipe-Same Direction,1,Clear,Dry,Daylight
2021-03-29T10:52:00.000,I 20,Mm39 and I 20,,Rear End,3,Clear,Dry,Daylight
2021-12-10T07:15:00.000,I 20,Mm39 and I 20,,Sideswipe-Same Direction,2,Rain,Wet,Dark-Not Lighted
2021-09-02T10:50:00.000,I 20,Mm39 and I 20,,Rear End,2,Clear,Dry,Daylight
2021-08-31T01:28:00.000,I 20,Mm39 and I 20,,Rear End,2,Clear,Dry,Dark-Not Lighted
2022-04-19T02:54:00.000,I 20,Mm39 and I 20,,Rear End,2,Clear,Dry,Dark-Not Lighted
2021-07-03T09:00:00.000,I 20,Mm39 and I 20,,Not a Collision with Motor Vehicle,1,Clear,Dry,Daylight
2022-12-23T00:47:00.000,I 20,Mm39 and I 20,,Not a Collision with Motor Vehicle,1,Rain,Wet,Dark-Not Lighted
2022-07-16T05:31:00.000,I 20,Mm39 and I 20,,Not a Collision with Motor Vehicle,1,Cloudy,Dry,Dark-Not Lighted
2022-10-03T11:44:00.000,I 20,Mm39 and I 20,,Sideswipe-Same Direction,2,Clear,Dry,Daylight
2022-02-26T22:45:00.000,I 20,Mm39 and I 20,,Rear End,2,Clear,Dry,Dark-Not Lighted
2022-03-08T15:07:00.000,I 20,Mm39 and I 20,,Sideswipe-Same Direction,2,Rain,Dry,Daylight
2022-01-19T19:20:00.000,I 20,Mm39 and I 20,,Sideswipe-Same Direction,2,Clear,Dry,Dark-Not Lighted
2022-06-04T02:38:00.000,I 20,Mm39 and I 20,,Not a Collision with Motor Vehicle,1,Clear,Dry,Dark-Not Lighted
2022-11-02T15:45:00.000,I 20,Mm39 and I 20,,Rear End,2,Clear,Dry,Daylight
2024-04-18T06:25:00.000,I 20,Mm39 and I 20,,Sideswipe-Same Direction,2,Clear,Dry,Dawn
2024-11-20T18:04:00.000,I 20,Mm39 and I 20,,Sideswipe-Same Direction,2,Clear,Dry,Dark-Not Lighted
2024-07-09T11:54:00.000,I 20,Mm39 and I 20,,Sideswipe-Same Direction,2,Clear,Dry,Daylight
2024-03-02T00:32:00.000,I 20,Mm39 and I 20,,Sideswipe-Same Direction,2,Fog,Wet,Dark-Not Lighted
2024-03-08T06:57:00.000,I 20,Mm39 and I 20,,Rear End,3,Cloudy,Dry,Daylight
2023-11-14T06:55:00.000,I 20,Mm39 and I 20,,Rear End,2,Clear,Dry,Dawn
2024-02-28T06:14:00.000,I 20,Mm39 and I 20,,Rear End,2,Clear,Dry,Dark-Not Lighted
2024-10-10T08:10:00.000,I 20,Mm39 and I 20,,Sideswipe-Same Direction,2,Clear,Dry,Dusk
2024-03-01T14:58:00.000,I 20,Mm39 and I 20,,Sideswipe-Same Direction,2,Rain,Wet,Daylight
2024-03-01T14:25:00.000,I 20,Mm39 and I 20,,Rear End,2,Rain,Wet,Daylight
2024-02-06T21:35:00.000,I 20,Mm39 and I 20,,Sideswipe-Same Direction,2,Clear,Dry,Dark-Not Lighted
2024-05-23T14:34:00.000,I 20,Mm39 and I 20,,Angle Crash,2,Clear,Dry,Daylight
2024-08-20T17:09:00.000,I 20,Mm39 and I 20,,Sideswipe-Same Direction,2,Clear,Dry,Daylight
2024-02-08T07:01:00.000,I 20,Mm39 and I 20,,Rear End,2,Clear,Dry,Dawn
2024-03-06T07:24:00.000,I 20,Mm39 and I 20,,Not a Collision with Motor Vehicle,1,Cloudy,Wet,Daylight
2024-03-27T06:57:00.000,I 20,Mm39 and I 20,,Rear End,2,Cloudy,Wet,Dark-Not Lighted
2020-05-07T17:45:00.000,I 85,Mm38 and I 85,,Sideswipe-Same Direction,2,Clear,Dry,Daylight
2022-10-28T12:20:00.000,I 85,Mm38 and I 85,,Sideswipe-Opposite Direction,2,Clear,Dry,Daylight
2022-12-02T10:15:00.000,I 85,Mm38 and I 85,,Sideswipe-Same Direction,2,Cloudy,Dry,Daylight
2022-07-04T17:30:00.000,I 85,Mm38 and I 85,,Not a Collision with Motor Vehicle,1,Cloudy,Wet,Daylight
2022-03-18T16:01:00.000,I 85,Mm38 and I 85,,Sideswipe-Same Direction,2,Cloudy,Wet,Daylight
2024-03-20T10:51:00.000,I 85,Mm38 and I 85,,Sideswipe-Same Direction,2,Clear,Dry,Daylight
2021-09-17T17:01:00.000,I 20,Mm38 and I 20,,Rear End,3,Cloudy,Dry,Daylight
2021-01-29T10:55:00.000,I 20,Mm38 and I 20,,Sideswipe-Same Direction,2,Clear,Dry,Daylight
2021-04-05T11:06:00.000,I 20,Mm38 and I 20,,Rear End,4,Clear,Dry,Daylight
2023-05-08T10:54:00.000,I 20,Mm38 and I 20,,Sideswipe-Same Direction,2,Cloudy,Wet,Daylight
2023-10-13T17:17:00.000,I 20,Mm38 and I 20,,Sideswipe-Same Direction,2,Rain,Wet,Daylight
2023-07-08T14:26:00.000,I 20,Mm38 and I 20,,Rear End,3,Clear,Dry,Daylight
2022-10-15T10:15:00.000,I 20,Mm38 and I 20,,Angle Crash,2,Clear,Dry,Daylight
2020-04-28T09:49:00.000,I 20,Mm38 and I 20,,Sideswipe-Same Direction,3,Cloudy,Dry,Daylight
2020-02-14T11:26:00.000,I 20,Mm38 and I 20,,Sideswipe-Same Direction,2,Clear,Dry,Daylight
2020-12-22T13:40:00.000,I 20,Mm38 and I 20,,Sideswipe-Same Direction,2,Clear,Dry,Daylight
2020-05-05T23:37:00.000,I 20,Mm38 and I 20,,Sideswipe-Same Direction,2,Clear,Dry,Dark-Not Lighted
2021-12-13T15:22:00.000,I 20,Mm38 and I 20,,Sideswipe-Same Direction,4,Clear,Dry,Daylight
2021-07-20T17:10:00.000,I 20,Mm38 and I 20,,Rear End,2,Rain,Wet,Daylight
2021-07-10T18:14:00.000,I 20,Mm38 and I 20,,Not a Collision with Motor Vehicle,1,Clear,Dry,Daylight
2022-02-16T06:37:00.000,I 20,Mm38 and I 20,,Rear End,2,Clear,Dry,Dawn
2022-10-23T18:20:00.000,I 20,Mm38 and I 20,,Rear End,2,Clear,Dry,Dusk
2022-06-01T07:20:00.000,I 20,Mm38 and I 20,,Rear End,4,Clear,Dry,Daylight
2024-10-01T18:13:00.000,I 20,Mm38 and I 20,,Sideswipe-Same Direction,2,Clear,Dry,Daylight
2024-12-19T03:34:00.000,I 20,Mm38 and I 20,,Sideswipe-Same Direction,2,Clear,Dry,Dark-Not Lighted
2024-10-08T06:50:00.000,I 20,Mm38 and I 20,,Rear End,2,Clear,Dry,Dawn
2023-06-13T23:00:00.000,I 20,Mm38 and I 20,,Sideswipe-Same Direction,2,Clear,Dry,Dark-Not Lighted
2023-08-12T16:37:00.000,I 20,Mm38 and I 20,,Rear End,2,Rain,Wet,Daylight
2023-05-31T08:18:00.000,I 20,Mm38 and I 20,,Rear End,2,Cloudy,Dry,Daylight
2024-07-15T11:19:00.000,I 20,Mm38 and I 20,,Rear End,2,Clear,Dry,Daylight
2024-03-21T19:03:00.000,I 20,Mm38 and I 20,,Sideswipe-Same Direction,2,Clear,Dry,Daylight
2024-08-03T06:12:00.000,I 20,Mm38 and I 20,,Sideswipe-Same Direction,2,Clear,Dry,Dark-Not Lighted
2024-10-22T08:49:00.000,I 20,Mm38 and I 20,,Sideswipe-Same Direction,2,Clear,Dry,Daylight
2024-05-29T21:26:00.000,I 20,Mm38 and I 20,,Sideswipe-Same Direction,2,Clear,Dry,Dark-Lighted
2024-06-22T21:05:00.000,I 20,Mm38 and I 20,,Not a Collision with Motor Vehicle,1,Clear,Dry,Dark-Not Lighted
2023-09-07T08:00:00.000,I 85,Mm37 and I 85,,Sideswipe-Same Direction,2,Clear,Dry,Daylight
2022-04-16T07:55:00.000,I 85,Mm37 and I 85,,Not a Collision with Motor Vehicle,1,Rain,Wet,Daylight
2021-08-28T05:43:00.000,I 85,Mm37 and I 85,,Sideswipe-Same Direction,2,Clear,Dry,Dark-Not Lighted
2024-08-18T17:40:00.000,I 85,Mm37 and I 85,,Rear End,2,Rain,Wet,Daylight
2024-01-02T16:01:00.000,I 85,Mm37 and I 85,,Rear End,2,Clear,Dry,Daylight
2024-11-02T03:45:00.000,I 85,Mm37 and I 85,,Not a Collision with Motor Vehicle,1,Clear,Dry,Dark-Not Lighted
2024-02-12T12:25:00.000,I 85,Mm37 and I 85,,Not a Collision with Motor Vehicle,1,Rain,Wet,Daylight
2024-12-08T10:15:00.000,I 85,Mm37 and I 85,,Not a Collision with Motor Vehicle,1,Clear,Dry,Daylight
2024-09-25T13:35:00.000,I 85,Mm37 and I 85,,Not a Collision with Motor Vehicle,1,Rain,Wet,Daylight
2024-01-27T13:19:00.000,I 85,Mm37 and I 85,,Not a Collision with Motor Vehicle,1,Rain,Wet,Daylight
2024-04-26T14:00:00.000,I 75,Mm37 and I 75,,Sideswipe-Same Direction,2,Clear,Dry,Daylight
2020-06-05T06:47:00.000,I 20,Mm37 and I 20,,Rear End,4,Clear,Dry,Daylight
2023-05-10T09:18:00.000,I 20,Mm37 and I 20,,Sideswipe-Same Direction,2,Clear,Dry,Daylight
2020-05-21T00:25:00.000,I 20,Mm37 and I 20,,Sideswipe-Same Direction,2,Clear,Dry,Daylight
2020-10-10T19:09:00.000,I 20,Mm37 and I 20,,Sideswipe-Same Direction,2,Rain,Wet,Dark-Not Lighted
2022-09-29T12:15:00.000,I 20,Mm37 and I 20,,Sideswipe-Same Direction,2,Clear,Dry,Daylight
2022-03-20T21:10:00.000,I 20,Mm37 and I 20,,Sideswipe-Same Direction,3,Clear,Dry,Dark-Not Lighted
2024-07-15T21:55:00.000,I 20,Mm37 and I 20,,Sideswipe-Same Direction,2,Rain,Wet,Dark-Not Lighted
2024-04-27T06:53:00.000,I 20,Mm37 and I 20,,Sideswipe-Same Direction,2,Clear,Dry,Dawn
2023-03-27T12:59:00.000,I 16,Mm37 and I 16,,(None),1,(None),(None),(None)
2024-07-02T15:00:00.000,I 85,Mm36 and I 85,,Rear End,2,Clear,Dry,Daylight
2021-01-20T12:15:00.000,I 20,Mm36 and I 20,,Sideswipe-Same Direction,2,Clear,Dry,Daylight
2023-01-16T23:00:00.000,I 20,Mm36 and I 20,,Rear End,2,Clear,Dry,Dark-Not Lighted
2024-06-11T12:30:00.000,I 20,Mm36 and I 20,,Sideswipe-Same Direction,2,Clear,Dry,Daylight
2022-07-04T19:39:00.000,I 16,Mm36 and I 16,,Not a Collision with Motor Vehicle,1,Rain,Wet,Daylight
2021-08-07T10:37:00.000,I 85,Mm35 and I 85,,Not a Collision with Motor Vehicle,1,Clear,Dry,Daylight
2022-07-09T13:34:00.000,I 85,Mm35 and I 85,,Rear End,2,Cloudy,Wet,Daylight
2022-07-02T15:59:00.000,I 85,Mm35 and I 85,,Rear End,2,Clear,Dry,Daylight
2022-11-20T14:40:00.000,I 85,Mm35 and I 85,,Sideswipe-Same Direction,2,Clear,Dry,Daylight
2022-07-03T13:10:00.000,I 85,Mm35 and I 85,,Not a Collision with Motor Vehicle,1,Clear,Dry,Daylight
2024-09-13T12:35:00.000,I 85,Mm35 and I 85,,Rear End,2,Clear,Dry,Daylight
2022-04-04T04:05:00.000,I 20,Mm35 and I 20,,Not a Collision with Motor Vehicle,1,Clear,Dry,Dark-Not Lighted
2021-07-18T15:39:00.000,I 85,Mm34 and I 85,,Not a Collision with Motor Vehicle,1,Clear,Wet,Daylight
2022-07-02T10:14:00.000,I 85,Mm34 and I 85,,Rear End,2,Clear,Dry,Daylight
2020-06-27T11:15:00.000,I 85,Mm34 and I 85,,Rear End,2,Clear,Dry,Daylight
2020-12-12T22:40:00.000,I 85,Mm34 and I 85,,Not a Collision with Motor Vehicle,1,Rain,Wet,Dark-Not Lighted
2020-07-05T15:05:00.000,I 85,Mm34 and I 85,,Rear End,3,Clear,Dry,Daylight
2021-12-26T12:17:00.000,I 85,Mm34 and I 85,,Rear End,2,Clear,Dry,Daylight
2022-07-19T14:30:00.000,I 85,Mm34 and I 85,,Rear End,2,Clear,Dry,Daylight
2022-06-03T14:13:00.000,I 85,Mm34 and I 85,,Rear End,2,Clear,Dry,Daylight
2022-07-01T15:47:00.000,I 85,Mm34 and I 85,,Sideswipe-Same Direction,2,Clear,Dry,Daylight
2024-05-25T12:16:00.000,I 85,Mm34 and I 85,,Rear End,2,Cloudy,Wet,Daylight
2024-09-13T12:55:00.000,I 85,Mm34 and I 85,,Sideswipe-Same Direction,2,Cloudy,Wet,Daylight
2023-04-27T13:40:00.000,I 85,Mm34 and I 85,,Not a Collision with Motor Vehicle,1,Rain,Wet,Daylight
2024-03-02T17:43:00.000,I 85,Mm34 and I 85,,Sideswipe-Same Direction,2,Clear,Dry,Daylight
2024-06-29T10:04:00.000,I 85,Mm34 and I 85,,Rear End,2,Clear,Dry,Daylight
2024-03-01T14:02:00.000,I 85,Mm34 and I 85,,Rear End,2,Rain,Wet,Daylight
2024-11-27T18:45:00.000,I 85,Mm34 and I 85,,Rear End,2,Clear,Dry,Dark-Not Lighted
2024-02-04T19:17:00.000,I 85,Mm34 and I 85,,Rear End,2,Rain,Wet,Dark-Not Lighted
2021-05-26T04:12:00.000,I 20,Mm34 and I 20,,Sideswipe-Same Direction,2,Clear,Dry,Dark-Not Lighted
2021-07-03T22:58:00.000,I 20,Mm34 and I 20,,Rear End,2,Clear,Dry,Dark-Not Lighted
2021-06-17T09:20:00.000,I 20,Mm34 and I 20,,Not a Collision with Motor Vehicle,1,Clear,Dry,Daylight
2020-07-03T01:49:00.000,I 20,Mm34 and I 20,,Sideswipe-Same Direction,3,Clear,Dry,Dark-Not Lighted
2022-02-19T20:20:00.000,I 20,Mm34 and I 20,,Angle Crash,2,Clear,Dry,Dark-Not Lighted
2021-09-25T11:15:00.000,I 85,Mm33 and I 85,,Rear End,2,Clear,Dry,Daylight
2021-09-26T21:07:00.000,I 85,Mm33 and I 85,,Sideswipe-Same Direction,2,Clear,Dry,Dark-Not Lighted
2023-11-17T11:00:00.000,I 85,Mm33 and I 85,,Rear End,2,Cloudy,Dry,Daylight
2023-01-24T08:54:00.000,I 85,Mm33 and I 85,,Sideswipe-Same Direction,2,Clear,Dry,Daylight
2021-04-12T10:00:00.000,I 85,Mm33 and I 85,,Sideswipe-Same Direction,2,Clear,Dry,Daylight
2021-07-17T12:29:00.000,I 85,Mm33 and I 85,,Rear End,3,Clear,Dry,Daylight
2021-09-25T11:15:00.000,I 85,Mm33 and I 85,,Rear End,2,Clear,Dry,Daylight
2022-07-19T06:20:00.000,I 85,Mm33 and I 85,,Not a Collision with Motor Vehicle,1,Rain,Wet,Dark-Not Lighted
2022-09-20T16:00:00.000,I 85,Mm33 and I 85,,Angle Crash,2,Clear,Dry,Daylight
2024-03-30T10:15:00.000,I 85,Mm33 and I 85,,Rear End,2,Clear,Dry,Daylight
2024-05-24T09:55:00.000,I 85,Mm33 and I 85,,Angle Crash,2,Clear,Dry,Daylight
2024-03-30T10:15:00.000,I 85,Mm33 and I 85,,Rear End,2,Clear,Dry,Daylight
2024-10-09T11:15:00.000,I 85,Mm33 and I 85,,Sideswipe-Same Direction,2,Clear,Dry,Dark-Not Lighted
2024-05-29T13:25:00.000,I 85,Mm33 and I 85,,Not a Collision with Motor Vehicle,1,Clear,Dry,Daylight
2024-10-04T20:55:00.000,I 85,Mm33 and I 85,,Angle Crash,2,Clear,Dry,Dark-Not Lighted
2021-03-29T17:15:00.000,I 20,Mm33 and I 20,,Sideswipe-Same Direction,2,Clear,Dry,Daylight
2021-01-08T05:43:00.000,I 20,Mm33 and I 20,,Angle Crash,2,Rain,Wet,Dark-Not Lighted
2021-07-13T01:13:00.000,I 20,Mm33 and I 20,,Not a Collision with Motor Vehicle,1,Clear,Dry,Dark-Not Lighted
2023-10-28T23:47:00.000,I 20,Mm33 and I 20,,Not a Collision with Motor Vehicle,1,Clear,Dry,Dark-Not Lighted
2023-11-22T19:24:00.000,I 20,Mm33 and I 20,,Rear End,2,Cloudy,Dry,Dark-Not Lighted
2023-12-06T22:20:00.000,I 20,Mm33 and I 20,,Sideswipe-Same Direction,2,Clear,Dry,Dark-Not Lighted
2020-10-19T11:25:00.000,I 20,Mm33 and I 20,,Sideswipe-Same Direction,2,Clear,Dry,Daylight