Date and Time,Roadway (From Crash Report),Intersection Name (from Crash Report),KABCO Severity,Manner of Collision (Crash Level) ,# of Vehicles per crash ,Weather Conditions (Crash Level),Surface Condition (Crash Level) ,Light Conditions (Crash Level)
2021-09-27T23:47:00.000,I 20,Mm33 and I 20,,Angle Crash,2,Clear,Dry,Dark-Lighted
2022-05-21T15:49:00.000,I 20,Mm33 and I 20,,Sideswipe-Same Direction,2,Clear,Dry,Daylight
2023-08-22T15:49:00.000,I 20,Mm33 and I 20,,Rear End,2,Clear,Dry,Daylight
2024-11-14T20:55:00.000,I 20,Mm33 and I 20,,Sideswipe-Same Direction,2,Clear,Dry,Dark-Not Lighted
2020-03-05T12:52:00.000,I 85,Mm32 and I 85,,Not a Collision with Motor Vehicle,1,Rain,Wet,Daylight
2020-01-14T17:01:00.000,I 85,Mm32 and I 85,,Not a Collision with Motor Vehicle,1,Rain,Wet,Daylight
2022-05-07T23:11:00.000,I 85,Mm32 and I 85,,Sideswipe-Same Direction,2,Clear,Dry,Daylight
2022-07-03T13:07:00.000,I 85,Mm32 and I 85,,Not a Collision with Motor Vehicle,1,Rain,Wet,Daylight
2022-07-02T14:28:00.000,I 85,Mm32 and I 85,,Rear End,3,Clear,Dry,Daylight
2024-10-31T19:00:00.000,I 85,Mm32 and I 85,,Rear End,2,Clear,Dry,Daylight
2024-08-14T17:10:00.000,I 85,Mm32 and I 85,,Rear End,3,Clear,Dry,Daylight
2024-12-26T15:12:00.000,I 85,Mm32 and I 85,,Rear End,2,Clear,Dry,Daylight
2024-09-13T11:00:00.000,I 85,Mm32 and I 85,,Rear End,2,Rain,Wet,Daylight
2021-03-02T08:20:00.000,I 20,Mm32 and I 20,,Sideswipe-Same Direction,1,Cloudy,Dry,Daylight
2021-09-13T02:30:00.000,I 20,Mm32 and I 20,,Sideswipe-Same Direction,2,Clear,Dry,Dark-Not Lighted
2020-03-06T16:55:00.000,I 20,Mm32 and I 20,,Sideswipe-Same Direction,1,Clear,Dry,Daylight
2020-06-14T00:33:00.000,I 20,Mm32 and I 20,,Not a Collision with Motor Vehicle,1,Clear,Dry,Dark-Not Lighted
2020-09-24T17:58:00.000,I 20,Mm32 and I 20,,Rear End,2,Rain,Wet,Daylight
2020-10-12T20:31:00.000,I 20,Mm32 and I 20,,Sideswipe-Same Direction,2,Clear,Dry,Dark-Not Lighted
2020-12-12T12:10:00.000,I 20,Mm32 and I 20,,Sideswipe-Same Direction,3,Clear,Dry,Daylight
2020-06-05T12:28:00.000,I 20,Mm32 and I 20,,Sideswipe-Same Direction,2,Cloudy,Dry,Daylight
2020-12-04T18:54:00.000,I 20,Mm32 and I 20,,Angle Crash,2,Cloudy,Wet,Dark-Not Lighted
2022-05-29T22:50:00.000,I 20,Mm32 and I 20,,Sideswipe-Same Direction,2,Clear,Dry,Dark-Not Lighted
2022-12-11T20:40:00.000,I 20,Mm32 and I 20,,Not a Collision with Motor Vehicle,2,Cloudy,Wet,Dark-Not Lighted
2023-12-11T18:54:00.000,I 20,Mm32 and I 20,,Angle Crash,2,Cloudy,Dry,Dark-Not Lighted
2023-11-21T10:00:00.000,I 20,Mm32 and I 20,,Rear End,2,Rain,Wet,Daylight
2024-12-03T14:11:00.000,I 20,Mm32 and I 20,,Sideswipe-Same Direction,2,Clear,Dry,Daylight
2024-05-05T17:07:00.000,I 20,Mm32 and I 20,,Angle Crash,2,Rain,Wet,Daylight
2024-09-04T14:07:00.000,I 20,Mm32 and I 20,,Rear End,2,Clear,Dry,Daylight
2024-06-16T11:41:00.000,I 20,Mm32 and I 20,,Angle Crash,3,Clear,Dry,Daylight
2022-11-02T01:39:00.000,I 16,Mm32 and I 16,,Not a Collision with Motor Vehicle,1,Clear,Dry,Dark-Not Lighted
2021-07-13T12:20:00.000,I 85,Mm31 and I 85,,Angle Crash,2,Cloudy,Dry,Daylight
2021-12-24T19:25:00.000,I 85,Mm31 and I 85,,Not a Collision with Motor Vehicle,1,Clear,Dry,Dark-Not Lighted
2020-07-27T07:45:00.000,I 85,Mm31 and I 85,,Rear End,3,Clear,Dry,Daylight
2020-08-17T05:20:00.000,I 85,Mm31 and I 85,,Angle Crash,2,Clear,Dry,Daylight
2021-05-07T23:50:00.000,I 85,Mm31 and I 85,,Rear End,2,Clear,Dry,Dark-Not Lighted
2022-04-21T09:05:00.000,I 85,Mm31 and I 85,,Rear End,3,Cloudy,Dry,Daylight
2022-06-04T15:57:00.000,I 85,Mm31 and I 85,,Rear End,2,Clear,Dry,Daylight
2024-10-15T11:10:00.000,I 85,Mm31 and I 85,,Rear End,2,Clear,Dry,Daylight
2024-07-22T16:55:00.000,I 85,Mm31 and I 85,,Not a Collision with Motor Vehicle,1,Cloudy,Dry,Daylight
2024-05-05T15:20:00.000,I 85,Mm31 and I 85,,Rear End,2,Clear,Dry,Daylight
2024-03-06T13:09:00.000,I 85,Mm31 and I 85,,Not a Collision with Motor Vehicle,1,Rain,Wet,Daylight
2024-09-03T20:50:00.000,I 85,Mm31 and I 85,,Rear End,2,Clear,Dry,Dark-Not Lighted
2024-10-24T19:35:00.000,I 85,Mm31 and I 85,,Not a Collision with Motor Vehicle,1,Clear,Dry,Dark-Not Lighted
2023-10-23T03:40:00.000,I 75,Mm31 and I 75,,Not a Collision with Motor Vehicle,1,Clear,Dry,Dark-Not Lighted
2024-05-18T08:30:00.000,I 75,Mm31 and I 75,,Sideswipe-Same Direction,2,Cloudy,Wet,Daylight
2021-04-16T17:40:00.000,I 20,Mm31 and I 20,,Rear End,2,Cloudy,Dry,Daylight
2021-04-15T14:15:00.000,I 20,Mm31 and I 20,,Rear End,3,Clear,Dry,Daylight
2021-06-18T18:14:00.000,I 20,Mm31 and I 20,,Rear End,2,Clear,Dry,Daylight
2020-03-21T16:26:00.000,I 20,Mm31 and I 20,,Sideswipe-Same Direction,2,Clear,Dry,Daylight
2020-05-04T00:00:00.000,I 20,Mm31 and I 20,,Not a Collision with Motor Vehicle,1,Clear,Dry,Dark-Not Lighted
2020-12-27T05:23:00.000,I 20,Mm31 and I 20,,Not a Collision with Motor Vehicle,1,Clear,Dry,Dark-Not Lighted
2020-06-09T08:04:00.000,I 20,Mm31 and I 20,,Sideswipe-Same Direction,2,Cloudy,Dry,Daylight
2020-11-03T19:30:00.000,I 20,Mm31 and I 20,,Angle Crash,2,Clear,Dry,Dark-Not Lighted
2020-01-23T11:48:00.000,I 20,Mm31 and I 20,,Rear End,2,Rain,Wet,Daylight
2021-01-17T13:50:00.000,I 20,Mm31 and I 20,,Not a Collision with Motor Vehicle,1,Clear,Dry,Daylight
2021-11-27T08:42:00.000,I 20,Mm31 and I 20,,Not a Collision with Motor Vehicle,1,Clear,Dry,Daylight
2022-11-25T21:39:00.000,I 20,Mm31 and I 20,,Not a Collision with Motor Vehicle,2,Clear,Dry,Dark-Not Lighted
2022-10-08T13:05:00.000,I 20,Mm31 and I 20,,Not a Collision with Motor Vehicle,1,Clear,Dry,Daylight
2023-09-07T09:30:00.000,I 20,Mm31 and I 20,,Sideswipe-Same Direction,2,Clear,Dry,Daylight
2023-11-28T22:37:00.000,I 20,Mm31 and I 20,,Angle Crash,2,Clear,Dry,Dark-Not Lighted
2023-03-29T17:17:00.000,I 20,Mm31 and I 20,,Rear End,2,Clear,Dry,Daylight
2023-07-12T17:45:00.000,I 20,Mm31 and I 20,,Rear End,2,Rain,Wet,Daylight
2024-08-02T18:00:00.000,I 20,Mm31 and I 20,,Sideswipe-Same Direction,2,Clear,Dry,Daylight
2024-07-10T14:08:00.000,I 20,Mm31 and I 20,,Sideswipe-Same Direction,2,Clear,Dry,Daylight
2024-06-07T16:40:00.000,I 20,Mm31 and I 20,,Sideswipe-Same Direction,2,Clear,Dry,Daylight
2024-02-18T19:22:00.000,I 20,Mm31 and I 20,,Not a Collision with Motor Vehicle,1,Clear,Dry,Dark-Not Lighted
2024-02-12T15:36:00.000,I 20,Mm31 and I 20,,Not a Collision with Motor Vehicle,1,Cloudy,Wet,Daylight
2024-11-14T16:07:00.000,I 20,Mm31 and I 20,,Sideswipe-Same Direction,2,Clear,Dry,Daylight
2022-07-06T08:36:00.000,I 16,Mm31 and I 16,,Sideswipe-Same Direction,2,Clear,Dry,Daylight
2022-01-01T21:16:00.000,I 16,Mm31 and I 16,,Rear End,2,Clear,Dry,Dark-Not Lighted
2023-07-18T10:50:00.000,I 85,Mm30 and I 85,,Rear End,2,Clear,Dry,Daylight
2021-10-09T12:49:00.000,I 85,Mm30 and I 85,,Rear End,2,Clear,Dry,Daylight
2021-08-16T14:33:00.000,I 85,Mm30 and I 85,,Rear End,2,Cloudy,Dry,Daylight
2021-12-26T10:56:00.000,I 85,Mm30 and I 85,,Sideswipe-Same Direction,2,Clear,Dry,Daylight
2021-11-26T16:50:00.000,I 85,Mm30 and I 85,,Sideswipe-Opposite Direction,2,Clear,Dry,Daylight
2022-05-14T15:01:00.000,I 85,Mm30 and I 85,,Not a Collision with Motor Vehicle,1,Clear,Dry,Daylight
2021-10-10T10:20:00.000,I 85,Mm30 and I 85,,Rear End,2,Clear,Dry,Daylight
2022-02-18T15:18:00.000,I 85,Mm30 and I 85,,Rear End,2,Clear,Dry,Daylight
2024-03-30T09:58:00.000,I 85,Mm30 and I 85,,Rear End,2,Clear,Dry,Daylight
2024-02-04T17:53:00.000,I 85,Mm30 and I 85,,Rear End,3,Rain,Wet,Dark-Not Lighted
2024-11-28T22:39:00.000,I 85,Mm30 and I 85,,Not a Collision with Motor Vehicle,1,Clear,Dry,Dark-Not Lighted
2022-12-30T11:22:00.000,I 75,Mm30 and I 75,,Sideswipe-Same Direction,2,Clear,Dry,Daylight
2021-03-29T05:30:00.000,I 20,Mm30 and I 20,,Sideswipe-Same Direction,2,Clear,Dry,Dark-Not Lighted
2021-05-25T23:20:00.000,I 20,Mm30 and I 20,,Sideswipe-Same Direction,2,Clear,Dry,Dark-Not Lighted
2021-11-22T20:17:00.000,I 20,Mm30 and I 20,,Rear End,2,Clear,Dry,Dark-Not Lighted
2023-03-03T10:20:00.000,I 20,Mm30 and I 20,,Angle Crash,2,Cloudy,Wet,Daylight
2023-12-11T14:10:00.000,I 20,Mm30 and I 20,,Sideswipe-Same Direction,2,Clear,Dry,Daylight
2020-10-10T20:56:00.000,I 20,Mm30 and I 20,,Angle Crash,2,Rain,Wet,Dark-Not Lighted
2020-07-11T06:48:00.000,I 20,Mm30 and I 20,,Rear End,2,Cloudy,Dry,Daylight
2020-10-10T20:57:00.000,I 20,Mm30 and I 20,,Not a Collision with Motor Vehicle,1,Rain,Wet,Dark-Not Lighted
2020-03-01T22:31:00.000,I 20,Mm30 and I 20,,Not a Collision with Motor Vehicle,1,Clear,Dry,Dark-Not Lighted
2020-01-01T01:08:00.000,I 20,Mm30 and I 20,,Sideswipe-Same Direction,2,Clear,Dry,Dark-Not Lighted
2021-01-03T17:38:00.000,I 20,Mm30 and I 20,,Sideswipe-Same Direction,2,Cloudy,Dry,Daylight
2021-01-08T07:05:00.000,I 20,Mm30 and I 20,,Rear End,2,Rain,Wet,Dawn
2021-09-03T22:55:00.000,I 20,Mm30 and I 20,,Sideswipe-Same Direction,2,Clear,Dry,Dark-Not Lighted
2021-09-20T07:45:00.000,I 20,Mm30 and I 20,,Not a Collision with Motor Vehicle,1,Rain,Wet,Daylight
2021-07-05T18:52:00.000,I 20,Mm30 and I 20,,Not a Collision with Motor Vehicle,1,Clear,Dry,Daylight
2022-07-01T00:36:00.000,I 20,Mm30 and I 20,,Sideswipe-Same Direction,2,Clear,Dry,Dark-Lighted
2021-12-09T17:30:00.000,I 20,Mm30 and I 20,,Sideswipe-Same Direction,2,Cloudy,Dry,Dark-Not Lighted
2022-01-19T20:41:00.000,I 20,Mm30 and I 20,,Sideswipe-Same Direction,2,Clear,Dry,Dark-Not Lighted
2022-01-04T16:05:00.000,I 20,Mm30 and I 20,,Not a Collision with Motor Vehicle,1,Clear,Dry,Daylight
2024-12-05T17:40:00.000,I 20,Mm30 and I 20,,Rear End,2,Clear,Dry,Dusk
2023-11-22T00:00:00.000,I 20,Mm30 and I 20,,Rear End,2,Clear,Dry,Dark-Not Lighted
2024-01-19T19:45:00.000,I 20,Mm30 and I 20,,Sideswipe-Same Direction,3,Clear,Dry,Dark-Not Lighted
2024-04-01T17:04:00.000,I 20,Mm30 and I 20,,Not a Collision with Motor Vehicle,2,Cloudy,Dry,Daylight
2024-03-15T07:01:00.000,I 20,Mm30 and I 20,,Sideswipe-Same Direction,2,Clear,Dry,Dawn
2024-10-30T07:08:00.000,I 20,Mm30 and I 20,,Sideswipe-Same Direction,2,Clear,Dry,Dawn
2024-07-31T12:45:00.000,I 20,Mm30 and I 20,,Sideswipe-Same Direction,2,Clear,Dry,Daylight
2024-09-04T18:20:00.000,I 20,Mm30 and I 20,,Sideswipe-Same Direction,2,Clear,Dry,Daylight
2022-04-09T06:53:00.000,I 16,Mm30 and I 16,,Not a Collision with Motor Vehicle,1,Clear,Dry,Daylight
2021-06-06T06:20:00.000,I 85,Mm3 and I 85,,Not a Collision with Motor Vehicle,1,Clear,Dry,Dawn
2024-03-19T12:08:00.000,I 85,Mm3 and I 85,,Sideswipe-Opposite Direction,2,Clear,Dry,Daylight
2023-08-31T11:27:00.000,I 20,Mm3 and I 20,,(None),2,(None),(None),(None)
2020-08-28T15:45:00.000,I 20,Mm3 and I 20,,Not a Collision with Motor Vehicle,1,Rain,Wet,Daylight
2020-08-28T15:45:00.000,I 20,Mm3 and I 20,,Not a Collision with Motor Vehicle,1,Rain,Wet,Daylight
2021-12-04T13:50:00.000,I 20,Mm3 and I 20,,Not a Collision with Motor Vehicle,1,Clear,Dry,Daylight
2022-01-09T17:07:00.000,I 20,Mm3 and I 20,,Not a Collision with Motor Vehicle,1,Rain,Wet,Dusk
2020-06-10T12:26:00.000,I 85,Mm29 and I 85,,Not a Collision with Motor Vehicle,1,Rain,Wet,Daylight
2020-12-18T08:45:00.000,I 85,Mm29 and I 85,,Not a Collision with Motor Vehicle,1,Clear,Dry,Daylight
2021-06-03T17:30:00.000,I 20,Mm29 and I 20,,Rear End,3,Rain,Wet,Daylight
2021-11-04T13:30:00.000,I 20,Mm29 and I 20,,Angle Crash,2,Clear,Wet,Daylight
2020-11-14T18:17:00.000,I 20,Mm29 and I 20,,Rear End,4,Clear,Dry,Dark-Not Lighted
2023-12-09T01:25:00.000,I 20,Mm29 and I 20,,Sideswipe-Same Direction,2,Clear,Dry,Dark-Not Lighted
2020-11-16T22:38:00.000,I 20,Mm29 and I 20,,Rear End,2,Clear,Dry,Dark-Not Lighted
2021-03-15T12:13:00.000,I 20,Mm29 and I 20,,Sideswipe-Same Direction,2,Clear,Dry,Daylight
2022-06-28T19:48:00.000,I 20,Mm29 and I 20,,Not a Collision with Motor Vehicle,1,Rain,Wet,Daylight
2022-06-04T22:20:00.000,I 20,Mm29 and I 20,,Not a Collision with Motor Vehicle,1,Clear,Dry,Dark-Not Lighted
2024-03-07T18:15:00.000,I 20,Mm29 and I 20,,Angle Crash,2,Clear,Dry,Dusk
2024-07-12T10:14:00.000,I 20,Mm29 and I 20,,Not a Collision with Motor Vehicle,1,Clear,Dry,Daylight
2021-07-25T00:00:00.000,I 16,Mm29 and I 16,,Rear End,1,Clear,Dry,Daylight
2021-02-07T03:40:00.000,I 16,Mm29 and I 16,,Sideswipe-Opposite Direction,1,Rain,Wet,Dark-Not Lighted
2022-11-05T21:48:00.000,I 16,Mm29 and I 16,,Not a Collision with Motor Vehicle,1,Rain,Wet,Dark-Not Lighted
2024-11-11T04:45:00.000,I 16,Mm29 and I 16,,Not a Collision with Motor Vehicle,1,Rain,Wet,Dark-Not Lighted
2021-06-04T10:11:00.000,I 85,Mm28 and I 85,,Rear End,2,Clear,Dry,Daylight
2023-07-21T09:13:00.000,I 85,Mm28 and I 85,,Rear End,2,Clear,Dry,Daylight
2023-05-21T16:36:00.000,I 85,Mm28 and I 85,,Rear End,3,Cloudy,Dry,Daylight
2024-09-03T16:57:00.000,I 85,Mm28 and I 85,,Sideswipe-Same Direction,2,Clear,Dry,Daylight
2021-02-19T21:52:00.000,I 20,Mm28 and I 20,,Rear End,2,Clear,Dry,Dark-Not Lighted
2020-05-28T16:24:00.000,I 20,Mm28 and I 20,,Not a Collision with Motor Vehicle,1,Clear,Dry,Daylight
2020-12-01T11:48:00.000,I 20,Mm28 and I 20,,Sideswipe-Same Direction,2,Clear,Dry,Daylight
2020-10-31T21:42:00.000,I 20,Mm28 and I 20,,Not a Collision with Motor Vehicle,1,Clear,Dry,Dark-Not Lighted
2020-09-08T05:44:00.000,I 20,Mm28 and I 20,,Not a Collision with Motor Vehicle,1,Clear,Dry,Daylight
2021-04-19T23:17:00.000,I 20,Mm28 and I 20,,Rear End,3,Clear,Dry,Dark-Not Lighted
2022-02-18T19:55:00.000,I 20,Mm28 and I 20,,Sideswipe-Same Direction,2,Clear,Dry,Dark-Not Lighted
2022-01-03T21:17:00.000,I 20,Mm28 and I 20,,Sideswipe-Same Direction,2,Cloudy,Dry,Dark-Not Lighted
2023-01-01T12:50:00.000,I 20,Mm28 and I 20,,Angle Crash,2,Clear,Dry,Daylight
2023-12-21T22:33:00.000,I 20,Mm28 and I 20,,Sideswipe-Same Direction,2,Clear,Dry,Dark-Not Lighted
2023-09-07T12:20:00.000,I 20,Mm28 and I 20,,Not a Collision with Motor Vehicle,1,Clear,Dry,Daylight
2024-11-10T02:15:00.000,I 20,Mm28 and I 20,,Not a Collision with Motor Vehicle,1,Clear,Dry,Dark-Not Lighted
2024-03-03T12:45:00.000,I 20,Mm28 and I 20,,Rear End,2,Cloudy,Dry,Daylight
2022-07-21T10:49:00.000,I 16,Mm28 and I 16,,Sideswipe-Same Direction,2,Clear,Dry,Daylight
2023-12-23T16:10:00.000,I 16,Mm28 and I 16,,Angle Crash,2,Cloudy,Dry,Daylight
2021-05-28T16:56:00.000,I 85,Mm27 and I 85,,Rear End,2,Clear,Dry,Daylight
2023-05-21T16:36:00.000,I 85,Mm27 and I 85,,Rear End,2,Cloudy,Dry,Daylight
2024-01-16T12:25:00.000,I 85,Mm27 and I 85,,Rear End,2,Clear,Dry,Daylight
2024-09-13T09:44:00.000,I 85,Mm27 and I 85,,Not a Collision with Motor Vehicle,1,Rain,Wet,Daylight
2021-10-01T12:45:00.000,I 20,Mm27 and I 20,,Not a Collision with Motor Vehicle,2,Clear,Dry,Daylight
2021-08-24T16:47:00.000,I 20,Mm27 and I 20,,Not a Collision with Motor Vehicle,2,Clear,Dry,Daylight
2020-07-24T22:01:00.000,I 20,Mm27 and I 20,,Rear End,2,Clear,Dry,Dark-Not Lighted
2023-10-21T11:00:00.000,I 20,Mm27 and I 20,,Sideswipe-Same Direction,2,Clear,Dry,Daylight
2023-12-18T08:20:00.000,I 20,Mm27 and I 20,,Rear End,2,Clear,Dry,Daylight
2020-09-03T21:32:00.000,I 20,Mm27 and I 20,,Rear End,2,Clear,Dry,Dark-Not Lighted
2020-01-31T17:35:00.000,I 20,Mm27 and I 20,,Angle Crash,2,Clear,Dry,Daylight
2020-09-18T17:12:00.000,I 20,Mm27 and I 20,,Rear End,2,Clear,Dry,Daylight
2020-04-02T06:45:00.000,I 20,Mm27 and I 20,,Rear End,2,Clear,Dry,Dark-Not Lighted
2021-11-23T07:10:00.000,I 20,Mm27 and I 20,,Rear End,2,Clear,Dry,Daylight
2021-07-03T09:58:00.000,I 20,Mm27 and I 20,,Rear End,2,Clear,Dry,Daylight
2023-10-16T06:01:00.000,I 20,Mm27 and I 20,,Not a Collision with Motor Vehicle,1,Clear,Dry,Dark-Lighted
2024-06-24T08:22:00.000,I 20,Mm27 and I 20,,Not a Collision with Motor Vehicle,1,Clear,Dry,Daylight
2024-09-13T13:02:00.000,I 20,Mm27 and I 20,,Rear End,2,Cloudy,Dry,Daylight
2020-05-17T14:42:00.000,I 16,Mm27 and I 16,,Not a Collision with Motor Vehicle,1,Clear,Dry,Daylight
2020-08-08T22:14:00.000,I 16,Mm27 and I 16,,Sideswipe-Same Direction,2,Clear,Dry,Dark-Not Lighted
2020-11-02T01:15:00.000,I 16,Mm27 and I 16,,Not a Collision with Motor Vehicle,1,Clear,Wet,Dark-Not Lighted
2022-07-15T16:57:00.000,I 16,Mm27 and I 16,,Not a Collision with Motor Vehicle,1,Rain,Wet,Daylight
2023-11-08T16:04:00.000,I 85,Mm26 and I 85,,Rear End,2,Clear,Dry,Daylight
2023-10-18T12:44:00.000,I 85,Mm26 and I 85,,Not a Collision with Motor Vehicle,1,Clear,Dry,Daylight
2023-06-11T11:50:00.000,I 85,Mm26 and I 85,,Not a Collision with Motor Vehicle,1,Rain,Wet,Daylight
2023-06-11T11:50:00.000,I 85,Mm26 and I 85,,Not a Collision with Motor Vehicle,1,Rain,Wet,Daylight
2022-01-02T10:50:00.000,I 85,Mm26 and I 85,,Not a Collision with Motor Vehicle,1,Rain,Wet,Daylight
2022-01-02T10:30:00.000,I 85,Mm26 and I 85,,Not a Collision with Motor Vehicle,1,Rain,Wet,Daylight
2023-11-07T21:25:00.000,I 85,Mm26 and I 85,,Sideswipe-Same Direction,2,Clear,Dry,Dark-Not Lighted
2023-10-18T12:44:00.000,I 85,Mm26 and I 85,,Sideswipe-Same Direction,2,Clear,Dry,Daylight
2024-03-24T20:45:00.000,I 85,Mm26 and I 85,,Rear End,2,Clear,Dry,Dark-Not Lighted
2024-07-28T09:40:00.000,I 85,Mm26 and I 85,,Not a Collision with Motor Vehicle,1,Rain,Wet,Daylight
2020-10-14T13:28:00.000,I 20,Mm26 and I 20,,Sideswipe-Same Direction,2,Clear,Dry,Daylight
2023-05-26T18:48:00.000,I 20,Mm26 and I 20,,Angle Crash,2,Clear,Dry,Daylight
2021-10-28T07:20:00.000,I 20,Mm26 and I 20,,Rear End,2,Rain,Wet,Daylight
2021-09-20T07:10:00.000,I 20,Mm26 and I 20,,Not a Collision with Motor Vehicle,1,Rain,Wet,Daylight
2022-12-22T22:15:00.000,I 20,Mm26 and I 20,,Not a Collision with Motor Vehicle,1,Rain,Wet,Dark-Not Lighted
2022-09-04T14:00:00.000,I 20,Mm26 and I 20,,Not a Collision with Motor Vehicle,1,Clear,Wet,Daylight
2022-05-26T15:02:00.000,I 20,Mm26 and I 20,,Not a Collision with Motor Vehicle,1,Rain,Wet,Daylight
2023-07-17T12:20:00.000,I 20,Mm26 and I 20,,Sideswipe-Same Direction,2,Clear,Dry,Daylight
2024-11-14T03:19:00.000,I 20,Mm26 and I 20,,Sideswipe-Same Direction,2,Rain,Wet,Dark-Not Lighted
2024-01-09T09:14:00.000,I 20,Mm26 and I 20,,Sideswipe-Same Direction,2,Rain,Wet,Daylight
2024-03-08T22:04:00.000,I 20,Mm26 and I 20,,Sideswipe-Same Direction,3,Rain,Wet,Dark-Not Lighted
2024-03-24T14:02:00.000,I 20,Mm26 and I 20,,Sideswipe-Same Direction,2,Clear,Dry,Daylight
2024-01-09T06:55:00.000,I 20,Mm26 and I 20,,Not a Collision with Motor Vehicle,1,Rain,Wet,Dark-Not Lighted
2024-07-06T17:07:00.000,I 20,Mm26 and I 20,,Not a Collision with Motor Vehicle,1,Rain,Wet,Daylight
2024-03-08T22:03:00.000,I 20,Mm26 and I 20,,Not a Collision with Motor Vehicle,1,Rain,Wet,Dark-Not Lighted
2022-05-21T08:34:00.000,I 85,Mm25 and I 85,,Not a Collision with Motor Vehicle,1,Cloudy,Dry,Daylight
2020-06-13T15:06:00.000,I 85,Mm25 and I 85,,Rear End,2,Cloudy,Dry,Daylight
2020-06-13T15:16:00.000,I 85,Mm25 and I 85,,Rear End,2,Cloudy,Dry,Daylight
2022-04-07T06:58:00.000,I 85,Mm25 and I 85,,Not a Collision with Motor Vehicle,1,Clear,Dry,Daylight
2024-01-30T17:15:00.000,I 85,Mm25 and I 85,,Rear End,2,Clear,Dry,Daylight
2020-04-30T19:15:00.000,I 20,Mm25 and I 20,,Rear End,2,Clear,Dry,Daylight
2023-04-30T21:45:00.000,I 20,Mm25 and I 20,,Not a Collision with Motor Vehicle,1,Clear,Dry,Dark-Not Lighted
2024-05-21T13:51:00.000,I 20,Mm25 and I 20,,Not a Collision with Motor Vehicle,1,Clear,Dry,Daylight
2021-09-29T18:42:00.000,I 16,Mm25 and I 16,,Rear End,2,Clear,Dry,Dusk
2022-03-08T00:27:00.000,I 16,Mm25 and I 16,,Rear End,2,Cloudy,Dry,Dark-Not Lighted
2022-06-29T06:17:00.000,I 16,Mm25 and I 16,,Not a Collision with Motor Vehicle,1,Rain,Wet,Daylight
2024-03-07T07:19:00.000,I 16,Mm25 and I 16,,Sideswipe-Same Direction,2,Clear,Dry,Daylight
2020-01-17T14:25:00.000,I 85,Mm24 and I 85,,Not a Collision with Motor Vehicle,2,Clear,Dry,Daylight
2022-06-28T06:20:00.000,I 85,Mm24 and I 85,,Not a Collision with Motor Vehicle,1,Clear,Dry,Dawn
2024-04-06T18:30:00.000,I 85,Mm24 and I 85,,Rear End,2,Clear,Dry,Daylight
2024-11-30T14:30:00.000,I 85,Mm24 and I 85,,Sideswipe-Same Direction,3,Clear,Dry,Daylight
2024-04-23T16:26:00.000,I 85,Mm24 and I 85,,Rear End,2,Clear,Dry,Daylight
2021-02-10T04:35:00.000,I 20,Mm24 and I 20,,Sideswipe-Same Direction,2,Cloudy,Dry,Dark-Not Lighted
2021-04-24T09:36:00.000,I 20,Mm24 and I 20,,Rear End,2,Rain,Wet,Daylight
2021-04-24T16:46:00.000,I 20,Mm24 and I 20,,Sideswipe-Same Direction,2,Clear,Dry,Daylight
2021-12-30T06:30:00.000,I 20,Mm24 and I 20,,Sideswipe-Same Direction,2,Rain,Wet,Dawn
2020-12-29T08:02:00.000,I 20,Mm24 and I 20,,Sideswipe-Same Direction,1,Clear,Dry,Daylight
2021-02-18T20:38:00.000,I 20,Mm24 and I 20,,Sideswipe-Same Direction,1,Cloudy,Dry,Dark-Not Lighted
2021-10-17T03:30:00.000,I 20,Mm24 and I 20,,Rear End,2,Clear,Dry,Dark-Not Lighted
2021-09-11T14:45:00.000,I 20,Mm24 and I 20,,Not a Collision with Motor Vehicle,2,Clear,Dry,Daylight
2021-10-15T02:43:00.000,I 20,Mm24 and I 20,,Not a Collision with Motor Vehicle,1,Clear,Dry,Dark-Not Lighted
2022-08-11T15:27:00.000,I 20,Mm24 and I 20,,Not a Collision with Motor Vehicle,1,Cloudy,Dry,Daylight
2022-09-12T01:56:00.000,I 20,Mm24 and I 20,,Sideswipe-Same Direction,2,Rain,Wet,Dark-Not Lighted
2023-10-22T07:35:00.000,I 20,Mm24 and I 20,,Not a Collision with Motor Vehicle,1,Clear,Dry,Dawn
2024-06-10T06:20:00.000,I 20,Mm24 and I 20,,Sideswipe-Same Direction,2,Clear,Dry,Daylight
2023-04-03T06:05:00.000,I 16,Mm24 and I 16,,Not a Collision with Motor Vehicle,1,Clear,Dry,Dark-Lighted
2020-05-15T22:47:00.000,I 16,Mm24 and I 16,,Not a Collision with Motor Vehicle,1,Clear,Dry,Dark-Not Lighted
2023-07-20T10:00:00.000,I 85,Mm23 and I 85,,Rear End,2,Clear,Dry,Daylight
2020-04-29T21:53:00.000,I 85,Mm23 and I 85,,Not a Collision with Motor Vehicle,1,Rain,Wet,Dark-Not Lighted
2023-10-12T00:15:00.000,I 85,Mm23 and I 85,,Not a Collision with Motor Vehicle,1,Rain,Wet,Dark-Not Lighted
2024-11-24T15:50:00.000,I 85,Mm23 and I 85,,Rear End,4,Clear,Dry,Daylight
2022-12-23T15:56:00.000,I 75,Mm23 and I 75,,Rear End,2,Clear,Dry,Daylight
2021-10-29T08:42:00.000,I 20,Mm23 and I 20,,Sideswipe-Same Direction,2,Clear,Dry,Daylight
2020-09-17T06:30:00.000,I 20,Mm23 and I 20,,Not a Collision with Motor Vehicle,1,Rain,Wet,Dark-Not Lighted