Date and Time,Roadway (From Crash Report),Intersection Name (from Crash Report),KABCO Severity,Manner of Collision (Crash Level) ,# of Vehicles per crash ,Weather Conditions (Crash Level),Surface Condition (Crash Level) ,Light Conditions (Crash Level)
2023-06-24T11:01:00.000,I 20,Mm23 and I 20,,Sideswipe-Same Direction,2,Clear,Dry,Daylight
2020-04-29T18:11:00.000,I 20,Mm23 and I 20,,Sideswipe-Same Direction,2,Rain,Wet,Daylight
2020-04-29T18:08:00.000,I 20,Mm23 and I 20,,Not a Collision with Motor Vehicle,1,Rain,Wet,Daylight
2020-12-02T10:10:00.000,I 20,Mm23 and I 20,,Rear End,2,Clear,Dry,Daylight
2021-03-18T10:55:00.000,I 20,Mm23 and I 20,,Rear End,2,Cloudy,Dry,Daylight
2021-02-23T05:34:00.000,I 20,Mm23 and I 20,,Not a Collision with Motor Vehicle,1,Clear,Dry,Dark-Not Lighted
2022-01-02T11:47:00.000,I 20,Mm23 and I 20,,Sideswipe-Same Direction,2,Rain,Wet,Daylight
2023-07-01T16:43:00.000,I 20,Mm23 and I 20,,Not a Collision with Motor Vehicle,3,Cloudy,Dry,Daylight
2023-01-09T17:27:00.000,I 20,Mm23 and I 20,,Sideswipe-Same Direction,2,Clear,Dry,Dusk
2023-12-12T14:44:00.000,I 20,Mm23 and I 20,,Rear End,2,Clear,Dry,Daylight
2023-07-21T19:45:00.000,I 20,Mm23 and I 20,,Not a Collision with Motor Vehicle,1,Rain,Wet,Dusk
2024-09-30T08:46:00.000,I 20,Mm23 and I 20,,Not a Collision with Motor Vehicle,1,Cloudy,Dry,Daylight
2024-07-21T10:38:00.000,I 20,Mm23 and I 20,,Sideswipe-Same Direction,2,Cloudy,Dry,Daylight
2024-03-10T00:46:00.000,I 20,Mm23 and I 20,,Not a Collision with Motor Vehicle,1,Cloudy,Dry,Dark-Not Lighted
2023-10-22T16:30:00.000,I 85,Mm22 and I 85,,Rear End,2,Clear,Dry,Daylight
2022-06-22T09:50:00.000,I 85,Mm22 and I 85,,Sideswipe-Same Direction,2,Clear,Dry,Daylight
2024-11-24T16:00:00.000,I 85,Mm22 and I 85,,Rear End,2,Clear,Dry,Daylight
2022-12-12T17:59:00.000,I 75,Mm22 and I 75,,Sideswipe-Same Direction,2,Clear,Dry,Dark-Not Lighted
2024-12-28T23:45:00.000,I 75,Mm22 and I 75,,Rear End,2,Clear,Dry,Dark-Not Lighted
2024-09-18T07:00:00.000,I 75,Mm22 and I 75,,Not a Collision with Motor Vehicle,1,Rain,Wet,Dusk
2024-08-29T07:50:00.000,I 75,Mm22 and I 75,,Not a Collision with Motor Vehicle,1,Clear,Dry,Daylight
2021-01-26T11:15:00.000,I 285,Mm22 and I 285,,Sideswipe-Same Direction,2,Cloudy,Dry,Daylight
2020-12-18T12:00:00.000,I 285,Mm22 and I 285,,Sideswipe-Same Direction,2,Clear,Dry,Daylight
2020-11-25T16:30:00.000,I 285,Mm22 and I 285,,Rear End,2,Rain,Wet,Daylight
2021-04-26T08:45:00.000,I 20,Mm22 and I 20,,Rear End,2,Clear,Dry,Daylight
2021-03-04T11:00:00.000,I 20,Mm22 and I 20,,Rear End,2,Clear,Dry,Daylight
2021-04-30T05:58:00.000,I 20,Mm22 and I 20,,Sideswipe-Same Direction,2,Cloudy,Dry,Dawn
2023-11-16T08:10:00.000,I 20,Mm22 and I 20,,Angle Crash,2,Clear,Dry,Daylight
2023-06-30T15:40:00.000,I 20,Mm22 and I 20,,Rear End,2,Cloudy,Wet,Daylight
2020-02-07T18:45:00.000,I 20,Mm22 and I 20,,Sideswipe-Same Direction,2,Clear,Dry,Dark-Not Lighted
2021-01-18T14:41:00.000,I 20,Mm22 and I 20,,Sideswipe-Same Direction,2,Clear,Dry,Daylight
2021-01-18T13:39:00.000,I 20,Mm22 and I 20,,Rear End,2,Clear,Dry,Daylight
2021-11-10T12:13:00.000,I 20,Mm22 and I 20,,Rear End,2,Clear,Dry,Daylight
2023-12-07T15:22:00.000,I 20,Mm22 and I 20,,Not a Collision with Motor Vehicle,2,Clear,Dry,Daylight
2024-07-24T17:22:00.000,I 20,Mm22 and I 20,,Rear End,2,Cloudy,Dry,Daylight
2020-08-14T16:03:00.000,I 16,Mm22 and I 16,,Not a Collision with Motor Vehicle,1,Rain,Wet,Daylight
2022-07-19T19:26:00.000,I 16,Mm22 and I 16,,Sideswipe-Same Direction,3,Clear,Dry,Daylight
2022-07-16T19:26:00.000,I 16,Mm22 and I 16,,Sideswipe-Same Direction,3,Clear,Dry,Daylight
2022-07-13T03:57:00.000,I 16,Mm22 and I 16,,Not a Collision with Motor Vehicle,1,Cloudy,Wet,Dark-Not Lighted
2021-06-07T20:25:00.000,Sr 140,Mm21 and Sr 140,,Not a Collision with Motor Vehicle,1,Cloudy,Wet,Daylight
2021-08-16T19:15:00.000,Sr 140,Mm21 and Sr 140,,Not a Collision with Motor Vehicle,1,Cloudy,Wet,Daylight
2021-04-29T07:40:00.000,I 85,Mm21 and I 85,,Not a Collision with Motor Vehicle,1,Clear,Dry,Daylight
2023-05-21T15:10:00.000,I 85,Mm21 and I 85,,Not a Collision with Motor Vehicle,1,Cloudy,Dry,Daylight
2023-10-11T23:24:00.000,I 85,Mm21 and I 85,,Not a Collision with Motor Vehicle,1,Rain,Wet,Dark-Not Lighted
2023-04-17T12:20:00.000,I 85,Mm21 and I 85,,Rear End,2,Clear,Dry,Daylight
2020-05-17T18:22:00.000,I 85,Mm21 and I 85,,Not a Collision with Motor Vehicle,1,Rain,Wet,Daylight
2020-04-19T10:58:00.000,I 85,Mm21 and I 85,,Not a Collision with Motor Vehicle,1,Rain,Wet,Daylight
2020-05-29T13:55:00.000,I 85,Mm21 and I 85,,Not a Collision with Motor Vehicle,1,Cloudy,Dry,Daylight
2020-04-23T09:25:00.000,I 85,Mm21 and I 85,,Not a Collision with Motor Vehicle,1,Rain,Wet,Daylight
2020-04-19T07:45:00.000,I 85,Mm21 and I 85,,Not a Collision with Motor Vehicle,1,Rain,Wet,Daylight
2020-05-27T18:17:00.000,I 85,Mm21 and I 85,,Sideswipe-Same Direction,1,Rain,Wet,Daylight
2024-08-21T07:15:00.000,I 85,Mm21 and I 85,,Sideswipe-Same Direction,2,Clear,Dry,Daylight
2024-07-20T16:10:00.000,I 85,Mm21 and I 85,,Rear End,2,Cloudy,Wet,Daylight
2023-08-05T01:44:00.000,I 85,Mm21 and I 85,,Not a Collision with Motor Vehicle,1,Clear,Dry,Dark-Not Lighted
2024-11-24T17:00:00.000,I 85,Mm21 and I 85,,Not a Collision with Motor Vehicle,1,Clear,Dry,Daylight
2024-07-20T14:45:00.000,I 85,Mm21 and I 85,,Rear End,2,Rain,Wet,Daylight
2024-01-27T15:03:00.000,I 85,Mm21 and I 85,,Not a Collision with Motor Vehicle,1,Rain,Wet,Daylight
2024-09-06T17:24:00.000,I 85,Mm21 and I 85,,Sideswipe-Same Direction,2,Rain,Wet,Daylight
2024-09-08T18:33:00.000,I 85,Mm21 and I 85,,Rear End,2,Clear,Dry,Daylight
2024-07-20T05:50:00.000,I 85,Mm21 and I 85,,Not a Collision with Motor Vehicle,1,Rain,Wet,Dark-Not Lighted
2021-12-30T06:30:00.000,I 285,Mm21 and I 285,,Angle Crash,2,Rain,Wet,Dark-Not Lighted
2021-11-16T09:30:00.000,I 285,Mm21 and I 285,,Rear End,2,Clear,Dry,Daylight
2023-05-01T09:15:00.000,I 285,Mm21 and I 285,,Rear End,2,Clear,Dry,Daylight
2021-05-18T15:12:00.000,I 20,Mm21 and I 20,,Not a Collision with Motor Vehicle,1,Cloudy,Dry,Daylight
2021-12-26T06:10:00.000,I 20,Mm21 and I 20,,Sideswipe-Same Direction,2,Cloudy,Dry,Dark-Not Lighted
2021-01-21T11:05:00.000,I 20,Mm21 and I 20,,Not a Collision with Motor Vehicle,1,Rain,Wet,Daylight
2020-06-23T15:37:00.000,I 20,Mm21 and I 20,,Rear End,2,Clear,Dry,Daylight
2020-07-11T10:16:00.000,I 20,Mm21 and I 20,,Rear End,2,Clear,Dry,Daylight
2020-09-18T18:39:00.000,I 20,Mm21 and I 20,,Rear End,2,Cloudy,Dry,Daylight
2020-10-29T17:17:00.000,I 20,Mm21 and I 20,,Sideswipe-Same Direction,2,Clear,Dry,Dusk
2020-08-15T09:25:00.000,I 20,Mm21 and I 20,,Not a Collision with Motor Vehicle,2,Cloudy,Dry,Daylight
2021-08-16T08:46:00.000,I 20,Mm21 and I 20,,Sideswipe-Same Direction,2,Cloudy,Dry,Daylight
2022-09-17T15:48:00.000,I 20,Mm21 and I 20,,Not a Collision with Motor Vehicle,1,Clear,Dry,Daylight
2024-04-07T17:21:00.000,I 20,Mm21 and I 20,,Not a Collision with Motor Vehicle,1,Clear,Dry,Daylight
2023-06-10T21:26:00.000,I 20,Mm21 and I 20,,Rear End,2,Clear,Dry,Dark-Not Lighted
2023-11-17T18:58:00.000,I 20,Mm21 and I 20,,Rear End,2,Clear,Dry,Dark-Not Lighted
2024-05-25T16:09:00.000,I 20,Mm21 and I 20,,Rear End,2,Clear,Dry,Daylight
2024-05-25T16:09:00.000,I 20,Mm21 and I 20,,Not a Collision with Motor Vehicle,2,Clear,Dry,Daylight
2024-04-07T17:21:00.000,I 20,Mm21 and I 20,,Rear End,2,Clear,Dry,Daylight
2021-08-14T13:24:00.000,I 16,Mm21 and I 16,,Angle Crash,2,Rain,Wet,Daylight
2021-09-22T04:09:00.000,I 16,Mm21 and I 16,,Not a Collision with Motor Vehicle,1,Clear,Dry,Dark-Not Lighted
2023-02-08T22:32:00.000,I 16,Mm21 and I 16,,Not a Collision with Motor Vehicle,1,Clear,Dry,Dark-Not Lighted
2023-10-15T16:12:00.000,I 85,Mm20 and I 85,,Rear End,2,Rain,Dry,Daylight
2023-12-20T07:15:00.000,I 85,Mm20 and I 85,,Sideswipe-Same Direction,2,Cloudy,Dry,Dawn
2023-06-16T20:00:00.000,I 85,Mm20 and I 85,,Rear End,2,Clear,Dry,Dark-Not Lighted
2023-11-06T07:00:00.000,I 85,Mm20 and I 85,,Sideswipe-Same Direction,2,Clear,Dry,Daylight
2024-08-02T10:18:00.000,I 85,Mm20 and I 85,,Not a Collision with Motor Vehicle,2,Clear,Dry,Daylight
2024-10-04T07:15:00.000,I 75,Mm20 and I 75,,Angle Crash,1,Cloudy,Dry,Dawn
2021-11-22T18:20:00.000,I 285,Mm20 and I 285,,Sideswipe-Same Direction,2,Clear,Dry,Dark-Not Lighted
2021-11-23T18:40:00.000,I 285,Mm20 and I 285,,Rear End,2,Clear,Dry,Dark-Not Lighted
2021-12-14T10:00:00.000,I 285,Mm20 and I 285,,Sideswipe-Same Direction,2,Clear,Dry,Daylight
2020-11-19T08:30:00.000,I 285,Mm20 and I 285,,Sideswipe-Same Direction,2,Clear,Dry,Daylight
2023-04-14T14:18:00.000,I 285,Mm20 and I 285,,Not a Collision with Motor Vehicle,1,Rain,Wet,Daylight
2022-04-01T19:00:00.000,I 285,Mm20 and I 285,,Rear End,2,Clear,Dry,Daylight
2020-12-11T18:30:00.000,I 285,Mm20 and I 285,,Sideswipe-Same Direction,2,Cloudy,Dry,Dark-Not Lighted
2021-12-21T08:30:00.000,I 285,Mm20 and I 285,,Sideswipe-Same Direction,2,Cloudy,Dry,Daylight
2022-02-28T16:30:00.000,I 285,Mm20 and I 285,,Not a Collision with Motor Vehicle,2,Clear,Dry,Daylight
2022-05-16T13:28:00.000,I 285,Mm20 and I 285,,Sideswipe-Same Direction,2,Cloudy,Dry,Daylight
2022-01-03T12:41:00.000,I 285,Mm20 and I 285,,Not a Collision with Motor Vehicle,2,Cloudy,Dry,Daylight
2022-01-03T13:20:00.000,I 285,Mm20 and I 285,,Not a Collision with Motor Vehicle,1,Cloudy,Dry,Daylight
2024-02-13T08:43:00.000,I 285,Mm20 and I 285,,Rear End,2,Clear,Dry,Daylight
2023-05-18T19:22:00.000,I 285,Mm20 and I 285,,Sideswipe-Same Direction,2,Clear,Dry,Daylight
2021-01-13T19:49:00.000,I 20,Mm20 and I 20,,Not a Collision with Motor Vehicle,1,Cloudy,Dry,Dark-Not Lighted
2021-02-23T08:23:00.000,I 20,Mm20 and I 20,,Rear End,2,Clear,Dry,Daylight
2021-10-23T14:45:00.000,I 20,Mm20 and I 20,,Rear End,3,Clear,Dry,Daylight
2023-02-10T06:45:00.000,I 20,Mm20 and I 20,,Rear End,2,Cloudy,Wet,Dawn
2020-03-12T00:45:00.000,I 20,Mm20 and I 20,,Not a Collision with Motor Vehicle,1,Clear,Dry,Dark-Not Lighted
2020-10-14T08:20:00.000,I 20,Mm20 and I 20,,Not a Collision with Motor Vehicle,1,Clear,Dry,Daylight
2020-04-04T02:26:00.000,I 20,Mm20 and I 20,,Sideswipe-Same Direction,1,Clear,Dry,Dark-Not Lighted
2020-09-18T14:15:00.000,I 20,Mm20 and I 20,,Angle Crash,4,Cloudy,Dry,Daylight
2020-04-04T02:26:00.000,I 20,Mm20 and I 20,,Rear End,3,Clear,Dry,Dark-Not Lighted
2020-02-15T17:23:00.000,I 20,Mm20 and I 20,,Rear End,2,Clear,Dry,Daylight
2020-02-23T02:28:00.000,I 20,Mm20 and I 20,,Rear End,2,Clear,Dry,Dark-Not Lighted
2021-01-04T09:05:00.000,I 20,Mm20 and I 20,,Rear End,2,Clear,Dry,Daylight
2021-05-14T09:59:00.000,I 20,Mm20 and I 20,,Not a Collision with Motor Vehicle,2,Clear,Dry,Daylight
2022-02-11T21:07:00.000,I 20,Mm20 and I 20,,Not a Collision with Motor Vehicle,1,Clear,Dry,Dark-Not Lighted
2021-08-15T20:11:00.000,I 20,Mm20 and I 20,,Not a Collision with Motor Vehicle,1,Clear,Dry,Daylight
2022-08-30T04:55:00.000,I 20,Mm20 and I 20,,Sideswipe-Same Direction,2,Clear,Dry,Dark-Not Lighted
2023-07-25T14:50:00.000,I 20,Mm20 and I 20,,Not a Collision with Motor Vehicle,1,Clear,Dry,Daylight
2024-10-08T20:28:00.000,I 20,Mm20 and I 20,,Not a Collision with Motor Vehicle,2,Clear,Dry,Dark-Not Lighted
2023-05-22T12:04:00.000,I 20,Mm20 and I 20,,Not a Collision with Motor Vehicle,1,Cloudy,Dry,Daylight
2023-06-25T04:35:00.000,I 20,Mm20 and I 20,,Sideswipe-Same Direction,2,Clear,Dry,Dark-Not Lighted
2024-02-09T21:59:00.000,I 20,Mm20 and I 20,,Not a Collision with Motor Vehicle,1,Clear,Dry,Dark-Not Lighted
2024-01-09T12:35:00.000,I 20,Mm20 and I 20,,Rear End,2,Cloudy,Wet,Daylight
2024-11-13T11:22:00.000,I 20,Mm20 and I 20,,Not a Collision with Motor Vehicle,1,Clear,Dry,Daylight
2022-07-15T15:16:00.000,I 16,Mm20 and I 16,,Not a Collision with Motor Vehicle,1,Rain,Wet,Daylight
2022-08-17T17:35:00.000,I 16,Mm20 and I 16,,Not a Collision with Motor Vehicle,1,Rain,Wet,Daylight
2024-02-16T08:45:00.000,Sr 120,Mm2 and Sr 120,,Not a Collision with Motor Vehicle,1,Clear,Dry,Daylight
2020-01-03T08:50:00.000,I 85,Mm2 and I 85,,Not a Collision with Motor Vehicle,1,Rain,Wet,Daylight
2023-08-20T08:58:00.000,I 85,Mm2 and I 85,,Not a Collision with Motor Vehicle,1,Clear,Dry,Daylight
2024-08-18T18:59:00.000,I 85,Mm2 and I 85,,Rear End,2,Cloudy,Wet,Daylight
2021-03-31T14:35:00.000,I 20,Mm2 and I 20,,Not a Collision with Motor Vehicle,1,Rain,Wet,Daylight
2021-03-29T11:30:00.000,I 20,Mm2 and I 20,,Not a Collision with Motor Vehicle,1,Clear,Dry,Daylight
2023-12-12T07:15:00.000,I 20,Mm2 and I 20,,(None),2,(None),(None),(None)
2020-05-09T03:50:00.000,I 20,Mm2 and I 20,,Sideswipe-Same Direction,2,Clear,Dry,Dark-Not Lighted
2020-03-16T21:30:00.000,I 20,Mm2 and I 20,,Not a Collision with Motor Vehicle,1,Clear,Dry,Dark-Not Lighted
2023-09-24T16:27:00.000,I 16,Mm2 and I 16,,Rear End,2,Clear,Dry,Daylight
2024-02-07T18:47:00.000,Sr 140,Mm19 and Sr 140,,Not a Collision with Motor Vehicle,1,Clear,Dry,Dark-Not Lighted
2024-01-24T10:14:00.000,Sr 140,Mm19 and Sr 140,,Rear End,2,Cloudy,Wet,Daylight
2024-04-07T14:45:00.000,I 85,Mm19 and I 85,,Rear End,3,Clear,Dry,Daylight
2024-11-09T10:50:00.000,I 75,Mm19 and I 75,,Not a Collision with Motor Vehicle,2,Clear,Dry,Daylight
2021-12-10T17:00:00.000,I 285,Mm19 and I 285,,Sideswipe-Same Direction,2,Fog,Wet,Dark-Not Lighted
2021-10-05T07:30:00.000,I 285,Mm19 and I 285,,Rear End,2,Rain,Wet,Dark-Not Lighted
2022-01-12T11:00:00.000,I 285,Mm19 and I 285,,Rear End,2,Clear,Dry,Daylight
2022-04-18T09:30:00.000,I 285,Mm19 and I 285,,Sideswipe-Same Direction,2,Cloudy,Wet,Daylight
2023-03-03T14:13:00.000,I 285,Mm19 and I 285,,Rear End,2,Cloudy,Dry,Daylight
2021-05-11T23:00:00.000,I 20,Mm19 and I 20,,Sideswipe-Same Direction,2,Clear,Dry,Daylight
2021-03-13T10:23:00.000,I 20,Mm19 and I 20,,Rear End,2,Clear,Dry,Daylight
2023-02-17T05:55:00.000,I 20,Mm19 and I 20,,Sideswipe-Same Direction,1,Rain,Wet,Dark-Not Lighted
2020-03-14T16:23:00.000,I 20,Mm19 and I 20,,Not a Collision with Motor Vehicle,1,Clear,Dry,Daylight
2020-07-08T10:40:00.000,I 20,Mm19 and I 20,,Sideswipe-Same Direction,1,Clear,Dry,Daylight
2020-08-20T08:28:00.000,I 20,Mm19 and I 20,,Not a Collision with Motor Vehicle,1,Cloudy,Dry,Daylight
2022-04-01T16:50:00.000,I 20,Mm19 and I 20,,Sideswipe-Same Direction,2,Clear,Dry,Daylight
2022-10-31T04:31:00.000,I 20,Mm19 and I 20,,Not a Collision with Motor Vehicle,1,Cloudy,Wet,Dark-Not Lighted
2022-03-20T20:45:00.000,I 20,Mm19 and I 20,,Sideswipe-Same Direction,2,Clear,Dry,Dark-Not Lighted
2023-07-31T11:35:00.000,I 20,Mm19 and I 20,,Angle Crash,1,Clear,Dry,Daylight
2024-01-20T11:26:00.000,I 20,Mm19 and I 20,,Rear End,2,Clear,Dry,Daylight
2020-09-01T20:34:00.000,I 16,Mm19 and I 16,,Not a Collision with Motor Vehicle,1,Clear,Dry,Dark-Not Lighted
2020-07-12T09:43:00.000,I 16,Mm19 and I 16,,Not a Collision with Motor Vehicle,1,Clear,Dry,Daylight
2023-12-13T09:22:00.000,I 85,Mm18 and I 85,,Angle Crash,2,Clear,Dry,Daylight
2020-06-21T17:17:00.000,I 85,Mm18 and I 85,,Not a Collision with Motor Vehicle,1,Rain,Wet,Daylight
2022-03-25T11:15:00.000,I 85,Mm18 and I 85,,Sideswipe-Same Direction,2,Clear,Dry,Daylight
2023-10-01T14:02:00.000,I 85,Mm18 and I 85,,Rear End,2,Clear,Dry,Daylight
2023-10-09T19:15:00.000,I 85,Mm18 and I 85,,Not a Collision with Motor Vehicle,1,Clear,Dry,Dusk
2024-01-27T14:40:00.000,I 85,Mm18 and I 85,,Not a Collision with Motor Vehicle,1,Rain,Wet,Daylight
2023-02-28T11:15:00.000,I 85,Mm18 and I 85,,Not a Collision with Motor Vehicle,1,Clear,Dry,Daylight
2024-06-23T15:23:00.000,I 85,Mm18 and I 85,,Sideswipe-Same Direction,2,Clear,Dry,Daylight
2021-07-22T13:00:00.000,I 285,Mm18 and I 285,,Sideswipe-Same Direction,2,Cloudy,Dry,Daylight
2021-02-19T12:55:00.000,I 285,Mm18 and I 285,,Rear End,2,Clear,Dry,Daylight
2023-04-20T16:19:00.000,I 285,Mm18 and I 285,,Sideswipe-Same Direction,2,Clear,Dry,Daylight
2021-02-15T15:45:00.000,I 285,Mm18 and I 285,,Sideswipe-Same Direction,3,Rain,Wet,Daylight
2021-10-15T13:15:00.000,I 285,Mm18 and I 285,,Sideswipe-Same Direction,2,Cloudy,Dry,Daylight
2021-11-16T07:30:00.000,I 285,Mm18 and I 285,,Rear End,2,Clear,Dry,Daylight
2022-02-18T16:00:00.000,I 285,Mm18 and I 285,,Rear End,2,Clear,Dry,Daylight
2022-05-03T12:25:00.000,I 285,Mm18 and I 285,,Sideswipe-Same Direction,2,Cloudy,Dry,Daylight
2022-02-18T14:20:00.000,I 285,Mm18 and I 285,,Rear End,2,Cloudy,Dry,Daylight
2023-07-06T18:50:00.000,I 285,Mm18 and I 285,,Sideswipe-Same Direction,2,Clear,Dry,Daylight
2024-01-11T12:00:00.000,I 285,Mm18 and I 285,,Rear End,2,Clear,Dry,Daylight
2024-01-04T13:16:00.000,I 285,Mm18 and I 285,,Rear End,2,Clear,Dry,Daylight
2021-09-08T23:33:00.000,I 20,Mm18 and I 20,,Not a Collision with Motor Vehicle,1,Cloudy,Dry,Dark-Not Lighted
2021-05-11T09:37:00.000,I 20,Mm18 and I 20,,Sideswipe-Same Direction,2,Cloudy,Dry,Daylight
2020-12-09T13:42:00.000,I 20,Mm18 and I 20,,Rear End,2,Clear,Dry,Daylight
2024-10-12T09:08:00.000,I 20,Mm18 and I 20,,Sideswipe-Same Direction,2,Clear,Dry,Daylight
2021-07-23T05:07:00.000,I 16,Mm18 and I 16,,Not a Collision with Motor Vehicle,1,Rain,Wet,Dark-Not Lighted
2023-06-19T16:45:00.000,I 16,Mm18 and I 16,,Not a Collision with Motor Vehicle,1,Rain,Wet,Daylight
2021-08-20T16:00:00.000,I 285,Mm174 and I 285,,Rear End,2,Cloudy,Dry,Daylight
2024-09-24T18:54:00.000,I 85,Mm17 and I 85,,Sideswipe-Same Direction,2,Clear,Dry,Daylight
2020-03-25T12:43:00.000,I 75,Mm17 and I 75,,Sideswipe-Same Direction,2,Clear,Dry,Daylight
2021-05-28T16:30:00.000,I 20,Mm17 and I 20,,Rear End,3,Cloudy,Dry,Daylight
2021-07-22T21:10:00.000,I 20,Mm17 and I 20,,Sideswipe-Same Direction,2,Clear,Dry,Dark-Not Lighted
2020-09-29T18:55:00.000,I 20,Mm17 and I 20,,Sideswipe-Same Direction,2,Clear,Dry,Daylight
2020-11-23T11:43:00.000,I 20,Mm17 and I 20,,Sideswipe-Same Direction,2,Clear,Dry,Daylight
2020-11-24T05:42:00.000,I 20,Mm17 and I 20,,Sideswipe-Same Direction,2,Clear,Dry,Dark-Not Lighted
2021-01-16T18:00:00.000,I 20,Mm17 and I 20,,Not a Collision with Motor Vehicle,1,Cloudy,Dry,Dusk
2021-12-13T15:26:00.000,I 20,Mm17 and I 20,,Not a Collision with Motor Vehicle,1,Clear,Dry,Daylight
2021-09-27T01:16:00.000,I 20,Mm17 and I 20,,Rear End,2,Clear,Dry,Dark-Not Lighted
2023-09-06T01:44:00.000,I 20,Mm17 and I 20,,Not a Collision with Motor Vehicle,1,Cloudy,Dry,Dark-Not Lighted
2024-08-20T11:30:00.000,I 20,Mm17 and I 20,,Rear End,2,Clear,Dry,Daylight
2024-07-26T12:53:00.000,I 20,Mm17 and I 20,,Sideswipe-Same Direction,2,Clear,Dry,Daylight
2024-12-31T03:40:00.000,I 75,Mm16 and I 75,,Not a Collision with Motor Vehicle,1,Clear,Dry,Dark-Not Lighted
2024-05-10T10:10:00.000,I 75,Mm16 and I 75,,Not a Collision with Motor Vehicle,1,Cloudy,Wet,Daylight
2021-12-16T06:20:00.000,I 285,Mm16 and I 285,,Angle Crash,2,Cloudy,Dry,Dark-Not Lighted
2023-10-10T08:12:00.000,I 285,Mm16 and I 285,,Sideswipe-Same Direction,2,Clear,Dry,Daylight
2021-02-16T14:30:00.000,I 285,Mm16 and I 285,,Not a Collision with Motor Vehicle,2,Cloudy,Dry,Daylight
2021-10-28T18:20:00.000,I 285,Mm16 and I 285,,Sideswipe-Same Direction,2,Rain,Wet,Daylight
2021-11-23T13:40:00.000,I 285,Mm16 and I 285,,Rear End,2,Clear,Dry,Daylight
2022-04-01T17:20:00.000,I 285,Mm16 and I 285,,Rear End,2,Clear,Dry,Daylight
2022-03-18T17:30:00.000,I 285,Mm16 and I 285,,Rear End,2,Cloudy,Wet,Daylight
2022-02-18T15:30:00.000,I 285,Mm16 and I 285,,Rear End,2,Clear,Dry,Daylight
2022-03-25T13:30:00.000,I 285,Mm16 and I 285,,Sideswipe-Same Direction,2,Cloudy,Dry,Daylight
2023-07-25T14:06:00.000,I 285,Mm16 and I 285,,Not a Collision with Motor Vehicle,1,Clear,Dry,Daylight
2023-05-18T12:40:00.000,I 285,Mm16 and I 285,,Rear End,2,Clear,Dry,Daylight
2023-09-11T13:14:00.000,I 285,Mm16 and I 285,,Sideswipe-Same Direction,2,Clear,Dry,Daylight
2020-10-10T01:18:00.000,I 20,Mm16 and I 20,,Rear End,2,Rain,Wet,Dark-Not Lighted
2020-04-24T23:53:00.000,I 20,Mm16 and I 20,,Sideswipe-Same Direction,2,Clear,Dry,Dark-Not Lighted
2022-07-02T21:55:00.000,I 20,Mm16 and I 20,,Sideswipe-Same Direction,2,Clear,Dry,Dark-Not Lighted
2023-07-25T19:11:00.000,I 20,Mm16 and I 20,,Sideswipe-Same Direction,2,Clear,Dry,Daylight
2024-10-12T01:37:00.000,I 20,Mm16 and I 20,,Rear End,2,Clear,Dry,Dark-Not Lighted
2023-07-21T16:00:00.000,I 20,Mm16 and I 20,,Rear End,2,Clear,Dry,Daylight
2024-07-05T07:40:00.000,I 20,Mm16 and I 20,,Rear End,2,Clear,Dry,Daylight
2022-06-22T16:00:00.000,I 16,Mm16 and I 16,,Sideswipe-Same Direction,2,Clear,Dry,Daylight
2024-06-21T17:05:00.000,I 16,Mm16 and I 16,,Not a Collision with Motor Vehicle,1,Clear,Dry,Daylight
2021-01-23T06:22:00.000,I 75,Mm15 and I 75,,Rear End,1,Clear,Dry,Dark-Not Lighted
2024-08-18T17:50:00.000,I 75,Mm15 and I 75,,Angle Crash,2,Clear,Dry,Daylight
2021-07-26T12:40:00.000,I 285,Mm15 and I 285,,Rear End,2,Cloudy,Dry,Daylight
2023-06-13T18:23:00.000,I 285,Mm15 and I 285,,Rear End,2,Clear,Dry,Daylight
2023-09-21T17:49:00.000,I 285,Mm15 and I 285,,Rear End,2,Clear,Dry,Daylight
2021-04-19T08:25:00.000,I 285,Mm15 and I 285,,Rear End,2,Clear,Dry,Daylight
2021-06-10T19:00:00.000,I 285,Mm15 and I 285,,Rear End,3,Rain,Wet,Daylight
2021-07-26T12:00:00.000,I 285,Mm15 and I 285,,Sideswipe-Same Direction,3,Cloudy,Dry,Daylight
2021-10-28T16:30:00.000,I 285,Mm15 and I 285,,Sideswipe-Same Direction,2,Rain,Wet,Daylight
2022-04-07T15:30:00.000,I 285,Mm15 and I 285,,Rear End,2,Cloudy,Dry,Daylight
2022-04-07T15:30:00.000,I 285,Mm15 and I 285,,Rear End,2,Cloudy,Dry,Daylight
2022-04-14T10:50:00.000,I 285,Mm15 and I 285,,Rear End,2,Cloudy,Dry,Daylight
2022-03-15T15:30:00.000,I 285,Mm15 and I 285,,Sideswipe-Same Direction,2,Rain,Wet,Daylight
2024-11-29T07:00:00.000,I 285,Mm15 and I 285,,Rear End,3,Clear,Dry,Daylight
2024-11-29T07:00:00.000,I 285,Mm15 and I 285,,Rear End,2,Clear,Dry,Daylight
2023-08-18T14:47:00.000,I 285,Mm15 and I 285,,Rear End,2,Clear,Dry,Daylight
2024-02-12T15:53:00.000,I 285,Mm15 and I 285,,Rear End,2,Rain,Wet,Daylight
2021-06-06T15:25:00.000,I 20,Mm15 and I 20,,Rear End,2,Cloudy,Dry,Daylight
2021-10-02T13:17:00.000,I 20,Mm15 and I 20,,Rear End,2,Cloudy,Dry,Daylight