Date and Time,Roadway (From Crash Report),Intersection Name (from Crash Report),KABCO Severity,Manner of Collision (Crash Level) ,# of Vehicles per crash ,Weather Conditions (Crash Level),Surface Condition (Crash Level) ,Light Conditions (Crash Level)
2021-03-04T21:40:00.000,I 20,Mm 4 and I 20,,Sideswipe-Same Direction,1,Clear,Dry,Dark-Not Lighted
2020-09-28T21:08:00.000,I 20,Mm 4 and I 20,,Angle Crash,2,Rain,Wet,Dark-Not Lighted
2020-12-28T05:35:00.000,I 20,Mm 4 and I 20,,Sideswipe-Same Direction,2,Clear,Dry,Dark-Not Lighted
2020-08-14T18:53:00.000,I 20,Mm 4 and I 20,,Not a Collision with Motor Vehicle,1,Rain,Wet,Daylight
2020-08-14T18:30:00.000,I 20,Mm 4 and I 20,,Not a Collision with Motor Vehicle,1,Rain,Wet,Daylight
2020-04-23T14:35:00.000,I 20,Mm 4 and I 20,,Not a Collision with Motor Vehicle,1,Rain,Wet,Daylight
2020-06-05T13:04:00.000,I 20,Mm 4 and I 20,,Not a Collision with Motor Vehicle,1,Rain,Wet,Daylight
2020-06-05T09:58:00.000,I 20,Mm 4 and I 20,,Not a Collision with Motor Vehicle,1,Rain,Wet,Daylight
2022-03-12T03:00:00.000,I 20,Mm 4 and I 20,,Rear End,2,Rain,Wet,Dark-Not Lighted
2022-10-13T03:57:00.000,I 20,Mm 4 and I 20,,Not a Collision with Motor Vehicle,1,Rain,Wet,Dark-Not Lighted
2022-02-23T08:03:00.000,I 20,Mm 4 and I 20,,Rear End,3,Rain,Wet,Daylight
2023-12-25T13:05:00.000,I 20,Mm 4 and I 20,,Not a Collision with Motor Vehicle,1,Rain,Wet,Daylight
2023-09-12T06:15:00.000,I 285,Mm 36 and I 285,,Rear End,2,Clear,Dry,Dark-Not Lighted
2023-03-31T17:22:00.000,I 285,Mm 33 and I 285,,Sideswipe-Same Direction,2,Clear,Dry,Daylight
2023-03-31T17:20:00.000,I 285,Mm 33 and I 285,,Rear End,2,Clear,Dry,Daylight
2022-01-23T07:20:00.000,I 85,Mm 3 and I 85,,Not a Collision with Motor Vehicle,1,Clear,Dry,Dawn
2024-04-16T22:05:00.000,I 85,Mm 3 and I 85,,Not a Collision with Motor Vehicle,1,Clear,Dry,Dark-Not Lighted
2022-09-20T12:39:00.000,I 75,Mm 3 and I 75,,Not a Collision with Motor Vehicle,1,Clear,Dry,Daylight
2023-08-15T15:00:00.000,I 285,Mm 3 and I 285,,Not a Collision with Motor Vehicle,1,Rain,Wet,Daylight
2024-05-23T17:20:00.000,I 285,Mm 3 and I 285,,Sideswipe-Same Direction,2,Clear,Dry,Daylight
2024-05-23T17:50:00.000,I 285,Mm 3 and I 285,,Rear End,2,Clear,Dry,Daylight
2020-07-07T18:25:00.000,I 20,Mm 3 and I 20,,Not a Collision with Motor Vehicle,1,Rain,Wet,Daylight
2020-08-19T20:05:00.000,I 20,Mm 3 and I 20,,Not a Collision with Motor Vehicle,1,Rain,Wet,Dark-Not Lighted
2020-08-28T15:40:00.000,I 20,Mm 3 and I 20,,Not a Collision with Motor Vehicle,1,Rain,Wet,Daylight
2021-12-11T07:05:00.000,I 20,Mm 3 and I 20,,Not a Collision with Motor Vehicle,1,Cloudy,Dry,Daylight
2023-01-26T13:05:00.000,I 16,Mm 3 and I 16,,Sideswipe-Same Direction,2,Clear,Dry,Daylight
2021-08-23T16:40:00.000,I 285,Mm 29 and I 285,,Rear End,2,Clear,Dry,Daylight
2020-07-03T15:00:00.000,I 285,Mm 24 and I 285,,Rear End,2,Clear,Dry,Daylight
2024-04-12T07:32:00.000,I 285,Mm 24 and I 285,,Rear End,2,Clear,Dry,Daylight
2023-09-09T15:21:00.000,I 285,Mm 22 and I 285,,Not a Collision with Motor Vehicle,1,Clear,Dry,Daylight
2021-03-19T07:20:00.000,Sr 140,Mm 21 and Sr 140,,Not a Collision with Motor Vehicle,1,Cloudy,Dry,Dark-Not Lighted
2021-09-20T14:58:00.000,Sr 140,Mm 21 and Sr 140,,Not a Collision with Motor Vehicle,1,Cloudy,Wet,Daylight
2021-06-14T11:30:00.000,I 285,Mm 21 and I 285,,Rear End,2,Cloudy,Dry,Daylight
2020-12-23T14:15:00.000,I 285,Mm 21 and I 285,,Sideswipe-Same Direction,2,Cloudy,Dry,Daylight
2023-08-17T12:20:00.000,I 285,Mm 21 and I 285,,Sideswipe-Same Direction,2,Clear,Dry,Daylight
2023-09-15T07:30:00.000,I 285,Mm 21 and I 285,,Rear End,2,Cloudy,Dry,Daylight
2024-08-08T11:30:00.000,I 285,Mm 21 and I 285,,Rear End,2,Clear,Dry,Daylight
2021-05-18T09:00:00.000,I 285,Mm 20 and I 285,,Sideswipe-Same Direction,4,Cloudy,Dry,Daylight
2023-12-07T16:10:00.000,I 285,Mm 20 and I 285,,Rear End,4,Clear,Dry,Daylight
2024-08-08T08:15:00.000,I 285,Mm 20 and I 285,,Rear End,2,Clear,Dry,Daylight
2022-05-10T18:15:00.000,I 285,Mm 20 and I 285,,Rear End,2,Clear,Dry,Daylight
2023-11-03T15:00:00.000,I 285,Mm 20 and I 285,,Sideswipe-Same Direction,2,Clear,Dry,Daylight
2023-08-17T08:00:00.000,I 285,Mm 20 and I 285,,Rear End,2,Clear,Dry,Daylight
2024-08-08T08:16:00.000,I 285,Mm 20 and I 285,,Angle Crash,2,Clear,Dry,Daylight
2024-09-23T16:53:00.000,I 285,Mm 20 and I 285,,Rear End,2,Clear,Dry,Daylight
2024-11-25T12:35:00.000,I 285,Mm 20 and I 285,,Sideswipe-Same Direction,2,Clear,Dry,Daylight
2024-07-23T15:00:00.000,I 285,Mm 20 and I 285,,Rear End,2,Clear,Dry,Daylight
2024-08-05T12:46:00.000,I 285,Mm 20 and I 285,,Sideswipe-Same Direction,2,Clear,Dry,Daylight
2020-11-01T20:04:00.000,Sr 140,Mm 2 and Sr 140,,Not a Collision with Motor Vehicle,1,Clear,Dry,Dark-Not Lighted
2022-12-14T21:35:00.000,I 85,Mm 2 and I 85,,Not a Collision with Motor Vehicle,1,Rain,Wet,Dark-Not Lighted
2024-10-17T10:50:00.000,I 85,Mm 2 and I 85,,Angle Crash,1,Clear,Dry,Daylight
2023-08-04T12:35:00.000,I 85,Mm 2 and I 85,,Not a Collision with Motor Vehicle,1,Clear,Dry,Daylight
2023-12-23T07:00:00.000,I 75,Mm 2 and I 75,,Rear End,3,Clear,Dry,Daylight
2024-09-26T01:40:00.000,I 75,Mm 2 and I 75,,Sideswipe-Same Direction,1,Rain,Wet,Dark-Not Lighted
2020-01-02T11:48:00.000,I 20,Mm 2 and I 20,,Not a Collision with Motor Vehicle,1,Rain,Wet,Daylight
2020-05-18T06:55:00.000,I 20,Mm 2 and I 20,,Not a Collision with Motor Vehicle,1,Rain,Wet,Dawn
2022-11-03T06:00:00.000,I 20,Mm 2 and I 20,,Not a Collision with Motor Vehicle,1,Clear,Dry,Daylight
2022-06-09T13:50:00.000,I 20,Mm 2 and I 20,,Angle Crash,2,Clear,Dry,Daylight
2024-07-27T12:45:00.000,I 20,Mm 2 and I 20,,Sideswipe-Same Direction,2,Clear,Dry,Daylight
2023-09-16T08:00:00.000,I 20,Mm 2 and I 20,,Not a Collision with Motor Vehicle,1,Rain,Wet,Daylight
2023-07-09T04:45:00.000,I 20,Mm 2 and I 20,,Sideswipe-Same Direction,2,Clear,Dry,Dark-Not Lighted
2023-12-10T11:43:00.000,I 16,Mm 2 and I 16,,Not a Collision with Motor Vehicle,1,Rain,Wet,Daylight
2021-06-22T15:55:00.000,I 16,Mm 2 and I 16,,Sideswipe-Same Direction,2,Rain,Wet,Daylight
2021-08-16T17:35:00.000,I 16,Mm 2 and I 16,,Not a Collision with Motor Vehicle,1,Rain,Wet,Daylight
2021-06-27T14:13:00.000,Sr 140,Mm 19 and Sr 140,,Rear End,2,Clear,Dry,Daylight
2023-01-01T21:46:00.000,Sr 140,Mm 19 and Sr 140,,Not a Collision with Motor Vehicle,1,Clear,Dry,Dark-Not Lighted
2021-02-15T14:00:00.000,I 285,Mm 19 and I 285,,Sideswipe-Same Direction,2,Rain,Wet,Daylight
2021-07-20T17:00:00.000,I 285,Mm 19 and I 285,,Rear End,2,Cloudy,Wet,Daylight
2023-09-14T17:00:00.000,I 285,Mm 19 and I 285,,Sideswipe-Same Direction,2,Rain,Wet,Daylight
2021-07-20T16:00:00.000,I 285,Mm 19 and I 285,,Not a Collision with Motor Vehicle,1,Rain,Wet,Daylight
2024-12-17T14:40:00.000,I 285,Mm 19 and I 285,,Sideswipe-Same Direction,2,Clear,Dry,Daylight
2024-12-31T14:15:00.000,I 285,Mm 19 and I 285,,Rear End,2,Clear,Dry,Daylight
2024-10-03T12:15:00.000,I 285,Mm 19 and I 285,,Sideswipe-Same Direction,3,Cloudy,Dry,Daylight
2021-07-01T11:50:00.000,I 285,Mm 18 and I 285,,Sideswipe-Same Direction,2,Cloudy,Dry,Daylight
2021-06-15T08:40:00.000,I 285,Mm 18 and I 285,,Sideswipe-Same Direction,2,Cloudy,Dry,Daylight
2021-06-23T13:00:00.000,I 285,Mm 18 and I 285,,Rear End,2,Cloudy,Dry,Daylight
2021-09-24T08:15:00.000,I 285,Mm 18 and I 285,,Not a Collision with Motor Vehicle,2,Clear,Dry,Daylight
2024-08-29T16:15:00.000,I 285,Mm 18 and I 285,,Rear End,2,Clear,Dry,Daylight
2024-08-29T17:15:00.000,I 285,Mm 18 and I 285,,Sideswipe-Same Direction,2,Clear,Dry,Daylight
2024-06-25T18:00:00.000,I 285,Mm 18 and I 285,,Sideswipe-Same Direction,2,Clear,Dry,Daylight
2022-12-03T04:57:00.000,Sr 140,Mm 17 and Sr 140,,Not a Collision with Motor Vehicle,1,Rain,Wet,Dark-Not Lighted
2024-08-16T12:50:00.000,I 285,Mm 17 and I 285,,Rear End,2,Clear,Dry,Daylight
2024-08-29T17:10:00.000,I 285,Mm 17 and I 285,,Rear End,2,Clear,Dry,Daylight
2024-08-29T17:10:00.000,I 285,Mm 17 and I 285,,Rear End,2,Clear,Dry,Daylight
2020-05-21T06:15:00.000,Sr 140,Mm 16 and Sr 140,,Not a Collision with Motor Vehicle,1,Cloudy,Dry,Dawn
2023-07-20T13:03:00.000,Sr 140,Mm 16 and Sr 140,,Rear End,2,Cloudy,Dry,Daylight
2023-11-03T14:00:00.000,I 285,Mm 16 and I 285,,Rear End,2,Clear,Dry,Daylight
2022-04-11T08:00:00.000,I 285,Mm 16 and I 285,,Head On,3,Clear,Wet,Daylight
2023-12-25T16:45:00.000,I 285,Mm 16 and I 285,,Rear End,2,Rain,Wet,Daylight
2023-12-25T16:45:00.000,I 285,Mm 16 and I 285,,Sideswipe-Same Direction,3,Rain,Wet,Daylight
2024-08-06T18:15:00.000,I 285,Mm 16 and I 285,,Angle Crash,3,Cloudy,Dry,Daylight
2024-06-17T17:10:00.000,I 285,Mm 16 and I 285,,Rear End,3,Clear,Dry,Daylight
2022-08-24T05:47:00.000,Sr 140,Mm 15 and Sr 140,,Not a Collision with Motor Vehicle,1,Cloudy,Dry,Dark-Lighted
2023-11-17T19:10:00.000,I 285,Mm 15 and I 285,,Rear End,2,Cloudy,Dry,Dark-Not Lighted
2021-06-30T11:30:00.000,I 285,Mm 15 and I 285,,Sideswipe-Same Direction,2,Cloudy,Dry,Daylight
2024-10-01T18:15:00.000,I 285,Mm 15 and I 285,,Rear End,2,Clear,Dry,Daylight
2024-10-29T18:30:00.000,I 285,Mm 14 and I 285,,Sideswipe-Same Direction,2,Clear,Dry,Daylight
2024-05-27T09:23:00.000,I 285,Mm 14 and I 285,,Not a Collision with Motor Vehicle,1,Rain,Wet,Daylight
2021-08-22T15:50:00.000,Sr 140,Mm 13 and Sr 140,,Angle Crash,2,Rain,Wet,Daylight
2021-06-21T13:40:00.000,I 285,Mm 13 and I 285,,Rear End,2,Cloudy,Dry,Daylight
2023-06-26T17:03:00.000,I 285,Mm 13 and I 285,,Sideswipe-Same Direction,2,Clear,Dry,Daylight
2020-06-16T16:51:00.000,I 285,Mm 13 and I 285,,Sideswipe-Same Direction,2,Clear,Dry,Daylight
2023-04-30T06:06:00.000,I 285,Mm 13 and I 285,,Not a Collision with Motor Vehicle,1,Rain,Wet,Daylight
2024-10-21T16:05:00.000,I 285,Mm 13 and I 285,,Sideswipe-Same Direction,2,Clear,Dry,Daylight
2020-01-01T03:55:00.000,Sr 120,Mm 12 and Sr 120,,Not a Collision with Motor Vehicle,1,Clear,Dry,Dark-Not Lighted
2021-07-14T11:50:00.000,I 285,Mm 12 and I 285,,Rear End,2,Cloudy,Dry,Daylight
2021-02-05T17:00:00.000,I 285,Mm 12 and I 285,,Sideswipe-Same Direction,2,Cloudy,Dry,Daylight
2020-12-07T17:25:00.000,I 285,Mm 12 and I 285,,Rear End,2,Clear,Dry,Daylight
2021-06-23T14:10:00.000,I 285,Mm 12 and I 285,,Rear End,2,Cloudy,Dry,Daylight
2024-04-16T17:40:00.000,I 285,Mm 12 and I 285,,Rear End,3,Clear,Dry,Daylight
2020-10-23T17:50:00.000,I 285,Mm 11 and I 285,,Rear End,2,Clear,Dry,Daylight
2024-08-22T19:00:00.000,I 285,Mm 11 and I 285,,Sideswipe-Same Direction,2,Clear,Dry,Daylight
2024-04-16T15:45:00.000,I 285,Mm 11 and I 285,,Rear End,2,Clear,Dry,Daylight
2021-09-08T12:00:00.000,I 285,Mm 10 and I 285,,Rear End,2,Clear,Dry,Daylight
2020-06-01T13:12:00.000,I 285,Mm 10 and I 285,,Angle Crash,2,Clear,Dry,Daylight
2021-10-08T08:00:00.000,I 285,Mm 10 and I 285,,Sideswipe-Same Direction,4,Cloudy,Dry,Daylight
2024-10-01T18:35:00.000,I 285,Mm 10 and I 285,,Sideswipe-Same Direction,2,Clear,Dry,Daylight
2022-05-08T12:43:00.000,Sr 140,Mm 1 and Sr 140,,Angle Crash,3,Clear,Dry,Daylight
2021-05-16T20:49:00.000,I 95,Mm 1 and I 95,,Rear End,2,Clear,Dry,Dark-Not Lighted
2023-03-27T09:27:00.000,I 85,Mm 1 and I 85,,Not a Collision with Motor Vehicle,1,Rain,Wet,Daylight
2020-06-11T13:26:00.000,I 85,Mm 1 and I 85,,Rear End,2,Cloudy,Dry,Daylight
2021-02-16T17:42:00.000,I 85,Mm 1 and I 85,,Not a Collision with Motor Vehicle,1,Clear,Dry,Daylight
2022-03-29T15:25:00.000,I 85,Mm 1 and I 85,,Sideswipe-Same Direction,2,Clear,Dry,Daylight
2022-10-24T09:30:00.000,I 85,Mm 1 and I 85,,Angle Crash,1,Clear,Dry,Daylight
2024-11-05T19:45:00.000,I 85,Mm 1 and I 85,,Rear End,2,Clear,Dry,Dark-Lighted
2020-12-18T19:23:00.000,I 75,Mm 1 and I 75,,Not a Collision with Motor Vehicle,1,Clear,Dry,Dark-Not Lighted
2021-07-04T01:34:00.000,I 75,Mm 1 and I 75,,Sideswipe-Same Direction,2,Clear,Wet,Dark-Not Lighted
2020-06-04T18:30:00.000,I 20,Mm 1 and I 20,,Not a Collision with Motor Vehicle,1,Clear,Dry,Daylight
2020-02-02T11:22:00.000,I 20,Mm 1 and I 20,,Not a Collision with Motor Vehicle,1,Clear,Dry,Daylight
2021-04-18T04:32:00.000,I 20,Mm 1 and I 20,,Angle Crash,2,Clear,Dry,Dark-Not Lighted
2022-03-11T23:14:00.000,I 20,Mm 1 and I 20,,Angle Crash,2,Cloudy,Dry,Dark-Not Lighted
2022-03-11T21:54:00.000,I 20,Mm 1 and I 20,,Not a Collision with Motor Vehicle,1,Fog,Dry,Dark-Not Lighted
2023-12-25T13:59:00.000,I 20,Mm 1 and I 20,,Not a Collision with Motor Vehicle,1,Rain,Wet,Daylight
2021-01-26T10:21:00.000,I 85,Mlk and I 85,,Rear End,2,Cloudy,Wet,Daylight
2021-03-24T20:20:00.000,I 85,Mlk and I 85,,Sideswipe-Same Direction,2,Cloudy,Dry,Dark-Lighted
2021-07-08T10:53:00.000,I 85,Mlk and I 85,,Rear End,4,Clear,Dry,Daylight
2020-08-31T07:30:00.000,I 85,Mlk and I 85,,Rear End,2,Cloudy,Wet,Daylight
2020-02-11T12:37:00.000,I 85,Mlk and I 85,,Sideswipe-Same Direction,2,Cloudy,Wet,Daylight
2020-08-31T07:30:00.000,I 85,Mlk and I 85,,Rear End,2,Cloudy,Wet,Daylight
2020-08-10T17:43:00.000,I 85,Mlk and I 85,,Rear End,3,Cloudy,Wet,Daylight
2020-08-23T14:39:00.000,I 85,Mlk and I 85,,Rear End,2,Clear,Dry,Daylight
2020-01-23T10:35:00.000,I 85,Mlk and I 85,,Sideswipe-Same Direction,2,Cloudy,Wet,Daylight
2020-08-31T07:30:00.000,I 85,Mlk and I 85,,Rear End,2,Cloudy,Wet,Daylight
2020-09-17T17:07:00.000,I 85,Mlk and I 85,,Sideswipe-Same Direction,2,Cloudy,Wet,Daylight
2020-01-24T13:02:00.000,I 85,Mlk and I 85,,Rear End,2,Rain,Wet,Daylight
2020-08-31T07:30:00.000,I 85,Mlk and I 85,,Rear End,2,Cloudy,Wet,Daylight
2020-09-04T12:05:00.000,I 85,Mlk and I 85,,Rear End,4,Clear,Dry,Daylight
2020-09-10T14:32:00.000,I 85,Mlk and I 85,,Sideswipe-Same Direction,2,Clear,Dry,Daylight
2020-09-11T17:47:00.000,I 85,Mlk and I 85,,Sideswipe-Same Direction,2,Clear,Dry,Daylight
2020-07-03T17:02:00.000,I 85,Mlk and I 85,,Rear End,4,Clear,Dry,Daylight
2020-09-22T15:32:00.000,I 85,Mlk and I 85,,Sideswipe-Same Direction,2,Clear,Dry,Daylight
2021-12-16T12:15:00.000,I 75,Mlk and I 75,,Sideswipe-Same Direction,2,Cloudy,Dry,Daylight
2021-12-31T19:12:00.000,I 75,Mlk and I 75,,Rear End,2,Cloudy,Wet,Dark-Not Lighted
2023-10-06T12:28:00.000,I 75,Mlk and I 75,,Sideswipe-Same Direction,2,Clear,Dry,Daylight
2021-09-03T17:28:00.000,I 75,Mlk and I 75,,Rear End,2,Cloudy,Dry,Daylight
2022-01-12T16:07:00.000,I 75,Mlk and I 75,,Rear End,3,Clear,Dry,Daylight
2021-10-29T22:11:00.000,I 75,Mlk and I 75,,Rear End,2,Cloudy,Wet,Dark-Not Lighted
2022-12-23T12:44:00.000,I 75,Mlk and I 75,,Rear End,2,Clear,Dry,Daylight
2022-01-12T15:45:00.000,I 75,Mlk and I 75,,Rear End,2,Clear,Dry,Daylight
2022-09-09T12:10:00.000,I 75,Mlk and I 75,,Sideswipe-Same Direction,2,Clear,Dry,Daylight
2022-08-12T19:26:00.000,I 75,Mlk and I 75,,Rear End,2,Clear,Dry,Daylight
2022-03-08T14:55:00.000,I 75,Mlk and I 75,,Rear End,2,Rain,Wet,Daylight
2024-06-24T16:00:00.000,I 75,Mlk and I 75,,Sideswipe-Same Direction,2,Clear,Dry,Daylight
2024-01-26T15:55:00.000,I 75,Mlk and I 75,,Rear End,2,Cloudy,Dry,Daylight
2023-05-09T09:35:00.000,I 75,Mlk and I 75,,Rear End,3,Clear,Dry,Daylight
2024-03-08T19:10:00.000,I 75,Mlk and I 75,,Rear End,2,Rain,Wet,Dark-Not Lighted
2024-07-25T14:40:00.000,I 75,Mlk and I 75,,Rear End,3,Clear,Dry,Daylight
2024-03-21T07:40:00.000,I 75,Mlk and I 75,,Sideswipe-Same Direction,2,Clear,Dry,Daylight
2024-01-25T15:45:00.000,I 75,Mlk and I 75,,Rear End,2,Cloudy,Dry,Daylight
2023-12-01T17:50:00.000,I 285,Mlk and I 285,,Rear End,2,Rain,Wet,Daylight
2020-12-24T09:15:00.000,I 285,Mlk and I 285,,Sideswipe-Same Direction,2,Rain,Wet,Daylight
2020-10-23T06:23:00.000,I 285,Mlk and I 285,,Sideswipe-Same Direction,2,Clear,Dry,Dark-Not Lighted
2020-02-13T07:30:00.000,I 285,Mlk and I 285,,Not a Collision with Motor Vehicle,1,Rain,Wet,Dawn
2020-10-23T06:35:00.000,I 285,Mlk and I 285,,Rear End,2,Clear,Dry,Dark-Not Lighted
2020-02-13T07:30:00.000,I 285,Mlk and I 285,,Not a Collision with Motor Vehicle,1,Rain,Wet,Dawn
2020-12-24T09:35:00.000,I 285,Mlk and I 285,,Rear End,2,Rain,Wet,Daylight
2021-08-27T13:44:00.000,I 285,Mlk and I 285,,Not a Collision with Motor Vehicle,1,Clear,Dry,Daylight
2023-10-16T18:05:00.000,I 285,Mlk and I 285,,Rear End,2,Cloudy,Dry,Dusk
2024-10-14T15:00:00.000,I 285,Mlk and I 285,,Rear End,2,Clear,Dry,Daylight
2024-07-02T10:18:00.000,I 285,Mlk and I 285,,Not a Collision with Motor Vehicle,1,Cloudy,Dry,Daylight
2024-07-25T17:00:00.000,I 285,Mlk and I 285,,Rear End,2,Rain,Wet,Daylight
2024-10-04T17:50:00.000,I 285,Mlk and I 285,,Rear End,2,Clear,Dry,Daylight
2024-06-07T12:30:00.000,I 285,Mlk and I 285,,Sideswipe-Same Direction,2,Clear,Dry,Daylight
2021-01-11T09:45:00.000,I 20,Mlk and I 20,,Sideswipe-Same Direction,2,Cloudy,Dry,Daylight
2023-10-31T17:05:00.000,I 20,Mlk and I 20,,Sideswipe-Same Direction,2,Clear,Dry,Daylight
2023-08-24T15:35:00.000,I 20,Mlk and I 20,,Sideswipe-Same Direction,2,Clear,Dry,Daylight
2023-07-20T17:52:00.000,I 20,Mlk and I 20,,Rear End,2,Cloudy,Dry,Daylight
2020-11-03T11:30:00.000,I 20,Mlk and I 20,,Not a Collision with Motor Vehicle,1,Clear,Dry,Daylight
2020-10-15T09:10:00.000,I 20,Mlk and I 20,,Sideswipe-Same Direction,2,Clear,Dry,Daylight
2022-04-05T10:45:00.000,I 20,Mlk and I 20,,Angle Crash,2,Rain,Wet,Daylight
2022-08-21T19:40:00.000,I 20,Mlk and I 20,,Not a Collision with Motor Vehicle,1,Rain,Wet,Daylight
2021-08-27T16:03:00.000,I 20,Mlk and I 20,,Rear End,3,Clear,Dry,Daylight
2023-03-23T16:57:00.000,I 20,Mlk and I 20,,Rear End,2,Clear,Dry,Daylight
2023-08-24T11:20:00.000,I 20,Mlk and I 20,,Rear End,2,Cloudy,Dry,Daylight
2023-10-16T18:05:00.000,I 20,Mlk and I 20,,Not a Collision with Motor Vehicle,1,Clear,Dry,Dark-Not Lighted
2024-11-18T09:00:00.000,I 20,Mlk and I 20,,Rear End,2,Clear,Dry,Daylight
2024-12-24T18:40:00.000,I 20,Mlk and I 20,,Not a Collision with Motor Vehicle,1,Clear,Dry,Daylight
2024-06-18T19:44:00.000,I 20,Mlk and I 20,,Sideswipe-Same Direction,2,Cloudy,Dry,Daylight
2024-10-14T15:30:00.000,I 20,Mlk and I 20,,Sideswipe-Same Direction,2,Clear,Dry,Daylight
2023-05-13T19:35:00.000,I 16,Mlk and I 16,,Sideswipe-Same Direction,2,Clear,Dry,Dark-Not Lighted
2020-02-18T05:14:00.000,I 16,Mlk and I 16,,Not a Collision with Motor Vehicle,1,Severe Thunderstorm or Tornadic,Wet,Dark-Lighted
2022-08-02T12:36:00.000,I 16,Mlk and I 16,,Not a Collision with Motor Vehicle,1,Clear,Dry,Daylight
2022-05-23T18:07:00.000,I 16,Mlk and I 16,,Not a Collision with Motor Vehicle,1,Rain,Wet,Daylight
2023-02-19T01:17:00.000,I 16,Mlk and I 16,,Not a Collision with Motor Vehicle,1,Clear,Dry,Dark-Not Lighted
2022-08-20T06:30:00.000,I 85,M42 and I 85,,Not a Collision with Motor Vehicle,1,Clear,Dry,Dark-Not Lighted
2021-06-21T09:40:00.000,I 75,M207 and I 75,,Angle Crash,2,Clear,Dry,Daylight
2022-09-23T07:16:00.000,I 16,M160 and I 16,,Rear End,2,Clear,Dry,Daylight
2021-07-25T20:00:00.000,I 85,Lin and I 85,,Not a Collision with Motor Vehicle,1,Cloudy,Wet,Daylight
2021-08-09T12:45:00.000,I 20,Lib and I 20,,Sideswipe-Same Direction,2,Clear,Dry,Daylight
2022-11-04T20:38:00.000,I 20,Lib and I 20,,Sideswipe-Same Direction,2,Clear,Dry,Dark-Not Lighted
2024-05-30T19:00:00.000,I 20,Lib and I 20,,Angle Crash,3,Clear,Dry,Daylight
2024-08-09T07:22:00.000,I 20,Lib and I 20,,Angle Crash,2,Clear,Dry,Daylight
2024-05-30T19:00:00.000,I 20,Lib and I 20,,Angle Crash,2,Clear,Dry,Daylight
2024-03-22T14:30:00.000,I 20,Lib and I 20,,Rear End,2,Rain,Wet,Daylight
2023-05-03T12:16:00.000,Sr 140,Ken and Sr 140,,Sideswipe-Opposite Direction,2,Clear,Dry,Daylight
2023-05-03T12:16:00.000,Sr 140,Ken and Sr 140,,Sideswipe-Opposite Direction,2,Clear,Dry,Daylight
2023-01-17T04:41:00.000,Sr 140,Ken St and Sr 140,,Sideswipe-Same Direction,2,Rain,Wet,Dark-Not Lighted
2020-10-10T14:57:00.000,Sr 140,Ken St and Sr 140,,Rear End,2,Rain,Wet,Daylight
2021-02-22T08:40:00.000,I 85,Jcb and I 85,,Rear End,2,Cloudy,Wet,Daylight
2021-01-27T10:10:00.000,I 85,Jcb and I 85,,Rear End,2,Rain,Wet,Daylight
2023-03-11T19:25:00.000,I 85,Jcb and I 85,,Sideswipe-Same Direction,2,Clear,Dry,Dark-Lighted
2020-12-07T06:55:00.000,I 85,Jcb and I 85,,Sideswipe-Same Direction,2,Clear,Dry,Daylight
2020-12-17T06:55:00.000,I 85,Jcb and I 85,,Rear End,3,Clear,Dry,Dawn
2020-11-06T11:15:00.000,I 85,Jcb and I 85,,Rear End,2,Clear,Dry,Daylight
2020-11-11T13:42:00.000,I 85,Jcb and I 85,,Rear End,2,Rain,Wet,Daylight
2020-11-13T00:00:00.000,I 85,Jcb and I 85,,Rear End,3,Clear,Dry,Daylight
2020-11-16T09:43:00.000,I 85,Jcb and I 85,,Rear End,2,Clear,Dry,Daylight
2020-06-26T17:49:00.000,I 85,Jcb and I 85,,Rear End,3,Clear,Dry,Daylight
2020-11-11T13:55:00.000,I 85,Jcb and I 85,,Rear End,2,Rain,Wet,Daylight
2020-12-22T17:04:00.000,I 85,Jcb and I 85,,Rear End,2,Clear,Dry,Daylight
2020-11-11T13:00:00.000,I 85,Jcb and I 85,,Sideswipe-Same Direction,2,Rain,Wet,Daylight
2021-08-17T07:30:00.000,I 85,Jcb and I 85,,Rear End,2,Clear,Wet,Daylight
2021-08-26T09:35:00.000,I 85,Jcb and I 85,,Sideswipe-Same Direction,4,Clear,Dry,Daylight
2021-09-10T08:15:00.000,I 85,Jcb and I 85,,Not a Collision with Motor Vehicle,2,Clear,Dry,Daylight
2021-10-04T12:33:00.000,I 85,Jcb and I 85,,Rear End,2,Rain,Wet,Daylight
2022-02-15T08:10:00.000,I 85,Jcb and I 85,,Angle Crash,2,Clear,Dry,Daylight
2022-02-11T13:25:00.000,I 85,Jcb and I 85,,Rear End,2,Clear,Dry,Daylight
2024-06-18T14:39:00.000,I 85,Jcb and I 85,,Angle Crash,2,Clear,Dry,Daylight
2024-05-25T12:04:00.000,I 85,Jcb and I 85,,Rear End,2,Clear,Dry,Daylight
2024-06-30T14:37:00.000,I 285,J-20 and I 285,,Rear End,2,Clear,Dry,Daylight
2022-10-05T11:16:00.000,Sr 141,Ivy Ln and Sr 141,,Angle Crash,2,Clear,Dry,Daylight
2023-05-13T14:47:00.000,Sr 141,Ivy Ln and Sr 141,,Angle Crash,2,Clear,Dry,Daylight
2022-10-06T14:30:00.000,I 85,I985 and I 85,,Rear End,2,Clear,Dry,Daylight
2023-05-12T17:26:00.000,I 285,I85 and I 285,,Sideswipe-Same Direction,2,Clear,Dry,Daylight
2020-02-11T11:50:00.000,I 285,I75 and I 285,,Rear End,3,Cloudy,Wet,Daylight
2024-08-22T16:05:00.000,I 20,I285 and I 20,,Rear End,3,Clear,Dry,Daylight
2020-07-31T15:10:00.000,I 285,I20 and I 285,,Rear End,2,Clear,Dry,Daylight
2021-10-05T15:15:00.000,I 285,I20 and I 285,,Rear End,2,Clear,Wet,Daylight