Date and Time,Roadway (From Crash Report),Intersection Name (from Crash Report),KABCO Severity,Manner of Collision (Crash Level) ,# of Vehicles per crash ,Weather Conditions (Crash Level),Surface Condition (Crash Level) ,Light Conditions (Crash Level)
2021-07-07T10:30:00.000,I-75,I-85 and I-75,,Head On,2,Clear,Wet,Dark-Lighted
2021-09-04T00:15:00.000,I-75,I-85 and I-75,,Angle Crash,2,Cloudy,Dry,Dark-Lighted
2023-01-11T07:20:00.000,I-75,I-85 and I-75,,Sideswipe-Same Direction,2,Clear,Dry,Daylight
2021-07-03T16:01:00.000,I-75,I-85 and I-75,,Rear End,3,Clear,Dry,Daylight
2021-07-21T18:00:00.000,I-75,I-85 and I-75,,Angle Crash,2,Clear,Dry,Daylight
2024-09-25T19:05:00.000,I-75,I-85 and I-75,,Rear End,2,Rain,Wet,Dark-Lighted
2024-10-04T21:00:00.000,I-75,I-75 and Woodland Hills Ave Nw,,Rear End,2,Clear,Dry,Dark-Lighted
2024-06-22T12:53:00.000,I-75,I-75 and Woodland Hills Ave Nw,,Rear End,2,Clear,Dry,Daylight
2021-08-17T02:00:00.000,I-75,I-75 and Williams Street,,Rear End,3,Rain,Wet,Dark-Lighted
2022-09-23T17:21:00.000,I-75,I-75 and Williams St Ramp,,Sideswipe-Same Direction,2,Clear,Dry,Daylight
2023-05-21T10:51:00.000,I-75,I-75 and Williams St Ramp,,Rear End,2,Clear,Dry,Daylight
2021-12-19T04:22:00.000,I-75,I-75 and Williams St Nw,,Sideswipe-Same Direction,2,Rain,Wet,Dark-Lighted
2021-07-03T19:18:00.000,I-75,I-75 and Williams St Nw,,Sideswipe-Same Direction,2,Clear,Dry,Dark-Not Lighted
2023-05-13T10:30:00.000,I-75,I-75 and Williams St Nw,,Rear End,2,Clear,Dry,Daylight
2023-09-04T02:00:00.000,I-75,I-75 and Williams St Nw,,Not a Collision with Motor Vehicle,1,Clear,Dry,Dark-Lighted
2023-07-23T22:00:00.000,I-75,I-75 and Williams St Nw,,Sideswipe-Same Direction,2,Clear,Dry,Dark-Lighted
2023-04-09T14:36:00.000,I-75,I-75 and Williams St Nw,,Rear End,2,Clear,Dry,Daylight
2023-05-20T04:38:00.000,I-75,I-75 and Williams St Nw,,Not a Collision with Motor Vehicle,1,Rain,Wet,Dark-Lighted
2022-10-11T08:00:00.000,I-75,I-75 and Williams St Nw,,Rear End,2,Clear,Dry,Dark-Lighted
2022-01-20T22:06:00.000,I-75,I-75 and Williams St Nw,,Sideswipe-Same Direction,2,Clear,Dry,Dark-Lighted
2024-05-05T05:20:00.000,I-75,I-75 and Williams St Nw,,Not a Collision with Motor Vehicle,1,Clear,Dry,Dark-Lighted
2021-11-12T17:51:00.000,I-75,I-75 and Williams St Nw,,Rear End,2,Clear,Dry,Daylight
2022-01-25T21:08:00.000,I-75,I-75 and Williams St Nw,,Rear End,2,Clear,Dry,Dark-Lighted
2022-01-02T15:00:00.000,I-75,I-75 and Williams St Nw,,Rear End,2,Rain,Wet,Dark-Not Lighted
2022-09-09T23:00:00.000,I-75,I-75 and Williams St Nw,,Rear End,2,Clear,Dry,Dark-Lighted
2021-11-27T14:00:00.000,I-75,I-75 and Williams St Nw,,Angle Crash,2,Clear,Dry,Daylight
2022-06-11T01:31:00.000,I-75,I-75 and Williams St Nw,,Rear End,2,Clear,Dry,Dark-Lighted
2022-08-13T13:00:00.000,I-75,I-75 and Williams St Nw,,Angle Crash,2,Clear,Dry,Daylight
2022-09-20T01:00:00.000,I-75,I-75 and Williams St Nw,,Head On,2,Clear,Dry,Dark-Lighted
2022-11-15T04:00:00.000,I-75,I-75 and Williams St Nw,,Sideswipe-Same Direction,2,Clear,Dry,Dark-Lighted
2023-04-19T07:50:00.000,I-75,I-75 and Williams St Nw,,Rear End,7,Clear,Dry,Daylight
2024-12-29T23:45:00.000,I-75,I-75 and Williams St Nw,,Sideswipe-Same Direction,2,Clear,Dry,Dark-Lighted
2024-09-01T11:50:00.000,I-75,I-75 and Williams St Nw,,Rear End,2,Clear,Dry,Daylight
2024-08-25T15:17:00.000,I-75,I-75 and Williams St Nw,,Sideswipe-Same Direction,2,Clear,Dry,Daylight
2024-12-07T21:00:00.000,I-75,I-75 and Williams St Nw,,Sideswipe-Same Direction,2,Clear,Dry,Daylight
2024-05-18T19:30:00.000,I-75,I-75 and Williams St Nw,,Rear End,3,Rain,Wet,Dark-Lighted
2024-10-12T21:18:00.000,I-75,I-75 and Williams St Nw,,Rear End,2,Clear,Dry,Dark-Not Lighted
2023-08-06T23:00:00.000,I-75,I-75 and Williams St Nw,,Rear End,2,Clear,Wet,Dark-Lighted
2023-12-23T20:40:00.000,I-75,I-75 and Williams St Nw,,Rear End,2,Clear,Dry,Dark-Lighted
2023-10-27T21:00:00.000,I-75,I-75 and Williams St Nw,,Rear End,5,Clear,Dry,Dark-Lighted
2024-11-20T13:33:00.000,I-75,I-75 and Williams St Nw,,Rear End,2,Clear,Dry,Daylight
2024-11-18T21:40:00.000,I-75,I-75 and Williams St Nw,,Angle Crash,2,Clear,Dry,Dark-Lighted
2024-06-29T04:15:00.000,I-75,I-75 and Williams St Nw,,Rear End,2,Clear,Dry,Dark-Lighted
2024-03-11T20:51:00.000,I-75,I-75 and Williams St Nw,,Sideswipe-Same Direction,2,Clear,Dry,Dark-Lighted
2024-12-29T12:00:00.000,I-75,I-75 and Williams St Nw,,Angle Crash,7,Rain,Water (standing or moving),Daylight
2024-05-19T00:00:00.000,I-75,I-75 and Williams St Nw,,Sideswipe-Same Direction,2,Rain,Wet,Dark-Lighted
2024-02-18T16:23:00.000,I-75,I-75 and Williams St Nw,,Sideswipe-Same Direction,2,Clear,Dry,Daylight
2024-10-09T20:00:00.000,I-75,I-75 and Williams St Nw,,Rear End,2,Clear,Dry,Dark-Lighted
2024-04-29T01:40:00.000,I-75,I-75 and Williams St Nw,,Sideswipe-Same Direction,2,Clear,Dry,Dark-Lighted
2024-12-28T19:45:00.000,I-75,I-75 and Williams St Nw,,Rear End,2,Rain,Wet,Dark-Lighted
2024-07-13T22:26:00.000,I-75,I-75 and Williams St Nw,,Rear End,2,Cloudy,Dry,Dark-Lighted
2024-08-18T02:45:00.000,I-75,I-75 and Williams St Nw,,Angle Crash,2,Rain,Wet,Dark-Lighted
2024-12-07T17:00:00.000,I-75,I-75 and Williams St Nw,,Sideswipe-Same Direction,2,Clear,Dry,Daylight
2024-10-19T05:40:00.000,I-75,I-75 and Williams St Nw,,Rear End,2,Clear,Dry,Dark-Lighted
2024-07-28T14:35:00.000,I-75,I-75 and Williams St Nw,,Rear End,2,Cloudy,Wet,Daylight
2024-11-25T19:25:00.000,I-75,I-75 and Williams St Nw,,Rear End,2,Clear,Dry,Dark-Not Lighted
2024-07-14T00:00:00.000,I-75,I-75 and Williams St Nw,,Rear End,2,Clear,Dry,Dark-Lighted
2024-05-22T16:53:00.000,I-75,I-75 and Williams St Nw,,Sideswipe-Same Direction,2,Clear,Dry,Daylight
2024-04-17T19:15:00.000,I-75,I-75 and Williams St Nw,,Rear End,2,Clear,Dry,Dark-Lighted
2024-12-20T02:15:00.000,I-75,I-75 and Williams St Nw,,Sideswipe-Same Direction,2,Clear,Dry,Dark-Lighted
2024-04-04T20:03:00.000,I-75,I-75 and Williams St Nw,,Rear End,2,Clear,Dry,Daylight
2024-12-27T22:55:00.000,I-75,I-75 and Williams St Nw,,Angle Crash,3,Rain,Water (standing or moving),Dark-Lighted
2024-03-24T01:30:00.000,I-75,I-75 and Williams St Nw,,Sideswipe-Same Direction,2,Clear,Dry,Dark-Lighted
2022-09-05T04:04:00.000,I-75,I-75 and Williams St  Nw,,Angle Crash,2,Clear,Wet,Dark-Lighted
2022-06-29T22:40:00.000,I-75,I-75 and Williams St  Nw,,Angle Crash,3,Rain,Wet,Dark-Lighted
2021-07-27T20:22:00.000,I-75,I-75 and Williams St,,Angle Crash,2,Cloudy,Wet,Daylight
2021-07-27T21:10:00.000,I-75,I-75 and Williams St,,Sideswipe-Same Direction,2,Clear,Dry,Dark-Lighted
2021-08-16T22:45:00.000,I-75,I-75 and Williams St,,Sideswipe-Same Direction,2,Rain,Wet,Dark-Lighted
2021-12-18T02:06:00.000,I-75,I-75 and Williams St,,Not a Collision with Motor Vehicle,1,Rain,Wet,Dark-Lighted
2021-08-03T22:15:00.000,I-75,I-75 and Williams St,,Not a Collision with Motor Vehicle,1,Clear,Dry,Dark-Lighted
2021-08-16T22:21:00.000,I-75,I-75 and Williams St,,Not a Collision with Motor Vehicle,1,Rain,Wet,Dark-Lighted
2021-08-31T00:37:00.000,I-75,I-75 and Williams St,,Not a Collision with Motor Vehicle,2,Clear,Dry,Dark-Lighted
2022-09-28T16:00:00.000,I-75,I-75 and Williams St,,Sideswipe-Same Direction,2,Clear,Dry,Daylight
2024-01-09T00:31:00.000,I-75,I-75 and Williams St,,Angle Crash,2,Rain,Water (standing or moving),Dark-Lighted
2024-11-20T11:40:00.000,I-75,I-75 and Williams St,,Rear End,2,Clear,Dry,Daylight
2024-11-25T23:30:00.000,I-75,I-75 and Westminster Cir Nw,,Not a Collision with Motor Vehicle,1,Clear,Dry,Dark-Not Lighted
2021-08-25T21:08:00.000,I-75,I-75 and West Paces Ferry Rd Nw,,Rear End,2,Rain,Wet,Dark-Not Lighted
2022-12-02T22:30:00.000,I-75,I-75 and Washington St Sw,,Rear End,2,Clear,Dry,Dark-Lighted
2024-12-11T01:16:00.000,I-75,I-75 and Washington St Sw,,Not a Collision with Motor Vehicle,1,Rain,Wet,Dark-Lighted
2024-11-27T18:17:00.000,I-75,I-75 and Washington St Sw,,Rear End,2,Clear,Dry,Dark-Lighted
2023-01-22T02:15:00.000,I-75,I-75 and W Wesley Rd Nw,,Sideswipe-Same Direction,2,Rain,Water (standing or moving),Dark-Lighted
2022-10-15T02:45:00.000,I-75,I-75 and W Wesley Rd Nw,,Rear End,2,Clear,Dry,Dark-Lighted
2023-11-29T08:34:00.000,I-75,I-75 and W Wesley Rd Nw,,Rear End,2,Clear,Dry,Daylight
2024-07-28T13:00:00.000,I-75,I-75 and W Wesley Rd Nw,,Not a Collision with Motor Vehicle,1,Rain,Water (standing or moving),Daylight
2024-07-17T08:14:00.000,I-75,I-75 and W Wesley Rd Nw,,Rear End,2,Clear,Dry,Daylight
2024-12-04T08:44:00.000,I-75,I-75 and W Wesley Rd Nw,,Rear End,2,Clear,Dry,Daylight
2022-04-15T22:50:00.000,I-75,I-75 and W Peachtree St Nw,,Rear End,3,Clear,Dry,Dark-Lighted
2022-05-27T21:30:00.000,I-75,I-75 and W Peachtree St Nw,,Sideswipe-Same Direction,2,Clear,Dry,Dark-Lighted
2022-05-14T22:20:00.000,I-75,I-75 and W Peachtree St Nw,,Rear End,2,Clear,Dry,Dark-Lighted
2024-07-24T15:07:00.000,I-75,I-75 and W Peachtree St Nw,,Rear End,3,Cloudy,Dry,Daylight
2024-12-18T19:50:00.000,I-75,I-75 and W Peachtree St Nw,,Not a Collision with Motor Vehicle,1,Clear,Dry,Dark-Lighted
2024-05-17T21:30:00.000,I-75,I-75 and W Peachtree St Nw,,Sideswipe-Same Direction,2,Cloudy,Dry,Dark-Lighted
2024-12-19T02:50:00.000,I-75,I-75 and W Peachtree St Nw,,Not a Collision with Motor Vehicle,1,Clear,Dry,Dark-Lighted
2023-12-30T20:00:00.000,I-75,I-75 and W Peachtree St Nw,,Rear End,2,Clear,Dry,Dark-Lighted
2023-12-09T08:25:00.000,I-75,I-75 and W Peachtree St Nw,,Rear End,2,Cloudy,Wet,Daylight
2023-10-04T16:50:00.000,I-75,I-75 and W Peachtree St Nw,,Sideswipe-Same Direction,2,Clear,Dry,Daylight
2023-11-28T14:05:00.000,I-75,I-75 and W Peachtree St Nw,,Angle Crash,2,Clear,Dry,Daylight
2023-12-27T10:00:00.000,I-75,I-75 and W Peachtree St Nw,,Sideswipe-Same Direction,2,Cloudy,Dry,Daylight
2024-05-02T08:00:00.000,I-75,I-75 and W Peachtree St Nw,,Sideswipe-Opposite Direction,2,Clear,Dry,Daylight
2024-10-27T01:00:00.000,I-75,I-75 and W Peachtree St Nw,,Angle Crash,4,Clear,Dry,Dark-Lighted
2024-11-12T23:11:00.000,I-75,I-75 and W Peachtree St Nw,,Rear End,2,Clear,Dry,Dark-Not Lighted
2024-09-15T19:01:00.000,I-75,I-75 and W Peachtree St Nw,,Sideswipe-Same Direction,2,Clear,Dry,Dark-Lighted
2024-05-18T21:30:00.000,I-75,I-75 and W Peachtree St Nw,,Rear End,2,Rain,Wet,Dark-Lighted
2024-10-24T04:39:00.000,I-75,I-75 and W Peachtree St Nw,,Sideswipe-Same Direction,2,Clear,Dry,Dark-Not Lighted
2024-11-20T06:52:00.000,I-75,I-75 and W Peachtree St Nw,,Rear End,2,Rain,Wet,Daylight
2024-11-27T08:40:00.000,I-75,I-75 and W Peachtree St Nw,,Rear End,3,Clear,Dry,Daylight
2024-05-14T07:30:00.000,I-75,I-75 and W Peachtree St Nw,,Sideswipe-Same Direction,2,Rain,Wet,Daylight
2024-07-27T00:52:00.000,I-75,I-75 and W Peachtree St Nw,,Rear End,2,Cloudy,Dry,Dark-Lighted
2024-12-17T09:25:00.000,I-75,I-75 and W Peachtree St Nw,,Sideswipe-Same Direction,2,Clear,Dry,Daylight
2024-06-22T23:50:00.000,I-75,I-75 and W Peachtree St Nw,,Angle Crash,2,Clear,Dry,Dark-Lighted
2021-09-09T23:40:00.000,I-75,I-75 and W Paces Ferry Rd Nw,,Rear End,2,Clear,Dry,Dark-Not Lighted
2023-04-19T08:15:00.000,I-75,I-75 and W Paces Ferry Rd Nw,,Rear End,2,Clear,Dry,Daylight
2023-07-29T17:00:00.000,I-75,I-75 and W Paces Ferry Rd Nw,,Rear End,2,Clear,Dry,Daylight
2021-12-11T11:00:00.000,I-75,I-75 and W Paces Ferry Rd Nw,,Sideswipe-Same Direction,2,Clear,Dry,Daylight
2021-11-03T07:25:00.000,I-75,I-75 and W Paces Ferry Rd Nw,,Rear End,3,Clear,Dry,Dark-Lighted
2022-06-01T09:30:00.000,I-75,I-75 and W Paces Ferry Rd Nw,,Rear End,2,Clear,Dry,Daylight
2022-06-13T23:44:00.000,I-75,I-75 and W Paces Ferry Rd Nw,,Rear End,2,Clear,Dry,Dark-Lighted
2022-03-23T07:45:00.000,I-75,I-75 and W Paces Ferry Rd Nw,,Rear End,2,Rain,Water (standing or moving),Daylight
2023-06-26T18:20:00.000,I-75,I-75 and W Paces Ferry Rd Nw,,Sideswipe-Same Direction,2,Clear,Dry,Daylight
2023-01-18T09:40:00.000,I-75,I-75 and W Paces Ferry Rd Nw,,Rear End,2,Cloudy,Wet,Daylight
2023-01-11T16:34:00.000,I-75,I-75 and W Paces Ferry Rd Nw,,Sideswipe-Opposite Direction,2,Clear,Dry,Daylight
2024-07-27T22:20:00.000,I-75,I-75 and W Paces Ferry Rd Nw,,Rear End,2,Clear,Dry,Dark-Not Lighted
2024-04-18T15:04:00.000,I-75,I-75 and W Paces Ferry Rd Nw,,Sideswipe-Same Direction,2,Clear,Dry,Daylight
2024-03-27T08:00:00.000,I-75,I-75 and W Paces Ferry Rd Nw,,Rear End,2,Cloudy,Wet,Daylight
2024-11-20T08:03:00.000,I-75,I-75 and W Paces Ferry Rd Nw,,Rear End,2,Clear,Water (standing or moving),Daylight
2024-10-03T18:00:00.000,I-75,I-75 and W Paces Ferry Rd Nw,,Angle Crash,2,Clear,Dry,Dark-Lighted
2024-09-20T13:30:00.000,I-75,I-75 and W Paces Ferry Rd Nw,,Angle Crash,2,Clear,Dry,Daylight
2024-02-25T15:30:00.000,I-75,I-75 and W Paces Ferry Rd Nw,,Sideswipe-Same Direction,2,Clear,Dry,Daylight
2024-07-28T01:30:00.000,I-75,I-75 and W Paces Ferry Rd Nw,,Sideswipe-Same Direction,2,Clear,Dry,Dark-Lighted
2024-01-11T18:30:00.000,I-75,I-75 and W Paces Ferry Rd Nw,,Sideswipe-Same Direction,2,Cloudy,Dry,Dark-Lighted
2024-01-09T08:37:00.000,I-75,I-75 and W Paces Ferry Rd Nw,,Sideswipe-Same Direction,3,Rain,Wet,Daylight
2024-04-20T06:45:00.000,I-75,I-75 and W Paces Ferry Rd Nw,,Rear End,2,Clear,Dry,Daylight
2024-04-03T16:00:00.000,I-75,I-75 and W Paces Ferry Rd Nw,,Rear End,3,Clear,Dry,Daylight
2021-09-04T22:22:00.000,I-75,I-75 and W Paces Ferry Rd,,Not a Collision with Motor Vehicle,1,Clear,Dry,Dark-Lighted
2022-08-13T13:50:00.000,I-75,I-75 and W  Peachtree St Se,,Rear End,2,Clear,Dry,Daylight
2021-09-01T19:34:00.000,I-75,I-75 and W  Paces Ferry Rd Nw,,Angle Crash,2,Clear,Dry,Dusk
2023-11-28T08:31:00.000,I-75,I-75 and W   Paces Ferry Rd Nw,,Sideswipe-Same Direction,2,Clear,Dry,Daylight
2024-07-27T21:30:00.000,I-75,I-75 and Vandivere Rd,,Rear End,2,Clear,Dry,Dark-Lighted
2024-12-29T01:30:00.000,I-75,I-75 and Vandivere Rd,,Not a Collision with Motor Vehicle,1,Rain,Water (standing or moving),Dark-Not Lighted
2024-01-24T21:58:00.000,I-75,I-75 and Us-41 N,,Sideswipe-Same Direction,2,Rain,Water (standing or moving),Dark-Lighted
2021-08-14T12:40:00.000,I-75,I-75 and University Avenue,,Rear End,4,Clear,Dry,Daylight
2021-12-10T22:50:00.000,I-75,I-75 and University Avenue,,Sideswipe-Same Direction,2,Fog,Wet,Dark-Lighted
2022-05-16T00:15:00.000,I-75,I-75 and University Avenue,,Sideswipe-Same Direction,4,Clear,Dry,Dark-Lighted
2021-07-07T14:47:00.000,I-75,I-75 and University Ave Sw And Pryor Rd Sw,,Rear End,2,Clear,Dry,Daylight
2021-10-31T20:45:00.000,I-75,I-75 and University Ave Sw,,Sideswipe-Same Direction,2,Clear,Dry,Dark-Lighted
2021-11-07T03:20:00.000,I-75,I-75 and University Ave Sw,,Sideswipe-Same Direction,2,Clear,Dry,Dark-Lighted
2021-11-01T17:30:00.000,I-75,I-75 and University Ave Sw,,Angle Crash,2,Clear,Dry,Daylight
2021-12-07T16:40:00.000,I-75,I-75 and University Ave Sw,,Rear End,2,Clear,Dry,Dark-Lighted
2021-10-04T03:00:00.000,I-75,I-75 and University Ave Sw,,Not a Collision with Motor Vehicle,1,Rain,Wet,Dark-Lighted
2021-11-26T03:15:00.000,I-75,I-75 and University Ave Sw,,Not a Collision with Motor Vehicle,1,Clear,Wet,Dark-Lighted
2021-10-29T23:30:00.000,I-75,I-75 and University Ave Sw,,Rear End,2,Rain,Wet,Dark-Lighted
2021-12-18T02:15:00.000,I-75,I-75 and University Ave Sw,,Angle Crash,3,Fog,Wet,Dark-Lighted
2021-11-17T09:43:00.000,I-75,I-75 and University Ave Sw,,Rear End,2,Clear,Dry,Daylight
2021-12-18T16:00:00.000,I-75,I-75 and University Ave Sw,,Rear End,2,Clear,Dry,Daylight
2021-10-25T06:30:00.000,I-75,I-75 and University Ave Sw,,Sideswipe-Same Direction,3,Clear,Dry,Dark-Lighted
2021-12-04T02:32:00.000,I-75,I-75 and University Ave Sw,,Sideswipe-Same Direction,2,Cloudy,Dry,Dark-Lighted
2021-07-15T20:00:00.000,I-75,I-75 and University Ave Sw,,Sideswipe-Same Direction,2,Clear,Dry,Dawn
2023-10-06T23:00:00.000,I-75,I-75 and University Ave Sw,,Sideswipe-Same Direction,2,Clear,Dry,Dark-Lighted
2023-12-05T22:10:00.000,I-75,I-75 and University Ave Sw,,Rear End,2,Clear,Dry,Dark-Lighted
2023-05-07T11:40:00.000,I-75,I-75 and University Ave Sw,,Rear End,2,Clear,Dry,Daylight
2023-02-11T20:00:00.000,I-75,I-75 and University Ave Sw,,Sideswipe-Same Direction,2,Rain,Water (standing or moving),Dark-Lighted
2023-09-06T18:45:00.000,I-75,I-75 and University Ave Sw,,Rear End,2,Clear,Dry,Daylight
2023-08-02T06:40:00.000,I-75,I-75 and University Ave Sw,,Rear End,2,Clear,Dry,Daylight
2023-03-08T19:20:00.000,I-75,I-75 and University Ave Sw,,Rear End,2,Clear,Dry,Dark-Lighted
2023-04-23T04:00:00.000,I-75,I-75 and University Ave Sw,,Sideswipe-Same Direction,2,Clear,Dry,Dark-Lighted
2023-08-22T20:02:00.000,I-75,I-75 and University Ave Sw,,Angle Crash,2,Clear,Dry,Daylight
2023-03-15T16:00:00.000,I-75,I-75 and University Ave Sw,,Angle Crash,2,Clear,Dry,Daylight
2023-05-01T21:01:00.000,I-75,I-75 and University Ave Sw,,Rear End,3,Clear,Dry,Dark-Lighted
2023-12-19T20:00:00.000,I-75,I-75 and University Ave Sw,,Not a Collision with Motor Vehicle,1,Clear,Dry,Dark-Lighted
2023-05-27T08:30:00.000,I-75,I-75 and University Ave Sw,,Sideswipe-Opposite Direction,2,Clear,Dry,Daylight
2023-10-22T18:38:00.000,I-75,I-75 and University Ave Sw,,Rear End,2,Clear,Dry,Dark-Lighted
2023-06-07T07:30:00.000,I-75,I-75 and University Ave Sw,,Rear End,2,Clear,Dry,Daylight
2023-11-03T05:00:00.000,I-75,I-75 and University Ave Sw,,Rear End,2,Clear,Dry,Dark-Lighted
2023-01-07T17:30:00.000,I-75,I-75 and University Ave Sw,,Not a Collision with Motor Vehicle,1,Clear,Dry,Dark-Not Lighted
2023-01-21T18:30:00.000,I-75,I-75 and University Ave Sw,,Rear End,3,Clear,Dry,Daylight
2023-10-31T21:32:00.000,I-75,I-75 and University Ave Sw,,Angle Crash,2,Clear,Dry,Dark-Not Lighted
2023-11-28T07:00:00.000,I-75,I-75 and University Ave Sw,,Rear End,2,Clear,Dry,Daylight
2023-04-30T01:10:00.000,I-75,I-75 and University Ave Sw,,Angle Crash,4,Rain,Wet,Dark-Lighted
2023-06-25T18:13:00.000,I-75,I-75 and University Ave Sw,,Sideswipe-Same Direction,2,Clear,Dry,Daylight
2023-04-09T20:40:00.000,I-75,I-75 and University Ave Sw,,Angle Crash,2,Clear,Dry,Dark-Lighted
2023-01-07T14:09:00.000,I-75,I-75 and University Ave Sw,,Rear End,5,Clear,Dry,Daylight
2023-04-26T10:16:00.000,I-75,I-75 and University Ave Sw,,Rear End,2,Cloudy,Dry,Daylight
2023-01-26T16:00:00.000,I-75,I-75 and University Ave Sw,,Sideswipe-Same Direction,2,Clear,Dry,Daylight
2023-07-23T13:51:00.000,I-75,I-75 and University Ave Sw,,Rear End,2,Clear,Dry,Daylight
2022-05-24T21:30:00.000,I-75,I-75 and University Ave Sw,,Sideswipe-Same Direction,2,Clear,Dry,Dark-Lighted
2024-12-10T00:05:00.000,I-75,I-75 and University Ave Sw,,Rear End,4,Rain,Wet,Dark-Lighted
2021-09-01T03:42:00.000,I-75,I-75 and University Ave Sw,,Angle Crash,3,Cloudy,Wet,Dark-Lighted
2021-11-13T05:36:00.000,I-75,I-75 and University Ave Sw,,Sideswipe-Same Direction,2,Clear,Dry,Dark-Lighted
2021-12-11T09:00:00.000,I-75,I-75 and University Ave Sw,,Not a Collision with Motor Vehicle,1,Cloudy,Water (standing or moving),Daylight
2022-01-22T15:20:00.000,I-75,I-75 and University Ave Sw,,Rear End,2,Clear,Dry,Daylight
2022-02-23T20:00:00.000,I-75,I-75 and University Ave Sw,,Rear End,2,Clear,Dry,Dark-Not Lighted
2022-07-06T07:15:00.000,I-75,I-75 and University Ave Sw,,Sideswipe-Same Direction,2,Clear,Dry,Daylight
2021-08-04T10:00:00.000,I-75,I-75 and University Ave Sw,,Rear End,2,Clear,Dry,Daylight
2022-06-18T22:30:00.000,I-75,I-75 and University Ave Sw,,Angle Crash,6,Clear,Dry,Dark-Lighted
2022-04-30T16:20:00.000,I-75,I-75 and University Ave Sw,,Rear End,2,Clear,Dry,Daylight
2022-07-05T00:04:00.000,I-75,I-75 and University Ave Sw,,Rear End,2,Rain,Wet,Dark-Not Lighted
2022-04-07T20:11:00.000,I-75,I-75 and University Ave Sw,,Sideswipe-Same Direction,2,Cloudy,Wet,Daylight
2022-01-29T13:19:00.000,I-75,I-75 and University Ave Sw,,Rear End,2,Clear,Dry,Dark-Lighted
2022-01-22T14:00:00.000,I-75,I-75 and University Ave Sw,,Rear End,3,Clear,Dry,Daylight
2022-02-02T09:00:00.000,I-75,I-75 and University Ave Sw,,Rear End,2,Clear,Dry,Daylight
2022-01-27T21:50:00.000,I-75,I-75 and University Ave Sw,,Sideswipe-Same Direction,2,Clear,Dry,Dark-Lighted
2022-05-10T18:10:00.000,I-75,I-75 and University Ave Sw,,Rear End,2,Clear,Dry,Daylight
2022-10-21T12:41:00.000,I-75,I-75 and University Ave Sw,,Rear End,2,Clear,Dry,Daylight
2022-04-13T12:00:00.000,I-75,I-75 and University Ave Sw,,Angle Crash,3,Clear,Dry,Daylight
2022-11-30T03:24:00.000,I-75,I-75 and University Ave Sw,,Sideswipe-Same Direction,2,Rain,Water (standing or moving),Dark-Not Lighted
2022-12-22T18:00:00.000,I-75,I-75 and University Ave Sw,,Sideswipe-Same Direction,2,Rain,Wet,Dark-Lighted
2022-02-24T23:00:00.000,I-75,I-75 and University Ave Sw,,Sideswipe-Same Direction,2,Clear,Dry,Dark-Lighted
2022-10-28T22:00:00.000,I-75,I-75 and University Ave Sw,,Rear End,2,Clear,Dry,Dark-Lighted
2022-11-06T15:30:00.000,I-75,I-75 and University Ave Sw,,Rear End,2,Clear,Dry,Daylight
2022-06-15T06:48:00.000,I-75,I-75 and University Ave Sw,,Rear End,2,Clear,Dry,Daylight
2022-01-22T17:28:00.000,I-75,I-75 and University Ave Sw,,Sideswipe-Same Direction,2,Clear,Dry,Dawn
2022-05-04T08:36:00.000,I-75,I-75 and University Ave Sw,,Sideswipe-Same Direction,2,Clear,Dry,Daylight
2022-12-17T18:35:00.000,I-75,I-75 and University Ave Sw,,Rear End,2,Clear,Dry,Daylight
2022-11-27T12:47:00.000,I-75,I-75 and University Ave Sw,,Rear End,2,Clear,Dry,Daylight
2022-05-18T21:28:00.000,I-75,I-75 and University Ave Sw,,Angle Crash,3,Clear,Dry,Dark-Lighted
2022-12-30T22:30:00.000,I-75,I-75 and University Ave Sw,,Sideswipe-Same Direction,2,Rain,Water (standing or moving),Dark-Lighted
2022-05-07T19:30:00.000,I-75,I-75 and University Ave Sw,,Rear End,2,Clear,Dry,Daylight
2022-02-26T20:00:00.000,I-75,I-75 and University Ave Sw,,Rear End,2,Clear,Dry,Dark-Lighted
2022-02-19T13:00:00.000,I-75,I-75 and University Ave Sw,,Rear End,2,Clear,Dry,Daylight
2022-07-27T09:22:00.000,I-75,I-75 and University Ave Sw,,Rear End,5,Cloudy,Dry,Daylight
2022-04-16T05:00:00.000,I-75,I-75 and University Ave Sw,,Sideswipe-Same Direction,2,Rain,Water (standing or moving),Dawn
2022-12-21T17:09:00.000,I-75,I-75 and University Ave Sw,,Rear End,2,Clear,Dry,Dark-Lighted