Date and Time,Roadway (From Crash Report),Intersection Name (from Crash Report),KABCO Severity,Manner of Collision (Crash Level) ,# of Vehicles per crash ,Weather Conditions (Crash Level),Surface Condition (Crash Level) ,Light Conditions (Crash Level)
2024-03-16T22:28:00.000,I-75,I-75 and Spring St Nw,,Angle Crash,2,Clear,Dry,Dark-Lighted
2024-10-23T12:13:00.000,I-75,I-75 and Spring St Nw,,Sideswipe-Same Direction,2,Clear,Dry,Daylight
2024-12-07T06:45:00.000,I-75,I-75 and Spring St Nw,,Rear End,2,Clear,Dry,Dark-Lighted
2024-10-25T01:40:00.000,I-75,I-75 and Spring St Nw,,Sideswipe-Same Direction,2,Clear,Dry,Dark-Lighted
2024-03-02T15:39:00.000,I-75,I-75 and Spring St Nw,,Rear End,2,Clear,Dry,Daylight
2023-10-04T16:11:00.000,I-75,I-75 and Spring St Nw,,Rear End,2,Clear,Dry,Daylight
2023-05-28T12:24:00.000,I-75,I-75 and Spring St Nw,,Rear End,2,Clear,Dry,Daylight
2023-07-15T14:45:00.000,I-75,I-75 and Spring St Nw,,Rear End,2,Clear,Dry,Daylight
2023-12-11T00:00:00.000,I-75,I-75 and Spring St Nw,,Rear End,2,Clear,Dry,Dark-Lighted
2023-03-08T10:25:00.000,I-75,I-75 and Spring St Nw,,Angle Crash,2,Clear,Dry,Daylight
2023-05-27T22:40:00.000,I-75,I-75 and Spring St Nw,,Rear End,2,Clear,Dry,Dark-Lighted
2023-11-16T21:00:00.000,I-75,I-75 and Spring St Nw,,Angle Crash,2,Clear,Dry,Dark-Lighted
2023-08-06T21:40:00.000,I-75,I-75 and Spring St Nw,,Angle Crash,2,Clear,Dry,Dark-Not Lighted
2023-09-13T09:30:00.000,I-75,I-75 and Spring St Nw,,Sideswipe-Same Direction,2,Cloudy,Dry,Daylight
2023-10-18T19:20:00.000,I-75,I-75 and Spring St Nw,,Sideswipe-Same Direction,2,Clear,Dry,Daylight
2023-09-06T17:09:00.000,I-75,I-75 and Spring St Nw,,Rear End,2,Clear,Dry,Daylight
2023-02-12T10:40:00.000,I-75,I-75 and Spring St Nw,,Rear End,2,Cloudy,Wet,Daylight
2023-09-13T05:35:00.000,I-75,I-75 and Spring St Nw,,Head On,2,Rain,Wet,Dark-Lighted
2023-01-25T19:15:00.000,I-75,I-75 and Spring St Nw,,Angle Crash,3,Clear,Dry,Dark-Lighted
2023-03-26T14:30:00.000,I-75,I-75 and Spring St Nw,,Rear End,2,Cloudy,Dry,Daylight
2023-08-10T23:26:00.000,I-75,I-75 and Spring St Nw,,Angle Crash,2,Clear,Dry,Dark-Lighted
2023-10-11T11:16:00.000,I-75,I-75 and Spring St Nw,,Sideswipe-Same Direction,2,Clear,Dry,Daylight
2023-04-19T00:41:00.000,I-75,I-75 and Spring St Nw,,Sideswipe-Same Direction,2,Clear,Dry,Dark-Lighted
2023-08-12T20:45:00.000,I-75,I-75 and Spring St Nw,,Rear End,3,Rain,Water (standing or moving),Dark-Lighted
2023-08-02T15:28:00.000,I-75,I-75 and Spring St Nw,,Rear End,2,Clear,Dry,Daylight
2023-12-24T12:00:00.000,I-75,I-75 and Spring St Nw,,Sideswipe-Same Direction,2,Cloudy,Dry,Daylight
2023-10-23T19:30:00.000,I-75,I-75 and Spring St Nw,,Sideswipe-Same Direction,2,Clear,Dry,Dark-Lighted
2024-10-09T11:18:00.000,I-75,I-75 and Spring St Nw,,Rear End,2,Clear,Dry,Daylight
2024-04-21T03:22:00.000,I-75,I-75 and Spring St Nw,,Angle Crash,2,Rain,Wet,Dark-Lighted
2024-04-24T12:29:00.000,I-75,I-75 and Spring St Nw,,Sideswipe-Same Direction,2,Clear,Dry,Daylight
2024-07-03T05:35:00.000,I-75,I-75 and Spring St Nw,,Sideswipe-Same Direction,2,Clear,Dry,Dark-Lighted
2024-03-24T00:25:00.000,I-75,I-75 and Spring St Nw,,Not a Collision with Motor Vehicle,1,Clear,Dry,Dark-Lighted
2024-05-18T23:51:00.000,I-75,I-75 and Spring St Nw,,Not a Collision with Motor Vehicle,1,Cloudy,Wet,Dark-Lighted
2024-01-21T08:10:00.000,I-75,I-75 and Spring St Nw,,Rear End,2,Clear,Dry,Daylight
2024-05-17T20:46:00.000,I-75,I-75 and Spring St Nw,,Not a Collision with Motor Vehicle,1,Clear,Dry,Dark-Lighted
2024-07-24T21:03:00.000,I-75,I-75 and Spring St Nw,,Rear End,3,Rain,Wet,Dark-Lighted
2024-02-05T20:00:00.000,I-75,I-75 and Spring St Nw,,Sideswipe-Same Direction,2,Clear,Dry,Dark-Lighted
2024-07-24T16:54:00.000,I-75,I-75 and Spring St Nw,,Rear End,2,Cloudy,Dry,Daylight
2024-12-22T01:32:00.000,I-75,I-75 and Spring St Nw,,Angle Crash,2,Clear,Dry,Dark-Lighted
2024-11-23T18:01:00.000,I-75,I-75 and Spring St Nw,,Angle Crash,2,Clear,Dry,Daylight
2024-02-03T20:10:00.000,I-75,I-75 and Spring St Nw,,Rear End,2,Clear,Dry,Daylight
2024-05-05T17:09:00.000,I-75,I-75 and Spring St Nw,,Sideswipe-Same Direction,2,Rain,Wet,Daylight
2024-05-04T22:46:00.000,I-75,I-75 and Spring St Nw,,Rear End,2,Cloudy,Dry,Dark-Lighted
2024-10-23T12:00:00.000,I-75,I-75 and Spring St Nw,,Rear End,2,Clear,Dry,Daylight
2024-10-26T19:00:00.000,I-75,I-75 and Spring St Nw,,Sideswipe-Same Direction,2,Clear,Dry,Dark-Lighted
2024-10-27T22:30:00.000,I-75,I-75 and Spring St Nw,,Rear End,2,Clear,Dry,Dark-Lighted
2024-07-13T11:30:00.000,I-75,I-75 and Spring St Nw,,Angle Crash,2,Clear,Dry,Daylight
2024-04-29T07:00:00.000,I-75,I-75 and Spring St Nw,,Rear End,2,Clear,Dry,Daylight
2024-05-05T17:20:00.000,I-75,I-75 and Spring St Nw,,Rear End,2,Rain,Wet,Daylight
2024-03-27T13:34:00.000,I-75,I-75 and Spring St Nw,,Sideswipe-Same Direction,3,Clear,Dry,Daylight
2024-11-12T20:39:00.000,I-75,I-75 and Spring St Nw,,Rear End,3,Clear,Dry,Dark-Lighted
2024-03-23T01:30:00.000,I-75,I-75 and Spring St Nw,,Angle Crash,2,Clear,Dry,Dark-Lighted
2024-02-07T15:51:00.000,I-75,I-75 and Spring St Nw,,Rear End,3,Clear,Dry,Daylight
2024-09-14T13:00:00.000,I-75,I-75 and Spring St Nw,,Rear End,2,Rain,Wet,Daylight
2024-10-09T13:49:00.000,I-75,I-75 and Spring St Nw,,Rear End,2,Clear,Dry,Daylight
2024-11-06T18:16:00.000,I-75,I-75 and Spring St Nw,,Rear End,2,Clear,Dry,Dark-Lighted
2024-03-27T08:00:00.000,I-75,I-75 and Spring St Exit 249D,,Sideswipe-Same Direction,4,Clear,Dry,Daylight
2024-12-09T05:58:00.000,I-75,I-75 and Spring St,,Rear End,2,Rain,Water (standing or moving),Dawn
2024-10-14T15:30:00.000,I-75,I-75 and Spring Buford Con,,Sideswipe-Same Direction,2,Clear,Dry,Daylight
2023-08-03T22:30:00.000,I-75,I-75 and Semel Dr Nw,,Rear End,2,Clear,Dry,Dark-Lighted
2024-11-05T00:00:00.000,I-75,I-75 and Scott St Sw,,Rear End,2,Clear,Dry,Dark-Lighted
2020-01-14T14:59:00.000,I-75,I-75 and Sam Nunn Blvd   Sr 7,,Rear End,2,Clear,Dry,Daylight
2021-12-20T13:15:00.000,I-75,I-75 and Sam Nunn Blvd,,Sideswipe-Same Direction,2,Clear,Dry,Daylight
2021-08-20T20:43:00.000,I-75,I-75 and Sam Nunn Blvd,,Not a Collision with Motor Vehicle,1,Rain,Water (standing or moving),Dark-Lighted
2021-10-29T14:08:00.000,I-75,I-75 and Sam Nunn Blvd,,Sideswipe-Same Direction,2,Cloudy,Dry,Daylight
2022-12-19T14:35:00.000,I-75,I-75 and Sam Nunn Blvd,,Angle Crash,2,Clear,Dry,Daylight
2024-10-05T07:03:00.000,I-75,I-75 and Sam Nunn Blvd,,Not a Collision with Motor Vehicle,1,Clear,Dry,Dark-Not Lighted
2024-07-23T07:20:00.000,I-75,I-75 and Sam Nunn Blvd,,Sideswipe-Same Direction,2,Clear,Dry,Daylight
2024-12-27T22:08:00.000,I-75,I-75 and Saint Johns Ave Sw,,Sideswipe-Same Direction,2,Rain,Wet,Dark-Lighted
2023-11-10T10:20:00.000,I-75,I-75 and S Perry Pkwy,,Rear End,2,Clear,Dry,Daylight
2022-03-08T04:12:00.000,I-75,I-75 and S Perry Pkwy,,Rear End,2,Cloudy,Dry,Dark-Lighted
2024-01-10T20:05:00.000,I-75,I-75 and S Perry Pkwy,,Angle Crash,2,Clear,Dry,Dark-Not Lighted
2021-05-07T17:22:00.000,I-75,I-75 and Riverside Dr,,Rear End,3,Clear,Dry,Daylight
2024-10-16T19:27:00.000,I-75,I-75 and Ridge Ave Sw,,Angle Crash,2,Clear,Dry,Dark-Lighted
2021-06-27T14:33:00.000,I-75,I-75 and Richardson St Sw,,Sideswipe-Same Direction,2,Clear,Dry,Daylight
2021-06-25T22:30:00.000,I-75,I-75 and Richardson St Sw,,Rear End,3,Clear,Dry,Dark-Lighted
2021-05-29T15:00:00.000,I-75,I-75 and Richardson St Sw,,Angle Crash,2,Clear,Dry,Daylight
2021-04-03T17:07:00.000,I-75,I-75 and Richardson St Sw,,Rear End,2,Clear,Dry,Daylight
2021-08-25T17:20:00.000,I-75,I-75 and Richardson St Sw,,Rear End,2,Clear,Dry,Daylight
2021-09-05T17:30:00.000,I-75,I-75 and Richardson St Sw,,Sideswipe-Same Direction,2,Clear,Dry,Daylight
2021-08-27T14:53:00.000,I-75,I-75 and Richardson St Sw,,Rear End,3,Clear,Dry,Daylight
2024-12-29T10:00:00.000,I-75,I-75 and Richardson St Sw,,Angle Crash,3,Rain,Water (standing or moving),Daylight
2023-11-17T23:53:00.000,I-75,I-75 and Richardson St Sw,,Sideswipe-Same Direction,2,Clear,Dry,Dark-Lighted
2024-06-14T11:19:00.000,I-75,I-75 and Richardson St Sw,,Sideswipe-Same Direction,2,Clear,Dry,Daylight
2024-04-13T23:06:00.000,I-75,I-75 and Richardson St Sw,,Rear End,2,Clear,Dry,Dark-Lighted
2024-04-27T16:59:00.000,I-75,I-75 and Richardson St Sw,,Rear End,2,Clear,Dry,Daylight
2023-06-19T20:12:00.000,I-75,I-75 and Ralph Mcgill Blvd Ne,,Sideswipe-Same Direction,2,Clear,Dry,Daylight
2021-08-10T19:15:00.000,I-75,I-75 and Ralph Mcgill Blvd Ne,,Rear End,3,Clear,Dry,Daylight
2022-08-20T16:06:00.000,I-75,I-75 and Ralph Mcgill Blvd Ne,,Rear End,2,Clear,Dry,Daylight
2022-05-28T17:29:00.000,I-75,I-75 and Ralph Mcgill Blvd Ne,,Rear End,2,Clear,Dry,Daylight
2022-08-27T12:40:00.000,I-75,I-75 and Ralph Mcgill Blvd Ne,,Sideswipe-Same Direction,2,Cloudy,Dry,Daylight
2024-04-28T11:49:00.000,I-75,I-75 and Ralph Mcgill Blvd Ne,,Rear End,2,Clear,Dry,Daylight
2023-01-28T11:27:00.000,I-75,I-75 and Ralph Mcgill Blvd Ne,,Rear End,2,Cloudy,Dry,Daylight
2023-01-11T15:23:00.000,I-75,I-75 and Ralph Mcgill Blvd Ne,,Rear End,2,Cloudy,Dry,Daylight
2024-05-21T10:51:00.000,I-75,I-75 and Ralph Mcgill Blvd Ne,,Sideswipe-Same Direction,2,Clear,Dry,Daylight
2024-08-14T09:00:00.000,I-75,I-75 and Ralph Mcgill Blvd Ne,,Sideswipe-Same Direction,2,Clear,Water (standing or moving),Daylight
2024-12-29T12:49:00.000,I-75,I-75 and Ralph Mcgill Blvd Ne,,Angle Crash,2,Clear,Dry,Daylight
2024-05-03T06:05:00.000,I-75,I-75 and Ralph Mcgill Blvd Ne,,Rear End,2,Cloudy,Dry,Daylight
2024-07-24T12:41:00.000,I-75,I-75 and Ralph Mcgill Blvd Ne,,Rear End,2,Clear,Dry,Daylight
2024-11-17T10:00:00.000,I-75,I-75 and Ralph Mcgill Blvd Ne,,Rear End,2,Clear,Dry,Daylight
2024-12-18T09:30:00.000,I-75,I-75 and Ralph Mcgill Blvd Ne,,Sideswipe-Same Direction,2,Cloudy,Dry,Daylight
2024-08-21T12:05:00.000,I-75,I-75 and Ralph Mcgill Blvd Ne,,Sideswipe-Same Direction,2,Clear,Dry,Daylight
2024-09-21T10:40:00.000,I-75,I-75 and Ralph Mcgill Blvd Ne,,Rear End,2,Clear,Dry,Daylight
2024-04-03T12:30:00.000,I-75,I-75 and Ralph Mcgill Blvd Ne,,Angle Crash,2,Clear,Dry,Daylight
2024-10-13T10:45:00.000,I-75,I-75 and Ralph Mcgill Blvd Ne,,Rear End,2,Clear,Dry,Daylight
2024-12-07T19:45:00.000,I-75,I-75 and Ralph Mcgill Blvd Ne,,Rear End,2,Clear,Dry,Dark-Lighted
2024-12-28T18:56:00.000,I-75,I-75 and Ralph Mcgill Blvd Ne,,Sideswipe-Same Direction,2,Rain,Wet,Dark-Lighted
2024-10-02T12:00:00.000,I-75,I-75 and Ralph Mcgill Blvd Ne,,Rear End,2,Clear,Dry,Daylight
2024-12-02T18:24:00.000,I-75,I-75 and Ralph Mcgill Blvd Ne,,Rear End,2,Clear,Dry,Dark-Lighted
2023-04-09T20:00:00.000,I-75,I-75 and Ralph David Abernathy Blvd Sw,,Sideswipe-Same Direction,2,Clear,Dry,Dark-Lighted
2023-04-08T13:20:00.000,I-75,I-75 and Ralph David Abernathy Blvd Sw,,Rear End,2,Rain,Water (standing or moving),Daylight
2023-03-22T12:30:00.000,I-75,I-75 and Ralph David Abernathy Blvd Sw,,Not a Collision with Motor Vehicle,1,Cloudy,Dry,Daylight
2024-10-27T20:20:00.000,I-75,I-75 and Ralph David Abernathy Blvd Sw,,Sideswipe-Same Direction,2,Clear,Dry,Dark-Lighted
2022-02-04T18:00:00.000,I-75,I-75 and Ralph David Abernathy Blvd Sw,,Sideswipe-Same Direction,2,Clear,Dry,Daylight
2022-07-07T16:25:00.000,I-75,I-75 and Ralph David Abernathy Blvd Sw,,Sideswipe-Same Direction,2,Clear,Dry,Daylight
2022-07-31T01:20:00.000,I-75,I-75 and Ralph David Abernathy Blvd Sw,,Sideswipe-Same Direction,2,Clear,Dry,Dark-Lighted
2024-04-12T21:30:00.000,I-75,I-75 and Ralph David Abernathy Blvd Sw,,Rear End,2,Clear,Dry,Dark-Lighted
2024-06-06T09:35:00.000,I-75,I-75 and Ralph David Abernathy Blvd Sw,,Sideswipe-Same Direction,2,Clear,Dry,Dark-Not Lighted
2023-09-23T18:25:00.000,I-75,I-75 and Ralph David Abernathy Blvd Sw,,Angle Crash,2,Clear,Dry,Daylight
2024-11-02T13:42:00.000,I-75,I-75 and Ralph David Abernathy Blvd Sw,,Rear End,2,Clear,Dry,Daylight
2024-11-03T19:30:00.000,I-75,I-75 and Ralph David Abernathy Blvd Sw,,Rear End,2,Clear,Dry,Dark-Lighted
2024-01-09T09:00:00.000,I-75,I-75 and Ralph David Abernathy Blvd Sw,,Sideswipe-Same Direction,2,Rain,Water (standing or moving),Daylight
2024-05-26T15:36:00.000,I-75,I-75 and Ralph David Abernathy Blvd Sw,,Rear End,2,Clear,Dry,Daylight
2024-05-01T15:27:00.000,I-75,I-75 and Ralph David Abernathy Blvd Sw,,Rear End,3,Clear,Dry,Daylight
2024-03-04T12:50:00.000,I-75,I-75 and Ralph David Abernathy Blvd Sw,,Rear End,2,Rain,Water (standing or moving),Daylight
2024-07-14T16:00:00.000,I-75,I-75 and Ralph David Abernathy Blvd Sw,,Angle Crash,2,Clear,Dry,Daylight
2024-08-10T23:00:00.000,I-75,I-75 and Ralph David Abernathy Blvd Sw,,Rear End,2,Clear,Dry,Dark-Lighted
2024-11-18T00:15:00.000,I-75,I-75 and Ralph David Abernathy Blvd Sw,,Rear End,2,Clear,Dry,Dark-Lighted
2024-10-21T15:00:00.000,I-75,I-75 and Ralph David Abernathy Blvd Sw,,Sideswipe-Same Direction,2,Clear,Dry,Daylight
2024-09-11T14:15:00.000,I-75,I-75 and Ralph David Abernathy Blvd Sw,,Rear End,2,Clear,Dry,Daylight
2024-09-01T23:10:00.000,I-75,I-75 and Ralph David Abernathy Blvd Sw,,Sideswipe-Same Direction,3,Clear,Dry,Dark-Lighted
2024-06-11T22:40:00.000,I-75,I-75 and Ralph David Abernathy Blvd Sw,,Sideswipe-Same Direction,2,Clear,Dry,Dark-Lighted
2024-08-24T16:46:00.000,I-75,I-75 and Ralph David Abernathy Blvd Sw,,Rear End,2,Clear,Dry,Daylight
2021-06-12T22:00:00.000,I-75,I-75 and Ralph David Abernathy,,Sideswipe-Same Direction,2,Clear,Dry,Dark-Lighted
2022-12-30T15:00:00.000,I-75,I-75 and Ralph David Abernathy,,Rear End,3,Clear,Dry,Daylight
2023-05-03T07:45:00.000,I-75,I-75 and Pulliam St Sw,,Rear End,2,Clear,Dry,Daylight
2021-08-21T14:00:00.000,I-75,I-75 and Pulliam St Sw,,Sideswipe-Same Direction,2,Clear,Dry,Daylight
2024-10-09T19:20:00.000,I-75,I-75 and Pulliam St Sw,,Rear End,2,Clear,Dry,Dark-Lighted
2024-06-25T16:55:00.000,I-75,I-75 and Pulliam St Sw,,Sideswipe-Same Direction,2,Clear,Dry,Daylight
2024-04-21T00:30:00.000,I-75,I-75 and Pulliam St Sw,,Sideswipe-Same Direction,2,Rain,Water (standing or moving),Dark-Lighted
2024-12-08T21:05:00.000,I-75,I-75 and Pulliam St Sw,,Sideswipe-Same Direction,2,Cloudy,Dry,Dark-Lighted
2024-09-18T16:27:00.000,I-75,I-75 and Pulliam St Sw,,Rear End,2,Clear,Dry,Daylight
2024-03-01T20:49:00.000,I-75,I-75 and Pulliam St Sw,,Rear End,2,Rain,Wet,Dark-Lighted
2024-08-17T05:00:00.000,I-75,I-75 and Pulliam St Sw,,Sideswipe-Opposite Direction,2,Clear,Dry,Dark-Lighted
2024-10-26T18:57:00.000,I-75,I-75 and Pulliam St Sw,,Angle Crash,2,Clear,Dry,Dark-Lighted
2024-12-09T06:11:00.000,I-75,I-75 and Pulliam St Sw,,Sideswipe-Same Direction,2,Cloudy,Wet,Dawn
2024-04-21T00:30:00.000,I-75,I-75 and Pulliam St Sw,,Rear End,2,Rain,Water (standing or moving),Dark-Lighted
2022-05-13T23:25:00.000,I-75,I-75 and Pryor St Sw,,Rear End,2,Clear,Dry,Dark-Lighted
2022-09-22T21:30:00.000,I-75,I-75 and Pryor St Sw,,Sideswipe-Same Direction,2,Clear,Dry,Dark-Lighted
2024-08-20T21:21:00.000,I-75,I-75 and Pryor St Sw,,Sideswipe-Same Direction,2,Clear,Dry,Dark-Not Lighted
2024-04-21T22:33:00.000,I-75,I-75 and Pryor St Sw,,Rear End,2,Clear,Dry,Dark-Lighted
2024-12-08T14:45:00.000,I-75,I-75 and Pryor St Sw,,Rear End,2,Clear,Dry,Daylight
2024-09-17T16:29:00.000,I-75,I-75 and Pryor St Sw,,Rear End,2,Clear,Dry,Daylight
2024-08-27T22:30:00.000,I-75,I-75 and Pryor St Sw,,Rear End,6,Clear,Dry,Dark-Lighted
2024-09-25T08:14:00.000,I-75,I-75 and Pryor St Sw,,Sideswipe-Same Direction,2,Clear,Dry,Daylight
2024-03-16T06:20:00.000,I-75,I-75 and Pryor St Sw,,Rear End,2,Clear,Dry,Dark-Lighted
2024-04-13T15:35:00.000,I-75,I-75 and Pryor St Sw,,Rear End,2,Clear,Dry,Daylight
2024-04-19T20:08:00.000,I-75,I-75 and Pryor St Sw,,Rear End,2,Clear,Dry,Dark-Lighted
2024-11-09T18:20:00.000,I-75,I-75 and Pryor St Sw,,Rear End,2,Clear,Dry,Dawn
2024-05-07T05:21:00.000,I-75,I-75 and Pryor St Sw,,Sideswipe-Same Direction,2,Clear,Dry,Dark-Not Lighted
2024-09-01T23:00:00.000,I-75,I-75 and Pryor St Sw,,Sideswipe-Same Direction,2,Clear,Dry,Dark-Lighted
2024-06-15T00:00:00.000,I-75,I-75 and Pryor St Sw,,Sideswipe-Same Direction,2,Clear,Dry,Dark-Lighted
2021-09-01T17:00:00.000,I-75,I-75 and Pryor St,,Sideswipe-Opposite Direction,2,Clear,Dry,Daylight
2020-06-26T05:46:00.000,I-75,I-75 and Priest Rd,,Rear End,2,Cloudy,Dry,Dark-Not Lighted
2020-01-02T14:41:00.000,I-75,I-75 and Priest Rd,,Not a Collision with Motor Vehicle,1,Rain,Water (standing or moving),Daylight
2021-06-18T14:19:00.000,I-75,I-75 and Priest Rd,,Rear End,2,Clear,Dry,Daylight
2022-12-17T13:00:00.000,I-75,I-75 and Pratt St Se,,Rear End,3,Cloudy,Dry,Daylight
2024-12-21T17:00:00.000,I-75,I-75 and Pratt St Se,,Sideswipe-Same Direction,2,Other,Other,Daylight
2024-08-27T01:50:00.000,I-75,I-75 and Pratt St Se,,Sideswipe-Same Direction,2,Clear,Dry,Dark-Lighted
2024-09-29T19:55:00.000,I-75,I-75 and Pratt St Se,,Rear End,3,Clear,Dry,Dark-Lighted
2024-07-25T22:46:00.000,I-75,I-75 and Pratt St Se,,Rear End,3,Clear,Dry,Dark-Lighted
2024-12-22T20:30:00.000,I-75,I-75 and Pratt St Se,,Rear End,2,Clear,Dry,Dark-Lighted
2024-08-28T08:55:00.000,I-75,I-75 and Pratt St Se,,Sideswipe-Same Direction,2,Clear,Dry,Daylight
2021-08-13T00:37:00.000,I-75,I-75 and Porshe Ave,,Rear End,2,Clear,Wet,Dark-Lighted
2021-10-17T05:00:00.000,I-75,I-75 and Porsche Ave,,Sideswipe-Same Direction,2,Clear,Dry,Dark-Lighted
2021-10-25T20:40:00.000,I-75,I-75 and Porsche Ave,,Rear End,2,Clear,Dry,Dark-Not Lighted
2023-09-20T23:34:00.000,I-75,I-75 and Porsche Ave,,Not a Collision with Motor Vehicle,1,Clear,Dry,Dark-Lighted
2023-08-10T20:30:00.000,I-75,I-75 and Porsche Ave,,Sideswipe-Same Direction,2,Cloudy,Dry,Dark-Lighted
2023-01-11T19:16:00.000,I-75,I-75 and Porsche Ave,,Not a Collision with Motor Vehicle,1,Clear,Dry,Dark-Not Lighted
2021-12-16T17:30:00.000,I-75,I-75 and Porsche Ave,,Rear End,2,Clear,Dry,Dark-Not Lighted
2022-04-01T21:00:00.000,I-75,I-75 and Porsche Ave,,Sideswipe-Same Direction,2,Clear,Dry,Dark-Lighted
2022-12-14T16:27:00.000,I-75,I-75 and Porsche Ave,,Rear End,2,Rain,Water (standing or moving),Dusk
2022-09-13T20:39:00.000,I-75,I-75 and Porsche Ave,,Sideswipe-Same Direction,2,Clear,Dry,Dark-Not Lighted
2022-12-31T06:00:00.000,I-75,I-75 and Porsche Ave,,Rear End,3,Rain,Wet,Dark-Not Lighted
2022-08-10T15:24:00.000,I-75,I-75 and Porsche Ave,,Rear End,2,Cloudy,Wet,Daylight
2022-01-28T04:26:00.000,I-75,I-75 and Porsche Ave,,Sideswipe-Same Direction,2,Clear,Dry,Dark-Lighted
2023-06-21T16:58:00.000,I-75,I-75 and Porsche Ave,,Rear End,3,Rain,Wet,Daylight
2024-06-08T20:00:00.000,I-75,I-75 and Porsche Ave,,Angle Crash,2,Clear,Dry,Daylight
2023-10-14T13:20:00.000,I-75,I-75 and Porsche Ave,,Angle Crash,2,Cloudy,Dry,Daylight
2023-02-08T17:30:00.000,I-75,I-75 and Porsche Ave,,Sideswipe-Same Direction,2,Clear,Dry,Dawn
2023-03-19T10:30:00.000,I-75,I-75 and Porsche Ave,,Rear End,2,Clear,Dry,Daylight
2023-05-31T19:05:00.000,I-75,I-75 and Porsche Ave,,Rear End,3,Clear,Dry,Daylight
2024-05-18T06:39:00.000,I-75,I-75 and Porsche Ave,,Sideswipe-Same Direction,2,Rain,Wet,Daylight
2021-10-27T05:45:00.000,I-75,I-75 and Pollard Blvd Sw,,Sideswipe-Same Direction,2,Clear,Dry,Dark-Lighted
2023-08-02T05:00:00.000,I-75,I-75 and Pollard Blvd Sw,,Rear End,2,Clear,Dry,Dark-Lighted
2024-12-19T07:55:00.000,I-75,I-75 and Pollard Blvd Sw,,Sideswipe-Same Direction,2,Clear,Dry,Daylight
2024-09-25T06:34:00.000,I-75,I-75 and Pollard Blvd Sw,,Rear End,2,Severe Thunderstorm or Tornadic,Water (standing or moving),Dark-Lighted
2024-08-21T18:28:00.000,I-75,I-75 and Pollard Blvd Sw,,Rear End,2,Clear,Dry,Daylight
2021-09-07T17:30:00.000,I-75,I-75 and Pine Street,,Sideswipe-Opposite Direction,2,Clear,Dry,Daylight
2022-12-27T19:04:00.000,I-75,I-75 and Pine St Ramp,,Rear End,2,Clear,Dry,Dark-Lighted
2022-06-04T20:08:00.000,I-75,I-75 and Pine St Ra Mp,,Rear End,5,Clear,Dry,Dark-Lighted
2023-04-22T15:45:00.000,I-75,I-75 and Pine St Nw,,Rear End,3,Clear,Dry,Daylight
2023-05-21T12:24:00.000,I-75,I-75 and Pine St Nw,,Sideswipe-Same Direction,2,Clear,Dry,Daylight
2023-11-25T18:17:00.000,I-75,I-75 and Pine St Nw,,Rear End,2,Clear,Dry,Daylight
2023-09-13T08:20:00.000,I-75,I-75 and Pine St Nw,,Rear End,2,Cloudy,Wet,Daylight
2023-09-15T23:50:00.000,I-75,I-75 and Pine St Nw,,Rear End,4,Clear,Dry,Dark-Lighted
2022-09-30T17:40:00.000,I-75,I-75 and Pine St Nw,,Sideswipe-Same Direction,2,Clear,Dry,Daylight
2022-06-02T20:57:00.000,I-75,I-75 and Pine St Nw,,Rear End,2,Clear,Dry,Daylight
2022-07-13T19:02:00.000,I-75,I-75 and Pine St Nw,,Rear End,2,Cloudy,Dry,Daylight
2023-12-18T11:30:00.000,I-75,I-75 and Pine St Nw,,Rear End,2,Clear,Dry,Daylight
2021-08-07T18:51:00.000,I-75,I-75 and Pine St Ne,,Sideswipe-Same Direction,2,Clear,Dry,Daylight
2021-08-26T10:50:00.000,I-75,I-75 and Pine St Ne,,Rear End,2,Clear,Dry,Daylight
2023-11-27T11:06:00.000,I-75,I-75 and Pine St Ne,,Rear End,2,Clear,Dry,Daylight
2024-03-27T07:00:00.000,I-75,I-75 and Pine St Exit 249B,,Rear End,2,Cloudy,Dry,Dawn
2021-08-01T20:45:00.000,I-75,I-75 and Pine St,,Sideswipe-Same Direction,2,Clear,Dry,Daylight
2021-08-02T05:55:00.000,I-75,I-75 and Pine St,,Sideswipe-Same Direction,2,Clear,Dry,Dark-Lighted
2024-03-20T16:11:00.000,I-75,I-75 and Pine St,,Angle Crash,2,Clear,Dry,Daylight
2023-05-17T19:12:00.000,I-75,I-75 and Piedmont Ave Ne,,Sideswipe-Same Direction,2,Clear,Dry,Daylight
2023-01-11T11:56:00.000,I-75,I-75 and Piedmont Ave Ne,,Sideswipe-Same Direction,2,Cloudy,Dry,Daylight
2022-02-02T10:36:00.000,I-75,I-75 and Piedmont Ave Ne,,Rear End,3,Cloudy,Dry,Daylight
2022-08-31T14:23:00.000,I-75,I-75 and Piedmont Ave Ne,,Sideswipe-Same Direction,2,Clear,Dry,Daylight
2021-08-21T21:25:00.000,I-75,I-75 and Piedmont Ave Ne,,Rear End,3,Clear,Dry,Dark-Lighted
2021-08-06T20:57:00.000,I-75,I-75 and Piedmont Ave Ne,,Sideswipe-Same Direction,2,Clear,Dry,Dark-Lighted
2024-12-04T07:45:00.000,I-75,I-75 and Piedmont Ave Ne,,Sideswipe-Same Direction,2,Clear,Dry,Daylight
2024-10-19T07:00:00.000,I-75,I-75 and Piedmont Ave Ne,,Rear End,2,Clear,Dry,Dark-Lighted
2024-12-07T14:15:00.000,I-75,I-75 and Piedmont Ave Ne,,Rear End,2,Clear,Dry,Daylight