Date and Time,Roadway (From Crash Report),Intersection Name (from Crash Report),KABCO Severity,Manner of Collision (Crash Level) ,# of Vehicles per crash ,Weather Conditions (Crash Level),Surface Condition (Crash Level) ,Light Conditions (Crash Level)
2022-04-22T05:05:00.000,I-75,I-75 and North Ave Nw,,Rear End,2,Clear,Dry,Dark-Lighted
2023-05-14T19:00:00.000,I-75,I-75 and North Ave Nw,,Rear End,2,Clear,Dry,Dark-Not Lighted
2024-06-23T11:51:00.000,I-75,I-75 and North Ave Nw,,Sideswipe-Same Direction,3,Clear,Dry,Daylight
2024-12-06T14:45:00.000,I-75,I-75 and North Ave Nw,,Rear End,2,Clear,Dry,Daylight
2024-04-17T08:15:00.000,I-75,I-75 and North Ave Nw,,Rear End,2,Cloudy,Dry,Daylight
2024-12-31T21:00:00.000,I-75,I-75 and North Ave Nw,,Sideswipe-Same Direction,2,Clear,Dry,Dark-Lighted
2024-09-25T12:51:00.000,I-75,I-75 and North Ave Nw,,Rear End,4,Rain,Wet,Daylight
2024-06-05T17:00:00.000,I-75,I-75 and North Ave Nw,,Rear End,2,Clear,Dry,Daylight
2024-03-25T18:30:00.000,I-75,I-75 and North Ave Nw,,Rear End,2,Clear,Dry,Dark-Lighted
2024-11-13T10:10:00.000,I-75,I-75 and North Ave Nw,,Rear End,2,Clear,Dry,Daylight
2024-12-09T05:05:00.000,I-75,I-75 and North Ave Nw,,Sideswipe-Same Direction,2,Rain,Water (standing or moving),Dark-Lighted
2024-05-11T01:00:00.000,I-75,I-75 and North Ave Nw,,Rear End,2,Clear,Dry,Dark-Lighted
2024-11-18T20:30:00.000,I-75,I-75 and North Ave Nw,,Rear End,2,Clear,Dry,Dark-Lighted
2024-02-27T14:15:00.000,I-75,I-75 and North Ave Nw,,Rear End,2,Cloudy,Dry,Daylight
2024-06-23T20:00:00.000,I-75,I-75 and North Ave Nw,,Rear End,3,Clear,Dry,Dark-Lighted
2024-12-18T09:45:00.000,I-75,I-75 and North Ave Nw,,Rear End,3,Cloudy,Dry,Daylight
2024-11-20T10:30:00.000,I-75,I-75 and North Ave Nw,,Sideswipe-Same Direction,2,Clear,Dry,Daylight
2024-01-21T06:50:00.000,I-75,I-75 and North Ave Nw,,Rear End,2,Clear,Dry,Dark-Lighted
2024-10-21T14:43:00.000,I-75,I-75 and North Ave Nw,,Sideswipe-Same Direction,2,Clear,Dry,Daylight
2023-05-27T15:20:00.000,I-75,I-75 and North Ave Nw,,Sideswipe-Same Direction,2,Clear,Dry,Daylight
2023-10-29T16:23:00.000,I-75,I-75 and North Ave Nw,,Sideswipe-Same Direction,2,Clear,Dry,Daylight
2024-04-27T13:27:00.000,I-75,I-75 and North Ave Nw,,Head On,3,Clear,Dry,Daylight
2024-03-27T18:44:00.000,I-75,I-75 and North Ave Nw,,Rear End,3,Clear,Dry,Daylight
2023-12-13T20:01:00.000,I-75,I-75 and North Ave Nw,,Rear End,2,Clear,Dry,Dark-Lighted
2023-01-30T23:54:00.000,I-75,I-75 and North Ave Nw,,Rear End,2,Clear,Dry,Dark-Lighted
2023-10-15T20:00:00.000,I-75,I-75 and North Ave Nw,,Rear End,2,Clear,Dry,Dark-Not Lighted
2023-12-19T07:53:00.000,I-75,I-75 and North Ave Nw,,Sideswipe-Same Direction,2,Clear,Dry,Daylight
2023-09-21T20:45:00.000,I-75,I-75 and North Ave Nw,,Rear End,2,Clear,Dry,Dark-Lighted
2023-10-23T22:02:00.000,I-75,I-75 and North Ave Nw,,Not a Collision with Motor Vehicle,2,Clear,Dry,Dark-Lighted
2023-06-20T03:40:00.000,I-75,I-75 and North Ave Nw,,Rear End,2,Clear,Dry,Dark-Not Lighted
2023-06-07T16:00:00.000,I-75,I-75 and North Ave Nw,,Rear End,2,Clear,Dry,Daylight
2023-11-04T01:05:00.000,I-75,I-75 and North Ave Nw,,Sideswipe-Same Direction,2,Clear,Dry,Dark-Not Lighted
2023-06-07T12:00:00.000,I-75,I-75 and North Ave Nw,,Rear End,2,Clear,Dry,Daylight
2023-06-25T12:31:00.000,I-75,I-75 and North Ave Nw,,Sideswipe-Same Direction,2,Clear,Dry,Daylight
2023-10-14T18:30:00.000,I-75,I-75 and North Ave Nw,,Rear End,2,Clear,Dry,Dark-Lighted
2023-04-30T19:39:00.000,I-75,I-75 and North Ave Nw,,Rear End,2,Clear,Dry,Daylight
2024-02-24T22:00:00.000,I-75,I-75 and North Ave Nw,,Angle Crash,2,Clear,Dry,Dark-Lighted
2024-11-20T10:51:00.000,I-75,I-75 and North Ave Nw,,Rear End,2,Clear,Dry,Daylight
2024-10-19T14:00:00.000,I-75,I-75 and North Ave Nw,,Rear End,2,Clear,Dry,Daylight
2024-11-27T11:30:00.000,I-75,I-75 and North Ave Nw,,Rear End,2,Clear,Dry,Daylight
2024-09-28T23:12:00.000,I-75,I-75 and North Ave Nw,,Angle Crash,2,Clear,Dry,Dark-Lighted
2024-04-04T20:40:00.000,I-75,I-75 and North Ave Nw,,Angle Crash,2,Cloudy,Dry,Dawn
2024-08-17T00:45:00.000,I-75,I-75 and North Ave Nw,,Sideswipe-Same Direction,2,Clear,Water (standing or moving),Dark-Lighted
2024-06-16T02:30:00.000,I-75,I-75 and North Ave Nw,,Rear End,3,Clear,Dry,Dark-Lighted
2024-05-11T13:10:00.000,I-75,I-75 and North Ave Nw,,Sideswipe-Same Direction,2,Clear,Dry,Daylight
2024-03-27T08:00:00.000,I-75,I-75 and North Ave Nw,,Rear End,3,Cloudy,Dry,Daylight
2024-11-09T17:00:00.000,I-75,I-75 and North Ave Nw,,Sideswipe-Same Direction,2,Clear,Dry,Daylight
2024-11-16T20:30:00.000,I-75,I-75 and North Ave Nw,,Rear End,2,Clear,Dry,Dark-Lighted
2024-09-21T17:20:00.000,I-75,I-75 and North Ave Nw,,Rear End,2,Clear,Dry,Daylight
2024-09-16T18:00:00.000,I-75,I-75 and North Ave Nw,,Sideswipe-Same Direction,2,Clear,Dry,Dark-Not Lighted
2024-03-06T08:36:00.000,I-75,I-75 and North Ave Nw,,Rear End,2,Rain,Water (standing or moving),Daylight
2024-07-13T22:01:00.000,I-75,I-75 and North Ave Nw,,Rear End,2,Clear,Dry,Dark-Lighted
2024-05-13T14:48:00.000,I-75,I-75 and North Ave Nw,,Rear End,2,Clear,Dry,Daylight
2024-04-06T18:00:00.000,I-75,I-75 and North Ave Nw,,Sideswipe-Same Direction,2,Clear,Dry,Daylight
2024-10-06T21:15:00.000,I-75,I-75 and North Ave Nw,,Sideswipe-Same Direction,2,Clear,Dry,Dark-Lighted
2024-12-30T22:30:00.000,I-75,I-75 and North Ave Nw,,Rear End,2,Clear,Dry,Dark-Lighted
2024-07-20T01:25:00.000,I-75,I-75 and North Ave Nw,,Rear End,2,Rain,Wet,Dark-Lighted
2024-11-13T22:47:00.000,I-75,I-75 and North Ave Nw,,Angle Crash,3,Cloudy,Wet,Dark-Lighted
2024-09-11T13:30:00.000,I-75,I-75 and North Ave Nw,,Rear End,2,Clear,Dry,Daylight
2024-12-29T11:55:00.000,I-75,I-75 and North Ave Nw,,Rear End,2,Cloudy,Dry,Daylight
2024-05-30T07:20:00.000,I-75,I-75 and North Ave Nw,,Sideswipe-Same Direction,2,Clear,Dry,Daylight
2024-07-23T19:30:00.000,I-75,I-75 and North Ave Nw,,Rear End,2,Clear,Dry,Dawn
2024-09-29T03:08:00.000,I-75,I-75 and North Ave Nw,,Angle Crash,2,Clear,Dry,Dark-Lighted
2024-07-29T17:15:00.000,I-75,I-75 and North Ave Nw,,Rear End,2,Clear,Dry,Daylight
2024-05-01T08:24:00.000,I-75,I-75 and North Ave Nw,,Rear End,2,Clear,Dry,Daylight
2024-07-17T10:00:00.000,I-75,I-75 and North Ave Nw,,Rear End,2,Clear,Dry,Daylight
2024-07-14T03:30:00.000,I-75,I-75 and North Ave Nw,,Sideswipe-Same Direction,2,Clear,Dry,Dark-Lighted
2024-05-11T01:00:00.000,I-75,I-75 and North Ave Nw,,Angle Crash,2,Clear,Dry,Dark-Lighted
2024-06-16T04:25:00.000,I-75,I-75 and North Ave Nw,,Sideswipe-Same Direction,3,Clear,Dry,Dark-Lighted
2024-10-09T16:30:00.000,I-75,I-75 and North Ave Nw,,Rear End,2,Other,Other,Daylight
2024-05-14T01:55:00.000,I-75,I-75 and North Ave Nw,,Not a Collision with Motor Vehicle,1,Rain,Wet,Dark-Lighted
2024-07-30T18:00:00.000,I-75,I-75 and North Ave Nw,,Rear End,2,Clear,Dry,Daylight
2024-04-26T21:30:00.000,I-75,I-75 and North Ave Nw,,Rear End,2,Clear,Dry,Dark-Lighted
2024-06-08T19:45:00.000,I-75,I-75 and North Ave Nw,,Rear End,3,Clear,Dry,Daylight
2024-05-04T20:00:00.000,I-75,I-75 and North Ave Nw,,Rear End,4,Other,Dry,Daylight
2024-02-16T19:00:00.000,I-75,I-75 and North Ave Nw,,Sideswipe-Same Direction,2,Clear,Dry,Daylight
2024-05-18T23:00:00.000,I-75,I-75 and North Ave Nw,,Rear End,2,Rain,Wet,Dark-Lighted
2024-07-15T23:00:00.000,I-75,I-75 and North Ave Nw,,Sideswipe-Same Direction,2,Clear,Dry,Dark-Not Lighted
2024-05-04T17:00:00.000,I-75,I-75 and North Ave Nw,,Rear End,3,Clear,Dry,Daylight
2024-12-28T00:45:00.000,I-75,I-75 and North Ave Nw,,Angle Crash,3,Rain,Wet,Dark-Lighted
2024-03-29T12:33:00.000,I-75,I-75 and North Ave Nw,,Rear End,3,Clear,Dry,Daylight
2024-05-19T00:00:00.000,I-75,I-75 and North Ave Nw,,Rear End,2,Rain,Wet,Dark-Lighted
2024-09-25T12:57:00.000,I-75,I-75 and North Ave Nw,,Sideswipe-Same Direction,2,Rain,Wet,Daylight
2024-08-14T08:45:00.000,I-75,I-75 and North Ave Nw,,Angle Crash,2,Clear,Dry,Daylight
2024-01-07T11:30:00.000,I-75,I-75 and North Ave Nw,,Sideswipe-Same Direction,2,Cloudy,Dry,Daylight
2024-01-06T05:29:00.000,I-75,I-75 and North Ave Nw,,Sideswipe-Same Direction,2,Rain,Wet,Dark-Lighted
2024-09-29T20:11:00.000,I-75,I-75 and North Ave Nw,,Rear End,2,Clear,Dry,Dark-Lighted
2024-07-10T10:47:00.000,I-75,I-75 and North Ave Nw,,Rear End,2,Clear,Dry,Daylight
2024-11-30T07:37:00.000,I-75,I-75 and North Ave Nw,,Sideswipe-Same Direction,2,Clear,Dry,Daylight
2024-09-12T20:15:00.000,I-75,I-75 and North Ave Nw,,Angle Crash,2,Clear,Dry,Dark-Lighted
2021-07-22T12:50:00.000,I-75,I-75 and North Ave Ne,,Rear End,2,Clear,Dry,Daylight
2021-08-07T11:51:00.000,I-75,I-75 and North Ave,,Rear End,2,Clear,Dry,Daylight
2021-08-16T23:15:00.000,I-75,I-75 and North Ave,,Rear End,2,Rain,Wet,Dark-Lighted
2024-01-17T18:30:00.000,I-75,I-75 and North Ave,,Rear End,2,Clear,Dry,Dark-Lighted
2021-07-10T04:35:00.000,I-75,I-75 and North,,Rear End,2,Clear,Dry,Dark-Lighted
2021-07-05T22:00:00.000,I-75,I-75 and Nb Split,,Sideswipe-Same Direction,2,Clear,Dry,Dark-Lighted
2022-10-06T08:00:00.000,I-75,I-75 and N Tibbs Rd,,Sideswipe-Same Direction,2,Clear,Dry,Dark-Lighted
2024-04-24T17:15:00.000,I-75,I-75 and N Central Ave,,Sideswipe-Same Direction,2,Clear,Dry,Daylight
2024-05-14T21:28:00.000,I-75,I-75 and N Central Ave,,Sideswipe-Same Direction,2,Clear,Dry,Dusk
2021-08-27T23:35:00.000,I-75,I-75 and N  Central Ave Sw,,Rear End,2,Clear,Dry,Dark-Lighted
2023-07-28T00:10:00.000,I-75,I-75 and Mt Zion Rd Sw,,Rear End,2,Clear,Dry,Dark-Lighted
2021-09-02T20:40:00.000,I-75,I-75 and Mt Paran Rd Nw,,Sideswipe-Same Direction,2,Clear,Dry,Dark-Lighted
2023-09-22T19:57:00.000,I-75,I-75 and Mt Paran Rd Nw,,Sideswipe-Same Direction,4,Clear,Dry,Daylight
2023-01-04T16:00:00.000,I-75,I-75 and Mt Paran Rd Nw,,Angle Crash,3,Clear,Dry,Daylight
2023-07-01T17:30:00.000,I-75,I-75 and Mt Paran Rd Nw,,Rear End,2,Clear,Dry,Daylight
2023-01-25T13:42:00.000,I-75,I-75 and Mt Paran Rd Nw,,Rear End,4,Clear,Dry,Daylight
2023-05-14T10:50:00.000,I-75,I-75 and Mt Paran Rd Nw,,Sideswipe-Same Direction,2,Clear,Dry,Daylight
2023-04-22T09:00:00.000,I-75,I-75 and Mt Paran Rd Nw,,Rear End,2,Clear,Dry,Daylight
2023-09-20T18:48:00.000,I-75,I-75 and Mt Paran Rd Nw,,Rear End,2,Clear,Dry,Daylight
2023-02-09T21:50:00.000,I-75,I-75 and Mt Paran Rd Nw,,Not a Collision with Motor Vehicle,1,Rain,Water (standing or moving),Dark-Not Lighted
2023-09-20T18:40:00.000,I-75,I-75 and Mt Paran Rd Nw,,Rear End,2,Clear,Dry,Daylight
2022-10-27T21:21:00.000,I-75,I-75 and Mt Paran Rd Nw,,Rear End,3,Clear,Dry,Dark-Lighted
2021-12-14T13:25:00.000,I-75,I-75 and Mt Paran Rd Nw,,Rear End,2,Clear,Dry,Daylight
2022-09-25T11:09:00.000,I-75,I-75 and Mt Paran Rd Nw,,Rear End,4,Cloudy,Wet,Daylight
2022-07-21T22:50:00.000,I-75,I-75 and Mt Paran Rd Nw,,Sideswipe-Same Direction,2,Clear,Dry,Dark-Not Lighted
2021-11-20T12:30:00.000,I-75,I-75 and Mt Paran Rd Nw,,Rear End,2,Clear,Dry,Daylight
2022-07-27T17:00:00.000,I-75,I-75 and Mt Paran Rd Nw,,Rear End,4,Clear,Dry,Daylight
2022-07-20T16:00:00.000,I-75,I-75 and Mt Paran Rd Nw,,Rear End,2,Clear,Dry,Daylight
2022-11-13T05:00:00.000,I-75,I-75 and Mt Paran Rd Nw,,Sideswipe-Same Direction,2,Clear,Dry,Dark-Not Lighted
2023-01-04T07:30:00.000,I-75,I-75 and Mt Paran Rd Nw,,Not a Collision with Motor Vehicle,1,Rain,Water (standing or moving),Dark-Lighted
2023-06-09T22:20:00.000,I-75,I-75 and Mt Paran Rd Nw,,Sideswipe-Opposite Direction,2,Clear,Dry,Dark-Lighted
2024-01-09T07:11:00.000,I-75,I-75 and Mt Paran Rd Nw,,Rear End,2,Rain,Wet,Dark-Lighted
2023-06-27T16:30:00.000,I-75,I-75 and Mt Paran Rd Nw,,Rear End,2,Clear,Dry,Daylight
2023-09-20T17:44:00.000,I-75,I-75 and Mt Paran Rd Nw,,Rear End,2,Clear,Dry,Daylight
2023-04-22T09:00:00.000,I-75,I-75 and Mt Paran Rd Nw,,Rear End,2,Clear,Dry,Daylight
2023-05-07T15:00:00.000,I-75,I-75 and Mt Paran Rd Nw,,Sideswipe-Same Direction,2,Cloudy,Wet,Daylight
2023-05-06T04:00:00.000,I-75,I-75 and Mt Paran Rd Nw,,Rear End,5,Clear,Dry,Dark-Lighted
2023-06-24T23:15:00.000,I-75,I-75 and Mt Paran Rd Nw,,Rear End,2,Clear,Dry,Dark-Not Lighted
2024-02-04T06:30:00.000,I-75,I-75 and Mt Paran Rd Nw,,Sideswipe-Same Direction,2,Clear,Dry,Dark-Lighted
2021-07-07T19:24:00.000,I-75,I-75 and Mt  Paran Rd Nw,,Rear End,2,Cloudy,Dry,Daylight
2022-02-05T12:30:00.000,I-75,I-75 and Mt  Paran Rd Nw,,Rear End,2,Clear,Dry,Daylight
2022-04-01T08:20:00.000,I-75,I-75 and Mt  Paran Rd Nw,,Rear End,2,Clear,Dry,Daylight
2024-07-16T02:10:00.000,I-75,I-75 and Mount Zion Rd Sw,,Sideswipe-Same Direction,2,Clear,Dry,Dark-Not Lighted
2024-04-03T10:50:00.000,I-75,I-75 and Mount Zion Rd Sw,,Sideswipe-Same Direction,2,Clear,Dry,Daylight
2024-10-15T18:31:00.000,I-75,I-75 and Mount Paran Rd Nw,,Rear End,3,Clear,Dry,Daylight
2024-06-26T14:00:00.000,I-75,I-75 and Mount Paran Rd Nw,,Sideswipe-Same Direction,3,Cloudy,Ice/Frost,Daylight
2024-07-10T16:00:00.000,I-75,I-75 and Mount Paran Rd Nw,,Angle Crash,2,Clear,Dry,Daylight
2024-04-13T17:45:00.000,I-75,I-75 and Mount Paran Rd Nw,,Not a Collision with Motor Vehicle,1,Clear,Dry,Daylight
2024-08-01T23:15:00.000,I-75,I-75 and Mount Paran Rd Nw,,Rear End,2,Clear,Dry,Dark-Lighted
2024-09-28T06:55:00.000,I-75,I-75 and Mount Paran Rd Nw,,Sideswipe-Same Direction,2,Clear,Dry,Dark-Lighted
2024-11-25T00:00:00.000,I-75,I-75 and Mount Paran Rd Nw,,Not a Collision with Motor Vehicle,1,Clear,Dry,Dark-Not Lighted
2024-12-04T17:09:00.000,I-75,I-75 and Mount Paran Rd Nw,,Angle Crash,2,Clear,Dry,Dark-Lighted
2024-07-14T23:10:00.000,I-75,I-75 and Mount Paran Rd Nw,,Angle Crash,2,Clear,Dry,Dark-Lighted
2024-07-24T06:00:00.000,I-75,I-75 and Mount Paran Rd Nw,,Angle Crash,2,Clear,Dry,Daylight
2024-10-06T22:30:00.000,I-75,I-75 and Mount Paran Rd Nw,,Rear End,3,Clear,Dry,Dark-Not Lighted
2024-04-10T17:30:00.000,I-75,I-75 and Mount Paran Rd Nw,,Sideswipe-Same Direction,2,Cloudy,Dry,Daylight
2024-11-06T02:05:00.000,I-75,I-75 and Mount Paran Rd Nw,,Not a Collision with Motor Vehicle,1,Clear,Dry,Dark-Lighted
2021-10-18T00:20:00.000,I-75,I-75 and Mount Paran Rd,,Sideswipe-Same Direction,2,Clear,Dry,Dark-Lighted
2021-07-07T16:20:00.000,I-75,I-75 and Moton Ave Sw,,Sideswipe-Same Direction,2,Cloudy,Dry,Daylight
2023-04-30T00:05:00.000,I-75,I-75 and Moores Mill Rd Nw,,Rear End,2,Rain,Wet,Dark-Lighted
2023-04-29T23:45:00.000,I-75,I-75 and Moores Mill Rd Nw,,Angle Crash,3,Rain,Wet,Dark-Lighted
2023-07-11T07:40:00.000,I-75,I-75 and Moores Mill Rd Nw,,Angle Crash,2,Clear,Dry,Daylight
2023-01-22T03:02:00.000,I-75,I-75 and Moores Mill Rd Nw,,Not a Collision with Motor Vehicle,1,Rain,Water (standing or moving),Dark-Lighted
2022-03-02T10:25:00.000,I-75,I-75 and Moores Mill Rd Nw,,Rear End,2,Clear,Dry,Daylight
2022-01-19T09:15:00.000,I-75,I-75 and Moores Mill Rd Nw,,Sideswipe-Same Direction,2,Clear,Dry,Daylight
2021-12-04T12:45:00.000,I-75,I-75 and Moores Mill Rd Nw,,Sideswipe-Same Direction,2,Clear,Dry,Daylight
2021-11-19T11:40:00.000,I-75,I-75 and Moores Mill Rd Nw,,Sideswipe-Same Direction,2,Clear,Dry,Daylight
2021-12-11T17:00:00.000,I-75,I-75 and Moores Mill Rd Nw,,Sideswipe-Same Direction,4,Cloudy,Dry,Daylight
2022-12-03T12:21:00.000,I-75,I-75 and Moores Mill Rd Nw,,Not a Collision with Motor Vehicle,1,Rain,Wet,Daylight
2022-09-11T12:50:00.000,I-75,I-75 and Moores Mill Rd Nw,,Sideswipe-Opposite Direction,2,Cloudy,Dry,Daylight
2022-07-12T20:11:00.000,I-75,I-75 and Moores Mill Rd Nw,,Sideswipe-Same Direction,2,Clear,Dry,Daylight
2022-09-28T14:35:00.000,I-75,I-75 and Moores Mill Rd Nw,,Rear End,2,Clear,Dry,Daylight
2022-03-20T12:48:00.000,I-75,I-75 and Moores Mill Rd Nw,,Angle Crash,2,Clear,Dry,Daylight
2024-06-30T02:30:00.000,I-75,I-75 and Moores Mill Rd Nw,,Not a Collision with Motor Vehicle,1,Clear,Dry,Dark-Lighted
2024-05-27T00:00:00.000,I-75,I-75 and Moores Mill Rd Nw,,Sideswipe-Same Direction,2,Clear,Dry,Dark-Not Lighted
2024-05-10T21:00:00.000,I-75,I-75 and Moores Mill Rd Nw,,Not a Collision with Motor Vehicle,1,Clear,Dry,Dark-Lighted
2023-12-08T06:45:00.000,I-75,I-75 and Moores Mill Rd Nw,,Not a Collision with Motor Vehicle,1,Clear,Dry,Dark-Lighted
2024-12-02T07:13:00.000,I-75,I-75 and Moores Mill Rd Nw,,Sideswipe-Same Direction,2,Clear,Dry,Daylight
2024-06-08T12:41:00.000,I-75,I-75 and Moores Mill Rd Nw,,Rear End,4,Clear,Dry,Daylight
2024-09-23T03:50:00.000,I-75,I-75 and Moores Mill Rd Nw,,Sideswipe-Same Direction,4,Clear,Dry,Dark-Lighted
2024-06-02T06:34:00.000,I-75,I-75 and Moores Mill Rd Nw,,Not a Collision with Motor Vehicle,1,Clear,Dry,Dawn
2024-06-25T10:02:00.000,I-75,I-75 and Moores Mill Rd Nw,,Rear End,2,Clear,Dry,Daylight
2024-10-30T18:00:00.000,I-75,I-75 and Moores Mill Rd Nw,,Not a Collision with Motor Vehicle,1,Clear,Dry,Daylight
2024-07-17T16:47:00.000,I-75,I-75 and Moores Mill Rd Nw,,Rear End,3,Cloudy,Wet,Daylight
2024-11-20T10:34:00.000,I-75,I-75 and Moores Mill Rd Nw,,Rear End,2,Clear,Wet,Daylight
2021-05-29T13:10:00.000,I-75,I-75 and Moores Mill,,Sideswipe-Same Direction,2,Clear,Dry,Daylight
2021-08-02T20:20:00.000,I-75,I-75 and Mm134,,Sideswipe-Same Direction,2,Rain,Wet,Dark-Not Lighted
2023-06-16T13:15:00.000,I-75,I-75 and Mm134,,Not a Collision with Motor Vehicle,1,Clear,Dry,Daylight
2021-08-11T17:52:00.000,I-75,I-75 and Mm 348,,Sideswipe-Same Direction,2,Clear,Dry,Daylight
2021-07-15T11:15:00.000,I-75,I-75 and Mm 138,,Not a Collision with Motor Vehicle,1,Clear,Dry,Daylight
2021-07-31T23:02:00.000,I-75,I-75 and Mlk Dr,,Rear End,3,Clear,Dry,Dark-Lighted
2023-09-29T12:22:00.000,I-75,I-75 and Mile Marker 334,,Rear End,2,Cloudy,Dry,Daylight
2020-12-11T12:02:00.000,I-75,I-75 and Mercer University Dr,,Not a Collision with Motor Vehicle,1,Clear,Dry,Daylight
2021-09-05T16:49:00.000,I-75,I-75 and Memorial Dr Sw,,Rear End,3,Clear,Dry,Daylight
2023-05-25T22:00:00.000,I-75,I-75 and Memorial Dr Sw,,Sideswipe-Same Direction,2,Clear,Dry,Dark-Lighted
2021-10-23T14:21:00.000,I-75,I-75 and Memorial Dr Sw,,Rear End,2,Clear,Dry,Daylight
2022-07-03T22:25:00.000,I-75,I-75 and Memorial Dr Sw,,Rear End,2,Clear,Dry,Dark-Lighted
2022-06-18T16:53:00.000,I-75,I-75 and Memorial Dr Sw,,Angle Crash,2,Clear,Dry,Daylight
2023-12-20T09:00:00.000,I-75,I-75 and Memorial Dr Sw,,Rear End,2,Clear,Dry,Daylight
2023-06-27T16:57:00.000,I-75,I-75 and Memorial Dr Sw,,Rear End,4,Clear,Dry,Daylight
2023-01-23T04:30:00.000,I-75,I-75 and Memorial Dr Sw,,Sideswipe-Same Direction,2,Clear,Dry,Dark-Lighted
2024-02-03T14:04:00.000,I-75,I-75 and Memorial Dr Sw,,Rear End,3,Clear,Dry,Daylight
2024-02-17T13:00:00.000,I-75,I-75 and Memorial Dr Sw,,Sideswipe-Same Direction,2,Cloudy,Dry,Daylight
2024-01-24T12:48:00.000,I-75,I-75 and Memorial Dr Sw,,Sideswipe-Same Direction,5,Cloudy,Wet,Daylight
2024-05-05T19:04:00.000,I-75,I-75 and Memorial Dr Se,,Rear End,4,Clear,Dry,Daylight
2024-12-18T06:50:00.000,I-75,I-75 and Memorial Dr Se,,Rear End,2,Fog,Dry,Daylight
2024-08-29T11:22:00.000,I-75,I-75 and Memorial Dr Se,,Rear End,2,Clear,Dry,Daylight
2024-10-16T16:20:00.000,I-75,I-75 and Memorial Dr Se,,Rear End,2,Clear,Dry,Daylight
2024-08-27T15:35:00.000,I-75,I-75 and Memorial Dr Se,,Rear End,2,Clear,Dry,Daylight
2024-11-06T05:45:00.000,I-75,I-75 and Memorial Dr Se,,Sideswipe-Same Direction,2,Cloudy,Dry,Daylight
2024-04-13T12:48:00.000,I-75,I-75 and Memorial Dr Se,,Rear End,2,Clear,Dry,Dark-Lighted
2024-08-14T16:30:00.000,I-75,I-75 and Memorial Dr Se,,Rear End,2,Clear,Dry,Daylight
2024-11-06T06:40:00.000,I-75,I-75 and Memorial Dr Se,,Rear End,2,Cloudy,Dry,Daylight
2024-06-12T08:35:00.000,I-75,I-75 and Memorial Dr Se,,Sideswipe-Same Direction,2,Clear,Dry,Daylight
2024-11-20T11:50:00.000,I-75,I-75 and Memorial Dr Se,,Angle Crash,2,Clear,Dry,Dark-Lighted
2024-11-02T16:00:00.000,I-75,I-75 and Memorial Dr Se,,Sideswipe-Same Direction,2,Clear,Dry,Daylight
2024-02-01T21:43:00.000,I-75,I-75 and Martin Luther Kink Jr Dr,,Rear End,4,Clear,Dry,Dark-Lighted
2022-01-18T16:33:00.000,I-75,I-75 and Martin Luther King Jr Dr Sw,,Rear End,2,Clear,Dry,Daylight
2021-12-11T20:00:00.000,I-75,I-75 and Martin Luther King Jr Dr Se,,Rear End,2,Rain,Water (standing or moving),Dark-Lighted
2021-11-28T14:00:00.000,I-75,I-75 and Martin Luther King Jr Dr Se,,Rear End,2,Cloudy,Dry,Daylight
2021-11-05T15:12:00.000,I-75,I-75 and Martin Luther King Jr Dr Se,,Rear End,2,Clear,Dry,Daylight
2021-12-11T11:28:00.000,I-75,I-75 and Martin Luther King Jr Dr Se,,Rear End,2,Cloudy,Dry,Daylight
2023-12-12T14:12:00.000,I-75,I-75 and Martin Luther King Jr Dr Se,,Rear End,3,Clear,Dry,Daylight
2023-01-07T16:23:00.000,I-75,I-75 and Martin Luther King Jr Dr Se,,Rear End,2,Clear,Dry,Daylight
2023-11-04T20:30:00.000,I-75,I-75 and Martin Luther King Jr Dr Se,,Rear End,2,Clear,Dry,Dark-Not Lighted
2023-03-10T22:33:00.000,I-75,I-75 and Martin Luther King Jr Dr Se,,Rear End,2,Clear,Dry,Dark-Lighted
2023-08-23T15:47:00.000,I-75,I-75 and Martin Luther King Jr Dr Se,,Rear End,2,Clear,Dry,Daylight
2023-10-14T23:00:00.000,I-75,I-75 and Martin Luther King Jr Dr Se,,Sideswipe-Same Direction,2,Clear,Dry,Dark-Lighted
2023-09-09T13:45:00.000,I-75,I-75 and Martin Luther King Jr Dr Se,,Sideswipe-Same Direction,2,Rain,Water (standing or moving),Daylight
2023-11-17T23:00:00.000,I-75,I-75 and Martin Luther King Jr Dr Se,,Rear End,3,Clear,Dry,Dark-Lighted
2023-05-18T21:20:00.000,I-75,I-75 and Martin Luther King Jr Dr Se,,Rear End,4,Clear,Dry,Dark-Lighted
2023-11-01T02:55:00.000,I-75,I-75 and Martin Luther King Jr Dr Se,,Rear End,2,Clear,Dry,Dark-Lighted
2023-06-14T06:40:00.000,I-75,I-75 and Martin Luther King Jr Dr Se,,Rear End,2,Cloudy,Dry,Daylight
2023-04-22T00:10:00.000,I-75,I-75 and Martin Luther King Jr Dr Se,,Rear End,2,Clear,Dry,Dark-Lighted
2023-12-13T16:30:00.000,I-75,I-75 and Martin Luther King Jr Dr Se,,Sideswipe-Opposite Direction,2,Clear,Dry,Daylight
2023-10-13T23:22:00.000,I-75,I-75 and Martin Luther King Jr Dr Se,,Sideswipe-Same Direction,2,Clear,Wet,Dark-Lighted
2023-02-25T17:19:00.000,I-75,I-75 and Martin Luther King Jr Dr Se,,Rear End,3,Clear,Dry,Daylight
2023-01-28T11:12:00.000,I-75,I-75 and Martin Luther King Jr Dr Se,,Angle Crash,2,Clear,Dry,Daylight