Date and Time,Roadway (From Crash Report),Intersection Name (from Crash Report),KABCO Severity,Manner of Collision (Crash Level) ,# of Vehicles per crash ,Weather Conditions (Crash Level),Surface Condition (Crash Level) ,Light Conditions (Crash Level)
2024-10-28T09:00:00.000,I-75,I-75 and John Wesley Dobbs Ave Ne,,Sideswipe-Same Direction,2,Clear,Dry,Daylight
2023-01-28T16:18:00.000,I-75,I-75 and John Wesley Dobbs Ave Ne,,Rear End,2,Clear,Dry,Daylight
2023-12-10T00:57:00.000,I-75,I-75 and John Wesley Dobbs Ave Ne,,Rear End,2,Rain,Wet,Dark-Lighted
2024-04-21T10:32:00.000,I-75,I-75 and John Wesley Dobbs Ave Ne,,Sideswipe-Same Direction,2,Cloudy,Wet,Daylight
2024-12-22T20:00:00.000,I-75,I-75 and John Wesley Dobbs Ave Ne,,Sideswipe-Same Direction,2,Clear,Dry,Dark-Lighted
2024-08-21T15:14:00.000,I-75,I-75 and John Wesley Dobbs Ave Ne,,Sideswipe-Same Direction,2,Clear,Dry,Daylight
2024-08-07T17:17:00.000,I-75,I-75 and John Wesley Dobbs Ave Ne,,Angle Crash,2,Clear,Dry,Daylight
2024-03-16T17:21:00.000,I-75,I-75 and John Wesley Dobbs Ave Ne,,Head On,2,Clear,Dry,Daylight
2024-10-13T13:23:00.000,I-75,I-75 and John Wesley Dobbs Ave Ne,,Rear End,2,Clear,Dry,Daylight
2024-05-22T17:25:00.000,I-75,I-75 and John Wesley Dobbs Ave Ne,,Angle Crash,2,Clear,Dry,Daylight
2024-11-16T16:30:00.000,I-75,I-75 and John Wesley Dobbs Ave Ne,,Rear End,2,Clear,Dry,Daylight
2024-08-23T21:40:00.000,I-75,I-75 and John Wesley Dobbs Ave Ne,,Angle Crash,2,Clear,Dry,Dark-Not Lighted
2024-02-04T07:00:00.000,I-75,I-75 and John Wesley Dobbs Ave Ne,,Sideswipe-Same Direction,2,Cloudy,Dry,Daylight
2024-05-09T05:24:00.000,I-75,I-75 and John Wesley Dobbs,,Head On,2,Clear,Dry,Dawn
2022-06-15T09:31:00.000,I-75,I-75 and John Lewis Freedom Pkwy Ne,,Angle Crash,2,Clear,Dry,Daylight
2022-11-02T15:49:00.000,I-75,I-75 and John Lewis Freedom Pkwy Ne,,Rear End,2,Clear,Dry,Daylight
2024-03-11T18:08:00.000,I-75,I-75 and John Lewis Freedom Pkwy Ne,,Rear End,2,Clear,Dry,Daylight
2024-03-16T18:45:00.000,I-75,I-75 and John Lewis Freedom Pkwy Ne,,Angle Crash,2,Clear,Dry,Daylight
2021-08-29T00:10:00.000,I-75,I-75 and John Lewis Freedom Pkwy,,Sideswipe-Same Direction,2,Clear,Dry,Dark-Not Lighted
2022-07-23T00:36:00.000,I-75,I-75 and John Lewis Freedom Pkwy,,Sideswipe-Same Direction,4,Clear,Dry,Dark-Lighted
2024-08-28T18:11:00.000,I-75,I-75 and Jesse Hill Jr Dr Se,,Sideswipe-Same Direction,2,Clear,Dry,Daylight
2022-07-29T01:10:00.000,I-75,I-75 and Jesse Hill Jr Dr Ne,,Angle Crash,2,Clear,Dry,Dark-Lighted
2024-12-11T01:56:00.000,I-75,I-75 and Jesse Hill Jr Dr,,Sideswipe-Same Direction,2,Rain,Wet,Dark-Lighted
2021-07-31T14:16:00.000,I-75,I-75 and Jesse Hill Jr  Dr  Se,,Rear End,2,Clear,Dry,Daylight
2024-12-19T15:21:00.000,I-75,I-75 and Jenkinsburg Rd,,Sideswipe-Same Direction,2,Clear,Dry,Daylight
2023-04-26T20:15:00.000,I-75,I-75 and Ivan Allen Jr Blvd,,Rear End,2,Clear,Dry,Daylight
2023-12-23T17:45:00.000,I-75,I-75 and I-85 S,,Sideswipe-Same Direction,2,Clear,Dry,Daylight
2023-01-07T10:31:00.000,I-75,I-75 and I-85 S,,Rear End,4,Clear,Dry,Daylight
2022-09-01T22:19:00.000,I-75,I-75 and I-85 S,,Sideswipe-Same Direction,2,Clear,Dry,Dark-Lighted
2022-10-23T17:38:00.000,I-75,I-75 and I-85 S,,Rear End,3,Clear,Dry,Daylight
2022-08-08T19:47:00.000,I-75,I-75 and I-85 S,,Sideswipe-Same Direction,2,Clear,Dry,Dusk
2022-10-07T21:02:00.000,I-75,I-75 and I-85 S,,Rear End,4,Clear,Dry,Dark-Lighted
2022-02-19T12:47:00.000,I-75,I-75 and I-85 S,,Not a Collision with Motor Vehicle,1,Clear,Dry,Daylight
2022-04-24T00:30:00.000,I-75,I-75 and I-85 S,,Sideswipe-Same Direction,2,Clear,Dry,Dark-Lighted
2022-05-08T10:30:00.000,I-75,I-75 and I-85 S,,Angle Crash,2,Clear,Dry,Daylight
2024-07-10T15:09:00.000,I-75,I-75 and I-85 S,,Sideswipe-Same Direction,2,Clear,Dry,Daylight
2024-07-20T18:07:00.000,I-75,I-75 and I-85 S,,Rear End,2,Clear,Dry,Daylight
2024-02-10T10:00:00.000,I-75,I-75 and I-85 S,,Sideswipe-Same Direction,2,Cloudy,Dry,Daylight
2024-08-25T02:06:00.000,I-75,I-75 and I-85 S,,Sideswipe-Same Direction,3,Clear,Dry,Dark-Lighted
2024-10-06T17:49:00.000,I-75,I-75 and I-85 S,,Rear End,2,Clear,Dry,Daylight
2024-06-19T14:50:00.000,I-75,I-75 and I-85 S,,Sideswipe-Same Direction,2,Clear,Dry,Daylight
2023-06-24T10:56:00.000,I-75,I-75 and I-85 S,,Rear End,3,Clear,Dry,Daylight
2023-05-14T12:30:00.000,I-75,I-75 and I-85 S,,Rear End,2,Clear,Dry,Daylight
2023-05-10T09:12:00.000,I-75,I-75 and I-85 S,,Sideswipe-Same Direction,2,Clear,Dry,Daylight
2024-06-13T23:25:00.000,I-75,I-75 and I-85 S,,Rear End,3,Clear,Dry,Dark-Lighted
2024-04-29T03:01:00.000,I-75,I-75 and I-85 S,,Not a Collision with Motor Vehicle,1,Clear,Dry,Dark-Lighted
2024-07-13T17:00:00.000,I-75,I-75 and I-85 S,,Rear End,2,Clear,Dry,Daylight
2024-07-20T00:15:00.000,I-75,I-75 and I-85 S,,Rear End,3,Rain,Water (standing or moving),Dark-Lighted
2024-12-06T19:13:00.000,I-75,I-75 and I-85 S,,Rear End,3,Clear,Dry,Dark-Lighted
2024-08-10T18:45:00.000,I-75,I-75 and I-85 S,,Sideswipe-Same Direction,2,Clear,Dry,Daylight
2024-06-18T05:00:00.000,I-75,I-75 and I-85 S,,Sideswipe-Same Direction,2,Clear,Dry,Dark-Lighted
2024-04-24T18:00:00.000,I-75,I-75 and I-85 S,,Rear End,2,Cloudy,Dry,Dark-Lighted
2024-06-23T01:25:00.000,I-75,I-75 and I-85 S,,Sideswipe-Same Direction,2,Clear,Dry,Dark-Lighted
2024-09-10T23:05:00.000,I-75,I-75 and I-85 S,,Sideswipe-Same Direction,2,Clear,Dry,Dark-Lighted
2024-04-14T09:00:00.000,I-75,I-75 and I-85 S,,Rear End,2,Clear,Dry,Daylight
2024-09-21T07:00:00.000,I-75,I-75 and I-85 S,,Rear End,2,Clear,Dry,Daylight
2024-04-13T21:26:00.000,I-75,I-75 and I-85 S,,Rear End,3,Clear,Dry,Dark-Not Lighted
2024-05-01T15:00:00.000,I-75,I-75 and I-85 S,,Sideswipe-Same Direction,2,Clear,Dry,Daylight
2024-09-11T15:01:00.000,I-75,I-75 and I-85 S,,Sideswipe-Same Direction,2,Clear,Dry,Daylight
2024-01-28T10:20:00.000,I-75,I-75 and I-85 S,,Sideswipe-Same Direction,2,Clear,Dry,Daylight
2024-06-20T22:53:00.000,I-75,I-75 and I-85 S,,Sideswipe-Same Direction,2,Clear,Dry,Dark-Not Lighted
2024-07-14T14:27:00.000,I-75,I-75 and I-85 S,,Sideswipe-Same Direction,2,Clear,Dry,Daylight
2024-12-08T17:38:00.000,I-75,I-75 and I-85 S,,Rear End,4,Clear,Dry,Dark-Lighted
2024-12-02T12:25:00.000,I-75,I-75 and I-85 S,,Angle Crash,2,Clear,Dry,Daylight
2024-05-19T01:00:00.000,I-75,I-75 and I-85 S,,Sideswipe-Same Direction,3,Clear,Wet,Dusk
2021-06-11T16:27:00.000,I-75,I-75 and I-85 Nb Expy   I75 Nb Expy,,Sideswipe-Same Direction,2,Cloudy,Dry,Daylight
2021-11-17T17:56:00.000,I-75,I-75 and I-85 N,,Rear End,2,Clear,Dry,Dark-Lighted
2023-02-07T20:55:00.000,I-75,I-75 and I-85 N,,Rear End,2,Clear,Dry,Dark-Lighted
2023-11-07T19:00:00.000,I-75,I-75 and I-85 N,,Sideswipe-Same Direction,2,Clear,Dry,Dark-Lighted
2023-10-28T02:00:00.000,I-75,I-75 and I-85 N,,Rear End,2,Clear,Dry,Dark-Lighted
2023-07-03T00:40:00.000,I-75,I-75 and I-85 N,,Not a Collision with Motor Vehicle,1,Cloudy,Wet,Dark-Not Lighted
2023-06-17T22:15:00.000,I-75,I-75 and I-85 N,,Rear End,2,Clear,Dry,Dark-Lighted
2023-09-13T07:40:00.000,I-75,I-75 and I-85 N,,Not a Collision with Motor Vehicle,1,Cloudy,Wet,Daylight
2023-03-22T07:30:00.000,I-75,I-75 and I-85 N,,Rear End,3,Clear,Dry,Daylight
2023-03-17T21:30:00.000,I-75,I-75 and I-85 N,,Rear End,3,Clear,Wet,Dark-Lighted
2023-01-04T09:25:00.000,I-75,I-75 and I-85 N,,Not a Collision with Motor Vehicle,1,Rain,Wet,Daylight
2023-07-20T23:00:00.000,I-75,I-75 and I-85 N,,Not a Collision with Motor Vehicle,1,Cloudy,Dry,Dark-Not Lighted
2023-01-29T14:40:00.000,I-75,I-75 and I-85 N,,Sideswipe-Same Direction,2,Cloudy,Dry,Daylight
2021-12-12T03:00:00.000,I-75,I-75 and I-85 N,,Rear End,2,Clear,Dry,Dark-Lighted
2022-05-18T18:40:00.000,I-75,I-75 and I-85 N,,Rear End,3,Clear,Dry,Daylight
2021-12-11T15:28:00.000,I-75,I-75 and I-85 N,,Rear End,2,Rain,Water (standing or moving),Daylight
2021-11-13T12:30:00.000,I-75,I-75 and I-85 N,,Rear End,3,Clear,Dry,Daylight
2021-12-15T17:30:00.000,I-75,I-75 and I-85 N,,Rear End,3,Clear,Dry,Dark-Lighted
2022-07-13T16:38:00.000,I-75,I-75 and I-85 N,,Rear End,2,Cloudy,Wet,Daylight
2022-01-09T16:20:00.000,I-75,I-75 and I-85 N,,Rear End,2,Rain,Water (standing or moving),Dark-Lighted
2022-07-17T19:20:00.000,I-75,I-75 and I-85 N,,Rear End,2,Clear,Dry,Daylight
2022-07-30T21:00:00.000,I-75,I-75 and I-85 N,,Angle Crash,2,Clear,Dry,Dark-Not Lighted
2022-07-13T17:00:00.000,I-75,I-75 and I-85 N,,Angle Crash,2,Cloudy,Wet,Daylight
2022-07-24T00:20:00.000,I-75,I-75 and I-85 N,,Rear End,2,Fog,Dry,Dark-Lighted
2022-05-07T18:44:00.000,I-75,I-75 and I-85 N,,Sideswipe-Same Direction,2,Cloudy,Dry,Daylight
2022-07-13T16:35:00.000,I-75,I-75 and I-85 N,,Rear End,2,Cloudy,Wet,Daylight
2022-01-23T17:00:00.000,I-75,I-75 and I-85 N,,Rear End,2,Clear,Dry,Daylight
2022-02-18T15:00:00.000,I-75,I-75 and I-85 N,,Sideswipe-Same Direction,2,Clear,Dry,Daylight
2022-07-10T07:52:00.000,I-75,I-75 and I-85 N,,Angle Crash,2,Cloudy,Wet,Daylight
2022-11-13T13:00:00.000,I-75,I-75 and I-85 N,,Angle Crash,2,Clear,Dry,Daylight
2022-08-14T01:30:00.000,I-75,I-75 and I-85 N,,Sideswipe-Same Direction,2,Clear,Dry,Dark-Lighted
2022-01-19T18:30:00.000,I-75,I-75 and I-85 N,,Rear End,2,Clear,Dry,Daylight
2022-06-09T03:02:00.000,I-75,I-75 and I-85 N,,Head On,2,Clear,Dry,Dark-Not Lighted
2022-08-21T06:50:00.000,I-75,I-75 and I-85 N,,Not a Collision with Motor Vehicle,1,Clear,Wet,Dark-Lighted
2022-07-28T21:35:00.000,I-75,I-75 and I-85 N,,Angle Crash,2,Clear,Dry,Dark-Lighted
2022-09-05T06:30:00.000,I-75,I-75 and I-85 N,,Sideswipe-Same Direction,2,Cloudy,Wet,Dark-Lighted
2022-08-17T14:25:00.000,I-75,I-75 and I-85 N,,Angle Crash,2,Clear,Dry,Daylight
2022-01-23T15:20:00.000,I-75,I-75 and I-85 N,,Rear End,2,Clear,Dry,Daylight
2023-01-25T18:00:00.000,I-75,I-75 and I-85 N,,Angle Crash,3,Clear,Dry,Dark-Lighted
2024-06-22T15:00:00.000,I-75,I-75 and I-85 N,,Rear End,2,Clear,Dry,Daylight
2024-07-05T04:00:00.000,I-75,I-75 and I-85 N,,Not a Collision with Motor Vehicle,1,Cloudy,Dry,Dark-Lighted
2024-11-17T12:46:00.000,I-75,I-75 and I-85 N,,Sideswipe-Same Direction,2,Clear,Dry,Daylight
2024-05-23T10:47:00.000,I-75,I-75 and I-85 N,,Sideswipe-Same Direction,2,Cloudy,Dry,Daylight
2024-04-27T17:06:00.000,I-75,I-75 and I-85 N,,Rear End,2,Clear,Dry,Daylight
2024-05-10T05:00:00.000,I-75,I-75 and I-85 N,,Sideswipe-Same Direction,2,Cloudy,Water (standing or moving),Dark-Lighted
2024-12-11T04:23:00.000,I-75,I-75 and I-85 N,,Not a Collision with Motor Vehicle,1,Clear,Dry,Dark-Lighted
2024-05-11T23:19:00.000,I-75,I-75 and I-85 N,,Angle Crash,3,Clear,Dry,Dark-Lighted
2024-01-17T22:00:00.000,I-75,I-75 and I-85 N,,Angle Crash,2,Clear,Dry,Dark-Not Lighted
2024-03-27T16:10:00.000,I-75,I-75 and I-85 N,,Rear End,2,Clear,Dry,Daylight
2023-11-05T16:02:00.000,I-75,I-75 and I-85 N,,Sideswipe-Same Direction,2,Clear,Dry,Daylight
2024-11-05T05:32:00.000,I-75,I-75 and I-85 N,,Rear End,2,Clear,Dry,Dark-Lighted
2023-01-01T02:20:00.000,I-75,I-75 and I-85 N,,Sideswipe-Same Direction,2,Clear,Dry,Dark-Lighted
2023-03-22T18:00:00.000,I-75,I-75 and I-85 N,,Rear End,2,Clear,Dry,Daylight
2023-07-30T20:15:00.000,I-75,I-75 and I-85 N,,Sideswipe-Same Direction,2,Clear,Dry,Daylight
2023-08-20T01:40:00.000,I-75,I-75 and I-85 N,,Not a Collision with Motor Vehicle,2,Clear,Dry,Dark-Lighted
2023-02-09T21:00:00.000,I-75,I-75 and I-85 N,,Angle Crash,2,Rain,Water (standing or moving),Dark-Lighted
2023-06-11T03:00:00.000,I-75,I-75 and I-85 N,,Rear End,4,Clear,Dry,Dark-Lighted
2023-10-08T18:34:00.000,I-75,I-75 and I-85 N,,Rear End,2,Clear,Dry,Daylight
2024-07-05T16:55:00.000,I-75,I-75 and I-85 N,,Angle Crash,2,Rain,Wet,Daylight
2024-04-18T05:20:00.000,I-75,I-75 and I-85 N,,Rear End,7,Clear,Dry,Daylight
2024-08-28T15:30:00.000,I-75,I-75 and I-85 N,,Rear End,2,Clear,Dry,Daylight
2024-03-30T14:00:00.000,I-75,I-75 and I-85 N,,Sideswipe-Same Direction,2,Clear,Dry,Daylight
2024-03-17T00:30:00.000,I-75,I-75 and I-85 N,,Sideswipe-Same Direction,2,Clear,Dry,Dark-Lighted
2024-04-21T17:15:00.000,I-75,I-75 and I-85 N,,Rear End,2,Clear,Dry,Daylight
2024-05-12T13:52:00.000,I-75,I-75 and I-85 N,,Sideswipe-Same Direction,2,Clear,Dry,Daylight
2024-06-08T15:50:00.000,I-75,I-75 and I-85 N,,Sideswipe-Same Direction,2,Clear,Dry,Daylight
2024-08-29T00:30:00.000,I-75,I-75 and I-85 N,,Sideswipe-Same Direction,2,Clear,Dry,Dark-Lighted
2024-11-19T05:53:00.000,I-75,I-75 and I-85 N,,Sideswipe-Same Direction,2,Rain,Wet,Dark-Lighted
2024-06-02T20:23:00.000,I-75,I-75 and I-85 N,,Sideswipe-Same Direction,2,Clear,Dry,Daylight
2024-06-08T13:45:00.000,I-75,I-75 and I-85 N,,Rear End,2,Clear,Dry,Daylight
2024-05-01T11:00:00.000,I-75,I-75 and I-85 N,,Rear End,2,Clear,Dry,Daylight
2024-10-03T15:30:00.000,I-75,I-75 and I-85 N,,Angle Crash,2,Clear,Dry,Daylight
2024-09-22T15:42:00.000,I-75,I-75 and I-85 N,,Sideswipe-Same Direction,2,Clear,Dry,Daylight
2024-12-11T19:36:00.000,I-75,I-75 and I-85 N,,Sideswipe-Same Direction,3,Clear,Ice/Frost,Daylight
2024-07-17T15:30:00.000,I-75,I-75 and I-85 N,,Rear End,5,Rain,Wet,Daylight
2024-08-16T21:00:00.000,I-75,I-75 and I-85 N,,Not a Collision with Motor Vehicle,1,Rain,Wet,Dark-Not Lighted
2024-06-15T20:35:00.000,I-75,I-75 and I-85 N,,Sideswipe-Opposite Direction,2,Clear,Dry,Dark-Lighted
2024-11-21T04:00:00.000,I-75,I-75 and I-85 N,,Not a Collision with Motor Vehicle,1,Clear,Dry,Dark-Lighted
2024-07-21T21:09:00.000,I-75,I-75 and I-85 N,,Rear End,2,Clear,Wet,Dark-Lighted
2024-06-23T02:36:00.000,I-75,I-75 and I-85 N,,Sideswipe-Same Direction,2,Clear,Dry,Dark-Lighted
2024-03-24T15:35:00.000,I-75,I-75 and I-85 N,,Sideswipe-Same Direction,2,Clear,Dry,Daylight
2024-12-11T21:07:00.000,I-75,I-75 and I-85 N,,Rear End,5,Clear,Dry,Daylight
2024-12-14T01:00:00.000,I-75,I-75 and I-85 N,,Sideswipe-Same Direction,2,Clear,Dry,Dark-Not Lighted
2024-05-19T00:40:00.000,I-75,I-75 and I-85 N,,Rear End,2,Clear,Dry,Dark-Lighted
2024-03-10T12:12:00.000,I-75,I-75 and I-85 N,,Rear End,2,Clear,Dry,Daylight
2024-11-10T08:18:00.000,I-75,I-75 and I-85 N,,Not a Collision with Motor Vehicle,1,Rain,Water (standing or moving),Daylight
2024-07-21T21:09:00.000,I-75,I-75 and I-85 N,,Rear End,2,Clear,Wet,Dark-Lighted
2024-11-14T01:30:00.000,I-75,I-75 and I-85 N,,Sideswipe-Same Direction,2,Clear,Dry,Dark-Lighted
2024-12-11T21:22:00.000,I-75,I-75 and I-85 N,,Rear End,2,Clear,Dry,Dark-Lighted
2024-03-21T21:10:00.000,I-75,I-75 and I-85 N,,Angle Crash,2,Clear,Dry,Dark-Lighted
2024-11-17T06:50:00.000,I-75,I-75 and I-85 N,,Rear End,2,Clear,Dry,Daylight
2024-10-09T19:57:00.000,I-75,I-75 and I-85 N,,Sideswipe-Same Direction,2,Clear,Dry,Daylight
2021-07-30T21:15:00.000,I-75,I-75 and I-75 Sb,,Rear End,2,Rain,Wet,Dark-Lighted
2021-08-17T05:55:00.000,I-75,I-75 and I-75 Sb,,Not a Collision with Motor Vehicle,1,Rain,Water (standing or moving),Dark-Lighted
2021-12-31T00:45:00.000,I-75,I-75 and I-75 S Williams St Nw,,Not a Collision with Motor Vehicle,1,Cloudy,Wet,Dark-Lighted
2021-11-24T00:37:00.000,I-75,I-75 and I-75 S,,Angle Crash,3,Clear,Dry,Dark-Lighted
2021-11-20T12:44:00.000,I-75,I-75 and I-75 S,,Sideswipe-Same Direction,2,Clear,Dry,Daylight
2021-11-28T14:00:00.000,I-75,I-75 and I-75 S,,Rear End,2,Clear,Dry,Daylight
2021-12-14T01:10:00.000,I-75,I-75 and I-75 S,,Not a Collision with Motor Vehicle,1,Clear,Dry,Dark-Lighted
2021-10-30T04:00:00.000,I-75,I-75 and I-75 S,,Sideswipe-Same Direction,2,Cloudy,Wet,Dark-Lighted
2023-02-11T19:10:00.000,I-75,I-75 and I-75 S,,Rear End,2,Rain,Wet,Dark-Lighted
2023-07-08T23:30:00.000,I-75,I-75 and I-75 S,,Rear End,2,Clear,Dry,Dark-Not Lighted
2023-04-06T02:20:00.000,I-75,I-75 and I-75 S,,Sideswipe-Same Direction,2,Clear,Dry,Dark-Not Lighted
2023-12-02T21:45:00.000,I-75,I-75 and I-75 S,,Rear End,2,Clear,Water (standing or moving),Dark-Not Lighted
2023-12-10T17:00:00.000,I-75,I-75 and I-75 S,,Rear End,2,Clear,Dry,Dark-Lighted
2023-12-09T21:00:00.000,I-75,I-75 and I-75 S,,Sideswipe-Same Direction,2,Rain,Water (standing or moving),Dark-Lighted
2023-09-16T14:06:00.000,I-75,I-75 and I-75 S,,Rear End,2,Rain,Wet,Daylight
2023-08-05T22:20:00.000,I-75,I-75 and I-75 S,,Rear End,2,Clear,Dry,Dark-Lighted
2023-10-18T12:30:00.000,I-75,I-75 and I-75 S,,Rear End,3,Clear,Dry,Daylight
2023-08-01T07:07:00.000,I-75,I-75 and I-75 S,,Not a Collision with Motor Vehicle,1,Clear,Dry,Daylight
2023-12-16T23:16:00.000,I-75,I-75 and I-75 S,,Angle Crash,2,Rain,Water (standing or moving),Dark-Lighted
2023-11-28T16:00:00.000,I-75,I-75 and I-75 S,,Sideswipe-Same Direction,2,Clear,Dry,Daylight
2023-03-19T21:00:00.000,I-75,I-75 and I-75 S,,Sideswipe-Same Direction,2,Clear,Dry,Dark-Lighted
2023-03-19T04:30:00.000,I-75,I-75 and I-75 S,,Sideswipe-Same Direction,2,Clear,Dry,Daylight
2023-06-07T22:57:00.000,I-75,I-75 and I-75 S,,Rear End,4,Clear,Dry,Dark-Lighted
2023-10-07T03:00:00.000,I-75,I-75 and I-75 S,,Not a Collision with Motor Vehicle,2,Clear,Dry,Dark-Lighted
2023-07-14T23:20:00.000,I-75,I-75 and I-75 S,,Rear End,3,Clear,Dry,Dark-Lighted
2023-12-09T23:04:00.000,I-75,I-75 and I-75 S,,Rear End,2,Rain,Wet,Dark-Lighted
2023-11-02T21:30:00.000,I-75,I-75 and I-75 S,,Angle Crash,2,Clear,Dry,Dark-Not Lighted
2023-10-22T22:50:00.000,I-75,I-75 and I-75 S,,Angle Crash,2,Clear,Dry,Dark-Lighted
2022-03-13T20:30:00.000,I-75,I-75 and I-75 S,,Rear End,2,Clear,Dry,Dark-Lighted
2023-12-30T21:49:00.000,I-75,I-75 and I-75 S,,Rear End,3,Clear,Dry,Dark-Not Lighted
2023-12-18T13:06:00.000,I-75,I-75 and I-75 S,,Sideswipe-Same Direction,2,Clear,Dry,Daylight
2021-11-11T19:52:00.000,I-75,I-75 and I-75 S,,Rear End,2,Rain,Wet,Dark-Lighted
2021-10-29T22:11:00.000,I-75,I-75 and I-75 S,,Rear End,2,Rain,Wet,Dark-Lighted
2021-11-03T17:29:00.000,I-75,I-75 and I-75 S,,Rear End,2,Cloudy,Dry,Daylight
2022-10-30T18:00:00.000,I-75,I-75 and I-75 S,,Rear End,3,Clear,Wet,Daylight
2022-05-29T15:00:00.000,I-75,I-75 and I-75 S,,Sideswipe-Same Direction,2,Clear,Dry,Daylight
2022-04-03T20:00:00.000,I-75,I-75 and I-75 S,,Rear End,2,Clear,Dry,Dusk
2022-01-10T23:00:00.000,I-75,I-75 and I-75 S,,Rear End,3,Clear,Dry,Dark-Lighted
2022-09-04T20:30:00.000,I-75,I-75 and I-75 S,,Rear End,2,Rain,Wet,Dark-Lighted
2022-06-01T06:33:00.000,I-75,I-75 and I-75 S,,Angle Crash,2,Clear,Dry,Daylight
2022-07-08T18:49:00.000,I-75,I-75 and I-75 S,,Rear End,2,Clear,Water (standing or moving),Daylight
2022-06-12T15:00:00.000,I-75,I-75 and I-75 S,,Rear End,2,Clear,Dry,Daylight
2022-05-26T16:56:00.000,I-75,I-75 and I-75 S,,Sideswipe-Same Direction,3,Cloudy,Dry,Daylight
2022-03-13T13:20:00.000,I-75,I-75 and I-75 S,,Rear End,2,Cloudy,Dry,Daylight
2022-11-13T14:38:00.000,I-75,I-75 and I-75 S,,Sideswipe-Same Direction,2,Clear,Dry,Daylight
2022-07-31T15:30:00.000,I-75,I-75 and I-75 S,,Head On,2,Clear,Dry,Daylight
2022-09-11T20:15:00.000,I-75,I-75 and I-75 S,,Sideswipe-Same Direction,2,Cloudy,Dry,Dark-Lighted
2022-11-15T20:29:00.000,I-75,I-75 and I-75 S,,Rear End,3,Clear,Wet,Dark-Lighted
2022-05-03T06:08:00.000,I-75,I-75 and I-75 S,,Rear End,2,Clear,Dry,Dark-Lighted
2021-11-17T18:02:00.000,I-75,I-75 and I-75 S,,Rear End,2,Clear,Dry,Dark-Not Lighted
2021-10-09T12:00:00.000,I-75,I-75 and I-75 S,,Sideswipe-Same Direction,2,Clear,Dry,Daylight
2022-11-13T08:05:00.000,I-75,I-75 and I-75 S,,Sideswipe-Same Direction,2,Clear,Dry,Daylight
2022-04-27T18:55:00.000,I-75,I-75 and I-75 S,,Rear End,2,Clear,Dry,Daylight
2022-03-13T20:00:00.000,I-75,I-75 and I-75 S,,Rear End,4,Clear,Dry,Dark-Lighted
2022-10-30T00:16:00.000,I-75,I-75 and I-75 S,,Rear End,2,Clear,Dry,Dark-Lighted
2022-04-13T19:00:00.000,I-75,I-75 and I-75 S,,Rear End,2,Clear,Dry,Daylight
2022-03-20T15:14:00.000,I-75,I-75 and I-75 S,,Sideswipe-Same Direction,2,Clear,Dry,Daylight
2022-06-13T03:05:00.000,I-75,I-75 and I-75 S,,Sideswipe-Same Direction,2,Clear,Dry,Dark-Lighted
2022-02-02T18:30:00.000,I-75,I-75 and I-75 S,,Sideswipe-Same Direction,2,Clear,Dry,Dark-Lighted
2022-05-28T23:30:00.000,I-75,I-75 and I-75 S,,Rear End,2,Clear,Dry,Dark-Lighted
2022-09-21T18:00:00.000,I-75,I-75 and I-75 S,,Sideswipe-Same Direction,2,Clear,Dry,Daylight
2022-09-27T23:43:00.000,I-75,I-75 and I-75 S,,Rear End,2,Clear,Dry,Dark-Lighted
2022-03-02T17:23:00.000,I-75,I-75 and I-75 S,,Sideswipe-Same Direction,2,Clear,Dry,Daylight
2022-02-10T20:56:00.000,I-75,I-75 and I-75 S,,Sideswipe-Same Direction,2,Clear,Dry,Dark-Lighted
2022-10-28T23:19:00.000,I-75,I-75 and I-75 S,,Sideswipe-Same Direction,2,Clear,Dry,Dark-Lighted
2022-03-13T20:30:00.000,I-75,I-75 and I-75 S,,Rear End,2,Clear,Dry,Dark-Lighted
2022-09-29T22:49:00.000,I-75,I-75 and I-75 S,,Rear End,3,Clear,Dry,Dark-Lighted
2024-02-18T19:06:00.000,I-75,I-75 and I-75 S,,Rear End,2,Clear,Dry,Dark-Lighted
2024-02-25T19:30:00.000,I-75,I-75 and I-75 S,,Rear End,2,Clear,Dry,Daylight
2024-01-21T03:20:00.000,I-75,I-75 and I-75 S,,Rear End,3,Clear,Dry,Dark-Lighted
2023-03-16T22:20:00.000,I-75,I-75 and I-75 S,,Rear End,2,Clear,Dry,Dark-Lighted
2024-01-28T14:40:00.000,I-75,I-75 and I-75 S,,Rear End,2,Clear,Dry,Daylight
2023-02-22T13:22:00.000,I-75,I-75 and I-75 S,,Sideswipe-Same Direction,2,Clear,Dry,Daylight
2023-12-03T17:00:00.000,I-75,I-75 and I-75 S,,Rear End,2,Clear,Dry,Daylight
2023-05-30T14:55:00.000,I-75,I-75 and I-75 S,,Rear End,2,Clear,Dry,Daylight
2023-11-08T14:18:00.000,I-75,I-75 and I-75 S,,Rear End,2,Clear,Dry,Daylight
2023-09-06T12:00:00.000,I-75,I-75 and I-75 S,,Rear End,2,Clear,Dry,Daylight
2023-12-10T20:30:00.000,I-75,I-75 and I-75 S,,Rear End,3,Cloudy,Water (standing or moving),Dark-Lighted
2023-10-08T13:00:00.000,I-75,I-75 and I-75 S,,Sideswipe-Same Direction,2,Clear,Dry,Daylight
2023-04-13T05:53:00.000,I-75,I-75 and I-75 S,,Rear End,2,Clear,Dry,Daylight
2023-07-12T17:50:00.000,I-75,I-75 and I-75 S,,Rear End,2,Clear,Dry,Daylight
2023-08-03T22:33:00.000,I-75,I-75 and I-75 S,,Rear End,11,Clear,Dry,Dark-Not Lighted
2023-04-07T20:21:00.000,I-75,I-75 and I-75 S,,Rear End,2,Cloudy,Wet,Dark-Lighted
2023-12-03T20:00:00.000,I-75,I-75 and I-75 S,,Rear End,5,Clear,Dry,Dark-Lighted
2023-02-12T16:55:00.000,I-75,I-75 and I-75 S,,Rear End,3,Cloudy,Dry,Daylight