Date and Time,Roadway (From Crash Report),Intersection Name (from Crash Report),KABCO Severity,Manner of Collision (Crash Level) ,# of Vehicles per crash ,Weather Conditions (Crash Level),Surface Condition (Crash Level) ,Light Conditions (Crash Level)
2023-10-26T21:11:00.000,I-75,I-75 and I-75 S,,Rear End,2,Clear,Dry,Dark-Lighted
2023-04-05T08:30:00.000,I-75,I-75 and I-75 S,,Rear End,2,Clear,Dry,Daylight
2024-01-06T09:30:00.000,I-75,I-75 and I-75 S,,Angle Crash,4,Rain,Water (standing or moving),Dark-Lighted
2024-01-06T05:35:00.000,I-75,I-75 and I-75 S,,Rear End,3,Rain,Water (standing or moving),Dark-Lighted
2024-01-31T20:00:00.000,I-75,I-75 and I-75 S,,Rear End,2,Clear,Dry,Dark-Lighted
2024-01-31T19:30:00.000,I-75,I-75 and I-75 S,,Angle Crash,2,Clear,Dry,Daylight
2022-01-13T08:20:00.000,I-75,I-75 and I-75 N Ramp Nw,,Angle Crash,2,Clear,Dry,Daylight
2023-12-13T08:00:00.000,I-75,I-75 and I-75 N,,Rear End,2,Clear,Dry,Daylight
2023-03-08T17:00:00.000,I-75,I-75 and I-75 N,,Rear End,2,Clear,Dry,Daylight
2023-03-04T23:00:00.000,I-75,I-75 and I-75 N,,Rear End,4,Clear,Dry,Dark-Lighted
2023-05-17T05:24:00.000,I-75,I-75 and I-75 N,,Rear End,3,Clear,Wet,Dark-Lighted
2023-04-27T14:00:00.000,I-75,I-75 and I-75 N,,Rear End,2,Rain,Wet,Daylight
2023-08-26T22:00:00.000,I-75,I-75 and I-75 N,,Rear End,2,Clear,Dry,Dark-Lighted
2023-02-25T11:48:00.000,I-75,I-75 and I-75 N,,Rear End,2,Cloudy,Dry,Daylight
2023-08-27T16:30:00.000,I-75,I-75 and I-75 N,,Sideswipe-Same Direction,2,Clear,Dry,Daylight
2022-06-22T12:28:00.000,I-75,I-75 and I-75 N,,Sideswipe-Same Direction,2,Clear,Dry,Daylight
2021-10-30T02:39:00.000,I-75,I-75 and I-75 N,,Rear End,2,Clear,Dry,Dark-Lighted
2022-01-27T15:29:00.000,I-75,I-75 and I-75 N,,Rear End,3,Clear,Dry,Daylight
2021-12-11T01:56:00.000,I-75,I-75 and I-75 N,,Sideswipe-Same Direction,2,Cloudy,Wet,Dark-Lighted
2022-01-10T00:50:00.000,I-75,I-75 and I-75 N,,Rear End,2,Clear,Water (standing or moving),Dark-Lighted
2022-02-27T03:05:00.000,I-75,I-75 and I-75 N,,Angle Crash,4,Rain,Wet,Dark-Lighted
2022-03-23T12:23:00.000,I-75,I-75 and I-75 N,,Rear End,2,Cloudy,Wet,Daylight
2022-02-20T17:25:00.000,I-75,I-75 and I-75 N,,Sideswipe-Same Direction,2,Clear,Dry,Daylight
2022-09-10T09:00:00.000,I-75,I-75 and I-75 N,,Not a Collision with Motor Vehicle,1,Cloudy,Water (standing or moving),Daylight
2022-08-21T05:40:00.000,I-75,I-75 and I-75 N,,Sideswipe-Same Direction,2,Clear,Dry,Dark-Lighted
2022-06-24T22:00:00.000,I-75,I-75 and I-75 N,,Sideswipe-Same Direction,2,Clear,Dry,Daylight
2022-12-11T12:55:00.000,I-75,I-75 and I-75 N,,Head On,2,Rain,Water (standing or moving),Daylight
2022-10-14T10:30:00.000,I-75,I-75 and I-75 N,,Sideswipe-Same Direction,2,Clear,Dry,Dark-Lighted
2022-08-12T00:00:00.000,I-75,I-75 and I-75 N,,Not a Collision with Motor Vehicle,1,Cloudy,Wet,Dark-Lighted
2022-05-14T14:26:00.000,I-75,I-75 and I-75 N,,Rear End,3,Clear,Dry,Daylight
2022-03-08T22:50:00.000,I-75,I-75 and I-75 N,,Angle Crash,2,Rain,Water (standing or moving),Dark-Lighted
2022-10-31T01:25:00.000,I-75,I-75 and I-75 N,,Sideswipe-Same Direction,2,Clear,Wet,Dark-Lighted
2022-07-19T05:48:00.000,I-75,I-75 and I-75 N,,Rear End,2,Rain,Wet,Dark-Lighted
2022-08-07T02:00:00.000,I-75,I-75 and I-75 N,,Angle Crash,2,Clear,Wet,Dark-Lighted
2022-09-02T22:20:00.000,I-75,I-75 and I-75 N,,Sideswipe-Same Direction,2,Clear,Dry,Dark-Not Lighted
2023-10-12T04:00:00.000,I-75,I-75 and I-75 N,,Not a Collision with Motor Vehicle,1,Rain,Wet,Dark-Lighted
2023-02-11T22:36:00.000,I-75,I-75 and I-75 N,,Head On,2,Clear,Dry,Dark-Lighted
2023-08-23T15:08:00.000,I-75,I-75 and I-75 N,,Rear End,2,Clear,Dry,Daylight
2023-03-17T16:00:00.000,I-75,I-75 and I-75 N,,Rear End,2,Rain,Wet,Daylight
2023-05-25T21:00:00.000,I-75,I-75 and I-75 N,,Angle Crash,2,Clear,Dry,Dark-Lighted
2023-07-10T00:40:00.000,I-75,I-75 and I-75 N,,Not a Collision with Motor Vehicle,1,Clear,Wet,Dark-Not Lighted
2023-05-27T20:18:00.000,I-75,I-75 and I-75 N,,Angle Crash,2,Clear,Dry,Dark-Lighted
2023-08-13T05:21:00.000,I-75,I-75 and I-75 N,,Not a Collision with Motor Vehicle,1,Clear,Dry,Dark-Lighted
2023-05-11T01:30:00.000,I-75,I-75 and I-75 N,,Sideswipe-Same Direction,2,Clear,Dry,Dark-Lighted
2023-05-20T04:12:00.000,I-75,I-75 and I-75 N,,Angle Crash,2,Cloudy,Water (standing or moving),Dark-Lighted
2024-01-25T03:23:00.000,I-75,I-75 and I-75 N,,Not a Collision with Motor Vehicle,1,Rain,Wet,Dark-Lighted
2024-03-21T19:00:00.000,I-75,I-75 and I-75 N,,Rear End,2,Clear,Dry,Dark-Lighted
2024-03-20T17:30:00.000,I-75,I-75 and I-75 N,,Rear End,3,Clear,Dry,Daylight
2024-06-02T17:30:00.000,I-75,I-75 and I-575 N,,Sideswipe-Same Direction,2,Clear,Dry,Daylight
2021-09-25T23:15:00.000,I-75,I-75 and I-285,,Sideswipe-Same Direction,2,Clear,Dry,Dark-Lighted
2021-07-10T11:30:00.000,I-75,I-75 and I-20 West,,Rear End,2,Rain,Wet,Dark-Lighted
2021-11-06T00:41:00.000,I-75,I-75 and I-20 W,,Sideswipe-Same Direction,2,Cloudy,Dry,Dark-Lighted
2023-12-10T20:00:00.000,I-75,I-75 and I-20 W,,Angle Crash,2,Cloudy,Water (standing or moving),Dark-Not Lighted
2023-06-07T09:45:00.000,I-75,I-75 and I-20 W,,Rear End,2,Clear,Dry,Daylight
2021-12-18T18:20:00.000,I-75,I-75 and I-20 W,,Rear End,2,Rain,Wet,Dark-Not Lighted
2021-12-18T22:12:00.000,I-75,I-75 and I-20 W,,Rear End,3,Rain,Water (standing or moving),Dark-Lighted
2021-10-24T16:35:00.000,I-75,I-75 and I-20 W,,Sideswipe-Same Direction,2,Clear,Dry,Dark-Lighted
2022-11-13T19:41:00.000,I-75,I-75 and I-20 W,,Rear End,2,Clear,Dry,Dark-Not Lighted
2022-11-24T19:00:00.000,I-75,I-75 and I-20 W,,Rear End,2,Clear,Dry,Dark-Lighted
2022-09-29T22:26:00.000,I-75,I-75 and I-20 W,,Rear End,2,Clear,Dry,Dark-Lighted
2022-01-19T11:48:00.000,I-75,I-75 and I-20 W,,Rear End,4,Clear,Dry,Daylight
2022-11-19T07:25:00.000,I-75,I-75 and I-20 W,,Not a Collision with Motor Vehicle,1,Clear,Dry,Daylight
2022-07-26T20:00:00.000,I-75,I-75 and I-20 W,,Sideswipe-Same Direction,2,Clear,Dry,Dark-Lighted
2024-11-16T17:30:00.000,I-75,I-75 and I-20 W,,Rear End,2,Clear,Dry,Daylight
2024-09-12T21:15:00.000,I-75,I-75 and I-20 W,,Not a Collision with Motor Vehicle,1,Rain,Wet,Dark-Lighted
2024-06-12T15:30:00.000,I-75,I-75 and I-20 W,,Angle Crash,2,Clear,Dry,Daylight
2024-11-10T12:30:00.000,I-75,I-75 and I-20 W,,Not a Collision with Motor Vehicle,1,Rain,Wet,Daylight
2023-05-13T17:00:00.000,I-75,I-75 and I-20 W,,Rear End,2,Clear,Dry,Daylight
2023-10-25T11:00:00.000,I-75,I-75 and I-20 W,,Sideswipe-Same Direction,2,Clear,Dry,Daylight
2023-01-14T16:00:00.000,I-75,I-75 and I-20 W,,Rear End,2,Clear,Dry,Daylight
2023-09-13T10:35:00.000,I-75,I-75 and I-20 W,,Rear End,3,Clear,Dry,Daylight
2023-04-16T15:45:00.000,I-75,I-75 and I-20 W,,Sideswipe-Same Direction,2,Clear,Dry,Daylight
2024-12-20T18:35:00.000,I-75,I-75 and I-20 W,,Rear End,2,Clear,Dry,Dark-Lighted
2024-12-18T06:30:00.000,I-75,I-75 and I-20 W,,Sideswipe-Same Direction,2,Fog,Dry,Dark-Not Lighted
2024-12-15T03:22:00.000,I-75,I-75 and I-20 W,,Sideswipe-Same Direction,2,Clear,Dry,Dark-Lighted
2024-10-14T20:15:00.000,I-75,I-75 and I-20 W,,Sideswipe-Same Direction,2,Clear,Dry,Daylight
2024-09-18T23:30:00.000,I-75,I-75 and I-20 W,,Sideswipe-Same Direction,2,Clear,Dry,Dark-Not Lighted
2024-10-16T21:00:00.000,I-75,I-75 and I-20 W,,Sideswipe-Same Direction,2,Clear,Dry,Dark-Lighted
2021-12-05T07:30:00.000,I-75,I-75 and I-20 Nb,,Sideswipe-Same Direction,2,Cloudy,Dry,Daylight
2021-09-01T09:54:00.000,I-75,I-75 and I-20 Eb On Ramp,,Rear End,2,Clear,Dry,Daylight
2021-09-01T16:00:00.000,I-75,I-75 and I-20 Eb Expy,,Rear End,3,Clear,Dry,Daylight
2021-09-17T03:53:00.000,I-75,I-75 and I-20 E,,Not a Collision with Motor Vehicle,1,Cloudy,Wet,Dark-Lighted
2021-10-10T04:01:00.000,I-75,I-75 and I-20 E,,Not a Collision with Motor Vehicle,1,Clear,Dry,Dark-Lighted
2023-09-30T18:11:00.000,I-75,I-75 and I-20 E,,Rear End,2,Clear,Dry,Daylight
2023-06-11T22:30:00.000,I-75,I-75 and I-20 E,,Rear End,2,Clear,Dry,Dark-Not Lighted
2023-08-16T17:09:00.000,I-75,I-75 and I-20 E,,Sideswipe-Same Direction,2,Clear,Dry,Daylight
2023-05-22T23:00:00.000,I-75,I-75 and I-20 E,,Angle Crash,2,Rain,Wet,Dark-Lighted
2023-02-25T21:41:00.000,I-75,I-75 and I-20 E,,Rear End,2,Clear,Dry,Dark-Not Lighted
2021-10-30T11:30:00.000,I-75,I-75 and I-20 E,,Rear End,2,Clear,Dry,Dark-Lighted
2022-08-27T14:36:00.000,I-75,I-75 and I-20 E,,Rear End,2,Clear,Dry,Daylight
2022-09-25T04:00:00.000,I-75,I-75 and I-20 E,,Angle Crash,2,Clear,Dry,Dark-Lighted
2022-02-17T20:00:00.000,I-75,I-75 and I-20 E,,Rear End,2,Clear,Dry,Dusk
2022-01-04T21:00:00.000,I-75,I-75 and I-20 E,,Rear End,2,Clear,Dry,Dark-Not Lighted
2022-03-23T11:00:00.000,I-75,I-75 and I-20 E,,Rear End,2,Rain,Water (standing or moving),Dark-Lighted
2023-10-09T20:27:00.000,I-75,I-75 and I-20 E,,Angle Crash,2,Clear,Dry,Dark-Not Lighted
2024-10-20T15:10:00.000,I-75,I-75 and I-20 E,,Rear End,4,Clear,Dry,Daylight
2024-04-24T15:54:00.000,I-75,I-75 and I-20 E,,Rear End,2,Clear,Dry,Daylight
2024-04-13T01:30:00.000,I-75,I-75 and I-20 E,,Rear End,2,Clear,Dry,Daylight
2024-04-26T20:04:00.000,I-75,I-75 and I-20 E,,Rear End,2,Clear,Dry,Dark-Lighted
2024-10-16T08:03:00.000,I-75,I-75 and I-20 E,,Sideswipe-Same Direction,2,Clear,Dry,Daylight
2023-07-08T15:00:00.000,I-75,I-75 and I-20 E,,Sideswipe-Same Direction,2,Clear,Dry,Daylight
2023-08-26T17:13:00.000,I-75,I-75 and I-20 E,,Sideswipe-Same Direction,2,Clear,Dry,Daylight
2023-11-03T06:07:00.000,I-75,I-75 and I-20 E,,Sideswipe-Same Direction,2,Clear,Dry,Dark-Lighted
2023-07-23T02:00:00.000,I-75,I-75 and I-20 E,,Rear End,4,Clear,Dry,Dark-Lighted
2023-10-14T08:05:00.000,I-75,I-75 and I-20 E,,Not a Collision with Motor Vehicle,1,Rain,Water (standing or moving),Daylight
2023-08-30T15:44:00.000,I-75,I-75 and I-20 E,,Rear End,2,Clear,Dry,Daylight
2023-09-11T00:15:00.000,I-75,I-75 and I-20 E,,Sideswipe-Same Direction,2,Clear,Dry,Dark-Lighted
2023-08-12T18:33:00.000,I-75,I-75 and I-20 E,,Rear End,2,Cloudy,Wet,Dark-Lighted
2024-11-04T23:40:00.000,I-75,I-75 and I-20 E,,Not a Collision with Motor Vehicle,1,Clear,Dry,Dark-Lighted
2024-02-07T22:30:00.000,I-75,I-75 and I-20 E,,Rear End,2,Clear,Dry,Dark-Lighted
2024-11-19T18:30:00.000,I-75,I-75 and I-20 E,,Sideswipe-Same Direction,2,Rain,Wet,Dark-Lighted
2024-05-09T15:30:00.000,I-75,I-75 and I-20 E,,Rear End,2,Cloudy,Dry,Daylight
2024-07-17T17:22:00.000,I-75,I-75 and I-20 E,,Sideswipe-Same Direction,2,Clear,Dry,Daylight
2024-08-04T19:51:00.000,I-75,I-75 and I-20 E,,Rear End,2,Clear,Dry,Daylight
2024-04-13T20:34:00.000,I-75,I-75 and I-20 E,,Sideswipe-Same Direction,2,Clear,Dry,Dark-Not Lighted
2024-11-21T01:50:00.000,I-75,I-75 and I-20 E,,Rear End,2,Clear,Dry,Dark-Lighted
2024-08-31T22:10:00.000,I-75,I-75 and I-20 E,,Sideswipe-Same Direction,2,Clear,Dry,Dark-Not Lighted
2024-03-20T16:45:00.000,I-75,I-75 and I-20 E,,Sideswipe-Same Direction,2,Clear,Dry,Daylight
2024-11-17T21:15:00.000,I-75,I-75 and I-20 E,,Rear End,2,Clear,Dry,Dark-Lighted
2024-10-12T23:00:00.000,I-75,I-75 and I-20 E,,Rear End,2,Clear,Dry,Dark-Lighted
2024-04-07T18:50:00.000,I-75,I-75 and I-20 E,,Rear End,3,Clear,Dry,Daylight
2024-06-01T12:15:00.000,I-75,I-75 and I-20 E,,Rear End,3,Clear,Dry,Daylight
2024-12-04T17:00:00.000,I-75,I-75 and I-20 E,,Sideswipe-Same Direction,2,Clear,Dry,Dark-Lighted
2024-09-22T00:00:00.000,I-75,I-75 and I-20 E,,Sideswipe-Same Direction,2,Clear,Dry,Dark-Lighted
2024-01-06T20:56:00.000,I-75,I-75 and I-20 E,,Rear End,2,Clear,Dry,Dark-Lighted
2024-07-22T22:32:00.000,I-75,I-75 and I-20 E,,Rear End,2,Clear,Dry,Dark-Lighted
2024-10-20T20:20:00.000,I-75,I-75 and I-20 E,,Rear End,2,Clear,Dry,Dark-Lighted
2024-05-25T01:20:00.000,I-75,I-75 and I-20 E,,Sideswipe-Same Direction,2,Clear,Dry,Dark-Lighted
2024-08-16T16:00:00.000,I-75,I-75 and I-20 E,,Sideswipe-Same Direction,2,Clear,Dry,Daylight
2024-06-22T10:46:00.000,I-75,I-75 and I-20  Exit 247,,Sideswipe-Same Direction,2,Clear,Dry,Daylight
2021-06-28T23:40:00.000,I-75,I-75 and I- 75,,Sideswipe-Same Direction,2,Clear,Dry,Dark-Lighted
2021-09-01T06:25:00.000,I-75,I-75 and I- 640,,Not a Collision with Motor Vehicle,1,Rain,Wet,Dawn
2021-04-17T21:07:00.000,I-75,I-75 and I- 20,,Sideswipe-Same Direction,2,Clear,Dry,Dark-Lighted
2020-01-29T05:18:00.000,I-75,I-75 and Hwy 92,,Not a Collision with Motor Vehicle,1,Cloudy,Dry,Dark-Not Lighted
2021-05-02T13:50:00.000,I-75,I-75 and Hwy 92,,Sideswipe-Same Direction,2,Clear,Dry,Daylight
2024-02-26T22:28:00.000,I-75,I-75 and Hwy 151,,Not a Collision with Motor Vehicle,1,Clear,Dry,Dark-Lighted
2023-09-13T08:00:00.000,I-75,I-75 and Howell Rd Nw,,Rear End,2,Clear,Wet,Daylight
2021-11-03T12:16:00.000,I-75,I-75 and Howell Mill Rd Nw,,Rear End,2,Cloudy,Dry,Daylight
2021-12-18T11:55:00.000,I-75,I-75 and Howell Mill Rd Nw,,Angle Crash,2,Rain,Wet,Daylight
2023-09-02T19:39:00.000,I-75,I-75 and Howell Mill Rd Nw,,Angle Crash,2,Clear,Dry,Daylight
2023-11-16T23:00:00.000,I-75,I-75 and Howell Mill Rd Nw,,Angle Crash,2,Clear,Dry,Dark-Lighted
2023-08-14T15:30:00.000,I-75,I-75 and Howell Mill Rd Nw,,Rear End,3,Clear,Dry,Daylight
2023-08-02T17:19:00.000,I-75,I-75 and Howell Mill Rd Nw,,Rear End,3,Clear,Dry,Daylight
2023-03-02T05:40:00.000,I-75,I-75 and Howell Mill Rd Nw,,Rear End,2,Rain,Wet,Dark-Not Lighted
2021-12-11T17:12:00.000,I-75,I-75 and Howell Mill Rd Nw,,Rear End,2,Cloudy,Dry,Daylight
2021-11-03T13:11:00.000,I-75,I-75 and Howell Mill Rd Nw,,Rear End,3,Cloudy,Dry,Daylight
2021-10-29T08:00:00.000,I-75,I-75 and Howell Mill Rd Nw,,Angle Crash,2,Rain,Water (standing or moving),Daylight
2022-07-16T08:40:00.000,I-75,I-75 and Howell Mill Rd Nw,,Rear End,2,Clear,Dry,Daylight
2022-05-15T11:00:00.000,I-75,I-75 and Howell Mill Rd Nw,,Sideswipe-Same Direction,2,Clear,Dry,Daylight
2022-04-28T21:42:00.000,I-75,I-75 and Howell Mill Rd Nw,,Rear End,2,Clear,Dry,Dark-Lighted
2022-10-06T18:10:00.000,I-75,I-75 and Howell Mill Rd Nw,,Not a Collision with Motor Vehicle,1,Clear,Dry,Daylight
2022-04-23T07:55:00.000,I-75,I-75 and Howell Mill Rd Nw,,Sideswipe-Same Direction,2,Clear,Dry,Daylight
2022-08-25T10:20:00.000,I-75,I-75 and Howell Mill Rd Nw,,Angle Crash,2,Cloudy,Dry,Daylight
2022-04-15T22:10:00.000,I-75,I-75 and Howell Mill Rd Nw,,Angle Crash,2,Clear,Dry,Dark-Lighted
2024-08-03T23:15:00.000,I-75,I-75 and Howell Mill Rd Nw,,Rear End,2,Clear,Dry,Dark-Lighted
2024-10-22T20:02:00.000,I-75,I-75 and Howell Mill Rd Nw,,Rear End,2,Clear,Dry,Dark-Lighted
2024-10-28T12:57:00.000,I-75,I-75 and Howell Mill Rd Nw,,Sideswipe-Same Direction,2,Clear,Dry,Daylight
2024-10-30T19:00:00.000,I-75,I-75 and Howell Mill Rd Nw,,Rear End,3,Clear,Dry,Dark-Lighted
2024-09-27T09:20:00.000,I-75,I-75 and Howell Mill Rd Nw,,Sideswipe-Same Direction,2,Clear,Dry,Dark-Lighted
2024-08-03T03:15:00.000,I-75,I-75 and Howell Mill Rd Nw,,Angle Crash,2,Clear,Dry,Dark-Not Lighted
2024-11-30T06:30:00.000,I-75,I-75 and Howell Mill Rd Nw,,Not a Collision with Motor Vehicle,1,Clear,Dry,Daylight
2023-03-06T20:00:00.000,I-75,I-75 and Howell Mill Rd Nw,,Sideswipe-Same Direction,2,Clear,Dry,Dark-Lighted
2023-10-25T16:00:00.000,I-75,I-75 and Howell Mill Rd Nw,,Angle Crash,2,Clear,Dry,Daylight
2023-05-27T17:00:00.000,I-75,I-75 and Howell Mill Rd Nw,,Rear End,3,Clear,Dry,Daylight
2023-05-17T18:00:00.000,I-75,I-75 and Howell Mill Rd Nw,,Sideswipe-Opposite Direction,2,Cloudy,Dry,Daylight
2024-04-29T01:00:00.000,I-75,I-75 and Howell Mill Rd Nw,,Angle Crash,2,Clear,Dry,Dark-Lighted
2024-04-29T16:30:00.000,I-75,I-75 and Howell Mill Rd Nw,,Rear End,2,Clear,Dry,Daylight
2024-10-30T10:35:00.000,I-75,I-75 and Howell Mill Rd Nw,,Sideswipe-Same Direction,2,Clear,Dry,Daylight
2024-06-08T19:30:00.000,I-75,I-75 and Howell Mill Rd Nw,,Sideswipe-Same Direction,2,Clear,Dry,Daylight
2024-01-13T16:00:00.000,I-75,I-75 and Howell Mill Rd Nw,,Sideswipe-Same Direction,2,Clear,Dry,Daylight
2024-06-26T07:58:00.000,I-75,I-75 and Howell Mill Rd Nw,,Sideswipe-Same Direction,2,Clear,Ice/Frost,Daylight
2024-11-23T13:01:00.000,I-75,I-75 and Howell Mill Rd Nw,,Sideswipe-Same Direction,2,Clear,Dry,Daylight
2024-12-22T21:00:00.000,I-75,I-75 and Howell Mill Rd Nw,,Sideswipe-Opposite Direction,2,Clear,Dry,Dark-Lighted
2024-10-30T20:14:00.000,I-75,I-75 and Howell Mill Rd Nw,,Rear End,3,Clear,Dry,Dark-Lighted
2024-10-02T16:00:00.000,I-75,I-75 and Howell Mill Rd Nw,,Rear End,2,Clear,Dry,Daylight
2024-11-02T02:58:00.000,I-75,I-75 and Howell Mill Rd Nw,,Not a Collision with Motor Vehicle,1,Clear,Dry,Dark-Lighted
2024-06-02T17:06:00.000,I-75,I-75 and Howell Mill Rd Nw,,Rear End,2,Clear,Dry,Daylight
2024-11-07T16:37:00.000,I-75,I-75 and Howell Mill Rd Nw,,Rear End,2,Clear,Dry,Daylight
2024-02-26T16:50:00.000,I-75,I-75 and Howell Mill Rd Nw,,Sideswipe-Opposite Direction,2,Clear,Dry,Daylight
2024-07-14T08:00:00.000,I-75,I-75 and Howell Mill Rd Nw,,Sideswipe-Same Direction,2,Clear,Dry,Dark-Lighted
2024-05-15T18:20:00.000,I-75,I-75 and Howell Mill Rd Nw,,Rear End,2,Clear,Dry,Daylight
2024-06-14T11:45:00.000,I-75,I-75 and Howell Mill Rd Nw,,Sideswipe-Same Direction,2,Clear,Dry,Daylight
2024-12-03T18:50:00.000,I-75,I-75 and Howell Mill Rd Nw,,Rear End,2,Clear,Dry,Daylight
2024-09-18T10:30:00.000,I-75,I-75 and Howell Mill Rd Nw,,Angle Crash,2,Clear,Dry,Daylight
2024-03-12T14:00:00.000,I-75,I-75 and Howell Mill Rd Nw,,Sideswipe-Same Direction,2,Clear,Dry,Daylight
2024-09-11T11:00:00.000,I-75,I-75 and Howell Mill Rd Nw,,Sideswipe-Same Direction,2,Clear,Dry,Daylight
2024-11-20T11:09:00.000,I-75,I-75 and Howell Mill Rd Nw,,Rear End,2,Clear,Dry,Daylight
2024-11-13T09:34:00.000,I-75,I-75 and Howell Mill Rd Nw,,Sideswipe-Same Direction,2,Clear,Dry,Daylight
2024-09-11T17:10:00.000,I-75,I-75 and Howell Mill Rd Nw,,Rear End,2,Clear,Dry,Daylight
2022-02-05T08:30:00.000,I-75,I-75 and Howell Mill Rd,,Angle Crash,4,Clear,Dry,Daylight
2022-01-26T08:00:00.000,I-75,I-75 and Howell Mill Rd,,Rear End,2,Clear,Dry,Daylight
2024-03-13T09:35:00.000,I-75,I-75 and Howell Mill Rd,,Rear End,2,Clear,Dry,Daylight
2023-06-18T12:35:00.000,I-75,I-75 and Howell Mill Rd,,Sideswipe-Same Direction,2,Cloudy,Dry,Daylight
2024-01-23T23:30:00.000,I-75,I-75 and Howell Mill Rd,,Sideswipe-Same Direction,2,Clear,Dry,Dark-Lighted
2021-11-15T22:40:00.000,I-75,I-75 and Howell Mill,,Sideswipe-Same Direction,2,Clear,Dry,Dark-Lighted
2022-02-27T13:00:00.000,I-75,I-75 and Howell Mill,,Rear End,4,Rain,Water (standing or moving),Daylight
2021-07-10T15:08:00.000,I-75,I-75 and High Point Ter Sw,,Rear End,2,Clear,Dry,Daylight
2024-10-12T23:30:00.000,I-75,I-75 and High Point Ter Sw,,Rear End,2,Clear,Dry,Dark-Lighted
2024-11-23T00:55:00.000,I-75,I-75 and High Point Ter Sw,,Sideswipe-Same Direction,2,Clear,Dry,Dark-Lighted
2024-11-20T02:30:00.000,I-75,I-75 and High Point Ter Sw,,Sideswipe-Opposite Direction,3,Rain,Wet,Dark-Not Lighted
2021-01-27T10:19:00.000,I-75,I-75 and Hartley Bridge Rd,,Not a Collision with Motor Vehicle,1,Clear,Wet,Daylight
2020-04-15T00:00:00.000,I-75,I-75 and Hardeman Ave Exit,,Sideswipe-Same Direction,2,Clear,Dry,Daylight
2020-01-08T14:43:00.000,I-75,I-75 and Hardeman Ave,,Rear End,2,Clear,Dry,Daylight
2022-01-14T13:30:00.000,I-75,I-75 and Grand Ave Sw,,Rear End,3,Clear,Dry,Daylight
2023-04-01T09:32:00.000,I-75,I-75 and Glenbrook Dr Nw,,Angle Crash,2,Severe Thunderstorm or Tornadic,Water (standing or moving),Daylight
2022-07-08T01:15:00.000,I-75,I-75 and Giben Rd Sw,,Sideswipe-Same Direction,2,Clear,Dry,Dark-Lighted
2023-03-12T07:05:00.000,I-75,I-75 and Gaines Dr,,Sideswipe-Same Direction,2,Clear,Dry,Dark-Not Lighted
2022-04-08T16:50:00.000,I-75,I-75 and Gaines Dr,,Rear End,2,Clear,Dry,Daylight
2023-03-10T07:02:00.000,I-75,I-75 and Gaines Dr,,Not a Collision with Motor Vehicle,1,Cloudy,Wet,Daylight
2021-06-24T21:00:00.000,I-75,I-75 and Ga-166,,Sideswipe-Same Direction,2,Clear,Dry,Dark-Lighted
2023-03-03T07:05:00.000,I-75,I-75 and Ga-151 S,,Angle Crash,2,Cloudy,Wet,Dark-Lighted
2023-03-03T13:15:00.000,I-75,I-75 and Ga-151 N,,Angle Crash,2,Rain,Wet,Daylight
2021-07-03T02:25:00.000,I-75,I-75 and Ga- 166,,Sideswipe-Same Direction,2,Clear,Dry,Dark-Lighted
2021-05-30T18:30:00.000,I-75,I-75 and Fulton St Sw,,Angle Crash,2,Clear,Dry,Daylight
2021-08-16T05:45:00.000,I-75,I-75 and Fulton St Sw,,Sideswipe-Same Direction,2,Cloudy,Dry,Dark-Lighted
2021-07-11T17:25:00.000,I-75,I-75 and Fulton St Sw,,Angle Crash,2,Clear,Dry,Daylight
2021-08-28T00:15:00.000,I-75,I-75 and Fulton St Sw,,Rear End,2,Cloudy,Dry,Dark-Lighted
2023-03-26T22:00:00.000,I-75,I-75 and Fulton St Sw,,Rear End,2,Severe Thunderstorm or Tornadic,Wet,Dark-Lighted
2023-01-22T21:18:00.000,I-75,I-75 and Fulton St Sw,,Sideswipe-Same Direction,2,Rain,Water (standing or moving),Dark-Not Lighted
2023-07-09T18:00:00.000,I-75,I-75 and Fulton St Sw,,Sideswipe-Same Direction,2,Clear,Dry,Daylight
2023-06-06T01:00:00.000,I-75,I-75 and Fulton St Sw,,Angle Crash,2,Clear,Dry,Dark-Lighted
2022-03-27T15:00:00.000,I-75,I-75 and Fulton St Sw,,Rear End,2,Clear,Dry,Daylight
2021-09-11T18:58:00.000,I-75,I-75 and Fulton St Sw,,Sideswipe-Same Direction,4,Clear,Dry,Daylight
2022-09-16T18:00:00.000,I-75,I-75 and Fulton St Sw,,Rear End,4,Clear,Dry,Dark-Lighted
2022-03-02T09:00:00.000,I-75,I-75 and Fulton St Sw,,Rear End,2,Clear,Dry,Daylight
2022-03-05T20:00:00.000,I-75,I-75 and Fulton St Sw,,Sideswipe-Same Direction,2,Clear,Dry,Dark-Lighted
2022-03-26T17:44:00.000,I-75,I-75 and Fulton St Sw,,Rear End,2,Clear,Dry,Daylight
2022-04-13T09:49:00.000,I-75,I-75 and Fulton St Sw,,Sideswipe-Same Direction,2,Clear,Dry,Daylight
2022-09-07T13:00:00.000,I-75,I-75 and Fulton St Sw,,Sideswipe-Same Direction,2,Clear,Dry,Daylight
2022-09-08T14:50:00.000,I-75,I-75 and Fulton St Sw,,Angle,2,Clear,Dry,Daylight
2022-02-12T16:00:00.000,I-75,I-75 and Fulton St Sw,,Sideswipe-Same Direction,2,Clear,Dry,Daylight
2022-03-16T10:10:00.000,I-75,I-75 and Fulton St Sw,,Sideswipe-Same Direction,2,Rain,Water (standing or moving),Daylight
2022-07-09T10:55:00.000,I-75,I-75 and Fulton St Sw,,Rear End,2,Rain,Water (standing or moving),Daylight
2022-03-11T16:10:00.000,I-75,I-75 and Fulton St Sw,,Rear End,3,Clear,Dry,Daylight