Date and Time,Roadway (From Crash Report),Intersection Name (from Crash Report),KABCO Severity,Manner of Collision (Crash Level) ,# of Vehicles per crash ,Weather Conditions (Crash Level),Surface Condition (Crash Level) ,Light Conditions (Crash Level)
2022-06-19T22:30:00.000,I-75,I-75 and Fulton St Sw,,Rear End,3,Clear,Dry,Dark-Lighted
2022-04-27T06:35:00.000,I-75,I-75 and Fulton St Sw,,Rear End,2,Clear,Dry,Daylight
2022-06-05T02:54:00.000,I-75,I-75 and Fulton St Sw,,Head On,3,Clear,Dry,Dark-Lighted
2022-08-05T18:07:00.000,I-75,I-75 and Fulton St Sw,,Not a Collision with Motor Vehicle,2,Clear,Dry,Daylight
2022-08-13T14:45:00.000,I-75,I-75 and Fulton St Sw,,Rear End,2,Clear,Dry,Daylight
2022-09-07T09:51:00.000,I-75,I-75 and Fulton St Sw,,Rear End,2,Clear,Dry,Daylight
2022-03-16T19:00:00.000,I-75,I-75 and Fulton St Sw,,Rear End,2,Rain,Wet,Daylight
2024-07-24T17:30:00.000,I-75,I-75 and Fulton St Sw,,Rear End,2,Rain,Wet,Daylight
2024-10-28T18:53:00.000,I-75,I-75 and Fulton St Sw,,Rear End,2,Clear,Dry,Dark-Lighted
2024-12-11T02:50:00.000,I-75,I-75 and Fulton St Sw,,Not a Collision with Motor Vehicle,1,Rain,Water (standing or moving),Dark-Lighted
2024-12-31T20:11:00.000,I-75,I-75 and Fulton St Sw,,Rear End,2,Clear,Dry,Dark-Lighted
2024-10-06T17:53:00.000,I-75,I-75 and Fulton St Sw,,Rear End,2,Clear,Dry,Daylight
2024-07-17T07:47:00.000,I-75,I-75 and Fulton St Sw,,Rear End,2,Clear,Dry,Daylight
2024-08-10T11:15:00.000,I-75,I-75 and Fulton St Sw,,Rear End,2,Clear,Dry,Daylight
2024-08-25T01:30:00.000,I-75,I-75 and Fulton St Sw,,Rear End,2,Clear,Dry,Dark-Lighted
2024-07-29T04:30:00.000,I-75,I-75 and Fulton St Sw,,Sideswipe-Same Direction,2,Clear,Dry,Dark-Not Lighted
2024-02-14T16:03:00.000,I-75,I-75 and Fulton St Sw,,Angle Crash,2,Clear,Dry,Daylight
2024-07-19T01:10:00.000,I-75,I-75 and Fulton St Sw,,Not a Collision with Motor Vehicle,1,Clear,Dry,Dark-Not Lighted
2023-11-28T17:10:00.000,I-75,I-75 and Fulton St Sw,,Sideswipe-Same Direction,2,Clear,Dry,Dark-Lighted
2023-03-25T23:00:00.000,I-75,I-75 and Fulton St Sw,,Rear End,2,Clear,Dry,Dark-Lighted
2023-01-08T00:45:00.000,I-75,I-75 and Fulton St Sw,,Not a Collision with Motor Vehicle,1,Clear,Dry,Dark-Not Lighted
2023-10-14T02:20:00.000,I-75,I-75 and Fulton St Sw,,Rear End,2,Rain,Wet,Dark-Not Lighted
2023-03-18T21:00:00.000,I-75,I-75 and Fulton St Sw,,Angle Crash,3,Clear,Dry,Dark-Not Lighted
2023-10-14T03:30:00.000,I-75,I-75 and Fulton St Sw,,Sideswipe-Same Direction,2,Rain,Wet,Dark-Lighted
2024-03-16T10:21:00.000,I-75,I-75 and Fulton St Sw,,Rear End,2,Clear,Dry,Daylight
2024-11-17T03:35:00.000,I-75,I-75 and Fulton St Sw,,Sideswipe-Same Direction,2,Clear,Dry,Dark-Lighted
2024-10-23T23:15:00.000,I-75,I-75 and Fulton St Sw,,Sideswipe-Same Direction,2,Clear,Dry,Dark-Lighted
2024-10-26T10:00:00.000,I-75,I-75 and Fulton St Sw,,Angle Crash,2,Clear,Dry,Daylight
2024-04-19T16:30:00.000,I-75,I-75 and Fulton St Sw,,Sideswipe-Same Direction,2,Clear,Dry,Daylight
2024-12-04T10:00:00.000,I-75,I-75 and Fulton St Sw,,Angle Crash,3,Clear,Dry,Daylight
2024-10-28T08:30:00.000,I-75,I-75 and Fulton St Sw,,Rear End,2,Clear,Dry,Dark-Lighted
2024-09-18T07:30:00.000,I-75,I-75 and Fulton St Sw,,Sideswipe-Same Direction,2,Clear,Dry,Dark-Lighted
2024-09-22T10:12:00.000,I-75,I-75 and Fulton St Sw,,Rear End,2,Clear,Dry,Daylight
2024-09-20T11:00:00.000,I-75,I-75 and Fulton St Sw,,Sideswipe-Same Direction,2,Clear,Dry,Daylight
2024-11-10T14:03:00.000,I-75,I-75 and Fulton St Sw,,Sideswipe-Same Direction,2,Cloudy,Dry,Daylight
2024-12-21T17:00:00.000,I-75,I-75 and Fulton St Sw,,Sideswipe-Same Direction,2,Clear,Dry,Dark-Not Lighted
2024-03-14T16:50:00.000,I-75,I-75 and Fulton St Sw,,Rear End,2,Clear,Dry,Daylight
2024-10-26T17:43:00.000,I-75,I-75 and Fulton St Sw,,Rear End,2,Clear,Dry,Daylight
2024-07-21T00:30:00.000,I-75,I-75 and Fulton St Sw,,Sideswipe-Same Direction,2,Cloudy,Wet,Dark-Lighted
2024-04-06T10:05:00.000,I-75,I-75 and Fulton St Sw,,Sideswipe-Same Direction,2,Clear,Dry,Daylight
2024-12-05T00:15:00.000,I-75,I-75 and Fulton St Sw,,Rear End,2,Clear,Dry,Dark-Lighted
2024-11-23T23:30:00.000,I-75,I-75 and Fulton St Sw,,Sideswipe-Same Direction,3,Clear,Dry,Dark-Lighted
2024-11-27T18:00:00.000,I-75,I-75 and Fulton St Sw,,Rear End,2,Clear,Dry,Dark-Not Lighted
2024-07-10T12:08:00.000,I-75,I-75 and Fulton St Sw,,Rear End,3,Clear,Dry,Daylight
2024-08-11T23:39:00.000,I-75,I-75 and Fulton St Sw,,Sideswipe-Same Direction,2,Clear,Dry,Dark-Not Lighted
2024-08-18T05:00:00.000,I-75,I-75 and Fulton St Sw,,Head On,2,Clear,Water (standing or moving),Dark-Lighted
2024-09-21T21:03:00.000,I-75,I-75 and Fulton St Sw,,Sideswipe-Same Direction,2,Clear,Dry,Daylight
2024-09-29T02:35:00.000,I-75,I-75 and Fulton St Sw,,Angle Crash,3,Clear,Dry,Dark-Lighted
2024-06-21T20:06:00.000,I-75,I-75 and Fulton St Sw,,Rear End,2,Clear,Dry,Daylight
2024-07-24T16:00:00.000,I-75,I-75 and Fulton St Sw,,Rear End,2,Cloudy,Wet,Daylight
2024-12-20T21:00:00.000,I-75,I-75 and Fulton St Sw,,Rear End,5,Clear,Dry,Dawn
2024-06-05T07:00:00.000,I-75,I-75 and Fulton St Sw,,Rear End,2,Cloudy,Dry,Daylight
2024-08-07T22:00:00.000,I-75,I-75 and Fulton St Sw,,Rear End,2,Clear,Dry,Dark-Lighted
2024-10-09T02:40:00.000,I-75,I-75 and Fulton St Sw,,Sideswipe-Same Direction,2,Clear,Dry,Dark-Lighted
2024-03-27T16:35:00.000,I-75,I-75 and Fulton St Sw,,Sideswipe-Same Direction,2,Clear,Dry,Daylight
2023-02-15T06:15:00.000,I-75,I-75 and Fulton St Se,,Rear End,2,Cloudy,Dry,Dark-Lighted
2021-07-25T18:29:00.000,I-75,I-75 and Fulton St,,Rear End,2,Clear,Dry,Daylight
2021-06-26T23:00:00.000,I-75,I-75 and Fulton St,,Sideswipe-Same Direction,3,Clear,Dry,Dark-Lighted
2021-09-12T14:15:00.000,I-75,I-75 and Fulton St,,Rear End,3,Clear,Dry,Daylight
2021-07-21T18:00:00.000,I-75,I-75 and Fulton St,,Rear End,2,Clear,Dry,Daylight
2022-03-23T17:39:00.000,I-75,I-75 and Fulton St,,Sideswipe-Same Direction,2,Clear,Dry,Daylight
2021-08-29T14:34:00.000,I-75,I-75 and Fulton,,Rear End,2,Clear,Dry,Daylight
2024-12-22T18:00:00.000,I-75,I-75 and Fowler St Nw,,Rear End,2,Clear,Dry,Dark-Lighted
2024-12-28T17:45:00.000,I-75,I-75 and Fowler St Nw,,Rear End,2,Rain,Wet,Dark-Lighted
2024-04-10T19:59:00.000,I-75,I-75 and Fortress Ave Sw,,Not a Collision with Motor Vehicle,1,Rain,Wet,Dark-Lighted
2024-10-13T00:03:00.000,I-75,I-75 and Fortress Ave Sw,,Rear End,2,Clear,Dry,Dark-Lighted
2023-09-30T00:00:00.000,I-75,I-75 and Fortress Ave Sw,,Rear End,6,Clear,Dry,Dark-Lighted
2023-12-08T03:00:00.000,I-75,I-75 and Fortress Ave Sw,,Rear End,2,Clear,Dry,Dark-Lighted
2024-09-08T17:50:00.000,I-75,I-75 and Fortress Ave Sw,,Rear End,2,Clear,Dry,Daylight
2024-07-12T21:39:00.000,I-75,I-75 and Fortress Ave Sw,,Rear End,2,Clear,Dry,Dark-Lighted
2024-06-15T23:37:00.000,I-75,I-75 and Fortress Ave Sw,,Sideswipe-Same Direction,2,Clear,Dry,Dark-Lighted
2024-04-20T01:59:00.000,I-75,I-75 and Fortress Ave Sw,,Angle Crash,2,Clear,Dry,Dark-Lighted
2024-10-30T06:45:00.000,I-75,I-75 and Fortress Ave Sw,,Sideswipe-Same Direction,2,Clear,Dry,Dark-Lighted
2024-05-16T01:30:00.000,I-75,I-75 and Fortress Ave Sw,,Rear End,2,Clear,Dry,Dark-Lighted
2024-02-01T23:52:00.000,I-75,I-75 and Fortress Ave Sw,,Rear End,2,Clear,Dry,Dark-Lighted
2024-12-08T11:00:00.000,I-75,I-75 and Fortress Ave Sw,,Sideswipe-Same Direction,2,Clear,Dry,Daylight
2024-07-20T04:20:00.000,I-75,I-75 and Forrest Hills Dr Sw,,Sideswipe-Same Direction,2,Cloudy,Dry,Dark-Lighted
2024-05-18T23:26:00.000,I-75,I-75 and Forrest Hills Dr Sw,,Angle Crash,3,Clear,Dry,Dark-Lighted
2021-11-27T23:45:00.000,I-75,I-75 and Forrest Hills Dr,,Head On,3,Clear,Dry,Dark-Lighted
2022-10-08T09:54:00.000,I-75,I-75 and Forrest Hills Dr,,Rear End,2,Clear,Dry,Daylight
2021-11-24T07:53:00.000,I-75,I-75 and Forest Pkwy,,Rear End,2,Clear,Dry,Daylight
2023-11-22T06:00:00.000,I-75,I-75 and Fair Dr Sw,,Rear End,3,Cloudy,Dry,Daylight
2023-02-25T09:08:00.000,I-75,I-75 and Fair Dr Sw,,Sideswipe-Same Direction,2,Cloudy,Dry,Daylight
2022-04-06T16:30:00.000,I-75,I-75 and Fair Dr Sw,,Rear End,2,Rain,Wet,Daylight
2022-08-14T07:55:00.000,I-75,I-75 and Fair Dr Sw,,Sideswipe-Same Direction,2,Clear,Dry,Daylight
2024-12-18T19:30:00.000,I-75,I-75 and Fair Dr Sw,,Sideswipe-Same Direction,2,Clear,Dry,Dark-Lighted
2024-09-25T23:30:00.000,I-75,I-75 and Fair Dr Sw,,Rear End,3,Rain,Water (standing or moving),Dark-Lighted
2024-09-16T00:30:00.000,I-75,I-75 and Fair Dr Sw,,Head On,2,Clear,Dry,Dark-Lighted
2023-03-06T21:40:00.000,I-75,I-75 and Fair Dr Sw,,Rear End,2,Clear,Dry,Dark-Lighted
2024-10-09T10:00:00.000,I-75,I-75 and Fair Dr Sw,,Sideswipe-Same Direction,2,Clear,Dry,Daylight
2024-07-03T09:35:00.000,I-75,I-75 and Fair Dr Sw,,Sideswipe-Same Direction,2,Cloudy,Dry,Daylight
2024-09-25T08:25:00.000,I-75,I-75 and Fair Dr Sw,,Sideswipe-Same Direction,2,Clear,Dry,Daylight
2024-09-02T05:00:00.000,I-75,I-75 and Fair Dr Sw,,Sideswipe-Same Direction,2,Clear,Dry,Dark-Lighted
2024-08-22T05:20:00.000,I-75,I-75 and Fair Dr Sw,,Sideswipe-Same Direction,2,Clear,Dry,Dark-Lighted
2024-12-29T03:40:00.000,I-75,I-75 and Fair Dr Sw,,Not a Collision with Motor Vehicle,1,Rain,Water (standing or moving),Dark-Lighted
2024-11-23T10:01:00.000,I-75,I-75 and Fair Dr Sw,,Rear End,4,Clear,Dry,Daylight
2024-05-19T00:20:00.000,I-75,I-75 and Fair Dr Sw,,Sideswipe-Same Direction,2,Clear,Dry,Dark-Not Lighted
2024-03-27T05:21:00.000,I-75,I-75 and Fair Dr Sw,,Rear End,3,Cloudy,Dry,Daylight
2021-12-19T00:30:00.000,I-75,I-75 and Fair Dr,,Sideswipe-Same Direction,2,Rain,Wet,Dark-Lighted
2021-10-29T23:30:00.000,I-75,I-75 and Fair Dr,,Rear End,2,Rain,Wet,Dark-Lighted
2024-10-05T23:21:00.000,I-75,I-75 and Exit 85,,Rear End,2,Clear,Dry,Dark-Lighted
2023-04-12T06:30:00.000,I-75,I-75 and Exit 84,,Sideswipe-Same Direction,2,Clear,Dry,Dawn
2022-04-13T03:07:00.000,I-75,I-75 and Exit 350,,Not a Collision with Motor Vehicle,1,Cloudy,Dry,Dark-Not Lighted
2024-11-27T18:10:00.000,I-75,I-75 and Exit 350,,Rear End,2,Clear,Dry,Dark-Not Lighted
2024-12-15T20:09:00.000,I-75,I-75 and Exit 350,,Sideswipe-Same Direction,2,Rain,Wet,Dark-Not Lighted
2021-12-29T15:11:00.000,I-75,I-75 and Exit 348,,Rear End,2,Cloudy,Wet,Daylight
2023-12-07T08:30:00.000,I-75,I-75 and Exit 348,,Sideswipe-Same Direction,2,Clear,Dry,Daylight
2023-05-08T14:32:00.000,I-75,I-75 and Exit 348,,Rear End,2,Clear,Dry,Daylight
2023-02-04T13:32:00.000,I-75,I-75 and Exit 348,,Sideswipe-Same Direction,2,Clear,Dry,Daylight
2022-11-28T00:25:00.000,I-75,I-75 and Exit 348,,Not a Collision with Motor Vehicle,1,Clear,Dry,Dark-Not Lighted
2022-08-06T21:27:00.000,I-75,I-75 and Exit 348,,Rear End,2,Clear,Dry,Dark-Lighted
2022-02-02T03:08:00.000,I-75,I-75 and Exit 348,,Not a Collision with Motor Vehicle,1,Clear,Dry,Dark-Not Lighted
2022-10-26T05:19:00.000,I-75,I-75 and Exit 348,,Sideswipe-Same Direction,2,Cloudy,Dry,Dark-Lighted
2022-01-11T12:44:00.000,I-75,I-75 and Exit 348,,Sideswipe-Same Direction,2,Clear,Dry,Daylight
2023-08-19T22:30:00.000,I-75,I-75 and Exit 348,,Not a Collision with Motor Vehicle,1,Clear,Dry,Dark-Not Lighted
2024-04-30T20:18:00.000,I-75,I-75 and Exit 348,,Sideswipe-Same Direction,2,Clear,Dry,Daylight
2024-11-12T19:22:00.000,I-75,I-75 and Exit 348,,Head On,2,Clear,Dry,Dark-Lighted
2024-06-24T09:49:00.000,I-75,I-75 and Exit 348,,Not a Collision with Motor Vehicle,1,Clear,Dry,Daylight
2024-12-30T08:18:00.000,I-75,I-75 and Exit 348,,Rear End,3,Clear,Dry,Dawn
2024-03-01T14:09:00.000,I-75,I-75 and Exit 348,,Rear End,3,Clear,Wet,Daylight
2023-09-29T07:05:00.000,I-75,I-75 and Exit 348,,Rear End,2,Clear,Dry,Daylight
2024-12-01T18:27:00.000,I-75,I-75 and Exit 348,,Rear End,2,Clear,Dry,Dark-Not Lighted
2024-02-13T20:29:00.000,I-75,I-75 and Exit 348,,Sideswipe-Same Direction,2,Cloudy,Dry,Dark-Not Lighted
2024-12-01T18:47:00.000,I-75,I-75 and Exit 348,,Rear End,2,Clear,Dry,Dark-Lighted
2023-09-29T15:10:00.000,I-75,I-75 and Exit 336,,Rear End,2,Clear,Dry,Daylight
2024-10-17T13:40:00.000,I-75,I-75 and Exit 336,,Not a Collision with Motor Vehicle,2,Clear,Dry,Daylight
2024-06-26T17:21:00.000,I-75,I-75 and Exit 336,,Sideswipe-Same Direction,2,Clear,Dry,Daylight
2023-02-13T15:58:00.000,I-75,I-75 and Exit 336,,Sideswipe-Same Direction,2,Clear,Dry,Daylight
2023-08-10T05:29:00.000,I-75,I-75 and Exit 336,,Not a Collision with Motor Vehicle,1,Severe Thunderstorm or Tornadic,Wet,Dark-Lighted
2024-12-21T18:09:00.000,I-75,I-75 and Exit 336,,Sideswipe-Same Direction,2,Clear,Dry,Dark-Not Lighted
2024-12-21T17:43:00.000,I-75,I-75 and Exit 336,,Rear End,2,Clear,Dry,Dark-Lighted
2022-07-27T21:29:00.000,I-75,I-75 and Exit 333,,Rear End,2,Clear,Dry,Dark-Not Lighted
2022-11-03T06:28:00.000,I-75,I-75 and Exit 333,,Sideswipe-Same Direction,2,Clear,Dry,Dark-Not Lighted
2023-11-08T17:56:00.000,I-75,I-75 and Exit 256,,Rear End,2,Clear,Dry,Daylight
2023-06-25T09:08:00.000,I-75,I-75 and Exit 256,,Angle Crash,2,Clear,Dry,Daylight
2023-06-03T04:10:00.000,I-75,I-75 and Exit 256,,Rear End,2,Clear,Dry,Dark-Not Lighted
2023-08-06T14:30:00.000,I-75,I-75 and Exit 256,,Sideswipe-Same Direction,2,Rain,Water (standing or moving),Daylight
2022-10-16T12:16:00.000,I-75,I-75 and Exit 256,,Rear End,2,Clear,Dry,Daylight
2022-01-19T09:00:00.000,I-75,I-75 and Exit 256,,Rear End,2,Clear,Dry,Daylight
2021-11-19T23:58:00.000,I-75,I-75 and Exit 256,,Sideswipe-Same Direction,2,Clear,Dry,Dark-Lighted
2022-10-19T08:50:00.000,I-75,I-75 and Exit 256,,Rear End,3,Clear,Dry,Daylight
2022-07-06T16:00:00.000,I-75,I-75 and Exit 256,,Sideswipe-Same Direction,2,Clear,Dry,Daylight
2022-07-20T10:15:00.000,I-75,I-75 and Exit 256,,Rear End,2,Clear,Dry,Daylight
2022-10-19T17:00:00.000,I-75,I-75 and Exit 256,,Rear End,2,Clear,Dry,Daylight
2022-10-01T11:31:00.000,I-75,I-75 and Exit 256,,Rear End,3,Clear,Dry,Daylight
2022-11-13T08:00:00.000,I-75,I-75 and Exit 256,,Not a Collision with Motor Vehicle,1,Clear,Dry,Daylight
2022-09-08T21:30:00.000,I-75,I-75 and Exit 256,,Rear End,2,Clear,Dry,Dark-Not Lighted
2024-04-18T03:45:00.000,I-75,I-75 and Exit 256,,Sideswipe-Same Direction,6,Clear,Dry,Dark-Not Lighted
2023-09-02T21:30:00.000,I-75,I-75 and Exit 256,,Sideswipe-Same Direction,2,Clear,Dry,Dark-Lighted
2023-01-02T20:15:00.000,I-75,I-75 and Exit 256,,Angle Crash,2,Clear,Dry,Dark-Lighted
2023-08-25T23:45:00.000,I-75,I-75 and Exit 256,,Sideswipe-Same Direction,2,Clear,Dry,Dark-Lighted
2023-10-04T16:27:00.000,I-75,I-75 and Exit 256,,Rear End,5,Clear,Dry,Daylight
2024-03-28T14:30:00.000,I-75,I-75 and Exit 256,,Angle Crash,2,Clear,Dry,Daylight
2024-10-09T16:58:00.000,I-75,I-75 and Exit 256,,Rear End,2,Clear,Dry,Daylight
2024-10-21T10:21:00.000,I-75,I-75 and Exit 256,,Rear End,2,Clear,Dry,Dark-Not Lighted
2024-05-22T17:00:00.000,I-75,I-75 and Exit 256,,Angle Crash,2,Clear,Dry,Daylight
2021-10-23T14:00:00.000,I-75,I-75 and Exit 255,,Rear End,2,Clear,Dry,Daylight
2021-11-03T00:39:00.000,I-75,I-75 and Exit 255,,Not a Collision with Motor Vehicle,3,Clear,Dry,Dark-Not Lighted
2023-10-08T06:30:00.000,I-75,I-75 and Exit 255,,Rear End,2,Clear,Dry,Dark-Lighted
2022-12-17T21:06:00.000,I-75,I-75 and Exit 255,,Sideswipe-Same Direction,2,Clear,Dry,Dark-Lighted
2022-12-18T12:15:00.000,I-75,I-75 and Exit 255,,Rear End,2,Clear,Dry,Daylight
2022-08-15T18:00:00.000,I-75,I-75 and Exit 255,,Rear End,2,Clear,Dry,Daylight
2022-12-18T21:30:00.000,I-75,I-75 and Exit 255,,Rear End,3,Clear,Dry,Dark-Lighted
2024-07-13T11:45:00.000,I-75,I-75 and Exit 255,,Rear End,2,Clear,Dry,Daylight
2024-03-27T12:00:00.000,I-75,I-75 and Exit 255,,Sideswipe-Same Direction,2,Clear,Dry,Daylight
2023-12-17T05:38:00.000,I-75,I-75 and Exit 255,,Sideswipe-Same Direction,2,Clear,Dry,Dark-Lighted
2024-08-24T01:00:00.000,I-75,I-75 and Exit 255,,Sideswipe-Same Direction,2,Clear,Dry,Dark-Lighted
2024-06-29T21:00:00.000,I-75,I-75 and Exit 255,,Rear End,2,Clear,Dry,Daylight
2024-12-25T12:26:00.000,I-75,I-75 and Exit 255,,Sideswipe-Same Direction,2,Clear,Dry,Daylight
2024-08-26T22:00:00.000,I-75,I-75 and Exit 255,,Sideswipe-Same Direction,2,Clear,Dry,Dark-Lighted
2024-07-29T01:00:00.000,I-75,I-75 and Exit 255,,Sideswipe-Same Direction,2,Clear,Water (standing or moving),Dark-Lighted
2024-11-30T22:33:00.000,I-75,I-75 and Exit 255,,Angle Crash,2,Clear,Dry,Dark-Lighted
2023-01-14T23:30:00.000,I-75,I-75 and Exit 254,,Not a Collision with Motor Vehicle,1,Clear,Dry,Dark-Lighted
2022-11-06T20:00:00.000,I-75,I-75 and Exit 254,,Rear End,2,Clear,Dry,Daylight
2022-06-15T07:00:00.000,I-75,I-75 and Exit 254,,Sideswipe-Same Direction,2,Clear,Dry,Daylight
2024-05-27T04:31:00.000,I-75,I-75 and Exit 254,,Sideswipe-Same Direction,2,Clear,Dry,Dark-Lighted
2024-06-27T15:39:00.000,I-75,I-75 and Exit 254,,Sideswipe-Same Direction,2,Clear,Dry,Daylight
2024-11-28T00:30:00.000,I-75,I-75 and Exit 254,,Sideswipe-Same Direction,2,Rain,Water (standing or moving),Dark-Not Lighted
2024-10-16T16:08:00.000,I-75,I-75 and Exit 254,,Rear End,2,Clear,Dry,Daylight
2024-10-19T10:30:00.000,I-75,I-75 and Exit 254,,Rear End,2,Clear,Dry,Dark-Lighted
2024-11-20T23:00:00.000,I-75,I-75 and Exit 254,,Rear End,2,Clear,Dry,Dark-Lighted
2024-09-07T09:58:00.000,I-75,I-75 and Exit 254,,Sideswipe-Same Direction,2,Clear,Dry,Daylight
2024-05-15T18:00:00.000,I-75,I-75 and Exit 254,,Rear End,2,Clear,Dry,Daylight
2023-03-03T19:35:00.000,I-75,I-75 and Exit 252B,,Angle Crash,3,Cloudy,Dry,Daylight
2023-01-28T18:47:00.000,I-75,I-75 and Exit 252B,,Rear End,3,Clear,Dry,Dark-Lighted
2023-01-18T09:50:00.000,I-75,I-75 and Exit 252B,,Rear End,2,Rain,Water (standing or moving),Daylight
2023-06-21T15:00:00.000,I-75,I-75 and Exit 252B,,Angle Crash,2,Rain,Wet,Daylight
2023-01-14T20:50:00.000,I-75,I-75 and Exit 252B,,Sideswipe-Same Direction,2,Clear,Dry,Dark-Lighted
2023-12-13T21:01:00.000,I-75,I-75 and Exit 252B,,Rear End,2,Clear,Dry,Dark-Not Lighted
2023-02-22T13:40:00.000,I-75,I-75 and Exit 252B,,Rear End,2,Clear,Dry,Daylight
2022-08-07T18:00:00.000,I-75,I-75 and Exit 252B,,Sideswipe-Same Direction,2,Clear,Dry,Daylight
2022-04-06T12:30:00.000,I-75,I-75 and Exit 252B,,Sideswipe-Same Direction,2,Clear,Dry,Daylight
2022-03-16T19:30:00.000,I-75,I-75 and Exit 252B,,Rear End,2,Rain,Water (standing or moving),Daylight
2022-06-01T17:47:00.000,I-75,I-75 and Exit 252B,,Sideswipe-Same Direction,2,Clear,Dry,Daylight
2022-11-05T18:03:00.000,I-75,I-75 and Exit 252B,,Rear End,2,Clear,Wet,Dusk
2022-09-04T19:00:00.000,I-75,I-75 and Exit 252B,,Not a Collision with Motor Vehicle,1,Rain,Water (standing or moving),Daylight
2022-11-13T16:10:00.000,I-75,I-75 and Exit 252B,,Head On,2,Clear,Dry,Daylight
2022-02-13T00:23:00.000,I-75,I-75 and Exit 252B,,Sideswipe-Same Direction,2,Clear,Dry,Dark-Lighted
2022-08-02T21:30:00.000,I-75,I-75 and Exit 252B,,Rear End,2,Clear,Dry,Dark-Lighted
2022-08-31T19:05:00.000,I-75,I-75 and Exit 252B,,Rear End,2,Clear,Dry,Daylight
2023-02-08T12:30:00.000,I-75,I-75 and Exit 252B,,Sideswipe-Same Direction,2,Cloudy,Dry,Daylight
2024-01-07T01:19:00.000,I-75,I-75 and Exit 252B,,Sideswipe-Same Direction,2,Clear,Dry,Dark-Lighted
2024-11-27T18:00:00.000,I-75,I-75 and Exit 252B,,Sideswipe-Same Direction,2,Clear,Dry,Dark-Lighted
2023-08-28T02:51:00.000,I-75,I-75 and Exit 252B,,Not a Collision with Motor Vehicle,1,Rain,Wet,Dark-Lighted
2023-09-12T18:30:00.000,I-75,I-75 and Exit 252B,,Rear End,2,Cloudy,Dry,Daylight
2023-10-20T20:30:00.000,I-75,I-75 and Exit 252B,,Rear End,2,Clear,Dry,Dark-Lighted
2023-11-04T14:52:00.000,I-75,I-75 and Exit 252B,,Angle Crash,5,Clear,Dry,Daylight
2024-12-14T09:10:00.000,I-75,I-75 and Exit 252B,,Angle Crash,2,Clear,Dry,Daylight
2024-11-27T15:16:00.000,I-75,I-75 and Exit 252B,,Rear End,3,Clear,Dry,Daylight
2024-12-11T18:00:00.000,I-75,I-75 and Exit 252B,,Rear End,3,Clear,Dry,Dark-Lighted
2024-07-26T11:56:00.000,I-75,I-75 and Exit 252B,,Rear End,2,Clear,Dry,Daylight
2024-12-14T22:30:00.000,I-75,I-75 and Exit 252B,,Sideswipe-Same Direction,2,Clear,Dry,Dark-Lighted
2022-06-06T23:30:00.000,I-75,I-75 and Exit 252A,,Sideswipe-Same Direction,2,Clear,Dry,Dark-Lighted
2022-06-19T16:00:00.000,I-75,I-75 and Exit 252A,,Sideswipe-Same Direction,2,Clear,Dry,Daylight
2024-10-04T20:01:00.000,I-75,I-75 and Exit 252A,,Rear End,2,Clear,Dry,Dark-Not Lighted
2024-06-08T19:30:00.000,I-75,I-75 and Exit 252A,,Rear End,2,Clear,Dry,Dark-Lighted
2024-06-25T17:26:00.000,I-75,I-75 and Exit 252A,,Rear End,2,Clear,Dry,Daylight
2024-12-10T01:10:00.000,I-75,I-75 and Exit 252A,,Sideswipe-Same Direction,2,Cloudy,Wet,Dark-Not Lighted
2024-11-14T01:07:00.000,I-75,I-75 and Exit 252A,,Rear End,2,Clear,Dry,Daylight
2024-11-02T19:26:00.000,I-75,I-75 and Exit 252A,,Rear End,3,Clear,Dry,Daylight
2024-06-22T16:56:00.000,I-75,I-75 and Exit 252A,,Rear End,4,Clear,Dry,Daylight
2023-01-15T02:25:00.000,I-75,I-75 and Exit 252,,Not a Collision with Motor Vehicle,2,Clear,Dry,Dark-Not Lighted
2024-10-02T16:21:00.000,I-75,I-75 and Exit 252,,Rear End,2,Clear,Dry,Daylight
2024-04-14T17:30:00.000,I-75,I-75 and Exit 252,,Rear End,2,Clear,Dry,Daylight
2024-11-27T21:24:00.000,I-75,I-75 and Exit 252,,Sideswipe-Same Direction,2,Clear,Dry,Dark-Lighted
2023-01-04T05:05:00.000,I-75,I-75 and Exit 252,,Not a Collision with Motor Vehicle,1,Rain,Wet,Dark-Lighted
2024-12-18T16:29:00.000,I-75,I-75 and Exit 252,,Rear End,2,Clear,Dry,Daylight
2024-04-19T17:00:00.000,I-75,I-75 and Exit 252,,Rear End,2,Clear,Dry,Daylight
2024-08-16T22:25:00.000,I-75,I-75 and Exit 252,,Rear End,2,Clear,Water (standing or moving),Dark-Not Lighted
2021-12-21T19:10:00.000,I-75,I-75 and Exit 251A,,Rear End,2,Cloudy,Water (standing or moving),Dark-Lighted
2021-12-19T19:10:00.000,I-75,I-75 and Exit 251A,,Angle Crash,2,Clear,Dry,Dark-Lighted
2023-08-27T08:30:00.000,I-75,I-75 and Exit 251A,,Sideswipe-Same Direction,2,Clear,Dry,Daylight
2023-12-02T17:48:00.000,I-75,I-75 and Exit 251A,,Rear End,2,Clear,Dry,Dark-Not Lighted
2023-12-16T00:16:00.000,I-75,I-75 and Exit 251A,,Sideswipe-Same Direction,2,Clear,Dry,Dark-Not Lighted
2021-10-30T18:25:00.000,I-75,I-75 and Exit 251A,,Rear End,3,Rain,Water (standing or moving),Dark-Lighted