Date and Time,Roadway (From Crash Report),Intersection Name (from Crash Report),KABCO Severity,Manner of Collision (Crash Level) ,# of Vehicles per crash ,Weather Conditions (Crash Level),Surface Condition (Crash Level) ,Light Conditions (Crash Level)
2021-11-17T18:07:00.000,I-75,I-75 and Exit 251A,,Rear End,2,Clear,Dry,Dark-Lighted
2022-01-09T14:00:00.000,I-75,I-75 and Exit 251A,,Sideswipe-Same Direction,2,Cloudy,Dry,Daylight
2022-04-20T17:51:00.000,I-75,I-75 and Exit 251A,,Rear End,4,Clear,Dry,Daylight
2022-09-29T20:20:00.000,I-75,I-75 and Exit 251A,,Rear End,3,Clear,Dry,Dark-Lighted
2022-09-23T13:43:00.000,I-75,I-75 and Exit 251A,,Angle Crash,2,Clear,Dry,Daylight
2022-06-12T10:37:00.000,I-75,I-75 and Exit 251A,,Angle Crash,2,Clear,Dry,Daylight
2022-01-23T17:00:00.000,I-75,I-75 and Exit 251A,,Rear End,2,Clear,Dry,Daylight
2022-10-04T21:15:00.000,I-75,I-75 and Exit 251A,,Rear End,2,Clear,Dry,Dark-Lighted
2022-06-08T13:20:00.000,I-75,I-75 and Exit 251A,,Sideswipe-Same Direction,2,Clear,Dry,Daylight
2022-10-05T00:00:00.000,I-75,I-75 and Exit 251A,,Head On,2,Clear,Dry,Dark-Lighted
2022-01-09T20:41:00.000,I-75,I-75 and Exit 251A,,Rear End,2,Rain,Wet,Dark-Not Lighted
2022-10-04T23:00:00.000,I-75,I-75 and Exit 251A,,Head On,2,Clear,Dry,Dark-Lighted
2022-01-30T17:00:00.000,I-75,I-75 and Exit 251A,,Rear End,3,Clear,Dry,Daylight
2022-08-24T20:05:00.000,I-75,I-75 and Exit 251A,,Angle Crash,3,Clear,Dry,Dark-Lighted
2024-11-16T01:48:00.000,I-75,I-75 and Exit 251A,,Angle Crash,2,Clear,Dry,Dark-Lighted
2024-06-18T22:52:00.000,I-75,I-75 and Exit 251A,,Head On,2,Clear,Dry,Dark-Lighted
2024-06-14T22:04:00.000,I-75,I-75 and Exit 251A,,Sideswipe-Same Direction,2,Clear,Dry,Dark-Lighted
2024-10-04T23:47:00.000,I-75,I-75 and Exit 251A,,Rear End,3,Clear,Dry,Dark-Lighted
2024-04-17T22:00:00.000,I-75,I-75 and Exit 251A,,Sideswipe-Same Direction,2,Clear,Dry,Dark-Lighted
2024-12-28T21:30:00.000,I-75,I-75 and Exit 251A,,Rear End,2,Clear,Wet,Dark-Lighted
2024-07-20T11:00:00.000,I-75,I-75 and Exit 251A,,Rear End,2,Cloudy,Water (standing or moving),Daylight
2024-06-25T19:57:00.000,I-75,I-75 and Exit 251A,,Rear End,2,Clear,Dry,Daylight
2023-03-11T14:00:00.000,I-75,I-75 and Exit 251A,,Rear End,2,Cloudy,Dry,Daylight
2023-05-06T12:40:00.000,I-75,I-75 and Exit 251A,,Rear End,4,Clear,Dry,Daylight
2023-08-23T14:13:00.000,I-75,I-75 and Exit 251A,,Rear End,2,Clear,Dry,Daylight
2023-06-17T10:31:00.000,I-75,I-75 and Exit 251A,,Rear End,2,Clear,Dry,Daylight
2024-04-13T23:50:00.000,I-75,I-75 and Exit 251A,,Angle Crash,3,Cloudy,Dry,Dark-Lighted
2024-12-11T15:31:00.000,I-75,I-75 and Exit 251A,,Rear End,2,Clear,Dry,Daylight
2024-05-03T18:00:00.000,I-75,I-75 and Exit 251A,,Not a Collision with Motor Vehicle,1,Clear,Dry,Daylight
2024-01-24T09:12:00.000,I-75,I-75 and Exit 251A,,Sideswipe-Same Direction,2,Rain,Wet,Dark-Lighted
2024-10-02T17:10:00.000,I-75,I-75 and Exit 251A,,Rear End,2,Clear,Dry,Daylight
2024-07-26T22:10:00.000,I-75,I-75 and Exit 251A,,Rear End,2,Cloudy,Dry,Dark-Lighted
2024-04-26T23:55:00.000,I-75,I-75 and Exit 251A,,Rear End,3,Clear,Dry,Dark-Not Lighted
2024-08-29T21:45:00.000,I-75,I-75 and Exit 251A,,Sideswipe-Same Direction,2,Clear,Dry,Dark-Lighted
2024-01-01T05:00:00.000,I-75,I-75 and Exit 251A,,Rear End,2,Clear,Dry,Dark-Lighted
2021-11-03T12:00:00.000,I-75,I-75 and Exit 251,,Not a Collision with Motor Vehicle,1,Clear,Dry,Daylight
2021-11-22T02:15:00.000,I-75,I-75 and Exit 251,,Angle Crash,2,Rain,Water (standing or moving),Dark-Lighted
2022-11-02T02:32:00.000,I-75,I-75 and Exit 251,,Sideswipe-Same Direction,2,Clear,Dry,Dark-Lighted
2022-03-17T21:50:00.000,I-75,I-75 and Exit 251,,Angle Crash,2,Clear,Dry,Dark-Lighted
2022-10-03T23:45:00.000,I-75,I-75 and Exit 251,,Sideswipe-Same Direction,2,Clear,Dry,Dark-Lighted
2022-12-04T19:30:00.000,I-75,I-75 and Exit 251,,Angle Crash,2,Clear,Dry,Dark-Lighted
2022-01-13T20:03:00.000,I-75,I-75 and Exit 251,,Sideswipe-Same Direction,2,Clear,Dry,Dark-Lighted
2024-07-12T23:00:00.000,I-75,I-75 and Exit 251,,Sideswipe-Same Direction,2,Clear,Dry,Dark-Lighted
2024-07-31T15:30:00.000,I-75,I-75 and Exit 251,,Sideswipe-Same Direction,2,Clear,Dry,Daylight
2024-05-29T18:00:00.000,I-75,I-75 and Exit 251,,Sideswipe-Opposite Direction,3,Clear,Dry,Daylight
2023-03-25T15:30:00.000,I-75,I-75 and Exit 251,,Sideswipe-Same Direction,3,Clear,Dry,Daylight
2024-08-18T07:30:00.000,I-75,I-75 and Exit 251,,Head On,2,Cloudy,Wet,Daylight
2024-06-25T10:00:00.000,I-75,I-75 and Exit 251,,Sideswipe-Same Direction,2,Clear,Dry,Daylight
2024-03-30T08:00:00.000,I-75,I-75 and Exit 251,,Sideswipe-Same Direction,2,Clear,Dry,Dark-Lighted
2024-09-15T22:00:00.000,I-75,I-75 and Exit 251,,Rear End,3,Rain,Wet,Dark-Not Lighted
2024-07-30T00:09:00.000,I-75,I-75 and Exit 251,,Sideswipe-Same Direction,2,Cloudy,Water (standing or moving),Dark-Lighted
2024-10-30T18:36:00.000,I-75,I-75 and Exit 251,,Rear End,2,Clear,Dry,Dark-Lighted
2024-04-02T06:00:00.000,I-75,I-75 and Exit 250 10Th 14Th 16Th St Nw,,Sideswipe-Same Direction,2,Clear,Dry,Daylight
2023-12-09T06:10:00.000,I-75,I-75 and Exit 250,,Sideswipe-Same Direction,2,Rain,Wet,Dark-Lighted
2023-05-22T21:30:00.000,I-75,I-75 and Exit 250,,Angle Crash,3,Rain,Wet,Dark-Lighted
2021-07-10T13:36:00.000,I-75,I-75 and Exit 250,,Rear End,2,Rain,Water (standing or moving),Daylight
2022-01-30T20:20:00.000,I-75,I-75 and Exit 250,,Angle Crash,2,Clear,Dry,Dark-Lighted
2022-12-10T14:54:00.000,I-75,I-75 and Exit 250,,Rear End,3,Cloudy,Dry,Daylight
2022-07-29T23:55:00.000,I-75,I-75 and Exit 250,,Sideswipe-Same Direction,2,Clear,Dry,Dark-Lighted
2022-05-15T08:00:00.000,I-75,I-75 and Exit 250,,Sideswipe-Same Direction,2,Clear,Dry,Daylight
2022-08-13T07:55:00.000,I-75,I-75 and Exit 250,,Rear End,2,Clear,Dry,Daylight
2022-12-07T18:35:00.000,I-75,I-75 and Exit 250,,Rear End,3,Clear,Dry,Dark-Lighted
2024-10-04T21:04:00.000,I-75,I-75 and Exit 250,,Sideswipe-Same Direction,2,Clear,Dry,Dark-Lighted
2024-06-28T05:00:00.000,I-75,I-75 and Exit 250,,Sideswipe-Same Direction,3,Clear,Dry,Dark-Lighted
2024-11-18T20:30:00.000,I-75,I-75 and Exit 250,,Sideswipe-Same Direction,2,Clear,Dry,Daylight
2024-07-13T22:00:00.000,I-75,I-75 and Exit 250,,Rear End,2,Clear,Dry,Dark-Lighted
2024-12-04T16:00:00.000,I-75,I-75 and Exit 250,,Rear End,2,Clear,Dry,Daylight
2024-03-29T17:49:00.000,I-75,I-75 and Exit 250,,Sideswipe-Same Direction,2,Clear,Dry,Daylight
2024-12-08T14:40:00.000,I-75,I-75 and Exit 250,,Sideswipe-Same Direction,2,Clear,Dry,Daylight
2024-12-22T11:36:00.000,I-75,I-75 and Exit 250,,Angle Crash,3,Clear,Dry,Daylight
2024-07-13T17:27:00.000,I-75,I-75 and Exit 250,,Sideswipe-Same Direction,2,Clear,Dry,Daylight
2023-11-04T17:00:00.000,I-75,I-75 and Exit 250,,Rear End,2,Clear,Dry,Dark-Lighted
2023-12-20T15:18:00.000,I-75,I-75 and Exit 250,,Rear End,2,Clear,Dry,Dark-Not Lighted
2024-09-14T23:21:00.000,I-75,I-75 and Exit 250,,Rear End,2,Rain,Water (standing or moving),Dark-Lighted
2024-07-08T16:42:00.000,I-75,I-75 and Exit 250,,Sideswipe-Same Direction,2,Clear,Dry,Daylight
2023-07-26T20:16:00.000,I-75,I-75 and Exit 250,,Angle Crash,2,Clear,Dry,Dawn
2023-01-25T16:12:00.000,I-75,I-75 and Exit 250,,Rear End,3,Cloudy,Dry,Dusk
2023-11-28T16:35:00.000,I-75,I-75 and Exit 250,,Rear End,3,Clear,Dry,Daylight
2023-03-05T01:15:00.000,I-75,I-75 and Exit 250,,Not a Collision with Motor Vehicle,1,Clear,Dry,Dark-Not Lighted
2023-06-10T23:00:00.000,I-75,I-75 and Exit 250,,Rear End,3,Clear,Dry,Dark-Lighted
2023-05-10T14:56:00.000,I-75,I-75 and Exit 250,,Sideswipe-Same Direction,2,Clear,Dry,Daylight
2024-06-02T19:30:00.000,I-75,I-75 and Exit 250,,Sideswipe-Same Direction,2,Rain,Water (standing or moving),Dark-Lighted
2024-10-12T15:42:00.000,I-75,I-75 and Exit 250,,Sideswipe-Same Direction,2,Clear,Dry,Daylight
2024-12-08T01:45:00.000,I-75,I-75 and Exit 250,,Rear End,3,Clear,Dry,Dark-Lighted
2024-12-10T23:15:00.000,I-75,I-75 and Exit 250,,Angle Crash,2,Rain,Water (standing or moving),Dark-Lighted
2024-09-14T21:10:00.000,I-75,I-75 and Exit 250,,Rear End,3,Rain,Wet,Dark-Lighted
2024-10-08T21:20:00.000,I-75,I-75 and Exit 250,,Rear End,2,Cloudy,Dry,Dark-Lighted
2024-05-08T17:00:00.000,I-75,I-75 and Exit 250,,Rear End,2,Clear,Dry,Daylight
2024-07-26T21:25:00.000,I-75,I-75 and Exit 250,,Rear End,2,Clear,Dry,Dark-Lighted
2024-11-01T18:48:00.000,I-75,I-75 and Exit 250,,Rear End,2,Clear,Dry,Daylight
2024-09-07T01:00:00.000,I-75,I-75 and Exit 250,,Sideswipe-Same Direction,2,Cloudy,Dry,Dark-Lighted
2024-08-10T23:40:00.000,I-75,I-75 and Exit 250,,Rear End,2,Cloudy,Dry,Dark-Lighted
2024-08-11T18:52:00.000,I-75,I-75 and Exit 250,,Rear End,2,Clear,Dry,Daylight
2024-04-07T01:15:00.000,I-75,I-75 and Exit 250,,Rear End,2,Clear,Water (standing or moving),Dark-Lighted
2024-04-26T23:11:00.000,I-75,I-75 and Exit 250,,Rear End,3,Cloudy,Dry,Dark-Lighted
2024-10-25T21:00:00.000,I-75,I-75 and Exit 250,,Rear End,2,Cloudy,Dry,Dark-Lighted
2024-11-16T13:30:00.000,I-75,I-75 and Exit 250,,Rear End,3,Clear,Dry,Daylight
2024-08-02T15:46:00.000,I-75,I-75 and Exit 250,,Sideswipe-Same Direction,2,Clear,Dry,Daylight
2024-09-14T21:52:00.000,I-75,I-75 and Exit 250,,Rear End,2,Rain,Water (standing or moving),Dark-Lighted
2024-11-15T22:00:00.000,I-75,I-75 and Exit 250,,Rear End,2,Cloudy,Dry,Dark-Lighted
2024-11-03T11:36:00.000,I-75,I-75 and Exit 250,,Rear End,2,Cloudy,Wet,Daylight
2024-12-11T18:44:00.000,I-75,I-75 and Exit 250,,Sideswipe-Same Direction,2,Clear,Dry,Dark-Lighted
2024-08-31T23:20:00.000,I-75,I-75 and Exit 250,,Rear End,2,Cloudy,Dry,Dark-Lighted
2024-06-29T15:40:00.000,I-75,I-75 and Exit 250,,Rear End,2,Clear,Dry,Daylight
2024-09-06T23:07:00.000,I-75,I-75 and Exit 250,,Not a Collision with Motor Vehicle,1,Cloudy,Dry,Dark-Lighted
2024-09-14T23:00:00.000,I-75,I-75 and Exit 250,,Not a Collision with Motor Vehicle,2,Rain,Wet,Dark-Lighted
2024-10-02T16:29:00.000,I-75,I-75 and Exit 250,,Sideswipe-Same Direction,2,Clear,Dry,Daylight
2024-08-10T03:26:00.000,I-75,I-75 and Exit 250,,Angle Crash,2,Cloudy,Dry,Dark-Lighted
2024-06-02T12:25:00.000,I-75,I-75 and Exit 250,,Angle Crash,2,Cloudy,Dry,Daylight
2024-09-18T23:30:00.000,I-75,I-75 and Exit 250,,Angle Crash,2,Cloudy,Dry,Dark-Lighted
2021-11-19T19:00:00.000,I-75,I-75 and Exit 249D,,Rear End,3,Clear,Dry,Dark-Lighted
2021-11-07T02:00:00.000,I-75,I-75 and Exit 249D,,Rear End,2,Clear,Dry,Dark-Lighted
2021-12-18T00:40:00.000,I-75,I-75 and Exit 249D,,Sideswipe-Same Direction,2,Rain,Water (standing or moving),Dark-Lighted
2023-06-22T02:08:00.000,I-75,I-75 and Exit 249D,,Not a Collision with Motor Vehicle,1,Other,Water (standing or moving),Dark-Lighted
2023-03-12T01:40:00.000,I-75,I-75 and Exit 249D,,Rear End,2,Clear,Dry,Dark-Lighted
2023-08-07T01:30:00.000,I-75,I-75 and Exit 249D,,Rear End,4,Clear,Dry,Dark-Lighted
2023-08-03T15:02:00.000,I-75,I-75 and Exit 249D,,Rear End,2,Cloudy,Dry,Daylight
2023-07-22T02:53:00.000,I-75,I-75 and Exit 249D,,Rear End,2,Clear,Dry,Dark-Lighted
2023-01-20T19:35:00.000,I-75,I-75 and Exit 249D,,Rear End,3,Clear,Dry,Daylight
2023-07-29T22:40:00.000,I-75,I-75 and Exit 249D,,Rear End,2,Clear,Wet,Dark-Lighted
2023-02-14T16:00:00.000,I-75,I-75 and Exit 249D,,Rear End,2,Clear,Dry,Daylight
2021-10-23T03:45:00.000,I-75,I-75 and Exit 249D,,Not a Collision with Motor Vehicle,1,Clear,Dry,Dark-Lighted
2021-11-03T19:46:00.000,I-75,I-75 and Exit 249D,,Rear End,3,Clear,Dry,Dark-Lighted
2022-01-17T00:05:00.000,I-75,I-75 and Exit 249D,,Not a Collision with Motor Vehicle,1,Cloudy,Other,Dark-Lighted
2021-11-08T15:15:00.000,I-75,I-75 and Exit 249D,,Rear End,2,Clear,Dry,Daylight
2022-04-16T16:18:00.000,I-75,I-75 and Exit 249D,,Sideswipe-Same Direction,2,Cloudy,Dry,Daylight
2022-08-10T10:55:00.000,I-75,I-75 and Exit 249D,,Rear End,3,Cloudy,Dry,Daylight
2022-12-31T12:18:00.000,I-75,I-75 and Exit 249D,,Sideswipe-Same Direction,2,Rain,Wet,Daylight
2022-01-17T21:00:00.000,I-75,I-75 and Exit 249D,,Rear End,2,Clear,Dry,Dark-Lighted
2022-01-13T18:00:00.000,I-75,I-75 and Exit 249D,,Rear End,2,Clear,Dry,Dark-Lighted
2022-03-31T00:00:00.000,I-75,I-75 and Exit 249D,,Not a Collision with Motor Vehicle,2,Clear,Dry,Dark-Lighted
2022-03-05T12:49:00.000,I-75,I-75 and Exit 249D,,Sideswipe-Same Direction,2,Clear,Dry,Daylight
2022-04-16T04:01:00.000,I-75,I-75 and Exit 249D,,Sideswipe-Same Direction,2,Rain,Wet,Dark-Lighted
2022-10-19T17:25:00.000,I-75,I-75 and Exit 249D,,Sideswipe-Same Direction,2,Clear,Dry,Daylight
2022-09-08T18:49:00.000,I-75,I-75 and Exit 249D,,Sideswipe-Same Direction,2,Clear,Dry,Daylight
2022-11-13T01:00:00.000,I-75,I-75 and Exit 249D,,Sideswipe-Same Direction,2,Clear,Dry,Dark-Lighted
2022-07-10T03:10:00.000,I-75,I-75 and Exit 249D,,Sideswipe-Same Direction,2,Clear,Dry,Dark-Lighted
2022-01-09T14:54:00.000,I-75,I-75 and Exit 249D,,Rear End,2,Cloudy,Wet,Daylight
2022-05-11T18:20:00.000,I-75,I-75 and Exit 249D,,Rear End,3,Clear,Dry,Daylight
2022-09-25T20:11:00.000,I-75,I-75 and Exit 249D,,Rear End,2,Clear,Dry,Dark-Lighted
2022-01-10T00:50:00.000,I-75,I-75 and Exit 249D,,Rear End,2,Clear,Wet,Dark-Lighted
2022-10-05T14:17:00.000,I-75,I-75 and Exit 249D,,Sideswipe-Same Direction,2,Clear,Dry,Daylight
2022-08-07T00:00:00.000,I-75,I-75 and Exit 249D,,Angle Crash,3,Rain,Wet,Dark-Lighted
2022-10-07T21:45:00.000,I-75,I-75 and Exit 249D,,Rear End,2,Clear,Dry,Dark-Lighted
2022-11-05T11:08:00.000,I-75,I-75 and Exit 249D,,Rear End,3,Cloudy,Dry,Daylight
2022-08-09T14:58:00.000,I-75,I-75 and Exit 249D,,Sideswipe-Same Direction,2,Clear,Dry,Daylight
2022-09-29T20:02:00.000,I-75,I-75 and Exit 249D,,Rear End,2,Clear,Dry,Dark-Lighted
2022-04-06T18:45:00.000,I-75,I-75 and Exit 249D,,Rear End,2,Cloudy,Wet,Daylight
2022-01-08T12:30:00.000,I-75,I-75 and Exit 249D,,Rear End,2,Clear,Dry,Daylight
2022-05-25T18:00:00.000,I-75,I-75 and Exit 249D,,Rear End,2,Cloudy,Wet,Daylight
2022-12-15T22:20:00.000,I-75,I-75 and Exit 249D,,Sideswipe-Same Direction,2,Clear,Dry,Dark-Lighted
2023-03-17T20:51:00.000,I-75,I-75 and Exit 249D,,Sideswipe-Same Direction,2,Clear,Water (standing or moving),Dark-Lighted
2024-01-21T18:00:00.000,I-75,I-75 and Exit 249D,,Rear End,2,Clear,Dry,Dark-Lighted
2024-03-27T17:00:00.000,I-75,I-75 and Exit 249D,,Rear End,2,Clear,Dry,Daylight
2024-06-08T22:30:00.000,I-75,I-75 and Exit 249D,,Rear End,2,Cloudy,Dry,Dark-Lighted
2024-09-25T20:29:00.000,I-75,I-75 and Exit 249D,,Sideswipe-Same Direction,2,Rain,Wet,Dark-Lighted
2024-06-01T15:30:00.000,I-75,I-75 and Exit 249D,,Rear End,2,Clear,Dry,Daylight
2023-10-28T10:55:00.000,I-75,I-75 and Exit 249D,,Sideswipe-Same Direction,2,Clear,Dry,Daylight
2024-08-04T16:03:00.000,I-75,I-75 and Exit 249D,,Sideswipe-Same Direction,2,Clear,Wet,Daylight
2024-10-13T03:45:00.000,I-75,I-75 and Exit 249D,,Not a Collision with Motor Vehicle,1,Clear,Dry,Dark-Not Lighted
2023-10-12T05:18:00.000,I-75,I-75 and Exit 249D,,Rear End,2,Clear,Dry,Dark-Lighted
2023-04-15T00:15:00.000,I-75,I-75 and Exit 249D,,Angle Crash,2,Clear,Dry,Dark-Lighted
2023-01-03T04:40:00.000,I-75,I-75 and Exit 249D,,Not a Collision with Motor Vehicle,1,Clear,Wet,Dark-Lighted
2023-05-20T04:30:00.000,I-75,I-75 and Exit 249D,,Rear End,2,Clear,Dry,Dark-Lighted
2023-08-19T09:45:00.000,I-75,I-75 and Exit 249D,,Rear End,2,Clear,Dry,Daylight
2023-10-15T14:24:00.000,I-75,I-75 and Exit 249D,,Rear End,2,Clear,Dry,Daylight
2023-02-01T18:00:00.000,I-75,I-75 and Exit 249D,,Rear End,2,Clear,Dry,Daylight
2023-12-10T17:50:00.000,I-75,I-75 and Exit 249D,,Rear End,2,Rain,Wet,Daylight
2023-01-10T19:00:00.000,I-75,I-75 and Exit 249D,,Sideswipe-Same Direction,2,Clear,Dry,Dark-Not Lighted
2023-09-03T13:00:00.000,I-75,I-75 and Exit 249D,,Angle Crash,2,Clear,Dry,Daylight
2023-06-27T07:44:00.000,I-75,I-75 and Exit 249D,,Rear End,2,Clear,Dry,Daylight
2023-01-27T20:08:00.000,I-75,I-75 and Exit 249D,,Angle Crash,2,Clear,Dry,Dark-Lighted
2024-07-10T17:30:00.000,I-75,I-75 and Exit 249D,,Sideswipe-Same Direction,2,Clear,Dry,Daylight
2024-10-24T10:00:00.000,I-75,I-75 and Exit 249D,,Angle Crash,3,Clear,Dry,Daylight
2024-10-22T19:30:00.000,I-75,I-75 and Exit 249D,,Rear End,2,Clear,Dry,Daylight
2024-07-13T12:53:00.000,I-75,I-75 and Exit 249D,,Sideswipe-Same Direction,2,Clear,Dry,Daylight
2024-05-26T10:14:00.000,I-75,I-75 and Exit 249D,,Sideswipe-Same Direction,2,Clear,Dry,Daylight
2024-05-04T21:38:00.000,I-75,I-75 and Exit 249D,,Rear End,2,Cloudy,Dry,Dark-Lighted
2024-12-24T15:45:00.000,I-75,I-75 and Exit 249D,,Rear End,2,Clear,Dry,Daylight
2024-02-14T14:30:00.000,I-75,I-75 and Exit 249D,,Rear End,2,Clear,Dry,Daylight
2024-11-27T08:30:00.000,I-75,I-75 and Exit 249D,,Angle Crash,2,Clear,Dry,Daylight
2024-08-15T23:45:00.000,I-75,I-75 and Exit 249D,,Angle Crash,2,Cloudy,Dry,Daylight
2024-08-07T19:30:00.000,I-75,I-75 and Exit 249D,,Sideswipe-Same Direction,2,Clear,Dry,Daylight
2024-12-04T16:42:00.000,I-75,I-75 and Exit 249D,,Rear End,3,Clear,Dry,Daylight
2024-09-20T18:00:00.000,I-75,I-75 and Exit 249D,,Sideswipe-Same Direction,2,Clear,Dry,Daylight
2024-12-28T15:45:00.000,I-75,I-75 and Exit 249D,,Rear End,2,Rain,Wet,Daylight
2024-09-15T15:50:00.000,I-75,I-75 and Exit 249D,,Rear End,2,Clear,Dry,Daylight
2024-09-21T14:33:00.000,I-75,I-75 and Exit 249D,,Sideswipe-Same Direction,2,Clear,Dry,Daylight
2024-09-17T12:45:00.000,I-75,I-75 and Exit 249D,,Rear End,2,Cloudy,Dry,Daylight
2024-08-04T16:45:00.000,I-75,I-75 and Exit 249D,,Sideswipe-Same Direction,2,Clear,Dry,Daylight
2024-07-28T18:26:00.000,I-75,I-75 and Exit 249D,,Rear End,2,Rain,Mud,Daylight
2024-08-03T15:37:00.000,I-75,I-75 and Exit 249D,,Rear End,2,Clear,Dry,Daylight
2024-10-08T14:37:00.000,I-75,I-75 and Exit 249D,,Sideswipe-Same Direction,2,Clear,Dry,Daylight
2024-04-16T21:30:00.000,I-75,I-75 and Exit 249D,,Sideswipe-Same Direction,2,Clear,Dry,Dark-Lighted
2024-08-28T09:00:00.000,I-75,I-75 and Exit 249D,,Rear End,4,Clear,Dry,Daylight
2024-09-09T22:08:00.000,I-75,I-75 and Exit 249D,,Sideswipe-Same Direction,2,Clear,Dry,Dark-Lighted
2024-01-27T15:30:00.000,I-75,I-75 and Exit 249D,,Rear End,2,Rain,Wet,Daylight
2024-09-21T19:16:00.000,I-75,I-75 and Exit 249D,,Sideswipe-Same Direction,2,Clear,Dry,Dark-Lighted
2024-08-07T16:58:00.000,I-75,I-75 and Exit 249D,,Rear End,2,Clear,Dry,Daylight
2024-12-30T21:30:00.000,I-75,I-75 and Exit 249D,,Sideswipe-Same Direction,2,Clear,Dry,Dark-Lighted
2024-03-16T10:20:00.000,I-75,I-75 and Exit 249D,,Rear End,2,Clear,Dry,Daylight
2021-12-18T20:03:00.000,I-75,I-75 and Exit 249C,,Rear End,3,Rain,Water (standing or moving),Dark-Lighted
2023-02-25T11:37:00.000,I-75,I-75 and Exit 249C,,Sideswipe-Same Direction,2,Clear,Dry,Daylight
2023-06-18T00:45:00.000,I-75,I-75 and Exit 249C,,Sideswipe-Same Direction,3,Clear,Dry,Dark-Lighted
2023-06-18T03:09:00.000,I-75,I-75 and Exit 249C,,Rear End,2,Clear,Dry,Dark-Lighted
2023-08-02T16:13:00.000,I-75,I-75 and Exit 249C,,Rear End,2,Clear,Dry,Daylight
2023-08-07T23:48:00.000,I-75,I-75 and Exit 249C,,Sideswipe-Same Direction,2,Rain,Wet,Dark-Lighted
2023-07-09T00:48:00.000,I-75,I-75 and Exit 249C,,Rear End,2,Clear,Dry,Dark-Lighted
2023-10-31T20:16:00.000,I-75,I-75 and Exit 249C,,Angle Crash,2,Clear,Dry,Dark-Lighted
2023-03-19T22:20:00.000,I-75,I-75 and Exit 249C,,Angle Crash,3,Clear,Dry,Dark-Lighted
2023-08-29T02:50:00.000,I-75,I-75 and Exit 249C,,Not a Collision with Motor Vehicle,1,Clear,Wet,Dark-Not Lighted
2023-07-10T02:00:00.000,I-75,I-75 and Exit 249C,,Angle Crash,2,Clear,Wet,Dark-Not Lighted
2023-08-20T17:30:00.000,I-75,I-75 and Exit 249C,,Rear End,2,Clear,Dry,Daylight
2024-07-13T10:02:00.000,I-75,I-75 and Exit 249C,,Sideswipe-Same Direction,2,Clear,Dry,Daylight
2022-02-04T03:14:00.000,I-75,I-75 and Exit 249C,,Not a Collision with Motor Vehicle,1,Rain,Wet,Dark-Lighted
2023-12-10T12:30:00.000,I-75,I-75 and Exit 249C,,Sideswipe-Same Direction,3,Rain,Wet,Daylight
2021-12-10T20:18:00.000,I-75,I-75 and Exit 249C,,Rear End,2,Rain,Water (standing or moving),Dark-Lighted
2021-10-30T19:25:00.000,I-75,I-75 and Exit 249C,,Angle Crash,2,Clear,Dry,Dark-Lighted
2021-10-30T03:25:00.000,I-75,I-75 and Exit 249C,,Not a Collision with Motor Vehicle,1,Clear,Wet,Dark-Lighted
2021-10-23T19:00:00.000,I-75,I-75 and Exit 249C,,Rear End,2,Clear,Dry,Dark-Lighted
2022-02-03T22:51:00.000,I-75,I-75 and Exit 249C,,Rear End,4,Rain,Wet,Dark-Lighted
2022-01-17T15:25:00.000,I-75,I-75 and Exit 249C,,Rear End,2,Cloudy,Wet,Daylight
2022-08-12T00:30:00.000,I-75,I-75 and Exit 249C,,Rear End,2,Cloudy,Wet,Dark-Lighted
2022-01-09T19:40:00.000,I-75,I-75 and Exit 249C,,Rear End,3,Rain,Water (standing or moving),Dark-Lighted
2022-09-05T00:38:00.000,I-75,I-75 and Exit 249C,,Rear End,6,Rain,Wet,Dark-Lighted
2022-03-19T22:20:00.000,I-75,I-75 and Exit 249C,,Angle Crash,2,Clear,Dry,Dark-Lighted
2022-05-05T20:47:00.000,I-75,I-75 and Exit 249C,,Rear End,2,Clear,Dry,Dark-Lighted
2022-02-18T02:48:00.000,I-75,I-75 and Exit 249C,,Not a Collision with Motor Vehicle,1,Rain,Wet,Dark-Lighted
2022-06-11T20:10:00.000,I-75,I-75 and Exit 249C,,Angle Crash,2,Clear,Dry,Dusk
2022-01-14T01:12:00.000,I-75,I-75 and Exit 249C,,Sideswipe-Same Direction,2,Clear,Dry,Dark-Lighted
2022-11-27T22:00:00.000,I-75,I-75 and Exit 249C,,Sideswipe-Same Direction,2,Cloudy,Dry,Dark-Lighted
2022-08-17T08:30:00.000,I-75,I-75 and Exit 249C,,Rear End,3,Cloudy,Dry,Daylight
2022-08-06T20:00:00.000,I-75,I-75 and Exit 249C,,Rear End,2,Rain,Water (standing or moving),Dark-Lighted
2022-02-04T01:37:00.000,I-75,I-75 and Exit 249C,,Not a Collision with Motor Vehicle,1,Rain,Wet,Dark-Lighted
2022-11-13T23:00:00.000,I-75,I-75 and Exit 249C,,Angle Crash,2,Clear,Dry,Dark-Lighted
2022-10-19T20:05:00.000,I-75,I-75 and Exit 249C,,Rear End,3,Clear,Dry,Dark-Lighted
2022-07-10T07:25:00.000,I-75,I-75 and Exit 249C,,Angle Crash,2,Clear,Wet,Daylight
2022-08-24T18:59:00.000,I-75,I-75 and Exit 249C,,Angle Crash,2,Cloudy,Dry,Dark-Lighted
2022-10-26T13:29:00.000,I-75,I-75 and Exit 249C,,Rear End,2,Clear,Dry,Daylight
2022-10-21T23:30:00.000,I-75,I-75 and Exit 249C,,Rear End,2,Clear,Dry,Dark-Lighted