Date and Time,Roadway (From Crash Report),Intersection Name (from Crash Report),KABCO Severity,Manner of Collision (Crash Level) ,# of Vehicles per crash ,Weather Conditions (Crash Level),Surface Condition (Crash Level) ,Light Conditions (Crash Level)
2022-05-11T17:40:00.000,I-75,I-75 and Exit 249C,,Rear End,2,Clear,Dry,Daylight
2022-09-10T06:30:00.000,I-75,I-75 and Exit 249C,,Sideswipe-Same Direction,2,Rain,Wet,Dark-Lighted
2022-02-22T00:30:00.000,I-75,I-75 and Exit 249C,,Angle Crash,2,Clear,Wet,Dark-Lighted
2022-05-18T11:56:00.000,I-75,I-75 and Exit 249C,,Angle Crash,2,Clear,Dry,Daylight
2022-12-27T19:45:00.000,I-75,I-75 and Exit 249C,,Rear End,2,Clear,Dry,Dark-Lighted
2022-08-23T02:00:00.000,I-75,I-75 and Exit 249C,,Angle Crash,2,Clear,Wet,Dark-Not Lighted
2022-09-24T20:05:00.000,I-75,I-75 and Exit 249C,,Rear End,2,Clear,Dry,Dark-Lighted
2022-07-22T21:21:00.000,I-75,I-75 and Exit 249C,,Rear End,2,Clear,Dry,Dark-Lighted
2022-11-09T16:12:00.000,I-75,I-75 and Exit 249C,,Rear End,2,Clear,Dry,Daylight
2022-05-27T20:24:00.000,I-75,I-75 and Exit 249C,,Rear End,3,Clear,Dry,Daylight
2022-09-10T18:02:00.000,I-75,I-75 and Exit 249C,,Rear End,2,Rain,Water (standing or moving),Daylight
2022-03-27T20:52:00.000,I-75,I-75 and Exit 249C,,Angle Crash,3,Clear,Dry,Dark-Lighted
2022-05-19T11:17:00.000,I-75,I-75 and Exit 249C,,Rear End,2,Clear,Dry,Daylight
2022-11-01T01:25:00.000,I-75,I-75 and Exit 249C,,Sideswipe-Same Direction,2,Cloudy,Dry,Dark-Not Lighted
2022-08-13T16:30:00.000,I-75,I-75 and Exit 249C,,Rear End,2,Clear,Dry,Daylight
2022-07-24T18:30:00.000,I-75,I-75 and Exit 249C,,Sideswipe-Same Direction,2,Clear,Dry,Daylight
2022-07-10T08:50:00.000,I-75,I-75 and Exit 249C,,Rear End,2,Clear,Wet,Daylight
2022-05-27T21:36:00.000,I-75,I-75 and Exit 249C,,Rear End,2,Clear,Dry,Dark-Lighted
2022-12-11T06:10:00.000,I-75,I-75 and Exit 249C,,Not a Collision with Motor Vehicle,1,Cloudy,Wet,Dark-Lighted
2022-10-22T19:16:00.000,I-75,I-75 and Exit 249C,,Rear End,2,Clear,Dry,Dark-Lighted
2022-09-20T20:19:00.000,I-75,I-75 and Exit 249C,,Rear End,2,Clear,Dry,Dark-Lighted
2023-11-11T23:05:00.000,I-75,I-75 and Exit 249C,,Sideswipe-Same Direction,2,Clear,Water (standing or moving),Dark-Not Lighted
2024-12-13T20:00:00.000,I-75,I-75 and Exit 249C,,Rear End,2,Clear,Dry,Dark-Lighted
2024-10-20T11:21:00.000,I-75,I-75 and Exit 249C,,Rear End,2,Clear,Dry,Daylight
2024-05-04T04:20:00.000,I-75,I-75 and Exit 249C,,Not a Collision with Motor Vehicle,1,Clear,Dry,Dark-Lighted
2024-08-09T21:16:00.000,I-75,I-75 and Exit 249C,,Rear End,3,Clear,Dry,Dark-Lighted
2024-01-24T11:30:00.000,I-75,I-75 and Exit 249C,,Sideswipe-Same Direction,3,Cloudy,Water (standing or moving),Daylight
2024-12-07T12:01:00.000,I-75,I-75 and Exit 249C,,Rear End,2,Clear,Dry,Daylight
2024-12-04T03:30:00.000,I-75,I-75 and Exit 249C,,Not a Collision with Motor Vehicle,1,Clear,Dry,Dark-Lighted
2024-09-08T16:06:00.000,I-75,I-75 and Exit 249C,,Sideswipe-Same Direction,2,Clear,Dry,Daylight
2024-09-14T20:30:00.000,I-75,I-75 and Exit 249C,,Rear End,3,Clear,Dry,Dark-Lighted
2023-06-07T17:55:00.000,I-75,I-75 and Exit 249C,,Sideswipe-Same Direction,3,Clear,Dry,Daylight
2024-11-27T15:40:00.000,I-75,I-75 and Exit 249C,,Rear End,2,Clear,Dry,Dark-Not Lighted
2024-06-09T14:32:00.000,I-75,I-75 and Exit 249C,,Rear End,2,Clear,Dry,Daylight
2023-08-20T22:00:00.000,I-75,I-75 and Exit 249C,,Rear End,2,Clear,Dry,Dark-Lighted
2023-03-05T18:48:00.000,I-75,I-75 and Exit 249C,,Rear End,2,Clear,Dry,Dusk
2023-02-04T01:00:00.000,I-75,I-75 and Exit 249C,,Rear End,3,Clear,Dry,Dark-Lighted
2023-08-30T13:52:00.000,I-75,I-75 and Exit 249C,,Rear End,2,Cloudy,Dry,Daylight
2023-04-22T04:45:00.000,I-75,I-75 and Exit 249C,,Sideswipe-Same Direction,2,Rain,Water (standing or moving),Dusk
2024-04-06T22:15:00.000,I-75,I-75 and Exit 249C,,Rear End,2,Clear,Dry,Dark-Lighted
2024-10-26T20:02:00.000,I-75,I-75 and Exit 249C,,Sideswipe-Same Direction,2,Clear,Dry,Dark-Not Lighted
2024-08-04T12:18:00.000,I-75,I-75 and Exit 249C,,Rear End,2,Clear,Dry,Daylight
2024-11-06T19:06:00.000,I-75,I-75 and Exit 249C,,Rear End,2,Clear,Dry,Dark-Lighted
2024-08-30T21:00:00.000,I-75,I-75 and Exit 249C,,Rear End,2,Clear,Dry,Dark-Lighted
2024-07-20T00:59:00.000,I-75,I-75 and Exit 249C,,Rear End,2,Rain,Wet,Dark-Lighted
2024-10-24T10:55:00.000,I-75,I-75 and Exit 249C,,Rear End,2,Clear,Dry,Daylight
2024-05-06T01:02:00.000,I-75,I-75 and Exit 249C,,Rear End,2,Rain,Water (standing or moving),Dark-Lighted
2024-08-30T20:50:00.000,I-75,I-75 and Exit 249C,,Rear End,2,Clear,Dry,Dark-Lighted
2024-06-09T14:08:00.000,I-75,I-75 and Exit 249C,,Sideswipe-Same Direction,2,Clear,Dry,Daylight
2024-11-14T00:59:00.000,I-75,I-75 and Exit 249C,,Rear End,2,Rain,Wet,Dark-Lighted
2024-10-16T17:52:00.000,I-75,I-75 and Exit 249C,,Sideswipe-Same Direction,2,Clear,Dry,Daylight
2024-07-20T01:52:00.000,I-75,I-75 and Exit 249C,,Sideswipe-Same Direction,2,Rain,Wet,Dark-Lighted
2024-02-08T20:30:00.000,I-75,I-75 and Exit 249C,,Sideswipe-Same Direction,2,Clear,Dry,Dark-Lighted
2024-07-21T21:04:00.000,I-75,I-75 and Exit 249C,,Sideswipe-Same Direction,2,Clear,Wet,Dark-Lighted
2024-09-22T20:07:00.000,I-75,I-75 and Exit 249C,,Rear End,3,Clear,Dry,Dark-Lighted
2024-07-04T00:00:00.000,I-75,I-75 and Exit 249C,,Sideswipe-Same Direction,2,Clear,Dry,Dark-Lighted
2024-08-10T21:03:00.000,I-75,I-75 and Exit 249C,,Rear End,2,Clear,Dry,Dark-Lighted
2024-12-29T19:20:00.000,I-75,I-75 and Exit 249C,,Rear End,2,Clear,Dry,Dark-Lighted
2024-12-31T20:00:00.000,I-75,I-75 and Exit 249C,,Rear End,3,Clear,Dry,Dark-Not Lighted
2024-10-05T16:09:00.000,I-75,I-75 and Exit 249C,,Rear End,2,Clear,Dry,Daylight
2024-12-21T11:00:00.000,I-75,I-75 and Exit 249C,,Rear End,2,Clear,Dry,Daylight
2024-12-08T19:29:00.000,I-75,I-75 and Exit 249C,,Rear End,2,Clear,Dry,Dark-Lighted
2024-07-29T15:00:00.000,I-75,I-75 and Exit 249C,,Sideswipe-Same Direction,2,Clear,Dry,Daylight
2024-10-19T11:15:00.000,I-75,I-75 and Exit 249C,,Rear End,2,Clear,Dry,Daylight
2024-11-02T23:14:00.000,I-75,I-75 and Exit 249C,,Sideswipe-Same Direction,2,Cloudy,Dry,Dark-Lighted
2024-09-15T04:30:00.000,I-75,I-75 and Exit 249C,,Rear End,2,Clear,Wet,Dark-Lighted
2024-08-31T13:15:00.000,I-75,I-75 and Exit 249C,,Rear End,3,Cloudy,Dry,Daylight
2024-07-13T09:30:00.000,I-75,I-75 and Exit 249C,,Rear End,2,Clear,Dry,Daylight
2024-07-20T01:20:00.000,I-75,I-75 and Exit 249C,,Rear End,2,Rain,Wet,Dark-Lighted
2024-05-20T02:00:00.000,I-75,I-75 and Exit 249C,,Rear End,4,Clear,Dry,Dark-Lighted
2024-04-03T15:05:00.000,I-75,I-75 and Exit 249C,,Rear End,2,Clear,Dry,Daylight
2024-06-15T23:00:00.000,I-75,I-75 and Exit 249C,,Sideswipe-Same Direction,2,Cloudy,Dry,Dark-Lighted
2024-10-14T15:20:00.000,I-75,I-75 and Exit 249C,,Rear End,2,Clear,Dry,Daylight
2024-06-12T10:17:00.000,I-75,I-75 and Exit 249C,,Rear End,2,Clear,Dry,Daylight
2024-05-26T14:16:00.000,I-75,I-75 and Exit 249C,,Rear End,2,Clear,Dry,Daylight
2024-12-06T01:10:00.000,I-75,I-75 and Exit 249C,,Sideswipe-Same Direction,2,Clear,Dry,Dark-Not Lighted
2024-07-27T23:00:00.000,I-75,I-75 and Exit 249C,,Rear End,3,Clear,Dry,Dark-Lighted
2024-11-01T21:20:00.000,I-75,I-75 and Exit 249C,,Rear End,2,Clear,Dry,Dark-Lighted
2024-12-01T01:38:00.000,I-75,I-75 and Exit 249C,,Rear End,2,Clear,Dry,Daylight
2024-02-10T12:40:00.000,I-75,I-75 and Exit 249C,,Sideswipe-Same Direction,2,Clear,Dry,Daylight
2024-12-29T19:15:00.000,I-75,I-75 and Exit 249C,,Sideswipe-Same Direction,2,Clear,Dry,Dark-Lighted
2024-10-05T10:42:00.000,I-75,I-75 and Exit 249C,,Rear End,2,Cloudy,Dry,Daylight
2024-06-08T01:30:00.000,I-75,I-75 and Exit 249B,,Rear End,2,Clear,Dry,Dark-Lighted
2024-04-19T09:20:00.000,I-75,I-75 and Exit 249B,,Rear End,2,Clear,Dry,Daylight
2024-06-14T21:38:00.000,I-75,I-75 and Exit 249B,,Rear End,2,Clear,Dry,Dark-Lighted
2024-09-09T10:50:00.000,I-75,I-75 and Exit 249B,,Angle Crash,3,Clear,Dry,Dark-Lighted
2024-04-12T22:57:00.000,I-75,I-75 and Exit 249B,,Rear End,2,Clear,Dry,Dark-Lighted
2024-11-02T19:30:00.000,I-75,I-75 and Exit 249B,,Rear End,2,Clear,Dry,Dark-Lighted
2024-06-05T20:30:00.000,I-75,I-75 and Exit 249B,,Rear End,2,Clear,Dry,Dark-Lighted
2024-11-27T15:10:00.000,I-75,I-75 and Exit 249B,,Rear End,3,Clear,Dry,Daylight
2023-06-21T22:36:00.000,I-75,I-75 and Exit 249B,,Rear End,2,Cloudy,Wet,Dark-Lighted
2024-10-31T23:10:00.000,I-75,I-75 and Exit 249B,,Rear End,3,Clear,Dry,Dark-Not Lighted
2024-04-13T02:00:00.000,I-75,I-75 and Exit 249B,,Not a Collision with Motor Vehicle,1,Clear,Dry,Dark-Not Lighted
2024-08-31T18:00:00.000,I-75,I-75 and Exit 249B,,Rear End,3,Clear,Water (standing or moving),Dark-Lighted
2024-12-01T10:30:00.000,I-75,I-75 and Exit 249B,,Sideswipe-Same Direction,2,Clear,Dry,Daylight
2024-04-25T13:30:00.000,I-75,I-75 and Exit 249B,,Rear End,2,Clear,Dry,Daylight
2024-07-20T15:04:00.000,I-75,I-75 and Exit 249B,,Rear End,2,Clear,Dry,Daylight
2024-05-06T00:28:00.000,I-75,I-75 and Exit 249B,,Angle Crash,2,Clear,Wet,Dark-Lighted
2024-09-28T20:10:00.000,I-75,I-75 and Exit 249B,,Rear End,2,Clear,Dry,Dark-Lighted
2024-04-20T23:30:00.000,I-75,I-75 and Exit 249B,,Angle Crash,2,Rain,Wet,Dark-Lighted
2024-05-18T20:28:00.000,I-75,I-75 and Exit 249B,,Angle Crash,3,Rain,Wet,Dark-Lighted
2021-12-23T20:25:00.000,I-75,I-75 and Exit 249A,,Rear End,2,Clear,Dry,Daylight
2023-01-22T10:20:00.000,I-75,I-75 and Exit 249A,,Angle Crash,2,Cloudy,Water (standing or moving),Daylight
2023-07-05T18:53:00.000,I-75,I-75 and Exit 249A,,Sideswipe-Same Direction,2,Clear,Dry,Daylight
2024-09-19T19:55:00.000,I-75,I-75 and Exit 249A,,Rear End,2,Clear,Dry,Dark-Lighted
2021-10-27T23:00:00.000,I-75,I-75 and Exit 249A,,Sideswipe-Same Direction,2,Clear,Dry,Dark-Lighted
2022-04-24T13:50:00.000,I-75,I-75 and Exit 249A,,Sideswipe-Same Direction,2,Clear,Dry,Daylight
2022-05-15T22:50:00.000,I-75,I-75 and Exit 249A,,Sideswipe-Same Direction,2,Clear,Dry,Dark-Lighted
2024-06-07T23:52:00.000,I-75,I-75 and Exit 249A,,Rear End,5,Clear,Dry,Dark-Lighted
2024-07-04T22:23:00.000,I-75,I-75 and Exit 249A,,Rear End,4,Clear,Dry,Dark-Not Lighted
2024-09-22T16:15:00.000,I-75,I-75 and Exit 249A,,Sideswipe-Same Direction,2,Clear,Dry,Daylight
2024-05-18T21:45:00.000,I-75,I-75 and Exit 249A,,Rear End,2,Clear,Wet,Dark-Lighted
2024-05-01T14:58:00.000,I-75,I-75 and Exit 249A,,Rear End,2,Clear,Dry,Daylight
2024-06-08T15:44:00.000,I-75,I-75 and Exit 249A,,Rear End,2,Clear,Dry,Daylight
2024-07-07T03:41:00.000,I-75,I-75 and Exit 249A,,Rear End,3,Clear,Dry,Dark-Lighted
2024-12-21T22:21:00.000,I-75,I-75 and Exit 249A,,Rear End,2,Clear,Dry,Dark-Lighted
2024-11-19T07:25:00.000,I-75,I-75 and Exit 249A,,Angle Crash,3,Rain,Wet,Daylight
2024-12-28T22:00:00.000,I-75,I-75 and Exit 249A,,Sideswipe-Same Direction,2,Rain,Water (standing or moving),Dark-Lighted
2021-07-23T00:00:00.000,I-75,I-75 and Exit 249 A,,Rear End,3,Clear,Dry,Dark-Lighted
2023-08-16T17:00:00.000,I-75,I-75 and Exit 248D,,Rear End,3,Other,Dry,Daylight
2022-08-31T21:30:00.000,I-75,I-75 and Exit 248D,,Rear End,2,Clear,Dry,Dark-Lighted
2022-12-28T19:45:00.000,I-75,I-75 and Exit 248D,,Rear End,2,Clear,Dry,Dark-Lighted
2022-01-08T20:00:00.000,I-75,I-75 and Exit 248D,,Rear End,3,Clear,Dry,Dark-Not Lighted
2022-03-05T19:45:00.000,I-75,I-75 and Exit 248D,,Sideswipe-Same Direction,2,Clear,Dry,Dark-Not Lighted
2024-03-31T03:31:00.000,I-75,I-75 and Exit 248D,,Rear End,2,Clear,Dry,Dark-Lighted
2024-11-24T20:51:00.000,I-75,I-75 and Exit 248D,,Sideswipe-Same Direction,2,Clear,Dry,Dark-Lighted
2024-10-23T05:30:00.000,I-75,I-75 and Exit 248D,,Sideswipe-Same Direction,2,Clear,Dry,Dark-Lighted
2023-11-01T17:00:00.000,I-75,I-75 and Exit 248D,,Rear End,2,Other,Other,Daylight
2024-04-27T14:20:00.000,I-75,I-75 and Exit 248D,,Sideswipe-Same Direction,2,Clear,Dry,Daylight
2024-11-17T18:00:00.000,I-75,I-75 and Exit 248D,,Rear End,3,Clear,Dry,Dark-Lighted
2024-09-14T15:25:00.000,I-75,I-75 and Exit 248D,,Rear End,2,Rain,Wet,Daylight
2024-10-31T20:30:00.000,I-75,I-75 and Exit 248D,,Rear End,2,Clear,Dry,Dark-Lighted
2024-11-10T08:30:00.000,I-75,I-75 and Exit 248D,,Not a Collision with Motor Vehicle,1,Cloudy,Water (standing or moving),Daylight
2024-01-03T19:41:00.000,I-75,I-75 and Exit 248D,,Rear End,2,Cloudy,Dry,Dark-Lighted
2024-09-18T18:00:00.000,I-75,I-75 and Exit 248D,,Rear End,3,Other,Other,Daylight
2024-09-25T18:36:00.000,I-75,I-75 and Exit 248D,,Angle Crash,2,Rain,Wet,Daylight
2024-01-03T20:20:00.000,I-75,I-75 and Exit 248D,,Rear End,3,Cloudy,Dry,Dark-Lighted
2024-05-01T07:30:00.000,I-75,I-75 and Exit 248D,,Rear End,2,Clear,Dry,Daylight
2024-08-28T17:19:00.000,I-75,I-75 and Exit 248D,,Sideswipe-Same Direction,2,Clear,Dry,Daylight
2024-11-20T20:30:00.000,I-75,I-75 and Exit 248D,,Sideswipe-Opposite Direction,3,Other,Other,Daylight
2023-02-12T10:40:00.000,I-75,I-75 and Exit 248C,,Sideswipe-Same Direction,3,Rain,Wet,Daylight
2023-12-08T22:20:00.000,I-75,I-75 and Exit 248C,,Sideswipe-Same Direction,2,Clear,Dry,Dark-Lighted
2023-01-15T15:10:00.000,I-75,I-75 and Exit 248C,,Rear End,2,Clear,Dry,Daylight
2022-03-27T20:30:00.000,I-75,I-75 and Exit 248C,,Sideswipe-Same Direction,2,Clear,Dry,Dark-Lighted
2022-06-08T14:30:00.000,I-75,I-75 and Exit 248C,,Rear End,2,Clear,Dry,Daylight
2024-12-12T21:27:00.000,I-75,I-75 and Exit 248C,,Rear End,4,Clear,Dry,Dark-Lighted
2024-06-12T17:00:00.000,I-75,I-75 and Exit 248C,,Sideswipe-Opposite Direction,2,Other,Other,Daylight
2024-03-30T20:48:00.000,I-75,I-75 and Exit 248C,,Rear End,2,Clear,Dry,Daylight
2024-10-13T14:27:00.000,I-75,I-75 and Exit 248C,,Sideswipe-Same Direction,2,Clear,Dry,Daylight
2024-06-01T21:26:00.000,I-75,I-75 and Exit 248C,,Rear End,2,Clear,Dry,Dark-Lighted
2024-09-06T21:30:00.000,I-75,I-75 and Exit 248C,,Rear End,2,Other,Other,Dark-Lighted
2024-12-04T17:39:00.000,I-75,I-75 and Exit 248C,,Sideswipe-Same Direction,2,Clear,Dry,Dark-Lighted
2024-01-04T09:00:00.000,I-75,I-75 and Exit 248C,,Angle Crash,2,Clear,Dry,Daylight
2024-04-05T23:30:00.000,I-75,I-75 and Exit 248C,,Rear End,3,Clear,Dry,Dark-Lighted
2024-06-19T14:05:00.000,I-75,I-75 and Exit 248C,,Rear End,2,Clear,Dry,Daylight
2024-12-26T02:00:00.000,I-75,I-75 and Exit 248C,,Rear End,2,Clear,Dry,Dark-Lighted
2024-07-24T09:00:00.000,I-75,I-75 and Exit 248C,,Sideswipe-Same Direction,2,Clear,Dry,Daylight
2024-10-17T16:30:00.000,I-75,I-75 and Exit 248C,,Sideswipe-Opposite Direction,2,Other,Other,Daylight
2024-05-25T03:30:00.000,I-75,I-75 and Exit 248C,,Rear End,2,Clear,Dry,Dark-Lighted
2024-04-24T11:15:00.000,I-75,I-75 and Exit 248C,,Sideswipe-Same Direction,2,Cloudy,Dry,Daylight
2024-10-23T19:45:00.000,I-75,I-75 and Exit 248C,,Rear End,2,Clear,Dry,Dark-Lighted
2024-12-21T05:35:00.000,I-75,I-75 and Exit 248C,,Sideswipe-Same Direction,2,Clear,Dry,Daylight
2024-05-12T17:00:00.000,I-75,I-75 and Exit 248C,,Angle Crash,3,Clear,Dry,Daylight
2024-11-24T18:37:00.000,I-75,I-75 and Exit 248C,,Rear End,2,Clear,Dry,Dark-Lighted
2024-07-07T03:00:00.000,I-75,I-75 and Exit 248C,,Rear End,5,Clear,Dry,Dark-Lighted
2024-08-19T16:37:00.000,I-75,I-75 and Exit 248C,,Rear End,2,Clear,Dry,Daylight
2024-10-13T19:42:00.000,I-75,I-75 and Exit 248C,,Rear End,2,Clear,Dry,Dark-Lighted
2024-06-29T05:25:00.000,I-75,I-75 and Exit 248C,,Rear End,2,Cloudy,Dry,Dark-Lighted
2024-11-20T15:48:00.000,I-75,I-75 and Exit 248C,,Rear End,2,Clear,Dry,Daylight
2024-09-15T01:42:00.000,I-75,I-75 and Exit 248C,,Rear End,2,Rain,Wet,Dark-Not Lighted
2024-09-21T19:05:00.000,I-75,I-75 and Exit 248C,,Rear End,2,Clear,Dry,Daylight
2024-06-27T10:05:00.000,I-75,I-75 and Exit 248C,,Rear End,2,Cloudy,Dry,Daylight
2024-09-21T14:30:00.000,I-75,I-75 and Exit 248C,,Sideswipe-Same Direction,2,Clear,Dry,Daylight
2024-07-05T23:29:00.000,I-75,I-75 and Exit 248C,,Not a Collision with Motor Vehicle,1,Cloudy,Wet,Dark-Not Lighted
2024-05-31T21:30:00.000,I-75,I-75 and Exit 248C,,Rear End,3,Clear,Dry,Dark-Not Lighted
2024-12-03T18:39:00.000,I-75,I-75 and Exit 248C,,Rear End,2,Clear,Dry,Daylight
2024-10-28T08:05:00.000,I-75,I-75 and Exit 248C,,Sideswipe-Same Direction,2,Clear,Dry,Daylight
2024-10-15T09:40:00.000,I-75,I-75 and Exit 248C,,Rear End,2,Clear,Dry,Daylight
2024-12-28T23:13:00.000,I-75,I-75 and Exit 248C,,Not a Collision with Motor Vehicle,1,Rain,Wet,Dark-Not Lighted
2024-11-16T15:30:00.000,I-75,I-75 and Exit 248C,,Rear End,2,Other,Other,Daylight
2024-09-01T00:27:00.000,I-75,I-75 and Exit 248C,,Not a Collision with Motor Vehicle,1,Clear,Dry,Dark-Not Lighted
2024-05-11T01:30:00.000,I-75,I-75 and Exit 248C,,Angle Crash,2,Clear,Dry,Dark-Lighted
2023-10-13T22:29:00.000,I-75,I-75 and Exit 248B,,Sideswipe-Opposite Direction,2,Rain,Wet,Dark-Lighted
2023-05-13T21:00:00.000,I-75,I-75 and Exit 248B,,Rear End,4,Clear,Dry,Dark-Lighted
2022-10-21T21:00:00.000,I-75,I-75 and Exit 248B,,Sideswipe-Opposite Direction,2,Other,Dry,Dark-Lighted
2022-08-24T19:30:00.000,I-75,I-75 and Exit 248B,,Rear End,3,Cloudy,Dry,Dawn
2022-05-08T14:11:00.000,I-75,I-75 and Exit 248B,,Angle Crash,2,Clear,Dry,Daylight
2022-10-01T06:00:00.000,I-75,I-75 and Exit 248B,,Sideswipe-Same Direction,2,Clear,Dry,Dark-Lighted
2022-01-08T12:33:00.000,I-75,I-75 and Exit 248B,,Sideswipe-Same Direction,2,Clear,Dry,Daylight
2024-05-18T12:55:00.000,I-75,I-75 and Exit 248B,,Rear End,2,Cloudy,Dry,Daylight
2024-09-01T00:07:00.000,I-75,I-75 and Exit 248B,,Sideswipe-Same Direction,2,Clear,Dry,Dark-Lighted
2024-07-08T18:33:00.000,I-75,I-75 and Exit 248B,,Angle Crash,2,Clear,Dry,Daylight
2024-09-09T21:40:00.000,I-75,I-75 and Exit 248B,,Rear End,2,Clear,Dry,Dawn
2024-10-23T13:59:00.000,I-75,I-75 and Exit 248B,,Rear End,2,Clear,Dry,Daylight
2023-05-21T17:30:00.000,I-75,I-75 and Exit 248B,,Rear End,2,Clear,Dry,Daylight
2023-02-04T08:00:00.000,I-75,I-75 and Exit 248B,,Sideswipe-Same Direction,3,Clear,Dry,Daylight
2023-11-08T19:19:00.000,I-75,I-75 and Exit 248B,,Sideswipe-Same Direction,2,Clear,Dry,Daylight
2023-04-22T21:00:00.000,I-75,I-75 and Exit 248B,,Rear End,2,Other,Dry,Dark-Lighted
2024-11-22T22:20:00.000,I-75,I-75 and Exit 248B,,Rear End,6,Clear,Dry,Dark-Lighted
2024-11-01T22:20:00.000,I-75,I-75 and Exit 248B,,Rear End,2,Clear,Dry,Dark-Lighted
2024-08-16T21:15:00.000,I-75,I-75 and Exit 248B,,Angle Crash,2,Rain,Water (standing or moving),Dark-Lighted
2024-12-29T14:10:00.000,I-75,I-75 and Exit 248B,,Rear End,4,Clear,Dry,Dark-Lighted
2024-04-08T16:01:00.000,I-75,I-75 and Exit 248B,,Sideswipe-Same Direction,2,Clear,Dry,Daylight
2024-07-10T14:10:00.000,I-75,I-75 and Exit 248B,,Sideswipe-Same Direction,2,Clear,Dry,Daylight
2024-06-30T14:14:00.000,I-75,I-75 and Exit 248B,,Rear End,2,Clear,Dry,Daylight
2024-09-29T07:02:00.000,I-75,I-75 and Exit 248B,,Rear End,4,Clear,Dry,Daylight
2024-06-27T21:00:00.000,I-75,I-75 and Exit 248B,,Rear End,2,Clear,Dry,Dark-Lighted
2024-05-05T16:21:00.000,I-75,I-75 and Exit 248B,,Rear End,2,Clear,Dry,Daylight
2024-06-01T12:32:00.000,I-75,I-75 and Exit 248B,,Sideswipe-Same Direction,4,Clear,Dry,Daylight
2024-11-12T21:05:00.000,I-75,I-75 and Exit 248B,,Rear End,3,Clear,Dry,Dark-Lighted
2024-11-17T17:45:00.000,I-75,I-75 and Exit 248B,,Rear End,2,Clear,Dry,Dark-Lighted
2024-06-07T22:20:00.000,I-75,I-75 and Exit 248B,,Rear End,2,Clear,Dry,Dark-Lighted
2024-05-22T10:00:00.000,I-75,I-75 and Exit 248B,,Sideswipe-Same Direction,2,Clear,Dry,Daylight
2024-11-02T19:20:00.000,I-75,I-75 and Exit 248B,,Rear End,3,Clear,Dry,Dark-Lighted
2024-11-15T10:07:00.000,I-75,I-75 and Exit 248B,,Sideswipe-Same Direction,2,Clear,Dry,Dark-Lighted
2024-05-11T00:20:00.000,I-75,I-75 and Exit 248B,,Rear End,2,Clear,Dry,Dark-Lighted
2024-12-28T18:50:00.000,I-75,I-75 and Exit 248B,,Rear End,2,Rain,Water (standing or moving),Dark-Lighted
2024-11-29T22:56:00.000,I-75,I-75 and Exit 248B,,Rear End,3,Clear,Dry,Dark-Lighted
2024-06-08T23:20:00.000,I-75,I-75 and Exit 248B,,Rear End,2,Clear,Dry,Dark-Lighted
2024-05-15T09:45:00.000,I-75,I-75 and Exit 248B,,Rear End,2,Clear,Dry,Daylight
2024-08-07T16:06:00.000,I-75,I-75 and Exit 248B,,Rear End,2,Clear,Dry,Daylight
2024-05-20T20:00:00.000,I-75,I-75 and Exit 248B,,Sideswipe-Same Direction,2,Clear,Dry,Daylight
2024-12-18T18:35:00.000,I-75,I-75 and Exit 248B,,Sideswipe-Same Direction,2,Clear,Dry,Dark-Lighted
2024-05-01T15:19:00.000,I-75,I-75 and Exit 248B,,Angle Crash,2,Clear,Dry,Daylight
2024-09-29T17:25:00.000,I-75,I-75 and Exit 248B,,Angle Crash,2,Clear,Dry,Daylight
2023-09-02T19:55:00.000,I-75,I-75 and Exit 248A,,Rear End,3,Clear,Dry,Dark-Lighted
2023-10-21T00:58:00.000,I-75,I-75 and Exit 248A,,Sideswipe-Same Direction,4,Clear,Dry,Dark-Lighted
2023-10-28T10:40:00.000,I-75,I-75 and Exit 248A,,Sideswipe-Same Direction,2,Clear,Dry,Daylight
2023-01-21T11:00:00.000,I-75,I-75 and Exit 248A,,Not a Collision with Motor Vehicle,2,Clear,Dry,Daylight
2023-05-29T00:00:00.000,I-75,I-75 and Exit 248A,,Rear End,2,Clear,Dry,Dark-Not Lighted
2023-02-10T23:00:00.000,I-75,I-75 and Exit 248A,,Sideswipe-Same Direction,2,Clear,Dry,Dark-Lighted
2023-10-27T20:24:00.000,I-75,I-75 and Exit 248A,,Rear End,2,Clear,Dry,Dark-Lighted
2021-11-06T21:30:00.000,I-75,I-75 and Exit 248A,,Angle Crash,2,Clear,Dry,Dark-Lighted
2022-03-20T17:00:00.000,I-75,I-75 and Exit 248A,,Rear End,2,Clear,Dry,Daylight
2022-11-30T08:00:00.000,I-75,I-75 and Exit 248A,,Sideswipe-Same Direction,2,Rain,Wet,Daylight
2022-07-02T18:31:00.000,I-75,I-75 and Exit 248A,,Rear End,2,Clear,Dry,Daylight
2022-11-16T13:56:00.000,I-75,I-75 and Exit 248A,,Rear End,2,Clear,Dry,Daylight
2022-07-31T20:30:00.000,I-75,I-75 and Exit 248A,,Sideswipe-Same Direction,2,Clear,Dry,Dark-Not Lighted
2022-04-23T18:40:00.000,I-75,I-75 and Exit 248A,,Rear End,2,Clear,Dry,Daylight
2022-02-12T23:00:00.000,I-75,I-75 and Exit 248A,,Rear End,2,Clear,Dry,Dark-Not Lighted
2022-05-18T21:40:00.000,I-75,I-75 and Exit 248A,,Angle Crash,3,Clear,Dry,Dark-Lighted
2022-04-06T07:20:00.000,I-75,I-75 and Exit 248A,,Sideswipe-Same Direction,2,Fog,Wet,Daylight
2024-07-19T20:53:00.000,I-75,I-75 and Exit 248A,,Rear End,2,Rain,Wet,Dark-Lighted
2024-08-24T11:00:00.000,I-75,I-75 and Exit 248A,,Rear End,2,Clear,Dry,Daylight