Date and Time,Roadway (From Crash Report),Intersection Name (from Crash Report),KABCO Severity,Manner of Collision (Crash Level) ,# of Vehicles per crash ,Weather Conditions (Crash Level),Surface Condition (Crash Level) ,Light Conditions (Crash Level)
2022-02-25T21:30:00.000,I-75,I-75 and Exit 244,,Sideswipe-Same Direction,2,Clear,Dry,Dark-Not Lighted
2022-03-16T02:04:00.000,I-75,I-75 and Exit 244,,Sideswipe-Same Direction,2,Rain,Water (standing or moving),Dark-Not Lighted
2022-08-10T17:12:00.000,I-75,I-75 and Exit 244,,Sideswipe-Same Direction,2,Clear,Dry,Daylight
2023-08-26T08:40:00.000,I-75,I-75 and Exit 244,,Sideswipe-Same Direction,2,Clear,Dry,Daylight
2021-12-09T14:39:00.000,I-75,I-75 and Exit 244,,Sideswipe-Same Direction,2,Clear,Dry,Daylight
2021-11-04T11:07:00.000,I-75,I-75 and Exit 244,,Sideswipe-Same Direction,2,Rain,Wet,Daylight
2022-08-20T07:25:00.000,I-75,I-75 and Exit 244,,Sideswipe-Same Direction,2,Cloudy,Dry,Daylight
2022-08-16T22:05:00.000,I-75,I-75 and Exit 244,,Sideswipe-Same Direction,2,Clear,Dry,Dark-Not Lighted
2021-12-18T17:30:00.000,I-75,I-75 and Exit 244,,Rear End,2,Rain,Wet,Dark-Not Lighted
2022-04-09T23:15:00.000,I-75,I-75 and Exit 244,,Sideswipe-Same Direction,2,Clear,Dry,Dark-Lighted
2022-03-30T13:00:00.000,I-75,I-75 and Exit 244,,Angle Crash,2,Cloudy,Dry,Daylight
2022-11-27T12:30:00.000,I-75,I-75 and Exit 244,,Sideswipe-Same Direction,2,Cloudy,Water (standing or moving),Daylight
2022-08-27T02:53:00.000,I-75,I-75 and Exit 244,,Rear End,2,Clear,Dry,Dark-Not Lighted
2022-12-14T18:00:00.000,I-75,I-75 and Exit 244,,Rear End,2,Rain,Wet,Dark-Not Lighted
2022-02-25T23:28:00.000,I-75,I-75 and Exit 244,,Not a Collision with Motor Vehicle,1,Clear,Dry,Dark-Lighted
2022-08-20T14:29:00.000,I-75,I-75 and Exit 244,,Sideswipe-Same Direction,2,Clear,Dry,Daylight
2022-04-14T11:06:00.000,I-75,I-75 and Exit 244,,Sideswipe-Same Direction,2,Cloudy,Dry,Daylight
2022-07-24T03:31:00.000,I-75,I-75 and Exit 244,,Rear End,2,Clear,Dry,Dark-Not Lighted
2022-07-27T18:35:00.000,I-75,I-75 and Exit 244,,Rear End,2,Clear,Dry,Daylight
2022-05-11T01:30:00.000,I-75,I-75 and Exit 244,,Sideswipe-Same Direction,2,Clear,Dry,Dark-Lighted
2022-06-11T17:00:00.000,I-75,I-75 and Exit 244,,Sideswipe-Same Direction,2,Clear,Dry,Daylight
2022-02-06T17:00:00.000,I-75,I-75 and Exit 244,,Sideswipe-Same Direction,2,Clear,Dry,Daylight
2022-07-20T07:30:00.000,I-75,I-75 and Exit 244,,Rear End,2,Cloudy,Dry,Daylight
2022-12-07T22:54:00.000,I-75,I-75 and Exit 244,,Sideswipe-Same Direction,2,Rain,Wet,Dark-Lighted
2022-06-27T19:00:00.000,I-75,I-75 and Exit 244,,Sideswipe-Same Direction,2,Clear,Dry,Daylight
2022-03-09T18:00:00.000,I-75,I-75 and Exit 244,,Rear End,2,Clear,Dry,Dark-Lighted
2022-03-16T05:26:00.000,I-75,I-75 and Exit 244,,Sideswipe-Same Direction,2,Rain,Wet,Dark-Not Lighted
2022-07-13T18:00:00.000,I-75,I-75 and Exit 244,,Sideswipe-Same Direction,2,Cloudy,Water (standing or moving),Daylight
2022-08-03T16:24:00.000,I-75,I-75 and Exit 244,,Rear End,2,Cloudy,Dry,Daylight
2022-07-10T22:16:00.000,I-75,I-75 and Exit 244,,Sideswipe-Same Direction,2,Cloudy,Wet,Dark-Lighted
2022-10-11T20:25:00.000,I-75,I-75 and Exit 244,,Rear End,3,Clear,Dry,Daylight
2022-10-08T11:45:00.000,I-75,I-75 and Exit 244,,Sideswipe-Same Direction,2,Clear,Dry,Daylight
2022-03-05T13:59:00.000,I-75,I-75 and Exit 244,,Angle Crash,3,Clear,Dry,Daylight
2022-08-24T06:50:00.000,I-75,I-75 and Exit 244,,Sideswipe-Same Direction,2,Cloudy,Dry,Dawn
2022-05-22T11:30:00.000,I-75,I-75 and Exit 244,,Sideswipe-Same Direction,2,Clear,Dry,Daylight
2022-08-20T00:00:00.000,I-75,I-75 and Exit 244,,Rear End,2,Rain,Wet,Dark-Lighted
2022-07-17T20:17:00.000,I-75,I-75 and Exit 244,,Head On,2,Clear,Dry,Dark-Lighted
2022-03-16T21:42:00.000,I-75,I-75 and Exit 244,,Sideswipe-Same Direction,2,Clear,Wet,Dark-Lighted
2022-09-18T14:55:00.000,I-75,I-75 and Exit 244,,Rear End,5,Clear,Dry,Daylight
2023-07-07T15:15:00.000,I-75,I-75 and Exit 244,,Rear End,2,Clear,Dry,Daylight
2023-02-22T12:13:00.000,I-75,I-75 and Exit 244,,Not a Collision with Motor Vehicle,1,Clear,Dry,Daylight
2023-05-17T18:00:00.000,I-75,I-75 and Exit 244,,Sideswipe-Same Direction,2,Clear,Dry,Dark-Not Lighted
2024-06-26T10:30:00.000,I-75,I-75 and Exit 244,,Angle Crash,2,Clear,Dry,Daylight
2024-03-27T09:25:00.000,I-75,I-75 and Exit 244,,Rear End,2,Cloudy,Dry,Daylight
2024-05-22T09:53:00.000,I-75,I-75 and Exit 244,,Sideswipe-Same Direction,2,Clear,Dry,Daylight
2024-09-05T23:00:00.000,I-75,I-75 and Exit 244,,Rear End,2,Clear,Dry,Dark-Lighted
2024-09-07T14:10:00.000,I-75,I-75 and Exit 244,,Rear End,2,Clear,Dry,Daylight
2024-10-09T08:30:00.000,I-75,I-75 and Exit 244,,Rear End,2,Clear,Dry,Dawn
2024-04-06T12:01:00.000,I-75,I-75 and Exit 244,,Sideswipe-Same Direction,2,Clear,Dry,Daylight
2024-10-13T20:20:00.000,I-75,I-75 and Exit 244,,Angle Crash,2,Clear,Dry,Daylight
2024-12-29T03:00:00.000,I-75,I-75 and Exit 244,,Sideswipe-Same Direction,2,Rain,Wet,Dark-Lighted
2024-12-21T17:30:00.000,I-75,I-75 and Exit 244,,Rear End,2,Clear,Dry,Dark-Lighted
2024-11-20T06:26:00.000,I-75,I-75 and Exit 244,,Rear End,3,Rain,Water (standing or moving),Dark-Lighted
2024-01-24T06:00:00.000,I-75,I-75 and Exit 244,,Rear End,2,Rain,Water (standing or moving),Daylight
2024-06-28T23:49:00.000,I-75,I-75 and Exit 244,,Sideswipe-Same Direction,2,Rain,Wet,Dark-Lighted
2024-03-08T20:03:00.000,I-75,I-75 and Exit 244,,Rear End,2,Rain,Wet,Dark-Lighted
2023-10-25T09:00:00.000,I-75,I-75 and Exit 244,,Sideswipe-Same Direction,2,Clear,Dry,Daylight
2023-11-18T19:31:00.000,I-75,I-75 and Exit 244,,Rear End,3,Clear,Dry,Dark-Lighted
2023-05-31T23:48:00.000,I-75,I-75 and Exit 244,,Sideswipe-Same Direction,2,Clear,Dry,Dark-Lighted
2023-05-28T06:00:00.000,I-75,I-75 and Exit 244,,Sideswipe-Same Direction,2,Clear,Dry,Daylight
2023-11-17T21:30:00.000,I-75,I-75 and Exit 244,,Rear End,3,Clear,Dry,Dark-Lighted
2023-04-30T04:44:00.000,I-75,I-75 and Exit 244,,Sideswipe-Same Direction,2,Rain,Wet,Dark-Not Lighted
2023-07-05T08:40:00.000,I-75,I-75 and Exit 244,,Rear End,3,Clear,Dry,Dark-Lighted
2023-01-20T05:41:00.000,I-75,I-75 and Exit 244,,Sideswipe-Same Direction,2,Clear,Dry,Dark-Lighted
2023-12-28T21:50:00.000,I-75,I-75 and Exit 244,,Sideswipe-Same Direction,2,Clear,Dry,Dark-Lighted
2023-01-12T18:00:00.000,I-75,I-75 and Exit 244,,Sideswipe-Same Direction,2,Cloudy,Wet,Dark-Lighted
2023-03-08T20:05:00.000,I-75,I-75 and Exit 244,,Sideswipe-Same Direction,3,Clear,Dry,Dark-Lighted
2023-07-12T05:50:00.000,I-75,I-75 and Exit 244,,Sideswipe-Same Direction,2,Clear,Dry,Dawn
2023-12-13T06:40:00.000,I-75,I-75 and Exit 244,,Sideswipe-Same Direction,2,Clear,Dry,Dark-Not Lighted
2023-08-25T22:00:00.000,I-75,I-75 and Exit 244,,Angle Crash,2,Clear,Dry,Dark-Lighted
2023-06-21T16:04:00.000,I-75,I-75 and Exit 244,,Sideswipe-Same Direction,2,Rain,Wet,Daylight
2023-06-16T20:00:00.000,I-75,I-75 and Exit 244,,Rear End,2,Clear,Dry,Dark-Lighted
2023-11-22T13:14:00.000,I-75,I-75 and Exit 244,,Rear End,3,Clear,Dry,Daylight
2023-06-17T11:13:00.000,I-75,I-75 and Exit 244,,Sideswipe-Same Direction,2,Clear,Dry,Daylight
2023-03-17T23:54:00.000,I-75,I-75 and Exit 244,,Not a Collision with Motor Vehicle,1,Clear,Wet,Dark-Lighted
2023-01-21T15:30:00.000,I-75,I-75 and Exit 244,,Rear End,3,Clear,Dry,Dusk
2023-12-10T03:50:00.000,I-75,I-75 and Exit 244,,Not a Collision with Motor Vehicle,1,Rain,Water (standing or moving),Dark-Lighted
2023-07-19T13:15:00.000,I-75,I-75 and Exit 244,,Rear End,2,Clear,Dry,Daylight
2023-09-16T12:00:00.000,I-75,I-75 and Exit 244,,Rear End,3,Rain,Wet,Daylight
2024-03-03T17:00:00.000,I-75,I-75 and Exit 244,,Angle Crash,3,Clear,Dry,Daylight
2024-03-20T11:15:00.000,I-75,I-75 and Exit 244,,Angle Crash,2,Clear,Dry,Daylight
2024-09-05T21:25:00.000,I-75,I-75 and Exit 244,,Not a Collision with Motor Vehicle,1,Clear,Dry,Dark-Lighted
2024-10-14T04:30:00.000,I-75,I-75 and Exit 244,,Sideswipe-Same Direction,2,Clear,Dry,Dark-Lighted
2024-08-25T16:51:00.000,I-75,I-75 and Exit 244,,Rear End,2,Clear,Dry,Daylight
2024-04-28T02:07:00.000,I-75,I-75 and Exit 244,,Rear End,2,Clear,Dry,Dark-Lighted
2024-11-13T12:00:00.000,I-75,I-75 and Exit 244,,Rear End,2,Clear,Dry,Daylight
2024-11-27T16:39:00.000,I-75,I-75 and Exit 244,,Sideswipe-Same Direction,2,Clear,Dry,Daylight
2024-12-21T12:30:00.000,I-75,I-75 and Exit 244,,Rear End,2,Clear,Dry,Daylight
2024-12-21T13:00:00.000,I-75,I-75 and Exit 244,,Sideswipe-Same Direction,2,Clear,Dry,Daylight
2024-06-18T08:30:00.000,I-75,I-75 and Exit 244,,Rear End,2,Clear,Dry,Daylight
2024-03-30T19:00:00.000,I-75,I-75 and Exit 244,,Rear End,3,Clear,Dry,Daylight
2024-08-18T04:20:00.000,I-75,I-75 and Exit 244,,Sideswipe-Same Direction,2,Clear,Dry,Dark-Not Lighted
2024-04-13T16:48:00.000,I-75,I-75 and Exit 244,,Sideswipe-Same Direction,2,Clear,Dry,Daylight
2024-07-17T14:00:00.000,I-75,I-75 and Exit 244,,Rear End,2,Clear,Dry,Daylight
2024-10-10T23:48:00.000,I-75,I-75 and Exit 244,,Sideswipe-Same Direction,2,Clear,Dry,Dark-Lighted
2024-02-13T09:00:00.000,I-75,I-75 and Exit 244,,Rear End,2,Clear,Dry,Daylight
2024-07-29T22:50:00.000,I-75,I-75 and Exit 244,,Not a Collision with Motor Vehicle,1,Rain,Water (standing or moving),Dark-Lighted
2024-11-25T20:30:00.000,I-75,I-75 and Exit 244,,Sideswipe-Same Direction,2,Clear,Dry,Dark-Lighted
2024-12-29T01:30:00.000,I-75,I-75 and Exit 244,,Not a Collision with Motor Vehicle,1,Rain,Wet,Dark-Lighted
2024-10-06T12:51:00.000,I-75,I-75 and Exit 244,,Sideswipe-Same Direction,2,Clear,Dry,Daylight
2024-04-17T16:20:00.000,I-75,I-75 and Exit 244,,Rear End,2,Clear,Dry,Daylight
2024-07-27T21:30:00.000,I-75,I-75 and Exit 244,,Rear End,2,Clear,Dry,Dark-Lighted
2024-02-02T00:01:00.000,I-75,I-75 and Exit 244,,Rear End,2,Clear,Dry,Dark-Lighted
2024-11-13T10:00:00.000,I-75,I-75 and Exit 244,,Sideswipe-Same Direction,2,Clear,Dry,Daylight
2024-10-23T22:28:00.000,I-75,I-75 and Exit 244,,Rear End,2,Clear,Dry,Dark-Not Lighted
2024-10-06T08:00:00.000,I-75,I-75 and Exit 244,,Sideswipe-Same Direction,2,Clear,Dry,Daylight
2024-10-06T12:30:00.000,I-75,I-75 and Exit 244,,Sideswipe-Same Direction,2,Clear,Dry,Daylight
2024-09-21T10:30:00.000,I-75,I-75 and Exit 244,,Sideswipe-Same Direction,2,Clear,Dry,Daylight
2024-10-04T05:48:00.000,I-75,I-75 and Exit 244,,Sideswipe-Same Direction,2,Cloudy,Dry,Dark-Lighted
2024-02-26T19:58:00.000,I-75,I-75 and Exit 244,,Angle Crash,2,Clear,Dry,Dusk
2024-11-15T17:00:00.000,I-75,I-75 and Exit 244,,Sideswipe-Same Direction,2,Clear,Dry,Daylight
2024-07-06T15:03:00.000,I-75,I-75 and Exit 244,,Rear End,2,Clear,Dry,Daylight
2024-02-17T07:30:00.000,I-75,I-75 and Exit 244,,Angle Crash,2,Clear,Dry,Daylight
2024-04-28T03:30:00.000,I-75,I-75 and Exit 244,,Rear End,2,Clear,Dry,Dark-Not Lighted
2024-09-03T19:47:00.000,I-75,I-75 and Exit 244,,Rear End,2,Clear,Dry,Dusk
2024-01-06T04:30:00.000,I-75,I-75 and Exit 244,,Angle Crash,2,Rain,Water (standing or moving),Dark-Lighted
2024-08-22T22:26:00.000,I-75,I-75 and Exit 244,,Sideswipe-Same Direction,2,Clear,Dry,Dark-Lighted
2024-11-07T04:00:00.000,I-75,I-75 and Exit 244,,Sideswipe-Same Direction,2,Rain,Water (standing or moving),Dark-Lighted
2024-08-05T17:00:00.000,I-75,I-75 and Exit 244,,Sideswipe-Same Direction,2,Clear,Dry,Daylight
2024-04-28T04:30:00.000,I-75,I-75 and Exit 244,,Sideswipe-Same Direction,2,Clear,Dry,Dark-Lighted
2024-07-17T21:56:00.000,I-75,I-75 and Exit 244,,Angle Crash,2,Clear,Dry,Dark-Not Lighted
2024-12-29T21:20:00.000,I-75,I-75 and Exit 244,,Sideswipe-Same Direction,2,Clear,Dry,Dark-Lighted
2024-11-17T14:55:00.000,I-75,I-75 and Exit 244,,Rear End,3,Clear,Dry,Daylight
2024-09-07T07:30:00.000,I-75,I-75 and Exit 244,,Rear End,3,Clear,Dry,Daylight
2024-02-27T17:30:00.000,I-75,I-75 and Exit 244,,Rear End,2,Clear,Dry,Dark-Lighted
2024-09-14T13:00:00.000,I-75,I-75 and Exit 244,,Angle Crash,2,Rain,Wet,Daylight
2024-06-23T00:24:00.000,I-75,I-75 and Exit 244,,Sideswipe-Same Direction,2,Clear,Dry,Dark-Not Lighted
2021-11-23T01:15:00.000,I-75,I-75 and Exit 243,,Rear End,2,Clear,Dry,Dark-Lighted
2021-11-07T00:30:00.000,I-75,I-75 and Exit 243,,Sideswipe-Same Direction,2,Clear,Dry,Dark-Lighted
2023-05-27T01:10:00.000,I-75,I-75 and Exit 243,,Sideswipe-Same Direction,2,Clear,Dry,Dark-Lighted
2023-12-11T20:55:00.000,I-75,I-75 and Exit 243,,Rear End,2,Clear,Dry,Dark-Lighted
2023-12-02T04:00:00.000,I-75,I-75 and Exit 243,,Rear End,2,Clear,Dry,Dark-Not Lighted
2023-12-28T03:15:00.000,I-75,I-75 and Exit 243,,Sideswipe-Same Direction,2,Clear,Dry,Dark-Lighted
2023-06-03T01:30:00.000,I-75,I-75 and Exit 243,,Angle Crash,2,Clear,Dry,Dark-Not Lighted
2023-08-29T23:15:00.000,I-75,I-75 and Exit 243,,Sideswipe-Same Direction,3,Rain,Wet,Dark-Lighted
2023-01-06T02:45:00.000,I-75,I-75 and Exit 243,,Sideswipe-Same Direction,2,Clear,Dry,Dark-Lighted
2023-04-23T22:30:00.000,I-75,I-75 and Exit 243,,Angle Crash,7,Clear,Dry,Dark-Lighted
2023-10-05T23:00:00.000,I-75,I-75 and Exit 243,,Rear End,3,Clear,Dry,Dark-Not Lighted
2023-01-11T13:26:00.000,I-75,I-75 and Exit 243,,Rear End,4,Cloudy,Dry,Daylight
2023-10-20T04:36:00.000,I-75,I-75 and Exit 243,,Sideswipe-Same Direction,2,Clear,Dry,Dark-Lighted
2023-12-09T20:30:00.000,I-75,I-75 and Exit 243,,Rear End,3,Rain,Wet,Dark-Lighted
2023-10-14T04:00:00.000,I-75,I-75 and Exit 243,,Not a Collision with Motor Vehicle,1,Clear,Ice/Frost,Dark-Not Lighted
2022-10-23T03:15:00.000,I-75,I-75 and Exit 243,,Sideswipe-Same Direction,2,Clear,Dry,Dark-Lighted
2022-10-01T00:00:00.000,I-75,I-75 and Exit 243,,Sideswipe-Same Direction,2,Clear,Dry,Dark-Lighted
2022-08-19T23:51:00.000,I-75,I-75 and Exit 243,,Sideswipe-Same Direction,2,Clear,Dry,Dusk
2021-12-11T05:00:00.000,I-75,I-75 and Exit 243,,Sideswipe-Same Direction,2,Rain,Wet,Dark-Not Lighted
2022-03-06T20:59:00.000,I-75,I-75 and Exit 243,,Rear End,2,Clear,Dry,Dark-Not Lighted
2022-01-06T20:36:00.000,I-75,I-75 and Exit 243,,Sideswipe-Same Direction,2,Clear,Dry,Dark-Lighted
2022-10-30T01:36:00.000,I-75,I-75 and Exit 243,,Sideswipe-Same Direction,2,Rain,Wet,Dark-Lighted
2022-10-12T11:34:00.000,I-75,I-75 and Exit 243,,Sideswipe-Same Direction,2,Cloudy,Water (standing or moving),Daylight
2022-03-20T07:00:00.000,I-75,I-75 and Exit 243,,Sideswipe-Same Direction,2,Clear,Dry,Dark-Lighted
2022-06-15T14:37:00.000,I-75,I-75 and Exit 243,,Sideswipe-Same Direction,2,Clear,Dry,Daylight
2022-03-12T14:30:00.000,I-75,I-75 and Exit 243,,Sideswipe-Same Direction,2,Clear,Dry,Daylight
2022-08-24T07:49:00.000,I-75,I-75 and Exit 243,,Rear End,2,Cloudy,Dry,Daylight
2022-01-25T23:46:00.000,I-75,I-75 and Exit 243,,Sideswipe-Same Direction,2,Clear,Dry,Dark-Lighted
2022-06-18T12:00:00.000,I-75,I-75 and Exit 243,,Sideswipe-Same Direction,2,Clear,Dry,Dark-Lighted
2023-01-05T04:20:00.000,I-75,I-75 and Exit 243,,Sideswipe-Same Direction,2,Cloudy,Dry,Dark-Lighted
2024-07-13T17:35:00.000,I-75,I-75 and Exit 243,,Rear End,2,Clear,Dry,Daylight
2024-01-23T22:00:00.000,I-75,I-75 and Exit 243,,Angle Crash,4,Cloudy,Dry,Dark-Not Lighted
2024-05-22T16:10:00.000,I-75,I-75 and Exit 243,,Rear End,2,Clear,Dry,Daylight
2024-03-30T15:30:00.000,I-75,I-75 and Exit 243,,Rear End,2,Clear,Dry,Daylight
2024-08-15T23:03:00.000,I-75,I-75 and Exit 243,,Sideswipe-Same Direction,2,Clear,Dry,Dark-Not Lighted
2024-01-24T16:52:00.000,I-75,I-75 and Exit 243,,Sideswipe-Opposite Direction,2,Cloudy,Wet,Daylight
2023-12-27T12:00:00.000,I-75,I-75 and Exit 243,,Sideswipe-Same Direction,2,Clear,Dry,Daylight
2023-03-25T02:25:00.000,I-75,I-75 and Exit 243,,Sideswipe-Same Direction,2,Clear,Dry,Dark-Not Lighted
2023-10-12T22:00:00.000,I-75,I-75 and Exit 243,,Angle Crash,2,Clear,Dry,Dark-Not Lighted
2023-05-17T21:00:00.000,I-75,I-75 and Exit 243,,Sideswipe-Same Direction,2,Clear,Dry,Dark-Lighted
2023-05-31T17:31:00.000,I-75,I-75 and Exit 243,,Rear End,2,Clear,Dry,Daylight
2023-01-07T00:02:00.000,I-75,I-75 and Exit 243,,Rear End,3,Clear,Dry,Dusk
2023-04-16T07:00:00.000,I-75,I-75 and Exit 243,,Rear End,5,Clear,Dry,Dark-Lighted
2023-02-17T20:30:00.000,I-75,I-75 and Exit 243,,Angle Crash,2,Clear,Dry,Dark-Lighted
2023-02-15T10:57:00.000,I-75,I-75 and Exit 243,,Sideswipe-Same Direction,3,Cloudy,Wet,Daylight
2023-08-19T12:44:00.000,I-75,I-75 and Exit 243,,Rear End,3,Clear,Dry,Daylight
2024-09-23T03:34:00.000,I-75,I-75 and Exit 243,,Sideswipe-Same Direction,2,Clear,Dry,Dark-Lighted
2024-03-16T06:05:00.000,I-75,I-75 and Exit 243,,Rear End,2,Clear,Dry,Dark-Lighted
2024-05-19T02:04:00.000,I-75,I-75 and Exit 243,,Sideswipe-Same Direction,2,Clear,Dry,Dark-Not Lighted
2024-09-11T16:01:00.000,I-75,I-75 and Exit 243,,Sideswipe-Same Direction,2,Clear,Dry,Daylight
2024-08-28T07:37:00.000,I-75,I-75 and Exit 243,,Sideswipe-Same Direction,2,Clear,Dry,Daylight
2024-08-21T05:00:00.000,I-75,I-75 and Exit 243,,Angle Crash,2,Clear,Dry,Dark-Not Lighted
2024-12-04T18:00:00.000,I-75,I-75 and Exit 243,,Sideswipe-Same Direction,3,Clear,Dry,Dark-Lighted
2024-08-28T04:11:00.000,I-75,I-75 and Exit 243,,Rear End,2,Clear,Dry,Dark-Lighted
2024-02-24T19:50:00.000,I-75,I-75 and Exit 243,,Rear End,2,Clear,Dry,Dark-Lighted
2024-09-07T00:56:00.000,I-75,I-75 and Exit 243,,Rear End,2,Clear,Dry,Dark-Lighted
2024-12-28T23:56:00.000,I-75,I-75 and Exit 243,,Sideswipe-Same Direction,2,Rain,Water (standing or moving),Dark-Not Lighted
2024-12-20T19:40:00.000,I-75,I-75 and Exit 243,,Rear End,3,Clear,Dry,Dark-Lighted
2024-08-21T06:28:00.000,I-75,I-75 and Exit 243,,Rear End,2,Clear,Dry,Daylight
2024-10-19T01:00:00.000,I-75,I-75 and Exit 243,,Rear End,2,Clear,Dry,Dark-Not Lighted
2024-10-31T03:00:00.000,I-75,I-75 and Exit 243,,Rear End,2,Clear,Dry,Dark-Not Lighted
2024-05-13T20:15:00.000,I-75,I-75 and Exit 243,,Sideswipe-Same Direction,2,Clear,Dry,Dark-Lighted
2024-06-05T13:43:00.000,I-75,I-75 and Exit 243,,Rear End,2,Clear,Dry,Daylight
2024-11-26T04:00:00.000,I-75,I-75 and Exit 243,,Not a Collision with Motor Vehicle,1,Rain,Water (standing or moving),Dark-Not Lighted
2024-11-27T13:15:00.000,I-75,I-75 and Exit 243,,Sideswipe-Same Direction,2,Clear,Dry,Daylight
2021-12-08T09:12:00.000,I-75,I-75 and Exit 242,,Not a Collision with Motor Vehicle,1,Cloudy,Water (standing or moving),Daylight
2023-08-23T08:25:00.000,I-75,I-75 and Exit 242,,Rear End,2,Clear,Dry,Daylight
2023-08-11T06:00:00.000,I-75,I-75 and Exit 242,,Angle Crash,2,Cloudy,Water (standing or moving),Dawn
2023-03-12T05:30:00.000,I-75,I-75 and Exit 242,,Rear End,4,Cloudy,Dry,Dusk
2023-06-04T21:58:00.000,I-75,I-75 and Exit 242,,Rear End,2,Clear,Dry,Dark-Lighted
2022-11-09T13:51:00.000,I-75,I-75 and Exit 242,,Sideswipe-Same Direction,2,Clear,Dry,Daylight
2022-12-10T04:36:00.000,I-75,I-75 and Exit 242,,Angle Crash,3,Rain,Wet,Dark-Lighted
2021-12-31T01:00:00.000,I-75,I-75 and Exit 242,,Not a Collision with Motor Vehicle,1,Cloudy,Water (standing or moving),Dark-Lighted
2022-03-06T00:59:00.000,I-75,I-75 and Exit 242,,Sideswipe-Opposite Direction,2,Clear,Dry,Dark-Lighted
2022-09-04T22:10:00.000,I-75,I-75 and Exit 242,,Not a Collision with Motor Vehicle,1,Rain,Water (standing or moving),Dark-Lighted
2022-06-30T04:22:00.000,I-75,I-75 and Exit 242,,Angle Crash,3,Cloudy,Wet,Dark-Lighted
2022-09-04T22:17:00.000,I-75,I-75 and Exit 242,,Rear End,3,Cloudy,Other,Dusk
2022-09-10T02:18:00.000,I-75,I-75 and Exit 242,,Not a Collision with Motor Vehicle,1,Rain,Water (standing or moving),Dark-Lighted
2022-12-18T23:30:00.000,I-75,I-75 and Exit 242,,Sideswipe-Same Direction,2,Clear,Dry,Dark-Lighted
2022-12-03T06:30:00.000,I-75,I-75 and Exit 242,,Sideswipe-Same Direction,2,Clear,Dry,Daylight
2022-10-12T07:45:00.000,I-75,I-75 and Exit 242,,Angle Crash,2,Cloudy,Water (standing or moving),Daylight
2022-04-12T22:00:00.000,I-75,I-75 and Exit 242,,Angle Crash,3,Clear,Dry,Dark-Lighted
2022-01-19T22:00:00.000,I-75,I-75 and Exit 242,,Sideswipe-Same Direction,2,Clear,Dry,Dark-Lighted
2024-03-06T11:25:00.000,I-75,I-75 and Exit 242,,Rear End,2,Cloudy,Dry,Daylight
2023-07-21T22:30:00.000,I-75,I-75 and Exit 242,,Angle Crash,6,Rain,Wet,Dark-Not Lighted
2023-04-06T13:15:00.000,I-75,I-75 and Exit 242,,Sideswipe-Same Direction,2,Cloudy,Dry,Daylight
2023-03-29T21:34:00.000,I-75,I-75 and Exit 242,,Sideswipe-Same Direction,2,Clear,Dry,Dark-Lighted
2023-08-11T07:00:00.000,I-75,I-75 and Exit 242,,Sideswipe-Same Direction,2,Cloudy,Water (standing or moving),Dawn
2023-11-04T22:00:00.000,I-75,I-75 and Exit 242,,Rear End,2,Clear,Ice/Frost,Dark-Not Lighted
2024-02-14T11:09:00.000,I-75,I-75 and Exit 242,,Sideswipe-Same Direction,3,Clear,Dry,Daylight
2024-03-23T02:45:00.000,I-75,I-75 and Exit 242,,Rear End,2,Rain,Wet,Dark-Lighted
2021-12-11T12:15:00.000,I-75,I-75 and Exit 241,,Sideswipe-Same Direction,2,Cloudy,Dry,Daylight
2023-07-05T02:30:00.000,I-75,I-75 and Exit 241,,Sideswipe-Same Direction,2,Clear,Dry,Dark-Lighted
2023-04-07T23:50:00.000,I-75,I-75 and Exit 241,,Sideswipe-Same Direction,2,Cloudy,Dry,Dark-Lighted
2023-04-05T07:29:00.000,I-75,I-75 and Exit 241,,Angle Crash,2,Cloudy,Dry,Daylight
2023-11-08T14:45:00.000,I-75,I-75 and Exit 241,,Sideswipe-Same Direction,2,Clear,Dry,Daylight
2023-09-22T21:05:00.000,I-75,I-75 and Exit 241,,Not a Collision with Motor Vehicle,1,Clear,Dry,Dark-Lighted
2023-12-09T20:30:00.000,I-75,I-75 and Exit 241,,Sideswipe-Same Direction,2,Cloudy,Water (standing or moving),Dark-Not Lighted
2021-12-07T03:30:00.000,I-75,I-75 and Exit 241,,Angle Crash,2,Clear,Dry,Dark-Lighted
2022-10-12T07:00:00.000,I-75,I-75 and Exit 241,,Rear End,2,Cloudy,Water (standing or moving),Daylight
2022-06-12T22:34:00.000,I-75,I-75 and Exit 241,,Not a Collision with Motor Vehicle,1,Clear,Dry,Dark-Lighted
2022-07-09T12:23:00.000,I-75,I-75 and Exit 241,,Sideswipe-Same Direction,2,Rain,Water (standing or moving),Daylight
2022-06-12T19:26:00.000,I-75,I-75 and Exit 241,,Rear End,2,Clear,Dry,Daylight
2022-01-02T05:02:00.000,I-75,I-75 and Exit 241,,Rear End,2,Rain,Water (standing or moving),Dark-Not Lighted
2022-01-02T05:30:00.000,I-75,I-75 and Exit 241,,Not a Collision with Motor Vehicle,2,Cloudy,Water (standing or moving),Dark-Lighted