Date and Time,Roadway (From Crash Report),Intersection Name (from Crash Report),KABCO Severity,Manner of Collision (Crash Level) ,# of Vehicles per crash ,Weather Conditions (Crash Level),Surface Condition (Crash Level) ,Light Conditions (Crash Level)
2022-07-17T23:35:00.000,I-75,I-75 and Exit 241,,Sideswipe-Same Direction,2,Clear,Dry,Dark-Not Lighted
2022-05-18T12:20:00.000,I-75,I-75 and Exit 241,,Sideswipe-Same Direction,2,Clear,Dry,Daylight
2022-12-19T09:40:00.000,I-75,I-75 and Exit 241,,Sideswipe-Same Direction,2,Clear,Dry,Daylight
2023-05-27T02:50:00.000,I-75,I-75 and Exit 241,,Angle Crash,2,Clear,Dry,Dark-Lighted
2024-08-25T12:05:00.000,I-75,I-75 and Exit 241,,Rear End,2,Clear,Dry,Daylight
2023-04-01T03:50:00.000,I-75,I-75 and Exit 241,,Not a Collision with Motor Vehicle,1,Clear,Dry,Dark-Lighted
2024-01-24T08:53:00.000,I-75,I-75 and Exit 241,,Angle Crash,3,Rain,Wet,Daylight
2024-08-25T11:38:00.000,I-75,I-75 and Exit 241,,Rear End,2,Clear,Dry,Daylight
2024-01-06T16:35:00.000,I-75,I-75 and Exit 241,,Angle Crash,4,Other,Wet,Daylight
2024-04-29T08:00:00.000,I-75,I-75 and Exit 241,,Rear End,2,Cloudy,Dry,Daylight
2024-08-21T05:50:00.000,I-75,I-75 and Exit 241,,Sideswipe-Same Direction,2,Cloudy,Dry,Dark-Not Lighted
2024-06-02T08:00:00.000,I-75,I-75 and Exit 241,,Not a Collision with Motor Vehicle,1,Cloudy,Dry,Daylight
2024-03-23T23:00:00.000,I-75,I-75 and Exit 241,,Sideswipe-Same Direction,2,Clear,Dry,Dark-Lighted
2023-11-24T22:00:00.000,I-75,I-75 and Exit 239,,Sideswipe-Same Direction,2,Clear,Dry,Dark-Lighted
2024-09-05T23:37:00.000,I-75,I-75 and Exit 239,,Rear End,2,Clear,Dry,Dark-Lighted
2024-04-18T13:45:00.000,I-75,I-75 and Exit 239,,Sideswipe-Same Direction,2,Clear,Dry,Daylight
2022-08-14T16:48:00.000,I-75,I-75 and Exit 238B,,Head On,4,Clear,Dry,Daylight
2022-09-18T13:00:00.000,I-75,I-75 and Exit 238B,,Angle Crash,3,Clear,Dry,Daylight
2024-07-02T06:00:00.000,I-75,I-75 and Exit 138,,Sideswipe-Same Direction,2,Rain,Wet,Dawn
2024-12-02T17:02:00.000,I-75,I-75 and Exit 138,,Sideswipe-Same Direction,2,Clear,Dry,Daylight
2021-09-28T22:07:00.000,I-75,I-75 and Exit 136,,Rear End,2,Clear,Dry,Dark-Not Lighted
2022-01-07T23:05:00.000,I-75,I-75 and Exit 136,,Sideswipe-Same Direction,2,Clear,Dry,Dark-Lighted
2024-11-20T03:50:00.000,I-75,I-75 and Exit 136,,Not a Collision with Motor Vehicle,1,Rain,Wet,Dark-Lighted
2022-02-18T17:11:00.000,I-75,I-75 and Exit 135,,Sideswipe-Same Direction,2,Clear,Dry,Daylight
2024-08-04T06:07:00.000,I-75,I-75 and Exit 135,,Not a Collision with Motor Vehicle,1,Clear,Dry,Dark-Not Lighted
2023-01-22T16:35:00.000,I-75,I-75 and Exit 135,,Sideswipe-Same Direction,2,Rain,Water (standing or moving),Daylight
2024-09-05T05:48:00.000,I-75,I-75 and Exit 135,,Sideswipe-Same Direction,2,Clear,Dry,Dark-Lighted
2024-08-17T16:10:00.000,I-75,I-75 and Exit 134,,Angle Crash,2,Clear,Dry,Daylight
2024-04-26T21:27:00.000,I-75,I-75 and Exit 134,,Sideswipe-Same Direction,2,Clear,Dry,Dark-Not Lighted
2023-05-06T16:11:00.000,I-75,I-75 and Ellis St Ne,,Sideswipe-Same Direction,2,Clear,Dry,Daylight
2023-04-02T20:00:00.000,I-75,I-75 and Ellis St Ne,,Rear End,2,Clear,Dry,Dark-Lighted
2023-05-17T17:44:00.000,I-75,I-75 and Ellis St Ne,,Rear End,2,Clear,Dry,Daylight
2023-03-03T20:22:00.000,I-75,I-75 and Ellis St Ne,,Rear End,2,Cloudy,Dry,Dark-Lighted
2023-11-25T15:00:00.000,I-75,I-75 and Ellis St Ne,,Sideswipe-Opposite Direction,2,Other,Dry,Daylight
2023-07-08T17:38:00.000,I-75,I-75 and Ellis St Ne,,Rear End,2,Clear,Dry,Daylight
2023-06-17T18:30:00.000,I-75,I-75 and Ellis St Ne,,Rear End,2,Clear,Dry,Daylight
2022-08-26T06:05:00.000,I-75,I-75 and Ellis St Ne,,Sideswipe-Same Direction,2,Rain,Wet,Dark-Lighted
2021-12-05T12:28:00.000,I-75,I-75 and Ellis St Ne,,Rear End,4,Cloudy,Dry,Daylight
2021-10-29T20:00:00.000,I-75,I-75 and Ellis St Ne,,Sideswipe-Same Direction,3,Rain,Water (standing or moving),Dark-Lighted
2021-11-15T20:00:00.000,I-75,I-75 and Ellis St Ne,,Angle Crash,2,Clear,Dry,Dark-Lighted
2022-12-17T08:41:00.000,I-75,I-75 and Ellis St Ne,,Not a Collision with Motor Vehicle,1,Cloudy,Dry,Daylight
2022-12-11T13:00:00.000,I-75,I-75 and Ellis St Ne,,Rear End,2,Rain,Water (standing or moving),Daylight
2022-09-04T01:45:00.000,I-75,I-75 and Ellis St Ne,,Angle Crash,2,Clear,Dry,Dark-Lighted
2022-01-15T05:00:00.000,I-75,I-75 and Ellis St Ne,,Sideswipe-Same Direction,2,Clear,Dry,Dark-Lighted
2022-10-12T18:00:00.000,I-75,I-75 and Ellis St Ne,,Sideswipe-Same Direction,2,Cloudy,Wet,Daylight
2022-07-30T23:00:00.000,I-75,I-75 and Ellis St Ne,,Angle Crash,2,Clear,Dry,Dark-Not Lighted
2022-11-02T14:28:00.000,I-75,I-75 and Ellis St Ne,,Rear End,2,Clear,Dry,Daylight
2022-12-01T21:00:00.000,I-75,I-75 and Ellis St Ne,,Angle Crash,2,Cloudy,Dry,Dark-Lighted
2022-05-04T07:00:00.000,I-75,I-75 and Ellis St Ne,,Rear End,2,Clear,Dry,Daylight
2022-02-26T02:00:00.000,I-75,I-75 and Ellis St Ne,,Not a Collision with Motor Vehicle,1,Clear,Dry,Dark-Not Lighted
2022-09-24T22:49:00.000,I-75,I-75 and Ellis St Ne,,Rear End,2,Clear,Dry,Dark-Lighted
2022-07-14T21:34:00.000,I-75,I-75 and Ellis St Ne,,Angle Crash,2,Clear,Dry,Dark-Lighted
2022-03-19T01:00:00.000,I-75,I-75 and Ellis St Ne,,Angle Crash,2,Clear,Wet,Dark-Lighted
2022-10-09T11:29:00.000,I-75,I-75 and Ellis St Ne,,Sideswipe-Same Direction,2,Clear,Dry,Daylight
2024-03-30T22:00:00.000,I-75,I-75 and Ellis St Ne,,Rear End,2,Clear,Dry,Dark-Lighted
2024-02-17T15:15:00.000,I-75,I-75 and Ellis St Ne,,Rear End,2,Clear,Dry,Daylight
2024-12-21T13:50:00.000,I-75,I-75 and Ellis St Ne,,Sideswipe-Same Direction,2,Clear,Dry,Daylight
2023-04-30T16:10:00.000,I-75,I-75 and Ellis St Ne,,Not a Collision with Motor Vehicle,1,Clear,Dry,Daylight
2023-08-24T13:45:00.000,I-75,I-75 and Ellis St Ne,,Sideswipe-Same Direction,2,Clear,Dry,Daylight
2023-12-25T20:05:00.000,I-75,I-75 and Ellis St Ne,,Head On,2,Rain,Wet,Dark-Lighted
2024-11-30T04:47:00.000,I-75,I-75 and Ellis St Ne,,Not a Collision with Motor Vehicle,1,Clear,Dry,Dark-Lighted
2024-07-10T08:50:00.000,I-75,I-75 and Ellis St Ne,,Rear End,4,Clear,Dry,Daylight
2024-08-08T19:30:00.000,I-75,I-75 and Ellis St Ne,,Angle Crash,2,Clear,Dry,Daylight
2024-04-07T09:05:00.000,I-75,I-75 and Ellis St Ne,,Angle Crash,2,Clear,Dry,Daylight
2024-03-23T15:00:00.000,I-75,I-75 and Ellis St Ne,,Sideswipe-Same Direction,2,Clear,Dry,Daylight
2024-09-11T09:00:00.000,I-75,I-75 and Ellis St Ne,,Not a Collision with Motor Vehicle,1,Cloudy,Dry,Daylight
2021-12-12T18:15:00.000,I-75,I-75 and Edgewood Ave Se,,Rear End,3,Clear,Dry,Dark-Lighted
2021-12-17T21:19:00.000,I-75,I-75 and Edgewood Ave Se,,Sideswipe-Same Direction,2,Clear,Dry,Dark-Lighted
2023-10-28T14:00:00.000,I-75,I-75 and Edgewood Ave Se,,Rear End,2,Clear,Dry,Daylight
2023-11-22T17:07:00.000,I-75,I-75 and Edgewood Ave Se,,Sideswipe-Same Direction,2,Clear,Dry,Daylight
2023-01-04T15:49:00.000,I-75,I-75 and Edgewood Ave Se,,Rear End,2,Clear,Dry,Daylight
2023-12-09T14:06:00.000,I-75,I-75 and Edgewood Ave Se,,Rear End,3,Clear,Dry,Daylight
2021-11-21T18:19:00.000,I-75,I-75 and Edgewood Ave Se,,Rear End,3,Clear,Dry,Dark-Lighted
2021-11-17T14:50:00.000,I-75,I-75 and Edgewood Ave Se,,Sideswipe-Same Direction,2,Clear,Dry,Daylight
2021-12-18T22:00:00.000,I-75,I-75 and Edgewood Ave Se,,Sideswipe-Same Direction,2,Clear,Dry,Dark-Lighted
2022-07-13T14:38:00.000,I-75,I-75 and Edgewood Ave Se,,Sideswipe-Same Direction,2,Clear,Dry,Daylight
2022-01-09T20:30:00.000,I-75,I-75 and Edgewood Ave Se,,Sideswipe-Same Direction,2,Rain,Wet,Dark-Lighted
2021-11-20T09:05:00.000,I-75,I-75 and Edgewood Ave Se,,Sideswipe-Same Direction,2,Clear,Dry,Daylight
2022-04-05T12:30:00.000,I-75,I-75 and Edgewood Ave Se,,Sideswipe-Same Direction,2,Rain,Wet,Daylight
2022-01-19T17:59:00.000,I-75,I-75 and Edgewood Ave Se,,Rear End,2,Clear,Dry,Dark-Lighted
2022-04-23T20:30:00.000,I-75,I-75 and Edgewood Ave Se,,Rear End,3,Clear,Dry,Dark-Lighted
2022-03-16T11:00:00.000,I-75,I-75 and Edgewood Ave Se,,Rear End,2,Clear,Dry,Daylight
2022-07-09T10:08:00.000,I-75,I-75 and Edgewood Ave Se,,Rear End,2,Cloudy,Water (standing or moving),Dark-Lighted
2022-12-03T12:00:00.000,I-75,I-75 and Edgewood Ave Se,,Rear End,2,Cloudy,Water (standing or moving),Daylight
2021-11-06T11:00:00.000,I-75,I-75 and Edgewood Ave Se,,Angle Crash,3,Clear,Dry,Daylight
2022-11-16T15:07:00.000,I-75,I-75 and Edgewood Ave Se,,Sideswipe-Same Direction,2,Clear,Dry,Daylight
2022-10-23T11:00:00.000,I-75,I-75 and Edgewood Ave Se,,Rear End,3,Clear,Dry,Daylight
2022-07-17T05:00:00.000,I-75,I-75 and Edgewood Ave Se,,Not a Collision with Motor Vehicle,1,Clear,Dry,Dark-Lighted
2022-11-27T19:56:00.000,I-75,I-75 and Edgewood Ave Se,,Angle Crash,2,Clear,Dry,Dark-Lighted
2022-05-20T17:57:00.000,I-75,I-75 and Edgewood Ave Se,,Sideswipe-Same Direction,2,Clear,Dry,Daylight
2022-10-23T14:40:00.000,I-75,I-75 and Edgewood Ave Se,,Rear End,2,Clear,Dry,Daylight
2022-12-06T00:00:00.000,I-75,I-75 and Edgewood Ave Se,,Not a Collision with Motor Vehicle,1,Rain,Wet,Dark-Lighted
2022-07-23T14:32:00.000,I-75,I-75 and Edgewood Ave Se,,Rear End,2,Cloudy,Dry,Daylight
2023-09-29T20:42:00.000,I-75,I-75 and Edgewood Ave Se,,Rear End,2,Clear,Dry,Daylight
2023-02-08T17:47:00.000,I-75,I-75 and Edgewood Ave Se,,Sideswipe-Same Direction,2,Clear,Dry,Dark-Lighted
2024-06-01T14:00:00.000,I-75,I-75 and Edgewood Ave Se,,Rear End,2,Clear,Dry,Daylight
2024-06-12T10:50:00.000,I-75,I-75 and Edgewood Ave Se,,Rear End,2,Clear,Dry,Daylight
2024-11-06T18:59:00.000,I-75,I-75 and Edgewood Ave Se,,Rear End,2,Clear,Dry,Dark-Lighted
2024-09-01T01:05:00.000,I-75,I-75 and Edgewood Ave Se,,Not a Collision with Motor Vehicle,1,Clear,Dry,Dark-Not Lighted
2024-04-23T17:30:00.000,I-75,I-75 and Edgewood Ave Se,,Sideswipe-Same Direction,2,Clear,Dry,Daylight
2024-04-03T11:50:00.000,I-75,I-75 and Edgewood Ave Se,,Rear End,3,Clear,Dry,Daylight
2023-12-30T13:40:00.000,I-75,I-75 and Edgewood Ave Se,,Rear End,2,Clear,Dry,Daylight
2023-05-24T14:16:00.000,I-75,I-75 and Edgewood Ave Se,,Rear End,2,Clear,Dry,Daylight
2023-09-29T21:10:00.000,I-75,I-75 and Edgewood Ave Se,,Rear End,2,Clear,Dry,Dark-Lighted
2023-06-25T12:10:00.000,I-75,I-75 and Edgewood Ave Se,,Rear End,2,Clear,Dry,Daylight
2024-05-22T17:37:00.000,I-75,I-75 and Edgewood Ave Se,,Rear End,2,Clear,Dry,Daylight
2024-10-23T07:30:00.000,I-75,I-75 and Edgewood Ave Se,,Rear End,3,Clear,Dry,Daylight
2024-07-03T16:40:00.000,I-75,I-75 and Edgewood Ave Se,,Rear End,2,Clear,Dry,Daylight
2024-04-03T15:00:00.000,I-75,I-75 and Edgewood Ave Se,,Rear End,2,Clear,Dry,Daylight
2024-10-30T16:22:00.000,I-75,I-75 and Edgewood Ave Se,,Rear End,2,Clear,Dry,Daylight
2024-11-07T11:43:00.000,I-75,I-75 and Edgewood Ave Se,,Rear End,2,Cloudy,Dry,Daylight
2024-11-10T02:00:00.000,I-75,I-75 and Edgewood Ave Se,,Angle Crash,2,Clear,Dry,Dark-Lighted
2024-11-24T11:51:00.000,I-75,I-75 and Edgewood Ave Se,,Rear End,2,Clear,Dry,Daylight
2024-11-11T06:51:00.000,I-75,I-75 and Edgewood Ave Se,,Sideswipe-Same Direction,2,Fog,Wet,Daylight
2024-09-02T09:00:00.000,I-75,I-75 and Edgewood Ave Se,,Sideswipe-Same Direction,2,Clear,Dry,Daylight
2024-04-03T15:30:00.000,I-75,I-75 and Edgewood Ave Se,,Angle Crash,2,Clear,Dry,Daylight
2024-05-11T09:30:00.000,I-75,I-75 and Edgewood Ave Se,,Angle Crash,3,Clear,Dry,Daylight
2024-09-20T20:32:00.000,I-75,I-75 and Edgewood Ave Se,,Rear End,2,Clear,Dry,Dark-Lighted
2024-11-09T13:00:00.000,I-75,I-75 and Edgewood Ave Se,,Rear End,2,Clear,Dry,Dusk
2024-07-24T11:07:00.000,I-75,I-75 and Edgewood Ave Se,,Angle Crash,2,Clear,Dry,Daylight
2024-01-27T20:00:00.000,I-75,I-75 and Edgewood Ave Se,,Angle Crash,2,Rain,Wet,Dark-Not Lighted
2024-04-06T21:09:00.000,I-75,I-75 and Edgewood Ave Se,,Sideswipe-Same Direction,2,Clear,Dry,Dark-Lighted
2024-06-26T06:45:00.000,I-75,I-75 and Edgewood Ave Se,,Sideswipe-Same Direction,2,Clear,Dry,Daylight
2024-07-24T08:08:00.000,I-75,I-75 and Edgewood Ave Se,,Rear End,2,Cloudy,Dry,Daylight
2024-12-15T01:00:00.000,I-75,I-75 and Edgewood Ave Se,,Rear End,2,Clear,Dry,Dark-Lighted
2021-08-22T13:58:00.000,I-75,I-75 and Edgewood Ave Ne,,Rear End,2,Cloudy,Dry,Daylight
2021-09-12T15:10:00.000,I-75,I-75 and Edgewood Ave Ne,,Rear End,2,Clear,Dry,Daylight
2022-10-12T14:49:00.000,I-75,I-75 and Edgewood Ave Ne,,Sideswipe-Opposite Direction,2,Rain,Wet,Daylight
2024-07-06T19:49:00.000,I-75,I-75 and Edgewood Ave Ne,,Rear End,2,Clear,Wet,Daylight
2024-05-04T10:31:00.000,I-75,I-75 and Edgewood Ave Ne,,Rear End,2,Cloudy,Dry,Daylight
2024-04-20T15:30:00.000,I-75,I-75 and Edgewood Ave Ne,,Rear End,2,Clear,Dry,Daylight
2024-03-04T09:00:00.000,I-75,I-75 and Edgewood Ave Ne,,Sideswipe-Same Direction,2,Cloudy,Dry,Daylight
2024-05-27T03:35:00.000,I-75,I-75 and Edgewood Ave Ne,,Rear End,3,Clear,Dry,Daylight
2024-02-27T06:59:00.000,I-75,I-75 and Edgewood Ave Ne,,Sideswipe-Same Direction,2,Cloudy,Dry,Daylight
2024-06-02T15:09:00.000,I-75,I-75 and Edgewood Ave Ne,,Rear End,2,Clear,Dry,Daylight
2024-12-09T23:45:00.000,I-75,I-75 and Edgewood Ave Ne,,Angle Crash,2,Cloudy,Wet,Dark-Lighted
2024-09-01T09:30:00.000,I-75,I-75 and Edgewood Ave Ne,,Rear End,2,Clear,Dry,Dark-Lighted
2024-08-28T15:11:00.000,I-75,I-75 and Edgewood Ave Ne,,Rear End,3,Clear,Dry,Daylight
2024-07-08T10:36:00.000,I-75,I-75 and Edgewood Ave Ne,,Sideswipe-Same Direction,2,Clear,Dry,Daylight
2024-12-22T16:15:00.000,I-75,I-75 and Edgewood Ave Ne,,Rear End,2,Clear,Dry,Dusk
2021-08-05T23:30:00.000,I-75,I-75 and Edgewood Ave,,Rear End,2,Clear,Dry,Dark-Lighted
2022-05-10T13:00:00.000,I-75,I-75 and Edgewood Ave,,Sideswipe-Same Direction,2,Clear,Dry,Daylight
2021-09-12T15:30:00.000,I-75,I-75 and Edgewood Ave,,Rear End,2,Clear,Dry,Daylight
2024-12-21T11:30:00.000,I-75,I-75 and Edgewood Ave,,Sideswipe-Same Direction,2,Clear,Dry,Daylight
2024-01-10T14:00:00.000,I-75,I-75 and Edgewood Ave,,Rear End,2,Clear,Dry,Daylight
2021-07-31T12:18:00.000,I-75,I-75 and Edgewood,,Sideswipe-Same Direction,2,Cloudy,Dry,Dark-Lighted
2024-11-06T15:36:00.000,I-75,I-75 and Eddgewood Ne,,Sideswipe-Same Direction,2,Clear,Dry,Daylight
2021-07-10T04:20:00.000,I-75,I-75 and Deering Road Nw,,Not a Collision with Motor Vehicle,1,Clear,Dry,Dark-Lighted
2021-09-20T11:10:00.000,I-75,I-75 and Deering Rd Nw,,Not a Collision with Motor Vehicle,1,Rain,Wet,Daylight
2023-09-10T17:00:00.000,I-75,I-75 and Deering Rd Nw,,Rear End,3,Clear,Dry,Daylight
2022-02-05T14:00:00.000,I-75,I-75 and Deering Rd Nw,,Sideswipe-Same Direction,2,Clear,Dry,Daylight
2022-10-25T22:10:00.000,I-75,I-75 and Deering Rd Nw,,Angle Crash,2,Rain,Wet,Dark-Lighted
2022-11-16T16:00:00.000,I-75,I-75 and Deering Rd Nw,,Rear End,2,Clear,Dry,Dark-Not Lighted
2021-11-06T03:12:00.000,I-75,I-75 and Deering Rd Nw,,Sideswipe-Opposite Direction,2,Clear,Dry,Dark-Lighted
2022-11-23T20:00:00.000,I-75,I-75 and Deering Rd Nw,,Rear End,4,Clear,Dry,Dark-Not Lighted
2022-12-28T14:35:00.000,I-75,I-75 and Deering Rd Nw,,Angle Crash,2,Clear,Dry,Daylight
2022-10-05T20:00:00.000,I-75,I-75 and Deering Rd Nw,,Sideswipe-Opposite Direction,2,Clear,Dry,Daylight
2022-11-12T19:20:00.000,I-75,I-75 and Deering Rd Nw,,Rear End,2,Clear,Dry,Dark-Not Lighted
2022-03-04T05:39:00.000,I-75,I-75 and Deering Rd Nw,,Angle Crash,2,Clear,Dry,Daylight
2022-11-15T21:30:00.000,I-75,I-75 and Deering Rd Nw,,Rear End,3,Cloudy,Wet,Dark-Lighted
2024-03-16T02:00:00.000,I-75,I-75 and Deering Rd Nw,,Rear End,2,Clear,Other,Dark-Not Lighted
2024-05-18T18:35:00.000,I-75,I-75 and Deering Rd Nw,,Sideswipe-Same Direction,2,Cloudy,Dry,Dark-Lighted
2024-01-11T18:30:00.000,I-75,I-75 and Deering Rd Nw,,Rear End,2,Clear,Dry,Dark-Lighted
2023-11-01T11:40:00.000,I-75,I-75 and Deering Rd Nw,,Sideswipe-Same Direction,2,Clear,Dry,Daylight
2023-02-15T16:25:00.000,I-75,I-75 and Deering Rd Nw,,Sideswipe-Same Direction,2,Cloudy,Dry,Daylight
2024-09-02T19:00:00.000,I-75,I-75 and Deering Rd Nw,,Rear End,2,Clear,Dry,Dark-Not Lighted
2024-12-07T12:25:00.000,I-75,I-75 and Deering Rd Nw,,Angle Crash,2,Clear,Dry,Daylight
2024-06-26T09:17:00.000,I-75,I-75 and Deering Rd Nw,,Sideswipe-Same Direction,2,Clear,Dry,Daylight
2024-11-08T20:35:00.000,I-75,I-75 and Deering Rd Nw,,Angle Crash,2,Clear,Dry,Dark-Lighted
2024-08-17T08:34:00.000,I-75,I-75 and Deering Rd Nw,,Not a Collision with Motor Vehicle,1,Cloudy,Wet,Daylight
2024-11-13T10:15:00.000,I-75,I-75 and Deering Rd Nw,,Sideswipe-Same Direction,2,Clear,Dry,Daylight
2024-11-23T16:00:00.000,I-75,I-75 and Deering Rd Nw,,Rear End,2,Clear,Dry,Daylight
2024-05-15T16:40:00.000,I-75,I-75 and Deering Rd Nw,,Rear End,2,Clear,Dry,Daylight
2024-12-15T22:00:00.000,I-75,I-75 and Deering Rd Nw,,Angle Crash,2,Clear,Dry,Dark-Not Lighted
2022-11-13T19:00:00.000,I-75,I-75 and Deering Rd,,Sideswipe-Same Direction,2,Clear,Dry,Dark-Not Lighted
2023-05-17T14:56:00.000,I-75,I-75 and Decatur St Se,,Rear End,2,Clear,Dry,Daylight
2023-01-15T14:50:00.000,I-75,I-75 and Decatur St Se,,Sideswipe-Same Direction,2,Clear,Dry,Daylight
2023-10-05T21:12:00.000,I-75,I-75 and Decatur St Se,,Rear End,3,Clear,Dry,Dark-Lighted
2023-12-09T07:58:00.000,I-75,I-75 and Decatur St Se,,Angle Crash,2,Rain,Water (standing or moving),Daylight
2023-06-18T22:00:00.000,I-75,I-75 and Decatur St Se,,Rear End,2,Clear,Dry,Dark-Lighted
2023-07-26T11:15:00.000,I-75,I-75 and Decatur St Se,,Rear End,2,Clear,Dry,Daylight
2023-12-11T04:12:00.000,I-75,I-75 and Decatur St Se,,Sideswipe-Same Direction,2,Clear,Dry,Dark-Not Lighted
2023-06-14T14:09:00.000,I-75,I-75 and Decatur St Se,,Rear End,2,Cloudy,Dry,Daylight
2023-08-09T13:11:00.000,I-75,I-75 and Decatur St Se,,Rear End,2,Clear,Dry,Daylight
2022-11-23T17:38:00.000,I-75,I-75 and Decatur St Se,,Rear End,3,Clear,Dry,Daylight
2022-10-16T04:40:00.000,I-75,I-75 and Decatur St Se,,Angle Crash,2,Clear,Dry,Dark-Lighted
2023-09-06T19:10:00.000,I-75,I-75 and Decatur St Se,,Sideswipe-Same Direction,2,Clear,Dry,Dark-Lighted
2024-12-14T10:15:00.000,I-75,I-75 and Decatur St Se,,Sideswipe-Same Direction,2,Clear,Dry,Daylight
2024-08-11T15:40:00.000,I-75,I-75 and Decatur St Se,,Head On,2,Clear,Dry,Daylight
2024-10-30T20:39:00.000,I-75,I-75 and Decatur St Se,,Sideswipe-Same Direction,2,Clear,Dry,Daylight
2024-02-27T17:56:00.000,I-75,I-75 and Decatur St Se,,Sideswipe-Same Direction,2,Clear,Dry,Dark-Lighted
2024-01-03T07:50:00.000,I-75,I-75 and Decatur St Se,,Angle Crash,2,Cloudy,Dry,Daylight
2023-05-24T18:55:00.000,I-75,I-75 and Decatur St Se,,Rear End,3,Clear,Dry,Daylight
2023-09-20T17:33:00.000,I-75,I-75 and Decatur St Se,,Rear End,2,Clear,Dry,Daylight
2023-01-16T20:10:00.000,I-75,I-75 and Decatur St Se,,Rear End,3,Clear,Dry,Dark-Lighted
2023-11-08T19:03:00.000,I-75,I-75 and Decatur St Se,,Sideswipe-Same Direction,2,Clear,Dry,Dark-Lighted
2024-06-12T10:04:00.000,I-75,I-75 and Decatur St Se,,Rear End,2,Clear,Dry,Daylight
2024-03-02T12:45:00.000,I-75,I-75 and Decatur St Se,,Rear End,2,Cloudy,Dry,Daylight
2024-03-27T10:15:00.000,I-75,I-75 and Decatur St Se,,Rear End,3,Cloudy,Dry,Daylight
2024-09-21T13:03:00.000,I-75,I-75 and Decatur St Se,,Rear End,2,Clear,Dry,Daylight
2024-08-09T02:51:00.000,I-75,I-75 and Decatur St Se,,Angle Crash,2,Clear,Dry,Dark-Lighted
2024-08-16T22:00:00.000,I-75,I-75 and Decatur St Se,,Rear End,2,Rain,Water (standing or moving),Dark-Lighted
2024-04-12T20:10:00.000,I-75,I-75 and Decatur St Se,,Sideswipe-Same Direction,2,Clear,Dry,Daylight
2024-09-18T15:41:00.000,I-75,I-75 and Decatur St Se,,Sideswipe-Same Direction,2,Cloudy,Dry,Daylight
2024-11-13T20:30:00.000,I-75,I-75 and Decatur St Se,,Sideswipe-Opposite Direction,2,Other,Other,Dark-Lighted
2021-07-17T11:46:00.000,I-75,I-75 and Crumley St Sw,,Sideswipe-Same Direction,2,Clear,Dry,Dark-Lighted
2023-01-09T23:41:00.000,I-75,I-75 and Crown Rd Se,,Not a Collision with Motor Vehicle,1,Clear,Dry,Dark-Lighted
2023-06-20T06:30:00.000,I-75,I-75 and Crown Rd Se,,Rear End,2,Clear,Dry,Daylight
2023-09-04T22:46:00.000,I-75,I-75 and Crown Rd Se,,Rear End,4,Clear,Dry,Dark-Lighted
2022-01-06T01:30:00.000,I-75,I-75 and Crown Rd Se,,Rear End,2,Clear,Dry,Dark-Lighted
2022-03-11T09:45:00.000,I-75,I-75 and Crown Rd Se,,Rear End,2,Cloudy,Dry,Daylight
2023-06-27T15:40:00.000,I-75,I-75 and Crown Rd Se,,Angle Crash,2,Clear,Dry,Daylight
2023-05-23T09:43:00.000,I-75,I-75 and Crown Rd Se,,Sideswipe-Same Direction,2,Cloudy,Dry,Daylight
2024-01-25T12:35:00.000,I-75,I-75 and Crown Rd Se,,Sideswipe-Same Direction,2,Clear,Dry,Daylight
2021-07-17T17:00:00.000,I-75,I-75 and Courtland Street Ne,,Head On,3,Cloudy,Dry,Daylight
2021-07-07T18:45:00.000,I-75,I-75 and Courtland Street Ne,,Rear End,2,Cloudy,Dry,Daylight
2021-07-25T11:00:00.000,I-75,I-75 and Courtland St Sw,,Rear End,2,Cloudy,Dry,Daylight
2023-07-26T16:00:00.000,I-75,I-75 and Courtland St Ne,,Sideswipe-Same Direction,2,Clear,Dry,Daylight
2021-11-12T20:31:00.000,I-75,I-75 and Courtland St Ne,,Sideswipe-Same Direction,2,Clear,Dry,Daylight
2022-09-21T21:14:00.000,I-75,I-75 and Courtland St Ne,,Angle Crash,2,Clear,Dry,Dark-Lighted
2022-12-03T00:41:00.000,I-75,I-75 and Courtland St Ne,,Rear End,3,Clear,Dry,Dark-Lighted
2023-08-09T18:16:00.000,I-75,I-75 and Courtland St Ne,,Rear End,2,Clear,Dry,Daylight
2024-10-02T20:08:00.000,I-75,I-75 and Courtland St Ne,,Rear End,2,Clear,Dry,Dark-Lighted
2024-09-11T11:00:00.000,I-75,I-75 and Courtland St Ne,,Rear End,2,Clear,Dry,Daylight
2024-05-08T20:59:00.000,I-75,I-75 and Courtland St Ne,,Rear End,3,Clear,Dry,Dark-Lighted
2024-03-29T20:27:00.000,I-75,I-75 and Courtland St Ne,,Rear End,2,Clear,Dry,Dark-Lighted
2024-02-11T11:25:00.000,I-75,I-75 and Courtland St Ne,,Sideswipe-Same Direction,2,Clear,Dry,Daylight
2024-09-14T00:26:00.000,I-75,I-75 and Courtland St Ne,,Sideswipe-Same Direction,2,Clear,Dry,Dark-Not Lighted
2024-09-07T17:30:00.000,I-75,I-75 and Courtland St Ne,,Rear End,2,Clear,Dry,Daylight
2024-12-22T01:00:00.000,I-75,I-75 and Courtland St Ne,,Angle Crash,3,Clear,Dry,Dark-Lighted
2024-07-28T00:10:00.000,I-75,I-75 and Courtland St Ne,,Rear End,2,Clear,Dry,Dark-Lighted
2024-11-02T19:30:00.000,I-75,I-75 and Courtland St Ne,,Rear End,2,Clear,Dry,Daylight