Date and Time,Roadway (From Crash Report),Intersection Name (from Crash Report),KABCO Severity,Manner of Collision (Crash Level) ,# of Vehicles per crash ,Weather Conditions (Crash Level),Surface Condition (Crash Level) ,Light Conditions (Crash Level)
2024-09-25T14:15:00.000,I-75,I-75 and Courtland St Ne,,Rear End,3,Clear,Dry,Daylight
2024-05-05T22:00:00.000,I-75,I-75 and Courtland St Ne,,Sideswipe-Same Direction,2,Clear,Wet,Dark-Lighted
2024-11-14T00:30:00.000,I-75,I-75 and Courtland St Ne,,Rear End,2,Clear,Dry,Dark-Lighted
2024-05-05T20:31:00.000,I-75,I-75 and Courtland St Ne,,Angle Crash,2,Cloudy,Wet,Dark-Lighted
2024-06-27T10:40:00.000,I-75,I-75 and Courtland St Ne,,Rear End,2,Clear,Dry,Daylight
2024-08-18T23:03:00.000,I-75,I-75 and Courtland St Ne,,Rear End,2,Clear,Wet,Dark-Lighted
2024-11-06T19:55:00.000,I-75,I-75 and Courtland St Ne,,Rear End,2,Clear,Dry,Dark-Lighted
2021-09-25T17:47:00.000,I-75,I-75 and Courtland St  Ne,,Rear End,2,Clear,Dry,Daylight
2022-10-09T22:27:00.000,I-75,I-75 and Courtland St  Ne,,Angle Crash,2,Clear,Dry,Dark-Lighted
2023-01-29T06:50:00.000,I-75,I-75 and Courtland St,,Sideswipe-Same Direction,2,Clear,Dry,Dusk
2021-08-28T01:16:00.000,I-75,I-75 and Coca Cola Pl Se,,Sideswipe-Same Direction,2,Clear,Dry,Dark-Lighted
2021-12-31T20:15:00.000,I-75,I-75 and Cleveland Avenue,,Angle Crash,3,Clear,Dry,Dark-Lighted
2021-12-28T15:00:00.000,I-75,I-75 and Cleveland Ave Sw,,Angle Crash,2,Clear,Dry,Daylight
2021-03-31T02:46:00.000,I-75,I-75 and Cleveland Ave Sw,,Sideswipe-Same Direction,2,Clear,Water (standing or moving),Dark-Lighted
2021-11-18T21:20:00.000,I-75,I-75 and Cleveland Ave Sw,,Sideswipe-Same Direction,2,Clear,Dry,Dark-Not Lighted
2023-12-10T00:15:00.000,I-75,I-75 and Cleveland Ave Sw,,Angle Crash,2,Clear,Dry,Dark-Not Lighted
2023-10-18T16:15:00.000,I-75,I-75 and Cleveland Ave Sw,,Angle Crash,2,Clear,Dry,Daylight
2023-04-08T07:00:00.000,I-75,I-75 and Cleveland Ave Sw,,Sideswipe-Same Direction,2,Clear,Dry,Daylight
2023-09-21T23:00:00.000,I-75,I-75 and Cleveland Ave Sw,,Rear End,2,Clear,Dry,Dark-Not Lighted
2023-12-02T07:49:00.000,I-75,I-75 and Cleveland Ave Sw,,Sideswipe-Same Direction,2,Fog,Wet,Daylight
2023-08-02T15:35:00.000,I-75,I-75 and Cleveland Ave Sw,,Sideswipe-Same Direction,2,Clear,Dry,Daylight
2023-04-29T13:30:00.000,I-75,I-75 and Cleveland Ave Sw,,Angle Crash,4,Clear,Dry,Daylight
2023-07-08T12:40:00.000,I-75,I-75 and Cleveland Ave Sw,,Rear End,2,Clear,Dry,Daylight
2023-05-02T14:40:00.000,I-75,I-75 and Cleveland Ave Sw,,Sideswipe-Same Direction,2,Clear,Dry,Daylight
2023-02-27T18:00:00.000,I-75,I-75 and Cleveland Ave Sw,,Rear End,2,Cloudy,Dry,Dark-Lighted
2023-12-29T12:00:00.000,I-75,I-75 and Cleveland Ave Sw,,Angle Crash,2,Clear,Dry,Daylight
2023-07-02T15:08:00.000,I-75,I-75 and Cleveland Ave Sw,,Sideswipe-Same Direction,2,Clear,Dry,Daylight
2023-02-06T13:42:00.000,I-75,I-75 and Cleveland Ave Sw,,Sideswipe-Same Direction,2,Clear,Dry,Daylight
2023-10-29T15:30:00.000,I-75,I-75 and Cleveland Ave Sw,,Angle Crash,2,Clear,Dry,Daylight
2022-01-18T21:00:00.000,I-75,I-75 and Cleveland Ave Sw,,Rear End,2,Clear,Dry,Dark-Lighted
2021-12-17T20:48:00.000,I-75,I-75 and Cleveland Ave Sw,,Angle Crash,2,Clear,Dry,Dark-Lighted
2021-09-01T06:30:00.000,I-75,I-75 and Cleveland Ave Sw,,Sideswipe-Same Direction,2,Cloudy,Wet,Dawn
2021-08-16T20:20:00.000,I-75,I-75 and Cleveland Ave Sw,,Not a Collision with Motor Vehicle,1,Cloudy,Water (standing or moving),Dark-Lighted
2021-12-21T18:30:00.000,I-75,I-75 and Cleveland Ave Sw,,Rear End,2,Cloudy,Water (standing or moving),Dark-Lighted
2022-08-21T01:00:00.000,I-75,I-75 and Cleveland Ave Sw,,Sideswipe-Same Direction,2,Cloudy,Wet,Dark-Lighted
2022-01-26T05:40:00.000,I-75,I-75 and Cleveland Ave Sw,,Sideswipe-Same Direction,2,Clear,Dry,Dark-Lighted
2022-03-11T00:32:00.000,I-75,I-75 and Cleveland Ave Sw,,Sideswipe-Same Direction,2,Cloudy,Dry,Dark-Lighted
2022-07-03T06:20:00.000,I-75,I-75 and Cleveland Ave Sw,,Angle Crash,2,Clear,Dry,Daylight
2022-12-20T19:00:00.000,I-75,I-75 and Cleveland Ave Sw,,Rear End,3,Cloudy,Water (standing or moving),Dark-Not Lighted
2022-12-10T12:30:00.000,I-75,I-75 and Cleveland Ave Sw,,Rear End,2,Clear,Dry,Daylight
2022-11-25T12:45:00.000,I-75,I-75 and Cleveland Ave Sw,,Angle Crash,2,Clear,Dry,Daylight
2022-10-26T21:00:00.000,I-75,I-75 and Cleveland Ave Sw,,Rear End,2,Clear,Dry,Dark-Lighted
2022-07-03T23:00:00.000,I-75,I-75 and Cleveland Ave Sw,,Rear End,3,Rain,Water (standing or moving),Dark-Lighted
2022-11-09T19:00:00.000,I-75,I-75 and Cleveland Ave Sw,,Rear End,2,Clear,Dry,Dark-Lighted
2022-10-27T17:34:00.000,I-75,I-75 and Cleveland Ave Sw,,Angle Crash,2,Clear,Dry,Daylight
2022-03-13T00:10:00.000,I-75,I-75 and Cleveland Ave Sw,,Angle Crash,2,Clear,Dry,Dark-Not Lighted
2022-05-01T06:00:00.000,I-75,I-75 and Cleveland Ave Sw,,Rear End,2,Clear,Dry,Dark-Lighted
2022-12-19T20:19:00.000,I-75,I-75 and Cleveland Ave Sw,,Head On,2,Clear,Dry,Dark-Lighted
2022-06-16T19:30:00.000,I-75,I-75 and Cleveland Ave Sw,,Rear End,2,Clear,Dry,Daylight
2022-08-23T17:36:00.000,I-75,I-75 and Cleveland Ave Sw,,Sideswipe-Same Direction,2,Clear,Dry,Daylight
2022-10-07T23:27:00.000,I-75,I-75 and Cleveland Ave Sw,,Sideswipe-Same Direction,2,Clear,Dry,Dark-Lighted
2022-03-28T16:45:00.000,I-75,I-75 and Cleveland Ave Sw,,Sideswipe-Same Direction,2,Clear,Dry,Daylight
2022-07-04T22:10:00.000,I-75,I-75 and Cleveland Ave Sw,,Rear End,2,Rain,Water (standing or moving),Dark-Lighted
2022-01-30T13:20:00.000,I-75,I-75 and Cleveland Ave Sw,,Angle Crash,2,Clear,Dry,Dark-Lighted
2022-06-22T14:00:00.000,I-75,I-75 and Cleveland Ave Sw,,Sideswipe-Same Direction,2,Clear,Dry,Daylight
2022-12-04T16:30:00.000,I-75,I-75 and Cleveland Ave Sw,,Angle Crash,2,Clear,Dry,Daylight
2022-07-13T17:00:00.000,I-75,I-75 and Cleveland Ave Sw,,Rear End,2,Rain,Water (standing or moving),Daylight
2022-12-09T00:30:00.000,I-75,I-75 and Cleveland Ave Sw,,Angle Crash,2,Clear,Dry,Dark-Not Lighted
2024-12-14T23:14:00.000,I-75,I-75 and Cleveland Ave Sw,,Angle Crash,2,Clear,Dry,Dark-Lighted
2024-09-22T17:00:00.000,I-75,I-75 and Cleveland Ave Sw,,Rear End,2,Clear,Dry,Daylight
2024-12-25T20:00:00.000,I-75,I-75 and Cleveland Ave Sw,,Rear End,3,Clear,Dry,Dark-Lighted
2024-04-03T08:20:00.000,I-75,I-75 and Cleveland Ave Sw,,Sideswipe-Same Direction,2,Cloudy,Wet,Daylight
2024-05-19T05:09:00.000,I-75,I-75 and Cleveland Ave Sw,,Rear End,2,Cloudy,Dry,Dawn
2023-12-06T01:50:00.000,I-75,I-75 and Cleveland Ave Sw,,Sideswipe-Same Direction,2,Clear,Dry,Dark-Lighted
2023-04-01T19:30:00.000,I-75,I-75 and Cleveland Ave Sw,,Angle Crash,2,Clear,Dry,Daylight
2023-12-01T03:02:00.000,I-75,I-75 and Cleveland Ave Sw,,Sideswipe-Same Direction,2,Clear,Dry,Dark-Lighted
2023-11-12T10:20:00.000,I-75,I-75 and Cleveland Ave Sw,,Rear End,2,Cloudy,Wet,Daylight
2023-10-15T11:58:00.000,I-75,I-75 and Cleveland Ave Sw,,Not a Collision with Motor Vehicle,1,Cloudy,Dry,Daylight
2023-02-17T07:00:00.000,I-75,I-75 and Cleveland Ave Sw,,Rear End,2,Rain,Water (standing or moving),Dark-Lighted
2023-11-25T09:30:00.000,I-75,I-75 and Cleveland Ave Sw,,Sideswipe-Same Direction,2,Clear,Dry,Daylight
2023-12-11T00:12:00.000,I-75,I-75 and Cleveland Ave Sw,,Not a Collision with Motor Vehicle,1,Clear,Dry,Dark-Lighted
2023-08-20T13:30:00.000,I-75,I-75 and Cleveland Ave Sw,,Sideswipe-Same Direction,2,Clear,Dry,Daylight
2023-04-04T22:00:00.000,I-75,I-75 and Cleveland Ave Sw,,Rear End,2,Clear,Dry,Dark-Lighted
2023-09-05T21:00:00.000,I-75,I-75 and Cleveland Ave Sw,,Rear End,5,Clear,Dry,Dark-Lighted
2024-02-04T22:50:00.000,I-75,I-75 and Cleveland Ave Sw,,Sideswipe-Same Direction,2,Rain,Wet,Dark-Lighted
2024-01-30T03:45:00.000,I-75,I-75 and Cleveland Ave Sw,,Rear End,2,Clear,Dry,Dark-Not Lighted
2024-03-26T22:30:00.000,I-75,I-75 and Cleveland Ave Sw,,Not a Collision with Motor Vehicle,1,Rain,Wet,Dark-Not Lighted
2024-07-14T21:10:00.000,I-75,I-75 and Cleveland Ave Sw,,Sideswipe-Same Direction,2,Clear,Dry,Dark-Lighted
2024-09-08T10:00:00.000,I-75,I-75 and Cleveland Ave Sw,,Rear End,2,Clear,Dry,Daylight
2024-03-27T04:05:00.000,I-75,I-75 and Cleveland Ave Sw,,Rear End,3,Clear,Dry,Dark-Lighted
2024-07-03T02:45:00.000,I-75,I-75 and Cleveland Ave Sw,,Not a Collision with Motor Vehicle,1,Clear,Dry,Dark-Lighted
2024-10-09T18:12:00.000,I-75,I-75 and Cleveland Ave Sw,,Sideswipe-Same Direction,2,Clear,Dry,Daylight
2024-08-17T20:30:00.000,I-75,I-75 and Cleveland Ave Sw,,Rear End,2,Clear,Dry,Daylight
2024-05-18T23:50:00.000,I-75,I-75 and Cleveland Ave Sw,,Sideswipe-Same Direction,3,Clear,Dry,Dark-Lighted
2024-05-19T02:10:00.000,I-75,I-75 and Cleveland Ave Sw,,Rear End,3,Clear,Dry,Dark-Not Lighted
2024-06-29T18:10:00.000,I-75,I-75 and Cleveland Ave Sw,,Not a Collision with Motor Vehicle,1,Clear,Dry,Daylight
2024-04-13T10:00:00.000,I-75,I-75 and Cleveland Ave Sw,,Sideswipe-Same Direction,2,Clear,Dry,Daylight
2024-05-18T05:30:00.000,I-75,I-75 and Cleveland Ave Sw,,Not a Collision with Motor Vehicle,1,Clear,Dry,Dark-Lighted
2024-06-17T05:00:00.000,I-75,I-75 and Cleveland Ave Sw,,Rear End,2,Clear,Dry,Dark-Lighted
2024-07-14T04:10:00.000,I-75,I-75 and Cleveland Ave Sw,,Not a Collision with Motor Vehicle,1,Clear,Dry,Dark-Lighted
2021-12-08T05:00:00.000,I-75,I-75 and Cleveland Ave,,Not a Collision with Motor Vehicle,1,Rain,Wet,Dark-Lighted
2021-08-15T12:58:00.000,I-75,I-75 and Cleveland Ave,,Sideswipe-Same Direction,2,Clear,Dry,Daylight
2024-09-08T17:00:00.000,I-75,I-75 and Cleveland Ave,,Angle Crash,3,Clear,Dry,Daylight
2022-05-07T10:35:00.000,I-75,I-75 and Chattanooga Rd,,Angle Crash,2,Clear,Dry,Daylight
2024-08-08T19:49:00.000,I-75,I-75 and Chattanooga Rd,,Not a Collision with Motor Vehicle,1,Clear,Dry,Daylight
2024-01-24T14:49:00.000,I-75,I-75 and Chattanooga Rd,,Not a Collision with Motor Vehicle,1,Cloudy,Wet,Daylight
2024-10-04T18:39:00.000,I-75,I-75 and Chattanooga Rd,,Not a Collision with Motor Vehicle,1,Clear,Dry,Daylight
2024-02-12T20:52:00.000,I-75,I-75 and Chattanooga Rd,,Not a Collision with Motor Vehicle,1,Cloudy,Dry,Dark-Lighted
2024-03-24T01:25:00.000,I-75,I-75 and Chattanooga Rd,,Not a Collision with Motor Vehicle,1,Clear,Dry,Dark-Lighted
2023-06-10T16:39:00.000,I-75,I-75 and Central Ave Sw,,Sideswipe-Same Direction,2,Clear,Dry,Daylight
2022-10-09T20:30:00.000,I-75,I-75 and Central Ave Sw,,Sideswipe-Same Direction,2,Clear,Dry,Dark-Lighted
2024-05-15T00:06:00.000,I-75,I-75 and Central Ave Sw,,Sideswipe-Same Direction,2,Clear,Dry,Dark-Lighted
2021-09-11T17:40:00.000,I-75,I-75 and Central Ave,,Sideswipe-Same Direction,2,Clear,Dry,Daylight
2023-05-13T07:00:00.000,I-75,I-75 and Central Ave,,Rear End,2,Cloudy,Dry,Dawn
2021-07-21T20:00:00.000,I-75,I-75 and Central Ave,,Sideswipe-Same Direction,3,Clear,Dry,Dark-Lighted
2022-08-27T16:09:00.000,I-75,I-75 and Central Ave,,Sideswipe-Same Direction,2,Clear,Dry,Daylight
2022-12-06T04:00:00.000,I-75,I-75 and Central Ave,,Rear End,2,Rain,Wet,Dark-Lighted
2024-03-25T17:20:00.000,I-75,I-75 and Central Ave,,Rear End,2,Clear,Dry,Daylight
2024-11-10T08:00:00.000,I-75,I-75 and Central Ave,,Not a Collision with Motor Vehicle,1,Rain,Water (standing or moving),Daylight
2021-07-09T20:50:00.000,I-75,I-75 and Carter Center,,Rear End,2,Clear,Dry,Dawn
2023-03-11T19:30:00.000,I-75,I-75 and Capitol Ave Se,,Rear End,2,Clear,Dry,Dark-Lighted
2022-10-03T14:48:00.000,I-75,I-75 and Capitol Ave Se,,Sideswipe-Same Direction,2,Clear,Dry,Daylight
2022-01-14T16:00:00.000,I-75,I-75 and Capitol Ave Se,,Sideswipe-Same Direction,2,Clear,Dry,Daylight
2024-08-24T17:19:00.000,I-75,I-75 and Capitol Ave Se,,Rear End,2,Clear,Dry,Daylight
2024-08-03T23:00:00.000,I-75,I-75 and Capitol Ave Se,,Sideswipe-Same Direction,2,Clear,Wet,Dark-Lighted
2024-11-03T18:10:00.000,I-75,I-75 and Capitol Ave Se,,Not a Collision with Motor Vehicle,1,Clear,Dry,Dawn
2024-06-19T08:20:00.000,I-75,I-75 and Capitol Ave Se,,Sideswipe-Same Direction,2,Clear,Dry,Daylight
2024-02-09T08:30:00.000,I-75,I-75 and Capitol Ave Se,,Angle Crash,2,Clear,Dry,Daylight
2024-07-31T08:25:00.000,I-75,I-75 and Capitol Ave Se,,Rear End,2,Cloudy,Dry,Daylight
2024-06-17T12:00:00.000,I-75,I-75 and Capitol Ave Se,,Sideswipe-Same Direction,2,Clear,Dry,Daylight
2024-06-16T17:40:00.000,I-75,I-75 and Capitol Ave Se,,Rear End,2,Clear,Dry,Daylight
2023-02-05T13:00:00.000,I-75,I-75 and Capitol Ave Se,,Sideswipe-Same Direction,2,Clear,Dry,Daylight
2023-06-28T07:16:00.000,I-75,I-75 and Capitol Ave Se,,Rear End,2,Clear,Dry,Daylight
2024-10-29T06:30:00.000,I-75,I-75 and Capitol Ave Se,,Sideswipe-Same Direction,2,Clear,Dry,Daylight
2024-05-02T20:56:00.000,I-75,I-75 and Capitol Ave Se,,Angle Crash,2,Clear,Dry,Dark-Lighted
2024-12-18T19:54:00.000,I-75,I-75 and Capitol Ave Se,,Sideswipe-Same Direction,2,Clear,Dry,Daylight
2024-07-25T01:32:00.000,I-75,I-75 and Capitol Ave Se,,Rear End,2,Clear,Wet,Dark-Lighted
2024-10-18T05:30:00.000,I-75,I-75 and Capitol Ave Se,,Sideswipe-Same Direction,2,Clear,Dry,Dawn
2024-11-16T14:04:00.000,I-75,I-75 and Capitol Ave Se,,Sideswipe-Same Direction,2,Clear,Dry,Daylight
2024-06-16T14:15:00.000,I-75,I-75 and Capitol Ave Se,,Rear End,2,Clear,Dry,Daylight
2024-06-28T07:30:00.000,I-75,I-75 and Capitol Ave Se,,Sideswipe-Same Direction,2,Cloudy,Dry,Daylight
2024-08-17T15:55:00.000,I-75,I-75 and Capitol Ave Se,,Sideswipe-Same Direction,2,Cloudy,Dry,Daylight
2024-08-01T12:00:00.000,I-75,I-75 and Capitol Ave Se,,Sideswipe-Same Direction,2,Clear,Dry,Daylight
2024-02-14T08:40:00.000,I-75,I-75 and Capitol Ave,,Rear End,2,Clear,Dry,Daylight
2024-09-07T13:20:00.000,I-75,I-75 and Bowen Ct Sw,,Rear End,2,Clear,Dry,Daylight
2024-03-08T21:59:00.000,I-75,I-75 and Bowen Ct Sw,,Rear End,3,Rain,Water (standing or moving),Dark-Lighted
2024-12-13T04:55:00.000,I-75,I-75 and Bowen Ct Sw,,Not a Collision with Motor Vehicle,2,Clear,Dry,Dark-Lighted
2024-12-29T03:26:00.000,I-75,I-75 and Bowen Ct Sw,,Not a Collision with Motor Vehicle,1,Clear,Water (standing or moving),Dark-Lighted
2024-12-19T14:00:00.000,I-75,I-75 and Bowen Ct Sw,,Sideswipe-Same Direction,2,Clear,Dry,Daylight
2024-05-22T18:37:00.000,I-75,I-75 and Bell St Se,,Rear End,2,Clear,Dry,Daylight
2024-05-08T21:00:00.000,I-75,I-75 and Bell St Se,,Head On,2,Other,Other,Daylight
2024-10-25T05:00:00.000,I-75,I-75 and Bell St Se,,Not a Collision with Motor Vehicle,1,Clear,Dry,Dark-Lighted
2024-12-28T18:15:00.000,I-75,I-75 and Bell St Se,,Rear End,2,Rain,Water (standing or moving),Dark-Lighted
2024-05-19T21:55:00.000,I-75,I-75 and Bell St Se,,Rear End,4,Clear,Dry,Dark-Lighted
2024-10-09T23:00:00.000,I-75,I-75 and Bell St Se,,Sideswipe-Same Direction,2,Clear,Dry,Dark-Lighted
2024-04-20T17:30:00.000,I-75,I-75 and Bell St Se,,Rear End,2,Other,Other,Daylight
2024-10-05T04:17:00.000,I-75,I-75 and Bell St Se,,Sideswipe-Same Direction,2,Clear,Dry,Dark-Not Lighted
2024-05-22T07:30:00.000,I-75,I-75 and Bell St Se,,Sideswipe-Same Direction,2,Clear,Dry,Daylight
2023-12-03T11:00:00.000,I-75,I-75 and Bell St Ne,,Sideswipe-Same Direction,2,Cloudy,Dry,Daylight
2024-08-07T16:16:00.000,I-75,I-75 and Baker-Highland Connector Ne,,Sideswipe-Same Direction,4,Clear,Dry,Daylight
2024-10-27T15:30:00.000,I-75,I-75 and Baker-Highland Connector Ne,,Sideswipe-Same Direction,3,Clear,Dry,Daylight
2024-10-22T16:21:00.000,I-75,I-75 and Baker-Highland Connector Ne,,Angle Crash,2,Clear,Dry,Daylight
2024-07-03T11:30:00.000,I-75,I-75 and Baker-Highland Connector Ne,,Rear End,2,Cloudy,Dry,Daylight
2021-11-03T19:11:00.000,I-75,I-75 and Auburn Ave Ne,,Rear End,3,Clear,Dry,Dark-Lighted
2021-12-28T14:27:00.000,I-75,I-75 and Auburn Ave Ne,,Sideswipe-Same Direction,2,Clear,Dry,Daylight
2021-11-03T19:20:00.000,I-75,I-75 and Auburn Ave Ne,,Sideswipe-Same Direction,2,Clear,Dry,Dark-Lighted
2021-10-11T18:00:00.000,I-75,I-75 and Auburn Ave Ne,,Rear End,2,Clear,Dry,Daylight
2023-09-11T05:56:00.000,I-75,I-75 and Auburn Ave Ne,,Angle Crash,3,Clear,Dry,Dark-Lighted
2023-09-15T03:10:00.000,I-75,I-75 and Auburn Ave Ne,,Sideswipe-Same Direction,2,Clear,Dry,Dark-Lighted
2023-12-02T22:23:00.000,I-75,I-75 and Auburn Ave Ne,,Angle Crash,2,Clear,Wet,Dark-Lighted
2023-12-03T01:03:00.000,I-75,I-75 and Auburn Ave Ne,,Rear End,2,Clear,Dry,Dark-Lighted
2023-03-01T15:28:00.000,I-75,I-75 and Auburn Ave Ne,,Rear End,2,Cloudy,Dry,Daylight
2021-11-27T17:38:00.000,I-75,I-75 and Auburn Ave Ne,,Rear End,3,Clear,Dry,Dark-Lighted
2022-06-12T14:22:00.000,I-75,I-75 and Auburn Ave Ne,,Rear End,2,Clear,Dry,Daylight
2022-12-28T19:20:00.000,I-75,I-75 and Auburn Ave Ne,,Rear End,2,Clear,Dry,Dark-Lighted
2022-01-16T02:15:00.000,I-75,I-75 and Auburn Ave Ne,,Rear End,2,Rain,Wet,Dark-Not Lighted
2022-05-18T14:32:00.000,I-75,I-75 and Auburn Ave Ne,,Sideswipe-Same Direction,2,Clear,Dry,Daylight
2022-01-13T17:00:00.000,I-75,I-75 and Auburn Ave Ne,,Sideswipe-Same Direction,2,Clear,Dry,Daylight
2022-03-23T07:34:00.000,I-75,I-75 and Auburn Ave Ne,,Rear End,2,Rain,Wet,Daylight
2022-01-07T00:05:00.000,I-75,I-75 and Auburn Ave Ne,,Sideswipe-Same Direction,2,Clear,Dry,Dark-Lighted
2022-08-07T02:00:00.000,I-75,I-75 and Auburn Ave Ne,,Angle Crash,2,Clear,Wet,Dark-Lighted
2022-05-08T20:45:00.000,I-75,I-75 and Auburn Ave Ne,,Angle Crash,4,Clear,Dry,Dark-Lighted
2022-04-05T22:00:00.000,I-75,I-75 and Auburn Ave Ne,,Angle Crash,2,Cloudy,Wet,Dark-Lighted
2022-03-06T19:30:00.000,I-75,I-75 and Auburn Ave Ne,,Angle Crash,2,Clear,Dry,Dark-Lighted
2022-07-22T15:35:00.000,I-75,I-75 and Auburn Ave Ne,,Sideswipe-Same Direction,2,Clear,Dry,Daylight
2024-12-02T11:00:00.000,I-75,I-75 and Auburn Ave Ne,,Sideswipe-Same Direction,2,Clear,Dry,Daylight
2023-01-28T11:29:00.000,I-75,I-75 and Auburn Ave Ne,,Rear End,2,Cloudy,Dry,Daylight
2023-04-02T01:00:00.000,I-75,I-75 and Auburn Ave Ne,,Rear End,3,Clear,Dry,Dark-Not Lighted
2024-02-08T22:52:00.000,I-75,I-75 and Auburn Ave Ne,,Sideswipe-Same Direction,2,Clear,Dry,Dark-Lighted
2024-09-19T23:30:00.000,I-75,I-75 and Auburn Ave Ne,,Angle Crash,2,Clear,Dry,Dark-Not Lighted
2024-03-29T22:40:00.000,I-75,I-75 and Auburn Ave Ne,,Rear End,3,Clear,Dry,Dark-Lighted
2024-10-10T12:44:00.000,I-75,I-75 and Auburn Ave Ne,,Sideswipe-Same Direction,2,Clear,Dry,Daylight
2024-07-03T10:05:00.000,I-75,I-75 and Auburn Ave Ne,,Sideswipe-Same Direction,2,Clear,Dry,Daylight
2024-05-08T17:12:00.000,I-75,I-75 and Auburn Ave Ne,,Sideswipe-Same Direction,2,Clear,Dry,Daylight
2024-11-22T23:45:00.000,I-75,I-75 and Auburn Ave Ne,,Angle Crash,2,Clear,Dry,Dark-Lighted
2024-10-26T03:13:00.000,I-75,I-75 and Auburn Ave Ne,,Angle Crash,2,Clear,Dry,Dark-Lighted
2024-08-24T21:00:00.000,I-75,I-75 and Auburn Ave Ne,,Rear End,2,Clear,Dry,Dark-Lighted
2022-12-10T17:51:00.000,I-75,I-75 and Auburn  Ave Se,,Rear End,2,Cloudy,Wet,Daylight
2023-08-10T15:21:00.000,I-75,I-75 and Arthut Langford Jr Pl Sw,,Not a Collision with Motor Vehicle,1,Rain,Wet,Dark-Lighted
2024-11-04T19:40:00.000,I-75,I-75 and Arthur Langford Pkwy W,,Sideswipe-Same Direction,2,Cloudy,Wet,Dark-Lighted
2024-10-18T04:49:00.000,I-75,I-75 and Arthur Langford Pkwy W,,Sideswipe-Opposite Direction,2,Clear,Dry,Dark-Not Lighted
2024-07-08T05:30:00.000,I-75,I-75 and Arthur Langford Pkwy W,,Rear End,2,Clear,Dry,Dark-Lighted
2024-05-01T12:19:00.000,I-75,I-75 and Arthur Langford Pkwy W,,Sideswipe-Same Direction,3,Clear,Dry,Daylight
2024-11-19T23:00:00.000,I-75,I-75 and Arthur Langford Pkwy W,,Angle Crash,3,Clear,Wet,Dark-Lighted
2024-05-18T23:30:00.000,I-75,I-75 and Arthur Langford Pkwy W,,Rear End,2,Rain,Wet,Dark-Not Lighted
2024-07-16T13:50:00.000,I-75,I-75 and Arthur Langford Pkwy W,,Rear End,2,Clear,Dry,Daylight
2024-12-18T18:00:00.000,I-75,I-75 and Arthur Langford Pkwy W,,Angle Crash,2,Clear,Dry,Daylight
2024-07-14T17:15:00.000,I-75,I-75 and Arthur Langford Pkwy W,,Angle Crash,3,Clear,Dry,Daylight
2024-12-28T22:26:00.000,I-75,I-75 and Arthur Langford Pkwy W,,Sideswipe-Same Direction,2,Rain,Water (standing or moving),Dark-Lighted
2024-09-07T09:21:00.000,I-75,I-75 and Arthur Langford Pkwy W,,Rear End,2,Clear,Dry,Daylight
2024-12-08T01:19:00.000,I-75,I-75 and Arthur Langford Pkwy W,,Sideswipe-Same Direction,3,Clear,Dry,Dark-Lighted
2024-12-08T01:48:00.000,I-75,I-75 and Arthur Langford Pkwy W,,Not a Collision with Motor Vehicle,1,Clear,Dry,Dark-Lighted
2024-04-24T16:30:00.000,I-75,I-75 and Arthur Langford Pkwy W,,Angle Crash,2,Clear,Dry,Daylight
2024-07-27T20:55:00.000,I-75,I-75 and Arthur Langford Pkwy W,,Angle Crash,2,Clear,Dry,Dark-Lighted
2024-11-30T15:00:00.000,I-75,I-75 and Arthur Langford Pkwy W,,Sideswipe-Same Direction,2,Clear,Dry,Daylight
2024-05-12T13:57:00.000,I-75,I-75 and Arthur Langford Pkwy W,,Rear End,2,Clear,Dry,Daylight
2024-07-02T21:00:00.000,I-75,I-75 and Arthur Langford Pkwy W,,Rear End,2,Clear,Dry,Dark-Lighted
2024-04-02T14:08:00.000,I-75,I-75 and Arthur Langford Pkwy W,,Angle Crash,2,Clear,Dry,Daylight
2024-06-12T08:35:00.000,I-75,I-75 and Arthur Langford Pkwy W,,Angle Crash,2,Clear,Dry,Daylight
2024-03-26T23:15:00.000,I-75,I-75 and Arthur Langford Pkwy W,,Rear End,2,Rain,Water (standing or moving),Dark-Lighted
2023-11-07T20:01:00.000,I-75,I-75 and Arthur Langford Pkwy Sw,,Not a Collision with Motor Vehicle,1,Clear,Dry,Dark-Lighted
2024-11-28T20:00:00.000,I-75,I-75 and Arthur Langford Pkwy E,,Sideswipe-Same Direction,2,Clear,Dry,Dark-Lighted
2024-09-21T02:00:00.000,I-75,I-75 and Arthur Langford Pkwy E,,Rear End,2,Clear,Dry,Dark-Not Lighted
2024-09-22T00:00:00.000,I-75,I-75 and Arthur Langford Pkwy E,,Rear End,2,Clear,Dry,Dark-Not Lighted
2024-09-21T03:25:00.000,I-75,I-75 and Arthur Langford Pkwy E,,Rear End,2,Clear,Dry,Dark-Not Lighted
2024-07-29T23:44:00.000,I-75,I-75 and Arthur Langford Pkwy E,,Not a Collision with Motor Vehicle,1,Rain,Wet,Dark-Lighted
2024-06-29T17:50:00.000,I-75,I-75 and Arthur Langford Pkwy E,,Not a Collision with Motor Vehicle,1,Rain,Wet,Daylight
2024-10-26T19:25:00.000,I-75,I-75 and Arthur Langford Pkwy E,,Sideswipe-Same Direction,2,Clear,Dry,Dark-Lighted
2024-08-11T00:42:00.000,I-75,I-75 and Arthur Langford Pkwy E,,Sideswipe-Same Direction,2,Clear,Dry,Dark-Not Lighted