Date and Time,Roadway (From Crash Report),Intersection Name (from Crash Report),KABCO Severity,Manner of Collision (Crash Level) ,# of Vehicles per crash ,Weather Conditions (Crash Level),Surface Condition (Crash Level) ,Light Conditions (Crash Level)
2024-06-28T01:15:00.000,I-75,I-75 and Arthur Langford Pkwy E,,Sideswipe-Same Direction,2,Clear,Dry,Dark-Lighted
2024-04-06T00:30:00.000,I-75,I-75 and Arthur Langford Pkwy E,,Rear End,2,Clear,Dry,Dark-Lighted
2024-09-21T09:58:00.000,I-75,I-75 and Arthur Langford Pkwy E,,Rear End,2,Clear,Dry,Dark-Not Lighted
2024-10-15T07:00:00.000,I-75,I-75 and Arthur Langford Pkwy E,,Sideswipe-Same Direction,2,Clear,Dry,Dark-Lighted
2024-09-11T07:59:00.000,I-75,I-75 and Arthur Langford Pkwy E,,Rear End,2,Clear,Dry,Daylight
2024-07-06T20:31:00.000,I-75,I-75 and Arthur Langford Pkwy E,,Not a Collision with Motor Vehicle,1,Clear,Wet,Daylight
2024-12-22T12:22:00.000,I-75,I-75 and Arthur Langford Pkwy E,,Sideswipe-Same Direction,2,Clear,Dry,Daylight
2024-04-10T06:23:00.000,I-75,I-75 and Arthur Langford Pkwy E,,Rear End,2,Clear,Dry,Dark-Lighted
2024-09-08T19:00:00.000,I-75,I-75 and Arthur Langford Pkwy E,,Angle Crash,2,Clear,Dry,Daylight
2024-05-04T03:00:00.000,I-75,I-75 and Arthur Langford Pkwy E,,Not a Collision with Motor Vehicle,1,Clear,Dry,Dark-Lighted
2024-10-09T18:20:00.000,I-75,I-75 and Arthur Langford Pkwy E,,Rear End,2,Clear,Dry,Daylight
2024-04-06T09:40:00.000,I-75,I-75 and Arthur Langford Pkwy E,,Sideswipe-Same Direction,2,Clear,Dry,Daylight
2024-06-26T21:00:00.000,I-75,I-75 and Arthur Langford Pkwy E,,Angle Crash,2,Clear,Dry,Dark-Not Lighted
2024-09-22T00:00:00.000,I-75,I-75 and Arthur Langford Pkwy E,,Not a Collision with Motor Vehicle,1,Clear,Dry,Dark-Not Lighted
2022-02-03T22:00:00.000,I-75,I-75 and Arthur Langford Pkwy,,Not a Collision with Motor Vehicle,1,Rain,Water (standing or moving),Dark-Lighted
2022-01-17T18:21:00.000,I-75,I-75 and Arthur Langford Pkwy,,Angle Crash,2,Clear,Dry,Dark-Not Lighted
2023-07-12T15:01:00.000,I-75,I-75 and Arthur Langford Jr Pl,,Sideswipe-Same Direction,3,Clear,Dry,Daylight
2021-09-14T09:50:00.000,I-75,I-75 and Arthur Langford Jr Pkwy Sw,,Rear End,2,Clear,Dry,Daylight
2021-07-19T23:00:00.000,I-75,I-75 and Arthur Langford Jr,,Not a Collision with Motor Vehicle,1,Rain,Water (standing or moving),Dark-Lighted
2021-07-09T21:40:00.000,I-75,I-75 and Arthur Langford,,Sideswipe-Same Direction,2,Clear,Dry,Dark-Lighted
2021-07-12T20:35:00.000,I-75,I-75 and Arthur Langford,,Not a Collision with Motor Vehicle,1,Clear,Dry,Daylight
2021-09-01T06:54:00.000,I-75,I-75 and Art Langford Pkwy,,Angle Crash,3,Clear,Dry,Daylight
2022-03-05T15:00:00.000,I-75,I-75 and Andrew Young Intl Blvd,,Rear End,2,Clear,Dry,Daylight
2021-06-06T05:00:00.000,I-75,I-75 and Andrew Young International Blvd Ne,,Not a Collision with Motor Vehicle,1,Clear,Dry,Dark-Lighted
2021-11-03T16:06:00.000,I-75,I-75 and Andrew Young International Blvd Ne,,Sideswipe-Same Direction,2,Clear,Dry,Daylight
2021-11-06T18:08:00.000,I-75,I-75 and Andrew Young International Blvd Ne,,Sideswipe-Same Direction,2,Clear,Dry,Dark-Lighted
2023-04-12T16:42:00.000,I-75,I-75 and Andrew Young International Blvd Ne,,Rear End,2,Clear,Dry,Daylight
2023-02-04T03:38:00.000,I-75,I-75 and Andrew Young International Blvd Ne,,Rear End,2,Clear,Dry,Dark-Lighted
2023-08-09T18:45:00.000,I-75,I-75 and Andrew Young International Blvd Ne,,Rear End,2,Clear,Dry,Daylight
2023-08-06T21:15:00.000,I-75,I-75 and Andrew Young International Blvd Ne,,Sideswipe-Same Direction,2,Rain,Water (standing or moving),Dark-Lighted
2023-12-08T20:50:00.000,I-75,I-75 and Andrew Young International Blvd Ne,,Rear End,2,Cloudy,Dry,Dark-Lighted
2023-07-07T22:50:00.000,I-75,I-75 and Andrew Young International Blvd Ne,,Rear End,2,Clear,Dry,Dark-Lighted
2023-02-09T19:47:00.000,I-75,I-75 and Andrew Young International Blvd Ne,,Not a Collision with Motor Vehicle,1,Rain,Wet,Dark-Lighted
2023-11-15T18:00:00.000,I-75,I-75 and Andrew Young International Blvd Ne,,Rear End,2,Clear,Dry,Dark-Lighted
2022-01-15T17:30:00.000,I-75,I-75 and Andrew Young International Blvd Ne,,Rear End,2,Clear,Dry,Dawn
2022-10-30T13:24:00.000,I-75,I-75 and Andrew Young International Blvd Ne,,Rear End,2,Cloudy,Wet,Daylight
2021-12-18T03:18:00.000,I-75,I-75 and Andrew Young International Blvd Ne,,Angle Crash,2,Rain,Water (standing or moving),Dark-Lighted
2021-12-18T17:50:00.000,I-75,I-75 and Andrew Young International Blvd Ne,,Rear End,2,Rain,Water (standing or moving),Dark-Lighted
2021-12-19T00:31:00.000,I-75,I-75 and Andrew Young International Blvd Ne,,Rear End,2,Cloudy,Water (standing or moving),Dark-Lighted
2022-05-18T09:30:00.000,I-75,I-75 and Andrew Young International Blvd Ne,,Sideswipe-Same Direction,2,Clear,Dry,Daylight
2022-10-12T16:53:00.000,I-75,I-75 and Andrew Young International Blvd Ne,,Sideswipe-Same Direction,2,Rain,Wet,Daylight
2022-03-11T14:22:00.000,I-75,I-75 and Andrew Young International Blvd Ne,,Rear End,2,Cloudy,Dry,Daylight
2022-09-04T00:22:00.000,I-75,I-75 and Andrew Young International Blvd Ne,,Angle Crash,3,Clear,Dry,Dark-Lighted
2022-06-26T16:20:00.000,I-75,I-75 and Andrew Young International Blvd Ne,,Rear End,2,Clear,Dry,Daylight
2022-07-13T18:10:00.000,I-75,I-75 and Andrew Young International Blvd Ne,,Rear End,2,Cloudy,Dry,Daylight
2022-05-30T05:00:00.000,I-75,I-75 and Andrew Young International Blvd Ne,,Head On,2,Clear,Dry,Dark-Lighted
2022-05-25T14:36:00.000,I-75,I-75 and Andrew Young International Blvd Ne,,Sideswipe-Same Direction,2,Clear,Dry,Daylight
2022-07-20T17:23:00.000,I-75,I-75 and Andrew Young International Blvd Ne,,Rear End,2,Clear,Dry,Daylight
2022-04-23T21:20:00.000,I-75,I-75 and Andrew Young International Blvd Ne,,Rear End,2,Clear,Dry,Dark-Not Lighted
2022-07-20T16:11:00.000,I-75,I-75 and Andrew Young International Blvd Ne,,Sideswipe-Same Direction,2,Clear,Dry,Daylight
2022-03-12T05:00:00.000,I-75,I-75 and Andrew Young International Blvd Ne,,Not a Collision with Motor Vehicle,1,Rain,Wet,Dark-Lighted
2022-09-17T18:30:00.000,I-75,I-75 and Andrew Young International Blvd Ne,,Rear End,3,Clear,Dry,Dark-Lighted
2022-08-27T14:11:00.000,I-75,I-75 and Andrew Young International Blvd Ne,,Sideswipe-Same Direction,2,Clear,Dry,Daylight
2022-07-20T17:30:00.000,I-75,I-75 and Andrew Young International Blvd Ne,,Rear End,2,Clear,Dry,Daylight
2022-12-04T19:29:00.000,I-75,I-75 and Andrew Young International Blvd Ne,,Rear End,2,Clear,Dry,Dark-Lighted
2022-05-07T20:00:00.000,I-75,I-75 and Andrew Young International Blvd Ne,,Rear End,3,Clear,Dry,Dark-Lighted
2022-11-30T08:03:00.000,I-75,I-75 and Andrew Young International Blvd Ne,,Rear End,3,Cloudy,Wet,Daylight
2022-12-17T18:55:00.000,I-75,I-75 and Andrew Young International Blvd Ne,,Sideswipe-Same Direction,2,Clear,Dry,Dark-Lighted
2022-12-31T04:40:00.000,I-75,I-75 and Andrew Young International Blvd Ne,,Sideswipe-Same Direction,2,Clear,Wet,Dark-Lighted
2024-08-28T18:02:00.000,I-75,I-75 and Andrew Young International Blvd Ne,,Sideswipe-Same Direction,2,Clear,Dry,Daylight
2024-10-15T16:29:00.000,I-75,I-75 and Andrew Young International Blvd Ne,,Sideswipe-Same Direction,2,Clear,Dry,Daylight
2024-10-08T22:00:00.000,I-75,I-75 and Andrew Young International Blvd Ne,,Sideswipe-Same Direction,2,Clear,Dry,Dark-Lighted
2024-02-11T17:50:00.000,I-75,I-75 and Andrew Young International Blvd Ne,,Rear End,3,Rain,Wet,Dark-Not Lighted
2024-05-12T15:29:00.000,I-75,I-75 and Andrew Young International Blvd Ne,,Head On,2,Clear,Dry,Daylight
2024-02-18T20:20:00.000,I-75,I-75 and Andrew Young International Blvd Ne,,Rear End,2,Clear,Dry,Dark-Lighted
2024-08-24T17:42:00.000,I-75,I-75 and Andrew Young International Blvd Ne,,Rear End,2,Clear,Dry,Daylight
2024-08-06T13:10:00.000,I-75,I-75 and Andrew Young International Blvd Ne,,Angle Crash,2,Clear,Dry,Daylight
2024-12-08T00:39:00.000,I-75,I-75 and Andrew Young International Blvd Ne,,Rear End,2,Clear,Dry,Dark-Not Lighted
2024-10-24T16:21:00.000,I-75,I-75 and Andrew Young International Blvd Ne,,Sideswipe-Same Direction,2,Clear,Dry,Daylight
2024-01-14T15:30:00.000,I-75,I-75 and Andrew Young International Blvd Ne,,Sideswipe-Same Direction,2,Clear,Dry,Daylight
2024-05-05T18:00:00.000,I-75,I-75 and Andrew Young International Blvd Ne,,Rear End,2,Cloudy,Dry,Daylight
2023-02-04T14:10:00.000,I-75,I-75 and Andrew Young International Blvd Ne,,Sideswipe-Same Direction,2,Clear,Dry,Daylight
2023-05-21T23:09:00.000,I-75,I-75 and Andrew Young International Blvd Ne,,Sideswipe-Same Direction,2,Clear,Dry,Dark-Lighted
2023-06-11T11:52:00.000,I-75,I-75 and Andrew Young International Blvd Ne,,Sideswipe-Same Direction,2,Clear,Dry,Daylight
2023-01-21T23:58:00.000,I-75,I-75 and Andrew Young International Blvd Ne,,Not a Collision with Motor Vehicle,1,Rain,Water (standing or moving),Dark-Not Lighted
2023-11-18T21:25:00.000,I-75,I-75 and Andrew Young International Blvd Ne,,Sideswipe-Same Direction,2,Clear,Dry,Dark-Lighted
2023-10-18T19:30:00.000,I-75,I-75 and Andrew Young International Blvd Ne,,Rear End,2,Clear,Dry,Dusk
2023-04-22T00:30:00.000,I-75,I-75 and Andrew Young International Blvd Ne,,Sideswipe-Same Direction,2,Cloudy,Water (standing or moving),Dark-Lighted
2023-11-19T15:30:00.000,I-75,I-75 and Andrew Young International Blvd Ne,,Sideswipe-Same Direction,2,Clear,Dry,Daylight
2023-07-19T16:00:00.000,I-75,I-75 and Andrew Young International Blvd Ne,,Sideswipe-Same Direction,2,Clear,Dry,Daylight
2024-10-10T12:55:00.000,I-75,I-75 and Andrew Young International Blvd Ne,,Sideswipe-Same Direction,2,Clear,Dry,Daylight
2024-10-10T08:45:00.000,I-75,I-75 and Andrew Young International Blvd Ne,,Angle Crash,2,Clear,Dry,Dark-Lighted
2024-05-22T09:00:00.000,I-75,I-75 and Andrew Young International Blvd Ne,,Rear End,2,Clear,Dry,Daylight
2024-02-10T12:50:00.000,I-75,I-75 and Andrew Young International Blvd Ne,,Rear End,2,Cloudy,Dry,Daylight
2024-03-20T08:41:00.000,I-75,I-75 and Andrew Young International Blvd Ne,,Rear End,2,Clear,Dry,Daylight
2024-07-29T22:25:00.000,I-75,I-75 and Andrew Young International Blvd Ne,,Sideswipe-Same Direction,2,Rain,Wet,Dark-Lighted
2024-08-25T13:13:00.000,I-75,I-75 and Andrew Young International Blvd Ne,,Sideswipe-Same Direction,2,Clear,Dry,Daylight
2024-11-22T03:19:00.000,I-75,I-75 and Andrew Young International Blvd Ne,,Not a Collision with Motor Vehicle,1,Clear,Dry,Dark-Lighted
2024-03-27T16:20:00.000,I-75,I-75 and Andrew Young International Blvd Ne,,Rear End,2,Clear,Dry,Daylight
2024-10-15T16:46:00.000,I-75,I-75 and Andrew Young International Blvd Ne,,Rear End,3,Clear,Dry,Daylight
2024-10-26T19:20:00.000,I-75,I-75 and Andrew Young International Blvd Ne,,Rear End,3,Clear,Dry,Dark-Lighted
2024-05-13T18:00:00.000,I-75,I-75 and Andrew Young International Blvd Ne,,Head On,3,Clear,Dry,Daylight
2024-12-17T20:12:00.000,I-75,I-75 and Andrew Young International Blvd Ne,,Rear End,2,Cloudy,Dry,Dark-Lighted
2024-11-02T23:00:00.000,I-75,I-75 and Andrew Young International Blvd Ne,,Sideswipe-Same Direction,2,Clear,Dry,Dark-Lighted
2024-05-31T12:07:00.000,I-75,I-75 and Andrew Young International Blvd Ne,,Sideswipe-Same Direction,2,Clear,Dry,Daylight
2024-12-29T18:30:00.000,I-75,I-75 and Andrew Young International Blvd Ne,,Rear End,2,Clear,Dry,Dark-Lighted
2024-09-25T10:00:00.000,I-75,I-75 and Andrew Young International Blvd Ne,,Rear End,2,Cloudy,Dry,Daylight
2024-05-18T12:00:00.000,I-75,I-75 and Andrew Young International Blvd Ne,,Rear End,2,Cloudy,Wet,Daylight
2024-05-04T20:00:00.000,I-75,I-75 and Andrew Young International Blvd Ne,,Rear End,2,Clear,Dry,Dark-Lighted
2024-02-25T16:11:00.000,I-75,I-75 and Andrew Young International Blvd Ne,,Rear End,2,Clear,Dry,Daylight
2024-03-10T20:00:00.000,I-75,I-75 and Andrew Young International Blvd Ne,,Rear End,2,Clear,Dry,Dark-Lighted
2024-01-20T15:30:00.000,I-75,I-75 and Andrew Young International Blvd Ne,,Rear End,2,Clear,Dry,Daylight
2024-04-03T13:45:00.000,I-75,I-75 and Andrew Young International Blvd Ne,,Sideswipe-Same Direction,2,Clear,Dry,Daylight
2024-09-25T18:25:00.000,I-75,I-75 and Andrew Young International Blvd Ne,,Rear End,2,Rain,Wet,Daylight
2024-10-02T07:05:00.000,I-75,I-75 and Andrew Young International Blvd Ne,,Sideswipe-Same Direction,2,Cloudy,Dry,Daylight
2024-08-17T19:28:00.000,I-75,I-75 and Andrew Young International Blvd Ne,,Sideswipe-Same Direction,2,Clear,Dry,Dawn
2024-10-28T18:00:00.000,I-75,I-75 and Andrew Young International Blvd Ne,,Rear End,2,Clear,Dry,Dark-Lighted
2024-02-25T16:04:00.000,I-75,I-75 and Andrew Young International Blvd Ne,,Rear End,2,Clear,Dry,Daylight
2024-07-14T07:48:00.000,I-75,I-75 and Andrew Young International Blvd Ne,,Rear End,2,Clear,Dry,Daylight
2022-05-25T18:10:00.000,I-75,I-75 and Andrew Young International Blvd  Ne,,Rear End,2,Clear,Wet,Daylight
2023-11-27T08:58:00.000,I-75,I-75 and Andrew Young Int'l Blvd,,Rear End,2,Clear,Dry,Daylight
2024-08-05T11:33:00.000,I-75,I-75 and Alabama Hwy,,Sideswipe-Same Direction,2,Clear,Dry,Daylight
2024-07-07T05:15:00.000,I-75,I-75 and Alabama Hwy,,Rear End,2,Clear,Dry,Dawn
2021-07-10T07:32:00.000,I-75,I-75 and 75-85 Nb,,Angle Crash,2,Cloudy,Wet,Daylight
2021-08-25T05:55:00.000,I-75,I-75 and 75 85 Nb,,Sideswipe-Same Direction,2,Clear,Dry,Dark-Not Lighted
2021-07-04T08:00:00.000,I-75,I-75 and 5Th Street,,Sideswipe-Same Direction,2,Clear,Dry,Daylight
2023-04-12T16:55:00.000,I-75,I-75 and 5Th St Nw,,Sideswipe-Same Direction,3,Clear,Dry,Daylight
2023-09-13T08:59:00.000,I-75,I-75 and 5Th St Nw,,Rear End,4,Cloudy,Wet,Daylight
2022-11-13T12:27:00.000,I-75,I-75 and 5Th St Nw,,Rear End,2,Clear,Dry,Daylight
2024-02-17T12:00:00.000,I-75,I-75 and 5Th St Nw,,Rear End,2,Cloudy,Dry,Daylight
2024-06-08T00:10:00.000,I-75,I-75 and 5Th St Nw,,Rear End,4,Clear,Dry,Dark-Lighted
2024-02-18T11:10:00.000,I-75,I-75 and 5Th St Nw,,Rear End,2,Cloudy,Dry,Daylight
2024-09-14T19:00:00.000,I-75,I-75 and 5Th St Nw,,Rear End,2,Other,Other,Daylight
2024-06-08T19:30:00.000,I-75,I-75 and 5Th St Nw,,Sideswipe-Same Direction,2,Clear,Dry,Daylight
2024-11-16T13:40:00.000,I-75,I-75 and 5Th St Nw,,Rear End,2,Clear,Dry,Daylight
2023-11-15T08:15:00.000,I-75,I-75 and 5Th St Nw,,Rear End,2,Cloudy,Dry,Daylight
2023-11-20T19:43:00.000,I-75,I-75 and 5Th St Nw,,Sideswipe-Same Direction,2,Clear,Dry,Dark-Lighted
2024-04-06T14:43:00.000,I-75,I-75 and 5Th St Nw,,Sideswipe-Same Direction,2,Clear,Dry,Daylight
2024-12-07T22:00:00.000,I-75,I-75 and 5Th St Nw,,Rear End,2,Clear,Dry,Dark-Lighted
2024-07-19T23:46:00.000,I-75,I-75 and 5Th St Nw,,Rear End,3,Rain,Wet,Dark-Not Lighted
2024-09-21T16:28:00.000,I-75,I-75 and 5Th St Nw,,Rear End,2,Clear,Dry,Daylight
2024-11-18T19:35:00.000,I-75,I-75 and 5Th St Nw,,Rear End,2,Clear,Dry,Dark-Lighted
2024-09-25T15:18:00.000,I-75,I-75 and 5Th St Nw,,Sideswipe-Same Direction,2,Rain,Dry,Daylight
2024-04-07T14:44:00.000,I-75,I-75 and 5Th St Nw,,Rear End,2,Clear,Dry,Daylight
2024-02-17T12:00:00.000,I-75,I-75 and 5Th St Nw,,Rear End,2,Cloudy,Dry,Daylight
2024-08-07T09:45:00.000,I-75,I-75 and 5Th St Nw,,Sideswipe-Same Direction,2,Clear,Dry,Daylight
2024-02-10T12:40:00.000,I-75,I-75 and 5Th St Nw,,Sideswipe-Same Direction,2,Cloudy,Dry,Daylight
2024-02-18T11:10:00.000,I-75,I-75 and 5Th St Nw,,Rear End,2,Cloudy,Dry,Daylight
2024-05-22T12:30:00.000,I-75,I-75 and 5Th St Nw,,Sideswipe-Same Direction,2,Clear,Dry,Daylight
2021-07-10T16:30:00.000,I-75,I-75 and 17Thst,,Rear End,2,Rain,Wet,Daylight
2021-11-20T15:25:00.000,I-75,I-75 and 17Th St Nw,,Sideswipe-Same Direction,2,Clear,Dry,Daylight
2021-10-30T06:50:00.000,I-75,I-75 and 17Th St Nw,,Not a Collision with Motor Vehicle,1,Cloudy,Dry,Dark-Not Lighted
2021-07-31T10:46:00.000,I-75,I-75 and 17Th St Nw,,Angle Crash,2,Clear,Dry,Daylight
2023-07-28T23:05:00.000,I-75,I-75 and 17Th St Nw,,Rear End,3,Clear,Wet,Dark-Lighted
2023-06-10T08:10:00.000,I-75,I-75 and 17Th St Nw,,Rear End,2,Clear,Dry,Daylight
2023-08-30T11:30:00.000,I-75,I-75 and 17Th St Nw,,Not a Collision with Motor Vehicle,1,Clear,Wet,Daylight
2023-11-25T19:00:00.000,I-75,I-75 and 17Th St Nw,,Rear End,2,Clear,Dry,Dark-Lighted
2023-01-04T10:36:00.000,I-75,I-75 and 17Th St Nw,,Rear End,3,Rain,Water (standing or moving),Daylight
2022-06-27T00:25:00.000,I-75,I-75 and 17Th St Nw,,Angle Crash,2,Clear,Dry,Dark-Lighted
2022-03-11T04:00:00.000,I-75,I-75 and 17Th St Nw,,Not a Collision with Motor Vehicle,1,Clear,Dry,Dark-Lighted
2021-12-18T05:41:00.000,I-75,I-75 and 17Th St Nw,,Rear End,2,Clear,Wet,Dark-Lighted
2022-01-05T04:20:00.000,I-75,I-75 and 17Th St Nw,,Not a Collision with Motor Vehicle,1,Clear,Dry,Dark-Lighted
2022-07-17T20:50:00.000,I-75,I-75 and 17Th St Nw,,Sideswipe-Same Direction,2,Clear,Dry,Dark-Not Lighted
2022-09-17T06:49:00.000,I-75,I-75 and 17Th St Nw,,Angle Crash,4,Clear,Dry,Dark-Not Lighted
2022-10-28T18:16:00.000,I-75,I-75 and 17Th St Nw,,Sideswipe-Same Direction,2,Clear,Dry,Dark-Lighted
2024-06-26T09:16:00.000,I-75,I-75 and 17Th St Nw,,Rear End,2,Clear,Dry,Daylight
2024-02-11T04:00:00.000,I-75,I-75 and 17Th St Nw,,Sideswipe-Same Direction,2,Clear,Dry,Dark-Lighted
2024-11-23T22:30:00.000,I-75,I-75 and 17Th St Nw,,Rear End,3,Clear,Dry,Dark-Lighted
2024-01-07T17:48:00.000,I-75,I-75 and 17Th St Nw,,Rear End,3,Clear,Dry,Dark-Lighted
2024-08-07T18:08:00.000,I-75,I-75 and 17Th St Nw,,Rear End,2,Clear,Dry,Daylight
2024-11-26T20:22:00.000,I-75,I-75 and 17Th St Nw,,Sideswipe-Same Direction,2,Clear,Dry,Dark-Lighted
2024-03-24T23:50:00.000,I-75,I-75 and 17Th St Nw,,Rear End,3,Clear,Dry,Dark-Lighted
2024-05-27T22:30:00.000,I-75,I-75 and 17Th St Nw,,Sideswipe-Same Direction,2,Clear,Dry,Dark-Lighted
2023-06-17T18:30:00.000,I-75,I-75 and 17Th St Nw,,Sideswipe-Same Direction,2,Clear,Dry,Daylight
2023-11-01T15:00:00.000,I-75,I-75 and 17Th St Nw,,Rear End,2,Clear,Dry,Daylight
2024-03-27T09:42:00.000,I-75,I-75 and 17Th St Nw,,Sideswipe-Same Direction,2,Cloudy,Dry,Daylight
2023-08-16T11:15:00.000,I-75,I-75 and 17Th St Nw,,Sideswipe-Opposite Direction,2,Clear,Dry,Daylight
2023-11-27T21:28:00.000,I-75,I-75 and 17Th St Nw,,Rear End,2,Clear,Dry,Dark-Not Lighted
2023-11-19T21:07:00.000,I-75,I-75 and 17Th St Nw,,Rear End,2,Clear,Dry,Dark-Not Lighted
2023-11-26T19:30:00.000,I-75,I-75 and 17Th St Nw,,Rear End,3,Rain,Wet,Dark-Lighted
2023-12-10T16:00:00.000,I-75,I-75 and 17Th St Nw,,Rear End,2,Cloudy,Dry,Daylight
2023-11-28T11:50:00.000,I-75,I-75 and 17Th St Nw,,Rear End,2,Clear,Dry,Daylight
2024-09-18T06:45:00.000,I-75,I-75 and 17Th St Nw,,Sideswipe-Same Direction,2,Clear,Dry,Daylight
2024-09-16T20:03:00.000,I-75,I-75 and 17Th St Nw,,Sideswipe-Same Direction,3,Clear,Dry,Dark-Not Lighted
2024-07-02T23:50:00.000,I-75,I-75 and 17Th St Nw,,Sideswipe-Same Direction,2,Clear,Dry,Dark-Not Lighted
2024-02-11T01:30:00.000,I-75,I-75 and 17Th St Nw,,Sideswipe-Same Direction,2,Clear,Dry,Dark-Lighted
2024-10-02T14:43:00.000,I-75,I-75 and 17Th St Nw,,Sideswipe-Same Direction,2,Clear,Dry,Daylight
2024-08-17T11:25:00.000,I-75,I-75 and 17Th St Nw,,Rear End,2,Clear,Dry,Daylight
2024-06-30T14:15:00.000,I-75,I-75 and 17Th St Nw,,Angle Crash,3,Clear,Dry,Daylight
2024-02-10T22:00:00.000,I-75,I-75 and 17Th St Nw,,Rear End,2,Other,Dry,Dark-Not Lighted
2024-07-10T08:00:00.000,I-75,I-75 and 17Th St Nw,,Rear End,2,Clear,Dry,Daylight
2024-07-07T23:00:00.000,I-75,I-75 and 17Th St Nw,,Rear End,3,Clear,Dry,Dark-Not Lighted
2024-06-19T17:23:00.000,I-75,I-75 and 17Th St Nw,,Sideswipe-Same Direction,3,Clear,Dry,Daylight
2024-11-05T05:25:00.000,I-75,I-75 and 17Th St Nw,,Rear End,2,Clear,Dry,Dark-Lighted
2024-06-29T15:00:00.000,I-75,I-75 and 17Th St Nw,,Sideswipe-Same Direction,2,Clear,Dry,Daylight
2024-11-13T09:00:00.000,I-75,I-75 and 17Th St Nw,,Rear End,2,Clear,Dry,Daylight
2024-03-29T03:00:00.000,I-75,I-75 and 17Th St Nw,,Rear End,2,Clear,Dry,Dark-Lighted
2024-02-17T09:15:00.000,I-75,I-75 and 17Th St Nw,,Angle Crash,2,Clear,Dry,Daylight
2024-08-31T12:00:00.000,I-75,I-75 and 17Th St Nw,,Sideswipe-Same Direction,2,Clear,Dry,Daylight
2024-06-16T19:00:00.000,I-75,I-75 and 17Th St Nw,,Rear End,2,Clear,Dry,Daylight
2024-07-31T20:09:00.000,I-75,I-75 and 17Th St Nw,,Rear End,2,Clear,Dry,Dark-Lighted
2024-04-13T23:26:00.000,I-75,I-75 and 17Th St Nw,,Rear End,2,Cloudy,Dry,Dark-Lighted
2024-12-13T10:39:00.000,I-75,I-75 and 17Th St Nw,,Rear End,2,Clear,Dry,Daylight
2024-12-18T08:13:00.000,I-75,I-75 and 17Th St Nw,,Rear End,2,Clear,Dry,Daylight
2024-05-27T02:30:00.000,I-75,I-75 and 17Th St Nw,,Rear End,2,Clear,Dry,Dark-Lighted
2024-02-25T08:48:00.000,I-75,I-75 and 17Th St Nw,,Rear End,2,Clear,Dry,Daylight
2024-03-17T00:56:00.000,I-75,I-75 and 17Th St Nw,,Angle Crash,7,Clear,Dry,Dark-Lighted
2024-08-31T12:30:00.000,I-75,I-75 and 17Th St Nw,,Rear End,3,Clear,Dry,Daylight
2023-03-15T08:00:00.000,I-75,I-75 and 17Th St Exit 251A,,Angle Crash,3,Clear,Dry,Daylight
2021-07-17T11:38:00.000,I-75,I-75 and 17Th St,,Rear End,2,Clear,Dry,Daylight
2021-08-01T22:00:00.000,I-75,I-75 and 17Th St,,Sideswipe-Same Direction,2,Clear,Dry,Dark-Lighted
2021-09-12T17:53:00.000,I-75,I-75 and 17Th St,,Rear End,2,Clear,Dry,Daylight
2021-08-21T10:30:00.000,I-75,I-75 and 17Th St,,Sideswipe-Same Direction,2,Cloudy,Dry,Daylight
2021-07-21T16:15:00.000,I-75,I-75 and 17Th St,,Rear End,2,Clear,Dry,Daylight
2021-08-22T15:01:00.000,I-75,I-75 and 17Th St,,Sideswipe-Same Direction,2,Clear,Dry,Daylight
2024-09-14T15:10:00.000,I-75,I-75 and 17Th St,,Rear End,2,Rain,Wet,Daylight
2022-08-13T21:40:00.000,I-75,I-75 and 17H St Nw,,Rear End,2,Clear,Dry,Dark-Not Lighted
2021-08-26T23:26:00.000,I-75,I-75 and 16Th St Nw,,Sideswipe-Same Direction,2,Clear,Dry,Dark-Lighted
2024-07-22T01:52:00.000,I-75,I-75 and 16Th St,,Angle Crash,2,Clear,Dry,Dark-Lighted
2023-03-20T21:32:00.000,I-75,I-75 and 14Th St Nw,,Rear End,3,Clear,Dry,Dark-Not Lighted
2023-05-27T11:53:00.000,I-75,I-75 and 14Th St Nw,,Sideswipe-Same Direction,2,Clear,Dry,Daylight
2023-05-06T11:25:00.000,I-75,I-75 and 14Th St Nw,,Rear End,2,Clear,Dry,Daylight
2023-07-06T11:45:00.000,I-75,I-75 and 14Th St Nw,,Rear End,2,Clear,Dry,Daylight