Date and Time,Roadway (From Crash Report),Intersection Name (from Crash Report),KABCO Severity,Manner of Collision (Crash Level) ,# of Vehicles per crash ,Weather Conditions (Crash Level),Surface Condition (Crash Level) ,Light Conditions (Crash Level)
2023-04-30T04:13:00.000,I-75,I-75 and 14Th St Nw,,Rear End,2,Rain,Wet,Dark-Lighted
2023-05-10T20:58:00.000,I-75,I-75 and 14Th St Nw,,Rear End,3,Cloudy,Dry,Dark-Lighted
2023-04-19T07:00:00.000,I-75,I-75 and 14Th St Nw,,Sideswipe-Same Direction,2,Clear,Dry,Daylight
2023-02-06T03:00:00.000,I-75,I-75 and 14Th St Nw,,Not a Collision with Motor Vehicle,2,Clear,Dry,Dark-Lighted
2021-12-04T16:23:00.000,I-75,I-75 and 14Th St Nw,,Rear End,2,Clear,Dry,Daylight
2021-12-01T19:20:00.000,I-75,I-75 and 14Th St Nw,,Rear End,2,Clear,Dry,Dark-Lighted
2022-08-07T12:52:00.000,I-75,I-75 and 14Th St Nw,,Sideswipe-Same Direction,2,Clear,Dry,Daylight
2022-01-30T13:01:00.000,I-75,I-75 and 14Th St Nw,,Rear End,3,Clear,Dry,Daylight
2022-03-13T05:36:00.000,I-75,I-75 and 14Th St Nw,,Angle Crash,2,Cloudy,Dry,Dark-Not Lighted
2022-12-14T08:29:00.000,I-75,I-75 and 14Th St Nw,,Rear End,2,Cloudy,Dry,Daylight
2022-02-27T20:30:00.000,I-75,I-75 and 14Th St Nw,,Sideswipe-Same Direction,2,Cloudy,Wet,Dark-Lighted
2022-09-19T10:20:00.000,I-75,I-75 and 14Th St Nw,,Angle Crash,2,Clear,Dry,Daylight
2022-10-26T07:26:00.000,I-75,I-75 and 14Th St Nw,,Rear End,2,Clear,Dry,Daylight
2022-07-09T08:10:00.000,I-75,I-75 and 14Th St Nw,,Angle Crash,3,Rain,Other,Daylight
2024-08-13T18:06:00.000,I-75,I-75 and 14Th St Nw,,Sideswipe-Same Direction,2,Clear,Dry,Daylight
2024-05-27T01:10:00.000,I-75,I-75 and 14Th St Nw,,Rear End,4,Clear,Dry,Dark-Lighted
2024-04-07T01:00:00.000,I-75,I-75 and 14Th St Nw,,Sideswipe-Same Direction,2,Clear,Dry,Dark-Lighted
2024-12-11T11:45:00.000,I-75,I-75 and 14Th St Nw,,Rear End,2,Clear,Dry,Daylight
2024-11-06T21:30:00.000,I-75,I-75 and 14Th St Nw,,Rear End,2,Clear,Dry,Dark-Lighted
2024-09-19T00:30:00.000,I-75,I-75 and 14Th St Nw,,Rear End,2,Clear,Dry,Dark-Not Lighted
2024-05-11T12:00:00.000,I-75,I-75 and 14Th St Nw,,Rear End,2,Clear,Dry,Daylight
2023-01-22T16:29:00.000,I-75,I-75 and 14Th St Nw,,Rear End,2,Cloudy,Wet,Daylight
2024-07-31T09:30:00.000,I-75,I-75 and 14Th St Nw,,Rear End,2,Cloudy,Dry,Daylight
2024-08-04T11:57:00.000,I-75,I-75 and 14Th St Nw,,Head On,3,Clear,Dry,Daylight
2024-07-17T12:30:00.000,I-75,I-75 and 14Th St Nw,,Angle Crash,2,Clear,Dry,Daylight
2023-05-20T10:30:00.000,I-75,I-75 and 14Th St Nw,,Rear End,2,Cloudy,Dry,Daylight
2023-04-08T13:40:00.000,I-75,I-75 and 14Th St Nw,,Sideswipe-Same Direction,2,Rain,Wet,Daylight
2023-06-27T09:03:00.000,I-75,I-75 and 14Th St Nw,,Sideswipe-Same Direction,2,Clear,Dry,Daylight
2023-03-08T09:00:00.000,I-75,I-75 and 14Th St Nw,,Angle Crash,2,Clear,Dry,Daylight
2023-11-28T18:59:00.000,I-75,I-75 and 14Th St Nw,,Rear End,2,Clear,Dry,Dark-Lighted
2023-06-27T06:30:00.000,I-75,I-75 and 14Th St Nw,,Angle Crash,2,Clear,Dry,Daylight
2024-11-16T11:30:00.000,I-75,I-75 and 14Th St Nw,,Sideswipe-Same Direction,2,Clear,Dry,Daylight
2024-09-29T15:35:00.000,I-75,I-75 and 14Th St Nw,,Rear End,2,Cloudy,Dry,Daylight
2024-09-04T17:53:00.000,I-75,I-75 and 14Th St Nw,,Sideswipe-Same Direction,2,Clear,Dry,Daylight
2024-11-27T10:35:00.000,I-75,I-75 and 14Th St Nw,,Rear End,2,Clear,Dry,Daylight
2024-10-24T14:34:00.000,I-75,I-75 and 14Th St Nw,,Rear End,2,Clear,Dry,Daylight
2024-08-28T08:10:00.000,I-75,I-75 and 14Th St Nw,,Rear End,2,Clear,Dry,Daylight
2024-08-14T17:52:00.000,I-75,I-75 and 14Th St Nw,,Angle Crash,3,Clear,Dry,Daylight
2024-01-24T08:00:00.000,I-75,I-75 and 14Th St Nw,,Rear End,2,Cloudy,Wet,Daylight
2024-05-05T18:30:00.000,I-75,I-75 and 14Th St Nw,,Rear End,2,Clear,Dry,Daylight
2024-05-28T18:30:00.000,I-75,I-75 and 14Th St Nw,,Rear End,2,Clear,Dry,Daylight
2024-08-21T17:11:00.000,I-75,I-75 and 14Th St Nw,,Sideswipe-Same Direction,2,Clear,Dry,Daylight
2024-09-22T20:00:00.000,I-75,I-75 and 14Th St Nw,,Rear End,2,Clear,Dry,Daylight
2024-06-02T21:45:00.000,I-75,I-75 and 14Th St Nw,,Sideswipe-Same Direction,2,Clear,Dry,Dark-Lighted
2024-10-15T00:40:00.000,I-75,I-75 and 14Th St Nw,,Rear End,3,Clear,Dry,Dark-Lighted
2024-07-21T02:00:00.000,I-75,I-75 and 14Th St Nw,,Rear End,2,Clear,Dry,Dark-Not Lighted
2024-05-15T09:50:00.000,I-75,I-75 and 14Th St Nw,,Sideswipe-Same Direction,2,Clear,Dry,Daylight
2024-11-19T08:20:00.000,I-75,I-75 and 14Th St Nw,,Sideswipe-Same Direction,2,Cloudy,Dry,Daylight
2024-02-25T11:40:00.000,I-75,I-75 and 14Th St Nw,,Rear End,2,Clear,Dry,Daylight
2024-03-16T12:40:00.000,I-75,I-75 and 14Th St Nw,,Sideswipe-Same Direction,2,Clear,Dry,Daylight
2024-06-11T20:00:00.000,I-75,I-75 and 14Th St Nw,,Sideswipe-Same Direction,2,Clear,Dry,Dark-Lighted
2024-04-11T08:18:00.000,I-75,I-75 and 14Th St Nw,,Rear End,2,Cloudy,Dry,Daylight
2024-05-08T13:40:00.000,I-75,I-75 and 14Th St Nw,,Sideswipe-Same Direction,2,Clear,Dry,Daylight
2024-06-16T16:30:00.000,I-75,I-75 and 14Th St Nw,,Angle Crash,2,Clear,Dry,Daylight
2024-08-03T15:01:00.000,I-75,I-75 and 14Th St Nw,,Rear End,2,Clear,Dry,Daylight
2024-04-07T16:54:00.000,I-75,I-75 and 14Th St Nw,,Rear End,2,Clear,Dry,Daylight
2024-04-17T08:20:00.000,I-75,I-75 and 14Th St Nw,,Rear End,2,Clear,Dry,Daylight
2024-09-18T22:00:00.000,I-75,I-75 and 14Th St Nw,,Rear End,4,Cloudy,Dry,Dark-Lighted
2024-12-19T19:00:00.000,I-75,I-75 and 14Th St Nw,,Sideswipe-Same Direction,2,Clear,Dry,Daylight
2021-07-18T11:48:00.000,I-75,I-75 and 14Th St,,Rear End,2,Clear,Water (standing or moving),Dark-Lighted
2021-11-20T21:23:00.000,I-75,I-75 and 10Th St Nw,,Rear End,2,Clear,Dry,Dark-Lighted
2021-10-29T03:28:00.000,I-75,I-75 and 10Th St Nw,,Rear End,2,Cloudy,Wet,Dark-Lighted
2021-12-04T18:30:00.000,I-75,I-75 and 10Th St Nw,,Rear End,4,Clear,Dry,Dark-Lighted
2021-11-27T23:10:00.000,I-75,I-75 and 10Th St Nw,,Rear End,3,Clear,Dry,Dark-Lighted
2021-12-15T08:30:00.000,I-75,I-75 and 10Th St Nw,,Rear End,2,Cloudy,Dry,Daylight
2023-03-26T21:05:00.000,I-75,I-75 and 10Th St Nw,,Rear End,3,Rain,Water (standing or moving),Dark-Lighted
2023-03-13T22:30:00.000,I-75,I-75 and 10Th St Nw,,Sideswipe-Same Direction,2,Clear,Dry,Dark-Lighted
2023-01-25T11:00:00.000,I-75,I-75 and 10Th St Nw,,Rear End,2,Clear,Wet,Daylight
2023-03-12T12:12:00.000,I-75,I-75 and 10Th St Nw,,Rear End,3,Cloudy,Wet,Daylight
2023-06-18T00:00:00.000,I-75,I-75 and 10Th St Nw,,Rear End,2,Clear,Dry,Dark-Lighted
2023-02-10T13:00:00.000,I-75,I-75 and 10Th St Nw,,Sideswipe-Same Direction,2,Cloudy,Dry,Daylight
2023-09-07T10:35:00.000,I-75,I-75 and 10Th St Nw,,Rear End,2,Clear,Dry,Daylight
2023-01-03T20:30:00.000,I-75,I-75 and 10Th St Nw,,Rear End,3,Rain,Water (standing or moving),Dark-Lighted
2023-06-10T10:30:00.000,I-75,I-75 and 10Th St Nw,,Rear End,2,Cloudy,Dry,Daylight
2023-01-29T17:09:00.000,I-75,I-75 and 10Th St Nw,,Rear End,2,Rain,Water (standing or moving),Daylight
2023-11-06T21:16:00.000,I-75,I-75 and 10Th St Nw,,Rear End,2,Clear,Dry,Dark-Lighted
2023-10-08T11:20:00.000,I-75,I-75 and 10Th St Nw,,Rear End,2,Clear,Dry,Daylight
2023-01-13T19:33:00.000,I-75,I-75 and 10Th St Nw,,Rear End,2,Clear,Dry,Dark-Lighted
2023-07-22T09:20:00.000,I-75,I-75 and 10Th St Nw,,Rear End,2,Cloudy,Wet,Daylight
2023-06-25T01:30:00.000,I-75,I-75 and 10Th St Nw,,Rear End,2,Clear,Dry,Dark-Lighted
2023-11-11T23:50:00.000,I-75,I-75 and 10Th St Nw,,Rear End,3,Rain,Wet,Dark-Not Lighted
2023-11-28T17:00:00.000,I-75,I-75 and 10Th St Nw,,Rear End,3,Clear,Dry,Daylight
2023-04-16T07:20:00.000,I-75,I-75 and 10Th St Nw,,Not a Collision with Motor Vehicle,1,Rain,Water (standing or moving),Dawn
2023-09-01T22:00:00.000,I-75,I-75 and 10Th St Nw,,Sideswipe-Same Direction,2,Clear,Dry,Dark-Lighted
2023-10-16T05:50:00.000,I-75,I-75 and 10Th St Nw,,Sideswipe-Same Direction,3,Clear,Dry,Dark-Lighted
2023-05-21T03:10:00.000,I-75,I-75 and 10Th St Nw,,Angle Crash,2,Clear,Dry,Dark-Lighted
2023-05-27T22:29:00.000,I-75,I-75 and 10Th St Nw,,Rear End,2,Clear,Dry,Dark-Lighted
2023-06-11T11:55:00.000,I-75,I-75 and 10Th St Nw,,Not a Collision with Motor Vehicle,1,Cloudy,Wet,Daylight
2023-08-05T15:38:00.000,I-75,I-75 and 10Th St Nw,,Sideswipe-Same Direction,2,Clear,Dry,Daylight
2023-03-04T13:00:00.000,I-75,I-75 and 10Th St Nw,,Angle Crash,2,Clear,Dry,Daylight
2023-05-23T21:53:00.000,I-75,I-75 and 10Th St Nw,,Not a Collision with Motor Vehicle,1,Rain,Water (standing or moving),Dark-Lighted
2023-05-21T19:08:00.000,I-75,I-75 and 10Th St Nw,,Rear End,2,Clear,Dry,Daylight
2023-01-04T16:15:00.000,I-75,I-75 and 10Th St Nw,,Rear End,2,Clear,Dry,Daylight
2023-05-27T18:22:00.000,I-75,I-75 and 10Th St Nw,,Rear End,2,Clear,Dry,Daylight
2023-11-10T19:38:00.000,I-75,I-75 and 10Th St Nw,,Rear End,2,Clear,Dry,Dark-Lighted
2023-05-03T07:00:00.000,I-75,I-75 and 10Th St Nw,,Sideswipe-Same Direction,2,Clear,Dry,Daylight
2023-08-26T12:45:00.000,I-75,I-75 and 10Th St Nw,,Rear End,2,Clear,Dry,Daylight
2023-02-27T00:00:00.000,I-75,I-75 and 10Th St Nw,,Sideswipe-Same Direction,2,Clear,Dry,Dark-Lighted
2023-06-02T22:36:00.000,I-75,I-75 and 10Th St Nw,,Sideswipe-Same Direction,2,Clear,Dry,Dark-Lighted
2023-11-03T16:27:00.000,I-75,I-75 and 10Th St Nw,,Sideswipe-Same Direction,2,Clear,Dry,Daylight
2023-02-17T07:50:00.000,I-75,I-75 and 10Th St Nw,,Rear End,2,Rain,Wet,Daylight
2022-12-23T19:50:00.000,I-75,I-75 and 10Th St Nw,,Not a Collision with Motor Vehicle,1,Clear,Dry,Dark-Lighted
2022-11-05T17:08:00.000,I-75,I-75 and 10Th St Nw,,Rear End,2,Rain,Water (standing or moving),Daylight
2022-09-21T16:25:00.000,I-75,I-75 and 10Th St Nw,,Rear End,2,Clear,Dry,Daylight
2021-11-20T14:10:00.000,I-75,I-75 and 10Th St Nw,,Rear End,2,Clear,Dry,Daylight
2021-11-27T22:45:00.000,I-75,I-75 and 10Th St Nw,,Rear End,2,Clear,Dry,Dark-Lighted
2021-12-05T17:45:00.000,I-75,I-75 and 10Th St Nw,,Rear End,2,Clear,Dry,Daylight
2022-04-30T17:44:00.000,I-75,I-75 and 10Th St Nw,,Rear End,2,Cloudy,Dry,Daylight
2022-06-16T22:37:00.000,I-75,I-75 and 10Th St Nw,,Angle Crash,2,Rain,Wet,Dark-Lighted
2021-12-01T22:30:00.000,I-75,I-75 and 10Th St Nw,,Sideswipe-Same Direction,2,Clear,Dry,Dark-Lighted
2021-11-26T23:11:00.000,I-75,I-75 and 10Th St Nw,,Angle Crash,2,Cloudy,Dry,Dark-Lighted
2021-11-27T23:15:00.000,I-75,I-75 and 10Th St Nw,,Angle Crash,2,Clear,Dry,Dark-Lighted
2022-01-23T18:30:00.000,I-75,I-75 and 10Th St Nw,,Rear End,2,Clear,Dry,Dark-Lighted
2022-01-13T21:17:00.000,I-75,I-75 and 10Th St Nw,,Rear End,2,Clear,Dry,Dark-Lighted
2022-08-01T05:57:00.000,I-75,I-75 and 10Th St Nw,,Sideswipe-Same Direction,2,Clear,Dry,Dark-Lighted
2022-03-16T17:26:00.000,I-75,I-75 and 10Th St Nw,,Angle Crash,2,Cloudy,Dry,Daylight
2022-09-10T20:39:00.000,I-75,I-75 and 10Th St Nw,,Rear End,2,Cloudy,Dry,Dark-Lighted
2022-01-19T07:18:00.000,I-75,I-75 and 10Th St Nw,,Angle Crash,2,Clear,Dry,Daylight
2022-03-27T23:27:00.000,I-75,I-75 and 10Th St Nw,,Rear End,3,Clear,Dry,Dark-Lighted
2022-08-09T20:40:00.000,I-75,I-75 and 10Th St Nw,,Rear End,2,Rain,Water (standing or moving),Dark-Lighted
2022-03-27T12:50:00.000,I-75,I-75 and 10Th St Nw,,Rear End,2,Cloudy,Dry,Daylight
2022-10-03T03:36:00.000,I-75,I-75 and 10Th St Nw,,Rear End,2,Clear,Dry,Dark-Lighted
2022-05-21T14:21:00.000,I-75,I-75 and 10Th St Nw,,Rear End,2,Clear,Dry,Daylight
2022-10-15T18:20:00.000,I-75,I-75 and 10Th St Nw,,Sideswipe-Same Direction,2,Clear,Dry,Dark-Lighted
2022-01-18T14:20:00.000,I-75,I-75 and 10Th St Nw,,Rear End,2,Clear,Dry,Daylight
2022-12-31T18:44:00.000,I-75,I-75 and 10Th St Nw,,Rear End,3,Clear,Dry,Dark-Lighted
2022-04-22T21:45:00.000,I-75,I-75 and 10Th St Nw,,Rear End,2,Clear,Dry,Dark-Lighted
2022-08-31T18:00:00.000,I-75,I-75 and 10Th St Nw,,Rear End,2,Clear,Dry,Daylight
2022-07-23T17:38:00.000,I-75,I-75 and 10Th St Nw,,Rear End,2,Clear,Dry,Daylight
2022-01-22T18:00:00.000,I-75,I-75 and 10Th St Nw,,Rear End,2,Clear,Dry,Dark-Lighted
2022-07-13T16:26:00.000,I-75,I-75 and 10Th St Nw,,Rear End,2,Clear,Dry,Daylight
2022-08-31T16:59:00.000,I-75,I-75 and 10Th St Nw,,Rear End,3,Clear,Dry,Daylight
2022-11-26T12:50:00.000,I-75,I-75 and 10Th St Nw,,Rear End,2,Cloudy,Dry,Daylight
2022-02-06T13:00:00.000,I-75,I-75 and 10Th St Nw,,Rear End,2,Clear,Dry,Daylight
2022-02-26T12:55:00.000,I-75,I-75 and 10Th St Nw,,Angle Crash,2,Cloudy,Dry,Daylight
2022-03-31T21:00:00.000,I-75,I-75 and 10Th St Nw,,Rear End,3,Clear,Dry,Dark-Lighted
2022-01-19T19:00:00.000,I-75,I-75 and 10Th St Nw,,Rear End,2,Clear,Dry,Dark-Lighted
2022-07-06T22:00:00.000,I-75,I-75 and 10Th St Nw,,Head On,2,Clear,Dry,Dark-Lighted
2022-08-12T00:00:00.000,I-75,I-75 and 10Th St Nw,,Sideswipe-Same Direction,2,Cloudy,Wet,Dark-Lighted
2022-12-21T15:56:00.000,I-75,I-75 and 10Th St Nw,,Angle Crash,2,Cloudy,Dry,Daylight
2022-03-27T12:47:00.000,I-75,I-75 and 10Th St Nw,,Rear End,3,Clear,Dry,Daylight
2022-08-17T18:30:00.000,I-75,I-75 and 10Th St Nw,,Rear End,2,Cloudy,Wet,Dark-Lighted
2022-02-06T15:02:00.000,I-75,I-75 and 10Th St Nw,,Rear End,2,Clear,Dry,Daylight
2022-07-24T00:37:00.000,I-75,I-75 and 10Th St Nw,,Angle Crash,2,Cloudy,Dry,Dark-Lighted
2022-11-30T12:00:00.000,I-75,I-75 and 10Th St Nw,,Rear End,3,Clear,Dry,Daylight
2022-06-08T19:13:00.000,I-75,I-75 and 10Th St Nw,,Sideswipe-Same Direction,2,Clear,Dry,Daylight
2022-08-05T23:30:00.000,I-75,I-75 and 10Th St Nw,,Sideswipe-Same Direction,3,Clear,Dry,Dark-Lighted
2022-07-16T16:33:00.000,I-75,I-75 and 10Th St Nw,,Rear End,2,Clear,Dry,Daylight
2022-11-20T18:05:00.000,I-75,I-75 and 10Th St Nw,,Sideswipe-Same Direction,3,Clear,Dry,Dark-Lighted
2022-12-11T22:30:00.000,I-75,I-75 and 10Th St Nw,,Head On,2,Clear,Wet,Dark-Lighted
2022-09-13T10:30:00.000,I-75,I-75 and 10Th St Nw,,Sideswipe-Opposite Direction,2,Clear,Dry,Daylight
2022-10-16T19:42:00.000,I-75,I-75 and 10Th St Nw,,Rear End,2,Clear,Dry,Dark-Not Lighted
2022-01-23T21:07:00.000,I-75,I-75 and 10Th St Nw,,Rear End,3,Clear,Dry,Dark-Lighted
2022-11-23T12:30:00.000,I-75,I-75 and 10Th St Nw,,Rear End,2,Clear,Dry,Daylight
2022-01-28T20:00:00.000,I-75,I-75 and 10Th St Nw,,Sideswipe-Same Direction,2,Clear,Dry,Dark-Lighted
2022-11-20T18:01:00.000,I-75,I-75 and 10Th St Nw,,Angle Crash,2,Clear,Dry,Dark-Lighted
2022-06-25T11:45:00.000,I-75,I-75 and 10Th St Nw,,Angle Crash,2,Clear,Dry,Daylight
2022-08-09T21:00:00.000,I-75,I-75 and 10Th St Nw,,Rear End,2,Clear,Dry,Daylight
2022-05-28T11:00:00.000,I-75,I-75 and 10Th St Nw,,Rear End,2,Clear,Dry,Daylight
2022-12-30T00:57:00.000,I-75,I-75 and 10Th St Nw,,Sideswipe-Same Direction,2,Clear,Dry,Dark-Lighted
2022-03-19T16:34:00.000,I-75,I-75 and 10Th St Nw,,Rear End,3,Clear,Dry,Daylight
2022-11-30T16:42:00.000,I-75,I-75 and 10Th St Nw,,Rear End,3,Clear,Dry,Daylight
2022-10-19T14:13:00.000,I-75,I-75 and 10Th St Nw,,Angle Crash,2,Clear,Dry,Daylight
2022-11-20T23:20:00.000,I-75,I-75 and 10Th St Nw,,Sideswipe-Same Direction,2,Clear,Dry,Dark-Lighted
2022-07-02T12:00:00.000,I-75,I-75 and 10Th St Nw,,Angle Crash,2,Clear,Dry,Daylight
2022-09-24T08:30:00.000,I-75,I-75 and 10Th St Nw,,Rear End,2,Clear,Dry,Daylight
2022-10-22T15:10:00.000,I-75,I-75 and 10Th St Nw,,Rear End,2,Clear,Dry,Daylight
2022-02-09T17:28:00.000,I-75,I-75 and 10Th St Nw,,Rear End,2,Clear,Dry,Daylight
2022-04-13T11:09:00.000,I-75,I-75 and 10Th St Nw,,Rear End,2,Cloudy,Dry,Daylight
2023-08-06T00:00:00.000,I-75,I-75 and 10Th St Nw,,Angle Crash,2,Clear,Dry,Dark-Lighted
2023-03-08T09:13:00.000,I-75,I-75 and 10Th St Nw,,Sideswipe-Same Direction,2,Clear,Dry,Daylight
2024-06-07T04:30:00.000,I-75,I-75 and 10Th St Nw,,Sideswipe-Same Direction,2,Clear,Dry,Dark-Lighted
2024-03-16T20:02:00.000,I-75,I-75 and 10Th St Nw,,Angle Crash,2,Clear,Dry,Dark-Not Lighted
2024-01-12T18:16:00.000,I-75,I-75 and 10Th St Nw,,Rear End,2,Clear,Dry,Dark-Lighted
2024-09-14T13:18:00.000,I-75,I-75 and 10Th St Nw,,Rear End,3,Cloudy,Water (standing or moving),Daylight
2024-02-09T11:00:00.000,I-75,I-75 and 10Th St Nw,,Rear End,2,Clear,Dry,Daylight
2024-11-01T06:45:00.000,I-75,I-75 and 10Th St Nw,,Sideswipe-Same Direction,2,Cloudy,Dry,Dark-Lighted
2024-09-04T16:00:00.000,I-75,I-75 and 10Th St Nw,,Sideswipe-Same Direction,2,Clear,Dry,Daylight
2024-02-03T10:45:00.000,I-75,I-75 and 10Th St Nw,,Sideswipe-Same Direction,2,Clear,Dry,Daylight
2024-07-07T22:45:00.000,I-75,I-75 and 10Th St Nw,,Angle Crash,4,Rain,Water (standing or moving),Dark-Not Lighted
2024-10-23T10:20:00.000,I-75,I-75 and 10Th St Nw,,Sideswipe-Same Direction,2,Clear,Dry,Daylight
2024-06-16T02:50:00.000,I-75,I-75 and 10Th St Nw,,Sideswipe-Same Direction,2,Clear,Dry,Dark-Not Lighted
2024-06-13T21:44:00.000,I-75,I-75 and 10Th St Nw,,Rear End,2,Clear,Dry,Dark-Lighted
2024-01-17T18:21:00.000,I-75,I-75 and 10Th St Nw,,Rear End,4,Clear,Dry,Dark-Lighted
2024-08-23T21:01:00.000,I-75,I-75 and 10Th St Nw,,Rear End,2,Clear,Dry,Dark-Lighted
2024-07-20T01:20:00.000,I-75,I-75 and 10Th St Nw,,Sideswipe-Same Direction,2,Rain,Wet,Dark-Lighted
2024-05-19T21:53:00.000,I-75,I-75 and 10Th St Nw,,Angle Crash,2,Clear,Dry,Dark-Lighted
2024-01-24T07:30:00.000,I-75,I-75 and 10Th St Nw,,Sideswipe-Same Direction,2,Rain,Wet,Dawn
2024-10-02T12:45:00.000,I-75,I-75 and 10Th St Nw,,Angle Crash,3,Clear,Dry,Daylight
2024-01-31T15:30:00.000,I-75,I-75 and 10Th St Nw,,Sideswipe-Same Direction,2,Clear,Dry,Daylight
2024-01-07T13:42:00.000,I-75,I-75 and 10Th St Nw,,Rear End,3,Clear,Dry,Daylight
2024-07-03T20:05:00.000,I-75,I-75 and 10Th St Nw,,Rear End,2,Clear,Dry,Daylight
2023-06-11T11:00:00.000,I-75,I-75 and 10Th St Nw,,Rear End,2,Cloudy,Wet,Daylight
2023-09-20T10:30:00.000,I-75,I-75 and 10Th St Nw,,Rear End,2,Clear,Dry,Daylight
2024-09-19T12:00:00.000,I-75,I-75 and 10Th St Nw,,Angle Crash,2,Clear,Dry,Daylight
2024-06-08T21:15:00.000,I-75,I-75 and 10Th St Nw,,Sideswipe-Opposite Direction,2,Clear,Dry,Dark-Lighted
2024-06-01T12:30:00.000,I-75,I-75 and 10Th St Nw,,Rear End,2,Clear,Dry,Daylight
2024-07-17T09:25:00.000,I-75,I-75 and 10Th St Nw,,Rear End,2,Cloudy,Dry,Daylight
2023-01-18T10:15:00.000,I-75,I-75 and 10Th St Nw,,Sideswipe-Same Direction,2,Cloudy,Wet,Daylight
2023-07-01T08:30:00.000,I-75,I-75 and 10Th St Nw,,Angle Crash,2,Clear,Dry,Daylight
2023-11-26T21:00:00.000,I-75,I-75 and 10Th St Nw,,Sideswipe-Same Direction,2,Rain,Water (standing or moving),Dark-Lighted
2023-12-22T12:00:00.000,I-75,I-75 and 10Th St Nw,,Rear End,2,Clear,Dry,Daylight
2023-06-25T13:06:00.000,I-75,I-75 and 10Th St Nw,,Rear End,3,Clear,Dry,Daylight
2023-06-11T00:00:00.000,I-75,I-75 and 10Th St Nw,,Rear End,2,Clear,Dry,Dark-Lighted
2023-12-20T09:21:00.000,I-75,I-75 and 10Th St Nw,,Sideswipe-Same Direction,2,Clear,Dry,Daylight
2023-08-12T18:16:00.000,I-75,I-75 and 10Th St Nw,,Rear End,2,Severe Thunderstorm or Tornadic,Dry,Dark-Lighted
2023-05-01T06:20:00.000,I-75,I-75 and 10Th St Nw,,Sideswipe-Same Direction,2,Clear,Dry,Daylight
2023-05-20T19:30:00.000,I-75,I-75 and 10Th St Nw,,Rear End,2,Clear,Dry,Daylight
2023-01-14T00:39:00.000,I-75,I-75 and 10Th St Nw,,Angle Crash,2,Clear,Dry,Dark-Lighted
2023-07-01T23:20:00.000,I-75,I-75 and 10Th St Nw,,Sideswipe-Same Direction,2,Clear,Dry,Dark-Lighted
2023-08-21T11:01:00.000,I-75,I-75 and 10Th St Nw,,Angle Crash,2,Clear,Dry,Daylight
2023-11-22T12:45:00.000,I-75,I-75 and 10Th St Nw,,Sideswipe-Same Direction,2,Cloudy,Dry,Daylight
2023-07-16T12:45:00.000,I-75,I-75 and 10Th St Nw,,Rear End,4,Clear,Dry,Daylight
2023-01-18T17:40:00.000,I-75,I-75 and 10Th St Nw,,Rear End,2,Clear,Dry,Daylight
2023-03-10T11:00:00.000,I-75,I-75 and 10Th St Nw,,Sideswipe-Same Direction,2,Cloudy,Dry,Daylight
2023-01-03T20:30:00.000,I-75,I-75 and 10Th St Nw,,Angle Crash,4,Rain,Water (standing or moving),Dark-Lighted
2023-06-10T02:10:00.000,I-75,I-75 and 10Th St Nw,,Sideswipe-Same Direction,2,Clear,Dry,Dark-Lighted
2023-02-19T11:58:00.000,I-75,I-75 and 10Th St Nw,,Rear End,2,Clear,Dry,Daylight
2023-09-16T10:49:00.000,I-75,I-75 and 10Th St Nw,,Rear End,5,Rain,Wet,Daylight
2023-10-29T00:00:00.000,I-75,I-75 and 10Th St Nw,,Rear End,2,Clear,Dry,Dark-Lighted
2023-01-10T05:00:00.000,I-75,I-75 and 10Th St Nw,,Not a Collision with Motor Vehicle,1,Clear,Dry,Dark-Lighted
2023-05-03T17:58:00.000,I-75,I-75 and 10Th St Nw,,Rear End,2,Clear,Dry,Daylight
2023-06-21T22:11:00.000,I-75,I-75 and 10Th St Nw,,Rear End,2,Rain,Wet,Dark-Lighted
2023-08-20T01:30:00.000,I-75,I-75 and 10Th St Nw,,Rear End,3,Clear,Dry,Dark-Lighted
2023-10-29T16:05:00.000,I-75,I-75 and 10Th St Nw,,Sideswipe-Same Direction,2,Clear,Dry,Daylight
2023-01-14T00:39:00.000,I-75,I-75 and 10Th St Nw,,Angle Crash,2,Clear,Dry,Dark-Lighted
2023-11-11T18:30:00.000,I-75,I-75 and 10Th St Nw,,Rear End,2,Rain,Wet,Dark-Lighted
2023-04-29T12:21:00.000,I-75,I-75 and 10Th St Nw,,Sideswipe-Same Direction,2,Clear,Dry,Daylight
2023-07-22T09:38:00.000,I-75,I-75 and 10Th St Nw,,Sideswipe-Same Direction,2,Cloudy,Wet,Daylight
2023-04-23T03:30:00.000,I-75,I-75 and 10Th St Nw,,Angle Crash,2,Clear,Dry,Dark-Lighted
2024-03-17T09:00:00.000,I-75,I-75 and 10Th St Nw,,Rear End,2,Cloudy,Dry,Daylight
2024-06-16T12:19:00.000,I-75,I-75 and 10Th St Nw,,Rear End,2,Clear,Dry,Daylight
2024-09-18T20:00:00.000,I-75,I-75 and 10Th St Nw,,Sideswipe-Same Direction,2,Clear,Dry,Dark-Lighted
2024-11-02T18:43:00.000,I-75,I-75 and 10Th St Nw,,Sideswipe-Same Direction,2,Clear,Dry,Dusk
2024-12-18T08:00:00.000,I-75,I-75 and 10Th St Nw,,Rear End,2,Fog,Dry,Daylight
2024-07-17T23:32:00.000,I-75,I-75 and 10Th St Nw,,Sideswipe-Same Direction,2,Clear,Other,Dark-Not Lighted
2024-11-01T20:00:00.000,I-75,I-75 and 10Th St Nw,,Rear End,2,Clear,Dry,Daylight
2024-04-27T20:25:00.000,I-75,I-75 and 10Th St Nw,,Rear End,2,Clear,Dry,Dark-Lighted
2024-07-10T20:00:00.000,I-75,I-75 and 10Th St Nw,,Angle Crash,2,Cloudy,Dry,Dark-Lighted
2024-04-03T15:00:00.000,I-75,I-75 and 10Th St Nw,,Sideswipe-Same Direction,2,Clear,Dry,Daylight
2024-03-30T10:30:00.000,I-75,I-75 and 10Th St Nw,,Rear End,2,Clear,Dry,Dark-Not Lighted
2024-03-21T20:00:00.000,I-75,I-75 and 10Th St Nw,,Rear End,2,Clear,Dry,Dark-Lighted
2024-04-23T23:00:00.000,I-75,I-75 and 10Th St Nw,,Rear End,2,Cloudy,Dry,Dark-Lighted