Date and Time,Roadway (From Crash Report),Intersection Name (from Crash Report),KABCO Severity,Manner of Collision (Crash Level) ,# of Vehicles per crash ,Weather Conditions (Crash Level),Surface Condition (Crash Level) ,Light Conditions (Crash Level)
2024-06-15T15:09:00.000,I-75,I-75 and 10Th St Nw,,Sideswipe-Same Direction,2,Clear,Dry,Daylight
2024-03-12T07:00:00.000,I-75,I-75 and 10Th St Nw,,Sideswipe-Same Direction,2,Clear,Dry,Daylight
2024-02-09T18:11:00.000,I-75,I-75 and 10Th St Nw,,Rear End,2,Clear,Dry,Dark-Not Lighted
2024-04-13T11:40:00.000,I-75,I-75 and 10Th St Nw,,Angle Crash,4,Clear,Dry,Daylight
2024-09-29T19:02:00.000,I-75,I-75 and 10Th St Nw,,Rear End,2,Clear,Dry,Dark-Lighted
2024-01-20T19:15:00.000,I-75,I-75 and 10Th St Nw,,Rear End,2,Clear,Dry,Dark-Not Lighted
2024-08-07T02:43:00.000,I-75,I-75 and 10Th St Nw,,Rear End,2,Clear,Dry,Daylight
2024-08-05T20:25:00.000,I-75,I-75 and 10Th St Nw,,Rear End,2,Clear,Dry,Dark-Lighted
2024-05-10T23:10:00.000,I-75,I-75 and 10Th St Nw,,Rear End,2,Clear,Dry,Dark-Lighted
2024-10-13T16:30:00.000,I-75,I-75 and 10Th St Nw,,Angle Crash,2,Clear,Dry,Daylight
2024-04-27T21:00:00.000,I-75,I-75 and 10Th St Nw,,Head On,3,Clear,Dry,Dark-Not Lighted
2024-09-29T13:59:00.000,I-75,I-75 and 10Th St Nw,,Rear End,2,Cloudy,Dry,Daylight
2024-06-08T10:48:00.000,I-75,I-75 and 10Th St Nw,,Rear End,2,Clear,Dry,Daylight
2024-06-29T18:45:00.000,I-75,I-75 and 10Th St Nw,,Rear End,3,Clear,Dry,Daylight
2024-07-20T12:12:00.000,I-75,I-75 and 10Th St Nw,,Sideswipe-Same Direction,2,Clear,Dry,Daylight
2024-11-13T11:00:00.000,I-75,I-75 and 10Th St Nw,,Angle Crash,2,Clear,Dry,Daylight
2024-08-25T18:43:00.000,I-75,I-75 and 10Th St Nw,,Sideswipe-Same Direction,2,Clear,Dry,Daylight
2024-09-25T14:00:00.000,I-75,I-75 and 10Th St Nw,,Sideswipe-Same Direction,2,Rain,Wet,Daylight
2024-03-03T12:10:00.000,I-75,I-75 and 10Th St Nw,,Angle Crash,3,Cloudy,Dry,Daylight
2024-10-02T15:00:00.000,I-75,I-75 and 10Th St Nw,,Sideswipe-Same Direction,2,Clear,Dry,Daylight
2024-09-28T11:15:00.000,I-75,I-75 and 10Th St Nw,,Rear End,2,Cloudy,Dry,Dark-Not Lighted
2024-11-13T19:02:00.000,I-75,I-75 and 10Th St Nw,,Sideswipe-Same Direction,2,Rain,Water (standing or moving),Dark-Lighted
2024-11-25T17:30:00.000,I-75,I-75 and 10Th St Nw,,Sideswipe-Same Direction,2,Clear,Dry,Dark-Lighted
2024-12-29T14:30:00.000,I-75,I-75 and 10Th St Nw,,Rear End,2,Clear,Dry,Daylight
2024-12-14T19:30:00.000,I-75,I-75 and 10Th St Nw,,Rear End,2,Clear,Dry,Dark-Lighted
2024-10-12T10:17:00.000,I-75,I-75 and 10Th St Nw,,Sideswipe-Same Direction,2,Clear,Dry,Daylight
2024-10-27T12:44:00.000,I-75,I-75 and 10Th St Nw,,Rear End,2,Clear,Dry,Daylight
2024-09-13T22:45:00.000,I-75,I-75 and 10Th St Nw,,Rear End,3,Rain,Wet,Dark-Lighted
2024-08-04T01:10:00.000,I-75,I-75 and 10Th St Nw,,Rear End,2,Clear,Dry,Dark-Lighted
2024-09-25T20:04:00.000,I-75,I-75 and 10Th St Nw,,Rear End,2,Rain,Water (standing or moving),Dark-Not Lighted
2024-06-09T00:51:00.000,I-75,I-75 and 10Th St Nw,,Rear End,3,Clear,Dry,Dark-Not Lighted
2024-05-25T23:40:00.000,I-75,I-75 and 10Th St Nw,,Sideswipe-Same Direction,2,Clear,Dry,Dark-Lighted
2024-08-10T21:26:00.000,I-75,I-75 and 10Th St Nw,,Rear End,2,Clear,Dry,Dark-Lighted
2024-12-31T09:41:00.000,I-75,I-75 and 10Th St Nw,,Rear End,2,Clear,Dry,Daylight
2024-06-23T19:21:00.000,I-75,I-75 and 10Th St Nw,,Head On,2,Clear,Dry,Daylight
2024-01-06T20:30:00.000,I-75,I-75 and 10Th St Nw,,Rear End,2,Clear,Dry,Dark-Lighted
2024-12-31T21:18:00.000,I-75,I-75 and 10Th St Nw,,Rear End,2,Clear,Dry,Dark-Lighted
2024-04-27T20:22:00.000,I-75,I-75 and 10Th St Nw,,Head On,2,Clear,Dry,Dark-Lighted
2024-04-28T13:49:00.000,I-75,I-75 and 10Th St Nw,,Angle Crash,3,Clear,Dry,Daylight
2024-02-01T21:36:00.000,I-75,I-75 and 10Th St Nw,,Rear End,2,Clear,Dry,Dark-Lighted
2021-08-08T21:03:00.000,I-75,I-75 and 10Th St Ne,,Rear End,3,Clear,Dry,Dark-Lighted
2021-07-20T08:00:00.000,I-75,I-75 and 10Th St,,Rear End,2,Rain,Water (standing or moving),Daylight
2023-03-04T13:30:00.000,I-75,I-75 and 10Th St,,Angle Crash,2,Clear,Dry,Daylight
2022-03-26T16:21:00.000,I-75,I-75 and 10Th St,,Sideswipe-Opposite Direction,2,Clear,Dry,Daylight
2021-08-26T21:45:00.000,I-75,I-75 and 10Th St,,Angle Crash,2,Clear,Dry,Dark-Lighted
2022-02-04T18:30:00.000,I-75,I-75 and 10Th St,,Sideswipe-Same Direction,2,Cloudy,Dry,Daylight
2024-11-30T21:00:00.000,I-75,I-75 and 10Th St,,Sideswipe-Same Direction,2,Clear,Dry,Dark-Not Lighted
2024-02-24T12:03:00.000,I-75,I-75 and 10Th  St Nw,,Sideswipe-Opposite Direction,2,Clear,Dry,Daylight
2022-04-02T13:27:00.000,I-75,I-75 and -85 Exit 251,,Sideswipe-Same Direction,2,Clear,Dry,Daylight
2021-08-22T03:45:00.000,I-75,I-20 and I-75,,Sideswipe-Same Direction,4,Clear,Dry,Dark-Lighted
2021-05-12T13:29:00.000,I-75,I-20 and I-75,,Sideswipe-Same Direction,2,Rain,Wet,Daylight
2021-07-12T02:15:00.000,I-75,I-20 and I-75,,Not a Collision with Motor Vehicle,1,Clear,Dry,Dark-Lighted
2021-07-18T11:20:00.000,I-75,I-20 and I-75,,Sideswipe-Same Direction,2,Clear,Dry,Daylight
2022-05-13T13:30:00.000,I-75,I-20 and I-75,,Angle Crash,2,Clear,Dry,Daylight
2022-02-09T11:21:00.000,I-75,I-20 and I-75,,Sideswipe-Same Direction,2,Clear,Dry,Daylight
2022-10-09T14:00:00.000,I-75,I-20 and I-75,,Sideswipe-Same Direction,2,Clear,Dry,Daylight
2020-12-01T16:35:00.000,I-75,I-16 and I-75,,Not a Collision with Motor Vehicle,1,Clear,Dry,Daylight
2021-04-04T14:30:00.000,I-75,I-16 and I-75,,Rear End,2,Clear,Dry,Daylight
2021-09-22T16:00:00.000,I-75,I-16 and I-75,,Not a Collision with Motor Vehicle,1,Clear,Dry,Daylight
2021-06-23T18:33:00.000,I 285,I- 85 and I 285,,Rear End,2,Cloudy,Dry,Daylight
2022-04-12T21:25:00.000,I 85,I and I 85,,Sideswipe-Same Direction,2,Clear,Dry,Dark-Not Lighted
2023-08-16T09:22:00.000,I 285,I 985 and I 285,,Rear End,2,Clear,Dry,Daylight
2023-02-15T02:10:00.000,I 95,I 95 and Youngs Island Rd,,Rear End,2,Clear,Dry,Dark-Not Lighted
2024-05-22T21:30:00.000,I 95,I 95 and Young Island Road Opas,,Not a Collision with Motor Vehicle,1,Clear,Dry,Dark-Not Lighted
2024-11-27T14:50:00.000,I 95,I 95 and Welcome Ctr,,Rear End,3,Cloudy,Dry,Daylight
2024-12-30T13:23:00.000,I 95,I 95 and Welcome Ctr,,Rear End,2,Clear,Dry,Daylight
2024-10-26T01:43:00.000,I 95,I 95 and Welcome Ctr,,Sideswipe-Same Direction,2,Clear,Dry,Dark-Not Lighted
2024-02-10T14:47:00.000,I 95,I 95 and Welcome Ctr,,Sideswipe-Same Direction,2,Clear,Dry,Daylight
2024-12-20T14:58:00.000,I 95,I 95 and Welcome Ctr,,Rear End,3,Clear,Dry,Daylight
2024-11-26T07:55:00.000,I 95,I 95 and Welcome Ctr,,Not a Collision with Motor Vehicle,1,Clear,Dry,Daylight
2024-10-08T21:15:00.000,I 95,I 95 and Welcome Ctr,,Angle Crash,2,Clear,Dry,Dark-Lighted
2024-09-26T17:00:00.000,I 95,I 95 and Weigh Sta,,Sideswipe-Same Direction,2,Clear,Wet,Daylight
2021-04-14T11:04:00.000,I 95,I 95 and W Gateway Blvd,,Rear End,2,Clear,Dry,Daylight
2021-06-29T17:45:00.000,I 95,I 95 and Us 80,,Sideswipe-Same Direction,2,Clear,Dry,Daylight
2021-03-02T17:44:00.000,I 95,I 95 and Us 80,,Rear End,2,Rain,Wet,Dark-Lighted
2021-01-06T13:48:00.000,I 95,I 95 and Us 80,,Sideswipe-Same Direction,2,Clear,Dry,Daylight
2021-10-27T10:34:00.000,I 95,I 95 and Us 80,,Rear End,2,Clear,Dry,Daylight
2021-07-06T20:55:00.000,I 95,I 95 and Us 80,,Sideswipe-Same Direction,2,Clear,Dry,Dark-Not Lighted
2021-02-09T17:27:00.000,I 95,I 95 and Us 80,,Rear End,2,Cloudy,Dry,Daylight
2023-07-26T07:05:00.000,I 95,I 95 and Us 80,,Sideswipe-Same Direction,2,Clear,Dry,Daylight
2023-12-19T14:20:00.000,I 95,I 95 and Us 80,,Rear End,2,Clear,Dry,Daylight
2023-12-27T15:02:00.000,I 95,I 95 and Us 80,,Sideswipe-Same Direction,2,Clear,Dry,Daylight
2023-02-27T18:10:00.000,I 95,I 95 and Us 80,,Rear End,2,Clear,Dry,Daylight
2023-10-16T18:10:00.000,I 95,I 95 and Us 80,,Rear End,2,Clear,Dry,Daylight
2023-12-10T02:51:00.000,I 95,I 95 and Us 80,,Angle Crash,2,Clear,Wet,Dark-Not Lighted
2023-06-15T08:00:00.000,I 95,I 95 and Us 80,,Rear End,2,Cloudy,Wet,Daylight
2023-02-10T16:10:00.000,I 95,I 95 and Us 80,,Sideswipe-Same Direction,2,Rain,Wet,Daylight
2023-04-22T15:57:00.000,I 95,I 95 and Us 80,,Rear End,2,Cloudy,Wet,Daylight
2023-12-10T02:50:00.000,I 95,I 95 and Us 80,,Head On,4,Cloudy,Wet,Dark-Not Lighted
2020-06-11T07:28:00.000,I 95,I 95 and Us 80,,Rear End,2,Clear,Dry,Daylight
2020-06-30T09:07:00.000,I 95,I 95 and Us 80,,Not a Collision with Motor Vehicle,1,Clear,Dry,Daylight
2020-09-17T05:57:00.000,I 95,I 95 and Us 80,,Rear End,2,Clear,Wet,Dawn
2020-08-03T20:00:00.000,I 95,I 95 and Us 80,,Sideswipe-Same Direction,2,Cloudy,Dry,Dark-Not Lighted
2020-10-26T19:05:00.000,I 95,I 95 and Us 80,,Rear End,2,Cloudy,Dry,Dark-Lighted
2020-12-30T16:57:00.000,I 95,I 95 and Us 80,,Rear End,3,Clear,Dry,Daylight
2021-04-08T06:42:00.000,I 95,I 95 and Us 80,,Rear End,2,Clear,Dry,Dawn
2021-02-16T05:45:00.000,I 95,I 95 and Us 80,,Sideswipe-Same Direction,2,Clear,Wet,Dark-Not Lighted
2021-08-06T14:55:00.000,I 95,I 95 and Us 80,,Rear End,2,Cloudy,Wet,Daylight
2021-10-27T19:42:00.000,I 95,I 95 and Us 80,,Not a Collision with Motor Vehicle,1,Clear,Dry,Dark-Lighted
2022-11-22T19:44:00.000,I 95,I 95 and Us 80,,Rear End,2,Clear,Dry,Dark-Lighted
2022-10-11T08:07:00.000,I 95,I 95 and Us 80,,Rear End,4,Clear,Dry,Daylight
2021-08-30T17:05:00.000,I 95,I 95 and Us 80,,Not a Collision with Motor Vehicle,1,Clear,Dry,Daylight
2022-01-19T10:30:00.000,I 95,I 95 and Us 80,,Sideswipe-Same Direction,2,Clear,Dry,Daylight
2022-07-08T22:40:00.000,I 95,I 95 and Us 80,,Sideswipe-Same Direction,2,Cloudy,Wet,Dark-Not Lighted
2022-02-09T16:22:00.000,I 95,I 95 and Us 80,,Rear End,2,Clear,Dry,Daylight
2022-04-28T12:43:00.000,I 95,I 95 and Us 80,,Sideswipe-Same Direction,2,Clear,Dry,Daylight
2022-12-20T18:30:00.000,I 95,I 95 and Us 80,,Rear End,2,Rain,Wet,Dark-Not Lighted
2022-12-18T16:20:00.000,I 95,I 95 and Us 80,,Sideswipe-Same Direction,2,Clear,Dry,Daylight
2022-03-03T14:50:00.000,I 95,I 95 and Us 80,,Rear End,2,Clear,Dry,Daylight
2022-05-22T19:30:00.000,I 95,I 95 and Us 80,,Rear End,4,Rain,Wet,Dusk
2022-11-15T15:05:00.000,I 95,I 95 and Us 80,,Rear End,2,Cloudy,Dry,Daylight
2022-06-05T09:55:00.000,I 95,I 95 and Us 80,,Rear End,2,Clear,Dry,Daylight
2022-12-14T20:00:00.000,I 95,I 95 and Us 80,,Rear End,2,Cloudy,Wet,Dark-Lighted
2022-11-04T06:27:00.000,I 95,I 95 and Us 80,,Sideswipe-Same Direction,2,Clear,Dry,Dark-Not Lighted
2022-04-16T13:20:00.000,I 95,I 95 and Us 80,,Rear End,2,Cloudy,Dry,Daylight
2022-12-22T11:40:00.000,I 95,I 95 and Us 80,,Rear End,2,Cloudy,Wet,Daylight
2024-08-24T13:00:00.000,I 95,I 95 and Us 80,,Rear End,2,Clear,Dry,Daylight
2023-06-02T19:35:00.000,I 95,I 95 and Us 80,,Not a Collision with Motor Vehicle,1,Clear,Dry,Daylight
2023-02-22T07:53:00.000,I 95,I 95 and Us 80,,Sideswipe-Same Direction,2,Clear,Dry,Daylight
2023-02-01T00:47:00.000,I 95,I 95 and Us 80,,Rear End,2,Fog,Wet,Dark-Not Lighted
2023-06-29T16:01:00.000,I 95,I 95 and Us 80,,Sideswipe-Same Direction,2,Clear,Dry,Daylight
2024-02-07T07:50:00.000,I 95,I 95 and Us 80,,Rear End,2,Clear,Dry,Daylight
2024-03-10T12:10:00.000,I 95,I 95 and Us 80,,Sideswipe-Same Direction,2,Clear,Dry,Daylight
2024-11-18T13:40:00.000,I 95,I 95 and Us 80,,Not a Collision with Motor Vehicle,1,Clear,Dry,Daylight
2024-12-21T05:00:00.000,I 95,I 95 and Us 80,,Sideswipe-Same Direction,2,Clear,Dry,Dark-Not Lighted
2024-02-05T18:00:00.000,I 95,I 95 and Us 80,,Rear End,2,Rain,Wet,Dark-Lighted
2024-01-29T15:53:00.000,I 95,I 95 and Us 80,,Sideswipe-Same Direction,2,Clear,Dry,Daylight
2024-01-31T18:00:00.000,I 95,I 95 and Us 80,,Rear End,2,Clear,Dry,Dark-Lighted
2024-03-21T18:10:00.000,I 95,I 95 and Us 80,,Rear End,2,Clear,Dry,Daylight
2024-07-13T17:05:00.000,I 95,I 95 and Us 80,,Angle Crash,3,Cloudy,Wet,Daylight
2023-06-16T09:01:00.000,I 95,I 95 and Us 17,,Rear End,2,Cloudy,Wet,Daylight
2023-03-08T12:29:00.000,I 95,I 95 and U.S. Hwy 80,,Rear End,2,Clear,Dry,Daylight
2022-04-20T11:00:00.000,I 95,I 95 and U.S. Hiwghway 80,,Sideswipe-Same Direction,2,Clear,Dry,Daylight
2022-10-11T08:07:00.000,I 95,I 95 and U.S. Highway 80,,Sideswipe-Same Direction,2,Clear,Dry,Daylight
2024-11-05T14:30:00.000,I 95,I 95 and Turtle River Brg,,Not a Collision with Motor Vehicle,3,Clear,Dry,Daylight
2024-06-26T17:58:00.000,I 95,I 95 and Turtle River Brg,,Rear End,3,Rain,Wet,Daylight
2023-08-16T10:30:00.000,I 95,I 95 and Tram Rd,,Sideswipe-Same Direction,2,Cloudy,Dry,Daylight
2024-07-02T11:25:00.000,I 95,I 95 and State Route-21,,Not a Collision with Motor Vehicle,2,Cloudy,Dry,Daylight
2024-11-14T17:07:00.000,I 95,I 95 and State Route-21,,Rear End,2,Cloudy,Wet,Daylight
2023-03-28T12:38:00.000,I 95,I 95 and State Rounte 21,,Not a Collision with Motor Vehicle,1,Rain,Wet,Daylight
2024-01-03T16:30:00.000,I 95,I 95 and State Rouite 25,,Sideswipe-Same Direction,2,Cloudy,Dry,Daylight
2023-11-22T15:35:00.000,I 95,I 95 and State Line,,Sideswipe-Same Direction,2,Clear,Dry,Daylight
2022-02-24T16:00:00.000,I 95,I 95 and State Line,,Rear End,2,Clear,Dry,Daylight
2022-06-04T08:45:00.000,I 95,I 95 and State Line,,Rear End,2,Cloudy,Dry,Daylight
2024-06-19T01:57:00.000,I 95,I 95 and State Line,,Rear End,2,Clear,Dry,Dark-Not Lighted
2022-09-01T17:55:00.000,I 95,I 95 and State Hwy 204,,Rear End,4,Rain,Wet,Daylight
2021-12-26T17:52:00.000,I 95,I 95 and St. Marys Rd,,Rear End,4,Clear,Dry,Dark-Not Lighted
2023-12-13T05:48:00.000,I 95,I 95 and St. Marys Rd,,Rear End,2,Cloudy,Dry,Dark-Not Lighted
2021-12-19T18:38:00.000,I 95,I 95 and St. Mary's Rd,,Rear End,2,Cloudy,Wet,Dark-Not Lighted
2020-08-08T14:02:00.000,I 95,I 95 and St Rt 26,,Not a Collision with Motor Vehicle,1,Clear,Dry,Daylight
2021-02-16T16:35:00.000,I 95,I 95 and St Marys Rd,,Angle Crash,2,Clear,Dry,Daylight
2021-01-06T03:37:00.000,I 95,I 95 and St Marys Rd,,Angle Crash,2,Clear,Dry,Dark-Lighted
2021-04-24T17:00:00.000,I 95,I 95 and St Marys Rd,,Rear End,2,Rain,Wet,Daylight
2020-06-17T17:14:00.000,I 95,I 95 and St Marys Rd,,Not a Collision with Motor Vehicle,1,Clear,Dry,Daylight
2020-08-23T14:25:00.000,I 95,I 95 and St Marys Rd,,Angle Crash,2,Cloudy,Dry,Daylight
2020-04-30T19:10:00.000,I 95,I 95 and St Marys Rd,,Not a Collision with Motor Vehicle,1,Clear,Dry,Daylight
2020-08-23T15:27:00.000,I 95,I 95 and St Marys Rd,,Rear End,2,Cloudy,Dry,Daylight
2020-02-21T21:20:00.000,I 95,I 95 and St Marys Rd,,Not a Collision with Motor Vehicle,3,Clear,Dry,Dark-Not Lighted
2021-03-11T12:13:00.000,I 95,I 95 and St Marys Rd,,Angle Crash,6,Clear,Dry,Daylight
2022-08-24T19:57:00.000,I 95,I 95 and St Marys Rd,,Rear End,2,Clear,Dry,Dark-Not Lighted
2022-01-27T17:47:00.000,I 95,I 95 and St Marys Rd,,Sideswipe-Same Direction,2,Clear,Dry,Daylight
2022-10-28T08:29:00.000,I 95,I 95 and St Marys Rd,,Not a Collision with Motor Vehicle,1,Clear,Dry,Daylight
2022-01-07T07:33:00.000,I 95,I 95 and St Marys Rd,,Rear End,2,Clear,Dry,Daylight
2022-10-21T13:20:00.000,I 95,I 95 and St Marys Rd,,Not a Collision with Motor Vehicle,1,Clear,Dry,Daylight
2022-01-11T06:54:00.000,I 95,I 95 and St Marys Rd,,Rear End,2,Clear,Dry,Dark-Lighted
2024-02-09T13:55:00.000,I 95,I 95 and St Marys Rd,,Not a Collision with Motor Vehicle,1,Clear,Dry,Daylight
2023-12-13T05:49:00.000,I 95,I 95 and St Marys Rd,,Rear End,3,Cloudy,Dry,Dark-Not Lighted
2023-01-10T08:07:00.000,I 95,I 95 and St Marys Rd,,Rear End,2,Clear,Dry,Daylight
2023-05-30T10:33:00.000,I 95,I 95 and St Marys Rd,,Sideswipe-Same Direction,2,Clear,Dry,Daylight
2020-03-24T18:20:00.000,I 95,I 95 and St Mary's Rd,,Not a Collision with Motor Vehicle,1,Clear,Dry,Daylight
2021-07-03T16:30:00.000,I 95,I 95 and St Mary's Rd,,Not a Collision with Motor Vehicle,1,Other,Wet,Daylight
2022-07-01T14:30:00.000,I 95,I 95 and St Mary's Rd,,Sideswipe-Same Direction,6,Cloudy,Dry,Daylight
2022-08-11T15:41:00.000,I 95,I 95 and St Mary's Rd,,Not a Collision with Motor Vehicle,1,Cloudy,Dry,Daylight
2024-02-22T06:45:00.000,I 95,I 95 and Sr Spur-25,,Sideswipe-Same Direction,2,Clear,Dry,Daylight
2021-01-29T21:40:00.000,I 95,I 95 and Sr 99,,Not a Collision with Motor Vehicle,1,Clear,Dry,Dark-Not Lighted
2021-06-21T09:00:00.000,I 95,I 95 and Sr 99,,Not a Collision with Motor Vehicle,1,Clear,Dry,Daylight
2021-06-20T16:21:00.000,I 95,I 95 and Sr 99,,Not a Collision with Motor Vehicle,1,Cloudy,Dry,Daylight
2021-07-03T11:27:00.000,I 95,I 95 and Sr 99,,Not a Collision with Motor Vehicle,4,Clear,Dry,Daylight
2021-07-24T01:23:00.000,I 95,I 95 and Sr 99,,Sideswipe-Same Direction,3,Clear,Dry,Dark-Lighted
2021-10-28T05:20:00.000,I 95,I 95 and Sr 99,,Not a Collision with Motor Vehicle,1,Cloudy,Dry,Dark-Not Lighted
2021-10-28T05:20:00.000,I 95,I 95 and Sr 99,,Angle Crash,2,Cloudy,Dry,Dark-Not Lighted
2023-03-20T06:17:00.000,I 95,I 95 and Sr 99,,Sideswipe-Same Direction,2,Clear,Dry,Dark-Not Lighted
2023-12-30T21:27:00.000,I 95,I 95 and Sr 99,,Rear End,2,Clear,Dry,Dark-Not Lighted
2023-07-28T18:42:00.000,I 95,I 95 and Sr 99,,Not a Collision with Motor Vehicle,1,Cloudy,Dry,Daylight
2023-08-08T15:59:00.000,I 95,I 95 and Sr 99,,Sideswipe-Same Direction,2,Clear,Dry,Daylight
2023-03-04T16:12:00.000,I 95,I 95 and Sr 99,,Not a Collision with Motor Vehicle,1,Clear,Dry,Daylight
2023-04-05T07:40:00.000,I 95,I 95 and Sr 99,,Rear End,2,Clear,Dry,Daylight
2022-07-09T00:23:00.000,I 95,I 95 and Sr 99,,Rear End,2,Fog,Dry,Dark-Not Lighted
2022-12-26T14:47:00.000,I 95,I 95 and Sr 99,,Rear End,2,Clear,Dry,Daylight
2023-08-05T13:43:00.000,I 95,I 95 and Sr 99,,Not a Collision with Motor Vehicle,1,Rain,Wet,Daylight
2020-04-01T15:16:00.000,I 95,I 95 and Sr 99,,Not a Collision with Motor Vehicle,1,Cloudy,Dry,Daylight
2020-10-04T19:40:00.000,I 95,I 95 and Sr 99,,Sideswipe-Same Direction,2,Rain,Wet,Dark-Not Lighted
2020-01-31T21:32:00.000,I 95,I 95 and Sr 99,,Rear End,2,Cloudy,Wet,Dark-Not Lighted
2020-01-18T18:47:00.000,I 95,I 95 and Sr 99,,Not a Collision with Motor Vehicle,1,Clear,Dry,Dark-Lighted
2020-12-25T18:00:00.000,I 95,I 95 and Sr 99,,Not a Collision with Motor Vehicle,2,Clear,Dry,Dark-Not Lighted
2020-09-15T19:10:00.000,I 95,I 95 and Sr 99,,Not a Collision with Motor Vehicle,1,Rain,Wet,Dark-Not Lighted
2020-08-19T18:19:00.000,I 95,I 95 and Sr 99,,Not a Collision with Motor Vehicle,1,Clear,Dry,Daylight
2020-10-31T03:55:00.000,I 95,I 95 and Sr 99,,Angle Crash,2,Clear,Dry,Dark-Lighted
2020-07-17T18:02:00.000,I 95,I 95 and Sr 99,,Not a Collision with Motor Vehicle,1,Clear,Dry,Daylight
2020-10-04T15:31:00.000,I 95,I 95 and Sr 99,,Rear End,2,Clear,Dry,Daylight
2020-11-21T10:29:00.000,I 95,I 95 and Sr 99,,Not a Collision with Motor Vehicle,1,Clear,Dry,Daylight
2020-10-21T16:10:00.000,I 95,I 95 and Sr 99,,Angle Crash,1,Cloudy,Wet,Daylight
2020-11-04T21:00:00.000,I 95,I 95 and Sr 99,,Sideswipe-Same Direction,2,Clear,Dry,Dark-Not Lighted
2020-10-22T15:00:00.000,I 95,I 95 and Sr 99,,Angle Crash,1,Cloudy,Dry,Daylight
2020-12-25T04:27:00.000,I 95,I 95 and Sr 99,,Not a Collision with Motor Vehicle,1,Clear,Dry,Dark-Not Lighted
2020-11-13T12:32:00.000,I 95,I 95 and Sr 99,,Not a Collision with Motor Vehicle,1,Clear,Dry,Daylight
2020-07-21T12:31:00.000,I 95,I 95 and Sr 99,,Angle Crash,1,Clear,Dry,Daylight
2020-01-03T17:06:00.000,I 95,I 95 and Sr 99,,Not a Collision with Motor Vehicle,1,Clear,Dry,Daylight
2020-06-02T18:45:00.000,I 95,I 95 and Sr 99,,Not a Collision with Motor Vehicle,2,Clear,Dry,Daylight
2020-12-30T09:10:00.000,I 95,I 95 and Sr 99,,Not a Collision with Motor Vehicle,2,Clear,Dry,Daylight
2021-04-05T19:00:00.000,I 95,I 95 and Sr 99,,Not a Collision with Motor Vehicle,1,Clear,Dry,Daylight
2021-03-04T21:18:00.000,I 95,I 95 and Sr 99,,Not a Collision with Motor Vehicle,2,Clear,Dry,Dark-Not Lighted
2021-03-28T12:05:00.000,I 95,I 95 and Sr 99,,Not a Collision with Motor Vehicle,1,Clear,Dry,Daylight
2021-04-08T17:44:00.000,I 95,I 95 and Sr 99,,Rear End,2,Clear,Dry,Daylight
2021-12-23T16:38:00.000,I 95,I 95 and Sr 99,,Angle Crash,2,Clear,Dry,Daylight
2021-08-18T18:26:00.000,I 95,I 95 and Sr 99,,Rear End,2,Clear,Dry,Daylight
2021-08-05T07:33:00.000,I 95,I 95 and Sr 99,,Rear End,2,Rain,Wet,Daylight
2021-10-28T05:20:00.000,I 95,I 95 and Sr 99,,Angle Crash,2,Cloudy,Dry,Dark-Not Lighted
2022-01-03T02:30:00.000,I 95,I 95 and Sr 99,,Rear End,2,Rain,Water (standing or moving),Dark-Not Lighted
2022-07-22T17:12:00.000,I 95,I 95 and Sr 99,,Not a Collision with Motor Vehicle,1,Clear,Dry,Daylight
2022-05-21T14:55:00.000,I 95,I 95 and Sr 99,,Angle Crash,2,Rain,Wet,Daylight
2021-07-25T08:12:00.000,I 95,I 95 and Sr 99,,Not a Collision with Motor Vehicle,1,Clear,Dry,Daylight
2022-11-02T22:44:00.000,I 95,I 95 and Sr 99,,Angle Crash,2,Clear,Dry,Dark-Not Lighted
2022-01-12T01:35:00.000,I 95,I 95 and Sr 99,,Angle Crash,2,Clear,Dry,Dark-Lighted
2022-10-25T20:20:00.000,I 95,I 95 and Sr 99,,Sideswipe-Same Direction,2,Clear,Dry,Dark-Not Lighted
2022-02-01T17:10:00.000,I 95,I 95 and Sr 99,,Not a Collision with Motor Vehicle,1,Clear,Dry,Daylight
2022-12-03T02:12:00.000,I 95,I 95 and Sr 99,,Sideswipe-Same Direction,2,Clear,Dry,Dark-Not Lighted
2022-11-02T22:44:00.000,I 95,I 95 and Sr 99,,Angle Crash,2,Clear,Dry,Dark-Not Lighted
2022-01-08T22:22:00.000,I 95,I 95 and Sr 99,,Not a Collision with Motor Vehicle,1,Clear,Dry,Dark-Not Lighted
2022-10-25T20:20:00.000,I 95,I 95 and Sr 99,,Sideswipe-Same Direction,2,Clear,Dry,Dark-Not Lighted
2022-12-03T02:13:00.000,I 95,I 95 and Sr 99,,Sideswipe-Same Direction,2,Clear,Dry,Dark-Not Lighted
2022-03-06T00:09:00.000,I 95,I 95 and Sr 99,,Not a Collision with Motor Vehicle,1,Clear,Dry,Dark-Not Lighted
2022-12-21T08:43:00.000,I 95,I 95 and Sr 99,,Rear End,2,Cloudy,Dry,Daylight
2022-11-02T22:44:00.000,I 95,I 95 and Sr 99,,Sideswipe-Same Direction,2,Clear,Dry,Dark-Not Lighted
2022-06-21T16:54:00.000,I 95,I 95 and Sr 99,,Not a Collision with Motor Vehicle,1,Clear,Dry,Daylight
2022-01-11T21:20:00.000,I 95,I 95 and Sr 99,,Angle Crash,2,Clear,Dry,Dark-Not Lighted
2022-12-03T02:12:00.000,I 95,I 95 and Sr 99,,Angle Crash,2,Clear,Dry,Dark-Not Lighted
2022-11-20T12:26:00.000,I 95,I 95 and Sr 99,,Angle Crash,2,Cloudy,Dry,Daylight