Date and Time,Roadway (From Crash Report),Intersection Name (from Crash Report),KABCO Severity,Manner of Collision (Crash Level) ,# of Vehicles per crash ,Weather Conditions (Crash Level),Surface Condition (Crash Level) ,Light Conditions (Crash Level)
2022-02-23T18:00:00.000,I 95,I 95 and Sr 99,,Sideswipe-Same Direction,2,Clear,Dry,Daylight
2024-09-30T06:40:00.000,I 95,I 95 and Sr 99,,Not a Collision with Motor Vehicle,1,Clear,Dry,Dusk
2024-03-16T14:45:00.000,I 95,I 95 and Sr 99,,Rear End,3,Clear,Dry,Daylight
2024-11-26T19:42:00.000,I 95,I 95 and Sr 99,,Sideswipe-Same Direction,2,Clear,Dry,Dark-Not Lighted
2024-09-01T00:09:00.000,I 95,I 95 and Sr 99,,Not a Collision with Motor Vehicle,1,Clear,Dry,Dark-Not Lighted
2023-04-23T14:25:00.000,I 95,I 95 and Sr 99,,Not a Collision with Motor Vehicle,1,Clear,Dry,Daylight
2023-04-01T00:49:00.000,I 95,I 95 and Sr 99,,Not a Collision with Motor Vehicle,1,Clear,Dry,Dark-Not Lighted
2023-12-25T10:46:00.000,I 95,I 95 and Sr 99,,Not a Collision with Motor Vehicle,1,Rain,Wet,Daylight
2023-05-19T04:00:00.000,I 95,I 95 and Sr 99,,Rear End,2,Cloudy,Dry,Dark-Not Lighted
2023-10-19T22:32:00.000,I 95,I 95 and Sr 99,,Not a Collision with Motor Vehicle,1,Clear,Dry,Dark-Not Lighted
2023-12-10T15:26:00.000,I 95,I 95 and Sr 99,,Not a Collision with Motor Vehicle,1,Rain,Wet,Daylight
2023-04-22T09:50:00.000,I 95,I 95 and Sr 99,,Sideswipe-Same Direction,2,Clear,Dry,Daylight
2023-03-25T10:35:00.000,I 95,I 95 and Sr 99,,Sideswipe-Same Direction,2,Clear,Dry,Daylight
2023-09-30T02:54:00.000,I 95,I 95 and Sr 99,,Head On,2,Clear,Dry,Dark-Not Lighted
2024-09-01T00:09:00.000,I 95,I 95 and Sr 99,,Rear End,2,Clear,Dry,Dark-Not Lighted
2024-06-23T10:47:00.000,I 95,I 95 and Sr 99,,Sideswipe-Same Direction,2,Clear,Dry,Daylight
2024-07-21T14:25:00.000,I 95,I 95 and Sr 99,,Sideswipe-Same Direction,3,Clear,Dry,Daylight
2024-03-15T02:31:00.000,I 95,I 95 and Sr 99,,Rear End,2,Clear,Dry,Dark-Not Lighted
2020-11-28T14:48:00.000,I 95,I 95 and Sr 84,,Sideswipe-Same Direction,2,Rain,Wet,Daylight
2022-02-11T00:25:00.000,I 95,I 95 and Sr 84,,Not a Collision with Motor Vehicle,1,Clear,Dry,Dark-Not Lighted
2024-08-19T13:21:00.000,I 95,I 95 and Sr 57 Overpas,,Not a Collision with Motor Vehicle,1,Clear,Dry,Daylight
2023-06-25T00:55:00.000,I 95,I 95 and Sr 57,,Sideswipe-Same Direction,3,Clear,Dry,Dark-Not Lighted
2020-07-26T11:05:00.000,I 95,I 95 and Sr 57,,Angle Crash,2,Cloudy,Dry,Daylight
2020-09-28T09:26:00.000,I 95,I 95 and Sr 57,,Not a Collision with Motor Vehicle,1,Cloudy,Wet,Daylight
2021-11-19T08:15:00.000,I 95,I 95 and Sr 57,,Rear End,2,Clear,Dry,Daylight
2022-12-11T16:20:00.000,I 95,I 95 and Sr 57,,Sideswipe-Same Direction,2,Clear,Dry,Daylight
2024-10-03T09:45:00.000,I 95,I 95 and Sr 57,,Sideswipe-Same Direction,2,Clear,Dry,Daylight
2024-08-10T14:45:00.000,I 95,I 95 and Sr 57,,Not a Collision with Motor Vehicle,1,Clear,Dry,Daylight
2024-01-09T14:58:00.000,I 95,I 95 and Sr 57,,Sideswipe-Same Direction,3,Rain,Wet,Daylight
2024-11-01T23:14:00.000,I 95,I 95 and Sr 57,,Not a Collision with Motor Vehicle,1,Clear,Dry,Dark-Lighted
2024-10-25T19:26:00.000,I 95,I 95 and Sr 57,,Sideswipe-Same Direction,2,Clear,Dry,Dark-Not Lighted
2021-01-13T14:56:00.000,I 95,I 95 and Sr 520,,Not a Collision with Motor Vehicle,2,Clear,Dry,Daylight
2021-12-29T21:26:00.000,I 95,I 95 and Sr 520,,Not a Collision with Motor Vehicle,1,Clear,Dry,Dark-Not Lighted
2021-12-29T21:17:00.000,I 95,I 95 and Sr 520,,Rear End,3,Clear,Dry,Dark-Not Lighted
2023-04-07T16:02:00.000,I 95,I 95 and Sr 520,,Sideswipe-Same Direction,2,Clear,Dry,Daylight
2023-10-16T05:33:00.000,I 95,I 95 and Sr 520,,Not a Collision with Motor Vehicle,1,Clear,Dry,Dark-Not Lighted
2023-05-14T12:43:00.000,I 95,I 95 and Sr 520,,Sideswipe-Same Direction,2,Clear,Dry,Daylight
2023-08-05T14:47:00.000,I 95,I 95 and Sr 520,,Not a Collision with Motor Vehicle,1,Rain,Water (standing or moving),Daylight
2023-06-20T04:30:00.000,I 95,I 95 and Sr 520,,Not a Collision with Motor Vehicle,1,Rain,Wet,Dark-Lighted
2023-06-05T18:56:00.000,I 95,I 95 and Sr 520,,Sideswipe-Same Direction,2,Clear,Dry,Daylight
2023-04-13T09:31:00.000,I 95,I 95 and Sr 520,,Not a Collision with Motor Vehicle,1,Rain,Wet,Daylight
2020-01-04T14:39:00.000,I 95,I 95 and Sr 520,,Rear End,4,Clear,Dry,Daylight
2020-09-15T19:44:00.000,I 95,I 95 and Sr 520,,Not a Collision with Motor Vehicle,1,Rain,Wet,Dark-Not Lighted
2020-12-16T14:05:00.000,I 95,I 95 and Sr 520,,Not a Collision with Motor Vehicle,1,Rain,Wet,Daylight
2020-04-15T08:30:00.000,I 95,I 95 and Sr 520,,Not a Collision with Motor Vehicle,1,Rain,Wet,Daylight
2020-01-15T10:58:00.000,I 95,I 95 and Sr 520,,Sideswipe-Same Direction,2,Clear,Dry,Daylight
2021-03-28T09:08:00.000,I 95,I 95 and Sr 520,,Sideswipe-Same Direction,2,Clear,Dry,Daylight
2021-09-20T18:07:00.000,I 95,I 95 and Sr 520,,Not a Collision with Motor Vehicle,1,Rain,Wet,Daylight
2021-07-19T17:25:00.000,I 95,I 95 and Sr 520,,Not a Collision with Motor Vehicle,1,Cloudy,Wet,Daylight
2022-06-03T00:00:00.000,I 95,I 95 and Sr 520,,Rear End,2,Clear,Dry,Daylight
2022-08-14T18:50:00.000,I 95,I 95 and Sr 520,,Sideswipe-Same Direction,2,Clear,Dry,Daylight
2022-03-20T13:39:00.000,I 95,I 95 and Sr 520,,Sideswipe-Same Direction,2,Clear,Dry,Daylight
2022-08-09T15:40:00.000,I 95,I 95 and Sr 520,,Rear End,2,Clear,Dry,Daylight
2022-11-26T18:13:00.000,I 95,I 95 and Sr 520,,Sideswipe-Same Direction,2,Cloudy,Dry,Daylight
2022-01-18T18:57:00.000,I 95,I 95 and Sr 520,,Rear End,2,Clear,Dry,Dark-Lighted
2022-02-05T15:40:00.000,I 95,I 95 and Sr 520,,Not a Collision with Motor Vehicle,1,Cloudy,Dry,Daylight
2022-08-29T06:36:00.000,I 95,I 95 and Sr 520,,Not a Collision with Motor Vehicle,1,Rain,Water (standing or moving),Dark-Not Lighted
2022-10-05T19:55:00.000,I 95,I 95 and Sr 520,,Not a Collision with Motor Vehicle,1,Clear,Dry,Dark-Not Lighted
2022-03-22T05:44:00.000,I 95,I 95 and Sr 520,,Sideswipe-Same Direction,2,Clear,Dry,Dark-Not Lighted
2024-09-19T13:33:00.000,I 95,I 95 and Sr 520,,Not a Collision with Motor Vehicle,1,Clear,Dry,Daylight
2024-03-08T12:39:00.000,I 95,I 95 and Sr 520,,Rear End,2,Clear,Dry,Daylight
2023-07-02T05:53:00.000,I 95,I 95 and Sr 520,,Sideswipe-Same Direction,2,Clear,Dry,Daylight
2023-04-08T10:29:00.000,I 95,I 95 and Sr 520,,Angle Crash,2,Cloudy,Dry,Daylight
2024-08-03T15:24:00.000,I 95,I 95 and Sr 520,,Sideswipe-Same Direction,2,Clear,Dry,Daylight
2024-04-02T09:45:00.000,I 95,I 95 and Sr 520,,Sideswipe-Same Direction,2,Clear,Dry,Daylight
2024-11-09T17:03:00.000,I 95,I 95 and Sr 520,,Rear End,2,Cloudy,Dry,Dusk
2024-11-17T15:30:00.000,I 95,I 95 and Sr 520,,Not a Collision with Motor Vehicle,1,Clear,Dry,Daylight
2024-08-05T12:09:00.000,I 95,I 95 and Sr 520,,Not a Collision with Motor Vehicle,1,Severe Thunderstorm or Tornadic,Wet,Dark-Lighted
2024-05-19T19:18:00.000,I 95,I 95 and Sr 520,,Sideswipe-Same Direction,2,Clear,Dry,Dusk
2022-04-07T04:56:00.000,I 95,I 95 and Sr 405,,Not a Collision with Motor Vehicle,1,Rain,Wet,Dark-Not Lighted
2021-07-27T16:30:00.000,I 95,I 95 and Sr 40,,Rear End,2,Cloudy,Dry,Daylight
2021-12-13T20:05:00.000,I 95,I 95 and Sr 40,,Rear End,2,Clear,Dry,Dark-Not Lighted
2023-01-21T20:13:00.000,I 95,I 95 and Sr 40,,Not a Collision with Motor Vehicle,1,Clear,Wet,Dark-Lighted
2023-10-28T01:51:00.000,I 95,I 95 and Sr 40,,Sideswipe-Same Direction,2,Clear,Dry,Dark-Not Lighted
2020-02-02T05:40:00.000,I 95,I 95 and Sr 40,,Rear End,4,Clear,Dry,Dark-Not Lighted
2020-10-17T04:48:00.000,I 95,I 95 and Sr 40,,Not a Collision with Motor Vehicle,1,Clear,Dry,Dark-Lighted
2021-02-03T00:32:00.000,I 95,I 95 and Sr 40,,Angle Crash,2,Clear,Dry,Dark-Not Lighted
2022-02-20T10:44:00.000,I 95,I 95 and Sr 40,,Rear End,2,Clear,Dry,Daylight
2024-07-01T14:28:00.000,I 95,I 95 and Sr 40,,Rear End,2,Cloudy,Dry,Daylight
2024-05-06T14:20:00.000,I 95,I 95 and Sr 40,,Sideswipe-Same Direction,2,Clear,Dry,Daylight
2024-03-02T03:29:00.000,I 95,I 95 and Sr 40,,Sideswipe-Same Direction,2,Clear,Dry,Dark-Not Lighted
2024-01-03T03:25:00.000,I 95,I 95 and Sr 40,,Sideswipe-Same Direction,2,Clear,Dry,Dark-Lighted
2024-09-05T01:07:00.000,I 95,I 95 and Sr 40,,Rear End,2,Rain,Wet,Dark-Not Lighted
2024-02-24T02:47:00.000,I 95,I 95 and Sr 40,,Rear End,3,Clear,Dry,Dark-Not Lighted
2024-11-12T08:05:00.000,I 95,I 95 and Sr 40,,Not a Collision with Motor Vehicle,1,Clear,Dry,Daylight
2021-06-06T14:05:00.000,I 95,I 95 and Sr 38,,Rear End,2,Rain,Wet,Daylight
2021-04-16T09:50:00.000,I 95,I 95 and Sr 38,,Not a Collision with Motor Vehicle,2,Cloudy,Dry,Daylight
2023-03-11T10:14:00.000,I 95,I 95 and Sr 38,,Rear End,2,Clear,Dry,Daylight
2023-05-27T22:46:00.000,I 95,I 95 and Sr 38,,Angle Crash,2,Clear,Dry,Dark-Lighted
2023-08-23T16:14:00.000,I 95,I 95 and Sr 38,,Sideswipe-Same Direction,2,Clear,Dry,Daylight
2023-05-27T22:45:00.000,I 95,I 95 and Sr 38,,Angle Crash,2,Clear,Dry,Dark-Lighted
2020-03-05T06:54:00.000,I 95,I 95 and Sr 38,,Rear End,2,Cloudy,Dry,Dawn
2020-02-23T02:07:00.000,I 95,I 95 and Sr 38,,Head On,2,Clear,Dry,Dark-Not Lighted
2020-05-15T23:29:00.000,I 95,I 95 and Sr 38,,Not a Collision with Motor Vehicle,1,Clear,Dry,Dark-Not Lighted
2021-11-27T12:08:00.000,I 95,I 95 and Sr 38,,Sideswipe-Same Direction,4,Clear,Dry,Daylight
2021-12-24T13:40:00.000,I 95,I 95 and Sr 38,,Angle Crash,2,Clear,Dry,Daylight
2021-12-20T09:24:00.000,I 95,I 95 and Sr 38,,Not a Collision with Motor Vehicle,1,Cloudy,Dry,Daylight
2022-10-28T22:05:00.000,I 95,I 95 and Sr 38,,Not a Collision with Motor Vehicle,1,Cloudy,Dry,Dark-Not Lighted
2022-08-11T06:59:00.000,I 95,I 95 and Sr 38,,Sideswipe-Same Direction,2,Cloudy,Dry,Daylight
2024-05-15T20:25:00.000,I 95,I 95 and Sr 38,,Sideswipe-Same Direction,2,Clear,Dry,Dark-Not Lighted
2024-12-22T18:55:00.000,I 95,I 95 and Sr 38,,Sideswipe-Same Direction,2,Clear,Dry,Dark-Not Lighted
2023-01-03T14:50:00.000,I 95,I 95 and Sr 38,,Angle Crash,2,Clear,Dry,Daylight
2024-07-15T15:04:00.000,I 95,I 95 and Sr 38,,Sideswipe-Same Direction,2,Cloudy,Dry,Daylight
2024-10-03T22:53:00.000,I 95,I 95 and Sr 38,,Not a Collision with Motor Vehicle,1,Clear,Dry,Dark-Lighted
2024-01-28T17:20:00.000,I 95,I 95 and Sr 38,,Sideswipe-Same Direction,2,Clear,Dry,Daylight
2024-10-03T22:47:00.000,I 95,I 95 and Sr 38,,Sideswipe-Same Direction,2,Clear,Dry,Dark-Not Lighted
2024-03-29T10:53:00.000,I 95,I 95 and Sr 38,,Rear End,2,Clear,Dry,Daylight
2024-10-03T22:46:00.000,I 95,I 95 and Sr 38,,Angle Crash,2,Clear,Dry,Dark-Not Lighted
2021-05-25T20:10:00.000,I 95,I 95 and Sr 303,,Sideswipe-Same Direction,2,Clear,Dry,Dark-Not Lighted
2023-11-16T18:06:00.000,I 95,I 95 and Sr 303,,Sideswipe-Same Direction,4,Rain,Wet,Daylight
2023-03-04T06:42:00.000,I 95,I 95 and Sr 303,,Not a Collision with Motor Vehicle,1,Rain,Wet,Dawn
2023-01-24T11:47:00.000,I 95,I 95 and Sr 303,,Sideswipe-Same Direction,2,Clear,Dry,Daylight
2023-01-28T02:41:00.000,I 95,I 95 and Sr 303,,Angle Crash,2,Clear,Dry,Dark-Not Lighted
2021-12-26T04:21:00.000,I 95,I 95 and Sr 303,,Sideswipe-Same Direction,2,Fog,Dry,Dark-Not Lighted
2022-07-12T16:40:00.000,I 95,I 95 and Sr 303,,Not a Collision with Motor Vehicle,1,Rain,Wet,Daylight
2022-07-29T11:23:00.000,I 95,I 95 and Sr 303,,Rear End,3,Cloudy,Dry,Daylight
2022-09-15T22:42:00.000,I 95,I 95 and Sr 303,,Not a Collision with Motor Vehicle,2,Cloudy,Dry,Dark-Not Lighted
2022-06-19T19:40:00.000,I 95,I 95 and Sr 303,,Angle Crash,2,Clear,Dry,Daylight
2023-01-28T02:41:00.000,I 95,I 95 and Sr 303,,Angle Crash,2,Clear,Dry,Dark-Not Lighted
2023-09-28T17:02:00.000,I 95,I 95 and Sr 303,,Sideswipe-Same Direction,2,Clear,Dry,Daylight
2024-05-19T18:02:00.000,I 95,I 95 and Sr 303,,Not a Collision with Motor Vehicle,1,Rain,Wet,Daylight
2021-06-22T08:23:00.000,I 95,I 95 and Sr 27,,Sideswipe-Same Direction,2,Cloudy,Wet,Daylight
2021-06-19T14:22:00.000,I 95,I 95 and Sr 27,,Not a Collision with Motor Vehicle,1,Clear,Dry,Daylight
2021-01-28T09:20:00.000,I 95,I 95 and Sr 27,,Not a Collision with Motor Vehicle,1,Clear,Dry,Daylight
2021-06-20T22:11:00.000,I 95,I 95 and Sr 27,,Rear End,2,Clear,Dry,Dark-Not Lighted
2021-01-11T10:41:00.000,I 95,I 95 and Sr 27,,Sideswipe-Same Direction,2,Clear,Dry,Daylight
2021-01-25T07:50:00.000,I 95,I 95 and Sr 27,,Not a Collision with Motor Vehicle,1,Fog,Dry,Daylight
2021-05-17T22:45:00.000,I 95,I 95 and Sr 27,,Angle Crash,2,Clear,Dry,Dark-Not Lighted
2021-04-11T16:09:00.000,I 95,I 95 and Sr 27,,Sideswipe-Same Direction,2,Clear,Dry,Daylight
2021-08-02T17:31:00.000,I 95,I 95 and Sr 27,,Rear End,3,Rain,Wet,Daylight
2021-08-07T12:46:00.000,I 95,I 95 and Sr 27,,Not a Collision with Motor Vehicle,1,Other,Dry,Daylight
2021-03-15T14:41:00.000,I 95,I 95 and Sr 27,,Sideswipe-Same Direction,2,Clear,Dry,Daylight
2023-05-13T17:51:00.000,I 95,I 95 and Sr 27,,Angle Crash,2,Cloudy,Wet,Daylight
2023-07-02T13:01:00.000,I 95,I 95 and Sr 27,,Sideswipe-Same Direction,2,Cloudy,Dry,Daylight
2023-06-17T21:04:00.000,I 95,I 95 and Sr 27,,Not a Collision with Motor Vehicle,1,Clear,Dry,Dark-Not Lighted
2022-07-07T15:25:00.000,I 95,I 95 and Sr 27,,Rear End,2,Rain,Wet,Daylight
2022-06-24T16:50:00.000,I 95,I 95 and Sr 27,,Sideswipe-Same Direction,2,Cloudy,Dry,Daylight
2022-01-01T20:10:00.000,I 95,I 95 and Sr 27,,Rear End,2,Clear,Dry,Dark-Lighted
2020-08-08T12:00:00.000,I 95,I 95 and Sr 27,,Not a Collision with Motor Vehicle,1,Clear,Dry,Daylight
2020-01-07T13:38:00.000,I 95,I 95 and Sr 27,,Not a Collision with Motor Vehicle,1,Clear,Dry,Daylight
2020-03-21T13:09:00.000,I 95,I 95 and Sr 27,,Rear End,2,Clear,Dry,Daylight
2020-03-22T14:29:00.000,I 95,I 95 and Sr 27,,Rear End,2,Clear,Dry,Daylight
2020-07-07T06:26:00.000,I 95,I 95 and Sr 27,,Not a Collision with Motor Vehicle,1,Clear,Dry,Dawn
2020-03-15T11:25:00.000,I 95,I 95 and Sr 27,,Not a Collision with Motor Vehicle,1,Clear,Dry,Daylight
2020-04-11T09:05:00.000,I 95,I 95 and Sr 27,,Angle Crash,2,Clear,Dry,Daylight
2020-11-15T20:10:00.000,I 95,I 95 and Sr 27,,Rear End,2,Clear,Dry,Dark-Lighted
2020-03-16T12:20:00.000,I 95,I 95 and Sr 27,,Not a Collision with Motor Vehicle,1,Cloudy,Dry,Daylight
2020-11-28T19:14:00.000,I 95,I 95 and Sr 27,,Angle Crash,2,Clear,Dry,Dark-Lighted
2020-09-08T10:06:00.000,I 95,I 95 and Sr 27,,Not a Collision with Motor Vehicle,1,Cloudy,Wet,Daylight
2020-11-01T00:12:00.000,I 95,I 95 and Sr 27,,Angle Crash,2,Clear,Wet,Dark-Lighted
2020-08-18T19:43:00.000,I 95,I 95 and Sr 27,,Not a Collision with Motor Vehicle,1,Rain,Wet,Dark-Not Lighted
2020-10-11T02:25:00.000,I 95,I 95 and Sr 27,,Sideswipe-Same Direction,1,Clear,Dry,Dark-Not Lighted
2020-09-13T00:08:00.000,I 95,I 95 and Sr 27,,Angle Crash,2,Clear,Dry,Dark-Not Lighted
2020-05-15T05:22:00.000,I 95,I 95 and Sr 27,,Not a Collision with Motor Vehicle,1,Clear,Dry,Dark-Lighted
2020-07-30T10:00:00.000,I 95,I 95 and Sr 27,,Not a Collision with Motor Vehicle,1,Clear,Dry,Daylight
2020-03-16T12:57:00.000,I 95,I 95 and Sr 27,,Rear End,2,Clear,Dry,Daylight
2020-06-14T22:00:00.000,I 95,I 95 and Sr 27,,Rear End,2,Clear,Dry,Dark-Lighted
2020-06-15T14:40:00.000,I 95,I 95 and Sr 27,,Not a Collision with Motor Vehicle,1,Clear,Dry,Daylight
2021-05-25T01:00:00.000,I 95,I 95 and Sr 27,,Sideswipe-Same Direction,3,Clear,Dry,Dark-Not Lighted
2021-02-08T13:28:00.000,I 95,I 95 and Sr 27,,Sideswipe-Same Direction,2,Clear,Dry,Daylight
2021-01-21T23:05:00.000,I 95,I 95 and Sr 27,,Angle Crash,1,Cloudy,Dry,Daylight
2021-06-29T11:20:00.000,I 95,I 95 and Sr 27,,Angle Crash,4,Cloudy,Dry,Daylight
2021-01-11T13:25:00.000,I 95,I 95 and Sr 27,,Sideswipe-Same Direction,2,Cloudy,Dry,Daylight
2021-09-19T23:10:00.000,I 95,I 95 and Sr 27,,Rear End,2,Rain,Wet,Dark-Not Lighted
2022-06-24T16:15:00.000,I 95,I 95 and Sr 27,,Angle Crash,2,Cloudy,Dry,Daylight
2022-06-04T00:00:00.000,I 95,I 95 and Sr 27,,Sideswipe-Same Direction,2,Clear,Dry,Daylight
2022-11-07T18:20:00.000,I 95,I 95 and Sr 27,,Angle Crash,2,Clear,Dry,Dark-Not Lighted
2022-11-04T23:00:00.000,I 95,I 95 and Sr 27,,Not a Collision with Motor Vehicle,1,Cloudy,Dry,Dark-Not Lighted
2022-06-23T18:18:00.000,I 95,I 95 and Sr 27,,Not a Collision with Motor Vehicle,1,Clear,Dry,Daylight
2022-06-14T15:31:00.000,I 95,I 95 and Sr 27,,Rear End,2,Rain,Wet,Daylight
2022-03-16T04:36:00.000,I 95,I 95 and Sr 27,,Not a Collision with Motor Vehicle,1,Cloudy,Dry,Dark-Not Lighted
2021-07-02T07:07:00.000,I 95,I 95 and Sr 27,,Not a Collision with Motor Vehicle,1,Clear,Dry,Daylight
2022-03-16T11:52:00.000,I 95,I 95 and Sr 27,,Rear End,2,Cloudy,Wet,Daylight
2022-02-27T06:10:00.000,I 95,I 95 and Sr 27,,Rear End,2,Cloudy,Dry,Dark-Not Lighted
2022-07-07T15:50:00.000,I 95,I 95 and Sr 27,,Rear End,3,Rain,Wet,Daylight
2022-10-19T21:20:00.000,I 95,I 95 and Sr 27,,Sideswipe-Same Direction,2,Clear,Dry,Dark-Not Lighted
2022-06-23T18:18:00.000,I 95,I 95 and Sr 27,,Not a Collision with Motor Vehicle,1,Clear,Dry,Daylight
2022-10-29T02:55:00.000,I 95,I 95 and Sr 27,,Not a Collision with Motor Vehicle,1,Rain,Wet,Dark-Not Lighted
2022-04-07T11:20:00.000,I 95,I 95 and Sr 27,,Sideswipe-Same Direction,2,Rain,Wet,Daylight
2022-10-11T19:39:00.000,I 95,I 95 and Sr 27,,Sideswipe-Same Direction,2,Clear,Dry,Dark-Not Lighted
2022-01-10T23:37:00.000,I 95,I 95 and Sr 27,,Sideswipe-Same Direction,2,Clear,Dry,Dark-Not Lighted
2022-10-05T12:15:00.000,I 95,I 95 and Sr 27,,Head On,2,Clear,Dry,Daylight
2023-06-17T21:04:00.000,I 95,I 95 and Sr 27,,Not a Collision with Motor Vehicle,1,Clear,Dry,Dark-Not Lighted
2024-08-19T09:34:00.000,I 95,I 95 and Sr 27,,Sideswipe-Same Direction,2,Clear,Dry,Daylight
2024-07-31T19:44:00.000,I 95,I 95 and Sr 27,,Not a Collision with Motor Vehicle,1,Rain,Wet,Daylight
2023-05-05T14:32:00.000,I 95,I 95 and Sr 27,,Sideswipe-Same Direction,2,Cloudy,Dry,Daylight
2023-02-11T16:16:00.000,I 95,I 95 and Sr 27,,Sideswipe-Same Direction,2,Rain,Wet,Daylight
2023-11-09T16:45:00.000,I 95,I 95 and Sr 27,,Rear End,2,Clear,Dry,Daylight
2023-03-14T21:03:00.000,I 95,I 95 and Sr 27,,Sideswipe-Same Direction,2,Clear,Dry,Dark-Lighted
2023-06-30T16:43:00.000,I 95,I 95 and Sr 27,,Rear End,2,Clear,Dry,Daylight
2023-11-27T14:16:00.000,I 95,I 95 and Sr 27,,Not a Collision with Motor Vehicle,1,Clear,Dry,Daylight
2023-12-16T11:40:00.000,I 95,I 95 and Sr 27,,Not a Collision with Motor Vehicle,1,Cloudy,Dry,Daylight
2023-06-17T21:04:00.000,I 95,I 95 and Sr 27,,Not a Collision with Motor Vehicle,1,Clear,Dry,Dark-Not Lighted
2023-09-26T16:23:00.000,I 95,I 95 and Sr 27,,Not a Collision with Motor Vehicle,1,Rain,Wet,Daylight
2024-10-31T16:50:00.000,I 95,I 95 and Sr 27,,Rear End,2,Clear,Dry,Daylight
2024-04-19T20:23:00.000,I 95,I 95 and Sr 27,,Rear End,2,Clear,Dry,Dark-Lighted
2024-01-07T08:47:00.000,I 95,I 95 and Sr 27,,Sideswipe-Opposite Direction,2,Clear,Dry,Daylight
2024-07-06T06:57:00.000,I 95,I 95 and Sr 27,,Not a Collision with Motor Vehicle,1,Clear,Dry,Daylight
2024-12-05T20:37:00.000,I 95,I 95 and Sr 27,,Not a Collision with Motor Vehicle,1,Clear,Dry,Dark-Lighted
2024-04-28T01:25:00.000,I 95,I 95 and Sr 27,,Not a Collision with Motor Vehicle,1,Clear,Dry,Dark-Not Lighted
2024-10-17T17:05:00.000,I 95,I 95 and Sr 27,,Sideswipe-Same Direction,2,Clear,Dry,Daylight
2024-08-12T14:45:00.000,I 95,I 95 and Sr 27,,Rear End,2,Clear,Dry,Daylight
2024-03-17T08:59:00.000,I 95,I 95 and Sr 27,,Not a Collision with Motor Vehicle,1,Clear,Dry,Daylight
2024-06-03T12:24:00.000,I 95,I 95 and Sr 27,,Not a Collision with Motor Vehicle,1,Cloudy,Dry,Daylight
2021-11-03T13:53:00.000,I 95,I 95 and Sr 26,,Not a Collision with Motor Vehicle,1,Clear,Dry,Daylight
2021-05-06T23:48:00.000,I 95,I 95 and Sr 26,,Not a Collision with Motor Vehicle,1,Clear,Dry,Dark-Lighted
2023-08-31T06:50:00.000,I 95,I 95 and Sr 26,,Rear End,2,Clear,Wet,Daylight
2023-09-13T17:54:00.000,I 95,I 95 and Sr 26,,Not a Collision with Motor Vehicle,1,Cloudy,Dry,Daylight
2023-04-04T05:41:00.000,I 95,I 95 and Sr 26,,Sideswipe-Same Direction,2,Cloudy,Wet,Dark-Not Lighted
2023-08-31T07:00:00.000,I 95,I 95 and Sr 26,,Rear End,2,Clear,Wet,Daylight
2023-02-28T17:30:00.000,I 95,I 95 and Sr 26,,Rear End,2,Clear,Dry,Daylight
2020-05-11T13:05:00.000,I 95,I 95 and Sr 26,,Not a Collision with Motor Vehicle,2,Clear,Dry,Daylight
2020-12-25T00:45:00.000,I 95,I 95 and Sr 26,,Sideswipe-Same Direction,2,Cloudy,Wet,Dark-Not Lighted
2020-03-19T17:12:00.000,I 95,I 95 and Sr 26,,Rear End,2,Clear,Dry,Daylight
2020-06-20T08:54:00.000,I 95,I 95 and Sr 26,,Rear End,2,Clear,Dry,Daylight
2020-03-19T17:34:00.000,I 95,I 95 and Sr 26,,Rear End,2,Clear,Dry,Daylight
2020-07-23T16:40:00.000,I 95,I 95 and Sr 26,,Rear End,2,Clear,Dry,Daylight
2021-04-01T20:14:00.000,I 95,I 95 and Sr 26,,Sideswipe-Same Direction,2,Clear,Dry,Dark-Not Lighted
2021-07-23T22:09:00.000,I 95,I 95 and Sr 26,,Rear End,3,Cloudy,Wet,Dark-Not Lighted
2022-03-05T16:05:00.000,I 95,I 95 and Sr 26,,Not a Collision with Motor Vehicle,2,Clear,Dry,Daylight
2021-12-17T17:42:00.000,I 95,I 95 and Sr 26,,Rear End,2,Clear,Dry,Dark-Not Lighted
2024-08-19T17:09:00.000,I 95,I 95 and Sr 251 Overpa,,Sideswipe-Same Direction,2,Clear,Dry,Daylight
2021-03-20T00:11:00.000,I 95,I 95 and Sr 251,,Sideswipe-Same Direction,2,Clear,Dry,Dark-Not Lighted
2021-02-14T19:15:00.000,I 95,I 95 and Sr 251,,Not a Collision with Motor Vehicle,2,Cloudy,Wet,Dark-Not Lighted
2021-01-07T23:35:00.000,I 95,I 95 and Sr 251,,Not a Collision with Motor Vehicle,1,Rain,Wet,Dark-Lighted
2021-05-09T03:49:00.000,I 95,I 95 and Sr 251,,Not a Collision with Motor Vehicle,1,Clear,Dry,Dark-Not Lighted
2021-06-11T14:41:00.000,I 95,I 95 and Sr 251,,Sideswipe-Same Direction,1,Clear,Dry,Daylight
2023-07-26T12:32:00.000,I 95,I 95 and Sr 251,,Angle Crash,2,Clear,Dry,Daylight
2023-02-28T16:40:00.000,I 95,I 95 and Sr 251,,Not a Collision with Motor Vehicle,2,Clear,Dry,Daylight
2023-12-15T04:52:00.000,I 95,I 95 and Sr 251,,Sideswipe-Same Direction,3,Clear,Dry,Dark-Not Lighted
2020-06-19T13:45:00.000,I 95,I 95 and Sr 251,,Sideswipe-Same Direction,2,Clear,Dry,Daylight
2020-06-01T18:02:00.000,I 95,I 95 and Sr 251,,Sideswipe-Same Direction,2,Clear,Dry,Daylight