Date and Time,Roadway (From Crash Report),Intersection Name (from Crash Report),KABCO Severity,Manner of Collision (Crash Level) ,# of Vehicles per crash ,Weather Conditions (Crash Level),Surface Condition (Crash Level) ,Light Conditions (Crash Level)
2020-10-24T21:25:00.000,I 95,I 95 and Sr 251,,Head On,1,Clear,Dry,Dark-Not Lighted
2020-09-30T16:00:00.000,I 95,I 95 and Sr 251,,Sideswipe-Same Direction,2,Clear,Dry,Daylight
2020-11-07T15:30:00.000,I 95,I 95 and Sr 251,,Not a Collision with Motor Vehicle,1,Cloudy,Wet,Daylight
2020-10-25T08:50:00.000,I 95,I 95 and Sr 251,,Rear End,2,Cloudy,Wet,Daylight
2020-09-28T20:25:00.000,I 95,I 95 and Sr 251,,Rear End,2,Cloudy,Wet,Dark-Not Lighted
2021-02-16T06:30:00.000,I 95,I 95 and Sr 251,,Rear End,2,Clear,Dry,Dusk
2021-03-12T12:10:00.000,I 95,I 95 and Sr 251,,Sideswipe-Same Direction,2,Clear,Dry,Daylight
2021-07-12T13:50:00.000,I 95,I 95 and Sr 251,,Sideswipe-Same Direction,2,Cloudy,Dry,Daylight
2022-12-23T14:35:00.000,I 95,I 95 and Sr 251,,Sideswipe-Same Direction,2,Clear,Dry,Daylight
2022-01-28T13:40:00.000,I 95,I 95 and Sr 251,,Not a Collision with Motor Vehicle,1,Cloudy,Dry,Daylight
2023-12-22T14:21:00.000,I 95,I 95 and Sr 251,,Rear End,3,Cloudy,Dry,Daylight
2024-04-23T10:20:00.000,I 95,I 95 and Sr 251,,Sideswipe-Same Direction,2,Clear,Dry,Daylight
2024-11-28T17:48:00.000,I 95,I 95 and Sr 251,,Angle Crash,2,Clear,Dry,Dusk
2023-10-27T04:04:00.000,I 95,I 95 and Sr 251,,Sideswipe-Same Direction,2,Clear,Dry,Dark-Lighted
2023-06-30T02:25:00.000,I 95,I 95 and Sr 251,,Angle Crash,2,Clear,Dry,Dark-Lighted
2024-10-05T11:27:00.000,I 95,I 95 and Sr 251,,Not a Collision with Motor Vehicle,1,Rain,Wet,Daylight
2024-05-07T22:40:00.000,I 95,I 95 and Sr 251,,Rear End,3,Clear,Dry,Dark-Not Lighted
2024-07-09T18:54:00.000,I 95,I 95 and Sr 251,,Rear End,2,Rain,Wet,Daylight
2024-11-28T17:49:00.000,I 95,I 95 and Sr 251,,Angle Crash,2,Clear,Dry,Dusk
2024-10-29T12:25:00.000,I 95,I 95 and Sr 251,,Rear End,2,Clear,Dry,Daylight
2024-11-28T17:48:00.000,I 95,I 95 and Sr 251,,Angle Crash,2,Clear,Dry,Dawn
2023-12-17T08:28:00.000,I 95,I 95 and Sr 25-Spur,,Not a Collision with Motor Vehicle,1,Rain,Wet,Daylight
2022-01-09T07:39:00.000,I 95,I 95 and Sr 25-Spur,,Angle Crash,2,Clear,Dry,Daylight
2022-01-09T07:38:00.000,I 95,I 95 and Sr 25-Spur,,Sideswipe-Same Direction,2,Clear,Dry,Daylight
2022-01-09T07:39:00.000,I 95,I 95 and Sr 25-Spur,,Angle Crash,2,Clear,Dry,Daylight
2024-01-01T13:55:00.000,I 95,I 95 and Sr 25-Spur,,Rear End,2,Clear,Dry,Daylight
2024-08-16T16:26:00.000,I 95,I 95 and Sr 25-Spur,,Not a Collision with Motor Vehicle,2,Clear,Dry,Daylight
2024-05-04T20:53:00.000,I 95,I 95 and Sr 25-Spur,,Not a Collision with Motor Vehicle,1,Clear,Dry,Dark-Not Lighted
2022-03-18T08:30:00.000,I 95,I 95 and Sr 25 Spur,,Angle Crash,2,Clear,Dry,Daylight
2021-06-12T17:06:00.000,I 95,I 95 and Sr 25,,Sideswipe-Same Direction,2,Rain,Wet,Daylight
2021-06-10T14:38:00.000,I 95,I 95 and Sr 25,,Not a Collision with Motor Vehicle,1,Rain,Wet,Daylight
2021-02-25T07:53:00.000,I 95,I 95 and Sr 25,,Rear End,2,Clear,Dry,Daylight
2021-12-17T16:32:00.000,I 95,I 95 and Sr 25,,Sideswipe-Same Direction,2,Cloudy,Dry,Daylight
2021-09-15T18:01:00.000,I 95,I 95 and Sr 25,,Sideswipe-Same Direction,2,Clear,Dry,Daylight
2021-11-13T04:13:00.000,I 95,I 95 and Sr 25,,Not a Collision with Motor Vehicle,1,Clear,Dry,Dark-Not Lighted
2021-09-15T18:00:00.000,I 95,I 95 and Sr 25,,Sideswipe-Same Direction,2,Clear,Dry,Daylight
2021-11-14T12:35:00.000,I 95,I 95 and Sr 25,,Sideswipe-Same Direction,2,Clear,Dry,Daylight
2021-09-29T00:22:00.000,I 95,I 95 and Sr 25,,Rear End,2,Clear,Dry,Dark-Lighted
2021-03-21T18:20:00.000,I 95,I 95 and Sr 25,,Angle Crash,2,Cloudy,Wet,Daylight
2021-05-06T06:20:00.000,I 95,I 95 and Sr 25,,Rear End,2,Clear,Dry,Dusk
2021-06-08T17:41:00.000,I 95,I 95 and Sr 25,,Rear End,2,Clear,Dry,Daylight
2021-05-06T20:57:00.000,I 95,I 95 and Sr 25,,Angle Crash,2,Clear,Dry,Dark-Lighted
2021-05-28T17:45:00.000,I 95,I 95 and Sr 25,,Rear End,2,Clear,Dry,Daylight
2021-06-08T05:20:00.000,I 95,I 95 and Sr 25,,Not a Collision with Motor Vehicle,1,Rain,Wet,Dark-Lighted
2021-06-14T16:10:00.000,I 95,I 95 and Sr 25,,Rear End,2,Clear,Dry,Daylight
2021-05-24T19:25:00.000,I 95,I 95 and Sr 25,,Sideswipe-Same Direction,2,Clear,Dry,Daylight
2021-05-24T14:57:00.000,I 95,I 95 and Sr 25,,Sideswipe-Same Direction,2,Clear,Dry,Daylight
2021-04-04T17:17:00.000,I 95,I 95 and Sr 25,,Rear End,2,Clear,Dry,Daylight
2021-06-30T10:36:00.000,I 95,I 95 and Sr 25,,Rear End,2,Cloudy,Dry,Daylight
2021-10-28T11:20:00.000,I 95,I 95 and Sr 25,,Sideswipe-Same Direction,2,Rain,Wet,Daylight
2021-11-18T10:45:00.000,I 95,I 95 and Sr 25,,Sideswipe-Same Direction,2,Clear,Dry,Daylight
2021-10-28T05:20:00.000,I 95,I 95 and Sr 25,,Angle Crash,3,Cloudy,Wet,Dark-Not Lighted
2021-12-01T20:28:00.000,I 95,I 95 and Sr 25,,Angle Crash,2,Clear,Dry,Dark-Lighted
2021-09-15T18:02:00.000,I 95,I 95 and Sr 25,,Sideswipe-Same Direction,2,Clear,Dry,Daylight
2021-09-22T08:02:00.000,I 95,I 95 and Sr 25,,Not a Collision with Motor Vehicle,1,Clear,Dry,Daylight
2021-08-17T18:06:00.000,I 95,I 95 and Sr 25,,Rear End,2,Clear,Dry,Daylight
2021-02-10T12:30:00.000,I 95,I 95 and Sr 25,,Sideswipe-Same Direction,2,Clear,Wet,Daylight
2021-02-16T08:00:00.000,I 95,I 95 and Sr 25,,Not a Collision with Motor Vehicle,1,Clear,Wet,Daylight
2021-01-17T10:51:00.000,I 95,I 95 and Sr 25,,Rear End,2,Clear,Dry,Daylight
2021-12-15T18:00:00.000,I 95,I 95 and Sr 25,,Rear End,2,Clear,Dry,Dark-Lighted
2021-11-13T04:13:00.000,I 95,I 95 and Sr 25,,Sideswipe-Same Direction,2,Clear,Dry,Dark-Not Lighted
2021-09-15T18:02:00.000,I 95,I 95 and Sr 25,,Sideswipe-Same Direction,2,Clear,Dry,Daylight
2021-05-24T14:30:00.000,I 95,I 95 and Sr 25,,Sideswipe-Same Direction,2,Clear,Dry,Daylight
2020-08-04T14:55:00.000,I 95,I 95 and Sr 25,,Rear End,2,Cloudy,Wet,Daylight
2020-11-23T14:57:00.000,I 95,I 95 and Sr 25,,Rear End,2,Clear,Dry,Daylight
2020-08-15T14:40:00.000,I 95,I 95 and Sr 25,,Angle Crash,2,Clear,Wet,Daylight
2023-02-10T17:15:00.000,I 95,I 95 and Sr 25,,Sideswipe-Same Direction,2,Clear,Dry,Daylight
2023-10-04T13:15:00.000,I 95,I 95 and Sr 25,,Not a Collision with Motor Vehicle,1,Clear,Dry,Daylight
2023-11-13T06:45:00.000,I 95,I 95 and Sr 25,,Sideswipe-Same Direction,2,Cloudy,Dry,Dawn
2023-02-22T20:00:00.000,I 95,I 95 and Sr 25,,Not a Collision with Motor Vehicle,1,Clear,Dry,Dark-Lighted
2023-07-12T14:16:00.000,I 95,I 95 and Sr 25,,Not a Collision with Motor Vehicle,2,Cloudy,Dry,Daylight
2023-10-02T05:18:00.000,I 95,I 95 and Sr 25,,Sideswipe-Same Direction,2,Clear,Dry,Dark-Lighted
2023-05-19T01:20:00.000,I 95,I 95 and Sr 25,,Rear End,2,Cloudy,Wet,Dark-Not Lighted
2023-12-29T14:15:00.000,I 95,I 95 and Sr 25,,Rear End,2,Clear,Dry,Daylight
2023-04-29T16:58:00.000,I 95,I 95 and Sr 25,,Not a Collision with Motor Vehicle,1,Rain,Wet,Daylight
2023-07-10T10:32:00.000,I 95,I 95 and Sr 25,,Rear End,2,Cloudy,Dry,Daylight
2023-02-01T17:37:00.000,I 95,I 95 and Sr 25,,Rear End,2,Clear,Dry,Daylight
2023-03-31T17:15:00.000,I 95,I 95 and Sr 25,,Rear End,2,Clear,Dry,Daylight
2023-11-27T12:05:00.000,I 95,I 95 and Sr 25,,Rear End,2,Clear,Dry,Daylight
2023-09-14T17:00:00.000,I 95,I 95 and Sr 25,,Not a Collision with Motor Vehicle,1,Rain,Wet,Daylight
2023-06-12T03:15:00.000,I 95,I 95 and Sr 25,,Rear End,2,Cloudy,Wet,Dark-Not Lighted
2023-11-10T01:34:00.000,I 95,I 95 and Sr 25,,Sideswipe-Same Direction,2,Clear,Dry,Dark-Not Lighted
2023-08-23T16:28:00.000,I 95,I 95 and Sr 25,,Not a Collision with Motor Vehicle,2,Clear,Dry,Daylight
2023-12-02T17:50:00.000,I 95,I 95 and Sr 25,,Not a Collision with Motor Vehicle,1,Rain,Wet,Dark-Not Lighted
2023-09-24T17:40:00.000,I 95,I 95 and Sr 25,,Rear End,2,Clear,Dry,Daylight
2023-10-19T14:05:00.000,I 95,I 95 and Sr 25,,Sideswipe-Same Direction,2,Clear,Dry,Daylight
2023-12-14T12:35:00.000,I 95,I 95 and Sr 25,,Sideswipe-Same Direction,2,Clear,Dry,Daylight
2023-02-23T16:05:00.000,I 95,I 95 and Sr 25,,Rear End,2,Clear,Dry,Daylight
2023-11-24T17:50:00.000,I 95,I 95 and Sr 25,,Sideswipe-Same Direction,2,Clear,Dry,Dark-Not Lighted
2023-06-23T11:09:00.000,I 95,I 95 and Sr 25,,Rear End,3,Cloudy,Dry,Daylight
2023-08-27T20:20:00.000,I 95,I 95 and Sr 25,,Not a Collision with Motor Vehicle,1,Clear,Dry,Dark-Not Lighted
2023-04-05T18:50:00.000,I 95,I 95 and Sr 25,,Sideswipe-Same Direction,4,Cloudy,Dry,Daylight
2023-04-05T17:38:00.000,I 95,I 95 and Sr 25,,Angle Crash,2,Clear,Dry,Daylight
2023-07-21T14:31:00.000,I 95,I 95 and Sr 25,,Rear End,2,Clear,Dry,Daylight
2023-10-09T18:52:00.000,I 95,I 95 and Sr 25,,Sideswipe-Same Direction,2,Clear,Dry,Daylight
2023-07-16T00:36:00.000,I 95,I 95 and Sr 25,,Not a Collision with Motor Vehicle,1,Clear,Dry,Dark-Not Lighted
2023-04-14T10:36:00.000,I 95,I 95 and Sr 25,,Sideswipe-Same Direction,2,Clear,Dry,Daylight
2023-11-20T16:11:00.000,I 95,I 95 and Sr 25,,Sideswipe-Same Direction,2,Rain,Wet,Daylight
2023-04-08T11:27:00.000,I 95,I 95 and Sr 25,,Rear End,2,Rain,Wet,Daylight
2023-02-21T16:40:00.000,I 95,I 95 and Sr 25,,Rear End,2,Clear,Dry,Daylight
2023-11-21T19:22:00.000,I 95,I 95 and Sr 25,,Angle Crash,2,Clear,Dry,Dark-Lighted
2023-10-16T09:52:00.000,I 95,I 95 and Sr 25,,Rear End,2,Cloudy,Dry,Daylight
2023-06-11T16:46:00.000,I 95,I 95 and Sr 25,,Rear End,2,Clear,Dry,Daylight
2023-11-15T13:16:00.000,I 95,I 95 and Sr 25,,Sideswipe-Same Direction,2,Cloudy,Wet,Daylight
2023-02-05T18:13:00.000,I 95,I 95 and Sr 25,,Rear End,2,Clear,Dry,Daylight
2023-08-17T08:23:00.000,I 95,I 95 and Sr 25,,Rear End,2,Clear,Dry,Daylight
2023-10-27T17:17:00.000,I 95,I 95 and Sr 25,,Rear End,2,Clear,Dry,Daylight
2023-07-21T19:36:00.000,I 95,I 95 and Sr 25,,Not a Collision with Motor Vehicle,2,Cloudy,Dry,Daylight
2022-06-24T08:35:00.000,I 95,I 95 and Sr 25,,Rear End,3,Cloudy,Wet,Daylight
2022-06-18T07:54:00.000,I 95,I 95 and Sr 25,,Not a Collision with Motor Vehicle,1,Rain,Wet,Daylight
2022-09-06T17:52:00.000,I 95,I 95 and Sr 25,,Rear End,2,Clear,Dry,Daylight
2020-03-13T14:14:00.000,I 95,I 95 and Sr 25,,Rear End,4,Clear,Dry,Daylight
2020-07-27T17:45:00.000,I 95,I 95 and Sr 25,,Sideswipe-Same Direction,4,Clear,Dry,Daylight
2020-02-20T17:30:00.000,I 95,I 95 and Sr 25,,Rear End,2,Rain,Wet,Dusk
2020-06-30T20:36:00.000,I 95,I 95 and Sr 25,,Not a Collision with Motor Vehicle,1,Severe Thunderstorm or Tornadic,Wet,Dark-Not Lighted
2020-07-20T12:40:00.000,I 95,I 95 and Sr 25,,Not a Collision with Motor Vehicle,2,Clear,Dry,Daylight
2020-12-17T21:02:00.000,I 95,I 95 and Sr 25,,Sideswipe-Same Direction,2,Clear,Dry,Dark-Not Lighted
2020-03-18T15:05:00.000,I 95,I 95 and Sr 25,,Not a Collision with Motor Vehicle,1,Cloudy,Dry,Daylight
2020-11-03T10:47:00.000,I 95,I 95 and Sr 25,,Not a Collision with Motor Vehicle,1,Clear,Dry,Daylight
2020-02-21T16:20:00.000,I 95,I 95 and Sr 25,,Rear End,2,Clear,Dry,Daylight
2020-01-23T17:16:00.000,I 95,I 95 and Sr 25,,Not a Collision with Motor Vehicle,1,Clear,Dry,Daylight
2020-08-19T15:59:00.000,I 95,I 95 and Sr 25,,Sideswipe-Same Direction,2,Clear,Dry,Daylight
2020-04-29T06:27:00.000,I 95,I 95 and Sr 25,,Rear End,2,Clear,Dry,Daylight
2020-11-29T20:36:00.000,I 95,I 95 and Sr 25,,Not a Collision with Motor Vehicle,1,Clear,Wet,Dark-Not Lighted
2020-01-30T16:19:00.000,I 95,I 95 and Sr 25,,Rear End,2,Cloudy,Dry,Daylight
2020-08-17T17:37:00.000,I 95,I 95 and Sr 25,,Rear End,2,Clear,Dry,Daylight
2020-02-03T08:24:00.000,I 95,I 95 and Sr 25,,Sideswipe-Same Direction,2,Clear,Dry,Daylight
2020-01-30T11:13:00.000,I 95,I 95 and Sr 25,,Rear End,2,Cloudy,Dry,Daylight
2020-01-24T14:40:00.000,I 95,I 95 and Sr 25,,Rear End,2,Clear,Dry,Daylight
2020-10-08T14:15:00.000,I 95,I 95 and Sr 25,,Sideswipe-Same Direction,2,Clear,Dry,Daylight
2020-06-04T05:08:00.000,I 95,I 95 and Sr 25,,Rear End,2,Cloudy,Dry,Dark-Not Lighted
2020-02-01T14:12:00.000,I 95,I 95 and Sr 25,,Sideswipe-Same Direction,1,Cloudy,Dry,Daylight
2020-06-04T13:53:00.000,I 95,I 95 and Sr 25,,Not a Collision with Motor Vehicle,1,Rain,Wet,Daylight
2020-06-29T10:58:00.000,I 95,I 95 and Sr 25,,Sideswipe-Same Direction,2,Clear,Dry,Daylight
2020-03-21T12:09:00.000,I 95,I 95 and Sr 25,,Rear End,4,Cloudy,Dry,Daylight
2020-05-29T16:38:00.000,I 95,I 95 and Sr 25,,Rear End,2,Cloudy,Dry,Daylight
2020-02-03T08:48:00.000,I 95,I 95 and Sr 25,,Rear End,2,Cloudy,Dry,Daylight
2020-06-08T06:05:00.000,I 95,I 95 and Sr 25,,Not a Collision with Motor Vehicle,1,Clear,Dry,Dawn
2020-10-06T12:55:00.000,I 95,I 95 and Sr 25,,Sideswipe-Same Direction,3,Cloudy,Dry,Daylight
2020-10-19T07:34:00.000,I 95,I 95 and Sr 25,,Angle Crash,2,Clear,Dry,Daylight
2020-09-06T18:05:00.000,I 95,I 95 and Sr 25,,Sideswipe-Same Direction,2,Rain,Wet,Daylight
2020-11-10T12:32:00.000,I 95,I 95 and Sr 25,,Rear End,2,Cloudy,Wet,Daylight
2020-02-12T13:35:00.000,I 95,I 95 and Sr 25,,Rear End,2,Cloudy,Dry,Daylight
2020-03-10T08:45:00.000,I 95,I 95 and Sr 25,,Sideswipe-Same Direction,2,Cloudy,Dry,Daylight
2020-04-09T15:22:00.000,I 95,I 95 and Sr 25,,Head On,1,Clear,Dry,Daylight
2020-11-29T03:00:00.000,I 95,I 95 and Sr 25,,Rear End,2,Cloudy,Dry,Dark-Not Lighted
2020-10-02T10:20:00.000,I 95,I 95 and Sr 25,,Not a Collision with Motor Vehicle,1,Clear,Dry,Daylight
2020-08-13T16:10:00.000,I 95,I 95 and Sr 25,,Rear End,2,Clear,Dry,Daylight
2020-10-14T07:38:00.000,I 95,I 95 and Sr 25,,Sideswipe-Same Direction,2,Cloudy,Dry,Daylight
2020-09-25T17:50:00.000,I 95,I 95 and Sr 25,,Angle Crash,2,Cloudy,Dry,Daylight
2020-11-10T09:52:00.000,I 95,I 95 and Sr 25,,Not a Collision with Motor Vehicle,1,Cloudy,Wet,Daylight
2020-10-17T21:15:00.000,I 95,I 95 and Sr 25,,Sideswipe-Same Direction,2,Clear,Dry,Dark-Not Lighted
2020-10-15T16:14:00.000,I 95,I 95 and Sr 25,,Not a Collision with Motor Vehicle,1,Clear,Dry,Daylight
2020-11-30T08:47:00.000,I 95,I 95 and Sr 25,,Not a Collision with Motor Vehicle,2,Cloudy,Wet,Daylight
2020-01-23T18:45:00.000,I 95,I 95 and Sr 25,,Rear End,2,Clear,Dry,Dark-Lighted
2020-02-21T17:36:00.000,I 95,I 95 and Sr 25,,Rear End,2,Clear,Dry,Daylight
2020-03-17T15:15:00.000,I 95,I 95 and Sr 25,,Not a Collision with Motor Vehicle,1,Rain,Wet,Daylight
2020-12-02T09:40:00.000,I 95,I 95 and Sr 25,,Not a Collision with Motor Vehicle,1,Clear,Dry,Daylight
2020-04-09T12:30:00.000,I 95,I 95 and Sr 25,,Rear End,2,Clear,Dry,Daylight
2020-08-03T18:40:00.000,I 95,I 95 and Sr 25,,Not a Collision with Motor Vehicle,1,Clear,Dry,Daylight
2020-09-03T17:10:00.000,I 95,I 95 and Sr 25,,Rear End,5,Clear,Dry,Daylight
2020-01-20T11:45:00.000,I 95,I 95 and Sr 25,,Rear End,2,Clear,Dry,Daylight
2020-10-17T13:33:00.000,I 95,I 95 and Sr 25,,Not a Collision with Motor Vehicle,1,Cloudy,Dry,Daylight
2020-11-09T06:20:00.000,I 95,I 95 and Sr 25,,Not a Collision with Motor Vehicle,1,Clear,Wet,Dawn
2020-08-18T21:25:00.000,I 95,I 95 and Sr 25,,Not a Collision with Motor Vehicle,1,Rain,Wet,Dark-Not Lighted
2020-05-24T17:30:00.000,I 95,I 95 and Sr 25,,Not a Collision with Motor Vehicle,1,Clear,Dry,Daylight
2020-11-10T08:05:00.000,I 95,I 95 and Sr 25,,Rear End,3,Cloudy,Wet,Daylight
2021-01-30T19:30:00.000,I 95,I 95 and Sr 25,,Not a Collision with Motor Vehicle,1,Clear,Dry,Dark-Not Lighted
2021-01-17T15:18:00.000,I 95,I 95 and Sr 25,,Rear End,2,Clear,Dry,Daylight
2021-04-19T18:10:00.000,I 95,I 95 and Sr 25,,Rear End,2,Clear,Dry,Daylight
2021-06-18T12:41:00.000,I 95,I 95 and Sr 25,,Sideswipe-Same Direction,2,Clear,Dry,Daylight
2021-01-02T17:03:00.000,I 95,I 95 and Sr 25,,Rear End,2,Cloudy,Wet,Daylight
2021-06-02T12:40:00.000,I 95,I 95 and Sr 25,,Rear End,6,Rain,Wet,Daylight
2021-02-20T21:13:00.000,I 95,I 95 and Sr 25,,Rear End,2,Clear,Dry,Dark-Not Lighted
2021-01-13T18:30:00.000,I 95,I 95 and Sr 25,,Rear End,2,Clear,Dry,Daylight
2021-05-06T06:20:00.000,I 95,I 95 and Sr 25,,Rear End,2,Clear,Dry,Dusk
2021-02-05T14:43:00.000,I 95,I 95 and Sr 25,,Sideswipe-Same Direction,2,Clear,Dry,Daylight
2021-04-07T11:30:00.000,I 95,I 95 and Sr 25,,Rear End,2,Clear,Dry,Daylight
2021-04-24T12:20:00.000,I 95,I 95 and Sr 25,,Angle Crash,1,Severe Thunderstorm or Tornadic,Wet,Daylight
2021-07-05T12:45:00.000,I 95,I 95 and Sr 25,,Rear End,3,Clear,Dry,Daylight
2021-10-25T16:30:00.000,I 95,I 95 and Sr 25,,Rear End,2,Clear,Dry,Daylight
2021-10-06T15:19:00.000,I 95,I 95 and Sr 25,,Not a Collision with Motor Vehicle,1,Clear,Dry,Daylight
2021-11-27T11:32:00.000,I 95,I 95 and Sr 25,,Rear End,2,Clear,Dry,Daylight
2021-08-08T06:58:00.000,I 95,I 95 and Sr 25,,Not a Collision with Motor Vehicle,1,Fog,Dry,Daylight
2021-11-07T21:51:00.000,I 95,I 95 and Sr 25,,Rear End,2,Clear,Dry,Dark-Not Lighted
2021-09-09T08:20:00.000,I 95,I 95 and Sr 25,,Rear End,2,Rain,Wet,Daylight
2021-09-23T17:48:00.000,I 95,I 95 and Sr 25,,Rear End,2,Cloudy,Dry,Daylight
2021-07-23T23:55:00.000,I 95,I 95 and Sr 25,,Angle Crash,2,Clear,Dry,Dark-Not Lighted
2021-12-31T11:24:00.000,I 95,I 95 and Sr 25,,Not a Collision with Motor Vehicle,1,Clear,Dry,Daylight
2021-09-16T12:20:00.000,I 95,I 95 and Sr 25,,Rear End,2,Rain,Wet,Daylight
2022-11-17T18:07:00.000,I 95,I 95 and Sr 25,,Rear End,2,Clear,Dry,Dark-Not Lighted
2022-11-08T03:38:00.000,I 95,I 95 and Sr 25,,Not a Collision with Motor Vehicle,1,Clear,Dry,Dark-Not Lighted
2022-11-09T10:20:00.000,I 95,I 95 and Sr 25,,Not a Collision with Motor Vehicle,1,Cloudy,Dry,Daylight
2022-04-11T17:30:00.000,I 95,I 95 and Sr 25,,Not a Collision with Motor Vehicle,3,Clear,Dry,Daylight
2022-10-08T02:27:00.000,I 95,I 95 and Sr 25,,Not a Collision with Motor Vehicle,1,Clear,Dry,Dark-Not Lighted
2021-09-15T18:01:00.000,I 95,I 95 and Sr 25,,Sideswipe-Same Direction,2,Clear,Dry,Daylight
2021-08-22T06:54:00.000,I 95,I 95 and Sr 25,,Not a Collision with Motor Vehicle,1,Clear,Dry,Daylight
2021-12-28T21:56:00.000,I 95,I 95 and Sr 25,,Angle Crash,2,Clear,Dry,Dark-Not Lighted
2021-07-13T14:45:00.000,I 95,I 95 and Sr 25,,Rear End,2,Clear,Dry,Daylight
2021-07-04T12:43:00.000,I 95,I 95 and Sr 25,,Not a Collision with Motor Vehicle,1,Clear,Dry,Daylight
2022-09-08T23:20:00.000,I 95,I 95 and Sr 25,,Rear End,2,Rain,Wet,Dark-Not Lighted
2022-06-11T15:25:00.000,I 95,I 95 and Sr 25,,Rear End,2,Clear,Dry,Daylight
2022-06-11T11:11:00.000,I 95,I 95 and Sr 25,,Not a Collision with Motor Vehicle,3,Clear,Dry,Daylight
2022-03-09T17:21:00.000,I 95,I 95 and Sr 25,,Rear End,2,Cloudy,Dry,Daylight
2022-03-11T08:53:00.000,I 95,I 95 and Sr 25,,Angle Crash,2,Cloudy,Dry,Daylight
2022-01-08T12:06:00.000,I 95,I 95 and Sr 25,,Sideswipe-Same Direction,3,Clear,Dry,Daylight
2022-07-22T07:35:00.000,I 95,I 95 and Sr 25,,Rear End,2,Clear,Dry,Daylight
2022-06-26T13:20:00.000,I 95,I 95 and Sr 25,,Rear End,2,Clear,Dry,Daylight
2022-10-23T18:41:00.000,I 95,I 95 and Sr 25,,Not a Collision with Motor Vehicle,1,Clear,Dry,Daylight
2022-07-24T17:08:00.000,I 95,I 95 and Sr 25,,Not a Collision with Motor Vehicle,2,Clear,Dry,Daylight
2022-03-10T08:50:00.000,I 95,I 95 and Sr 25,,Rear End,3,Clear,Wet,Daylight
2021-09-15T18:02:00.000,I 95,I 95 and Sr 25,,Sideswipe-Same Direction,2,Clear,Dry,Daylight
2022-05-23T15:00:00.000,I 95,I 95 and Sr 25,,Sideswipe-Same Direction,2,Cloudy,Dry,Daylight
2022-07-18T12:45:00.000,I 95,I 95 and Sr 25,,Not a Collision with Motor Vehicle,1,Rain,Wet,Daylight
2022-04-30T14:21:00.000,I 95,I 95 and Sr 25,,Rear End,3,Cloudy,Dry,Daylight
2022-10-18T19:05:00.000,I 95,I 95 and Sr 25,,Rear End,2,Clear,Dry,Dark-Not Lighted
2022-03-23T13:47:00.000,I 95,I 95 and Sr 25,,Sideswipe-Same Direction,2,Rain,Wet,Daylight
2022-01-01T15:55:00.000,I 95,I 95 and Sr 25,,Rear End,2,Clear,Dry,Daylight
2022-09-19T06:14:00.000,I 95,I 95 and Sr 25,,Rear End,2,Clear,Dry,Dark-Not Lighted
2022-06-18T09:29:00.000,I 95,I 95 and Sr 25,,Not a Collision with Motor Vehicle,1,Cloudy,Wet,Daylight
2022-01-27T14:54:00.000,I 95,I 95 and Sr 25,,Angle Crash,3,Clear,Dry,Daylight
2022-03-23T14:05:00.000,I 95,I 95 and Sr 25,,Sideswipe-Same Direction,2,Rain,Wet,Daylight
2022-07-18T14:55:00.000,I 95,I 95 and Sr 25,,Rear End,3,Rain,Wet,Daylight
2022-02-27T16:09:00.000,I 95,I 95 and Sr 25,,Not a Collision with Motor Vehicle,4,Clear,Dry,Daylight
2022-12-13T04:44:00.000,I 95,I 95 and Sr 25,,Not a Collision with Motor Vehicle,1,Clear,Dry,Dark-Not Lighted
2022-12-07T07:05:00.000,I 95,I 95 and Sr 25,,Rear End,2,Clear,Dry,Dawn
2022-02-26T14:30:00.000,I 95,I 95 and Sr 25,,Rear End,4,Clear,Dry,Daylight
2022-08-28T20:15:00.000,I 95,I 95 and Sr 25,,Rear End,2,Clear,Dry,Dark-Lighted
2022-04-19T11:30:00.000,I 95,I 95 and Sr 25,,Not a Collision with Motor Vehicle,2,Clear,Dry,Daylight
2022-11-30T15:40:00.000,I 95,I 95 and Sr 25,,Sideswipe-Same Direction,2,Clear,Dry,Daylight
2022-03-02T08:40:00.000,I 95,I 95 and Sr 25,,Not a Collision with Motor Vehicle,1,Clear,Dry,Daylight
2022-10-15T11:29:00.000,I 95,I 95 and Sr 25,,Not a Collision with Motor Vehicle,1,Clear,Dry,Daylight
2022-02-15T10:35:00.000,I 95,I 95 and Sr 25,,Sideswipe-Same Direction,2,Clear,Dry,Daylight
2022-04-30T11:03:00.000,I 95,I 95 and Sr 25,,Not a Collision with Motor Vehicle,1,Clear,Dry,Daylight
2022-05-27T11:24:00.000,I 95,I 95 and Sr 25,,Rear End,2,Cloudy,Dry,Daylight
2022-12-12T22:35:00.000,I 95,I 95 and Sr 25,,Not a Collision with Motor Vehicle,1,Clear,Dry,Dark-Not Lighted
2022-12-13T08:23:00.000,I 95,I 95 and Sr 25,,Not a Collision with Motor Vehicle,3,Cloudy,Dry,Daylight
2022-05-21T16:48:00.000,I 95,I 95 and Sr 25,,Rear End,2,Cloudy,Dry,Daylight
2022-01-01T19:57:00.000,I 95,I 95 and Sr 25,,Not a Collision with Motor Vehicle,1,Clear,Dry,Dark-Not Lighted
2022-12-12T22:25:00.000,I 95,I 95 and Sr 25,,Not a Collision with Motor Vehicle,1,Clear,Dry,Dark-Not Lighted
2022-11-09T10:04:00.000,I 95,I 95 and Sr 25,,Rear End,2,Cloudy,Dry,Daylight
2022-11-02T22:40:00.000,I 95,I 95 and Sr 25,,Angle Crash,2,Clear,Dry,Dark-Not Lighted
2022-10-25T18:28:00.000,I 95,I 95 and Sr 25,,Sideswipe-Same Direction,2,Clear,Dry,Daylight
2022-10-19T20:00:00.000,I 95,I 95 and Sr 25,,Not a Collision with Motor Vehicle,2,Clear,Dry,Dark-Not Lighted
2023-03-11T14:42:00.000,I 95,I 95 and Sr 25,,Rear End,2,Clear,Dry,Daylight