Date and Time,Roadway (From Crash Report),Intersection Name (from Crash Report),KABCO Severity,Manner of Collision (Crash Level) ,# of Vehicles per crash ,Weather Conditions (Crash Level),Surface Condition (Crash Level) ,Light Conditions (Crash Level)
2024-01-02T14:20:00.000,I 95,I 95 and Sr 25,,Rear End,3,Clear,Dry,Daylight
2024-02-20T03:10:00.000,I 95,I 95 and Sr 25,,Rear End,2,Clear,Dry,Dark-Not Lighted
2024-07-01T14:37:00.000,I 95,I 95 and Sr 25,,Not a Collision with Motor Vehicle,1,Rain,Wet,Daylight
2024-04-16T17:15:00.000,I 95,I 95 and Sr 25,,Rear End,3,Clear,Dry,Daylight
2024-02-05T17:35:00.000,I 95,I 95 and Sr 25,,Angle Crash,2,Cloudy,Wet,Daylight
2024-12-11T14:04:00.000,I 95,I 95 and Sr 25,,Rear End,2,Clear,Wet,Daylight
2024-10-15T09:36:00.000,I 95,I 95 and Sr 25,,Rear End,2,Clear,Dry,Daylight
2024-06-07T17:08:00.000,I 95,I 95 and Sr 25,,Sideswipe-Same Direction,2,Clear,Dry,Daylight
2024-02-20T08:25:00.000,I 95,I 95 and Sr 25,,Rear End,2,Clear,Dry,Daylight
2024-04-25T10:53:00.000,I 95,I 95 and Sr 25,,Not a Collision with Motor Vehicle,1,Cloudy,Dry,Daylight
2024-03-30T17:19:00.000,I 95,I 95 and Sr 25,,Sideswipe-Same Direction,2,Clear,Dry,Daylight
2024-08-14T07:13:00.000,I 95,I 95 and Sr 25,,Rear End,2,Cloudy,Dry,Daylight
2024-08-24T17:40:00.000,I 95,I 95 and Sr 25,,Not a Collision with Motor Vehicle,1,Rain,Wet,Daylight
2024-11-01T20:02:00.000,I 95,I 95 and Sr 25,,Rear End,2,Clear,Dry,Dark-Not Lighted
2024-08-16T08:45:00.000,I 95,I 95 and Sr 25,,Rear End,2,Clear,Dry,Daylight
2023-05-21T15:09:00.000,I 95,I 95 and Sr 25,,Sideswipe-Same Direction,2,Rain,Wet,Daylight
2023-10-29T12:59:00.000,I 95,I 95 and Sr 25,,Not a Collision with Motor Vehicle,1,Clear,Dry,Daylight
2024-05-30T21:13:00.000,I 95,I 95 and Sr 25,,Angle Crash,2,Clear,Dry,Dark-Not Lighted
2023-06-18T15:31:00.000,I 95,I 95 and Sr 25,,Sideswipe-Same Direction,3,Clear,Dry,Daylight
2023-05-28T12:28:00.000,I 95,I 95 and Sr 25,,Sideswipe-Same Direction,2,Clear,Dry,Daylight
2023-12-10T17:34:00.000,I 95,I 95 and Sr 25,,Sideswipe-Same Direction,2,Rain,Wet,Dark-Not Lighted
2023-10-23T06:30:00.000,I 95,I 95 and Sr 25,,Rear End,2,Clear,Dry,Dark-Lighted
2023-11-10T01:37:00.000,I 95,I 95 and Sr 25,,Sideswipe-Same Direction,2,Clear,Dry,Dark-Lighted
2023-05-21T14:03:00.000,I 95,I 95 and Sr 25,,Not a Collision with Motor Vehicle,1,Rain,Wet,Daylight
2023-08-12T18:45:00.000,I 95,I 95 and Sr 25,,Angle Crash,3,Clear,Dry,Daylight
2023-12-26T13:52:00.000,I 95,I 95 and Sr 25,,Rear End,2,Cloudy,Wet,Daylight
2023-07-04T14:40:00.000,I 95,I 95 and Sr 25,,Not a Collision with Motor Vehicle,1,Rain,Wet,Daylight
2023-02-16T15:10:00.000,I 95,I 95 and Sr 25,,Rear End,3,Clear,Dry,Daylight
2023-09-16T16:14:00.000,I 95,I 95 and Sr 25,,Angle Crash,2,Clear,Dry,Daylight
2023-05-03T15:20:00.000,I 95,I 95 and Sr 25,,Rear End,2,Clear,Dry,Daylight
2023-03-19T13:48:00.000,I 95,I 95 and Sr 25,,Sideswipe-Same Direction,2,Clear,Dry,Daylight
2023-10-23T06:08:00.000,I 95,I 95 and Sr 25,,Not a Collision with Motor Vehicle,1,Clear,Dry,Dark-Lighted
2023-12-22T12:50:00.000,I 95,I 95 and Sr 25,,Not a Collision with Motor Vehicle,1,Cloudy,Dry,Daylight
2023-02-06T12:52:00.000,I 95,I 95 and Sr 25,,Not a Collision with Motor Vehicle,1,Clear,Dry,Daylight
2023-07-09T15:44:00.000,I 95,I 95 and Sr 25,,Angle Crash,2,Clear,Dry,Daylight
2023-05-29T14:39:00.000,I 95,I 95 and Sr 25,,Angle Crash,2,Clear,Dry,Daylight
2023-12-27T06:10:00.000,I 95,I 95 and Sr 25,,Sideswipe-Same Direction,2,Rain,Wet,Dark-Not Lighted
2023-01-13T06:35:00.000,I 95,I 95 and Sr 25,,Not a Collision with Motor Vehicle,1,Clear,Wet,Dark-Not Lighted
2023-11-10T03:34:00.000,I 95,I 95 and Sr 25,,Angle Crash,2,Clear,Dry,Dark-Lighted
2023-10-26T07:10:00.000,I 95,I 95 and Sr 25,,Rear End,2,Clear,Dry,Daylight
2023-01-05T14:08:00.000,I 95,I 95 and Sr 25,,Rear End,2,Clear,Dry,Daylight
2023-12-06T17:51:00.000,I 95,I 95 and Sr 25,,Rear End,3,Clear,Dry,Dark-Lighted
2023-11-19T15:24:00.000,I 95,I 95 and Sr 25,,Angle Crash,2,Clear,Dry,Daylight
2023-12-27T18:18:00.000,I 95,I 95 and Sr 25,,Sideswipe-Same Direction,2,Cloudy,Wet,Dark-Lighted
2024-08-10T12:30:00.000,I 95,I 95 and Sr 25,,Rear End,2,Clear,Dry,Daylight
2024-07-16T02:53:00.000,I 95,I 95 and Sr 25,,Sideswipe-Same Direction,2,Clear,Dry,Dark-Not Lighted
2024-09-03T16:57:00.000,I 95,I 95 and Sr 25,,Rear End,2,Clear,Dry,Daylight
2024-08-10T14:55:00.000,I 95,I 95 and Sr 25,,Angle Crash,2,Cloudy,Dry,Daylight
2024-05-03T07:13:00.000,I 95,I 95 and Sr 25,,Not a Collision with Motor Vehicle,1,Clear,Dry,Daylight
2024-05-09T16:10:00.000,I 95,I 95 and Sr 25,,Angle Crash,2,Rain,Wet,Daylight
2024-09-19T16:30:00.000,I 95,I 95 and Sr 25,,Not a Collision with Motor Vehicle,3,Clear,Dry,Daylight
2024-07-17T22:16:00.000,I 95,I 95 and Sr 25,,Angle Crash,3,Cloudy,Wet,Dark-Not Lighted
2024-03-14T15:15:00.000,I 95,I 95 and Sr 25,,Sideswipe-Same Direction,2,Clear,Dry,Daylight
2024-04-04T12:00:00.000,I 95,I 95 and Sr 25,,Rear End,2,Clear,Dry,Daylight
2024-09-18T06:16:00.000,I 95,I 95 and Sr 25,,Rear End,2,Cloudy,Wet,Dark-Lighted
2024-08-11T16:00:00.000,I 95,I 95 and Sr 25,,Rear End,3,Cloudy,Wet,Daylight
2024-07-14T13:30:00.000,I 95,I 95 and Sr 25,,Rear End,2,Clear,Dry,Daylight
2024-10-15T16:04:00.000,I 95,I 95 and Sr 25,,Not a Collision with Motor Vehicle,1,Clear,Dry,Daylight
2024-05-12T10:46:00.000,I 95,I 95 and Sr 25,,Not a Collision with Motor Vehicle,1,Clear,Dry,Daylight
2024-07-18T15:34:00.000,I 95,I 95 and Sr 25,,Rear End,2,Rain,Wet,Daylight
2024-06-20T13:00:00.000,I 95,I 95 and Sr 25,,Sideswipe-Same Direction,2,Clear,Dry,Daylight
2024-01-04T14:03:00.000,I 95,I 95 and Sr 25,,Head On,1,Clear,Dry,Daylight
2024-11-21T17:18:00.000,I 95,I 95 and Sr 25,,Not a Collision with Motor Vehicle,1,Clear,Dry,Daylight
2024-01-02T13:00:00.000,I 95,I 95 and Sr 25,,Rear End,2,Clear,Dry,Daylight
2024-07-20T19:42:00.000,I 95,I 95 and Sr 25,,Not a Collision with Motor Vehicle,1,Rain,Wet,Daylight
2024-07-01T08:07:00.000,I 95,I 95 and Sr 25,,Not a Collision with Motor Vehicle,1,Clear,Dry,Daylight
2024-08-05T11:38:00.000,I 95,I 95 and Sr 25,,Not a Collision with Motor Vehicle,1,Rain,Wet,Daylight
2024-10-16T10:02:00.000,I 95,I 95 and Sr 25,,Sideswipe-Same Direction,2,Clear,Dry,Daylight
2024-03-17T11:39:00.000,I 95,I 95 and Sr 25,,Angle Crash,3,Clear,Dry,Daylight
2024-06-12T10:43:00.000,I 95,I 95 and Sr 25,,Rear End,2,Clear,Dry,Daylight
2024-08-08T19:26:00.000,I 95,I 95 and Sr 25,,Rear End,2,Clear,Dry,Daylight
2024-03-31T14:45:00.000,I 95,I 95 and Sr 25,,Not a Collision with Motor Vehicle,1,Clear,Dry,Daylight
2024-05-27T11:43:00.000,I 95,I 95 and Sr 25,,Sideswipe-Same Direction,2,Clear,Dry,Daylight
2024-04-09T11:42:00.000,I 95,I 95 and Sr 25,,Rear End,2,Clear,Dry,Daylight
2024-01-02T16:30:00.000,I 95,I 95 and Sr 25,,Rear End,2,Clear,Dry,Daylight
2024-10-13T12:27:00.000,I 95,I 95 and Sr 25,,Rear End,2,Clear,Dry,Daylight
2024-06-27T16:47:00.000,I 95,I 95 and Sr 25,,Not a Collision with Motor Vehicle,1,Rain,Wet,Daylight
2024-12-01T11:35:00.000,I 95,I 95 and Sr 25,,Rear End,2,Clear,Dry,Daylight
2024-10-22T11:07:00.000,I 95,I 95 and Sr 25,,Sideswipe-Same Direction,2,Clear,Dry,Daylight
2024-03-15T17:11:00.000,I 95,I 95 and Sr 25,,Sideswipe-Same Direction,3,Cloudy,Dry,Daylight
2024-05-10T01:15:00.000,I 95,I 95 and Sr 25,,Rear End,2,Clear,Dry,Dark-Not Lighted
2024-04-29T15:15:00.000,I 95,I 95 and Sr 25,,Not a Collision with Motor Vehicle,1,Clear,Dry,Daylight
2024-07-30T13:53:00.000,I 95,I 95 and Sr 25,,Not a Collision with Motor Vehicle,1,Cloudy,Dry,Daylight
2024-07-21T21:20:00.000,I 95,I 95 and Sr 25,,Sideswipe-Same Direction,2,Rain,Wet,Dark-Lighted
2024-09-04T07:37:00.000,I 95,I 95 and Sr 25,,Not a Collision with Motor Vehicle,2,Cloudy,Dry,Daylight
2024-01-07T17:29:00.000,I 95,I 95 and Sr 25,,Not a Collision with Motor Vehicle,1,Clear,Dry,Dawn
2024-12-01T18:14:00.000,I 95,I 95 and Sr 25,,Sideswipe-Same Direction,4,Clear,Dry,Dark-Not Lighted
2021-05-01T14:20:00.000,I 95,I 95 and Sr 21,,Not a Collision with Motor Vehicle,1,Clear,Dry,Daylight
2021-03-27T15:15:00.000,I 95,I 95 and Sr 21,,Rear End,2,Clear,Dry,Daylight
2021-03-11T07:05:00.000,I 95,I 95 and Sr 21,,Rear End,2,Clear,Dry,Daylight
2021-06-24T07:40:00.000,I 95,I 95 and Sr 21,,Not a Collision with Motor Vehicle,2,Clear,Dry,Daylight
2021-06-11T14:09:00.000,I 95,I 95 and Sr 21,,Rear End,2,Clear,Dry,Daylight
2021-01-03T11:55:00.000,I 95,I 95 and Sr 21,,Rear End,2,Clear,Dry,Daylight
2021-04-30T14:20:00.000,I 95,I 95 and Sr 21,,Rear End,4,Clear,Dry,Daylight
2021-05-18T18:08:00.000,I 95,I 95 and Sr 21,,Sideswipe-Same Direction,2,Clear,Dry,Daylight
2021-11-09T16:15:00.000,I 95,I 95 and Sr 21,,Rear End,2,Clear,Dry,Daylight
2021-08-03T17:50:00.000,I 95,I 95 and Sr 21,,Rear End,2,Cloudy,Dry,Daylight
2021-12-24T23:54:00.000,I 95,I 95 and Sr 21,,Rear End,2,Clear,Dry,Dark-Not Lighted
2021-12-29T15:20:00.000,I 95,I 95 and Sr 21,,Sideswipe-Same Direction,2,Clear,Dry,Daylight
2021-11-18T18:10:00.000,I 95,I 95 and Sr 21,,Rear End,2,Clear,Dry,Dark-Lighted
2021-07-09T14:49:00.000,I 95,I 95 and Sr 21,,Sideswipe-Same Direction,2,Clear,Dry,Daylight
2021-07-26T06:50:00.000,I 95,I 95 and Sr 21,,Rear End,2,Clear,Dry,Daylight
2021-08-23T17:57:00.000,I 95,I 95 and Sr 21,,Rear End,4,Clear,Dry,Daylight
2021-06-11T14:20:00.000,I 95,I 95 and Sr 21,,Rear End,2,Cloudy,Dry,Daylight
2021-04-02T16:05:00.000,I 95,I 95 and Sr 21,,Rear End,2,Clear,Dry,Daylight
2021-04-13T08:33:00.000,I 95,I 95 and Sr 21,,Rear End,2,Clear,Dry,Daylight
2021-06-11T15:08:00.000,I 95,I 95 and Sr 21,,Rear End,2,Cloudy,Wet,Daylight
2021-06-26T18:00:00.000,I 95,I 95 and Sr 21,,Rear End,2,Clear,Dry,Daylight
2021-01-17T19:00:00.000,I 95,I 95 and Sr 21,,Sideswipe-Same Direction,2,Clear,Dry,Dark-Lighted
2021-05-21T15:55:00.000,I 95,I 95 and Sr 21,,Rear End,2,Clear,Dry,Daylight
2021-04-22T13:15:00.000,I 95,I 95 and Sr 21,,Sideswipe-Same Direction,2,Clear,Dry,Daylight
2021-06-02T17:56:00.000,I 95,I 95 and Sr 21,,Not a Collision with Motor Vehicle,1,Cloudy,Dry,Daylight
2021-04-05T11:29:00.000,I 95,I 95 and Sr 21,,Sideswipe-Same Direction,2,Clear,Dry,Daylight
2021-04-06T15:16:00.000,I 95,I 95 and Sr 21,,Rear End,2,Clear,Dry,Daylight
2021-06-24T07:40:00.000,I 95,I 95 and Sr 21,,Not a Collision with Motor Vehicle,2,Clear,Dry,Daylight
2021-01-02T15:00:00.000,I 95,I 95 and Sr 21,,Rear End,2,Rain,Wet,Daylight
2021-04-02T23:55:00.000,I 95,I 95 and Sr 21,,Rear End,2,Clear,Dry,Dark-Lighted
2021-07-02T15:35:00.000,I 95,I 95 and Sr 21,,Rear End,3,Rain,Wet,Daylight
2021-07-16T15:15:00.000,I 95,I 95 and Sr 21,,Not a Collision with Motor Vehicle,3,Clear,Dry,Daylight
2021-12-22T16:40:00.000,I 95,I 95 and Sr 21,,(None),2,(None),(None),(None)
2021-11-28T06:57:00.000,I 95,I 95 and Sr 21,,Head On,1,Clear,Dry,Daylight
2021-10-18T15:40:00.000,I 95,I 95 and Sr 21,,Angle Crash,2,Clear,Dry,Daylight
2021-01-02T15:15:00.000,I 95,I 95 and Sr 21,,Rear End,2,Rain,Wet,Daylight
2021-03-23T21:10:00.000,I 95,I 95 and Sr 21,,Rear End,2,Clear,Dry,Dark-Not Lighted
2021-09-06T06:00:00.000,I 95,I 95 and Sr 21,,Rear End,2,Clear,Dry,Dark-Lighted
2021-10-11T14:25:00.000,I 95,I 95 and Sr 21,,Rear End,2,Cloudy,Dry,Daylight
2021-08-09T16:40:00.000,I 95,I 95 and Sr 21,,Not a Collision with Motor Vehicle,1,Cloudy,Dry,Daylight
2021-08-03T18:17:00.000,I 95,I 95 and Sr 21,,Not a Collision with Motor Vehicle,1,Rain,Wet,Dusk
2021-12-21T15:06:00.000,I 95,I 95 and Sr 21,,Rear End,2,Rain,Wet,Daylight
2021-10-31T08:55:00.000,I 95,I 95 and Sr 21,,Head On,1,Clear,Dry,Dark-Lighted
2021-07-29T10:15:00.000,I 95,I 95 and Sr 21,,Angle Crash,2,Clear,Dry,Daylight
2021-03-15T14:51:00.000,I 95,I 95 and Sr 21,,Rear End,2,Cloudy,Dry,Daylight
2021-06-26T12:34:00.000,I 95,I 95 and Sr 21,,Rear End,2,Rain,Wet,Daylight
2021-05-29T09:15:00.000,I 95,I 95 and Sr 21,,Not a Collision with Motor Vehicle,1,Cloudy,Dry,Daylight
2021-01-03T13:55:00.000,I 95,I 95 and Sr 21,,Rear End,2,Clear,Dry,Daylight
2021-06-28T16:55:00.000,I 95,I 95 and Sr 21,,Rear End,4,Rain,Wet,Daylight
2021-06-04T15:36:00.000,I 95,I 95 and Sr 21,,Rear End,2,Clear,Dry,Daylight
2021-04-13T01:30:00.000,I 95,I 95 and Sr 21,,Angle Crash,2,Clear,Dry,Dark-Lighted
2020-02-24T17:13:00.000,I 95,I 95 and Sr 21,,Not a Collision with Motor Vehicle,1,Rain,Wet,Daylight
2020-10-11T05:45:00.000,I 95,I 95 and Sr 21,,Rear End,2,Clear,Dry,Dark-Not Lighted
2023-12-14T11:55:00.000,I 95,I 95 and Sr 21,,Angle Crash,2,Clear,Dry,Daylight
2023-11-26T19:40:00.000,I 95,I 95 and Sr 21,,Rear End,3,Rain,Wet,Dark-Lighted
2023-02-17T06:10:00.000,I 95,I 95 and Sr 21,,Angle Crash,2,Clear,Dry,Dark-Not Lighted
2023-07-28T14:50:00.000,I 95,I 95 and Sr 21,,Rear End,4,Rain,Wet,Daylight
2023-12-22T13:52:00.000,I 95,I 95 and Sr 21,,Sideswipe-Same Direction,3,Clear,Dry,Daylight
2023-06-23T14:50:00.000,I 95,I 95 and Sr 21,,Rear End,2,Clear,Dry,Daylight
2023-05-03T15:50:00.000,I 95,I 95 and Sr 21,,Sideswipe-Same Direction,2,Clear,Dry,Daylight
2023-09-17T17:01:00.000,I 95,I 95 and Sr 21,,Not a Collision with Motor Vehicle,1,Rain,Wet,Daylight
2023-03-16T15:37:00.000,I 95,I 95 and Sr 21,,Rear End,3,Clear,Dry,Daylight
2023-09-29T21:50:00.000,I 95,I 95 and Sr 21,,Angle Crash,4,Clear,Dry,Dark-Not Lighted
2023-04-15T16:15:00.000,I 95,I 95 and Sr 21,,Rear End,3,Clear,Dry,Daylight
2023-09-01T14:50:00.000,I 95,I 95 and Sr 21,,Angle Crash,3,Clear,Dry,Daylight
2023-05-22T15:37:00.000,I 95,I 95 and Sr 21,,Not a Collision with Motor Vehicle,1,Clear,Dry,Daylight
2023-07-08T04:10:00.000,I 95,I 95 and Sr 21,,Rear End,2,Clear,Dry,Dark-Lighted
2023-07-19T19:35:00.000,I 95,I 95 and Sr 21,,Not a Collision with Motor Vehicle,1,Clear,Dry,Daylight
2023-06-27T13:25:00.000,I 95,I 95 and Sr 21,,Rear End,2,Clear,Dry,Daylight
2023-11-19T17:10:00.000,I 95,I 95 and Sr 21,,Not a Collision with Motor Vehicle,1,Clear,Dry,Dusk
2023-11-21T13:04:00.000,I 95,I 95 and Sr 21,,Rear End,2,Cloudy,Wet,Daylight
2023-06-29T18:08:00.000,I 95,I 95 and Sr 21,,Sideswipe-Same Direction,2,Clear,Dry,Daylight
2023-04-16T17:25:00.000,I 95,I 95 and Sr 21,,Not a Collision with Motor Vehicle,1,Clear,Dry,Daylight
2023-07-31T14:20:00.000,I 95,I 95 and Sr 21,,Sideswipe-Same Direction,2,Clear,Dry,Daylight
2023-06-22T11:05:00.000,I 95,I 95 and Sr 21,,Not a Collision with Motor Vehicle,1,Cloudy,Wet,Daylight
2023-02-02T12:00:00.000,I 95,I 95 and Sr 21,,Sideswipe-Same Direction,2,Cloudy,Dry,Daylight
2023-08-01T17:10:00.000,I 95,I 95 and Sr 21,,Rear End,2,Clear,Dry,Daylight
2023-08-11T15:46:00.000,I 95,I 95 and Sr 21,,Sideswipe-Same Direction,2,Cloudy,Dry,Daylight
2023-09-21T23:58:00.000,I 95,I 95 and Sr 21,,Sideswipe-Same Direction,2,Clear,Dry,Dark-Not Lighted
2023-06-16T13:13:00.000,I 95,I 95 and Sr 21,,Rear End,2,Clear,Dry,Daylight
2023-09-02T01:05:00.000,I 95,I 95 and Sr 21,,Sideswipe-Same Direction,2,Clear,Dry,Dark-Not Lighted
2023-02-17T05:55:00.000,I 95,I 95 and Sr 21,,Rear End,2,Clear,Dry,Dark-Lighted
2023-06-01T12:30:00.000,I 95,I 95 and Sr 21,,Sideswipe-Same Direction,2,Clear,Dry,Daylight
2022-04-22T13:17:00.000,I 95,I 95 and Sr 21,,Rear End,2,Clear,Dry,Daylight
2022-09-06T14:30:00.000,I 95,I 95 and Sr 21,,Sideswipe-Same Direction,2,Clear,Dry,Daylight
2023-09-13T17:08:00.000,I 95,I 95 and Sr 21,,Rear End,2,Clear,Dry,Daylight
2021-03-09T05:45:00.000,I 95,I 95 and Sr 21,,Sideswipe-Same Direction,2,Clear,Dry,Dawn
2020-01-13T17:35:00.000,I 95,I 95 and Sr 21,,Rear End,3,Clear,Dry,Daylight
2020-07-20T05:39:00.000,I 95,I 95 and Sr 21,,Angle Crash,2,Clear,Dry,Dark-Lighted
2020-12-30T21:05:00.000,I 95,I 95 and Sr 21,,Angle Crash,2,Rain,Wet,Dark-Lighted
2020-03-15T13:25:00.000,I 95,I 95 and Sr 21,,Rear End,2,Cloudy,Dry,Daylight
2020-02-07T01:20:00.000,I 95,I 95 and Sr 21,,Rear End,2,Cloudy,Wet,Dark-Lighted
2020-02-07T11:41:00.000,I 95,I 95 and Sr 21,,Not a Collision with Motor Vehicle,1,Clear,Dry,Daylight
2020-10-03T13:46:00.000,I 95,I 95 and Sr 21,,Rear End,2,Clear,Dry,Daylight
2020-11-12T16:44:00.000,I 95,I 95 and Sr 21,,Rear End,2,Cloudy,Wet,Daylight
2020-03-20T15:20:00.000,I 95,I 95 and Sr 21,,Rear End,3,Clear,Dry,Daylight
2020-07-11T17:12:00.000,I 95,I 95 and Sr 21,,Rear End,2,Clear,Dry,Daylight
2020-08-19T16:34:00.000,I 95,I 95 and Sr 21,,Not a Collision with Motor Vehicle,1,Cloudy,Dry,Daylight
2020-03-14T12:40:00.000,I 95,I 95 and Sr 21,,Rear End,2,Clear,Dry,Daylight
2020-04-30T16:31:00.000,I 95,I 95 and Sr 21,,Angle Crash,2,Clear,Dry,Daylight
2020-03-19T16:30:00.000,I 95,I 95 and Sr 21,,Rear End,2,Clear,Dry,Daylight
2020-01-09T18:33:00.000,I 95,I 95 and Sr 21,,Sideswipe-Same Direction,2,Clear,Dry,Dark-Not Lighted
2020-09-20T14:47:00.000,I 95,I 95 and Sr 21,,Not a Collision with Motor Vehicle,1,Cloudy,Dry,Daylight
2020-12-15T15:38:00.000,I 95,I 95 and Sr 21,,Rear End,2,Cloudy,Dry,Daylight
2020-05-14T11:48:00.000,I 95,I 95 and Sr 21,,Sideswipe-Same Direction,2,Clear,Dry,Daylight
2020-10-19T13:02:00.000,I 95,I 95 and Sr 21,,Not a Collision with Motor Vehicle,1,Clear,Dry,Daylight
2020-10-07T15:49:00.000,I 95,I 95 and Sr 21,,Rear End,2,Clear,Dry,Daylight
2020-08-01T12:05:00.000,I 95,I 95 and Sr 21,,Not a Collision with Motor Vehicle,1,Clear,Dry,Daylight
2020-02-27T16:46:00.000,I 95,I 95 and Sr 21,,Sideswipe-Same Direction,2,Clear,Dry,Daylight
2020-03-04T23:20:00.000,I 95,I 95 and Sr 21,,Not a Collision with Motor Vehicle,1,Rain,Wet,Dark-Not Lighted
2020-01-10T10:40:00.000,I 95,I 95 and Sr 21,,Rear End,2,Cloudy,Dry,Daylight
2020-05-16T10:26:00.000,I 95,I 95 and Sr 21,,Rear End,2,Clear,Dry,Daylight
2020-11-25T14:13:00.000,I 95,I 95 and Sr 21,,Rear End,3,Clear,Dry,Daylight
2020-09-05T23:14:00.000,I 95,I 95 and Sr 21,,Not a Collision with Motor Vehicle,1,Clear,Wet,Dark-Not Lighted
2020-08-19T19:14:00.000,I 95,I 95 and Sr 21,,Rear End,2,Cloudy,Wet,Daylight
2020-02-05T17:10:00.000,I 95,I 95 and Sr 21,,Sideswipe-Same Direction,2,Cloudy,Dry,Daylight
2020-02-29T15:55:00.000,I 95,I 95 and Sr 21,,Head On,2,Clear,Dry,Daylight
2020-10-10T04:25:00.000,I 95,I 95 and Sr 21,,Rear End,2,Clear,Dry,Dark-Lighted
2020-09-24T17:00:00.000,I 95,I 95 and Sr 21,,Sideswipe-Same Direction,2,Cloudy,Dry,Daylight
2020-12-30T23:16:00.000,I 95,I 95 and Sr 21,,(None),2,(None),(None),(None)
2020-07-22T21:17:00.000,I 95,I 95 and Sr 21,,Not a Collision with Motor Vehicle,1,Clear,Dry,Dark-Lighted
2020-05-22T20:50:00.000,I 95,I 95 and Sr 21,,Not a Collision with Motor Vehicle,1,Clear,Dry,Daylight
2020-04-09T13:21:00.000,I 95,I 95 and Sr 21,,Rear End,2,Clear,Dry,Daylight
2020-01-30T14:18:00.000,I 95,I 95 and Sr 21,,Sideswipe-Same Direction,2,Clear,Dry,Daylight
2020-05-19T06:58:00.000,I 95,I 95 and Sr 21,,Rear End,2,Clear,Dry,Daylight
2021-02-08T12:30:00.000,I 95,I 95 and Sr 21,,Sideswipe-Same Direction,2,Clear,Dry,Daylight
2021-05-31T12:40:00.000,I 95,I 95 and Sr 21,,Rear End,7,Clear,Dry,Daylight
2021-05-06T13:20:00.000,I 95,I 95 and Sr 21,,Sideswipe-Same Direction,2,Clear,Dry,Daylight
2021-04-20T14:10:00.000,I 95,I 95 and Sr 21,,Not a Collision with Motor Vehicle,1,Clear,Dry,Daylight
2021-04-06T15:55:00.000,I 95,I 95 and Sr 21,,Not a Collision with Motor Vehicle,1,Clear,Dry,Daylight
2021-02-03T10:05:00.000,I 95,I 95 and Sr 21,,Not a Collision with Motor Vehicle,2,Clear,Dry,Daylight
2021-06-12T22:52:00.000,I 95,I 95 and Sr 21,,Not a Collision with Motor Vehicle,1,Cloudy,Wet,Dark-Not Lighted
2021-04-12T17:36:00.000,I 95,I 95 and Sr 21,,Rear End,2,Clear,Dry,Daylight
2021-04-16T07:00:00.000,I 95,I 95 and Sr 21,,Angle Crash,1,Clear,Dry,Daylight
2021-01-04T18:00:00.000,I 95,I 95 and Sr 21,,Rear End,2,Clear,Dry,Dusk
2021-05-26T08:48:00.000,I 95,I 95 and Sr 21,,Angle Crash,2,Clear,Dry,Daylight
2021-04-18T16:27:00.000,I 95,I 95 and Sr 21,,Sideswipe-Same Direction,2,Clear,Dry,Daylight
2021-04-12T00:00:00.000,I 95,I 95 and Sr 21,,Not a Collision with Motor Vehicle,2,Clear,Dry,Daylight
2021-03-19T11:00:00.000,I 95,I 95 and Sr 21,,Sideswipe-Same Direction,2,Clear,Dry,Daylight
2021-11-04T19:20:00.000,I 95,I 95 and Sr 21,,Rear End,3,Clear,Dry,Dark-Not Lighted
2021-12-18T14:06:00.000,I 95,I 95 and Sr 21,,Rear End,3,Clear,Dry,Daylight
2021-10-22T07:04:00.000,I 95,I 95 and Sr 21,,Not a Collision with Motor Vehicle,1,Clear,Dry,Dark-Not Lighted
2021-11-18T16:38:00.000,I 95,I 95 and Sr 21,,Sideswipe-Same Direction,2,Clear,Dry,Daylight
2021-12-27T11:55:00.000,I 95,I 95 and Sr 21,,Sideswipe-Same Direction,2,Clear,Dry,Daylight
2021-12-08T14:30:00.000,I 95,I 95 and Sr 21,,Rear End,2,Rain,Wet,Daylight
2021-11-03T17:50:00.000,I 95,I 95 and Sr 21,,Sideswipe-Same Direction,2,Cloudy,Dry,Daylight
2021-11-09T12:15:00.000,I 95,I 95 and Sr 21,,Sideswipe-Same Direction,2,Clear,Dry,Daylight
2021-09-27T15:40:00.000,I 95,I 95 and Sr 21,,Rear End,2,Clear,Dry,Daylight
2021-10-04T16:30:00.000,I 95,I 95 and Sr 21,,Not a Collision with Motor Vehicle,2,Clear,Dry,Daylight
2022-04-18T13:35:00.000,I 95,I 95 and Sr 21,,Rear End,2,Cloudy,Dry,Daylight
2022-05-02T18:00:00.000,I 95,I 95 and Sr 21,,Rear End,2,Clear,Dry,Daylight
2021-08-21T01:00:00.000,I 95,I 95 and Sr 21,,Sideswipe-Same Direction,2,Clear,Dry,Dark-Not Lighted
2021-10-28T17:25:00.000,I 95,I 95 and Sr 21,,Rear End,2,Cloudy,Wet,Daylight
2021-07-02T16:13:00.000,I 95,I 95 and Sr 21,,Rear End,2,Rain,Wet,Daylight
2022-02-07T10:04:00.000,I 95,I 95 and Sr 21,,Not a Collision with Motor Vehicle,1,Rain,Wet,Daylight
2022-11-26T13:42:00.000,I 95,I 95 and Sr 21,,Rear End,3,Clear,Dry,Daylight
2022-04-15T11:12:00.000,I 95,I 95 and Sr 21,,Rear End,3,Clear,Dry,Daylight
2022-05-03T15:30:00.000,I 95,I 95 and Sr 21,,Rear End,2,Clear,Dry,Daylight
2022-05-24T08:20:00.000,I 95,I 95 and Sr 21,,Not a Collision with Motor Vehicle,1,Clear,Dry,Daylight
2022-05-03T12:00:00.000,I 95,I 95 and Sr 21,,Angle Crash,2,Clear,Dry,Daylight
2022-07-13T17:08:00.000,I 95,I 95 and Sr 21,,Rear End,2,Cloudy,Dry,Daylight
2022-02-22T14:00:00.000,I 95,I 95 and Sr 21,,Not a Collision with Motor Vehicle,1,Clear,Dry,Daylight
2022-09-14T08:34:00.000,I 95,I 95 and Sr 21,,Not a Collision with Motor Vehicle,1,Clear,Dry,Daylight
2022-08-14T00:10:00.000,I 95,I 95 and Sr 21,,Rear End,3,Clear,Dry,Dark-Lighted