Date and Time,Roadway (From Crash Report),Intersection Name (from Crash Report),KABCO Severity,Manner of Collision (Crash Level) ,# of Vehicles per crash ,Weather Conditions (Crash Level),Surface Condition (Crash Level) ,Light Conditions (Crash Level)
2022-06-20T17:30:00.000,I 95,I 95 and Sr 21,,Sideswipe-Same Direction,2,Clear,Dry,Daylight
2022-04-22T13:15:00.000,I 95,I 95 and Sr 21,,Rear End,2,Clear,Dry,Daylight
2022-11-18T16:30:00.000,I 95,I 95 and Sr 21,,Rear End,2,Clear,Dry,Daylight
2021-08-28T10:03:00.000,I 95,I 95 and Sr 21,,Rear End,2,Cloudy,Dry,Daylight
2021-07-09T13:11:00.000,I 95,I 95 and Sr 21,,Rear End,2,Clear,Dry,Daylight
2022-11-01T20:47:00.000,I 95,I 95 and Sr 21,,Rear End,2,Clear,Dry,Dark-Not Lighted
2022-02-16T15:20:00.000,I 95,I 95 and Sr 21,,Sideswipe-Same Direction,2,Clear,Dry,Daylight
2022-07-04T04:19:00.000,I 95,I 95 and Sr 21,,Not a Collision with Motor Vehicle,1,Cloudy,Dry,Dark-Not Lighted
2022-02-10T16:30:00.000,I 95,I 95 and Sr 21,,Rear End,2,Clear,Dry,Daylight
2022-04-18T00:20:00.000,I 95,I 95 and Sr 21,,Rear End,2,Cloudy,Wet,Dark-Lighted
2022-01-03T22:33:00.000,I 95,I 95 and Sr 21,,Not a Collision with Motor Vehicle,2,Clear,Dry,Dark-Lighted
2022-01-27T06:48:00.000,I 95,I 95 and Sr 21,,Sideswipe-Same Direction,2,Clear,Dry,Daylight
2022-01-21T06:25:00.000,I 95,I 95 and Sr 21,,Rear End,2,Rain,Wet,Dark-Not Lighted
2022-03-07T10:30:00.000,I 95,I 95 and Sr 21,,Rear End,2,Clear,Dry,Daylight
2022-12-20T17:50:00.000,I 95,I 95 and Sr 21,,Angle Crash,2,Rain,Wet,Dark-Lighted
2022-07-27T22:29:00.000,I 95,I 95 and Sr 21,,Angle Crash,1,Clear,Dry,Dark-Not Lighted
2022-02-07T18:36:00.000,I 95,I 95 and Sr 21,,Sideswipe-Same Direction,2,Clear,Dry,Dark-Lighted
2022-08-26T06:35:00.000,I 95,I 95 and Sr 21,,Sideswipe-Same Direction,2,Cloudy,Wet,Daylight
2022-03-29T18:57:00.000,I 95,I 95 and Sr 21,,Not a Collision with Motor Vehicle,1,Clear,Dry,Daylight
2022-03-07T09:45:00.000,I 95,I 95 and Sr 21,,Rear End,2,Clear,Dry,Daylight
2022-08-22T15:10:00.000,I 95,I 95 and Sr 21,,Sideswipe-Same Direction,2,Cloudy,Dry,Daylight
2022-12-01T08:32:00.000,I 95,I 95 and Sr 21,,Sideswipe-Same Direction,2,Clear,Dry,Daylight
2022-04-30T12:39:00.000,I 95,I 95 and Sr 21,,Rear End,2,Clear,Dry,Daylight
2022-03-30T11:48:00.000,I 95,I 95 and Sr 21,,Sideswipe-Same Direction,2,Cloudy,Dry,Daylight
2022-06-04T10:20:00.000,I 95,I 95 and Sr 21,,Rear End,2,Clear,Dry,Daylight
2022-07-01T16:14:00.000,I 95,I 95 and Sr 21,,Rear End,2,Cloudy,Wet,Daylight
2022-01-05T13:30:00.000,I 95,I 95 and Sr 21,,Not a Collision with Motor Vehicle,1,Clear,Dry,Daylight
2022-11-09T16:14:00.000,I 95,I 95 and Sr 21,,Sideswipe-Same Direction,2,Clear,Dry,Daylight
2022-02-08T18:30:00.000,I 95,I 95 and Sr 21,,Rear End,4,Clear,Dry,Daylight
2022-04-29T15:40:00.000,I 95,I 95 and Sr 21,,Rear End,2,Clear,Dry,Daylight
2022-08-29T16:35:00.000,I 95,I 95 and Sr 21,,Rear End,2,Rain,Wet,Daylight
2022-12-22T13:30:00.000,I 95,I 95 and Sr 21,,Rear End,2,Cloudy,Dry,Daylight
2022-04-01T16:50:00.000,I 95,I 95 and Sr 21,,Rear End,3,Clear,Dry,Daylight
2022-12-30T13:15:00.000,I 95,I 95 and Sr 21,,Rear End,2,Cloudy,Dry,Daylight
2022-12-29T15:10:00.000,I 95,I 95 and Sr 21,,Rear End,2,Clear,Dry,Daylight
2022-08-03T16:20:00.000,I 95,I 95 and Sr 21,,Rear End,2,Rain,Wet,Daylight
2022-06-17T08:30:00.000,I 95,I 95 and Sr 21,,Sideswipe-Same Direction,2,Clear,Dry,Daylight
2022-05-10T17:20:00.000,I 95,I 95 and Sr 21,,Sideswipe-Same Direction,2,Clear,Dry,Daylight
2022-03-01T15:00:00.000,I 95,I 95 and Sr 21,,Not a Collision with Motor Vehicle,1,Clear,Dry,Daylight
2022-10-22T12:30:00.000,I 95,I 95 and Sr 21,,Rear End,2,Clear,Dry,Daylight
2022-11-26T14:36:00.000,I 95,I 95 and Sr 21,,Rear End,2,Clear,Dry,Daylight
2022-07-01T15:06:00.000,I 95,I 95 and Sr 21,,Rear End,3,Rain,Wet,Daylight
2022-02-25T15:55:00.000,I 95,I 95 and Sr 21,,Rear End,2,Clear,Dry,Daylight
2022-05-20T18:05:00.000,I 95,I 95 and Sr 21,,Not a Collision with Motor Vehicle,1,Clear,Dry,Daylight
2022-04-22T16:43:00.000,I 95,I 95 and Sr 21,,Rear End,2,Clear,Dry,Daylight
2023-04-21T12:34:00.000,I 95,I 95 and Sr 21,,Rear End,3,Clear,Dry,Daylight
2023-02-22T16:25:00.000,I 95,I 95 and Sr 21,,Rear End,2,Clear,Dry,Daylight
2023-04-06T17:25:00.000,I 95,I 95 and Sr 21,,Rear End,2,Clear,Dry,Daylight
2024-01-11T13:05:00.000,I 95,I 95 and Sr 21,,Not a Collision with Motor Vehicle,1,Clear,Dry,Daylight
2024-03-12T16:45:00.000,I 95,I 95 and Sr 21,,Not a Collision with Motor Vehicle,1,Clear,Dry,Daylight
2024-12-20T17:45:00.000,I 95,I 95 and Sr 21,,Rear End,2,Clear,Dry,Dark-Not Lighted
2024-08-22T14:37:00.000,I 95,I 95 and Sr 21,,Sideswipe-Same Direction,2,Clear,Dry,Daylight
2024-01-21T20:15:00.000,I 95,I 95 and Sr 21,,Angle Crash,2,Clear,Dry,Dark-Not Lighted
2024-10-24T17:30:00.000,I 95,I 95 and Sr 21,,Sideswipe-Same Direction,2,Clear,Dry,Daylight
2024-10-29T06:20:00.000,I 95,I 95 and Sr 21,,Sideswipe-Same Direction,2,Cloudy,Dry,Dark-Not Lighted
2024-03-21T14:50:00.000,I 95,I 95 and Sr 21,,Angle Crash,2,Clear,Dry,Daylight
2024-11-24T16:33:00.000,I 95,I 95 and Sr 21,,Sideswipe-Same Direction,2,Clear,Dry,Daylight
2024-04-05T19:50:00.000,I 95,I 95 and Sr 21,,Sideswipe-Same Direction,2,Clear,Dry,Dark-Lighted
2024-07-05T20:45:00.000,I 95,I 95 and Sr 21,,Not a Collision with Motor Vehicle,1,Clear,Dry,Dark-Lighted
2023-01-30T20:18:00.000,I 95,I 95 and Sr 21,,Rear End,2,Clear,Wet,Dark-Not Lighted
2023-05-25T15:12:00.000,I 95,I 95 and Sr 21,,Sideswipe-Same Direction,2,Clear,Dry,Daylight
2023-05-24T16:24:00.000,I 95,I 95 and Sr 21,,Rear End,3,Clear,Dry,Daylight
2024-11-30T14:40:00.000,I 95,I 95 and Sr 21,,Rear End,2,Clear,Dry,Daylight
2024-10-14T16:10:00.000,I 95,I 95 and Sr 21,,Sideswipe-Same Direction,2,Clear,Dry,Daylight
2024-06-19T11:25:00.000,I 95,I 95 and Sr 21,,Sideswipe-Same Direction,2,Clear,Dry,Daylight
2024-08-11T13:00:00.000,I 95,I 95 and Sr 21,,Sideswipe-Same Direction,2,Clear,Dry,Daylight
2023-04-21T12:40:00.000,I 95,I 95 and Sr 21,,Rear End,2,Clear,Dry,Daylight
2023-01-22T18:40:00.000,I 95,I 95 and Sr 21,,Sideswipe-Same Direction,2,Rain,Wet,Dark-Lighted
2023-03-02T05:28:00.000,I 95,I 95 and Sr 21,,Not a Collision with Motor Vehicle,1,Clear,Dry,Dark-Not Lighted
2023-02-02T12:00:00.000,I 95,I 95 and Sr 21,,Sideswipe-Same Direction,2,Cloudy,Dry,Daylight
2023-04-03T20:30:00.000,I 95,I 95 and Sr 21,,Not a Collision with Motor Vehicle,4,Clear,Dry,Dark-Not Lighted
2023-07-21T14:19:00.000,I 95,I 95 and Sr 21,,Rear End,2,Clear,Dry,Daylight
2023-11-22T15:25:00.000,I 95,I 95 and Sr 21,,Rear End,2,Clear,Dry,Daylight
2023-08-01T17:10:00.000,I 95,I 95 and Sr 21,,Rear End,2,Clear,Dry,Daylight
2023-04-14T17:30:00.000,I 95,I 95 and Sr 21,,Rear End,2,Clear,Dry,Daylight
2023-12-23T15:40:00.000,I 95,I 95 and Sr 21,,Rear End,2,Clear,Dry,Daylight
2023-10-26T06:31:00.000,I 95,I 95 and Sr 21,,Angle Crash,2,Clear,Dry,Daylight
2023-10-18T08:45:00.000,I 95,I 95 and Sr 21,,Sideswipe-Same Direction,2,Clear,Dry,Daylight
2023-12-29T17:15:00.000,I 95,I 95 and Sr 21,,Rear End,2,Clear,Dry,Dark-Lighted
2023-04-09T14:01:00.000,I 95,I 95 and Sr 21,,Rear End,4,Cloudy,Dry,Daylight
2023-01-02T19:25:00.000,I 95,I 95 and Sr 21,,Sideswipe-Same Direction,2,Clear,Dry,Dark-Lighted
2023-08-28T15:15:00.000,I 95,I 95 and Sr 21,,Rear End,2,Clear,Dry,Daylight
2023-11-15T17:50:00.000,I 95,I 95 and Sr 21,,Rear End,3,Rain,Wet,Dark-Not Lighted
2023-01-03T17:30:00.000,I 95,I 95 and Sr 21,,Not a Collision with Motor Vehicle,1,Clear,Dry,Dark-Not Lighted
2023-12-29T17:15:00.000,I 95,I 95 and Sr 21,,Sideswipe-Same Direction,2,Clear,Dry,Daylight
2023-04-03T12:50:00.000,I 95,I 95 and Sr 21,,Rear End,3,Cloudy,Dry,Daylight
2023-02-02T12:00:00.000,I 95,I 95 and Sr 21,,Sideswipe-Same Direction,2,Cloudy,Dry,Daylight
2023-03-31T15:25:00.000,I 95,I 95 and Sr 21,,Sideswipe-Same Direction,2,Cloudy,Dry,Daylight
2023-12-19T16:39:00.000,I 95,I 95 and Sr 21,,Rear End,4,Clear,Dry,Daylight
2023-05-09T16:25:00.000,I 95,I 95 and Sr 21,,Not a Collision with Motor Vehicle,2,Clear,Dry,Daylight
2024-05-26T11:55:00.000,I 95,I 95 and Sr 21,,Sideswipe-Same Direction,2,Clear,Dry,Daylight
2024-04-27T16:25:00.000,I 95,I 95 and Sr 21,,Sideswipe-Same Direction,2,Clear,Dry,Daylight
2024-04-28T14:06:00.000,I 95,I 95 and Sr 21,,Sideswipe-Same Direction,2,Clear,Dry,Daylight
2024-11-14T18:35:00.000,I 95,I 95 and Sr 21,,Sideswipe-Same Direction,2,Rain,Wet,Dark-Lighted
2024-12-17T05:15:00.000,I 95,I 95 and Sr 21,,Rear End,3,Rain,Wet,Dark-Lighted
2024-03-29T19:07:00.000,I 95,I 95 and Sr 21,,Angle Crash,2,Clear,Dry,Daylight
2024-04-04T14:08:00.000,I 95,I 95 and Sr 21,,Sideswipe-Same Direction,2,Clear,Dry,Daylight
2024-02-05T16:46:00.000,I 95,I 95 and Sr 21,,Rear End,2,Rain,Wet,Daylight
2024-03-15T01:20:00.000,I 95,I 95 and Sr 21,,Rear End,2,Clear,Dry,Daylight
2024-05-15T19:14:00.000,I 95,I 95 and Sr 21,,Rear End,2,Clear,Dry,Daylight
2024-12-01T11:38:00.000,I 95,I 95 and Sr 21,,Rear End,2,Clear,Dry,Daylight
2024-06-16T04:20:00.000,I 95,I 95 and Sr 21,,Rear End,2,Clear,Dry,Dark-Not Lighted
2024-12-11T15:29:00.000,I 95,I 95 and Sr 21,,Rear End,2,Clear,Dry,Daylight
2024-01-08T17:06:00.000,I 95,I 95 and Sr 21,,Sideswipe-Same Direction,2,Clear,Dry,Daylight
2024-05-06T20:19:00.000,I 95,I 95 and Sr 21,,Head On,1,Rain,Wet,Dark-Lighted
2024-07-22T02:54:00.000,I 95,I 95 and Sr 21,,Not a Collision with Motor Vehicle,1,Cloudy,Wet,Dark-Not Lighted
2024-12-03T16:10:00.000,I 95,I 95 and Sr 21,,Rear End,3,Clear,Dry,Daylight
2024-01-24T17:01:00.000,I 95,I 95 and Sr 21,,Sideswipe-Same Direction,3,Rain,Wet,Daylight
2024-06-02T14:35:00.000,I 95,I 95 and Sr 21,,Sideswipe-Same Direction,2,Clear,Dry,Daylight
2024-01-19T13:33:00.000,I 95,I 95 and Sr 21,,Sideswipe-Same Direction,2,Clear,Dry,Daylight
2024-04-12T14:45:00.000,I 95,I 95 and Sr 21,,Rear End,2,Clear,Dry,Daylight
2024-07-21T23:40:00.000,I 95,I 95 and Sr 21,,Sideswipe-Same Direction,2,Cloudy,Wet,Dark-Not Lighted
2024-06-01T12:05:00.000,I 95,I 95 and Sr 21,,Rear End,2,Clear,Dry,Daylight
2024-03-02T16:00:00.000,I 95,I 95 and Sr 21,,Sideswipe-Same Direction,2,Clear,Dry,Daylight
2024-04-28T13:24:00.000,I 95,I 95 and Sr 21,,Rear End,2,Clear,Dry,Daylight
2024-12-19T12:12:00.000,I 95,I 95 and Sr 21,,Angle Crash,2,Clear,Dry,Daylight
2024-04-02T09:54:00.000,I 95,I 95 and Sr 21,,Sideswipe-Same Direction,2,Clear,Dry,Daylight
2024-12-03T16:52:00.000,I 95,I 95 and Sr 21,,Rear End,2,Clear,Dry,Daylight
2024-07-21T04:11:00.000,I 95,I 95 and Sr 21,,Not a Collision with Motor Vehicle,1,Cloudy,Wet,Dark-Not Lighted
2021-01-16T19:29:00.000,I 95,I 95 and Sr 204,,Not a Collision with Motor Vehicle,3,Clear,Dry,Dark-Not Lighted
2021-02-24T16:08:00.000,I 95,I 95 and Sr 204,,Rear End,2,Clear,Dry,Daylight
2021-01-28T16:58:00.000,I 95,I 95 and Sr 204,,Rear End,2,Clear,Dry,Daylight
2021-05-21T22:50:00.000,I 95,I 95 and Sr 204,,Rear End,2,Clear,Dry,Dark-Not Lighted
2021-03-01T16:31:00.000,I 95,I 95 and Sr 204,,Sideswipe-Same Direction,2,Cloudy,Dry,Daylight
2021-03-05T11:09:00.000,I 95,I 95 and Sr 204,,Not a Collision with Motor Vehicle,1,Clear,Dry,Daylight
2021-06-13T07:35:00.000,I 95,I 95 and Sr 204,,Not a Collision with Motor Vehicle,1,Clear,Wet,Daylight
2021-07-01T12:20:00.000,I 95,I 95 and Sr 204,,Rear End,2,Rain,Wet,Daylight
2021-11-09T21:50:00.000,I 95,I 95 and Sr 204,,Sideswipe-Same Direction,2,Clear,Dry,Dark-Not Lighted
2021-09-22T10:00:00.000,I 95,I 95 and Sr 204,,Rear End,1,Clear,Dry,Daylight
2021-11-17T17:08:00.000,I 95,I 95 and Sr 204,,Angle Crash,1,Clear,Dry,Dark-Not Lighted
2021-10-06T15:47:00.000,I 95,I 95 and Sr 204,,Not a Collision with Motor Vehicle,1,Rain,Wet,Daylight
2021-08-01T14:50:00.000,I 95,I 95 and Sr 204,,Angle Crash,2,Clear,Dry,Daylight
2021-10-08T15:00:00.000,I 95,I 95 and Sr 204,,Rear End,2,Cloudy,Wet,Daylight
2021-05-06T18:49:00.000,I 95,I 95 and Sr 204,,Rear End,2,Clear,Dry,Daylight
2021-04-16T10:32:00.000,I 95,I 95 and Sr 204,,Not a Collision with Motor Vehicle,2,Cloudy,Dry,Daylight
2021-02-27T20:31:00.000,I 95,I 95 and Sr 204,,Not a Collision with Motor Vehicle,2,Clear,Dry,Dark-Not Lighted
2021-05-10T07:44:00.000,I 95,I 95 and Sr 204,,Rear End,2,Clear,Dry,Daylight
2021-02-05T17:21:00.000,I 95,I 95 and Sr 204,,Rear End,2,Rain,Wet,Daylight
2021-01-03T15:20:00.000,I 95,I 95 and Sr 204,,Rear End,3,Clear,Dry,Daylight
2021-01-06T07:45:00.000,I 95,I 95 and Sr 204,,Not a Collision with Motor Vehicle,1,Clear,Dry,Daylight
2021-02-07T01:29:00.000,I 95,I 95 and Sr 204,,Not a Collision with Motor Vehicle,1,Cloudy,Wet,Dark-Lighted
2021-04-17T12:46:00.000,I 95,I 95 and Sr 204,,Sideswipe-Same Direction,2,Clear,Dry,Daylight
2021-06-24T23:31:00.000,I 95,I 95 and Sr 204,,Not a Collision with Motor Vehicle,2,Clear,Dry,Dark-Not Lighted
2021-01-12T07:49:00.000,I 95,I 95 and Sr 204,,Rear End,2,Cloudy,Wet,Daylight
2021-03-28T16:45:00.000,I 95,I 95 and Sr 204,,Rear End,2,Clear,Dry,Daylight
2021-01-24T14:30:00.000,I 95,I 95 and Sr 204,,Rear End,2,Cloudy,Dry,Daylight
2021-08-27T02:19:00.000,I 95,I 95 and Sr 204,,Sideswipe-Same Direction,2,Clear,Dry,Dark-Not Lighted
2021-11-04T14:07:00.000,I 95,I 95 and Sr 204,,Rear End,2,Clear,Dry,Daylight
2021-12-10T18:26:00.000,I 95,I 95 and Sr 204,,Rear End,2,Clear,Dry,Dark-Lighted
2021-10-31T14:07:00.000,I 95,I 95 and Sr 204,,Rear End,2,Clear,Dry,Daylight
2021-07-20T09:25:00.000,I 95,I 95 and Sr 204,,Not a Collision with Motor Vehicle,1,Clear,Dry,Daylight
2021-12-27T16:51:00.000,I 95,I 95 and Sr 204,,Rear End,2,Clear,Dry,Daylight
2021-12-25T06:16:00.000,I 95,I 95 and Sr 204,,Not a Collision with Motor Vehicle,1,Clear,Dry,Dark-Not Lighted
2021-04-07T21:57:00.000,I 95,I 95 and Sr 204,,Angle Crash,2,Clear,Dry,Daylight
2021-04-02T12:45:00.000,I 95,I 95 and Sr 204,,Sideswipe-Same Direction,2,Clear,Dry,Daylight
2021-03-08T17:42:00.000,I 95,I 95 and Sr 204,,Rear End,2,Clear,Dry,Dusk
2021-01-17T14:36:00.000,I 95,I 95 and Sr 204,,Rear End,2,Clear,Dry,Daylight
2021-06-05T23:27:00.000,I 95,I 95 and Sr 204,,Rear End,2,Rain,Wet,Dark-Not Lighted
2021-03-11T11:34:00.000,I 95,I 95 and Sr 204,,Sideswipe-Same Direction,2,Clear,Dry,Daylight
2021-01-02T12:06:00.000,I 95,I 95 and Sr 204,,Rear End,2,Rain,Wet,Daylight
2021-05-01T15:44:00.000,I 95,I 95 and Sr 204,,Sideswipe-Same Direction,2,Clear,Dry,Daylight
2021-04-03T21:23:00.000,I 95,I 95 and Sr 204,,Not a Collision with Motor Vehicle,1,Clear,Dry,Dark-Not Lighted
2021-06-27T05:07:00.000,I 95,I 95 and Sr 204,,Not a Collision with Motor Vehicle,1,Clear,Dry,Dark-Not Lighted
2021-01-01T13:19:00.000,I 95,I 95 and Sr 204,,Sideswipe-Same Direction,2,Clear,Dry,Daylight
2021-01-02T14:34:00.000,I 95,I 95 and Sr 204,,Rear End,2,Cloudy,Wet,Daylight
2021-11-04T17:00:00.000,I 95,I 95 and Sr 204,,Sideswipe-Same Direction,2,Clear,Dry,Daylight
2021-11-12T05:02:00.000,I 95,I 95 and Sr 204,,Angle Crash,3,Clear,Dry,Dark-Not Lighted
2021-07-28T14:17:00.000,I 95,I 95 and Sr 204,,Rear End,2,Clear,Dry,Daylight
2021-12-30T11:20:00.000,I 95,I 95 and Sr 204,,Rear End,3,Clear,Dry,Daylight
2021-10-28T17:24:00.000,I 95,I 95 and Sr 204,,Rear End,2,Cloudy,Wet,Daylight
2021-12-27T12:09:00.000,I 95,I 95 and Sr 204,,Rear End,3,Clear,Dry,Daylight
2021-03-19T15:36:00.000,I 95,I 95 and Sr 204,,Rear End,2,Clear,Dry,Daylight
2021-04-19T12:00:00.000,I 95,I 95 and Sr 204,,Sideswipe-Same Direction,2,Clear,Dry,Daylight
2021-04-23T16:30:00.000,I 95,I 95 and Sr 204,,Rear End,2,Clear,Dry,Daylight
2020-07-24T15:51:00.000,I 95,I 95 and Sr 204,,Rear End,2,Clear,Dry,Daylight
2020-09-04T07:01:00.000,I 95,I 95 and Sr 204,,Sideswipe-Same Direction,2,Clear,Dry,Daylight
2023-01-30T10:03:00.000,I 95,I 95 and Sr 204,,Not a Collision with Motor Vehicle,2,Rain,Wet,Daylight
2023-05-24T14:00:00.000,I 95,I 95 and Sr 204,,Not a Collision with Motor Vehicle,1,Clear,Dry,Daylight
2023-02-27T15:31:00.000,I 95,I 95 and Sr 204,,Sideswipe-Same Direction,2,Clear,Dry,Daylight
2023-04-06T05:05:00.000,I 95,I 95 and Sr 204,,Rear End,2,Clear,Dry,Dark-Not Lighted
2023-06-14T21:09:00.000,I 95,I 95 and Sr 204,,Rear End,2,Rain,Wet,Dark-Lighted
2023-10-12T07:30:00.000,I 95,I 95 and Sr 204,,Rear End,3,Rain,Wet,Daylight
2023-06-23T13:08:00.000,I 95,I 95 and Sr 204,,Angle Crash,1,Cloudy,Dry,Daylight
2023-12-19T11:20:00.000,I 95,I 95 and Sr 204,,Not a Collision with Motor Vehicle,1,Clear,Dry,Daylight
2023-12-20T18:23:00.000,I 95,I 95 and Sr 204,,Rear End,4,Clear,Dry,Dark-Not Lighted
2023-01-27T11:32:00.000,I 95,I 95 and Sr 204,,Rear End,2,Clear,Dry,Daylight
2023-07-14T20:52:00.000,I 95,I 95 and Sr 204,,Rear End,2,Clear,Dry,Daylight
2023-12-18T18:50:00.000,I 95,I 95 and Sr 204,,Not a Collision with Motor Vehicle,1,Clear,Dry,Dark-Not Lighted
2023-03-29T16:31:00.000,I 95,I 95 and Sr 204,,Angle Crash,2,Clear,Dry,Daylight
2023-01-29T14:46:00.000,I 95,I 95 and Sr 204,,Rear End,2,Rain,Wet,Daylight
2023-06-26T09:00:00.000,I 95,I 95 and Sr 204,,Rear End,2,Cloudy,Dry,Daylight
2023-03-19T07:57:00.000,I 95,I 95 and Sr 204,,Rear End,2,Clear,Dry,Daylight
2023-12-21T18:37:00.000,I 95,I 95 and Sr 204,,Rear End,3,Clear,Dry,Dark-Not Lighted
2023-05-18T18:15:00.000,I 95,I 95 and Sr 204,,Rear End,3,Rain,Wet,Daylight
2023-07-28T16:50:00.000,I 95,I 95 and Sr 204,,Rear End,2,Cloudy,Wet,Daylight
2023-04-19T13:30:00.000,I 95,I 95 and Sr 204,,Rear End,2,Clear,Dry,Daylight
2023-05-27T20:34:00.000,I 95,I 95 and Sr 204,,Sideswipe-Same Direction,2,Rain,Wet,Dark-Not Lighted
2023-05-16T03:51:00.000,I 95,I 95 and Sr 204,,Angle Crash,1,Clear,Dry,Dark-Lighted
2023-04-19T16:40:00.000,I 95,I 95 and Sr 204,,Rear End,2,Clear,Dry,Daylight
2023-10-16T10:40:00.000,I 95,I 95 and Sr 204,,Rear End,2,Clear,Dry,Daylight
2023-02-09T13:10:00.000,I 95,I 95 and Sr 204,,Rear End,2,Clear,Dry,Daylight
2023-07-01T11:34:00.000,I 95,I 95 and Sr 204,,Not a Collision with Motor Vehicle,2,Clear,Dry,Daylight
2023-01-26T12:35:00.000,I 95,I 95 and Sr 204,,Sideswipe-Same Direction,2,Clear,Dry,Daylight
2023-01-27T15:08:00.000,I 95,I 95 and Sr 204,,Sideswipe-Same Direction,2,Clear,Dry,Daylight
2023-09-29T00:40:00.000,I 95,I 95 and Sr 204,,Not a Collision with Motor Vehicle,2,Clear,Dry,Dark-Not Lighted
2022-05-27T14:15:00.000,I 95,I 95 and Sr 204,,Rear End,2,Cloudy,Dry,Daylight
2022-03-29T21:49:00.000,I 95,I 95 and Sr 204,,Sideswipe-Same Direction,2,Clear,Dry,Dark-Not Lighted
2022-07-15T03:50:00.000,I 95,I 95 and Sr 204,,Rear End,2,Clear,Dry,Dark-Not Lighted
2021-02-13T20:52:00.000,I 95,I 95 and Sr 204,,Angle Crash,2,Rain,Wet,Dark-Lighted
2024-04-24T13:15:00.000,I 95,I 95 and Sr 204,,Angle Crash,2,Clear,Dry,Daylight
2020-11-25T05:34:00.000,I 95,I 95 and Sr 204,,Not a Collision with Motor Vehicle,1,Clear,Dry,Dark-Not Lighted
2020-04-02T11:52:00.000,I 95,I 95 and Sr 204,,Rear End,2,Clear,Dry,Daylight
2020-12-16T17:10:00.000,I 95,I 95 and Sr 204,,Rear End,3,Rain,Wet,Dusk
2020-08-08T18:51:00.000,I 95,I 95 and Sr 204,,Not a Collision with Motor Vehicle,1,Clear,Dry,Daylight
2020-10-16T12:32:00.000,I 95,I 95 and Sr 204,,Rear End,2,Clear,Dry,Daylight
2020-11-20T13:55:00.000,I 95,I 95 and Sr 204,,Sideswipe-Same Direction,1,Clear,Dry,Daylight
2020-06-08T09:33:00.000,I 95,I 95 and Sr 204,,Not a Collision with Motor Vehicle,1,Cloudy,Dry,Daylight
2020-08-28T04:22:00.000,I 95,I 95 and Sr 204,,Not a Collision with Motor Vehicle,1,Clear,Dry,Dark-Not Lighted
2020-03-08T18:56:00.000,I 95,I 95 and Sr 204,,Sideswipe-Same Direction,2,Clear,Dry,Daylight
2020-08-17T14:15:00.000,I 95,I 95 and Sr 204,,Rear End,2,Clear,Dry,Daylight
2020-01-29T07:20:00.000,I 95,I 95 and Sr 204,,Sideswipe-Same Direction,2,Clear,Dry,Daylight
2020-03-18T06:10:00.000,I 95,I 95 and Sr 204,,Sideswipe-Same Direction,2,Clear,Dry,Dark-Not Lighted
2020-03-02T05:47:00.000,I 95,I 95 and Sr 204,,Rear End,2,Clear,Dry,Dark-Not Lighted
2020-08-31T17:00:00.000,I 95,I 95 and Sr 204,,Sideswipe-Same Direction,2,Rain,Wet,Daylight
2020-03-11T21:40:00.000,I 95,I 95 and Sr 204,,Sideswipe-Same Direction,2,Clear,Dry,Daylight
2020-03-21T19:15:00.000,I 95,I 95 and Sr 204,,Sideswipe-Same Direction,2,Clear,Dry,Daylight
2020-09-17T07:33:00.000,I 95,I 95 and Sr 204,,Not a Collision with Motor Vehicle,1,Cloudy,Wet,Daylight
2020-08-10T15:25:00.000,I 95,I 95 and Sr 204,,Sideswipe-Same Direction,2,Clear,Dry,Daylight
2020-08-21T06:51:00.000,I 95,I 95 and Sr 204,,Sideswipe-Same Direction,2,Clear,Dry,Daylight
2020-05-12T08:28:00.000,I 95,I 95 and Sr 204,,Not a Collision with Motor Vehicle,2,Clear,Dry,Daylight
2020-11-20T22:54:00.000,I 95,I 95 and Sr 204,,Rear End,3,Clear,Dry,Dark-Not Lighted
2020-03-24T23:48:00.000,I 95,I 95 and Sr 204,,Sideswipe-Same Direction,2,Clear,Dry,Dark-Not Lighted
2020-10-13T08:31:00.000,I 95,I 95 and Sr 204,,Rear End,2,Clear,Dry,Daylight
2020-08-17T20:40:00.000,I 95,I 95 and Sr 204,,Not a Collision with Motor Vehicle,2,Clear,Dry,Dark-Not Lighted
2020-03-01T03:57:00.000,I 95,I 95 and Sr 204,,Not a Collision with Motor Vehicle,1,Clear,Dry,Dark-Not Lighted
2020-06-12T15:00:00.000,I 95,I 95 and Sr 204,,Rear End,2,Rain,Wet,Daylight
2020-10-14T16:45:00.000,I 95,I 95 and Sr 204,,Not a Collision with Motor Vehicle,1,Clear,Dry,Daylight
2020-10-18T06:32:00.000,I 95,I 95 and Sr 204,,Not a Collision with Motor Vehicle,2,Clear,Dry,Dark-Not Lighted
2020-01-24T16:44:00.000,I 95,I 95 and Sr 204,,Sideswipe-Same Direction,2,Clear,Dry,Daylight
2020-02-19T08:16:00.000,I 95,I 95 and Sr 204,,Not a Collision with Motor Vehicle,2,Clear,Dry,Daylight
2020-12-18T05:10:00.000,I 95,I 95 and Sr 204,,Not a Collision with Motor Vehicle,1,Clear,Dry,(None)
2020-12-02T15:00:00.000,I 95,I 95 and Sr 204,,Not a Collision with Motor Vehicle,2,Clear,Dry,Daylight
2020-06-30T18:38:00.000,I 95,I 95 and Sr 204,,Not a Collision with Motor Vehicle,1,Rain,Wet,Daylight
2020-10-05T20:28:00.000,I 95,I 95 and Sr 204,,Rear End,2,Clear,Dry,Dark-Not Lighted
2020-08-09T15:45:00.000,I 95,I 95 and Sr 204,,Angle Crash,2,Rain,Wet,Daylight
2020-12-16T16:00:00.000,I 95,I 95 and Sr 204,,Rear End,2,Rain,Wet,Daylight
2020-12-12T20:16:00.000,I 95,I 95 and Sr 204,,Sideswipe-Same Direction,2,Rain,Wet,Dark-Not Lighted