Date and Time,Roadway (From Crash Report),Intersection Name (from Crash Report),KABCO Severity,Manner of Collision (Crash Level) ,# of Vehicles per crash ,Weather Conditions (Crash Level),Surface Condition (Crash Level) ,Light Conditions (Crash Level)
2020-01-01T15:30:00.000,I 95,I 95 and Sr 204,,Rear End,2,Clear,Dry,Daylight
2020-12-09T09:55:00.000,I 95,I 95 and Sr 204,,Not a Collision with Motor Vehicle,1,Clear,Dry,Daylight
2020-01-06T13:34:00.000,I 95,I 95 and Sr 204,,Not a Collision with Motor Vehicle,1,Clear,Dry,Daylight
2020-11-02T05:28:00.000,I 95,I 95 and Sr 204,,Sideswipe-Same Direction,2,Clear,Dry,Daylight
2020-08-17T14:40:00.000,I 95,I 95 and Sr 204,,Rear End,2,Clear,Dry,Daylight
2020-02-21T15:30:00.000,I 95,I 95 and Sr 204,,Rear End,3,Clear,Dry,Daylight
2020-09-09T13:41:00.000,I 95,I 95 and Sr 204,,Sideswipe-Same Direction,2,Cloudy,Wet,Daylight
2020-12-02T06:26:00.000,I 95,I 95 and Sr 204,,Rear End,2,Clear,Dry,Dark-Lighted
2020-04-24T15:41:00.000,I 95,I 95 and Sr 204,,Sideswipe-Same Direction,2,Clear,Dry,Daylight
2020-08-17T06:53:00.000,I 95,I 95 and Sr 204,,Head On,1,Clear,Dry,Daylight
2020-08-26T18:32:00.000,I 95,I 95 and Sr 204,,Rear End,2,Rain,Wet,Daylight
2020-06-12T15:03:00.000,I 95,I 95 and Sr 204,,Rear End,2,Rain,Wet,Daylight
2020-02-23T15:46:00.000,I 95,I 95 and Sr 204,,Sideswipe-Same Direction,2,Clear,Dry,Daylight
2020-05-25T20:50:00.000,I 95,I 95 and Sr 204,,Sideswipe-Same Direction,2,Clear,Dry,Dark-Not Lighted
2020-03-02T08:00:00.000,I 95,I 95 and Sr 204,,Rear End,2,Cloudy,Dry,Daylight
2020-03-12T15:40:00.000,I 95,I 95 and Sr 204,,Sideswipe-Same Direction,2,Cloudy,Dry,Daylight
2020-01-06T14:58:00.000,I 95,I 95 and Sr 204,,Rear End,2,Clear,Dry,Daylight
2020-11-13T14:29:00.000,I 95,I 95 and Sr 204,,Not a Collision with Motor Vehicle,2,Clear,Dry,Daylight
2020-04-03T07:38:00.000,I 95,I 95 and Sr 204,,Not a Collision with Motor Vehicle,1,Clear,Dry,Daylight
2020-09-09T14:00:00.000,I 95,I 95 and Sr 204,,Rear End,3,Rain,Dry,Daylight
2020-09-24T20:24:00.000,I 95,I 95 and Sr 204,,Rear End,2,Clear,Dry,Dark-Not Lighted
2020-08-09T06:14:00.000,I 95,I 95 and Sr 204,,Rear End,2,Clear,Dry,Dawn
2020-10-19T12:01:00.000,I 95,I 95 and Sr 204,,Sideswipe-Same Direction,2,Clear,Dry,Daylight
2020-03-02T06:10:00.000,I 95,I 95 and Sr 204,,Rear End,2,Clear,Dry,Dawn
2020-03-06T04:10:00.000,I 95,I 95 and Sr 204,,Sideswipe-Same Direction,2,Cloudy,Wet,Dark-Not Lighted
2020-03-13T04:28:00.000,I 95,I 95 and Sr 204,,Not a Collision with Motor Vehicle,1,Clear,Dry,Dark-Lighted
2020-11-05T07:42:00.000,I 95,I 95 and Sr 204,,(None),2,(None),(None),(None)
2021-02-09T16:15:00.000,I 95,I 95 and Sr 204,,Not a Collision with Motor Vehicle,1,Clear,Wet,Daylight
2021-04-09T12:47:00.000,I 95,I 95 and Sr 204,,Rear End,2,Cloudy,Dry,Daylight
2021-03-15T13:55:00.000,I 95,I 95 and Sr 204,,Sideswipe-Same Direction,2,Cloudy,Dry,Daylight
2021-05-12T23:20:00.000,I 95,I 95 and Sr 204,,Not a Collision with Motor Vehicle,1,Cloudy,Wet,Dark-Not Lighted
2021-04-05T15:50:00.000,I 95,I 95 and Sr 204,,Rear End,2,Clear,Dry,Daylight
2021-05-03T17:05:00.000,I 95,I 95 and Sr 204,,Sideswipe-Same Direction,2,Clear,Dry,Daylight
2021-04-07T06:02:00.000,I 95,I 95 and Sr 204,,Sideswipe-Same Direction,3,Clear,Dry,Dawn
2021-01-14T10:30:00.000,I 95,I 95 and Sr 204,,Sideswipe-Same Direction,1,Clear,Dry,Daylight
2021-03-08T03:12:00.000,I 95,I 95 and Sr 204,,Rear End,2,Clear,Dry,Dark-Not Lighted
2021-01-02T13:40:00.000,I 95,I 95 and Sr 204,,Rear End,4,Rain,Wet,Daylight
2021-09-29T17:55:00.000,I 95,I 95 and Sr 204,,Rear End,2,Clear,Dry,Daylight
2021-07-20T12:21:00.000,I 95,I 95 and Sr 204,,Rear End,2,Rain,Wet,Dusk
2021-11-28T15:55:00.000,I 95,I 95 and Sr 204,,Rear End,2,Clear,Dry,Daylight
2021-07-15T17:46:00.000,I 95,I 95 and Sr 204,,Rear End,2,Clear,Dry,Daylight
2021-07-20T12:06:00.000,I 95,I 95 and Sr 204,,Rear End,2,Rain,Wet,Daylight
2021-09-08T05:45:00.000,I 95,I 95 and Sr 204,,Rear End,2,Rain,Wet,Dark-Not Lighted
2021-12-16T16:18:00.000,I 95,I 95 and Sr 204,,Sideswipe-Same Direction,2,Rain,Wet,Daylight
2021-11-08T20:13:00.000,I 95,I 95 and Sr 204,,Angle Crash,2,Clear,Dry,Dark-Lighted
2021-12-17T10:57:00.000,I 95,I 95 and Sr 204,,Sideswipe-Same Direction,2,Clear,Dry,Daylight
2021-08-06T15:50:00.000,I 95,I 95 and Sr 204,,Rear End,2,Cloudy,Wet,Daylight
2021-07-01T18:00:00.000,I 95,I 95 and Sr 204,,Rear End,2,Clear,Dry,Daylight
2021-11-09T02:55:00.000,I 95,I 95 and Sr 204,,Not a Collision with Motor Vehicle,1,Clear,Dry,Dark-Lighted
2021-09-03T16:41:00.000,I 95,I 95 and Sr 204,,Sideswipe-Same Direction,3,Clear,Dry,Daylight
2022-02-15T17:11:00.000,I 95,I 95 and Sr 204,,Not a Collision with Motor Vehicle,1,Clear,Dry,Daylight
2022-07-21T16:09:00.000,I 95,I 95 and Sr 204,,Not a Collision with Motor Vehicle,1,Rain,Wet,Daylight
2022-02-16T16:25:00.000,I 95,I 95 and Sr 204,,Rear End,2,Clear,Dry,Daylight
2021-07-29T13:22:00.000,I 95,I 95 and Sr 204,,Sideswipe-Same Direction,2,Clear,Dry,Daylight
2021-09-24T11:30:00.000,I 95,I 95 and Sr 204,,Rear End,2,Clear,Dry,Daylight
2021-10-21T02:50:00.000,I 95,I 95 and Sr 204,,Not a Collision with Motor Vehicle,1,Clear,Dry,Dark-Not Lighted
2021-12-30T16:34:00.000,I 95,I 95 and Sr 204,,Rear End,2,Clear,Dry,Daylight
2021-10-14T18:00:00.000,I 95,I 95 and Sr 204,,Rear End,3,Clear,Dry,Daylight
2021-08-16T05:48:00.000,I 95,I 95 and Sr 204,,Rear End,2,Rain,Wet,Dark-Lighted
2021-10-02T10:20:00.000,I 95,I 95 and Sr 204,,Sideswipe-Same Direction,2,Clear,Dry,Daylight
2021-08-29T15:30:00.000,I 95,I 95 and Sr 204,,Not a Collision with Motor Vehicle,1,Clear,Dry,Daylight
2022-06-06T16:50:00.000,I 95,I 95 and Sr 204,,Angle Crash,2,Clear,Dry,Daylight
2022-04-04T18:27:00.000,I 95,I 95 and Sr 204,,Rear End,2,Clear,Dry,Daylight
2022-10-26T06:40:00.000,I 95,I 95 and Sr 204,,Sideswipe-Same Direction,2,Clear,Dry,Dark-Lighted
2022-11-11T16:00:00.000,I 95,I 95 and Sr 204,,Not a Collision with Motor Vehicle,1,Cloudy,Wet,Daylight
2022-07-01T00:25:00.000,I 95,I 95 and Sr 204,,Rear End,2,Rain,Wet,Dark-Not Lighted
2022-03-24T08:25:00.000,I 95,I 95 and Sr 204,,Rear End,2,Cloudy,Wet,Daylight
2022-03-22T10:40:00.000,I 95,I 95 and Sr 204,,Sideswipe-Same Direction,2,Clear,Dry,Daylight
2022-07-10T15:23:00.000,I 95,I 95 and Sr 204,,Rear End,3,Rain,Wet,Daylight
2022-04-30T21:15:00.000,I 95,I 95 and Sr 204,,Sideswipe-Same Direction,2,Clear,Dry,Dark-Not Lighted
2022-12-22T18:24:00.000,I 95,I 95 and Sr 204,,Rear End,2,Rain,Wet,Dark-Not Lighted
2022-03-19T11:45:00.000,I 95,I 95 and Sr 204,,Not a Collision with Motor Vehicle,2,Clear,Dry,Daylight
2022-09-09T02:17:00.000,I 95,I 95 and Sr 204,,Not a Collision with Motor Vehicle,1,Cloudy,Wet,Dark-Not Lighted
2022-02-19T08:09:00.000,I 95,I 95 and Sr 204,,Rear End,3,Clear,Dry,Daylight
2022-02-28T16:57:00.000,I 95,I 95 and Sr 204,,Rear End,2,Clear,Dry,Daylight
2022-06-15T08:29:00.000,I 95,I 95 and Sr 204,,Rear End,2,Clear,Dry,Daylight
2021-12-27T12:09:00.000,I 95,I 95 and Sr 204,,Rear End,3,Clear,Dry,Daylight
2021-11-27T11:54:00.000,I 95,I 95 and Sr 204,,Rear End,2,Clear,Dry,Daylight
2021-10-01T03:50:00.000,I 95,I 95 and Sr 204,,Sideswipe-Same Direction,2,Clear,Dry,Dark-Not Lighted
2022-11-27T12:42:00.000,I 95,I 95 and Sr 204,,Rear End,2,Rain,Wet,Daylight
2022-06-24T18:30:00.000,I 95,I 95 and Sr 204,,Not a Collision with Motor Vehicle,2,Clear,Dry,Daylight
2022-12-21T18:30:00.000,I 95,I 95 and Sr 204,,Sideswipe-Same Direction,2,Clear,Dry,Dark-Lighted
2022-04-06T17:55:00.000,I 95,I 95 and Sr 204,,Sideswipe-Same Direction,2,Clear,Dry,Daylight
2022-11-13T17:23:00.000,I 95,I 95 and Sr 204,,Sideswipe-Same Direction,2,Clear,Dry,Dusk
2022-12-27T17:18:00.000,I 95,I 95 and Sr 204,,Rear End,3,Clear,Dry,Dark-Not Lighted
2022-11-30T13:51:00.000,I 95,I 95 and Sr 204,,Not a Collision with Motor Vehicle,2,Cloudy,Dry,Daylight
2022-04-15T19:19:00.000,I 95,I 95 and Sr 204,,Sideswipe-Same Direction,2,Clear,Dry,Dusk
2022-05-19T11:38:00.000,I 95,I 95 and Sr 204,,Rear End,2,Clear,Dry,Daylight
2022-11-13T14:07:00.000,I 95,I 95 and Sr 204,,Sideswipe-Same Direction,2,Clear,Dry,Daylight
2022-08-22T16:50:00.000,I 95,I 95 and Sr 204,,Angle Crash,3,Clear,Dry,Daylight
2022-11-27T13:21:00.000,I 95,I 95 and Sr 204,,Rear End,2,Clear,Dry,Daylight
2022-11-13T15:05:00.000,I 95,I 95 and Sr 204,,Rear End,3,Clear,Dry,Daylight
2022-12-23T18:17:00.000,I 95,I 95 and Sr 204,,Angle Crash,2,Clear,Dry,Dark-Not Lighted
2022-03-23T11:35:00.000,I 95,I 95 and Sr 204,,Not a Collision with Motor Vehicle,2,Cloudy,Dry,Daylight
2022-07-03T03:05:00.000,I 95,I 95 and Sr 204,,Not a Collision with Motor Vehicle,1,Clear,Wet,Dark-Not Lighted
2022-11-23T15:54:00.000,I 95,I 95 and Sr 204,,Not a Collision with Motor Vehicle,1,Clear,Dry,Daylight
2022-10-10T14:54:00.000,I 95,I 95 and Sr 204,,Angle Crash,2,Cloudy,Dry,Daylight
2022-03-28T05:14:00.000,I 95,I 95 and Sr 204,,Sideswipe-Same Direction,2,Clear,Dry,Dark-Not Lighted
2022-12-09T18:09:00.000,I 95,I 95 and Sr 204,,Rear End,2,Clear,Dry,Dark-Lighted
2022-02-26T01:51:00.000,I 95,I 95 and Sr 204,,Rear End,2,Clear,Dry,Dark-Not Lighted
2022-12-19T09:00:00.000,I 95,I 95 and Sr 204,,Not a Collision with Motor Vehicle,1,Clear,Dry,Daylight
2022-02-02T20:00:00.000,I 95,I 95 and Sr 204,,Sideswipe-Same Direction,2,Clear,Dry,Dark-Not Lighted
2022-07-08T20:15:00.000,I 95,I 95 and Sr 204,,Rear End,2,Cloudy,Wet,Dusk
2022-02-13T00:10:00.000,I 95,I 95 and Sr 204,,Rear End,2,Clear,Dry,Dark-Not Lighted
2022-02-15T07:47:00.000,I 95,I 95 and Sr 204,,Rear End,2,Clear,Dry,Daylight
2022-12-22T17:25:00.000,I 95,I 95 and Sr 204,,Rear End,3,Cloudy,Dry,Dark-Not Lighted
2022-10-07T14:14:00.000,I 95,I 95 and Sr 204,,Not a Collision with Motor Vehicle,2,Clear,Dry,Daylight
2022-12-06T17:27:00.000,I 95,I 95 and Sr 204,,Sideswipe-Same Direction,2,Clear,Dry,Dark-Lighted
2022-11-11T16:45:00.000,I 95,I 95 and Sr 204,,Rear End,2,Clear,Wet,Dawn
2022-05-19T12:16:00.000,I 95,I 95 and Sr 204,,Rear End,2,Clear,Dry,Daylight
2022-01-28T04:22:00.000,I 95,I 95 and Sr 204,,Angle Crash,2,Clear,Dry,Dark-Not Lighted
2022-02-27T16:17:00.000,I 95,I 95 and Sr 204,,Not a Collision with Motor Vehicle,1,Clear,Dry,Daylight
2022-02-03T14:09:00.000,I 95,I 95 and Sr 204,,Not a Collision with Motor Vehicle,1,Clear,Dry,Daylight
2022-01-01T13:20:00.000,I 95,I 95 and Sr 204,,Rear End,3,Clear,Dry,Daylight
2022-05-19T11:48:00.000,I 95,I 95 and Sr 204,,Rear End,2,Clear,Dry,Daylight
2022-11-27T12:42:00.000,I 95,I 95 and Sr 204,,Rear End,2,Rain,Wet,Daylight
2022-05-12T00:25:00.000,I 95,I 95 and Sr 204,,Sideswipe-Same Direction,2,Clear,Dry,Dark-Lighted
2022-01-07T16:45:00.000,I 95,I 95 and Sr 204,,Rear End,3,Clear,Dry,Daylight
2022-04-19T07:46:00.000,I 95,I 95 and Sr 204,,Rear End,2,Clear,Dry,Daylight
2022-02-21T22:44:00.000,I 95,I 95 and Sr 204,,Sideswipe-Same Direction,2,Clear,Dry,Dark-Not Lighted
2023-08-14T06:20:00.000,I 95,I 95 and Sr 204,,Angle Crash,2,Clear,Dry,Daylight
2023-06-14T20:10:00.000,I 95,I 95 and Sr 204,,Not a Collision with Motor Vehicle,1,Rain,Wet,Dark-Not Lighted
2023-11-19T18:09:00.000,I 95,I 95 and Sr 204,,Rear End,2,Clear,Dry,Dark-Lighted
2023-09-05T06:48:00.000,I 95,I 95 and Sr 204,,Angle Crash,2,Clear,Dry,Daylight
2024-07-25T14:36:00.000,I 95,I 95 and Sr 204,,Sideswipe-Same Direction,2,Clear,Dry,Daylight
2024-01-16T13:10:00.000,I 95,I 95 and Sr 204,,Sideswipe-Same Direction,2,Cloudy,Dry,Daylight
2024-01-17T21:12:00.000,I 95,I 95 and Sr 204,,Angle Crash,2,Clear,Dry,Dark-Lighted
2024-12-22T06:49:00.000,I 95,I 95 and Sr 204,,Sideswipe-Same Direction,2,Clear,Dry,Dark-Not Lighted
2024-05-03T10:40:00.000,I 95,I 95 and Sr 204,,Not a Collision with Motor Vehicle,2,Clear,Dry,Daylight
2024-10-31T19:33:00.000,I 95,I 95 and Sr 204,,Angle Crash,2,Clear,Dry,Dark-Not Lighted
2024-01-26T19:29:00.000,I 95,I 95 and Sr 204,,Angle Crash,3,Clear,Dry,Dark-Lighted
2024-11-04T15:34:00.000,I 95,I 95 and Sr 204,,Sideswipe-Same Direction,2,Cloudy,Wet,Daylight
2024-05-16T12:02:00.000,I 95,I 95 and Sr 204,,Rear End,2,Clear,Dry,Daylight
2024-04-20T15:30:00.000,I 95,I 95 and Sr 204,,Sideswipe-Same Direction,2,Clear,Dry,Daylight
2024-01-05T07:02:00.000,I 95,I 95 and Sr 204,,Sideswipe-Same Direction,2,Clear,Dry,Daylight
2024-04-28T10:35:00.000,I 95,I 95 and Sr 204,,Rear End,2,Clear,Dry,Daylight
2024-12-20T19:30:00.000,I 95,I 95 and Sr 204,,Not a Collision with Motor Vehicle,1,Clear,Dry,Dark-Not Lighted
2024-04-23T10:12:00.000,I 95,I 95 and Sr 204,,Sideswipe-Same Direction,2,Clear,Dry,Daylight
2024-07-08T18:31:00.000,I 95,I 95 and Sr 204,,Rear End,2,Cloudy,Wet,Daylight
2024-12-25T06:08:00.000,I 95,I 95 and Sr 204,,Rear End,2,Clear,Dry,Dark-Lighted
2023-09-28T06:00:00.000,I 95,I 95 and Sr 204,,Sideswipe-Same Direction,2,Clear,Dry,Dark-Not Lighted
2023-04-10T09:44:00.000,I 95,I 95 and Sr 204,,Not a Collision with Motor Vehicle,1,Clear,Dry,Daylight
2024-12-20T19:35:00.000,I 95,I 95 and Sr 204,,Not a Collision with Motor Vehicle,1,Clear,Dry,Dark-Lighted
2023-07-17T14:21:00.000,I 95,I 95 and Sr 204,,Not a Collision with Motor Vehicle,2,Clear,Dry,Daylight
2023-02-17T16:45:00.000,I 95,I 95 and Sr 204,,Rear End,2,Clear,Dry,Daylight
2023-01-07T10:30:00.000,I 95,I 95 and Sr 204,,Angle Crash,2,Clear,Dry,Daylight
2023-08-04T07:55:00.000,I 95,I 95 and Sr 204,,Rear End,2,Clear,Dry,Daylight
2023-08-04T01:36:00.000,I 95,I 95 and Sr 204,,Rear End,2,Cloudy,Wet,Dark-Not Lighted
2023-10-27T01:06:00.000,I 95,I 95 and Sr 204,,Rear End,2,Clear,Dry,Dark-Not Lighted
2023-02-17T12:03:00.000,I 95,I 95 and Sr 204,,Sideswipe-Same Direction,2,Cloudy,Dry,Daylight
2023-10-12T07:37:00.000,I 95,I 95 and Sr 204,,Sideswipe-Same Direction,2,Rain,Wet,Daylight
2023-10-18T12:15:00.000,I 95,I 95 and Sr 204,,Rear End,2,Clear,Wet,Daylight
2023-09-21T21:00:00.000,I 95,I 95 and Sr 204,,Sideswipe-Same Direction,2,Clear,Dry,Dark-Lighted
2023-05-08T18:23:00.000,I 95,I 95 and Sr 204,,Rear End,2,Clear,Dry,Daylight
2023-04-19T13:33:00.000,I 95,I 95 and Sr 204,,(None),2,(None),(None),(None)
2023-10-06T20:30:00.000,I 95,I 95 and Sr 204,,Sideswipe-Same Direction,2,Clear,Dry,Dark-Not Lighted
2023-02-09T13:44:00.000,I 95,I 95 and Sr 204,,Not a Collision with Motor Vehicle,2,Clear,Dry,Daylight
2023-10-18T17:40:00.000,I 95,I 95 and Sr 204,,Rear End,2,Clear,Dry,Daylight
2023-06-17T06:20:00.000,I 95,I 95 and Sr 204,,Not a Collision with Motor Vehicle,1,Clear,Dry,Dawn
2023-04-27T18:07:00.000,I 95,I 95 and Sr 204,,Rear End,2,Rain,Wet,Dusk
2024-09-24T13:30:00.000,I 95,I 95 and Sr 204,,Angle Crash,2,Clear,Dry,Daylight
2024-09-01T03:35:00.000,I 95,I 95 and Sr 204,,Sideswipe-Same Direction,2,Clear,Dry,Dark-Lighted
2024-12-19T17:54:00.000,I 95,I 95 and Sr 204,,Rear End,2,Clear,Dry,Dark-Not Lighted
2024-08-13T09:10:00.000,I 95,I 95 and Sr 204,,Rear End,2,Clear,Dry,Daylight
2024-11-28T19:42:00.000,I 95,I 95 and Sr 204,,Sideswipe-Same Direction,2,Cloudy,Wet,Dark-Not Lighted
2024-06-16T17:50:00.000,I 95,I 95 and Sr 204,,Rear End,2,Clear,Dry,Daylight
2024-11-28T15:11:00.000,I 95,I 95 and Sr 204,,Rear End,2,Clear,Dry,Daylight
2024-02-05T07:30:00.000,I 95,I 95 and Sr 204,,Rear End,3,Clear,Dry,Daylight
2024-06-13T10:57:00.000,I 95,I 95 and Sr 204,,Rear End,2,Cloudy,Dry,Daylight
2024-04-22T15:58:00.000,I 95,I 95 and Sr 204,,Sideswipe-Same Direction,2,Clear,Dry,Daylight
2024-08-03T15:00:00.000,I 95,I 95 and Sr 204,,Rear End,2,Clear,Dry,Daylight
2024-04-05T07:45:00.000,I 95,I 95 and Sr 204,,Sideswipe-Same Direction,2,Clear,Dry,Daylight
2024-07-01T15:55:00.000,I 95,I 95 and Sr 204,,Sideswipe-Same Direction,2,Rain,Wet,Daylight
2024-09-22T17:24:00.000,I 95,I 95 and Sr 204,,Head On,2,Clear,Dry,Daylight
2024-07-11T17:40:00.000,I 95,I 95 and Sr 204,,Sideswipe-Same Direction,2,Clear,Dry,Daylight
2024-12-30T19:04:00.000,I 95,I 95 and Sr 204,,Not a Collision with Motor Vehicle,1,Clear,Dry,Dark-Not Lighted
2024-08-16T17:08:00.000,I 95,I 95 and Sr 204,,Rear End,2,Clear,Dry,Daylight
2024-12-01T18:16:00.000,I 95,I 95 and Sr 204,,Rear End,2,Clear,Dry,Dark-Not Lighted
2024-04-04T09:20:00.000,I 95,I 95 and Sr 204,,Rear End,2,Clear,Dry,Daylight
2024-01-29T07:30:00.000,I 95,I 95 and Sr 204,,Not a Collision with Motor Vehicle,1,Clear,Dry,Daylight
2024-04-06T08:50:00.000,I 95,I 95 and Sr 204,,Rear End,2,Clear,Dry,Daylight
2024-06-21T17:40:00.000,I 95,I 95 and Sr 204,,Rear End,2,Rain,Wet,Daylight
2024-08-03T10:40:00.000,I 95,I 95 and Sr 204,,Sideswipe-Same Direction,2,Clear,Dry,Daylight
2024-11-06T15:45:00.000,I 95,I 95 and Sr 204,,Sideswipe-Same Direction,2,Clear,Dry,Daylight
2024-08-30T17:30:00.000,I 95,I 95 and Sr 204,,Rear End,2,Clear,Dry,Daylight
2024-06-09T12:20:00.000,I 95,I 95 and Sr 204,,Rear End,2,Clear,Dry,Daylight
2024-07-17T02:00:00.000,I 95,I 95 and Sr 204,,Sideswipe-Same Direction,2,Cloudy,Dry,Dark-Not Lighted
2024-09-19T16:40:00.000,I 95,I 95 and Sr 204,,Sideswipe-Same Direction,2,Clear,Dry,Daylight
2024-01-11T08:30:00.000,I 95,I 95 and Sr 204,,Sideswipe-Same Direction,2,Clear,Dry,Daylight
2024-08-28T18:13:00.000,I 95,I 95 and Sr 204,,Sideswipe-Same Direction,3,Clear,Dry,Daylight
2024-12-20T19:35:00.000,I 95,I 95 and Sr 204,,Not a Collision with Motor Vehicle,1,Cloudy,Dry,Dark-Lighted
2024-01-15T18:42:00.000,I 95,I 95 and Sr 204,,Not a Collision with Motor Vehicle,1,Clear,Dry,Dark-Lighted
2024-07-11T11:10:00.000,I 95,I 95 and Sr 204,,Rear End,2,Clear,Dry,Daylight
2024-12-20T19:35:00.000,I 95,I 95 and Sr 204,,Not a Collision with Motor Vehicle,1,Clear,Dry,Dark-Not Lighted
2024-04-14T14:00:00.000,I 95,I 95 and Sr 204,,Angle Crash,2,Clear,Dry,Daylight
2024-08-30T12:05:00.000,I 95,I 95 and Sr 204,,Rear End,2,Clear,Dry,Daylight
2024-07-14T16:15:00.000,I 95,I 95 and Sr 204,,Rear End,2,Cloudy,Wet,(None)
2024-08-07T19:30:00.000,I 95,I 95 and Sr 204,,Not a Collision with Motor Vehicle,1,Clear,Dry,Daylight
2024-01-01T12:05:00.000,I 95,I 95 and Sr 204,,Sideswipe-Same Direction,2,Clear,Dry,Daylight
2024-07-24T14:05:00.000,I 95,I 95 and Sr 204,,Rear End,2,Clear,Dry,Daylight
2024-04-18T06:42:00.000,I 95,I 95 and Sr 204,,Rear End,2,Clear,Dry,Dusk
2024-02-02T08:12:00.000,I 95,I 95 and Sr 204,,Sideswipe-Same Direction,2,Clear,Dry,Daylight
2024-12-17T14:48:00.000,I 95,I 95 and Sr 204,,Sideswipe-Same Direction,2,Clear,Dry,Daylight
2024-12-21T17:00:00.000,I 95,I 95 and Sr 204,,Rear End,2,Clear,Dry,Daylight
2024-11-28T19:01:00.000,I 95,I 95 and Sr 204,,Not a Collision with Motor Vehicle,1,Cloudy,Wet,Dark-Not Lighted
2024-01-26T10:25:00.000,I 95,I 95 and Sr 204,,Not a Collision with Motor Vehicle,1,Cloudy,Dry,Daylight
2024-06-21T17:50:00.000,I 95,I 95 and Sr 204,,Rear End,2,Rain,Wet,Daylight
2024-11-22T16:30:00.000,I 95,I 95 and Sr 204,,Sideswipe-Same Direction,2,Clear,Dry,Daylight
2024-07-11T17:48:00.000,I 95,I 95 and Sr 204,,Sideswipe-Same Direction,3,Clear,Dry,Daylight
2024-10-25T17:55:00.000,I 95,I 95 and Sr 204,,Sideswipe-Same Direction,2,Clear,Dry,Dawn
2024-07-05T17:00:00.000,I 95,I 95 and Sr 204,,Sideswipe-Same Direction,2,Clear,Dry,Daylight
2024-04-04T14:10:00.000,I 95,I 95 and Sr 204,,Sideswipe-Same Direction,2,Clear,Dry,Daylight
2024-12-06T17:20:00.000,I 95,I 95 and Sr 204,,Rear End,2,Clear,Dry,Dawn
2021-05-05T10:35:00.000,I 95,I 95 and Sr 144,,Sideswipe-Same Direction,2,Cloudy,Dry,Daylight
2021-03-19T17:59:00.000,I 95,I 95 and Sr 144,,Rear End,2,Cloudy,Dry,Daylight
2021-07-08T19:21:00.000,I 95,I 95 and Sr 144,,Not a Collision with Motor Vehicle,1,Cloudy,Wet,Daylight
2021-11-09T15:45:00.000,I 95,I 95 and Sr 144,,Rear End,2,Clear,Dry,Daylight
2021-06-02T16:04:00.000,I 95,I 95 and Sr 144,,Rear End,2,Cloudy,Dry,Daylight
2021-05-12T16:36:00.000,I 95,I 95 and Sr 144,,Rear End,2,Rain,Wet,Dusk
2021-06-02T12:50:00.000,I 95,I 95 and Sr 144,,Rear End,2,Rain,Wet,Daylight
2021-05-07T17:58:00.000,I 95,I 95 and Sr 144,,Not a Collision with Motor Vehicle,1,Clear,Dry,Daylight
2021-05-28T13:38:00.000,I 95,I 95 and Sr 144,,Rear End,2,Clear,Dry,Daylight
2021-07-10T15:56:00.000,I 95,I 95 and Sr 144,,Rear End,2,Cloudy,Dry,Daylight
2021-08-17T07:40:00.000,I 95,I 95 and Sr 144,,Sideswipe-Same Direction,2,Cloudy,Wet,Daylight
2021-05-04T21:50:00.000,I 95,I 95 and Sr 144,,Angle Crash,2,Clear,Dry,Dark-Not Lighted
2021-05-28T22:00:00.000,I 95,I 95 and Sr 144,,Not a Collision with Motor Vehicle,1,Clear,Dry,Dark-Not Lighted
2021-12-08T17:46:00.000,I 95,I 95 and Sr 144,,Angle Crash,2,Clear,Dry,Dark-Not Lighted
2021-08-25T17:50:00.000,I 95,I 95 and Sr 144,,Sideswipe-Same Direction,2,Clear,Dry,Daylight
2021-06-16T01:44:00.000,I 95,I 95 and Sr 144,,Not a Collision with Motor Vehicle,1,Clear,Dry,Dark-Lighted
2020-12-26T20:42:00.000,I 95,I 95 and Sr 144,,Rear End,2,Clear,Dry,Dark-Lighted
2023-02-10T11:25:00.000,I 95,I 95 and Sr 144,,Sideswipe-Same Direction,2,Rain,Wet,Daylight
2023-07-29T14:02:00.000,I 95,I 95 and Sr 144,,Rear End,2,Cloudy,Wet,Daylight
2023-07-27T17:50:00.000,I 95,I 95 and Sr 144,,Angle Crash,2,Clear,Dry,Daylight
2023-07-15T04:17:00.000,I 95,I 95 and Sr 144,,Sideswipe-Same Direction,2,Clear,Dry,Dark-Not Lighted
2023-10-24T05:20:00.000,I 95,I 95 and Sr 144,,Sideswipe-Same Direction,4,Clear,Dry,Dark-Not Lighted
2023-04-11T17:55:00.000,I 95,I 95 and Sr 144,,Rear End,2,Clear,Dry,Daylight
2023-12-30T11:48:00.000,I 95,I 95 and Sr 144,,Rear End,2,Cloudy,Dry,Daylight
2023-12-06T18:07:00.000,I 95,I 95 and Sr 144,,Angle Crash,2,Clear,Dry,Dark-Not Lighted
2023-04-14T12:55:00.000,I 95,I 95 and Sr 144,,Rear End,2,Clear,Dry,Daylight
2023-07-11T10:05:00.000,I 95,I 95 and Sr 144,,Not a Collision with Motor Vehicle,2,Clear,Dry,Daylight
2023-01-27T10:44:00.000,I 95,I 95 and Sr 144,,Sideswipe-Same Direction,2,Clear,Dry,Daylight
2023-08-28T16:45:00.000,I 95,I 95 and Sr 144,,Rear End,2,Clear,Dry,Daylight
2023-12-06T18:11:00.000,I 95,I 95 and Sr 144,,Angle Crash,2,Cloudy,Dry,Dusk
2023-02-09T17:14:00.000,I 95,I 95 and Sr 144,,Rear End,2,Cloudy,Dry,Dusk
2022-12-08T16:36:00.000,I 95,I 95 and Sr 144,,Not a Collision with Motor Vehicle,1,Clear,Dry,Daylight
2022-07-11T17:44:00.000,I 95,I 95 and Sr 144,,Rear End,2,Rain,Wet,Daylight
2020-09-10T21:42:00.000,I 95,I 95 and Sr 144,,Rear End,2,Clear,Dry,Dark-Not Lighted