Date and Time,Roadway (From Crash Report),Intersection Name (from Crash Report),KABCO Severity,Manner of Collision (Crash Level) ,# of Vehicles per crash ,Weather Conditions (Crash Level),Surface Condition (Crash Level) ,Light Conditions (Crash Level)
2020-08-14T02:51:00.000,I 95,I 95 and Sr 144,,Not a Collision with Motor Vehicle,1,Clear,Dry,Dark-Not Lighted
2020-12-26T20:04:00.000,I 95,I 95 and Sr 144,,Not a Collision with Motor Vehicle,2,Clear,Dry,Dark-Not Lighted
2020-10-19T19:18:00.000,I 95,I 95 and Sr 144,,Not a Collision with Motor Vehicle,1,Clear,Dry,Dark-Not Lighted
2020-07-20T10:39:00.000,I 95,I 95 and Sr 144,,Rear End,2,Clear,Dry,Daylight
2020-01-01T16:11:00.000,I 95,I 95 and Sr 144,,Rear End,2,Clear,Dry,Daylight
2020-07-30T17:50:00.000,I 95,I 95 and Sr 144,,Sideswipe-Same Direction,2,Rain,Wet,Daylight
2020-04-13T16:56:00.000,I 95,I 95 and Sr 144,,Sideswipe-Same Direction,4,Clear,Dry,Daylight
2020-02-17T00:06:00.000,I 95,I 95 and Sr 144,,Sideswipe-Same Direction,2,Cloudy,Wet,Dark-Lighted
2020-12-16T20:57:00.000,I 95,I 95 and Sr 144,,Not a Collision with Motor Vehicle,1,Cloudy,Wet,Dark-Not Lighted
2020-07-21T13:30:00.000,I 95,I 95 and Sr 144,,Angle Crash,2,Cloudy,Dry,Daylight
2020-12-17T17:34:00.000,I 95,I 95 and Sr 144,,Rear End,4,Clear,Dry,Dark-Lighted
2020-02-28T08:02:00.000,I 95,I 95 and Sr 144,,Angle Crash,2,Clear,Dry,Daylight
2020-01-01T15:29:00.000,I 95,I 95 and Sr 144,,Rear End,3,Clear,Dry,Daylight
2020-10-22T16:24:00.000,I 95,I 95 and Sr 144,,Rear End,2,Clear,Dry,Daylight
2020-02-06T16:48:00.000,I 95,I 95 and Sr 144,,Sideswipe-Same Direction,2,Cloudy,Wet,Daylight
2020-01-31T12:45:00.000,I 95,I 95 and Sr 144,,Not a Collision with Motor Vehicle,1,Rain,Wet,Daylight
2020-10-12T16:14:00.000,I 95,I 95 and Sr 144,,Rear End,2,Cloudy,Dry,Daylight
2020-08-20T05:53:00.000,I 95,I 95 and Sr 144,,Not a Collision with Motor Vehicle,1,Clear,Dry,Dark-Lighted
2020-03-25T01:38:00.000,I 95,I 95 and Sr 144,,Rear End,2,Clear,Dry,Dark-Not Lighted
2020-11-28T12:04:00.000,I 95,I 95 and Sr 144,,Rear End,3,Rain,Wet,Daylight
2020-11-20T15:06:00.000,I 95,I 95 and Sr 144,,Rear End,2,Clear,Dry,Daylight
2021-01-24T16:50:00.000,I 95,I 95 and Sr 144,,Rear End,2,Clear,Dry,Daylight
2021-01-04T18:20:00.000,I 95,I 95 and Sr 144,,Rear End,2,Cloudy,Dry,Dark-Not Lighted
2021-05-19T08:25:00.000,I 95,I 95 and Sr 144,,Rear End,2,Cloudy,Dry,Daylight
2021-02-09T17:39:00.000,I 95,I 95 and Sr 144,,Not a Collision with Motor Vehicle,1,Rain,Wet,Dusk
2021-04-10T10:50:00.000,I 95,I 95 and Sr 144,,Rear End,2,Cloudy,Dry,Daylight
2021-03-05T13:50:00.000,I 95,I 95 and Sr 144,,Rear End,2,Clear,Dry,Daylight
2021-04-07T06:45:00.000,I 95,I 95 and Sr 144,,Rear End,3,Clear,Dry,Daylight
2021-02-19T07:15:00.000,I 95,I 95 and Sr 144,,Not a Collision with Motor Vehicle,1,Rain,Wet,Daylight
2021-01-24T16:59:00.000,I 95,I 95 and Sr 144,,Rear End,2,Clear,Dry,Daylight
2021-08-06T16:14:00.000,I 95,I 95 and Sr 144,,Rear End,2,Cloudy,Wet,Daylight
2021-11-28T11:45:00.000,I 95,I 95 and Sr 144,,Rear End,2,Clear,Dry,Daylight
2021-07-18T15:40:00.000,I 95,I 95 and Sr 144,,Rear End,3,Clear,Dry,Daylight
2021-09-16T11:22:00.000,I 95,I 95 and Sr 144,,Not a Collision with Motor Vehicle,1,Rain,Wet,Daylight
2022-04-10T19:30:00.000,I 95,I 95 and Sr 144,,Sideswipe-Same Direction,2,Clear,Dry,Daylight
2021-09-16T13:41:00.000,I 95,I 95 and Sr 144,,Not a Collision with Motor Vehicle,1,Rain,Wet,Daylight
2021-11-17T18:45:00.000,I 95,I 95 and Sr 144,,Rear End,3,Clear,Dry,Dark-Not Lighted
2022-11-09T05:35:00.000,I 95,I 95 and Sr 144,,Not a Collision with Motor Vehicle,1,Cloudy,Dry,Dark-Not Lighted
2022-04-23T16:20:00.000,I 95,I 95 and Sr 144,,Rear End,2,Clear,Dry,Daylight
2022-08-07T16:07:00.000,I 95,I 95 and Sr 144,,Rear End,4,Clear,Dry,Daylight
2022-04-26T16:53:00.000,I 95,I 95 and Sr 144,,Rear End,2,Cloudy,Dry,Daylight
2022-09-06T10:00:00.000,I 95,I 95 and Sr 144,,Angle Crash,1,Clear,Dry,Daylight
2021-08-06T18:09:00.000,I 95,I 95 and Sr 144,,Rear End,2,Cloudy,Wet,Daylight
2021-09-20T18:15:00.000,I 95,I 95 and Sr 144,,Rear End,2,Rain,Wet,Daylight
2022-11-27T14:30:00.000,I 95,I 95 and Sr 144,,Rear End,2,Cloudy,Wet,Daylight
2022-08-08T17:35:00.000,I 95,I 95 and Sr 144,,Not a Collision with Motor Vehicle,1,Clear,Dry,Daylight
2022-07-01T15:22:00.000,I 95,I 95 and Sr 144,,Rear End,4,Clear,Dry,Daylight
2022-10-18T08:17:00.000,I 95,I 95 and Sr 144,,Not a Collision with Motor Vehicle,1,Clear,Dry,Daylight
2022-02-18T14:00:00.000,I 95,I 95 and Sr 144,,Rear End,2,Clear,Dry,Daylight
2022-01-07T16:05:00.000,I 95,I 95 and Sr 144,,Rear End,3,Clear,Dry,Daylight
2022-11-24T17:45:00.000,I 95,I 95 and Sr 144,,Angle Crash,2,Cloudy,Dry,Dusk
2022-05-12T17:40:00.000,I 95,I 95 and Sr 144,,Rear End,3,Cloudy,Dry,Daylight
2022-07-01T15:50:00.000,I 95,I 95 and Sr 144,,Rear End,6,Clear,Dry,Daylight
2022-05-18T07:30:00.000,I 95,I 95 and Sr 144,,Not a Collision with Motor Vehicle,1,Clear,Dry,Daylight
2022-08-05T16:35:00.000,I 95,I 95 and Sr 144,,Rear End,2,Cloudy,Dry,Daylight
2022-01-18T06:22:00.000,I 95,I 95 and Sr 144,,Rear End,2,Clear,Dry,Dark-Not Lighted
2022-02-09T18:00:00.000,I 95,I 95 and Sr 144,,Rear End,2,Clear,Dry,Dark-Lighted
2022-07-30T13:40:00.000,I 95,I 95 and Sr 144,,Rear End,3,Clear,Dry,Daylight
2022-05-23T15:15:00.000,I 95,I 95 and Sr 144,,Rear End,2,Clear,Dry,Daylight
2022-03-07T09:18:00.000,I 95,I 95 and Sr 144,,Not a Collision with Motor Vehicle,1,Clear,Dry,Daylight
2023-05-01T16:49:00.000,I 95,I 95 and Sr 144,,Rear End,2,Clear,Dry,Daylight
2024-04-16T17:20:00.000,I 95,I 95 and Sr 144,,Rear End,2,Clear,Dry,Daylight
2024-04-14T10:40:00.000,I 95,I 95 and Sr 144,,Not a Collision with Motor Vehicle,1,Clear,Dry,Daylight
2024-02-19T18:30:00.000,I 95,I 95 and Sr 144,,Angle Crash,4,Clear,Dry,Dusk
2024-11-07T06:47:00.000,I 95,I 95 and Sr 144,,Sideswipe-Same Direction,2,Rain,Wet,Daylight
2024-06-23T15:40:00.000,I 95,I 95 and Sr 144,,Not a Collision with Motor Vehicle,1,Rain,Wet,Daylight
2024-07-15T18:10:00.000,I 95,I 95 and Sr 144,,Sideswipe-Same Direction,1,Cloudy,Dry,Daylight
2023-04-29T16:15:00.000,I 95,I 95 and Sr 144,,Angle Crash,2,Clear,Dry,Daylight
2023-08-11T18:15:00.000,I 95,I 95 and Sr 144,,Rear End,2,Cloudy,Wet,Daylight
2023-01-05T17:54:00.000,I 95,I 95 and Sr 144,,Rear End,2,Clear,Dry,Dusk
2023-12-06T18:14:00.000,I 95,I 95 and Sr 144,,Angle Crash,2,Clear,Dry,Dark-Lighted
2023-12-06T17:40:00.000,I 95,I 95 and Sr 144,,Rear End,2,Clear,Dry,Dark-Lighted
2023-06-05T12:05:00.000,I 95,I 95 and Sr 144,,Sideswipe-Same Direction,2,Clear,Dry,Daylight
2023-07-14T15:45:00.000,I 95,I 95 and Sr 144,,Rear End,3,Cloudy,Dry,Daylight
2023-01-27T15:49:00.000,I 95,I 95 and Sr 144,,Angle Crash,2,Clear,Dry,Daylight
2023-04-29T18:15:00.000,I 95,I 95 and Sr 144,,Not a Collision with Motor Vehicle,1,Rain,Wet,Daylight
2023-04-16T17:31:00.000,I 95,I 95 and Sr 144,,Sideswipe-Same Direction,2,Clear,Dry,Daylight
2023-11-13T17:00:00.000,I 95,I 95 and Sr 144,,Rear End,2,Clear,Dry,Dusk
2023-05-06T00:05:00.000,I 95,I 95 and Sr 144,,Angle Crash,2,Clear,Dry,Dark-Lighted
2023-06-17T19:30:00.000,I 95,I 95 and Sr 144,,Not a Collision with Motor Vehicle,1,Cloudy,Dry,Dusk
2024-02-14T17:49:00.000,I 95,I 95 and Sr 144,,Sideswipe-Same Direction,2,Cloudy,Dry,Dark-Lighted
2024-04-07T09:13:00.000,I 95,I 95 and Sr 144,,Rear End,4,Clear,Dry,Daylight
2024-07-19T18:55:00.000,I 95,I 95 and Sr 144,,Rear End,3,Rain,Wet,Daylight
2024-07-21T02:35:00.000,I 95,I 95 and Sr 144,,Not a Collision with Motor Vehicle,1,Rain,Wet,Dark-Lighted
2024-02-07T16:25:00.000,I 95,I 95 and Sr 144,,Not a Collision with Motor Vehicle,1,Clear,Dry,Daylight
2024-02-14T19:00:00.000,I 95,I 95 and Sr 144,,Angle Crash,2,Clear,Dry,Dark-Not Lighted
2024-09-06T17:58:00.000,I 95,I 95 and Sr 144,,Rear End,2,Rain,Wet,Daylight
2024-07-13T21:40:00.000,I 95,I 95 and Sr 144,,Not a Collision with Motor Vehicle,1,Clear,Dry,Dark-Not Lighted
2024-05-04T08:30:00.000,I 95,I 95 and Sr 144,,Not a Collision with Motor Vehicle,1,Cloudy,Dry,Daylight
2024-04-22T15:50:00.000,I 95,I 95 and Sr 144,,Rear End,2,Clear,Dry,Daylight
2024-01-08T09:40:00.000,I 95,I 95 and Sr 144,,Rear End,2,Cloudy,Dry,Daylight
2024-01-31T16:27:00.000,I 95,I 95 and Sr 144,,Sideswipe-Same Direction,3,Clear,Dry,Daylight
2024-04-11T09:57:00.000,I 95,I 95 and Sr 144,,Not a Collision with Motor Vehicle,1,Rain,Wet,Daylight
2024-06-27T18:15:00.000,I 95,I 95 and Sr 144,,Rear End,2,Cloudy,Dry,Daylight
2024-12-24T13:34:00.000,I 95,I 95 and Sr 144,,Sideswipe-Same Direction,2,Clear,Dry,Daylight
2024-04-08T07:25:00.000,I 95,I 95 and Sr 144,,Rear End,2,Clear,Dry,Daylight
2024-02-21T17:59:00.000,I 95,I 95 and Sr 144,,Angle Crash,2,Clear,Dry,Daylight
2024-04-07T12:45:00.000,I 95,I 95 and Sr 144,,Rear End,2,Clear,Dry,Daylight
2024-10-20T03:28:00.000,I 95,I 95 and Sr 144,,Rear End,2,Clear,Dry,Dark-Lighted
2024-02-28T17:34:00.000,I 95,I 95 and Sr 144,,Rear End,2,Clear,Dry,Daylight
2024-03-26T17:42:00.000,I 95,I 95 and Sr 144,,Rear End,2,Cloudy,Dry,Dusk
2024-12-09T18:07:00.000,I 95,I 95 and Sr 144,,Not a Collision with Motor Vehicle,1,Rain,Wet,Dark-Not Lighted
2024-06-15T16:00:00.000,I 95,I 95 and Sr 144,,Not a Collision with Motor Vehicle,1,Clear,Dry,Daylight
2024-01-13T16:08:00.000,I 95,I 95 and Sr 144,,Angle Crash,2,Clear,Dry,Daylight
2024-02-25T21:10:00.000,I 95,I 95 and Sr 144,,Angle Crash,2,Clear,Dry,Dark-Lighted
2024-07-27T06:40:00.000,I 95,I 95 and Sr 144,,Angle Crash,2,Clear,Wet,Dawn
2020-10-31T15:04:00.000,I 95,I 95 and Spur 25 Pkwy,,Rear End,2,Clear,Dry,Dark-Not Lighted
2023-07-25T03:45:00.000,I 95,I 95 and Spur 25 Opas,,Rear End,2,Clear,Dry,Dark-Not Lighted
2023-07-25T03:45:00.000,I 95,I 95 and Spur 25 Opas,,Angle Crash,2,Clear,Dry,Dark-Not Lighted
2023-07-25T03:45:00.000,I 95,I 95 and Spur 25 Opas,,Angle Crash,2,Clear,Dry,Dark-Not Lighted
2022-01-07T10:01:00.000,I 95,I 95 and Spur 25 Exit 14,,Sideswipe-Same Direction,3,Clear,Dry,Daylight
2023-02-24T02:01:00.000,I 95,I 95 and Spur 25 E 10Th Str,,Angle Crash,2,Clear,Dry,Dark-Not Lighted
2024-04-21T18:07:00.000,I 95,I 95 and Spur 25 E 10Th Str,,Not a Collision with Motor Vehicle,1,Rain,Wet,Daylight
2024-10-13T10:31:00.000,I 95,I 95 and Spur 25 E 10Th Str,,Not a Collision with Motor Vehicle,1,Clear,Dry,Daylight
2023-12-21T12:46:00.000,I 95,I 95 and Spur 25 10Th St,,Sideswipe-Same Direction,2,Clear,Dry,Daylight
2024-06-27T16:36:00.000,I 95,I 95 and Spur 25 10Th,,Angle Crash,3,Rain,Wet,Daylight
2022-06-14T23:54:00.000,I 95,I 95 and Spur 25  Golden Isles,,Rear End,2,Cloudy,Dry,Dark-Lighted
2023-01-24T15:35:00.000,I 95,I 95 and Spur 25   10Th St.,,Sideswipe-Same Direction,2,Clear,Dry,Daylight
2023-03-19T17:24:00.000,I 95,I 95 and Spur 25   10Th St,,Sideswipe-Same Direction,2,Clear,Dry,Daylight
2023-03-19T17:25:00.000,I 95,I 95 and Spur 25   10Th St,,Sideswipe-Same Direction,2,Clear,Dry,Daylight
2021-07-05T17:21:00.000,I 95,I 95 and Spur 25,,Rear End,2,Clear,Dry,Daylight
2021-01-03T12:55:00.000,I 95,I 95 and Spur 25,,Not a Collision with Motor Vehicle,1,Clear,Dry,Daylight
2021-04-03T08:13:00.000,I 95,I 95 and Spur 25,,Rear End,2,Clear,Dry,Daylight
2021-12-16T00:45:00.000,I 95,I 95 and Spur 25,,Rear End,2,Clear,Dry,Dark-Lighted
2021-07-09T08:40:00.000,I 95,I 95 and Spur 25,,Rear End,2,Cloudy,Dry,Daylight
2021-09-06T13:02:00.000,I 95,I 95 and Spur 25,,Sideswipe-Same Direction,2,Clear,Dry,Daylight
2021-08-24T23:40:00.000,I 95,I 95 and Spur 25,,Angle Crash,2,Clear,Dry,Dark-Lighted
2020-11-06T11:03:00.000,I 95,I 95 and Spur 25,,Not a Collision with Motor Vehicle,1,Clear,Dry,Daylight
2023-09-13T20:35:00.000,I 95,I 95 and Spur 25,,Not a Collision with Motor Vehicle,1,Rain,Wet,Dark-Not Lighted
2023-09-17T18:10:00.000,I 95,I 95 and Spur 25,,Not a Collision with Motor Vehicle,1,Rain,Wet,Daylight
2023-02-04T03:35:00.000,I 95,I 95 and Spur 25,,Sideswipe-Opposite Direction,2,Clear,Dry,Dark-Not Lighted
2023-09-14T15:12:00.000,I 95,I 95 and Spur 25,,Sideswipe-Same Direction,2,Rain,Wet,Daylight
2023-10-20T08:16:00.000,I 95,I 95 and Spur 25,,Sideswipe-Same Direction,2,Clear,Dry,Daylight
2022-03-08T17:25:00.000,I 95,I 95 and Spur 25,,Rear End,2,Cloudy,Dry,Daylight
2020-01-27T17:19:00.000,I 95,I 95 and Spur 25,,Sideswipe-Same Direction,2,Clear,Dry,Daylight
2020-05-12T18:19:00.000,I 95,I 95 and Spur 25,,Sideswipe-Same Direction,2,Clear,Dry,Daylight
2020-04-18T06:14:00.000,I 95,I 95 and Spur 25,,Not a Collision with Motor Vehicle,1,Clear,Dry,Dark-Not Lighted
2020-08-23T09:00:00.000,I 95,I 95 and Spur 25,,Not a Collision with Motor Vehicle,1,Rain,Wet,Daylight
2020-04-18T06:12:00.000,I 95,I 95 and Spur 25,,Rear End,2,Clear,Dry,Dark-Not Lighted
2020-09-25T09:13:00.000,I 95,I 95 and Spur 25,,Not a Collision with Motor Vehicle,1,Clear,Dry,Daylight
2020-10-23T13:40:00.000,I 95,I 95 and Spur 25,,Not a Collision with Motor Vehicle,1,Cloudy,Dry,Daylight
2020-07-10T09:33:00.000,I 95,I 95 and Spur 25,,Rear End,2,Clear,Dry,Daylight
2020-10-21T15:11:00.000,I 95,I 95 and Spur 25,,Rear End,2,Clear,Dry,Daylight
2021-03-17T10:36:00.000,I 95,I 95 and Spur 25,,Rear End,2,Clear,Wet,Daylight
2021-02-18T23:55:00.000,I 95,I 95 and Spur 25,,Rear End,2,Cloudy,Dry,Dark-Lighted
2021-05-03T03:55:00.000,I 95,I 95 and Spur 25,,Rear End,2,Clear,Dry,Dark-Not Lighted
2021-09-15T18:03:00.000,I 95,I 95 and Spur 25,,Angle Crash,2,Clear,Dry,Daylight
2021-12-08T20:00:00.000,I 95,I 95 and Spur 25,,Sideswipe-Same Direction,2,Cloudy,Wet,Dark-Not Lighted
2022-05-24T10:45:00.000,I 95,I 95 and Spur 25,,Sideswipe-Same Direction,2,Clear,Dry,Daylight
2022-09-02T14:40:00.000,I 95,I 95 and Spur 25,,Sideswipe-Same Direction,2,Cloudy,Dry,Daylight
2022-08-27T13:18:00.000,I 95,I 95 and Spur 25,,Not a Collision with Motor Vehicle,1,Rain,Water (standing or moving),Daylight
2022-08-12T17:03:00.000,I 95,I 95 and Spur 25,,Rear End,2,Clear,Dry,Daylight
2022-07-21T11:35:00.000,I 95,I 95 and Spur 25,,Sideswipe-Same Direction,2,Clear,Dry,Daylight
2022-09-09T21:40:00.000,I 95,I 95 and Spur 25,,Rear End,2,Cloudy,Dry,Dark-Lighted
2022-06-01T20:44:00.000,I 95,I 95 and Spur 25,,Not a Collision with Motor Vehicle,1,Clear,Dry,Daylight
2022-01-23T20:03:00.000,I 95,I 95 and Spur 25,,Not a Collision with Motor Vehicle,1,Clear,Dry,Dark-Lighted
2022-12-16T22:30:00.000,I 95,I 95 and Spur 25,,Rear End,2,Clear,Dry,Dark-Lighted
2021-09-15T18:03:00.000,I 95,I 95 and Spur 25,,Angle Crash,3,Clear,Dry,Daylight
2021-12-23T13:54:00.000,I 95,I 95 and Spur 25,,Rear End,2,Clear,Dry,Daylight
2022-09-09T21:40:00.000,I 95,I 95 and Spur 25,,Rear End,3,Cloudy,Dry,Dark-Lighted
2022-06-14T23:04:00.000,I 95,I 95 and Spur 25,,Not a Collision with Motor Vehicle,1,Cloudy,Wet,Dark-Not Lighted
2022-02-27T11:04:00.000,I 95,I 95 and Spur 25,,Not a Collision with Motor Vehicle,2,Clear,Dry,Daylight
2022-05-28T11:00:00.000,I 95,I 95 and Spur 25,,Sideswipe-Same Direction,2,Clear,Dry,Daylight
2022-01-16T15:53:00.000,I 95,I 95 and Spur 25,,Sideswipe-Same Direction,2,Clear,Dry,Daylight
2022-08-17T18:00:00.000,I 95,I 95 and Spur 25,,Sideswipe-Same Direction,2,Rain,Wet,Daylight
2022-09-09T21:42:00.000,I 95,I 95 and Spur 25,,Not a Collision with Motor Vehicle,1,Cloudy,Dry,Dark-Lighted
2022-01-27T03:58:00.000,I 95,I 95 and Spur 25,,Sideswipe-Same Direction,2,Clear,Dry,Dark-Not Lighted
2022-08-05T07:45:00.000,I 95,I 95 and Spur 25,,Angle Crash,3,Clear,Dry,Daylight
2022-12-01T16:36:00.000,I 95,I 95 and Spur 25,,Rear End,2,Cloudy,Dry,Dusk
2022-06-14T13:37:00.000,I 95,I 95 and Spur 25,,Rear End,2,Clear,Dry,Daylight
2023-10-16T08:04:00.000,I 95,I 95 and Spur 25,,Angle Crash,2,Cloudy,Dry,Daylight
2024-09-17T07:05:00.000,I 95,I 95 and Spur 25,,Rear End,2,Clear,Dry,Daylight
2023-04-15T09:40:00.000,I 95,I 95 and Spur 25,,Rear End,2,Clear,Dry,Daylight
2023-03-17T17:58:00.000,I 95,I 95 and Spur 25,,Angle Crash,2,Clear,Dry,Daylight
2023-01-09T13:52:00.000,I 95,I 95 and Spur 25,,Rear End,2,Clear,Dry,Daylight
2023-09-28T22:46:00.000,I 95,I 95 and Spur 25,,Not a Collision with Motor Vehicle,1,Clear,Dry,Dark-Lighted
2024-03-24T05:57:00.000,I 95,I 95 and Spur 25,,Rear End,2,Clear,Dry,Dark-Not Lighted
2024-10-04T18:00:00.000,I 95,I 95 and Spur 25,,Not a Collision with Motor Vehicle,1,Clear,Dry,Daylight
2024-01-06T17:54:00.000,I 95,I 95 and Spur 25,,Rear End,3,Clear,Dry,Daylight
2024-02-22T15:32:00.000,I 95,I 95 and Spur 25,,Sideswipe-Same Direction,2,Clear,Dry,Daylight
2021-11-09T08:15:00.000,I 95,I 95 and Sommers Blvd,,Rear End,2,Clear,Dry,Daylight
2023-06-20T04:40:00.000,I 95,I 95 and Shop Road Opas,,Rear End,2,Cloudy,Wet,Dark-Not Lighted
2021-12-31T02:34:00.000,I 95,I 95 and Scrubby Bluff Rd,,Angle Crash,2,Cloudy,Dry,Dark-Lighted
2021-01-29T17:37:00.000,I 95,I 95 and Scrubby Bluff Rd,,Not a Collision with Motor Vehicle,1,Clear,Dry,Daylight
2021-02-03T17:00:00.000,I 95,I 95 and Scrubby Bluff Rd,,Sideswipe-Same Direction,3,Clear,Dry,Daylight
2021-12-31T02:33:00.000,I 95,I 95 and Scrubby Bluff Rd,,Sideswipe-Same Direction,2,Cloudy,Dry,Dark-Lighted
2023-06-06T15:42:00.000,I 95,I 95 and Sc State Line,,Sideswipe-Same Direction,2,Clear,Dry,Daylight
2023-04-07T10:30:00.000,I 95,I 95 and Sc State Line,,Rear End,2,Clear,Dry,Daylight
2023-08-07T19:45:00.000,I 95,I 95 and Savannah City Limit,,Not a Collision with Motor Vehicle,1,Clear,Dry,Dusk
2021-11-12T20:50:00.000,I 95,I 95 and Saint Marys Rd,,Not a Collision with Motor Vehicle,1,Clear,Dry,Dark-Not Lighted
2021-04-26T08:30:00.000,I 95,I 95 and Saint Marys Rd,,Not a Collision with Motor Vehicle,1,Clear,Dry,Daylight
2023-08-05T03:58:00.000,I 95,I 95 and Saint Marys Rd,,Not a Collision with Motor Vehicle,1,Clear,Dry,Dark-Not Lighted
2023-10-02T15:33:00.000,I 95,I 95 and Saint Marys Rd,,Sideswipe-Same Direction,2,Clear,Dry,Daylight
2023-12-09T12:39:00.000,I 95,I 95 and Saint Marys Rd,,Rear End,2,Clear,Dry,Daylight
2020-07-29T03:37:00.000,I 95,I 95 and Saint Marys Rd,,Not a Collision with Motor Vehicle,1,Cloudy,Dry,Dark-Not Lighted
2021-02-17T09:30:00.000,I 95,I 95 and Saint Marys Rd,,Sideswipe-Same Direction,2,Clear,Dry,Daylight
2021-05-16T20:49:00.000,I 95,I 95 and Saint Marys Rd,,Not a Collision with Motor Vehicle,1,Clear,Dry,Dark-Not Lighted
2021-03-30T22:00:00.000,I 95,I 95 and Saint Marys Rd,,Angle Crash,2,Clear,Dry,Dark-Not Lighted
2021-12-14T06:00:00.000,I 95,I 95 and Saint Marys Rd,,Angle Crash,2,Clear,Dry,Dark-Not Lighted
2022-03-20T03:49:00.000,I 95,I 95 and Saint Marys Rd,,Not a Collision with Motor Vehicle,1,Cloudy,Dry,Dark-Not Lighted
2021-12-19T17:47:00.000,I 95,I 95 and Saint Marys Rd,,Angle Crash,2,Cloudy,Dry,Dark-Not Lighted
2021-12-14T05:59:00.000,I 95,I 95 and Saint Marys Rd,,Sideswipe-Same Direction,2,Clear,Dry,Dark-Not Lighted
2022-02-20T10:45:00.000,I 95,I 95 and Saint Marys Rd,,Sideswipe-Same Direction,2,Clear,Dry,Daylight
2022-11-16T17:35:00.000,I 95,I 95 and Saint Marys Rd,,Not a Collision with Motor Vehicle,1,Cloudy,Dry,Dark-Lighted
2022-12-23T10:45:00.000,I 95,I 95 and Saint Marys Rd,,Rear End,3,Clear,Dry,Daylight
2023-02-23T19:49:00.000,I 95,I 95 and Saint Marys Rd,,Angle Crash,2,Clear,Dry,Dark-Not Lighted
2024-03-15T15:34:00.000,I 95,I 95 and Saint Marys Rd,,Sideswipe-Same Direction,2,Clear,Dry,Daylight
2023-01-19T05:29:00.000,I 95,I 95 and Saint Marys Rd,,Angle Crash,2,Clear,Dry,Dark-Not Lighted
2023-10-07T20:12:00.000,I 95,I 95 and Saint Marys Rd,,Angle Crash,2,Clear,Dry,Daylight
2024-04-22T21:10:00.000,I 95,I 95 and Saint Marys Rd,,Rear End,2,Clear,Dry,Dark-Not Lighted
2024-08-22T14:32:00.000,I 95,I 95 and Saint Marys Rd,,Not a Collision with Motor Vehicle,1,Rain,Wet,Daylight
2024-04-22T21:10:00.000,I 95,I 95 and Saint Mary's Rd,,Sideswipe-Same Direction,2,Clear,Dry,Dark-Not Lighted
2023-08-17T02:02:00.000,I 95,I 95 and Saint Mary's Rd,,Sideswipe-Same Direction,2,Cloudy,Wet,Dark-Not Lighted
2024-05-25T22:29:00.000,I 95,I 95 and Saint Mary's Rd,,Sideswipe-Same Direction,2,Clear,Wet,Dark-Not Lighted
2021-09-13T00:00:00.000,I 95,I 95 and Saint Augustine Creek Rd,,Rear End,2,Clear,Dry,Daylight
2021-10-12T23:05:00.000,I 95,I 95 and S.R. 21,,Not a Collision with Motor Vehicle,1,Clear,Dry,Dark-Not Lighted
2023-04-06T14:13:00.000,I 95,I 95 and S.R. 21,,Rear End,2,Clear,Dry,Daylight
2023-06-09T13:04:00.000,I 95,I 95 and S.R. 21,,Rear End,3,Rain,Wet,Daylight
2021-11-18T08:09:00.000,I 95,I 95 and S.R. 21,,Rear End,2,Cloudy,Dry,Daylight
2024-12-17T11:50:00.000,I 95,I 95 and S.R. 21,,Sideswipe-Same Direction,2,Clear,Dry,Daylight
2023-03-18T12:53:00.000,I 95,I 95 and S.R. 21,,Rear End,2,Cloudy,Dry,Daylight
2024-11-13T20:10:00.000,I 95,I 95 and S.R. 21,,Sideswipe-Same Direction,2,Clear,Dry,Dark-Not Lighted
2021-03-12T00:01:00.000,I 95,I 95 and S Of Exit 94,,Rear End,2,Clear,Dry,Dark-Not Lighted
2022-12-10T12:45:00.000,I 95,I 95 and S Carolina State Line  Jasper County,,Sideswipe-Same Direction,2,Cloudy,Wet,Daylight
2024-10-23T13:26:00.000,I 95,I 95 and S Carolina State Line,,Not a Collision with Motor Vehicle,1,Clear,Dry,Daylight
2023-11-10T15:30:00.000,I 95,I 95 and S Carolina Line,,Rear End,2,Clear,Dry,Daylight
2022-08-15T06:00:00.000,I 95,I 95 and S Carolina Line,,Rear End,2,Clear,Dry,Dark-Not Lighted
2024-11-22T14:51:00.000,I 95,I 95 and S Carolina Line,,Rear End,2,Clear,Dry,Daylight
2021-11-23T13:00:00.000,I 95,I 95 and S Carolina   Line,,Sideswipe-Same Direction,2,Clear,Dry,Daylight
2024-05-24T15:42:00.000,I 95,I 95 and River Way,,Sideswipe-Same Direction,2,Clear,Dry,Daylight
2020-08-24T22:32:00.000,I 95,I 95 and Retreat Road Overpass Near Mm,,Not a Collision with Motor Vehicle,1,Clear,Dry,Dark-Not Lighted
2021-10-07T10:40:00.000,I 95,I 95 and Retreat Road Overpass Mm 70,,Not a Collision with Motor Vehicle,1,Cloudy,Dry,Daylight
2021-12-18T12:00:00.000,I 95,I 95 and Retreat Rd,,Sideswipe-Same Direction,2,Clear,Dry,Daylight
2024-01-27T10:34:00.000,I 95,I 95 and Retreat Rd,,Sideswipe-Same Direction,1,Clear,Dry,Daylight
2024-12-23T17:48:00.000,I 95,I 95 and Quacco Road Opas,,Rear End,2,Rain,Wet,Dusk
2022-06-01T07:30:00.000,I 95,I 95 and Quacco Rd Opas,,Not a Collision with Motor Vehicle,2,Clear,Dry,Daylight