Date and Time,Roadway (From Crash Report),Intersection Name (from Crash Report),KABCO Severity,Manner of Collision (Crash Level) ,# of Vehicles per crash ,Weather Conditions (Crash Level),Surface Condition (Crash Level) ,Light Conditions (Crash Level)
2021-04-23T15:17:00.000,I 95,I 95 and Quacco Rd,,Rear End,2,Clear,Dry,Daylight
2023-03-16T08:54:00.000,I 95,I 95 and Quacco Rd,,Not a Collision with Motor Vehicle,1,Clear,Dry,Daylight
2023-12-02T23:45:00.000,I 95,I 95 and Quacco Rd,,Not a Collision with Motor Vehicle,1,Rain,Wet,Dark-Not Lighted
2023-12-03T06:20:00.000,I 95,I 95 and Quacco Rd,,Rear End,2,Cloudy,Wet,Dark-Not Lighted
2023-04-14T12:38:00.000,I 95,I 95 and Quacco Rd,,Rear End,3,Clear,Dry,Daylight
2023-02-03T05:52:00.000,I 95,I 95 and Quacco Rd,,Not a Collision with Motor Vehicle,1,Rain,Wet,Dark-Not Lighted
2023-01-20T08:31:00.000,I 95,I 95 and Quacco Rd,,Sideswipe-Same Direction,2,Clear,Dry,Daylight
2020-08-07T00:12:00.000,I 95,I 95 and Quacco Rd,,Sideswipe-Same Direction,2,Cloudy,Wet,Dark-Not Lighted
2020-03-02T03:32:00.000,I 95,I 95 and Quacco Rd,,Rear End,2,Clear,Dry,Dark-Not Lighted
2020-11-01T03:38:00.000,I 95,I 95 and Quacco Rd,,Not a Collision with Motor Vehicle,1,Clear,Dry,Daylight
2020-06-12T16:14:00.000,I 95,I 95 and Quacco Rd,,Rear End,2,Rain,Wet,Daylight
2020-03-16T00:17:00.000,I 95,I 95 and Quacco Rd,,Rear End,2,Clear,Dry,Dark-Not Lighted
2020-10-15T10:01:00.000,I 95,I 95 and Quacco Rd,,Rear End,2,Clear,Dry,Daylight
2020-08-06T20:57:00.000,I 95,I 95 and Quacco Rd,,Not a Collision with Motor Vehicle,1,Rain,Wet,Dark-Not Lighted
2020-09-10T10:05:00.000,I 95,I 95 and Quacco Rd,,Sideswipe-Same Direction,2,Cloudy,Dry,Daylight
2021-06-02T17:50:00.000,I 95,I 95 and Quacco Rd,,Rear End,2,Clear,Dry,Daylight
2021-07-18T22:56:00.000,I 95,I 95 and Quacco Rd,,Not a Collision with Motor Vehicle,1,Rain,Wet,Dark-Not Lighted
2021-11-15T20:11:00.000,I 95,I 95 and Quacco Rd,,Rear End,2,Clear,Dry,Dark-Not Lighted
2022-09-16T23:23:00.000,I 95,I 95 and Quacco Rd,,Sideswipe-Same Direction,2,Clear,Dry,Dark-Not Lighted
2022-05-15T00:34:00.000,I 95,I 95 and Quacco Rd,,Not a Collision with Motor Vehicle,1,Clear,Dry,Dark-Not Lighted
2022-08-16T19:14:00.000,I 95,I 95 and Quacco Rd,,Rear End,2,Clear,Dry,Daylight
2022-04-08T20:56:00.000,I 95,I 95 and Quacco Rd,,Rear End,4,Cloudy,Dry,Dark-Not Lighted
2022-07-08T16:10:00.000,I 95,I 95 and Quacco Rd,,Not a Collision with Motor Vehicle,1,Rain,Wet,Daylight
2022-07-24T16:22:00.000,I 95,I 95 and Quacco Rd,,Rear End,2,Clear,Dry,Daylight
2022-10-03T06:40:00.000,I 95,I 95 and Quacco Rd,,Rear End,2,Cloudy,Dry,Dark-Not Lighted
2022-05-17T06:44:00.000,I 95,I 95 and Quacco Rd,,Not a Collision with Motor Vehicle,1,Clear,Dry,Daylight
2022-12-16T18:22:00.000,I 95,I 95 and Quacco Rd,,Rear End,2,Clear,Dry,Dark-Not Lighted
2022-03-08T11:26:00.000,I 95,I 95 and Quacco Rd,,Angle Crash,2,Clear,Dry,Daylight
2022-03-11T12:25:00.000,I 95,I 95 and Quacco Rd,,Rear End,2,Cloudy,Dry,Daylight
2022-03-11T12:25:00.000,I 95,I 95 and Quacco Rd,,Rear End,2,Cloudy,Dry,Daylight
2022-07-20T05:33:00.000,I 95,I 95 and Quacco Rd,,Not a Collision with Motor Vehicle,1,Cloudy,Wet,Dark-Not Lighted
2024-03-17T19:17:00.000,I 95,I 95 and Quacco Rd,,Rear End,2,Cloudy,Dry,Daylight
2023-07-02T04:44:00.000,I 95,I 95 and Quacco Rd,,Rear End,2,Clear,Dry,Dark-Not Lighted
2023-07-14T14:52:00.000,I 95,I 95 and Quacco Rd,,Rear End,2,Clear,Dry,Daylight
2023-12-21T12:44:00.000,I 95,I 95 and Quacco Rd,,Rear End,2,Clear,Dry,Daylight
2023-09-01T14:36:00.000,I 95,I 95 and Quacco Rd,,Not a Collision with Motor Vehicle,1,Clear,Dry,Daylight
2023-05-27T10:32:00.000,I 95,I 95 and Quacco Rd,,Rear End,2,Rain,Wet,Daylight
2024-09-07T14:35:00.000,I 95,I 95 and Quacco Rd,,Sideswipe-Same Direction,2,Clear,Dry,Daylight
2024-10-20T05:44:00.000,I 95,I 95 and Quacco Rd,,Sideswipe-Same Direction,2,Clear,Dry,Dark-Not Lighted
2024-09-10T07:45:00.000,I 95,I 95 and Quacco Rd,,Rear End,2,Clear,Dry,Daylight
2024-01-26T06:50:00.000,I 95,I 95 and Quacco Rd,,Sideswipe-Same Direction,2,Cloudy,Dry,Dawn
2024-11-07T07:40:00.000,I 95,I 95 and Quacco Rd,,Sideswipe-Same Direction,2,Rain,Wet,Daylight
2023-06-23T06:54:00.000,I 95,I 95 and Quacco Opas,,Not a Collision with Motor Vehicle,1,Rain,Wet,Dark-Lighted
2020-09-01T16:04:00.000,I 95,I 95 and Quacco,,Not a Collision with Motor Vehicle,1,Cloudy,Dry,Daylight
2023-02-03T06:42:00.000,I 95,I 95 and Quacco,,Not a Collision with Motor Vehicle,1,Rain,Wet,Dark-Not Lighted
2023-11-17T18:15:00.000,I 95,I 95 and Poolerparkway,,Sideswipe-Same Direction,2,Clear,Dry,Dark-Not Lighted
2021-09-03T06:30:00.000,I 95,I 95 and Pooler Pwky,,Rear End,2,Clear,Dry,Daylight
2021-10-15T15:35:00.000,I 95,I 95 and Pooler Pkwy.,,Rear End,2,Clear,Dry,Daylight
2022-11-22T19:40:00.000,I 95,I 95 and Pooler Pkwy.,,Rear End,2,Clear,Dry,Dark-Lighted
2024-05-16T04:36:00.000,I 95,I 95 and Pooler Pkwy On Rp,,Angle Crash,2,Cloudy,Dry,Dark-Lighted
2024-12-17T19:55:00.000,I 95,I 95 and Pooler Pkwy Off Rp,,Sideswipe-Same Direction,2,Clear,Dry,Daylight
2021-05-31T21:10:00.000,I 95,I 95 and Pooler Pkwy,,Sideswipe-Same Direction,2,Clear,Dry,Dark-Not Lighted
2021-04-01T13:25:00.000,I 95,I 95 and Pooler Pkwy,,Angle Crash,2,Clear,Dry,Daylight
2021-11-25T05:15:00.000,I 95,I 95 and Pooler Pkwy,,Sideswipe-Same Direction,2,Clear,Dry,Dark-Lighted
2021-09-08T13:41:00.000,I 95,I 95 and Pooler Pkwy,,Angle Crash,2,Clear,Dry,Daylight
2021-10-13T16:37:00.000,I 95,I 95 and Pooler Pkwy,,Angle Crash,2,Clear,Dry,Daylight
2021-01-06T14:40:00.000,I 95,I 95 and Pooler Pkwy,,Rear End,2,Clear,Dry,Daylight
2021-04-01T13:11:00.000,I 95,I 95 and Pooler Pkwy,,Sideswipe-Same Direction,2,Clear,Dry,Daylight
2021-09-29T17:35:00.000,I 95,I 95 and Pooler Pkwy,,Rear End,2,Clear,Dry,Daylight
2021-12-04T18:42:00.000,I 95,I 95 and Pooler Pkwy,,Rear End,2,Clear,Dry,Dark-Lighted
2021-08-15T13:44:00.000,I 95,I 95 and Pooler Pkwy,,Rear End,2,Rain,Wet,Daylight
2021-02-08T15:44:00.000,I 95,I 95 and Pooler Pkwy,,Angle Crash,2,Clear,Dry,Daylight
2021-04-18T15:54:00.000,I 95,I 95 and Pooler Pkwy,,Sideswipe-Same Direction,2,Clear,Dry,Daylight
2021-07-26T11:44:00.000,I 95,I 95 and Pooler Pkwy,,Not a Collision with Motor Vehicle,1,Rain,Wet,Daylight
2021-12-01T16:40:00.000,I 95,I 95 and Pooler Pkwy,,Rear End,2,Clear,Dry,Daylight
2021-06-30T16:39:00.000,I 95,I 95 and Pooler Pkwy,,Rear End,2,Cloudy,Dry,Daylight
2021-01-15T14:00:00.000,I 95,I 95 and Pooler Pkwy,,Not a Collision with Motor Vehicle,1,Rain,Wet,Daylight
2020-02-12T17:20:00.000,I 95,I 95 and Pooler Pkwy,,Not a Collision with Motor Vehicle,2,Clear,Dry,Daylight
2020-06-10T09:45:00.000,I 95,I 95 and Pooler Pkwy,,Rear End,2,Clear,Dry,Daylight
2020-09-04T17:51:00.000,I 95,I 95 and Pooler Pkwy,,Rear End,2,Clear,Dry,Daylight
2023-07-30T12:14:00.000,I 95,I 95 and Pooler Pkwy,,Rear End,1,Clear,Dry,Daylight
2023-01-03T14:43:00.000,I 95,I 95 and Pooler Pkwy,,Sideswipe-Same Direction,2,Clear,Dry,Daylight
2023-05-18T14:59:00.000,I 95,I 95 and Pooler Pkwy,,Rear End,2,Rain,Wet,Daylight
2023-09-14T07:38:00.000,I 95,I 95 and Pooler Pkwy,,Rear End,2,Clear,Dry,Daylight
2023-06-14T12:33:00.000,I 95,I 95 and Pooler Pkwy,,Sideswipe-Same Direction,2,Rain,Wet,Daylight
2023-09-22T15:30:00.000,I 95,I 95 and Pooler Pkwy,,Sideswipe-Same Direction,2,Clear,Dry,Daylight
2023-12-15T18:40:00.000,I 95,I 95 and Pooler Pkwy,,Rear End,2,Clear,Dry,Daylight
2023-06-27T12:12:00.000,I 95,I 95 and Pooler Pkwy,,Rear End,2,Clear,Dry,Daylight
2023-07-28T08:50:00.000,I 95,I 95 and Pooler Pkwy,,Not a Collision with Motor Vehicle,1,Rain,Wet,Daylight
2023-08-20T10:22:00.000,I 95,I 95 and Pooler Pkwy,,Rear End,2,Clear,Dry,Daylight
2023-09-22T23:19:00.000,I 95,I 95 and Pooler Pkwy,,Rear End,2,Clear,Dry,Dark-Not Lighted
2023-02-09T17:28:00.000,I 95,I 95 and Pooler Pkwy,,Sideswipe-Same Direction,2,Clear,Dry,Daylight
2023-06-29T15:35:00.000,I 95,I 95 and Pooler Pkwy,,Rear End,2,Clear,Dry,Daylight
2023-03-18T22:19:00.000,I 95,I 95 and Pooler Pkwy,,Angle Crash,2,Cloudy,Wet,Dark-Lighted
2023-05-03T18:42:00.000,I 95,I 95 and Pooler Pkwy,,Rear End,2,Clear,Dry,Daylight
2023-02-11T12:16:00.000,I 95,I 95 and Pooler Pkwy,,Rear End,2,Rain,Wet,Daylight
2023-05-15T06:20:00.000,I 95,I 95 and Pooler Pkwy,,Sideswipe-Same Direction,2,Cloudy,Dry,Daylight
2023-05-29T15:55:00.000,I 95,I 95 and Pooler Pkwy,,Rear End,2,Cloudy,Dry,Daylight
2023-04-30T08:10:00.000,I 95,I 95 and Pooler Pkwy,,Rear End,2,Cloudy,Wet,Daylight
2023-06-28T15:35:00.000,I 95,I 95 and Pooler Pkwy,,Not a Collision with Motor Vehicle,1,Clear,Dry,Daylight
2023-09-29T17:25:00.000,I 95,I 95 and Pooler Pkwy,,Not a Collision with Motor Vehicle,1,Clear,Dry,Daylight
2023-10-19T13:13:00.000,I 95,I 95 and Pooler Pkwy,,Sideswipe-Same Direction,2,Clear,Dry,Daylight
2023-07-29T21:40:00.000,I 95,I 95 and Pooler Pkwy,,Sideswipe-Same Direction,2,Cloudy,Wet,Dark-Not Lighted
2023-12-21T14:19:00.000,I 95,I 95 and Pooler Pkwy,,Rear End,2,Clear,Dry,Daylight
2023-04-05T10:50:00.000,I 95,I 95 and Pooler Pkwy,,Rear End,2,Clear,Dry,Daylight
2023-10-30T17:00:00.000,I 95,I 95 and Pooler Pkwy,,Rear End,2,Clear,Dry,Daylight
2022-11-03T13:00:00.000,I 95,I 95 and Pooler Pkwy,,Sideswipe-Same Direction,2,Clear,Dry,Daylight
2022-04-04T05:45:00.000,I 95,I 95 and Pooler Pkwy,,Sideswipe-Same Direction,2,Clear,Dry,Dark-Not Lighted
2022-09-27T08:45:00.000,I 95,I 95 and Pooler Pkwy,,Rear End,2,Clear,Dry,Daylight
2022-06-22T17:05:00.000,I 95,I 95 and Pooler Pkwy,,Angle Crash,2,Clear,Dry,Daylight
2020-10-16T03:38:00.000,I 95,I 95 and Pooler Pkwy,,Not a Collision with Motor Vehicle,1,Clear,Dry,Dark-Not Lighted
2020-02-15T12:18:00.000,I 95,I 95 and Pooler Pkwy,,Rear End,2,Clear,Dry,Daylight
2020-02-25T02:15:00.000,I 95,I 95 and Pooler Pkwy,,Not a Collision with Motor Vehicle,1,Rain,Wet,Dark-Lighted
2020-11-28T09:20:00.000,I 95,I 95 and Pooler Pkwy,,Angle Crash,3,Rain,Wet,Daylight
2020-06-13T23:40:00.000,I 95,I 95 and Pooler Pkwy,,Not a Collision with Motor Vehicle,1,Clear,Dry,Dark-Not Lighted
2020-01-31T12:04:00.000,I 95,I 95 and Pooler Pkwy,,Sideswipe-Same Direction,2,Rain,Wet,Daylight
2020-12-06T06:41:00.000,I 95,I 95 and Pooler Pkwy,,Rear End,2,Clear,Dry,Dark-Lighted
2020-11-25T15:26:00.000,I 95,I 95 and Pooler Pkwy,,Sideswipe-Same Direction,2,Clear,Dry,Daylight
2020-03-22T07:38:00.000,I 95,I 95 and Pooler Pkwy,,Rear End,2,Clear,Dry,Daylight
2020-02-14T19:21:00.000,I 95,I 95 and Pooler Pkwy,,Angle Crash,2,Clear,Dry,Dark-Not Lighted
2020-11-21T05:20:00.000,I 95,I 95 and Pooler Pkwy,,Angle Crash,2,Clear,Dry,Dark-Lighted
2020-10-30T19:36:00.000,I 95,I 95 and Pooler Pkwy,,Rear End,2,Clear,Dry,Dark-Lighted
2020-10-03T12:54:00.000,I 95,I 95 and Pooler Pkwy,,Not a Collision with Motor Vehicle,2,Clear,Dry,Daylight
2020-06-21T04:10:00.000,I 95,I 95 and Pooler Pkwy,,Angle Crash,2,Clear,Dry,Dark-Not Lighted
2020-07-16T14:10:00.000,I 95,I 95 and Pooler Pkwy,,Rear End,2,Clear,Dry,Daylight
2020-06-21T12:05:00.000,I 95,I 95 and Pooler Pkwy,,Rear End,2,Clear,Dry,Daylight
2020-03-20T12:30:00.000,I 95,I 95 and Pooler Pkwy,,Rear End,2,Clear,Dry,Daylight
2020-03-19T17:04:00.000,I 95,I 95 and Pooler Pkwy,,Not a Collision with Motor Vehicle,1,Clear,Dry,Daylight
2020-08-17T19:23:00.000,I 95,I 95 and Pooler Pkwy,,Sideswipe-Same Direction,2,Clear,Dry,Daylight
2020-10-16T10:00:00.000,I 95,I 95 and Pooler Pkwy,,Not a Collision with Motor Vehicle,1,Clear,Dry,Daylight
2020-12-02T13:08:00.000,I 95,I 95 and Pooler Pkwy,,Not a Collision with Motor Vehicle,1,Clear,Dry,Daylight
2020-07-08T00:02:00.000,I 95,I 95 and Pooler Pkwy,,Angle Crash,1,Cloudy,Wet,Dark-Lighted
2020-06-09T10:40:00.000,I 95,I 95 and Pooler Pkwy,,Angle Crash,2,Cloudy,Dry,Daylight
2020-07-22T12:09:00.000,I 95,I 95 and Pooler Pkwy,,Sideswipe-Same Direction,2,Clear,Dry,Daylight
2020-03-15T07:09:00.000,I 95,I 95 and Pooler Pkwy,,Rear End,2,Clear,Dry,Dark-Lighted
2020-02-14T19:46:00.000,I 95,I 95 and Pooler Pkwy,,Rear End,2,Clear,Dry,Dark-Not Lighted
2020-07-27T17:56:00.000,I 95,I 95 and Pooler Pkwy,,Angle Crash,3,Clear,Dry,Daylight
2020-11-26T20:37:00.000,I 95,I 95 and Pooler Pkwy,,Angle Crash,2,Clear,Dry,Dark-Lighted
2020-10-21T04:13:00.000,I 95,I 95 and Pooler Pkwy,,Not a Collision with Motor Vehicle,1,Rain,Wet,Dark-Not Lighted
2020-09-28T08:10:00.000,I 95,I 95 and Pooler Pkwy,,Angle Crash,2,Rain,Wet,Daylight
2020-04-25T12:10:00.000,I 95,I 95 and Pooler Pkwy,,Not a Collision with Motor Vehicle,2,Clear,Dry,Daylight
2020-08-15T20:37:00.000,I 95,I 95 and Pooler Pkwy,,Not a Collision with Motor Vehicle,1,Clear,Dry,Dark-Lighted
2021-01-27T19:25:00.000,I 95,I 95 and Pooler Pkwy,,Rear End,2,Cloudy,Wet,Dark-Lighted
2021-04-08T16:45:00.000,I 95,I 95 and Pooler Pkwy,,Rear End,2,Clear,Dry,Daylight
2021-01-31T17:18:00.000,I 95,I 95 and Pooler Pkwy,,Rear End,2,Cloudy,Wet,Daylight
2021-05-19T16:30:00.000,I 95,I 95 and Pooler Pkwy,,Sideswipe-Same Direction,2,Clear,Dry,Daylight
2021-02-22T23:15:00.000,I 95,I 95 and Pooler Pkwy,,Sideswipe-Same Direction,2,Clear,Dry,Dark-Not Lighted
2021-02-23T23:55:00.000,I 95,I 95 and Pooler Pkwy,,Not a Collision with Motor Vehicle,1,Clear,Dry,Dark-Lighted
2021-01-12T08:57:00.000,I 95,I 95 and Pooler Pkwy,,Rear End,2,Cloudy,Dry,Daylight
2021-09-24T03:37:00.000,I 95,I 95 and Pooler Pkwy,,Rear End,2,Clear,Dry,Dark-Not Lighted
2021-07-13T10:42:00.000,I 95,I 95 and Pooler Pkwy,,Rear End,2,Clear,Dry,Daylight
2021-11-30T14:46:00.000,I 95,I 95 and Pooler Pkwy,,Sideswipe-Same Direction,2,Clear,Dry,Daylight
2021-11-21T12:50:00.000,I 95,I 95 and Pooler Pkwy,,Sideswipe-Same Direction,2,Clear,Dry,Daylight
2021-10-20T17:38:00.000,I 95,I 95 and Pooler Pkwy,,Rear End,2,Clear,Dry,Daylight
2021-09-06T15:44:00.000,I 95,I 95 and Pooler Pkwy,,Rear End,2,Clear,Dry,Daylight
2021-10-09T13:13:00.000,I 95,I 95 and Pooler Pkwy,,Rear End,2,Clear,Dry,Daylight
2021-08-07T20:40:00.000,I 95,I 95 and Pooler Pkwy,,Rear End,2,Cloudy,Wet,Dark-Lighted
2022-06-28T17:00:00.000,I 95,I 95 and Pooler Pkwy,,Sideswipe-Same Direction,2,Cloudy,Dry,Daylight
2021-07-09T17:05:00.000,I 95,I 95 and Pooler Pkwy,,Rear End,2,Clear,Dry,Daylight
2021-07-20T18:34:00.000,I 95,I 95 and Pooler Pkwy,,Sideswipe-Same Direction,2,Clear,Dry,Daylight
2021-10-13T09:41:00.000,I 95,I 95 and Pooler Pkwy,,Sideswipe-Same Direction,2,Clear,Dry,Daylight
2021-08-03T17:51:00.000,I 95,I 95 and Pooler Pkwy,,Sideswipe-Same Direction,2,Rain,Wet,Daylight
2022-09-06T16:38:00.000,I 95,I 95 and Pooler Pkwy,,Sideswipe-Same Direction,2,Clear,Dry,Daylight
2022-09-16T12:38:00.000,I 95,I 95 and Pooler Pkwy,,Sideswipe-Same Direction,2,Clear,Dry,Daylight
2022-05-21T13:21:00.000,I 95,I 95 and Pooler Pkwy,,Rear End,2,Clear,Dry,Daylight
2022-02-17T12:05:00.000,I 95,I 95 and Pooler Pkwy,,Sideswipe-Same Direction,2,Clear,Dry,Daylight
2022-07-06T23:22:00.000,I 95,I 95 and Pooler Pkwy,,Rear End,2,Clear,Dry,Dark-Lighted
2022-07-31T16:56:00.000,I 95,I 95 and Pooler Pkwy,,Rear End,2,Clear,Dry,Daylight
2022-10-21T16:59:00.000,I 95,I 95 and Pooler Pkwy,,Rear End,2,Clear,Dry,Daylight
2022-03-13T17:19:00.000,I 95,I 95 and Pooler Pkwy,,Rear End,2,Clear,Dry,Daylight
2022-03-15T09:50:00.000,I 95,I 95 and Pooler Pkwy,,Not a Collision with Motor Vehicle,1,Clear,Dry,Daylight
2022-11-03T17:08:00.000,I 95,I 95 and Pooler Pkwy,,Sideswipe-Same Direction,2,Clear,Dry,Daylight
2022-12-28T13:15:00.000,I 95,I 95 and Pooler Pkwy,,Rear End,2,Clear,Dry,Daylight
2021-07-01T11:45:00.000,I 95,I 95 and Pooler Pkwy,,Rear End,3,Clear,Dry,Daylight
2022-08-02T12:35:00.000,I 95,I 95 and Pooler Pkwy,,Sideswipe-Same Direction,2,Clear,Dry,Daylight
2022-11-08T14:00:00.000,I 95,I 95 and Pooler Pkwy,,Sideswipe-Same Direction,2,Clear,Dry,Daylight
2022-08-05T12:55:00.000,I 95,I 95 and Pooler Pkwy,,Sideswipe-Same Direction,2,Clear,Dry,Daylight
2022-06-13T14:34:00.000,I 95,I 95 and Pooler Pkwy,,Not a Collision with Motor Vehicle,1,Clear,Dry,Daylight
2022-12-14T19:15:00.000,I 95,I 95 and Pooler Pkwy,,Rear End,2,Clear,Dry,Dark-Lighted
2022-07-29T15:14:00.000,I 95,I 95 and Pooler Pkwy,,Sideswipe-Same Direction,2,Clear,Dry,Daylight
2022-09-26T12:15:00.000,I 95,I 95 and Pooler Pkwy,,Rear End,3,Clear,Dry,Daylight
2022-04-25T12:23:00.000,I 95,I 95 and Pooler Pkwy,,Rear End,2,Clear,Dry,Daylight
2022-09-26T17:14:00.000,I 95,I 95 and Pooler Pkwy,,Sideswipe-Same Direction,2,Clear,Dry,Daylight
2022-03-05T12:27:00.000,I 95,I 95 and Pooler Pkwy,,Rear End,3,Clear,Dry,Daylight
2022-12-02T17:50:00.000,I 95,I 95 and Pooler Pkwy,,Rear End,2,Clear,Dry,Dusk
2022-08-12T16:09:00.000,I 95,I 95 and Pooler Pkwy,,Sideswipe-Same Direction,3,Cloudy,Dry,Daylight
2022-02-11T14:10:00.000,I 95,I 95 and Pooler Pkwy,,Rear End,2,Clear,Dry,Daylight
2022-08-11T05:21:00.000,I 95,I 95 and Pooler Pkwy,,Rear End,2,Cloudy,Dry,Dark-Lighted
2022-01-29T12:32:00.000,I 95,I 95 and Pooler Pkwy,,Not a Collision with Motor Vehicle,1,Clear,Dry,Daylight
2022-01-18T08:59:00.000,I 95,I 95 and Pooler Pkwy,,Rear End,2,Clear,Dry,Daylight
2022-04-07T15:25:00.000,I 95,I 95 and Pooler Pkwy,,Not a Collision with Motor Vehicle,2,Clear,Dry,Daylight
2022-11-23T17:08:00.000,I 95,I 95 and Pooler Pkwy,,Rear End,2,Clear,Dry,Daylight
2022-10-19T05:50:00.000,I 95,I 95 and Pooler Pkwy,,Angle Crash,3,Clear,Dry,Dark-Not Lighted
2022-08-12T07:53:00.000,I 95,I 95 and Pooler Pkwy,,Not a Collision with Motor Vehicle,2,Cloudy,Dry,Daylight
2022-05-10T20:57:00.000,I 95,I 95 and Pooler Pkwy,,Sideswipe-Same Direction,2,Clear,Dry,Dark-Lighted
2022-10-25T16:43:00.000,I 95,I 95 and Pooler Pkwy,,Sideswipe-Same Direction,2,Clear,Dry,Daylight
2022-05-23T14:37:00.000,I 95,I 95 and Pooler Pkwy,,Angle Crash,2,Clear,Dry,Daylight
2022-09-09T12:35:00.000,I 95,I 95 and Pooler Pkwy,,Rear End,2,Rain,Wet,Daylight
2023-12-16T02:10:00.000,I 95,I 95 and Pooler Pkwy,,Rear End,2,Clear,Dry,Dark-Not Lighted
2023-01-11T06:38:00.000,I 95,I 95 and Pooler Pkwy,,Sideswipe-Same Direction,2,Clear,Dry,Dark-Not Lighted
2024-11-21T18:58:00.000,I 95,I 95 and Pooler Pkwy,,Rear End,2,Clear,Dry,Dark-Not Lighted
2024-09-21T20:43:00.000,I 95,I 95 and Pooler Pkwy,,Sideswipe-Same Direction,2,Clear,Dry,Dark-Not Lighted
2024-08-15T10:20:00.000,I 95,I 95 and Pooler Pkwy,,Rear End,2,Clear,Dry,Daylight
2024-07-31T06:15:00.000,I 95,I 95 and Pooler Pkwy,,Sideswipe-Same Direction,2,Clear,Dry,Daylight
2024-07-07T09:40:00.000,I 95,I 95 and Pooler Pkwy,,Not a Collision with Motor Vehicle,2,Clear,Dry,Daylight
2024-11-26T17:25:00.000,I 95,I 95 and Pooler Pkwy,,Rear End,2,Cloudy,Wet,Dark-Not Lighted
2024-11-15T18:00:00.000,I 95,I 95 and Pooler Pkwy,,Rear End,2,Clear,Dry,Daylight
2024-09-29T11:52:00.000,I 95,I 95 and Pooler Pkwy,,Rear End,2,Clear,Dry,Daylight
2024-05-20T08:06:00.000,I 95,I 95 and Pooler Pkwy,,Sideswipe-Same Direction,2,Clear,Dry,Daylight
2024-08-01T14:30:00.000,I 95,I 95 and Pooler Pkwy,,Not a Collision with Motor Vehicle,2,Clear,Dry,Daylight
2024-06-25T17:10:00.000,I 95,I 95 and Pooler Pkwy,,Not a Collision with Motor Vehicle,1,Clear,Dry,Daylight
2023-11-02T00:00:00.000,I 95,I 95 and Pooler Pkwy,,Rear End,2,Clear,Dry,Daylight
2023-10-12T18:23:00.000,I 95,I 95 and Pooler Pkwy,,Rear End,2,Clear,Dry,Daylight
2023-12-28T20:05:00.000,I 95,I 95 and Pooler Pkwy,,Angle Crash,2,Clear,Dry,Dark-Not Lighted
2023-02-15T07:49:00.000,I 95,I 95 and Pooler Pkwy,,Rear End,2,Clear,Dry,Daylight
2023-11-06T10:07:00.000,I 95,I 95 and Pooler Pkwy,,Not a Collision with Motor Vehicle,2,Clear,Dry,Daylight
2023-06-30T15:40:00.000,I 95,I 95 and Pooler Pkwy,,Sideswipe-Same Direction,2,Clear,Dry,Daylight
2023-12-20T18:15:00.000,I 95,I 95 and Pooler Pkwy,,Angle Crash,2,Clear,Dry,Dark-Lighted
2023-05-21T22:15:00.000,I 95,I 95 and Pooler Pkwy,,Sideswipe-Same Direction,2,Clear,Dry,Dark-Lighted
2023-01-08T19:10:00.000,I 95,I 95 and Pooler Pkwy,,Sideswipe-Same Direction,2,Clear,Dry,Daylight
2024-01-27T14:20:00.000,I 95,I 95 and Pooler Pkwy,,Sideswipe-Same Direction,2,Cloudy,Dry,Daylight
2024-04-30T01:17:00.000,I 95,I 95 and Pooler Pkwy,,Not a Collision with Motor Vehicle,1,Clear,Dry,Dark-Lighted
2024-05-17T21:10:00.000,I 95,I 95 and Pooler Pkwy,,Rear End,2,Clear,Dry,Daylight
2024-08-07T21:00:00.000,I 95,I 95 and Pooler Pkwy,,Sideswipe-Same Direction,2,Rain,Wet,Dark-Lighted
2024-04-24T16:02:00.000,I 95,I 95 and Pooler Pkwy,,Sideswipe-Same Direction,3,Clear,Dry,Daylight
2024-02-10T17:55:00.000,I 95,I 95 and Pooler Pkwy,,Rear End,2,Clear,Dry,Dark-Lighted
2024-11-01T16:04:00.000,I 95,I 95 and Pooler Pkwy,,Rear End,2,Clear,Dry,Daylight
2024-02-28T16:19:00.000,I 95,I 95 and Pooler Pkwy,,Rear End,2,Clear,Dry,Daylight
2024-08-21T06:46:00.000,I 95,I 95 and Pooler Pkwy,,Not a Collision with Motor Vehicle,1,Clear,Dry,Daylight
2024-08-30T00:37:00.000,I 95,I 95 and Pooler Pkwy,,Rear End,2,Clear,Dry,Dark-Not Lighted
2024-05-08T16:20:00.000,I 95,I 95 and Pooler Pkwy,,Sideswipe-Same Direction,2,Clear,Dry,Daylight
2024-06-14T19:05:00.000,I 95,I 95 and Pooler Pkwy,,Sideswipe-Same Direction,2,Clear,Dry,Daylight
2024-04-14T20:39:00.000,I 95,I 95 and Pooler Pkwy,,Not a Collision with Motor Vehicle,1,Clear,Dry,Dark-Not Lighted
2024-04-05T07:10:00.000,I 95,I 95 and Pooler Pkwy,,Sideswipe-Same Direction,2,Clear,Dry,Daylight
2024-04-20T11:40:00.000,I 95,I 95 and Pooler Pkwy,,Rear End,2,Cloudy,Dry,Daylight
2024-12-17T07:31:00.000,I 95,I 95 and Pooler Pkwy,,Sideswipe-Same Direction,3,Rain,Wet,Daylight
2024-10-13T15:55:00.000,I 95,I 95 and Pooler Pkwy,,Sideswipe-Same Direction,2,Clear,Dry,Daylight
2024-11-04T22:15:00.000,I 95,I 95 and Pooler Pkwy,,Rear End,2,Clear,Dry,Dark-Not Lighted
2024-10-16T14:27:00.000,I 95,I 95 and Pooler Pkwy,,Not a Collision with Motor Vehicle,2,Clear,Dry,Daylight
2024-09-28T11:20:00.000,I 95,I 95 and Pooler Pkwy,,Rear End,4,Clear,Dry,Daylight
2024-11-01T17:04:00.000,I 95,I 95 and Pooler Pkwy,,Sideswipe-Same Direction,2,Clear,Dry,Daylight
2024-12-17T07:48:00.000,I 95,I 95 and Pooler Pkwy,,Rear End,3,Rain,Wet,Dusk
2024-01-23T06:30:00.000,I 95,I 95 and Pooler Pkwy,,Rear End,2,Clear,(None),(None)
2024-07-01T15:21:00.000,I 95,I 95 and Pooler Pkwy,,Rear End,2,Rain,Wet,Daylight