Date and Time,Roadway (From Crash Report),Intersection Name (from Crash Report),KABCO Severity,Manner of Collision (Crash Level) ,# of Vehicles per crash ,Weather Conditions (Crash Level),Surface Condition (Crash Level) ,Light Conditions (Crash Level)
2024-11-11T11:26:00.000,I 95,I 95 and Pooler Pkwy,,Rear End,2,Clear,Dry,Daylight
2024-11-17T14:50:00.000,I 95,I 95 and Pooler Pkwy,,Rear End,3,Clear,Dry,Daylight
2024-07-21T13:44:00.000,I 95,I 95 and Pooler Pkwy,,Rear End,2,Clear,Dry,Daylight
2024-05-28T21:10:00.000,I 95,I 95 and Pooler Pkwy,,Rear End,2,Clear,Dry,Dark-Lighted
2021-05-21T11:15:00.000,I 95,I 95 and Pooler Parway,,Rear End,2,Clear,Dry,Daylight
2021-06-03T18:30:00.000,I 95,I 95 and Pooler Parkway Exit 104,,Not a Collision with Motor Vehicle,1,Rain,Wet,Daylight
2020-09-11T14:38:00.000,I 95,I 95 and Pooler Park Way,,Rear End,2,Cloudy,Wet,Daylight
2024-08-31T22:15:00.000,I 95,I 95 and Pooler,,Not a Collision with Motor Vehicle,1,Clear,Dry,Dark-Not Lighted
2024-05-31T12:20:00.000,I 95,I 95 and Pleasant Hill Rd,,Sideswipe-Same Direction,2,Clear,Dry,Daylight
2023-11-17T18:05:00.000,I 95,I 95 and Pinebarren Rd,,Not a Collision with Motor Vehicle,2,Cloudy,Dry,Dark-Not Lighted
2020-11-28T22:57:00.000,I 95,I 95 and Pine Barren Road Opas,,Not a Collision with Motor Vehicle,1,Cloudy,Dry,Dark-Not Lighted
2024-10-28T14:46:00.000,I 95,I 95 and Pine Barren Road Opas,,Not a Collision with Motor Vehicle,1,Clear,Dry,Daylight
2022-05-08T11:39:00.000,I 95,I 95 and Pine Barren Rd,,Sideswipe-Same Direction,2,Cloudy,Dry,Daylight
2020-11-16T14:24:00.000,I 95,I 95 and Pine Barren Rd,,Not a Collision with Motor Vehicle,1,Clear,Dry,Daylight
2020-06-09T06:50:00.000,I 95,I 95 and Pine Barren Rd,,Angle Crash,2,Clear,Dry,Daylight
2020-02-19T13:20:00.000,I 95,I 95 and Pine Barren Rd,,Rear End,3,Cloudy,Dry,Daylight
2020-07-24T14:39:00.000,I 95,I 95 and Pine Barren Rd,,Rear End,2,Rain,Wet,Daylight
2021-07-01T19:45:00.000,I 95,I 95 and Pine Barren Rd,,Sideswipe-Same Direction,2,Clear,Dry,Daylight
2022-06-22T16:12:00.000,I 95,I 95 and Pine Barren Rd,,Not a Collision with Motor Vehicle,1,Clear,Dry,Daylight
2022-04-28T07:44:00.000,I 95,I 95 and Pine Barren Rd,,Rear End,2,Clear,Dry,Daylight
2022-10-20T10:28:00.000,I 95,I 95 and Pine Barren Rd,,Not a Collision with Motor Vehicle,1,Clear,Dry,Daylight
2022-11-03T09:32:00.000,I 95,I 95 and Pine Barren Rd,,Rear End,2,Clear,Dry,Daylight
2022-10-20T11:30:00.000,I 95,I 95 and Pine Barren Rd,,Rear End,2,Clear,Dry,Daylight
2022-10-20T11:30:00.000,I 95,I 95 and Pine Barren Rd,,Rear End,3,Clear,Dry,Daylight
2022-07-21T14:57:00.000,I 95,I 95 and Pine Barren Rd,,Rear End,2,Rain,Wet,Daylight
2024-11-21T22:59:00.000,I 95,I 95 and Pine Barren Rd,,Sideswipe-Same Direction,2,Clear,Dry,Dark-Not Lighted
2021-11-03T07:10:00.000,I 95,I 95 and Pine Barren,,Sideswipe-Same Direction,3,Clear,Dry,Daylight
2022-07-24T13:35:00.000,I 95,I 95 and Pine Barren,,Angle Crash,2,Cloudy,Dry,Daylight
2023-11-21T15:23:00.000,I 95,I 95 and Pine Barren,,Rear End,2,Cloudy,Dry,Daylight
2022-10-11T22:01:00.000,I 95,I 95 and Overpass For Old Jesup Rd,,Rear End,2,Clear,Dry,Dark-Not Lighted
2020-02-07T23:19:00.000,I 95,I 95 and Ouacco Rd,,Angle Crash,3,Clear,Dry,Dark-Not Lighted
2020-12-16T08:17:00.000,I 95,I 95 and On Ramp To I16 From I95,,Sideswipe-Same Direction,2,Cloudy,Wet,Daylight
2023-02-03T11:20:00.000,I 95,I 95 and On Ramp To I16,,Not a Collision with Motor Vehicle,1,Rain,Wet,Daylight
2023-01-21T07:46:00.000,I 95,I 95 and On Ramp To I16,,Not a Collision with Motor Vehicle,1,Cloudy,Dry,Daylight
2021-07-05T16:19:00.000,I 95,I 95 and On Ramp To I16,,Rear End,2,Clear,Dry,Daylight
2021-07-19T15:37:00.000,I 95,I 95 and On Ramp To I16,,Sideswipe-Same Direction,2,Cloudy,Wet,Daylight
2020-08-19T17:24:00.000,I 95,I 95 and On Ramp To 109,,Not a Collision with Motor Vehicle,1,Rain,Wet,Daylight
2022-12-26T13:45:00.000,I 95,I 95 and On Ramp Of I95 And Ga25,,Angle Crash,3,Clear,Dry,Daylight
2021-07-05T18:12:00.000,I 95,I 95 and On Ramp I16,,Sideswipe-Same Direction,2,Cloudy,Dry,Daylight
2022-06-12T23:30:00.000,I 95,I 95 and On Ramp From Abercorn St,,Sideswipe-Same Direction,2,Clear,Dry,Dark-Not Lighted
2023-11-27T17:54:00.000,I 95,I 95 and On Ramp For 109,,Angle Crash,3,Clear,Dry,Dark-Lighted
2022-10-11T22:02:00.000,I 95,I 95 and On Overpass For Old Jesup Rd,,Angle Crash,3,Clear,Dry,Dark-Not Lighted
2020-05-31T12:40:00.000,I 95,I 95 and Old Jesup Rd,,Angle Crash,1,Clear,Dry,Daylight
2020-02-07T21:10:00.000,I 95,I 95 and Old Jesup Rd,,Not a Collision with Motor Vehicle,1,Clear,Dry,Dark-Lighted
2022-10-03T17:47:00.000,I 95,I 95 and Ogeeechee Rd.,,Rear End,2,Clear,Dry,Daylight
2021-01-06T20:31:00.000,I 95,I 95 and Ogeechee River Bryan Chatham Line,,Not a Collision with Motor Vehicle,1,Clear,Dry,Dark-Not Lighted
2020-11-10T20:08:00.000,I 95,I 95 and Ogeechee River Brg,,Head On,1,Rain,Wet,Dark-Not Lighted
2024-10-20T06:20:00.000,I 95,I 95 and Off Rp,,Not a Collision with Motor Vehicle,1,Clear,Dry,Dark-Not Lighted
2024-08-03T13:45:00.000,I 95,I 95 and Off Ramp To Pooler Pkwy,,Rear End,2,Cloudy,Dry,Daylight
2022-05-13T09:53:00.000,I 95,I 95 and Off Ramp To I16,,Angle Crash,2,Cloudy,Dry,Daylight
2022-05-13T09:50:00.000,I 95,I 95 and Off Ramp To I16,,Sideswipe-Same Direction,2,Cloudy,Dry,Daylight
2021-06-01T12:00:00.000,I 95,I 95 and Off Ramp To Hwy 204,,Rear End,2,Clear,Dry,Daylight
2020-10-30T14:33:00.000,I 95,I 95 and Off Ramp Of I95 To Highway 80,,Not a Collision with Motor Vehicle,1,Clear,Dry,Daylight
2022-01-27T06:15:00.000,I 95,I 95 and Off Ramp 204,,Not a Collision with Motor Vehicle,1,Clear,Dry,Dawn
2024-11-30T11:48:00.000,I 95,I 95 and Ocean Hwy,,Sideswipe-Same Direction,2,Clear,Dry,Daylight
2024-12-30T07:12:00.000,I 95,I 95 and New Jesup Hwy,,Not a Collision with Motor Vehicle,1,Fog,Dry,Daylight
2024-04-03T12:20:00.000,I 95,I 95 and New Jesup Hwy,,Not a Collision with Motor Vehicle,1,Rain,Wet,Daylight
2023-03-23T00:31:00.000,I 95,I 95 and N Of Exit 76,,Not a Collision with Motor Vehicle,1,Clear,Dry,Dark-Not Lighted
2020-09-02T13:40:00.000,I 95,I 95 and N Edge Of Turtle River Bri,,Rear End,2,Cloudy,Dry,Daylight
2024-12-21T03:35:00.000,I 95,I 95 and N  84 Mile Marker,,Sideswipe-Same Direction,1,Clear,Dry,Dark-Not Lighted
2021-02-26T17:15:00.000,I 95,I 95 and Mp 112,,Not a Collision with Motor Vehicle,2,Clear,Dry,Daylight
2021-10-28T18:57:00.000,I 95,I 95 and Monteith Rd,,Angle Crash,4,Rain,Wet,Daylight
2020-07-24T15:26:00.000,I 95,I 95 and Monteith Rd,,Sideswipe-Same Direction,2,Cloudy,Wet,Daylight
2021-12-27T09:10:00.000,I 95,I 95 and Monteith Opas,,Sideswipe-Same Direction,2,Clear,Dry,Daylight
2022-03-13T11:15:00.000,I 95,I 95 and Mm54-57,,Sideswipe-Same Direction,2,Clear,Dry,Daylight
2020-05-17T14:37:00.000,I 95,I 95 and Mm49 Entrance Rp,,Sideswipe-Same Direction,2,Clear,Dry,Daylight
2023-03-10T17:27:00.000,I 95,I 95 and Mm110,,Sideswipe-Same Direction,2,Clear,Dry,Dawn
2024-05-16T15:30:00.000,I 95,I 95 and Mm110,,Sideswipe-Same Direction,2,Clear,Dry,Daylight
2023-03-10T10:20:00.000,I 95,I 95 and Mm109,,Rear End,4,Cloudy,Wet,Daylight
2020-11-29T17:25:00.000,I 95,I 95 and Mm108,,Rear End,2,Clear,Wet,Dark-Not Lighted
2022-10-11T14:55:00.000,I 95,I 95 and Mm106,,Rear End,2,Clear,Dry,Daylight
2021-02-22T18:30:00.000,I 95,I 95 and Mm105,,Sideswipe-Same Direction,2,Clear,Dry,Dark-Not Lighted
2022-07-23T21:42:00.000,I 95,I 95 and Mm105,,Sideswipe-Same Direction,3,Cloudy,Dry,Dark-Not Lighted
2024-01-29T22:47:00.000,I 95,I 95 and Mm102,,Angle Crash,2,Clear,Dry,Dark-Lighted
2024-06-13T14:33:00.000,I 95,I 95 and Mm102,,Rear End,2,Clear,Dry,Daylight
2023-06-18T13:24:00.000,I 95,I 95 and Mm.98,,Rear End,2,Clear,Dry,Daylight
2022-06-14T16:20:00.000,I 95,I 95 and Mm-99,,Sideswipe-Same Direction,2,Cloudy,Dry,Daylight
2022-12-22T07:25:00.000,I 95,I 95 and Mm-90,,Angle Crash,1,Cloudy,Wet,Daylight
2022-03-12T09:00:00.000,I 95,I 95 and Mm-87,,Angle Crash,5,Cloudy,Wet,Daylight
2024-07-04T04:18:00.000,I 95,I 95 and Mm-25,,Angle Crash,2,Clear,Dry,Dark-Not Lighted
2020-11-30T15:00:00.000,I 95,I 95 and Mm-112,,Not a Collision with Motor Vehicle,1,Cloudy,Dry,Daylight
2024-01-20T14:51:00.000,I 95,I 95 and Mm-109,,Sideswipe-Same Direction,2,Clear,Dry,Daylight
2024-07-09T19:51:00.000,I 95,I 95 and Mm-109,,Sideswipe-Same Direction,2,Cloudy,Dry,Daylight
2024-01-20T14:51:00.000,I 95,I 95 and Mm-109,,Sideswipe-Same Direction,2,Clear,Dry,Daylight
2022-03-17T07:12:00.000,I 95,I 95 and Mm-108,,Not a Collision with Motor Vehicle,1,Clear,Dry,Dawn
2022-05-06T19:50:00.000,I 95,I 95 and Mm-104,,Sideswipe-Same Direction,2,Cloudy,Dry,Daylight
2023-07-22T19:45:00.000,I 95,I 95 and Mm-102,,Not a Collision with Motor Vehicle,1,Cloudy,Dry,Daylight
2024-11-04T17:17:00.000,I 95,I 95 and Mm 99B,,Sideswipe-Same Direction,2,Cloudy,Wet,Daylight
2023-09-26T23:19:00.000,I 95,I 95 and Mm 99A   I16,,Angle Crash,3,Rain,Wet,Dark-Not Lighted
2023-07-16T16:52:00.000,I 95,I 95 and Mm 99A,,Sideswipe-Same Direction,2,Clear,Dry,Daylight
2021-04-28T07:41:00.000,I 95,I 95 and Mm 99,,Rear End,3,Clear,Dry,Daylight
2021-02-06T20:09:00.000,I 95,I 95 and Mm 99,,Angle Crash,2,Rain,Wet,Dark-Not Lighted
2023-08-10T21:43:00.000,I 95,I 95 and Mm 99,,Sideswipe-Same Direction,2,Clear,Dry,Dark-Not Lighted
2023-11-07T15:01:00.000,I 95,I 95 and Mm 99,,Sideswipe-Same Direction,2,Clear,Dry,Daylight
2022-12-13T02:02:00.000,I 95,I 95 and Mm 99,,Angle Crash,2,Clear,Dry,Dark-Not Lighted
2022-05-22T17:14:00.000,I 95,I 95 and Mm 99,,Sideswipe-Same Direction,2,Clear,Dry,Daylight
2022-05-07T16:46:00.000,I 95,I 95 and Mm 99,,Angle Crash,3,Clear,Dry,Daylight
2022-06-17T17:13:00.000,I 95,I 95 and Mm 99,,Sideswipe-Same Direction,2,Clear,Dry,Daylight
2022-12-30T14:38:00.000,I 95,I 95 and Mm 99,,Rear End,2,Cloudy,Wet,Daylight
2024-12-18T19:58:00.000,I 95,I 95 and Mm 99,,Sideswipe-Same Direction,2,Cloudy,Dry,Dusk
2024-08-11T01:10:00.000,I 95,I 95 and Mm 99,,Not a Collision with Motor Vehicle,1,Clear,Dry,Dark-Lighted
2023-12-17T05:40:00.000,I 95,I 95 and Mm 99,,Not a Collision with Motor Vehicle,1,Rain,Wet,Dark-Not Lighted
2023-12-12T07:45:00.000,I 95,I 95 and Mm 99,,Rear End,2,Clear,Dry,Daylight
2024-07-12T10:30:00.000,I 95,I 95 and Mm 99,,Sideswipe-Same Direction,2,Clear,Dry,Daylight
2024-04-23T15:00:00.000,I 95,I 95 and Mm 99,,Rear End,2,Clear,Dry,Daylight
2024-08-05T13:20:00.000,I 95,I 95 and Mm 99,,Not a Collision with Motor Vehicle,1,Rain,Wet,Daylight
2024-07-31T17:27:00.000,I 95,I 95 and Mm 99,,Angle Crash,2,Clear,Dry,Daylight
2024-10-21T07:30:00.000,I 95,I 95 and Mm 99,,Rear End,2,Clear,Dry,Daylight
2021-09-07T19:30:00.000,I 95,I 95 and Mm 98,,Not a Collision with Motor Vehicle,2,Clear,Dry,Dusk
2020-09-01T04:11:00.000,I 95,I 95 and Mm 98,,Angle Crash,4,Clear,Dry,Dark-Not Lighted
2022-01-10T06:29:00.000,I 95,I 95 and Mm 98,,Sideswipe-Same Direction,2,Cloudy,Wet,Dawn
2024-11-07T05:47:00.000,I 95,I 95 and Mm 98,,Rear End,2,Rain,Wet,Dark-Lighted
2024-06-05T16:42:00.000,I 95,I 95 and Mm 98,,Rear End,2,Rain,Wet,Daylight
2020-10-30T23:41:00.000,I 95,I 95 and Mm 975,,Rear End,2,Clear,Dry,Dark-Not Lighted
2021-05-25T18:11:00.000,I 95,I 95 and Mm 97,,Sideswipe-Same Direction,2,Clear,Dry,Daylight
2020-11-03T01:46:00.000,I 95,I 95 and Mm 97,,Not a Collision with Motor Vehicle,1,Clear,Dry,Dark-Not Lighted
2020-04-28T18:16:00.000,I 95,I 95 and Mm 97,,Rear End,2,Clear,Dry,Daylight
2022-09-09T07:40:00.000,I 95,I 95 and Mm 97,,Not a Collision with Motor Vehicle,1,Rain,Wet,Daylight
2023-09-01T14:39:00.000,I 95,I 95 and Mm 97,,Angle Crash,2,Clear,Dry,Daylight
2021-03-11T15:00:00.000,I 95,I 95 and Mm 96,,Sideswipe-Same Direction,2,Clear,Dry,Daylight
2021-08-14T16:16:00.000,I 95,I 95 and Mm 96,,Not a Collision with Motor Vehicle,1,Cloudy,Dry,Daylight
2023-03-16T09:18:00.000,I 95,I 95 and Mm 96,,Rear End,2,Clear,Dry,Daylight
2022-12-21T09:30:00.000,I 95,I 95 and Mm 96,,Not a Collision with Motor Vehicle,2,Cloudy,Wet,Daylight
2022-08-17T08:56:00.000,I 95,I 95 and Mm 96,,Sideswipe-Same Direction,2,Clear,Dry,Daylight
2022-02-03T10:20:00.000,I 95,I 95 and Mm 96,,Sideswipe-Same Direction,2,Cloudy,Dry,Daylight
2022-10-27T08:45:00.000,I 95,I 95 and Mm 96,,Sideswipe-Same Direction,2,Cloudy,Dry,Daylight
2024-10-06T11:25:00.000,I 95,I 95 and Mm 96,,Not a Collision with Motor Vehicle,1,Cloudy,Dry,Daylight
2024-01-15T18:21:00.000,I 95,I 95 and Mm 96,,Sideswipe-Same Direction,2,Clear,Dry,Dark-Not Lighted
2024-08-06T14:24:00.000,I 95,I 95 and Mm 96,,Sideswipe-Same Direction,2,Rain,Wet,Daylight
2021-01-14T14:00:00.000,I 95,I 95 and Mm 95,,Not a Collision with Motor Vehicle,1,Clear,Dry,Daylight
2021-12-19T09:05:00.000,I 95,I 95 and Mm 95,,Sideswipe-Same Direction,2,Rain,Wet,Daylight
2023-07-17T17:00:00.000,I 95,I 95 and Mm 95,,Sideswipe-Same Direction,2,Rain,Wet,Daylight
2022-01-15T18:39:00.000,I 95,I 95 and Mm 95,,Angle Crash,2,Cloudy,Dry,Dark-Not Lighted
2020-09-28T05:08:00.000,I 95,I 95 and Mm 95,,Sideswipe-Same Direction,2,Clear,Wet,Dark-Not Lighted
2021-01-13T10:15:00.000,I 95,I 95 and Mm 95,,Not a Collision with Motor Vehicle,2,Cloudy,Dry,Daylight
2021-09-17T22:57:00.000,I 95,I 95 and Mm 95,,Sideswipe-Same Direction,2,Clear,Dry,Dark-Not Lighted
2021-10-13T16:40:00.000,I 95,I 95 and Mm 95,,Sideswipe-Same Direction,2,Clear,Dry,Daylight
2024-10-19T05:20:00.000,I 95,I 95 and Mm 95,,Angle Crash,1,Clear,Dry,Dark-Not Lighted
2024-02-23T09:30:00.000,I 95,I 95 and Mm 95,,Not a Collision with Motor Vehicle,1,Rain,Wet,Daylight
2024-12-23T18:15:00.000,I 95,I 95 and Mm 94 On Rp,,Rear End,4,Rain,Wet,Dark-Lighted
2021-08-19T08:01:00.000,I 95,I 95 and Mm 94,,Head On,1,Clear,Dry,Daylight
2020-12-18T03:30:00.000,I 95,I 95 and Mm 94,,Not a Collision with Motor Vehicle,1,Clear,Dry,Dark-Not Lighted
2023-03-10T15:01:00.000,I 95,I 95 and Mm 94,,Rear End,2,Rain,Wet,Daylight
2023-10-20T16:49:00.000,I 95,I 95 and Mm 94,,Rear End,2,Cloudy,Wet,Daylight
2022-02-13T01:00:00.000,I 95,I 95 and Mm 94,,Sideswipe-Same Direction,2,Clear,Dry,Dark-Not Lighted
2020-10-29T14:13:00.000,I 95,I 95 and Mm 94,,Rear End,2,Rain,Wet,Daylight
2020-07-15T08:00:00.000,I 95,I 95 and Mm 94,,Not a Collision with Motor Vehicle,1,Clear,Dry,Daylight
2020-04-03T07:05:00.000,I 95,I 95 and Mm 94,,Not a Collision with Motor Vehicle,1,Clear,Dry,Daylight
2020-04-13T16:59:00.000,I 95,I 95 and Mm 94,,Rear End,3,Clear,Dry,Daylight
2020-10-29T14:00:00.000,I 95,I 95 and Mm 94,,Rear End,2,Rain,Wet,Daylight
2020-09-29T16:20:00.000,I 95,I 95 and Mm 94,,Sideswipe-Same Direction,2,Rain,Wet,Daylight
2022-05-17T16:47:00.000,I 95,I 95 and Mm 94,,Not a Collision with Motor Vehicle,1,Clear,Dry,Daylight
2022-06-22T16:30:00.000,I 95,I 95 and Mm 94,,Sideswipe-Same Direction,1,Clear,Dry,Daylight
2022-03-27T14:03:00.000,I 95,I 95 and Mm 94,,Sideswipe-Same Direction,2,Clear,Dry,Daylight
2024-08-10T12:32:00.000,I 95,I 95 and Mm 94,,Rear End,2,Clear,Dry,Daylight
2023-11-17T15:00:00.000,I 95,I 95 and Mm 94,,Rear End,4,Clear,Dry,Daylight
2024-03-09T07:07:00.000,I 95,I 95 and Mm 94,,Sideswipe-Same Direction,2,Cloudy,Wet,Dark-Not Lighted
2024-12-27T14:12:00.000,I 95,I 95 and Mm 94,,(None),3,(None),(None),(None)
2024-11-27T19:00:00.000,I 95,I 95 and Mm 94,,Rear End,4,Clear,Dry,Dark-Not Lighted
2021-05-12T11:12:00.000,I 95,I 95 and Mm 93,,Sideswipe-Same Direction,2,Clear,Dry,Daylight
2020-06-12T01:20:00.000,I 95,I 95 and Mm 93,,Not a Collision with Motor Vehicle,1,Cloudy,Dry,Dark-Not Lighted
2020-10-02T13:57:00.000,I 95,I 95 and Mm 93,,Head On,2,Clear,Dry,Daylight
2022-11-04T15:45:00.000,I 95,I 95 and Mm 93,,Sideswipe-Same Direction,2,Clear,Dry,Daylight
2024-09-07T19:00:00.000,I 95,I 95 and Mm 93,,Rear End,2,Clear,Dry,Daylight
2024-07-23T13:34:00.000,I 95,I 95 and Mm 93,,Not a Collision with Motor Vehicle,3,Clear,Dry,Daylight
2024-06-13T11:43:00.000,I 95,I 95 and Mm 93,,Angle Crash,2,Cloudy,Dry,Daylight
2024-08-25T14:20:00.000,I 95,I 95 and Mm 93,,Sideswipe-Same Direction,2,Clear,Dry,Daylight
2023-07-02T15:40:00.000,I 95,I 95 and Mm 92,,Not a Collision with Motor Vehicle,1,Clear,Dry,Daylight
2020-03-07T00:17:00.000,I 95,I 95 and Mm 92,,Not a Collision with Motor Vehicle,1,Clear,Dry,Dark-Not Lighted
2022-01-11T16:09:00.000,I 95,I 95 and Mm 92,,Head On,1,Clear,Dry,Daylight
2022-11-06T08:43:00.000,I 95,I 95 and Mm 92,,Sideswipe-Same Direction,2,Cloudy,Dry,Daylight
2024-06-21T13:29:00.000,I 95,I 95 and Mm 92,,Angle Crash,2,Cloudy,Dry,Daylight
2024-04-23T08:57:00.000,I 95,I 95 and Mm 92,,Not a Collision with Motor Vehicle,5,Clear,Dry,Daylight
2023-09-02T04:45:00.000,I 95,I 95 and Mm 91,,Sideswipe-Same Direction,2,Clear,Dry,Dark-Not Lighted
2023-04-14T12:45:00.000,I 95,I 95 and Mm 91,,Not a Collision with Motor Vehicle,1,Clear,Dry,Daylight
2022-10-09T19:15:00.000,I 95,I 95 and Mm 91,,Rear End,2,Clear,Dry,Dark-Not Lighted
2022-05-29T08:27:00.000,I 95,I 95 and Mm 91,,Sideswipe-Same Direction,2,Clear,Dry,Daylight
2023-06-16T09:25:00.000,I 95,I 95 and Mm 91,,Rear End,3,Cloudy,Dry,Daylight
2024-06-08T23:39:00.000,I 95,I 95 and Mm 91,,Rear End,2,Clear,Dry,Dark-Not Lighted
2024-01-23T20:10:00.000,I 95,I 95 and Mm 91,,Rear End,2,Clear,Dry,Dark-Not Lighted
2023-07-29T14:04:00.000,I 95,I 95 and Mm 90,,Rear End,2,Rain,Wet,Daylight
2020-05-01T09:40:00.000,I 95,I 95 and Mm 90,,Sideswipe-Same Direction,2,Clear,Dry,Daylight
2022-09-03T01:10:00.000,I 95,I 95 and Mm 90,,Angle Crash,3,Clear,Dry,Dark-Lighted
2023-11-13T18:00:00.000,I 95,I 95 and Mm 90,,Rear End,3,Clear,Dry,Dark-Lighted
2020-06-15T04:38:00.000,I 95,I 95 and Mm 895,,Not a Collision with Motor Vehicle,1,Clear,Dry,Dark-Lighted
2020-06-15T04:39:00.000,I 95,I 95 and Mm 895,,Not a Collision with Motor Vehicle,1,Clear,Dry,Dark-Lighted
2022-11-27T08:44:00.000,I 95,I 95 and Mm 89,,Rear End,2,Cloudy,Wet,Daylight
2022-02-21T07:45:00.000,I 95,I 95 and Mm 89,,Angle Crash,2,Clear,Dry,Daylight
2024-07-26T21:00:00.000,I 95,I 95 and Mm 89,,Sideswipe-Same Direction,2,Rain,Wet,Dark-Not Lighted
2023-11-26T13:02:00.000,I 95,I 95 and Mm 88,,Rear End,3,Rain,Wet,Daylight
2023-02-17T14:37:00.000,I 95,I 95 and Mm 88,,Not a Collision with Motor Vehicle,1,Rain,Wet,Daylight
2023-02-19T11:18:00.000,I 95,I 95 and Mm 88,,Not a Collision with Motor Vehicle,1,Clear,Dry,Daylight
2023-02-14T15:47:00.000,I 95,I 95 and Mm 88,,Rear End,2,Clear,Dry,Daylight
2023-01-26T18:37:00.000,I 95,I 95 and Mm 88,,Sideswipe-Same Direction,4,Clear,Dry,Dark-Not Lighted
2021-06-14T17:00:00.000,I 95,I 95 and Mm 88,,Angle Crash,2,Clear,Dry,Daylight
2022-06-17T16:20:00.000,I 95,I 95 and Mm 88,,Sideswipe-Same Direction,2,Clear,Dry,Daylight
2023-11-25T14:31:00.000,I 95,I 95 and Mm 88,,Rear End,2,Clear,Dry,Daylight
2020-09-28T20:02:00.000,I 95,I 95 and Mm 87 Off Rp,,Not a Collision with Motor Vehicle,1,Cloudy,Dry,Dark-Lighted
2020-10-10T14:09:00.000,I 95,I 95 and Mm 87,,Sideswipe-Same Direction,2,Clear,Dry,Daylight
2020-08-17T12:13:00.000,I 95,I 95 and Mm 87,,Sideswipe-Same Direction,2,Clear,Dry,Daylight
2020-02-26T03:15:00.000,I 95,I 95 and Mm 87,,Rear End,2,Rain,Wet,Daylight
2020-02-26T13:15:00.000,I 95,I 95 and Mm 87,,Rear End,2,Rain,Wet,Daylight
2020-08-17T13:18:00.000,I 95,I 95 and Mm 87,,Rear End,3,Clear,Dry,Daylight
2020-10-29T16:50:00.000,I 95,I 95 and Mm 87,,Sideswipe-Same Direction,2,Clear,Wet,Daylight
2020-10-05T12:40:00.000,I 95,I 95 and Mm 87,,Sideswipe-Same Direction,2,Cloudy,Dry,Daylight
2020-08-04T17:00:00.000,I 95,I 95 and Mm 87,,Rear End,3,Cloudy,Wet,Daylight
2020-07-03T23:47:00.000,I 95,I 95 and Mm 87,,Rear End,2,Clear,Dry,Dark-Lighted
2021-12-18T11:45:00.000,I 95,I 95 and Mm 87,,Rear End,2,Clear,Dry,Daylight
2022-06-17T07:30:00.000,I 95,I 95 and Mm 87,,Sideswipe-Same Direction,2,Clear,Dry,Daylight
2022-05-29T15:00:00.000,I 95,I 95 and Mm 87,,Sideswipe-Same Direction,2,Clear,Dry,Daylight
2024-07-14T22:10:00.000,I 95,I 95 and Mm 87,,Sideswipe-Same Direction,2,Clear,Dry,Dark-Not Lighted
2024-09-07T07:05:00.000,I 95,I 95 and Mm 87,,Sideswipe-Same Direction,2,Rain,Wet,Daylight
2023-04-05T16:30:00.000,I 95,I 95 and Mm 86,,Not a Collision with Motor Vehicle,1,Clear,Dry,Daylight
2020-08-17T12:28:00.000,I 95,I 95 and Mm 86,,Sideswipe-Same Direction,2,Clear,Dry,Daylight
2020-04-14T20:30:00.000,I 95,I 95 and Mm 86,,Not a Collision with Motor Vehicle,1,Cloudy,Dry,Dark-Not Lighted
2020-08-08T21:23:00.000,I 95,I 95 and Mm 86,,Rear End,2,Clear,Dry,Dark-Not Lighted
2020-08-17T12:13:00.000,I 95,I 95 and Mm 86,,Sideswipe-Same Direction,2,Clear,Dry,Daylight
2022-10-11T00:01:00.000,I 95,I 95 and Mm 86,,Rear End,2,Clear,Dry,Dark-Not Lighted
2024-04-09T17:17:00.000,I 95,I 95 and Mm 86,,Sideswipe-Same Direction,2,Clear,Dry,Daylight
2021-03-31T17:53:00.000,I 95,I 95 and Mm 85,,Angle Crash,2,Clear,Dry,Daylight
2023-02-27T16:06:00.000,I 95,I 95 and Mm 85,,Sideswipe-Same Direction,2,Clear,Dry,Daylight
2022-01-31T00:05:00.000,I 95,I 95 and Mm 85,,Sideswipe-Same Direction,2,Clear,Dry,Dark-Not Lighted
2023-02-20T19:41:00.000,I 95,I 95 and Mm 85,,Rear End,2,Clear,Dry,Dark-Not Lighted
2024-07-10T14:32:00.000,I 95,I 95 and Mm 85,,Angle Crash,2,Cloudy,Dry,Daylight
2020-09-10T05:23:00.000,I 95,I 95 and Mm 84,,Sideswipe-Same Direction,2,Clear,Dry,Dark-Lighted
2020-07-09T11:05:00.000,I 95,I 95 and Mm 84,,Not a Collision with Motor Vehicle,1,Clear,Dry,Daylight
2020-09-10T05:22:00.000,I 95,I 95 and Mm 84,,Rear End,2,Clear,Dry,Dark-Not Lighted
2020-08-16T19:30:00.000,I 95,I 95 and Mm 83,,Sideswipe-Same Direction,1,Clear,Dry,Daylight
2020-09-14T23:18:00.000,I 95,I 95 and Mm 83,,Angle Crash,2,Clear,Dry,Dark-Not Lighted
2021-09-30T12:39:00.000,I 95,I 95 and Mm 83,,Not a Collision with Motor Vehicle,2,Clear,Dry,Daylight
2023-09-16T22:14:00.000,I 95,I 95 and Mm 82,,Sideswipe-Same Direction,2,Clear,Dry,Dark-Not Lighted
2020-06-23T09:26:00.000,I 95,I 95 and Mm 82,,Angle Crash,2,Clear,Dry,Daylight
2020-01-09T10:18:00.000,I 95,I 95 and Mm 82,,Sideswipe-Same Direction,2,Clear,Dry,Daylight
2022-07-28T10:40:00.000,I 95,I 95 and Mm 82,,Sideswipe-Same Direction,2,Clear,Dry,Daylight
2024-09-14T06:43:00.000,I 95,I 95 and Mm 82,,Not a Collision with Motor Vehicle,1,Clear,Wet,Dark-Lighted