Date and Time,Roadway (From Crash Report),Intersection Name (from Crash Report),KABCO Severity,Manner of Collision (Crash Level) ,# of Vehicles per crash ,Weather Conditions (Crash Level),Surface Condition (Crash Level) ,Light Conditions (Crash Level)
2024-05-26T22:04:00.000,I 95,I 95 and Mm 82,,Not a Collision with Motor Vehicle,1,Clear,Dry,Dark-Not Lighted
2024-11-10T21:30:00.000,I 95,I 95 and Mm 81 S Bound,,Sideswipe-Same Direction,1,Clear,Dry,Dark-Not Lighted
2023-02-28T11:50:00.000,I 95,I 95 and Mm 81,,Angle Crash,1,Clear,Dry,Daylight
2020-02-26T07:39:00.000,I 95,I 95 and Mm 80,,Angle Crash,3,Clear,Dry,Daylight
2022-12-05T12:50:00.000,I 95,I 95 and Mm 80,,Not a Collision with Motor Vehicle,1,Cloudy,Dry,Daylight
2023-04-21T15:48:00.000,I 95,I 95 and Mm 80,,Not a Collision with Motor Vehicle,1,Clear,Dry,Daylight
2023-07-17T10:28:00.000,I 95,I 95 and Mm 80,,Rear End,2,Clear,Dry,Daylight
2024-07-07T11:00:00.000,I 95,I 95 and Mm 80,,Not a Collision with Motor Vehicle,1,Clear,Dry,Daylight
2021-05-22T21:59:00.000,I 95,I 95 and Mm 79,,Sideswipe-Same Direction,2,Clear,Dry,Daylight
2021-08-02T16:45:00.000,I 95,I 95 and Mm 79,,Not a Collision with Motor Vehicle,1,Rain,Wet,Daylight
2021-01-24T21:59:00.000,I 95,I 95 and Mm 79,,Rear End,2,Clear,Dry,Dark-Not Lighted
2020-09-12T09:48:00.000,I 95,I 95 and Mm 79,,Rear End,2,Clear,Dry,Daylight
2020-12-19T11:14:00.000,I 95,I 95 and Mm 79,,Sideswipe-Same Direction,2,Clear,Dry,Daylight
2021-05-24T16:22:00.000,I 95,I 95 and Mm 79,,Not a Collision with Motor Vehicle,1,Clear,Dry,Daylight
2022-04-22T08:35:00.000,I 95,I 95 and Mm 79,,Not a Collision with Motor Vehicle,1,Clear,Dry,Daylight
2024-09-16T08:48:00.000,I 95,I 95 and Mm 79,,Not a Collision with Motor Vehicle,1,Clear,Dry,Daylight
2024-08-19T09:18:00.000,I 95,I 95 and Mm 79,,Sideswipe-Same Direction,2,Clear,Dry,Daylight
2024-09-22T11:40:00.000,I 95,I 95 and Mm 79,,Sideswipe-Same Direction,1,Clear,Dry,Daylight
2024-07-17T10:51:00.000,I 95,I 95 and Mm 79,,Not a Collision with Motor Vehicle,2,Clear,Dry,Daylight
2021-06-08T14:48:00.000,I 95,I 95 and Mm 78   Jones Creek Brg,,Rear End,2,Clear,Dry,Daylight
2021-12-12T12:13:00.000,I 95,I 95 and Mm 78,,Sideswipe-Same Direction,2,Clear,Dry,Daylight
2023-10-13T06:00:00.000,I 95,I 95 and Mm 78,,Not a Collision with Motor Vehicle,1,Clear,Dry,Daylight
2020-04-16T07:40:00.000,I 95,I 95 and Mm 78,,Not a Collision with Motor Vehicle,1,Clear,Dry,Daylight
2021-04-23T20:06:00.000,I 95,I 95 and Mm 78,,Not a Collision with Motor Vehicle,1,Cloudy,Dry,Dusk
2020-02-14T16:03:00.000,I 95,I 95 and Mm 77,,Not a Collision with Motor Vehicle,1,Clear,Dry,Daylight
2020-01-21T13:00:00.000,I 95,I 95 and Mm 77,,Sideswipe-Same Direction,2,Clear,Dry,Daylight
2021-12-02T10:50:00.000,I 95,I 95 and Mm 77,,Not a Collision with Motor Vehicle,1,Clear,Dry,Daylight
2024-02-23T06:53:00.000,I 95,I 95 and Mm 77,,Sideswipe-Same Direction,2,Cloudy,Dry,Daylight
2024-09-30T14:23:00.000,I 95,I 95 and Mm 77,,Not a Collision with Motor Vehicle,1,Clear,Dry,Daylight
2024-01-31T02:00:00.000,I 95,I 95 and Mm 77,,Sideswipe-Same Direction,2,Clear,Dry,Dark-Not Lighted
2023-04-04T19:00:00.000,I 95,I 95 and Mm 76 Exit 76 Off Rp,,Not a Collision with Motor Vehicle,1,Clear,Dry,Daylight
2021-08-30T07:18:00.000,I 95,I 95 and Mm 76,,Sideswipe-Same Direction,4,Clear,Dry,Daylight
2022-07-15T16:05:00.000,I 95,I 95 and Mm 76,,Not a Collision with Motor Vehicle,1,Cloudy,Dry,Daylight
2022-11-13T17:04:00.000,I 95,I 95 and Mm 76,,Sideswipe-Same Direction,2,Clear,Dry,Daylight
2023-03-18T16:30:00.000,I 95,I 95 and Mm 76,,Not a Collision with Motor Vehicle,1,Clear,Dry,Daylight
2023-03-15T10:57:00.000,I 95,I 95 and Mm 76,,Rear End,2,Clear,Dry,Daylight
2021-03-14T03:43:00.000,I 95,I 95 and Mm 75,,Rear End,2,Fog,Dry,Dark-Not Lighted
2023-04-02T11:42:00.000,I 95,I 95 and Mm 75,,Not a Collision with Motor Vehicle,1,Clear,Dry,Daylight
2023-12-02T00:11:00.000,I 95,I 95 and Mm 75,,Sideswipe-Same Direction,2,Cloudy,Wet,Dark-Not Lighted
2023-02-25T05:13:00.000,I 95,I 95 and Mm 75,,Not a Collision with Motor Vehicle,1,Cloudy,Dry,Dark-Not Lighted
2020-03-04T23:20:00.000,I 95,I 95 and Mm 75,,Angle Crash,2,Cloudy,Wet,Dark-Not Lighted
2020-01-06T18:50:00.000,I 95,I 95 and Mm 75,,Not a Collision with Motor Vehicle,1,Clear,Dry,Dark-Not Lighted
2020-04-27T12:18:00.000,I 95,I 95 and Mm 75,,Not a Collision with Motor Vehicle,1,Clear,Dry,Daylight
2020-02-27T09:48:00.000,I 95,I 95 and Mm 75,,Not a Collision with Motor Vehicle,1,Clear,Dry,Daylight
2020-09-04T22:30:00.000,I 95,I 95 and Mm 75,,Rear End,2,Clear,Dry,Dark-Not Lighted
2021-08-05T09:55:00.000,I 95,I 95 and Mm 75,,Not a Collision with Motor Vehicle,1,Clear,Wet,Daylight
2022-09-11T06:55:00.000,I 95,I 95 and Mm 75,,Not a Collision with Motor Vehicle,2,Fog,Dry,Dawn
2024-10-21T11:30:00.000,I 95,I 95 and Mm 75,,Rear End,2,Clear,Dry,Daylight
2021-01-01T12:01:00.000,I 95,I 95 and Mm 74,,Not a Collision with Motor Vehicle,2,Clear,Dry,Daylight
2021-06-04T12:45:00.000,I 95,I 95 and Mm 74,,Not a Collision with Motor Vehicle,3,Clear,Dry,Daylight
2023-10-12T12:00:00.000,I 95,I 95 and Mm 74,,Sideswipe-Same Direction,2,Cloudy,Dry,Daylight
2020-07-28T04:18:00.000,I 95,I 95 and Mm 74,,Rear End,2,Clear,Dry,Dark-Not Lighted
2021-07-20T00:58:00.000,I 95,I 95 and Mm 74,,Sideswipe-Same Direction,2,Cloudy,Wet,Dark-Not Lighted
2022-01-17T14:59:00.000,I 95,I 95 and Mm 74,,Not a Collision with Motor Vehicle,1,Clear,Dry,Daylight
2023-11-04T20:10:00.000,I 95,I 95 and Mm 74,,Sideswipe-Same Direction,1,Clear,Dry,Dark-Lighted
2024-02-05T00:29:00.000,I 95,I 95 and Mm 74,,Rear End,2,Cloudy,Dry,Daylight
2021-06-04T00:00:00.000,I 95,I 95 and Mm 73,,Angle Crash,2,Clear,Dry,Daylight
2021-07-24T10:18:00.000,I 95,I 95 and Mm 73,,Angle Crash,2,Cloudy,Dry,Daylight
2023-02-17T13:21:00.000,I 95,I 95 and Mm 73,,Sideswipe-Same Direction,3,Clear,Wet,Daylight
2024-07-31T12:30:00.000,I 95,I 95 and Mm 73,,Not a Collision with Motor Vehicle,2,Clear,Dry,Daylight
2023-12-18T16:27:00.000,I 95,I 95 and Mm 72,,Not a Collision with Motor Vehicle,1,Clear,Dry,Daylight
2020-07-31T21:58:00.000,I 95,I 95 and Mm 72,,Sideswipe-Same Direction,2,Clear,Dry,Dark-Not Lighted
2020-03-12T20:55:00.000,I 95,I 95 and Mm 72,,Sideswipe-Same Direction,2,Clear,Dry,Dark-Not Lighted
2022-04-03T18:46:00.000,I 95,I 95 and Mm 72,,Not a Collision with Motor Vehicle,1,Clear,Dry,Daylight
2021-07-29T13:52:00.000,I 95,I 95 and Mm 72,,Not a Collision with Motor Vehicle,3,Clear,Dry,Daylight
2021-09-17T14:05:00.000,I 95,I 95 and Mm 72,,Rear End,3,Cloudy,Wet,Daylight
2024-10-06T19:55:00.000,I 95,I 95 and Mm 72,,Not a Collision with Motor Vehicle,1,Clear,Wet,Dark-Not Lighted
2023-03-18T22:10:00.000,I 95,I 95 and Mm 71,,Sideswipe-Same Direction,2,Cloudy,Dry,Dark-Not Lighted
2023-07-12T20:00:00.000,I 95,I 95 and Mm 71,,Not a Collision with Motor Vehicle,1,Clear,Dry,Daylight
2020-08-10T14:32:00.000,I 95,I 95 and Mm 71,,Sideswipe-Same Direction,2,Clear,Dry,Daylight
2022-10-09T21:18:00.000,I 95,I 95 and Mm 71,,Not a Collision with Motor Vehicle,1,Clear,Dry,Dark-Not Lighted
2022-02-01T14:27:00.000,I 95,I 95 and Mm 71,,Rear End,2,Clear,Dry,Daylight
2021-05-02T15:39:00.000,I 95,I 95 and Mm 70,,Sideswipe-Same Direction,3,Clear,Dry,Daylight
2021-08-29T21:13:00.000,I 95,I 95 and Mm 70,,Not a Collision with Motor Vehicle,1,Clear,Dry,Dark-Not Lighted
2023-11-19T14:44:00.000,I 95,I 95 and Mm 70,,Not a Collision with Motor Vehicle,1,Clear,Dry,Daylight
2024-09-22T14:14:00.000,I 95,I 95 and Mm 70,,Sideswipe-Same Direction,2,Clear,Dry,Daylight
2021-06-05T04:11:00.000,I 95,I 95 and Mm 69,,Not a Collision with Motor Vehicle,1,Clear,Wet,Dark-Not Lighted
2021-10-08T15:51:00.000,I 95,I 95 and Mm 69,,Not a Collision with Motor Vehicle,1,Clear,Wet,Daylight
2023-07-01T13:44:00.000,I 95,I 95 and Mm 69,,Rear End,2,Clear,Dry,Daylight
2023-04-02T14:34:00.000,I 95,I 95 and Mm 69,,Rear End,2,Clear,Dry,Daylight
2020-07-06T08:53:00.000,I 95,I 95 and Mm 69,,Sideswipe-Same Direction,2,Clear,Dry,Daylight
2024-06-25T18:57:00.000,I 95,I 95 and Mm 69,,Not a Collision with Motor Vehicle,1,Clear,Dry,Daylight
2024-04-03T10:21:00.000,I 95,I 95 and Mm 69,,Rear End,2,Rain,Wet,Daylight
2021-09-16T11:32:00.000,I 95,I 95 and Mm 685,,Rear End,2,Rain,Wet,Daylight
2023-07-08T04:51:00.000,I 95,I 95 and Mm 68,,Not a Collision with Motor Vehicle,6,Clear,Dry,Dark-Not Lighted
2023-05-28T01:27:00.000,I 95,I 95 and Mm 68,,Sideswipe-Same Direction,2,Cloudy,Wet,Dark-Not Lighted
2023-07-08T04:51:00.000,I 95,I 95 and Mm 68,,Not a Collision with Motor Vehicle,1,Clear,Dry,Dark-Not Lighted
2023-08-17T09:05:00.000,I 95,I 95 and Mm 68,,Rear End,2,Cloudy,Wet,Daylight
2020-07-25T15:11:00.000,I 95,I 95 and Mm 68,,Not a Collision with Motor Vehicle,1,Cloudy,Dry,Daylight
2020-06-26T11:11:00.000,I 95,I 95 and Mm 68,,Not a Collision with Motor Vehicle,1,Other,Dry,Daylight
2021-06-04T20:46:00.000,I 95,I 95 and Mm 68,,Not a Collision with Motor Vehicle,2,Clear,Dry,Dark-Not Lighted
2021-11-28T06:55:00.000,I 95,I 95 and Mm 68,,Not a Collision with Motor Vehicle,1,Clear,Dry,Dark-Not Lighted
2022-12-11T17:13:00.000,I 95,I 95 and Mm 68,,Sideswipe-Same Direction,2,Clear,Dry,Dusk
2021-09-15T11:22:00.000,I 95,I 95 and Mm 68,,Rear End,2,Rain,Wet,Daylight
2021-08-24T05:28:00.000,I 95,I 95 and Mm 68,,Rear End,2,Clear,Dry,Dark-Not Lighted
2022-12-11T17:13:00.000,I 95,I 95 and Mm 68,,Head On,3,Clear,Dry,Dusk
2024-12-23T22:58:00.000,I 95,I 95 and Mm 68,,Sideswipe-Same Direction,2,Rain,Wet,Dark-Not Lighted
2021-11-28T05:25:00.000,I 95,I 95 and Mm 67,,Not a Collision with Motor Vehicle,1,Clear,Dry,Dark-Not Lighted
2021-11-28T19:37:00.000,I 95,I 95 and Mm 67,,Not a Collision with Motor Vehicle,1,Cloudy,Dry,Dark-Not Lighted
2021-08-06T16:10:00.000,I 95,I 95 and Mm 67,,Rear End,3,Rain,Wet,Daylight
2020-04-08T14:02:00.000,I 95,I 95 and Mm 67,,Not a Collision with Motor Vehicle,1,Cloudy,Dry,Daylight
2020-06-08T15:45:00.000,I 95,I 95 and Mm 67,,Not a Collision with Motor Vehicle,1,Rain,Wet,Daylight
2020-08-08T02:10:00.000,I 95,I 95 and Mm 67,,Angle Crash,2,Cloudy,Wet,Dark-Lighted
2020-09-16T18:02:00.000,I 95,I 95 and Mm 67,,Not a Collision with Motor Vehicle,1,Rain,Wet,Daylight
2021-11-28T05:25:00.000,I 95,I 95 and Mm 67,,Sideswipe-Same Direction,2,Clear,Dry,Dark-Not Lighted
2021-11-19T11:27:00.000,I 95,I 95 and Mm 67,,Not a Collision with Motor Vehicle,1,Clear,Dry,Daylight
2022-09-24T03:47:00.000,I 95,I 95 and Mm 67,,Sideswipe-Same Direction,2,Clear,Dry,Dark-Not Lighted
2024-11-22T02:40:00.000,I 95,I 95 and Mm 67,,Sideswipe-Same Direction,2,Clear,Dry,Dark-Not Lighted
2023-11-19T17:20:00.000,I 95,I 95 and Mm 67,,Rear End,2,Clear,Dry,Daylight
2023-01-14T10:50:00.000,I 95,I 95 and Mm 67,,Rear End,2,Cloudy,Dry,Daylight
2023-09-04T13:13:00.000,I 95,I 95 and Mm 67,,Rear End,2,Clear,Dry,Daylight
2023-09-06T14:25:00.000,I 95,I 95 and Mm 67,,Not a Collision with Motor Vehicle,1,Clear,Dry,Daylight
2023-03-09T22:50:00.000,I 95,I 95 and Mm 66,,Rear End,3,Rain,Wet,Dark-Not Lighted
2023-07-01T01:27:00.000,I 95,I 95 and Mm 66,,Rear End,2,Clear,Dry,Dark-Not Lighted
2022-12-21T02:26:00.000,I 95,I 95 and Mm 66,,Not a Collision with Motor Vehicle,1,Rain,Wet,Dark-Not Lighted
2024-03-16T12:24:00.000,I 95,I 95 and Mm 66,,Sideswipe-Same Direction,2,Clear,Dry,Daylight
2024-09-23T06:15:00.000,I 95,I 95 and Mm 66,,Sideswipe-Same Direction,2,Clear,Dry,Dark-Not Lighted
2023-04-14T06:40:00.000,I 95,I 95 and Mm 66,,Sideswipe-Same Direction,2,Clear,Dry,Dawn
2024-12-13T09:38:00.000,I 95,I 95 and Mm 66,,Rear End,2,Clear,Dry,Daylight
2024-09-23T06:18:00.000,I 95,I 95 and Mm 66,,Angle Crash,2,Clear,Dry,Dark-Not Lighted
2022-09-05T15:29:00.000,I 95,I 95 and Mm 65,,Sideswipe-Same Direction,2,Clear,Dry,Daylight
2022-12-19T07:43:00.000,I 95,I 95 and Mm 65,,Sideswipe-Same Direction,2,Clear,Dry,Daylight
2023-11-02T07:13:00.000,I 95,I 95 and Mm 65,,Sideswipe-Same Direction,2,Clear,Dry,Daylight
2023-11-07T03:00:00.000,I 95,I 95 and Mm 65,,Not a Collision with Motor Vehicle,1,Clear,Dry,Dark-Not Lighted
2024-11-28T16:00:00.000,I 95,I 95 and Mm 65,,Not a Collision with Motor Vehicle,1,Clear,Dry,Daylight
2024-10-17T16:20:00.000,I 95,I 95 and Mm 65,,Sideswipe-Same Direction,2,Clear,Dry,Daylight
2024-08-26T00:42:00.000,I 95,I 95 and Mm 65,,Sideswipe-Same Direction,2,Clear,Dry,Dark-Not Lighted
2021-05-18T23:49:00.000,I 95,I 95 and Mm 64,,Rear End,2,Clear,Dry,Dark-Not Lighted
2023-04-03T03:15:00.000,I 95,I 95 and Mm 64,,Head On,3,Clear,Dry,Dark-Not Lighted
2023-01-23T09:58:00.000,I 95,I 95 and Mm 64,,Sideswipe-Same Direction,2,Clear,Dry,Daylight
2023-01-11T14:34:00.000,I 95,I 95 and Mm 64,,Sideswipe-Same Direction,2,Clear,Dry,Daylight
2021-11-25T12:49:00.000,I 95,I 95 and Mm 64,,Not a Collision with Motor Vehicle,2,Clear,Dry,Daylight
2022-01-04T23:47:00.000,I 95,I 95 and Mm 64,,Not a Collision with Motor Vehicle,1,Clear,Dry,Dark-Not Lighted
2023-04-03T03:15:00.000,I 95,I 95 and Mm 64,,Head On,3,Clear,Dry,Dark-Not Lighted
2021-05-16T04:35:00.000,I 95,I 95 and Mm 63,,Angle Crash,2,Clear,Dry,Dark-Not Lighted
2021-05-16T04:35:00.000,I 95,I 95 and Mm 63,,Not a Collision with Motor Vehicle,1,Clear,Dry,Dark-Not Lighted
2020-05-04T17:28:00.000,I 95,I 95 and Mm 63,,Sideswipe-Same Direction,3,Clear,Dry,Daylight
2024-05-07T20:04:00.000,I 95,I 95 and Mm 63,,Sideswipe-Same Direction,2,Clear,Dry,Dark-Not Lighted
2021-05-30T18:16:00.000,I 95,I 95 and Mm 62,,Not a Collision with Motor Vehicle,1,Clear,Dry,Daylight
2020-02-24T17:14:00.000,I 95,I 95 and Mm 62,,Sideswipe-Same Direction,2,Cloudy,Dry,Daylight
2020-09-06T01:51:00.000,I 95,I 95 and Mm 62,,Rear End,2,Clear,Dry,Dark-Not Lighted
2022-03-26T16:32:00.000,I 95,I 95 and Mm 62,,Sideswipe-Same Direction,2,Clear,Dry,Daylight
2024-12-29T17:53:00.000,I 95,I 95 and Mm 62,,Angle Crash,2,Cloudy,Wet,Dark-Not Lighted
2024-04-09T19:35:00.000,I 95,I 95 and Mm 62,,Sideswipe-Same Direction,2,Clear,Dry,Dark-Not Lighted
2023-01-18T14:35:00.000,I 95,I 95 and Mm 62,,Rear End,2,Clear,Dry,Daylight
2024-09-18T12:46:00.000,I 95,I 95 and Mm 62,,Not a Collision with Motor Vehicle,1,Clear,Dry,Daylight
2020-08-25T16:39:00.000,I 95,I 95 and Mm 61,,Sideswipe-Same Direction,3,Clear,Dry,Daylight
2022-07-09T16:25:00.000,I 95,I 95 and Mm 61,,Rear End,2,Clear,Dry,Daylight
2022-03-12T18:29:00.000,I 95,I 95 and Mm 61,,Not a Collision with Motor Vehicle,1,Clear,Dry,Daylight
2023-05-16T12:35:00.000,I 95,I 95 and Mm 61,,Sideswipe-Same Direction,2,Clear,Dry,Daylight
2024-06-11T15:54:00.000,I 95,I 95 and Mm 61,,Rear End,2,Clear,Dry,Daylight
2021-08-16T15:06:00.000,I 95,I 95 and Mm 60,,Sideswipe-Same Direction,3,Cloudy,Wet,Daylight
2024-11-06T20:30:00.000,I 95,I 95 and Mm 60,,Rear End,2,Clear,Wet,Daylight
2024-09-17T09:55:00.000,I 95,I 95 and Mm 60,,Sideswipe-Same Direction,2,Clear,Dry,Daylight
2024-08-14T01:45:00.000,I 95,I 95 and Mm 60,,Rear End,2,Cloudy,Dry,Dark-Not Lighted
2020-05-19T23:53:00.000,I 95,I 95 and Mm 59,,Rear End,2,Clear,Dry,Dark-Not Lighted
2020-03-30T16:36:00.000,I 95,I 95 and Mm 59,,Sideswipe-Same Direction,2,Clear,Dry,Daylight
2021-03-07T09:02:00.000,I 95,I 95 and Mm 58,,Sideswipe-Opposite Direction,2,Clear,Dry,Daylight
2022-11-17T05:31:00.000,I 95,I 95 and Mm 58,,Not a Collision with Motor Vehicle,2,Clear,Dry,Dark-Not Lighted
2022-05-20T09:45:00.000,I 95,I 95 and Mm 58,,Not a Collision with Motor Vehicle,1,Clear,Dry,Daylight
2023-10-16T13:39:00.000,I 95,I 95 and Mm 58,,Sideswipe-Same Direction,2,Clear,Dry,Daylight
2021-12-20T01:44:00.000,I 95,I 95 and Mm 57,,Not a Collision with Motor Vehicle,1,Cloudy,Wet,Dark-Not Lighted
2021-04-25T23:56:00.000,I 95,I 95 and Mm 57,,Angle Crash,2,Clear,Dry,Dark-Not Lighted
2023-05-16T02:40:00.000,I 95,I 95 and Mm 57,,Not a Collision with Motor Vehicle,1,Clear,Dry,Dark-Not Lighted
2020-08-25T18:24:00.000,I 95,I 95 and Mm 57,,Not a Collision with Motor Vehicle,1,Clear,Dry,Daylight
2020-11-29T00:36:00.000,I 95,I 95 and Mm 57,,Not a Collision with Motor Vehicle,1,Cloudy,Wet,Dark-Not Lighted
2022-04-22T21:57:00.000,I 95,I 95 and Mm 57,,Rear End,2,Clear,Dry,Dark-Not Lighted
2023-07-01T03:58:00.000,I 95,I 95 and Mm 57,,Not a Collision with Motor Vehicle,1,Other,Dry,Dark-Not Lighted
2023-03-17T05:13:00.000,I 95,I 95 and Mm 57,,Rear End,2,Clear,Dry,Dark-Not Lighted
2023-01-27T17:27:00.000,I 95,I 95 and Mm 57,,Rear End,2,Clear,Dry,Daylight
2024-01-10T14:51:00.000,I 95,I 95 and Mm 57,,Not a Collision with Motor Vehicle,1,Clear,Dry,Daylight
2023-11-20T16:57:00.000,I 95,I 95 and Mm 56,,Rear End,2,Rain,Wet,Daylight
2023-10-16T08:05:00.000,I 95,I 95 and Mm 56,,Sideswipe-Same Direction,2,Cloudy,Dry,Daylight
2023-07-30T16:25:00.000,I 95,I 95 and Mm 56,,Rear End,2,Clear,Dry,Daylight
2020-10-27T06:58:00.000,I 95,I 95 and Mm 56,,Not a Collision with Motor Vehicle,1,Clear,Dry,Daylight
2022-12-29T22:21:00.000,I 95,I 95 and Mm 56,,Sideswipe-Same Direction,2,Cloudy,Dry,Dark-Not Lighted
2023-06-06T20:20:00.000,I 95,I 95 and Mm 55,,Angle Crash,2,Clear,Dry,Dusk
2023-09-22T23:22:00.000,I 95,I 95 and Mm 55,,Rear End,2,Clear,Dry,Dark-Not Lighted
2020-11-24T21:02:00.000,I 95,I 95 and Mm 55,,Rear End,2,Clear,Dry,Dark-Not Lighted
2020-08-09T12:43:00.000,I 95,I 95 and Mm 55,,Sideswipe-Same Direction,2,Clear,Dry,Daylight
2022-05-04T11:59:00.000,I 95,I 95 and Mm 55,,Sideswipe-Same Direction,2,Clear,Dry,Daylight
2023-04-18T16:06:00.000,I 95,I 95 and Mm 55,,Not a Collision with Motor Vehicle,2,Clear,Dry,Daylight
2024-01-12T13:53:00.000,I 95,I 95 and Mm 55,,Sideswipe-Same Direction,2,Rain,Wet,Daylight
2024-07-22T06:10:00.000,I 95,I 95 and Mm 55,,Rear End,2,Clear,Wet,Daylight
2022-12-08T22:00:00.000,I 95,I 95 and Mm 54 Weigh Statio,,Not a Collision with Motor Vehicle,1,Cloudy,Dry,Dark-Lighted
2021-08-31T17:28:00.000,I 95,I 95 and Mm 54,,Not a Collision with Motor Vehicle,1,Clear,Wet,Daylight
2023-05-17T18:28:00.000,I 95,I 95 and Mm 54,,Sideswipe-Same Direction,2,Cloudy,Dry,Daylight
2020-10-31T08:03:00.000,I 95,I 95 and Mm 54,,Sideswipe-Same Direction,2,Clear,Dry,Daylight
2022-06-17T20:45:00.000,I 95,I 95 and Mm 54,,Not a Collision with Motor Vehicle,1,Clear,Dry,Dawn
2024-06-07T15:27:00.000,I 95,I 95 and Mm 54,,Sideswipe-Same Direction,2,Cloudy,Wet,Daylight
2024-10-03T13:40:00.000,I 95,I 95 and Mm 54,,Not a Collision with Motor Vehicle,1,Clear,Dry,Daylight
2020-10-08T10:20:00.000,I 95,I 95 and Mm 53,,Not a Collision with Motor Vehicle,2,Clear,Dry,Daylight
2020-11-24T19:36:00.000,I 95,I 95 and Mm 53,,Not a Collision with Motor Vehicle,2,Clear,Dry,Dark-Not Lighted
2022-12-13T16:23:00.000,I 95,I 95 and Mm 53,,Rear End,2,Clear,Dry,Daylight
2022-09-10T07:44:00.000,I 95,I 95 and Mm 53,,Angle Crash,2,Cloudy,Dry,Daylight
2022-02-27T04:58:00.000,I 95,I 95 and Mm 53,,Not a Collision with Motor Vehicle,1,Clear,Dry,Dark-Not Lighted
2023-09-13T20:30:00.000,I 95,I 95 and Mm 52,,Not a Collision with Motor Vehicle,1,Cloudy,Wet,Dark-Not Lighted
2023-01-23T04:40:00.000,I 95,I 95 and Mm 52,,Sideswipe-Same Direction,2,Cloudy,Dry,Dark-Not Lighted
2023-01-21T18:29:00.000,I 95,I 95 and Mm 52,,Sideswipe-Same Direction,2,Cloudy,Dry,Dark-Not Lighted
2020-03-30T20:50:00.000,I 95,I 95 and Mm 52,,Not a Collision with Motor Vehicle,1,Clear,Dry,Dark-Not Lighted
2022-12-28T21:10:00.000,I 95,I 95 and Mm 52,,Sideswipe-Same Direction,2,Cloudy,Dry,Dark-Not Lighted
2022-04-07T20:09:00.000,I 95,I 95 and Mm 52,,Sideswipe-Same Direction,2,Clear,Dry,Dusk
2022-05-09T02:50:00.000,I 95,I 95 and Mm 52,,Rear End,2,Clear,Dry,Dark-Not Lighted
2022-11-29T13:21:00.000,I 95,I 95 and Mm 52,,Sideswipe-Same Direction,2,Clear,Dry,Daylight
2023-07-07T09:00:00.000,I 95,I 95 and Mm 51,,Sideswipe-Same Direction,3,Clear,Dry,Daylight
2020-11-06T12:53:00.000,I 95,I 95 and Mm 51,,Rear End,4,Cloudy,Dry,Daylight
2020-09-14T11:49:00.000,I 95,I 95 and Mm 51,,Rear End,2,Clear,Dry,Daylight
2020-11-29T10:42:00.000,I 95,I 95 and Mm 51,,Not a Collision with Motor Vehicle,1,Cloudy,Dry,Daylight
2022-04-08T13:28:00.000,I 95,I 95 and Mm 51,,Sideswipe-Same Direction,2,Clear,Dry,Daylight
2022-04-14T21:48:00.000,I 95,I 95 and Mm 51,,Angle Crash,2,Clear,Dry,Dark-Not Lighted
2022-12-12T08:01:00.000,I 95,I 95 and Mm 51,,Not a Collision with Motor Vehicle,1,Cloudy,Dry,Daylight
2020-09-19T00:08:00.000,I 95,I 95 and Mm 50,,Rear End,2,Cloudy,Dry,Dark-Not Lighted
2023-04-19T14:15:00.000,I 95,I 95 and Mm 50,,Rear End,5,Clear,Dry,Daylight
2023-04-19T14:15:00.000,I 95,I 95 and Mm 50,,Rear End,5,Clear,Dry,Daylight
2020-12-29T18:45:00.000,I 95,I 95 and Mm 50,,Sideswipe-Same Direction,2,Clear,Dry,Dark-Not Lighted
2021-06-06T21:55:00.000,I 95,I 95 and Mm 50,,Not a Collision with Motor Vehicle,1,Clear,Dry,Dark-Not Lighted
2021-05-06T22:38:00.000,I 95,I 95 and Mm 50,,Not a Collision with Motor Vehicle,1,Clear,Dry,Dark-Not Lighted
2023-04-16T09:59:00.000,I 95,I 95 and Mm 50,,Rear End,4,Cloudy,Dry,Daylight
2024-10-15T18:35:00.000,I 95,I 95 and Mm 50,,Sideswipe-Same Direction,2,Clear,Dry,Daylight
2020-01-29T21:23:00.000,I 95,I 95 and Mm 49,,Angle Crash,2,Cloudy,Wet,Dark-Not Lighted
2022-05-15T11:54:00.000,I 95,I 95 and Mm 49,,Sideswipe-Same Direction,2,Clear,Dry,Daylight
2023-08-08T14:30:00.000,I 95,I 95 and Mm 49,,Not a Collision with Motor Vehicle,1,Clear,Dry,Daylight
2023-05-22T13:16:00.000,I 95,I 95 and Mm 49,,Not a Collision with Motor Vehicle,1,Rain,Wet,Daylight
2024-07-19T18:17:00.000,I 95,I 95 and Mm 49,,Not a Collision with Motor Vehicle,1,Rain,Wet,Daylight
2023-04-16T11:41:00.000,I 95,I 95 and Mm 48,,Rear End,2,Clear,Dry,Daylight
2023-05-12T13:05:00.000,I 95,I 95 and Mm 48,,Sideswipe-Same Direction,2,Clear,Dry,Daylight
2020-04-19T06:29:00.000,I 95,I 95 and Mm 48,,Not a Collision with Motor Vehicle,2,Clear,Dry,Dark-Not Lighted
2020-02-11T19:00:00.000,I 95,I 95 and Mm 48,,Not a Collision with Motor Vehicle,1,Clear,Dry,Dark-Not Lighted
2021-12-26T21:28:00.000,I 95,I 95 and Mm 48,,Not a Collision with Motor Vehicle,1,Clear,Dry,Dark-Not Lighted
2022-11-30T20:41:00.000,I 95,I 95 and Mm 47,,Rear End,2,Cloudy,Wet,Dark-Not Lighted