Date and Time,Roadway (From Crash Report),Intersection Name (from Crash Report),KABCO Severity,Manner of Collision (Crash Level) ,# of Vehicles per crash ,Weather Conditions (Crash Level),Surface Condition (Crash Level) ,Light Conditions (Crash Level)
2024-11-04T20:12:00.000,I 95,I 95 and Mm 47,,Sideswipe-Same Direction,2,Cloudy,Dry,Dark-Not Lighted
2020-10-27T12:40:00.000,I 95,I 95 and Mm 46,,Sideswipe-Same Direction,1,Cloudy,Dry,Daylight
2022-05-04T11:18:00.000,I 95,I 95 and Mm 46,,Not a Collision with Motor Vehicle,1,Clear,Dry,Daylight
2021-09-22T19:57:00.000,I 95,I 95 and Mm 46,,Rear End,2,Rain,Wet,Dark-Not Lighted
2023-02-06T12:39:00.000,I 95,I 95 and Mm 46,,Sideswipe-Same Direction,2,Clear,Dry,Daylight
2021-02-13T05:15:00.000,I 95,I 95 and Mm 45,,Rear End,2,Rain,Wet,Daylight
2023-08-15T10:55:00.000,I 95,I 95 and Mm 45,,Sideswipe-Same Direction,2,Clear,Dry,Daylight
2023-06-12T10:34:00.000,I 95,I 95 and Mm 45,,Sideswipe-Same Direction,2,Cloudy,Dry,Daylight
2020-06-09T15:04:00.000,I 95,I 95 and Mm 45,,Not a Collision with Motor Vehicle,1,Rain,Wet,Daylight
2023-06-16T05:32:00.000,I 95,I 95 and Mm 45,,Rear End,2,Clear,Dry,Daylight
2024-03-15T14:22:00.000,I 95,I 95 and Mm 45,,Rear End,2,Clear,Dry,Daylight
2023-08-29T13:13:00.000,I 95,I 95 and Mm 44,,Rear End,2,Rain,Wet,Daylight
2024-11-20T09:40:00.000,I 95,I 95 and Mm 44,,Not a Collision with Motor Vehicle,1,Cloudy,Wet,Daylight
2023-10-27T21:05:00.000,I 95,I 95 and Mm 41,,Not a Collision with Motor Vehicle,1,Clear,Dry,Dark-Not Lighted
2024-07-04T03:30:00.000,I 95,I 95 and Mm 37,,Rear End,2,Clear,Dry,Dark-Not Lighted
2022-11-07T15:13:00.000,I 95,I 95 and Mm 36B Exit Rp,,Not a Collision with Motor Vehicle,1,Clear,Dry,Daylight
2020-07-21T16:39:00.000,I 95,I 95 and Mm 34,,Rear End,2,Clear,Dry,Daylight
2022-07-15T13:30:00.000,I 95,I 95 and Mm 33,,Rear End,2,Cloudy,Dry,Daylight
2020-08-11T16:51:00.000,I 95,I 95 and Mm 33,,Not a Collision with Motor Vehicle,1,Clear,Dry,Daylight
2022-12-17T21:53:00.000,I 95,I 95 and Mm 29,,Angle Crash,2,Clear,Dry,Dark-Not Lighted
2020-08-08T23:30:00.000,I 95,I 95 and Mm 28,,Not a Collision with Motor Vehicle,1,Cloudy,Wet,Dark-Not Lighted
2020-04-13T09:30:00.000,I 95,I 95 and Mm 27 Camden County Glynn Cou,,Not a Collision with Motor Vehicle,1,Rain,Wet,Daylight
2023-03-02T08:12:00.000,I 95,I 95 and Mm 18,,Not a Collision with Motor Vehicle,1,Clear,Dry,Daylight
2022-06-03T10:40:00.000,I 95,I 95 and Mm 14,,Sideswipe-Same Direction,3,Clear,Dry,Daylight
2023-03-27T05:54:00.000,I 95,I 95 and Mm 14,,Not a Collision with Motor Vehicle,1,Clear,Dry,Dark-Not Lighted
2022-11-14T05:10:00.000,I 95,I 95 and Mm 13,,Rear End,2,Clear,Dry,Dark-Not Lighted
2021-02-19T06:53:00.000,I 95,I 95 and Mm 112,,Not a Collision with Motor Vehicle,1,Rain,Wet,Dusk
2020-03-10T14:05:00.000,I 95,I 95 and Mm 112,,Sideswipe-Same Direction,1,Clear,Dry,Daylight
2020-08-27T17:54:00.000,I 95,I 95 and Mm 112,,Angle Crash,2,Clear,Dry,Daylight
2020-01-22T14:20:00.000,I 95,I 95 and Mm 112,,Sideswipe-Same Direction,2,Clear,Dry,Daylight
2020-02-14T14:45:00.000,I 95,I 95 and Mm 112,,Rear End,2,Clear,Dry,Daylight
2021-04-03T12:30:00.000,I 95,I 95 and Mm 112,,Rear End,2,Clear,Dry,Daylight
2021-06-20T11:45:00.000,I 95,I 95 and Mm 112,,Not a Collision with Motor Vehicle,2,Clear,Dry,Daylight
2024-09-20T16:41:00.000,I 95,I 95 and Mm 112,,Rear End,2,Clear,Dry,Daylight
2024-03-15T12:28:00.000,I 95,I 95 and Mm 112,,Sideswipe-Same Direction,2,Clear,Dry,Daylight
2024-03-28T08:36:00.000,I 95,I 95 and Mm 112,,Not a Collision with Motor Vehicle,1,Rain,Wet,Daylight
2023-07-22T17:10:00.000,I 95,I 95 and Mm 112,,Rear End,2,Cloudy,Dry,Daylight
2023-06-16T12:37:00.000,I 95,I 95 and Mm 112,,Rear End,2,Clear,Dry,Daylight
2024-06-14T16:13:00.000,I 95,I 95 and Mm 112,,Sideswipe-Same Direction,2,Clear,Dry,Daylight
2024-10-08T20:00:00.000,I 95,I 95 and Mm 112,,Sideswipe-Same Direction,2,Clear,Dry,Dark-Not Lighted
2023-04-14T19:12:00.000,I 95,I 95 and Mm 111,,Rear End,2,Clear,Dry,Dusk
2023-07-02T11:45:00.000,I 95,I 95 and Mm 111,,Sideswipe-Same Direction,2,Clear,Dry,Daylight
2023-03-25T15:50:00.000,I 95,I 95 and Mm 111,,Sideswipe-Same Direction,2,Clear,Dry,Daylight
2022-12-26T16:50:00.000,I 95,I 95 and Mm 111,,Angle Crash,2,Clear,Dry,Daylight
2022-02-21T15:40:00.000,I 95,I 95 and Mm 111,,Sideswipe-Same Direction,2,Clear,Dry,Daylight
2022-07-29T10:30:00.000,I 95,I 95 and Mm 111,,Sideswipe-Same Direction,2,Clear,Dry,Daylight
2023-05-07T14:45:00.000,I 95,I 95 and Mm 111,,Rear End,2,Clear,Dry,Daylight
2024-06-30T16:20:00.000,I 95,I 95 and Mm 111,,Rear End,2,Clear,Dry,Daylight
2024-11-12T10:10:00.000,I 95,I 95 and Mm 111,,Sideswipe-Same Direction,2,Clear,Dry,Daylight
2021-07-16T16:45:00.000,I 95,I 95 and Mm 110,,Rear End,2,Clear,Dry,Daylight
2023-02-25T15:50:00.000,I 95,I 95 and Mm 110,,Rear End,2,Clear,Dry,Daylight
2020-11-29T17:00:00.000,I 95,I 95 and Mm 110,,Rear End,3,Clear,Dry,Dark-Not Lighted
2020-10-06T04:25:00.000,I 95,I 95 and Mm 110,,Not a Collision with Motor Vehicle,1,Clear,Dry,Dark-Not Lighted
2022-10-16T17:27:00.000,I 95,I 95 and Mm 110,,Sideswipe-Same Direction,2,Clear,Dry,Daylight
2022-04-01T13:55:00.000,I 95,I 95 and Mm 110,,Rear End,2,Clear,Dry,Daylight
2022-05-14T14:15:00.000,I 95,I 95 and Mm 110,,Not a Collision with Motor Vehicle,2,Clear,Dry,Daylight
2022-02-28T04:20:00.000,I 95,I 95 and Mm 110,,Rear End,2,Clear,Wet,Dark-Not Lighted
2024-04-18T14:30:00.000,I 95,I 95 and Mm 110,,Rear End,3,Rain,Wet,Daylight
2023-06-26T18:30:00.000,I 95,I 95 and Mm 109 On Rp,,Sideswipe-Same Direction,2,Clear,Dry,Daylight
2023-10-21T12:55:00.000,I 95,I 95 and Mm 109 On Rp,,Sideswipe-Same Direction,2,Clear,Dry,Daylight
2024-12-18T15:35:00.000,I 95,I 95 and Mm 109 Off,,Sideswipe-Same Direction,3,Clear,Dry,Daylight
2021-11-20T15:48:00.000,I 95,I 95 and Mm 109 Exit Rp,,Rear End,2,Clear,Dry,Daylight
2021-06-17T18:37:00.000,I 95,I 95 and Mm 109,,Sideswipe-Same Direction,2,Clear,Dry,Daylight
2023-01-24T16:35:00.000,I 95,I 95 and Mm 109,,Rear End,2,Clear,Dry,Daylight
2023-03-10T06:45:00.000,I 95,I 95 and Mm 109,,Not a Collision with Motor Vehicle,1,Rain,Wet,Daylight
2023-03-10T14:00:00.000,I 95,I 95 and Mm 109,,Rear End,2,Rain,Wet,Daylight
2023-06-22T08:50:00.000,I 95,I 95 and Mm 109,,Sideswipe-Same Direction,2,Rain,Wet,Daylight
2023-03-10T08:35:00.000,I 95,I 95 and Mm 109,,Rear End,2,Rain,Wet,Daylight
2020-09-28T15:00:00.000,I 95,I 95 and Mm 109,,Rear End,2,Cloudy,Dry,Daylight
2020-01-08T17:05:00.000,I 95,I 95 and Mm 109,,Rear End,2,Clear,Dry,Daylight
2021-04-13T09:26:00.000,I 95,I 95 and Mm 109,,Rear End,2,Clear,Dry,Daylight
2022-04-21T05:49:00.000,I 95,I 95 and Mm 109,,Not a Collision with Motor Vehicle,2,Clear,Dry,Dark-Not Lighted
2022-02-26T18:15:00.000,I 95,I 95 and Mm 109,,Sideswipe-Same Direction,2,Clear,Dry,Daylight
2022-09-01T19:45:00.000,I 95,I 95 and Mm 109,,Sideswipe-Same Direction,1,Rain,Wet,Daylight
2022-05-15T14:20:00.000,I 95,I 95 and Mm 109,,Rear End,2,Clear,Dry,Daylight
2022-07-02T14:45:00.000,I 95,I 95 and Mm 109,,Rear End,2,Clear,Dry,Daylight
2022-12-07T19:00:00.000,I 95,I 95 and Mm 109,,Angle Crash,3,Clear,Dry,Dark-Not Lighted
2022-08-23T20:24:00.000,I 95,I 95 and Mm 109,,Sideswipe-Same Direction,2,Clear,Dry,Dark-Not Lighted
2024-02-16T05:37:00.000,I 95,I 95 and Mm 109,,Rear End,2,Clear,Dry,Dark-Lighted
2024-01-02T19:20:00.000,I 95,I 95 and Mm 109,,Rear End,2,Clear,Dry,Dark-Not Lighted
2024-02-23T16:18:00.000,I 95,I 95 and Mm 109,,Rear End,2,Clear,Dry,Daylight
2024-02-19T15:08:00.000,I 95,I 95 and Mm 109,,Rear End,2,Clear,Dry,Daylight
2022-05-18T16:35:00.000,I 95,I 95 and Mm 108.5,,Rear End,2,Clear,Dry,Daylight
2023-07-08T16:50:00.000,I 95,I 95 and Mm 108,,Rear End,2,Cloudy,Dry,Daylight
2023-07-28T15:18:00.000,I 95,I 95 and Mm 108,,Rear End,2,Cloudy,Dry,Daylight
2020-04-04T15:00:00.000,I 95,I 95 and Mm 108,,Sideswipe-Same Direction,2,Clear,Dry,Daylight
2022-12-27T15:25:00.000,I 95,I 95 and Mm 108,,Rear End,3,Clear,Dry,Daylight
2023-06-23T15:44:00.000,I 95,I 95 and Mm 108,,Rear End,4,Clear,Dry,Daylight
2024-10-11T05:47:00.000,I 95,I 95 and Mm 108,,Sideswipe-Same Direction,2,Clear,Dry,Dark-Not Lighted
2024-06-26T16:17:00.000,I 95,I 95 and Mm 108,,Angle Crash,2,Cloudy,Dry,Daylight
2020-04-28T15:51:00.000,I 95,I 95 and Mm 107,,Sideswipe-Same Direction,1,Clear,Dry,Daylight
2020-03-18T22:10:00.000,I 95,I 95 and Mm 107,,Not a Collision with Motor Vehicle,1,Clear,Dry,Dark-Lighted
2020-03-18T22:10:00.000,I 95,I 95 and Mm 107,,Not a Collision with Motor Vehicle,3,Clear,Dry,Dark-Not Lighted
2024-02-19T17:30:00.000,I 95,I 95 and Mm 107,,Rear End,2,Clear,Dry,Daylight
2022-02-19T01:20:00.000,I 95,I 95 and Mm 106,,Rear End,2,Clear,Dry,Dark-Not Lighted
2020-07-14T11:53:00.000,I 95,I 95 and Mm 106,,Rear End,2,Clear,Dry,Daylight
2020-04-05T17:29:00.000,I 95,I 95 and Mm 106,,Angle Crash,2,Clear,Dry,Daylight
2024-01-03T18:06:00.000,I 95,I 95 and Mm 106,,Angle Crash,4,Cloudy,Dry,Dark-Not Lighted
2020-05-05T09:30:00.000,I 95,I 95 and Mm 105,,Sideswipe-Same Direction,3,Cloudy,Dry,Daylight
2020-10-28T15:15:00.000,I 95,I 95 and Mm 105,,Not a Collision with Motor Vehicle,3,Clear,Dry,Daylight
2022-05-22T20:58:00.000,I 95,I 95 and Mm 105,,Rear End,2,Rain,Wet,Dark-Not Lighted
2024-10-08T13:46:00.000,I 95,I 95 and Mm 105,,Not a Collision with Motor Vehicle,1,Clear,Dry,Daylight
2024-11-12T16:50:00.000,I 95,I 95 and Mm 105,,Sideswipe-Same Direction,2,Clear,Dry,Dusk
2021-04-25T16:20:00.000,I 95,I 95 and Mm 104,,Rear End,2,Clear,Dry,Daylight
2023-08-07T05:57:00.000,I 95,I 95 and Mm 104,,Sideswipe-Same Direction,2,Clear,Dry,Dark-Not Lighted
2023-01-14T07:00:00.000,I 95,I 95 and Mm 104,,Rear End,2,Clear,Dry,Dusk
2020-10-03T04:20:00.000,I 95,I 95 and Mm 104,,Sideswipe-Same Direction,2,Clear,Dry,Dark-Not Lighted
2022-01-06T12:53:00.000,I 95,I 95 and Mm 104,,Not a Collision with Motor Vehicle,1,Clear,Dry,Daylight
2024-03-12T21:42:00.000,I 95,I 95 and Mm 104,,Not a Collision with Motor Vehicle,1,Clear,Dry,Dark-Not Lighted
2024-05-07T11:03:00.000,I 95,I 95 and Mm 104,,Not a Collision with Motor Vehicle,1,Clear,Dry,Daylight
2024-10-06T05:35:00.000,I 95,I 95 and Mm 104,,Not a Collision with Motor Vehicle,1,Cloudy,Dry,Dark-Not Lighted
2023-04-22T11:50:00.000,I 95,I 95 and Mm 103,,Sideswipe-Same Direction,2,Clear,Dry,Daylight
2020-10-03T04:19:00.000,I 95,I 95 and Mm 103,,Sideswipe-Same Direction,2,Clear,Dry,Dark-Not Lighted
2022-10-18T18:05:00.000,I 95,I 95 and Mm 103,,Rear End,2,Clear,Dry,Daylight
2024-08-30T12:09:00.000,I 95,I 95 and Mm 103,,Rear End,2,Clear,Dry,Daylight
2024-05-24T13:20:00.000,I 95,I 95 and Mm 103,,Head On,2,Clear,Dry,Daylight
2023-01-26T16:37:00.000,I 95,I 95 and Mm 102,,Sideswipe-Same Direction,2,Clear,Dry,Daylight
2023-03-06T19:11:00.000,I 95,I 95 and Mm 102,,Sideswipe-Same Direction,2,Clear,Dry,Daylight
2023-10-09T16:40:00.000,I 95,I 95 and Mm 102,,Rear End,2,Clear,Dry,Daylight
2020-05-02T12:45:00.000,I 95,I 95 and Mm 102,,Not a Collision with Motor Vehicle,2,Clear,Dry,Daylight
2021-11-07T03:10:00.000,I 95,I 95 and Mm 102,,Rear End,2,Rain,Snow,Dark-Lighted
2024-02-01T16:34:00.000,I 95,I 95 and Mm 102,,Sideswipe-Same Direction,2,Clear,Dry,Daylight
2024-04-04T13:15:00.000,I 95,I 95 and Mm 102,,Rear End,2,Clear,Dry,Daylight
2023-10-21T12:55:00.000,I 95,I 95 and Mm 102,,Rear End,2,Clear,Dry,Daylight
2023-06-18T14:30:00.000,I 95,I 95 and Mm 102,,Not a Collision with Motor Vehicle,1,Clear,Dry,Daylight
2023-04-19T09:20:00.000,I 95,I 95 and Mm 101,,Sideswipe-Same Direction,2,Clear,Dry,Daylight
2020-04-19T07:39:00.000,I 95,I 95 and Mm 101,,Sideswipe-Same Direction,2,Clear,Dry,Daylight
2021-11-12T00:53:00.000,I 95,I 95 and Mm 101,,Angle Crash,2,Cloudy,Wet,Dark-Not Lighted
2023-06-23T20:51:00.000,I 95,I 95 and Mm 101,,Angle Crash,2,Cloudy,Dry,Dusk
2024-04-03T16:31:00.000,I 95,I 95 and Mm 101,,Not a Collision with Motor Vehicle,1,Rain,Wet,Daylight
2024-09-08T13:45:00.000,I 95,I 95 and Mm 101,,Sideswipe-Same Direction,2,Rain,Wet,Daylight
2021-10-03T21:35:00.000,I 95,I 95 and Mm 100,,Rear End,2,Clear,Dry,Dark-Lighted
2023-07-06T16:51:00.000,I 95,I 95 and Mm 100,,Sideswipe-Same Direction,2,Clear,Dry,Daylight
2020-09-02T14:45:00.000,I 95,I 95 and Mm 100,,Not a Collision with Motor Vehicle,1,Clear,Dry,Daylight
2020-09-01T10:30:00.000,I 95,I 95 and Mm 100,,Sideswipe-Same Direction,3,Clear,Dry,Daylight
2022-05-22T18:29:00.000,I 95,I 95 and Mm 100,,Sideswipe-Same Direction,2,Rain,Wet,Daylight
2022-07-07T16:46:00.000,I 95,I 95 and Mm 100,,Rear End,2,Clear,Dry,Dark-Not Lighted
2022-08-26T18:00:00.000,I 95,I 95 and Mm 100,,Rear End,3,Rain,Wet,Daylight
2022-04-18T09:31:00.000,I 95,I 95 and Mm 100,,Sideswipe-Same Direction,2,Cloudy,Wet,Daylight
2024-05-09T17:02:00.000,I 95,I 95 and Mm 100,,Rear End,2,Rain,Wet,Daylight
2023-10-12T05:48:00.000,I 95,I 95 and Mm 100,,Not a Collision with Motor Vehicle,1,Rain,Wet,Dark-Not Lighted
2024-07-06T20:16:00.000,I 95,I 95 and Mm 100,,Sideswipe-Same Direction,2,Clear,Dry,Daylight
2022-04-04T07:53:00.000,I 95,I 95 and Milemarker 94,,Rear End,2,Clear,Dry,Daylight
2020-01-05T22:28:00.000,I 95,I 95 and Milemarker 90,,Angle Crash,2,Clear,Dry,Dark-Not Lighted
2024-03-18T06:54:00.000,I 95,I 95 and Mile Post 94,,Rear End,3,Cloudy,Dry,Dark-Not Lighted
2022-09-11T16:21:00.000,I 95,I 95 and Mile Post 91,,Angle Crash,1,Rain,Wet,Daylight
2022-09-26T17:23:00.000,I 95,I 95 and Mile Post 104,,Sideswipe-Same Direction,2,Clear,Dry,Daylight
2021-10-13T14:30:00.000,I 95,I 95 and Mile Marker 99B,,Sideswipe-Same Direction,2,Clear,Dry,Daylight
2023-10-13T08:41:00.000,I 95,I 95 and Mile Marker 99B,,Sideswipe-Same Direction,2,Cloudy,Dry,Daylight
2022-07-29T21:50:00.000,I 95,I 95 and Mile Marker 99,,Rear End,2,Clear,Dry,Dark-Not Lighted
2020-05-25T14:46:00.000,I 95,I 95 and Mile Marker 99,,Not a Collision with Motor Vehicle,1,Cloudy,Dry,Daylight
2020-03-08T18:15:00.000,I 95,I 95 and Mile Marker 99,,Angle Crash,2,Clear,Dry,Daylight
2023-07-26T04:00:00.000,I 95,I 95 and Mile Marker 99,,Not a Collision with Motor Vehicle,5,Clear,Dry,Dark-Not Lighted
2023-10-12T10:03:00.000,I 95,I 95 and Mile Marker 99,,Not a Collision with Motor Vehicle,1,Rain,Wet,Daylight
2023-07-16T03:20:00.000,I 95,I 95 and Mile Marker 98,,Not a Collision with Motor Vehicle,1,Clear,Dry,Dark-Not Lighted
2020-10-01T08:55:00.000,I 95,I 95 and Mile Marker 98,,Rear End,2,Clear,Dry,Daylight
2022-02-25T08:30:00.000,I 95,I 95 and Mile Marker 97,,Rear End,2,Clear,Dry,Daylight
2022-02-25T07:15:00.000,I 95,I 95 and Mile Marker 97,,Sideswipe-Same Direction,2,Clear,Dry,Daylight
2024-04-11T08:20:00.000,I 95,I 95 and Mile Marker 97,,Rear End,2,Rain,Wet,Daylight
2021-10-22T21:42:00.000,I 95,I 95 and Mile Marker 96,,Not a Collision with Motor Vehicle,2,Clear,Dry,Dark-Not Lighted
2021-10-12T07:40:00.000,I 95,I 95 and Mile Marker 96,,Angle Crash,2,Clear,Dry,Daylight
2020-04-26T21:15:00.000,I 95,I 95 and Mile Marker 96,,Rear End,2,Clear,Dry,Dark-Not Lighted
2021-05-22T18:41:00.000,I 95,I 95 and Mile Marker 96,,Rear End,2,Clear,Dry,Daylight
2021-08-14T16:16:00.000,I 95,I 95 and Mile Marker 96,,Not a Collision with Motor Vehicle,1,Clear,Dry,Daylight
2023-01-23T12:16:00.000,I 95,I 95 and Mile Marker 96,,Not a Collision with Motor Vehicle,1,Clear,Dry,Daylight
2023-02-16T18:53:00.000,I 95,I 95 and Mile Marker 96,,Sideswipe-Same Direction,2,Clear,Dry,Dark-Not Lighted
2024-06-07T15:23:00.000,I 95,I 95 and Mile Marker 96,,Sideswipe-Same Direction,2,Clear,Dry,Daylight
2021-03-16T13:52:00.000,I 95,I 95 and Mile Marker 95,,Sideswipe-Same Direction,2,Clear,Dry,Daylight
2023-09-05T07:10:00.000,I 95,I 95 and Mile Marker 95,,Rear End,3,Clear,Dry,Daylight
2020-01-18T23:06:00.000,I 95,I 95 and Mile Marker 95,,Rear End,4,Clear,Dry,Dark-Not Lighted
2022-06-09T15:00:00.000,I 95,I 95 and Mile Marker 95,,Sideswipe-Same Direction,2,Clear,Dry,Daylight
2023-04-19T13:30:00.000,I 95,I 95 and Mile Marker 94,,Not a Collision with Motor Vehicle,1,Clear,Dry,Daylight
2020-02-10T20:50:00.000,I 95,I 95 and Mile Marker 94,,Not a Collision with Motor Vehicle,1,Cloudy,Dry,Dark-Not Lighted
2022-05-30T11:00:00.000,I 95,I 95 and Mile Marker 94,,Not a Collision with Motor Vehicle,3,Clear,Dry,Daylight
2022-02-09T08:10:00.000,I 95,I 95 and Mile Marker 94,,Sideswipe-Same Direction,2,Clear,Dry,Daylight
2023-01-19T13:30:00.000,I 95,I 95 and Mile Marker 94,,Not a Collision with Motor Vehicle,1,Clear,Dry,Daylight
2022-12-31T06:00:00.000,I 95,I 95 and Mile Marker 93,,Not a Collision with Motor Vehicle,1,Cloudy,Dry,Dawn
2023-12-06T13:50:00.000,I 95,I 95 and Mile Marker 93,,Rear End,2,Clear,Dry,Daylight
2020-05-25T21:55:00.000,I 95,I 95 and Mile Marker 92,,Not a Collision with Motor Vehicle,1,Rain,Wet,Dark-Not Lighted
2021-12-06T19:00:00.000,I 95,I 95 and Mile Marker 92,,Not a Collision with Motor Vehicle,1,Clear,Dry,Dark-Not Lighted
2022-03-06T12:35:00.000,I 95,I 95 and Mile Marker 92,,Angle Crash,2,Clear,Dry,Daylight
2022-02-21T12:40:00.000,I 95,I 95 and Mile Marker 92,,Angle Crash,1,Cloudy,Dry,Daylight
2023-04-14T22:40:00.000,I 95,I 95 and Mile Marker 91,,Angle Crash,2,Clear,Dry,Dark-Not Lighted
2020-03-12T16:56:00.000,I 95,I 95 and Mile Marker 91,,Sideswipe-Same Direction,2,Clear,Dry,Daylight
2020-11-26T13:51:00.000,I 95,I 95 and Mile Marker 91,,Sideswipe-Same Direction,2,Clear,Dry,Daylight
2021-05-08T14:21:00.000,I 95,I 95 and Mile Marker 91,,Rear End,2,Clear,Dry,Daylight
2021-08-15T16:58:00.000,I 95,I 95 and Mile Marker 90,,Rear End,2,Rain,Wet,Daylight
2020-06-14T13:17:00.000,I 95,I 95 and Mile Marker 90,,Rear End,2,Clear,Dry,Daylight
2020-02-26T06:47:00.000,I 95,I 95 and Mile Marker 90,,Sideswipe-Same Direction,2,Cloudy,Wet,Daylight
2021-06-26T04:05:00.000,I 95,I 95 and Mile Marker 90,,Not a Collision with Motor Vehicle,1,Clear,Dry,Dark-Not Lighted
2020-07-14T17:50:00.000,I 95,I 95 and Mile Marker 88,,Rear End,2,Clear,Dry,Daylight
2020-03-31T13:07:00.000,I 95,I 95 and Mile Marker 88,,Sideswipe-Same Direction,1,Cloudy,Dry,Daylight
2020-03-10T16:40:00.000,I 95,I 95 and Mile Marker 88,,Not a Collision with Motor Vehicle,1,Cloudy,Dry,Daylight
2023-06-14T17:00:00.000,I 95,I 95 and Mile Marker 87.5,,Sideswipe-Same Direction,2,Rain,Wet,Dark-Lighted
2020-08-04T16:34:00.000,I 95,I 95 and Mile Marker 87 Off Rp,,Rear End,2,Clear,Dry,Daylight
2021-09-02T18:38:00.000,I 95,I 95 and Mile Marker 87 Off Rp,,Not a Collision with Motor Vehicle,1,Clear,Dry,Daylight
2023-07-25T16:00:00.000,I 95,I 95 and Mile Marker 87,,Rear End,2,Clear,Dry,Daylight
2020-08-04T16:56:00.000,I 95,I 95 and Mile Marker 87,,Rear End,2,Cloudy,Wet,Daylight
2021-03-23T00:35:00.000,I 95,I 95 and Mile Marker 87,,Sideswipe-Same Direction,2,Clear,Dry,Dark-Lighted
2020-07-09T12:15:00.000,I 95,I 95 and Mile Marker 86,,Rear End,2,Clear,Dry,Daylight
2020-04-20T12:05:00.000,I 95,I 95 and Mile Marker 86,,Sideswipe-Same Direction,2,Clear,Dry,Daylight
2020-10-30T14:21:00.000,I 95,I 95 and Mile Marker 85,,Sideswipe-Same Direction,2,Clear,Dry,Daylight
2020-11-28T14:22:00.000,I 95,I 95 and Mile Marker 85,,Rear End,3,Rain,Wet,Daylight
2020-01-08T20:24:00.000,I 95,I 95 and Mile Marker 84,,Not a Collision with Motor Vehicle,1,Clear,Dry,Dark-Not Lighted
2020-05-17T21:44:00.000,I 95,I 95 and Mile Marker 84,,Not a Collision with Motor Vehicle,1,Clear,Dry,Dark-Not Lighted
2020-11-28T14:07:00.000,I 95,I 95 and Mile Marker 84,,Sideswipe-Same Direction,2,Rain,Wet,Daylight
2023-03-19T02:35:00.000,I 95,I 95 and Mile Marker 83,,Angle Crash,2,Clear,Dry,Dark-Not Lighted
2020-10-23T06:45:00.000,I 95,I 95 and Mile Marker 82,,Sideswipe-Same Direction,2,Clear,Wet,Dark-Not Lighted
2022-07-13T01:35:00.000,I 95,I 95 and Mile Marker 82,,Sideswipe-Same Direction,2,Clear,Dry,Dark-Not Lighted
2023-06-12T17:40:00.000,I 95,I 95 and Mile Marker 81,,Rear End,2,Cloudy,Dry,Daylight
2023-03-16T04:20:00.000,I 95,I 95 and Mile Marker 81,,Not a Collision with Motor Vehicle,1,Clear,Dry,Dark-Not Lighted
2020-11-20T16:14:00.000,I 95,I 95 and Mile Marker 81,,Sideswipe-Same Direction,2,Clear,Dry,Daylight
2023-06-10T23:19:00.000,I 95,I 95 and Mile Marker 81,,(None),1,(None),(None),(None)
2020-05-30T22:17:00.000,I 95,I 95 and Mile Marker 80,,Not a Collision with Motor Vehicle,1,Cloudy,Dry,Daylight
2023-02-20T22:04:00.000,I 95,I 95 and Mile Marker 80,,Rear End,2,Clear,Dry,Dark-Not Lighted
2024-06-19T12:48:00.000,I 95,I 95 and Mile Marker 80,,Rear End,2,Clear,Dry,Daylight
2023-07-09T14:09:00.000,I 95,I 95 and Mile Marker 79 Opas,,Sideswipe-Same Direction,2,Clear,Dry,Daylight
2021-09-08T00:19:00.000,I 95,I 95 and Mile Marker 79,,Sideswipe-Same Direction,2,Clear,Dry,Dark-Not Lighted
2022-02-18T18:18:00.000,I 95,I 95 and Mile Marker 79,,Sideswipe-Same Direction,2,Clear,Dry,Daylight
2022-02-18T18:18:00.000,I 95,I 95 and Mile Marker 79,,Not a Collision with Motor Vehicle,1,Clear,Dry,Daylight
2023-10-13T19:14:00.000,I 95,I 95 and Mile Marker 79,,Not a Collision with Motor Vehicle,1,Rain,Wet,Dark-Not Lighted
2024-01-18T19:02:00.000,I 95,I 95 and Mile Marker 79,,Sideswipe-Same Direction,2,Cloudy,Dry,Dark-Not Lighted
2024-01-10T15:26:00.000,I 95,I 95 and Mile Marker 79,,Angle Crash,2,Clear,Dry,Daylight
2021-09-08T06:28:00.000,I 95,I 95 and Mile Marker 78 2 Miles,,Rear End,2,Cloudy,Wet,Dawn
2022-07-09T01:28:00.000,I 95,I 95 and Mile Marker 77,,Sideswipe-Same Direction,2,Clear,Wet,Dark-Not Lighted
2024-07-12T03:35:00.000,I 95,I 95 and Mile Marker 77,,Rear End,2,Clear,Dry,Dark-Not Lighted
2023-01-05T12:35:00.000,I 95,I 95 and Mile Marker 76,,Not a Collision with Motor Vehicle,1,Clear,Dry,Daylight
2020-03-30T06:03:00.000,I 95,I 95 and Mile Marker 75,,Not a Collision with Motor Vehicle,1,Clear,Dry,Dark-Not Lighted
2024-11-20T01:48:00.000,I 95,I 95 and Mile Marker 75,,Sideswipe-Same Direction,2,Rain,Wet,Dark-Not Lighted
2022-07-09T17:05:00.000,I 95,I 95 and Mile Marker 72,,Sideswipe-Same Direction,2,Cloudy,(None),Daylight
2024-12-22T18:32:00.000,I 95,I 95 and Mile Marker 72,,Head On,1,Clear,Dry,Dark-Not Lighted
2024-03-28T03:25:00.000,I 95,I 95 and Mile Marker 72,,Not a Collision with Motor Vehicle,1,Rain,Wet,Dark-Not Lighted