Date and Time,Roadway (From Crash Report),Intersection Name (from Crash Report),KABCO Severity,Manner of Collision (Crash Level) ,# of Vehicles per crash ,Weather Conditions (Crash Level),Surface Condition (Crash Level) ,Light Conditions (Crash Level)
2024-03-02T04:55:00.000,I 95,I 95 and Mile Marker 72,,Not a Collision with Motor Vehicle,1,Fog,Wet,Dark-Not Lighted
2022-03-04T08:00:00.000,I 95,I 95 and Mile Marker 71,,Sideswipe-Same Direction,2,Clear,Dry,Daylight
2022-10-09T21:17:00.000,I 95,I 95 and Mile Marker 71,,Not a Collision with Motor Vehicle,1,Clear,Dry,Dark-Not Lighted
2024-03-08T18:45:00.000,I 95,I 95 and Mile Marker 69,,Not a Collision with Motor Vehicle,1,Clear,Dry,Dark-Lighted
2023-12-21T15:20:00.000,I 95,I 95 and Mile Marker 68,,Rear End,2,Cloudy,Dry,Daylight
2023-03-25T11:54:00.000,I 95,I 95 and Mile Marker 68,,Sideswipe-Same Direction,2,Clear,Dry,Daylight
2022-03-31T09:33:00.000,I 95,I 95 and Mile Marker 67,,Rear End,2,Cloudy,Dry,Daylight
2022-06-09T12:28:00.000,I 95,I 95 and Mile Marker 67,,Sideswipe-Same Direction,3,Clear,Dry,Daylight
2022-02-15T17:41:00.000,I 95,I 95 and Mile Marker 67,,Rear End,2,Cloudy,Dry,Daylight
2021-12-10T14:15:00.000,I 95,I 95 and Mile Marker 66,,Sideswipe-Same Direction,2,Clear,Dry,Daylight
2023-12-23T13:11:00.000,I 95,I 95 and Mile Marker 66,,Sideswipe-Same Direction,2,Clear,Dry,Daylight
2020-05-29T17:50:00.000,I 95,I 95 and Mile Marker 66,,Sideswipe-Same Direction,3,Clear,Dry,Daylight
2021-06-07T16:25:00.000,I 95,I 95 and Mile Marker 65,,Sideswipe-Same Direction,2,Cloudy,Dry,Daylight
2024-08-27T17:18:00.000,I 95,I 95 and Mile Marker 65,,Rear End,2,Clear,Dry,Daylight
2024-09-29T10:52:00.000,I 95,I 95 and Mile Marker 65,,Sideswipe-Same Direction,2,Clear,Dry,Daylight
2021-11-25T12:48:00.000,I 95,I 95 and Mile Marker 64,,Angle Crash,2,Clear,Dry,Daylight
2024-10-07T13:54:00.000,I 95,I 95 and Mile Marker 63,,Not a Collision with Motor Vehicle,1,Clear,Dry,Daylight
2024-05-03T05:08:00.000,I 95,I 95 and Mile Marker 63,,Rear End,2,Clear,Dry,Dark-Not Lighted
2023-04-27T13:56:00.000,I 95,I 95 and Mile Marker 62,,Rear End,2,Clear,Dry,Daylight
2023-04-27T12:06:00.000,I 95,I 95 and Mile Marker 62,,Not a Collision with Motor Vehicle,1,Clear,Dry,Daylight
2022-01-21T23:52:00.000,I 95,I 95 and Mile Marker 61,,Rear End,4,Rain,Wet,Dark-Not Lighted
2023-07-14T05:46:00.000,I 95,I 95 and Mile Marker 60,,Rear End,2,Clear,Dry,Daylight
2021-07-19T15:52:00.000,I 95,I 95 and Mile Marker 59,,Not a Collision with Motor Vehicle,1,Rain,Wet,Daylight
2023-08-26T20:14:00.000,I 95,I 95 and Mile Marker 59,,Rear End,2,Cloudy,Dry,Dark-Not Lighted
2024-07-11T16:34:00.000,I 95,I 95 and Mile Marker 58-64,,Sideswipe-Same Direction,2,Clear,Dry,Daylight
2023-05-01T00:24:00.000,I 95,I 95 and Mile Marker 58,,Angle Crash,2,Clear,Dry,Dark-Not Lighted
2020-12-12T07:29:00.000,I 95,I 95 and Mile Marker 58,,Not a Collision with Motor Vehicle,1,Fog,Dry,Daylight
2024-08-03T05:53:00.000,I 95,I 95 and Mile Marker 58,,Rear End,1,Clear,Dry,Dark-Not Lighted
2024-09-10T14:08:00.000,I 95,I 95 and Mile Marker 58,,Sideswipe-Same Direction,2,Cloudy,Dry,Daylight
2022-04-22T21:56:00.000,I 95,I 95 and Mile Marker 57,,Not a Collision with Motor Vehicle,2,Clear,Dry,Dark-Not Lighted
2023-12-03T20:04:00.000,I 95,I 95 and Mile Marker 57,,Rear End,2,Cloudy,Wet,Dark-Not Lighted
2021-07-05T22:35:00.000,I 95,I 95 and Mile Marker 56,,Sideswipe-Same Direction,2,Cloudy,Dry,Dark-Lighted
2021-05-13T07:20:00.000,I 95,I 95 and Mile Marker 55 Sca,,Not a Collision with Motor Vehicle,1,Rain,Wet,Daylight
2020-01-28T16:48:00.000,I 95,I 95 and Mile Marker 55,,Rear End,2,Clear,Dry,Daylight
2024-05-01T10:48:00.000,I 95,I 95 and Mile Marker 55,,Not a Collision with Motor Vehicle,2,Clear,Dry,Daylight
2020-12-29T15:03:00.000,I 95,I 95 and Mile Marker 54,,Rear End,2,Clear,Dry,Daylight
2023-01-24T23:12:00.000,I 95,I 95 and Mile Marker 54,,Not a Collision with Motor Vehicle,1,Clear,Dry,Dark-Not Lighted
2020-06-23T21:32:00.000,I 95,I 95 and Mile Marker 53,,Sideswipe-Same Direction,2,Clear,Dry,Dark-Not Lighted
2024-07-01T16:25:00.000,I 95,I 95 and Mile Marker 53,,Sideswipe-Same Direction,2,Clear,Wet,Daylight
2024-05-31T11:15:00.000,I 95,I 95 and Mile Marker 52,,Not a Collision with Motor Vehicle,1,Clear,Dry,Daylight
2024-07-01T10:57:00.000,I 95,I 95 and Mile Marker 51,,Not a Collision with Motor Vehicle,1,Cloudy,Dry,Daylight
2024-02-14T14:02:00.000,I 95,I 95 and Mile Marker 50,,Not a Collision with Motor Vehicle,1,Clear,Dry,Daylight
2023-03-12T05:45:00.000,I 95,I 95 and Mile Marker 5,,Sideswipe-Same Direction,2,Clear,Dry,Dark-Not Lighted
2021-11-18T03:22:00.000,I 95,I 95 and Mile Marker 49,,Rear End,2,Cloudy,Dry,Dark-Lighted
2021-08-11T20:44:00.000,I 95,I 95 and Mile Marker 48,,Sideswipe-Opposite Direction,2,Cloudy,Dry,Dark-Not Lighted
2021-08-11T20:44:00.000,I 95,I 95 and Mile Marker 48,,Rear End,2,Cloudy,Dry,Dark-Lighted
2024-08-22T20:53:00.000,I 95,I 95 and Mile Marker 47,,Sideswipe-Same Direction,1,Cloudy,Dry,Dark-Not Lighted
2023-04-28T00:08:00.000,I 95,I 95 and Mile Marker 45,,Rear End,2,Cloudy,Wet,Dark-Not Lighted
2024-04-15T00:30:00.000,I 95,I 95 and Mile Marker 45,,Not a Collision with Motor Vehicle,1,Clear,Dry,Dark-Not Lighted
2024-07-01T10:54:00.000,I 95,I 95 and Mile Marker 45,,Sideswipe-Same Direction,2,Cloudy,Dry,Daylight
2020-03-12T15:00:00.000,I 95,I 95 and Mile Marker 42,,Sideswipe-Same Direction,1,Clear,Dry,Daylight
2021-10-28T07:35:00.000,I 95,I 95 and Mile Marker 42,,Rear End,2,Rain,Wet,Dawn
2021-03-09T15:00:00.000,I 95,I 95 and Mile Marker 33,,Not a Collision with Motor Vehicle,1,Clear,Dry,Daylight
2021-06-16T11:16:00.000,I 95,I 95 and Mile Marker 20,,Sideswipe-Same Direction,2,Clear,Dry,Daylight
2021-03-27T15:30:00.000,I 95,I 95 and Mile Marker 112,,Rear End,2,Cloudy,Dry,Daylight
2021-05-08T18:43:00.000,I 95,I 95 and Mile Marker 112,,Rear End,2,Clear,Dry,Daylight
2020-03-21T15:40:00.000,I 95,I 95 and Mile Marker 112,,Sideswipe-Same Direction,2,Clear,Dry,Daylight
2020-06-17T09:58:00.000,I 95,I 95 and Mile Marker 112,,Not a Collision with Motor Vehicle,1,Clear,Dry,Daylight
2022-01-26T12:50:00.000,I 95,I 95 and Mile Marker 112,,Sideswipe-Same Direction,2,Cloudy,Dry,Daylight
2022-01-04T11:15:00.000,I 95,I 95 and Mile Marker 112,,Sideswipe-Same Direction,2,Clear,Dry,Daylight
2020-07-15T17:33:00.000,I 95,I 95 and Mile Marker 111,,Sideswipe-Same Direction,3,Clear,Dry,Daylight
2020-03-15T13:48:00.000,I 95,I 95 and Mile Marker 111,,Rear End,2,Clear,Dry,Daylight
2022-07-02T12:25:00.000,I 95,I 95 and Mile Marker 111,,Rear End,2,Clear,Dry,Daylight
2024-12-01T18:40:00.000,I 95,I 95 and Mile Marker 111,,Rear End,2,Clear,Dry,Dark-Not Lighted
2024-05-23T20:00:00.000,I 95,I 95 and Mile Marker 111,,Rear End,2,Clear,Dry,Dark-Not Lighted
2021-04-10T20:00:00.000,I 95,I 95 and Mile Marker 110,,Rear End,2,Cloudy,Dry,Dawn
2020-12-26T13:39:00.000,I 95,I 95 and Mile Marker 110,,Rear End,2,Clear,Dry,Daylight
2022-06-04T11:20:00.000,I 95,I 95 and Mile Marker 110,,Rear End,2,Clear,Dry,Daylight
2024-12-15T23:09:00.000,I 95,I 95 and Mile Marker 110,,Not a Collision with Motor Vehicle,1,Clear,Dry,Dark-Not Lighted
2024-07-19T17:53:00.000,I 95,I 95 and Mile Marker 110,,Rear End,2,Rain,Wet,Daylight
2021-12-10T22:45:00.000,I 95,I 95 and Mile Marker 11,,Not a Collision with Motor Vehicle,1,Clear,Dry,Dark-Not Lighted
2022-03-03T14:13:00.000,I 95,I 95 and Mile Marker 109 On Rp,,Angle Crash,2,Clear,Dry,Daylight
2022-03-05T23:00:00.000,I 95,I 95 and Mile Marker 109,,Sideswipe-Same Direction,2,Clear,Dry,Dark-Lighted
2023-07-05T17:10:00.000,I 95,I 95 and Mile Marker 109,,Not a Collision with Motor Vehicle,2,Cloudy,Dry,Daylight
2024-06-04T15:20:00.000,I 95,I 95 and Mile Marker 109,,Sideswipe-Same Direction,2,Clear,Dry,Daylight
2024-11-30T17:35:00.000,I 95,I 95 and Mile Marker 109,,Rear End,2,Clear,Dry,Dark-Not Lighted
2020-10-30T17:11:00.000,I 95,I 95 and Mile Marker 108,,Sideswipe-Same Direction,2,Clear,Dry,Daylight
2020-11-04T15:45:00.000,I 95,I 95 and Mile Marker 108,,Angle Crash,2,Clear,Dry,Daylight
2020-11-23T17:40:00.000,I 95,I 95 and Mile Marker 108,,Not a Collision with Motor Vehicle,3,Clear,Dry,Dusk
2020-10-05T17:06:00.000,I 95,I 95 and Mile Marker 108,,Rear End,5,Clear,Dry,Daylight
2020-12-27T13:46:00.000,I 95,I 95 and Mile Marker 108,,Rear End,4,Clear,Dry,Daylight
2022-03-31T02:26:00.000,I 95,I 95 and Mile Marker 108,,Angle Crash,2,Clear,Dry,Dark-Lighted
2024-12-20T18:33:00.000,I 95,I 95 and Mile Marker 108,,Sideswipe-Same Direction,2,Clear,Dry,Dark-Lighted
2024-07-19T16:47:00.000,I 95,I 95 and Mile Marker 108,,Rear End,2,Rain,Wet,Daylight
2024-11-01T16:35:00.000,I 95,I 95 and Mile Marker 108,,Rear End,2,Clear,Dry,Daylight
2024-10-02T16:42:00.000,I 95,I 95 and Mile Marker 108,,Rear End,2,Clear,Dry,Daylight
2022-06-05T12:11:00.000,I 95,I 95 and Mile Marker 107,,Not a Collision with Motor Vehicle,1,Cloudy,Dry,Daylight
2024-10-08T17:11:00.000,I 95,I 95 and Mile Marker 107,,Rear End,2,Clear,Dry,Daylight
2022-04-03T21:24:00.000,I 95,I 95 and Mile Marker 105,,Angle Crash,2,Clear,Dry,Dark-Not Lighted
2021-06-25T21:21:00.000,I 95,I 95 and Mile Marker 104,,Not a Collision with Motor Vehicle,1,Clear,Dry,Dark-Not Lighted
2024-09-27T13:38:00.000,I 95,I 95 and Mile Marker 104,,Sideswipe-Same Direction,2,Clear,Dry,Daylight
2021-04-25T13:34:00.000,I 95,I 95 and Mile Marker 103,,Rear End,2,Clear,Dry,Daylight
2021-02-18T10:32:00.000,I 95,I 95 and Mile Marker 103,,Not a Collision with Motor Vehicle,1,Cloudy,Wet,Daylight
2023-11-03T20:05:00.000,I 95,I 95 and Mile Marker 103,,Not a Collision with Motor Vehicle,2,Clear,Dry,Dark-Not Lighted
2020-02-24T19:00:00.000,I 95,I 95 and Mile Marker 102,,Sideswipe-Same Direction,2,Clear,Dry,Dark-Lighted
2023-01-28T22:35:00.000,I 95,I 95 and Mile Marker 102,,Angle Crash,2,Clear,Dry,Dark-Not Lighted
2021-10-18T18:14:00.000,I 95,I 95 and Mile Marker 101,,Not a Collision with Motor Vehicle,1,Clear,Dry,Daylight
2023-08-22T10:13:00.000,I 95,I 95 and Mile Marker 1 In S Carolina,,Rear End,2,Clear,Dry,Daylight
2020-11-28T13:06:00.000,I 95,I 95 and Mile Marker  87,,Rear End,2,Rain,Wet,Daylight
2020-06-29T20:23:00.000,I 95,I 95 and Mile Mark 102,,Angle Crash,2,Clear,Dry,Dusk
2021-06-11T16:05:00.000,I 95,I 95 and Mile 112,,Rear End,3,Rain,Wet,Daylight
2022-12-06T02:40:00.000,I 95,I 95 and Mienhard Rd,,Not a Collision with Motor Vehicle,1,Clear,Wet,Dark-Lighted
2020-12-17T04:15:00.000,I 95,I 95 and Meinhard Rd Opas,,Sideswipe-Same Direction,2,Clear,Dry,Dark-Not Lighted
2020-10-30T16:00:00.000,I 95,I 95 and Meinhard Rd Opas,,Rear End,2,Clear,Dry,Daylight
2023-04-07T15:03:00.000,I 95,I 95 and Meinhard Rd,,Rear End,2,Clear,Dry,Daylight
2023-03-29T00:00:00.000,I 95,I 95 and Meinhard Rd,,Sideswipe-Same Direction,2,Clear,Dry,Dark-Not Lighted
2021-03-22T16:45:00.000,I 95,I 95 and Meinhard Opas,,Sideswipe-Same Direction,2,Clear,Dry,Daylight
2024-03-31T15:43:00.000,I 95,I 95 and Mcintosh   Liberty County Line,,Sideswipe-Same Direction,3,Clear,Dry,Daylight
2023-06-15T15:30:00.000,I 95,I 95 and Mcdonald St,,Sideswipe-Same Direction,2,Cloudy,Wet,Daylight
2021-01-03T15:15:00.000,I 95,I 95 and M M 89,,Rear End,2,Clear,Dry,Daylight
2021-11-05T22:07:00.000,I 95,I 95 and M M 87,,Not a Collision with Motor Vehicle,1,Rain,Wet,Dark-Not Lighted
2022-06-04T11:03:00.000,I 95,I 95 and Louisville Rd,,Rear End,2,Cloudy,Dry,Daylight
2022-06-07T06:40:00.000,I 95,I 95 and Littleneck Road Opas,,Not a Collision with Motor Vehicle,1,Clear,Dry,Daylight
2023-04-16T21:51:00.000,I 95,I 95 and Littleneck Rd,,Rear End,2,Rain,Wet,Dark-Not Lighted
2020-10-13T18:23:00.000,I 95,I 95 and Littleneck Rd,,Sideswipe-Same Direction,2,Clear,Dry,Daylight
2024-10-04T03:40:00.000,I 95,I 95 and Littleneck Opas,,Not a Collision with Motor Vehicle,2,Clear,Dry,Dark-Not Lighted
2020-12-18T15:44:00.000,I 95,I 95 and Little Neck Road Opas,,Rear End,2,Clear,Dry,Daylight
2024-04-27T18:40:00.000,I 95,I 95 and Little Neck Road Opas,,Rear End,4,Clear,Dry,Daylight
2024-11-27T19:51:00.000,I 95,I 95 and Little Neck Rd. Opas,,Rear End,3,Clear,Dry,Dark-Not Lighted
2021-08-06T16:45:00.000,I 95,I 95 and Little Neck Rd Opas,,Rear End,7,Rain,Wet,Daylight
2021-11-07T19:09:00.000,I 95,I 95 and Little Neck Rd,,Not a Collision with Motor Vehicle,2,Clear,Dry,Dark-Not Lighted
2021-09-22T21:56:00.000,I 95,I 95 and Little Neck Rd,,Rear End,2,Cloudy,Wet,Dark-Not Lighted
2021-07-20T12:21:00.000,I 95,I 95 and Little Neck Rd,,Rear End,3,Rain,Wet,Daylight
2021-04-11T09:40:00.000,I 95,I 95 and Little Neck Rd,,Rear End,2,Cloudy,Dry,Daylight
2021-05-23T19:50:00.000,I 95,I 95 and Little Neck Rd,,Sideswipe-Same Direction,2,Clear,Dry,Daylight
2021-05-22T19:50:00.000,I 95,I 95 and Little Neck Rd,,Sideswipe-Same Direction,2,Clear,Dry,Daylight
2020-06-12T01:00:00.000,I 95,I 95 and Little Neck Rd,,Sideswipe-Same Direction,2,Clear,Dry,Dark-Not Lighted
2023-02-04T14:57:00.000,I 95,I 95 and Little Neck Rd,,Sideswipe-Same Direction,2,Clear,Dry,Daylight
2023-01-31T06:55:00.000,I 95,I 95 and Little Neck Rd,,Sideswipe-Same Direction,2,Clear,Dry,Daylight
2023-03-10T14:00:00.000,I 95,I 95 and Little Neck Rd,,Rear End,2,Rain,Wet,Daylight
2023-08-04T07:21:00.000,I 95,I 95 and Little Neck Rd,,Not a Collision with Motor Vehicle,1,Cloudy,Wet,Daylight
2023-05-21T01:15:00.000,I 95,I 95 and Little Neck Rd,,Sideswipe-Same Direction,2,Clear,Dry,Dark-Lighted
2023-10-10T07:12:00.000,I 95,I 95 and Little Neck Rd,,Sideswipe-Same Direction,2,Clear,Dry,Dawn
2023-06-26T11:30:00.000,I 95,I 95 and Little Neck Rd,,Head On,1,Clear,Dry,Daylight
2023-02-13T16:15:00.000,I 95,I 95 and Little Neck Rd,,Not a Collision with Motor Vehicle,2,Clear,Dry,Daylight
2023-10-29T04:58:00.000,I 95,I 95 and Little Neck Rd,,Not a Collision with Motor Vehicle,1,Clear,Dry,Dark-Not Lighted
2023-05-27T07:28:00.000,I 95,I 95 and Little Neck Rd,,Not a Collision with Motor Vehicle,1,Rain,Wet,Daylight
2022-09-11T02:05:00.000,I 95,I 95 and Little Neck Rd,,Not a Collision with Motor Vehicle,1,Cloudy,Dry,Dark-Not Lighted
2020-09-14T02:45:00.000,I 95,I 95 and Little Neck Rd,,Sideswipe-Same Direction,2,Clear,Dry,Dark-Not Lighted
2020-10-15T09:18:00.000,I 95,I 95 and Little Neck Rd,,Sideswipe-Same Direction,2,Clear,Dry,Daylight
2021-12-02T19:45:00.000,I 95,I 95 and Little Neck Rd,,Sideswipe-Same Direction,2,Clear,Dry,Dark-Not Lighted
2021-11-21T15:09:00.000,I 95,I 95 and Little Neck Rd,,Rear End,2,Clear,Dry,Daylight
2022-09-22T09:30:00.000,I 95,I 95 and Little Neck Rd,,Rear End,2,Clear,Dry,Daylight
2022-06-01T11:10:00.000,I 95,I 95 and Little Neck Rd,,Sideswipe-Same Direction,2,Clear,Dry,Daylight
2022-11-25T15:30:00.000,I 95,I 95 and Little Neck Rd,,Not a Collision with Motor Vehicle,1,Rain,Wet,Daylight
2022-09-26T08:50:00.000,I 95,I 95 and Little Neck Rd,,Rear End,2,Cloudy,Dry,Daylight
2022-06-09T15:22:00.000,I 95,I 95 and Little Neck Rd,,Sideswipe-Same Direction,2,Cloudy,Dry,Daylight
2022-05-19T09:30:00.000,I 95,I 95 and Little Neck Rd,,Not a Collision with Motor Vehicle,1,Clear,Dry,Daylight
2022-05-19T09:35:00.000,I 95,I 95 and Little Neck Rd,,Rear End,2,Clear,Dry,Daylight
2024-04-28T20:20:00.000,I 95,I 95 and Little Neck Rd,,Rear End,3,Clear,Dry,Dark-Not Lighted
2023-01-16T08:40:00.000,I 95,I 95 and Little Neck Rd,,Not a Collision with Motor Vehicle,1,Clear,Dry,Daylight
2023-05-30T07:18:00.000,I 95,I 95 and Little Neck Rd,,Not a Collision with Motor Vehicle,4,Clear,Dry,Daylight
2023-11-05T21:31:00.000,I 95,I 95 and Little Neck Rd,,Not a Collision with Motor Vehicle,1,Clear,Dry,Dark-Not Lighted
2020-08-28T17:40:00.000,I 95,I 95 and Little Neck Opas,,Rear End,2,Clear,Dry,Daylight
2023-07-17T15:52:00.000,I 95,I 95 and Little Neck,,Rear End,2,Rain,Wet,Daylight
2021-04-23T08:40:00.000,I 95,I 95 and Liberty County Line,,Rear End,2,Clear,Dry,Daylight
2020-03-14T14:40:00.000,I 95,I 95 and Liberty Bryan County Line,,Sideswipe-Same Direction,2,Clear,Dry,Daylight
2020-06-21T14:41:00.000,I 95,I 95 and Liberty Bryan County Line,,Angle Crash,1,Clear,Dry,Daylight
2022-11-05T10:46:00.000,I 95,I 95 and Liberty Bryan County Line,,Sideswipe-Same Direction,2,Cloudy,Wet,Daylight
2021-04-19T00:09:00.000,I 95,I 95 and Laurel Island Pkwy,,Sideswipe-Same Direction,2,Cloudy,Wet,Dark-Not Lighted
2020-11-27T00:06:00.000,I 95,I 95 and Laurel Island Pkwy,,Angle Crash,2,Clear,Dry,Dark-Not Lighted
2020-11-02T16:49:00.000,I 95,I 95 and Laurel Island Pkwy,,Not a Collision with Motor Vehicle,1,Clear,Dry,Daylight
2022-02-20T10:44:00.000,I 95,I 95 and Laurel Island Pkwy,,Rear End,2,Clear,Dry,Daylight
2024-02-27T19:40:00.000,I 95,I 95 and Laurel Island Pkwy,,Sideswipe-Same Direction,2,Clear,Dry,Dark-Not Lighted
2024-08-21T16:57:00.000,I 95,I 95 and Laurel Island Pkwy,,Rear End,2,Cloudy,Dry,Daylight
2024-08-19T20:53:00.000,I 95,I 95 and Laurel Island,,Not a Collision with Motor Vehicle,1,Rain,Wet,Dark-Not Lighted
2024-12-16T00:04:00.000,I 95,I 95 and King Swamp Rd,,Angle Crash,2,Clear,Dry,Dark-Not Lighted
2024-09-28T00:31:00.000,I 95,I 95 and King Swamp Rd,,Angle Crash,3,Clear,Dry,Dark-Not Lighted
2024-09-28T00:31:00.000,I 95,I 95 and King Swamp,,Not a Collision with Motor Vehicle,2,Clear,Dry,Dark-Not Lighted
2023-01-07T17:05:00.000,I 95,I 95 and Kenneth Mccarthy Brg,,Angle Crash,2,Clear,Dry,Daylight
2021-07-27T22:57:00.000,I 95,I 95 and Jones Road Nw Opas,,Sideswipe-Same Direction,2,Rain,Wet,Dark-Not Lighted
2023-10-13T19:35:00.000,I 95,I 95 and Jimmycarter Blvd,,Rear End,2,Rain,Wet,Daylight
2022-02-21T08:00:00.000,I 95,I 95 and Jimmy Deloach Rp,,Not a Collision with Motor Vehicle,3,Clear,Dry,Daylight
2021-04-06T15:51:00.000,I 95,I 95 and Jimmy Deloach Pwky,,Rear End,2,Clear,Dry,Daylight
2021-12-31T10:35:00.000,I 95,I 95 and Jimmy Deloach Pkwy.,,Rear End,2,Cloudy,Dry,Daylight
2022-07-12T10:00:00.000,I 95,I 95 and Jimmy Deloach Pkwy.,,Sideswipe-Same Direction,2,Cloudy,Dry,Daylight
2024-07-20T18:10:00.000,I 95,I 95 and Jimmy Deloach Pkwy On Rp,,Not a Collision with Motor Vehicle,1,Rain,Water (standing or moving),Daylight
2021-12-09T06:03:00.000,I 95,I 95 and Jimmy Deloach Pkwy,,Rear End,2,Clear,Dry,Dark-Not Lighted
2021-06-01T15:39:00.000,I 95,I 95 and Jimmy Deloach Pkwy,,Angle Crash,2,Clear,Dry,Daylight
2021-11-17T18:08:00.000,I 95,I 95 and Jimmy Deloach Pkwy,,Sideswipe-Same Direction,2,Clear,Dry,Daylight
2021-11-22T16:23:00.000,I 95,I 95 and Jimmy Deloach Pkwy,,Rear End,2,Clear,Dry,Dark-Lighted
2020-04-30T12:55:00.000,I 95,I 95 and Jimmy Deloach Pkwy,,Angle Crash,2,Clear,Dry,Daylight
2023-01-13T15:48:00.000,I 95,I 95 and Jimmy Deloach Pkwy,,Rear End,2,Cloudy,Dry,Daylight
2023-02-01T05:39:00.000,I 95,I 95 and Jimmy Deloach Pkwy,,Rear End,2,Fog,Dry,Dark-Not Lighted
2023-03-04T16:08:00.000,I 95,I 95 and Jimmy Deloach Pkwy,,Sideswipe-Same Direction,2,Clear,Dry,Daylight
2023-12-11T11:23:00.000,I 95,I 95 and Jimmy Deloach Pkwy,,Angle Crash,2,Clear,Dry,Dark-Not Lighted
2023-04-09T14:31:00.000,I 95,I 95 and Jimmy Deloach Pkwy,,Sideswipe-Same Direction,2,Cloudy,Wet,Dusk
2023-11-16T17:08:00.000,I 95,I 95 and Jimmy Deloach Pkwy,,Rear End,2,Cloudy,Dry,Daylight
2022-12-29T05:55:00.000,I 95,I 95 and Jimmy Deloach Pkwy,,Rear End,2,Clear,Dry,Daylight
2022-03-28T17:26:00.000,I 95,I 95 and Jimmy Deloach Pkwy,,Sideswipe-Same Direction,2,Clear,Dry,Daylight
2021-11-13T12:35:00.000,I 95,I 95 and Jimmy Deloach Pkwy,,Angle Crash,2,Clear,Dry,Daylight
2023-01-29T19:16:00.000,I 95,I 95 and Jimmy Deloach Pkwy,,Sideswipe-Same Direction,2,Rain,Wet,Dark-Lighted
2020-11-05T17:32:00.000,I 95,I 95 and Jimmy Deloach Pkwy,,Rear End,2,Clear,Dry,Dark-Not Lighted
2020-08-05T12:20:00.000,I 95,I 95 and Jimmy Deloach Pkwy,,Angle Crash,2,Clear,Dry,Daylight
2020-01-27T16:24:00.000,I 95,I 95 and Jimmy Deloach Pkwy,,Sideswipe-Same Direction,2,Cloudy,Dry,Daylight
2020-03-05T16:19:00.000,I 95,I 95 and Jimmy Deloach Pkwy,,Not a Collision with Motor Vehicle,1,Rain,Water (standing or moving),Daylight
2020-04-22T10:34:00.000,I 95,I 95 and Jimmy Deloach Pkwy,,Not a Collision with Motor Vehicle,2,Clear,Dry,Daylight
2020-08-11T07:09:00.000,I 95,I 95 and Jimmy Deloach Pkwy,,Angle Crash,2,Clear,Dry,Daylight
2020-07-09T22:43:00.000,I 95,I 95 and Jimmy Deloach Pkwy,,Not a Collision with Motor Vehicle,1,Cloudy,Wet,Dark-Not Lighted
2020-10-02T07:21:00.000,I 95,I 95 and Jimmy Deloach Pkwy,,Not a Collision with Motor Vehicle,4,Clear,Dry,Daylight
2020-11-08T01:00:00.000,I 95,I 95 and Jimmy Deloach Pkwy,,Sideswipe-Same Direction,2,Clear,Dry,Dark-Not Lighted
2020-08-15T22:14:00.000,I 95,I 95 and Jimmy Deloach Pkwy,,Not a Collision with Motor Vehicle,1,Clear,Dry,Dark-Not Lighted
2020-10-28T07:01:00.000,I 95,I 95 and Jimmy Deloach Pkwy,,Sideswipe-Same Direction,2,Clear,Dry,Dawn
2021-06-25T16:25:00.000,I 95,I 95 and Jimmy Deloach Pkwy,,Not a Collision with Motor Vehicle,1,Clear,Dry,Daylight
2021-05-07T11:45:00.000,I 95,I 95 and Jimmy Deloach Pkwy,,Rear End,2,Clear,Dry,Daylight
2021-06-03T06:00:00.000,I 95,I 95 and Jimmy Deloach Pkwy,,Sideswipe-Same Direction,2,Clear,Dry,Dawn
2021-07-19T04:00:00.000,I 95,I 95 and Jimmy Deloach Pkwy,,Rear End,2,Cloudy,Dry,Daylight
2022-01-26T07:55:00.000,I 95,I 95 and Jimmy Deloach Pkwy,,Rear End,2,Clear,Dry,Daylight
2021-10-13T17:46:00.000,I 95,I 95 and Jimmy Deloach Pkwy,,Rear End,2,Clear,Dry,Daylight
2022-07-20T15:18:00.000,I 95,I 95 and Jimmy Deloach Pkwy,,Not a Collision with Motor Vehicle,2,Cloudy,Dry,Daylight
2022-06-29T16:55:00.000,I 95,I 95 and Jimmy Deloach Pkwy,,Rear End,2,Cloudy,Dry,Daylight
2022-10-03T17:57:00.000,I 95,I 95 and Jimmy Deloach Pkwy,,Rear End,2,Cloudy,Dry,Daylight
2022-11-07T17:50:00.000,I 95,I 95 and Jimmy Deloach Pkwy,,Rear End,2,Clear,Dry,Dark-Lighted
2022-01-11T19:00:00.000,I 95,I 95 and Jimmy Deloach Pkwy,,Rear End,3,Clear,Dry,Dark-Not Lighted
2022-03-31T12:18:00.000,I 95,I 95 and Jimmy Deloach Pkwy,,Rear End,2,Rain,Wet,Dawn
2022-06-11T21:50:00.000,I 95,I 95 and Jimmy Deloach Pkwy,,Sideswipe-Same Direction,2,Rain,Wet,Dark-Not Lighted