Date and Time,Roadway (From Crash Report),Intersection Name (from Crash Report),KABCO Severity,Manner of Collision (Crash Level) ,# of Vehicles per crash ,Weather Conditions (Crash Level),Surface Condition (Crash Level) ,Light Conditions (Crash Level)
2022-05-09T17:47:00.000,I 95,I 95 and Jimmy Deloach Pkwy,,Rear End,2,Clear,Dry,Daylight
2022-11-07T18:52:00.000,I 95,I 95 and Jimmy Deloach Pkwy,,Not a Collision with Motor Vehicle,1,Cloudy,Dry,Dark-Not Lighted
2022-03-10T16:14:00.000,I 95,I 95 and Jimmy Deloach Pkwy,,Sideswipe-Same Direction,2,Clear,Dry,Daylight
2022-10-15T16:00:00.000,I 95,I 95 and Jimmy Deloach Pkwy,,Sideswipe-Same Direction,2,Clear,Dry,Dusk
2023-04-03T17:34:00.000,I 95,I 95 and Jimmy Deloach Pkwy,,Rear End,2,Cloudy,Dry,Daylight
2024-06-01T03:07:00.000,I 95,I 95 and Jimmy Deloach Pkwy,,Sideswipe-Same Direction,2,Clear,Dry,Dark-Not Lighted
2024-04-19T13:30:00.000,I 95,I 95 and Jimmy Deloach Pkwy,,Rear End,2,Clear,Dry,Daylight
2024-08-22T16:22:00.000,I 95,I 95 and Jimmy Deloach Pkwy,,Sideswipe-Same Direction,2,Clear,Dry,Daylight
2023-06-27T09:00:00.000,I 95,I 95 and Jimmy Deloach Pkwy,,Rear End,2,Clear,Dry,Daylight
2023-12-15T06:45:00.000,I 95,I 95 and Jimmy Deloach Pkwy,,Rear End,2,Clear,Dry,Daylight
2023-01-29T00:00:00.000,I 95,I 95 and Jimmy Deloach Pkwy,,Sideswipe-Same Direction,2,Rain,Wet,Dark-Not Lighted
2023-08-11T15:28:00.000,I 95,I 95 and Jimmy Deloach Pkwy,,Rear End,2,Cloudy,Dry,Daylight
2023-05-16T05:07:00.000,I 95,I 95 and Jimmy Deloach Pkwy,,Rear End,2,Clear,Dry,Dark-Lighted
2023-07-17T07:55:00.000,I 95,I 95 and Jimmy Deloach Pkwy,,Rear End,2,Clear,Dry,Daylight
2023-10-25T09:19:00.000,I 95,I 95 and Jimmy Deloach Pkwy,,Head On,2,Clear,Dry,Daylight
2024-05-31T07:09:00.000,I 95,I 95 and Jimmy Deloach Pkwy,,Rear End,2,Clear,Dry,Daylight
2024-05-24T16:10:00.000,I 95,I 95 and Jimmy Deloach Pkwy,,Rear End,4,Severe Thunderstorm or Tornadic,Wet,Daylight
2024-06-27T14:41:00.000,I 95,I 95 and Jimmy Deloach Pkwy,,Rear End,2,Cloudy,Dry,Daylight
2024-12-09T09:50:00.000,I 95,I 95 and Jimmy Deloach Pkwy,,Not a Collision with Motor Vehicle,1,Cloudy,Dry,Daylight
2024-08-05T15:22:00.000,I 95,I 95 and Jimmy Deloach Pkwy,,Rear End,2,Rain,Water (standing or moving),Daylight
2024-04-18T14:10:00.000,I 95,I 95 and Jimmy Deloach Pkwy,,Sideswipe-Same Direction,2,Clear,Dry,Daylight
2024-03-22T06:44:00.000,I 95,I 95 and Jimmy Deloach Pkwy,,Rear End,2,Cloudy,Dry,Dark-Lighted
2024-12-23T15:38:00.000,I 95,I 95 and Jimmy Deloach Pkwy,,Rear End,2,Clear,Dry,Daylight
2024-07-05T07:44:00.000,I 95,I 95 and Jimmy Deloach Pkwy,,Not a Collision with Motor Vehicle,1,Clear,Dry,Daylight
2024-10-29T10:42:00.000,I 95,I 95 and Jimmy Deloach Pkwy,,Rear End,2,Clear,Dry,Daylight
2020-08-25T23:35:00.000,I 95,I 95 and Jimmy Deloach Parkway Exit106,,Sideswipe-Same Direction,2,Clear,Dry,Dark-Lighted
2021-12-24T14:15:00.000,I 95,I 95 and Jimmy Deloach Parkway - Exit 106,,Not a Collision with Motor Vehicle,1,Clear,Dry,Daylight
2023-04-21T01:33:00.000,I 95,I 95 and Jimmy Deloach,,Not a Collision with Motor Vehicle,1,Clear,Dry,Dark-Not Lighted
2020-11-03T18:46:00.000,I 95,I 95 and Jimmy Deloach,,Not a Collision with Motor Vehicle,1,Clear,Dry,Dark-Not Lighted
2022-02-02T06:44:00.000,I 95,I 95 and Jimmy Deloach,,Rear End,2,Clear,Dry,Dark-Not Lighted
2022-02-25T13:00:00.000,I 95,I 95 and Jimmy Deloach,,Not a Collision with Motor Vehicle,1,Clear,Dry,Daylight
2022-12-02T00:00:00.000,I 95,I 95 and Jimmy Deloach,,Sideswipe-Same Direction,2,Clear,Dry,Dark-Not Lighted
2024-09-19T07:50:00.000,I 95,I 95 and Jimmie Deloach Pkwy,,Rear End,2,Cloudy,Dry,Daylight
2020-06-17T13:04:00.000,I 95,I 95 and Isle Of Wight Road Opas,,Sideswipe-Same Direction,2,Cloudy,Dry,Daylight
2024-07-29T03:34:00.000,I 95,I 95 and Island Hwy,,Not a Collision with Motor Vehicle,1,Clear,Dry,Dark-Not Lighted
2022-03-14T12:50:00.000,I 95,I 95 and Island Hghway,,Not a Collision with Motor Vehicle,1,Clear,Dry,Daylight
2020-07-02T18:21:00.000,I 95,I 95 and Interchange Dr,,Sideswipe-Same Direction,2,Cloudy,Wet,Daylight
2021-05-22T01:25:00.000,I 16,I 95 and I 16,,Rear End,2,Clear,Dry,Dark-Not Lighted
2021-05-11T10:18:00.000,I 16,I 95 and I 16,,Sideswipe-Same Direction,2,Clear,Dry,Daylight
2021-01-17T03:38:00.000,I 16,I 95 and I 16,,Not a Collision with Motor Vehicle,1,Clear,Dry,Dark-Lighted
2021-02-26T11:36:00.000,I 16,I 95 and I 16,,Rear End,2,Clear,Dry,Daylight
2021-02-20T14:25:00.000,I 16,I 95 and I 16,,Sideswipe-Same Direction,2,Clear,Dry,Daylight
2021-02-23T08:03:00.000,I 16,I 95 and I 16,,Rear End,2,Clear,Dry,Daylight
2021-03-10T06:47:00.000,I 16,I 95 and I 16,,Rear End,2,Clear,Dry,Daylight
2021-01-17T04:42:00.000,I 16,I 95 and I 16,,Rear End,2,Clear,Dry,Dark-Lighted
2021-01-02T15:30:00.000,I 16,I 95 and I 16,,Not a Collision with Motor Vehicle,1,Rain,Wet,Daylight
2021-03-19T09:51:00.000,I 16,I 95 and I 16,,Sideswipe-Same Direction,2,Clear,Dry,Daylight
2021-05-24T11:45:00.000,I 16,I 95 and I 16,,Sideswipe-Same Direction,2,Clear,Dry,Daylight
2021-02-17T09:05:00.000,I 16,I 95 and I 16,,Rear End,2,Clear,Dry,Daylight
2021-04-12T13:36:00.000,I 16,I 95 and I 16,,Rear End,2,Clear,Dry,Daylight
2021-02-20T07:41:00.000,I 16,I 95 and I 16,,Sideswipe-Same Direction,2,Clear,Dry,Daylight
2021-02-16T09:42:00.000,I 16,I 95 and I 16,,Rear End,5,Clear,Dry,Daylight
2021-06-02T07:24:00.000,I 16,I 95 and I 16,,Rear End,2,Clear,Dry,Daylight
2021-05-05T14:10:00.000,I 16,I 95 and I 16,,Angle Crash,2,Cloudy,Dry,Daylight
2021-06-26T16:24:00.000,I 16,I 95 and I 16,,Rear End,2,Clear,Dry,Daylight
2021-10-05T07:10:00.000,I 16,I 95 and I 16,,(None),3,(None),(None),(None)
2021-12-01T07:17:00.000,I 16,I 95 and I 16,,Sideswipe-Same Direction,2,Clear,Dry,Daylight
2021-11-01T19:19:00.000,I 16,I 95 and I 16,,Rear End,2,Clear,Dry,Dark-Not Lighted
2021-09-02T08:55:00.000,I 16,I 95 and I 16,,Sideswipe-Same Direction,2,Clear,Dry,Daylight
2021-08-03T15:08:00.000,I 16,I 95 and I 16,,Rear End,2,Clear,Dry,Daylight
2021-07-26T06:59:00.000,I 16,I 95 and I 16,,Not a Collision with Motor Vehicle,1,Cloudy,Dry,Daylight
2021-10-15T21:34:00.000,I 16,I 95 and I 16,,Head On,1,Clear,Dry,Dark-Not Lighted
2021-07-06T15:09:00.000,I 16,I 95 and I 16,,Rear End,3,Rain,Dry,Daylight
2021-07-20T21:09:00.000,I 16,I 95 and I 16,,Not a Collision with Motor Vehicle,1,Clear,Dry,Dark-Not Lighted
2021-11-30T11:54:00.000,I 16,I 95 and I 16,,Sideswipe-Same Direction,2,Clear,Dry,Daylight
2021-11-30T19:55:00.000,I 16,I 95 and I 16,,Sideswipe-Same Direction,2,Clear,Dry,Dark-Not Lighted
2021-12-17T09:22:00.000,I 16,I 95 and I 16,,Rear End,2,Clear,Dry,Daylight
2021-02-22T17:00:00.000,I 16,I 95 and I 16,,Sideswipe-Same Direction,2,Clear,Dry,Daylight
2021-02-25T09:05:00.000,I 16,I 95 and I 16,,Rear End,2,Clear,Dry,Daylight
2021-02-02T18:40:00.000,I 16,I 95 and I 16,,Sideswipe-Same Direction,2,Clear,Dry,Dark-Not Lighted
2021-04-01T14:00:00.000,I 16,I 95 and I 16,,Sideswipe-Same Direction,2,Clear,Dry,Daylight
2021-04-12T14:20:00.000,I 16,I 95 and I 16,,Sideswipe-Same Direction,2,Clear,Dry,Daylight
2021-02-03T23:20:00.000,I 16,I 95 and I 16,,Not a Collision with Motor Vehicle,1,Clear,Dry,Dark-Not Lighted
2021-05-20T09:32:00.000,I 16,I 95 and I 16,,Rear End,2,Clear,Dry,Daylight
2021-03-10T08:08:00.000,I 16,I 95 and I 16,,Sideswipe-Same Direction,2,Clear,Dry,Daylight
2021-04-27T17:10:00.000,I 16,I 95 and I 16,,Sideswipe-Same Direction,2,Clear,Dry,Daylight
2021-03-16T17:00:00.000,I 16,I 95 and I 16,,Not a Collision with Motor Vehicle,2,Clear,Dry,Daylight
2021-06-19T21:23:00.000,I 16,I 95 and I 16,,Angle Crash,2,Clear,Dry,Dark-Not Lighted
2021-02-04T07:25:00.000,I 16,I 95 and I 16,,Not a Collision with Motor Vehicle,1,Clear,Dry,Daylight
2021-04-03T17:38:00.000,I 16,I 95 and I 16,,Not a Collision with Motor Vehicle,1,Clear,Dry,Daylight
2021-03-04T09:48:00.000,I 16,I 95 and I 16,,Rear End,2,Clear,Dry,Daylight
2021-02-17T06:44:00.000,I 16,I 95 and I 16,,Not a Collision with Motor Vehicle,1,Clear,Dry,Dawn
2021-04-18T20:41:00.000,I 16,I 95 and I 16,,Not a Collision with Motor Vehicle,1,Clear,Dry,Dark-Not Lighted
2021-04-13T18:26:00.000,I 16,I 95 and I 16,,Sideswipe-Same Direction,2,Clear,Dry,Daylight
2021-06-12T19:15:00.000,I 16,I 95 and I 16,,Not a Collision with Motor Vehicle,1,Rain,Wet,Dusk
2021-05-11T19:30:00.000,I 16,I 95 and I 16,,Not a Collision with Motor Vehicle,1,Clear,Dry,Daylight
2021-08-23T10:58:00.000,I 16,I 95 and I 16,,Rear End,5,Clear,Dry,Daylight
2021-09-30T06:53:00.000,I 16,I 95 and I 16,,Rear End,3,Clear,Dry,Dawn
2021-08-15T17:20:00.000,I 16,I 95 and I 16,,Not a Collision with Motor Vehicle,1,Rain,Wet,Daylight
2021-07-05T16:46:00.000,I 16,I 95 and I 16,,Rear End,2,Clear,Dry,Daylight
2021-12-10T09:08:00.000,I 16,I 95 and I 16,,Rear End,2,Cloudy,Dry,Daylight
2021-11-16T16:07:00.000,I 16,I 95 and I 16,,Angle Crash,2,Clear,Dry,Daylight
2021-09-29T11:33:00.000,I 16,I 95 and I 16,,Rear End,2,Clear,Dry,Daylight
2021-10-26T08:21:00.000,I 16,I 95 and I 16,,Rear End,5,Clear,Wet,Daylight
2021-09-07T17:45:00.000,I 16,I 95 and I 16,,Sideswipe-Same Direction,2,Clear,Dry,Daylight
2021-12-06T15:38:00.000,I 16,I 95 and I 16,,Sideswipe-Same Direction,2,Clear,Dry,Daylight
2021-09-30T15:20:00.000,I 16,I 95 and I 16,,Sideswipe-Same Direction,2,Clear,Dry,Daylight
2021-08-16T12:16:00.000,I 16,I 95 and I 16,,Sideswipe-Same Direction,2,Cloudy,Wet,Daylight
2021-11-30T21:25:00.000,I 16,I 95 and I 16,,Not a Collision with Motor Vehicle,1,Clear,Dry,Dark-Not Lighted
2021-08-11T13:30:00.000,I 16,I 95 and I 16,,Sideswipe-Same Direction,2,Clear,Dry,Daylight
2021-10-20T11:47:00.000,I 16,I 95 and I 16,,Sideswipe-Same Direction,2,Clear,Dry,Daylight
2021-11-07T01:41:00.000,I 16,I 95 and I 16,,Rear End,2,Rain,Wet,Dark-Not Lighted
2021-07-16T23:00:00.000,I 16,I 95 and I 16,,Sideswipe-Same Direction,1,Clear,Dry,Dark-Not Lighted
2021-12-08T13:46:00.000,I 16,I 95 and I 16,,Rear End,2,Rain,Wet,Daylight
2021-05-21T19:44:00.000,I 16,I 95 and I 16,,Rear End,2,Clear,Dry,Daylight
2021-05-25T11:00:00.000,I 16,I 95 and I 16,,Rear End,2,Clear,Dry,Daylight
2021-03-12T19:19:00.000,I 16,I 95 and I 16,,Not a Collision with Motor Vehicle,2,Clear,Dry,Dark-Not Lighted
2021-01-15T17:54:00.000,I 16,I 95 and I 16,,Rear End,2,Cloudy,Wet,Daylight
2021-04-12T19:30:00.000,I 16,I 95 and I 16,,Sideswipe-Same Direction,2,Clear,Dry,Daylight
2021-01-01T06:39:00.000,I 16,I 95 and I 16,,Not a Collision with Motor Vehicle,1,Cloudy,Wet,Dark-Not Lighted
2021-01-06T16:26:00.000,I 16,I 95 and I 16,,Not a Collision with Motor Vehicle,1,Clear,Dry,Daylight
2021-01-27T07:53:00.000,I 16,I 95 and I 16,,Rear End,2,Rain,Wet,Daylight
2021-04-16T07:07:00.000,I 16,I 95 and I 16,,Rear End,3,Cloudy,Dry,Dawn
2021-03-08T09:56:00.000,I 16,I 95 and I 16,,Rear End,2,Clear,Dry,Daylight
2021-04-16T07:29:00.000,I 16,I 95 and I 16,,Not a Collision with Motor Vehicle,1,Clear,Dry,Daylight
2021-05-25T17:13:00.000,I 16,I 95 and I 16,,Sideswipe-Same Direction,2,Clear,Dry,Daylight
2021-11-08T06:40:00.000,I 16,I 95 and I 16,,Rear End,2,Clear,Dry,Daylight
2021-08-18T07:05:00.000,I 16,I 95 and I 16,,Rear End,3,Clear,Dry,Daylight
2021-12-23T20:21:00.000,I 16,I 95 and I 16,,Sideswipe-Same Direction,2,Clear,Dry,Dark-Not Lighted
2021-11-14T01:18:00.000,I 16,I 95 and I 16,,Not a Collision with Motor Vehicle,1,Clear,Dry,Dark-Not Lighted
2021-12-02T14:47:00.000,I 16,I 95 and I 16,,Angle Crash,2,Clear,Dry,Daylight
2021-09-22T07:01:00.000,I 16,I 95 and I 16,,Rear End,2,Cloudy,Dry,Dawn
2021-09-03T19:12:00.000,I 16,I 95 and I 16,,Rear End,2,Clear,Dry,Daylight
2021-09-27T18:00:00.000,I 16,I 95 and I 16,,Sideswipe-Same Direction,2,Clear,Dry,Daylight
2021-05-28T14:40:00.000,I 16,I 95 and I 16,,Not a Collision with Motor Vehicle,1,Clear,Dry,Daylight
2021-05-17T21:31:00.000,I 16,I 95 and I 16,,Not a Collision with Motor Vehicle,1,Clear,Dry,Dark-Lighted
2021-04-19T23:20:00.000,I 16,I 95 and I 16,,Sideswipe-Same Direction,2,Clear,Dry,Dark-Lighted
2021-03-10T09:30:00.000,I 16,I 95 and I 16,,Rear End,3,Clear,Dry,Daylight
2021-06-15T10:57:00.000,I 16,I 95 and I 16,,Rear End,3,Clear,Dry,Daylight
2020-11-09T19:39:00.000,I 16,I 95 and I 16,,Rear End,2,Rain,Wet,Dark-Not Lighted
2020-06-24T15:12:00.000,I 16,I 95 and I 16,,Sideswipe-Same Direction,2,Clear,Dry,Daylight
2020-08-30T19:37:00.000,I 16,I 95 and I 16,,Not a Collision with Motor Vehicle,1,Rain,Wet,Dusk
2020-12-02T07:58:00.000,I 16,I 95 and I 16,,Rear End,2,Clear,Dry,Daylight
2020-07-23T11:18:00.000,I 16,I 95 and I 16,,Rear End,3,Clear,Dry,Daylight
2020-08-07T09:42:00.000,I 16,I 95 and I 16,,Sideswipe-Same Direction,2,Clear,Dry,Daylight
2023-07-19T09:44:00.000,I 16,I 95 and I 16,,Sideswipe-Same Direction,2,Clear,Dry,Daylight
2023-11-15T08:27:00.000,I 16,I 95 and I 16,,Angle Crash,2,Cloudy,Dry,Daylight
2023-06-03T23:06:00.000,I 16,I 95 and I 16,,Not a Collision with Motor Vehicle,1,Clear,Dry,Dark-Not Lighted
2023-02-25T22:32:00.000,I 16,I 95 and I 16,,Not a Collision with Motor Vehicle,1,Clear,Dry,Dark-Not Lighted
2023-04-03T19:50:00.000,I 16,I 95 and I 16,,Not a Collision with Motor Vehicle,1,Clear,Dry,Dark-Not Lighted
2023-10-25T07:03:00.000,I 16,I 95 and I 16,,Rear End,2,Clear,Dry,Dawn
2023-06-24T12:30:00.000,I 16,I 95 and I 16,,Not a Collision with Motor Vehicle,1,Clear,Dry,Daylight
2023-05-30T20:20:00.000,I 16,I 95 and I 16,,Sideswipe-Same Direction,2,Clear,Dry,Dusk
2023-03-10T14:22:00.000,I 16,I 95 and I 16,,Rear End,4,Rain,Wet,Daylight
2023-10-26T16:52:00.000,I 16,I 95 and I 16,,Not a Collision with Motor Vehicle,1,Clear,Dry,Daylight
2023-12-12T12:40:00.000,I 16,I 95 and I 16,,Rear End,2,Clear,Dry,Daylight
2023-05-02T13:38:00.000,I 16,I 95 and I 16,,Sideswipe-Same Direction,2,Clear,Dry,Daylight
2023-01-13T06:57:00.000,I 16,I 95 and I 16,,Rear End,3,Clear,Dry,Dusk
2023-12-11T05:10:00.000,I 16,I 95 and I 16,,Head On,1,Clear,Dry,Dark-Lighted
2023-06-20T07:15:00.000,I 16,I 95 and I 16,,Sideswipe-Same Direction,2,Rain,Wet,Daylight
2023-04-11T09:20:00.000,I 16,I 95 and I 16,,Rear End,3,Clear,Dry,Daylight
2023-01-11T07:55:00.000,I 16,I 95 and I 16,,Rear End,2,Clear,Dry,Daylight
2023-05-28T01:25:00.000,I 16,I 95 and I 16,,Head On,1,Cloudy,Wet,Dark-Not Lighted
2023-09-30T18:40:00.000,I 16,I 95 and I 16,,Rear End,2,Clear,Dry,Daylight
2023-12-07T13:23:00.000,I 16,I 95 and I 16,,Sideswipe-Same Direction,2,Clear,Dry,Daylight
2023-10-12T23:02:00.000,I 16,I 95 and I 16,,Not a Collision with Motor Vehicle,1,Rain,Wet,Daylight
2023-03-10T14:22:00.000,I 16,I 95 and I 16,,Not a Collision with Motor Vehicle,1,Rain,Wet,Daylight
2023-01-11T07:55:00.000,I 16,I 95 and I 16,,Rear End,2,Clear,Dry,Daylight
2023-08-02T19:36:00.000,I 16,I 95 and I 16,,Angle Crash,2,Cloudy,Dry,Daylight
2023-03-19T19:42:00.000,I 16,I 95 and I 16,,Sideswipe-Same Direction,2,Clear,Dry,Dark-Not Lighted
2023-08-01T21:13:00.000,I 16,I 95 and I 16,,Rear End,3,Cloudy,Dry,Dark-Lighted
2023-09-01T17:30:00.000,I 16,I 95 and I 16,,Sideswipe-Same Direction,2,Clear,Dry,Daylight
2023-05-29T14:20:00.000,I 16,I 95 and I 16,,Not a Collision with Motor Vehicle,1,Clear,Dry,Daylight
2023-09-30T23:12:00.000,I 16,I 95 and I 16,,Not a Collision with Motor Vehicle,1,Clear,Dry,Dark-Not Lighted
2023-12-06T14:00:00.000,I 16,I 95 and I 16,,Head On,1,Clear,Dry,Daylight
2023-07-15T16:50:00.000,I 16,I 95 and I 16,,Not a Collision with Motor Vehicle,1,Clear,Dry,Daylight
2023-05-21T09:54:00.000,I 16,I 95 and I 16,,Not a Collision with Motor Vehicle,1,Rain,Wet,Daylight
2023-04-18T14:00:00.000,I 16,I 95 and I 16,,Rear End,2,Clear,Dry,Daylight
2023-02-23T12:50:00.000,I 16,I 95 and I 16,,Sideswipe-Same Direction,2,Clear,Dry,Daylight
2023-04-19T17:19:00.000,I 16,I 95 and I 16,,Sideswipe-Same Direction,2,Clear,Dry,Daylight
2023-04-13T15:10:00.000,I 16,I 95 and I 16,,Rear End,2,Rain,Wet,Daylight
2023-09-20T17:48:00.000,I 16,I 95 and I 16,,Not a Collision with Motor Vehicle,2,Cloudy,Dry,Daylight
2023-02-18T07:30:00.000,I 16,I 95 and I 16,,Sideswipe-Same Direction,2,Clear,Dry,Daylight
2023-09-05T02:23:00.000,I 16,I 95 and I 16,,Sideswipe-Same Direction,2,Clear,Dry,Dark-Not Lighted
2023-09-20T17:00:00.000,I 16,I 95 and I 16,,Not a Collision with Motor Vehicle,1,Clear,Dry,Daylight
2023-02-06T15:16:00.000,I 16,I 95 and I 16,,Sideswipe-Same Direction,2,Clear,Dry,Daylight
2023-07-16T03:40:00.000,I 16,I 95 and I 16,,Not a Collision with Motor Vehicle,1,Clear,Dry,Dark-Not Lighted
2023-08-19T12:20:00.000,I 16,I 95 and I 16,,Not a Collision with Motor Vehicle,1,Clear,Dry,Daylight
2023-04-05T08:27:00.000,I 16,I 95 and I 16,,Rear End,2,Clear,Dry,Daylight
2023-06-23T21:20:00.000,I 16,I 95 and I 16,,Not a Collision with Motor Vehicle,1,Clear,Wet,Dark-Lighted
2023-04-08T21:20:00.000,I 16,I 95 and I 16,,Rear End,2,Rain,Wet,Dark-Not Lighted
2023-04-22T16:27:00.000,I 16,I 95 and I 16,,Sideswipe-Same Direction,2,Rain,Wet,Daylight
2023-01-20T07:11:00.000,I 16,I 95 and I 16,,Rear End,2,Clear,Dry,Daylight
2023-11-16T01:30:00.000,I 16,I 95 and I 16,,Not a Collision with Motor Vehicle,1,Rain,Wet,Dark-Lighted
2023-04-18T14:53:00.000,I 16,I 95 and I 16,,Rear End,4,Clear,Dry,Daylight
2023-09-19T08:00:00.000,I 16,I 95 and I 16,,Rear End,2,Clear,Dry,Daylight
2023-05-13T03:00:00.000,I 16,I 95 and I 16,,Not a Collision with Motor Vehicle,1,Clear,Dry,Dark-Not Lighted
2023-11-16T08:56:00.000,I 16,I 95 and I 16,,Sideswipe-Same Direction,2,Rain,Wet,Dark-Lighted
2023-08-11T15:03:00.000,I 16,I 95 and I 16,,Sideswipe-Same Direction,2,Clear,Dry,Daylight
2023-11-01T17:15:00.000,I 16,I 95 and I 16,,Not a Collision with Motor Vehicle,1,Clear,Dry,Daylight
2023-05-05T05:37:00.000,I 16,I 95 and I 16,,Angle Crash,2,Clear,Dry,Daylight
2023-02-03T06:44:00.000,I 16,I 95 and I 16,,Rear End,3,Rain,Wet,Dark-Not Lighted
2023-05-31T15:40:00.000,I 16,I 95 and I 16,,Sideswipe-Same Direction,2,Clear,Dry,Daylight
2023-04-02T21:50:00.000,I 16,I 95 and I 16,,Rear End,2,Clear,Dry,Dark-Not Lighted
2023-02-09T03:40:00.000,I 16,I 95 and I 16,,Rear End,2,Clear,Dry,Dark-Not Lighted
2022-06-15T07:07:00.000,I 16,I 95 and I 16,,Rear End,2,Clear,Dry,Daylight
2022-09-27T07:55:00.000,I 16,I 95 and I 16,,Rear End,2,Clear,Dry,Daylight
2022-04-04T13:10:00.000,I 16,I 95 and I 16,,Rear End,2,Clear,Dry,Daylight
2022-12-26T18:39:00.000,I 16,I 95 and I 16,,Rear End,2,Clear,Dry,Dusk
2022-08-04T11:30:00.000,I 16,I 95 and I 16,,Sideswipe-Same Direction,2,Clear,Dry,Daylight
2022-07-01T10:39:00.000,I 16,I 95 and I 16,,Rear End,2,Clear,Dry,Daylight
2021-08-06T15:20:00.000,I 16,I 95 and I 16,,Rear End,2,Rain,Wet,Daylight
2020-05-11T17:23:00.000,I 16,I 95 and I 16,,Rear End,3,Clear,Dry,Daylight
2020-12-26T01:00:00.000,I 16,I 95 and I 16,,Not a Collision with Motor Vehicle,1,Clear,Dry,Dark-Not Lighted
2020-12-20T17:33:00.000,I 16,I 95 and I 16,,Not a Collision with Motor Vehicle,1,Rain,Wet,Dusk
2020-07-28T07:38:00.000,I 16,I 95 and I 16,,Rear End,2,Clear,Dry,Daylight
2020-09-14T14:54:00.000,I 16,I 95 and I 16,,Sideswipe-Same Direction,2,Clear,Dry,Daylight
2020-11-10T07:00:00.000,I 16,I 95 and I 16,,Rear End,2,Cloudy,Wet,Daylight
2020-10-12T17:38:00.000,I 16,I 95 and I 16,,Rear End,2,Clear,Dry,Daylight
2020-09-01T07:40:00.000,I 16,I 95 and I 16,,Rear End,2,Clear,Dry,Daylight
2020-01-21T06:16:00.000,I 16,I 95 and I 16,,Sideswipe-Same Direction,2,Clear,Dry,Dark-Not Lighted
2020-11-08T18:38:00.000,I 16,I 95 and I 16,,Angle Crash,2,Cloudy,Wet,Dark-Not Lighted
2020-07-21T09:49:00.000,I 16,I 95 and I 16,,Not a Collision with Motor Vehicle,1,Clear,Dry,Daylight
2020-07-31T12:42:00.000,I 16,I 95 and I 16,,Rear End,2,Clear,Dry,Daylight
2020-11-12T07:41:00.000,I 16,I 95 and I 16,,Rear End,3,Rain,Wet,Daylight
2020-01-24T17:00:00.000,I 16,I 95 and I 16,,Rear End,2,Clear,Dry,Daylight
2020-09-17T13:55:00.000,I 16,I 95 and I 16,,Not a Collision with Motor Vehicle,1,Rain,Wet,Daylight
2020-10-22T09:43:00.000,I 16,I 95 and I 16,,Not a Collision with Motor Vehicle,1,Clear,Dry,Daylight
2020-11-04T06:46:00.000,I 16,I 95 and I 16,,Rear End,3,Clear,Dry,Daylight
2020-03-26T06:20:00.000,I 16,I 95 and I 16,,Rear End,2,Clear,Dry,Dark-Not Lighted
2020-07-25T17:52:00.000,I 16,I 95 and I 16,,Rear End,2,Cloudy,Wet,Daylight
2020-06-29T17:45:00.000,I 16,I 95 and I 16,,Not a Collision with Motor Vehicle,1,Clear,Dry,Daylight
2020-09-15T15:00:00.000,I 16,I 95 and I 16,,Rear End,2,Clear,Dry,Daylight
2020-07-22T10:23:00.000,I 16,I 95 and I 16,,Rear End,2,Clear,Dry,Daylight
2020-07-25T17:30:00.000,I 16,I 95 and I 16,,Not a Collision with Motor Vehicle,1,Rain,Wet,Daylight
2020-08-05T14:30:00.000,I 16,I 95 and I 16,,Rear End,2,Clear,Dry,Daylight
2020-10-22T17:32:00.000,I 16,I 95 and I 16,,Rear End,2,Cloudy,Dry,Daylight
2020-07-28T14:28:00.000,I 16,I 95 and I 16,,Rear End,5,Clear,Dry,Daylight
2020-10-09T07:40:00.000,I 16,I 95 and I 16,,Rear End,2,Clear,Dry,Daylight
2020-10-14T06:50:00.000,I 16,I 95 and I 16,,Rear End,2,Clear,Dry,Dark-Not Lighted
2020-09-18T11:35:00.000,I 16,I 95 and I 16,,Rear End,2,Cloudy,Dry,Daylight
2020-10-17T05:13:00.000,I 16,I 95 and I 16,,Rear End,2,Clear,Dry,Dark-Not Lighted
2020-10-14T06:50:00.000,I 16,I 95 and I 16,,Rear End,2,Clear,Dry,Dark-Not Lighted
2020-07-02T17:35:00.000,I 16,I 95 and I 16,,Not a Collision with Motor Vehicle,1,Rain,Wet,Daylight
2020-11-11T19:35:00.000,I 16,I 95 and I 16,,Rear End,2,Rain,Wet,Dark-Lighted
2020-11-09T05:25:00.000,I 16,I 95 and I 16,,Sideswipe-Same Direction,2,Cloudy,Wet,Dawn
2020-07-29T14:12:00.000,I 16,I 95 and I 16,,Rear End,2,Rain,Wet,Daylight
2020-04-01T13:37:00.000,I 16,I 95 and I 16,,Rear End,2,Clear,Dry,Daylight
2020-05-25T19:57:00.000,I 16,I 95 and I 16,,Rear End,2,Clear,Dry,Dusk
2020-09-01T14:35:00.000,I 16,I 95 and I 16,,Rear End,3,Cloudy,Dry,Daylight
2020-04-01T13:25:00.000,I 16,I 95 and I 16,,Angle Crash,2,Cloudy,Dry,Daylight
2020-12-18T11:12:00.000,I 16,I 95 and I 16,,Angle Crash,2,Clear,Dry,Daylight
2020-03-14T22:51:00.000,I 16,I 95 and I 16,,Sideswipe-Same Direction,2,Clear,Dry,Dark-Not Lighted
2020-07-22T10:41:00.000,I 16,I 95 and I 16,,Rear End,3,Clear,Dry,Daylight