Date and Time,Roadway (From Crash Report),Intersection Name (from Crash Report),KABCO Severity,Manner of Collision (Crash Level) ,# of Vehicles per crash ,Weather Conditions (Crash Level),Surface Condition (Crash Level) ,Light Conditions (Crash Level)
2020-10-22T10:00:00.000,I 16,I 95 and I 16,,Angle Crash,1,Clear,Dry,Daylight
2020-07-28T11:52:00.000,I 16,I 95 and I 16,,Sideswipe-Same Direction,3,Clear,Dry,Daylight
2020-09-13T17:33:00.000,I 16,I 95 and I 16,,Not a Collision with Motor Vehicle,1,Rain,Wet,Daylight
2020-02-20T16:53:00.000,I 16,I 95 and I 16,,Not a Collision with Motor Vehicle,1,Rain,Wet,Daylight
2020-05-18T11:27:00.000,I 16,I 95 and I 16,,Angle Crash,3,Clear,Dry,Daylight
2020-08-13T07:40:00.000,I 16,I 95 and I 16,,Rear End,2,Clear,Dry,Daylight
2020-02-28T07:35:00.000,I 16,I 95 and I 16,,Rear End,2,Clear,Dry,Daylight
2020-02-26T07:00:00.000,I 16,I 95 and I 16,,Rear End,2,Cloudy,Dry,Dawn
2020-09-01T16:00:00.000,I 16,I 95 and I 16,,Rear End,2,Clear,Dry,Daylight
2020-12-11T07:29:00.000,I 16,I 95 and I 16,,Rear End,2,Fog,Dry,Dusk
2020-11-11T20:31:00.000,I 16,I 95 and I 16,,Rear End,2,Rain,Wet,Dark-Lighted
2020-09-26T14:11:00.000,I 16,I 95 and I 16,,Sideswipe-Same Direction,2,Clear,Dry,Daylight
2020-09-14T11:35:00.000,I 16,I 95 and I 16,,Rear End,2,Clear,Dry,Daylight
2020-05-12T13:23:00.000,I 16,I 95 and I 16,,Angle Crash,2,Clear,Dry,Daylight
2020-02-13T07:40:00.000,I 16,I 95 and I 16,,Rear End,2,Cloudy,Dry,Daylight
2020-11-02T07:45:00.000,I 16,I 95 and I 16,,Rear End,2,Clear,Dry,Daylight
2020-05-31T02:26:00.000,I 16,I 95 and I 16,,Sideswipe-Same Direction,2,Clear,Dry,Dark-Not Lighted
2020-10-29T08:20:00.000,I 16,I 95 and I 16,,Not a Collision with Motor Vehicle,1,Cloudy,Dry,Daylight
2020-11-20T05:57:00.000,I 16,I 95 and I 16,,Not a Collision with Motor Vehicle,1,Clear,Dry,Dark-Not Lighted
2020-10-26T18:26:00.000,I 16,I 95 and I 16,,Sideswipe-Same Direction,2,Clear,Dry,Dusk
2020-10-16T18:30:00.000,I 16,I 95 and I 16,,Not a Collision with Motor Vehicle,1,Clear,Dry,Dark-Lighted
2020-11-10T07:36:00.000,I 16,I 95 and I 16,,Rear End,2,Rain,Wet,Daylight
2020-07-18T14:00:00.000,I 16,I 95 and I 16,,Sideswipe-Same Direction,2,Clear,Dry,Daylight
2020-11-11T11:55:00.000,I 16,I 95 and I 16,,Sideswipe-Same Direction,2,Clear,Dry,Daylight
2020-07-22T14:36:00.000,I 16,I 95 and I 16,,Sideswipe-Same Direction,2,Clear,Dry,Daylight
2020-12-21T12:58:00.000,I 16,I 95 and I 16,,Sideswipe-Same Direction,2,Clear,Dry,Daylight
2020-09-13T10:37:00.000,I 16,I 95 and I 16,,Rear End,2,Clear,Dry,Daylight
2021-03-24T07:30:00.000,I 16,I 95 and I 16,,Rear End,2,Cloudy,Dry,Daylight
2021-03-24T09:45:00.000,I 16,I 95 and I 16,,Rear End,3,Clear,Dry,Daylight
2021-01-13T14:05:00.000,I 16,I 95 and I 16,,Not a Collision with Motor Vehicle,1,Cloudy,Dry,Daylight
2021-01-24T15:00:00.000,I 16,I 95 and I 16,,Sideswipe-Same Direction,2,Cloudy,Dry,Daylight
2021-06-08T07:20:00.000,I 16,I 95 and I 16,,Not a Collision with Motor Vehicle,1,Rain,Wet,Daylight
2021-03-30T12:35:00.000,I 16,I 95 and I 16,,Sideswipe-Same Direction,2,Cloudy,Dry,Daylight
2021-05-04T10:04:00.000,I 16,I 95 and I 16,,Rear End,2,Clear,Dry,Daylight
2021-06-02T07:24:00.000,I 16,I 95 and I 16,,Rear End,9,Clear,Dry,Daylight
2021-06-02T07:24:00.000,I 16,I 95 and I 16,,Rear End,2,Clear,Dry,Daylight
2021-01-31T18:32:00.000,I 16,I 95 and I 16,,Sideswipe-Same Direction,2,Rain,Wet,Dark-Not Lighted
2021-03-29T08:32:00.000,I 16,I 95 and I 16,,Rear End,2,Clear,Dry,Daylight
2021-06-02T07:24:00.000,I 16,I 95 and I 16,,Rear End,2,Clear,Dry,Daylight
2021-06-14T11:30:00.000,I 16,I 95 and I 16,,Rear End,2,Clear,Dry,Daylight
2021-02-08T04:00:00.000,I 16,I 95 and I 16,,Head On,1,Clear,Dry,Dark-Not Lighted
2021-04-11T18:12:00.000,I 16,I 95 and I 16,,Not a Collision with Motor Vehicle,1,Clear,Dry,Daylight
2021-06-09T14:08:00.000,I 16,I 95 and I 16,,Sideswipe-Same Direction,2,Clear,Dry,Daylight
2021-03-23T05:57:00.000,I 16,I 95 and I 16,,Sideswipe-Same Direction,2,Clear,Dry,Dark-Lighted
2021-06-17T14:09:00.000,I 16,I 95 and I 16,,Rear End,2,Clear,Dry,Daylight
2021-03-10T07:50:00.000,I 16,I 95 and I 16,,Rear End,2,Clear,Dry,Daylight
2021-02-10T05:58:00.000,I 16,I 95 and I 16,,Rear End,2,Rain,Wet,Dark-Not Lighted
2021-05-23T07:37:00.000,I 16,I 95 and I 16,,Not a Collision with Motor Vehicle,1,Clear,Dry,Daylight
2021-01-19T14:53:00.000,I 16,I 95 and I 16,,Sideswipe-Same Direction,2,Clear,Dry,Daylight
2021-03-19T22:20:00.000,I 16,I 95 and I 16,,Head On,1,Clear,Dry,Dark-Not Lighted
2021-06-28T12:05:00.000,I 16,I 95 and I 16,,Sideswipe-Same Direction,2,Clear,Dry,Daylight
2021-04-21T10:55:00.000,I 16,I 95 and I 16,,Rear End,2,Clear,Dry,Daylight
2021-06-05T13:50:00.000,I 16,I 95 and I 16,,Angle Crash,2,Clear,Dry,Daylight
2021-02-14T01:46:00.000,I 16,I 95 and I 16,,Not a Collision with Motor Vehicle,1,Rain,Wet,Dark-Not Lighted
2021-04-10T12:28:00.000,I 16,I 95 and I 16,,Rear End,2,Cloudy,Dry,Daylight
2021-06-02T07:24:00.000,I 16,I 95 and I 16,,Rear End,2,Clear,Dry,Daylight
2021-01-16T17:22:00.000,I 16,I 95 and I 16,,Sideswipe-Same Direction,2,Clear,Dry,Daylight
2021-02-03T06:47:00.000,I 16,I 95 and I 16,,Rear End,3,Clear,Dry,Dawn
2021-12-01T21:00:00.000,I 16,I 95 and I 16,,Sideswipe-Same Direction,2,Clear,Dry,Dark-Not Lighted
2021-07-21T19:05:00.000,I 16,I 95 and I 16,,Sideswipe-Same Direction,2,Clear,Dry,Daylight
2021-09-29T08:48:00.000,I 16,I 95 and I 16,,Rear End,2,Clear,Dry,Daylight
2021-07-26T06:43:00.000,I 16,I 95 and I 16,,Rear End,3,Rain,Wet,Daylight
2021-09-30T08:35:00.000,I 16,I 95 and I 16,,Rear End,3,Clear,Dry,Daylight
2021-12-01T20:06:00.000,I 16,I 95 and I 16,,Not a Collision with Motor Vehicle,1,Clear,Dry,Dark-Not Lighted
2021-10-06T16:40:00.000,I 16,I 95 and I 16,,Sideswipe-Same Direction,2,Rain,Wet,Daylight
2021-10-07T18:15:00.000,I 16,I 95 and I 16,,Angle Crash,1,Clear,Dry,Daylight
2021-11-10T06:46:00.000,I 16,I 95 and I 16,,Rear End,4,Clear,Dry,Daylight
2021-12-21T18:38:00.000,I 16,I 95 and I 16,,Not a Collision with Motor Vehicle,2,Rain,Wet,Dark-Not Lighted
2021-11-16T13:35:00.000,I 16,I 95 and I 16,,Rear End,2,Clear,Dry,Daylight
2021-07-24T15:43:00.000,I 16,I 95 and I 16,,Sideswipe-Same Direction,2,Clear,Dry,Daylight
2021-11-02T22:44:00.000,I 16,I 95 and I 16,,Rear End,2,Clear,Dry,Dark-Not Lighted
2021-09-02T07:38:00.000,I 16,I 95 and I 16,,Rear End,3,Clear,Dry,Daylight
2021-07-15T16:19:00.000,I 16,I 95 and I 16,,Rear End,2,(None),Dry,Daylight
2021-10-28T07:58:00.000,I 16,I 95 and I 16,,Angle Crash,2,Clear,Dry,Daylight
2021-07-09T07:50:00.000,I 16,I 95 and I 16,,Sideswipe-Same Direction,2,Clear,Dry,Daylight
2021-09-01T20:00:00.000,I 16,I 95 and I 16,,Not a Collision with Motor Vehicle,1,Clear,Dry,Dark-Not Lighted
2022-12-12T07:07:00.000,I 16,I 95 and I 16,,Rear End,2,Cloudy,Dry,Daylight
2022-02-07T20:33:00.000,I 16,I 95 and I 16,,Not a Collision with Motor Vehicle,1,Rain,Wet,Dark-Lighted
2022-10-12T15:01:00.000,I 16,I 95 and I 16,,Sideswipe-Same Direction,2,Cloudy,Dry,Daylight
2022-11-03T16:35:00.000,I 16,I 95 and I 16,,Rear End,2,Clear,Dry,Daylight
2022-12-05T08:00:00.000,I 16,I 95 and I 16,,Sideswipe-Same Direction,3,Clear,Dry,Daylight
2022-11-03T08:05:00.000,I 16,I 95 and I 16,,Sideswipe-Same Direction,2,Clear,Dry,Daylight
2022-08-19T12:10:00.000,I 16,I 95 and I 16,,Rear End,2,Cloudy,Dry,Daylight
2022-06-06T15:25:00.000,I 16,I 95 and I 16,,Sideswipe-Same Direction,3,Cloudy,Dry,Daylight
2022-10-27T16:50:00.000,I 16,I 95 and I 16,,Sideswipe-Same Direction,2,Cloudy,Dry,Daylight
2021-09-16T07:30:00.000,I 16,I 95 and I 16,,Rear End,2,Rain,Wet,Daylight
2021-08-02T06:45:00.000,I 16,I 95 and I 16,,Rear End,2,Clear,Dry,Daylight
2021-09-07T13:17:00.000,I 16,I 95 and I 16,,Rear End,4,Clear,Dry,Daylight
2021-09-20T08:26:00.000,I 16,I 95 and I 16,,Rear End,6,Rain,Wet,Daylight
2021-11-05T09:50:00.000,I 16,I 95 and I 16,,Rear End,2,Rain,Wet,Daylight
2022-03-29T21:33:00.000,I 16,I 95 and I 16,,Rear End,3,Clear,Dry,Dawn
2022-12-07T08:42:00.000,I 16,I 95 and I 16,,Rear End,2,Clear,Dry,Daylight
2022-03-24T07:30:00.000,I 16,I 95 and I 16,,Rear End,2,Rain,Wet,Daylight
2022-10-05T12:34:00.000,I 16,I 95 and I 16,,Rear End,3,Clear,Dry,Daylight
2022-08-16T15:35:00.000,I 16,I 95 and I 16,,Rear End,3,Clear,Dry,Daylight
2022-10-08T20:48:00.000,I 16,I 95 and I 16,,Rear End,2,Clear,Dry,Dark-Lighted
2022-03-16T11:33:00.000,I 16,I 95 and I 16,,Rear End,2,Clear,Wet,Daylight
2022-02-16T17:39:00.000,I 16,I 95 and I 16,,Not a Collision with Motor Vehicle,1,Clear,Dry,Dusk
2022-10-25T08:16:00.000,I 16,I 95 and I 16,,Rear End,2,Clear,Dry,Daylight
2022-04-04T16:58:00.000,I 16,I 95 and I 16,,Sideswipe-Same Direction,2,Clear,Dry,Daylight
2022-11-08T08:35:00.000,I 16,I 95 and I 16,,Sideswipe-Same Direction,2,Clear,Dry,Daylight
2022-07-18T07:25:00.000,I 16,I 95 and I 16,,Rear End,2,Clear,Dry,Daylight
2022-06-01T05:07:00.000,I 16,I 95 and I 16,,Sideswipe-Same Direction,2,Clear,Dry,Dark-Not Lighted
2022-07-09T10:25:00.000,I 16,I 95 and I 16,,Rear End,2,Clear,Dry,Daylight
2022-10-10T12:36:00.000,I 16,I 95 and I 16,,Rear End,2,Clear,Dry,Daylight
2022-05-12T16:48:00.000,I 16,I 95 and I 16,,Rear End,2,Clear,Dry,Daylight
2022-07-28T14:18:00.000,I 16,I 95 and I 16,,Angle Crash,2,Clear,Dry,Daylight
2022-02-25T22:41:00.000,I 16,I 95 and I 16,,Not a Collision with Motor Vehicle,1,Clear,Dry,Dark-Not Lighted
2022-12-01T06:43:00.000,I 16,I 95 and I 16,,Rear End,3,Clear,Dry,Daylight
2022-09-19T19:11:00.000,I 16,I 95 and I 16,,Sideswipe-Same Direction,2,Clear,Dry,Dusk
2022-03-18T16:25:00.000,I 16,I 95 and I 16,,Angle Crash,2,Clear,Dry,Daylight
2022-10-06T07:43:00.000,I 16,I 95 and I 16,,Rear End,2,Clear,Dry,Daylight
2022-08-09T07:25:00.000,I 16,I 95 and I 16,,Sideswipe-Same Direction,2,Clear,Dry,Daylight
2022-12-03T12:50:00.000,I 16,I 95 and I 16,,Not a Collision with Motor Vehicle,1,Clear,Dry,Daylight
2022-09-03T19:54:00.000,I 16,I 95 and I 16,,Rear End,2,Rain,Wet,Dark-Not Lighted
2022-05-26T09:40:00.000,I 16,I 95 and I 16,,Rear End,2,Clear,Dry,Daylight
2022-07-18T07:25:00.000,I 16,I 95 and I 16,,Rear End,2,Clear,Dry,Daylight
2022-04-07T09:16:00.000,I 16,I 95 and I 16,,Not a Collision with Motor Vehicle,1,Cloudy,Dry,Daylight
2022-11-22T18:07:00.000,I 16,I 95 and I 16,,Rear End,2,Cloudy,Dry,Dark-Not Lighted
2022-11-29T05:45:00.000,I 16,I 95 and I 16,,Not a Collision with Motor Vehicle,1,Clear,Dry,Dark-Not Lighted
2022-12-09T06:50:00.000,I 16,I 95 and I 16,,Rear End,2,Clear,Dry,Daylight
2022-01-19T12:47:00.000,I 16,I 95 and I 16,,Rear End,2,Clear,Dry,Daylight
2022-07-04T13:21:00.000,I 16,I 95 and I 16,,Rear End,3,Clear,Dry,Daylight
2021-11-22T14:30:00.000,I 16,I 95 and I 16,,Rear End,2,Clear,Dry,Daylight
2021-10-07T13:11:00.000,I 16,I 95 and I 16,,Sideswipe-Same Direction,2,Cloudy,Dry,Daylight
2021-11-09T10:00:00.000,I 16,I 95 and I 16,,Sideswipe-Same Direction,2,Clear,Dry,Daylight
2021-07-06T15:05:00.000,I 16,I 95 and I 16,,Rear End,3,Rain,Wet,Daylight
2021-08-20T06:35:00.000,I 16,I 95 and I 16,,Sideswipe-Same Direction,2,Clear,Dry,Daylight
2021-11-30T12:06:00.000,I 16,I 95 and I 16,,Rear End,3,Clear,Dry,Daylight
2022-09-20T08:12:00.000,I 16,I 95 and I 16,,Rear End,2,Clear,Dry,Daylight
2022-08-08T11:30:00.000,I 16,I 95 and I 16,,Not a Collision with Motor Vehicle,2,Clear,Dry,Daylight
2022-10-17T17:36:00.000,I 16,I 95 and I 16,,Rear End,2,Clear,Dry,Daylight
2022-05-10T08:26:00.000,I 16,I 95 and I 16,,Not a Collision with Motor Vehicle,1,Clear,Dry,Daylight
2022-11-12T11:28:00.000,I 16,I 95 and I 16,,Angle Crash,3,Clear,(None),Daylight
2022-03-23T14:31:00.000,I 16,I 95 and I 16,,Not a Collision with Motor Vehicle,1,Rain,Wet,Daylight
2022-11-01T10:10:00.000,I 16,I 95 and I 16,,Rear End,3,Clear,Dry,Daylight
2022-07-14T08:13:00.000,I 16,I 95 and I 16,,Rear End,2,Clear,Dry,Daylight
2022-07-08T18:23:00.000,I 16,I 95 and I 16,,Rear End,2,Cloudy,Dry,Daylight
2022-03-08T22:40:00.000,I 16,I 95 and I 16,,Not a Collision with Motor Vehicle,1,Rain,Wet,Dark-Not Lighted
2022-10-17T06:45:00.000,I 16,I 95 and I 16,,Rear End,2,Clear,Dry,Dawn
2022-08-03T10:14:00.000,I 16,I 95 and I 16,,Rear End,2,Clear,Dry,Daylight
2022-10-05T17:00:00.000,I 16,I 95 and I 16,,Rear End,3,Clear,Dry,Daylight
2022-01-19T16:01:00.000,I 16,I 95 and I 16,,Not a Collision with Motor Vehicle,1,Clear,Dry,Daylight
2022-08-31T14:15:00.000,I 16,I 95 and I 16,,Rear End,3,Clear,Dry,Daylight
2022-10-10T09:45:00.000,I 16,I 95 and I 16,,Rear End,2,Clear,Dry,Daylight
2022-07-27T08:00:00.000,I 16,I 95 and I 16,,Sideswipe-Same Direction,2,Clear,Dry,Daylight
2022-03-27T10:30:00.000,I 16,I 95 and I 16,,Sideswipe-Same Direction,3,Clear,Dry,Daylight
2022-12-22T12:15:00.000,I 16,I 95 and I 16,,Sideswipe-Same Direction,2,Clear,Dry,Daylight
2022-12-05T21:25:00.000,I 16,I 95 and I 16,,Not a Collision with Motor Vehicle,1,Rain,Wet,Dark-Not Lighted
2022-03-15T06:15:00.000,I 16,I 95 and I 16,,Rear End,4,Clear,Dry,Daylight
2022-06-07T15:27:00.000,I 16,I 95 and I 16,,Rear End,3,Clear,Dry,Daylight
2022-09-07T20:18:00.000,I 16,I 95 and I 16,,Sideswipe-Same Direction,2,Clear,Dry,Daylight
2022-03-28T13:44:00.000,I 16,I 95 and I 16,,Sideswipe-Same Direction,2,Clear,Dry,Daylight
2022-05-25T10:00:00.000,I 16,I 95 and I 16,,Rear End,2,Clear,Dry,Daylight
2022-09-01T05:30:00.000,I 16,I 95 and I 16,,Not a Collision with Motor Vehicle,1,Clear,Dry,Dark-Not Lighted
2022-04-28T20:18:00.000,I 16,I 95 and I 16,,Sideswipe-Same Direction,2,Clear,Dry,Dark-Not Lighted
2022-08-10T09:02:00.000,I 16,I 95 and I 16,,Sideswipe-Same Direction,2,Clear,Dry,Daylight
2022-02-24T16:49:00.000,I 16,I 95 and I 16,,Rear End,3,Clear,Dry,Daylight
2022-11-08T07:43:00.000,I 16,I 95 and I 16,,Rear End,2,Clear,Dry,Daylight
2022-12-19T14:50:00.000,I 16,I 95 and I 16,,Not a Collision with Motor Vehicle,1,Clear,Dry,Daylight
2022-06-27T20:11:00.000,I 16,I 95 and I 16,,Sideswipe-Same Direction,2,Clear,Dry,Daylight
2022-12-22T09:52:00.000,I 16,I 95 and I 16,,Sideswipe-Same Direction,2,Cloudy,Dry,Daylight
2022-04-20T17:01:00.000,I 16,I 95 and I 16,,Rear End,2,Clear,Dry,Daylight
2022-04-02T09:42:00.000,I 16,I 95 and I 16,,Sideswipe-Same Direction,2,Clear,Dry,Daylight
2022-03-02T10:13:00.000,I 16,I 95 and I 16,,Rear End,2,Clear,Dry,Daylight
2022-09-17T10:45:00.000,I 16,I 95 and I 16,,Sideswipe-Same Direction,2,Clear,Dry,Daylight
2022-11-01T06:57:00.000,I 16,I 95 and I 16,,Rear End,2,Fog,Dry,Dark-Not Lighted
2022-08-05T07:15:00.000,I 16,I 95 and I 16,,Rear End,2,Clear,Dry,Daylight
2022-01-26T15:00:00.000,I 16,I 95 and I 16,,Rear End,2,Clear,Dry,Daylight
2022-05-03T11:38:00.000,I 16,I 95 and I 16,,Sideswipe-Same Direction,2,Clear,Dry,Daylight
2022-07-05T12:28:00.000,I 16,I 95 and I 16,,Sideswipe-Same Direction,2,Clear,Dry,Daylight
2022-06-08T08:02:00.000,I 16,I 95 and I 16,,Sideswipe-Same Direction,2,Clear,Dry,Daylight
2022-10-26T06:30:00.000,I 16,I 95 and I 16,,Rear End,2,Clear,Dry,Dark-Not Lighted
2022-05-17T00:15:00.000,I 16,I 95 and I 16,,Not a Collision with Motor Vehicle,1,Clear,Dry,Dark-Not Lighted
2022-06-08T01:00:00.000,I 16,I 95 and I 16,,Not a Collision with Motor Vehicle,1,Clear,Dry,Dark-Lighted
2022-04-04T12:09:00.000,I 16,I 95 and I 16,,Sideswipe-Same Direction,2,Clear,Dry,Daylight
2022-06-24T12:40:00.000,I 16,I 95 and I 16,,Rear End,2,Clear,Dry,Daylight
2022-12-13T07:35:00.000,I 16,I 95 and I 16,,Rear End,2,Cloudy,Dry,Daylight
2022-08-10T07:06:00.000,I 16,I 95 and I 16,,Rear End,4,Clear,Dry,Daylight
2022-11-10T15:52:00.000,I 16,I 95 and I 16,,Sideswipe-Same Direction,2,Rain,Wet,Daylight
2022-04-26T18:05:00.000,I 16,I 95 and I 16,,Not a Collision with Motor Vehicle,2,Cloudy,Dry,Daylight
2022-06-03T14:21:00.000,I 16,I 95 and I 16,,Rear End,2,Clear,Dry,Daylight
2022-01-12T14:05:00.000,I 16,I 95 and I 16,,Sideswipe-Same Direction,2,Clear,Dry,Daylight
2022-03-17T16:29:00.000,I 16,I 95 and I 16,,Angle Crash,2,Clear,Dry,Daylight
2022-06-11T11:15:00.000,I 16,I 95 and I 16,,Sideswipe-Same Direction,2,Clear,Dry,Daylight
2022-12-18T14:45:00.000,I 16,I 95 and I 16,,Rear End,2,Clear,Dry,Daylight
2022-08-10T06:54:00.000,I 16,I 95 and I 16,,Rear End,2,Clear,Dry,Daylight
2022-12-05T06:49:00.000,I 16,I 95 and I 16,,Rear End,2,Cloudy,Dry,Dusk
2022-02-15T06:53:00.000,I 16,I 95 and I 16,,Angle Crash,2,Clear,Dry,Dawn
2022-07-23T00:14:00.000,I 16,I 95 and I 16,,Not a Collision with Motor Vehicle,1,Clear,Dry,Dark-Not Lighted
2022-06-29T02:14:00.000,I 16,I 95 and I 16,,Angle Crash,1,Clear,Dry,Dark-Not Lighted
2022-02-06T17:50:00.000,I 16,I 95 and I 16,,Not a Collision with Motor Vehicle,1,Clear,Dry,Daylight
2022-08-30T00:58:00.000,I 16,I 95 and I 16,,Sideswipe-Same Direction,2,Rain,Wet,Dark-Not Lighted
2022-10-13T04:37:00.000,I 16,I 95 and I 16,,Not a Collision with Motor Vehicle,1,Cloudy,Wet,Dark-Not Lighted
2022-11-01T19:53:00.000,I 16,I 95 and I 16,,Rear End,3,Clear,Dry,Daylight
2022-12-10T05:30:00.000,I 16,I 95 and I 16,,Not a Collision with Motor Vehicle,1,Rain,Wet,Dark-Not Lighted
2022-05-23T16:15:00.000,I 16,I 95 and I 16,,Sideswipe-Same Direction,2,Clear,Dry,Daylight
2022-03-07T07:18:00.000,I 16,I 95 and I 16,,Rear End,2,Clear,Dry,Daylight
2022-09-12T07:17:00.000,I 16,I 95 and I 16,,Rear End,3,Clear,Dry,Daylight
2022-07-24T15:45:00.000,I 16,I 95 and I 16,,Sideswipe-Same Direction,2,Clear,Dry,Daylight
2023-03-24T18:26:00.000,I 16,I 95 and I 16,,Rear End,2,Clear,Dry,Daylight
2023-06-04T01:05:00.000,I 16,I 95 and I 16,,Not a Collision with Motor Vehicle,1,Clear,Dry,Dark-Not Lighted
2023-03-10T06:24:00.000,I 16,I 95 and I 16,,Not a Collision with Motor Vehicle,1,Rain,Wet,Daylight
2023-02-12T23:15:00.000,I 16,I 95 and I 16,,Rear End,2,Clear,Dry,Dark-Not Lighted
2024-02-08T21:55:00.000,I 16,I 95 and I 16,,Rear End,3,Clear,Dry,Dark-Not Lighted
2024-02-01T08:00:00.000,I 16,I 95 and I 16,,Sideswipe-Same Direction,2,Clear,Dry,Daylight
2024-09-24T08:34:00.000,I 16,I 95 and I 16,,Not a Collision with Motor Vehicle,1,Clear,Dry,Daylight
2024-10-22T09:51:00.000,I 16,I 95 and I 16,,Not a Collision with Motor Vehicle,1,Clear,Dry,Daylight
2024-03-21T08:35:00.000,I 16,I 95 and I 16,,Rear End,2,Clear,Dry,Daylight
2024-10-18T22:40:00.000,I 16,I 95 and I 16,,Not a Collision with Motor Vehicle,1,Clear,Dry,Dark-Not Lighted
2024-09-18T17:45:00.000,I 16,I 95 and I 16,,Sideswipe-Same Direction,2,Cloudy,Wet,Daylight
2024-09-18T07:16:00.000,I 16,I 95 and I 16,,Rear End,2,Clear,Dry,Daylight
2024-09-06T15:50:00.000,I 16,I 95 and I 16,,Sideswipe-Same Direction,2,Cloudy,Dry,Daylight
2024-02-26T09:00:00.000,I 16,I 95 and I 16,,Sideswipe-Same Direction,2,Clear,Dry,Daylight
2024-08-21T08:45:00.000,I 16,I 95 and I 16,,Rear End,2,Clear,Dry,Daylight
2024-12-17T06:54:00.000,I 16,I 95 and I 16,,Rear End,2,Rain,Wet,Dawn
2024-04-01T09:00:00.000,I 16,I 95 and I 16,,Sideswipe-Same Direction,2,Cloudy,Dry,Daylight
2024-06-24T08:45:00.000,I 16,I 95 and I 16,,Sideswipe-Same Direction,2,Clear,Dry,Daylight
2024-06-24T07:30:00.000,I 16,I 95 and I 16,,Rear End,3,Clear,Dry,Daylight
2024-10-31T18:06:00.000,I 16,I 95 and I 16,,Sideswipe-Same Direction,2,Clear,Dry,Daylight
2024-07-14T16:40:00.000,I 16,I 95 and I 16,,Sideswipe-Same Direction,2,Cloudy,Dry,Daylight
2024-07-08T21:00:00.000,I 16,I 95 and I 16,,Sideswipe-Same Direction,2,Clear,Dry,Dark-Not Lighted
2024-05-22T09:26:00.000,I 16,I 95 and I 16,,Rear End,2,Clear,Dry,Daylight
2024-02-15T13:26:00.000,I 16,I 95 and I 16,,Sideswipe-Same Direction,2,Clear,Dry,Daylight
2024-06-17T16:22:00.000,I 16,I 95 and I 16,,Rear End,3,Clear,Dry,Daylight
2024-03-08T01:40:00.000,I 16,I 95 and I 16,,Not a Collision with Motor Vehicle,1,Clear,Dry,Dark-Not Lighted
2024-08-14T23:01:00.000,I 16,I 95 and I 16,,Sideswipe-Same Direction,2,Clear,Dry,Dark-Not Lighted
2024-03-29T09:55:00.000,I 16,I 95 and I 16,,Not a Collision with Motor Vehicle,2,Clear,Dry,Daylight
2024-05-15T10:03:00.000,I 16,I 95 and I 16,,Sideswipe-Same Direction,2,Clear,Dry,Daylight
2024-09-25T08:51:00.000,I 16,I 95 and I 16,,Rear End,2,Clear,Dry,Daylight
2024-12-20T07:06:00.000,I 16,I 95 and I 16,,Sideswipe-Same Direction,2,Clear,Dry,Dawn
2024-07-27T20:00:00.000,I 16,I 95 and I 16,,Not a Collision with Motor Vehicle,1,Cloudy,Wet,Daylight
2024-04-01T09:20:00.000,I 16,I 95 and I 16,,Rear End,2,Cloudy,Dry,Daylight
2024-06-21T19:09:00.000,I 16,I 95 and I 16,,Not a Collision with Motor Vehicle,1,Rain,Wet,Dusk
2023-04-21T10:29:00.000,I 16,I 95 and I 16,,Rear End,3,Clear,Dry,Daylight
2023-03-29T22:26:00.000,I 16,I 95 and I 16,,Not a Collision with Motor Vehicle,1,Clear,Dry,Dark-Not Lighted
2024-06-06T09:45:00.000,I 16,I 95 and I 16,,Sideswipe-Same Direction,2,Clear,Dry,Daylight
2024-09-20T07:35:00.000,I 16,I 95 and I 16,,Angle Crash,2,Clear,Dry,Daylight
2024-10-11T13:50:00.000,I 16,I 95 and I 16,,Sideswipe-Same Direction,2,Clear,Dry,Daylight
2024-08-09T07:10:00.000,I 16,I 95 and I 16,,Sideswipe-Same Direction,2,Cloudy,Dry,Daylight
2023-03-09T04:08:00.000,I 16,I 95 and I 16,,Not a Collision with Motor Vehicle,1,Clear,Dry,Dark-Lighted
2023-02-09T11:42:00.000,I 16,I 95 and I 16,,Sideswipe-Same Direction,2,Clear,Dry,Daylight
2023-01-24T03:24:00.000,I 16,I 95 and I 16,,Rear End,2,Clear,Dry,Dark-Not Lighted
2023-04-29T04:00:00.000,I 16,I 95 and I 16,,Not a Collision with Motor Vehicle,1,Clear,Wet,Dark-Not Lighted
2023-12-12T17:24:00.000,I 16,I 95 and I 16,,Rear End,2,Clear,Dry,Dark-Not Lighted
2023-11-17T07:09:00.000,I 16,I 95 and I 16,,Sideswipe-Same Direction,2,Rain,Wet,Daylight
2023-04-11T09:44:00.000,I 16,I 95 and I 16,,Rear End,2,Clear,Dry,Daylight
2023-02-20T12:00:00.000,I 16,I 95 and I 16,,Sideswipe-Same Direction,2,Clear,Dry,Daylight
2023-09-06T08:22:00.000,I 16,I 95 and I 16,,Rear End,2,Clear,Dry,Daylight
2023-08-08T18:31:00.000,I 16,I 95 and I 16,,Sideswipe-Same Direction,2,Rain,Wet,Dark-Not Lighted
2023-11-28T12:30:00.000,I 16,I 95 and I 16,,Rear End,2,Clear,Dry,Daylight
2023-08-11T07:02:00.000,I 16,I 95 and I 16,,Sideswipe-Same Direction,2,Clear,Dry,Daylight
2023-01-28T07:30:00.000,I 16,I 95 and I 16,,Head On,1,Clear,Dry,Dawn
2023-11-28T21:45:00.000,I 16,I 95 and I 16,,Sideswipe-Same Direction,2,Clear,Dry,Daylight