Date and Time,Roadway (From Crash Report),Intersection Name (from Crash Report),KABCO Severity,Manner of Collision (Crash Level) ,# of Vehicles per crash ,Weather Conditions (Crash Level),Surface Condition (Crash Level) ,Light Conditions (Crash Level)
2023-04-02T11:49:00.000,I 16,I 95 and I 16,,Sideswipe-Same Direction,2,Clear,Dry,Daylight
2023-04-19T18:20:00.000,I 16,I 95 and I 16,,Sideswipe-Same Direction,2,Clear,Dry,Daylight
2023-03-14T16:47:00.000,I 16,I 95 and I 16,,Not a Collision with Motor Vehicle,2,Clear,Dry,Daylight
2023-05-06T15:17:00.000,I 16,I 95 and I 16,,Sideswipe-Same Direction,2,Cloudy,Dry,Daylight
2023-03-17T17:50:00.000,I 16,I 95 and I 16,,Sideswipe-Same Direction,2,Clear,Dry,Daylight
2023-05-30T17:25:00.000,I 16,I 95 and I 16,,Head On,1,Cloudy,Dry,Daylight
2023-01-31T19:58:00.000,I 16,I 95 and I 16,,Rear End,2,Clear,Dry,Dark-Not Lighted
2023-11-11T22:30:00.000,I 16,I 95 and I 16,,Not a Collision with Motor Vehicle,1,Clear,Dry,Dark-Not Lighted
2023-09-05T15:15:00.000,I 16,I 95 and I 16,,Sideswipe-Same Direction,2,Clear,Dry,Daylight
2023-11-04T18:31:00.000,I 16,I 95 and I 16,,Sideswipe-Same Direction,2,Clear,Dry,Dusk
2023-06-13T20:55:00.000,I 16,I 95 and I 16,,Not a Collision with Motor Vehicle,1,Clear,Wet,Dark-Lighted
2023-04-09T03:25:00.000,I 16,I 95 and I 16,,Not a Collision with Motor Vehicle,1,Rain,Wet,Dark-Not Lighted
2023-10-27T12:30:00.000,I 16,I 95 and I 16,,Sideswipe-Same Direction,1,Clear,Dry,Daylight
2023-10-09T06:29:00.000,I 16,I 95 and I 16,,Rear End,5,Clear,Dry,Dark-Not Lighted
2023-11-16T08:55:00.000,I 16,I 95 and I 16,,Not a Collision with Motor Vehicle,1,Rain,Wet,Dark-Lighted
2023-09-13T15:02:00.000,I 16,I 95 and I 16,,Angle Crash,2,Clear,Dry,Daylight
2023-12-28T11:10:00.000,I 16,I 95 and I 16,,Rear End,2,Clear,Dry,Daylight
2023-03-30T14:42:00.000,I 16,I 95 and I 16,,Sideswipe-Same Direction,2,Clear,Dry,Daylight
2023-03-14T13:50:00.000,I 16,I 95 and I 16,,Sideswipe-Same Direction,2,Clear,Dry,Daylight
2023-06-21T16:26:00.000,I 16,I 95 and I 16,,Rear End,2,Cloudy,Wet,Daylight
2023-09-05T15:32:00.000,I 16,I 95 and I 16,,Rear End,2,Clear,Dry,Daylight
2023-05-17T06:46:00.000,I 16,I 95 and I 16,,Rear End,2,Clear,Dry,Daylight
2023-06-27T14:36:00.000,I 16,I 95 and I 16,,Sideswipe-Same Direction,3,Clear,Dry,Daylight
2023-11-14T06:41:00.000,I 16,I 95 and I 16,,Rear End,4,Clear,Dry,Dawn
2023-07-16T00:05:00.000,I 16,I 95 and I 16,,Rear End,2,Clear,Dry,Dark-Not Lighted
2023-06-01T18:17:00.000,I 16,I 95 and I 16,,Sideswipe-Same Direction,1,Clear,Dry,Daylight
2023-01-12T11:00:00.000,I 16,I 95 and I 16,,Rear End,2,Clear,Dry,Daylight
2023-09-27T17:29:00.000,I 16,I 95 and I 16,,Sideswipe-Same Direction,2,Clear,Dry,Daylight
2023-01-30T06:20:00.000,I 16,I 95 and I 16,,Rear End,2,Cloudy,Wet,Dark-Not Lighted
2023-05-21T09:02:00.000,I 16,I 95 and I 16,,Not a Collision with Motor Vehicle,1,Rain,Wet,Daylight
2023-09-08T15:50:00.000,I 16,I 95 and I 16,,Rear End,2,Clear,Dry,Daylight
2023-01-30T21:19:00.000,I 16,I 95 and I 16,,Not a Collision with Motor Vehicle,1,Clear,Wet,Dark-Not Lighted
2023-08-24T07:22:00.000,I 16,I 95 and I 16,,Rear End,3,Clear,Dry,Daylight
2023-05-20T14:34:00.000,I 16,I 95 and I 16,,Sideswipe-Same Direction,2,Clear,Dry,Daylight
2023-08-01T20:53:00.000,I 16,I 95 and I 16,,Sideswipe-Same Direction,2,Clear,Dry,Dark-Not Lighted
2023-01-13T06:57:00.000,I 16,I 95 and I 16,,Rear End,3,Clear,Dry,Dusk
2023-04-26T16:19:00.000,I 16,I 95 and I 16,,Rear End,2,Rain,Wet,Daylight
2023-02-22T13:39:00.000,I 16,I 95 and I 16,,Sideswipe-Same Direction,2,Clear,Dry,Daylight
2023-07-05T06:30:00.000,I 16,I 95 and I 16,,Rear End,2,Clear,Dry,Daylight
2023-02-23T18:20:00.000,I 16,I 95 and I 16,,Not a Collision with Motor Vehicle,1,Clear,Dry,Dusk
2023-03-08T20:37:00.000,I 16,I 95 and I 16,,Sideswipe-Same Direction,2,Clear,Dry,Dark-Not Lighted
2023-11-29T07:01:00.000,I 16,I 95 and I 16,,Sideswipe-Same Direction,2,Clear,Dry,Daylight
2023-01-17T16:30:00.000,I 16,I 95 and I 16,,Sideswipe-Same Direction,2,Clear,Dry,Daylight
2023-07-30T12:26:00.000,I 16,I 95 and I 16,,Sideswipe-Same Direction,2,Clear,Dry,Daylight
2023-10-09T08:55:00.000,I 16,I 95 and I 16,,Rear End,2,Clear,Dry,Daylight
2023-10-14T13:05:00.000,I 16,I 95 and I 16,,Sideswipe-Same Direction,2,Clear,Dry,Daylight
2024-03-09T05:38:00.000,I 16,I 95 and I 16,,Rear End,2,Rain,Wet,Dark-Not Lighted
2024-10-01T07:32:00.000,I 16,I 95 and I 16,,Not a Collision with Motor Vehicle,1,Clear,Dry,Daylight
2024-10-15T06:30:00.000,I 16,I 95 and I 16,,Rear End,2,Cloudy,Dry,Dawn
2024-10-19T14:18:00.000,I 16,I 95 and I 16,,Sideswipe-Same Direction,2,Clear,Dry,Daylight
2024-09-05T17:08:00.000,I 16,I 95 and I 16,,Rear End,2,Cloudy,Wet,Dawn
2024-05-31T16:25:00.000,I 16,I 95 and I 16,,Sideswipe-Same Direction,2,Clear,Dry,Daylight
2024-06-17T19:14:00.000,I 16,I 95 and I 16,,Rear End,2,Clear,Dry,Daylight
2024-01-24T15:44:00.000,I 16,I 95 and I 16,,Rear End,4,Cloudy,Dry,Daylight
2024-09-28T13:56:00.000,I 16,I 95 and I 16,,Not a Collision with Motor Vehicle,2,Clear,Dry,Daylight
2024-09-02T08:09:00.000,I 16,I 95 and I 16,,Not a Collision with Motor Vehicle,1,Cloudy,Dry,Daylight
2024-07-12T07:29:00.000,I 16,I 95 and I 16,,Rear End,2,Clear,Dry,Daylight
2024-12-17T10:43:00.000,I 16,I 95 and I 16,,Sideswipe-Same Direction,2,Cloudy,Wet,Daylight
2024-10-17T06:59:00.000,I 16,I 95 and I 16,,Rear End,3,Clear,Dry,Daylight
2024-03-23T07:28:00.000,I 16,I 95 and I 16,,Sideswipe-Same Direction,3,Rain,Wet,Dawn
2024-10-30T07:50:00.000,I 16,I 95 and I 16,,Rear End,2,Clear,Dry,Daylight
2024-02-22T07:30:00.000,I 16,I 95 and I 16,,Angle Crash,2,Clear,Dry,Daylight
2024-02-22T07:10:00.000,I 16,I 95 and I 16,,Rear End,2,Clear,Dry,Daylight
2024-11-01T07:14:00.000,I 16,I 95 and I 16,,Rear End,2,Clear,Dry,Daylight
2024-07-09T15:20:00.000,I 16,I 95 and I 16,,Rear End,2,Clear,Dry,Daylight
2024-09-07T09:05:00.000,I 16,I 95 and I 16,,Not a Collision with Motor Vehicle,1,Rain,Wet,Daylight
2024-07-12T09:45:00.000,I 16,I 95 and I 16,,Sideswipe-Same Direction,2,Clear,Dry,Daylight
2024-02-12T18:36:00.000,I 16,I 95 and I 16,,Sideswipe-Same Direction,2,Rain,Wet,Dark-Not Lighted
2024-03-08T13:41:00.000,I 16,I 95 and I 16,,Not a Collision with Motor Vehicle,1,Cloudy,Dry,Daylight
2024-10-29T08:20:00.000,I 16,I 95 and I 16,,Rear End,2,Clear,Dry,Daylight
2024-08-30T04:40:00.000,I 16,I 95 and I 16,,Rear End,2,Clear,Dry,Dark-Not Lighted
2024-11-14T07:27:00.000,I 16,I 95 and I 16,,Angle Crash,2,Clear,Dry,Daylight
2024-06-05T13:40:00.000,I 16,I 95 and I 16,,Sideswipe-Same Direction,2,Cloudy,Dry,Daylight
2024-12-25T21:19:00.000,I 16,I 95 and I 16,,Not a Collision with Motor Vehicle,1,Clear,Dry,Dark-Not Lighted
2024-08-29T10:00:00.000,I 16,I 95 and I 16,,Sideswipe-Same Direction,2,Clear,Dry,Daylight
2024-03-07T08:18:00.000,I 16,I 95 and I 16,,Rear End,3,Clear,Dry,Daylight
2024-05-17T06:50:00.000,I 16,I 95 and I 16,,Angle Crash,2,Clear,Dry,Daylight
2024-09-30T12:45:00.000,I 16,I 95 and I 16,,Rear End,2,Clear,Dry,Daylight
2024-10-07T07:57:00.000,I 16,I 95 and I 16,,Rear End,2,Clear,Dry,Daylight
2024-08-29T08:05:00.000,I 16,I 95 and I 16,,Sideswipe-Same Direction,2,Clear,Dry,Daylight
2024-10-07T19:30:00.000,I 16,I 95 and I 16,,Sideswipe-Same Direction,2,Clear,Dry,Dark-Not Lighted
2024-08-09T21:09:00.000,I 16,I 95 and I 16,,Rear End,2,Cloudy,Dry,Dark-Not Lighted
2024-04-15T18:29:00.000,I 16,I 95 and I 16,,Not a Collision with Motor Vehicle,2,Clear,Dry,Daylight
2024-02-16T07:06:00.000,I 16,I 95 and I 16,,Rear End,2,Clear,Dry,Daylight
2024-03-12T10:22:00.000,I 16,I 95 and I 16,,Not a Collision with Motor Vehicle,1,Clear,Dry,Daylight
2024-12-08T12:17:00.000,I 16,I 95 and I 16,,Angle Crash,2,Clear,Dry,Daylight
2024-02-28T05:45:00.000,I 16,I 95 and I 16,,Sideswipe-Same Direction,2,Clear,Dry,Dark-Not Lighted
2024-11-02T13:30:00.000,I 16,I 95 and I 16,,Rear End,2,Cloudy,Dry,Daylight
2024-01-28T16:50:00.000,I 16,I 95 and I 16,,Sideswipe-Same Direction,2,Clear,Dry,Daylight
2024-01-17T08:18:00.000,I 16,I 95 and I 16,,Rear End,2,Clear,Dry,Daylight
2024-09-10T10:35:00.000,I 16,I 95 and I 16,,Rear End,2,Clear,Dry,Daylight
2024-09-24T15:48:00.000,I 16,I 95 and I 16,,Sideswipe-Same Direction,2,Clear,Dry,Daylight
2024-03-18T11:48:00.000,I 16,I 95 and I 16,,Angle Crash,2,Clear,Dry,Daylight
2024-06-11T06:05:00.000,I 16,I 95 and I 16,,Not a Collision with Motor Vehicle,1,Cloudy,Dry,Daylight
2024-12-25T12:47:00.000,I 16,I 95 and I 16,,Sideswipe-Same Direction,2,Cloudy,Dry,Daylight
2024-05-14T09:45:00.000,I 16,I 95 and I 16,,Sideswipe-Same Direction,2,Rain,Wet,Daylight
2024-04-02T19:55:00.000,I 16,I 95 and I 16,,Sideswipe-Same Direction,2,Clear,Dry,Dark-Not Lighted
2024-09-25T07:42:00.000,I 16,I 95 and I 16,,Rear End,2,Clear,Dry,Daylight
2024-10-12T11:05:00.000,I 16,I 95 and I 16,,Sideswipe-Same Direction,2,Clear,Dry,Daylight
2024-12-17T08:39:00.000,I 16,I 95 and I 16,,Not a Collision with Motor Vehicle,1,Rain,Wet,Daylight
2024-08-17T13:00:00.000,I 16,I 95 and I 16,,Sideswipe-Same Direction,2,Clear,Dry,Daylight
2024-06-20T20:13:00.000,I 16,I 95 and I 16,,Rear End,2,Cloudy,Dry,Dark-Not Lighted
2024-02-22T15:10:00.000,I 16,I 95 and I 16,,Rear End,2,Clear,Dry,Daylight
2024-07-22T16:00:00.000,I 16,I 95 and I 16,,Rear End,2,Rain,Wet,Daylight
2024-09-12T11:17:00.000,I 16,I 95 and I 16,,Rear End,2,Cloudy,Dry,Daylight
2024-02-29T18:25:00.000,I 16,I 95 and I 16,,Sideswipe-Same Direction,2,Clear,Dry,Dark-Not Lighted
2024-04-05T17:13:00.000,I 16,I 95 and I 16,,Rear End,3,Clear,Dry,Daylight
2024-12-12T08:30:00.000,I 16,I 95 and I 16,,Rear End,2,Clear,Dry,Daylight
2024-08-14T13:00:00.000,I 16,I 95 and I 16,,Rear End,2,Clear,Dry,Daylight
2024-01-23T07:30:00.000,I 16,I 95 and I 16,,Angle Crash,2,Cloudy,Dry,Daylight
2024-07-02T10:16:00.000,I 16,I 95 and I 16,,Sideswipe-Same Direction,2,Clear,Dry,Daylight
2024-04-24T06:00:00.000,I 16,I 95 and I 16,,Sideswipe-Same Direction,2,Clear,Dry,Daylight
2024-05-17T15:15:00.000,I 16,I 95 and I 16,,Angle Crash,2,Cloudy,Dry,Daylight
2024-03-28T07:08:00.000,I 16,I 95 and I 16,,Rear End,2,Rain,Wet,Daylight
2024-09-23T06:57:00.000,I 16,I 95 and I 16,,Sideswipe-Same Direction,2,Clear,Dry,Daylight
2024-09-05T17:00:00.000,I 16,I 95 and I 16,,Not a Collision with Motor Vehicle,1,Cloudy,Wet,Dawn
2024-04-12T05:50:00.000,I 16,I 95 and I 16,,Rear End,2,Clear,Dry,Dark-Not Lighted
2024-08-21T08:10:00.000,I 16,I 95 and I 16,,Rear End,2,Clear,Dry,Daylight
2024-10-18T07:21:00.000,I 16,I 95 and I 16,,Rear End,2,Clear,Dry,Daylight
2024-01-18T07:48:00.000,I 16,I 95 and I 16,,Rear End,2,Clear,Dry,Daylight
2024-04-26T17:22:00.000,I 16,I 95 and I 16,,Angle Crash,3,Clear,Dry,Daylight
2024-03-20T15:50:00.000,I 16,I 95 and I 16,,Not a Collision with Motor Vehicle,1,Clear,Dry,Daylight
2024-09-06T13:18:00.000,I 16,I 95 and I 16,,Sideswipe-Same Direction,2,Cloudy,Dry,Daylight
2024-06-11T08:00:00.000,I 16,I 95 and I 16,,Rear End,2,Cloudy,Dry,Daylight
2023-04-10T09:40:00.000,I 95,I 95 and Hwy204,,Not a Collision with Motor Vehicle,1,Clear,Dry,Daylight
2022-04-07T08:42:00.000,I 95,I 95 and Hwy. 204,,Rear End,2,Clear,Wet,Daylight
2022-06-01T23:32:00.000,I 95,I 95 and Hwy 99,,Not a Collision with Motor Vehicle,1,Clear,Dry,Dark-Not Lighted
2022-07-20T06:16:00.000,I 95,I 95 and Hwy 8O,,Rear End,2,Cloudy,Dry,Dawn
2021-03-04T22:08:00.000,I 95,I 95 and Hwy 84 Opas,,Sideswipe-Same Direction,2,Clear,Dry,Dark-Not Lighted
2020-01-30T20:39:00.000,I 95,I 95 and Hwy 84,,Rear End,2,Clear,Dry,Dark-Not Lighted
2022-03-16T11:56:00.000,I 95,I 95 and Hwy 84,,Rear End,2,Cloudy,Wet,Daylight
2023-12-21T20:18:00.000,I 95,I 95 and Hwy 80 On Rp,,Rear End,2,Clear,Dry,Dark-Lighted
2023-03-03T17:33:00.000,I 95,I 95 and Hwy 80 Off Rp,,Rear End,2,Clear,Dry,Daylight
2024-12-06T07:43:00.000,I 95,I 95 and Hwy 80 Off Rp,,Angle Crash,2,Clear,Dry,Daylight
2023-11-13T15:04:00.000,I 95,I 95 and Hwy 80 Exit Rp,,Rear End,2,Cloudy,Dry,Daylight
2021-08-06T18:48:00.000,I 95,I 95 and Hwy 80,,Rear End,2,Clear,Dry,Daylight
2021-11-11T08:29:00.000,I 95,I 95 and Hwy 80,,Rear End,2,Clear,Dry,Daylight
2021-06-16T18:05:00.000,I 95,I 95 and Hwy 80,,Rear End,2,Clear,Dry,Daylight
2021-05-31T08:21:00.000,I 95,I 95 and Hwy 80,,Rear End,2,Clear,Dry,Daylight
2021-05-03T12:50:00.000,I 95,I 95 and Hwy 80,,Not a Collision with Motor Vehicle,1,Clear,Dry,Daylight
2021-11-23T15:50:00.000,I 95,I 95 and Hwy 80,,Rear End,2,Clear,Dry,Daylight
2021-07-14T00:15:00.000,I 95,I 95 and Hwy 80,,Not a Collision with Motor Vehicle,1,Clear,Dry,Dark-Not Lighted
2021-11-29T15:25:00.000,I 95,I 95 and Hwy 80,,Rear End,2,Clear,Dry,Daylight
2021-12-27T21:06:00.000,I 95,I 95 and Hwy 80,,Head On,2,Clear,Dry,Dark-Not Lighted
2021-06-12T20:18:00.000,I 95,I 95 and Hwy 80,,Rear End,2,Rain,Wet,Dusk
2021-01-06T07:14:00.000,I 95,I 95 and Hwy 80,,Sideswipe-Same Direction,2,Clear,Dry,Daylight
2021-11-17T12:25:00.000,I 95,I 95 and Hwy 80,,Sideswipe-Same Direction,2,Clear,Dry,Daylight
2021-09-21T08:42:00.000,I 95,I 95 and Hwy 80,,Rear End,2,Cloudy,Wet,Daylight
2021-06-16T17:28:00.000,I 95,I 95 and Hwy 80,,Not a Collision with Motor Vehicle,1,Clear,Dry,Daylight
2020-08-14T14:51:00.000,I 95,I 95 and Hwy 80,,Rear End,2,Clear,Dry,Daylight
2020-12-08T13:34:00.000,I 95,I 95 and Hwy 80,,Rear End,2,Clear,Dry,Daylight
2023-07-29T18:38:00.000,I 95,I 95 and Hwy 80,,Rear End,2,Clear,Dry,Daylight
2023-03-20T21:32:00.000,I 95,I 95 and Hwy 80,,Sideswipe-Same Direction,2,Clear,Dry,Dark-Not Lighted
2023-11-17T16:16:00.000,I 95,I 95 and Hwy 80,,Rear End,2,Clear,Dry,Daylight
2023-06-20T21:15:00.000,I 95,I 95 and Hwy 80,,Not a Collision with Motor Vehicle,1,Clear,Dry,Dark-Lighted
2023-01-25T17:50:00.000,I 95,I 95 and Hwy 80,,Rear End,2,Rain,Wet,Dark-Lighted
2023-07-12T15:35:00.000,I 95,I 95 and Hwy 80,,Rear End,2,Rain,Wet,Daylight
2023-09-16T15:50:00.000,I 95,I 95 and Hwy 80,,Rear End,2,Clear,Dry,Daylight
2023-12-08T15:15:00.000,I 95,I 95 and Hwy 80,,Angle Crash,2,Clear,Dry,Daylight
2023-10-07T02:13:00.000,I 95,I 95 and Hwy 80,,Sideswipe-Same Direction,2,Clear,Dry,Dark-Not Lighted
2023-12-14T18:40:00.000,I 95,I 95 and Hwy 80,,Sideswipe-Same Direction,2,Clear,Dry,Dark-Lighted
2023-11-01T17:38:00.000,I 95,I 95 and Hwy 80,,Rear End,2,Clear,Dry,Daylight
2023-04-22T12:17:00.000,I 95,I 95 and Hwy 80,,Rear End,2,Cloudy,Dry,Daylight
2023-10-25T09:55:00.000,I 95,I 95 and Hwy 80,,Rear End,2,Cloudy,Dry,Daylight
2023-02-14T14:36:00.000,I 95,I 95 and Hwy 80,,Sideswipe-Same Direction,2,Clear,Dry,Daylight
2023-02-11T09:57:00.000,I 95,I 95 and Hwy 80,,Not a Collision with Motor Vehicle,1,Rain,Wet,Daylight
2023-06-08T12:41:00.000,I 95,I 95 and Hwy 80,,Sideswipe-Same Direction,2,Cloudy,Dry,Daylight
2023-06-04T22:46:00.000,I 95,I 95 and Hwy 80,,Not a Collision with Motor Vehicle,1,Clear,Dry,Dark-Lighted
2023-11-02T09:36:00.000,I 95,I 95 and Hwy 80,,Rear End,2,Clear,Dry,Daylight
2023-10-12T07:19:00.000,I 95,I 95 and Hwy 80,,Sideswipe-Same Direction,2,Rain,Wet,Daylight
2023-10-23T15:50:00.000,I 95,I 95 and Hwy 80,,Rear End,2,Clear,Dry,Daylight
2023-11-17T15:43:00.000,I 95,I 95 and Hwy 80,,Rear End,2,Clear,Dry,Daylight
2023-09-06T15:55:00.000,I 95,I 95 and Hwy 80,,Rear End,2,Clear,Dry,Daylight
2023-01-03T15:51:00.000,I 95,I 95 and Hwy 80,,Rear End,2,Clear,Dry,Daylight
2023-12-19T14:02:00.000,I 95,I 95 and Hwy 80,,Rear End,2,Clear,Dry,Daylight
2022-06-27T00:37:00.000,I 95,I 95 and Hwy 80,,Rear End,2,Clear,Dry,Dark-Not Lighted
2022-04-08T17:22:00.000,I 95,I 95 and Hwy 80,,Rear End,2,Clear,Dry,Daylight
2022-08-01T12:13:00.000,I 95,I 95 and Hwy 80,,Rear End,2,Clear,Dry,Daylight
2022-01-31T16:40:00.000,I 95,I 95 and Hwy 80,,Rear End,2,Clear,Dry,Daylight
2024-01-11T11:24:00.000,I 95,I 95 and Hwy 80,,Rear End,2,Clear,Dry,Daylight
2020-10-30T18:06:00.000,I 95,I 95 and Hwy 80,,Rear End,2,Clear,Dry,Daylight
2020-06-30T10:41:00.000,I 95,I 95 and Hwy 80,,Sideswipe-Same Direction,2,Clear,Dry,Daylight
2020-08-18T06:14:00.000,I 95,I 95 and Hwy 80,,Not a Collision with Motor Vehicle,1,Clear,Dry,Dark-Lighted
2020-10-03T07:35:00.000,I 95,I 95 and Hwy 80,,Not a Collision with Motor Vehicle,1,Clear,Dry,Daylight
2020-09-17T13:50:00.000,I 95,I 95 and Hwy 80,,Sideswipe-Same Direction,2,Rain,Wet,Daylight
2020-12-23T16:03:00.000,I 95,I 95 and Hwy 80,,Sideswipe-Same Direction,2,Clear,Dry,Daylight
2020-07-30T22:07:00.000,I 95,I 95 and Hwy 80,,Rear End,2,Clear,Dry,Dark-Lighted
2020-02-25T04:30:00.000,I 95,I 95 and Hwy 80,,Sideswipe-Same Direction,2,Rain,Wet,Dark-Lighted
2020-08-05T17:10:00.000,I 95,I 95 and Hwy 80,,Rear End,2,Clear,Dry,Daylight
2020-01-29T15:10:00.000,I 95,I 95 and Hwy 80,,Sideswipe-Same Direction,2,Cloudy,Dry,Daylight
2020-12-29T15:43:00.000,I 95,I 95 and Hwy 80,,Rear End,2,Clear,Dry,Daylight
2020-08-11T16:14:00.000,I 95,I 95 and Hwy 80,,Angle Crash,2,Clear,Dry,Daylight
2020-11-04T08:10:00.000,I 95,I 95 and Hwy 80,,Angle Crash,2,Clear,Dry,Daylight
2020-02-08T15:13:00.000,I 95,I 95 and Hwy 80,,Rear End,2,Clear,Dry,Daylight
2020-03-14T12:15:00.000,I 95,I 95 and Hwy 80,,Sideswipe-Same Direction,2,Clear,Dry,Daylight
2020-02-14T13:31:00.000,I 95,I 95 and Hwy 80,,Not a Collision with Motor Vehicle,1,Clear,Dry,Daylight
2020-01-04T08:37:00.000,I 95,I 95 and Hwy 80,,Sideswipe-Same Direction,2,Rain,Wet,Daylight
2020-09-02T16:45:00.000,I 95,I 95 and Hwy 80,,Rear End,2,Clear,Dry,Daylight
2021-02-17T07:34:00.000,I 95,I 95 and Hwy 80,,Rear End,2,Cloudy,Dry,Daylight
2021-02-02T08:22:00.000,I 95,I 95 and Hwy 80,,Rear End,2,Clear,Dry,Daylight
2021-05-24T16:27:00.000,I 95,I 95 and Hwy 80,,Rear End,2,Clear,Dry,Daylight
2021-08-03T19:41:00.000,I 95,I 95 and Hwy 80,,Rear End,2,Cloudy,Dry,Daylight
2021-11-11T12:41:00.000,I 95,I 95 and Hwy 80,,Angle Crash,1,Clear,Dry,Daylight
2021-08-12T23:44:00.000,I 95,I 95 and Hwy 80,,Sideswipe-Same Direction,2,Clear,Dry,Dark-Not Lighted
2022-12-20T20:00:00.000,I 95,I 95 and Hwy 80,,Rear End,2,Rain,Wet,Dark-Not Lighted
2022-06-02T16:34:00.000,I 95,I 95 and Hwy 80,,Rear End,2,Rain,Wet,Daylight
2022-06-29T16:28:00.000,I 95,I 95 and Hwy 80,,Rear End,2,Rain,Wet,Daylight
2022-08-03T18:33:00.000,I 95,I 95 and Hwy 80,,Rear End,2,Clear,Dry,Daylight
2021-11-11T11:06:00.000,I 95,I 95 and Hwy 80,,Rear End,2,Clear,Dry,Daylight
2022-02-18T13:18:00.000,I 95,I 95 and Hwy 80,,Sideswipe-Same Direction,2,Clear,Dry,Daylight
2022-06-08T13:00:00.000,I 95,I 95 and Hwy 80,,Not a Collision with Motor Vehicle,1,Rain,Wet,Daylight
2022-03-11T11:49:00.000,I 95,I 95 and Hwy 80,,Sideswipe-Same Direction,2,Cloudy,Dry,Daylight
2022-11-14T14:00:00.000,I 95,I 95 and Hwy 80,,Sideswipe-Same Direction,2,Clear,Dry,Daylight
2022-04-05T10:05:00.000,I 95,I 95 and Hwy 80,,Rear End,2,Clear,Dry,Daylight
2022-04-18T15:36:00.000,I 95,I 95 and Hwy 80,,Rear End,2,Clear,Dry,Daylight
2021-07-22T15:45:00.000,I 95,I 95 and Hwy 80,,Rear End,5,Clear,Dry,Daylight
2022-11-07T07:25:00.000,I 95,I 95 and Hwy 80,,Rear End,2,Clear,Dry,Dawn
2022-04-01T15:27:00.000,I 95,I 95 and Hwy 80,,Angle Crash,2,Clear,Dry,Daylight
2022-11-16T10:30:00.000,I 95,I 95 and Hwy 80,,Sideswipe-Same Direction,2,Cloudy,Dry,Daylight
2022-09-11T13:58:00.000,I 95,I 95 and Hwy 80,,Sideswipe-Same Direction,2,Clear,Dry,Daylight
2022-07-16T14:44:00.000,I 95,I 95 and Hwy 80,,Rear End,2,Clear,Dry,Daylight
2022-07-10T11:52:00.000,I 95,I 95 and Hwy 80,,Rear End,2,Clear,Dry,Daylight
2022-10-19T07:59:00.000,I 95,I 95 and Hwy 80,,Rear End,2,Clear,Dry,Daylight
2022-12-04T14:29:00.000,I 95,I 95 and Hwy 80,,Sideswipe-Same Direction,2,Clear,Dry,Daylight
2022-10-06T17:40:00.000,I 95,I 95 and Hwy 80,,Rear End,2,Clear,Dry,Daylight
2022-03-01T16:57:00.000,I 95,I 95 and Hwy 80,,Sideswipe-Same Direction,2,Clear,Dry,Daylight
2022-03-15T16:35:00.000,I 95,I 95 and Hwy 80,,Rear End,2,Clear,Dry,Daylight
2022-02-04T17:01:00.000,I 95,I 95 and Hwy 80,,Rear End,2,Clear,Wet,Daylight
2022-07-08T18:37:00.000,I 95,I 95 and Hwy 80,,Rear End,2,Cloudy,Wet,Daylight
2022-11-18T12:14:00.000,I 95,I 95 and Hwy 80,,Rear End,2,Clear,Dry,Daylight
2022-01-18T18:23:00.000,I 95,I 95 and Hwy 80,,Rear End,2,Clear,Dry,Dark-Lighted
2022-06-08T17:45:00.000,I 95,I 95 and Hwy 80,,Rear End,2,Clear,Dry,Daylight
2022-08-11T06:49:00.000,I 95,I 95 and Hwy 80,,Rear End,2,Clear,Dry,Daylight
2022-08-30T05:00:00.000,I 95,I 95 and Hwy 80,,Not a Collision with Motor Vehicle,1,Cloudy,Wet,Dark-Lighted
2022-03-09T16:30:00.000,I 95,I 95 and Hwy 80,,Rear End,2,Cloudy,Dry,Daylight
2022-01-08T05:45:00.000,I 95,I 95 and Hwy 80,,Angle Crash,2,Clear,Dry,Dark-Not Lighted
2022-10-29T19:40:00.000,I 95,I 95 and Hwy 80,,Sideswipe-Same Direction,2,Clear,Dry,Dark-Lighted
2022-12-22T07:02:00.000,I 95,I 95 and Hwy 80,,Sideswipe-Same Direction,2,Rain,Wet,Dawn
2022-03-17T18:16:00.000,I 95,I 95 and Hwy 80,,Rear End,2,Clear,Dry,Daylight
2022-09-29T06:38:00.000,I 95,I 95 and Hwy 80,,Rear End,3,Cloudy,Dry,Dark-Not Lighted
2022-06-05T10:19:00.000,I 95,I 95 and Hwy 80,,Rear End,2,Cloudy,Dry,Daylight
2022-04-04T18:04:00.000,I 95,I 95 and Hwy 80,,Rear End,2,Clear,Dry,Daylight
2022-07-30T12:44:00.000,I 95,I 95 and Hwy 80,,Rear End,2,Rain,Wet,Daylight
2022-11-22T07:52:00.000,I 95,I 95 and Hwy 80,,Rear End,2,Clear,Dry,Daylight
2022-06-25T20:02:00.000,I 95,I 95 and Hwy 80,,Rear End,2,Clear,Dry,Daylight
2022-02-23T16:47:00.000,I 95,I 95 and Hwy 80,,Rear End,3,Clear,Dry,Daylight
2024-11-20T13:43:00.000,I 95,I 95 and Hwy 80,,Sideswipe-Same Direction,2,Cloudy,Dry,Daylight
2024-03-22T15:34:00.000,I 95,I 95 and Hwy 80,,Rear End,2,Rain,Wet,Daylight
2024-03-04T17:10:00.000,I 95,I 95 and Hwy 80,,Not a Collision with Motor Vehicle,2,Clear,Dry,Daylight
2024-01-16T15:43:00.000,I 95,I 95 and Hwy 80,,Rear End,2,Cloudy,Dry,(None)
2024-08-17T13:30:00.000,I 95,I 95 and Hwy 80,,Rear End,2,Clear,Dry,Daylight
2024-09-23T16:20:00.000,I 95,I 95 and Hwy 80,,Not a Collision with Motor Vehicle,1,Clear,Dry,Daylight
2024-05-21T14:13:00.000,I 95,I 95 and Hwy 80,,Not a Collision with Motor Vehicle,2,Clear,Dry,Daylight
2024-12-16T15:45:00.000,I 95,I 95 and Hwy 80,,Rear End,3,Clear,Dry,Daylight