Date and Time,Roadway (From Crash Report),Intersection Name (from Crash Report),KABCO Severity,Manner of Collision (Crash Level) ,# of Vehicles per crash ,Weather Conditions (Crash Level),Surface Condition (Crash Level) ,Light Conditions (Crash Level)
2024-03-29T15:04:00.000,I 95,I 95 and Hwy 80,,Rear End,2,Clear,Dry,Daylight
2024-05-14T06:20:00.000,I 95,I 95 and Hwy 80,,Sideswipe-Same Direction,2,Cloudy,Dry,Daylight
2024-09-07T10:27:00.000,I 95,I 95 and Hwy 80,,Not a Collision with Motor Vehicle,1,Rain,Wet,Daylight
2024-06-21T19:57:00.000,I 95,I 95 and Hwy 80,,Not a Collision with Motor Vehicle,1,Cloudy,Wet,Daylight
2024-01-10T13:55:00.000,I 95,I 95 and Hwy 80,,Angle Crash,2,Clear,Dry,Daylight
2023-07-31T07:30:00.000,I 95,I 95 and Hwy 80,,Rear End,2,Clear,Dry,Daylight
2023-04-16T18:18:00.000,I 95,I 95 and Hwy 80,,Sideswipe-Same Direction,2,Clear,Dry,Daylight
2024-10-21T18:21:00.000,I 95,I 95 and Hwy 80,,Rear End,2,Clear,Dry,Daylight
2024-07-09T16:50:00.000,I 95,I 95 and Hwy 80,,Rear End,2,Clear,Dry,Daylight
2024-07-16T11:22:00.000,I 95,I 95 and Hwy 80,,Sideswipe-Same Direction,2,Clear,Dry,Daylight
2023-06-18T17:40:00.000,I 95,I 95 and Hwy 80,,Rear End,2,Clear,Dry,Daylight
2023-05-24T15:50:00.000,I 95,I 95 and Hwy 80,,Sideswipe-Same Direction,2,Clear,Dry,Daylight
2023-08-16T22:54:00.000,I 95,I 95 and Hwy 80,,Rear End,2,Clear,Dry,Dark-Lighted
2023-08-23T19:15:00.000,I 95,I 95 and Hwy 80,,Not a Collision with Motor Vehicle,1,Clear,Dry,Daylight
2023-12-18T07:25:00.000,I 95,I 95 and Hwy 80,,Rear End,2,Clear,Dry,Daylight
2023-07-31T09:00:00.000,I 95,I 95 and Hwy 80,,Rear End,2,Clear,Dry,Daylight
2023-11-06T10:28:00.000,I 95,I 95 and Hwy 80,,Rear End,2,Clear,Dry,Daylight
2023-08-14T16:48:00.000,I 95,I 95 and Hwy 80,,Rear End,2,Clear,Dry,Daylight
2023-12-24T16:35:00.000,I 95,I 95 and Hwy 80,,Not a Collision with Motor Vehicle,1,Clear,Dry,Daylight
2023-03-20T06:55:00.000,I 95,I 95 and Hwy 80,,Not a Collision with Motor Vehicle,1,Clear,Dry,Daylight
2023-12-22T15:20:00.000,I 95,I 95 and Hwy 80,,Angle Crash,2,Clear,Dry,Daylight
2023-09-29T10:35:00.000,I 95,I 95 and Hwy 80,,Rear End,2,Clear,Dry,Daylight
2023-10-16T07:45:00.000,I 95,I 95 and Hwy 80,,Not a Collision with Motor Vehicle,1,Cloudy,Dry,Daylight
2024-12-01T10:23:00.000,I 95,I 95 and Hwy 80,,Sideswipe-Same Direction,2,Clear,Dry,Daylight
2024-01-26T07:32:00.000,I 95,I 95 and Hwy 80,,Sideswipe-Same Direction,2,Cloudy,Wet,Daylight
2024-01-14T10:40:00.000,I 95,I 95 and Hwy 80,,Rear End,2,Clear,Dry,Daylight
2024-10-29T09:18:00.000,I 95,I 95 and Hwy 80,,Rear End,2,Cloudy,Dry,Daylight
2024-08-02T12:37:00.000,I 95,I 95 and Hwy 80,,Sideswipe-Same Direction,2,Cloudy,Dry,Daylight
2024-10-06T13:37:00.000,I 95,I 95 and Hwy 80,,Rear End,2,Cloudy,Dry,Daylight
2024-10-25T11:57:00.000,I 95,I 95 and Hwy 80,,Not a Collision with Motor Vehicle,1,Clear,Dry,Daylight
2024-11-27T16:10:00.000,I 95,I 95 and Hwy 80,,Rear End,2,Clear,Dry,Daylight
2024-12-31T12:37:00.000,I 95,I 95 and Hwy 80,,Rear End,2,Clear,Dry,Daylight
2024-01-18T08:43:00.000,I 95,I 95 and Hwy 80,,Rear End,2,Clear,Dry,Daylight
2024-04-11T11:43:00.000,I 95,I 95 and Hwy 80,,Sideswipe-Same Direction,2,Clear,Dry,Daylight
2024-03-02T11:50:00.000,I 95,I 95 and Hwy 80,,Rear End,2,Cloudy,Wet,Daylight
2024-10-11T08:30:00.000,I 95,I 95 and Hwy 80,,Sideswipe-Same Direction,2,Clear,Dry,Daylight
2024-11-26T16:44:00.000,I 95,I 95 and Hwy 80,,Rear End,2,Cloudy,Wet,Dusk
2024-07-15T15:00:00.000,I 95,I 95 and Hwy 80,,Not a Collision with Motor Vehicle,1,Clear,Dry,Daylight
2024-03-09T16:28:00.000,I 95,I 95 and Hwy 80,,Sideswipe-Same Direction,2,Clear,Dry,Daylight
2024-01-24T10:11:00.000,I 95,I 95 and Hwy 80,,Rear End,2,Cloudy,Dry,Daylight
2024-08-30T15:20:00.000,I 95,I 95 and Hwy 80,,Rear End,2,Clear,Dry,Daylight
2024-07-17T11:28:00.000,I 95,I 95 and Hwy 80,,Rear End,2,Clear,Dry,Daylight
2024-04-17T18:05:00.000,I 95,I 95 and Hwy 80,,Not a Collision with Motor Vehicle,1,Cloudy,Dry,Daylight
2024-03-12T14:04:00.000,I 95,I 95 and Hwy 80,,Not a Collision with Motor Vehicle,2,Clear,Dry,Daylight
2024-01-04T06:36:00.000,I 95,I 95 and Hwy 80,,Not a Collision with Motor Vehicle,1,Clear,Wet,Dark-Not Lighted
2024-08-27T04:30:00.000,I 95,I 95 and Hwy 80,,Rear End,2,Clear,Dry,Dark-Not Lighted
2024-01-03T14:10:00.000,I 95,I 95 and Hwy 80,,Rear End,2,Clear,Dry,Daylight
2024-06-21T17:33:00.000,I 95,I 95 and Hwy 80,,Rear End,2,Cloudy,Wet,Daylight
2024-11-07T10:24:00.000,I 95,I 95 and Hwy 80,,Angle Crash,2,Rain,Wet,Daylight
2024-12-06T16:40:00.000,I 95,I 95 and Hwy 80,,Sideswipe-Same Direction,2,Clear,Dry,Daylight
2024-04-02T11:10:00.000,I 95,I 95 and Hwy 80,,Sideswipe-Same Direction,2,Clear,Dry,Daylight
2024-02-22T16:30:00.000,I 95,I 95 and Hwy 80,,Rear End,2,Clear,Dry,Daylight
2024-03-03T11:02:00.000,I 95,I 95 and Hwy 80,,Rear End,2,Cloudy,Dry,(None)
2024-07-15T16:07:00.000,I 95,I 95 and Hwy 80,,Angle Crash,3,Rain,Wet,Daylight
2024-07-01T15:28:00.000,I 95,I 95 and Hwy 80,,Rear End,2,Rain,Wet,Daylight
2024-06-19T07:40:00.000,I 95,I 95 and Hwy 80,,Rear End,2,Cloudy,Dry,Daylight
2024-12-06T11:52:00.000,I 95,I 95 and Hwy 80,,Angle Crash,2,Clear,Dry,Daylight
2024-11-25T15:32:00.000,I 95,I 95 and Hwy 80,,Rear End,2,Clear,Dry,Daylight
2024-11-19T16:46:00.000,I 95,I 95 and Hwy 80,,Rear End,2,Clear,Dry,Daylight
2024-06-06T11:25:00.000,I 95,I 95 and Hwy 80,,Rear End,2,Clear,Dry,Daylight
2024-09-18T08:32:00.000,I 95,I 95 and Hwy 80,,Rear End,2,Clear,Dry,Daylight
2024-05-23T16:32:00.000,I 95,I 95 and Hwy 80,,Rear End,2,Clear,Dry,Daylight
2024-02-11T19:54:00.000,I 95,I 95 and Hwy 80,,Angle Crash,2,Clear,Dry,Dark-Not Lighted
2024-07-16T08:04:00.000,I 95,I 95 and Hwy 80,,Rear End,2,Clear,Dry,Daylight
2020-04-17T03:10:00.000,I 95,I 95 and Hwy 251,,Head On,2,Clear,Dry,Daylight
2021-05-16T18:14:00.000,I 95,I 95 and Hwy 251,,Rear End,2,Clear,Dry,Daylight
2021-11-23T05:54:00.000,I 95,I 95 and Hwy 21,,Sideswipe-Same Direction,2,Clear,Dry,Dark-Not Lighted
2022-09-25T07:20:00.000,I 95,I 95 and Hwy 21,,Not a Collision with Motor Vehicle,1,Clear,Dry,Daylight
2021-06-02T05:57:00.000,I 95,I 95 and Hwy 204,,Sideswipe-Same Direction,2,Clear,Dry,Dawn
2021-08-13T07:40:00.000,I 95,I 95 and Hwy 204,,Sideswipe-Same Direction,2,Clear,Dry,Daylight
2021-08-22T18:23:00.000,I 95,I 95 and Hwy 204,,Sideswipe-Same Direction,2,Rain,Wet,Daylight
2021-07-12T22:39:00.000,I 95,I 95 and Hwy 204,,Angle Crash,2,Clear,Dry,Dark-Not Lighted
2023-04-13T19:46:00.000,I 95,I 95 and Hwy 204,,Rear End,2,Cloudy,Wet,Dusk
2023-01-20T16:51:00.000,I 95,I 95 and Hwy 204,,Sideswipe-Same Direction,2,Clear,Dry,Daylight
2023-06-05T04:41:00.000,I 95,I 95 and Hwy 204,,Rear End,2,Clear,Dry,Dark-Not Lighted
2023-06-22T17:44:00.000,I 95,I 95 and Hwy 204,,Not a Collision with Motor Vehicle,1,Clear,Dry,Daylight
2023-12-20T18:20:00.000,I 95,I 95 and Hwy 204,,Angle Crash,3,Clear,Dry,Dark-Not Lighted
2022-04-10T12:51:00.000,I 95,I 95 and Hwy 204,,Not a Collision with Motor Vehicle,2,Clear,Dry,Daylight
2022-12-11T16:02:00.000,I 95,I 95 and Hwy 204,,Sideswipe-Same Direction,2,Clear,Dry,Daylight
2020-06-30T19:33:00.000,I 95,I 95 and Hwy 204,,Rear End,2,Rain,Wet,Daylight
2020-09-05T14:05:00.000,I 95,I 95 and Hwy 204,,Head On,1,Clear,Dry,Daylight
2020-01-13T20:26:00.000,I 95,I 95 and Hwy 204,,Head On,1,Clear,Dry,Dark-Not Lighted
2021-05-07T12:32:00.000,I 95,I 95 and Hwy 204,,Not a Collision with Motor Vehicle,2,Clear,Dry,Daylight
2021-04-29T15:20:00.000,I 95,I 95 and Hwy 204,,Angle Crash,1,Clear,Dry,Daylight
2021-06-04T14:11:00.000,I 95,I 95 and Hwy 204,,Angle Crash,2,Clear,Dry,Daylight
2021-01-04T16:02:00.000,I 95,I 95 and Hwy 204,,Rear End,2,Clear,Dry,Daylight
2021-08-27T05:00:00.000,I 95,I 95 and Hwy 204,,Sideswipe-Same Direction,2,Clear,Dry,Dark-Lighted
2021-11-20T15:15:00.000,I 95,I 95 and Hwy 204,,Rear End,2,Clear,Dry,Daylight
2021-10-02T05:57:00.000,I 95,I 95 and Hwy 204,,Sideswipe-Same Direction,2,Clear,Dry,Daylight
2021-12-27T22:00:00.000,I 95,I 95 and Hwy 204,,Rear End,2,Clear,Dry,Dark-Not Lighted
2021-07-05T08:52:00.000,I 95,I 95 and Hwy 204,,Rear End,2,Clear,Dry,Daylight
2022-03-11T19:57:00.000,I 95,I 95 and Hwy 204,,Sideswipe-Opposite Direction,2,Clear,Dry,Dark-Not Lighted
2022-03-13T11:33:00.000,I 95,I 95 and Hwy 204,,Rear End,2,Clear,Dry,Daylight
2022-12-12T12:54:00.000,I 95,I 95 and Hwy 204,,Rear End,2,Clear,Dry,Dark-Not Lighted
2022-02-25T16:00:00.000,I 95,I 95 and Hwy 204,,Sideswipe-Same Direction,2,Clear,Dry,(None)
2022-09-10T11:56:00.000,I 95,I 95 and Hwy 204,,Sideswipe-Same Direction,2,Cloudy,Dry,Daylight
2022-11-05T19:22:00.000,I 95,I 95 and Hwy 204,,Not a Collision with Motor Vehicle,1,Clear,Dry,Dark-Not Lighted
2022-12-12T00:54:00.000,I 95,I 95 and Hwy 204,,Rear End,2,Clear,Dry,Dark-Not Lighted
2022-02-25T18:25:00.000,I 95,I 95 and Hwy 204,,Rear End,2,Clear,Dry,Dark-Not Lighted
2022-12-16T18:33:00.000,I 95,I 95 and Hwy 204,,Rear End,2,Clear,Dry,Dark-Not Lighted
2022-01-20T23:23:00.000,I 95,I 95 and Hwy 204,,Sideswipe-Same Direction,2,Rain,Wet,Dark-Lighted
2022-03-02T16:20:00.000,I 95,I 95 and Hwy 204,,Sideswipe-Opposite Direction,2,Clear,Dry,Daylight
2022-01-20T16:58:00.000,I 95,I 95 and Hwy 204,,Rear End,2,Rain,Wet,Dusk
2022-09-15T14:09:00.000,I 95,I 95 and Hwy 204,,Sideswipe-Same Direction,2,Clear,Dry,Daylight
2023-04-17T21:13:00.000,I 95,I 95 and Hwy 204,,Not a Collision with Motor Vehicle,1,Rain,Wet,Dark-Not Lighted
2024-12-04T21:48:00.000,I 95,I 95 and Hwy 204,,Rear End,2,Clear,Dry,Dark-Lighted
2024-03-22T18:00:00.000,I 95,I 95 and Hwy 204,,Sideswipe-Same Direction,2,Rain,Wet,Daylight
2024-02-09T09:40:00.000,I 95,I 95 and Hwy 204,,Not a Collision with Motor Vehicle,2,Clear,Dry,Daylight
2024-07-26T09:28:00.000,I 95,I 95 and Hwy 204,,Not a Collision with Motor Vehicle,1,Cloudy,Dry,Daylight
2024-12-01T18:00:00.000,I 95,I 95 and Hwy 204,,Rear End,3,Clear,Dry,Dark-Not Lighted
2023-11-14T13:53:00.000,I 95,I 95 and Hwy 204,,Sideswipe-Same Direction,2,Clear,Dry,Daylight
2023-03-10T11:13:00.000,I 95,I 95 and Hwy 204,,Sideswipe-Same Direction,2,Rain,Wet,Daylight
2023-01-16T09:43:00.000,I 95,I 95 and Hwy 204,,Rear End,2,Clear,Dry,Daylight
2023-04-26T22:21:00.000,I 95,I 95 and Hwy 204,,Not a Collision with Motor Vehicle,1,Cloudy,Wet,Dark-Lighted
2023-08-27T05:10:00.000,I 95,I 95 and Hwy 204,,Not a Collision with Motor Vehicle,1,Clear,Dry,Dark-Not Lighted
2024-06-02T16:34:00.000,I 95,I 95 and Hwy 204,,Sideswipe-Same Direction,2,Clear,Dry,Daylight
2024-02-01T06:55:00.000,I 95,I 95 and Hwy 204,,Rear End,2,Clear,Dry,Daylight
2024-12-24T21:30:00.000,I 95,I 95 and Hwy 204,,Not a Collision with Motor Vehicle,1,Clear,Dry,Dark-Lighted
2024-12-01T18:30:00.000,I 95,I 95 and Hwy 204,,Sideswipe-Same Direction,2,Clear,Dry,Dark-Lighted
2024-09-11T13:35:00.000,I 95,I 95 and Hwy 204,,Sideswipe-Same Direction,2,Clear,Dry,Daylight
2024-04-01T07:30:00.000,I 95,I 95 and Hwy 204,,Not a Collision with Motor Vehicle,1,Cloudy,Dry,Daylight
2024-11-20T14:35:00.000,I 95,I 95 and Hwy 204,,Sideswipe-Same Direction,2,Cloudy,Dry,Daylight
2024-12-05T17:42:00.000,I 95,I 95 and Hwy 204,,Rear End,2,Clear,Dry,Dark-Lighted
2024-12-23T20:29:00.000,I 95,I 95 and Hwy 204,,Sideswipe-Same Direction,2,Rain,Wet,Dark-Lighted
2024-02-23T17:08:00.000,I 95,I 95 and Hwy 204,,Sideswipe-Same Direction,2,Clear,Dry,Daylight
2022-10-07T12:02:00.000,I 95,I 95 and Hwy 17  Exit 87,,Head On,1,Clear,Dry,Daylight
2021-11-05T15:40:00.000,I 95,I 95 and Hwy 17,,Not a Collision with Motor Vehicle,1,Rain,Wet,Daylight
2023-11-21T05:48:00.000,I 95,I 95 and Hwy 17,,Angle Crash,2,Rain,Wet,Dark-Not Lighted
2023-09-22T23:33:00.000,I 95,I 95 and Hwy 17,,Sideswipe-Same Direction,2,Clear,Dry,Dark-Not Lighted
2023-11-08T12:14:00.000,I 95,I 95 and Hwy 17,,Angle Crash,2,Clear,Dry,Daylight
2020-02-23T12:49:00.000,I 95,I 95 and Hwy 17,,Sideswipe-Same Direction,2,Clear,Dry,Daylight
2020-08-20T07:50:00.000,I 95,I 95 and Hwy 17,,Rear End,2,Other,Dry,Daylight
2020-11-28T13:06:00.000,I 95,I 95 and Hwy 17,,Rear End,2,Rain,Wet,Daylight
2021-12-23T02:50:00.000,I 95,I 95 and Hwy 17,,Not a Collision with Motor Vehicle,1,Clear,Dry,Dark-Not Lighted
2022-11-11T18:39:00.000,I 95,I 95 and Hwy 17,,Rear End,2,Clear,Dry,Dark-Not Lighted
2022-02-17T17:40:00.000,I 95,I 95 and Hwy 17,,Sideswipe-Same Direction,2,Clear,Dry,Dark-Not Lighted
2022-11-11T13:37:00.000,I 95,I 95 and Hwy 17,,Sideswipe-Same Direction,2,Rain,Wet,Dark-Lighted
2021-05-02T02:22:00.000,I 95,I 95 and Hwy 144,,Not a Collision with Motor Vehicle,2,Clear,Dry,Dark-Lighted
2021-10-23T21:11:00.000,I 95,I 95 and Hwy 144,,Sideswipe-Same Direction,1,Clear,Dry,Dark-Not Lighted
2021-01-24T15:30:00.000,I 95,I 95 and Hwy 144,,(None),2,(None),(None),(None)
2021-05-02T02:22:00.000,I 95,I 95 and Hwy 144,,Not a Collision with Motor Vehicle,2,Clear,Dry,Dark-Lighted
2023-04-10T09:36:00.000,I 95,I 95 and Hwy 144,,Rear End,2,Clear,Dry,Daylight
2023-09-08T10:32:00.000,I 95,I 95 and Hwy 144,,(None),2,(None),(None),(None)
2023-12-11T18:31:00.000,I 95,I 95 and Hwy 144,,Rear End,4,Clear,Dry,Dark-Not Lighted
2020-03-03T17:05:00.000,I 95,I 95 and Hwy 144,,Rear End,2,Clear,Dry,Daylight
2020-08-27T17:51:00.000,I 95,I 95 and Hwy 144,,Rear End,2,Clear,Dry,Dusk
2020-02-05T10:42:00.000,I 95,I 95 and Hwy 144,,Not a Collision with Motor Vehicle,2,Cloudy,Dry,Daylight
2020-07-24T15:22:00.000,I 95,I 95 and Hwy 144,,Rear End,2,Clear,Dry,Daylight
2020-08-09T09:44:00.000,I 95,I 95 and Hwy 144,,Rear End,2,Clear,Dry,Daylight
2021-10-19T16:52:00.000,I 95,I 95 and Hwy 144,,Sideswipe-Same Direction,1,Clear,Dry,Daylight
2021-10-14T17:44:00.000,I 95,I 95 and Hwy 144,,Sideswipe-Same Direction,1,Clear,Dry,Daylight
2022-10-07T12:34:00.000,I 95,I 95 and Hwy 144,,Head On,1,Clear,Dry,Daylight
2021-07-15T15:04:00.000,I 95,I 95 and Hwy 144,,Angle Crash,2,Clear,Dry,Daylight
2022-01-16T07:21:00.000,I 95,I 95 and Hwy 144,,Not a Collision with Motor Vehicle,1,Rain,Wet,Daylight
2024-03-03T17:09:00.000,I 95,I 95 and Hwy 144,,Sideswipe-Same Direction,2,Clear,Dry,Daylight
2024-01-01T20:14:00.000,I 95,I 95 and Hwy 144,,Sideswipe-Same Direction,2,Clear,Dry,Dark-Not Lighted
2020-12-13T09:40:00.000,I 95,I 95 and Horsestamp Rd,,Not a Collision with Motor Vehicle,1,Fog,Wet,Daylight
2021-03-14T13:00:00.000,I 95,I 95 and Horsestamp Church Road Exit 2,,Not a Collision with Motor Vehicle,1,Clear,Dry,Daylight
2021-08-08T00:39:00.000,I 95,I 95 and Horsestamp Church Rd,,Rear End,2,Clear,Dry,Dark-Not Lighted
2021-02-14T12:39:00.000,I 95,I 95 and Horsestamp Church Rd,,Not a Collision with Motor Vehicle,1,Rain,Wet,Daylight
2021-08-08T00:39:00.000,I 95,I 95 and Horsestamp Church Rd,,Not a Collision with Motor Vehicle,1,Clear,Dry,Dark-Not Lighted
2021-09-07T21:28:00.000,I 95,I 95 and Horsestamp Church Rd,,Angle Crash,2,Clear,Dry,Dark-Not Lighted
2023-05-24T11:12:00.000,I 95,I 95 and Horsestamp Church Rd,,Sideswipe-Same Direction,2,Rain,Wet,Daylight
2023-12-02T06:30:00.000,I 95,I 95 and Horsestamp Church Rd,,Not a Collision with Motor Vehicle,1,Cloudy,Wet,Daylight
2023-05-26T07:44:00.000,I 95,I 95 and Horsestamp Church Rd,,Not a Collision with Motor Vehicle,1,Cloudy,Wet,Daylight
2023-10-06T16:55:00.000,I 95,I 95 and Horsestamp Church Rd,,Not a Collision with Motor Vehicle,1,Clear,Dry,Daylight
2020-08-18T09:59:00.000,I 95,I 95 and Horsestamp Church Rd,,Not a Collision with Motor Vehicle,1,Clear,Dry,Daylight
2020-09-13T10:43:00.000,I 95,I 95 and Horsestamp Church Rd,,Angle Crash,2,Cloudy,Wet,Daylight
2020-01-30T23:00:00.000,I 95,I 95 and Horsestamp Church Rd,,Rear End,2,Clear,Dry,Dark-Not Lighted
2020-09-13T09:53:00.000,I 95,I 95 and Horsestamp Church Rd,,Rear End,2,Cloudy,Wet,Daylight
2020-02-21T08:32:00.000,I 95,I 95 and Horsestamp Church Rd,,Not a Collision with Motor Vehicle,1,Clear,Dry,Daylight
2020-12-06T18:35:00.000,I 95,I 95 and Horsestamp Church Rd,,Angle Crash,2,Cloudy,Dry,Dark-Not Lighted
2021-04-07T10:23:00.000,I 95,I 95 and Horsestamp Church Rd,,Not a Collision with Motor Vehicle,1,Clear,Dry,Daylight
2021-08-08T00:39:00.000,I 95,I 95 and Horsestamp Church Rd,,Rear End,4,Clear,Dry,Dark-Not Lighted
2022-09-10T14:27:00.000,I 95,I 95 and Horsestamp Church Rd,,Sideswipe-Same Direction,2,Clear,Dry,Daylight
2022-08-01T20:42:00.000,I 95,I 95 and Horsestamp Church Rd,,Head On,3,Clear,Dry,Dark-Not Lighted
2022-02-25T11:42:00.000,I 95,I 95 and Horsestamp Church Rd,,Sideswipe-Same Direction,2,Clear,Dry,Daylight
2022-11-27T14:25:00.000,I 95,I 95 and Horsestamp Church Rd,,Rear End,2,Cloudy,Wet,Daylight
2022-01-16T12:30:00.000,I 95,I 95 and Horsestamp Church Rd,,Rear End,2,Clear,Wet,Daylight
2022-09-09T12:59:00.000,I 95,I 95 and Horsestamp Church Rd,,Sideswipe-Same Direction,2,Clear,Dry,Daylight
2022-12-02T18:35:00.000,I 95,I 95 and Horsestamp Church Rd,,Rear End,2,Clear,Dry,Dark-Not Lighted
2022-09-20T15:27:00.000,I 95,I 95 and Horsestamp Church Rd,,Not a Collision with Motor Vehicle,1,Clear,Dry,Daylight
2022-08-21T06:15:00.000,I 95,I 95 and Horsestamp Church Rd,,Not a Collision with Motor Vehicle,1,Clear,Dry,Daylight
2023-12-25T17:05:00.000,I 95,I 95 and Horsestamp Church Rd,,Sideswipe-Same Direction,2,Clear,Dry,Daylight
2024-03-16T16:45:00.000,I 95,I 95 and Horsestamp Church Rd,,Not a Collision with Motor Vehicle,1,Clear,Dry,Daylight
2024-03-03T13:50:00.000,I 95,I 95 and Horsestamp Church Rd,,Rear End,2,Rain,Wet,Daylight
2023-11-03T03:25:00.000,I 95,I 95 and Horsestamp Church Rd,,Rear End,2,Clear,Dry,Dark-Not Lighted
2023-11-21T05:29:00.000,I 95,I 95 and Horsestamp Church Rd,,Rear End,2,Rain,Wet,Dark-Not Lighted
2024-07-17T17:47:00.000,I 95,I 95 and Horsestamp Church Rd,,Not a Collision with Motor Vehicle,1,Cloudy,Wet,Daylight
2024-01-15T14:37:00.000,I 95,I 95 and Horsestamp Church Rd,,Angle Crash,2,Other,Wet,Daylight
2024-01-29T09:56:00.000,I 95,I 95 and Horsestamp Church Rd,,Sideswipe-Same Direction,2,Clear,Dry,Daylight
2024-03-04T11:02:00.000,I 95,I 95 and Horsestamp Church Rd,,Angle Crash,2,Clear,Dry,Daylight
2024-10-14T16:50:00.000,I 95,I 95 and Horsestamp Church Rd,,Sideswipe-Same Direction,2,Clear,Dry,Daylight
2021-05-14T07:26:00.000,I 95,I 95 and Horseshoe Stamp Rd,,Not a Collision with Motor Vehicle,1,Clear,Dry,Daylight
2021-05-23T08:45:00.000,I 95,I 95 and Horse Stamp Church Rd,,Sideswipe-Same Direction,2,Clear,Dry,Daylight
2021-02-16T17:30:00.000,I 95,I 95 and Horse Stamp Church Rd,,Sideswipe-Same Direction,2,Clear,Dry,Daylight
2021-06-13T14:00:00.000,I 95,I 95 and Horse Stamp Church Rd,,Sideswipe-Same Direction,2,Clear,Dry,Daylight
2021-06-09T18:54:00.000,I 95,I 95 and Horse Stamp Church Rd,,Not a Collision with Motor Vehicle,1,Rain,Wet,Daylight
2021-07-25T12:50:00.000,I 95,I 95 and Horse Stamp Church Rd,,Sideswipe-Same Direction,2,Cloudy,Dry,Daylight
2021-01-01T11:25:00.000,I 95,I 95 and Horse Stamp Church Rd,,Not a Collision with Motor Vehicle,1,Clear,Dry,Daylight
2021-02-21T11:54:00.000,I 95,I 95 and Horse Stamp Church Rd,,Sideswipe-Same Direction,2,Clear,Dry,Daylight
2021-03-20T15:50:00.000,I 95,I 95 and Horse Stamp Church Rd,,Not a Collision with Motor Vehicle,2,Cloudy,Dry,Daylight
2021-07-18T11:00:00.000,I 95,I 95 and Horse Stamp Church Rd,,Rear End,2,Clear,Dry,Daylight
2021-07-07T14:40:00.000,I 95,I 95 and Horse Stamp Church Rd,,Not a Collision with Motor Vehicle,1,Rain,Wet,Daylight
2021-03-03T06:10:00.000,I 95,I 95 and Horse Stamp Church Rd,,Sideswipe-Same Direction,2,Clear,Wet,Daylight
2023-09-21T16:55:00.000,I 95,I 95 and Horse Stamp Church Rd,,Not a Collision with Motor Vehicle,1,Cloudy,Dry,Daylight
2023-10-30T10:07:00.000,I 95,I 95 and Horse Stamp Church Rd,,Sideswipe-Same Direction,2,Cloudy,Dry,Daylight
2023-11-26T21:28:00.000,I 95,I 95 and Horse Stamp Church Rd,,Not a Collision with Motor Vehicle,1,Rain,Wet,Dark-Not Lighted
2023-11-26T21:31:00.000,I 95,I 95 and Horse Stamp Church Rd,,Rear End,3,Rain,Wet,Dark-Not Lighted
2023-04-14T12:18:00.000,I 95,I 95 and Horse Stamp Church Rd,,Sideswipe-Same Direction,3,Clear,Dry,Daylight
2023-04-14T10:38:00.000,I 95,I 95 and Horse Stamp Church Rd,,Sideswipe-Same Direction,2,Clear,Dry,Daylight
2023-04-14T10:41:00.000,I 95,I 95 and Horse Stamp Church Rd,,Sideswipe-Same Direction,2,Clear,Dry,Daylight
2022-02-25T04:45:00.000,I 95,I 95 and Horse Stamp Church Rd,,Rear End,2,Clear,Dry,Dark-Not Lighted
2022-01-25T04:43:00.000,I 95,I 95 and Horse Stamp Church Rd,,Rear End,2,Clear,Dry,Dark-Not Lighted
2022-11-30T15:24:00.000,I 95,I 95 and Horse Stamp Church Rd,,Not a Collision with Motor Vehicle,1,Cloudy,Wet,Daylight
2020-06-22T19:21:00.000,I 95,I 95 and Horse Stamp Church Rd,,Sideswipe-Same Direction,3,Cloudy,Dry,Daylight
2020-02-20T12:28:00.000,I 95,I 95 and Horse Stamp Church Rd,,Not a Collision with Motor Vehicle,1,Clear,Dry,Daylight
2020-11-18T00:00:00.000,I 95,I 95 and Horse Stamp Church Rd,,Rear End,2,Clear,Dry,Daylight
2020-02-19T13:19:00.000,I 95,I 95 and Horse Stamp Church Rd,,Sideswipe-Same Direction,1,Clear,Dry,Daylight
2020-08-05T00:50:00.000,I 95,I 95 and Horse Stamp Church Rd,,Not a Collision with Motor Vehicle,1,Clear,Wet,Dark-Not Lighted
2020-08-24T11:55:00.000,I 95,I 95 and Horse Stamp Church Rd,,Not a Collision with Motor Vehicle,1,Cloudy,Wet,Daylight
2020-07-17T13:30:00.000,I 95,I 95 and Horse Stamp Church Rd,,Sideswipe-Same Direction,2,Clear,Dry,Daylight
2020-05-18T02:31:00.000,I 95,I 95 and Horse Stamp Church Rd,,Rear End,2,Clear,Dry,Dark-Not Lighted
2021-07-07T18:39:00.000,I 95,I 95 and Horse Stamp Church Rd,,Rear End,2,Rain,Wet,Daylight
2022-02-25T17:31:00.000,I 95,I 95 and Horse Stamp Church Rd,,Rear End,2,Clear,Dry,Daylight
2022-02-25T04:43:00.000,I 95,I 95 and Horse Stamp Church Rd,,Rear End,2,Clear,Dry,Dark-Not Lighted
2022-05-15T08:38:00.000,I 95,I 95 and Horse Stamp Church Rd,,Sideswipe-Same Direction,2,Cloudy,Dry,Daylight
2021-08-31T09:29:00.000,I 95,I 95 and Horse Stamp Church Rd,,Rear End,2,Clear,Dry,Daylight
2022-05-01T22:28:00.000,I 95,I 95 and Horse Stamp Church Rd,,Not a Collision with Motor Vehicle,1,Clear,Dry,Dark-Not Lighted
2024-07-22T17:34:00.000,I 95,I 95 and Horse Stamp Church Rd,,Not a Collision with Motor Vehicle,1,Rain,Wet,Daylight