Date and Time,Roadway (From Crash Report),Intersection Name (from Crash Report),KABCO Severity,Manner of Collision (Crash Level) ,# of Vehicles per crash ,Weather Conditions (Crash Level),Surface Condition (Crash Level) ,Light Conditions (Crash Level)
2024-11-01T07:15:00.000,I 95,I 95 and Harrietts Bluff Rd,,Angle Crash,2,Clear,Wet,Daylight
2023-05-22T06:23:00.000,I 95,I 95 and Harrietts Bluff Rd,,Not a Collision with Motor Vehicle,1,Rain,Wet,Daylight
2023-02-26T12:34:00.000,I 95,I 95 and Harrietts Bluff Rd,,Sideswipe-Same Direction,2,Clear,Dry,Daylight
2023-07-25T16:16:00.000,I 95,I 95 and Harrietts Bluff Rd,,Angle Crash,3,Rain,Wet,Daylight
2023-02-27T09:40:00.000,I 95,I 95 and Harrietts Bluff Rd,,Sideswipe-Same Direction,2,Clear,Dry,Daylight
2023-09-21T00:26:00.000,I 95,I 95 and Harrietts Bluff Rd,,Rear End,2,Cloudy,Wet,Dark-Not Lighted
2023-12-27T12:03:00.000,I 95,I 95 and Harrietts Bluff Rd,,Rear End,2,Clear,Dry,Daylight
2024-11-04T19:00:00.000,I 95,I 95 and Harrietts Bluff Rd,,Angle Crash,2,Clear,Dry,Dark-Not Lighted
2024-08-08T15:46:00.000,I 95,I 95 and Harrietts Bluff Rd,,Rear End,2,Cloudy,Dry,Daylight
2024-09-18T17:52:00.000,I 95,I 95 and Harrietts Bluff Rd,,Not a Collision with Motor Vehicle,1,Rain,Wet,Daylight
2024-09-18T13:09:00.000,I 95,I 95 and Harrietts Bluff Rd,,Not a Collision with Motor Vehicle,1,Cloudy,Dry,Daylight
2020-03-23T15:02:00.000,I 95,I 95 and Harrietts Blf,,Sideswipe-Same Direction,2,Cloudy,Dry,Daylight
2022-03-21T10:36:00.000,I 95,I 95 and Harriett's Bluff Rd,,Rear End,2,Clear,Dry,Daylight
2021-05-20T07:47:00.000,I 95,I 95 and Harriets Bluff Rd,,Sideswipe-Same Direction,2,Clear,Dry,Daylight
2020-05-26T00:19:00.000,I 95,I 95 and Harriets Bluff Rd,,Rear End,2,Rain,Wet,Dark-Not Lighted
2023-12-10T19:45:00.000,I 95,I 95 and Harriets Bluff Rd,,Sideswipe-Same Direction,2,Rain,Wet,Dark-Not Lighted
2020-03-26T12:02:00.000,I 95,I 95 and Harriets Bluff Rd,,Head On,1,Clear,Dry,Daylight
2020-02-16T21:50:00.000,I 95,I 95 and Harriets Bluff Rd,,Rear End,2,Cloudy,Wet,Dark-Not Lighted
2020-09-12T18:33:00.000,I 95,I 95 and Harriets Bluff Rd,,Sideswipe-Same Direction,2,Cloudy,Wet,Daylight
2021-04-08T15:35:00.000,I 95,I 95 and Harriets Bluff Rd,,Not a Collision with Motor Vehicle,1,Clear,Dry,Daylight
2021-12-22T00:53:00.000,I 95,I 95 and Harriets Bluff Rd,,Not a Collision with Motor Vehicle,1,Rain,Wet,Dark-Not Lighted
2021-09-20T18:24:00.000,I 95,I 95 and Harriets Bluff Rd,,Not a Collision with Motor Vehicle,1,Rain,Wet,Daylight
2024-09-21T18:22:00.000,I 95,I 95 and Harriets Bluff Rd,,Sideswipe-Same Direction,2,Clear,Dry,Dusk
2020-03-18T13:45:00.000,I 95,I 95 and Harietts Bluff Rd,,Rear End,3,Clear,Dry,Daylight
2021-11-16T11:50:00.000,I 95,I 95 and Harietts Bluff Rd,,Sideswipe-Same Direction,2,Clear,Dry,Daylight
2021-03-13T21:27:00.000,I 95,I 95 and Golden Isles Pkwy,,Sideswipe-Same Direction,2,Clear,Dry,Dark-Not Lighted
2023-11-22T10:55:00.000,I 95,I 95 and Golden Isles Pkwy,,Sideswipe-Same Direction,2,Rain,Wet,Daylight
2022-06-12T17:48:00.000,I 95,I 95 and Golden Isles Pkwy,,Not a Collision with Motor Vehicle,1,Rain,Wet,Dusk
2020-12-04T14:29:00.000,I 95,I 95 and Golden Isles Pkwy,,Sideswipe-Same Direction,2,Clear,Dry,Daylight
2021-08-19T18:03:00.000,I 95,I 95 and Golden Isles Pkwy,,Not a Collision with Motor Vehicle,1,Cloudy,Wet,Daylight
2021-08-26T04:51:00.000,I 95,I 95 and Golden Isles Pkwy,,Sideswipe-Same Direction,2,Cloudy,Dry,Dark-Lighted
2022-07-09T14:40:00.000,I 95,I 95 and Golden Isles Pkwy,,Not a Collision with Motor Vehicle,1,Rain,Wet,Daylight
2024-08-11T16:16:00.000,I 95,I 95 and Golden Isles Pkwy,,Not a Collision with Motor Vehicle,1,Cloudy,Water (standing or moving),Daylight
2020-12-06T08:10:00.000,I 95,I 95 and Golden Isle Pkwy,,Angle Crash,2,Clear,Dry,Daylight
2021-08-16T00:00:00.000,I 95,I 95 and Godley Rd,,Sideswipe-Same Direction,2,Clear,Dry,Daylight
2023-07-27T08:51:00.000,I 95,I 95 and Godley Rd,,Rear End,2,Clear,Dry,Daylight
2020-08-13T07:43:00.000,I 95,I 95 and Godley Rd,,Rear End,2,Clear,Dry,Daylight
2020-05-19T04:19:00.000,I 95,I 95 and Godley Rd,,Angle Crash,2,Clear,Dry,Dark-Not Lighted
2020-01-06T08:32:00.000,I 95,I 95 and Godley Rd,,Angle Crash,2,Clear,Dry,Daylight
2021-06-08T05:50:00.000,I 95,I 95 and Godley Rd,,Rear End,2,Rain,Wet,Dark-Not Lighted
2022-08-09T20:03:00.000,I 95,I 95 and Godley Rd,,Not a Collision with Motor Vehicle,1,Clear,Dry,Dark-Lighted
2024-08-29T04:41:00.000,I 95,I 95 and Godley Rd,,Rear End,2,Clear,Dry,Dark-Lighted
2024-01-29T16:59:00.000,I 95,I 95 and Godley Rd,,Angle Crash,2,Clear,Dry,Daylight
2024-07-26T20:05:00.000,I 95,I 95 and Gibson Crk,,Not a Collision with Motor Vehicle,2,Clear,Dry,Daylight
2021-09-20T18:27:00.000,I 95,I 95 and Gerogia 520,,Angle Crash,2,Rain,Wet,Daylight
2020-12-25T04:26:00.000,I 95,I 95 and Georga 99,,Rear End,2,Clear,Dry,Dark-Not Lighted
2020-01-03T16:08:00.000,I 95,I 95 and Ga303 Over Pass,,Rear End,2,Clear,Dry,Daylight
2021-04-10T09:25:00.000,I 95,I 95 and Ga Spur 25,,Rear End,2,Clear,Dry,Daylight
2021-01-31T21:17:00.000,I 95,I 95 and Ga 99,,Sideswipe-Same Direction,2,Severe Thunderstorm or Tornadic,Wet,Dark-Not Lighted
2020-09-16T02:43:00.000,I 95,I 95 and Ga 520,,Not a Collision with Motor Vehicle,1,Rain,Wet,Dark-Not Lighted
2020-06-09T15:39:00.000,I 95,I 95 and Ga 520,,Not a Collision with Motor Vehicle,1,Rain,Wet,Daylight
2020-08-23T09:24:00.000,I 95,I 95 and Ga 27,,Not a Collision with Motor Vehicle,1,Clear,Dry,Daylight
2020-05-20T17:40:00.000,I 95,I 95 and Ga 25,,Rear End,2,Cloudy,Dry,Daylight
2023-04-29T15:39:00.000,I 95,I 95 and Ft Argyle Rd,,Sideswipe-Same Direction,2,Clear,Dry,Daylight
2022-01-23T09:47:00.000,I 95,I 95 and Ft Argyle Rd,,Angle Crash,2,Clear,Dry,Daylight
2021-07-22T17:57:00.000,I 95,I 95 and Fort Argyle Rd,,Rear End,2,Cloudy,Wet,Daylight
2021-02-06T17:00:00.000,I 95,I 95 and Fort Argyle Rd,,Rear End,2,Rain,Wet,Daylight
2023-05-04T13:43:00.000,I 95,I 95 and Fort Argyle Rd,,Rear End,2,Clear,Dry,Daylight
2020-12-04T15:51:00.000,I 95,I 95 and Fort Argyle Rd,,Rear End,2,Clear,Dry,Daylight
2020-06-22T10:20:00.000,I 95,I 95 and Fort Argyle Rd,,Sideswipe-Same Direction,2,Clear,Dry,Daylight
2020-06-19T13:30:00.000,I 95,I 95 and Fort Argyle Rd,,Not a Collision with Motor Vehicle,1,Clear,Dry,(None)
2021-05-18T13:08:00.000,I 95,I 95 and Fort Argyle Rd,,Rear End,2,Clear,Dry,Daylight
2021-04-13T15:00:00.000,I 95,I 95 and Fort Argyle Rd,,Rear End,2,Clear,Dry,Daylight
2021-04-05T18:44:00.000,I 95,I 95 and Fort Argyle Rd,,Not a Collision with Motor Vehicle,1,Clear,Dry,Daylight
2022-09-24T16:30:00.000,I 95,I 95 and Fort Argyle Rd,,Angle Crash,2,Clear,Dry,Daylight
2022-06-25T08:20:00.000,I 95,I 95 and Fort Argyle Rd,,Sideswipe-Same Direction,2,Clear,Dry,Daylight
2024-01-16T22:12:00.000,I 95,I 95 and Fort Argyle Rd,,Rear End,2,Clear,Dry,Dark-Not Lighted
2024-11-27T12:50:00.000,I 95,I 95 and Fort Argyle Rd,,Sideswipe-Same Direction,2,Clear,Dry,Daylight
2024-12-17T18:58:00.000,I 95,I 95 and Fort Argyle Rd,,Sideswipe-Same Direction,2,Clear,Dry,Dark-Not Lighted
2024-05-15T14:30:00.000,I 95,I 95 and Fort Argyle Rd,,Rear End,2,Clear,Dry,Daylight
2024-06-21T13:30:00.000,I 95,I 95 and Ford Ave  Sr144,,Head On,2,Clear,Dry,Daylight
2020-07-19T17:57:00.000,I 95,I 95 and Ford Ave,,Sideswipe-Same Direction,1,Clear,Dry,Daylight
2020-09-29T17:22:00.000,I 95,I 95 and Ford Ave,,Rear End,2,Rain,Wet,Daylight
2021-10-10T12:30:00.000,I 95,I 95 and Florida State Line,,Rear End,2,Clear,Dry,Daylight
2022-03-13T15:58:00.000,I 95,I 95 and Florida State Line,,Sideswipe-Same Direction,2,Clear,Dry,Daylight
2020-01-25T17:55:00.000,I 95,I 95 and Ext 107,,Rear End,2,Clear,Dry,Dark-Lighted
2021-09-22T18:15:00.000,I 95,I 95 and Ext 106,,Sideswipe-Same Direction,2,Rain,Water (standing or moving),Dawn
2023-09-01T17:30:00.000,I 95,I 95 and Ext 102,,Rear End,2,Clear,Dry,Daylight
2022-04-14T17:19:00.000,I 95,I 95 and Exit90,,Rear End,2,Clear,Dry,Daylight
2022-07-11T18:04:00.000,I 95,I 95 and Exit90,,Rear End,2,Rain,Wet,Daylight
2023-01-03T09:35:00.000,I 95,I 95 and Exit87,,Sideswipe-Same Direction,2,Fog,Dry,Daylight
2022-07-11T14:04:00.000,I 95,I 95 and Exit Ramp 87,,Sideswipe-Same Direction,1,Cloudy,Wet,Daylight
2020-07-28T17:15:00.000,I 95,I 95 and Exit Ramp 109,,Rear End,2,Rain,Wet,Daylight
2024-09-06T18:40:00.000,I 95,I 95 and Exit Ramp 109,,Angle Crash,2,Rain,Wet,Dusk
2021-05-28T07:05:00.000,I 95,I 95 and Exit 99,,Sideswipe-Same Direction,3,Clear,Dry,Daylight
2023-08-06T10:48:00.000,I 95,I 95 and Exit 99,,Rear End,2,Clear,Dry,Daylight
2022-02-21T14:55:00.000,I 95,I 95 and Exit 99,,Rear End,2,Clear,Dry,Daylight
2023-12-15T18:07:00.000,I 95,I 95 and Exit 94 To Hwy 204,,Rear End,2,Clear,Dry,Dark-Not Lighted
2021-08-06T16:48:00.000,I 95,I 95 and Exit 94 I95 On Rp,,Sideswipe-Same Direction,2,Cloudy,Wet,Daylight
2021-04-22T01:55:00.000,I 95,I 95 and Exit 94,,Rear End,2,Clear,Dry,Dark-Not Lighted
2021-01-31T20:01:00.000,I 95,I 95 and Exit 94,,Not a Collision with Motor Vehicle,1,Rain,Wet,Dark-Not Lighted
2021-02-16T23:20:00.000,I 95,I 95 and Exit 94,,Head On,1,Cloudy,Wet,Dark-Not Lighted
2021-01-15T17:56:00.000,I 95,I 95 and Exit 94,,Sideswipe-Same Direction,2,Clear,Wet,Dark-Not Lighted
2023-04-07T10:32:00.000,I 95,I 95 and Exit 94,,Not a Collision with Motor Vehicle,2,Clear,Dry,Daylight
2023-03-11T16:15:00.000,I 95,I 95 and Exit 94,,Rear End,2,Clear,Dry,Daylight
2023-01-30T13:54:00.000,I 95,I 95 and Exit 94,,Not a Collision with Motor Vehicle,1,Cloudy,Wet,Daylight
2023-03-11T16:30:00.000,I 95,I 95 and Exit 94,,(None),4,(None),(None),(None)
2023-06-01T17:45:00.000,I 95,I 95 and Exit 94,,(None),2,Clear,Dry,Daylight
2023-07-11T13:00:00.000,I 95,I 95 and Exit 94,,Angle Crash,2,Clear,Dry,Daylight
2022-12-08T16:10:00.000,I 95,I 95 and Exit 94,,Rear End,2,Clear,Dry,Daylight
2020-07-20T05:25:00.000,I 95,I 95 and Exit 94,,Not a Collision with Motor Vehicle,1,Clear,Dry,Dark-Not Lighted
2021-09-28T06:19:00.000,I 95,I 95 and Exit 94,,Rear End,2,Clear,Dry,Dark-Not Lighted
2022-02-25T17:30:00.000,I 95,I 95 and Exit 94,,Rear End,2,Clear,Dry,Dusk
2022-04-09T12:20:00.000,I 95,I 95 and Exit 94,,Rear End,3,Clear,Dry,Daylight
2022-04-14T09:20:00.000,I 95,I 95 and Exit 94,,Sideswipe-Same Direction,2,Clear,Dry,Daylight
2022-11-04T04:52:00.000,I 95,I 95 and Exit 94,,Head On,1,Clear,Dry,Dark-Not Lighted
2022-12-03T00:00:00.000,I 95,I 95 and Exit 94,,Rear End,2,Clear,Dry,Dark-Not Lighted
2022-05-11T18:04:00.000,I 95,I 95 and Exit 94,,Angle Crash,2,Clear,Dry,Daylight
2024-03-29T10:30:00.000,I 95,I 95 and Exit 94,,Sideswipe-Same Direction,2,Clear,Dry,Daylight
2024-03-13T05:35:00.000,I 95,I 95 and Exit 94,,Sideswipe-Same Direction,2,Clear,Dry,Dark-Lighted
2023-06-18T15:00:00.000,I 95,I 95 and Exit 94,,Not a Collision with Motor Vehicle,2,Rain,Wet,Daylight
2023-05-18T12:15:00.000,I 95,I 95 and Exit 94,,Sideswipe-Same Direction,2,Clear,Dry,Daylight
2024-08-07T19:30:00.000,I 95,I 95 and Exit 94,,Not a Collision with Motor Vehicle,1,Clear,Dry,Daylight
2024-03-10T13:45:00.000,I 95,I 95 and Exit 94,,Rear End,2,Clear,Dry,Daylight
2024-03-22T18:00:00.000,I 95,I 95 and Exit 94,,Rear End,2,Rain,Wet,Dusk
2024-12-06T23:56:00.000,I 95,I 95 and Exit 94,,Sideswipe-Same Direction,3,Clear,Dry,Dark-Not Lighted
2024-04-05T07:30:00.000,I 95,I 95 and Exit 94,,Not a Collision with Motor Vehicle,2,Clear,Dry,Daylight
2024-04-01T07:45:00.000,I 95,I 95 and Exit 94,,Rear End,2,Clear,Dry,Daylight
2024-04-01T08:45:00.000,I 95,I 95 and Exit 94,,Sideswipe-Same Direction,2,Clear,Dry,Daylight
2024-04-01T09:20:00.000,I 95,I 95 and Exit 94,,Not a Collision with Motor Vehicle,1,Clear,Dry,Daylight
2024-10-02T09:00:00.000,I 95,I 95 and Exit 94,,Sideswipe-Same Direction,2,Clear,Dry,Daylight
2024-02-28T18:13:00.000,I 95,I 95 and Exit 94,,Angle Crash,2,Clear,Dry,Daylight
2024-04-03T17:00:00.000,I 95,I 95 and Exit 94,,Sideswipe-Same Direction,2,Clear,Wet,Daylight
2020-03-14T13:35:00.000,I 95,I 95 and Exit 90 Off Rp,,Rear End,3,Clear,Dry,Daylight
2020-06-02T10:15:00.000,I 95,I 95 and Exit 90,,Rear End,3,Clear,Dry,Daylight
2020-10-12T03:00:00.000,I 95,I 95 and Exit 90,,Not a Collision with Motor Vehicle,1,Clear,Dry,Dark-Lighted
2020-10-09T22:40:00.000,I 95,I 95 and Exit 90,,Not a Collision with Motor Vehicle,1,Clear,Dry,Dark-Lighted
2022-12-23T05:43:00.000,I 95,I 95 and Exit 90,,Angle Crash,2,Cloudy,Wet,Dark-Not Lighted
2024-03-09T13:46:00.000,I 95,I 95 and Exit 90,,Sideswipe-Same Direction,2,Rain,Wet,Daylight
2023-06-06T08:00:00.000,I 95,I 95 and Exit 90,,Sideswipe-Same Direction,2,Clear,Dry,Daylight
2024-01-28T00:09:00.000,I 95,I 95 and Exit 90,,Not a Collision with Motor Vehicle,1,Clear,Dry,Dark-Not Lighted
2020-05-28T16:50:00.000,I 95,I 95 and Exit 87 Off Rp,,Sideswipe-Same Direction,2,Clear,Dry,Daylight
2021-05-12T12:43:00.000,I 95,I 95 and Exit 87 Hwy 17,,Not a Collision with Motor Vehicle,1,Cloudy,Dry,Daylight
2023-06-06T15:00:00.000,I 95,I 95 and Exit 87,,Rear End,2,Clear,Dry,Daylight
2023-03-17T10:00:00.000,I 95,I 95 and Exit 87,,Sideswipe-Same Direction,2,Clear,Dry,Daylight
2020-05-28T09:20:00.000,I 95,I 95 and Exit 87,,Sideswipe-Same Direction,2,Clear,Dry,Daylight
2020-08-20T23:00:00.000,I 95,I 95 and Exit 87,,Sideswipe-Same Direction,2,Clear,Dry,Daylight
2020-10-11T10:25:00.000,I 95,I 95 and Exit 87,,Rear End,2,Cloudy,Dry,Daylight
2021-06-14T16:03:00.000,I 95,I 95 and Exit 87,,Angle Crash,2,Clear,Dry,Daylight
2022-10-03T16:30:00.000,I 95,I 95 and Exit 87,,Rear End,3,Cloudy,Dry,Daylight
2022-03-02T13:00:00.000,I 95,I 95 and Exit 87,,Sideswipe-Same Direction,2,Clear,Dry,Daylight
2023-05-31T11:35:00.000,I 95,I 95 and Exit 87,,Sideswipe-Same Direction,2,Clear,Dry,Daylight
2023-05-01T17:00:00.000,I 95,I 95 and Exit 87,,Angle Crash,2,Clear,Dry,Daylight
2024-03-10T13:30:00.000,I 95,I 95 and Exit 87,,Rear End,2,Clear,Dry,Daylight
2023-10-17T17:36:00.000,I 95,I 95 and Exit 87,,Rear End,2,Clear,Dry,Daylight
2024-12-27T13:12:00.000,I 95,I 95 and Exit 87,,Rear End,2,Cloudy,Dry,Daylight
2023-02-06T08:22:00.000,I 95,I 95 and Exit 82,,Rear End,2,Clear,Dry,Daylight
2020-08-30T22:20:00.000,I 95,I 95 and Exit 82,,Not a Collision with Motor Vehicle,1,Clear,Dry,Dark-Lighted
2023-05-12T12:38:00.000,I 95,I 95 and Exit 82,,Angle Crash,2,Cloudy,Dry,Daylight
2024-06-01T15:00:00.000,I 95,I 95 and Exit 82,,Sideswipe-Same Direction,2,Cloudy,Dry,Daylight
2024-12-19T03:17:00.000,I 95,I 95 and Exit 82,,Angle Crash,2,Clear,Dry,Dark-Not Lighted
2023-11-04T17:02:00.000,I 95,I 95 and Exit 76 Sr38,,Not a Collision with Motor Vehicle,3,Clear,Dry,Daylight
2022-07-20T18:40:00.000,I 95,I 95 and Exit 76,,Angle Crash,2,Clear,Dry,Daylight
2021-04-19T17:35:00.000,I 95,I 95 and Exit 7 Harrietts Bluff Rd,,Rear End,2,Clear,Dry,Daylight
2022-08-22T17:55:00.000,I 95,I 95 and Exit 7,,Angle Crash,2,Rain,Wet,Daylight
2024-05-28T04:35:00.000,I 95,I 95 and Exit 67,,Sideswipe-Same Direction,2,Rain,Wet,Dark-Not Lighted
2022-06-23T10:40:00.000,I 95,I 95 and Exit 6,,Sideswipe-Same Direction,3,Clear,Dry,Daylight
2021-03-11T06:53:00.000,I 95,I 95 and Exit 58 Rp,,Not a Collision with Motor Vehicle,1,Clear,Dry,Daylight
2021-07-12T07:19:00.000,I 95,I 95 and Exit 58,,Rear End,2,Clear,Dry,Daylight
2024-03-29T18:09:00.000,I 95,I 95 and Exit 49 Sr251 Off,,Sideswipe-Same Direction,2,Clear,Dry,Daylight
2023-07-22T04:50:00.000,I 95,I 95 and Exit 42,,Rear End,2,Rain,Wet,Dark-Not Lighted
2023-05-21T20:30:00.000,I 95,I 95 and Exit 42,,Rear End,2,Clear,Dry,Dusk
2023-09-08T18:56:00.000,I 95,I 95 and Exit 42,,Sideswipe-Same Direction,2,Clear,Dry,Dusk
2024-10-26T11:40:00.000,I 95,I 95 and Exit 42,,Angle Crash,2,Clear,Dry,Daylight
2023-01-24T16:50:00.000,I 95,I 95 and Exit 38,,Rear End,2,Clear,Dry,Daylight
2022-02-04T10:37:00.000,I 95,I 95 and Exit 38,,Rear End,2,Clear,Dry,Daylight
2021-01-05T18:30:00.000,I 95,I 95 and Exit 36 A Off Rp,,Not a Collision with Motor Vehicle,1,Clear,Dry,Dark-Lighted
2022-09-12T07:44:00.000,I 95,I 95 and Exit 29 Entrance Ra,,Angle Crash,2,Cloudy,Dry,Daylight
2022-03-03T07:20:00.000,I 95,I 95 and Exit 29 Entrance Ra,,Sideswipe-Same Direction,2,Clear,Dry,Daylight
2023-02-27T15:25:00.000,I 95,I 95 and Exit 29,,Sideswipe-Same Direction,2,Clear,Dry,Daylight
2022-03-27T15:48:00.000,I 95,I 95 and Exit 29,,Rear End,2,Clear,Dry,Daylight
2024-06-03T17:27:00.000,I 95,I 95 and Exit 29,,Rear End,2,Clear,Dry,Daylight
2024-07-14T11:29:00.000,I 95,I 95 and Exit 29,,Sideswipe-Same Direction,3,Clear,Dry,Daylight
2024-03-12T18:14:00.000,I 95,I 95 and Exit 26,,Sideswipe-Same Direction,2,Clear,Dry,Daylight
2022-08-18T17:03:00.000,I 95,I 95 and Exit 22,,Sideswipe-Same Direction,2,Rain,Wet,Daylight
2022-03-22T11:26:00.000,I 95,I 95 and Exit 14,,Sideswipe-Same Direction,3,Clear,Dry,Daylight
2022-02-19T11:37:00.000,I 95,I 95 and Exit 14,,Sideswipe-Same Direction,2,Clear,Dry,Daylight
2022-12-30T15:12:00.000,I 95,I 95 and Exit 14,,Sideswipe-Same Direction,2,Clear,Dry,Daylight
2022-07-17T12:07:00.000,I 95,I 95 and Exit 14,,Sideswipe-Same Direction,2,Clear,Dry,Daylight
2020-02-29T19:40:00.000,I 95,I 95 and Exit 109 On Rp,,Angle Crash,2,Clear,Dry,Dark-Not Lighted
2020-01-30T13:30:00.000,I 95,I 95 and Exit 109 Off Rp,,Rear End,2,Clear,Dry,Daylight
2024-03-09T12:55:00.000,I 95,I 95 and Exit 109 Off Rp,,Not a Collision with Motor Vehicle,1,Clear,Dry,Daylight
2024-04-26T16:47:00.000,I 95,I 95 and Exit 109 Off Rp,,Sideswipe-Same Direction,2,Clear,Dry,Daylight
2021-07-02T15:30:00.000,I 95,I 95 and Exit 109 Exit Rp,,Sideswipe-Same Direction,2,Rain,Wet,Daylight
2020-12-14T12:27:00.000,I 95,I 95 and Exit 109,,Sideswipe-Same Direction,2,Clear,Dry,Daylight
2021-05-23T21:36:00.000,I 95,I 95 and Exit 109,,Sideswipe-Same Direction,2,Clear,Dry,Dark-Not Lighted
2021-12-01T08:00:00.000,I 95,I 95 and Exit 109,,Sideswipe-Same Direction,2,Clear,Dry,Daylight
2022-03-17T14:45:00.000,I 95,I 95 and Exit 109,,Rear End,4,Clear,Dry,Daylight
2022-04-12T16:15:00.000,I 95,I 95 and Exit 109,,Rear End,2,Clear,Dry,Daylight
2024-04-02T15:00:00.000,I 95,I 95 and Exit 109,,Sideswipe-Same Direction,2,Clear,Dry,Daylight
2024-11-21T18:25:00.000,I 95,I 95 and Exit 109,,Rear End,2,Clear,Dry,Dark-Not Lighted
2021-04-16T06:30:00.000,I 95,I 95 and Exit 106,,Sideswipe-Same Direction,2,Clear,Dry,Dawn
2020-04-17T21:25:00.000,I 95,I 95 and Exit 106,,Not a Collision with Motor Vehicle,1,Clear,Dry,Dark-Not Lighted
2022-05-30T15:03:00.000,I 95,I 95 and Exit 106,,Sideswipe-Same Direction,2,Clear,Dry,Daylight
2022-09-10T12:01:00.000,I 95,I 95 and Exit 106,,Sideswipe-Same Direction,2,Cloudy,Dry,Daylight
2024-10-31T17:20:00.000,I 95,I 95 and Exit 106,,Sideswipe-Same Direction,2,Clear,Dry,Daylight
2024-10-31T17:30:00.000,I 95,I 95 and Exit 106,,Sideswipe-Same Direction,2,Clear,Dry,Daylight
2024-05-22T04:22:00.000,I 95,I 95 and Exit 106,,Not a Collision with Motor Vehicle,1,Cloudy,Dry,Dark-Not Lighted
2024-10-31T17:27:00.000,I 95,I 95 and Exit 106,,Sideswipe-Same Direction,2,Clear,Dry,Daylight
2020-01-14T23:30:00.000,I 95,I 95 and Exit 104 Rp,,Sideswipe-Same Direction,2,Clear,Dry,Dark-Not Lighted
2023-08-27T23:29:00.000,I 95,I 95 and Exit 104 Pooler Pkwy,,Not a Collision with Motor Vehicle,1,Clear,Dry,Dark-Not Lighted
2021-09-06T16:29:00.000,I 95,I 95 and Exit 104,,Sideswipe-Same Direction,2,Clear,Dry,Daylight
2021-12-17T12:40:00.000,I 95,I 95 and Exit 104,,Rear End,2,Clear,Dry,Daylight
2022-11-16T00:35:00.000,I 95,I 95 and Exit 104,,Sideswipe-Same Direction,2,Cloudy,Wet,Dark-Not Lighted
2023-02-23T17:53:00.000,I 95,I 95 and Exit 104,,Sideswipe-Same Direction,2,Clear,Dry,Dawn
2023-04-20T12:54:00.000,I 95,I 95 and Exit 104,,Rear End,2,Clear,Dry,Daylight
2023-04-20T12:50:00.000,I 95,I 95 and Exit 104,,Sideswipe-Same Direction,2,Clear,Dry,Daylight
2024-08-16T11:30:00.000,I 95,I 95 and Exit 104,,Rear End,2,Clear,Dry,Daylight
2024-05-15T15:51:00.000,I 95,I 95 and Exit 104,,Rear End,2,Clear,Dry,Daylight
2021-12-22T19:27:00.000,I 95,I 95 and Exit 102 Hwy 80,,Sideswipe-Same Direction,2,Clear,Dry,Daylight
2023-03-14T01:11:00.000,I 95,I 95 and Exit 102,,Angle Crash,2,Clear,Dry,Dark-Not Lighted
2020-12-20T18:41:00.000,I 95,I 95 and Exit 102,,Sideswipe-Same Direction,2,Rain,Wet,Dark-Not Lighted
2022-11-15T04:35:00.000,I 95,I 95 and Exit 102,,Sideswipe-Same Direction,2,Cloudy,Dry,Dark-Not Lighted
2022-02-21T17:43:00.000,I 95,I 95 and Exit 102,,Rear End,3,Cloudy,Dry,Dusk
2022-08-17T07:02:00.000,I 95,I 95 and Exit 102,,Rear End,4,Clear,Dry,Daylight
2024-10-28T00:10:00.000,I 95,I 95 and Exit 102,,Sideswipe-Same Direction,2,Clear,Dry,Dark-Not Lighted
2021-12-19T18:29:00.000,I 95,I 95 and Exit 1 Saint Marys Rd,,Rear End,3,Cloudy,Dry,Dark-Not Lighted
2021-06-17T18:00:00.000,I 95,I 95 and Ex 105,,Rear End,2,Clear,Dry,Daylight
2021-06-30T16:00:00.000,I 95,I 95 and Ex 105,,Rear End,2,Clear,Dry,Dark-Lighted
2021-03-29T13:45:00.000,I 95,I 95 and Ex 104,,Sideswipe-Same Direction,2,Clear,Dry,Daylight
2022-11-02T08:34:00.000,I 95,I 95 and Entrance Ramp Of The I95 Nort,,Sideswipe-Same Direction,3,Clear,Dry,Daylight
2021-01-09T11:55:00.000,I 95,I 95 and Elbow Swamp Rd,,Rear End,2,Cloudy,Dry,Daylight
2024-10-05T06:55:00.000,I 95,I 95 and Effingham County Line,,Rear End,2,Cloudy,Dry,Dawn
2023-04-24T08:30:00.000,I 95,I 95 and E.Oglethorpe Hwy,,Sideswipe-Same Direction,2,Clear,Dry,Daylight
2021-10-05T01:09:00.000,I 95,I 95 and E.  Oglethorpe Hwy,,Not a Collision with Motor Vehicle,1,Clear,Dry,Dark-Lighted
2021-08-11T09:37:00.000,I 95,I 95 and E Oglethorpe Hwy,,Rear End,2,Clear,Dry,Daylight
2022-05-26T16:20:00.000,I 95,I 95 and E Oglethorpe Hwy,,(None),1,(None),(None),(None)
2024-05-06T19:25:00.000,I 95,I 95 and E 10Th St,,Sideswipe-Same Direction,2,Clear,Dry,Daylight
2020-07-17T15:49:00.000,I 95,I 95 and E  Oglethorpe,,(None),2,(None),(None),(None)
2021-02-27T16:30:00.000,I 95,I 95 and Dover Bluff Rd,,Not a Collision with Motor Vehicle,1,Clear,Dry,Daylight
2021-06-05T10:52:00.000,I 95,I 95 and Dover Bluff Rd,,Sideswipe-Same Direction,2,Clear,Dry,Daylight