Date and Time,Roadway (From Crash Report),Intersection Name (from Crash Report),KABCO Severity,Manner of Collision (Crash Level) ,# of Vehicles per crash ,Weather Conditions (Crash Level),Surface Condition (Crash Level) ,Light Conditions (Crash Level)
2021-06-05T10:52:00.000,I 95,I 95 and Dover Bluff Rd,,Sideswipe-Same Direction,2,Clear,Dry,Daylight
2021-01-11T18:50:00.000,I 95,I 95 and Dover Bluff Rd,,Angle Crash,2,Clear,Dry,Dark-Not Lighted
2023-02-03T09:21:00.000,I 95,I 95 and Dover Bluff Rd,,Not a Collision with Motor Vehicle,1,Cloudy,Dry,Daylight
2023-02-19T14:29:00.000,I 95,I 95 and Dover Bluff Rd,,Angle Crash,2,Clear,Dry,Daylight
2022-04-04T02:32:00.000,I 95,I 95 and Dover Bluff Rd,,Rear End,2,Clear,Dry,Dark-Not Lighted
2022-03-07T14:52:00.000,I 95,I 95 and Dover Bluff Rd,,Angle Crash,2,Clear,Dry,Daylight
2020-03-07T20:30:00.000,I 95,I 95 and Dover Bluff Rd,,Sideswipe-Same Direction,2,Clear,Dry,Dark-Not Lighted
2020-08-28T12:37:00.000,I 95,I 95 and Dover Bluff Rd,,Not a Collision with Motor Vehicle,1,Cloudy,Dry,Daylight
2020-12-15T07:40:00.000,I 95,I 95 and Dover Bluff Rd,,Sideswipe-Same Direction,2,Cloudy,Dry,Daylight
2020-01-21T14:50:00.000,I 95,I 95 and Dover Bluff Rd,,Not a Collision with Motor Vehicle,1,Clear,Dry,Daylight
2020-06-29T13:30:00.000,I 95,I 95 and Dover Bluff Rd,,Sideswipe-Same Direction,2,Cloudy,Dry,Daylight
2021-05-30T07:55:00.000,I 95,I 95 and Dover Bluff Rd,,Angle Crash,2,Clear,Dry,Daylight
2021-05-30T07:55:00.000,I 95,I 95 and Dover Bluff Rd,,Angle Crash,2,Clear,Dry,Daylight
2021-04-11T19:34:00.000,I 95,I 95 and Dover Bluff Rd,,Sideswipe-Same Direction,2,Clear,Dry,Daylight
2021-05-13T10:45:00.000,I 95,I 95 and Dover Bluff Rd,,Angle Crash,1,Cloudy,Dry,Daylight
2021-02-15T09:51:00.000,I 95,I 95 and Dover Bluff Rd,,Not a Collision with Motor Vehicle,2,Fog,Wet,Daylight
2021-12-07T16:22:00.000,I 95,I 95 and Dover Bluff Rd,,Not a Collision with Motor Vehicle,2,Clear,Dry,Daylight
2022-06-13T00:11:00.000,I 95,I 95 and Dover Bluff Rd,,Angle Crash,2,Clear,Dry,Dark-Not Lighted
2022-01-23T11:20:00.000,I 95,I 95 and Dover Bluff Rd,,Sideswipe-Same Direction,3,Clear,Dry,Daylight
2022-04-04T02:30:00.000,I 95,I 95 and Dover Bluff Rd,,Rear End,2,Clear,Dry,Dark-Not Lighted
2022-03-12T20:46:00.000,I 95,I 95 and Dover Bluff Rd,,Rear End,2,Clear,Dry,Dark-Not Lighted
2022-08-17T10:14:00.000,I 95,I 95 and Dover Bluff Rd,,Rear End,2,Clear,Dry,Daylight
2024-05-02T11:40:00.000,I 95,I 95 and Dover Bluff Rd,,Sideswipe-Same Direction,2,Clear,Dry,Daylight
2023-05-15T17:13:00.000,I 95,I 95 and Dover Bluff Rd,,Not a Collision with Motor Vehicle,1,Cloudy,Dry,Daylight
2023-05-21T15:17:00.000,I 95,I 95 and Dover Bluff Rd,,Sideswipe-Same Direction,2,Clear,Wet,Daylight
2023-06-01T21:24:00.000,I 95,I 95 and Dover Bluff Rd,,Not a Collision with Motor Vehicle,1,Clear,Dry,Dark-Not Lighted
2024-01-06T11:28:00.000,I 95,I 95 and Dover Bluff Rd,,Not a Collision with Motor Vehicle,1,Clear,Dry,Daylight
2024-08-16T12:39:00.000,I 95,I 95 and Dover Bluff Rd,,Sideswipe-Same Direction,2,Clear,Dry,Daylight
2024-07-07T16:33:00.000,I 95,I 95 and Dover Bluff Rd,,Angle Crash,2,Clear,Dry,Daylight
2022-02-21T18:21:00.000,I 95,I 95 and Dover Blf,,Not a Collision with Motor Vehicle,2,Clear,Dry,Dusk
2020-12-29T16:01:00.000,I 95,I 95 and Dean Forest Rd,,Not a Collision with Motor Vehicle,1,Clear,Dry,Daylight
2021-05-06T14:05:00.000,I 95,I 95 and County Road 94,,Sideswipe-Same Direction,3,Clear,Dry,Daylight
2020-11-29T17:20:00.000,I 95,I 95 and County Line,,Sideswipe-Same Direction,2,Clear,Dry,Dark-Not Lighted
2021-09-14T02:17:00.000,I 95,I 95 and County Line,,Rear End,2,Cloudy,Dry,Dark-Lighted
2021-09-06T02:58:00.000,I 95,I 95 and County Line,,Sideswipe-Same Direction,2,Cloudy,Dry,Dark-Lighted
2023-04-16T10:29:00.000,I 95,I 95 and Cottage Point Ln,,Not a Collision with Motor Vehicle,1,Clear,Dry,Daylight
2021-06-24T13:07:00.000,I 95,I 95 and Colerain Rd,,Angle Crash,2,Rain,Wet,Daylight
2021-05-30T03:00:00.000,I 95,I 95 and Colerain Rd,,Rear End,2,Clear,Dry,Dark-Not Lighted
2022-12-21T18:35:00.000,I 95,I 95 and Colerain Rd,,Head On,2,Clear,Dry,Dark-Not Lighted
2022-12-24T14:58:00.000,I 95,I 95 and Colerain Rd,,Not a Collision with Motor Vehicle,1,Clear,Dry,Daylight
2022-08-19T07:48:00.000,I 95,I 95 and Colerain Rd,,Angle Crash,2,Clear,Dry,Daylight
2022-09-09T01:46:00.000,I 95,I 95 and Colerain Rd,,Not a Collision with Motor Vehicle,4,Rain,Wet,Dark-Not Lighted
2020-03-13T14:04:00.000,I 95,I 95 and City County Line,,Rear End,2,Clear,Dry,Daylight
2024-02-10T01:56:00.000,I 95,I 95 and Churchhill Rd,,Head On,2,Clear,Dry,Dark-Not Lighted
2020-08-16T23:16:00.000,I 95,I 95 and Champney River Brg,,Not a Collision with Motor Vehicle,1,Clear,Dry,Dark-Not Lighted
2022-07-06T17:24:00.000,I 95,I 95 and Bryan Liberty Line,,Sideswipe-Same Direction,2,Clear,Dry,Daylight
2022-05-31T00:56:00.000,I 95,I 95 and Bryan County Line,,Not a Collision with Motor Vehicle,1,Clear,Dry,Dark-Not Lighted
2021-01-17T10:57:00.000,I 95,I 95 and Bryan Chatham County Line,,Angle Crash,2,Clear,Dry,Daylight
2022-08-22T03:57:00.000,I 95,I 95 and Bryan Chatham Co Line,,Sideswipe-Same Direction,2,Cloudy,Wet,Dark-Not Lighted
2022-07-11T03:13:00.000,I 95,I 95 and Blythe Island Hwy,,Angle Crash,2,Rain,Wet,Daylight
2023-09-21T18:51:00.000,I 95,I 95 and Blythe Island Hwy,,Sideswipe-Opposite Direction,2,Clear,Dry,Daylight
2023-08-20T18:50:00.000,I 95,I 95 and Blythe Island Drive Opas,,Rear End,2,Clear,Dry,Daylight
2024-03-15T16:30:00.000,I 95,I 95 and Blythe Island Drive Opas,,Not a Collision with Motor Vehicle,1,Cloudy,Dry,Daylight
2020-01-04T14:00:00.000,I 95,I 95 and Blythe Island Dr,,Not a Collision with Motor Vehicle,1,Clear,Wet,Daylight
2024-07-04T19:45:00.000,I 95,I 95 and Blythe Island Dr,,Sideswipe-Same Direction,2,Cloudy,Dry,Daylight
2021-05-12T08:20:00.000,I 95,I 95 and Blyth Island Highway Opas,,Not a Collision with Motor Vehicle,1,Cloudy,Wet,Daylight
2021-03-24T07:31:00.000,I 95,I 95 and Billyville Road Opas,,Not a Collision with Motor Vehicle,1,Clear,Dry,Daylight
2023-04-17T14:02:00.000,I 95,I 95 and Billyville Road Opas,,Not a Collision with Motor Vehicle,2,Clear,Dry,Daylight
2022-05-30T15:56:00.000,I 95,I 95 and Billyville Road Opas,,Not a Collision with Motor Vehicle,1,Clear,Dry,Daylight
2023-03-25T05:20:00.000,I 95,I 95 and Billyville Rd,,Rear End,2,Cloudy,Dry,Dark-Not Lighted
2020-03-30T12:55:00.000,I 95,I 95 and Billyville Rd,,Sideswipe-Same Direction,1,Clear,Dry,Daylight
2021-11-01T04:31:00.000,I 95,I 95 and Billyville Rd,,Rear End,2,Clear,Dry,Dark-Not Lighted
2024-03-27T19:42:00.000,I 95,I 95 and Billyville Rd,,Not a Collision with Motor Vehicle,1,Clear,Dry,Dusk
2024-03-11T19:12:00.000,I 95,I 95 and Billyville Rd,,Sideswipe-Same Direction,4,Clear,Dry,Dusk
2023-10-30T12:28:00.000,I 95,I 95 and Billeyville Road Opas,,Angle Crash,4,Clear,Dry,Daylight
2023-01-09T13:21:00.000,I 95,I 95 and Between Mm 73 And Mm 72,,Not a Collision with Motor Vehicle,1,Clear,Dry,Daylight
2021-11-20T16:04:00.000,I 95,I 95 and Bellfast Keller Rd,,Angle Crash,2,Clear,Dry,Daylight
2023-07-23T09:17:00.000,I 95,I 95 and Bellfast Keller Rd,,Not a Collision with Motor Vehicle,2,Clear,Dry,Daylight
2021-01-02T07:19:00.000,I 95,I 95 and Bellfast Keller Rd,,Rear End,2,Cloudy,Wet,Daylight
2021-11-28T15:28:00.000,I 95,I 95 and Bellfast Keller Rd,,Rear End,2,Cloudy,Dry,Daylight
2022-11-26T20:44:00.000,I 95,I 95 and Bellfast Keller Rd,,Sideswipe-Same Direction,2,Rain,Dry,Dark-Not Lighted
2021-12-11T21:13:00.000,I 95,I 95 and Bellfast Keller Rd,,Not a Collision with Motor Vehicle,1,Clear,Dry,Dark-Lighted
2023-05-09T16:57:00.000,I 95,I 95 and Bellfast Keller Rd,,Not a Collision with Motor Vehicle,1,Clear,Dry,Daylight
2022-09-20T16:06:00.000,I 95,I 95 and Belfst Keller Rd,,Sideswipe-Same Direction,2,Clear,Dry,Daylight
2022-09-20T15:21:00.000,I 95,I 95 and Belfst Keller Rd,,Sideswipe-Same Direction,2,Clear,Dry,Daylight
2021-04-11T14:55:00.000,I 95,I 95 and Belfats Keller Rd,,Not a Collision with Motor Vehicle,1,Cloudy,Dry,Daylight
2022-11-27T13:02:00.000,I 95,I 95 and Belfast-Keller,,Rear End,2,Rain,Wet,Daylight
2021-11-11T10:30:00.000,I 95,I 95 and Belfast Siding Rd,,Sideswipe-Same Direction,2,Clear,Dry,Daylight
2022-07-18T22:24:00.000,I 95,I 95 and Belfast Siding Rd,,Rear End,2,Clear,Dry,Dark-Not Lighted
2021-12-20T11:00:00.000,I 95,I 95 and Belfast Keller Rd.,,Rear End,3,Clear,Dry,Daylight
2021-01-11T15:24:00.000,I 95,I 95 and Belfast Keller Rd Exit 83,,Angle Crash,2,Clear,Dry,Daylight
2021-04-11T17:34:00.000,I 95,I 95 and Belfast Keller Rd,,Sideswipe-Same Direction,2,Cloudy,Dry,Daylight
2021-04-23T09:18:00.000,I 95,I 95 and Belfast Keller Rd,,Angle Crash,2,Clear,Dry,Daylight
2021-11-02T06:02:00.000,I 95,I 95 and Belfast Keller Rd,,Sideswipe-Same Direction,2,Clear,Dry,Dark-Not Lighted
2021-01-24T17:38:00.000,I 95,I 95 and Belfast Keller Rd,,Rear End,2,Cloudy,Dry,Dark-Lighted
2021-05-06T10:05:00.000,I 95,I 95 and Belfast Keller Rd,,Not a Collision with Motor Vehicle,1,Clear,Dry,Daylight
2021-05-01T03:00:00.000,I 95,I 95 and Belfast Keller Rd,,Not a Collision with Motor Vehicle,1,Clear,Dry,Dark-Lighted
2021-03-05T12:01:00.000,I 95,I 95 and Belfast Keller Rd,,Not a Collision with Motor Vehicle,1,Clear,Dry,Daylight
2023-04-10T16:15:00.000,I 95,I 95 and Belfast Keller Rd,,Sideswipe-Same Direction,2,Clear,Dry,Daylight
2023-08-27T19:25:00.000,I 95,I 95 and Belfast Keller Rd,,Rear End,2,Clear,Dry,Dusk
2023-11-02T16:29:00.000,I 95,I 95 and Belfast Keller Rd,,Not a Collision with Motor Vehicle,1,Clear,Dry,Daylight
2023-02-26T16:43:00.000,I 95,I 95 and Belfast Keller Rd,,Rear End,2,Clear,Dry,Daylight
2023-12-16T13:23:00.000,I 95,I 95 and Belfast Keller Rd,,Rear End,2,Cloudy,Wet,Daylight
2023-10-05T18:13:00.000,I 95,I 95 and Belfast Keller Rd,,Sideswipe-Same Direction,2,Clear,Dry,Daylight
2023-01-09T04:09:00.000,I 95,I 95 and Belfast Keller Rd,,Angle Crash,2,Clear,Dry,Dark-Not Lighted
2022-02-23T04:00:00.000,I 95,I 95 and Belfast Keller Rd,,Not a Collision with Motor Vehicle,1,Clear,Dry,Dark-Not Lighted
2022-05-08T05:57:00.000,I 95,I 95 and Belfast Keller Rd,,Not a Collision with Motor Vehicle,1,Clear,Dry,Dawn
2021-06-22T02:40:00.000,I 95,I 95 and Belfast Keller Rd,,Not a Collision with Motor Vehicle,1,Cloudy,Wet,Dark-Not Lighted
2020-07-28T12:00:00.000,I 95,I 95 and Belfast Keller Rd,,Not a Collision with Motor Vehicle,1,Clear,Dry,Daylight
2020-01-21T16:20:00.000,I 95,I 95 and Belfast Keller Rd,,Rear End,2,Cloudy,Dry,Daylight
2020-09-20T14:35:00.000,I 95,I 95 and Belfast Keller Rd,,Sideswipe-Same Direction,2,Clear,Dry,Daylight
2021-05-15T17:59:00.000,I 95,I 95 and Belfast Keller Rd,,Not a Collision with Motor Vehicle,1,Clear,Dry,Daylight
2021-04-23T07:09:00.000,I 95,I 95 and Belfast Keller Rd,,Not a Collision with Motor Vehicle,1,Clear,Dry,Daylight
2021-12-11T15:23:00.000,I 95,I 95 and Belfast Keller Rd,,Not a Collision with Motor Vehicle,1,Clear,Dry,Daylight
2021-12-27T12:15:00.000,I 95,I 95 and Belfast Keller Rd,,Rear End,2,Clear,Dry,Daylight
2022-07-28T01:45:00.000,I 95,I 95 and Belfast Keller Rd,,Sideswipe-Same Direction,2,Clear,Dry,Dark-Not Lighted
2022-04-15T14:52:00.000,I 95,I 95 and Belfast Keller Rd,,Rear End,3,Clear,Dry,Daylight
2021-11-22T13:13:00.000,I 95,I 95 and Belfast Keller Rd,,Sideswipe-Same Direction,2,Clear,Dry,Daylight
2022-07-17T14:00:00.000,I 95,I 95 and Belfast Keller Rd,,Not a Collision with Motor Vehicle,1,Rain,Wet,Daylight
2022-04-12T19:42:00.000,I 95,I 95 and Belfast Keller Rd,,Not a Collision with Motor Vehicle,1,Cloudy,Dry,Daylight
2022-02-11T07:30:00.000,I 95,I 95 and Belfast Keller Rd,,Not a Collision with Motor Vehicle,1,Clear,Dry,Daylight
2022-06-24T04:45:00.000,I 95,I 95 and Belfast Keller Rd,,Not a Collision with Motor Vehicle,1,Clear,Dry,Dark-Not Lighted
2022-01-31T08:47:00.000,I 95,I 95 and Belfast Keller Rd,,Angle Crash,2,Clear,Dry,Daylight
2022-10-09T12:25:00.000,I 95,I 95 and Belfast Keller Rd,,Rear End,3,Clear,Dry,Daylight
2022-12-27T14:16:00.000,I 95,I 95 and Belfast Keller Rd,,(None),2,(None),(None),(None)
2022-12-28T12:53:00.000,I 95,I 95 and Belfast Keller Rd,,Rear End,2,Clear,Dry,Daylight
2022-10-20T07:40:00.000,I 95,I 95 and Belfast Keller Rd,,Rear End,2,Clear,Dry,Dawn
2022-03-18T12:29:00.000,I 95,I 95 and Belfast Keller Rd,,Sideswipe-Same Direction,2,Clear,Dry,Daylight
2024-01-16T21:40:00.000,I 95,I 95 and Belfast Keller Rd,,Sideswipe-Same Direction,2,Clear,Dry,Dark-Lighted
2024-08-15T14:04:00.000,I 95,I 95 and Belfast Keller Rd,,Rear End,2,Clear,Dry,Daylight
2024-01-02T12:32:00.000,I 95,I 95 and Belfast Keller Rd,,Rear End,2,Clear,Dry,Daylight
2024-04-03T09:12:00.000,I 95,I 95 and Belfast Keller Rd,,Sideswipe-Same Direction,2,Rain,Wet,Daylight
2023-06-18T14:51:00.000,I 95,I 95 and Belfast Keller Rd,,Rear End,2,Cloudy,Dry,Daylight
2023-12-22T18:55:00.000,I 95,I 95 and Belfast Keller Rd,,Rear End,2,Clear,Dry,Dark-Not Lighted
2023-09-12T03:30:00.000,I 95,I 95 and Belfast Keller Rd,,Not a Collision with Motor Vehicle,1,Clear,Dry,Dark-Not Lighted
2023-07-10T06:34:00.000,I 95,I 95 and Belfast Keller Rd,,Rear End,2,Cloudy,Dry,Dawn
2023-12-18T04:38:00.000,I 95,I 95 and Belfast Keller Rd,,Sideswipe-Same Direction,2,Clear,Dry,Dark-Lighted
2023-04-13T15:40:00.000,I 95,I 95 and Belfast Keller Rd,,Angle Crash,3,Cloudy,Wet,Daylight
2023-10-24T07:00:00.000,I 95,I 95 and Belfast Keller Rd,,Rear End,2,Clear,Dry,Dawn
2024-08-19T12:52:00.000,I 95,I 95 and Belfast Keller Rd,,Not a Collision with Motor Vehicle,2,Cloudy,Dry,Daylight
2024-12-20T11:20:00.000,I 95,I 95 and Belfast Keller Rd,,Rear End,2,Clear,Dry,Daylight
2024-02-28T01:30:00.000,I 95,I 95 and Belfast Keller Rd,,Not a Collision with Motor Vehicle,1,Clear,Dry,Dark-Not Lighted
2024-03-07T19:11:00.000,I 95,I 95 and Belfast Keller Rd,,Not a Collision with Motor Vehicle,1,Clear,Dry,Dark-Not Lighted
2024-04-09T12:44:00.000,I 95,I 95 and Belfast Keller Rd,,Rear End,2,Cloudy,Dry,Daylight
2024-06-24T15:18:00.000,I 95,I 95 and Belfast Keller Rd,,Angle Crash,2,Clear,Dry,Daylight
2024-04-10T06:55:00.000,I 95,I 95 and Belfast Keller Rd,,Not a Collision with Motor Vehicle,1,Cloudy,Dry,Daylight
2024-03-10T13:00:00.000,I 95,I 95 and Belfast Keller Rd,,Rear End,2,Clear,Dry,Daylight
2024-04-11T15:45:00.000,I 95,I 95 and Belfast Keller Rd,,Sideswipe-Same Direction,2,Cloudy,Dry,Daylight
2024-08-14T10:13:00.000,I 95,I 95 and Belfast Keller Rd,,Rear End,2,Cloudy,Dry,Daylight
2024-02-02T02:53:00.000,I 95,I 95 and Belfast Keller Rd,,Angle Crash,2,Clear,Dry,Dark-Lighted
2024-10-03T22:43:00.000,I 95,I 95 and Belfast Keller Rd,,Sideswipe-Same Direction,2,Clear,Dry,Dark-Not Lighted
2024-06-06T13:31:00.000,I 95,I 95 and Belfast Keller Rd,,Sideswipe-Same Direction,2,Cloudy,Dry,Daylight
2024-04-01T15:54:00.000,I 95,I 95 and Belfast Keller Rd,,Sideswipe-Same Direction,2,Clear,Dry,Daylight
2024-10-03T22:43:00.000,I 95,I 95 and Belfast Keller Rd,,Sideswipe-Same Direction,2,Clear,Dry,Dark-Not Lighted
2020-01-17T20:50:00.000,I 95,I 95 and Belfast Keller Opas,,Sideswipe-Same Direction,2,Clear,Dry,Dark-Not Lighted
2021-01-27T03:07:00.000,I 95,I 95 and Belfast Keller,,Not a Collision with Motor Vehicle,1,Cloudy,Dry,Dark-Not Lighted
2023-07-12T16:00:00.000,I 95,I 95 and Belfast Keller,,Sideswipe-Same Direction,2,Rain,Wet,Daylight
2023-05-13T01:10:00.000,I 95,I 95 and Belfast Keller,,Angle Crash,2,Clear,Dry,Dark-Not Lighted
2020-01-17T20:04:00.000,I 95,I 95 and Belfast Keller,,Rear End,2,Clear,Dry,Dark-Not Lighted
2021-12-20T12:40:00.000,I 95,I 95 and Belfast Keller,,Rear End,2,Cloudy,Dry,Daylight
2022-01-28T02:20:00.000,I 95,I 95 and Belfast Keller,,Sideswipe-Same Direction,2,Cloudy,Dry,Dark-Not Lighted
2023-10-29T12:30:00.000,I 95,I 95 and Belfast Keller,,Sideswipe-Same Direction,2,Clear,Dry,Daylight
2024-08-14T08:00:00.000,I 95,I 95 and Belfast Keller,,Angle Crash,2,Clear,Dry,Daylight
2021-05-02T22:00:00.000,I 95,I 95 and Augusta Road   Hwy 21,,Not a Collision with Motor Vehicle,1,Cloudy,Dry,Dark-Not Lighted
2020-08-30T19:50:00.000,I 95,I 95 and Ardoch Road Overpass Mm 54,,Not a Collision with Motor Vehicle,1,Clear,Dry,Dusk
2023-07-21T08:00:00.000,I 95,I 95 and Ardoch Rd,,Not a Collision with Motor Vehicle,3,Clear,Dry,Daylight
2020-08-06T13:35:00.000,I 95,I 95 and Ardick Rd,,Sideswipe-Same Direction,1,Clear,Dry,Daylight
2020-02-13T06:15:00.000,I 95,I 95 and Altamaha River Brg,,Sideswipe-Same Direction,2,Clear,Dry,Dark-Not Lighted
2022-09-29T17:00:00.000,I 95,I 95 and Airways Ave.,,Rear End,2,Cloudy,Dry,Daylight
2024-02-07T16:00:00.000,I 95,I 95 and Airways Ave.,,Rear End,2,Clear,Dry,Daylight
2024-01-21T02:40:00.000,I 95,I 95 and Airways Ave.,,Rear End,2,Clear,Dry,Dark-Lighted
2021-06-30T12:45:00.000,I 95,I 95 and Airways Ave,,Rear End,2,Clear,Dry,Daylight
2020-07-07T14:23:00.000,I 95,I 95 and Airways Ave,,Sideswipe-Same Direction,2,Clear,Wet,Daylight
2020-03-07T20:17:00.000,I 95,I 95 and Airways Ave,,Sideswipe-Same Direction,2,Clear,Dry,Dark-Lighted
2020-12-18T16:43:00.000,I 95,I 95 and Airways Ave,,Rear End,2,Clear,Dry,Daylight
2020-09-15T14:55:00.000,I 95,I 95 and Airways Ave,,Rear End,2,Clear,Dry,Daylight
2021-12-22T17:00:00.000,I 95,I 95 and Airways Ave,,Rear End,2,Clear,Dry,Daylight
2022-09-27T09:01:00.000,I 95,I 95 and Airways Ave,,Sideswipe-Same Direction,2,Clear,Dry,Daylight
2022-01-18T16:20:00.000,I 95,I 95 and Airways Ave,,Rear End,2,Cloudy,Dry,Daylight
2022-06-14T00:00:00.000,I 95,I 95 and Airways Ave,,Sideswipe-Same Direction,2,Cloudy,Dry,Daylight
2022-03-31T18:25:00.000,I 95,I 95 and Airways Ave,,Sideswipe-Same Direction,2,Clear,Dry,Daylight
2022-03-28T20:00:00.000,I 95,I 95 and Airways Ave,,Rear End,2,Clear,Dry,Dark-Lighted
2022-06-28T17:00:00.000,I 95,I 95 and Airways Ave,,Rear End,2,Clear,Dry,Daylight
2022-05-25T11:40:00.000,I 95,I 95 and Airways Ave,,Rear End,2,Clear,Dry,Daylight
2022-05-29T21:33:00.000,I 95,I 95 and Airways Ave,,Sideswipe-Same Direction,2,Clear,Dry,Dark-Lighted
2022-11-25T15:35:00.000,I 95,I 95 and Airways Ave,,Rear End,2,Rain,Wet,Dawn
2022-07-15T17:02:00.000,I 95,I 95 and Airways Ave,,Rear End,2,Cloudy,Dry,Daylight
2022-03-13T12:45:00.000,I 95,I 95 and Airways Ave,,Rear End,2,Clear,Dry,Daylight
2022-08-24T14:30:00.000,I 95,I 95 and Airways Ave,,Sideswipe-Same Direction,2,Clear,Dry,Daylight
2024-12-12T18:30:00.000,I 95,I 95 and Airways Ave,,Angle Crash,2,Clear,Dry,Dark-Lighted
2024-01-21T02:21:00.000,I 95,I 95 and Airways Ave,,Rear End,2,Clear,Dry,Dark-Not Lighted
2024-10-11T07:45:00.000,I 95,I 95 and Airways Ave,,Rear End,2,Clear,Dry,Daylight
2024-09-29T12:05:00.000,I 95,I 95 and Airways Ave,,Rear End,2,Clear,Dry,Daylight
2024-05-23T13:04:00.000,I 95,I 95 and Airways Ave,,Angle Crash,2,Clear,Dry,Daylight
2024-09-27T11:15:00.000,I 95,I 95 and Airways Ave,,Rear End,2,Clear,Dry,Daylight
2023-08-05T13:58:00.000,I 95,I 95 and Airways,,Rear End,2,Clear,Dry,Daylight
2021-10-21T16:35:00.000,I 95,I 95 and Airway Ave,,Sideswipe-Same Direction,2,Clear,Dry,Daylight
2021-10-25T16:10:00.000,I 95,I 95 and Airway Ave,,Rear End,2,Cloudy,Dry,Daylight
2022-12-15T16:30:00.000,I 95,I 95 and Airway Ave,,Rear End,2,Clear,Dry,Dark-Lighted
2023-03-06T08:12:00.000,I 95,I 95 and Abercorn St.,,(None),2,(None),(None),(None)
2022-12-22T08:40:00.000,I 95,I 95 and Abercorn St.,,Rear End,2,Cloudy,Wet,Daylight
2022-08-27T22:08:00.000,I 95,I 95 and Abercorn St.,,Sideswipe-Same Direction,2,Cloudy,Wet,Dark-Not Lighted
2022-04-25T23:09:00.000,I 95,I 95 and Abercorn St.,,Sideswipe-Same Direction,2,Clear,Dry,Dark-Not Lighted
2022-04-25T23:09:00.000,I 95,I 95 and Abercorn St.,,Sideswipe-Same Direction,2,Clear,Dry,Dark-Not Lighted
2020-11-04T00:33:00.000,I 95,I 95 and Abercorn St Off Rp,,Not a Collision with Motor Vehicle,1,Clear,Dry,Dark-Not Lighted
2020-11-16T16:03:00.000,I 95,I 95 and Abercorn St,,Angle Crash,2,Clear,Dry,Daylight
2023-10-28T13:00:00.000,I 95,I 95 and Abercorn St,,Rear End,2,Clear,Dry,Daylight
2023-03-31T11:46:00.000,I 95,I 95 and Abercorn St,,Rear End,3,Clear,Dry,Daylight
2020-11-25T05:34:00.000,I 95,I 95 and Abercorn St,,Head On,2,Clear,Dry,(None)
2020-12-10T06:30:00.000,I 95,I 95 and Abercorn St,,Rear End,2,Clear,Dry,Dawn
2020-11-12T16:16:00.000,I 95,I 95 and Abercorn St,,Not a Collision with Motor Vehicle,1,Rain,Wet,Daylight
2020-06-05T09:17:00.000,I 95,I 95 and Abercorn St,,Not a Collision with Motor Vehicle,1,Clear,Dry,Daylight
2020-11-16T16:03:00.000,I 95,I 95 and Abercorn St,,Angle Crash,2,Clear,Dry,Daylight
2022-02-21T14:00:00.000,I 95,I 95 and Abercorn St,,Sideswipe-Same Direction,2,Clear,Dry,Daylight
2022-10-20T11:58:00.000,I 95,I 95 and Abercorn St,,Rear End,2,Clear,Dry,Daylight
2022-11-11T16:36:00.000,I 95,I 95 and Abercorn St,,Not a Collision with Motor Vehicle,1,Clear,Dry,Daylight
2022-07-20T02:16:00.000,I 95,I 95 and Abercorn St,,Sideswipe-Same Direction,2,Clear,Dry,Dark-Not Lighted
2024-08-20T00:50:00.000,I 95,I 95 and Abercorn St,,Not a Collision with Motor Vehicle,1,Clear,Dry,Dark-Not Lighted
2024-11-25T06:15:00.000,I 95,I 95 and Abercorn,,Angle Crash,2,Clear,Dry,Dawn
2023-07-08T10:05:00.000,I 95,I 95 and 99A Mile Marker,,Not a Collision with Motor Vehicle,1,Clear,Dry,Daylight
2023-11-19T22:21:00.000,I 95,I 95 and 99A Exit,,Not a Collision with Motor Vehicle,1,Clear,Dry,Dark-Not Lighted
2022-10-22T17:51:00.000,I 95,I 95 and 99 Mm,,Sideswipe-Same Direction,2,Clear,Dry,Daylight
2023-08-21T14:25:00.000,I 95,I 95 and 99 Mile Marker,,Sideswipe-Same Direction,2,Clear,Dry,Daylight
2023-11-13T22:05:00.000,I 95,I 95 and 99 Mile Marker,,Angle Crash,2,Clear,Dry,Dark-Lighted
2023-09-28T18:10:00.000,I 95,I 95 and 99 Mile Marker,,Rear End,2,Clear,Dry,Daylight
2024-04-24T13:00:00.000,I 95,I 95 and 99 Mile Marker,,Sideswipe-Same Direction,2,Clear,Dry,Daylight
2024-05-05T04:20:00.000,I 95,I 95 and 99 Mile Marker,,Not a Collision with Motor Vehicle,1,Clear,Dry,Dark-Not Lighted
2024-08-09T07:32:00.000,I 95,I 95 and 99 Mile Marker,,Rear End,2,Clear,Dry,Daylight
2024-11-07T04:50:00.000,I 95,I 95 and 99 Mile Marker,,Angle Crash,2,Clear,Wet,Dark-Not Lighted