Date and Time,Roadway (From Crash Report),Intersection Name (from Crash Report),KABCO Severity,Manner of Collision (Crash Level) ,# of Vehicles per crash ,Weather Conditions (Crash Level),Surface Condition (Crash Level) ,Light Conditions (Crash Level)
2024-07-22T19:00:00.000,I 95,I 95 and 99 Mile Marker,,Sideswipe-Same Direction,2,Clear,Dry,Daylight
2024-03-17T18:25:00.000,I 95,I 95 and 98 Mm,,Rear End,2,Clear,Dry,Daylight
2020-07-22T10:03:00.000,I 95,I 95 and 98 Mile Marker,,Sideswipe-Same Direction,2,Clear,Dry,Daylight
2022-09-10T11:21:00.000,I 95,I 95 and 97 Mile Marker,,Sideswipe-Same Direction,2,Clear,Dry,Daylight
2024-07-22T17:54:00.000,I 95,I 95 and 96 Mile Marker,,Sideswipe-Same Direction,2,Rain,Dry,Daylight
2020-05-05T14:03:00.000,I 95,I 95 and 94 Mm,,Rear End,2,Clear,Dry,Daylight
2023-05-31T07:06:00.000,I 95,I 95 and 94 Exit Rp,,Rear End,2,Clear,Dry,Daylight
2024-12-04T21:00:00.000,I 95,I 95 and 90 Mile Marker,,Rear End,2,Clear,Dry,Dark-Lighted
2024-06-28T23:30:00.000,I 95,I 95 and 89 Mm,,Rear End,2,Clear,Dry,Dark-Lighted
2024-12-04T18:00:00.000,I 95,I 95 and 88 Mile Marker,,Rear End,3,Clear,Dry,Dark-Lighted
2023-12-15T16:00:00.000,I 95,I 95 and 87 Mm,,Rear End,2,Clear,Dry,Daylight
2024-09-07T06:35:00.000,I 95,I 95 and 87 Mm,,Sideswipe-Same Direction,2,Rain,Wet,Dawn
2023-11-17T20:00:00.000,I 95,I 95 and 87 Mm,,Not a Collision with Motor Vehicle,2,Clear,Dry,Dark-Lighted
2024-03-28T04:28:00.000,I 95,I 95 and 87 Mm,,Rear End,2,Rain,Wet,Dark-Lighted
2021-01-02T18:38:00.000,I 95,I 95 and 86 Mm,,Rear End,3,Other,Wet,Dark-Lighted
2020-01-08T20:55:00.000,I 95,I 95 and 79 Mm,,Not a Collision with Motor Vehicle,1,Clear,Dry,Dark-Not Lighted
2021-08-15T20:02:00.000,I 95,I 95 and 79 Mile Marker,,Not a Collision with Motor Vehicle,1,Cloudy,Wet,Dusk
2022-02-22T04:10:00.000,I 95,I 95 and 77 Mile Marker,,Not a Collision with Motor Vehicle,1,Clear,Dry,Dark-Not Lighted
2022-07-20T20:22:00.000,I 95,I 95 and 76 Mile Marker,,Not a Collision with Motor Vehicle,1,Clear,Wet,Dawn
2023-06-30T06:50:00.000,I 95,I 95 and 76 Mile Marker,,Rear End,2,Clear,Dry,Daylight
2021-11-24T02:00:00.000,I 95,I 95 and 75 Mile Marker,,Rear End,2,Clear,Dry,Dark-Not Lighted
2023-05-21T16:18:00.000,I 95,I 95 and 75 Mile Marker,,Rear End,2,Cloudy,Dry,Daylight
2020-07-31T11:15:00.000,I 95,I 95 and 74 Mm,,Rear End,2,Clear,Dry,Daylight
2022-07-17T05:15:00.000,I 95,I 95 and 74 Mm,,Not a Collision with Motor Vehicle,1,Clear,Dry,Dawn
2021-11-29T15:50:00.000,I 95,I 95 and 73 Mm,,Sideswipe-Same Direction,1,Clear,Dry,Daylight
2021-09-16T11:55:00.000,I 95,I 95 and 72 Mm,,Not a Collision with Motor Vehicle,1,Rain,Wet,Daylight
2021-10-23T12:15:00.000,I 95,I 95 and 72 Mile Marker,,Not a Collision with Motor Vehicle,1,Clear,Dry,Daylight
2023-03-01T18:50:00.000,I 95,I 95 and 72 Mile Marker,,Sideswipe-Same Direction,2,Clear,Dry,Dark-Not Lighted
2023-01-09T07:03:00.000,I 95,I 95 and 72 Mile Marker,,Sideswipe-Same Direction,2,Clear,Dry,Daylight
2022-01-02T01:10:00.000,I 95,I 95 and 72 Mile Marker,,Not a Collision with Motor Vehicle,1,Clear,Dry,Dark-Not Lighted
2023-03-21T03:57:00.000,I 95,I 95 and 71 Mile Marker,,Sideswipe-Same Direction,2,Clear,Dry,Dark-Not Lighted
2023-07-25T10:30:00.000,I 95,I 95 and 71 Mile Marker,,Sideswipe-Same Direction,2,Clear,Dry,Daylight
2021-09-12T17:00:00.000,I 95,I 95 and 71 Mile Marker,,Sideswipe-Same Direction,2,Clear,Dry,Daylight
2021-12-18T10:42:00.000,I 95,I 95 and 71 Mile Marker,,Not a Collision with Motor Vehicle,1,Clear,Dry,Daylight
2022-10-07T21:38:00.000,I 95,I 95 and 71 Mile Marker,,Not a Collision with Motor Vehicle,1,Clear,Dry,Dark-Not Lighted
2024-04-19T17:25:00.000,I 95,I 95 and 71 Mile Marker,,Sideswipe-Same Direction,2,Clear,Dry,Daylight
2023-02-14T13:19:00.000,I 95,I 95 and 70 Mile Marker,,Not a Collision with Motor Vehicle,1,Clear,Dry,Daylight
2023-06-21T18:46:00.000,I 95,I 95 and 70 Mile Marker,,Sideswipe-Same Direction,2,Clear,Dry,Daylight
2022-01-19T13:37:00.000,I 95,I 95 and 69 Mile Marker,,Sideswipe-Same Direction,2,Clear,Dry,Daylight
2022-10-09T07:38:00.000,I 95,I 95 and 68 Mm,,Not a Collision with Motor Vehicle,1,Fog,Dry,Daylight
2022-03-13T15:00:00.000,I 95,I 95 and 67 Mm,,Rear End,3,Clear,Dry,Daylight
2021-08-01T11:17:00.000,I 95,I 95 and 67 Mile Marker,,Not a Collision with Motor Vehicle,1,Clear,Dry,Daylight
2023-06-13T19:06:00.000,I 95,I 95 and 67 Mile Marker,,Not a Collision with Motor Vehicle,1,Rain,Wet,Daylight
2022-06-04T15:56:00.000,I 95,I 95 and 67 Mile Marker,,Not a Collision with Motor Vehicle,2,Clear,Dry,Daylight
2022-07-17T14:04:00.000,I 95,I 95 and 204 On Ramp To I95,,Sideswipe-Same Direction,2,Cloudy,Dry,Daylight
2024-11-28T06:50:00.000,I 95,I 95 and 16 Off Rp,,Not a Collision with Motor Vehicle,1,Clear,Dry,Daylight
2024-10-15T06:40:00.000,I 95,I 95 and 112 Mile Marker,,Angle Crash,2,Clear,Dry,Dark-Not Lighted
2023-04-08T11:05:00.000,I 95,I 95 and 111Mm,,Rear End,2,Cloudy,Wet,Daylight
2023-03-24T16:28:00.000,I 95,I 95 and 111 Mm,,Rear End,3,Clear,Dry,Daylight
2020-12-18T03:40:00.000,I 95,I 95 and 111 Mm,,Rear End,2,Cloudy,Dry,Dark-Not Lighted
2023-03-04T19:00:00.000,I 95,I 95 and 111 Mm,,Sideswipe-Same Direction,2,Clear,Dry,Dark-Lighted
2023-06-30T17:04:00.000,I 95,I 95 and 111 Mm,,(None),2,Cloudy,Dry,Daylight
2024-12-01T16:54:00.000,I 95,I 95 and 111 Mm,,Sideswipe-Same Direction,2,Clear,Dry,Daylight
2024-09-25T20:37:00.000,I 95,I 95 and 111 Mm,,Angle Crash,2,Cloudy,Wet,Dark-Not Lighted
2022-06-24T16:27:00.000,I 95,I 95 and 110Mm,,Rear End,2,Cloudy,Dry,Daylight
2023-04-07T14:56:00.000,I 95,I 95 and 110Mm,,Rear End,2,Cloudy,Dry,Daylight
2024-12-01T16:42:00.000,I 95,I 95 and 110 Mm,,Rear End,2,Clear,Dry,Daylight
2022-10-16T15:40:00.000,I 95,I 95 and 110 Mile Marker,,Rear End,2,Clear,Dry,Daylight
2023-04-01T00:33:00.000,I 95,I 95 and 10Th St Exit 14,,Rear End,2,Clear,Dry,Dark-Not Lighted
2023-10-30T23:53:00.000,I 95,I 95 and 10Th St,,Rear End,2,Clear,Dry,Dark-Not Lighted
2023-06-26T15:39:00.000,I 95,I 95 and 109Mm,,Sideswipe-Same Direction,2,Clear,Dry,Daylight
2023-07-10T16:24:00.000,I 95,I 95 and 109Mm,,Rear End,3,Rain,Wet,Daylight
2022-12-02T20:34:00.000,I 95,I 95 and 109Mm,,Rear End,2,Clear,Dry,Dark-Not Lighted
2021-08-07T06:00:00.000,I 95,I 95 and 109 Mm,,Angle Crash,2,Cloudy,Wet,Dawn
2021-07-29T09:32:00.000,I 95,I 95 and 109 Mm,,Angle Crash,3,Clear,Dry,Daylight
2021-08-09T06:36:00.000,I 95,I 95 and 109 Mm,,Rear End,2,Clear,Dry,Daylight
2021-12-02T18:30:00.000,I 95,I 95 and 109 Mm,,Rear End,2,Clear,Dry,Dark-Not Lighted
2024-05-15T17:58:00.000,I 95,I 95 and 109 Mm,,Sideswipe-Same Direction,2,Clear,Dry,Daylight
2024-08-26T16:35:00.000,I 95,I 95 and 109 Mm,,Rear End,2,Cloudy,Dry,Daylight
2024-03-10T16:30:00.000,I 95,I 95 and 109 Exit Rp,,Rear End,2,Clear,Dry,Daylight
2022-06-21T17:37:00.000,I 95,I 95 and 108Mm,,Sideswipe-Same Direction,2,Cloudy,Dry,Daylight
2023-10-30T16:53:00.000,I 95,I 95 and 107Mm,,Angle Crash,3,Clear,Dry,Daylight
2022-08-02T16:48:00.000,I 95,I 95 and 107Mm,,Rear End,3,Cloudy,Dry,Daylight
2024-01-03T19:03:00.000,I 95,I 95 and 106Mm,,Sideswipe-Same Direction,2,Cloudy,Wet,Dark-Lighted
2023-03-06T16:06:00.000,I 95,I 95 and 106 Off Rp,,Rear End,2,Clear,Dry,Daylight
2021-09-19T12:06:00.000,I 95,I 95 and 106 Mm,,Sideswipe-Same Direction,2,Cloudy,Dry,Daylight
2023-08-17T17:00:00.000,I 95,I 95 and 104Mm,,Angle Crash,2,Clear,Dry,Daylight
2023-08-18T05:27:00.000,I 95,I 95 and 104 Of Rp,,Rear End,2,Clear,Dry,Dark-Lighted
2024-02-21T07:40:00.000,I 95,I 95 and 103 Mm,,Sideswipe-Same Direction,2,Clear,Dry,Daylight
2024-06-20T16:25:00.000,I 95,I 95 and 103 Mile Marker,,Rear End,2,Clear,Dry,Daylight
2024-07-13T18:10:00.000,I 95,I 95 and 102 Mile Marker,,Not a Collision with Motor Vehicle,1,Clear,Wet,Daylight
2021-04-20T09:06:00.000,I 95,I 95 and 101 Mile Marker,,Sideswipe-Same Direction,2,Cloudy,Dry,Daylight
2023-11-22T07:53:00.000,I 95,I 95 and 100 Mm,,Angle Crash,1,Rain,Wet,Daylight
2023-07-17T17:20:00.000,I 95,I 95 and 100 Mile Marker,,Rear End,2,Cloudy,Dry,Daylight
2021-07-04T19:05:00.000,I 95,I 95 and 100 Mile Marker,,Head On,1,Clear,Dry,Daylight
2023-10-21T08:00:00.000,I 95,I 95 and 100 Mile Marker,,Sideswipe-Same Direction,2,Clear,Dry,Daylight
2024-07-03T17:21:00.000,I 95,I 95 and 100 Mile Marker,,Rear End,2,Clear,Dry,Daylight
2020-09-12T20:04:00.000,I 95,I 95 and 07 Of A Mile N Of Exit 76,,Sideswipe-Same Direction,2,Clear,Dry,Dusk
2022-05-26T15:15:00.000,I 95,I 95 and 0.4 Miles N Of Hwy 80,,Rear End,2,Cloudy,Dry,Daylight
2022-10-29T06:22:00.000,I 85,I 85 and Woodcock Nlvd,,Angle Crash,2,Cloudy,Dry,Dark-Not Lighted
2021-06-11T09:40:00.000,I 85,I 85 and Woodcock Blvd,,Angle Crash,2,Cloudy,Dry,Daylight
2021-07-13T18:57:00.000,I 85,I 85 and Woodcock Blvd,,Not a Collision with Motor Vehicle,1,Clear,Dry,Daylight
2021-05-27T08:55:00.000,I 85,I 85 and Woodcock Blvd,,Sideswipe-Same Direction,2,Clear,Dry,Daylight
2020-01-23T07:55:00.000,I 85,I 85 and Woodcock Blvd,,Angle Crash,2,Cloudy,Dry,Daylight
2021-08-19T17:40:00.000,I 85,I 85 and Woodcock Blvd,,Not a Collision with Motor Vehicle,1,Cloudy,Wet,Daylight
2022-05-26T14:56:00.000,I 85,I 85 and Woodcock Blvd,,Rear End,2,Rain,Wet,Daylight
2024-09-20T22:10:00.000,I 85,I 85 and Woodcock Blvd,,Rear End,2,Clear,Dry,Dark-Not Lighted
2023-03-07T16:35:00.000,I 85,I 85 and Winder Hwy,,Rear End,3,Clear,Dry,Daylight
2021-05-14T20:46:00.000,I 85,I 85 and Willingham Dr,,Rear End,2,Clear,Dry,Dark-Not Lighted
2021-12-05T14:19:00.000,I 85,I 85 and Willingham Dr,,Angle Crash,2,Clear,Dry,Daylight
2021-08-17T10:40:00.000,I 85,I 85 and Willingham Dr,,Not a Collision with Motor Vehicle,1,Rain,Wet,Daylight
2020-09-11T06:20:00.000,I 85,I 85 and Willingham Dr,,Sideswipe-Same Direction,2,Clear,Dry,Dark-Lighted
2022-09-05T17:02:00.000,I 85,I 85 and Willingham Dr,,Rear End,2,Cloudy,Wet,Daylight
2021-12-11T14:43:00.000,I 85,I 85 and Willingham Dr,,Rear End,2,Rain,Wet,Daylight
2022-12-01T14:16:00.000,I 85,I 85 and Willingham Dr,,Rear End,2,Clear,Dry,Daylight
2023-02-27T06:40:00.000,I 85,I 85 and Willingham Dr,,Sideswipe-Same Direction,2,Cloudy,Dry,Dawn
2024-01-04T13:40:00.000,I 85,I 85 and Willingham Dr,,Rear End,2,Clear,Dry,Daylight
2024-02-24T09:06:00.000,I 85,I 85 and Willingham Dr,,Sideswipe-Same Direction,2,Clear,Dry,Daylight
2024-12-10T07:14:00.000,I 85,I 85 and Willingham Dr,,Sideswipe-Same Direction,2,Cloudy,Wet,Daylight
2024-01-27T12:09:00.000,I 85,I 85 and Willingham Dr,,Angle Crash,2,Rain,Wet,Daylight
2024-10-30T14:40:00.000,I 85,I 85 and Willingham Dr,,Not a Collision with Motor Vehicle,1,Clear,Dry,Daylight
2021-01-27T06:51:00.000,I 85,I 85 and Williams Street Opas,,Sideswipe-Same Direction,2,Rain,Wet,Daylight
2020-01-30T07:20:00.000,I 85,I 85 and Williams Street Exit,,Rear End,2,Clear,Dry,Daylight
2020-06-25T09:08:00.000,I 85,I 85 and Williams Street Exit,,Sideswipe-Same Direction,3,Cloudy,Wet,Daylight
2020-08-25T07:32:00.000,I 85,I 85 and Williams Street Exit,,Rear End,2,Cloudy,Wet,Daylight
2020-01-28T17:07:00.000,I 85,I 85 and Williams Street Entrance Rp,,Sideswipe-Same Direction,2,Clear,Dry,Daylight
2020-07-12T10:41:00.000,I 85,I 85 and Williams St Rp,,Rear End,2,Clear,Dry,Daylight
2021-07-07T07:06:00.000,I 85,I 85 and Williams St Opas,,Sideswipe-Same Direction,2,Cloudy,Wet,Daylight
2021-04-09T10:42:00.000,I 85,I 85 and Williams St Exit Rp,,Angle Crash,2,Cloudy,Dry,Daylight
2021-02-26T15:25:00.000,I 85,I 85 and Williams St Exit Rp,,Rear End,2,Cloudy,Wet,Daylight
2021-01-01T19:20:00.000,I 85,I 85 and Williams St,,Rear End,2,Cloudy,Wet,Daylight
2021-05-07T02:45:00.000,I 85,I 85 and Williams St,,Not a Collision with Motor Vehicle,1,Clear,Dry,Dark-Lighted
2021-04-13T11:41:00.000,I 85,I 85 and Williams St,,Rear End,2,Clear,Dry,Daylight
2021-03-30T11:30:00.000,I 85,I 85 and Williams St,,Angle Crash,2,Clear,Dry,Daylight
2021-04-12T13:52:00.000,I 85,I 85 and Williams St,,Sideswipe-Same Direction,2,Clear,Dry,Daylight
2021-04-12T14:30:00.000,I 85,I 85 and Williams St,,Rear End,2,Clear,Dry,Daylight
2021-06-12T21:55:00.000,I 85,I 85 and Williams St,,Rear End,2,Clear,Dry,Dusk
2021-09-16T13:20:00.000,I 85,I 85 and Williams St,,Sideswipe-Same Direction,2,Cloudy,Wet,Daylight
2021-08-17T07:10:00.000,I 85,I 85 and Williams St,,Rear End,2,Rain,Wet,Daylight
2021-03-05T07:56:00.000,I 85,I 85 and Williams St,,Rear End,2,Clear,Dry,Daylight
2021-01-01T19:20:00.000,I 85,I 85 and Williams St,,Rear End,2,Cloudy,Wet,Daylight
2021-05-18T11:55:00.000,I 85,I 85 and Williams St,,Sideswipe-Same Direction,2,Clear,Dry,Daylight
2021-09-28T16:15:00.000,I 85,I 85 and Williams St,,Rear End,2,Clear,Dry,Daylight
2021-08-24T12:11:00.000,I 85,I 85 and Williams St,,Rear End,2,Clear,Dry,Daylight
2021-07-19T09:40:00.000,I 85,I 85 and Williams St,,Angle Crash,2,Cloudy,Wet,Daylight
2021-02-15T06:00:00.000,I 85,I 85 and Williams St,,Rear End,2,Cloudy,Wet,Dark-Lighted
2021-06-12T22:40:00.000,I 85,I 85 and Williams St,,Rear End,2,Cloudy,Dry,Dark-Lighted
2021-05-12T10:45:00.000,I 85,I 85 and Williams St,,Not a Collision with Motor Vehicle,1,Rain,Wet,Daylight
2021-06-12T22:59:00.000,I 85,I 85 and Williams St,,Rear End,4,Clear,Dry,Dark-Lighted
2021-02-22T06:35:00.000,I 85,I 85 and Williams St,,Rear End,3,Rain,Dry,Dark-Lighted
2021-02-11T13:40:00.000,I 85,I 85 and Williams St,,Rear End,2,Rain,Wet,Daylight
2020-01-01T18:30:00.000,I 85,I 85 and Williams St,,Sideswipe-Same Direction,2,Clear,Dry,Dark-Lighted
2020-10-11T09:52:00.000,I 85,I 85 and Williams St,,Sideswipe-Same Direction,2,Rain,Dry,Daylight
2021-02-01T08:40:00.000,I 85,I 85 and Williams St,,Sideswipe-Same Direction,2,Cloudy,Dry,Daylight
2020-07-02T16:00:00.000,I 85,I 85 and Williams St,,Sideswipe-Same Direction,2,Cloudy,Dry,Daylight
2020-04-29T18:20:00.000,I 85,I 85 and Williams St,,Not a Collision with Motor Vehicle,1,Cloudy,Wet,Daylight
2020-11-10T19:57:00.000,I 85,I 85 and Williams St,,Rear End,2,Clear,Dry,Daylight
2020-03-03T19:03:00.000,I 85,I 85 and Williams St,,Rear End,2,Cloudy,Dry,Dark-Lighted
2020-08-11T16:35:00.000,I 85,I 85 and Williams St,,Not a Collision with Motor Vehicle,1,Clear,Dry,Daylight
2020-10-29T08:30:00.000,I 85,I 85 and Williams St,,Rear End,2,Cloudy,Wet,Daylight
2020-08-26T18:32:00.000,I 85,I 85 and Williams St,,Rear End,2,Cloudy,Dry,Daylight
2020-08-24T06:17:00.000,I 85,I 85 and Williams St,,Angle Crash,2,Rain,Wet,Daylight
2020-05-25T18:40:00.000,I 85,I 85 and Williams St,,Rear End,2,Cloudy,Wet,Daylight
2020-08-26T03:10:00.000,I 85,I 85 and Williams St,,Head On,1,Clear,Wet,Dark-Lighted
2020-12-01T16:07:00.000,I 85,I 85 and Williams St,,Rear End,2,Clear,Dry,Daylight
2020-08-24T19:06:00.000,I 85,I 85 and Williams St,,Sideswipe-Same Direction,2,Rain,Wet,Daylight
2020-01-07T19:03:00.000,I 85,I 85 and Williams St,,Rear End,2,Clear,Dry,Dark-Lighted
2020-12-18T19:03:00.000,I 85,I 85 and Williams St,,Rear End,2,Clear,Dry,Dark-Lighted
2020-08-24T19:37:00.000,I 85,I 85 and Williams St,,Sideswipe-Same Direction,3,Rain,Wet,Daylight
2020-05-05T12:25:00.000,I 85,I 85 and Williams St,,Sideswipe-Same Direction,2,Clear,Dry,Daylight
2020-04-12T15:12:00.000,I 85,I 85 and Williams St,,Head On,2,Rain,Wet,Daylight
2020-11-30T07:16:00.000,I 85,I 85 and Williams St,,Angle Crash,2,Rain,Wet,Dark-Lighted
2020-07-06T23:32:00.000,I 85,I 85 and Williams St,,Angle Crash,1,Rain,Wet,Dark-Lighted
2020-05-29T13:19:00.000,I 85,I 85 and Williams St,,Rear End,3,Rain,Wet,Daylight
2020-08-22T14:24:00.000,I 85,I 85 and Williams St,,Sideswipe-Same Direction,2,Clear,Dry,Daylight
2020-08-25T19:15:00.000,I 85,I 85 and Williams St,,Not a Collision with Motor Vehicle,1,Rain,Wet,Daylight
2020-02-06T14:27:00.000,I 85,I 85 and Williams St,,Rear End,2,Rain,Wet,Daylight
2020-08-15T21:00:00.000,I 85,I 85 and Williams St,,Rear End,3,Clear,Dry,Dark-Lighted
2020-06-22T13:59:00.000,I 85,I 85 and Williams St,,Sideswipe-Same Direction,2,Clear,Dry,Daylight
2020-05-08T22:34:00.000,I 85,I 85 and Williams St,,Sideswipe-Same Direction,1,Clear,Dry,Dark-Lighted
2020-07-06T19:45:00.000,I 85,I 85 and Williams St,,Rear End,5,Rain,Wet,Daylight
2020-01-14T08:17:00.000,I 85,I 85 and Williams St,,Rear End,2,Clear,Wet,Daylight
2020-08-25T13:17:00.000,I 85,I 85 and Williams St,,Rear End,2,Rain,Wet,Daylight
2020-12-04T19:11:00.000,I 85,I 85 and Williams St,,Sideswipe-Same Direction,2,Cloudy,Wet,Dark-Lighted
2020-10-10T14:00:00.000,I 85,I 85 and Williams St,,Rear End,3,Rain,Wet,Daylight
2020-08-14T17:14:00.000,I 85,I 85 and Williams St,,Rear End,3,Clear,Wet,Daylight
2020-04-20T10:44:00.000,I 85,I 85 and Williams St,,Not a Collision with Motor Vehicle,1,Cloudy,Wet,Daylight
2020-04-29T19:50:00.000,I 85,I 85 and Williams St,,Not a Collision with Motor Vehicle,1,Rain,Wet,Daylight
2020-05-25T18:36:00.000,I 85,I 85 and Williams St,,Not a Collision with Motor Vehicle,1,Cloudy,Wet,Daylight
2020-01-16T14:59:00.000,I 85,I 85 and Williams St,,Rear End,2,Clear,Dry,Daylight
2020-03-25T06:20:00.000,I 85,I 85 and Williams St,,Sideswipe-Same Direction,2,Cloudy,Wet,Dark-Lighted
2020-04-18T04:49:00.000,I 85,I 85 and Williams St,,Sideswipe-Same Direction,2,Rain,Wet,Dark-Lighted
2020-01-07T14:44:00.000,I 85,I 85 and Williams St,,Sideswipe-Same Direction,2,Clear,Dry,Daylight
2020-11-26T05:50:00.000,I 85,I 85 and Williams St,,Angle Crash,2,Cloudy,Wet,Dark-Lighted
2020-02-11T02:45:00.000,I 85,I 85 and Williams St,,Not a Collision with Motor Vehicle,1,Rain,Wet,Dark-Lighted
2020-06-10T19:58:00.000,I 85,I 85 and Williams St,,Sideswipe-Same Direction,2,Cloudy,Wet,Daylight
2020-12-14T07:11:00.000,I 85,I 85 and Williams St,,Angle Crash,2,Rain,Wet,Dark-Lighted
2020-01-14T11:55:00.000,I 85,I 85 and Williams St,,Sideswipe-Same Direction,2,Cloudy,Wet,Daylight
2020-03-23T16:13:00.000,I 85,I 85 and Williams St,,Not a Collision with Motor Vehicle,1,Rain,Wet,Daylight
2020-08-25T09:02:00.000,I 85,I 85 and Williams St,,Rear End,2,Rain,Wet,Daylight
2020-11-26T08:40:00.000,I 85,I 85 and Williams St,,Head On,2,Cloudy,Wet,Daylight
2020-01-16T13:15:00.000,I 85,I 85 and Williams St,,Sideswipe-Same Direction,2,Clear,Dry,Daylight
2020-01-07T11:15:00.000,I 85,I 85 and Williams St,,Rear End,2,Clear,Dry,Daylight
2020-04-09T06:10:00.000,I 85,I 85 and Williams St,,Angle Crash,4,Rain,Wet,Dark-Lighted
2020-08-25T07:04:00.000,I 85,I 85 and Williams St,,Sideswipe-Same Direction,2,Rain,Wet,Daylight
2020-10-10T14:20:00.000,I 85,I 85 and Williams St,,Rear End,2,Rain,Wet,Daylight
2020-08-11T10:05:00.000,I 85,I 85 and Williams St,,Angle Crash,1,Clear,Dry,Daylight
2020-05-18T06:42:00.000,I 85,I 85 and Williams St,,Angle Crash,2,Cloudy,Wet,Dark-Lighted
2020-06-15T00:20:00.000,I 85,I 85 and Williams St,,Angle Crash,3,Rain,Wet,Dark-Lighted
2020-11-03T18:09:00.000,I 85,I 85 and Williams St,,Rear End,2,Clear,Dry,Daylight
2021-01-08T05:00:00.000,I 85,I 85 and Williams St,,Not a Collision with Motor Vehicle,1,Rain,Wet,Dark-Lighted
2021-02-18T07:56:00.000,I 85,I 85 and Williams St,,Rear End,2,Cloudy,Wet,Daylight
2021-01-17T01:03:00.000,I 85,I 85 and Williams St,,Sideswipe-Same Direction,2,Clear,Dry,Dark-Lighted
2021-01-01T19:20:00.000,I 85,I 85 and Williams St,,Rear End,2,Cloudy,Snow,Dark-Lighted
2021-01-01T19:20:00.000,I 85,I 85 and Williams St,,Rear End,2,Cloudy,Wet,Dark-Lighted
2021-01-01T19:20:00.000,I 85,I 85 and Williams St,,Angle Crash,2,Cloudy,Wet,Daylight
2021-06-21T12:14:00.000,I 85,I 85 and Williams St,,Sideswipe-Same Direction,2,Cloudy,Dry,Daylight
2021-03-31T15:30:00.000,I 85,I 85 and Williams St,,Rear End,3,Rain,Wet,Daylight
2021-03-31T11:59:00.000,I 85,I 85 and Williams St,,Angle Crash,2,Cloudy,Wet,Daylight
2021-09-02T15:42:00.000,I 85,I 85 and Williams St,,Sideswipe-Same Direction,2,Clear,Dry,Daylight
2021-08-24T11:35:00.000,I 85,I 85 and Williams St,,Rear End,3,Clear,Dry,Daylight
2021-07-19T05:59:00.000,I 85,I 85 and Williams St,,Not a Collision with Motor Vehicle,1,Cloudy,Wet,Dark-Lighted
2021-07-30T15:40:00.000,I 85,I 85 and Williams St,,Sideswipe-Same Direction,2,Clear,Dry,Daylight
2021-09-29T13:33:00.000,I 85,I 85 and Williams St,,Rear End,2,Clear,Dry,Daylight
2021-09-29T12:54:00.000,I 85,I 85 and Williams St,,Rear End,3,Clear,Dry,Daylight
2021-07-02T09:22:00.000,I 85,I 85 and Williams St,,Angle Crash,2,Rain,Wet,Daylight
2022-09-13T16:20:00.000,I 85,I 85 and Williams St,,Rear End,2,Clear,Dry,Daylight
2020-03-03T09:12:00.000,I 85,I 85 and Williams,,Rear End,2,Rain,Wet,Daylight
2020-08-24T09:21:00.000,I 85,I 85 and Williams,,Sideswipe-Same Direction,4,Rain,Wet,Daylight
2020-01-21T10:52:00.000,I 85,I 85 and Williams,,Not a Collision with Motor Vehicle,1,Clear,Dry,Daylight
2020-02-10T07:25:00.000,I 85,I 85 and Williams,,Rear End,2,Clear,Dry,Daylight
2020-09-17T11:36:00.000,I 85,I 85 and Williams,,Sideswipe-Same Direction,2,Rain,Wet,Daylight
2020-05-27T11:48:00.000,I 85,I 85 and William Street Opas,,Not a Collision with Motor Vehicle,1,Cloudy,Wet,Daylight
2021-05-04T12:43:00.000,I 85,I 85 and William Street Opas,,Rear End,2,Clear,Dry,Daylight
2021-04-05T14:46:00.000,I 85,I 85 and William Street Opas,,Rear End,2,Clear,Dry,Daylight
2021-01-11T11:15:00.000,I 85,I 85 and William Street Brg,,Rear End,2,Rain,Wet,Daylight
2021-03-11T13:33:00.000,I 85,I 85 and William St,,Rear End,2,Clear,Dry,Daylight
2020-12-04T18:12:00.000,I 85,I 85 and William St,,Sideswipe-Same Direction,3,Rain,Wet,Dark-Lighted
2021-08-17T15:40:00.000,I 85,I 85 and Wiiliams St,,Rear End,2,Cloudy,Wet,Daylight
2022-10-19T17:22:00.000,I 85,I 85 and Why 11,,Rear End,2,Clear,Dry,Daylight
2023-06-04T03:06:00.000,I 85,I 85 and Whitworth Rd Exit 177,,Not a Collision with Motor Vehicle,1,Clear,Dry,Dark-Not Lighted
2020-10-19T07:26:00.000,I 85,I 85 and Whitworth Rd,,Head On,1,Clear,Dry,Dawn
2022-03-27T17:52:00.000,I 85,I 85 and Whitworth Rd,,(None),1,(None),(None),(None)
2021-10-19T14:20:00.000,I 85,I 85 and Whitesville Rd,,Not a Collision with Motor Vehicle,1,Clear,Dry,Daylight
2021-06-19T10:45:00.000,I 85,I 85 and Whitesville Rd,,Not a Collision with Motor Vehicle,1,Rain,Wet,Daylight