Date and Time,Roadway (From Crash Report),Intersection Name (from Crash Report),KABCO Severity,Manner of Collision (Crash Level) ,# of Vehicles per crash ,Weather Conditions (Crash Level),Surface Condition (Crash Level) ,Light Conditions (Crash Level)
2024-04-02T14:07:00.000,I 85,I 85 and Whitesville Rd,,Not a Collision with Motor Vehicle,1,Clear,Dry,Daylight
2024-09-26T06:44:00.000,I 85,I 85 and Whitesville Rd,,Angle Crash,2,Rain,Wet,Dawn
2021-09-16T13:48:00.000,I 85,I 85 and Welcome Ctr,,Not a Collision with Motor Vehicle,1,Rain,Wet,Daylight
2023-11-03T10:28:00.000,I 85,I 85 and Welcome Ctr,,Rear End,2,Clear,Dry,Daylight
2021-09-16T14:00:00.000,I 85,I 85 and Welcome Ctr,,Rear End,2,Rain,Wet,Daylight
2021-09-15T12:50:00.000,I 85,I 85 and Welcome Ctr,,Rear End,2,Rain,Wet,Daylight
2024-02-03T16:17:00.000,I 85,I 85 and Weight Station  Mm22,,Angle Crash,2,Clear,Dry,Daylight
2021-02-23T07:15:00.000,I 85,I 85 and Weight Sta,,Sideswipe-Same Direction,2,Clear,Dry,Daylight
2021-07-22T15:11:00.000,I 85,I 85 and Weight Sta,,Not a Collision with Motor Vehicle,1,Rain,Wet,Daylight
2021-07-12T13:50:00.000,I 85,I 85 and Weight Sta,,Not a Collision with Motor Vehicle,1,Rain,Wet,Daylight
2021-07-05T17:15:00.000,I 85,I 85 and Weight Sta,,Sideswipe-Same Direction,2,Clear,Dry,Daylight
2023-12-31T15:09:00.000,I 85,I 85 and Weight Sta,,Rear End,2,Clear,Dry,Daylight
2023-10-11T16:00:00.000,I 85,I 85 and Weight Sta,,Angle Crash,2,Clear,Dry,Daylight
2023-01-05T13:29:00.000,I 85,I 85 and Weight Sta,,Sideswipe-Same Direction,2,Clear,Dry,Daylight
2023-04-06T05:27:00.000,I 85,I 85 and Weight Sta,,Rear End,3,Clear,Dry,Dark-Not Lighted
2024-01-22T15:30:00.000,I 85,I 85 and Weight Scales,,Rear End,2,Clear,Dry,Daylight
2021-06-14T08:10:00.000,I 85,I 85 and Weigh Station Scale,,Sideswipe-Same Direction,2,Cloudy,Dry,Daylight
2022-01-02T14:39:00.000,I 85,I 85 and Weigh Station Lagrange,,Rear End,2,Rain,Wet,Daylight
2021-06-09T17:00:00.000,I 85,I 85 and Weigh Station Build,,Not a Collision with Motor Vehicle,1,Cloudy,Dry,Daylight
2024-07-03T16:15:00.000,I 85,I 85 and Weigh Statin,,Not a Collision with Motor Vehicle,2,Cloudy,Dry,Daylight
2021-06-27T16:05:00.000,I 85,I 85 and Weigh Sta,,Rear End,2,Clear,Dry,Daylight
2021-10-22T06:26:00.000,I 85,I 85 and Weigh Sta,,Sideswipe-Same Direction,2,Cloudy,Wet,Dark-Not Lighted
2023-11-27T09:30:00.000,I 85,I 85 and Weigh Sta,,Not a Collision with Motor Vehicle,1,Cloudy,Dry,Daylight
2023-03-24T11:14:00.000,I 85,I 85 and Weigh Sta,,Rear End,2,Cloudy,Dry,Daylight
2020-07-21T14:59:00.000,I 85,I 85 and Weigh Sta,,Not a Collision with Motor Vehicle,1,Rain,Wet,Daylight
2021-05-29T09:25:00.000,I 85,I 85 and Weigh Sta,,Rear End,2,Clear,Dry,Daylight
2021-05-31T18:20:00.000,I 85,I 85 and Weigh Sta,,Rear End,3,Clear,Dry,Daylight
2021-04-26T19:18:00.000,I 85,I 85 and Weigh Sta,,Angle Crash,2,Clear,Dry,Daylight
2021-05-31T15:00:00.000,I 85,I 85 and Weigh Sta,,Rear End,3,Clear,Dry,Daylight
2021-10-22T02:06:00.000,I 85,I 85 and Weigh Sta,,Not a Collision with Motor Vehicle,1,Rain,Wet,Dark-Not Lighted
2021-11-21T02:40:00.000,I 85,I 85 and Weigh Sta,,Not a Collision with Motor Vehicle,1,Clear,Dry,Dark-Not Lighted
2022-07-01T10:40:00.000,I 85,I 85 and Weigh Sta,,Rear End,2,Clear,Dry,Daylight
2021-10-02T15:20:00.000,I 85,I 85 and Weigh Sta,,Rear End,2,Clear,Dry,Daylight
2023-01-01T23:12:00.000,I 85,I 85 and Weigh Sta,,Not a Collision with Motor Vehicle,1,Clear,Dry,Dark-Not Lighted
2021-07-12T11:38:00.000,I 85,I 85 and Webb Bartley,,Sideswipe-Same Direction,2,Cloudy,Wet,Daylight
2023-02-26T03:07:00.000,I 85,I 85 and Washington Rd,,Sideswipe-Same Direction,3,Clear,Dry,Daylight
2024-04-18T12:50:00.000,I 85,I 85 and Washington Rd,,Sideswipe-Same Direction,2,Clear,Dry,Daylight
2024-07-26T05:35:00.000,I 85,I 85 and Washington Rd,,Rear End,2,Clear,Dry,Dawn
2024-07-30T09:05:00.000,I 85,I 85 and Washington Rd,,Rear End,2,Clear,Dry,Daylight
2024-06-22T02:47:00.000,I 85,I 85 and Washington Rd,,Rear End,2,Clear,Dry,Dark-Not Lighted
2024-11-20T18:19:00.000,I 85,I 85 and Washington Rd,,Sideswipe-Same Direction,2,Clear,Dry,Dark-Lighted
2024-08-24T19:38:00.000,I 85,I 85 and Washington Rd,,Sideswipe-Same Direction,2,Clear,Dry,Daylight
2024-01-11T08:06:00.000,I 85,I 85 and Walt Sanders Rd,,Not a Collision with Motor Vehicle,1,Clear,Dry,Daylight
2021-05-03T16:23:00.000,I 85,I 85 and W Peachtree St,,Rear End,2,Rain,Wet,Daylight
2020-01-28T13:10:00.000,I 85,I 85 and W Peachtree St,,Rear End,2,Clear,Dry,Daylight
2020-09-24T16:32:00.000,I 85,I 85 and W Peachtree St,,Rear End,3,Rain,Wet,Daylight
2020-01-13T15:40:00.000,I 85,I 85 and W Peachtree St,,Sideswipe-Same Direction,2,Cloudy,Wet,Daylight
2021-06-24T13:01:00.000,I 85,I 85 and W Peachtree St,,Rear End,2,Cloudy,Dry,Daylight
2021-09-05T21:11:00.000,I 85,I 85 and Virginia Ave Rp,,Rear End,2,Clear,Dry,Dark-Lighted
2021-03-08T13:25:00.000,I 85,I 85 and Virginia Ave Rp,,Sideswipe-Same Direction,2,Clear,Dry,Daylight
2020-08-12T06:25:00.000,I 85,I 85 and Virginia Ave Brg,,Rear End,2,Clear,Dry,Dusk
2020-08-12T06:06:00.000,I 85,I 85 and Virginia Ave Brg,,Rear End,2,Clear,Dry,Dark-Not Lighted
2021-01-01T13:16:00.000,I 85,I 85 and Virginia Ave,,Not a Collision with Motor Vehicle,1,Rain,Wet,Daylight
2021-07-19T22:31:00.000,I 85,I 85 and Virginia Ave,,Rear End,2,Rain,Wet,Dark-Not Lighted
2020-09-05T21:30:00.000,I 85,I 85 and Virginia Ave,,Sideswipe-Same Direction,2,Clear,Dry,Dark-Lighted
2023-04-01T17:05:00.000,I 85,I 85 and Virginia Ave,,Sideswipe-Same Direction,2,Clear,Dry,Daylight
2023-12-28T12:53:00.000,I 85,I 85 and Virginia Ave,,Rear End,2,Clear,Dry,Daylight
2023-01-26T19:18:00.000,I 85,I 85 and Virginia Ave,,Sideswipe-Same Direction,2,Clear,Dry,Dark-Lighted
2020-02-27T21:33:00.000,I 85,I 85 and Virginia Ave,,Rear End,2,Clear,Dry,Dark-Not Lighted
2020-11-29T17:15:00.000,I 85,I 85 and Virginia Ave,,Rear End,2,Rain,Wet,Dark-Lighted
2020-12-10T17:00:00.000,I 85,I 85 and Virginia Ave,,Rear End,2,Clear,Dry,Daylight
2020-04-19T11:30:00.000,I 85,I 85 and Virginia Ave,,Not a Collision with Motor Vehicle,1,Rain,Wet,Daylight
2020-12-10T15:40:00.000,I 85,I 85 and Virginia Ave,,Not a Collision with Motor Vehicle,2,Clear,Dry,Daylight
2020-01-05T12:05:00.000,I 85,I 85 and Virginia Ave,,Not a Collision with Motor Vehicle,1,Cloudy,Dry,Daylight
2020-12-04T19:15:00.000,I 85,I 85 and Virginia Ave,,Not a Collision with Motor Vehicle,2,Clear,Dry,Dark-Lighted
2021-02-17T08:00:00.000,I 85,I 85 and Virginia Ave,,Sideswipe-Same Direction,2,Clear,Dry,Daylight
2021-03-24T16:19:00.000,I 85,I 85 and Virginia Ave,,Angle Crash,2,Clear,Dry,Daylight
2021-09-16T15:55:00.000,I 85,I 85 and Virginia Ave,,Angle Crash,3,Clear,Dry,Daylight
2021-11-23T05:44:00.000,I 85,I 85 and Virginia Ave,,Rear End,2,Clear,Dry,Dark-Lighted
2021-09-10T20:09:00.000,I 85,I 85 and Virginia Ave,,Sideswipe-Same Direction,2,Clear,Dry,Dark-Lighted
2022-10-26T07:14:00.000,I 85,I 85 and Virginia Ave,,Rear End,2,Clear,Dry,Dusk
2022-08-26T14:45:00.000,I 85,I 85 and Virginia Ave,,Sideswipe-Same Direction,2,Clear,Dry,Daylight
2022-05-26T05:45:00.000,I 85,I 85 and Virginia Ave,,Sideswipe-Same Direction,2,Rain,Wet,Dark-Lighted
2021-09-22T10:46:00.000,I 85,I 85 and Virginia Ave,,Sideswipe-Same Direction,2,Clear,Dry,Daylight
2022-05-16T11:15:00.000,I 85,I 85 and Virginia Ave,,Not a Collision with Motor Vehicle,1,Clear,Dry,Daylight
2022-10-26T21:00:00.000,I 85,I 85 and Virginia Ave,,Angle Crash,2,Clear,Dry,Dark-Lighted
2022-08-07T14:05:00.000,I 85,I 85 and Virginia Ave,,Sideswipe-Same Direction,2,Clear,Dry,Daylight
2022-09-16T04:30:00.000,I 85,I 85 and Virginia Ave,,Rear End,3,Clear,Dry,Dark-Not Lighted
2022-06-25T15:00:00.000,I 85,I 85 and Virginia Ave,,Rear End,3,Clear,Dry,Daylight
2024-08-04T00:00:00.000,I 85,I 85 and Virginia Ave,,Rear End,2,Clear,Dry,Dark-Not Lighted
2023-06-03T13:00:00.000,I 85,I 85 and Virginia Ave,,Sideswipe-Same Direction,2,Clear,Dry,Daylight
2023-04-16T20:55:00.000,I 85,I 85 and Virginia Ave,,Sideswipe-Same Direction,2,Clear,Dry,Dark-Lighted
2023-12-07T00:00:00.000,I 85,I 85 and Virginia Ave,,Rear End,3,Clear,Dry,Daylight
2023-12-16T12:45:00.000,I 85,I 85 and Virginia Ave,,Not a Collision with Motor Vehicle,2,Cloudy,Dry,Daylight
2023-12-05T08:02:00.000,I 85,I 85 and Virginia Ave,,Rear End,2,Clear,Dry,Daylight
2023-12-01T06:05:00.000,I 85,I 85 and Virginia Ave,,Angle Crash,3,Cloudy,Dry,Dark-Lighted
2023-03-12T10:30:00.000,I 85,I 85 and Virginia Ave,,Rear End,2,Rain,Wet,Daylight
2023-12-16T08:41:00.000,I 85,I 85 and Virginia Ave,,Sideswipe-Same Direction,2,Cloudy,Dry,Daylight
2024-11-24T07:08:00.000,I 85,I 85 and Virginia Ave,,Rear End,2,Clear,Dry,Daylight
2024-07-07T22:39:00.000,I 85,I 85 and Virginia Ave,,Angle Crash,2,Rain,Wet,Dark-Lighted
2024-04-12T16:11:00.000,I 85,I 85 and Virginia Ave,,Sideswipe-Same Direction,2,Clear,Dry,Daylight
2024-04-23T15:02:00.000,I 85,I 85 and Virginia Ave,,Angle Crash,2,Clear,Dry,Daylight
2024-04-24T08:05:00.000,I 85,I 85 and Virginia Ave,,Rear End,2,Clear,Dry,Daylight
2024-04-04T15:13:00.000,I 85,I 85 and Virginia Ave,,Sideswipe-Same Direction,2,Clear,Dry,Daylight
2020-07-13T00:04:00.000,I 85,I 85 and Virginia Av Rp,,Not a Collision with Motor Vehicle,1,Clear,Dry,Dark-Lighted
2021-07-29T05:58:00.000,I 85,I 85 and Virginia Av Ramp A,,Sideswipe-Same Direction,2,Clear,Dry,Daylight
2021-09-12T00:49:00.000,I 85,I 85 and Virginia Av,,Rear End,3,Clear,Dry,Dark-Not Lighted
2021-07-20T17:22:00.000,I 85,I 85 and Virginia Av,,Not a Collision with Motor Vehicle,1,Rain,Wet,Daylight
2021-01-18T15:28:00.000,I 85,I 85 and Virginia Av,,Sideswipe-Same Direction,2,Clear,Dry,Daylight
2020-07-20T19:22:00.000,I 85,I 85 and Virginia Av,,Sideswipe-Same Direction,2,Rain,Wet,Daylight
2020-11-27T19:27:00.000,I 85,I 85 and Virginia Av,,Rear End,2,Clear,Dry,Dark-Not Lighted
2020-12-18T16:25:00.000,I 85,I 85 and Virginia Av,,Sideswipe-Same Direction,2,Clear,Dry,Daylight
2021-08-06T16:55:00.000,I 85,I 85 and Virginia Av,,Rear End,2,Clear,Dry,Daylight
2021-09-12T03:57:00.000,I 85,I 85 and Virginia Av,,Rear End,2,Clear,Dry,Dark-Lighted
2024-05-22T19:29:00.000,I 85,I 85 and Virginia Av,,Sideswipe-Same Direction,2,Clear,Dry,Daylight
2021-06-04T22:02:00.000,I 85,I 85 and Virginia 85 S Rp,,Rear End,2,Clear,Dry,Daylight
2021-01-27T09:53:00.000,I 85,I 85 and Virginia 85 S Rp,,Sideswipe-Same Direction,2,Rain,Wet,Daylight
2020-08-03T14:39:00.000,I 85,I 85 and Virgina Ave,,Not a Collision with Motor Vehicle,1,Clear,Wet,Daylight
2020-08-12T06:25:00.000,I 85,I 85 and Virgina Av Brg,,Rear End,4,Clear,Dry,Dawn
2021-11-06T21:30:00.000,I 85,I 85 and Veterans Memorial Pkwy,,Not a Collision with Motor Vehicle,1,Clear,Dry,Dark-Not Lighted
2021-09-17T16:35:00.000,I 85,I 85 and Valentine Industrial Pkwy,,Rear End,2,Cloudy,Dry,Daylight
2021-09-03T22:28:00.000,I 85,I 85 and Valentine Industrial Pkwy,,Rear End,2,Clear,Dry,Dusk
2022-10-24T09:00:00.000,I 85,I 85 and Valentine Industrial Pkwy,,Sideswipe-Same Direction,2,Clear,Dry,Daylight
2024-07-16T04:45:00.000,I 85,I 85 and Valentine Industrial Bridge Ov,,Not a Collision with Motor Vehicle,3,Clear,Dry,Dark-Not Lighted
2022-09-04T11:45:00.000,I 85,I 85 and Valentine Industrial Blvd Opas,,Rear End,2,Cloudy,Dry,Daylight
2022-10-16T14:39:00.000,I 85,I 85 and Valentine Industrial,,Rear End,2,Clear,Dry,Daylight
2024-08-06T11:08:00.000,I 85,I 85 and Valentine Ind Pkwy Opas,,Sideswipe-Same Direction,2,Clear,Dry,Daylight
2023-08-25T12:47:00.000,I 85,I 85 and Valentine Ind Pkwy Opas,,Not a Collision with Motor Vehicle,1,Clear,Dry,Daylight
2020-10-30T07:44:00.000,I 85,I 85 and Valentine Ind Pkwy,,Not a Collision with Motor Vehicle,1,Clear,Dry,Dawn
2023-10-08T09:15:00.000,I 85,I 85 and Valentine Ind Pkway,,Rear End,3,Clear,Dry,Daylight
2021-09-03T16:40:00.000,I 85,I 85 and Valenitnie Industrial Pkwy Ove,,Rear End,2,Cloudy,Dry,Daylight
2020-09-07T13:30:00.000,I 85,I 85 and Ushwy 129,,Rear End,3,Clear,Dry,Daylight
2021-08-12T00:00:00.000,I 85,I 85 and Us 50,,Not a Collision with Motor Vehicle,1,Clear,Dry,Daylight
2021-07-20T07:35:00.000,I 85,I 85 and Us 441,,Not a Collision with Motor Vehicle,1,Rain,Wet,Daylight
2023-01-26T16:03:00.000,I 85,I 85 and Us 441,,Rear End,2,Cloudy,Dry,Daylight
2023-06-23T15:44:00.000,I 85,I 85 and Us 441,,Rear End,2,Clear,Dry,Daylight
2023-05-12T12:46:00.000,I 85,I 85 and Us 441,,Sideswipe-Same Direction,2,Cloudy,Wet,Daylight
2020-01-19T20:50:00.000,I 85,I 85 and Us 441,,Rear End,2,Clear,Dry,Dark-Not Lighted
2021-11-02T20:15:00.000,I 85,I 85 and Us 441,,Sideswipe-Same Direction,2,Clear,Dry,Dark-Lighted
2022-06-26T19:00:00.000,I 85,I 85 and Us 441,,Sideswipe-Same Direction,2,Cloudy,Dry,Daylight
2021-07-20T06:50:00.000,I 85,I 85 and Us 441,,Rear End,2,Rain,Wet,Daylight
2022-03-23T13:38:00.000,I 85,I 85 and Us 441,,Sideswipe-Same Direction,2,Rain,Wet,Daylight
2022-10-18T09:47:00.000,I 85,I 85 and Us 441,,Sideswipe-Same Direction,2,Clear,Dry,Daylight
2022-11-01T16:38:00.000,I 85,I 85 and Us 441,,Rear End,2,Clear,Dry,Daylight
2024-10-16T06:25:00.000,I 85,I 85 and Us 441,,Sideswipe-Same Direction,2,Clear,Dry,Dark-Lighted
2024-05-11T17:50:00.000,I 85,I 85 and Us 441,,Sideswipe-Same Direction,2,Clear,Dry,Daylight
2024-01-10T08:18:00.000,I 85,I 85 and Us 441,,Not a Collision with Motor Vehicle,1,Cloudy,Dry,Daylight
2023-05-31T12:03:00.000,I 85,I 85 and Us 441,,Rear End,1,Clear,Dry,Daylight
2024-05-12T19:12:00.000,I 85,I 85 and Us 441,,Rear End,2,Clear,Dry,Daylight
2024-02-22T08:27:00.000,I 85,I 85 and Us 441,,Rear End,2,Clear,Dry,Daylight
2024-09-26T18:53:00.000,I 85,I 85 and Us 441,,Not a Collision with Motor Vehicle,1,Severe Thunderstorm or Tornadic,Wet,Dusk
2024-07-05T08:49:00.000,I 85,I 85 and Us 441,,Rear End,2,Clear,Dry,Daylight
2024-10-28T10:37:00.000,I 85,I 85 and Us 441,,Rear End,2,Cloudy,Dry,Daylight
2023-11-22T13:40:00.000,I 85,I 85 and Us 29,,Sideswipe-Same Direction,2,Clear,Dry,Daylight
2020-01-08T17:26:00.000,I 85,I 85 and Us 29,,Not a Collision with Motor Vehicle,1,Clear,Dry,Daylight
2021-11-04T12:58:00.000,I 85,I 85 and Us 27,,Not a Collision with Motor Vehicle,2,Cloudy,Dry,Daylight
2021-03-26T09:06:00.000,I 85,I 85 and Us 129,,Rear End,2,Cloudy,Wet,Daylight
2021-01-18T10:36:00.000,I 85,I 85 and Us 129,,Rear End,2,Clear,Dry,Daylight
2021-12-18T11:05:00.000,I 85,I 85 and Us 129,,Rear End,2,Rain,Wet,Daylight
2021-04-16T15:20:00.000,I 85,I 85 and Us 129,,Sideswipe-Same Direction,2,Clear,Dry,Daylight
2021-08-13T09:54:00.000,I 85,I 85 and Us 129,,Rear End,2,Clear,Dry,Daylight
2021-09-11T14:09:00.000,I 85,I 85 and Us 129,,Rear End,2,Clear,Dry,Daylight
2021-10-07T21:15:00.000,I 85,I 85 and Us 129,,Sideswipe-Same Direction,2,Rain,Wet,Dark-Not Lighted
2020-01-22T08:37:00.000,I 85,I 85 and Us 129,,Rear End,2,Clear,Dry,Daylight
2023-01-09T16:36:00.000,I 85,I 85 and Us 129,,Rear End,2,Clear,Dry,Daylight
2020-10-09T07:35:00.000,I 85,I 85 and Us 129,,Rear End,2,Cloudy,Dry,Daylight
2020-09-03T23:13:00.000,I 85,I 85 and Us 129,,Sideswipe-Same Direction,2,Clear,Dry,Dark-Not Lighted
2020-04-10T15:37:00.000,I 85,I 85 and Us 129,,Rear End,2,Clear,Dry,Daylight
2020-05-14T08:16:00.000,I 85,I 85 and Us 129,,Sideswipe-Same Direction,2,Clear,Dry,Daylight
2020-12-18T06:40:00.000,I 85,I 85 and Us 129,,Rear End,2,Clear,Dry,Dark-Not Lighted
2020-06-29T13:50:00.000,I 85,I 85 and Us 129,,Rear End,2,Clear,Dry,Daylight
2020-11-06T04:37:00.000,I 85,I 85 and Us 129,,Rear End,2,Clear,Dry,Dark-Not Lighted
2020-12-18T10:27:00.000,I 85,I 85 and Us 129,,Rear End,2,Clear,Dry,Daylight
2020-09-25T07:09:00.000,I 85,I 85 and Us 129,,Sideswipe-Same Direction,2,Rain,Wet,Daylight
2020-07-22T14:30:00.000,I 85,I 85 and Us 129,,Rear End,2,Clear,Dry,Daylight
2021-05-10T18:16:00.000,I 85,I 85 and Us 129,,Not a Collision with Motor Vehicle,1,Clear,Dry,Daylight
2021-11-01T15:34:00.000,I 85,I 85 and Us 129,,Rear End,2,Clear,Dry,Daylight
2021-10-07T20:00:00.000,I 85,I 85 and Us 129,,Rear End,2,Rain,Wet,Dark-Not Lighted
2022-10-04T11:37:00.000,I 85,I 85 and Us 129,,Sideswipe-Same Direction,2,Clear,Dry,Daylight
2021-12-18T14:45:00.000,I 85,I 85 and Us 129,,Rear End,2,Rain,Wet,Daylight
2021-08-23T11:40:00.000,I 85,I 85 and Us 129,,Rear End,2,Clear,Dry,Daylight
2022-01-02T12:44:00.000,I 85,I 85 and Us 129,,Rear End,2,Rain,Wet,Daylight
2022-07-28T10:20:00.000,I 85,I 85 and Us 129,,Angle Crash,2,Clear,Dry,Daylight
2022-03-27T13:44:00.000,I 85,I 85 and Us 129,,Not a Collision with Motor Vehicle,1,Clear,Dry,Daylight
2021-11-29T06:59:00.000,I 85,I 85 and Us 129,,Rear End,2,Clear,Dry,Daylight
2021-11-24T15:45:00.000,I 85,I 85 and Us 129,,Rear End,2,Clear,Dry,Daylight
2022-07-07T11:38:00.000,I 85,I 85 and Us 129,,Rear End,3,Clear,Dry,Daylight
2022-05-06T14:03:00.000,I 85,I 85 and Us 129,,Rear End,2,Clear,Dry,Daylight
2022-07-01T16:00:00.000,I 85,I 85 and Us 129,,Rear End,2,Rain,Wet,Daylight
2022-05-08T18:32:00.000,I 85,I 85 and Us 129,,Rear End,2,Clear,Dry,Daylight
2022-06-05T16:42:00.000,I 85,I 85 and Us 129,,Rear End,2,Clear,Dry,Daylight
2022-11-06T19:48:00.000,I 85,I 85 and Us 129,,Sideswipe-Same Direction,2,Clear,Dry,Dark-Not Lighted
2022-06-27T17:55:00.000,I 85,I 85 and Us 129,,Rear End,2,Clear,Dry,Daylight
2022-07-12T12:20:00.000,I 85,I 85 and Us 129,,Rear End,2,Clear,Dry,Daylight
2022-07-29T15:55:00.000,I 85,I 85 and Us 129,,Rear End,2,Cloudy,Dry,Daylight
2022-12-02T11:19:00.000,I 85,I 85 and Us 129,,Rear End,2,Cloudy,Dry,Daylight
2024-04-06T03:41:00.000,I 85,I 85 and Us 129,,Head On,3,Clear,Dry,Dark-Not Lighted
2024-01-02T16:05:00.000,I 85,I 85 and Us 129,,Rear End,2,Clear,Dry,Daylight
2023-04-03T07:09:00.000,I 85,I 85 and Us 129,,Rear End,2,Clear,Dry,Dusk
2023-07-06T17:00:00.000,I 85,I 85 and Us 129,,Rear End,2,Clear,Dry,Daylight
2024-04-11T20:05:00.000,I 85,I 85 and Us 129,,Rear End,2,Rain,Wet,Daylight
2024-08-26T21:37:00.000,I 85,I 85 and Us 129,,Sideswipe-Same Direction,2,Clear,Dry,Dark-Not Lighted
2024-09-13T15:20:00.000,I 85,I 85 and Us 129,,Rear End,2,Clear,Dry,Daylight
2024-10-28T07:55:00.000,I 85,I 85 and Upper Big Springs Road Underpa,,Rear End,2,Cloudy,Dry,Daylight
2021-03-28T12:15:00.000,I 85,I 85 and Upper Big Springs Rd,,Not a Collision with Motor Vehicle,1,Rain,Wet,Daylight
2023-02-11T22:54:00.000,I 85,I 85 and Upper Big Springs Rd,,Not a Collision with Motor Vehicle,1,Rain,Wet,Dark-Not Lighted
2022-06-14T15:05:00.000,I 85,I 85 and Upper Big Springs Rd,,Not a Collision with Motor Vehicle,1,Rain,Wet,Daylight
2023-01-12T15:30:00.000,I 85,I 85 and Upper Big Springs Rd,,Not a Collision with Motor Vehicle,1,Rain,Wet,Daylight
2024-03-25T18:34:00.000,I 85,I 85 and Upper Big Springs Rd,,Not a Collision with Motor Vehicle,1,Clear,Dry,Daylight
2023-03-26T08:25:00.000,I 85,I 85 and Upper Big Springs Rd,,Not a Collision with Motor Vehicle,1,Severe Thunderstorm or Tornadic,Wet,Daylight
2023-04-08T17:45:00.000,I 85,I 85 and Upper Big Springs Rd,,Rear End,4,Rain,Wet,Daylight
2020-06-05T15:03:00.000,I 85,I 85 and Unversity Ave,,Rear End,2,Rain,Wet,Daylight
2020-02-07T14:57:00.000,I 85,I 85 and Univversity Ave,,Rear End,4,Clear,Dry,Daylight
2020-05-21T18:01:00.000,I 85,I 85 and University Rd,,Sideswipe-Same Direction,2,Clear,Dry,Daylight
2020-11-13T15:10:00.000,I 85,I 85 and University Prwy,,Rear End,2,Clear,Dry,Daylight
2023-08-24T01:00:00.000,I 85,I 85 and University Pkwy,,Angle Crash,1,Clear,Dry,Dark-Not Lighted
2021-05-07T11:19:00.000,I 85,I 85 and University Avenue Underpass,,Rear End,2,Clear,Dry,Daylight
2021-07-06T09:25:00.000,I 85,I 85 and University Avenue Underpass,,Angle Crash,2,Clear,Dry,Daylight
2020-12-07T16:51:00.000,I 85,I 85 and University Avenue Underpass,,Rear End,2,Cloudy,Dry,Dark-Lighted
2022-10-31T09:00:00.000,I 85,I 85 and University Avenue Underpass,,Rear End,2,Clear,Wet,Daylight
2022-10-31T07:50:00.000,I 85,I 85 and University Avenue Underpass,,Sideswipe-Same Direction,2,Clear,Wet,Daylight
2023-05-09T06:35:00.000,I 85,I 85 and University Avenue Underpass,,Rear End,2,Clear,Dry,Daylight
2021-02-15T13:54:00.000,I 85,I 85 and University Avenue Opas,,Sideswipe-Same Direction,2,Cloudy,Wet,Daylight
2021-04-09T19:52:00.000,I 85,I 85 and University Avenue Opas,,Rear End,2,Clear,Dry,Dusk
2021-07-27T16:40:00.000,I 85,I 85 and University Avenue On Rp,,Rear End,2,Clear,Dry,Daylight
2021-05-26T17:02:00.000,I 85,I 85 and University Avenue On Rp,,Angle Crash,2,Clear,Dry,Daylight
2021-08-31T12:18:00.000,I 85,I 85 and University Avenue On Rp,,Rear End,2,Rain,Wet,Daylight
2021-06-14T08:18:00.000,I 85,I 85 and University Avenue On Rp,,Rear End,3,Clear,Dry,Daylight
2020-12-18T13:12:00.000,I 85,I 85 and University Avenue On Rp,,Angle Crash,3,Clear,Dry,Daylight
2021-06-01T09:00:00.000,I 85,I 85 and University Avenue On Rp,,Rear End,2,Clear,Dry,Daylight
2021-05-11T10:50:00.000,I 85,I 85 and University Avenue On Rp,,Angle Crash,3,Clear,Dry,Daylight
2021-09-16T18:10:00.000,I 85,I 85 and University Avenue On Rp,,Angle Crash,4,Rain,Wet,Daylight
2021-09-07T09:49:00.000,I 85,I 85 and University Avenue On Rp,,Sideswipe-Same Direction,2,Rain,Wet,Daylight
2021-09-08T09:09:00.000,I 85,I 85 and University Avenue On Rp,,Rear End,2,Clear,Dry,Daylight
2021-07-14T13:31:00.000,I 85,I 85 and University Avenue Off Rp,,Rear End,2,Clear,Dry,Daylight
2021-01-11T09:30:00.000,I 85,I 85 and University Avenue Off Rp,,Angle Crash,2,Cloudy,Wet,Daylight
2021-03-11T08:36:00.000,I 85,I 85 and University Avenue Off Rp,,Sideswipe-Same Direction,2,Clear,Dry,Daylight
2020-12-14T07:21:00.000,I 85,I 85 and University Avenue Off Rp,,Not a Collision with Motor Vehicle,1,Rain,Wet,Dark-Not Lighted
2021-09-14T15:26:00.000,I 85,I 85 and University Avenue Off Rp,,Angle Crash,2,Clear,Dry,Daylight
2020-01-23T09:33:00.000,I 85,I 85 and University Ave Opas,,Rear End,2,Rain,Wet,Daylight
2020-10-01T14:42:00.000,I 85,I 85 and University Ave Exit Rp,,Sideswipe-Same Direction,2,Clear,Dry,Daylight
2021-02-12T14:09:00.000,I 85,I 85 and University Ave,,Rear End,2,Cloudy,Dry,Daylight
2021-05-11T07:45:00.000,I 85,I 85 and University Ave,,Rear End,2,Cloudy,Dry,Daylight