Date and Time,Roadway (From Crash Report),Intersection Name (from Crash Report),KABCO Severity,Manner of Collision (Crash Level) ,# of Vehicles per crash ,Weather Conditions (Crash Level),Surface Condition (Crash Level) ,Light Conditions (Crash Level)
2021-01-01T12:02:00.000,I 85,I 85 and University Ave,,Not a Collision with Motor Vehicle,1,Cloudy,Wet,Daylight
2021-03-12T12:03:00.000,I 85,I 85 and University Ave,,Rear End,2,Clear,Dry,Daylight
2021-06-25T13:56:00.000,I 85,I 85 and University Ave,,Rear End,3,Clear,Dry,Daylight
2021-06-21T13:24:00.000,I 85,I 85 and University Ave,,Rear End,3,Cloudy,Dry,Daylight
2021-05-11T16:49:00.000,I 85,I 85 and University Ave,,Rear End,2,Clear,Dry,Daylight
2021-05-28T11:20:00.000,I 85,I 85 and University Ave,,Angle Crash,2,Cloudy,Dry,Daylight
2021-04-12T10:23:00.000,I 85,I 85 and University Ave,,Sideswipe-Same Direction,1,Clear,Dry,Daylight
2021-03-05T18:58:00.000,I 85,I 85 and University Ave,,Sideswipe-Same Direction,2,Clear,Dry,Dark-Lighted
2021-06-08T08:50:00.000,I 85,I 85 and University Ave,,Rear End,2,Cloudy,Dry,Daylight
2021-02-18T17:01:00.000,I 85,I 85 and University Ave,,Sideswipe-Same Direction,2,Rain,Wet,Daylight
2021-05-25T13:00:00.000,I 85,I 85 and University Ave,,Rear End,3,Cloudy,Dry,Daylight
2021-03-31T19:42:00.000,I 85,I 85 and University Ave,,Rear End,2,Rain,Wet,Daylight
2021-05-10T09:35:00.000,I 85,I 85 and University Ave,,Not a Collision with Motor Vehicle,1,Cloudy,Wet,Daylight
2021-01-21T20:10:00.000,I 85,I 85 and University Ave,,Rear End,4,Cloudy,Wet,Dark-Lighted
2021-01-07T07:10:00.000,I 85,I 85 and University Ave,,Rear End,3,Clear,Dry,Dark-Lighted
2021-06-25T18:07:00.000,I 85,I 85 and University Ave,,Sideswipe-Same Direction,2,Clear,Dry,Daylight
2021-01-04T17:24:00.000,I 85,I 85 and University Ave,,Sideswipe-Same Direction,2,Clear,Dry,Dusk
2021-06-07T17:31:00.000,I 85,I 85 and University Ave,,Rear End,3,Clear,Dry,Daylight
2021-09-22T07:17:00.000,I 85,I 85 and University Ave,,Rear End,2,Cloudy,Dry,Daylight
2021-09-02T15:00:00.000,I 85,I 85 and University Ave,,Rear End,3,Clear,Dry,Daylight
2021-09-29T15:20:00.000,I 85,I 85 and University Ave,,Rear End,2,Clear,Dry,Daylight
2021-08-16T08:50:00.000,I 85,I 85 and University Ave,,Rear End,2,Cloudy,Dry,Daylight
2021-07-20T09:52:00.000,I 85,I 85 and University Ave,,Angle Crash,2,Clear,Dry,Daylight
2021-09-20T17:46:00.000,I 85,I 85 and University Ave,,Rear End,3,Rain,Wet,Daylight
2021-09-07T14:00:00.000,I 85,I 85 and University Ave,,Sideswipe-Same Direction,3,Cloudy,Wet,Daylight
2021-09-09T08:30:00.000,I 85,I 85 and University Ave,,Rear End,3,Clear,Dry,Daylight
2021-02-15T15:02:00.000,I 85,I 85 and University Ave,,Head On,2,Rain,Wet,Daylight
2021-06-25T14:12:00.000,I 85,I 85 and University Ave,,Rear End,2,Clear,Dry,Daylight
2021-03-06T00:20:00.000,I 85,I 85 and University Ave,,Sideswipe-Same Direction,2,Clear,Dry,Dark-Lighted
2021-02-11T14:02:00.000,I 85,I 85 and University Ave,,Rear End,2,Rain,Wet,Daylight
2021-01-01T06:17:00.000,I 85,I 85 and University Ave,,Angle Crash,2,Cloudy,Wet,Dark-Not Lighted
2021-03-12T17:51:00.000,I 85,I 85 and University Ave,,Not a Collision with Motor Vehicle,1,Clear,Dry,Daylight
2021-06-25T15:45:00.000,I 85,I 85 and University Ave,,Sideswipe-Same Direction,2,Clear,Dry,Daylight
2021-04-02T19:56:00.000,I 85,I 85 and University Ave,,Rear End,3,Clear,Dry,Daylight
2021-03-05T11:23:00.000,I 85,I 85 and University Ave,,Rear End,4,Clear,Dry,Daylight
2021-04-15T08:34:00.000,I 85,I 85 and University Ave,,Sideswipe-Same Direction,2,Cloudy,Dry,Daylight
2021-06-15T18:44:00.000,I 85,I 85 and University Ave,,Rear End,3,Clear,Dry,Daylight
2021-06-07T16:18:00.000,I 85,I 85 and University Ave,,Rear End,2,Clear,Dry,Daylight
2021-04-06T15:02:00.000,I 85,I 85 and University Ave,,Sideswipe-Same Direction,2,Clear,Dry,Daylight
2021-03-04T14:20:00.000,I 85,I 85 and University Ave,,Rear End,2,Clear,Dry,Daylight
2021-03-29T14:58:00.000,I 85,I 85 and University Ave,,Rear End,2,Clear,Dry,Daylight
2021-06-25T14:25:00.000,I 85,I 85 and University Ave,,Rear End,2,Clear,Dry,Daylight
2021-04-23T15:48:00.000,I 85,I 85 and University Ave,,Rear End,2,Clear,Dry,Daylight
2021-01-07T06:50:00.000,I 85,I 85 and University Ave,,Rear End,2,Clear,Dry,Dark-Lighted
2021-04-29T19:41:00.000,I 85,I 85 and University Ave,,Sideswipe-Same Direction,2,Clear,Dry,Daylight
2021-02-18T17:56:00.000,I 85,I 85 and University Ave,,Rear End,2,Cloudy,Wet,Daylight
2021-06-25T19:02:00.000,I 85,I 85 and University Ave,,Sideswipe-Same Direction,2,Clear,Dry,Daylight
2021-05-21T17:40:00.000,I 85,I 85 and University Ave,,Sideswipe-Same Direction,2,Clear,Dry,Daylight
2021-01-21T13:39:00.000,I 85,I 85 and University Ave,,Sideswipe-Same Direction,2,Clear,Dry,Daylight
2021-02-12T13:13:00.000,I 85,I 85 and University Ave,,Rear End,2,Cloudy,Dry,Daylight
2021-03-12T13:45:00.000,I 85,I 85 and University Ave,,Rear End,2,Clear,Dry,Daylight
2021-02-12T17:12:00.000,I 85,I 85 and University Ave,,Rear End,3,Cloudy,Dry,Dusk
2021-06-28T07:52:00.000,I 85,I 85 and University Ave,,Sideswipe-Same Direction,2,Clear,Dry,Daylight
2021-01-27T19:00:00.000,I 85,I 85 and University Ave,,Angle Crash,2,Rain,Wet,Dusk
2021-05-28T12:03:00.000,I 85,I 85 and University Ave,,Sideswipe-Same Direction,2,Clear,Dry,Daylight
2021-05-26T14:06:00.000,I 85,I 85 and University Ave,,Rear End,2,Clear,Dry,Daylight
2021-03-11T08:52:00.000,I 85,I 85 and University Ave,,Sideswipe-Same Direction,3,Clear,Dry,Daylight
2021-01-08T16:05:00.000,I 85,I 85 and University Ave,,Sideswipe-Same Direction,3,Cloudy,Wet,Daylight
2021-01-21T20:10:00.000,I 85,I 85 and University Ave,,Rear End,2,Cloudy,Wet,Dark-Lighted
2021-05-31T23:00:00.000,I 85,I 85 and University Ave,,Not a Collision with Motor Vehicle,1,Clear,Dry,Dark-Lighted
2021-02-18T18:04:00.000,I 85,I 85 and University Ave,,Sideswipe-Same Direction,2,Rain,Wet,Daylight
2021-03-31T13:22:00.000,I 85,I 85 and University Ave,,Sideswipe-Same Direction,4,Rain,Wet,Daylight
2021-01-04T17:50:00.000,I 85,I 85 and University Ave,,Not a Collision with Motor Vehicle,1,Clear,Dry,Daylight
2021-07-08T17:33:00.000,I 85,I 85 and University Ave,,Rear End,2,Clear,Dry,Daylight
2021-08-11T12:52:00.000,I 85,I 85 and University Ave,,Rear End,3,Cloudy,Dry,Daylight
2021-08-27T14:45:00.000,I 85,I 85 and University Ave,,Rear End,2,Clear,Dry,Daylight
2021-08-27T13:50:00.000,I 85,I 85 and University Ave,,Rear End,2,Cloudy,Dry,Daylight
2021-07-15T07:30:00.000,I 85,I 85 and University Ave,,Sideswipe-Same Direction,2,Clear,Dry,Daylight
2021-02-18T15:49:00.000,I 85,I 85 and University Ave,,Sideswipe-Same Direction,2,Cloudy,Dry,Daylight
2021-04-01T16:58:00.000,I 85,I 85 and University Ave,,Sideswipe-Same Direction,2,Clear,Dry,Daylight
2021-01-28T15:43:00.000,I 85,I 85 and University Ave,,Angle Crash,2,Clear,Dry,Daylight
2021-07-19T12:29:00.000,I 85,I 85 and University Ave,,Rear End,2,Rain,Wet,Daylight
2021-08-16T15:55:00.000,I 85,I 85 and University Ave,,Sideswipe-Same Direction,2,Rain,Wet,Daylight
2021-07-16T12:45:00.000,I 85,I 85 and University Ave,,Sideswipe-Same Direction,2,Cloudy,Dry,Daylight
2021-09-14T15:50:00.000,I 85,I 85 and University Ave,,Angle Crash,2,Cloudy,Dry,Daylight
2021-07-06T16:40:00.000,I 85,I 85 and University Ave,,Rear End,2,Clear,Dry,Daylight
2021-07-05T16:03:00.000,I 85,I 85 and University Ave,,Sideswipe-Same Direction,2,Cloudy,Dry,Daylight
2021-09-07T04:30:00.000,I 85,I 85 and University Ave,,Rear End,2,Cloudy,Wet,Daylight
2021-09-03T16:07:00.000,I 85,I 85 and University Ave,,Rear End,2,Clear,Dry,Daylight
2021-09-08T17:54:00.000,I 85,I 85 and University Ave,,Sideswipe-Same Direction,2,Cloudy,Dry,Daylight
2021-04-03T09:50:00.000,I 85,I 85 and University Ave,,Rear End,2,Cloudy,Wet,Daylight
2021-05-06T08:53:00.000,I 85,I 85 and University Ave,,Rear End,2,Clear,Dry,Daylight
2021-01-29T17:45:00.000,I 85,I 85 and University Ave,,Rear End,2,Clear,Dry,Daylight
2021-02-10T15:59:00.000,I 85,I 85 and University Ave,,Sideswipe-Same Direction,2,Clear,Dry,Daylight
2021-05-27T11:06:00.000,I 85,I 85 and University Ave,,Rear End,3,Cloudy,Dry,Daylight
2021-06-28T08:42:00.000,I 85,I 85 and University Ave,,Rear End,2,Clear,Dry,Daylight
2021-03-12T17:28:00.000,I 85,I 85 and University Ave,,Rear End,2,Clear,Dry,Daylight
2021-04-12T11:03:00.000,I 85,I 85 and University Ave,,Rear End,2,Cloudy,Dry,Daylight
2021-04-26T16:00:00.000,I 85,I 85 and University Ave,,Rear End,4,Clear,Dry,Daylight
2021-04-14T08:50:00.000,I 85,I 85 and University Ave,,Rear End,4,Clear,Dry,Daylight
2021-03-11T19:43:00.000,I 85,I 85 and University Ave,,Rear End,3,Clear,Dry,Dark-Not Lighted
2021-03-06T20:15:00.000,I 85,I 85 and University Ave,,Rear End,2,Clear,Dry,Dark-Lighted
2021-04-02T18:07:00.000,I 85,I 85 and University Ave,,Rear End,4,Clear,Dry,Daylight
2021-03-29T18:26:00.000,I 85,I 85 and University Ave,,Rear End,3,Clear,Dry,Daylight
2021-05-26T17:42:00.000,I 85,I 85 and University Ave,,Rear End,2,Clear,Dry,Daylight
2021-04-26T06:54:00.000,I 85,I 85 and University Ave,,Sideswipe-Same Direction,2,Clear,Dry,Daylight
2021-03-05T08:41:00.000,I 85,I 85 and University Ave,,Sideswipe-Same Direction,2,Clear,Dry,Daylight
2021-03-05T15:26:00.000,I 85,I 85 and University Ave,,Rear End,2,Clear,Dry,Daylight
2021-06-11T18:33:00.000,I 85,I 85 and University Ave,,Rear End,2,Cloudy,Wet,Daylight
2021-01-05T18:55:00.000,I 85,I 85 and University Ave,,Rear End,2,Clear,Dry,Daylight
2021-06-09T15:26:00.000,I 85,I 85 and University Ave,,Rear End,2,Clear,Dry,Daylight
2021-06-28T08:12:00.000,I 85,I 85 and University Ave,,Rear End,3,Clear,Dry,Daylight
2021-04-30T09:49:00.000,I 85,I 85 and University Ave,,Angle Crash,2,Cloudy,Dry,Daylight
2021-02-12T14:42:00.000,I 85,I 85 and University Ave,,Rear End,2,Cloudy,Dry,Daylight
2021-05-31T11:56:00.000,I 85,I 85 and University Ave,,Rear End,3,Clear,Dry,Daylight
2021-06-09T18:00:00.000,I 85,I 85 and University Ave,,Rear End,2,Cloudy,Wet,Daylight
2021-03-08T10:24:00.000,I 85,I 85 and University Ave,,Rear End,2,Clear,Dry,Daylight
2021-09-21T09:02:00.000,I 85,I 85 and University Ave,,Rear End,2,Cloudy,Wet,Daylight
2021-07-20T16:18:00.000,I 85,I 85 and University Ave,,Angle Crash,2,Clear,Wet,Daylight
2021-07-29T14:12:00.000,I 85,I 85 and University Ave,,Rear End,2,Clear,Dry,Daylight
2021-07-01T18:06:00.000,I 85,I 85 and University Ave,,Rear End,2,Clear,Dry,Daylight
2021-09-22T07:17:00.000,I 85,I 85 and University Ave,,Rear End,3,Cloudy,Dry,Daylight
2021-08-10T13:49:00.000,I 85,I 85 and University Ave,,Sideswipe-Same Direction,2,Clear,Dry,Daylight
2021-09-27T16:53:00.000,I 85,I 85 and University Ave,,Rear End,2,Clear,Dry,Daylight
2021-09-02T16:06:00.000,I 85,I 85 and University Ave,,Sideswipe-Same Direction,2,Clear,Dry,Daylight
2021-06-18T13:47:00.000,I 85,I 85 and University Ave,,Sideswipe-Same Direction,2,Cloudy,Dry,Daylight
2021-01-08T15:05:00.000,I 85,I 85 and University Ave,,Sideswipe-Same Direction,2,Rain,Wet,Daylight
2021-06-03T17:18:00.000,I 85,I 85 and University Ave,,Rear End,2,Cloudy,Dry,Daylight
2021-05-14T15:09:00.000,I 85,I 85 and University Ave,,Rear End,2,Clear,Dry,Daylight
2021-04-19T17:20:00.000,I 85,I 85 and University Ave,,Angle Crash,2,Cloudy,Dry,Daylight
2021-06-01T09:23:00.000,I 85,I 85 and University Ave,,Sideswipe-Same Direction,2,Cloudy,Dry,Daylight
2021-06-22T08:05:00.000,I 85,I 85 and University Ave,,Rear End,2,Cloudy,Wet,Daylight
2021-03-05T13:12:00.000,I 85,I 85 and University Ave,,Rear End,2,Clear,Dry,Daylight
2021-03-30T16:20:00.000,I 85,I 85 and University Ave,,Rear End,2,Clear,Dry,Daylight
2021-02-25T15:52:00.000,I 85,I 85 and University Ave,,Rear End,2,Clear,Dry,Daylight
2020-11-13T14:15:00.000,I 85,I 85 and University Ave,,Sideswipe-Same Direction,2,Clear,Dry,Daylight
2020-09-05T20:00:00.000,I 85,I 85 and University Ave,,Angle Crash,1,Clear,Dry,Daylight
2020-11-10T16:16:00.000,I 85,I 85 and University Ave,,Not a Collision with Motor Vehicle,1,Cloudy,Dry,Daylight
2020-08-28T11:30:00.000,I 85,I 85 and University Ave,,Sideswipe-Same Direction,3,Clear,Dry,Daylight
2020-11-11T14:10:00.000,I 85,I 85 and University Ave,,Rear End,2,Cloudy,Wet,Daylight
2020-01-29T17:11:00.000,I 85,I 85 and University Ave,,Angle Crash,2,Cloudy,Dry,Daylight
2020-06-26T17:21:00.000,I 85,I 85 and University Ave,,Rear End,2,Clear,Dry,Daylight
2020-09-04T11:12:00.000,I 85,I 85 and University Ave,,Angle Crash,2,Clear,Dry,Daylight
2020-08-03T19:30:00.000,I 85,I 85 and University Ave,,Sideswipe-Same Direction,2,Clear,Dry,Daylight
2020-01-30T06:21:00.000,I 85,I 85 and University Ave,,Rear End,2,Clear,Dry,Daylight
2020-03-11T18:29:00.000,I 85,I 85 and University Ave,,Sideswipe-Same Direction,2,Cloudy,Wet,Daylight
2021-02-19T17:04:00.000,I 85,I 85 and University Ave,,Rear End,2,Clear,Dry,Daylight
2020-11-11T14:53:00.000,I 85,I 85 and University Ave,,Sideswipe-Same Direction,2,Clear,Dry,Daylight
2020-02-27T09:02:00.000,I 85,I 85 and University Ave,,Rear End,2,Clear,Dry,Daylight
2021-01-22T17:30:00.000,I 85,I 85 and University Ave,,Rear End,3,Clear,Dry,Daylight
2020-11-13T16:20:00.000,I 85,I 85 and University Ave,,Rear End,3,Clear,Dry,Daylight
2020-09-01T07:01:00.000,I 85,I 85 and University Ave,,Rear End,2,Clear,Dry,Daylight
2020-03-10T09:27:00.000,I 85,I 85 and University Ave,,Rear End,2,Cloudy,Wet,Daylight
2020-04-29T18:49:00.000,I 85,I 85 and University Ave,,Not a Collision with Motor Vehicle,1,Cloudy,Wet,Daylight
2020-05-21T14:21:00.000,I 85,I 85 and University Ave,,Angle Crash,2,Clear,Dry,Daylight
2020-01-09T18:14:00.000,I 85,I 85 and University Ave,,Sideswipe-Same Direction,3,Clear,Dry,Dark-Lighted
2020-04-06T10:34:00.000,I 85,I 85 and University Ave,,Sideswipe-Same Direction,2,Clear,Dry,Daylight
2020-06-26T08:09:00.000,I 85,I 85 and University Ave,,Not a Collision with Motor Vehicle,1,Cloudy,Dry,Daylight
2020-02-20T10:29:00.000,I 85,I 85 and University Ave,,Rear End,3,Rain,Wet,Daylight
2020-03-07T02:13:00.000,I 85,I 85 and University Ave,,Not a Collision with Motor Vehicle,1,Clear,Dry,Dark-Lighted
2020-09-20T08:47:00.000,I 85,I 85 and University Ave,,Rear End,2,Clear,Dry,Daylight
2020-12-22T14:09:00.000,I 85,I 85 and University Ave,,Rear End,2,Clear,Dry,Daylight
2020-11-02T14:36:00.000,I 85,I 85 and University Ave,,Sideswipe-Same Direction,2,Clear,Dry,Daylight
2020-03-11T07:13:00.000,I 85,I 85 and University Ave,,Rear End,2,Cloudy,Dry,Dark-Lighted
2020-12-23T14:36:00.000,I 85,I 85 and University Ave,,Rear End,2,Clear,Dry,Daylight
2020-03-12T12:29:00.000,I 85,I 85 and University Ave,,Rear End,2,Cloudy,Dry,Daylight
2020-02-14T04:22:00.000,I 85,I 85 and University Ave,,Rear End,2,Clear,Dry,Daylight
2020-06-05T15:27:00.000,I 85,I 85 and University Ave,,Rear End,2,Cloudy,Wet,Daylight
2020-11-06T18:15:00.000,I 85,I 85 and University Ave,,Rear End,2,Clear,Dry,Dusk
2020-08-27T16:32:00.000,I 85,I 85 and University Ave,,Rear End,2,Clear,Dry,Daylight
2020-10-14T18:09:00.000,I 85,I 85 and University Ave,,Sideswipe-Same Direction,2,Clear,Dry,Daylight
2020-11-16T15:59:00.000,I 85,I 85 and University Ave,,Sideswipe-Same Direction,2,Clear,Dry,Daylight
2020-12-07T06:12:00.000,I 85,I 85 and University Ave,,Rear End,2,Cloudy,Wet,Daylight
2020-09-11T17:23:00.000,I 85,I 85 and University Ave,,Sideswipe-Same Direction,2,Clear,Dry,Daylight
2020-09-24T14:40:00.000,I 85,I 85 and University Ave,,Rear End,2,Rain,Wet,Daylight
2020-03-23T13:21:00.000,I 85,I 85 and University Ave,,Not a Collision with Motor Vehicle,1,Cloudy,Wet,Daylight
2020-11-20T14:13:00.000,I 85,I 85 and University Ave,,Rear End,2,Clear,Dry,Daylight
2020-12-14T06:48:00.000,I 85,I 85 and University Ave,,Sideswipe-Same Direction,2,Rain,Wet,Dawn
2020-02-24T17:09:00.000,I 85,I 85 and University Ave,,Rear End,2,Rain,Wet,Daylight
2020-11-24T15:20:00.000,I 85,I 85 and University Ave,,Sideswipe-Same Direction,2,Clear,Dry,Daylight
2020-12-17T15:43:00.000,I 85,I 85 and University Ave,,Rear End,2,Clear,Dry,Daylight
2020-10-02T15:34:00.000,I 85,I 85 and University Ave,,Rear End,3,Clear,Dry,Daylight
2020-02-04T14:41:00.000,I 85,I 85 and University Ave,,Rear End,2,Clear,Dry,Daylight
2020-01-20T18:16:00.000,I 85,I 85 and University Ave,,Rear End,1,Clear,Dry,Dark-Lighted
2020-12-09T15:36:00.000,I 85,I 85 and University Ave,,Sideswipe-Same Direction,3,Clear,Dry,Daylight
2020-11-11T07:22:00.000,I 85,I 85 and University Ave,,Rear End,2,Cloudy,Wet,Daylight
2020-07-09T14:55:00.000,I 85,I 85 and University Ave,,Rear End,2,Clear,Dry,Daylight
2020-02-28T16:37:00.000,I 85,I 85 and University Ave,,Rear End,2,Clear,Dry,Daylight
2020-12-08T14:10:00.000,I 85,I 85 and University Ave,,Rear End,2,Clear,Dry,Daylight
2020-11-20T13:45:00.000,I 85,I 85 and University Ave,,Rear End,2,Clear,Dry,Daylight
2020-09-01T11:36:00.000,I 85,I 85 and University Ave,,Sideswipe-Same Direction,2,Clear,Dry,Daylight
2020-01-06T16:33:00.000,I 85,I 85 and University Ave,,Sideswipe-Same Direction,2,Clear,Dry,Daylight
2020-09-19T17:13:00.000,I 85,I 85 and University Ave,,Rear End,3,Cloudy,Dry,Daylight
2020-12-11T14:20:00.000,I 85,I 85 and University Ave,,Rear End,2,Clear,Dry,Daylight
2020-11-23T18:28:00.000,I 85,I 85 and University Ave,,Sideswipe-Same Direction,3,Clear,Dry,Dark-Lighted
2020-06-22T16:08:00.000,I 85,I 85 and University Ave,,Rear End,2,Rain,Wet,Daylight
2020-12-21T14:25:00.000,I 85,I 85 and University Ave,,Rear End,2,Clear,Dry,Daylight
2020-11-12T18:42:00.000,I 85,I 85 and University Ave,,Rear End,2,Clear,Dry,Dark-Lighted
2020-04-28T15:52:00.000,I 85,I 85 and University Ave,,Not a Collision with Motor Vehicle,2,Clear,Dry,Daylight
2020-10-09T07:35:00.000,I 85,I 85 and University Ave,,Rear End,2,Clear,Dry,Daylight
2020-10-19T11:44:00.000,I 85,I 85 and University Ave,,Rear End,2,Clear,Dry,Daylight
2020-12-04T16:30:00.000,I 85,I 85 and University Ave,,Rear End,2,Clear,Wet,Daylight
2020-01-21T17:04:00.000,I 85,I 85 and University Ave,,Rear End,2,Clear,Dry,Daylight
2020-02-18T17:28:00.000,I 85,I 85 and University Ave,,Rear End,2,Cloudy,Wet,Daylight
2020-12-23T10:54:00.000,I 85,I 85 and University Ave,,Rear End,2,Clear,Dry,Daylight
2020-02-24T16:02:00.000,I 85,I 85 and University Ave,,Angle Crash,2,Rain,Wet,Daylight
2020-10-08T18:42:00.000,I 85,I 85 and University Ave,,Rear End,2,Clear,Dry,Daylight
2020-10-19T15:15:00.000,I 85,I 85 and University Ave,,Sideswipe-Same Direction,2,Clear,Dry,Daylight
2020-12-23T13:33:00.000,I 85,I 85 and University Ave,,Rear End,2,Clear,Dry,Daylight
2020-08-10T16:43:00.000,I 85,I 85 and University Ave,,Rear End,2,Cloudy,Dry,Daylight
2020-12-23T17:57:00.000,I 85,I 85 and University Ave,,Rear End,2,Clear,Dry,Daylight
2020-02-03T08:21:00.000,I 85,I 85 and University Ave,,Rear End,2,Clear,Dry,Daylight
2020-08-03T19:35:00.000,I 85,I 85 and University Ave,,Angle Crash,1,Clear,Dry,Daylight
2020-02-13T09:09:00.000,I 85,I 85 and University Ave,,Not a Collision with Motor Vehicle,1,Cloudy,Wet,Daylight
2020-08-14T17:49:00.000,I 85,I 85 and University Ave,,Rear End,2,Rain,Wet,Daylight
2020-08-24T23:26:00.000,I 85,I 85 and University Ave,,Rear End,2,Rain,Wet,Dark-Lighted
2020-02-24T08:21:00.000,I 85,I 85 and University Ave,,Sideswipe-Same Direction,3,Rain,Wet,Daylight
2020-10-13T15:47:00.000,I 85,I 85 and University Ave,,Sideswipe-Same Direction,3,Clear,Dry,Daylight
2020-12-18T18:50:00.000,I 85,I 85 and University Ave,,Rear End,2,Clear,Dry,Dark-Not Lighted
2020-08-17T13:48:00.000,I 85,I 85 and University Ave,,Sideswipe-Same Direction,2,Clear,Dry,Daylight
2020-03-03T08:29:00.000,I 85,I 85 and University Ave,,Rear End,2,Rain,Wet,Daylight
2020-01-03T18:25:00.000,I 85,I 85 and University Ave,,Sideswipe-Same Direction,2,Cloudy,Dry,Daylight
2020-08-06T16:41:00.000,I 85,I 85 and University Ave,,Rear End,2,Clear,Dry,Daylight
2020-01-30T06:21:00.000,I 85,I 85 and University Ave,,Rear End,2,Clear,Dry,Daylight
2020-10-01T06:18:00.000,I 85,I 85 and University Ave,,Sideswipe-Same Direction,2,Clear,Dry,Dark-Lighted
2020-03-12T07:56:00.000,I 85,I 85 and University Ave,,Rear End,2,Clear,Dry,Daylight
2020-02-20T09:31:00.000,I 85,I 85 and University Ave,,Rear End,2,Rain,Wet,Daylight
2020-03-03T08:35:00.000,I 85,I 85 and University Ave,,Rear End,2,Rain,Wet,Daylight
2020-12-07T06:28:00.000,I 85,I 85 and University Ave,,Sideswipe-Same Direction,2,Clear,Dry,Daylight
2020-09-20T00:16:00.000,I 85,I 85 and University Ave,,Rear End,2,Clear,Dry,Dark-Lighted
2020-07-03T16:55:00.000,I 85,I 85 and University Ave,,Sideswipe-Same Direction,3,Clear,Dry,Daylight
2020-06-26T15:13:00.000,I 85,I 85 and University Ave,,Sideswipe-Same Direction,2,Clear,Dry,Daylight
2020-01-31T17:42:00.000,I 85,I 85 and University Ave,,Sideswipe-Same Direction,2,Clear,Dry,Daylight
2020-10-30T11:54:00.000,I 85,I 85 and University Ave,,Sideswipe-Same Direction,2,Clear,Dry,Daylight
2020-11-02T10:16:00.000,I 85,I 85 and University Ave,,Not a Collision with Motor Vehicle,1,Clear,Dry,Daylight
2020-04-08T11:57:00.000,I 85,I 85 and University Ave,,Rear End,2,Cloudy,Dry,Daylight
2020-01-31T14:43:00.000,I 85,I 85 and University Ave,,Rear End,2,Clear,Dry,Daylight
2020-12-18T15:16:00.000,I 85,I 85 and University Ave,,Rear End,3,Clear,Dry,Daylight
2020-02-20T00:00:00.000,I 85,I 85 and University Ave,,Rear End,2,Rain,Wet,Daylight
2020-02-25T06:39:00.000,I 85,I 85 and University Ave,,Sideswipe-Same Direction,2,Rain,Wet,Daylight
2020-05-11T14:45:00.000,I 85,I 85 and University Ave,,Angle Crash,2,Clear,Dry,Daylight
2020-02-28T17:49:00.000,I 85,I 85 and University Ave,,Rear End,2,Clear,Dry,Dusk
2020-01-08T19:27:00.000,I 85,I 85 and University Ave,,Rear End,2,Clear,Dry,Daylight
2020-09-01T06:43:00.000,I 85,I 85 and University Ave,,Rear End,2,Clear,Dry,Daylight
2020-01-14T11:14:00.000,I 85,I 85 and University Ave,,Rear End,2,Rain,Wet,Daylight
2020-03-23T14:05:00.000,I 85,I 85 and University Ave,,Sideswipe-Same Direction,2,Rain,Wet,Daylight
2020-03-31T11:45:00.000,I 85,I 85 and University Ave,,Not a Collision with Motor Vehicle,1,Cloudy,Dry,Daylight
2020-12-17T09:06:00.000,I 85,I 85 and University Ave,,Rear End,2,Cloudy,Dry,Daylight