Date and Time,Roadway (From Crash Report),Intersection Name (from Crash Report),KABCO Severity,Manner of Collision (Crash Level) ,# of Vehicles per crash ,Weather Conditions (Crash Level),Surface Condition (Crash Level) ,Light Conditions (Crash Level)
2020-01-31T07:17:00.000,I 85,I 85 and University Ave,,Rear End,2,Rain,Wet,Daylight
2020-08-03T15:34:00.000,I 85,I 85 and University Ave,,Sideswipe-Same Direction,2,Clear,Wet,Daylight
2020-03-13T17:14:00.000,I 85,I 85 and University Ave,,Rear End,2,Clear,Dry,Daylight
2020-01-20T15:58:00.000,I 85,I 85 and University Ave,,Rear End,2,Clear,Dry,Daylight
2020-11-01T16:32:00.000,I 85,I 85 and University Ave,,Sideswipe-Same Direction,2,Clear,Dry,Daylight
2020-09-19T17:13:00.000,I 85,I 85 and University Ave,,Rear End,2,Cloudy,Dry,Daylight
2020-02-14T17:00:00.000,I 85,I 85 and University Ave,,Sideswipe-Same Direction,2,Clear,Dry,Daylight
2020-03-23T09:33:00.000,I 85,I 85 and University Ave,,Rear End,2,Rain,Wet,Daylight
2020-01-23T16:00:00.000,I 85,I 85 and University Ave,,Sideswipe-Same Direction,2,Cloudy,Wet,Daylight
2020-12-11T11:39:00.000,I 85,I 85 and University Ave,,Rear End,3,Clear,Dry,Daylight
2020-02-12T07:06:00.000,I 85,I 85 and University Ave,,Sideswipe-Same Direction,2,Cloudy,Dry,Daylight
2020-10-02T19:11:00.000,I 85,I 85 and University Ave,,Sideswipe-Same Direction,2,Clear,Dry,Daylight
2020-01-06T08:11:00.000,I 85,I 85 and University Ave,,Rear End,2,Clear,Dry,Daylight
2020-11-20T19:01:00.000,I 85,I 85 and University Ave,,Rear End,2,Clear,Dry,Dark-Lighted
2020-10-20T19:39:00.000,I 85,I 85 and University Ave,,Sideswipe-Same Direction,2,Clear,Dry,Dark-Not Lighted
2020-05-21T04:09:00.000,I 85,I 85 and University Ave,,Sideswipe-Same Direction,2,Clear,Dry,Daylight
2020-01-28T08:00:00.000,I 85,I 85 and University Ave,,Rear End,2,Clear,Dry,Daylight
2020-01-21T07:45:00.000,I 85,I 85 and University Ave,,Rear End,2,Clear,Dry,Daylight
2020-11-24T15:21:00.000,I 85,I 85 and University Ave,,Rear End,3,Clear,Dry,Daylight
2020-09-25T15:28:00.000,I 85,I 85 and University Ave,,Sideswipe-Same Direction,2,Clear,Dry,Daylight
2020-02-06T08:40:00.000,I 85,I 85 and University Ave,,Rear End,2,Rain,Wet,Daylight
2020-11-25T19:46:00.000,I 85,I 85 and University Ave,,Sideswipe-Same Direction,2,Clear,Dry,Dark-Lighted
2020-01-24T19:24:00.000,I 85,I 85 and University Ave,,Rear End,2,Clear,Dry,Daylight
2020-03-11T13:13:00.000,I 85,I 85 and University Ave,,Rear End,2,Cloudy,Dry,Daylight
2020-08-31T14:05:00.000,I 85,I 85 and University Ave,,Sideswipe-Same Direction,2,Clear,Dry,Daylight
2020-11-26T06:38:00.000,I 85,I 85 and University Ave,,Rear End,2,Rain,Wet,Dark-Not Lighted
2020-03-02T12:36:00.000,I 85,I 85 and University Ave,,Sideswipe-Same Direction,2,Rain,Wet,Daylight
2020-01-14T09:17:00.000,I 85,I 85 and University Ave,,Sideswipe-Same Direction,2,Cloudy,Wet,Daylight
2020-08-25T15:30:00.000,I 85,I 85 and University Ave,,Sideswipe-Same Direction,2,Rain,Wet,Daylight
2020-01-31T06:53:00.000,I 85,I 85 and University Ave,,Rear End,2,Clear,Dry,Dark-Lighted
2020-09-28T18:41:00.000,I 85,I 85 and University Ave,,Angle Crash,2,Clear,Dry,Daylight
2020-10-02T16:52:00.000,I 85,I 85 and University Ave,,Rear End,3,Clear,Dry,Daylight
2020-12-28T14:34:00.000,I 85,I 85 and University Ave,,Sideswipe-Same Direction,2,Clear,Dry,Daylight
2020-11-25T21:37:00.000,I 85,I 85 and University Ave,,Sideswipe-Same Direction,2,Clear,Wet,Dark-Lighted
2020-01-10T19:27:00.000,I 85,I 85 and University Ave,,Rear End,2,Clear,Dry,Dark-Lighted
2020-08-14T16:50:00.000,I 85,I 85 and University Ave,,Sideswipe-Same Direction,2,Rain,Wet,Daylight
2020-04-27T15:43:00.000,I 85,I 85 and University Ave,,Sideswipe-Same Direction,2,Clear,Dry,Daylight
2020-03-05T07:44:00.000,I 85,I 85 and University Ave,,Sideswipe-Same Direction,2,Rain,Wet,Daylight
2020-05-18T16:46:00.000,I 85,I 85 and University Ave,,Sideswipe-Same Direction,3,Cloudy,Dry,Daylight
2020-01-31T09:11:00.000,I 85,I 85 and University Ave,,Sideswipe-Same Direction,2,Rain,Wet,Daylight
2020-09-11T16:10:00.000,I 85,I 85 and University Ave,,Rear End,2,Clear,Dry,Daylight
2020-12-07T16:08:00.000,I 85,I 85 and University Ave,,Sideswipe-Same Direction,2,Clear,Dry,Daylight
2020-06-15T08:53:00.000,I 85,I 85 and University Ave,,Rear End,2,Clear,Dry,Daylight
2020-07-31T18:40:00.000,I 85,I 85 and University Ave,,Rear End,3,Clear,Dry,Daylight
2020-01-27T08:26:00.000,I 85,I 85 and University Ave,,Rear End,2,Clear,Dry,Daylight
2020-03-03T06:37:00.000,I 85,I 85 and University Ave,,Rear End,2,Cloudy,Wet,Dawn
2020-10-09T15:58:00.000,I 85,I 85 and University Ave,,Rear End,2,Cloudy,Wet,Daylight
2020-11-12T14:18:00.000,I 85,I 85 and University Ave,,Rear End,2,Clear,Dry,Daylight
2020-02-07T10:17:00.000,I 85,I 85 and University Ave,,Sideswipe-Same Direction,2,Cloudy,Dry,Daylight
2020-08-07T00:15:00.000,I 85,I 85 and University Ave,,Rear End,2,Clear,Dry,Dark-Lighted
2020-02-18T17:56:00.000,I 85,I 85 and University Ave,,Rear End,2,Cloudy,Wet,Daylight
2020-02-21T15:12:00.000,I 85,I 85 and University Ave,,Rear End,2,Clear,Dry,Daylight
2020-01-14T12:23:00.000,I 85,I 85 and University Ave,,Sideswipe-Same Direction,2,Rain,Wet,Daylight
2020-04-19T19:20:00.000,I 85,I 85 and University Ave,,Angle Crash,2,Rain,Wet,Dark-Lighted
2020-05-11T16:42:00.000,I 85,I 85 and University Ave,,Sideswipe-Same Direction,2,Clear,Dry,Daylight
2020-01-17T15:44:00.000,I 85,I 85 and University Ave,,Rear End,2,Clear,Dry,Daylight
2020-06-22T15:21:00.000,I 85,I 85 and University Ave,,Not a Collision with Motor Vehicle,1,Rain,Wet,Daylight
2020-11-12T18:21:00.000,I 85,I 85 and University Ave,,Rear End,2,Clear,Dry,Dark-Lighted
2020-11-12T14:34:00.000,I 85,I 85 and University Ave,,Sideswipe-Same Direction,2,Clear,Dry,Daylight
2020-01-23T08:22:00.000,I 85,I 85 and University Ave,,Rear End,2,Clear,Dry,Daylight
2020-02-07T06:08:00.000,I 85,I 85 and University Ave,,Rear End,2,Clear,Dry,Dark-Lighted
2020-03-22T22:27:00.000,I 85,I 85 and University Ave,,Angle Crash,2,Clear,Dry,Dark-Lighted
2020-12-10T17:10:00.000,I 85,I 85 and University Ave,,Rear End,4,Clear,Dry,Daylight
2020-01-08T18:10:00.000,I 85,I 85 and University Ave,,Rear End,3,Clear,Dry,Daylight
2020-01-13T09:06:00.000,I 85,I 85 and University Ave,,Rear End,2,Rain,Wet,Daylight
2020-06-18T14:35:00.000,I 85,I 85 and University Ave,,Sideswipe-Same Direction,2,Clear,Dry,Daylight
2020-05-08T14:20:00.000,I 85,I 85 and University Ave,,Rear End,3,Cloudy,Wet,Daylight
2020-11-13T14:15:00.000,I 85,I 85 and University Ave,,Sideswipe-Same Direction,2,Clear,Dry,Daylight
2020-03-13T07:15:00.000,I 85,I 85 and University Ave,,Sideswipe-Same Direction,2,Cloudy,Dry,Daylight
2020-01-14T07:00:00.000,I 85,I 85 and University Ave,,Rear End,2,Fog,Wet,Dark-Not Lighted
2020-01-21T05:51:00.000,I 85,I 85 and University Ave,,Rear End,2,Clear,Dry,Dark-Lighted
2020-03-03T07:18:00.000,I 85,I 85 and University Ave,,Sideswipe-Same Direction,2,Rain,Wet,Daylight
2020-08-25T16:48:00.000,I 85,I 85 and University Ave,,Rear End,2,Rain,Wet,Daylight
2020-05-28T19:27:00.000,I 85,I 85 and University Ave,,Not a Collision with Motor Vehicle,1,Clear,Dry,Daylight
2020-06-19T13:39:00.000,I 85,I 85 and University Ave,,Rear End,4,Clear,Dry,Daylight
2020-08-14T17:58:00.000,I 85,I 85 and University Ave,,Rear End,2,Cloudy,Wet,Daylight
2020-01-23T15:30:00.000,I 85,I 85 and University Ave,,Rear End,2,Cloudy,Dry,Daylight
2020-12-15T17:35:00.000,I 85,I 85 and University Ave,,Rear End,2,Cloudy,Dry,Dark-Lighted
2020-06-15T18:37:00.000,I 85,I 85 and University Ave,,Rear End,1,Clear,Wet,Daylight
2020-06-30T16:30:00.000,I 85,I 85 and University Ave,,Not a Collision with Motor Vehicle,2,Rain,Wet,Daylight
2020-03-16T18:25:00.000,I 85,I 85 and University Ave,,Rear End,2,Cloudy,Dry,Daylight
2020-08-17T10:14:00.000,I 85,I 85 and University Ave,,Not a Collision with Motor Vehicle,1,Clear,Dry,Daylight
2020-02-03T06:09:00.000,I 85,I 85 and University Ave,,Rear End,2,Clear,Dry,Dark-Lighted
2020-06-09T08:29:00.000,I 85,I 85 and University Ave,,Rear End,2,Cloudy,Dry,Daylight
2020-11-02T07:48:00.000,I 85,I 85 and University Ave,,Not a Collision with Motor Vehicle,1,Clear,Dry,Daylight
2020-11-12T18:51:00.000,I 85,I 85 and University Ave,,Rear End,2,Clear,Dry,Dark-Lighted
2020-08-20T11:54:00.000,I 85,I 85 and University Ave,,Sideswipe-Same Direction,2,Clear,Dry,Daylight
2021-05-28T10:14:00.000,I 85,I 85 and University Ave,,Rear End,2,Clear,Dry,Daylight
2021-02-25T17:00:00.000,I 85,I 85 and University Ave,,Sideswipe-Same Direction,2,Clear,Dry,Daylight
2021-05-18T16:59:00.000,I 85,I 85 and University Ave,,Sideswipe-Same Direction,2,Cloudy,Dry,Daylight
2021-05-25T15:20:00.000,I 85,I 85 and University Ave,,Rear End,2,Clear,Dry,Daylight
2021-02-05T19:56:00.000,I 85,I 85 and University Ave,,Sideswipe-Same Direction,2,Clear,Dry,Dark-Not Lighted
2021-04-28T19:01:00.000,I 85,I 85 and University Ave,,Rear End,2,Clear,Dry,Daylight
2021-04-16T17:02:00.000,I 85,I 85 and University Ave,,Rear End,2,Clear,Dry,Daylight
2021-06-17T19:34:00.000,I 85,I 85 and University Ave,,Rear End,2,Clear,Dry,Dusk
2021-02-25T16:34:00.000,I 85,I 85 and University Ave,,Rear End,2,Clear,Dry,Daylight
2021-05-18T17:54:00.000,I 85,I 85 and University Ave,,Rear End,2,Clear,Dry,Daylight
2021-06-29T09:54:00.000,I 85,I 85 and University Ave,,Sideswipe-Same Direction,2,Clear,Wet,Daylight
2021-04-29T14:05:00.000,I 85,I 85 and University Ave,,Rear End,2,Clear,Dry,Daylight
2021-06-29T10:50:00.000,I 85,I 85 and University Ave,,Rear End,2,Cloudy,Wet,Daylight
2021-06-30T15:10:00.000,I 85,I 85 and University Ave,,Rear End,3,Clear,Dry,Daylight
2021-04-02T18:58:00.000,I 85,I 85 and University Ave,,Rear End,2,Clear,Dry,Daylight
2021-05-25T12:42:00.000,I 85,I 85 and University Ave,,Sideswipe-Same Direction,2,Clear,Dry,Daylight
2021-04-08T09:51:00.000,I 85,I 85 and University Ave,,Rear End,3,Clear,Dry,Daylight
2021-06-14T18:35:00.000,I 85,I 85 and University Ave,,Rear End,2,Cloudy,Wet,Daylight
2021-05-14T15:09:00.000,I 85,I 85 and University Ave,,Sideswipe-Same Direction,2,Clear,Dry,Daylight
2021-02-24T16:47:00.000,I 85,I 85 and University Ave,,Rear End,2,Clear,Dry,Daylight
2021-05-04T00:00:00.000,I 85,I 85 and University Ave,,Rear End,2,Rain,Wet,Daylight
2021-06-23T18:32:00.000,I 85,I 85 and University Ave,,Sideswipe-Same Direction,2,Clear,Dry,Daylight
2021-02-02T12:46:00.000,I 85,I 85 and University Ave,,Sideswipe-Same Direction,2,Clear,Dry,Daylight
2021-03-16T09:00:00.000,I 85,I 85 and University Ave,,Not a Collision with Motor Vehicle,1,Cloudy,Wet,Daylight
2021-03-30T13:56:00.000,I 85,I 85 and University Ave,,Sideswipe-Same Direction,2,Clear,Dry,Daylight
2021-06-17T16:51:00.000,I 85,I 85 and University Ave,,Sideswipe-Same Direction,2,Clear,Dry,Daylight
2021-06-11T18:15:00.000,I 85,I 85 and University Ave,,Rear End,2,Clear,Wet,Daylight
2021-03-22T14:20:00.000,I 85,I 85 and University Ave,,Rear End,2,Cloudy,Dry,Daylight
2021-05-07T12:21:00.000,I 85,I 85 and University Ave,,Rear End,2,Clear,Dry,Daylight
2021-06-17T17:00:00.000,I 85,I 85 and University Ave,,Sideswipe-Same Direction,2,Clear,Dry,Daylight
2021-05-10T10:50:00.000,I 85,I 85 and University Ave,,Rear End,2,Cloudy,Wet,Daylight
2021-03-31T12:55:00.000,I 85,I 85 and University Ave,,Rear End,2,Rain,Wet,Daylight
2021-06-30T14:42:00.000,I 85,I 85 and University Ave,,Angle Crash,2,Clear,Dry,Daylight
2021-06-01T08:49:00.000,I 85,I 85 and University Ave,,Rear End,3,Clear,Dry,Daylight
2021-02-02T18:00:00.000,I 85,I 85 and University Ave,,Rear End,2,Clear,Dry,Daylight
2021-01-07T14:32:00.000,I 85,I 85 and University Ave,,Rear End,3,Clear,Dry,Daylight
2021-03-29T15:46:00.000,I 85,I 85 and University Ave,,Rear End,3,Clear,Dry,Daylight
2021-03-31T12:55:00.000,I 85,I 85 and University Ave,,Rear End,3,Rain,Wet,Daylight
2021-09-13T15:40:00.000,I 85,I 85 and University Ave,,Rear End,2,Clear,Dry,Daylight
2021-09-16T17:20:00.000,I 85,I 85 and University Ave,,Rear End,2,Cloudy,Wet,Daylight
2021-08-13T17:05:00.000,I 85,I 85 and University Ave,,Rear End,2,Clear,Dry,Daylight
2021-07-15T13:30:00.000,I 85,I 85 and University Ave,,Rear End,2,Clear,Dry,Daylight
2021-07-26T08:44:00.000,I 85,I 85 and University Ave,,Rear End,2,Clear,Dry,Daylight
2021-09-23T18:05:00.000,I 85,I 85 and University Ave,,Sideswipe-Same Direction,2,Clear,Dry,Daylight
2021-09-16T17:06:00.000,I 85,I 85 and University Ave,,Sideswipe-Same Direction,3,Cloudy,Wet,Daylight
2021-09-29T16:30:00.000,I 85,I 85 and University Ave,,Angle Crash,2,Clear,Dry,Daylight
2021-09-07T10:42:00.000,I 85,I 85 and University Ave,,Sideswipe-Same Direction,2,Cloudy,Wet,Daylight
2021-07-02T14:18:00.000,I 85,I 85 and University Ave,,Sideswipe-Same Direction,2,Clear,Dry,Daylight
2021-08-06T15:58:00.000,I 85,I 85 and University Ave,,Rear End,2,Cloudy,Dry,Daylight
2021-09-10T13:25:00.000,I 85,I 85 and University Ave,,Rear End,2,Clear,Dry,Daylight
2021-07-29T06:55:00.000,I 85,I 85 and University Ave,,Rear End,2,Clear,Dry,Daylight
2021-08-06T13:30:00.000,I 85,I 85 and University Ave,,Rear End,2,Clear,Dry,Daylight
2021-07-14T20:24:00.000,I 85,I 85 and University Ave,,Sideswipe-Same Direction,2,Cloudy,Dry,Daylight
2021-07-28T07:51:00.000,I 85,I 85 and University Ave,,Sideswipe-Same Direction,2,Clear,Dry,Daylight
2021-07-27T07:50:00.000,I 85,I 85 and University Ave,,Sideswipe-Same Direction,2,Clear,Dry,Daylight
2021-08-26T06:28:00.000,I 85,I 85 and University Ave,,Sideswipe-Same Direction,2,Clear,Dry,Daylight
2021-08-10T09:56:00.000,I 85,I 85 and University Ave,,Rear End,2,Clear,Dry,Daylight
2021-08-17T15:53:00.000,I 85,I 85 and University Ave,,Rear End,2,Clear,Dry,Daylight
2021-07-05T12:39:00.000,I 85,I 85 and University Ave,,Rear End,2,Clear,Dry,Daylight
2021-09-07T14:50:00.000,I 85,I 85 and University Ave,,Rear End,2,Rain,Wet,Daylight
2021-07-01T12:48:00.000,I 85,I 85 and University Ave,,Rear End,2,Clear,Dry,Daylight
2021-08-30T08:31:00.000,I 85,I 85 and University Ave,,Rear End,2,Clear,Dry,Daylight
2021-08-13T15:25:00.000,I 85,I 85 and University Ave,,Sideswipe-Same Direction,2,Clear,Dry,Daylight
2021-09-09T17:30:00.000,I 85,I 85 and University Ave,,Rear End,2,Clear,Dry,Daylight
2021-08-16T17:18:00.000,I 85,I 85 and University Ave,,Sideswipe-Same Direction,2,Cloudy,Wet,Daylight
2021-08-06T15:58:00.000,I 85,I 85 and University Ave,,Rear End,2,Clear,Dry,Daylight
2021-07-27T17:00:00.000,I 85,I 85 and University Ave,,Angle Crash,2,Cloudy,Dry,Daylight
2021-08-17T15:56:00.000,I 85,I 85 and University Ave,,Sideswipe-Same Direction,2,Cloudy,Dry,Daylight
2021-07-22T08:40:00.000,I 85,I 85 and University Ave,,Rear End,2,Clear,Dry,Daylight
2021-07-23T14:38:00.000,I 85,I 85 and University Ave,,Rear End,3,Clear,Dry,Daylight
2021-07-28T07:57:00.000,I 85,I 85 and University Ave,,Rear End,2,Clear,Dry,Daylight
2021-07-16T12:15:00.000,I 85,I 85 and University Ave,,Sideswipe-Same Direction,2,Cloudy,Dry,Daylight
2021-07-19T19:50:00.000,I 85,I 85 and University Ave,,Sideswipe-Same Direction,2,Rain,Wet,Daylight
2021-09-20T17:15:00.000,I 85,I 85 and University Ave,,Sideswipe-Same Direction,2,Cloudy,Wet,Daylight
2021-09-08T09:21:00.000,I 85,I 85 and University Ave,,Rear End,2,Cloudy,Wet,Daylight
2021-08-31T15:27:00.000,I 85,I 85 and University Ave,,Rear End,2,Cloudy,Dry,Daylight
2021-08-31T13:30:00.000,I 85,I 85 and University Ave,,Not a Collision with Motor Vehicle,1,Cloudy,Wet,Daylight
2021-08-23T11:30:00.000,I 85,I 85 and University Ave,,Sideswipe-Same Direction,2,Clear,Dry,Daylight
2021-07-02T16:29:00.000,I 85,I 85 and University Ave,,Rear End,2,Clear,Dry,Daylight
2024-09-20T17:30:00.000,I 85,I 85 and University Ave,,Rear End,2,Clear,Dry,Daylight
2021-04-26T14:21:00.000,I 85,I 85 and University,,Rear End,3,Clear,Dry,Daylight
2020-06-18T19:00:00.000,I 85,I 85 and University,,Sideswipe-Same Direction,2,Clear,Dry,Daylight
2020-08-23T17:17:00.000,I 85,I 85 and University,,Sideswipe-Same Direction,3,Rain,Wet,Daylight
2020-12-24T18:06:00.000,I 85,I 85 and University,,Rear End,2,Cloudy,Wet,Dark-Lighted
2020-01-02T18:05:00.000,I 85,I 85 and University,,Rear End,2,Rain,Wet,Dark-Lighted
2020-08-23T17:17:00.000,I 85,I 85 and University,,Sideswipe-Same Direction,2,Rain,Wet,Daylight
2020-10-06T17:42:00.000,I 85,I 85 and University,,Sideswipe-Same Direction,3,Clear,Dry,Daylight
2020-01-02T13:08:00.000,I 85,I 85 and University,,Not a Collision with Motor Vehicle,1,Rain,Wet,Daylight
2020-08-23T17:00:00.000,I 85,I 85 and University,,Sideswipe-Same Direction,3,Rain,Wet,Daylight
2020-10-30T10:59:00.000,I 85,I 85 and University,,Rear End,2,Clear,Dry,Daylight
2020-12-18T13:09:00.000,I 85,I 85 and University,,Sideswipe-Same Direction,2,Clear,Dry,Daylight
2020-08-23T17:17:00.000,I 85,I 85 and University,,Angle Crash,3,Rain,Wet,Daylight
2021-08-03T09:57:00.000,I 85,I 85 and University,,Rear End,3,Cloudy,Wet,Daylight
2021-04-19T15:57:00.000,I 85,I 85 and Univeristy Ave,,Rear End,4,Clear,Dry,Daylight
2020-02-07T15:00:00.000,I 85,I 85 and Under I20 Opas,,Rear End,2,Clear,Dry,Daylight
2020-03-12T18:36:00.000,I 85,I 85 and Under Freedom Pkwy Opas,,Rear End,2,Cloudy,Dry,Daylight
2024-08-06T14:47:00.000,I 85,I 85 and Under Boggs Rd,,Not a Collision with Motor Vehicle,1,Clear,Dry,Daylight
2021-08-23T00:00:00.000,I 85,I 85 and Uiversity Ave,,Rear End,2,Clear,Dry,Daylight
2021-07-30T13:10:00.000,I 85,I 85 and Uiversity Ave,,Rear End,2,Clear,Dry,Daylight
2021-11-01T16:46:00.000,I 85,I 85 and Uindian Trail-Lilburn Rd,,Rear End,2,Clear,Dry,Daylight
2022-12-29T16:21:00.000,I 85,I 85 and U.S Hwy 129,,Rear End,2,Clear,Dry,Daylight
2022-12-23T15:26:00.000,I 85,I 85 and U.S Hwy 129,,Rear End,2,Clear,Dry,Daylight
2021-02-06T17:37:00.000,I 85,I 85 and Turkey Creek Rd,,Not a Collision with Motor Vehicle,1,Rain,Wet,Dark-Not Lighted
2020-05-17T05:40:00.000,I 85,I 85 and Turkey Creek Rd,,Rear End,2,Clear,Dry,Dark-Not Lighted
2020-11-15T06:02:00.000,I 85,I 85 and Turkey Creek Rd,,Not a Collision with Motor Vehicle,1,Fog,Dry,Dark-Not Lighted
2023-10-29T07:15:00.000,I 85,I 85 and Turkey Creek Rd,,Rear End,2,Clear,Dry,Dark-Not Lighted
2023-08-06T03:02:00.000,I 85,I 85 and Turkey Creek Rd,,Rear End,1,Clear,Dry,Dark-Not Lighted
2024-09-28T04:29:00.000,I 85,I 85 and Turkey Creek Rd,,Not a Collision with Motor Vehicle,1,Clear,Dry,Dark-Not Lighted
2022-08-30T08:20:00.000,I 85,I 85 and Tullie Cir,,Rear End,3,Cloudy,Dry,Daylight
2024-12-13T15:30:00.000,I 85,I 85 and Tullie Cir,,Rear End,2,Cloudy,Dry,Daylight
2024-11-14T23:00:00.000,I 85,I 85 and Tullie Cir,,Not a Collision with Motor Vehicle,1,Clear,Dry,Dark-Not Lighted
2021-02-10T16:44:00.000,I 85,I 85 and To I85,,Angle Crash,2,Clear,Dry,Daylight
2021-01-14T18:23:00.000,I 85,I 85 and To I85,,Rear End,2,Clear,Dry,Dark-Not Lighted
2021-09-29T16:20:00.000,I 85,I 85 and To I85,,Rear End,2,Clear,Dry,Daylight
2021-10-20T16:50:00.000,I 85,I 85 and To I85,,Sideswipe-Same Direction,2,Clear,Dry,Daylight
2023-10-10T19:04:00.000,I 85,I 85 and To I85,,Not a Collision with Motor Vehicle,1,Clear,Dry,Daylight
2023-08-18T10:09:00.000,I 85,I 85 and To I85,,Sideswipe-Same Direction,2,Clear,Dry,Daylight
2020-01-24T13:36:00.000,I 85,I 85 and To I85,,Angle Crash,2,Cloudy,Wet,Daylight
2020-02-01T09:07:00.000,I 85,I 85 and To I85,,Rear End,2,Cloudy,Dry,Daylight
2020-05-27T14:48:00.000,I 85,I 85 and To I85,,Rear End,2,Rain,Wet,Daylight
2020-07-22T17:00:00.000,I 85,I 85 and To I85,,Angle Crash,2,Clear,Dry,Daylight
2022-02-08T00:00:00.000,I 85,I 85 and To I85,,Sideswipe-Same Direction,2,Clear,Dry,Daylight
2022-02-25T14:50:00.000,I 85,I 85 and To I85,,Sideswipe-Same Direction,2,Clear,Dry,Daylight
2021-11-04T20:30:00.000,I 85,I 85 and To I85,,Rear End,2,Cloudy,Dry,Dark-Not Lighted
2022-03-14T07:40:00.000,I 85,I 85 and To I85,,Not a Collision with Motor Vehicle,1,Cloudy,Dry,Daylight
2022-12-28T06:33:00.000,I 85,I 85 and To I85,,Sideswipe-Same Direction,2,Clear,Dry,Dark-Not Lighted
2024-10-03T05:55:00.000,I 85,I 85 and To I85,,Sideswipe-Same Direction,2,Clear,Dry,Dark-Not Lighted
2024-12-08T06:40:00.000,I 85,I 85 and To I85,,Rear End,2,Cloudy,Dry,Dark-Not Lighted
2024-05-17T00:00:00.000,I 85,I 85 and To I85,,Sideswipe-Same Direction,2,Cloudy,Dry,Daylight
2024-07-23T16:01:00.000,I 85,I 85 and To I85,,Sideswipe-Same Direction,2,Clear,Dry,Daylight
2022-12-09T17:09:00.000,I 85,I 85 and Timothy Dr,,Rear End,4,Rain,Wet,Dark-Not Lighted
2022-11-18T08:33:00.000,I 85,I 85 and Thompson Mill Rd,,Not a Collision with Motor Vehicle,1,Clear,Dry,Daylight
2022-01-07T15:40:00.000,I 85,I 85 and Thompson Mill Rd,,Rear End,2,Rain,Wet,Daylight
2020-07-16T14:05:00.000,I 85,I 85 and Terrell Mill Rd,,Rear End,3,Clear,Dry,Daylight
2020-03-24T12:40:00.000,I 85,I 85 and Tenth St,,Rear End,2,Cloudy,Dry,Daylight
2021-12-30T05:42:00.000,I 85,I 85 and Syvan Rd,,Not a Collision with Motor Vehicle,1,Rain,Water (standing or moving),Dark-Lighted
2024-03-04T13:45:00.000,I 85,I 85 and Sylvan Rd Opas,,Sideswipe-Same Direction,2,Cloudy,Dry,Daylight
2021-08-22T05:00:00.000,I 85,I 85 and Sylvan Rd N Central Ave,,Not a Collision with Motor Vehicle,1,Clear,Dry,Dark-Lighted
2023-12-10T07:10:00.000,I 85,I 85 and Sylvan Rd Exit,,Not a Collision with Motor Vehicle,1,Rain,Wet,Dawn
2021-12-14T15:40:00.000,I 85,I 85 and Sylvan Rd,,Sideswipe-Same Direction,2,Clear,Dry,Daylight
2021-01-27T08:00:00.000,I 85,I 85 and Sylvan Rd,,Not a Collision with Motor Vehicle,1,Rain,Wet,Daylight
2023-10-20T14:25:00.000,I 85,I 85 and Sylvan Rd,,Sideswipe-Same Direction,2,Clear,Dry,Daylight
2023-07-10T07:28:00.000,I 85,I 85 and Sylvan Rd,,Not a Collision with Motor Vehicle,1,Rain,Wet,Daylight
2023-12-12T16:02:00.000,I 85,I 85 and Sylvan Rd,,Sideswipe-Same Direction,2,Clear,Dry,Daylight
2023-09-13T15:02:00.000,I 85,I 85 and Sylvan Rd,,Sideswipe-Same Direction,2,Clear,Dry,Daylight
2023-12-03T10:30:00.000,I 85,I 85 and Sylvan Rd,,Not a Collision with Motor Vehicle,1,Rain,Wet,Daylight
2023-04-13T12:20:00.000,I 85,I 85 and Sylvan Rd,,Not a Collision with Motor Vehicle,1,Rain,Wet,Daylight