Date and Time,Roadway (From Crash Report),Intersection Name (from Crash Report),KABCO Severity,Manner of Collision (Crash Level) ,# of Vehicles per crash ,Weather Conditions (Crash Level),Surface Condition (Crash Level) ,Light Conditions (Crash Level)
2023-08-21T14:45:00.000,I 85,I 85 and Sylvan Rd,,Rear End,2,Clear,Dry,Daylight
2023-05-25T10:55:00.000,I 85,I 85 and Sylvan Rd,,Rear End,2,Clear,Dry,Daylight
2022-04-16T04:16:00.000,I 85,I 85 and Sylvan Rd,,Angle Crash,2,Rain,Water (standing or moving),Dark-Lighted
2022-12-26T09:35:00.000,I 85,I 85 and Sylvan Rd,,Sideswipe-Same Direction,2,Clear,Dry,Daylight
2020-07-09T13:10:00.000,I 85,I 85 and Sylvan Rd,,Rear End,2,Clear,Dry,Daylight
2020-03-05T12:08:00.000,I 85,I 85 and Sylvan Rd,,Not a Collision with Motor Vehicle,1,Rain,Wet,Daylight
2020-11-07T17:04:00.000,I 85,I 85 and Sylvan Rd,,Not a Collision with Motor Vehicle,1,Clear,Dry,Daylight
2020-05-18T17:30:00.000,I 85,I 85 and Sylvan Rd,,Not a Collision with Motor Vehicle,1,Rain,Wet,Daylight
2020-08-25T08:55:00.000,I 85,I 85 and Sylvan Rd,,Not a Collision with Motor Vehicle,1,Rain,Wet,Daylight
2020-05-12T12:49:00.000,I 85,I 85 and Sylvan Rd,,Angle Crash,3,Clear,Dry,Daylight
2020-05-18T17:35:00.000,I 85,I 85 and Sylvan Rd,,Not a Collision with Motor Vehicle,1,Rain,Wet,Daylight
2020-01-12T21:50:00.000,I 85,I 85 and Sylvan Rd,,Sideswipe-Same Direction,2,Clear,Dry,Dark-Lighted
2020-08-05T15:25:00.000,I 85,I 85 and Sylvan Rd,,Angle Crash,2,Rain,Wet,Daylight
2020-05-27T13:41:00.000,I 85,I 85 and Sylvan Rd,,Not a Collision with Motor Vehicle,1,Rain,Wet,Daylight
2020-09-12T17:15:00.000,I 85,I 85 and Sylvan Rd,,Not a Collision with Motor Vehicle,1,Clear,Dry,Daylight
2020-06-26T16:04:00.000,I 85,I 85 and Sylvan Rd,,Sideswipe-Same Direction,2,Cloudy,Dry,Daylight
2020-07-14T08:27:00.000,I 85,I 85 and Sylvan Rd,,Not a Collision with Motor Vehicle,1,Clear,Dry,Daylight
2021-01-26T06:04:00.000,I 85,I 85 and Sylvan Rd,,Rear End,2,Rain,Wet,Dark-Lighted
2021-10-02T05:25:00.000,I 85,I 85 and Sylvan Rd,,Rear End,2,Clear,Dry,Dark-Lighted
2021-10-26T05:58:00.000,I 85,I 85 and Sylvan Rd,,Not a Collision with Motor Vehicle,1,Clear,Dry,Dark-Lighted
2022-02-18T00:00:00.000,I 85,I 85 and Sylvan Rd,,Not a Collision with Motor Vehicle,1,Rain,Wet,Dark-Lighted
2022-03-15T17:40:00.000,I 85,I 85 and Sylvan Rd,,Not a Collision with Motor Vehicle,1,Rain,Wet,Daylight
2021-12-30T14:29:00.000,I 85,I 85 and Sylvan Rd,,Not a Collision with Motor Vehicle,1,Rain,Wet,Daylight
2021-08-17T09:35:00.000,I 85,I 85 and Sylvan Rd,,Rear End,2,Rain,Water (standing or moving),Daylight
2022-07-07T01:16:00.000,I 85,I 85 and Sylvan Rd,,Angle Crash,2,Rain,Wet,Dark-Not Lighted
2022-11-26T23:15:00.000,I 85,I 85 and Sylvan Rd,,Sideswipe-Opposite Direction,2,Rain,Wet,Dark-Not Lighted
2022-10-18T10:22:00.000,I 85,I 85 and Sylvan Rd,,Angle Crash,2,Clear,Dry,Daylight
2022-10-24T17:00:00.000,I 85,I 85 and Sylvan Rd,,Sideswipe-Same Direction,2,Clear,Dry,Daylight
2022-11-07T00:00:00.000,I 85,I 85 and Sylvan Rd,,Sideswipe-Opposite Direction,2,Clear,Dry,Dark-Not Lighted
2022-05-19T17:35:00.000,I 85,I 85 and Sylvan Rd,,Sideswipe-Opposite Direction,2,Clear,Dry,Daylight
2022-03-22T13:30:00.000,I 85,I 85 and Sylvan Rd,,Sideswipe-Same Direction,2,Clear,Dry,Daylight
2022-06-22T13:15:00.000,I 85,I 85 and Sylvan Rd,,Sideswipe-Same Direction,2,Clear,Dry,Daylight
2022-12-31T10:51:00.000,I 85,I 85 and Sylvan Rd,,Not a Collision with Motor Vehicle,1,Rain,Wet,Daylight
2022-05-23T07:40:00.000,I 85,I 85 and Sylvan Rd,,Not a Collision with Motor Vehicle,1,Rain,Wet,Daylight
2022-05-01T13:25:00.000,I 85,I 85 and Sylvan Rd,,Sideswipe-Same Direction,2,Clear,Dry,Daylight
2022-12-09T20:00:00.000,I 85,I 85 and Sylvan Rd,,Rear End,2,Rain,Wet,Dark-Not Lighted
2022-03-11T09:30:00.000,I 85,I 85 and Sylvan Rd,,Sideswipe-Same Direction,2,Cloudy,Dry,Daylight
2022-09-10T07:05:00.000,I 85,I 85 and Sylvan Rd,,Angle Crash,2,Rain,Wet,Daylight
2022-07-19T09:25:00.000,I 85,I 85 and Sylvan Rd,,Not a Collision with Motor Vehicle,1,Rain,Wet,Daylight
2022-02-03T23:35:00.000,I 85,I 85 and Sylvan Rd,,Not a Collision with Motor Vehicle,1,Rain,Wet,Dark-Not Lighted
2023-05-30T10:30:00.000,I 85,I 85 and Sylvan Rd,,Angle Crash,2,Clear,Dry,Daylight
2024-09-11T08:25:00.000,I 85,I 85 and Sylvan Rd,,Rear End,2,Clear,Dry,Daylight
2024-09-17T19:20:00.000,I 85,I 85 and Sylvan Rd,,Sideswipe-Same Direction,2,Clear,Dry,Dark-Not Lighted
2023-10-02T08:25:00.000,I 85,I 85 and Sylvan Rd,,Sideswipe-Same Direction,2,Clear,Dry,Daylight
2023-02-28T07:21:00.000,I 85,I 85 and Sylvan Rd,,Rear End,2,Clear,Dry,Daylight
2023-01-04T06:17:00.000,I 85,I 85 and Sylvan Rd,,Not a Collision with Motor Vehicle,1,Rain,Wet,Dark-Lighted
2023-10-30T14:55:00.000,I 85,I 85 and Sylvan Rd,,Rear End,3,Clear,Dry,Daylight
2023-06-09T14:50:00.000,I 85,I 85 and Sylvan Rd,,Sideswipe-Same Direction,2,Clear,Dry,Daylight
2023-05-22T17:32:00.000,I 85,I 85 and Sylvan Rd,,Not a Collision with Motor Vehicle,1,Rain,Water (standing or moving),Daylight
2023-10-29T19:20:00.000,I 85,I 85 and Sylvan Rd,,Rear End,3,Clear,Dry,Dark-Not Lighted
2023-04-21T06:12:00.000,I 85,I 85 and Sylvan Rd,,Angle Crash,2,Clear,Dry,Dark-Not Lighted
2024-01-05T23:25:00.000,I 85,I 85 and Sylvan Rd,,Not a Collision with Motor Vehicle,1,Rain,Wet,Dark-Not Lighted
2024-05-21T12:39:00.000,I 85,I 85 and Sylvan Rd,,Sideswipe-Same Direction,2,Clear,Dry,Daylight
2024-04-09T07:30:00.000,I 85,I 85 and Sylvan Rd,,Not a Collision with Motor Vehicle,1,Rain,Wet,Daylight
2024-01-01T13:43:00.000,I 85,I 85 and Sylvan Rd,,Sideswipe-Same Direction,2,Clear,Dry,Daylight
2024-10-05T10:32:00.000,I 85,I 85 and Sylvan Rd,,Angle Crash,2,Clear,Dry,Daylight
2024-07-20T21:24:00.000,I 85,I 85 and Sylvan Rd,,Not a Collision with Motor Vehicle,1,Clear,Dry,Dusk
2024-01-09T09:21:00.000,I 85,I 85 and Sylvan Rd,,Not a Collision with Motor Vehicle,1,Rain,Wet,Daylight
2024-10-05T02:50:00.000,I 85,I 85 and Sylvan Rd,,Head On,2,Clear,Dry,Dark-Not Lighted
2024-11-19T02:42:00.000,I 85,I 85 and Sylvan Rd,,Not a Collision with Motor Vehicle,1,Clear,Dry,Dark-Not Lighted
2024-03-06T03:40:00.000,I 85,I 85 and Sylvan Rd,,Rear End,3,Rain,Wet,Daylight
2024-06-29T16:53:00.000,I 85,I 85 and Sylvan Rd,,Sideswipe-Same Direction,2,Cloudy,Wet,Daylight
2024-04-05T18:25:00.000,I 85,I 85 and Sylvan Rd,,Not a Collision with Motor Vehicle,1,Clear,Dry,Daylight
2021-07-15T19:28:00.000,I 85,I 85 and Sydney Marcus Blvd,,Sideswipe-Same Direction,2,Cloudy,Dry,Daylight
2021-11-02T09:08:00.000,I 85,I 85 and Sydney Marcus,,Rear End,2,Clear,Dry,Daylight
2024-11-26T07:35:00.000,I 85,I 85 and Suwanee Roa D,,Rear End,2,Cloudy,Wet,Daylight
2024-06-17T09:20:00.000,I 85,I 85 and Suwanee Rd,,Rear End,2,Clear,Dry,Daylight
2024-08-14T08:40:00.000,I 85,I 85 and Suwanee Rd,,Sideswipe-Same Direction,2,Clear,Dry,Daylight
2024-05-31T17:00:00.000,I 85,I 85 and Suwanee Rd,,Rear End,3,Clear,Dry,Daylight
2021-12-15T17:24:00.000,I 85,I 85 and Suwanee Lawrenville Rd.,,Rear End,2,Clear,Dry,Daylight
2020-05-22T15:00:00.000,I 85,I 85 and Suwanee Exit,,Rear End,2,Clear,Dry,Daylight
2021-02-09T23:45:00.000,I 85,I 85 and Surgarloaf Pkwy,,Not a Collision with Motor Vehicle,1,Clear,Dry,Dark-Lighted
2022-07-15T15:25:00.000,I 85,I 85 and Surgarloaf Pkwy,,Sideswipe-Same Direction,2,Clear,Dry,Daylight
2020-12-05T16:41:00.000,I 85,I 85 and Sullivan Rd,,Angle Crash,2,Clear,Dry,Daylight
2020-01-11T15:04:00.000,I 85,I 85 and Sullivan Rd,,Angle Crash,2,Cloudy,Wet,Daylight
2020-12-05T16:41:00.000,I 85,I 85 and Sullivan Rd,,Angle Crash,2,Clear,Dry,Daylight
2023-06-03T12:38:00.000,I 85,I 85 and Sullivan Rd,,Sideswipe-Same Direction,2,Clear,Dry,Daylight
2024-11-09T14:57:00.000,I 85,I 85 and Sugarlolaf Pkwy,,Rear End,2,Clear,Dry,Daylight
2024-12-12T20:30:00.000,I 85,I 85 and Sugarloft Pkwy,,Rear End,1,Clear,Dry,Dark-Not Lighted
2023-08-07T15:30:00.000,I 85,I 85 and Sugarloarf Pkwy,,Angle Crash,2,Clear,Dry,Daylight
2023-04-05T23:26:00.000,I 85,I 85 and Sugarloaf Rp,,Rear End,2,Clear,Dry,Dark-Not Lighted
2021-09-03T16:20:00.000,I 85,I 85 and Sugarloaf Rd,,Rear End,2,Clear,Dry,Daylight
2024-07-01T15:15:00.000,I 85,I 85 and Sugarloaf Rd,,Not a Collision with Motor Vehicle,1,Clear,Dry,Daylight
2021-04-11T10:30:00.000,I 85,I 85 and Sugarloaf Prkwy,,Sideswipe-Same Direction,2,Clear,Dry,Daylight
2022-04-25T22:05:00.000,I 85,I 85 and Sugarloaf Pky Exit,,Not a Collision with Motor Vehicle,1,Cloudy,Dry,Dark-Not Lighted
2024-12-22T14:42:00.000,I 85,I 85 and Sugarloaf Pky Ex Rp W Ramp Nw Sugarloaf Pkwy,,Rear End,2,Clear,Dry,Daylight
2021-10-22T18:29:00.000,I 85,I 85 and Sugarloaf Pkwy Rp,,Rear End,2,Clear,Dry,Daylight
2020-10-24T03:38:00.000,I 85,I 85 and Sugarloaf Pkwy Exit Rp,,(None),1,(None),(None),(None)
2020-01-04T07:02:00.000,I 85,I 85 and Sugarloaf Pkwy Exit Rp,,Not a Collision with Motor Vehicle,1,Rain,Wet,Dawn
2020-01-03T11:42:00.000,I 85,I 85 and Sugarloaf Pkwy Exit Rp,,Head On,2,Rain,Wet,Daylight
2022-11-12T00:02:00.000,I 85,I 85 and Sugarloaf Pkwy Exit Rp,,Not a Collision with Motor Vehicle,1,Cloudy,Wet,Dark-Not Lighted
2024-11-02T13:09:00.000,I 85,I 85 and Sugarloaf Pkwy Exit 108,,Sideswipe-Same Direction,2,Clear,Dry,Daylight
2023-04-08T10:59:00.000,I 85,I 85 and Sugarloaf Pkwy Exit,,Angle Crash,2,Rain,Wet,Daylight
2024-01-17T22:20:00.000,I 85,I 85 and Sugarloaf Pkwy Entrence Rp,,Not a Collision with Motor Vehicle,1,Clear,Dry,Dark-Not Lighted
2021-01-17T15:52:00.000,I 85,I 85 and Sugarloaf Pkwy,,Not a Collision with Motor Vehicle,1,Clear,Dry,Daylight
2021-07-30T16:30:00.000,I 85,I 85 and Sugarloaf Pkwy,,Sideswipe-Same Direction,2,Clear,Dry,Daylight
2021-12-01T16:45:00.000,I 85,I 85 and Sugarloaf Pkwy,,Sideswipe-Same Direction,2,Clear,Dry,Dark-Lighted
2021-12-29T15:20:00.000,I 85,I 85 and Sugarloaf Pkwy,,Rear End,2,Cloudy,Wet,Daylight
2021-09-14T17:59:00.000,I 85,I 85 and Sugarloaf Pkwy,,Rear End,2,Clear,Dry,Daylight
2021-06-26T22:40:00.000,I 85,I 85 and Sugarloaf Pkwy,,Sideswipe-Same Direction,2,Clear,Dry,Dark-Not Lighted
2021-04-11T17:43:00.000,I 85,I 85 and Sugarloaf Pkwy,,Sideswipe-Same Direction,2,Clear,Dry,Daylight
2021-06-19T22:35:00.000,I 85,I 85 and Sugarloaf Pkwy,,Rear End,2,Rain,Wet,Dark-Lighted
2021-01-24T14:30:00.000,I 85,I 85 and Sugarloaf Pkwy,,Rear End,2,Clear,Dry,Daylight
2021-05-13T15:35:00.000,I 85,I 85 and Sugarloaf Pkwy,,Rear End,2,Clear,Dry,Daylight
2021-06-03T11:00:00.000,I 85,I 85 and Sugarloaf Pkwy,,Rear End,2,Clear,Dry,Daylight
2021-03-17T17:02:00.000,I 85,I 85 and Sugarloaf Pkwy,,Not a Collision with Motor Vehicle,1,Rain,Wet,Daylight
2021-05-14T06:40:00.000,I 85,I 85 and Sugarloaf Pkwy,,Sideswipe-Same Direction,2,Clear,Dry,Daylight
2021-06-29T10:58:00.000,I 85,I 85 and Sugarloaf Pkwy,,Rear End,2,Rain,Wet,Daylight
2021-12-24T09:00:00.000,I 85,I 85 and Sugarloaf Pkwy,,Rear End,2,Clear,Dry,Daylight
2021-12-08T07:10:00.000,I 85,I 85 and Sugarloaf Pkwy,,Sideswipe-Same Direction,2,Rain,Wet,Dawn
2021-11-19T20:31:00.000,I 85,I 85 and Sugarloaf Pkwy,,Not a Collision with Motor Vehicle,1,Clear,Dry,Dark-Lighted
2021-08-18T01:00:00.000,I 85,I 85 and Sugarloaf Pkwy,,Sideswipe-Same Direction,2,Cloudy,Dry,Dark-Lighted
2021-11-14T16:41:00.000,I 85,I 85 and Sugarloaf Pkwy,,Sideswipe-Same Direction,2,Clear,Dry,Daylight
2021-10-25T15:30:00.000,I 85,I 85 and Sugarloaf Pkwy,,Sideswipe-Same Direction,3,Cloudy,Dry,Daylight
2021-10-08T01:30:00.000,I 85,I 85 and Sugarloaf Pkwy,,Not a Collision with Motor Vehicle,1,Clear,Dry,Dark-Lighted
2021-09-27T06:10:00.000,I 85,I 85 and Sugarloaf Pkwy,,Sideswipe-Same Direction,2,Cloudy,Dry,Dark-Lighted
2021-11-08T19:30:00.000,I 85,I 85 and Sugarloaf Pkwy,,Rear End,2,Clear,Dry,Dark-Lighted
2021-11-11T19:10:00.000,I 85,I 85 and Sugarloaf Pkwy,,Not a Collision with Motor Vehicle,1,Rain,Wet,Dusk
2021-07-25T19:58:00.000,I 85,I 85 and Sugarloaf Pkwy,,Sideswipe-Same Direction,2,Clear,Dry,Daylight
2021-05-18T08:10:00.000,I 85,I 85 and Sugarloaf Pkwy,,Sideswipe-Same Direction,2,Clear,Dry,Daylight
2021-06-10T16:59:00.000,I 85,I 85 and Sugarloaf Pkwy,,Sideswipe-Same Direction,2,Rain,Wet,Daylight
2021-12-23T14:57:00.000,I 85,I 85 and Sugarloaf Pkwy,,Sideswipe-Same Direction,2,Clear,Dry,Daylight
2021-11-18T15:00:00.000,I 85,I 85 and Sugarloaf Pkwy,,Not a Collision with Motor Vehicle,2,Cloudy,Dry,Daylight
2021-08-06T17:14:00.000,I 85,I 85 and Sugarloaf Pkwy,,Rear End,2,Clear,Dry,Daylight
2021-07-13T13:54:00.000,I 85,I 85 and Sugarloaf Pkwy,,Rear End,2,Clear,Dry,Daylight
2021-03-29T15:38:00.000,I 85,I 85 and Sugarloaf Pkwy,,Sideswipe-Same Direction,2,Clear,Dry,Daylight
2021-02-06T21:45:00.000,I 85,I 85 and Sugarloaf Pkwy,,Sideswipe-Same Direction,2,Sleet,Snow,Dark-Lighted
2020-08-13T12:48:00.000,I 85,I 85 and Sugarloaf Pkwy,,Rear End,2,Clear,Dry,Daylight
2020-11-26T13:22:00.000,I 85,I 85 and Sugarloaf Pkwy,,Rear End,2,Clear,Dry,Daylight
2023-12-26T19:10:00.000,I 85,I 85 and Sugarloaf Pkwy,,Rear End,2,Rain,Wet,Dark-Lighted
2023-11-08T13:01:00.000,I 85,I 85 and Sugarloaf Pkwy,,Sideswipe-Same Direction,2,Clear,Dry,Daylight
2023-03-14T16:57:00.000,I 85,I 85 and Sugarloaf Pkwy,,Rear End,2,Clear,Dry,Daylight
2023-02-25T23:47:00.000,I 85,I 85 and Sugarloaf Pkwy,,Not a Collision with Motor Vehicle,1,Clear,Dry,Dark-Not Lighted
2023-07-24T13:38:00.000,I 85,I 85 and Sugarloaf Pkwy,,Not a Collision with Motor Vehicle,2,Clear,Dry,Daylight
2023-04-27T14:13:00.000,I 85,I 85 and Sugarloaf Pkwy,,Not a Collision with Motor Vehicle,1,Rain,Wet,Daylight
2023-09-20T12:43:00.000,I 85,I 85 and Sugarloaf Pkwy,,Sideswipe-Same Direction,2,Clear,Dry,Daylight
2023-03-02T17:44:00.000,I 85,I 85 and Sugarloaf Pkwy,,Not a Collision with Motor Vehicle,1,Rain,Wet,Daylight
2023-12-14T15:58:00.000,I 85,I 85 and Sugarloaf Pkwy,,Sideswipe-Same Direction,2,Clear,Dry,Daylight
2023-02-07T15:09:00.000,I 85,I 85 and Sugarloaf Pkwy,,Sideswipe-Same Direction,2,Clear,Dry,Daylight
2023-10-14T06:45:00.000,I 85,I 85 and Sugarloaf Pkwy,,Head On,2,Cloudy,Dry,Dark-Not Lighted
2023-04-14T05:43:00.000,I 85,I 85 and Sugarloaf Pkwy,,Rear End,2,Cloudy,Wet,Dark-Not Lighted
2023-05-04T17:30:00.000,I 85,I 85 and Sugarloaf Pkwy,,Sideswipe-Same Direction,2,Clear,Dry,Daylight
2023-09-23T16:00:00.000,I 85,I 85 and Sugarloaf Pkwy,,Rear End,2,Clear,Dry,Daylight
2023-02-06T16:51:00.000,I 85,I 85 and Sugarloaf Pkwy,,Sideswipe-Same Direction,2,Clear,Dry,Daylight
2023-12-31T11:44:00.000,I 85,I 85 and Sugarloaf Pkwy,,Sideswipe-Same Direction,2,Clear,Dry,Daylight
2023-08-12T08:53:00.000,I 85,I 85 and Sugarloaf Pkwy,,Sideswipe-Same Direction,2,Clear,Dry,Daylight
2023-09-28T21:07:00.000,I 85,I 85 and Sugarloaf Pkwy,,Sideswipe-Same Direction,3,Clear,Dry,Dark-Not Lighted
2023-04-12T17:31:00.000,I 85,I 85 and Sugarloaf Pkwy,,Rear End,2,Clear,Dry,Daylight
2023-09-18T14:15:00.000,I 85,I 85 and Sugarloaf Pkwy,,Sideswipe-Opposite Direction,2,Clear,Dry,Daylight
2023-01-29T19:30:00.000,I 85,I 85 and Sugarloaf Pkwy,,Angle Crash,4,Rain,Wet,Dark-Lighted
2023-03-24T17:52:00.000,I 85,I 85 and Sugarloaf Pkwy,,Rear End,2,Cloudy,Dry,Daylight
2023-07-16T16:12:00.000,I 85,I 85 and Sugarloaf Pkwy,,Sideswipe-Same Direction,2,Clear,Dry,Daylight
2023-04-22T02:50:00.000,I 85,I 85 and Sugarloaf Pkwy,,Not a Collision with Motor Vehicle,1,Clear,Dry,Dark-Not Lighted
2023-08-12T09:58:00.000,I 85,I 85 and Sugarloaf Pkwy,,Sideswipe-Same Direction,2,Clear,Dry,Daylight
2023-04-30T23:00:00.000,I 85,I 85 and Sugarloaf Pkwy,,Sideswipe-Same Direction,2,Clear,Dry,Dark-Lighted
2023-12-09T14:29:00.000,I 85,I 85 and Sugarloaf Pkwy,,Angle Crash,2,Rain,Wet,Daylight
2023-07-21T20:02:00.000,I 85,I 85 and Sugarloaf Pkwy,,Not a Collision with Motor Vehicle,1,Rain,Wet,Dark-Lighted
2023-03-27T07:43:00.000,I 85,I 85 and Sugarloaf Pkwy,,Rear End,2,Rain,Wet,Daylight
2023-03-12T19:09:00.000,I 85,I 85 and Sugarloaf Pkwy,,Not a Collision with Motor Vehicle,1,Rain,Wet,Dusk
2022-03-26T16:50:00.000,I 85,I 85 and Sugarloaf Pkwy,,Rear End,2,Clear,Dry,Daylight
2021-05-02T02:48:00.000,I 85,I 85 and Sugarloaf Pkwy,,Sideswipe-Same Direction,2,Clear,Dry,Dark-Not Lighted
2020-03-11T06:45:00.000,I 85,I 85 and Sugarloaf Pkwy,,Sideswipe-Same Direction,2,Cloudy,Dry,Dark-Lighted
2020-08-25T15:00:00.000,I 85,I 85 and Sugarloaf Pkwy,,Not a Collision with Motor Vehicle,1,Rain,Wet,Daylight
2020-12-23T14:40:00.000,I 85,I 85 and Sugarloaf Pkwy,,Sideswipe-Same Direction,3,Clear,Dry,Daylight
2020-05-21T17:00:00.000,I 85,I 85 and Sugarloaf Pkwy,,Sideswipe-Same Direction,2,Cloudy,Dry,Daylight
2020-09-30T20:58:00.000,I 85,I 85 and Sugarloaf Pkwy,,Angle Crash,2,Clear,Dry,Dark-Lighted
2020-10-12T19:02:00.000,I 85,I 85 and Sugarloaf Pkwy,,Head On,2,Clear,Dry,Dark-Not Lighted
2020-08-22T15:26:00.000,I 85,I 85 and Sugarloaf Pkwy,,Angle Crash,3,Clear,Dry,Daylight
2020-10-09T04:52:00.000,I 85,I 85 and Sugarloaf Pkwy,,Angle Crash,2,Clear,Dry,Dark-Lighted
2020-09-22T19:12:00.000,I 85,I 85 and Sugarloaf Pkwy,,Sideswipe-Same Direction,2,Clear,Dry,Dusk
2020-11-14T13:00:00.000,I 85,I 85 and Sugarloaf Pkwy,,Not a Collision with Motor Vehicle,1,Clear,Dry,Daylight
2020-03-24T14:17:00.000,I 85,I 85 and Sugarloaf Pkwy,,Not a Collision with Motor Vehicle,1,Rain,Wet,Daylight
2020-03-25T12:25:00.000,I 85,I 85 and Sugarloaf Pkwy,,Not a Collision with Motor Vehicle,2,Clear,Dry,Daylight
2020-01-29T15:52:00.000,I 85,I 85 and Sugarloaf Pkwy,,Sideswipe-Same Direction,2,Cloudy,Dry,Daylight
2020-03-03T18:46:00.000,I 85,I 85 and Sugarloaf Pkwy,,Sideswipe-Same Direction,2,Cloudy,Dry,Dark-Not Lighted
2020-06-26T18:50:00.000,I 85,I 85 and Sugarloaf Pkwy,,Not a Collision with Motor Vehicle,1,Clear,Dry,Daylight
2020-10-07T21:40:00.000,I 85,I 85 and Sugarloaf Pkwy,,Angle Crash,2,Clear,Dry,Dark-Not Lighted
2020-03-25T07:20:00.000,I 85,I 85 and Sugarloaf Pkwy,,Rear End,2,Cloudy,Wet,Daylight
2020-07-13T09:45:00.000,I 85,I 85 and Sugarloaf Pkwy,,Sideswipe-Same Direction,2,Clear,Dry,Daylight
2020-06-24T15:15:00.000,I 85,I 85 and Sugarloaf Pkwy,,Rear End,3,Rain,Wet,Daylight
2020-01-11T13:50:00.000,I 85,I 85 and Sugarloaf Pkwy,,Rear End,2,Rain,Water (standing or moving),Daylight
2020-11-08T13:18:00.000,I 85,I 85 and Sugarloaf Pkwy,,Rear End,2,Rain,Wet,Daylight
2020-06-04T09:00:00.000,I 85,I 85 and Sugarloaf Pkwy,,Sideswipe-Same Direction,2,Clear,Dry,Daylight
2020-04-03T18:42:00.000,I 85,I 85 and Sugarloaf Pkwy,,Rear End,2,Clear,Dry,Daylight
2020-10-18T07:40:00.000,I 85,I 85 and Sugarloaf Pkwy,,Rear End,2,Clear,Dry,Daylight
2020-05-17T16:33:00.000,I 85,I 85 and Sugarloaf Pkwy,,Sideswipe-Same Direction,2,Clear,Dry,Daylight
2020-01-04T03:51:00.000,I 85,I 85 and Sugarloaf Pkwy,,Angle Crash,1,Rain,Wet,Dark-Not Lighted
2020-01-09T04:43:00.000,I 85,I 85 and Sugarloaf Pkwy,,Not a Collision with Motor Vehicle,1,Cloudy,Dry,Dark-Not Lighted
2020-05-13T17:21:00.000,I 85,I 85 and Sugarloaf Pkwy,,Sideswipe-Same Direction,2,Clear,Dry,Daylight
2020-09-25T22:40:00.000,I 85,I 85 and Sugarloaf Pkwy,,Sideswipe-Same Direction,2,Clear,Dry,Dark-Lighted
2020-09-05T08:19:00.000,I 85,I 85 and Sugarloaf Pkwy,,Angle Crash,2,Clear,Dry,Daylight
2020-03-16T23:28:00.000,I 85,I 85 and Sugarloaf Pkwy,,Rear End,2,Clear,Dry,Dark-Lighted
2020-07-11T03:00:00.000,I 85,I 85 and Sugarloaf Pkwy,,Not a Collision with Motor Vehicle,1,Clear,Dry,Dark-Not Lighted
2020-11-27T17:04:00.000,I 85,I 85 and Sugarloaf Pkwy,,Sideswipe-Same Direction,2,Clear,Dry,Daylight
2020-08-14T14:30:00.000,I 85,I 85 and Sugarloaf Pkwy,,Rear End,2,Cloudy,Dry,Daylight
2020-08-10T08:50:00.000,I 85,I 85 and Sugarloaf Pkwy,,Not a Collision with Motor Vehicle,1,Clear,Dry,Daylight
2020-04-10T13:40:00.000,I 85,I 85 and Sugarloaf Pkwy,,Sideswipe-Same Direction,2,Clear,Dry,Daylight
2020-02-17T12:23:00.000,I 85,I 85 and Sugarloaf Pkwy,,Not a Collision with Motor Vehicle,1,(None),(None),(None)
2020-06-09T12:40:00.000,I 85,I 85 and Sugarloaf Pkwy,,Sideswipe-Same Direction,2,Cloudy,Dry,Daylight
2020-09-05T11:15:00.000,I 85,I 85 and Sugarloaf Pkwy,,Angle Crash,2,Clear,Dry,Daylight
2020-03-12T06:47:00.000,I 85,I 85 and Sugarloaf Pkwy,,Sideswipe-Same Direction,2,Cloudy,Dry,Dark-Not Lighted
2020-01-03T21:54:00.000,I 85,I 85 and Sugarloaf Pkwy,,Angle Crash,1,Cloudy,Wet,Dark-Not Lighted
2020-09-24T11:17:00.000,I 85,I 85 and Sugarloaf Pkwy,,Not a Collision with Motor Vehicle,1,Rain,Wet,Daylight
2020-02-27T15:10:00.000,I 85,I 85 and Sugarloaf Pkwy,,Rear End,2,Clear,Dry,Daylight
2020-06-04T04:00:00.000,I 85,I 85 and Sugarloaf Pkwy,,Sideswipe-Same Direction,2,Clear,Dry,Dark-Not Lighted
2020-12-21T07:35:00.000,I 85,I 85 and Sugarloaf Pkwy,,Sideswipe-Same Direction,2,Cloudy,Dry,Daylight
2020-08-08T01:17:00.000,I 85,I 85 and Sugarloaf Pkwy,,Not a Collision with Motor Vehicle,1,Rain,Wet,Dark-Lighted
2020-09-12T11:05:00.000,I 85,I 85 and Sugarloaf Pkwy,,Head On,1,Cloudy,Dry,Daylight
2020-01-24T15:39:00.000,I 85,I 85 and Sugarloaf Pkwy,,Rear End,2,Cloudy,Wet,Daylight
2020-12-05T17:30:00.000,I 85,I 85 and Sugarloaf Pkwy,,Rear End,2,Clear,Dry,Dark-Lighted
2021-06-27T13:44:00.000,I 85,I 85 and Sugarloaf Pkwy,,Rear End,2,Clear,Dry,Daylight
2021-01-26T11:20:00.000,I 85,I 85 and Sugarloaf Pkwy,,Rear End,2,Clear,Dry,Daylight
2021-01-08T19:51:00.000,I 85,I 85 and Sugarloaf Pkwy,,Sideswipe-Same Direction,2,Cloudy,Dry,Daylight
2021-06-18T14:40:00.000,I 85,I 85 and Sugarloaf Pkwy,,Rear End,2,Clear,Dry,Daylight
2021-02-07T19:30:00.000,I 85,I 85 and Sugarloaf Pkwy,,Rear End,2,Clear,Dry,Dark-Not Lighted
2021-09-03T07:10:00.000,I 85,I 85 and Sugarloaf Pkwy,,Not a Collision with Motor Vehicle,1,Clear,Dry,Daylight
2021-12-23T14:00:00.000,I 85,I 85 and Sugarloaf Pkwy,,Rear End,2,Cloudy,Dry,Daylight
2021-11-18T15:00:00.000,I 85,I 85 and Sugarloaf Pkwy,,Not a Collision with Motor Vehicle,2,Cloudy,Dry,Daylight
2021-12-10T21:25:00.000,I 85,I 85 and Sugarloaf Pkwy,,Not a Collision with Motor Vehicle,1,Fog,Water (standing or moving),Dark-Lighted
2021-10-01T16:03:00.000,I 85,I 85 and Sugarloaf Pkwy,,Sideswipe-Same Direction,2,Cloudy,Dry,Daylight
2021-10-11T07:15:00.000,I 85,I 85 and Sugarloaf Pkwy,,Sideswipe-Same Direction,2,Cloudy,Dry,Daylight