Date and Time,Roadway (From Crash Report),Intersection Name (from Crash Report),KABCO Severity,Manner of Collision (Crash Level) ,# of Vehicles per crash ,Weather Conditions (Crash Level),Surface Condition (Crash Level) ,Light Conditions (Crash Level)
2021-09-15T17:24:00.000,I 85,I 85 and Sugarloaf Pkwy,,Rear End,2,Rain,Wet,Daylight
2021-11-18T15:00:00.000,I 85,I 85 and Sugarloaf Pkwy,,Not a Collision with Motor Vehicle,2,Cloudy,Dry,Daylight
2021-10-18T18:52:00.000,I 85,I 85 and Sugarloaf Pkwy,,Sideswipe-Same Direction,2,Clear,Dry,Daylight
2021-07-20T08:22:00.000,I 85,I 85 and Sugarloaf Pkwy,,Not a Collision with Motor Vehicle,1,Rain,Wet,Daylight
2021-11-11T19:00:00.000,I 85,I 85 and Sugarloaf Pkwy,,Not a Collision with Motor Vehicle,1,Rain,Wet,Dark-Not Lighted
2021-11-25T19:30:00.000,I 85,I 85 and Sugarloaf Pkwy,,Not a Collision with Motor Vehicle,1,Cloudy,Dry,Dark-Not Lighted
2021-12-17T15:23:00.000,I 85,I 85 and Sugarloaf Pkwy,,Not a Collision with Motor Vehicle,1,Cloudy,Dry,Daylight
2022-02-20T14:44:00.000,I 85,I 85 and Sugarloaf Pkwy,,Sideswipe-Same Direction,2,Clear,Dry,Daylight
2022-12-03T13:05:00.000,I 85,I 85 and Sugarloaf Pkwy,,Rear End,2,Rain,Wet,Daylight
2022-02-25T20:15:00.000,I 85,I 85 and Sugarloaf Pkwy,,Not a Collision with Motor Vehicle,1,Clear,Dry,Dark-Not Lighted
2022-01-27T07:15:00.000,I 85,I 85 and Sugarloaf Pkwy,,Sideswipe-Same Direction,2,Clear,Dry,Daylight
2021-12-23T15:45:00.000,I 85,I 85 and Sugarloaf Pkwy,,Sideswipe-Same Direction,3,Clear,Dry,Daylight
2021-09-26T02:12:00.000,I 85,I 85 and Sugarloaf Pkwy,,Not a Collision with Motor Vehicle,1,Clear,Dry,Dark-Not Lighted
2022-12-16T19:20:00.000,I 85,I 85 and Sugarloaf Pkwy,,Sideswipe-Same Direction,2,Clear,Dry,Dark-Not Lighted
2022-08-25T07:35:00.000,I 85,I 85 and Sugarloaf Pkwy,,Rear End,2,Rain,Wet,Daylight
2022-12-27T15:40:00.000,I 85,I 85 and Sugarloaf Pkwy,,Rear End,2,Clear,Dry,Daylight
2022-08-30T20:21:00.000,I 85,I 85 and Sugarloaf Pkwy,,Not a Collision with Motor Vehicle,1,Cloudy,Dry,Dark-Lighted
2022-05-20T09:30:00.000,I 85,I 85 and Sugarloaf Pkwy,,Sideswipe-Same Direction,2,Cloudy,Dry,Daylight
2022-08-25T08:08:00.000,I 85,I 85 and Sugarloaf Pkwy,,Sideswipe-Same Direction,2,Rain,Wet,Daylight
2022-04-05T09:21:00.000,I 85,I 85 and Sugarloaf Pkwy,,Sideswipe-Same Direction,2,Cloudy,Dry,Daylight
2022-06-15T01:55:00.000,I 85,I 85 and Sugarloaf Pkwy,,Not a Collision with Motor Vehicle,1,Clear,Dry,Dark-Not Lighted
2022-08-19T15:14:00.000,I 85,I 85 and Sugarloaf Pkwy,,Sideswipe-Same Direction,2,Rain,Wet,Daylight
2022-10-27T23:10:00.000,I 85,I 85 and Sugarloaf Pkwy,,Sideswipe-Same Direction,3,Clear,Dry,Dark-Not Lighted
2022-04-18T08:40:00.000,I 85,I 85 and Sugarloaf Pkwy,,Not a Collision with Motor Vehicle,1,Rain,Wet,Daylight
2022-08-07T07:28:00.000,I 85,I 85 and Sugarloaf Pkwy,,Not a Collision with Motor Vehicle,1,Cloudy,Dry,Daylight
2022-08-10T10:33:00.000,I 85,I 85 and Sugarloaf Pkwy,,Rear End,2,Cloudy,Dry,Daylight
2022-09-10T10:46:00.000,I 85,I 85 and Sugarloaf Pkwy,,Not a Collision with Motor Vehicle,1,Cloudy,Wet,Daylight
2022-02-23T15:00:00.000,I 85,I 85 and Sugarloaf Pkwy,,Sideswipe-Same Direction,2,Clear,Dry,Daylight
2022-09-05T17:24:00.000,I 85,I 85 and Sugarloaf Pkwy,,Not a Collision with Motor Vehicle,1,Cloudy,Dry,Daylight
2022-09-28T09:32:00.000,I 85,I 85 and Sugarloaf Pkwy,,Sideswipe-Same Direction,2,Clear,Dry,Daylight
2021-09-01T09:05:00.000,I 85,I 85 and Sugarloaf Pkwy,,Angle Crash,2,Clear,Dry,Daylight
2021-07-02T08:15:00.000,I 85,I 85 and Sugarloaf Pkwy,,Sideswipe-Same Direction,2,Rain,Wet,Daylight
2022-09-05T16:50:00.000,I 85,I 85 and Sugarloaf Pkwy,,Not a Collision with Motor Vehicle,1,Cloudy,Dry,Daylight
2022-07-05T09:40:00.000,I 85,I 85 and Sugarloaf Pkwy,,Sideswipe-Same Direction,2,Clear,Dry,Daylight
2022-05-02T15:38:00.000,I 85,I 85 and Sugarloaf Pkwy,,Rear End,2,Clear,Dry,Daylight
2022-10-20T16:31:00.000,I 85,I 85 and Sugarloaf Pkwy,,Rear End,2,Clear,Dry,Daylight
2022-05-12T21:09:00.000,I 85,I 85 and Sugarloaf Pkwy,,Head On,2,Clear,Dry,Dark-Not Lighted
2022-10-02T01:20:00.000,I 85,I 85 and Sugarloaf Pkwy,,Sideswipe-Same Direction,2,Clear,Dry,Dark-Lighted
2022-01-27T13:34:00.000,I 85,I 85 and Sugarloaf Pkwy,,Sideswipe-Same Direction,2,Clear,Dry,Daylight
2022-09-05T17:23:00.000,I 85,I 85 and Sugarloaf Pkwy,,Not a Collision with Motor Vehicle,1,Cloudy,Dry,Daylight
2022-08-11T00:19:00.000,I 85,I 85 and Sugarloaf Pkwy,,Not a Collision with Motor Vehicle,1,Rain,Wet,Dark-Not Lighted
2022-04-10T19:36:00.000,I 85,I 85 and Sugarloaf Pkwy,,Rear End,2,Clear,Dry,Daylight
2022-07-03T01:10:00.000,I 85,I 85 and Sugarloaf Pkwy,,Not a Collision with Motor Vehicle,1,Rain,Wet,Dark-Not Lighted
2022-06-16T13:46:00.000,I 85,I 85 and Sugarloaf Pkwy,,Rear End,2,Cloudy,Dry,Daylight
2022-09-28T03:16:00.000,I 85,I 85 and Sugarloaf Pkwy,,Rear End,2,Clear,Dry,Dark-Lighted
2022-01-12T18:50:00.000,I 85,I 85 and Sugarloaf Pkwy,,Rear End,2,Cloudy,Dry,Daylight
2022-06-22T17:30:00.000,I 85,I 85 and Sugarloaf Pkwy,,Not a Collision with Motor Vehicle,1,Clear,Dry,Daylight
2022-09-22T13:50:00.000,I 85,I 85 and Sugarloaf Pkwy,,Not a Collision with Motor Vehicle,1,Clear,Dry,Daylight
2022-04-30T12:30:00.000,I 85,I 85 and Sugarloaf Pkwy,,Rear End,2,Clear,Dry,Daylight
2022-05-27T17:23:00.000,I 85,I 85 and Sugarloaf Pkwy,,Rear End,2,Clear,Dry,Daylight
2022-09-22T17:41:00.000,I 85,I 85 and Sugarloaf Pkwy,,Sideswipe-Same Direction,2,Clear,Dry,Daylight
2022-03-27T17:18:00.000,I 85,I 85 and Sugarloaf Pkwy,,Not a Collision with Motor Vehicle,1,Clear,Dry,Daylight
2022-05-06T17:10:00.000,I 85,I 85 and Sugarloaf Pkwy,,Sideswipe-Same Direction,2,Cloudy,Dry,Daylight
2022-09-26T09:20:00.000,I 85,I 85 and Sugarloaf Pkwy,,Sideswipe-Same Direction,2,Clear,Dry,Daylight
2022-10-16T03:15:00.000,I 85,I 85 and Sugarloaf Pkwy,,Sideswipe-Same Direction,2,Clear,Dry,Dark-Not Lighted
2022-03-04T16:14:00.000,I 85,I 85 and Sugarloaf Pkwy,,Angle Crash,2,Cloudy,Dry,Daylight
2022-08-17T06:04:00.000,I 85,I 85 and Sugarloaf Pkwy,,Sideswipe-Same Direction,2,Cloudy,Wet,Dark-Not Lighted
2022-05-12T21:09:00.000,I 85,I 85 and Sugarloaf Pkwy,,Head On,2,Clear,Dry,Dark-Not Lighted
2022-05-23T18:54:00.000,I 85,I 85 and Sugarloaf Pkwy,,Not a Collision with Motor Vehicle,1,Clear,Dry,Daylight
2022-10-04T08:45:00.000,I 85,I 85 and Sugarloaf Pkwy,,Sideswipe-Same Direction,2,Clear,Dry,Daylight
2022-02-09T19:20:00.000,I 85,I 85 and Sugarloaf Pkwy,,Not a Collision with Motor Vehicle,1,Clear,Other,Dark-Lighted
2022-04-02T02:20:00.000,I 85,I 85 and Sugarloaf Pkwy,,Not a Collision with Motor Vehicle,1,Clear,Dry,Dark-Not Lighted
2022-03-09T11:38:00.000,I 85,I 85 and Sugarloaf Pkwy,,Not a Collision with Motor Vehicle,1,Cloudy,Dry,Daylight
2022-04-10T06:05:00.000,I 85,I 85 and Sugarloaf Pkwy,,Not a Collision with Motor Vehicle,4,Clear,Dry,Dawn
2022-07-20T09:58:00.000,I 85,I 85 and Sugarloaf Pkwy,,Rear End,2,Cloudy,Dry,Daylight
2022-03-10T20:10:00.000,I 85,I 85 and Sugarloaf Pkwy,,Sideswipe-Same Direction,2,Clear,Dry,Dark-Lighted
2022-02-15T15:00:00.000,I 85,I 85 and Sugarloaf Pkwy,,Sideswipe-Same Direction,2,Clear,Dry,Daylight
2022-02-24T02:20:00.000,I 85,I 85 and Sugarloaf Pkwy,,Not a Collision with Motor Vehicle,1,Cloudy,Wet,Dark-Not Lighted
2022-02-24T22:16:00.000,I 85,I 85 and Sugarloaf Pkwy,,Not a Collision with Motor Vehicle,1,Clear,Dry,Dark-Not Lighted
2022-12-08T07:40:00.000,I 85,I 85 and Sugarloaf Pkwy,,Not a Collision with Motor Vehicle,1,Cloudy,Wet,Daylight
2022-02-25T16:05:00.000,I 85,I 85 and Sugarloaf Pkwy,,Sideswipe-Same Direction,2,Clear,Dry,Daylight
2022-09-17T01:57:00.000,I 85,I 85 and Sugarloaf Pkwy,,Not a Collision with Motor Vehicle,1,Clear,Dry,Dark-Not Lighted
2022-05-05T06:44:00.000,I 85,I 85 and Sugarloaf Pkwy,,Rear End,2,Clear,Dry,Dawn
2022-09-21T16:31:00.000,I 85,I 85 and Sugarloaf Pkwy,,Sideswipe-Same Direction,2,Clear,Dry,Daylight
2022-12-02T10:05:00.000,I 85,I 85 and Sugarloaf Pkwy,,Angle Crash,2,Clear,Dry,Daylight
2022-01-20T07:20:00.000,I 85,I 85 and Sugarloaf Pkwy,,Rear End,2,Rain,Wet,Daylight
2022-01-21T00:56:00.000,I 85,I 85 and Sugarloaf Pkwy,,Not a Collision with Motor Vehicle,1,Rain,Water (standing or moving),Dark-Lighted
2022-06-05T16:33:00.000,I 85,I 85 and Sugarloaf Pkwy,,Rear End,2,Clear,Dry,Daylight
2022-09-14T18:10:00.000,I 85,I 85 and Sugarloaf Pkwy,,Rear End,3,Clear,Dry,Daylight
2022-10-27T07:25:00.000,I 85,I 85 and Sugarloaf Pkwy,,Rear End,2,Clear,Dry,Daylight
2022-12-14T06:19:00.000,I 85,I 85 and Sugarloaf Pkwy,,Rear End,3,Cloudy,Dry,Dark-Not Lighted
2023-04-22T04:45:00.000,I 85,I 85 and Sugarloaf Pkwy,,Angle Crash,2,Rain,Wet,Dark-Not Lighted
2023-08-15T16:35:00.000,I 85,I 85 and Sugarloaf Pkwy,,Not a Collision with Motor Vehicle,1,Cloudy,Dry,Daylight
2024-02-09T11:31:00.000,I 85,I 85 and Sugarloaf Pkwy,,Rear End,2,Cloudy,Dry,Daylight
2024-01-22T19:20:00.000,I 85,I 85 and Sugarloaf Pkwy,,Angle Crash,3,Cloudy,Dry,Dark-Lighted
2024-04-11T17:02:00.000,I 85,I 85 and Sugarloaf Pkwy,,Rear End,2,Rain,Wet,Daylight
2024-03-10T14:37:00.000,I 85,I 85 and Sugarloaf Pkwy,,Sideswipe-Same Direction,2,Clear,Dry,Daylight
2024-12-25T01:00:00.000,I 85,I 85 and Sugarloaf Pkwy,,Not a Collision with Motor Vehicle,1,Clear,Dry,Dark-Lighted
2024-11-18T11:30:00.000,I 85,I 85 and Sugarloaf Pkwy,,Not a Collision with Motor Vehicle,1,Clear,Dry,Daylight
2024-05-05T14:54:00.000,I 85,I 85 and Sugarloaf Pkwy,,Not a Collision with Motor Vehicle,2,Clear,Dry,Daylight
2024-08-15T16:40:00.000,I 85,I 85 and Sugarloaf Pkwy,,Sideswipe-Same Direction,2,Clear,Dry,Daylight
2024-02-07T15:35:00.000,I 85,I 85 and Sugarloaf Pkwy,,Sideswipe-Same Direction,2,Clear,Dry,Daylight
2024-08-08T11:54:00.000,I 85,I 85 and Sugarloaf Pkwy,,Sideswipe-Same Direction,2,Clear,Dry,Daylight
2024-08-12T15:20:00.000,I 85,I 85 and Sugarloaf Pkwy,,Sideswipe-Same Direction,2,Clear,Dry,Daylight
2024-06-06T14:08:00.000,I 85,I 85 and Sugarloaf Pkwy,,Rear End,2,Clear,Dry,Daylight
2024-06-06T15:26:00.000,I 85,I 85 and Sugarloaf Pkwy,,Rear End,2,Clear,Dry,Daylight
2024-06-19T17:41:00.000,I 85,I 85 and Sugarloaf Pkwy,,Rear End,2,Clear,Dry,Daylight
2024-10-10T13:10:00.000,I 85,I 85 and Sugarloaf Pkwy,,Not a Collision with Motor Vehicle,1,Clear,Dry,Daylight
2023-05-31T00:00:00.000,I 85,I 85 and Sugarloaf Pkwy,,Sideswipe-Same Direction,2,Clear,Dry,Dark-Not Lighted
2023-11-15T07:37:00.000,I 85,I 85 and Sugarloaf Pkwy,,Angle Crash,2,Cloudy,Dry,Daylight
2023-10-26T15:11:00.000,I 85,I 85 and Sugarloaf Pkwy,,Not a Collision with Motor Vehicle,2,Cloudy,Dry,Daylight
2023-07-08T17:18:00.000,I 85,I 85 and Sugarloaf Pkwy,,Rear End,2,Cloudy,Dry,Daylight
2023-12-25T00:03:00.000,I 85,I 85 and Sugarloaf Pkwy,,Not a Collision with Motor Vehicle,1,Cloudy,Dry,Dark-Not Lighted
2023-04-26T16:30:00.000,I 85,I 85 and Sugarloaf Pkwy,,Rear End,4,Clear,Dry,Daylight
2023-04-26T17:21:00.000,I 85,I 85 and Sugarloaf Pkwy,,Sideswipe-Same Direction,2,Cloudy,Dry,Daylight
2023-12-19T12:32:00.000,I 85,I 85 and Sugarloaf Pkwy,,Rear End,2,Clear,Dry,Daylight
2023-02-17T06:00:00.000,I 85,I 85 and Sugarloaf Pkwy,,Not a Collision with Motor Vehicle,1,Rain,Wet,Dark-Not Lighted
2023-06-22T06:10:00.000,I 85,I 85 and Sugarloaf Pkwy,,Angle Crash,2,Rain,Wet,Dark-Not Lighted
2023-08-23T13:00:00.000,I 85,I 85 and Sugarloaf Pkwy,,Sideswipe-Same Direction,2,Clear,Dry,Daylight
2023-07-06T09:20:00.000,I 85,I 85 and Sugarloaf Pkwy,,Not a Collision with Motor Vehicle,1,Clear,Dry,Daylight
2023-10-14T01:45:00.000,I 85,I 85 and Sugarloaf Pkwy,,Not a Collision with Motor Vehicle,1,Cloudy,Wet,Dark-Not Lighted
2023-06-22T09:00:00.000,I 85,I 85 and Sugarloaf Pkwy,,Rear End,2,Cloudy,Wet,Daylight
2023-02-07T01:40:00.000,I 85,I 85 and Sugarloaf Pkwy,,Angle Crash,3,Clear,Dry,Dark-Lighted
2023-07-25T17:10:00.000,I 85,I 85 and Sugarloaf Pkwy,,Sideswipe-Same Direction,2,Clear,Dry,Daylight
2023-04-07T14:30:00.000,I 85,I 85 and Sugarloaf Pkwy,,Rear End,2,Clear,Dry,Daylight
2023-08-25T23:13:00.000,I 85,I 85 and Sugarloaf Pkwy,,Rear End,2,Clear,Dry,Dark-Lighted
2023-01-17T11:20:00.000,I 85,I 85 and Sugarloaf Pkwy,,Sideswipe-Same Direction,2,Rain,Wet,Daylight
2023-09-18T06:41:00.000,I 85,I 85 and Sugarloaf Pkwy,,Rear End,2,Clear,Dry,Dawn
2023-02-12T06:25:00.000,I 85,I 85 and Sugarloaf Pkwy,,Rear End,2,Cloudy,Wet,Daylight
2023-06-08T15:02:00.000,I 85,I 85 and Sugarloaf Pkwy,,Not a Collision with Motor Vehicle,1,Cloudy,Dry,Daylight
2023-06-09T13:56:00.000,I 85,I 85 and Sugarloaf Pkwy,,Rear End,2,Cloudy,Dry,Daylight
2024-07-20T06:59:00.000,I 85,I 85 and Sugarloaf Pkwy,,Angle Crash,2,Rain,Wet,Daylight
2024-08-03T12:28:00.000,I 85,I 85 and Sugarloaf Pkwy,,Rear End,2,Clear,Dry,Daylight
2024-12-28T18:50:00.000,I 85,I 85 and Sugarloaf Pkwy,,Rear End,2,Rain,Wet,Dark-Not Lighted
2024-05-04T17:55:00.000,I 85,I 85 and Sugarloaf Pkwy,,Angle Crash,2,Clear,Dry,Daylight
2024-09-12T12:25:00.000,I 85,I 85 and Sugarloaf Pkwy,,Sideswipe-Same Direction,2,Rain,Wet,Daylight
2024-12-10T17:03:00.000,I 85,I 85 and Sugarloaf Pkwy,,Not a Collision with Motor Vehicle,1,Rain,Wet,Daylight
2024-03-31T17:04:00.000,I 85,I 85 and Sugarloaf Pkwy,,Not a Collision with Motor Vehicle,1,Clear,Dry,Daylight
2024-12-05T07:04:00.000,I 85,I 85 and Sugarloaf Pkwy,,Sideswipe-Same Direction,2,Cloudy,Dry,Dawn
2024-12-11T14:05:00.000,I 85,I 85 and Sugarloaf Pkwy,,Not a Collision with Motor Vehicle,1,Clear,Dry,Daylight
2024-01-01T19:04:00.000,I 85,I 85 and Sugarloaf Pkwy,,Sideswipe-Same Direction,2,Clear,Dry,Dark-Not Lighted
2024-11-01T22:48:00.000,I 85,I 85 and Sugarloaf Pkwy,,Rear End,2,Clear,Dry,Dark-Not Lighted
2024-07-20T03:00:00.000,I 85,I 85 and Sugarloaf Pkwy,,Sideswipe-Same Direction,2,Cloudy,Wet,Daylight
2024-09-14T23:10:00.000,I 85,I 85 and Sugarloaf Pkwy,,Not a Collision with Motor Vehicle,1,Clear,Dry,Dark-Lighted
2024-06-29T02:00:00.000,I 85,I 85 and Sugarloaf Pkwy,,Not a Collision with Motor Vehicle,1,Clear,Dry,Dark-Not Lighted
2024-04-19T02:33:00.000,I 85,I 85 and Sugarloaf Pkwy,,Not a Collision with Motor Vehicle,1,Clear,Dry,Dark-Not Lighted
2024-12-07T11:38:00.000,I 85,I 85 and Sugarloaf Pkwy,,Rear End,2,Clear,Dry,Daylight
2024-01-18T20:45:00.000,I 85,I 85 and Sugarloaf Pkwy,,Sideswipe-Same Direction,2,Clear,Dry,Dark-Not Lighted
2024-04-10T17:31:00.000,I 85,I 85 and Sugarloaf Pkwy,,Rear End,2,Cloudy,Dry,Daylight
2024-09-25T01:15:00.000,I 85,I 85 and Sugarloaf Pkwy,,Sideswipe-Same Direction,2,Clear,Dry,Dark-Lighted
2024-08-27T04:10:00.000,I 85,I 85 and Sugarloaf Pkwy,,Sideswipe-Same Direction,2,Clear,Dry,Dark-Not Lighted
2024-11-01T17:32:00.000,I 85,I 85 and Sugarloaf Pkwy,,Rear End,2,Rain,Wet,Daylight
2024-05-15T14:15:00.000,I 85,I 85 and Sugarloaf Pkwy,,Sideswipe-Same Direction,2,Clear,Dry,Daylight
2024-02-02T09:35:00.000,I 85,I 85 and Sugarloaf Pkwy,,Not a Collision with Motor Vehicle,1,Clear,Dry,Daylight
2024-07-11T14:01:00.000,I 85,I 85 and Sugarloaf Pkwy,,Rear End,2,Clear,Dry,Daylight
2024-07-22T23:30:00.000,I 85,I 85 and Sugarloaf Pkwy,,Sideswipe-Same Direction,2,Clear,Dry,Dark-Lighted
2024-12-11T14:10:00.000,I 85,I 85 and Sugarloaf Pkwy,,Sideswipe-Same Direction,2,Clear,Dry,Daylight
2024-01-09T11:13:00.000,I 85,I 85 and Sugarloaf Pkwy,,Rear End,2,Rain,Wet,Daylight
2024-04-02T16:45:00.000,I 85,I 85 and Sugarloaf Pkwy,,Sideswipe-Same Direction,2,Clear,Dry,Daylight
2024-03-15T17:00:00.000,I 85,I 85 and Sugarloaf Pkwy,,Angle Crash,2,Clear,Dry,Daylight
2024-01-09T07:40:00.000,I 85,I 85 and Sugarloaf Pkwy,,Rear End,2,Rain,Wet,Dusk
2024-05-05T19:55:00.000,I 85,I 85 and Sugarloaf Pkwy,,Not a Collision with Motor Vehicle,1,Clear,Wet,Daylight
2024-08-15T01:41:00.000,I 85,I 85 and Sugarloaf Pkwy,,Sideswipe-Same Direction,2,Clear,Dry,Dark-Lighted
2024-05-31T22:47:00.000,I 85,I 85 and Sugarloaf Pkwy,,Not a Collision with Motor Vehicle,1,Clear,Dry,Dark-Not Lighted
2024-02-22T13:41:00.000,I 85,I 85 and Sugarloaf Pkwy,,Sideswipe-Same Direction,2,Clear,Dry,Daylight
2024-02-11T08:00:00.000,I 85,I 85 and Sugarloaf Pkwy,,Not a Collision with Motor Vehicle,1,Cloudy,Wet,Daylight
2024-07-12T17:31:00.000,I 85,I 85 and Sugarloaf Pkwy,,Not a Collision with Motor Vehicle,2,Clear,Dry,Daylight
2024-08-19T17:54:00.000,I 85,I 85 and Sugarloaf Pkwy,,Sideswipe-Same Direction,2,Clear,Dry,Daylight
2024-02-22T17:35:00.000,I 85,I 85 and Sugarloaf Pkwy,,Rear End,3,Clear,Dry,Daylight
2024-08-02T07:45:00.000,I 85,I 85 and Sugarloaf Pkwy,,Sideswipe-Same Direction,2,Clear,Dry,Daylight
2024-01-08T17:25:00.000,I 85,I 85 and Sugarloaf Pkwy,,Sideswipe-Same Direction,2,Clear,Dry,Daylight
2024-06-20T18:15:00.000,I 85,I 85 and Sugarloaf Pkwy,,Sideswipe-Same Direction,2,Clear,Dry,Daylight
2024-01-17T13:43:00.000,I 85,I 85 and Sugarloaf Pkwy,,Sideswipe-Same Direction,3,Clear,Dry,Daylight
2024-05-31T15:20:00.000,I 85,I 85 and Sugarloaf Pkwy,,Sideswipe-Same Direction,2,Clear,Dry,Daylight
2020-11-13T23:57:00.000,I 85,I 85 and Sugarloaf Parkway Exit,,Sideswipe-Same Direction,2,Clear,Dry,Dark-Lighted
2023-12-29T08:04:00.000,I 85,I 85 and Sugarloaf Parkwat Exit Rp,,Not a Collision with Motor Vehicle,1,Clear,Dry,Daylight
2022-04-07T12:32:00.000,I 85,I 85 and Sugarloaf Exit Ramp Cd Lanes,,Not a Collision with Motor Vehicle,1,Clear,Dry,Daylight
2024-10-28T21:02:00.000,I 85,I 85 and Sugarloaf  Pky Ex Rp W Rp,,Rear End,2,Clear,Dry,Dark-Lighted
2023-03-24T05:02:00.000,I 85,I 85 and Sugarloaf,,Rear End,2,Clear,Dry,Dark-Not Lighted
2023-07-18T04:00:00.000,I 85,I 85 and Sugarloaf,,Sideswipe-Same Direction,2,Clear,Dry,Dark-Not Lighted
2024-08-07T20:39:00.000,I 85,I 85 and Sugarloaf,,Not a Collision with Motor Vehicle,3,Cloudy,Dry,Dark-Not Lighted
2024-08-07T20:39:00.000,I 85,I 85 and Sugarloaf,,Not a Collision with Motor Vehicle,3,Cloudy,Dry,Dark-Not Lighted
2021-12-16T11:10:00.000,I 85,I 85 and Sugarlo0Af Pkwy,,Sideswipe-Same Direction,2,Cloudy,Dry,Daylight
2023-01-26T19:27:00.000,I 85,I 85 and Sugar Loaf Pkwy,,Rear End,5,Cloudy,Dry,Dark-Lighted
2020-06-19T16:12:00.000,I 85,I 85 and Sugar Loaf Pkwy,,Rear End,2,Clear,Dry,Daylight
2022-12-12T14:25:00.000,I 85,I 85 and Sugar Loaf Pkwy,,Not a Collision with Motor Vehicle,1,Cloudy,Dry,Daylight
2023-08-06T21:45:00.000,I 85,I 85 and Sugaloaf Pkwy,,Rear End,2,Clear,Wet,Dark-Not Lighted
2022-11-23T15:52:00.000,I 85,I 85 and Sugaloaf Pkwy,,Angle Crash,2,Cloudy,Dry,Daylight
2022-05-08T03:10:00.000,I 85,I 85 and Sugaloaf Pkwy,,Not a Collision with Motor Vehicle,1,Cloudy,Dry,Dark-Lighted
2023-06-28T01:10:00.000,I 85,I 85 and Sugaloaf Pkwy,,Not a Collision with Motor Vehicle,1,Clear,Dry,Dark-Not Lighted
2020-06-06T12:29:00.000,I 85,I 85 and Suagrloaf Pkwy,,Sideswipe-Same Direction,2,Clear,Dry,Daylight
2021-10-25T21:25:00.000,I 85,I 85 and Suagrloaf Pkwy,,Sideswipe-Same Direction,2,Clear,Dry,Dark-Lighted
2024-10-14T11:00:00.000,I 85,I 85 and Suagrloaf Pkwy,,Not a Collision with Motor Vehicle,1,Clear,Dry,Daylight
2023-12-19T10:07:00.000,I 85,I 85 and Stveve Reynolds Blvd,,Rear End,2,Clear,Dry,Daylight
2023-09-11T07:33:00.000,I 85,I 85 and Studio Way,,Rear End,3,Clear,Dry,Daylight
2023-12-25T23:00:00.000,I 85,I 85 and Stte Route 219,,Not a Collision with Motor Vehicle,1,Rain,Wet,Dark-Not Lighted
2022-10-24T07:08:00.000,I 85,I 85 and Stevereynolds Blvd,,Rear End,2,Clear,Dry,Dark-Lighted
2024-05-06T15:55:00.000,I 85,I 85 and Stevereynolds Blvd,,Sideswipe-Same Direction,2,Clear,Dry,Daylight
2023-06-11T15:21:00.000,I 85,I 85 and Stever Reynolds Blvd Opas,,Sideswipe-Same Direction,1,Cloudy,Dry,Daylight
2020-01-27T08:52:00.000,I 85,I 85 and Stever Reynolds,,Sideswipe-Same Direction,2,Cloudy,Wet,Daylight
2024-12-23T15:20:00.000,I 85,I 85 and Steveb Breyonlds Blvd,,Rear End,2,Clear,Dry,Daylight
2020-04-04T20:37:00.000,I 85,I 85 and Steve Reyonlds Blvd,,Head On,2,Clear,Dry,Dark-Lighted
2024-10-08T15:05:00.000,I 85,I 85 and Steve Reyonalds Blvd,,Angle Crash,2,Clear,Dry,Daylight
2024-11-07T18:25:00.000,I 85,I 85 and Steve Reyonalds,,Sideswipe-Same Direction,2,Clear,Dry,Dark-Lighted
2024-07-18T13:35:00.000,I 85,I 85 and Steve Reyonalds,,Rear End,2,Clear,Dry,Daylight
2023-12-08T06:45:00.000,I 85,I 85 and Steve Reynolnds Blvd,,Sideswipe-Same Direction,2,Clear,Dry,Dark-Lighted
2023-09-06T11:15:00.000,I 85,I 85 and Steve Reynoldsd,,Sideswipe-Opposite Direction,4,Clear,Dry,Daylight
2021-12-02T10:04:00.000,I 85,I 85 and Steve Reynoldsblvd,,Not a Collision with Motor Vehicle,2,Clear,Dry,Daylight
2020-02-07T09:57:00.000,I 85,I 85 and Steve Reynolds Rd,,Rear End,3,Cloudy,Wet,Daylight
2021-05-21T12:17:00.000,I 85,I 85 and Steve Reynolds Rd,,Sideswipe-Same Direction,2,Clear,Dry,Daylight
2024-11-08T18:30:00.000,I 85,I 85 and Steve Reynolds Rd,,Rear End,3,Clear,Dry,Dark-Lighted
2023-07-10T14:40:00.000,I 85,I 85 and Steve Reynolds Rd,,Rear End,2,Clear,Dry,Daylight
2024-08-07T06:08:00.000,I 85,I 85 and Steve Reynolds Rd,,Sideswipe-Same Direction,2,Clear,Dry,Dark-Lighted
2021-02-24T06:45:00.000,I 85,I 85 and Steve Reynolds Opas,,Rear End,2,Clear,Dry,Daylight
2021-10-27T13:31:00.000,I 85,I 85 and Steve Reynolds Opas,,Rear End,2,Clear,Dry,Daylight
2021-02-26T11:58:00.000,I 85,I 85 and Steve Reynolds Opas,,Rear End,2,Rain,Wet,Daylight
2021-09-22T09:25:00.000,I 85,I 85 and Steve Reynolds Opas,,Sideswipe-Same Direction,2,Rain,Wet,Daylight
2022-05-16T07:55:00.000,I 85,I 85 and Steve Reynolds Opas,,Rear End,3,Clear,Dry,Daylight
2022-11-11T16:54:00.000,I 85,I 85 and Steve Reynolds Opas,,Rear End,4,Rain,Wet,Dawn
2021-08-19T09:20:00.000,I 85,I 85 and Steve Reynolds Opas,,Rear End,2,Cloudy,Dry,Daylight
2022-01-27T10:10:00.000,I 85,I 85 and Steve Reynolds Opas,,Sideswipe-Same Direction,2,Clear,Dry,Daylight
2022-11-11T16:54:00.000,I 85,I 85 and Steve Reynolds Opas,,Rear End,2,Rain,Wet,Dusk
2024-11-22T19:45:00.000,I 85,I 85 and Steve Reynolds Entrance Rp,,Rear End,2,Clear,Dry,Dark-Lighted
2020-11-14T16:03:00.000,I 85,I 85 and Steve Reynolds Bvld,,Not a Collision with Motor Vehicle,1,Clear,Dry,Daylight
2024-09-18T11:30:00.000,I 85,I 85 and Steve Reynolds Boulevrad,,Rear End,2,Clear,Dry,Daylight