Date and Time,Roadway (From Crash Report),Intersection Name (from Crash Report),KABCO Severity,Manner of Collision (Crash Level) ,# of Vehicles per crash ,Weather Conditions (Crash Level),Surface Condition (Crash Level) ,Light Conditions (Crash Level)
2023-04-18T09:10:00.000,I 85,I 85 and Steve Reynolds Boulevars,,Sideswipe-Same Direction,2,Clear,Dry,Daylight
2023-08-21T19:11:00.000,I 85,I 85 and Steve Reynolds Boulevard500,,Sideswipe-Same Direction,2,Clear,Dry,Daylight
2020-12-31T14:05:00.000,I 85,I 85 and Steve Reynolds Boulevard Overp,,Rear End,2,Rain,Wet,Daylight
2021-06-28T07:15:00.000,I 85,I 85 and Steve Reynolds Boulevard Overp,,Rear End,2,Clear,Dry,Daylight
2021-10-05T18:00:00.000,I 85,I 85 and Steve Reynolds Boulevard Overp,,Rear End,2,Cloudy,Wet,Daylight
2022-02-04T10:49:00.000,I 85,I 85 and Steve Reynolds Boulevard Overp,,Rear End,2,Clear,Dry,Daylight
2022-12-07T07:40:00.000,I 85,I 85 and Steve Reynolds Blvs,,Sideswipe-Same Direction,2,Cloudy,Dry,Daylight
2021-11-15T06:27:00.000,I 85,I 85 and Steve Reynolds Blvde,,Rear End,2,Clear,Dry,Dark-Lighted
2021-12-11T16:09:00.000,I 85,I 85 and Steve Reynolds Blvd.,,Rear End,2,Rain,Wet,Daylight
2023-10-11T10:47:00.000,I 85,I 85 and Steve Reynolds Blvd.,,Sideswipe-Same Direction,2,Cloudy,Dry,Daylight
2024-12-23T13:00:00.000,I 85,I 85 and Steve Reynolds Blvd.,,Sideswipe-Same Direction,2,Clear,Dry,Daylight
2024-11-26T09:15:00.000,I 85,I 85 and Steve Reynolds Blvd.,,Rear End,2,Clear,Wet,Daylight
2024-11-26T10:25:00.000,I 85,I 85 and Steve Reynolds Blvd.,,Rear End,2,Clear,Dry,Daylight
2024-12-19T19:20:00.000,I 85,I 85 and Steve Reynolds Blvd.,,Sideswipe-Same Direction,2,Clear,Dry,Dark-Lighted
2024-04-05T09:05:00.000,I 85,I 85 and Steve Reynolds Blvd.,,Rear End,2,Cloudy,Dry,Daylight
2024-09-26T09:50:00.000,I 85,I 85 and Steve Reynolds Blvd.,,Sideswipe-Same Direction,2,Clear,Wet,Daylight
2020-02-13T12:45:00.000,I 85,I 85 and Steve Reynolds Blvd Rp,,Rear End,2,Cloudy,Dry,Daylight
2020-10-03T13:50:00.000,I 85,I 85 and Steve Reynolds Blvd Over Pass,,Rear End,2,Clear,Dry,Daylight
2021-12-24T10:23:00.000,I 85,I 85 and Steve Reynolds Blvd Opas,,Rear End,2,Clear,Dry,Daylight
2021-01-29T06:42:00.000,I 85,I 85 and Steve Reynolds Blvd Opas,,Rear End,2,Clear,Dry,Daylight
2024-07-14T13:03:00.000,I 85,I 85 and Steve Reynolds Blvd Exit 103,,Rear End,2,Clear,Dry,Daylight
2024-06-15T10:18:00.000,I 85,I 85 and Steve Reynolds Blvd Exit,,Sideswipe-Same Direction,3,Clear,Dry,Daylight
2023-10-09T22:12:00.000,I 85,I 85 and Steve Reynolds Blvd Exit,,Sideswipe-Same Direction,2,Clear,Dry,Dark-Not Lighted
2024-07-03T15:19:00.000,I 85,I 85 and Steve Reynolds Blvd Exit,,Rear End,2,Clear,Dry,Daylight
2021-04-03T13:23:00.000,I 85,I 85 and Steve Reynolds Blvd,,Rear End,3,Cloudy,Dry,Daylight
2021-01-29T00:40:00.000,I 85,I 85 and Steve Reynolds Blvd,,Angle Crash,2,Clear,Dry,Dark-Not Lighted
2021-03-01T20:52:00.000,I 85,I 85 and Steve Reynolds Blvd,,Not a Collision with Motor Vehicle,1,Clear,Dry,Dark-Lighted
2021-03-26T07:38:00.000,I 85,I 85 and Steve Reynolds Blvd,,Rear End,2,Cloudy,Wet,Dawn
2021-01-22T14:05:00.000,I 85,I 85 and Steve Reynolds Blvd,,Not a Collision with Motor Vehicle,2,Cloudy,Dry,Daylight
2021-06-18T13:56:00.000,I 85,I 85 and Steve Reynolds Blvd,,Rear End,2,Clear,Dry,Daylight
2021-08-26T10:20:00.000,I 85,I 85 and Steve Reynolds Blvd,,Sideswipe-Same Direction,2,Clear,Dry,Daylight
2021-10-29T09:36:00.000,I 85,I 85 and Steve Reynolds Blvd,,Rear End,3,Rain,Wet,Daylight
2021-11-23T12:38:00.000,I 85,I 85 and Steve Reynolds Blvd,,Sideswipe-Same Direction,3,Clear,Dry,Daylight
2021-07-02T09:41:00.000,I 85,I 85 and Steve Reynolds Blvd,,Rear End,4,Cloudy,Wet,Daylight
2021-12-16T11:45:00.000,I 85,I 85 and Steve Reynolds Blvd,,Rear End,2,Cloudy,Dry,Daylight
2021-06-21T07:25:00.000,I 85,I 85 and Steve Reynolds Blvd,,Rear End,2,Cloudy,Dry,Daylight
2021-01-22T16:53:00.000,I 85,I 85 and Steve Reynolds Blvd,,Rear End,2,Clear,Dry,Daylight
2021-03-28T20:55:00.000,I 85,I 85 and Steve Reynolds Blvd,,Angle Crash,2,Clear,Dry,Dark-Lighted
2021-01-11T12:10:00.000,I 85,I 85 and Steve Reynolds Blvd,,Rear End,2,Rain,Wet,Daylight
2021-04-08T09:20:00.000,I 85,I 85 and Steve Reynolds Blvd,,Rear End,2,Clear,Dry,Daylight
2021-01-08T16:33:00.000,I 85,I 85 and Steve Reynolds Blvd,,Rear End,2,Cloudy,Dry,Daylight
2021-06-07T17:20:00.000,I 85,I 85 and Steve Reynolds Blvd,,Rear End,3,Cloudy,Dry,Daylight
2021-06-02T16:58:00.000,I 85,I 85 and Steve Reynolds Blvd,,Sideswipe-Same Direction,2,Cloudy,Dry,Daylight
2021-03-11T16:31:00.000,I 85,I 85 and Steve Reynolds Blvd,,Sideswipe-Same Direction,2,Clear,Dry,Daylight
2021-05-10T14:45:00.000,I 85,I 85 and Steve Reynolds Blvd,,Sideswipe-Same Direction,2,Clear,Dry,Daylight
2021-01-23T20:14:00.000,I 85,I 85 and Steve Reynolds Blvd,,Rear End,2,Clear,Dry,Dark-Not Lighted
2021-04-01T11:06:00.000,I 85,I 85 and Steve Reynolds Blvd,,Rear End,2,Clear,Dry,Daylight
2021-06-06T12:05:00.000,I 85,I 85 and Steve Reynolds Blvd,,Angle Crash,2,Cloudy,Dry,Daylight
2021-10-13T11:52:00.000,I 85,I 85 and Steve Reynolds Blvd,,Rear End,2,Cloudy,Dry,Daylight
2021-12-03T15:26:00.000,I 85,I 85 and Steve Reynolds Blvd,,Sideswipe-Same Direction,2,Clear,Dry,Daylight
2021-10-22T18:01:00.000,I 85,I 85 and Steve Reynolds Blvd,,Rear End,2,Clear,Dry,Daylight
2021-08-05T18:45:00.000,I 85,I 85 and Steve Reynolds Blvd,,Rear End,2,Clear,Dry,Daylight
2021-08-01T13:52:00.000,I 85,I 85 and Steve Reynolds Blvd,,Rear End,2,Clear,Dry,Daylight
2021-10-08T09:50:00.000,I 85,I 85 and Steve Reynolds Blvd,,Rear End,2,Cloudy,Dry,Daylight
2021-03-07T14:45:00.000,I 85,I 85 and Steve Reynolds Blvd,,Rear End,2,Clear,Dry,Daylight
2021-09-02T09:23:00.000,I 85,I 85 and Steve Reynolds Blvd,,Rear End,2,Clear,Dry,Daylight
2021-08-28T13:38:00.000,I 85,I 85 and Steve Reynolds Blvd,,Rear End,2,Clear,Dry,Daylight
2021-08-19T16:47:00.000,I 85,I 85 and Steve Reynolds Blvd,,Rear End,3,Rain,Wet,Daylight
2021-10-21T09:10:00.000,I 85,I 85 and Steve Reynolds Blvd,,Sideswipe-Same Direction,2,Cloudy,Dry,Daylight
2021-08-10T20:45:00.000,I 85,I 85 and Steve Reynolds Blvd,,Rear End,2,Cloudy,Wet,Dark-Lighted
2021-07-27T11:30:00.000,I 85,I 85 and Steve Reynolds Blvd,,Rear End,3,Cloudy,Dry,Daylight
2021-07-02T13:07:00.000,I 85,I 85 and Steve Reynolds Blvd,,Rear End,3,Clear,Dry,Daylight
2021-12-03T15:57:00.000,I 85,I 85 and Steve Reynolds Blvd,,Sideswipe-Same Direction,2,Clear,Dry,Daylight
2021-03-21T13:02:00.000,I 85,I 85 and Steve Reynolds Blvd,,Rear End,2,Clear,Dry,Daylight
2021-03-21T16:17:00.000,I 85,I 85 and Steve Reynolds Blvd,,Rear End,2,Clear,Dry,Daylight
2021-03-06T19:37:00.000,I 85,I 85 and Steve Reynolds Blvd,,Rear End,3,Clear,Dry,Daylight
2021-01-27T17:18:00.000,I 85,I 85 and Steve Reynolds Blvd,,Not a Collision with Motor Vehicle,1,Rain,Wet,Daylight
2021-05-16T16:51:00.000,I 85,I 85 and Steve Reynolds Blvd,,Rear End,2,Clear,Dry,Daylight
2021-03-26T07:38:00.000,I 85,I 85 and Steve Reynolds Blvd,,Rear End,2,Cloudy,Wet,Dawn
2021-05-11T07:48:00.000,I 85,I 85 and Steve Reynolds Blvd,,Rear End,2,Cloudy,Dry,Daylight
2021-03-14T03:20:00.000,I 85,I 85 and Steve Reynolds Blvd,,Rear End,2,Clear,Dry,Dark-Lighted
2021-06-10T18:32:00.000,I 85,I 85 and Steve Reynolds Blvd,,Sideswipe-Same Direction,2,Clear,Dry,Daylight
2021-05-08T13:20:00.000,I 85,I 85 and Steve Reynolds Blvd,,Rear End,2,Clear,Dry,Daylight
2021-03-09T13:55:00.000,I 85,I 85 and Steve Reynolds Blvd,,Rear End,3,Cloudy,Dry,Daylight
2021-11-12T09:39:00.000,I 85,I 85 and Steve Reynolds Blvd,,Rear End,3,Clear,Dry,Daylight
2021-10-10T05:50:00.000,I 85,I 85 and Steve Reynolds Blvd,,Sideswipe-Same Direction,2,Clear,Dry,Dark-Lighted
2021-09-22T18:22:00.000,I 85,I 85 and Steve Reynolds Blvd,,Not a Collision with Motor Vehicle,1,Cloudy,Dry,Daylight
2021-08-13T12:50:00.000,I 85,I 85 and Steve Reynolds Blvd,,Rear End,2,Cloudy,Dry,Daylight
2021-12-20T18:00:00.000,I 85,I 85 and Steve Reynolds Blvd,,Rear End,2,Cloudy,Dry,Dark-Lighted
2021-07-24T15:05:00.000,I 85,I 85 and Steve Reynolds Blvd,,Angle Crash,2,Clear,Dry,Daylight
2021-11-24T07:03:00.000,I 85,I 85 and Steve Reynolds Blvd,,Rear End,3,Clear,Dry,Daylight
2021-09-03T13:12:00.000,I 85,I 85 and Steve Reynolds Blvd,,Sideswipe-Same Direction,2,Clear,Dry,Daylight
2021-10-01T21:45:00.000,I 85,I 85 and Steve Reynolds Blvd,,Rear End,2,Clear,Dry,Dark-Lighted
2021-01-05T06:59:00.000,I 85,I 85 and Steve Reynolds Blvd,,Rear End,2,Cloudy,Dry,Dark-Lighted
2021-01-18T18:32:00.000,I 85,I 85 and Steve Reynolds Blvd,,Rear End,2,Clear,Dry,Dark-Lighted
2021-02-05T09:58:00.000,I 85,I 85 and Steve Reynolds Blvd,,Rear End,3,Cloudy,Dry,Daylight
2021-05-27T12:03:00.000,I 85,I 85 and Steve Reynolds Blvd,,Rear End,2,Clear,Wet,Daylight
2021-06-12T22:25:00.000,I 85,I 85 and Steve Reynolds Blvd,,Rear End,2,Clear,Dry,Dark-Not Lighted
2021-03-26T13:13:00.000,I 85,I 85 and Steve Reynolds Blvd,,Rear End,4,Cloudy,Dry,Daylight
2021-05-29T21:50:00.000,I 85,I 85 and Steve Reynolds Blvd,,Rear End,2,Clear,Dry,Dark-Lighted
2020-05-28T15:50:00.000,I 85,I 85 and Steve Reynolds Blvd,,Rear End,2,Clear,Dry,Daylight
2020-08-22T21:05:00.000,I 85,I 85 and Steve Reynolds Blvd,,Sideswipe-Same Direction,2,Clear,Wet,Dark-Lighted
2020-01-29T07:18:00.000,I 85,I 85 and Steve Reynolds Blvd,,Rear End,2,Clear,Dry,Daylight
2020-02-27T10:39:00.000,I 85,I 85 and Steve Reynolds Blvd,,Sideswipe-Same Direction,2,Clear,Dry,Daylight
2020-07-13T18:00:00.000,I 85,I 85 and Steve Reynolds Blvd,,Not a Collision with Motor Vehicle,1,Clear,Dry,Daylight
2023-03-25T18:14:00.000,I 85,I 85 and Steve Reynolds Blvd,,Rear End,2,Clear,Dry,Daylight
2023-08-30T08:35:00.000,I 85,I 85 and Steve Reynolds Blvd,,Sideswipe-Same Direction,2,Cloudy,Wet,Daylight
2023-12-14T14:58:00.000,I 85,I 85 and Steve Reynolds Blvd,,Rear End,2,Clear,Dry,Daylight
2023-01-17T17:54:00.000,I 85,I 85 and Steve Reynolds Blvd,,Sideswipe-Same Direction,2,Clear,Dry,Daylight
2023-02-22T11:00:00.000,I 85,I 85 and Steve Reynolds Blvd,,Rear End,2,Cloudy,Dry,Daylight
2023-11-24T11:35:00.000,I 85,I 85 and Steve Reynolds Blvd,,Rear End,2,Clear,Dry,Daylight
2023-05-27T15:55:00.000,I 85,I 85 and Steve Reynolds Blvd,,Rear End,2,Clear,Dry,Daylight
2023-02-26T16:50:00.000,I 85,I 85 and Steve Reynolds Blvd,,Rear End,4,Cloudy,Dry,Daylight
2023-08-12T19:08:00.000,I 85,I 85 and Steve Reynolds Blvd,,Rear End,2,Rain,Water (standing or moving),Daylight
2023-07-09T15:39:00.000,I 85,I 85 and Steve Reynolds Blvd,,Sideswipe-Same Direction,2,Clear,Dry,Daylight
2023-10-07T16:36:00.000,I 85,I 85 and Steve Reynolds Blvd,,Rear End,2,Clear,Dry,Daylight
2023-08-12T13:10:00.000,I 85,I 85 and Steve Reynolds Blvd,,Rear End,2,Clear,Dry,Daylight
2023-02-03T19:30:00.000,I 85,I 85 and Steve Reynolds Blvd,,Rear End,2,Clear,Dry,Dark-Lighted
2023-05-20T20:34:00.000,I 85,I 85 and Steve Reynolds Blvd,,Sideswipe-Same Direction,2,Clear,Dry,Dark-Lighted
2023-07-14T18:27:00.000,I 85,I 85 and Steve Reynolds Blvd,,Sideswipe-Same Direction,2,Clear,Dry,Daylight
2023-07-25T13:40:00.000,I 85,I 85 and Steve Reynolds Blvd,,Rear End,3,Clear,Dry,Daylight
2023-11-13T19:03:00.000,I 85,I 85 and Steve Reynolds Blvd,,Rear End,2,Clear,Dry,Dark-Not Lighted
2023-04-14T10:33:00.000,I 85,I 85 and Steve Reynolds Blvd,,Sideswipe-Same Direction,2,Cloudy,Dry,Daylight
2023-09-20T18:06:00.000,I 85,I 85 and Steve Reynolds Blvd,,Rear End,2,Clear,Dry,Dusk
2023-07-02T14:54:00.000,I 85,I 85 and Steve Reynolds Blvd,,Rear End,2,Clear,Dry,Daylight
2023-06-05T18:07:00.000,I 85,I 85 and Steve Reynolds Blvd,,Rear End,2,Clear,Dry,Daylight
2023-12-22T23:19:00.000,I 85,I 85 and Steve Reynolds Blvd,,Rear End,2,Clear,Dry,Dark-Not Lighted
2023-03-29T15:05:00.000,I 85,I 85 and Steve Reynolds Blvd,,Sideswipe-Same Direction,2,Clear,Dry,Daylight
2023-10-09T17:28:00.000,I 85,I 85 and Steve Reynolds Blvd,,Sideswipe-Same Direction,2,Clear,Dry,Daylight
2023-08-01T12:47:00.000,I 85,I 85 and Steve Reynolds Blvd,,Rear End,2,Clear,Dry,Daylight
2023-08-30T00:18:00.000,I 85,I 85 and Steve Reynolds Blvd,,Not a Collision with Motor Vehicle,1,Rain,Wet,Dark-Lighted
2023-06-11T12:50:00.000,I 85,I 85 and Steve Reynolds Blvd,,Not a Collision with Motor Vehicle,1,Rain,Wet,Daylight
2023-07-31T10:45:00.000,I 85,I 85 and Steve Reynolds Blvd,,Sideswipe-Same Direction,2,Clear,Dry,Daylight
2023-07-08T15:22:00.000,I 85,I 85 and Steve Reynolds Blvd,,Rear End,2,Clear,Dry,Daylight
2023-10-09T15:15:00.000,I 85,I 85 and Steve Reynolds Blvd,,Rear End,3,Clear,Dry,Daylight
2023-04-16T14:18:00.000,I 85,I 85 and Steve Reynolds Blvd,,Head On,2,Cloudy,Dry,Daylight
2023-10-09T15:25:00.000,I 85,I 85 and Steve Reynolds Blvd,,Rear End,2,Clear,Dry,Daylight
2023-10-09T15:05:00.000,I 85,I 85 and Steve Reynolds Blvd,,Rear End,2,Clear,Dry,Daylight
2023-01-11T08:59:00.000,I 85,I 85 and Steve Reynolds Blvd,,Rear End,2,Clear,Dry,Daylight
2023-12-28T22:13:00.000,I 85,I 85 and Steve Reynolds Blvd,,Angle Crash,2,Cloudy,Dry,Dark-Lighted
2023-03-29T21:37:00.000,I 85,I 85 and Steve Reynolds Blvd,,Rear End,2,Clear,Dry,Dark-Not Lighted
2023-07-08T13:45:00.000,I 85,I 85 and Steve Reynolds Blvd,,Angle Crash,2,Clear,Dry,Daylight
2023-12-02T19:41:00.000,I 85,I 85 and Steve Reynolds Blvd,,Rear End,2,Cloudy,Dry,Dark-Not Lighted
2023-01-01T03:40:00.000,I 85,I 85 and Steve Reynolds Blvd,,Sideswipe-Same Direction,2,Fog,Wet,Dark-Lighted
2023-04-15T02:14:00.000,I 85,I 85 and Steve Reynolds Blvd,,Rear End,2,Clear,Dry,Dark-Lighted
2023-02-06T19:55:00.000,I 85,I 85 and Steve Reynolds Blvd,,Rear End,2,Clear,Dry,Dark-Lighted
2023-08-03T06:22:00.000,I 85,I 85 and Steve Reynolds Blvd,,Rear End,2,Cloudy,Dry,Daylight
2023-10-28T16:50:00.000,I 85,I 85 and Steve Reynolds Blvd,,Rear End,2,Clear,Dry,Daylight
2023-06-05T18:07:00.000,I 85,I 85 and Steve Reynolds Blvd,,Rear End,2,Clear,Dry,Daylight
2023-07-20T15:10:00.000,I 85,I 85 and Steve Reynolds Blvd,,Rear End,2,Clear,Dry,Daylight
2023-02-01T06:50:00.000,I 85,I 85 and Steve Reynolds Blvd,,Rear End,2,Clear,Dry,Dark-Lighted
2023-06-02T06:56:00.000,I 85,I 85 and Steve Reynolds Blvd,,Rear End,2,Clear,Dry,Daylight
2023-09-12T08:00:00.000,I 85,I 85 and Steve Reynolds Blvd,,Rear End,2,Clear,Dry,Daylight
2023-12-14T14:58:00.000,I 85,I 85 and Steve Reynolds Blvd,,Rear End,2,Clear,Dry,Daylight
2023-01-01T01:30:00.000,I 85,I 85 and Steve Reynolds Blvd,,Rear End,2,Clear,Dry,Dark-Not Lighted
2023-11-06T16:26:00.000,I 85,I 85 and Steve Reynolds Blvd,,Sideswipe-Same Direction,2,Clear,Dry,Daylight
2023-01-02T14:44:00.000,I 85,I 85 and Steve Reynolds Blvd,,Rear End,4,Rain,Wet,Daylight
2023-03-19T13:30:00.000,I 85,I 85 and Steve Reynolds Blvd,,Sideswipe-Same Direction,2,Cloudy,Dry,Dark-Lighted
2023-01-13T07:23:00.000,I 85,I 85 and Steve Reynolds Blvd,,Rear End,2,Clear,Dry,Dark-Not Lighted
2023-09-16T16:20:00.000,I 85,I 85 and Steve Reynolds Blvd,,Sideswipe-Same Direction,2,Clear,Wet,Daylight
2023-07-16T05:55:00.000,I 85,I 85 and Steve Reynolds Blvd,,Sideswipe-Same Direction,2,Clear,Dry,Dark-Not Lighted
2023-12-19T12:53:00.000,I 85,I 85 and Steve Reynolds Blvd,,Rear End,2,Cloudy,Dry,Daylight
2023-12-14T18:25:00.000,I 85,I 85 and Steve Reynolds Blvd,,Rear End,2,Clear,Dry,Dark-Lighted
2023-08-07T15:13:00.000,I 85,I 85 and Steve Reynolds Blvd,,Rear End,2,Clear,Dry,Daylight
2023-02-16T10:09:00.000,I 85,I 85 and Steve Reynolds Blvd,,Sideswipe-Same Direction,2,Cloudy,Dry,Daylight
2023-03-23T10:36:00.000,I 85,I 85 and Steve Reynolds Blvd,,Rear End,3,Clear,Dry,Daylight
2023-06-22T13:18:00.000,I 85,I 85 and Steve Reynolds Blvd,,Rear End,2,Cloudy,Wet,Daylight
2023-04-10T07:45:00.000,I 85,I 85 and Steve Reynolds Blvd,,Rear End,2,Clear,Dry,Daylight
2023-08-04T11:46:00.000,I 85,I 85 and Steve Reynolds Blvd,,Rear End,2,Cloudy,Dry,Daylight
2023-07-07T09:40:00.000,I 85,I 85 and Steve Reynolds Blvd,,Rear End,2,Clear,Dry,Daylight
2023-07-25T11:10:00.000,I 85,I 85 and Steve Reynolds Blvd,,Sideswipe-Same Direction,2,Clear,Dry,Daylight
2023-09-27T12:58:00.000,I 85,I 85 and Steve Reynolds Blvd,,Sideswipe-Same Direction,2,Clear,Dry,Daylight
2023-09-04T13:56:00.000,I 85,I 85 and Steve Reynolds Blvd,,Sideswipe-Same Direction,2,Clear,Dry,Daylight
2023-06-09T21:37:00.000,I 85,I 85 and Steve Reynolds Blvd,,Sideswipe-Same Direction,2,Clear,Dry,Dark-Lighted
2023-09-26T05:42:00.000,I 85,I 85 and Steve Reynolds Blvd,,Sideswipe-Same Direction,2,Clear,Dry,Dark-Lighted
2023-10-12T11:00:00.000,I 85,I 85 and Steve Reynolds Blvd,,Sideswipe-Same Direction,2,Clear,Dry,Daylight
2023-12-22T12:34:00.000,I 85,I 85 and Steve Reynolds Blvd,,Rear End,2,Cloudy,Dry,Daylight
2023-03-31T16:27:00.000,I 85,I 85 and Steve Reynolds Blvd,,Rear End,2,Cloudy,Dry,Daylight
2023-07-10T14:40:00.000,I 85,I 85 and Steve Reynolds Blvd,,Rear End,3,Clear,Dry,Daylight
2023-01-05T13:00:00.000,I 85,I 85 and Steve Reynolds Blvd,,Angle Crash,2,Clear,Dry,Daylight
2023-03-05T12:09:00.000,I 85,I 85 and Steve Reynolds Blvd,,Rear End,2,Clear,Dry,Daylight
2023-07-01T15:18:00.000,I 85,I 85 and Steve Reynolds Blvd,,Rear End,3,Clear,Dry,Daylight
2023-12-15T13:58:00.000,I 85,I 85 and Steve Reynolds Blvd,,Sideswipe-Same Direction,2,Clear,Dry,Daylight
2023-09-18T17:40:00.000,I 85,I 85 and Steve Reynolds Blvd,,Rear End,2,Clear,Dry,Daylight
2023-04-08T19:01:00.000,I 85,I 85 and Steve Reynolds Blvd,,Rear End,2,Rain,Wet,Daylight
2023-02-28T20:26:00.000,I 85,I 85 and Steve Reynolds Blvd,,Angle Crash,2,Cloudy,Dry,Dark-Lighted
2023-03-05T15:50:00.000,I 85,I 85 and Steve Reynolds Blvd,,Rear End,2,Clear,Dry,Daylight
2023-06-08T23:50:00.000,I 85,I 85 and Steve Reynolds Blvd,,Rear End,2,Clear,Dry,Dark-Lighted
2023-12-22T20:07:00.000,I 85,I 85 and Steve Reynolds Blvd,,Rear End,3,Clear,Dry,Dark-Lighted
2023-09-29T11:03:00.000,I 85,I 85 and Steve Reynolds Blvd,,Rear End,2,Cloudy,Dry,Daylight
2023-08-12T18:19:00.000,I 85,I 85 and Steve Reynolds Blvd,,Sideswipe-Same Direction,2,Rain,Wet,Daylight
2023-05-24T18:46:00.000,I 85,I 85 and Steve Reynolds Blvd,,Rear End,3,Clear,Dry,Daylight
2023-12-27T23:25:00.000,I 85,I 85 and Steve Reynolds Blvd,,Not a Collision with Motor Vehicle,1,Cloudy,Dry,Dark-Lighted
2023-09-20T08:25:00.000,I 85,I 85 and Steve Reynolds Blvd,,Angle Crash,2,Clear,Dry,Daylight
2023-07-26T14:32:00.000,I 85,I 85 and Steve Reynolds Blvd,,Sideswipe-Same Direction,2,Clear,Dry,Daylight
2023-03-25T16:33:00.000,I 85,I 85 and Steve Reynolds Blvd,,Rear End,2,Clear,Dry,Daylight
2023-04-09T15:58:00.000,I 85,I 85 and Steve Reynolds Blvd,,Rear End,3,Clear,Dry,Daylight
2023-01-18T20:06:00.000,I 85,I 85 and Steve Reynolds Blvd,,Sideswipe-Same Direction,2,Cloudy,Wet,Daylight
2023-02-07T23:35:00.000,I 85,I 85 and Steve Reynolds Blvd,,Rear End,2,Clear,Dry,Dark-Not Lighted
2022-07-06T17:30:00.000,I 85,I 85 and Steve Reynolds Blvd,,Rear End,2,Clear,Dry,Daylight
2022-09-01T07:19:00.000,I 85,I 85 and Steve Reynolds Blvd,,Rear End,2,Clear,Dry,Daylight
2022-12-16T13:23:00.000,I 85,I 85 and Steve Reynolds Blvd,,Rear End,3,Clear,Dry,Daylight
2022-02-01T11:45:00.000,I 85,I 85 and Steve Reynolds Blvd,,Rear End,2,Clear,Dry,Daylight
2022-09-01T06:42:00.000,I 85,I 85 and Steve Reynolds Blvd,,Rear End,3,Clear,Dry,Daylight
2022-04-27T10:41:00.000,I 85,I 85 and Steve Reynolds Blvd,,Rear End,2,Clear,Dry,Daylight
2022-06-25T23:46:00.000,I 85,I 85 and Steve Reynolds Blvd,,Rear End,2,Clear,Dry,Dark-Lighted
2022-05-26T16:25:00.000,I 85,I 85 and Steve Reynolds Blvd,,Rear End,2,Cloudy,Wet,Daylight
2022-06-30T10:42:00.000,I 85,I 85 and Steve Reynolds Blvd,,Rear End,3,Cloudy,Dry,Daylight
2022-09-10T12:30:00.000,I 85,I 85 and Steve Reynolds Blvd,,Rear End,2,Cloudy,Dry,Daylight
2022-05-06T15:43:00.000,I 85,I 85 and Steve Reynolds Blvd,,Rear End,3,Cloudy,Dry,Daylight
2022-09-27T06:18:00.000,I 85,I 85 and Steve Reynolds Blvd,,Rear End,2,Clear,Dry,Dark-Lighted
2022-10-27T16:47:00.000,I 85,I 85 and Steve Reynolds Blvd,,Sideswipe-Same Direction,2,Clear,Dry,Daylight
2022-12-21T14:49:00.000,I 85,I 85 and Steve Reynolds Blvd,,Not a Collision with Motor Vehicle,2,Cloudy,Dry,Daylight
2023-02-13T11:43:00.000,I 85,I 85 and Steve Reynolds Blvd,,Sideswipe-Same Direction,2,Clear,Dry,Daylight
2024-10-07T05:25:00.000,I 85,I 85 and Steve Reynolds Blvd,,Sideswipe-Same Direction,2,Clear,Dry,Dark-Lighted
2022-10-02T16:38:00.000,I 85,I 85 and Steve Reynolds Blvd,,Angle Crash,2,Clear,Dry,Daylight
2021-03-24T10:20:00.000,I 85,I 85 and Steve Reynolds Blvd,,Rear End,3,Cloudy,Dry,Daylight
2020-07-28T07:15:00.000,I 85,I 85 and Steve Reynolds Blvd,,Sideswipe-Same Direction,2,Clear,Dry,Daylight
2021-12-06T17:22:00.000,I 85,I 85 and Steve Reynolds Blvd,,Rear End,3,Cloudy,Wet,Daylight
2020-07-14T08:35:00.000,I 85,I 85 and Steve Reynolds Blvd,,Angle Crash,2,Clear,Dry,Daylight
2020-10-27T07:58:00.000,I 85,I 85 and Steve Reynolds Blvd,,Not a Collision with Motor Vehicle,2,Clear,Dry,Daylight
2020-09-21T06:50:00.000,I 85,I 85 and Steve Reynolds Blvd,,Rear End,2,Clear,Dry,Dark-Lighted
2020-03-02T07:21:00.000,I 85,I 85 and Steve Reynolds Blvd,,Rear End,2,Clear,Dry,Daylight
2020-02-13T12:45:00.000,I 85,I 85 and Steve Reynolds Blvd,,Rear End,2,Clear,Wet,Daylight
2020-07-02T09:10:00.000,I 85,I 85 and Steve Reynolds Blvd,,Rear End,3,Clear,Dry,Daylight
2020-01-19T15:16:00.000,I 85,I 85 and Steve Reynolds Blvd,,Rear End,2,Clear,Dry,Daylight
2020-08-22T05:31:00.000,I 85,I 85 and Steve Reynolds Blvd,,Angle Crash,2,Cloudy,Dry,Daylight
2020-12-14T18:25:00.000,I 85,I 85 and Steve Reynolds Blvd,,Rear End,3,Clear,Dry,Dark-Lighted
2020-02-11T19:05:00.000,I 85,I 85 and Steve Reynolds Blvd,,Sideswipe-Same Direction,2,Rain,Wet,Dark-Lighted
2020-03-07T05:35:00.000,I 85,I 85 and Steve Reynolds Blvd,,Angle Crash,2,Clear,Dry,Dark-Not Lighted
2020-07-30T18:00:00.000,I 85,I 85 and Steve Reynolds Blvd,,Rear End,4,Clear,Wet,Daylight
2020-05-27T13:00:00.000,I 85,I 85 and Steve Reynolds Blvd,,Sideswipe-Same Direction,3,Rain,Wet,Daylight
2020-11-08T03:21:00.000,I 85,I 85 and Steve Reynolds Blvd,,Rear End,2,Clear,Dry,Dark-Lighted
2020-02-14T13:14:00.000,I 85,I 85 and Steve Reynolds Blvd,,Rear End,2,Clear,Dry,Daylight
2020-02-16T15:17:00.000,I 85,I 85 and Steve Reynolds Blvd,,Rear End,2,Rain,Wet,Daylight