Date and Time,Roadway (From Crash Report),Intersection Name (from Crash Report),KABCO Severity,Manner of Collision (Crash Level) ,# of Vehicles per crash ,Weather Conditions (Crash Level),Surface Condition (Crash Level) ,Light Conditions (Crash Level)
2020-10-01T02:15:00.000,I 85,I 85 and Steve Reynolds Blvd,,Angle Crash,2,Clear,Dry,Dark-Lighted
2020-02-07T09:48:00.000,I 85,I 85 and Steve Reynolds Blvd,,Rear End,3,Cloudy,Wet,Daylight
2020-08-31T06:50:00.000,I 85,I 85 and Steve Reynolds Blvd,,Sideswipe-Same Direction,2,Rain,Wet,Dawn
2020-02-06T15:50:00.000,I 85,I 85 and Steve Reynolds Blvd,,Rear End,2,Rain,Wet,Daylight
2020-05-20T16:00:00.000,I 85,I 85 and Steve Reynolds Blvd,,Not a Collision with Motor Vehicle,2,Cloudy,Dry,Daylight
2020-05-01T18:52:00.000,I 85,I 85 and Steve Reynolds Blvd,,Rear End,2,Clear,Dry,Daylight
2020-01-31T05:42:00.000,I 85,I 85 and Steve Reynolds Blvd,,Sideswipe-Same Direction,2,Cloudy,Dry,Dark-Lighted
2020-10-15T16:02:00.000,I 85,I 85 and Steve Reynolds Blvd,,Rear End,2,Clear,Dry,Daylight
2020-09-03T07:42:00.000,I 85,I 85 and Steve Reynolds Blvd,,Sideswipe-Same Direction,3,Clear,Dry,Daylight
2020-08-18T19:29:00.000,I 85,I 85 and Steve Reynolds Blvd,,Sideswipe-Same Direction,2,Clear,Dry,Daylight
2020-07-02T17:00:00.000,I 85,I 85 and Steve Reynolds Blvd,,Sideswipe-Same Direction,2,Clear,Dry,Daylight
2020-08-12T18:48:00.000,I 85,I 85 and Steve Reynolds Blvd,,Sideswipe-Same Direction,3,Clear,Dry,Daylight
2020-12-29T09:24:00.000,I 85,I 85 and Steve Reynolds Blvd,,Rear End,2,Clear,Dry,Daylight
2020-03-06T11:10:00.000,I 85,I 85 and Steve Reynolds Blvd,,Rear End,2,Cloudy,Dry,Daylight
2020-05-11T17:30:00.000,I 85,I 85 and Steve Reynolds Blvd,,Not a Collision with Motor Vehicle,1,Clear,Dry,Daylight
2020-07-28T08:09:00.000,I 85,I 85 and Steve Reynolds Blvd,,Sideswipe-Same Direction,2,Clear,Dry,Daylight
2020-12-22T19:06:00.000,I 85,I 85 and Steve Reynolds Blvd,,Rear End,3,Clear,Dry,Dark-Lighted
2020-03-12T14:43:00.000,I 85,I 85 and Steve Reynolds Blvd,,Rear End,2,Cloudy,Dry,Daylight
2020-06-26T16:00:00.000,I 85,I 85 and Steve Reynolds Blvd,,Sideswipe-Same Direction,2,Cloudy,Dry,Daylight
2020-02-05T08:20:00.000,I 85,I 85 and Steve Reynolds Blvd,,Rear End,3,Cloudy,Wet,Daylight
2020-11-23T18:13:00.000,I 85,I 85 and Steve Reynolds Blvd,,Rear End,5,Clear,Dry,Daylight
2020-12-23T11:35:00.000,I 85,I 85 and Steve Reynolds Blvd,,Not a Collision with Motor Vehicle,1,Clear,Dry,Daylight
2020-10-30T17:45:00.000,I 85,I 85 and Steve Reynolds Blvd,,Sideswipe-Same Direction,2,Clear,Dry,Daylight
2020-03-06T14:29:00.000,I 85,I 85 and Steve Reynolds Blvd,,Rear End,2,Clear,Dry,Daylight
2020-07-15T17:50:00.000,I 85,I 85 and Steve Reynolds Blvd,,Rear End,2,Cloudy,Dry,Daylight
2020-12-03T15:20:00.000,I 85,I 85 and Steve Reynolds Blvd,,Not a Collision with Motor Vehicle,1,Clear,Dry,Daylight
2020-04-30T07:45:00.000,I 85,I 85 and Steve Reynolds Blvd,,Sideswipe-Same Direction,3,Clear,Wet,Daylight
2020-10-12T11:05:00.000,I 85,I 85 and Steve Reynolds Blvd,,Sideswipe-Same Direction,2,Clear,Dry,Daylight
2020-08-13T00:05:00.000,I 85,I 85 and Steve Reynolds Blvd,,Angle Crash,1,Clear,Dry,Dark-Not Lighted
2020-06-26T08:05:00.000,I 85,I 85 and Steve Reynolds Blvd,,Sideswipe-Same Direction,2,Clear,Dry,Daylight
2020-09-18T16:47:00.000,I 85,I 85 and Steve Reynolds Blvd,,Sideswipe-Same Direction,2,Clear,Dry,Daylight
2020-03-10T17:05:00.000,I 85,I 85 and Steve Reynolds Blvd,,Rear End,2,Clear,Dry,Daylight
2020-08-05T07:20:00.000,I 85,I 85 and Steve Reynolds Blvd,,Not a Collision with Motor Vehicle,1,Clear,Dry,Daylight
2020-08-16T19:40:00.000,I 85,I 85 and Steve Reynolds Blvd,,Rear End,3,Clear,Dry,Dusk
2020-07-14T14:45:00.000,I 85,I 85 and Steve Reynolds Blvd,,Sideswipe-Same Direction,2,Clear,Dry,Daylight
2020-10-03T19:32:00.000,I 85,I 85 and Steve Reynolds Blvd,,Rear End,2,Clear,Dry,Dark-Lighted
2020-09-12T14:20:00.000,I 85,I 85 and Steve Reynolds Blvd,,Angle Crash,3,Clear,Dry,Daylight
2020-08-21T21:24:00.000,I 85,I 85 and Steve Reynolds Blvd,,Angle Crash,1,Rain,Wet,Dark-Lighted
2020-05-19T06:00:00.000,I 85,I 85 and Steve Reynolds Blvd,,Sideswipe-Same Direction,3,Cloudy,Dry,Dawn
2020-08-17T10:01:00.000,I 85,I 85 and Steve Reynolds Blvd,,Rear End,2,Cloudy,Dry,Daylight
2020-09-03T07:45:00.000,I 85,I 85 and Steve Reynolds Blvd,,Rear End,3,Clear,Dry,Daylight
2020-07-14T15:34:00.000,I 85,I 85 and Steve Reynolds Blvd,,Rear End,2,Clear,Dry,Daylight
2020-01-20T10:30:00.000,I 85,I 85 and Steve Reynolds Blvd,,Head On,2,Clear,Dry,Daylight
2020-06-12T00:30:00.000,I 85,I 85 and Steve Reynolds Blvd,,Rear End,2,Clear,Dry,Dark-Not Lighted
2020-08-05T08:10:00.000,I 85,I 85 and Steve Reynolds Blvd,,Rear End,2,Clear,Dry,Daylight
2020-06-09T15:20:00.000,I 85,I 85 and Steve Reynolds Blvd,,Rear End,2,Rain,Wet,Daylight
2020-11-05T10:15:00.000,I 85,I 85 and Steve Reynolds Blvd,,Rear End,2,Clear,Dry,Daylight
2020-10-14T07:30:00.000,I 85,I 85 and Steve Reynolds Blvd,,Sideswipe-Same Direction,2,Clear,Dry,Daylight
2020-08-30T11:00:00.000,I 85,I 85 and Steve Reynolds Blvd,,Angle Crash,1,Clear,Dry,Daylight
2020-07-05T01:59:00.000,I 85,I 85 and Steve Reynolds Blvd,,Sideswipe-Same Direction,2,Clear,Dry,Dark-Lighted
2020-08-25T11:25:00.000,I 85,I 85 and Steve Reynolds Blvd,,Sideswipe-Same Direction,2,Rain,Wet,Daylight
2020-12-16T07:00:00.000,I 85,I 85 and Steve Reynolds Blvd,,Sideswipe-Same Direction,2,Rain,Wet,Daylight
2020-01-07T09:43:00.000,I 85,I 85 and Steve Reynolds Blvd,,Rear End,2,Cloudy,Wet,Daylight
2020-02-05T09:30:00.000,I 85,I 85 and Steve Reynolds Blvd,,Rear End,2,Cloudy,Wet,Daylight
2020-04-22T16:30:00.000,I 85,I 85 and Steve Reynolds Blvd,,Rear End,2,Cloudy,Dry,Daylight
2020-09-01T23:50:00.000,I 85,I 85 and Steve Reynolds Blvd,,Not a Collision with Motor Vehicle,1,Clear,Dry,Dark-Lighted
2020-01-16T10:55:00.000,I 85,I 85 and Steve Reynolds Blvd,,Rear End,2,Clear,Wet,Daylight
2020-10-02T17:29:00.000,I 85,I 85 and Steve Reynolds Blvd,,Sideswipe-Same Direction,2,Clear,Dry,Daylight
2020-09-04T11:32:00.000,I 85,I 85 and Steve Reynolds Blvd,,Rear End,2,Clear,Dry,Daylight
2020-10-11T13:55:00.000,I 85,I 85 and Steve Reynolds Blvd,,Rear End,2,Rain,Wet,Daylight
2020-03-05T16:40:00.000,I 85,I 85 and Steve Reynolds Blvd,,Rear End,2,Rain,Wet,Daylight
2020-10-23T17:00:00.000,I 85,I 85 and Steve Reynolds Blvd,,Rear End,5,Clear,Dry,Daylight
2020-12-02T17:43:00.000,I 85,I 85 and Steve Reynolds Blvd,,Rear End,2,Clear,Dry,Dark-Lighted
2020-01-24T17:00:00.000,I 85,I 85 and Steve Reynolds Blvd,,Rear End,2,Cloudy,Wet,Daylight
2020-12-31T15:28:00.000,I 85,I 85 and Steve Reynolds Blvd,,Rear End,2,Cloudy,Wet,Daylight
2020-12-18T17:00:00.000,I 85,I 85 and Steve Reynolds Blvd,,Rear End,2,Clear,Dry,Daylight
2020-10-27T07:11:00.000,I 85,I 85 and Steve Reynolds Blvd,,Not a Collision with Motor Vehicle,2,Clear,Dry,Dawn
2020-09-10T05:40:00.000,I 85,I 85 and Steve Reynolds Blvd,,Not a Collision with Motor Vehicle,1,Clear,Dry,Dark-Lighted
2020-07-23T16:37:00.000,I 85,I 85 and Steve Reynolds Blvd,,Sideswipe-Same Direction,2,Cloudy,Dry,Daylight
2020-07-18T15:28:00.000,I 85,I 85 and Steve Reynolds Blvd,,Sideswipe-Same Direction,2,Clear,Dry,Daylight
2020-06-19T14:05:00.000,I 85,I 85 and Steve Reynolds Blvd,,Rear End,2,Clear,Dry,Daylight
2020-01-23T10:06:00.000,I 85,I 85 and Steve Reynolds Blvd,,Rear End,2,Cloudy,Dry,Daylight
2020-11-13T10:45:00.000,I 85,I 85 and Steve Reynolds Blvd,,Rear End,4,Clear,Dry,Daylight
2020-03-05T16:40:00.000,I 85,I 85 and Steve Reynolds Blvd,,Rear End,2,Rain,Wet,Daylight
2020-08-30T20:48:00.000,I 85,I 85 and Steve Reynolds Blvd,,Rear End,2,Rain,Wet,Dark-Lighted
2020-08-02T23:31:00.000,I 85,I 85 and Steve Reynolds Blvd,,Angle Crash,2,Clear,Dry,Dark-Lighted
2020-10-13T15:54:00.000,I 85,I 85 and Steve Reynolds Blvd,,Rear End,3,Clear,Dry,Daylight
2020-11-20T13:56:00.000,I 85,I 85 and Steve Reynolds Blvd,,Rear End,2,Clear,Dry,Daylight
2020-10-09T19:32:00.000,I 85,I 85 and Steve Reynolds Blvd,,Rear End,4,Rain,Wet,Dark-Not Lighted
2020-01-30T14:14:00.000,I 85,I 85 and Steve Reynolds Blvd,,Rear End,2,Clear,Dry,Daylight
2020-05-15T15:18:00.000,I 85,I 85 and Steve Reynolds Blvd,,Sideswipe-Same Direction,2,Clear,Dry,Daylight
2020-12-22T16:55:00.000,I 85,I 85 and Steve Reynolds Blvd,,Rear End,2,Clear,Dry,Dark-Lighted
2020-11-05T14:03:00.000,I 85,I 85 and Steve Reynolds Blvd,,Sideswipe-Same Direction,3,Cloudy,Dry,Daylight
2020-10-28T16:51:00.000,I 85,I 85 and Steve Reynolds Blvd,,Sideswipe-Same Direction,2,Cloudy,Dry,Daylight
2020-05-12T08:27:00.000,I 85,I 85 and Steve Reynolds Blvd,,Rear End,2,Clear,Dry,Daylight
2020-12-09T17:40:00.000,I 85,I 85 and Steve Reynolds Blvd,,Rear End,2,Clear,Dry,Dark-Lighted
2020-09-22T12:57:00.000,I 85,I 85 and Steve Reynolds Blvd,,Rear End,3,Clear,Dry,Daylight
2020-07-23T16:20:00.000,I 85,I 85 and Steve Reynolds Blvd,,Rear End,2,Clear,Dry,Daylight
2020-08-18T19:13:00.000,I 85,I 85 and Steve Reynolds Blvd,,Sideswipe-Same Direction,2,Clear,Dry,Daylight
2020-08-28T00:08:00.000,I 85,I 85 and Steve Reynolds Blvd,,Not a Collision with Motor Vehicle,1,Clear,Dry,Dark-Lighted
2020-08-07T13:25:00.000,I 85,I 85 and Steve Reynolds Blvd,,Sideswipe-Same Direction,2,Clear,Dry,Daylight
2020-12-01T16:42:00.000,I 85,I 85 and Steve Reynolds Blvd,,Rear End,2,Clear,Dry,Daylight
2020-04-30T09:36:00.000,I 85,I 85 and Steve Reynolds Blvd,,Rear End,2,Cloudy,Dry,Daylight
2020-10-27T07:11:00.000,I 85,I 85 and Steve Reynolds Blvd,,Not a Collision with Motor Vehicle,2,Clear,Dry,Dawn
2020-01-21T19:00:00.000,I 85,I 85 and Steve Reynolds Blvd,,Sideswipe-Same Direction,2,Clear,Dry,Dark-Lighted
2020-11-11T15:48:00.000,I 85,I 85 and Steve Reynolds Blvd,,Rear End,2,Cloudy,Dry,Daylight
2020-11-20T15:50:00.000,I 85,I 85 and Steve Reynolds Blvd,,Rear End,2,Clear,Dry,Daylight
2020-09-04T09:00:00.000,I 85,I 85 and Steve Reynolds Blvd,,Rear End,2,Clear,Dry,Daylight
2020-10-09T15:10:00.000,I 85,I 85 and Steve Reynolds Blvd,,Rear End,2,Rain,Wet,Daylight
2020-10-09T19:30:00.000,I 85,I 85 and Steve Reynolds Blvd,,Rear End,2,Rain,Wet,Dark-Lighted
2020-11-10T00:23:00.000,I 85,I 85 and Steve Reynolds Blvd,,Rear End,2,Clear,Dry,Dark-Lighted
2020-01-16T09:35:00.000,I 85,I 85 and Steve Reynolds Blvd,,Rear End,2,Clear,Wet,Daylight
2020-01-22T10:15:00.000,I 85,I 85 and Steve Reynolds Blvd,,Sideswipe-Same Direction,2,Clear,Dry,Daylight
2020-10-02T16:55:00.000,I 85,I 85 and Steve Reynolds Blvd,,Rear End,3,Clear,Dry,Daylight
2020-09-21T07:02:00.000,I 85,I 85 and Steve Reynolds Blvd,,Rear End,3,Clear,Dry,Daylight
2020-01-09T08:25:00.000,I 85,I 85 and Steve Reynolds Blvd,,Rear End,2,Clear,Dry,Daylight
2020-12-17T18:05:00.000,I 85,I 85 and Steve Reynolds Blvd,,Sideswipe-Same Direction,2,Clear,Dry,Dark-Not Lighted
2020-08-04T17:11:00.000,I 85,I 85 and Steve Reynolds Blvd,,Not a Collision with Motor Vehicle,1,Clear,Dry,Daylight
2020-02-06T14:15:00.000,I 85,I 85 and Steve Reynolds Blvd,,Sideswipe-Same Direction,2,Rain,Wet,Daylight
2020-01-29T09:22:00.000,I 85,I 85 and Steve Reynolds Blvd,,Rear End,2,Cloudy,Dry,Daylight
2020-08-16T18:50:00.000,I 85,I 85 and Steve Reynolds Blvd,,Rear End,2,Cloudy,Dry,Dark-Lighted
2020-02-14T16:04:00.000,I 85,I 85 and Steve Reynolds Blvd,,Rear End,2,Clear,Dry,Daylight
2020-02-24T10:04:00.000,I 85,I 85 and Steve Reynolds Blvd,,Rear End,2,Rain,Wet,Daylight
2020-07-02T07:45:00.000,I 85,I 85 and Steve Reynolds Blvd,,Rear End,2,Clear,Dry,Daylight
2020-10-06T14:14:00.000,I 85,I 85 and Steve Reynolds Blvd,,Not a Collision with Motor Vehicle,5,Clear,Dry,Daylight
2020-09-21T07:02:00.000,I 85,I 85 and Steve Reynolds Blvd,,Rear End,2,Clear,Dry,Daylight
2020-01-24T22:08:00.000,I 85,I 85 and Steve Reynolds Blvd,,Angle Crash,2,Fog,Dry,Dark-Not Lighted
2020-12-17T16:10:00.000,I 85,I 85 and Steve Reynolds Blvd,,Sideswipe-Same Direction,4,Clear,Dry,Daylight
2020-06-09T15:10:00.000,I 85,I 85 and Steve Reynolds Blvd,,Rear End,2,Rain,Wet,Daylight
2020-12-21T18:42:00.000,I 85,I 85 and Steve Reynolds Blvd,,Rear End,2,Clear,Dry,Dark-Lighted
2020-07-20T15:00:00.000,I 85,I 85 and Steve Reynolds Blvd,,Not a Collision with Motor Vehicle,1,Cloudy,Dry,Daylight
2021-05-06T04:45:00.000,I 85,I 85 and Steve Reynolds Blvd,,Rear End,2,Clear,Dry,Dark-Not Lighted
2021-05-28T21:46:00.000,I 85,I 85 and Steve Reynolds Blvd,,Sideswipe-Same Direction,2,Rain,Wet,Dark-Lighted
2021-06-01T21:55:00.000,I 85,I 85 and Steve Reynolds Blvd,,Sideswipe-Same Direction,2,Cloudy,Dry,Dark-Lighted
2021-01-18T00:30:00.000,I 85,I 85 and Steve Reynolds Blvd,,Rear End,2,Clear,Dry,Dark-Lighted
2021-01-18T17:07:00.000,I 85,I 85 and Steve Reynolds Blvd,,Rear End,2,Clear,Dry,Daylight
2021-02-24T10:31:00.000,I 85,I 85 and Steve Reynolds Blvd,,Rear End,3,Clear,Dry,Daylight
2021-02-11T19:33:00.000,I 85,I 85 and Steve Reynolds Blvd,,Rear End,2,Rain,Wet,Dark-Lighted
2021-02-02T17:26:00.000,I 85,I 85 and Steve Reynolds Blvd,,Rear End,4,Clear,Dry,Daylight
2021-03-19T19:44:00.000,I 85,I 85 and Steve Reynolds Blvd,,Rear End,2,Clear,Dry,Dark-Lighted
2021-06-14T07:45:00.000,I 85,I 85 and Steve Reynolds Blvd,,Rear End,3,Clear,Dry,Daylight
2021-06-11T12:25:00.000,I 85,I 85 and Steve Reynolds Blvd,,Rear End,2,Cloudy,Dry,Daylight
2021-03-12T16:15:00.000,I 85,I 85 and Steve Reynolds Blvd,,Not a Collision with Motor Vehicle,1,Cloudy,Dry,Daylight
2021-05-27T22:42:00.000,I 85,I 85 and Steve Reynolds Blvd,,Angle Crash,2,Clear,Dry,Dark-Lighted
2021-04-06T15:34:00.000,I 85,I 85 and Steve Reynolds Blvd,,Rear End,2,Clear,Dry,Daylight
2021-01-27T00:52:00.000,I 85,I 85 and Steve Reynolds Blvd,,Sideswipe-Same Direction,2,Cloudy,Dry,Dark-Lighted
2021-04-01T11:30:00.000,I 85,I 85 and Steve Reynolds Blvd,,Rear End,2,Clear,Dry,Daylight
2021-01-05T06:59:00.000,I 85,I 85 and Steve Reynolds Blvd,,Rear End,2,Clear,Dry,Daylight
2021-03-21T16:17:00.000,I 85,I 85 and Steve Reynolds Blvd,,Rear End,3,Clear,Dry,Daylight
2021-05-05T07:57:00.000,I 85,I 85 and Steve Reynolds Blvd,,Rear End,2,Cloudy,Dry,Daylight
2021-05-24T07:35:00.000,I 85,I 85 and Steve Reynolds Blvd,,Sideswipe-Same Direction,2,Clear,Dry,Daylight
2021-03-09T07:19:00.000,I 85,I 85 and Steve Reynolds Blvd,,Sideswipe-Same Direction,2,Clear,Dry,Daylight
2021-07-01T06:45:00.000,I 85,I 85 and Steve Reynolds Blvd,,Rear End,2,Clear,Wet,Daylight
2021-07-13T08:29:00.000,I 85,I 85 and Steve Reynolds Blvd,,Rear End,2,Clear,Dry,Daylight
2021-09-21T15:35:00.000,I 85,I 85 and Steve Reynolds Blvd,,Rear End,2,Clear,Dry,Daylight
2021-08-16T17:32:00.000,I 85,I 85 and Steve Reynolds Blvd,,Rear End,3,Rain,Wet,Daylight
2021-12-29T20:17:00.000,I 85,I 85 and Steve Reynolds Blvd,,Sideswipe-Same Direction,2,Clear,Dry,Dark-Lighted
2021-09-15T10:53:00.000,I 85,I 85 and Steve Reynolds Blvd,,Rear End,2,Cloudy,Dry,Daylight
2021-11-16T14:26:00.000,I 85,I 85 and Steve Reynolds Blvd,,Rear End,2,Clear,Dry,Daylight
2021-09-02T18:20:00.000,I 85,I 85 and Steve Reynolds Blvd,,Sideswipe-Same Direction,2,Clear,Dry,Daylight
2021-09-16T12:35:00.000,I 85,I 85 and Steve Reynolds Blvd,,Rear End,2,Clear,Wet,Daylight
2021-08-16T01:00:00.000,I 85,I 85 and Steve Reynolds Blvd,,Rear End,2,Clear,Dry,Dark-Lighted
2021-09-21T14:40:00.000,I 85,I 85 and Steve Reynolds Blvd,,Rear End,2,Clear,Dry,Daylight
2021-11-30T10:00:00.000,I 85,I 85 and Steve Reynolds Blvd,,Rear End,3,Clear,Dry,Daylight
2021-12-14T10:55:00.000,I 85,I 85 and Steve Reynolds Blvd,,Sideswipe-Same Direction,2,Clear,Dry,Daylight
2021-07-07T12:18:00.000,I 85,I 85 and Steve Reynolds Blvd,,Not a Collision with Motor Vehicle,2,Clear,Dry,Daylight
2021-11-27T13:43:00.000,I 85,I 85 and Steve Reynolds Blvd,,Rear End,2,Clear,Dry,Daylight
2021-10-16T16:59:00.000,I 85,I 85 and Steve Reynolds Blvd,,Rear End,2,Clear,Dry,Daylight
2021-12-01T14:45:00.000,I 85,I 85 and Steve Reynolds Blvd,,Rear End,2,Clear,Dry,Daylight
2021-11-13T14:44:00.000,I 85,I 85 and Steve Reynolds Blvd,,Rear End,2,Clear,Dry,Daylight
2021-08-31T07:13:00.000,I 85,I 85 and Steve Reynolds Blvd,,Rear End,2,Cloudy,Dry,Daylight
2021-09-19T14:56:00.000,I 85,I 85 and Steve Reynolds Blvd,,Rear End,2,Cloudy,Dry,Daylight
2021-09-05T13:36:00.000,I 85,I 85 and Steve Reynolds Blvd,,Sideswipe-Same Direction,2,Clear,Dry,Daylight
2021-11-07T18:10:00.000,I 85,I 85 and Steve Reynolds Blvd,,Rear End,2,Clear,Dry,Dark-Lighted
2021-09-28T12:56:00.000,I 85,I 85 and Steve Reynolds Blvd,,Rear End,3,Clear,Dry,Daylight
2021-12-29T10:05:00.000,I 85,I 85 and Steve Reynolds Blvd,,Sideswipe-Same Direction,2,Rain,Wet,Daylight
2021-12-04T09:53:00.000,I 85,I 85 and Steve Reynolds Blvd,,Sideswipe-Same Direction,2,Cloudy,Dry,Daylight
2021-08-05T10:26:00.000,I 85,I 85 and Steve Reynolds Blvd,,Rear End,2,Clear,Dry,Daylight
2021-11-30T13:20:00.000,I 85,I 85 and Steve Reynolds Blvd,,Rear End,2,Cloudy,Dry,Daylight
2021-07-27T13:29:00.000,I 85,I 85 and Steve Reynolds Blvd,,Rear End,2,Clear,Dry,Daylight
2021-09-10T13:35:00.000,I 85,I 85 and Steve Reynolds Blvd,,Not a Collision with Motor Vehicle,3,Clear,Dry,Daylight
2021-10-02T14:46:00.000,I 85,I 85 and Steve Reynolds Blvd,,Rear End,2,Clear,Dry,Daylight
2021-08-09T17:46:00.000,I 85,I 85 and Steve Reynolds Blvd,,Sideswipe-Same Direction,2,Clear,Dry,Daylight
2021-09-14T06:29:00.000,I 85,I 85 and Steve Reynolds Blvd,,Sideswipe-Same Direction,4,Clear,Dry,Daylight
2021-07-19T13:46:00.000,I 85,I 85 and Steve Reynolds Blvd,,Sideswipe-Same Direction,2,Cloudy,Dry,Daylight
2022-02-24T16:37:00.000,I 85,I 85 and Steve Reynolds Blvd,,Rear End,2,Cloudy,Dry,Daylight
2022-09-06T15:11:00.000,I 85,I 85 and Steve Reynolds Blvd,,Rear End,2,Clear,Dry,Daylight
2022-08-29T07:35:00.000,I 85,I 85 and Steve Reynolds Blvd,,Rear End,2,Clear,Dry,Daylight
2022-10-02T08:14:00.000,I 85,I 85 and Steve Reynolds Blvd,,Sideswipe-Same Direction,2,Clear,Dry,Daylight
2022-05-16T12:15:00.000,I 85,I 85 and Steve Reynolds Blvd,,Sideswipe-Same Direction,2,Clear,Dry,Daylight
2022-01-08T15:20:00.000,I 85,I 85 and Steve Reynolds Blvd,,Rear End,2,Clear,Dry,Daylight
2022-10-15T05:34:00.000,I 85,I 85 and Steve Reynolds Blvd,,Angle Crash,1,Clear,Dry,Dark-Not Lighted
2022-02-19T17:07:00.000,I 85,I 85 and Steve Reynolds Blvd,,Rear End,3,Clear,Dry,Daylight
2022-05-26T08:57:00.000,I 85,I 85 and Steve Reynolds Blvd,,Rear End,2,Rain,Wet,Daylight
2022-05-06T06:48:00.000,I 85,I 85 and Steve Reynolds Blvd,,Rear End,3,Cloudy,Dry,Daylight
2021-10-29T14:54:00.000,I 85,I 85 and Steve Reynolds Blvd,,Rear End,2,Rain,Wet,Daylight
2021-10-01T21:45:00.000,I 85,I 85 and Steve Reynolds Blvd,,Sideswipe-Same Direction,2,Clear,Dry,Dark-Lighted
2021-08-23T17:01:00.000,I 85,I 85 and Steve Reynolds Blvd,,Sideswipe-Same Direction,2,Clear,Dry,Daylight
2021-12-18T11:11:00.000,I 85,I 85 and Steve Reynolds Blvd,,Rear End,2,Cloudy,Wet,Daylight
2021-08-17T10:20:00.000,I 85,I 85 and Steve Reynolds Blvd,,Rear End,2,Rain,Wet,Daylight
2021-09-02T09:12:00.000,I 85,I 85 and Steve Reynolds Blvd,,Rear End,2,Clear,Dry,Daylight
2021-08-22T12:25:00.000,I 85,I 85 and Steve Reynolds Blvd,,Sideswipe-Same Direction,2,Clear,Dry,Daylight
2021-08-27T18:00:00.000,I 85,I 85 and Steve Reynolds Blvd,,Rear End,3,Clear,Dry,Daylight
2021-10-13T13:48:00.000,I 85,I 85 and Steve Reynolds Blvd,,Rear End,2,Clear,Dry,Daylight
2022-05-20T04:28:00.000,I 85,I 85 and Steve Reynolds Blvd,,Rear End,2,Clear,Dry,Dark-Lighted
2022-05-20T18:28:00.000,I 85,I 85 and Steve Reynolds Blvd,,Not a Collision with Motor Vehicle,1,Clear,Dry,Daylight
2022-05-07T11:54:00.000,I 85,I 85 and Steve Reynolds Blvd,,Rear End,3,Cloudy,Dry,Daylight
2022-07-24T15:25:00.000,I 85,I 85 and Steve Reynolds Blvd,,Rear End,2,Clear,Dry,Daylight
2022-12-09T17:10:00.000,I 85,I 85 and Steve Reynolds Blvd,,Rear End,2,Rain,Wet,Daylight
2022-10-01T14:44:00.000,I 85,I 85 and Steve Reynolds Blvd,,Rear End,2,Clear,Dry,Daylight
2022-12-07T07:30:00.000,I 85,I 85 and Steve Reynolds Blvd,,Rear End,2,Fog,Wet,Daylight
2022-08-29T21:54:00.000,I 85,I 85 and Steve Reynolds Blvd,,Sideswipe-Same Direction,2,Clear,Dry,Dark-Lighted
2022-06-06T08:53:00.000,I 85,I 85 and Steve Reynolds Blvd,,Not a Collision with Motor Vehicle,2,Clear,Dry,Daylight
2022-12-05T15:10:00.000,I 85,I 85 and Steve Reynolds Blvd,,Rear End,2,Rain,Wet,Daylight
2022-11-06T10:29:00.000,I 85,I 85 and Steve Reynolds Blvd,,Rear End,2,Cloudy,Dry,Daylight
2022-06-20T17:35:00.000,I 85,I 85 and Steve Reynolds Blvd,,Sideswipe-Same Direction,2,Clear,Dry,Daylight
2022-04-19T17:28:00.000,I 85,I 85 and Steve Reynolds Blvd,,Rear End,2,Clear,Dry,Daylight
2022-08-29T09:45:00.000,I 85,I 85 and Steve Reynolds Blvd,,Rear End,2,Clear,Dry,Daylight
2022-08-31T00:12:00.000,I 85,I 85 and Steve Reynolds Blvd,,Rear End,2,Clear,Dry,Dark-Lighted
2022-12-31T17:31:00.000,I 85,I 85 and Steve Reynolds Blvd,,Rear End,2,Clear,Dry,Daylight
2022-07-11T19:47:00.000,I 85,I 85 and Steve Reynolds Blvd,,Rear End,2,Clear,Dry,Daylight
2022-02-22T09:59:00.000,I 85,I 85 and Steve Reynolds Blvd,,Rear End,3,Cloudy,Dry,Daylight
2022-05-14T18:50:00.000,I 85,I 85 and Steve Reynolds Blvd,,Rear End,2,Clear,Dry,Daylight
2022-02-20T16:30:00.000,I 85,I 85 and Steve Reynolds Blvd,,Rear End,2,Clear,Dry,Daylight
2022-08-20T14:13:00.000,I 85,I 85 and Steve Reynolds Blvd,,Sideswipe-Same Direction,2,Rain,Wet,Daylight
2022-01-12T17:30:00.000,I 85,I 85 and Steve Reynolds Blvd,,Rear End,2,Clear,Dry,Daylight
2022-11-03T07:34:00.000,I 85,I 85 and Steve Reynolds Blvd,,Rear End,2,Clear,Dry,Daylight
2022-10-25T15:35:00.000,I 85,I 85 and Steve Reynolds Blvd,,Rear End,2,Clear,Dry,Daylight
2022-08-03T22:30:00.000,I 85,I 85 and Steve Reynolds Blvd,,Rear End,2,Cloudy,Wet,Dark-Lighted
2022-03-08T06:55:00.000,I 85,I 85 and Steve Reynolds Blvd,,Sideswipe-Same Direction,2,Cloudy,Dry,Daylight
2022-11-29T06:42:00.000,I 85,I 85 and Steve Reynolds Blvd,,Rear End,2,Clear,Dry,Daylight
2022-03-16T21:35:00.000,I 85,I 85 and Steve Reynolds Blvd,,Rear End,2,Cloudy,Wet,Dark-Lighted
2022-02-11T07:50:00.000,I 85,I 85 and Steve Reynolds Blvd,,Sideswipe-Same Direction,2,Clear,Dry,Daylight
2022-09-24T18:10:00.000,I 85,I 85 and Steve Reynolds Blvd,,Rear End,2,Clear,Dry,Daylight