Date and Time,Roadway (From Crash Report),Intersection Name (from Crash Report),KABCO Severity,Manner of Collision (Crash Level) ,# of Vehicles per crash ,Weather Conditions (Crash Level),Surface Condition (Crash Level) ,Light Conditions (Crash Level)
2022-11-30T10:06:00.000,I 85,I 85 and Steve Reynolds Blvd,,Rear End,2,Cloudy,Wet,Daylight
2022-04-25T15:30:00.000,I 85,I 85 and Steve Reynolds Blvd,,Rear End,3,Clear,Dry,Daylight
2022-06-01T17:20:00.000,I 85,I 85 and Steve Reynolds Blvd,,Sideswipe-Same Direction,2,Clear,Dry,Daylight
2022-02-27T04:00:00.000,I 85,I 85 and Steve Reynolds Blvd,,Sideswipe-Same Direction,2,Rain,Wet,Dark-Lighted
2022-06-21T08:51:00.000,I 85,I 85 and Steve Reynolds Blvd,,Rear End,2,Clear,Dry,Daylight
2022-03-01T10:30:00.000,I 85,I 85 and Steve Reynolds Blvd,,Sideswipe-Same Direction,3,Cloudy,Dry,Daylight
2022-10-15T05:35:00.000,I 85,I 85 and Steve Reynolds Blvd,,Angle Crash,2,Clear,Dry,Dark-Not Lighted
2022-08-06T21:20:00.000,I 85,I 85 and Steve Reynolds Blvd,,Rear End,2,Rain,Wet,Dark-Not Lighted
2022-05-26T04:00:00.000,I 85,I 85 and Steve Reynolds Blvd,,Sideswipe-Same Direction,2,Rain,Wet,Dark-Not Lighted
2022-06-29T09:29:00.000,I 85,I 85 and Steve Reynolds Blvd,,Sideswipe-Same Direction,2,Cloudy,Dry,Daylight
2022-10-14T05:53:00.000,I 85,I 85 and Steve Reynolds Blvd,,Sideswipe-Opposite Direction,2,Clear,Dry,Dark-Not Lighted
2021-09-22T11:41:00.000,I 85,I 85 and Steve Reynolds Blvd,,Sideswipe-Same Direction,2,Cloudy,Wet,Daylight
2021-12-11T07:23:00.000,I 85,I 85 and Steve Reynolds Blvd,,Sideswipe-Same Direction,2,Cloudy,Dry,Dark-Lighted
2021-11-04T23:27:00.000,I 85,I 85 and Steve Reynolds Blvd,,Sideswipe-Same Direction,2,Clear,Dry,Dark-Lighted
2021-08-11T21:20:00.000,I 85,I 85 and Steve Reynolds Blvd,,Angle Crash,2,Clear,Dry,Dark-Lighted
2021-11-10T18:15:00.000,I 85,I 85 and Steve Reynolds Blvd,,Rear End,3,Clear,Dry,Dark-Lighted
2021-08-29T21:20:00.000,I 85,I 85 and Steve Reynolds Blvd,,Rear End,2,Cloudy,Dry,Dark-Not Lighted
2021-11-06T19:15:00.000,I 85,I 85 and Steve Reynolds Blvd,,Rear End,3,Clear,Dry,Dark-Not Lighted
2021-12-22T11:36:00.000,I 85,I 85 and Steve Reynolds Blvd,,Rear End,2,Cloudy,Dry,Daylight
2022-12-18T15:27:00.000,I 85,I 85 and Steve Reynolds Blvd,,Rear End,2,Clear,Dry,Daylight
2022-06-18T22:54:00.000,I 85,I 85 and Steve Reynolds Blvd,,Rear End,2,Clear,Dry,Dark-Lighted
2022-12-29T09:50:00.000,I 85,I 85 and Steve Reynolds Blvd,,Sideswipe-Same Direction,2,Clear,Dry,Daylight
2022-01-12T13:09:00.000,I 85,I 85 and Steve Reynolds Blvd,,Rear End,2,Clear,Dry,Daylight
2022-12-08T08:07:00.000,I 85,I 85 and Steve Reynolds Blvd,,Rear End,2,Cloudy,Wet,Daylight
2022-01-03T19:10:00.000,I 85,I 85 and Steve Reynolds Blvd,,Rear End,2,Clear,Dry,Dark-Lighted
2022-02-11T10:03:00.000,I 85,I 85 and Steve Reynolds Blvd,,Rear End,2,Cloudy,Dry,Daylight
2022-10-26T07:38:00.000,I 85,I 85 and Steve Reynolds Blvd,,Rear End,2,Cloudy,Dry,Daylight
2022-12-04T00:59:00.000,I 85,I 85 and Steve Reynolds Blvd,,Not a Collision with Motor Vehicle,1,Cloudy,Wet,Dark-Lighted
2022-08-31T12:59:00.000,I 85,I 85 and Steve Reynolds Blvd,,Angle Crash,2,Clear,Dry,Daylight
2022-04-04T08:37:00.000,I 85,I 85 and Steve Reynolds Blvd,,Rear End,2,Clear,Dry,Daylight
2022-09-24T00:10:00.000,I 85,I 85 and Steve Reynolds Blvd,,Sideswipe-Same Direction,2,Clear,Dry,Dark-Lighted
2022-03-18T08:53:00.000,I 85,I 85 and Steve Reynolds Blvd,,Rear End,2,Cloudy,Dry,Daylight
2022-02-13T20:40:00.000,I 85,I 85 and Steve Reynolds Blvd,,Not a Collision with Motor Vehicle,1,Clear,Dry,Dark-Lighted
2022-06-17T18:22:00.000,I 85,I 85 and Steve Reynolds Blvd,,Rear End,2,Rain,Wet,Daylight
2022-01-22T17:15:00.000,I 85,I 85 and Steve Reynolds Blvd,,Rear End,2,Clear,Dry,Daylight
2022-09-08T11:50:00.000,I 85,I 85 and Steve Reynolds Blvd,,Sideswipe-Same Direction,2,Clear,Dry,Daylight
2022-11-16T14:30:00.000,I 85,I 85 and Steve Reynolds Blvd,,Sideswipe-Same Direction,2,Cloudy,Dry,Daylight
2022-02-02T15:02:00.000,I 85,I 85 and Steve Reynolds Blvd,,Rear End,2,Cloudy,Dry,Daylight
2022-03-03T10:22:00.000,I 85,I 85 and Steve Reynolds Blvd,,Rear End,2,Cloudy,Dry,Daylight
2022-06-23T18:05:00.000,I 85,I 85 and Steve Reynolds Blvd,,Rear End,2,Clear,Dry,Daylight
2022-02-17T17:12:00.000,I 85,I 85 and Steve Reynolds Blvd,,Rear End,2,Cloudy,Dry,Daylight
2022-05-20T15:40:00.000,I 85,I 85 and Steve Reynolds Blvd,,Sideswipe-Same Direction,2,Clear,Dry,Daylight
2022-03-31T09:21:00.000,I 85,I 85 and Steve Reynolds Blvd,,Rear End,3,Clear,Wet,Daylight
2022-05-12T17:44:00.000,I 85,I 85 and Steve Reynolds Blvd,,Rear End,3,Cloudy,Dry,Daylight
2022-05-18T20:00:00.000,I 85,I 85 and Steve Reynolds Blvd,,Rear End,2,Clear,Dry,Dark-Not Lighted
2022-11-16T09:03:00.000,I 85,I 85 and Steve Reynolds Blvd,,Rear End,2,Clear,Dry,Daylight
2022-08-10T17:20:00.000,I 85,I 85 and Steve Reynolds Blvd,,Rear End,2,Clear,Dry,Daylight
2022-05-12T22:12:00.000,I 85,I 85 and Steve Reynolds Blvd,,Rear End,2,Clear,Dry,Dark-Lighted
2022-11-26T13:19:00.000,I 85,I 85 and Steve Reynolds Blvd,,Rear End,2,Clear,Dry,Daylight
2022-05-13T11:45:00.000,I 85,I 85 and Steve Reynolds Blvd,,Rear End,2,Cloudy,Dry,Daylight
2022-09-09T18:36:00.000,I 85,I 85 and Steve Reynolds Blvd,,Not a Collision with Motor Vehicle,1,Cloudy,Dry,Daylight
2022-11-28T06:30:00.000,I 85,I 85 and Steve Reynolds Blvd,,Sideswipe-Same Direction,2,Clear,Dry,Dawn
2022-11-03T16:14:00.000,I 85,I 85 and Steve Reynolds Blvd,,Rear End,3,Clear,Dry,Daylight
2022-10-08T15:33:00.000,I 85,I 85 and Steve Reynolds Blvd,,Rear End,4,Clear,Dry,Daylight
2022-12-22T11:20:00.000,I 85,I 85 and Steve Reynolds Blvd,,Rear End,3,Cloudy,Dry,Daylight
2022-01-28T11:16:00.000,I 85,I 85 and Steve Reynolds Blvd,,Sideswipe-Same Direction,2,Cloudy,Dry,Daylight
2022-04-29T20:20:00.000,I 85,I 85 and Steve Reynolds Blvd,,Not a Collision with Motor Vehicle,1,Cloudy,Dry,Dark-Lighted
2022-07-13T10:41:00.000,I 85,I 85 and Steve Reynolds Blvd,,Rear End,2,Clear,Dry,Daylight
2022-04-03T16:37:00.000,I 85,I 85 and Steve Reynolds Blvd,,Not a Collision with Motor Vehicle,1,Clear,Dry,Daylight
2022-10-05T05:27:00.000,I 85,I 85 and Steve Reynolds Blvd,,Rear End,4,Clear,Dry,Dark-Not Lighted
2022-06-08T11:34:00.000,I 85,I 85 and Steve Reynolds Blvd,,Angle Crash,2,Clear,Dry,Daylight
2022-12-27T13:20:00.000,I 85,I 85 and Steve Reynolds Blvd,,Sideswipe-Same Direction,2,Clear,Dry,Daylight
2022-02-03T15:23:00.000,I 85,I 85 and Steve Reynolds Blvd,,Rear End,2,Rain,Wet,Daylight
2022-11-07T10:19:00.000,I 85,I 85 and Steve Reynolds Blvd,,Head On,2,Clear,Dry,Dark-Lighted
2022-05-16T16:06:00.000,I 85,I 85 and Steve Reynolds Blvd,,Rear End,2,Clear,Dry,Daylight
2022-12-08T22:00:00.000,I 85,I 85 and Steve Reynolds Blvd,,Sideswipe-Same Direction,2,Clear,Dry,Dark-Lighted
2022-08-03T21:24:00.000,I 85,I 85 and Steve Reynolds Blvd,,Not a Collision with Motor Vehicle,1,Clear,Wet,Dark-Not Lighted
2022-02-15T15:13:00.000,I 85,I 85 and Steve Reynolds Blvd,,Rear End,2,Clear,Dry,Daylight
2022-01-29T15:08:00.000,I 85,I 85 and Steve Reynolds Blvd,,Sideswipe-Same Direction,3,Clear,Dry,Daylight
2022-12-20T11:26:00.000,I 85,I 85 and Steve Reynolds Blvd,,Rear End,2,Rain,Wet,Daylight
2022-09-23T17:19:00.000,I 85,I 85 and Steve Reynolds Blvd,,Rear End,2,Clear,Dry,Daylight
2022-08-09T16:33:00.000,I 85,I 85 and Steve Reynolds Blvd,,Rear End,2,Cloudy,Dry,Daylight
2022-05-03T07:56:00.000,I 85,I 85 and Steve Reynolds Blvd,,Sideswipe-Same Direction,2,Cloudy,Dry,Daylight
2022-11-06T10:29:00.000,I 85,I 85 and Steve Reynolds Blvd,,Rear End,3,Cloudy,Dry,Daylight
2022-09-13T16:01:00.000,I 85,I 85 and Steve Reynolds Blvd,,Rear End,2,Clear,Dry,Daylight
2022-07-09T04:55:00.000,I 85,I 85 and Steve Reynolds Blvd,,Sideswipe-Same Direction,2,Cloudy,Wet,Dark-Not Lighted
2022-12-14T05:49:00.000,I 85,I 85 and Steve Reynolds Blvd,,Not a Collision with Motor Vehicle,3,Clear,Dry,Dark-Lighted
2022-11-14T18:20:00.000,I 85,I 85 and Steve Reynolds Blvd,,Rear End,2,Clear,Dry,Dark-Lighted
2022-09-11T16:44:00.000,I 85,I 85 and Steve Reynolds Blvd,,Rear End,3,Clear,Dry,Daylight
2022-03-21T15:35:00.000,I 85,I 85 and Steve Reynolds Blvd,,Sideswipe-Same Direction,2,Clear,Dry,Daylight
2022-02-18T00:45:00.000,I 85,I 85 and Steve Reynolds Blvd,,Angle Crash,3,Rain,Water (standing or moving),Dark-Lighted
2022-09-02T14:34:00.000,I 85,I 85 and Steve Reynolds Blvd,,Rear End,2,Cloudy,Dry,Daylight
2022-09-12T17:30:00.000,I 85,I 85 and Steve Reynolds Blvd,,Rear End,2,Clear,Dry,Daylight
2022-10-14T16:30:00.000,I 85,I 85 and Steve Reynolds Blvd,,Sideswipe-Same Direction,2,Clear,Dry,Daylight
2022-12-23T13:06:00.000,I 85,I 85 and Steve Reynolds Blvd,,Sideswipe-Same Direction,2,Clear,Dry,Daylight
2022-08-25T07:02:00.000,I 85,I 85 and Steve Reynolds Blvd,,Rear End,2,Rain,Wet,Dawn
2022-09-29T16:15:00.000,I 85,I 85 and Steve Reynolds Blvd,,Rear End,2,Clear,Dry,Daylight
2022-03-23T14:57:00.000,I 85,I 85 and Steve Reynolds Blvd,,Rear End,3,Clear,Wet,Daylight
2022-07-06T11:14:00.000,I 85,I 85 and Steve Reynolds Blvd,,Rear End,2,Clear,Dry,Daylight
2022-05-26T17:24:00.000,I 85,I 85 and Steve Reynolds Blvd,,Rear End,2,Cloudy,Wet,Daylight
2022-01-11T17:00:00.000,I 85,I 85 and Steve Reynolds Blvd,,Sideswipe-Same Direction,2,Clear,Dry,Dark-Lighted
2022-04-11T01:12:00.000,I 85,I 85 and Steve Reynolds Blvd,,Rear End,2,Clear,Dry,Dark-Lighted
2022-05-08T13:48:00.000,I 85,I 85 and Steve Reynolds Blvd,,Rear End,2,Cloudy,Dry,Daylight
2022-01-14T19:49:00.000,I 85,I 85 and Steve Reynolds Blvd,,Rear End,3,Clear,Dry,Dark-Lighted
2022-04-26T18:37:00.000,I 85,I 85 and Steve Reynolds Blvd,,Rear End,2,Cloudy,Dry,Daylight
2022-12-13T09:37:00.000,I 85,I 85 and Steve Reynolds Blvd,,Rear End,2,Cloudy,Dry,Daylight
2022-04-04T16:37:00.000,I 85,I 85 and Steve Reynolds Blvd,,Sideswipe-Same Direction,2,Clear,Dry,Daylight
2022-07-26T16:18:00.000,I 85,I 85 and Steve Reynolds Blvd,,Rear End,2,Clear,Dry,Daylight
2022-11-18T15:25:00.000,I 85,I 85 and Steve Reynolds Blvd,,Sideswipe-Same Direction,3,Clear,Dry,Daylight
2022-08-31T15:38:00.000,I 85,I 85 and Steve Reynolds Blvd,,Angle Crash,3,Clear,Dry,Daylight
2022-01-01T01:37:00.000,I 85,I 85 and Steve Reynolds Blvd,,Sideswipe-Same Direction,3,Clear,Dry,Dark-Lighted
2022-03-13T14:31:00.000,I 85,I 85 and Steve Reynolds Blvd,,Rear End,2,Clear,Dry,Daylight
2022-12-15T13:49:00.000,I 85,I 85 and Steve Reynolds Blvd,,Rear End,2,Clear,Dry,Daylight
2022-11-21T11:00:00.000,I 85,I 85 and Steve Reynolds Blvd,,Sideswipe-Same Direction,2,Clear,Dry,Daylight
2022-06-21T08:45:00.000,I 85,I 85 and Steve Reynolds Blvd,,Sideswipe-Same Direction,2,Clear,Dry,Daylight
2022-12-28T20:59:00.000,I 85,I 85 and Steve Reynolds Blvd,,Rear End,2,Clear,Dry,Dark-Lighted
2023-10-28T14:49:00.000,I 85,I 85 and Steve Reynolds Blvd,,Angle Crash,2,Clear,Dry,Daylight
2023-10-11T07:00:00.000,I 85,I 85 and Steve Reynolds Blvd,,Not a Collision with Motor Vehicle,1,Clear,Dry,Daylight
2023-11-09T01:00:00.000,I 85,I 85 and Steve Reynolds Blvd,,Sideswipe-Same Direction,2,Clear,Dry,Dark-Lighted
2023-03-22T07:16:00.000,I 85,I 85 and Steve Reynolds Blvd,,Sideswipe-Same Direction,2,Cloudy,Dry,Dark-Not Lighted
2023-09-01T20:41:00.000,I 85,I 85 and Steve Reynolds Blvd,,Rear End,2,Cloudy,Dry,Dark-Lighted
2023-01-31T10:35:00.000,I 85,I 85 and Steve Reynolds Blvd,,Not a Collision with Motor Vehicle,2,Cloudy,Dry,Daylight
2023-05-13T08:40:00.000,I 85,I 85 and Steve Reynolds Blvd,,Rear End,2,Cloudy,Dry,Daylight
2024-04-15T13:18:00.000,I 85,I 85 and Steve Reynolds Blvd,,Rear End,2,Clear,Dry,Daylight
2024-06-07T23:27:00.000,I 85,I 85 and Steve Reynolds Blvd,,Angle Crash,2,Clear,Dry,Dark-Lighted
2024-01-06T12:34:00.000,I 85,I 85 and Steve Reynolds Blvd,,Rear End,2,Cloudy,Dry,Daylight
2024-10-15T08:49:00.000,I 85,I 85 and Steve Reynolds Blvd,,Rear End,2,Clear,Dry,Daylight
2024-07-13T14:06:00.000,I 85,I 85 and Steve Reynolds Blvd,,Rear End,2,Cloudy,Dry,Daylight
2024-12-13T12:14:00.000,I 85,I 85 and Steve Reynolds Blvd,,Rear End,2,Clear,Dry,Daylight
2024-10-06T14:00:00.000,I 85,I 85 and Steve Reynolds Blvd,,Rear End,2,Clear,Dry,Daylight
2024-04-29T09:19:00.000,I 85,I 85 and Steve Reynolds Blvd,,Sideswipe-Same Direction,2,Clear,Dry,Daylight
2024-11-08T16:40:00.000,I 85,I 85 and Steve Reynolds Blvd,,Rear End,2,Clear,Dry,Daylight
2024-08-03T15:18:00.000,I 85,I 85 and Steve Reynolds Blvd,,Rear End,2,Clear,Dry,Daylight
2024-06-15T21:13:00.000,I 85,I 85 and Steve Reynolds Blvd,,Rear End,2,Clear,Dry,Dark-Not Lighted
2024-04-21T12:14:00.000,I 85,I 85 and Steve Reynolds Blvd,,Sideswipe-Same Direction,3,Rain,Wet,Daylight
2024-08-23T02:02:00.000,I 85,I 85 and Steve Reynolds Blvd,,Rear End,2,Clear,Dry,Daylight
2024-02-19T22:50:00.000,I 85,I 85 and Steve Reynolds Blvd,,Angle Crash,2,Clear,Dry,Dark-Lighted
2024-08-20T18:45:00.000,I 85,I 85 and Steve Reynolds Blvd,,Rear End,3,Clear,Dry,Daylight
2024-01-09T06:20:00.000,I 85,I 85 and Steve Reynolds Blvd,,Angle Crash,2,Rain,Wet,Dark-Not Lighted
2024-10-09T06:53:00.000,I 85,I 85 and Steve Reynolds Blvd,,Rear End,2,Cloudy,Dry,Daylight
2024-11-27T08:55:00.000,I 85,I 85 and Steve Reynolds Blvd,,Rear End,5,Clear,Dry,Daylight
2024-11-19T14:00:00.000,I 85,I 85 and Steve Reynolds Blvd,,Rear End,3,Rain,Wet,Daylight
2024-09-22T14:53:00.000,I 85,I 85 and Steve Reynolds Blvd,,Rear End,2,Clear,Dry,Daylight
2024-01-19T20:18:00.000,I 85,I 85 and Steve Reynolds Blvd,,Rear End,2,Clear,Dry,Dark-Lighted
2024-03-23T17:30:00.000,I 85,I 85 and Steve Reynolds Blvd,,Rear End,3,Clear,Dry,Daylight
2024-10-01T12:08:00.000,I 85,I 85 and Steve Reynolds Blvd,,Rear End,4,Cloudy,Dry,Daylight
2024-11-03T19:00:00.000,I 85,I 85 and Steve Reynolds Blvd,,Rear End,2,Cloudy,Dry,Dark-Lighted
2024-05-28T21:56:00.000,I 85,I 85 and Steve Reynolds Blvd,,Angle Crash,2,Clear,Dry,Dark-Lighted
2024-06-22T14:51:00.000,I 85,I 85 and Steve Reynolds Blvd,,Sideswipe-Same Direction,2,Clear,Dry,Daylight
2024-03-23T17:20:00.000,I 85,I 85 and Steve Reynolds Blvd,,Rear End,3,Clear,Dry,Daylight
2024-12-27T19:47:00.000,I 85,I 85 and Steve Reynolds Blvd,,Sideswipe-Same Direction,2,Rain,Wet,Dark-Lighted
2024-10-25T11:50:00.000,I 85,I 85 and Steve Reynolds Blvd,,Sideswipe-Same Direction,4,Clear,Dry,Daylight
2024-08-25T00:29:00.000,I 85,I 85 and Steve Reynolds Blvd,,Sideswipe-Same Direction,2,Clear,Dry,Dark-Lighted
2024-01-22T11:55:00.000,I 85,I 85 and Steve Reynolds Blvd,,Not a Collision with Motor Vehicle,1,Cloudy,Dry,Daylight
2024-11-01T19:44:00.000,I 85,I 85 and Steve Reynolds Blvd,,Rear End,2,Clear,Dry,Dark-Lighted
2024-05-24T18:26:00.000,I 85,I 85 and Steve Reynolds Blvd,,Rear End,3,Clear,Dry,Daylight
2024-03-28T16:39:00.000,I 85,I 85 and Steve Reynolds Blvd,,Rear End,2,Clear,Dry,Daylight
2024-09-20T05:42:00.000,I 85,I 85 and Steve Reynolds Blvd,,Sideswipe-Same Direction,2,Clear,Dry,Dark-Not Lighted
2024-05-02T09:02:00.000,I 85,I 85 and Steve Reynolds Blvd,,Rear End,2,Cloudy,Dry,Daylight
2024-10-04T11:42:00.000,I 85,I 85 and Steve Reynolds Blvd,,Sideswipe-Same Direction,2,Clear,Dry,Daylight
2024-04-29T00:00:00.000,I 85,I 85 and Steve Reynolds Blvd,,Angle Crash,2,Clear,Dry,Dark-Lighted
2024-09-22T21:28:00.000,I 85,I 85 and Steve Reynolds Blvd,,Angle Crash,2,Clear,Dry,Dark-Lighted
2024-12-19T12:50:00.000,I 85,I 85 and Steve Reynolds Blvd,,Rear End,2,Clear,Dry,Dark-Not Lighted
2024-11-16T18:13:00.000,I 85,I 85 and Steve Reynolds Blvd,,Rear End,2,Clear,Dry,Dark-Lighted
2024-10-01T12:26:00.000,I 85,I 85 and Steve Reynolds Blvd,,Rear End,3,Cloudy,Dry,Daylight
2024-03-17T14:09:00.000,I 85,I 85 and Steve Reynolds Blvd,,Rear End,2,Clear,Dry,Daylight
2024-10-26T12:31:00.000,I 85,I 85 and Steve Reynolds Blvd,,Rear End,3,Clear,Dry,Daylight
2024-07-31T17:35:00.000,I 85,I 85 and Steve Reynolds Blvd,,Rear End,2,Clear,Dry,Daylight
2024-11-03T13:06:00.000,I 85,I 85 and Steve Reynolds Blvd,,Rear End,2,Cloudy,Dry,Daylight
2024-07-18T17:22:00.000,I 85,I 85 and Steve Reynolds Blvd,,Rear End,2,Rain,Wet,Daylight
2024-02-09T19:31:00.000,I 85,I 85 and Steve Reynolds Blvd,,Rear End,2,Clear,Dry,Dark-Lighted
2024-11-22T23:14:00.000,I 85,I 85 and Steve Reynolds Blvd,,Angle Crash,2,Clear,Dry,Dark-Lighted
2024-12-28T13:35:00.000,I 85,I 85 and Steve Reynolds Blvd,,Angle Crash,2,Rain,Wet,Daylight
2024-11-17T17:05:00.000,I 85,I 85 and Steve Reynolds Blvd,,Angle Crash,2,Clear,Dry,Dark-Lighted
2024-06-24T17:40:00.000,I 85,I 85 and Steve Reynolds Blvd,,Rear End,2,Clear,Dry,Daylight
2024-03-01T06:48:00.000,I 85,I 85 and Steve Reynolds Blvd,,Rear End,3,Cloudy,Dry,Dark-Lighted
2024-11-15T06:16:00.000,I 85,I 85 and Steve Reynolds Blvd,,Rear End,2,Clear,Wet,Dark-Lighted
2023-01-12T16:23:00.000,I 85,I 85 and Steve Reynolds Blvd,,Rear End,2,Rain,Wet,Daylight
2023-12-10T00:39:00.000,I 85,I 85 and Steve Reynolds Blvd,,Angle Crash,2,Rain,Wet,Dark-Lighted
2023-11-29T16:47:00.000,I 85,I 85 and Steve Reynolds Blvd,,Not a Collision with Motor Vehicle,2,Clear,Dry,Daylight
2023-05-10T12:26:00.000,I 85,I 85 and Steve Reynolds Blvd,,Sideswipe-Same Direction,2,Clear,Dry,Daylight
2023-04-14T11:37:00.000,I 85,I 85 and Steve Reynolds Blvd,,Rear End,3,Rain,Wet,Daylight
2024-03-23T16:46:00.000,I 85,I 85 and Steve Reynolds Blvd,,Rear End,2,Clear,Dry,Daylight
2024-10-10T16:32:00.000,I 85,I 85 and Steve Reynolds Blvd,,Rear End,4,Clear,Dry,Daylight
2024-09-26T08:10:00.000,I 85,I 85 and Steve Reynolds Blvd,,Rear End,4,Rain,Wet,Daylight
2024-12-03T13:12:00.000,I 85,I 85 and Steve Reynolds Blvd,,Rear End,2,Clear,Dry,Daylight
2024-07-26T08:20:00.000,I 85,I 85 and Steve Reynolds Blvd,,Rear End,2,Clear,Dry,Daylight
2024-01-20T18:20:00.000,I 85,I 85 and Steve Reynolds Blvd,,Rear End,3,Clear,Dry,Dark-Lighted
2024-05-10T10:30:00.000,I 85,I 85 and Steve Reynolds Blvd,,Rear End,2,Clear,Dry,Daylight
2024-01-19T12:29:00.000,I 85,I 85 and Steve Reynolds Blvd,,Rear End,2,Clear,Dry,Daylight
2024-08-01T21:17:00.000,I 85,I 85 and Steve Reynolds Blvd,,Rear End,2,Cloudy,Dry,Dark-Not Lighted
2024-11-27T09:54:00.000,I 85,I 85 and Steve Reynolds Blvd,,Sideswipe-Same Direction,3,Clear,Dry,Daylight
2023-10-27T08:40:00.000,I 85,I 85 and Steve Reynolds Blvd,,Rear End,2,Clear,Dry,Daylight
2023-08-22T11:20:00.000,I 85,I 85 and Steve Reynolds Blvd,,Rear End,2,Clear,Dry,Daylight
2023-02-14T13:28:00.000,I 85,I 85 and Steve Reynolds Blvd,,Sideswipe-Same Direction,2,Clear,Dry,Daylight
2023-12-15T07:00:00.000,I 85,I 85 and Steve Reynolds Blvd,,Rear End,2,Clear,Dry,Daylight
2023-08-01T17:24:00.000,I 85,I 85 and Steve Reynolds Blvd,,Sideswipe-Same Direction,2,Clear,Dry,Daylight
2023-05-14T13:16:00.000,I 85,I 85 and Steve Reynolds Blvd,,Not a Collision with Motor Vehicle,2,Clear,Dry,Daylight
2023-04-23T14:40:00.000,I 85,I 85 and Steve Reynolds Blvd,,Rear End,2,Clear,Dry,Daylight
2023-11-09T18:30:00.000,I 85,I 85 and Steve Reynolds Blvd,,Sideswipe-Same Direction,2,Cloudy,Dry,Dark-Lighted
2023-11-08T17:21:00.000,I 85,I 85 and Steve Reynolds Blvd,,Sideswipe-Same Direction,2,Clear,Dry,Daylight
2023-06-10T22:29:00.000,I 85,I 85 and Steve Reynolds Blvd,,Sideswipe-Same Direction,2,Clear,Dry,Dark-Lighted
2023-07-17T06:08:00.000,I 85,I 85 and Steve Reynolds Blvd,,Rear End,2,Clear,Dry,Dawn
2023-09-10T11:42:00.000,I 85,I 85 and Steve Reynolds Blvd,,Angle Crash,4,Clear,Dry,Daylight
2023-06-26T09:25:00.000,I 85,I 85 and Steve Reynolds Blvd,,Rear End,3,Clear,Dry,Daylight
2023-05-24T23:33:00.000,I 85,I 85 and Steve Reynolds Blvd,,Sideswipe-Same Direction,3,Clear,Dry,Dark-Lighted
2023-06-06T08:53:00.000,I 85,I 85 and Steve Reynolds Blvd,,Sideswipe-Same Direction,2,Clear,Dry,Daylight
2023-09-30T20:22:00.000,I 85,I 85 and Steve Reynolds Blvd,,Sideswipe-Same Direction,2,Clear,Dry,Dark-Lighted
2023-05-24T15:48:00.000,I 85,I 85 and Steve Reynolds Blvd,,Angle Crash,2,Cloudy,Dry,Daylight
2023-10-19T19:35:00.000,I 85,I 85 and Steve Reynolds Blvd,,Sideswipe-Same Direction,2,Cloudy,Dry,Dawn
2023-03-30T10:26:00.000,I 85,I 85 and Steve Reynolds Blvd,,Rear End,2,Clear,Dry,Daylight
2023-07-01T03:00:00.000,I 85,I 85 and Steve Reynolds Blvd,,Rear End,2,Clear,Dry,Dark-Not Lighted
2023-02-07T10:05:00.000,I 85,I 85 and Steve Reynolds Blvd,,Rear End,2,Clear,Dry,Daylight
2023-04-14T09:47:00.000,I 85,I 85 and Steve Reynolds Blvd,,Rear End,2,Cloudy,Dry,Daylight
2023-02-17T17:00:00.000,I 85,I 85 and Steve Reynolds Blvd,,Rear End,2,Clear,Dry,Daylight
2023-11-11T16:45:00.000,I 85,I 85 and Steve Reynolds Blvd,,Rear End,2,Cloudy,Dry,Daylight
2023-11-15T18:31:00.000,I 85,I 85 and Steve Reynolds Blvd,,Rear End,3,Cloudy,Dry,Dark-Lighted
2023-05-20T19:50:00.000,I 85,I 85 and Steve Reynolds Blvd,,Rear End,2,Clear,Dry,Daylight
2023-08-02T08:22:00.000,I 85,I 85 and Steve Reynolds Blvd,,Rear End,3,Clear,Dry,Daylight
2023-07-06T10:50:00.000,I 85,I 85 and Steve Reynolds Blvd,,Sideswipe-Same Direction,2,Clear,Dry,Daylight
2023-12-05T13:18:00.000,I 85,I 85 and Steve Reynolds Blvd,,Sideswipe-Same Direction,2,Clear,Dry,Daylight
2023-05-13T10:48:00.000,I 85,I 85 and Steve Reynolds Blvd,,Rear End,2,Clear,Dry,Daylight
2023-04-01T15:16:00.000,I 85,I 85 and Steve Reynolds Blvd,,Rear End,2,Clear,Dry,Daylight
2023-09-29T08:54:00.000,I 85,I 85 and Steve Reynolds Blvd,,Rear End,2,Cloudy,Dry,Daylight
2023-12-27T23:25:00.000,I 85,I 85 and Steve Reynolds Blvd,,Not a Collision with Motor Vehicle,2,Cloudy,Dry,Dark-Lighted
2023-08-03T17:00:00.000,I 85,I 85 and Steve Reynolds Blvd,,Rear End,2,Cloudy,Wet,Daylight
2023-01-21T14:49:00.000,I 85,I 85 and Steve Reynolds Blvd,,Rear End,2,Cloudy,Dry,Daylight
2023-06-16T20:29:00.000,I 85,I 85 and Steve Reynolds Blvd,,Rear End,2,Clear,Dry,Daylight
2023-11-16T09:00:00.000,I 85,I 85 and Steve Reynolds Blvd,,Rear End,2,Cloudy,Dry,Daylight
2023-04-06T21:34:00.000,I 85,I 85 and Steve Reynolds Blvd,,Sideswipe-Same Direction,2,Clear,Dry,Dark-Lighted
2023-04-21T00:43:00.000,I 85,I 85 and Steve Reynolds Blvd,,Not a Collision with Motor Vehicle,2,Clear,Dry,Dark-Lighted
2023-06-21T08:02:00.000,I 85,I 85 and Steve Reynolds Blvd,,Rear End,2,Rain,Wet,Daylight
2023-08-30T15:06:00.000,I 85,I 85 and Steve Reynolds Blvd,,Rear End,2,Clear,Dry,Daylight