Date and Time,Roadway (From Crash Report),Intersection Name (from Crash Report),KABCO Severity,Manner of Collision (Crash Level) ,# of Vehicles per crash ,Weather Conditions (Crash Level),Surface Condition (Crash Level) ,Light Conditions (Crash Level)
2023-08-04T11:46:00.000,I 85,I 85 and Steve Reynolds Blvd,,Rear End,3,Cloudy,Dry,Daylight
2023-07-05T14:00:00.000,I 85,I 85 and Steve Reynolds Blvd,,Rear End,5,Cloudy,Dry,Daylight
2023-12-04T06:10:00.000,I 85,I 85 and Steve Reynolds Blvd,,Rear End,2,Cloudy,Dry,Dark-Not Lighted
2023-04-01T10:13:00.000,I 85,I 85 and Steve Reynolds Blvd,,Rear End,2,Rain,Wet,Daylight
2023-10-23T17:30:00.000,I 85,I 85 and Steve Reynolds Blvd,,Rear End,3,Clear,Dry,Daylight
2023-06-29T08:43:00.000,I 85,I 85 and Steve Reynolds Blvd,,Rear End,3,Clear,Dry,Daylight
2024-04-04T06:34:00.000,I 85,I 85 and Steve Reynolds Blvd,,Rear End,2,Clear,Dry,Dark-Lighted
2024-09-06T12:19:00.000,I 85,I 85 and Steve Reynolds Blvd,,Rear End,2,Cloudy,Dry,Daylight
2024-03-18T10:10:00.000,I 85,I 85 and Steve Reynolds Blvd,,Sideswipe-Same Direction,2,Cloudy,Dry,Daylight
2024-09-23T16:22:00.000,I 85,I 85 and Steve Reynolds Blvd,,Sideswipe-Same Direction,2,Clear,Dry,Daylight
2024-10-22T12:00:00.000,I 85,I 85 and Steve Reynolds Blvd,,Sideswipe-Same Direction,2,Clear,Dry,Daylight
2024-08-05T14:20:00.000,I 85,I 85 and Steve Reynolds Blvd,,Rear End,2,Clear,Dry,Daylight
2024-02-23T16:17:00.000,I 85,I 85 and Steve Reynolds Blvd,,Rear End,2,Clear,Dry,Daylight
2024-01-16T06:50:00.000,I 85,I 85 and Steve Reynolds Blvd,,Sideswipe-Same Direction,2,Rain,Wet,Dark-Lighted
2024-11-21T18:08:00.000,I 85,I 85 and Steve Reynolds Blvd,,Angle Crash,4,Clear,Dry,Dark-Lighted
2024-12-13T10:26:00.000,I 85,I 85 and Steve Reynolds Blvd,,Rear End,2,Clear,Dry,Daylight
2024-11-19T15:28:00.000,I 85,I 85 and Steve Reynolds Blvd,,Rear End,2,Rain,Wet,Daylight
2024-04-23T13:00:00.000,I 85,I 85 and Steve Reynolds Blvd,,Rear End,3,Clear,Dry,Daylight
2024-07-01T15:00:00.000,I 85,I 85 and Steve Reynolds Blvd,,Rear End,2,Clear,Dry,Daylight
2024-09-18T16:32:00.000,I 85,I 85 and Steve Reynolds Blvd,,Sideswipe-Same Direction,2,Cloudy,Dry,Daylight
2024-01-26T19:15:00.000,I 85,I 85 and Steve Reynolds Blvd,,Rear End,2,Cloudy,Dry,Dark-Not Lighted
2024-11-11T09:30:00.000,I 85,I 85 and Steve Reynolds Blvd,,Rear End,2,Cloudy,Wet,Daylight
2024-12-27T18:00:00.000,I 85,I 85 and Steve Reynolds Blvd,,Rear End,2,Rain,Wet,Dark-Lighted
2024-10-09T06:50:00.000,I 85,I 85 and Steve Reynolds Blvd,,Rear End,2,Clear,Dry,Daylight
2024-06-20T16:20:00.000,I 85,I 85 and Steve Reynolds Blvd,,Sideswipe-Same Direction,2,Cloudy,Dry,Daylight
2024-11-30T17:32:00.000,I 85,I 85 and Steve Reynolds Blvd,,Rear End,2,Clear,Dry,Dusk
2024-06-10T13:16:00.000,I 85,I 85 and Steve Reynolds Blvd,,Rear End,2,Cloudy,Dry,Daylight
2024-07-18T13:56:00.000,I 85,I 85 and Steve Reynolds Blvd,,Rear End,2,Clear,Dry,Daylight
2024-06-07T11:00:00.000,I 85,I 85 and Steve Reynolds Blvd,,Rear End,3,Cloudy,Dry,Daylight
2024-08-16T06:16:00.000,I 85,I 85 and Steve Reynolds Blvd,,Sideswipe-Same Direction,2,Clear,Dry,Daylight
2024-05-20T08:00:00.000,I 85,I 85 and Steve Reynolds Blvd,,Sideswipe-Same Direction,2,Clear,Dry,Daylight
2024-07-15T06:42:00.000,I 85,I 85 and Steve Reynolds Blvd,,Rear End,2,Cloudy,Dry,Daylight
2024-10-31T14:00:00.000,I 85,I 85 and Steve Reynolds Blvd,,Sideswipe-Same Direction,2,Clear,Dry,Daylight
2024-03-23T14:05:00.000,I 85,I 85 and Steve Reynolds Blvd,,Angle Crash,2,Clear,Dry,Daylight
2024-10-31T15:50:00.000,I 85,I 85 and Steve Reynolds Blvd,,Sideswipe-Same Direction,2,Clear,Dry,Daylight
2024-05-24T09:45:00.000,I 85,I 85 and Steve Reynolds Blvd,,Rear End,2,Cloudy,Dry,Daylight
2024-03-29T14:28:00.000,I 85,I 85 and Steve Reynolds Blvd,,Rear End,2,Clear,Dry,Daylight
2024-04-23T11:50:00.000,I 85,I 85 and Steve Reynolds Blvd,,Rear End,2,Clear,Dry,Daylight
2024-09-26T07:15:00.000,I 85,I 85 and Steve Reynolds Blvd,,Not a Collision with Motor Vehicle,1,Rain,Wet,Daylight
2024-11-15T07:34:00.000,I 85,I 85 and Steve Reynolds Blvd,,Rear End,2,Clear,Wet,Daylight
2024-12-21T09:43:00.000,I 85,I 85 and Steve Reynolds Blvd,,Rear End,3,Clear,Dry,Daylight
2024-06-14T15:19:00.000,I 85,I 85 and Steve Reynolds Blvd,,Rear End,2,Clear,Dry,Daylight
2024-11-07T08:10:00.000,I 85,I 85 and Steve Reynolds Blvd,,Rear End,3,Cloudy,Wet,Daylight
2024-08-09T18:30:00.000,I 85,I 85 and Steve Reynolds Blvd,,Rear End,2,Clear,Dry,Daylight
2024-06-18T22:32:00.000,I 85,I 85 and Steve Reynolds Blvd,,Sideswipe-Same Direction,2,Clear,Dry,Dark-Not Lighted
2024-07-02T17:33:00.000,I 85,I 85 and Steve Reynolds Blvd,,Sideswipe-Same Direction,2,Clear,Dry,Daylight
2024-08-02T12:34:00.000,I 85,I 85 and Steve Reynolds Blvd,,Rear End,2,Clear,Dry,Daylight
2024-03-18T13:40:00.000,I 85,I 85 and Steve Reynolds Blvd,,Rear End,3,Clear,Dry,Daylight
2024-03-05T14:26:00.000,I 85,I 85 and Steve Reynolds Blvd,,Rear End,2,Rain,Wet,Daylight
2024-11-17T16:32:00.000,I 85,I 85 and Steve Reynolds Blvd,,Rear End,2,Clear,Dry,Daylight
2024-11-12T10:04:00.000,I 85,I 85 and Steve Reynolds Blvd,,Sideswipe-Same Direction,3,Clear,Dry,Daylight
2024-06-29T16:44:00.000,I 85,I 85 and Steve Reynolds Blvd,,Rear End,4,Cloudy,Dry,Daylight
2024-12-25T19:33:00.000,I 85,I 85 and Steve Reynolds Blvd,,Sideswipe-Same Direction,2,Clear,Dry,Dark-Lighted
2024-06-02T03:39:00.000,I 85,I 85 and Steve Reynolds Blvd,,Sideswipe-Same Direction,2,Rain,Wet,Dark-Not Lighted
2024-10-29T17:25:00.000,I 85,I 85 and Steve Reynolds Blvd,,Rear End,2,Clear,Dry,Daylight
2024-11-17T16:38:00.000,I 85,I 85 and Steve Reynolds Blvd,,Rear End,2,Clear,Dry,Daylight
2024-05-18T13:45:00.000,I 85,I 85 and Steve Reynolds Blvd,,Rear End,2,Cloudy,Dry,Daylight
2024-11-27T19:04:00.000,I 85,I 85 and Steve Reynolds Blvd,,Rear End,2,Clear,Dry,Dark-Lighted
2024-02-29T08:20:00.000,I 85,I 85 and Steve Reynolds Blvd,,Sideswipe-Same Direction,2,Cloudy,Dry,Daylight
2024-07-01T23:19:00.000,I 85,I 85 and Steve Reynolds Blvd,,Not a Collision with Motor Vehicle,1,Clear,Dry,Dark-Lighted
2024-06-10T00:00:00.000,I 85,I 85 and Steve Reynolds Blvd,,Rear End,2,Clear,Dry,Dark-Lighted
2024-08-05T07:40:00.000,I 85,I 85 and Steve Reynolds Blvd,,Rear End,2,Clear,Dry,Daylight
2024-03-01T16:19:00.000,I 85,I 85 and Steve Reynolds Blvd,,Angle Crash,2,Rain,Wet,Daylight
2024-05-30T09:29:00.000,I 85,I 85 and Steve Reynolds Blvd,,Sideswipe-Same Direction,2,Clear,Dry,Daylight
2024-11-15T06:10:00.000,I 85,I 85 and Steve Reynolds Blvd,,Rear End,2,Clear,Dry,Dark-Lighted
2024-09-19T11:10:00.000,I 85,I 85 and Steve Reynolds Blvd,,Rear End,2,Clear,Dry,Daylight
2024-06-24T00:25:00.000,I 85,I 85 and Steve Reynolds Blvd,,Sideswipe-Same Direction,2,Clear,Dry,Dark-Lighted
2024-08-06T20:30:00.000,I 85,I 85 and Steve Reynolds Blvd,,Sideswipe-Same Direction,2,Clear,Dry,Dark-Lighted
2024-03-05T17:21:00.000,I 85,I 85 and Steve Reynolds Blvd,,Rear End,3,Rain,Wet,Daylight
2024-07-13T14:06:00.000,I 85,I 85 and Steve Reynolds Blvd,,Rear End,2,Cloudy,Dry,Daylight
2024-09-21T19:57:00.000,I 85,I 85 and Steve Reynolds Blvd,,Rear End,2,Cloudy,Dry,Dark-Not Lighted
2024-08-10T13:53:00.000,I 85,I 85 and Steve Reynolds Blvd,,Rear End,2,Clear,Dry,Daylight
2024-04-08T08:24:00.000,I 85,I 85 and Steve Reynolds Blvd,,Rear End,3,Cloudy,Dry,Daylight
2024-08-07T12:01:00.000,I 85,I 85 and Steve Reynolds Blvd,,Rear End,2,Clear,Dry,Daylight
2024-11-15T11:02:00.000,I 85,I 85 and Steve Reynolds Blvd,,Sideswipe-Same Direction,2,Clear,Dry,Daylight
2024-02-29T08:09:00.000,I 85,I 85 and Steve Reynolds Blvd,,Rear End,3,Cloudy,Dry,Daylight
2024-06-29T17:30:00.000,I 85,I 85 and Steve Reynolds Blvd,,Rear End,2,Cloudy,Dry,Daylight
2024-02-29T12:23:00.000,I 85,I 85 and Steve Reynolds Blvd,,Rear End,3,Cloudy,Dry,Daylight
2024-08-29T07:41:00.000,I 85,I 85 and Steve Reynolds Blvd,,Sideswipe-Same Direction,2,Clear,Dry,Daylight
2024-01-10T18:20:00.000,I 85,I 85 and Steve Reynolds Blvd,,Rear End,2,Clear,Dry,Dark-Lighted
2024-02-22T09:35:00.000,I 85,I 85 and Steve Reynolds Blvd,,Sideswipe-Same Direction,2,Clear,Dry,Daylight
2024-11-21T16:20:00.000,I 85,I 85 and Steve Reynolds Blvd,,Rear End,2,Clear,Dry,Daylight
2024-09-09T08:00:00.000,I 85,I 85 and Steve Reynolds Blvd,,Rear End,2,Clear,Dry,Daylight
2024-07-15T06:42:00.000,I 85,I 85 and Steve Reynolds Blvd,,Rear End,3,Cloudy,Dry,Daylight
2024-07-26T06:49:00.000,I 85,I 85 and Steve Reynolds Blvd,,Sideswipe-Same Direction,2,Cloudy,Dry,Daylight
2024-05-15T09:27:00.000,I 85,I 85 and Steve Reynolds Blvd,,Sideswipe-Same Direction,2,Clear,Dry,Daylight
2024-03-09T23:01:00.000,I 85,I 85 and Steve Reynolds Blvd,,Angle Crash,2,Clear,Dry,Dark-Lighted
2024-04-05T19:49:00.000,I 85,I 85 and Steve Reynolds Blvd,,Not a Collision with Motor Vehicle,1,Clear,Dry,Daylight
2024-12-23T18:00:00.000,I 85,I 85 and Steve Reynolds Blvd,,Sideswipe-Same Direction,2,Clear,Dry,Dark-Lighted
2024-11-14T14:40:00.000,I 85,I 85 and Steve Reynolds Blvd,,Sideswipe-Same Direction,2,Cloudy,Wet,Daylight
2024-01-29T00:27:00.000,I 85,I 85 and Steve Reynolds Blvd,,Rear End,2,Clear,Dry,Dark-Not Lighted
2024-08-23T09:22:00.000,I 85,I 85 and Steve Reynolds Blvd,,Rear End,2,Clear,Dry,Daylight
2024-10-03T18:47:00.000,I 85,I 85 and Steve Reynolds Blvd,,Rear End,2,Clear,Dry,Daylight
2024-06-21T14:56:00.000,I 85,I 85 and Steve Reynolds Blvd,,Sideswipe-Same Direction,3,Clear,Dry,Daylight
2024-06-10T23:00:00.000,I 85,I 85 and Steve Reynolds Blvd,,Rear End,3,Clear,Dry,Dark-Lighted
2024-06-19T16:00:00.000,I 85,I 85 and Steve Reynolds Blvd,,Rear End,2,Clear,Dry,Daylight
2024-11-30T08:56:00.000,I 85,I 85 and Steve Reynolds Blvd,,Sideswipe-Same Direction,2,Clear,Dry,Daylight
2024-07-31T10:43:00.000,I 85,I 85 and Steve Reynolds Blvd,,Rear End,3,Clear,Dry,Daylight
2024-12-25T19:28:00.000,I 85,I 85 and Steve Reynolds Blvd,,Rear End,2,Clear,Dry,Dark-Lighted
2024-09-13T13:56:00.000,I 85,I 85 and Steve Reynolds Blvd,,Rear End,2,Cloudy,Dry,Daylight
2024-10-13T14:36:00.000,I 85,I 85 and Steve Reynolds Blvd,,Rear End,3,Clear,Dry,Daylight
2024-06-02T21:40:00.000,I 85,I 85 and Steve Reynolds Blvd,,Sideswipe-Same Direction,2,Rain,Wet,Dark-Lighted
2024-11-25T15:45:00.000,I 85,I 85 and Steve Reynolds Blvd,,Rear End,4,Clear,Dry,Daylight
2024-11-07T19:00:00.000,I 85,I 85 and Steve Reynolds Blvd,,Rear End,3,Clear,Dry,Dark-Lighted
2024-11-21T13:29:00.000,I 85,I 85 and Steve Reynolds Blvd,,Rear End,2,Clear,Dry,Daylight
2024-02-19T18:10:00.000,I 85,I 85 and Steve Reynolds Blvd,,Rear End,2,Clear,Dry,Daylight
2024-02-21T07:09:00.000,I 85,I 85 and Steve Reynolds Blvd,,Rear End,2,Clear,Dry,Dark-Lighted
2024-04-17T08:27:00.000,I 85,I 85 and Steve Reynolds Blvd,,Angle Crash,2,Clear,Dry,Daylight
2024-11-16T15:32:00.000,I 85,I 85 and Steve Reynolds Blvd,,Rear End,4,Clear,Dry,Daylight
2024-08-07T06:30:00.000,I 85,I 85 and Steve Reynolds Blvd,,Sideswipe-Same Direction,2,Clear,Dry,Daylight
2024-10-18T10:41:00.000,I 85,I 85 and Steve Reynolds Blvd,,Rear End,2,Clear,Dry,Daylight
2024-05-25T12:26:00.000,I 85,I 85 and Steve Reynolds Blvd,,Rear End,2,Rain,Wet,Daylight
2024-08-23T06:23:00.000,I 85,I 85 and Steve Reynolds Blvd,,Sideswipe-Same Direction,2,Clear,Dry,Daylight
2024-02-18T03:05:00.000,I 85,I 85 and Steve Reynolds Blvd,,Sideswipe-Same Direction,3,Cloudy,Dry,Dark-Lighted
2024-12-09T10:59:00.000,I 85,I 85 and Steve Reynolds Blvd,,Rear End,2,Rain,Wet,Daylight
2024-10-12T18:07:00.000,I 85,I 85 and Steve Reynolds Blvd,,Sideswipe-Opposite Direction,2,Clear,Dry,Daylight
2024-01-08T12:11:00.000,I 85,I 85 and Steve Reynolds Blvd,,Rear End,2,Clear,Dry,Daylight
2024-05-25T01:39:00.000,I 85,I 85 and Steve Reynolds Blvd,,Rear End,3,Clear,Dry,Dark-Not Lighted
2024-02-28T08:58:00.000,I 85,I 85 and Steve Reynolds Blvd,,Rear End,2,Cloudy,Dry,Daylight
2024-10-14T13:18:00.000,I 85,I 85 and Steve Reynolds Blvd,,Rear End,2,Clear,Dry,Daylight
2024-06-10T20:35:00.000,I 85,I 85 and Steve Reynolds Blvd,,Sideswipe-Same Direction,2,Clear,Dry,Daylight
2024-08-15T08:18:00.000,I 85,I 85 and Steve Reynolds Blvd,,Rear End,2,Clear,Dry,Daylight
2024-09-07T16:22:00.000,I 85,I 85 and Steve Reynolds Blvd,,Sideswipe-Same Direction,2,Cloudy,Dry,Daylight
2024-08-23T22:20:00.000,I 85,I 85 and Steve Reynolds Blvd,,Angle Crash,2,Clear,Dry,Dark-Not Lighted
2024-12-18T20:44:00.000,I 85,I 85 and Steve Reynolds Blvd,,Rear End,2,Clear,Dry,Dark-Lighted
2024-08-05T07:40:00.000,I 85,I 85 and Steve Reynolds Blvd,,Rear End,3,Clear,Dry,Daylight
2024-08-19T17:40:00.000,I 85,I 85 and Steve Reynolds Blvd,,Rear End,2,Clear,Dry,Daylight
2024-04-26T10:25:00.000,I 85,I 85 and Steve Reynolds Blvd,,Sideswipe-Same Direction,2,Cloudy,Dry,Daylight
2024-08-13T09:47:00.000,I 85,I 85 and Steve Reynolds Blvd,,Rear End,2,Clear,Dry,Daylight
2024-07-18T17:22:00.000,I 85,I 85 and Steve Reynolds Blvd,,Rear End,2,Rain,Wet,Daylight
2024-08-17T19:20:00.000,I 85,I 85 and Steve Reynolds Blvd,,(None),2,Rain,Wet,Dusk
2024-10-24T14:36:00.000,I 85,I 85 and Steve Reynolds Blvd,,Rear End,3,Clear,Dry,Daylight
2024-07-26T13:45:00.000,I 85,I 85 and Steve Reynolds Blvd,,Rear End,2,Clear,Dry,Daylight
2024-11-19T18:15:00.000,I 85,I 85 and Steve Reynolds Blvd,,Sideswipe-Same Direction,2,Rain,Wet,Dark-Lighted
2024-06-20T14:31:00.000,I 85,I 85 and Steve Reynolds Blvd,,Rear End,2,Clear,Dry,Daylight
2024-02-27T17:57:00.000,I 85,I 85 and Steve Reynolds Blvd,,Sideswipe-Same Direction,2,Cloudy,Wet,Dusk
2024-09-18T11:35:00.000,I 85,I 85 and Steve Reynolds Blvd,,Rear End,2,Clear,Dry,Daylight
2024-06-03T16:07:00.000,I 85,I 85 and Steve Reynolds Blvd,,Rear End,6,Cloudy,Dry,Daylight
2024-05-11T07:18:00.000,I 85,I 85 and Steve Reynolds Blvd,,Rear End,2,Clear,Dry,Daylight
2024-11-04T17:45:00.000,I 85,I 85 and Steve Reynolds Blvd,,Rear End,3,Rain,Wet,Dark-Lighted
2024-05-30T20:57:00.000,I 85,I 85 and Steve Reynolds Blvd,,Rear End,2,Cloudy,Dry,Dark-Lighted
2024-11-01T19:44:00.000,I 85,I 85 and Steve Reynolds Blvd,,Rear End,2,Clear,Dry,Dark-Lighted
2024-10-29T17:00:00.000,I 85,I 85 and Steve Reynolds Blvd,,Sideswipe-Same Direction,2,Clear,Dry,Daylight
2024-11-19T10:37:00.000,I 85,I 85 and Steve Reynolds Blvd,,Rear End,2,Rain,Wet,Daylight
2024-11-21T10:20:00.000,I 85,I 85 and Steve Reynolds Blvd,,Sideswipe-Same Direction,2,Clear,Dry,Daylight
2024-02-12T07:00:00.000,I 85,I 85 and Steve Reynolds Blvd,,Angle Crash,3,Rain,Wet,Dawn
2024-10-19T03:02:00.000,I 85,I 85 and Steve Reynolds Blvd,,Not a Collision with Motor Vehicle,1,Clear,Dry,Dark-Not Lighted
2024-04-20T03:11:00.000,I 85,I 85 and Steve Reynolds Blvd,,Not a Collision with Motor Vehicle,1,Rain,Wet,Dark-Not Lighted
2024-09-10T08:46:00.000,I 85,I 85 and Steve Reynolds Blvd,,Rear End,2,Clear,Dry,Daylight
2024-03-24T16:45:00.000,I 85,I 85 and Steve Reynolds Blvd,,Rear End,3,Clear,Dry,Daylight
2024-05-20T20:52:00.000,I 85,I 85 and Steve Reynolds Blvd,,Rear End,2,Clear,Dry,Dark-Not Lighted
2024-05-10T10:30:00.000,I 85,I 85 and Steve Reynolds Blvd,,Rear End,3,Clear,Dry,Daylight
2024-02-01T07:50:00.000,I 85,I 85 and Steve Reynolds Blvd,,Sideswipe-Same Direction,2,Clear,Dry,Daylight
2024-11-22T18:50:00.000,I 85,I 85 and Steve Reynolds Blvd,,Rear End,3,Clear,Dry,Dark-Lighted
2024-05-22T02:25:00.000,I 85,I 85 and Steve Reynolds Blvd,,Angle Crash,2,Clear,Dry,Dark-Not Lighted
2024-12-05T18:00:00.000,I 85,I 85 and Steve Reynolds Blvd,,Rear End,2,Clear,Dry,Dark-Not Lighted
2024-11-08T14:50:00.000,I 85,I 85 and Steve Reynolds Blvd,,Not a Collision with Motor Vehicle,1,Clear,Dry,Daylight
2024-11-29T13:00:00.000,I 85,I 85 and Steve Reynolds Blvd,,Rear End,2,Clear,Dry,Daylight
2024-09-11T07:52:00.000,I 85,I 85 and Steve Reynolds Blvd,,Rear End,2,Clear,Dry,Daylight
2024-03-08T19:00:00.000,I 85,I 85 and Steve Reynolds Blvd,,Sideswipe-Same Direction,2,Rain,Wet,Dark-Lighted
2024-09-13T13:56:00.000,I 85,I 85 and Steve Reynolds Blvd,,Rear End,3,Cloudy,Dry,Daylight
2024-08-02T12:34:00.000,I 85,I 85 and Steve Reynolds Blvd,,Rear End,3,Clear,Dry,Daylight
2024-02-26T08:01:00.000,I 85,I 85 and Steve Reynolds Blvd,,Sideswipe-Same Direction,2,Clear,Dry,Daylight
2024-08-08T14:43:00.000,I 85,I 85 and Steve Reynolds Blvd,,Rear End,2,Clear,Dry,Daylight
2024-05-30T23:40:00.000,I 85,I 85 and Steve Reynolds Blvd,,Rear End,2,Clear,Dry,Dark-Lighted
2024-06-17T22:12:00.000,I 85,I 85 and Steve Reynolds Blvd,,Rear End,2,Cloudy,Dry,Dark-Not Lighted
2024-08-14T18:14:00.000,I 85,I 85 and Steve Reynolds Blvd,,Rear End,2,Clear,Dry,Daylight
2024-08-23T06:40:00.000,I 85,I 85 and Steve Reynolds Blvd,,Rear End,2,Clear,Dry,Dawn
2024-05-24T20:03:00.000,I 85,I 85 and Steve Reynolds Blvd,,Rear End,2,Clear,Dry,Daylight
2024-05-25T01:47:00.000,I 85,I 85 and Steve Reynolds Blvd,,Angle Crash,2,Clear,Dry,Dark-Not Lighted
2024-01-29T14:50:00.000,I 85,I 85 and Steve Reynolds Blvd,,Rear End,2,Clear,Dry,Daylight
2024-05-13T10:20:00.000,I 85,I 85 and Steve Reynolds Blvd,,Rear End,2,Rain,Wet,Daylight
2024-12-03T07:08:00.000,I 85,I 85 and Steve Reynolds Blvd,,Sideswipe-Same Direction,2,Clear,Dry,Daylight
2024-12-19T14:09:00.000,I 85,I 85 and Steve Reynolds Blvd,,Angle Crash,2,Clear,Dry,Daylight
2024-08-23T14:13:00.000,I 85,I 85 and Steve Reynolds Blvd,,Rear End,5,Clear,Dry,Daylight
2021-06-18T14:43:00.000,I 85,I 85 and Steve Reynolds,,Sideswipe-Same Direction,3,Clear,Dry,Daylight
2021-12-01T09:57:00.000,I 85,I 85 and Steve Reynolds,,Sideswipe-Same Direction,2,Clear,Dry,(None)
2021-10-21T16:00:00.000,I 85,I 85 and Steve Reynolds,,Sideswipe-Same Direction,2,Clear,Dry,Daylight
2021-10-04T12:30:00.000,I 85,I 85 and Steve Reynolds,,Not a Collision with Motor Vehicle,2,Cloudy,Wet,Daylight
2021-08-22T13:15:00.000,I 85,I 85 and Steve Reynolds,,Sideswipe-Same Direction,2,Clear,Dry,Daylight
2021-07-30T14:21:00.000,I 85,I 85 and Steve Reynolds,,Rear End,2,Cloudy,Dry,Daylight
2021-07-16T11:09:00.000,I 85,I 85 and Steve Reynolds,,Rear End,2,Clear,Dry,Daylight
2021-10-01T14:15:00.000,I 85,I 85 and Steve Reynolds,,Sideswipe-Same Direction,2,Cloudy,Dry,Daylight
2021-10-01T13:21:00.000,I 85,I 85 and Steve Reynolds,,Rear End,2,Cloudy,Dry,Daylight
2021-07-20T10:45:00.000,I 85,I 85 and Steve Reynolds,,Rear End,2,Rain,Wet,Daylight
2021-10-05T18:00:00.000,I 85,I 85 and Steve Reynolds,,Rear End,3,Cloudy,Wet,Daylight
2021-06-29T17:34:00.000,I 85,I 85 and Steve Reynolds,,Sideswipe-Same Direction,2,Cloudy,Dry,Daylight
2021-04-02T10:40:00.000,I 85,I 85 and Steve Reynolds,,Rear End,4,Clear,Dry,Daylight
2023-05-22T10:46:00.000,I 85,I 85 and Steve Reynolds,,Rear End,2,Cloudy,Dry,Daylight
2023-05-08T10:00:00.000,I 85,I 85 and Steve Reynolds,,Rear End,2,Cloudy,Wet,Daylight
2023-09-15T11:35:00.000,I 85,I 85 and Steve Reynolds,,Rear End,2,Cloudy,Wet,Daylight
2023-09-08T11:29:00.000,I 85,I 85 and Steve Reynolds,,Rear End,3,Clear,Dry,Daylight
2023-03-17T13:00:00.000,I 85,I 85 and Steve Reynolds,,Rear End,4,Rain,Wet,Daylight
2023-07-21T06:30:00.000,I 85,I 85 and Steve Reynolds,,Angle Crash,2,Cloudy,Wet,Dusk
2023-12-28T18:20:00.000,I 85,I 85 and Steve Reynolds,,Rear End,3,Cloudy,Dry,Dark-Lighted
2023-11-03T17:20:00.000,I 85,I 85 and Steve Reynolds,,Rear End,2,Cloudy,Dry,Daylight
2023-11-06T17:55:00.000,I 85,I 85 and Steve Reynolds,,Rear End,2,Clear,Dry,Dark-Lighted
2023-11-03T17:00:00.000,I 85,I 85 and Steve Reynolds,,Rear End,2,Cloudy,Dry,Daylight
2023-11-21T16:16:00.000,I 85,I 85 and Steve Reynolds,,Sideswipe-Same Direction,4,Rain,Wet,Daylight
2023-10-31T07:13:00.000,I 85,I 85 and Steve Reynolds,,Rear End,2,Cloudy,Dry,Dark-Lighted
2023-02-21T12:40:00.000,I 85,I 85 and Steve Reynolds,,Rear End,2,Rain,Wet,Daylight
2023-09-12T06:20:00.000,I 85,I 85 and Steve Reynolds,,Sideswipe-Same Direction,2,Cloudy,Dry,Dark-Lighted
2023-02-28T08:30:00.000,I 85,I 85 and Steve Reynolds,,Rear End,2,Cloudy,Dry,Daylight
2023-12-14T10:59:00.000,I 85,I 85 and Steve Reynolds,,Sideswipe-Same Direction,2,Clear,Dry,Daylight
2023-10-06T09:36:00.000,I 85,I 85 and Steve Reynolds,,Sideswipe-Same Direction,2,Clear,Dry,Daylight
2023-02-24T09:35:00.000,I 85,I 85 and Steve Reynolds,,Angle Crash,3,Cloudy,Dry,Daylight
2023-07-10T10:44:00.000,I 85,I 85 and Steve Reynolds,,Rear End,4,Clear,Wet,Daylight
2023-02-06T11:00:00.000,I 85,I 85 and Steve Reynolds,,Rear End,2,Cloudy,Dry,Daylight
2023-12-29T11:38:00.000,I 85,I 85 and Steve Reynolds,,Rear End,2,Cloudy,Dry,Daylight
2023-07-10T12:45:00.000,I 85,I 85 and Steve Reynolds,,Rear End,3,Cloudy,Dry,Daylight
2023-11-16T18:35:00.000,I 85,I 85 and Steve Reynolds,,Rear End,2,Cloudy,Dry,Dark-Lighted
2022-03-07T16:14:00.000,I 85,I 85 and Steve Reynolds,,Rear End,3,Cloudy,Wet,Daylight
2022-10-24T17:17:00.000,I 85,I 85 and Steve Reynolds,,Sideswipe-Same Direction,2,Clear,Dry,Daylight
2022-09-07T11:37:00.000,I 85,I 85 and Steve Reynolds,,Rear End,2,Clear,Dry,Daylight
2020-02-04T17:55:00.000,I 85,I 85 and Steve Reynolds,,Not a Collision with Motor Vehicle,2,Rain,Wet,Daylight
2020-01-08T04:30:00.000,I 85,I 85 and Steve Reynolds,,Sideswipe-Same Direction,2,Clear,Dry,Dark-Lighted
2020-06-15T16:18:00.000,I 85,I 85 and Steve Reynolds,,Rear End,2,Rain,Water (standing or moving),Daylight
2020-10-29T04:23:00.000,I 85,I 85 and Steve Reynolds,,Sideswipe-Same Direction,2,Rain,Wet,Dark-Lighted
2020-07-14T15:30:00.000,I 85,I 85 and Steve Reynolds,,Rear End,3,Clear,Dry,Daylight
2020-12-19T14:30:00.000,I 85,I 85 and Steve Reynolds,,Rear End,4,Clear,Dry,Daylight
2020-11-02T15:34:00.000,I 85,I 85 and Steve Reynolds,,Sideswipe-Same Direction,3,Clear,Dry,Daylight
2020-05-20T15:50:00.000,I 85,I 85 and Steve Reynolds,,Rear End,3,Cloudy,Dry,Daylight
2020-08-05T19:24:00.000,I 85,I 85 and Steve Reynolds,,Angle Crash,2,Clear,Dry,Daylight
2020-05-27T13:17:00.000,I 85,I 85 and Steve Reynolds,,Head On,2,Rain,Dry,Daylight
2021-03-03T06:20:00.000,I 85,I 85 and Steve Reynolds,,Sideswipe-Same Direction,3,Rain,Wet,Dark-Lighted
2021-12-28T19:20:00.000,I 85,I 85 and Steve Reynolds,,Sideswipe-Same Direction,2,Cloudy,Dry,Dark-Lighted
2021-07-20T11:08:00.000,I 85,I 85 and Steve Reynolds,,Sideswipe-Same Direction,2,Rain,Wet,Daylight