Date and Time,Roadway (From Crash Report),Intersection Name (from Crash Report),KABCO Severity,Manner of Collision (Crash Level) ,# of Vehicles per crash ,Weather Conditions (Crash Level),Surface Condition (Crash Level) ,Light Conditions (Crash Level)
2021-10-26T18:45:00.000,I 85,I 85 and Steve Reynolds,,Rear End,2,Cloudy,Dry,Daylight
2021-11-01T09:00:00.000,I 85,I 85 and Steve Reynolds,,Sideswipe-Same Direction,2,Cloudy,Dry,Daylight
2021-09-30T13:00:00.000,I 85,I 85 and Steve Reynolds,,Sideswipe-Same Direction,2,Cloudy,Dry,Daylight
2021-10-04T12:30:00.000,I 85,I 85 and Steve Reynolds,,Not a Collision with Motor Vehicle,2,Cloudy,Wet,Daylight
2021-09-23T11:40:00.000,I 85,I 85 and Steve Reynolds,,Rear End,4,Clear,Dry,Daylight
2022-06-28T17:30:00.000,I 85,I 85 and Steve Reynolds,,Rear End,2,Cloudy,Dry,Daylight
2021-11-11T18:00:00.000,I 85,I 85 and Steve Reynolds,,Sideswipe-Same Direction,2,Cloudy,Dry,Dark-Lighted
2022-11-09T18:52:00.000,I 85,I 85 and Steve Reynolds,,Rear End,2,Clear,Dry,Dark-Not Lighted
2022-02-22T18:00:00.000,I 85,I 85 and Steve Reynolds,,Rear End,2,Cloudy,Dry,Daylight
2022-09-06T18:30:00.000,I 85,I 85 and Steve Reynolds,,Rear End,2,Cloudy,Dry,Daylight
2022-10-21T19:45:00.000,I 85,I 85 and Steve Reynolds,,Rear End,2,Cloudy,Dry,Dark-Lighted
2022-05-13T16:05:00.000,I 85,I 85 and Steve Reynolds,,Rear End,2,Cloudy,Dry,Daylight
2022-04-19T13:28:00.000,I 85,I 85 and Steve Reynolds,,Sideswipe-Same Direction,2,Clear,Dry,Daylight
2022-08-28T00:19:00.000,I 85,I 85 and Steve Reynolds,,Not a Collision with Motor Vehicle,1,Rain,Wet,Dark-Lighted
2022-05-19T17:53:00.000,I 85,I 85 and Steve Reynolds,,Rear End,2,Clear,Dry,Daylight
2022-10-05T07:08:00.000,I 85,I 85 and Steve Reynolds,,Rear End,2,Clear,Dry,Daylight
2021-10-05T18:00:00.000,I 85,I 85 and Steve Reynolds,,Rear End,4,Cloudy,Wet,Daylight
2022-01-09T21:30:00.000,I 85,I 85 and Steve Reynolds,,Rear End,2,Cloudy,Dry,Dark-Not Lighted
2022-01-26T18:25:00.000,I 85,I 85 and Steve Reynolds,,Rear End,3,Clear,Dry,Dark-Lighted
2022-12-02T11:20:00.000,I 85,I 85 and Steve Reynolds,,Not a Collision with Motor Vehicle,1,Cloudy,Dry,Daylight
2022-08-25T11:30:00.000,I 85,I 85 and Steve Reynolds,,Rear End,3,Cloudy,Wet,Daylight
2022-05-13T16:10:00.000,I 85,I 85 and Steve Reynolds,,Rear End,2,Cloudy,Dry,Daylight
2022-05-09T17:30:00.000,I 85,I 85 and Steve Reynolds,,Rear End,2,Clear,Dry,Daylight
2022-08-25T12:12:00.000,I 85,I 85 and Steve Reynolds,,Rear End,3,Cloudy,Wet,Daylight
2022-02-14T17:15:00.000,I 85,I 85 and Steve Reynolds,,Rear End,2,Clear,Dry,Daylight
2022-03-08T06:35:00.000,I 85,I 85 and Steve Reynolds,,Rear End,2,Cloudy,Dry,Daylight
2022-09-17T01:05:00.000,I 85,I 85 and Steve Reynolds,,Rear End,2,Clear,Dry,Dark-Lighted
2022-09-13T04:02:00.000,I 85,I 85 and Steve Reynolds,,Sideswipe-Same Direction,3,Clear,Dry,Dark-Lighted
2022-06-09T12:00:00.000,I 85,I 85 and Steve Reynolds,,Rear End,2,Cloudy,Dry,Daylight
2022-04-13T07:30:00.000,I 85,I 85 and Steve Reynolds,,Rear End,2,Clear,Dry,Daylight
2022-11-14T14:50:00.000,I 85,I 85 and Steve Reynolds,,Not a Collision with Motor Vehicle,1,Cloudy,Dry,Daylight
2022-05-17T07:30:00.000,I 85,I 85 and Steve Reynolds,,Rear End,2,Cloudy,Dry,Daylight
2022-05-20T06:00:00.000,I 85,I 85 and Steve Reynolds,,Sideswipe-Same Direction,2,Cloudy,Dry,Daylight
2023-05-23T09:20:00.000,I 85,I 85 and Steve Reynolds,,Not a Collision with Motor Vehicle,1,Rain,Wet,Daylight
2024-11-08T16:40:00.000,I 85,I 85 and Steve Reynolds,,Rear End,2,Clear,Dry,Daylight
2024-12-20T00:31:00.000,I 85,I 85 and Steve Reynolds,,Angle Crash,2,Clear,Dry,Dark-Lighted
2024-06-14T01:19:00.000,I 85,I 85 and Steve Reynolds,,Rear End,2,Clear,Dry,Dark-Lighted
2024-11-21T12:31:00.000,I 85,I 85 and Steve Reynolds,,Rear End,2,Clear,Dry,Daylight
2024-12-23T16:00:00.000,I 85,I 85 and Steve Reynolds,,Rear End,2,Clear,Dry,Daylight
2024-11-21T12:20:00.000,I 85,I 85 and Steve Reynolds,,Rear End,2,Clear,Dry,Daylight
2024-05-24T09:30:00.000,I 85,I 85 and Steve Reynolds,,Not a Collision with Motor Vehicle,1,Cloudy,Dry,Daylight
2023-09-25T06:00:00.000,I 85,I 85 and Steve Reynolds,,Rear End,3,Cloudy,Dry,Dark-Lighted
2023-07-25T08:20:00.000,I 85,I 85 and Steve Reynolds,,Rear End,2,Cloudy,Dry,Daylight
2023-02-23T10:00:00.000,I 85,I 85 and Steve Reynolds,,Rear End,2,Cloudy,Dry,Daylight
2023-01-23T18:10:00.000,I 85,I 85 and Steve Reynolds,,Rear End,2,Cloudy,Dry,Dark-Lighted
2023-07-21T07:30:00.000,I 85,I 85 and Steve Reynolds,,Rear End,2,Rain,Wet,Daylight
2023-11-17T17:00:00.000,I 85,I 85 and Steve Reynolds,,Rear End,2,Rain,Wet,Dark-Lighted
2023-09-22T09:20:00.000,I 85,I 85 and Steve Reynolds,,Rear End,2,Cloudy,Dry,Daylight
2024-06-01T13:34:00.000,I 85,I 85 and Steve Reynolds,,Rear End,2,Cloudy,Dry,Daylight
2024-11-07T18:00:00.000,I 85,I 85 and Steve Reynolds,,Rear End,2,Clear,Dry,Dark-Lighted
2024-11-21T19:10:00.000,I 85,I 85 and Steve Reynolds,,Sideswipe-Same Direction,2,Clear,Dry,Dark-Lighted
2024-05-24T18:14:00.000,I 85,I 85 and Steve Reynolds,,Rear End,2,Clear,Dry,Daylight
2024-04-12T16:30:00.000,I 85,I 85 and Steve Reynolds,,Rear End,2,Clear,Dry,Daylight
2024-12-10T21:04:00.000,I 85,I 85 and Steve Reynolds,,Sideswipe-Same Direction,2,Rain,Wet,Dark-Lighted
2024-12-01T16:49:00.000,I 85,I 85 and Steve Reynolds,,Rear End,4,Clear,Dry,Daylight
2024-11-07T17:00:00.000,I 85,I 85 and Steve Reynolds,,Rear End,2,Clear,Dry,Daylight
2024-08-01T13:00:00.000,I 85,I 85 and Steve Reynolds,,Rear End,2,Clear,Dry,Daylight
2024-08-09T20:01:00.000,I 85,I 85 and Steve Reynolds,,Sideswipe-Same Direction,2,Clear,Dry,Dusk
2024-07-12T09:30:00.000,I 85,I 85 and Steve Reynolds,,Rear End,2,Clear,Dry,Daylight
2024-01-04T16:54:00.000,I 85,I 85 and Steve Reynolds,,Rear End,2,Clear,Dry,Daylight
2024-12-10T10:40:00.000,I 85,I 85 and Steve Reynolds,,Sideswipe-Same Direction,2,Rain,Wet,Daylight
2024-01-22T06:27:00.000,I 85,I 85 and Steve Reynolds,,Rear End,2,Clear,Dry,Daylight
2024-12-06T12:11:00.000,I 85,I 85 and Steve Reynolds,,Rear End,2,Clear,Dry,Daylight
2023-04-09T15:19:00.000,I 85,I 85 and Steve Reynold Blvd,,Rear End,3,Clear,Dry,Daylight
2020-02-09T03:20:00.000,I 85,I 85 and Steve Reynold Blvd,,Angle Crash,2,Cloudy,Wet,Dark-Lighted
2021-12-08T21:29:00.000,I 85,I 85 and Steve Reynold Blvd,,Sideswipe-Same Direction,2,Clear,Dry,Dark-Not Lighted
2021-05-21T21:19:00.000,I 85,I 85 and Steve Renolds Blvd,,Sideswipe-Opposite Direction,2,Clear,Dry,Dark-Lighted
2020-12-07T18:24:00.000,I 85,I 85 and Steve Renolds Blvd,,Rear End,2,Clear,Dry,Dark-Lighted
2021-12-09T06:00:00.000,I 85,I 85 and Steve Renolds Blvd,,Sideswipe-Same Direction,2,Cloudy,Dry,Dark-Lighted
2022-02-08T18:50:00.000,I 85,I 85 and Steve Renolds Blvd,,Rear End,3,Clear,Dry,Daylight
2022-04-20T15:47:00.000,I 85,I 85 and Steve Renolds Blvd,,Rear End,2,Clear,Dry,Daylight
2024-04-07T11:42:00.000,I 85,I 85 and Steve Renolds Blvd,,Rear End,2,Clear,Dry,Daylight
2022-10-14T16:40:00.000,I 85,I 85 and Steve Renoldi-85 N   Steve Rey,,Rear End,2,Clear,Dry,Daylight
2021-11-08T17:30:00.000,I 85,I 85 and Steve  Reynoldfs,,Rear End,2,Cloudy,Dry,Daylight
2024-01-03T18:35:00.000,I 85,I 85 and Stave Reynolds Blvd,,Rear End,2,Cloudy,Dry,Dark-Lighted
2021-06-28T17:00:00.000,I 85,I 85 and Statre Route 140,,Rear End,2,Clear,Dry,Daylight
2021-04-08T20:39:00.000,I 85,I 85 and Stateroute 316 University Pkwy,,Rear End,2,Clear,Dry,Dark-Lighted
2024-07-21T16:01:00.000,I 85,I 85 and Stateline Brg,,Angle Crash,1,Rain,Wet,Daylight
2020-06-08T15:35:00.000,I 85,I 85 and State Rute 140,,Rear End,2,Clear,Dry,Daylight
2020-08-14T08:45:00.000,I 85,I 85 and State Rte,,Rear End,2,Cloudy,Wet,Daylight
2021-12-24T22:50:00.000,I 85,I 85 and State Rotue 54,,Not a Collision with Motor Vehicle,2,Clear,Dry,Dark-Not Lighted
2021-11-24T15:25:00.000,I 85,I 85 and State Rotue 54,,Not a Collision with Motor Vehicle,1,Clear,Dry,Daylight
2023-04-26T14:20:00.000,I 85,I 85 and State Rotue 109,,Rear End,2,Clear,Dry,Daylight
2020-08-05T15:44:00.000,I 85,I 85 and State Highway 14 Spur,,Rear End,2,Clear,Dry,Daylight
2022-07-14T18:00:00.000,I 85,I 85 and State  Route 14,,Rear End,2,Clear,Dry,Daylight
2024-01-27T12:37:00.000,I 85,I 85 and Sr316 W Hov,,Rear End,2,Clear,Wet,Daylight
2021-09-15T16:20:00.000,I 85,I 85 and Sr 98,,Not a Collision with Motor Vehicle,1,Rain,Wet,Daylight
2021-03-22T07:18:00.000,I 85,I 85 and Sr 98,,Rear End,2,Clear,Dry,Dawn
2021-01-01T06:50:00.000,I 85,I 85 and Sr 98,,Rear End,1,Rain,Wet,Dark-Not Lighted
2021-04-19T16:49:00.000,I 85,I 85 and Sr 98,,Sideswipe-Same Direction,2,Clear,Dry,Daylight
2021-05-04T14:03:00.000,I 85,I 85 and Sr 98,,Rear End,2,Rain,Wet,Daylight
2021-01-12T10:45:00.000,I 85,I 85 and Sr 98,,Not a Collision with Motor Vehicle,1,Cloudy,Dry,Daylight
2020-01-21T21:37:00.000,I 85,I 85 and Sr 98,,Rear End,3,Clear,Dry,Dark-Not Lighted
2023-02-06T13:30:00.000,I 85,I 85 and Sr 98,,Sideswipe-Same Direction,2,Clear,Dry,Daylight
2023-08-29T05:50:00.000,I 85,I 85 and Sr 98,,Sideswipe-Same Direction,1,Clear,Dry,Dark-Not Lighted
2023-10-16T00:00:00.000,I 85,I 85 and Sr 98,,Sideswipe-Same Direction,2,Clear,Dry,Daylight
2022-05-26T16:35:00.000,I 85,I 85 and Sr 98,,Rear End,2,Cloudy,Wet,Daylight
2022-12-15T17:05:00.000,I 85,I 85 and Sr 98,,Rear End,2,Clear,Dry,Daylight
2020-08-18T09:33:00.000,I 85,I 85 and Sr 98,,Sideswipe-Same Direction,2,Clear,Dry,Daylight
2020-08-10T14:50:00.000,I 85,I 85 and Sr 98,,Not a Collision with Motor Vehicle,1,Rain,Wet,Daylight
2020-09-15T12:45:00.000,I 85,I 85 and Sr 98,,Rear End,2,Cloudy,Dry,Daylight
2020-01-19T17:37:00.000,I 85,I 85 and Sr 98,,Rear End,2,Clear,Dry,Daylight
2020-03-05T18:47:00.000,I 85,I 85 and Sr 98,,Angle Crash,1,Rain,Wet,Dark-Not Lighted
2020-11-12T07:20:00.000,I 85,I 85 and Sr 98,,Rear End,2,Rain,Wet,Dawn
2020-10-23T11:45:00.000,I 85,I 85 and Sr 98,,Sideswipe-Same Direction,2,Clear,Dry,Daylight
2020-06-08T19:39:00.000,I 85,I 85 and Sr 98,,Sideswipe-Same Direction,2,Clear,Dry,Dusk
2020-08-15T16:42:00.000,I 85,I 85 and Sr 98,,Rear End,2,Clear,Dry,Daylight
2021-05-31T06:40:00.000,I 85,I 85 and Sr 98,,Not a Collision with Motor Vehicle,1,Clear,Dry,Dawn
2021-03-24T04:50:00.000,I 85,I 85 and Sr 98,,Angle Crash,2,Cloudy,Dry,Dark-Not Lighted
2021-01-31T01:39:00.000,I 85,I 85 and Sr 98,,Not a Collision with Motor Vehicle,1,Clear,Dry,Dark-Not Lighted
2021-03-15T06:29:00.000,I 85,I 85 and Sr 98,,Sideswipe-Same Direction,3,Clear,Dry,Dark-Not Lighted
2021-10-08T18:00:00.000,I 85,I 85 and Sr 98,,Rear End,2,Clear,Dry,Dusk
2021-07-30T07:39:00.000,I 85,I 85 and Sr 98,,Rear End,2,Cloudy,Dry,Daylight
2021-09-30T14:59:00.000,I 85,I 85 and Sr 98,,Rear End,2,Cloudy,Dry,Daylight
2021-07-01T13:00:00.000,I 85,I 85 and Sr 98,,(None),2,(None),(None),(None)
2021-07-09T02:09:00.000,I 85,I 85 and Sr 98,,Rear End,2,Cloudy,Dry,Dark-Not Lighted
2022-11-18T11:40:00.000,I 85,I 85 and Sr 98,,Not a Collision with Motor Vehicle,1,Clear,Dry,Daylight
2021-12-21T20:35:00.000,I 85,I 85 and Sr 98,,Rear End,2,Cloudy,Dry,Dark-Not Lighted
2022-08-05T06:34:00.000,I 85,I 85 and Sr 98,,Sideswipe-Same Direction,2,Clear,Dry,Daylight
2022-01-19T07:20:00.000,I 85,I 85 and Sr 98,,Sideswipe-Same Direction,2,Clear,Dry,Daylight
2022-12-15T17:05:00.000,I 85,I 85 and Sr 98,,Rear End,2,Clear,Dry,Daylight
2022-11-03T17:46:00.000,I 85,I 85 and Sr 98,,Sideswipe-Same Direction,2,Clear,Dry,Daylight
2022-11-03T06:35:00.000,I 85,I 85 and Sr 98,,Rear End,2,Clear,Dry,Dark-Not Lighted
2022-10-09T12:20:00.000,I 85,I 85 and Sr 98,,Not a Collision with Motor Vehicle,1,Clear,Dry,Daylight
2022-10-25T06:30:00.000,I 85,I 85 and Sr 98,,Sideswipe-Same Direction,2,Clear,Dry,Daylight
2022-04-22T11:20:00.000,I 85,I 85 and Sr 98,,Not a Collision with Motor Vehicle,1,Clear,Dry,Daylight
2022-07-15T15:44:00.000,I 85,I 85 and Sr 98,,Not a Collision with Motor Vehicle,1,Clear,Dry,Daylight
2022-10-31T08:00:00.000,I 85,I 85 and Sr 98,,Sideswipe-Same Direction,2,Rain,Wet,Daylight
2022-10-12T09:30:00.000,I 85,I 85 and Sr 98,,Sideswipe-Same Direction,2,Cloudy,Dry,Daylight
2022-09-06T00:00:00.000,I 85,I 85 and Sr 98,,Sideswipe-Same Direction,2,Clear,Dry,Daylight
2024-10-16T12:30:00.000,I 85,I 85 and Sr 98,,Rear End,2,Clear,Dry,Daylight
2021-02-25T20:35:00.000,I 85,I 85 and Sr 82,,Rear End,2,Clear,Dry,Dark-Not Lighted
2021-06-13T00:22:00.000,I 85,I 85 and Sr 82,,Sideswipe-Same Direction,2,Cloudy,Dry,Dark-Not Lighted
2021-10-18T21:20:00.000,I 85,I 85 and Sr 82,,Rear End,2,Clear,Dry,Dark-Not Lighted
2021-10-13T16:44:00.000,I 85,I 85 and Sr 82,,Rear End,2,Clear,Dry,Daylight
2021-02-26T20:40:00.000,I 85,I 85 and Sr 82,,Not a Collision with Motor Vehicle,1,Cloudy,Dry,Dark-Not Lighted
2021-09-29T14:00:00.000,I 85,I 85 and Sr 82,,Not a Collision with Motor Vehicle,1,Clear,Dry,Daylight
2022-06-19T16:45:00.000,I 85,I 85 and Sr 82,,Not a Collision with Motor Vehicle,1,Clear,Dry,Daylight
2020-12-08T15:50:00.000,I 85,I 85 and Sr 82,,Not a Collision with Motor Vehicle,1,Clear,Dry,Daylight
2020-08-17T09:15:00.000,I 85,I 85 and Sr 82,,Rear End,2,Cloudy,Dry,Daylight
2020-01-02T14:34:00.000,I 85,I 85 and Sr 82,,Rear End,2,Rain,Wet,Daylight
2020-08-06T17:56:00.000,I 85,I 85 and Sr 82,,Sideswipe-Same Direction,2,Clear,Dry,Daylight
2020-11-01T14:40:00.000,I 85,I 85 and Sr 82,,Not a Collision with Motor Vehicle,2,Clear,Dry,Daylight
2020-02-10T22:21:00.000,I 85,I 85 and Sr 82,,Angle Crash,1,Rain,Wet,Dark-Not Lighted
2020-12-20T14:09:00.000,I 85,I 85 and Sr 82,,Rear End,2,Clear,Dry,Daylight
2020-08-19T18:40:00.000,I 85,I 85 and Sr 82,,Rear End,2,Rain,Wet,Daylight
2020-12-03T16:35:00.000,I 85,I 85 and Sr 82,,Rear End,2,Clear,Dry,Daylight
2020-10-15T15:26:00.000,I 85,I 85 and Sr 82,,Not a Collision with Motor Vehicle,1,Clear,Dry,Daylight
2020-10-04T18:15:00.000,I 85,I 85 and Sr 82,,Not a Collision with Motor Vehicle,1,Cloudy,Dry,Daylight
2020-11-28T05:51:00.000,I 85,I 85 and Sr 82,,Not a Collision with Motor Vehicle,2,Clear,Dry,Dark-Not Lighted
2021-02-18T09:18:00.000,I 85,I 85 and Sr 82,,Not a Collision with Motor Vehicle,1,Rain,Wet,Daylight
2021-04-30T21:50:00.000,I 85,I 85 and Sr 82,,Rear End,4,Cloudy,Dry,Dark-Not Lighted
2021-09-29T11:35:00.000,I 85,I 85 and Sr 82,,Sideswipe-Same Direction,2,Clear,Dry,Daylight
2022-05-28T11:40:00.000,I 85,I 85 and Sr 82,,Rear End,2,Clear,Dry,Daylight
2023-03-21T10:45:00.000,I 85,I 85 and Sr 82,,Rear End,2,Clear,Dry,Daylight
2023-02-26T03:00:00.000,I 85,I 85 and Sr 82,,Not a Collision with Motor Vehicle,1,Cloudy,Dry,Dark-Not Lighted
2023-09-11T10:15:00.000,I 85,I 85 and Sr 82,,Rear End,2,Clear,Dry,Daylight
2023-06-22T23:40:00.000,I 85,I 85 and Sr 82,,Angle Crash,2,Cloudy,Dry,Dark-Not Lighted
2024-04-11T15:00:00.000,I 85,I 85 and Sr 82,,Rear End,2,Cloudy,Wet,Daylight
2024-01-10T11:43:00.000,I 85,I 85 and Sr 82,,Sideswipe-Same Direction,2,Clear,Dry,Daylight
2024-03-02T11:33:00.000,I 85,I 85 and Sr 82,,Rear End,3,Cloudy,Dry,Daylight
2021-11-11T05:36:00.000,I 85,I 85 and Sr 77,,Sideswipe-Same Direction,2,Cloudy,Dry,Dark-Not Lighted
2021-05-01T15:20:00.000,I 85,I 85 and Sr 77,,Rear End,2,Clear,Dry,Daylight
2022-04-30T05:17:00.000,I 85,I 85 and Sr 77,,Rear End,3,Clear,Dry,Dark-Not Lighted
2022-11-03T05:27:00.000,I 85,I 85 and Sr 77,,Angle Crash,1,Clear,Dry,Dark-Not Lighted
2022-07-31T07:51:00.000,I 85,I 85 and Sr 77,,Sideswipe-Same Direction,2,Clear,Dry,Daylight
2022-07-31T07:51:00.000,I 85,I 85 and Sr 77,,Sideswipe-Same Direction,2,Clear,Dry,Daylight
2022-12-26T14:13:00.000,I 85,I 85 and Sr 77,,Rear End,2,Clear,Dry,Daylight
2024-10-21T19:18:00.000,I 85,I 85 and Sr 77,,Not a Collision with Motor Vehicle,1,Clear,Dry,Dark-Not Lighted
2023-10-15T11:50:00.000,I 85,I 85 and Sr 77,,Sideswipe-Same Direction,2,Clear,Dry,Daylight
2024-02-12T17:45:00.000,I 85,I 85 and Sr 77,,Rear End,2,Rain,Wet,Daylight
2024-03-16T03:00:00.000,I 85,I 85 and Sr 77,,Not a Collision with Motor Vehicle,1,Clear,Dry,Dark-Not Lighted
2024-11-14T06:50:00.000,I 85,I 85 and Sr 77,,Not a Collision with Motor Vehicle,1,Rain,Wet,Dark-Not Lighted
2024-05-12T15:20:00.000,I 85,I 85 and Sr 77,,Rear End,2,Clear,Dry,Daylight
2024-03-16T02:50:00.000,I 85,I 85 and Sr 77,,Rear End,2,Clear,Dry,Dark-Not Lighted
2021-07-04T12:44:00.000,I 85,I 85 and Sr 74,,Sideswipe-Same Direction,2,Clear,Dry,Daylight
2020-04-14T10:45:00.000,I 85,I 85 and Sr 74,,Sideswipe-Same Direction,2,Clear,Dry,Daylight
2021-12-17T23:30:00.000,I 85,I 85 and Sr 74,,Not a Collision with Motor Vehicle,1,Rain,Wet,Dark-Lighted
2022-01-24T05:33:00.000,I 85,I 85 and Sr 74,,Not a Collision with Motor Vehicle,1,Clear,Dry,Dark-Not Lighted
2021-12-17T23:30:00.000,I 85,I 85 and Sr 74,,Angle Crash,3,Rain,Wet,Dark-Lighted
2022-07-01T23:39:00.000,I 85,I 85 and Sr 74,,Angle Crash,2,Clear,Dry,Daylight
2023-11-21T11:38:00.000,I 85,I 85 and Sr 74,,Not a Collision with Motor Vehicle,1,Rain,Wet,Daylight
2021-12-12T20:02:00.000,I 85,I 85 and Sr 63,,Rear End,3,Clear,Dry,Dark-Not Lighted
2023-05-29T13:08:00.000,I 85,I 85 and Sr 63,,Not a Collision with Motor Vehicle,1,Clear,Dry,Daylight
2023-10-16T14:48:00.000,I 85,I 85 and Sr 63,,Rear End,2,Cloudy,Dry,Daylight
2023-10-04T21:05:00.000,I 85,I 85 and Sr 63,,Sideswipe-Same Direction,2,Clear,Dry,Dark-Not Lighted
2023-05-14T21:00:00.000,I 85,I 85 and Sr 63,,Rear End,2,Clear,Dry,Daylight
2023-06-29T09:25:00.000,I 85,I 85 and Sr 63,,Sideswipe-Same Direction,2,Clear,Dry,Daylight
2023-01-25T08:44:00.000,I 85,I 85 and Sr 63,,Angle Crash,2,Rain,Wet,Daylight
2023-03-26T14:20:00.000,I 85,I 85 and Sr 63,,Rear End,2,Rain,Wet,Daylight
2023-08-30T11:02:00.000,I 85,I 85 and Sr 63,,Rear End,2,Cloudy,Dry,Daylight
2023-09-07T21:08:00.000,I 85,I 85 and Sr 63,,Sideswipe-Same Direction,2,Clear,Dry,Dark-Not Lighted
2023-03-08T19:25:00.000,I 85,I 85 and Sr 63,,Not a Collision with Motor Vehicle,1,Cloudy,Dry,Dark-Not Lighted
2023-11-07T21:21:00.000,I 85,I 85 and Sr 63,,Not a Collision with Motor Vehicle,1,Clear,Dry,Dark-Not Lighted
2023-11-24T19:40:00.000,I 85,I 85 and Sr 63,,Not a Collision with Motor Vehicle,1,Clear,Dry,Dark-Not Lighted
2023-07-16T14:58:00.000,I 85,I 85 and Sr 63,,Rear End,2,Clear,Dry,Daylight
2023-10-19T14:50:00.000,I 85,I 85 and Sr 63,,Rear End,2,Clear,Dry,Daylight
2023-01-30T14:33:00.000,I 85,I 85 and Sr 63,,Sideswipe-Same Direction,2,Cloudy,Dry,Daylight
2020-07-03T15:31:00.000,I 85,I 85 and Sr 63,,Angle Crash,2,Clear,Dry,Daylight
2022-06-29T17:30:00.000,I 85,I 85 and Sr 63,,Not a Collision with Motor Vehicle,1,Rain,Wet,Daylight
2022-10-14T17:43:00.000,I 85,I 85 and Sr 63,,Sideswipe-Same Direction,2,Clear,Dry,Daylight
2022-10-16T17:28:00.000,I 85,I 85 and Sr 63,,Rear End,2,Clear,Dry,Daylight
2022-08-03T17:31:00.000,I 85,I 85 and Sr 63,,Angle Crash,2,Clear,Dry,Daylight
2022-09-16T15:42:00.000,I 85,I 85 and Sr 63,,Rear End,2,Clear,Dry,Daylight
2022-11-06T20:23:00.000,I 85,I 85 and Sr 63,,Not a Collision with Motor Vehicle,1,Clear,Dry,Dark-Not Lighted
2022-07-31T08:00:00.000,I 85,I 85 and Sr 63,,Sideswipe-Same Direction,2,Clear,Dry,Daylight
2023-07-09T08:50:00.000,I 85,I 85 and Sr 63,,Sideswipe-Same Direction,2,Clear,Dry,Daylight
2024-11-27T18:00:00.000,I 85,I 85 and Sr 63,,Rear End,2,Clear,Dry,Dark-Not Lighted
2024-08-06T11:04:00.000,I 85,I 85 and Sr 63,,Not a Collision with Motor Vehicle,2,Clear,Dry,Daylight
2024-07-07T12:21:00.000,I 85,I 85 and Sr 63,,Rear End,2,Clear,Dry,Daylight
2024-07-07T18:00:00.000,I 85,I 85 and Sr 63,,Sideswipe-Same Direction,2,Clear,Dry,Daylight
2024-08-04T21:48:00.000,I 85,I 85 and Sr 63,,Not a Collision with Motor Vehicle,1,Clear,Dry,Dark-Not Lighted
2024-01-25T08:45:00.000,I 85,I 85 and Sr 63,,Not a Collision with Motor Vehicle,1,Rain,Wet,Daylight
2024-09-18T13:45:00.000,I 85,I 85 and Sr 63,,Sideswipe-Same Direction,2,Clear,Dry,Daylight
2023-05-30T17:12:00.000,I 85,I 85 and Sr 63,,Sideswipe-Same Direction,2,Clear,Dry,Daylight
2023-03-26T14:01:00.000,I 85,I 85 and Sr 63,,Not a Collision with Motor Vehicle,1,Cloudy,Wet,Daylight
2023-10-16T14:48:00.000,I 85,I 85 and Sr 63,,Rear End,2,Cloudy,Dry,Daylight
2023-06-20T13:43:00.000,I 85,I 85 and Sr 63,,Not a Collision with Motor Vehicle,1,Rain,Wet,Daylight
2023-04-15T10:37:00.000,I 85,I 85 and Sr 63,,Rear End,2,Clear,Dry,Daylight
2023-07-16T14:57:00.000,I 85,I 85 and Sr 63,,Rear End,3,Clear,Dry,Daylight
2023-04-19T14:25:00.000,I 85,I 85 and Sr 63,,Not a Collision with Motor Vehicle,1,Clear,Dry,Daylight
2023-05-05T15:39:00.000,I 85,I 85 and Sr 63,,Rear End,2,Cloudy,Wet,Daylight
2023-10-08T12:52:00.000,I 85,I 85 and Sr 63,,Sideswipe-Same Direction,2,Clear,Dry,Daylight
2023-04-05T00:33:00.000,I 85,I 85 and Sr 63,,Not a Collision with Motor Vehicle,1,Fog,Dry,Dark-Not Lighted
2023-10-17T17:21:00.000,I 85,I 85 and Sr 63,,Sideswipe-Same Direction,2,Clear,Dry,Daylight
2023-10-16T14:48:00.000,I 85,I 85 and Sr 63,,Rear End,2,Cloudy,Dry,Daylight
2023-11-24T19:00:00.000,I 85,I 85 and Sr 63,,Not a Collision with Motor Vehicle,1,Clear,Dry,Dark-Not Lighted
2024-01-12T21:12:00.000,I 85,I 85 and Sr 63,,Sideswipe-Same Direction,2,Cloudy,Wet,Dark-Not Lighted
2023-05-25T08:34:00.000,I 85,I 85 and Sr 63,,Rear End,2,Clear,Dry,Daylight
2024-05-05T00:00:00.000,I 85,I 85 and Sr 63,,Rear End,2,Cloudy,Dry,Daylight
2024-05-23T14:07:00.000,I 85,I 85 and Sr 63,,Sideswipe-Same Direction,2,Cloudy,Dry,Daylight
2024-09-02T09:24:00.000,I 85,I 85 and Sr 63,,Rear End,3,Clear,Dry,Daylight
2024-08-08T12:02:00.000,I 85,I 85 and Sr 63,,Not a Collision with Motor Vehicle,2,Clear,Dry,Daylight
2024-05-31T14:10:00.000,I 85,I 85 and Sr 63,,Rear End,2,Clear,Dry,Daylight
2024-10-13T16:25:00.000,I 85,I 85 and Sr 63,,Rear End,2,Clear,Dry,Daylight
2024-11-27T16:10:00.000,I 85,I 85 and Sr 63,,Sideswipe-Same Direction,2,Clear,Dry,Daylight
2024-08-04T21:48:00.000,I 85,I 85 and Sr 63,,Not a Collision with Motor Vehicle,1,Clear,Dry,Dark-Not Lighted
2024-01-18T20:00:00.000,I 85,I 85 and Sr 63,,Not a Collision with Motor Vehicle,1,Cloudy,Dry,Dark-Not Lighted
2024-08-28T09:35:00.000,I 85,I 85 and Sr 63,,Rear End,2,Clear,Dry,Daylight
2024-10-28T04:20:00.000,I 85,I 85 and Sr 63,,Not a Collision with Motor Vehicle,1,Clear,Dry,Dark-Not Lighted