Date and Time,Roadway (From Crash Report),Intersection Name (from Crash Report),KABCO Severity,Manner of Collision (Crash Level) ,# of Vehicles per crash ,Weather Conditions (Crash Level),Surface Condition (Crash Level) ,Light Conditions (Crash Level)
2024-09-10T15:20:00.000,I 85,I 85 and Sr 54,,Sideswipe-Same Direction,2,Clear,Dry,Daylight
2024-02-11T07:50:00.000,I 85,I 85 and Sr 54,,Not a Collision with Motor Vehicle,1,Rain,Wet,Daylight
2024-03-02T11:41:00.000,I 85,I 85 and Sr 54,,Rear End,2,Cloudy,Dry,Daylight
2024-01-13T22:15:00.000,I 85,I 85 and Sr 54,,Rear End,3,Clear,Dry,Dark-Not Lighted
2024-08-23T16:22:00.000,I 85,I 85 and Sr 54,,Rear End,2,Clear,Dry,Daylight
2024-09-24T14:20:00.000,I 85,I 85 and Sr 54,,Not a Collision with Motor Vehicle,1,Clear,Dry,Daylight
2024-10-24T15:16:00.000,I 85,I 85 and Sr 54,,Rear End,2,Clear,Dry,Daylight
2024-05-20T14:57:00.000,I 85,I 85 and Sr 54,,Sideswipe-Same Direction,2,Clear,Dry,Daylight
2024-03-15T15:20:00.000,I 85,I 85 and Sr 54,,Rear End,2,Cloudy,Dry,Daylight
2024-06-23T14:45:00.000,I 85,I 85 and Sr 54,,Rear End,3,Clear,Dry,Daylight
2024-12-16T21:31:00.000,I 85,I 85 and Sr 54,,Rear End,4,Clear,Dry,Dark-Not Lighted
2024-07-31T18:50:00.000,I 85,I 85 and Sr 54,,Not a Collision with Motor Vehicle,1,Cloudy,Wet,Daylight
2024-03-31T14:15:00.000,I 85,I 85 and Sr 54,,Sideswipe-Same Direction,2,Clear,Dry,Daylight
2024-06-26T21:17:00.000,I 85,I 85 and Sr 54,,Not a Collision with Motor Vehicle,1,Clear,Dry,Dark-Not Lighted
2024-07-28T17:30:00.000,I 85,I 85 and Sr 54,,Rear End,2,Cloudy,Dry,Daylight
2024-09-27T05:30:00.000,I 85,I 85 and Sr 54,,Not a Collision with Motor Vehicle,1,Rain,Wet,Dawn
2024-06-01T15:00:00.000,I 85,I 85 and Sr 54,,Rear End,2,Cloudy,Dry,Daylight
2024-05-31T12:10:00.000,I 85,I 85 and Sr 54,,Rear End,2,Clear,Dry,Daylight
2024-09-02T14:39:00.000,I 85,I 85 and Sr 54,,Sideswipe-Same Direction,2,Clear,Dry,Daylight
2024-11-24T15:40:00.000,I 85,I 85 and Sr 54,,Rear End,3,Clear,Dry,Daylight
2024-02-07T17:21:00.000,I 85,I 85 and Sr 54,,Sideswipe-Same Direction,2,Clear,Dry,Daylight
2024-03-30T16:20:00.000,I 85,I 85 and Sr 54,,Rear End,2,Clear,Dry,Daylight
2024-02-19T19:40:00.000,I 85,I 85 and Sr 54,,Not a Collision with Motor Vehicle,1,Clear,Dry,Dark-Not Lighted
2024-03-30T16:20:00.000,I 85,I 85 and Sr 54,,Rear End,2,Clear,Dry,Daylight
2024-06-23T17:00:00.000,I 85,I 85 and Sr 54,,Rear End,2,Clear,Dry,Daylight
2024-07-17T14:44:00.000,I 85,I 85 and Sr 54,,Rear End,2,Clear,Dry,Daylight
2024-02-14T13:15:00.000,I 85,I 85 and Sr 54,,Sideswipe-Same Direction,2,Clear,Dry,Daylight
2024-09-24T13:59:00.000,I 85,I 85 and Sr 54,,Rear End,2,Clear,Dry,Daylight
2024-05-31T10:43:00.000,I 85,I 85 and Sr 54,,Angle Crash,2,Clear,Dry,Daylight
2024-07-31T17:50:00.000,I 85,I 85 and Sr 54,,Not a Collision with Motor Vehicle,1,Rain,Wet,Daylight
2024-12-12T17:15:00.000,I 85,I 85 and Sr 54,,Rear End,2,Clear,Dry,Dusk
2024-06-18T00:16:00.000,I 85,I 85 and Sr 54,,Sideswipe-Same Direction,2,Clear,Dry,Dark-Not Lighted
2024-11-08T19:29:00.000,I 85,I 85 and Sr 54,,Rear End,3,Clear,Dry,Dark-Not Lighted
2024-12-01T16:20:00.000,I 85,I 85 and Sr 54,,Rear End,2,Clear,Dry,Daylight
2024-07-21T20:00:00.000,I 85,I 85 and Sr 54,,Rear End,2,Rain,Wet,Daylight
2024-01-10T22:00:00.000,I 85,I 85 and Sr 54,,Sideswipe-Same Direction,2,Clear,Dry,Dark-Not Lighted
2024-08-19T18:42:00.000,I 85,I 85 and Sr 54,,Not a Collision with Motor Vehicle,1,Clear,Dry,Daylight
2024-05-27T15:50:00.000,I 85,I 85 and Sr 54,,Rear End,3,Clear,Dry,Daylight
2024-09-26T12:35:00.000,I 85,I 85 and Sr 54,,Not a Collision with Motor Vehicle,1,Rain,Wet,Daylight
2024-11-25T08:00:00.000,I 85,I 85 and Sr 54,,Sideswipe-Same Direction,3,Clear,Dry,Daylight
2024-07-04T12:35:00.000,I 85,I 85 and Sr 54,,Rear End,2,Clear,Dry,Daylight
2024-03-02T11:40:00.000,I 85,I 85 and Sr 54,,Not a Collision with Motor Vehicle,1,Cloudy,Dry,Daylight
2024-06-23T17:30:00.000,I 85,I 85 and Sr 54,,Rear End,2,Clear,Dry,Daylight
2024-11-01T21:00:00.000,I 85,I 85 and Sr 54,,Rear End,2,Clear,Dry,Dark-Not Lighted
2024-07-31T19:40:00.000,I 85,I 85 and Sr 54,,Rear End,2,Clear,Wet,Daylight
2024-11-01T19:15:00.000,I 85,I 85 and Sr 54,,Rear End,2,Clear,Dry,Dark-Not Lighted
2024-01-09T07:10:00.000,I 85,I 85 and Sr 54,,Not a Collision with Motor Vehicle,1,Rain,Wet,Dark-Not Lighted
2021-05-23T17:10:00.000,I 85,I 85 and Sr 53,,Rear End,2,Clear,Dry,Daylight
2021-12-09T21:44:00.000,I 85,I 85 and Sr 53,,Angle Crash,2,Clear,Dry,Dark-Not Lighted
2021-10-05T11:35:00.000,I 85,I 85 and Sr 53,,Rear End,4,Rain,Wet,Daylight
2021-01-03T15:03:00.000,I 85,I 85 and Sr 53,,Rear End,2,Clear,Dry,Daylight
2021-11-11T01:30:00.000,I 85,I 85 and Sr 53,,Not a Collision with Motor Vehicle,1,Clear,Dry,Dark-Not Lighted
2021-10-05T11:38:00.000,I 85,I 85 and Sr 53,,Rear End,3,Rain,Wet,Daylight
2021-11-27T11:30:00.000,I 85,I 85 and Sr 53,,Rear End,4,Clear,Dry,Daylight
2021-07-16T10:44:00.000,I 85,I 85 and Sr 53,,Sideswipe-Same Direction,2,Clear,Dry,Daylight
2021-04-24T10:37:00.000,I 85,I 85 and Sr 53,,Not a Collision with Motor Vehicle,1,Rain,Water (standing or moving),Daylight
2021-06-25T18:52:00.000,I 85,I 85 and Sr 53,,Sideswipe-Same Direction,2,Clear,Dry,Daylight
2023-12-26T19:55:00.000,I 85,I 85 and Sr 53,,Not a Collision with Motor Vehicle,1,Rain,Wet,Dark-Not Lighted
2023-09-20T14:50:00.000,I 85,I 85 and Sr 53,,Rear End,2,Clear,Dry,Daylight
2023-04-11T15:45:00.000,I 85,I 85 and Sr 53,,Rear End,2,Clear,Dry,Daylight
2023-05-05T06:02:00.000,I 85,I 85 and Sr 53,,Not a Collision with Motor Vehicle,2,Clear,Dry,Dark-Not Lighted
2023-05-10T15:34:00.000,I 85,I 85 and Sr 53,,Rear End,3,Clear,Dry,Daylight
2023-10-02T18:06:00.000,I 85,I 85 and Sr 53,,Rear End,2,Clear,Dry,Daylight
2022-04-28T07:36:00.000,I 85,I 85 and Sr 53,,Sideswipe-Same Direction,3,Clear,Dry,Daylight
2022-07-30T22:25:00.000,I 85,I 85 and Sr 53,,Not a Collision with Motor Vehicle,1,Cloudy,Water (standing or moving),Dark-Not Lighted
2020-07-18T13:41:00.000,I 85,I 85 and Sr 53,,Sideswipe-Same Direction,2,Clear,Dry,Daylight
2020-06-25T16:04:00.000,I 85,I 85 and Sr 53,,Sideswipe-Same Direction,4,Clear,Dry,Daylight
2021-02-26T08:10:00.000,I 85,I 85 and Sr 53,,Angle Crash,2,Rain,Wet,Daylight
2021-04-01T22:12:00.000,I 85,I 85 and Sr 53,,Head On,1,Clear,Dry,Dark-Not Lighted
2021-02-03T14:50:00.000,I 85,I 85 and Sr 53,,Rear End,2,Clear,Dry,Daylight
2021-10-23T19:14:00.000,I 85,I 85 and Sr 53,,Sideswipe-Same Direction,2,Clear,Dry,Dark-Not Lighted
2021-07-08T17:21:00.000,I 85,I 85 and Sr 53,,Rear End,2,Cloudy,Wet,Daylight
2021-07-21T05:45:00.000,I 85,I 85 and Sr 53,,Sideswipe-Same Direction,2,Rain,Wet,Dark-Not Lighted
2021-07-18T14:46:00.000,I 85,I 85 and Sr 53,,Rear End,3,Clear,Dry,Daylight
2022-05-22T23:46:00.000,I 85,I 85 and Sr 53,,Angle Crash,2,Clear,Dry,Dark-Not Lighted
2022-04-18T13:02:00.000,I 85,I 85 and Sr 53,,Not a Collision with Motor Vehicle,1,Cloudy,Wet,Daylight
2022-04-22T16:34:00.000,I 85,I 85 and Sr 53,,Rear End,2,Clear,Dry,Daylight
2022-03-16T12:18:00.000,I 85,I 85 and Sr 53,,Rear End,2,Cloudy,Wet,Daylight
2022-04-05T13:59:00.000,I 85,I 85 and Sr 53,,Not a Collision with Motor Vehicle,1,Rain,Wet,Daylight
2022-06-19T19:38:00.000,I 85,I 85 and Sr 53,,Rear End,2,Clear,Dry,Daylight
2022-06-19T22:51:00.000,I 85,I 85 and Sr 53,,Rear End,3,Clear,Dry,Dark-Not Lighted
2022-01-19T16:29:00.000,I 85,I 85 and Sr 53,,Sideswipe-Same Direction,2,Clear,Dry,Daylight
2022-05-08T04:01:00.000,I 85,I 85 and Sr 53,,Not a Collision with Motor Vehicle,1,Clear,Dry,Dark-Not Lighted
2022-05-03T17:40:00.000,I 85,I 85 and Sr 53,,Rear End,2,Clear,Dry,Daylight
2022-01-24T06:35:00.000,I 85,I 85 and Sr 53,,Rear End,5,Clear,Dry,Dawn
2022-07-06T05:40:00.000,I 85,I 85 and Sr 53,,Sideswipe-Same Direction,2,Clear,Dry,Dawn
2022-03-08T16:58:00.000,I 85,I 85 and Sr 53,,Sideswipe-Same Direction,2,Cloudy,Wet,Daylight
2022-02-25T17:12:00.000,I 85,I 85 and Sr 53,,Rear End,2,Clear,Dry,Daylight
2023-01-17T06:00:00.000,I 85,I 85 and Sr 53,,Sideswipe-Same Direction,2,Cloudy,Dry,Dark-Not Lighted
2024-02-24T16:27:00.000,I 85,I 85 and Sr 53,,Angle Crash,2,Clear,Dry,Daylight
2024-01-31T06:26:00.000,I 85,I 85 and Sr 53,,Rear End,2,Clear,Wet,Dark-Not Lighted
2023-05-07T12:47:00.000,I 85,I 85 and Sr 53,,Sideswipe-Same Direction,2,Clear,Dry,Daylight
2023-09-04T17:35:00.000,I 85,I 85 and Sr 53,,Sideswipe-Same Direction,2,Clear,Dry,Daylight
2023-04-08T02:00:00.000,I 85,I 85 and Sr 53,,Rear End,2,Cloudy,Dry,Dark-Not Lighted
2023-06-18T07:12:00.000,I 85,I 85 and Sr 53,,Not a Collision with Motor Vehicle,1,Clear,Dry,Daylight
2024-09-30T06:08:00.000,I 85,I 85 and Sr 53,,Sideswipe-Same Direction,2,Clear,Dry,Dark-Not Lighted
2021-05-22T13:49:00.000,I 85,I 85 and Sr 51,,Rear End,2,Clear,Dry,Daylight
2021-06-02T14:27:00.000,I 85,I 85 and Sr 51,,Rear End,2,Clear,Dry,Daylight
2021-02-02T22:34:00.000,I 85,I 85 and Sr 51,,Not a Collision with Motor Vehicle,1,Clear,Dry,Dark-Not Lighted
2023-04-21T14:47:00.000,I 85,I 85 and Sr 51,,Rear End,2,Clear,Dry,Daylight
2023-08-03T07:00:00.000,I 85,I 85 and Sr 51,,Not a Collision with Motor Vehicle,1,Rain,Wet,Dusk
2020-02-28T19:44:00.000,I 85,I 85 and Sr 51,,Sideswipe-Same Direction,2,Clear,Dry,Dark-Not Lighted
2020-01-22T15:57:00.000,I 85,I 85 and Sr 51,,Not a Collision with Motor Vehicle,1,Rain,Wet,Daylight
2020-10-22T11:55:00.000,I 85,I 85 and Sr 51,,Not a Collision with Motor Vehicle,1,Clear,Dry,Daylight
2020-10-17T18:08:00.000,I 85,I 85 and Sr 51,,Rear End,2,Clear,Dry,Dusk
2020-02-17T16:19:00.000,I 85,I 85 and Sr 51,,Rear End,2,Cloudy,Dry,Daylight
2021-01-18T19:45:00.000,I 85,I 85 and Sr 51,,(None),2,(None),(None),(None)
2022-02-02T12:22:00.000,I 85,I 85 and Sr 51,,Sideswipe-Same Direction,2,Clear,Dry,Daylight
2022-12-09T15:10:00.000,I 85,I 85 and Sr 51,,Not a Collision with Motor Vehicle,1,Rain,Wet,Daylight
2022-09-18T19:19:00.000,I 85,I 85 and Sr 51,,Rear End,2,Clear,Dry,Daylight
2023-11-22T11:02:00.000,I 85,I 85 and Sr 51,,Rear End,2,Clear,Dry,Daylight
2023-05-07T23:20:00.000,I 85,I 85 and Sr 51,,Not a Collision with Motor Vehicle,1,Rain,Wet,Dark-Not Lighted
2024-05-27T22:35:00.000,I 85,I 85 and Sr 51,,Not a Collision with Motor Vehicle,1,Clear,Dry,Dark-Not Lighted
2024-09-17T14:02:00.000,I 85,I 85 and Sr 441,,(None),2,(None),(None),(None)
2023-03-17T16:35:00.000,I 85,I 85 and Sr 42,,Sideswipe-Same Direction,2,Rain,Wet,Daylight
2022-12-09T17:16:00.000,I 85,I 85 and Sr 41,,Rear End,2,Cloudy,Wet,Daylight
2022-06-25T10:35:00.000,I 85,I 85 and Sr 41,,Rear End,2,Clear,Dry,Daylight
2022-12-09T16:17:00.000,I 85,I 85 and Sr 41,,Rear End,2,Cloudy,Wet,Daylight
2024-03-03T03:50:00.000,I 85,I 85 and Sr 41,,Rear End,2,Rain,Wet,Dark-Not Lighted
2022-11-26T11:50:00.000,I 85,I 85 and Sr 403,,Rear End,2,Clear,Dry,Daylight
2021-02-07T03:24:00.000,I 85,I 85 and Sr 400,,Rear End,3,Rain,Wet,Dark-Not Lighted
2021-03-09T07:50:00.000,I 85,I 85 and Sr 400,,Rear End,2,Clear,Dry,Daylight
2021-02-19T14:37:00.000,I 85,I 85 and Sr 400,,Rear End,3,Clear,Dry,Daylight
2021-05-06T07:45:00.000,I 85,I 85 and Sr 400,,Rear End,2,Clear,Dry,Daylight
2021-06-14T14:10:00.000,I 85,I 85 and Sr 400,,Sideswipe-Same Direction,2,Cloudy,Dry,Daylight
2021-04-01T14:00:00.000,I 85,I 85 and Sr 400,,Sideswipe-Same Direction,2,Clear,Dry,Daylight
2021-06-11T13:06:00.000,I 85,I 85 and Sr 400,,Rear End,2,Cloudy,Dry,Daylight
2021-09-16T17:57:00.000,I 85,I 85 and Sr 400,,Rear End,2,Cloudy,Wet,Daylight
2021-07-05T14:50:00.000,I 85,I 85 and Sr 400,,Rear End,2,Clear,Dry,Daylight
2021-11-10T14:40:00.000,I 85,I 85 and Sr 400,,Rear End,2,Clear,Dry,Daylight
2021-07-02T11:10:00.000,I 85,I 85 and Sr 400,,Rear End,3,Rain,Wet,Daylight
2021-08-26T13:50:00.000,I 85,I 85 and Sr 400,,Rear End,3,Cloudy,Dry,Daylight
2021-11-18T17:40:00.000,I 85,I 85 and Sr 400,,Sideswipe-Same Direction,2,Clear,Dry,Dark-Lighted
2021-01-27T09:00:00.000,I 85,I 85 and Sr 400,,Sideswipe-Same Direction,2,Rain,Wet,Daylight
2021-05-24T15:40:00.000,I 85,I 85 and Sr 400,,Sideswipe-Same Direction,2,Cloudy,Dry,Daylight
2021-06-24T08:35:00.000,I 85,I 85 and Sr 400,,Rear End,2,Cloudy,Dry,Daylight
2021-04-01T14:30:00.000,I 85,I 85 and Sr 400,,Rear End,2,Clear,Dry,Daylight
2021-02-11T14:20:00.000,I 85,I 85 and Sr 400,,Rear End,2,Rain,Wet,Daylight
2021-03-18T08:40:00.000,I 85,I 85 and Sr 400,,Not a Collision with Motor Vehicle,1,Rain,Wet,Daylight
2021-02-01T10:45:00.000,I 85,I 85 and Sr 400,,Not a Collision with Motor Vehicle,1,Clear,Dry,Daylight
2021-03-18T08:15:00.000,I 85,I 85 and Sr 400,,Sideswipe-Same Direction,2,Rain,Wet,Daylight
2021-01-07T16:40:00.000,I 85,I 85 and Sr 400,,Rear End,3,Rain,Wet,Daylight
2021-03-18T15:41:00.000,I 85,I 85 and Sr 400,,Rear End,2,Clear,Dry,Daylight
2021-02-18T17:12:00.000,I 85,I 85 and Sr 400,,Rear End,2,Cloudy,Wet,Daylight
2021-06-17T19:49:00.000,I 85,I 85 and Sr 400,,Sideswipe-Same Direction,4,Clear,Dry,Daylight
2021-05-10T14:57:00.000,I 85,I 85 and Sr 400,,Sideswipe-Same Direction,2,Cloudy,Dry,Daylight
2021-03-01T07:25:00.000,I 85,I 85 and Sr 400,,Sideswipe-Same Direction,2,Rain,Wet,Daylight
2021-06-15T17:51:00.000,I 85,I 85 and Sr 400,,Sideswipe-Same Direction,2,Clear,Dry,Daylight
2021-03-04T08:30:00.000,I 85,I 85 and Sr 400,,Rear End,2,Clear,Dry,Daylight
2021-02-10T12:45:00.000,I 85,I 85 and Sr 400,,Sideswipe-Same Direction,2,Clear,Dry,Daylight
2021-04-02T09:35:00.000,I 85,I 85 and Sr 400,,Sideswipe-Same Direction,2,Clear,Dry,Daylight
2021-03-10T15:33:00.000,I 85,I 85 and Sr 400,,Rear End,2,Clear,Dry,Daylight
2021-01-20T18:30:00.000,I 85,I 85 and Sr 400,,Sideswipe-Same Direction,2,Clear,Dry,Dark-Lighted
2021-01-17T01:49:00.000,I 85,I 85 and Sr 400,,Sideswipe-Same Direction,3,Clear,Dry,Dark-Not Lighted
2021-05-07T13:03:00.000,I 85,I 85 and Sr 400,,Sideswipe-Same Direction,2,Clear,Dry,Daylight
2021-06-25T14:29:00.000,I 85,I 85 and Sr 400,,Rear End,2,Cloudy,Dry,Daylight
2021-11-16T06:47:00.000,I 85,I 85 and Sr 400,,Angle Crash,2,Clear,Dry,Daylight
2021-08-31T08:45:00.000,I 85,I 85 and Sr 400,,Not a Collision with Motor Vehicle,1,Rain,Wet,Daylight
2021-12-30T15:59:00.000,I 85,I 85 and Sr 400,,Rear End,2,Cloudy,Wet,Daylight
2021-10-05T09:21:00.000,I 85,I 85 and Sr 400,,Sideswipe-Same Direction,2,Rain,Wet,Daylight
2021-10-14T13:45:00.000,I 85,I 85 and Sr 400,,Sideswipe-Same Direction,2,Clear,Dry,Daylight
2021-12-21T16:00:00.000,I 85,I 85 and Sr 400,,Sideswipe-Same Direction,2,Cloudy,Wet,Daylight
2021-09-09T07:34:00.000,I 85,I 85 and Sr 400,,Angle Crash,2,Cloudy,Dry,Daylight
2021-03-08T08:25:00.000,I 85,I 85 and Sr 400,,Rear End,3,Clear,Dry,Daylight
2021-08-09T07:10:00.000,I 85,I 85 and Sr 400,,Rear End,2,Clear,Dry,Daylight
2021-12-16T15:00:00.000,I 85,I 85 and Sr 400,,Sideswipe-Same Direction,2,Clear,Dry,Daylight
2021-07-20T08:18:00.000,I 85,I 85 and Sr 400,,Rear End,2,Cloudy,Wet,Daylight
2021-08-27T08:06:00.000,I 85,I 85 and Sr 400,,Rear End,2,Clear,Dry,Daylight
2021-08-27T12:00:00.000,I 85,I 85 and Sr 400,,Rear End,2,Cloudy,Dry,Daylight
2021-11-16T06:47:00.000,I 85,I 85 and Sr 400,,Rear End,2,Clear,Dry,Daylight
2021-07-12T21:00:00.000,I 85,I 85 and Sr 400,,Angle Crash,2,Cloudy,Wet,Dark-Not Lighted
2021-12-13T14:13:00.000,I 85,I 85 and Sr 400,,Rear End,2,Clear,Dry,Daylight
2021-12-27T18:31:00.000,I 85,I 85 and Sr 400,,Sideswipe-Same Direction,2,Cloudy,Dry,Dark-Lighted
2021-08-31T09:50:00.000,I 85,I 85 and Sr 400,,Rear End,2,Rain,Wet,Daylight
2021-10-01T11:02:00.000,I 85,I 85 and Sr 400,,Rear End,2,Cloudy,Dry,Daylight
2021-02-26T12:00:00.000,I 85,I 85 and Sr 400,,Rear End,2,Rain,Wet,Daylight
2021-03-25T08:45:00.000,I 85,I 85 and Sr 400,,Rear End,3,Rain,Wet,Daylight
2021-04-23T19:20:00.000,I 85,I 85 and Sr 400,,Sideswipe-Same Direction,2,Clear,Dry,Daylight
2021-03-05T14:35:00.000,I 85,I 85 and Sr 400,,Rear End,2,Clear,Dry,Daylight
2021-02-06T05:25:00.000,I 85,I 85 and Sr 400,,Sideswipe-Same Direction,2,Clear,Dry,Dark-Not Lighted
2021-05-31T13:42:00.000,I 85,I 85 and Sr 400,,Rear End,2,Cloudy,Dry,Daylight
2021-06-11T16:37:00.000,I 85,I 85 and Sr 400,,Rear End,2,Rain,Wet,Daylight
2021-06-11T15:21:00.000,I 85,I 85 and Sr 400,,Rear End,2,Rain,Wet,Daylight
2021-03-14T17:50:00.000,I 85,I 85 and Sr 400,,Sideswipe-Same Direction,2,Clear,Dry,Daylight
2021-06-11T13:36:00.000,I 85,I 85 and Sr 400,,Sideswipe-Same Direction,2,Cloudy,Dry,Daylight
2021-02-18T18:55:00.000,I 85,I 85 and Sr 400,,Angle Crash,2,Rain,Wet,Dark-Lighted
2021-07-22T17:58:00.000,I 85,I 85 and Sr 400,,Rear End,2,Clear,Dry,Daylight
2021-10-08T19:58:00.000,I 85,I 85 and Sr 400,,Rear End,2,Clear,Dry,Dark-Not Lighted
2021-08-26T13:50:00.000,I 85,I 85 and Sr 400,,Rear End,3,Cloudy,Dry,Daylight
2021-08-17T06:50:00.000,I 85,I 85 and Sr 400,,Rear End,2,Rain,Wet,Dark-Lighted
2021-10-07T17:51:00.000,I 85,I 85 and Sr 400,,Rear End,3,Cloudy,Wet,Daylight
2021-12-29T16:50:00.000,I 85,I 85 and Sr 400,,Rear End,2,Cloudy,Wet,Daylight
2021-12-17T19:48:00.000,I 85,I 85 and Sr 400,,Rear End,3,Cloudy,Dry,Dark-Lighted
2021-07-05T14:50:00.000,I 85,I 85 and Sr 400,,Rear End,2,Clear,Dry,Daylight
2021-07-08T09:16:00.000,I 85,I 85 and Sr 400,,Angle Crash,2,Cloudy,Dry,Daylight
2021-03-08T08:30:00.000,I 85,I 85 and Sr 400,,Rear End,2,Clear,Dry,Daylight
2021-06-29T17:35:00.000,I 85,I 85 and Sr 400,,Rear End,2,Clear,Dry,Daylight
2021-04-02T15:45:00.000,I 85,I 85 and Sr 400,,Rear End,3,Clear,Dry,Daylight
2021-02-15T17:06:00.000,I 85,I 85 and Sr 400,,Angle Crash,3,Rain,Wet,Daylight
2021-01-09T01:20:00.000,I 85,I 85 and Sr 400,,Not a Collision with Motor Vehicle,1,Clear,Dry,Dark-Not Lighted
2021-03-24T16:49:00.000,I 85,I 85 and Sr 400,,Rear End,2,Cloudy,Dry,Daylight
2021-04-05T14:30:00.000,I 85,I 85 and Sr 400,,Rear End,2,Clear,Dry,Daylight
2020-07-18T20:08:00.000,I 85,I 85 and Sr 400,,Rear End,2,Clear,Dry,Dark-Lighted
2020-11-24T18:55:00.000,I 85,I 85 and Sr 400,,Sideswipe-Same Direction,2,Clear,Dry,Dark-Not Lighted
2020-12-29T17:20:00.000,I 85,I 85 and Sr 400,,Sideswipe-Same Direction,2,Clear,Dry,Daylight
2020-12-01T15:40:00.000,I 85,I 85 and Sr 400,,Sideswipe-Same Direction,4,Clear,Dry,Daylight
2020-02-13T10:32:00.000,I 85,I 85 and Sr 400,,Rear End,2,Cloudy,Wet,Daylight
2020-12-20T02:37:00.000,I 85,I 85 and Sr 400,,Rear End,2,Clear,Dry,Dark-Lighted
2020-10-09T19:40:00.000,I 85,I 85 and Sr 400,,Rear End,2,Rain,Wet,Daylight
2020-12-31T09:30:00.000,I 85,I 85 and Sr 400,,Sideswipe-Same Direction,2,Clear,Dry,Daylight
2023-11-16T08:27:00.000,I 85,I 85 and Sr 400,,Sideswipe-Same Direction,2,Clear,Dry,Daylight
2023-05-19T19:45:00.000,I 85,I 85 and Sr 400,,Rear End,3,Clear,Dry,Dusk
2023-03-10T12:53:00.000,I 85,I 85 and Sr 400,,Rear End,5,Cloudy,Wet,Daylight
2023-05-04T18:00:00.000,I 85,I 85 and Sr 400,,Sideswipe-Same Direction,2,Clear,Dry,Daylight
2023-11-20T14:51:00.000,I 85,I 85 and Sr 400,,Not a Collision with Motor Vehicle,1,Cloudy,Dry,Daylight
2023-05-11T18:43:00.000,I 85,I 85 and Sr 400,,Sideswipe-Same Direction,2,Clear,Dry,Daylight
2023-07-28T09:45:00.000,I 85,I 85 and Sr 400,,Rear End,4,Clear,Dry,Daylight
2023-03-02T07:30:00.000,I 85,I 85 and Sr 400,,Rear End,2,Cloudy,Wet,Daylight
2023-01-05T07:05:00.000,I 85,I 85 and Sr 400,,Rear End,3,Clear,Dry,Dark-Lighted
2023-08-28T10:16:00.000,I 85,I 85 and Sr 400,,Rear End,2,Clear,Dry,Daylight
2023-10-09T17:45:00.000,I 85,I 85 and Sr 400,,Sideswipe-Same Direction,2,Clear,Dry,Daylight
2023-01-26T11:20:00.000,I 85,I 85 and Sr 400,,Sideswipe-Same Direction,2,Cloudy,Dry,Daylight
2023-03-17T11:30:00.000,I 85,I 85 and Sr 400,,Rear End,2,Cloudy,Dry,Daylight
2023-11-21T15:01:00.000,I 85,I 85 and Sr 400,,Rear End,2,Rain,Wet,Daylight
2023-10-24T17:20:00.000,I 85,I 85 and Sr 400,,Sideswipe-Same Direction,2,Clear,Dry,Daylight
2023-09-07T18:50:00.000,I 85,I 85 and Sr 400,,Rear End,3,Clear,Dry,Daylight
2023-10-06T19:00:00.000,I 85,I 85 and Sr 400,,Sideswipe-Same Direction,2,Rain,Wet,Dark-Lighted
2023-05-08T10:18:00.000,I 85,I 85 and Sr 400,,Sideswipe-Same Direction,2,Clear,Dry,Daylight
2023-11-21T19:59:00.000,I 85,I 85 and Sr 400,,Rear End,2,Cloudy,Wet,Dark-Lighted
2023-07-20T11:55:00.000,I 85,I 85 and Sr 400,,Sideswipe-Same Direction,2,Clear,Dry,Daylight
2023-03-10T11:49:00.000,I 85,I 85 and Sr 400,,Rear End,2,Cloudy,Wet,Daylight
2023-01-16T15:59:00.000,I 85,I 85 and Sr 400,,Sideswipe-Same Direction,3,Cloudy,Dry,Daylight
2023-04-21T11:38:00.000,I 85,I 85 and Sr 400,,Sideswipe-Same Direction,2,Clear,Dry,Daylight
2023-12-22T14:50:00.000,I 85,I 85 and Sr 400,,Sideswipe-Same Direction,2,Clear,Dry,Daylight
2023-02-18T18:12:00.000,I 85,I 85 and Sr 400,,Rear End,2,Clear,Dry,Daylight
2023-05-08T08:55:00.000,I 85,I 85 and Sr 400,,Sideswipe-Same Direction,2,Cloudy,Dry,Daylight
2023-04-13T15:10:00.000,I 85,I 85 and Sr 400,,Rear End,2,Clear,Dry,Daylight
2023-01-30T08:00:00.000,I 85,I 85 and Sr 400,,Rear End,3,Cloudy,Wet,Daylight
2023-06-09T16:30:00.000,I 85,I 85 and Sr 400,,Sideswipe-Same Direction,2,Clear,Dry,Daylight
2023-08-15T17:36:00.000,I 85,I 85 and Sr 400,,Sideswipe-Same Direction,2,Clear,Dry,Daylight
2023-01-12T19:35:00.000,I 85,I 85 and Sr 400,,Sideswipe-Same Direction,2,Clear,Dry,Dark-Lighted
2023-03-16T18:48:00.000,I 85,I 85 and Sr 400,,Rear End,2,Clear,Dry,Daylight
2023-06-19T07:02:00.000,I 85,I 85 and Sr 400,,Rear End,2,Rain,Wet,Daylight
2023-10-02T17:53:00.000,I 85,I 85 and Sr 400,,Sideswipe-Same Direction,2,Clear,Dry,Daylight
2023-05-23T13:42:00.000,I 85,I 85 and Sr 400,,Rear End,2,Cloudy,Dry,Daylight
2023-03-10T14:20:00.000,I 85,I 85 and Sr 400,,Rear End,2,Clear,Dry,Daylight
2023-11-09T10:13:00.000,I 85,I 85 and Sr 400,,Sideswipe-Same Direction,2,Clear,Dry,Daylight
2023-02-28T17:10:00.000,I 85,I 85 and Sr 400,,Rear End,2,Clear,Dry,Daylight
2023-12-14T19:30:00.000,I 85,I 85 and Sr 400,,Rear End,2,Clear,Dry,Dark-Lighted
2023-07-29T07:09:00.000,I 85,I 85 and Sr 400,,Sideswipe-Same Direction,2,Cloudy,Wet,Daylight
2023-11-09T07:46:00.000,I 85,I 85 and Sr 400,,Sideswipe-Same Direction,2,Clear,Dry,Daylight
2023-11-21T19:38:00.000,I 85,I 85 and Sr 400,,Rear End,2,Cloudy,Wet,Dark-Lighted
2023-02-03T09:20:00.000,I 85,I 85 and Sr 400,,Rear End,2,Clear,Dry,Daylight