Date and Time,Roadway (From Crash Report),Intersection Name (from Crash Report),KABCO Severity,Manner of Collision (Crash Level) ,# of Vehicles per crash ,Weather Conditions (Crash Level),Surface Condition (Crash Level) ,Light Conditions (Crash Level)
2023-11-06T08:35:00.000,I 85,I 85 and Sr 400,,Sideswipe-Same Direction,2,Clear,Dry,Daylight
2023-07-07T14:20:00.000,I 85,I 85 and Sr 400,,Rear End,2,Cloudy,Dry,Daylight
2023-01-17T13:41:00.000,I 85,I 85 and Sr 400,,Rear End,2,Cloudy,Wet,Daylight
2023-08-22T06:32:00.000,I 85,I 85 and Sr 400,,Rear End,2,Clear,Dry,Daylight
2023-10-03T11:20:00.000,I 85,I 85 and Sr 400,,Rear End,2,Clear,Dry,Daylight
2023-10-17T14:14:00.000,I 85,I 85 and Sr 400,,Rear End,2,Clear,Dry,Daylight
2023-02-02T14:30:00.000,I 85,I 85 and Sr 400,,Sideswipe-Same Direction,3,Rain,Wet,Daylight
2023-11-30T06:30:00.000,I 85,I 85 and Sr 400,,Sideswipe-Same Direction,2,Clear,Dry,Dawn
2023-07-27T15:50:00.000,I 85,I 85 and Sr 400,,Rear End,2,Clear,Dry,Daylight
2023-09-18T15:57:00.000,I 85,I 85 and Sr 400,,Sideswipe-Same Direction,2,Clear,Dry,Daylight
2023-03-02T18:05:00.000,I 85,I 85 and Sr 400,,Sideswipe-Same Direction,2,Clear,Dry,Daylight
2023-10-20T10:28:00.000,I 85,I 85 and Sr 400,,Rear End,2,Clear,Dry,Daylight
2023-06-29T18:42:00.000,I 85,I 85 and Sr 400,,Rear End,2,Cloudy,Dry,Daylight
2023-03-27T17:20:00.000,I 85,I 85 and Sr 400,,Angle Crash,3,Clear,Dry,Daylight
2023-04-21T17:35:00.000,I 85,I 85 and Sr 400,,Rear End,2,Clear,Dry,Daylight
2023-11-06T16:33:00.000,I 85,I 85 and Sr 400,,Rear End,2,Clear,Dry,Daylight
2023-09-19T16:22:00.000,I 85,I 85 and Sr 400,,Rear End,3,Cloudy,Dry,Daylight
2023-10-12T07:41:00.000,I 85,I 85 and Sr 400,,Rear End,2,Clear,Dry,Daylight
2023-07-11T12:19:00.000,I 85,I 85 and Sr 400,,Sideswipe-Same Direction,2,Clear,Dry,Daylight
2023-11-24T18:43:00.000,I 85,I 85 and Sr 400,,Rear End,2,Cloudy,Dry,Dark-Lighted
2023-09-19T06:55:00.000,I 85,I 85 and Sr 400,,Rear End,3,Clear,Dry,Daylight
2023-01-17T15:28:00.000,I 85,I 85 and Sr 400,,Sideswipe-Same Direction,2,Cloudy,Wet,Daylight
2023-03-06T14:19:00.000,I 85,I 85 and Sr 400,,Rear End,3,Clear,Dry,Daylight
2023-09-26T08:39:00.000,I 85,I 85 and Sr 400,,Rear End,5,Clear,Dry,Daylight
2023-02-01T06:44:00.000,I 85,I 85 and Sr 400,,Rear End,3,Cloudy,Wet,Daylight
2023-11-24T19:44:00.000,I 85,I 85 and Sr 400,,Not a Collision with Motor Vehicle,1,Cloudy,Dry,Dark-Not Lighted
2023-06-19T06:22:00.000,I 85,I 85 and Sr 400,,Sideswipe-Same Direction,2,Rain,Wet,Daylight
2023-12-21T19:56:00.000,I 85,I 85 and Sr 400,,Rear End,2,Clear,Dry,Daylight
2023-03-21T17:15:00.000,I 85,I 85 and Sr 400,,Sideswipe-Same Direction,2,Clear,Dry,Daylight
2023-04-27T17:50:00.000,I 85,I 85 and Sr 400,,Rear End,3,Cloudy,Wet,Daylight
2023-09-02T07:25:00.000,I 85,I 85 and Sr 400,,Rear End,2,Clear,Dry,Daylight
2023-03-02T13:08:00.000,I 85,I 85 and Sr 400,,Rear End,2,Cloudy,Wet,Daylight
2023-11-24T18:43:00.000,I 85,I 85 and Sr 400,,Rear End,2,Cloudy,Dry,Daylight
2023-10-20T09:38:00.000,I 85,I 85 and Sr 400,,Rear End,2,Clear,Dry,Daylight
2023-02-09T18:39:00.000,I 85,I 85 and Sr 400,,Rear End,2,Rain,Wet,Dark-Lighted
2023-11-03T17:30:00.000,I 85,I 85 and Sr 400,,Sideswipe-Same Direction,2,Clear,Dry,Daylight
2023-03-16T14:57:00.000,I 85,I 85 and Sr 400,,Sideswipe-Same Direction,2,Clear,Dry,Daylight
2023-01-17T14:25:00.000,I 85,I 85 and Sr 400,,Rear End,2,Cloudy,Wet,Daylight
2023-01-17T14:25:00.000,I 85,I 85 and Sr 400,,Rear End,2,Cloudy,Wet,Daylight
2023-11-24T19:44:00.000,I 85,I 85 and Sr 400,,Not a Collision with Motor Vehicle,1,Cloudy,Dry,Dark-Not Lighted
2023-02-03T14:31:00.000,I 85,I 85 and Sr 400,,Rear End,2,Clear,Dry,Daylight
2023-08-18T16:15:00.000,I 85,I 85 and Sr 400,,Sideswipe-Same Direction,2,Clear,Dry,Daylight
2023-11-21T10:52:00.000,I 85,I 85 and Sr 400,,Sideswipe-Same Direction,2,Rain,Wet,Daylight
2023-11-30T11:05:00.000,I 85,I 85 and Sr 400,,Rear End,2,Clear,Dry,Daylight
2023-09-28T06:30:00.000,I 85,I 85 and Sr 400,,Rear End,2,Cloudy,Dry,Dark-Lighted
2023-07-08T16:57:00.000,I 85,I 85 and Sr 400,,Sideswipe-Same Direction,2,Clear,Dry,Daylight
2023-04-25T06:22:00.000,I 85,I 85 and Sr 400,,Rear End,3,Clear,Dry,Daylight
2022-08-12T10:25:00.000,I 85,I 85 and Sr 400,,Sideswipe-Same Direction,2,Clear,Dry,Daylight
2022-12-15T17:00:00.000,I 85,I 85 and Sr 400,,Rear End,2,Clear,Dry,Daylight
2022-03-17T10:57:00.000,I 85,I 85 and Sr 400,,Rear End,2,Clear,Dry,Daylight
2022-03-01T13:11:00.000,I 85,I 85 and Sr 400,,Rear End,3,Clear,Dry,Daylight
2022-06-03T12:16:00.000,I 85,I 85 and Sr 400,,Rear End,3,Cloudy,Dry,Daylight
2022-05-12T17:10:00.000,I 85,I 85 and Sr 400,,Rear End,2,Clear,Dry,Daylight
2022-07-22T14:51:00.000,I 85,I 85 and Sr 400,,Rear End,3,Cloudy,Wet,Daylight
2022-12-20T13:50:00.000,I 85,I 85 and Sr 400,,Rear End,3,Clear,Dry,Daylight
2022-10-14T15:47:00.000,I 85,I 85 and Sr 400,,Rear End,2,Clear,Dry,Daylight
2022-09-12T06:36:00.000,I 85,I 85 and Sr 400,,Rear End,3,Cloudy,Dry,Daylight
2021-07-20T09:00:00.000,I 85,I 85 and Sr 400,,Rear End,2,Cloudy,Wet,Daylight
2022-07-26T15:48:00.000,I 85,I 85 and Sr 400,,Rear End,3,Clear,Dry,Daylight
2021-01-29T06:43:00.000,I 85,I 85 and Sr 400,,Sideswipe-Same Direction,2,Clear,Dry,Dark-Lighted
2020-12-17T19:20:00.000,I 85,I 85 and Sr 400,,Sideswipe-Same Direction,2,Clear,Dry,Dark-Lighted
2020-10-15T23:29:00.000,I 85,I 85 and Sr 400,,Angle Crash,4,Clear,Dry,Dark-Not Lighted
2020-06-13T18:30:00.000,I 85,I 85 and Sr 400,,Sideswipe-Same Direction,2,Clear,Dry,Daylight
2020-01-29T10:38:00.000,I 85,I 85 and Sr 400,,Sideswipe-Same Direction,2,Clear,Dry,Daylight
2020-08-01T19:56:00.000,I 85,I 85 and Sr 400,,Sideswipe-Same Direction,2,Clear,Dry,Daylight
2020-02-17T16:04:00.000,I 85,I 85 and Sr 400,,Rear End,2,Cloudy,Dry,Daylight
2020-09-02T22:55:00.000,I 85,I 85 and Sr 400,,Rear End,2,Clear,Dry,Dark-Lighted
2020-08-30T10:54:00.000,I 85,I 85 and Sr 400,,Rear End,2,Clear,Dry,Daylight
2020-07-09T17:10:00.000,I 85,I 85 and Sr 400,,Rear End,2,Cloudy,Dry,Daylight
2020-08-02T17:52:00.000,I 85,I 85 and Sr 400,,Not a Collision with Motor Vehicle,1,Clear,Dry,Daylight
2020-11-08T11:43:00.000,I 85,I 85 and Sr 400,,Angle Crash,2,Clear,Dry,Daylight
2020-12-20T01:27:00.000,I 85,I 85 and Sr 400,,Angle Crash,2,Clear,Dry,Dark-Lighted
2020-01-15T09:01:00.000,I 85,I 85 and Sr 400,,Sideswipe-Same Direction,2,Clear,Dry,Daylight
2020-11-11T13:50:00.000,I 85,I 85 and Sr 400,,Not a Collision with Motor Vehicle,1,Rain,Wet,Daylight
2020-05-31T18:52:00.000,I 85,I 85 and Sr 400,,Angle Crash,2,Clear,Dry,Daylight
2020-09-17T05:30:00.000,I 85,I 85 and Sr 400,,Angle Crash,1,Rain,Wet,Dark-Lighted
2020-11-16T18:00:00.000,I 85,I 85 and Sr 400,,Rear End,2,Clear,Dry,Dark-Lighted
2020-09-24T11:35:00.000,I 85,I 85 and Sr 400,,Sideswipe-Same Direction,2,Rain,Wet,Daylight
2020-02-14T13:50:00.000,I 85,I 85 and Sr 400,,Sideswipe-Same Direction,2,Clear,Dry,Daylight
2020-01-22T17:50:00.000,I 85,I 85 and Sr 400,,Sideswipe-Same Direction,2,Clear,Dry,Dusk
2020-01-27T06:47:00.000,I 85,I 85 and Sr 400,,Sideswipe-Same Direction,2,Cloudy,Wet,Dark-Lighted
2020-12-18T18:40:00.000,I 85,I 85 and Sr 400,,Rear End,2,Clear,Dry,Dark-Lighted
2020-07-16T09:20:00.000,I 85,I 85 and Sr 400,,Rear End,2,Clear,Dry,Daylight
2020-01-28T19:35:00.000,I 85,I 85 and Sr 400,,Sideswipe-Same Direction,2,Clear,Dry,Dark-Lighted
2020-12-17T06:39:00.000,I 85,I 85 and Sr 400,,Sideswipe-Same Direction,2,Cloudy,Dry,Dark-Lighted
2020-02-29T09:29:00.000,I 85,I 85 and Sr 400,,Rear End,2,Clear,Dry,Daylight
2020-03-12T16:09:00.000,I 85,I 85 and Sr 400,,Rear End,2,Cloudy,Dry,Daylight
2020-04-27T20:15:00.000,I 85,I 85 and Sr 400,,Sideswipe-Same Direction,2,Clear,Dry,Dark-Lighted
2020-02-05T08:42:00.000,I 85,I 85 and Sr 400,,Sideswipe-Same Direction,2,Rain,Wet,Daylight
2020-01-24T16:25:00.000,I 85,I 85 and Sr 400,,Angle Crash,2,Cloudy,Dry,Daylight
2020-06-08T10:02:00.000,I 85,I 85 and Sr 400,,Sideswipe-Same Direction,2,Cloudy,Dry,Daylight
2020-03-10T13:20:00.000,I 85,I 85 and Sr 400,,Sideswipe-Same Direction,2,Cloudy,Wet,Daylight
2020-10-03T21:46:00.000,I 85,I 85 and Sr 400,,Rear End,2,Clear,Dry,Dark-Lighted
2020-01-21T16:39:00.000,I 85,I 85 and Sr 400,,Rear End,2,Clear,Dry,Daylight
2020-11-25T12:05:00.000,I 85,I 85 and Sr 400,,Rear End,3,Cloudy,Dry,Daylight
2020-10-31T16:53:00.000,I 85,I 85 and Sr 400,,Sideswipe-Same Direction,2,Clear,Dry,Daylight
2020-09-22T18:09:00.000,I 85,I 85 and Sr 400,,Sideswipe-Same Direction,2,Clear,Dry,Daylight
2020-10-30T22:29:00.000,I 85,I 85 and Sr 400,,Sideswipe-Same Direction,2,Clear,Dry,Dark-Not Lighted
2020-03-07T19:24:00.000,I 85,I 85 and Sr 400,,Rear End,2,Clear,Dry,Dark-Lighted
2020-09-16T18:55:00.000,I 85,I 85 and Sr 400,,Not a Collision with Motor Vehicle,1,Rain,Wet,Daylight
2020-12-02T17:53:00.000,I 85,I 85 and Sr 400,,Rear End,3,Clear,Dry,Dark-Lighted
2020-10-16T00:10:00.000,I 85,I 85 and Sr 400,,Rear End,2,Clear,Dry,Dark-Lighted
2020-11-16T16:43:00.000,I 85,I 85 and Sr 400,,Sideswipe-Same Direction,2,Clear,Dry,Daylight
2020-11-04T07:38:00.000,I 85,I 85 and Sr 400,,Rear End,2,Clear,Dry,Daylight
2020-02-17T10:58:00.000,I 85,I 85 and Sr 400,,Sideswipe-Same Direction,2,Cloudy,Dry,Daylight
2020-06-27T18:57:00.000,I 85,I 85 and Sr 400,,Not a Collision with Motor Vehicle,1,Rain,Wet,Daylight
2020-02-05T17:51:00.000,I 85,I 85 and Sr 400,,Rear End,2,Rain,Wet,Dark-Lighted
2020-01-23T07:00:00.000,I 85,I 85 and Sr 400,,Rear End,3,Clear,Dry,Daylight
2020-10-11T02:20:00.000,I 85,I 85 and Sr 400,,Rear End,5,Rain,Wet,Dark-Lighted
2020-10-04T07:35:00.000,I 85,I 85 and Sr 400,,Head On,2,Clear,Dry,Daylight
2020-02-28T06:40:00.000,I 85,I 85 and Sr 400,,Sideswipe-Same Direction,2,Clear,Dry,Dawn
2020-01-14T16:05:00.000,I 85,I 85 and Sr 400,,Sideswipe-Same Direction,2,Rain,Wet,Daylight
2020-12-23T11:37:00.000,I 85,I 85 and Sr 400,,Rear End,4,Clear,Dry,Daylight
2020-01-10T17:54:00.000,I 85,I 85 and Sr 400,,Rear End,2,Cloudy,Dry,Dark-Lighted
2020-11-13T09:30:00.000,I 85,I 85 and Sr 400,,Angle Crash,2,Clear,Dry,Daylight
2020-03-16T12:04:00.000,I 85,I 85 and Sr 400,,Rear End,2,Clear,Dry,Daylight
2020-12-17T19:41:00.000,I 85,I 85 and Sr 400,,Rear End,2,Clear,Dry,Dark-Lighted
2020-02-11T07:10:00.000,I 85,I 85 and Sr 400,,Rear End,2,Rain,Wet,Daylight
2020-09-12T18:53:00.000,I 85,I 85 and Sr 400,,Sideswipe-Same Direction,2,Clear,Dry,Daylight
2020-10-13T17:40:00.000,I 85,I 85 and Sr 400,,Sideswipe-Same Direction,2,Clear,Dry,Daylight
2020-06-28T06:40:00.000,I 85,I 85 and Sr 400,,Rear End,2,Clear,Dry,Daylight
2020-07-15T20:10:00.000,I 85,I 85 and Sr 400,,Rear End,3,Rain,Wet,Daylight
2020-01-29T08:05:00.000,I 85,I 85 and Sr 400,,Rear End,2,Cloudy,Dry,Dawn
2020-06-11T12:12:00.000,I 85,I 85 and Sr 400,,Not a Collision with Motor Vehicle,2,Clear,Dry,Daylight
2020-12-18T19:12:00.000,I 85,I 85 and Sr 400,,Sideswipe-Same Direction,2,Clear,Dry,Dark-Not Lighted
2020-05-31T19:43:00.000,I 85,I 85 and Sr 400,,Sideswipe-Same Direction,2,Clear,Dry,Daylight
2020-10-09T17:36:00.000,I 85,I 85 and Sr 400,,Sideswipe-Same Direction,2,Rain,Wet,Daylight
2020-08-24T14:10:00.000,I 85,I 85 and Sr 400,,Rear End,3,Cloudy,Dry,Daylight
2020-06-26T11:10:00.000,I 85,I 85 and Sr 400,,Not a Collision with Motor Vehicle,1,Clear,Dry,Daylight
2020-07-30T15:08:00.000,I 85,I 85 and Sr 400,,Rear End,2,Clear,Dry,Daylight
2020-10-10T23:00:00.000,I 85,I 85 and Sr 400,,Not a Collision with Motor Vehicle,1,Rain,Wet,Dark-Not Lighted
2020-06-08T13:15:00.000,I 85,I 85 and Sr 400,,Sideswipe-Same Direction,2,Clear,Dry,Daylight
2020-08-14T17:21:00.000,I 85,I 85 and Sr 400,,Rear End,2,Cloudy,Dry,Daylight
2020-01-01T20:29:00.000,I 85,I 85 and Sr 400,,Sideswipe-Same Direction,2,Cloudy,Dry,Dark-Lighted
2020-10-30T17:53:00.000,I 85,I 85 and Sr 400,,Sideswipe-Same Direction,2,Clear,Dry,Daylight
2020-02-08T18:09:00.000,I 85,I 85 and Sr 400,,Sideswipe-Same Direction,2,Cloudy,Dry,Dark-Lighted
2020-11-08T23:43:00.000,I 85,I 85 and Sr 400,,Not a Collision with Motor Vehicle,6,Clear,Dry,Dark-Lighted
2020-02-16T10:58:00.000,I 85,I 85 and Sr 400,,Sideswipe-Same Direction,2,Clear,Dry,Daylight
2020-02-07T07:40:00.000,I 85,I 85 and Sr 400,,Rear End,2,Cloudy,Wet,Daylight
2020-01-27T06:27:00.000,I 85,I 85 and Sr 400,,Rear End,3,Cloudy,Wet,Dark-Lighted
2020-08-23T08:53:00.000,I 85,I 85 and Sr 400,,Sideswipe-Same Direction,3,Clear,Dry,Daylight
2020-08-08T06:29:00.000,I 85,I 85 and Sr 400,,Rear End,2,Clear,Dry,Dawn
2020-09-03T07:53:00.000,I 85,I 85 and Sr 400,,Rear End,2,Clear,Dry,Daylight
2020-06-10T18:20:00.000,I 85,I 85 and Sr 400,,Rear End,2,Rain,Wet,Daylight
2020-02-29T07:31:00.000,I 85,I 85 and Sr 400,,Rear End,3,Clear,Dry,Dark-Lighted
2020-01-19T16:55:00.000,I 85,I 85 and Sr 400,,Rear End,4,Clear,Dry,Daylight
2020-08-26T11:50:00.000,I 85,I 85 and Sr 400,,Sideswipe-Same Direction,2,Clear,Dry,Daylight
2020-12-31T19:03:00.000,I 85,I 85 and Sr 400,,Sideswipe-Same Direction,2,Cloudy,Wet,Dark-Lighted
2020-07-25T21:19:00.000,I 85,I 85 and Sr 400,,Rear End,2,Clear,Dry,Dark-Lighted
2020-06-22T12:30:00.000,I 85,I 85 and Sr 400,,Sideswipe-Same Direction,2,Clear,Dry,Daylight
2020-04-26T13:32:00.000,I 85,I 85 and Sr 400,,Sideswipe-Same Direction,2,Clear,Dry,Daylight
2020-08-12T13:43:00.000,I 85,I 85 and Sr 400,,Rear End,3,Cloudy,Dry,Daylight
2020-07-06T20:16:00.000,I 85,I 85 and Sr 400,,Not a Collision with Motor Vehicle,1,Rain,Wet,Daylight
2020-06-28T02:39:00.000,I 85,I 85 and Sr 400,,Rear End,2,Cloudy,Wet,Dark-Lighted
2020-05-16T13:15:00.000,I 85,I 85 and Sr 400,,Angle Crash,2,Clear,Dry,Daylight
2020-08-25T08:08:00.000,I 85,I 85 and Sr 400,,Not a Collision with Motor Vehicle,1,Cloudy,Wet,Daylight
2020-02-18T06:25:00.000,I 85,I 85 and Sr 400,,Sideswipe-Same Direction,3,Rain,Wet,Daylight
2020-09-17T05:02:00.000,I 85,I 85 and Sr 400,,Angle Crash,1,Rain,Water (standing or moving),(None)
2020-07-09T21:49:00.000,I 85,I 85 and Sr 400,,Rear End,2,Rain,Wet,Dark-Lighted
2020-02-23T14:53:00.000,I 85,I 85 and Sr 400,,Rear End,2,Clear,Dry,Daylight
2020-01-27T14:03:00.000,I 85,I 85 and Sr 400,,Rear End,2,Cloudy,Dry,Daylight
2020-02-10T15:00:00.000,I 85,I 85 and Sr 400,,Sideswipe-Same Direction,2,Rain,Wet,Daylight
2020-11-24T13:48:00.000,I 85,I 85 and Sr 400,,Angle Crash,3,Clear,Dry,Daylight
2020-07-22T17:55:00.000,I 85,I 85 and Sr 400,,Sideswipe-Same Direction,2,Clear,Dry,Daylight
2020-08-24T11:17:00.000,I 85,I 85 and Sr 400,,Angle Crash,2,Rain,Wet,Daylight
2020-09-26T13:51:00.000,I 85,I 85 and Sr 400,,Rear End,2,Clear,Dry,Daylight
2020-06-21T16:25:00.000,I 85,I 85 and Sr 400,,Rear End,2,Cloudy,Dry,Daylight
2020-09-04T17:39:00.000,I 85,I 85 and Sr 400,,Rear End,2,Cloudy,Dry,Daylight
2020-10-11T01:46:00.000,I 85,I 85 and Sr 400,,Not a Collision with Motor Vehicle,1,Rain,Wet,Dark-Lighted
2020-09-18T06:29:00.000,I 85,I 85 and Sr 400,,Not a Collision with Motor Vehicle,1,Clear,Wet,Dusk
2020-05-27T17:24:00.000,I 85,I 85 and Sr 400,,Sideswipe-Same Direction,2,Cloudy,Wet,Daylight
2020-01-11T15:00:00.000,I 85,I 85 and Sr 400,,Rear End,2,Rain,Wet,Daylight
2020-10-30T16:23:00.000,I 85,I 85 and Sr 400,,Sideswipe-Same Direction,2,Clear,Dry,Daylight
2020-02-14T19:00:00.000,I 85,I 85 and Sr 400,,Rear End,2,Clear,Dry,Dark-Lighted
2020-10-09T19:40:00.000,I 85,I 85 and Sr 400,,Rear End,2,Rain,Wet,Dark-Lighted
2020-01-22T12:31:00.000,I 85,I 85 and Sr 400,,Rear End,2,Clear,Dry,Daylight
2020-09-29T11:06:00.000,I 85,I 85 and Sr 400,,Sideswipe-Same Direction,2,Rain,Wet,Daylight
2020-06-25T00:43:00.000,I 85,I 85 and Sr 400,,Angle Crash,1,Rain,Wet,Dark-Lighted
2020-11-29T13:56:00.000,I 85,I 85 and Sr 400,,Sideswipe-Same Direction,2,Rain,Dry,Daylight
2020-11-07T04:15:00.000,I 85,I 85 and Sr 400,,Sideswipe-Same Direction,2,Clear,Dry,Dark-Lighted
2020-02-15T23:37:00.000,I 85,I 85 and Sr 400,,Rear End,3,Clear,Dry,Dark-Lighted
2020-06-04T15:40:00.000,I 85,I 85 and Sr 400,,Sideswipe-Same Direction,2,Clear,Dry,Daylight
2020-08-16T07:28:00.000,I 85,I 85 and Sr 400,,Rear End,2,Clear,Dry,Daylight
2020-10-18T19:34:00.000,I 85,I 85 and Sr 400,,Sideswipe-Same Direction,2,Clear,Dry,Dark-Not Lighted
2020-03-12T10:25:00.000,I 85,I 85 and Sr 400,,Sideswipe-Same Direction,2,Cloudy,Dry,Daylight
2020-11-16T19:09:00.000,I 85,I 85 and Sr 400,,Sideswipe-Same Direction,2,Clear,Dry,Dark-Lighted
2020-03-05T08:05:00.000,I 85,I 85 and Sr 400,,Rear End,2,Rain,Wet,Daylight
2020-08-01T12:51:00.000,I 85,I 85 and Sr 400,,Sideswipe-Same Direction,2,Clear,Dry,Daylight
2020-08-14T17:21:00.000,I 85,I 85 and Sr 400,,Rear End,3,Rain,Wet,Daylight
2020-10-16T14:59:00.000,I 85,I 85 and Sr 400,,Rear End,2,Clear,Dry,Daylight
2021-01-18T02:35:00.000,I 85,I 85 and Sr 400,,Sideswipe-Same Direction,2,Clear,Dry,Dark-Lighted
2021-02-19T08:00:00.000,I 85,I 85 and Sr 400,,Sideswipe-Same Direction,2,Clear,Dry,Daylight
2021-03-13T15:49:00.000,I 85,I 85 and Sr 400,,Angle Crash,3,Clear,Dry,Daylight
2021-05-26T19:15:00.000,I 85,I 85 and Sr 400,,Sideswipe-Same Direction,2,Clear,Dry,Daylight
2021-06-17T08:00:00.000,I 85,I 85 and Sr 400,,Sideswipe-Same Direction,2,Clear,Dry,Daylight
2021-04-20T11:00:00.000,I 85,I 85 and Sr 400,,Sideswipe-Same Direction,2,Cloudy,Dry,Daylight
2021-05-17T16:15:00.000,I 85,I 85 and Sr 400,,Rear End,2,Cloudy,Dry,Daylight
2021-01-28T18:45:00.000,I 85,I 85 and Sr 400,,Sideswipe-Same Direction,2,Clear,Dry,Dark-Lighted
2021-04-12T17:35:00.000,I 85,I 85 and Sr 400,,Rear End,2,Clear,Dry,Daylight
2021-06-10T13:57:00.000,I 85,I 85 and Sr 400,,Rear End,2,Cloudy,Dry,Daylight
2021-01-12T01:16:00.000,I 85,I 85 and Sr 400,,Rear End,2,Rain,Wet,Dark-Lighted
2021-06-30T15:10:00.000,I 85,I 85 and Sr 400,,Sideswipe-Same Direction,2,Clear,Dry,Daylight
2021-02-25T16:20:00.000,I 85,I 85 and Sr 400,,Rear End,2,Clear,Dry,Daylight
2021-03-14T12:04:00.000,I 85,I 85 and Sr 400,,Sideswipe-Same Direction,2,Clear,Dry,Daylight
2021-02-18T05:47:00.000,I 85,I 85 and Sr 400,,Not a Collision with Motor Vehicle,1,Rain,Wet,Dark-Not Lighted
2021-02-21T06:23:00.000,I 85,I 85 and Sr 400,,Angle Crash,2,Cloudy,Dry,Dark-Lighted
2021-02-10T12:45:00.000,I 85,I 85 and Sr 400,,Angle Crash,2,Clear,Dry,Daylight
2021-06-08T11:50:00.000,I 85,I 85 and Sr 400,,Sideswipe-Same Direction,3,Clear,Dry,Daylight
2021-03-06T09:21:00.000,I 85,I 85 and Sr 400,,Sideswipe-Same Direction,3,Cloudy,Dry,Daylight
2021-05-03T11:39:00.000,I 85,I 85 and Sr 400,,Rear End,2,Rain,Wet,Daylight
2021-03-25T15:59:00.000,I 85,I 85 and Sr 400,,Rear End,2,Cloudy,Wet,Daylight
2021-02-13T01:13:00.000,I 85,I 85 and Sr 400,,Not a Collision with Motor Vehicle,1,Rain,Wet,Dark-Lighted
2021-03-25T14:52:00.000,I 85,I 85 and Sr 400,,Rear End,2,Cloudy,Dry,Daylight
2021-10-19T16:50:00.000,I 85,I 85 and Sr 400,,Rear End,2,Clear,Dry,Daylight
2021-09-10T06:25:00.000,I 85,I 85 and Sr 400,,Sideswipe-Same Direction,2,Clear,Dry,Dark-Lighted
2021-07-02T08:00:00.000,I 85,I 85 and Sr 400,,Rear End,2,Rain,Wet,Daylight
2021-12-30T14:46:00.000,I 85,I 85 and Sr 400,,Sideswipe-Same Direction,2,Rain,Wet,Daylight
2021-12-17T21:11:00.000,I 85,I 85 and Sr 400,,Sideswipe-Same Direction,2,Clear,Dry,Dark-Lighted
2021-12-29T15:50:00.000,I 85,I 85 and Sr 400,,Rear End,2,Cloudy,Wet,Daylight
2021-07-06T08:56:00.000,I 85,I 85 and Sr 400,,Rear End,2,Cloudy,Wet,Daylight
2021-08-25T18:04:00.000,I 85,I 85 and Sr 400,,Rear End,2,Rain,Wet,Daylight
2021-10-01T11:08:00.000,I 85,I 85 and Sr 400,,Sideswipe-Same Direction,2,Cloudy,Dry,Daylight
2021-10-28T09:09:00.000,I 85,I 85 and Sr 400,,Rear End,2,Rain,Wet,Daylight
2021-10-14T07:45:00.000,I 85,I 85 and Sr 400,,Rear End,3,Clear,Dry,Daylight
2021-09-16T10:00:00.000,I 85,I 85 and Sr 400,,Rear End,2,Rain,Wet,Daylight
2021-08-19T18:05:00.000,I 85,I 85 and Sr 400,,Rear End,2,Cloudy,Wet,Daylight
2021-12-10T15:18:00.000,I 85,I 85 and Sr 400,,Rear End,2,Cloudy,Wet,Daylight
2021-09-16T07:40:00.000,I 85,I 85 and Sr 400,,Rear End,2,Rain,Dry,Daylight
2021-08-03T18:30:00.000,I 85,I 85 and Sr 400,,Sideswipe-Same Direction,2,Rain,Wet,Daylight
2021-10-01T07:37:00.000,I 85,I 85 and Sr 400,,Sideswipe-Same Direction,2,Clear,Dry,Daylight
2021-10-21T10:55:00.000,I 85,I 85 and Sr 400,,Rear End,2,Cloudy,Wet,Daylight
2021-12-06T07:25:00.000,I 85,I 85 and Sr 400,,Rear End,2,Cloudy,Dry,Daylight
2021-11-01T10:42:00.000,I 85,I 85 and Sr 400,,Rear End,2,Cloudy,Dry,Daylight
2021-12-13T14:13:00.000,I 85,I 85 and Sr 400,,Rear End,3,Clear,Dry,Daylight
2021-09-23T13:20:00.000,I 85,I 85 and Sr 400,,Rear End,3,Clear,Dry,Daylight
2021-07-27T17:43:00.000,I 85,I 85 and Sr 400,,Rear End,2,Rain,Wet,Daylight
2021-11-24T15:20:00.000,I 85,I 85 and Sr 400,,Sideswipe-Same Direction,2,Clear,Dry,Daylight
2021-10-22T17:43:00.000,I 85,I 85 and Sr 400,,Rear End,2,Clear,Dry,Daylight
2021-11-12T08:40:00.000,I 85,I 85 and Sr 400,,Rear End,2,Clear,Dry,Daylight
2022-07-21T18:35:00.000,I 85,I 85 and Sr 400,,Sideswipe-Same Direction,2,Cloudy,Dry,Daylight
2022-10-27T19:16:00.000,I 85,I 85 and Sr 400,,Rear End,2,Clear,Dry,Daylight
2022-02-04T09:17:00.000,I 85,I 85 and Sr 400,,Sideswipe-Same Direction,2,Rain,Wet,Daylight
2022-03-28T13:50:00.000,I 85,I 85 and Sr 400,,Sideswipe-Same Direction,2,Clear,Dry,Daylight
2022-01-10T17:23:00.000,I 85,I 85 and Sr 400,,Rear End,2,Clear,Dry,Daylight
2022-11-10T19:17:00.000,I 85,I 85 and Sr 400,,Rear End,2,Cloudy,Wet,Daylight
2022-02-14T15:52:00.000,I 85,I 85 and Sr 400,,Sideswipe-Same Direction,2,Clear,Dry,Daylight
2022-11-14T06:40:00.000,I 85,I 85 and Sr 400,,Rear End,2,Clear,Dry,Daylight
2022-07-24T01:33:00.000,I 85,I 85 and Sr 400,,Sideswipe-Same Direction,2,Clear,Dry,Dark-Lighted
2022-06-27T07:42:00.000,I 85,I 85 and Sr 400,,Sideswipe-Same Direction,2,Clear,Dry,Daylight
2022-09-22T11:35:00.000,I 85,I 85 and Sr 400,,Sideswipe-Same Direction,2,Clear,Dry,Daylight
2021-12-21T12:05:00.000,I 85,I 85 and Sr 400,,Rear End,2,Rain,Wet,Daylight
2021-09-16T19:30:00.000,I 85,I 85 and Sr 400,,Rear End,2,Cloudy,Wet,Dark-Lighted
2021-08-19T13:50:00.000,I 85,I 85 and Sr 400,,Sideswipe-Same Direction,2,Rain,Wet,Daylight
2021-07-22T16:34:00.000,I 85,I 85 and Sr 400,,Rear End,2,Clear,Dry,Daylight