Date and Time,Roadway (From Crash Report),Intersection Name (from Crash Report),KABCO Severity,Manner of Collision (Crash Level) ,# of Vehicles per crash ,Weather Conditions (Crash Level),Surface Condition (Crash Level) ,Light Conditions (Crash Level)
2024-08-06T11:38:00.000,I 85,I 85 and Sr 400,,Sideswipe-Same Direction,2,Clear,Dry,Daylight
2024-06-27T17:21:00.000,I 85,I 85 and Sr 400,,Sideswipe-Same Direction,2,Rain,Wet,Daylight
2024-02-23T13:36:00.000,I 85,I 85 and Sr 400,,Rear End,2,Clear,Dry,Daylight
2024-01-25T10:52:00.000,I 85,I 85 and Sr 400,,Rear End,2,Clear,Dry,Daylight
2024-12-17T15:55:00.000,I 85,I 85 and Sr 400,,Sideswipe-Same Direction,2,Clear,Dry,Daylight
2024-09-05T15:17:00.000,I 85,I 85 and Sr 400,,Rear End,2,Cloudy,Dry,Daylight
2024-09-12T12:41:00.000,I 85,I 85 and Sr 400,,Rear End,2,Rain,Wet,Daylight
2024-07-09T15:50:00.000,I 85,I 85 and Sr 400,,Rear End,2,Clear,Dry,Daylight
2024-12-05T17:07:00.000,I 85,I 85 and Sr 400,,Sideswipe-Same Direction,2,Clear,Dry,Daylight
2024-11-04T18:26:00.000,I 85,I 85 and Sr 400,,Rear End,2,Clear,Dry,Dark-Not Lighted
2024-03-15T16:32:00.000,I 85,I 85 and Sr 400,,Rear End,2,Clear,Dry,Daylight
2024-03-07T14:50:00.000,I 85,I 85 and Sr 400,,Sideswipe-Same Direction,2,Clear,Dry,Daylight
2024-10-31T18:17:00.000,I 85,I 85 and Sr 400,,Rear End,2,Clear,Dry,Daylight
2024-08-06T07:30:00.000,I 85,I 85 and Sr 400,,Rear End,2,Cloudy,Dry,Daylight
2024-06-11T18:36:00.000,I 85,I 85 and Sr 400,,Rear End,2,Clear,Dry,Daylight
2024-02-15T09:36:00.000,I 85,I 85 and Sr 400,,Sideswipe-Same Direction,2,Clear,Dry,Daylight
2024-01-08T10:00:00.000,I 85,I 85 and Sr 400,,Rear End,2,Cloudy,Dry,Daylight
2024-09-12T12:50:00.000,I 85,I 85 and Sr 400,,Rear End,2,Rain,Wet,Daylight
2024-09-06T19:12:00.000,I 85,I 85 and Sr 400,,Rear End,2,Rain,Wet,Daylight
2024-06-27T16:25:00.000,I 85,I 85 and Sr 400,,Rear End,2,Cloudy,Dry,Daylight
2024-07-08T09:56:00.000,I 85,I 85 and Sr 400,,Sideswipe-Same Direction,2,Clear,Dry,Daylight
2024-02-01T15:23:00.000,I 85,I 85 and Sr 400,,Rear End,2,Cloudy,Dry,Daylight
2024-09-05T18:46:00.000,I 85,I 85 and Sr 400,,Rear End,2,Clear,Dry,Daylight
2024-02-02T19:55:00.000,I 85,I 85 and Sr 400,,Rear End,2,Clear,Dry,Dark-Not Lighted
2024-12-12T08:00:00.000,I 85,I 85 and Sr 400,,Rear End,2,Clear,Dry,Daylight
2024-10-08T09:00:00.000,I 85,I 85 and Sr 400,,Sideswipe-Same Direction,2,Clear,Dry,Daylight
2024-11-05T13:48:00.000,I 85,I 85 and Sr 400,,Rear End,3,Clear,Dry,Daylight
2024-06-13T13:00:00.000,I 85,I 85 and Sr 400,,Sideswipe-Same Direction,2,Clear,Dry,Daylight
2024-10-03T11:53:00.000,I 85,I 85 and Sr 400,,Rear End,2,Clear,Dry,Daylight
2024-10-03T08:42:00.000,I 85,I 85 and Sr 400,,Sideswipe-Same Direction,2,Clear,Dry,Daylight
2024-10-01T14:12:00.000,I 85,I 85 and Sr 400,,Rear End,2,Cloudy,Dry,Daylight
2021-02-22T13:36:00.000,I 85,I 85 and Sr 378,,Rear End,2,Cloudy,Wet,Daylight
2021-03-05T13:34:00.000,I 85,I 85 and Sr 378,,Not a Collision with Motor Vehicle,2,Clear,Dry,Daylight
2021-06-15T15:20:00.000,I 85,I 85 and Sr 378,,Rear End,2,Clear,Dry,Daylight
2021-04-20T18:23:00.000,I 85,I 85 and Sr 378,,Rear End,2,Clear,Dry,Daylight
2021-04-13T15:30:00.000,I 85,I 85 and Sr 378,,Rear End,3,Cloudy,Dry,Daylight
2021-04-14T08:40:00.000,I 85,I 85 and Sr 378,,Sideswipe-Same Direction,2,Clear,Dry,Daylight
2021-06-04T10:22:00.000,I 85,I 85 and Sr 378,,Rear End,4,Cloudy,Dry,Daylight
2021-11-03T12:10:00.000,I 85,I 85 and Sr 378,,Rear End,2,Clear,Dry,Daylight
2021-09-03T11:52:00.000,I 85,I 85 and Sr 378,,Sideswipe-Same Direction,3,Clear,Dry,Daylight
2021-12-10T18:47:00.000,I 85,I 85 and Sr 378,,Rear End,2,Rain,Wet,Dark-Lighted
2021-10-31T17:10:00.000,I 85,I 85 and Sr 378,,Sideswipe-Same Direction,2,Cloudy,Dry,Daylight
2021-12-23T19:16:00.000,I 85,I 85 and Sr 378,,Rear End,2,Clear,Dry,Daylight
2021-04-23T14:02:00.000,I 85,I 85 and Sr 378,,Sideswipe-Same Direction,2,Clear,Dry,Daylight
2021-06-17T14:54:00.000,I 85,I 85 and Sr 378,,Sideswipe-Same Direction,2,Clear,Dry,Daylight
2021-06-29T20:35:00.000,I 85,I 85 and Sr 378,,Sideswipe-Same Direction,2,Cloudy,Dry,Dusk
2021-03-31T21:42:00.000,I 85,I 85 and Sr 378,,Angle Crash,2,Clear,Dry,Dark-Lighted
2021-05-13T13:35:00.000,I 85,I 85 and Sr 378,,Rear End,2,Clear,Dry,Daylight
2021-06-10T13:18:00.000,I 85,I 85 and Sr 378,,Sideswipe-Same Direction,3,Clear,Dry,Daylight
2021-03-31T12:05:00.000,I 85,I 85 and Sr 378,,Rear End,2,Rain,Wet,Daylight
2021-03-11T15:51:00.000,I 85,I 85 and Sr 378,,Sideswipe-Same Direction,2,Clear,Dry,Daylight
2021-06-11T15:10:00.000,I 85,I 85 and Sr 378,,Rear End,2,Rain,Wet,Daylight
2021-04-08T06:36:00.000,I 85,I 85 and Sr 378,,Rear End,2,Cloudy,Dry,Daylight
2021-06-25T13:50:00.000,I 85,I 85 and Sr 378,,Rear End,2,Clear,Dry,Daylight
2021-05-22T18:45:00.000,I 85,I 85 and Sr 378,,Sideswipe-Same Direction,2,Cloudy,Dry,Daylight
2021-06-09T16:45:00.000,I 85,I 85 and Sr 378,,Rear End,2,Clear,Dry,Daylight
2021-01-08T06:38:00.000,I 85,I 85 and Sr 378,,Sideswipe-Same Direction,2,Cloudy,Wet,Dark-Lighted
2021-03-11T16:24:00.000,I 85,I 85 and Sr 378,,Rear End,5,Clear,Dry,Daylight
2021-08-17T16:35:00.000,I 85,I 85 and Sr 378,,Rear End,2,Clear,Dry,Daylight
2021-12-21T13:41:00.000,I 85,I 85 and Sr 378,,Rear End,3,Rain,Wet,Daylight
2021-07-14T15:33:00.000,I 85,I 85 and Sr 378,,Sideswipe-Same Direction,2,Clear,Dry,Daylight
2021-08-07T03:10:00.000,I 85,I 85 and Sr 378,,Sideswipe-Same Direction,2,Clear,Dry,Dark-Not Lighted
2021-10-19T12:17:00.000,I 85,I 85 and Sr 378,,Rear End,2,Clear,Dry,Daylight
2021-07-14T14:33:00.000,I 85,I 85 and Sr 378,,Rear End,2,Clear,Dry,Daylight
2021-04-10T17:11:00.000,I 85,I 85 and Sr 378,,Rear End,2,Clear,Wet,Daylight
2021-06-02T17:46:00.000,I 85,I 85 and Sr 378,,Rear End,2,Cloudy,Dry,Daylight
2021-06-10T13:00:00.000,I 85,I 85 and Sr 378,,Rear End,2,Clear,Wet,Daylight
2021-08-06T16:28:00.000,I 85,I 85 and Sr 378,,Rear End,2,Clear,Dry,Daylight
2021-08-06T16:32:00.000,I 85,I 85 and Sr 378,,Rear End,2,Clear,Dry,Daylight
2021-09-16T10:18:00.000,I 85,I 85 and Sr 378,,Rear End,2,Rain,Wet,Daylight
2021-04-09T17:58:00.000,I 85,I 85 and Sr 378,,Not a Collision with Motor Vehicle,1,Cloudy,Dry,Daylight
2021-04-25T04:29:00.000,I 85,I 85 and Sr 378,,Rear End,2,Cloudy,Wet,Dark-Lighted
2021-01-28T16:40:00.000,I 85,I 85 and Sr 378,,Not a Collision with Motor Vehicle,1,Clear,Dry,Daylight
2021-02-25T13:13:00.000,I 85,I 85 and Sr 378,,Rear End,2,Clear,Dry,Daylight
2021-06-03T09:19:00.000,I 85,I 85 and Sr 378,,Rear End,2,Cloudy,Dry,Daylight
2021-03-10T13:48:00.000,I 85,I 85 and Sr 378,,Sideswipe-Same Direction,2,Clear,Dry,Daylight
2021-05-11T15:22:00.000,I 85,I 85 and Sr 378,,Sideswipe-Same Direction,2,Clear,Dry,Daylight
2021-09-21T13:10:00.000,I 85,I 85 and Sr 378,,Angle Crash,2,Clear,Dry,Daylight
2021-09-30T13:52:00.000,I 85,I 85 and Sr 378,,Not a Collision with Motor Vehicle,1,Cloudy,Dry,Daylight
2021-10-04T12:35:00.000,I 85,I 85 and Sr 378,,Rear End,2,Cloudy,Dry,Daylight
2021-07-12T15:00:00.000,I 85,I 85 and Sr 378,,Rear End,2,Rain,Wet,Daylight
2021-10-27T08:03:00.000,I 85,I 85 and Sr 378,,Rear End,3,Clear,Dry,Daylight
2021-08-20T08:26:00.000,I 85,I 85 and Sr 378,,Rear End,2,Clear,Dry,Daylight
2021-11-09T15:40:00.000,I 85,I 85 and Sr 378,,Sideswipe-Same Direction,2,Clear,Dry,Daylight
2021-07-07T06:53:00.000,I 85,I 85 and Sr 378,,Rear End,2,Clear,Dry,Daylight
2021-12-03T06:30:00.000,I 85,I 85 and Sr 378,,Rear End,2,Clear,Dry,Dark-Lighted
2021-01-21T09:15:00.000,I 85,I 85 and Sr 378,,Rear End,2,Rain,Wet,Daylight
2021-02-25T07:05:00.000,I 85,I 85 and Sr 378,,Rear End,2,Clear,Dry,Daylight
2021-03-30T17:01:00.000,I 85,I 85 and Sr 378,,Rear End,2,Clear,Dry,Daylight
2021-02-22T13:36:00.000,I 85,I 85 and Sr 378,,Rear End,2,Clear,Wet,Daylight
2021-01-28T17:20:00.000,I 85,I 85 and Sr 378,,Rear End,2,Clear,Dry,Daylight
2020-07-20T16:17:00.000,I 85,I 85 and Sr 378,,Rear End,3,Clear,Dry,Daylight
2020-06-26T09:36:00.000,I 85,I 85 and Sr 378,,Rear End,2,Clear,Dry,Daylight
2020-06-08T16:30:00.000,I 85,I 85 and Sr 378,,Rear End,3,Clear,Dry,Daylight
2023-05-25T15:35:00.000,I 85,I 85 and Sr 378,,Rear End,2,Clear,Dry,Daylight
2023-06-08T08:13:00.000,I 85,I 85 and Sr 378,,Rear End,2,Cloudy,Dry,Daylight
2023-09-27T13:32:00.000,I 85,I 85 and Sr 378,,Sideswipe-Same Direction,2,Cloudy,Dry,Daylight
2023-06-19T13:50:00.000,I 85,I 85 and Sr 378,,Rear End,3,Clear,Dry,Daylight
2023-06-13T07:45:00.000,I 85,I 85 and Sr 378,,Sideswipe-Same Direction,2,Clear,Dry,Daylight
2023-12-15T16:40:00.000,I 85,I 85 and Sr 378,,Rear End,3,Clear,Dry,Daylight
2023-01-27T19:15:00.000,I 85,I 85 and Sr 378,,Rear End,2,Clear,Dry,Dark-Lighted
2023-06-22T15:38:00.000,I 85,I 85 and Sr 378,,Rear End,2,Clear,Dry,Daylight
2023-06-13T10:52:00.000,I 85,I 85 and Sr 378,,Sideswipe-Same Direction,2,Clear,Dry,Daylight
2023-05-19T06:14:00.000,I 85,I 85 and Sr 378,,Rear End,2,Cloudy,Dry,Daylight
2023-08-10T16:35:00.000,I 85,I 85 and Sr 378,,Rear End,2,Clear,Dry,Daylight
2023-05-16T07:05:00.000,I 85,I 85 and Sr 378,,Rear End,2,Clear,Dry,Daylight
2023-09-28T13:33:00.000,I 85,I 85 and Sr 378,,Not a Collision with Motor Vehicle,2,Clear,Dry,Daylight
2023-01-23T12:10:00.000,I 85,I 85 and Sr 378,,Sideswipe-Same Direction,2,Cloudy,Dry,Daylight
2023-08-28T06:44:00.000,I 85,I 85 and Sr 378,,Rear End,2,Rain,Wet,Daylight
2023-05-22T11:18:00.000,I 85,I 85 and Sr 378,,Rear End,3,Cloudy,Dry,Daylight
2023-05-30T14:01:00.000,I 85,I 85 and Sr 378,,Rear End,2,Clear,Dry,Daylight
2023-08-03T07:23:00.000,I 85,I 85 and Sr 378,,Rear End,3,Clear,Dry,Daylight
2023-01-20T09:10:00.000,I 85,I 85 and Sr 378,,Rear End,2,Clear,Dry,Daylight
2022-12-16T09:05:00.000,I 85,I 85 and Sr 378,,Rear End,3,Clear,Dry,Daylight
2022-06-24T09:12:00.000,I 85,I 85 and Sr 378,,Rear End,3,Clear,Dry,Daylight
2022-03-24T14:00:00.000,I 85,I 85 and Sr 378,,Not a Collision with Motor Vehicle,1,Clear,Dry,Daylight
2023-03-30T09:15:00.000,I 85,I 85 and Sr 378,,Sideswipe-Same Direction,2,Clear,Dry,Daylight
2021-03-20T16:30:00.000,I 85,I 85 and Sr 378,,Rear End,2,Cloudy,Dry,Daylight
2020-07-31T16:38:00.000,I 85,I 85 and Sr 378,,Rear End,2,Clear,Dry,Daylight
2020-02-27T20:15:00.000,I 85,I 85 and Sr 378,,Not a Collision with Motor Vehicle,1,Cloudy,Dry,Dark-Not Lighted
2020-09-28T13:40:00.000,I 85,I 85 and Sr 378,,Sideswipe-Same Direction,2,Clear,Dry,Daylight
2020-11-23T17:30:00.000,I 85,I 85 and Sr 378,,Sideswipe-Same Direction,4,Clear,Dry,Dark-Lighted
2020-02-26T08:30:00.000,I 85,I 85 and Sr 378,,Sideswipe-Same Direction,2,Clear,Dry,Daylight
2020-02-19T06:15:00.000,I 85,I 85 and Sr 378,,Rear End,2,Cloudy,Wet,Dark-Lighted
2020-03-09T06:20:00.000,I 85,I 85 and Sr 378,,Sideswipe-Same Direction,2,Clear,Dry,Dark-Lighted
2020-10-30T18:15:00.000,I 85,I 85 and Sr 378,,Sideswipe-Same Direction,3,Clear,Dry,Daylight
2020-09-21T19:25:00.000,I 85,I 85 and Sr 378,,Rear End,2,Clear,Dry,Dark-Lighted
2020-11-10T06:10:00.000,I 85,I 85 and Sr 378,,Not a Collision with Motor Vehicle,1,Clear,Wet,Daylight
2020-02-13T12:40:00.000,I 85,I 85 and Sr 378,,Rear End,5,Clear,Wet,Daylight
2020-11-02T11:06:00.000,I 85,I 85 and Sr 378,,Rear End,2,Clear,Dry,Daylight
2020-12-23T16:05:00.000,I 85,I 85 and Sr 378,,Rear End,2,Clear,Dry,Daylight
2020-12-24T16:45:00.000,I 85,I 85 and Sr 378,,Rear End,2,Sleet,Wet,Daylight
2020-01-04T06:26:00.000,I 85,I 85 and Sr 378,,Angle Crash,2,Rain,Wet,Dark-Lighted
2020-10-19T18:03:00.000,I 85,I 85 and Sr 378,,Rear End,2,Clear,Dry,Daylight
2020-03-18T09:25:00.000,I 85,I 85 and Sr 378,,Sideswipe-Same Direction,2,Clear,Dry,Daylight
2020-10-23T17:00:00.000,I 85,I 85 and Sr 378,,Rear End,2,Cloudy,Dry,Daylight
2020-07-16T10:53:00.000,I 85,I 85 and Sr 378,,Sideswipe-Same Direction,2,Clear,Dry,Daylight
2020-07-08T16:37:00.000,I 85,I 85 and Sr 378,,Sideswipe-Same Direction,2,Clear,Dry,Daylight
2020-08-11T16:14:00.000,I 85,I 85 and Sr 378,,Rear End,2,Clear,Dry,Daylight
2020-10-16T16:24:00.000,I 85,I 85 and Sr 378,,Rear End,2,Clear,Dry,Daylight
2020-01-29T07:02:00.000,I 85,I 85 and Sr 378,,Rear End,2,Clear,Dry,Daylight
2020-03-05T14:30:00.000,I 85,I 85 and Sr 378,,Rear End,2,Rain,Wet,Daylight
2020-11-08T01:00:00.000,I 85,I 85 and Sr 378,,Rear End,2,Clear,Dry,Dark-Lighted
2020-08-08T11:11:00.000,I 85,I 85 and Sr 378,,Not a Collision with Motor Vehicle,1,Clear,Dry,Daylight
2020-08-29T12:40:00.000,I 85,I 85 and Sr 378,,Rear End,3,Cloudy,Dry,Daylight
2020-09-14T16:21:00.000,I 85,I 85 and Sr 378,,Not a Collision with Motor Vehicle,2,Clear,Dry,Daylight
2020-07-30T17:00:00.000,I 85,I 85 and Sr 378,,Rear End,2,Clear,Dry,Daylight
2020-07-02T14:20:00.000,I 85,I 85 and Sr 378,,Sideswipe-Same Direction,2,Clear,Dry,Daylight
2020-05-27T13:00:00.000,I 85,I 85 and Sr 378,,Rear End,3,Rain,Wet,Daylight
2020-12-15T08:55:00.000,I 85,I 85 and Sr 378,,Sideswipe-Same Direction,2,Clear,Dry,Daylight
2020-11-10T06:37:00.000,I 85,I 85 and Sr 378,,Sideswipe-Same Direction,2,Clear,Dry,Daylight
2020-10-26T08:00:00.000,I 85,I 85 and Sr 378,,Not a Collision with Motor Vehicle,2,Cloudy,Dry,Daylight
2020-02-27T15:52:00.000,I 85,I 85 and Sr 378,,Sideswipe-Same Direction,2,Clear,Dry,Daylight
2020-10-23T17:43:00.000,I 85,I 85 and Sr 378,,Sideswipe-Same Direction,2,Clear,Dry,Daylight
2020-01-15T14:15:00.000,I 85,I 85 and Sr 378,,Sideswipe-Same Direction,2,Clear,Dry,Daylight
2020-12-08T08:45:00.000,I 85,I 85 and Sr 378,,Sideswipe-Same Direction,2,Clear,Dry,Daylight
2020-12-23T16:05:00.000,I 85,I 85 and Sr 378,,Rear End,2,Clear,Dry,Daylight
2020-06-10T15:40:00.000,I 85,I 85 and Sr 378,,Rear End,2,Clear,Dry,Daylight
2020-08-12T15:18:00.000,I 85,I 85 and Sr 378,,Rear End,3,Clear,Dry,Daylight
2020-01-27T10:30:00.000,I 85,I 85 and Sr 378,,Rear End,2,Cloudy,Wet,Daylight
2020-09-18T09:45:00.000,I 85,I 85 and Sr 378,,Rear End,2,Clear,Dry,Daylight
2020-10-27T16:55:00.000,I 85,I 85 and Sr 378,,Head On,2,Cloudy,Dry,Daylight
2020-12-03T18:30:00.000,I 85,I 85 and Sr 378,,Rear End,2,Clear,Dry,Dark-Lighted
2020-07-10T15:52:00.000,I 85,I 85 and Sr 378,,Not a Collision with Motor Vehicle,2,Clear,Dry,Daylight
2020-06-16T08:03:00.000,I 85,I 85 and Sr 378,,Not a Collision with Motor Vehicle,2,Clear,Dry,Daylight
2020-09-14T16:22:00.000,I 85,I 85 and Sr 378,,Not a Collision with Motor Vehicle,2,Clear,Dry,Daylight
2020-12-18T11:06:00.000,I 85,I 85 and Sr 378,,Rear End,5,Clear,Dry,Daylight
2020-11-20T15:28:00.000,I 85,I 85 and Sr 378,,Rear End,2,Clear,Dry,Daylight
2020-12-21T18:17:00.000,I 85,I 85 and Sr 378,,Rear End,2,Clear,Dry,Dark-Lighted
2020-08-25T12:09:00.000,I 85,I 85 and Sr 378,,Rear End,4,Rain,Wet,Daylight
2020-01-16T10:25:00.000,I 85,I 85 and Sr 378,,Sideswipe-Same Direction,2,Clear,Dry,Daylight
2020-12-13T21:30:00.000,I 85,I 85 and Sr 378,,Not a Collision with Motor Vehicle,1,Rain,Wet,Dark-Lighted
2020-03-13T18:02:00.000,I 85,I 85 and Sr 378,,Rear End,2,Clear,Dry,Daylight
2020-05-20T16:03:00.000,I 85,I 85 and Sr 378,,Rear End,2,Cloudy,Dry,Daylight
2020-02-20T11:50:00.000,I 85,I 85 and Sr 378,,Sideswipe-Same Direction,2,Rain,Wet,Daylight
2020-01-27T23:30:00.000,I 85,I 85 and Sr 378,,Angle Crash,2,Clear,Dry,Dark-Lighted
2020-08-31T08:34:00.000,I 85,I 85 and Sr 378,,Sideswipe-Same Direction,2,Cloudy,Wet,Daylight
2020-09-14T16:20:00.000,I 85,I 85 and Sr 378,,Not a Collision with Motor Vehicle,2,Clear,Dry,Daylight
2020-07-10T16:25:00.000,I 85,I 85 and Sr 378,,Rear End,2,Clear,Dry,Daylight
2020-05-27T13:00:00.000,I 85,I 85 and Sr 378,,Sideswipe-Same Direction,2,Rain,Wet,Daylight
2020-04-15T14:56:00.000,I 85,I 85 and Sr 378,,Rear End,2,Clear,Dry,Daylight
2020-01-30T15:16:00.000,I 85,I 85 and Sr 378,,Rear End,2,Clear,Dry,Daylight
2020-11-05T11:23:00.000,I 85,I 85 and Sr 378,,Sideswipe-Same Direction,4,Clear,Dry,Daylight
2020-07-14T19:00:00.000,I 85,I 85 and Sr 378,,Not a Collision with Motor Vehicle,1,Clear,Dry,Daylight
2020-11-05T16:22:00.000,I 85,I 85 and Sr 378,,Rear End,2,Cloudy,Dry,Daylight
2020-10-27T16:59:00.000,I 85,I 85 and Sr 378,,Sideswipe-Same Direction,3,Clear,Dry,Daylight
2020-10-20T09:00:00.000,I 85,I 85 and Sr 378,,Rear End,3,Clear,Dry,Daylight
2020-09-14T16:19:00.000,I 85,I 85 and Sr 378,,Not a Collision with Motor Vehicle,2,Clear,Dry,Daylight
2020-10-27T17:00:00.000,I 85,I 85 and Sr 378,,Sideswipe-Same Direction,2,Cloudy,Dry,Daylight
2020-03-19T08:10:00.000,I 85,I 85 and Sr 378,,Not a Collision with Motor Vehicle,1,Fog,Dry,Daylight
2020-09-15T10:30:00.000,I 85,I 85 and Sr 378,,Rear End,2,Cloudy,Wet,Daylight
2020-10-20T06:00:00.000,I 85,I 85 and Sr 378,,Sideswipe-Same Direction,2,Clear,Dry,Dark-Lighted
2020-11-11T18:25:00.000,I 85,I 85 and Sr 378,,Rear End,3,Cloudy,Wet,Dark-Lighted
2020-02-13T07:17:00.000,I 85,I 85 and Sr 378,,Rear End,3,Rain,Wet,Daylight
2020-07-21T10:30:00.000,I 85,I 85 and Sr 378,,Not a Collision with Motor Vehicle,1,Clear,Dry,Daylight
2020-09-22T12:10:00.000,I 85,I 85 and Sr 378,,Sideswipe-Same Direction,2,Clear,Dry,Daylight
2020-08-07T13:32:00.000,I 85,I 85 and Sr 378,,Sideswipe-Same Direction,2,Clear,Dry,Daylight
2020-05-15T12:50:00.000,I 85,I 85 and Sr 378,,Rear End,2,Cloudy,Dry,Daylight
2020-10-01T17:30:00.000,I 85,I 85 and Sr 378,,Rear End,3,Clear,Dry,Daylight
2020-01-12T10:12:00.000,I 85,I 85 and Sr 378,,Sideswipe-Same Direction,2,Clear,Dry,Daylight
2021-01-23T17:39:00.000,I 85,I 85 and Sr 378,,Rear End,2,Clear,Dry,Daylight
2021-06-10T10:00:00.000,I 85,I 85 and Sr 378,,Rear End,3,Clear,Dry,Daylight
2021-03-12T09:05:00.000,I 85,I 85 and Sr 378,,Sideswipe-Same Direction,2,Clear,Dry,Daylight
2021-04-25T04:29:00.000,I 85,I 85 and Sr 378,,Head On,1,Cloudy,Wet,Dark-Lighted
2021-03-20T16:30:00.000,I 85,I 85 and Sr 378,,Rear End,2,Cloudy,Dry,Daylight
2021-05-21T08:54:00.000,I 85,I 85 and Sr 378,,Rear End,2,Clear,Dry,Daylight
2021-05-22T04:05:00.000,I 85,I 85 and Sr 378,,Rear End,2,Cloudy,Dry,Dark-Not Lighted
2021-04-16T14:52:00.000,I 85,I 85 and Sr 378,,Rear End,3,Clear,Dry,Daylight
2021-04-20T18:34:00.000,I 85,I 85 and Sr 378,,Sideswipe-Same Direction,2,Clear,Dry,Daylight
2021-01-18T16:27:00.000,I 85,I 85 and Sr 378,,Sideswipe-Same Direction,3,Clear,Dry,Daylight
2021-06-18T21:22:00.000,I 85,I 85 and Sr 378,,Sideswipe-Same Direction,2,Clear,Dry,Dark-Lighted
2021-06-03T13:00:00.000,I 85,I 85 and Sr 378,,Rear End,2,Cloudy,Dry,Daylight
2021-06-14T18:00:00.000,I 85,I 85 and Sr 378,,Rear End,2,Cloudy,Dry,Daylight
2021-03-09T15:50:00.000,I 85,I 85 and Sr 378,,Rear End,2,Clear,Dry,Daylight
2021-02-12T08:30:00.000,I 85,I 85 and Sr 378,,Rear End,3,Cloudy,Wet,Daylight
2021-01-18T18:31:00.000,I 85,I 85 and Sr 378,,Rear End,4,Clear,Dry,Daylight
2021-06-22T19:48:00.000,I 85,I 85 and Sr 378,,Sideswipe-Same Direction,2,Clear,Dry,Daylight
2021-02-19T15:31:00.000,I 85,I 85 and Sr 378,,Rear End,3,Clear,Dry,Daylight
2021-01-29T18:07:00.000,I 85,I 85 and Sr 378,,Rear End,2,Clear,Dry,Daylight
2021-02-08T07:20:00.000,I 85,I 85 and Sr 378,,Rear End,2,Clear,Dry,Daylight
2021-09-29T15:32:00.000,I 85,I 85 and Sr 378,,Sideswipe-Same Direction,2,Clear,Dry,Daylight
2021-08-29T23:40:00.000,I 85,I 85 and Sr 378,,Angle Crash,3,Cloudy,Dry,Dark-Not Lighted
2021-08-06T16:35:00.000,I 85,I 85 and Sr 378,,Sideswipe-Same Direction,2,Clear,Dry,Daylight
2021-08-06T16:29:00.000,I 85,I 85 and Sr 378,,Rear End,3,Clear,Dry,Daylight
2021-07-14T14:10:00.000,I 85,I 85 and Sr 378,,Rear End,3,Rain,Wet,Daylight
2021-12-16T12:06:00.000,I 85,I 85 and Sr 378,,Rear End,2,Clear,Dry,Daylight
2021-11-16T17:42:00.000,I 85,I 85 and Sr 378,,Rear End,2,Clear,Dry,Dark-Lighted
2021-07-26T10:50:00.000,I 85,I 85 and Sr 378,,Rear End,2,Clear,Dry,Daylight
2021-07-19T14:00:00.000,I 85,I 85 and Sr 378,,Rear End,2,Cloudy,Wet,Daylight
2021-08-26T07:05:00.000,I 85,I 85 and Sr 378,,Rear End,2,Cloudy,Dry,Daylight
2021-12-07T09:51:00.000,I 85,I 85 and Sr 378,,Rear End,3,Cloudy,Dry,Daylight
2021-11-12T18:13:00.000,I 85,I 85 and Sr 378,,Rear End,2,Clear,Dry,Dark-Lighted
2021-12-23T19:16:00.000,I 85,I 85 and Sr 378,,Rear End,2,Clear,Dry,Dark-Lighted
2021-11-12T16:19:00.000,I 85,I 85 and Sr 378,,Rear End,2,Clear,Dry,Daylight
2021-07-02T18:15:00.000,I 85,I 85 and Sr 378,,Rear End,2,Cloudy,Dry,Daylight
2021-07-13T17:50:00.000,I 85,I 85 and Sr 378,,Rear End,2,Clear,Dry,Daylight
2021-11-24T12:26:00.000,I 85,I 85 and Sr 378,,Rear End,2,Clear,Dry,Daylight
2021-09-22T13:12:00.000,I 85,I 85 and Sr 378,,Rear End,2,Cloudy,Wet,Daylight
2021-08-20T10:05:00.000,I 85,I 85 and Sr 378,,Rear End,2,Clear,Dry,Daylight
2021-10-12T15:15:00.000,I 85,I 85 and Sr 378,,Rear End,2,Cloudy,Dry,Daylight
2021-12-14T16:58:00.000,I 85,I 85 and Sr 378,,Rear End,2,Clear,Dry,Daylight
2021-11-12T18:10:00.000,I 85,I 85 and Sr 378,,Rear End,2,Clear,Dry,Daylight
2021-07-23T10:34:00.000,I 85,I 85 and Sr 378,,Rear End,2,Clear,Dry,Daylight
2021-09-03T08:42:00.000,I 85,I 85 and Sr 378,,Rear End,2,Clear,Dry,Daylight
2022-09-16T12:45:00.000,I 85,I 85 and Sr 378,,Rear End,2,Clear,Dry,Daylight
2022-11-29T06:45:00.000,I 85,I 85 and Sr 378,,Rear End,2,Clear,Dry,Dark-Lighted
2021-11-24T12:26:00.000,I 85,I 85 and Sr 378,,Rear End,2,Clear,Dry,Daylight
2021-08-14T18:00:00.000,I 85,I 85 and Sr 378,,Rear End,2,Clear,Wet,Daylight
2021-11-29T19:02:00.000,I 85,I 85 and Sr 378,,Rear End,2,Clear,Dry,Dark-Lighted
2021-09-16T17:02:00.000,I 85,I 85 and Sr 378,,Sideswipe-Same Direction,2,Cloudy,Dry,Daylight
2021-09-22T13:12:00.000,I 85,I 85 and Sr 378,,Rear End,2,Cloudy,Dry,Daylight
2021-10-15T06:25:00.000,I 85,I 85 and Sr 378,,Rear End,3,Clear,Dry,Dark-Lighted
2021-08-17T17:02:00.000,I 85,I 85 and Sr 378,,Rear End,2,Rain,Wet,Daylight
2022-04-28T18:05:00.000,I 85,I 85 and Sr 378,,Rear End,2,Clear,Dry,Daylight
2022-10-11T07:38:00.000,I 85,I 85 and Sr 378,,Sideswipe-Same Direction,2,Clear,Dry,Daylight
2022-09-16T12:45:00.000,I 85,I 85 and Sr 378,,Rear End,3,Clear,Dry,Daylight
2022-10-28T11:30:00.000,I 85,I 85 and Sr 378,,Not a Collision with Motor Vehicle,2,Clear,Dry,Daylight
2022-04-11T06:40:00.000,I 85,I 85 and Sr 378,,Rear End,2,Clear,Dry,Daylight
2022-09-05T11:55:00.000,I 85,I 85 and Sr 378,,Rear End,2,Cloudy,Dry,Daylight
2022-05-12T12:50:00.000,I 85,I 85 and Sr 378,,Rear End,2,Clear,Dry,Daylight