Date and Time,Roadway (From Crash Report),Intersection Name (from Crash Report),KABCO Severity,Manner of Collision (Crash Level) ,# of Vehicles per crash ,Weather Conditions (Crash Level),Surface Condition (Crash Level) ,Light Conditions (Crash Level)
2022-10-08T13:01:00.000,I 85,I 85 and Sr 378,,Rear End,2,Cloudy,Dry,Daylight
2022-12-20T15:01:00.000,I 85,I 85 and Sr 378,,Rear End,2,Cloudy,Dry,Daylight
2022-01-03T16:40:00.000,I 85,I 85 and Sr 378,,Rear End,2,Clear,Dry,Daylight
2022-10-04T10:50:00.000,I 85,I 85 and Sr 378,,Rear End,2,Cloudy,Dry,Daylight
2022-10-10T16:05:00.000,I 85,I 85 and Sr 378,,Rear End,2,Clear,Dry,Daylight
2022-04-19T13:10:00.000,I 85,I 85 and Sr 378,,Sideswipe-Same Direction,2,Clear,Dry,Daylight
2021-09-29T07:12:00.000,I 85,I 85 and Sr 378,,Not a Collision with Motor Vehicle,2,Clear,Dry,Daylight
2021-07-22T17:30:00.000,I 85,I 85 and Sr 378,,Rear End,2,Clear,Dry,Daylight
2021-07-12T15:00:00.000,I 85,I 85 and Sr 378,,Rear End,3,Rain,Wet,Daylight
2022-11-28T17:10:00.000,I 85,I 85 and Sr 378,,Rear End,2,Cloudy,Dry,Dusk
2022-11-11T15:40:00.000,I 85,I 85 and Sr 378,,Rear End,2,Cloudy,Wet,Daylight
2022-02-18T14:56:00.000,I 85,I 85 and Sr 378,,Rear End,3,Clear,Dry,Daylight
2022-12-16T07:59:00.000,I 85,I 85 and Sr 378,,Sideswipe-Same Direction,2,Clear,Dry,Daylight
2022-12-17T13:11:00.000,I 85,I 85 and Sr 378,,Rear End,2,Cloudy,Dry,Daylight
2022-06-30T14:45:00.000,I 85,I 85 and Sr 378,,Rear End,3,Clear,Dry,Daylight
2022-02-07T23:32:00.000,I 85,I 85 and Sr 378,,Angle Crash,2,Cloudy,Dry,Dark-Not Lighted
2022-04-01T07:15:00.000,I 85,I 85 and Sr 378,,Rear End,2,Clear,Dry,Daylight
2022-02-18T14:56:00.000,I 85,I 85 and Sr 378,,Rear End,2,Clear,Dry,Daylight
2022-01-03T16:40:00.000,I 85,I 85 and Sr 378,,Rear End,2,Clear,Dry,Daylight
2022-09-01T10:14:00.000,I 85,I 85 and Sr 378,,Rear End,2,Clear,Dry,Daylight
2022-02-01T09:28:00.000,I 85,I 85 and Sr 378,,Rear End,2,Clear,Dry,Daylight
2022-10-14T09:43:00.000,I 85,I 85 and Sr 378,,Rear End,2,Clear,Dry,Daylight
2022-04-21T06:44:00.000,I 85,I 85 and Sr 378,,Rear End,2,Clear,Dry,Daylight
2022-03-11T16:25:00.000,I 85,I 85 and Sr 378,,Rear End,2,Cloudy,Dry,Daylight
2022-07-15T19:07:00.000,I 85,I 85 and Sr 378,,Not a Collision with Motor Vehicle,1,Clear,Dry,Daylight
2022-11-18T09:40:00.000,I 85,I 85 and Sr 378,,Sideswipe-Same Direction,2,Clear,Dry,Daylight
2022-05-13T08:52:00.000,I 85,I 85 and Sr 378,,Rear End,2,Clear,Dry,Daylight
2022-09-26T06:05:00.000,I 85,I 85 and Sr 378,,Sideswipe-Same Direction,2,Cloudy,Dry,Dark-Lighted
2022-08-11T18:30:00.000,I 85,I 85 and Sr 378,,Sideswipe-Same Direction,2,Clear,Dry,Daylight
2022-03-17T22:05:00.000,I 85,I 85 and Sr 378,,Rear End,2,Cloudy,Dry,Dark-Not Lighted
2022-03-21T16:45:00.000,I 85,I 85 and Sr 378,,Rear End,3,Clear,Dry,Daylight
2022-08-02T07:57:00.000,I 85,I 85 and Sr 378,,Sideswipe-Same Direction,2,Cloudy,Dry,Daylight
2022-06-30T13:54:00.000,I 85,I 85 and Sr 378,,Sideswipe-Same Direction,3,Clear,Dry,Daylight
2022-04-04T13:47:00.000,I 85,I 85 and Sr 378,,Rear End,2,Clear,Dry,Daylight
2022-10-10T14:40:00.000,I 85,I 85 and Sr 378,,Rear End,2,Clear,Dry,Daylight
2022-02-23T16:30:00.000,I 85,I 85 and Sr 378,,Sideswipe-Same Direction,2,Clear,Dry,Daylight
2022-01-10T07:44:00.000,I 85,I 85 and Sr 378,,Sideswipe-Same Direction,2,Clear,Dry,Daylight
2022-03-31T12:47:00.000,I 85,I 85 and Sr 378,,Rear End,3,Clear,Dry,Daylight
2022-09-23T11:55:00.000,I 85,I 85 and Sr 378,,Rear End,2,Clear,Dry,Daylight
2022-11-24T18:43:00.000,I 85,I 85 and Sr 378,,Sideswipe-Same Direction,2,Clear,Dry,Dark-Lighted
2022-06-14T10:22:00.000,I 85,I 85 and Sr 378,,Sideswipe-Same Direction,2,Clear,Dry,Daylight
2022-10-28T12:00:00.000,I 85,I 85 and Sr 378,,Sideswipe-Same Direction,6,Clear,Dry,Daylight
2022-04-05T13:20:00.000,I 85,I 85 and Sr 378,,Angle Crash,2,Rain,Wet,Daylight
2022-12-02T09:50:00.000,I 85,I 85 and Sr 378,,Sideswipe-Same Direction,2,Cloudy,Dry,Daylight
2022-04-11T06:40:00.000,I 85,I 85 and Sr 378,,Rear End,2,Clear,Dry,Daylight
2022-05-13T17:50:00.000,I 85,I 85 and Sr 378,,Sideswipe-Same Direction,2,Clear,Dry,Daylight
2022-08-23T16:38:00.000,I 85,I 85 and Sr 378,,Sideswipe-Same Direction,2,Clear,Dry,Daylight
2022-10-24T07:01:00.000,I 85,I 85 and Sr 378,,Rear End,3,Clear,Dry,Dark-Lighted
2022-07-31T16:24:00.000,I 85,I 85 and Sr 378,,Rear End,2,Cloudy,Dry,Daylight
2023-03-10T11:14:00.000,I 85,I 85 and Sr 378,,Rear End,2,Rain,Wet,Daylight
2024-03-08T11:10:00.000,I 85,I 85 and Sr 378,,Rear End,2,Clear,Dry,Daylight
2024-03-18T11:40:00.000,I 85,I 85 and Sr 378,,Rear End,2,Clear,Dry,Daylight
2023-01-31T06:15:00.000,I 85,I 85 and Sr 378,,Rear End,2,Clear,Wet,Dark-Lighted
2024-06-05T15:31:00.000,I 85,I 85 and Sr 378,,Rear End,2,Clear,Dry,Daylight
2023-06-26T14:48:00.000,I 85,I 85 and Sr 378,,Rear End,2,Clear,Dry,Daylight
2023-04-14T10:10:00.000,I 85,I 85 and Sr 378,,Rear End,3,Cloudy,Dry,Daylight
2023-09-19T16:32:00.000,I 85,I 85 and Sr 378,,Rear End,4,Clear,Dry,Daylight
2023-12-15T17:02:00.000,I 85,I 85 and Sr 378,,Rear End,2,Clear,Dry,Daylight
2023-12-15T19:32:00.000,I 85,I 85 and Sr 378,,Rear End,2,Clear,Dry,Dark-Lighted
2023-11-21T19:30:00.000,I 85,I 85 and Sr 378,,Not a Collision with Motor Vehicle,1,Rain,Wet,Dark-Lighted
2023-11-20T07:32:00.000,I 85,I 85 and Sr 378,,Not a Collision with Motor Vehicle,1,Clear,Dry,Daylight
2023-01-10T07:05:00.000,I 85,I 85 and Sr 378,,Rear End,2,Clear,Dry,Daylight
2023-05-15T18:13:00.000,I 85,I 85 and Sr 378,,Sideswipe-Same Direction,2,Cloudy,Dry,Daylight
2023-10-31T07:35:00.000,I 85,I 85 and Sr 378,,Rear End,2,Clear,Dry,Dark-Lighted
2023-05-11T10:30:00.000,I 85,I 85 and Sr 378,,Rear End,2,Cloudy,Dry,Daylight
2023-08-15T15:38:00.000,I 85,I 85 and Sr 378,,Not a Collision with Motor Vehicle,1,Cloudy,Dry,Daylight
2023-02-08T04:22:00.000,I 85,I 85 and Sr 378,,Rear End,2,Clear,Dry,Dark-Lighted
2023-09-29T10:59:00.000,I 85,I 85 and Sr 378,,Not a Collision with Motor Vehicle,2,Clear,Dry,Daylight
2023-07-21T16:54:00.000,I 85,I 85 and Sr 378,,Rear End,2,Clear,Dry,Daylight
2023-04-26T08:25:00.000,I 85,I 85 and Sr 378,,Rear End,2,Clear,Dry,Daylight
2023-12-26T16:23:00.000,I 85,I 85 and Sr 378,,Rear End,3,Rain,Wet,Daylight
2023-11-18T17:45:00.000,I 85,I 85 and Sr 378,,Rear End,2,Clear,Dry,Dark-Lighted
2023-07-18T17:02:00.000,I 85,I 85 and Sr 378,,Rear End,2,Clear,Dry,Daylight
2023-02-24T09:54:00.000,I 85,I 85 and Sr 378,,Rear End,2,Clear,Dry,Daylight
2023-08-07T17:24:00.000,I 85,I 85 and Sr 378,,Sideswipe-Same Direction,2,Rain,Wet,Daylight
2023-12-01T07:56:00.000,I 85,I 85 and Sr 378,,Rear End,2,Rain,Wet,Daylight
2023-09-14T18:17:00.000,I 85,I 85 and Sr 378,,Rear End,2,Cloudy,Wet,Daylight
2023-03-31T18:40:00.000,I 85,I 85 and Sr 378,,Sideswipe-Same Direction,2,Clear,Dry,Daylight
2023-12-08T09:30:00.000,I 85,I 85 and Sr 378,,Rear End,2,Clear,Dry,Daylight
2024-03-08T09:15:00.000,I 85,I 85 and Sr 378,,Sideswipe-Same Direction,2,Cloudy,Dry,Daylight
2024-02-01T19:46:00.000,I 85,I 85 and Sr 378,,Not a Collision with Motor Vehicle,1,Clear,Dry,Dark-Lighted
2024-12-26T15:00:00.000,I 85,I 85 and Sr 378,,Sideswipe-Same Direction,2,Cloudy,Dry,Daylight
2024-12-30T15:15:00.000,I 85,I 85 and Sr 378,,Rear End,2,Clear,Dry,Daylight
2024-12-30T16:00:00.000,I 85,I 85 and Sr 378,,Rear End,2,Clear,Dry,Daylight
2024-02-05T15:32:00.000,I 85,I 85 and Sr 378,,Not a Collision with Motor Vehicle,1,Clear,Dry,Daylight
2024-01-26T11:01:00.000,I 85,I 85 and Sr 378,,Rear End,2,Cloudy,Dry,Daylight
2020-01-27T05:51:00.000,I 85,I 85 and Sr 370,,Rear End,2,Clear,Dry,Dark-Lighted
2020-04-03T17:20:00.000,I 85,I 85 and Sr 347,,Rear End,5,Clear,Dry,Daylight
2021-03-30T19:02:00.000,I 85,I 85 and Sr 34,,Rear End,2,Clear,Dry,Daylight
2021-04-08T18:58:00.000,I 85,I 85 and Sr 34,,Rear End,2,Clear,Dry,Daylight
2021-03-08T18:44:00.000,I 85,I 85 and Sr 34,,Rear End,2,Clear,Dry,Dark-Lighted
2021-03-18T08:49:00.000,I 85,I 85 and Sr 34,,Not a Collision with Motor Vehicle,1,Rain,Wet,Daylight
2021-05-14T09:19:00.000,I 85,I 85 and Sr 34,,Rear End,2,Clear,Dry,Daylight
2021-06-09T22:28:00.000,I 85,I 85 and Sr 34,,Not a Collision with Motor Vehicle,1,Rain,Wet,Dark-Lighted
2021-04-17T18:58:00.000,I 85,I 85 and Sr 34,,Sideswipe-Same Direction,2,Clear,Dry,Daylight
2021-01-06T08:07:00.000,I 85,I 85 and Sr 34,,Rear End,2,Cloudy,Dry,Daylight
2021-07-13T06:35:00.000,I 85,I 85 and Sr 34,,Sideswipe-Same Direction,2,Cloudy,Dry,Dawn
2021-09-14T21:10:00.000,I 85,I 85 and Sr 34,,Sideswipe-Same Direction,2,Clear,Dry,Dark-Not Lighted
2021-11-12T08:26:00.000,I 85,I 85 and Sr 34,,Rear End,2,Clear,Dry,Daylight
2021-09-04T13:44:00.000,I 85,I 85 and Sr 34,,Rear End,2,Clear,Dry,Daylight
2021-08-01T13:02:00.000,I 85,I 85 and Sr 34,,Sideswipe-Same Direction,2,Clear,Dry,Daylight
2021-06-16T02:59:00.000,I 85,I 85 and Sr 34,,Angle Crash,2,Clear,Dry,Dark-Not Lighted
2021-02-15T11:00:00.000,I 85,I 85 and Sr 34,,Angle Crash,2,Rain,Wet,Daylight
2021-01-12T09:45:00.000,I 85,I 85 and Sr 34,,Rear End,2,Cloudy,Dry,Daylight
2021-04-30T09:01:00.000,I 85,I 85 and Sr 34,,Sideswipe-Same Direction,2,Clear,Dry,Daylight
2021-06-20T12:49:00.000,I 85,I 85 and Sr 34,,Rear End,2,Cloudy,Wet,Daylight
2021-02-24T06:25:00.000,I 85,I 85 and Sr 34,,Rear End,2,Clear,Dry,Dark-Lighted
2021-04-24T15:55:00.000,I 85,I 85 and Sr 34,,Rear End,2,Cloudy,Dry,Daylight
2021-03-01T07:50:00.000,I 85,I 85 and Sr 34,,Rear End,2,Rain,Wet,Daylight
2021-05-07T15:19:00.000,I 85,I 85 and Sr 34,,Rear End,2,Clear,Dry,Daylight
2021-02-08T06:59:00.000,I 85,I 85 and Sr 34,,Not a Collision with Motor Vehicle,1,Cloudy,Dry,Dawn
2021-05-07T14:47:00.000,I 85,I 85 and Sr 34,,Sideswipe-Same Direction,2,Clear,Dry,Daylight
2021-04-05T16:15:00.000,I 85,I 85 and Sr 34,,Rear End,2,Clear,Dry,Daylight
2021-02-03T22:22:00.000,I 85,I 85 and Sr 34,,Rear End,2,Clear,Dry,Dark-Not Lighted
2021-05-24T18:19:00.000,I 85,I 85 and Sr 34,,Rear End,2,Clear,Dry,Daylight
2021-03-03T22:29:00.000,I 85,I 85 and Sr 34,,Sideswipe-Same Direction,2,Clear,Dry,Dark-Not Lighted
2021-01-04T14:24:00.000,I 85,I 85 and Sr 34,,Not a Collision with Motor Vehicle,1,Clear,Dry,Daylight
2021-06-29T02:01:00.000,I 85,I 85 and Sr 34,,Not a Collision with Motor Vehicle,1,Rain,Wet,Dark-Not Lighted
2021-01-09T12:54:00.000,I 85,I 85 and Sr 34,,Rear End,2,Cloudy,Dry,Daylight
2021-05-28T13:50:00.000,I 85,I 85 and Sr 34,,Angle Crash,2,Clear,Dry,Daylight
2021-11-01T07:15:00.000,I 85,I 85 and Sr 34,,Not a Collision with Motor Vehicle,1,Clear,Dry,Dark-Lighted
2021-12-21T12:16:00.000,I 85,I 85 and Sr 34,,Rear End,2,Clear,Dry,Daylight
2021-08-17T05:14:00.000,I 85,I 85 and Sr 34,,Not a Collision with Motor Vehicle,1,Rain,Wet,Dark-Not Lighted
2021-07-28T17:24:00.000,I 85,I 85 and Sr 34,,Not a Collision with Motor Vehicle,1,Cloudy,Dry,Daylight
2021-07-27T14:15:00.000,I 85,I 85 and Sr 34,,Not a Collision with Motor Vehicle,1,Clear,Dry,Daylight
2021-10-24T14:17:00.000,I 85,I 85 and Sr 34,,Rear End,2,Cloudy,Dry,Daylight
2021-10-18T22:18:00.000,I 85,I 85 and Sr 34,,Not a Collision with Motor Vehicle,1,Clear,Dry,Dark-Not Lighted
2021-11-27T12:55:00.000,I 85,I 85 and Sr 34,,Rear End,2,Clear,Dry,Daylight
2021-09-02T00:26:00.000,I 85,I 85 and Sr 34,,Not a Collision with Motor Vehicle,1,Clear,Dry,Dark-Lighted
2021-12-09T12:00:00.000,I 85,I 85 and Sr 34,,Rear End,2,Cloudy,Dry,Daylight
2021-11-22T13:08:00.000,I 85,I 85 and Sr 34,,Rear End,2,Clear,Dry,Daylight
2021-12-24T15:54:00.000,I 85,I 85 and Sr 34,,Rear End,2,Clear,Dry,Daylight
2021-09-15T02:35:00.000,I 85,I 85 and Sr 34,,Rear End,2,Clear,Dry,Dark-Not Lighted
2021-06-29T16:46:00.000,I 85,I 85 and Sr 34,,Sideswipe-Same Direction,2,Clear,Dry,Daylight
2021-06-21T14:38:00.000,I 85,I 85 and Sr 34,,Rear End,2,Clear,Dry,Daylight
2021-05-07T16:34:00.000,I 85,I 85 and Sr 34,,Rear End,2,Clear,Dry,Daylight
2021-06-10T06:09:00.000,I 85,I 85 and Sr 34,,Rear End,2,Cloudy,Dry,Dawn
2021-06-10T17:16:00.000,I 85,I 85 and Sr 34,,Rear End,2,Cloudy,Wet,Daylight
2021-05-12T10:45:00.000,I 85,I 85 and Sr 34,,Rear End,2,Cloudy,Wet,Daylight
2021-01-13T19:41:00.000,I 85,I 85 and Sr 34,,Angle Crash,2,Clear,Dry,Dark-Not Lighted
2021-06-19T21:09:00.000,I 85,I 85 and Sr 34,,Not a Collision with Motor Vehicle,1,Rain,Wet,Dark-Not Lighted
2021-02-18T12:49:00.000,I 85,I 85 and Sr 34,,Rear End,2,Rain,Wet,Daylight
2021-02-22T06:00:00.000,I 85,I 85 and Sr 34,,Sideswipe-Same Direction,2,Rain,Wet,Dark-Not Lighted
2021-10-10T00:58:00.000,I 85,I 85 and Sr 34,,Not a Collision with Motor Vehicle,1,Clear,Dry,Dark-Not Lighted
2021-07-24T18:58:00.000,I 85,I 85 and Sr 34,,Rear End,2,Clear,Dry,Daylight
2021-10-29T11:10:00.000,I 85,I 85 and Sr 34,,Angle Crash,2,Cloudy,Dry,Daylight
2021-07-21T18:07:00.000,I 85,I 85 and Sr 34,,Rear End,2,Clear,Dry,Daylight
2021-12-29T08:40:00.000,I 85,I 85 and Sr 34,,Rear End,2,Rain,Wet,Daylight
2021-08-18T16:30:00.000,I 85,I 85 and Sr 34,,Angle Crash,2,Clear,Dry,Daylight
2021-09-03T08:56:00.000,I 85,I 85 and Sr 34,,Rear End,2,Clear,Dry,Daylight
2021-08-31T08:14:00.000,I 85,I 85 and Sr 34,,Not a Collision with Motor Vehicle,1,Rain,Wet,Daylight
2021-01-07T07:06:00.000,I 85,I 85 and Sr 34,,Rear End,2,Cloudy,Dry,Dark-Lighted
2021-04-15T01:43:00.000,I 85,I 85 and Sr 34,,Not a Collision with Motor Vehicle,1,Clear,Dry,Dark-Not Lighted
2021-03-26T04:30:00.000,I 85,I 85 and Sr 34,,Rear End,2,Rain,Wet,Dark-Not Lighted
2021-02-12T18:24:00.000,I 85,I 85 and Sr 34,,Sideswipe-Same Direction,2,Clear,Dry,Dark-Not Lighted
2020-08-14T10:00:00.000,I 85,I 85 and Sr 34,,Rear End,2,Cloudy,Dry,Daylight
2020-12-22T19:56:00.000,I 85,I 85 and Sr 34,,Not a Collision with Motor Vehicle,1,Clear,Dry,Dark-Lighted
2020-08-05T13:40:00.000,I 85,I 85 and Sr 34,,Rear End,2,Rain,Wet,Daylight
2020-08-14T19:00:00.000,I 85,I 85 and Sr 34,,Rear End,2,Rain,Wet,Daylight
2020-10-08T09:11:00.000,I 85,I 85 and Sr 34,,Rear End,2,Clear,Dry,Daylight
2020-03-04T22:45:00.000,I 85,I 85 and Sr 34,,Not a Collision with Motor Vehicle,1,Rain,Wet,Dark-Not Lighted
2020-08-25T11:10:00.000,I 85,I 85 and Sr 34,,Not a Collision with Motor Vehicle,1,Rain,Wet,Daylight
2020-02-03T15:55:00.000,I 85,I 85 and Sr 34,,Not a Collision with Motor Vehicle,1,Clear,Dry,Daylight
2020-06-08T19:31:00.000,I 85,I 85 and Sr 34,,Not a Collision with Motor Vehicle,1,Rain,Wet,Daylight
2023-05-21T12:59:00.000,I 85,I 85 and Sr 34,,Rear End,2,Clear,Dry,Daylight
2023-09-15T08:05:00.000,I 85,I 85 and Sr 34,,Rear End,2,Clear,Dry,Daylight
2023-05-11T14:26:00.000,I 85,I 85 and Sr 34,,Rear End,2,Clear,Dry,Daylight
2023-09-12T19:43:00.000,I 85,I 85 and Sr 34,,Rear End,2,Cloudy,Dry,Dusk
2023-08-18T18:47:00.000,I 85,I 85 and Sr 34,,Rear End,2,Clear,Dry,Daylight
2023-09-07T08:00:00.000,I 85,I 85 and Sr 34,,Sideswipe-Same Direction,2,Clear,Dry,Daylight
2023-06-28T11:21:00.000,I 85,I 85 and Sr 34,,Rear End,2,Clear,Dry,Daylight
2023-04-22T18:19:00.000,I 85,I 85 and Sr 34,,Rear End,2,Clear,Dry,Daylight
2023-03-29T15:14:00.000,I 85,I 85 and Sr 34,,Rear End,2,Clear,Dry,Daylight
2023-09-09T14:54:00.000,I 85,I 85 and Sr 34,,Rear End,2,Clear,Dry,Daylight
2023-10-02T13:08:00.000,I 85,I 85 and Sr 34,,Rear End,2,Clear,Dry,Daylight
2023-08-25T15:57:00.000,I 85,I 85 and Sr 34,,Sideswipe-Same Direction,2,Clear,Dry,Daylight
2023-08-24T17:15:00.000,I 85,I 85 and Sr 34,,Rear End,2,Clear,Dry,Daylight
2023-08-09T20:30:00.000,I 85,I 85 and Sr 34,,Not a Collision with Motor Vehicle,1,Cloudy,Dry,Dark-Not Lighted
2023-09-24T16:30:00.000,I 85,I 85 and Sr 34,,Rear End,2,Clear,Dry,Daylight
2023-06-17T17:13:00.000,I 85,I 85 and Sr 34,,Rear End,2,Clear,Dry,Daylight
2023-06-26T19:20:00.000,I 85,I 85 and Sr 34,,Rear End,2,Clear,Dry,Daylight
2023-06-07T18:58:00.000,I 85,I 85 and Sr 34,,Rear End,2,Clear,Dry,Daylight
2023-09-25T07:09:00.000,I 85,I 85 and Sr 34,,Rear End,2,Clear,Dry,Daylight
2023-11-11T04:55:00.000,I 85,I 85 and Sr 34,,Not a Collision with Motor Vehicle,1,Rain,Wet,Dark-Not Lighted
2023-10-07T12:40:00.000,I 85,I 85 and Sr 34,,Sideswipe-Same Direction,2,Clear,Dry,Daylight
2023-08-05T10:30:00.000,I 85,I 85 and Sr 34,,Sideswipe-Same Direction,2,Clear,Dry,Daylight
2023-11-14T15:10:00.000,I 85,I 85 and Sr 34,,Not a Collision with Motor Vehicle,1,Clear,Dry,Daylight
2023-06-08T12:47:00.000,I 85,I 85 and Sr 34,,Rear End,2,Clear,Dry,Daylight
2023-07-02T08:39:00.000,I 85,I 85 and Sr 34,,Sideswipe-Same Direction,2,Clear,Dry,Daylight
2023-06-01T21:54:00.000,I 85,I 85 and Sr 34,,Not a Collision with Motor Vehicle,1,Clear,Dry,Dark-Not Lighted
2023-05-05T15:35:00.000,I 85,I 85 and Sr 34,,Not a Collision with Motor Vehicle,1,Rain,Wet,Daylight
2023-04-08T16:28:00.000,I 85,I 85 and Sr 34,,Not a Collision with Motor Vehicle,1,Rain,Wet,Daylight
2023-12-10T01:16:00.000,I 85,I 85 and Sr 34,,Not a Collision with Motor Vehicle,1,Rain,Wet,Dark-Not Lighted
2023-08-05T10:41:00.000,I 85,I 85 and Sr 34,,Rear End,2,Clear,Dry,Daylight
2023-08-17T12:16:00.000,I 85,I 85 and Sr 34,,Sideswipe-Same Direction,2,Clear,Dry,Daylight
2023-10-03T17:59:00.000,I 85,I 85 and Sr 34,,Angle Crash,2,Clear,Dry,Daylight
2023-12-04T06:37:00.000,I 85,I 85 and Sr 34,,Rear End,2,Clear,Dry,Dusk
2023-08-01T11:20:00.000,I 85,I 85 and Sr 34,,Rear End,2,Clear,Dry,Daylight
2023-09-08T16:20:00.000,I 85,I 85 and Sr 34,,Rear End,2,Clear,Dry,Daylight
2023-10-31T19:18:00.000,I 85,I 85 and Sr 34,,Rear End,2,Clear,Dry,Dark-Lighted
2023-06-15T20:52:00.000,I 85,I 85 and Sr 34,,Rear End,2,Clear,Dry,Daylight
2023-10-28T02:30:00.000,I 85,I 85 and Sr 34,,Rear End,2,Clear,Dry,Dark-Lighted
2023-06-20T18:57:00.000,I 85,I 85 and Sr 34,,Not a Collision with Motor Vehicle,1,Rain,Wet,Daylight
2023-11-02T18:50:00.000,I 85,I 85 and Sr 34,,Rear End,2,Clear,Dry,Daylight
2023-09-10T15:44:00.000,I 85,I 85 and Sr 34,,Rear End,2,Clear,Dry,Daylight
2023-04-27T08:25:00.000,I 85,I 85 and Sr 34,,Rear End,2,Cloudy,Dry,Daylight
2023-10-20T08:23:00.000,I 85,I 85 and Sr 34,,Not a Collision with Motor Vehicle,1,Cloudy,Wet,Daylight
2023-07-27T19:12:00.000,I 85,I 85 and Sr 34,,Rear End,2,Clear,Dry,Daylight
2023-05-26T00:07:00.000,I 85,I 85 and Sr 34,,Not a Collision with Motor Vehicle,1,Clear,Dry,Dark-Not Lighted
2023-05-31T23:38:00.000,I 85,I 85 and Sr 34,,Angle Crash,2,Clear,Dry,Dark-Not Lighted
2023-05-09T16:19:00.000,I 85,I 85 and Sr 34,,Sideswipe-Same Direction,2,Cloudy,Wet,Daylight
2023-06-30T15:14:00.000,I 85,I 85 and Sr 34,,Not a Collision with Motor Vehicle,1,Rain,Wet,Daylight
2023-09-27T13:25:00.000,I 85,I 85 and Sr 34,,Rear End,2,Cloudy,Dry,Daylight
2023-07-27T17:38:00.000,I 85,I 85 and Sr 34,,Rear End,2,Clear,Dry,Daylight
2023-11-15T06:10:00.000,I 85,I 85 and Sr 34,,Sideswipe-Same Direction,2,Rain,Wet,Dark-Lighted
2023-12-23T10:07:00.000,I 85,I 85 and Sr 34,,Rear End,2,Clear,Dry,Daylight
2023-05-27T09:30:00.000,I 85,I 85 and Sr 34,,Rear End,2,Clear,Dry,Daylight
2023-06-27T06:44:00.000,I 85,I 85 and Sr 34,,Rear End,2,Clear,Dry,Daylight
2023-07-09T20:49:00.000,I 85,I 85 and Sr 34,,Rear End,2,Cloudy,Dry,Dark-Lighted
2023-09-20T16:30:00.000,I 85,I 85 and Sr 34,,Rear End,2,Clear,Dry,Daylight
2023-06-13T08:42:00.000,I 85,I 85 and Sr 34,,Rear End,2,Clear,Dry,Daylight
2023-01-29T21:19:00.000,I 85,I 85 and Sr 34,,Rear End,2,Rain,Wet,Dark-Lighted
2023-11-22T10:31:00.000,I 85,I 85 and Sr 34,,Angle Crash,2,Cloudy,Dry,Daylight
2023-01-23T15:40:00.000,I 85,I 85 and Sr 34,,Rear End,2,Clear,Dry,Daylight
2023-07-09T15:07:00.000,I 85,I 85 and Sr 34,,Rear End,2,Clear,Dry,Daylight
2023-03-16T01:49:00.000,I 85,I 85 and Sr 34,,Not a Collision with Motor Vehicle,1,Clear,Dry,Dark-Not Lighted
2023-08-25T14:10:00.000,I 85,I 85 and Sr 34,,Rear End,2,Clear,Dry,Daylight
2023-05-06T05:47:00.000,I 85,I 85 and Sr 34,,Rear End,2,Clear,Dry,Dawn
2022-08-06T02:01:00.000,I 85,I 85 and Sr 34,,Rear End,1,Clear,Dry,Dark-Not Lighted
2022-08-29T11:28:00.000,I 85,I 85 and Sr 34,,Sideswipe-Same Direction,2,Clear,Dry,Daylight
2022-12-30T10:28:00.000,I 85,I 85 and Sr 34,,Not a Collision with Motor Vehicle,1,Clear,Dry,Daylight
2022-02-24T14:56:00.000,I 85,I 85 and Sr 34,,Rear End,2,Clear,Dry,Daylight
2023-04-17T13:15:00.000,I 85,I 85 and Sr 34,,Angle Crash,2,Clear,Dry,Daylight
2022-08-10T14:28:00.000,I 85,I 85 and Sr 34,,Rear End,2,Cloudy,Dry,Daylight
2022-02-10T15:08:00.000,I 85,I 85 and Sr 34,,Rear End,2,Clear,Dry,Daylight
2020-05-10T20:35:00.000,I 85,I 85 and Sr 34,,Rear End,2,Clear,Dry,Dark-Not Lighted
2020-08-13T07:19:00.000,I 85,I 85 and Sr 34,,Sideswipe-Same Direction,2,Clear,Dry,Daylight
2020-12-20T18:46:00.000,I 85,I 85 and Sr 34,,Rear End,2,Cloudy,Dry,Dark-Not Lighted
2020-06-05T13:07:00.000,I 85,I 85 and Sr 34,,Not a Collision with Motor Vehicle,1,Rain,Wet,Daylight
2020-09-03T06:39:00.000,I 85,I 85 and Sr 34,,Sideswipe-Same Direction,2,Clear,Dry,Dark-Lighted
2020-08-29T16:47:00.000,I 85,I 85 and Sr 34,,Rear End,2,Cloudy,Dry,Daylight
2020-08-27T12:49:00.000,I 85,I 85 and Sr 34,,Rear End,2,Cloudy,Dry,Daylight
2020-01-03T08:30:00.000,I 85,I 85 and Sr 34,,Not a Collision with Motor Vehicle,1,Rain,Wet,Daylight
2020-06-18T23:25:00.000,I 85,I 85 and Sr 34,,Not a Collision with Motor Vehicle,1,Clear,Dry,Dark-Not Lighted
2020-11-25T07:44:00.000,I 85,I 85 and Sr 34,,Sideswipe-Same Direction,2,Cloudy,Dry,Daylight
2020-08-25T09:43:00.000,I 85,I 85 and Sr 34,,Not a Collision with Motor Vehicle,1,Rain,Wet,Daylight
2020-05-01T19:25:00.000,I 85,I 85 and Sr 34,,Sideswipe-Same Direction,2,Clear,Dry,Daylight
2020-12-15T18:20:00.000,I 85,I 85 and Sr 34,,Sideswipe-Same Direction,2,Clear,Dry,Dark-Not Lighted
2020-10-09T14:58:00.000,I 85,I 85 and Sr 34,,Not a Collision with Motor Vehicle,1,Cloudy,Wet,Daylight
2020-08-31T05:20:00.000,I 85,I 85 and Sr 34,,Rear End,2,Cloudy,Dry,Dark-Lighted
2020-03-06T12:14:00.000,I 85,I 85 and Sr 34,,Not a Collision with Motor Vehicle,2,Clear,Dry,Daylight
2020-05-25T13:19:00.000,I 85,I 85 and Sr 34,,Rear End,2,Clear,Dry,Daylight
2020-08-14T19:24:00.000,I 85,I 85 and Sr 34,,Rear End,3,Rain,Wet,Daylight
2020-03-07T17:58:00.000,I 85,I 85 and Sr 34,,Not a Collision with Motor Vehicle,1,Clear,Dry,Daylight