Date and Time,Roadway (From Crash Report),Intersection Name (from Crash Report),KABCO Severity,Manner of Collision (Crash Level) ,# of Vehicles per crash ,Weather Conditions (Crash Level),Surface Condition (Crash Level) ,Light Conditions (Crash Level)
2020-07-13T04:45:00.000,I 85,I 85 and Sr 34,,Not a Collision with Motor Vehicle,1,Fog,Dry,Dark-Lighted
2020-06-30T18:03:00.000,I 85,I 85 and Sr 34,,Rear End,2,Rain,Wet,Daylight
2020-07-31T20:20:00.000,I 85,I 85 and Sr 34,,Angle Crash,2,Clear,Dry,Daylight
2020-07-01T15:40:00.000,I 85,I 85 and Sr 34,,Sideswipe-Same Direction,2,Clear,Dry,Daylight
2020-09-01T11:15:00.000,I 85,I 85 and Sr 34,,Rear End,2,Cloudy,Dry,Daylight
2020-01-23T16:09:00.000,I 85,I 85 and Sr 34,,Rear End,2,Cloudy,Wet,Daylight
2020-10-25T16:08:00.000,I 85,I 85 and Sr 34,,Head On,1,Cloudy,Dry,Daylight
2020-03-15T14:29:00.000,I 85,I 85 and Sr 34,,Not a Collision with Motor Vehicle,1,Rain,Wet,Daylight
2020-03-19T09:06:00.000,I 85,I 85 and Sr 34,,Angle Crash,2,Clear,Dry,Daylight
2020-04-19T09:15:00.000,I 85,I 85 and Sr 34,,Not a Collision with Motor Vehicle,1,Rain,Wet,Daylight
2020-10-29T09:52:00.000,I 85,I 85 and Sr 34,,Rear End,2,Clear,Dry,Daylight
2020-06-05T12:40:00.000,I 85,I 85 and Sr 34,,Not a Collision with Motor Vehicle,1,Rain,Wet,Daylight
2020-05-17T17:50:00.000,I 85,I 85 and Sr 34,,Rear End,2,Clear,Dry,Daylight
2020-04-23T08:40:00.000,I 85,I 85 and Sr 34,,Not a Collision with Motor Vehicle,1,Rain,Wet,Daylight
2020-09-04T15:05:00.000,I 85,I 85 and Sr 34,,Sideswipe-Same Direction,2,Clear,Dry,Daylight
2020-03-21T00:56:00.000,I 85,I 85 and Sr 34,,Rear End,2,Rain,Wet,Dark-Not Lighted
2020-08-23T18:31:00.000,I 85,I 85 and Sr 34,,Not a Collision with Motor Vehicle,1,Clear,Dry,Daylight
2020-07-26T08:13:00.000,I 85,I 85 and Sr 34,,Sideswipe-Same Direction,2,Clear,Dry,Daylight
2020-07-01T10:45:00.000,I 85,I 85 and Sr 34,,Rear End,2,Rain,Wet,Daylight
2020-05-24T12:43:00.000,I 85,I 85 and Sr 34,,Angle Crash,2,Clear,Dry,Daylight
2020-07-13T11:41:00.000,I 85,I 85 and Sr 34,,Rear End,2,Cloudy,Dry,Daylight
2020-12-20T07:25:00.000,I 85,I 85 and Sr 34,,Not a Collision with Motor Vehicle,1,Cloudy,Wet,Daylight
2020-01-07T18:33:00.000,I 85,I 85 and Sr 34,,Sideswipe-Same Direction,2,Clear,Dry,Dark-Not Lighted
2020-02-29T10:06:00.000,I 85,I 85 and Sr 34,,Rear End,2,Clear,Dry,Daylight
2020-04-23T09:02:00.000,I 85,I 85 and Sr 34,,Sideswipe-Same Direction,2,Rain,Wet,Daylight
2020-02-24T14:13:00.000,I 85,I 85 and Sr 34,,Rear End,2,Rain,Wet,Daylight
2020-12-15T13:40:00.000,I 85,I 85 and Sr 34,,Rear End,2,Clear,Dry,Daylight
2020-01-27T07:49:00.000,I 85,I 85 and Sr 34,,Rear End,2,Cloudy,Dry,Daylight
2020-07-18T15:29:00.000,I 85,I 85 and Sr 34,,Rear End,2,Cloudy,Dry,Daylight
2020-01-18T15:01:00.000,I 85,I 85 and Sr 34,,Sideswipe-Same Direction,2,Rain,Wet,Daylight
2020-08-27T16:41:00.000,I 85,I 85 and Sr 34,,Rear End,2,Rain,Wet,Daylight
2020-07-02T12:09:00.000,I 85,I 85 and Sr 34,,Rear End,2,Clear,Dry,Daylight
2020-05-05T18:00:00.000,I 85,I 85 and Sr 34,,Rear End,2,Clear,Dry,Daylight
2020-08-12T16:02:00.000,I 85,I 85 and Sr 34,,Rear End,2,Rain,Wet,Daylight
2020-08-05T13:40:00.000,I 85,I 85 and Sr 34,,Not a Collision with Motor Vehicle,1,Rain,Wet,Daylight
2020-08-20T09:13:00.000,I 85,I 85 and Sr 34,,Rear End,2,Clear,Dry,Daylight
2020-01-04T00:55:00.000,I 85,I 85 and Sr 34,,Sideswipe-Same Direction,2,Rain,Wet,Dark-Not Lighted
2020-06-25T14:48:00.000,I 85,I 85 and Sr 34,,Angle Crash,2,Rain,Wet,Daylight
2020-01-13T20:43:00.000,I 85,I 85 and Sr 34,,Not a Collision with Motor Vehicle,1,Rain,Wet,Dark-Lighted
2020-04-03T17:51:00.000,I 85,I 85 and Sr 34,,Rear End,2,Clear,Dry,Daylight
2020-11-06T02:30:00.000,I 85,I 85 and Sr 34,,Not a Collision with Motor Vehicle,1,Clear,Dry,Dark-Not Lighted
2020-05-07T09:14:00.000,I 85,I 85 and Sr 34,,Head On,1,Clear,Dry,Daylight
2020-08-25T06:31:00.000,I 85,I 85 and Sr 34,,Not a Collision with Motor Vehicle,1,Rain,Wet,Dark-Not Lighted
2020-09-19T14:52:00.000,I 85,I 85 and Sr 34,,Rear End,2,Cloudy,Dry,Daylight
2020-10-30T08:17:00.000,I 85,I 85 and Sr 34,,Rear End,2,Clear,Dry,Daylight
2020-12-29T18:19:00.000,I 85,I 85 and Sr 34,,Angle Crash,2,Cloudy,Dry,Daylight
2020-01-27T05:04:00.000,I 85,I 85 and Sr 34,,Sideswipe-Same Direction,2,Clear,Dry,Dark-Lighted
2020-06-25T14:46:00.000,I 85,I 85 and Sr 34,,Sideswipe-Same Direction,2,Rain,Wet,Daylight
2020-09-18T14:35:00.000,I 85,I 85 and Sr 34,,Rear End,2,Clear,Dry,Daylight
2020-04-24T14:50:00.000,I 85,I 85 and Sr 34,,Rear End,2,Clear,Dry,Daylight
2020-02-11T09:56:00.000,I 85,I 85 and Sr 34,,Rear End,2,Rain,Wet,Daylight
2020-08-17T16:19:00.000,I 85,I 85 and Sr 34,,Rear End,2,Clear,Dry,Daylight
2020-03-19T08:14:00.000,I 85,I 85 and Sr 34,,Not a Collision with Motor Vehicle,2,Clear,Dry,Daylight
2020-02-27T17:48:00.000,I 85,I 85 and Sr 34,,Rear End,2,Clear,Dry,Daylight
2020-05-16T11:39:00.000,I 85,I 85 and Sr 34,,Rear End,2,Clear,Dry,Daylight
2020-11-17T14:50:00.000,I 85,I 85 and Sr 34,,Rear End,2,Clear,Dry,Daylight
2020-11-07T13:24:00.000,I 85,I 85 and Sr 34,,Rear End,2,Cloudy,Dry,Daylight
2020-12-08T15:37:00.000,I 85,I 85 and Sr 34,,Rear End,2,Clear,Dry,Daylight
2020-10-13T20:24:00.000,I 85,I 85 and Sr 34,,Not a Collision with Motor Vehicle,1,Clear,Dry,Dark-Lighted
2020-12-12T19:35:00.000,I 85,I 85 and Sr 34,,Rear End,2,Cloudy,Wet,Dark-Lighted
2020-12-06T15:32:00.000,I 85,I 85 and Sr 34,,Not a Collision with Motor Vehicle,1,Cloudy,Dry,Daylight
2020-04-29T11:39:00.000,I 85,I 85 and Sr 34,,Rear End,2,Cloudy,Dry,Daylight
2020-03-21T05:40:00.000,I 85,I 85 and Sr 34,,Sideswipe-Same Direction,2,Rain,Wet,Dark-Lighted
2020-11-06T14:40:00.000,I 85,I 85 and Sr 34,,Rear End,2,Clear,Dry,Daylight
2020-03-02T11:18:00.000,I 85,I 85 and Sr 34,,Sideswipe-Same Direction,2,Rain,Wet,Daylight
2020-04-16T00:08:00.000,I 85,I 85 and Sr 34,,Not a Collision with Motor Vehicle,1,Clear,Dry,Dark-Not Lighted
2020-05-11T13:56:00.000,I 85,I 85 and Sr 34,,Rear End,2,Clear,Dry,Daylight
2020-08-20T17:51:00.000,I 85,I 85 and Sr 34,,Not a Collision with Motor Vehicle,1,Rain,Wet,Daylight
2020-04-18T09:55:00.000,I 85,I 85 and Sr 34,,Rear End,2,Clear,Dry,Daylight
2020-12-24T19:00:00.000,I 85,I 85 and Sr 34,,Rear End,2,Clear,Dry,Dark-Lighted
2020-12-19T22:37:00.000,I 85,I 85 and Sr 34,,Sideswipe-Same Direction,1,Clear,Dry,Dark-Not Lighted
2020-11-04T18:44:00.000,I 85,I 85 and Sr 34,,Rear End,2,Clear,Dry,Dark-Not Lighted
2020-03-04T09:34:00.000,I 85,I 85 and Sr 34,,Not a Collision with Motor Vehicle,1,Rain,Wet,Daylight
2020-01-17T18:37:00.000,I 85,I 85 and Sr 34,,Rear End,2,Clear,Dry,Dark-Lighted
2020-02-06T03:17:00.000,I 85,I 85 and Sr 34,,Sideswipe-Same Direction,1,Rain,Wet,Dark-Not Lighted
2020-01-14T13:22:00.000,I 85,I 85 and Sr 34,,Angle Crash,2,Rain,Wet,Daylight
2020-09-05T23:03:00.000,I 85,I 85 and Sr 34,,Sideswipe-Same Direction,2,Clear,Dry,Dark-Not Lighted
2020-03-25T11:41:00.000,I 85,I 85 and Sr 34,,Rear End,2,Clear,Dry,Daylight
2020-02-14T21:10:00.000,I 85,I 85 and Sr 34,,Rear End,2,Clear,Dry,Dark-Not Lighted
2020-06-15T11:40:00.000,I 85,I 85 and Sr 34,,Not a Collision with Motor Vehicle,1,Clear,Dry,Daylight
2020-04-11T13:24:00.000,I 85,I 85 and Sr 34,,Rear End,2,Clear,Dry,Daylight
2020-04-21T17:19:00.000,I 85,I 85 and Sr 34,,Rear End,2,Clear,Dry,Daylight
2021-02-05T04:34:00.000,I 85,I 85 and Sr 34,,Not a Collision with Motor Vehicle,1,Rain,Wet,Dark-Not Lighted
2021-02-15T07:59:00.000,I 85,I 85 and Sr 34,,Rear End,2,Cloudy,Wet,Daylight
2021-04-08T11:04:00.000,I 85,I 85 and Sr 34,,Rear End,2,Cloudy,Dry,Daylight
2021-01-01T06:32:00.000,I 85,I 85 and Sr 34,,Not a Collision with Motor Vehicle,1,Rain,Wet,Dark-Not Lighted
2021-04-06T04:58:00.000,I 85,I 85 and Sr 34,,Angle Crash,2,Clear,Dry,Dark-Not Lighted
2021-02-04T08:37:00.000,I 85,I 85 and Sr 34,,Not a Collision with Motor Vehicle,1,Cloudy,Dry,Daylight
2021-05-23T18:32:00.000,I 85,I 85 and Sr 34,,Rear End,2,Clear,Dry,Daylight
2021-05-16T13:53:00.000,I 85,I 85 and Sr 34,,Rear End,2,Clear,Dry,Daylight
2021-04-05T21:37:00.000,I 85,I 85 and Sr 34,,Angle Crash,2,Clear,Dry,Dark-Not Lighted
2021-01-03T23:10:00.000,I 85,I 85 and Sr 34,,Not a Collision with Motor Vehicle,1,Clear,Dry,Dark-Not Lighted
2021-03-03T17:13:00.000,I 85,I 85 and Sr 34,,Rear End,2,Clear,Dry,Daylight
2021-02-26T11:15:00.000,I 85,I 85 and Sr 34,,Angle Crash,2,Rain,Wet,Daylight
2021-07-04T15:33:00.000,I 85,I 85 and Sr 34,,Rear End,3,Clear,Dry,Daylight
2021-07-04T18:00:00.000,I 85,I 85 and Sr 34,,Rear End,2,Clear,Dry,Daylight
2021-12-28T05:30:00.000,I 85,I 85 and Sr 34,,Not a Collision with Motor Vehicle,2,Clear,Dry,Dark-Not Lighted
2021-10-07T17:55:00.000,I 85,I 85 and Sr 34,,Angle Crash,2,Clear,Dry,Daylight
2021-07-02T07:40:00.000,I 85,I 85 and Sr 34,,Angle Crash,2,Cloudy,Dry,Daylight
2021-12-30T22:28:00.000,I 85,I 85 and Sr 34,,Not a Collision with Motor Vehicle,1,Clear,Wet,Dark-Lighted
2021-08-16T19:00:00.000,I 85,I 85 and Sr 34,,Not a Collision with Motor Vehicle,1,Rain,Wet,Daylight
2021-10-07T15:04:00.000,I 85,I 85 and Sr 34,,Not a Collision with Motor Vehicle,1,Rain,Wet,Daylight
2021-07-02T07:00:00.000,I 85,I 85 and Sr 34,,Rear End,2,Rain,Wet,Daylight
2021-07-01T22:25:00.000,I 85,I 85 and Sr 34,,Rear End,2,Clear,Dry,Dark-Lighted
2021-10-12T09:08:00.000,I 85,I 85 and Sr 34,,Rear End,2,Cloudy,Dry,Daylight
2021-08-30T14:15:00.000,I 85,I 85 and Sr 34,,Rear End,2,Cloudy,Dry,Daylight
2021-07-22T08:51:00.000,I 85,I 85 and Sr 34,,Angle Crash,2,Clear,Dry,Daylight
2021-07-20T16:20:00.000,I 85,I 85 and Sr 34,,Angle Crash,2,Cloudy,Wet,Daylight
2021-09-15T18:12:00.000,I 85,I 85 and Sr 34,,Not a Collision with Motor Vehicle,1,Rain,Wet,Daylight
2021-09-10T15:56:00.000,I 85,I 85 and Sr 34,,Sideswipe-Same Direction,2,Clear,Dry,Daylight
2022-08-02T16:38:00.000,I 85,I 85 and Sr 34,,Rear End,2,Clear,Dry,Daylight
2022-08-05T11:57:00.000,I 85,I 85 and Sr 34,,Rear End,2,Clear,Dry,Daylight
2022-09-30T21:57:00.000,I 85,I 85 and Sr 34,,Rear End,2,Clear,Dry,Dark-Lighted
2022-11-16T13:09:00.000,I 85,I 85 and Sr 34,,Rear End,2,Cloudy,Dry,Daylight
2022-02-01T10:51:00.000,I 85,I 85 and Sr 34,,Rear End,2,Clear,Dry,Daylight
2021-08-03T19:10:00.000,I 85,I 85 and Sr 34,,Not a Collision with Motor Vehicle,1,Rain,Wet,Daylight
2021-10-11T19:10:00.000,I 85,I 85 and Sr 34,,Rear End,2,Clear,Dry,Dusk
2021-12-11T19:11:00.000,I 85,I 85 and Sr 34,,Not a Collision with Motor Vehicle,1,Rain,Wet,Dark-Lighted
2021-11-14T20:48:00.000,I 85,I 85 and Sr 34,,Rear End,2,Clear,Dry,Dark-Not Lighted
2021-10-23T18:01:00.000,I 85,I 85 and Sr 34,,Rear End,2,Clear,Dry,Daylight
2021-07-12T13:13:00.000,I 85,I 85 and Sr 34,,Not a Collision with Motor Vehicle,1,Rain,Wet,Daylight
2022-08-05T00:15:00.000,I 85,I 85 and Sr 34,,Rear End,3,Clear,Dry,Dark-Not Lighted
2022-07-05T10:36:00.000,I 85,I 85 and Sr 34,,Rear End,2,Clear,Dry,Daylight
2022-02-15T17:50:00.000,I 85,I 85 and Sr 34,,Rear End,2,Clear,Dry,Daylight
2022-06-18T12:15:00.000,I 85,I 85 and Sr 34,,Rear End,2,Clear,Dry,Daylight
2022-10-27T21:24:00.000,I 85,I 85 and Sr 34,,Rear End,2,Clear,Dry,Dark-Lighted
2022-06-24T13:11:00.000,I 85,I 85 and Sr 34,,Rear End,2,Clear,Dry,Daylight
2022-04-20T17:49:00.000,I 85,I 85 and Sr 34,,Rear End,2,Clear,Dry,Daylight
2022-04-01T18:16:00.000,I 85,I 85 and Sr 34,,Rear End,2,Clear,Dry,Daylight
2022-05-19T14:14:00.000,I 85,I 85 and Sr 34,,Rear End,2,Clear,Dry,Daylight
2022-09-17T20:22:00.000,I 85,I 85 and Sr 34,,Rear End,2,Clear,Dry,Dark-Lighted
2022-07-14T14:21:00.000,I 85,I 85 and Sr 34,,Rear End,2,Cloudy,Dry,Daylight
2022-08-15T06:19:00.000,I 85,I 85 and Sr 34,,Angle Crash,2,Clear,Dry,Dark-Lighted
2022-04-16T16:37:00.000,I 85,I 85 and Sr 34,,Rear End,2,Cloudy,Dry,Daylight
2022-06-06T14:54:00.000,I 85,I 85 and Sr 34,,Rear End,2,Cloudy,Dry,Daylight
2022-02-03T16:20:00.000,I 85,I 85 and Sr 34,,Angle Crash,2,Rain,Wet,Daylight
2022-12-19T05:20:00.000,I 85,I 85 and Sr 34,,Rear End,2,Clear,Dry,Dark-Not Lighted
2022-04-06T00:08:00.000,I 85,I 85 and Sr 34,,Not a Collision with Motor Vehicle,1,Clear,Dry,Dark-Not Lighted
2022-03-25T10:03:00.000,I 85,I 85 and Sr 34,,Sideswipe-Same Direction,2,Clear,Dry,Daylight
2022-04-24T18:20:00.000,I 85,I 85 and Sr 34,,Rear End,2,Clear,Dry,Daylight
2022-08-13T12:12:00.000,I 85,I 85 and Sr 34,,Rear End,2,Clear,Dry,Daylight
2022-03-21T09:06:00.000,I 85,I 85 and Sr 34,,Not a Collision with Motor Vehicle,2,Clear,Dry,Daylight
2022-03-18T13:25:00.000,I 85,I 85 and Sr 34,,Not a Collision with Motor Vehicle,1,Rain,Wet,Daylight
2021-11-17T06:28:00.000,I 85,I 85 and Sr 34,,Rear End,2,Clear,Dry,Dark-Lighted
2021-12-15T11:11:00.000,I 85,I 85 and Sr 34,,Rear End,2,Cloudy,Dry,Daylight
2021-08-25T18:40:00.000,I 85,I 85 and Sr 34,,Rear End,2,Clear,Dry,Daylight
2021-07-17T02:14:00.000,I 85,I 85 and Sr 34,,Rear End,2,Cloudy,Wet,Dark-Lighted
2022-11-03T00:25:00.000,I 85,I 85 and Sr 34,,Not a Collision with Motor Vehicle,1,Clear,Dry,Dark-Not Lighted
2022-01-14T12:00:00.000,I 85,I 85 and Sr 34,,Rear End,2,Clear,Dry,Daylight
2022-02-05T03:26:00.000,I 85,I 85 and Sr 34,,Not a Collision with Motor Vehicle,1,Clear,Dry,Dark-Not Lighted
2022-11-10T15:01:00.000,I 85,I 85 and Sr 34,,Rear End,2,Cloudy,Wet,Daylight
2022-11-25T02:09:00.000,I 85,I 85 and Sr 34,,Rear End,2,Rain,Wet,Dark-Not Lighted
2022-02-26T18:33:00.000,I 85,I 85 and Sr 34,,Sideswipe-Same Direction,2,Clear,Dry,Dark-Not Lighted
2022-07-22T04:03:00.000,I 85,I 85 and Sr 34,,Angle Crash,2,Clear,Dry,Dark-Not Lighted
2022-05-23T14:08:00.000,I 85,I 85 and Sr 34,,Sideswipe-Same Direction,2,Clear,Dry,Daylight
2022-11-05T16:25:00.000,I 85,I 85 and Sr 34,,Angle Crash,2,Clear,Dry,Daylight
2022-06-11T18:50:00.000,I 85,I 85 and Sr 34,,Rear End,2,Clear,Dry,Daylight
2022-04-22T12:58:00.000,I 85,I 85 and Sr 34,,Sideswipe-Same Direction,2,Clear,Dry,Daylight
2022-12-12T08:33:00.000,I 85,I 85 and Sr 34,,Rear End,2,Cloudy,Dry,Daylight
2022-04-08T04:34:00.000,I 85,I 85 and Sr 34,,Head On,2,Clear,Dry,Dark-Lighted
2022-12-19T15:45:00.000,I 85,I 85 and Sr 34,,Rear End,2,Clear,Dry,Daylight
2022-11-28T15:04:00.000,I 85,I 85 and Sr 34,,Rear End,2,Clear,Dry,Daylight
2022-12-19T07:23:00.000,I 85,I 85 and Sr 34,,Rear End,2,Clear,Dry,Daylight
2022-05-22T16:50:00.000,I 85,I 85 and Sr 34,,Rear End,2,Cloudy,Dry,Daylight
2022-07-20T18:04:00.000,I 85,I 85 and Sr 34,,Not a Collision with Motor Vehicle,1,Clear,Dry,Daylight
2022-04-14T23:30:00.000,I 85,I 85 and Sr 34,,Sideswipe-Same Direction,2,Clear,Dry,Dark-Lighted
2022-10-30T19:03:00.000,I 85,I 85 and Sr 34,,Rear End,2,Rain,Wet,Dark-Lighted
2022-12-08T08:22:00.000,I 85,I 85 and Sr 34,,Rear End,2,Cloudy,Dry,Daylight
2022-01-30T11:23:00.000,I 85,I 85 and Sr 34,,Sideswipe-Same Direction,2,Clear,Dry,Daylight
2022-03-31T03:56:00.000,I 85,I 85 and Sr 34,,Not a Collision with Motor Vehicle,1,Rain,Wet,Dark-Not Lighted
2022-05-28T12:12:00.000,I 85,I 85 and Sr 34,,Not a Collision with Motor Vehicle,1,Clear,Dry,Dark-Not Lighted
2022-10-18T04:05:00.000,I 85,I 85 and Sr 34,,Rear End,2,Clear,Dry,Dark-Not Lighted
2022-12-23T01:18:00.000,I 85,I 85 and Sr 34,,Not a Collision with Motor Vehicle,1,Rain,Wet,Dark-Lighted
2022-06-30T16:58:00.000,I 85,I 85 and Sr 34,,Sideswipe-Same Direction,2,Rain,Wet,Daylight
2022-08-12T17:26:00.000,I 85,I 85 and Sr 34,,Rear End,2,Clear,Dry,Daylight
2022-02-28T19:51:00.000,I 85,I 85 and Sr 34,,Rear End,2,Clear,Dry,Dark-Lighted
2022-11-15T06:00:00.000,I 85,I 85 and Sr 34,,Not a Collision with Motor Vehicle,1,Rain,Wet,Dark-Not Lighted
2022-06-03T02:32:00.000,I 85,I 85 and Sr 34,,Rear End,2,Clear,Dry,Dark-Lighted
2022-07-05T18:27:00.000,I 85,I 85 and Sr 34,,Rear End,2,Clear,Dry,Daylight
2022-07-01T17:40:00.000,I 85,I 85 and Sr 34,,Rear End,2,Cloudy,Wet,Daylight
2022-06-24T11:45:00.000,I 85,I 85 and Sr 34,,Sideswipe-Same Direction,2,Clear,Dry,Daylight
2022-05-16T17:51:00.000,I 85,I 85 and Sr 34,,Not a Collision with Motor Vehicle,1,Clear,Dry,Daylight
2022-04-08T04:34:00.000,I 85,I 85 and Sr 34,,Head On,2,Clear,Dry,Dark-Not Lighted
2022-04-13T11:10:00.000,I 85,I 85 and Sr 34,,Rear End,2,Clear,Dry,Daylight
2022-09-04T13:40:00.000,I 85,I 85 and Sr 34,,Not a Collision with Motor Vehicle,1,Rain,Wet,Daylight
2022-03-16T00:34:00.000,I 85,I 85 and Sr 34,,Sideswipe-Same Direction,1,Rain,Wet,Dark-Not Lighted
2022-04-08T04:34:00.000,I 85,I 85 and Sr 34,,Angle Crash,2,Clear,Dry,Dark-Not Lighted
2022-07-21T17:19:00.000,I 85,I 85 and Sr 34,,Rear End,2,Cloudy,Dry,Daylight
2022-06-23T00:49:00.000,I 85,I 85 and Sr 34,,Sideswipe-Same Direction,2,Clear,Dry,Dark-Not Lighted
2022-07-10T14:21:00.000,I 85,I 85 and Sr 34,,Sideswipe-Same Direction,2,Cloudy,Dry,Daylight
2022-07-28T12:33:00.000,I 85,I 85 and Sr 34,,Rear End,2,Rain,Wet,Daylight
2022-05-17T15:28:00.000,I 85,I 85 and Sr 34,,Rear End,2,Clear,Dry,Daylight
2022-04-08T04:34:00.000,I 85,I 85 and Sr 34,,Angle Crash,2,Clear,Dry,Dark-Not Lighted
2022-07-05T17:53:00.000,I 85,I 85 and Sr 34,,Rear End,2,Clear,Dry,Daylight
2022-08-20T18:47:00.000,I 85,I 85 and Sr 34,,Rear End,2,Cloudy,Wet,Daylight
2022-04-16T22:20:00.000,I 85,I 85 and Sr 34,,Rear End,2,Clear,Dry,Dark-Not Lighted
2022-09-09T14:25:00.000,I 85,I 85 and Sr 34,,Sideswipe-Same Direction,2,Rain,Wet,Daylight
2022-12-20T13:30:00.000,I 85,I 85 and Sr 34,,Sideswipe-Same Direction,2,Rain,Wet,Daylight
2022-09-04T23:20:00.000,I 85,I 85 and Sr 34,,Not a Collision with Motor Vehicle,1,Rain,Wet,Dark-Not Lighted
2022-03-17T10:36:00.000,I 85,I 85 and Sr 34,,Not a Collision with Motor Vehicle,1,Clear,Dry,Daylight
2022-05-23T06:30:00.000,I 85,I 85 and Sr 34,,Not a Collision with Motor Vehicle,1,Rain,Wet,Daylight
2022-02-27T10:28:00.000,I 85,I 85 and Sr 34,,Not a Collision with Motor Vehicle,1,Rain,Wet,Daylight
2022-06-19T13:14:00.000,I 85,I 85 and Sr 34,,Rear End,2,Clear,Dry,Daylight
2022-10-09T22:32:00.000,I 85,I 85 and Sr 34,,Rear End,2,Clear,Dry,Dark-Lighted
2022-11-27T02:23:00.000,I 85,I 85 and Sr 34,,Not a Collision with Motor Vehicle,1,Rain,Wet,Dark-Not Lighted
2022-05-05T14:18:00.000,I 85,I 85 and Sr 34,,Rear End,2,Clear,Dry,Daylight
2022-02-13T09:54:00.000,I 85,I 85 and Sr 34,,Rear End,2,Clear,Dry,Daylight
2022-05-29T15:48:00.000,I 85,I 85 and Sr 34,,Sideswipe-Same Direction,2,Clear,Dry,Daylight
2022-11-24T16:30:00.000,I 85,I 85 and Sr 34,,Rear End,2,Cloudy,Dry,Daylight
2022-10-06T06:33:00.000,I 85,I 85 and Sr 34,,Rear End,2,Clear,Dry,Dark-Lighted
2022-04-19T12:42:00.000,I 85,I 85 and Sr 34,,Rear End,2,Clear,Dry,Daylight
2023-07-05T11:15:00.000,I 85,I 85 and Sr 34,,Rear End,2,Clear,Dry,Daylight
2023-10-21T04:24:00.000,I 85,I 85 and Sr 34,,Sideswipe-Same Direction,2,Clear,Dry,Dark-Not Lighted
2023-08-07T14:35:00.000,I 85,I 85 and Sr 34,,Rear End,2,Clear,Dry,Daylight
2023-05-14T03:42:00.000,I 85,I 85 and Sr 34,,Not a Collision with Motor Vehicle,1,Clear,Dry,Dark-Not Lighted
2023-09-29T11:24:00.000,I 85,I 85 and Sr 34,,Sideswipe-Same Direction,2,Clear,Dry,Daylight
2024-10-27T14:38:00.000,I 85,I 85 and Sr 34,,Rear End,2,Clear,Dry,Daylight
2024-07-01T17:15:00.000,I 85,I 85 and Sr 34,,Rear End,2,Clear,Dry,Daylight
2024-06-05T21:10:00.000,I 85,I 85 and Sr 34,,Not a Collision with Motor Vehicle,1,Clear,Dry,Dark-Lighted
2024-05-05T09:26:00.000,I 85,I 85 and Sr 34,,Rear End,2,Clear,Dry,Daylight
2024-03-31T08:43:00.000,I 85,I 85 and Sr 34,,Not a Collision with Motor Vehicle,1,Clear,Dry,Daylight
2024-04-09T06:27:00.000,I 85,I 85 and Sr 34,,Not a Collision with Motor Vehicle,1,Rain,Wet,Dawn
2024-11-12T07:05:00.000,I 85,I 85 and Sr 34,,Rear End,2,Clear,Dry,Dawn
2024-07-16T10:23:00.000,I 85,I 85 and Sr 34,,Not a Collision with Motor Vehicle,1,Clear,Dry,Daylight
2024-01-13T10:54:00.000,I 85,I 85 and Sr 34,,Rear End,2,Clear,Dry,Daylight
2024-02-21T06:40:00.000,I 85,I 85 and Sr 34,,Not a Collision with Motor Vehicle,1,Clear,Dry,Daylight
2024-06-19T10:53:00.000,I 85,I 85 and Sr 34,,Head On,2,Cloudy,Dry,Daylight
2024-06-08T13:34:00.000,I 85,I 85 and Sr 34,,Rear End,2,Clear,Dry,Daylight
2024-06-28T18:00:00.000,I 85,I 85 and Sr 34,,Rear End,2,Cloudy,Wet,Daylight
2024-12-10T23:56:00.000,I 85,I 85 and Sr 34,,Not a Collision with Motor Vehicle,1,Rain,Wet,Dark-Not Lighted
2024-09-12T15:52:00.000,I 85,I 85 and Sr 34,,Rear End,2,Cloudy,Dry,Daylight
2024-11-08T09:16:00.000,I 85,I 85 and Sr 34,,Rear End,2,Cloudy,Wet,Daylight
2024-01-08T10:19:00.000,I 85,I 85 and Sr 34,,Rear End,2,Clear,Dry,Daylight
2024-05-19T08:39:00.000,I 85,I 85 and Sr 34,,Sideswipe-Same Direction,2,Clear,Dry,Daylight
2024-11-19T12:31:00.000,I 85,I 85 and Sr 34,,Head On,2,Rain,Wet,Daylight
2023-10-03T18:09:00.000,I 85,I 85 and Sr 34,,Rear End,2,Clear,Dry,Daylight
2023-09-29T14:43:00.000,I 85,I 85 and Sr 34,,Rear End,2,Clear,Dry,Daylight
2023-09-15T09:19:00.000,I 85,I 85 and Sr 34,,Rear End,2,Clear,Dry,Daylight
2023-04-01T16:51:00.000,I 85,I 85 and Sr 34,,Rear End,2,Cloudy,Dry,Daylight
2023-04-27T17:50:00.000,I 85,I 85 and Sr 34,,Sideswipe-Same Direction,2,Cloudy,Dry,Daylight
2024-10-20T03:58:00.000,I 85,I 85 and Sr 34,,Rear End,2,Clear,Dry,Dark-Not Lighted
2024-04-21T18:09:00.000,I 85,I 85 and Sr 34,,Not a Collision with Motor Vehicle,1,Clear,Dry,Daylight
2024-09-19T17:05:00.000,I 85,I 85 and Sr 34,,Rear End,2,Clear,Dry,Daylight
2024-11-03T03:29:00.000,I 85,I 85 and Sr 34,,Not a Collision with Motor Vehicle,1,Clear,Dry,Dark-Lighted
2024-03-19T08:43:00.000,I 85,I 85 and Sr 34,,Rear End,2,Clear,Dry,Daylight
2024-07-04T09:23:00.000,I 85,I 85 and Sr 34,,Sideswipe-Same Direction,2,Clear,Dry,Daylight
2024-05-09T16:21:00.000,I 85,I 85 and Sr 34,,Rear End,2,Cloudy,Wet,Daylight
2024-02-23T05:08:00.000,I 85,I 85 and Sr 34,,Not a Collision with Motor Vehicle,1,Rain,Wet,Dark-Not Lighted
2024-01-28T19:09:00.000,I 85,I 85 and Sr 34,,Not a Collision with Motor Vehicle,1,Cloudy,Wet,Dark-Not Lighted
2023-11-14T15:10:00.000,I 85,I 85 and Sr 34,,Not a Collision with Motor Vehicle,1,Clear,Dry,Daylight
2023-02-04T14:12:00.000,I 85,I 85 and Sr 34,,Rear End,2,Clear,Dry,Daylight
2023-10-03T17:02:00.000,I 85,I 85 and Sr 34,,Rear End,3,Clear,Dry,Daylight
2023-02-07T10:56:00.000,I 85,I 85 and Sr 34,,Angle Crash,2,Clear,Dry,Daylight