Date and Time,Roadway (From Crash Report),Intersection Name (from Crash Report),KABCO Severity,Manner of Collision (Crash Level) ,# of Vehicles per crash ,Weather Conditions (Crash Level),Surface Condition (Crash Level) ,Light Conditions (Crash Level)
2023-12-05T06:53:00.000,I 85,I 85 and Sr 34,,Angle Crash,2,Clear,Dry,Daylight
2023-05-25T16:20:00.000,I 85,I 85 and Sr 34,,Sideswipe-Same Direction,2,Clear,Dry,Daylight
2023-02-28T06:06:00.000,I 85,I 85 and Sr 34,,Rear End,2,Clear,Dry,Dark-Lighted
2023-08-21T09:50:00.000,I 85,I 85 and Sr 34,,Rear End,2,Clear,Dry,Daylight
2023-11-14T14:30:00.000,I 85,I 85 and Sr 34,,Not a Collision with Motor Vehicle,1,Clear,Dry,Daylight
2023-11-01T08:56:00.000,I 85,I 85 and Sr 34,,Rear End,2,Clear,Dry,Daylight
2023-12-10T17:45:00.000,I 85,I 85 and Sr 34,,Not a Collision with Motor Vehicle,1,Rain,Wet,Dark-Not Lighted
2023-11-06T04:53:00.000,I 85,I 85 and Sr 34,,Rear End,2,Clear,Dry,Dark-Lighted
2023-01-21T11:56:00.000,I 85,I 85 and Sr 34,,Rear End,2,Clear,Dry,Daylight
2023-09-01T17:30:00.000,I 85,I 85 and Sr 34,,Rear End,2,Cloudy,Dry,Daylight
2023-09-14T16:50:00.000,I 85,I 85 and Sr 34,,Rear End,2,Cloudy,Dry,Daylight
2023-06-20T18:20:00.000,I 85,I 85 and Sr 34,,Not a Collision with Motor Vehicle,1,Rain,Wet,Daylight
2023-07-24T08:05:00.000,I 85,I 85 and Sr 34,,Rear End,2,Clear,Dry,Daylight
2023-04-24T09:15:00.000,I 85,I 85 and Sr 34,,Sideswipe-Same Direction,2,Clear,Dry,Daylight
2023-12-01T11:47:00.000,I 85,I 85 and Sr 34,,Not a Collision with Motor Vehicle,2,Cloudy,Dry,Daylight
2023-08-05T06:00:00.000,I 85,I 85 and Sr 34,,Sideswipe-Same Direction,2,Clear,Dry,Dark-Lighted
2023-08-17T18:09:00.000,I 85,I 85 and Sr 34,,Rear End,2,Clear,Dry,Daylight
2023-05-19T19:07:00.000,I 85,I 85 and Sr 34,,Sideswipe-Same Direction,2,Cloudy,Dry,Daylight
2023-11-14T15:10:00.000,I 85,I 85 and Sr 34,,Not a Collision with Motor Vehicle,1,Clear,Dry,Daylight
2023-08-23T07:59:00.000,I 85,I 85 and Sr 34,,Rear End,2,Clear,Dry,Daylight
2023-03-02T07:07:00.000,I 85,I 85 and Sr 34,,Angle Crash,2,Cloudy,Dry,Daylight
2023-07-29T13:52:00.000,I 85,I 85 and Sr 34,,Not a Collision with Motor Vehicle,1,Clear,Dry,Daylight
2023-09-03T17:26:00.000,I 85,I 85 and Sr 34,,Rear End,2,Clear,Dry,Daylight
2023-03-07T19:02:00.000,I 85,I 85 and Sr 34,,Rear End,2,Clear,Dry,Dark-Lighted
2023-02-11T16:28:00.000,I 85,I 85 and Sr 34,,Rear End,2,Clear,Dry,Daylight
2023-09-16T11:12:00.000,I 85,I 85 and Sr 34,,Not a Collision with Motor Vehicle,1,Rain,Wet,Daylight
2023-11-22T08:12:00.000,I 85,I 85 and Sr 34,,Rear End,2,Cloudy,Dry,Daylight
2023-07-09T22:07:00.000,I 85,I 85 and Sr 34,,Not a Collision with Motor Vehicle,1,Rain,Wet,Dark-Not Lighted
2023-08-11T21:43:00.000,I 85,I 85 and Sr 34,,Rear End,3,Cloudy,Dry,Dark-Not Lighted
2023-05-17T13:09:00.000,I 85,I 85 and Sr 34,,Angle Crash,2,Rain,Wet,Daylight
2023-09-25T06:55:00.000,I 85,I 85 and Sr 34,,Rear End,2,Clear,Dry,Daylight
2023-08-18T19:19:00.000,I 85,I 85 and Sr 34,,Rear End,2,Clear,Dry,Daylight
2023-07-14T07:29:00.000,I 85,I 85 and Sr 34,,Rear End,2,Clear,Dry,Daylight
2023-07-20T06:22:00.000,I 85,I 85 and Sr 34,,Rear End,2,Clear,Dry,Dawn
2023-07-29T01:30:00.000,I 85,I 85 and Sr 34,,Sideswipe-Same Direction,2,Clear,Dry,Dark-Not Lighted
2023-01-09T16:08:00.000,I 85,I 85 and Sr 34,,Rear End,2,Clear,Dry,Daylight
2023-03-11T15:40:00.000,I 85,I 85 and Sr 34,,Rear End,2,Clear,Dry,Daylight
2023-11-04T21:03:00.000,I 85,I 85 and Sr 34,,Rear End,2,Clear,Dry,Dark-Not Lighted
2023-05-04T18:14:00.000,I 85,I 85 and Sr 34,,Rear End,2,Clear,Dry,Daylight
2023-06-17T11:45:00.000,I 85,I 85 and Sr 34,,Rear End,2,Clear,Dry,Daylight
2023-11-14T15:10:00.000,I 85,I 85 and Sr 34,,Not a Collision with Motor Vehicle,1,Clear,Dry,Daylight
2023-09-22T07:07:00.000,I 85,I 85 and Sr 34,,Rear End,2,Clear,Dry,Daylight
2023-10-29T18:19:00.000,I 85,I 85 and Sr 34,,Rear End,2,Clear,Dry,Daylight
2023-06-03T21:10:00.000,I 85,I 85 and Sr 34,,Rear End,2,Clear,Dry,Dark-Lighted
2023-09-14T17:35:00.000,I 85,I 85 and Sr 34,,Rear End,2,Cloudy,Dry,Daylight
2024-02-12T04:05:00.000,I 85,I 85 and Sr 34,,Not a Collision with Motor Vehicle,1,Rain,Wet,Dark-Not Lighted
2024-09-21T13:16:00.000,I 85,I 85 and Sr 34,,Rear End,2,Clear,Dry,Daylight
2024-11-24T00:51:00.000,I 85,I 85 and Sr 34,,Not a Collision with Motor Vehicle,1,Clear,Dry,Dark-Not Lighted
2024-06-07T12:15:00.000,I 85,I 85 and Sr 34,,Rear End,2,Cloudy,Dry,Daylight
2024-02-08T04:54:00.000,I 85,I 85 and Sr 34,,Not a Collision with Motor Vehicle,1,Clear,Dry,Dark-Not Lighted
2024-06-29T00:34:00.000,I 85,I 85 and Sr 34,,Not a Collision with Motor Vehicle,1,Rain,Wet,Dark-Not Lighted
2024-04-20T17:02:00.000,I 85,I 85 and Sr 34,,Rear End,2,Clear,Dry,Daylight
2024-08-08T18:10:00.000,I 85,I 85 and Sr 34,,Angle Crash,2,Clear,Dry,Daylight
2024-10-18T06:42:00.000,I 85,I 85 and Sr 34,,Rear End,2,Clear,Dry,Dark-Lighted
2024-11-13T15:01:00.000,I 85,I 85 and Sr 34,,Rear End,2,Cloudy,Dry,Daylight
2024-09-07T18:32:00.000,I 85,I 85 and Sr 34,,Rear End,2,Clear,Dry,Daylight
2024-03-08T16:01:00.000,I 85,I 85 and Sr 34,,Rear End,2,Cloudy,Dry,Daylight
2024-11-07T09:37:00.000,I 85,I 85 and Sr 34,,Rear End,2,Cloudy,Dry,Daylight
2024-03-22T10:37:00.000,I 85,I 85 and Sr 34,,Rear End,2,Cloudy,Dry,Daylight
2024-05-03T05:51:00.000,I 85,I 85 and Sr 34,,Sideswipe-Same Direction,2,Clear,Dry,Dark-Lighted
2024-10-18T20:08:00.000,I 85,I 85 and Sr 34,,Rear End,2,Clear,Dry,Dark-Lighted
2024-03-21T20:00:00.000,I 85,I 85 and Sr 34,,Rear End,2,Clear,Dry,Dusk
2024-04-05T08:07:00.000,I 85,I 85 and Sr 34,,Rear End,2,Clear,Dry,Daylight
2024-09-01T13:24:00.000,I 85,I 85 and Sr 34,,Sideswipe-Same Direction,2,Clear,Dry,Daylight
2024-08-22T17:57:00.000,I 85,I 85 and Sr 34,,Rear End,2,Clear,Dry,Daylight
2024-09-12T15:52:00.000,I 85,I 85 and Sr 34,,Sideswipe-Same Direction,3,Clear,Dry,Daylight
2024-03-14T17:45:00.000,I 85,I 85 and Sr 34,,Sideswipe-Same Direction,2,Clear,Dry,Daylight
2024-02-12T03:09:00.000,I 85,I 85 and Sr 34,,Sideswipe-Same Direction,2,Rain,Wet,Dark-Not Lighted
2024-06-06T18:16:00.000,I 85,I 85 and Sr 34,,Rear End,2,Clear,Dry,Daylight
2024-12-27T09:44:00.000,I 85,I 85 and Sr 34,,Rear End,2,Cloudy,Dry,Daylight
2024-09-27T04:46:00.000,I 85,I 85 and Sr 34,,Not a Collision with Motor Vehicle,1,Rain,Wet,Dark-Not Lighted
2024-09-27T06:45:00.000,I 85,I 85 and Sr 34,,Not a Collision with Motor Vehicle,1,Rain,Wet,Dark-Not Lighted
2024-04-23T17:00:00.000,I 85,I 85 and Sr 34,,Rear End,2,Clear,Dry,Daylight
2024-08-11T15:59:00.000,I 85,I 85 and Sr 34,,Rear End,2,Clear,Dry,Daylight
2024-08-04T15:46:00.000,I 85,I 85 and Sr 34,,Rear End,2,Clear,Dry,Daylight
2024-05-30T18:36:00.000,I 85,I 85 and Sr 34,,Rear End,2,Clear,Dry,Daylight
2024-07-13T10:36:00.000,I 85,I 85 and Sr 34,,Rear End,2,Clear,Dry,Daylight
2024-01-09T08:19:00.000,I 85,I 85 and Sr 34,,Not a Collision with Motor Vehicle,1,Rain,Wet,Daylight
2024-08-24T17:15:00.000,I 85,I 85 and Sr 34,,Rear End,2,Clear,Dry,Daylight
2024-01-28T00:17:00.000,I 85,I 85 and Sr 34,,Rear End,3,Cloudy,Dry,Dark-Lighted
2024-09-05T17:56:00.000,I 85,I 85 and Sr 34,,Rear End,2,Clear,Dry,Daylight
2024-12-20T11:10:00.000,I 85,I 85 and Sr 34,,Rear End,2,Clear,Dry,Daylight
2024-02-06T08:28:00.000,I 85,I 85 and Sr 34,,Rear End,2,Clear,Dry,Daylight
2024-10-22T14:58:00.000,I 85,I 85 and Sr 34,,Rear End,2,Clear,Dry,Daylight
2024-02-28T08:47:00.000,I 85,I 85 and Sr 34,,Rear End,2,Cloudy,Dry,Daylight
2024-01-24T19:30:00.000,I 85,I 85 and Sr 34,,Sideswipe-Same Direction,2,Cloudy,Wet,Dark-Lighted
2024-11-16T16:50:00.000,I 85,I 85 and Sr 34,,Rear End,2,Clear,Dry,Daylight
2024-12-22T11:36:00.000,I 85,I 85 and Sr 34,,Rear End,2,Clear,Dry,Daylight
2024-07-07T09:41:00.000,I 85,I 85 and Sr 34,,Rear End,2,Clear,Dry,Daylight
2024-04-27T19:05:00.000,I 85,I 85 and Sr 34,,Rear End,2,Clear,Dry,Daylight
2024-10-10T09:17:00.000,I 85,I 85 and Sr 34,,Rear End,2,Clear,Dry,Daylight
2024-06-08T19:26:00.000,I 85,I 85 and Sr 34,,Rear End,2,Clear,Dry,Daylight
2024-09-02T02:48:00.000,I 85,I 85 and Sr 34,,Angle Crash,2,Clear,Dry,Dark-Lighted
2024-08-09T07:00:00.000,I 85,I 85 and Sr 34,,Rear End,2,Clear,Dry,Daylight
2024-08-08T15:08:00.000,I 85,I 85 and Sr 34,,Rear End,2,Clear,Dry,Daylight
2024-06-14T15:46:00.000,I 85,I 85 and Sr 34,,Rear End,2,Clear,Dry,Daylight
2024-07-15T14:08:00.000,I 85,I 85 and Sr 34,,Head On,2,Cloudy,Dry,Daylight
2021-07-02T19:15:00.000,I 85,I 85 and Sr 332,,Rear End,3,Cloudy,Dry,Daylight
2021-07-03T02:50:00.000,I 85,I 85 and Sr 332,,Rear End,2,Cloudy,Dry,Dark-Not Lighted
2021-02-04T21:21:00.000,I 85,I 85 and Sr 332,,Sideswipe-Same Direction,2,Clear,Dry,Dark-Not Lighted
2021-09-24T18:00:00.000,I 85,I 85 and Sr 332,,Rear End,2,Clear,Dry,Daylight
2020-12-18T11:34:00.000,I 85,I 85 and Sr 332,,Rear End,2,Clear,Dry,Daylight
2020-05-21T17:00:00.000,I 85,I 85 and Sr 332,,Sideswipe-Same Direction,3,Cloudy,Dry,Daylight
2021-07-06T17:54:00.000,I 85,I 85 and Sr 332,,Rear End,2,Clear,Dry,Daylight
2021-09-24T18:00:00.000,I 85,I 85 and Sr 332,,Rear End,3,Clear,Dry,Daylight
2022-02-14T11:30:00.000,I 85,I 85 and Sr 332,,Rear End,2,Clear,Dry,Daylight
2022-02-14T11:30:00.000,I 85,I 85 and Sr 332,,Rear End,2,Clear,Dry,Daylight
2023-01-06T07:25:00.000,I 85,I 85 and Sr 332,,Sideswipe-Same Direction,3,Clear,Dry,Daylight
2023-01-06T08:05:00.000,I 85,I 85 and Sr 332,,Rear End,2,Clear,Dry,Daylight
2023-07-10T08:27:00.000,I 85,I 85 and Sr 324,,Rear End,2,Rain,Wet,Daylight
2023-02-08T14:36:00.000,I 85,I 85 and Sr 324,,Rear End,2,Cloudy,Dry,Daylight
2023-03-22T07:14:00.000,I 85,I 85 and Sr 324,,Sideswipe-Same Direction,2,Cloudy,Dry,Dark-Lighted
2023-10-02T15:35:00.000,I 85,I 85 and Sr 324,,Not a Collision with Motor Vehicle,1,Clear,Dry,Daylight
2023-11-11T15:38:00.000,I 85,I 85 and Sr 324,,Angle Crash,2,Cloudy,Wet,Daylight
2023-05-26T21:37:00.000,I 85,I 85 and Sr 324,,Rear End,2,Clear,Dry,Dark-Lighted
2020-08-02T09:50:00.000,I 85,I 85 and Sr 324,,Not a Collision with Motor Vehicle,3,Clear,Dry,Daylight
2021-08-07T07:20:00.000,I 85,I 85 and Sr 324,,Not a Collision with Motor Vehicle,1,Clear,Dry,Daylight
2022-10-27T16:30:00.000,I 85,I 85 and Sr 324,,Rear End,2,Clear,Dry,Daylight
2022-04-02T09:49:00.000,I 85,I 85 and Sr 324,,Sideswipe-Same Direction,2,Clear,Dry,Daylight
2022-12-22T12:45:00.000,I 85,I 85 and Sr 324,,Sideswipe-Same Direction,3,Cloudy,Wet,Daylight
2022-04-30T15:18:00.000,I 85,I 85 and Sr 324,,Rear End,2,Cloudy,Dry,Daylight
2022-06-12T15:07:00.000,I 85,I 85 and Sr 324,,Rear End,2,Clear,Dry,Daylight
2022-02-27T09:15:00.000,I 85,I 85 and Sr 324,,Sideswipe-Same Direction,2,Rain,Wet,Daylight
2022-11-08T16:59:00.000,I 85,I 85 and Sr 324,,Rear End,2,Clear,Dry,Daylight
2024-04-17T06:13:00.000,I 85,I 85 and Sr 324,,Sideswipe-Same Direction,2,Clear,Dry,Dark-Lighted
2023-03-22T16:15:00.000,I 85,I 85 and Sr 324,,Rear End,2,Clear,Dry,Daylight
2023-10-02T17:01:00.000,I 85,I 85 and Sr 324,,Not a Collision with Motor Vehicle,1,Clear,Dry,Daylight
2023-07-11T16:40:00.000,I 85,I 85 and Sr 324,,Rear End,2,Clear,Dry,Daylight
2024-06-20T14:00:00.000,I 85,I 85 and Sr 324,,Rear End,2,Cloudy,Dry,Daylight
2024-02-21T05:45:00.000,I 85,I 85 and Sr 324,,Not a Collision with Motor Vehicle,1,Clear,Dry,Dark-Not Lighted
2024-10-17T18:55:00.000,I 85,I 85 and Sr 324,,Rear End,2,Clear,Dry,Dusk
2024-04-08T14:13:00.000,I 85,I 85 and Sr 324,,Rear End,2,Clear,Dry,Daylight
2024-12-20T09:40:00.000,I 85,I 85 and Sr 324,,Sideswipe-Same Direction,2,Clear,Dry,Daylight
2022-04-27T07:17:00.000,I 85,I 85 and Sr 321,,Sideswipe-Same Direction,2,Clear,Dry,Daylight
2023-09-03T06:40:00.000,I 85,I 85 and Sr 320,,Not a Collision with Motor Vehicle,1,Clear,Dry,Daylight
2020-09-20T00:00:00.000,I 85,I 85 and Sr 320,,Rear End,2,Clear,Dry,Daylight
2020-10-08T16:15:00.000,I 85,I 85 and Sr 320,,Not a Collision with Motor Vehicle,1,Clear,Dry,Daylight
2022-04-25T23:20:00.000,I 85,I 85 and Sr 320,,Not a Collision with Motor Vehicle,1,Clear,Dry,Dark-Not Lighted
2022-06-18T02:51:00.000,I 85,I 85 and Sr 320,,Sideswipe-Same Direction,1,Clear,Dry,Dark-Lighted
2024-06-10T21:02:00.000,I 85,I 85 and Sr 320,,Sideswipe-Same Direction,2,Clear,Dry,Dark-Not Lighted
2024-02-15T06:35:00.000,I 85,I 85 and Sr 320,,Sideswipe-Same Direction,2,Clear,Dry,Daylight
2024-05-28T18:28:00.000,I 85,I 85 and Sr 320,,Sideswipe-Same Direction,2,Clear,Dry,Daylight
2024-04-24T17:47:00.000,I 85,I 85 and Sr 320,,Rear End,2,Clear,Dry,Daylight
2021-01-29T15:08:00.000,I 85,I 85 and Sr 317,,Rear End,2,Clear,Dry,Daylight
2021-05-30T12:23:00.000,I 85,I 85 and Sr 317,,Rear End,2,Clear,Dry,Daylight
2021-01-28T18:10:00.000,I 85,I 85 and Sr 317,,Rear End,2,Clear,Dry,Dark-Lighted
2021-03-23T18:00:00.000,I 85,I 85 and Sr 317,,Rear End,2,Clear,Dry,Daylight
2021-04-19T13:30:00.000,I 85,I 85 and Sr 317,,Sideswipe-Same Direction,2,Clear,Dry,Daylight
2021-01-26T18:30:00.000,I 85,I 85 and Sr 317,,Rear End,2,Clear,Dry,Dark-Not Lighted
2021-06-10T17:20:00.000,I 85,I 85 and Sr 317,,Rear End,2,Rain,Wet,Daylight
2021-05-03T17:33:00.000,I 85,I 85 and Sr 317,,Rear End,2,Rain,Wet,Daylight
2021-06-15T15:10:00.000,I 85,I 85 and Sr 317,,Rear End,2,Clear,Dry,Daylight
2021-06-24T15:42:00.000,I 85,I 85 and Sr 317,,Rear End,2,Clear,Dry,Daylight
2021-10-13T15:15:00.000,I 85,I 85 and Sr 317,,Rear End,2,Clear,Dry,Daylight
2021-12-10T20:50:00.000,I 85,I 85 and Sr 317,,Angle Crash,3,Fog,Wet,Dark-Not Lighted
2021-11-24T11:21:00.000,I 85,I 85 and Sr 317,,Rear End,2,Clear,Dry,Daylight
2021-07-19T15:00:00.000,I 85,I 85 and Sr 317,,Rear End,2,Clear,Dry,Daylight
2021-09-24T14:20:00.000,I 85,I 85 and Sr 317,,Rear End,4,Clear,Dry,Daylight
2021-07-20T15:20:00.000,I 85,I 85 and Sr 317,,Rear End,2,Rain,Wet,Daylight
2021-11-11T17:59:00.000,I 85,I 85 and Sr 317,,Rear End,3,Clear,Dry,Dark-Lighted
2021-12-16T14:20:00.000,I 85,I 85 and Sr 317,,Sideswipe-Same Direction,2,Cloudy,Dry,Daylight
2021-09-04T17:39:00.000,I 85,I 85 and Sr 317,,Rear End,2,Clear,Dry,Daylight
2021-09-28T15:54:00.000,I 85,I 85 and Sr 317,,Rear End,3,Clear,Dry,Daylight
2021-10-19T21:30:00.000,I 85,I 85 and Sr 317,,Angle Crash,2,Clear,Dry,Dark-Not Lighted
2021-07-07T17:39:00.000,I 85,I 85 and Sr 317,,Rear End,2,Cloudy,Dry,Daylight
2021-11-13T18:15:00.000,I 85,I 85 and Sr 317,,Rear End,2,Clear,Dry,Dark-Not Lighted
2021-07-19T13:55:00.000,I 85,I 85 and Sr 317,,Sideswipe-Same Direction,2,Clear,Dry,Daylight
2021-11-18T06:55:00.000,I 85,I 85 and Sr 317,,Rear End,2,Clear,Dry,Dawn
2021-07-15T13:50:00.000,I 85,I 85 and Sr 317,,Rear End,2,Clear,Dry,Daylight
2021-02-15T19:16:00.000,I 85,I 85 and Sr 317,,Rear End,2,Rain,Wet,Dark-Not Lighted
2021-05-26T15:58:00.000,I 85,I 85 and Sr 317,,Rear End,4,Cloudy,Dry,Daylight
2021-03-19T14:44:00.000,I 85,I 85 and Sr 317,,Rear End,2,Clear,Dry,Daylight
2021-05-21T19:15:00.000,I 85,I 85 and Sr 317,,Sideswipe-Same Direction,2,Clear,Dry,Daylight
2021-01-03T18:30:00.000,I 85,I 85 and Sr 317,,Not a Collision with Motor Vehicle,1,Clear,Dry,Dark-Not Lighted
2021-03-25T08:43:00.000,I 85,I 85 and Sr 317,,Sideswipe-Same Direction,2,Rain,Wet,Daylight
2021-02-03T15:30:00.000,I 85,I 85 and Sr 317,,Rear End,2,Clear,Dry,Daylight
2021-03-26T06:33:00.000,I 85,I 85 and Sr 317,,Sideswipe-Same Direction,2,Cloudy,Wet,Dark-Not Lighted
2021-03-02T10:07:00.000,I 85,I 85 and Sr 317,,Rear End,2,Cloudy,Dry,Daylight
2021-04-01T06:21:00.000,I 85,I 85 and Sr 317,,Sideswipe-Same Direction,2,Clear,Dry,Dark-Not Lighted
2021-03-11T16:25:00.000,I 85,I 85 and Sr 317,,Rear End,2,Clear,Dry,Daylight
2021-05-14T15:43:00.000,I 85,I 85 and Sr 317,,Rear End,2,Clear,Dry,Daylight
2021-02-16T09:12:00.000,I 85,I 85 and Sr 317,,Rear End,2,Cloudy,Wet,Daylight
2021-03-02T14:00:00.000,I 85,I 85 and Sr 317,,Not a Collision with Motor Vehicle,1,Cloudy,Dry,Daylight
2021-04-14T10:55:00.000,I 85,I 85 and Sr 317,,Not a Collision with Motor Vehicle,2,Clear,Dry,Daylight
2021-02-02T11:20:00.000,I 85,I 85 and Sr 317,,Rear End,2,Clear,Dry,Daylight
2021-01-21T07:49:00.000,I 85,I 85 and Sr 317,,Rear End,2,Rain,Wet,Dawn
2021-01-15T15:29:00.000,I 85,I 85 and Sr 317,,Rear End,2,Clear,Dry,Daylight
2021-02-25T16:13:00.000,I 85,I 85 and Sr 317,,Rear End,2,Clear,Dry,Daylight
2021-04-15T10:10:00.000,I 85,I 85 and Sr 317,,Rear End,2,Clear,Dry,Daylight
2021-04-14T16:04:00.000,I 85,I 85 and Sr 317,,Rear End,2,Cloudy,Dry,Daylight
2021-01-11T13:31:00.000,I 85,I 85 and Sr 317,,Rear End,2,Rain,Wet,Daylight
2021-11-05T18:21:00.000,I 85,I 85 and Sr 317,,Rear End,2,Clear,Dry,Daylight
2021-09-08T17:06:00.000,I 85,I 85 and Sr 317,,Rear End,2,Rain,Wet,Daylight
2021-11-15T18:24:00.000,I 85,I 85 and Sr 317,,Sideswipe-Opposite Direction,2,Clear,Dry,Dark-Not Lighted
2021-11-15T15:59:00.000,I 85,I 85 and Sr 317,,Rear End,3,Clear,Dry,Daylight
2021-12-01T18:30:00.000,I 85,I 85 and Sr 317,,Rear End,2,Clear,Dry,Dark-Not Lighted
2021-11-03T15:00:00.000,I 85,I 85 and Sr 317,,Angle Crash,2,Cloudy,Dry,Daylight
2021-11-19T08:50:00.000,I 85,I 85 and Sr 317,,Sideswipe-Same Direction,2,Clear,Dry,Daylight
2021-11-26T13:46:00.000,I 85,I 85 and Sr 317,,Angle Crash,2,Clear,Dry,Daylight
2021-11-11T19:09:00.000,I 85,I 85 and Sr 317,,Sideswipe-Same Direction,2,Rain,Wet,Dark-Lighted
2021-09-21T17:12:00.000,I 85,I 85 and Sr 317,,Rear End,3,Clear,Dry,Daylight
2021-11-26T10:29:00.000,I 85,I 85 and Sr 317,,Not a Collision with Motor Vehicle,2,Cloudy,Dry,Daylight
2021-10-27T15:32:00.000,I 85,I 85 and Sr 317,,Rear End,2,Clear,Dry,Daylight
2021-07-07T16:21:00.000,I 85,I 85 and Sr 317,,Sideswipe-Same Direction,2,Cloudy,Wet,Daylight
2021-07-16T09:48:00.000,I 85,I 85 and Sr 317,,Rear End,2,Clear,Dry,Daylight
2021-11-24T08:21:00.000,I 85,I 85 and Sr 317,,Rear End,2,Clear,Dry,Daylight
2021-07-15T13:35:00.000,I 85,I 85 and Sr 317,,Not a Collision with Motor Vehicle,2,Clear,Dry,Daylight
2021-09-23T16:57:00.000,I 85,I 85 and Sr 317,,Rear End,3,Clear,Dry,Daylight
2021-04-07T07:30:00.000,I 85,I 85 and Sr 317,,Not a Collision with Motor Vehicle,2,Clear,Dry,Daylight
2021-03-23T17:39:00.000,I 85,I 85 and Sr 317,,Rear End,2,Clear,Dry,Daylight
2021-01-02T16:15:00.000,I 85,I 85 and Sr 317,,Sideswipe-Same Direction,2,Clear,Dry,Daylight
2021-01-12T17:09:00.000,I 85,I 85 and Sr 317,,Rear End,2,Clear,Dry,Daylight
2021-06-12T15:01:00.000,I 85,I 85 and Sr 317,,Sideswipe-Same Direction,2,Clear,Dry,Daylight
2021-03-01T07:05:00.000,I 85,I 85 and Sr 317,,Rear End,2,Rain,Wet,Daylight
2021-05-03T16:50:00.000,I 85,I 85 and Sr 317,,Sideswipe-Same Direction,6,Rain,Wet,Daylight
2021-04-07T17:15:00.000,I 85,I 85 and Sr 317,,Rear End,2,Clear,Dry,Daylight
2021-03-16T07:48:00.000,I 85,I 85 and Sr 317,,Rear End,2,Rain,Wet,Daylight
2021-01-12T15:55:00.000,I 85,I 85 and Sr 317,,Rear End,3,Clear,Dry,Daylight
2021-04-28T16:50:00.000,I 85,I 85 and Sr 317,,Rear End,4,Clear,Dry,Daylight
2021-02-27T21:45:00.000,I 85,I 85 and Sr 317,,Rear End,2,Cloudy,Wet,Dark-Not Lighted
2021-02-10T08:31:00.000,I 85,I 85 and Sr 317,,Sideswipe-Same Direction,2,Clear,Dry,Daylight
2021-03-04T15:12:00.000,I 85,I 85 and Sr 317,,Rear End,3,Clear,Dry,Daylight
2021-01-23T15:57:00.000,I 85,I 85 and Sr 317,,Rear End,2,Clear,Dry,Daylight
2021-12-23T11:20:00.000,I 85,I 85 and Sr 317,,Rear End,2,Cloudy,Dry,Daylight
2021-11-20T16:00:00.000,I 85,I 85 and Sr 317,,Rear End,2,Clear,Dry,Daylight
2021-10-05T07:55:00.000,I 85,I 85 and Sr 317,,Rear End,2,Rain,Wet,Daylight
2021-11-18T11:00:00.000,I 85,I 85 and Sr 317,,Sideswipe-Same Direction,2,Cloudy,Dry,Daylight
2021-11-09T18:45:00.000,I 85,I 85 and Sr 317,,Rear End,2,Clear,Dry,Daylight
2021-12-20T17:47:00.000,I 85,I 85 and Sr 317,,Rear End,2,Clear,Dry,Dark-Not Lighted
2021-12-19T03:00:00.000,I 85,I 85 and Sr 317,,Not a Collision with Motor Vehicle,1,Rain,Wet,Dark-Not Lighted
2021-11-15T17:09:00.000,I 85,I 85 and Sr 317,,Rear End,2,Clear,Dry,Daylight
2021-10-26T08:41:00.000,I 85,I 85 and Sr 317,,Rear End,3,Clear,Dry,Daylight
2021-10-21T15:50:00.000,I 85,I 85 and Sr 317,,Sideswipe-Same Direction,2,Cloudy,Wet,Daylight
2021-01-13T18:10:00.000,I 85,I 85 and Sr 317,,Sideswipe-Same Direction,2,Clear,Dry,Dark-Not Lighted
2021-06-12T13:56:00.000,I 85,I 85 and Sr 317,,Rear End,7,Clear,Dry,Daylight
2021-06-03T18:40:00.000,I 85,I 85 and Sr 317,,Rear End,2,Clear,Dry,Daylight
2021-04-18T17:40:00.000,I 85,I 85 and Sr 317,,Angle Crash,3,Clear,Dry,Daylight
2021-02-16T07:55:00.000,I 85,I 85 and Sr 317,,Rear End,2,Cloudy,Wet,Daylight
2021-03-22T16:30:00.000,I 85,I 85 and Sr 317,,Sideswipe-Same Direction,2,Clear,Dry,Daylight
2021-05-20T08:12:00.000,I 85,I 85 and Sr 317,,Rear End,2,Clear,Dry,Daylight
2020-07-03T08:00:00.000,I 85,I 85 and Sr 317,,Not a Collision with Motor Vehicle,1,Clear,Dry,Daylight
2020-01-16T18:12:00.000,I 85,I 85 and Sr 317,,Rear End,3,Clear,Dry,Dark-Not Lighted
2020-11-16T15:35:00.000,I 85,I 85 and Sr 317,,Rear End,2,Clear,Dry,Daylight
2020-12-18T19:42:00.000,I 85,I 85 and Sr 317,,Rear End,3,Clear,Dry,Dark-Lighted
2020-10-09T16:30:00.000,I 85,I 85 and Sr 317,,Rear End,2,Rain,Wet,Daylight
2020-02-08T11:10:00.000,I 85,I 85 and Sr 317,,Rear End,2,Sleet,Ice/Frost,Daylight
2020-12-18T19:42:00.000,I 85,I 85 and Sr 317,,Rear End,2,Clear,Dry,Dark-Lighted
2023-09-07T08:01:00.000,I 85,I 85 and Sr 317,,Sideswipe-Same Direction,3,Cloudy,Dry,Daylight
2023-03-28T08:58:00.000,I 85,I 85 and Sr 317,,Rear End,2,Cloudy,Dry,Daylight
2023-10-31T15:57:00.000,I 85,I 85 and Sr 317,,Rear End,2,Clear,Dry,Daylight
2023-04-15T07:46:00.000,I 85,I 85 and Sr 317,,Rear End,2,Fog,Dry,Daylight
2023-10-30T07:00:00.000,I 85,I 85 and Sr 317,,Rear End,2,Cloudy,Dry,Dark-Lighted
2023-05-30T16:40:00.000,I 85,I 85 and Sr 317,,Rear End,2,Clear,Dry,Daylight
2023-07-25T16:00:00.000,I 85,I 85 and Sr 317,,Rear End,2,Clear,Dry,Daylight
2023-01-27T13:55:00.000,I 85,I 85 and Sr 317,,Rear End,2,Clear,Dry,Daylight
2023-01-24T14:55:00.000,I 85,I 85 and Sr 317,,Rear End,2,Cloudy,Dry,Daylight
2023-08-01T15:35:00.000,I 85,I 85 and Sr 317,,Sideswipe-Same Direction,3,Clear,Dry,Daylight
2023-06-30T06:30:00.000,I 85,I 85 and Sr 317,,Rear End,2,Clear,Dry,Daylight
2023-08-23T17:58:00.000,I 85,I 85 and Sr 317,,Rear End,2,Clear,Dry,Daylight