Date and Time,Roadway (From Crash Report),Intersection Name (from Crash Report),KABCO Severity,Manner of Collision (Crash Level) ,# of Vehicles per crash ,Weather Conditions (Crash Level),Surface Condition (Crash Level) ,Light Conditions (Crash Level)
2023-05-30T05:30:00.000,I 85,I 85 and Sr 317,,Sideswipe-Same Direction,2,Clear,Dry,Daylight
2023-08-18T18:37:00.000,I 85,I 85 and Sr 317,,Sideswipe-Same Direction,2,Clear,Dry,Daylight
2023-07-13T16:48:00.000,I 85,I 85 and Sr 317,,Rear End,2,Cloudy,Dry,Daylight
2023-11-02T07:40:00.000,I 85,I 85 and Sr 317,,Rear End,2,Clear,Dry,Daylight
2023-02-17T15:27:00.000,I 85,I 85 and Sr 317,,Rear End,2,Clear,Dry,Daylight
2023-07-11T14:49:00.000,I 85,I 85 and Sr 317,,Rear End,2,Clear,Dry,Daylight
2023-12-21T09:51:00.000,I 85,I 85 and Sr 317,,Sideswipe-Same Direction,2,Clear,Dry,Daylight
2023-11-03T15:25:00.000,I 85,I 85 and Sr 317,,Rear End,2,Clear,Dry,Daylight
2023-07-17T17:15:00.000,I 85,I 85 and Sr 317,,Rear End,2,Clear,Dry,Daylight
2023-04-17T07:16:00.000,I 85,I 85 and Sr 317,,Not a Collision with Motor Vehicle,1,Clear,Dry,Daylight
2023-01-24T13:45:00.000,I 85,I 85 and Sr 317,,Sideswipe-Same Direction,2,Clear,Dry,Daylight
2023-06-06T17:06:00.000,I 85,I 85 and Sr 317,,Sideswipe-Same Direction,2,Clear,Dry,Daylight
2023-06-16T13:17:00.000,I 85,I 85 and Sr 317,,Rear End,3,Clear,Dry,Daylight
2023-10-26T08:01:00.000,I 85,I 85 and Sr 317,,Rear End,3,Clear,Dry,Daylight
2023-06-16T10:36:00.000,I 85,I 85 and Sr 317,,Rear End,2,Cloudy,Dry,Daylight
2023-03-27T07:49:00.000,I 85,I 85 and Sr 317,,Sideswipe-Same Direction,2,Rain,Wet,Daylight
2023-01-10T09:10:00.000,I 85,I 85 and Sr 317,,Sideswipe-Same Direction,2,Clear,Dry,Daylight
2023-05-19T17:17:00.000,I 85,I 85 and Sr 317,,Sideswipe-Same Direction,2,Clear,Dry,Daylight
2023-11-16T19:20:00.000,I 85,I 85 and Sr 317,,Rear End,2,Cloudy,Dry,Dark-Lighted
2023-10-19T13:50:00.000,I 85,I 85 and Sr 317,,Rear End,2,Cloudy,Dry,Daylight
2023-09-14T16:25:00.000,I 85,I 85 and Sr 317,,Not a Collision with Motor Vehicle,1,Cloudy,Dry,Daylight
2023-06-29T13:55:00.000,I 85,I 85 and Sr 317,,Rear End,2,Clear,Dry,Daylight
2023-02-06T06:07:00.000,I 85,I 85 and Sr 317,,Not a Collision with Motor Vehicle,1,Cloudy,Dry,Dark-Lighted
2023-03-02T16:54:00.000,I 85,I 85 and Sr 317,,Sideswipe-Same Direction,2,Rain,Wet,Daylight
2023-04-13T15:03:00.000,I 85,I 85 and Sr 317,,Rear End,3,Rain,Wet,Daylight
2023-04-14T12:40:00.000,I 85,I 85 and Sr 317,,Sideswipe-Same Direction,2,Rain,Wet,Daylight
2023-04-25T07:05:00.000,I 85,I 85 and Sr 317,,Sideswipe-Same Direction,2,Cloudy,Dry,Daylight
2023-04-07T13:31:00.000,I 85,I 85 and Sr 317,,Rear End,2,Clear,Dry,Daylight
2023-06-02T12:43:00.000,I 85,I 85 and Sr 317,,Sideswipe-Same Direction,2,Clear,Dry,Daylight
2023-02-24T17:58:00.000,I 85,I 85 and Sr 317,,Rear End,2,Rain,Wet,Dark-Not Lighted
2023-11-09T18:55:00.000,I 85,I 85 and Sr 317,,Rear End,3,Clear,Dry,Dark-Not Lighted
2023-02-19T13:45:00.000,I 85,I 85 and Sr 317,,Rear End,3,Clear,Dry,Daylight
2023-10-19T13:00:00.000,I 85,I 85 and Sr 317,,Sideswipe-Same Direction,2,Cloudy,Dry,Daylight
2023-12-22T16:13:00.000,I 85,I 85 and Sr 317,,Rear End,2,Clear,Dry,Daylight
2023-03-21T17:50:00.000,I 85,I 85 and Sr 317,,Rear End,3,Cloudy,Dry,Daylight
2023-05-23T15:40:00.000,I 85,I 85 and Sr 317,,Rear End,2,Cloudy,Dry,Daylight
2023-08-09T05:55:00.000,I 85,I 85 and Sr 317,,Sideswipe-Same Direction,2,Clear,Dry,Dark-Lighted
2023-05-30T16:20:00.000,I 85,I 85 and Sr 317,,Rear End,2,Cloudy,Dry,Daylight
2023-04-14T15:10:00.000,I 85,I 85 and Sr 317,,Rear End,2,Rain,Wet,Daylight
2023-06-17T16:20:00.000,I 85,I 85 and Sr 317,,Rear End,2,Clear,Dry,Daylight
2023-02-09T05:47:00.000,I 85,I 85 and Sr 317,,Rear End,2,Cloudy,Dry,Dark-Not Lighted
2023-08-01T07:41:00.000,I 85,I 85 and Sr 317,,Rear End,3,Clear,Dry,Daylight
2023-03-13T13:05:00.000,I 85,I 85 and Sr 317,,Sideswipe-Same Direction,2,Clear,Dry,Daylight
2023-05-27T11:52:00.000,I 85,I 85 and Sr 317,,Rear End,4,Clear,Dry,Daylight
2023-11-10T14:50:00.000,I 85,I 85 and Sr 317,,Rear End,2,Cloudy,Wet,Daylight
2023-08-01T07:49:00.000,I 85,I 85 and Sr 317,,Sideswipe-Same Direction,2,Cloudy,Dry,Daylight
2023-03-28T13:20:00.000,I 85,I 85 and Sr 317,,Not a Collision with Motor Vehicle,2,Cloudy,Dry,Daylight
2023-04-24T08:26:00.000,I 85,I 85 and Sr 317,,Rear End,2,Clear,Dry,Daylight
2023-01-17T17:00:00.000,I 85,I 85 and Sr 317,,Sideswipe-Same Direction,2,Cloudy,Wet,Daylight
2023-02-28T17:20:00.000,I 85,I 85 and Sr 317,,Rear End,4,Clear,Dry,Daylight
2023-11-03T17:18:00.000,I 85,I 85 and Sr 317,,Sideswipe-Same Direction,2,Clear,Dry,Daylight
2023-06-28T08:32:00.000,I 85,I 85 and Sr 317,,Rear End,2,Cloudy,Dry,Daylight
2023-06-13T09:57:00.000,I 85,I 85 and Sr 317,,Sideswipe-Same Direction,2,Clear,Dry,Daylight
2023-01-23T15:50:00.000,I 85,I 85 and Sr 317,,Rear End,2,Cloudy,Dry,Daylight
2023-01-19T17:09:00.000,I 85,I 85 and Sr 317,,Sideswipe-Same Direction,2,Cloudy,Dry,Dark-Lighted
2023-11-06T18:35:00.000,I 85,I 85 and Sr 317,,Rear End,2,Clear,Dry,Dark-Lighted
2023-08-25T15:45:00.000,I 85,I 85 and Sr 317,,Rear End,2,Clear,Dry,Daylight
2023-09-11T08:46:00.000,I 85,I 85 and Sr 317,,Rear End,3,Clear,Dry,Daylight
2023-03-02T16:55:00.000,I 85,I 85 and Sr 317,,Rear End,2,Rain,Wet,Daylight
2023-05-23T17:25:00.000,I 85,I 85 and Sr 317,,Rear End,2,Cloudy,Dry,Daylight
2023-01-02T17:44:00.000,I 85,I 85 and Sr 317,,Rear End,2,Cloudy,Wet,Daylight
2023-10-06T17:55:00.000,I 85,I 85 and Sr 317,,Sideswipe-Same Direction,2,Cloudy,Dry,Daylight
2023-02-14T17:09:00.000,I 85,I 85 and Sr 317,,Sideswipe-Same Direction,2,Clear,Dry,Daylight
2023-02-07T13:34:00.000,I 85,I 85 and Sr 317,,Rear End,2,Clear,Dry,Daylight
2023-06-30T13:35:00.000,I 85,I 85 and Sr 317,,Sideswipe-Same Direction,2,Rain,Wet,Daylight
2023-06-12T15:10:00.000,I 85,I 85 and Sr 317,,Rear End,4,Clear,Dry,Daylight
2023-04-23T16:15:00.000,I 85,I 85 and Sr 317,,Rear End,2,Clear,Dry,Daylight
2023-01-06T17:25:00.000,I 85,I 85 and Sr 317,,Rear End,2,Cloudy,Dry,Daylight
2022-08-10T18:05:00.000,I 85,I 85 and Sr 317,,Rear End,2,Cloudy,Wet,Daylight
2022-05-25T17:10:00.000,I 85,I 85 and Sr 317,,Sideswipe-Same Direction,2,Clear,Dry,Daylight
2022-02-28T07:30:00.000,I 85,I 85 and Sr 317,,Rear End,3,Cloudy,Wet,Daylight
2022-06-14T07:45:00.000,I 85,I 85 and Sr 317,,Rear End,2,Clear,Dry,Daylight
2022-09-06T16:54:00.000,I 85,I 85 and Sr 317,,Rear End,4,Clear,Dry,Daylight
2023-01-30T19:40:00.000,I 85,I 85 and Sr 317,,Rear End,2,Clear,Dry,Dark-Not Lighted
2022-02-02T17:30:00.000,I 85,I 85 and Sr 317,,Rear End,2,Cloudy,Dry,Dusk
2021-04-08T19:08:00.000,I 85,I 85 and Sr 317,,Sideswipe-Same Direction,2,Clear,Dry,Daylight
2020-01-10T15:00:00.000,I 85,I 85 and Sr 317,,Rear End,3,Cloudy,Dry,Daylight
2020-08-31T15:51:00.000,I 85,I 85 and Sr 317,,Sideswipe-Same Direction,2,Clear,Dry,Daylight
2020-12-04T12:00:00.000,I 85,I 85 and Sr 317,,Rear End,2,Cloudy,Wet,Daylight
2020-10-30T11:33:00.000,I 85,I 85 and Sr 317,,Rear End,2,Clear,Dry,Daylight
2020-01-14T19:50:00.000,I 85,I 85 and Sr 317,,Sideswipe-Same Direction,2,Rain,Wet,Dark-Lighted
2020-10-14T16:45:00.000,I 85,I 85 and Sr 317,,Sideswipe-Same Direction,2,Clear,Dry,Daylight
2020-03-18T06:45:00.000,I 85,I 85 and Sr 317,,Not a Collision with Motor Vehicle,1,Clear,Dry,Dark-Lighted
2020-03-13T17:45:00.000,I 85,I 85 and Sr 317,,Rear End,2,Cloudy,Dry,Daylight
2020-08-08T11:10:00.000,I 85,I 85 and Sr 317,,Not a Collision with Motor Vehicle,4,Clear,Dry,Daylight
2020-08-14T17:27:00.000,I 85,I 85 and Sr 317,,Rear End,2,Cloudy,Dry,Daylight
2020-02-02T14:55:00.000,I 85,I 85 and Sr 317,,Rear End,2,Clear,Dry,Daylight
2020-02-05T16:20:00.000,I 85,I 85 and Sr 317,,Rear End,2,Cloudy,Wet,Daylight
2020-02-06T17:40:00.000,I 85,I 85 and Sr 317,,Sideswipe-Same Direction,2,Rain,Wet,Daylight
2020-10-30T15:30:00.000,I 85,I 85 and Sr 317,,Rear End,2,Clear,Dry,Daylight
2020-10-20T16:25:00.000,I 85,I 85 and Sr 317,,Rear End,2,Clear,Dry,Daylight
2020-06-03T10:30:00.000,I 85,I 85 and Sr 317,,Rear End,2,Clear,Dry,Daylight
2020-11-18T19:30:00.000,I 85,I 85 and Sr 317,,Angle Crash,2,Clear,Dry,Dark-Not Lighted
2020-07-03T12:15:00.000,I 85,I 85 and Sr 317,,Rear End,2,Clear,Dry,Daylight
2020-10-18T15:00:00.000,I 85,I 85 and Sr 317,,Rear End,2,Clear,Dry,Daylight
2020-01-03T18:10:00.000,I 85,I 85 and Sr 317,,Rear End,2,Rain,Wet,Dark-Not Lighted
2020-11-02T17:40:00.000,I 85,I 85 and Sr 317,,Rear End,3,Clear,Dry,Dark-Lighted
2020-07-31T19:10:00.000,I 85,I 85 and Sr 317,,Rear End,2,Clear,Dry,Daylight
2020-05-06T16:38:00.000,I 85,I 85 and Sr 317,,Rear End,2,Cloudy,Wet,Daylight
2020-08-28T18:22:00.000,I 85,I 85 and Sr 317,,Rear End,2,Clear,Dry,Daylight
2020-10-26T16:52:00.000,I 85,I 85 and Sr 317,,Rear End,2,Cloudy,Dry,Daylight
2020-03-02T17:48:00.000,I 85,I 85 and Sr 317,,Rear End,2,Rain,Wet,Daylight
2020-10-02T14:49:00.000,I 85,I 85 and Sr 317,,Rear End,2,Clear,Dry,Daylight
2020-01-03T18:50:00.000,I 85,I 85 and Sr 317,,Sideswipe-Same Direction,2,Rain,Wet,Dark-Not Lighted
2020-03-06T09:02:00.000,I 85,I 85 and Sr 317,,Rear End,2,Clear,Wet,Daylight
2020-10-30T07:51:00.000,I 85,I 85 and Sr 317,,Rear End,5,Cloudy,Dry,Daylight
2020-01-31T07:55:00.000,I 85,I 85 and Sr 317,,Sideswipe-Same Direction,2,Rain,Wet,Daylight
2020-12-18T19:40:00.000,I 85,I 85 and Sr 317,,Rear End,2,Clear,Dry,Dark-Lighted
2020-07-10T15:20:00.000,I 85,I 85 and Sr 317,,Rear End,2,Cloudy,Dry,Daylight
2020-03-09T14:12:00.000,I 85,I 85 and Sr 317,,Not a Collision with Motor Vehicle,2,Clear,Dry,Daylight
2020-03-09T18:51:00.000,I 85,I 85 and Sr 317,,Rear End,2,Cloudy,Dry,Daylight
2020-12-18T19:43:00.000,I 85,I 85 and Sr 317,,Rear End,3,Clear,Dry,Dark-Lighted
2020-11-16T15:21:00.000,I 85,I 85 and Sr 317,,Rear End,3,Clear,Dry,Daylight
2020-09-04T14:05:00.000,I 85,I 85 and Sr 317,,Rear End,3,Clear,Dry,Daylight
2020-03-05T16:32:00.000,I 85,I 85 and Sr 317,,Rear End,3,Cloudy,Wet,Daylight
2020-02-20T14:00:00.000,I 85,I 85 and Sr 317,,Rear End,2,Rain,Wet,Daylight
2020-01-02T18:16:00.000,I 85,I 85 and Sr 317,,Rear End,2,Clear,Dry,Dusk
2020-08-23T13:55:00.000,I 85,I 85 and Sr 317,,Rear End,2,Clear,Dry,Daylight
2020-12-22T18:28:00.000,I 85,I 85 and Sr 317,,Rear End,2,Clear,Dry,Dark-Not Lighted
2020-02-07T21:26:00.000,I 85,I 85 and Sr 317,,Rear End,2,Clear,Dry,Dusk
2020-11-17T19:01:00.000,I 85,I 85 and Sr 317,,Not a Collision with Motor Vehicle,1,Clear,Dry,Dark-Not Lighted
2020-10-12T11:00:00.000,I 85,I 85 and Sr 317,,Rear End,2,Cloudy,Wet,Daylight
2020-06-25T18:00:00.000,I 85,I 85 and Sr 317,,Sideswipe-Same Direction,2,Clear,Dry,Daylight
2020-09-03T06:00:00.000,I 85,I 85 and Sr 317,,Rear End,2,Clear,Dry,Dark-Lighted
2020-08-28T15:40:00.000,I 85,I 85 and Sr 317,,Rear End,2,Clear,Dry,Daylight
2020-11-17T16:26:00.000,I 85,I 85 and Sr 317,,Rear End,3,Clear,Dry,Daylight
2020-11-05T17:37:00.000,I 85,I 85 and Sr 317,,Sideswipe-Same Direction,4,Clear,Dry,Dark-Not Lighted
2020-07-22T21:12:00.000,I 85,I 85 and Sr 317,,Sideswipe-Same Direction,2,Cloudy,Dry,Dark-Not Lighted
2020-09-25T11:15:00.000,I 85,I 85 and Sr 317,,Rear End,2,Cloudy,Wet,Daylight
2020-05-06T16:30:00.000,I 85,I 85 and Sr 317,,Rear End,2,Cloudy,Wet,Daylight
2020-02-14T13:49:00.000,I 85,I 85 and Sr 317,,Sideswipe-Same Direction,2,Clear,Dry,Daylight
2020-09-23T17:18:00.000,I 85,I 85 and Sr 317,,Rear End,3,Clear,Dry,Daylight
2020-09-17T03:19:00.000,I 85,I 85 and Sr 317,,Angle Crash,1,Rain,Wet,Dark-Not Lighted
2020-08-17T10:00:00.000,I 85,I 85 and Sr 317,,Rear End,2,Clear,Dry,Daylight
2020-09-17T17:20:00.000,I 85,I 85 and Sr 317,,Rear End,5,Cloudy,Wet,Daylight
2020-10-26T15:15:00.000,I 85,I 85 and Sr 317,,Rear End,2,Clear,Dry,Daylight
2020-01-22T15:20:00.000,I 85,I 85 and Sr 317,,Sideswipe-Same Direction,2,Clear,Dry,Daylight
2020-03-27T11:10:00.000,I 85,I 85 and Sr 317,,Not a Collision with Motor Vehicle,2,Clear,Dry,Daylight
2020-03-22T01:55:00.000,I 85,I 85 and Sr 317,,Rear End,2,Clear,Dry,Dark-Not Lighted
2020-03-04T15:50:00.000,I 85,I 85 and Sr 317,,Rear End,2,Rain,Wet,Daylight
2020-11-11T18:15:00.000,I 85,I 85 and Sr 317,,Sideswipe-Same Direction,2,Clear,Dry,Dark-Not Lighted
2020-10-21T16:41:00.000,I 85,I 85 and Sr 317,,Sideswipe-Same Direction,2,Clear,Dry,Daylight
2020-07-27T16:27:00.000,I 85,I 85 and Sr 317,,Rear End,4,Cloudy,Dry,Daylight
2020-12-14T17:40:00.000,I 85,I 85 and Sr 317,,Rear End,2,Clear,Dry,Dark-Not Lighted
2020-07-03T12:00:00.000,I 85,I 85 and Sr 317,,Rear End,3,Clear,Dry,Daylight
2020-09-30T17:35:00.000,I 85,I 85 and Sr 317,,Rear End,2,Clear,Dry,Daylight
2020-12-18T16:10:00.000,I 85,I 85 and Sr 317,,Rear End,2,Clear,Dry,Daylight
2020-04-22T17:00:00.000,I 85,I 85 and Sr 317,,Rear End,3,Clear,Dry,Daylight
2020-02-03T23:55:00.000,I 85,I 85 and Sr 317,,Sideswipe-Same Direction,2,Clear,Dry,Dark-Lighted
2020-02-14T15:35:00.000,I 85,I 85 and Sr 317,,Sideswipe-Same Direction,2,Clear,Dry,Daylight
2020-09-24T22:40:00.000,I 85,I 85 and Sr 317,,Sideswipe-Same Direction,2,Rain,Wet,Dark-Lighted
2020-09-08T16:26:00.000,I 85,I 85 and Sr 317,,Rear End,2,Clear,Dry,Daylight
2020-12-23T13:55:00.000,I 85,I 85 and Sr 317,,Rear End,2,Cloudy,Dry,Daylight
2020-03-02T18:30:00.000,I 85,I 85 and Sr 317,,Rear End,2,Rain,Wet,Daylight
2020-02-13T13:30:00.000,I 85,I 85 and Sr 317,,Not a Collision with Motor Vehicle,1,Cloudy,Dry,Daylight
2020-03-10T07:45:00.000,I 85,I 85 and Sr 317,,Rear End,2,Rain,Wet,Daylight
2020-08-31T17:40:00.000,I 85,I 85 and Sr 317,,Rear End,2,Clear,Dry,Daylight
2020-02-20T17:50:00.000,I 85,I 85 and Sr 317,,Rear End,2,Rain,Wet,Daylight
2020-01-08T05:42:00.000,I 85,I 85 and Sr 317,,Sideswipe-Same Direction,2,Clear,Dry,Dark-Not Lighted
2020-02-06T17:56:00.000,I 85,I 85 and Sr 317,,Rear End,2,Rain,Wet,Daylight
2020-02-12T08:15:00.000,I 85,I 85 and Sr 317,,Rear End,2,Cloudy,Wet,Daylight
2020-01-29T17:15:00.000,I 85,I 85 and Sr 317,,Rear End,2,Cloudy,Dry,Daylight
2020-09-06T06:00:00.000,I 85,I 85 and Sr 317,,Rear End,2,Clear,Dry,Dark-Not Lighted
2020-09-21T19:38:00.000,I 85,I 85 and Sr 317,,Not a Collision with Motor Vehicle,2,Clear,Dry,Dark-Not Lighted
2020-11-10T16:41:00.000,I 85,I 85 and Sr 317,,Rear End,2,Rain,Wet,Daylight
2020-02-20T15:40:00.000,I 85,I 85 and Sr 317,,Sideswipe-Same Direction,2,Rain,Wet,Daylight
2020-03-02T18:25:00.000,I 85,I 85 and Sr 317,,Rear End,2,Rain,Wet,Daylight
2020-09-04T14:05:00.000,I 85,I 85 and Sr 317,,Rear End,2,Clear,Dry,Daylight
2020-08-18T16:50:00.000,I 85,I 85 and Sr 317,,Rear End,3,Clear,Dry,Daylight
2020-07-09T15:40:00.000,I 85,I 85 and Sr 317,,Rear End,2,Clear,Dry,Daylight
2020-09-12T13:10:00.000,I 85,I 85 and Sr 317,,Angle Crash,2,Cloudy,Dry,Daylight
2020-03-09T18:02:00.000,I 85,I 85 and Sr 317,,Rear End,5,Clear,Dry,Daylight
2020-08-18T16:24:00.000,I 85,I 85 and Sr 317,,Rear End,2,Clear,Dry,Daylight
2020-07-03T13:00:00.000,I 85,I 85 and Sr 317,,Rear End,4,Clear,Dry,Daylight
2020-03-09T14:55:00.000,I 85,I 85 and Sr 317,,Sideswipe-Same Direction,2,Cloudy,Dry,Daylight
2020-07-24T16:08:00.000,I 85,I 85 and Sr 317,,Rear End,2,Clear,Dry,Daylight
2020-09-12T05:55:00.000,I 85,I 85 and Sr 317,,Not a Collision with Motor Vehicle,1,Clear,Wet,Dark-Not Lighted
2020-06-11T17:10:00.000,I 85,I 85 and Sr 317,,Rear End,2,Clear,Dry,Daylight
2020-12-11T18:27:00.000,I 85,I 85 and Sr 317,,Rear End,4,Clear,Dry,Dark-Not Lighted
2020-08-21T05:10:00.000,I 85,I 85 and Sr 317,,Sideswipe-Same Direction,2,Cloudy,Wet,Dark-Not Lighted
2020-03-16T11:55:00.000,I 85,I 85 and Sr 317,,Not a Collision with Motor Vehicle,3,Cloudy,Wet,Daylight
2020-10-02T15:18:00.000,I 85,I 85 and Sr 317,,Rear End,2,Clear,Dry,Daylight
2020-02-03T14:40:00.000,I 85,I 85 and Sr 317,,Rear End,3,Clear,Dry,Daylight
2020-12-08T17:45:00.000,I 85,I 85 and Sr 317,,Rear End,3,Clear,Dry,Dark-Not Lighted
2020-07-17T18:11:00.000,I 85,I 85 and Sr 317,,Rear End,2,Clear,Dry,Daylight
2020-12-05T16:10:00.000,I 85,I 85 and Sr 317,,Sideswipe-Same Direction,2,Clear,Dry,Daylight
2020-02-06T17:25:00.000,I 85,I 85 and Sr 317,,Rear End,2,Rain,Wet,Daylight
2020-02-05T16:20:00.000,I 85,I 85 and Sr 317,,Rear End,2,Cloudy,Wet,Daylight
2020-11-09T13:48:00.000,I 85,I 85 and Sr 317,,Sideswipe-Same Direction,2,Cloudy,Dry,Daylight
2020-08-31T16:45:00.000,I 85,I 85 and Sr 317,,Rear End,3,Clear,Dry,Daylight
2020-10-07T08:55:00.000,I 85,I 85 and Sr 317,,Sideswipe-Same Direction,2,Clear,Dry,Daylight
2020-01-07T16:15:00.000,I 85,I 85 and Sr 317,,Rear End,2,Clear,Dry,Daylight
2020-03-09T17:35:00.000,I 85,I 85 and Sr 317,,Rear End,2,Cloudy,Dry,Daylight
2020-11-17T07:53:00.000,I 85,I 85 and Sr 317,,Not a Collision with Motor Vehicle,1,Clear,Dry,Daylight
2020-06-11T17:36:00.000,I 85,I 85 and Sr 317,,Sideswipe-Same Direction,2,Clear,Dry,Daylight
2020-02-03T16:23:00.000,I 85,I 85 and Sr 317,,Rear End,2,Clear,Dry,Daylight
2020-12-18T18:30:00.000,I 85,I 85 and Sr 317,,Rear End,3,Clear,Dry,Dark-Not Lighted
2020-01-23T15:29:00.000,I 85,I 85 and Sr 317,,Rear End,2,Clear,Dry,Daylight
2020-05-27T13:35:00.000,I 85,I 85 and Sr 317,,Rear End,2,Rain,Wet,Daylight
2020-12-30T17:20:00.000,I 85,I 85 and Sr 317,,Sideswipe-Same Direction,2,Cloudy,Dry,Dark-Lighted
2020-11-16T15:11:00.000,I 85,I 85 and Sr 317,,Rear End,2,Clear,Dry,Daylight
2020-11-20T18:57:00.000,I 85,I 85 and Sr 317,,Rear End,2,Clear,Dry,Dark-Not Lighted
2020-11-12T16:02:00.000,I 85,I 85 and Sr 317,,Rear End,2,Clear,Dry,Daylight
2020-03-04T15:20:00.000,I 85,I 85 and Sr 317,,Sideswipe-Same Direction,2,Rain,Wet,Daylight
2020-06-02T15:45:00.000,I 85,I 85 and Sr 317,,Rear End,3,Clear,Dry,Daylight
2020-06-11T17:00:00.000,I 85,I 85 and Sr 317,,Rear End,2,Clear,Dry,Daylight
2020-09-14T09:10:00.000,I 85,I 85 and Sr 317,,Sideswipe-Same Direction,2,Clear,Dry,Daylight
2020-10-20T06:32:00.000,I 85,I 85 and Sr 317,,Rear End,2,Clear,Dry,Dark-Not Lighted
2020-04-03T17:30:00.000,I 85,I 85 and Sr 317,,Sideswipe-Same Direction,3,Clear,Dry,Daylight
2020-03-13T17:35:00.000,I 85,I 85 and Sr 317,,Rear End,2,Cloudy,Dry,Daylight
2020-01-09T16:06:00.000,I 85,I 85 and Sr 317,,Rear End,2,Cloudy,Dry,Daylight
2020-08-26T16:28:00.000,I 85,I 85 and Sr 317,,Rear End,2,Cloudy,Dry,Daylight
2020-08-29T20:35:00.000,I 85,I 85 and Sr 317,,Rear End,2,Clear,Dry,Dark-Not Lighted
2020-03-09T17:40:00.000,I 85,I 85 and Sr 317,,Rear End,2,Cloudy,Dry,Daylight
2020-10-09T16:20:00.000,I 85,I 85 and Sr 317,,Rear End,2,Rain,Wet,Daylight
2020-09-02T17:36:00.000,I 85,I 85 and Sr 317,,Rear End,2,Clear,Dry,Daylight
2020-09-03T13:50:00.000,I 85,I 85 and Sr 317,,Sideswipe-Same Direction,2,Clear,Dry,Daylight
2020-01-19T17:53:00.000,I 85,I 85 and Sr 317,,Rear End,2,Rain,Wet,Dusk
2020-12-14T15:37:00.000,I 85,I 85 and Sr 317,,Rear End,2,Clear,Dry,Daylight
2020-01-16T15:46:00.000,I 85,I 85 and Sr 317,,Rear End,3,Clear,Dry,Daylight
2020-03-09T19:05:00.000,I 85,I 85 and Sr 317,,Rear End,2,Clear,Dry,Daylight
2020-11-12T16:15:00.000,I 85,I 85 and Sr 317,,Rear End,3,Clear,Dry,Daylight
2020-07-07T08:33:00.000,I 85,I 85 and Sr 317,,Rear End,2,Cloudy,Dry,Daylight
2020-08-03T04:43:00.000,I 85,I 85 and Sr 317,,Sideswipe-Same Direction,1,Clear,Dry,Dark-Not Lighted
2020-12-02T17:10:00.000,I 85,I 85 and Sr 317,,Rear End,2,Clear,Dry,Daylight
2020-02-17T16:08:00.000,I 85,I 85 and Sr 317,,Rear End,2,Cloudy,Dry,Daylight
2020-12-18T08:48:00.000,I 85,I 85 and Sr 317,,Sideswipe-Same Direction,2,Clear,Dry,Daylight
2020-03-28T01:15:00.000,I 85,I 85 and Sr 317,,Rear End,2,Clear,Dry,Dark-Not Lighted
2020-09-18T15:55:00.000,I 85,I 85 and Sr 317,,Rear End,2,Cloudy,Dry,Daylight
2020-11-17T18:01:00.000,I 85,I 85 and Sr 317,,Rear End,2,Clear,Dry,Dark-Not Lighted
2020-07-29T15:50:00.000,I 85,I 85 and Sr 317,,Rear End,2,Clear,Dry,Daylight
2020-07-09T14:45:00.000,I 85,I 85 and Sr 317,,Not a Collision with Motor Vehicle,1,Clear,Dry,Daylight
2020-04-12T11:20:00.000,I 85,I 85 and Sr 317,,Rear End,2,Cloudy,Dry,Daylight
2020-06-11T16:40:00.000,I 85,I 85 and Sr 317,,Rear End,2,Clear,Dry,Daylight
2020-06-11T17:04:00.000,I 85,I 85 and Sr 317,,Rear End,2,Clear,Dry,Daylight
2020-01-31T10:00:00.000,I 85,I 85 and Sr 317,,Rear End,2,Rain,Wet,Daylight
2020-12-22T16:17:00.000,I 85,I 85 and Sr 317,,Rear End,2,Clear,Dry,Daylight
2020-07-15T13:50:00.000,I 85,I 85 and Sr 317,,Rear End,2,Clear,Dry,Daylight
2020-09-23T08:06:00.000,I 85,I 85 and Sr 317,,Not a Collision with Motor Vehicle,1,Clear,Dry,Daylight
2020-01-13T07:40:00.000,I 85,I 85 and Sr 317,,Rear End,5,Rain,Wet,Dark-Lighted
2020-12-30T21:45:00.000,I 85,I 85 and Sr 317,,Sideswipe-Same Direction,2,Clear,Dry,Dark-Not Lighted
2020-09-04T14:10:00.000,I 85,I 85 and Sr 317,,Rear End,2,Clear,Dry,Daylight
2020-03-09T18:50:00.000,I 85,I 85 and Sr 317,,Rear End,2,Clear,Dry,Daylight
2020-08-30T20:36:00.000,I 85,I 85 and Sr 317,,Rear End,2,Rain,Wet,Dark-Not Lighted
2020-08-21T16:10:00.000,I 85,I 85 and Sr 317,,Rear End,2,Clear,Dry,Daylight
2020-11-01T18:30:00.000,I 85,I 85 and Sr 317,,Rear End,2,Cloudy,Dry,Dark-Lighted
2020-02-28T17:30:00.000,I 85,I 85 and Sr 317,,Rear End,2,Clear,Dry,Daylight
2020-01-20T14:41:00.000,I 85,I 85 and Sr 317,,Rear End,2,Clear,Dry,Daylight
2020-12-10T17:08:00.000,I 85,I 85 and Sr 317,,Rear End,2,Clear,Dry,Daylight
2020-07-01T08:17:00.000,I 85,I 85 and Sr 317,,Rear End,2,Clear,Dry,Daylight
2021-01-25T15:34:00.000,I 85,I 85 and Sr 317,,Sideswipe-Same Direction,2,Clear,Dry,Daylight
2021-06-09T17:12:00.000,I 85,I 85 and Sr 317,,Rear End,2,Rain,Wet,Daylight
2021-04-21T14:43:00.000,I 85,I 85 and Sr 317,,Not a Collision with Motor Vehicle,1,Clear,Dry,Daylight
2021-02-05T15:02:00.000,I 85,I 85 and Sr 317,,Rear End,3,Clear,Dry,Daylight
2021-05-25T07:28:00.000,I 85,I 85 and Sr 317,,Rear End,2,Clear,Dry,Daylight
2021-06-24T15:01:00.000,I 85,I 85 and Sr 317,,Sideswipe-Same Direction,2,Clear,Dry,Daylight
2021-04-05T14:17:00.000,I 85,I 85 and Sr 317,,Sideswipe-Same Direction,2,Clear,Dry,Daylight
2021-03-18T12:20:00.000,I 85,I 85 and Sr 317,,Not a Collision with Motor Vehicle,1,Cloudy,Wet,Daylight
2021-06-19T08:07:00.000,I 85,I 85 and Sr 317,,Sideswipe-Same Direction,2,Clear,Dry,Daylight