Date and Time,Roadway (From Crash Report),Intersection Name (from Crash Report),KABCO Severity,Manner of Collision (Crash Level) ,# of Vehicles per crash ,Weather Conditions (Crash Level),Surface Condition (Crash Level) ,Light Conditions (Crash Level)
2024-09-06T16:00:00.000,I 85,I 85 and Sr 317,,Rear End,3,Cloudy,Dry,Daylight
2024-06-28T14:18:00.000,I 85,I 85 and Sr 317,,Rear End,2,Clear,Dry,Daylight
2024-02-05T15:05:00.000,I 85,I 85 and Sr 317,,Sideswipe-Same Direction,2,Cloudy,Dry,Daylight
2024-02-28T07:20:00.000,I 85,I 85 and Sr 317,,Rear End,3,Cloudy,Wet,Daylight
2024-11-07T18:09:00.000,I 85,I 85 and Sr 317,,Sideswipe-Same Direction,2,Cloudy,Dry,Dark-Not Lighted
2024-03-21T07:25:00.000,I 85,I 85 and Sr 317,,Sideswipe-Same Direction,2,Clear,Dry,Daylight
2024-03-04T17:22:00.000,I 85,I 85 and Sr 317,,Rear End,2,Cloudy,Dry,Daylight
2024-10-31T15:00:00.000,I 85,I 85 and Sr 317,,Rear End,3,Clear,Dry,Daylight
2024-11-27T16:45:00.000,I 85,I 85 and Sr 317,,Rear End,2,Clear,Dry,Daylight
2024-11-14T17:45:00.000,I 85,I 85 and Sr 317,,Sideswipe-Same Direction,2,Clear,Wet,Dark-Lighted
2024-07-09T17:45:00.000,I 85,I 85 and Sr 317,,Rear End,2,Clear,Dry,Daylight
2024-08-16T16:00:00.000,I 85,I 85 and Sr 317,,Sideswipe-Same Direction,2,Clear,Dry,Daylight
2024-12-31T15:55:00.000,I 85,I 85 and Sr 317,,Angle Crash,3,Clear,Dry,Daylight
2024-03-15T13:55:00.000,I 85,I 85 and Sr 317,,Rear End,2,Cloudy,Dry,Daylight
2024-01-18T18:25:00.000,I 85,I 85 and Sr 317,,Rear End,2,Clear,Dry,Dark-Lighted
2024-10-07T16:08:00.000,I 85,I 85 and Sr 317,,Rear End,2,Clear,Dry,Daylight
2023-10-31T07:45:00.000,I 85,I 85 and Sr 317,,Rear End,2,Cloudy,Dry,Daylight
2023-07-18T18:05:00.000,I 85,I 85 and Sr 317,,Rear End,3,Cloudy,Dry,Daylight
2023-04-17T16:30:00.000,I 85,I 85 and Sr 317,,Rear End,2,Clear,Dry,Daylight
2023-11-03T15:10:00.000,I 85,I 85 and Sr 317,,Sideswipe-Same Direction,2,Cloudy,Dry,Daylight
2023-06-28T08:15:00.000,I 85,I 85 and Sr 317,,Rear End,2,Clear,Dry,Daylight
2024-07-10T15:51:00.000,I 85,I 85 and Sr 317,,Sideswipe-Same Direction,2,Clear,Dry,Daylight
2024-05-08T09:00:00.000,I 85,I 85 and Sr 317,,Rear End,2,Cloudy,Dry,Daylight
2024-09-17T15:54:00.000,I 85,I 85 and Sr 317,,Rear End,2,Cloudy,Dry,Daylight
2024-04-05T15:19:00.000,I 85,I 85 and Sr 317,,Rear End,3,Clear,Dry,Daylight
2024-03-27T07:56:00.000,I 85,I 85 and Sr 317,,Sideswipe-Same Direction,2,Cloudy,Dry,Daylight
2023-01-27T14:45:00.000,I 85,I 85 and Sr 317,,Rear End,2,Clear,Dry,Daylight
2023-03-27T07:09:00.000,I 85,I 85 and Sr 317,,Not a Collision with Motor Vehicle,1,Rain,Wet,Dawn
2023-04-25T14:50:00.000,I 85,I 85 and Sr 317,,Rear End,2,Cloudy,Dry,Daylight
2023-07-11T15:00:00.000,I 85,I 85 and Sr 317,,Rear End,5,Clear,Dry,Daylight
2023-06-22T08:25:00.000,I 85,I 85 and Sr 317,,Sideswipe-Same Direction,4,Rain,Wet,Daylight
2023-02-06T18:06:00.000,I 85,I 85 and Sr 317,,Rear End,2,Clear,Dry,Daylight
2023-04-05T12:08:00.000,I 85,I 85 and Sr 317,,Sideswipe-Same Direction,2,Clear,Dry,Daylight
2023-07-11T13:20:00.000,I 85,I 85 and Sr 317,,Rear End,2,Clear,Dry,Daylight
2023-03-13T06:56:00.000,I 85,I 85 and Sr 317,,Rear End,2,Cloudy,Dry,Dawn
2023-08-07T15:14:00.000,I 85,I 85 and Sr 317,,Rear End,4,Clear,Dry,Daylight
2023-03-30T17:50:00.000,I 85,I 85 and Sr 317,,Not a Collision with Motor Vehicle,1,Cloudy,Dry,Daylight
2023-01-31T07:28:00.000,I 85,I 85 and Sr 317,,Rear End,4,Cloudy,Dry,Daylight
2023-04-25T15:14:00.000,I 85,I 85 and Sr 317,,Rear End,2,Clear,Dry,Daylight
2023-02-28T18:45:00.000,I 85,I 85 and Sr 317,,Not a Collision with Motor Vehicle,1,Cloudy,Dry,Dark-Lighted
2023-02-10T15:37:00.000,I 85,I 85 and Sr 317,,Rear End,2,Clear,Dry,Daylight
2023-07-24T08:05:00.000,I 85,I 85 and Sr 317,,Rear End,2,Clear,Dry,Daylight
2023-03-28T09:29:00.000,I 85,I 85 and Sr 317,,Rear End,2,Cloudy,Dry,Daylight
2023-04-17T17:05:00.000,I 85,I 85 and Sr 317,,Rear End,3,Clear,Dry,Daylight
2023-10-31T14:10:00.000,I 85,I 85 and Sr 317,,Angle Crash,2,Cloudy,Dry,Daylight
2023-02-21T16:05:00.000,I 85,I 85 and Sr 317,,Rear End,2,Clear,Dry,Daylight
2023-02-03T17:28:00.000,I 85,I 85 and Sr 317,,Rear End,2,Cloudy,Dry,Daylight
2023-12-22T15:20:00.000,I 85,I 85 and Sr 317,,Sideswipe-Same Direction,2,Cloudy,Dry,Daylight
2023-03-17T16:00:00.000,I 85,I 85 and Sr 317,,Rear End,2,Rain,Wet,Daylight
2023-06-08T18:45:00.000,I 85,I 85 and Sr 317,,Rear End,2,Cloudy,Dry,Daylight
2023-02-20T15:36:00.000,I 85,I 85 and Sr 317,,Rear End,2,Cloudy,Dry,Daylight
2023-08-18T13:07:00.000,I 85,I 85 and Sr 317,,Rear End,2,Clear,Dry,Daylight
2023-12-15T16:17:00.000,I 85,I 85 and Sr 317,,Rear End,2,Clear,Dry,Daylight
2023-05-15T13:32:00.000,I 85,I 85 and Sr 317,,Rear End,2,Cloudy,Dry,Daylight
2023-09-22T14:30:00.000,I 85,I 85 and Sr 317,,Rear End,4,Clear,Dry,Daylight
2023-09-15T05:41:00.000,I 85,I 85 and Sr 317,,Rear End,3,Clear,Wet,Dark-Not Lighted
2023-08-31T09:47:00.000,I 85,I 85 and Sr 317,,Rear End,2,Cloudy,Dry,Daylight
2023-08-11T16:30:00.000,I 85,I 85 and Sr 317,,Sideswipe-Same Direction,2,Clear,Dry,Daylight
2023-06-08T18:33:00.000,I 85,I 85 and Sr 317,,Rear End,2,Cloudy,Dry,Daylight
2023-12-26T12:35:00.000,I 85,I 85 and Sr 317,,Rear End,2,Rain,Wet,Daylight
2023-03-03T15:19:00.000,I 85,I 85 and Sr 317,,Rear End,2,Cloudy,Dry,Daylight
2023-08-18T12:00:00.000,I 85,I 85 and Sr 317,,Sideswipe-Same Direction,3,Clear,Dry,Daylight
2023-08-22T08:38:00.000,I 85,I 85 and Sr 317,,Rear End,2,Clear,Dry,Daylight
2023-09-19T18:15:00.000,I 85,I 85 and Sr 317,,Rear End,4,Clear,Dry,Daylight
2023-02-16T19:40:00.000,I 85,I 85 and Sr 317,,Sideswipe-Same Direction,2,Cloudy,Dry,Dark-Lighted
2023-06-13T15:21:00.000,I 85,I 85 and Sr 317,,Sideswipe-Same Direction,2,Clear,Dry,Daylight
2023-06-06T19:00:00.000,I 85,I 85 and Sr 317,,Rear End,2,Clear,Dry,Daylight
2023-01-09T08:19:00.000,I 85,I 85 and Sr 317,,Sideswipe-Same Direction,2,Cloudy,Dry,Daylight
2023-12-27T16:45:00.000,I 85,I 85 and Sr 317,,Sideswipe-Same Direction,2,Clear,Dry,Daylight
2023-04-17T08:56:00.000,I 85,I 85 and Sr 317,,Rear End,2,Clear,Dry,Daylight
2023-10-31T07:45:00.000,I 85,I 85 and Sr 317,,Rear End,2,Cloudy,Dry,Daylight
2023-01-20T07:45:00.000,I 85,I 85 and Sr 317,,Rear End,4,Clear,Dry,Daylight
2023-10-12T16:30:00.000,I 85,I 85 and Sr 317,,Rear End,2,Cloudy,Dry,Daylight
2023-05-29T17:10:00.000,I 85,I 85 and Sr 317,,Sideswipe-Same Direction,2,Clear,Dry,Daylight
2023-07-20T07:55:00.000,I 85,I 85 and Sr 317,,Rear End,2,Clear,Dry,Daylight
2023-02-28T17:36:00.000,I 85,I 85 and Sr 317,,Rear End,2,Cloudy,Dry,Daylight
2023-05-16T16:15:00.000,I 85,I 85 and Sr 317,,Rear End,4,Clear,Dry,Daylight
2023-01-31T18:46:00.000,I 85,I 85 and Sr 317,,Rear End,2,Rain,Wet,Dark-Not Lighted
2024-03-27T06:55:00.000,I 85,I 85 and Sr 317,,Sideswipe-Same Direction,3,Cloudy,Wet,Dark-Not Lighted
2024-10-29T18:20:00.000,I 85,I 85 and Sr 317,,Rear End,3,Clear,Dry,Daylight
2024-09-12T18:40:00.000,I 85,I 85 and Sr 317,,Rear End,2,Cloudy,Dry,Daylight
2024-05-31T14:05:00.000,I 85,I 85 and Sr 317,,Rear End,2,Clear,Dry,Daylight
2024-04-12T14:32:00.000,I 85,I 85 and Sr 317,,Rear End,2,Cloudy,Dry,Daylight
2024-08-27T12:20:00.000,I 85,I 85 and Sr 317,,Not a Collision with Motor Vehicle,1,Clear,Dry,Daylight
2024-10-14T18:30:00.000,I 85,I 85 and Sr 317,,Sideswipe-Same Direction,2,Clear,Dry,Daylight
2024-12-05T15:20:00.000,I 85,I 85 and Sr 317,,Sideswipe-Same Direction,2,Clear,Dry,Daylight
2024-01-24T08:13:00.000,I 85,I 85 and Sr 317,,Rear End,2,Rain,Wet,Daylight
2024-04-26T13:25:00.000,I 85,I 85 and Sr 317,,Rear End,2,Clear,Dry,Daylight
2024-05-08T18:52:00.000,I 85,I 85 and Sr 317,,Rear End,2,Clear,Dry,Daylight
2024-08-09T16:20:00.000,I 85,I 85 and Sr 317,,Rear End,2,Clear,Dry,Daylight
2024-11-26T10:30:00.000,I 85,I 85 and Sr 317,,Rear End,2,Cloudy,Wet,Daylight
2024-07-11T08:15:00.000,I 85,I 85 and Sr 317,,Rear End,2,Clear,Dry,Daylight
2024-01-25T17:30:00.000,I 85,I 85 and Sr 317,,Rear End,2,Clear,Dry,Dusk
2024-04-26T13:33:00.000,I 85,I 85 and Sr 317,,Rear End,2,Clear,Dry,Daylight
2024-01-19T16:27:00.000,I 85,I 85 and Sr 317,,Rear End,2,Clear,Dry,Daylight
2024-01-05T18:32:00.000,I 85,I 85 and Sr 317,,Rear End,2,Clear,Dry,Dark-Not Lighted
2024-08-15T18:35:00.000,I 85,I 85 and Sr 317,,Rear End,2,Clear,Dry,Daylight
2024-11-13T15:20:00.000,I 85,I 85 and Sr 317,,Sideswipe-Same Direction,2,Clear,Dry,Daylight
2024-12-30T15:20:00.000,I 85,I 85 and Sr 317,,Rear End,2,Clear,Dry,Daylight
2024-05-09T13:10:00.000,I 85,I 85 and Sr 317,,Rear End,2,Rain,Wet,Daylight
2024-12-05T17:25:00.000,I 85,I 85 and Sr 317,,Rear End,3,Clear,Dry,Dark-Lighted
2024-02-13T15:52:00.000,I 85,I 85 and Sr 317,,Rear End,2,Clear,Dry,Daylight
2024-03-07T15:41:00.000,I 85,I 85 and Sr 317,,Rear End,2,Cloudy,Dry,Daylight
2024-04-01T15:31:00.000,I 85,I 85 and Sr 317,,Rear End,2,Cloudy,Dry,Daylight
2024-09-26T16:20:00.000,I 85,I 85 and Sr 317,,Not a Collision with Motor Vehicle,1,Rain,Wet,Daylight
2024-11-26T10:00:00.000,I 85,I 85 and Sr 317,,Rear End,2,Cloudy,Wet,Daylight
2024-11-27T12:04:00.000,I 85,I 85 and Sr 317,,Rear End,2,Clear,Dry,Daylight
2024-12-26T19:25:00.000,I 85,I 85 and Sr 317,,Rear End,2,Cloudy,Dry,Dark-Not Lighted
2024-05-06T17:55:00.000,I 85,I 85 and Sr 317,,Rear End,2,Clear,Dry,Daylight
2024-11-27T16:15:00.000,I 85,I 85 and Sr 317,,Rear End,3,Clear,Dry,Daylight
2024-11-04T18:00:00.000,I 85,I 85 and Sr 317,,Rear End,2,Clear,Dry,Daylight
2024-04-24T08:06:00.000,I 85,I 85 and Sr 317,,Sideswipe-Same Direction,2,Clear,Dry,Daylight
2024-11-21T16:55:00.000,I 85,I 85 and Sr 317,,Rear End,2,Clear,Dry,Daylight
2024-09-17T16:04:00.000,I 85,I 85 and Sr 317,,Rear End,2,Cloudy,Dry,Daylight
2024-07-26T15:20:00.000,I 85,I 85 and Sr 317,,Sideswipe-Same Direction,2,Clear,Dry,Daylight
2024-08-26T17:26:00.000,I 85,I 85 and Sr 317,,Sideswipe-Same Direction,2,Clear,Dry,Daylight
2024-10-31T18:00:00.000,I 85,I 85 and Sr 317,,Rear End,2,Clear,Dry,Daylight
2024-09-03T15:13:00.000,I 85,I 85 and Sr 317,,Rear End,2,Clear,Dry,Daylight
2024-08-09T00:00:00.000,I 85,I 85 and Sr 317,,Rear End,2,Clear,Dry,Daylight
2024-06-17T10:52:00.000,I 85,I 85 and Sr 317,,Rear End,3,Clear,Dry,Daylight
2024-04-12T10:10:00.000,I 85,I 85 and Sr 317,,Rear End,2,Clear,Dry,Daylight
2024-04-23T12:35:00.000,I 85,I 85 and Sr 317,,Rear End,2,Clear,Dry,Daylight
2024-12-23T17:00:00.000,I 85,I 85 and Sr 317,,Rear End,2,Clear,Dry,Daylight
2024-12-11T18:00:00.000,I 85,I 85 and Sr 317,,Rear End,2,Clear,Dry,Dark-Lighted
2024-02-20T16:55:00.000,I 85,I 85 and Sr 317,,Rear End,2,Clear,Dry,Daylight
2024-10-21T14:40:00.000,I 85,I 85 and Sr 317,,Rear End,3,Clear,Dry,Daylight
2024-02-19T19:40:00.000,I 85,I 85 and Sr 317,,Sideswipe-Same Direction,2,Cloudy,Dry,Dark-Not Lighted
2024-07-26T17:25:00.000,I 85,I 85 and Sr 317,,Rear End,2,Clear,Dry,Daylight
2024-03-28T16:50:00.000,I 85,I 85 and Sr 317,,Sideswipe-Same Direction,2,Clear,Dry,Daylight
2024-10-03T15:10:00.000,I 85,I 85 and Sr 317,,Sideswipe-Same Direction,3,Clear,Dry,Daylight
2024-05-20T22:24:00.000,I 85,I 85 and Sr 317,,Sideswipe-Same Direction,2,Clear,Dry,Dark-Not Lighted
2024-04-16T08:03:00.000,I 85,I 85 and Sr 317,,Rear End,2,Cloudy,Wet,Daylight
2024-05-06T14:38:00.000,I 85,I 85 and Sr 317,,Rear End,3,Clear,Dry,Daylight
2024-01-26T14:05:00.000,I 85,I 85 and Sr 317,,Rear End,2,Clear,Dry,Daylight
2024-02-02T15:10:00.000,I 85,I 85 and Sr 317,,Rear End,4,Clear,Dry,Daylight
2024-08-12T15:59:00.000,I 85,I 85 and Sr 317,,Rear End,2,Clear,Dry,Daylight
2024-04-19T15:10:00.000,I 85,I 85 and Sr 317,,Sideswipe-Same Direction,2,Cloudy,Dry,Daylight
2024-07-10T17:45:00.000,I 85,I 85 and Sr 317,,Rear End,2,Clear,Dry,Daylight
2024-01-28T17:39:00.000,I 85,I 85 and Sr 317,,Not a Collision with Motor Vehicle,1,Cloudy,Dry,Daylight
2024-09-03T15:13:00.000,I 85,I 85 and Sr 317,,Sideswipe-Same Direction,2,Clear,Dry,Daylight
2024-02-22T08:39:00.000,I 85,I 85 and Sr 317,,Rear End,3,Cloudy,Dry,Daylight
2024-03-04T17:14:00.000,I 85,I 85 and Sr 317,,Rear End,3,Clear,Dry,Daylight
2024-01-04T16:19:00.000,I 85,I 85 and Sr 317,,Rear End,2,Clear,Dry,Daylight
2024-02-05T17:20:00.000,I 85,I 85 and Sr 317,,Sideswipe-Same Direction,2,Cloudy,Dry,Daylight
2024-07-24T09:58:00.000,I 85,I 85 and Sr 317,,Rear End,2,Cloudy,Dry,Daylight
2024-10-08T15:49:00.000,I 85,I 85 and Sr 317,,Rear End,2,Clear,Dry,Daylight
2024-12-19T16:30:00.000,I 85,I 85 and Sr 317,,Sideswipe-Same Direction,2,Clear,Dry,Daylight
2024-11-26T09:00:00.000,I 85,I 85 and Sr 317,,Sideswipe-Same Direction,2,Cloudy,Wet,Daylight
2024-08-29T11:46:00.000,I 85,I 85 and Sr 317,,Sideswipe-Same Direction,2,Clear,Dry,Daylight
2024-01-26T14:55:00.000,I 85,I 85 and Sr 317,,Rear End,2,Clear,Dry,Daylight
2024-08-02T17:00:00.000,I 85,I 85 and Sr 317,,Rear End,2,Clear,Dry,Daylight
2024-11-21T19:28:00.000,I 85,I 85 and Sr 317,,Rear End,2,Clear,Dry,Dark-Not Lighted
2024-04-19T17:35:00.000,I 85,I 85 and Sr 317,,Sideswipe-Same Direction,2,Cloudy,Dry,Daylight
2024-03-07T07:25:00.000,I 85,I 85 and Sr 317,,Rear End,2,Clear,Wet,Daylight
2024-12-26T16:30:00.000,I 85,I 85 and Sr 317,,Rear End,2,Cloudy,Dry,Daylight
2021-08-08T04:40:00.000,I 85,I 85 and Sr 316,,Rear End,2,Clear,Dry,Dark-Lighted
2021-12-29T10:25:00.000,I 85,I 85 and Sr 316,,Angle Crash,2,Rain,Wet,Daylight
2021-07-09T15:52:00.000,I 85,I 85 and Sr 316,,Not a Collision with Motor Vehicle,1,Rain,Wet,Daylight
2021-09-03T16:24:00.000,I 85,I 85 and Sr 316,,Not a Collision with Motor Vehicle,2,Clear,Dry,Daylight
2021-10-05T07:52:00.000,I 85,I 85 and Sr 316,,Not a Collision with Motor Vehicle,1,Rain,Wet,Daylight
2021-01-28T12:39:00.000,I 85,I 85 and Sr 316,,Sideswipe-Same Direction,2,Clear,Dry,Daylight
2021-05-21T16:35:00.000,I 85,I 85 and Sr 316,,Sideswipe-Same Direction,2,Clear,Dry,Daylight
2021-03-30T08:12:00.000,I 85,I 85 and Sr 316,,Rear End,2,Cloudy,Dry,Daylight
2021-04-06T14:35:00.000,I 85,I 85 and Sr 316,,Sideswipe-Same Direction,2,Clear,Dry,Daylight
2021-04-09T12:15:00.000,I 85,I 85 and Sr 316,,Rear End,3,Cloudy,Dry,Daylight
2021-04-07T11:15:00.000,I 85,I 85 and Sr 316,,Rear End,3,Clear,Dry,Daylight
2021-04-06T18:54:00.000,I 85,I 85 and Sr 316,,Sideswipe-Same Direction,3,Clear,Dry,Daylight
2021-06-11T16:10:00.000,I 85,I 85 and Sr 316,,Angle Crash,2,Rain,Wet,Daylight
2021-09-02T12:50:00.000,I 85,I 85 and Sr 316,,Not a Collision with Motor Vehicle,2,Clear,Dry,Daylight
2021-07-30T15:52:00.000,I 85,I 85 and Sr 316,,Rear End,2,Clear,Dry,Daylight
2021-12-10T14:53:00.000,I 85,I 85 and Sr 316,,Sideswipe-Same Direction,2,Cloudy,Wet,Daylight
2021-12-14T06:53:00.000,I 85,I 85 and Sr 316,,Rear End,2,Clear,Dry,Dawn
2021-07-14T00:03:00.000,I 85,I 85 and Sr 316,,Sideswipe-Same Direction,2,Cloudy,Dry,Dark-Lighted
2021-09-17T07:05:00.000,I 85,I 85 and Sr 316,,Rear End,2,Clear,Wet,Daylight
2021-07-09T16:40:00.000,I 85,I 85 and Sr 316,,Not a Collision with Motor Vehicle,1,Rain,Wet,Daylight
2021-12-20T13:20:00.000,I 85,I 85 and Sr 316,,Not a Collision with Motor Vehicle,1,Clear,Dry,Daylight
2021-06-17T15:40:00.000,I 85,I 85 and Sr 316,,Not a Collision with Motor Vehicle,1,Clear,Dry,Daylight
2021-04-08T13:50:00.000,I 85,I 85 and Sr 316,,Not a Collision with Motor Vehicle,2,Clear,Dry,Daylight
2021-01-21T06:50:00.000,I 85,I 85 and Sr 316,,Sideswipe-Same Direction,3,Cloudy,Dry,Dawn
2021-02-23T16:04:00.000,I 85,I 85 and Sr 316,,Sideswipe-Same Direction,2,Clear,Dry,Daylight
2020-06-27T17:50:00.000,I 85,I 85 and Sr 316,,Not a Collision with Motor Vehicle,1,Rain,Water (standing or moving),Daylight
2020-09-17T08:07:00.000,I 85,I 85 and Sr 316,,Not a Collision with Motor Vehicle,1,Rain,Wet,Daylight
2020-04-01T16:12:00.000,I 85,I 85 and Sr 316,,Not a Collision with Motor Vehicle,1,Cloudy,Dry,Daylight
2023-07-21T10:28:00.000,I 85,I 85 and Sr 316,,Rear End,2,Cloudy,Dry,Daylight
2023-04-17T19:45:00.000,I 85,I 85 and Sr 316,,Not a Collision with Motor Vehicle,1,Clear,Dry,Daylight
2023-03-05T20:30:00.000,I 85,I 85 and Sr 316,,Sideswipe-Same Direction,2,Clear,Dry,Dark-Lighted
2023-10-16T02:53:00.000,I 85,I 85 and Sr 316,,Not a Collision with Motor Vehicle,1,Clear,Dry,Dark-Not Lighted
2023-07-10T06:06:00.000,I 85,I 85 and Sr 316,,Angle Crash,2,Rain,Wet,Daylight
2023-12-26T14:40:00.000,I 85,I 85 and Sr 316,,Rear End,2,Rain,Wet,Daylight
2023-08-23T13:18:00.000,I 85,I 85 and Sr 316,,Not a Collision with Motor Vehicle,1,Clear,Dry,Daylight
2023-01-14T09:50:00.000,I 85,I 85 and Sr 316,,Angle Crash,2,Clear,Dry,Daylight
2023-04-13T17:00:00.000,I 85,I 85 and Sr 316,,Rear End,3,Cloudy,Wet,Daylight
2023-01-19T07:44:00.000,I 85,I 85 and Sr 316,,Rear End,2,Cloudy,Wet,Dawn
2023-09-28T16:46:00.000,I 85,I 85 and Sr 316,,Sideswipe-Same Direction,1,Clear,Dry,Daylight
2023-08-03T14:00:00.000,I 85,I 85 and Sr 316,,Sideswipe-Same Direction,2,Cloudy,Dry,Daylight
2023-04-06T06:50:00.000,I 85,I 85 and Sr 316,,Not a Collision with Motor Vehicle,1,Cloudy,Dry,Dawn
2023-10-27T13:25:00.000,I 85,I 85 and Sr 316,,Sideswipe-Same Direction,2,Cloudy,Dry,Daylight
2023-01-17T12:36:00.000,I 85,I 85 and Sr 316,,Sideswipe-Same Direction,2,Cloudy,Dry,Daylight
2023-07-13T20:04:00.000,I 85,I 85 and Sr 316,,Sideswipe-Same Direction,2,Rain,Wet,Daylight
2023-10-11T16:00:00.000,I 85,I 85 and Sr 316,,Sideswipe-Same Direction,2,Clear,Dry,Daylight
2023-12-15T06:14:00.000,I 85,I 85 and Sr 316,,Sideswipe-Same Direction,2,Clear,Dry,Dark-Not Lighted
2023-12-16T07:59:00.000,I 85,I 85 and Sr 316,,Angle Crash,2,Cloudy,Dry,Daylight
2023-11-10T08:09:00.000,I 85,I 85 and Sr 316,,Rear End,2,Clear,Dry,Daylight
2023-05-09T18:28:00.000,I 85,I 85 and Sr 316,,Rear End,2,Clear,Dry,Daylight
2023-04-29T12:42:00.000,I 85,I 85 and Sr 316,,Rear End,2,Clear,Dry,Daylight
2023-05-11T15:08:00.000,I 85,I 85 and Sr 316,,Rear End,3,Clear,Dry,Daylight
2023-07-14T11:35:00.000,I 85,I 85 and Sr 316,,Rear End,2,Cloudy,Dry,Daylight
2023-04-03T19:14:00.000,I 85,I 85 and Sr 316,,Rear End,5,Clear,Dry,Daylight
2023-04-14T16:00:00.000,I 85,I 85 and Sr 316,,Angle Crash,2,Cloudy,Wet,Daylight
2023-07-07T11:55:00.000,I 85,I 85 and Sr 316,,Rear End,2,Cloudy,Dry,Daylight
2023-05-04T07:33:00.000,I 85,I 85 and Sr 316,,Rear End,2,Clear,Dry,Daylight
2023-11-17T15:00:00.000,I 85,I 85 and Sr 316,,Not a Collision with Motor Vehicle,1,Cloudy,Dry,Daylight
2023-04-20T08:40:00.000,I 85,I 85 and Sr 316,,Rear End,2,Clear,Dry,Daylight
2023-07-13T16:00:00.000,I 85,I 85 and Sr 316,,Rear End,2,Clear,Dry,Daylight
2023-11-04T17:20:00.000,I 85,I 85 and Sr 316,,Rear End,3,Clear,Dry,Daylight
2023-11-03T07:17:00.000,I 85,I 85 and Sr 316,,Sideswipe-Same Direction,2,Cloudy,Dry,Daylight
2023-05-19T23:51:00.000,I 85,I 85 and Sr 316,,Not a Collision with Motor Vehicle,1,Clear,Dry,Dark-Lighted
2023-05-08T11:55:00.000,I 85,I 85 and Sr 316,,Sideswipe-Same Direction,2,Clear,Dry,Daylight
2023-03-18T12:34:00.000,I 85,I 85 and Sr 316,,Not a Collision with Motor Vehicle,1,Clear,Dry,Daylight
2023-11-01T12:30:00.000,I 85,I 85 and Sr 316,,Sideswipe-Same Direction,2,Clear,Dry,Daylight
2023-07-01T21:33:00.000,I 85,I 85 and Sr 316,,Sideswipe-Same Direction,2,Clear,Dry,Dark-Not Lighted
2023-11-22T06:24:00.000,I 85,I 85 and Sr 316,,Rear End,2,Clear,Dry,Dawn
2023-10-03T07:27:00.000,I 85,I 85 and Sr 316,,Rear End,2,Cloudy,Dry,Daylight
2023-10-29T11:02:00.000,I 85,I 85 and Sr 316,,Not a Collision with Motor Vehicle,1,Clear,Dry,Daylight
2023-07-21T10:28:00.000,I 85,I 85 and Sr 316,,Rear End,2,Cloudy,Dry,Daylight
2023-07-28T18:09:00.000,I 85,I 85 and Sr 316,,Rear End,2,Rain,Wet,Daylight
2023-03-16T11:05:00.000,I 85,I 85 and Sr 316,,Sideswipe-Same Direction,2,Clear,Dry,Daylight
2023-08-21T09:26:00.000,I 85,I 85 and Sr 316,,Rear End,2,Clear,Dry,Daylight
2023-11-06T07:15:00.000,I 85,I 85 and Sr 316,,Rear End,2,Clear,Dry,Daylight
2023-02-09T08:18:00.000,I 85,I 85 and Sr 316,,Rear End,2,Cloudy,Dry,Daylight
2023-07-28T18:09:00.000,I 85,I 85 and Sr 316,,Rear End,2,Rain,Wet,Daylight
2023-06-23T18:26:00.000,I 85,I 85 and Sr 316,,Rear End,3,Clear,Dry,Daylight
2023-03-16T09:45:00.000,I 85,I 85 and Sr 316,,Sideswipe-Same Direction,2,Clear,Dry,Daylight
2023-04-20T08:45:00.000,I 85,I 85 and Sr 316,,Sideswipe-Same Direction,2,Clear,Dry,Daylight
2023-06-06T17:47:00.000,I 85,I 85 and Sr 316,,Not a Collision with Motor Vehicle,1,Cloudy,Wet,Daylight
2023-07-26T19:41:00.000,I 85,I 85 and Sr 316,,Angle Crash,2,Clear,Dry,Daylight
2023-04-06T06:50:00.000,I 85,I 85 and Sr 316,,Not a Collision with Motor Vehicle,1,Cloudy,Dry,Dawn
2023-04-02T18:49:00.000,I 85,I 85 and Sr 316,,Sideswipe-Same Direction,2,Clear,Dry,Daylight
2023-02-28T10:14:00.000,I 85,I 85 and Sr 316,,Sideswipe-Same Direction,2,Cloudy,Dry,Daylight
2022-07-22T21:04:00.000,I 85,I 85 and Sr 316,,Sideswipe-Same Direction,2,Clear,Dry,Dark-Not Lighted
2022-10-07T15:50:00.000,I 85,I 85 and Sr 316,,Not a Collision with Motor Vehicle,1,Clear,Dry,Daylight
2023-12-14T19:54:00.000,I 85,I 85 and Sr 316,,Angle Crash,2,Clear,Dry,Dark-Lighted
2024-02-01T08:39:00.000,I 85,I 85 and Sr 316,,Rear End,2,Cloudy,Dry,Daylight
2020-12-12T16:24:00.000,I 85,I 85 and Sr 316,,Rear End,2,Clear,Dry,Daylight
2020-08-20T17:28:00.000,I 85,I 85 and Sr 316,,Not a Collision with Motor Vehicle,1,Rain,Wet,Daylight
2020-06-24T15:34:00.000,I 85,I 85 and Sr 316,,Rear End,2,Rain,Wet,Daylight
2020-10-09T12:06:00.000,I 85,I 85 and Sr 316,,Rear End,2,Clear,Dry,Daylight
2020-09-26T06:39:00.000,I 85,I 85 and Sr 316,,Angle Crash,2,Cloudy,Dry,Dark-Lighted
2020-06-19T18:50:00.000,I 85,I 85 and Sr 316,,Not a Collision with Motor Vehicle,1,Rain,Wet,Daylight
2020-05-13T17:58:00.000,I 85,I 85 and Sr 316,,Sideswipe-Same Direction,2,Clear,Dry,Daylight
2020-02-13T08:39:00.000,I 85,I 85 and Sr 316,,Not a Collision with Motor Vehicle,1,Rain,Wet,Daylight
2020-05-04T14:05:00.000,I 85,I 85 and Sr 316,,Sideswipe-Opposite Direction,3,Clear,Dry,Daylight
2020-02-06T11:40:00.000,I 85,I 85 and Sr 316,,Not a Collision with Motor Vehicle,1,Rain,Wet,Daylight
2020-10-20T19:30:00.000,I 85,I 85 and Sr 316,,Not a Collision with Motor Vehicle,1,Clear,Dry,Dark-Lighted
2020-01-23T13:42:00.000,I 85,I 85 and Sr 316,,Sideswipe-Same Direction,2,Cloudy,Dry,Daylight