Date and Time,Roadway (From Crash Report),Intersection Name (from Crash Report),KABCO Severity,Manner of Collision (Crash Level) ,# of Vehicles per crash ,Weather Conditions (Crash Level),Surface Condition (Crash Level) ,Light Conditions (Crash Level)
2020-10-23T16:05:00.000,I 85,I 85 and Sr 316,,Sideswipe-Same Direction,2,Cloudy,Dry,Daylight
2020-01-18T03:01:00.000,I 85,I 85 and Sr 316,,Angle Crash,1,Cloudy,Dry,Dark-Lighted
2020-02-25T08:50:00.000,I 85,I 85 and Sr 316,,Sideswipe-Same Direction,2,Cloudy,Wet,Daylight
2020-04-29T16:35:00.000,I 85,I 85 and Sr 316,,Sideswipe-Same Direction,2,Rain,Wet,Daylight
2020-10-09T15:56:00.000,I 85,I 85 and Sr 316,,Rear End,2,Rain,Wet,Daylight
2020-10-02T17:44:00.000,I 85,I 85 and Sr 316,,Rear End,2,Clear,Dry,Daylight
2020-03-31T12:25:00.000,I 85,I 85 and Sr 316,,Not a Collision with Motor Vehicle,1,Rain,Wet,Daylight
2020-03-11T08:22:00.000,I 85,I 85 and Sr 316,,Not a Collision with Motor Vehicle,1,Clear,Dry,Daylight
2020-07-03T07:40:00.000,I 85,I 85 and Sr 316,,Rear End,2,Clear,Dry,Daylight
2020-06-18T18:57:00.000,I 85,I 85 and Sr 316,,Not a Collision with Motor Vehicle,1,Clear,Dry,Daylight
2020-01-13T07:27:00.000,I 85,I 85 and Sr 316,,Sideswipe-Same Direction,2,Clear,Dry,Dawn
2020-05-08T15:37:00.000,I 85,I 85 and Sr 316,,Not a Collision with Motor Vehicle,1,Rain,Wet,Daylight
2020-05-19T13:00:00.000,I 85,I 85 and Sr 316,,Not a Collision with Motor Vehicle,2,Cloudy,Dry,Daylight
2020-02-18T11:59:00.000,I 85,I 85 and Sr 316,,Rear End,2,Rain,Wet,Daylight
2020-01-29T06:35:00.000,I 85,I 85 and Sr 316,,Sideswipe-Same Direction,2,Clear,Dry,Daylight
2020-02-09T10:29:00.000,I 85,I 85 and Sr 316,,Not a Collision with Motor Vehicle,1,Cloudy,Wet,Daylight
2020-11-20T18:34:00.000,I 85,I 85 and Sr 316,,Sideswipe-Same Direction,2,Clear,Dry,Daylight
2020-03-25T16:00:00.000,I 85,I 85 and Sr 316,,Sideswipe-Same Direction,2,Clear,Dry,Daylight
2020-08-21T06:50:00.000,I 85,I 85 and Sr 316,,Rear End,1,Cloudy,Wet,Dark-Lighted
2020-12-14T06:05:00.000,I 85,I 85 and Sr 316,,Angle Crash,2,Rain,Wet,Dawn
2020-02-24T00:00:00.000,I 85,I 85 and Sr 316,,Rear End,2,Rain,Wet,Dark-Lighted
2020-11-03T14:29:00.000,I 85,I 85 and Sr 316,,Not a Collision with Motor Vehicle,2,Clear,Dry,Daylight
2020-09-29T18:29:00.000,I 85,I 85 and Sr 316,,Not a Collision with Motor Vehicle,1,Clear,Dry,Daylight
2020-01-13T06:37:00.000,I 85,I 85 and Sr 316,,Not a Collision with Motor Vehicle,1,Rain,Wet,Dark-Not Lighted
2020-01-02T14:23:00.000,I 85,I 85 and Sr 316,,Not a Collision with Motor Vehicle,1,Rain,Wet,Daylight
2020-12-17T07:34:00.000,I 85,I 85 and Sr 316,,Angle Crash,2,Cloudy,Wet,Daylight
2020-07-14T09:00:00.000,I 85,I 85 and Sr 316,,Sideswipe-Same Direction,2,Clear,Dry,Daylight
2020-06-18T15:20:00.000,I 85,I 85 and Sr 316,,Not a Collision with Motor Vehicle,1,Clear,Dry,Daylight
2020-08-07T17:56:00.000,I 85,I 85 and Sr 316,,Sideswipe-Same Direction,2,Clear,Dry,Daylight
2020-09-17T12:15:00.000,I 85,I 85 and Sr 316,,Not a Collision with Motor Vehicle,1,Rain,Wet,Daylight
2020-08-07T19:22:00.000,I 85,I 85 and Sr 316,,Not a Collision with Motor Vehicle,1,Cloudy,Dry,Daylight
2020-08-19T06:35:00.000,I 85,I 85 and Sr 316,,Angle Crash,2,Clear,Dry,Dusk
2020-03-25T12:56:00.000,I 85,I 85 and Sr 316,,Sideswipe-Same Direction,2,Clear,Dry,Daylight
2020-03-18T12:25:00.000,I 85,I 85 and Sr 316,,Not a Collision with Motor Vehicle,3,Clear,Dry,Daylight
2020-10-27T17:15:00.000,I 85,I 85 and Sr 316,,Rear End,2,Clear,Dry,Daylight
2020-10-21T06:39:00.000,I 85,I 85 and Sr 316,,Sideswipe-Same Direction,2,Cloudy,Dry,Dark-Lighted
2020-08-03T09:53:00.000,I 85,I 85 and Sr 316,,Sideswipe-Same Direction,2,Clear,Dry,Daylight
2020-02-18T07:14:00.000,I 85,I 85 and Sr 316,,Rear End,2,Rain,Wet,Daylight
2020-02-26T13:24:00.000,I 85,I 85 and Sr 316,,Not a Collision with Motor Vehicle,2,Clear,Dry,Daylight
2020-09-18T15:50:00.000,I 85,I 85 and Sr 316,,Sideswipe-Same Direction,2,Cloudy,Dry,Daylight
2020-02-13T19:40:00.000,I 85,I 85 and Sr 316,,Sideswipe-Same Direction,2,Clear,Dry,Daylight
2020-02-07T09:09:00.000,I 85,I 85 and Sr 316,,Rear End,2,Cloudy,Wet,Daylight
2020-03-30T17:02:00.000,I 85,I 85 and Sr 316,,Not a Collision with Motor Vehicle,2,Cloudy,Dry,Daylight
2020-06-25T08:55:00.000,I 85,I 85 and Sr 316,,Sideswipe-Same Direction,2,Cloudy,Wet,Daylight
2020-03-11T15:45:00.000,I 85,I 85 and Sr 316,,Sideswipe-Same Direction,2,Cloudy,Dry,Daylight
2020-08-03T14:50:00.000,I 85,I 85 and Sr 316,,Sideswipe-Same Direction,2,Cloudy,Wet,Daylight
2020-12-09T07:15:00.000,I 85,I 85 and Sr 316,,Sideswipe-Same Direction,2,Clear,Dry,Daylight
2020-09-15T11:51:00.000,I 85,I 85 and Sr 316,,Sideswipe-Same Direction,2,Cloudy,Wet,Daylight
2020-07-30T12:50:00.000,I 85,I 85 and Sr 316,,Sideswipe-Same Direction,2,Cloudy,Dry,Daylight
2020-07-03T07:00:00.000,I 85,I 85 and Sr 316,,Rear End,2,Clear,Dry,Daylight
2020-02-07T08:14:00.000,I 85,I 85 and Sr 316,,Not a Collision with Motor Vehicle,1,Snow,Wet,Daylight
2020-11-14T20:00:00.000,I 85,I 85 and Sr 316,,Head On,2,Clear,Dry,Dark-Lighted
2020-12-18T14:00:00.000,I 85,I 85 and Sr 316,,Rear End,3,Clear,Dry,Daylight
2020-02-25T09:15:00.000,I 85,I 85 and Sr 316,,Rear End,2,Cloudy,Dry,Daylight
2021-04-25T21:02:00.000,I 85,I 85 and Sr 316,,Not a Collision with Motor Vehicle,1,Cloudy,Dry,Dark-Lighted
2021-04-01T08:00:00.000,I 85,I 85 and Sr 316,,Sideswipe-Same Direction,2,Clear,Dry,Daylight
2021-02-02T09:57:00.000,I 85,I 85 and Sr 316,,Rear End,2,Clear,Dry,Daylight
2021-03-04T16:15:00.000,I 85,I 85 and Sr 316,,Rear End,2,Clear,Dry,Daylight
2021-06-10T11:55:00.000,I 85,I 85 and Sr 316,,Rear End,2,Cloudy,Dry,Daylight
2021-04-12T07:15:00.000,I 85,I 85 and Sr 316,,Not a Collision with Motor Vehicle,1,Clear,Dry,Daylight
2021-05-06T08:00:00.000,I 85,I 85 and Sr 316,,Sideswipe-Same Direction,2,Clear,Dry,Daylight
2021-03-28T11:20:00.000,I 85,I 85 and Sr 316,,Not a Collision with Motor Vehicle,1,Cloudy,Water (standing or moving),Daylight
2021-06-17T19:20:00.000,I 85,I 85 and Sr 316,,Sideswipe-Same Direction,2,Clear,Dry,Daylight
2021-03-19T13:30:00.000,I 85,I 85 and Sr 316,,Rear End,2,Clear,Dry,Daylight
2021-05-05T20:20:00.000,I 85,I 85 and Sr 316,,Sideswipe-Same Direction,2,Clear,Dry,Dark-Lighted
2021-04-09T12:15:00.000,I 85,I 85 and Sr 316,,Rear End,3,Clear,Dry,Daylight
2021-10-05T07:57:00.000,I 85,I 85 and Sr 316,,Not a Collision with Motor Vehicle,1,Rain,Wet,Daylight
2021-07-01T12:30:00.000,I 85,I 85 and Sr 316,,Sideswipe-Same Direction,2,Cloudy,Dry,Daylight
2021-08-11T14:50:00.000,I 85,I 85 and Sr 316,,Sideswipe-Same Direction,2,Cloudy,Wet,Daylight
2021-11-07T05:27:00.000,I 85,I 85 and Sr 316,,Angle Crash,2,Clear,Dry,Dark-Lighted
2021-09-10T16:24:00.000,I 85,I 85 and Sr 316,,Rear End,2,Clear,Dry,Daylight
2021-09-20T12:30:00.000,I 85,I 85 and Sr 316,,Not a Collision with Motor Vehicle,1,Rain,Wet,Daylight
2021-11-09T14:45:00.000,I 85,I 85 and Sr 316,,Not a Collision with Motor Vehicle,1,Clear,Dry,Daylight
2021-09-29T12:06:00.000,I 85,I 85 and Sr 316,,Sideswipe-Same Direction,2,Clear,Dry,Daylight
2021-08-05T08:35:00.000,I 85,I 85 and Sr 316,,Rear End,2,Clear,Dry,Daylight
2021-07-03T05:40:00.000,I 85,I 85 and Sr 316,,Angle Crash,2,Clear,Dry,Dark-Not Lighted
2021-07-01T11:30:00.000,I 85,I 85 and Sr 316,,Not a Collision with Motor Vehicle,2,Cloudy,Dry,Daylight
2021-09-29T09:00:00.000,I 85,I 85 and Sr 316,,Rear End,2,Cloudy,Dry,Daylight
2021-10-04T18:40:00.000,I 85,I 85 and Sr 316,,Rear End,2,Clear,Dry,Daylight
2021-08-31T20:08:00.000,I 85,I 85 and Sr 316,,Not a Collision with Motor Vehicle,1,Rain,Water (standing or moving),Dark-Lighted
2021-11-06T19:57:00.000,I 85,I 85 and Sr 316,,Angle Crash,2,Clear,Dry,Dark-Lighted
2022-04-25T08:26:00.000,I 85,I 85 and Sr 316,,Rear End,2,Clear,Dry,Daylight
2022-08-10T19:10:00.000,I 85,I 85 and Sr 316,,Angle Crash,2,Cloudy,Dry,Daylight
2022-01-12T16:23:00.000,I 85,I 85 and Sr 316,,Sideswipe-Same Direction,2,Clear,Dry,Daylight
2022-08-23T14:25:00.000,I 85,I 85 and Sr 316,,Not a Collision with Motor Vehicle,2,Clear,Dry,Daylight
2022-04-15T12:15:00.000,I 85,I 85 and Sr 316,,Rear End,3,Clear,Dry,Daylight
2022-10-27T01:00:00.000,I 85,I 85 and Sr 316,,Sideswipe-Same Direction,2,Clear,Dry,Dark-Lighted
2021-07-12T15:50:00.000,I 85,I 85 and Sr 316,,Rear End,2,Clear,Dry,Daylight
2021-09-14T10:30:00.000,I 85,I 85 and Sr 316,,Sideswipe-Same Direction,2,Clear,Dry,Daylight
2021-10-14T13:52:00.000,I 85,I 85 and Sr 316,,Rear End,2,Clear,Dry,Daylight
2021-10-08T08:54:00.000,I 85,I 85 and Sr 316,,Sideswipe-Same Direction,2,Clear,Wet,Daylight
2022-08-26T06:45:00.000,I 85,I 85 and Sr 316,,Sideswipe-Same Direction,2,Clear,Dry,Daylight
2022-02-22T07:29:00.000,I 85,I 85 and Sr 316,,Rear End,2,Cloudy,Wet,Daylight
2022-04-29T15:25:00.000,I 85,I 85 and Sr 316,,Rear End,3,Cloudy,Dry,Daylight
2022-04-06T07:00:00.000,I 85,I 85 and Sr 316,,Sideswipe-Same Direction,2,Cloudy,Dry,Dark-Lighted
2022-08-08T18:05:00.000,I 85,I 85 and Sr 316,,Rear End,2,Clear,Dry,Daylight
2022-10-25T08:45:00.000,I 85,I 85 and Sr 316,,Sideswipe-Same Direction,2,Clear,Dry,Daylight
2022-08-08T07:57:00.000,I 85,I 85 and Sr 316,,Sideswipe-Same Direction,2,Cloudy,Dry,Daylight
2022-05-12T17:36:00.000,I 85,I 85 and Sr 316,,Sideswipe-Same Direction,2,Cloudy,Dry,Daylight
2022-11-07T06:33:00.000,I 85,I 85 and Sr 316,,Angle Crash,2,Cloudy,Dry,Dark-Not Lighted
2022-11-02T07:18:00.000,I 85,I 85 and Sr 316,,Rear End,2,Clear,Dry,Dawn
2022-01-10T01:20:00.000,I 85,I 85 and Sr 316,,Not a Collision with Motor Vehicle,1,Cloudy,Wet,Dark-Lighted
2022-06-10T10:56:00.000,I 85,I 85 and Sr 316,,Rear End,5,Clear,Dry,Daylight
2022-04-06T23:40:00.000,I 85,I 85 and Sr 316,,Sideswipe-Same Direction,2,Rain,Wet,Dark-Not Lighted
2021-07-06T07:29:00.000,I 85,I 85 and Sr 316,,Sideswipe-Same Direction,4,Clear,Dry,Daylight
2021-12-23T15:55:00.000,I 85,I 85 and Sr 316,,Rear End,2,Clear,Dry,Daylight
2021-09-03T09:41:00.000,I 85,I 85 and Sr 316,,Sideswipe-Same Direction,2,Clear,Dry,Daylight
2022-02-18T17:05:00.000,I 85,I 85 and Sr 316,,Sideswipe-Same Direction,2,Clear,Dry,Daylight
2022-03-04T13:42:00.000,I 85,I 85 and Sr 316,,Sideswipe-Same Direction,2,Clear,Dry,Daylight
2022-02-11T18:42:00.000,I 85,I 85 and Sr 316,,Sideswipe-Same Direction,2,Clear,Dry,Daylight
2022-10-18T16:58:00.000,I 85,I 85 and Sr 316,,Rear End,2,Clear,Dry,Daylight
2022-08-30T12:55:00.000,I 85,I 85 and Sr 316,,Sideswipe-Same Direction,2,Clear,Dry,Daylight
2022-04-15T12:35:00.000,I 85,I 85 and Sr 316,,Not a Collision with Motor Vehicle,1,Cloudy,Dry,Daylight
2022-06-05T10:41:00.000,I 85,I 85 and Sr 316,,Angle Crash,2,Clear,Dry,Daylight
2022-07-19T08:55:00.000,I 85,I 85 and Sr 316,,Rear End,3,Cloudy,Wet,Daylight
2022-04-05T15:02:00.000,I 85,I 85 and Sr 316,,Not a Collision with Motor Vehicle,1,Rain,Wet,Daylight
2022-05-05T06:08:00.000,I 85,I 85 and Sr 316,,Angle Crash,2,Cloudy,Dry,Dark-Lighted
2022-07-07T09:30:00.000,I 85,I 85 and Sr 316,,Rear End,3,Clear,Dry,Daylight
2022-11-11T17:00:00.000,I 85,I 85 and Sr 316,,Rear End,2,Cloudy,Wet,Dusk
2022-02-22T09:10:00.000,I 85,I 85 and Sr 316,,Rear End,2,Cloudy,Dry,Daylight
2022-05-16T07:10:00.000,I 85,I 85 and Sr 316,,Rear End,2,Clear,Dry,Daylight
2022-08-24T08:47:00.000,I 85,I 85 and Sr 316,,Sideswipe-Same Direction,2,Cloudy,Dry,Daylight
2022-04-21T21:31:00.000,I 85,I 85 and Sr 316,,Not a Collision with Motor Vehicle,1,Clear,Dry,Dark-Lighted
2022-10-13T07:30:00.000,I 85,I 85 and Sr 316,,Rear End,3,Rain,Wet,Dawn
2022-07-01T13:00:00.000,I 85,I 85 and Sr 316,,Rear End,2,Cloudy,Dry,Daylight
2022-05-02T06:30:00.000,I 85,I 85 and Sr 316,,Rear End,3,Clear,Dry,Dawn
2022-11-14T17:48:00.000,I 85,I 85 and Sr 316,,Rear End,2,Clear,Dry,Dark-Lighted
2022-03-28T19:08:00.000,I 85,I 85 and Sr 316,,Sideswipe-Same Direction,2,Clear,Dry,Daylight
2022-12-15T00:55:00.000,I 85,I 85 and Sr 316,,Not a Collision with Motor Vehicle,1,Rain,Wet,Dark-Lighted
2022-06-30T19:11:00.000,I 85,I 85 and Sr 316,,Rear End,2,Clear,Dry,Daylight
2022-01-02T13:18:00.000,I 85,I 85 and Sr 316,,Not a Collision with Motor Vehicle,2,Rain,Wet,Daylight
2022-04-10T19:14:00.000,I 85,I 85 and Sr 316,,Rear End,2,Clear,Dry,Daylight
2022-01-10T01:20:00.000,I 85,I 85 and Sr 316,,Not a Collision with Motor Vehicle,1,Cloudy,Wet,Dark-Lighted
2022-02-25T08:28:00.000,I 85,I 85 and Sr 316,,Rear End,2,Rain,Wet,Daylight
2022-03-01T06:01:00.000,I 85,I 85 and Sr 316,,Not a Collision with Motor Vehicle,2,Clear,Dry,Dark-Not Lighted
2022-09-10T13:14:00.000,I 85,I 85 and Sr 316,,Angle Crash,2,Cloudy,Dry,Daylight
2022-07-28T07:55:00.000,I 85,I 85 and Sr 316,,Rear End,2,Clear,Dry,Daylight
2022-04-21T21:00:00.000,I 85,I 85 and Sr 316,,Rear End,2,Cloudy,Dry,Dark-Lighted
2022-08-10T15:00:00.000,I 85,I 85 and Sr 316,,Not a Collision with Motor Vehicle,2,Clear,Dry,Daylight
2022-06-17T10:29:00.000,I 85,I 85 and Sr 316,,Rear End,2,Clear,Dry,Daylight
2022-11-07T08:53:00.000,I 85,I 85 and Sr 316,,Rear End,2,Cloudy,Dry,Daylight
2022-07-08T12:00:00.000,I 85,I 85 and Sr 316,,Sideswipe-Same Direction,2,Clear,Dry,Daylight
2022-06-10T15:44:00.000,I 85,I 85 and Sr 316,,Rear End,2,Clear,Dry,Daylight
2022-04-19T13:27:00.000,I 85,I 85 and Sr 316,,Sideswipe-Same Direction,2,Clear,Dry,Daylight
2022-04-18T07:13:00.000,I 85,I 85 and Sr 316,,Sideswipe-Same Direction,3,Cloudy,Wet,Dawn
2022-06-30T08:40:00.000,I 85,I 85 and Sr 316,,Rear End,2,Clear,Dry,Daylight
2022-08-09T08:28:00.000,I 85,I 85 and Sr 316,,Rear End,2,Clear,Dry,Daylight
2022-09-27T08:40:00.000,I 85,I 85 and Sr 316,,Rear End,2,Clear,Dry,Daylight
2022-09-10T10:40:00.000,I 85,I 85 and Sr 316,,Not a Collision with Motor Vehicle,1,Cloudy,Dry,Daylight
2022-02-01T12:55:00.000,I 85,I 85 and Sr 316,,Not a Collision with Motor Vehicle,2,Clear,Dry,Daylight
2022-07-03T16:51:00.000,I 85,I 85 and Sr 316,,Rear End,2,Rain,Wet,Daylight
2022-02-28T07:40:00.000,I 85,I 85 and Sr 316,,Sideswipe-Same Direction,2,Cloudy,Dry,Daylight
2022-08-15T06:39:00.000,I 85,I 85 and Sr 316,,Not a Collision with Motor Vehicle,1,Clear,Dry,Dawn
2022-03-03T08:02:00.000,I 85,I 85 and Sr 316,,Rear End,2,Cloudy,Dry,Daylight
2022-09-04T14:00:00.000,I 85,I 85 and Sr 316,,Not a Collision with Motor Vehicle,1,Rain,Water (standing or moving),Daylight
2022-05-05T09:47:00.000,I 85,I 85 and Sr 316,,Sideswipe-Same Direction,2,Clear,Dry,Daylight
2022-05-05T06:08:00.000,I 85,I 85 and Sr 316,,Rear End,3,Cloudy,Dry,Dark-Lighted
2022-03-09T08:00:00.000,I 85,I 85 and Sr 316,,Angle Crash,2,Clear,Dry,Daylight
2022-05-13T11:11:00.000,I 85,I 85 and Sr 316,,Sideswipe-Same Direction,2,Cloudy,Dry,Daylight
2022-06-08T15:00:00.000,I 85,I 85 and Sr 316,,Angle Crash,2,Cloudy,Dry,Daylight
2022-06-17T10:29:00.000,I 85,I 85 and Sr 316,,Rear End,2,Clear,Dry,Daylight
2022-07-30T17:18:00.000,I 85,I 85 and Sr 316,,Rear End,2,Rain,Wet,Daylight
2023-07-26T19:52:00.000,I 85,I 85 and Sr 316,,Rear End,2,Clear,Dry,Daylight
2023-09-16T14:05:00.000,I 85,I 85 and Sr 316,,Rear End,2,Rain,Wet,Daylight
2024-01-09T12:39:00.000,I 85,I 85 and Sr 316,,Not a Collision with Motor Vehicle,1,Rain,Wet,Daylight
2024-05-21T17:16:00.000,I 85,I 85 and Sr 316,,Sideswipe-Same Direction,2,Cloudy,Dry,Daylight
2024-05-16T06:48:00.000,I 85,I 85 and Sr 316,,Rear End,2,Clear,Dry,Daylight
2024-03-27T14:24:00.000,I 85,I 85 and Sr 316,,Rear End,3,Clear,Dry,Daylight
2024-05-10T13:10:00.000,I 85,I 85 and Sr 316,,Rear End,2,Clear,Dry,Daylight
2024-09-13T19:20:00.000,I 85,I 85 and Sr 316,,Sideswipe-Same Direction,2,Cloudy,Dry,Daylight
2024-06-26T09:42:00.000,I 85,I 85 and Sr 316,,Sideswipe-Same Direction,2,Clear,Dry,Daylight
2024-06-21T18:43:00.000,I 85,I 85 and Sr 316,,Rear End,2,Clear,Dry,Daylight
2024-05-15T12:55:00.000,I 85,I 85 and Sr 316,,Not a Collision with Motor Vehicle,1,Rain,Wet,Daylight
2024-07-23T17:10:00.000,I 85,I 85 and Sr 316,,Angle Crash,2,Cloudy,Wet,Daylight
2024-02-25T08:27:00.000,I 85,I 85 and Sr 316,,Not a Collision with Motor Vehicle,1,Clear,Dry,Daylight
2024-08-23T09:00:00.000,I 85,I 85 and Sr 316,,Sideswipe-Same Direction,2,Clear,Dry,Daylight
2024-07-11T07:40:00.000,I 85,I 85 and Sr 316,,Rear End,2,Clear,Dry,Daylight
2024-12-02T15:26:00.000,I 85,I 85 and Sr 316,,Rear End,2,Clear,Dry,Daylight
2024-05-09T09:00:00.000,I 85,I 85 and Sr 316,,Sideswipe-Same Direction,2,Rain,Wet,Daylight
2024-04-09T13:21:00.000,I 85,I 85 and Sr 316,,Sideswipe-Same Direction,2,Cloudy,Wet,Daylight
2024-11-14T08:19:00.000,I 85,I 85 and Sr 316,,Not a Collision with Motor Vehicle,1,Rain,Wet,Daylight
2024-08-08T19:58:00.000,I 85,I 85 and Sr 316,,Rear End,2,Clear,Dry,Dusk
2023-10-20T06:38:00.000,I 85,I 85 and Sr 316,,Angle Crash,2,Rain,Wet,Dawn
2023-04-08T14:39:00.000,I 85,I 85 and Sr 316,,Not a Collision with Motor Vehicle,1,Rain,Water (standing or moving),Daylight
2024-01-06T10:11:00.000,I 85,I 85 and Sr 316,,Rear End,2,Clear,Wet,Daylight
2024-02-13T07:45:00.000,I 85,I 85 and Sr 316,,Sideswipe-Same Direction,2,Clear,Dry,Daylight
2024-07-11T10:15:00.000,I 85,I 85 and Sr 316,,Rear End,2,Clear,Dry,Daylight
2023-08-22T11:47:00.000,I 85,I 85 and Sr 316,,Sideswipe-Same Direction,2,Clear,Dry,Daylight
2023-04-13T16:34:00.000,I 85,I 85 and Sr 316,,Rear End,2,Clear,Wet,Daylight
2023-04-06T22:51:00.000,I 85,I 85 and Sr 316,,Rear End,2,Clear,Dry,Dark-Lighted
2023-08-22T09:02:00.000,I 85,I 85 and Sr 316,,Rear End,2,Clear,Dry,Daylight
2023-11-04T17:20:00.000,I 85,I 85 and Sr 316,,Rear End,2,Clear,Dry,Daylight
2023-08-05T13:21:00.000,I 85,I 85 and Sr 316,,Rear End,2,Clear,Dry,Daylight
2023-06-08T11:25:00.000,I 85,I 85 and Sr 316,,Rear End,2,Cloudy,Dry,Daylight
2023-11-06T06:49:00.000,I 85,I 85 and Sr 316,,Rear End,2,Clear,Dry,Daylight
2023-05-26T19:32:00.000,I 85,I 85 and Sr 316,,Rear End,4,Clear,Dry,Daylight
2023-02-09T08:25:00.000,I 85,I 85 and Sr 316,,Rear End,2,Cloudy,Dry,Daylight
2023-08-28T09:22:00.000,I 85,I 85 and Sr 316,,Angle Crash,2,Clear,Wet,Daylight
2023-02-17T06:08:00.000,I 85,I 85 and Sr 316,,Sideswipe-Same Direction,2,Rain,Wet,Dark-Not Lighted
2023-02-07T07:30:00.000,I 85,I 85 and Sr 316,,Rear End,2,Clear,Dry,Daylight
2023-11-21T16:02:00.000,I 85,I 85 and Sr 316,,Not a Collision with Motor Vehicle,1,Rain,Wet,Daylight
2023-08-23T06:50:00.000,I 85,I 85 and Sr 316,,Rear End,2,Clear,Dry,Daylight
2023-04-14T07:39:00.000,I 85,I 85 and Sr 316,,Rear End,2,Cloudy,Dry,Daylight
2023-03-02T06:40:00.000,I 85,I 85 and Sr 316,,Sideswipe-Same Direction,2,Cloudy,Dry,Daylight
2023-04-14T06:29:00.000,I 85,I 85 and Sr 316,,Rear End,2,Clear,Wet,Dark-Lighted
2023-03-03T17:53:00.000,I 85,I 85 and Sr 316,,Rear End,2,Rain,Wet,Daylight
2023-10-20T06:37:00.000,I 85,I 85 and Sr 316,,Angle Crash,3,Rain,Wet,Dawn
2023-02-13T06:51:00.000,I 85,I 85 and Sr 316,,Rear End,2,Clear,Dry,Dawn
2023-08-15T20:31:00.000,I 85,I 85 and Sr 316,,Rear End,3,Clear,Dry,Dark-Not Lighted
2023-10-26T10:15:00.000,I 85,I 85 and Sr 316,,Rear End,2,Clear,Dry,Daylight
2023-10-11T09:00:00.000,I 85,I 85 and Sr 316,,Rear End,2,Cloudy,Dry,Daylight
2023-07-18T07:58:00.000,I 85,I 85 and Sr 316,,Rear End,2,Cloudy,Dry,Daylight
2023-12-25T19:57:00.000,I 85,I 85 and Sr 316,,Angle Crash,2,Rain,Wet,Dark-Lighted
2023-04-26T12:15:00.000,I 85,I 85 and Sr 316,,Sideswipe-Same Direction,2,Rain,Wet,Daylight
2023-04-16T14:30:00.000,I 85,I 85 and Sr 316,,Rear End,2,Clear,Dry,Daylight
2024-10-28T20:10:00.000,I 85,I 85 and Sr 316,,Sideswipe-Same Direction,2,Clear,Dry,Dark-Lighted
2024-12-16T08:00:00.000,I 85,I 85 and Sr 316,,Sideswipe-Same Direction,2,Fog,Wet,Daylight
2023-04-18T08:34:00.000,I 85,I 85 and Sr 316,,Rear End,2,Clear,Dry,Daylight
2024-12-16T07:10:00.000,I 85,I 85 and Sr 316,,Rear End,2,Clear,Dry,Daylight
2024-08-17T14:17:00.000,I 85,I 85 and Sr 316,,Rear End,3,Clear,Dry,Daylight
2024-10-06T19:25:00.000,I 85,I 85 and Sr 316,,Angle Crash,3,Clear,Dry,Dark-Lighted
2024-04-23T07:22:00.000,I 85,I 85 and Sr 316,,Rear End,2,Clear,Dry,Daylight
2024-03-26T18:00:00.000,I 85,I 85 and Sr 316,,Rear End,2,Rain,Wet,Daylight
2024-10-12T15:42:00.000,I 85,I 85 and Sr 316,,Sideswipe-Same Direction,2,Clear,Dry,Daylight
2024-02-13T13:23:00.000,I 85,I 85 and Sr 316,,Not a Collision with Motor Vehicle,1,Clear,Dry,Daylight
2024-01-26T08:20:00.000,I 85,I 85 and Sr 316,,Sideswipe-Same Direction,2,Cloudy,Dry,Daylight
2024-11-15T06:20:00.000,I 85,I 85 and Sr 316,,Rear End,2,Clear,Dry,Dawn
2024-06-04T17:24:00.000,I 85,I 85 and Sr 316,,Sideswipe-Same Direction,2,Clear,Dry,Daylight
2024-09-02T11:40:00.000,I 85,I 85 and Sr 316,,Not a Collision with Motor Vehicle,3,Cloudy,Dry,Daylight
2024-02-12T00:11:00.000,I 85,I 85 and Sr 316,,Not a Collision with Motor Vehicle,1,Rain,Wet,Dark-Not Lighted
2024-08-01T09:08:00.000,I 85,I 85 and Sr 316,,Rear End,2,Clear,Dry,Daylight
2024-04-19T16:59:00.000,I 85,I 85 and Sr 316,,Rear End,2,Clear,Dry,Daylight
2024-07-29T13:44:00.000,I 85,I 85 and Sr 316,,Not a Collision with Motor Vehicle,1,Clear,Wet,Daylight
2024-08-15T16:50:00.000,I 85,I 85 and Sr 316,,Rear End,2,Clear,Dry,Daylight
2024-11-03T17:31:00.000,I 85,I 85 and Sr 316,,Not a Collision with Motor Vehicle,1,Cloudy,Dry,Dark-Not Lighted
2024-06-02T03:19:00.000,I 85,I 85 and Sr 316,,Rear End,2,Rain,Wet,Dark-Lighted
2024-05-23T07:57:00.000,I 85,I 85 and Sr 316,,Rear End,3,Clear,Dry,Daylight
2024-11-25T21:16:00.000,I 85,I 85 and Sr 316,,Sideswipe-Same Direction,2,Clear,Dry,Dark-Lighted
2024-03-11T15:05:00.000,I 85,I 85 and Sr 316,,Rear End,2,Clear,Dry,Daylight
2024-01-06T02:14:00.000,I 85,I 85 and Sr 316,,Rear End,2,Rain,Wet,Dark-Not Lighted
2024-01-25T06:55:00.000,I 85,I 85 and Sr 316,,Angle Crash,2,Rain,Wet,Dark-Lighted
2024-04-04T17:09:00.000,I 85,I 85 and Sr 316,,Rear End,2,Clear,Dry,Daylight
2024-08-20T15:40:00.000,I 85,I 85 and Sr 316,,Not a Collision with Motor Vehicle,2,Cloudy,Dry,Daylight
2024-10-03T08:46:00.000,I 85,I 85 and Sr 316,,Sideswipe-Same Direction,2,Clear,Dry,Daylight
2024-02-08T07:36:00.000,I 85,I 85 and Sr 316,,Angle Crash,2,Clear,Dry,Daylight
2024-02-12T04:21:00.000,I 85,I 85 and Sr 316,,Sideswipe-Same Direction,2,Rain,Wet,Dark-Not Lighted