Date and Time,Roadway (From Crash Report),Intersection Name (from Crash Report),KABCO Severity,Manner of Collision (Crash Level) ,# of Vehicles per crash ,Weather Conditions (Crash Level),Surface Condition (Crash Level) ,Light Conditions (Crash Level)
2024-01-30T20:54:00.000,I 85,I 85 and Sr 316,,Rear End,2,Cloudy,Wet,Dark-Not Lighted
2024-03-28T06:41:00.000,I 85,I 85 and Sr 316,,Rear End,2,Cloudy,Dry,Dark-Not Lighted
2024-12-11T09:38:00.000,I 85,I 85 and Sr 316,,Rear End,2,Clear,Wet,Daylight
2024-09-19T07:01:00.000,I 85,I 85 and Sr 316,,Head On,2,Clear,Dry,Daylight
2024-11-07T13:00:00.000,I 85,I 85 and Sr 316,,Rear End,2,Clear,Dry,Daylight
2024-06-13T06:30:00.000,I 85,I 85 and Sr 316,,Sideswipe-Same Direction,2,Cloudy,Dry,Daylight
2024-08-06T09:15:00.000,I 85,I 85 and Sr 316,,Sideswipe-Same Direction,2,Clear,Dry,Daylight
2024-06-24T09:33:00.000,I 85,I 85 and Sr 316,,Sideswipe-Same Direction,2,Cloudy,Dry,Daylight
2024-11-14T08:20:00.000,I 85,I 85 and Sr 316,,Sideswipe-Same Direction,3,Rain,Wet,Daylight
2024-01-26T12:00:00.000,I 85,I 85 and Sr 316,,Rear End,2,Cloudy,Dry,Daylight
2024-10-14T19:52:00.000,I 85,I 85 and Sr 316,,Sideswipe-Same Direction,2,Clear,Dry,Dark-Lighted
2024-10-30T06:44:00.000,I 85,I 85 and Sr 316,,Rear End,2,Clear,Dry,Daylight
2024-01-25T07:00:00.000,I 85,I 85 and Sr 316,,Not a Collision with Motor Vehicle,1,Rain,Wet,Dawn
2024-03-19T09:12:00.000,I 85,I 85 and Sr 316,,Rear End,2,Clear,Dry,Daylight
2024-09-26T16:00:00.000,I 85,I 85 and Sr 316,,Not a Collision with Motor Vehicle,1,Rain,Wet,Daylight
2024-01-30T20:54:00.000,I 85,I 85 and Sr 316,,Angle Crash,2,Cloudy,Wet,Dark-Not Lighted
2024-03-28T06:41:00.000,I 85,I 85 and Sr 316,,Rear End,2,Cloudy,Dry,Dark-Not Lighted
2024-07-15T07:10:00.000,I 85,I 85 and Sr 316,,Rear End,2,Clear,Dry,Daylight
2024-12-02T17:40:00.000,I 85,I 85 and Sr 316,,Rear End,3,Clear,Dry,Dark-Not Lighted
2024-03-21T09:50:00.000,I 85,I 85 and Sr 316,,Rear End,2,Clear,Dry,Daylight
2024-05-30T00:20:00.000,I 85,I 85 and Sr 316,,Rear End,2,Clear,Dry,Dark-Lighted
2024-12-18T06:30:00.000,I 85,I 85 and Sr 316,,Sideswipe-Same Direction,2,Cloudy,Dry,Dawn
2024-11-04T09:25:00.000,I 85,I 85 and Sr 316,,Sideswipe-Same Direction,2,Cloudy,Dry,Daylight
2024-01-26T09:20:00.000,I 85,I 85 and Sr 316,,Rear End,2,Cloudy,Dry,Daylight
2024-09-25T22:37:00.000,I 85,I 85 and Sr 316,,Angle Crash,2,Rain,Wet,Dark-Lighted
2024-04-22T08:37:00.000,I 85,I 85 and Sr 316,,Rear End,2,Cloudy,Dry,Daylight
2024-01-23T08:28:00.000,I 85,I 85 and Sr 316,,Rear End,2,Rain,Wet,Daylight
2021-08-06T01:35:00.000,I 85,I 85 and Sr 29,,Not a Collision with Motor Vehicle,1,Clear,Dry,Dark-Not Lighted
2021-07-19T10:31:00.000,I 85,I 85 and Sr 29,,Not a Collision with Motor Vehicle,1,Rain,Wet,Daylight
2021-12-28T13:26:00.000,I 85,I 85 and Sr 29,,Rear End,2,Clear,Dry,Daylight
2022-04-05T11:37:00.000,I 85,I 85 and Sr 29,,Sideswipe-Same Direction,2,Rain,Wet,Daylight
2024-07-08T15:11:00.000,I 85,I 85 and Sr 29,,Not a Collision with Motor Vehicle,1,Rain,Wet,Daylight
2020-11-05T04:43:00.000,I 85,I 85 and Sr 27,,Not a Collision with Motor Vehicle,1,Clear,Dry,Dark-Not Lighted
2021-03-12T05:15:00.000,I 85,I 85 and Sr 27,,Not a Collision with Motor Vehicle,2,Clear,Dry,Dark-Not Lighted
2022-03-29T09:35:00.000,I 85,I 85 and Sr 27,,Not a Collision with Motor Vehicle,2,Clear,Dry,Daylight
2023-11-19T18:00:00.000,I 85,I 85 and Sr 24,,Angle Crash,2,Clear,Dry,Dark-Not Lighted
2021-02-15T09:44:00.000,I 85,I 85 and Sr 219,,Rear End,2,Clear,Dry,Daylight
2021-07-29T14:38:00.000,I 85,I 85 and Sr 219,,Not a Collision with Motor Vehicle,1,Clear,Dry,Daylight
2021-08-17T09:55:00.000,I 85,I 85 and Sr 219,,Rear End,2,Rain,Wet,Daylight
2021-09-21T08:10:00.000,I 85,I 85 and Sr 219,,Not a Collision with Motor Vehicle,1,Rain,Wet,Daylight
2021-09-21T08:10:00.000,I 85,I 85 and Sr 219,,Not a Collision with Motor Vehicle,1,Rain,Wet,Daylight
2021-03-28T12:40:00.000,I 85,I 85 and Sr 219,,Not a Collision with Motor Vehicle,1,Rain,Wet,Daylight
2021-04-28T13:00:00.000,I 85,I 85 and Sr 219,,Sideswipe-Same Direction,1,Clear,Dry,Daylight
2021-05-03T15:00:00.000,I 85,I 85 and Sr 219,,Rear End,2,Cloudy,Wet,Daylight
2021-03-20T12:45:00.000,I 85,I 85 and Sr 219,,Not a Collision with Motor Vehicle,1,Clear,Dry,Daylight
2021-04-10T10:07:00.000,I 85,I 85 and Sr 219,,Not a Collision with Motor Vehicle,1,Rain,Wet,Daylight
2021-09-15T04:45:00.000,I 85,I 85 and Sr 219,,Rear End,2,Clear,Dry,Dark-Not Lighted
2021-12-08T06:22:00.000,I 85,I 85 and Sr 219,,Sideswipe-Same Direction,2,Rain,Wet,Dark-Not Lighted
2021-09-14T18:45:00.000,I 85,I 85 and Sr 219,,Rear End,2,Cloudy,Dry,Daylight
2021-12-24T02:23:00.000,I 85,I 85 and Sr 219,,Rear End,2,Clear,Dry,Dark-Not Lighted
2021-02-13T09:49:00.000,I 85,I 85 and Sr 219,,Not a Collision with Motor Vehicle,1,Rain,Wet,Daylight
2021-02-12T16:50:00.000,I 85,I 85 and Sr 219,,Sideswipe-Same Direction,1,Cloudy,Wet,Daylight
2021-12-08T06:42:00.000,I 85,I 85 and Sr 219,,Rear End,2,Rain,Wet,Dark-Not Lighted
2021-05-18T17:29:00.000,I 85,I 85 and Sr 219,,Sideswipe-Same Direction,2,Clear,Dry,Daylight
2021-05-01T15:00:00.000,I 85,I 85 and Sr 219,,Sideswipe-Same Direction,3,Clear,Dry,Daylight
2021-02-11T14:28:00.000,I 85,I 85 and Sr 219,,Sideswipe-Opposite Direction,1,Rain,Wet,Daylight
2023-02-28T15:20:00.000,I 85,I 85 and Sr 219,,Rear End,3,Clear,Dry,Daylight
2023-05-15T17:00:00.000,I 85,I 85 and Sr 219,,Not a Collision with Motor Vehicle,1,Clear,Dry,Daylight
2023-06-26T09:24:00.000,I 85,I 85 and Sr 219,,Not a Collision with Motor Vehicle,1,Clear,Dry,Daylight
2023-08-06T17:30:00.000,I 85,I 85 and Sr 219,,Not a Collision with Motor Vehicle,1,Rain,Wet,Daylight
2023-06-22T10:30:00.000,I 85,I 85 and Sr 219,,Not a Collision with Motor Vehicle,1,Clear,Dry,Daylight
2023-01-23T16:30:00.000,I 85,I 85 and Sr 219,,Angle Crash,3,Clear,Dry,Daylight
2023-09-06T07:25:00.000,I 85,I 85 and Sr 219,,Rear End,2,Clear,Dry,Daylight
2023-08-15T18:20:00.000,I 85,I 85 and Sr 219,,Not a Collision with Motor Vehicle,1,Rain,Wet,Daylight
2023-08-28T17:15:00.000,I 85,I 85 and Sr 219,,Rear End,2,Rain,Wet,Daylight
2023-06-14T10:00:00.000,I 85,I 85 and Sr 219,,Not a Collision with Motor Vehicle,1,Rain,Wet,Daylight
2023-12-10T03:00:00.000,I 85,I 85 and Sr 219,,Sideswipe-Same Direction,2,Rain,Wet,Dark-Not Lighted
2023-07-30T14:05:00.000,I 85,I 85 and Sr 219,,Not a Collision with Motor Vehicle,1,Rain,Wet,Daylight
2023-05-11T00:15:00.000,I 85,I 85 and Sr 219,,Not a Collision with Motor Vehicle,1,Rain,Wet,Dark-Not Lighted
2023-09-02T16:55:00.000,I 85,I 85 and Sr 219,,Rear End,2,Clear,Dry,Daylight
2023-12-25T22:19:00.000,I 85,I 85 and Sr 219,,Not a Collision with Motor Vehicle,1,Rain,Wet,Dark-Not Lighted
2023-07-31T12:25:00.000,I 85,I 85 and Sr 219,,Not a Collision with Motor Vehicle,2,Clear,Dry,Daylight
2023-06-07T13:20:00.000,I 85,I 85 and Sr 219,,Not a Collision with Motor Vehicle,1,Clear,Dry,Daylight
2023-06-14T14:20:00.000,I 85,I 85 and Sr 219,,Not a Collision with Motor Vehicle,1,Rain,Wet,Daylight
2023-06-03T11:13:00.000,I 85,I 85 and Sr 219,,Not a Collision with Motor Vehicle,1,Clear,Dry,Daylight
2023-05-25T14:10:00.000,I 85,I 85 and Sr 219,,Not a Collision with Motor Vehicle,1,Clear,Dry,Daylight
2023-05-09T22:47:00.000,I 85,I 85 and Sr 219,,Not a Collision with Motor Vehicle,1,Clear,Dry,Dark-Not Lighted
2023-08-11T11:38:00.000,I 85,I 85 and Sr 219,,Not a Collision with Motor Vehicle,1,Rain,Wet,Daylight
2022-03-19T15:00:00.000,I 85,I 85 and Sr 219,,Rear End,2,Clear,Dry,Daylight
2020-01-07T21:39:00.000,I 85,I 85 and Sr 219,,Angle Crash,2,Clear,Dry,Dark-Not Lighted
2020-07-31T07:28:00.000,I 85,I 85 and Sr 219,,Not a Collision with Motor Vehicle,1,Clear,Dry,Daylight
2020-12-31T23:10:00.000,I 85,I 85 and Sr 219,,Not a Collision with Motor Vehicle,1,Rain,Wet,Dark-Not Lighted
2020-12-03T19:45:00.000,I 85,I 85 and Sr 219,,Rear End,2,Clear,Dry,Dark-Lighted
2020-09-15T15:49:00.000,I 85,I 85 and Sr 219,,Not a Collision with Motor Vehicle,1,Clear,Dry,Daylight
2020-06-09T23:47:00.000,I 85,I 85 and Sr 219,,Sideswipe-Same Direction,2,Cloudy,Dry,Dark-Not Lighted
2020-11-22T13:21:00.000,I 85,I 85 and Sr 219,,Not a Collision with Motor Vehicle,1,Clear,Dry,Daylight
2020-08-25T06:56:00.000,I 85,I 85 and Sr 219,,Not a Collision with Motor Vehicle,1,Rain,Wet,Dark-Not Lighted
2020-11-22T11:50:00.000,I 85,I 85 and Sr 219,,Not a Collision with Motor Vehicle,1,Cloudy,Dry,Daylight
2020-11-25T06:40:00.000,I 85,I 85 and Sr 219,,Not a Collision with Motor Vehicle,1,Cloudy,Dry,Dawn
2020-07-25T23:30:00.000,I 85,I 85 and Sr 219,,Not a Collision with Motor Vehicle,1,Cloudy,Wet,Dark-Not Lighted
2020-09-27T14:32:00.000,I 85,I 85 and Sr 219,,Not a Collision with Motor Vehicle,1,Rain,Wet,Daylight
2020-07-27T15:05:00.000,I 85,I 85 and Sr 219,,Angle Crash,2,Rain,Wet,Daylight
2020-10-14T13:29:00.000,I 85,I 85 and Sr 219,,Sideswipe-Same Direction,2,Clear,Dry,Daylight
2020-12-24T13:52:00.000,I 85,I 85 and Sr 219,,Rear End,3,Cloudy,Wet,Daylight
2020-08-29T22:50:00.000,I 85,I 85 and Sr 219,,Not a Collision with Motor Vehicle,1,Clear,Dry,Dark-Not Lighted
2020-07-15T14:06:00.000,I 85,I 85 and Sr 219,,Not a Collision with Motor Vehicle,1,Clear,Dry,Daylight
2020-12-14T07:31:00.000,I 85,I 85 and Sr 219,,Not a Collision with Motor Vehicle,1,Cloudy,Wet,Dark-Not Lighted
2020-09-03T07:00:00.000,I 85,I 85 and Sr 219,,Not a Collision with Motor Vehicle,1,Clear,Dry,Dawn
2020-02-18T17:38:00.000,I 85,I 85 and Sr 219,,Sideswipe-Same Direction,2,Rain,Wet,Daylight
2020-12-01T11:38:00.000,I 85,I 85 and Sr 219,,Rear End,2,Clear,Dry,Daylight
2020-09-18T11:09:00.000,I 85,I 85 and Sr 219,,Sideswipe-Same Direction,2,Cloudy,Dry,Daylight
2020-11-22T11:56:00.000,I 85,I 85 and Sr 219,,Not a Collision with Motor Vehicle,1,Clear,Dry,Daylight
2020-11-25T09:04:00.000,I 85,I 85 and Sr 219,,Sideswipe-Same Direction,1,Cloudy,Dry,Daylight
2021-06-29T09:08:00.000,I 85,I 85 and Sr 219,,Not a Collision with Motor Vehicle,2,Cloudy,Wet,Daylight
2021-06-04T05:10:00.000,I 85,I 85 and Sr 219,,Sideswipe-Same Direction,2,Clear,Dry,Dark-Not Lighted
2021-05-25T23:05:00.000,I 85,I 85 and Sr 219,,Not a Collision with Motor Vehicle,1,Clear,Dry,Dark-Not Lighted
2021-06-25T19:17:00.000,I 85,I 85 and Sr 219,,Sideswipe-Same Direction,2,Clear,Dry,Daylight
2021-05-25T23:05:00.000,I 85,I 85 and Sr 219,,Rear End,2,Clear,Dry,Dark-Not Lighted
2021-06-25T16:42:00.000,I 85,I 85 and Sr 219,,Not a Collision with Motor Vehicle,1,Clear,Dry,Daylight
2021-06-22T06:20:00.000,I 85,I 85 and Sr 219,,Not a Collision with Motor Vehicle,1,Rain,Wet,Dawn
2021-05-01T07:20:00.000,I 85,I 85 and Sr 219,,Not a Collision with Motor Vehicle,1,Clear,Dry,Daylight
2021-05-04T21:01:00.000,I 85,I 85 and Sr 219,,Rear End,2,Rain,Wet,Dark-Not Lighted
2021-05-04T00:00:00.000,I 85,I 85 and Sr 219,,Not a Collision with Motor Vehicle,1,Rain,Wet,Dark-Not Lighted
2021-12-11T15:00:00.000,I 85,I 85 and Sr 219,,Rear End,2,Rain,Wet,Daylight
2021-07-17T20:00:00.000,I 85,I 85 and Sr 219,,Not a Collision with Motor Vehicle,1,Rain,Wet,Daylight
2021-12-03T08:20:00.000,I 85,I 85 and Sr 219,,Rear End,2,Clear,Dry,Daylight
2021-10-02T23:00:00.000,I 85,I 85 and Sr 219,,Not a Collision with Motor Vehicle,1,Clear,Dry,Dark-Lighted
2021-07-15T20:15:00.000,I 85,I 85 and Sr 219,,Rear End,2,Clear,Dry,Daylight
2021-09-16T01:25:00.000,I 85,I 85 and Sr 219,,Not a Collision with Motor Vehicle,1,Rain,Wet,Dark-Not Lighted
2022-06-09T18:40:00.000,I 85,I 85 and Sr 219,,Angle Crash,2,Clear,Dry,Daylight
2022-10-01T09:45:00.000,I 85,I 85 and Sr 219,,Sideswipe-Same Direction,2,Clear,Dry,Daylight
2022-08-23T05:45:00.000,I 85,I 85 and Sr 219,,Angle Crash,3,Rain,Wet,Dark-Not Lighted
2022-08-01T14:00:00.000,I 85,I 85 and Sr 219,,Not a Collision with Motor Vehicle,1,Rain,Wet,Daylight
2022-07-13T15:05:00.000,I 85,I 85 and Sr 219,,Rear End,2,Clear,Dry,Daylight
2022-03-05T13:20:00.000,I 85,I 85 and Sr 219,,Not a Collision with Motor Vehicle,1,Clear,Dry,Daylight
2022-08-23T05:45:00.000,I 85,I 85 and Sr 219,,Rear End,2,Clear,Wet,Dark-Lighted
2022-12-22T12:03:00.000,I 85,I 85 and Sr 219,,Not a Collision with Motor Vehicle,1,Cloudy,Wet,Daylight
2022-11-05T02:37:00.000,I 85,I 85 and Sr 219,,Sideswipe-Opposite Direction,4,Clear,Dry,Dark-Not Lighted
2022-03-12T03:40:00.000,I 85,I 85 and Sr 219,,Not a Collision with Motor Vehicle,1,Cloudy,Wet,Dark-Not Lighted
2022-05-14T02:07:00.000,I 85,I 85 and Sr 219,,Not a Collision with Motor Vehicle,1,Clear,Dry,Dark-Not Lighted
2022-01-26T12:15:00.000,I 85,I 85 and Sr 219,,Sideswipe-Same Direction,2,Clear,Dry,Daylight
2022-05-29T10:00:00.000,I 85,I 85 and Sr 219,,Angle Crash,3,Clear,Dry,Daylight
2022-03-12T03:40:00.000,I 85,I 85 and Sr 219,,Not a Collision with Motor Vehicle,1,Cloudy,Wet,Dark-Not Lighted
2022-11-24T08:30:00.000,I 85,I 85 and Sr 219,,Rear End,2,Cloudy,Dry,Daylight
2022-11-23T08:38:00.000,I 85,I 85 and Sr 219,,Sideswipe-Same Direction,2,Clear,Dry,Daylight
2022-02-09T15:27:00.000,I 85,I 85 and Sr 219,,Sideswipe-Same Direction,2,Clear,Dry,Daylight
2022-04-16T09:25:00.000,I 85,I 85 and Sr 219,,Not a Collision with Motor Vehicle,1,Rain,Wet,Daylight
2022-03-18T13:30:00.000,I 85,I 85 and Sr 219,,Not a Collision with Motor Vehicle,1,Rain,Wet,Daylight
2021-12-08T06:45:00.000,I 85,I 85 and Sr 219,,Sideswipe-Same Direction,2,Rain,Wet,Dark-Not Lighted
2022-03-12T03:40:00.000,I 85,I 85 and Sr 219,,Not a Collision with Motor Vehicle,1,Clear,Wet,Dark-Not Lighted
2022-10-12T16:19:00.000,I 85,I 85 and Sr 219,,Sideswipe-Same Direction,2,Rain,Wet,Daylight
2022-05-16T16:59:00.000,I 85,I 85 and Sr 219,,Sideswipe-Same Direction,2,Clear,Dry,Daylight
2022-08-05T17:35:00.000,I 85,I 85 and Sr 219,,Not a Collision with Motor Vehicle,1,Rain,Wet,Daylight
2022-12-24T19:20:00.000,I 85,I 85 and Sr 219,,Not a Collision with Motor Vehicle,1,Clear,Dry,Dark-Not Lighted
2022-07-09T22:00:00.000,I 85,I 85 and Sr 219,,Not a Collision with Motor Vehicle,1,Cloudy,Dry,Dark-Not Lighted
2022-09-26T19:22:00.000,I 85,I 85 and Sr 219,,Not a Collision with Motor Vehicle,1,Clear,Dry,Daylight
2022-04-22T08:45:00.000,I 85,I 85 and Sr 219,,Not a Collision with Motor Vehicle,1,Clear,Dry,Daylight
2022-09-09T10:50:00.000,I 85,I 85 and Sr 219,,Rear End,2,Cloudy,Wet,Daylight
2022-12-22T11:36:00.000,I 85,I 85 and Sr 219,,Not a Collision with Motor Vehicle,1,Clear,Dry,Daylight
2022-08-01T05:40:00.000,I 85,I 85 and Sr 219,,Rear End,2,Clear,Dry,Dark-Lighted
2022-01-14T07:17:00.000,I 85,I 85 and Sr 219,,Rear End,2,Cloudy,Dry,Daylight
2022-08-23T05:50:00.000,I 85,I 85 and Sr 219,,Angle Crash,2,Rain,Wet,Dark-Not Lighted
2022-01-31T18:33:00.000,I 85,I 85 and Sr 219,,Rear End,2,Cloudy,Dry,Dark-Not Lighted
2022-04-11T03:20:00.000,I 85,I 85 and Sr 219,,Head On,2,Cloudy,Dry,Dark-Not Lighted
2022-02-06T18:05:00.000,I 85,I 85 and Sr 219,,Rear End,2,Cloudy,Dry,Dark-Lighted
2022-03-19T14:00:00.000,I 85,I 85 and Sr 219,,Rear End,2,Clear,Dry,Daylight
2022-11-26T20:23:00.000,I 85,I 85 and Sr 219,,Not a Collision with Motor Vehicle,1,Cloudy,Wet,Dark-Not Lighted
2022-08-30T21:25:00.000,I 85,I 85 and Sr 219,,Not a Collision with Motor Vehicle,1,Cloudy,Wet,Dark-Not Lighted
2022-07-17T06:45:00.000,I 85,I 85 and Sr 219,,Not a Collision with Motor Vehicle,1,Clear,Dry,Daylight
2022-08-14T00:42:00.000,I 85,I 85 and Sr 219,,Sideswipe-Same Direction,2,Clear,Dry,Dark-Not Lighted
2022-03-12T03:40:00.000,I 85,I 85 and Sr 219,,Not a Collision with Motor Vehicle,1,Cloudy,Wet,Dark-Not Lighted
2022-04-20T09:53:00.000,I 85,I 85 and Sr 219,,Sideswipe-Same Direction,2,Clear,Dry,Daylight
2023-02-01T15:00:00.000,I 85,I 85 and Sr 219,,Sideswipe-Same Direction,2,Clear,Dry,Daylight
2023-08-22T23:23:00.000,I 85,I 85 and Sr 219,,Not a Collision with Motor Vehicle,1,Cloudy,Dry,Dark-Not Lighted
2024-06-13T11:36:00.000,I 85,I 85 and Sr 219,,Sideswipe-Same Direction,2,Clear,Dry,Daylight
2024-12-03T06:30:00.000,I 85,I 85 and Sr 219,,Sideswipe-Same Direction,2,Clear,Dry,Daylight
2024-09-03T22:48:00.000,I 85,I 85 and Sr 219,,Angle Crash,1,Clear,Dry,Dark-Not Lighted
2024-08-14T06:45:00.000,I 85,I 85 and Sr 219,,Not a Collision with Motor Vehicle,1,Clear,Dry,Daylight
2024-04-14T20:39:00.000,I 85,I 85 and Sr 219,,Sideswipe-Same Direction,2,Clear,Dry,Daylight
2024-07-08T16:14:00.000,I 85,I 85 and Sr 219,,Rear End,2,Clear,Dry,Daylight
2023-03-08T19:35:00.000,I 85,I 85 and Sr 219,,Sideswipe-Same Direction,2,Clear,Dry,Dark-Not Lighted
2023-03-25T11:11:00.000,I 85,I 85 and Sr 219,,Not a Collision with Motor Vehicle,1,Clear,Dry,Daylight
2024-02-11T19:35:00.000,I 85,I 85 and Sr 219,,Not a Collision with Motor Vehicle,1,Rain,Wet,Dark-Not Lighted
2023-05-26T08:02:00.000,I 85,I 85 and Sr 219,,Rear End,2,Clear,Dry,Daylight
2023-07-07T03:00:00.000,I 85,I 85 and Sr 219,,Not a Collision with Motor Vehicle,1,Clear,Dry,Dark-Not Lighted
2023-02-13T11:45:00.000,I 85,I 85 and Sr 219,,Rear End,2,Clear,Dry,Daylight
2023-01-20T03:10:00.000,I 85,I 85 and Sr 219,,Not a Collision with Motor Vehicle,1,Clear,Dry,Dark-Not Lighted
2023-05-17T16:00:00.000,I 85,I 85 and Sr 219,,Not a Collision with Motor Vehicle,1,Rain,Wet,Daylight
2023-08-11T12:00:00.000,I 85,I 85 and Sr 219,,Not a Collision with Motor Vehicle,1,Rain,Wet,Daylight
2023-06-12T02:50:00.000,I 85,I 85 and Sr 219,,Not a Collision with Motor Vehicle,1,Rain,Wet,Dark-Not Lighted
2023-01-25T06:08:00.000,I 85,I 85 and Sr 219,,Not a Collision with Motor Vehicle,1,Rain,Wet,Dark-Not Lighted
2023-04-22T00:00:00.000,I 85,I 85 and Sr 219,,Not a Collision with Motor Vehicle,1,Clear,Dry,Daylight
2023-03-12T10:50:00.000,I 85,I 85 and Sr 219,,Not a Collision with Motor Vehicle,1,Rain,Wet,Daylight
2023-01-27T21:20:00.000,I 85,I 85 and Sr 219,,Not a Collision with Motor Vehicle,2,Clear,Dry,Dark-Not Lighted
2023-09-06T16:44:00.000,I 85,I 85 and Sr 219,,Rear End,2,Clear,Dry,Daylight
2024-01-23T07:58:00.000,I 85,I 85 and Sr 219,,Sideswipe-Same Direction,2,Cloudy,Wet,Daylight
2024-05-17T14:15:00.000,I 85,I 85 and Sr 219,,Not a Collision with Motor Vehicle,1,Rain,Wet,Daylight
2024-02-03T01:40:00.000,I 85,I 85 and Sr 219,,Not a Collision with Motor Vehicle,1,Clear,Dry,Dark-Not Lighted
2024-09-26T20:30:00.000,I 85,I 85 and Sr 219,,Not a Collision with Motor Vehicle,1,Severe Thunderstorm or Tornadic,Wet,Dark-Lighted
2024-02-12T09:58:00.000,I 85,I 85 and Sr 219,,Not a Collision with Motor Vehicle,1,Rain,Wet,Daylight
2024-08-06T21:39:00.000,I 85,I 85 and Sr 219,,Not a Collision with Motor Vehicle,2,Clear,Dry,Dark-Not Lighted
2024-05-13T09:43:00.000,I 85,I 85 and Sr 219,,Rear End,2,Rain,Wet,Daylight
2024-03-08T22:08:00.000,I 85,I 85 and Sr 219,,Not a Collision with Motor Vehicle,1,Rain,Wet,Dark-Not Lighted
2024-11-17T03:54:00.000,I 85,I 85 and Sr 219,,Not a Collision with Motor Vehicle,1,Clear,Dry,Dark-Not Lighted
2024-04-22T15:20:00.000,I 85,I 85 and Sr 219,,Not a Collision with Motor Vehicle,1,Clear,Dry,Daylight
2024-02-23T06:21:00.000,I 85,I 85 and Sr 219,,Not a Collision with Motor Vehicle,1,Rain,Wet,Dark-Not Lighted
2024-08-26T13:45:00.000,I 85,I 85 and Sr 219,,Rear End,2,Clear,Dry,Daylight
2024-04-14T20:15:00.000,I 85,I 85 and Sr 219,,Angle Crash,2,Clear,Dry,Dusk
2024-07-28T20:50:00.000,I 85,I 85 and Sr 219,,Not a Collision with Motor Vehicle,1,Rain,Wet,Dark-Not Lighted
2024-05-12T02:09:00.000,I 85,I 85 and Sr 219,,Not a Collision with Motor Vehicle,1,Clear,Dry,Dark-Not Lighted
2024-12-02T16:15:00.000,I 85,I 85 and Sr 219,,Sideswipe-Same Direction,2,Clear,Dry,Daylight
2024-04-20T20:30:00.000,I 85,I 85 and Sr 219,,Not a Collision with Motor Vehicle,1,Rain,Wet,Dark-Not Lighted
2024-04-12T06:50:00.000,I 85,I 85 and Sr 219,,Angle Crash,2,Clear,Dry,Daylight
2024-06-28T11:24:00.000,I 85,I 85 and Sr 219,,Not a Collision with Motor Vehicle,1,Cloudy,Dry,Daylight
2024-04-04T07:20:00.000,I 85,I 85 and Sr 219,,Not a Collision with Motor Vehicle,1,Clear,Dry,Daylight
2024-08-30T17:31:00.000,I 85,I 85 and Sr 219,,Sideswipe-Same Direction,2,Clear,Wet,Daylight
2024-08-04T05:00:00.000,I 85,I 85 and Sr 219,,Sideswipe-Same Direction,2,Clear,Dry,Dark-Not Lighted
2024-05-27T12:00:00.000,I 85,I 85 and Sr 219,,Not a Collision with Motor Vehicle,1,Cloudy,Wet,Daylight
2024-06-05T10:15:00.000,I 85,I 85 and Sr 219,,Not a Collision with Motor Vehicle,1,Rain,Wet,Daylight
2024-10-26T12:31:00.000,I 85,I 85 and Sr 219,,Rear End,2,Clear,Dry,Daylight
2024-08-13T19:17:00.000,I 85,I 85 and Sr 219,,Rear End,2,Clear,Dry,Daylight
2024-03-08T21:50:00.000,I 85,I 85 and Sr 219,,Not a Collision with Motor Vehicle,1,Rain,Wet,Dark-Not Lighted
2024-06-06T07:40:00.000,I 85,I 85 and Sr 219,,Sideswipe-Same Direction,2,Cloudy,Dry,Daylight
2024-04-02T01:30:00.000,I 85,I 85 and Sr 219,,Rear End,3,Clear,Dry,Dark-Not Lighted
2024-04-04T07:55:00.000,I 85,I 85 and Sr 219,,Rear End,3,Clear,Dry,Daylight
2022-08-08T06:49:00.000,I 85,I 85 and Sr 211  Old Winder Hwy,,Sideswipe-Same Direction,2,Clear,Dry,Daylight
2021-06-17T08:00:00.000,I 85,I 85 and Sr 211,,Angle Crash,2,Clear,Wet,Daylight
2021-06-13T18:25:00.000,I 85,I 85 and Sr 211,,Sideswipe-Same Direction,2,Clear,Dry,Daylight
2021-10-28T18:00:00.000,I 85,I 85 and Sr 211,,Sideswipe-Same Direction,3,Cloudy,Wet,Daylight
2021-08-05T18:00:00.000,I 85,I 85 and Sr 211,,Rear End,2,Clear,Dry,Daylight
2021-11-16T18:10:00.000,I 85,I 85 and Sr 211,,Rear End,4,Clear,Dry,Dark-Not Lighted
2021-11-09T18:23:00.000,I 85,I 85 and Sr 211,,Rear End,2,Clear,Dry,Dark-Not Lighted
2021-02-04T15:46:00.000,I 85,I 85 and Sr 211,,Not a Collision with Motor Vehicle,1,Cloudy,Dry,Daylight
2023-10-11T20:15:00.000,I 85,I 85 and Sr 211,,Rear End,2,Rain,Wet,Dark-Not Lighted
2023-04-26T17:28:00.000,I 85,I 85 and Sr 211,,Not a Collision with Motor Vehicle,1,Cloudy,Wet,Daylight
2023-12-11T16:43:00.000,I 85,I 85 and Sr 211,,Sideswipe-Same Direction,2,Clear,Dry,Daylight
2023-03-06T16:35:00.000,I 85,I 85 and Sr 211,,Rear End,2,Clear,Dry,Daylight
2020-02-13T05:40:00.000,I 85,I 85 and Sr 211,,Sideswipe-Same Direction,2,Cloudy,Wet,Dark-Not Lighted
2020-02-24T06:43:00.000,I 85,I 85 and Sr 211,,Sideswipe-Same Direction,2,Rain,Wet,Dawn