Date and Time,Roadway (From Crash Report),Intersection Name (from Crash Report),KABCO Severity,Manner of Collision (Crash Level) ,# of Vehicles per crash ,Weather Conditions (Crash Level),Surface Condition (Crash Level) ,Light Conditions (Crash Level)
2020-02-13T06:05:00.000,I 85,I 85 and Sr 211,,Rear End,2,Rain,Water (standing or moving),Dawn
2020-03-07T13:17:00.000,I 85,I 85 and Sr 211,,Rear End,2,Clear,Dry,Daylight
2020-09-09T05:14:00.000,I 85,I 85 and Sr 211,,Sideswipe-Same Direction,3,Clear,Dry,Dark-Not Lighted
2020-09-13T21:38:00.000,I 85,I 85 and Sr 211,,Not a Collision with Motor Vehicle,1,Clear,Dry,Dark-Not Lighted
2020-03-03T17:00:00.000,I 85,I 85 and Sr 211,,Rear End,2,Clear,Dry,Daylight
2020-12-19T04:16:00.000,I 85,I 85 and Sr 211,,Not a Collision with Motor Vehicle,1,Clear,Dry,Dark-Not Lighted
2020-10-13T10:30:00.000,I 85,I 85 and Sr 211,,Not a Collision with Motor Vehicle,1,Clear,Dry,Daylight
2020-10-05T15:36:00.000,I 85,I 85 and Sr 211,,Sideswipe-Same Direction,2,Cloudy,Dry,Daylight
2020-04-25T08:15:00.000,I 85,I 85 and Sr 211,,Not a Collision with Motor Vehicle,1,Rain,Wet,Daylight
2020-10-05T19:46:00.000,I 85,I 85 and Sr 211,,Not a Collision with Motor Vehicle,1,Clear,Dry,Dark-Not Lighted
2021-05-12T17:49:00.000,I 85,I 85 and Sr 211,,Sideswipe-Same Direction,2,Cloudy,Dry,Daylight
2021-01-30T19:40:00.000,I 85,I 85 and Sr 211,,Sideswipe-Same Direction,2,Clear,Dry,Dark-Not Lighted
2021-09-17T00:15:00.000,I 85,I 85 and Sr 211,,Sideswipe-Same Direction,2,Clear,Dry,Dark-Lighted
2021-08-05T17:20:00.000,I 85,I 85 and Sr 211,,Rear End,2,Clear,Dry,Daylight
2022-03-17T17:09:00.000,I 85,I 85 and Sr 211,,Head On,2,Clear,Dry,Daylight
2022-11-30T02:41:00.000,I 85,I 85 and Sr 211,,Head On,2,Rain,Water (standing or moving),Dark-Lighted
2021-12-04T02:20:00.000,I 85,I 85 and Sr 211,,Sideswipe-Same Direction,2,Clear,Dry,Dark-Lighted
2021-07-12T07:05:00.000,I 85,I 85 and Sr 211,,Not a Collision with Motor Vehicle,1,Clear,Dry,Daylight
2021-11-09T17:30:00.000,I 85,I 85 and Sr 211,,Rear End,3,Clear,Dry,Dark-Not Lighted
2022-11-02T12:00:00.000,I 85,I 85 and Sr 211,,Sideswipe-Same Direction,2,Cloudy,Dry,Daylight
2022-05-07T23:31:00.000,I 85,I 85 and Sr 211,,Angle Crash,2,Clear,Dry,Dark-Not Lighted
2022-05-08T14:00:00.000,I 85,I 85 and Sr 211,,Not a Collision with Motor Vehicle,1,Cloudy,Dry,Daylight
2021-07-05T14:15:00.000,I 85,I 85 and Sr 211,,Not a Collision with Motor Vehicle,1,Clear,Dry,Daylight
2022-01-11T17:40:00.000,I 85,I 85 and Sr 211,,Rear End,3,Clear,Dry,Daylight
2022-04-09T13:06:00.000,I 85,I 85 and Sr 211,,Sideswipe-Same Direction,2,Cloudy,Dry,Daylight
2022-10-27T16:03:00.000,I 85,I 85 and Sr 211,,Not a Collision with Motor Vehicle,1,Clear,Dry,Daylight
2022-01-21T13:47:00.000,I 85,I 85 and Sr 211,,Sideswipe-Same Direction,2,Cloudy,Dry,Daylight
2022-03-03T17:00:00.000,I 85,I 85 and Sr 211,,Not a Collision with Motor Vehicle,1,Clear,Dry,Daylight
2022-08-12T18:55:00.000,I 85,I 85 and Sr 211,,Rear End,2,Clear,Dry,Daylight
2022-07-03T18:52:00.000,I 85,I 85 and Sr 211,,Rear End,2,Cloudy,Dry,Daylight
2022-06-29T23:41:00.000,I 85,I 85 and Sr 211,,Angle Crash,2,Clear,Wet,Dark-Not Lighted
2023-01-29T12:19:00.000,I 85,I 85 and Sr 211,,Sideswipe-Same Direction,2,Clear,Dry,Daylight
2024-09-03T07:11:00.000,I 85,I 85 and Sr 211,,Rear End,3,Cloudy,Dry,Daylight
2024-05-14T18:16:00.000,I 85,I 85 and Sr 211,,Sideswipe-Same Direction,2,Clear,Dry,Daylight
2024-01-27T12:37:00.000,I 85,I 85 and Sr 211,,Not a Collision with Motor Vehicle,1,Rain,Wet,Daylight
2024-02-22T17:00:00.000,I 85,I 85 and Sr 211,,Rear End,2,Clear,Dry,Dark-Not Lighted
2024-09-06T06:46:00.000,I 85,I 85 and Sr 211,,Rear End,3,Cloudy,Dry,Dawn
2023-01-05T16:00:00.000,I 85,I 85 and Sr 211,,Rear End,2,Clear,Dry,Daylight
2023-10-15T02:03:00.000,I 85,I 85 and Sr 211,,Sideswipe-Same Direction,2,Clear,Dry,Dark-Not Lighted
2024-10-12T12:27:00.000,I 85,I 85 and Sr 211,,Rear End,2,Clear,Dry,Daylight
2024-01-27T12:15:00.000,I 85,I 85 and Sr 211,,Sideswipe-Same Direction,2,Rain,Wet,Daylight
2021-02-05T18:00:00.000,I 85,I 85 and Sr 20,,Sideswipe-Same Direction,2,Clear,Dry,Dark-Not Lighted
2021-01-31T22:23:00.000,I 85,I 85 and Sr 20,,Angle Crash,2,Rain,Wet,Dark-Not Lighted
2021-04-14T17:44:00.000,I 85,I 85 and Sr 20,,Sideswipe-Same Direction,2,Rain,Wet,Daylight
2021-02-01T13:45:00.000,I 85,I 85 and Sr 20,,Rear End,2,Clear,Dry,Daylight
2021-01-05T17:20:00.000,I 85,I 85 and Sr 20,,Rear End,2,Clear,Dry,Daylight
2021-08-10T18:45:00.000,I 85,I 85 and Sr 20,,Not a Collision with Motor Vehicle,1,Rain,Wet,Daylight
2021-09-30T18:00:00.000,I 85,I 85 and Sr 20,,Not a Collision with Motor Vehicle,2,Clear,Dry,Daylight
2021-11-11T07:42:00.000,I 85,I 85 and Sr 20,,Not a Collision with Motor Vehicle,2,Clear,Dry,Daylight
2021-09-08T19:13:00.000,I 85,I 85 and Sr 20,,Sideswipe-Same Direction,2,Rain,Wet,Daylight
2021-08-24T05:55:00.000,I 85,I 85 and Sr 20,,Not a Collision with Motor Vehicle,1,Clear,Dry,Dark-Not Lighted
2021-12-26T14:33:00.000,I 85,I 85 and Sr 20,,Angle Crash,2,Clear,Dry,Daylight
2021-06-11T09:33:00.000,I 85,I 85 and Sr 20,,Rear End,2,Cloudy,Wet,Daylight
2021-05-28T10:16:00.000,I 85,I 85 and Sr 20,,Not a Collision with Motor Vehicle,2,Cloudy,Dry,Daylight
2021-06-06T03:50:00.000,I 85,I 85 and Sr 20,,Rear End,2,Clear,Dry,Dark-Not Lighted
2021-01-07T19:40:00.000,I 85,I 85 and Sr 20,,Not a Collision with Motor Vehicle,2,Clear,Wet,Dark-Not Lighted
2021-02-18T11:50:00.000,I 85,I 85 and Sr 20,,Sideswipe-Same Direction,2,Cloudy,Wet,Daylight
2021-03-28T13:38:00.000,I 85,I 85 and Sr 20,,Rear End,2,Cloudy,Wet,Daylight
2021-02-11T11:31:00.000,I 85,I 85 and Sr 20,,Not a Collision with Motor Vehicle,1,Rain,Wet,Daylight
2021-04-14T13:04:00.000,I 85,I 85 and Sr 20,,Not a Collision with Motor Vehicle,1,Clear,Dry,Daylight
2021-06-14T14:10:00.000,I 85,I 85 and Sr 20,,Rear End,2,Cloudy,Dry,Daylight
2021-04-08T05:51:00.000,I 85,I 85 and Sr 20,,Rear End,2,Clear,Dry,Dark-Not Lighted
2021-01-30T21:34:00.000,I 85,I 85 and Sr 20,,Angle Crash,2,Clear,Dry,Dark-Not Lighted
2021-01-01T08:22:00.000,I 85,I 85 and Sr 20,,Rear End,2,Rain,Wet,Daylight
2021-12-11T12:55:00.000,I 85,I 85 and Sr 20,,Rear End,3,Cloudy,Dry,Daylight
2021-12-08T14:28:00.000,I 85,I 85 and Sr 20,,Sideswipe-Same Direction,2,Cloudy,Dry,Daylight
2021-07-28T16:40:00.000,I 85,I 85 and Sr 20,,Rear End,2,Clear,Dry,Daylight
2021-09-16T07:47:00.000,I 85,I 85 and Sr 20,,Rear End,2,Rain,Wet,Dawn
2021-09-02T06:22:00.000,I 85,I 85 and Sr 20,,Sideswipe-Same Direction,2,Clear,Dry,Dark-Not Lighted
2021-10-09T05:30:00.000,I 85,I 85 and Sr 20,,Not a Collision with Motor Vehicle,1,Clear,Dry,Daylight
2021-04-16T16:48:00.000,I 85,I 85 and Sr 20,,Rear End,2,Cloudy,Dry,Daylight
2021-02-05T10:33:00.000,I 85,I 85 and Sr 20,,Not a Collision with Motor Vehicle,2,Clear,Dry,Daylight
2021-09-01T21:42:00.000,I 85,I 85 and Sr 20,,Not a Collision with Motor Vehicle,2,Clear,Dry,Dark-Lighted
2021-11-24T11:40:00.000,I 85,I 85 and Sr 20,,Sideswipe-Same Direction,2,Clear,Dry,Daylight
2021-08-30T01:10:00.000,I 85,I 85 and Sr 20,,Sideswipe-Same Direction,2,Clear,Dry,Dark-Lighted
2021-12-23T23:28:00.000,I 85,I 85 and Sr 20,,Not a Collision with Motor Vehicle,1,Cloudy,Dry,Dark-Not Lighted
2021-01-26T14:25:00.000,I 85,I 85 and Sr 20,,Not a Collision with Motor Vehicle,2,Clear,Dry,Daylight
2021-04-25T05:11:00.000,I 85,I 85 and Sr 20,,Not a Collision with Motor Vehicle,1,Cloudy,Wet,Dark-Not Lighted
2021-02-09T03:30:00.000,I 85,I 85 and Sr 20,,Angle Crash,2,Clear,Dry,Dark-Lighted
2021-04-14T12:31:00.000,I 85,I 85 and Sr 20,,Not a Collision with Motor Vehicle,2,Clear,Dry,Daylight
2020-06-16T07:17:00.000,I 85,I 85 and Sr 20,,Not a Collision with Motor Vehicle,1,Cloudy,Dry,Daylight
2020-11-23T09:22:00.000,I 85,I 85 and Sr 20,,Sideswipe-Same Direction,2,Clear,Dry,Daylight
2020-04-22T07:35:00.000,I 85,I 85 and Sr 20,,Angle Crash,2,Clear,Dry,Daylight
2020-08-03T20:50:00.000,I 85,I 85 and Sr 20,,Not a Collision with Motor Vehicle,1,Clear,Dry,Dark-Not Lighted
2023-01-05T09:30:00.000,I 85,I 85 and Sr 20,,Sideswipe-Same Direction,2,Clear,Dry,Daylight
2023-05-09T06:29:00.000,I 85,I 85 and Sr 20,,Not a Collision with Motor Vehicle,1,Cloudy,Dry,Daylight
2023-03-02T06:48:00.000,I 85,I 85 and Sr 20,,Rear End,2,Cloudy,Wet,Dawn
2023-11-06T14:24:00.000,I 85,I 85 and Sr 20,,Sideswipe-Same Direction,2,Cloudy,Dry,Daylight
2023-07-28T18:38:00.000,I 85,I 85 and Sr 20,,Rear End,2,Rain,Wet,Daylight
2023-05-01T07:35:00.000,I 85,I 85 and Sr 20,,Sideswipe-Same Direction,2,Cloudy,Dry,Daylight
2023-07-29T02:30:00.000,I 85,I 85 and Sr 20,,Angle Crash,2,Cloudy,Dry,Dark-Lighted
2023-04-26T06:30:00.000,I 85,I 85 and Sr 20,,Rear End,3,Clear,Dry,Dawn
2023-12-29T06:00:00.000,I 85,I 85 and Sr 20,,Rear End,2,Clear,Dry,Dark-Not Lighted
2023-03-09T21:18:00.000,I 85,I 85 and Sr 20,,Sideswipe-Same Direction,2,Rain,Wet,Dark-Lighted
2023-06-22T10:38:00.000,I 85,I 85 and Sr 20,,Not a Collision with Motor Vehicle,1,Cloudy,Wet,Daylight
2023-04-26T05:30:00.000,I 85,I 85 and Sr 20,,Rear End,2,Clear,Dry,Daylight
2023-01-13T19:49:00.000,I 85,I 85 and Sr 20,,Sideswipe-Same Direction,2,Cloudy,Dry,Dark-Lighted
2023-08-11T08:48:00.000,I 85,I 85 and Sr 20,,Not a Collision with Motor Vehicle,1,Rain,Wet,Daylight
2022-07-02T18:30:00.000,I 85,I 85 and Sr 20,,Sideswipe-Same Direction,2,Cloudy,Dry,Daylight
2020-07-24T21:24:00.000,I 85,I 85 and Sr 20,,Head On,2,Clear,Dry,Dark-Not Lighted
2020-08-05T18:50:00.000,I 85,I 85 and Sr 20,,Not a Collision with Motor Vehicle,1,Clear,Dry,Daylight
2020-02-24T21:50:00.000,I 85,I 85 and Sr 20,,Sideswipe-Same Direction,2,Rain,Wet,Dark-Not Lighted
2020-12-10T18:09:00.000,I 85,I 85 and Sr 20,,Rear End,2,Clear,Wet,Dark-Not Lighted
2020-07-13T05:50:00.000,I 85,I 85 and Sr 20,,Rear End,2,Clear,Dry,Dawn
2020-02-15T13:37:00.000,I 85,I 85 and Sr 20,,Rear End,2,Clear,Dry,Daylight
2020-10-29T06:22:00.000,I 85,I 85 and Sr 20,,Rear End,2,Rain,Wet,Dark-Not Lighted
2020-09-17T08:40:00.000,I 85,I 85 and Sr 20,,Not a Collision with Motor Vehicle,1,Rain,Wet,Daylight
2020-01-03T10:08:00.000,I 85,I 85 and Sr 20,,Not a Collision with Motor Vehicle,1,Rain,Wet,Daylight
2020-02-29T12:53:00.000,I 85,I 85 and Sr 20,,Sideswipe-Same Direction,2,Clear,Dry,Daylight
2020-09-14T00:29:00.000,I 85,I 85 and Sr 20,,Not a Collision with Motor Vehicle,1,Clear,Dry,Daylight
2020-08-31T18:40:00.000,I 85,I 85 and Sr 20,,Not a Collision with Motor Vehicle,1,Clear,Dry,Daylight
2020-12-31T13:42:00.000,I 85,I 85 and Sr 20,,Rear End,2,Cloudy,Wet,Daylight
2020-01-12T13:11:00.000,I 85,I 85 and Sr 20,,Rear End,2,Clear,Dry,Daylight
2020-09-09T11:30:00.000,I 85,I 85 and Sr 20,,Rear End,2,Clear,Dry,Daylight
2020-12-16T00:30:00.000,I 85,I 85 and Sr 20,,Rear End,2,Clear,Wet,Dark-Lighted
2020-08-18T17:22:00.000,I 85,I 85 and Sr 20,,Sideswipe-Same Direction,2,Clear,Dry,Daylight
2020-10-16T16:20:00.000,I 85,I 85 and Sr 20,,Sideswipe-Same Direction,2,Clear,Dry,Daylight
2020-08-21T21:02:00.000,I 85,I 85 and Sr 20,,Rear End,2,Rain,Wet,Dark-Lighted
2020-10-18T18:20:00.000,I 85,I 85 and Sr 20,,Rear End,2,Clear,Dry,Daylight
2020-08-28T14:10:00.000,I 85,I 85 and Sr 20,,Sideswipe-Same Direction,2,Clear,Dry,Daylight
2020-12-07T05:00:00.000,I 85,I 85 and Sr 20,,Head On,1,Cloudy,Dry,Dark-Not Lighted
2020-04-29T17:20:00.000,I 85,I 85 and Sr 20,,Sideswipe-Same Direction,2,Rain,Wet,Daylight
2020-10-30T18:01:00.000,I 85,I 85 and Sr 20,,Sideswipe-Same Direction,2,Clear,Dry,Daylight
2020-01-03T17:34:00.000,I 85,I 85 and Sr 20,,Rear End,2,Rain,Wet,Dark-Not Lighted
2020-02-15T13:45:00.000,I 85,I 85 and Sr 20,,Rear End,2,Clear,Dry,Daylight
2020-09-11T06:24:00.000,I 85,I 85 and Sr 20,,Sideswipe-Same Direction,2,Clear,Dry,Dark-Lighted
2020-11-27T14:17:00.000,I 85,I 85 and Sr 20,,Rear End,4,Clear,Dry,Daylight
2020-07-30T16:09:00.000,I 85,I 85 and Sr 20,,Sideswipe-Same Direction,2,Cloudy,Dry,Daylight
2020-08-23T19:14:00.000,I 85,I 85 and Sr 20,,Rear End,2,Clear,Dry,Dusk
2020-07-07T14:51:00.000,I 85,I 85 and Sr 20,,Not a Collision with Motor Vehicle,1,Cloudy,Dry,Daylight
2020-11-14T14:50:00.000,I 85,I 85 and Sr 20,,Rear End,2,Clear,Dry,Daylight
2020-10-19T18:30:00.000,I 85,I 85 and Sr 20,,Sideswipe-Same Direction,2,Clear,Dry,Daylight
2020-02-29T16:21:00.000,I 85,I 85 and Sr 20,,Rear End,2,Clear,Dry,Daylight
2020-05-15T12:40:00.000,I 85,I 85 and Sr 20,,Rear End,2,Clear,Dry,Daylight
2020-12-14T14:45:00.000,I 85,I 85 and Sr 20,,Not a Collision with Motor Vehicle,1,Clear,Dry,Daylight
2020-01-06T19:56:00.000,I 85,I 85 and Sr 20,,Rear End,2,Clear,Dry,Dark-Not Lighted
2020-12-18T07:32:00.000,I 85,I 85 and Sr 20,,Not a Collision with Motor Vehicle,1,Clear,Dry,Daylight
2020-02-08T20:20:00.000,I 85,I 85 and Sr 20,,Not a Collision with Motor Vehicle,1,Fog,Ice/Frost,Dark-Lighted
2020-07-28T14:50:00.000,I 85,I 85 and Sr 20,,Not a Collision with Motor Vehicle,1,Rain,Wet,Daylight
2020-07-05T13:45:00.000,I 85,I 85 and Sr 20,,Rear End,2,Cloudy,Dry,Daylight
2020-12-18T15:00:00.000,I 85,I 85 and Sr 20,,Sideswipe-Same Direction,1,Clear,Dry,Daylight
2020-11-23T06:51:00.000,I 85,I 85 and Sr 20,,Rear End,2,Clear,Dry,Dawn
2020-12-23T14:02:00.000,I 85,I 85 and Sr 20,,Rear End,2,Cloudy,Dry,Daylight
2020-09-28T17:38:00.000,I 85,I 85 and Sr 20,,Sideswipe-Same Direction,2,Cloudy,Dry,Daylight
2020-09-08T13:40:00.000,I 85,I 85 and Sr 20,,Sideswipe-Same Direction,2,Clear,Dry,Daylight
2020-08-10T17:21:00.000,I 85,I 85 and Sr 20,,Angle Crash,2,Rain,Wet,Daylight
2020-06-25T15:19:00.000,I 85,I 85 and Sr 20,,Not a Collision with Motor Vehicle,2,Clear,Dry,Daylight
2020-10-27T12:20:00.000,I 85,I 85 and Sr 20,,Not a Collision with Motor Vehicle,2,Cloudy,Dry,Daylight
2020-09-26T01:56:00.000,I 85,I 85 and Sr 20,,Sideswipe-Same Direction,2,Clear,Dry,Dark-Lighted
2020-04-15T08:17:00.000,I 85,I 85 and Sr 20,,Sideswipe-Same Direction,2,Clear,Dry,Daylight
2020-12-11T19:53:00.000,I 85,I 85 and Sr 20,,Rear End,2,Clear,Dry,Dark-Lighted
2020-02-18T17:10:00.000,I 85,I 85 and Sr 20,,Not a Collision with Motor Vehicle,1,Rain,Wet,Daylight
2020-12-23T18:18:00.000,I 85,I 85 and Sr 20,,Rear End,2,Clear,Dry,Dark-Not Lighted
2020-02-29T13:04:00.000,I 85,I 85 and Sr 20,,Rear End,2,Clear,Dry,Daylight
2020-12-18T13:17:00.000,I 85,I 85 and Sr 20,,Rear End,2,Clear,Dry,Daylight
2020-11-14T12:00:00.000,I 85,I 85 and Sr 20,,Rear End,2,Clear,Dry,Daylight
2020-01-03T10:08:00.000,I 85,I 85 and Sr 20,,Not a Collision with Motor Vehicle,1,Rain,Wet,Daylight
2020-12-23T18:20:00.000,I 85,I 85 and Sr 20,,Rear End,2,Clear,Dry,Dark-Not Lighted
2020-09-12T06:50:00.000,I 85,I 85 and Sr 20,,Not a Collision with Motor Vehicle,1,Rain,Wet,Dark-Not Lighted
2020-05-26T18:27:00.000,I 85,I 85 and Sr 20,,Sideswipe-Same Direction,2,Cloudy,Dry,Daylight
2020-11-20T06:30:00.000,I 85,I 85 and Sr 20,,Angle Crash,2,Clear,Dry,Dark-Lighted
2020-07-17T13:20:00.000,I 85,I 85 and Sr 20,,Rear End,2,Clear,Dry,Daylight
2020-01-24T06:14:00.000,I 85,I 85 and Sr 20,,Rear End,2,Rain,Wet,Dark-Lighted
2020-02-07T13:20:00.000,I 85,I 85 and Sr 20,,Sideswipe-Same Direction,2,Clear,Dry,Daylight
2020-12-07T04:50:00.000,I 85,I 85 and Sr 20,,Not a Collision with Motor Vehicle,1,Clear,Dry,Dark-Lighted
2020-12-06T21:20:00.000,I 85,I 85 and Sr 20,,Not a Collision with Motor Vehicle,1,Rain,Wet,Dark-Lighted
2021-04-06T17:00:00.000,I 85,I 85 and Sr 20,,Not a Collision with Motor Vehicle,1,Clear,Dry,Daylight
2021-06-01T06:23:00.000,I 85,I 85 and Sr 20,,Not a Collision with Motor Vehicle,1,Clear,Dry,Daylight
2021-04-28T07:00:00.000,I 85,I 85 and Sr 20,,Not a Collision with Motor Vehicle,1,Clear,Dry,Daylight
2021-01-07T19:40:00.000,I 85,I 85 and Sr 20,,Not a Collision with Motor Vehicle,2,Clear,Wet,Dark-Not Lighted
2021-06-22T15:26:00.000,I 85,I 85 and Sr 20,,Sideswipe-Same Direction,2,Clear,Dry,Daylight
2021-02-19T22:32:00.000,I 85,I 85 and Sr 20,,Not a Collision with Motor Vehicle,1,Clear,Dry,Dark-Lighted
2021-02-11T18:45:00.000,I 85,I 85 and Sr 20,,Sideswipe-Same Direction,2,Rain,Wet,Dark-Not Lighted
2021-02-08T06:20:00.000,I 85,I 85 and Sr 20,,Not a Collision with Motor Vehicle,1,Clear,Dry,Dark-Not Lighted
2021-01-07T19:40:00.000,I 85,I 85 and Sr 20,,Not a Collision with Motor Vehicle,2,Clear,Wet,Dark-Not Lighted
2021-02-09T03:36:00.000,I 85,I 85 and Sr 20,,Not a Collision with Motor Vehicle,1,Cloudy,Dry,Dark-Not Lighted
2021-01-26T15:21:00.000,I 85,I 85 and Sr 20,,Sideswipe-Same Direction,2,Cloudy,Dry,Daylight
2021-08-27T17:45:00.000,I 85,I 85 and Sr 20,,Not a Collision with Motor Vehicle,3,Cloudy,Wet,Daylight
2021-12-07T19:20:00.000,I 85,I 85 and Sr 20,,Not a Collision with Motor Vehicle,1,Cloudy,Dry,Dark-Not Lighted
2021-09-24T07:37:00.000,I 85,I 85 and Sr 20,,Rear End,2,Clear,Dry,Daylight
2021-08-08T14:50:00.000,I 85,I 85 and Sr 20,,Sideswipe-Same Direction,3,Cloudy,Dry,Daylight
2021-10-17T12:41:00.000,I 85,I 85 and Sr 20,,Rear End,2,Clear,Dry,Daylight
2021-10-05T08:25:00.000,I 85,I 85 and Sr 20,,Rear End,2,Rain,Wet,Daylight
2021-08-14T12:28:00.000,I 85,I 85 and Sr 20,,Rear End,2,Clear,Dry,Daylight
2021-10-05T08:25:00.000,I 85,I 85 and Sr 20,,Rear End,3,Rain,Wet,Daylight
2022-04-15T06:34:00.000,I 85,I 85 and Sr 20,,Rear End,2,Cloudy,Dry,Dark-Not Lighted
2022-12-12T06:34:00.000,I 85,I 85 and Sr 20,,Not a Collision with Motor Vehicle,1,Cloudy,Wet,Dark-Not Lighted
2022-09-07T04:33:00.000,I 85,I 85 and Sr 20,,Sideswipe-Same Direction,2,Clear,Dry,Dark-Lighted
2021-11-29T10:07:00.000,I 85,I 85 and Sr 20,,Rear End,2,Cloudy,Dry,Daylight
2021-08-17T07:35:00.000,I 85,I 85 and Sr 20,,Angle Crash,1,Rain,Wet,Daylight
2022-06-03T09:35:00.000,I 85,I 85 and Sr 20,,Not a Collision with Motor Vehicle,1,Cloudy,Dry,Daylight
2022-04-01T15:30:00.000,I 85,I 85 and Sr 20,,Sideswipe-Same Direction,2,Cloudy,Dry,Daylight
2022-04-27T08:00:00.000,I 85,I 85 and Sr 20,,Not a Collision with Motor Vehicle,2,Clear,Dry,Daylight
2022-09-02T07:10:00.000,I 85,I 85 and Sr 20,,Not a Collision with Motor Vehicle,1,Cloudy,Dry,Daylight
2022-06-09T12:08:00.000,I 85,I 85 and Sr 20,,Sideswipe-Same Direction,2,Cloudy,Dry,Daylight
2022-07-07T14:16:00.000,I 85,I 85 and Sr 20,,Sideswipe-Same Direction,2,Cloudy,Dry,Daylight
2022-04-09T14:31:00.000,I 85,I 85 and Sr 20,,Rear End,2,Cloudy,Dry,Daylight
2022-02-03T18:36:00.000,I 85,I 85 and Sr 20,,Sideswipe-Same Direction,2,Cloudy,Wet,Dark-Lighted
2022-06-10T10:57:00.000,I 85,I 85 and Sr 20,,Not a Collision with Motor Vehicle,1,Clear,Dry,Daylight
2022-07-13T15:56:00.000,I 85,I 85 and Sr 20,,Sideswipe-Same Direction,2,Rain,Wet,Daylight
2022-03-06T13:30:00.000,I 85,I 85 and Sr 20,,Rear End,2,Clear,Dry,Daylight
2022-12-23T15:17:00.000,I 85,I 85 and Sr 20,,Rear End,2,Cloudy,Dry,Daylight
2022-12-23T16:24:00.000,I 85,I 85 and Sr 20,,Rear End,3,Cloudy,Dry,Daylight
2021-09-30T19:42:00.000,I 85,I 85 and Sr 20,,Rear End,2,Cloudy,Dry,Dark-Not Lighted
2022-03-24T12:30:00.000,I 85,I 85 and Sr 20,,Sideswipe-Same Direction,2,Cloudy,Dry,Daylight
2022-04-28T14:40:00.000,I 85,I 85 and Sr 20,,Rear End,2,Cloudy,Dry,Daylight
2022-09-19T06:25:00.000,I 85,I 85 and Sr 20,,Sideswipe-Same Direction,2,Clear,Dry,Dawn
2022-12-22T12:27:00.000,I 85,I 85 and Sr 20,,Sideswipe-Same Direction,2,Cloudy,Dry,Daylight
2022-11-21T06:57:00.000,I 85,I 85 and Sr 20,,Rear End,2,Cloudy,Other,Daylight
2022-04-15T21:56:00.000,I 85,I 85 and Sr 20,,Rear End,2,Cloudy,Dry,Dark-Not Lighted
2022-05-12T19:25:00.000,I 85,I 85 and Sr 20,,Sideswipe-Same Direction,2,Clear,Wet,Daylight
2022-07-04T17:30:00.000,I 85,I 85 and Sr 20,,Rear End,2,Clear,Dry,Daylight
2022-08-20T20:10:00.000,I 85,I 85 and Sr 20,,Not a Collision with Motor Vehicle,2,Clear,Wet,Dark-Lighted
2022-10-24T11:20:00.000,I 85,I 85 and Sr 20,,Sideswipe-Same Direction,2,Clear,Dry,Daylight
2022-11-21T06:20:00.000,I 85,I 85 and Sr 20,,Rear End,2,Cloudy,Dry,Dark-Lighted
2022-03-08T06:07:00.000,I 85,I 85 and Sr 20,,Rear End,2,Cloudy,Dry,Dark-Not Lighted
2022-07-30T14:20:00.000,I 85,I 85 and Sr 20,,Rear End,2,Clear,Dry,Daylight
2022-01-17T20:21:00.000,I 85,I 85 and Sr 20,,Rear End,2,Cloudy,Dry,Dark-Lighted
2022-03-28T18:05:00.000,I 85,I 85 and Sr 20,,Angle Crash,2,Cloudy,Dry,Daylight
2022-02-12T01:05:00.000,I 85,I 85 and Sr 20,,Not a Collision with Motor Vehicle,1,Clear,Dry,Dark-Not Lighted
2022-11-09T06:42:00.000,I 85,I 85 and Sr 20,,Sideswipe-Same Direction,2,Clear,Dry,Dark-Not Lighted
2022-06-23T18:00:00.000,I 85,I 85 and Sr 20,,Rear End,2,Cloudy,Dry,Daylight
2022-01-03T04:47:00.000,I 85,I 85 and Sr 20,,Not a Collision with Motor Vehicle,1,Rain,Wet,Dark-Not Lighted
2022-06-23T18:00:00.000,I 85,I 85 and Sr 20,,Not a Collision with Motor Vehicle,2,Cloudy,Dry,Daylight
2022-03-22T07:22:00.000,I 85,I 85 and Sr 20,,Not a Collision with Motor Vehicle,1,Cloudy,Dry,Dawn
2022-04-07T12:45:00.000,I 85,I 85 and Sr 20,,Not a Collision with Motor Vehicle,1,Cloudy,Dry,Daylight
2022-08-17T15:17:00.000,I 85,I 85 and Sr 20,,Sideswipe-Same Direction,2,Cloudy,Dry,Daylight
2022-12-22T13:45:00.000,I 85,I 85 and Sr 20,,Rear End,2,Cloudy,Wet,Daylight
2022-03-21T17:44:00.000,I 85,I 85 and Sr 20,,Sideswipe-Same Direction,2,Clear,Dry,Daylight
2022-12-08T08:00:00.000,I 85,I 85 and Sr 20,,Not a Collision with Motor Vehicle,1,Cloudy,Wet,Daylight
2022-05-10T00:29:00.000,I 85,I 85 and Sr 20,,Angle Crash,2,Clear,Dry,Dark-Not Lighted
2022-12-23T14:56:00.000,I 85,I 85 and Sr 20,,Rear End,3,Cloudy,Dry,Daylight
2022-12-11T15:16:00.000,I 85,I 85 and Sr 20,,Rear End,2,Rain,Wet,Daylight
2022-04-01T15:16:00.000,I 85,I 85 and Sr 20,,Angle Crash,2,Clear,Dry,Daylight
2022-09-11T12:08:00.000,I 85,I 85 and Sr 20,,Not a Collision with Motor Vehicle,1,Cloudy,Dry,Daylight
2023-01-31T17:30:00.000,I 85,I 85 and Sr 20,,Sideswipe-Same Direction,2,Cloudy,Dry,Dusk
2023-06-22T09:30:00.000,I 85,I 85 and Sr 20,,Rear End,2,Rain,Wet,Daylight
2023-07-05T06:50:00.000,I 85,I 85 and Sr 20,,Not a Collision with Motor Vehicle,2,Cloudy,Dry,Daylight
2023-05-08T03:24:00.000,I 85,I 85 and Sr 20,,Angle Crash,1,Rain,Wet,Dark-Lighted
2023-03-30T10:53:00.000,I 85,I 85 and Sr 20,,Not a Collision with Motor Vehicle,1,Clear,Dry,Daylight