Date and Time,Roadway (From Crash Report),Intersection Name (from Crash Report),KABCO Severity,Manner of Collision (Crash Level) ,# of Vehicles per crash ,Weather Conditions (Crash Level),Surface Condition (Crash Level) ,Light Conditions (Crash Level)
2023-01-11T07:22:00.000,I 85,I 85 and Sr 20,,Angle Crash,2,Clear,Dry,Daylight
2023-02-19T13:27:00.000,I 85,I 85 and Sr 20,,Rear End,3,Clear,Dry,Daylight
2023-12-26T18:15:00.000,I 85,I 85 and Sr 20,,Sideswipe-Same Direction,3,Rain,Wet,Dark-Not Lighted
2023-03-06T06:20:00.000,I 85,I 85 and Sr 20,,Sideswipe-Same Direction,2,Clear,Dry,Dawn
2023-03-28T15:30:00.000,I 85,I 85 and Sr 20,,Not a Collision with Motor Vehicle,1,Cloudy,Dry,Daylight
2023-03-16T14:25:00.000,I 85,I 85 and Sr 20,,Rear End,2,Clear,Dry,Daylight
2023-07-13T19:50:00.000,I 85,I 85 and Sr 20,,Not a Collision with Motor Vehicle,1,Rain,Wet,Daylight
2024-08-21T19:49:00.000,I 85,I 85 and Sr 20,,Rear End,2,Cloudy,Dry,Daylight
2024-06-03T06:42:00.000,I 85,I 85 and Sr 20,,Not a Collision with Motor Vehicle,1,Cloudy,Wet,Daylight
2024-08-30T12:36:00.000,I 85,I 85 and Sr 20,,Sideswipe-Same Direction,2,Cloudy,Dry,Daylight
2024-06-25T09:00:00.000,I 85,I 85 and Sr 20,,Sideswipe-Same Direction,2,Clear,Dry,Daylight
2024-04-06T23:21:00.000,I 85,I 85 and Sr 20,,Sideswipe-Same Direction,2,Clear,Dry,Dark-Lighted
2024-09-06T06:36:00.000,I 85,I 85 and Sr 20,,Sideswipe-Same Direction,2,Cloudy,Dry,Dark-Not Lighted
2024-06-25T07:59:00.000,I 85,I 85 and Sr 20,,Rear End,3,Cloudy,Dry,Daylight
2024-08-05T06:26:00.000,I 85,I 85 and Sr 20,,Sideswipe-Same Direction,1,Clear,Dry,Daylight
2024-01-25T08:29:00.000,I 85,I 85 and Sr 20,,Rear End,2,Rain,Wet,Dark-Not Lighted
2024-12-11T18:39:00.000,I 85,I 85 and Sr 20,,Not a Collision with Motor Vehicle,1,Clear,Dry,Dark-Lighted
2021-03-17T16:45:00.000,I 85,I 85 and Sr 198,,Rear End,2,Rain,Wet,Daylight
2021-11-30T15:25:00.000,I 85,I 85 and Sr 18,,Not a Collision with Motor Vehicle,1,Clear,Dry,Daylight
2021-02-17T12:35:00.000,I 85,I 85 and Sr 18,,Sideswipe-Same Direction,2,Clear,Dry,Daylight
2021-02-05T10:37:00.000,I 85,I 85 and Sr 18,,Rear End,2,Clear,Dry,Daylight
2021-01-14T15:30:00.000,I 85,I 85 and Sr 18,,Not a Collision with Motor Vehicle,1,Clear,Dry,Daylight
2023-04-28T19:00:00.000,I 85,I 85 and Sr 18,,Rear End,2,Clear,Dry,Daylight
2022-09-08T06:35:00.000,I 85,I 85 and Sr 18,,Rear End,2,Clear,Dry,Daylight
2022-09-16T20:30:00.000,I 85,I 85 and Sr 18,,Rear End,3,Clear,Dry,Daylight
2020-06-10T19:47:00.000,I 85,I 85 and Sr 18,,Angle Crash,2,Cloudy,Dry,Daylight
2020-08-18T17:44:00.000,I 85,I 85 and Sr 18,,Not a Collision with Motor Vehicle,1,Clear,Dry,Daylight
2020-11-29T16:46:00.000,I 85,I 85 and Sr 18,,Not a Collision with Motor Vehicle,7,Rain,Wet,Dark-Not Lighted
2021-04-30T00:21:00.000,I 85,I 85 and Sr 18,,Sideswipe-Same Direction,2,Clear,Dry,Dark-Not Lighted
2021-01-04T06:50:00.000,I 85,I 85 and Sr 18,,Rear End,2,Clear,Dry,Dark-Not Lighted
2021-10-07T14:37:00.000,I 85,I 85 and Sr 18,,Angle Crash,2,Rain,Wet,Daylight
2021-09-15T09:22:00.000,I 85,I 85 and Sr 18,,Angle Crash,2,Cloudy,Dry,Daylight
2021-08-02T11:37:00.000,I 85,I 85 and Sr 18,,Rear End,2,Clear,Dry,Daylight
2022-03-26T08:42:00.000,I 85,I 85 and Sr 18,,Rear End,3,Clear,Dry,Daylight
2022-09-08T06:30:00.000,I 85,I 85 and Sr 18,,Rear End,4,Clear,Dry,Daylight
2022-07-21T16:10:00.000,I 85,I 85 and Sr 18,,Angle Crash,2,Rain,Wet,Daylight
2022-08-01T16:50:00.000,I 85,I 85 and Sr 18,,Sideswipe-Same Direction,2,Clear,Dry,Daylight
2022-07-21T16:05:00.000,I 85,I 85 and Sr 18,,Not a Collision with Motor Vehicle,1,Rain,Wet,Daylight
2023-08-23T14:10:00.000,I 85,I 85 and Sr 18,,Not a Collision with Motor Vehicle,1,Clear,Dry,Daylight
2024-02-02T21:50:00.000,I 85,I 85 and Sr 18,,Not a Collision with Motor Vehicle,1,Clear,Dry,Dark-Not Lighted
2023-08-31T15:30:00.000,I 85,I 85 and Sr 18,,Not a Collision with Motor Vehicle,1,Clear,Dry,Daylight
2023-04-13T16:00:00.000,I 85,I 85 and Sr 18,,Angle Crash,2,Clear,Dry,Daylight
2023-03-15T11:00:00.000,I 85,I 85 and Sr 18,,Angle Crash,2,Clear,Dry,Daylight
2024-04-21T09:04:00.000,I 85,I 85 and Sr 18,,Not a Collision with Motor Vehicle,1,Cloudy,Wet,Daylight
2024-05-12T19:55:00.000,I 85,I 85 and Sr 18,,Not a Collision with Motor Vehicle,1,Clear,Dry,Daylight
2020-09-17T07:59:00.000,I 85,I 85 and Sr 17,,Not a Collision with Motor Vehicle,1,Rain,Wet,Daylight
2020-06-24T15:02:00.000,I 85,I 85 and Sr 17,,Not a Collision with Motor Vehicle,1,Rain,Wet,Daylight
2020-11-29T21:28:00.000,I 85,I 85 and Sr 17,,Sideswipe-Same Direction,2,Rain,Wet,Dark-Not Lighted
2020-11-27T07:42:00.000,I 85,I 85 and Sr 17,,Rear End,2,Clear,Dry,Daylight
2020-11-23T03:11:00.000,I 85,I 85 and Sr 17,,Sideswipe-Same Direction,1,Clear,Dry,Dark-Not Lighted
2020-05-13T17:40:00.000,I 85,I 85 and Sr 17,,Angle Crash,2,Clear,Dry,Daylight
2020-07-24T09:07:00.000,I 85,I 85 and Sr 17,,Head On,1,Clear,Dry,Daylight
2021-05-02T21:43:00.000,I 85,I 85 and Sr 17,,Angle Crash,2,Cloudy,Dry,Dark-Not Lighted
2022-10-16T19:18:00.000,I 85,I 85 and Sr 17,,Rear End,3,Clear,Dry,Dark-Not Lighted
2022-06-25T13:51:00.000,I 85,I 85 and Sr 17,,Not a Collision with Motor Vehicle,1,Cloudy,Dry,Daylight
2022-03-24T15:52:00.000,I 85,I 85 and Sr 17,,Rear End,2,Clear,Dry,Daylight
2022-07-18T09:30:00.000,I 85,I 85 and Sr 17,,Not a Collision with Motor Vehicle,1,Clear,Dry,Daylight
2022-09-13T14:38:00.000,I 85,I 85 and Sr 17,,Sideswipe-Same Direction,3,Clear,Dry,Daylight
2024-05-05T04:12:00.000,I 85,I 85 and Sr 17,,Not a Collision with Motor Vehicle,1,Clear,Dry,Dark-Not Lighted
2024-11-21T20:51:00.000,I 85,I 85 and Sr 17,,Sideswipe-Same Direction,2,Clear,Dry,Dark-Not Lighted
2024-04-14T06:56:00.000,I 85,I 85 and Sr 17,,Not a Collision with Motor Vehicle,1,Clear,Dry,Dawn
2024-03-01T03:29:00.000,I 85,I 85 and Sr 17,,Not a Collision with Motor Vehicle,1,Cloudy,Dry,Dark-Not Lighted
2024-05-19T04:23:00.000,I 85,I 85 and Sr 17,,Not a Collision with Motor Vehicle,1,Cloudy,Dry,Dark-Not Lighted
2021-05-26T18:15:00.000,I 85,I 85 and Sr 166,,Rear End,2,Clear,Dry,Daylight
2021-05-06T14:17:00.000,I 85,I 85 and Sr 166,,Not a Collision with Motor Vehicle,1,Clear,Dry,Daylight
2021-04-01T16:27:00.000,I 85,I 85 and Sr 166,,Rear End,2,Clear,Dry,Daylight
2021-01-28T19:50:00.000,I 85,I 85 and Sr 166,,Sideswipe-Same Direction,2,Clear,Dry,Dark-Lighted
2021-01-12T12:52:00.000,I 85,I 85 and Sr 166,,Sideswipe-Same Direction,2,Clear,Dry,Daylight
2021-07-20T07:16:00.000,I 85,I 85 and Sr 166,,Rear End,3,Rain,Wet,Daylight
2021-01-19T12:07:00.000,I 85,I 85 and Sr 166,,Sideswipe-Same Direction,2,Clear,Dry,Daylight
2021-03-31T07:15:00.000,I 85,I 85 and Sr 166,,Rear End,4,Cloudy,Wet,Daylight
2021-02-15T14:35:00.000,I 85,I 85 and Sr 166,,Rear End,3,Rain,Wet,Daylight
2021-01-21T19:32:00.000,I 85,I 85 and Sr 166,,Rear End,3,Clear,Dry,Dark-Lighted
2021-06-21T19:56:00.000,I 85,I 85 and Sr 166,,Not a Collision with Motor Vehicle,1,Cloudy,Dry,Daylight
2021-01-01T14:32:00.000,I 85,I 85 and Sr 166,,Angle Crash,1,Rain,Wet,Daylight
2021-06-08T09:44:00.000,I 85,I 85 and Sr 166,,Angle Crash,2,Cloudy,Dry,Daylight
2021-03-08T14:12:00.000,I 85,I 85 and Sr 166,,Sideswipe-Same Direction,2,Clear,Dry,Daylight
2021-08-16T07:18:00.000,I 85,I 85 and Sr 166,,Rear End,2,Cloudy,Dry,Daylight
2021-09-29T09:28:00.000,I 85,I 85 and Sr 166,,Rear End,2,Clear,Dry,Daylight
2021-12-17T10:30:00.000,I 85,I 85 and Sr 166,,Rear End,3,Clear,Dry,Daylight
2021-02-03T20:26:00.000,I 85,I 85 and Sr 166,,Not a Collision with Motor Vehicle,1,Clear,Dry,Dark-Lighted
2021-05-27T19:02:00.000,I 85,I 85 and Sr 166,,Rear End,2,Clear,Dry,Daylight
2021-02-11T13:09:00.000,I 85,I 85 and Sr 166,,Not a Collision with Motor Vehicle,1,Clear,Wet,Daylight
2021-07-27T06:37:00.000,I 85,I 85 and Sr 166,,Rear End,2,Cloudy,Dry,Daylight
2021-05-17T10:30:00.000,I 85,I 85 and Sr 166,,Not a Collision with Motor Vehicle,2,Clear,Dry,Daylight
2021-04-19T09:47:00.000,I 85,I 85 and Sr 166,,Not a Collision with Motor Vehicle,1,Clear,Dry,Daylight
2021-03-08T06:37:00.000,I 85,I 85 and Sr 166,,Sideswipe-Same Direction,3,Clear,Dry,Daylight
2020-03-26T19:10:00.000,I 85,I 85 and Sr 166,,Not a Collision with Motor Vehicle,1,Clear,Dry,Daylight
2020-08-26T19:49:00.000,I 85,I 85 and Sr 166,,Sideswipe-Same Direction,2,Cloudy,Dry,Daylight
2020-05-08T19:01:00.000,I 85,I 85 and Sr 166,,Not a Collision with Motor Vehicle,1,Rain,Wet,Daylight
2020-08-21T19:30:00.000,I 85,I 85 and Sr 166,,Angle Crash,2,Cloudy,Wet,Dusk
2020-10-23T07:23:00.000,I 85,I 85 and Sr 166,,Sideswipe-Same Direction,2,Clear,Dry,Daylight
2020-02-18T11:41:00.000,I 85,I 85 and Sr 166,,Rear End,2,Rain,Wet,Daylight
2020-12-01T17:54:00.000,I 85,I 85 and Sr 166,,Angle Crash,2,Cloudy,Dry,Dark-Not Lighted
2020-08-10T06:13:00.000,I 85,I 85 and Sr 166,,Rear End,2,Clear,Dry,Daylight
2020-10-09T18:25:00.000,I 85,I 85 and Sr 166,,Rear End,2,Rain,Wet,Daylight
2020-04-13T08:02:00.000,I 85,I 85 and Sr 166,,Not a Collision with Motor Vehicle,1,Clear,Wet,Daylight
2020-09-07T17:02:00.000,I 85,I 85 and Sr 166,,Sideswipe-Same Direction,5,Clear,Dry,Daylight
2020-05-05T13:57:00.000,I 85,I 85 and Sr 166,,Sideswipe-Same Direction,2,Cloudy,Dry,Daylight
2020-03-23T13:59:00.000,I 85,I 85 and Sr 166,,Not a Collision with Motor Vehicle,1,Rain,Wet,Daylight
2020-01-13T09:28:00.000,I 85,I 85 and Sr 166,,Not a Collision with Motor Vehicle,1,Rain,Wet,Daylight
2020-04-28T11:23:00.000,I 85,I 85 and Sr 166,,Not a Collision with Motor Vehicle,1,Clear,Dry,Daylight
2020-08-21T19:59:00.000,I 85,I 85 and Sr 166,,Rear End,2,Cloudy,Wet,Daylight
2020-10-02T10:13:00.000,I 85,I 85 and Sr 166,,Sideswipe-Same Direction,2,Clear,Dry,Daylight
2020-06-09T09:23:00.000,I 85,I 85 and Sr 166,,Rear End,2,Clear,Dry,Daylight
2020-05-01T14:51:00.000,I 85,I 85 and Sr 166,,Sideswipe-Same Direction,2,Clear,Dry,Daylight
2020-04-29T15:33:00.000,I 85,I 85 and Sr 166,,Not a Collision with Motor Vehicle,1,Rain,Wet,Daylight
2020-12-21T15:27:00.000,I 85,I 85 and Sr 166,,Not a Collision with Motor Vehicle,1,Clear,Dry,Daylight
2020-07-02T08:22:00.000,I 85,I 85 and Sr 166,,Sideswipe-Same Direction,2,Clear,Dry,Daylight
2020-06-16T13:22:00.000,I 85,I 85 and Sr 166,,Sideswipe-Same Direction,2,Clear,Dry,Daylight
2020-01-30T19:48:00.000,I 85,I 85 and Sr 166,,Rear End,2,Cloudy,Dry,Dark-Not Lighted
2020-06-29T16:33:00.000,I 85,I 85 and Sr 166,,Rear End,3,Clear,Dry,Daylight
2020-01-23T10:00:00.000,I 85,I 85 and Sr 166,,Angle Crash,3,Cloudy,Wet,Daylight
2020-03-23T12:40:00.000,I 85,I 85 and Sr 166,,Angle Crash,3,Rain,Wet,Daylight
2020-05-27T10:14:00.000,I 85,I 85 and Sr 166,,Rear End,2,Rain,Wet,Daylight
2020-09-01T12:29:00.000,I 85,I 85 and Sr 166,,Sideswipe-Same Direction,2,Clear,Dry,Daylight
2020-10-23T19:35:00.000,I 85,I 85 and Sr 166,,Rear End,2,Clear,Dry,Dark-Lighted
2020-01-03T14:59:00.000,I 85,I 85 and Sr 166,,Not a Collision with Motor Vehicle,1,Rain,Wet,Daylight
2020-12-14T08:09:00.000,I 85,I 85 and Sr 166,,Not a Collision with Motor Vehicle,1,Cloudy,Wet,Daylight
2020-08-07T16:28:00.000,I 85,I 85 and Sr 166,,Rear End,2,Clear,Dry,Daylight
2020-09-29T11:57:00.000,I 85,I 85 and Sr 166,,Not a Collision with Motor Vehicle,1,Rain,Wet,Daylight
2020-05-08T19:15:00.000,I 85,I 85 and Sr 166,,Not a Collision with Motor Vehicle,1,Rain,Wet,Daylight
2020-02-18T08:07:00.000,I 85,I 85 and Sr 166,,Sideswipe-Same Direction,2,Rain,Wet,Daylight
2020-10-14T11:01:00.000,I 85,I 85 and Sr 166,,Sideswipe-Same Direction,2,Clear,Dry,Daylight
2020-11-03T12:28:00.000,I 85,I 85 and Sr 166,,Sideswipe-Same Direction,2,Clear,Dry,Daylight
2020-08-21T07:49:00.000,I 85,I 85 and Sr 166,,Not a Collision with Motor Vehicle,1,Rain,Wet,Daylight
2020-05-27T10:03:00.000,I 85,I 85 and Sr 166,,Not a Collision with Motor Vehicle,1,Rain,Wet,Daylight
2020-01-06T16:37:00.000,I 85,I 85 and Sr 166,,Rear End,2,Clear,Dry,Daylight
2020-12-03T08:59:00.000,I 85,I 85 and Sr 166,,Rear End,2,Clear,Dry,Daylight
2020-11-10T17:55:00.000,I 85,I 85 and Sr 166,,Sideswipe-Same Direction,2,Clear,Dry,Dusk
2020-12-28T09:08:00.000,I 85,I 85 and Sr 166,,Sideswipe-Same Direction,3,Clear,Dry,Daylight
2020-02-27T06:57:00.000,I 85,I 85 and Sr 166,,Rear End,2,Clear,Dry,Daylight
2020-01-17T14:53:00.000,I 85,I 85 and Sr 166,,Sideswipe-Same Direction,2,Cloudy,Dry,Daylight
2020-05-27T07:45:00.000,I 85,I 85 and Sr 166,,Rear End,2,Cloudy,Wet,Daylight
2020-02-07T19:06:00.000,I 85,I 85 and Sr 166,,Rear End,2,Clear,Dry,Dark-Lighted
2020-08-21T21:02:00.000,I 85,I 85 and Sr 166,,Angle Crash,2,Cloudy,Wet,Dark-Lighted
2020-10-14T11:13:00.000,I 85,I 85 and Sr 166,,Sideswipe-Same Direction,2,Clear,Dry,Daylight
2020-02-18T08:24:00.000,I 85,I 85 and Sr 166,,Rear End,2,Rain,Wet,Daylight
2020-08-21T19:29:00.000,I 85,I 85 and Sr 166,,Sideswipe-Same Direction,2,Clear,Wet,Daylight
2020-08-10T16:02:00.000,I 85,I 85 and Sr 166,,Rear End,3,Cloudy,Dry,Daylight
2020-07-06T19:16:00.000,I 85,I 85 and Sr 166,,Angle Crash,2,Rain,Wet,Daylight
2020-09-21T19:40:00.000,I 85,I 85 and Sr 166,,Rear End,2,Clear,Dry,Dark-Lighted
2020-08-21T20:08:00.000,I 85,I 85 and Sr 166,,Angle Crash,2,Cloudy,Wet,Daylight
2020-06-15T16:56:00.000,I 85,I 85 and Sr 166,,Sideswipe-Same Direction,2,Cloudy,Wet,Daylight
2020-05-26T15:52:00.000,I 85,I 85 and Sr 166,,Sideswipe-Same Direction,3,Cloudy,Dry,Daylight
2020-07-31T17:29:00.000,I 85,I 85 and Sr 166,,Angle Crash,2,Clear,Dry,Daylight
2020-08-10T15:21:00.000,I 85,I 85 and Sr 166,,Rear End,2,Cloudy,Dry,Daylight
2020-10-20T11:05:00.000,I 85,I 85 and Sr 166,,Sideswipe-Same Direction,3,Clear,Dry,Daylight
2020-04-23T08:06:00.000,I 85,I 85 and Sr 166,,Not a Collision with Motor Vehicle,1,Rain,Wet,Daylight
2020-01-14T08:17:00.000,I 85,I 85 and Sr 166,,Rear End,2,Clear,Wet,Daylight
2020-11-02T11:52:00.000,I 85,I 85 and Sr 166,,Sideswipe-Same Direction,2,Clear,Dry,Daylight
2020-11-16T07:58:00.000,I 85,I 85 and Sr 166,,Not a Collision with Motor Vehicle,1,Clear,Dry,Daylight
2020-05-01T15:03:00.000,I 85,I 85 and Sr 166,,Rear End,2,Clear,Dry,Daylight
2020-12-03T18:22:00.000,I 85,I 85 and Sr 166,,Not a Collision with Motor Vehicle,1,Clear,Dry,Dark-Lighted
2020-12-24T13:27:00.000,I 85,I 85 and Sr 166,,Rear End,2,Clear,Dry,Daylight
2020-09-07T19:00:00.000,I 85,I 85 and Sr 166,,Rear End,2,Clear,Dry,Daylight
2021-01-27T19:50:00.000,I 85,I 85 and Sr 166,,Not a Collision with Motor Vehicle,1,Cloudy,Wet,Daylight
2021-04-23T10:29:00.000,I 85,I 85 and Sr 166,,Sideswipe-Same Direction,2,Clear,Dry,Daylight
2021-01-22T13:04:00.000,I 85,I 85 and Sr 166,,Rear End,2,Cloudy,Wet,Daylight
2021-04-28T11:47:00.000,I 85,I 85 and Sr 166,,Angle Crash,4,Cloudy,Dry,Daylight
2021-07-16T12:20:00.000,I 85,I 85 and Sr 166,,Sideswipe-Same Direction,2,Cloudy,Dry,Daylight
2021-07-14T15:08:00.000,I 85,I 85 and Sr 166,,Rear End,3,Cloudy,Wet,Daylight
2021-07-08T17:52:00.000,I 85,I 85 and Sr 166,,Rear End,2,Clear,Dry,Daylight
2021-11-24T15:33:00.000,I 85,I 85 and Sr 166,,Rear End,2,Clear,Dry,Daylight
2021-08-24T16:00:00.000,I 85,I 85 and Sr 166,,Sideswipe-Same Direction,2,Clear,Dry,Daylight
2021-08-06T13:55:00.000,I 85,I 85 and Sr 166,,Rear End,3,Clear,Dry,Daylight
2021-07-29T10:18:00.000,I 85,I 85 and Sr 166,,Sideswipe-Same Direction,2,Clear,Dry,Daylight
2022-03-28T11:06:00.000,I 85,I 85 and Sr 166,,Angle Crash,2,Clear,Dry,Daylight
2021-07-14T15:08:00.000,I 85,I 85 and Sr 166,,Rear End,2,Clear,Wet,Daylight
2021-08-06T00:00:00.000,I 85,I 85 and Sr 166,,Rear End,2,Clear,Dry,Daylight
2021-07-19T15:03:00.000,I 85,I 85 and Sr 166,,Rear End,2,Clear,Dry,Daylight
2022-10-06T19:30:00.000,I 85,I 85 and Sr 166,,Rear End,3,Clear,Dry,Dusk
2022-10-06T18:04:00.000,I 85,I 85 and Sr 166,,Rear End,2,Clear,Dry,Daylight
2022-06-13T18:13:00.000,I 85,I 85 and Sr 166,,Rear End,2,Clear,Dry,Daylight
2023-12-26T13:59:00.000,I 85,I 85 and Sr 166,,Rear End,2,Cloudy,Wet,Daylight
2024-12-02T14:05:00.000,I 85,I 85 and Sr 166,,Sideswipe-Same Direction,2,Clear,Dry,Daylight
2023-03-05T15:00:00.000,I 85,I 85 and Sr 164,,Rear End,2,Clear,Dry,Daylight
2023-05-13T17:15:00.000,I 85,I 85 and Sr 164,,Not a Collision with Motor Vehicle,1,Clear,Dry,Daylight
2023-02-06T12:19:00.000,I 85,I 85 and Sr 164,,Sideswipe-Same Direction,2,Clear,Dry,Daylight
2023-10-21T10:31:00.000,I 85,I 85 and Sr 164,,Not a Collision with Motor Vehicle,1,Clear,Dry,Daylight
2023-02-10T12:00:00.000,I 85,I 85 and Sr 164,,Not a Collision with Motor Vehicle,1,Cloudy,Dry,Daylight
2023-05-16T10:45:00.000,I 85,I 85 and Sr 164,,Rear End,2,Cloudy,Dry,Daylight
2023-03-12T16:00:00.000,I 85,I 85 and Sr 164,,Angle Crash,2,Rain,Wet,Daylight
2024-09-16T09:49:00.000,I 85,I 85 and Sr 164,,Sideswipe-Same Direction,2,Cloudy,Dry,Daylight
2023-05-20T11:49:00.000,I 85,I 85 and Sr 164,,Not a Collision with Motor Vehicle,1,Cloudy,Dry,Daylight
2023-08-29T08:10:00.000,I 85,I 85 and Sr 164,,Not a Collision with Motor Vehicle,1,Rain,Wet,Daylight
2023-05-15T08:42:00.000,I 85,I 85 and Sr 164,,Rear End,2,Clear,Dry,Daylight
2023-11-22T16:41:00.000,I 85,I 85 and Sr 164,,Rear End,3,Clear,Dry,Daylight
2024-06-06T00:01:00.000,I 85,I 85 and Sr 164,,Not a Collision with Motor Vehicle,1,Clear,Dry,Dark-Not Lighted
2024-05-25T13:49:00.000,I 85,I 85 and Sr 164,,Rear End,2,Clear,Dry,Daylight
2024-11-14T03:59:00.000,I 85,I 85 and Sr 164,,Sideswipe-Same Direction,2,Rain,Wet,Dark-Not Lighted
2023-04-05T05:19:00.000,I 85,I 85 and Sr 16,,Not a Collision with Motor Vehicle,1,Clear,Dry,Dark-Not Lighted
2023-11-03T18:01:00.000,I 85,I 85 and Sr 16,,Head On,1,Clear,Dry,Daylight
2020-11-03T09:55:00.000,I 85,I 85 and Sr 16,,Sideswipe-Same Direction,2,Clear,Dry,Daylight
2020-08-26T10:02:00.000,I 85,I 85 and Sr 16,,Not a Collision with Motor Vehicle,1,Cloudy,Dry,Daylight
2020-08-15T15:14:00.000,I 85,I 85 and Sr 16,,Not a Collision with Motor Vehicle,1,Cloudy,Dry,Daylight
2020-10-24T16:45:00.000,I 85,I 85 and Sr 16,,Angle Crash,2,Rain,Wet,Daylight
2020-10-02T07:32:00.000,I 85,I 85 and Sr 16,,Not a Collision with Motor Vehicle,1,Clear,Dry,Dark-Not Lighted
2020-03-19T11:45:00.000,I 85,I 85 and Sr 16,,Sideswipe-Same Direction,2,Clear,Dry,Daylight
2021-07-04T06:08:00.000,I 85,I 85 and Sr 16,,Rear End,2,Cloudy,Dry,Dark-Not Lighted
2021-07-02T17:19:00.000,I 85,I 85 and Sr 16,,Rear End,3,Cloudy,Dry,Daylight
2021-07-04T06:08:00.000,I 85,I 85 and Sr 16,,Not a Collision with Motor Vehicle,1,Cloudy,Dry,Dark-Not Lighted
2021-11-27T07:18:00.000,I 85,I 85 and Sr 16,,Sideswipe-Same Direction,2,Clear,Dry,Dusk
2022-03-08T16:13:00.000,I 85,I 85 and Sr 16,,Not a Collision with Motor Vehicle,1,Rain,Wet,Daylight
2022-05-26T14:07:00.000,I 85,I 85 and Sr 16,,Not a Collision with Motor Vehicle,1,Rain,Wet,Daylight
2024-09-24T10:21:00.000,I 85,I 85 and Sr 16,,Rear End,2,Clear,Dry,Daylight
2021-05-23T10:19:00.000,I 85,I 85 and Sr 154,,Rear End,2,Clear,Dry,Daylight
2021-10-23T14:28:00.000,I 85,I 85 and Sr 154,,Head On,2,Clear,Dry,Daylight
2021-11-02T22:47:00.000,I 85,I 85 and Sr 154,,Rear End,2,Clear,Dry,Dark-Lighted
2021-12-06T09:56:00.000,I 85,I 85 and Sr 154,,Not a Collision with Motor Vehicle,2,Cloudy,Dry,Daylight
2021-01-05T06:47:00.000,I 85,I 85 and Sr 154,,Sideswipe-Same Direction,2,Clear,Dry,Dark-Lighted
2021-06-24T02:08:00.000,I 85,I 85 and Sr 154,,Sideswipe-Same Direction,2,Clear,Dry,Dark-Not Lighted
2021-06-06T07:05:00.000,I 85,I 85 and Sr 154,,Rear End,2,Cloudy,Dry,Daylight
2021-04-24T16:49:00.000,I 85,I 85 and Sr 154,,Not a Collision with Motor Vehicle,1,Rain,Wet,Daylight
2021-05-04T17:00:00.000,I 85,I 85 and Sr 154,,Not a Collision with Motor Vehicle,1,Rain,Wet,Daylight
2021-05-11T05:46:00.000,I 85,I 85 and Sr 154,,Sideswipe-Same Direction,2,Clear,Dry,Dark-Not Lighted
2021-04-07T22:21:00.000,I 85,I 85 and Sr 154,,Rear End,2,Clear,Dry,Dark-Lighted
2021-04-25T02:37:00.000,I 85,I 85 and Sr 154,,Rear End,2,Cloudy,Dry,Dark-Not Lighted
2021-03-29T08:50:00.000,I 85,I 85 and Sr 154,,Angle Crash,2,Clear,Dry,Daylight
2021-03-14T14:11:00.000,I 85,I 85 and Sr 154,,Rear End,2,Clear,Dry,Daylight
2021-01-25T20:24:00.000,I 85,I 85 and Sr 154,,Angle Crash,2,Cloudy,Dry,Dark-Not Lighted
2021-01-26T07:17:00.000,I 85,I 85 and Sr 154,,Rear End,2,Rain,Wet,Dark-Not Lighted
2021-08-24T00:34:00.000,I 85,I 85 and Sr 154,,Angle Crash,1,Clear,Dry,Dark-Lighted
2021-09-16T12:45:00.000,I 85,I 85 and Sr 154,,Rear End,2,Rain,Wet,Daylight
2021-07-16T18:05:00.000,I 85,I 85 and Sr 154,,Rear End,2,Clear,Dry,Daylight
2021-03-11T14:41:00.000,I 85,I 85 and Sr 154,,Not a Collision with Motor Vehicle,1,Clear,Other,Daylight
2021-10-29T04:51:00.000,I 85,I 85 and Sr 154,,Sideswipe-Same Direction,2,Cloudy,Dry,Dark-Not Lighted
2021-05-03T15:15:00.000,I 85,I 85 and Sr 154,,Not a Collision with Motor Vehicle,1,Rain,Wet,Daylight
2021-02-01T21:06:00.000,I 85,I 85 and Sr 154,,Not a Collision with Motor Vehicle,1,Clear,Dry,Dark-Not Lighted
2021-02-07T05:27:00.000,I 85,I 85 and Sr 154,,Rear End,2,Sleet,Wet,Dark-Not Lighted
2021-02-20T06:15:00.000,I 85,I 85 and Sr 154,,Not a Collision with Motor Vehicle,1,Clear,Dry,Dark-Lighted
2021-04-24T09:38:00.000,I 85,I 85 and Sr 154,,Not a Collision with Motor Vehicle,1,Rain,Wet,Daylight
2021-02-11T06:08:00.000,I 85,I 85 and Sr 154,,Rear End,2,Fog,Dry,Daylight
2021-04-24T07:32:00.000,I 85,I 85 and Sr 154,,Not a Collision with Motor Vehicle,1,Rain,Wet,Dawn
2021-02-01T22:23:00.000,I 85,I 85 and Sr 154,,Rear End,2,Clear,Dry,Dark-Not Lighted
2021-12-14T05:20:00.000,I 85,I 85 and Sr 154,,Sideswipe-Same Direction,2,Clear,Dry,Dark-Not Lighted
2021-08-16T18:32:00.000,I 85,I 85 and Sr 154,,Head On,2,Rain,Wet,Daylight
2021-05-20T14:22:00.000,I 85,I 85 and Sr 154,,Rear End,2,Clear,Dry,Daylight
2020-07-15T16:41:00.000,I 85,I 85 and Sr 154,,Angle Crash,2,Rain,Wet,Daylight
2020-03-30T08:47:00.000,I 85,I 85 and Sr 154,,Rear End,2,Clear,Dry,Daylight
2020-08-10T16:49:00.000,I 85,I 85 and Sr 154,,Angle Crash,2,Rain,Wet,Daylight
2020-06-08T02:12:00.000,I 85,I 85 and Sr 154,,Not a Collision with Motor Vehicle,1,Clear,Dry,Dark-Not Lighted
2023-01-30T20:00:00.000,I 85,I 85 and Sr 154,,Sideswipe-Same Direction,2,Clear,Dry,Dark-Not Lighted