Date and Time,Roadway (From Crash Report),Intersection Name (from Crash Report),KABCO Severity,Manner of Collision (Crash Level) ,# of Vehicles per crash ,Weather Conditions (Crash Level),Surface Condition (Crash Level) ,Light Conditions (Crash Level)
2023-11-25T14:07:00.000,I 85,I 85 and Sr 154,,Angle Crash,2,Clear,Dry,Daylight
2023-02-24T16:05:00.000,I 85,I 85 and Sr 154,,Not a Collision with Motor Vehicle,1,Rain,Wet,Daylight
2023-01-28T07:23:00.000,I 85,I 85 and Sr 154,,Rear End,2,Clear,Dry,Daylight
2023-07-10T06:20:00.000,I 85,I 85 and Sr 154,,Not a Collision with Motor Vehicle,1,Rain,Wet,Dawn
2023-12-12T18:30:00.000,I 85,I 85 and Sr 154,,Not a Collision with Motor Vehicle,1,Clear,Dry,Dark-Not Lighted
2023-02-17T04:51:00.000,I 85,I 85 and Sr 154,,Not a Collision with Motor Vehicle,1,Rain,Wet,Dark-Not Lighted
2023-02-17T05:16:00.000,I 85,I 85 and Sr 154,,Not a Collision with Motor Vehicle,1,Rain,Wet,Dark-Not Lighted
2023-06-05T08:21:00.000,I 85,I 85 and Sr 154,,Rear End,2,Clear,Dry,Daylight
2023-02-19T03:50:00.000,I 85,I 85 and Sr 154,,Rear End,2,Clear,Dry,Dark-Not Lighted
2023-04-07T06:35:00.000,I 85,I 85 and Sr 154,,Rear End,2,Clear,Dry,Dark-Not Lighted
2023-12-01T07:35:00.000,I 85,I 85 and Sr 154,,Sideswipe-Same Direction,1,Rain,Wet,Daylight
2023-09-06T03:03:00.000,I 85,I 85 and Sr 154,,Rear End,2,Clear,Dry,Dark-Not Lighted
2023-05-21T09:36:00.000,I 85,I 85 and Sr 154,,Not a Collision with Motor Vehicle,1,Clear,Dry,Daylight
2023-10-20T22:19:00.000,I 85,I 85 and Sr 154,,Not a Collision with Motor Vehicle,1,Clear,Dry,Dark-Not Lighted
2023-09-30T18:05:00.000,I 85,I 85 and Sr 154,,Rear End,2,Clear,Dry,Daylight
2023-03-17T16:42:00.000,I 85,I 85 and Sr 154,,Rear End,2,Rain,Wet,Daylight
2023-06-10T04:41:00.000,I 85,I 85 and Sr 154,,Sideswipe-Same Direction,2,Clear,Dry,Dark-Not Lighted
2023-02-11T16:17:00.000,I 85,I 85 and Sr 154,,Angle Crash,2,Rain,Wet,Daylight
2023-04-10T09:07:00.000,I 85,I 85 and Sr 154,,Not a Collision with Motor Vehicle,1,Clear,Dry,Daylight
2023-10-09T15:18:00.000,I 85,I 85 and Sr 154,,Sideswipe-Same Direction,1,Clear,Dry,Daylight
2023-12-10T06:37:00.000,I 85,I 85 and Sr 154,,Not a Collision with Motor Vehicle,1,Rain,Wet,Dark-Not Lighted
2023-09-12T15:10:00.000,I 85,I 85 and Sr 154,,Rear End,2,Clear,Dry,Daylight
2020-05-07T01:41:00.000,I 85,I 85 and Sr 154,,Not a Collision with Motor Vehicle,1,Clear,Dry,Dark-Not Lighted
2020-05-05T07:42:00.000,I 85,I 85 and Sr 154,,Not a Collision with Motor Vehicle,1,Clear,Dry,Daylight
2020-08-17T17:59:00.000,I 85,I 85 and Sr 154,,Not a Collision with Motor Vehicle,1,Rain,Wet,Daylight
2020-03-04T09:30:00.000,I 85,I 85 and Sr 154,,Not a Collision with Motor Vehicle,1,Rain,Wet,Daylight
2020-07-18T18:11:00.000,I 85,I 85 and Sr 154,,Sideswipe-Same Direction,2,Clear,Dry,Daylight
2020-07-08T15:35:00.000,I 85,I 85 and Sr 154,,Not a Collision with Motor Vehicle,1,Rain,Wet,Daylight
2020-01-03T16:45:00.000,I 85,I 85 and Sr 154,,Not a Collision with Motor Vehicle,1,Rain,Wet,Daylight
2020-02-18T21:55:00.000,I 85,I 85 and Sr 154,,Not a Collision with Motor Vehicle,1,Rain,Wet,Dark-Lighted
2020-06-20T23:26:00.000,I 85,I 85 and Sr 154,,Rear End,2,Clear,Dry,Dark-Not Lighted
2020-09-27T16:00:00.000,I 85,I 85 and Sr 154,,Angle Crash,2,Rain,Wet,Daylight
2020-12-15T13:39:00.000,I 85,I 85 and Sr 154,,Sideswipe-Same Direction,2,Cloudy,Dry,Daylight
2020-06-05T13:11:00.000,I 85,I 85 and Sr 154,,Not a Collision with Motor Vehicle,1,Rain,Wet,Daylight
2020-01-31T22:44:00.000,I 85,I 85 and Sr 154,,Not a Collision with Motor Vehicle,1,Clear,Dry,Dark-Lighted
2020-09-15T06:36:00.000,I 85,I 85 and Sr 154,,Rear End,2,Rain,Wet,Dusk
2020-01-13T06:49:00.000,I 85,I 85 and Sr 154,,Not a Collision with Motor Vehicle,1,Rain,Wet,Dark-Not Lighted
2020-07-21T15:58:00.000,I 85,I 85 and Sr 154,,Not a Collision with Motor Vehicle,1,Rain,Wet,Daylight
2020-12-10T14:23:00.000,I 85,I 85 and Sr 154,,Not a Collision with Motor Vehicle,1,Clear,Dry,Daylight
2020-09-13T06:31:00.000,I 85,I 85 and Sr 154,,Not a Collision with Motor Vehicle,1,Clear,Dry,Dark-Not Lighted
2020-12-25T13:55:00.000,I 85,I 85 and Sr 154,,Rear End,2,Clear,Dry,Daylight
2020-05-24T01:44:00.000,I 85,I 85 and Sr 154,,Not a Collision with Motor Vehicle,1,Rain,Wet,Dark-Not Lighted
2020-02-06T15:05:00.000,I 85,I 85 and Sr 154,,Not a Collision with Motor Vehicle,1,Rain,Wet,Daylight
2020-01-04T11:35:00.000,I 85,I 85 and Sr 154,,Angle Crash,4,Rain,Wet,Daylight
2020-03-06T09:13:00.000,I 85,I 85 and Sr 154,,Not a Collision with Motor Vehicle,2,Clear,Dry,Daylight
2020-07-16T17:42:00.000,I 85,I 85 and Sr 154,,Rear End,2,Clear,Dry,Daylight
2020-07-27T16:37:00.000,I 85,I 85 and Sr 154,,Angle Crash,2,Rain,Wet,Daylight
2020-02-18T07:53:00.000,I 85,I 85 and Sr 154,,Rear End,2,Rain,Wet,Daylight
2020-12-18T11:36:00.000,I 85,I 85 and Sr 154,,Sideswipe-Same Direction,2,Clear,Dry,Daylight
2020-08-25T09:09:00.000,I 85,I 85 and Sr 154,,Not a Collision with Motor Vehicle,1,Rain,Wet,Daylight
2020-11-25T16:49:00.000,I 85,I 85 and Sr 154,,Rear End,2,Rain,Wet,Daylight
2020-01-03T13:31:00.000,I 85,I 85 and Sr 154,,Angle Crash,2,Rain,Wet,Daylight
2020-04-13T15:12:00.000,I 85,I 85 and Sr 154,,Angle Crash,2,Clear,Dry,Daylight
2020-11-26T01:57:00.000,I 85,I 85 and Sr 154,,Not a Collision with Motor Vehicle,1,Rain,Wet,Dark-Not Lighted
2020-02-18T22:08:00.000,I 85,I 85 and Sr 154,,Not a Collision with Motor Vehicle,1,Rain,Wet,Dark-Not Lighted
2020-05-17T20:00:00.000,I 85,I 85 and Sr 154,,Not a Collision with Motor Vehicle,1,Rain,Wet,Dusk
2020-08-19T19:11:00.000,I 85,I 85 and Sr 154,,Not a Collision with Motor Vehicle,1,Rain,Wet,Dusk
2020-01-27T02:22:00.000,I 85,I 85 and Sr 154,,Sideswipe-Same Direction,2,Clear,Dry,Dark-Not Lighted
2020-04-19T23:52:00.000,I 85,I 85 and Sr 154,,Not a Collision with Motor Vehicle,1,Rain,Wet,Dark-Not Lighted
2020-06-25T16:00:00.000,I 85,I 85 and Sr 154,,Not a Collision with Motor Vehicle,1,Rain,Wet,Daylight
2020-01-24T02:53:00.000,I 85,I 85 and Sr 154,,Not a Collision with Motor Vehicle,1,Rain,Wet,Dark-Not Lighted
2020-09-27T16:00:00.000,I 85,I 85 and Sr 154,,Not a Collision with Motor Vehicle,1,Rain,Wet,Daylight
2020-08-22T01:14:00.000,I 85,I 85 and Sr 154,,Rear End,2,Clear,Dry,Dark-Not Lighted
2020-11-21T22:13:00.000,I 85,I 85 and Sr 154,,Rear End,2,Clear,Dry,Dark-Not Lighted
2020-07-28T16:24:00.000,I 85,I 85 and Sr 154,,Rear End,2,Rain,Wet,Daylight
2020-05-18T10:39:00.000,I 85,I 85 and Sr 154,,Sideswipe-Same Direction,2,Clear,Dry,Daylight
2020-01-01T13:19:00.000,I 85,I 85 and Sr 154,,Not a Collision with Motor Vehicle,1,Clear,Dry,Daylight
2020-07-19T02:32:00.000,I 85,I 85 and Sr 154,,Not a Collision with Motor Vehicle,1,Clear,Dry,Dark-Lighted
2020-03-05T09:02:00.000,I 85,I 85 and Sr 154,,Not a Collision with Motor Vehicle,1,Rain,Wet,Daylight
2020-07-20T04:51:00.000,I 85,I 85 and Sr 154,,Not a Collision with Motor Vehicle,1,Clear,Dry,Dark-Not Lighted
2020-03-04T10:08:00.000,I 85,I 85 and Sr 154,,Not a Collision with Motor Vehicle,1,Rain,Wet,Daylight
2020-02-25T21:35:00.000,I 85,I 85 and Sr 154,,Not a Collision with Motor Vehicle,1,Clear,Dry,Dark-Not Lighted
2020-10-26T02:24:00.000,I 85,I 85 and Sr 154,,Not a Collision with Motor Vehicle,1,Clear,Dry,Dark-Not Lighted
2020-06-14T16:43:00.000,I 85,I 85 and Sr 154,,Not a Collision with Motor Vehicle,1,Rain,Wet,Daylight
2020-11-29T18:38:00.000,I 85,I 85 and Sr 154,,Head On,2,Rain,Wet,Dark-Lighted
2020-08-15T16:38:00.000,I 85,I 85 and Sr 154,,Rear End,2,Cloudy,Dry,Daylight
2020-12-25T22:04:00.000,I 85,I 85 and Sr 154,,Not a Collision with Motor Vehicle,1,Clear,Dry,Dark-Not Lighted
2020-03-04T21:15:00.000,I 85,I 85 and Sr 154,,Not a Collision with Motor Vehicle,1,Rain,Wet,Dark-Not Lighted
2020-06-05T12:57:00.000,I 85,I 85 and Sr 154,,Not a Collision with Motor Vehicle,1,Rain,Wet,Daylight
2020-07-15T16:51:00.000,I 85,I 85 and Sr 154,,Not a Collision with Motor Vehicle,1,Rain,Wet,Daylight
2020-02-18T04:22:00.000,I 85,I 85 and Sr 154,,Angle Crash,1,Rain,Wet,Dark-Lighted
2020-06-17T07:20:00.000,I 85,I 85 and Sr 154,,Not a Collision with Motor Vehicle,1,Clear,Dry,Daylight
2020-01-11T12:34:00.000,I 85,I 85 and Sr 154,,Not a Collision with Motor Vehicle,1,Rain,Wet,Daylight
2020-08-14T05:06:00.000,I 85,I 85 and Sr 154,,Rear End,2,Clear,Dry,Dark-Not Lighted
2020-02-22T06:55:00.000,I 85,I 85 and Sr 154,,Sideswipe-Same Direction,2,Clear,Dry,Daylight
2020-11-17T05:05:00.000,I 85,I 85 and Sr 154,,Not a Collision with Motor Vehicle,1,Clear,Dry,Dark-Not Lighted
2020-02-05T21:23:00.000,I 85,I 85 and Sr 154,,Not a Collision with Motor Vehicle,1,Rain,Wet,Dark-Not Lighted
2020-10-21T13:05:00.000,I 85,I 85 and Sr 154,,Sideswipe-Same Direction,1,Clear,Dry,Daylight
2020-04-23T09:25:00.000,I 85,I 85 and Sr 154,,Not a Collision with Motor Vehicle,1,Rain,Wet,Daylight
2020-01-03T11:00:00.000,I 85,I 85 and Sr 154,,Rear End,2,Rain,Wet,Daylight
2020-12-26T19:26:00.000,I 85,I 85 and Sr 154,,Not a Collision with Motor Vehicle,1,Clear,Dry,Dark-Not Lighted
2020-03-04T06:05:00.000,I 85,I 85 and Sr 154,,Sideswipe-Same Direction,2,Rain,Wet,Dark-Not Lighted
2020-11-03T16:01:00.000,I 85,I 85 and Sr 154,,Rear End,2,Clear,Dry,Daylight
2020-09-01T15:30:00.000,I 85,I 85 and Sr 154,,Not a Collision with Motor Vehicle,1,Rain,Wet,Daylight
2020-10-03T03:09:00.000,I 85,I 85 and Sr 154,,Angle Crash,2,Clear,Dry,Dark-Not Lighted
2020-09-27T22:04:00.000,I 85,I 85 and Sr 154,,Rear End,2,Clear,Dry,Dark-Not Lighted
2020-09-16T09:35:00.000,I 85,I 85 and Sr 154,,Sideswipe-Same Direction,2,Rain,Wet,Daylight
2020-12-31T10:53:00.000,I 85,I 85 and Sr 154,,Rear End,2,Cloudy,Dry,Daylight
2020-02-13T09:14:00.000,I 85,I 85 and Sr 154,,Not a Collision with Motor Vehicle,1,Rain,Wet,Daylight
2020-06-29T19:27:00.000,I 85,I 85 and Sr 154,,Not a Collision with Motor Vehicle,1,Cloudy,Dry,Dusk
2020-10-24T14:49:00.000,I 85,I 85 and Sr 154,,Not a Collision with Motor Vehicle,1,Rain,Wet,Daylight
2021-01-01T09:45:00.000,I 85,I 85 and Sr 154,,Not a Collision with Motor Vehicle,1,Rain,Wet,Daylight
2021-01-25T20:30:00.000,I 85,I 85 and Sr 154,,Sideswipe-Same Direction,2,Clear,Dry,Dark-Not Lighted
2021-06-20T07:45:00.000,I 85,I 85 and Sr 154,,Not a Collision with Motor Vehicle,1,Rain,Wet,Daylight
2021-05-21T18:33:00.000,I 85,I 85 and Sr 154,,Rear End,2,Cloudy,Dry,Daylight
2021-04-24T17:28:00.000,I 85,I 85 and Sr 154,,Head On,2,Rain,Wet,Daylight
2021-03-16T15:27:00.000,I 85,I 85 and Sr 154,,Angle Crash,2,Rain,Wet,Daylight
2021-06-15T08:25:00.000,I 85,I 85 and Sr 154,,Not a Collision with Motor Vehicle,1,Clear,Dry,Daylight
2021-06-29T05:03:00.000,I 85,I 85 and Sr 154,,Angle Crash,2,Rain,Wet,Dark-Not Lighted
2021-04-22T09:34:00.000,I 85,I 85 and Sr 154,,Rear End,2,Clear,Dry,Daylight
2021-05-04T16:11:00.000,I 85,I 85 and Sr 154,,Sideswipe-Same Direction,2,Rain,Wet,Daylight
2021-06-29T09:56:00.000,I 85,I 85 and Sr 154,,Sideswipe-Same Direction,2,Rain,Wet,Daylight
2021-03-26T06:05:00.000,I 85,I 85 and Sr 154,,Sideswipe-Same Direction,2,Rain,Wet,Dark-Lighted
2021-10-23T19:33:00.000,I 85,I 85 and Sr 154,,Sideswipe-Same Direction,2,Clear,Dry,Dark-Lighted
2021-07-05T21:52:00.000,I 85,I 85 and Sr 154,,Sideswipe-Same Direction,2,Clear,Dry,Dark-Lighted
2021-12-29T10:31:00.000,I 85,I 85 and Sr 154,,Not a Collision with Motor Vehicle,1,Rain,Wet,Daylight
2021-12-16T23:00:00.000,I 85,I 85 and Sr 154,,Rear End,2,Clear,Dry,Dark-Not Lighted
2021-07-12T14:36:00.000,I 85,I 85 and Sr 154,,Not a Collision with Motor Vehicle,1,Rain,Wet,Daylight
2021-12-05T01:22:00.000,I 85,I 85 and Sr 154,,Not a Collision with Motor Vehicle,1,Clear,Dry,Dark-Not Lighted
2021-12-14T05:57:00.000,I 85,I 85 and Sr 154,,Sideswipe-Same Direction,2,Cloudy,Dry,Dark-Not Lighted
2021-10-24T17:23:00.000,I 85,I 85 and Sr 154,,Sideswipe-Same Direction,2,Clear,Dry,Daylight
2021-07-07T17:32:00.000,I 85,I 85 and Sr 154,,Sideswipe-Same Direction,2,Rain,Wet,Daylight
2022-12-09T19:50:00.000,I 85,I 85 and Sr 154,,Sideswipe-Same Direction,2,Rain,Wet,Dark-Lighted
2022-11-25T04:50:00.000,I 85,I 85 and Sr 154,,Not a Collision with Motor Vehicle,1,Rain,Wet,Dark-Not Lighted
2022-04-03T03:37:00.000,I 85,I 85 and Sr 154,,Angle Crash,2,Clear,Dry,Dark-Not Lighted
2021-12-30T14:55:00.000,I 85,I 85 and Sr 154,,Not a Collision with Motor Vehicle,1,Rain,Wet,Daylight
2021-09-05T20:36:00.000,I 85,I 85 and Sr 154,,Not a Collision with Motor Vehicle,1,Clear,Dry,Dark-Not Lighted
2022-04-25T16:36:00.000,I 85,I 85 and Sr 154,,Not a Collision with Motor Vehicle,1,Clear,Dry,Daylight
2022-05-26T14:59:00.000,I 85,I 85 and Sr 154,,Not a Collision with Motor Vehicle,1,Rain,Wet,Daylight
2022-04-08T05:38:00.000,I 85,I 85 and Sr 154,,Not a Collision with Motor Vehicle,2,Clear,Dry,Dark-Not Lighted
2022-12-09T19:24:00.000,I 85,I 85 and Sr 154,,Not a Collision with Motor Vehicle,1,Rain,Wet,Dark-Not Lighted
2022-11-08T23:59:00.000,I 85,I 85 and Sr 154,,Not a Collision with Motor Vehicle,1,Clear,Dry,Dark-Not Lighted
2022-04-05T13:08:00.000,I 85,I 85 and Sr 154,,Not a Collision with Motor Vehicle,1,Rain,Wet,Daylight
2022-07-01T16:00:00.000,I 85,I 85 and Sr 154,,Rear End,2,Rain,Wet,Daylight
2022-04-16T04:24:00.000,I 85,I 85 and Sr 154,,Angle Crash,2,Clear,Dry,Dark-Not Lighted
2022-10-22T21:10:00.000,I 85,I 85 and Sr 154,,Not a Collision with Motor Vehicle,1,Clear,Dry,Dark-Not Lighted
2022-04-19T01:40:00.000,I 85,I 85 and Sr 154,,Not a Collision with Motor Vehicle,1,Clear,Dry,Dark-Not Lighted
2022-04-14T08:31:00.000,I 85,I 85 and Sr 154,,Sideswipe-Same Direction,2,Cloudy,Dry,Daylight
2021-07-12T14:57:00.000,I 85,I 85 and Sr 154,,Angle Crash,3,Rain,Wet,Daylight
2021-08-07T06:30:00.000,I 85,I 85 and Sr 154,,Not a Collision with Motor Vehicle,1,Clear,Dry,Dark-Not Lighted
2021-12-19T05:04:00.000,I 85,I 85 and Sr 154,,Not a Collision with Motor Vehicle,1,Rain,Wet,Dark-Not Lighted
2021-07-12T23:26:00.000,I 85,I 85 and Sr 154,,Rear End,2,Clear,Dry,Dark-Not Lighted
2021-10-30T03:44:00.000,I 85,I 85 and Sr 154,,Rear End,2,Cloudy,Wet,Dark-Not Lighted
2022-03-15T11:24:00.000,I 85,I 85 and Sr 154,,Not a Collision with Motor Vehicle,1,Cloudy,Dry,Daylight
2022-12-06T19:59:00.000,I 85,I 85 and Sr 154,,Rear End,2,Fog,Dry,Dark-Not Lighted
2022-01-27T18:46:00.000,I 85,I 85 and Sr 154,,Sideswipe-Same Direction,1,Clear,Dry,Dark-Not Lighted
2022-04-22T02:54:00.000,I 85,I 85 and Sr 154,,Rear End,2,Clear,Dry,Dark-Not Lighted
2022-03-05T16:07:00.000,I 85,I 85 and Sr 154,,Rear End,2,Clear,Dry,Daylight
2022-07-27T21:24:00.000,I 85,I 85 and Sr 154,,Rear End,2,Clear,Dry,Dark-Not Lighted
2022-06-23T13:10:00.000,I 85,I 85 and Sr 154,,Sideswipe-Same Direction,2,Clear,Dry,Daylight
2022-06-08T02:19:00.000,I 85,I 85 and Sr 154,,Not a Collision with Motor Vehicle,1,Clear,Dry,Dark-Not Lighted
2022-07-29T17:20:00.000,I 85,I 85 and Sr 154,,Rear End,2,Clear,Dry,Daylight
2022-05-05T10:00:00.000,I 85,I 85 and Sr 154,,Head On,2,Clear,Dry,Daylight
2022-12-07T14:40:00.000,I 85,I 85 and Sr 154,,Rear End,2,Cloudy,Dry,Daylight
2022-12-23T17:09:00.000,I 85,I 85 and Sr 154,,Sideswipe-Same Direction,2,Clear,Dry,Daylight
2022-01-02T03:44:00.000,I 85,I 85 and Sr 154,,Not a Collision with Motor Vehicle,1,Clear,Dry,Dark-Not Lighted
2022-05-23T07:48:00.000,I 85,I 85 and Sr 154,,Not a Collision with Motor Vehicle,1,Rain,Wet,Daylight
2022-05-28T00:31:00.000,I 85,I 85 and Sr 154,,Not a Collision with Motor Vehicle,1,Clear,Dry,Dark-Not Lighted
2022-04-22T02:13:00.000,I 85,I 85 and Sr 154,,Rear End,2,Clear,Dry,Dark-Not Lighted
2022-09-05T09:10:00.000,I 85,I 85 and Sr 154,,Angle Crash,2,Clear,Dry,Daylight
2022-11-18T17:18:00.000,I 85,I 85 and Sr 154,,Rear End,2,Clear,Dry,Daylight
2022-12-21T12:48:00.000,I 85,I 85 and Sr 154,,Rear End,2,Cloudy,Dry,Daylight
2022-08-14T05:13:00.000,I 85,I 85 and Sr 154,,Not a Collision with Motor Vehicle,1,Clear,Dry,Dark-Not Lighted
2022-04-07T14:30:00.000,I 85,I 85 and Sr 154,,Not a Collision with Motor Vehicle,1,Clear,Dry,Daylight
2022-09-23T01:35:00.000,I 85,I 85 and Sr 154,,Rear End,2,Clear,Dry,Dark-Not Lighted
2022-06-26T19:01:00.000,I 85,I 85 and Sr 154,,Sideswipe-Same Direction,2,Rain,Wet,Daylight
2022-10-13T04:45:00.000,I 85,I 85 and Sr 154,,Angle Crash,2,Rain,Wet,Dark-Not Lighted
2022-09-02T06:35:00.000,I 85,I 85 and Sr 154,,Sideswipe-Same Direction,2,Clear,Dry,Dark-Not Lighted
2022-12-20T18:13:00.000,I 85,I 85 and Sr 154,,Rear End,2,Rain,Wet,Dark-Lighted
2022-06-03T16:59:00.000,I 85,I 85 and Sr 154,,Sideswipe-Same Direction,2,Clear,Dry,Daylight
2022-07-11T13:40:00.000,I 85,I 85 and Sr 154,,Rear End,2,Clear,Dry,Daylight
2022-11-22T11:33:00.000,I 85,I 85 and Sr 154,,Sideswipe-Same Direction,2,Clear,Dry,Daylight
2022-11-30T05:40:00.000,I 85,I 85 and Sr 154,,Not a Collision with Motor Vehicle,1,Rain,Wet,Dark-Lighted
2022-04-05T10:58:00.000,I 85,I 85 and Sr 154,,Not a Collision with Motor Vehicle,1,Rain,Wet,Daylight
2022-05-23T05:38:00.000,I 85,I 85 and Sr 154,,Not a Collision with Motor Vehicle,1,Rain,Wet,Dark-Not Lighted
2022-01-24T15:11:00.000,I 85,I 85 and Sr 154,,Rear End,2,Clear,Dry,Daylight
2023-07-05T23:48:00.000,I 85,I 85 and Sr 154,,Not a Collision with Motor Vehicle,1,Clear,Dry,Dark-Not Lighted
2023-11-26T19:54:00.000,I 85,I 85 and Sr 154,,Not a Collision with Motor Vehicle,1,Rain,Wet,Dark-Not Lighted
2023-01-29T20:10:00.000,I 85,I 85 and Sr 154,,Not a Collision with Motor Vehicle,1,Rain,Wet,Dark-Not Lighted
2023-06-28T18:08:00.000,I 85,I 85 and Sr 154,,Rear End,2,Clear,Dry,Daylight
2023-07-21T20:34:00.000,I 85,I 85 and Sr 154,,Not a Collision with Motor Vehicle,1,Rain,Wet,Dark-Not Lighted
2024-05-03T15:10:00.000,I 85,I 85 and Sr 154,,Not a Collision with Motor Vehicle,2,Cloudy,Dry,Daylight
2024-03-01T19:00:00.000,I 85,I 85 and Sr 154,,Not a Collision with Motor Vehicle,1,Rain,Wet,Dark-Not Lighted
2024-03-28T11:29:00.000,I 85,I 85 and Sr 154,,Rear End,2,Clear,Dry,Daylight
2024-07-15T16:23:00.000,I 85,I 85 and Sr 154,,Rear End,2,Rain,Wet,Daylight
2024-03-05T11:24:00.000,I 85,I 85 and Sr 154,,Rear End,2,Rain,Wet,Daylight
2024-03-26T23:11:00.000,I 85,I 85 and Sr 154,,Rear End,2,Cloudy,Dry,Dark-Not Lighted
2024-07-10T15:42:00.000,I 85,I 85 and Sr 154,,Rear End,2,Clear,Dry,Daylight
2024-06-23T07:35:00.000,I 85,I 85 and Sr 154,,Not a Collision with Motor Vehicle,1,Clear,Dry,Daylight
2024-01-30T01:56:00.000,I 85,I 85 and Sr 154,,Not a Collision with Motor Vehicle,1,Clear,Dry,Dark-Lighted
2024-09-25T07:02:00.000,I 85,I 85 and Sr 154,,Rear End,2,Clear,Dry,Dark-Lighted
2024-01-09T08:49:00.000,I 85,I 85 and Sr 154,,Not a Collision with Motor Vehicle,1,Rain,Wet,Daylight
2024-08-12T02:02:00.000,I 85,I 85 and Sr 154,,Rear End,2,Clear,Dry,Dark-Not Lighted
2023-05-07T04:54:00.000,I 85,I 85 and Sr 154,,Rear End,2,Cloudy,Dry,Dark-Lighted
2024-03-23T05:35:00.000,I 85,I 85 and Sr 154,,Not a Collision with Motor Vehicle,1,Rain,Wet,Dark-Not Lighted
2024-10-31T17:21:00.000,I 85,I 85 and Sr 154,,Sideswipe-Same Direction,2,Clear,Dry,Daylight
2024-06-16T00:38:00.000,I 85,I 85 and Sr 154,,Rear End,2,Clear,Dry,Dark-Not Lighted
2023-07-10T05:27:00.000,I 85,I 85 and Sr 154,,Rear End,3,Rain,Wet,Dark-Not Lighted
2023-10-29T06:54:00.000,I 85,I 85 and Sr 154,,Sideswipe-Same Direction,1,Clear,Dry,Dark-Not Lighted
2023-01-04T08:27:00.000,I 85,I 85 and Sr 154,,Not a Collision with Motor Vehicle,1,Rain,Wet,Daylight
2023-04-30T07:39:00.000,I 85,I 85 and Sr 154,,Not a Collision with Motor Vehicle,2,Rain,Wet,Daylight
2023-11-15T15:40:00.000,I 85,I 85 and Sr 154,,Rear End,2,Cloudy,Dry,Daylight
2023-01-04T06:50:00.000,I 85,I 85 and Sr 154,,Not a Collision with Motor Vehicle,1,Rain,Wet,Daylight
2023-08-01T06:17:00.000,I 85,I 85 and Sr 154,,Not a Collision with Motor Vehicle,1,Clear,Dry,Dark-Lighted
2023-09-12T12:45:00.000,I 85,I 85 and Sr 154,,Sideswipe-Same Direction,2,Clear,Dry,Daylight
2023-12-06T04:20:00.000,I 85,I 85 and Sr 154,,Not a Collision with Motor Vehicle,1,Clear,Dry,Dark-Not Lighted
2023-11-27T08:08:00.000,I 85,I 85 and Sr 154,,Rear End,2,Clear,Dry,Daylight
2023-11-11T05:42:00.000,I 85,I 85 and Sr 154,,Not a Collision with Motor Vehicle,1,Rain,Wet,Dark-Not Lighted
2023-10-27T21:24:00.000,I 85,I 85 and Sr 154,,Rear End,2,Clear,Dry,Dark-Not Lighted
2023-01-04T17:00:00.000,I 85,I 85 and Sr 154,,Angle Crash,2,Clear,Dry,Dark-Lighted
2023-03-10T08:39:00.000,I 85,I 85 and Sr 154,,Not a Collision with Motor Vehicle,1,Rain,Wet,Daylight
2023-01-04T06:35:00.000,I 85,I 85 and Sr 154,,Angle Crash,2,Rain,Wet,Dark-Not Lighted
2023-08-14T03:40:00.000,I 85,I 85 and Sr 154,,Not a Collision with Motor Vehicle,1,Clear,Dry,Dark-Lighted
2024-03-25T20:56:00.000,I 85,I 85 and Sr 154,,Not a Collision with Motor Vehicle,2,Clear,Dry,Dark-Not Lighted
2024-10-11T02:42:00.000,I 85,I 85 and Sr 154,,Not a Collision with Motor Vehicle,1,Clear,Dry,Dark-Not Lighted
2024-11-26T04:48:00.000,I 85,I 85 and Sr 154,,Not a Collision with Motor Vehicle,1,Rain,Wet,Dark-Not Lighted
2024-02-07T16:59:00.000,I 85,I 85 and Sr 154,,Rear End,2,Clear,Dry,Daylight
2024-02-01T01:55:00.000,I 85,I 85 and Sr 154,,Not a Collision with Motor Vehicle,1,Clear,Dry,Dark-Lighted
2024-03-26T23:11:00.000,I 85,I 85 and Sr 154,,Rear End,2,Cloudy,Dry,Dark-Not Lighted
2024-07-26T08:17:00.000,I 85,I 85 and Sr 154,,Not a Collision with Motor Vehicle,1,Cloudy,Dry,Daylight
2024-05-12T20:03:00.000,I 85,I 85 and Sr 154,,Sideswipe-Same Direction,2,Clear,Dry,Daylight
2024-11-26T06:50:00.000,I 85,I 85 and Sr 154,,Sideswipe-Same Direction,2,Cloudy,Wet,Dark-Not Lighted
2024-11-16T21:01:00.000,I 85,I 85 and Sr 154,,Angle Crash,1,Clear,Dry,Dark-Lighted
2024-11-14T08:45:00.000,I 85,I 85 and Sr 154,,Not a Collision with Motor Vehicle,1,Rain,Wet,Daylight
2024-11-16T11:00:00.000,I 85,I 85 and Sr 154,,Rear End,2,Clear,Dry,Daylight
2024-07-09T16:45:00.000,I 85,I 85 and Sr 154,,Angle Crash,2,Rain,Wet,Daylight
2024-12-27T23:11:00.000,I 85,I 85 and Sr 154,,Not a Collision with Motor Vehicle,1,Rain,Wet,Dark-Lighted
2024-12-12T15:32:00.000,I 85,I 85 and Sr 154,,Sideswipe-Same Direction,2,Clear,Dry,Daylight