Date and Time,Roadway (From Crash Report),Intersection Name (from Crash Report),KABCO Severity,Manner of Collision (Crash Level) ,# of Vehicles per crash ,Weather Conditions (Crash Level),Surface Condition (Crash Level) ,Light Conditions (Crash Level)
2024-09-30T01:50:00.000,I 85,I 85 and Sr 154,,Not a Collision with Motor Vehicle,1,Clear,Dry,Dark-Not Lighted
2024-05-05T15:41:00.000,I 85,I 85 and Sr 154,,Not a Collision with Motor Vehicle,1,Clear,Dry,Daylight
2024-12-18T09:56:00.000,I 85,I 85 and Sr 154,,Sideswipe-Same Direction,2,Fog,Dry,Daylight
2024-07-24T13:19:00.000,I 85,I 85 and Sr 154,,Not a Collision with Motor Vehicle,1,Clear,Dry,Daylight
2024-12-10T15:40:00.000,I 85,I 85 and Sr 154,,Not a Collision with Motor Vehicle,1,Rain,Wet,Daylight
2024-07-27T15:45:00.000,I 85,I 85 and Sr 154,,Not a Collision with Motor Vehicle,1,Clear,Dry,Daylight
2024-10-05T13:43:00.000,I 85,I 85 and Sr 154,,Rear End,2,Clear,Dry,Daylight
2024-08-19T03:24:00.000,I 85,I 85 and Sr 154,,Rear End,2,Clear,Dry,Dark-Lighted
2024-09-14T14:00:00.000,I 85,I 85 and Sr 154,,Not a Collision with Motor Vehicle,1,Rain,Wet,Daylight
2024-09-25T05:30:00.000,I 85,I 85 and Sr 154,,Sideswipe-Same Direction,2,Rain,Wet,Dark-Lighted
2024-02-09T23:23:00.000,I 85,I 85 and Sr 154,,Not a Collision with Motor Vehicle,1,Clear,Dry,Dark-Not Lighted
2024-09-18T10:15:00.000,I 85,I 85 and Sr 154,,Sideswipe-Same Direction,2,Clear,Dry,Daylight
2024-11-18T07:47:00.000,I 85,I 85 and Sr 154,,Sideswipe-Same Direction,2,Clear,Dry,Daylight
2021-02-07T17:10:00.000,I 85,I 85 and Sr 15,,Rear End,2,Clear,Dry,Daylight
2021-03-21T11:45:00.000,I 85,I 85 and Sr 15,,Rear End,2,Clear,Dry,Daylight
2021-10-21T16:20:00.000,I 85,I 85 and Sr 15,,Rear End,2,Cloudy,Wet,Daylight
2021-06-12T12:38:00.000,I 85,I 85 and Sr 15,,Sideswipe-Same Direction,2,Clear,Dry,Daylight
2021-05-26T10:45:00.000,I 85,I 85 and Sr 15,,Rear End,2,Clear,Dry,Daylight
2023-07-13T19:21:00.000,I 85,I 85 and Sr 15,,Rear End,4,Clear,Dry,Daylight
2023-07-24T15:33:00.000,I 85,I 85 and Sr 15,,Rear End,2,Clear,Dry,Daylight
2023-08-28T22:21:00.000,I 85,I 85 and Sr 15,,Sideswipe-Same Direction,2,Clear,Dry,Dark-Not Lighted
2023-08-20T18:07:00.000,I 85,I 85 and Sr 15,,Sideswipe-Same Direction,2,Clear,Dry,Daylight
2023-03-12T10:51:00.000,I 85,I 85 and Sr 15,,Not a Collision with Motor Vehicle,1,Rain,Wet,Daylight
2023-09-02T11:50:00.000,I 85,I 85 and Sr 15,,Sideswipe-Same Direction,2,Clear,Dry,Daylight
2023-06-18T15:15:00.000,I 85,I 85 and Sr 15,,Rear End,2,Clear,Dry,Daylight
2023-02-04T19:23:00.000,I 85,I 85 and Sr 15,,Sideswipe-Same Direction,2,Clear,Dry,Dark-Not Lighted
2023-12-09T20:30:00.000,I 85,I 85 and Sr 15,,Rear End,2,Cloudy,Wet,Dark-Lighted
2023-08-09T22:48:00.000,I 85,I 85 and Sr 15,,Sideswipe-Same Direction,2,Cloudy,Dry,Dark-Not Lighted
2023-10-07T13:40:00.000,I 85,I 85 and Sr 15,,Sideswipe-Same Direction,2,Clear,Dry,Daylight
2023-09-02T16:45:00.000,I 85,I 85 and Sr 15,,Not a Collision with Motor Vehicle,1,Clear,Dry,Daylight
2023-09-17T12:10:00.000,I 85,I 85 and Sr 15,,Not a Collision with Motor Vehicle,1,Clear,Dry,Daylight
2023-10-19T11:07:00.000,I 85,I 85 and Sr 15,,Rear End,2,Clear,Dry,Daylight
2023-11-14T17:42:00.000,I 85,I 85 and Sr 15,,Not a Collision with Motor Vehicle,1,Clear,Dry,Dark-Not Lighted
2023-05-29T14:15:00.000,I 85,I 85 and Sr 15,,Rear End,3,Clear,Dry,Daylight
2023-12-17T16:30:00.000,I 85,I 85 and Sr 15,,Rear End,2,Clear,Dry,Daylight
2023-03-22T16:11:00.000,I 85,I 85 and Sr 15,,Rear End,2,Cloudy,Dry,Daylight
2023-07-31T18:20:00.000,I 85,I 85 and Sr 15,,Not a Collision with Motor Vehicle,1,Clear,Dry,Daylight
2023-06-22T21:23:00.000,I 85,I 85 and Sr 15,,Rear End,2,Cloudy,Dry,Dark-Not Lighted
2023-07-11T08:38:00.000,I 85,I 85 and Sr 15,,Rear End,2,Clear,Dry,Daylight
2023-03-30T20:53:00.000,I 85,I 85 and Sr 15,,Sideswipe-Same Direction,2,Clear,Dry,Dark-Lighted
2022-12-31T13:27:00.000,I 85,I 85 and Sr 15,,Not a Collision with Motor Vehicle,1,Rain,Wet,Daylight
2023-11-09T20:01:00.000,I 85,I 85 and Sr 15,,Not a Collision with Motor Vehicle,1,Clear,Dry,Dark-Not Lighted
2022-08-01T15:00:00.000,I 85,I 85 and Sr 15,,Rear End,2,Rain,Wet,Daylight
2023-11-15T18:35:00.000,I 85,I 85 and Sr 15,,Sideswipe-Same Direction,2,Cloudy,Dry,Dark-Not Lighted
2020-08-01T16:52:00.000,I 85,I 85 and Sr 15,,Not a Collision with Motor Vehicle,1,Clear,Dry,Daylight
2020-10-16T09:50:00.000,I 85,I 85 and Sr 15,,Angle Crash,2,Clear,Dry,Daylight
2020-08-16T10:28:00.000,I 85,I 85 and Sr 15,,Rear End,2,Clear,Dry,Daylight
2020-09-20T17:49:00.000,I 85,I 85 and Sr 15,,Rear End,2,Clear,Dry,Daylight
2020-09-26T10:50:00.000,I 85,I 85 and Sr 15,,Rear End,2,Clear,Dry,Daylight
2020-08-08T15:40:00.000,I 85,I 85 and Sr 15,,Rear End,2,Cloudy,Dry,Daylight
2020-11-09T09:50:00.000,I 85,I 85 and Sr 15,,Sideswipe-Same Direction,2,Cloudy,Dry,Daylight
2020-05-12T17:25:00.000,I 85,I 85 and Sr 15,,Sideswipe-Same Direction,2,Clear,Dry,Daylight
2020-06-30T17:14:00.000,I 85,I 85 and Sr 15,,Rear End,2,Clear,Dry,Daylight
2020-10-02T17:00:00.000,I 85,I 85 and Sr 15,,Rear End,2,Clear,Dry,Daylight
2020-07-13T15:50:00.000,I 85,I 85 and Sr 15,,Rear End,2,Clear,Dry,Daylight
2020-09-08T15:54:00.000,I 85,I 85 and Sr 15,,Rear End,2,Clear,Dry,Daylight
2020-08-20T13:50:00.000,I 85,I 85 and Sr 15,,Rear End,2,Cloudy,Dry,Daylight
2021-11-23T11:37:00.000,I 85,I 85 and Sr 15,,Rear End,2,Clear,Dry,Daylight
2021-08-08T17:15:00.000,I 85,I 85 and Sr 15,,Sideswipe-Same Direction,2,Clear,Dry,Daylight
2022-02-28T07:30:00.000,I 85,I 85 and Sr 15,,Sideswipe-Same Direction,2,Clear,Dry,Daylight
2022-12-02T16:29:00.000,I 85,I 85 and Sr 15,,Sideswipe-Same Direction,2,Rain,Wet,Daylight
2022-10-30T17:50:00.000,I 85,I 85 and Sr 15,,Rear End,2,Clear,Wet,Daylight
2022-07-17T14:47:00.000,I 85,I 85 and Sr 15,,Rear End,2,Clear,Dry,Daylight
2022-09-03T14:37:00.000,I 85,I 85 and Sr 15,,Not a Collision with Motor Vehicle,1,Rain,Wet,Daylight
2022-10-27T14:12:00.000,I 85,I 85 and Sr 15,,Rear End,2,Clear,Dry,Daylight
2022-10-28T06:59:00.000,I 85,I 85 and Sr 15,,Sideswipe-Same Direction,2,Cloudy,Dry,Dark-Not Lighted
2022-03-21T07:50:00.000,I 85,I 85 and Sr 15,,Angle Crash,2,Clear,Dry,Daylight
2022-12-12T20:00:00.000,I 85,I 85 and Sr 15,,Rear End,2,Cloudy,Dry,Dark-Not Lighted
2022-03-28T11:55:00.000,I 85,I 85 and Sr 15,,Angle Crash,2,Clear,Dry,Daylight
2022-08-02T06:18:00.000,I 85,I 85 and Sr 15,,Sideswipe-Same Direction,2,Clear,Dry,Dawn
2022-11-27T05:22:00.000,I 85,I 85 and Sr 15,,Not a Collision with Motor Vehicle,1,Rain,Wet,Dark-Not Lighted
2022-04-16T10:40:00.000,I 85,I 85 and Sr 15,,Rear End,2,Clear,Dry,Daylight
2022-02-18T16:59:00.000,I 85,I 85 and Sr 15,,Sideswipe-Same Direction,2,Clear,Dry,Daylight
2022-11-03T12:00:00.000,I 85,I 85 and Sr 15,,Rear End,2,Clear,Dry,Daylight
2022-05-15T17:58:00.000,I 85,I 85 and Sr 15,,Sideswipe-Same Direction,2,Cloudy,Dry,Daylight
2022-11-30T15:30:00.000,I 85,I 85 and Sr 15,,Rear End,3,Clear,Dry,Daylight
2022-09-16T07:35:00.000,I 85,I 85 and Sr 15,,Rear End,2,Clear,Dry,Daylight
2023-11-14T15:11:00.000,I 85,I 85 and Sr 15,,Rear End,2,Clear,Dry,Daylight
2024-05-09T09:00:00.000,I 85,I 85 and Sr 15,,Sideswipe-Same Direction,2,Rain,Wet,Daylight
2024-06-06T00:50:00.000,I 85,I 85 and Sr 15,,Rear End,2,Clear,Mud,Dark-Lighted
2024-02-11T17:52:00.000,I 85,I 85 and Sr 15,,Angle Crash,2,Cloudy,Dry,Daylight
2024-05-17T16:30:00.000,I 85,I 85 and Sr 15,,Rear End,2,Cloudy,Dry,Daylight
2024-05-02T16:30:00.000,I 85,I 85 and Sr 15,,Rear End,2,Clear,Dry,Daylight
2023-02-24T19:32:00.000,I 85,I 85 and Sr 15,,Sideswipe-Same Direction,2,Rain,Wet,Dark-Not Lighted
2024-11-14T06:40:00.000,I 85,I 85 and Sr 15,,Rear End,4,Rain,Wet,Dark-Not Lighted
2023-08-24T09:17:00.000,I 85,I 85 and Sr 15,,Rear End,2,Clear,Dry,Daylight
2023-02-24T12:00:00.000,I 85,I 85 and Sr 15,,Sideswipe-Same Direction,2,Clear,Dry,Daylight
2023-12-10T14:48:00.000,I 85,I 85 and Sr 15,,Rear End,2,Cloudy,Wet,Daylight
2023-08-25T15:35:00.000,I 85,I 85 and Sr 15,,Rear End,3,Clear,Dry,Daylight
2023-09-10T21:15:00.000,I 85,I 85 and Sr 15,,Rear End,2,Clear,Dry,Dark-Not Lighted
2023-10-28T10:08:00.000,I 85,I 85 and Sr 15,,Rear End,2,Clear,Dry,Daylight
2023-06-28T13:18:00.000,I 85,I 85 and Sr 15,,Rear End,2,Clear,Dry,Daylight
2023-08-03T16:02:00.000,I 85,I 85 and Sr 15,,Not a Collision with Motor Vehicle,1,Rain,Wet,Daylight
2023-12-07T12:40:00.000,I 85,I 85 and Sr 15,,Rear End,2,Clear,Dry,Daylight
2023-08-23T07:21:00.000,I 85,I 85 and Sr 15,,Not a Collision with Motor Vehicle,2,Clear,Dry,Daylight
2023-11-09T20:00:00.000,I 85,I 85 and Sr 15,,Not a Collision with Motor Vehicle,1,Clear,Dry,Dark-Not Lighted
2023-07-08T12:35:00.000,I 85,I 85 and Sr 15,,Angle Crash,2,Clear,Dry,Daylight
2023-08-08T15:55:00.000,I 85,I 85 and Sr 15,,Rear End,2,Cloudy,Dry,Daylight
2023-10-06T14:19:00.000,I 85,I 85 and Sr 15,,Sideswipe-Same Direction,2,Cloudy,Dry,Daylight
2023-11-26T15:12:00.000,I 85,I 85 and Sr 15,,Rear End,2,Cloudy,Dry,Daylight
2023-08-01T06:59:00.000,I 85,I 85 and Sr 15,,Not a Collision with Motor Vehicle,1,Clear,Dry,Daylight
2023-08-01T17:08:00.000,I 85,I 85 and Sr 15,,Rear End,2,Clear,Dry,Daylight
2023-11-22T09:52:00.000,I 85,I 85 and Sr 15,,Rear End,2,Cloudy,Dry,Daylight
2023-11-10T19:27:00.000,I 85,I 85 and Sr 15,,Rear End,2,Clear,Dry,Dark-Lighted
2023-07-22T07:06:00.000,I 85,I 85 and Sr 15,,Not a Collision with Motor Vehicle,1,Clear,Dry,Daylight
2023-03-26T15:48:00.000,I 85,I 85 and Sr 15,,Rear End,3,Rain,Wet,Daylight
2024-05-27T16:20:00.000,I 85,I 85 and Sr 15,,Sideswipe-Same Direction,2,Clear,Dry,Daylight
2024-10-15T12:10:00.000,I 85,I 85 and Sr 15,,Rear End,2,Cloudy,Dry,Daylight
2024-02-29T09:10:00.000,I 85,I 85 and Sr 15,,Rear End,2,Clear,Dry,Daylight
2024-08-23T16:30:00.000,I 85,I 85 and Sr 15,,Not a Collision with Motor Vehicle,2,Clear,Dry,Daylight
2024-02-17T10:48:00.000,I 85,I 85 and Sr 15,,Sideswipe-Same Direction,2,Clear,Dry,Daylight
2024-10-28T10:48:00.000,I 85,I 85 and Sr 15,,Rear End,2,Cloudy,Dry,Daylight
2024-02-17T10:48:00.000,I 85,I 85 and Sr 15,,Not a Collision with Motor Vehicle,1,Clear,Dry,Daylight
2024-08-26T20:56:00.000,I 85,I 85 and Sr 15,,Rear End,2,Clear,Dry,Dark-Not Lighted
2024-09-02T12:59:00.000,I 85,I 85 and Sr 15,,Sideswipe-Same Direction,2,Clear,Dry,Daylight
2024-02-19T09:25:00.000,I 85,I 85 and Sr 15,,Rear End,2,Clear,Dry,Daylight
2024-01-02T13:44:00.000,I 85,I 85 and Sr 15,,Sideswipe-Same Direction,2,Clear,Dry,Daylight
2024-06-27T12:45:00.000,I 85,I 85 and Sr 15,,Sideswipe-Same Direction,2,Cloudy,Dry,Daylight
2024-07-25T17:02:00.000,I 85,I 85 and Sr 15,,Not a Collision with Motor Vehicle,1,Cloudy,Dry,Daylight
2024-09-13T15:22:00.000,I 85,I 85 and Sr 15,,Not a Collision with Motor Vehicle,1,Cloudy,Dry,Daylight
2024-02-11T17:52:00.000,I 85,I 85 and Sr 15,,Angle Crash,2,Cloudy,Dry,Daylight
2024-08-25T05:44:00.000,I 85,I 85 and Sr 15,,Not a Collision with Motor Vehicle,3,Clear,Dry,Dark-Not Lighted
2024-10-31T12:02:00.000,I 85,I 85 and Sr 15,,Sideswipe-Same Direction,2,Clear,Dry,Daylight
2024-09-29T13:14:00.000,I 85,I 85 and Sr 15,,Rear End,2,Cloudy,Dry,Daylight
2024-04-14T22:35:00.000,I 85,I 85 and Sr 15,,Not a Collision with Motor Vehicle,1,Clear,Dry,Dark-Not Lighted
2021-11-22T12:37:00.000,Sr 141,I 85 and Sr 141,,Angle Crash,2,Clear,Dry,Daylight
2020-02-29T19:26:00.000,I 85,I 85 and Sr 141,,Sideswipe-Same Direction,3,Clear,Dry,Dark-Not Lighted
2020-06-21T02:00:00.000,Sr 141,I 85 and Sr 141,,Rear End,2,Clear,Dry,Dark-Not Lighted
2024-08-17T23:55:00.000,Sr 141,I 85 and Sr 141,,Head On,2,Cloudy,Dry,Dark-Lighted
2021-04-28T18:05:00.000,I 85,I 85 and Sr 140,,Rear End,5,Clear,Dry,Daylight
2021-03-18T14:00:00.000,I 85,I 85 and Sr 140,,Rear End,2,Cloudy,Dry,Daylight
2021-05-21T07:05:00.000,I 85,I 85 and Sr 140,,Sideswipe-Same Direction,2,Clear,Dry,Daylight
2021-05-26T17:20:00.000,I 85,I 85 and Sr 140,,Rear End,3,Clear,Dry,Daylight
2021-06-01T17:15:00.000,I 85,I 85 and Sr 140,,Sideswipe-Same Direction,2,Cloudy,Dry,Daylight
2021-03-08T12:45:00.000,I 85,I 85 and Sr 140,,Sideswipe-Same Direction,2,Clear,Dry,Daylight
2021-02-19T18:02:00.000,I 85,I 85 and Sr 140,,Rear End,2,Clear,Dry,Daylight
2021-06-22T18:27:00.000,I 85,I 85 and Sr 140,,Rear End,2,Clear,Dry,Daylight
2021-05-31T19:30:00.000,I 85,I 85 and Sr 140,,Sideswipe-Same Direction,2,Cloudy,Dry,Daylight
2021-02-22T11:50:00.000,I 85,I 85 and Sr 140,,Rear End,2,Rain,Wet,Daylight
2021-01-29T20:15:00.000,I 85,I 85 and Sr 140,,Rear End,3,Clear,Dry,Dark-Lighted
2021-05-21T12:27:00.000,I 85,I 85 and Sr 140,,Not a Collision with Motor Vehicle,1,Clear,Dry,Daylight
2021-01-22T10:32:00.000,I 85,I 85 and Sr 140,,Rear End,2,Cloudy,Dry,Daylight
2021-03-30T17:40:00.000,I 85,I 85 and Sr 140,,Rear End,2,Clear,Dry,Daylight
2021-01-22T06:22:00.000,I 85,I 85 and Sr 140,,Angle Crash,2,Clear,Dry,Dark-Lighted
2021-09-24T13:23:00.000,I 85,I 85 and Sr 140,,Rear End,2,Clear,Dry,Daylight
2021-09-28T13:00:00.000,I 85,I 85 and Sr 140,,Sideswipe-Same Direction,2,Clear,Dry,Daylight
2021-09-23T17:22:00.000,I 85,I 85 and Sr 140,,Rear End,2,Clear,Dry,Daylight
2021-07-28T14:10:00.000,I 85,I 85 and Sr 140,,Sideswipe-Same Direction,2,Clear,Dry,Daylight
2021-12-08T13:20:00.000,I 85,I 85 and Sr 140,,Rear End,2,Clear,Dry,Daylight
2021-10-15T09:42:00.000,I 85,I 85 and Sr 140,,Rear End,2,Clear,Dry,Daylight
2021-07-29T15:30:00.000,I 85,I 85 and Sr 140,,Rear End,2,Clear,Dry,Daylight
2021-10-19T09:45:00.000,I 85,I 85 and Sr 140,,Not a Collision with Motor Vehicle,1,Clear,Dry,Daylight
2021-07-12T15:50:00.000,I 85,I 85 and Sr 140,,Sideswipe-Same Direction,2,Cloudy,Wet,Daylight
2021-07-09T13:00:00.000,I 85,I 85 and Sr 140,,Rear End,2,Cloudy,Wet,Daylight
2021-12-13T18:40:00.000,I 85,I 85 and Sr 140,,Rear End,2,Clear,Dry,Dark-Lighted
2021-01-28T17:12:00.000,I 85,I 85 and Sr 140,,Sideswipe-Same Direction,2,Clear,Dry,Daylight
2021-04-01T14:52:00.000,I 85,I 85 and Sr 140,,Sideswipe-Same Direction,2,Clear,Dry,Daylight
2021-02-02T15:42:00.000,I 85,I 85 and Sr 140,,Rear End,2,Clear,Dry,Daylight
2021-02-26T08:00:00.000,I 85,I 85 and Sr 140,,Rear End,2,Cloudy,Wet,Daylight
2021-06-09T18:30:00.000,I 85,I 85 and Sr 140,,Rear End,2,Rain,Wet,Daylight
2021-05-06T15:58:00.000,I 85,I 85 and Sr 140,,Rear End,2,Clear,Dry,Daylight
2021-01-22T17:02:00.000,I 85,I 85 and Sr 140,,Rear End,2,Clear,Dry,Daylight
2021-05-06T15:58:00.000,I 85,I 85 and Sr 140,,Rear End,2,Clear,Dry,Daylight
2021-02-17T16:22:00.000,I 85,I 85 and Sr 140,,Rear End,2,Clear,Dry,Daylight
2021-03-25T15:27:00.000,I 85,I 85 and Sr 140,,Sideswipe-Same Direction,2,Clear,Dry,Daylight
2021-03-16T14:54:00.000,I 85,I 85 and Sr 140,,Rear End,3,Rain,Wet,Daylight
2021-01-29T15:11:00.000,I 85,I 85 and Sr 140,,Rear End,3,Clear,Dry,Daylight
2021-04-27T17:50:00.000,I 85,I 85 and Sr 140,,Rear End,4,Clear,Dry,Daylight
2021-04-13T17:48:00.000,I 85,I 85 and Sr 140,,Rear End,2,Clear,Dry,Daylight
2021-02-25T14:45:00.000,I 85,I 85 and Sr 140,,Sideswipe-Same Direction,2,Clear,Dry,Daylight
2021-03-05T12:00:00.000,I 85,I 85 and Sr 140,,Rear End,2,Clear,Dry,Daylight
2021-05-12T06:00:00.000,I 85,I 85 and Sr 140,,Sideswipe-Same Direction,2,Rain,Wet,Dark-Lighted
2021-06-17T18:40:00.000,I 85,I 85 and Sr 140,,Sideswipe-Same Direction,2,Clear,Dry,Daylight
2021-01-15T15:25:00.000,I 85,I 85 and Sr 140,,Rear End,2,Clear,Dry,Daylight
2021-05-02T04:15:00.000,I 85,I 85 and Sr 140,,Sideswipe-Same Direction,2,Clear,Dry,Dark-Lighted
2021-04-20T13:05:00.000,I 85,I 85 and Sr 140,,Rear End,2,Clear,Dry,Daylight
2021-02-01T09:10:00.000,I 85,I 85 and Sr 140,,Sideswipe-Same Direction,3,Clear,Dry,Daylight
2021-03-22T14:15:00.000,I 85,I 85 and Sr 140,,Not a Collision with Motor Vehicle,2,Clear,Dry,Daylight
2021-03-24T18:31:00.000,I 85,I 85 and Sr 140,,Sideswipe-Same Direction,2,Clear,Dry,Daylight
2021-03-26T17:40:00.000,I 85,I 85 and Sr 140,,Sideswipe-Same Direction,2,Clear,Dry,Daylight
2021-02-25T15:40:00.000,I 85,I 85 and Sr 140,,Rear End,2,Clear,Dry,Daylight
2021-09-14T14:25:00.000,I 85,I 85 and Sr 140,,Sideswipe-Same Direction,2,Cloudy,Dry,Daylight
2021-08-10T11:00:00.000,I 85,I 85 and Sr 140,,Rear End,2,Clear,Dry,Daylight
2021-10-26T17:14:00.000,Sr 140,I 85 and Sr 140,,Sideswipe-Same Direction,2,Clear,Dry,Daylight
2021-09-01T15:10:00.000,I 85,I 85 and Sr 140,,Sideswipe-Same Direction,2,Clear,Dry,Daylight
2021-11-03T17:39:00.000,I 85,I 85 and Sr 140,,Rear End,2,Clear,Dry,Daylight
2021-09-17T12:39:00.000,I 85,I 85 and Sr 140,,Rear End,2,Clear,Dry,Daylight
2021-07-16T06:15:00.000,I 85,I 85 and Sr 140,,Sideswipe-Same Direction,2,Clear,Dry,Dark-Lighted
2021-12-20T12:00:00.000,I 85,I 85 and Sr 140,,Rear End,2,Clear,Dry,Daylight
2021-07-02T10:57:00.000,I 85,I 85 and Sr 140,,Sideswipe-Same Direction,2,Rain,Wet,Daylight
2021-09-14T19:42:00.000,I 85,I 85 and Sr 140,,Rear End,2,Cloudy,Dry,Dark-Lighted
2021-12-21T07:00:00.000,I 85,I 85 and Sr 140,,Rear End,2,Cloudy,Dry,Dusk
2021-06-30T15:30:00.000,I 85,I 85 and Sr 140,,Sideswipe-Same Direction,2,Clear,Dry,Daylight
2021-04-12T18:34:00.000,I 85,I 85 and Sr 140,,Rear End,2,Clear,Dry,Daylight
2021-04-12T07:30:00.000,I 85,I 85 and Sr 140,,Rear End,2,Clear,Dry,Daylight
2021-01-01T13:04:00.000,I 85,I 85 and Sr 140,,Sideswipe-Same Direction,3,Rain,Wet,Daylight
2021-07-02T10:34:00.000,I 85,I 85 and Sr 140,,Rear End,2,Rain,Wet,Daylight
2021-07-20T16:20:00.000,I 85,I 85 and Sr 140,,Rear End,2,Rain,Wet,Daylight
2021-09-21T06:30:00.000,I 85,I 85 and Sr 140,,Sideswipe-Same Direction,2,Cloudy,Wet,Dark-Lighted
2021-08-23T17:34:00.000,I 85,I 85 and Sr 140,,Sideswipe-Same Direction,2,Clear,Dry,Daylight
2021-08-23T18:21:00.000,I 85,I 85 and Sr 140,,Rear End,2,Clear,Dry,Daylight
2021-08-23T16:15:00.000,I 85,I 85 and Sr 140,,Sideswipe-Same Direction,2,Clear,Dry,Daylight
2021-09-17T06:50:00.000,I 85,I 85 and Sr 140,,Not a Collision with Motor Vehicle,1,Rain,Wet,Daylight
2021-08-02T17:00:00.000,I 85,I 85 and Sr 140,,Sideswipe-Same Direction,2,Clear,Dry,Daylight
2021-08-19T17:11:00.000,I 85,I 85 and Sr 140,,Rear End,4,Rain,Wet,Daylight
2021-09-10T18:30:00.000,I 85,I 85 and Sr 140,,Rear End,3,Clear,Dry,Daylight
2021-05-31T16:20:00.000,I 85,I 85 and Sr 140,,Not a Collision with Motor Vehicle,2,Clear,Dry,Daylight
2021-03-12T17:10:00.000,I 85,I 85 and Sr 140,,Rear End,2,Cloudy,Dry,Daylight
2021-01-27T07:05:00.000,Sr 140,I 85 and Sr 140,,Sideswipe-Same Direction,2,Rain,Wet,Daylight
2021-01-07T17:00:00.000,I 85,I 85 and Sr 140,,Rear End,2,Rain,Wet,Daylight
2021-02-23T16:09:00.000,I 85,I 85 and Sr 140,,Sideswipe-Same Direction,2,Clear,Dry,Daylight
2021-02-25T19:26:00.000,I 85,I 85 and Sr 140,,Rear End,2,Clear,Dry,Dark-Lighted
2021-04-04T17:33:00.000,I 85,I 85 and Sr 140,,Rear End,2,Clear,Dry,Daylight
2021-04-30T10:12:00.000,I 85,I 85 and Sr 140,,Not a Collision with Motor Vehicle,1,Cloudy,Dry,Daylight
2021-09-20T14:55:00.000,I 85,I 85 and Sr 140,,Rear End,2,Rain,Wet,Daylight
2021-07-19T18:10:00.000,I 85,I 85 and Sr 140,,Rear End,2,Rain,Wet,Daylight
2021-12-03T07:35:00.000,I 85,I 85 and Sr 140,,Rear End,2,Clear,Dry,Daylight
2021-08-30T15:22:00.000,I 85,I 85 and Sr 140,,Rear End,2,Clear,Dry,Daylight
2021-07-30T13:00:00.000,I 85,I 85 and Sr 140,,Rear End,2,Clear,Dry,Daylight
2021-10-05T06:30:00.000,I 85,I 85 and Sr 140,,Not a Collision with Motor Vehicle,1,Rain,Wet,Dark-Lighted
2021-08-19T15:21:00.000,I 85,I 85 and Sr 140,,Rear End,3,Rain,Wet,Daylight
2021-09-02T14:19:00.000,I 85,I 85 and Sr 140,,Rear End,2,Clear,Dry,Daylight
2021-07-26T13:00:00.000,I 85,I 85 and Sr 140,,Rear End,3,Clear,Dry,Daylight
2021-08-09T17:58:00.000,I 85,I 85 and Sr 140,,Sideswipe-Same Direction,2,Clear,Dry,Daylight
2021-07-26T17:17:00.000,I 85,I 85 and Sr 140,,Sideswipe-Same Direction,2,Clear,Dry,Daylight
2021-07-27T14:33:00.000,I 85,I 85 and Sr 140,,Sideswipe-Same Direction,2,Clear,Dry,Daylight
2021-10-28T12:05:00.000,I 85,I 85 and Sr 140,,Rear End,4,Rain,Wet,Daylight
2021-10-25T06:00:00.000,I 85,I 85 and Sr 140,,Not a Collision with Motor Vehicle,2,Clear,Dry,Daylight
2021-06-21T11:47:00.000,I 85,I 85 and Sr 140,,Rear End,3,Cloudy,Dry,Daylight
2021-04-13T09:20:00.000,I 85,I 85 and Sr 140,,Sideswipe-Same Direction,2,Clear,Dry,Daylight
2021-04-22T19:25:00.000,I 85,I 85 and Sr 140,,Sideswipe-Same Direction,2,Clear,Dry,Daylight
2021-01-08T18:42:00.000,I 85,I 85 and Sr 140,,Rear End,2,Cloudy,Dry,Daylight
2021-04-23T13:48:00.000,I 85,I 85 and Sr 140,,Rear End,2,Clear,Dry,Daylight
2021-04-16T17:05:00.000,I 85,I 85 and Sr 140,,Sideswipe-Same Direction,2,Clear,Dry,Daylight
2021-03-10T17:36:00.000,I 85,I 85 and Sr 140,,Not a Collision with Motor Vehicle,1,Clear,Dry,Daylight
2021-02-15T15:00:00.000,I 85,I 85 and Sr 140,,Rear End,2,Rain,Wet,Daylight
2021-06-12T23:35:00.000,I 85,I 85 and Sr 140,,Rear End,2,Clear,Dry,Dark-Not Lighted
2021-02-08T17:42:00.000,I 85,I 85 and Sr 140,,Rear End,3,Clear,Dry,Daylight
2021-03-12T11:30:00.000,I 85,I 85 and Sr 140,,Rear End,2,Clear,Dry,Daylight
2021-01-14T19:50:00.000,I 85,I 85 and Sr 140,,Sideswipe-Same Direction,3,Clear,Wet,Dark-Not Lighted
2021-04-06T19:00:00.000,I 85,I 85 and Sr 140,,Rear End,2,Clear,Dry,Daylight
2020-11-01T21:00:00.000,I 85,I 85 and Sr 140,,Rear End,2,Clear,Dry,Daylight
2020-01-15T10:25:00.000,I 85,I 85 and Sr 140,,Rear End,2,Cloudy,Wet,Daylight
2020-01-07T16:50:00.000,I 85,I 85 and Sr 140,,Rear End,2,Clear,Dry,Daylight
2020-10-20T15:47:00.000,I 85,I 85 and Sr 140,,Rear End,2,Clear,Dry,Daylight
2020-10-23T11:23:00.000,I 85,I 85 and Sr 140,,Rear End,2,Clear,Dry,Daylight
2020-07-30T18:49:00.000,I 85,I 85 and Sr 140,,Rear End,3,Clear,Wet,Daylight
2020-12-21T16:20:00.000,I 85,I 85 and Sr 140,,Rear End,5,Clear,Dry,Daylight
2020-02-10T13:20:00.000,I 85,I 85 and Sr 140,,Rear End,2,Rain,Wet,Daylight
2023-01-02T17:06:00.000,I 85,I 85 and Sr 140,,Sideswipe-Same Direction,2,Cloudy,Wet,Daylight
2023-05-11T06:28:00.000,I 85,I 85 and Sr 140,,Sideswipe-Same Direction,2,Cloudy,Wet,Dark-Lighted
2023-07-28T16:13:00.000,I 85,I 85 and Sr 140,,Sideswipe-Same Direction,2,Clear,Dry,Daylight
2023-04-10T11:55:00.000,I 85,I 85 and Sr 140,,Rear End,2,Clear,Dry,Daylight