Date and Time,Roadway (From Crash Report),Intersection Name (from Crash Report),KABCO Severity,Manner of Collision (Crash Level) ,# of Vehicles per crash ,Weather Conditions (Crash Level),Surface Condition (Crash Level) ,Light Conditions (Crash Level)
2023-03-09T19:34:00.000,I 85,I 85 and Sr 140,,Sideswipe-Same Direction,2,Cloudy,Dry,Dark-Lighted
2023-10-16T06:50:00.000,I 85,I 85 and Sr 140,,Rear End,2,Clear,Dry,Dark-Lighted
2023-03-10T12:28:00.000,I 85,I 85 and Sr 140,,Rear End,2,Cloudy,Dry,Daylight
2023-07-25T07:48:00.000,I 85,I 85 and Sr 140,,Sideswipe-Same Direction,2,Clear,Dry,Daylight
2023-06-26T18:51:00.000,I 85,I 85 and Sr 140,,Rear End,2,Clear,Dry,Daylight
2023-02-14T19:00:00.000,I 85,I 85 and Sr 140,,Sideswipe-Same Direction,2,Cloudy,Dry,Dark-Lighted
2023-01-24T19:38:00.000,I 85,I 85 and Sr 140,,Rear End,2,Clear,Dry,Dusk
2023-02-06T15:00:00.000,I 85,I 85 and Sr 140,,Rear End,2,Clear,Dry,Daylight
2023-03-03T13:15:00.000,I 85,I 85 and Sr 140,,Rear End,2,Cloudy,Wet,Daylight
2023-11-21T16:18:00.000,I 85,I 85 and Sr 140,,Rear End,2,Cloudy,Wet,Daylight
2023-04-24T16:25:00.000,I 85,I 85 and Sr 140,,Sideswipe-Same Direction,4,Clear,Dry,Daylight
2023-03-03T18:55:00.000,I 85,I 85 and Sr 140,,Sideswipe-Same Direction,2,Cloudy,Dry,Dusk
2023-08-29T17:19:00.000,I 85,I 85 and Sr 140,,Rear End,2,Clear,Dry,Daylight
2023-12-11T17:13:00.000,I 85,I 85 and Sr 140,,Rear End,2,Clear,Dry,Daylight
2023-08-18T13:50:00.000,I 85,I 85 and Sr 140,,Rear End,2,Clear,Dry,Daylight
2023-08-04T17:20:00.000,I 85,I 85 and Sr 140,,Rear End,2,Clear,Dry,Daylight
2023-03-31T17:56:00.000,I 85,I 85 and Sr 140,,Rear End,2,Clear,Dry,Daylight
2023-03-30T12:47:00.000,I 85,I 85 and Sr 140,,Not a Collision with Motor Vehicle,1,Clear,Dry,Daylight
2023-06-13T06:02:00.000,I 85,I 85 and Sr 140,,Sideswipe-Same Direction,2,Clear,Dry,Dark-Lighted
2023-03-24T14:06:00.000,I 85,I 85 and Sr 140,,Rear End,3,Clear,Dry,Daylight
2023-03-13T13:50:00.000,I 85,I 85 and Sr 140,,Rear End,2,Cloudy,Dry,Daylight
2023-05-04T16:15:00.000,I 85,I 85 and Sr 140,,Sideswipe-Same Direction,3,Clear,Dry,Daylight
2023-04-07T14:23:00.000,I 85,I 85 and Sr 140,,Rear End,2,Clear,Dry,Daylight
2023-09-14T17:01:00.000,I 85,I 85 and Sr 140,,Rear End,2,Rain,Wet,Daylight
2023-02-06T19:30:00.000,I 85,I 85 and Sr 140,,Not a Collision with Motor Vehicle,1,Cloudy,Dry,Dusk
2022-02-24T16:00:00.000,I 85,I 85 and Sr 140,,Rear End,2,Clear,Dry,Daylight
2022-04-12T09:36:00.000,I 85,I 85 and Sr 140,,Rear End,2,Clear,Dry,Daylight
2022-08-05T17:04:00.000,I 85,I 85 and Sr 140,,Rear End,2,Clear,Dry,Daylight
2020-09-09T18:50:00.000,I 85,I 85 and Sr 140,,Rear End,2,Clear,Dry,Daylight
2021-05-03T15:10:00.000,I 85,I 85 and Sr 140,,Rear End,3,Rain,Wet,Daylight
2021-03-02T15:10:00.000,I 85,I 85 and Sr 140,,Sideswipe-Same Direction,2,Cloudy,Dry,Daylight
2020-11-30T14:55:00.000,I 85,I 85 and Sr 140,,Rear End,2,Cloudy,Wet,Daylight
2020-07-28T07:01:00.000,I 85,I 85 and Sr 140,,Rear End,2,Clear,Dry,Daylight
2020-11-24T10:00:00.000,I 85,I 85 and Sr 140,,Rear End,2,Clear,Dry,Daylight
2021-04-15T13:38:00.000,I 85,I 85 and Sr 140,,Rear End,3,Cloudy,Dry,Daylight
2020-11-11T15:11:00.000,I 85,I 85 and Sr 140,,Rear End,2,Cloudy,Wet,Daylight
2020-01-29T15:45:00.000,I 85,I 85 and Sr 140,,Rear End,2,Cloudy,Dry,Daylight
2020-01-14T18:22:00.000,I 85,I 85 and Sr 140,,Rear End,2,Rain,Wet,Dark-Lighted
2020-09-04T14:07:00.000,I 85,I 85 and Sr 140,,Rear End,2,Clear,Dry,Daylight
2020-04-27T15:20:00.000,I 85,I 85 and Sr 140,,Sideswipe-Same Direction,2,Clear,Dry,Daylight
2020-08-21T15:42:00.000,I 85,I 85 and Sr 140,,Rear End,3,Clear,Dry,Daylight
2020-06-24T15:40:00.000,I 85,I 85 and Sr 140,,Rear End,2,Rain,Wet,Daylight
2020-01-08T08:51:00.000,I 85,I 85 and Sr 140,,Rear End,2,Clear,Dry,Daylight
2020-12-23T15:20:00.000,I 85,I 85 and Sr 140,,Sideswipe-Same Direction,2,Cloudy,Dry,Daylight
2020-02-13T15:58:00.000,I 85,I 85 and Sr 140,,Sideswipe-Same Direction,3,Cloudy,Dry,Daylight
2020-07-01T19:45:00.000,I 85,I 85 and Sr 140,,Rear End,2,Clear,Dry,Daylight
2020-10-28T13:15:00.000,Sr 140,I 85 and Sr 140,,Sideswipe-Same Direction,2,Cloudy,Dry,Daylight
2020-02-21T18:40:00.000,I 85,I 85 and Sr 140,,Rear End,2,Clear,Dry,Daylight
2020-10-28T18:31:00.000,I 85,I 85 and Sr 140,,Rear End,2,Cloudy,Dry,Dark-Lighted
2020-05-15T17:20:00.000,I 85,I 85 and Sr 140,,Sideswipe-Same Direction,3,Clear,Dry,Daylight
2020-10-09T12:43:00.000,I 85,I 85 and Sr 140,,Rear End,2,Clear,Dry,Daylight
2020-12-31T14:40:00.000,I 85,I 85 and Sr 140,,Rear End,3,Rain,Wet,Daylight
2020-03-25T16:41:00.000,I 85,I 85 and Sr 140,,Rear End,2,Clear,Dry,Daylight
2020-12-22T13:55:00.000,I 85,I 85 and Sr 140,,Rear End,2,Clear,Dry,Daylight
2020-11-06T11:38:00.000,I 85,I 85 and Sr 140,,Sideswipe-Same Direction,2,Clear,Dry,Daylight
2020-12-30T16:36:00.000,I 85,I 85 and Sr 140,,Rear End,2,Cloudy,Dry,Daylight
2020-11-11T19:15:00.000,I 85,I 85 and Sr 140,,Sideswipe-Same Direction,2,Rain,Wet,Dark-Lighted
2020-01-15T11:05:00.000,Sr 140,I 85 and Sr 140,,Sideswipe-Same Direction,2,Cloudy,Dry,Daylight
2020-02-06T16:45:00.000,I 85,I 85 and Sr 140,,Rear End,2,Rain,Wet,Daylight
2020-06-03T09:43:00.000,I 85,I 85 and Sr 140,,Rear End,2,Clear,Dry,Daylight
2020-07-07T15:10:00.000,I 85,I 85 and Sr 140,,Rear End,2,Cloudy,Dry,Daylight
2020-02-04T14:29:00.000,I 85,I 85 and Sr 140,,Rear End,2,Clear,Dry,Daylight
2020-03-07T14:55:00.000,I 85,I 85 and Sr 140,,Angle Crash,2,Clear,Dry,Daylight
2020-02-25T17:45:00.000,I 85,I 85 and Sr 140,,Rear End,2,Clear,Dry,Daylight
2020-12-18T19:20:00.000,I 85,I 85 and Sr 140,,Sideswipe-Same Direction,3,Clear,Dry,Dark-Lighted
2020-06-09T14:30:00.000,I 85,I 85 and Sr 140,,Rear End,2,Rain,Wet,Daylight
2020-11-25T14:40:00.000,I 85,I 85 and Sr 140,,Sideswipe-Same Direction,2,Cloudy,Dry,Daylight
2020-07-17T15:20:00.000,I 85,I 85 and Sr 140,,Rear End,2,Clear,Dry,Daylight
2020-02-13T11:30:00.000,I 85,I 85 and Sr 140,,Rear End,2,Rain,Wet,Daylight
2020-08-12T17:36:00.000,I 85,I 85 and Sr 140,,Sideswipe-Same Direction,2,Clear,Dry,Daylight
2020-08-04T16:09:00.000,I 85,I 85 and Sr 140,,Rear End,2,Clear,Dry,Daylight
2020-10-20T15:48:00.000,I 85,I 85 and Sr 140,,Rear End,2,Clear,Dry,Daylight
2020-11-12T18:36:00.000,I 85,I 85 and Sr 140,,Rear End,2,Clear,Dry,Dark-Lighted
2020-08-25T11:05:00.000,I 85,I 85 and Sr 140,,Rear End,2,Rain,Wet,Daylight
2020-12-08T07:03:00.000,I 85,I 85 and Sr 140,,Sideswipe-Same Direction,2,Clear,Dry,Dark-Lighted
2020-08-06T06:49:00.000,I 85,I 85 and Sr 140,,Rear End,2,Clear,Dry,Daylight
2020-03-05T15:50:00.000,I 85,I 85 and Sr 140,,Rear End,2,Rain,Wet,Daylight
2020-03-06T09:00:00.000,I 85,I 85 and Sr 140,,Rear End,2,Clear,Dry,Daylight
2020-03-25T18:00:00.000,I 85,I 85 and Sr 140,,Rear End,2,Clear,Dry,Daylight
2020-11-11T16:31:00.000,I 85,I 85 and Sr 140,,Rear End,2,Cloudy,Wet,Daylight
2020-06-09T14:30:00.000,I 85,I 85 and Sr 140,,Rear End,3,Rain,Wet,Daylight
2020-02-06T15:32:00.000,I 85,I 85 and Sr 140,,Sideswipe-Same Direction,2,Rain,Wet,Daylight
2020-11-20T15:10:00.000,I 85,I 85 and Sr 140,,Sideswipe-Same Direction,2,Clear,Dry,Daylight
2020-01-18T13:56:00.000,I 85,I 85 and Sr 140,,Rear End,3,Clear,Wet,Daylight
2020-12-10T07:50:00.000,I 85,I 85 and Sr 140,,Not a Collision with Motor Vehicle,1,Clear,Dry,Daylight
2020-12-22T13:11:00.000,I 85,I 85 and Sr 140,,Rear End,2,Clear,Dry,Daylight
2020-10-30T14:22:00.000,I 85,I 85 and Sr 140,,Rear End,3,Clear,Dry,Daylight
2020-11-11T16:51:00.000,I 85,I 85 and Sr 140,,Rear End,2,Cloudy,Wet,Daylight
2020-08-03T13:32:00.000,I 85,I 85 and Sr 140,,Rear End,2,Rain,Wet,Daylight
2020-07-31T15:33:00.000,I 85,I 85 and Sr 140,,Sideswipe-Same Direction,2,Clear,Dry,Daylight
2020-02-25T06:21:00.000,I 85,I 85 and Sr 140,,Sideswipe-Same Direction,2,Rain,Wet,Dark-Lighted
2020-11-12T19:38:00.000,I 85,I 85 and Sr 140,,Sideswipe-Same Direction,2,Clear,Dry,Daylight
2020-06-26T14:19:00.000,I 85,I 85 and Sr 140,,Sideswipe-Same Direction,2,Cloudy,Dry,Daylight
2020-02-12T06:55:00.000,I 85,I 85 and Sr 140,,Rear End,2,Cloudy,Wet,Dark-Lighted
2020-09-21T09:15:00.000,I 85,I 85 and Sr 140,,Rear End,2,Clear,Dry,Daylight
2020-08-07T17:30:00.000,I 85,I 85 and Sr 140,,Sideswipe-Same Direction,2,Clear,Wet,Daylight
2020-09-11T17:53:00.000,I 85,I 85 and Sr 140,,Rear End,2,Clear,Dry,Daylight
2020-01-17T15:53:00.000,I 85,I 85 and Sr 140,,Not a Collision with Motor Vehicle,2,Clear,Dry,Daylight
2020-12-31T14:40:00.000,I 85,I 85 and Sr 140,,Rear End,2,Rain,Wet,Daylight
2020-12-29T08:25:00.000,I 85,I 85 and Sr 140,,Not a Collision with Motor Vehicle,1,Clear,Dry,Daylight
2020-10-06T14:43:00.000,I 85,I 85 and Sr 140,,Sideswipe-Same Direction,2,Clear,Dry,Daylight
2020-01-31T14:12:00.000,I 85,I 85 and Sr 140,,Sideswipe-Same Direction,2,Clear,Dry,Daylight
2020-11-06T16:00:00.000,I 85,I 85 and Sr 140,,Angle Crash,4,Clear,Dry,Daylight
2020-11-20T12:48:00.000,I 85,I 85 and Sr 140,,Sideswipe-Same Direction,2,Clear,Dry,Daylight
2020-06-25T18:05:00.000,I 85,I 85 and Sr 140,,Sideswipe-Same Direction,2,Cloudy,Dry,Daylight
2020-10-30T15:07:00.000,I 85,I 85 and Sr 140,,Sideswipe-Same Direction,2,Clear,Dry,Daylight
2020-11-06T12:54:00.000,I 85,I 85 and Sr 140,,Rear End,2,Clear,Dry,Daylight
2020-03-05T18:58:00.000,I 85,I 85 and Sr 140,,Rear End,3,Cloudy,Wet,Dark-Lighted
2020-10-19T17:11:00.000,I 85,I 85 and Sr 140,,Rear End,3,Clear,Dry,Daylight
2020-12-10T10:06:00.000,Sr 140,I 85 and Sr 140,,Angle Crash,2,Clear,Dry,Daylight
2020-09-23T18:59:00.000,I 85,I 85 and Sr 140,,Sideswipe-Same Direction,2,Clear,Dry,Daylight
2020-02-26T14:10:00.000,I 85,I 85 and Sr 140,,Rear End,3,Cloudy,Dry,Daylight
2020-11-27T17:10:00.000,I 85,I 85 and Sr 140,,Sideswipe-Same Direction,2,Clear,Dry,Daylight
2020-07-30T15:24:00.000,I 85,I 85 and Sr 140,,Rear End,4,Clear,Dry,Daylight
2020-12-02T20:19:00.000,Sr 140,I 85 and Sr 140,,Sideswipe-Same Direction,2,Clear,Dry,Daylight
2020-01-07T09:12:00.000,I 85,I 85 and Sr 140,,Sideswipe-Same Direction,2,Clear,Dry,Daylight
2020-10-16T13:35:00.000,I 85,I 85 and Sr 140,,Sideswipe-Same Direction,2,Clear,Dry,Daylight
2020-12-21T14:50:00.000,I 85,I 85 and Sr 140,,Sideswipe-Same Direction,2,Clear,Dry,Daylight
2020-08-20T14:35:00.000,I 85,I 85 and Sr 140,,Rear End,2,Rain,Wet,Daylight
2020-06-10T14:53:00.000,I 85,I 85 and Sr 140,,Rear End,2,Clear,Dry,Daylight
2020-02-13T19:09:00.000,I 85,I 85 and Sr 140,,Sideswipe-Same Direction,2,Clear,Dry,Dark-Lighted
2020-01-24T17:13:00.000,Sr 140,I 85 and Sr 140,,Rear End,3,Cloudy,Dry,Daylight
2020-11-20T18:30:00.000,I 85,I 85 and Sr 140,,Rear End,2,Clear,Dry,Dark-Lighted
2020-12-21T14:40:00.000,I 85,I 85 and Sr 140,,Rear End,2,Clear,Dry,Daylight
2020-09-18T14:42:00.000,I 85,I 85 and Sr 140,,Rear End,3,Clear,Dry,Daylight
2020-09-14T07:59:00.000,I 85,I 85 and Sr 140,,Sideswipe-Same Direction,2,Clear,Dry,Daylight
2020-12-09T11:27:00.000,I 85,I 85 and Sr 140,,Sideswipe-Same Direction,3,Clear,Dry,Daylight
2020-01-22T18:36:00.000,I 85,I 85 and Sr 140,,Rear End,2,Clear,Dry,Dark-Lighted
2020-07-14T15:55:00.000,I 85,I 85 and Sr 140,,Rear End,2,Clear,Dry,Daylight
2020-03-02T10:40:00.000,I 85,I 85 and Sr 140,,Rear End,2,Rain,Wet,Daylight
2020-11-23T14:10:00.000,I 85,I 85 and Sr 140,,Rear End,2,Clear,Dry,Daylight
2020-12-22T12:56:00.000,I 85,I 85 and Sr 140,,Rear End,2,Clear,Dry,Daylight
2020-12-14T15:40:00.000,I 85,I 85 and Sr 140,,Sideswipe-Same Direction,2,Clear,Dry,Daylight
2020-11-16T13:45:00.000,I 85,I 85 and Sr 140,,Not a Collision with Motor Vehicle,2,Clear,Dry,Daylight
2020-08-25T09:45:00.000,I 85,I 85 and Sr 140,,Sideswipe-Same Direction,2,Rain,Wet,Daylight
2020-02-24T14:05:00.000,I 85,I 85 and Sr 140,,Rear End,2,Rain,Wet,Daylight
2020-05-28T12:01:00.000,I 85,I 85 and Sr 140,,Rear End,2,Cloudy,Wet,Daylight
2020-03-17T07:19:00.000,I 85,I 85 and Sr 140,,Sideswipe-Same Direction,2,Clear,Dry,Daylight
2020-02-07T07:31:00.000,I 85,I 85 and Sr 140,,Sideswipe-Same Direction,2,Cloudy,Wet,Dawn
2020-07-06T17:30:00.000,I 85,I 85 and Sr 140,,Rear End,2,Rain,Wet,Daylight
2020-10-14T17:55:00.000,I 85,I 85 and Sr 140,,Rear End,2,Clear,Dry,Daylight
2020-12-11T12:55:00.000,I 85,I 85 and Sr 140,,Sideswipe-Same Direction,2,Clear,Dry,Daylight
2020-02-21T13:34:00.000,I 85,I 85 and Sr 140,,Sideswipe-Same Direction,2,Clear,Dry,Daylight
2020-08-24T06:41:00.000,I 85,I 85 and Sr 140,,Rear End,2,Rain,Wet,Daylight
2020-02-28T19:40:00.000,I 85,I 85 and Sr 140,,Rear End,3,Clear,Dry,Dark-Lighted
2020-11-20T18:43:00.000,I 85,I 85 and Sr 140,,Sideswipe-Same Direction,2,Clear,Dry,Daylight
2020-03-03T17:20:00.000,I 85,I 85 and Sr 140,,Sideswipe-Same Direction,2,Clear,Dry,Daylight
2020-07-10T16:00:00.000,I 85,I 85 and Sr 140,,Sideswipe-Same Direction,2,Clear,Dry,Daylight
2020-11-27T17:42:00.000,I 85,I 85 and Sr 140,,Sideswipe-Same Direction,3,Clear,Dry,Dark-Lighted
2020-11-11T17:35:00.000,I 85,I 85 and Sr 140,,Rear End,2,Cloudy,Wet,Dusk
2020-11-13T15:54:00.000,I 85,I 85 and Sr 140,,Rear End,2,Clear,Dry,Daylight
2020-08-21T19:30:00.000,I 85,I 85 and Sr 140,,Sideswipe-Same Direction,2,Rain,Water (standing or moving),Daylight
2020-07-29T18:10:00.000,I 85,I 85 and Sr 140,,Rear End,8,Clear,Dry,Daylight
2020-05-30T12:15:00.000,I 85,I 85 and Sr 140,,Not a Collision with Motor Vehicle,1,Clear,Dry,Daylight
2020-12-22T14:24:00.000,I 85,I 85 and Sr 140,,Rear End,4,Clear,Dry,Daylight
2020-10-30T16:04:00.000,I 85,I 85 and Sr 140,,Rear End,2,Clear,Dry,Daylight
2020-12-31T14:41:00.000,I 85,I 85 and Sr 140,,Rear End,3,Rain,Dry,Daylight
2020-01-02T06:16:00.000,I 85,I 85 and Sr 140,,Rear End,2,Rain,Wet,Daylight
2020-01-21T06:25:00.000,I 85,I 85 and Sr 140,,Rear End,2,Clear,Dry,Dark-Lighted
2020-09-08T11:08:00.000,I 85,I 85 and Sr 140,,Rear End,2,Clear,Dry,Daylight
2020-11-30T14:52:00.000,I 85,I 85 and Sr 140,,Rear End,2,Rain,Wet,Daylight
2020-06-23T16:42:00.000,Sr 140,I 85 and Sr 140,,Sideswipe-Same Direction,2,Clear,Dry,Daylight
2020-12-23T17:44:00.000,I 85,I 85 and Sr 140,,Rear End,2,Cloudy,Dry,Dark-Lighted
2020-11-09T12:54:00.000,Sr 140,I 85 and Sr 140,,Sideswipe-Same Direction,2,Clear,Dry,Daylight
2020-02-06T14:45:00.000,I 85,I 85 and Sr 140,,Not a Collision with Motor Vehicle,1,Rain,Wet,Daylight
2020-02-17T14:52:00.000,I 85,I 85 and Sr 140,,Rear End,2,Cloudy,Dry,Daylight
2020-02-11T16:02:00.000,Sr 140,I 85 and Sr 140,,Sideswipe-Same Direction,2,Cloudy,Dry,Daylight
2020-06-08T14:20:00.000,I 85,I 85 and Sr 140,,Rear End,2,Clear,Dry,Daylight
2020-03-16T16:05:00.000,I 85,I 85 and Sr 140,,Rear End,2,Cloudy,Dry,Daylight
2020-11-20T12:50:00.000,I 85,I 85 and Sr 140,,Rear End,2,Clear,Dry,Daylight
2020-03-02T11:00:00.000,I 85,I 85 and Sr 140,,Sideswipe-Same Direction,2,Clear,Dry,Daylight
2020-01-17T14:20:00.000,I 85,I 85 and Sr 140,,Rear End,4,Cloudy,Dry,Daylight
2020-11-03T14:10:00.000,I 85,I 85 and Sr 140,,Rear End,2,Clear,Dry,Daylight
2020-03-26T09:30:00.000,I 85,I 85 and Sr 140,,Rear End,1,Cloudy,Dry,Daylight
2020-11-10T07:48:00.000,I 85,I 85 and Sr 140,,Sideswipe-Same Direction,2,Clear,Dry,Daylight
2020-11-11T14:30:00.000,I 85,I 85 and Sr 140,,Rear End,2,Clear,Dry,Daylight
2020-03-05T17:29:00.000,I 85,I 85 and Sr 140,,Not a Collision with Motor Vehicle,1,Cloudy,Wet,Daylight
2020-11-11T14:30:00.000,I 85,I 85 and Sr 140,,Sideswipe-Same Direction,4,Cloudy,Wet,Daylight
2020-10-30T15:53:00.000,I 85,I 85 and Sr 140,,Rear End,2,Clear,Dry,Daylight
2020-10-20T15:48:00.000,I 85,I 85 and Sr 140,,Rear End,2,Clear,Dry,Daylight
2020-01-27T09:24:00.000,I 85,I 85 and Sr 140,,Rear End,2,Clear,Dry,Daylight
2020-01-07T07:28:00.000,I 85,I 85 and Sr 140,,Sideswipe-Same Direction,2,Clear,Dry,Daylight
2020-10-23T09:01:00.000,I 85,I 85 and Sr 140,,Sideswipe-Same Direction,2,Clear,Dry,Daylight
2020-10-27T14:58:00.000,I 85,I 85 and Sr 140,,Rear End,2,Cloudy,Dry,Daylight
2020-10-30T15:17:00.000,I 85,I 85 and Sr 140,,Rear End,2,Clear,Dry,Daylight
2020-08-27T09:11:00.000,I 85,I 85 and Sr 140,,Sideswipe-Same Direction,2,Clear,Dry,Daylight
2020-11-23T09:52:00.000,I 85,I 85 and Sr 140,,Rear End,4,Clear,Dry,Daylight
2020-02-07T15:29:00.000,I 85,I 85 and Sr 140,,Sideswipe-Same Direction,2,Cloudy,Dry,Daylight
2020-07-17T16:22:00.000,I 85,I 85 and Sr 140,,Rear End,2,Clear,Dry,Daylight
2020-02-24T16:30:00.000,I 85,I 85 and Sr 140,,Rear End,2,Rain,Wet,Daylight
2021-06-14T13:13:00.000,I 85,I 85 and Sr 140,,Rear End,2,Clear,Dry,Daylight
2021-04-20T11:51:00.000,I 85,I 85 and Sr 140,,Sideswipe-Same Direction,3,Cloudy,Dry,Daylight
2021-03-10T16:20:00.000,I 85,I 85 and Sr 140,,Rear End,2,Clear,Dry,Daylight
2021-01-27T09:40:00.000,I 85,I 85 and Sr 140,,Sideswipe-Same Direction,3,Clear,Dry,Daylight
2021-05-13T18:48:00.000,I 85,I 85 and Sr 140,,Rear End,2,Clear,Dry,Daylight
2021-04-15T17:53:00.000,I 85,I 85 and Sr 140,,Rear End,4,Clear,Dry,Daylight
2021-06-29T10:30:00.000,I 85,I 85 and Sr 140,,Rear End,2,Rain,Wet,Daylight
2021-01-14T20:20:00.000,I 85,I 85 and Sr 140,,Rear End,2,Clear,Dry,Dark-Lighted
2021-03-26T15:10:00.000,I 85,I 85 and Sr 140,,Rear End,4,Clear,Dry,Daylight
2021-03-23T19:20:00.000,I 85,I 85 and Sr 140,,Rear End,2,Clear,Dry,Daylight
2021-05-17T16:19:00.000,I 85,I 85 and Sr 140,,Rear End,4,Clear,Dry,Daylight
2021-01-29T18:55:00.000,Sr 140,I 85 and Sr 140,,Sideswipe-Same Direction,2,Clear,Dry,Dark-Lighted
2021-02-10T14:26:00.000,I 85,I 85 and Sr 140,,Rear End,3,Cloudy,Dry,Daylight
2021-04-22T16:45:00.000,I 85,I 85 and Sr 140,,Sideswipe-Same Direction,2,Clear,Dry,Daylight
2021-02-25T08:15:00.000,I 85,I 85 and Sr 140,,Rear End,2,Clear,Dry,Daylight
2021-05-11T16:12:00.000,I 85,I 85 and Sr 140,,Sideswipe-Same Direction,2,Clear,Dry,Daylight
2021-03-29T16:35:00.000,I 85,I 85 and Sr 140,,Rear End,3,Clear,Dry,Daylight
2021-04-14T17:30:00.000,I 85,I 85 and Sr 140,,Rear End,2,Rain,Dry,Daylight
2021-03-08T15:14:00.000,I 85,I 85 and Sr 140,,Not a Collision with Motor Vehicle,1,Clear,Dry,Daylight
2021-05-21T12:55:00.000,I 85,I 85 and Sr 140,,Rear End,2,Clear,Dry,Daylight
2021-06-17T14:22:00.000,I 85,I 85 and Sr 140,,Rear End,2,Clear,Dry,Daylight
2021-06-17T14:50:00.000,I 85,I 85 and Sr 140,,Rear End,2,Clear,Dry,Daylight
2021-03-08T15:14:00.000,I 85,I 85 and Sr 140,,Not a Collision with Motor Vehicle,1,Clear,Dry,Daylight
2021-01-29T19:40:00.000,I 85,I 85 and Sr 140,,Rear End,2,Clear,Dry,Dark-Lighted
2021-03-26T15:10:00.000,I 85,I 85 and Sr 140,,Rear End,3,Clear,Dry,Daylight
2021-06-02T13:55:00.000,I 85,I 85 and Sr 140,,Rear End,2,Cloudy,Dry,Daylight
2021-01-28T15:52:00.000,I 85,I 85 and Sr 140,,Sideswipe-Same Direction,2,Clear,Dry,Daylight
2021-01-12T09:16:00.000,I 85,I 85 and Sr 140,,Rear End,2,Cloudy,Wet,Daylight
2021-05-08T06:00:00.000,I 85,I 85 and Sr 140,,Rear End,2,Clear,Dry,Dark-Not Lighted
2021-01-15T15:50:00.000,I 85,I 85 and Sr 140,,Rear End,2,Clear,Dry,Daylight
2021-02-25T18:13:00.000,I 85,I 85 and Sr 140,,Rear End,2,Clear,Dry,Daylight
2021-04-06T13:28:00.000,I 85,I 85 and Sr 140,,Sideswipe-Same Direction,3,Clear,Dry,Daylight
2021-03-30T16:30:00.000,I 85,I 85 and Sr 140,,Rear End,2,Clear,Dry,Daylight
2021-07-20T17:12:00.000,I 85,I 85 and Sr 140,,Rear End,2,Rain,Wet,Daylight
2021-10-21T16:50:00.000,I 85,I 85 and Sr 140,,Sideswipe-Same Direction,2,Clear,Dry,Daylight
2021-08-23T18:37:00.000,I 85,I 85 and Sr 140,,Sideswipe-Same Direction,2,Clear,Dry,Daylight
2021-09-21T09:30:00.000,I 85,I 85 and Sr 140,,Rear End,3,Cloudy,Wet,Daylight
2021-12-02T13:25:00.000,I 85,I 85 and Sr 140,,Rear End,2,Clear,Dry,Daylight
2021-07-27T17:55:00.000,I 85,I 85 and Sr 140,,Sideswipe-Same Direction,2,Rain,Wet,Daylight
2021-07-20T17:10:00.000,I 85,I 85 and Sr 140,,Rear End,3,Cloudy,Wet,Daylight
2021-09-03T16:29:00.000,I 85,I 85 and Sr 140,,Rear End,2,Clear,Dry,Daylight
2021-07-16T12:25:00.000,I 85,I 85 and Sr 140,,Rear End,2,Clear,Dry,Daylight
2021-09-23T12:30:00.000,I 85,I 85 and Sr 140,,Sideswipe-Same Direction,2,Clear,Dry,Daylight
2021-08-09T14:28:00.000,I 85,I 85 and Sr 140,,Rear End,3,Clear,Dry,Daylight
2021-12-23T18:17:00.000,I 85,I 85 and Sr 140,,Rear End,2,Clear,Dry,Daylight
2021-10-04T12:33:00.000,I 85,I 85 and Sr 140,,Sideswipe-Same Direction,2,Cloudy,Wet,Daylight
2021-10-22T12:05:00.000,I 85,I 85 and Sr 140,,Rear End,2,Clear,Dry,Daylight
2021-08-06T16:30:00.000,I 85,I 85 and Sr 140,,Rear End,2,Clear,Dry,Daylight
2021-11-02T17:42:00.000,I 85,I 85 and Sr 140,,Sideswipe-Same Direction,2,Clear,Dry,Daylight
2021-10-05T10:58:00.000,I 85,I 85 and Sr 140,,Rear End,2,Rain,Wet,Daylight
2021-09-01T15:08:00.000,I 85,I 85 and Sr 140,,Sideswipe-Same Direction,2,Clear,Dry,Daylight
2021-10-26T22:12:00.000,I 85,I 85 and Sr 140,,Rear End,2,Clear,Dry,Dark-Lighted
2021-12-27T18:40:00.000,I 85,I 85 and Sr 140,,Rear End,5,Clear,Dry,Dark-Lighted
2021-08-14T19:42:00.000,I 85,I 85 and Sr 140,,Rear End,3,Cloudy,Dry,Dark-Lighted
2021-12-27T11:15:00.000,I 85,I 85 and Sr 140,,Rear End,2,Cloudy,Dry,Daylight
2021-08-05T13:50:00.000,I 85,I 85 and Sr 140,,Not a Collision with Motor Vehicle,1,Clear,Dry,Daylight
2021-11-29T16:44:00.000,I 85,I 85 and Sr 140,,Sideswipe-Same Direction,2,Clear,Dry,Daylight
2021-12-14T15:21:00.000,I 85,I 85 and Sr 140,,Rear End,2,Clear,Dry,Daylight
2021-09-21T16:22:00.000,I 85,I 85 and Sr 140,,Rear End,2,Clear,Dry,Daylight
2021-07-14T17:45:00.000,Sr 140,I 85 and Sr 140,,Sideswipe-Same Direction,2,Clear,Dry,Daylight
2021-09-28T16:20:00.000,I 85,I 85 and Sr 140,,Sideswipe-Same Direction,2,Clear,Dry,Daylight
2021-08-24T14:25:00.000,I 85,I 85 and Sr 140,,Angle Crash,3,Clear,Dry,Daylight
2021-07-15T15:48:00.000,I 85,I 85 and Sr 140,,Rear End,2,Clear,Dry,Daylight
2021-10-01T12:35:00.000,I 85,I 85 and Sr 140,,Sideswipe-Same Direction,3,Clear,Dry,Daylight
2022-10-13T17:25:00.000,I 85,I 85 and Sr 140,,Sideswipe-Same Direction,2,Clear,Dry,Daylight
2021-11-10T16:22:00.000,I 85,I 85 and Sr 140,,Rear End,2,Clear,Dry,Daylight
2021-07-15T15:20:00.000,I 85,I 85 and Sr 140,,Sideswipe-Same Direction,2,Clear,Dry,Daylight
2021-07-13T22:25:00.000,I 85,I 85 and Sr 140,,Sideswipe-Same Direction,2,Cloudy,Dry,Dark-Not Lighted
2021-08-30T18:15:00.000,I 85,I 85 and Sr 140,,Sideswipe-Same Direction,2,Rain,Wet,Daylight