Date and Time,Roadway (From Crash Report),Intersection Name (from Crash Report),KABCO Severity,Manner of Collision (Crash Level) ,# of Vehicles per crash ,Weather Conditions (Crash Level),Surface Condition (Crash Level) ,Light Conditions (Crash Level)
2021-10-15T10:05:00.000,I 85,I 85 and Sr 140,,Rear End,2,Clear,Dry,Daylight
2021-10-01T00:00:00.000,I 85,I 85 and Sr 140,,Rear End,3,Clear,Dry,Daylight
2021-08-17T13:30:00.000,I 85,I 85 and Sr 140,,Rear End,3,Rain,Wet,Daylight
2021-11-24T10:50:00.000,I 85,I 85 and Sr 140,,Sideswipe-Same Direction,2,Clear,Dry,Daylight
2022-12-20T07:20:00.000,I 85,I 85 and Sr 140,,Sideswipe-Same Direction,2,Cloudy,Wet,Dark-Lighted
2022-06-13T14:05:00.000,I 85,I 85 and Sr 140,,Rear End,2,Clear,Dry,Daylight
2022-04-25T09:32:00.000,I 85,I 85 and Sr 140,,Rear End,2,Clear,Dry,Daylight
2022-05-31T15:40:00.000,I 85,I 85 and Sr 140,,Rear End,2,Clear,Dry,Daylight
2022-01-27T09:28:00.000,I 85,I 85 and Sr 140,,Rear End,2,Clear,Dry,Daylight
2022-10-13T14:56:00.000,I 85,I 85 and Sr 140,,Rear End,2,Clear,Dry,Daylight
2022-06-09T14:43:00.000,I 85,I 85 and Sr 140,,Rear End,2,Clear,Dry,Daylight
2022-05-27T12:35:00.000,I 85,I 85 and Sr 140,,Rear End,2,Clear,Dry,Daylight
2022-01-27T08:01:00.000,I 85,I 85 and Sr 140,,Rear End,2,Clear,Dry,Daylight
2022-04-25T09:07:00.000,I 85,I 85 and Sr 140,,Rear End,2,Clear,Dry,Daylight
2022-10-24T18:25:00.000,Sr 140,I 85 and Sr 140,,Sideswipe-Same Direction,2,Clear,Dry,Daylight
2022-11-02T10:25:00.000,I 85,I 85 and Sr 140,,Sideswipe-Same Direction,2,Cloudy,Dry,Daylight
2022-06-17T15:00:00.000,I 85,I 85 and Sr 140,,Rear End,3,Clear,Dry,Daylight
2022-03-08T17:25:00.000,I 85,I 85 and Sr 140,,Rear End,2,Rain,Wet,Daylight
2022-03-11T14:30:00.000,Sr 140,I 85 and Sr 140,,Sideswipe-Same Direction,2,Cloudy,Dry,Daylight
2022-08-25T14:54:00.000,I 85,I 85 and Sr 140,,Rear End,2,Cloudy,Dry,Daylight
2022-02-04T18:06:00.000,I 85,I 85 and Sr 140,,Angle Crash,2,Cloudy,Dry,Dark-Lighted
2022-12-20T07:30:00.000,I 85,I 85 and Sr 140,,Sideswipe-Same Direction,2,Cloudy,Wet,Daylight
2022-09-24T20:26:00.000,I 85,I 85 and Sr 140,,Rear End,2,Clear,Dry,Dark-Lighted
2022-06-23T17:30:00.000,I 85,I 85 and Sr 140,,Sideswipe-Same Direction,2,Clear,Dry,Daylight
2022-05-31T13:00:00.000,I 85,I 85 and Sr 140,,Rear End,2,Clear,Dry,Daylight
2022-09-27T06:21:00.000,I 85,I 85 and Sr 140,,Sideswipe-Same Direction,2,Clear,Dry,Dark-Lighted
2022-03-22T12:48:00.000,I 85,I 85 and Sr 140,,Rear End,2,Clear,Dry,Daylight
2021-08-03T12:45:00.000,I 85,I 85 and Sr 140,,Sideswipe-Same Direction,2,Clear,Dry,Daylight
2021-08-19T15:52:00.000,I 85,I 85 and Sr 140,,Rear End,2,Clear,Wet,Daylight
2021-10-05T17:54:00.000,I 85,I 85 and Sr 140,,Rear End,2,Cloudy,Dry,Daylight
2022-01-07T15:52:00.000,I 85,I 85 and Sr 140,,Rear End,2,Clear,Dry,Daylight
2022-08-02T11:12:00.000,I 85,I 85 and Sr 140,,Rear End,2,Clear,Dry,Daylight
2022-02-22T11:20:00.000,I 85,I 85 and Sr 140,,Rear End,2,Cloudy,Wet,Daylight
2022-05-16T16:40:00.000,I 85,I 85 and Sr 140,,Rear End,2,Clear,Dry,Daylight
2022-07-22T15:55:00.000,Sr 140,I 85 and Sr 140,,Sideswipe-Same Direction,2,Clear,Dry,Daylight
2022-09-22T08:20:00.000,I 85,I 85 and Sr 140,,Rear End,2,Clear,Dry,Daylight
2022-07-04T18:20:00.000,I 85,I 85 and Sr 140,,Sideswipe-Same Direction,2,Cloudy,Dry,Daylight
2022-06-20T07:30:00.000,I 85,I 85 and Sr 140,,Rear End,2,Cloudy,Dry,Daylight
2022-07-08T13:37:00.000,I 85,I 85 and Sr 140,,Rear End,3,Clear,Dry,Daylight
2022-01-10T18:07:00.000,I 85,I 85 and Sr 140,,Rear End,2,Clear,Dry,Dark-Lighted
2022-07-12T18:06:00.000,I 85,I 85 and Sr 140,,Rear End,2,Clear,Dry,Daylight
2022-06-13T06:26:00.000,Sr 140,I 85 and Sr 140,,Rear End,2,Clear,Dry,Daylight
2022-01-22T16:23:00.000,I 85,I 85 and Sr 140,,Sideswipe-Same Direction,2,Cloudy,Dry,Daylight
2022-05-05T13:10:00.000,I 85,I 85 and Sr 140,,Rear End,2,Clear,Dry,Daylight
2022-07-07T13:03:00.000,I 85,I 85 and Sr 140,,Rear End,2,Clear,Dry,Daylight
2022-11-04T16:41:00.000,I 85,I 85 and Sr 140,,Rear End,2,Clear,Dry,Daylight
2022-10-11T09:46:00.000,I 85,I 85 and Sr 140,,Rear End,3,Cloudy,Dry,Daylight
2022-01-10T09:50:00.000,I 85,I 85 and Sr 140,,Rear End,2,Clear,Dry,Daylight
2022-03-31T15:50:00.000,I 85,I 85 and Sr 140,,Sideswipe-Same Direction,2,Clear,Dry,Daylight
2022-05-06T15:08:00.000,I 85,I 85 and Sr 140,,Rear End,3,Clear,Dry,Daylight
2022-09-20T10:20:00.000,I 85,I 85 and Sr 140,,Sideswipe-Same Direction,2,Clear,Dry,Daylight
2022-11-22T11:50:00.000,I 85,I 85 and Sr 140,,Sideswipe-Same Direction,2,Cloudy,Dry,Daylight
2022-09-02T15:18:00.000,I 85,I 85 and Sr 140,,Sideswipe-Same Direction,2,Cloudy,Dry,Daylight
2022-01-25T07:20:00.000,I 85,I 85 and Sr 140,,Sideswipe-Same Direction,4,Clear,Dry,Daylight
2022-09-12T12:24:00.000,I 85,I 85 and Sr 140,,Rear End,2,Clear,Dry,Daylight
2022-11-04T13:20:00.000,I 85,I 85 and Sr 140,,Rear End,2,Clear,Dry,Daylight
2022-02-14T14:18:00.000,I 85,I 85 and Sr 140,,Rear End,2,Clear,Dry,Daylight
2022-02-08T11:34:00.000,I 85,I 85 and Sr 140,,Sideswipe-Same Direction,2,Clear,Dry,Daylight
2022-09-16T12:40:00.000,I 85,I 85 and Sr 140,,Sideswipe-Same Direction,3,Cloudy,Dry,Daylight
2022-06-28T14:10:00.000,I 85,I 85 and Sr 140,,Sideswipe-Same Direction,2,Clear,Dry,Daylight
2022-02-14T12:05:00.000,I 85,I 85 and Sr 140,,Sideswipe-Same Direction,2,Clear,Dry,Daylight
2022-10-07T14:15:00.000,I 85,I 85 and Sr 140,,Rear End,2,Cloudy,Dry,Daylight
2022-04-19T18:28:00.000,I 85,I 85 and Sr 140,,Rear End,2,Clear,Dry,Daylight
2022-07-05T14:00:00.000,I 85,I 85 and Sr 140,,Rear End,2,Cloudy,Dry,Daylight
2022-03-29T15:45:00.000,I 85,I 85 and Sr 140,,Rear End,2,Clear,Dry,Daylight
2022-06-24T15:58:00.000,I 85,I 85 and Sr 140,,Rear End,2,Cloudy,Dry,Daylight
2022-12-05T13:28:00.000,I 85,I 85 and Sr 140,,Rear End,2,Rain,Wet,Daylight
2022-12-22T18:15:00.000,I 85,I 85 and Sr 140,,Rear End,2,Cloudy,Dry,Dark-Lighted
2022-04-05T17:00:00.000,I 85,I 85 and Sr 140,,Rear End,3,Cloudy,Wet,Daylight
2022-07-07T15:18:00.000,I 85,I 85 and Sr 140,,Sideswipe-Same Direction,4,Clear,Dry,Daylight
2022-04-29T17:42:00.000,I 85,I 85 and Sr 140,,Rear End,2,Clear,Dry,Daylight
2022-03-10T19:50:00.000,I 85,I 85 and Sr 140,,Rear End,2,Cloudy,Dry,Dark-Lighted
2022-08-30T17:15:00.000,I 85,I 85 and Sr 140,,Rear End,2,Rain,Wet,Daylight
2022-04-27T13:33:00.000,Sr 140,I 85 and Sr 140,,Angle Crash,2,Clear,Dry,Daylight
2023-03-03T18:55:00.000,I 85,I 85 and Sr 140,,Rear End,3,Cloudy,Dry,Dusk
2023-06-16T12:06:00.000,I 85,I 85 and Sr 140,,Rear End,2,Clear,Dry,Daylight
2024-12-31T16:25:00.000,I 85,I 85 and Sr 140,,Rear End,2,Clear,Dry,Daylight
2024-02-01T15:56:00.000,I 85,I 85 and Sr 140,,Sideswipe-Same Direction,2,Clear,Dry,Daylight
2024-12-12T11:37:00.000,I 85,I 85 and Sr 140,,Rear End,3,Clear,Dry,Daylight
2023-09-29T07:09:00.000,I 85,I 85 and Sr 140,,Sideswipe-Same Direction,2,Clear,Dry,Daylight
2023-03-07T15:37:00.000,I 85,I 85 and Sr 140,,Sideswipe-Same Direction,2,Clear,Dry,Daylight
2023-08-29T13:45:00.000,I 85,I 85 and Sr 140,,Sideswipe-Same Direction,2,Clear,Dry,Daylight
2023-02-23T10:02:00.000,I 85,I 85 and Sr 140,,Rear End,2,Cloudy,Dry,Daylight
2023-10-30T13:21:00.000,I 85,I 85 and Sr 140,,Rear End,2,Clear,Dry,Daylight
2023-09-19T14:05:00.000,I 85,I 85 and Sr 140,,Sideswipe-Same Direction,2,Clear,Dry,Daylight
2023-11-14T18:24:00.000,I 85,I 85 and Sr 140,,Sideswipe-Same Direction,2,Clear,Dry,Dark-Not Lighted
2023-01-13T16:00:00.000,I 85,I 85 and Sr 140,,Sideswipe-Same Direction,2,Clear,Dry,Daylight
2023-08-28T08:13:00.000,Sr 140,I 85 and Sr 140,,Sideswipe-Same Direction,2,Clear,Dry,Daylight
2023-11-21T16:58:00.000,I 85,I 85 and Sr 140,,Rear End,2,Rain,Wet,Daylight
2023-03-23T10:45:00.000,I 85,I 85 and Sr 140,,Rear End,3,Clear,Dry,Daylight
2023-03-23T16:04:00.000,I 85,I 85 and Sr 140,,Sideswipe-Same Direction,2,Clear,Dry,Daylight
2023-01-23T06:30:00.000,I 85,I 85 and Sr 140,,Rear End,2,Cloudy,Wet,Dark-Lighted
2023-03-07T16:55:00.000,I 85,I 85 and Sr 140,,Rear End,2,Cloudy,Dry,Daylight
2023-03-24T11:12:00.000,I 85,I 85 and Sr 140,,Rear End,3,Clear,Dry,Daylight
2023-04-07T14:23:00.000,I 85,I 85 and Sr 140,,Rear End,2,Clear,Dry,Daylight
2023-09-14T14:28:00.000,I 85,I 85 and Sr 140,,Sideswipe-Same Direction,2,Clear,Dry,Daylight
2023-08-16T16:15:00.000,I 85,I 85 and Sr 140,,Sideswipe-Same Direction,2,Clear,Dry,Daylight
2023-01-23T06:30:00.000,I 85,I 85 and Sr 140,,Rear End,2,Cloudy,Wet,Dark-Lighted
2023-01-16T13:55:00.000,I 85,I 85 and Sr 140,,Rear End,2,Clear,Dry,Daylight
2023-01-23T06:46:00.000,I 85,I 85 and Sr 140,,Rear End,2,Cloudy,Wet,Dawn
2023-12-26T17:55:00.000,I 85,I 85 and Sr 140,,Rear End,2,Rain,Wet,Dark-Lighted
2024-01-26T07:32:00.000,I 85,I 85 and Sr 140,,Rear End,2,Clear,Dry,Daylight
2024-02-06T14:32:00.000,I 85,I 85 and Sr 140,,Rear End,2,Clear,Dry,Daylight
2024-03-20T22:43:00.000,I 85,I 85 and Sr 140,,Sideswipe-Same Direction,2,Clear,Dry,Dark-Lighted
2024-02-07T15:08:00.000,I 85,I 85 and Sr 140,,Rear End,2,Clear,Dry,Daylight
2024-12-30T16:38:00.000,I 85,I 85 and Sr 140,,Rear End,2,Clear,Dry,Daylight
2024-09-18T13:20:00.000,I 85,I 85 and Sr 140,,Sideswipe-Same Direction,2,Clear,Dry,Daylight
2024-11-07T10:50:00.000,I 85,I 85 and Sr 140,,Not a Collision with Motor Vehicle,1,Cloudy,Dry,Daylight
2024-01-30T15:14:00.000,I 85,I 85 and Sr 140,,Sideswipe-Same Direction,2,Clear,Dry,Daylight
2024-06-19T02:10:00.000,I 85,I 85 and Sr 140,,Not a Collision with Motor Vehicle,1,Cloudy,Dry,Dark-Lighted
2024-01-11T18:50:00.000,I 85,I 85 and Sr 140,,Sideswipe-Same Direction,4,Clear,Dry,Dark-Lighted
2024-10-04T17:45:00.000,I 85,I 85 and Sr 140,,Rear End,2,Cloudy,Dry,Daylight
2024-01-26T07:31:00.000,I 85,I 85 and Sr 140,,Rear End,2,Cloudy,Dry,Dark-Lighted
2024-02-22T12:08:00.000,I 85,I 85 and Sr 140,,Rear End,2,Clear,Dry,Daylight
2024-01-12T10:42:00.000,I 85,I 85 and Sr 140,,Rear End,3,Cloudy,Dry,Daylight
2024-01-19T08:16:00.000,Sr 140,I 85 and Sr 140,,Angle Crash,2,Cloudy,Dry,Daylight
2024-12-30T18:14:00.000,I 85,I 85 and Sr 140,,Rear End,2,Clear,Dry,Dark-Lighted
2024-01-05T11:04:00.000,I 85,I 85 and Sr 140,,Rear End,3,Clear,Dry,Daylight
2024-08-20T09:00:00.000,I 85,I 85 and Sr 140,,Sideswipe-Same Direction,2,Clear,Dry,Daylight
2024-05-02T00:50:00.000,I 85,I 85 and Sr 140,,Sideswipe-Same Direction,2,Cloudy,Dry,Daylight
2024-12-30T18:18:00.000,I 85,I 85 and Sr 140,,Rear End,2,Clear,Dry,Dark-Lighted
2024-02-06T14:32:00.000,I 85,I 85 and Sr 140,,Rear End,2,Clear,Dry,Daylight
2024-01-25T15:45:00.000,I 85,I 85 and Sr 140,,Rear End,2,Cloudy,Wet,Daylight
2024-02-15T16:20:00.000,I 85,I 85 and Sr 140,,Rear End,3,Clear,Dry,Daylight
2024-01-18T19:49:00.000,I 85,I 85 and Sr 140,,Rear End,2,Clear,Dry,Dark-Lighted
2021-04-21T18:31:00.000,I 85,I 85 and Sr 14,,Sideswipe-Same Direction,2,Clear,Dry,Daylight
2021-02-26T07:03:00.000,I 85,I 85 and Sr 14,,Rear End,2,Cloudy,Dry,Daylight
2021-05-25T23:50:00.000,I 85,I 85 and Sr 14,,Not a Collision with Motor Vehicle,1,Clear,Dry,Dark-Not Lighted
2021-05-28T11:19:00.000,I 85,I 85 and Sr 14,,Rear End,2,Clear,Dry,Daylight
2021-01-30T00:06:00.000,I 85,I 85 and Sr 14,,Angle Crash,2,Clear,Dry,Dark-Not Lighted
2021-01-01T05:40:00.000,I 85,I 85 and Sr 14,,Rear End,2,Rain,Wet,Dark-Not Lighted
2021-06-29T15:52:00.000,I 85,I 85 and Sr 14,,Rear End,2,Clear,Dry,Daylight
2021-05-21T05:59:00.000,I 85,I 85 and Sr 14,,Sideswipe-Same Direction,2,Clear,Dry,Dusk
2021-06-17T12:02:00.000,I 85,I 85 and Sr 14,,Sideswipe-Same Direction,1,Clear,Dry,Daylight
2021-05-18T00:33:00.000,I 85,I 85 and Sr 14,,Not a Collision with Motor Vehicle,1,Clear,Dry,Dark-Not Lighted
2021-03-01T06:13:00.000,I 85,I 85 and Sr 14,,Not a Collision with Motor Vehicle,1,Rain,Wet,Dark-Not Lighted
2021-09-20T19:05:00.000,I 85,I 85 and Sr 14,,Sideswipe-Same Direction,1,Rain,Wet,Daylight
2021-12-19T06:11:00.000,I 85,I 85 and Sr 14,,Not a Collision with Motor Vehicle,1,Rain,Wet,Dark-Not Lighted
2021-10-17T05:32:00.000,I 85,I 85 and Sr 14,,Sideswipe-Same Direction,2,Clear,Dry,Dark-Not Lighted
2021-09-20T17:24:00.000,I 85,I 85 and Sr 14,,Rear End,2,Cloudy,Wet,Daylight
2021-12-06T19:00:00.000,I 85,I 85 and Sr 14,,Rear End,2,Rain,Wet,Dark-Lighted
2021-07-06T05:34:00.000,I 85,I 85 and Sr 14,,Rear End,2,Clear,Dry,Dark-Not Lighted
2021-01-26T06:22:00.000,I 85,I 85 and Sr 14,,Sideswipe-Same Direction,2,Rain,Wet,Dark-Not Lighted
2021-11-28T17:59:00.000,I 85,I 85 and Sr 14,,Rear End,2,Clear,Dry,Dusk
2021-07-05T12:06:00.000,I 85,I 85 and Sr 14,,Sideswipe-Same Direction,2,Clear,Dry,Daylight
2021-02-16T17:23:00.000,I 85,I 85 and Sr 14,,Sideswipe-Same Direction,2,Clear,Dry,Daylight
2021-06-05T19:16:00.000,I 85,I 85 and Sr 14,,Not a Collision with Motor Vehicle,1,Clear,Wet,Daylight
2021-03-20T02:30:00.000,I 85,I 85 and Sr 14,,Rear End,2,Clear,Dry,Dark-Not Lighted
2020-11-10T23:12:00.000,I 85,I 85 and Sr 14,,Rear End,2,Rain,Wet,Dark-Lighted
2020-12-23T18:33:00.000,I 85,I 85 and Sr 14,,Sideswipe-Same Direction,2,Clear,Dry,Dark-Not Lighted
2020-10-04T11:37:00.000,I 85,I 85 and Sr 14,,Angle Crash,2,Clear,Dry,Daylight
2020-08-30T08:56:00.000,I 85,I 85 and Sr 14,,Rear End,2,Cloudy,Dry,Daylight
2023-10-28T00:00:00.000,I 85,I 85 and Sr 14,,Sideswipe-Same Direction,2,Clear,Dry,Daylight
2023-09-20T03:45:00.000,I 85,I 85 and Sr 14,,Not a Collision with Motor Vehicle,1,Clear,Dry,Dark-Not Lighted
2023-06-01T23:55:00.000,I 85,I 85 and Sr 14,,Not a Collision with Motor Vehicle,2,Clear,Dry,Dark-Not Lighted
2023-11-05T04:07:00.000,I 85,I 85 and Sr 14,,Not a Collision with Motor Vehicle,1,Clear,Dry,Dark-Not Lighted
2023-04-17T06:51:00.000,I 85,I 85 and Sr 14,,Rear End,2,Clear,Dry,Daylight
2023-11-02T05:40:00.000,I 85,I 85 and Sr 14,,Angle Crash,2,Clear,Dry,Dark-Not Lighted
2023-06-19T21:24:00.000,I 85,I 85 and Sr 14,,Rear End,2,Cloudy,Dry,Dark-Lighted
2023-06-19T04:56:00.000,I 85,I 85 and Sr 14,,Not a Collision with Motor Vehicle,1,Rain,Wet,Dark-Not Lighted
2023-09-30T13:35:00.000,I 85,I 85 and Sr 14,,Rear End,2,Clear,Dry,Daylight
2023-03-21T20:59:00.000,I 85,I 85 and Sr 14,,Rear End,2,Clear,Dry,Dark-Not Lighted
2023-03-18T11:30:00.000,I 85,I 85 and Sr 14,,Rear End,3,Clear,Dry,Daylight
2023-11-11T17:43:00.000,I 85,I 85 and Sr 14,,Rear End,2,Cloudy,Wet,Dark-Not Lighted
2023-05-31T15:02:00.000,I 85,I 85 and Sr 14,,Rear End,2,Cloudy,Dry,Daylight
2023-01-05T16:18:00.000,I 85,I 85 and Sr 14,,Sideswipe-Same Direction,2,Clear,Dry,Daylight
2023-09-11T08:12:00.000,I 85,I 85 and Sr 14,,Rear End,2,Clear,Dry,Daylight
2023-12-23T16:00:00.000,I 85,I 85 and Sr 14,,Rear End,2,Clear,Dry,Daylight
2023-06-27T06:42:00.000,I 85,I 85 and Sr 14,,Sideswipe-Same Direction,2,Clear,Dry,Daylight
2023-03-13T21:22:00.000,I 85,I 85 and Sr 14,,Angle Crash,2,Clear,Dry,Dark-Lighted
2023-01-01T02:23:00.000,I 85,I 85 and Sr 14,,Rear End,1,Fog,Wet,Dark-Lighted
2023-10-27T06:39:00.000,I 85,I 85 and Sr 14,,Sideswipe-Same Direction,3,Clear,Dry,Dark-Not Lighted
2023-08-16T04:16:00.000,I 85,I 85 and Sr 14,,Not a Collision with Motor Vehicle,1,Clear,Dry,Dark-Not Lighted
2023-01-18T14:40:00.000,I 85,I 85 and Sr 14,,Angle Crash,2,Cloudy,Dry,Daylight
2022-12-26T04:10:00.000,I 85,I 85 and Sr 14,,Head On,1,Clear,Dry,Dark-Not Lighted
2022-09-02T17:36:00.000,I 85,I 85 and Sr 14,,Not a Collision with Motor Vehicle,1,Clear,Dry,Daylight
2021-01-13T08:53:00.000,I 85,I 85 and Sr 14,,Rear End,2,Clear,Dry,Daylight
2020-06-20T20:22:00.000,I 85,I 85 and Sr 14,,Not a Collision with Motor Vehicle,1,Clear,Dry,Daylight
2020-11-14T02:37:00.000,I 85,I 85 and Sr 14,,Not a Collision with Motor Vehicle,1,Clear,Dry,Dark-Not Lighted
2020-08-11T16:22:00.000,I 85,I 85 and Sr 14,,Not a Collision with Motor Vehicle,1,Cloudy,Dry,Daylight
2020-07-16T11:51:00.000,I 85,I 85 and Sr 14,,Rear End,2,Cloudy,Dry,Daylight
2020-11-25T04:16:00.000,I 85,I 85 and Sr 14,,Rear End,2,Clear,Dry,Dark-Not Lighted
2020-03-10T06:04:00.000,I 85,I 85 and Sr 14,,Not a Collision with Motor Vehicle,1,Rain,Wet,Dark-Not Lighted
2020-08-25T08:02:00.000,I 85,I 85 and Sr 14,,Not a Collision with Motor Vehicle,1,Rain,Wet,Daylight
2020-11-12T15:51:00.000,I 85,I 85 and Sr 14,,Rear End,2,Clear,Dry,Daylight
2020-02-06T09:25:00.000,I 85,I 85 and Sr 14,,Not a Collision with Motor Vehicle,1,Cloudy,Wet,Daylight
2020-12-16T10:42:00.000,I 85,I 85 and Sr 14,,Not a Collision with Motor Vehicle,1,Cloudy,Wet,Daylight
2020-11-30T10:58:00.000,I 85,I 85 and Sr 14,,Not a Collision with Motor Vehicle,1,Cloudy,Dry,Daylight
2020-11-20T18:18:00.000,I 85,I 85 and Sr 14,,Not a Collision with Motor Vehicle,1,Clear,Dry,Dark-Lighted
2020-03-31T11:00:00.000,I 85,I 85 and Sr 14,,Not a Collision with Motor Vehicle,1,Rain,Wet,Daylight
2020-10-27T04:18:00.000,I 85,I 85 and Sr 14,,Not a Collision with Motor Vehicle,1,Clear,Dry,Dark-Not Lighted
2020-06-01T00:06:00.000,I 85,I 85 and Sr 14,,Angle Crash,2,Clear,Dry,Dark-Not Lighted
2020-04-10T13:43:00.000,I 85,I 85 and Sr 14,,Not a Collision with Motor Vehicle,1,Clear,Dry,Daylight
2020-06-03T06:58:00.000,I 85,I 85 and Sr 14,,Not a Collision with Motor Vehicle,1,Clear,Dry,Daylight
2020-06-14T17:19:00.000,I 85,I 85 and Sr 14,,Not a Collision with Motor Vehicle,1,Rain,Wet,Daylight
2020-02-20T12:47:00.000,I 85,I 85 and Sr 14,,Not a Collision with Motor Vehicle,1,Rain,Wet,Daylight
2020-01-21T06:31:00.000,I 85,I 85 and Sr 14,,Not a Collision with Motor Vehicle,1,Clear,Dry,Dark-Not Lighted
2020-01-13T05:29:00.000,I 85,I 85 and Sr 14,,Not a Collision with Motor Vehicle,1,Rain,Wet,Dark-Not Lighted
2020-06-09T21:20:00.000,I 85,I 85 and Sr 14,,Not a Collision with Motor Vehicle,1,Cloudy,Dry,Dark-Not Lighted
2020-09-21T06:46:00.000,I 85,I 85 and Sr 14,,Not a Collision with Motor Vehicle,1,Clear,Dry,Dark-Lighted
2020-04-26T17:20:00.000,I 85,I 85 and Sr 14,,Sideswipe-Same Direction,2,Clear,Dry,Daylight
2020-07-20T15:37:00.000,I 85,I 85 and Sr 14,,Rear End,2,Clear,Dry,Daylight
2020-06-07T06:13:00.000,I 85,I 85 and Sr 14,,Not a Collision with Motor Vehicle,1,Clear,Dry,Dawn
2020-05-23T23:43:00.000,I 85,I 85 and Sr 14,,Not a Collision with Motor Vehicle,1,Rain,Wet,Dark-Not Lighted
2020-07-16T18:30:00.000,I 85,I 85 and Sr 14,,Not a Collision with Motor Vehicle,1,Clear,Dry,Daylight
2020-10-25T12:11:00.000,I 85,I 85 and Sr 14,,Not a Collision with Motor Vehicle,1,Cloudy,Dry,Daylight
2020-09-10T21:43:00.000,I 85,I 85 and Sr 14,,Not a Collision with Motor Vehicle,1,Clear,Dry,Dark-Not Lighted
2020-12-08T17:11:00.000,I 85,I 85 and Sr 14,,Not a Collision with Motor Vehicle,1,Cloudy,Dry,Daylight
2020-08-10T13:20:00.000,I 85,I 85 and Sr 14,,Not a Collision with Motor Vehicle,1,Rain,Wet,Daylight
2020-01-11T13:40:00.000,I 85,I 85 and Sr 14,,Sideswipe-Same Direction,2,Cloudy,Wet,Daylight
2020-11-14T13:14:00.000,I 85,I 85 and Sr 14,,Sideswipe-Same Direction,2,Clear,Dry,Daylight
2020-09-25T02:27:00.000,I 85,I 85 and Sr 14,,Sideswipe-Same Direction,1,Cloudy,Wet,Dark-Not Lighted
2020-05-14T02:26:00.000,I 85,I 85 and Sr 14,,Not a Collision with Motor Vehicle,1,Clear,Dry,Dark-Not Lighted
2020-01-27T19:07:00.000,I 85,I 85 and Sr 14,,Rear End,1,Clear,Dry,Dark-Not Lighted
2020-01-13T05:16:00.000,I 85,I 85 and Sr 14,,Not a Collision with Motor Vehicle,1,Rain,Wet,Dark-Not Lighted
2020-10-25T08:32:00.000,I 85,I 85 and Sr 14,,Sideswipe-Same Direction,2,Cloudy,Wet,Daylight
2020-11-22T00:08:00.000,I 85,I 85 and Sr 14,,Not a Collision with Motor Vehicle,1,Clear,Dry,Dark-Not Lighted
2020-12-26T05:50:00.000,I 85,I 85 and Sr 14,,Not a Collision with Motor Vehicle,1,Clear,Dry,Dark-Not Lighted
2020-11-15T15:50:00.000,I 85,I 85 and Sr 14,,Not a Collision with Motor Vehicle,1,Clear,Dry,Daylight
2020-09-25T00:20:00.000,I 85,I 85 and Sr 14,,Not a Collision with Motor Vehicle,1,Clear,Wet,Dark-Not Lighted
2020-11-30T18:01:00.000,I 85,I 85 and Sr 14,,Sideswipe-Same Direction,2,Sleet,Wet,Dark-Not Lighted
2020-10-24T17:32:00.000,I 85,I 85 and Sr 14,,Not a Collision with Motor Vehicle,1,Rain,Wet,Daylight
2020-05-25T14:12:00.000,I 85,I 85 and Sr 14,,Rear End,2,Clear,Dry,Daylight
2020-12-31T13:53:00.000,I 85,I 85 and Sr 14,,Sideswipe-Same Direction,2,Rain,Wet,Daylight
2021-06-24T02:11:00.000,I 85,I 85 and Sr 14,,Not a Collision with Motor Vehicle,1,Clear,Dry,Dark-Not Lighted
2021-05-06T17:11:00.000,I 85,I 85 and Sr 14,,Rear End,4,Clear,Dry,Daylight
2021-06-13T14:33:00.000,I 85,I 85 and Sr 14,,Rear End,2,Clear,Dry,Daylight
2021-06-07T01:24:00.000,I 85,I 85 and Sr 14,,Not a Collision with Motor Vehicle,1,Clear,Dry,Dark-Not Lighted
2021-01-11T23:12:00.000,I 85,I 85 and Sr 14,,Rear End,2,Rain,Wet,Dark-Not Lighted
2021-09-21T16:08:00.000,I 85,I 85 and Sr 14,,Angle Crash,2,Clear,Dry,Daylight
2021-08-25T10:40:00.000,I 85,I 85 and Sr 14,,Not a Collision with Motor Vehicle,1,Clear,Dry,Daylight
2021-07-05T14:14:00.000,I 85,I 85 and Sr 14,,Rear End,2,Clear,Dry,Daylight
2021-10-05T03:54:00.000,I 85,I 85 and Sr 14,,Not a Collision with Motor Vehicle,1,Rain,Wet,Dark-Not Lighted
2021-12-02T18:59:00.000,I 85,I 85 and Sr 14,,Rear End,2,Clear,Dry,Dark-Not Lighted
2021-10-18T09:15:00.000,I 85,I 85 and Sr 14,,Rear End,2,Clear,Dry,Daylight
2021-10-13T05:26:00.000,I 85,I 85 and Sr 14,,Not a Collision with Motor Vehicle,1,Cloudy,Dry,Dark-Not Lighted
2022-02-06T04:45:00.000,I 85,I 85 and Sr 14,,Not a Collision with Motor Vehicle,1,Clear,Dry,Dark-Not Lighted
2022-01-01T22:14:00.000,I 85,I 85 and Sr 14,,Sideswipe-Same Direction,2,Clear,Dry,Dark-Not Lighted
2022-05-20T05:52:00.000,I 85,I 85 and Sr 14,,Sideswipe-Same Direction,2,Clear,Dry,Dawn
2021-07-12T13:49:00.000,I 85,I 85 and Sr 14,,Sideswipe-Same Direction,2,Rain,Wet,Daylight
2021-08-25T18:14:00.000,I 85,I 85 and Sr 14,,Sideswipe-Same Direction,2,Clear,Dry,Daylight
2021-11-21T03:27:00.000,I 85,I 85 and Sr 14,,Not a Collision with Motor Vehicle,1,Clear,Dry,Dark-Not Lighted
2021-12-13T06:18:00.000,I 85,I 85 and Sr 14,,Sideswipe-Same Direction,2,Clear,Dry,Dark-Not Lighted
2021-11-03T02:04:00.000,I 85,I 85 and Sr 14,,Not a Collision with Motor Vehicle,1,Clear,Dry,Dark-Not Lighted
2021-08-20T18:31:00.000,I 85,I 85 and Sr 14,,Not a Collision with Motor Vehicle,1,Rain,Wet,Daylight