Date and Time,Roadway (From Crash Report),Intersection Name (from Crash Report),KABCO Severity,Manner of Collision (Crash Level) ,# of Vehicles per crash ,Weather Conditions (Crash Level),Surface Condition (Crash Level) ,Light Conditions (Crash Level)
2022-02-04T23:18:00.000,I 85,I 85 and Sr 14,,Rear End,2,Clear,Dry,Dark-Not Lighted
2022-05-30T19:24:00.000,I 85,I 85 and Sr 14,,Sideswipe-Same Direction,2,Rain,Wet,Daylight
2022-03-03T16:32:00.000,I 85,I 85 and Sr 14,,Rear End,2,Clear,Dry,Daylight
2022-03-31T17:33:00.000,I 85,I 85 and Sr 14,,Sideswipe-Same Direction,2,Clear,Dry,Daylight
2022-04-10T07:07:00.000,I 85,I 85 and Sr 14,,Not a Collision with Motor Vehicle,1,Clear,Dry,Dawn
2022-04-14T20:40:00.000,I 85,I 85 and Sr 14,,Sideswipe-Same Direction,2,Clear,Dry,Dark-Not Lighted
2022-04-18T01:47:00.000,I 85,I 85 and Sr 14,,Not a Collision with Motor Vehicle,1,Rain,Wet,Dark-Not Lighted
2022-05-17T07:28:00.000,I 85,I 85 and Sr 14,,Sideswipe-Same Direction,2,Clear,Dry,Daylight
2022-05-29T03:16:00.000,I 85,I 85 and Sr 14,,Sideswipe-Same Direction,2,Clear,Dry,Dark-Not Lighted
2022-05-28T17:54:00.000,I 85,I 85 and Sr 14,,Angle Crash,2,Clear,Dry,Daylight
2022-02-08T07:29:00.000,I 85,I 85 and Sr 14,,Not a Collision with Motor Vehicle,1,Clear,Dry,Daylight
2022-02-26T20:48:00.000,I 85,I 85 and Sr 14,,Rear End,2,Clear,Dry,Dark-Not Lighted
2022-03-21T04:56:00.000,I 85,I 85 and Sr 14,,Not a Collision with Motor Vehicle,1,Clear,Dry,Dark-Not Lighted
2022-05-18T16:41:00.000,I 85,I 85 and Sr 14,,Not a Collision with Motor Vehicle,2,Clear,Dry,Daylight
2022-05-10T22:50:00.000,I 85,I 85 and Sr 14,,Sideswipe-Same Direction,2,Clear,Dry,Dark-Lighted
2022-03-28T17:33:00.000,I 85,I 85 and Sr 14,,Sideswipe-Same Direction,2,Clear,Dry,Daylight
2022-02-04T09:45:00.000,I 85,I 85 and Sr 14,,Rear End,2,Cloudy,Wet,Daylight
2022-09-11T22:10:00.000,I 85,I 85 and Sr 14,,Not a Collision with Motor Vehicle,1,Cloudy,Dry,Dark-Not Lighted
2021-08-18T06:40:00.000,I 85,I 85 and Sr 14,,Rear End,2,Clear,Dry,Dusk
2021-12-22T16:55:00.000,I 85,I 85 and Sr 14,,Rear End,2,Clear,Dry,Daylight
2022-03-15T11:40:00.000,I 85,I 85 and Sr 14,,Not a Collision with Motor Vehicle,1,Clear,Dry,Daylight
2022-12-10T10:43:00.000,I 85,I 85 and Sr 14,,Rear End,1,Cloudy,Dry,Daylight
2022-03-09T08:00:00.000,I 85,I 85 and Sr 14,,Not a Collision with Motor Vehicle,1,Cloudy,Wet,Daylight
2022-04-29T04:00:00.000,I 85,I 85 and Sr 14,,Rear End,2,Clear,Dry,Daylight
2022-10-30T02:00:00.000,I 85,I 85 and Sr 14,,Not a Collision with Motor Vehicle,1,Fog,Dry,Dark-Not Lighted
2022-10-13T17:35:00.000,I 85,I 85 and Sr 14,,Rear End,2,Clear,Dry,Daylight
2022-06-21T06:02:00.000,I 85,I 85 and Sr 14,,Not a Collision with Motor Vehicle,1,Clear,Dry,Dark-Lighted
2022-05-30T17:22:00.000,I 85,I 85 and Sr 14,,Not a Collision with Motor Vehicle,1,Clear,Dry,Daylight
2022-12-28T07:09:00.000,I 85,I 85 and Sr 14,,Not a Collision with Motor Vehicle,2,Clear,Dry,Dark-Not Lighted
2022-05-06T15:02:00.000,I 85,I 85 and Sr 14,,Rear End,2,Cloudy,Dry,Daylight
2022-09-26T16:50:00.000,I 85,I 85 and Sr 14,,Rear End,2,Clear,Dry,Daylight
2022-12-28T01:38:00.000,I 85,I 85 and Sr 14,,Sideswipe-Same Direction,2,Clear,Dry,Dark-Not Lighted
2022-07-31T19:00:00.000,I 85,I 85 and Sr 14,,Rear End,2,Clear,Dry,Daylight
2022-08-25T04:42:00.000,I 85,I 85 and Sr 14,,Rear End,3,Rain,Wet,Dark-Lighted
2022-05-20T05:52:00.000,I 85,I 85 and Sr 14,,Sideswipe-Same Direction,2,Clear,Dry,Dawn
2022-06-21T05:20:00.000,I 85,I 85 and Sr 14,,Sideswipe-Same Direction,2,Clear,Dry,Dark-Not Lighted
2022-05-03T17:52:00.000,I 85,I 85 and Sr 14,,Rear End,2,Clear,Dry,Daylight
2022-11-02T16:15:00.000,I 85,I 85 and Sr 14,,Rear End,2,Clear,Dry,Daylight
2022-10-10T07:28:00.000,I 85,I 85 and Sr 14,,Sideswipe-Same Direction,2,Clear,Dry,Daylight
2022-09-30T18:15:00.000,I 85,I 85 and Sr 14,,Rear End,2,Clear,Dry,Daylight
2022-03-07T06:36:00.000,I 85,I 85 and Sr 14,,Rear End,2,Clear,Dry,Dawn
2022-09-02T17:11:00.000,I 85,I 85 and Sr 14,,Rear End,2,Clear,Dry,Daylight
2022-04-09T04:57:00.000,I 85,I 85 and Sr 14,,Not a Collision with Motor Vehicle,1,Cloudy,Dry,Dark-Not Lighted
2022-11-28T18:26:00.000,I 85,I 85 and Sr 14,,Rear End,2,Clear,Dry,Dark-Not Lighted
2022-08-08T18:00:00.000,I 85,I 85 and Sr 14,,Not a Collision with Motor Vehicle,1,Rain,Wet,Daylight
2022-01-04T19:33:00.000,I 85,I 85 and Sr 14,,Not a Collision with Motor Vehicle,2,Clear,Dry,Dark-Not Lighted
2022-08-23T17:40:00.000,I 85,I 85 and Sr 14,,Rear End,2,Clear,Dry,Daylight
2022-09-02T16:43:00.000,I 85,I 85 and Sr 14,,Rear End,3,Clear,Dry,Daylight
2022-02-04T23:19:00.000,I 85,I 85 and Sr 14,,Sideswipe-Same Direction,2,Clear,Dry,Dark-Not Lighted
2022-12-18T09:18:00.000,I 85,I 85 and Sr 14,,Not a Collision with Motor Vehicle,1,Clear,Dry,Daylight
2022-12-06T14:50:00.000,I 85,I 85 and Sr 14,,Angle Crash,2,Clear,Dry,Daylight
2022-01-06T07:13:00.000,I 85,I 85 and Sr 14,,Rear End,3,Clear,Dry,Dawn
2022-10-02T02:28:00.000,I 85,I 85 and Sr 14,,Not a Collision with Motor Vehicle,1,Clear,Dry,Dark-Not Lighted
2023-08-07T02:26:00.000,I 85,I 85 and Sr 14,,Sideswipe-Same Direction,2,Clear,Dry,Dark-Not Lighted
2023-11-27T18:55:00.000,I 85,I 85 and Sr 14,,Sideswipe-Same Direction,2,Clear,Dry,Dark-Not Lighted
2023-02-01T19:30:00.000,I 85,I 85 and Sr 14,,Angle Crash,2,Cloudy,Dry,Dark-Not Lighted
2024-05-29T12:23:00.000,I 85,I 85 and Sr 14,,Rear End,3,Clear,Dry,Daylight
2024-08-17T20:44:00.000,I 85,I 85 and Sr 14,,Sideswipe-Same Direction,2,Rain,Wet,Dark-Not Lighted
2024-10-07T06:40:00.000,I 85,I 85 and Sr 14,,Sideswipe-Same Direction,2,Clear,Dry,Dark-Not Lighted
2024-12-10T13:00:00.000,I 85,I 85 and Sr 14,,Sideswipe-Same Direction,2,Clear,Dry,Daylight
2024-11-29T16:15:00.000,I 85,I 85 and Sr 14,,Not a Collision with Motor Vehicle,1,Clear,Dry,Daylight
2024-03-23T02:25:00.000,I 85,I 85 and Sr 14,,Not a Collision with Motor Vehicle,0,Cloudy,Wet,Dark-Not Lighted
2024-01-12T07:43:00.000,I 85,I 85 and Sr 14,,Rear End,2,Cloudy,Dry,Daylight
2024-01-15T06:27:00.000,I 85,I 85 and Sr 14,,Rear End,2,Clear,Dry,Dark-Not Lighted
2024-03-30T11:05:00.000,I 85,I 85 and Sr 14,,Rear End,2,Clear,Dry,Daylight
2024-12-18T13:52:00.000,I 85,I 85 and Sr 14,,Sideswipe-Same Direction,2,Clear,Dry,Daylight
2023-12-19T07:56:00.000,I 85,I 85 and Sr 14,,Angle Crash,2,Clear,Dry,Daylight
2024-09-22T16:00:00.000,I 85,I 85 and Sr 14,,Sideswipe-Same Direction,2,Clear,Dry,Daylight
2024-02-11T18:09:00.000,I 85,I 85 and Sr 14,,Not a Collision with Motor Vehicle,1,Rain,Wet,Dark-Not Lighted
2023-03-30T08:10:00.000,I 85,I 85 and Sr 14,,Rear End,2,Clear,Dry,Daylight
2023-10-31T04:10:00.000,I 85,I 85 and Sr 14,,Rear End,2,Clear,Dry,Dark-Not Lighted
2023-06-21T13:08:00.000,I 85,I 85 and Sr 14,,Angle Crash,2,Cloudy,Wet,Daylight
2023-06-11T09:26:00.000,I 85,I 85 and Sr 14,,Not a Collision with Motor Vehicle,1,Rain,Wet,Daylight
2023-08-19T02:46:00.000,I 85,I 85 and Sr 14,,Rear End,2,Clear,Dry,Dark-Not Lighted
2023-06-23T03:29:00.000,I 85,I 85 and Sr 14,,Rear End,1,Clear,Dry,Dark-Lighted
2023-10-13T06:18:00.000,I 85,I 85 and Sr 14,,Head On,2,Rain,Wet,Dark-Not Lighted
2023-06-16T15:45:00.000,I 85,I 85 and Sr 14,,Not a Collision with Motor Vehicle,1,Clear,Dry,Daylight
2023-08-23T19:05:00.000,I 85,I 85 and Sr 14,,Not a Collision with Motor Vehicle,2,Clear,Dry,Daylight
2023-01-27T21:16:00.000,I 85,I 85 and Sr 14,,Sideswipe-Same Direction,2,Clear,Dry,Dark-Not Lighted
2023-04-04T21:40:00.000,I 85,I 85 and Sr 14,,Rear End,3,Clear,Dry,Dark-Not Lighted
2023-10-05T02:29:00.000,I 85,I 85 and Sr 14,,Not a Collision with Motor Vehicle,1,Clear,Dry,Dark-Not Lighted
2023-08-06T02:31:00.000,I 85,I 85 and Sr 14,,Not a Collision with Motor Vehicle,2,Clear,Dry,Dark-Lighted
2023-12-22T20:27:00.000,I 85,I 85 and Sr 14,,Sideswipe-Same Direction,2,Clear,Dry,Dark-Not Lighted
2023-10-15T07:05:00.000,I 85,I 85 and Sr 14,,Rear End,2,Clear,Dry,Dark-Not Lighted
2023-01-15T08:44:00.000,I 85,I 85 and Sr 14,,Not a Collision with Motor Vehicle,1,Clear,Dry,Daylight
2023-08-13T16:14:00.000,I 85,I 85 and Sr 14,,Not a Collision with Motor Vehicle,1,Rain,Wet,Daylight
2023-08-09T00:00:00.000,I 85,I 85 and Sr 14,,Not a Collision with Motor Vehicle,1,Cloudy,Dry,Dark-Not Lighted
2023-05-11T08:26:00.000,I 85,I 85 and Sr 14,,Sideswipe-Same Direction,2,Clear,Dry,Daylight
2023-04-04T21:40:00.000,I 85,I 85 and Sr 14,,Rear End,3,Clear,Dry,Dark-Not Lighted
2023-09-30T14:50:00.000,I 85,I 85 and Sr 14,,Sideswipe-Same Direction,2,Clear,Dry,Daylight
2024-12-07T03:53:00.000,I 85,I 85 and Sr 14,,Not a Collision with Motor Vehicle,2,Clear,Dry,Dark-Not Lighted
2024-12-18T13:53:00.000,I 85,I 85 and Sr 14,,Sideswipe-Same Direction,2,Clear,Dry,Daylight
2024-06-26T08:16:00.000,I 85,I 85 and Sr 14,,Rear End,2,Clear,Dry,Daylight
2024-11-22T16:40:00.000,I 85,I 85 and Sr 14,,Rear End,3,Clear,Dry,Daylight
2024-09-20T16:20:00.000,I 85,I 85 and Sr 14,,Rear End,2,Clear,Dry,Daylight
2024-09-20T16:20:00.000,I 85,I 85 and Sr 14,,Rear End,2,Clear,Dry,Daylight
2024-02-14T16:20:00.000,I 85,I 85 and Sr 14,,Rear End,2,Clear,Dry,Daylight
2024-02-23T06:55:00.000,I 85,I 85 and Sr 14,,Not a Collision with Motor Vehicle,1,Rain,Wet,Dark-Not Lighted
2024-06-29T04:01:00.000,I 85,I 85 and Sr 14,,Sideswipe-Same Direction,2,Rain,Wet,Dark-Not Lighted
2024-05-04T05:10:00.000,I 85,I 85 and Sr 14,,Sideswipe-Same Direction,2,Rain,Wet,Dark-Not Lighted
2024-05-11T23:30:00.000,I 85,I 85 and Sr 14,,Sideswipe-Same Direction,2,Clear,Dry,Dark-Not Lighted
2024-05-05T20:03:00.000,I 85,I 85 and Sr 14,,Not a Collision with Motor Vehicle,1,Cloudy,Dry,Daylight
2024-07-28T13:49:00.000,I 85,I 85 and Sr 14,,Not a Collision with Motor Vehicle,1,Rain,Wet,Daylight
2024-01-04T18:10:00.000,I 85,I 85 and Sr 14,,Rear End,2,Clear,Dry,Dusk
2024-07-17T11:21:00.000,I 85,I 85 and Sr 14,,Not a Collision with Motor Vehicle,2,Clear,Dry,Daylight
2024-05-05T23:29:00.000,I 85,I 85 and Sr 14,,Angle Crash,3,Rain,Wet,Dark-Not Lighted
2024-08-02T14:00:00.000,I 85,I 85 and Sr 14,,Not a Collision with Motor Vehicle,1,Clear,Dry,Daylight
2024-02-01T15:41:00.000,I 85,I 85 and Sr 14,,Rear End,2,Clear,Dry,Daylight
2024-12-18T13:51:00.000,I 85,I 85 and Sr 14,,Sideswipe-Same Direction,2,Clear,Dry,Daylight
2024-02-23T15:20:00.000,I 85,I 85 and Sr 14,,Sideswipe-Same Direction,2,Clear,Dry,Daylight
2024-06-06T05:25:00.000,I 85,I 85 and Sr 14,,Sideswipe-Same Direction,2,Cloudy,Dry,Dark-Not Lighted
2024-02-06T16:00:00.000,I 85,I 85 and Sr 14,,Rear End,2,Clear,Dry,Daylight
2024-11-22T14:38:00.000,I 85,I 85 and Sr 14,,Rear End,2,Clear,Dry,Daylight
2024-03-30T13:07:00.000,I 85,I 85 and Sr 14,,Sideswipe-Same Direction,2,Clear,Dry,Daylight
2024-12-27T00:42:00.000,I 85,I 85 and Sr 14,,Sideswipe-Same Direction,2,Clear,Dry,Dark-Not Lighted
2024-02-28T17:50:00.000,I 85,I 85 and Sr 14,,Rear End,2,Clear,Dry,Dark-Not Lighted
2024-06-24T11:47:00.000,I 85,I 85 and Sr 14,,Not a Collision with Motor Vehicle,1,Clear,Dry,Daylight
2024-07-27T04:35:00.000,I 85,I 85 and Sr 14,,Not a Collision with Motor Vehicle,1,Clear,Dry,Dark-Lighted
2023-02-18T20:59:00.000,I 85,I 85 and Sr 139,,Rear End,2,Clear,Dry,Dark-Not Lighted
2021-06-27T01:58:00.000,I 85,I 85 and Sr 138,,Rear End,2,Clear,Wet,Dark-Not Lighted
2020-11-11T13:17:00.000,I 85,I 85 and Sr 138,,Sideswipe-Same Direction,3,Rain,Wet,Daylight
2023-06-11T09:28:00.000,I 85,I 85 and Sr 138,,Not a Collision with Motor Vehicle,1,Rain,Wet,Daylight
2023-02-24T16:50:00.000,I 85,I 85 and Sr 138,,Rear End,2,Rain,Wet,Daylight
2023-02-27T08:20:00.000,I 85,I 85 and Sr 138,,Sideswipe-Same Direction,2,Cloudy,Dry,Daylight
2023-09-08T22:55:00.000,I 85,I 85 and Sr 138,,Head On,3,Clear,Dry,Dark-Not Lighted
2023-01-13T04:28:00.000,I 85,I 85 and Sr 138,,Sideswipe-Same Direction,2,Cloudy,Wet,Dark-Lighted
2023-05-24T15:30:00.000,I 85,I 85 and Sr 138,,Angle Crash,2,Clear,Dry,Daylight
2023-09-12T20:40:00.000,I 85,I 85 and Sr 138,,Sideswipe-Same Direction,2,Clear,Dry,Dark-Lighted
2023-12-01T18:46:00.000,I 85,I 85 and Sr 138,,Rear End,2,Cloudy,Dry,Dark-Not Lighted
2023-02-19T15:46:00.000,I 85,I 85 and Sr 138,,Rear End,3,Clear,Dry,Daylight
2023-11-25T13:34:00.000,I 85,I 85 and Sr 138,,Rear End,2,Clear,Dry,Daylight
2023-01-09T11:15:00.000,I 85,I 85 and Sr 138,,Angle Crash,2,Clear,Dry,Daylight
2023-03-18T12:59:00.000,I 85,I 85 and Sr 138,,Rear End,2,Clear,Dry,Daylight
2023-02-18T23:41:00.000,I 85,I 85 and Sr 138,,Rear End,2,Cloudy,Dry,Dark-Lighted
2022-10-15T03:08:00.000,I 85,I 85 and Sr 138,,Not a Collision with Motor Vehicle,1,Clear,Dry,Dark-Lighted
2022-08-29T15:50:00.000,I 85,I 85 and Sr 138,,Not a Collision with Motor Vehicle,1,Cloudy,Dry,Daylight
2022-12-07T19:00:00.000,I 85,I 85 and Sr 138,,Rear End,2,Clear,Dry,Daylight
2022-12-14T17:41:00.000,I 85,I 85 and Sr 138,,Rear End,3,Rain,Wet,Dark-Lighted
2022-07-03T16:41:00.000,I 85,I 85 and Sr 138,,Rear End,2,Rain,Wet,Daylight
2022-03-23T22:39:00.000,I 85,I 85 and Sr 138,,Sideswipe-Same Direction,2,Clear,Dry,Dark-Lighted
2022-11-18T16:12:00.000,I 85,I 85 and Sr 138,,Sideswipe-Same Direction,2,Clear,Dry,Daylight
2023-06-04T20:31:00.000,I 85,I 85 and Sr 138,,Not a Collision with Motor Vehicle,1,Rain,Wet,Dark-Not Lighted
2023-02-17T14:10:00.000,I 85,I 85 and Sr 138,,Rear End,3,Clear,Dry,Daylight
2023-05-22T14:47:00.000,I 85,I 85 and Sr 138,,Rear End,2,Rain,Wet,Daylight
2023-07-23T20:53:00.000,I 85,I 85 and Sr 138,,Rear End,2,Clear,Dry,Daylight
2024-07-07T22:53:00.000,I 85,I 85 and Sr 138,,Rear End,2,Rain,Wet,Dark-Not Lighted
2024-06-13T17:20:00.000,I 85,I 85 and Sr 138,,Rear End,2,Clear,Dry,Daylight
2024-03-08T14:22:00.000,I 85,I 85 and Sr 138,,Angle Crash,2,Cloudy,Dry,Daylight
2024-05-10T10:27:00.000,I 85,I 85 and Sr 138,,Rear End,2,Cloudy,Dry,Daylight
2024-08-13T14:01:00.000,I 85,I 85 and Sr 138,,Sideswipe-Same Direction,2,Clear,Dry,Daylight
2024-02-03T17:15:00.000,I 85,I 85 and Sr 138,,Angle Crash,2,Clear,Dry,Daylight
2024-07-06T18:12:00.000,I 85,I 85 and Sr 138,,Sideswipe-Opposite Direction,2,Cloudy,Dry,Daylight
2023-12-30T23:00:00.000,I 85,I 85 and Sr 138,,Sideswipe-Same Direction,2,Clear,Dry,Dark-Lighted
2023-03-18T21:26:00.000,I 85,I 85 and Sr 138,,Rear End,2,Clear,Dry,Dark-Lighted
2023-05-24T13:59:00.000,I 85,I 85 and Sr 138,,Rear End,2,Clear,Dry,Daylight
2023-03-18T07:30:00.000,I 85,I 85 and Sr 138,,Sideswipe-Same Direction,2,Clear,Dry,Daylight
2023-07-14T16:37:00.000,I 85,I 85 and Sr 138,,Angle Crash,2,Clear,Dry,Daylight
2023-09-16T13:15:00.000,I 85,I 85 and Sr 138,,Rear End,2,Rain,Wet,Daylight
2024-04-26T17:07:00.000,I 85,I 85 and Sr 138,,Rear End,3,Clear,Dry,Daylight
2024-02-22T15:30:00.000,I 85,I 85 and Sr 138,,Sideswipe-Same Direction,2,Clear,Dry,Daylight
2024-08-14T14:32:00.000,I 85,I 85 and Sr 138,,Rear End,2,Clear,Dry,Daylight
2024-01-26T08:35:00.000,I 85,I 85 and Sr 138,,Sideswipe-Same Direction,2,Cloudy,Wet,Daylight
2024-01-10T09:25:00.000,I 85,I 85 and Sr 138,,Not a Collision with Motor Vehicle,1,Clear,Dry,Daylight
2024-06-22T12:22:00.000,I 85,I 85 and Sr 138,,Rear End,2,Clear,Dry,Daylight
2024-02-12T02:20:00.000,I 85,I 85 and Sr 138,,Angle Crash,2,Rain,Wet,Dark-Not Lighted
2024-02-17T20:30:00.000,I 85,I 85 and Sr 138,,Not a Collision with Motor Vehicle,1,Clear,Dry,Dark-Lighted
2024-07-19T14:35:00.000,I 85,I 85 and Sr 138,,Rear End,2,Clear,Dry,Daylight
2024-03-20T13:40:00.000,I 85,I 85 and Sr 138,,Rear End,2,Clear,Dry,Daylight
2024-02-15T15:41:00.000,I 85,I 85 and Sr 138,,Sideswipe-Same Direction,2,Clear,Dry,Daylight
2024-10-27T13:32:00.000,I 85,I 85 and Sr 138,,Rear End,3,Clear,Dry,Daylight
2024-07-22T07:23:00.000,I 85,I 85 and Sr 138,,Rear End,3,Cloudy,Dry,Daylight
2024-06-15T08:05:00.000,I 85,I 85 and Sr 138,,Rear End,2,Clear,Dry,Daylight
2024-08-26T18:33:00.000,I 85,I 85 and Sr 138,,Rear End,3,Clear,Dry,Daylight
2021-05-25T18:40:00.000,I 85,I 85 and Sr 13,,Rear End,2,Clear,Dry,Daylight
2021-06-22T14:40:00.000,I 85,I 85 and Sr 13,,Rear End,2,Clear,Dry,Daylight
2021-06-18T12:45:00.000,I 85,I 85 and Sr 13,,Rear End,2,Cloudy,Dry,Daylight
2021-04-23T14:45:00.000,I 85,I 85 and Sr 13,,Rear End,2,Clear,Dry,Daylight
2021-04-16T11:15:00.000,I 85,I 85 and Sr 13,,Rear End,2,Clear,Dry,Daylight
2021-02-15T16:45:00.000,I 85,I 85 and Sr 13,,Rear End,2,Rain,Wet,Daylight
2021-05-03T13:50:00.000,I 85,I 85 and Sr 13,,Rear End,2,Rain,Wet,Daylight
2021-12-29T15:20:00.000,I 85,I 85 and Sr 13,,Rear End,2,Clear,Dry,Daylight
2021-10-29T08:11:00.000,I 85,I 85 and Sr 13,,Rear End,3,Cloudy,Wet,Daylight
2021-10-28T16:09:00.000,I 85,I 85 and Sr 13,,Rear End,2,Cloudy,Wet,Daylight
2021-12-07T08:02:00.000,I 85,I 85 and Sr 13,,Rear End,2,Cloudy,Dry,Daylight
2021-09-07T13:12:00.000,I 85,I 85 and Sr 13,,Rear End,3,Cloudy,Dry,Daylight
2021-10-18T16:00:00.000,I 85,I 85 and Sr 13,,Rear End,2,Clear,Dry,Daylight
2021-10-07T18:32:00.000,I 85,I 85 and Sr 13,,Rear End,2,Cloudy,Wet,Daylight
2021-09-23T14:29:00.000,I 85,I 85 and Sr 13,,Rear End,2,Cloudy,Dry,Daylight
2021-06-22T18:30:00.000,I 85,I 85 and Sr 13,,Rear End,2,Cloudy,Dry,Daylight
2021-02-19T13:45:00.000,I 85,I 85 and Sr 13,,Rear End,2,Clear,Dry,Daylight
2021-05-24T14:55:00.000,I 85,I 85 and Sr 13,,Rear End,2,Clear,Dry,Daylight
2021-04-09T17:40:00.000,I 85,I 85 and Sr 13,,Rear End,2,Clear,Dry,Daylight
2021-03-31T19:43:00.000,I 85,I 85 and Sr 13,,Rear End,2,Rain,Wet,Daylight
2021-04-19T15:45:00.000,I 85,I 85 and Sr 13,,Rear End,2,Clear,Dry,Daylight
2021-03-09T10:20:00.000,I 85,I 85 and Sr 13,,Sideswipe-Same Direction,2,Clear,Dry,Daylight
2021-01-28T18:00:00.000,I 85,I 85 and Sr 13,,Rear End,3,Clear,Dry,Daylight
2021-05-04T16:00:00.000,I 85,I 85 and Sr 13,,Rear End,2,Rain,Wet,Daylight
2021-09-16T12:41:00.000,I 85,I 85 and Sr 13,,Sideswipe-Same Direction,2,Rain,Wet,Daylight
2021-08-24T08:35:00.000,I 85,I 85 and Sr 13,,Not a Collision with Motor Vehicle,1,Clear,Dry,Daylight
2021-08-12T12:45:00.000,I 85,I 85 and Sr 13,,Sideswipe-Same Direction,2,Clear,Dry,Daylight
2021-08-24T16:20:00.000,I 85,I 85 and Sr 13,,Rear End,2,Clear,Dry,Daylight
2021-08-03T15:20:00.000,I 85,I 85 and Sr 13,,Rear End,3,Clear,Dry,Daylight
2021-09-28T12:00:00.000,I 85,I 85 and Sr 13,,Sideswipe-Same Direction,2,Clear,Dry,Daylight
2021-07-08T19:28:00.000,I 85,I 85 and Sr 13,,Rear End,2,Cloudy,Wet,Daylight
2021-09-23T15:00:00.000,I 85,I 85 and Sr 13,,Sideswipe-Same Direction,2,Clear,Dry,Daylight
2021-03-31T18:29:00.000,I 85,I 85 and Sr 13,,Sideswipe-Same Direction,2,Rain,Wet,Daylight
2021-12-10T09:45:00.000,I 85,I 85 and Sr 13,,Rear End,2,Rain,Wet,Daylight
2021-11-16T06:50:00.000,I 85,I 85 and Sr 13,,Rear End,4,Clear,Dry,Daylight
2021-11-02T09:00:00.000,I 85,I 85 and Sr 13,,Rear End,2,Clear,Dry,Daylight
2021-12-21T12:08:00.000,I 85,I 85 and Sr 13,,Rear End,3,Rain,Wet,Daylight
2021-09-16T14:23:00.000,I 85,I 85 and Sr 13,,Rear End,2,Cloudy,Wet,Daylight
2021-11-04T07:45:00.000,I 85,I 85 and Sr 13,,Rear End,2,Rain,Wet,Dark-Lighted
2021-07-23T18:20:00.000,I 85,I 85 and Sr 13,,Sideswipe-Same Direction,3,Rain,Wet,Daylight
2021-07-15T11:00:00.000,I 85,I 85 and Sr 13,,Rear End,2,Clear,Dry,Daylight
2021-11-16T18:00:00.000,I 85,I 85 and Sr 13,,Rear End,2,Clear,Dry,Dark-Lighted
2021-08-19T18:00:00.000,I 85,I 85 and Sr 13,,Rear End,2,Clear,Dry,Daylight
2021-10-27T14:50:00.000,I 85,I 85 and Sr 13,,Rear End,2,Clear,Dry,Daylight
2021-10-28T08:40:00.000,I 85,I 85 and Sr 13,,Rear End,3,Rain,Wet,Daylight
2021-09-02T16:56:00.000,I 85,I 85 and Sr 13,,Rear End,2,Clear,Dry,Daylight
2021-02-11T16:20:00.000,I 85,I 85 and Sr 13,,Rear End,3,Cloudy,Wet,Daylight
2021-06-22T12:40:00.000,I 85,I 85 and Sr 13,,Rear End,2,Clear,Dry,Daylight
2021-02-24T14:44:00.000,I 85,I 85 and Sr 13,,Rear End,4,Clear,Dry,Daylight
2021-04-26T14:35:00.000,I 85,I 85 and Sr 13,,Sideswipe-Same Direction,2,Clear,Dry,Daylight
2021-04-26T07:58:00.000,I 85,I 85 and Sr 13,,Sideswipe-Same Direction,2,Clear,Dry,Daylight
2021-01-29T19:00:00.000,I 85,I 85 and Sr 13,,Sideswipe-Same Direction,2,Clear,Dry,Dark-Lighted
2021-09-29T13:45:00.000,I 85,I 85 and Sr 13,,Rear End,2,Clear,Dry,Daylight
2021-11-25T23:50:00.000,I 85,I 85 and Sr 13,,Head On,2,Rain,Wet,Dark-Lighted
2021-11-16T06:50:00.000,I 85,I 85 and Sr 13,,Rear End,3,Clear,Dry,Daylight
2021-09-23T12:40:00.000,I 85,I 85 and Sr 13,,Rear End,2,Clear,Dry,Daylight
2021-12-03T16:55:00.000,I 85,I 85 and Sr 13,,Rear End,3,Clear,Dry,Daylight
2021-10-11T14:45:00.000,I 85,I 85 and Sr 13,,Rear End,2,Clear,Dry,Daylight
2021-07-14T15:00:00.000,I 85,I 85 and Sr 13,,Rear End,2,Clear,Dry,Daylight
2021-03-16T17:28:00.000,I 85,I 85 and Sr 13,,Rear End,3,Rain,Wet,Daylight
2021-04-02T19:50:00.000,I 85,I 85 and Sr 13,,Rear End,2,Clear,Dry,Daylight
2021-03-31T18:30:00.000,I 85,I 85 and Sr 13,,Rear End,2,Rain,Wet,Daylight
2021-04-01T18:03:00.000,I 85,I 85 and Sr 13,,Rear End,2,Clear,Dry,Daylight
2020-09-03T14:27:00.000,I 85,I 85 and Sr 13,,Sideswipe-Same Direction,2,Cloudy,Dry,Daylight
2020-02-06T15:23:00.000,I 85,I 85 and Sr 13,,Rear End,3,Rain,Wet,Daylight
2020-06-10T18:15:00.000,I 85,I 85 and Sr 13,,Rear End,3,Rain,Wet,Daylight
2020-11-20T19:13:00.000,I 85,I 85 and Sr 13,,Rear End,3,Clear,Dry,Dark-Lighted
2020-10-06T17:35:00.000,I 85,I 85 and Sr 13,,Rear End,2,Clear,Dry,Daylight
2023-08-18T23:20:00.000,I 85,I 85 and Sr 13,,Rear End,2,Clear,Dry,Dark-Lighted
2023-08-28T16:30:00.000,I 85,I 85 and Sr 13,,Rear End,2,Clear,Dry,Daylight
2023-03-02T09:00:00.000,I 85,I 85 and Sr 13,,Rear End,2,Cloudy,Dry,Daylight
2023-05-11T11:47:00.000,I 85,I 85 and Sr 13,,Rear End,2,Clear,Dry,Daylight
2023-10-17T18:26:00.000,I 85,I 85 and Sr 13,,Rear End,2,Clear,Dry,Daylight
2023-06-13T16:46:00.000,I 85,I 85 and Sr 13,,Rear End,2,Clear,Dry,Daylight
2023-05-08T08:00:00.000,I 85,I 85 and Sr 13,,Rear End,2,Cloudy,Wet,Daylight
2023-11-07T13:55:00.000,I 85,I 85 and Sr 13,,Rear End,2,Clear,Dry,Daylight
2023-07-06T14:20:00.000,I 85,I 85 and Sr 13,,Rear End,2,Clear,Dry,Daylight
2023-02-09T13:42:00.000,I 85,I 85 and Sr 13,,Rear End,3,Clear,Dry,Daylight
2023-09-08T08:31:00.000,I 85,I 85 and Sr 13,,Rear End,2,Clear,Dry,Daylight
2023-09-18T08:45:00.000,I 85,I 85 and Sr 13,,Sideswipe-Same Direction,2,Clear,Dry,Daylight