Date and Time,Roadway (From Crash Report),Intersection Name (from Crash Report),KABCO Severity,Manner of Collision (Crash Level) ,# of Vehicles per crash ,Weather Conditions (Crash Level),Surface Condition (Crash Level) ,Light Conditions (Crash Level)
2023-01-23T07:38:00.000,I 85,I 85 and Sr 13,,Rear End,3,Clear,Dry,Daylight
2023-10-09T18:42:00.000,I 85,I 85 and Sr 13,,Rear End,2,Clear,Dry,Daylight
2023-09-07T11:31:00.000,I 85,I 85 and Sr 13,,Rear End,3,Clear,Dry,Daylight
2023-05-26T16:40:00.000,I 85,I 85 and Sr 13,,Rear End,3,Clear,Dry,Daylight
2023-11-03T14:12:00.000,I 85,I 85 and Sr 13,,Rear End,2,Clear,Dry,Daylight
2023-05-01T07:07:00.000,I 85,I 85 and Sr 13,,Sideswipe-Same Direction,2,Clear,Dry,Daylight
2023-01-19T09:29:00.000,I 85,I 85 and Sr 13,,Rear End,2,Cloudy,Wet,Daylight
2023-03-13T08:15:00.000,I 85,I 85 and Sr 13,,Sideswipe-Same Direction,2,Clear,Dry,Daylight
2023-03-23T19:14:00.000,I 85,I 85 and Sr 13,,Rear End,2,Clear,Dry,Dark-Lighted
2023-02-03T08:30:00.000,I 85,I 85 and Sr 13,,Rear End,3,Clear,Dry,Daylight
2023-11-06T07:13:00.000,I 85,I 85 and Sr 13,,Sideswipe-Same Direction,2,Clear,Dry,Daylight
2023-08-29T09:25:00.000,I 85,I 85 and Sr 13,,Rear End,2,Clear,Dry,Daylight
2023-10-09T11:55:00.000,I 85,I 85 and Sr 13,,Rear End,2,Clear,Dry,Daylight
2023-04-14T08:20:00.000,I 85,I 85 and Sr 13,,Rear End,2,Cloudy,Wet,Daylight
2023-04-13T14:40:00.000,I 85,I 85 and Sr 13,,Rear End,3,Clear,Wet,Daylight
2023-03-18T23:51:00.000,I 85,I 85 and Sr 13,,Rear End,2,Clear,Dry,Dark-Lighted
2023-03-10T16:10:00.000,I 85,I 85 and Sr 13,,Sideswipe-Same Direction,2,Clear,Dry,Daylight
2023-05-05T08:05:00.000,I 85,I 85 and Sr 13,,Rear End,2,Cloudy,Dry,Daylight
2023-12-15T09:21:00.000,I 85,I 85 and Sr 13,,Rear End,2,Clear,Dry,Daylight
2023-06-19T10:47:00.000,I 85,I 85 and Sr 13,,Rear End,2,Cloudy,Wet,Daylight
2023-09-01T08:05:00.000,I 85,I 85 and Sr 13,,Rear End,2,Clear,Dry,Daylight
2023-06-09T14:14:00.000,I 85,I 85 and Sr 13,,Rear End,2,Clear,Dry,Daylight
2023-09-11T16:20:00.000,I 85,I 85 and Sr 13,,Sideswipe-Same Direction,4,Clear,Dry,Daylight
2023-12-01T07:24:00.000,I 85,I 85 and Sr 13,,Rear End,2,Rain,Wet,Daylight
2023-07-30T07:47:00.000,I 85,I 85 and Sr 13,,Angle Crash,2,Cloudy,Dry,Daylight
2023-02-18T16:24:00.000,I 85,I 85 and Sr 13,,Rear End,2,Clear,Dry,Daylight
2023-08-07T14:20:00.000,I 85,I 85 and Sr 13,,Rear End,2,Clear,Dry,Daylight
2023-05-11T18:41:00.000,I 85,I 85 and Sr 13,,Rear End,2,Clear,Dry,Daylight
2023-10-24T13:08:00.000,I 85,I 85 and Sr 13,,Rear End,3,Clear,Dry,Daylight
2023-12-01T08:04:00.000,I 85,I 85 and Sr 13,,Rear End,3,Rain,Wet,Daylight
2022-01-28T13:00:00.000,I 85,I 85 and Sr 13,,Rear End,4,Clear,Dry,Daylight
2022-12-22T08:15:00.000,I 85,I 85 and Sr 13,,Not a Collision with Motor Vehicle,2,Rain,Wet,Daylight
2022-07-19T13:45:00.000,I 85,I 85 and Sr 13,,Rear End,2,Cloudy,Wet,Daylight
2022-08-22T16:10:00.000,I 85,I 85 and Sr 13,,Rear End,2,Cloudy,Wet,Daylight
2022-05-23T09:00:00.000,I 85,I 85 and Sr 13,,Rear End,3,Rain,Wet,Daylight
2023-02-17T12:05:00.000,I 85,I 85 and Sr 13,,Rear End,3,Cloudy,Dry,Daylight
2020-02-06T08:30:00.000,I 85,I 85 and Sr 13,,Rear End,4,Rain,Wet,Daylight
2021-10-12T13:05:00.000,I 85,I 85 and Sr 13,,Rear End,2,Clear,Dry,Daylight
2020-12-08T16:40:00.000,I 85,I 85 and Sr 13,,Rear End,2,Clear,Dry,Daylight
2020-01-21T14:41:00.000,I 85,I 85 and Sr 13,,Rear End,2,Cloudy,Dry,Daylight
2020-02-24T12:43:00.000,I 85,I 85 and Sr 13,,Sideswipe-Same Direction,2,Rain,Wet,Daylight
2020-02-13T11:10:00.000,I 85,I 85 and Sr 13,,Sideswipe-Same Direction,2,Rain,Wet,Daylight
2020-12-31T12:48:00.000,I 85,I 85 and Sr 13,,Sideswipe-Same Direction,2,Cloudy,Dry,Daylight
2020-03-12T08:30:00.000,I 85,I 85 and Sr 13,,Sideswipe-Same Direction,6,Cloudy,Wet,Daylight
2020-01-23T15:17:00.000,I 85,I 85 and Sr 13,,Rear End,2,Cloudy,Wet,Daylight
2020-01-27T13:50:00.000,I 85,I 85 and Sr 13,,Rear End,6,Clear,Dry,Daylight
2020-03-10T15:03:00.000,I 85,I 85 and Sr 13,,Rear End,3,Cloudy,Wet,Daylight
2020-01-15T06:30:00.000,I 85,I 85 and Sr 13,,Rear End,3,Clear,Dry,Daylight
2020-08-21T15:59:00.000,I 85,I 85 and Sr 13,,Rear End,3,Cloudy,Dry,Daylight
2020-02-17T11:15:00.000,I 85,I 85 and Sr 13,,Rear End,2,Cloudy,Dry,Daylight
2020-10-05T12:20:00.000,I 85,I 85 and Sr 13,,Rear End,3,Clear,Dry,Daylight
2020-02-25T10:11:00.000,I 85,I 85 and Sr 13,,Rear End,2,Cloudy,Wet,Daylight
2020-09-17T14:50:00.000,I 85,I 85 and Sr 13,,Rear End,2,Rain,Wet,Daylight
2020-09-29T16:23:00.000,I 85,I 85 and Sr 13,,Not a Collision with Motor Vehicle,1,Cloudy,Wet,Daylight
2020-09-24T14:30:00.000,I 85,I 85 and Sr 13,,Rear End,5,Rain,Wet,Daylight
2020-06-12T14:55:00.000,I 85,I 85 and Sr 13,,Not a Collision with Motor Vehicle,2,Clear,Dry,Daylight
2020-11-11T12:50:00.000,I 85,I 85 and Sr 13,,Rear End,2,Rain,Wet,Daylight
2020-02-06T08:10:00.000,I 85,I 85 and Sr 13,,Sideswipe-Same Direction,3,Rain,Wet,Daylight
2020-02-18T11:58:00.000,I 85,I 85 and Sr 13,,Rear End,2,Rain,Wet,Daylight
2020-06-25T17:20:00.000,I 85,I 85 and Sr 13,,Rear End,2,Clear,Dry,Daylight
2020-11-06T15:17:00.000,I 85,I 85 and Sr 13,,Rear End,2,Clear,Dry,Daylight
2020-01-16T12:50:00.000,I 85,I 85 and Sr 13,,Rear End,2,Clear,Dry,Daylight
2020-01-29T13:45:00.000,I 85,I 85 and Sr 13,,Rear End,2,Clear,Dry,Daylight
2020-02-28T10:55:00.000,I 85,I 85 and Sr 13,,Rear End,2,Clear,Dry,Daylight
2020-05-12T16:50:00.000,I 85,I 85 and Sr 13,,Not a Collision with Motor Vehicle,2,Clear,Dry,Daylight
2020-06-10T18:15:00.000,I 85,I 85 and Sr 13,,Rear End,4,Rain,Wet,Daylight
2020-03-11T17:10:00.000,I 85,I 85 and Sr 13,,Sideswipe-Same Direction,2,Rain,Wet,Daylight
2020-07-28T06:16:00.000,I 85,I 85 and Sr 13,,Sideswipe-Same Direction,2,Clear,Dry,Dawn
2020-01-21T09:16:00.000,I 85,I 85 and Sr 13,,Not a Collision with Motor Vehicle,1,Clear,Dry,Daylight
2020-03-30T15:45:00.000,I 85,I 85 and Sr 13,,Sideswipe-Same Direction,2,Clear,Dry,Daylight
2020-06-10T18:15:00.000,I 85,I 85 and Sr 13,,Sideswipe-Same Direction,2,Clear,Dry,Daylight
2020-06-02T16:35:00.000,I 85,I 85 and Sr 13,,Not a Collision with Motor Vehicle,2,Clear,Dry,Daylight
2020-05-18T17:55:00.000,I 85,I 85 and Sr 13,,Rear End,3,Cloudy,Wet,Daylight
2020-10-28T07:20:00.000,I 85,I 85 and Sr 13,,Rear End,7,Rain,Wet,Dark-Lighted
2020-02-25T18:15:00.000,I 85,I 85 and Sr 13,,Rear End,2,Cloudy,Dry,Daylight
2020-02-28T15:57:00.000,I 85,I 85 and Sr 13,,Rear End,2,Cloudy,Dry,Daylight
2020-01-30T17:30:00.000,I 85,I 85 and Sr 13,,Rear End,2,Clear,Dry,Daylight
2020-06-10T18:15:00.000,I 85,I 85 and Sr 13,,Rear End,2,Clear,Wet,Daylight
2020-10-08T12:50:00.000,I 85,I 85 and Sr 13,,Rear End,2,Clear,Dry,Daylight
2020-01-03T10:09:00.000,I 85,I 85 and Sr 13,,Rear End,2,Rain,Wet,Daylight
2020-08-14T17:00:00.000,I 85,I 85 and Sr 13,,Rear End,2,Rain,Wet,Daylight
2020-01-02T15:20:00.000,I 85,I 85 and Sr 13,,Sideswipe-Same Direction,3,Rain,Wet,Daylight
2020-12-03T10:49:00.000,I 85,I 85 and Sr 13,,Not a Collision with Motor Vehicle,5,Clear,Dry,Daylight
2020-12-04T14:20:00.000,I 85,I 85 and Sr 13,,Rear End,3,Rain,Wet,Daylight
2020-05-29T12:40:00.000,I 85,I 85 and Sr 13,,Sideswipe-Same Direction,2,Rain,Wet,Daylight
2020-01-14T07:00:00.000,I 85,I 85 and Sr 13,,Rear End,3,Cloudy,Wet,Daylight
2020-07-29T13:50:00.000,I 85,I 85 and Sr 13,,Rear End,2,Clear,Dry,Daylight
2020-11-20T19:03:00.000,I 85,I 85 and Sr 13,,Sideswipe-Same Direction,2,Clear,Dry,Dark-Lighted
2020-12-18T19:30:00.000,I 85,I 85 and Sr 13,,Rear End,2,Clear,Dry,Dark-Lighted
2020-01-13T20:00:00.000,I 85,I 85 and Sr 13,,Rear End,2,Cloudy,Other,Dark-Lighted
2020-09-24T14:20:00.000,I 85,I 85 and Sr 13,,Rear End,4,Rain,Wet,Daylight
2020-05-18T18:20:00.000,I 85,I 85 and Sr 13,,Rear End,3,Cloudy,Wet,Daylight
2020-01-23T16:35:00.000,I 85,I 85 and Sr 13,,Rear End,2,Rain,Wet,Daylight
2020-01-15T06:45:00.000,I 85,I 85 and Sr 13,,Rear End,5,Cloudy,Wet,Dark-Lighted
2020-02-25T19:03:00.000,I 85,I 85 and Sr 13,,Rear End,2,Cloudy,Dry,Dark-Lighted
2020-11-06T15:17:00.000,I 85,I 85 and Sr 13,,Sideswipe-Same Direction,2,Clear,Dry,Daylight
2020-08-28T14:50:00.000,I 85,I 85 and Sr 13,,Rear End,3,Cloudy,Dry,Daylight
2020-08-26T10:28:00.000,I 85,I 85 and Sr 13,,Rear End,5,Clear,Dry,Daylight
2020-10-05T06:39:00.000,I 85,I 85 and Sr 13,,Rear End,2,Clear,Dry,Daylight
2020-05-01T17:41:00.000,I 85,I 85 and Sr 13,,Sideswipe-Same Direction,2,Clear,Dry,Daylight
2020-02-18T08:45:00.000,I 85,I 85 and Sr 13,,Rear End,2,Rain,Wet,Daylight
2020-03-06T12:12:00.000,I 85,I 85 and Sr 13,,Rear End,6,Clear,Dry,Daylight
2020-09-17T15:25:00.000,I 85,I 85 and Sr 13,,Rear End,2,Rain,Wet,Daylight
2020-01-31T13:01:00.000,I 85,I 85 and Sr 13,,Rear End,2,Rain,Wet,Daylight
2020-09-22T17:50:00.000,I 85,I 85 and Sr 13,,Not a Collision with Motor Vehicle,1,Clear,Dry,Daylight
2020-02-12T15:39:00.000,I 85,I 85 and Sr 13,,Rear End,2,Cloudy,Wet,Daylight
2020-03-05T19:39:00.000,I 85,I 85 and Sr 13,,Rear End,2,Cloudy,Wet,Dark-Lighted
2020-01-03T18:10:00.000,I 85,I 85 and Sr 13,,Rear End,2,Rain,Wet,Dark-Lighted
2020-11-16T19:00:00.000,I 85,I 85 and Sr 13,,Rear End,3,Clear,Dry,Dark-Lighted
2020-06-11T19:08:00.000,I 85,I 85 and Sr 13,,Sideswipe-Same Direction,2,Clear,Dry,Daylight
2020-02-03T08:05:00.000,I 85,I 85 and Sr 13,,Rear End,2,Clear,Dry,Daylight
2020-02-24T13:10:00.000,I 85,I 85 and Sr 13,,Sideswipe-Same Direction,2,Rain,Wet,Daylight
2020-01-23T16:35:00.000,I 85,I 85 and Sr 13,,Rear End,2,Rain,Wet,Daylight
2020-02-14T08:51:00.000,I 85,I 85 and Sr 13,,Rear End,2,Clear,Dry,Daylight
2020-01-16T06:59:00.000,I 85,I 85 and Sr 13,,Sideswipe-Same Direction,2,Cloudy,Wet,Dark-Lighted
2020-10-15T10:25:00.000,I 85,I 85 and Sr 13,,Rear End,2,Cloudy,Dry,Daylight
2020-01-13T06:55:00.000,I 85,I 85 and Sr 13,,Rear End,2,Rain,Wet,Dark-Lighted
2020-08-26T11:01:00.000,I 85,I 85 and Sr 13,,Rear End,2,Clear,Dry,Daylight
2020-05-18T19:30:00.000,I 85,I 85 and Sr 13,,Not a Collision with Motor Vehicle,1,Cloudy,Wet,Daylight
2020-08-14T17:10:00.000,I 85,I 85 and Sr 13,,Rear End,2,Cloudy,Wet,Daylight
2020-08-27T07:40:00.000,I 85,I 85 and Sr 13,,Sideswipe-Same Direction,2,Clear,Dry,Daylight
2020-02-06T17:25:00.000,I 85,I 85 and Sr 13,,Rear End,2,Rain,Wet,Daylight
2020-12-17T18:20:00.000,I 85,I 85 and Sr 13,,Rear End,3,Clear,Dry,Dark-Lighted
2020-03-05T11:34:00.000,I 85,I 85 and Sr 13,,Rear End,2,Rain,Wet,Daylight
2020-01-29T09:52:00.000,I 85,I 85 and Sr 13,,Rear End,2,Cloudy,Dry,Daylight
2020-07-24T14:31:00.000,I 85,I 85 and Sr 13,,Rear End,2,Cloudy,Dry,Daylight
2020-05-18T18:13:00.000,I 85,I 85 and Sr 13,,Rear End,3,Cloudy,Wet,Daylight
2020-10-20T16:40:00.000,I 85,I 85 and Sr 13,,Rear End,2,Clear,Dry,Daylight
2020-03-03T08:16:00.000,I 85,I 85 and Sr 13,,Rear End,3,Rain,Wet,Daylight
2020-06-19T15:55:00.000,I 85,I 85 and Sr 13,,Sideswipe-Same Direction,3,Clear,Dry,Daylight
2020-03-05T13:30:00.000,I 85,I 85 and Sr 13,,Rear End,2,Rain,Wet,Daylight
2020-01-20T17:54:00.000,I 85,I 85 and Sr 13,,Sideswipe-Same Direction,3,Clear,Dry,Daylight
2020-11-19T17:10:00.000,I 85,I 85 and Sr 13,,Rear End,2,Clear,Dry,Daylight
2020-11-17T03:52:00.000,I 85,I 85 and Sr 13,,Rear End,2,Clear,Dry,Dark-Not Lighted
2020-07-24T14:31:00.000,I 85,I 85 and Sr 13,,Rear End,2,Cloudy,Dry,Daylight
2021-01-29T13:42:00.000,I 85,I 85 and Sr 13,,Rear End,3,Clear,Dry,Daylight
2021-04-15T15:35:00.000,I 85,I 85 and Sr 13,,Angle Crash,2,Clear,Dry,Daylight
2021-02-12T18:15:00.000,I 85,I 85 and Sr 13,,Rear End,2,Cloudy,Dry,Daylight
2021-06-30T18:56:00.000,I 85,I 85 and Sr 13,,Sideswipe-Same Direction,2,Cloudy,Dry,Daylight
2021-05-28T11:30:00.000,I 85,I 85 and Sr 13,,Rear End,2,Clear,Dry,Daylight
2021-01-29T13:25:00.000,I 85,I 85 and Sr 13,,Sideswipe-Same Direction,2,Clear,Dry,Daylight
2021-06-18T15:55:00.000,I 85,I 85 and Sr 13,,Sideswipe-Same Direction,2,Clear,Dry,Daylight
2021-02-25T15:25:00.000,I 85,I 85 and Sr 13,,Rear End,2,Clear,Dry,Daylight
2021-04-22T12:00:00.000,I 85,I 85 and Sr 13,,Rear End,2,Clear,Dry,Daylight
2021-04-05T10:50:00.000,I 85,I 85 and Sr 13,,Angle Crash,2,Clear,Dry,Daylight
2021-02-09T16:25:00.000,I 85,I 85 and Sr 13,,Rear End,4,Cloudy,Dry,Daylight
2021-01-28T12:33:00.000,I 85,I 85 and Sr 13,,Sideswipe-Same Direction,2,Clear,Dry,Daylight
2021-06-22T13:18:00.000,I 85,I 85 and Sr 13,,Rear End,2,Clear,Dry,Daylight
2021-01-08T12:59:00.000,I 85,I 85 and Sr 13,,Rear End,2,Rain,Wet,Daylight
2021-12-29T12:30:00.000,I 85,I 85 and Sr 13,,Rear End,3,Rain,Wet,Daylight
2021-08-13T13:40:00.000,I 85,I 85 and Sr 13,,Rear End,2,Clear,Dry,Daylight
2021-08-11T16:15:00.000,I 85,I 85 and Sr 13,,Rear End,4,Rain,Wet,Daylight
2021-12-13T08:20:00.000,I 85,I 85 and Sr 13,,Rear End,2,Clear,Dry,Daylight
2021-10-29T09:35:00.000,I 85,I 85 and Sr 13,,Rear End,5,Cloudy,Dry,Daylight
2021-09-07T13:11:00.000,I 85,I 85 and Sr 13,,Head On,2,Cloudy,Dry,Daylight
2021-10-07T18:36:00.000,I 85,I 85 and Sr 13,,Rear End,2,Cloudy,Wet,Daylight
2021-12-09T07:55:00.000,I 85,I 85 and Sr 13,,Sideswipe-Same Direction,2,Cloudy,Dry,Daylight
2021-12-23T18:00:00.000,I 85,I 85 and Sr 13,,Sideswipe-Same Direction,2,Clear,Dry,Dark-Lighted
2021-07-06T13:50:00.000,I 85,I 85 and Sr 13,,Rear End,4,Clear,Dry,Daylight
2021-12-10T08:00:00.000,I 85,I 85 and Sr 13,,Not a Collision with Motor Vehicle,1,Rain,Wet,Daylight
2021-09-08T16:20:00.000,I 85,I 85 and Sr 13,,Rear End,3,Clear,Dry,Daylight
2021-08-23T15:40:00.000,I 85,I 85 and Sr 13,,Rear End,3,Clear,Dry,Daylight
2021-08-12T17:00:00.000,I 85,I 85 and Sr 13,,Rear End,2,Cloudy,Dry,Daylight
2021-10-28T11:20:00.000,I 85,I 85 and Sr 13,,Rear End,4,Rain,Wet,Daylight
2021-08-17T11:45:00.000,I 85,I 85 and Sr 13,,Sideswipe-Same Direction,2,Rain,Wet,Daylight
2021-11-29T18:40:00.000,I 85,I 85 and Sr 13,,Rear End,3,Clear,Dry,Dark-Lighted
2021-11-09T15:10:00.000,I 85,I 85 and Sr 13,,Rear End,4,Clear,Dry,Daylight
2021-09-07T12:32:00.000,I 85,I 85 and Sr 13,,Rear End,2,Cloudy,Dry,Daylight
2021-12-08T13:09:00.000,I 85,I 85 and Sr 13,,Rear End,2,Cloudy,Wet,Daylight
2021-07-19T06:30:00.000,I 85,I 85 and Sr 13,,Rear End,2,Cloudy,Dry,Daylight
2021-08-24T16:29:00.000,I 85,I 85 and Sr 13,,Rear End,3,Clear,Dry,Daylight
2021-12-08T07:50:00.000,I 85,I 85 and Sr 13,,Rear End,2,Rain,Wet,Daylight
2021-11-30T17:00:00.000,I 85,I 85 and Sr 13,,Rear End,2,Clear,Dry,Daylight
2021-12-08T07:30:00.000,I 85,I 85 and Sr 13,,Rear End,3,Rain,Wet,Daylight
2021-09-23T15:00:00.000,I 85,I 85 and Sr 13,,Rear End,2,Clear,Dry,Daylight
2021-08-17T07:40:00.000,I 85,I 85 and Sr 13,,Rear End,2,Rain,Wet,Daylight
2021-12-13T08:20:00.000,I 85,I 85 and Sr 13,,Rear End,2,Clear,Dry,Daylight
2021-09-23T15:00:00.000,I 85,I 85 and Sr 13,,Rear End,3,Clear,Dry,Daylight
2021-10-22T19:16:00.000,I 85,I 85 and Sr 13,,Sideswipe-Same Direction,2,Clear,Dry,Dark-Not Lighted
2021-11-18T09:50:00.000,I 85,I 85 and Sr 13,,Rear End,2,Clear,Dry,Daylight
2021-12-29T13:15:00.000,I 85,I 85 and Sr 13,,Rear End,2,Rain,Wet,Daylight
2021-11-02T13:49:00.000,I 85,I 85 and Sr 13,,Rear End,4,Clear,Dry,Daylight
2021-12-21T13:20:00.000,I 85,I 85 and Sr 13,,Rear End,2,Clear,Dry,Daylight
2022-10-27T12:10:00.000,I 85,I 85 and Sr 13,,Rear End,3,Clear,Dry,Daylight
2022-09-29T12:25:00.000,I 85,I 85 and Sr 13,,Rear End,2,Clear,Dry,Daylight
2022-02-10T18:50:00.000,I 85,I 85 and Sr 13,,Rear End,2,Clear,Dry,Dark-Lighted
2022-07-29T16:35:00.000,I 85,I 85 and Sr 13,,Rear End,2,Clear,Dry,Daylight
2022-02-08T17:00:00.000,I 85,I 85 and Sr 13,,Rear End,3,Clear,Dry,Daylight
2022-09-29T10:10:00.000,I 85,I 85 and Sr 13,,Rear End,2,Clear,Dry,Daylight
2022-10-03T07:24:00.000,I 85,I 85 and Sr 13,,Rear End,2,Clear,Dry,Daylight
2021-09-29T19:35:00.000,I 85,I 85 and Sr 13,,Rear End,3,Clear,Dry,Dark-Lighted
2021-09-07T07:00:00.000,I 85,I 85 and Sr 13,,Rear End,2,Cloudy,Dry,Daylight
2021-08-06T12:55:00.000,I 85,I 85 and Sr 13,,Rear End,2,Clear,Dry,Daylight
2021-09-14T08:35:00.000,I 85,I 85 and Sr 13,,Rear End,2,Clear,Dry,Daylight
2021-08-11T16:15:00.000,I 85,I 85 and Sr 13,,Rear End,2,Rain,Wet,Daylight
2021-09-08T15:25:00.000,I 85,I 85 and Sr 13,,Rear End,2,Clear,Dry,Daylight
2021-12-29T13:30:00.000,I 85,I 85 and Sr 13,,Rear End,2,Cloudy,Wet,Daylight
2021-09-16T10:00:00.000,I 85,I 85 and Sr 13,,Rear End,3,Rain,Wet,Daylight
2022-09-19T13:12:00.000,I 85,I 85 and Sr 13,,Rear End,2,Clear,Dry,Daylight
2022-03-14T16:36:00.000,I 85,I 85 and Sr 13,,Rear End,2,Clear,Dry,Daylight
2022-05-03T12:08:00.000,I 85,I 85 and Sr 13,,Rear End,2,Clear,Dry,Daylight
2022-11-15T19:36:00.000,I 85,I 85 and Sr 13,,Rear End,2,Clear,Dry,Daylight
2022-06-09T14:30:00.000,I 85,I 85 and Sr 13,,Sideswipe-Same Direction,2,Cloudy,Dry,Daylight
2022-09-26T13:39:00.000,I 85,I 85 and Sr 13,,Rear End,2,Clear,Dry,Daylight
2022-05-24T16:10:00.000,I 85,I 85 and Sr 13,,Rear End,2,Cloudy,Dry,Daylight
2022-09-15T11:00:00.000,I 85,I 85 and Sr 13,,Rear End,2,Clear,Dry,Daylight
2022-05-09T13:39:00.000,I 85,I 85 and Sr 13,,Rear End,2,Clear,Dry,Daylight
2022-03-10T14:11:00.000,I 85,I 85 and Sr 13,,Rear End,2,Clear,Dry,Daylight
2022-05-17T12:20:00.000,I 85,I 85 and Sr 13,,Rear End,2,Clear,Dry,Daylight
2022-09-19T13:11:00.000,I 85,I 85 and Sr 13,,Rear End,2,Clear,Dry,Daylight
2022-08-12T15:55:00.000,I 85,I 85 and Sr 13,,Rear End,3,Clear,Dry,Daylight
2022-06-06T16:10:00.000,I 85,I 85 and Sr 13,,Rear End,3,Rain,Wet,Daylight
2022-05-03T12:08:00.000,I 85,I 85 and Sr 13,,Rear End,2,Clear,Dry,Daylight
2022-07-19T17:42:00.000,I 85,I 85 and Sr 13,,Rear End,3,Cloudy,Dry,Daylight
2022-10-18T14:30:00.000,I 85,I 85 and Sr 13,,Rear End,2,Clear,Dry,Daylight
2022-01-07T16:50:00.000,I 85,I 85 and Sr 13,,Rear End,3,Clear,Dry,Dawn
2022-09-27T06:10:00.000,I 85,I 85 and Sr 13,,Rear End,2,Clear,Dry,Dark-Lighted
2022-04-05T12:00:00.000,I 85,I 85 and Sr 13,,Not a Collision with Motor Vehicle,1,Rain,Wet,Daylight
2022-07-21T14:45:00.000,I 85,I 85 and Sr 13,,Rear End,2,Cloudy,Dry,Daylight
2022-08-08T17:10:00.000,I 85,I 85 and Sr 13,,Rear End,3,Cloudy,Dry,Daylight
2022-08-11T15:16:00.000,I 85,I 85 and Sr 13,,Rear End,2,Clear,Dry,Daylight
2022-09-15T12:25:00.000,I 85,I 85 and Sr 13,,Rear End,2,Clear,Dry,Daylight
2022-12-06T19:20:00.000,I 85,I 85 and Sr 13,,Rear End,2,Fog,Wet,Dark-Not Lighted
2022-01-12T16:10:00.000,I 85,I 85 and Sr 13,,Rear End,2,Clear,Dry,Dawn
2022-03-01T18:08:00.000,I 85,I 85 and Sr 13,,Not a Collision with Motor Vehicle,2,Clear,Dry,Daylight
2022-08-29T08:00:00.000,I 85,I 85 and Sr 13,,Rear End,2,Clear,Dry,Daylight
2022-05-05T12:10:00.000,I 85,I 85 and Sr 13,,Sideswipe-Same Direction,2,Clear,Dry,Daylight
2022-01-21T17:45:00.000,I 85,I 85 and Sr 13,,Sideswipe-Same Direction,2,Cloudy,Dry,Dark-Lighted
2021-09-09T12:50:00.000,I 85,I 85 and Sr 13,,Rear End,4,Cloudy,Dry,Daylight
2021-11-26T19:05:00.000,I 85,I 85 and Sr 13,,Rear End,2,Clear,Dry,Dark-Lighted
2021-12-08T07:00:00.000,I 85,I 85 and Sr 13,,Rear End,2,Rain,Wet,Daylight
2021-08-30T09:00:00.000,I 85,I 85 and Sr 13,,Sideswipe-Same Direction,3,Clear,Dry,Daylight
2022-05-24T07:45:00.000,I 85,I 85 and Sr 13,,Rear End,2,Cloudy,Dry,Daylight
2022-07-21T15:15:00.000,I 85,I 85 and Sr 13,,Rear End,3,Cloudy,Dry,Daylight
2022-10-07T17:30:00.000,I 85,I 85 and Sr 13,,Sideswipe-Same Direction,2,Clear,Dry,Daylight
2022-09-15T14:00:00.000,I 85,I 85 and Sr 13,,Rear End,2,Clear,Dry,Daylight
2022-04-08T09:00:00.000,I 85,I 85 and Sr 13,,Rear End,2,Clear,Dry,Daylight
2022-10-10T16:20:00.000,I 85,I 85 and Sr 13,,Rear End,6,Clear,Dry,Daylight
2022-11-29T14:18:00.000,I 85,I 85 and Sr 13,,Rear End,2,Clear,Dry,Daylight
2022-03-08T13:30:00.000,I 85,I 85 and Sr 13,,Rear End,2,Cloudy,Dry,Daylight
2022-08-11T16:20:00.000,I 85,I 85 and Sr 13,,Rear End,3,Clear,Dry,Daylight
2022-01-12T18:40:00.000,I 85,I 85 and Sr 13,,Sideswipe-Same Direction,2,Clear,Dry,Dark-Lighted
2022-12-05T13:50:00.000,I 85,I 85 and Sr 13,,Sideswipe-Same Direction,2,Rain,Wet,Daylight
2022-03-07T16:10:00.000,I 85,I 85 and Sr 13,,Rear End,2,Cloudy,Dry,Daylight
2022-05-17T12:20:00.000,I 85,I 85 and Sr 13,,Rear End,2,Clear,Dry,Daylight
2022-02-25T08:34:00.000,I 85,I 85 and Sr 13,,Rear End,3,Rain,Wet,Daylight
2022-08-26T14:40:00.000,I 85,I 85 and Sr 13,,Rear End,2,Clear,Dry,Daylight
2022-09-20T07:00:00.000,I 85,I 85 and Sr 13,,Sideswipe-Same Direction,2,Clear,Dry,Dark-Lighted
2022-03-17T17:54:00.000,I 85,I 85 and Sr 13,,Rear End,2,Clear,Dry,Daylight
2022-02-22T16:00:00.000,I 85,I 85 and Sr 13,,Rear End,2,Clear,Dry,Daylight
2022-06-06T17:33:00.000,I 85,I 85 and Sr 13,,Rear End,2,Clear,Wet,Daylight
2022-07-12T13:45:00.000,I 85,I 85 and Sr 13,,Rear End,2,Clear,Dry,Daylight
2022-02-14T16:20:00.000,I 85,I 85 and Sr 13,,Rear End,2,Clear,Dry,Daylight
2022-05-03T12:08:00.000,I 85,I 85 and Sr 13,,Rear End,2,Clear,Dry,Daylight
2022-07-23T20:58:00.000,I 85,I 85 and Sr 13,,Rear End,2,Clear,Dry,Dark-Lighted
2022-07-19T07:05:00.000,I 85,I 85 and Sr 13,,Rear End,3,Rain,Wet,Daylight
2022-12-06T14:10:00.000,I 85,I 85 and Sr 13,,Rear End,3,Cloudy,Wet,Daylight
2022-10-10T16:42:00.000,I 85,I 85 and Sr 13,,Rear End,2,Clear,Dry,Daylight
2022-02-04T08:00:00.000,I 85,I 85 and Sr 13,,Rear End,2,Rain,Wet,Daylight
2022-10-07T10:17:00.000,I 85,I 85 and Sr 13,,Rear End,2,Clear,Dry,Daylight
2022-04-11T12:10:00.000,I 85,I 85 and Sr 13,,Rear End,2,Cloudy,Dry,Daylight
2022-03-08T19:14:00.000,I 85,I 85 and Sr 13,,Rear End,2,Rain,Wet,Dark-Lighted
2022-04-22T15:30:00.000,I 85,I 85 and Sr 13,,Rear End,2,Clear,Dry,Daylight
2022-09-15T16:12:00.000,I 85,I 85 and Sr 13,,Sideswipe-Same Direction,2,Clear,Dry,Daylight
2022-08-30T06:48:00.000,I 85,I 85 and Sr 13,,Rear End,2,Cloudy,Dry,Daylight
2022-06-13T00:00:00.000,I 85,I 85 and Sr 13,,Sideswipe-Same Direction,2,Clear,Dry,Daylight
2022-08-07T00:27:00.000,I 85,I 85 and Sr 13,,Rear End,3,Rain,Wet,Dark-Lighted
2022-11-17T13:23:00.000,I 85,I 85 and Sr 13,,Sideswipe-Same Direction,2,Clear,Dry,Daylight
2022-03-04T12:05:00.000,I 85,I 85 and Sr 13,,Rear End,2,Clear,Dry,Daylight
2022-02-04T06:41:00.000,I 85,I 85 and Sr 13,,Rear End,3,Rain,Wet,Daylight
2022-06-21T17:30:00.000,I 85,I 85 and Sr 13,,Rear End,2,Clear,Dry,Daylight