Date and Time,Roadway (From Crash Report),Intersection Name (from Crash Report),KABCO Severity,Manner of Collision (Crash Level) ,# of Vehicles per crash ,Weather Conditions (Crash Level),Surface Condition (Crash Level) ,Light Conditions (Crash Level)
2021-08-26T18:21:00.000,I 85,I 85 and Sr 109,,Rear End,2,Clear,Dry,Daylight
2021-07-20T18:17:00.000,I 85,I 85 and Sr 109,,Not a Collision with Motor Vehicle,1,Rain,Wet,Daylight
2021-10-15T15:15:00.000,I 85,I 85 and Sr 109,,Rear End,2,Clear,Dry,Daylight
2021-07-06T20:25:00.000,I 85,I 85 and Sr 109,,Sideswipe-Same Direction,2,Rain,Wet,Dark-Not Lighted
2021-12-21T14:20:00.000,I 85,I 85 and Sr 109,,Not a Collision with Motor Vehicle,1,Rain,Wet,Daylight
2021-08-19T14:35:00.000,I 85,I 85 and Sr 109,,Rear End,2,Clear,Dry,Daylight
2021-09-07T00:00:00.000,I 85,I 85 and Sr 109,,Not a Collision with Motor Vehicle,1,Severe Thunderstorm or Tornadic,Wet,Dark-Not Lighted
2021-10-10T13:00:00.000,I 85,I 85 and Sr 109,,Rear End,2,Clear,Dry,Daylight
2021-12-09T19:13:00.000,I 85,I 85 and Sr 109,,Not a Collision with Motor Vehicle,1,Clear,Dry,Dark-Not Lighted
2021-11-24T19:00:00.000,I 85,I 85 and Sr 109,,Rear End,2,Clear,Dry,Dark-Not Lighted
2021-07-13T15:46:00.000,I 85,I 85 and Sr 109,,Not a Collision with Motor Vehicle,1,Clear,Dry,Daylight
2021-10-24T01:25:00.000,I 85,I 85 and Sr 109,,Not a Collision with Motor Vehicle,1,Clear,Dry,Dark-Not Lighted
2021-10-06T08:01:00.000,I 85,I 85 and Sr 109,,Not a Collision with Motor Vehicle,1,Clear,Dry,Daylight
2021-11-09T19:14:00.000,I 85,I 85 and Sr 109,,Sideswipe-Same Direction,2,Cloudy,Dry,Dark-Not Lighted
2022-05-01T21:23:00.000,I 85,I 85 and Sr 109,,Not a Collision with Motor Vehicle,1,Clear,Dry,Dark-Not Lighted
2022-10-08T08:55:00.000,I 85,I 85 and Sr 109,,Not a Collision with Motor Vehicle,1,Clear,Dry,Daylight
2021-09-23T17:19:00.000,I 85,I 85 and Sr 109,,Rear End,2,Clear,Dry,Daylight
2021-11-19T21:55:00.000,I 85,I 85 and Sr 109,,Rear End,2,Clear,Dry,Dark-Not Lighted
2022-03-16T08:00:00.000,I 85,I 85 and Sr 109,,Rear End,2,Cloudy,Wet,Daylight
2022-04-08T07:30:00.000,I 85,I 85 and Sr 109,,Rear End,2,Clear,Dry,Daylight
2022-04-16T08:20:00.000,I 85,I 85 and Sr 109,,Not a Collision with Motor Vehicle,1,Rain,Wet,Daylight
2022-12-31T16:10:00.000,I 85,I 85 and Sr 109,,Rear End,2,Clear,Dry,Daylight
2022-11-26T15:36:00.000,I 85,I 85 and Sr 109,,Rear End,2,Clear,Dry,Daylight
2022-09-16T17:00:00.000,I 85,I 85 and Sr 109,,Rear End,2,Clear,Dry,Daylight
2022-01-02T14:06:00.000,I 85,I 85 and Sr 109,,Rear End,2,Rain,Wet,Daylight
2022-05-25T16:11:00.000,I 85,I 85 and Sr 109,,Not a Collision with Motor Vehicle,1,Rain,Wet,Daylight
2022-11-23T11:14:00.000,I 85,I 85 and Sr 109,,Rear End,2,Clear,Dry,Daylight
2022-05-18T08:20:00.000,I 85,I 85 and Sr 109,,Sideswipe-Same Direction,2,Clear,Dry,Daylight
2022-04-07T15:39:00.000,I 85,I 85 and Sr 109,,Rear End,2,Clear,Dry,Daylight
2022-10-29T20:08:00.000,I 85,I 85 and Sr 109,,Rear End,2,Cloudy,Dry,Dark-Not Lighted
2022-07-21T07:30:00.000,I 85,I 85 and Sr 109,,Rear End,2,Clear,Dry,Daylight
2022-09-20T11:10:00.000,I 85,I 85 and Sr 109,,Not a Collision with Motor Vehicle,1,Rain,Wet,Daylight
2022-09-16T21:00:00.000,I 85,I 85 and Sr 109,,Rear End,2,Clear,Dry,Dark-Not Lighted
2022-11-27T14:28:00.000,I 85,I 85 and Sr 109,,Rear End,2,Clear,Dry,Daylight
2022-01-02T15:08:00.000,I 85,I 85 and Sr 109,,Rear End,2,Rain,Wet,Daylight
2022-07-21T02:00:00.000,I 85,I 85 and Sr 109,,Not a Collision with Motor Vehicle,1,Clear,Dry,Dark-Not Lighted
2022-11-04T21:30:00.000,I 85,I 85 and Sr 109,,Sideswipe-Same Direction,2,Clear,Dry,Dark-Not Lighted
2022-08-12T19:26:00.000,I 85,I 85 and Sr 109,,Rear End,2,Clear,Dry,Daylight
2022-04-27T16:00:00.000,I 85,I 85 and Sr 109,,Rear End,2,Clear,Dry,Daylight
2022-02-17T00:07:00.000,I 85,I 85 and Sr 109,,Angle Crash,2,Cloudy,Dry,Dark-Not Lighted
2022-11-27T18:20:00.000,I 85,I 85 and Sr 109,,Not a Collision with Motor Vehicle,1,Cloudy,Dry,Dark-Not Lighted
2021-09-20T16:10:00.000,I 85,I 85 and Sr 109,,Rear End,2,Clear,Dry,Daylight
2021-08-08T15:11:00.000,I 85,I 85 and Sr 109,,Sideswipe-Same Direction,2,Clear,Dry,Daylight
2021-11-28T12:26:00.000,I 85,I 85 and Sr 109,,Rear End,2,Clear,Dry,Daylight
2021-11-13T21:18:00.000,I 85,I 85 and Sr 109,,Not a Collision with Motor Vehicle,1,Cloudy,Dry,Dark-Not Lighted
2021-10-14T17:35:00.000,I 85,I 85 and Sr 109,,Not a Collision with Motor Vehicle,2,Clear,Dry,Daylight
2022-03-13T23:14:00.000,I 85,I 85 and Sr 109,,Not a Collision with Motor Vehicle,1,Clear,Dry,Dark-Not Lighted
2022-11-25T12:35:00.000,I 85,I 85 and Sr 109,,Not a Collision with Motor Vehicle,1,Rain,Wet,Daylight
2022-07-26T05:52:00.000,I 85,I 85 and Sr 109,,Rear End,2,Clear,Dry,Dark-Not Lighted
2022-04-07T11:40:00.000,I 85,I 85 and Sr 109,,Rear End,2,Clear,Dry,Daylight
2022-04-16T07:57:00.000,I 85,I 85 and Sr 109,,Not a Collision with Motor Vehicle,1,Rain,Wet,Daylight
2022-09-16T17:51:00.000,I 85,I 85 and Sr 109,,Rear End,2,Clear,Dry,Daylight
2022-10-18T17:05:00.000,I 85,I 85 and Sr 109,,Not a Collision with Motor Vehicle,1,Clear,Dry,Daylight
2022-10-12T16:31:00.000,I 85,I 85 and Sr 109,,Not a Collision with Motor Vehicle,1,Rain,Wet,Daylight
2022-07-08T15:05:00.000,I 85,I 85 and Sr 109,,Rear End,2,Cloudy,Wet,Daylight
2022-04-17T03:25:00.000,I 85,I 85 and Sr 109,,Not a Collision with Motor Vehicle,1,Cloudy,Dry,Dark-Not Lighted
2022-06-04T16:00:00.000,I 85,I 85 and Sr 109,,Rear End,3,Clear,Dry,Daylight
2022-03-26T14:05:00.000,I 85,I 85 and Sr 109,,Rear End,2,Clear,Dry,Daylight
2022-04-25T13:15:00.000,I 85,I 85 and Sr 109,,Rear End,2,Clear,Dry,Daylight
2022-03-15T16:56:00.000,I 85,I 85 and Sr 109,,Rear End,2,Cloudy,Wet,Daylight
2022-01-06T05:21:00.000,I 85,I 85 and Sr 109,,Not a Collision with Motor Vehicle,1,Fog,Dry,Dark-Not Lighted
2022-12-26T14:14:00.000,I 85,I 85 and Sr 109,,Rear End,2,Clear,Dry,Daylight
2022-09-02T07:05:00.000,I 85,I 85 and Sr 109,,Rear End,2,Clear,Dry,Daylight
2022-06-11T04:00:00.000,I 85,I 85 and Sr 109,,Not a Collision with Motor Vehicle,1,Clear,Dry,Daylight
2022-08-07T00:00:00.000,I 85,I 85 and Sr 109,,Not a Collision with Motor Vehicle,1,Clear,Dry,Dark-Not Lighted
2022-07-22T18:30:00.000,I 85,I 85 and Sr 109,,Not a Collision with Motor Vehicle,1,Rain,Dry,Daylight
2022-10-13T05:10:00.000,I 85,I 85 and Sr 109,,Sideswipe-Same Direction,2,Clear,Wet,Dark-Not Lighted
2022-09-16T17:51:00.000,I 85,I 85 and Sr 109,,Rear End,3,Clear,Dry,Daylight
2022-06-20T07:40:00.000,I 85,I 85 and Sr 109,,Rear End,2,Clear,Dry,Daylight
2022-11-03T14:04:00.000,I 85,I 85 and Sr 109,,Not a Collision with Motor Vehicle,1,Clear,Dry,Daylight
2022-08-27T17:00:00.000,I 85,I 85 and Sr 109,,Rear End,2,Clear,Dry,Daylight
2022-03-25T10:00:00.000,I 85,I 85 and Sr 109,,Rear End,2,Clear,Dry,Daylight
2022-06-02T17:00:00.000,I 85,I 85 and Sr 109,,Rear End,2,Clear,Dry,Daylight
2022-03-04T06:58:00.000,I 85,I 85 and Sr 109,,Not a Collision with Motor Vehicle,1,Cloudy,Dry,Daylight
2022-08-26T21:20:00.000,I 85,I 85 and Sr 109,,Rear End,2,Clear,Dry,Dark-Not Lighted
2022-01-17T17:18:00.000,I 85,I 85 and Sr 109,,Rear End,2,Clear,Dry,Daylight
2022-08-27T17:00:00.000,I 85,I 85 and Sr 109,,Rear End,4,Clear,Dry,Daylight
2022-01-02T06:40:00.000,I 85,I 85 and Sr 109,,Not a Collision with Motor Vehicle,1,Rain,Wet,Daylight
2022-09-28T16:20:00.000,I 85,I 85 and Sr 109,,Rear End,2,Clear,Dry,Daylight
2022-04-16T07:05:00.000,I 85,I 85 and Sr 109,,Not a Collision with Motor Vehicle,1,Rain,Wet,Daylight
2022-03-07T15:27:00.000,I 85,I 85 and Sr 109,,Not a Collision with Motor Vehicle,1,Rain,Wet,Daylight
2022-04-14T17:42:00.000,I 85,I 85 and Sr 109,,Sideswipe-Same Direction,2,Clear,Dry,Daylight
2022-05-23T05:07:00.000,I 85,I 85 and Sr 109,,Not a Collision with Motor Vehicle,1,Rain,Wet,Dark-Not Lighted
2022-01-05T06:20:00.000,I 85,I 85 and Sr 109,,Rear End,2,Clear,Dry,Dark-Lighted
2022-01-02T09:20:00.000,I 85,I 85 and Sr 109,,Not a Collision with Motor Vehicle,1,Rain,Wet,Daylight
2022-09-05T17:55:00.000,I 85,I 85 and Sr 109,,Rear End,2,Cloudy,Dry,Daylight
2022-09-08T09:05:00.000,I 85,I 85 and Sr 109,,Not a Collision with Motor Vehicle,1,Clear,Dry,Daylight
2022-12-11T19:25:00.000,I 85,I 85 and Sr 109,,Not a Collision with Motor Vehicle,1,Rain,Wet,Dark-Not Lighted
2022-09-09T05:53:00.000,I 85,I 85 and Sr 109,,Sideswipe-Same Direction,2,Clear,Dry,Dark-Not Lighted
2022-10-08T11:04:00.000,I 85,I 85 and Sr 109,,Rear End,2,Clear,Dry,Daylight
2022-11-29T23:10:00.000,I 85,I 85 and Sr 109,,Not a Collision with Motor Vehicle,1,Rain,Wet,Dark-Not Lighted
2022-09-16T17:51:00.000,I 85,I 85 and Sr 109,,Rear End,2,Clear,Dry,Daylight
2022-06-12T17:21:00.000,I 85,I 85 and Sr 109,,Rear End,2,Clear,Dry,Daylight
2022-10-21T20:25:00.000,I 85,I 85 and Sr 109,,Sideswipe-Same Direction,2,Clear,Dry,Dark-Not Lighted
2022-02-25T12:00:00.000,I 85,I 85 and Sr 109,,Rear End,2,Rain,Wet,Daylight
2022-08-05T07:00:00.000,I 85,I 85 and Sr 109,,Sideswipe-Same Direction,2,Clear,Dry,Daylight
2022-01-03T06:38:00.000,I 85,I 85 and Sr 109,,Sideswipe-Same Direction,2,Cloudy,Dry,Daylight
2022-05-20T21:33:00.000,I 85,I 85 and Sr 109,,Sideswipe-Same Direction,2,Cloudy,Dry,Dark-Not Lighted
2022-06-02T15:44:00.000,I 85,I 85 and Sr 109,,Not a Collision with Motor Vehicle,2,Cloudy,Dry,Daylight
2022-09-16T17:00:00.000,I 85,I 85 and Sr 109,,Rear End,2,Clear,Dry,Daylight
2023-08-09T12:40:00.000,I 85,I 85 and Sr 109,,Rear End,2,Clear,Dry,Daylight
2023-10-15T16:15:00.000,I 85,I 85 and Sr 109,,Rear End,2,Cloudy,Dry,Daylight
2023-10-26T07:33:00.000,I 85,I 85 and Sr 109,,Rear End,2,Cloudy,Dry,Dawn
2023-11-29T17:21:00.000,I 85,I 85 and Sr 109,,Rear End,2,Clear,Dry,Daylight
2024-06-16T18:40:00.000,I 85,I 85 and Sr 109,,Angle Crash,2,Clear,Dry,Daylight
2024-07-16T05:40:00.000,I 85,I 85 and Sr 109,,Not a Collision with Motor Vehicle,1,Clear,Dry,Daylight
2024-04-25T21:05:00.000,I 85,I 85 and Sr 109,,Sideswipe-Same Direction,2,Clear,Dry,Dark-Not Lighted
2024-07-20T16:50:00.000,I 85,I 85 and Sr 109,,Rear End,2,Clear,Dry,Daylight
2024-10-23T20:10:00.000,I 85,I 85 and Sr 109,,Not a Collision with Motor Vehicle,1,Clear,Dry,Dark-Not Lighted
2024-09-18T17:18:00.000,I 85,I 85 and Sr 109,,Rear End,2,Clear,Dry,Daylight
2024-04-13T21:45:00.000,I 85,I 85 and Sr 109,,Head On,3,Clear,Dry,Dark-Not Lighted
2024-02-10T08:25:00.000,I 85,I 85 and Sr 109,,Not a Collision with Motor Vehicle,1,Clear,Dry,Daylight
2024-06-14T14:00:00.000,I 85,I 85 and Sr 109,,Rear End,2,Clear,Dry,Daylight
2024-10-18T15:20:00.000,I 85,I 85 and Sr 109,,Rear End,2,Clear,Dry,Daylight
2023-09-08T17:22:00.000,I 85,I 85 and Sr 109,,Rear End,2,Clear,Dry,Daylight
2023-06-14T17:00:00.000,I 85,I 85 and Sr 109,,Not a Collision with Motor Vehicle,1,Rain,Wet,Daylight
2024-09-02T18:30:00.000,I 85,I 85 and Sr 109,,Rear End,2,Clear,Dry,Daylight
2024-12-09T09:23:00.000,I 85,I 85 and Sr 109,,Not a Collision with Motor Vehicle,1,Cloudy,Dry,Daylight
2023-07-19T21:34:00.000,I 85,I 85 and Sr 109,,Not a Collision with Motor Vehicle,1,Clear,Dry,Dark-Not Lighted
2023-04-30T08:09:00.000,I 85,I 85 and Sr 109,,Not a Collision with Motor Vehicle,1,Rain,Wet,Daylight
2023-06-19T05:40:00.000,I 85,I 85 and Sr 109,,Not a Collision with Motor Vehicle,1,Rain,Wet,Dark-Not Lighted
2023-01-22T06:16:00.000,I 85,I 85 and Sr 109,,Not a Collision with Motor Vehicle,1,Rain,Wet,Dark-Not Lighted
2023-03-12T09:59:00.000,I 85,I 85 and Sr 109,,Not a Collision with Motor Vehicle,1,Rain,Wet,Daylight
2023-03-05T06:59:00.000,I 85,I 85 and Sr 109,,Not a Collision with Motor Vehicle,1,Cloudy,Dry,Daylight
2023-01-10T19:19:00.000,I 85,I 85 and Sr 109,,Sideswipe-Same Direction,2,Cloudy,Dry,Dark-Not Lighted
2023-04-13T10:20:00.000,I 85,I 85 and Sr 109,,Not a Collision with Motor Vehicle,1,Rain,Wet,Daylight
2023-03-05T06:46:00.000,I 85,I 85 and Sr 109,,Not a Collision with Motor Vehicle,1,Clear,Dry,Daylight
2023-04-25T15:50:00.000,I 85,I 85 and Sr 109,,Not a Collision with Motor Vehicle,1,Clear,Dry,Daylight
2023-04-15T19:18:00.000,I 85,I 85 and Sr 109,,Rear End,2,Clear,Dry,Daylight
2023-12-21T16:31:00.000,I 85,I 85 and Sr 109,,Sideswipe-Same Direction,2,Clear,Dry,Daylight
2023-07-27T13:58:00.000,I 85,I 85 and Sr 109,,Rear End,2,Clear,Dry,Daylight
2023-04-14T00:40:00.000,I 85,I 85 and Sr 109,,Not a Collision with Motor Vehicle,1,Clear,Dry,Dark-Lighted
2023-10-15T17:39:00.000,I 85,I 85 and Sr 109,,Rear End,2,Cloudy,Wet,Daylight
2023-04-06T07:30:00.000,I 85,I 85 and Sr 109,,Rear End,2,Clear,Dry,Dawn
2023-06-20T19:10:00.000,I 85,I 85 and Sr 109,,Not a Collision with Motor Vehicle,1,Rain,Wet,Daylight
2023-02-25T14:13:00.000,I 85,I 85 and Sr 109,,Not a Collision with Motor Vehicle,1,Cloudy,Wet,Daylight
2023-02-02T06:52:00.000,I 85,I 85 and Sr 109,,Not a Collision with Motor Vehicle,1,Rain,Wet,Dark-Not Lighted
2023-02-20T04:45:00.000,I 85,I 85 and Sr 109,,Not a Collision with Motor Vehicle,1,Clear,Dry,Dark-Not Lighted
2024-02-02T16:04:00.000,I 85,I 85 and Sr 109,,Rear End,2,Clear,Dry,Daylight
2024-11-27T17:00:00.000,I 85,I 85 and Sr 109,,Rear End,2,Clear,Dry,Daylight
2024-01-24T21:33:00.000,I 85,I 85 and Sr 109,,Rear End,2,Clear,Dry,Dark-Not Lighted
2024-08-21T17:42:00.000,I 85,I 85 and Sr 109,,Sideswipe-Same Direction,2,Clear,Dry,Daylight
2024-01-25T09:54:00.000,I 85,I 85 and Sr 109,,Not a Collision with Motor Vehicle,1,Rain,Wet,Daylight
2024-08-01T06:40:00.000,I 85,I 85 and Sr 109,,Not a Collision with Motor Vehicle,1,Clear,Dry,Dawn
2024-07-15T06:30:00.000,I 85,I 85 and Sr 109,,Not a Collision with Motor Vehicle,1,Clear,Dry,Daylight
2024-01-12T15:55:00.000,I 85,I 85 and Sr 109,,Sideswipe-Same Direction,2,Clear,Wet,Daylight
2024-08-17T20:00:00.000,I 85,I 85 and Sr 109,,Not a Collision with Motor Vehicle,1,Rain,Wet,Dark-Not Lighted
2024-07-06T17:30:00.000,I 85,I 85 and Sr 109,,Rear End,2,Clear,Wet,Daylight
2024-04-07T15:25:00.000,I 85,I 85 and Sr 109,,Rear End,2,Clear,Dry,Daylight
2024-10-23T20:40:00.000,I 85,I 85 and Sr 109,,Not a Collision with Motor Vehicle,1,Clear,Dry,Dark-Not Lighted
2024-06-23T16:30:00.000,I 85,I 85 and Sr 109,,Rear End,2,Clear,Dry,Daylight
2024-06-22T14:55:00.000,I 85,I 85 and Sr 109,,Not a Collision with Motor Vehicle,1,Cloudy,Dry,Daylight
2024-07-12T13:45:00.000,I 85,I 85 and Sr 109,,Rear End,2,Clear,Dry,Daylight
2024-12-21T15:05:00.000,I 85,I 85 and Sr 109,,Rear End,2,Clear,Dry,Daylight
2024-02-12T06:45:00.000,I 85,I 85 and Sr 109,,Rear End,2,Clear,Wet,Daylight
2024-03-02T12:58:00.000,I 85,I 85 and Sr 109,,Not a Collision with Motor Vehicle,1,Cloudy,Dry,Daylight
2024-11-27T17:30:00.000,I 85,I 85 and Sr 109,,Rear End,2,Clear,Dry,Dark-Not Lighted
2024-07-06T17:20:00.000,I 85,I 85 and Sr 109,,Rear End,2,Clear,Wet,Daylight
2024-12-23T01:13:00.000,I 85,I 85 and Sr 109,,Not a Collision with Motor Vehicle,1,Cloudy,Dry,Dark-Not Lighted
2024-12-31T21:35:00.000,I 85,I 85 and Sr 109,,Sideswipe-Same Direction,3,Clear,Dry,Dark-Not Lighted
2024-10-28T05:45:00.000,I 85,I 85 and Sr 109,,Not a Collision with Motor Vehicle,1,Clear,Dry,Dark-Not Lighted
2024-06-21T13:58:00.000,I 85,I 85 and Sr 109,,Rear End,2,Clear,Dry,Daylight
2024-02-09T19:48:00.000,I 85,I 85 and Sr 109,,Not a Collision with Motor Vehicle,1,Clear,Dry,Dark-Not Lighted
2024-07-19T18:27:00.000,I 85,I 85 and Sr 109,,Sideswipe-Same Direction,2,Cloudy,Wet,Daylight
2024-10-23T20:50:00.000,I 85,I 85 and Sr 109,,Not a Collision with Motor Vehicle,1,Clear,Dry,Dark-Not Lighted
2024-01-29T18:47:00.000,I 85,I 85 and Sr 109,,Rear End,2,Clear,Dry,Dark-Not Lighted
2024-07-21T08:50:00.000,I 85,I 85 and Sr 109,,Not a Collision with Motor Vehicle,1,Rain,Wet,Daylight
2024-11-08T22:38:00.000,I 85,I 85 and Sr 109,,Not a Collision with Motor Vehicle,1,Clear,Dry,Dark-Not Lighted
2021-07-22T14:02:00.000,I 85,I 85 and Sr 106,,Not a Collision with Motor Vehicle,2,Clear,Dry,Daylight
2023-05-19T09:35:00.000,I 85,I 85 and Sr 106,,Rear End,2,Clear,Dry,Daylight
2023-05-19T20:00:00.000,I 85,I 85 and Sr 106,,Sideswipe-Same Direction,2,Clear,Dry,Daylight
2023-05-30T14:47:00.000,I 85,I 85 and Sr 106,,Rear End,2,Clear,Dry,Daylight
2022-12-18T05:18:00.000,I 85,I 85 and Sr 106,,Not a Collision with Motor Vehicle,1,Clear,Dry,Dark-Not Lighted
2020-09-12T18:13:00.000,I 85,I 85 and Sr 106,,Not a Collision with Motor Vehicle,1,Rain,Wet,Daylight
2020-09-12T16:59:00.000,I 85,I 85 and Sr 106,,Sideswipe-Same Direction,1,Rain,Wet,Dusk
2021-03-26T07:25:00.000,I 85,I 85 and Sr 106,,Not a Collision with Motor Vehicle,1,Cloudy,Wet,Dawn
2021-11-08T14:27:00.000,I 85,I 85 and Sr 106,,Sideswipe-Same Direction,2,Clear,Dry,Daylight
2022-07-17T18:55:00.000,I 85,I 85 and Sr 106,,Sideswipe-Same Direction,2,Clear,Dry,Daylight
2022-06-17T22:57:00.000,I 85,I 85 and Sr 106,,Angle Crash,2,Clear,Dry,Dark-Not Lighted
2022-05-01T18:23:00.000,I 85,I 85 and Sr 106,,Not a Collision with Motor Vehicle,1,Clear,Dry,Daylight
2022-11-16T06:18:00.000,I 85,I 85 and Sr 106,,Rear End,2,Fog,Dry,Daylight
2024-06-24T10:35:00.000,I 85,I 85 and Sr 106,,Rear End,2,Clear,Dry,Daylight
2024-06-08T10:50:00.000,I 85,I 85 and Sr 106,,Not a Collision with Motor Vehicle,1,Clear,Dry,Daylight
2023-08-25T14:21:00.000,I 85,I 85 and Sr 106,,Not a Collision with Motor Vehicle,1,Clear,Dry,Daylight
2023-12-26T17:20:00.000,I 85,I 85 and Sr 106,,Rear End,3,Rain,Wet,Dark-Not Lighted
2023-12-28T16:20:00.000,I 85,I 85 and Sr 106,,Rear End,2,Clear,Dry,Daylight
2024-06-05T14:56:00.000,I 85,I 85 and Sr 106,,Not a Collision with Motor Vehicle,1,Rain,Wet,Daylight
2021-05-08T20:07:00.000,I 85,I 85 and Sr 100,,Sideswipe-Same Direction,2,Cloudy,Dry,Daylight
2021-03-05T00:21:00.000,I 85,I 85 and Sr 100,,Not a Collision with Motor Vehicle,1,Cloudy,Dry,Dark-Not Lighted
2021-09-06T15:32:00.000,I 85,I 85 and Sr 100,,Rear End,2,Clear,Dry,Daylight
2021-11-05T22:21:00.000,I 85,I 85 and Sr 100,,Rear End,2,Clear,Dry,Dark-Not Lighted
2021-10-01T12:50:00.000,I 85,I 85 and Sr 100,,Rear End,2,Clear,Dry,Daylight
2021-05-08T20:54:00.000,I 85,I 85 and Sr 100,,Not a Collision with Motor Vehicle,1,Cloudy,Dry,Dark-Not Lighted
2021-01-11T21:30:00.000,I 85,I 85 and Sr 100,,Not a Collision with Motor Vehicle,2,Rain,Wet,Dark-Not Lighted
2021-11-05T22:21:00.000,I 85,I 85 and Sr 100,,Sideswipe-Same Direction,2,Cloudy,Dry,Dark-Not Lighted
2021-04-10T19:19:00.000,I 85,I 85 and Sr 100,,Rear End,2,Clear,Dry,Daylight
2021-05-23T16:07:00.000,I 85,I 85 and Sr 100,,Rear End,2,Clear,Dry,Daylight
2021-01-25T20:00:00.000,I 85,I 85 and Sr 100,,Sideswipe-Same Direction,3,Cloudy,Dry,Dark-Not Lighted
2021-05-04T16:46:00.000,I 85,I 85 and Sr 100,,Not a Collision with Motor Vehicle,1,Rain,Wet,Daylight
2021-05-29T16:05:00.000,I 85,I 85 and Sr 100,,Not a Collision with Motor Vehicle,1,Clear,Dry,Daylight
2020-09-24T16:40:00.000,I 85,I 85 and Sr 100,,Not a Collision with Motor Vehicle,1,Rain,Wet,Daylight
2023-07-14T16:04:00.000,I 85,I 85 and Sr 100,,Rear End,2,Clear,Dry,Daylight
2023-07-05T15:04:00.000,I 85,I 85 and Sr 100,,Rear End,3,Cloudy,Dry,Daylight
2023-07-12T19:19:00.000,I 85,I 85 and Sr 100,,Not a Collision with Motor Vehicle,1,Rain,Wet,Daylight
2023-07-21T17:48:00.000,I 85,I 85 and Sr 100,,Rear End,4,Clear,Dry,Daylight
2023-07-07T21:20:00.000,I 85,I 85 and Sr 100,,Sideswipe-Same Direction,2,Clear,Dry,Dark-Not Lighted
2022-03-23T06:07:00.000,I 85,I 85 and Sr 100,,Not a Collision with Motor Vehicle,1,Rain,Wet,Dark-Not Lighted
2020-09-05T14:50:00.000,I 85,I 85 and Sr 100,,Not a Collision with Motor Vehicle,1,Clear,Dry,Daylight
2020-10-10T17:30:00.000,I 85,I 85 and Sr 100,,Rear End,2,Cloudy,Wet,Daylight
2020-10-10T17:26:00.000,I 85,I 85 and Sr 100,,Not a Collision with Motor Vehicle,1,Cloudy,Wet,Daylight
2020-10-02T13:40:00.000,I 85,I 85 and Sr 100,,Rear End,2,Clear,Dry,Daylight
2020-09-05T15:20:00.000,I 85,I 85 and Sr 100,,Rear End,2,Clear,Dry,Daylight
2021-06-18T12:30:00.000,I 85,I 85 and Sr 100,,Rear End,3,Clear,Dry,Daylight
2021-02-04T22:28:00.000,I 85,I 85 and Sr 100,,Rear End,2,Cloudy,Dry,Dark-Not Lighted
2021-06-11T15:35:00.000,I 85,I 85 and Sr 100,,Not a Collision with Motor Vehicle,1,Cloudy,Wet,Daylight
2021-02-27T12:28:00.000,I 85,I 85 and Sr 100,,Not a Collision with Motor Vehicle,1,Cloudy,Dry,Daylight
2021-04-27T23:45:00.000,I 85,I 85 and Sr 100,,Sideswipe-Same Direction,2,Clear,Dry,Dark-Not Lighted
2021-01-17T11:25:00.000,I 85,I 85 and Sr 100,,Sideswipe-Same Direction,2,Clear,Dry,Daylight
2021-03-31T13:16:00.000,I 85,I 85 and Sr 100,,Not a Collision with Motor Vehicle,1,Rain,Wet,Daylight
2021-10-21T07:50:00.000,I 85,I 85 and Sr 100,,Not a Collision with Motor Vehicle,1,Clear,Dry,Daylight
2021-07-07T15:03:00.000,I 85,I 85 and Sr 100,,Angle Crash,2,Cloudy,Dry,Daylight
2021-07-23T17:55:00.000,I 85,I 85 and Sr 100,,Rear End,2,Clear,Dry,Daylight
2022-10-14T15:22:00.000,I 85,I 85 and Sr 100,,Angle Crash,2,Clear,Dry,Daylight
2022-11-27T18:33:00.000,I 85,I 85 and Sr 100,,Rear End,2,Clear,Dry,Dark-Not Lighted
2022-04-16T07:24:00.000,I 85,I 85 and Sr 100,,Not a Collision with Motor Vehicle,1,Rain,Wet,Dawn
2022-05-11T14:21:00.000,I 85,I 85 and Sr 100,,Not a Collision with Motor Vehicle,2,Clear,Dry,Daylight
2022-03-14T08:55:00.000,I 85,I 85 and Sr 100,,Rear End,2,Clear,Dry,Daylight
2022-03-07T10:39:00.000,I 85,I 85 and Sr 100,,Rear End,3,Cloudy,Dry,Daylight
2022-03-14T08:20:00.000,I 85,I 85 and Sr 100,,Not a Collision with Motor Vehicle,1,Clear,Dry,Daylight
2022-10-15T06:29:00.000,I 85,I 85 and Sr 100,,Not a Collision with Motor Vehicle,1,Clear,Dry,Dark-Not Lighted
2022-03-22T10:53:00.000,I 85,I 85 and Sr 100,,Angle Crash,2,Clear,Dry,Daylight
2022-06-04T17:15:00.000,I 85,I 85 and Sr 100,,Rear End,2,Clear,Dry,Daylight
2022-10-15T02:30:00.000,I 85,I 85 and Sr 100,,Rear End,2,Clear,Dry,Dark-Not Lighted
2022-03-21T01:24:00.000,I 85,I 85 and Sr 100,,Sideswipe-Same Direction,2,Clear,Dry,Dark-Not Lighted
2022-10-12T15:03:00.000,I 85,I 85 and Sr 100,,Rear End,3,Rain,Wet,Daylight
2022-04-15T05:24:00.000,I 85,I 85 and Sr 100,,Not a Collision with Motor Vehicle,1,Clear,Dry,Dark-Not Lighted
2024-05-05T13:00:00.000,I 85,I 85 and Sr 100,,Not a Collision with Motor Vehicle,1,Clear,Dry,Daylight