Date and Time,Roadway (From Crash Report),Intersection Name (from Crash Report),KABCO Severity,Manner of Collision (Crash Level) ,# of Vehicles per crash ,Weather Conditions (Crash Level),Surface Condition (Crash Level) ,Light Conditions (Crash Level)
2024-01-31T13:35:00.000,I 85,I 85 and Sr 100,,Rear End,2,Clear,Dry,Daylight
2023-08-22T13:55:00.000,I 85,I 85 and Sr 100,,Not a Collision with Motor Vehicle,1,Clear,Dry,Daylight
2024-12-12T18:23:00.000,I 85,I 85 and Sr 100,,Sideswipe-Same Direction,2,Clear,Dry,Dark-Not Lighted
2024-11-01T00:10:00.000,I 85,I 85 and Sr 100,,Not a Collision with Motor Vehicle,1,Clear,Dry,Dark-Not Lighted
2020-03-11T12:35:00.000,I 85,I 85 and Sr 10,,Rear End,2,Clear,Dry,Daylight
2022-01-03T18:18:00.000,I 85,I 85 and Sr  15  Hwy 441,,Rear End,2,Clear,Dry,Dark-Lighted
2022-11-22T21:02:00.000,I 85,I 85 and Sr  15,,Rear End,2,Clear,Dry,Dark-Not Lighted
2020-04-16T14:34:00.000,I 85,I 85 and Spur 14 85 N Rp,,Sideswipe-Same Direction,2,Clear,Dry,Daylight
2021-03-22T15:17:00.000,I 85,I 85 and Spur 14 85 N Rp,,Sideswipe-Same Direction,2,Clear,Dry,Daylight
2021-11-24T14:53:00.000,I 85,I 85 and Spur 14,,Sideswipe-Same Direction,2,Clear,Dry,Daylight
2021-09-03T11:16:00.000,I 85,I 85 and Spur 14,,Rear End,2,Clear,Dry,Daylight
2021-12-03T16:21:00.000,I 85,I 85 and Spur 14,,Rear End,2,Clear,Dry,Daylight
2023-07-25T08:45:00.000,I 85,I 85 and Spur 14,,Sideswipe-Same Direction,2,Clear,Dry,Daylight
2020-02-28T16:56:00.000,I 85,I 85 and Spur 14,,Rear End,3,Clear,Dry,Dusk
2021-04-15T08:56:00.000,I 85,I 85 and Spur 14,,Rear End,2,Cloudy,Dry,Daylight
2021-06-22T15:30:00.000,I 85,I 85 and Spur 14,,Not a Collision with Motor Vehicle,1,Clear,Dry,Daylight
2022-11-29T19:31:00.000,I 85,I 85 and Spur 14,,Rear End,2,Clear,Dry,Dark-Not Lighted
2022-08-05T21:31:00.000,I 85,I 85 and Spur 14,,Sideswipe-Same Direction,2,Clear,Dry,Dark-Lighted
2022-09-09T10:43:00.000,I 85,I 85 and Spur 14,,Sideswipe-Same Direction,2,Clear,Dry,Daylight
2024-05-17T06:41:00.000,I 85,I 85 and Spur 14,,Not a Collision with Motor Vehicle,1,Clear,Dry,Daylight
2024-08-09T11:12:00.000,I 85,I 85 and Spur 14,,Rear End,2,Clear,Dry,Dark-Lighted
2024-09-30T16:45:00.000,I 85,I 85 and Spur 14,,Sideswipe-Same Direction,2,Clear,Dry,Daylight
2024-08-15T17:00:00.000,I 85,I 85 and Spur 14,,Rear End,2,Clear,Dry,Daylight
2023-11-03T08:55:00.000,I 85,I 85 and Sprout Springs Road Opas,,Sideswipe-Same Direction,2,Clear,Dry,Daylight
2020-06-29T09:05:00.000,I 85,I 85 and Sprout Springs Rd,,Not a Collision with Motor Vehicle,1,Clear,Dry,Daylight
2024-05-10T07:00:00.000,I 85,I 85 and Sprout Springs Rd,,Sideswipe-Same Direction,2,Cloudy,Wet,Daylight
2020-02-28T15:55:00.000,I 85,I 85 and Springs St,,Rear End,2,Clear,Dry,Daylight
2020-10-09T15:57:00.000,I 85,I 85 and Springs St,,Rear End,2,Rain,Wet,Daylight
2023-06-19T07:00:00.000,I 85,I 85 and Springhaven Ave,,Not a Collision with Motor Vehicle,1,Rain,Wet,Dawn
2020-07-06T20:17:00.000,I 85,I 85 and Spring Street Opas,,Not a Collision with Motor Vehicle,1,Rain,Wet,Dusk
2020-07-08T11:45:00.000,I 85,I 85 and Spring St Exit,,Not a Collision with Motor Vehicle,1,Clear,Dry,Daylight
2021-04-24T22:06:00.000,I 85,I 85 and Spring St,,Rear End,2,Clear,Dry,Dark-Not Lighted
2021-01-01T19:15:00.000,I 85,I 85 and Spring St,,Rear End,2,Cloudy,Wet,Dark-Lighted
2021-06-02T12:24:00.000,I 85,I 85 and Spring St,,Rear End,2,Clear,Dry,Daylight
2021-06-29T17:40:00.000,I 85,I 85 and Spring St,,Sideswipe-Same Direction,2,Clear,Dry,Daylight
2021-02-05T09:40:00.000,I 85,I 85 and Spring St,,Not a Collision with Motor Vehicle,1,Clear,Wet,Daylight
2021-05-27T09:29:00.000,I 85,I 85 and Spring St,,Sideswipe-Same Direction,2,Clear,Dry,Daylight
2021-03-09T09:20:00.000,I 85,I 85 and Spring St,,Rear End,3,Clear,Dry,Daylight
2021-05-04T14:10:00.000,I 85,I 85 and Spring St,,Angle Crash,2,Rain,Wet,Daylight
2021-01-28T18:50:00.000,I 85,I 85 and Spring St,,Sideswipe-Same Direction,2,Clear,Dry,Daylight
2021-04-24T22:49:00.000,I 85,I 85 and Spring St,,Rear End,3,Clear,Dry,Dark-Not Lighted
2021-04-29T19:00:00.000,I 85,I 85 and Spring St,,Sideswipe-Same Direction,2,Cloudy,Dry,Daylight
2021-06-21T17:16:00.000,I 85,I 85 and Spring St,,Rear End,2,Cloudy,Dry,Daylight
2021-02-09T19:45:00.000,I 85,I 85 and Spring St,,Sideswipe-Same Direction,2,Cloudy,Dry,Dark-Lighted
2021-09-16T06:05:00.000,I 85,I 85 and Spring St,,Sideswipe-Same Direction,2,Rain,Wet,Daylight
2021-03-31T18:03:00.000,I 85,I 85 and Spring St,,Rear End,2,Rain,Wet,Daylight
2021-07-16T17:17:00.000,I 85,I 85 and Spring St,,Rear End,3,Clear,Dry,Daylight
2021-07-01T14:55:00.000,I 85,I 85 and Spring St,,Rear End,2,Clear,Dry,Daylight
2021-01-26T07:00:00.000,I 85,I 85 and Spring St,,Not a Collision with Motor Vehicle,1,Rain,Wet,Dark-Lighted
2021-06-11T14:50:00.000,I 85,I 85 and Spring St,,Rear End,2,Rain,Wet,Daylight
2021-06-11T08:54:00.000,I 85,I 85 and Spring St,,Rear End,2,Cloudy,Dry,Daylight
2021-06-10T06:05:00.000,I 85,I 85 and Spring St,,Not a Collision with Motor Vehicle,1,Cloudy,Wet,Dark-Lighted
2021-04-27T14:56:00.000,I 85,I 85 and Spring St,,Angle Crash,2,Clear,Dry,Daylight
2020-02-17T16:14:00.000,I 85,I 85 and Spring St,,Rear End,2,Cloudy,Dry,Daylight
2020-06-22T13:00:00.000,I 85,I 85 and Spring St,,Sideswipe-Same Direction,3,Clear,Dry,Daylight
2020-10-28T06:00:00.000,I 85,I 85 and Spring St,,Head On,2,Rain,Wet,Dark-Not Lighted
2020-01-27T18:50:00.000,I 85,I 85 and Spring St,,Sideswipe-Same Direction,2,Clear,Dry,Dark-Not Lighted
2020-08-25T06:15:00.000,I 85,I 85 and Spring St,,Not a Collision with Motor Vehicle,1,Rain,Wet,Dark-Lighted
2020-06-10T19:40:00.000,I 85,I 85 and Spring St,,Angle Crash,3,Cloudy,Wet,Daylight
2020-02-05T05:16:00.000,I 85,I 85 and Spring St,,Sideswipe-Same Direction,2,Cloudy,Dry,Dark-Lighted
2020-08-24T14:33:00.000,I 85,I 85 and Spring St,,Rear End,2,Cloudy,Dry,Daylight
2020-10-29T16:25:00.000,I 85,I 85 and Spring St,,Sideswipe-Same Direction,2,Clear,Dry,Daylight
2020-05-14T16:31:00.000,I 85,I 85 and Spring St,,Rear End,2,Clear,Dry,Daylight
2020-08-11T09:20:00.000,I 85,I 85 and Spring St,,Rear End,2,Cloudy,Wet,Daylight
2020-08-11T09:00:00.000,I 85,I 85 and Spring St,,Not a Collision with Motor Vehicle,1,Cloudy,Wet,Daylight
2020-06-15T19:00:00.000,I 85,I 85 and Spring St,,Not a Collision with Motor Vehicle,1,Clear,Dry,Daylight
2020-03-05T17:17:00.000,I 85,I 85 and Spring St,,Rear End,3,Cloudy,Wet,Daylight
2020-12-15T13:00:00.000,I 85,I 85 and Spring St,,Rear End,2,Clear,Dry,Daylight
2020-06-10T14:30:00.000,I 85,I 85 and Spring St,,Rear End,2,Cloudy,Wet,Daylight
2020-04-20T09:40:00.000,I 85,I 85 and Spring St,,Sideswipe-Same Direction,3,Cloudy,Wet,Daylight
2020-03-24T11:05:00.000,I 85,I 85 and Spring St,,Not a Collision with Motor Vehicle,1,Rain,Wet,Daylight
2020-02-14T07:15:00.000,I 85,I 85 and Spring St,,Sideswipe-Same Direction,2,Clear,Dry,Daylight
2020-08-25T06:14:00.000,I 85,I 85 and Spring St,,Rear End,2,Cloudy,Wet,Dark-Lighted
2020-11-26T06:15:00.000,I 85,I 85 and Spring St,,Sideswipe-Same Direction,3,Rain,Wet,Dark-Lighted
2020-01-28T15:59:00.000,I 85,I 85 and Spring St,,Sideswipe-Same Direction,2,Clear,Dry,Daylight
2020-03-03T07:15:00.000,I 85,I 85 and Spring St,,Sideswipe-Same Direction,2,Cloudy,Wet,Daylight
2020-05-01T16:08:00.000,I 85,I 85 and Spring St,,Rear End,2,Clear,Dry,Daylight
2020-11-20T18:30:00.000,I 85,I 85 and Spring St,,Rear End,2,Clear,Dry,Dark-Lighted
2020-04-02T16:05:00.000,I 85,I 85 and Spring St,,Sideswipe-Same Direction,2,Clear,Dry,Daylight
2020-03-31T13:05:00.000,I 85,I 85 and Spring St,,Not a Collision with Motor Vehicle,1,Cloudy,Wet,Daylight
2020-03-12T07:00:00.000,I 85,I 85 and Spring St,,Sideswipe-Same Direction,3,Rain,Wet,Dark-Lighted
2020-06-12T07:50:00.000,I 85,I 85 and Spring St,,Sideswipe-Same Direction,2,Clear,Dry,Daylight
2020-08-26T16:00:00.000,I 85,I 85 and Spring St,,Not a Collision with Motor Vehicle,1,Cloudy,Dry,Daylight
2020-02-20T07:00:00.000,I 85,I 85 and Spring St,,Sideswipe-Same Direction,2,Rain,Wet,Daylight
2020-08-24T10:31:00.000,I 85,I 85 and Spring St,,Rear End,2,Cloudy,Wet,Daylight
2020-01-24T06:50:00.000,I 85,I 85 and Spring St,,Rear End,3,Rain,Wet,Dark-Lighted
2020-08-24T19:00:00.000,I 85,I 85 and Spring St,,Not a Collision with Motor Vehicle,1,Rain,Wet,Daylight
2021-04-14T07:49:00.000,I 85,I 85 and Spring St,,Not a Collision with Motor Vehicle,1,Clear,Dry,Daylight
2021-01-02T09:22:00.000,I 85,I 85 and Spring St,,Angle Crash,1,Cloudy,Wet,Daylight
2021-02-15T11:04:00.000,I 85,I 85 and Spring St,,Sideswipe-Same Direction,2,Rain,Wet,Daylight
2021-04-24T22:49:00.000,I 85,I 85 and Spring St,,Rear End,2,Clear,Dry,Dark-Not Lighted
2021-01-19T09:39:00.000,I 85,I 85 and Spring St,,Rear End,2,Clear,Dry,Daylight
2021-06-10T05:45:00.000,I 85,I 85 and Spring St,,Not a Collision with Motor Vehicle,1,Cloudy,Wet,Dark-Lighted
2021-09-14T10:35:00.000,I 85,I 85 and Spring St,,Sideswipe-Same Direction,2,Clear,Dry,Daylight
2021-09-20T16:30:00.000,I 85,I 85 and Spring St,,Sideswipe-Same Direction,2,Rain,Wet,Daylight
2021-09-22T09:40:00.000,I 85,I 85 and Spring St,,Sideswipe-Same Direction,2,Cloudy,Wet,Daylight
2024-10-01T12:44:00.000,I 85,I 85 and Spout Springs Road Opas,,Not a Collision with Motor Vehicle,2,Clear,Dry,Daylight
2020-12-31T14:23:00.000,I 85,I 85 and Spout Springs Rd Opas,,Rear End,2,Rain,Wet,Daylight
2021-03-17T07:21:00.000,I 85,I 85 and Spout Springs Rd,,Angle Crash,2,Fog,Wet,Dark-Not Lighted
2021-06-29T02:15:00.000,I 85,I 85 and Spout Springs Rd,,Rear End,2,Clear,Wet,Dark-Lighted
2023-05-28T10:54:00.000,I 85,I 85 and Spout Springs Rd,,Rear End,2,Clear,Dry,Daylight
2023-07-16T11:31:00.000,I 85,I 85 and Spout Springs Rd,,Not a Collision with Motor Vehicle,1,Cloudy,Dry,Daylight
2024-10-20T19:35:00.000,I 85,I 85 and Spout Springs Rd,,Angle Crash,1,Clear,Dry,Dark-Not Lighted
2021-03-28T08:40:00.000,I 85,I 85 and Spout Springs Rd,,Rear End,2,Cloudy,Dry,Daylight
2021-11-27T14:20:00.000,I 85,I 85 and Spout Springs Rd,,Not a Collision with Motor Vehicle,1,Clear,Dry,Daylight
2022-02-06T06:35:00.000,I 85,I 85 and Spout Springs Rd,,Rear End,2,Clear,Dry,Dawn
2022-07-29T20:17:00.000,I 85,I 85 and Spout Springs Rd,,Angle Crash,2,Cloudy,Dry,Daylight
2022-03-08T21:55:00.000,I 85,I 85 and Spout Springs Rd,,Angle Crash,2,Rain,Wet,Dark-Lighted
2023-04-08T22:47:00.000,I 85,I 85 and Spout Springs Rd,,Angle Crash,2,Rain,Wet,Dark-Lighted
2024-09-23T07:15:00.000,I 85,I 85 and Spout Springs Rd,,Not a Collision with Motor Vehicle,2,Clear,Dry,Daylight
2023-10-09T22:40:00.000,I 85,I 85 and Spout Springs Rd,,Not a Collision with Motor Vehicle,1,Clear,Dry,Dark-Lighted
2023-06-25T00:00:00.000,I 85,I 85 and Spout Springs Rd,,Not a Collision with Motor Vehicle,1,Cloudy,Dry,Dark-Not Lighted
2024-04-04T22:58:00.000,I 85,I 85 and Spout Springs Rd,,Not a Collision with Motor Vehicle,1,Cloudy,Dry,Dark-Not Lighted
2024-03-20T20:08:00.000,I 85,I 85 and Spout Springs Rd,,Rear End,2,Clear,Dry,Dark-Not Lighted
2024-11-03T00:25:00.000,I 85,I 85 and Spout Springs Rd,,Not a Collision with Motor Vehicle,1,Clear,Dry,Dark-Not Lighted
2022-05-12T06:40:00.000,I 85,I 85 and Spout Springs Opas,,Sideswipe-Same Direction,2,Clear,Dry,Daylight
2020-01-11T21:37:00.000,I 85,I 85 and Spout Springs Brg,,Rear End,2,Rain,Wet,Dark-Lighted
2024-10-13T13:27:00.000,I 85,I 85 and Spout Spgs,,Rear End,2,Clear,Dry,Daylight
2024-08-28T13:00:00.000,I 85,I 85 and Spout Spgs,,Angle Crash,2,Clear,Dry,Daylight
2023-08-11T08:10:00.000,I 85,I 85 and Split,,Angle Crash,2,Rain,Wet,Daylight
2020-10-11T00:47:00.000,I 85,I 85 and Spence Rd Opas,,Not a Collision with Motor Vehicle,1,Cloudy,Wet,Dark-Not Lighted
2021-12-15T18:15:00.000,I 85,I 85 and Spence Rd,,Rear End,2,Clear,Dry,Dark-Not Lighted
2021-12-30T03:36:00.000,I 85,I 85 and Spence Rd,,Not a Collision with Motor Vehicle,1,Rain,Wet,Dark-Not Lighted
2021-03-12T18:16:00.000,I 85,I 85 and Spence Rd,,Sideswipe-Same Direction,2,Clear,Dry,Daylight
2021-01-29T17:03:00.000,I 85,I 85 and Spence Rd,,Rear End,2,Clear,Dry,Dark-Not Lighted
2021-03-16T15:35:00.000,I 85,I 85 and Spence Rd,,Rear End,2,Rain,Wet,Daylight
2021-01-17T03:06:00.000,I 85,I 85 and Spence Rd,,Angle Crash,3,Clear,Dry,Dark-Lighted
2021-08-28T16:20:00.000,I 85,I 85 and Spence Rd,,Sideswipe-Same Direction,2,Clear,Dry,Daylight
2021-07-22T17:10:00.000,I 85,I 85 and Spence Rd,,Rear End,2,Clear,Dry,Daylight
2021-09-23T16:00:00.000,I 85,I 85 and Spence Rd,,Rear End,3,Clear,Dry,Daylight
2021-12-16T17:27:00.000,I 85,I 85 and Spence Rd,,Not a Collision with Motor Vehicle,1,Clear,Dry,Daylight
2021-09-20T12:16:00.000,I 85,I 85 and Spence Rd,,Not a Collision with Motor Vehicle,2,Rain,Wet,Daylight
2021-11-30T07:46:00.000,I 85,I 85 and Spence Rd,,Rear End,2,Clear,Dry,Daylight
2021-01-17T03:06:00.000,I 85,I 85 and Spence Rd,,Sideswipe-Same Direction,2,Clear,Dry,Dark-Not Lighted
2021-03-15T17:18:00.000,I 85,I 85 and Spence Rd,,Rear End,2,Clear,Dry,Daylight
2021-04-07T14:55:00.000,I 85,I 85 and Spence Rd,,Angle Crash,2,Clear,Dry,Daylight
2021-04-07T21:35:00.000,I 85,I 85 and Spence Rd,,Sideswipe-Same Direction,4,Clear,Dry,Dark-Not Lighted
2020-02-17T17:55:00.000,I 85,I 85 and Spence Rd,,Sideswipe-Same Direction,2,Cloudy,Dry,Daylight
2023-04-06T00:38:00.000,I 85,I 85 and Spence Rd,,Rear End,2,Clear,Dry,Dark-Not Lighted
2023-04-24T23:00:00.000,I 85,I 85 and Spence Rd,,Sideswipe-Same Direction,2,Clear,Dry,Daylight
2023-05-19T11:30:00.000,I 85,I 85 and Spence Rd,,Sideswipe-Same Direction,3,Cloudy,Dry,Daylight
2023-12-16T19:40:00.000,I 85,I 85 and Spence Rd,,Rear End,2,Rain,Wet,Dark-Lighted
2023-08-07T19:03:00.000,I 85,I 85 and Spence Rd,,Rear End,3,Cloudy,Wet,Dusk
2022-07-03T16:04:00.000,I 85,I 85 and Spence Rd,,Not a Collision with Motor Vehicle,1,Rain,Wet,Daylight
2022-07-29T05:15:00.000,I 85,I 85 and Spence Rd,,Angle Crash,2,Clear,Dry,Dark-Not Lighted
2020-09-11T08:06:00.000,I 85,I 85 and Spence Rd,,Rear End,3,Cloudy,Dry,Daylight
2020-05-10T20:20:00.000,I 85,I 85 and Spence Rd,,Not a Collision with Motor Vehicle,1,Clear,Dry,Dusk
2020-06-05T07:49:00.000,I 85,I 85 and Spence Rd,,Rear End,2,Cloudy,Dry,Daylight
2020-05-29T18:00:00.000,I 85,I 85 and Spence Rd,,Sideswipe-Same Direction,2,Clear,Dry,Daylight
2020-07-05T01:45:00.000,I 85,I 85 and Spence Rd,,Angle Crash,2,(None),Dry,Dark-Lighted
2020-09-03T00:18:00.000,I 85,I 85 and Spence Rd,,Not a Collision with Motor Vehicle,1,Clear,Dry,Dark-Lighted
2020-01-22T08:09:00.000,I 85,I 85 and Spence Rd,,Rear End,2,Clear,Dry,Daylight
2020-06-09T14:22:00.000,I 85,I 85 and Spence Rd,,Not a Collision with Motor Vehicle,1,Rain,Wet,Daylight
2020-07-07T08:30:00.000,I 85,I 85 and Spence Rd,,Not a Collision with Motor Vehicle,1,Cloudy,Dry,Dusk
2020-06-30T13:36:00.000,I 85,I 85 and Spence Rd,,Rear End,2,Cloudy,Dry,Daylight
2020-12-29T14:56:00.000,I 85,I 85 and Spence Rd,,Sideswipe-Same Direction,2,Clear,Dry,Daylight
2020-11-06T07:55:00.000,I 85,I 85 and Spence Rd,,Rear End,2,Clear,Dry,Daylight
2020-01-17T17:39:00.000,I 85,I 85 and Spence Rd,,Rear End,2,Clear,Dry,Daylight
2020-09-01T10:17:00.000,I 85,I 85 and Spence Rd,,Rear End,1,Cloudy,Dry,Daylight
2020-03-13T13:00:00.000,I 85,I 85 and Spence Rd,,Rear End,4,Clear,Dry,Daylight
2020-03-09T15:00:00.000,I 85,I 85 and Spence Rd,,Rear End,2,Clear,Dry,Daylight
2020-09-17T14:11:00.000,I 85,I 85 and Spence Rd,,Rear End,4,Rain,Wet,Daylight
2020-06-11T14:30:00.000,I 85,I 85 and Spence Rd,,Rear End,2,Clear,Dry,Daylight
2020-05-18T16:55:00.000,I 85,I 85 and Spence Rd,,Sideswipe-Same Direction,2,Cloudy,Wet,Daylight
2020-03-21T03:23:00.000,I 85,I 85 and Spence Rd,,Rear End,2,Cloudy,Dry,Dark-Not Lighted
2020-11-18T18:21:00.000,I 85,I 85 and Spence Rd,,Rear End,2,Clear,Dry,Daylight
2020-07-26T21:07:00.000,I 85,I 85 and Spence Rd,,(None),2,(None),(None),(None)
2020-04-01T12:59:00.000,I 85,I 85 and Spence Rd,,Sideswipe-Same Direction,2,Clear,Dry,Daylight
2020-05-12T15:34:00.000,I 85,I 85 and Spence Rd,,(None),3,(None),(None),(None)
2020-05-29T18:40:00.000,I 85,I 85 and Spence Rd,,(None),2,(None),(None),(None)
2020-08-12T14:48:00.000,I 85,I 85 and Spence Rd,,Rear End,3,Cloudy,Dry,Daylight
2021-01-18T22:48:00.000,I 85,I 85 and Spence Rd,,Not a Collision with Motor Vehicle,1,Clear,Dry,Dark-Not Lighted
2021-06-15T11:52:00.000,I 85,I 85 and Spence Rd,,Rear End,2,Clear,Dry,Daylight
2021-03-04T08:35:00.000,I 85,I 85 and Spence Rd,,Rear End,2,Clear,Dry,Daylight
2021-07-13T00:00:00.000,I 85,I 85 and Spence Rd,,Rear End,4,Clear,Dry,Daylight
2021-12-07T07:53:00.000,I 85,I 85 and Spence Rd,,Rear End,1,Clear,Dry,Daylight
2021-12-07T08:12:00.000,I 85,I 85 and Spence Rd,,Rear End,2,Clear,Dry,Daylight
2021-07-22T17:33:00.000,I 85,I 85 and Spence Rd,,Rear End,2,Clear,Dry,Daylight
2022-08-05T12:55:00.000,I 85,I 85 and Spence Rd,,Rear End,2,Clear,Dry,Daylight
2022-06-24T13:42:00.000,I 85,I 85 and Spence Rd,,Sideswipe-Same Direction,3,Clear,Dry,Daylight
2022-03-04T21:49:00.000,I 85,I 85 and Spence Rd,,Angle Crash,2,Clear,Dry,Dark-Lighted
2022-12-08T15:40:00.000,I 85,I 85 and Spence Rd,,Rear End,2,Cloudy,Dry,Daylight
2022-06-24T15:46:00.000,I 85,I 85 and Spence Rd,,Sideswipe-Same Direction,2,Clear,Dry,Daylight
2022-05-24T13:10:00.000,I 85,I 85 and Spence Rd,,Rear End,2,Cloudy,Dry,Daylight
2022-10-22T18:18:00.000,I 85,I 85 and Spence Rd,,Sideswipe-Same Direction,2,Clear,Dry,Daylight
2022-07-21T12:40:00.000,I 85,I 85 and Spence Rd,,Sideswipe-Same Direction,2,Rain,Wet,Daylight
2022-11-27T17:19:00.000,I 85,I 85 and Spence Rd,,Rear End,4,Clear,Dry,(None)
2022-09-26T16:30:00.000,I 85,I 85 and Spence Rd,,Rear End,4,Clear,Dry,Daylight
2021-08-18T18:26:00.000,I 85,I 85 and Spence Rd,,Rear End,3,Clear,Dry,Daylight
2022-08-17T12:00:00.000,I 85,I 85 and Spence Rd,,Sideswipe-Same Direction,2,Clear,Dry,Daylight
2022-10-11T18:22:00.000,I 85,I 85 and Spence Rd,,Rear End,2,Clear,Dry,Daylight
2022-04-20T08:36:00.000,I 85,I 85 and Spence Rd,,Rear End,2,Clear,Dry,Daylight
2022-02-28T16:34:00.000,I 85,I 85 and Spence Rd,,Angle Crash,2,Clear,Dry,Daylight
2022-12-31T10:18:00.000,I 85,I 85 and Spence Rd,,Angle Crash,1,Rain,Wet,Daylight
2022-12-07T08:12:00.000,I 85,I 85 and Spence Rd,,Sideswipe-Same Direction,3,Clear,Dry,Daylight
2022-04-01T22:25:00.000,I 85,I 85 and Spence Rd,,Rear End,2,Clear,Dry,Dark-Not Lighted
2022-09-14T09:28:00.000,I 85,I 85 and Spence Rd,,Rear End,4,Clear,Dry,Daylight
2022-04-05T13:55:00.000,I 85,I 85 and Spence Rd,,Sideswipe-Same Direction,1,Rain,Wet,Daylight
2022-08-01T17:05:00.000,I 85,I 85 and Spence Rd,,Rear End,2,Cloudy,Wet,Daylight
2022-08-05T13:55:00.000,I 85,I 85 and Spence Rd,,(None),2,Clear,Dry,Daylight
2022-10-13T15:47:00.000,I 85,I 85 and Spence Rd,,Sideswipe-Same Direction,2,Clear,Dry,Daylight
2022-04-07T00:35:00.000,I 85,I 85 and Spence Rd,,Not a Collision with Motor Vehicle,1,Rain,Wet,Dark-Not Lighted
2022-01-12T09:30:00.000,I 85,I 85 and Spence Rd,,Rear End,3,Cloudy,Wet,Daylight
2022-03-21T13:02:00.000,I 85,I 85 and Spence Rd,,Rear End,2,Clear,Dry,Daylight
2022-12-30T04:19:00.000,I 85,I 85 and Spence Rd,,Rear End,2,Clear,Dry,Dark-Not Lighted
2022-04-14T16:20:00.000,I 85,I 85 and Spence Rd,,Rear End,2,Clear,Dry,Daylight
2022-07-02T13:05:00.000,I 85,I 85 and Spence Rd,,Rear End,2,Clear,Dry,Daylight
2022-05-23T08:40:00.000,I 85,I 85 and Spence Rd,,Rear End,2,Rain,Wet,Daylight
2022-05-02T07:52:00.000,I 85,I 85 and Spence Rd,,Rear End,3,Clear,Dry,Daylight
2022-04-18T12:42:00.000,I 85,I 85 and Spence Rd,,Not a Collision with Motor Vehicle,1,Clear,Dry,Daylight
2022-04-23T11:38:00.000,I 85,I 85 and Spence Rd,,Rear End,5,Clear,Dry,Daylight
2024-03-18T16:29:00.000,I 85,I 85 and Spence Rd,,Sideswipe-Same Direction,2,Cloudy,Dry,Daylight
2024-01-11T12:00:00.000,I 85,I 85 and Spence Rd,,Rear End,2,Clear,Dry,Daylight
2024-05-25T11:20:00.000,I 85,I 85 and Spence Rd,,Not a Collision with Motor Vehicle,1,Rain,Wet,Daylight
2023-04-12T09:53:00.000,I 85,I 85 and Spence Rd,,Rear End,3,Clear,Dry,Daylight
2024-06-01T10:19:00.000,I 85,I 85 and Spence Rd,,Rear End,3,Clear,Dry,Daylight
2023-08-07T19:03:00.000,I 85,I 85 and Spence Rd,,Rear End,3,Cloudy,Wet,Dusk
2023-06-08T13:23:00.000,I 85,I 85 and Spence Rd,,Not a Collision with Motor Vehicle,1,Cloudy,Dry,Daylight
2023-02-10T17:58:00.000,I 85,I 85 and Spence Rd,,Sideswipe-Same Direction,2,Clear,Dry,Daylight
2023-04-29T10:00:00.000,I 85,I 85 and Spence Rd,,Rear End,6,Clear,Dry,Daylight
2023-03-17T15:01:00.000,I 85,I 85 and Spence Rd,,(None),2,(None),(None),(None)
2023-04-27T14:30:00.000,I 85,I 85 and Spence Rd,,Rear End,2,Rain,Wet,Daylight
2023-06-17T18:20:00.000,I 85,I 85 and Spence Rd,,Sideswipe-Same Direction,2,Clear,Dry,Daylight
2024-12-06T09:31:00.000,I 85,I 85 and Spence Rd,,Rear End,3,Clear,Dry,Daylight
2023-08-03T17:25:00.000,I 85,I 85 and Spence,,Not a Collision with Motor Vehicle,1,Rain,Water (standing or moving),Daylight
2021-06-28T08:55:00.000,I 85,I 85 and Siidney Marcus Blvd,,Sideswipe-Same Direction,3,Clear,Dry,Daylight
2020-01-07T16:20:00.000,I 85,I 85 and Sidney Marcus Blvd,,Sideswipe-Same Direction,2,Clear,Dry,Daylight
2021-01-31T19:34:00.000,I 85,I 85 and Sidney Marcus Blvd,,Rear End,2,Rain,Wet,Dark-Lighted
2021-09-09T17:30:00.000,I 85,I 85 and Sidney Marcus Blvd,,Rear End,2,Clear,Dry,Daylight
2023-09-18T09:35:00.000,I 85,I 85 and Sidney Marcus Blvd,,Rear End,2,Clear,Dry,Daylight
2020-07-16T09:23:00.000,I 85,I 85 and Sidney Marcus,,Rear End,2,Clear,Dry,Daylight
2021-04-08T07:18:00.000,I 85,I 85 and Sharpsburg Mccullum Rd,,Sideswipe-Same Direction,2,Cloudy,Dry,Daylight
2023-09-07T12:25:00.000,I 85,I 85 and Sharpsburg Mccollum Rd,,Not a Collision with Motor Vehicle,1,Clear,Dry,Daylight
2023-07-06T17:00:00.000,I 85,I 85 and Sharpsburg Mccollum Rd,,Sideswipe-Same Direction,2,Clear,Dry,Daylight
2022-08-25T16:39:00.000,I 85,I 85 and Sharpsburg Mccollum Rd,,Angle Crash,2,Rain,Wet,Daylight
2022-01-27T07:15:00.000,I 85,I 85 and Sharpsburg Mccollum Rd,,Rear End,2,Clear,Dry,Daylight