Date and Time,Roadway (From Crash Report),Intersection Name (from Crash Report),KABCO Severity,Manner of Collision (Crash Level) ,# of Vehicles per crash ,Weather Conditions (Crash Level),Surface Condition (Crash Level) ,Light Conditions (Crash Level)
2022-09-30T18:26:00.000,I 85,I 85 and Sharpburg Mccollum Rd,,Sideswipe-Same Direction,1,Clear,Dry,Daylight
2021-10-29T22:12:00.000,I 85,I 85 and Shallowford Road On Rp,,Angle Crash,2,Rain,Wet,Dark-Not Lighted
2020-06-11T22:00:00.000,I 85,I 85 and Shallowford Road Exit Rp,,Sideswipe-Same Direction,2,Clear,Dry,Daylight
2022-04-12T12:56:00.000,I 85,I 85 and Shallowford Rd.,,Not a Collision with Motor Vehicle,2,Clear,Dry,Daylight
2020-09-20T02:18:00.000,I 85,I 85 and Shallowford Rd Ne Cir,,Rear End,2,Clear,Dry,Dark-Not Lighted
2024-11-02T22:12:00.000,I 85,I 85 and Shallowford Rd Exit Rp,,Angle Crash,2,Clear,Dry,Dark-Lighted
2021-05-18T22:06:00.000,I 85,I 85 and Shallowford Rd,,Sideswipe-Same Direction,2,Cloudy,Dry,Dark-Lighted
2021-05-08T21:13:00.000,I 85,I 85 and Shallowford Rd,,Not a Collision with Motor Vehicle,1,Clear,Dry,Dark-Not Lighted
2021-03-10T17:00:00.000,I 85,I 85 and Shallowford Rd,,Rear End,2,Clear,Dry,Daylight
2021-06-27T02:25:00.000,I 85,I 85 and Shallowford Rd,,Sideswipe-Same Direction,3,Clear,Dry,Dark-Not Lighted
2021-05-24T04:49:00.000,I 85,I 85 and Shallowford Rd,,Rear End,2,Clear,Dry,Dark-Not Lighted
2021-02-08T21:11:00.000,I 85,I 85 and Shallowford Rd,,Angle Crash,2,Clear,Dry,Dark-Not Lighted
2021-06-08T21:33:00.000,I 85,I 85 and Shallowford Rd,,Angle Crash,2,Rain,Wet,Dark-Lighted
2021-01-29T07:01:00.000,I 85,I 85 and Shallowford Rd,,Not a Collision with Motor Vehicle,2,Clear,Dry,Dark-Not Lighted
2021-05-25T21:10:00.000,I 85,I 85 and Shallowford Rd,,Not a Collision with Motor Vehicle,1,Clear,Dry,Dark-Not Lighted
2021-05-17T23:46:00.000,I 85,I 85 and Shallowford Rd,,Rear End,4,Clear,Dry,Dark-Lighted
2021-07-10T17:48:00.000,I 85,I 85 and Shallowford Rd,,Rear End,2,Rain,Wet,Daylight
2021-11-18T08:37:00.000,I 85,I 85 and Shallowford Rd,,Angle Crash,2,Clear,Dry,Daylight
2021-11-19T11:20:00.000,I 85,I 85 and Shallowford Rd,,Sideswipe-Same Direction,2,Clear,Dry,Daylight
2021-08-26T17:55:00.000,I 85,I 85 and Shallowford Rd,,Sideswipe-Same Direction,2,Clear,Dry,Daylight
2021-09-24T08:57:00.000,I 85,I 85 and Shallowford Rd,,Sideswipe-Same Direction,2,Clear,Dry,Daylight
2021-09-01T23:04:00.000,I 85,I 85 and Shallowford Rd,,Not a Collision with Motor Vehicle,1,Clear,Dry,Dark-Not Lighted
2021-09-09T00:00:00.000,I 85,I 85 and Shallowford Rd,,Rear End,2,Clear,Dry,Daylight
2021-10-23T00:25:00.000,I 85,I 85 and Shallowford Rd,,Angle Crash,2,Clear,Dry,Dark-Not Lighted
2021-10-13T00:27:00.000,I 85,I 85 and Shallowford Rd,,Not a Collision with Motor Vehicle,1,Clear,Dry,Dark-Not Lighted
2021-10-30T21:20:00.000,I 85,I 85 and Shallowford Rd,,Rear End,2,Clear,Dry,Daylight
2021-07-09T17:10:00.000,I 85,I 85 and Shallowford Rd,,Angle Crash,2,Rain,Wet,Daylight
2021-08-23T03:15:00.000,I 85,I 85 and Shallowford Rd,,Rear End,2,Clear,Dry,Dark-Not Lighted
2021-07-09T18:00:00.000,I 85,I 85 and Shallowford Rd,,Not a Collision with Motor Vehicle,1,Cloudy,Wet,Daylight
2021-10-02T01:29:00.000,I 85,I 85 and Shallowford Rd,,Angle Crash,2,Clear,Dry,Dark-Not Lighted
2021-11-21T19:40:00.000,I 85,I 85 and Shallowford Rd,,Rear End,2,Clear,Dry,Dark-Not Lighted
2021-08-01T09:00:00.000,I 85,I 85 and Shallowford Rd,,Sideswipe-Same Direction,2,Clear,Dry,Daylight
2021-10-28T07:53:00.000,I 85,I 85 and Shallowford Rd,,Angle Crash,2,Cloudy,Wet,Dawn
2021-11-14T00:08:00.000,I 85,I 85 and Shallowford Rd,,Rear End,4,Clear,Dry,Dark-Lighted
2021-10-30T20:18:00.000,I 85,I 85 and Shallowford Rd,,Rear End,3,Cloudy,Wet,Dark-Lighted
2021-06-30T17:35:00.000,I 85,I 85 and Shallowford Rd,,Rear End,3,Clear,Dry,Daylight
2021-05-24T14:00:00.000,I 85,I 85 and Shallowford Rd,,Sideswipe-Same Direction,2,Clear,Dry,Daylight
2021-02-03T17:59:00.000,I 85,I 85 and Shallowford Rd,,Sideswipe-Same Direction,2,Clear,Dry,Daylight
2021-05-03T13:30:00.000,I 85,I 85 and Shallowford Rd,,Sideswipe-Same Direction,3,Rain,Wet,Daylight
2021-06-22T20:16:00.000,I 85,I 85 and Shallowford Rd,,Not a Collision with Motor Vehicle,1,Cloudy,Dry,Daylight
2021-06-23T10:45:00.000,I 85,I 85 and Shallowford Rd,,Not a Collision with Motor Vehicle,3,Cloudy,Dry,Daylight
2021-01-26T06:30:00.000,I 85,I 85 and Shallowford Rd,,Not a Collision with Motor Vehicle,1,Rain,Water (standing or moving),Dark-Not Lighted
2021-05-07T11:52:00.000,I 85,I 85 and Shallowford Rd,,Not a Collision with Motor Vehicle,1,Clear,Dry,Daylight
2021-04-03T17:45:00.000,I 85,I 85 and Shallowford Rd,,Sideswipe-Same Direction,2,Clear,Dry,Daylight
2021-04-22T10:15:00.000,I 85,I 85 and Shallowford Rd,,Sideswipe-Same Direction,3,Clear,Dry,Daylight
2021-07-08T00:00:00.000,I 85,I 85 and Shallowford Rd,,Not a Collision with Motor Vehicle,2,Rain,Wet,Dark-Not Lighted
2021-09-30T05:00:00.000,I 85,I 85 and Shallowford Rd,,Not a Collision with Motor Vehicle,1,Clear,Dry,Dark-Not Lighted
2021-10-31T00:07:00.000,I 85,I 85 and Shallowford Rd,,Sideswipe-Same Direction,2,Clear,Dry,Dark-Not Lighted
2021-08-03T20:20:00.000,I 85,I 85 and Shallowford Rd,,Angle Crash,2,Cloudy,Wet,Dusk
2021-10-17T00:53:00.000,I 85,I 85 and Shallowford Rd,,Rear End,2,Clear,Dry,Dark-Lighted
2021-08-28T22:25:00.000,I 85,I 85 and Shallowford Rd,,Not a Collision with Motor Vehicle,1,Clear,Dry,Dark-Not Lighted
2021-11-10T15:06:00.000,I 85,I 85 and Shallowford Rd,,Rear End,2,Clear,Dry,Daylight
2021-10-23T00:44:00.000,I 85,I 85 and Shallowford Rd,,Rear End,2,Clear,Dry,Dark-Not Lighted
2021-11-23T09:50:00.000,I 85,I 85 and Shallowford Rd,,Not a Collision with Motor Vehicle,1,Clear,Dry,Daylight
2021-12-23T07:32:00.000,I 85,I 85 and Shallowford Rd,,Rear End,2,Clear,Dry,Dawn
2021-10-31T05:25:00.000,I 85,I 85 and Shallowford Rd,,Sideswipe-Same Direction,2,Clear,Dry,Dark-Not Lighted
2021-09-02T06:17:00.000,I 85,I 85 and Shallowford Rd,,Rear End,2,Clear,Dry,Dark-Not Lighted
2021-07-12T16:52:00.000,I 85,I 85 and Shallowford Rd,,Not a Collision with Motor Vehicle,1,Clear,Dry,Daylight
2021-12-21T15:36:00.000,I 85,I 85 and Shallowford Rd,,Rear End,2,Rain,Wet,Daylight
2021-08-10T08:56:00.000,I 85,I 85 and Shallowford Rd,,Sideswipe-Same Direction,2,Clear,Dry,Daylight
2021-10-25T16:12:00.000,I 85,I 85 and Shallowford Rd,,Rear End,2,Cloudy,Dry,Daylight
2021-08-13T14:00:00.000,I 85,I 85 and Shallowford Rd,,Not a Collision with Motor Vehicle,1,Clear,Dry,Daylight
2021-09-22T15:35:00.000,I 85,I 85 and Shallowford Rd,,Angle Crash,3,Clear,Dry,Daylight
2021-08-11T09:18:00.000,I 85,I 85 and Shallowford Rd,,Rear End,2,Clear,Dry,Daylight
2021-08-02T20:43:00.000,I 85,I 85 and Shallowford Rd,,Rear End,2,Clear,Dry,Dark-Lighted
2021-08-20T04:20:00.000,I 85,I 85 and Shallowford Rd,,Not a Collision with Motor Vehicle,1,Cloudy,Dry,Dark-Not Lighted
2021-09-05T00:25:00.000,I 85,I 85 and Shallowford Rd,,Rear End,2,Clear,Dry,Dark-Not Lighted
2021-11-12T06:03:00.000,I 85,I 85 and Shallowford Rd,,Rear End,4,Cloudy,Dry,Dark-Not Lighted
2021-09-05T22:10:00.000,I 85,I 85 and Shallowford Rd,,Sideswipe-Same Direction,2,Clear,Dry,Daylight
2021-09-20T17:00:00.000,I 85,I 85 and Shallowford Rd,,Angle Crash,2,Rain,Wet,Daylight
2021-01-02T18:23:00.000,I 85,I 85 and Shallowford Rd,,Rear End,2,Clear,Dry,Dark-Lighted
2021-01-10T19:16:00.000,I 85,I 85 and Shallowford Rd,,Rear End,3,Clear,Dry,Dark-Not Lighted
2021-04-19T17:35:00.000,I 85,I 85 and Shallowford Rd,,Rear End,2,Clear,Dry,Daylight
2021-05-09T06:52:00.000,I 85,I 85 and Shallowford Rd,,Not a Collision with Motor Vehicle,1,Clear,Dry,Daylight
2021-08-03T16:12:00.000,I 85,I 85 and Shallowford Rd,,Rear End,3,Clear,Dry,Daylight
2021-07-24T22:00:00.000,I 85,I 85 and Shallowford Rd,,Rear End,2,Cloudy,Wet,Dark-Lighted
2021-07-05T19:40:00.000,I 85,I 85 and Shallowford Rd,,Sideswipe-Same Direction,2,Clear,Dry,Daylight
2021-12-30T18:25:00.000,I 85,I 85 and Shallowford Rd,,Sideswipe-Same Direction,2,Clear,Wet,Daylight
2021-10-13T00:00:00.000,I 85,I 85 and Shallowford Rd,,Not a Collision with Motor Vehicle,1,Clear,Dry,Dark-Not Lighted
2021-12-30T00:00:00.000,I 85,I 85 and Shallowford Rd,,Not a Collision with Motor Vehicle,1,Rain,Wet,Dark-Not Lighted
2021-12-16T00:28:00.000,I 85,I 85 and Shallowford Rd,,Rear End,6,Clear,Dry,Dark-Not Lighted
2021-05-03T10:20:00.000,I 85,I 85 and Shallowford Rd,,Not a Collision with Motor Vehicle,2,Rain,Wet,Daylight
2021-06-14T21:40:00.000,I 85,I 85 and Shallowford Rd,,Rear End,2,Clear,Dry,Dark-Lighted
2021-02-09T16:16:00.000,I 85,I 85 and Shallowford Rd,,Sideswipe-Same Direction,2,Cloudy,Dry,Daylight
2021-03-03T06:20:00.000,I 85,I 85 and Shallowford Rd,,Not a Collision with Motor Vehicle,2,Cloudy,Wet,Dark-Lighted
2021-06-15T23:23:00.000,I 85,I 85 and Shallowford Rd,,Rear End,2,Clear,Dry,Dark-Not Lighted
2021-06-22T06:13:00.000,I 85,I 85 and Shallowford Rd,,Rear End,2,Rain,Wet,Daylight
2021-05-25T17:45:00.000,I 85,I 85 and Shallowford Rd,,Rear End,2,Clear,Dry,Daylight
2020-03-22T19:44:00.000,I 85,I 85 and Shallowford Rd,,Not a Collision with Motor Vehicle,1,Cloudy,Wet,Dusk
2020-05-21T17:00:00.000,I 85,I 85 and Shallowford Rd,,Angle Crash,3,Clear,Dry,Daylight
2020-04-16T14:00:00.000,I 85,I 85 and Shallowford Rd,,Not a Collision with Motor Vehicle,1,Clear,Dry,Daylight
2020-12-21T04:49:00.000,I 85,I 85 and Shallowford Rd,,Sideswipe-Same Direction,2,Clear,Dry,Dark-Not Lighted
2020-01-09T16:14:00.000,I 85,I 85 and Shallowford Rd,,Rear End,2,Clear,Dry,Daylight
2023-06-11T00:36:00.000,I 85,I 85 and Shallowford Rd,,Rear End,2,Clear,Dry,Dark-Lighted
2023-03-27T13:54:00.000,I 85,I 85 and Shallowford Rd,,Rear End,3,Clear,Dry,Daylight
2023-08-07T18:40:00.000,I 85,I 85 and Shallowford Rd,,Rear End,3,Cloudy,Wet,Daylight
2023-01-30T18:35:00.000,I 85,I 85 and Shallowford Rd,,Rear End,2,Clear,Dry,Dark-Not Lighted
2023-02-22T07:15:00.000,I 85,I 85 and Shallowford Rd,,Angle Crash,3,Cloudy,Dry,Daylight
2023-07-20T11:30:00.000,I 85,I 85 and Shallowford Rd,,Sideswipe-Same Direction,2,Clear,Dry,Daylight
2023-10-05T07:36:00.000,I 85,I 85 and Shallowford Rd,,Sideswipe-Same Direction,2,Clear,Dry,Daylight
2023-09-09T04:40:00.000,I 85,I 85 and Shallowford Rd,,Not a Collision with Motor Vehicle,1,Clear,Dry,Dark-Not Lighted
2023-01-24T17:51:00.000,I 85,I 85 and Shallowford Rd,,Sideswipe-Opposite Direction,2,Cloudy,Dry,Dusk
2023-12-02T21:00:00.000,I 85,I 85 and Shallowford Rd,,Angle Crash,2,Clear,Dry,Daylight
2023-01-24T10:28:00.000,I 85,I 85 and Shallowford Rd,,Sideswipe-Same Direction,2,Clear,Dry,Daylight
2023-08-16T12:30:00.000,I 85,I 85 and Shallowford Rd,,Not a Collision with Motor Vehicle,1,Clear,Dry,Daylight
2023-11-17T16:12:00.000,I 85,I 85 and Shallowford Rd,,Sideswipe-Same Direction,2,Clear,Dry,Daylight
2023-06-05T12:20:00.000,I 85,I 85 and Shallowford Rd,,Sideswipe-Same Direction,2,Clear,Dry,Daylight
2023-03-04T15:40:00.000,I 85,I 85 and Shallowford Rd,,Sideswipe-Same Direction,2,Clear,Dry,Daylight
2023-12-12T06:00:00.000,I 85,I 85 and Shallowford Rd,,Sideswipe-Same Direction,3,Clear,Dry,Dark-Not Lighted
2023-10-19T22:57:00.000,I 85,I 85 and Shallowford Rd,,Angle Crash,2,Clear,Dry,Dark-Lighted
2023-03-27T13:39:00.000,I 85,I 85 and Shallowford Rd,,Sideswipe-Same Direction,2,Clear,Dry,Daylight
2023-11-16T23:22:00.000,I 85,I 85 and Shallowford Rd,,Not a Collision with Motor Vehicle,1,Clear,Dry,Dark-Not Lighted
2023-07-19T20:30:00.000,I 85,I 85 and Shallowford Rd,,Not a Collision with Motor Vehicle,1,Clear,Dry,Dark-Lighted
2023-06-19T21:49:00.000,I 85,I 85 and Shallowford Rd,,Not a Collision with Motor Vehicle,1,Cloudy,Dry,Dark-Not Lighted
2023-09-10T16:49:00.000,I 85,I 85 and Shallowford Rd,,Angle Crash,4,Clear,Dry,Daylight
2023-02-01T01:32:00.000,I 85,I 85 and Shallowford Rd,,Rear End,2,Rain,Wet,Dark-Not Lighted
2023-08-03T19:00:00.000,I 85,I 85 and Shallowford Rd,,Angle Crash,2,Rain,Wet,Daylight
2023-09-26T09:45:00.000,I 85,I 85 and Shallowford Rd,,Angle Crash,3,Clear,Dry,Daylight
2023-08-08T16:22:00.000,I 85,I 85 and Shallowford Rd,,Rear End,2,Clear,Dry,Daylight
2023-07-20T19:10:00.000,I 85,I 85 and Shallowford Rd,,Sideswipe-Same Direction,2,Rain,Wet,Daylight
2023-10-14T09:37:00.000,I 85,I 85 and Shallowford Rd,,Rear End,2,Cloudy,Wet,Daylight
2023-06-14T18:24:00.000,I 85,I 85 and Shallowford Rd,,Rear End,2,Rain,Wet,Daylight
2023-05-05T16:30:00.000,I 85,I 85 and Shallowford Rd,,Sideswipe-Same Direction,2,Rain,Wet,Daylight
2023-12-11T11:00:00.000,I 85,I 85 and Shallowford Rd,,Sideswipe-Same Direction,2,Clear,Dry,Daylight
2023-02-13T19:44:00.000,I 85,I 85 and Shallowford Rd,,Sideswipe-Opposite Direction,2,Clear,Dry,Dark-Lighted
2023-03-28T18:30:00.000,I 85,I 85 and Shallowford Rd,,Angle Crash,2,Clear,Dry,Daylight
2023-04-26T17:41:00.000,I 85,I 85 and Shallowford Rd,,Angle Crash,2,Cloudy,Wet,Daylight
2023-01-23T09:11:00.000,I 85,I 85 and Shallowford Rd,,Angle Crash,2,Cloudy,Dry,Daylight
2023-09-21T23:21:00.000,I 85,I 85 and Shallowford Rd,,Sideswipe-Opposite Direction,2,Clear,Dry,Dark-Not Lighted
2023-12-15T06:22:00.000,I 85,I 85 and Shallowford Rd,,Angle Crash,2,Clear,Dry,Dark-Not Lighted
2023-11-07T16:30:00.000,I 85,I 85 and Shallowford Rd,,Rear End,2,Clear,Dry,Daylight
2023-01-04T18:20:00.000,I 85,I 85 and Shallowford Rd,,Rear End,4,Clear,Dry,Dark-Not Lighted
2023-11-22T12:52:00.000,I 85,I 85 and Shallowford Rd,,Rear End,2,Cloudy,Dry,Daylight
2023-03-09T18:34:00.000,I 85,I 85 and Shallowford Rd,,Rear End,2,Rain,Wet,Dark-Lighted
2023-08-22T16:22:00.000,I 85,I 85 and Shallowford Rd,,Sideswipe-Same Direction,2,Clear,Dry,Daylight
2023-05-28T12:11:00.000,I 85,I 85 and Shallowford Rd,,Angle Crash,2,Clear,Dry,Daylight
2023-08-27T04:43:00.000,I 85,I 85 and Shallowford Rd,,Rear End,2,Clear,Dry,Dark-Lighted
2023-06-14T17:45:00.000,I 85,I 85 and Shallowford Rd,,Angle Crash,2,Rain,Wet,Daylight
2023-03-17T23:39:00.000,I 85,I 85 and Shallowford Rd,,Angle Crash,2,Clear,Wet,Dark-Not Lighted
2023-01-13T09:49:00.000,I 85,I 85 and Shallowford Rd,,Rear End,2,Cloudy,Wet,Daylight
2023-03-27T13:30:00.000,I 85,I 85 and Shallowford Rd,,Not a Collision with Motor Vehicle,2,Clear,Dry,Daylight
2023-09-19T22:10:00.000,I 85,I 85 and Shallowford Rd,,Sideswipe-Same Direction,2,Clear,Dry,Dark-Not Lighted
2023-08-09T16:28:00.000,I 85,I 85 and Shallowford Rd,,Rear End,2,Clear,Dry,Daylight
2022-12-06T13:10:00.000,I 85,I 85 and Shallowford Rd,,Sideswipe-Same Direction,2,Rain,Wet,Daylight
2022-02-25T00:36:00.000,I 85,I 85 and Shallowford Rd,,Sideswipe-Same Direction,2,Clear,Dry,Dark-Not Lighted
2022-08-26T16:26:00.000,I 85,I 85 and Shallowford Rd,,Sideswipe-Same Direction,2,Clear,Dry,Daylight
2022-01-19T22:28:00.000,I 85,I 85 and Shallowford Rd,,Not a Collision with Motor Vehicle,1,Clear,Dry,Dark-Not Lighted
2022-07-08T14:00:00.000,I 85,I 85 and Shallowford Rd,,Sideswipe-Same Direction,2,Clear,Dry,Daylight
2022-05-08T17:40:00.000,I 85,I 85 and Shallowford Rd,,Rear End,2,Cloudy,Dry,Daylight
2022-02-12T13:43:00.000,I 85,I 85 and Shallowford Rd,,Rear End,2,Clear,Dry,Daylight
2024-07-18T15:32:00.000,I 85,I 85 and Shallowford Rd,,Rear End,2,Rain,Wet,Daylight
2022-05-09T15:32:00.000,I 85,I 85 and Shallowford Rd,,Sideswipe-Same Direction,2,Clear,Dry,Daylight
2020-01-23T18:21:00.000,I 85,I 85 and Shallowford Rd,,Angle Crash,2,Other,Dry,Dark-Not Lighted
2020-08-30T20:45:00.000,I 85,I 85 and Shallowford Rd,,Not a Collision with Motor Vehicle,2,Clear,Wet,Dark-Lighted
2020-06-26T20:10:00.000,I 85,I 85 and Shallowford Rd,,Sideswipe-Same Direction,2,Cloudy,Dry,Daylight
2020-02-27T10:30:00.000,I 85,I 85 and Shallowford Rd,,Sideswipe-Same Direction,3,Clear,Dry,Daylight
2020-01-02T16:40:00.000,I 85,I 85 and Shallowford Rd,,Not a Collision with Motor Vehicle,1,Rain,Wet,Daylight
2020-08-25T05:10:00.000,I 85,I 85 and Shallowford Rd,,Rear End,2,Clear,Dry,Dark-Lighted
2020-11-13T14:55:00.000,I 85,I 85 and Shallowford Rd,,Rear End,2,Clear,Dry,Daylight
2020-07-25T08:38:00.000,I 85,I 85 and Shallowford Rd,,Angle Crash,2,Clear,Dry,Daylight
2020-08-13T14:23:00.000,I 85,I 85 and Shallowford Rd,,Not a Collision with Motor Vehicle,2,Clear,Dry,Daylight
2020-11-07T19:10:00.000,I 85,I 85 and Shallowford Rd,,Sideswipe-Same Direction,2,Clear,Dry,Dark-Not Lighted
2020-04-26T01:44:00.000,I 85,I 85 and Shallowford Rd,,Not a Collision with Motor Vehicle,1,Clear,Dry,Dark-Not Lighted
2020-11-21T14:12:00.000,I 85,I 85 and Shallowford Rd,,Sideswipe-Same Direction,2,Clear,Dry,Daylight
2020-03-19T17:45:00.000,I 85,I 85 and Shallowford Rd,,Not a Collision with Motor Vehicle,1,Clear,Dry,Daylight
2020-03-11T15:48:00.000,I 85,I 85 and Shallowford Rd,,Rear End,2,Cloudy,Wet,Daylight
2020-08-05T11:34:00.000,I 85,I 85 and Shallowford Rd,,Not a Collision with Motor Vehicle,2,Clear,Dry,Daylight
2020-12-13T14:57:00.000,I 85,I 85 and Shallowford Rd,,Angle Crash,2,Clear,Dry,Daylight
2020-03-03T19:20:00.000,I 85,I 85 and Shallowford Rd,,Sideswipe-Same Direction,2,Clear,Dry,Dark-Lighted
2020-05-12T10:26:00.000,I 85,I 85 and Shallowford Rd,,Rear End,2,Clear,Dry,Daylight
2020-04-26T01:46:00.000,I 85,I 85 and Shallowford Rd,,Not a Collision with Motor Vehicle,1,Clear,Dry,Dark-Not Lighted
2020-02-28T15:53:00.000,I 85,I 85 and Shallowford Rd,,Rear End,2,Cloudy,Dry,Daylight
2020-08-31T15:50:00.000,I 85,I 85 and Shallowford Rd,,Sideswipe-Same Direction,2,Clear,Dry,Daylight
2020-10-23T17:00:00.000,I 85,I 85 and Shallowford Rd,,Rear End,2,Clear,Dry,Daylight
2020-08-15T15:30:00.000,I 85,I 85 and Shallowford Rd,,Rear End,2,Rain,Wet,Daylight
2020-07-16T17:44:00.000,I 85,I 85 and Shallowford Rd,,Angle Crash,2,Cloudy,Dry,Daylight
2020-09-29T16:00:00.000,I 85,I 85 and Shallowford Rd,,Sideswipe-Same Direction,3,Cloudy,Wet,Daylight
2020-09-27T19:20:00.000,I 85,I 85 and Shallowford Rd,,Sideswipe-Same Direction,2,Cloudy,Wet,Dusk
2020-08-30T21:00:00.000,I 85,I 85 and Shallowford Rd,,Not a Collision with Motor Vehicle,1,Rain,Wet,Dark-Lighted
2020-07-16T17:44:00.000,I 85,I 85 and Shallowford Rd,,Angle Crash,2,Cloudy,Dry,Daylight
2020-07-14T04:24:00.000,I 85,I 85 and Shallowford Rd,,Not a Collision with Motor Vehicle,1,Clear,Dry,Dark-Not Lighted
2020-03-02T18:35:00.000,I 85,I 85 and Shallowford Rd,,Rear End,2,Rain,Wet,Dark-Not Lighted
2020-06-12T06:25:00.000,I 85,I 85 and Shallowford Rd,,Sideswipe-Same Direction,3,Clear,Dry,Daylight
2020-08-10T15:10:00.000,I 85,I 85 and Shallowford Rd,,Sideswipe-Same Direction,2,Clear,Dry,Daylight
2020-07-01T16:00:00.000,I 85,I 85 and Shallowford Rd,,Sideswipe-Same Direction,2,Clear,Dry,Daylight
2020-02-21T20:10:00.000,I 85,I 85 and Shallowford Rd,,Rear End,2,Clear,Dry,Daylight
2020-02-13T20:34:00.000,I 85,I 85 and Shallowford Rd,,Sideswipe-Same Direction,2,Cloudy,Dry,Dark-Not Lighted
2020-06-16T12:02:00.000,I 85,I 85 and Shallowford Rd,,Not a Collision with Motor Vehicle,2,Cloudy,Dry,Daylight
2020-01-13T17:18:00.000,I 85,I 85 and Shallowford Rd,,Rear End,2,Cloudy,Wet,Dusk
2020-08-29T03:30:00.000,I 85,I 85 and Shallowford Rd,,Not a Collision with Motor Vehicle,1,Clear,Dry,Dark-Lighted
2020-08-29T02:48:00.000,I 85,I 85 and Shallowford Rd,,Sideswipe-Same Direction,2,Cloudy,Dry,Dark-Not Lighted
2020-01-08T15:24:00.000,I 85,I 85 and Shallowford Rd,,Sideswipe-Same Direction,2,Clear,Dry,Daylight
2020-03-04T18:44:00.000,I 85,I 85 and Shallowford Rd,,Rear End,3,Rain,Wet,Dark-Lighted
2020-09-19T20:55:00.000,I 85,I 85 and Shallowford Rd,,Rear End,2,Clear,Dry,Dark-Not Lighted
2020-03-08T00:40:00.000,I 85,I 85 and Shallowford Rd,,Sideswipe-Same Direction,2,Cloudy,Dry,Dark-Lighted
2020-01-06T18:33:00.000,I 85,I 85 and Shallowford Rd,,Sideswipe-Same Direction,2,Clear,Dry,Dark-Lighted
2020-07-08T14:00:00.000,I 85,I 85 and Shallowford Rd,,Rear End,2,Clear,Dry,Daylight
2020-02-02T00:37:00.000,I 85,I 85 and Shallowford Rd,,Sideswipe-Same Direction,3,Clear,Dry,Dark-Lighted
2020-09-17T05:15:00.000,I 85,I 85 and Shallowford Rd,,Rear End,4,Rain,Wet,Dark-Not Lighted
2020-05-15T10:00:00.000,I 85,I 85 and Shallowford Rd,,Not a Collision with Motor Vehicle,2,Clear,Dry,Daylight
2020-11-21T22:00:00.000,I 85,I 85 and Shallowford Rd,,Not a Collision with Motor Vehicle,2,Clear,Dry,Dark-Not Lighted
2020-06-11T21:21:00.000,I 85,I 85 and Shallowford Rd,,Rear End,4,Clear,Dry,Dark-Not Lighted
2020-08-27T18:38:00.000,I 85,I 85 and Shallowford Rd,,Sideswipe-Same Direction,2,Clear,Dry,Daylight
2020-11-02T09:55:00.000,I 85,I 85 and Shallowford Rd,,Sideswipe-Same Direction,2,Clear,Dry,Daylight
2020-11-11T08:45:00.000,I 85,I 85 and Shallowford Rd,,Angle Crash,2,Cloudy,Dry,Daylight
2020-05-10T23:30:00.000,I 85,I 85 and Shallowford Rd,,Rear End,2,Clear,Dry,Dark-Lighted
2020-01-17T19:20:00.000,I 85,I 85 and Shallowford Rd,,Rear End,2,Clear,Dry,Dark-Lighted
2020-03-26T21:31:00.000,I 85,I 85 and Shallowford Rd,,Not a Collision with Motor Vehicle,1,Clear,Dry,Dark-Not Lighted
2020-12-22T17:15:00.000,I 85,I 85 and Shallowford Rd,,Sideswipe-Same Direction,2,Clear,Dry,Daylight
2020-06-14T15:20:00.000,I 85,I 85 and Shallowford Rd,,Rear End,2,Clear,Dry,Daylight
2020-06-25T16:28:00.000,I 85,I 85 and Shallowford Rd,,Rear End,3,Cloudy,Dry,Daylight
2020-12-06T17:50:00.000,I 85,I 85 and Shallowford Rd,,Not a Collision with Motor Vehicle,1,Clear,Dry,Dark-Not Lighted
2020-06-25T17:15:00.000,I 85,I 85 and Shallowford Rd,,Rear End,2,Cloudy,Dry,Daylight
2020-03-12T16:21:00.000,I 85,I 85 and Shallowford Rd,,Rear End,2,Clear,Dry,Daylight
2020-10-02T21:05:00.000,I 85,I 85 and Shallowford Rd,,Rear End,5,Clear,Dry,Dark-Not Lighted
2020-02-19T18:27:00.000,I 85,I 85 and Shallowford Rd,,Sideswipe-Same Direction,2,Cloudy,Wet,Dark-Not Lighted
2020-02-19T18:26:00.000,I 85,I 85 and Shallowford Rd,,Rear End,3,Cloudy,Wet,Dark-Not Lighted
2020-02-24T11:30:00.000,I 85,I 85 and Shallowford Rd,,Rear End,2,Rain,Wet,Daylight
2020-12-13T05:45:00.000,I 85,I 85 and Shallowford Rd,,Sideswipe-Same Direction,2,Clear,Dry,Dark-Lighted
2020-10-16T14:00:00.000,I 85,I 85 and Shallowford Rd,,Rear End,2,Clear,Dry,Daylight
2020-03-10T17:20:00.000,I 85,I 85 and Shallowford Rd,,Rear End,2,Cloudy,Dry,Daylight