Date and Time,Roadway (From Crash Report),Intersection Name (from Crash Report),KABCO Severity,Manner of Collision (Crash Level) ,# of Vehicles per crash ,Weather Conditions (Crash Level),Surface Condition (Crash Level) ,Light Conditions (Crash Level)
2020-01-12T16:53:00.000,I 85,I 85 and Shallowford Rd,,Angle Crash,2,Clear,Dry,Daylight
2020-08-26T17:45:00.000,I 85,I 85 and Shallowford Rd,,Sideswipe-Same Direction,2,Clear,Dry,Daylight
2020-03-10T17:09:00.000,I 85,I 85 and Shallowford Rd,,Sideswipe-Same Direction,2,Clear,Dry,Daylight
2020-02-18T09:01:00.000,I 85,I 85 and Shallowford Rd,,Sideswipe-Same Direction,2,Rain,Wet,Daylight
2020-09-16T17:02:00.000,I 85,I 85 and Shallowford Rd,,Not a Collision with Motor Vehicle,1,Rain,Wet,Daylight
2020-03-02T20:30:00.000,I 85,I 85 and Shallowford Rd,,Sideswipe-Same Direction,2,Rain,Wet,Dark-Lighted
2020-06-04T15:37:00.000,I 85,I 85 and Shallowford Rd,,Rear End,2,Clear,Dry,Daylight
2020-09-08T09:05:00.000,I 85,I 85 and Shallowford Rd,,Angle Crash,2,Cloudy,Dry,Daylight
2020-06-26T16:10:00.000,I 85,I 85 and Shallowford Rd,,Rear End,2,Cloudy,Dry,Daylight
2020-09-15T22:43:00.000,I 85,I 85 and Shallowford Rd,,Not a Collision with Motor Vehicle,1,Cloudy,Dry,Dark-Lighted
2020-04-26T01:44:00.000,I 85,I 85 and Shallowford Rd,,Not a Collision with Motor Vehicle,1,Clear,Dry,Dark-Not Lighted
2020-07-21T15:00:00.000,I 85,I 85 and Shallowford Rd,,Sideswipe-Same Direction,2,Clear,Wet,Daylight
2020-04-18T19:15:00.000,I 85,I 85 and Shallowford Rd,,Angle Crash,2,Clear,Dry,Dark-Lighted
2020-12-26T13:25:00.000,I 85,I 85 and Shallowford Rd,,Rear End,2,Clear,Dry,Daylight
2020-11-25T17:30:00.000,I 85,I 85 and Shallowford Rd,,Rear End,2,Rain,Wet,Dark-Lighted
2020-05-26T16:00:00.000,I 85,I 85 and Shallowford Rd,,Sideswipe-Same Direction,2,Clear,Dry,Daylight
2020-12-14T01:20:00.000,I 85,I 85 and Shallowford Rd,,Not a Collision with Motor Vehicle,1,Clear,Dry,Dark-Not Lighted
2020-01-04T13:20:00.000,I 85,I 85 and Shallowford Rd,,Sideswipe-Same Direction,2,Clear,Dry,Daylight
2020-09-16T09:45:00.000,I 85,I 85 and Shallowford Rd,,Sideswipe-Same Direction,2,Clear,Dry,Daylight
2020-03-03T15:31:00.000,I 85,I 85 and Shallowford Rd,,Rear End,2,Cloudy,Dry,Daylight
2020-10-12T16:30:00.000,I 85,I 85 and Shallowford Rd,,Sideswipe-Same Direction,2,Clear,Dry,Daylight
2020-10-30T21:55:00.000,I 85,I 85 and Shallowford Rd,,Sideswipe-Same Direction,2,Clear,Dry,Dark-Not Lighted
2020-07-04T11:55:00.000,I 85,I 85 and Shallowford Rd,,Not a Collision with Motor Vehicle,1,Clear,Dry,Daylight
2021-05-12T10:30:00.000,I 85,I 85 and Shallowford Rd,,Rear End,2,Rain,Wet,Daylight
2021-04-15T21:20:00.000,I 85,I 85 and Shallowford Rd,,Not a Collision with Motor Vehicle,1,Clear,Dry,Dark-Lighted
2021-01-19T15:43:00.000,I 85,I 85 and Shallowford Rd,,Sideswipe-Same Direction,2,Cloudy,Wet,Daylight
2021-03-27T15:30:00.000,I 85,I 85 and Shallowford Rd,,Angle Crash,2,Clear,Dry,Daylight
2021-01-04T14:45:00.000,I 85,I 85 and Shallowford Rd,,Sideswipe-Same Direction,2,Clear,Dry,Daylight
2021-05-07T01:12:00.000,I 85,I 85 and Shallowford Rd,,Rear End,2,Clear,Dry,Dark-Lighted
2021-02-21T15:10:00.000,I 85,I 85 and Shallowford Rd,,Not a Collision with Motor Vehicle,2,Clear,Dry,Daylight
2021-02-21T15:13:00.000,I 85,I 85 and Shallowford Rd,,Rear End,3,Clear,Dry,Daylight
2021-02-05T18:20:00.000,I 85,I 85 and Shallowford Rd,,Rear End,5,Clear,Dry,Dark-Lighted
2021-06-28T23:31:00.000,I 85,I 85 and Shallowford Rd,,Rear End,2,Clear,Dry,Dark-Not Lighted
2021-06-26T18:00:00.000,I 85,I 85 and Shallowford Rd,,Rear End,2,Clear,Dry,Dawn
2021-02-05T18:20:00.000,I 85,I 85 and Shallowford Rd,,Rear End,2,Clear,Dry,Dark-Lighted
2021-06-22T17:47:00.000,I 85,I 85 and Shallowford Rd,,Rear End,2,Cloudy,Dry,Daylight
2021-02-05T18:20:00.000,I 85,I 85 and Shallowford Rd,,Rear End,2,Clear,Dry,Dark-Lighted
2021-03-31T11:43:00.000,I 85,I 85 and Shallowford Rd,,Sideswipe-Same Direction,2,Rain,Wet,Daylight
2021-02-05T19:15:00.000,I 85,I 85 and Shallowford Rd,,Rear End,2,Clear,Dry,Dark-Lighted
2021-04-13T17:43:00.000,I 85,I 85 and Shallowford Rd,,Rear End,3,Cloudy,Dry,Daylight
2021-05-20T18:26:00.000,I 85,I 85 and Shallowford Rd,,Rear End,2,Clear,Dry,Daylight
2021-10-24T16:18:00.000,I 85,I 85 and Shallowford Rd,,Sideswipe-Same Direction,3,Cloudy,Dry,Daylight
2021-11-27T09:00:00.000,I 85,I 85 and Shallowford Rd,,Sideswipe-Same Direction,2,Clear,Dry,Daylight
2021-08-05T19:05:00.000,I 85,I 85 and Shallowford Rd,,Sideswipe-Same Direction,2,Clear,Dry,Daylight
2021-12-08T15:20:00.000,I 85,I 85 and Shallowford Rd,,Sideswipe-Same Direction,2,Clear,Dry,Daylight
2021-08-27T14:45:00.000,I 85,I 85 and Shallowford Rd,,Rear End,2,Clear,Dry,Daylight
2021-08-24T09:00:00.000,I 85,I 85 and Shallowford Rd,,Sideswipe-Same Direction,3,Clear,Dry,Daylight
2021-07-06T01:13:00.000,I 85,I 85 and Shallowford Rd,,Rear End,2,Cloudy,Dry,Dark-Not Lighted
2021-10-29T14:00:00.000,I 85,I 85 and Shallowford Rd,,Rear End,2,Rain,Wet,Daylight
2021-10-20T09:32:00.000,I 85,I 85 and Shallowford Rd,,Rear End,2,Clear,Dry,Daylight
2021-11-05T17:00:00.000,I 85,I 85 and Shallowford Rd,,Sideswipe-Same Direction,2,Clear,Dry,Daylight
2021-07-28T08:16:00.000,I 85,I 85 and Shallowford Rd,,Rear End,2,Cloudy,Dry,Daylight
2021-10-20T07:00:00.000,I 85,I 85 and Shallowford Rd,,Sideswipe-Same Direction,2,Clear,Dry,Dark-Lighted
2021-12-22T07:50:00.000,I 85,I 85 and Shallowford Rd,,Sideswipe-Same Direction,2,Clear,Dry,Daylight
2021-09-16T00:09:00.000,I 85,I 85 and Shallowford Rd,,Not a Collision with Motor Vehicle,1,Rain,Wet,Dark-Not Lighted
2021-10-06T06:54:00.000,I 85,I 85 and Shallowford Rd,,Head On,2,Cloudy,Wet,Dark-Not Lighted
2021-11-21T19:40:00.000,I 85,I 85 and Shallowford Rd,,Rear End,2,Clear,Dry,Dark-Not Lighted
2021-11-12T06:15:00.000,I 85,I 85 and Shallowford Rd,,Rear End,2,Clear,Dry,Daylight
2021-09-03T15:30:00.000,I 85,I 85 and Shallowford Rd,,Sideswipe-Same Direction,2,Clear,Dry,Daylight
2021-11-12T06:20:00.000,I 85,I 85 and Shallowford Rd,,Rear End,2,Clear,Dry,Daylight
2021-11-12T06:02:00.000,I 85,I 85 and Shallowford Rd,,Rear End,3,Clear,Wet,Dark-Lighted
2021-07-25T01:30:00.000,I 85,I 85 and Shallowford Rd,,Rear End,3,Clear,Dry,Dark-Not Lighted
2021-12-22T19:05:00.000,I 85,I 85 and Shallowford Rd,,Sideswipe-Same Direction,2,Clear,Dry,Dark-Lighted
2021-07-21T05:45:00.000,I 85,I 85 and Shallowford Rd,,Rear End,2,Clear,Wet,Dark-Lighted
2021-12-17T16:00:00.000,I 85,I 85 and Shallowford Rd,,Sideswipe-Same Direction,2,Clear,Dry,Daylight
2022-02-02T20:50:00.000,I 85,I 85 and Shallowford Rd,,Angle Crash,3,Rain,Wet,Dark-Lighted
2022-03-23T23:04:00.000,I 85,I 85 and Shallowford Rd,,Not a Collision with Motor Vehicle,1,Clear,Dry,Dark-Lighted
2022-05-21T13:48:00.000,I 85,I 85 and Shallowford Rd,,Rear End,2,Clear,Dry,Daylight
2022-09-09T16:18:00.000,I 85,I 85 and Shallowford Rd,,Angle Crash,2,Cloudy,Dry,Daylight
2022-02-10T19:53:00.000,I 85,I 85 and Shallowford Rd,,Sideswipe-Same Direction,2,Clear,Dry,Dark-Lighted
2022-07-19T15:02:00.000,I 85,I 85 and Shallowford Rd,,Rear End,2,Clear,Dry,Daylight
2022-08-13T23:49:00.000,I 85,I 85 and Shallowford Rd,,Sideswipe-Same Direction,2,Clear,Dry,Dark-Not Lighted
2022-06-02T10:25:00.000,I 85,I 85 and Shallowford Rd,,Sideswipe-Same Direction,2,Clear,Dry,Daylight
2022-12-30T18:30:00.000,I 85,I 85 and Shallowford Rd,,Angle Crash,2,Clear,Dry,Dark-Lighted
2021-07-26T06:30:00.000,I 85,I 85 and Shallowford Rd,,Sideswipe-Same Direction,2,Clear,Dry,Dawn
2021-08-23T03:15:00.000,I 85,I 85 and Shallowford Rd,,Rear End,2,Clear,Dry,Dark-Lighted
2021-08-05T00:30:00.000,I 85,I 85 and Shallowford Rd,,Rear End,2,Clear,Dry,Dark-Not Lighted
2021-09-09T18:05:00.000,I 85,I 85 and Shallowford Rd,,Rear End,2,Clear,Dry,Daylight
2021-10-29T09:04:00.000,I 85,I 85 and Shallowford Rd,,Sideswipe-Same Direction,2,Rain,Wet,Daylight
2021-10-13T00:27:00.000,I 85,I 85 and Shallowford Rd,,Not a Collision with Motor Vehicle,1,Clear,Dry,Dark-Not Lighted
2021-07-10T17:08:00.000,I 85,I 85 and Shallowford Rd,,Rear End,2,Clear,Dry,Daylight
2021-08-23T03:16:00.000,I 85,I 85 and Shallowford Rd,,Rear End,2,Clear,Dry,Dark-Not Lighted
2021-08-23T03:13:00.000,I 85,I 85 and Shallowford Rd,,Not a Collision with Motor Vehicle,1,Clear,Dry,Dark-Not Lighted
2022-03-12T12:00:00.000,I 85,I 85 and Shallowford Rd,,Sideswipe-Same Direction,2,Clear,Dry,Daylight
2022-02-23T07:27:00.000,I 85,I 85 and Shallowford Rd,,Angle Crash,2,Cloudy,Dry,Daylight
2022-12-15T14:03:00.000,I 85,I 85 and Shallowford Rd,,Angle Crash,2,Clear,Dry,Daylight
2022-03-29T23:30:00.000,I 85,I 85 and Shallowford Rd,,Not a Collision with Motor Vehicle,1,Clear,Dry,Dark-Not Lighted
2022-03-05T06:17:00.000,I 85,I 85 and Shallowford Rd,,Not a Collision with Motor Vehicle,1,Clear,Dry,Dark-Not Lighted
2022-03-05T03:25:00.000,I 85,I 85 and Shallowford Rd,,Sideswipe-Same Direction,2,Clear,Dry,Dark-Lighted
2022-02-24T17:55:00.000,I 85,I 85 and Shallowford Rd,,Angle Crash,3,Clear,Dry,Dark-Lighted
2022-05-27T22:07:00.000,I 85,I 85 and Shallowford Rd,,Sideswipe-Same Direction,2,Clear,Dry,Dark-Not Lighted
2022-06-26T11:44:00.000,I 85,I 85 and Shallowford Rd,,Sideswipe-Same Direction,2,Cloudy,Dry,Daylight
2022-07-16T08:53:00.000,I 85,I 85 and Shallowford Rd,,Not a Collision with Motor Vehicle,2,Clear,Dry,Daylight
2022-01-15T21:12:00.000,I 85,I 85 and Shallowford Rd,,Angle Crash,3,Rain,Wet,Dark-Lighted
2022-01-21T01:28:00.000,I 85,I 85 and Shallowford Rd,,Sideswipe-Same Direction,2,Rain,Wet,Dark-Not Lighted
2022-06-23T18:28:00.000,I 85,I 85 and Shallowford Rd,,Not a Collision with Motor Vehicle,1,Clear,Dry,Daylight
2022-07-01T19:29:00.000,I 85,I 85 and Shallowford Rd,,Rear End,3,Clear,Dry,Daylight
2022-01-22T19:20:00.000,I 85,I 85 and Shallowford Rd,,Rear End,2,Clear,Dry,Dark-Lighted
2022-02-09T19:15:00.000,I 85,I 85 and Shallowford Rd,,Sideswipe-Same Direction,2,Clear,Dry,Dark-Lighted
2022-06-16T17:23:00.000,I 85,I 85 and Shallowford Rd,,Sideswipe-Same Direction,2,Clear,Dry,Daylight
2022-12-16T15:40:00.000,I 85,I 85 and Shallowford Rd,,Not a Collision with Motor Vehicle,1,Clear,Dry,Daylight
2022-10-13T08:05:00.000,I 85,I 85 and Shallowford Rd,,Angle Crash,4,Rain,Wet,Daylight
2022-06-10T18:52:00.000,I 85,I 85 and Shallowford Rd,,Sideswipe-Same Direction,2,Clear,Dry,Daylight
2022-09-18T14:47:00.000,I 85,I 85 and Shallowford Rd,,Rear End,2,Cloudy,Dry,Daylight
2022-10-05T16:30:00.000,I 85,I 85 and Shallowford Rd,,Sideswipe-Same Direction,2,Clear,Dry,Daylight
2022-05-13T04:44:00.000,I 85,I 85 and Shallowford Rd,,Not a Collision with Motor Vehicle,1,Clear,Dry,Dark-Lighted
2022-01-08T14:30:00.000,I 85,I 85 and Shallowford Rd,,Rear End,2,Clear,Dry,Daylight
2022-09-30T18:20:00.000,I 85,I 85 and Shallowford Rd,,Rear End,3,Clear,Dry,Daylight
2022-09-02T20:43:00.000,I 85,I 85 and Shallowford Rd,,Rear End,2,Cloudy,Wet,Dark-Lighted
2022-06-18T02:07:00.000,I 85,I 85 and Shallowford Rd,,Not a Collision with Motor Vehicle,1,Clear,Dry,Dark-Lighted
2022-01-16T02:50:00.000,I 85,I 85 and Shallowford Rd,,Sideswipe-Same Direction,2,Rain,Wet,Dark-Not Lighted
2022-12-16T16:28:00.000,I 85,I 85 and Shallowford Rd,,Rear End,3,Clear,Dry,Daylight
2022-07-17T18:09:00.000,I 85,I 85 and Shallowford Rd,,Sideswipe-Same Direction,2,Clear,Dry,Daylight
2022-04-02T22:46:00.000,I 85,I 85 and Shallowford Rd,,Sideswipe-Same Direction,2,Clear,Dry,Dark-Lighted
2022-08-26T16:12:00.000,I 85,I 85 and Shallowford Rd,,Rear End,2,Cloudy,Dry,Daylight
2022-02-05T01:43:00.000,I 85,I 85 and Shallowford Rd,,Sideswipe-Same Direction,2,Clear,Dry,Dark-Lighted
2022-01-07T18:10:00.000,I 85,I 85 and Shallowford Rd,,Rear End,2,Clear,Dry,Daylight
2022-02-15T09:12:00.000,I 85,I 85 and Shallowford Rd,,Sideswipe-Same Direction,2,Clear,Dry,Daylight
2021-07-02T11:38:00.000,I 85,I 85 and Shallowford Rd,,Rear End,2,Cloudy,Wet,Daylight
2021-07-13T16:00:00.000,I 85,I 85 and Shallowford Rd,,Angle Crash,2,Clear,Wet,Daylight
2022-12-24T02:04:00.000,I 85,I 85 and Shallowford Rd,,Angle Crash,2,Clear,Dry,Dark-Not Lighted
2022-09-11T17:48:00.000,I 85,I 85 and Shallowford Rd,,Rear End,2,Clear,Dry,Daylight
2022-04-09T19:30:00.000,I 85,I 85 and Shallowford Rd,,Sideswipe-Same Direction,2,Clear,Dry,Dark-Lighted
2022-09-27T16:50:00.000,I 85,I 85 and Shallowford Rd,,Angle Crash,2,Clear,Dry,Daylight
2022-10-24T17:10:00.000,I 85,I 85 and Shallowford Rd,,Rear End,5,Clear,Dry,Daylight
2022-04-20T15:50:00.000,I 85,I 85 and Shallowford Rd,,Sideswipe-Same Direction,2,Clear,Dry,Daylight
2022-07-03T15:21:00.000,I 85,I 85 and Shallowford Rd,,Not a Collision with Motor Vehicle,1,Clear,Dry,Daylight
2022-08-20T00:22:00.000,I 85,I 85 and Shallowford Rd,,Rear End,2,Clear,Dry,Dark-Lighted
2022-01-08T20:30:00.000,I 85,I 85 and Shallowford Rd,,Sideswipe-Same Direction,2,Clear,Dry,Dark-Lighted
2022-01-03T15:20:00.000,I 85,I 85 and Shallowford Rd,,Rear End,2,Clear,Dry,Daylight
2022-07-24T01:36:00.000,I 85,I 85 and Shallowford Rd,,Not a Collision with Motor Vehicle,1,Clear,Dry,Dark-Not Lighted
2022-08-27T00:00:00.000,I 85,I 85 and Shallowford Rd,,Angle Crash,2,Clear,Dry,Dark-Lighted
2022-04-02T22:45:00.000,I 85,I 85 and Shallowford Rd,,Rear End,2,Clear,Dry,Dark-Lighted
2022-03-04T07:00:00.000,I 85,I 85 and Shallowford Rd,,Rear End,2,Clear,Dry,Daylight
2022-12-31T17:00:00.000,I 85,I 85 and Shallowford Rd,,Not a Collision with Motor Vehicle,1,Clear,Wet,Daylight
2022-02-07T19:31:00.000,I 85,I 85 and Shallowford Rd,,Sideswipe-Same Direction,2,Clear,Dry,Dark-Lighted
2022-03-11T12:50:00.000,I 85,I 85 and Shallowford Rd,,Sideswipe-Same Direction,2,Cloudy,Dry,Daylight
2022-04-02T09:02:00.000,I 85,I 85 and Shallowford Rd,,Sideswipe-Same Direction,2,Clear,Dry,Daylight
2022-03-01T04:30:00.000,I 85,I 85 and Shallowford Rd,,Not a Collision with Motor Vehicle,1,Clear,Dry,Dark-Not Lighted
2022-05-01T00:00:00.000,I 85,I 85 and Shallowford Rd,,Rear End,2,Cloudy,Dry,Daylight
2022-09-02T20:50:00.000,I 85,I 85 and Shallowford Rd,,Sideswipe-Same Direction,2,Clear,Wet,Dark-Lighted
2022-03-13T22:12:00.000,I 85,I 85 and Shallowford Rd,,Rear End,2,Clear,Dry,Daylight
2022-03-10T06:15:00.000,I 85,I 85 and Shallowford Rd,,Not a Collision with Motor Vehicle,2,Clear,Dry,Dark-Not Lighted
2022-04-25T15:53:00.000,I 85,I 85 and Shallowford Rd,,Sideswipe-Same Direction,2,Cloudy,Dry,Daylight
2022-08-29T18:30:00.000,I 85,I 85 and Shallowford Rd,,Rear End,2,Clear,Dry,Daylight
2022-05-17T17:56:00.000,I 85,I 85 and Shallowford Rd,,Sideswipe-Same Direction,2,Clear,Dry,Daylight
2022-11-04T16:09:00.000,I 85,I 85 and Shallowford Rd,,Rear End,2,Clear,Dry,Daylight
2022-05-11T20:12:00.000,I 85,I 85 and Shallowford Rd,,Rear End,2,Clear,Dry,Dark-Lighted
2022-08-28T22:00:00.000,I 85,I 85 and Shallowford Rd,,Rear End,2,Clear,Dry,Dark-Lighted
2022-08-30T01:18:00.000,I 85,I 85 and Shallowford Rd,,Sideswipe-Same Direction,2,Clear,Dry,Dark-Not Lighted
2022-03-21T07:59:00.000,I 85,I 85 and Shallowford Rd,,Angle Crash,2,Clear,Dry,Daylight
2022-08-22T04:05:00.000,I 85,I 85 and Shallowford Rd,,Sideswipe-Same Direction,2,Cloudy,Wet,Dark-Not Lighted
2022-02-24T18:21:00.000,I 85,I 85 and Shallowford Rd,,Angle Crash,2,Clear,Dry,Dark-Lighted
2022-04-17T21:00:00.000,I 85,I 85 and Shallowford Rd,,Rear End,3,Clear,Dry,Dark-Lighted
2022-06-24T10:20:00.000,I 85,I 85 and Shallowford Rd,,Rear End,3,Clear,Dry,Daylight
2022-09-09T07:45:00.000,I 85,I 85 and Shallowford Rd,,Rear End,2,Cloudy,Dry,Daylight
2022-07-31T20:08:00.000,I 85,I 85 and Shallowford Rd,,Not a Collision with Motor Vehicle,1,Clear,Dry,Daylight
2022-06-15T09:16:00.000,I 85,I 85 and Shallowford Rd,,Sideswipe-Same Direction,2,Clear,Dry,Daylight
2022-05-11T00:02:00.000,I 85,I 85 and Shallowford Rd,,Rear End,2,Clear,Dry,Dark-Not Lighted
2022-02-17T13:21:00.000,I 85,I 85 and Shallowford Rd,,Sideswipe-Same Direction,2,Cloudy,Dry,Daylight
2022-01-01T08:34:00.000,I 85,I 85 and Shallowford Rd,,Sideswipe-Same Direction,2,Clear,Dry,Dark-Lighted
2022-09-17T12:14:00.000,I 85,I 85 and Shallowford Rd,,Angle Crash,2,Clear,Dry,Daylight
2022-08-27T00:31:00.000,I 85,I 85 and Shallowford Rd,,Angle Crash,2,Clear,Dry,Dark-Lighted
2022-06-16T17:20:00.000,I 85,I 85 and Shallowford Rd,,Rear End,2,Clear,Dry,Daylight
2022-02-12T13:24:00.000,I 85,I 85 and Shallowford Rd,,Rear End,2,Clear,Dry,Daylight
2022-06-11T21:30:00.000,I 85,I 85 and Shallowford Rd,,Sideswipe-Same Direction,2,Clear,Dry,Daylight
2022-11-08T21:37:00.000,I 85,I 85 and Shallowford Rd,,Sideswipe-Same Direction,2,Clear,Dry,Dark-Lighted
2022-10-14T23:00:00.000,I 85,I 85 and Shallowford Rd,,Sideswipe-Same Direction,2,Clear,Dry,Dark-Not Lighted
2022-12-16T18:17:00.000,I 85,I 85 and Shallowford Rd,,Angle Crash,2,Clear,Dry,Dark-Lighted
2022-02-21T18:00:00.000,I 85,I 85 and Shallowford Rd,,Rear End,2,Rain,Wet,Daylight
2022-07-28T22:54:00.000,I 85,I 85 and Shallowford Rd,,Sideswipe-Same Direction,2,Clear,Dry,Dark-Not Lighted
2022-06-06T20:30:00.000,I 85,I 85 and Shallowford Rd,,Sideswipe-Same Direction,2,Clear,Dry,Dusk
2022-01-21T19:19:00.000,I 85,I 85 and Shallowford Rd,,Sideswipe-Same Direction,2,Clear,Dry,Daylight
2022-02-08T16:17:00.000,I 85,I 85 and Shallowford Rd,,Rear End,2,Clear,Dry,Daylight
2022-09-28T20:23:00.000,I 85,I 85 and Shallowford Rd,,Rear End,2,Clear,Dry,Dark-Lighted
2022-05-06T14:55:00.000,I 85,I 85 and Shallowford Rd,,Sideswipe-Same Direction,2,Clear,Dry,Daylight
2022-02-14T01:03:00.000,I 85,I 85 and Shallowford Rd,,Not a Collision with Motor Vehicle,1,Clear,Dry,Dark-Not Lighted
2022-08-26T14:42:00.000,I 85,I 85 and Shallowford Rd,,Angle Crash,2,Cloudy,Dry,Daylight
2022-08-30T21:00:00.000,I 85,I 85 and Shallowford Rd,,Rear End,2,Cloudy,Wet,Dark-Not Lighted
2022-05-01T00:09:00.000,I 85,I 85 and Shallowford Rd,,Sideswipe-Same Direction,2,Clear,Dry,Dark-Not Lighted
2022-04-02T22:45:00.000,I 85,I 85 and Shallowford Rd,,Rear End,3,Clear,Dry,Dark-Lighted
2022-02-03T00:00:00.000,I 85,I 85 and Shallowford Rd,,Angle Crash,2,Rain,Wet,Daylight
2022-05-05T22:03:00.000,I 85,I 85 and Shallowford Rd,,Not a Collision with Motor Vehicle,1,Clear,Dry,Dark-Lighted
2022-08-11T02:10:00.000,I 85,I 85 and Shallowford Rd,,Sideswipe-Same Direction,2,Clear,Dry,Dark-Not Lighted
2022-11-24T04:30:00.000,I 85,I 85 and Shallowford Rd,,Not a Collision with Motor Vehicle,2,Clear,Dry,Dark-Not Lighted
2022-02-19T04:43:00.000,I 85,I 85 and Shallowford Rd,,Not a Collision with Motor Vehicle,1,Clear,Dry,Dark-Lighted
2022-10-20T06:46:00.000,I 85,I 85 and Shallowford Rd,,Rear End,2,Clear,Dry,Daylight
2022-04-30T13:38:00.000,I 85,I 85 and Shallowford Rd,,Angle Crash,2,Clear,Dry,Daylight
2022-05-18T10:15:00.000,I 85,I 85 and Shallowford Rd,,Sideswipe-Same Direction,2,Clear,Dry,Daylight
2022-08-26T17:25:00.000,I 85,I 85 and Shallowford Rd,,Rear End,2,Cloudy,Dry,Daylight
2022-02-04T10:45:00.000,I 85,I 85 and Shallowford Rd,,Rear End,2,Cloudy,Wet,Daylight
2022-05-29T19:00:00.000,I 85,I 85 and Shallowford Rd,,Sideswipe-Same Direction,2,Clear,Dry,Daylight
2022-12-22T01:30:00.000,I 85,I 85 and Shallowford Rd,,Not a Collision with Motor Vehicle,1,Rain,Wet,Dark-Not Lighted
2023-01-04T17:54:00.000,I 85,I 85 and Shallowford Rd,,Rear End,2,Cloudy,Wet,Dusk
2023-02-16T18:41:00.000,I 85,I 85 and Shallowford Rd,,Rear End,3,Cloudy,Dry,Dark-Not Lighted
2023-10-21T05:18:00.000,I 85,I 85 and Shallowford Rd,,Angle Crash,2,Clear,Dry,Dark-Lighted
2023-03-28T22:20:00.000,I 85,I 85 and Shallowford Rd,,Not a Collision with Motor Vehicle,1,Clear,Dry,Dark-Not Lighted
2023-10-03T15:30:00.000,I 85,I 85 and Shallowford Rd,,Sideswipe-Same Direction,2,Clear,Dry,Daylight
2023-02-12T18:39:00.000,I 85,I 85 and Shallowford Rd,,Rear End,3,Cloudy,Wet,Dark-Not Lighted
2024-06-08T00:26:00.000,I 85,I 85 and Shallowford Rd,,Rear End,2,Clear,Dry,Dark-Lighted
2024-08-26T08:06:00.000,I 85,I 85 and Shallowford Rd,,Sideswipe-Same Direction,2,Clear,Dry,Daylight
2024-08-15T20:50:00.000,I 85,I 85 and Shallowford Rd,,Rear End,2,Clear,Dry,Dusk
2024-10-08T17:54:00.000,I 85,I 85 and Shallowford Rd,,Rear End,2,Clear,Dry,Daylight
2024-08-27T15:28:00.000,I 85,I 85 and Shallowford Rd,,Rear End,2,Clear,Dry,Daylight
2024-11-30T21:50:00.000,I 85,I 85 and Shallowford Rd,,Not a Collision with Motor Vehicle,1,Clear,Dry,Daylight
2024-01-23T17:55:00.000,I 85,I 85 and Shallowford Rd,,Rear End,2,Clear,Dry,Daylight
2024-11-16T20:10:00.000,I 85,I 85 and Shallowford Rd,,Rear End,2,Clear,Dry,Dark-Lighted
2024-09-05T18:49:00.000,I 85,I 85 and Shallowford Rd,,Rear End,2,Cloudy,Dry,Daylight
2024-01-31T19:42:00.000,I 85,I 85 and Shallowford Rd,,Rear End,3,Clear,Dry,Dark-Lighted
2024-08-21T14:50:00.000,I 85,I 85 and Shallowford Rd,,Rear End,2,Clear,Dry,Daylight
2024-09-24T21:23:00.000,I 85,I 85 and Shallowford Rd,,Not a Collision with Motor Vehicle,2,Clear,Dry,Dark-Not Lighted
2024-02-18T19:25:00.000,I 85,I 85 and Shallowford Rd,,Not a Collision with Motor Vehicle,1,Clear,Dry,Dark-Lighted
2024-11-20T18:10:00.000,I 85,I 85 and Shallowford Rd,,Rear End,2,Clear,Dry,Dark-Lighted
2024-05-23T13:40:00.000,I 85,I 85 and Shallowford Rd,,Sideswipe-Same Direction,2,Clear,Dry,Daylight
2024-07-02T12:30:00.000,I 85,I 85 and Shallowford Rd,,Not a Collision with Motor Vehicle,1,Clear,Dry,Daylight
2024-11-21T07:45:00.000,I 85,I 85 and Shallowford Rd,,Rear End,2,Clear,Dry,Daylight
2024-10-30T17:39:00.000,I 85,I 85 and Shallowford Rd,,Sideswipe-Same Direction,2,Clear,Dry,Daylight
2024-03-11T06:00:00.000,I 85,I 85 and Shallowford Rd,,Angle Crash,2,Clear,Dry,Dark-Not Lighted
2023-03-26T21:40:00.000,I 85,I 85 and Shallowford Rd,,Rear End,3,Rain,Wet,Dark-Not Lighted
2023-09-22T15:40:00.000,I 85,I 85 and Shallowford Rd,,Sideswipe-Same Direction,2,Clear,Dry,Daylight
2023-04-13T17:40:00.000,I 85,I 85 and Shallowford Rd,,Rear End,2,Cloudy,Wet,Daylight
2023-06-30T15:50:00.000,I 85,I 85 and Shallowford Rd,,Sideswipe-Same Direction,2,Cloudy,Wet,Daylight
2023-08-05T03:10:00.000,I 85,I 85 and Shallowford Rd,,Angle Crash,2,Clear,Dry,Dark-Lighted
2023-08-15T01:01:00.000,I 85,I 85 and Shallowford Rd,,Not a Collision with Motor Vehicle,1,Clear,Dry,Dark-Not Lighted