Date and Time,Roadway (From Crash Report),Intersection Name (from Crash Report),KABCO Severity,Manner of Collision (Crash Level) ,# of Vehicles per crash ,Weather Conditions (Crash Level),Surface Condition (Crash Level) ,Light Conditions (Crash Level)
2023-07-12T13:23:00.000,I 85,I 85 and Shallowford Rd,,Rear End,2,Cloudy,Dry,Daylight
2024-11-20T19:06:00.000,I 85,I 85 and Shallowford Rd,,Sideswipe-Same Direction,2,Clear,Dry,Dark-Lighted
2024-02-21T16:48:00.000,I 85,I 85 and Shallowford Rd,,Rear End,2,Clear,Dry,Daylight
2024-11-03T16:30:00.000,I 85,I 85 and Shallowford Rd,,Angle Crash,2,Cloudy,Wet,Daylight
2024-03-24T19:19:00.000,I 85,I 85 and Shallowford Rd,,Rear End,2,Cloudy,Dry,Daylight
2023-05-16T07:30:00.000,I 85,I 85 and Shallowford Rd,,Rear End,2,Cloudy,Dry,Daylight
2023-08-07T21:26:00.000,I 85,I 85 and Shallowford Rd,,Not a Collision with Motor Vehicle,7,Rain,Wet,Dark-Lighted
2023-05-07T20:05:00.000,I 85,I 85 and Shallowford Rd,,Not a Collision with Motor Vehicle,1,Cloudy,Dry,Dark-Not Lighted
2023-09-17T03:01:00.000,I 85,I 85 and Shallowford Rd,,Rear End,2,Rain,Wet,Dark-Not Lighted
2023-10-22T04:48:00.000,I 85,I 85 and Shallowford Rd,,Angle Crash,2,Clear,Dry,Dark-Lighted
2023-05-31T22:00:00.000,I 85,I 85 and Shallowford Rd,,Not a Collision with Motor Vehicle,1,Clear,Dry,Dark-Not Lighted
2023-03-15T18:00:00.000,I 85,I 85 and Shallowford Rd,,Rear End,2,Clear,Dry,Daylight
2023-07-26T16:00:00.000,I 85,I 85 and Shallowford Rd,,Rear End,2,Clear,Dry,Daylight
2023-08-11T14:50:00.000,I 85,I 85 and Shallowford Rd,,Rear End,2,Clear,Dry,Daylight
2023-10-24T11:50:00.000,I 85,I 85 and Shallowford Rd,,Not a Collision with Motor Vehicle,1,Clear,Dry,Daylight
2023-02-25T08:58:00.000,I 85,I 85 and Shallowford Rd,,Angle Crash,1,Clear,Dry,Daylight
2023-11-29T15:40:00.000,I 85,I 85 and Shallowford Rd,,Angle Crash,4,Clear,Dry,Daylight
2023-02-23T19:00:00.000,I 85,I 85 and Shallowford Rd,,Rear End,2,Rain,Wet,Dark-Not Lighted
2023-03-02T18:00:00.000,I 85,I 85 and Shallowford Rd,,Rear End,2,Rain,Wet,Daylight
2023-03-27T13:52:00.000,I 85,I 85 and Shallowford Rd,,Sideswipe-Same Direction,2,Clear,Dry,Daylight
2023-05-03T17:40:00.000,I 85,I 85 and Shallowford Rd,,Sideswipe-Same Direction,2,Clear,Dry,Daylight
2023-07-31T05:15:00.000,I 85,I 85 and Shallowford Rd,,Rear End,2,Clear,Dry,Dark-Lighted
2023-06-02T21:00:00.000,I 85,I 85 and Shallowford Rd,,Sideswipe-Same Direction,2,Clear,Dry,Dark-Lighted
2023-03-30T15:40:00.000,I 85,I 85 and Shallowford Rd,,Sideswipe-Same Direction,2,Clear,Dry,Daylight
2023-07-22T14:35:00.000,I 85,I 85 and Shallowford Rd,,Angle Crash,2,Clear,Dry,Daylight
2023-09-26T17:30:00.000,I 85,I 85 and Shallowford Rd,,Sideswipe-Same Direction,2,Clear,Dry,Daylight
2023-08-04T17:55:00.000,I 85,I 85 and Shallowford Rd,,Rear End,3,Clear,Dry,Daylight
2023-05-02T17:40:00.000,I 85,I 85 and Shallowford Rd,,Rear End,2,Clear,Dry,Daylight
2023-05-05T06:45:00.000,I 85,I 85 and Shallowford Rd,,Not a Collision with Motor Vehicle,1,Cloudy,Dry,Dawn
2023-01-31T10:24:00.000,I 85,I 85 and Shallowford Rd,,Angle Crash,2,Cloudy,Dry,Daylight
2023-03-15T17:35:00.000,I 85,I 85 and Shallowford Rd,,Rear End,3,Clear,Dry,Daylight
2023-01-01T23:53:00.000,I 85,I 85 and Shallowford Rd,,Rear End,2,Clear,Dry,Dark-Lighted
2023-04-14T00:00:00.000,I 85,I 85 and Shallowford Rd,,Sideswipe-Opposite Direction,2,Clear,Dry,Daylight
2023-12-23T02:52:00.000,I 85,I 85 and Shallowford Rd,,Rear End,2,Clear,Dry,Dark-Not Lighted
2023-01-13T12:20:00.000,I 85,I 85 and Shallowford Rd,,Sideswipe-Same Direction,2,Cloudy,Dry,Daylight
2023-02-27T13:30:00.000,I 85,I 85 and Shallowford Rd,,Sideswipe-Same Direction,2,Cloudy,Dry,Daylight
2023-06-14T19:25:00.000,I 85,I 85 and Shallowford Rd,,Rear End,2,Clear,Dry,Daylight
2023-09-01T17:40:00.000,I 85,I 85 and Shallowford Rd,,Rear End,3,Clear,Dry,Daylight
2023-01-03T06:39:00.000,I 85,I 85 and Shallowford Rd,,Angle Crash,2,Cloudy,Wet,Dark-Not Lighted
2023-05-06T15:49:00.000,I 85,I 85 and Shallowford Rd,,Angle Crash,3,Clear,Dry,Daylight
2023-12-02T13:12:00.000,I 85,I 85 and Shallowford Rd,,Not a Collision with Motor Vehicle,1,Cloudy,Wet,Daylight
2023-01-02T19:00:00.000,I 85,I 85 and Shallowford Rd,,Not a Collision with Motor Vehicle,1,Rain,Wet,Dark-Lighted
2023-03-07T20:00:00.000,I 85,I 85 and Shallowford Rd,,Sideswipe-Same Direction,2,Clear,Dry,Dark-Lighted
2023-03-05T21:40:00.000,I 85,I 85 and Shallowford Rd,,Rear End,2,Clear,Dry,Dark-Lighted
2023-03-12T18:10:00.000,I 85,I 85 and Shallowford Rd,,Rear End,2,Clear,Wet,Daylight
2023-07-12T21:10:00.000,I 85,I 85 and Shallowford Rd,,Rear End,2,Clear,Dry,Dark-Not Lighted
2023-01-17T16:00:00.000,I 85,I 85 and Shallowford Rd,,Sideswipe-Same Direction,2,Cloudy,Dry,Daylight
2023-01-09T18:00:00.000,I 85,I 85 and Shallowford Rd,,Rear End,2,Clear,Dry,Dark-Lighted
2023-10-01T23:03:00.000,I 85,I 85 and Shallowford Rd,,Not a Collision with Motor Vehicle,2,Clear,Dry,Dark-Not Lighted
2023-11-24T11:49:00.000,I 85,I 85 and Shallowford Rd,,Angle Crash,2,Clear,Dry,Daylight
2023-08-26T13:00:00.000,I 85,I 85 and Shallowford Rd,,Sideswipe-Same Direction,3,Clear,Dry,Daylight
2023-03-27T17:34:00.000,I 85,I 85 and Shallowford Rd,,Sideswipe-Same Direction,2,Clear,Dry,Daylight
2023-09-30T06:38:00.000,I 85,I 85 and Shallowford Rd,,Rear End,2,Clear,Dry,Dark-Lighted
2023-01-06T08:27:00.000,I 85,I 85 and Shallowford Rd,,Sideswipe-Same Direction,2,Clear,Dry,Daylight
2023-04-21T17:35:00.000,I 85,I 85 and Shallowford Rd,,Sideswipe-Same Direction,2,Clear,Dry,Daylight
2023-09-08T06:15:00.000,I 85,I 85 and Shallowford Rd,,Sideswipe-Same Direction,2,Clear,Dry,Daylight
2023-05-16T21:16:00.000,I 85,I 85 and Shallowford Rd,,Not a Collision with Motor Vehicle,1,Cloudy,Wet,Dark-Not Lighted
2023-07-09T02:38:00.000,I 85,I 85 and Shallowford Rd,,Angle Crash,2,Clear,Dry,Dark-Lighted
2023-06-14T09:26:00.000,I 85,I 85 and Shallowford Rd,,Not a Collision with Motor Vehicle,1,Cloudy,Dry,Daylight
2024-08-28T19:28:00.000,I 85,I 85 and Shallowford Rd,,Rear End,2,Clear,Dry,Daylight
2024-10-22T16:16:00.000,I 85,I 85 and Shallowford Rd,,Rear End,2,Clear,Dry,Daylight
2024-09-18T17:52:00.000,I 85,I 85 and Shallowford Rd,,Rear End,2,Clear,Dry,Daylight
2024-02-19T15:00:00.000,I 85,I 85 and Shallowford Rd,,Rear End,2,Clear,Dry,Daylight
2024-04-15T08:24:00.000,I 85,I 85 and Shallowford Rd,,Sideswipe-Same Direction,2,Clear,Dry,Daylight
2024-04-25T11:35:00.000,I 85,I 85 and Shallowford Rd,,Sideswipe-Same Direction,2,Clear,Dry,Daylight
2024-02-07T15:20:00.000,I 85,I 85 and Shallowford Rd,,Angle Crash,3,Clear,Dry,Daylight
2024-09-19T16:20:00.000,I 85,I 85 and Shallowford Rd,,Rear End,2,Clear,Dry,Daylight
2024-02-20T16:20:00.000,I 85,I 85 and Shallowford Rd,,Sideswipe-Same Direction,4,Clear,Dry,Daylight
2024-03-07T00:13:00.000,I 85,I 85 and Shallowford Rd,,Rear End,2,Clear,Dry,Dark-Lighted
2024-01-05T15:30:00.000,I 85,I 85 and Shallowford Rd,,Sideswipe-Same Direction,2,Clear,Dry,Daylight
2024-12-09T18:00:00.000,I 85,I 85 and Shallowford Rd,,Rear End,2,Rain,Wet,Dark-Not Lighted
2024-12-21T12:58:00.000,I 85,I 85 and Shallowford Rd,,Sideswipe-Same Direction,2,Clear,Dry,Daylight
2024-06-08T12:30:00.000,I 85,I 85 and Shallowford Rd,,Rear End,2,Clear,Dry,Daylight
2024-05-12T23:30:00.000,I 85,I 85 and Shallowford Rd,,Angle Crash,2,Clear,Dry,Dark-Lighted
2024-04-12T07:30:00.000,I 85,I 85 and Shallowford Rd,,Sideswipe-Same Direction,2,Clear,Dry,Daylight
2024-11-23T22:17:00.000,I 85,I 85 and Shallowford Rd,,Not a Collision with Motor Vehicle,1,Clear,Dry,Dark-Not Lighted
2024-08-29T21:00:00.000,I 85,I 85 and Shallowford Rd,,Angle Crash,2,Cloudy,Wet,Dark-Lighted
2024-05-13T06:49:00.000,I 85,I 85 and Shallowford Rd,,Sideswipe-Same Direction,2,Cloudy,Dry,Daylight
2024-08-07T09:55:00.000,I 85,I 85 and Shallowford Rd,,Not a Collision with Motor Vehicle,2,Clear,Dry,Daylight
2024-07-29T17:32:00.000,I 85,I 85 and Shallowford Rd,,Rear End,2,Cloudy,Wet,Daylight
2024-02-07T19:00:00.000,I 85,I 85 and Shallowford Rd,,Sideswipe-Same Direction,2,Clear,Dry,Daylight
2024-06-23T08:03:00.000,I 85,I 85 and Shallowford Rd,,Sideswipe-Same Direction,2,Clear,Dry,Daylight
2024-02-17T09:50:00.000,I 85,I 85 and Shallowford Rd,,Sideswipe-Same Direction,2,Cloudy,Dry,Daylight
2024-07-30T14:50:00.000,I 85,I 85 and Shallowford Rd,,Sideswipe-Same Direction,2,Cloudy,Dry,Daylight
2024-08-19T22:25:00.000,I 85,I 85 and Shallowford Rd,,Sideswipe-Same Direction,2,Clear,Dry,Dark-Lighted
2024-11-16T23:55:00.000,I 85,I 85 and Shallowford Rd,,Angle Crash,2,Clear,Dry,Dark-Not Lighted
2024-02-26T16:57:00.000,I 85,I 85 and Shallowford Rd,,Sideswipe-Same Direction,2,Clear,Dry,Daylight
2024-05-12T22:30:00.000,I 85,I 85 and Shallowford Rd,,Angle Crash,3,Clear,Dry,Dark-Not Lighted
2024-05-11T08:00:00.000,I 85,I 85 and Shallowford Rd,,Angle Crash,2,Clear,Dry,Daylight
2024-06-14T00:20:00.000,I 85,I 85 and Shallowford Rd,,Sideswipe-Same Direction,2,Clear,Dry,Dark-Not Lighted
2024-02-28T17:00:00.000,I 85,I 85 and Shallowford Rd,,Rear End,3,Cloudy,Wet,Daylight
2024-07-23T13:40:00.000,I 85,I 85 and Shallowford Rd,,Not a Collision with Motor Vehicle,1,Clear,Dry,Daylight
2024-12-02T13:31:00.000,I 85,I 85 and Shallowford Rd,,Rear End,2,Clear,Dry,Daylight
2024-01-05T20:35:00.000,I 85,I 85 and Shallowford Rd,,Not a Collision with Motor Vehicle,1,Cloudy,Dry,Dark-Lighted
2024-10-10T22:28:00.000,I 85,I 85 and Shallowford Rd,,Angle Crash,2,Clear,Dry,Dark-Lighted
2024-08-04T13:13:00.000,I 85,I 85 and Shallowford Rd,,Sideswipe-Same Direction,2,Clear,Dry,Daylight
2024-11-30T07:45:00.000,I 85,I 85 and Shallowford Rd,,Angle Crash,2,Clear,Dry,Daylight
2024-05-02T22:20:00.000,I 85,I 85 and Shallowford Rd,,Sideswipe-Same Direction,2,Clear,Dry,Dark-Lighted
2024-12-05T22:00:00.000,I 85,I 85 and Shallowford Rd,,Not a Collision with Motor Vehicle,1,Clear,Dry,Daylight
2024-05-10T13:09:00.000,I 85,I 85 and Shallowford Rd,,Rear End,2,Clear,Dry,Daylight
2024-10-01T17:53:00.000,I 85,I 85 and Shallowford Rd,,Angle Crash,4,Cloudy,Dry,Daylight
2024-02-20T15:30:00.000,I 85,I 85 and Shallowford Rd,,Rear End,2,Clear,Dry,Daylight
2024-09-30T20:17:00.000,I 85,I 85 and Shallowford Rd,,Not a Collision with Motor Vehicle,1,Clear,Dry,Dark-Not Lighted
2024-02-19T13:00:00.000,I 85,I 85 and Shallowford Rd,,Rear End,3,Clear,Dry,Daylight
2024-09-21T15:00:00.000,I 85,I 85 and Shallowford Rd,,Sideswipe-Same Direction,2,Clear,Dry,Daylight
2024-10-24T22:30:00.000,I 85,I 85 and Shallowford Rd,,Angle Crash,3,Clear,Dry,Dark-Not Lighted
2024-02-13T07:44:00.000,I 85,I 85 and Shallowford Rd,,Sideswipe-Same Direction,2,Clear,Dry,Daylight
2024-07-27T01:45:00.000,I 85,I 85 and Shallowford Rd,,Rear End,2,Clear,Dry,Dark-Lighted
2024-12-25T20:21:00.000,I 85,I 85 and Shallowford Rd,,Angle Crash,2,Clear,Dry,Dark-Not Lighted
2024-09-26T18:34:00.000,I 85,I 85 and Shallowford Rd,,Head On,2,Rain,Wet,Dark-Lighted
2024-10-14T20:30:00.000,I 85,I 85 and Shallowford Rd,,Rear End,2,Clear,Dry,Dark-Lighted
2024-01-25T08:40:00.000,I 85,I 85 and Shallowford Rd,,Sideswipe-Same Direction,2,Rain,Wet,Daylight
2024-07-30T13:37:00.000,I 85,I 85 and Shallowford Rd,,Rear End,2,Cloudy,Dry,Daylight
2024-08-27T07:56:00.000,I 85,I 85 and Shallowford Rd,,Sideswipe-Same Direction,2,Clear,Dry,Daylight
2024-04-12T16:50:00.000,I 85,I 85 and Shallowford Rd,,Angle Crash,2,Cloudy,Dry,Daylight
2024-12-03T17:13:00.000,I 85,I 85 and Shallowford Rd,,Sideswipe-Same Direction,2,Clear,Dry,Daylight
2024-02-02T10:04:00.000,I 85,I 85 and Shallowford Rd,,Angle Crash,2,Clear,Dry,Daylight
2024-08-30T19:30:00.000,I 85,I 85 and Shallowford Rd,,Angle Crash,2,Clear,Wet,Dark-Not Lighted
2024-02-25T16:40:00.000,I 85,I 85 and Shallowford Rd,,Sideswipe-Same Direction,2,Clear,Dry,Daylight
2024-11-01T16:54:00.000,I 85,I 85 and Shallowford Rd,,Rear End,2,Clear,Dry,Daylight
2024-09-11T17:37:00.000,I 85,I 85 and Shallowford Rd,,Angle Crash,2,Cloudy,Dry,Daylight
2024-09-07T15:38:00.000,I 85,I 85 and Shallowford Rd,,Not a Collision with Motor Vehicle,1,Clear,Dry,Daylight
2024-12-10T21:14:00.000,I 85,I 85 and Shallowford Rd,,Sideswipe-Same Direction,2,Rain,Wet,Dark-Lighted
2024-08-28T20:02:00.000,I 85,I 85 and Shallowford Rd,,Rear End,2,Clear,Dry,Dusk
2024-01-19T06:05:00.000,I 85,I 85 and Shallowford Rd,,Not a Collision with Motor Vehicle,1,Cloudy,Wet,Dark-Lighted
2024-12-09T00:14:00.000,I 85,I 85 and Shallowford Rd,,Rear End,2,Rain,Wet,Dark-Lighted
2024-03-13T05:55:00.000,I 85,I 85 and Shallowford Rd,,Angle Crash,2,Clear,Dry,Dark-Lighted
2024-01-20T22:18:00.000,I 85,I 85 and Shallowford Rd,,Sideswipe-Same Direction,2,Clear,Dry,Dark-Lighted
2024-04-20T07:30:00.000,I 85,I 85 and Shallowford Rd,,Not a Collision with Motor Vehicle,1,Clear,Dry,Daylight
2024-05-03T18:10:00.000,I 85,I 85 and Shallowford Rd,,Not a Collision with Motor Vehicle,1,Cloudy,Dry,Daylight
2024-01-13T23:36:00.000,I 85,I 85 and Shallowford Rd,,Angle Crash,2,Clear,Dry,Dark-Not Lighted
2024-08-05T19:15:00.000,I 85,I 85 and Shallowford Rd,,Sideswipe-Same Direction,2,Clear,Dry,Daylight
2024-05-26T02:30:00.000,I 85,I 85 and Shallowford Rd,,Sideswipe-Same Direction,3,Clear,Dry,Dark-Lighted
2024-11-12T17:20:00.000,I 85,I 85 and Shallowford Rd,,Rear End,2,Clear,Dry,Daylight
2021-05-30T22:27:00.000,I 85,I 85 and Shallowford,,Sideswipe-Same Direction,2,Clear,Dry,Dark-Lighted
2021-04-29T09:15:00.000,I 85,I 85 and Shallowford,,Not a Collision with Motor Vehicle,2,Clear,Dry,Daylight
2021-09-05T17:39:00.000,I 85,I 85 and Shallowford,,Rear End,5,Clear,Dry,Daylight
2022-09-13T17:11:00.000,I 85,I 85 and Shallowford,,Sideswipe-Same Direction,2,Clear,Dry,Daylight
2024-10-23T17:46:00.000,I 85,I 85 and Shallowford,,Not a Collision with Motor Vehicle,1,Clear,Dry,Daylight
2024-07-03T10:31:00.000,I 85,I 85 and Shalloford Rd,,Rear End,3,Cloudy,Dry,Daylight
2024-11-20T08:00:00.000,I 85,I 85 and Shalllowford Rd,,Rear End,4,Rain,Wet,Daylight
2020-06-26T16:50:00.000,I 85,I 85 and Sewell Road Opas,,Not a Collision with Motor Vehicle,1,Clear,Dry,Daylight
2020-07-05T13:11:00.000,I 85,I 85 and Sewell Road Opas,,Rear End,4,Clear,Dry,Daylight
2020-11-18T13:38:00.000,I 85,I 85 and Sewell Road Opas,,Sideswipe-Same Direction,2,Clear,Dry,Daylight
2021-06-13T20:50:00.000,I 85,I 85 and Sewell Road Opas,,Angle Crash,2,Clear,Dry,Dusk
2022-05-31T13:12:00.000,I 85,I 85 and Sewell Road Opas,,Sideswipe-Same Direction,2,Cloudy,Dry,Daylight
2022-12-02T18:06:00.000,I 85,I 85 and Sewell Road Opas,,Rear End,2,Cloudy,Dry,Dark-Not Lighted
2022-07-03T13:07:00.000,I 85,I 85 and Sewell Road Opas,,Angle Crash,2,Rain,Wet,Daylight
2023-06-11T16:23:00.000,I 85,I 85 and Sewell Road Opas,,Not a Collision with Motor Vehicle,1,Cloudy,Dry,Daylight
2024-11-11T13:23:00.000,I 85,I 85 and Sewell Road Opas,,Rear End,2,Clear,Dry,Daylight
2020-07-07T06:05:00.000,I 85,I 85 and Sewell Road Bridge Opas,,Rear End,1,Cloudy,Dry,Dark-Not Lighted
2021-09-18T11:25:00.000,I 85,I 85 and Sewell Rd Opas,,Rear End,2,Cloudy,Dry,Daylight
2024-12-29T18:09:00.000,I 85,I 85 and Sewell Rd Opas,,Rear End,2,Clear,Dry,Dark-Not Lighted
2021-12-20T19:57:00.000,I 85,I 85 and Sewell Rd,,Not a Collision with Motor Vehicle,2,Cloudy,Dry,Dark-Not Lighted
2021-11-05T15:40:00.000,I 85,I 85 and Sewell Rd,,Rear End,2,Clear,Dry,Daylight
2021-02-03T14:04:00.000,I 85,I 85 and Sewell Rd,,Sideswipe-Same Direction,2,Clear,Dry,Daylight
2023-08-03T17:58:00.000,I 85,I 85 and Sewell Rd,,Angle Crash,2,Clear,Wet,Daylight
2023-06-03T19:00:00.000,I 85,I 85 and Sewell Rd,,Sideswipe-Same Direction,2,Clear,Dry,Daylight
2020-04-19T11:15:00.000,I 85,I 85 and Sewell Rd,,Not a Collision with Motor Vehicle,1,Rain,Wet,Daylight
2021-02-05T07:45:00.000,I 85,I 85 and Sewell Rd,,Sideswipe-Same Direction,2,Cloudy,Dry,Daylight
2022-04-15T21:01:00.000,I 85,I 85 and Sewell Rd,,Rear End,2,Cloudy,Dry,Dark-Not Lighted
2022-04-03T10:55:00.000,I 85,I 85 and Sewell Rd,,Rear End,2,Clear,Dry,Daylight
2022-12-26T14:30:00.000,I 85,I 85 and Sewell Rd,,Rear End,2,Clear,Dry,Daylight
2022-01-04T05:28:00.000,I 85,I 85 and Sewell Rd,,Angle Crash,2,Clear,Dry,Dark-Not Lighted
2024-04-21T14:10:00.000,I 85,I 85 and Sewell Rd,,Not a Collision with Motor Vehicle,1,Clear,Wet,Daylight
2024-11-19T15:58:00.000,I 85,I 85 and Sewell Rd,,Angle Crash,2,Rain,Wet,Daylight
2024-09-25T15:06:00.000,I 85,I 85 and Seonia Rd,,Sideswipe-Same Direction,2,Clear,Dry,Daylight
2024-08-09T16:14:00.000,I 85,I 85 and Senoia Senoia Rd,,Sideswipe-Same Direction,2,Clear,Dry,Daylight
2022-09-28T17:15:00.000,I 85,I 85 and Senoia Rd.,,Sideswipe-Same Direction,2,Clear,Dry,Daylight
2020-06-10T12:50:00.000,I 85,I 85 and Senoia Rd On Rp,,Angle Crash,2,Rain,Wet,Daylight
2021-02-26T18:55:00.000,I 85,I 85 and Senoia Rd I85N Entrance Rp,,Angle Crash,2,Clear,Dry,Dark-Lighted
2024-10-20T21:06:00.000,I 85,I 85 and Senoia Rd Exit,,Sideswipe-Same Direction,2,Clear,Dry,Dark-Not Lighted
2020-12-22T05:48:00.000,I 85,I 85 and Senoia Rd Entrance Rp,,Angle Crash,1,Clear,Dry,Dark-Not Lighted
2020-12-22T05:48:00.000,I 85,I 85 and Senoia Rd Entrance Rp,,Rear End,4,Clear,Dry,Dark-Not Lighted
2020-12-22T05:48:00.000,I 85,I 85 and Senoia Rd Entrance Rp,,Rear End,2,Clear,Oil,Dark-Not Lighted
2021-01-07T16:20:00.000,I 85,I 85 and Senoia Rd,,Not a Collision with Motor Vehicle,1,Rain,Wet,Daylight
2021-02-20T11:59:00.000,I 85,I 85 and Senoia Rd,,Rear End,2,Clear,Dry,Daylight
2021-06-11T14:03:00.000,I 85,I 85 and Senoia Rd,,Rear End,2,Cloudy,Dry,Daylight
2021-04-23T02:45:00.000,I 85,I 85 and Senoia Rd,,Not a Collision with Motor Vehicle,1,Clear,Dry,Dark-Lighted
2021-02-18T22:06:00.000,I 85,I 85 and Senoia Rd,,Rear End,2,Cloudy,Wet,Dark-Lighted
2021-06-03T13:40:00.000,I 85,I 85 and Senoia Rd,,Sideswipe-Same Direction,2,Clear,Dry,Daylight
2021-01-01T11:40:00.000,I 85,I 85 and Senoia Rd,,Not a Collision with Motor Vehicle,1,Rain,Wet,Daylight
2021-05-01T10:02:00.000,I 85,I 85 and Senoia Rd,,Rear End,2,Clear,Dry,Daylight
2021-03-29T17:15:00.000,I 85,I 85 and Senoia Rd,,Rear End,2,Clear,Dry,Daylight
2021-07-16T13:24:00.000,I 85,I 85 and Senoia Rd,,Rear End,2,Clear,Dry,Daylight
2021-09-08T14:00:00.000,I 85,I 85 and Senoia Rd,,Rear End,2,Cloudy,Dry,Daylight
2021-09-16T17:53:00.000,I 85,I 85 and Senoia Rd,,Rear End,2,Rain,Wet,Daylight
2021-09-19T20:25:00.000,I 85,I 85 and Senoia Rd,,Rear End,2,Rain,Wet,Dark-Lighted
2021-07-02T10:41:00.000,I 85,I 85 and Senoia Rd,,Not a Collision with Motor Vehicle,1,Rain,(None),Daylight
2021-10-25T17:50:00.000,I 85,I 85 and Senoia Rd,,Sideswipe-Same Direction,2,Clear,Dry,Dark-Lighted
2021-01-26T05:28:00.000,I 85,I 85 and Senoia Rd,,Not a Collision with Motor Vehicle,1,Rain,Wet,Dark-Not Lighted
2021-06-30T07:35:00.000,I 85,I 85 and Senoia Rd,,Rear End,3,Clear,Dry,Daylight
2021-06-10T17:56:00.000,I 85,I 85 and Senoia Rd,,Rear End,2,Cloudy,Dry,Daylight
2021-05-03T14:33:00.000,I 85,I 85 and Senoia Rd,,Rear End,2,Clear,Dry,Daylight
2021-04-21T08:08:00.000,I 85,I 85 and Senoia Rd,,Rear End,2,Clear,Dry,Daylight
2021-05-05T17:35:00.000,I 85,I 85 and Senoia Rd,,Rear End,2,Cloudy,Dry,Daylight
2021-02-01T12:20:00.000,I 85,I 85 and Senoia Rd,,Not a Collision with Motor Vehicle,1,Cloudy,Dry,Daylight
2021-03-17T09:01:00.000,I 85,I 85 and Senoia Rd,,Angle Crash,2,Cloudy,Wet,Daylight
2021-06-30T12:50:00.000,I 85,I 85 and Senoia Rd,,Rear End,2,Clear,Dry,Daylight
2021-04-28T22:35:00.000,I 85,I 85 and Senoia Rd,,Rear End,1,Clear,Dry,Dark-Lighted
2021-01-01T12:00:00.000,I 85,I 85 and Senoia Rd,,Sideswipe-Opposite Direction,2,Rain,Wet,Daylight
2021-05-21T20:44:00.000,I 85,I 85 and Senoia Rd,,Not a Collision with Motor Vehicle,1,Clear,Dry,Dark-Lighted
2021-04-04T06:24:00.000,I 85,I 85 and Senoia Rd,,Sideswipe-Same Direction,2,Clear,Dry,Dark-Lighted
2021-02-06T10:20:00.000,I 85,I 85 and Senoia Rd,,Sideswipe-Same Direction,2,Cloudy,Dry,Dark-Lighted
2021-05-14T09:54:00.000,I 85,I 85 and Senoia Rd,,Rear End,2,Clear,Dry,Daylight
2021-10-11T11:48:00.000,I 85,I 85 and Senoia Rd,,Sideswipe-Same Direction,2,Clear,Dry,Daylight
2021-11-16T08:12:00.000,I 85,I 85 and Senoia Rd,,Rear End,2,Clear,Dry,Daylight
2021-09-08T09:33:00.000,I 85,I 85 and Senoia Rd,,Rear End,2,Cloudy,Dry,Daylight
2021-12-08T09:22:00.000,I 85,I 85 and Senoia Rd,,Rear End,2,Rain,Wet,Daylight
2021-10-05T03:59:00.000,I 85,I 85 and Senoia Rd,,Not a Collision with Motor Vehicle,1,Rain,Wet,Dark-Not Lighted
2021-08-20T15:10:00.000,I 85,I 85 and Senoia Rd,,Rear End,2,Clear,Dry,Daylight
2021-09-20T06:42:00.000,I 85,I 85 and Senoia Rd,,Not a Collision with Motor Vehicle,1,Rain,Wet,Dark-Not Lighted
2021-09-17T06:00:00.000,I 85,I 85 and Senoia Rd,,Sideswipe-Same Direction,2,Clear,Dry,Dark-Not Lighted
2021-12-09T15:38:00.000,I 85,I 85 and Senoia Rd,,Rear End,5,Clear,Dry,Daylight
2021-09-16T06:30:00.000,I 85,I 85 and Senoia Rd,,(None),2,(None),(None),(None)
2021-08-06T18:50:00.000,I 85,I 85 and Senoia Rd,,Sideswipe-Same Direction,2,Clear,Dry,Daylight
2021-02-24T16:45:00.000,I 85,I 85 and Senoia Rd,,Rear End,2,Clear,Dry,Daylight
2021-06-08T17:19:00.000,I 85,I 85 and Senoia Rd,,Rear End,3,Cloudy,Dry,Daylight
2021-06-28T20:14:00.000,I 85,I 85 and Senoia Rd,,Rear End,2,Clear,Dry,Daylight
2021-03-04T09:31:00.000,I 85,I 85 and Senoia Rd,,Rear End,2,Clear,Dry,Daylight
2021-02-09T12:35:00.000,I 85,I 85 and Senoia Rd,,Sideswipe-Same Direction,2,Cloudy,Dry,Daylight
2021-05-21T10:00:00.000,I 85,I 85 and Senoia Rd,,Angle Crash,2,Clear,Dry,Daylight
2021-05-01T11:40:00.000,I 85,I 85 and Senoia Rd,,Rear End,2,Clear,Dry,Daylight
2021-04-24T09:15:00.000,I 85,I 85 and Senoia Rd,,Angle Crash,2,Rain,Wet,Daylight
2021-10-22T22:29:00.000,I 85,I 85 and Senoia Rd,,Sideswipe-Same Direction,2,Clear,Dry,Daylight
2021-08-02T05:11:00.000,I 85,I 85 and Senoia Rd,,Rear End,2,Clear,Dry,Dark-Not Lighted
2021-09-20T06:59:00.000,I 85,I 85 and Senoia Rd,,Not a Collision with Motor Vehicle,1,Rain,Wet,Dark-Not Lighted
2021-07-07T01:48:00.000,I 85,I 85 and Senoia Rd,,Not a Collision with Motor Vehicle,1,Rain,Wet,Dark-Lighted
2021-08-28T12:00:00.000,I 85,I 85 and Senoia Rd,,Rear End,2,Clear,Dry,Daylight