Date and Time,Roadway (From Crash Report),Intersection Name (from Crash Report),KABCO Severity,Manner of Collision (Crash Level) ,# of Vehicles per crash ,Weather Conditions (Crash Level),Surface Condition (Crash Level) ,Light Conditions (Crash Level)
2021-07-10T19:30:00.000,I 85,I 85 and Senoia Rd,,Rear End,2,Rain,Wet,Daylight
2021-09-27T08:34:00.000,I 85,I 85 and Senoia Rd,,Rear End,2,Clear,Dry,Daylight
2021-10-18T08:51:00.000,I 85,I 85 and Senoia Rd,,Rear End,1,Clear,Dry,Daylight
2021-10-07T08:28:00.000,I 85,I 85 and Senoia Rd,,Sideswipe-Same Direction,2,Cloudy,Wet,Daylight
2021-10-03T01:05:00.000,I 85,I 85 and Senoia Rd,,Rear End,2,Clear,Dry,Dark-Lighted
2021-08-25T15:25:00.000,I 85,I 85 and Senoia Rd,,Not a Collision with Motor Vehicle,1,Clear,Dry,Daylight
2021-05-24T22:15:00.000,I 85,I 85 and Senoia Rd,,Sideswipe-Same Direction,2,Clear,Dry,Dark-Not Lighted
2021-02-09T14:26:00.000,I 85,I 85 and Senoia Rd,,Sideswipe-Same Direction,2,Clear,Dry,Daylight
2021-04-02T17:35:00.000,I 85,I 85 and Senoia Rd,,Rear End,3,Clear,Dry,Daylight
2021-05-05T17:06:00.000,I 85,I 85 and Senoia Rd,,Rear End,3,Clear,Dry,Daylight
2021-02-25T11:21:00.000,I 85,I 85 and Senoia Rd,,Rear End,2,Clear,Dry,Daylight
2020-06-30T13:32:00.000,I 85,I 85 and Senoia Rd,,Rear End,2,Clear,Dry,Daylight
2023-05-14T09:20:00.000,I 85,I 85 and Senoia Rd,,Rear End,2,Clear,Dry,Daylight
2023-03-13T18:25:00.000,I 85,I 85 and Senoia Rd,,Angle Crash,2,Clear,Dry,Daylight
2023-09-21T15:48:00.000,I 85,I 85 and Senoia Rd,,Rear End,2,Cloudy,Dry,Daylight
2023-02-15T20:23:00.000,I 85,I 85 and Senoia Rd,,Rear End,2,Clear,Dry,Dark-Lighted
2023-06-21T07:30:00.000,I 85,I 85 and Senoia Rd,,Rear End,3,Rain,Wet,Daylight
2023-05-09T17:29:00.000,I 85,I 85 and Senoia Rd,,Rear End,2,Clear,Dry,Daylight
2023-09-01T10:00:00.000,I 85,I 85 and Senoia Rd,,Sideswipe-Same Direction,2,Clear,Dry,Daylight
2023-08-18T07:50:00.000,I 85,I 85 and Senoia Rd,,Sideswipe-Same Direction,2,Clear,Dry,Daylight
2023-03-18T11:46:00.000,I 85,I 85 and Senoia Rd,,Rear End,2,Clear,Dry,Daylight
2023-01-16T05:25:00.000,I 85,I 85 and Senoia Rd,,Rear End,2,Clear,Dry,Daylight
2023-04-22T15:35:00.000,I 85,I 85 and Senoia Rd,,Rear End,2,Clear,Dry,Daylight
2023-01-16T19:25:00.000,I 85,I 85 and Senoia Rd,,Rear End,2,Clear,Dry,Dark-Lighted
2023-12-14T13:34:00.000,I 85,I 85 and Senoia Rd,,Rear End,2,Clear,Dry,Daylight
2023-01-27T16:08:00.000,I 85,I 85 and Senoia Rd,,Rear End,2,Clear,Dry,Daylight
2023-11-22T19:08:00.000,I 85,I 85 and Senoia Rd,,Sideswipe-Same Direction,2,Clear,Dry,Dark-Lighted
2023-01-26T15:02:00.000,I 85,I 85 and Senoia Rd,,Angle Crash,2,Clear,Dry,Daylight
2023-01-05T07:21:00.000,I 85,I 85 and Senoia Rd,,Rear End,2,Clear,Dry,Daylight
2023-10-24T11:18:00.000,I 85,I 85 and Senoia Rd,,Rear End,2,Clear,Dry,Daylight
2023-05-05T11:44:00.000,I 85,I 85 and Senoia Rd,,Rear End,2,Rain,Wet,Daylight
2023-04-27T13:36:00.000,I 85,I 85 and Senoia Rd,,Rear End,2,Rain,Wet,Daylight
2023-07-09T14:57:00.000,I 85,I 85 and Senoia Rd,,Sideswipe-Same Direction,2,Cloudy,Dry,Daylight
2023-05-22T13:08:00.000,I 85,I 85 and Senoia Rd,,Rear End,2,Rain,Wet,Daylight
2023-02-08T06:51:00.000,I 85,I 85 and Senoia Rd,,Rear End,2,Clear,Dry,Dark-Not Lighted
2023-01-16T20:15:00.000,I 85,I 85 and Senoia Rd,,Sideswipe-Same Direction,2,Clear,Dry,Dark-Not Lighted
2023-10-13T06:36:00.000,I 85,I 85 and Senoia Rd,,Sideswipe-Same Direction,2,Rain,Wet,Dark-Lighted
2023-08-26T16:00:00.000,I 85,I 85 and Senoia Rd,,Rear End,2,Clear,Dry,Daylight
2023-01-30T08:50:00.000,I 85,I 85 and Senoia Rd,,Rear End,2,Cloudy,Wet,Dark-Lighted
2023-11-11T15:12:00.000,I 85,I 85 and Senoia Rd,,Rear End,2,Cloudy,Wet,Daylight
2023-05-03T18:22:00.000,I 85,I 85 and Senoia Rd,,Not a Collision with Motor Vehicle,2,Clear,Dry,Daylight
2023-03-21T17:58:00.000,I 85,I 85 and Senoia Rd,,(None),2,Clear,Dry,Daylight
2023-07-22T23:32:00.000,I 85,I 85 and Senoia Rd,,Sideswipe-Same Direction,2,Clear,Dry,Dark-Lighted
2023-10-29T13:15:00.000,I 85,I 85 and Senoia Rd,,Rear End,2,Clear,Dry,Daylight
2023-09-06T17:30:00.000,I 85,I 85 and Senoia Rd,,Rear End,2,Clear,Dry,Daylight
2023-09-19T11:30:00.000,I 85,I 85 and Senoia Rd,,Sideswipe-Same Direction,2,Clear,Dry,Daylight
2023-05-29T19:21:00.000,I 85,I 85 and Senoia Rd,,Rear End,2,Clear,Dry,Daylight
2023-10-13T07:36:00.000,I 85,I 85 and Senoia Rd,,Rear End,2,Rain,Wet,Dark-Lighted
2023-11-10T14:35:00.000,I 85,I 85 and Senoia Rd,,Rear End,2,Cloudy,Wet,Daylight
2023-04-18T08:06:00.000,I 85,I 85 and Senoia Rd,,Rear End,2,Clear,Dry,Daylight
2023-02-27T07:38:00.000,I 85,I 85 and Senoia Rd,,Rear End,6,Cloudy,Dry,Daylight
2023-03-29T10:34:00.000,I 85,I 85 and Senoia Rd,,Rear End,2,Clear,Dry,Daylight
2023-08-06T14:55:00.000,I 85,I 85 and Senoia Rd,,Not a Collision with Motor Vehicle,1,Rain,Wet,Dark-Lighted
2023-05-23T12:20:00.000,I 85,I 85 and Senoia Rd,,Rear End,2,Cloudy,Dry,Daylight
2023-03-02T05:03:00.000,I 85,I 85 and Senoia Rd,,Not a Collision with Motor Vehicle,1,Cloudy,Dry,Dark-Lighted
2023-10-27T17:30:00.000,I 85,I 85 and Senoia Rd,,Rear End,2,Clear,Dry,Daylight
2023-08-23T03:24:00.000,I 85,I 85 and Senoia Rd,,Rear End,2,Clear,Dry,Dark-Lighted
2023-11-11T16:20:00.000,I 85,I 85 and Senoia Rd,,Not a Collision with Motor Vehicle,1,Cloudy,Dry,Dark-Lighted
2023-10-18T14:55:00.000,I 85,I 85 and Senoia Rd,,Rear End,2,Clear,Dry,Daylight
2023-08-11T10:29:00.000,I 85,I 85 and Senoia Rd,,Rear End,2,Cloudy,Wet,Daylight
2022-05-13T00:49:00.000,I 85,I 85 and Senoia Rd,,Not a Collision with Motor Vehicle,1,Clear,Dry,Dark-Not Lighted
2022-09-12T16:30:00.000,I 85,I 85 and Senoia Rd,,Sideswipe-Same Direction,2,Clear,Dry,Daylight
2022-04-05T17:09:00.000,I 85,I 85 and Senoia Rd,,Rear End,2,Rain,Wet,Daylight
2022-12-31T10:30:00.000,I 85,I 85 and Senoia Rd,,Sideswipe-Same Direction,2,Rain,Wet,Daylight
2022-09-15T19:15:00.000,I 85,I 85 and Senoia Rd,,Rear End,3,Clear,Dry,Daylight
2022-02-26T01:39:00.000,I 85,I 85 and Senoia Rd,,Sideswipe-Same Direction,2,Clear,Dry,Dark-Not Lighted
2022-05-06T08:42:00.000,I 85,I 85 and Senoia Rd,,Sideswipe-Same Direction,2,Rain,Wet,Daylight
2022-02-23T06:30:00.000,I 85,I 85 and Senoia Rd,,Rear End,2,Clear,Dry,Dark-Not Lighted
2022-07-15T17:00:00.000,I 85,I 85 and Senoia Rd,,Rear End,2,Rain,Dry,Daylight
2022-09-22T16:31:00.000,I 85,I 85 and Senoia Rd,,Not a Collision with Motor Vehicle,1,Cloudy,Dry,Daylight
2024-01-13T21:50:00.000,I 85,I 85 and Senoia Rd,,Rear End,2,Cloudy,Dry,Dark-Not Lighted
2020-10-29T18:20:00.000,I 85,I 85 and Senoia Rd,,Sideswipe-Same Direction,2,Clear,Dry,Daylight
2020-01-24T22:33:00.000,I 85,I 85 and Senoia Rd,,Not a Collision with Motor Vehicle,1,Clear,Dry,Dark-Not Lighted
2020-08-16T00:30:00.000,I 85,I 85 and Senoia Rd,,Rear End,1,Clear,Dry,Dark-Lighted
2020-08-12T11:45:00.000,I 85,I 85 and Senoia Rd,,Sideswipe-Same Direction,2,Cloudy,Dry,Daylight
2020-07-25T14:25:00.000,I 85,I 85 and Senoia Rd,,Not a Collision with Motor Vehicle,1,Rain,Wet,Daylight
2020-05-18T10:15:00.000,I 85,I 85 and Senoia Rd,,Angle Crash,2,Clear,Dry,Daylight
2020-01-12T17:45:00.000,I 85,I 85 and Senoia Rd,,Sideswipe-Opposite Direction,1,Clear,Dry,Dark-Not Lighted
2020-02-21T04:27:00.000,I 85,I 85 and Senoia Rd,,Sideswipe-Same Direction,2,Clear,Wet,Dark-Not Lighted
2020-11-17T11:00:00.000,I 85,I 85 and Senoia Rd,,Rear End,2,Clear,Dry,Daylight
2020-02-06T14:52:00.000,I 85,I 85 and Senoia Rd,,Sideswipe-Same Direction,2,Rain,Water (standing or moving),Daylight
2020-03-04T10:53:00.000,I 85,I 85 and Senoia Rd,,Rear End,2,Rain,Wet,Daylight
2020-02-21T11:37:00.000,I 85,I 85 and Senoia Rd,,Sideswipe-Same Direction,2,Clear,Dry,Dark-Not Lighted
2020-01-27T16:49:00.000,I 85,I 85 and Senoia Rd,,Rear End,2,Clear,Dry,Daylight
2020-07-17T11:59:00.000,I 85,I 85 and Senoia Rd,,Sideswipe-Same Direction,2,Clear,Dry,Daylight
2020-01-28T19:30:00.000,I 85,I 85 and Senoia Rd,,Angle Crash,3,Clear,Dry,Dark-Not Lighted
2020-07-30T07:08:00.000,I 85,I 85 and Senoia Rd,,Angle Crash,2,Clear,Dry,Daylight
2020-11-17T07:15:00.000,I 85,I 85 and Senoia Rd,,Rear End,2,Clear,Dry,Daylight
2020-02-28T17:33:00.000,I 85,I 85 and Senoia Rd,,Rear End,3,Clear,Dry,Daylight
2020-11-12T21:23:00.000,I 85,I 85 and Senoia Rd,,Rear End,2,Clear,Dry,Dark-Not Lighted
2020-12-15T07:57:00.000,I 85,I 85 and Senoia Rd,,Rear End,2,Clear,Dry,Daylight
2020-12-06T06:20:00.000,I 85,I 85 and Senoia Rd,,Sideswipe-Same Direction,2,Clear,Dry,Dark-Lighted
2020-12-11T21:23:00.000,I 85,I 85 and Senoia Rd,,Angle Crash,4,Clear,Dry,Dark-Not Lighted
2020-04-23T19:20:00.000,I 85,I 85 and Senoia Rd,,Not a Collision with Motor Vehicle,1,Rain,Wet,Daylight
2020-09-24T19:05:00.000,I 85,I 85 and Senoia Rd,,Rear End,2,Rain,Wet,Daylight
2020-01-16T17:30:00.000,I 85,I 85 and Senoia Rd,,Rear End,2,Clear,(None),Daylight
2020-09-17T06:50:00.000,I 85,I 85 and Senoia Rd,,Sideswipe-Same Direction,2,Rain,Wet,Dark-Lighted
2020-10-10T13:42:00.000,I 85,I 85 and Senoia Rd,,Rear End,2,Rain,Wet,Daylight
2020-02-06T04:20:00.000,I 85,I 85 and Senoia Rd,,Sideswipe-Same Direction,2,Rain,Wet,Dark-Not Lighted
2020-12-13T21:19:00.000,I 85,I 85 and Senoia Rd,,Sideswipe-Same Direction,2,Rain,Wet,Dark-Not Lighted
2020-06-17T14:40:00.000,I 85,I 85 and Senoia Rd,,Rear End,2,Clear,Dry,Daylight
2020-09-28T17:50:00.000,I 85,I 85 and Senoia Rd,,Rear End,2,Clear,Dry,Daylight
2020-12-22T07:00:00.000,I 85,I 85 and Senoia Rd,,Rear End,2,Clear,Dry,Dark-Lighted
2020-02-18T20:06:00.000,I 85,I 85 and Senoia Rd,,Not a Collision with Motor Vehicle,1,Rain,Wet,Dark-Not Lighted
2020-06-10T10:30:00.000,I 85,I 85 and Senoia Rd,,Not a Collision with Motor Vehicle,2,Clear,Dry,Daylight
2020-06-29T21:07:00.000,I 85,I 85 and Senoia Rd,,Angle Crash,2,Clear,Dry,Daylight
2020-03-04T07:52:00.000,I 85,I 85 and Senoia Rd,,Sideswipe-Same Direction,2,Rain,Wet,Daylight
2020-05-08T06:27:00.000,I 85,I 85 and Senoia Rd,,Sideswipe-Same Direction,2,Clear,Dry,Daylight
2020-08-09T08:12:00.000,I 85,I 85 and Senoia Rd,,Sideswipe-Same Direction,2,Clear,Dry,Daylight
2020-07-05T16:50:00.000,I 85,I 85 and Senoia Rd,,Rear End,2,Clear,Dry,Daylight
2020-09-26T17:40:00.000,I 85,I 85 and Senoia Rd,,(None),2,(None),(None),(None)
2020-11-26T17:22:00.000,I 85,I 85 and Senoia Rd,,Sideswipe-Same Direction,2,Clear,(None),(None)
2020-01-14T07:52:00.000,I 85,I 85 and Senoia Rd,,Rear End,2,Cloudy,Wet,Daylight
2020-09-09T15:20:00.000,I 85,I 85 and Senoia Rd,,Rear End,2,Clear,Dry,Daylight
2020-11-17T10:41:00.000,I 85,I 85 and Senoia Rd,,Rear End,2,Clear,Dry,Daylight
2020-02-11T07:36:00.000,I 85,I 85 and Senoia Rd,,Rear End,2,Cloudy,Wet,Daylight
2020-11-06T17:15:00.000,I 85,I 85 and Senoia Rd,,Sideswipe-Same Direction,2,Clear,Dry,Daylight
2020-09-17T07:45:00.000,I 85,I 85 and Senoia Rd,,Sideswipe-Same Direction,2,Cloudy,Dry,Daylight
2020-02-18T09:10:00.000,I 85,I 85 and Senoia Rd,,Not a Collision with Motor Vehicle,1,Rain,Wet,Daylight
2020-12-09T08:30:00.000,I 85,I 85 and Senoia Rd,,Rear End,2,Clear,Dry,Daylight
2020-07-30T15:30:00.000,I 85,I 85 and Senoia Rd,,Not a Collision with Motor Vehicle,1,Rain,Wet,Daylight
2020-11-17T09:40:00.000,I 85,I 85 and Senoia Rd,,Rear End,2,Clear,Dry,Daylight
2020-07-30T17:03:00.000,I 85,I 85 and Senoia Rd,,Not a Collision with Motor Vehicle,1,Rain,Wet,Daylight
2020-12-25T13:45:00.000,I 85,I 85 and Senoia Rd,,Angle Crash,2,Clear,Dry,Daylight
2020-09-30T17:41:00.000,I 85,I 85 and Senoia Rd,,Rear End,3,Clear,Dry,Daylight
2020-12-31T14:33:00.000,I 85,I 85 and Senoia Rd,,Rear End,2,Clear,Dry,Daylight
2020-02-20T14:45:00.000,I 85,I 85 and Senoia Rd,,Rear End,2,Rain,Wet,Daylight
2020-06-05T07:50:00.000,I 85,I 85 and Senoia Rd,,Rear End,3,Clear,Dry,Daylight
2020-01-07T08:21:00.000,I 85,I 85 and Senoia Rd,,Rear End,2,Clear,Dry,Daylight
2020-12-18T10:10:00.000,I 85,I 85 and Senoia Rd,,Rear End,3,Cloudy,Dry,Daylight
2020-11-17T16:35:00.000,I 85,I 85 and Senoia Rd,,Rear End,2,Clear,Dry,Daylight
2020-11-23T16:45:00.000,I 85,I 85 and Senoia Rd,,Rear End,2,Clear,Dry,Daylight
2020-11-18T19:16:00.000,I 85,I 85 and Senoia Rd,,Sideswipe-Same Direction,2,Clear,Dry,Dark-Not Lighted
2020-01-14T19:13:00.000,I 85,I 85 and Senoia Rd,,Rear End,2,Rain,Wet,Dark-Not Lighted
2020-05-28T12:08:00.000,I 85,I 85 and Senoia Rd,,Not a Collision with Motor Vehicle,1,Rain,Wet,Daylight
2020-11-29T21:03:00.000,I 85,I 85 and Senoia Rd,,Sideswipe-Opposite Direction,2,Rain,Wet,Dark-Lighted
2020-07-21T16:51:00.000,I 85,I 85 and Senoia Rd,,Not a Collision with Motor Vehicle,1,Rain,Wet,Daylight
2020-01-02T13:37:00.000,I 85,I 85 and Senoia Rd,,Rear End,2,Rain,Wet,Daylight
2020-01-13T17:36:00.000,I 85,I 85 and Senoia Rd,,Rear End,2,Cloudy,Wet,Dark-Not Lighted
2020-10-14T01:45:00.000,I 85,I 85 and Senoia Rd,,Not a Collision with Motor Vehicle,1,Clear,Dry,Dark-Not Lighted
2020-04-19T18:51:00.000,I 85,I 85 and Senoia Rd,,Not a Collision with Motor Vehicle,1,Rain,Wet,Daylight
2020-09-25T15:50:00.000,I 85,I 85 and Senoia Rd,,Not a Collision with Motor Vehicle,2,Cloudy,Dry,Daylight
2020-01-27T21:48:00.000,I 85,I 85 and Senoia Rd,,Rear End,2,Clear,Dry,Dark-Not Lighted
2020-03-13T17:30:00.000,I 85,I 85 and Senoia Rd,,Rear End,2,Cloudy,Dry,Daylight
2020-07-30T10:42:00.000,I 85,I 85 and Senoia Rd,,Rear End,2,Cloudy,Dry,Daylight
2020-09-19T05:57:00.000,I 85,I 85 and Senoia Rd,,Rear End,2,Clear,Dry,Dark-Lighted
2020-12-31T08:49:00.000,I 85,I 85 and Senoia Rd,,Not a Collision with Motor Vehicle,1,Cloudy,Dry,Daylight
2020-02-06T14:21:00.000,I 85,I 85 and Senoia Rd,,Not a Collision with Motor Vehicle,1,Rain,Wet,Daylight
2020-12-06T16:20:00.000,I 85,I 85 and Senoia Rd,,Sideswipe-Same Direction,2,Clear,Dry,Daylight
2020-08-12T11:30:00.000,I 85,I 85 and Senoia Rd,,Sideswipe-Same Direction,2,Clear,Dry,Daylight
2020-06-05T13:51:00.000,I 85,I 85 and Senoia Rd,,Not a Collision with Motor Vehicle,1,Rain,Wet,Daylight
2020-11-12T15:12:00.000,I 85,I 85 and Senoia Rd,,Rear End,2,Clear,Dry,Daylight
2020-12-20T22:08:00.000,I 85,I 85 and Senoia Rd,,Sideswipe-Same Direction,2,Clear,Dry,Dark-Lighted
2020-02-14T20:43:00.000,I 85,I 85 and Senoia Rd,,Not a Collision with Motor Vehicle,1,Clear,Dry,Dark-Not Lighted
2020-10-10T02:33:00.000,I 85,I 85 and Senoia Rd,,Not a Collision with Motor Vehicle,1,Rain,Wet,Dark-Lighted
2020-10-10T05:43:00.000,I 85,I 85 and Senoia Rd,,Not a Collision with Motor Vehicle,1,Clear,Dry,Dark-Lighted
2020-01-29T15:26:00.000,I 85,I 85 and Senoia Rd,,Sideswipe-Same Direction,2,Clear,Dry,Daylight
2020-01-14T13:06:00.000,I 85,I 85 and Senoia Rd,,Angle Crash,2,Rain,Wet,Daylight
2020-07-27T14:01:00.000,I 85,I 85 and Senoia Rd,,Rear End,2,Clear,Dry,Daylight
2020-01-02T12:34:00.000,I 85,I 85 and Senoia Rd,,Not a Collision with Motor Vehicle,1,Rain,Wet,Daylight
2020-12-02T06:55:00.000,I 85,I 85 and Senoia Rd,,Rear End,2,Clear,Dry,Dawn
2020-03-27T07:07:00.000,I 85,I 85 and Senoia Rd,,Not a Collision with Motor Vehicle,1,Clear,Dry,Daylight
2020-02-08T11:53:00.000,I 85,I 85 and Senoia Rd,,Sideswipe-Opposite Direction,2,Rain,Wet,Daylight
2020-03-12T17:56:00.000,I 85,I 85 and Senoia Rd,,Rear End,2,Clear,Dry,Daylight
2020-01-24T15:44:00.000,I 85,I 85 and Senoia Rd,,Sideswipe-Opposite Direction,2,Clear,Dry,Daylight
2020-08-28T15:59:00.000,I 85,I 85 and Senoia Rd,,Rear End,2,Cloudy,Dry,Daylight
2020-08-31T17:35:00.000,I 85,I 85 and Senoia Rd,,Rear End,3,Rain,Wet,Daylight
2020-07-05T16:50:00.000,I 85,I 85 and Senoia Rd,,Rear End,2,Clear,Dry,Daylight
2020-12-10T16:42:00.000,I 85,I 85 and Senoia Rd,,Rear End,3,Clear,Dry,Daylight
2020-06-22T17:25:00.000,I 85,I 85 and Senoia Rd,,Angle Crash,2,Rain,Wet,Daylight
2020-01-13T07:00:00.000,I 85,I 85 and Senoia Rd,,Not a Collision with Motor Vehicle,1,Rain,Wet,Dark-Not Lighted
2020-08-26T12:20:00.000,I 85,I 85 and Senoia Rd,,Rear End,2,Clear,Dry,Daylight
2020-03-09T21:12:00.000,I 85,I 85 and Senoia Rd,,Angle Crash,2,Clear,Dry,Dark-Not Lighted
2020-03-01T22:39:00.000,I 85,I 85 and Senoia Rd,,Rear End,2,Clear,Dry,Dark-Not Lighted
2020-06-08T11:25:00.000,I 85,I 85 and Senoia Rd,,Sideswipe-Same Direction,3,Cloudy,Dry,Daylight
2020-01-14T17:05:00.000,I 85,I 85 and Senoia Rd,,Rear End,2,Rain,Wet,Dark-Lighted
2020-11-29T20:30:00.000,I 85,I 85 and Senoia Rd,,Rear End,1,Rain,Wet,Dark-Not Lighted
2020-05-21T21:27:00.000,I 85,I 85 and Senoia Rd,,Rear End,2,Clear,Dry,Dark-Lighted
2020-01-03T21:23:00.000,I 85,I 85 and Senoia Rd,,(None),2,Rain,Wet,Dark-Lighted
2021-02-19T17:03:00.000,I 85,I 85 and Senoia Rd,,Rear End,3,Clear,Dry,Daylight
2021-02-24T15:26:00.000,I 85,I 85 and Senoia Rd,,Rear End,2,Clear,Dry,Daylight
2021-05-08T16:38:00.000,I 85,I 85 and Senoia Rd,,Rear End,3,Clear,Dry,Daylight
2021-02-09T09:08:00.000,I 85,I 85 and Senoia Rd,,Rear End,2,Clear,Dry,Daylight
2021-05-09T16:35:00.000,I 85,I 85 and Senoia Rd,,Rear End,3,Clear,Dry,Daylight
2021-02-08T09:27:00.000,I 85,I 85 and Senoia Rd,,Rear End,2,Clear,Dry,Daylight
2021-06-15T08:31:00.000,I 85,I 85 and Senoia Rd,,Sideswipe-Same Direction,2,Clear,Dry,Daylight
2021-05-17T18:23:00.000,I 85,I 85 and Senoia Rd,,Sideswipe-Same Direction,2,Clear,Dry,Daylight
2021-06-03T12:35:00.000,I 85,I 85 and Senoia Rd,,Rear End,2,Clear,Dry,Daylight
2021-03-13T06:55:00.000,I 85,I 85 and Senoia Rd,,Rear End,2,Clear,Wet,Daylight
2021-01-03T20:47:00.000,I 85,I 85 and Senoia Rd,,Rear End,2,Clear,Dry,Dark-Not Lighted
2021-02-22T08:56:00.000,I 85,I 85 and Senoia Rd,,Sideswipe-Same Direction,2,Cloudy,Wet,Dusk
2021-05-12T06:01:00.000,I 85,I 85 and Senoia Rd,,Not a Collision with Motor Vehicle,1,Rain,Wet,Dark-Not Lighted
2021-04-01T11:44:00.000,I 85,I 85 and Senoia Rd,,Rear End,2,Clear,Dry,Daylight
2021-05-01T23:44:00.000,I 85,I 85 and Senoia Rd,,Rear End,2,Clear,Dry,Dark-Not Lighted
2021-06-05T17:03:00.000,I 85,I 85 and Senoia Rd,,Rear End,2,Rain,Wet,Daylight
2021-02-12T06:13:00.000,I 85,I 85 and Senoia Rd,,Rear End,2,Clear,Wet,Dark-Not Lighted
2021-01-13T07:30:00.000,I 85,I 85 and Senoia Rd,,Rear End,2,Clear,Dry,Daylight
2021-05-13T11:42:00.000,I 85,I 85 and Senoia Rd,,Sideswipe-Same Direction,2,Clear,Dry,Daylight
2021-01-01T10:25:00.000,I 85,I 85 and Senoia Rd,,Angle Crash,2,Rain,Wet,Daylight
2021-05-31T11:56:00.000,I 85,I 85 and Senoia Rd,,Rear End,2,Clear,Dry,Daylight
2021-12-13T05:33:00.000,I 85,I 85 and Senoia Rd,,Rear End,2,Clear,Dry,Dark-Not Lighted
2021-09-01T05:47:00.000,I 85,I 85 and Senoia Rd,,Rear End,2,Rain,Wet,Dark-Not Lighted
2021-12-24T20:00:00.000,I 85,I 85 and Senoia Rd,,Sideswipe-Same Direction,2,Clear,Dry,Dark-Not Lighted
2021-08-28T18:55:00.000,I 85,I 85 and Senoia Rd,,Rear End,2,Clear,Dry,Daylight
2021-08-24T07:55:00.000,I 85,I 85 and Senoia Rd,,Sideswipe-Same Direction,2,Clear,Dry,Daylight
2021-07-29T18:49:00.000,I 85,I 85 and Senoia Rd,,Sideswipe-Same Direction,2,Clear,Dry,Daylight
2021-08-16T17:00:00.000,I 85,I 85 and Senoia Rd,,Rear End,2,Rain,Wet,Daylight
2021-11-06T22:18:00.000,I 85,I 85 and Senoia Rd,,(None),2,(None),(None),(None)
2021-09-28T18:49:00.000,I 85,I 85 and Senoia Rd,,Rear End,2,Clear,Dry,Daylight
2021-11-10T09:53:00.000,I 85,I 85 and Senoia Rd,,Rear End,2,Clear,Dry,Daylight
2021-09-01T16:50:00.000,I 85,I 85 and Senoia Rd,,Rear End,2,Clear,Dry,Daylight
2021-11-16T12:20:00.000,I 85,I 85 and Senoia Rd,,Rear End,2,Clear,Dry,Daylight
2021-10-06T17:11:00.000,I 85,I 85 and Senoia Rd,,Rear End,2,Clear,Dry,Daylight
2021-08-07T02:20:00.000,I 85,I 85 and Senoia Rd,,Sideswipe-Same Direction,2,Clear,Dry,Dark-Not Lighted
2021-09-11T20:41:00.000,I 85,I 85 and Senoia Rd,,Sideswipe-Same Direction,2,Clear,Dry,Dark-Not Lighted
2021-12-04T01:18:00.000,I 85,I 85 and Senoia Rd,,Rear End,3,Clear,Dry,Dark-Lighted
2021-11-09T06:59:00.000,I 85,I 85 and Senoia Rd,,Sideswipe-Same Direction,2,Clear,Dry,Daylight
2021-07-18T16:56:00.000,I 85,I 85 and Senoia Rd,,Rear End,2,Clear,Dry,Daylight
2021-07-16T13:00:00.000,I 85,I 85 and Senoia Rd,,Sideswipe-Same Direction,2,Clear,Dry,Daylight
2021-09-20T16:00:00.000,I 85,I 85 and Senoia Rd,,(None),2,(None),(None),(None)
2021-08-09T11:55:00.000,I 85,I 85 and Senoia Rd,,Rear End,2,Clear,Dry,Daylight
2021-12-19T01:24:00.000,I 85,I 85 and Senoia Rd,,Rear End,2,Rain,Wet,Dark-Not Lighted
2021-10-04T07:45:00.000,I 85,I 85 and Senoia Rd,,(None),2,(None),(None),(None)
2021-11-23T07:25:00.000,I 85,I 85 and Senoia Rd,,Rear End,2,Clear,Dry,Daylight
2021-10-17T21:20:00.000,I 85,I 85 and Senoia Rd,,Sideswipe-Same Direction,2,Clear,Dry,Dark-Not Lighted
2021-10-17T18:47:00.000,I 85,I 85 and Senoia Rd,,Rear End,2,Clear,Dry,Dark-Lighted
2021-09-15T23:44:00.000,I 85,I 85 and Senoia Rd,,Rear End,3,Rain,Wet,Dark-Not Lighted
2021-12-13T16:42:00.000,I 85,I 85 and Senoia Rd,,Rear End,2,Clear,Dry,Daylight
2021-09-24T17:52:00.000,I 85,I 85 and Senoia Rd,,Sideswipe-Same Direction,1,Clear,Dry,Daylight
2021-11-07T14:12:00.000,I 85,I 85 and Senoia Rd,,Not a Collision with Motor Vehicle,1,Clear,Dry,Daylight
2021-11-30T08:36:00.000,I 85,I 85 and Senoia Rd,,Sideswipe-Same Direction,2,Clear,Dry,Dawn
2022-04-04T18:41:00.000,I 85,I 85 and Senoia Rd,,Rear End,2,Clear,Dry,Daylight
2022-10-03T14:43:00.000,I 85,I 85 and Senoia Rd,,Rear End,2,Clear,Dry,Daylight
2022-12-03T10:08:00.000,I 85,I 85 and Senoia Rd,,Sideswipe-Same Direction,2,Cloudy,Dry,Daylight
2022-07-30T23:00:00.000,I 85,I 85 and Senoia Rd,,Angle Crash,2,Rain,Wet,Dark-Not Lighted
2022-05-01T23:12:00.000,I 85,I 85 and Senoia Rd,,(None),2,(None),(None),(None)
2022-10-13T17:47:00.000,I 85,I 85 and Senoia Rd,,Sideswipe-Same Direction,2,Clear,Dry,Daylight
2022-07-21T11:48:00.000,I 85,I 85 and Senoia Rd,,Rear End,3,Rain,Wet,Daylight
2022-08-19T16:55:00.000,I 85,I 85 and Senoia Rd,,(None),2,(None),(None),(None)
2021-09-20T09:00:00.000,I 85,I 85 and Senoia Rd,,Rear End,2,Rain,Wet,Daylight
2021-10-27T08:41:00.000,I 85,I 85 and Senoia Rd,,Rear End,2,Clear,Dry,Daylight
2021-07-24T07:49:00.000,I 85,I 85 and Senoia Rd,,Rear End,2,Clear,Dry,Daylight
2021-09-02T16:13:00.000,I 85,I 85 and Senoia Rd,,Sideswipe-Same Direction,2,Clear,Dry,Daylight
2021-09-18T21:57:00.000,I 85,I 85 and Senoia Rd,,Not a Collision with Motor Vehicle,1,Rain,Wet,Dark-Lighted