Date and Time,Roadway (From Crash Report),Intersection Name (from Crash Report),KABCO Severity,Manner of Collision (Crash Level) ,# of Vehicles per crash ,Weather Conditions (Crash Level),Surface Condition (Crash Level) ,Light Conditions (Crash Level)
2021-11-12T07:51:00.000,I 85,I 85 and Senoia Rd,,Sideswipe-Same Direction,2,Clear,Dry,Daylight
2021-11-11T18:47:00.000,I 85,I 85 and Senoia Rd,,Sideswipe-Same Direction,2,Rain,Wet,Dark-Lighted
2021-11-05T18:50:00.000,I 85,I 85 and Senoia Rd,,Rear End,2,Clear,Dry,Dark-Lighted
2022-09-23T17:50:00.000,I 85,I 85 and Senoia Rd,,Rear End,2,Clear,Dry,Daylight
2022-04-19T21:15:00.000,I 85,I 85 and Senoia Rd,,Sideswipe-Same Direction,3,Clear,Dry,Dark-Not Lighted
2022-05-23T11:00:00.000,I 85,I 85 and Senoia Rd,,Rear End,2,Cloudy,Wet,Daylight
2022-07-27T07:35:00.000,I 85,I 85 and Senoia Rd,,Sideswipe-Same Direction,2,Clear,Dry,Daylight
2022-04-08T20:33:00.000,I 85,I 85 and Senoia Rd,,Angle Crash,2,Clear,Dry,Dark-Not Lighted
2022-10-21T17:27:00.000,I 85,I 85 and Senoia Rd,,Rear End,2,Clear,Dry,Daylight
2022-10-06T07:47:00.000,I 85,I 85 and Senoia Rd,,Sideswipe-Same Direction,2,Clear,Dry,Dark-Lighted
2022-08-27T10:04:00.000,I 85,I 85 and Senoia Rd,,Sideswipe-Same Direction,1,Clear,Dry,Daylight
2022-11-10T07:05:00.000,I 85,I 85 and Senoia Rd,,Rear End,2,Cloudy,Dry,Daylight
2022-12-28T16:17:00.000,I 85,I 85 and Senoia Rd,,Not a Collision with Motor Vehicle,1,Clear,Dry,Daylight
2022-09-23T18:45:00.000,I 85,I 85 and Senoia Rd,,Rear End,7,Clear,Dry,Daylight
2022-04-04T18:54:00.000,I 85,I 85 and Senoia Rd,,Rear End,1,Clear,Dry,Daylight
2022-10-12T17:46:00.000,I 85,I 85 and Senoia Rd,,Rear End,2,Clear,Dry,Dark-Lighted
2022-08-24T14:39:00.000,I 85,I 85 and Senoia Rd,,Sideswipe-Same Direction,2,Cloudy,Dry,Daylight
2022-11-20T02:50:00.000,I 85,I 85 and Senoia Rd,,Not a Collision with Motor Vehicle,1,Clear,Dry,Dark-Lighted
2022-07-19T16:28:00.000,I 85,I 85 and Senoia Rd,,Rear End,2,Clear,Dry,Dusk
2022-10-25T15:32:00.000,I 85,I 85 and Senoia Rd,,Angle Crash,2,Clear,Dry,Daylight
2022-08-20T13:56:00.000,I 85,I 85 and Senoia Rd,,Rear End,2,Clear,Dry,Daylight
2022-03-11T14:11:00.000,I 85,I 85 and Senoia Rd,,Rear End,2,Cloudy,Dry,Daylight
2022-12-03T07:11:00.000,I 85,I 85 and Senoia Rd,,Sideswipe-Same Direction,2,Cloudy,Dry,Dawn
2022-01-07T18:37:00.000,I 85,I 85 and Senoia Rd,,Sideswipe-Same Direction,2,Clear,Dry,Dark-Lighted
2022-09-04T19:37:00.000,I 85,I 85 and Senoia Rd,,Not a Collision with Motor Vehicle,1,Rain,Wet,Daylight
2022-01-22T17:45:00.000,I 85,I 85 and Senoia Rd,,Not a Collision with Motor Vehicle,1,Clear,Dry,Daylight
2022-02-17T14:21:00.000,I 85,I 85 and Senoia Rd,,Rear End,2,Clear,Dry,Daylight
2022-05-04T03:59:00.000,I 85,I 85 and Senoia Rd,,Not a Collision with Motor Vehicle,1,Rain,Wet,Dark-Not Lighted
2022-03-13T21:08:00.000,I 85,I 85 and Senoia Rd,,Not a Collision with Motor Vehicle,1,Clear,Dry,Dark-Lighted
2022-08-09T08:10:00.000,I 85,I 85 and Senoia Rd,,Rear End,2,Clear,Dry,Daylight
2022-04-12T11:15:00.000,I 85,I 85 and Senoia Rd,,Rear End,2,Clear,Dry,Daylight
2021-07-13T12:12:00.000,I 85,I 85 and Senoia Rd,,Rear End,2,Clear,Dry,Daylight
2021-12-22T16:52:00.000,I 85,I 85 and Senoia Rd,,Rear End,2,Clear,Dry,Daylight
2022-08-20T15:26:00.000,I 85,I 85 and Senoia Rd,,Rear End,2,Clear,Dry,Daylight
2022-02-02T16:11:00.000,I 85,I 85 and Senoia Rd,,Rear End,2,Cloudy,Dry,Daylight
2022-03-05T18:12:00.000,I 85,I 85 and Senoia Rd,,Rear End,2,Clear,Dry,Daylight
2022-10-13T07:51:00.000,I 85,I 85 and Senoia Rd,,Rear End,2,Cloudy,Wet,Daylight
2022-05-02T12:20:00.000,I 85,I 85 and Senoia Rd,,Sideswipe-Same Direction,2,Clear,Dry,Daylight
2022-03-31T06:00:00.000,I 85,I 85 and Senoia Rd,,Not a Collision with Motor Vehicle,1,Rain,Wet,Dark-Not Lighted
2022-11-07T09:10:00.000,I 85,I 85 and Senoia Rd,,Sideswipe-Same Direction,2,Cloudy,Dry,Daylight
2022-04-11T07:45:00.000,I 85,I 85 and Senoia Rd,,Rear End,3,Clear,Dry,Daylight
2022-03-25T10:45:00.000,I 85,I 85 and Senoia Rd,,Sideswipe-Same Direction,2,Clear,Dry,Daylight
2022-10-14T15:10:00.000,I 85,I 85 and Senoia Rd,,Rear End,3,Clear,Dry,Daylight
2022-12-09T17:05:00.000,I 85,I 85 and Senoia Rd,,Rear End,2,Cloudy,Dry,Daylight
2022-08-13T14:25:00.000,I 85,I 85 and Senoia Rd,,Rear End,2,Clear,Dry,Daylight
2022-09-18T20:09:00.000,I 85,I 85 and Senoia Rd,,Rear End,2,Clear,Dry,Dark-Lighted
2022-11-06T02:13:00.000,I 85,I 85 and Senoia Rd,,Not a Collision with Motor Vehicle,1,Clear,Dry,Dark-Not Lighted
2022-03-06T13:02:00.000,I 85,I 85 and Senoia Rd,,Not a Collision with Motor Vehicle,4,Clear,Dry,Daylight
2022-06-30T01:46:00.000,I 85,I 85 and Senoia Rd,,Sideswipe-Same Direction,2,Clear,Dry,Dark-Lighted
2022-09-30T05:45:00.000,I 85,I 85 and Senoia Rd,,Sideswipe-Same Direction,2,Clear,Dry,Dark-Not Lighted
2022-05-09T16:50:00.000,I 85,I 85 and Senoia Rd,,Sideswipe-Same Direction,2,Clear,Dry,Daylight
2022-10-30T10:21:00.000,I 85,I 85 and Senoia Rd,,Sideswipe-Same Direction,2,Cloudy,Wet,Daylight
2022-12-11T17:38:00.000,I 85,I 85 and Senoia Rd,,Rear End,2,Rain,Wet,Dark-Lighted
2022-12-19T19:28:00.000,I 85,I 85 and Senoia Rd,,Rear End,3,Clear,Dry,Dark-Lighted
2022-08-11T09:48:00.000,I 85,I 85 and Senoia Rd,,(None),2,(None),(None),(None)
2022-11-20T12:53:00.000,I 85,I 85 and Senoia Rd,,Rear End,2,Cloudy,Dry,Daylight
2022-01-20T11:00:00.000,I 85,I 85 and Senoia Rd,,Rear End,2,Rain,Wet,Daylight
2022-08-18T06:01:00.000,I 85,I 85 and Senoia Rd,,Sideswipe-Same Direction,2,Clear,Dry,Dark-Lighted
2022-10-25T10:29:00.000,I 85,I 85 and Senoia Rd,,Rear End,2,Clear,Dry,Daylight
2022-10-20T07:20:00.000,I 85,I 85 and Senoia Rd,,Sideswipe-Same Direction,2,Clear,Dry,Daylight
2022-10-16T17:45:00.000,I 85,I 85 and Senoia Rd,,Rear End,2,Cloudy,Dry,Daylight
2022-06-12T23:02:00.000,I 85,I 85 and Senoia Rd,,Rear End,2,Clear,Dry,Dark-Lighted
2022-11-22T09:05:00.000,I 85,I 85 and Senoia Rd,,Rear End,2,Clear,Dry,Daylight
2022-08-09T19:02:00.000,I 85,I 85 and Senoia Rd,,Rear End,2,Rain,Wet,Daylight
2022-10-04T06:49:00.000,I 85,I 85 and Senoia Rd,,Sideswipe-Same Direction,2,Cloudy,Dry,Dawn
2022-04-05T11:02:00.000,I 85,I 85 and Senoia Rd,,Not a Collision with Motor Vehicle,1,Rain,Wet,Daylight
2022-11-15T11:56:00.000,I 85,I 85 and Senoia Rd,,Rear End,2,Rain,Wet,Daylight
2022-05-12T12:00:00.000,I 85,I 85 and Senoia Rd,,Sideswipe-Opposite Direction,2,Clear,Dry,Daylight
2022-07-29T17:20:00.000,I 85,I 85 and Senoia Rd,,Angle Crash,2,Clear,Dry,Daylight
2022-04-27T15:47:00.000,I 85,I 85 and Senoia Rd,,Rear End,2,Clear,Dry,Daylight
2022-05-31T07:52:00.000,I 85,I 85 and Senoia Rd,,Rear End,2,Cloudy,Dry,Daylight
2022-03-25T00:23:00.000,I 85,I 85 and Senoia Rd,,Rear End,2,Clear,Dry,Dark-Not Lighted
2022-12-01T08:10:00.000,I 85,I 85 and Senoia Rd,,Rear End,2,Clear,Dry,Daylight
2022-04-28T12:07:00.000,I 85,I 85 and Senoia Rd,,Rear End,2,Clear,Dry,Daylight
2022-05-29T22:10:00.000,I 85,I 85 and Senoia Rd,,Rear End,2,Clear,Dry,Dark-Not Lighted
2022-07-25T15:25:00.000,I 85,I 85 and Senoia Rd,,Rear End,2,Clear,Dry,Daylight
2022-03-16T17:50:00.000,I 85,I 85 and Senoia Rd,,Sideswipe-Same Direction,2,Rain,Wet,Daylight
2022-04-20T08:49:00.000,I 85,I 85 and Senoia Rd,,Rear End,2,Clear,Dry,Daylight
2022-12-21T21:40:00.000,I 85,I 85 and Senoia Rd,,Sideswipe-Same Direction,2,Clear,Dry,Dark-Not Lighted
2022-12-04T19:39:00.000,I 85,I 85 and Senoia Rd,,Rear End,2,Clear,Dry,Dark-Lighted
2022-04-21T14:35:00.000,I 85,I 85 and Senoia Rd,,Rear End,2,Clear,Dry,Daylight
2022-01-14T17:38:00.000,I 85,I 85 and Senoia Rd,,Rear End,2,Clear,Dry,Dusk
2022-03-31T05:35:00.000,I 85,I 85 and Senoia Rd,,Not a Collision with Motor Vehicle,1,Rain,Wet,Dark-Not Lighted
2022-01-26T15:08:00.000,I 85,I 85 and Senoia Rd,,Rear End,2,Clear,Dry,Daylight
2022-04-19T09:57:00.000,I 85,I 85 and Senoia Rd,,Sideswipe-Same Direction,2,Clear,Dry,Daylight
2022-02-02T13:56:00.000,I 85,I 85 and Senoia Rd,,Rear End,2,Cloudy,Dry,Daylight
2022-07-18T17:56:00.000,I 85,I 85 and Senoia Rd,,Rear End,2,Clear,Dry,Daylight
2022-01-11T23:25:00.000,I 85,I 85 and Senoia Rd,,(None),1,Clear,Dry,Dark-Not Lighted
2022-06-23T06:40:00.000,I 85,I 85 and Senoia Rd,,Sideswipe-Same Direction,2,Clear,Dry,Daylight
2022-11-07T12:00:00.000,I 85,I 85 and Senoia Rd,,Angle Crash,3,Clear,Dry,Daylight
2022-08-19T17:49:00.000,I 85,I 85 and Senoia Rd,,Rear End,2,Clear,Wet,Daylight
2022-01-15T16:17:00.000,I 85,I 85 and Senoia Rd,,Sideswipe-Same Direction,2,Clear,Dry,Daylight
2022-03-31T14:57:00.000,I 85,I 85 and Senoia Rd,,Rear End,2,Clear,Dry,Daylight
2022-06-20T22:35:00.000,I 85,I 85 and Senoia Rd,,Sideswipe-Same Direction,2,Clear,Dry,Dark-Lighted
2022-11-18T15:37:00.000,I 85,I 85 and Senoia Rd,,Rear End,3,Clear,Dry,Daylight
2022-09-15T04:25:00.000,I 85,I 85 and Senoia Rd,,Rear End,2,Clear,Dry,Dark-Not Lighted
2022-01-21T09:44:00.000,I 85,I 85 and Senoia Rd,,Sideswipe-Same Direction,2,Cloudy,Dry,Daylight
2022-09-19T08:43:00.000,I 85,I 85 and Senoia Rd,,Rear End,2,Cloudy,Dry,Daylight
2022-12-28T00:45:00.000,I 85,I 85 and Senoia Rd,,Rear End,2,Clear,Dry,Dark-Not Lighted
2022-03-01T14:24:00.000,I 85,I 85 and Senoia Rd,,Rear End,2,Clear,Dry,Daylight
2022-01-20T08:24:00.000,I 85,I 85 and Senoia Rd,,Rear End,2,Rain,Wet,Daylight
2022-10-12T17:22:00.000,I 85,I 85 and Senoia Rd,,Sideswipe-Same Direction,2,Rain,Wet,Daylight
2022-04-12T22:16:00.000,I 85,I 85 and Senoia Rd,,Rear End,2,Clear,Dry,Dark-Lighted
2022-05-23T10:27:00.000,I 85,I 85 and Senoia Rd,,(None),2,(None),(None),(None)
2022-02-17T15:10:00.000,I 85,I 85 and Senoia Rd,,Sideswipe-Same Direction,2,Clear,Dry,Daylight
2022-01-15T03:57:00.000,I 85,I 85 and Senoia Rd,,Rear End,2,Clear,Dry,Dark-Not Lighted
2022-10-21T19:00:00.000,I 85,I 85 and Senoia Rd,,Rear End,3,Clear,Dry,Dark-Not Lighted
2022-11-21T16:07:00.000,I 85,I 85 and Senoia Rd,,Sideswipe-Same Direction,2,Clear,Dry,Daylight
2022-07-06T22:30:00.000,I 85,I 85 and Senoia Rd,,Sideswipe-Same Direction,2,Clear,Dry,Dark-Lighted
2022-09-26T16:43:00.000,I 85,I 85 and Senoia Rd,,Rear End,2,Clear,Dry,Daylight
2022-10-02T20:59:00.000,I 85,I 85 and Senoia Rd,,Angle Crash,2,Clear,Dry,Dark-Lighted
2022-03-31T12:25:00.000,I 85,I 85 and Senoia Rd,,Angle Crash,2,Clear,Dry,Daylight
2022-04-12T17:06:00.000,I 85,I 85 and Senoia Rd,,Not a Collision with Motor Vehicle,1,Clear,Dry,Daylight
2022-07-03T16:19:00.000,I 85,I 85 and Senoia Rd,,Sideswipe-Same Direction,2,Rain,Wet,Daylight
2022-11-26T23:14:00.000,I 85,I 85 and Senoia Rd,,Not a Collision with Motor Vehicle,2,Clear,Dry,Dark-Lighted
2022-05-28T22:10:00.000,I 85,I 85 and Senoia Rd,,Angle Crash,3,Clear,Dry,Dark-Lighted
2022-01-14T13:36:00.000,I 85,I 85 and Senoia Rd,,Not a Collision with Motor Vehicle,1,Clear,Dry,Daylight
2022-05-01T19:08:00.000,I 85,I 85 and Senoia Rd,,Sideswipe-Same Direction,2,Clear,Dry,Daylight
2022-10-10T05:00:00.000,I 85,I 85 and Senoia Rd,,Rear End,2,Clear,Dry,Dark-Lighted
2022-06-08T22:36:00.000,I 85,I 85 and Senoia Rd,,Sideswipe-Same Direction,2,Clear,Dry,Dark-Not Lighted
2022-12-14T00:15:00.000,I 85,I 85 and Senoia Rd,,Sideswipe-Same Direction,2,Clear,Dry,Dark-Lighted
2022-06-11T22:20:00.000,I 85,I 85 and Senoia Rd,,Rear End,2,Clear,Dry,Dark-Not Lighted
2022-12-06T10:26:00.000,I 85,I 85 and Senoia Rd,,Not a Collision with Motor Vehicle,1,Cloudy,Wet,Daylight
2022-03-16T16:37:00.000,I 85,I 85 and Senoia Rd,,Rear End,2,Cloudy,Dry,Daylight
2022-10-25T17:18:00.000,I 85,I 85 and Senoia Rd,,Rear End,2,Clear,Dry,Daylight
2022-03-01T08:00:00.000,I 85,I 85 and Senoia Rd,,Angle Crash,2,Clear,Dry,Daylight
2022-10-24T06:25:00.000,I 85,I 85 and Senoia Rd,,Sideswipe-Same Direction,2,Clear,Dry,Dark-Not Lighted
2022-08-07T21:58:00.000,I 85,I 85 and Senoia Rd,,Not a Collision with Motor Vehicle,1,Rain,Wet,Dark-Not Lighted
2022-10-25T17:47:00.000,I 85,I 85 and Senoia Rd,,Rear End,2,Clear,Dry,Daylight
2022-09-23T16:30:00.000,I 85,I 85 and Senoia Rd,,Sideswipe-Same Direction,2,Clear,Dry,Daylight
2022-12-11T15:45:00.000,I 85,I 85 and Senoia Rd,,Not a Collision with Motor Vehicle,1,Rain,Wet,Dark-Lighted
2022-12-28T14:27:00.000,I 85,I 85 and Senoia Rd,,Not a Collision with Motor Vehicle,1,Clear,Dry,Daylight
2022-05-27T16:40:00.000,I 85,I 85 and Senoia Rd,,Rear End,4,Clear,Dry,Daylight
2022-10-11T14:44:00.000,I 85,I 85 and Senoia Rd,,Rear End,2,Clear,Dry,Daylight
2022-10-01T05:35:00.000,I 85,I 85 and Senoia Rd,,Rear End,2,Clear,Dry,Dark-Not Lighted
2022-08-21T20:10:00.000,I 85,I 85 and Senoia Rd,,Not a Collision with Motor Vehicle,1,Rain,Wet,Daylight
2022-03-04T01:35:00.000,I 85,I 85 and Senoia Rd,,Not a Collision with Motor Vehicle,1,Clear,Dry,Dark-Not Lighted
2022-09-23T16:16:00.000,I 85,I 85 and Senoia Rd,,Sideswipe-Same Direction,2,Clear,Dry,(None)
2022-09-22T15:45:00.000,I 85,I 85 and Senoia Rd,,Rear End,2,Clear,Dry,Daylight
2022-02-03T18:16:00.000,I 85,I 85 and Senoia Rd,,Sideswipe-Same Direction,2,Rain,Wet,Dark-Lighted
2022-10-06T23:56:00.000,I 85,I 85 and Senoia Rd,,Sideswipe-Same Direction,2,Clear,Dry,Dark-Not Lighted
2022-04-22T18:03:00.000,I 85,I 85 and Senoia Rd,,Sideswipe-Same Direction,2,Clear,Dry,Daylight
2022-10-28T13:20:00.000,I 85,I 85 and Senoia Rd,,Rear End,2,Clear,Dry,Daylight
2022-04-09T23:37:00.000,I 85,I 85 and Senoia Rd,,Rear End,2,Clear,Dry,Dark-Not Lighted
2022-11-21T17:55:00.000,I 85,I 85 and Senoia Rd,,Rear End,2,Clear,Dry,Daylight
2022-11-11T11:33:00.000,I 85,I 85 and Senoia Rd,,Not a Collision with Motor Vehicle,1,Rain,Wet,Daylight
2022-04-20T15:50:00.000,I 85,I 85 and Senoia Rd,,Angle Crash,2,Clear,Dry,Daylight
2022-08-06T22:50:00.000,I 85,I 85 and Senoia Rd,,Not a Collision with Motor Vehicle,1,Rain,Wet,Dark-Lighted
2022-10-14T16:00:00.000,I 85,I 85 and Senoia Rd,,Rear End,2,Clear,Dry,Daylight
2022-05-22T23:18:00.000,I 85,I 85 and Senoia Rd,,Rear End,2,Cloudy,Dry,Dark-Not Lighted
2023-10-29T13:04:00.000,I 85,I 85 and Senoia Rd,,Rear End,2,Clear,Dry,Daylight
2023-01-03T06:00:00.000,I 85,I 85 and Senoia Rd,,Rear End,2,Cloudy,Dry,Dark-Lighted
2023-04-17T07:10:00.000,I 85,I 85 and Senoia Rd,,Rear End,2,Clear,Dry,Daylight
2023-10-05T07:55:00.000,I 85,I 85 and Senoia Rd,,Sideswipe-Same Direction,2,Clear,Dry,Daylight
2024-02-27T10:59:00.000,I 85,I 85 and Senoia Rd,,Not a Collision with Motor Vehicle,1,Cloudy,Dry,Daylight
2024-11-07T12:10:00.000,I 85,I 85 and Senoia Rd,,Sideswipe-Same Direction,2,Cloudy,Dry,Daylight
2024-02-28T16:10:00.000,I 85,I 85 and Senoia Rd,,Not a Collision with Motor Vehicle,1,Severe Thunderstorm or Tornadic,Wet,Daylight
2024-11-22T11:38:00.000,I 85,I 85 and Senoia Rd,,Rear End,2,Clear,Dry,Daylight
2024-05-15T08:31:00.000,I 85,I 85 and Senoia Rd,,Rear End,2,Clear,Dry,Daylight
2024-03-11T16:52:00.000,I 85,I 85 and Senoia Rd,,Rear End,2,Clear,Dry,Daylight
2024-03-10T14:55:00.000,I 85,I 85 and Senoia Rd,,Rear End,2,Clear,Dry,Daylight
2024-09-25T08:45:00.000,I 85,I 85 and Senoia Rd,,Sideswipe-Same Direction,2,Clear,Dry,Daylight
2024-05-07T10:00:00.000,I 85,I 85 and Senoia Rd,,Sideswipe-Same Direction,2,Clear,Dry,Daylight
2024-08-08T10:19:00.000,I 85,I 85 and Senoia Rd,,Sideswipe-Same Direction,2,Clear,Dry,Daylight
2024-05-30T11:10:00.000,I 85,I 85 and Senoia Rd,,Angle Crash,2,Clear,Dry,Daylight
2024-08-30T03:30:00.000,I 85,I 85 and Senoia Rd,,Sideswipe-Same Direction,2,Clear,Dry,Dark-Not Lighted
2024-03-01T17:00:00.000,I 85,I 85 and Senoia Rd,,Not a Collision with Motor Vehicle,1,Rain,Wet,Daylight
2023-05-02T15:20:00.000,I 85,I 85 and Senoia Rd,,Rear End,2,Clear,Dry,Daylight
2023-04-09T04:20:00.000,I 85,I 85 and Senoia Rd,,Rear End,2,Clear,Dry,Dark-Not Lighted
2024-04-18T14:30:00.000,I 85,I 85 and Senoia Rd,,Angle Crash,2,Clear,Dry,Daylight
2024-08-02T18:20:00.000,I 85,I 85 and Senoia Rd,,Rear End,2,Clear,Dry,Daylight
2023-03-28T12:31:00.000,I 85,I 85 and Senoia Rd,,Rear End,2,Clear,Dry,Daylight
2023-08-09T21:30:00.000,I 85,I 85 and Senoia Rd,,Rear End,3,Rain,Wet,Dark-Not Lighted
2023-01-09T17:09:00.000,I 85,I 85 and Senoia Rd,,Rear End,2,Clear,Dry,Daylight
2023-04-03T10:35:00.000,I 85,I 85 and Senoia Rd,,Not a Collision with Motor Vehicle,1,Rain,Wet,Daylight
2023-03-04T15:00:00.000,I 85,I 85 and Senoia Rd,,Rear End,2,Clear,Dry,Daylight
2023-02-27T17:30:00.000,I 85,I 85 and Senoia Rd,,Rear End,2,Clear,Dry,Daylight
2023-06-09T21:15:00.000,I 85,I 85 and Senoia Rd,,Rear End,2,Clear,Dry,Daylight
2023-11-07T08:30:00.000,I 85,I 85 and Senoia Rd,,Angle Crash,2,Clear,Dry,Daylight
2023-03-20T07:02:00.000,I 85,I 85 and Senoia Rd,,Sideswipe-Same Direction,1,Cloudy,Dry,Dawn
2023-02-12T01:35:00.000,I 85,I 85 and Senoia Rd,,Not a Collision with Motor Vehicle,1,Rain,Wet,Dark-Not Lighted
2023-02-19T17:09:00.000,I 85,I 85 and Senoia Rd,,Angle Crash,2,Clear,Dry,Daylight
2023-05-10T23:05:00.000,I 85,I 85 and Senoia Rd,,Not a Collision with Motor Vehicle,1,Cloudy,Dry,Dark-Not Lighted
2023-12-23T07:10:00.000,I 85,I 85 and Senoia Rd,,Rear End,2,Clear,Dry,Dark-Not Lighted
2023-12-04T12:54:00.000,I 85,I 85 and Senoia Rd,,Rear End,3,Clear,Dry,Daylight
2023-06-22T15:41:00.000,I 85,I 85 and Senoia Rd,,Rear End,2,Cloudy,Dry,Daylight
2023-05-12T16:06:00.000,I 85,I 85 and Senoia Rd,,Rear End,2,Clear,Dry,Daylight
2023-06-11T09:17:00.000,I 85,I 85 and Senoia Rd,,Not a Collision with Motor Vehicle,1,Rain,Wet,Daylight
2023-07-13T06:50:00.000,I 85,I 85 and Senoia Rd,,Rear End,2,Clear,Dry,Daylight
2023-12-04T07:28:00.000,I 85,I 85 and Senoia Rd,,Rear End,1,Clear,Dry,Daylight
2023-08-30T23:35:00.000,I 85,I 85 and Senoia Rd,,Sideswipe-Same Direction,2,Cloudy,Dry,Dark-Lighted
2023-03-04T02:46:00.000,I 85,I 85 and Senoia Rd,,Angle Crash,2,Clear,Dry,Dark-Lighted
2023-01-21T11:55:00.000,I 85,I 85 and Senoia Rd,,Rear End,2,Clear,Dry,Daylight
2023-12-25T17:49:00.000,I 85,I 85 and Senoia Rd,,Rear End,2,Rain,Water (standing or moving),Dark-Not Lighted
2023-12-14T15:01:00.000,I 85,I 85 and Senoia Rd,,Sideswipe-Same Direction,2,Clear,Dry,Daylight
2023-08-30T12:59:00.000,I 85,I 85 and Senoia Rd,,Sideswipe-Same Direction,2,Clear,Dry,Daylight
2023-01-16T18:40:00.000,I 85,I 85 and Senoia Rd,,Rear End,4,Clear,Dry,Dark-Lighted
2023-05-01T15:00:00.000,I 85,I 85 and Senoia Rd,,Sideswipe-Same Direction,2,Clear,Dry,Daylight
2023-04-24T15:13:00.000,I 85,I 85 and Senoia Rd,,Rear End,1,Clear,Dry,Daylight
2023-03-01T19:44:00.000,I 85,I 85 and Senoia Rd,,Rear End,2,Clear,Dry,Dark-Lighted
2024-12-13T09:41:00.000,I 85,I 85 and Senoia Rd,,Sideswipe-Same Direction,2,Clear,Dry,Daylight
2024-02-17T18:22:00.000,I 85,I 85 and Senoia Rd,,Rear End,2,Clear,Dry,Daylight
2024-04-22T07:55:00.000,I 85,I 85 and Senoia Rd,,Rear End,2,Clear,Dry,Daylight
2024-01-05T07:15:00.000,I 85,I 85 and Senoia Rd,,Rear End,2,Clear,Dry,Dark-Lighted
2024-06-30T22:17:00.000,I 85,I 85 and Senoia Rd,,Rear End,2,Clear,Dry,Daylight
2024-09-12T10:50:00.000,I 85,I 85 and Senoia Rd,,Not a Collision with Motor Vehicle,1,Rain,Wet,Daylight
2024-01-23T07:52:00.000,I 85,I 85 and Senoia Rd,,Rear End,2,Cloudy,Water (standing or moving),Daylight
2024-02-06T09:20:00.000,I 85,I 85 and Senoia Rd,,Rear End,2,Clear,Dry,Daylight
2024-03-06T11:38:00.000,I 85,I 85 and Senoia Rd,,Rear End,2,Clear,Dry,Daylight
2024-10-02T01:35:00.000,I 85,I 85 and Senoia Rd,,Sideswipe-Same Direction,2,Clear,Dry,Dark-Lighted
2024-05-20T14:42:00.000,I 85,I 85 and Senoia Rd,,Rear End,2,Clear,Dry,Daylight
2024-05-01T15:45:00.000,I 85,I 85 and Senoia Rd,,Rear End,2,Clear,Dry,Daylight
2024-10-16T07:40:00.000,I 85,I 85 and Senoia Rd,,Sideswipe-Same Direction,2,Clear,Dry,Daylight
2024-10-20T18:52:00.000,I 85,I 85 and Senoia Rd,,Rear End,2,Clear,Dry,Daylight
2024-08-03T11:57:00.000,I 85,I 85 and Senoia Rd,,Rear End,2,Clear,Dry,Daylight
2024-10-15T19:45:00.000,I 85,I 85 and Senoia Rd,,Rear End,2,Clear,Dry,Dark-Not Lighted
2024-06-04T05:39:00.000,I 85,I 85 and Senoia Rd,,Rear End,2,Clear,Dry,Dark-Not Lighted
2024-08-24T15:23:00.000,I 85,I 85 and Senoia Rd,,Sideswipe-Same Direction,2,Clear,Dry,Daylight
2024-12-20T04:31:00.000,I 85,I 85 and Senoia Rd,,Rear End,2,Clear,Dry,Dark-Lighted
2024-10-21T06:45:00.000,I 85,I 85 and Senoia Rd,,Rear End,2,Clear,Dry,Dark-Not Lighted
2024-05-20T08:33:00.000,I 85,I 85 and Senoia Rd,,Rear End,2,Clear,Dry,Daylight
2024-06-25T07:48:00.000,I 85,I 85 and Senoia Rd,,Rear End,2,Clear,Dry,Daylight
2024-06-13T13:38:00.000,I 85,I 85 and Senoia Rd,,Angle Crash,2,Clear,Dry,Daylight
2024-01-24T08:30:00.000,I 85,I 85 and Senoia Rd,,Sideswipe-Same Direction,2,Clear,Wet,Daylight
2024-10-29T14:00:00.000,I 85,I 85 and Senoia Rd,,Sideswipe-Same Direction,2,Clear,Dry,Daylight
2024-05-21T16:34:00.000,I 85,I 85 and Senoia Rd,,Sideswipe-Same Direction,2,Clear,Dry,Daylight
2024-01-18T20:55:00.000,I 85,I 85 and Senoia Rd,,Sideswipe-Same Direction,2,Clear,Dry,Dark-Lighted
2024-06-13T13:00:00.000,I 85,I 85 and Senoia Rd,,Rear End,2,Clear,Dry,Daylight
2024-12-09T19:04:00.000,I 85,I 85 and Senoia Rd,,Rear End,2,Rain,Wet,Dark-Not Lighted
2024-04-26T15:55:00.000,I 85,I 85 and Senoia Rd,,Rear End,2,Clear,Dry,Daylight
2024-05-30T08:14:00.000,I 85,I 85 and Senoia Rd,,Angle Crash,2,Clear,Dry,Daylight
2024-12-07T15:40:00.000,I 85,I 85 and Senoia Rd,,Rear End,2,Clear,Dry,Daylight
2024-12-19T13:38:00.000,I 85,I 85 and Senoia Rd,,Sideswipe-Same Direction,2,Clear,Dry,Daylight
2024-07-04T19:30:00.000,I 85,I 85 and Senoia Rd,,Not a Collision with Motor Vehicle,1,Rain,Wet,Daylight
2024-09-17T09:05:00.000,I 85,I 85 and Senoia Rd,,Rear End,2,Clear,Dry,Daylight
2024-05-10T06:10:00.000,I 85,I 85 and Senoia Rd,,Not a Collision with Motor Vehicle,4,Rain,Wet,Dark-Not Lighted
2024-07-29T09:19:00.000,I 85,I 85 and Senoia Rd,,Rear End,2,Clear,Dry,Daylight
2024-04-23T09:06:00.000,I 85,I 85 and Senoia Rd,,Angle,2,Clear,Dry,Daylight
2024-06-07T11:30:00.000,I 85,I 85 and Senoia Rd,,Rear End,2,Clear,Dry,Daylight
2024-12-11T10:37:00.000,I 85,I 85 and Senoia Rd,,Angle Crash,2,Cloudy,Dry,Daylight
2023-09-13T19:30:00.000,I 85,I 85 and Senoia,,Rear End,2,Cloudy,Dry,Dusk
2023-05-26T10:12:00.000,I 85,I 85 and Senoia,,Sideswipe-Same Direction,2,Clear,Dry,Daylight