Date and Time,Roadway (From Crash Report),Intersection Name (from Crash Report),KABCO Severity,Manner of Collision (Crash Level) ,# of Vehicles per crash ,Weather Conditions (Crash Level),Surface Condition (Crash Level) ,Light Conditions (Crash Level)
2024-07-23T18:00:00.000,I 85,I 85 and Senoia,,Sideswipe-Same Direction,2,Clear,Wet,Daylight
2024-09-25T15:06:00.000,I 85,I 85 and Senoia,,Rear End,2,Clear,Dry,Daylight
2024-07-26T15:45:00.000,I 85,I 85 and Senoia,,Angle Crash,2,Clear,Dry,Daylight
2024-07-24T22:08:00.000,I 85,I 85 and Senoia,,Rear End,2,Cloudy,Wet,Dark-Lighted
2024-11-01T01:53:00.000,I 85,I 85 and Senoia,,Not a Collision with Motor Vehicle,1,Clear,Dry,Dark-Lighted
2020-06-22T18:50:00.000,I 85,I 85 and Senioa Rd,,Sideswipe-Same Direction,2,Rain,Wet,Daylight
2023-05-29T09:24:00.000,I 85,I 85 and Senioa Rd,,Sideswipe-Same Direction,2,Clear,Dry,Daylight
2022-03-15T18:20:00.000,I 85,I 85 and Senioa Rd,,Rear End,2,Rain,Wet,Daylight
2022-07-12T17:47:00.000,I 85,I 85 and Senioa Rd,,Rear End,2,Clear,Dry,Daylight
2022-11-11T13:13:00.000,I 85,I 85 and Senioa Rd,,Sideswipe-Same Direction,2,Cloudy,Wet,Daylight
2024-01-24T07:45:00.000,I 85,I 85 and Senioa Rd,,Sideswipe-Same Direction,4,Clear,Wet,Daylight
2024-10-08T06:45:00.000,I 85,I 85 and Senioa Rd,,Rear End,2,Clear,Dry,Dark-Lighted
2023-02-12T20:02:00.000,I 85,I 85 and Senioa Rd,,Angle Crash,3,Clear,Dry,Dark-Not Lighted
2024-05-23T09:18:00.000,I 85,I 85 and Senioa Rd,,Rear End,3,Clear,Dry,Daylight
2024-09-24T08:20:00.000,I 85,I 85 and Senioa Rd,,Angle Crash,2,Cloudy,Wet,Daylight
2024-10-07T16:30:00.000,I 85,I 85 and Senioa,,Rear End,6,Clear,Dry,Daylight
2021-08-02T18:39:00.000,I 85,I 85 and Seneca Rd,,Rear End,2,Cloudy,Dry,Daylight
2023-02-27T16:07:00.000,I 85,I 85 and Seneca Rd,,Sideswipe-Same Direction,2,Cloudy,Dry,Daylight
2021-07-18T14:49:00.000,I 85,I 85 and Scales Exit,,Rear End,3,Cloudy,Dry,Daylight
2023-05-13T07:38:00.000,I 85,I 85 and Sahllowford Rd,,Angle Crash,2,Cloudy,Dry,Daylight
2022-03-27T15:14:00.000,I 85,I 85 and S.R.378Beaver Ruin Rd,,Rear End,3,Clear,Dry,Daylight
2022-08-07T09:59:00.000,I 85,I 85 and S.R.324 Gravel Springs Rd,,Rear End,2,Cloudy,Dry,Daylight
2024-04-24T18:30:00.000,I 85,I 85 and S.R.316,,Angle Crash,2,Cloudy,Dry,Daylight
2022-03-19T12:51:00.000,I 85,I 85 and S.R.20Buford Dr,,Rear End,2,Clear,Dry,Daylight
2022-09-15T02:30:00.000,I 85,I 85 and S.R.20 Buford Dr,,Rear End,2,Clear,Dry,Dark-Not Lighted
2024-12-07T02:50:00.000,I 85,I 85 and S.R.140 Jimmy Carter Blvd,,Angle Crash,2,Clear,Dry,Dark-Lighted
2024-12-07T17:59:00.000,I 85,I 85 and S.R.140 Jimmy Carter Blvd,,Rear End,2,Clear,Dry,Dusk
2022-10-15T14:15:00.000,I 85,I 85 and S.R.120 Duluth Hwy,,Rear End,2,Clear,Dry,Daylight
2022-09-06T07:47:00.000,I 85,I 85 and S.R. 60 Opas,,Angle Crash,2,Clear,Dry,Daylight
2022-04-20T17:13:00.000,I 85,I 85 and S.R. 53,,Rear End,2,Clear,Dry,Daylight
2021-11-07T14:00:00.000,I 85,I 85 and S.R. 378 Beaver Ruin Rd,,Rear End,2,Clear,Dry,Daylight
2023-12-16T21:13:00.000,I 85,I 85 and S.R. 378 Beaver Ruin Rd,,Rear End,2,Rain,Wet,Dark-Lighted
2023-05-06T17:26:00.000,I 85,I 85 and S.R. 378 Beaver Ruin Rd,,Rear End,5,Clear,Dry,Daylight
2024-12-07T20:02:00.000,I 85,I 85 and S.R. 378 Beaver Ruin Rd,,Sideswipe-Same Direction,2,Clear,Dry,Dark-Lighted
2024-10-27T00:30:00.000,I 85,I 85 and S.R. 378 Beaver Ruin Rd,,Angle Crash,2,Clear,Dry,Dark-Lighted
2023-12-21T02:05:00.000,I 85,I 85 and S.R. 378 Beaver Ruin Rd,,Head On,3,Clear,Dry,Dark-Lighted
2023-11-13T09:48:00.000,I 85,I 85 and S.R. 378 Beaver Ruin Rd,,Rear End,2,Clear,Dry,Daylight
2023-10-04T21:45:00.000,I 85,I 85 and S.R. 378 Beaver Ruin Rd,,Not a Collision with Motor Vehicle,1,Clear,Dry,Dark-Lighted
2024-02-25T14:53:00.000,I 85,I 85 and S.R. 378 Beaver Ruin Rd,,Rear End,3,Clear,Dry,Daylight
2024-09-19T21:30:00.000,I 85,I 85 and S.R. 378 Beaver Ruin Rd,,Sideswipe-Same Direction,2,Clear,Dry,Dark-Lighted
2022-08-08T20:50:00.000,I 85,I 85 and S.R. 378,,Sideswipe-Same Direction,2,Clear,Dry,Dark-Lighted
2021-10-06T17:24:00.000,I 85,I 85 and S.R. 378,,Rear End,3,Cloudy,Dry,Daylight
2022-04-04T22:28:00.000,I 85,I 85 and S.R. 378,,Sideswipe-Same Direction,2,Clear,Dry,Dark-Lighted
2024-08-04T09:07:00.000,I 85,I 85 and S.R. 324 Gravel Springs Rd,,Rear End,2,Cloudy,Wet,Daylight
2023-10-01T08:15:00.000,I 85,I 85 and S.R. 324 Gravel Springs Rd,,Rear End,2,Clear,Dry,Daylight
2024-04-27T07:39:00.000,I 85,I 85 and S.R. 324,,Rear End,2,Clear,Dry,Daylight
2022-11-19T20:40:00.000,I 85,I 85 and S.R. 317 Lawrenceville Suwanee Rd,,Angle Crash,2,Clear,Dry,Dark-Not Lighted
2022-07-30T17:40:00.000,I 85,I 85 and S.R. 317 Lawrenceville Suwanee Rd,,Sideswipe-Same Direction,2,Rain,Wet,Daylight
2023-05-11T17:30:00.000,I 85,I 85 and S.R. 316 University Pkwy,,Sideswipe-Same Direction,2,Clear,Dry,Daylight
2021-12-10T01:49:00.000,I 85,I 85 and S.R. 316,,Not a Collision with Motor Vehicle,1,Rain,Wet,Dark-Not Lighted
2023-08-08T17:43:00.000,I 85,I 85 and S.R. 316,,Rear End,2,Clear,Dry,Daylight
2022-09-25T18:39:00.000,I 85,I 85 and S.R. 316,,Rear End,2,Clear,Dry,Daylight
2024-06-21T00:18:00.000,I 85,I 85 and S.R. 316,,Rear End,2,Clear,Dry,Dark-Not Lighted
2024-01-03T19:36:00.000,I 85,I 85 and S.R. 316,,Sideswipe-Same Direction,2,Clear,Dry,Dark-Not Lighted
2024-01-27T12:22:00.000,I 85,I 85 and S.R. 316,,Angle Crash,2,Rain,Wet,Daylight
2021-12-01T14:00:00.000,I 85,I 85 and S.R. 211,,Angle Crash,2,Clear,Dry,Daylight
2022-02-06T06:30:00.000,I 85,I 85 and S.R. 211,,Not a Collision with Motor Vehicle,2,Clear,Dry,Dark-Not Lighted
2023-12-23T11:40:00.000,I 85,I 85 and S.R. 20 Buford Dr.,,Rear End,2,Clear,Dry,Daylight
2024-05-25T15:37:00.000,I 85,I 85 and S.R. 20 Buford Dr.,,Sideswipe-Same Direction,2,Clear,Dry,Daylight
2021-10-31T04:19:00.000,I 85,I 85 and S.R. 20 Buford Dr,,Not a Collision with Motor Vehicle,1,Cloudy,Dry,Dark-Not Lighted
2023-09-03T14:20:00.000,I 85,I 85 and S.R. 20 Buford Dr,,Rear End,3,Clear,Dry,Daylight
2021-10-17T13:39:00.000,I 85,I 85 and S.R. 20 Buford Dr,,Rear End,2,Clear,Dry,Daylight
2021-10-30T14:31:00.000,I 85,I 85 and S.R. 20 Buford Dr,,Rear End,2,Clear,Wet,Daylight
2022-01-22T09:40:00.000,I 85,I 85 and S.R. 20 Buford Dr,,Not a Collision with Motor Vehicle,1,Clear,Dry,Daylight
2022-02-06T19:18:00.000,I 85,I 85 and S.R. 20 Buford Dr,,Sideswipe-Same Direction,2,Clear,Dry,Daylight
2022-02-05T12:56:00.000,I 85,I 85 and S.R. 20 Buford Dr,,Rear End,2,Clear,Dry,Daylight
2022-06-06T18:54:00.000,I 85,I 85 and S.R. 20 Buford Dr,,Angle Crash,2,Clear,Dry,Dusk
2023-12-09T02:37:00.000,I 85,I 85 and S.R. 20 Buford Dr,,Rear End,2,Clear,Dry,Dark-Lighted
2024-12-12T00:00:00.000,I 85,I 85 and S.R. 20 Buford Dr,,Not a Collision with Motor Vehicle,1,Clear,Dry,Daylight
2021-10-16T23:21:00.000,I 85,I 85 and S.R. 20,,Sideswipe-Same Direction,2,Cloudy,Dry,Dark-Not Lighted
2023-02-04T14:15:00.000,I 85,I 85 and S.R. 20,,Rear End,3,Clear,Dry,Daylight
2023-06-10T10:55:00.000,I 85,I 85 and S.R. 20,,Rear End,2,Clear,Dry,Daylight
2022-07-19T06:30:00.000,I 85,I 85 and S.R. 20,,Rear End,2,Rain,Wet,Dark-Lighted
2022-02-15T03:36:00.000,I 85,I 85 and S.R. 20,,Not a Collision with Motor Vehicle,1,Clear,Dry,Dark-Not Lighted
2024-05-30T19:48:00.000,I 85,I 85 and S.R. 141 Jimmy Carter Blvd,,Rear End,2,Clear,Dry,Daylight
2024-04-12T17:30:00.000,I 85,I 85 and S.R. 141 Jimmy Carter Blvd,,Sideswipe-Same Direction,2,Clear,Dry,Daylight
2023-10-21T12:14:00.000,I 85,I 85 and S.R. 140 Jimmy Carter Blvd,,Rear End,3,Clear,Dry,Daylight
2023-10-08T18:18:00.000,I 85,I 85 and S.R. 140 Jimmy Carter Blvd,,Rear End,2,Clear,Dry,Daylight
2023-10-21T12:14:00.000,I 85,I 85 and S.R. 140 Jimmy Carter Blvd,,Rear End,2,Clear,Dry,Daylight
2022-11-11T05:20:00.000,I 85,I 85 and S.R. 140 Jimmy Carter Blvd,,Rear End,2,Rain,Wet,Dark-Lighted
2022-11-23T19:54:00.000,I 85,I 85 and S.R. 140 Jimmy Carter Blvd,,Rear End,2,Clear,Dry,Dark-Lighted
2022-11-23T20:00:00.000,I 85,I 85 and S.R. 140 Jimmy Carter Blvd,,Rear End,2,Clear,Dry,Dark-Lighted
2024-01-17T15:34:00.000,I 85,I 85 and S.R. 140 Jimmy Carter Blvd,,Rear End,2,Clear,Dry,Daylight
2024-01-17T10:03:00.000,I 85,I 85 and S.R. 140 Jimmy Carter Blvd,,Rear End,2,Clear,Dry,Daylight
2024-01-14T15:10:00.000,I 85,I 85 and S.R. 140 Jimmy Carter Blvd,,Rear End,2,Clear,Dry,Daylight
2024-04-28T00:24:00.000,I 85,I 85 and S.R. 140 Jimmy Carter Blvd,,Sideswipe-Same Direction,3,Clear,Dry,Dark-Lighted
2024-01-14T13:58:00.000,I 85,I 85 and S.R. 140 Jimmy Carter Blvd,,Sideswipe-Same Direction,3,Clear,Dry,Daylight
2024-03-09T21:00:00.000,I 85,I 85 and S.R. 140 Jimmy Carter Blvd,,Sideswipe-Same Direction,2,Cloudy,Wet,Dark-Lighted
2024-04-22T20:26:00.000,I 85,I 85 and S.R. 140 Jimmy Carter Blvd,,Sideswipe-Same Direction,2,Clear,Dry,Dark-Lighted
2024-06-18T19:22:00.000,I 85,I 85 and S.R. 140 Jimmy Carter Blvd,,Rear End,2,Cloudy,Dry,Daylight
2021-11-29T18:01:00.000,I 85,I 85 and S.R. 140,,Rear End,3,Clear,Dry,Daylight
2022-05-21T20:48:00.000,I 85,I 85 and S.R. 138,,Rear End,2,Cloudy,Dry,Dark-Not Lighted
2022-05-31T15:55:00.000,I 85,I 85 and S.R. 138,,Not a Collision with Motor Vehicle,2,Cloudy,Dry,Daylight
2024-06-17T22:25:00.000,I 85,I 85 and S.R. 138,,Angle Crash,2,Rain,Wet,Dark-Lighted
2024-09-17T16:28:00.000,I 85,I 85 and S.R. 13 Exit,,Rear End,2,Cloudy,Dry,Daylight
2022-05-20T22:35:00.000,I 85,I 85 and S.R. 120 Duluth Hwy,,Rear End,2,Clear,Dry,Dark-Not Lighted
2022-05-19T22:30:00.000,I 85,I 85 and S.R. 120 Duluth Hwy,,Sideswipe-Same Direction,2,Cloudy,Dry,Dark-Lighted
2023-04-22T17:00:00.000,I 85,I 85 and S.R. 120 Duluth Hwy,,Rear End,2,Clear,Dry,Daylight
2023-10-31T22:50:00.000,I 85,I 85 and S.R. 120,,Rear End,2,Clear,Dry,Dark-Not Lighted
2022-07-29T21:30:00.000,I 85,I 85 and S.R. 120,,Angle Crash,2,Cloudy,Dry,Dark-Lighted
2022-11-12T02:24:00.000,I 85,I 85 and S.R. 120,,Not a Collision with Motor Vehicle,1,Fog,Wet,Dark-Not Lighted
2022-10-09T23:40:00.000,I 85,I 85 and S.R. 120,,Not a Collision with Motor Vehicle,1,Clear,Dry,Dark-Lighted
2022-01-22T01:55:00.000,I 85,I 85 and S.R. 120,,Sideswipe-Same Direction,2,Cloudy,Dry,Dark-Lighted
2024-09-16T12:20:00.000,I 85,I 85 and S.R 324 Gravel Springs Rd,,Rear End,2,Clear,Dry,Daylight
2024-11-10T16:00:00.000,I 85,I 85 and S.R 324 Gravel Springs Rd,,Not a Collision with Motor Vehicle,1,Rain,Wet,Daylight
2024-04-26T21:02:00.000,I 85,I 85 and S.R 316 Ex Rp I85 S Rp,,Rear End,2,Clear,Dry,Dark-Lighted
2024-04-14T01:00:00.000,I 85,I 85 and S.R 316 Ex 106,,Rear End,2,Clear,Dry,Dark-Lighted
2022-06-11T12:30:00.000,I 85,I 85 and S.R 316,,Rear End,2,Clear,Dry,Daylight
2024-12-08T08:05:00.000,I 85,I 85 and S.R 20Buford Dr,,Angle Crash,2,Cloudy,Dry,Daylight
2022-07-02T23:19:00.000,I 85,I 85 and S.R 120,,Not a Collision with Motor Vehicle,1,Clear,Wet,Dark-Not Lighted
2022-11-30T07:50:00.000,I 85,I 85 and S.Of N. Druid Hills Rd,,Not a Collision with Motor Vehicle,1,Cloudy,Wet,Daylight
2022-07-22T11:17:00.000,I 85,I 85 and S. Of Shallowford Rd,,Sideswipe-Same Direction,2,Clear,Dry,Daylight
2022-11-30T09:21:00.000,I 85,I 85 and S. Of Shallowford Rd,,Rear End,3,Cloudy,Wet,Daylight
2024-05-14T08:48:00.000,I 85,I 85 and S. Of Shallowford Rd,,Rear End,2,Cloudy,Wet,Daylight
2024-07-29T08:52:00.000,I 85,I 85 and S. Of N. Druid Hills Rd,,Sideswipe-Same Direction,2,Cloudy,Dry,Daylight
2024-04-19T10:43:00.000,I 85,I 85 and S. Of N. Druid Hills Rd,,Rear End,3,Cloudy,Dry,Daylight
2024-04-19T10:25:00.000,I 85,I 85 and S. Of N. Druid Hills Rd,,Rear End,2,Cloudy,Dry,Daylight
2022-12-09T09:54:00.000,I 85,I 85 and S. Of N Druid Hills Rd,,Rear End,2,Cloudy,Dry,Daylight
2022-10-31T10:54:00.000,I 85,I 85 and S. Of Clairmont Rd.,,Rear End,3,Cloudy,Wet,Daylight
2022-06-11T11:36:00.000,I 85,I 85 and S. Of Chamblee Tucker Rd,,Not a Collision with Motor Vehicle,3,Clear,Dry,Daylight
2024-07-11T17:16:00.000,I 85,I 85 and S. Hwy 29,,Head On,2,Clear,Dry,Daylight
2023-04-16T20:40:00.000,I 85,I 85 and S. Central Ave,,Angle Crash,2,Clear,Dry,Dark-Lighted
2021-07-03T23:35:00.000,I 85,I 85 and S R 120 Duluth Hwy,,Sideswipe-Same Direction,2,Clear,Dry,Dark-Lighted
2020-02-22T03:40:00.000,I 85,I 85 and S R 120,,Sideswipe-Same Direction,2,Clear,Dry,Dark-Not Lighted
2020-12-07T16:26:00.000,I 85,I 85 and S Of University Ave,,Rear End,2,Cloudy,Dry,Daylight
2020-01-24T18:50:00.000,I 85,I 85 and S Of University Ave,,Rear End,2,Cloudy,Dry,Dark-Not Lighted
2020-12-17T15:30:00.000,I 85,I 85 and S Of University Ave,,Sideswipe-Same Direction,2,Clear,Dry,Daylight
2021-05-24T18:05:00.000,I 85,I 85 and S Of University Ave,,Rear End,2,Cloudy,Dry,Daylight
2021-03-16T15:15:00.000,I 85,I 85 and S Of University Ave,,Sideswipe-Same Direction,2,Rain,Wet,Daylight
2023-04-05T11:01:00.000,I 85,I 85 and S Of Shallowford Rd,,Rear End,2,Clear,Dry,Daylight
2024-09-17T08:30:00.000,I 85,I 85 and S Of Shallowford Rd,,Sideswipe-Same Direction,2,Clear,Dry,Daylight
2021-03-22T16:57:00.000,I 85,I 85 and S Of Ralph David Abernathy,,Rear End,2,Clear,Dry,Daylight
2021-03-22T14:05:00.000,I 85,I 85 and S Of Ralph David Abernathy,,Rear End,2,Clear,Dry,Daylight
2024-01-24T09:18:00.000,I 85,I 85 and S Of N. Druid Hills Rd,,Rear End,4,Cloudy,Wet,Daylight
2024-08-13T08:39:00.000,I 85,I 85 and S Of N. Druid Hills Rd,,Rear End,4,Clear,Dry,Daylight
2021-11-08T08:52:00.000,I 85,I 85 and S Of N Druid Hills Rd,,Angle Crash,2,Clear,Dry,Daylight
2023-09-11T10:10:00.000,I 85,I 85 and S Of N Druid Hills Rd,,Rear End,2,Clear,Dry,Daylight
2021-02-04T21:01:00.000,I 85,I 85 and S Of Mm 32,,Head On,2,Cloudy,Dry,Dark-Not Lighted
2021-06-20T12:55:00.000,I 85,I 85 and S Of Jimmy Carter Blvd,,Rear End,2,Rain,Wet,Daylight
2020-05-11T06:20:00.000,I 85,I 85 and S Of Jimmy Carter Blvd,,Sideswipe-Same Direction,2,Clear,Dry,Daylight
2021-06-20T14:07:00.000,I 85,I 85 and S Of Indian Trail Rd,,Rear End,2,Cloudy,Wet,Daylight
2021-03-23T14:15:00.000,I 85,I 85 and S Of Fulton St,,Sideswipe-Same Direction,2,Cloudy,Dry,Daylight
2020-08-30T10:55:00.000,I 85,I 85 and S Of Exit 111,,Rear End,2,Cloudy,Dry,Daylight
2020-10-01T08:45:00.000,I 85,I 85 and S Of Cleveland Ave,,Not a Collision with Motor Vehicle,1,Cloudy,Dry,Daylight
2021-10-19T08:52:00.000,I 85,I 85 and S Of Clairmont Rd,,Rear End,2,Clear,Dry,Daylight
2022-08-18T00:06:00.000,I 85,I 85 and S Of Clairmont Rd,,Sideswipe-Same Direction,2,Cloudy,Wet,Dark-Not Lighted
2020-08-30T13:53:00.000,I 85,I 85 and S Of Beaver Ruin,,Sideswipe-Same Direction,2,Cloudy,Dry,Daylight
2023-04-11T21:32:00.000,I 85,I 85 and S Of 985,,Sideswipe-Opposite Direction,2,Clear,Dry,Dark-Not Lighted
2022-09-30T01:50:00.000,I 85,I 85 and S Of 985,,Head On,1,Cloudy,Dry,Dark-Not Lighted
2024-08-31T22:01:00.000,I 85,I 85 and S Of 985,,Head On,3,Cloudy,Dry,Dark-Not Lighted
2020-06-09T16:14:00.000,I 85,I 85 and S Hwy 29 Exit 35,,Not a Collision with Motor Vehicle,1,Rain,Wet,Daylight
2021-02-07T09:30:00.000,I 85,I 85 and S Hwy 29,,Not a Collision with Motor Vehicle,1,Cloudy,Wet,Daylight
2020-07-25T15:23:00.000,I 85,I 85 and S Hwy 29,,Not a Collision with Motor Vehicle,1,Rain,Wet,Daylight
2024-10-21T08:00:00.000,I 85,I 85 and S Hwy 29,,Sideswipe-Same Direction,2,Clear,Dry,Daylight
2021-04-05T14:00:00.000,I 85,I 85 and S Highway 29,,Rear End,2,Clear,Dry,Daylight
2021-07-15T17:50:00.000,I 85,I 85 and S Highway 29,,Rear End,2,Clear,Dry,Daylight
2021-10-30T09:26:00.000,I 85,I 85 and S Highway 29,,Not a Collision with Motor Vehicle,1,Rain,Wet,Daylight
2022-01-04T17:45:00.000,I 85,I 85 and S Highway 29,,Rear End,2,Clear,Dry,Daylight
2021-04-21T16:58:00.000,I 85,I 85 and S Highway 29,,Sideswipe-Same Direction,2,Clear,Dry,Daylight
2021-12-26T12:56:00.000,I 85,I 85 and S Highway 29,,Rear End,2,Clear,Dry,Daylight
2021-10-11T09:09:00.000,I 85,I 85 and S Highway 29,,Angle Crash,2,Clear,Dry,Daylight
2022-05-28T11:46:00.000,I 85,I 85 and S Highway 29,,Rear End,2,Clear,Dry,Daylight
2021-04-04T20:24:00.000,I 85,I 85 and S Fulton Pkwy,,Not a Collision with Motor Vehicle,1,Clear,Dry,Dark-Not Lighted
2023-12-08T18:30:00.000,I 85,I 85 and S Fulton Pkwy,,Rear End,2,Clear,Dry,Dark-Not Lighted
2020-11-24T04:57:00.000,I 85,I 85 and S Fulton Pkwy,,Rear End,2,Clear,Dry,Dark-Not Lighted
2020-06-11T16:51:00.000,I 85,I 85 and S Fulton Pkwy,,Sideswipe-Same Direction,2,Clear,Dry,Daylight
2020-02-14T16:50:00.000,I 85,I 85 and S Fulton Pkwy,,Rear End,2,Clear,Dry,Daylight
2024-06-15T14:00:00.000,I 85,I 85 and S Fulton Pkwy,,Rear End,2,Clear,Dry,Daylight
2024-12-16T08:21:00.000,I 85,I 85 and S Fulton Pkwy,,Sideswipe-Same Direction,2,Clear,Dry,Daylight
2024-06-22T18:56:00.000,I 85,I 85 and S Fulton Pkwy,,Sideswipe-Same Direction,2,Clear,Dry,Daylight
2024-07-29T14:05:00.000,I 85,I 85 and S Fulton Pkwy,,Rear End,2,Clear,Wet,Daylight
2024-07-25T07:24:00.000,I 85,I 85 and S Fulton Pkwy,,Rear End,2,Cloudy,Dry,Daylight
2023-06-11T04:44:00.000,I 85,I 85 and S Ex Rp Buf Dr Ramp Ne Gravel Springs,,Angle Crash,1,Cloudy,Dry,Dark-Not Lighted
2021-07-03T10:20:00.000,I 85,I 85 and S Central Ave,,Sideswipe-Same Direction,2,Clear,Dry,Daylight
2022-05-02T09:20:00.000,I 85,I 85 and S Central Ave,,Angle Crash,2,Clear,Dry,Dawn
2024-04-11T12:38:00.000,I 85,I 85 and S Central Ave,,Rear End,4,Clear,Wet,Daylight
2023-01-17T03:04:00.000,I 85,I 85 and Rp P Hill Rd Rp,,Sideswipe-Same Direction,2,Clear,Dry,Dark-Not Lighted
2023-11-07T18:50:00.000,I 85,I 85 and Roosevelt Hwy,,Rear End,2,Clear,Dry,Dark-Not Lighted
2020-01-24T23:10:00.000,I 85,I 85 and Roosevelt Hwy,,Sideswipe-Same Direction,3,Clear,Dry,Dark-Not Lighted
2022-11-26T00:00:00.000,I 85,I 85 and Roosevelt Hwy,,Angle Crash,2,Cloudy,Dry,Dark-Lighted
2021-12-30T07:50:00.000,I 85,I 85 and Rock Hill Dr,,Not a Collision with Motor Vehicle,1,Rain,Wet,Daylight
2020-11-07T11:45:00.000,I 85,I 85 and Riverdale Rp,,Not a Collision with Motor Vehicle,1,Rain,Wet,Daylight
2021-09-18T01:28:00.000,I 85,I 85 and Riverdale Rp,,Sideswipe-Same Direction,3,Clear,Dry,Dark-Not Lighted
2021-08-26T18:47:00.000,I 85,I 85 and Riverdale Rp,,Sideswipe-Same Direction,2,Clear,Dry,Daylight
2021-03-23T07:59:00.000,I 85,I 85 and Riverdale Road Rp,,Sideswipe-Same Direction,2,Clear,Dry,Daylight
2021-06-28T18:05:00.000,I 85,I 85 and Riverdale Rd Rp,,Rear End,2,Clear,Dry,Daylight
2021-08-22T22:41:00.000,I 85,I 85 and Riverdale Rd Rp,,Rear End,2,Cloudy,Dry,Dark-Lighted
2020-09-15T09:40:00.000,I 85,I 85 and Riverdale Rd Exit Rp,,Sideswipe-Same Direction,2,Rain,Wet,Daylight
2022-02-25T02:00:00.000,I 85,I 85 and Riverdale Rd Exit,,Not a Collision with Motor Vehicle,1,Clear,Dry,Dark-Not Lighted
2022-08-31T17:42:00.000,I 85,I 85 and Riverdale Rd Exit,,Rear End,2,Clear,Dry,Daylight
2021-06-12T08:46:00.000,I 85,I 85 and Riverdale Rd,,Sideswipe-Same Direction,2,Clear,Dry,Daylight
2021-06-08T21:14:00.000,I 85,I 85 and Riverdale Rd,,Rear End,2,Rain,Wet,Dark-Not Lighted
2021-06-15T02:53:00.000,I 85,I 85 and Riverdale Rd,,Not a Collision with Motor Vehicle,1,Clear,Dry,Dark-Not Lighted
2021-01-15T13:01:00.000,I 85,I 85 and Riverdale Rd,,Angle Crash,2,Clear,Dry,Daylight
2021-07-26T13:35:00.000,I 85,I 85 and Riverdale Rd,,Not a Collision with Motor Vehicle,1,Clear,Dry,Daylight
2021-01-20T20:16:00.000,I 85,I 85 and Riverdale Rd,,Not a Collision with Motor Vehicle,1,Clear,Dry,Dark-Not Lighted
2023-08-24T11:50:00.000,I 85,I 85 and Riverdale Rd,,Angle Crash,2,Clear,Dry,Daylight
2020-07-09T18:40:00.000,I 85,I 85 and Riverdale Rd,,Not a Collision with Motor Vehicle,1,Rain,Wet,Daylight
2020-12-08T07:07:00.000,I 85,I 85 and Riverdale Rd,,Sideswipe-Same Direction,2,Clear,Dry,Daylight
2020-02-17T19:58:00.000,I 85,I 85 and Riverdale Rd,,Sideswipe-Same Direction,2,Cloudy,Dry,Dark-Lighted
2020-06-01T19:56:00.000,I 85,I 85 and Riverdale Rd,,Not a Collision with Motor Vehicle,2,Clear,Dry,Daylight
2020-01-29T19:45:00.000,I 85,I 85 and Riverdale Rd,,Sideswipe-Same Direction,2,Clear,Dry,Dark-Lighted
2020-01-03T09:09:00.000,I 85,I 85 and Riverdale Rd,,Rear End,2,Rain,Wet,Daylight
2020-11-08T14:11:00.000,I 85,I 85 and Riverdale Rd,,Sideswipe-Opposite Direction,2,Clear,Dry,Daylight
2020-12-14T10:21:00.000,I 85,I 85 and Riverdale Rd,,Sideswipe-Same Direction,2,Clear,Dry,Daylight
2021-02-03T13:24:00.000,I 85,I 85 and Riverdale Rd,,Rear End,2,Clear,Dry,Daylight
2021-06-08T20:54:00.000,I 85,I 85 and Riverdale Rd,,Rear End,3,Rain,Wet,Dark-Lighted
2021-01-22T08:09:00.000,I 85,I 85 and Riverdale Rd,,Not a Collision with Motor Vehicle,1,Rain,Wet,Daylight
2021-01-15T13:23:00.000,I 85,I 85 and Riverdale Rd,,Sideswipe-Same Direction,2,Clear,Dry,Daylight
2021-03-25T13:00:00.000,I 85,I 85 and Riverdale Rd,,Sideswipe-Same Direction,2,Clear,Wet,Daylight
2021-03-11T22:24:00.000,I 85,I 85 and Riverdale Rd,,Not a Collision with Motor Vehicle,1,Clear,Dry,Dark-Lighted
2021-07-29T18:30:00.000,I 85,I 85 and Riverdale Rd,,Sideswipe-Same Direction,2,Clear,Dry,Daylight
2021-07-24T05:59:00.000,I 85,I 85 and Riverdale Rd,,Sideswipe-Same Direction,2,Clear,Dry,Daylight
2022-09-03T16:15:00.000,I 85,I 85 and Riverdale Rd,,Rear End,2,Cloudy,Dry,Daylight
2022-05-06T00:00:00.000,I 85,I 85 and Riverdale Rd,,Rear End,2,Clear,Dry,Dark-Lighted
2023-10-08T13:51:00.000,I 85,I 85 and Riverdale Rd,,Sideswipe-Same Direction,2,Clear,Dry,Daylight
2023-04-04T07:56:00.000,I 85,I 85 and Riverdale Rd,,Sideswipe-Same Direction,2,Cloudy,Dry,Daylight
2024-06-28T07:40:00.000,I 85,I 85 and Riverdale Rd,,Rear End,2,Clear,Dry,Daylight
2021-04-03T21:34:00.000,I 85,I 85 and Riverdale 85 N Rp,,Rear End,2,Clear,Dry,Dark-Not Lighted
2021-04-03T21:34:00.000,I 85,I 85 and Riverdale 85 N Rp,,Rear End,2,Clear,Dry,Dark-Not Lighted
2023-07-20T11:08:00.000,I 85,I 85 and Ridgeway Church Road Opas,,Sideswipe-Same Direction,2,Clear,Dry,Daylight
2023-11-20T18:32:00.000,I 85,I 85 and Ridgeway Church Rd,,Sideswipe-Same Direction,2,Cloudy,Dry,Dark-Not Lighted
2023-03-09T18:08:00.000,I 85,I 85 and Ridgeway Church Rd,,Sideswipe-Same Direction,2,Cloudy,Dry,Daylight
2020-05-21T13:50:00.000,I 85,I 85 and Ridgeway Church Rd,,Sideswipe-Same Direction,2,Cloudy,Dry,Daylight
2022-07-02T14:42:00.000,I 85,I 85 and Ridgeway Church Rd,,Not a Collision with Motor Vehicle,1,Clear,Dry,Daylight