Date and Time,Roadway (From Crash Report),Intersection Name (from Crash Report),KABCO Severity,Manner of Collision (Crash Level) ,# of Vehicles per crash ,Weather Conditions (Crash Level),Surface Condition (Crash Level) ,Light Conditions (Crash Level)
2022-11-22T19:40:00.000,I 85,I 85 and Ridgeway Church Rd,,Rear End,5,Clear,Dry,Dark-Not Lighted
2023-12-11T06:22:00.000,I 85,I 85 and Ridgeway Church Rd,,Sideswipe-Same Direction,2,Clear,Dry,Dawn
2021-08-23T14:12:00.000,I 85,I 85 and Rda Underpass,,Angle Crash,2,Clear,Dry,Daylight
2020-08-10T18:10:00.000,I 85,I 85 and Rda Blvd,,Rear End,5,Cloudy,Wet,Daylight
2020-02-10T18:53:00.000,I 85,I 85 and Rda Blvd,,Rear End,2,Rain,Wet,Daylight
2023-01-17T09:20:00.000,I 85,I 85 and Raven Trce,,Rear End,2,Rain,Wet,Daylight
2020-11-19T10:40:00.000,I 85,I 85 and Ramph David Abernathy Blvd,,Rear End,2,Clear,Dry,Daylight
2020-10-06T15:17:00.000,I 85,I 85 and Ramp To Suarloaf Pkwy,,Not a Collision with Motor Vehicle,1,Clear,Dry,Daylight
2020-05-06T13:38:00.000,I 85,I 85 and Ramp To Sr14 Spur,,Not a Collision with Motor Vehicle,1,Clear,Dry,Daylight
2024-08-28T23:20:00.000,I 85,I 85 and Ramp To Pleasantdale Rd,,Sideswipe-Same Direction,2,Clear,Dry,Dark-Lighted
2021-02-10T17:42:00.000,I 85,I 85 and Ramp To Northcrest Rd  Pleasantdale Rd,,Rear End,2,Clear,Dry,Dark-Not Lighted
2023-02-11T17:15:00.000,I 85,I 85 and Ramp To Northcrest Rd  Pleasantdale Rd,,Rear End,2,Rain,Wet,Daylight
2020-11-17T16:25:00.000,I 85,I 85 and Ramp To Northcrest Rd  Pleasantdale Rd,,Rear End,2,Clear,Dry,Daylight
2020-02-18T21:45:00.000,I 85,I 85 and Ramp To Northcrest Rd  Pleasantdale Rd,,Sideswipe-Same Direction,2,Rain,Wet,Dark-Lighted
2020-01-10T15:46:00.000,I 85,I 85 and Ramp To Northcrest Rd  Pleasantdale Rd,,Rear End,2,Clear,Dry,Daylight
2021-05-24T17:32:00.000,I 85,I 85 and Ramp To Northcrest Rd  Pleasantdale Rd,,Sideswipe-Same Direction,2,Cloudy,Dry,Daylight
2022-12-16T18:25:00.000,I 85,I 85 and Ramp To Northcrest Rd  Pleasantdale Rd,,Rear End,2,Clear,Dry,Dark-Lighted
2022-08-30T14:59:00.000,I 85,I 85 and Ramp To Northcrest Rd  Pleasantdale Rd,,Rear End,4,Clear,Dry,Daylight
2024-07-12T15:20:00.000,I 85,I 85 and Ramp To Northcrest Rd  Pleasantdale Rd,,Sideswipe-Same Direction,2,Clear,Dry,Daylight
2024-08-13T15:29:00.000,I 85,I 85 and Ramp To Northcrest Rd  Pleasantdale Rd,,Rear End,2,Clear,Dry,Daylight
2024-05-21T17:48:00.000,I 85,I 85 and Ramp To Northcrest Rd  Pleasantdale Rd,,Rear End,2,Clear,Dry,Daylight
2023-05-16T11:33:00.000,I 85,I 85 and Ramp To Metropolitan Pkwy,,Not a Collision with Motor Vehicle,1,Cloudy,Dry,Daylight
2024-05-10T10:33:00.000,I 85,I 85 and Ramp To Langford Pkwy,,Sideswipe-Same Direction,2,Clear,Dry,Daylight
2024-11-14T08:29:00.000,I 85,I 85 and Ramp To Langford Pkwy,,Rear End,2,Rain,Wet,Daylight
2024-03-28T06:23:00.000,I 85,I 85 and Ramp To Langford Pkwy,,Sideswipe-Same Direction,2,Clear,Dry,Dark-Lighted
2024-11-12T08:41:00.000,I 85,I 85 and Ramp To I75 Mm 85,,Sideswipe-Same Direction,2,Clear,Dry,Daylight
2021-08-05T09:00:00.000,I 85,I 85 and Ramp To I75 85 From I20,,Sideswipe-Same Direction,2,Clear,Dry,Daylight
2020-05-28T07:23:00.000,I 85,I 85 and Ramp To I75 85,,Angle Crash,1,Rain,Wet,Daylight
2024-10-31T00:00:00.000,I 85,I 85 and Ramp To I75,,Rear End,3,Clear,Dry,Daylight
2024-11-12T12:40:00.000,I 85,I 85 and Ramp To I75,,Rear End,2,Clear,Dry,Daylight
2021-03-07T13:23:00.000,I 85,I 85 and Ramp To I285,,Sideswipe-Same Direction,3,Clear,Dry,Daylight
2021-08-25T15:00:00.000,I 85,I 85 and Ramp To I285,,Rear End,2,Clear,Dry,Daylight
2021-07-22T12:00:00.000,I 85,I 85 and Ramp To I285,,Sideswipe-Same Direction,2,Clear,Dry,Daylight
2021-06-14T19:00:00.000,I 85,I 85 and Ramp To I285,,Sideswipe-Same Direction,2,Clear,Dry,Daylight
2021-06-10T23:26:00.000,I 85,I 85 and Ramp To I285,,Sideswipe-Same Direction,2,Clear,Dry,Dark-Not Lighted
2021-03-25T15:15:00.000,I 85,I 85 and Ramp To I285,,Sideswipe-Same Direction,2,Clear,Dry,Daylight
2021-06-10T22:39:00.000,I 85,I 85 and Ramp To I285,,Sideswipe-Same Direction,2,Cloudy,Wet,Dark-Not Lighted
2021-05-11T15:16:00.000,I 85,I 85 and Ramp To I285,,Sideswipe-Same Direction,2,Clear,Dry,Daylight
2021-06-28T18:30:00.000,I 85,I 85 and Ramp To I285,,Angle Crash,2,Cloudy,Dry,Daylight
2021-12-17T03:20:00.000,I 85,I 85 and Ramp To I285,,Rear End,2,Fog,Dry,Dark-Lighted
2021-07-09T12:40:00.000,I 85,I 85 and Ramp To I285,,Sideswipe-Same Direction,2,Cloudy,Dry,Daylight
2021-11-29T15:20:00.000,I 85,I 85 and Ramp To I285,,Sideswipe-Same Direction,2,Clear,Dry,Daylight
2021-10-01T15:35:00.000,I 85,I 85 and Ramp To I285,,Sideswipe-Same Direction,2,Clear,Dry,Daylight
2021-09-04T04:00:00.000,I 85,I 85 and Ramp To I285,,Rear End,2,Clear,Dry,Dark-Lighted
2021-07-16T20:20:00.000,I 85,I 85 and Ramp To I285,,Rear End,2,Cloudy,Wet,Dark-Lighted
2021-10-12T15:50:00.000,I 85,I 85 and Ramp To I285,,Sideswipe-Same Direction,2,Clear,Dry,Daylight
2021-01-12T02:20:00.000,I 85,I 85 and Ramp To I285,,Rear End,2,Rain,Wet,Dark-Not Lighted
2021-08-01T11:30:00.000,I 85,I 85 and Ramp To I285,,Not a Collision with Motor Vehicle,2,Clear,Dry,Daylight
2021-07-07T21:20:00.000,I 85,I 85 and Ramp To I285,,Angle Crash,3,Clear,Dry,Dark-Lighted
2021-09-26T20:35:00.000,I 85,I 85 and Ramp To I285,,Angle Crash,2,Clear,Dry,Dark-Lighted
2021-07-29T14:15:00.000,I 85,I 85 and Ramp To I285,,Sideswipe-Same Direction,2,Clear,Dry,Daylight
2021-05-12T17:03:00.000,I 85,I 85 and Ramp To I285,,Not a Collision with Motor Vehicle,1,Cloudy,Dry,Daylight
2021-05-25T22:34:00.000,I 85,I 85 and Ramp To I285,,Angle Crash,2,Clear,Dry,Dark-Lighted
2023-10-27T10:45:00.000,I 85,I 85 and Ramp To I285,,Sideswipe-Same Direction,2,Clear,Dry,Daylight
2023-11-10T18:36:00.000,I 85,I 85 and Ramp To I285,,Rear End,2,Clear,Dry,Dark-Lighted
2023-01-06T15:30:00.000,I 85,I 85 and Ramp To I285,,Rear End,2,Clear,Dry,Daylight
2023-01-28T19:25:00.000,I 85,I 85 and Ramp To I285,,Sideswipe-Same Direction,2,Clear,Dry,Dark-Lighted
2023-04-15T06:29:00.000,I 85,I 85 and Ramp To I285,,Not a Collision with Motor Vehicle,1,Clear,Dry,Daylight
2023-05-01T15:00:00.000,I 85,I 85 and Ramp To I285,,Not a Collision with Motor Vehicle,1,Clear,Dry,Daylight
2023-05-01T16:00:00.000,I 85,I 85 and Ramp To I285,,Head On,2,Clear,Dry,Daylight
2023-10-28T15:38:00.000,I 85,I 85 and Ramp To I285,,Not a Collision with Motor Vehicle,1,Clear,Dry,Daylight
2023-02-17T14:30:00.000,I 85,I 85 and Ramp To I285,,Rear End,3,Clear,Dry,Daylight
2023-07-05T15:30:00.000,I 85,I 85 and Ramp To I285,,Rear End,2,Clear,Dry,Daylight
2023-01-18T01:14:00.000,I 85,I 85 and Ramp To I285,,Rear End,2,Fog,Wet,Dark-Lighted
2023-05-07T21:43:00.000,I 85,I 85 and Ramp To I285,,Sideswipe-Same Direction,2,Cloudy,Wet,Dark-Lighted
2023-08-01T11:55:00.000,I 85,I 85 and Ramp To I285,,Rear End,3,Clear,Dry,Daylight
2023-11-18T17:16:00.000,I 85,I 85 and Ramp To I285,,Rear End,2,Clear,Dry,Daylight
2023-11-21T14:50:00.000,I 85,I 85 and Ramp To I285,,Rear End,2,Rain,Wet,Daylight
2022-01-15T18:40:00.000,I 85,I 85 and Ramp To I285,,Sideswipe-Same Direction,2,Clear,Dry,Dark-Lighted
2022-01-09T02:30:00.000,I 85,I 85 and Ramp To I285,,Angle Crash,2,Clear,Dry,Dark-Not Lighted
2022-05-12T15:35:00.000,I 85,I 85 and Ramp To I285,,Rear End,2,Clear,Dry,Daylight
2022-12-12T15:25:00.000,I 85,I 85 and Ramp To I285,,Rear End,4,Clear,Dry,Daylight
2022-10-07T15:24:00.000,I 85,I 85 and Ramp To I285,,Sideswipe-Same Direction,2,Clear,Dry,Daylight
2020-11-04T15:33:00.000,I 85,I 85 and Ramp To I285,,Sideswipe-Same Direction,2,Clear,Dry,Daylight
2020-08-15T22:00:00.000,I 85,I 85 and Ramp To I285,,Not a Collision with Motor Vehicle,1,Clear,Dry,Dark-Not Lighted
2020-03-24T11:15:00.000,I 85,I 85 and Ramp To I285,,Rear End,2,Rain,Wet,Daylight
2020-01-22T08:42:00.000,I 85,I 85 and Ramp To I285,,Sideswipe-Same Direction,2,Cloudy,Dry,Daylight
2020-01-06T16:20:00.000,I 85,I 85 and Ramp To I285,,Rear End,2,Clear,Dry,Dark-Lighted
2020-01-30T08:10:00.000,I 85,I 85 and Ramp To I285,,Rear End,3,Clear,Dry,Daylight
2020-12-20T17:10:00.000,I 85,I 85 and Ramp To I285,,Rear End,3,Clear,Dry,Dark-Lighted
2020-11-05T20:00:00.000,I 85,I 85 and Ramp To I285,,Rear End,3,Clear,Dry,Dark-Lighted
2020-03-21T08:20:00.000,I 85,I 85 and Ramp To I285,,Not a Collision with Motor Vehicle,1,Cloudy,Dry,Daylight
2020-11-02T08:14:00.000,I 85,I 85 and Ramp To I285,,Rear End,3,Clear,Dry,Daylight
2020-10-19T15:35:00.000,I 85,I 85 and Ramp To I285,,Sideswipe-Same Direction,2,Clear,Dry,Daylight
2020-12-15T05:25:00.000,I 85,I 85 and Ramp To I285,,Not a Collision with Motor Vehicle,1,Clear,Dry,Dark-Lighted
2021-04-15T11:33:00.000,I 85,I 85 and Ramp To I285,,Sideswipe-Same Direction,2,Cloudy,Dry,Daylight
2021-11-29T21:40:00.000,I 85,I 85 and Ramp To I285,,Angle Crash,2,Clear,Dry,Dark-Lighted
2021-09-01T05:00:00.000,I 85,I 85 and Ramp To I285,,Not a Collision with Motor Vehicle,1,Cloudy,Wet,Dark-Not Lighted
2021-07-07T10:25:00.000,I 85,I 85 and Ramp To I285,,Rear End,2,Cloudy,Dry,Daylight
2021-11-23T15:30:00.000,I 85,I 85 and Ramp To I285,,Sideswipe-Same Direction,2,Clear,Dry,Daylight
2021-10-10T21:32:00.000,I 85,I 85 and Ramp To I285,,Not a Collision with Motor Vehicle,3,Clear,Dry,Dark-Lighted
2022-07-12T15:30:00.000,I 85,I 85 and Ramp To I285,,Rear End,3,Clear,Dry,Daylight
2021-07-30T17:00:00.000,I 85,I 85 and Ramp To I285,,Rear End,3,Clear,Dry,Daylight
2022-07-19T00:06:00.000,I 85,I 85 and Ramp To I285,,Not a Collision with Motor Vehicle,3,Clear,Dry,Dark-Lighted
2022-05-12T12:30:00.000,I 85,I 85 and Ramp To I285,,Angle Crash,2,Clear,Dry,Daylight
2022-10-14T12:38:00.000,I 85,I 85 and Ramp To I285,,Sideswipe-Same Direction,2,Clear,Dry,Daylight
2022-09-27T17:20:00.000,I 85,I 85 and Ramp To I285,,Sideswipe-Same Direction,2,Clear,Dry,Daylight
2022-12-07T03:33:00.000,I 85,I 85 and Ramp To I285,,Rear End,2,Fog,Wet,Dark-Lighted
2022-07-28T14:39:00.000,I 85,I 85 and Ramp To I285,,Angle Crash,2,Clear,Dry,Daylight
2022-04-09T17:45:00.000,I 85,I 85 and Ramp To I285,,Rear End,2,Clear,Dry,Daylight
2021-09-18T21:57:00.000,I 85,I 85 and Ramp To I285,,Sideswipe-Same Direction,2,Cloudy,Wet,Dark-Lighted
2021-11-29T18:20:00.000,I 85,I 85 and Ramp To I285,,Rear End,2,Clear,Dry,Dark-Lighted
2022-12-05T21:35:00.000,I 85,I 85 and Ramp To I285,,Angle Crash,2,Rain,Wet,Dark-Not Lighted
2022-05-24T15:20:00.000,I 85,I 85 and Ramp To I285,,Rear End,2,Clear,Dry,Daylight
2022-09-08T12:49:00.000,I 85,I 85 and Ramp To I285,,Sideswipe-Same Direction,2,Cloudy,Dry,Daylight
2022-08-04T14:06:00.000,I 85,I 85 and Ramp To I285,,Rear End,2,Clear,Dry,Daylight
2022-05-11T01:30:00.000,I 85,I 85 and Ramp To I285,,Sideswipe-Same Direction,2,Clear,Dry,Daylight
2022-12-05T10:38:00.000,I 85,I 85 and Ramp To I285,,Rear End,2,Rain,Wet,Daylight
2022-01-02T05:53:00.000,I 85,I 85 and Ramp To I285,,Angle Crash,2,Rain,Wet,Dark-Lighted
2022-05-24T18:30:00.000,I 85,I 85 and Ramp To I285,,Sideswipe-Same Direction,2,Clear,Dry,Daylight
2022-03-01T15:24:00.000,I 85,I 85 and Ramp To I285,,Angle Crash,2,Clear,Dry,Daylight
2022-03-23T15:00:00.000,I 85,I 85 and Ramp To I285,,Rear End,2,Cloudy,Dry,Daylight
2022-03-07T23:41:00.000,I 85,I 85 and Ramp To I285,,Not a Collision with Motor Vehicle,1,Other,Wet,Dark-Lighted
2022-05-27T14:50:00.000,I 85,I 85 and Ramp To I285,,Sideswipe-Same Direction,2,Clear,Dry,Daylight
2022-11-08T20:40:00.000,I 85,I 85 and Ramp To I285,,Angle Crash,2,Clear,Dry,Dark-Lighted
2022-08-23T15:04:00.000,I 85,I 85 and Ramp To I285,,Angle Crash,2,Clear,Dry,Daylight
2022-12-23T16:24:00.000,I 85,I 85 and Ramp To I285,,Rear End,3,Clear,Dry,Daylight
2022-12-11T18:25:00.000,I 85,I 85 and Ramp To I285,,Rear End,2,Rain,Wet,Dark-Lighted
2022-01-09T21:10:00.000,I 85,I 85 and Ramp To I285,,Sideswipe-Same Direction,2,Clear,Wet,Dark-Lighted
2022-01-09T22:10:00.000,I 85,I 85 and Ramp To I285,,Sideswipe-Same Direction,2,Clear,Wet,Dark-Lighted
2022-07-01T15:15:00.000,I 85,I 85 and Ramp To I285,,Not a Collision with Motor Vehicle,2,Cloudy,Dry,Daylight
2022-02-08T16:01:00.000,I 85,I 85 and Ramp To I285,,Sideswipe-Same Direction,2,Clear,Dry,Daylight
2022-03-04T15:00:00.000,I 85,I 85 and Ramp To I285,,Rear End,2,Clear,Dry,Daylight
2022-10-24T16:28:00.000,I 85,I 85 and Ramp To I285,,Rear End,3,Clear,Dry,Daylight
2022-08-23T17:04:00.000,I 85,I 85 and Ramp To I285,,Rear End,2,Clear,Dry,Daylight
2022-10-15T21:30:00.000,I 85,I 85 and Ramp To I285,,Rear End,2,Clear,Dry,Dark-Lighted
2022-07-15T15:30:00.000,I 85,I 85 and Ramp To I285,,Rear End,2,Clear,Dry,Daylight
2023-08-29T04:45:00.000,I 85,I 85 and Ramp To I285,,Not a Collision with Motor Vehicle,1,Cloudy,Wet,Dark-Not Lighted
2023-08-07T17:14:00.000,I 85,I 85 and Ramp To I285,,Angle Crash,2,Rain,Wet,Daylight
2023-07-31T16:36:00.000,I 85,I 85 and Ramp To I285,,Sideswipe-Same Direction,2,Clear,Dry,Daylight
2024-03-27T21:50:00.000,I 85,I 85 and Ramp To I285,,Sideswipe-Same Direction,2,Clear,Dry,Daylight
2024-01-17T14:45:00.000,I 85,I 85 and Ramp To I285,,Sideswipe-Same Direction,2,Clear,Dry,Daylight
2024-09-26T00:00:00.000,I 85,I 85 and Ramp To I285,,Rear End,2,Clear,Dry,Daylight
2024-05-23T00:00:00.000,I 85,I 85 and Ramp To I285,,Sideswipe-Same Direction,2,Clear,Dry,Daylight
2024-10-30T16:00:00.000,I 85,I 85 and Ramp To I285,,Rear End,2,Cloudy,Dry,Daylight
2024-05-24T23:10:00.000,I 85,I 85 and Ramp To I285,,Sideswipe-Same Direction,2,Clear,Dry,Dark-Lighted
2024-11-11T17:20:00.000,I 85,I 85 and Ramp To I285,,Rear End,2,Clear,Dry,Daylight
2023-07-09T14:38:00.000,I 85,I 85 and Ramp To I285,,Rear End,2,Cloudy,Dry,Daylight
2023-10-29T03:30:00.000,I 85,I 85 and Ramp To I285,,Angle Crash,2,Clear,Dry,Dark-Not Lighted
2023-12-15T19:10:00.000,I 85,I 85 and Ramp To I285,,Angle Crash,4,Clear,Dry,Dark-Lighted
2024-02-03T15:00:00.000,I 85,I 85 and Ramp To I285,,Sideswipe-Opposite Direction,2,Clear,Dry,Daylight
2024-12-17T18:00:00.000,I 85,I 85 and Ramp To I285,,Rear End,3,Clear,Dry,Dark-Not Lighted
2024-10-11T20:58:00.000,I 85,I 85 and Ramp To I285,,Sideswipe-Same Direction,2,Clear,Dry,Dark-Not Lighted
2024-11-20T19:06:00.000,I 85,I 85 and Ramp To I285,,Angle Crash,2,Clear,Dry,Dark-Lighted
2024-08-23T14:10:00.000,I 85,I 85 and Ramp To I285,,Rear End,3,Clear,Dry,Daylight
2024-01-11T15:05:00.000,I 85,I 85 and Ramp To I285,,Sideswipe-Same Direction,2,Clear,Dry,Daylight
2024-09-07T14:30:00.000,I 85,I 85 and Ramp To I285,,Sideswipe-Same Direction,2,Clear,Dry,Daylight
2024-04-01T20:50:00.000,I 85,I 85 and Ramp To I285,,Rear End,2,Clear,Dry,Dark-Lighted
2024-06-01T16:16:00.000,I 85,I 85 and Ramp To I285,,Rear End,3,Clear,Dry,Daylight
2024-04-20T06:37:00.000,I 85,I 85 and Ramp To I285,,Sideswipe-Same Direction,2,Clear,Dry,Daylight
2024-01-18T15:15:00.000,I 85,I 85 and Ramp To I285,,Sideswipe-Same Direction,2,Clear,Dry,Daylight
2024-12-10T16:50:00.000,I 85,I 85 and Ramp To I285,,Angle Crash,5,Rain,Wet,Daylight
2024-05-20T11:25:00.000,I 85,I 85 and Ramp To I285,,Rear End,2,Clear,Dry,Daylight
2024-11-04T16:30:00.000,I 85,I 85 and Ramp To I285,,Angle Crash,2,Cloudy,Wet,Daylight
2024-10-12T16:40:00.000,I 85,I 85 and Ramp To I285,,Rear End,4,Clear,Dry,Daylight
2024-04-01T20:50:00.000,I 85,I 85 and Ramp To I285,,Angle Crash,4,Cloudy,Dry,Dark-Lighted
2024-06-04T15:37:00.000,I 85,I 85 and Ramp To I285,,Rear End,2,Clear,Wet,Daylight
2024-11-23T23:45:00.000,I 85,I 85 and Ramp To I285,,Sideswipe-Same Direction,2,Clear,Dry,Dark-Lighted
2024-06-04T16:49:00.000,I 85,I 85 and Ramp To I285,,Rear End,2,Clear,Wet,Daylight
2024-12-05T19:55:00.000,I 85,I 85 and Ramp To I285,,Sideswipe-Same Direction,2,Clear,Dry,Daylight
2024-08-21T17:50:00.000,I 85,I 85 and Ramp To I285,,Rear End,3,Clear,Dry,Daylight
2024-04-10T21:12:00.000,I 85,I 85 and Ramp To I285,,Not a Collision with Motor Vehicle,1,Rain,Wet,Dark-Lighted
2021-08-23T18:12:00.000,I 85,I 85 and Ramp I85 To I285,,Angle Crash,2,Clear,Dry,Daylight
2023-06-08T00:06:00.000,I 85,I 85 and Ramp I85 To I285,,Sideswipe-Same Direction,2,Clear,Dry,Dark-Not Lighted
2021-08-06T22:00:00.000,I 85,I 85 and Ramp I85 To I285,,Not a Collision with Motor Vehicle,1,Clear,Dry,Dark-Lighted
2020-09-27T19:45:00.000,I 85,I 85 and Ramp I85 To I285,,Sideswipe-Same Direction,2,Rain,Dry,Dark-Lighted
2020-01-08T15:37:00.000,I 85,I 85 and Ramp I85 To I285,,Angle Crash,2,Clear,Dry,Daylight
2020-07-24T16:36:00.000,I 85,I 85 and Ramp I85 To I285,,Rear End,2,Clear,Dry,Daylight
2020-03-06T15:26:00.000,I 85,I 85 and Ramp I85 To I285,,Rear End,4,Clear,Dry,Daylight
2021-04-09T20:33:00.000,I 85,I 85 and Ramp I85 To I285,,Rear End,2,Clear,Dry,Dark-Lighted
2022-09-09T15:41:00.000,I 85,I 85 and Ramp I85 To I285,,Sideswipe-Same Direction,2,Clear,Dry,Daylight
2022-09-09T17:25:00.000,I 85,I 85 and Ramp I85 To I285,,Sideswipe-Same Direction,2,Clear,Dry,Daylight
2022-06-29T23:55:00.000,I 85,I 85 and Ramp I85 To I285,,Rear End,2,Cloudy,Wet,Dark-Lighted
2022-04-14T16:10:00.000,I 85,I 85 and Ramp I85 To I285,,Rear End,2,Clear,Dry,Daylight
2024-10-01T17:06:00.000,I 85,I 85 and Ramp I85 To I285,,Rear End,2,Cloudy,Dry,Daylight
2024-10-02T14:23:00.000,I 85,I 85 and Ramp I85 To I285,,Angle Crash,2,Cloudy,Dry,Daylight
2023-04-12T17:31:00.000,I 85,I 85 and Ramp I85 To I285,,Rear End,2,Clear,Dry,Daylight
2024-12-17T15:18:00.000,I 85,I 85 and Ramp I85 To I285,,Rear End,2,Clear,Dry,Daylight
2024-12-03T18:50:00.000,I 85,I 85 and Ramp I85 To I285,,Rear End,2,Clear,Dry,Daylight
2024-10-30T14:00:00.000,I 85,I 85 and Ramp I85 To I285,,Angle Crash,2,Cloudy,Dry,Daylight
2024-09-04T15:53:00.000,I 85,I 85 and Ramp I85 To I285,,Rear End,2,Clear,Dry,Daylight
2024-10-04T14:20:00.000,I 85,I 85 and Ramp I85 To I285,,Angle Crash,2,Clear,Dry,Daylight
2024-08-10T17:10:00.000,I 85,I 85 and Ramp I85 To I285,,Sideswipe-Same Direction,2,Clear,Dry,Daylight
2021-05-07T22:25:00.000,I 85,I 85 and Ramp From Northcrest Rd,,Rear End,2,Clear,Dry,Dark-Lighted
2021-02-12T19:45:00.000,I 85,I 85 and Ramp From Northcrest Rd,,Angle Crash,2,Clear,Dry,Dark-Lighted
2023-01-13T18:59:00.000,I 85,I 85 and Ramp From Northcrest Rd,,Rear End,2,Clear,Dry,Dark-Lighted
2023-10-22T04:00:00.000,I 85,I 85 and Ramp From Northcrest Rd,,Angle Crash,2,Clear,Dry,Dark-Lighted
2024-04-15T18:00:00.000,I 85,I 85 and Ramp From Northcrest Rd,,Rear End,2,Clear,Dry,Daylight
2022-07-19T14:02:00.000,I 85,I 85 and Ramp From I285,,Angle Crash,2,Cloudy,Wet,Daylight
2020-12-11T18:48:00.000,I 85,I 85 and Ramp From I20,,Rear End,2,Clear,Dry,Dark-Lighted
2020-10-16T12:38:00.000,I 85,I 85 and Ralph Mcgill Opas,,Rear End,4,Clear,Dry,Daylight
2021-07-30T23:19:00.000,I 85,I 85 and Ralph Mcgill Blvd Opas,,Angle Crash,2,Clear,Dry,Dark-Lighted
2021-07-23T14:32:00.000,I 85,I 85 and Ralph Mcgill Blvd Ne Opas,,Sideswipe-Same Direction,2,Clear,Dry,Daylight
2021-02-10T12:55:00.000,I 85,I 85 and Ralph Mcgill Blvd,,Rear End,4,Clear,Dry,Daylight
2021-01-19T14:55:00.000,I 85,I 85 and Ralph Mcgill Blvd,,Rear End,2,Clear,Dry,Daylight
2021-08-25T10:45:00.000,I 85,I 85 and Ralph Mcgill Blvd,,Rear End,3,Clear,Dry,Daylight
2021-02-18T11:58:00.000,I 85,I 85 and Ralph Mcgill Blvd,,Rear End,2,Clear,Wet,Daylight
2021-07-27T13:20:00.000,I 85,I 85 and Ralph Mcgill Blvd,,Rear End,2,Clear,Dry,Daylight
2020-10-28T07:59:00.000,I 85,I 85 and Ralph Mcgill Blvd,,Rear End,2,Rain,Wet,Daylight
2020-10-10T04:51:00.000,I 85,I 85 and Ralph Mcgill Blvd,,Rear End,2,Rain,Wet,Dark-Lighted
2020-10-01T15:20:00.000,I 85,I 85 and Ralph Mcgill Blvd,,Rear End,2,Clear,Dry,Daylight
2020-06-29T15:35:00.000,I 85,I 85 and Ralph Mcgill Blvd,,Rear End,5,Clear,Dry,Daylight
2021-07-06T18:07:00.000,I 85,I 85 and Ralph Mcgill Blvd,,Rear End,2,Cloudy,Dry,Daylight
2021-08-25T10:45:00.000,I 85,I 85 and Ralph Mcgill Blvd,,Rear End,2,Clear,Dry,Daylight
2020-11-25T17:30:00.000,I 85,I 85 and Ralph David Abernathy Opas,,Sideswipe-Same Direction,2,Rain,Wet,Dark-Lighted
2021-04-15T19:16:00.000,I 85,I 85 and Ralph David Abernathy On Rp,,Rear End,3,Clear,Dry,Daylight
2021-03-30T17:59:00.000,I 85,I 85 and Ralph David Abernathy On Rp,,Rear End,2,Clear,Dry,Daylight
2020-12-18T11:43:00.000,I 85,I 85 and Ralph David Abernathy Dr,,Sideswipe-Same Direction,2,Clear,Dry,Daylight
2021-07-01T16:30:00.000,I 85,I 85 and Ralph David Abernathy Boulevar,,Sideswipe-Same Direction,2,Clear,Dry,Daylight
2021-09-22T07:19:00.000,I 85,I 85 and Ralph David Abernathy Boulevar,,Rear End,2,Cloudy,Dry,Dawn
2021-06-10T08:24:00.000,I 85,I 85 and Ralph David Abernathy Boulevar,,Sideswipe-Same Direction,2,Cloudy,Wet,Daylight
2020-07-03T15:38:00.000,I 85,I 85 and Ralph David Abernathy Boulevar,,Rear End,3,Clear,Dry,Daylight
2020-02-21T07:30:00.000,I 85,I 85 and Ralph David Abernathy Boulevar,,Rear End,2,Cloudy,Dry,Daylight
2020-01-24T13:30:00.000,I 85,I 85 and Ralph David Abernathy Boulevar,,Rear End,2,Rain,Wet,Daylight
2020-01-24T13:30:00.000,I 85,I 85 and Ralph David Abernathy Boulevar,,Rear End,3,Rain,Wet,Daylight
2020-08-21T07:21:00.000,I 85,I 85 and Ralph David Abernathy Boulevar,,Rear End,2,Rain,Wet,Daylight
2021-06-03T13:11:00.000,I 85,I 85 and Ralph David Abernathy Boulevar,,Rear End,2,Cloudy,Dry,Daylight
2021-09-22T09:45:00.000,I 85,I 85 and Ralph David Abernathy Boulevar,,Rear End,3,Cloudy,Wet,Daylight
2021-09-16T13:26:00.000,I 85,I 85 and Ralph David Abernathy Boulevar,,Sideswipe-Same Direction,3,Rain,Wet,Daylight
2021-09-16T13:40:00.000,I 85,I 85 and Ralph David Abernathy Boulevar,,Sideswipe-Same Direction,2,Rain,Wet,Daylight
2021-09-20T16:21:00.000,I 85,I 85 and Ralph David Abernathy Boulevar,,Rear End,2,Rain,Wet,Daylight
2021-07-14T10:30:00.000,I 85,I 85 and Ralph David Abernathy Blvd,,Rear End,2,Clear,Dry,Daylight
2021-09-03T20:12:00.000,I 85,I 85 and Ralph David Abernathy Blvd,,Rear End,2,Clear,Dry,Dusk
2021-09-07T16:28:00.000,I 85,I 85 and Ralph David Abernathy Blvd,,Sideswipe-Same Direction,2,Clear,Dry,Daylight
2021-04-13T08:18:00.000,I 85,I 85 and Ralph David Abernathy Blvd,,Rear End,2,Clear,Dry,Daylight
2021-02-15T07:15:00.000,I 85,I 85 and Ralph David Abernathy Blvd,,Sideswipe-Same Direction,2,Cloudy,Wet,Dawn