Date and Time,Roadway (From Crash Report),Intersection Name (from Crash Report),KABCO Severity,Manner of Collision (Crash Level) ,# of Vehicles per crash ,Weather Conditions (Crash Level),Surface Condition (Crash Level) ,Light Conditions (Crash Level)
2021-01-22T12:46:00.000,I 85,I 85 and Ralph David Abernathy Blvd,,Rear End,3,Cloudy,Dry,Daylight
2021-02-18T08:14:00.000,I 85,I 85 and Ralph David Abernathy Blvd,,Rear End,2,Cloudy,Wet,Daylight
2020-12-11T12:31:00.000,I 85,I 85 and Ralph David Abernathy Blvd,,Rear End,2,Clear,Dry,Daylight
2020-12-03T17:51:00.000,I 85,I 85 and Ralph David Abernathy Blvd,,Rear End,2,Clear,Dry,Dark-Lighted
2020-10-16T13:59:00.000,I 85,I 85 and Ralph David Abernathy Blvd,,Rear End,2,Clear,Dry,Daylight
2020-11-06T15:16:00.000,I 85,I 85 and Ralph David Abernathy Blvd,,Rear End,3,Clear,Dry,Daylight
2020-01-14T18:48:00.000,I 85,I 85 and Ralph David Abernathy Blvd,,Sideswipe-Same Direction,2,Cloudy,Wet,Dark-Lighted
2020-06-12T11:43:00.000,I 85,I 85 and Ralph David Abernathy Blvd,,Sideswipe-Same Direction,2,Clear,Dry,Daylight
2020-12-14T06:44:00.000,I 85,I 85 and Ralph David Abernathy Blvd,,Rear End,4,Cloudy,Wet,Dawn
2020-10-02T14:40:00.000,I 85,I 85 and Ralph David Abernathy Blvd,,Sideswipe-Same Direction,2,Clear,Dry,Daylight
2020-02-14T18:48:00.000,I 85,I 85 and Ralph David Abernathy Blvd,,Rear End,3,Clear,Dry,Daylight
2020-01-14T11:10:00.000,I 85,I 85 and Ralph David Abernathy Blvd,,Rear End,5,Clear,Wet,Daylight
2020-09-01T12:34:00.000,I 85,I 85 and Ralph David Abernathy Blvd,,Rear End,2,Clear,Dry,Daylight
2020-02-11T18:59:00.000,I 85,I 85 and Ralph David Abernathy Blvd,,Sideswipe-Same Direction,2,Rain,Wet,Dark-Lighted
2020-12-14T06:23:00.000,I 85,I 85 and Ralph David Abernathy Blvd,,Rear End,2,Rain,Wet,Dark-Lighted
2020-12-24T13:32:00.000,I 85,I 85 and Ralph David Abernathy Blvd,,Sideswipe-Same Direction,2,Clear,Dry,Daylight
2020-01-28T17:22:00.000,I 85,I 85 and Ralph David Abernathy Blvd,,Rear End,3,Clear,Dry,Daylight
2020-03-12T15:51:00.000,I 85,I 85 and Ralph David Abernathy Blvd,,Rear End,2,Clear,Dry,Daylight
2020-12-14T06:32:00.000,I 85,I 85 and Ralph David Abernathy Blvd,,Rear End,2,Rain,Wet,Dark-Lighted
2020-05-13T13:06:00.000,I 85,I 85 and Ralph David Abernathy Blvd,,Rear End,2,Cloudy,Dry,Daylight
2020-10-16T13:15:00.000,I 85,I 85 and Ralph David Abernathy Blvd,,Sideswipe-Same Direction,2,Clear,Dry,Daylight
2020-08-12T13:16:00.000,I 85,I 85 and Ralph David Abernathy Blvd,,Sideswipe-Same Direction,2,Clear,Dry,Daylight
2020-09-11T13:24:00.000,I 85,I 85 and Ralph David Abernathy Blvd,,Rear End,3,Clear,Dry,Daylight
2020-10-28T09:30:00.000,I 85,I 85 and Ralph David Abernathy Blvd,,Sideswipe-Same Direction,2,Rain,Wet,Daylight
2020-02-06T09:25:00.000,I 85,I 85 and Ralph David Abernathy Blvd,,Rear End,2,Rain,Wet,Daylight
2021-04-27T16:45:00.000,I 85,I 85 and Ralph David Abernathy Blvd,,Rear End,3,Clear,Dry,Daylight
2021-01-22T12:46:00.000,I 85,I 85 and Ralph David Abernathy Blvd,,Rear End,2,Cloudy,Dry,Daylight
2021-04-02T12:50:00.000,I 85,I 85 and Ralph David Abernathy Blvd,,Rear End,3,Clear,Dry,Daylight
2021-06-28T17:56:00.000,I 85,I 85 and Ralph David Abernathy Blvd,,Rear End,2,Clear,Dry,Daylight
2021-09-03T14:19:00.000,I 85,I 85 and Ralph David Abernathy Blvd,,Rear End,2,Clear,Dry,Daylight
2021-09-03T18:21:00.000,I 85,I 85 and Ralph David Abernathy Blvd,,Angle Crash,2,Clear,Dry,Daylight
2021-09-20T13:33:00.000,I 85,I 85 and Ralph David Abernathy Blvd,,Rear End,2,Cloudy,Wet,Daylight
2021-02-15T15:07:00.000,I 85,I 85 and Ralph David Abernathy,,Rear End,2,Rain,Wet,Daylight
2021-04-22T16:49:00.000,I 85,I 85 and Ralph David Abernathy,,Sideswipe-Same Direction,1,Clear,Dry,Daylight
2021-02-24T18:59:00.000,I 85,I 85 and Ralph David Abernathy,,Sideswipe-Same Direction,2,Cloudy,Dry,Dark-Lighted
2021-02-08T07:47:00.000,I 85,I 85 and Ralph David Abernathy,,Rear End,2,Clear,Dry,Daylight
2020-10-16T14:49:00.000,I 85,I 85 and Ralph David Abernathy,,Rear End,2,Clear,Dry,Daylight
2020-09-11T19:50:00.000,I 85,I 85 and Ralph David Abernathy,,Sideswipe-Same Direction,3,Clear,Dry,Dark-Lighted
2020-10-16T13:59:00.000,I 85,I 85 and Ralph David Abernathy,,Rear End,2,Clear,Dry,Daylight
2020-01-10T12:33:00.000,I 85,I 85 and Ralph David Abernathy,,Rear End,2,Clear,Dry,Daylight
2021-02-09T06:15:00.000,I 85,I 85 and Ralph David Abernathy,,Not a Collision with Motor Vehicle,1,Clear,Dry,Dark-Not Lighted
2021-02-18T16:24:00.000,I 85,I 85 and Ralph David Abernathy,,Sideswipe-Same Direction,2,Clear,Dry,Daylight
2021-05-14T12:30:00.000,I 85,I 85 and Ralph David Abernathy,,Sideswipe-Same Direction,2,Cloudy,Dry,Daylight
2021-04-29T17:26:00.000,I 85,I 85 and Ralph Abernathy Blvd,,Sideswipe-Same Direction,2,Clear,Dry,Daylight
2020-11-30T14:59:00.000,I 85,I 85 and Ralph Abernathy Blvd,,Rear End,2,Cloudy,Dry,Daylight
2020-01-14T12:56:00.000,I 85,I 85 and Ralph Abernathy Blvd,,Rear End,2,Cloudy,Wet,Daylight
2020-03-09T17:51:00.000,I 85,I 85 and Ralph Abernathy Blvd,,Rear End,2,Cloudy,Dry,Daylight
2020-06-08T21:30:00.000,I 85,I 85 and Ralph Abernathy Blvd,,Not a Collision with Motor Vehicle,1,Cloudy,Dry,Daylight
2020-12-30T17:48:00.000,I 85,I 85 and Pryor Street Opas,,Sideswipe-Same Direction,2,Clear,Dry,Daylight
2020-12-07T17:00:00.000,I 85,I 85 and Pryor Street Opas,,Rear End,2,Cloudy,Dry,Daylight
2020-12-10T19:14:00.000,I 85,I 85 and Pryor Street Opas,,Angle Crash,2,Clear,Dry,Dark-Lighted
2020-05-27T15:21:00.000,I 85,I 85 and Pryor Street Opas,,Sideswipe-Same Direction,2,Cloudy,Wet,Daylight
2021-08-10T14:59:00.000,I 85,I 85 and Pryor Street Opas,,Rear End,3,Clear,Dry,Daylight
2021-08-02T06:51:00.000,I 85,I 85 and Pryor Street Opas,,Rear End,2,Clear,Dry,Daylight
2020-06-22T16:55:00.000,I 85,I 85 and Pryor Street Exit,,Rear End,2,Cloudy,Wet,Daylight
2020-02-06T17:03:00.000,I 85,I 85 and Pryor St Opas,,Rear End,2,Rain,Wet,Daylight
2021-09-20T08:54:00.000,I 85,I 85 and Pryor St,,Rear End,2,Rain,Wet,Daylight
2021-09-08T17:20:00.000,I 85,I 85 and Pryor St,,Rear End,2,Clear,Dry,Daylight
2021-08-16T15:39:00.000,I 85,I 85 and Pryor St,,Sideswipe-Same Direction,2,Rain,Wet,Daylight
2021-08-17T13:55:00.000,I 85,I 85 and Pryor St,,Rear End,2,Rain,Wet,Daylight
2021-09-22T12:41:00.000,I 85,I 85 and Pryor St,,Rear End,3,Cloudy,Wet,Daylight
2021-05-14T18:35:00.000,I 85,I 85 and Pryor St,,Rear End,2,Clear,Dry,Daylight
2020-02-06T18:20:00.000,I 85,I 85 and Pryor St,,Rear End,2,Rain,Wet,Dark-Lighted
2020-02-06T18:40:00.000,I 85,I 85 and Pryor St,,Rear End,2,Rain,Wet,Dark-Lighted
2020-03-11T18:49:00.000,I 85,I 85 and Pryor St,,Rear End,2,Cloudy,Wet,Daylight
2020-11-19T17:45:00.000,I 85,I 85 and Pryor St,,Rear End,2,Clear,Dry,Dark-Lighted
2020-01-23T17:00:00.000,I 85,I 85 and Pryor St,,Sideswipe-Same Direction,7,Cloudy,Wet,Daylight
2021-02-08T05:45:00.000,I 85,I 85 and Pryor St,,Sideswipe-Same Direction,2,Clear,Dry,Daylight
2021-08-11T17:11:00.000,I 85,I 85 and Pryor St,,Sideswipe-Same Direction,3,Cloudy,Dry,Daylight
2021-08-17T13:30:00.000,I 85,I 85 and Pryor St,,Rear End,2,Cloudy,Wet,Daylight
2021-02-12T17:32:00.000,I 85,I 85 and Pryor Road Opas,,Rear End,2,Cloudy,Wet,Daylight
2021-07-20T12:00:00.000,I 85,I 85 and Pryor Road Opas,,Rear End,2,Cloudy,Wet,Daylight
2021-01-08T17:01:00.000,I 85,I 85 and Pryor Road Opas,,Rear End,3,Cloudy,Dry,Daylight
2021-05-13T16:55:00.000,I 85,I 85 and Pryor Road Opas,,Rear End,2,Clear,Dry,Daylight
2021-08-02T15:17:00.000,I 85,I 85 and Pryor Road Opas,,Angle Crash,2,Cloudy,Dry,Daylight
2020-01-28T08:21:00.000,I 85,I 85 and Pryor Road Opas,,Rear End,2,Clear,Dry,Daylight
2020-10-27T15:33:00.000,I 85,I 85 and Pryor Road Opas,,Rear End,2,Cloudy,Dry,Daylight
2020-03-05T07:10:00.000,I 85,I 85 and Pryor Road Opas,,Angle Crash,3,Rain,Wet,Daylight
2020-06-30T18:05:00.000,I 85,I 85 and Pryor Road Opas,,Rear End,3,Clear,Wet,Daylight
2020-01-16T10:22:00.000,I 85,I 85 and Pryor Road Opas,,Rear End,2,Cloudy,Wet,Daylight
2020-03-05T16:38:00.000,I 85,I 85 and Pryor Road Opas,,Rear End,2,Cloudy,Wet,Daylight
2020-02-06T08:47:00.000,I 85,I 85 and Pryor Road Opas,,Head On,2,Rain,Wet,Daylight
2020-12-22T10:50:00.000,I 85,I 85 and Pryor Road Opas,,Rear End,2,Clear,Dry,Daylight
2020-01-09T18:18:00.000,I 85,I 85 and Pryor Road Opas,,Angle Crash,2,Cloudy,Dry,Dark-Lighted
2020-02-26T17:38:00.000,I 85,I 85 and Pryor Road Opas,,Rear End,2,Cloudy,Dry,Daylight
2020-03-06T19:47:00.000,I 85,I 85 and Pryor Road Opas,,Sideswipe-Same Direction,2,Clear,Dry,Daylight
2020-03-02T13:17:00.000,I 85,I 85 and Pryor Road Opas,,Rear End,2,Rain,Wet,Daylight
2020-02-28T07:07:00.000,I 85,I 85 and Pryor Road Opas,,Rear End,2,Clear,Dry,Daylight
2020-05-18T07:54:00.000,I 85,I 85 and Pryor Road Opas,,Rear End,2,Cloudy,Wet,Daylight
2021-04-05T09:50:00.000,I 85,I 85 and Pryor Road Opas,,Rear End,2,Clear,Dry,Daylight
2021-01-08T16:29:00.000,I 85,I 85 and Pryor Road Opas,,Rear End,2,Cloudy,Wet,Daylight
2021-07-13T07:21:00.000,I 85,I 85 and Pryor Road Opas,,Rear End,3,Rain,Wet,Daylight
2021-07-19T13:03:00.000,I 85,I 85 and Pryor Road Opas,,Rear End,2,Rain,Wet,Daylight
2021-07-19T12:38:00.000,I 85,I 85 and Pryor Road Opas,,Rear End,3,Rain,Wet,Daylight
2021-01-02T18:50:00.000,I 85,I 85 and Pryor Rd Opas,,Sideswipe-Same Direction,2,Clear,Dry,Dark-Lighted
2021-03-31T12:54:00.000,I 85,I 85 and Pryor Rd Opas,,Rear End,4,Rain,Wet,Daylight
2021-05-04T17:00:00.000,I 85,I 85 and Pryor Rd Opas,,Rear End,2,Rain,Wet,Daylight
2020-01-02T18:37:00.000,I 85,I 85 and Pryor Rd Opas,,Rear End,2,Rain,Wet,Dark-Lighted
2020-04-06T14:49:00.000,I 85,I 85 and Pryor Rd Opas,,Sideswipe-Same Direction,2,Clear,Dry,Daylight
2020-06-30T16:55:00.000,I 85,I 85 and Pryor Rd Opas,,Sideswipe-Same Direction,2,Rain,Wet,Daylight
2021-04-22T19:25:00.000,I 85,I 85 and Pryor Rd,,Rear End,3,Clear,Dry,Daylight
2021-06-18T19:22:00.000,I 85,I 85 and Pryor Rd,,Rear End,2,Cloudy,Dry,Daylight
2021-09-07T16:18:00.000,I 85,I 85 and Pryor Rd,,Rear End,2,Clear,Wet,Daylight
2021-09-21T07:07:00.000,I 85,I 85 and Pryor Rd,,Rear End,4,Cloudy,Wet,Daylight
2020-02-21T12:55:00.000,I 85,I 85 and Pryor Rd,,Rear End,5,Clear,Dry,Daylight
2020-08-21T07:49:00.000,I 85,I 85 and Pryor Rd,,Rear End,2,Rain,Wet,Daylight
2020-06-26T15:11:00.000,I 85,I 85 and Pryor Rd,,Rear End,2,Cloudy,Dry,Daylight
2020-02-10T18:31:00.000,I 85,I 85 and Pryor Rd,,Rear End,2,Rain,Wet,Dark-Lighted
2020-11-30T15:49:00.000,I 85,I 85 and Pryor Rd,,Rear End,2,Cloudy,Dry,Daylight
2020-10-19T14:15:00.000,I 85,I 85 and Pryor Rd,,Rear End,2,Clear,Dry,Daylight
2020-12-31T13:47:00.000,I 85,I 85 and Pryor Rd,,Sideswipe-Same Direction,2,Cloudy,Dry,Daylight
2020-07-06T13:06:00.000,I 85,I 85 and Pryor Rd,,Rear End,2,Clear,Dry,Daylight
2020-01-13T09:35:00.000,I 85,I 85 and Pryor Rd,,Rear End,2,Rain,Wet,Daylight
2020-01-24T13:57:00.000,I 85,I 85 and Pryor Rd,,Rear End,4,Clear,Dry,Daylight
2020-12-21T14:54:00.000,I 85,I 85 and Pryor Rd,,Rear End,2,Clear,Dry,Daylight
2020-07-27T18:33:00.000,I 85,I 85 and Pryor Rd,,Rear End,2,Clear,Dry,Daylight
2020-10-19T14:15:00.000,I 85,I 85 and Pryor Rd,,Angle Crash,2,Clear,Dry,Daylight
2020-09-03T17:39:00.000,I 85,I 85 and Pryor Rd,,Rear End,2,Clear,Dry,Daylight
2020-10-27T13:24:00.000,I 85,I 85 and Pryor Rd,,Rear End,2,Cloudy,Dry,Daylight
2020-06-24T12:24:00.000,I 85,I 85 and Pryor Rd,,Sideswipe-Same Direction,2,Cloudy,Dry,Daylight
2020-01-21T06:42:00.000,I 85,I 85 and Pryor Rd,,Sideswipe-Same Direction,2,Clear,Dry,Dark-Lighted
2020-02-07T12:33:00.000,I 85,I 85 and Pryor Rd,,Rear End,2,Cloudy,Dry,Daylight
2020-11-17T14:31:00.000,I 85,I 85 and Pryor Rd,,Sideswipe-Same Direction,2,Clear,Dry,Daylight
2020-09-07T19:32:00.000,I 85,I 85 and Pryor Rd,,Rear End,2,Clear,Dry,Dusk
2020-08-21T08:57:00.000,I 85,I 85 and Pryor Rd,,Rear End,2,Rain,Wet,Daylight
2021-04-30T13:38:00.000,I 85,I 85 and Pryor Rd,,Sideswipe-Same Direction,2,Clear,Dry,Daylight
2021-02-26T17:01:00.000,I 85,I 85 and Pryor Rd,,Angle Crash,2,Cloudy,Wet,Daylight
2021-09-06T13:41:00.000,I 85,I 85 and Pryor Rd,,Rear End,2,Cloudy,Dry,Daylight
2021-09-04T07:45:00.000,I 85,I 85 and Presidential Pkwy,,Rear End,2,Clear,Dry,Daylight
2021-12-22T20:22:00.000,I 85,I 85 and Presidential Pkwy,,Sideswipe-Same Direction,2,Clear,Dry,Dark-Not Lighted
2023-10-28T23:49:00.000,I 85,I 85 and Presidential Pkwy,,Rear End,2,Clear,Dry,Dark-Lighted
2023-06-23T07:35:00.000,I 85,I 85 and Presidential Pkwy,,Rear End,2,Cloudy,Dry,Daylight
2023-08-10T15:39:00.000,I 85,I 85 and Presidential Pkwy,,Sideswipe-Same Direction,2,Clear,Dry,Daylight
2023-06-23T07:35:00.000,I 85,I 85 and Presidential Pkwy,,Sideswipe-Same Direction,2,Cloudy,Dry,Daylight
2023-12-10T17:45:00.000,I 85,I 85 and Presidential Pkwy,,Rear End,2,Rain,Wet,Dark-Lighted
2020-09-06T18:15:00.000,I 85,I 85 and Presidential Pkwy,,Not a Collision with Motor Vehicle,1,Clear,Dry,Daylight
2022-12-09T23:48:00.000,I 85,I 85 and Presidential Pkwy,,Sideswipe-Same Direction,2,Rain,Wet,Dark-Not Lighted
2022-12-20T07:15:00.000,I 85,I 85 and Presidential Pkwy,,Rear End,2,Rain,Wet,Dark-Lighted
2022-03-01T03:00:00.000,I 85,I 85 and Presidential Pkwy,,Not a Collision with Motor Vehicle,1,Clear,Dry,Dark-Lighted
2021-12-16T17:00:00.000,I 85,I 85 and Presidential Pkwy,,Rear End,2,Clear,Dry,Daylight
2022-09-14T13:00:00.000,I 85,I 85 and Presidential Pkwy,,Rear End,2,Clear,Dry,Daylight
2022-06-03T11:05:00.000,I 85,I 85 and Presidential Pkwy,,Not a Collision with Motor Vehicle,2,Clear,Dry,Daylight
2022-02-09T13:55:00.000,I 85,I 85 and Presidential Pkwy,,Not a Collision with Motor Vehicle,1,Clear,Dry,Daylight
2022-12-07T19:58:00.000,I 85,I 85 and Presidential Pkwy,,Rear End,3,Rain,Wet,Dark-Not Lighted
2022-12-12T06:59:00.000,I 85,I 85 and Presidential Pkwy,,Rear End,2,Cloudy,Dry,Daylight
2022-02-07T19:58:00.000,I 85,I 85 and Presidential Pkwy,,Angle Crash,3,Clear,Dry,Dark-Lighted
2022-12-15T17:50:00.000,I 85,I 85 and Presidential Pkwy,,Rear End,2,Clear,Dry,Dark-Lighted
2022-12-07T20:00:00.000,I 85,I 85 and Presidential Pkwy,,Rear End,2,Clear,Wet,Dark-Not Lighted
2023-05-12T13:45:00.000,I 85,I 85 and Presidential Pkwy,,Sideswipe-Same Direction,3,Clear,Dry,Daylight
2024-03-11T07:40:00.000,I 85,I 85 and Presidential Pkwy,,Rear End,2,Cloudy,Dry,Daylight
2024-01-09T18:19:00.000,I 85,I 85 and Presidential Pkwy,,Not a Collision with Motor Vehicle,1,Clear,Wet,Dark-Not Lighted
2024-01-25T17:55:00.000,I 85,I 85 and Presidential Pkwy,,Sideswipe-Same Direction,2,Rain,Wet,Dark-Lighted
2023-09-20T08:39:00.000,I 85,I 85 and Presidential Pkwy,,Not a Collision with Motor Vehicle,1,Cloudy,Dry,Daylight
2023-06-25T20:30:00.000,I 85,I 85 and Presidential Pkwy,,Rear End,2,Other,Other,Dark-Lighted
2023-12-16T23:29:00.000,I 85,I 85 and Presidential Pkwy,,Rear End,2,Clear,Dry,Dark-Lighted
2023-12-16T03:06:00.000,I 85,I 85 and Presidential Pkwy,,Sideswipe-Same Direction,2,Clear,Dry,Dark-Lighted
2024-01-24T14:20:00.000,I 85,I 85 and Presidential Pkwy,,Not a Collision with Motor Vehicle,2,Rain,Wet,Daylight
2024-10-30T12:43:00.000,I 85,I 85 and Presidential Pkwy,,Sideswipe-Same Direction,2,Cloudy,Dry,Daylight
2024-08-05T17:00:00.000,I 85,I 85 and Presidential Pkwy,,Rear End,2,Clear,Dry,Daylight
2024-08-07T10:07:00.000,I 85,I 85 and Presidential Pkwy,,Sideswipe-Same Direction,2,Clear,Dry,Daylight
2024-10-16T19:35:00.000,I 85,I 85 and Presidential Pkwy,,Rear End,2,Clear,Dry,Dark-Lighted
2024-06-04T15:55:00.000,I 85,I 85 and Presidential Pkwy,,Rear End,2,Clear,Dry,Daylight
2024-10-10T16:30:00.000,I 85,I 85 and Presidential Pkwy,,Rear End,2,Clear,Dry,Daylight
2024-08-08T00:00:00.000,I 85,I 85 and Presidential Pkwy,,Rear End,2,Cloudy,Dry,Daylight
2024-08-20T09:16:00.000,I 85,I 85 and Presidential Pkwy,,Rear End,2,Clear,Dry,Daylight
2023-02-28T08:20:00.000,I 85,I 85 and Ppeachtree Rd,,Rear End,2,Clear,Dry,Daylight
2021-05-21T15:35:00.000,I 85,I 85 and Possum Creek Rd,,Rear End,2,Clear,Dry,Daylight
2021-06-06T07:35:00.000,I 85,I 85 and Possum Creek Rd,,Not a Collision with Motor Vehicle,1,Cloudy,Dry,Daylight
2021-10-08T14:51:00.000,I 85,I 85 and Possum Creek Rd,,Rear End,2,Clear,Dry,Daylight
2020-06-29T20:41:00.000,I 85,I 85 and Posey Rd,,Not a Collision with Motor Vehicle,1,Rain,Wet,Dark-Not Lighted
2021-04-24T21:25:00.000,I 85,I 85 and Poplar Rd,,Not a Collision with Motor Vehicle,1,Fog,Wet,Dark-Lighted
2021-02-17T06:53:00.000,I 85,I 85 and Poplar Rd,,Rear End,2,Clear,Dry,Daylight
2021-04-12T01:29:00.000,I 85,I 85 and Poplar Rd,,Rear End,2,Clear,Dry,Dark-Not Lighted
2021-07-20T13:19:00.000,I 85,I 85 and Poplar Rd,,Angle Crash,2,Rain,Wet,Daylight
2021-01-13T18:34:00.000,I 85,I 85 and Poplar Rd,,Rear End,2,Clear,Dry,Dark-Lighted
2021-04-02T17:11:00.000,I 85,I 85 and Poplar Rd,,Rear End,2,Clear,Dry,Daylight
2021-05-13T21:00:00.000,I 85,I 85 and Poplar Rd,,Rear End,2,Clear,Dry,Dark-Lighted
2021-08-29T15:04:00.000,I 85,I 85 and Poplar Rd,,Not a Collision with Motor Vehicle,1,Cloudy,Dry,Daylight
2021-11-23T16:22:00.000,I 85,I 85 and Poplar Rd,,Rear End,2,Clear,Dry,Daylight
2021-09-21T05:27:00.000,I 85,I 85 and Poplar Rd,,Rear End,2,Rain,Wet,Dark-Not Lighted
2021-02-01T11:27:00.000,I 85,I 85 and Poplar Rd,,Rear End,2,Cloudy,Dry,Daylight
2021-08-18T08:34:00.000,I 85,I 85 and Poplar Rd,,Rear End,2,Clear,Dry,Daylight
2021-08-25T17:41:00.000,I 85,I 85 and Poplar Rd,,Rear End,2,Clear,Dry,Daylight
2021-12-14T06:23:00.000,I 85,I 85 and Poplar Rd,,Rear End,2,Clear,Dry,Dark-Not Lighted
2021-06-16T07:54:00.000,I 85,I 85 and Poplar Rd,,Angle Crash,2,Clear,Dry,Daylight
2021-03-24T05:25:00.000,I 85,I 85 and Poplar Rd,,Not a Collision with Motor Vehicle,1,Cloudy,Wet,Dark-Not Lighted
2021-02-19T06:20:00.000,I 85,I 85 and Poplar Rd,,Sideswipe-Same Direction,2,Cloudy,Dry,Dark-Not Lighted
2021-05-08T04:46:00.000,I 85,I 85 and Poplar Rd,,Rear End,2,Clear,Dry,Dark-Not Lighted
2020-04-24T22:47:00.000,I 85,I 85 and Poplar Rd,,Sideswipe-Same Direction,2,Clear,Dry,Dark-Lighted
2023-04-20T19:20:00.000,I 85,I 85 and Poplar Rd,,Rear End,2,Clear,Dry,Daylight
2023-07-28T11:53:00.000,I 85,I 85 and Poplar Rd,,Not a Collision with Motor Vehicle,1,Clear,Dry,Daylight
2023-02-17T02:01:00.000,I 85,I 85 and Poplar Rd,,Sideswipe-Same Direction,2,Rain,Wet,Dark-Not Lighted
2023-10-26T06:00:00.000,I 85,I 85 and Poplar Rd,,Rear End,2,Clear,Dry,Dark-Not Lighted
2023-02-24T17:22:00.000,I 85,I 85 and Poplar Rd,,Rear End,2,Rain,Wet,Daylight
2023-06-25T17:10:00.000,I 85,I 85 and Poplar Rd,,Rear End,2,Cloudy,Dry,Daylight
2023-01-28T17:56:00.000,I 85,I 85 and Poplar Rd,,Rear End,2,Clear,Dry,Daylight
2023-12-09T02:55:00.000,I 85,I 85 and Poplar Rd,,Rear End,2,Cloudy,Dry,Dark-Not Lighted
2023-10-18T18:00:00.000,I 85,I 85 and Poplar Rd,,Rear End,2,Clear,Dry,Daylight
2023-08-15T14:50:00.000,I 85,I 85 and Poplar Rd,,Not a Collision with Motor Vehicle,1,Rain,Wet,Daylight
2023-01-28T17:28:00.000,I 85,I 85 and Poplar Rd,,Rear End,2,Clear,Dry,Daylight
2022-09-13T10:40:00.000,I 85,I 85 and Poplar Rd,,Rear End,1,Clear,Dry,Daylight
2022-09-18T22:35:00.000,I 85,I 85 and Poplar Rd,,Rear End,2,Clear,Dry,Dark-Not Lighted
2022-09-19T21:56:00.000,I 85,I 85 and Poplar Rd,,Not a Collision with Motor Vehicle,1,Clear,Dry,Dark-Not Lighted
2022-03-25T14:22:00.000,I 85,I 85 and Poplar Rd,,Rear End,1,Clear,Dry,Daylight
2020-08-06T18:28:00.000,I 85,I 85 and Poplar Rd,,Not a Collision with Motor Vehicle,2,Cloudy,Dry,Daylight
2020-11-07T03:22:00.000,I 85,I 85 and Poplar Rd,,Not a Collision with Motor Vehicle,1,Clear,Dry,Dark-Not Lighted
2020-03-19T03:35:00.000,I 85,I 85 and Poplar Rd,,Not a Collision with Motor Vehicle,1,Clear,Dry,Dark-Not Lighted
2020-11-01T13:49:00.000,I 85,I 85 and Poplar Rd,,Not a Collision with Motor Vehicle,1,Clear,Dry,Daylight
2020-07-16T05:33:00.000,I 85,I 85 and Poplar Rd,,Not a Collision with Motor Vehicle,1,Clear,Dry,Daylight
2020-05-19T11:00:00.000,I 85,I 85 and Poplar Rd,,Not a Collision with Motor Vehicle,2,Clear,Dry,Daylight
2020-05-21T17:32:00.000,I 85,I 85 and Poplar Rd,,Rear End,2,Clear,Dry,Daylight
2020-01-23T22:03:00.000,I 85,I 85 and Poplar Rd,,Not a Collision with Motor Vehicle,1,Rain,Wet,Dark-Lighted
2020-11-11T06:27:00.000,I 85,I 85 and Poplar Rd,,Rear End,2,Rain,Wet,Dark-Lighted
2020-10-25T05:43:00.000,I 85,I 85 and Poplar Rd,,Not a Collision with Motor Vehicle,1,Cloudy,Wet,Dark-Not Lighted
2020-09-24T11:08:00.000,I 85,I 85 and Poplar Rd,,Rear End,2,Rain,Wet,Daylight
2020-11-29T15:27:00.000,I 85,I 85 and Poplar Rd,,Rear End,2,Rain,Wet,Daylight
2020-04-14T00:52:00.000,I 85,I 85 and Poplar Rd,,Not a Collision with Motor Vehicle,1,Clear,Dry,Dark-Not Lighted
2020-02-29T00:54:00.000,I 85,I 85 and Poplar Rd,,Not a Collision with Motor Vehicle,1,Clear,Dry,Dark-Lighted
2020-05-25T12:54:00.000,I 85,I 85 and Poplar Rd,,Angle Crash,2,Clear,Dry,Daylight
2020-11-26T03:13:00.000,I 85,I 85 and Poplar Rd,,Not a Collision with Motor Vehicle,1,Rain,Wet,Dark-Not Lighted
2020-03-03T05:58:00.000,I 85,I 85 and Poplar Rd,,Not a Collision with Motor Vehicle,1,Cloudy,Wet,Dark-Not Lighted
2020-06-14T09:34:00.000,I 85,I 85 and Poplar Rd,,Rear End,2,Clear,Dry,Daylight
2020-06-23T16:14:00.000,I 85,I 85 and Poplar Rd,,Rear End,3,Clear,Dry,Daylight
2020-12-04T05:13:00.000,I 85,I 85 and Poplar Rd,,Not a Collision with Motor Vehicle,1,Clear,Dry,Dark-Lighted
2020-09-17T20:50:00.000,I 85,I 85 and Poplar Rd,,Head On,3,Cloudy,Dry,Dark-Lighted
2020-09-02T05:23:00.000,I 85,I 85 and Poplar Rd,,Not a Collision with Motor Vehicle,1,Clear,Dry,Dark-Lighted
2020-04-10T16:20:00.000,I 85,I 85 and Poplar Rd,,Sideswipe-Same Direction,2,Clear,Dry,Daylight
2020-08-29T16:40:00.000,I 85,I 85 and Poplar Rd,,Sideswipe-Same Direction,2,Clear,Dry,Daylight
2020-07-26T13:05:00.000,I 85,I 85 and Poplar Rd,,Rear End,2,Clear,Dry,Daylight
2020-06-07T17:52:00.000,I 85,I 85 and Poplar Rd,,Not a Collision with Motor Vehicle,1,Clear,Dry,Daylight
2021-05-03T06:17:00.000,I 85,I 85 and Poplar Rd,,Sideswipe-Same Direction,2,Clear,Dry,Dark-Not Lighted
2021-02-14T18:27:00.000,I 85,I 85 and Poplar Rd,,Sideswipe-Same Direction,2,Clear,Dry,Dusk