Date and Time,Roadway (From Crash Report),Intersection Name (from Crash Report),KABCO Severity,Manner of Collision (Crash Level) ,# of Vehicles per crash ,Weather Conditions (Crash Level),Surface Condition (Crash Level) ,Light Conditions (Crash Level)
2021-06-26T04:40:00.000,I 85,I 85 and Poplar Rd,,Rear End,2,Clear,Dry,Dark-Not Lighted
2021-10-29T15:50:00.000,I 85,I 85 and Poplar Rd,,Rear End,2,Rain,Wet,Daylight
2021-10-24T13:52:00.000,I 85,I 85 and Poplar Rd,,Not a Collision with Motor Vehicle,1,Clear,Dry,Daylight
2022-09-11T23:56:00.000,I 85,I 85 and Poplar Rd,,Not a Collision with Motor Vehicle,1,Clear,Dry,Dark-Not Lighted
2022-12-05T17:45:00.000,I 85,I 85 and Poplar Rd,,Rear End,2,Rain,Wet,Dark-Not Lighted
2022-06-05T04:17:00.000,I 85,I 85 and Poplar Rd,,Sideswipe-Same Direction,2,Clear,Dry,Dark-Not Lighted
2021-09-28T17:39:00.000,I 85,I 85 and Poplar Rd,,Rear End,2,Clear,Dry,Daylight
2021-08-07T16:24:00.000,I 85,I 85 and Poplar Rd,,Not a Collision with Motor Vehicle,1,Cloudy,Dry,Daylight
2021-10-01T02:33:00.000,I 85,I 85 and Poplar Rd,,Not a Collision with Motor Vehicle,1,Clear,Dry,Dark-Not Lighted
2022-05-09T08:32:00.000,I 85,I 85 and Poplar Rd,,Rear End,2,Clear,Dry,Daylight
2022-10-17T13:07:00.000,I 85,I 85 and Poplar Rd,,Rear End,2,Cloudy,Dry,Daylight
2022-02-22T09:40:00.000,I 85,I 85 and Poplar Rd,,Rear End,2,Cloudy,Wet,Daylight
2022-09-14T14:16:00.000,I 85,I 85 and Poplar Rd,,Sideswipe-Same Direction,2,Clear,Dry,Daylight
2022-03-15T07:55:00.000,I 85,I 85 and Poplar Rd,,Rear End,2,Cloudy,Dry,Daylight
2022-12-21T08:32:00.000,I 85,I 85 and Poplar Rd,,Rear End,2,Clear,Dry,Daylight
2022-06-07T13:42:00.000,I 85,I 85 and Poplar Rd,,Not a Collision with Motor Vehicle,1,Clear,Dry,Daylight
2022-11-18T14:33:00.000,I 85,I 85 and Poplar Rd,,Rear End,2,Clear,Dry,Daylight
2022-09-04T19:07:00.000,I 85,I 85 and Poplar Rd,,Not a Collision with Motor Vehicle,1,Rain,Wet,Daylight
2022-05-12T10:08:00.000,I 85,I 85 and Poplar Rd,,Angle Crash,2,Clear,Dry,Daylight
2022-04-12T11:45:00.000,I 85,I 85 and Poplar Rd,,Rear End,2,Clear,Dry,Daylight
2022-03-23T14:35:00.000,I 85,I 85 and Poplar Rd,,Rear End,2,Cloudy,Dry,Daylight
2022-11-29T07:30:00.000,I 85,I 85 and Poplar Rd,,Rear End,2,Clear,Dry,Daylight
2022-04-21T16:00:00.000,I 85,I 85 and Poplar Rd,,Rear End,2,Clear,Dry,Daylight
2022-03-10T02:38:00.000,I 85,I 85 and Poplar Rd,,Angle Crash,2,Clear,Dry,Dark-Lighted
2022-05-11T07:51:00.000,I 85,I 85 and Poplar Rd,,Angle Crash,2,Cloudy,Dry,Daylight
2022-05-06T04:56:00.000,I 85,I 85 and Poplar Rd,,Angle Crash,2,Clear,Dry,Dark-Not Lighted
2022-11-08T18:06:00.000,I 85,I 85 and Poplar Rd,,Not a Collision with Motor Vehicle,1,Clear,Dry,Dark-Not Lighted
2022-12-09T18:43:00.000,I 85,I 85 and Poplar Rd,,Rear End,2,Cloudy,Wet,Dark-Lighted
2022-01-18T16:00:00.000,I 85,I 85 and Poplar Rd,,Angle Crash,2,Clear,Dry,Daylight
2022-09-19T20:40:00.000,I 85,I 85 and Poplar Rd,,Not a Collision with Motor Vehicle,1,Clear,Dry,Dark-Lighted
2022-06-27T00:36:00.000,I 85,I 85 and Poplar Rd,,Rear End,2,Clear,Dry,Dark-Not Lighted
2022-04-17T14:50:00.000,I 85,I 85 and Poplar Rd,,Not a Collision with Motor Vehicle,1,Rain,Wet,Daylight
2022-10-01T16:11:00.000,I 85,I 85 and Poplar Rd,,Rear End,2,Clear,Dry,Daylight
2022-08-21T22:15:00.000,I 85,I 85 and Poplar Rd,,Not a Collision with Motor Vehicle,1,Rain,Wet,Dark-Not Lighted
2022-06-30T13:30:00.000,I 85,I 85 and Poplar Rd,,Rear End,2,Cloudy,Dry,Daylight
2022-12-22T23:29:00.000,I 85,I 85 and Poplar Rd,,Not a Collision with Motor Vehicle,1,Rain,Wet,Dark-Not Lighted
2022-03-17T17:13:00.000,I 85,I 85 and Poplar Rd,,Sideswipe-Same Direction,3,Clear,Dry,Daylight
2022-09-09T03:34:00.000,I 85,I 85 and Poplar Rd,,Not a Collision with Motor Vehicle,1,Cloudy,Dry,Dark-Lighted
2022-05-20T00:38:00.000,I 85,I 85 and Poplar Rd,,Not a Collision with Motor Vehicle,1,Clear,Dry,Dark-Lighted
2022-01-17T17:18:00.000,I 85,I 85 and Poplar Rd,,Rear End,2,Cloudy,Dry,Daylight
2022-04-13T03:54:00.000,I 85,I 85 and Poplar Rd,,Rear End,2,Clear,Dry,Dark-Not Lighted
2023-08-21T17:55:00.000,I 85,I 85 and Poplar Rd,,Not a Collision with Motor Vehicle,1,Cloudy,Dry,Daylight
2023-06-26T09:37:00.000,I 85,I 85 and Poplar Rd,,Rear End,2,Clear,Dry,Daylight
2024-09-10T01:28:00.000,I 85,I 85 and Poplar Rd,,Not a Collision with Motor Vehicle,1,Clear,Dry,Dark-Not Lighted
2024-12-03T14:00:00.000,I 85,I 85 and Poplar Rd,,Rear End,2,Clear,Dry,Daylight
2024-07-11T07:40:00.000,I 85,I 85 and Poplar Rd,,Rear End,2,Clear,Dry,Daylight
2024-06-04T13:22:00.000,I 85,I 85 and Poplar Rd,,Not a Collision with Motor Vehicle,1,Rain,Wet,Daylight
2024-02-13T16:51:00.000,I 85,I 85 and Poplar Rd,,Rear End,2,Clear,Dry,Daylight
2023-07-10T09:07:00.000,I 85,I 85 and Poplar Rd,,Rear End,2,Cloudy,Dry,Daylight
2023-11-02T16:10:00.000,I 85,I 85 and Poplar Rd,,Not a Collision with Motor Vehicle,1,Clear,Dry,Daylight
2023-07-04T04:47:00.000,I 85,I 85 and Poplar Rd,,Not a Collision with Motor Vehicle,1,Clear,Dry,Dark-Lighted
2023-04-18T18:27:00.000,I 85,I 85 and Poplar Rd,,Rear End,2,Clear,Dry,Daylight
2023-02-21T17:06:00.000,I 85,I 85 and Poplar Rd,,Rear End,2,Cloudy,Dry,Daylight
2023-09-07T06:15:00.000,I 85,I 85 and Poplar Rd,,Rear End,2,Clear,Dry,Dark-Not Lighted
2023-02-26T23:09:00.000,I 85,I 85 and Poplar Rd,,Not a Collision with Motor Vehicle,1,Clear,Dry,Dark-Not Lighted
2023-03-25T11:54:00.000,I 85,I 85 and Poplar Rd,,Rear End,2,Cloudy,Dry,Daylight
2023-11-19T03:21:00.000,I 85,I 85 and Poplar Rd,,Angle Crash,2,Clear,Dry,Dark-Lighted
2024-04-26T15:40:00.000,I 85,I 85 and Poplar Rd,,Rear End,2,Clear,Dry,Daylight
2024-07-23T14:48:00.000,I 85,I 85 and Poplar Rd,,Not a Collision with Motor Vehicle,1,Clear,Dry,Daylight
2024-03-24T21:00:00.000,I 85,I 85 and Poplar Rd,,Rear End,2,Clear,Dry,Dark-Not Lighted
2024-01-11T13:54:00.000,I 85,I 85 and Poplar Rd,,Rear End,2,Clear,Dry,Daylight
2024-01-17T13:35:00.000,I 85,I 85 and Poplar Rd,,Not a Collision with Motor Vehicle,1,Clear,Dry,Daylight
2024-02-15T17:57:00.000,I 85,I 85 and Poplar Rd,,Rear End,2,Cloudy,Dry,Daylight
2024-08-09T22:24:00.000,I 85,I 85 and Poplar Rd,,Not a Collision with Motor Vehicle,1,Clear,Dry,Dark-Lighted
2024-04-16T04:50:00.000,I 85,I 85 and Poplar Rd,,Not a Collision with Motor Vehicle,1,Clear,Dry,Dark-Lighted
2024-07-16T09:06:00.000,I 85,I 85 and Poplar Rd,,Not a Collision with Motor Vehicle,2,Clear,Dry,Daylight
2024-07-06T10:57:00.000,I 85,I 85 and Poplar Rd,,Not a Collision with Motor Vehicle,1,Clear,Dry,Daylight
2024-12-06T07:40:00.000,I 85,I 85 and Poplar Rd,,Rear End,2,Clear,Dry,Daylight
2024-07-28T14:52:00.000,I 85,I 85 and Poplar Rd,,Not a Collision with Motor Vehicle,2,Rain,Wet,Daylight
2024-09-10T18:44:00.000,I 85,I 85 and Poplar Rd,,Not a Collision with Motor Vehicle,1,Cloudy,Dry,Daylight
2024-07-30T12:27:00.000,I 85,I 85 and Poplar Rd,,Rear End,2,Clear,Dry,Daylight
2024-12-10T08:23:00.000,I 85,I 85 and Poplar Rd,,Not a Collision with Motor Vehicle,1,Rain,Wet,Daylight
2024-12-04T01:27:00.000,I 85,I 85 and Poplar Rd,,Not a Collision with Motor Vehicle,1,Clear,Dry,Dark-Lighted
2024-04-11T07:30:00.000,I 85,I 85 and Poplar Rd,,Sideswipe-Same Direction,2,Cloudy,Wet,Daylight
2024-05-03T07:52:00.000,I 85,I 85 and Poplar Rd,,Rear End,2,Clear,Dry,Daylight
2024-12-12T07:57:00.000,I 85,I 85 and Poplar Rd,,Rear End,2,Clear,Dry,Daylight
2024-07-18T10:47:00.000,I 85,I 85 and Poplar Rd,,Not a Collision with Motor Vehicle,2,Clear,Dry,Daylight
2024-07-29T02:57:00.000,I 85,I 85 and Poplar Rd,,Not a Collision with Motor Vehicle,1,Cloudy,Wet,Dark-Not Lighted
2024-10-07T16:54:00.000,I 85,I 85 and Poplar Rd,,Rear End,2,Clear,Dry,Daylight
2024-12-05T06:47:00.000,I 85,I 85 and Poplar Rd,,Sideswipe-Same Direction,2,Cloudy,Wet,Dark-Not Lighted
2024-05-02T06:14:00.000,I 85,I 85 and Poplar Rd,,Sideswipe-Same Direction,2,Clear,Dry,Dawn
2024-01-29T17:55:00.000,I 85,I 85 and Poplar Rd,,Rear End,2,Clear,Dry,Daylight
2021-09-25T04:56:00.000,I 85,I 85 and Polar Rd,,Rear End,2,Clear,Dry,Dark-Not Lighted
2023-09-11T13:30:00.000,I 85,I 85 and Plseantdale Rd,,Sideswipe-Same Direction,2,Clear,Dry,Daylight
2021-09-21T09:54:00.000,I 85,I 85 and Plleasant Hill Road Exit Rp,,Rear End,2,Cloudy,Wet,Daylight
2020-08-16T22:20:00.000,I 85,I 85 and Plesanthill Rd,,Sideswipe-Same Direction,2,Clear,Dry,Dark-Lighted
2022-09-20T10:25:00.000,I 85,I 85 and Plesanthill Rd,,Sideswipe-Same Direction,2,Clear,Dry,Daylight
2022-10-07T14:55:00.000,I 85,I 85 and Plesanthill Rd,,Rear End,2,Clear,Dry,Daylight
2024-10-25T18:30:00.000,I 85,I 85 and Plesanthill Rd,,Rear End,2,Clear,Dry,Dusk
2023-11-07T17:15:00.000,I 85,I 85 and Plesanthill Rd,,Rear End,2,Clear,Dry,Daylight
2024-10-31T07:20:00.000,I 85,I 85 and Plesanthill Rd,,Rear End,2,Clear,Dry,Dawn
2024-08-09T06:24:00.000,I 85,I 85 and Plesantedale Rd,,Not a Collision with Motor Vehicle,1,Clear,Dry,Daylight
2021-05-21T22:50:00.000,I 85,I 85 and Plesantdale Rd,,Sideswipe-Same Direction,4,Cloudy,Dry,Dark-Lighted
2023-09-19T10:00:00.000,I 85,I 85 and Plesantdale Rd,,Rear End,2,Clear,Dry,Daylight
2023-08-29T13:40:00.000,I 85,I 85 and Plesantdale Rd,,Not a Collision with Motor Vehicle,1,Clear,Dry,Daylight
2023-12-28T11:30:00.000,I 85,I 85 and Plesantdale Rd,,Sideswipe-Same Direction,2,Clear,Dry,Daylight
2021-07-16T07:45:00.000,I 85,I 85 and Plesantdale Rd,,Sideswipe-Same Direction,2,Clear,Dry,Daylight
2022-12-03T22:52:00.000,I 85,I 85 and Plesantdale Rd,,Angle Crash,2,Clear,Wet,Dark-Not Lighted
2022-04-16T12:45:00.000,I 85,I 85 and Plesantdale Rd,,Rear End,2,Cloudy,Dry,Daylight
2024-06-04T14:30:00.000,I 85,I 85 and Plesantdale Rd,,Rear End,2,Rain,Wet,Daylight
2023-09-07T06:20:00.000,I 85,I 85 and Plesantdale Rd,,Sideswipe-Same Direction,2,Clear,Dry,Dawn
2023-09-23T12:48:00.000,I 85,I 85 and Plesantdale Rd,,Rear End,2,Clear,Dry,Daylight
2024-08-26T08:50:00.000,I 85,I 85 and Plesantdale Rd,,Rear End,2,Clear,Dry,Daylight
2024-04-10T12:20:00.000,I 85,I 85 and Plesantdale Rd,,Sideswipe-Same Direction,2,Cloudy,Dry,Daylight
2024-06-10T13:50:00.000,I 85,I 85 and Plesantdale Rd,,Rear End,2,Clear,Dry,Daylight
2024-12-31T18:20:00.000,I 85,I 85 and Plesantdale Rd,,Rear End,2,Clear,Dry,Dark-Lighted
2024-03-22T13:00:00.000,I 85,I 85 and Plesantdale Rd,,Sideswipe-Same Direction,2,Cloudy,Wet,Daylight
2024-02-02T06:20:00.000,I 85,I 85 and Plesantdale Rd,,Rear End,2,Cloudy,Dry,Dark-Not Lighted
2023-05-01T13:08:00.000,I 85,I 85 and Plesantdale,,Sideswipe-Same Direction,2,Clear,Dry,Daylight
2023-12-22T16:06:00.000,I 85,I 85 and Plesant Hl,,Rear End,2,Clear,Dry,Daylight
2023-10-10T09:00:00.000,I 85,I 85 and Plesant Hill Rd,,Sideswipe-Same Direction,2,Clear,Dry,Daylight
2023-09-05T06:40:00.000,I 85,I 85 and Plesant Hill Rd,,Rear End,2,Clear,Dry,Dawn
2020-08-17T13:00:00.000,I 85,I 85 and Plesant Hill Rd,,Rear End,2,Clear,Dry,Daylight
2021-07-06T08:45:00.000,I 85,I 85 and Plesant Hill Rd,,Rear End,2,Clear,Dry,Daylight
2024-09-25T01:53:00.000,I 85,I 85 and Plesant Hill Rd,,Rear End,2,Cloudy,Dry,Daylight
2024-07-09T18:20:00.000,I 85,I 85 and Plesant Hill Rd,,Rear End,2,Cloudy,Dry,Daylight
2023-10-20T13:40:00.000,I 85,I 85 and Plesant Hill Rd,,Rear End,2,Clear,Dry,Daylight
2023-05-23T10:20:00.000,I 85,I 85 and Plesant Hill Rd,,Rear End,2,Cloudy,Wet,Daylight
2023-08-22T09:20:00.000,I 85,I 85 and Plesant Hill Rd,,Rear End,2,Clear,Dry,Daylight
2024-06-15T09:00:00.000,I 85,I 85 and Plesant Hill Rd,,Sideswipe-Same Direction,2,Cloudy,Dry,Daylight
2024-04-15T09:10:00.000,I 85,I 85 and Plesant Hill Rd,,Rear End,2,Clear,Dry,Daylight
2024-12-19T07:50:00.000,I 85,I 85 and Plesant Hill Rd,,Sideswipe-Same Direction,3,Clear,Dry,Daylight
2021-10-28T20:00:00.000,I 85,I 85 and Pleasntdale Rd,,Rear End,2,Clear,Dry,Dark-Lighted
2021-05-05T20:35:00.000,I 85,I 85 and Pleasnt Hill Rd,,Sideswipe-Same Direction,2,Clear,Dry,Dark-Not Lighted
2022-05-13T07:14:00.000,I 85,I 85 and Pleasnt Hill Rd,,Angle Crash,2,Cloudy,Dry,Daylight
2024-08-22T07:30:00.000,I 85,I 85 and Pleasnt Hill Rd,,Rear End,2,Clear,Dry,Daylight
2023-01-02T18:35:00.000,I 85,I 85 and Pleasentdale Rd,,Sideswipe-Same Direction,2,Cloudy,Wet,Dark-Lighted
2024-03-03T02:10:00.000,I 85,I 85 and Pleasentdale Rd,,Not a Collision with Motor Vehicle,1,Clear,Wet,Dark-Lighted
2020-01-13T03:20:00.000,I 85,I 85 and Pleasentdale Exit,,Not a Collision with Motor Vehicle,1,Cloudy,Wet,Dark-Lighted
2020-11-11T19:30:00.000,I 85,I 85 and Pleasent Hill Rd,,Sideswipe-Same Direction,2,Rain,Wet,Dark-Lighted
2021-01-23T10:21:00.000,I 85,I 85 and Pleasent Hill Rd,,Sideswipe-Same Direction,2,Clear,Dry,Daylight
2022-06-27T18:00:00.000,I 85,I 85 and Pleasent Hill Rd,,Sideswipe-Same Direction,2,Cloudy,Wet,Daylight
2022-06-04T14:16:00.000,I 85,I 85 and Pleasent Hill Rd,,Rear End,2,Clear,Dry,Daylight
2021-03-20T14:38:00.000,I 85,I 85 and Pleaseantdale Rd,,Sideswipe-Same Direction,2,Cloudy,Dry,Daylight
2023-01-02T16:45:00.000,I 85,I 85 and Pleaseantdale Rd,,Sideswipe-Opposite Direction,3,Cloudy,Wet,Daylight
2023-02-15T07:21:00.000,I 85,I 85 and Pleaseant Hill Rd,,Rear End,2,Cloudy,Dry,Dawn
2022-05-11T09:36:00.000,I 85,I 85 and Pleaseant Hill Rd,,(None),2,Clear,Dry,Daylight
2022-12-14T08:32:00.000,I 85,I 85 and Pleaseant Hill Rd,,Rear End,2,Cloudy,Dry,Daylight
2023-07-30T14:07:00.000,I 85,I 85 and Pleaseant Hill Rd,,Rear End,2,Clear,Dry,Daylight
2023-02-22T10:32:00.000,I 85,I 85 and Pleaseant Hill Rd,,Not a Collision with Motor Vehicle,2,Clear,Dry,Daylight
2023-08-12T17:04:00.000,I 85,I 85 and Pleaseant Hill Rd,,Rear End,2,Clear,Dry,Daylight
2023-02-01T10:05:00.000,I 85,I 85 and Pleaseant Hill Rd,,Sideswipe-Same Direction,2,Cloudy,Dry,Daylight
2024-11-17T05:45:00.000,I 85,I 85 and Pleasatdale Rd,,Rear End,2,Clear,Dry,Dark-Lighted
2020-10-25T17:00:00.000,I 85,I 85 and Pleasantle Rd,,Rear End,4,Clear,Dry,Daylight
2021-06-19T22:12:00.000,I 85,I 85 and Pleasanthill Rd,,Sideswipe-Same Direction,2,Rain,Wet,Dark-Lighted
2023-07-03T20:04:00.000,I 85,I 85 and Pleasanthill Rd,,Angle Crash,2,Rain,Wet,Daylight
2020-01-29T19:15:00.000,I 85,I 85 and Pleasanthill Rd,,Rear End,2,Clear,Dry,Dark-Lighted
2020-06-19T16:35:00.000,I 85,I 85 and Pleasanthill Rd,,Sideswipe-Same Direction,2,Clear,Dry,Daylight
2021-02-07T20:14:00.000,I 85,I 85 and Pleasanthill Rd,,Rear End,4,Clear,Dry,Dark-Lighted
2022-02-08T18:08:00.000,I 85,I 85 and Pleasanthill Rd,,Angle Crash,2,Clear,Dry,Dark-Not Lighted
2022-10-21T19:13:00.000,I 85,I 85 and Pleasanthill Rd,,Rear End,2,Clear,Dry,Dark-Lighted
2022-09-20T06:47:00.000,I 85,I 85 and Pleasanthill Rd,,Rear End,2,Cloudy,Dry,Dawn
2023-07-30T13:15:00.000,I 85,I 85 and Pleasanthill Rd,,Rear End,3,Clear,Dry,Daylight
2024-12-11T18:25:00.000,I 85,I 85 and Pleasanthill Rd,,Sideswipe-Same Direction,2,Clear,Dry,Dark-Lighted
2024-08-17T17:20:00.000,I 85,I 85 and Pleasanthill Rd,,Rear End,2,Rain,Wet,Daylight
2024-06-17T06:05:00.000,I 85,I 85 and Pleasanthill Rd,,Sideswipe-Same Direction,3,Clear,Dry,Daylight
2023-12-08T18:35:00.000,I 85,I 85 and Pleasanthill Rd,,Rear End,2,Clear,Dry,Dark-Lighted
2024-05-10T14:00:00.000,I 85,I 85 and Pleasanthill Rd,,Rear End,3,Clear,Dry,Daylight
2024-10-20T15:30:00.000,I 85,I 85 and Pleasanthill Rd,,Sideswipe-Same Direction,2,Clear,Dry,Daylight
2024-11-23T17:20:00.000,I 85,I 85 and Pleasanthill Rd,,Rear End,3,Clear,Dry,Dark-Lighted
2024-04-12T07:46:00.000,I 85,I 85 and Pleasanthill Rd,,Rear End,2,Clear,Dry,Daylight
2024-06-01T18:27:00.000,I 85,I 85 and Pleasanthill Rd,,Sideswipe-Same Direction,2,Cloudy,Dry,Daylight
2021-05-29T10:49:00.000,I 85,I 85 and Pleasantdle Rd,,Rear End,2,Cloudy,Dry,Daylight
2020-07-07T18:09:00.000,I 85,I 85 and Pleasantdle Rd,,Rear End,2,Cloudy,Wet,Daylight
2023-08-26T15:55:00.000,I 85,I 85 and Pleasantdaled Rd,,Rear End,3,Clear,Dry,Daylight
2021-09-21T08:40:00.000,I 85,I 85 and Pleasantdale Sr140,,Rear End,2,Cloudy,Wet,Daylight
2022-01-07T16:14:00.000,I 85,I 85 and Pleasantdale Road Opas,,Sideswipe-Same Direction,3,Clear,Dry,Daylight
2024-12-10T10:00:00.000,I 85,I 85 and Pleasantdale Rdrd,,Rear End,2,Rain,Wet,Daylight
2023-06-20T16:00:00.000,I 85,I 85 and Pleasantdale Rd.,,Rear End,2,Cloudy,Dry,Daylight
2023-07-14T07:48:00.000,I 85,I 85 and Pleasantdale Rd.,,Sideswipe-Same Direction,2,Cloudy,Dry,Daylight
2023-02-28T14:05:00.000,I 85,I 85 and Pleasantdale Rd.,,Sideswipe-Same Direction,2,Clear,Dry,Daylight
2024-02-23T11:55:00.000,I 85,I 85 and Pleasantdale Rd.,,Sideswipe-Same Direction,2,Clear,Dry,Daylight
2024-05-16T14:06:00.000,I 85,I 85 and Pleasantdale Rd Opas,,Sideswipe-Same Direction,2,Clear,Dry,Daylight
2024-03-05T08:45:00.000,I 85,I 85 and Pleasantdale Rd Opas,,Rear End,2,Cloudy,Dry,Daylight
2023-12-13T18:02:00.000,I 85,I 85 and Pleasantdale Rd Exit 96,,Sideswipe-Same Direction,2,Clear,Dry,Dark-Lighted
2023-02-06T21:30:00.000,I 85,I 85 and Pleasantdale Rd Exit,,Not a Collision with Motor Vehicle,2,Cloudy,Dry,Dark-Lighted
2021-05-13T05:45:00.000,I 85,I 85 and Pleasantdale Rd,,Sideswipe-Same Direction,2,Clear,Dry,Dark-Lighted
2021-02-22T21:19:00.000,I 85,I 85 and Pleasantdale Rd,,Not a Collision with Motor Vehicle,1,Cloudy,Dry,Dark-Not Lighted
2021-05-24T10:44:00.000,I 85,I 85 and Pleasantdale Rd,,Sideswipe-Same Direction,2,Clear,Dry,Daylight
2021-01-04T16:10:00.000,I 85,I 85 and Pleasantdale Rd,,Rear End,2,Clear,Dry,Daylight
2021-02-10T20:30:00.000,I 85,I 85 and Pleasantdale Rd,,Sideswipe-Same Direction,2,Clear,Dry,Dark-Lighted
2021-05-21T23:30:00.000,I 85,I 85 and Pleasantdale Rd,,Not a Collision with Motor Vehicle,1,Clear,Dry,Dark-Not Lighted
2021-06-14T19:35:00.000,I 85,I 85 and Pleasantdale Rd,,Angle Crash,2,Clear,Dry,Daylight
2021-06-10T22:45:00.000,I 85,I 85 and Pleasantdale Rd,,Sideswipe-Same Direction,2,Cloudy,Dry,Dark-Lighted
2021-06-24T08:10:00.000,I 85,I 85 and Pleasantdale Rd,,Rear End,2,Cloudy,Dry,Daylight
2021-02-11T18:00:00.000,I 85,I 85 and Pleasantdale Rd,,Rear End,2,Rain,Wet,Dark-Lighted
2021-03-08T10:45:00.000,I 85,I 85 and Pleasantdale Rd,,Sideswipe-Same Direction,2,Clear,Dry,Daylight
2021-06-22T17:06:00.000,I 85,I 85 and Pleasantdale Rd,,Rear End,2,Clear,Dry,Daylight
2021-04-08T13:07:00.000,I 85,I 85 and Pleasantdale Rd,,Rear End,2,Clear,Dry,Daylight
2021-04-20T05:02:00.000,I 85,I 85 and Pleasantdale Rd,,Sideswipe-Same Direction,2,Clear,Dry,Dark-Lighted
2021-04-04T19:50:00.000,I 85,I 85 and Pleasantdale Rd,,Rear End,3,Clear,Dry,Daylight
2021-06-15T17:25:00.000,I 85,I 85 and Pleasantdale Rd,,Sideswipe-Same Direction,2,Clear,Dry,Daylight
2021-02-24T22:30:00.000,I 85,I 85 and Pleasantdale Rd,,Angle Crash,2,Clear,Dry,Daylight
2021-06-21T18:55:00.000,I 85,I 85 and Pleasantdale Rd,,Rear End,2,Cloudy,Dry,Daylight
2021-02-23T18:51:00.000,I 85,I 85 and Pleasantdale Rd,,Angle Crash,4,Clear,Dry,Daylight
2021-06-19T13:53:00.000,I 85,I 85 and Pleasantdale Rd,,Sideswipe-Same Direction,2,Rain,Wet,Daylight
2021-02-19T02:35:00.000,I 85,I 85 and Pleasantdale Rd,,Not a Collision with Motor Vehicle,1,Clear,Wet,Dark-Lighted
2021-02-03T17:00:00.000,I 85,I 85 and Pleasantdale Rd,,Sideswipe-Same Direction,2,Clear,Dry,Daylight
2021-05-02T14:30:00.000,I 85,I 85 and Pleasantdale Rd,,Rear End,4,Clear,Dry,Daylight
2021-06-22T17:11:00.000,I 85,I 85 and Pleasantdale Rd,,Sideswipe-Same Direction,2,Cloudy,Dry,Daylight
2021-04-01T08:10:00.000,I 85,I 85 and Pleasantdale Rd,,Sideswipe-Same Direction,3,Clear,Dry,Daylight
2021-01-05T19:00:00.000,I 85,I 85 and Pleasantdale Rd,,Sideswipe-Same Direction,2,Clear,Dry,Dark-Not Lighted
2021-02-25T16:02:00.000,I 85,I 85 and Pleasantdale Rd,,Sideswipe-Same Direction,2,Clear,Dry,Daylight
2021-05-30T21:30:00.000,I 85,I 85 and Pleasantdale Rd,,Sideswipe-Same Direction,2,Clear,Dry,Daylight
2021-11-23T20:00:00.000,I 85,I 85 and Pleasantdale Rd,,Head On,2,Clear,Dry,Dark-Lighted
2021-08-09T17:00:00.000,I 85,I 85 and Pleasantdale Rd,,Rear End,2,Clear,Dry,Daylight
2021-11-25T18:59:00.000,I 85,I 85 and Pleasantdale Rd,,Rear End,2,Clear,Dry,Dark-Lighted
2021-10-26T20:35:00.000,I 85,I 85 and Pleasantdale Rd,,Rear End,2,Clear,Dry,Dark-Lighted
2021-10-06T16:48:00.000,I 85,I 85 and Pleasantdale Rd,,Rear End,3,Clear,Dry,Daylight
2021-12-22T13:30:00.000,I 85,I 85 and Pleasantdale Rd,,Rear End,2,Cloudy,Dry,Daylight
2021-11-09T22:00:00.000,I 85,I 85 and Pleasantdale Rd,,Sideswipe-Same Direction,2,Clear,Dry,Dark-Not Lighted
2021-12-03T16:12:00.000,I 85,I 85 and Pleasantdale Rd,,Rear End,2,Clear,Dry,Daylight
2021-07-29T13:30:00.000,I 85,I 85 and Pleasantdale Rd,,Sideswipe-Same Direction,2,Clear,Dry,Daylight
2021-11-02T09:47:00.000,I 85,I 85 and Pleasantdale Rd,,Angle Crash,3,Clear,Dry,Daylight
2021-11-12T16:10:00.000,I 85,I 85 and Pleasantdale Rd,,Rear End,2,Clear,Dry,Daylight
2021-10-26T20:35:00.000,I 85,I 85 and Pleasantdale Rd,,Sideswipe-Same Direction,3,Clear,Dry,Dark-Lighted
2021-10-08T08:30:00.000,I 85,I 85 and Pleasantdale Rd,,Sideswipe-Same Direction,2,Clear,Dry,Daylight
2021-11-10T17:35:00.000,I 85,I 85 and Pleasantdale Rd,,Sideswipe-Same Direction,2,Clear,Dry,Daylight
2021-09-30T16:40:00.000,I 85,I 85 and Pleasantdale Rd,,Rear End,2,Clear,Dry,Daylight
2021-12-28T23:25:00.000,I 85,I 85 and Pleasantdale Rd,,Sideswipe-Same Direction,2,Clear,Dry,Dark-Lighted
2021-08-04T06:30:00.000,I 85,I 85 and Pleasantdale Rd,,Sideswipe-Same Direction,2,Clear,Dry,Daylight
2021-08-22T16:30:00.000,I 85,I 85 and Pleasantdale Rd,,Angle Crash,2,Clear,Dry,Daylight
2021-10-25T17:00:00.000,I 85,I 85 and Pleasantdale Rd,,Rear End,2,Cloudy,Dry,Daylight
2021-08-12T11:41:00.000,I 85,I 85 and Pleasantdale Rd,,Rear End,2,Clear,Dry,Daylight
2021-12-30T15:31:00.000,I 85,I 85 and Pleasantdale Rd,,Sideswipe-Same Direction,2,Cloudy,Wet,Daylight
2021-10-02T16:04:00.000,I 85,I 85 and Pleasantdale Rd,,Rear End,2,Cloudy,Dry,Daylight
2021-08-23T21:04:00.000,I 85,I 85 and Pleasantdale Rd,,Rear End,2,Clear,Dry,Dark-Lighted
2021-09-11T12:40:00.000,I 85,I 85 and Pleasantdale Rd,,Sideswipe-Same Direction,2,Clear,Dry,Daylight
2021-10-13T19:45:00.000,I 85,I 85 and Pleasantdale Rd,,Not a Collision with Motor Vehicle,1,Clear,Dry,Daylight