Date and Time,Roadway (From Crash Report),Intersection Name (from Crash Report),KABCO Severity,Manner of Collision (Crash Level) ,# of Vehicles per crash ,Weather Conditions (Crash Level),Surface Condition (Crash Level) ,Light Conditions (Crash Level)
2021-06-26T17:18:00.000,I 85,I 85 and Pleasantdale Rd,,Rear End,2,Clear,Dry,Daylight
2021-06-12T11:40:00.000,I 85,I 85 and Pleasantdale Rd,,Rear End,2,Clear,Dry,Daylight
2021-06-03T00:30:00.000,I 85,I 85 and Pleasantdale Rd,,Rear End,2,Clear,Dry,Dark-Lighted
2021-01-05T08:43:00.000,I 85,I 85 and Pleasantdale Rd,,Rear End,4,Clear,Dry,Daylight
2021-06-21T13:15:00.000,I 85,I 85 and Pleasantdale Rd,,Sideswipe-Same Direction,2,Cloudy,Dry,Daylight
2021-01-05T08:55:00.000,I 85,I 85 and Pleasantdale Rd,,Rear End,2,Clear,Dry,Daylight
2021-04-15T06:30:00.000,I 85,I 85 and Pleasantdale Rd,,Sideswipe-Same Direction,2,Cloudy,Wet,Dark-Lighted
2021-01-27T12:00:00.000,I 85,I 85 and Pleasantdale Rd,,Rear End,2,Cloudy,Wet,Daylight
2021-01-08T18:53:00.000,I 85,I 85 and Pleasantdale Rd,,Rear End,2,Cloudy,Wet,Dark-Lighted
2021-05-08T16:44:00.000,I 85,I 85 and Pleasantdale Rd,,Rear End,3,Clear,Dry,Daylight
2021-06-20T18:29:00.000,I 85,I 85 and Pleasantdale Rd,,Sideswipe-Same Direction,2,Clear,Dry,Daylight
2021-06-19T13:56:00.000,I 85,I 85 and Pleasantdale Rd,,Rear End,2,Rain,Wet,Daylight
2021-01-10T05:15:00.000,I 85,I 85 and Pleasantdale Rd,,Rear End,2,Clear,Dry,Dark-Not Lighted
2021-03-23T10:25:00.000,I 85,I 85 and Pleasantdale Rd,,Rear End,2,Clear,Dry,Daylight
2021-03-04T19:30:00.000,I 85,I 85 and Pleasantdale Rd,,Rear End,2,Clear,Dry,Dark-Lighted
2021-05-08T20:30:00.000,I 85,I 85 and Pleasantdale Rd,,Sideswipe-Same Direction,2,Clear,Dry,Dark-Lighted
2021-04-20T09:50:00.000,I 85,I 85 and Pleasantdale Rd,,Rear End,2,Clear,Dry,Daylight
2021-05-01T21:15:00.000,I 85,I 85 and Pleasantdale Rd,,Rear End,2,Clear,Dry,Daylight
2021-03-16T14:45:00.000,I 85,I 85 and Pleasantdale Rd,,Rear End,2,Rain,Wet,Daylight
2021-06-19T00:00:00.000,I 85,I 85 and Pleasantdale Rd,,Sideswipe-Same Direction,4,Rain,Wet,Daylight
2021-03-25T11:06:00.000,I 85,I 85 and Pleasantdale Rd,,Rear End,2,Rain,Wet,Daylight
2021-02-26T06:30:00.000,I 85,I 85 and Pleasantdale Rd,,Not a Collision with Motor Vehicle,1,Rain,Wet,Dark-Lighted
2021-01-26T17:47:00.000,I 85,I 85 and Pleasantdale Rd,,Rear End,2,Clear,Dry,Dusk
2021-02-21T17:35:00.000,I 85,I 85 and Pleasantdale Rd,,Rear End,3,Clear,Dry,Daylight
2021-03-17T13:23:00.000,I 85,I 85 and Pleasantdale Rd,,Angle Crash,2,Cloudy,Dry,Daylight
2021-02-05T20:40:00.000,I 85,I 85 and Pleasantdale Rd,,Sideswipe-Same Direction,2,Clear,Dry,Dark-Lighted
2021-05-02T03:50:00.000,I 85,I 85 and Pleasantdale Rd,,Rear End,2,Clear,Dry,Dark-Not Lighted
2021-06-27T22:21:00.000,I 85,I 85 and Pleasantdale Rd,,Sideswipe-Same Direction,2,Clear,Dry,Dark-Lighted
2021-01-02T19:44:00.000,I 85,I 85 and Pleasantdale Rd,,Rear End,3,Clear,Dry,Dark-Lighted
2021-04-13T14:46:00.000,I 85,I 85 and Pleasantdale Rd,,Sideswipe-Same Direction,2,Clear,Dry,Daylight
2021-05-17T15:21:00.000,I 85,I 85 and Pleasantdale Rd,,Sideswipe-Same Direction,2,Clear,Dry,Daylight
2021-06-30T16:55:00.000,I 85,I 85 and Pleasantdale Rd,,Sideswipe-Same Direction,2,Clear,Dry,Daylight
2021-02-09T08:10:00.000,I 85,I 85 and Pleasantdale Rd,,Sideswipe-Same Direction,3,Cloudy,Dry,Daylight
2021-05-18T09:00:00.000,I 85,I 85 and Pleasantdale Rd,,Angle Crash,2,Cloudy,Dry,Daylight
2021-05-19T16:39:00.000,I 85,I 85 and Pleasantdale Rd,,Rear End,3,Clear,Dry,Daylight
2021-05-01T22:35:00.000,I 85,I 85 and Pleasantdale Rd,,Rear End,3,Clear,Dry,Dark-Lighted
2021-01-07T08:10:00.000,I 85,I 85 and Pleasantdale Rd,,Rear End,2,Cloudy,Dry,Daylight
2021-06-27T10:22:00.000,I 85,I 85 and Pleasantdale Rd,,Angle Crash,2,Cloudy,Dry,Daylight
2021-04-13T08:34:00.000,I 85,I 85 and Pleasantdale Rd,,Angle Crash,2,Clear,Dry,Daylight
2021-05-04T15:26:00.000,I 85,I 85 and Pleasantdale Rd,,Sideswipe-Same Direction,2,Rain,Wet,Daylight
2021-06-22T10:00:00.000,I 85,I 85 and Pleasantdale Rd,,Sideswipe-Same Direction,2,Cloudy,Wet,Daylight
2021-04-13T15:20:00.000,I 85,I 85 and Pleasantdale Rd,,Rear End,2,Clear,Dry,Daylight
2021-04-06T09:33:00.000,I 85,I 85 and Pleasantdale Rd,,Sideswipe-Same Direction,2,Clear,Dry,Daylight
2021-05-27T16:25:00.000,I 85,I 85 and Pleasantdale Rd,,Rear End,2,Clear,Dry,Daylight
2021-03-04T18:00:00.000,I 85,I 85 and Pleasantdale Rd,,Angle Crash,2,Clear,Dry,Daylight
2021-04-07T15:01:00.000,I 85,I 85 and Pleasantdale Rd,,Sideswipe-Same Direction,3,Clear,Dry,Daylight
2021-03-03T14:58:00.000,I 85,I 85 and Pleasantdale Rd,,Rear End,3,Clear,Dry,Daylight
2021-02-03T16:26:00.000,I 85,I 85 and Pleasantdale Rd,,Rear End,2,Clear,Dry,Daylight
2021-02-10T17:17:00.000,I 85,I 85 and Pleasantdale Rd,,Sideswipe-Opposite Direction,3,Clear,Dry,Daylight
2021-05-03T18:00:00.000,I 85,I 85 and Pleasantdale Rd,,Sideswipe-Same Direction,2,Rain,Wet,Daylight
2021-09-26T15:15:00.000,I 85,I 85 and Pleasantdale Rd,,Sideswipe-Same Direction,2,Clear,Dry,Daylight
2021-07-03T12:16:00.000,I 85,I 85 and Pleasantdale Rd,,Angle Crash,2,Clear,Dry,Daylight
2021-07-08T15:01:00.000,I 85,I 85 and Pleasantdale Rd,,Rear End,2,Clear,Dry,Daylight
2021-08-13T13:25:00.000,I 85,I 85 and Pleasantdale Rd,,Rear End,2,Clear,Dry,Daylight
2021-08-07T12:55:00.000,I 85,I 85 and Pleasantdale Rd,,Rear End,2,Clear,Dry,Daylight
2021-09-08T21:55:00.000,I 85,I 85 and Pleasantdale Rd,,Not a Collision with Motor Vehicle,1,Clear,Dry,Dark-Lighted
2021-08-29T03:40:00.000,I 85,I 85 and Pleasantdale Rd,,Rear End,2,Clear,Dry,Dark-Lighted
2021-11-29T15:35:00.000,I 85,I 85 and Pleasantdale Rd,,Rear End,2,Clear,Dry,Daylight
2021-11-19T20:09:00.000,I 85,I 85 and Pleasantdale Rd,,Angle Crash,2,Clear,Dry,Dark-Lighted
2021-10-26T16:10:00.000,I 85,I 85 and Pleasantdale Rd,,Sideswipe-Same Direction,2,Clear,Dry,Daylight
2021-07-23T17:00:00.000,I 85,I 85 and Pleasantdale Rd,,Rear End,2,Clear,Dry,Daylight
2021-11-04T18:55:00.000,I 85,I 85 and Pleasantdale Rd,,Rear End,2,Clear,Dry,Dark-Lighted
2021-07-30T16:40:00.000,I 85,I 85 and Pleasantdale Rd,,Rear End,3,Clear,Dry,Daylight
2021-09-23T18:33:00.000,I 85,I 85 and Pleasantdale Rd,,Rear End,2,Clear,Dry,Dark-Lighted
2021-07-17T16:17:00.000,I 85,I 85 and Pleasantdale Rd,,Rear End,2,Clear,Dry,Daylight
2021-09-30T18:30:00.000,I 85,I 85 and Pleasantdale Rd,,Rear End,2,Clear,Dry,Daylight
2021-10-21T14:04:00.000,I 85,I 85 and Pleasantdale Rd,,Rear End,2,Clear,Dry,Daylight
2021-11-27T12:10:00.000,I 85,I 85 and Pleasantdale Rd,,Rear End,2,Clear,Dry,Daylight
2021-09-27T12:12:00.000,I 85,I 85 and Pleasantdale Rd,,Angle Crash,2,Clear,Dry,Daylight
2021-08-22T15:05:00.000,I 85,I 85 and Pleasantdale Rd,,Angle Crash,3,Cloudy,Wet,Daylight
2021-10-10T13:15:00.000,I 85,I 85 and Pleasantdale Rd,,Rear End,3,Clear,Dry,Daylight
2021-10-04T06:10:00.000,I 85,I 85 and Pleasantdale Rd,,Rear End,3,Cloudy,Dry,Dark-Not Lighted
2021-04-29T19:00:00.000,I 85,I 85 and Pleasantdale Rd,,Rear End,2,Clear,Dry,Daylight
2021-12-03T18:53:00.000,I 85,I 85 and Pleasantdale Rd,,Angle Crash,2,Clear,Dry,Daylight
2021-07-30T18:05:00.000,I 85,I 85 and Pleasantdale Rd,,Rear End,2,Clear,Dry,Daylight
2021-10-26T09:50:00.000,I 85,I 85 and Pleasantdale Rd,,Sideswipe-Same Direction,2,Clear,Dry,Daylight
2021-10-25T14:30:00.000,I 85,I 85 and Pleasantdale Rd,,Rear End,2,Clear,Dry,Daylight
2021-07-01T19:30:00.000,I 85,I 85 and Pleasantdale Rd,,Rear End,2,Clear,Other,Daylight
2021-12-27T23:55:00.000,I 85,I 85 and Pleasantdale Rd,,Sideswipe-Same Direction,2,Clear,Dry,Dark-Lighted
2021-11-08T18:16:00.000,I 85,I 85 and Pleasantdale Rd,,Rear End,2,Clear,Dry,Dark-Lighted
2021-08-13T13:50:00.000,I 85,I 85 and Pleasantdale Rd,,Sideswipe-Same Direction,2,Clear,Dry,Daylight
2021-11-29T17:10:00.000,I 85,I 85 and Pleasantdale Rd,,Rear End,2,Clear,Dry,Dark-Lighted
2021-07-26T08:45:00.000,I 85,I 85 and Pleasantdale Rd,,Rear End,2,Clear,Dry,Daylight
2021-09-28T13:20:00.000,I 85,I 85 and Pleasantdale Rd,,Sideswipe-Same Direction,2,Clear,Dry,Daylight
2021-07-09T22:40:00.000,I 85,I 85 and Pleasantdale Rd,,Sideswipe-Same Direction,2,Clear,Dry,Dark-Lighted
2021-08-19T18:25:00.000,I 85,I 85 and Pleasantdale Rd,,Sideswipe-Same Direction,3,Clear,Dry,Daylight
2021-11-17T17:10:00.000,I 85,I 85 and Pleasantdale Rd,,Sideswipe-Same Direction,2,Clear,Dry,Daylight
2021-08-19T20:27:00.000,I 85,I 85 and Pleasantdale Rd,,Rear End,2,Clear,Dry,Dark-Lighted
2021-09-29T15:17:00.000,I 85,I 85 and Pleasantdale Rd,,Rear End,3,Clear,Dry,Daylight
2021-07-18T01:23:00.000,I 85,I 85 and Pleasantdale Rd,,Rear End,2,Clear,Dry,Dark-Lighted
2021-12-28T00:00:00.000,I 85,I 85 and Pleasantdale Rd,,Not a Collision with Motor Vehicle,1,Clear,Dry,Dark-Not Lighted
2021-11-04T19:35:00.000,I 85,I 85 and Pleasantdale Rd,,Sideswipe-Same Direction,3,Clear,Dry,Dark-Not Lighted
2021-10-12T15:04:00.000,I 85,I 85 and Pleasantdale Rd,,Rear End,2,Clear,Dry,Daylight
2021-11-03T23:57:00.000,I 85,I 85 and Pleasantdale Rd,,Angle Crash,2,Clear,Dry,Dark-Lighted
2021-09-27T10:31:00.000,I 85,I 85 and Pleasantdale Rd,,Not a Collision with Motor Vehicle,1,Clear,Dry,Daylight
2021-09-13T07:37:00.000,I 85,I 85 and Pleasantdale Rd,,Angle Crash,3,Clear,Dry,Daylight
2021-11-28T23:07:00.000,I 85,I 85 and Pleasantdale Rd,,Angle Crash,2,Clear,Dry,Dark-Lighted
2021-09-10T18:37:00.000,I 85,I 85 and Pleasantdale Rd,,Rear End,3,Cloudy,Dry,Daylight
2021-05-03T15:45:00.000,I 85,I 85 and Pleasantdale Rd,,Rear End,2,Rain,Wet,Daylight
2021-05-08T00:35:00.000,I 85,I 85 and Pleasantdale Rd,,Rear End,3,Clear,Dry,Dark-Lighted
2021-05-21T19:00:00.000,I 85,I 85 and Pleasantdale Rd,,Sideswipe-Same Direction,2,Clear,Dry,Daylight
2021-01-08T12:25:00.000,I 85,I 85 and Pleasantdale Rd,,Angle Crash,2,Rain,Wet,Daylight
2021-05-06T16:50:00.000,I 85,I 85 and Pleasantdale Rd,,Rear End,2,Clear,Dry,Daylight
2021-06-28T15:17:00.000,I 85,I 85 and Pleasantdale Rd,,Rear End,2,Clear,Dry,Daylight
2021-03-05T15:41:00.000,I 85,I 85 and Pleasantdale Rd,,Rear End,2,Clear,Dry,Daylight
2021-02-02T18:40:00.000,I 85,I 85 and Pleasantdale Rd,,Rear End,2,Clear,Dry,Dark-Lighted
2021-04-01T22:54:00.000,I 85,I 85 and Pleasantdale Rd,,Sideswipe-Same Direction,2,Clear,Dry,Dark-Lighted
2021-01-05T08:55:00.000,I 85,I 85 and Pleasantdale Rd,,Rear End,2,Clear,Dry,Daylight
2021-04-29T17:35:00.000,I 85,I 85 and Pleasantdale Rd,,Not a Collision with Motor Vehicle,1,Clear,Dry,Daylight
2021-06-15T19:01:00.000,I 85,I 85 and Pleasantdale Rd,,Rear End,2,Clear,Dry,Daylight
2021-06-11T15:29:00.000,I 85,I 85 and Pleasantdale Rd,,Not a Collision with Motor Vehicle,1,Clear,Wet,Daylight
2021-06-15T16:25:00.000,I 85,I 85 and Pleasantdale Rd,,Sideswipe-Same Direction,2,Clear,Dry,Daylight
2021-03-06T15:25:00.000,I 85,I 85 and Pleasantdale Rd,,Rear End,4,Clear,Dry,Daylight
2021-05-06T20:00:00.000,I 85,I 85 and Pleasantdale Rd,,Rear End,2,Clear,Dry,Daylight
2021-03-15T16:54:00.000,I 85,I 85 and Pleasantdale Rd,,Rear End,2,Clear,Dry,Daylight
2021-02-16T14:30:00.000,I 85,I 85 and Pleasantdale Rd,,Sideswipe-Same Direction,2,Clear,Dry,Daylight
2021-01-01T03:58:00.000,I 85,I 85 and Pleasantdale Rd,,Rear End,3,Cloudy,Wet,Dark-Lighted
2021-03-29T22:00:00.000,I 85,I 85 and Pleasantdale Rd,,Sideswipe-Same Direction,2,Clear,Dry,Dark-Lighted
2021-10-15T07:20:00.000,I 85,I 85 and Pleasantdale Rd,,Rear End,2,Clear,Dry,Daylight
2021-11-14T05:15:00.000,I 85,I 85 and Pleasantdale Rd,,Sideswipe-Same Direction,2,Clear,Dry,Dark-Lighted
2021-08-12T18:40:00.000,I 85,I 85 and Pleasantdale Rd,,Rear End,5,Clear,Dry,Daylight
2021-09-17T06:50:00.000,I 85,I 85 and Pleasantdale Rd,,Rear End,4,Clear,Wet,Dawn
2021-10-30T00:00:00.000,I 85,I 85 and Pleasantdale Rd,,Rear End,2,Rain,Wet,Daylight
2021-10-13T07:30:00.000,I 85,I 85 and Pleasantdale Rd,,Sideswipe-Same Direction,2,Cloudy,Dry,Daylight
2021-11-10T06:57:00.000,I 85,I 85 and Pleasantdale Rd,,Sideswipe-Same Direction,2,Clear,Dry,Daylight
2021-07-14T07:45:00.000,I 85,I 85 and Pleasantdale Rd,,Rear End,2,Clear,Dry,Daylight
2021-08-10T14:37:00.000,I 85,I 85 and Pleasantdale Rd,,Sideswipe-Same Direction,2,Clear,Dry,Daylight
2021-11-13T18:38:00.000,I 85,I 85 and Pleasantdale Rd,,Angle Crash,2,Clear,Dry,Dark-Lighted
2021-08-13T22:00:00.000,I 85,I 85 and Pleasantdale Rd,,Sideswipe-Same Direction,2,Clear,Dry,Daylight
2021-09-04T13:35:00.000,I 85,I 85 and Pleasantdale Rd,,Sideswipe-Same Direction,2,Clear,Dry,Daylight
2021-10-29T22:00:00.000,I 85,I 85 and Pleasantdale Rd,,Sideswipe-Same Direction,2,Rain,Wet,Dark-Lighted
2021-08-19T16:47:00.000,I 85,I 85 and Pleasantdale Rd,,Angle Crash,2,Clear,Dry,Daylight
2021-08-12T11:43:00.000,I 85,I 85 and Pleasantdale Rd,,Angle Crash,2,Clear,Dry,Daylight
2021-10-19T07:20:00.000,I 85,I 85 and Pleasantdale Rd,,Angle Crash,2,Clear,Dry,Dark-Not Lighted
2021-12-02T18:30:00.000,I 85,I 85 and Pleasantdale Rd,,Sideswipe-Same Direction,2,Clear,Dry,Dark-Lighted
2021-11-25T19:30:00.000,I 85,I 85 and Pleasantdale Rd,,Rear End,4,Clear,Dry,Dark-Lighted
2021-11-16T19:30:00.000,I 85,I 85 and Pleasantdale Rd,,Rear End,2,Clear,Dry,Dark-Lighted
2021-10-04T06:10:00.000,I 85,I 85 and Pleasantdale Rd,,Rear End,2,Cloudy,Dry,Dark-Not Lighted
2021-10-30T20:00:00.000,I 85,I 85 and Pleasantdale Rd,,Rear End,2,Rain,Wet,Daylight
2021-01-08T16:10:00.000,I 85,I 85 and Pleasantdale Rd,,Sideswipe-Same Direction,2,Cloudy,Wet,Daylight
2021-01-06T13:32:00.000,I 85,I 85 and Pleasantdale Rd,,Angle Crash,4,Clear,Dry,Daylight
2021-03-18T14:38:00.000,I 85,I 85 and Pleasantdale Rd,,Sideswipe-Same Direction,2,Clear,Dry,Daylight
2021-05-05T11:45:00.000,I 85,I 85 and Pleasantdale Rd,,Sideswipe-Same Direction,2,Cloudy,Dry,Daylight
2021-06-29T17:11:00.000,I 85,I 85 and Pleasantdale Rd,,Sideswipe-Same Direction,2,Clear,Dry,Daylight
2021-03-14T16:30:00.000,I 85,I 85 and Pleasantdale Rd,,Rear End,2,Clear,Dry,Daylight
2021-06-28T18:28:00.000,I 85,I 85 and Pleasantdale Rd,,Rear End,2,Clear,Dry,Daylight
2021-04-13T22:24:00.000,I 85,I 85 and Pleasantdale Rd,,Angle Crash,2,Clear,Dry,Dark-Lighted
2021-04-30T09:57:00.000,I 85,I 85 and Pleasantdale Rd,,Rear End,2,Clear,Dry,Daylight
2021-06-14T17:28:00.000,I 85,I 85 and Pleasantdale Rd,,Sideswipe-Same Direction,2,Cloudy,Dry,Daylight
2021-05-28T19:47:00.000,I 85,I 85 and Pleasantdale Rd,,Rear End,2,Cloudy,Dry,Daylight
2021-04-08T15:50:00.000,I 85,I 85 and Pleasantdale Rd,,Rear End,4,Clear,Dry,Daylight
2021-05-01T20:51:00.000,I 85,I 85 and Pleasantdale Rd,,Rear End,2,Clear,Dry,Dark-Lighted
2021-05-06T17:20:00.000,I 85,I 85 and Pleasantdale Rd,,Sideswipe-Same Direction,2,Clear,Dry,Daylight
2021-04-26T15:40:00.000,I 85,I 85 and Pleasantdale Rd,,Sideswipe-Same Direction,2,Clear,Dry,Daylight
2021-01-12T15:00:00.000,I 85,I 85 and Pleasantdale Rd,,Angle Crash,2,Cloudy,Dry,Daylight
2021-01-02T18:24:00.000,I 85,I 85 and Pleasantdale Rd,,Rear End,5,Clear,Dry,Dark-Lighted
2021-04-04T21:12:00.000,I 85,I 85 and Pleasantdale Rd,,Rear End,2,Clear,Dry,Daylight
2021-04-07T14:15:00.000,I 85,I 85 and Pleasantdale Rd,,Rear End,2,Clear,Dry,Daylight
2021-04-17T04:08:00.000,I 85,I 85 and Pleasantdale Rd,,Not a Collision with Motor Vehicle,1,Clear,Wet,Dark-Not Lighted
2021-03-20T13:55:00.000,I 85,I 85 and Pleasantdale Rd,,Sideswipe-Same Direction,2,Clear,Dry,Daylight
2021-06-17T17:39:00.000,I 85,I 85 and Pleasantdale Rd,,Rear End,5,Clear,Dry,Daylight
2020-03-13T16:55:00.000,I 85,I 85 and Pleasantdale Rd,,Rear End,2,Cloudy,Dry,Daylight
2020-07-14T10:45:00.000,I 85,I 85 and Pleasantdale Rd,,Rear End,2,Clear,Dry,Daylight
2020-09-22T19:48:00.000,I 85,I 85 and Pleasantdale Rd,,Rear End,4,Clear,Dry,Dark-Lighted
2020-11-14T18:05:00.000,I 85,I 85 and Pleasantdale Rd,,Rear End,4,Clear,Dry,Dark-Not Lighted
2020-12-30T15:46:00.000,I 85,I 85 and Pleasantdale Rd,,Rear End,2,Cloudy,Dry,Daylight
2020-01-23T08:20:00.000,I 85,I 85 and Pleasantdale Rd,,Rear End,2,Cloudy,Wet,Daylight
2020-09-30T16:16:00.000,I 85,I 85 and Pleasantdale Rd,,Rear End,3,Clear,Dry,Daylight
2020-01-30T17:00:00.000,I 85,I 85 and Pleasantdale Rd,,Rear End,2,Clear,Dry,Daylight
2020-05-22T23:44:00.000,I 85,I 85 and Pleasantdale Rd,,Angle Crash,3,Clear,Dry,Dark-Lighted
2020-05-29T15:20:00.000,I 85,I 85 and Pleasantdale Rd,,Angle Crash,2,Clear,Dry,Daylight
2020-03-06T13:05:00.000,I 85,I 85 and Pleasantdale Rd,,Sideswipe-Same Direction,2,Clear,Dry,Daylight
2020-11-29T16:00:00.000,I 85,I 85 and Pleasantdale Rd,,Rear End,2,Rain,Wet,Daylight
2020-12-09T16:44:00.000,I 85,I 85 and Pleasantdale Rd,,Rear End,2,Clear,Dry,Daylight
2023-04-23T16:17:00.000,I 85,I 85 and Pleasantdale Rd,,Angle Crash,2,Clear,Dry,Daylight
2023-05-15T15:37:00.000,I 85,I 85 and Pleasantdale Rd,,Rear End,2,Clear,Dry,Daylight
2023-09-20T22:18:00.000,I 85,I 85 and Pleasantdale Rd,,Rear End,2,Clear,Dry,Dark-Lighted
2023-05-09T17:40:00.000,I 85,I 85 and Pleasantdale Rd,,Rear End,2,Clear,Dry,Daylight
2023-04-27T18:00:00.000,I 85,I 85 and Pleasantdale Rd,,Not a Collision with Motor Vehicle,1,Rain,Wet,Daylight
2023-05-08T10:45:00.000,I 85,I 85 and Pleasantdale Rd,,Not a Collision with Motor Vehicle,1,Cloudy,Dry,Daylight
2023-04-20T16:25:00.000,I 85,I 85 and Pleasantdale Rd,,Rear End,2,Clear,Dry,Daylight
2023-01-26T10:34:00.000,I 85,I 85 and Pleasantdale Rd,,Angle Crash,2,Cloudy,Dry,Daylight
2023-03-04T11:30:00.000,I 85,I 85 and Pleasantdale Rd,,Rear End,3,Clear,Dry,Daylight
2023-10-09T18:05:00.000,I 85,I 85 and Pleasantdale Rd,,Rear End,2,Clear,Dry,Daylight
2023-08-31T18:46:00.000,I 85,I 85 and Pleasantdale Rd,,Rear End,2,Clear,Dry,Daylight
2023-05-14T06:00:00.000,I 85,I 85 and Pleasantdale Rd,,Rear End,2,Clear,Dry,Dark-Lighted
2023-06-17T09:50:00.000,I 85,I 85 and Pleasantdale Rd,,Sideswipe-Same Direction,2,Clear,Dry,Daylight
2023-05-11T08:21:00.000,I 85,I 85 and Pleasantdale Rd,,Sideswipe-Same Direction,2,Cloudy,Dry,Daylight
2023-05-26T02:30:00.000,I 85,I 85 and Pleasantdale Rd,,Rear End,2,Clear,Dry,Dark-Lighted
2023-12-15T16:45:00.000,I 85,I 85 and Pleasantdale Rd,,Rear End,2,Clear,Dry,Daylight
2023-02-16T11:53:00.000,I 85,I 85 and Pleasantdale Rd,,Rear End,2,Cloudy,Dry,Daylight
2023-01-22T17:00:00.000,I 85,I 85 and Pleasantdale Rd,,Not a Collision with Motor Vehicle,1,Rain,Wet,Daylight
2023-01-13T06:48:00.000,I 85,I 85 and Pleasantdale Rd,,Rear End,2,Cloudy,Dry,Dark-Not Lighted
2023-09-16T11:20:00.000,I 85,I 85 and Pleasantdale Rd,,Rear End,3,Rain,Wet,Daylight
2023-08-25T14:30:00.000,I 85,I 85 and Pleasantdale Rd,,Rear End,3,Clear,Dry,Daylight
2023-05-17T17:24:00.000,I 85,I 85 and Pleasantdale Rd,,Rear End,3,Cloudy,Dry,Daylight
2023-07-26T18:30:00.000,I 85,I 85 and Pleasantdale Rd,,Sideswipe-Same Direction,2,Clear,Dry,Daylight
2023-03-14T18:10:00.000,I 85,I 85 and Pleasantdale Rd,,Rear End,2,Clear,Dry,Daylight
2023-07-10T15:50:00.000,I 85,I 85 and Pleasantdale Rd,,Sideswipe-Same Direction,2,Clear,Dry,Daylight
2023-04-07T20:30:00.000,I 85,I 85 and Pleasantdale Rd,,Sideswipe-Same Direction,2,Clear,Dry,Dawn
2023-06-07T15:15:00.000,I 85,I 85 and Pleasantdale Rd,,Not a Collision with Motor Vehicle,2,Clear,Dry,Daylight
2023-12-18T16:44:00.000,I 85,I 85 and Pleasantdale Rd,,Sideswipe-Same Direction,2,Clear,Dry,Daylight
2023-05-16T17:07:00.000,I 85,I 85 and Pleasantdale Rd,,Sideswipe-Same Direction,2,Rain,Wet,Daylight
2023-04-13T18:20:00.000,I 85,I 85 and Pleasantdale Rd,,Angle Crash,2,Rain,Wet,Daylight
2023-03-30T19:10:00.000,I 85,I 85 and Pleasantdale Rd,,Rear End,2,Clear,Dry,Daylight
2023-08-10T19:15:00.000,I 85,I 85 and Pleasantdale Rd,,Angle Crash,2,Clear,Dry,Daylight
2023-02-08T15:00:00.000,I 85,I 85 and Pleasantdale Rd,,Rear End,2,Clear,Dry,Daylight
2023-03-29T15:15:00.000,I 85,I 85 and Pleasantdale Rd,,Rear End,2,Clear,Dry,Daylight
2023-03-12T07:06:00.000,I 85,I 85 and Pleasantdale Rd,,Not a Collision with Motor Vehicle,1,Rain,Wet,Daylight
2023-05-30T16:08:00.000,I 85,I 85 and Pleasantdale Rd,,Rear End,2,Cloudy,Dry,Daylight
2023-11-12T07:20:00.000,I 85,I 85 and Pleasantdale Rd,,Sideswipe-Same Direction,2,Cloudy,Dry,Daylight
2023-03-11T03:44:00.000,I 85,I 85 and Pleasantdale Rd,,Rear End,2,Clear,Dry,Dark-Lighted
2023-12-06T15:15:00.000,I 85,I 85 and Pleasantdale Rd,,Sideswipe-Same Direction,2,Clear,Dry,Dark-Lighted
2023-04-23T15:55:00.000,I 85,I 85 and Pleasantdale Rd,,Rear End,2,Cloudy,Dry,Daylight
2023-04-25T17:20:00.000,I 85,I 85 and Pleasantdale Rd,,Sideswipe-Same Direction,2,Cloudy,Dry,Daylight
2023-03-19T12:26:00.000,I 85,I 85 and Pleasantdale Rd,,Angle Crash,2,Clear,Dry,Daylight
2023-08-22T13:30:00.000,I 85,I 85 and Pleasantdale Rd,,Rear End,2,Clear,Dry,Daylight
2023-03-24T00:00:00.000,I 85,I 85 and Pleasantdale Rd,,Rear End,2,Clear,Dry,Dark-Lighted
2023-03-21T09:19:00.000,I 85,I 85 and Pleasantdale Rd,,Sideswipe-Same Direction,2,Clear,Dry,Daylight
2023-03-21T23:20:00.000,I 85,I 85 and Pleasantdale Rd,,Not a Collision with Motor Vehicle,1,Clear,Dry,Dark-Not Lighted
2023-02-04T18:50:00.000,I 85,I 85 and Pleasantdale Rd,,Rear End,3,Clear,Dry,Dark-Not Lighted
2023-01-22T04:22:00.000,I 85,I 85 and Pleasantdale Rd,,Not a Collision with Motor Vehicle,1,Rain,Wet,Dark-Lighted
2023-12-20T15:30:00.000,I 85,I 85 and Pleasantdale Rd,,Not a Collision with Motor Vehicle,2,Clear,Dry,Daylight
2023-03-05T13:27:00.000,I 85,I 85 and Pleasantdale Rd,,Sideswipe-Same Direction,2,Clear,Dry,Daylight
2023-04-27T17:20:00.000,I 85,I 85 and Pleasantdale Rd,,Rear End,2,Clear,Dry,Daylight
2023-03-30T15:00:00.000,I 85,I 85 and Pleasantdale Rd,,Rear End,4,Clear,Dry,Daylight
2023-12-20T14:19:00.000,I 85,I 85 and Pleasantdale Rd,,Rear End,2,Clear,Dry,Daylight
2023-08-16T18:00:00.000,I 85,I 85 and Pleasantdale Rd,,Sideswipe-Same Direction,2,Clear,Dry,Daylight
2023-02-14T21:45:00.000,I 85,I 85 and Pleasantdale Rd,,Not a Collision with Motor Vehicle,1,Clear,Dry,Dark-Lighted
2023-01-03T15:02:00.000,I 85,I 85 and Pleasantdale Rd,,Rear End,3,Rain,Wet,Daylight
2023-01-04T17:43:00.000,I 85,I 85 and Pleasantdale Rd,,Sideswipe-Same Direction,2,Clear,Dry,Daylight
2023-10-14T09:40:00.000,I 85,I 85 and Pleasantdale Rd,,Rear End,2,Cloudy,Wet,Daylight