Date and Time,Roadway (From Crash Report),Intersection Name (from Crash Report),KABCO Severity,Manner of Collision (Crash Level) ,# of Vehicles per crash ,Weather Conditions (Crash Level),Surface Condition (Crash Level) ,Light Conditions (Crash Level)
2023-10-15T15:55:00.000,I 85,I 85 and Pleasantdale Rd,,Sideswipe-Same Direction,3,Clear,Dry,Daylight
2023-03-28T17:40:00.000,I 85,I 85 and Pleasantdale Rd,,Rear End,2,Clear,Dry,Daylight
2023-08-01T17:17:00.000,I 85,I 85 and Pleasantdale Rd,,Not a Collision with Motor Vehicle,1,Clear,Dry,Daylight
2023-01-25T06:13:00.000,I 85,I 85 and Pleasantdale Rd,,Not a Collision with Motor Vehicle,1,Rain,Wet,Dark-Lighted
2023-06-28T07:06:00.000,I 85,I 85 and Pleasantdale Rd,,Rear End,2,Cloudy,Dry,Daylight
2023-10-08T14:19:00.000,I 85,I 85 and Pleasantdale Rd,,Sideswipe-Same Direction,2,Clear,Dry,Daylight
2023-07-26T15:15:00.000,I 85,I 85 and Pleasantdale Rd,,Sideswipe-Same Direction,2,Clear,Dry,Daylight
2023-07-21T17:20:00.000,I 85,I 85 and Pleasantdale Rd,,Sideswipe-Same Direction,2,Cloudy,Dry,Daylight
2023-02-20T15:34:00.000,I 85,I 85 and Pleasantdale Rd,,Rear End,2,Clear,Dry,Daylight
2023-05-19T20:45:00.000,I 85,I 85 and Pleasantdale Rd,,Sideswipe-Same Direction,2,Clear,Dry,Dark-Not Lighted
2023-08-01T16:34:00.000,I 85,I 85 and Pleasantdale Rd,,Rear End,2,Clear,Dry,Daylight
2023-08-14T15:10:00.000,I 85,I 85 and Pleasantdale Rd,,Rear End,2,Clear,Dry,Daylight
2023-01-23T09:02:00.000,I 85,I 85 and Pleasantdale Rd,,Sideswipe-Same Direction,2,Cloudy,Wet,Daylight
2023-12-12T19:30:00.000,I 85,I 85 and Pleasantdale Rd,,Rear End,2,Clear,Dry,Dark-Lighted
2023-11-01T18:50:00.000,I 85,I 85 and Pleasantdale Rd,,Sideswipe-Same Direction,2,Clear,Dry,Daylight
2023-05-01T18:13:00.000,I 85,I 85 and Pleasantdale Rd,,Sideswipe-Same Direction,2,Clear,Dry,Daylight
2023-05-19T18:40:00.000,I 85,I 85 and Pleasantdale Rd,,Rear End,2,Clear,Dry,Daylight
2023-03-13T09:10:00.000,I 85,I 85 and Pleasantdale Rd,,Rear End,3,Clear,Dry,Daylight
2023-11-09T14:03:00.000,I 85,I 85 and Pleasantdale Rd,,Sideswipe-Same Direction,2,Clear,Dry,Daylight
2023-02-21T14:16:00.000,I 85,I 85 and Pleasantdale Rd,,Not a Collision with Motor Vehicle,1,Cloudy,Dry,Daylight
2023-02-05T16:30:00.000,I 85,I 85 and Pleasantdale Rd,,Rear End,3,Clear,Dry,Daylight
2023-07-28T18:20:00.000,I 85,I 85 and Pleasantdale Rd,,Sideswipe-Same Direction,2,Rain,Wet,Daylight
2023-02-15T15:32:00.000,I 85,I 85 and Pleasantdale Rd,,Rear End,2,Clear,Dry,Daylight
2023-11-30T11:00:00.000,I 85,I 85 and Pleasantdale Rd,,Sideswipe-Same Direction,2,Clear,Dry,Daylight
2023-02-22T16:00:00.000,I 85,I 85 and Pleasantdale Rd,,Rear End,2,Clear,Dry,Daylight
2023-11-28T15:00:00.000,I 85,I 85 and Pleasantdale Rd,,Angle Crash,2,Clear,Dry,Daylight
2023-08-24T14:30:00.000,I 85,I 85 and Pleasantdale Rd,,Rear End,2,Clear,Dry,Daylight
2023-05-08T12:35:00.000,I 85,I 85 and Pleasantdale Rd,,Angle Crash,2,Cloudy,Dry,Daylight
2023-08-20T12:47:00.000,I 85,I 85 and Pleasantdale Rd,,Angle Crash,2,Clear,Dry,Daylight
2023-09-07T14:25:00.000,I 85,I 85 and Pleasantdale Rd,,Sideswipe-Same Direction,2,Clear,Dry,Daylight
2023-07-08T14:24:00.000,I 85,I 85 and Pleasantdale Rd,,Rear End,4,Clear,Dry,Daylight
2023-08-29T20:30:00.000,I 85,I 85 and Pleasantdale Rd,,Rear End,2,Rain,Wet,Dark-Lighted
2023-06-05T07:10:00.000,I 85,I 85 and Pleasantdale Rd,,Rear End,2,Cloudy,Wet,Daylight
2023-05-19T21:59:00.000,I 85,I 85 and Pleasantdale Rd,,Rear End,2,Clear,Dry,Dark-Lighted
2023-12-10T16:00:00.000,I 85,I 85 and Pleasantdale Rd,,Sideswipe-Same Direction,2,Rain,Wet,Daylight
2023-09-28T19:50:00.000,I 85,I 85 and Pleasantdale Rd,,Rear End,2,Clear,Dry,Daylight
2023-03-31T18:00:00.000,I 85,I 85 and Pleasantdale Rd,,Sideswipe-Same Direction,2,Clear,Dry,Daylight
2023-01-10T07:13:00.000,I 85,I 85 and Pleasantdale Rd,,Sideswipe-Same Direction,2,Clear,Dry,Dark-Lighted
2023-05-19T12:23:00.000,I 85,I 85 and Pleasantdale Rd,,Sideswipe-Same Direction,2,Clear,Dry,Daylight
2023-01-13T11:00:00.000,I 85,I 85 and Pleasantdale Rd,,Sideswipe-Same Direction,2,Cloudy,Dry,Daylight
2023-09-01T16:00:00.000,I 85,I 85 and Pleasantdale Rd,,Angle Crash,4,Clear,Dry,Daylight
2023-06-29T18:00:00.000,I 85,I 85 and Pleasantdale Rd,,Angle Crash,2,Clear,Dry,Daylight
2023-09-01T19:30:00.000,I 85,I 85 and Pleasantdale Rd,,Sideswipe-Same Direction,2,Clear,Dry,Daylight
2023-09-13T12:20:00.000,I 85,I 85 and Pleasantdale Rd,,Sideswipe-Same Direction,2,Cloudy,Dry,Daylight
2023-02-17T17:30:00.000,I 85,I 85 and Pleasantdale Rd,,Rear End,2,Cloudy,Dry,Daylight
2023-02-27T17:35:00.000,I 85,I 85 and Pleasantdale Rd,,Rear End,2,Cloudy,Dry,Daylight
2023-01-22T17:00:00.000,I 85,I 85 and Pleasantdale Rd,,Rear End,2,Rain,Wet,Daylight
2023-12-05T18:49:00.000,I 85,I 85 and Pleasantdale Rd,,Rear End,2,Clear,Dry,Dark-Lighted
2023-03-17T17:00:00.000,I 85,I 85 and Pleasantdale Rd,,Rear End,2,Rain,Wet,Daylight
2023-08-14T17:00:00.000,I 85,I 85 and Pleasantdale Rd,,Rear End,2,Clear,Dry,Daylight
2023-05-30T11:50:00.000,I 85,I 85 and Pleasantdale Rd,,Rear End,2,Clear,Dry,Daylight
2023-08-23T16:15:00.000,I 85,I 85 and Pleasantdale Rd,,Rear End,2,Clear,Dry,Daylight
2023-06-04T10:18:00.000,I 85,I 85 and Pleasantdale Rd,,Angle Crash,2,Clear,Dry,Daylight
2023-03-03T20:30:00.000,I 85,I 85 and Pleasantdale Rd,,Angle Crash,2,Cloudy,Wet,Dark-Lighted
2023-08-28T17:45:00.000,I 85,I 85 and Pleasantdale Rd,,Sideswipe-Same Direction,2,Cloudy,Dry,Daylight
2023-10-11T16:20:00.000,I 85,I 85 and Pleasantdale Rd,,Sideswipe-Same Direction,2,Rain,Wet,Daylight
2023-07-21T14:30:00.000,I 85,I 85 and Pleasantdale Rd,,Rear End,2,Clear,Dry,Daylight
2023-06-21T10:26:00.000,I 85,I 85 and Pleasantdale Rd,,Sideswipe-Same Direction,2,Cloudy,Dry,Daylight
2023-01-31T15:35:00.000,I 85,I 85 and Pleasantdale Rd,,Rear End,2,Clear,Dry,Daylight
2023-10-30T12:58:00.000,I 85,I 85 and Pleasantdale Rd,,Rear End,2,Cloudy,Dry,Daylight
2023-02-27T15:08:00.000,I 85,I 85 and Pleasantdale Rd,,Rear End,2,Cloudy,Dry,Daylight
2023-05-19T02:32:00.000,I 85,I 85 and Pleasantdale Rd,,Angle Crash,3,Cloudy,Dry,Dark-Lighted
2023-10-23T18:29:00.000,I 85,I 85 and Pleasantdale Rd,,Sideswipe-Same Direction,2,Clear,Dry,Dusk
2023-07-05T01:50:00.000,I 85,I 85 and Pleasantdale Rd,,Sideswipe-Same Direction,2,Clear,Dry,Dark-Not Lighted
2023-09-01T09:23:00.000,I 85,I 85 and Pleasantdale Rd,,Sideswipe-Same Direction,2,Cloudy,Dry,Daylight
2023-02-06T02:50:00.000,I 85,I 85 and Pleasantdale Rd,,Sideswipe-Same Direction,2,Clear,Dry,Dark-Lighted
2023-08-21T18:45:00.000,I 85,I 85 and Pleasantdale Rd,,Sideswipe-Same Direction,2,Clear,Dry,Daylight
2023-03-12T13:50:00.000,I 85,I 85 and Pleasantdale Rd,,Rear End,2,Clear,Dry,Daylight
2023-05-12T16:30:00.000,I 85,I 85 and Pleasantdale Rd,,Rear End,3,Cloudy,Dry,Daylight
2023-07-30T13:33:00.000,I 85,I 85 and Pleasantdale Rd,,Rear End,2,Clear,Dry,Daylight
2023-10-26T18:01:00.000,I 85,I 85 and Pleasantdale Rd,,Rear End,2,Clear,Dry,Daylight
2023-08-09T15:07:00.000,I 85,I 85 and Pleasantdale Rd,,Rear End,2,Clear,Dry,Daylight
2023-12-05T18:00:00.000,I 85,I 85 and Pleasantdale Rd,,Angle Crash,2,Clear,Dry,Dark-Lighted
2023-02-21T14:40:00.000,I 85,I 85 and Pleasantdale Rd,,Sideswipe-Same Direction,2,Cloudy,Wet,Daylight
2023-05-22T11:00:00.000,I 85,I 85 and Pleasantdale Rd,,Angle Crash,2,Cloudy,Dry,Daylight
2023-04-17T12:01:00.000,I 85,I 85 and Pleasantdale Rd,,Sideswipe-Same Direction,2,Clear,Dry,Daylight
2023-01-20T19:24:00.000,I 85,I 85 and Pleasantdale Rd,,Rear End,2,Clear,Dry,Dark-Lighted
2023-12-17T02:33:00.000,I 85,I 85 and Pleasantdale Rd,,Angle Crash,2,Clear,Dry,Dark-Lighted
2023-11-14T15:37:00.000,I 85,I 85 and Pleasantdale Rd,,Not a Collision with Motor Vehicle,2,Clear,Dry,Daylight
2023-08-28T08:34:00.000,I 85,I 85 and Pleasantdale Rd,,Rear End,2,Clear,Dry,Daylight
2023-02-27T12:10:00.000,I 85,I 85 and Pleasantdale Rd,,Rear End,2,Cloudy,Dry,Daylight
2023-07-30T21:16:00.000,I 85,I 85 and Pleasantdale Rd,,Rear End,2,Clear,Dry,Dark-Not Lighted
2023-02-16T15:52:00.000,I 85,I 85 and Pleasantdale Rd,,Not a Collision with Motor Vehicle,1,Clear,Dry,Daylight
2023-02-19T15:30:00.000,I 85,I 85 and Pleasantdale Rd,,Rear End,2,Clear,Dry,Daylight
2023-10-13T19:00:00.000,I 85,I 85 and Pleasantdale Rd,,Sideswipe-Same Direction,2,Rain,Wet,Dark-Lighted
2023-08-16T18:00:00.000,I 85,I 85 and Pleasantdale Rd,,Not a Collision with Motor Vehicle,2,Clear,Dry,Daylight
2023-04-06T17:15:00.000,I 85,I 85 and Pleasantdale Rd,,Rear End,2,Clear,Dry,Daylight
2023-03-14T17:40:00.000,I 85,I 85 and Pleasantdale Rd,,Rear End,3,Clear,Dry,Daylight
2023-02-01T15:43:00.000,I 85,I 85 and Pleasantdale Rd,,Rear End,2,Clear,Dry,Daylight
2023-11-06T15:45:00.000,I 85,I 85 and Pleasantdale Rd,,Rear End,2,Clear,Dry,Daylight
2023-06-28T08:52:00.000,I 85,I 85 and Pleasantdale Rd,,Sideswipe-Same Direction,2,Clear,Dry,Daylight
2023-06-27T15:30:00.000,I 85,I 85 and Pleasantdale Rd,,Sideswipe-Same Direction,2,Clear,Dry,Daylight
2023-01-02T16:30:00.000,I 85,I 85 and Pleasantdale Rd,,Rear End,5,Rain,Wet,Daylight
2023-06-26T17:10:00.000,I 85,I 85 and Pleasantdale Rd,,Sideswipe-Same Direction,3,Clear,Dry,Daylight
2023-07-13T14:20:00.000,I 85,I 85 and Pleasantdale Rd,,Sideswipe-Same Direction,2,Cloudy,Dry,Daylight
2023-11-18T17:20:00.000,I 85,I 85 and Pleasantdale Rd,,Rear End,3,Clear,Dry,Daylight
2023-08-07T13:47:00.000,I 85,I 85 and Pleasantdale Rd,,Angle Crash,2,Cloudy,Wet,Daylight
2023-10-11T15:30:00.000,I 85,I 85 and Pleasantdale Rd,,Sideswipe-Same Direction,2,Cloudy,Dry,Daylight
2023-11-18T15:28:00.000,I 85,I 85 and Pleasantdale Rd,,Rear End,2,Clear,Dry,Daylight
2023-05-12T16:45:00.000,I 85,I 85 and Pleasantdale Rd,,Rear End,3,Clear,Dry,Daylight
2023-12-10T19:05:00.000,I 85,I 85 and Pleasantdale Rd,,Rear End,2,Rain,Wet,Dark-Lighted
2023-04-03T12:55:00.000,I 85,I 85 and Pleasantdale Rd,,Rear End,2,Cloudy,Wet,Daylight
2023-06-23T08:50:00.000,I 85,I 85 and Pleasantdale Rd,,Rear End,2,Cloudy,Dry,Daylight
2023-10-11T15:40:00.000,I 85,I 85 and Pleasantdale Rd,,Rear End,2,Cloudy,Dry,Daylight
2023-07-28T19:00:00.000,I 85,I 85 and Pleasantdale Rd,,Rear End,2,Rain,Wet,Daylight
2023-11-21T19:30:00.000,I 85,I 85 and Pleasantdale Rd,,Rear End,2,Cloudy,Wet,Dark-Lighted
2023-10-28T07:45:00.000,I 85,I 85 and Pleasantdale Rd,,Rear End,2,Clear,Dry,Daylight
2023-03-16T18:00:00.000,I 85,I 85 and Pleasantdale Rd,,Sideswipe-Same Direction,2,Clear,Dry,Daylight
2023-11-10T14:15:00.000,I 85,I 85 and Pleasantdale Rd,,Rear End,3,Cloudy,Wet,Daylight
2023-05-18T14:00:00.000,I 85,I 85 and Pleasantdale Rd,,Sideswipe-Same Direction,2,Clear,Dry,Daylight
2023-01-11T09:05:00.000,I 85,I 85 and Pleasantdale Rd,,Rear End,2,Cloudy,Dry,Daylight
2023-10-31T14:40:00.000,I 85,I 85 and Pleasantdale Rd,,Rear End,2,Clear,Dry,Daylight
2023-08-05T22:00:00.000,I 85,I 85 and Pleasantdale Rd,,Angle Crash,3,Clear,Dry,Dark-Lighted
2023-07-05T18:00:00.000,I 85,I 85 and Pleasantdale Rd,,Rear End,2,Clear,Dry,Daylight
2023-10-10T21:30:00.000,I 85,I 85 and Pleasantdale Rd,,Not a Collision with Motor Vehicle,1,Clear,Dry,Dark-Lighted
2023-06-10T16:14:00.000,I 85,I 85 and Pleasantdale Rd,,Rear End,2,Clear,Dry,Daylight
2023-08-14T16:19:00.000,I 85,I 85 and Pleasantdale Rd,,Angle Crash,2,Clear,Dry,Daylight
2023-05-03T18:37:00.000,I 85,I 85 and Pleasantdale Rd,,Sideswipe-Same Direction,2,Clear,Dry,Daylight
2023-10-09T20:30:00.000,I 85,I 85 and Pleasantdale Rd,,Sideswipe-Same Direction,2,Clear,Dry,Dark-Lighted
2023-02-20T14:23:00.000,I 85,I 85 and Pleasantdale Rd,,Rear End,3,Clear,Dry,Daylight
2023-07-15T11:00:00.000,I 85,I 85 and Pleasantdale Rd,,Rear End,2,Clear,Dry,Daylight
2023-01-24T17:00:00.000,I 85,I 85 and Pleasantdale Rd,,Sideswipe-Same Direction,2,Clear,Dry,Daylight
2023-03-28T16:45:00.000,I 85,I 85 and Pleasantdale Rd,,Sideswipe-Same Direction,2,Clear,Dry,Daylight
2023-07-31T17:23:00.000,I 85,I 85 and Pleasantdale Rd,,Rear End,2,Clear,Dry,Daylight
2023-01-19T17:30:00.000,I 85,I 85 and Pleasantdale Rd,,Rear End,4,Clear,Dry,Daylight
2023-10-19T15:15:00.000,I 85,I 85 and Pleasantdale Rd,,Rear End,4,Clear,Dry,Daylight
2023-03-31T14:40:00.000,I 85,I 85 and Pleasantdale Rd,,Rear End,2,Clear,Dry,Daylight
2023-02-03T21:00:00.000,I 85,I 85 and Pleasantdale Rd,,Rear End,2,Clear,Dry,Dark-Lighted
2023-09-23T20:00:00.000,I 85,I 85 and Pleasantdale Rd,,Rear End,2,Clear,Dry,Dark-Lighted
2022-07-19T16:03:00.000,I 85,I 85 and Pleasantdale Rd,,Rear End,3,Clear,Dry,Daylight
2022-01-12T19:00:00.000,I 85,I 85 and Pleasantdale Rd,,Rear End,3,Clear,Dry,Dark-Lighted
2022-10-03T14:25:00.000,I 85,I 85 and Pleasantdale Rd,,Rear End,2,Clear,Dry,Daylight
2022-09-28T11:46:00.000,I 85,I 85 and Pleasantdale Rd,,Angle Crash,2,Clear,Dry,Daylight
2022-05-06T13:20:00.000,I 85,I 85 and Pleasantdale Rd,,Sideswipe-Same Direction,2,Cloudy,Dry,Daylight
2022-03-11T23:30:00.000,I 85,I 85 and Pleasantdale Rd,,Rear End,2,Rain,Wet,Dark-Lighted
2022-08-31T08:36:00.000,I 85,I 85 and Pleasantdale Rd,,Rear End,2,Clear,Dry,Daylight
2022-12-26T18:12:00.000,I 85,I 85 and Pleasantdale Rd,,Rear End,3,Cloudy,Dry,Dark-Lighted
2022-08-03T15:40:00.000,I 85,I 85 and Pleasantdale Rd,,Sideswipe-Same Direction,3,Clear,Dry,Daylight
2022-08-27T19:39:00.000,I 85,I 85 and Pleasantdale Rd,,Rear End,2,Cloudy,Wet,Daylight
2022-05-02T16:30:00.000,I 85,I 85 and Pleasantdale Rd,,Sideswipe-Same Direction,2,Clear,Dry,Daylight
2022-05-06T18:06:00.000,I 85,I 85 and Pleasantdale Rd,,Rear End,3,Clear,Dry,Daylight
2022-10-28T17:34:00.000,I 85,I 85 and Pleasantdale Rd,,Angle Crash,2,Clear,Dry,Daylight
2022-05-03T10:13:00.000,I 85,I 85 and Pleasantdale Rd,,Rear End,3,Clear,Dry,Daylight
2022-05-09T17:10:00.000,I 85,I 85 and Pleasantdale Rd,,Rear End,2,Clear,Dry,Daylight
2022-03-12T15:50:00.000,I 85,I 85 and Pleasantdale Rd,,Sideswipe-Same Direction,2,Clear,Dry,Daylight
2022-07-28T19:43:00.000,I 85,I 85 and Pleasantdale Rd,,Not a Collision with Motor Vehicle,3,Clear,Dry,Daylight
2022-06-16T16:00:00.000,I 85,I 85 and Pleasantdale Rd,,Rear End,2,Clear,Dry,Daylight
2023-01-26T19:00:00.000,I 85,I 85 and Pleasantdale Rd,,Sideswipe-Same Direction,2,Clear,Dry,Dark-Lighted
2022-02-26T15:48:00.000,I 85,I 85 and Pleasantdale Rd,,Rear End,2,Clear,Dry,Daylight
2022-04-11T17:00:00.000,I 85,I 85 and Pleasantdale Rd,,Rear End,2,Clear,Dry,Daylight
2021-02-22T19:45:00.000,I 85,I 85 and Pleasantdale Rd,,Sideswipe-Same Direction,2,Clear,Dry,Dark-Lighted
2021-01-09T17:50:00.000,I 85,I 85 and Pleasantdale Rd,,Rear End,2,Clear,Dry,Dark-Not Lighted
2021-03-30T18:06:00.000,I 85,I 85 and Pleasantdale Rd,,Rear End,3,Clear,Dry,Daylight
2020-07-03T09:45:00.000,I 85,I 85 and Pleasantdale Rd,,Angle Crash,3,Clear,Dry,Dark-Lighted
2022-10-04T13:25:00.000,I 85,I 85 and Pleasantdale Rd,,Angle Crash,2,Clear,Dry,Daylight
2023-03-13T06:10:00.000,I 85,I 85 and Pleasantdale Rd,,Not a Collision with Motor Vehicle,1,Cloudy,Dry,Dark-Lighted
2020-08-06T12:39:00.000,I 85,I 85 and Pleasantdale Rd,,Rear End,2,Clear,Dry,Daylight
2021-12-29T14:40:00.000,I 85,I 85 and Pleasantdale Rd,,Rear End,2,Cloudy,Dry,Daylight
2021-07-08T14:23:00.000,I 85,I 85 and Pleasantdale Rd,,Angle Crash,3,Clear,Dry,Daylight
2024-08-03T15:35:00.000,I 85,I 85 and Pleasantdale Rd,,Rear End,3,Clear,Dry,Daylight
2020-10-20T16:25:00.000,I 85,I 85 and Pleasantdale Rd,,Sideswipe-Same Direction,2,Clear,Dry,Daylight
2020-07-24T13:10:00.000,I 85,I 85 and Pleasantdale Rd,,Not a Collision with Motor Vehicle,2,Clear,Dry,Daylight
2020-09-17T09:55:00.000,I 85,I 85 and Pleasantdale Rd,,Rear End,2,Rain,Wet,Daylight
2020-05-07T14:45:00.000,I 85,I 85 and Pleasantdale Rd,,Sideswipe-Same Direction,2,Clear,Dry,Daylight
2020-12-24T10:00:00.000,I 85,I 85 and Pleasantdale Rd,,Rear End,2,Rain,Wet,Daylight
2020-08-23T13:10:00.000,I 85,I 85 and Pleasantdale Rd,,Not a Collision with Motor Vehicle,2,Clear,Dry,Daylight
2020-09-14T20:40:00.000,I 85,I 85 and Pleasantdale Rd,,Rear End,2,Clear,Dry,Dark-Not Lighted
2020-10-02T02:36:00.000,I 85,I 85 and Pleasantdale Rd,,Rear End,2,Clear,Dry,Dark-Lighted
2020-04-16T17:40:00.000,I 85,I 85 and Pleasantdale Rd,,Rear End,2,Clear,Dry,Daylight
2020-05-28T10:20:00.000,I 85,I 85 and Pleasantdale Rd,,Sideswipe-Same Direction,2,Cloudy,Wet,Daylight
2020-01-17T07:29:00.000,I 85,I 85 and Pleasantdale Rd,,Rear End,2,Clear,Dry,Daylight
2020-05-26T12:13:00.000,I 85,I 85 and Pleasantdale Rd,,Sideswipe-Same Direction,2,Cloudy,Dry,Daylight
2020-06-05T07:40:00.000,I 85,I 85 and Pleasantdale Rd,,Rear End,2,Clear,Wet,Daylight
2020-08-07T17:17:00.000,I 85,I 85 and Pleasantdale Rd,,Rear End,3,Clear,Dry,Daylight
2020-07-22T11:50:00.000,I 85,I 85 and Pleasantdale Rd,,Rear End,2,Cloudy,Dry,Daylight
2020-09-20T08:30:00.000,I 85,I 85 and Pleasantdale Rd,,Not a Collision with Motor Vehicle,1,Cloudy,Dry,Daylight
2020-06-24T16:20:00.000,I 85,I 85 and Pleasantdale Rd,,Sideswipe-Same Direction,2,Cloudy,Wet,Daylight
2020-11-14T15:50:00.000,I 85,I 85 and Pleasantdale Rd,,Rear End,3,Clear,Dry,Daylight
2020-08-08T17:27:00.000,I 85,I 85 and Pleasantdale Rd,,Rear End,2,Clear,Dry,Daylight
2020-05-11T11:10:00.000,I 85,I 85 and Pleasantdale Rd,,Sideswipe-Same Direction,2,Clear,Dry,Daylight
2020-08-24T06:30:00.000,I 85,I 85 and Pleasantdale Rd,,Sideswipe-Same Direction,2,Rain,Wet,Dark-Not Lighted
2020-11-06T15:41:00.000,I 85,I 85 and Pleasantdale Rd,,Rear End,2,Clear,Dry,Daylight
2020-08-13T20:20:00.000,I 85,I 85 and Pleasantdale Rd,,Not a Collision with Motor Vehicle,1,Cloudy,Wet,Dark-Lighted
2020-08-12T09:21:00.000,I 85,I 85 and Pleasantdale Rd,,Sideswipe-Same Direction,2,Clear,Dry,Daylight
2020-09-03T19:43:00.000,I 85,I 85 and Pleasantdale Rd,,Sideswipe-Same Direction,2,Clear,Dry,Daylight
2020-10-06T07:06:00.000,I 85,I 85 and Pleasantdale Rd,,Angle Crash,2,Clear,Dry,Dark-Lighted
2020-01-12T03:15:00.000,I 85,I 85 and Pleasantdale Rd,,Rear End,3,Clear,Wet,Dark-Not Lighted
2020-09-01T18:30:00.000,I 85,I 85 and Pleasantdale Rd,,Rear End,2,Cloudy,Wet,Daylight
2020-10-24T19:10:00.000,I 85,I 85 and Pleasantdale Rd,,Not a Collision with Motor Vehicle,2,Rain,Wet,Dark-Lighted
2020-11-06T19:02:00.000,I 85,I 85 and Pleasantdale Rd,,Rear End,2,Clear,Dry,Dusk
2020-11-06T15:10:00.000,I 85,I 85 and Pleasantdale Rd,,Rear End,2,Clear,Dry,Daylight
2020-04-19T20:21:00.000,I 85,I 85 and Pleasantdale Rd,,Not a Collision with Motor Vehicle,1,Rain,Wet,Dark-Lighted
2020-04-19T12:10:00.000,I 85,I 85 and Pleasantdale Rd,,Not a Collision with Motor Vehicle,1,Rain,Water (standing or moving),Daylight
2020-11-06T16:07:00.000,I 85,I 85 and Pleasantdale Rd,,Sideswipe-Same Direction,2,Clear,Dry,Daylight
2020-09-19T18:16:00.000,I 85,I 85 and Pleasantdale Rd,,Rear End,2,Cloudy,Dry,Daylight
2020-11-04T16:00:00.000,I 85,I 85 and Pleasantdale Rd,,Rear End,2,Clear,Dry,Daylight
2020-07-23T09:20:00.000,I 85,I 85 and Pleasantdale Rd,,Sideswipe-Same Direction,2,Clear,Dry,Daylight
2020-03-11T07:43:00.000,I 85,I 85 and Pleasantdale Rd,,Sideswipe-Same Direction,2,Cloudy,Dry,Daylight
2020-12-08T15:20:00.000,I 85,I 85 and Pleasantdale Rd,,Sideswipe-Same Direction,2,Clear,Dry,Daylight
2020-10-08T21:20:00.000,I 85,I 85 and Pleasantdale Rd,,Angle Crash,3,Clear,Dry,Dark-Lighted
2020-12-21T14:55:00.000,I 85,I 85 and Pleasantdale Rd,,Sideswipe-Same Direction,2,Clear,Dry,Daylight
2020-10-24T19:50:00.000,I 85,I 85 and Pleasantdale Rd,,Rear End,2,Rain,Wet,Dark-Lighted
2020-08-08T13:45:00.000,I 85,I 85 and Pleasantdale Rd,,Rear End,2,Clear,Dry,Daylight
2020-09-17T20:13:00.000,I 85,I 85 and Pleasantdale Rd,,Rear End,2,Cloudy,Wet,Dark-Lighted
2020-11-14T18:05:00.000,I 85,I 85 and Pleasantdale Rd,,Rear End,3,Clear,Dry,Dark-Not Lighted
2020-10-06T16:26:00.000,I 85,I 85 and Pleasantdale Rd,,Rear End,2,Clear,Dry,Daylight
2020-02-28T10:15:00.000,I 85,I 85 and Pleasantdale Rd,,Rear End,3,Clear,Dry,Daylight
2020-06-18T05:45:00.000,I 85,I 85 and Pleasantdale Rd,,Sideswipe-Same Direction,2,Clear,Dry,Daylight
2020-05-12T19:50:00.000,I 85,I 85 and Pleasantdale Rd,,Sideswipe-Same Direction,2,Clear,Dry,Daylight
2020-12-22T19:08:00.000,I 85,I 85 and Pleasantdale Rd,,Angle Crash,2,Clear,Dry,Dark-Lighted
2020-08-24T06:03:00.000,I 85,I 85 and Pleasantdale Rd,,Rear End,4,Rain,Wet,Daylight
2020-06-09T18:30:00.000,I 85,I 85 and Pleasantdale Rd,,Angle Crash,2,Rain,Wet,Daylight
2020-11-23T14:20:00.000,I 85,I 85 and Pleasantdale Rd,,Rear End,2,Clear,Dry,Daylight
2020-01-04T18:00:00.000,I 85,I 85 and Pleasantdale Rd,,Angle Crash,2,Clear,Dry,Dark-Lighted
2020-10-27T22:39:00.000,I 85,I 85 and Pleasantdale Rd,,Sideswipe-Same Direction,2,Rain,Wet,Dark-Lighted
2020-02-11T19:30:00.000,I 85,I 85 and Pleasantdale Rd,,Rear End,2,Rain,Wet,Dark-Lighted
2020-07-24T08:00:00.000,I 85,I 85 and Pleasantdale Rd,,Sideswipe-Same Direction,3,Clear,Dry,Daylight
2020-10-16T14:20:00.000,I 85,I 85 and Pleasantdale Rd,,Rear End,2,Clear,Dry,Daylight
2020-08-29T11:00:00.000,I 85,I 85 and Pleasantdale Rd,,Not a Collision with Motor Vehicle,1,Cloudy,Dry,Daylight
2020-07-09T13:40:00.000,I 85,I 85 and Pleasantdale Rd,,Rear End,3,Clear,Dry,Daylight
2020-02-15T19:05:00.000,I 85,I 85 and Pleasantdale Rd,,Rear End,2,Clear,Dry,Dark-Lighted
2020-12-03T09:06:00.000,I 85,I 85 and Pleasantdale Rd,,Rear End,2,Clear,Dry,Daylight
2020-09-18T16:25:00.000,I 85,I 85 and Pleasantdale Rd,,Angle Crash,2,Clear,Dry,Daylight
2020-03-13T15:40:00.000,I 85,I 85 and Pleasantdale Rd,,Angle Crash,3,Cloudy,Dry,Daylight
2020-11-16T17:15:00.000,I 85,I 85 and Pleasantdale Rd,,Sideswipe-Same Direction,2,Clear,Dry,Daylight
2020-09-26T04:10:00.000,I 85,I 85 and Pleasantdale Rd,,Sideswipe-Same Direction,2,Clear,Dry,Dark-Lighted
2020-11-13T13:09:00.000,I 85,I 85 and Pleasantdale Rd,,Angle Crash,2,Clear,Dry,Daylight
2020-03-05T06:45:00.000,I 85,I 85 and Pleasantdale Rd,,Rear End,2,Rain,Wet,Dark-Lighted
2020-06-25T07:25:00.000,I 85,I 85 and Pleasantdale Rd,,Rear End,2,Cloudy,Wet,Daylight
2020-09-01T19:45:00.000,I 85,I 85 and Pleasantdale Rd,,Rear End,4,Clear,Wet,Daylight
2020-01-14T17:10:00.000,I 85,I 85 and Pleasantdale Rd,,Sideswipe-Same Direction,2,Rain,Wet,Dark-Lighted