Date and Time,Roadway (From Crash Report),Intersection Name (from Crash Report),KABCO Severity,Manner of Collision (Crash Level) ,# of Vehicles per crash ,Weather Conditions (Crash Level),Surface Condition (Crash Level) ,Light Conditions (Crash Level)
2020-10-14T07:08:00.000,I 85,I 85 and Pleasantdale Rd,,Angle Crash,2,Clear,Dry,Dark-Lighted
2020-03-02T03:12:00.000,I 85,I 85 and Pleasantdale Rd,,Sideswipe-Same Direction,2,Clear,Dry,Dark-Lighted
2020-02-10T18:45:00.000,I 85,I 85 and Pleasantdale Rd,,Rear End,2,Rain,Wet,Daylight
2020-10-13T16:50:00.000,I 85,I 85 and Pleasantdale Rd,,Angle Crash,2,Clear,Dry,Daylight
2020-03-01T01:05:00.000,I 85,I 85 and Pleasantdale Rd,,Sideswipe-Same Direction,2,Clear,Dry,Dark-Lighted
2020-12-20T18:50:00.000,I 85,I 85 and Pleasantdale Rd,,Rear End,3,Clear,Dry,Dark-Lighted
2020-06-21T20:38:00.000,I 85,I 85 and Pleasantdale Rd,,Rear End,2,Clear,Dry,Daylight
2020-01-09T09:32:00.000,I 85,I 85 and Pleasantdale Rd,,Rear End,2,Clear,Dry,Daylight
2020-02-10T19:35:00.000,I 85,I 85 and Pleasantdale Rd,,Rear End,2,Rain,Wet,Dark-Lighted
2020-01-15T17:54:00.000,I 85,I 85 and Pleasantdale Rd,,Sideswipe-Same Direction,2,Clear,Dry,Dark-Lighted
2020-11-07T17:50:00.000,I 85,I 85 and Pleasantdale Rd,,Rear End,2,Clear,Dry,Dark-Not Lighted
2020-02-03T06:00:00.000,I 85,I 85 and Pleasantdale Rd,,Rear End,2,Clear,Dry,Dark-Lighted
2020-10-14T04:29:00.000,I 85,I 85 and Pleasantdale Rd,,Rear End,2,Clear,Dry,Dark-Lighted
2020-04-26T11:05:00.000,I 85,I 85 and Pleasantdale Rd,,Not a Collision with Motor Vehicle,1,Clear,Dry,Daylight
2020-12-21T14:50:00.000,I 85,I 85 and Pleasantdale Rd,,Sideswipe-Same Direction,2,Clear,Dry,Daylight
2020-10-15T06:33:00.000,I 85,I 85 and Pleasantdale Rd,,Angle Crash,4,Cloudy,Dry,Dark-Lighted
2020-10-08T15:47:00.000,I 85,I 85 and Pleasantdale Rd,,Angle Crash,2,Clear,Dry,Daylight
2020-09-08T20:10:00.000,I 85,I 85 and Pleasantdale Rd,,Rear End,2,Clear,Dry,Daylight
2020-05-22T15:15:00.000,I 85,I 85 and Pleasantdale Rd,,Angle Crash,2,Clear,Dry,Daylight
2020-11-16T19:25:00.000,I 85,I 85 and Pleasantdale Rd,,Not a Collision with Motor Vehicle,2,Clear,Dry,Daylight
2020-12-23T15:04:00.000,I 85,I 85 and Pleasantdale Rd,,Rear End,3,Clear,Dry,Daylight
2020-06-16T17:18:00.000,I 85,I 85 and Pleasantdale Rd,,Sideswipe-Same Direction,2,Clear,Dry,Daylight
2020-12-09T18:31:00.000,I 85,I 85 and Pleasantdale Rd,,Angle Crash,2,Clear,Dry,Dark-Lighted
2020-01-08T15:50:00.000,I 85,I 85 and Pleasantdale Rd,,Sideswipe-Same Direction,2,Clear,Dry,Daylight
2020-02-12T20:20:00.000,I 85,I 85 and Pleasantdale Rd,,Sideswipe-Same Direction,2,Clear,Dry,Dark-Lighted
2020-06-09T15:25:00.000,I 85,I 85 and Pleasantdale Rd,,Sideswipe-Same Direction,2,Rain,Wet,Daylight
2020-08-03T15:45:00.000,I 85,I 85 and Pleasantdale Rd,,Rear End,2,Rain,Wet,Daylight
2020-03-13T18:00:00.000,I 85,I 85 and Pleasantdale Rd,,Sideswipe-Same Direction,2,Clear,Dry,Daylight
2020-02-10T17:00:00.000,I 85,I 85 and Pleasantdale Rd,,Rear End,3,Rain,Wet,Dark-Lighted
2020-11-20T16:26:00.000,I 85,I 85 and Pleasantdale Rd,,Angle Crash,2,Clear,Dry,Daylight
2020-05-27T12:00:00.000,I 85,I 85 and Pleasantdale Rd,,Rear End,4,Rain,Wet,Daylight
2020-12-16T20:06:00.000,I 85,I 85 and Pleasantdale Rd,,Sideswipe-Same Direction,3,Clear,Dry,Dark-Lighted
2020-08-09T14:07:00.000,I 85,I 85 and Pleasantdale Rd,,Rear End,3,Clear,Dry,Daylight
2020-02-19T06:15:00.000,I 85,I 85 and Pleasantdale Rd,,Sideswipe-Same Direction,2,Cloudy,Wet,Dark-Lighted
2020-11-12T14:30:00.000,I 85,I 85 and Pleasantdale Rd,,Rear End,3,Clear,Dry,Daylight
2020-08-12T17:07:00.000,I 85,I 85 and Pleasantdale Rd,,Not a Collision with Motor Vehicle,2,Cloudy,Dry,Daylight
2020-07-28T06:20:00.000,I 85,I 85 and Pleasantdale Rd,,Rear End,3,Clear,Dry,Daylight
2020-11-29T16:55:00.000,I 85,I 85 and Pleasantdale Rd,,Rear End,2,Rain,Wet,Daylight
2020-09-24T18:01:00.000,I 85,I 85 and Pleasantdale Rd,,Rear End,2,Rain,Wet,Daylight
2020-06-02T17:58:00.000,I 85,I 85 and Pleasantdale Rd,,Rear End,2,Cloudy,Dry,Daylight
2020-01-25T15:15:00.000,I 85,I 85 and Pleasantdale Rd,,Sideswipe-Same Direction,2,Clear,Dry,Daylight
2020-01-06T12:40:00.000,I 85,I 85 and Pleasantdale Rd,,Not a Collision with Motor Vehicle,1,Clear,Dry,Daylight
2020-09-01T17:50:00.000,I 85,I 85 and Pleasantdale Rd,,Sideswipe-Same Direction,2,Cloudy,Wet,Daylight
2020-10-27T22:41:00.000,I 85,I 85 and Pleasantdale Rd,,Sideswipe-Same Direction,2,Cloudy,Dry,Dark-Not Lighted
2020-02-21T16:43:00.000,I 85,I 85 and Pleasantdale Rd,,Sideswipe-Same Direction,2,Clear,Dry,Daylight
2020-04-22T02:45:00.000,I 85,I 85 and Pleasantdale Rd,,Sideswipe-Same Direction,2,Clear,Dry,Daylight
2020-05-27T16:30:00.000,I 85,I 85 and Pleasantdale Rd,,Rear End,2,Rain,Wet,Daylight
2020-10-19T16:55:00.000,I 85,I 85 and Pleasantdale Rd,,Rear End,2,Clear,Dry,Daylight
2020-11-10T18:30:00.000,I 85,I 85 and Pleasantdale Rd,,Sideswipe-Same Direction,2,Rain,Wet,Dark-Lighted
2020-10-14T03:54:00.000,I 85,I 85 and Pleasantdale Rd,,Rear End,2,Clear,Dry,Dark-Lighted
2020-06-04T12:25:00.000,I 85,I 85 and Pleasantdale Rd,,Angle Crash,2,Clear,Dry,Daylight
2020-09-16T16:20:00.000,I 85,I 85 and Pleasantdale Rd,,Rear End,2,Rain,Wet,Daylight
2020-01-12T18:48:00.000,I 85,I 85 and Pleasantdale Rd,,Rear End,2,Clear,Dry,Dark-Lighted
2020-11-28T00:00:00.000,I 85,I 85 and Pleasantdale Rd,,Sideswipe-Same Direction,2,Clear,Dry,Dark-Lighted
2020-09-14T08:00:00.000,I 85,I 85 and Pleasantdale Rd,,Angle Crash,2,Clear,Dry,Daylight
2020-02-11T19:30:00.000,I 85,I 85 and Pleasantdale Rd,,Rear End,2,Rain,Wet,Dark-Lighted
2020-02-19T06:15:00.000,I 85,I 85 and Pleasantdale Rd,,Angle Crash,3,Cloudy,Wet,Dark-Lighted
2020-05-15T16:20:00.000,I 85,I 85 and Pleasantdale Rd,,Sideswipe-Same Direction,2,Clear,Dry,Daylight
2020-02-20T18:45:00.000,I 85,I 85 and Pleasantdale Rd,,Not a Collision with Motor Vehicle,1,Cloudy,Wet,Dark-Lighted
2020-12-22T17:23:00.000,I 85,I 85 and Pleasantdale Rd,,Rear End,2,Clear,Dry,Dark-Lighted
2020-08-07T22:40:00.000,I 85,I 85 and Pleasantdale Rd,,Rear End,2,Clear,Dry,Dark-Lighted
2020-10-28T10:20:00.000,I 85,I 85 and Pleasantdale Rd,,Sideswipe-Same Direction,2,Cloudy,Wet,Daylight
2020-10-14T21:14:00.000,I 85,I 85 and Pleasantdale Rd,,Rear End,3,Clear,Dry,Dark-Lighted
2020-10-28T10:30:00.000,I 85,I 85 and Pleasantdale Rd,,Angle Crash,2,Cloudy,Wet,Daylight
2020-09-29T10:41:00.000,I 85,I 85 and Pleasantdale Rd,,Rear End,2,Cloudy,Dry,Daylight
2020-08-20T17:20:00.000,I 85,I 85 and Pleasantdale Rd,,Rear End,2,Rain,Wet,Daylight
2020-11-17T15:00:00.000,I 85,I 85 and Pleasantdale Rd,,Rear End,2,Clear,Dry,Daylight
2020-08-09T17:22:00.000,I 85,I 85 and Pleasantdale Rd,,Sideswipe-Same Direction,2,Clear,Dry,Daylight
2020-02-24T12:47:00.000,I 85,I 85 and Pleasantdale Rd,,Sideswipe-Same Direction,2,Cloudy,Wet,Daylight
2020-05-28T10:20:00.000,I 85,I 85 and Pleasantdale Rd,,Rear End,2,Cloudy,Wet,Daylight
2020-09-09T20:23:00.000,I 85,I 85 and Pleasantdale Rd,,Sideswipe-Same Direction,4,Clear,Dry,Dark-Lighted
2020-09-06T00:00:00.000,I 85,I 85 and Pleasantdale Rd,,Not a Collision with Motor Vehicle,1,Clear,Dry,Dark-Lighted
2020-01-28T23:50:00.000,I 85,I 85 and Pleasantdale Rd,,Rear End,2,Clear,Dry,Dark-Lighted
2020-12-23T13:15:00.000,I 85,I 85 and Pleasantdale Rd,,Sideswipe-Same Direction,2,Clear,Dry,Daylight
2020-10-11T19:00:00.000,I 85,I 85 and Pleasantdale Rd,,Rear End,2,Cloudy,Dry,Daylight
2020-10-12T17:42:00.000,I 85,I 85 and Pleasantdale Rd,,Sideswipe-Same Direction,4,Clear,Dry,Daylight
2020-11-23T16:40:00.000,I 85,I 85 and Pleasantdale Rd,,Rear End,2,Clear,Dry,Dark-Lighted
2020-09-05T01:40:00.000,I 85,I 85 and Pleasantdale Rd,,Not a Collision with Motor Vehicle,2,Clear,Dry,Dark-Not Lighted
2020-12-15T18:55:00.000,I 85,I 85 and Pleasantdale Rd,,Sideswipe-Same Direction,2,Clear,Dry,Dark-Lighted
2020-03-10T12:57:00.000,I 85,I 85 and Pleasantdale Rd,,Angle Crash,4,Cloudy,Wet,Daylight
2020-09-17T02:11:00.000,I 85,I 85 and Pleasantdale Rd,,Not a Collision with Motor Vehicle,1,Rain,Water (standing or moving),Dark-Lighted
2020-03-05T14:45:00.000,I 85,I 85 and Pleasantdale Rd,,Rear End,3,Rain,Wet,Daylight
2020-09-10T16:08:00.000,I 85,I 85 and Pleasantdale Rd,,Angle Crash,2,Clear,Dry,Daylight
2020-10-27T14:19:00.000,I 85,I 85 and Pleasantdale Rd,,Sideswipe-Same Direction,2,Clear,Dry,Daylight
2020-10-25T13:46:00.000,I 85,I 85 and Pleasantdale Rd,,Rear End,2,Cloudy,Dry,Daylight
2020-10-15T18:45:00.000,I 85,I 85 and Pleasantdale Rd,,Angle Crash,2,Clear,Dry,Daylight
2020-06-27T17:28:00.000,I 85,I 85 and Pleasantdale Rd,,Rear End,3,Rain,Wet,Daylight
2020-12-26T18:10:00.000,I 85,I 85 and Pleasantdale Rd,,Rear End,4,Clear,Dry,Dark-Not Lighted
2020-11-19T18:46:00.000,I 85,I 85 and Pleasantdale Rd,,Sideswipe-Same Direction,2,Clear,Dry,Dark-Not Lighted
2020-05-04T15:00:00.000,I 85,I 85 and Pleasantdale Rd,,Sideswipe-Same Direction,2,Clear,Dry,Daylight
2020-11-29T16:05:00.000,I 85,I 85 and Pleasantdale Rd,,Sideswipe-Same Direction,2,Rain,Wet,Daylight
2020-01-23T06:41:00.000,I 85,I 85 and Pleasantdale Rd,,Angle Crash,2,Clear,Dry,Dark-Lighted
2020-01-31T20:02:00.000,I 85,I 85 and Pleasantdale Rd,,Sideswipe-Same Direction,2,Cloudy,Dry,Dark-Lighted
2020-07-02T13:30:00.000,I 85,I 85 and Pleasantdale Rd,,Sideswipe-Same Direction,2,Clear,Dry,Daylight
2020-11-30T00:20:00.000,I 85,I 85 and Pleasantdale Rd,,Angle Crash,2,Rain,Wet,Dark-Not Lighted
2020-06-27T19:39:00.000,I 85,I 85 and Pleasantdale Rd,,Angle Crash,2,Rain,Wet,Daylight
2020-11-05T10:30:00.000,I 85,I 85 and Pleasantdale Rd,,Sideswipe-Same Direction,2,Clear,Dry,Daylight
2020-06-22T12:03:00.000,I 85,I 85 and Pleasantdale Rd,,Sideswipe-Same Direction,2,Clear,Dry,Daylight
2020-07-08T13:58:00.000,I 85,I 85 and Pleasantdale Rd,,Sideswipe-Same Direction,2,Cloudy,Dry,Daylight
2020-03-06T09:01:00.000,I 85,I 85 and Pleasantdale Rd,,Rear End,2,Clear,Dry,Daylight
2020-03-11T18:35:00.000,I 85,I 85 and Pleasantdale Rd,,Sideswipe-Same Direction,2,Cloudy,Dry,Daylight
2020-09-27T02:00:00.000,I 85,I 85 and Pleasantdale Rd,,Rear End,2,Clear,Dry,Dark-Not Lighted
2020-07-07T11:50:00.000,I 85,I 85 and Pleasantdale Rd,,Sideswipe-Same Direction,2,Rain,Wet,Daylight
2020-09-09T16:25:00.000,I 85,I 85 and Pleasantdale Rd,,Rear End,3,Clear,Dry,Daylight
2020-09-02T21:10:00.000,I 85,I 85 and Pleasantdale Rd,,Sideswipe-Same Direction,2,Clear,Dry,Dark-Lighted
2020-02-15T23:21:00.000,I 85,I 85 and Pleasantdale Rd,,Sideswipe-Same Direction,2,Clear,Dry,Dark-Lighted
2020-12-27T01:50:00.000,I 85,I 85 and Pleasantdale Rd,,Rear End,2,Clear,Dry,Dark-Lighted
2020-03-10T14:30:00.000,I 85,I 85 and Pleasantdale Rd,,Sideswipe-Same Direction,3,Cloudy,Dry,Daylight
2020-08-10T17:28:00.000,I 85,I 85 and Pleasantdale Rd,,Angle Crash,3,Cloudy,Dry,Daylight
2020-12-10T19:27:00.000,I 85,I 85 and Pleasantdale Rd,,Rear End,3,Clear,Dry,Dark-Not Lighted
2020-11-07T20:00:00.000,I 85,I 85 and Pleasantdale Rd,,Sideswipe-Same Direction,2,Clear,Dry,Dark-Not Lighted
2020-03-01T12:34:00.000,I 85,I 85 and Pleasantdale Rd,,Rear End,2,Clear,Dry,Daylight
2020-03-11T13:36:00.000,I 85,I 85 and Pleasantdale Rd,,Not a Collision with Motor Vehicle,2,Clear,Dry,Daylight
2020-02-20T13:17:00.000,I 85,I 85 and Pleasantdale Rd,,Rear End,2,Rain,Wet,Daylight
2020-01-20T15:45:00.000,I 85,I 85 and Pleasantdale Rd,,Rear End,2,Clear,Dry,Daylight
2020-01-21T06:33:00.000,I 85,I 85 and Pleasantdale Rd,,Sideswipe-Same Direction,2,Cloudy,Dry,Dark-Lighted
2020-02-01T17:00:00.000,I 85,I 85 and Pleasantdale Rd,,Rear End,2,Clear,Dry,Daylight
2020-09-28T14:18:00.000,I 85,I 85 and Pleasantdale Rd,,Angle Crash,2,Clear,Dry,Daylight
2020-04-14T20:08:00.000,I 85,I 85 and Pleasantdale Rd,,Sideswipe-Same Direction,2,Clear,Dry,Dark-Lighted
2020-06-27T16:12:00.000,I 85,I 85 and Pleasantdale Rd,,Rear End,3,Cloudy,Wet,Daylight
2020-02-01T12:49:00.000,I 85,I 85 and Pleasantdale Rd,,Angle Crash,2,Clear,Dry,Daylight
2020-07-29T18:30:00.000,I 85,I 85 and Pleasantdale Rd,,Angle Crash,2,Clear,Dry,Daylight
2020-10-09T00:00:00.000,I 85,I 85 and Pleasantdale Rd,,Rear End,2,Rain,Wet,Daylight
2020-10-31T18:00:00.000,I 85,I 85 and Pleasantdale Rd,,Rear End,2,Cloudy,Dry,Daylight
2020-10-28T05:27:00.000,I 85,I 85 and Pleasantdale Rd,,Angle Crash,3,Rain,Water (standing or moving),Dark-Lighted
2020-04-24T15:10:00.000,I 85,I 85 and Pleasantdale Rd,,Rear End,2,Cloudy,Dry,Daylight
2020-01-10T16:50:00.000,I 85,I 85 and Pleasantdale Rd,,Rear End,2,Clear,Dry,Daylight
2020-09-25T17:39:00.000,I 85,I 85 and Pleasantdale Rd,,Rear End,3,Cloudy,Dry,Daylight
2020-09-14T12:43:00.000,I 85,I 85 and Pleasantdale Rd,,Rear End,2,Cloudy,Dry,Daylight
2020-11-25T12:53:00.000,I 85,I 85 and Pleasantdale Rd,,Sideswipe-Same Direction,2,Clear,Dry,Daylight
2020-09-16T16:10:00.000,I 85,I 85 and Pleasantdale Rd,,Rear End,2,Rain,Wet,Daylight
2020-01-10T07:10:00.000,I 85,I 85 and Pleasantdale Rd,,Rear End,3,Clear,Dry,Daylight
2020-07-21T16:28:00.000,I 85,I 85 and Pleasantdale Rd,,Rear End,2,Rain,Wet,Daylight
2020-12-31T13:45:00.000,I 85,I 85 and Pleasantdale Rd,,Rear End,2,Rain,Wet,Daylight
2020-03-06T06:37:00.000,I 85,I 85 and Pleasantdale Rd,,Angle Crash,2,Clear,Dry,Dark-Not Lighted
2020-11-08T14:07:00.000,I 85,I 85 and Pleasantdale Rd,,Rear End,2,Clear,Dry,Daylight
2020-07-30T22:30:00.000,I 85,I 85 and Pleasantdale Rd,,Rear End,2,Cloudy,Dry,Dark-Lighted
2020-01-06T12:41:00.000,I 85,I 85 and Pleasantdale Rd,,Not a Collision with Motor Vehicle,1,Clear,Dry,Daylight
2020-11-03T17:10:00.000,I 85,I 85 and Pleasantdale Rd,,Rear End,2,Clear,Dry,Daylight
2020-03-06T13:08:00.000,I 85,I 85 and Pleasantdale Rd,,Angle Crash,2,Clear,Dry,Daylight
2020-12-09T21:14:00.000,I 85,I 85 and Pleasantdale Rd,,Rear End,2,Clear,Dry,Dark-Not Lighted
2020-09-09T16:22:00.000,I 85,I 85 and Pleasantdale Rd,,Rear End,3,Clear,Dry,Daylight
2020-09-17T19:50:00.000,I 85,I 85 and Pleasantdale Rd,,Not a Collision with Motor Vehicle,1,Cloudy,Wet,Dark-Lighted
2020-11-17T14:30:00.000,I 85,I 85 and Pleasantdale Rd,,Sideswipe-Same Direction,2,Clear,Dry,Daylight
2020-07-24T12:40:00.000,I 85,I 85 and Pleasantdale Rd,,Sideswipe-Same Direction,3,Clear,Dry,Daylight
2020-07-21T06:00:00.000,I 85,I 85 and Pleasantdale Rd,,Sideswipe-Same Direction,2,Clear,Dry,Dark-Lighted
2020-08-04T22:05:00.000,I 85,I 85 and Pleasantdale Rd,,Sideswipe-Same Direction,2,Cloudy,Dry,Dark-Lighted
2020-12-28T18:45:00.000,I 85,I 85 and Pleasantdale Rd,,Rear End,2,Clear,Dry,Daylight
2020-12-21T14:32:00.000,I 85,I 85 and Pleasantdale Rd,,Not a Collision with Motor Vehicle,1,Clear,Dry,Daylight
2020-11-16T21:40:00.000,I 85,I 85 and Pleasantdale Rd,,Rear End,2,Clear,Dry,Daylight
2020-09-22T16:15:00.000,I 85,I 85 and Pleasantdale Rd,,Rear End,3,Clear,Dry,Daylight
2020-02-06T01:05:00.000,I 85,I 85 and Pleasantdale Rd,,Angle Crash,2,Rain,Wet,Dark-Lighted
2020-09-25T05:47:00.000,I 85,I 85 and Pleasantdale Rd,,Rear End,2,Rain,Water (standing or moving),Dawn
2020-02-26T15:48:00.000,I 85,I 85 and Pleasantdale Rd,,Rear End,2,Cloudy,Dry,Daylight
2020-08-30T04:25:00.000,I 85,I 85 and Pleasantdale Rd,,Sideswipe-Same Direction,2,Clear,Dry,Dark-Lighted
2021-05-25T10:10:00.000,I 85,I 85 and Pleasantdale Rd,,Sideswipe-Same Direction,2,Clear,Dry,Daylight
2021-06-17T18:00:00.000,I 85,I 85 and Pleasantdale Rd,,Angle Crash,2,Clear,Dry,Daylight
2021-04-14T13:15:00.000,I 85,I 85 and Pleasantdale Rd,,Sideswipe-Same Direction,2,Cloudy,Dry,Daylight
2021-04-19T06:19:00.000,I 85,I 85 and Pleasantdale Rd,,Sideswipe-Same Direction,2,Clear,Dry,Daylight
2021-04-26T01:05:00.000,I 85,I 85 and Pleasantdale Rd,,Not a Collision with Motor Vehicle,1,Clear,Dry,Dark-Not Lighted
2021-04-09T21:15:00.000,I 85,I 85 and Pleasantdale Rd,,Rear End,2,Clear,Dry,Daylight
2021-02-12T09:50:00.000,I 85,I 85 and Pleasantdale Rd,,Rear End,2,Cloudy,Wet,Daylight
2021-06-08T14:30:00.000,I 85,I 85 and Pleasantdale Rd,,Sideswipe-Same Direction,2,Cloudy,Dry,Daylight
2021-04-13T13:15:00.000,I 85,I 85 and Pleasantdale Rd,,Sideswipe-Same Direction,2,Clear,Dry,Daylight
2021-04-28T20:53:00.000,I 85,I 85 and Pleasantdale Rd,,Sideswipe-Same Direction,2,Clear,Dry,Dark-Lighted
2021-04-16T13:25:00.000,I 85,I 85 and Pleasantdale Rd,,Sideswipe-Same Direction,2,Clear,Dry,Daylight
2021-01-21T20:08:00.000,I 85,I 85 and Pleasantdale Rd,,Rear End,2,Cloudy,Wet,Dark-Lighted
2021-01-22T07:10:00.000,I 85,I 85 and Pleasantdale Rd,,Rear End,2,Cloudy,Dry,Dark-Lighted
2021-03-16T20:15:00.000,I 85,I 85 and Pleasantdale Rd,,Not a Collision with Motor Vehicle,1,Rain,Wet,Dark-Lighted
2021-06-17T19:00:00.000,I 85,I 85 and Pleasantdale Rd,,Sideswipe-Same Direction,2,Clear,Dry,Daylight
2021-04-24T09:10:00.000,I 85,I 85 and Pleasantdale Rd,,Sideswipe-Same Direction,2,Rain,Water (standing or moving),Daylight
2021-06-16T14:52:00.000,I 85,I 85 and Pleasantdale Rd,,Rear End,2,Clear,Dry,Daylight
2021-06-07T14:30:00.000,I 85,I 85 and Pleasantdale Rd,,Not a Collision with Motor Vehicle,1,Clear,Dry,Daylight
2021-03-14T17:55:00.000,I 85,I 85 and Pleasantdale Rd,,Sideswipe-Same Direction,2,Clear,Dry,Daylight
2021-05-10T14:30:00.000,I 85,I 85 and Pleasantdale Rd,,Sideswipe-Same Direction,2,Cloudy,Dry,Daylight
2021-01-26T18:10:00.000,I 85,I 85 and Pleasantdale Rd,,Rear End,2,Clear,Dry,Dark-Lighted
2021-05-14T14:18:00.000,I 85,I 85 and Pleasantdale Rd,,Angle Crash,2,Clear,Dry,Daylight
2021-05-07T18:03:00.000,I 85,I 85 and Pleasantdale Rd,,Rear End,2,Clear,Dry,Daylight
2021-02-27T00:05:00.000,I 85,I 85 and Pleasantdale Rd,,Rear End,2,Cloudy,Wet,Dark-Not Lighted
2021-06-01T16:17:00.000,I 85,I 85 and Pleasantdale Rd,,Sideswipe-Same Direction,2,Cloudy,Dry,Daylight
2021-04-04T21:04:00.000,I 85,I 85 and Pleasantdale Rd,,Angle Crash,2,Clear,Dry,Dark-Lighted
2021-04-24T23:50:00.000,I 85,I 85 and Pleasantdale Rd,,Sideswipe-Same Direction,2,Cloudy,Wet,Dark-Lighted
2021-01-14T16:20:00.000,I 85,I 85 and Pleasantdale Rd,,Rear End,2,Clear,Dry,Daylight
2021-04-22T16:43:00.000,I 85,I 85 and Pleasantdale Rd,,Not a Collision with Motor Vehicle,2,Clear,Dry,Daylight
2021-03-11T17:31:00.000,I 85,I 85 and Pleasantdale Rd,,Rear End,2,Clear,Dry,Daylight
2021-04-13T16:00:00.000,I 85,I 85 and Pleasantdale Rd,,Sideswipe-Same Direction,2,Clear,Dry,Daylight
2021-06-09T22:10:00.000,I 85,I 85 and Pleasantdale Rd,,Sideswipe-Same Direction,2,Rain,Wet,Dark-Not Lighted
2021-04-02T20:37:00.000,I 85,I 85 and Pleasantdale Rd,,Angle Crash,2,Clear,Dry,Dark-Lighted
2021-05-12T05:24:00.000,I 85,I 85 and Pleasantdale Rd,,Angle Crash,2,Rain,Wet,Dawn
2021-03-27T13:57:00.000,I 85,I 85 and Pleasantdale Rd,,Rear End,2,Clear,Dry,Daylight
2021-04-22T07:38:00.000,I 85,I 85 and Pleasantdale Rd,,Rear End,2,Clear,Dry,Daylight
2021-04-05T22:00:00.000,I 85,I 85 and Pleasantdale Rd,,Sideswipe-Same Direction,2,Clear,Dry,Dark-Lighted
2021-01-04T19:00:00.000,I 85,I 85 and Pleasantdale Rd,,Sideswipe-Same Direction,2,Cloudy,Dry,Daylight
2021-05-06T17:12:00.000,I 85,I 85 and Pleasantdale Rd,,Rear End,3,Clear,Dry,Daylight
2021-06-29T05:43:00.000,I 85,I 85 and Pleasantdale Rd,,Angle Crash,2,Rain,Wet,Dawn
2021-01-01T00:00:00.000,I 85,I 85 and Pleasantdale Rd,,Rear End,2,Clear,Wet,Dark-Lighted
2021-04-05T16:00:00.000,I 85,I 85 and Pleasantdale Rd,,Rear End,2,Clear,Dry,Daylight
2021-05-01T15:10:00.000,I 85,I 85 and Pleasantdale Rd,,Rear End,2,Clear,Dry,Daylight
2021-06-08T15:51:00.000,I 85,I 85 and Pleasantdale Rd,,Not a Collision with Motor Vehicle,1,Cloudy,Dry,Daylight
2021-06-17T18:46:00.000,I 85,I 85 and Pleasantdale Rd,,Sideswipe-Same Direction,2,Clear,Dry,Daylight
2021-05-15T13:30:00.000,I 85,I 85 and Pleasantdale Rd,,Rear End,2,Clear,Dry,Daylight
2021-04-16T08:35:00.000,I 85,I 85 and Pleasantdale Rd,,Rear End,3,Cloudy,Dry,Daylight
2021-04-10T14:30:00.000,I 85,I 85 and Pleasantdale Rd,,Rear End,2,Rain,Wet,Daylight
2021-02-15T15:15:00.000,I 85,I 85 and Pleasantdale Rd,,Sideswipe-Same Direction,2,Rain,Wet,Daylight
2021-04-20T08:40:00.000,I 85,I 85 and Pleasantdale Rd,,Rear End,3,Cloudy,Dry,Daylight
2021-02-11T20:49:00.000,I 85,I 85 and Pleasantdale Rd,,Sideswipe-Same Direction,2,Rain,Wet,Dark-Lighted
2021-02-17T14:22:00.000,I 85,I 85 and Pleasantdale Rd,,Angle Crash,2,Clear,Dry,Daylight
2021-11-29T15:47:00.000,I 85,I 85 and Pleasantdale Rd,,Rear End,2,Clear,Dry,Daylight
2021-10-28T16:26:00.000,I 85,I 85 and Pleasantdale Rd,,Sideswipe-Same Direction,3,Cloudy,Wet,Daylight
2021-11-26T16:37:00.000,I 85,I 85 and Pleasantdale Rd,,Rear End,2,Clear,Dry,Daylight
2021-08-18T16:40:00.000,I 85,I 85 and Pleasantdale Rd,,Sideswipe-Same Direction,2,Clear,Dry,Daylight
2021-10-28T17:57:00.000,I 85,I 85 and Pleasantdale Rd,,Sideswipe-Same Direction,2,Rain,Wet,Daylight
2021-12-15T13:07:00.000,I 85,I 85 and Pleasantdale Rd,,Rear End,2,Cloudy,Dry,Daylight
2021-11-09T12:15:00.000,I 85,I 85 and Pleasantdale Rd,,Sideswipe-Same Direction,2,Clear,Dry,Daylight
2021-10-07T06:32:00.000,I 85,I 85 and Pleasantdale Rd,,Sideswipe-Same Direction,2,Cloudy,Wet,Dark-Not Lighted
2021-12-09T08:26:00.000,I 85,I 85 and Pleasantdale Rd,,Sideswipe-Same Direction,2,Clear,Dry,Daylight
2021-10-06T08:36:00.000,I 85,I 85 and Pleasantdale Rd,,Rear End,2,Cloudy,Wet,Daylight
2021-08-10T19:07:00.000,I 85,I 85 and Pleasantdale Rd,,Sideswipe-Same Direction,2,Clear,Dry,Daylight
2021-09-03T13:51:00.000,I 85,I 85 and Pleasantdale Rd,,Angle Crash,2,Clear,Dry,Daylight
2021-09-20T13:45:00.000,I 85,I 85 and Pleasantdale Rd,,Sideswipe-Same Direction,2,Rain,Wet,Daylight
2021-11-10T14:35:00.000,I 85,I 85 and Pleasantdale Rd,,Angle Crash,2,Clear,Dry,Daylight
2021-12-01T06:00:00.000,I 85,I 85 and Pleasantdale Rd,,Sideswipe-Same Direction,2,Clear,Dry,Dark-Not Lighted
2021-12-13T16:45:00.000,I 85,I 85 and Pleasantdale Rd,,Sideswipe-Same Direction,2,Clear,Dry,Daylight
2021-08-18T15:30:00.000,I 85,I 85 and Pleasantdale Rd,,Rear End,2,Clear,Dry,Daylight
2021-12-10T15:50:00.000,I 85,I 85 and Pleasantdale Rd,,Rear End,2,Clear,Dry,Daylight
2021-10-25T17:26:00.000,I 85,I 85 and Pleasantdale Rd,,Rear End,2,Cloudy,Dry,Daylight
2021-09-23T15:01:00.000,I 85,I 85 and Pleasantdale Rd,,Sideswipe-Same Direction,2,Clear,Dry,Daylight