Date and Time,Roadway (From Crash Report),Intersection Name (from Crash Report),KABCO Severity,Manner of Collision (Crash Level) ,# of Vehicles per crash ,Weather Conditions (Crash Level),Surface Condition (Crash Level) ,Light Conditions (Crash Level)
2022-02-01T10:00:00.000,I 85,I 85 and Pleasantdale Rd,,Sideswipe-Same Direction,2,Cloudy,Dry,Daylight
2022-09-27T15:20:00.000,I 85,I 85 and Pleasantdale Rd,,Rear End,3,Clear,Dry,Daylight
2022-10-14T21:26:00.000,I 85,I 85 and Pleasantdale Rd,,Sideswipe-Same Direction,2,Clear,Dry,Dark-Lighted
2022-04-11T15:45:00.000,I 85,I 85 and Pleasantdale Rd,,Sideswipe-Same Direction,3,Clear,Dry,Daylight
2022-11-04T08:24:00.000,I 85,I 85 and Pleasantdale Rd,,Angle Crash,3,Clear,Dry,Daylight
2022-06-03T14:50:00.000,I 85,I 85 and Pleasantdale Rd,,Sideswipe-Same Direction,2,Clear,Dry,Daylight
2021-09-27T16:30:00.000,I 85,I 85 and Pleasantdale Rd,,Sideswipe-Same Direction,2,Clear,Dry,Daylight
2021-08-17T07:52:00.000,I 85,I 85 and Pleasantdale Rd,,Rear End,2,Rain,Wet,Daylight
2021-10-10T16:03:00.000,I 85,I 85 and Pleasantdale Rd,,Sideswipe-Same Direction,2,Clear,Dry,Daylight
2021-10-25T17:50:00.000,I 85,I 85 and Pleasantdale Rd,,Rear End,2,Clear,Dry,Daylight
2021-10-25T02:15:00.000,I 85,I 85 and Pleasantdale Rd,,Sideswipe-Same Direction,2,Clear,Dry,Dark-Lighted
2021-11-12T20:10:00.000,I 85,I 85 and Pleasantdale Rd,,Rear End,2,Clear,Dry,Dark-Lighted
2021-08-12T15:30:00.000,I 85,I 85 and Pleasantdale Rd,,Rear End,2,Clear,Dry,Daylight
2021-11-30T16:30:00.000,I 85,I 85 and Pleasantdale Rd,,Sideswipe-Same Direction,2,Clear,Dry,Daylight
2021-10-26T06:30:00.000,I 85,I 85 and Pleasantdale Rd,,Rear End,3,Cloudy,Dry,Dark-Lighted
2021-10-28T07:35:00.000,I 85,I 85 and Pleasantdale Rd,,Sideswipe-Same Direction,2,Rain,Wet,Dawn
2021-08-21T18:11:00.000,I 85,I 85 and Pleasantdale Rd,,Rear End,2,Cloudy,Dry,Daylight
2022-08-26T20:47:00.000,I 85,I 85 and Pleasantdale Rd,,Sideswipe-Same Direction,2,Cloudy,Dry,Dark-Lighted
2022-07-29T18:10:00.000,I 85,I 85 and Pleasantdale Rd,,Sideswipe-Same Direction,2,Clear,Dry,Daylight
2022-10-21T15:43:00.000,I 85,I 85 and Pleasantdale Rd,,Angle Crash,2,Clear,Dry,Daylight
2022-04-18T17:11:00.000,I 85,I 85 and Pleasantdale Rd,,Angle Crash,2,Cloudy,Dry,Daylight
2022-03-05T15:15:00.000,I 85,I 85 and Pleasantdale Rd,,Rear End,2,Clear,Dry,Daylight
2022-09-29T16:00:00.000,I 85,I 85 and Pleasantdale Rd,,Sideswipe-Same Direction,2,Clear,Dry,Daylight
2022-04-01T12:10:00.000,I 85,I 85 and Pleasantdale Rd,,Rear End,2,Clear,Dry,Daylight
2022-09-21T05:45:00.000,I 85,I 85 and Pleasantdale Rd,,Sideswipe-Same Direction,2,Clear,Dry,Dark-Lighted
2022-11-15T01:30:00.000,I 85,I 85 and Pleasantdale Rd,,Sideswipe-Same Direction,2,Clear,Dry,Dark-Lighted
2022-08-31T20:50:00.000,I 85,I 85 and Pleasantdale Rd,,Rear End,2,Clear,Dry,Daylight
2022-01-12T18:18:00.000,I 85,I 85 and Pleasantdale Rd,,Rear End,2,Clear,Dry,Dark-Lighted
2022-02-11T16:20:00.000,I 85,I 85 and Pleasantdale Rd,,Rear End,2,Clear,Dry,Daylight
2022-03-08T20:30:00.000,I 85,I 85 and Pleasantdale Rd,,Sideswipe-Same Direction,2,Rain,Wet,Dark-Not Lighted
2022-12-05T16:28:00.000,I 85,I 85 and Pleasantdale Rd,,Rear End,2,Rain,Wet,Daylight
2022-10-24T16:18:00.000,I 85,I 85 and Pleasantdale Rd,,Rear End,2,Cloudy,Dry,Daylight
2022-05-23T07:36:00.000,I 85,I 85 and Pleasantdale Rd,,Rear End,2,Rain,Wet,Daylight
2022-12-08T15:11:00.000,I 85,I 85 and Pleasantdale Rd,,Sideswipe-Same Direction,2,Clear,Dry,Daylight
2022-09-08T18:45:00.000,I 85,I 85 and Pleasantdale Rd,,Sideswipe-Same Direction,2,Cloudy,Dry,Daylight
2022-11-26T17:30:00.000,I 85,I 85 and Pleasantdale Rd,,Rear End,2,Cloudy,Dry,Daylight
2022-06-04T17:36:00.000,I 85,I 85 and Pleasantdale Rd,,Rear End,2,Clear,Dry,Daylight
2022-05-04T07:13:00.000,I 85,I 85 and Pleasantdale Rd,,Angle Crash,2,Rain,Wet,Daylight
2022-09-05T12:56:00.000,I 85,I 85 and Pleasantdale Rd,,Rear End,3,Cloudy,Dry,Daylight
2022-09-06T11:20:00.000,I 85,I 85 and Pleasantdale Rd,,Sideswipe-Same Direction,2,Clear,Dry,Daylight
2022-11-05T14:20:00.000,I 85,I 85 and Pleasantdale Rd,,Sideswipe-Same Direction,2,Clear,Dry,Daylight
2022-05-13T19:45:00.000,I 85,I 85 and Pleasantdale Rd,,Sideswipe-Same Direction,2,Clear,Wet,Daylight
2022-03-13T17:25:00.000,I 85,I 85 and Pleasantdale Rd,,Rear End,2,Clear,Dry,Daylight
2022-11-13T14:35:00.000,I 85,I 85 and Pleasantdale Rd,,Rear End,2,Clear,Dry,Daylight
2022-03-31T15:00:00.000,I 85,I 85 and Pleasantdale Rd,,Rear End,3,Clear,Dry,Daylight
2022-10-11T09:19:00.000,I 85,I 85 and Pleasantdale Rd,,Rear End,2,Clear,Dry,Daylight
2022-12-15T10:29:00.000,I 85,I 85 and Pleasantdale Rd,,Rear End,2,Clear,Wet,Dawn
2022-02-23T17:40:00.000,I 85,I 85 and Pleasantdale Rd,,Sideswipe-Same Direction,2,Clear,Dry,Daylight
2022-10-14T20:10:00.000,I 85,I 85 and Pleasantdale Rd,,Sideswipe-Same Direction,2,Clear,Dry,Dark-Lighted
2022-06-14T14:32:00.000,I 85,I 85 and Pleasantdale Rd,,Angle Crash,2,Clear,Dry,Daylight
2022-07-08T19:50:00.000,I 85,I 85 and Pleasantdale Rd,,Rear End,2,Clear,Dry,Daylight
2022-08-05T15:30:00.000,I 85,I 85 and Pleasantdale Rd,,Rear End,2,Cloudy,Dry,Daylight
2022-09-29T16:45:00.000,I 85,I 85 and Pleasantdale Rd,,Sideswipe-Same Direction,2,Clear,Dry,Daylight
2022-11-14T23:00:00.000,I 85,I 85 and Pleasantdale Rd,,Sideswipe-Same Direction,2,Clear,Dry,Dark-Lighted
2022-10-12T20:00:00.000,I 85,I 85 and Pleasantdale Rd,,Rear End,2,Clear,Dry,Daylight
2022-10-26T11:13:00.000,I 85,I 85 and Pleasantdale Rd,,Rear End,3,Clear,Dry,Daylight
2022-03-01T17:06:00.000,I 85,I 85 and Pleasantdale Rd,,Sideswipe-Same Direction,2,Clear,Dry,Daylight
2022-07-18T16:58:00.000,I 85,I 85 and Pleasantdale Rd,,Sideswipe-Same Direction,2,Cloudy,Dry,Daylight
2022-07-05T14:35:00.000,I 85,I 85 and Pleasantdale Rd,,Rear End,2,Clear,Dry,Daylight
2022-10-23T16:21:00.000,I 85,I 85 and Pleasantdale Rd,,Rear End,3,Clear,Dry,Daylight
2022-11-07T21:00:00.000,I 85,I 85 and Pleasantdale Rd,,Rear End,2,Clear,Dry,Dark-Lighted
2022-08-19T12:15:00.000,I 85,I 85 and Pleasantdale Rd,,Rear End,2,Cloudy,Dry,Daylight
2022-02-21T15:15:00.000,I 85,I 85 and Pleasantdale Rd,,Rear End,2,Rain,Wet,Daylight
2022-02-19T18:20:00.000,I 85,I 85 and Pleasantdale Rd,,Sideswipe-Same Direction,2,Clear,Dry,Dark-Lighted
2022-01-10T08:00:00.000,I 85,I 85 and Pleasantdale Rd,,Rear End,2,Clear,Dry,Daylight
2022-09-15T15:02:00.000,I 85,I 85 and Pleasantdale Rd,,Angle Crash,2,Clear,Dry,Daylight
2022-08-15T20:00:00.000,I 85,I 85 and Pleasantdale Rd,,Not a Collision with Motor Vehicle,1,Clear,Dry,Dark-Lighted
2022-03-24T18:30:00.000,I 85,I 85 and Pleasantdale Rd,,Rear End,2,Clear,Dry,Daylight
2022-03-29T17:43:00.000,I 85,I 85 and Pleasantdale Rd,,Rear End,2,Clear,Dry,Daylight
2022-12-13T16:56:00.000,I 85,I 85 and Pleasantdale Rd,,Rear End,2,Cloudy,Dry,Daylight
2022-03-02T20:30:00.000,I 85,I 85 and Pleasantdale Rd,,Rear End,3,Clear,Dry,Dark-Lighted
2022-06-17T14:37:00.000,I 85,I 85 and Pleasantdale Rd,,Rear End,2,Cloudy,Dry,Daylight
2022-01-20T16:55:00.000,I 85,I 85 and Pleasantdale Rd,,Sideswipe-Same Direction,2,Cloudy,Wet,Daylight
2022-01-23T15:21:00.000,I 85,I 85 and Pleasantdale Rd,,Rear End,3,Clear,Dry,Daylight
2022-07-21T07:32:00.000,I 85,I 85 and Pleasantdale Rd,,Rear End,2,Rain,Wet,Dawn
2022-03-03T17:01:00.000,I 85,I 85 and Pleasantdale Rd,,Rear End,2,Clear,Dry,Daylight
2022-03-14T16:25:00.000,I 85,I 85 and Pleasantdale Rd,,Angle Crash,5,Clear,Dry,Daylight
2022-07-06T10:00:00.000,I 85,I 85 and Pleasantdale Rd,,Rear End,2,Clear,Dry,Daylight
2022-07-21T12:30:00.000,I 85,I 85 and Pleasantdale Rd,,Sideswipe-Same Direction,2,Cloudy,Dry,Daylight
2022-12-09T17:20:00.000,I 85,I 85 and Pleasantdale Rd,,Angle Crash,2,Rain,Wet,Dark-Lighted
2022-08-11T16:40:00.000,I 85,I 85 and Pleasantdale Rd,,Rear End,2,Cloudy,Wet,Daylight
2022-11-30T07:30:00.000,I 85,I 85 and Pleasantdale Rd,,Rear End,2,Cloudy,Wet,Dark-Lighted
2022-06-07T16:40:00.000,I 85,I 85 and Pleasantdale Rd,,Rear End,2,Cloudy,Dry,Daylight
2022-08-12T19:18:00.000,I 85,I 85 and Pleasantdale Rd,,Rear End,2,Clear,Dry,Daylight
2022-02-24T17:00:00.000,I 85,I 85 and Pleasantdale Rd,,Rear End,2,Clear,Dry,Daylight
2022-10-31T19:46:00.000,I 85,I 85 and Pleasantdale Rd,,Rear End,3,Cloudy,Dry,Dark-Lighted
2022-07-19T13:09:00.000,I 85,I 85 and Pleasantdale Rd,,Rear End,2,Rain,Wet,Daylight
2022-03-03T13:55:00.000,I 85,I 85 and Pleasantdale Rd,,Rear End,3,Clear,Dry,Daylight
2022-09-18T15:00:00.000,I 85,I 85 and Pleasantdale Rd,,Rear End,2,Clear,Dry,Daylight
2022-05-31T12:13:00.000,I 85,I 85 and Pleasantdale Rd,,Angle Crash,3,Clear,Dry,Daylight
2022-02-16T19:20:00.000,I 85,I 85 and Pleasantdale Rd,,Rear End,2,Clear,Dry,Dark-Lighted
2022-12-21T12:31:00.000,I 85,I 85 and Pleasantdale Rd,,Sideswipe-Same Direction,2,Cloudy,Dry,Daylight
2022-05-19T14:30:00.000,I 85,I 85 and Pleasantdale Rd,,Rear End,2,Clear,Dry,Daylight
2022-06-05T15:28:00.000,I 85,I 85 and Pleasantdale Rd,,Rear End,2,Clear,Dry,Daylight
2022-04-22T12:40:00.000,I 85,I 85 and Pleasantdale Rd,,Sideswipe-Same Direction,2,Clear,Dry,Daylight
2022-04-11T11:10:00.000,I 85,I 85 and Pleasantdale Rd,,Rear End,2,Cloudy,Dry,Daylight
2022-10-10T20:00:00.000,I 85,I 85 and Pleasantdale Rd,,Rear End,2,Clear,Dry,Dark-Lighted
2022-01-28T12:07:00.000,I 85,I 85 and Pleasantdale Rd,,Sideswipe-Same Direction,2,Cloudy,Dry,Daylight
2022-11-02T18:45:00.000,I 85,I 85 and Pleasantdale Rd,,Rear End,2,Clear,Dry,Dark-Not Lighted
2022-04-19T15:20:00.000,I 85,I 85 and Pleasantdale Rd,,Rear End,2,Clear,Dry,Daylight
2022-04-26T13:00:00.000,I 85,I 85 and Pleasantdale Rd,,Rear End,2,Clear,Dry,Daylight
2022-01-04T16:45:00.000,I 85,I 85 and Pleasantdale Rd,,Not a Collision with Motor Vehicle,1,Clear,Dry,Daylight
2022-03-16T14:40:00.000,I 85,I 85 and Pleasantdale Rd,,Sideswipe-Same Direction,2,Cloudy,Dry,Daylight
2022-06-09T18:00:00.000,I 85,I 85 and Pleasantdale Rd,,Rear End,2,Clear,Dry,Daylight
2022-08-25T10:00:00.000,I 85,I 85 and Pleasantdale Rd,,Sideswipe-Same Direction,2,Rain,Wet,Daylight
2022-03-06T23:45:00.000,I 85,I 85 and Pleasantdale Rd,,Rear End,2,Clear,Dry,Dark-Not Lighted
2022-01-09T20:03:00.000,I 85,I 85 and Pleasantdale Rd,,Angle Crash,3,Rain,Wet,Dark-Lighted
2022-01-20T16:00:00.000,I 85,I 85 and Pleasantdale Rd,,Rear End,2,Cloudy,Dry,Daylight
2022-03-01T12:17:00.000,I 85,I 85 and Pleasantdale Rd,,Sideswipe-Same Direction,2,Clear,Dry,Daylight
2022-11-04T09:25:00.000,I 85,I 85 and Pleasantdale Rd,,Rear End,2,Clear,Dry,Daylight
2022-05-14T15:55:00.000,I 85,I 85 and Pleasantdale Rd,,Angle Crash,2,Clear,Dry,Dawn
2022-11-11T13:15:00.000,I 85,I 85 and Pleasantdale Rd,,Sideswipe-Same Direction,3,Rain,Wet,Daylight
2022-04-21T14:21:00.000,I 85,I 85 and Pleasantdale Rd,,Rear End,2,Clear,Dry,Daylight
2022-06-11T15:24:00.000,I 85,I 85 and Pleasantdale Rd,,Rear End,3,Clear,Dry,Daylight
2022-01-30T03:59:00.000,I 85,I 85 and Pleasantdale Rd,,Not a Collision with Motor Vehicle,1,Clear,Dry,Dark-Lighted
2022-07-19T16:00:00.000,I 85,I 85 and Pleasantdale Rd,,Rear End,2,Cloudy,Dry,Daylight
2022-12-14T14:30:00.000,I 85,I 85 and Pleasantdale Rd,,Rear End,2,Rain,Wet,Daylight
2022-06-14T22:21:00.000,I 85,I 85 and Pleasantdale Rd,,Not a Collision with Motor Vehicle,1,Clear,Dry,Dark-Not Lighted
2022-06-13T16:14:00.000,I 85,I 85 and Pleasantdale Rd,,Angle Crash,2,Clear,Dry,Daylight
2022-03-25T19:20:00.000,I 85,I 85 and Pleasantdale Rd,,Sideswipe-Same Direction,2,Clear,Dry,Dark-Lighted
2022-12-11T13:09:00.000,I 85,I 85 and Pleasantdale Rd,,Rear End,2,Rain,Wet,Daylight
2022-08-05T23:06:00.000,I 85,I 85 and Pleasantdale Rd,,Sideswipe-Same Direction,2,Clear,Dry,Dark-Lighted
2022-05-10T05:55:00.000,I 85,I 85 and Pleasantdale Rd,,Angle Crash,2,Cloudy,Dry,Dark-Lighted
2022-06-24T17:35:00.000,I 85,I 85 and Pleasantdale Rd,,Sideswipe-Same Direction,2,Clear,Dry,Daylight
2022-04-20T18:10:00.000,I 85,I 85 and Pleasantdale Rd,,Sideswipe-Same Direction,2,Cloudy,Dry,Daylight
2022-06-10T18:12:00.000,I 85,I 85 and Pleasantdale Rd,,Rear End,2,Clear,Dry,Daylight
2022-09-26T08:55:00.000,I 85,I 85 and Pleasantdale Rd,,Angle Crash,2,Clear,Dry,Daylight
2022-09-22T14:22:00.000,I 85,I 85 and Pleasantdale Rd,,Sideswipe-Same Direction,2,Clear,Dry,Daylight
2022-09-15T08:26:00.000,I 85,I 85 and Pleasantdale Rd,,Not a Collision with Motor Vehicle,1,Clear,Dry,Daylight
2022-09-29T20:20:00.000,I 85,I 85 and Pleasantdale Rd,,Rear End,2,Clear,Dry,Dark-Lighted
2022-11-20T14:20:00.000,I 85,I 85 and Pleasantdale Rd,,Sideswipe-Same Direction,2,Clear,Dry,Daylight
2022-11-01T16:15:00.000,I 85,I 85 and Pleasantdale Rd,,Sideswipe-Same Direction,2,Cloudy,Dry,Daylight
2022-09-09T13:29:00.000,I 85,I 85 and Pleasantdale Rd,,Sideswipe-Same Direction,2,Cloudy,Dry,Daylight
2022-03-17T15:45:00.000,I 85,I 85 and Pleasantdale Rd,,Rear End,2,Clear,Dry,Daylight
2022-06-26T15:20:00.000,I 85,I 85 and Pleasantdale Rd,,Rear End,2,Cloudy,Dry,Daylight
2022-04-11T10:50:00.000,I 85,I 85 and Pleasantdale Rd,,Sideswipe-Same Direction,2,Cloudy,Dry,Daylight
2022-04-22T06:43:00.000,I 85,I 85 and Pleasantdale Rd,,Rear End,3,Clear,Dry,Daylight
2022-05-29T18:30:00.000,I 85,I 85 and Pleasantdale Rd,,Rear End,2,Clear,Dry,Daylight
2022-09-27T17:30:00.000,I 85,I 85 and Pleasantdale Rd,,Rear End,3,Cloudy,Dry,Daylight
2022-12-05T08:37:00.000,I 85,I 85 and Pleasantdale Rd,,Sideswipe-Same Direction,2,Rain,Wet,Daylight
2022-04-19T15:20:00.000,I 85,I 85 and Pleasantdale Rd,,Rear End,2,Clear,Dry,Daylight
2022-03-15T09:54:00.000,I 85,I 85 and Pleasantdale Rd,,Rear End,2,Cloudy,Dry,Daylight
2022-02-19T21:30:00.000,I 85,I 85 and Pleasantdale Rd,,Rear End,2,Clear,Dry,Dark-Lighted
2022-12-06T06:20:00.000,I 85,I 85 and Pleasantdale Rd,,Sideswipe-Same Direction,2,Cloudy,Dry,Dark-Lighted
2022-05-03T16:44:00.000,I 85,I 85 and Pleasantdale Rd,,Angle Crash,3,Clear,Dry,Daylight
2022-11-20T22:00:00.000,I 85,I 85 and Pleasantdale Rd,,Sideswipe-Same Direction,2,Clear,Dry,Dark-Lighted
2022-02-21T15:10:00.000,I 85,I 85 and Pleasantdale Rd,,Rear End,2,Rain,Wet,Daylight
2022-05-04T15:58:00.000,I 85,I 85 and Pleasantdale Rd,,Sideswipe-Same Direction,2,Clear,Dry,Daylight
2022-03-12T18:58:00.000,I 85,I 85 and Pleasantdale Rd,,Sideswipe-Same Direction,2,Clear,Dry,Daylight
2022-09-26T18:20:00.000,I 85,I 85 and Pleasantdale Rd,,Rear End,3,Clear,Dry,Daylight
2022-01-30T15:00:00.000,I 85,I 85 and Pleasantdale Rd,,Rear End,3,Clear,Dry,Daylight
2022-06-09T19:00:00.000,I 85,I 85 and Pleasantdale Rd,,Rear End,2,Clear,Dry,Daylight
2022-03-10T16:12:00.000,I 85,I 85 and Pleasantdale Rd,,Rear End,3,Clear,Dry,Daylight
2022-11-25T07:01:00.000,I 85,I 85 and Pleasantdale Rd,,Rear End,2,Clear,Wet,Daylight
2022-06-08T18:20:00.000,I 85,I 85 and Pleasantdale Rd,,Rear End,2,Clear,Dry,Daylight
2022-08-18T18:45:00.000,I 85,I 85 and Pleasantdale Rd,,Rear End,2,Cloudy,Dry,Daylight
2022-04-07T15:23:00.000,I 85,I 85 and Pleasantdale Rd,,Angle Crash,2,Clear,Dry,Daylight
2022-02-24T10:52:00.000,I 85,I 85 and Pleasantdale Rd,,Rear End,3,Cloudy,Dry,Daylight
2022-06-14T15:30:00.000,I 85,I 85 and Pleasantdale Rd,,Rear End,2,Clear,Dry,Daylight
2022-07-07T16:10:00.000,I 85,I 85 and Pleasantdale Rd,,Rear End,5,Rain,Wet,Daylight
2022-10-01T06:30:00.000,I 85,I 85 and Pleasantdale Rd,,Sideswipe-Same Direction,2,Clear,Dry,Dark-Lighted
2022-04-26T14:46:00.000,I 85,I 85 and Pleasantdale Rd,,Angle Crash,4,Cloudy,Wet,Daylight
2022-05-03T15:28:00.000,I 85,I 85 and Pleasantdale Rd,,Rear End,2,Cloudy,Dry,Daylight
2022-09-26T20:30:00.000,I 85,I 85 and Pleasantdale Rd,,Sideswipe-Same Direction,2,Clear,Dry,Dark-Lighted
2022-12-30T18:40:00.000,I 85,I 85 and Pleasantdale Rd,,Rear End,2,Clear,Dry,Daylight
2022-12-14T18:15:00.000,I 85,I 85 and Pleasantdale Rd,,Rear End,3,Rain,Wet,Dark-Lighted
2022-12-30T19:00:00.000,I 85,I 85 and Pleasantdale Rd,,Sideswipe-Same Direction,2,Clear,Dry,Daylight
2022-10-28T16:51:00.000,I 85,I 85 and Pleasantdale Rd,,Sideswipe-Same Direction,2,Clear,Dry,Daylight
2022-07-16T12:35:00.000,I 85,I 85 and Pleasantdale Rd,,Angle Crash,2,Clear,Dry,Daylight
2022-11-23T14:00:00.000,I 85,I 85 and Pleasantdale Rd,,Angle Crash,2,Clear,Dry,Daylight
2022-06-03T15:12:00.000,I 85,I 85 and Pleasantdale Rd,,Sideswipe-Same Direction,2,Clear,Dry,Daylight
2022-02-25T17:15:00.000,I 85,I 85 and Pleasantdale Rd,,Sideswipe-Same Direction,2,Cloudy,Dry,Daylight
2022-11-04T19:50:00.000,I 85,I 85 and Pleasantdale Rd,,Rear End,2,Clear,Dry,Dark-Lighted
2022-03-26T20:49:00.000,I 85,I 85 and Pleasantdale Rd,,Rear End,2,Clear,Dry,Daylight
2022-10-14T12:25:00.000,I 85,I 85 and Pleasantdale Rd,,Rear End,2,Clear,Dry,Daylight
2022-09-29T15:07:00.000,I 85,I 85 and Pleasantdale Rd,,Angle Crash,3,Clear,Dry,Daylight
2022-05-04T18:30:00.000,I 85,I 85 and Pleasantdale Rd,,Rear End,2,Clear,Dry,Daylight
2022-07-23T16:10:00.000,I 85,I 85 and Pleasantdale Rd,,Rear End,2,Clear,Dry,Daylight
2022-10-21T18:51:00.000,I 85,I 85 and Pleasantdale Rd,,Angle Crash,2,Clear,Dry,Daylight
2022-12-06T12:54:00.000,I 85,I 85 and Pleasantdale Rd,,Rear End,2,Cloudy,Dry,Daylight
2022-04-18T15:30:00.000,I 85,I 85 and Pleasantdale Rd,,Sideswipe-Same Direction,2,Cloudy,Dry,Daylight
2022-03-15T15:55:00.000,I 85,I 85 and Pleasantdale Rd,,Rear End,2,Cloudy,Wet,Daylight
2022-12-21T22:21:00.000,I 85,I 85 and Pleasantdale Rd,,Sideswipe-Same Direction,2,Rain,Wet,Dark-Lighted
2022-04-15T16:28:00.000,I 85,I 85 and Pleasantdale Rd,,Rear End,2,Clear,Dry,Daylight
2022-04-16T15:10:00.000,I 85,I 85 and Pleasantdale Rd,,Rear End,2,Clear,Dry,Daylight
2022-01-14T18:44:00.000,I 85,I 85 and Pleasantdale Rd,,Sideswipe-Same Direction,2,Clear,Dry,Daylight
2022-11-30T18:50:00.000,I 85,I 85 and Pleasantdale Rd,,Rear End,2,Clear,Dry,Dark-Lighted
2022-11-23T19:21:00.000,I 85,I 85 and Pleasantdale Rd,,Sideswipe-Same Direction,2,Clear,Dry,Dark-Not Lighted
2022-09-20T19:20:00.000,I 85,I 85 and Pleasantdale Rd,,Rear End,2,Clear,Dry,Daylight
2022-08-25T17:02:00.000,I 85,I 85 and Pleasantdale Rd,,Rear End,2,Cloudy,Dry,Daylight
2022-07-08T15:00:00.000,I 85,I 85 and Pleasantdale Rd,,Sideswipe-Same Direction,2,Clear,Dry,Daylight
2022-01-26T15:51:00.000,I 85,I 85 and Pleasantdale Rd,,Rear End,2,Cloudy,Dry,Daylight
2022-03-10T15:00:00.000,I 85,I 85 and Pleasantdale Rd,,Rear End,2,Clear,Dry,Daylight
2022-04-13T16:52:00.000,I 85,I 85 and Pleasantdale Rd,,Rear End,2,Clear,Dry,Daylight
2022-10-31T13:31:00.000,I 85,I 85 and Pleasantdale Rd,,Rear End,4,Cloudy,Wet,Daylight
2022-10-07T15:10:00.000,I 85,I 85 and Pleasantdale Rd,,Sideswipe-Same Direction,2,Clear,Dry,Daylight
2022-09-18T17:35:00.000,I 85,I 85 and Pleasantdale Rd,,Sideswipe-Same Direction,2,Clear,Dry,Daylight
2022-06-08T19:10:00.000,I 85,I 85 and Pleasantdale Rd,,Rear End,2,Clear,Dry,Daylight
2022-04-06T19:17:00.000,I 85,I 85 and Pleasantdale Rd,,Sideswipe-Same Direction,2,Cloudy,Wet,Daylight
2022-12-03T18:30:00.000,I 85,I 85 and Pleasantdale Rd,,Sideswipe-Same Direction,2,Cloudy,Wet,Dark-Lighted
2022-01-13T17:10:00.000,I 85,I 85 and Pleasantdale Rd,,Sideswipe-Same Direction,2,Clear,Dry,Daylight
2022-01-21T19:00:00.000,I 85,I 85 and Pleasantdale Rd,,Rear End,2,Clear,Dry,Dark-Lighted
2022-01-29T00:00:00.000,I 85,I 85 and Pleasantdale Rd,,Rear End,2,Clear,Dry,Daylight
2022-03-11T16:01:00.000,I 85,I 85 and Pleasantdale Rd,,Sideswipe-Same Direction,2,Cloudy,Dry,Daylight
2022-12-12T18:30:00.000,I 85,I 85 and Pleasantdale Rd,,Sideswipe-Same Direction,2,Cloudy,Dry,Dark-Lighted
2022-01-02T23:02:00.000,I 85,I 85 and Pleasantdale Rd,,Not a Collision with Motor Vehicle,1,Rain,Wet,Dark-Lighted
2022-09-20T00:02:00.000,I 85,I 85 and Pleasantdale Rd,,Sideswipe-Same Direction,2,Clear,Dry,Dark-Lighted
2022-05-04T17:05:00.000,I 85,I 85 and Pleasantdale Rd,,Sideswipe-Same Direction,2,Clear,Dry,Daylight
2022-07-19T16:05:00.000,I 85,I 85 and Pleasantdale Rd,,Rear End,3,Cloudy,Dry,Daylight
2022-05-05T20:45:00.000,I 85,I 85 and Pleasantdale Rd,,Not a Collision with Motor Vehicle,2,Clear,Dry,Daylight
2022-11-07T20:00:00.000,I 85,I 85 and Pleasantdale Rd,,Rear End,2,Clear,Dry,Dark-Lighted
2022-11-18T09:20:00.000,I 85,I 85 and Pleasantdale Rd,,Rear End,2,Clear,Dry,Daylight
2022-08-28T16:10:00.000,I 85,I 85 and Pleasantdale Rd,,Rear End,2,Clear,Dry,Daylight
2022-03-07T15:18:00.000,I 85,I 85 and Pleasantdale Rd,,Sideswipe-Same Direction,3,Cloudy,Dry,Daylight
2022-08-28T16:10:00.000,I 85,I 85 and Pleasantdale Rd,,Sideswipe-Same Direction,2,Clear,Dry,Daylight
2022-03-10T17:53:00.000,I 85,I 85 and Pleasantdale Rd,,Sideswipe-Same Direction,2,Clear,Dry,Daylight
2022-12-03T17:01:00.000,I 85,I 85 and Pleasantdale Rd,,Angle Crash,3,Cloudy,Wet,Daylight
2022-11-23T15:30:00.000,I 85,I 85 and Pleasantdale Rd,,Rear End,2,Clear,Dry,Daylight
2022-09-20T18:00:00.000,I 85,I 85 and Pleasantdale Rd,,Rear End,4,Clear,Dry,Daylight
2022-06-20T10:07:00.000,I 85,I 85 and Pleasantdale Rd,,Sideswipe-Same Direction,2,Clear,Dry,Daylight
2022-03-17T09:13:00.000,I 85,I 85 and Pleasantdale Rd,,Rear End,2,Cloudy,Dry,Daylight
2022-02-11T17:43:00.000,I 85,I 85 and Pleasantdale Rd,,Rear End,2,Clear,Dry,Daylight
2022-04-23T14:35:00.000,I 85,I 85 and Pleasantdale Rd,,Rear End,2,Clear,Dry,Daylight
2022-09-14T20:00:00.000,I 85,I 85 and Pleasantdale Rd,,Rear End,2,Clear,Dry,Dark-Not Lighted
2022-11-10T20:10:00.000,I 85,I 85 and Pleasantdale Rd,,Rear End,2,Rain,Wet,Daylight
2022-06-07T17:10:00.000,I 85,I 85 and Pleasantdale Rd,,Rear End,2,Clear,Dry,Daylight
2022-09-15T20:15:00.000,I 85,I 85 and Pleasantdale Rd,,Rear End,2,Clear,Dry,Dark-Lighted
2022-03-16T07:00:00.000,I 85,I 85 and Pleasantdale Rd,,Sideswipe-Same Direction,2,Rain,Wet,Daylight
2022-09-20T07:30:00.000,I 85,I 85 and Pleasantdale Rd,,Rear End,3,Cloudy,Dry,Daylight
2022-06-21T18:00:00.000,I 85,I 85 and Pleasantdale Rd,,Rear End,2,Clear,Dry,Daylight
2022-08-16T17:05:00.000,I 85,I 85 and Pleasantdale Rd,,Rear End,2,Clear,Dry,Daylight
2022-09-08T17:20:00.000,I 85,I 85 and Pleasantdale Rd,,Sideswipe-Same Direction,2,Clear,Dry,Daylight
2022-07-24T16:30:00.000,I 85,I 85 and Pleasantdale Rd,,Sideswipe-Same Direction,2,Clear,Dry,Daylight