Date and Time,Roadway (From Crash Report),Intersection Name (from Crash Report),KABCO Severity,Manner of Collision (Crash Level) ,# of Vehicles per crash ,Weather Conditions (Crash Level),Surface Condition (Crash Level) ,Light Conditions (Crash Level)
2022-09-27T15:00:00.000,I 85,I 85 and Pleasantdale Rd,,Rear End,2,Clear,Dry,Daylight
2022-12-19T06:54:00.000,I 85,I 85 and Pleasantdale Rd,,Rear End,2,Clear,Dry,Dark-Lighted
2022-04-13T17:56:00.000,I 85,I 85 and Pleasantdale Rd,,Rear End,2,Clear,Dry,Daylight
2022-02-10T00:43:00.000,I 85,I 85 and Pleasantdale Rd,,Not a Collision with Motor Vehicle,1,Clear,Dry,Dark-Lighted
2022-07-08T16:00:00.000,I 85,I 85 and Pleasantdale Rd,,Rear End,2,Clear,Dry,Daylight
2022-07-14T10:54:00.000,I 85,I 85 and Pleasantdale Rd,,Angle Crash,2,Cloudy,Dry,Daylight
2022-05-16T14:27:00.000,I 85,I 85 and Pleasantdale Rd,,Sideswipe-Same Direction,2,Clear,Dry,Daylight
2022-11-07T19:29:00.000,I 85,I 85 and Pleasantdale Rd,,Sideswipe-Same Direction,3,Clear,Dry,Dark-Not Lighted
2022-07-08T18:24:00.000,I 85,I 85 and Pleasantdale Rd,,Rear End,2,Clear,Dry,Daylight
2022-01-20T14:05:00.000,I 85,I 85 and Pleasantdale Rd,,Sideswipe-Same Direction,2,Rain,Wet,Daylight
2022-10-31T17:35:00.000,I 85,I 85 and Pleasantdale Rd,,Rear End,2,Clear,Dry,Daylight
2022-02-04T10:00:00.000,I 85,I 85 and Pleasantdale Rd,,Rear End,2,Rain,Wet,Daylight
2022-07-24T18:00:00.000,I 85,I 85 and Pleasantdale Rd,,Rear End,2,Clear,Dry,Daylight
2022-04-17T18:00:00.000,I 85,I 85 and Pleasantdale Rd,,Rear End,2,Clear,Dry,Daylight
2022-07-21T23:06:00.000,I 85,I 85 and Pleasantdale Rd,,Sideswipe-Same Direction,2,Clear,Dry,Dark-Not Lighted
2022-05-19T20:59:00.000,I 85,I 85 and Pleasantdale Rd,,Not a Collision with Motor Vehicle,1,Clear,Dry,Dark-Lighted
2022-04-26T18:00:00.000,I 85,I 85 and Pleasantdale Rd,,Sideswipe-Same Direction,2,Clear,Dry,Daylight
2022-01-18T10:45:00.000,I 85,I 85 and Pleasantdale Rd,,Sideswipe-Same Direction,2,Clear,Dry,Daylight
2022-07-08T15:00:00.000,I 85,I 85 and Pleasantdale Rd,,Not a Collision with Motor Vehicle,2,Clear,Dry,Daylight
2022-10-23T03:34:00.000,I 85,I 85 and Pleasantdale Rd,,Not a Collision with Motor Vehicle,1,Clear,Dry,Dark-Not Lighted
2022-11-08T17:53:00.000,I 85,I 85 and Pleasantdale Rd,,Rear End,2,Clear,Dry,Dark-Lighted
2022-04-18T14:19:00.000,I 85,I 85 and Pleasantdale Rd,,Rear End,3,Clear,Dry,Daylight
2022-07-27T19:35:00.000,I 85,I 85 and Pleasantdale Rd,,Sideswipe-Same Direction,2,Clear,Dry,Daylight
2022-05-29T14:24:00.000,I 85,I 85 and Pleasantdale Rd,,Rear End,2,Clear,Dry,Daylight
2022-01-20T18:50:00.000,I 85,I 85 and Pleasantdale Rd,,Rear End,2,Cloudy,Dry,Dark-Lighted
2022-05-10T18:00:00.000,I 85,I 85 and Pleasantdale Rd,,Rear End,2,Clear,Dry,Daylight
2022-04-26T13:30:00.000,I 85,I 85 and Pleasantdale Rd,,Rear End,2,Cloudy,Dry,Daylight
2022-07-16T16:58:00.000,I 85,I 85 and Pleasantdale Rd,,Sideswipe-Same Direction,2,Clear,Dry,Daylight
2022-01-23T11:28:00.000,I 85,I 85 and Pleasantdale Rd,,Sideswipe-Same Direction,2,Clear,Dry,Daylight
2022-09-13T16:50:00.000,I 85,I 85 and Pleasantdale Rd,,Rear End,2,Clear,Dry,Daylight
2022-05-04T18:30:00.000,I 85,I 85 and Pleasantdale Rd,,Rear End,2,Clear,Dry,Daylight
2022-08-08T17:10:00.000,I 85,I 85 and Pleasantdale Rd,,Sideswipe-Same Direction,2,Cloudy,Dry,Daylight
2022-05-09T19:20:00.000,I 85,I 85 and Pleasantdale Rd,,Angle Crash,2,Clear,Dry,Daylight
2022-02-08T19:40:00.000,I 85,I 85 and Pleasantdale Rd,,Rear End,3,Cloudy,Dry,Dark-Lighted
2022-03-03T16:37:00.000,I 85,I 85 and Pleasantdale Rd,,Sideswipe-Same Direction,2,Clear,Dry,Daylight
2022-09-25T20:20:00.000,I 85,I 85 and Pleasantdale Rd,,Sideswipe-Same Direction,2,Clear,Dry,Dark-Lighted
2023-10-25T20:45:00.000,I 85,I 85 and Pleasantdale Rd,,Rear End,2,Clear,Dry,Dark-Not Lighted
2023-09-15T11:30:00.000,I 85,I 85 and Pleasantdale Rd,,Rear End,2,Rain,Wet,Daylight
2023-05-06T04:03:00.000,I 85,I 85 and Pleasantdale Rd,,Rear End,2,Clear,Dry,Dark-Lighted
2023-03-25T14:33:00.000,I 85,I 85 and Pleasantdale Rd,,Rear End,2,Clear,Dry,Daylight
2023-12-16T23:20:00.000,I 85,I 85 and Pleasantdale Rd,,Rear End,2,Rain,Wet,Dark-Not Lighted
2023-06-26T14:59:00.000,I 85,I 85 and Pleasantdale Rd,,Angle Crash,3,Clear,Dry,Daylight
2023-06-01T07:05:00.000,I 85,I 85 and Pleasantdale Rd,,Rear End,2,Cloudy,Dry,Dawn
2023-08-28T14:15:00.000,I 85,I 85 and Pleasantdale Rd,,Not a Collision with Motor Vehicle,2,Clear,Dry,Daylight
2023-11-26T17:30:00.000,I 85,I 85 and Pleasantdale Rd,,Rear End,3,Rain,Wet,Dark-Lighted
2023-02-09T18:03:00.000,I 85,I 85 and Pleasantdale Rd,,Rear End,2,Rain,Wet,Daylight
2023-09-22T16:30:00.000,I 85,I 85 and Pleasantdale Rd,,Sideswipe-Same Direction,2,Clear,Dry,Daylight
2023-01-02T18:22:00.000,I 85,I 85 and Pleasantdale Rd,,Rear End,2,Cloudy,Dry,Dark-Lighted
2023-10-11T15:30:00.000,I 85,I 85 and Pleasantdale Rd,,Rear End,2,Cloudy,Dry,Daylight
2023-08-02T17:20:00.000,I 85,I 85 and Pleasantdale Rd,,Sideswipe-Same Direction,2,Clear,Dry,Daylight
2023-04-14T13:20:00.000,I 85,I 85 and Pleasantdale Rd,,Sideswipe-Same Direction,2,Cloudy,Wet,Daylight
2023-05-09T16:55:00.000,I 85,I 85 and Pleasantdale Rd,,Sideswipe-Same Direction,2,Clear,Dry,Daylight
2023-12-08T14:20:00.000,I 85,I 85 and Pleasantdale Rd,,Rear End,2,Clear,Dry,Daylight
2024-09-09T22:50:00.000,I 85,I 85 and Pleasantdale Rd,,Rear End,2,Clear,Dry,Dark-Not Lighted
2024-05-09T16:25:00.000,I 85,I 85 and Pleasantdale Rd,,Rear End,2,Rain,Wet,Daylight
2024-05-02T14:50:00.000,I 85,I 85 and Pleasantdale Rd,,Sideswipe-Same Direction,2,Clear,Dry,Daylight
2024-04-10T15:32:00.000,I 85,I 85 and Pleasantdale Rd,,Rear End,2,Cloudy,Dry,Daylight
2024-01-10T15:15:00.000,I 85,I 85 and Pleasantdale Rd,,Sideswipe-Same Direction,2,Clear,Dry,Daylight
2024-08-16T19:06:00.000,I 85,I 85 and Pleasantdale Rd,,Sideswipe-Same Direction,2,Clear,Dry,Daylight
2024-06-21T18:36:00.000,I 85,I 85 and Pleasantdale Rd,,Rear End,4,Clear,Dry,Daylight
2024-01-24T19:30:00.000,I 85,I 85 and Pleasantdale Rd,,Rear End,2,Cloudy,Wet,Dark-Lighted
2024-02-22T22:35:00.000,I 85,I 85 and Pleasantdale Rd,,Sideswipe-Same Direction,2,Clear,Dry,Daylight
2024-10-31T11:37:00.000,I 85,I 85 and Pleasantdale Rd,,Rear End,2,Clear,Dry,Daylight
2024-01-28T17:40:00.000,I 85,I 85 and Pleasantdale Rd,,Sideswipe-Same Direction,2,Clear,Dry,Dark-Not Lighted
2024-12-07T14:00:00.000,I 85,I 85 and Pleasantdale Rd,,Rear End,2,Clear,Dry,Daylight
2024-04-22T18:22:00.000,I 85,I 85 and Pleasantdale Rd,,Sideswipe-Same Direction,2,Clear,Dry,Daylight
2024-06-12T00:00:00.000,I 85,I 85 and Pleasantdale Rd,,Sideswipe-Same Direction,2,Clear,Dry,Daylight
2024-07-09T19:33:00.000,I 85,I 85 and Pleasantdale Rd,,Rear End,2,Rain,Wet,Daylight
2024-01-17T18:10:00.000,I 85,I 85 and Pleasantdale Rd,,Rear End,2,Clear,Dry,Dark-Lighted
2024-02-05T14:25:00.000,I 85,I 85 and Pleasantdale Rd,,Sideswipe-Same Direction,4,Cloudy,Dry,Daylight
2024-10-26T20:00:00.000,I 85,I 85 and Pleasantdale Rd,,Rear End,2,Clear,Dry,Dark-Lighted
2024-10-11T11:00:00.000,I 85,I 85 and Pleasantdale Rd,,Rear End,2,Clear,Dry,Daylight
2024-07-02T15:03:00.000,I 85,I 85 and Pleasantdale Rd,,Sideswipe-Same Direction,2,Clear,Dry,Daylight
2024-10-10T23:40:00.000,I 85,I 85 and Pleasantdale Rd,,Rear End,3,Clear,Dry,Dark-Lighted
2024-09-10T19:46:00.000,I 85,I 85 and Pleasantdale Rd,,Angle Crash,3,Cloudy,Dry,Daylight
2024-09-11T15:30:00.000,I 85,I 85 and Pleasantdale Rd,,Rear End,2,Clear,Dry,Daylight
2024-04-15T15:04:00.000,I 85,I 85 and Pleasantdale Rd,,Rear End,2,Cloudy,Dry,Daylight
2024-02-10T18:25:00.000,I 85,I 85 and Pleasantdale Rd,,Rear End,3,Rain,Wet,Dark-Lighted
2024-04-19T15:45:00.000,I 85,I 85 and Pleasantdale Rd,,Sideswipe-Same Direction,2,Cloudy,Dry,Daylight
2024-02-02T15:48:00.000,I 85,I 85 and Pleasantdale Rd,,Sideswipe-Same Direction,2,Clear,Dry,Daylight
2024-04-19T19:10:00.000,I 85,I 85 and Pleasantdale Rd,,Sideswipe-Same Direction,2,Clear,Dry,Daylight
2024-10-23T09:09:00.000,I 85,I 85 and Pleasantdale Rd,,Rear End,2,Clear,Dry,Daylight
2024-01-21T15:59:00.000,I 85,I 85 and Pleasantdale Rd,,Not a Collision with Motor Vehicle,1,Clear,Dry,Daylight
2024-07-27T14:00:00.000,I 85,I 85 and Pleasantdale Rd,,Rear End,2,Cloudy,Dry,Daylight
2024-08-23T17:00:00.000,I 85,I 85 and Pleasantdale Rd,,Rear End,2,Clear,Dry,Daylight
2024-12-04T16:22:00.000,I 85,I 85 and Pleasantdale Rd,,Rear End,2,Cloudy,Dry,Daylight
2024-04-08T01:13:00.000,I 85,I 85 and Pleasantdale Rd,,Sideswipe-Same Direction,2,Clear,Dry,Dark-Lighted
2024-06-30T11:07:00.000,I 85,I 85 and Pleasantdale Rd,,Angle Crash,4,Clear,Dry,Daylight
2024-02-06T20:21:00.000,I 85,I 85 and Pleasantdale Rd,,Rear End,2,Clear,Dry,Dark-Lighted
2024-12-29T14:20:00.000,I 85,I 85 and Pleasantdale Rd,,Rear End,4,Cloudy,Dry,Daylight
2024-12-15T15:15:00.000,I 85,I 85 and Pleasantdale Rd,,Rear End,2,Rain,Wet,Daylight
2024-05-20T08:45:00.000,I 85,I 85 and Pleasantdale Rd,,Rear End,2,Clear,Dry,Daylight
2024-02-03T15:00:00.000,I 85,I 85 and Pleasantdale Rd,,Angle Crash,4,Clear,Dry,Dark-Lighted
2024-07-24T23:00:00.000,I 85,I 85 and Pleasantdale Rd,,Angle Crash,2,Clear,Wet,Dark-Lighted
2024-04-06T07:00:00.000,I 85,I 85 and Pleasantdale Rd,,Sideswipe-Same Direction,2,Clear,Dry,Dark-Not Lighted
2024-05-23T14:36:00.000,I 85,I 85 and Pleasantdale Rd,,Angle Crash,2,Clear,Dry,Daylight
2024-08-01T18:47:00.000,I 85,I 85 and Pleasantdale Rd,,Sideswipe-Same Direction,2,Clear,Dry,Daylight
2024-08-01T06:42:00.000,I 85,I 85 and Pleasantdale Rd,,Sideswipe-Same Direction,2,Clear,Dry,Daylight
2024-10-14T16:40:00.000,I 85,I 85 and Pleasantdale Rd,,Rear End,2,Clear,Dry,Daylight
2024-10-14T18:30:00.000,I 85,I 85 and Pleasantdale Rd,,Rear End,2,Clear,Dry,Daylight
2024-11-23T17:53:00.000,I 85,I 85 and Pleasantdale Rd,,Rear End,3,Clear,Dry,Daylight
2024-09-14T16:40:00.000,I 85,I 85 and Pleasantdale Rd,,Sideswipe-Same Direction,2,Clear,Dry,Daylight
2024-08-23T17:00:00.000,I 85,I 85 and Pleasantdale Rd,,Sideswipe-Same Direction,2,Clear,Dry,Daylight
2024-07-27T13:33:00.000,I 85,I 85 and Pleasantdale Rd,,Sideswipe-Same Direction,2,Cloudy,Dry,Daylight
2024-02-02T22:19:00.000,I 85,I 85 and Pleasantdale Rd,,Angle Crash,2,Clear,Dry,Dark-Not Lighted
2024-07-12T15:55:00.000,I 85,I 85 and Pleasantdale Rd,,Sideswipe-Same Direction,2,Clear,Dry,Daylight
2024-10-10T06:00:00.000,I 85,I 85 and Pleasantdale Rd,,Rear End,3,Clear,Dry,Dark-Not Lighted
2024-11-02T17:58:00.000,I 85,I 85 and Pleasantdale Rd,,Sideswipe-Same Direction,2,Clear,Dry,Daylight
2024-01-04T12:15:00.000,I 85,I 85 and Pleasantdale Rd,,Sideswipe-Same Direction,2,Clear,Dry,Daylight
2024-08-05T16:14:00.000,I 85,I 85 and Pleasantdale Rd,,Angle Crash,3,Cloudy,Dry,Daylight
2023-02-19T16:30:00.000,I 85,I 85 and Pleasantdale Rd,,Rear End,3,Clear,Dry,Daylight
2023-12-27T18:20:00.000,I 85,I 85 and Pleasantdale Rd,,Rear End,2,Cloudy,Dry,Dark-Lighted
2023-11-18T16:55:00.000,I 85,I 85 and Pleasantdale Rd,,Rear End,2,Clear,Dry,Daylight
2023-01-20T15:10:00.000,I 85,I 85 and Pleasantdale Rd,,Rear End,2,Clear,Dry,Daylight
2023-07-06T14:30:00.000,I 85,I 85 and Pleasantdale Rd,,Sideswipe-Same Direction,2,Clear,Dry,Daylight
2023-01-06T17:01:00.000,I 85,I 85 and Pleasantdale Rd,,Angle Crash,2,Clear,Dry,Daylight
2023-04-09T19:00:00.000,I 85,I 85 and Pleasantdale Rd,,Sideswipe-Same Direction,2,Clear,Dry,Daylight
2024-12-11T17:22:00.000,I 85,I 85 and Pleasantdale Rd,,Rear End,3,Clear,Dry,Daylight
2024-02-12T16:45:00.000,I 85,I 85 and Pleasantdale Rd,,Angle Crash,2,Rain,Wet,Daylight
2024-12-04T18:37:00.000,I 85,I 85 and Pleasantdale Rd,,Sideswipe-Same Direction,2,Clear,Dry,Dark-Lighted
2024-06-20T16:45:00.000,I 85,I 85 and Pleasantdale Rd,,Sideswipe-Same Direction,2,Clear,Dry,Daylight
2024-08-10T15:00:00.000,I 85,I 85 and Pleasantdale Rd,,Sideswipe-Same Direction,2,Clear,Dry,Daylight
2024-11-18T16:20:00.000,I 85,I 85 and Pleasantdale Rd,,Rear End,2,Clear,Dry,Daylight
2024-04-23T20:40:00.000,I 85,I 85 and Pleasantdale Rd,,Sideswipe-Same Direction,2,Clear,Dry,Dark-Lighted
2024-11-19T22:00:00.000,I 85,I 85 and Pleasantdale Rd,,Rear End,2,Rain,Wet,Dark-Not Lighted
2024-07-02T17:17:00.000,I 85,I 85 and Pleasantdale Rd,,Rear End,2,Clear,Dry,Daylight
2024-05-25T13:20:00.000,I 85,I 85 and Pleasantdale Rd,,Rear End,2,Cloudy,Dry,Daylight
2023-12-12T16:07:00.000,I 85,I 85 and Pleasantdale Rd,,Angle Crash,2,Clear,Dry,Daylight
2023-04-26T12:56:00.000,I 85,I 85 and Pleasantdale Rd,,Sideswipe-Same Direction,2,Cloudy,Dry,Daylight
2023-09-29T13:10:00.000,I 85,I 85 and Pleasantdale Rd,,Sideswipe-Same Direction,2,Clear,Dry,Daylight
2023-09-30T05:50:00.000,I 85,I 85 and Pleasantdale Rd,,Not a Collision with Motor Vehicle,2,Clear,Dry,Dark-Lighted
2023-02-08T22:16:00.000,I 85,I 85 and Pleasantdale Rd,,Angle Crash,2,Clear,Dry,Dark-Lighted
2023-01-18T21:53:00.000,I 85,I 85 and Pleasantdale Rd,,Sideswipe-Same Direction,2,Cloudy,Wet,Dark-Lighted
2023-02-10T14:35:00.000,I 85,I 85 and Pleasantdale Rd,,Rear End,5,Clear,Dry,Daylight
2023-07-22T14:50:00.000,I 85,I 85 and Pleasantdale Rd,,Rear End,2,Clear,Dry,Daylight
2023-10-10T18:00:00.000,I 85,I 85 and Pleasantdale Rd,,Rear End,2,Cloudy,Dry,Daylight
2023-11-11T15:16:00.000,I 85,I 85 and Pleasantdale Rd,,Rear End,2,Rain,Wet,Daylight
2023-07-06T19:30:00.000,I 85,I 85 and Pleasantdale Rd,,Rear End,2,Clear,Dry,Daylight
2023-07-10T09:45:00.000,I 85,I 85 and Pleasantdale Rd,,Rear End,3,Cloudy,Wet,Daylight
2023-05-09T16:00:00.000,I 85,I 85 and Pleasantdale Rd,,Rear End,3,Cloudy,Dry,Daylight
2023-05-09T15:10:00.000,I 85,I 85 and Pleasantdale Rd,,Rear End,2,Clear,Dry,Daylight
2023-10-24T07:24:00.000,I 85,I 85 and Pleasantdale Rd,,Rear End,2,Cloudy,Dry,Dawn
2023-09-10T17:17:00.000,I 85,I 85 and Pleasantdale Rd,,Rear End,2,Cloudy,Dry,Daylight
2023-10-04T21:10:00.000,I 85,I 85 and Pleasantdale Rd,,Sideswipe-Same Direction,2,Clear,Dry,Dark-Not Lighted
2023-10-02T14:06:00.000,I 85,I 85 and Pleasantdale Rd,,Rear End,2,Clear,Dry,Daylight
2023-05-04T07:39:00.000,I 85,I 85 and Pleasantdale Rd,,Not a Collision with Motor Vehicle,1,Clear,Dry,Daylight
2023-11-16T05:46:00.000,I 85,I 85 and Pleasantdale Rd,,Rear End,3,Cloudy,Dry,Dark-Not Lighted
2023-07-29T04:30:00.000,I 85,I 85 and Pleasantdale Rd,,Sideswipe-Same Direction,2,Clear,Dry,Dark-Lighted
2023-07-14T06:53:00.000,I 85,I 85 and Pleasantdale Rd,,Rear End,2,Cloudy,Dry,Daylight
2023-04-15T21:02:00.000,I 85,I 85 and Pleasantdale Rd,,Sideswipe-Same Direction,2,Clear,Dry,Dark-Lighted
2023-07-25T11:30:00.000,I 85,I 85 and Pleasantdale Rd,,Rear End,2,Clear,Dry,Daylight
2023-08-28T20:13:00.000,I 85,I 85 and Pleasantdale Rd,,Angle Crash,2,Rain,Wet,Dark-Not Lighted
2023-10-15T16:08:00.000,I 85,I 85 and Pleasantdale Rd,,Sideswipe-Same Direction,2,Cloudy,Dry,Daylight
2023-01-19T11:21:00.000,I 85,I 85 and Pleasantdale Rd,,Sideswipe-Same Direction,2,Cloudy,Dry,Daylight
2023-12-18T14:45:00.000,I 85,I 85 and Pleasantdale Rd,,Sideswipe-Same Direction,2,Clear,Dry,Daylight
2023-10-03T16:00:00.000,I 85,I 85 and Pleasantdale Rd,,Sideswipe-Same Direction,2,Clear,Dry,Daylight
2023-05-23T22:46:00.000,I 85,I 85 and Pleasantdale Rd,,Not a Collision with Motor Vehicle,2,Clear,Dry,Dark-Lighted
2023-04-30T03:38:00.000,I 85,I 85 and Pleasantdale Rd,,Not a Collision with Motor Vehicle,1,Rain,Wet,Dark-Lighted
2023-10-15T17:00:00.000,I 85,I 85 and Pleasantdale Rd,,Rear End,2,Clear,Dry,Daylight
2023-12-12T12:14:00.000,I 85,I 85 and Pleasantdale Rd,,Sideswipe-Same Direction,2,Clear,Dry,Daylight
2023-05-26T13:20:00.000,I 85,I 85 and Pleasantdale Rd,,Rear End,3,Clear,Dry,Daylight
2023-01-03T17:45:00.000,I 85,I 85 and Pleasantdale Rd,,Rear End,2,Rain,Wet,Dark-Lighted
2023-12-23T13:22:00.000,I 85,I 85 and Pleasantdale Rd,,Rear End,2,Clear,Dry,Daylight
2023-05-26T18:19:00.000,I 85,I 85 and Pleasantdale Rd,,Sideswipe-Same Direction,2,Clear,Dry,Daylight
2023-10-17T10:45:00.000,I 85,I 85 and Pleasantdale Rd,,Not a Collision with Motor Vehicle,1,Clear,Dry,Daylight
2023-04-30T15:19:00.000,I 85,I 85 and Pleasantdale Rd,,Rear End,2,Clear,Dry,Daylight
2023-09-29T17:00:00.000,I 85,I 85 and Pleasantdale Rd,,Rear End,2,Clear,Dry,Daylight
2023-11-17T15:00:00.000,I 85,I 85 and Pleasantdale Rd,,Sideswipe-Same Direction,2,Cloudy,Dry,Daylight
2023-03-10T07:46:00.000,I 85,I 85 and Pleasantdale Rd,,Rear End,2,Rain,Wet,Daylight
2023-08-03T19:28:00.000,I 85,I 85 and Pleasantdale Rd,,Sideswipe-Same Direction,2,Clear,Dry,Daylight
2023-01-13T13:54:00.000,I 85,I 85 and Pleasantdale Rd,,Sideswipe-Same Direction,2,Cloudy,Dry,Daylight
2023-03-22T12:34:00.000,I 85,I 85 and Pleasantdale Rd,,Rear End,2,Cloudy,Dry,Daylight
2023-08-07T19:40:00.000,I 85,I 85 and Pleasantdale Rd,,Rear End,3,Clear,Dry,Daylight
2023-08-07T17:11:00.000,I 85,I 85 and Pleasantdale Rd,,Rear End,2,Rain,Dry,Daylight
2023-04-06T09:00:00.000,I 85,I 85 and Pleasantdale Rd,,Sideswipe-Same Direction,3,Cloudy,Dry,Daylight
2023-05-22T16:16:00.000,I 85,I 85 and Pleasantdale Rd,,Rear End,2,Cloudy,Wet,Daylight
2023-02-27T14:00:00.000,I 85,I 85 and Pleasantdale Rd,,Sideswipe-Same Direction,2,Cloudy,Dry,Daylight
2023-09-01T16:00:00.000,I 85,I 85 and Pleasantdale Rd,,Rear End,2,Clear,Dry,Daylight
2023-07-18T12:00:00.000,I 85,I 85 and Pleasantdale Rd,,Sideswipe-Same Direction,2,Cloudy,Dry,Daylight
2023-02-20T15:30:00.000,I 85,I 85 and Pleasantdale Rd,,Rear End,4,Clear,Dry,Daylight
2023-04-15T03:01:00.000,I 85,I 85 and Pleasantdale Rd,,Angle Crash,2,Clear,Dry,Dark-Lighted
2023-11-13T18:50:00.000,I 85,I 85 and Pleasantdale Rd,,Angle Crash,2,Clear,Dry,Dark-Lighted
2023-07-17T16:25:00.000,I 85,I 85 and Pleasantdale Rd,,Rear End,3,Cloudy,Dry,Daylight
2023-04-20T17:00:00.000,I 85,I 85 and Pleasantdale Rd,,Rear End,2,Clear,Dry,Daylight
2023-06-28T18:57:00.000,I 85,I 85 and Pleasantdale Rd,,Rear End,2,Clear,Dry,Daylight
2023-06-15T11:33:00.000,I 85,I 85 and Pleasantdale Rd,,Sideswipe-Same Direction,3,Cloudy,Dry,Daylight
2023-08-21T16:20:00.000,I 85,I 85 and Pleasantdale Rd,,Rear End,2,Clear,Dry,Daylight
2023-07-08T16:09:00.000,I 85,I 85 and Pleasantdale Rd,,Rear End,2,Clear,Dry,Daylight
2023-07-14T06:53:00.000,I 85,I 85 and Pleasantdale Rd,,Rear End,3,Cloudy,Dry,Daylight
2023-08-17T17:00:00.000,I 85,I 85 and Pleasantdale Rd,,Sideswipe-Same Direction,2,Clear,Dry,Daylight
2023-02-27T08:14:00.000,I 85,I 85 and Pleasantdale Rd,,Angle Crash,2,Clear,Dry,Daylight
2023-10-02T13:40:00.000,I 85,I 85 and Pleasantdale Rd,,Sideswipe-Same Direction,2,Clear,Dry,Daylight
2023-10-13T20:35:00.000,I 85,I 85 and Pleasantdale Rd,,Angle Crash,2,Rain,Wet,Dark-Not Lighted
2023-06-13T15:50:00.000,I 85,I 85 and Pleasantdale Rd,,Rear End,2,Cloudy,Dry,Daylight
2023-11-07T16:07:00.000,I 85,I 85 and Pleasantdale Rd,,Rear End,3,Clear,Dry,Daylight
2023-06-12T17:21:00.000,I 85,I 85 and Pleasantdale Rd,,Sideswipe-Same Direction,2,Cloudy,Dry,Daylight
2023-02-04T19:09:00.000,I 85,I 85 and Pleasantdale Rd,,Rear End,2,Clear,Dry,Daylight
2023-01-09T07:07:00.000,I 85,I 85 and Pleasantdale Rd,,Sideswipe-Same Direction,2,Clear,Dry,Daylight
2023-10-23T06:00:00.000,I 85,I 85 and Pleasantdale Rd,,Rear End,2,Clear,Dry,Dark-Lighted
2023-05-19T16:37:00.000,I 85,I 85 and Pleasantdale Rd,,Rear End,2,Clear,Dry,Daylight
2023-05-24T17:30:00.000,I 85,I 85 and Pleasantdale Rd,,Sideswipe-Same Direction,2,Clear,Dry,Daylight
2023-03-17T17:28:00.000,I 85,I 85 and Pleasantdale Rd,,Angle Crash,2,Rain,Water (standing or moving),Daylight
2023-12-07T17:21:00.000,I 85,I 85 and Pleasantdale Rd,,Rear End,2,Clear,Dry,Daylight
2023-07-09T00:00:00.000,I 85,I 85 and Pleasantdale Rd,,Rear End,3,Cloudy,Dry,Dark-Lighted
2023-10-25T15:15:00.000,I 85,I 85 and Pleasantdale Rd,,Sideswipe-Same Direction,2,Clear,Dry,Daylight
2023-05-02T16:00:00.000,I 85,I 85 and Pleasantdale Rd,,Rear End,2,Clear,Dry,Daylight
2023-01-20T15:10:00.000,I 85,I 85 and Pleasantdale Rd,,Rear End,2,Clear,Dry,Daylight
2023-11-13T09:17:00.000,I 85,I 85 and Pleasantdale Rd,,Sideswipe-Same Direction,2,Clear,Dry,Daylight
2023-01-23T15:55:00.000,I 85,I 85 and Pleasantdale Rd,,Sideswipe-Same Direction,2,Clear,Dry,Daylight
2023-11-03T15:32:00.000,I 85,I 85 and Pleasantdale Rd,,Rear End,2,Clear,Dry,Daylight
2023-09-21T14:59:00.000,I 85,I 85 and Pleasantdale Rd,,Sideswipe-Same Direction,2,Cloudy,Dry,Daylight
2023-05-26T09:52:00.000,I 85,I 85 and Pleasantdale Rd,,Sideswipe-Same Direction,2,Clear,Dry,Daylight
2023-04-16T15:18:00.000,I 85,I 85 and Pleasantdale Rd,,Sideswipe-Same Direction,2,Clear,Dry,Daylight
2023-08-07T19:40:00.000,I 85,I 85 and Pleasantdale Rd,,Rear End,2,Clear,Dry,Daylight
2023-04-14T15:50:00.000,I 85,I 85 and Pleasantdale Rd,,Rear End,2,Rain,Wet,Daylight
2023-12-09T17:00:00.000,I 85,I 85 and Pleasantdale Rd,,Rear End,2,Rain,Wet,Dark-Lighted
2023-09-01T08:24:00.000,I 85,I 85 and Pleasantdale Rd,,Sideswipe-Same Direction,2,Cloudy,Dry,Daylight
2023-03-03T19:45:00.000,I 85,I 85 and Pleasantdale Rd,,Rear End,3,Clear,Dry,Dark-Lighted
2023-06-19T10:50:00.000,I 85,I 85 and Pleasantdale Rd,,Rear End,2,Cloudy,Dry,Daylight
2023-11-17T07:00:00.000,I 85,I 85 and Pleasantdale Rd,,Sideswipe-Same Direction,2,Cloudy,Dry,Daylight
2023-11-18T16:24:00.000,I 85,I 85 and Pleasantdale Rd,,Rear End,2,Clear,Dry,Daylight
2023-03-30T20:00:00.000,I 85,I 85 and Pleasantdale Rd,,Rear End,2,Clear,Dry,Dark-Lighted
2023-10-10T19:00:00.000,I 85,I 85 and Pleasantdale Rd,,Rear End,2,Clear,Dry,Dark-Lighted
2023-02-07T16:40:00.000,I 85,I 85 and Pleasantdale Rd,,Rear End,2,Clear,Dry,Daylight
2023-07-29T00:20:00.000,I 85,I 85 and Pleasantdale Rd,,Angle Crash,2,Clear,Dry,Dark-Lighted
2023-08-16T16:40:00.000,I 85,I 85 and Pleasantdale Rd,,Sideswipe-Same Direction,2,Clear,Dry,Daylight
2023-04-14T20:00:00.000,I 85,I 85 and Pleasantdale Rd,,Not a Collision with Motor Vehicle,1,Clear,Dry,Dusk
2023-06-07T15:23:00.000,I 85,I 85 and Pleasantdale Rd,,Rear End,2,Clear,Dry,Daylight
2023-07-01T15:20:00.000,I 85,I 85 and Pleasantdale Rd,,Rear End,4,Clear,Dry,Daylight
2023-03-07T08:45:00.000,I 85,I 85 and Pleasantdale Rd,,Rear End,2,Clear,Dry,Daylight
2023-02-20T15:50:00.000,I 85,I 85 and Pleasantdale Rd,,Rear End,2,Cloudy,Dry,Daylight