Date and Time,Roadway (From Crash Report),Intersection Name (from Crash Report),KABCO Severity,Manner of Collision (Crash Level) ,# of Vehicles per crash ,Weather Conditions (Crash Level),Surface Condition (Crash Level) ,Light Conditions (Crash Level)
2024-02-06T19:34:00.000,I 85,I 85 and Pleasantdale Rd,,Rear End,3,Clear,Dry,Dawn
2024-10-21T20:25:00.000,I 85,I 85 and Pleasantdale Rd,,Sideswipe-Same Direction,2,Clear,Dry,Daylight
2024-02-04T16:00:00.000,I 85,I 85 and Pleasantdale Rd,,Rear End,2,Rain,Wet,Daylight
2024-07-01T13:27:00.000,I 85,I 85 and Pleasantdale Rd,,Rear End,2,Clear,Dry,Daylight
2024-09-09T06:48:00.000,I 85,I 85 and Pleasantdale Rd,,Rear End,3,Clear,Dry,Daylight
2024-08-11T10:48:00.000,I 85,I 85 and Pleasantdale Rd,,Rear End,2,Clear,Dry,Daylight
2024-07-29T15:43:00.000,I 85,I 85 and Pleasantdale Rd,,Rear End,2,Rain,Wet,Daylight
2024-07-09T19:47:00.000,I 85,I 85 and Pleasantdale Rd,,Rear End,2,Clear,Dry,Daylight
2024-05-16T18:57:00.000,I 85,I 85 and Pleasantdale Rd,,Rear End,2,Clear,Dry,Daylight
2024-04-18T17:39:00.000,I 85,I 85 and Pleasantdale Rd,,Angle Crash,2,Clear,Dry,Daylight
2024-09-18T08:13:00.000,I 85,I 85 and Pleasantdale Rd,,Rear End,2,Cloudy,Dry,Dark-Lighted
2024-07-25T22:38:00.000,I 85,I 85 and Pleasantdale Rd,,Rear End,2,Clear,Dry,Dark-Not Lighted
2024-04-12T19:00:00.000,I 85,I 85 and Pleasantdale Rd,,Rear End,2,Clear,Dry,Daylight
2024-01-06T18:40:00.000,I 85,I 85 and Pleasantdale Rd,,Sideswipe-Same Direction,2,Clear,Dry,Dark-Not Lighted
2024-08-04T18:49:00.000,I 85,I 85 and Pleasantdale Rd,,Not a Collision with Motor Vehicle,1,Clear,Dry,Daylight
2024-05-20T07:58:00.000,I 85,I 85 and Pleasantdale Rd,,Rear End,3,Clear,Dry,Daylight
2024-10-07T00:00:00.000,I 85,I 85 and Pleasantdale Rd,,Sideswipe-Same Direction,2,Clear,Dry,Daylight
2024-12-15T16:07:00.000,I 85,I 85 and Pleasantdale Rd,,Angle Crash,2,Rain,Wet,Daylight
2024-02-11T18:30:00.000,I 85,I 85 and Pleasantdale Rd,,Rear End,3,Rain,Wet,Dark-Lighted
2024-07-02T16:26:00.000,I 85,I 85 and Pleasantdale Rd,,Sideswipe-Same Direction,2,Clear,Dry,Daylight
2024-11-23T03:10:00.000,I 85,I 85 and Pleasantdale Rd,,Angle Crash,3,Clear,Dry,Dark-Lighted
2024-11-07T09:20:00.000,I 85,I 85 and Pleasantdale Rd,,Sideswipe-Same Direction,2,Cloudy,Dry,Daylight
2024-05-03T16:38:00.000,I 85,I 85 and Pleasantdale Rd,,Sideswipe-Same Direction,2,Clear,Dry,Daylight
2024-08-02T14:19:00.000,I 85,I 85 and Pleasantdale Rd,,Rear End,2,Clear,Dry,Daylight
2024-12-16T22:37:00.000,I 85,I 85 and Pleasantdale Rd,,Sideswipe-Same Direction,2,Clear,Dry,Dark-Lighted
2024-03-13T14:40:00.000,I 85,I 85 and Pleasantdale Rd,,Sideswipe-Same Direction,2,Clear,Dry,Daylight
2024-05-16T16:10:00.000,I 85,I 85 and Pleasantdale Rd,,Rear End,2,Clear,Dry,Daylight
2024-07-12T14:51:00.000,I 85,I 85 and Pleasantdale Rd,,Angle Crash,2,Clear,Dry,Daylight
2024-01-31T16:30:00.000,I 85,I 85 and Pleasantdale Rd,,Rear End,3,Clear,Dry,Daylight
2024-12-17T15:29:00.000,I 85,I 85 and Pleasantdale Rd,,Rear End,2,Clear,Dry,Daylight
2024-12-12T18:30:00.000,I 85,I 85 and Pleasantdale Rd,,Sideswipe-Same Direction,2,Clear,Dry,Daylight
2024-09-17T18:18:00.000,I 85,I 85 and Pleasantdale Rd,,Rear End,2,Clear,Dry,Daylight
2024-03-09T13:56:00.000,I 85,I 85 and Pleasantdale Rd,,Sideswipe-Same Direction,2,Cloudy,Dry,Daylight
2024-06-30T15:31:00.000,I 85,I 85 and Pleasantdale Rd,,Rear End,2,Clear,Dry,Daylight
2024-10-18T20:34:00.000,I 85,I 85 and Pleasantdale Rd,,Sideswipe-Same Direction,2,Clear,Dry,Dark-Lighted
2024-03-09T16:05:00.000,I 85,I 85 and Pleasantdale Rd,,Rear End,2,Clear,Dry,Daylight
2022-10-14T07:12:00.000,I 85,I 85 and Pleasantdale Raod,,Sideswipe-Same Direction,2,Clear,Dry,Daylight
2021-12-30T09:25:00.000,I 85,I 85 and Pleasantdale Hill Rd,,Not a Collision with Motor Vehicle,1,Clear,Wet,Daylight
2020-07-11T14:10:00.000,I 85,I 85 and Pleasantdale Dr,,Rear End,2,Clear,Dry,Daylight
2021-03-06T20:00:00.000,I 85,I 85 and Pleasantdale,,Rear End,2,Cloudy,Dry,Dark-Lighted
2021-11-12T08:00:00.000,I 85,I 85 and Pleasantdale,,Sideswipe-Same Direction,2,Clear,Dry,Daylight
2022-06-17T09:30:00.000,I 85,I 85 and Pleasantdale,,Rear End,2,Cloudy,Dry,Daylight
2023-02-13T12:05:00.000,I 85,I 85 and Pleasantdale,,Sideswipe-Same Direction,3,Clear,Dry,Daylight
2023-04-28T08:10:00.000,I 85,I 85 and Pleasantdale,,Sideswipe-Same Direction,2,Cloudy,Wet,Daylight
2024-06-06T07:51:00.000,I 85,I 85 and Pleasantdale,,Sideswipe-Same Direction,2,Clear,Dry,Daylight
2024-10-22T13:00:00.000,I 85,I 85 and Pleasantdale,,Sideswipe-Same Direction,2,Clear,Dry,Daylight
2024-07-15T12:10:00.000,I 85,I 85 and Pleasantdale,,Sideswipe-Same Direction,2,Clear,Dry,Daylight
2020-12-17T16:40:00.000,I 85,I 85 and Pleasant Hll Rd,,Sideswipe-Same Direction,2,Clear,Dry,Daylight
2021-01-28T09:25:00.000,I 85,I 85 and Pleasant Hl,,Rear End,3,Clear,Dry,Daylight
2021-06-15T11:30:00.000,I 85,I 85 and Pleasant Hl,,Rear End,2,Clear,Dry,Daylight
2021-03-26T16:01:00.000,I 85,I 85 and Pleasant Hl,,Sideswipe-Same Direction,2,Clear,Dry,Daylight
2021-08-01T12:00:00.000,I 85,I 85 and Pleasant Hl,,Rear End,2,Clear,Dry,Daylight
2021-04-01T15:42:00.000,I 85,I 85 and Pleasant Hl,,Sideswipe-Same Direction,2,Clear,Dry,Daylight
2020-02-01T08:40:00.000,I 85,I 85 and Pleasant Hl,,Rear End,2,Cloudy,Dry,Daylight
2023-01-19T09:10:00.000,I 85,I 85 and Pleasant Hl,,Sideswipe-Same Direction,2,Cloudy,Wet,Daylight
2023-01-20T11:43:00.000,I 85,I 85 and Pleasant Hl,,Rear End,2,Clear,Dry,Daylight
2023-03-24T08:25:00.000,I 85,I 85 and Pleasant Hl,,Rear End,2,Clear,Dry,Daylight
2023-03-10T11:55:00.000,I 85,I 85 and Pleasant Hl,,Rear End,2,Cloudy,Wet,Daylight
2023-08-28T20:22:00.000,I 85,I 85 and Pleasant Hl,,Rear End,2,Rain,Wet,Dark-Not Lighted
2023-05-27T18:03:00.000,I 85,I 85 and Pleasant Hl,,Sideswipe-Same Direction,2,Clear,Dry,Daylight
2023-04-07T06:20:00.000,I 85,I 85 and Pleasant Hl,,Rear End,2,Clear,Dry,Daylight
2022-05-26T17:10:00.000,I 85,I 85 and Pleasant Hl,,Rear End,2,Rain,Wet,Daylight
2020-11-18T16:50:00.000,I 85,I 85 and Pleasant Hl,,Rear End,2,Clear,Dry,Daylight
2020-07-08T19:58:00.000,I 85,I 85 and Pleasant Hl,,Not a Collision with Motor Vehicle,1,Rain,Wet,Daylight
2021-11-06T18:00:00.000,I 85,I 85 and Pleasant Hl,,Angle Crash,2,Clear,Dry,Daylight
2021-10-08T20:01:00.000,I 85,I 85 and Pleasant Hl,,Sideswipe-Same Direction,2,Rain,Wet,Dark-Lighted
2021-12-21T19:43:00.000,I 85,I 85 and Pleasant Hl,,Rear End,2,Cloudy,Dry,Dark-Lighted
2021-09-28T06:45:00.000,I 85,I 85 and Pleasant Hl,,Rear End,2,Cloudy,Dry,Dark-Lighted
2022-06-20T16:00:00.000,I 85,I 85 and Pleasant Hl,,Rear End,2,Cloudy,Dry,Daylight
2022-03-01T09:40:00.000,I 85,I 85 and Pleasant Hl,,Rear End,2,Cloudy,Dry,Daylight
2022-07-19T09:05:00.000,I 85,I 85 and Pleasant Hl,,Rear End,2,Rain,Wet,Daylight
2022-04-29T15:33:00.000,I 85,I 85 and Pleasant Hl,,Rear End,2,Clear,Dry,Daylight
2022-07-01T15:15:00.000,I 85,I 85 and Pleasant Hl,,Rear End,2,Cloudy,Dry,Daylight
2022-03-14T07:11:00.000,I 85,I 85 and Pleasant Hl,,Rear End,2,Clear,Dry,Dark-Lighted
2022-05-16T12:25:00.000,I 85,I 85 and Pleasant Hl,,Rear End,2,Clear,Dry,Daylight
2022-04-07T08:40:00.000,I 85,I 85 and Pleasant Hl,,Rear End,2,Cloudy,Wet,Daylight
2022-12-05T00:18:00.000,I 85,I 85 and Pleasant Hl,,Rear End,3,Clear,Dry,Dark-Lighted
2022-08-25T12:28:00.000,I 85,I 85 and Pleasant Hl,,Rear End,2,Cloudy,Wet,Daylight
2022-10-31T20:12:00.000,I 85,I 85 and Pleasant Hl,,Rear End,2,Clear,Dry,Dark-Lighted
2022-10-03T16:15:00.000,I 85,I 85 and Pleasant Hl,,Rear End,2,Clear,Dry,Daylight
2022-10-24T08:15:00.000,I 85,I 85 and Pleasant Hl,,Rear End,2,Clear,Dry,Daylight
2022-10-13T08:50:00.000,I 85,I 85 and Pleasant Hl,,Rear End,2,Clear,Dry,Daylight
2023-11-22T15:19:00.000,I 85,I 85 and Pleasant Hl,,Sideswipe-Same Direction,2,Clear,Dry,Daylight
2024-07-26T10:10:00.000,I 85,I 85 and Pleasant Hl,,Sideswipe-Same Direction,2,Clear,Dry,Daylight
2024-05-31T18:06:00.000,I 85,I 85 and Pleasant Hl,,Rear End,2,Clear,Dry,Daylight
2023-04-27T09:15:00.000,I 85,I 85 and Pleasant Hl,,Rear End,3,Rain,Wet,Daylight
2023-04-10T17:20:00.000,I 85,I 85 and Pleasant Hl,,Sideswipe-Same Direction,2,Clear,Dry,Daylight
2023-09-15T15:05:00.000,I 85,I 85 and Pleasant Hl,,Rear End,2,Cloudy,Dry,Daylight
2023-10-09T18:25:00.000,I 85,I 85 and Pleasant Hl,,Rear End,3,Clear,Dry,Daylight
2024-06-27T13:40:00.000,I 85,I 85 and Pleasant Hl,,Sideswipe-Same Direction,2,Clear,Dry,Daylight
2024-11-11T17:10:00.000,I 85,I 85 and Pleasant Hl,,Rear End,3,Clear,Dry,Daylight
2024-10-03T16:20:00.000,I 85,I 85 and Pleasant Hl,,Rear End,4,Clear,Dry,Daylight
2024-06-02T21:46:00.000,I 85,I 85 and Pleasant Hl,,Not a Collision with Motor Vehicle,1,Rain,Wet,Dark-Lighted
2024-06-17T03:07:00.000,I 85,I 85 and Pleasant Hl,,Angle Crash,2,Clear,Dry,Dark-Lighted
2024-10-20T11:34:00.000,I 85,I 85 and Pleasant Hl,,Rear End,2,Clear,Dry,Daylight
2024-02-16T17:55:00.000,I 85,I 85 and Pleasant Hl,,Sideswipe-Same Direction,2,Clear,Dry,Daylight
2024-05-31T13:13:00.000,I 85,I 85 and Pleasant Hills Rd,,Sideswipe-Same Direction,2,Clear,Dry,Daylight
2022-02-02T14:43:00.000,I 85,I 85 and Pleasant Hillroad,,Sideswipe-Same Direction,2,Cloudy,Dry,Daylight
2024-04-05T11:15:00.000,I 85,I 85 and Pleasant Hillroad,,Rear End,2,Clear,Dry,Daylight
2022-12-17T15:21:00.000,I 85,I 85 and Pleasant Hillrd,,Angle Crash,2,Clear,Dry,Daylight
2023-07-19T09:38:00.000,I 85,I 85 and Pleasant Hilll Rd,,Rear End,2,Clear,Dry,Daylight
2021-04-18T15:16:00.000,I 85,I 85 and Pleasant Hill Road Opas,,Sideswipe-Same Direction,2,Clear,Dry,Daylight
2020-02-25T09:19:00.000,I 85,I 85 and Pleasant Hill Road Opas,,Rear End,2,Clear,Dry,Daylight
2020-07-16T07:41:00.000,I 85,I 85 and Pleasant Hill Road Opas,,Rear End,2,Clear,Dry,Daylight
2022-01-08T15:37:00.000,I 85,I 85 and Pleasant Hill Road Opas,,Rear End,2,Clear,Dry,Daylight
2022-11-10T06:59:00.000,I 85,I 85 and Pleasant Hill Road Exit Rp,,Rear End,3,Cloudy,Dry,Daylight
2020-01-29T07:16:00.000,I 85,I 85 and Pleasant Hill Road Exit Rp,,Sideswipe-Same Direction,2,Cloudy,Dry,Daylight
2021-11-23T14:50:00.000,I 85,I 85 and Pleasant Hill Road Exit Rp,,Sideswipe-Same Direction,2,Clear,Dry,Daylight
2024-07-02T09:00:00.000,I 85,I 85 and Pleasant Hill Road Exit Rp,,Rear End,3,Clear,Dry,Daylight
2021-09-19T15:15:00.000,I 85,I 85 and Pleasant Hill Road Exit 104,,Not a Collision with Motor Vehicle,1,Clear,Dry,Daylight
2024-08-17T12:55:00.000,I 85,I 85 and Pleasant Hill Road Exit 104,,Sideswipe-Same Direction,2,Clear,Dry,Daylight
2024-08-17T08:26:00.000,I 85,I 85 and Pleasant Hill Road Exit 104,,Rear End,2,Clear,Dry,Daylight
2021-10-27T11:41:00.000,I 85,I 85 and Pleasant Hill Road Entrance Ra,,Sideswipe-Same Direction,2,Clear,Dry,Daylight
2020-12-08T18:37:00.000,I 85,I 85 and Pleasant Hill Road Entrance Ra,,Rear End,2,Clear,Dry,Dark-Lighted
2021-09-30T17:30:00.000,I 85,I 85 and Pleasant Hill Road - Entrance,,Rear End,2,Cloudy,Dry,Daylight
2021-02-27T17:06:00.000,I 85,I 85 and Pleasant Hill Roa,,Not a Collision with Motor Vehicle,2,Cloudy,Dry,Daylight
2023-05-24T16:37:00.000,I 85,I 85 and Pleasant Hill Rd.,,Rear End,2,Clear,Dry,Daylight
2023-07-06T08:40:00.000,I 85,I 85 and Pleasant Hill Rd.,,Head On,2,Clear,Dry,Daylight
2023-07-07T17:13:00.000,I 85,I 85 and Pleasant Hill Rd.,,Sideswipe-Same Direction,3,Cloudy,Dry,Daylight
2022-04-10T10:40:00.000,I 85,I 85 and Pleasant Hill Rd.,,Sideswipe-Same Direction,2,Clear,Dry,Daylight
2022-05-14T12:37:00.000,I 85,I 85 and Pleasant Hill Rd.,,Sideswipe-Same Direction,2,Clear,Dry,Daylight
2022-08-03T07:22:00.000,I 85,I 85 and Pleasant Hill Rd.,,Not a Collision with Motor Vehicle,1,Cloudy,Dry,Daylight
2022-11-17T19:34:00.000,I 85,I 85 and Pleasant Hill Rd.,,Rear End,2,Clear,Dry,Dark-Lighted
2022-12-26T00:27:00.000,I 85,I 85 and Pleasant Hill Rd.,,Angle Crash,2,Clear,Dry,Dark-Lighted
2024-11-16T17:09:00.000,I 85,I 85 and Pleasant Hill Rd.,,Rear End,2,Clear,Dry,Daylight
2024-02-15T11:40:00.000,I 85,I 85 and Pleasant Hill Rd.,,Sideswipe-Same Direction,2,Clear,Dry,Daylight
2023-09-19T07:15:00.000,I 85,I 85 and Pleasant Hill Rd.,,Rear End,2,Clear,Dry,Daylight
2023-05-25T07:20:00.000,I 85,I 85 and Pleasant Hill Rd.,,Rear End,2,Clear,Dry,Daylight
2024-03-29T09:30:00.000,I 85,I 85 and Pleasant Hill Rd.,,Not a Collision with Motor Vehicle,1,Clear,Dry,Daylight
2024-11-30T18:35:00.000,I 85,I 85 and Pleasant Hill Rd.,,Rear End,2,Clear,Dry,Dark-Lighted
2024-03-29T08:55:00.000,I 85,I 85 and Pleasant Hill Rd.,,Rear End,2,Clear,Dry,Daylight
2024-06-29T16:58:00.000,I 85,I 85 and Pleasant Hill Rd.,,Rear End,2,Clear,Dry,Daylight
2024-03-11T17:45:00.000,I 85,I 85 and Pleasant Hill Rd.,,Sideswipe-Same Direction,2,Clear,Dry,Daylight
2022-01-17T14:50:00.000,I 85,I 85 and Pleasant Hill Rd Rp,,Sideswipe-Same Direction,2,Cloudy,Wet,Daylight
2023-10-18T07:48:00.000,I 85,I 85 and Pleasant Hill Rd Opas,,Rear End,2,Clear,Dry,Daylight
2021-12-06T09:24:00.000,I 85,I 85 and Pleasant Hill Rd Exit Rp,,Rear End,2,Cloudy,Dry,Daylight
2021-01-08T10:50:00.000,I 85,I 85 and Pleasant Hill Rd Exit Rp,,Rear End,2,Rain,Wet,Daylight
2021-07-22T17:04:00.000,I 85,I 85 and Pleasant Hill Rd Exit Rp,,Sideswipe-Same Direction,2,Clear,Dry,Daylight
2020-05-18T21:18:00.000,I 85,I 85 and Pleasant Hill Rd Exit Rp,,Not a Collision with Motor Vehicle,1,Cloudy,Wet,Dark-Lighted
2021-11-11T14:46:00.000,I 85,I 85 and Pleasant Hill Rd Exit Rp,,Sideswipe-Same Direction,2,Cloudy,Dry,Daylight
2024-06-20T06:45:00.000,I 85,I 85 and Pleasant Hill Rd Exit Rp,,Rear End,2,Clear,Dry,Daylight
2020-11-29T20:12:00.000,I 85,I 85 and Pleasant Hill Rd Exit 104,,Angle Crash,2,Rain,Wet,Dark-Lighted
2024-04-27T13:07:00.000,I 85,I 85 and Pleasant Hill Rd Exit 104,,Angle Crash,2,Clear,Dry,Daylight
2023-06-30T04:42:00.000,I 85,I 85 and Pleasant Hill Rd Exit,,Not a Collision with Motor Vehicle,1,Clear,Dry,Dark-Not Lighted
2023-06-11T20:53:00.000,I 85,I 85 and Pleasant Hill Rd Exit,,Sideswipe-Same Direction,2,Clear,Dry,Dark-Not Lighted
2023-09-26T07:00:00.000,I 85,I 85 and Pleasant Hill Rd Exit,,Rear End,3,Clear,Dry,Dark-Lighted
2020-10-22T11:00:00.000,I 85,I 85 and Pleasant Hill Rd Exit,,Head On,1,Clear,Dry,Daylight
2020-07-15T10:20:00.000,I 85,I 85 and Pleasant Hill Rd Exit,,Rear End,2,Clear,Dry,Daylight
2024-10-23T12:46:00.000,I 85,I 85 and Pleasant Hill Rd Exit,,Rear End,2,Clear,Dry,Daylight
2021-03-25T12:07:00.000,I 85,I 85 and Pleasant Hill Rd Entrance Rp,,Rear End,2,Cloudy,Wet,Daylight
2021-03-12T19:46:00.000,I 85,I 85 and Pleasant Hill Rd Entrance Rp,,Sideswipe-Same Direction,2,Clear,Dry,Dark-Lighted
2021-11-17T16:30:00.000,I 85,I 85 and Pleasant Hill Rd Access,,Rear End,4,Clear,Dry,Daylight
2021-11-28T17:15:00.000,I 85,I 85 and Pleasant Hill Rd Access,,Rear End,2,Clear,Dry,Daylight
2021-09-30T18:30:00.000,I 85,I 85 and Pleasant Hill Rd - Entrance Ra,,Angle Crash,2,Cloudy,Dry,Daylight
2020-09-08T17:07:00.000,I 85,I 85 and Pleasant Hill Rd  Entrance Ram,,Sideswipe-Same Direction,2,Clear,Dry,Daylight
2021-06-11T15:50:00.000,I 85,I 85 and Pleasant Hill Rd,,Rear End,3,Rain,Wet,Daylight
2021-05-28T12:00:00.000,I 85,I 85 and Pleasant Hill Rd,,Rear End,2,Clear,Dry,Daylight
2021-06-11T21:18:00.000,I 85,I 85 and Pleasant Hill Rd,,Sideswipe-Same Direction,2,Clear,Dry,Dark-Not Lighted
2021-03-18T05:08:00.000,I 85,I 85 and Pleasant Hill Rd,,Rear End,2,Cloudy,Dry,Daylight
2021-06-13T15:58:00.000,I 85,I 85 and Pleasant Hill Rd,,Rear End,2,Clear,Dry,Daylight
2021-03-06T14:22:00.000,I 85,I 85 and Pleasant Hill Rd,,Rear End,2,Clear,Dry,Daylight
2021-03-11T18:05:00.000,I 85,I 85 and Pleasant Hill Rd,,Rear End,2,Clear,Dry,Daylight
2021-01-26T10:35:00.000,I 85,I 85 and Pleasant Hill Rd,,Rear End,3,Cloudy,Wet,Daylight
2021-06-20T02:16:00.000,I 85,I 85 and Pleasant Hill Rd,,Not a Collision with Motor Vehicle,1,Rain,Wet,Dark-Lighted
2021-04-16T09:30:00.000,I 85,I 85 and Pleasant Hill Rd,,Rear End,2,Clear,Dry,Daylight
2021-05-27T07:45:00.000,I 85,I 85 and Pleasant Hill Rd,,Rear End,2,Cloudy,Dry,Daylight
2021-01-15T04:32:00.000,I 85,I 85 and Pleasant Hill Rd,,Angle Crash,2,Rain,Dry,Dark-Lighted
2021-04-30T16:50:00.000,I 85,I 85 and Pleasant Hill Rd,,Rear End,2,Clear,Dry,Daylight
2021-04-28T11:34:00.000,I 85,I 85 and Pleasant Hill Rd,,Rear End,2,Clear,Dry,Daylight
2021-05-26T14:42:00.000,I 85,I 85 and Pleasant Hill Rd,,Rear End,2,Clear,Dry,Daylight
2021-05-13T09:15:00.000,I 85,I 85 and Pleasant Hill Rd,,Rear End,2,Clear,Dry,Daylight
2021-05-11T15:47:00.000,I 85,I 85 and Pleasant Hill Rd,,Not a Collision with Motor Vehicle,2,Clear,Dry,Daylight
2021-03-12T15:51:00.000,I 85,I 85 and Pleasant Hill Rd,,Rear End,2,Clear,Dry,Daylight
2021-01-28T09:07:00.000,I 85,I 85 and Pleasant Hill Rd,,Sideswipe-Same Direction,2,Clear,Dry,Daylight
2021-04-30T16:50:00.000,I 85,I 85 and Pleasant Hill Rd,,Rear End,2,Clear,Dry,Daylight
2021-04-08T12:00:00.000,I 85,I 85 and Pleasant Hill Rd,,Sideswipe-Same Direction,2,Clear,Dry,Daylight
2021-05-11T17:07:00.000,I 85,I 85 and Pleasant Hill Rd,,Rear End,2,Cloudy,Dry,Daylight
2021-08-02T12:30:00.000,I 85,I 85 and Pleasant Hill Rd,,Rear End,2,Clear,Dry,Daylight
2021-09-10T07:45:00.000,I 85,I 85 and Pleasant Hill Rd,,Rear End,2,Clear,Dry,Daylight
2021-07-09T15:30:00.000,I 85,I 85 and Pleasant Hill Rd,,Rear End,2,Rain,Wet,Daylight
2021-08-31T07:45:00.000,I 85,I 85 and Pleasant Hill Rd,,Rear End,2,Clear,Dry,Daylight
2021-11-20T16:20:00.000,I 85,I 85 and Pleasant Hill Rd,,Angle Crash,2,Clear,Dry,Daylight
2021-09-02T06:28:00.000,I 85,I 85 and Pleasant Hill Rd,,Rear End,3,Cloudy,Dry,Dark-Lighted
2021-11-02T15:30:00.000,I 85,I 85 and Pleasant Hill Rd,,Sideswipe-Same Direction,2,Clear,Dry,Daylight
2021-11-04T11:52:00.000,I 85,I 85 and Pleasant Hill Rd,,Rear End,2,Cloudy,Wet,Daylight
2021-12-30T05:05:00.000,I 85,I 85 and Pleasant Hill Rd,,Sideswipe-Same Direction,2,Rain,Water (standing or moving),Dark-Lighted
2021-12-22T22:37:00.000,I 85,I 85 and Pleasant Hill Rd,,Rear End,2,Clear,Dry,Dark-Lighted
2021-12-03T13:58:00.000,I 85,I 85 and Pleasant Hill Rd,,Rear End,2,Clear,Dry,Daylight
2021-11-22T15:04:00.000,I 85,I 85 and Pleasant Hill Rd,,Not a Collision with Motor Vehicle,2,Clear,Dry,Daylight
2021-10-08T15:43:00.000,I 85,I 85 and Pleasant Hill Rd,,Sideswipe-Same Direction,2,Clear,Dry,Daylight
2021-10-27T10:48:00.000,I 85,I 85 and Pleasant Hill Rd,,Not a Collision with Motor Vehicle,2,Cloudy,Dry,Daylight
2021-07-23T12:24:00.000,I 85,I 85 and Pleasant Hill Rd,,Rear End,2,Clear,Dry,Daylight
2021-12-16T07:20:00.000,I 85,I 85 and Pleasant Hill Rd,,Rear End,3,Cloudy,Dry,Daylight
2021-07-18T17:35:00.000,I 85,I 85 and Pleasant Hill Rd,,Rear End,2,Cloudy,Dry,Daylight
2021-10-15T13:56:00.000,I 85,I 85 and Pleasant Hill Rd,,Rear End,2,Clear,Dry,Daylight
2021-07-30T18:03:00.000,I 85,I 85 and Pleasant Hill Rd,,Sideswipe-Same Direction,2,Cloudy,Dry,Daylight
2021-10-30T14:45:00.000,I 85,I 85 and Pleasant Hill Rd,,Sideswipe-Same Direction,2,Rain,Wet,Daylight
2021-12-03T18:50:00.000,I 85,I 85 and Pleasant Hill Rd,,Sideswipe-Same Direction,4,Clear,Dry,Dark-Lighted
2021-03-31T06:44:00.000,I 85,I 85 and Pleasant Hill Rd,,Sideswipe-Same Direction,2,Rain,Wet,Dark-Lighted
2021-02-25T14:06:00.000,I 85,I 85 and Pleasant Hill Rd,,Rear End,3,Clear,Dry,Daylight
2021-04-25T20:44:00.000,I 85,I 85 and Pleasant Hill Rd,,Rear End,2,Clear,Dry,Dark-Lighted
2021-02-12T10:14:00.000,I 85,I 85 and Pleasant Hill Rd,,Rear End,2,Rain,Wet,Daylight
2021-05-18T08:35:00.000,I 85,I 85 and Pleasant Hill Rd,,Sideswipe-Same Direction,2,Cloudy,Dry,Daylight
2021-04-10T14:04:00.000,I 85,I 85 and Pleasant Hill Rd,,Rear End,2,Rain,Water (standing or moving),Daylight
2021-03-16T08:35:00.000,I 85,I 85 and Pleasant Hill Rd,,Not a Collision with Motor Vehicle,2,Cloudy,Dry,Daylight
2021-03-16T08:10:00.000,I 85,I 85 and Pleasant Hill Rd,,Sideswipe-Same Direction,2,Clear,Dry,Daylight
2021-04-11T18:40:00.000,I 85,I 85 and Pleasant Hill Rd,,Rear End,2,Clear,Dry,Daylight
2021-01-28T09:30:00.000,I 85,I 85 and Pleasant Hill Rd,,Rear End,2,Clear,Dry,Daylight
2021-04-11T21:17:00.000,I 85,I 85 and Pleasant Hill Rd,,Sideswipe-Same Direction,2,Clear,Dry,Dark-Not Lighted
2021-06-14T16:51:00.000,I 85,I 85 and Pleasant Hill Rd,,Rear End,2,Clear,Dry,Daylight
2021-03-25T10:19:00.000,I 85,I 85 and Pleasant Hill Rd,,Rear End,3,Clear,Dry,Daylight
2021-04-16T05:40:00.000,I 85,I 85 and Pleasant Hill Rd,,Not a Collision with Motor Vehicle,1,Clear,Dry,Dark-Not Lighted
2021-04-02T16:51:00.000,I 85,I 85 and Pleasant Hill Rd,,Rear End,2,Clear,Dry,Daylight
2021-01-07T16:45:00.000,I 85,I 85 and Pleasant Hill Rd,,Sideswipe-Same Direction,2,Rain,Wet,Daylight
2021-04-05T19:00:00.000,I 85,I 85 and Pleasant Hill Rd,,Rear End,2,Cloudy,Dry,Daylight
2021-04-09T14:25:00.000,I 85,I 85 and Pleasant Hill Rd,,Rear End,2,Clear,Dry,Daylight
2021-03-27T13:50:00.000,I 85,I 85 and Pleasant Hill Rd,,Rear End,3,Clear,Dry,Daylight
2021-04-24T08:00:00.000,I 85,I 85 and Pleasant Hill Rd,,Sideswipe-Same Direction,2,Rain,Wet,Daylight
2021-02-19T08:30:00.000,I 85,I 85 and Pleasant Hill Rd,,Rear End,2,Cloudy,Wet,Daylight
2021-04-26T09:00:00.000,I 85,I 85 and Pleasant Hill Rd,,Angle Crash,2,Clear,Dry,Daylight
2021-01-18T06:51:00.000,I 85,I 85 and Pleasant Hill Rd,,Rear End,2,Rain,Wet,Dark-Lighted
2021-03-10T08:15:00.000,I 85,I 85 and Pleasant Hill Rd,,Rear End,2,Clear,Dry,Daylight
2021-04-10T07:50:00.000,I 85,I 85 and Pleasant Hill Rd,,Rear End,2,Cloudy,Dry,Daylight
2021-01-05T17:10:00.000,I 85,I 85 and Pleasant Hill Rd,,Rear End,2,Clear,Dry,Daylight
2021-04-24T14:50:00.000,I 85,I 85 and Pleasant Hill Rd,,Sideswipe-Same Direction,2,Cloudy,Dry,Daylight
2021-03-02T19:22:00.000,I 85,I 85 and Pleasant Hill Rd,,Rear End,2,Rain,Wet,Dark-Not Lighted
2021-04-02T01:31:00.000,I 85,I 85 and Pleasant Hill Rd,,Rear End,2,Clear,Dry,Dark-Lighted
2021-05-26T17:28:00.000,I 85,I 85 and Pleasant Hill Rd,,Rear End,3,Clear,Dry,Daylight
2021-01-29T18:00:00.000,I 85,I 85 and Pleasant Hill Rd,,Rear End,2,Clear,Dry,Daylight
2021-03-13T16:08:00.000,I 85,I 85 and Pleasant Hill Rd,,Rear End,3,Cloudy,Dry,Daylight