Date and Time,Roadway (From Crash Report),Intersection Name (from Crash Report),KABCO Severity,Manner of Collision (Crash Level) ,# of Vehicles per crash ,Weather Conditions (Crash Level),Surface Condition (Crash Level) ,Light Conditions (Crash Level)
2023-04-29T12:15:00.000,I 85,I 85 and Pleasant Hill Rd,,Rear End,2,Clear,Dry,Daylight
2023-09-23T23:25:00.000,I 85,I 85 and Pleasant Hill Rd,,Not a Collision with Motor Vehicle,1,Clear,Dry,Dark-Lighted
2023-10-13T14:45:00.000,I 85,I 85 and Pleasant Hill Rd,,Rear End,2,Cloudy,Dry,Daylight
2023-05-30T09:07:00.000,I 85,I 85 and Pleasant Hill Rd,,Rear End,3,Clear,Dry,Daylight
2023-02-25T13:17:00.000,I 85,I 85 and Pleasant Hill Rd,,Rear End,3,Cloudy,Dry,Daylight
2023-12-10T09:35:00.000,I 85,I 85 and Pleasant Hill Rd,,Sideswipe-Same Direction,3,Rain,Wet,Daylight
2023-01-26T11:37:00.000,I 85,I 85 and Pleasant Hill Rd,,Not a Collision with Motor Vehicle,1,Clear,Dry,Daylight
2023-06-11T10:31:00.000,I 85,I 85 and Pleasant Hill Rd,,Not a Collision with Motor Vehicle,1,Cloudy,Wet,Daylight
2023-03-20T10:43:00.000,I 85,I 85 and Pleasant Hill Rd,,Rear End,2,Cloudy,Dry,Daylight
2023-01-03T18:35:00.000,I 85,I 85 and Pleasant Hill Rd,,Angle Crash,2,Rain,Wet,Dark-Not Lighted
2023-02-01T10:35:00.000,I 85,I 85 and Pleasant Hill Rd,,Rear End,2,Clear,Dry,Daylight
2023-04-15T09:47:00.000,I 85,I 85 and Pleasant Hill Rd,,Rear End,2,Clear,Dry,Daylight
2023-12-20T18:15:00.000,I 85,I 85 and Pleasant Hill Rd,,Rear End,2,Cloudy,Dry,Dark-Lighted
2023-05-11T19:50:00.000,I 85,I 85 and Pleasant Hill Rd,,Not a Collision with Motor Vehicle,1,Clear,Dry,Daylight
2023-05-20T15:04:00.000,I 85,I 85 and Pleasant Hill Rd,,Rear End,2,Clear,Dry,Daylight
2023-09-20T19:12:00.000,I 85,I 85 and Pleasant Hill Rd,,Sideswipe-Same Direction,2,Clear,Dry,Daylight
2023-01-09T17:45:00.000,I 85,I 85 and Pleasant Hill Rd,,Sideswipe-Same Direction,2,Clear,Dry,Daylight
2023-11-05T12:10:00.000,I 85,I 85 and Pleasant Hill Rd,,Rear End,2,Clear,Dry,Daylight
2023-07-01T15:20:00.000,I 85,I 85 and Pleasant Hill Rd,,Not a Collision with Motor Vehicle,2,Clear,Dry,Daylight
2023-11-18T15:30:00.000,I 85,I 85 and Pleasant Hill Rd,,Sideswipe-Same Direction,2,Clear,Dry,Daylight
2023-07-13T13:00:00.000,I 85,I 85 and Pleasant Hill Rd,,Angle Crash,2,Clear,Dry,Daylight
2023-06-24T09:55:00.000,I 85,I 85 and Pleasant Hill Rd,,Rear End,2,Cloudy,Dry,Daylight
2023-01-30T06:51:00.000,I 85,I 85 and Pleasant Hill Rd,,Rear End,2,Cloudy,Dry,Dark-Lighted
2023-06-08T07:00:00.000,I 85,I 85 and Pleasant Hill Rd,,Rear End,3,Clear,Dry,Daylight
2023-05-08T17:10:00.000,I 85,I 85 and Pleasant Hill Rd,,Not a Collision with Motor Vehicle,2,Clear,Dry,Daylight
2023-05-13T07:56:00.000,I 85,I 85 and Pleasant Hill Rd,,Sideswipe-Same Direction,2,Cloudy,Dry,Daylight
2023-09-01T02:19:00.000,I 85,I 85 and Pleasant Hill Rd,,Not a Collision with Motor Vehicle,1,Clear,Dry,Dark-Lighted
2023-09-13T07:45:00.000,I 85,I 85 and Pleasant Hill Rd,,Sideswipe-Same Direction,2,Clear,Dry,Dawn
2023-11-27T07:00:00.000,I 85,I 85 and Pleasant Hill Rd,,Angle Crash,2,Clear,Dry,Daylight
2023-08-09T07:09:00.000,I 85,I 85 and Pleasant Hill Rd,,Rear End,2,Clear,Dry,Daylight
2023-07-04T10:24:00.000,I 85,I 85 and Pleasant Hill Rd,,Not a Collision with Motor Vehicle,1,Rain,Wet,Daylight
2023-03-17T15:40:00.000,I 85,I 85 and Pleasant Hill Rd,,Sideswipe-Same Direction,2,Rain,Wet,Daylight
2023-07-02T10:45:00.000,I 85,I 85 and Pleasant Hill Rd,,Rear End,2,Clear,Dry,Daylight
2023-07-20T07:00:00.000,I 85,I 85 and Pleasant Hill Rd,,Sideswipe-Same Direction,2,Clear,Dry,Daylight
2023-04-12T07:20:00.000,I 85,I 85 and Pleasant Hill Rd,,Sideswipe-Same Direction,2,Clear,Dry,Daylight
2023-08-13T18:03:00.000,I 85,I 85 and Pleasant Hill Rd,,Rear End,3,Clear,Dry,Daylight
2023-09-11T17:30:00.000,I 85,I 85 and Pleasant Hill Rd,,Rear End,2,Clear,Dry,Daylight
2023-07-28T19:10:00.000,I 85,I 85 and Pleasant Hill Rd,,Not a Collision with Motor Vehicle,1,Clear,Wet,Daylight
2023-04-25T11:18:00.000,I 85,I 85 and Pleasant Hill Rd,,Sideswipe-Same Direction,2,Cloudy,Dry,Daylight
2023-05-23T18:42:00.000,I 85,I 85 and Pleasant Hill Rd,,Rear End,2,Clear,Dry,Daylight
2023-11-07T12:20:00.000,I 85,I 85 and Pleasant Hill Rd,,Rear End,2,Cloudy,Dry,Daylight
2023-09-05T07:45:00.000,I 85,I 85 and Pleasant Hill Rd,,Rear End,2,Clear,Dry,Daylight
2023-07-21T11:50:00.000,I 85,I 85 and Pleasant Hill Rd,,Sideswipe-Same Direction,2,Cloudy,Dry,Daylight
2023-04-19T08:00:00.000,I 85,I 85 and Pleasant Hill Rd,,Sideswipe-Same Direction,2,Clear,Dry,Daylight
2023-08-16T20:03:00.000,I 85,I 85 and Pleasant Hill Rd,,Sideswipe-Same Direction,2,Clear,Dry,Daylight
2023-11-10T14:55:00.000,I 85,I 85 and Pleasant Hill Rd,,Rear End,2,Cloudy,Wet,Daylight
2023-11-22T17:50:00.000,I 85,I 85 and Pleasant Hill Rd,,Sideswipe-Same Direction,2,Clear,Dry,Daylight
2023-02-18T22:43:00.000,I 85,I 85 and Pleasant Hill Rd,,Not a Collision with Motor Vehicle,1,Clear,Dry,Dark-Lighted
2023-05-13T12:15:00.000,I 85,I 85 and Pleasant Hill Rd,,Rear End,2,Clear,Dry,Daylight
2023-06-05T08:56:00.000,I 85,I 85 and Pleasant Hill Rd,,Sideswipe-Same Direction,2,Cloudy,Dry,Daylight
2023-04-30T19:30:00.000,I 85,I 85 and Pleasant Hill Rd,,Not a Collision with Motor Vehicle,2,Clear,Dry,Daylight
2023-05-14T12:54:00.000,I 85,I 85 and Pleasant Hill Rd,,Rear End,2,Clear,Dry,Daylight
2023-11-16T09:18:00.000,I 85,I 85 and Pleasant Hill Rd,,Rear End,2,Clear,Dry,Daylight
2023-06-21T13:16:00.000,I 85,I 85 and Pleasant Hill Rd,,Not a Collision with Motor Vehicle,1,Rain,Wet,Daylight
2023-02-24T13:36:00.000,I 85,I 85 and Pleasant Hill Rd,,Rear End,2,Cloudy,Dry,Daylight
2023-03-24T20:20:00.000,I 85,I 85 and Pleasant Hill Rd,,Rear End,2,Clear,Dry,Dark-Lighted
2023-05-13T14:40:00.000,I 85,I 85 and Pleasant Hill Rd,,Rear End,2,Clear,Dry,Daylight
2023-09-12T08:15:00.000,I 85,I 85 and Pleasant Hill Rd,,Rear End,2,Cloudy,Dry,Daylight
2023-05-29T23:46:00.000,I 85,I 85 and Pleasant Hill Rd,,Rear End,2,Clear,Dry,Daylight
2023-11-04T20:30:00.000,I 85,I 85 and Pleasant Hill Rd,,Sideswipe-Same Direction,2,Clear,Dry,Dark-Lighted
2023-07-16T04:03:00.000,I 85,I 85 and Pleasant Hill Rd,,Rear End,2,Clear,Dry,Dark-Lighted
2023-12-30T19:21:00.000,I 85,I 85 and Pleasant Hill Rd,,Sideswipe-Same Direction,2,Clear,Dry,Dark-Lighted
2023-10-17T08:28:00.000,I 85,I 85 and Pleasant Hill Rd,,Sideswipe-Same Direction,2,Clear,Dry,Daylight
2023-02-25T11:00:00.000,I 85,I 85 and Pleasant Hill Rd,,Rear End,3,Cloudy,Wet,Daylight
2023-01-13T07:15:00.000,I 85,I 85 and Pleasant Hill Rd,,Sideswipe-Same Direction,2,Cloudy,Dry,Dark-Lighted
2023-06-14T17:26:00.000,I 85,I 85 and Pleasant Hill Rd,,Rear End,3,Cloudy,Wet,Daylight
2023-10-04T08:01:00.000,I 85,I 85 and Pleasant Hill Rd,,Rear End,2,Clear,Dry,Daylight
2023-09-19T13:15:00.000,I 85,I 85 and Pleasant Hill Rd,,Not a Collision with Motor Vehicle,2,Clear,Dry,Daylight
2023-03-01T17:53:00.000,I 85,I 85 and Pleasant Hill Rd,,Rear End,2,Clear,Dry,Daylight
2023-07-29T17:52:00.000,I 85,I 85 and Pleasant Hill Rd,,Rear End,2,Clear,Dry,Daylight
2023-10-20T08:25:00.000,I 85,I 85 and Pleasant Hill Rd,,Rear End,2,Cloudy,Wet,Daylight
2023-05-26T11:33:00.000,I 85,I 85 and Pleasant Hill Rd,,Rear End,2,Clear,Dry,Daylight
2023-03-24T20:20:00.000,I 85,I 85 and Pleasant Hill Rd,,Rear End,2,Clear,Dry,Dark-Lighted
2023-11-11T07:51:00.000,I 85,I 85 and Pleasant Hill Rd,,Sideswipe-Opposite Direction,1,Rain,Wet,Daylight
2023-12-14T10:44:00.000,I 85,I 85 and Pleasant Hill Rd,,Sideswipe-Same Direction,2,Clear,Dry,Daylight
2023-01-28T11:04:00.000,I 85,I 85 and Pleasant Hill Rd,,Sideswipe-Same Direction,2,Clear,Dry,Daylight
2023-08-28T16:44:00.000,I 85,I 85 and Pleasant Hill Rd,,Sideswipe-Same Direction,3,Cloudy,Dry,Daylight
2023-03-17T09:30:00.000,I 85,I 85 and Pleasant Hill Rd,,Rear End,2,Cloudy,Wet,Daylight
2023-03-03T12:55:00.000,I 85,I 85 and Pleasant Hill Rd,,Rear End,2,Cloudy,Dry,Daylight
2022-01-18T07:32:00.000,I 85,I 85 and Pleasant Hill Rd,,Sideswipe-Same Direction,2,Clear,Dry,Dawn
2022-08-20T19:23:00.000,I 85,I 85 and Pleasant Hill Rd,,Rear End,2,Clear,Dry,Daylight
2022-08-11T11:15:00.000,I 85,I 85 and Pleasant Hill Rd,,Rear End,2,Clear,Dry,Daylight
2022-05-13T18:15:00.000,I 85,I 85 and Pleasant Hill Rd,,Rear End,2,Cloudy,Dry,Daylight
2022-11-13T16:49:00.000,I 85,I 85 and Pleasant Hill Rd,,Rear End,2,Clear,Dry,Daylight
2022-06-29T18:45:00.000,I 85,I 85 and Pleasant Hill Rd,,Not a Collision with Motor Vehicle,1,Rain,Wet,Daylight
2022-10-19T22:26:00.000,I 85,I 85 and Pleasant Hill Rd,,Sideswipe-Same Direction,2,Clear,Dry,Dark-Not Lighted
2022-10-11T09:05:00.000,I 85,I 85 and Pleasant Hill Rd,,Not a Collision with Motor Vehicle,1,Clear,Dry,Daylight
2022-07-28T09:32:00.000,I 85,I 85 and Pleasant Hill Rd,,Sideswipe-Same Direction,2,Clear,Dry,Daylight
2022-09-26T09:43:00.000,I 85,I 85 and Pleasant Hill Rd,,Rear End,2,Clear,Dry,Daylight
2022-10-27T17:02:00.000,I 85,I 85 and Pleasant Hill Rd,,Rear End,2,Clear,Dry,Daylight
2022-04-24T16:10:00.000,I 85,I 85 and Pleasant Hill Rd,,Angle Crash,2,Clear,Dry,Daylight
2022-07-01T10:20:00.000,I 85,I 85 and Pleasant Hill Rd,,Not a Collision with Motor Vehicle,1,Cloudy,Dry,Daylight
2022-11-29T09:48:00.000,I 85,I 85 and Pleasant Hill Rd,,Rear End,2,Clear,Dry,Daylight
2022-02-14T08:00:00.000,I 85,I 85 and Pleasant Hill Rd,,Sideswipe-Same Direction,2,Clear,Dry,Daylight
2022-11-23T12:24:00.000,I 85,I 85 and Pleasant Hill Rd,,Rear End,2,Clear,Dry,Daylight
2022-10-09T12:33:00.000,I 85,I 85 and Pleasant Hill Rd,,Rear End,2,Cloudy,Dry,Daylight
2022-04-01T12:30:00.000,I 85,I 85 and Pleasant Hill Rd,,Rear End,2,Cloudy,Dry,Daylight
2022-11-09T09:56:00.000,I 85,I 85 and Pleasant Hill Rd,,Rear End,2,Clear,Dry,Daylight
2022-09-29T17:55:00.000,I 85,I 85 and Pleasant Hill Rd,,Rear End,2,Clear,Dry,Daylight
2022-06-09T07:42:00.000,I 85,I 85 and Pleasant Hill Rd,,Rear End,2,Clear,Wet,Daylight
2022-11-28T17:10:00.000,I 85,I 85 and Pleasant Hill Rd,,Rear End,2,Clear,Dry,Daylight
2022-10-13T05:30:00.000,I 85,I 85 and Pleasant Hill Rd,,Rear End,2,Rain,Wet,Dark-Lighted
2024-06-21T16:00:00.000,I 85,I 85 and Pleasant Hill Rd,,Sideswipe-Same Direction,2,Clear,Dry,Daylight
2022-09-26T06:36:00.000,I 85,I 85 and Pleasant Hill Rd,,Rear End,2,Clear,Dry,Dawn
2022-08-10T17:12:00.000,I 85,I 85 and Pleasant Hill Rd,,Rear End,3,Clear,Dry,Daylight
2022-12-21T14:17:00.000,I 85,I 85 and Pleasant Hill Rd,,Rear End,2,Clear,Dry,Daylight
2022-06-10T13:12:00.000,I 85,I 85 and Pleasant Hill Rd,,Rear End,2,Clear,Dry,Daylight
2022-08-31T09:58:00.000,I 85,I 85 and Pleasant Hill Rd,,Rear End,2,Clear,Dry,Daylight
2022-01-19T07:50:00.000,I 85,I 85 and Pleasant Hill Rd,,Sideswipe-Same Direction,2,Clear,Dry,Daylight
2023-07-21T22:56:00.000,I 85,I 85 and Pleasant Hill Rd,,Sideswipe-Same Direction,2,Clear,Wet,Dark-Not Lighted
2023-10-18T18:12:00.000,I 85,I 85 and Pleasant Hill Rd,,Rear End,3,Clear,Dry,Daylight
2023-09-28T11:29:00.000,I 85,I 85 and Pleasant Hill Rd,,Rear End,2,Cloudy,Dry,Daylight
2023-11-04T13:08:00.000,I 85,I 85 and Pleasant Hill Rd,,Rear End,3,Clear,Dry,Daylight
2023-08-08T09:35:00.000,I 85,I 85 and Pleasant Hill Rd,,Rear End,2,Cloudy,Dry,Daylight
2020-04-25T14:35:00.000,I 85,I 85 and Pleasant Hill Rd,,Not a Collision with Motor Vehicle,1,Clear,Dry,Daylight
2020-02-14T15:00:00.000,I 85,I 85 and Pleasant Hill Rd,,Sideswipe-Same Direction,2,Clear,Dry,Daylight
2020-03-31T12:20:00.000,I 85,I 85 and Pleasant Hill Rd,,Not a Collision with Motor Vehicle,1,Rain,Wet,Daylight
2020-02-03T08:35:00.000,I 85,I 85 and Pleasant Hill Rd,,Rear End,2,Clear,Dry,Daylight
2020-02-09T13:20:00.000,I 85,I 85 and Pleasant Hill Rd,,Rear End,2,Clear,Dry,Daylight
2020-05-09T12:30:00.000,I 85,I 85 and Pleasant Hill Rd,,Sideswipe-Same Direction,2,Clear,Dry,Daylight
2020-04-03T09:20:00.000,I 85,I 85 and Pleasant Hill Rd,,Sideswipe-Same Direction,3,Clear,Dry,Daylight
2020-08-20T07:38:00.000,I 85,I 85 and Pleasant Hill Rd,,Sideswipe-Same Direction,2,Clear,Dry,Daylight
2020-09-01T18:22:00.000,I 85,I 85 and Pleasant Hill Rd,,Rear End,2,Clear,Dry,Daylight
2020-08-08T21:13:00.000,I 85,I 85 and Pleasant Hill Rd,,Rear End,2,Clear,Wet,Dark-Lighted
2020-12-11T14:53:00.000,I 85,I 85 and Pleasant Hill Rd,,Sideswipe-Same Direction,2,Clear,Dry,Daylight
2020-02-20T12:53:00.000,I 85,I 85 and Pleasant Hill Rd,,Sideswipe-Same Direction,2,Rain,Wet,Daylight
2020-09-03T08:08:00.000,I 85,I 85 and Pleasant Hill Rd,,Rear End,2,Clear,Dry,Daylight
2020-12-16T13:44:00.000,I 85,I 85 and Pleasant Hill Rd,,Sideswipe-Same Direction,2,Rain,Wet,Daylight
2020-01-14T06:14:00.000,I 85,I 85 and Pleasant Hill Rd,,Sideswipe-Same Direction,2,Cloudy,Wet,Dark-Lighted
2020-09-24T19:47:00.000,I 85,I 85 and Pleasant Hill Rd,,Not a Collision with Motor Vehicle,1,Rain,Wet,Dark-Lighted
2020-07-16T08:48:00.000,I 85,I 85 and Pleasant Hill Rd,,Rear End,2,Clear,Dry,Daylight
2020-09-25T08:32:00.000,I 85,I 85 and Pleasant Hill Rd,,Sideswipe-Same Direction,2,Cloudy,Dry,Daylight
2020-07-23T15:45:00.000,I 85,I 85 and Pleasant Hill Rd,,Sideswipe-Same Direction,2,Clear,Dry,Daylight
2020-12-10T20:30:00.000,I 85,I 85 and Pleasant Hill Rd,,Rear End,2,Clear,Dry,Dark-Lighted
2020-02-19T12:53:00.000,I 85,I 85 and Pleasant Hill Rd,,Sideswipe-Same Direction,4,Cloudy,Dry,Daylight
2020-07-08T14:05:00.000,I 85,I 85 and Pleasant Hill Rd,,Sideswipe-Same Direction,2,Cloudy,Dry,Daylight
2020-05-11T11:20:00.000,I 85,I 85 and Pleasant Hill Rd,,Not a Collision with Motor Vehicle,1,Clear,Dry,Daylight
2020-09-21T18:10:00.000,I 85,I 85 and Pleasant Hill Rd,,Sideswipe-Same Direction,2,Clear,Dry,Daylight
2020-12-26T16:36:00.000,I 85,I 85 and Pleasant Hill Rd,,Rear End,2,Clear,Dry,Daylight
2020-07-16T19:30:00.000,I 85,I 85 and Pleasant Hill Rd,,Not a Collision with Motor Vehicle,1,Clear,Dry,Daylight
2020-12-07T14:09:00.000,I 85,I 85 and Pleasant Hill Rd,,Not a Collision with Motor Vehicle,1,Clear,Dry,Daylight
2020-08-20T06:33:00.000,I 85,I 85 and Pleasant Hill Rd,,Sideswipe-Same Direction,2,Clear,Dry,Daylight
2020-05-27T13:50:00.000,I 85,I 85 and Pleasant Hill Rd,,Sideswipe-Same Direction,2,Rain,Wet,Daylight
2020-04-18T11:07:00.000,I 85,I 85 and Pleasant Hill Rd,,Angle Crash,3,Clear,Dry,Daylight
2020-10-15T09:44:00.000,I 85,I 85 and Pleasant Hill Rd,,Rear End,2,Cloudy,Dry,Daylight
2020-02-12T12:14:00.000,I 85,I 85 and Pleasant Hill Rd,,Not a Collision with Motor Vehicle,1,Clear,Dry,Daylight
2020-10-01T17:50:00.000,I 85,I 85 and Pleasant Hill Rd,,Rear End,2,Clear,Dry,Daylight
2020-01-03T09:00:00.000,I 85,I 85 and Pleasant Hill Rd,,Not a Collision with Motor Vehicle,1,Rain,Wet,Daylight
2020-11-05T09:10:00.000,I 85,I 85 and Pleasant Hill Rd,,Rear End,2,Clear,Dry,Daylight
2020-01-02T16:44:00.000,I 85,I 85 and Pleasant Hill Rd,,Rear End,2,Rain,Wet,Dark-Lighted
2020-01-06T06:30:00.000,I 85,I 85 and Pleasant Hill Rd,,Rear End,2,Clear,Dry,Dark-Lighted
2020-08-07T21:09:00.000,I 85,I 85 and Pleasant Hill Rd,,Rear End,2,Rain,Wet,Dark-Lighted
2020-08-23T14:05:00.000,I 85,I 85 and Pleasant Hill Rd,,Rear End,2,Clear,Dry,Daylight
2020-08-06T17:40:00.000,I 85,I 85 and Pleasant Hill Rd,,Rear End,2,Clear,Dry,Daylight
2020-08-18T06:30:00.000,I 85,I 85 and Pleasant Hill Rd,,Sideswipe-Same Direction,2,Clear,Dry,Dawn
2020-07-07T08:00:00.000,I 85,I 85 and Pleasant Hill Rd,,Rear End,2,Cloudy,Wet,Daylight
2020-01-16T10:15:00.000,I 85,I 85 and Pleasant Hill Rd,,Sideswipe-Same Direction,2,Cloudy,Dry,Daylight
2020-01-24T07:26:00.000,I 85,I 85 and Pleasant Hill Rd,,Rear End,2,Rain,Wet,Dawn
2020-03-06T11:45:00.000,I 85,I 85 and Pleasant Hill Rd,,Angle Crash,2,Cloudy,Dry,Daylight
2020-11-26T18:48:00.000,I 85,I 85 and Pleasant Hill Rd,,Rear End,2,Clear,Dry,Dark-Lighted
2020-10-02T16:38:00.000,I 85,I 85 and Pleasant Hill Rd,,Head On,3,Clear,Dry,Daylight
2020-10-10T23:17:00.000,I 85,I 85 and Pleasant Hill Rd,,Sideswipe-Same Direction,2,Rain,Wet,Dark-Lighted
2020-09-29T13:15:00.000,I 85,I 85 and Pleasant Hill Rd,,Sideswipe-Same Direction,2,Rain,Wet,Daylight
2020-05-20T12:35:00.000,I 85,I 85 and Pleasant Hill Rd,,Sideswipe-Same Direction,2,Clear,Dry,Daylight
2020-07-17T15:20:00.000,I 85,I 85 and Pleasant Hill Rd,,Rear End,2,Clear,Dry,Daylight
2020-02-13T07:00:00.000,I 85,I 85 and Pleasant Hill Rd,,Rear End,2,Rain,Wet,Daylight
2020-12-22T16:17:00.000,I 85,I 85 and Pleasant Hill Rd,,Rear End,2,Clear,Dry,Daylight
2020-01-08T14:08:00.000,I 85,I 85 and Pleasant Hill Rd,,Not a Collision with Motor Vehicle,1,Clear,Dry,Daylight
2020-10-09T19:51:00.000,I 85,I 85 and Pleasant Hill Rd,,Rear End,2,Rain,Wet,Daylight
2020-02-29T14:23:00.000,I 85,I 85 and Pleasant Hill Rd,,Rear End,3,Clear,Dry,Daylight
2020-11-30T13:07:00.000,I 85,I 85 and Pleasant Hill Rd,,Angle Crash,2,Cloudy,Dry,Daylight
2020-12-21T13:40:00.000,I 85,I 85 and Pleasant Hill Rd,,Rear End,2,Clear,Dry,Daylight
2020-01-09T08:15:00.000,I 85,I 85 and Pleasant Hill Rd,,Rear End,2,Clear,Dry,Daylight
2020-12-22T11:15:00.000,I 85,I 85 and Pleasant Hill Rd,,Sideswipe-Same Direction,3,Clear,Dry,Daylight
2020-10-14T08:42:00.000,I 85,I 85 and Pleasant Hill Rd,,Rear End,2,Clear,Dry,Daylight
2020-10-28T16:41:00.000,I 85,I 85 and Pleasant Hill Rd,,Sideswipe-Same Direction,2,Cloudy,Dry,Daylight
2020-08-03T15:14:00.000,I 85,I 85 and Pleasant Hill Rd,,Not a Collision with Motor Vehicle,1,Rain,Wet,Daylight
2020-12-04T18:10:00.000,I 85,I 85 and Pleasant Hill Rd,,Angle Crash,2,Cloudy,Dry,Dark-Not Lighted
2020-08-30T22:09:00.000,I 85,I 85 and Pleasant Hill Rd,,Rear End,2,Rain,Wet,Dark-Not Lighted
2020-01-17T08:40:00.000,I 85,I 85 and Pleasant Hill Rd,,Rear End,2,Cloudy,Dry,Daylight
2020-02-14T10:40:00.000,I 85,I 85 and Pleasant Hill Rd,,Rear End,2,Clear,Dry,Daylight
2020-11-06T16:13:00.000,I 85,I 85 and Pleasant Hill Rd,,Rear End,2,Clear,Dry,Daylight
2020-06-15T14:45:00.000,I 85,I 85 and Pleasant Hill Rd,,Sideswipe-Same Direction,2,Cloudy,Dry,Daylight
2020-08-01T10:55:00.000,I 85,I 85 and Pleasant Hill Rd,,Sideswipe-Same Direction,2,Clear,Dry,Daylight
2020-12-29T09:20:00.000,I 85,I 85 and Pleasant Hill Rd,,Rear End,3,Rain,Wet,Daylight
2020-02-13T17:13:00.000,I 85,I 85 and Pleasant Hill Rd,,Sideswipe-Same Direction,2,Clear,Dry,Daylight
2020-10-23T11:11:00.000,I 85,I 85 and Pleasant Hill Rd,,Rear End,2,Clear,Dry,Daylight
2020-10-05T07:50:00.000,I 85,I 85 and Pleasant Hill Rd,,Rear End,2,Clear,Dry,Dawn
2020-02-04T09:40:00.000,I 85,I 85 and Pleasant Hill Rd,,Rear End,2,Cloudy,Dry,Daylight
2020-09-16T05:52:00.000,I 85,I 85 and Pleasant Hill Rd,,Sideswipe-Same Direction,2,Clear,Dry,Dark-Lighted
2020-01-24T07:05:00.000,I 85,I 85 and Pleasant Hill Rd,,Sideswipe-Same Direction,2,Clear,Dry,Daylight
2020-11-29T12:00:00.000,I 85,I 85 and Pleasant Hill Rd,,Sideswipe-Same Direction,2,Clear,Dry,Daylight
2020-06-15T17:58:00.000,I 85,I 85 and Pleasant Hill Rd,,Rear End,2,Cloudy,Wet,Daylight
2020-01-27T08:05:00.000,I 85,I 85 and Pleasant Hill Rd,,Rear End,2,Cloudy,Wet,Daylight
2020-03-05T13:34:00.000,I 85,I 85 and Pleasant Hill Rd,,Rear End,2,Rain,Wet,Daylight
2020-07-22T11:21:00.000,I 85,I 85 and Pleasant Hill Rd,,Sideswipe-Same Direction,2,Clear,Dry,Daylight
2020-05-21T13:54:00.000,I 85,I 85 and Pleasant Hill Rd,,Not a Collision with Motor Vehicle,1,Clear,Dry,Daylight
2020-03-05T10:00:00.000,I 85,I 85 and Pleasant Hill Rd,,Sideswipe-Same Direction,2,Rain,Wet,Daylight
2020-11-12T17:23:00.000,I 85,I 85 and Pleasant Hill Rd,,Rear End,3,Clear,Dry,Daylight
2020-12-22T15:36:00.000,I 85,I 85 and Pleasant Hill Rd,,Sideswipe-Same Direction,2,Clear,Dry,Daylight
2020-10-02T14:05:00.000,I 85,I 85 and Pleasant Hill Rd,,Sideswipe-Same Direction,2,Clear,Dry,Daylight
2020-09-01T07:20:00.000,I 85,I 85 and Pleasant Hill Rd,,Rear End,3,Clear,Dry,Daylight
2020-10-27T19:50:00.000,I 85,I 85 and Pleasant Hill Rd,,Rear End,2,Clear,Dry,Dark-Lighted
2020-01-21T06:15:00.000,I 85,I 85 and Pleasant Hill Rd,,Sideswipe-Same Direction,2,Cloudy,Dry,Dark-Lighted
2020-09-23T15:27:00.000,I 85,I 85 and Pleasant Hill Rd,,Sideswipe-Same Direction,2,Clear,Dry,Daylight
2020-01-25T13:05:00.000,I 85,I 85 and Pleasant Hill Rd,,Rear End,2,Clear,Dry,Daylight
2020-09-17T19:58:00.000,I 85,I 85 and Pleasant Hill Rd,,Rear End,2,Rain,Wet,Dark-Lighted
2020-03-04T09:40:00.000,I 85,I 85 and Pleasant Hill Rd,,Rear End,2,Rain,Wet,Daylight
2020-11-25T08:50:00.000,I 85,I 85 and Pleasant Hill Rd,,Rear End,2,Clear,Dry,Daylight
2020-08-21T08:10:00.000,I 85,I 85 and Pleasant Hill Rd,,Rear End,4,Clear,Wet,Dark-Lighted
2020-10-24T15:16:00.000,I 85,I 85 and Pleasant Hill Rd,,Sideswipe-Same Direction,2,Clear,Dry,Daylight
2020-07-16T08:42:00.000,I 85,I 85 and Pleasant Hill Rd,,Rear End,2,Clear,Dry,Daylight
2020-10-09T06:10:00.000,I 85,I 85 and Pleasant Hill Rd,,Sideswipe-Same Direction,2,Clear,Dry,Dark-Lighted
2020-10-09T16:45:00.000,I 85,I 85 and Pleasant Hill Rd,,Rear End,2,Rain,Wet,Daylight
2020-01-22T18:16:00.000,I 85,I 85 and Pleasant Hill Rd,,Sideswipe-Same Direction,2,Cloudy,Dry,Dark-Lighted
2020-02-27T08:40:00.000,I 85,I 85 and Pleasant Hill Rd,,Rear End,2,Clear,Dry,Daylight
2020-07-31T05:27:00.000,I 85,I 85 and Pleasant Hill Rd,,Sideswipe-Same Direction,2,Clear,Dry,Dark-Lighted
2020-09-25T09:00:00.000,I 85,I 85 and Pleasant Hill Rd,,Rear End,2,Rain,Wet,Daylight
2020-04-13T14:52:00.000,I 85,I 85 and Pleasant Hill Rd,,Rear End,2,Cloudy,Dry,Daylight
2020-10-15T10:47:00.000,I 85,I 85 and Pleasant Hill Rd,,Sideswipe-Same Direction,2,Cloudy,Dry,Daylight
2020-10-28T06:45:00.000,I 85,I 85 and Pleasant Hill Rd,,Rear End,2,Rain,Wet,Dark-Lighted
2020-11-02T18:25:00.000,I 85,I 85 and Pleasant Hill Rd,,Rear End,2,Clear,Dry,Daylight
2020-02-15T21:36:00.000,I 85,I 85 and Pleasant Hill Rd,,Rear End,2,Clear,Dry,Dark-Lighted
2020-07-27T08:00:00.000,I 85,I 85 and Pleasant Hill Rd,,Rear End,2,Clear,Dry,Daylight
2020-01-11T13:11:00.000,I 85,I 85 and Pleasant Hill Rd,,Sideswipe-Same Direction,2,Rain,Wet,Daylight
2020-06-11T08:40:00.000,I 85,I 85 and Pleasant Hill Rd,,Rear End,2,Clear,Dry,Daylight
2020-11-13T17:09:00.000,I 85,I 85 and Pleasant Hill Rd,,Rear End,3,Clear,Dry,Daylight