Date and Time,Roadway (From Crash Report),Intersection Name (from Crash Report),KABCO Severity,Manner of Collision (Crash Level) ,# of Vehicles per crash ,Weather Conditions (Crash Level),Surface Condition (Crash Level) ,Light Conditions (Crash Level)
2020-04-29T12:20:00.000,I 85,I 85 and Pleasant Hill Rd,,Rear End,2,Cloudy,Dry,Daylight
2020-03-31T11:50:00.000,I 85,I 85 and Pleasant Hill Rd,,Not a Collision with Motor Vehicle,1,Rain,Wet,Daylight
2020-02-28T09:50:00.000,I 85,I 85 and Pleasant Hill Rd,,Rear End,2,Clear,Dry,Daylight
2020-03-02T11:24:00.000,I 85,I 85 and Pleasant Hill Rd,,Sideswipe-Same Direction,2,Rain,Wet,Daylight
2020-09-18T03:40:00.000,I 85,I 85 and Pleasant Hill Rd,,Rear End,2,Cloudy,Wet,Dark-Not Lighted
2020-02-12T18:21:00.000,I 85,I 85 and Pleasant Hill Rd,,Sideswipe-Same Direction,2,Cloudy,Dry,Daylight
2020-04-17T11:20:00.000,I 85,I 85 and Pleasant Hill Rd,,Sideswipe-Same Direction,2,Clear,Dry,Daylight
2020-03-04T21:26:00.000,I 85,I 85 and Pleasant Hill Rd,,Rear End,3,Rain,Wet,Dark-Not Lighted
2020-03-19T07:42:00.000,I 85,I 85 and Pleasant Hill Rd,,Not a Collision with Motor Vehicle,1,Clear,Dry,Daylight
2020-06-06T22:50:00.000,I 85,I 85 and Pleasant Hill Rd,,Sideswipe-Same Direction,2,Clear,Dry,Dark-Not Lighted
2020-02-12T06:25:00.000,I 85,I 85 and Pleasant Hill Rd,,Sideswipe-Same Direction,2,Cloudy,Wet,Dark-Lighted
2020-08-13T14:06:00.000,I 85,I 85 and Pleasant Hill Rd,,Rear End,2,Clear,Dry,Daylight
2020-02-15T20:16:00.000,I 85,I 85 and Pleasant Hill Rd,,Rear End,2,Clear,Dry,Dark-Lighted
2020-08-21T05:45:00.000,I 85,I 85 and Pleasant Hill Rd,,Not a Collision with Motor Vehicle,1,Rain,Wet,Dark-Not Lighted
2020-02-27T06:59:00.000,I 85,I 85 and Pleasant Hill Rd,,Sideswipe-Same Direction,3,Clear,Dry,Daylight
2020-08-28T18:10:00.000,I 85,I 85 and Pleasant Hill Rd,,Sideswipe-Same Direction,2,Clear,Dry,Daylight
2020-08-26T21:45:00.000,I 85,I 85 and Pleasant Hill Rd,,Head On,2,Clear,Dry,Dark-Lighted
2020-02-07T11:02:00.000,I 85,I 85 and Pleasant Hill Rd,,Rear End,2,Clear,Dry,Daylight
2020-11-14T12:47:00.000,I 85,I 85 and Pleasant Hill Rd,,Rear End,2,Clear,Dry,Daylight
2020-09-08T09:05:00.000,I 85,I 85 and Pleasant Hill Rd,,Rear End,2,Cloudy,Dry,Daylight
2020-01-18T18:04:00.000,I 85,I 85 and Pleasant Hill Rd,,Rear End,2,Cloudy,Wet,Dark-Lighted
2020-01-19T15:29:00.000,I 85,I 85 and Pleasant Hill Rd,,Sideswipe-Same Direction,2,Clear,Dry,Daylight
2020-10-09T19:40:00.000,I 85,I 85 and Pleasant Hill Rd,,Rear End,2,Rain,Wet,Dark-Lighted
2020-06-24T15:18:00.000,I 85,I 85 and Pleasant Hill Rd,,Rear End,2,Rain,Wet,Daylight
2020-02-09T13:15:00.000,I 85,I 85 and Pleasant Hill Rd,,Rear End,4,Clear,Dry,Daylight
2020-07-18T11:35:00.000,I 85,I 85 and Pleasant Hill Rd,,Sideswipe-Same Direction,2,Clear,Dry,Daylight
2020-10-21T18:03:00.000,I 85,I 85 and Pleasant Hill Rd,,Sideswipe-Same Direction,2,Clear,Dry,Daylight
2020-11-13T10:11:00.000,I 85,I 85 and Pleasant Hill Rd,,Sideswipe-Same Direction,2,Clear,Dry,Daylight
2020-05-02T21:22:00.000,I 85,I 85 and Pleasant Hill Rd,,Angle Crash,1,Clear,Dry,Dark-Lighted
2020-01-22T09:07:00.000,I 85,I 85 and Pleasant Hill Rd,,Rear End,2,Clear,Dry,Daylight
2020-08-25T09:00:00.000,I 85,I 85 and Pleasant Hill Rd,,Rear End,2,Rain,Wet,Daylight
2020-08-16T00:04:00.000,I 85,I 85 and Pleasant Hill Rd,,Not a Collision with Motor Vehicle,1,Clear,Dry,Dark-Lighted
2020-07-05T15:51:00.000,I 85,I 85 and Pleasant Hill Rd,,Sideswipe-Same Direction,2,Clear,Dry,Daylight
2020-01-25T13:10:00.000,I 85,I 85 and Pleasant Hill Rd,,Rear End,2,Clear,Dry,Daylight
2020-01-31T10:40:00.000,I 85,I 85 and Pleasant Hill Rd,,Rear End,2,Rain,Wet,Daylight
2020-04-06T00:00:00.000,I 85,I 85 and Pleasant Hill Rd,,Not a Collision with Motor Vehicle,2,Clear,Dry,Daylight
2020-12-28T09:25:00.000,I 85,I 85 and Pleasant Hill Rd,,Sideswipe-Same Direction,2,Clear,Dry,Daylight
2020-07-20T08:39:00.000,I 85,I 85 and Pleasant Hill Rd,,Sideswipe-Same Direction,2,Clear,Dry,Daylight
2020-08-03T14:08:00.000,I 85,I 85 and Pleasant Hill Rd,,Not a Collision with Motor Vehicle,1,Rain,Wet,Daylight
2020-08-20T15:37:00.000,I 85,I 85 and Pleasant Hill Rd,,Rear End,2,Rain,Wet,Daylight
2020-08-14T00:25:00.000,I 85,I 85 and Pleasant Hill Rd,,Not a Collision with Motor Vehicle,1,Rain,Wet,Dark-Not Lighted
2020-02-10T21:08:00.000,I 85,I 85 and Pleasant Hill Rd,,Sideswipe-Same Direction,2,Rain,Wet,Dark-Lighted
2020-01-14T09:32:00.000,I 85,I 85 and Pleasant Hill Rd,,Rear End,2,Clear,Dry,Daylight
2020-10-14T08:39:00.000,I 85,I 85 and Pleasant Hill Rd,,Rear End,2,Clear,Dry,Daylight
2020-02-14T17:57:00.000,I 85,I 85 and Pleasant Hill Rd,,Rear End,2,Clear,Dry,Daylight
2020-11-20T08:00:00.000,I 85,I 85 and Pleasant Hill Rd,,Rear End,2,Clear,Dry,Daylight
2020-09-30T06:40:00.000,I 85,I 85 and Pleasant Hill Rd,,Sideswipe-Same Direction,2,Clear,Dry,Dawn
2020-01-22T22:37:00.000,I 85,I 85 and Pleasant Hill Rd,,Sideswipe-Same Direction,2,Clear,Dry,Dark-Lighted
2020-09-21T07:10:00.000,I 85,I 85 and Pleasant Hill Rd,,Sideswipe-Same Direction,2,Clear,Dry,Daylight
2020-11-16T14:22:00.000,I 85,I 85 and Pleasant Hill Rd,,Sideswipe-Same Direction,2,Clear,Dry,Daylight
2020-04-26T13:40:00.000,I 85,I 85 and Pleasant Hill Rd,,Rear End,2,Clear,Dry,Daylight
2020-07-22T11:40:00.000,I 85,I 85 and Pleasant Hill Rd,,Rear End,2,Clear,Dry,Daylight
2020-01-16T07:58:00.000,I 85,I 85 and Pleasant Hill Rd,,Rear End,2,Clear,Wet,Daylight
2020-12-14T07:20:00.000,I 85,I 85 and Pleasant Hill Rd,,Sideswipe-Same Direction,2,Rain,Wet,Dawn
2020-04-18T17:07:00.000,I 85,I 85 and Pleasant Hill Rd,,Rear End,2,Clear,Dry,Daylight
2020-10-06T07:00:00.000,I 85,I 85 and Pleasant Hill Rd,,Sideswipe-Same Direction,2,Clear,Dry,Daylight
2020-06-13T00:51:00.000,I 85,I 85 and Pleasant Hill Rd,,Rear End,2,Clear,Dry,Dark-Lighted
2020-12-14T07:08:00.000,I 85,I 85 and Pleasant Hill Rd,,Rear End,2,Rain,Wet,Dawn
2020-11-24T13:22:00.000,I 85,I 85 and Pleasant Hill Rd,,Not a Collision with Motor Vehicle,2,Clear,Dry,Daylight
2020-11-11T08:35:00.000,I 85,I 85 and Pleasant Hill Rd,,Rear End,3,Cloudy,Wet,Daylight
2020-11-24T09:40:00.000,I 85,I 85 and Pleasant Hill Rd,,Rear End,2,Clear,Dry,Daylight
2020-12-08T14:04:00.000,I 85,I 85 and Pleasant Hill Rd,,Rear End,2,Clear,Dry,Daylight
2020-06-28T20:39:00.000,I 85,I 85 and Pleasant Hill Rd,,Sideswipe-Same Direction,2,Clear,Dry,Dusk
2020-01-31T11:10:00.000,I 85,I 85 and Pleasant Hill Rd,,Rear End,2,Cloudy,Wet,Daylight
2020-10-05T17:55:00.000,I 85,I 85 and Pleasant Hill Rd,,Rear End,2,Clear,Dry,Daylight
2020-07-10T11:45:00.000,I 85,I 85 and Pleasant Hill Rd,,Sideswipe-Same Direction,2,Clear,Dry,Daylight
2020-11-01T03:30:00.000,I 85,I 85 and Pleasant Hill Rd,,Sideswipe-Same Direction,1,Clear,Dry,Dark-Lighted
2020-11-23T15:19:00.000,I 85,I 85 and Pleasant Hill Rd,,Rear End,3,Clear,Dry,Daylight
2020-10-01T17:50:00.000,I 85,I 85 and Pleasant Hill Rd,,Rear End,2,Clear,Dry,Daylight
2020-07-10T07:50:00.000,I 85,I 85 and Pleasant Hill Rd,,Rear End,3,Clear,Dry,Daylight
2020-10-09T20:00:00.000,I 85,I 85 and Pleasant Hill Rd,,Rear End,2,Rain,Wet,Dark-Lighted
2020-06-05T06:45:00.000,I 85,I 85 and Pleasant Hill Rd,,Rear End,2,Clear,Wet,Daylight
2020-01-18T12:29:00.000,I 85,I 85 and Pleasant Hill Rd,,Sideswipe-Same Direction,2,Cloudy,Wet,Daylight
2020-01-31T10:55:00.000,I 85,I 85 and Pleasant Hill Rd,,Sideswipe-Same Direction,2,Cloudy,Wet,Daylight
2020-11-16T17:56:00.000,I 85,I 85 and Pleasant Hill Rd,,Rear End,2,Clear,Dry,Dark-Lighted
2020-06-14T19:35:00.000,I 85,I 85 and Pleasant Hill Rd,,Angle Crash,2,Rain,Wet,Daylight
2020-10-24T22:00:00.000,I 85,I 85 and Pleasant Hill Rd,,Angle Crash,2,Rain,Water (standing or moving),Dark-Lighted
2020-10-24T18:06:00.000,I 85,I 85 and Pleasant Hill Rd,,Rear End,3,Rain,Water (standing or moving),Dark-Not Lighted
2020-09-01T17:58:00.000,I 85,I 85 and Pleasant Hill Rd,,Rear End,3,Clear,Dry,Daylight
2020-03-03T06:30:00.000,I 85,I 85 and Pleasant Hill Rd,,Sideswipe-Same Direction,2,Cloudy,Wet,Daylight
2020-09-27T11:13:00.000,I 85,I 85 and Pleasant Hill Rd,,Rear End,2,Cloudy,Dry,Daylight
2020-03-12T05:26:00.000,I 85,I 85 and Pleasant Hill Rd,,Angle Crash,2,Cloudy,Dry,Dark-Lighted
2020-03-11T01:29:00.000,I 85,I 85 and Pleasant Hill Rd,,Rear End,2,Clear,Dry,Dark-Lighted
2020-06-27T18:47:00.000,I 85,I 85 and Pleasant Hill Rd,,Rear End,2,Clear,Dry,Dusk
2020-08-25T13:28:00.000,I 85,I 85 and Pleasant Hill Rd,,Rear End,2,Rain,Wet,Daylight
2020-06-15T17:04:00.000,I 85,I 85 and Pleasant Hill Rd,,Rear End,4,Cloudy,Water (standing or moving),Daylight
2020-10-30T18:00:00.000,I 85,I 85 and Pleasant Hill Rd,,Sideswipe-Same Direction,2,Clear,Dry,Daylight
2020-02-06T14:45:00.000,I 85,I 85 and Pleasant Hill Rd,,Sideswipe-Same Direction,2,Rain,Wet,Daylight
2020-09-17T16:46:00.000,I 85,I 85 and Pleasant Hill Rd,,Rear End,2,Rain,Wet,Daylight
2020-01-13T00:00:00.000,I 85,I 85 and Pleasant Hill Rd,,Sideswipe-Same Direction,2,Rain,Wet,Daylight
2020-03-11T08:54:00.000,I 85,I 85 and Pleasant Hill Rd,,Sideswipe-Same Direction,2,Cloudy,Dry,Daylight
2020-11-23T07:15:00.000,I 85,I 85 and Pleasant Hill Rd,,Sideswipe-Same Direction,2,Clear,Dry,Daylight
2020-09-11T22:30:00.000,I 85,I 85 and Pleasant Hill Rd,,Angle Crash,2,Clear,Dry,Dark-Not Lighted
2020-01-05T17:55:00.000,I 85,I 85 and Pleasant Hill Rd,,Rear End,2,Cloudy,Dry,Dark-Lighted
2020-04-17T04:50:00.000,I 85,I 85 and Pleasant Hill Rd,,Sideswipe-Same Direction,2,Clear,Dry,Dark-Lighted
2020-12-17T17:55:00.000,I 85,I 85 and Pleasant Hill Rd,,Angle Crash,2,Clear,Dry,Dark-Lighted
2020-10-21T11:45:00.000,I 85,I 85 and Pleasant Hill Rd,,Sideswipe-Same Direction,3,Cloudy,Dry,Daylight
2020-08-14T06:00:00.000,I 85,I 85 and Pleasant Hill Rd,,Rear End,2,Cloudy,Wet,Dark-Lighted
2020-08-09T21:00:00.000,I 85,I 85 and Pleasant Hill Rd,,Sideswipe-Same Direction,2,Clear,Dry,Dusk
2020-10-09T19:45:00.000,I 85,I 85 and Pleasant Hill Rd,,Rear End,2,Rain,Wet,Dark-Lighted
2020-01-31T10:15:00.000,I 85,I 85 and Pleasant Hill Rd,,Sideswipe-Same Direction,2,Rain,Wet,Daylight
2020-12-07T13:15:00.000,I 85,I 85 and Pleasant Hill Rd,,Not a Collision with Motor Vehicle,2,Clear,Dry,Daylight
2020-09-17T12:25:00.000,I 85,I 85 and Pleasant Hill Rd,,Angle Crash,3,Rain,Wet,Daylight
2020-04-27T18:40:00.000,I 85,I 85 and Pleasant Hill Rd,,Sideswipe-Same Direction,2,Clear,Dry,Daylight
2020-10-23T15:10:00.000,I 85,I 85 and Pleasant Hill Rd,,Sideswipe-Same Direction,2,Clear,Dry,Daylight
2020-10-02T16:10:00.000,I 85,I 85 and Pleasant Hill Rd,,Rear End,2,Cloudy,Dry,Daylight
2020-01-04T20:31:00.000,I 85,I 85 and Pleasant Hill Rd,,Rear End,2,Clear,Dry,Dark-Lighted
2020-02-01T09:00:00.000,I 85,I 85 and Pleasant Hill Rd,,Rear End,2,Cloudy,Dry,Daylight
2020-10-18T07:44:00.000,I 85,I 85 and Pleasant Hill Rd,,Angle Crash,1,Cloudy,Dry,Dawn
2020-06-05T15:32:00.000,I 85,I 85 and Pleasant Hill Rd,,Rear End,2,Clear,Dry,Daylight
2020-01-03T07:52:00.000,I 85,I 85 and Pleasant Hill Rd,,Sideswipe-Same Direction,2,Rain,Wet,Daylight
2020-10-18T16:37:00.000,I 85,I 85 and Pleasant Hill Rd,,Rear End,2,Clear,Dry,Daylight
2020-05-19T17:28:00.000,I 85,I 85 and Pleasant Hill Rd,,Rear End,3,Cloudy,Dry,Daylight
2020-06-17T07:37:00.000,I 85,I 85 and Pleasant Hill Rd,,Not a Collision with Motor Vehicle,1,Clear,Dry,Daylight
2020-06-01T07:18:00.000,I 85,I 85 and Pleasant Hill Rd,,Not a Collision with Motor Vehicle,1,Clear,Dry,Daylight
2020-12-10T23:05:00.000,I 85,I 85 and Pleasant Hill Rd,,Sideswipe-Same Direction,2,Clear,Dry,Dark-Lighted
2020-01-08T09:42:00.000,I 85,I 85 and Pleasant Hill Rd,,Rear End,3,Clear,Dry,Daylight
2020-05-26T21:44:00.000,I 85,I 85 and Pleasant Hill Rd,,Angle Crash,2,Clear,Dry,Dark-Lighted
2020-12-03T17:40:00.000,I 85,I 85 and Pleasant Hill Rd,,Rear End,2,Clear,Dry,Dark-Lighted
2020-03-03T06:00:00.000,I 85,I 85 and Pleasant Hill Rd,,Rear End,2,Clear,Dry,Daylight
2020-09-15T18:06:00.000,I 85,I 85 and Pleasant Hill Rd,,Sideswipe-Same Direction,2,Clear,Dry,Daylight
2020-03-06T10:31:00.000,I 85,I 85 and Pleasant Hill Rd,,Rear End,2,Clear,Dry,Daylight
2020-01-19T20:20:00.000,I 85,I 85 and Pleasant Hill Rd,,Rear End,2,Clear,Dry,Dark-Lighted
2020-08-17T17:10:00.000,I 85,I 85 and Pleasant Hill Rd,,Sideswipe-Same Direction,2,Clear,Dry,Daylight
2020-08-14T17:00:00.000,I 85,I 85 and Pleasant Hill Rd,,Rear End,2,Clear,Dry,Daylight
2020-02-03T19:14:00.000,I 85,I 85 and Pleasant Hill Rd,,Rear End,2,Cloudy,Dry,Dark-Lighted
2021-04-03T14:28:00.000,I 85,I 85 and Pleasant Hill Rd,,Rear End,2,Clear,Dry,Daylight
2021-05-22T15:00:00.000,I 85,I 85 and Pleasant Hill Rd,,Rear End,3,Clear,Dry,Daylight
2021-05-28T17:40:00.000,I 85,I 85 and Pleasant Hill Rd,,Sideswipe-Same Direction,2,Clear,Dry,Daylight
2021-02-05T10:15:00.000,I 85,I 85 and Pleasant Hill Rd,,Rear End,2,Cloudy,Wet,Daylight
2021-05-19T08:25:00.000,I 85,I 85 and Pleasant Hill Rd,,Angle Crash,2,Clear,Dry,Daylight
2021-01-29T09:55:00.000,I 85,I 85 and Pleasant Hill Rd,,Sideswipe-Same Direction,2,Clear,Dry,Daylight
2021-01-25T11:38:00.000,I 85,I 85 and Pleasant Hill Rd,,Rear End,2,Clear,Dry,Daylight
2021-04-12T08:30:00.000,I 85,I 85 and Pleasant Hill Rd,,Rear End,2,Clear,Dry,Daylight
2021-04-22T07:15:00.000,I 85,I 85 and Pleasant Hill Rd,,Sideswipe-Opposite Direction,2,Clear,Dry,Daylight
2021-03-26T13:10:00.000,I 85,I 85 and Pleasant Hill Rd,,Sideswipe-Same Direction,2,Clear,Dry,Daylight
2021-05-11T14:10:00.000,I 85,I 85 and Pleasant Hill Rd,,Not a Collision with Motor Vehicle,1,Clear,Dry,Daylight
2021-03-11T17:30:00.000,I 85,I 85 and Pleasant Hill Rd,,Rear End,3,Clear,Dry,Daylight
2021-03-31T23:26:00.000,I 85,I 85 and Pleasant Hill Rd,,Angle Crash,2,Cloudy,Dry,Dark-Lighted
2021-03-12T18:25:00.000,I 85,I 85 and Pleasant Hill Rd,,Sideswipe-Same Direction,4,Cloudy,Dry,Daylight
2021-01-19T08:32:00.000,I 85,I 85 and Pleasant Hill Rd,,Rear End,3,Clear,Dry,Daylight
2021-05-07T14:15:00.000,I 85,I 85 and Pleasant Hill Rd,,Rear End,2,Clear,Dry,Daylight
2021-01-12T17:15:00.000,I 85,I 85 and Pleasant Hill Rd,,Sideswipe-Same Direction,2,Clear,Dry,Daylight
2021-05-14T16:20:00.000,I 85,I 85 and Pleasant Hill Rd,,Rear End,2,Clear,Dry,Daylight
2021-05-24T11:42:00.000,I 85,I 85 and Pleasant Hill Rd,,Rear End,3,Clear,Dry,Daylight
2021-06-18T07:36:00.000,I 85,I 85 and Pleasant Hill Rd,,Rear End,2,Clear,Dry,Daylight
2021-03-22T12:00:00.000,I 85,I 85 and Pleasant Hill Rd,,Not a Collision with Motor Vehicle,2,Clear,Dry,Daylight
2021-02-02T18:51:00.000,I 85,I 85 and Pleasant Hill Rd,,Sideswipe-Same Direction,2,Clear,Dry,Daylight
2021-05-22T09:15:00.000,I 85,I 85 and Pleasant Hill Rd,,Not a Collision with Motor Vehicle,2,Clear,Dry,Daylight
2021-02-01T12:35:00.000,I 85,I 85 and Pleasant Hill Rd,,Sideswipe-Same Direction,2,Clear,Dry,Daylight
2021-02-07T21:25:00.000,I 85,I 85 and Pleasant Hill Rd,,Rear End,2,Clear,Dry,Dark-Not Lighted
2021-06-18T17:10:00.000,I 85,I 85 and Pleasant Hill Rd,,Rear End,2,Clear,Dry,Dark-Lighted
2021-01-23T16:24:00.000,I 85,I 85 and Pleasant Hill Rd,,Not a Collision with Motor Vehicle,1,Clear,Dry,Daylight
2021-06-27T06:00:00.000,I 85,I 85 and Pleasant Hill Rd,,Angle Crash,2,Cloudy,Dry,Dawn
2021-05-09T16:12:00.000,I 85,I 85 and Pleasant Hill Rd,,Rear End,2,Clear,Dry,Daylight
2021-03-29T13:52:00.000,I 85,I 85 and Pleasant Hill Rd,,Rear End,2,Clear,Dry,Daylight
2021-05-11T08:15:00.000,I 85,I 85 and Pleasant Hill Rd,,Rear End,2,Clear,Dry,Daylight
2021-05-31T16:40:00.000,I 85,I 85 and Pleasant Hill Rd,,Rear End,2,Cloudy,Dry,Daylight
2021-05-04T09:00:00.000,I 85,I 85 and Pleasant Hill Rd,,Sideswipe-Same Direction,2,Cloudy,Dry,Daylight
2021-01-12T13:42:00.000,I 85,I 85 and Pleasant Hill Rd,,Rear End,2,Clear,Dry,Daylight
2021-01-06T12:40:00.000,I 85,I 85 and Pleasant Hill Rd,,Sideswipe-Same Direction,2,Clear,Dry,Daylight
2021-01-29T18:12:00.000,I 85,I 85 and Pleasant Hill Rd,,Rear End,2,Clear,Dry,Daylight
2021-03-14T17:40:00.000,I 85,I 85 and Pleasant Hill Rd,,Sideswipe-Same Direction,2,Clear,Dry,Daylight
2021-05-14T16:20:00.000,I 85,I 85 and Pleasant Hill Rd,,Sideswipe-Same Direction,3,Cloudy,Dry,Daylight
2021-02-22T16:20:00.000,I 85,I 85 and Pleasant Hill Rd,,Sideswipe-Same Direction,2,Clear,Dry,Daylight
2021-01-05T09:32:00.000,I 85,I 85 and Pleasant Hill Rd,,Rear End,2,Clear,Dry,Daylight
2021-10-08T10:00:00.000,I 85,I 85 and Pleasant Hill Rd,,Sideswipe-Same Direction,2,Clear,Dry,Daylight
2021-07-22T14:10:00.000,I 85,I 85 and Pleasant Hill Rd,,Rear End,2,Clear,Dry,Daylight
2021-10-29T05:47:00.000,I 85,I 85 and Pleasant Hill Rd,,Not a Collision with Motor Vehicle,1,Clear,Dry,Dark-Lighted
2021-09-10T08:23:00.000,I 85,I 85 and Pleasant Hill Rd,,Rear End,2,Clear,Dry,Daylight
2021-10-27T18:25:00.000,I 85,I 85 and Pleasant Hill Rd,,Not a Collision with Motor Vehicle,1,Cloudy,Dry,Daylight
2021-11-04T07:02:00.000,I 85,I 85 and Pleasant Hill Rd,,Rear End,2,Clear,Dry,Dawn
2021-09-08T11:20:00.000,I 85,I 85 and Pleasant Hill Rd,,Rear End,2,Clear,Dry,Daylight
2021-10-03T16:30:00.000,I 85,I 85 and Pleasant Hill Rd,,Rear End,2,Clear,Dry,Daylight
2021-12-09T08:00:00.000,I 85,I 85 and Pleasant Hill Rd,,Rear End,2,Cloudy,Dry,Daylight
2021-10-20T07:30:00.000,I 85,I 85 and Pleasant Hill Rd,,Sideswipe-Same Direction,2,Clear,Dry,Daylight
2021-12-11T15:16:00.000,I 85,I 85 and Pleasant Hill Rd,,Rear End,2,Rain,Wet,Daylight
2021-11-03T08:40:00.000,I 85,I 85 and Pleasant Hill Rd,,Rear End,3,Clear,Dry,Daylight
2021-10-15T06:49:00.000,I 85,I 85 and Pleasant Hill Rd,,Rear End,2,Clear,Dry,Dark-Lighted
2021-10-02T18:30:00.000,I 85,I 85 and Pleasant Hill Rd,,Sideswipe-Same Direction,2,Clear,Dry,Daylight
2021-10-15T08:30:00.000,I 85,I 85 and Pleasant Hill Rd,,Rear End,2,Clear,Dry,Daylight
2021-10-08T14:51:00.000,I 85,I 85 and Pleasant Hill Rd,,Rear End,3,Clear,Dry,Daylight
2021-12-02T04:24:00.000,I 85,I 85 and Pleasant Hill Rd,,Not a Collision with Motor Vehicle,1,Clear,Dry,Dark-Lighted
2021-10-25T06:34:00.000,I 85,I 85 and Pleasant Hill Rd,,Rear End,2,Clear,Dry,Dark-Lighted
2021-07-28T08:00:00.000,I 85,I 85 and Pleasant Hill Rd,,Sideswipe-Same Direction,2,Clear,Dry,Daylight
2021-11-23T13:52:00.000,I 85,I 85 and Pleasant Hill Rd,,Rear End,3,Clear,Dry,Daylight
2021-12-21T12:24:00.000,I 85,I 85 and Pleasant Hill Rd,,Sideswipe-Same Direction,2,Rain,Wet,Daylight
2021-12-03T14:54:00.000,I 85,I 85 and Pleasant Hill Rd,,Rear End,2,Clear,Dry,Daylight
2021-07-09T21:10:00.000,I 85,I 85 and Pleasant Hill Rd,,Angle Crash,2,Cloudy,Wet,Dark-Lighted
2021-10-15T13:22:00.000,I 85,I 85 and Pleasant Hill Rd,,Sideswipe-Same Direction,2,Clear,Dry,Daylight
2021-11-23T17:00:00.000,I 85,I 85 and Pleasant Hill Rd,,Rear End,2,Clear,Dry,Daylight
2021-08-13T17:20:00.000,I 85,I 85 and Pleasant Hill Rd,,Sideswipe-Same Direction,2,Clear,Dry,Daylight
2021-09-15T10:00:00.000,I 85,I 85 and Pleasant Hill Rd,,Rear End,4,Cloudy,Dry,Daylight
2021-12-22T23:23:00.000,I 85,I 85 and Pleasant Hill Rd,,Rear End,2,Clear,Dry,Dark-Lighted
2021-10-25T17:24:00.000,I 85,I 85 and Pleasant Hill Rd,,Rear End,2,Cloudy,Dry,Daylight
2021-11-01T06:30:00.000,I 85,I 85 and Pleasant Hill Rd,,Sideswipe-Same Direction,2,Clear,Dry,Dark-Lighted
2021-09-25T21:55:00.000,I 85,I 85 and Pleasant Hill Rd,,Sideswipe-Same Direction,2,Clear,Dry,Dark-Lighted
2021-11-06T15:55:00.000,I 85,I 85 and Pleasant Hill Rd,,Angle Crash,2,Cloudy,Dry,Daylight
2021-12-03T06:55:00.000,I 85,I 85 and Pleasant Hill Rd,,Rear End,3,Cloudy,Dry,Daylight
2021-07-01T07:18:00.000,I 85,I 85 and Pleasant Hill Rd,,Rear End,2,Clear,Dry,Daylight
2021-08-09T05:33:00.000,I 85,I 85 and Pleasant Hill Rd,,Head On,1,Clear,Dry,Dark-Lighted
2021-08-07T19:00:00.000,I 85,I 85 and Pleasant Hill Rd,,Rear End,2,Rain,Wet,Daylight
2021-08-18T07:35:00.000,I 85,I 85 and Pleasant Hill Rd,,Rear End,2,Clear,Dry,Daylight
2021-10-23T18:32:00.000,I 85,I 85 and Pleasant Hill Rd,,Rear End,2,Clear,Dry,Daylight
2021-12-11T14:45:00.000,I 85,I 85 and Pleasant Hill Rd,,Rear End,2,Rain,Wet,Daylight
2021-12-02T16:40:00.000,I 85,I 85 and Pleasant Hill Rd,,Rear End,3,Clear,Dry,Daylight
2021-08-24T07:45:00.000,I 85,I 85 and Pleasant Hill Rd,,Rear End,3,Clear,Dry,Daylight
2021-10-13T12:21:00.000,I 85,I 85 and Pleasant Hill Rd,,Rear End,2,Clear,Dry,Daylight
2021-09-02T07:52:00.000,I 85,I 85 and Pleasant Hill Rd,,Rear End,2,Clear,Dry,Daylight
2021-07-03T21:15:00.000,I 85,I 85 and Pleasant Hill Rd,,Rear End,2,Cloudy,Dry,Dark-Not Lighted
2021-08-09T17:23:00.000,I 85,I 85 and Pleasant Hill Rd,,Sideswipe-Same Direction,2,Cloudy,Dry,Daylight
2021-08-25T18:29:00.000,I 85,I 85 and Pleasant Hill Rd,,Sideswipe-Same Direction,3,Clear,Dry,Daylight
2021-08-05T17:22:00.000,I 85,I 85 and Pleasant Hill Rd,,Rear End,2,Clear,Dry,Daylight
2021-09-14T09:20:00.000,I 85,I 85 and Pleasant Hill Rd,,Rear End,2,Clear,Dry,Daylight
2021-09-13T06:05:00.000,I 85,I 85 and Pleasant Hill Rd,,Rear End,2,Clear,Dry,Dark-Not Lighted
2021-09-27T23:13:00.000,I 85,I 85 and Pleasant Hill Rd,,Not a Collision with Motor Vehicle,1,Clear,Dry,Dark-Lighted
2021-07-21T10:05:00.000,I 85,I 85 and Pleasant Hill Rd,,Rear End,3,Cloudy,Dry,Daylight
2021-10-22T07:15:00.000,I 85,I 85 and Pleasant Hill Rd,,Rear End,2,Cloudy,Dry,Dawn
2021-10-08T17:43:00.000,I 85,I 85 and Pleasant Hill Rd,,Rear End,2,Clear,Dry,Daylight
2021-11-30T17:00:00.000,I 85,I 85 and Pleasant Hill Rd,,Rear End,2,Clear,Dry,Daylight
2021-08-24T08:58:00.000,I 85,I 85 and Pleasant Hill Rd,,Rear End,2,Clear,Dry,Daylight
2022-08-12T13:19:00.000,I 85,I 85 and Pleasant Hill Rd,,Sideswipe-Same Direction,3,Clear,Dry,Daylight
2022-05-11T06:58:00.000,I 85,I 85 and Pleasant Hill Rd,,Angle Crash,2,Clear,Dry,Daylight
2022-03-26T12:43:00.000,I 85,I 85 and Pleasant Hill Rd,,Rear End,3,Clear,Dry,Daylight
2022-11-14T21:29:00.000,I 85,I 85 and Pleasant Hill Rd,,Angle Crash,2,Clear,Dry,Dark-Not Lighted
2022-10-10T07:40:00.000,I 85,I 85 and Pleasant Hill Rd,,Rear End,2,Clear,Dry,Daylight
2022-07-26T18:00:00.000,I 85,I 85 and Pleasant Hill Rd,,Sideswipe-Same Direction,2,Clear,Dry,Daylight
2022-06-27T07:40:00.000,I 85,I 85 and Pleasant Hill Rd,,Rear End,4,Clear,Dry,Daylight