Date and Time,Roadway (From Crash Report),Intersection Name (from Crash Report),KABCO Severity,Manner of Collision (Crash Level) ,# of Vehicles per crash ,Weather Conditions (Crash Level),Surface Condition (Crash Level) ,Light Conditions (Crash Level)
2022-05-13T18:24:00.000,I 85,I 85 and Pleasant Hill Rd,,Rear End,2,Cloudy,Dry,Daylight
2022-01-29T18:12:00.000,I 85,I 85 and Pleasant Hill Rd,,Rear End,2,Clear,Dry,Dark-Lighted
2022-08-25T07:30:00.000,I 85,I 85 and Pleasant Hill Rd,,Sideswipe-Same Direction,2,Rain,Wet,Dawn
2022-05-19T08:00:00.000,I 85,I 85 and Pleasant Hill Rd,,Rear End,2,Clear,Dry,Daylight
2022-03-01T14:45:00.000,I 85,I 85 and Pleasant Hill Rd,,Sideswipe-Same Direction,2,Clear,Dry,Daylight
2022-08-18T00:30:00.000,I 85,I 85 and Pleasant Hill Rd,,Sideswipe-Same Direction,2,Cloudy,Wet,Dark-Not Lighted
2022-08-16T08:30:00.000,I 85,I 85 and Pleasant Hill Rd,,Rear End,2,Cloudy,Dry,Daylight
2022-05-14T19:30:00.000,I 85,I 85 and Pleasant Hill Rd,,Rear End,2,Clear,Dry,Daylight
2022-07-08T21:51:00.000,I 85,I 85 and Pleasant Hill Rd,,Not a Collision with Motor Vehicle,1,Clear,Dry,Dark-Lighted
2022-12-01T07:05:00.000,I 85,I 85 and Pleasant Hill Rd,,Rear End,2,Clear,Dry,Daylight
2022-01-02T17:53:00.000,I 85,I 85 and Pleasant Hill Rd,,Rear End,2,Cloudy,Wet,Dark-Lighted
2022-03-23T21:14:00.000,I 85,I 85 and Pleasant Hill Rd,,Sideswipe-Same Direction,3,Clear,Dry,Dark-Lighted
2022-10-14T16:40:00.000,I 85,I 85 and Pleasant Hill Rd,,Sideswipe-Same Direction,2,Clear,Dry,Daylight
2022-05-05T13:20:00.000,I 85,I 85 and Pleasant Hill Rd,,Rear End,3,Cloudy,Dry,Daylight
2021-10-27T13:00:00.000,I 85,I 85 and Pleasant Hill Rd,,Rear End,3,Cloudy,Dry,Daylight
2021-07-17T12:00:00.000,I 85,I 85 and Pleasant Hill Rd,,Rear End,2,Clear,Dry,Daylight
2021-12-24T06:59:00.000,I 85,I 85 and Pleasant Hill Rd,,Not a Collision with Motor Vehicle,2,Clear,Dry,Daylight
2021-12-14T10:37:00.000,I 85,I 85 and Pleasant Hill Rd,,Rear End,2,Clear,Dry,Daylight
2021-08-13T09:59:00.000,I 85,I 85 and Pleasant Hill Rd,,Rear End,2,Clear,Dry,Daylight
2021-11-17T08:18:00.000,I 85,I 85 and Pleasant Hill Rd,,Rear End,2,Clear,Dry,Daylight
2021-11-24T17:00:00.000,I 85,I 85 and Pleasant Hill Rd,,Rear End,3,Clear,Dry,Daylight
2021-08-28T19:50:00.000,I 85,I 85 and Pleasant Hill Rd,,Angle Crash,2,Clear,Dry,Daylight
2021-09-15T07:09:00.000,I 85,I 85 and Pleasant Hill Rd,,Angle Crash,2,Cloudy,Dry,Daylight
2021-10-23T19:17:00.000,I 85,I 85 and Pleasant Hill Rd,,Rear End,2,Clear,Dry,Dark-Lighted
2021-12-19T06:33:00.000,I 85,I 85 and Pleasant Hill Rd,,Rear End,2,Clear,Dry,Dark-Not Lighted
2021-10-04T11:20:00.000,I 85,I 85 and Pleasant Hill Rd,,Sideswipe-Same Direction,2,Rain,Wet,Daylight
2021-09-27T15:18:00.000,I 85,I 85 and Pleasant Hill Rd,,Sideswipe-Same Direction,2,Clear,Dry,Daylight
2021-09-22T08:45:00.000,I 85,I 85 and Pleasant Hill Rd,,Sideswipe-Same Direction,2,Cloudy,Dry,Daylight
2021-12-08T15:55:00.000,I 85,I 85 and Pleasant Hill Rd,,Rear End,2,Cloudy,Dry,Daylight
2021-08-15T13:57:00.000,I 85,I 85 and Pleasant Hill Rd,,Rear End,2,Clear,Dry,Daylight
2021-09-15T07:30:00.000,I 85,I 85 and Pleasant Hill Rd,,Angle Crash,2,Clear,Dry,Daylight
2021-07-09T16:40:00.000,I 85,I 85 and Pleasant Hill Rd,,Rear End,2,Rain,Wet,Daylight
2021-10-28T12:23:00.000,I 85,I 85 and Pleasant Hill Rd,,Sideswipe-Same Direction,2,Rain,Wet,Daylight
2021-11-08T06:38:00.000,I 85,I 85 and Pleasant Hill Rd,,Rear End,2,Clear,Dry,Daylight
2021-09-10T11:10:00.000,I 85,I 85 and Pleasant Hill Rd,,Rear End,2,Clear,Dry,Daylight
2022-09-03T16:03:00.000,I 85,I 85 and Pleasant Hill Rd,,Rear End,2,Clear,Dry,Daylight
2022-02-03T08:03:00.000,I 85,I 85 and Pleasant Hill Rd,,Sideswipe-Same Direction,2,Rain,Wet,Daylight
2022-10-13T06:26:00.000,I 85,I 85 and Pleasant Hill Rd,,Not a Collision with Motor Vehicle,1,Rain,Wet,Dark-Lighted
2022-01-25T16:55:00.000,I 85,I 85 and Pleasant Hill Rd,,Sideswipe-Same Direction,2,Clear,Dry,Daylight
2022-08-06T20:45:00.000,I 85,I 85 and Pleasant Hill Rd,,Sideswipe-Same Direction,2,Rain,Wet,Dark-Not Lighted
2022-05-04T08:50:00.000,I 85,I 85 and Pleasant Hill Rd,,Sideswipe-Same Direction,2,Clear,Dry,Daylight
2022-02-10T16:59:00.000,I 85,I 85 and Pleasant Hill Rd,,Sideswipe-Same Direction,3,Clear,Dry,Daylight
2022-08-05T19:10:00.000,I 85,I 85 and Pleasant Hill Rd,,Angle Crash,2,Clear,Dry,Daylight
2022-04-20T09:06:00.000,I 85,I 85 and Pleasant Hill Rd,,Rear End,2,Clear,Dry,Daylight
2022-07-07T08:05:00.000,I 85,I 85 and Pleasant Hill Rd,,Rear End,2,Clear,Wet,Daylight
2022-11-04T11:20:00.000,I 85,I 85 and Pleasant Hill Rd,,Rear End,2,Clear,Dry,Daylight
2022-06-16T09:14:00.000,I 85,I 85 and Pleasant Hill Rd,,Rear End,2,Clear,Dry,Daylight
2022-09-22T12:15:00.000,I 85,I 85 and Pleasant Hill Rd,,Rear End,2,Clear,Dry,Daylight
2022-11-18T18:30:00.000,I 85,I 85 and Pleasant Hill Rd,,Rear End,2,Clear,Dry,Dark-Lighted
2022-02-10T09:40:00.000,I 85,I 85 and Pleasant Hill Rd,,Rear End,2,Cloudy,Dry,Daylight
2022-04-14T08:52:00.000,I 85,I 85 and Pleasant Hill Rd,,Rear End,2,Cloudy,Dry,Daylight
2022-08-16T10:58:00.000,I 85,I 85 and Pleasant Hill Rd,,Rear End,2,Clear,Dry,Daylight
2022-06-13T00:38:00.000,I 85,I 85 and Pleasant Hill Rd,,Rear End,2,Clear,Dry,Dark-Lighted
2022-05-20T13:00:00.000,I 85,I 85 and Pleasant Hill Rd,,Sideswipe-Same Direction,2,Clear,Dry,Daylight
2022-10-23T13:12:00.000,I 85,I 85 and Pleasant Hill Rd,,Rear End,2,Clear,Dry,Daylight
2022-11-10T07:30:00.000,I 85,I 85 and Pleasant Hill Rd,,Rear End,2,Cloudy,Dry,Daylight
2022-09-27T09:29:00.000,I 85,I 85 and Pleasant Hill Rd,,Sideswipe-Same Direction,2,Clear,Dry,Daylight
2022-11-27T12:09:00.000,I 85,I 85 and Pleasant Hill Rd,,Rear End,2,Clear,Dry,Daylight
2022-04-16T22:05:00.000,I 85,I 85 and Pleasant Hill Rd,,Rear End,2,Clear,Dry,Dark-Lighted
2022-09-02T13:56:00.000,I 85,I 85 and Pleasant Hill Rd,,Rear End,3,Rain,Wet,Daylight
2022-08-10T09:39:00.000,I 85,I 85 and Pleasant Hill Rd,,Rear End,2,Cloudy,Dry,Daylight
2022-05-14T12:30:00.000,I 85,I 85 and Pleasant Hill Rd,,Angle Crash,2,Clear,Dry,Daylight
2022-09-28T06:46:00.000,I 85,I 85 and Pleasant Hill Rd,,Rear End,2,Clear,Dry,Dawn
2022-03-04T08:27:00.000,I 85,I 85 and Pleasant Hill Rd,,Sideswipe-Same Direction,2,Clear,Dry,Daylight
2022-06-05T17:52:00.000,I 85,I 85 and Pleasant Hill Rd,,Rear End,3,Clear,Dry,Daylight
2022-10-07T13:25:00.000,I 85,I 85 and Pleasant Hill Rd,,Rear End,2,Clear,Dry,Daylight
2022-03-31T14:01:00.000,I 85,I 85 and Pleasant Hill Rd,,Rear End,2,Clear,Dry,Daylight
2022-10-01T20:15:00.000,I 85,I 85 and Pleasant Hill Rd,,Not a Collision with Motor Vehicle,1,Cloudy,Dry,Dark-Lighted
2022-11-04T10:30:00.000,I 85,I 85 and Pleasant Hill Rd,,Sideswipe-Same Direction,2,Clear,Dry,Daylight
2022-07-30T18:35:00.000,I 85,I 85 and Pleasant Hill Rd,,Rear End,2,Rain,Wet,Daylight
2022-06-21T14:00:00.000,I 85,I 85 and Pleasant Hill Rd,,Sideswipe-Same Direction,2,Cloudy,Dry,Daylight
2022-09-22T09:40:00.000,I 85,I 85 and Pleasant Hill Rd,,Sideswipe-Same Direction,2,Clear,Dry,Daylight
2022-12-13T17:39:00.000,I 85,I 85 and Pleasant Hill Rd,,Rear End,3,Cloudy,Dry,Dark-Lighted
2022-03-01T09:36:00.000,I 85,I 85 and Pleasant Hill Rd,,Rear End,2,Clear,Dry,Daylight
2022-11-13T19:34:00.000,I 85,I 85 and Pleasant Hill Rd,,Angle Crash,2,Clear,Dry,Dark-Lighted
2022-05-03T09:29:00.000,I 85,I 85 and Pleasant Hill Rd,,Rear End,2,Clear,Dry,Daylight
2022-05-20T06:45:00.000,I 85,I 85 and Pleasant Hill Rd,,Sideswipe-Same Direction,2,Clear,Dry,Daylight
2022-05-26T22:15:00.000,I 85,I 85 and Pleasant Hill Rd,,Rear End,2,Rain,Wet,Dark-Not Lighted
2022-05-10T06:40:00.000,I 85,I 85 and Pleasant Hill Rd,,Sideswipe-Same Direction,2,Cloudy,Dry,Daylight
2022-12-31T15:55:00.000,I 85,I 85 and Pleasant Hill Rd,,Rear End,2,Cloudy,Wet,Daylight
2022-05-12T08:02:00.000,I 85,I 85 and Pleasant Hill Rd,,Rear End,2,Clear,Dry,Daylight
2022-12-04T00:30:00.000,I 85,I 85 and Pleasant Hill Rd,,Sideswipe-Same Direction,2,Clear,Dry,Dark-Lighted
2022-04-15T11:48:00.000,I 85,I 85 and Pleasant Hill Rd,,Rear End,2,Cloudy,Dry,Daylight
2022-06-11T16:00:00.000,I 85,I 85 and Pleasant Hill Rd,,Rear End,2,Clear,Dry,Daylight
2022-02-02T14:43:00.000,I 85,I 85 and Pleasant Hill Rd,,Sideswipe-Same Direction,2,Cloudy,Dry,Daylight
2022-03-29T00:44:00.000,I 85,I 85 and Pleasant Hill Rd,,Angle Crash,1,Clear,Dry,Dark-Lighted
2022-12-30T14:57:00.000,I 85,I 85 and Pleasant Hill Rd,,Rear End,2,Clear,Dry,Daylight
2022-12-22T15:45:00.000,I 85,I 85 and Pleasant Hill Rd,,Sideswipe-Same Direction,2,Cloudy,Dry,Daylight
2022-11-16T18:18:00.000,I 85,I 85 and Pleasant Hill Rd,,Rear End,2,Clear,Dry,Dark-Lighted
2022-11-18T10:42:00.000,I 85,I 85 and Pleasant Hill Rd,,Rear End,2,Cloudy,Dry,Daylight
2022-11-23T15:30:00.000,I 85,I 85 and Pleasant Hill Rd,,Rear End,2,Clear,Dry,Daylight
2022-03-16T08:48:00.000,I 85,I 85 and Pleasant Hill Rd,,Sideswipe-Same Direction,2,Rain,Wet,Daylight
2022-06-27T21:10:00.000,I 85,I 85 and Pleasant Hill Rd,,Sideswipe-Same Direction,2,Cloudy,Wet,Dark-Lighted
2022-05-24T20:50:00.000,I 85,I 85 and Pleasant Hill Rd,,Angle Crash,2,Cloudy,Dry,Dark-Lighted
2022-07-12T08:30:00.000,I 85,I 85 and Pleasant Hill Rd,,Sideswipe-Same Direction,6,Cloudy,Dry,Daylight
2022-02-19T16:32:00.000,I 85,I 85 and Pleasant Hill Rd,,Rear End,2,Clear,Dry,Daylight
2022-08-09T09:10:00.000,I 85,I 85 and Pleasant Hill Rd,,Sideswipe-Same Direction,2,Cloudy,Dry,Daylight
2022-05-04T10:49:00.000,I 85,I 85 and Pleasant Hill Rd,,Sideswipe-Same Direction,2,Clear,Dry,Daylight
2022-10-13T16:45:00.000,I 85,I 85 and Pleasant Hill Rd,,Rear End,2,Rain,Wet,Dark-Lighted
2022-05-15T01:00:00.000,I 85,I 85 and Pleasant Hill Rd,,Rear End,4,Cloudy,Dry,Dark-Lighted
2022-03-19T15:45:00.000,I 85,I 85 and Pleasant Hill Rd,,Sideswipe-Same Direction,3,Clear,Dry,Daylight
2022-02-25T16:41:00.000,I 85,I 85 and Pleasant Hill Rd,,Rear End,2,Clear,Dry,Daylight
2022-11-17T11:06:00.000,I 85,I 85 and Pleasant Hill Rd,,Sideswipe-Same Direction,2,Cloudy,Dry,Daylight
2022-02-05T16:30:00.000,I 85,I 85 and Pleasant Hill Rd,,Rear End,2,Clear,Dry,Daylight
2022-11-03T07:50:00.000,I 85,I 85 and Pleasant Hill Rd,,Rear End,2,Clear,Dry,Daylight
2022-08-04T07:16:00.000,I 85,I 85 and Pleasant Hill Rd,,Rear End,2,Clear,Dry,Daylight
2022-03-10T08:42:00.000,I 85,I 85 and Pleasant Hill Rd,,Rear End,2,Cloudy,Dry,Daylight
2022-08-28T16:18:00.000,I 85,I 85 and Pleasant Hill Rd,,Rear End,3,Clear,Dry,Daylight
2022-11-25T19:57:00.000,I 85,I 85 and Pleasant Hill Rd,,Sideswipe-Same Direction,2,Clear,Dry,Dark-Lighted
2022-06-11T12:15:00.000,I 85,I 85 and Pleasant Hill Rd,,Angle Crash,5,Clear,Dry,Daylight
2022-02-22T09:20:00.000,I 85,I 85 and Pleasant Hill Rd,,Rear End,2,Clear,Dry,Daylight
2022-06-13T07:14:00.000,I 85,I 85 and Pleasant Hill Rd,,Sideswipe-Same Direction,2,Clear,Dry,Daylight
2022-10-08T10:23:00.000,I 85,I 85 and Pleasant Hill Rd,,Rear End,2,Clear,Dry,Daylight
2022-10-13T12:09:00.000,I 85,I 85 and Pleasant Hill Rd,,Angle Crash,2,Cloudy,Dry,Daylight
2022-09-29T17:55:00.000,I 85,I 85 and Pleasant Hill Rd,,Rear End,2,Clear,Dry,Daylight
2022-02-14T09:48:00.000,I 85,I 85 and Pleasant Hill Rd,,Rear End,2,Clear,Dry,Daylight
2022-05-23T07:50:00.000,I 85,I 85 and Pleasant Hill Rd,,Rear End,2,Rain,Wet,Daylight
2022-06-17T09:40:00.000,I 85,I 85 and Pleasant Hill Rd,,Rear End,2,Clear,Dry,Daylight
2022-08-23T17:50:00.000,I 85,I 85 and Pleasant Hill Rd,,Sideswipe-Same Direction,4,Cloudy,Dry,Daylight
2022-08-28T14:13:00.000,I 85,I 85 and Pleasant Hill Rd,,Angle Crash,2,Clear,Dry,Daylight
2022-04-24T01:30:00.000,I 85,I 85 and Pleasant Hill Rd,,Rear End,2,Clear,Dry,Dark-Not Lighted
2022-09-24T14:49:00.000,I 85,I 85 and Pleasant Hill Rd,,Rear End,2,Clear,Dry,Daylight
2022-08-29T07:07:00.000,I 85,I 85 and Pleasant Hill Rd,,Rear End,2,Clear,Dry,Daylight
2022-08-31T08:35:00.000,I 85,I 85 and Pleasant Hill Rd,,Angle Crash,2,Clear,Dry,Daylight
2022-01-20T10:00:00.000,I 85,I 85 and Pleasant Hill Rd,,Rear End,2,Rain,Wet,Daylight
2022-03-19T00:30:00.000,I 85,I 85 and Pleasant Hill Rd,,Not a Collision with Motor Vehicle,1,Rain,Wet,Dark-Not Lighted
2022-03-01T10:30:00.000,I 85,I 85 and Pleasant Hill Rd,,Not a Collision with Motor Vehicle,2,Clear,Dry,Daylight
2022-08-11T12:45:00.000,I 85,I 85 and Pleasant Hill Rd,,Rear End,2,Cloudy,Dry,Daylight
2022-05-05T13:40:00.000,I 85,I 85 and Pleasant Hill Rd,,Rear End,3,Cloudy,Dry,Daylight
2022-10-11T12:42:00.000,I 85,I 85 and Pleasant Hill Rd,,Rear End,2,Clear,Dry,Daylight
2022-04-13T21:05:00.000,I 85,I 85 and Pleasant Hill Rd,,Sideswipe-Same Direction,2,Clear,Dry,Dark-Lighted
2022-02-22T08:00:00.000,I 85,I 85 and Pleasant Hill Rd,,Angle Crash,2,Cloudy,Wet,Daylight
2021-12-12T10:12:00.000,I 85,I 85 and Pleasant Hill Rd,,Sideswipe-Same Direction,2,Clear,Dry,Daylight
2021-11-29T18:20:00.000,I 85,I 85 and Pleasant Hill Rd,,Rear End,2,Cloudy,Dry,Dark-Lighted
2021-12-12T16:20:00.000,I 85,I 85 and Pleasant Hill Rd,,Rear End,2,Clear,Dry,Daylight
2021-08-16T18:12:00.000,I 85,I 85 and Pleasant Hill Rd,,Angle Crash,2,Rain,Wet,Daylight
2021-07-17T16:00:00.000,I 85,I 85 and Pleasant Hill Rd,,Angle Crash,2,Cloudy,Dry,Daylight
2021-12-17T18:40:00.000,I 85,I 85 and Pleasant Hill Rd,,Sideswipe-Same Direction,2,Cloudy,Dry,Dark-Lighted
2021-08-27T19:04:00.000,I 85,I 85 and Pleasant Hill Rd,,Rear End,2,Cloudy,Dry,Daylight
2021-12-13T14:00:00.000,I 85,I 85 and Pleasant Hill Rd,,Rear End,2,Cloudy,Dry,Daylight
2022-03-22T00:00:00.000,I 85,I 85 and Pleasant Hill Rd,,Rear End,2,Clear,Dry,Daylight
2022-05-19T04:45:00.000,I 85,I 85 and Pleasant Hill Rd,,Sideswipe-Same Direction,2,Clear,Dry,Dark-Lighted
2022-10-27T17:15:00.000,I 85,I 85 and Pleasant Hill Rd,,Rear End,2,Cloudy,Dry,Daylight
2022-03-17T17:52:00.000,I 85,I 85 and Pleasant Hill Rd,,Rear End,2,Clear,Dry,Daylight
2022-06-04T12:54:00.000,I 85,I 85 and Pleasant Hill Rd,,Angle Crash,2,Clear,Dry,Daylight
2022-08-11T18:48:00.000,I 85,I 85 and Pleasant Hill Rd,,Rear End,2,Cloudy,Dry,Daylight
2022-03-29T09:15:00.000,I 85,I 85 and Pleasant Hill Rd,,Rear End,2,Cloudy,Dry,Daylight
2022-07-30T02:30:00.000,I 85,I 85 and Pleasant Hill Rd,,Angle Crash,1,Rain,Wet,Dark-Lighted
2022-10-10T09:40:00.000,I 85,I 85 and Pleasant Hill Rd,,Sideswipe-Same Direction,2,Clear,Dry,Daylight
2022-09-02T14:05:00.000,I 85,I 85 and Pleasant Hill Rd,,Rear End,2,Clear,Dry,Daylight
2022-12-04T23:53:00.000,I 85,I 85 and Pleasant Hill Rd,,Angle Crash,3,Clear,Dry,Dark-Lighted
2022-04-29T16:35:00.000,I 85,I 85 and Pleasant Hill Rd,,Rear End,2,Cloudy,Dry,Daylight
2022-06-08T23:35:00.000,I 85,I 85 and Pleasant Hill Rd,,Not a Collision with Motor Vehicle,1,Rain,Wet,Dark-Lighted
2022-10-27T13:50:00.000,I 85,I 85 and Pleasant Hill Rd,,Rear End,2,Cloudy,Dry,Daylight
2022-12-13T09:32:00.000,I 85,I 85 and Pleasant Hill Rd,,Rear End,2,Clear,Dry,Daylight
2022-04-21T14:08:00.000,I 85,I 85 and Pleasant Hill Rd,,Rear End,2,Clear,Dry,Daylight
2022-03-28T14:00:00.000,I 85,I 85 and Pleasant Hill Rd,,Sideswipe-Same Direction,2,Clear,Dry,Daylight
2022-11-26T19:50:00.000,I 85,I 85 and Pleasant Hill Rd,,Rear End,2,Rain,Wet,Dark-Not Lighted
2022-07-22T07:30:00.000,I 85,I 85 and Pleasant Hill Rd,,Rear End,3,Cloudy,Dry,Daylight
2022-07-19T06:30:00.000,I 85,I 85 and Pleasant Hill Rd,,Not a Collision with Motor Vehicle,1,Rain,Wet,Daylight
2022-10-27T10:28:00.000,I 85,I 85 and Pleasant Hill Rd,,Rear End,2,Clear,Dry,Daylight
2022-08-31T16:00:00.000,I 85,I 85 and Pleasant Hill Rd,,Rear End,2,Clear,Dry,Daylight
2022-07-31T00:27:00.000,I 85,I 85 and Pleasant Hill Rd,,Rear End,2,Cloudy,Wet,Dark-Lighted
2022-08-26T11:50:00.000,I 85,I 85 and Pleasant Hill Rd,,Sideswipe-Same Direction,2,Clear,Dry,Daylight
2022-01-27T09:27:00.000,I 85,I 85 and Pleasant Hill Rd,,Rear End,4,Clear,Dry,Daylight
2022-05-28T13:50:00.000,I 85,I 85 and Pleasant Hill Rd,,Rear End,4,Clear,Dry,Daylight
2022-07-19T09:13:00.000,I 85,I 85 and Pleasant Hill Rd,,Rear End,2,Rain,Wet,Daylight
2022-03-16T12:00:00.000,I 85,I 85 and Pleasant Hill Rd,,Sideswipe-Same Direction,2,Cloudy,Wet,Daylight
2022-07-30T01:30:00.000,I 85,I 85 and Pleasant Hill Rd,,Not a Collision with Motor Vehicle,1,Rain,Wet,Dark-Lighted
2022-04-28T08:09:00.000,I 85,I 85 and Pleasant Hill Rd,,Rear End,2,Cloudy,Dry,Daylight
2022-02-18T19:08:00.000,I 85,I 85 and Pleasant Hill Rd,,Rear End,2,Cloudy,Dry,Dark-Lighted
2022-04-05T14:37:00.000,I 85,I 85 and Pleasant Hill Rd,,Sideswipe-Same Direction,2,Rain,Wet,Daylight
2022-11-26T11:32:00.000,I 85,I 85 and Pleasant Hill Rd,,Angle Crash,3,Clear,Dry,Daylight
2022-01-02T03:00:00.000,I 85,I 85 and Pleasant Hill Rd,,Sideswipe-Same Direction,2,Cloudy,Dry,Dark-Not Lighted
2022-10-28T07:30:00.000,I 85,I 85 and Pleasant Hill Rd,,Rear End,2,Cloudy,Dry,Daylight
2022-05-31T10:55:00.000,I 85,I 85 and Pleasant Hill Rd,,Sideswipe-Same Direction,2,Clear,Dry,Daylight
2022-02-21T14:19:00.000,I 85,I 85 and Pleasant Hill Rd,,Rear End,2,Rain,Wet,Daylight
2022-08-20T15:30:00.000,I 85,I 85 and Pleasant Hill Rd,,Angle Crash,2,Cloudy,Dry,Daylight
2022-10-23T16:20:00.000,I 85,I 85 and Pleasant Hill Rd,,Rear End,2,Clear,Dry,Daylight
2022-11-27T18:23:00.000,I 85,I 85 and Pleasant Hill Rd,,Sideswipe-Same Direction,2,Cloudy,Dry,Dark-Lighted
2022-05-10T08:21:00.000,I 85,I 85 and Pleasant Hill Rd,,Sideswipe-Same Direction,2,Cloudy,Dry,Daylight
2022-01-18T10:06:00.000,I 85,I 85 and Pleasant Hill Rd,,Rear End,2,Clear,Dry,Daylight
2022-05-23T06:52:00.000,I 85,I 85 and Pleasant Hill Rd,,Rear End,2,Rain,Wet,Dawn
2022-07-30T14:38:00.000,I 85,I 85 and Pleasant Hill Rd,,Rear End,2,Cloudy,Dry,Daylight
2022-07-21T07:05:00.000,I 85,I 85 and Pleasant Hill Rd,,Rear End,4,Rain,Wet,Daylight
2022-05-20T11:55:00.000,I 85,I 85 and Pleasant Hill Rd,,Sideswipe-Same Direction,2,Clear,Dry,Daylight
2022-05-19T15:52:00.000,I 85,I 85 and Pleasant Hill Rd,,Sideswipe-Same Direction,2,Clear,Dry,Daylight
2022-06-24T13:42:00.000,I 85,I 85 and Pleasant Hill Rd,,Rear End,2,Cloudy,Dry,Daylight
2022-03-14T09:57:00.000,I 85,I 85 and Pleasant Hill Rd,,Rear End,2,Clear,Dry,Daylight
2022-05-07T23:55:00.000,I 85,I 85 and Pleasant Hill Rd,,Not a Collision with Motor Vehicle,1,Cloudy,Dry,Dark-Not Lighted
2022-04-13T07:27:00.000,I 85,I 85 and Pleasant Hill Rd,,Rear End,2,Cloudy,Dry,Daylight
2022-05-13T18:34:00.000,I 85,I 85 and Pleasant Hill Rd,,Rear End,2,Clear,Dry,Daylight
2022-06-23T08:46:00.000,I 85,I 85 and Pleasant Hill Rd,,Rear End,2,Cloudy,Dry,Daylight
2022-11-05T21:10:00.000,I 85,I 85 and Pleasant Hill Rd,,Sideswipe-Same Direction,2,Clear,Dry,Dark-Lighted
2022-11-01T07:45:00.000,I 85,I 85 and Pleasant Hill Rd,,Sideswipe-Same Direction,2,Clear,Dry,Daylight
2022-09-16T10:00:00.000,I 85,I 85 and Pleasant Hill Rd,,Not a Collision with Motor Vehicle,1,Clear,Dry,Daylight
2022-03-03T07:54:00.000,I 85,I 85 and Pleasant Hill Rd,,Rear End,2,Clear,Dry,Daylight
2022-07-10T12:46:00.000,I 85,I 85 and Pleasant Hill Rd,,Rear End,3,Clear,Dry,Daylight
2022-10-25T07:08:00.000,I 85,I 85 and Pleasant Hill Rd,,Sideswipe-Same Direction,2,Clear,Dry,Daylight
2022-08-24T06:51:00.000,I 85,I 85 and Pleasant Hill Rd,,Rear End,2,Clear,Dry,Dark-Not Lighted
2022-12-17T14:22:00.000,I 85,I 85 and Pleasant Hill Rd,,Rear End,2,Clear,Dry,Daylight
2022-11-15T09:58:00.000,I 85,I 85 and Pleasant Hill Rd,,Rear End,2,Rain,Wet,Daylight
2022-09-08T17:12:00.000,I 85,I 85 and Pleasant Hill Rd,,Rear End,2,Clear,Dry,Daylight
2022-08-26T08:50:00.000,I 85,I 85 and Pleasant Hill Rd,,Rear End,2,Cloudy,Dry,Daylight
2022-06-26T13:44:00.000,I 85,I 85 and Pleasant Hill Rd,,Sideswipe-Same Direction,2,Clear,Dry,Daylight
2022-11-18T14:35:00.000,I 85,I 85 and Pleasant Hill Rd,,Rear End,3,Clear,Dry,Daylight
2022-11-16T14:27:00.000,I 85,I 85 and Pleasant Hill Rd,,Sideswipe-Same Direction,2,Clear,Dry,Daylight
2022-10-05T10:36:00.000,I 85,I 85 and Pleasant Hill Rd,,Rear End,2,Clear,Dry,Daylight
2022-12-02T18:58:00.000,I 85,I 85 and Pleasant Hill Rd,,Rear End,2,Cloudy,Dry,Dark-Lighted
2022-06-24T18:32:00.000,I 85,I 85 and Pleasant Hill Rd,,Rear End,2,Cloudy,Dry,Daylight
2022-12-15T12:20:00.000,I 85,I 85 and Pleasant Hill Rd,,Sideswipe-Same Direction,2,Clear,Dry,Daylight
2022-08-10T08:18:00.000,I 85,I 85 and Pleasant Hill Rd,,Rear End,2,Cloudy,Dry,Daylight
2022-11-23T08:00:00.000,I 85,I 85 and Pleasant Hill Rd,,Rear End,3,Clear,Dry,Daylight
2022-07-14T08:15:00.000,I 85,I 85 and Pleasant Hill Rd,,Sideswipe-Same Direction,2,Cloudy,Dry,Daylight
2022-03-25T09:09:00.000,I 85,I 85 and Pleasant Hill Rd,,Sideswipe-Same Direction,2,Clear,Dry,Daylight
2022-04-15T15:43:00.000,I 85,I 85 and Pleasant Hill Rd,,Rear End,2,Clear,Dry,Daylight
2022-05-05T10:23:00.000,I 85,I 85 and Pleasant Hill Rd,,Rear End,2,Clear,Dry,Daylight
2022-06-04T14:16:00.000,I 85,I 85 and Pleasant Hill Rd,,Rear End,2,Clear,Dry,Daylight
2022-06-27T07:40:00.000,I 85,I 85 and Pleasant Hill Rd,,Angle Crash,2,Clear,Dry,Daylight
2022-11-23T16:02:00.000,I 85,I 85 and Pleasant Hill Rd,,Not a Collision with Motor Vehicle,1,Clear,Dry,Daylight
2022-09-21T09:20:00.000,I 85,I 85 and Pleasant Hill Rd,,Rear End,2,Clear,Dry,Daylight
2022-05-26T21:23:00.000,I 85,I 85 and Pleasant Hill Rd,,Rear End,2,Rain,Wet,Dark-Lighted
2022-10-03T08:10:00.000,I 85,I 85 and Pleasant Hill Rd,,Sideswipe-Same Direction,2,Cloudy,Dry,Daylight
2022-09-01T06:55:00.000,I 85,I 85 and Pleasant Hill Rd,,Rear End,2,Clear,Dry,Daylight
2022-06-16T10:11:00.000,I 85,I 85 and Pleasant Hill Rd,,Sideswipe-Same Direction,2,Clear,Dry,Daylight
2022-06-03T13:00:00.000,I 85,I 85 and Pleasant Hill Rd,,Rear End,3,Clear,Dry,Daylight
2022-11-06T14:50:00.000,I 85,I 85 and Pleasant Hill Rd,,Rear End,2,Cloudy,Dry,Daylight
2022-08-02T08:57:00.000,I 85,I 85 and Pleasant Hill Rd,,Rear End,2,Cloudy,Dry,Daylight
2022-09-06T07:30:00.000,I 85,I 85 and Pleasant Hill Rd,,Sideswipe-Same Direction,2,Cloudy,Dry,Daylight
2022-02-22T05:07:00.000,I 85,I 85 and Pleasant Hill Rd,,Sideswipe-Same Direction,2,Rain,Wet,Dark-Lighted
2022-10-07T13:29:00.000,I 85,I 85 and Pleasant Hill Rd,,Sideswipe-Same Direction,2,Clear,Dry,Daylight