Date and Time,Roadway (From Crash Report),Intersection Name (from Crash Report),KABCO Severity,Manner of Collision (Crash Level) ,# of Vehicles per crash ,Weather Conditions (Crash Level),Surface Condition (Crash Level) ,Light Conditions (Crash Level)
2022-12-17T14:22:00.000,I 85,I 85 and Pleasant Hill Rd,,Rear End,2,Clear,Dry,Daylight
2022-03-29T09:10:00.000,I 85,I 85 and Pleasant Hill Rd,,Sideswipe-Same Direction,2,Cloudy,Dry,Daylight
2022-10-26T05:30:00.000,I 85,I 85 and Pleasant Hill Rd,,Sideswipe-Same Direction,2,Clear,Dry,Dark-Not Lighted
2022-06-14T05:43:00.000,I 85,I 85 and Pleasant Hill Rd,,Sideswipe-Same Direction,2,Cloudy,Dry,Dawn
2022-02-08T06:41:00.000,I 85,I 85 and Pleasant Hill Rd,,Sideswipe-Same Direction,2,Clear,Dry,Daylight
2022-03-29T12:04:00.000,I 85,I 85 and Pleasant Hill Rd,,Angle Crash,2,Cloudy,Dry,Daylight
2022-03-22T07:00:00.000,I 85,I 85 and Pleasant Hill Rd,,Rear End,2,Cloudy,Dry,Daylight
2022-04-09T15:30:00.000,I 85,I 85 and Pleasant Hill Rd,,Sideswipe-Same Direction,2,Clear,Dry,Daylight
2022-08-10T10:13:00.000,I 85,I 85 and Pleasant Hill Rd,,Angle Crash,2,Cloudy,Dry,Daylight
2022-07-25T09:32:00.000,I 85,I 85 and Pleasant Hill Rd,,Rear End,2,Clear,Dry,Daylight
2022-02-09T08:20:00.000,I 85,I 85 and Pleasant Hill Rd,,Rear End,2,Clear,Dry,Daylight
2022-09-25T18:15:00.000,I 85,I 85 and Pleasant Hill Rd,,Angle Crash,2,Clear,Dry,Daylight
2022-05-10T08:20:00.000,I 85,I 85 and Pleasant Hill Rd,,Rear End,2,Cloudy,Dry,Daylight
2022-01-14T11:38:00.000,I 85,I 85 and Pleasant Hill Rd,,Rear End,2,Clear,Dry,Daylight
2022-02-04T09:42:00.000,I 85,I 85 and Pleasant Hill Rd,,Sideswipe-Same Direction,2,Rain,Wet,Daylight
2022-04-29T07:55:00.000,I 85,I 85 and Pleasant Hill Rd,,Sideswipe-Same Direction,2,Clear,Dry,Daylight
2022-11-22T13:14:00.000,I 85,I 85 and Pleasant Hill Rd,,Sideswipe-Same Direction,2,Clear,Dry,Daylight
2022-01-22T16:08:00.000,I 85,I 85 and Pleasant Hill Rd,,Rear End,2,Clear,Dry,Daylight
2022-06-04T08:40:00.000,I 85,I 85 and Pleasant Hill Rd,,Sideswipe-Same Direction,2,Clear,Dry,Daylight
2022-09-21T12:15:00.000,I 85,I 85 and Pleasant Hill Rd,,Not a Collision with Motor Vehicle,2,Clear,Dry,Daylight
2022-12-13T08:10:00.000,I 85,I 85 and Pleasant Hill Rd,,Rear End,2,Cloudy,Dry,Daylight
2022-11-04T07:06:00.000,I 85,I 85 and Pleasant Hill Rd,,Sideswipe-Same Direction,2,Clear,Dry,Dark-Lighted
2022-04-10T03:13:00.000,I 85,I 85 and Pleasant Hill Rd,,Rear End,2,Clear,Dry,Dark-Not Lighted
2022-09-09T20:37:00.000,I 85,I 85 and Pleasant Hill Rd,,Rear End,2,Cloudy,Dry,Dark-Lighted
2022-09-11T21:25:00.000,I 85,I 85 and Pleasant Hill Rd,,Sideswipe-Same Direction,2,Clear,Dry,Dark-Lighted
2022-12-16T15:06:00.000,I 85,I 85 and Pleasant Hill Rd,,Rear End,2,Clear,Dry,Daylight
2022-01-20T06:14:00.000,I 85,I 85 and Pleasant Hill Rd,,Sideswipe-Same Direction,4,Cloudy,Wet,Dark-Lighted
2022-04-04T21:25:00.000,I 85,I 85 and Pleasant Hill Rd,,Rear End,2,Clear,Dry,Dark-Lighted
2022-09-20T07:53:00.000,I 85,I 85 and Pleasant Hill Rd,,Sideswipe-Same Direction,2,Cloudy,Dry,Daylight
2022-10-22T19:56:00.000,I 85,I 85 and Pleasant Hill Rd,,Rear End,3,Clear,Dry,Dark-Lighted
2022-10-14T06:30:00.000,I 85,I 85 and Pleasant Hill Rd,,Rear End,2,Rain,Wet,Dark-Lighted
2022-08-25T18:55:00.000,I 85,I 85 and Pleasant Hill Rd,,Sideswipe-Same Direction,2,Clear,Dry,Daylight
2022-12-10T06:00:00.000,I 85,I 85 and Pleasant Hill Rd,,Not a Collision with Motor Vehicle,1,Rain,Wet,Dark-Lighted
2022-04-20T00:03:00.000,I 85,I 85 and Pleasant Hill Rd,,Sideswipe-Same Direction,2,Clear,Dry,Dark-Lighted
2022-11-09T08:34:00.000,I 85,I 85 and Pleasant Hill Rd,,Angle Crash,2,Clear,Dry,Daylight
2022-06-04T13:50:00.000,I 85,I 85 and Pleasant Hill Rd,,Angle Crash,2,Clear,Dry,Daylight
2022-03-04T07:22:00.000,I 85,I 85 and Pleasant Hill Rd,,Rear End,2,Clear,Dry,Daylight
2022-06-02T07:15:00.000,I 85,I 85 and Pleasant Hill Rd,,Sideswipe-Same Direction,2,Clear,Dry,Daylight
2022-09-19T14:46:00.000,I 85,I 85 and Pleasant Hill Rd,,Rear End,2,Clear,Dry,Daylight
2022-07-25T14:56:00.000,I 85,I 85 and Pleasant Hill Rd,,Rear End,2,Clear,Dry,Daylight
2022-03-24T08:43:00.000,I 85,I 85 and Pleasant Hill Rd,,Rear End,2,Clear,Dry,Daylight
2022-05-28T13:45:00.000,I 85,I 85 and Pleasant Hill Rd,,Rear End,2,Clear,Dry,Daylight
2022-12-15T11:36:00.000,I 85,I 85 and Pleasant Hill Rd,,Rear End,2,Clear,Dry,Daylight
2022-09-28T09:56:00.000,I 85,I 85 and Pleasant Hill Rd,,Rear End,2,Clear,Dry,Daylight
2022-12-04T05:38:00.000,I 85,I 85 and Pleasant Hill Rd,,Rear End,2,Cloudy,Wet,Dark-Not Lighted
2022-02-06T13:13:00.000,I 85,I 85 and Pleasant Hill Rd,,Rear End,2,Clear,Dry,Daylight
2022-07-30T02:04:00.000,I 85,I 85 and Pleasant Hill Rd,,Rear End,2,Rain,Wet,Dark-Lighted
2022-11-10T07:14:00.000,I 85,I 85 and Pleasant Hill Rd,,Sideswipe-Same Direction,2,Cloudy,Dry,Daylight
2022-07-27T13:10:00.000,I 85,I 85 and Pleasant Hill Rd,,Sideswipe-Opposite Direction,2,Clear,Dry,Daylight
2022-11-13T14:50:00.000,I 85,I 85 and Pleasant Hill Rd,,Rear End,3,Clear,Dry,Daylight
2022-02-16T16:00:00.000,I 85,I 85 and Pleasant Hill Rd,,Angle Crash,2,Clear,Dry,Daylight
2022-03-11T00:50:00.000,I 85,I 85 and Pleasant Hill Rd,,Angle Crash,2,Cloudy,Dry,Dark-Lighted
2022-12-15T10:09:00.000,I 85,I 85 and Pleasant Hill Rd,,Sideswipe-Same Direction,2,Clear,Dry,Daylight
2022-01-20T08:10:00.000,I 85,I 85 and Pleasant Hill Rd,,Rear End,2,Rain,Wet,Daylight
2022-10-11T08:41:00.000,I 85,I 85 and Pleasant Hill Rd,,Rear End,2,Cloudy,Dry,Daylight
2022-07-07T05:51:00.000,I 85,I 85 and Pleasant Hill Rd,,Rear End,2,Cloudy,Dry,Dark-Not Lighted
2022-10-18T16:40:00.000,I 85,I 85 and Pleasant Hill Rd,,Angle Crash,2,Cloudy,Dry,Daylight
2022-05-05T15:00:00.000,I 85,I 85 and Pleasant Hill Rd,,Rear End,2,Cloudy,Dry,Daylight
2022-02-08T08:12:00.000,I 85,I 85 and Pleasant Hill Rd,,Rear End,2,Clear,Dry,Daylight
2022-06-08T18:25:00.000,I 85,I 85 and Pleasant Hill Rd,,Sideswipe-Same Direction,2,Clear,Dry,Daylight
2022-12-31T12:26:00.000,I 85,I 85 and Pleasant Hill Rd,,Rear End,2,Rain,Wet,Daylight
2022-11-10T07:25:00.000,I 85,I 85 and Pleasant Hill Rd,,Rear End,2,Cloudy,Dry,Daylight
2022-05-03T06:58:00.000,I 85,I 85 and Pleasant Hill Rd,,Rear End,2,Clear,Dry,Daylight
2022-11-04T15:14:00.000,I 85,I 85 and Pleasant Hill Rd,,Rear End,2,Clear,Dry,Daylight
2022-11-30T07:04:00.000,I 85,I 85 and Pleasant Hill Rd,,Rear End,2,Rain,Wet,Dawn
2022-03-15T08:15:00.000,I 85,I 85 and Pleasant Hill Rd,,Rear End,2,Cloudy,Dry,Daylight
2022-08-11T00:35:00.000,I 85,I 85 and Pleasant Hill Rd,,Sideswipe-Same Direction,2,Cloudy,Wet,Dark-Lighted
2022-02-09T06:49:00.000,I 85,I 85 and Pleasant Hill Rd,,Sideswipe-Same Direction,2,Clear,Dry,Daylight
2022-08-31T08:30:00.000,I 85,I 85 and Pleasant Hill Rd,,Rear End,2,Clear,Dry,Daylight
2022-11-18T09:57:00.000,I 85,I 85 and Pleasant Hill Rd,,Rear End,2,Cloudy,Dry,Daylight
2022-03-21T05:00:00.000,I 85,I 85 and Pleasant Hill Rd,,Sideswipe-Same Direction,2,Cloudy,Dry,Daylight
2022-04-16T12:07:00.000,I 85,I 85 and Pleasant Hill Rd,,Sideswipe-Same Direction,2,Cloudy,Dry,Daylight
2022-11-29T07:49:00.000,I 85,I 85 and Pleasant Hill Rd,,Rear End,2,Clear,Dry,Daylight
2022-12-30T11:15:00.000,I 85,I 85 and Pleasant Hill Rd,,Sideswipe-Same Direction,2,Cloudy,Dry,Daylight
2022-09-29T18:56:00.000,I 85,I 85 and Pleasant Hill Rd,,Rear End,2,Clear,Dry,Daylight
2022-06-16T07:50:00.000,I 85,I 85 and Pleasant Hill Rd,,Rear End,2,Clear,Dry,Daylight
2022-08-10T17:12:00.000,I 85,I 85 and Pleasant Hill Rd,,Rear End,2,Clear,Dry,Daylight
2022-05-13T07:26:00.000,I 85,I 85 and Pleasant Hill Rd,,Sideswipe-Same Direction,2,Cloudy,Dry,Daylight
2022-12-15T00:27:00.000,I 85,I 85 and Pleasant Hill Rd,,Not a Collision with Motor Vehicle,2,Rain,Wet,Dark-Lighted
2022-03-01T06:59:00.000,I 85,I 85 and Pleasant Hill Rd,,Rear End,2,Clear,Dry,Daylight
2022-05-21T04:35:00.000,I 85,I 85 and Pleasant Hill Rd,,Angle Crash,2,Clear,Dry,Dark-Not Lighted
2022-12-05T14:30:00.000,I 85,I 85 and Pleasant Hill Rd,,Rear End,3,Rain,Wet,Daylight
2022-08-16T09:58:00.000,I 85,I 85 and Pleasant Hill Rd,,Sideswipe-Same Direction,2,Clear,Dry,Daylight
2022-09-25T12:44:00.000,I 85,I 85 and Pleasant Hill Rd,,Angle Crash,2,Cloudy,Dry,Daylight
2022-11-23T19:15:00.000,I 85,I 85 and Pleasant Hill Rd,,Sideswipe-Same Direction,2,Clear,Dry,Dark-Lighted
2022-04-19T11:00:00.000,I 85,I 85 and Pleasant Hill Rd,,Rear End,2,Clear,Dry,Daylight
2022-07-29T12:10:00.000,I 85,I 85 and Pleasant Hill Rd,,Rear End,2,Clear,Dry,Daylight
2022-06-21T09:23:00.000,I 85,I 85 and Pleasant Hill Rd,,Rear End,2,Cloudy,Dry,Daylight
2022-09-29T16:40:00.000,I 85,I 85 and Pleasant Hill Rd,,Rear End,2,Clear,Dry,Daylight
2022-05-13T07:11:00.000,I 85,I 85 and Pleasant Hill Rd,,Rear End,2,Clear,Dry,Daylight
2022-10-07T23:00:00.000,I 85,I 85 and Pleasant Hill Rd,,Rear End,2,Clear,Dry,Dark-Lighted
2022-05-14T13:12:00.000,I 85,I 85 and Pleasant Hill Rd,,Rear End,3,Clear,Dry,Daylight
2022-05-06T07:37:00.000,I 85,I 85 and Pleasant Hill Rd,,Sideswipe-Same Direction,2,Cloudy,Dry,Daylight
2022-12-05T20:12:00.000,I 85,I 85 and Pleasant Hill Rd,,Angle Crash,3,Rain,Wet,Dark-Lighted
2022-08-26T07:36:00.000,I 85,I 85 and Pleasant Hill Rd,,Rear End,2,Cloudy,Dry,Daylight
2022-12-29T11:56:00.000,I 85,I 85 and Pleasant Hill Rd,,Sideswipe-Same Direction,3,Clear,Dry,Daylight
2022-04-20T18:15:00.000,I 85,I 85 and Pleasant Hill Rd,,Angle Crash,2,Clear,Dry,Daylight
2022-05-14T13:03:00.000,I 85,I 85 and Pleasant Hill Rd,,Rear End,2,Clear,Dry,Daylight
2022-06-13T07:50:00.000,I 85,I 85 and Pleasant Hill Rd,,Rear End,2,Clear,Dry,Daylight
2022-12-03T14:21:00.000,I 85,I 85 and Pleasant Hill Rd,,Rear End,2,Cloudy,Wet,Daylight
2022-11-23T09:59:00.000,I 85,I 85 and Pleasant Hill Rd,,Angle Crash,4,Clear,Dry,Daylight
2022-11-12T16:46:00.000,I 85,I 85 and Pleasant Hill Rd,,Rear End,2,Clear,Dry,Daylight
2022-02-28T16:40:00.000,I 85,I 85 and Pleasant Hill Rd,,Sideswipe-Same Direction,2,Clear,Dry,Daylight
2022-10-13T09:21:00.000,I 85,I 85 and Pleasant Hill Rd,,Rear End,2,Cloudy,Wet,Daylight
2022-03-01T10:34:00.000,I 85,I 85 and Pleasant Hill Rd,,Sideswipe-Same Direction,2,Clear,Dry,Daylight
2022-08-09T10:40:00.000,I 85,I 85 and Pleasant Hill Rd,,Rear End,2,Cloudy,Dry,Daylight
2022-11-11T03:39:00.000,I 85,I 85 and Pleasant Hill Rd,,Not a Collision with Motor Vehicle,1,Rain,Wet,Dark-Lighted
2022-02-14T18:28:00.000,I 85,I 85 and Pleasant Hill Rd,,Rear End,2,Clear,Dry,Daylight
2022-10-05T17:38:00.000,I 85,I 85 and Pleasant Hill Rd,,Sideswipe-Same Direction,2,Clear,Dry,Daylight
2022-06-22T07:30:00.000,I 85,I 85 and Pleasant Hill Rd,,Rear End,2,Clear,Dry,Daylight
2022-01-25T08:05:00.000,I 85,I 85 and Pleasant Hill Rd,,Rear End,2,Cloudy,Dry,Daylight
2022-08-20T16:01:00.000,I 85,I 85 and Pleasant Hill Rd,,Rear End,2,Cloudy,Dry,Daylight
2022-08-25T12:52:00.000,I 85,I 85 and Pleasant Hill Rd,,Rear End,2,Clear,Dry,Daylight
2022-11-22T16:19:00.000,I 85,I 85 and Pleasant Hill Rd,,Rear End,2,Clear,Dry,Daylight
2022-05-28T14:00:00.000,I 85,I 85 and Pleasant Hill Rd,,Rear End,3,Clear,Dry,Daylight
2022-07-17T13:08:00.000,I 85,I 85 and Pleasant Hill Rd,,Angle Crash,2,Cloudy,Dry,Daylight
2022-09-24T14:49:00.000,I 85,I 85 and Pleasant Hill Rd,,Rear End,2,Clear,Dry,Daylight
2022-05-27T05:50:00.000,I 85,I 85 and Pleasant Hill Rd,,Angle Crash,2,Clear,Dry,Dark-Lighted
2022-07-08T15:56:00.000,I 85,I 85 and Pleasant Hill Rd,,Rear End,2,Cloudy,Dry,Daylight
2022-11-04T08:05:00.000,I 85,I 85 and Pleasant Hill Rd,,Rear End,2,Clear,Dry,Daylight
2022-07-25T11:53:00.000,I 85,I 85 and Pleasant Hill Rd,,Rear End,2,Clear,Dry,Daylight
2022-05-26T07:25:00.000,I 85,I 85 and Pleasant Hill Rd,,Rear End,2,Rain,Wet,Daylight
2022-07-29T12:50:00.000,I 85,I 85 and Pleasant Hill Rd,,Rear End,2,Cloudy,Dry,Daylight
2022-06-01T10:38:00.000,I 85,I 85 and Pleasant Hill Rd,,Rear End,2,Clear,Dry,Daylight
2022-06-20T17:50:00.000,I 85,I 85 and Pleasant Hill Rd,,Sideswipe-Same Direction,2,Cloudy,Dry,Daylight
2022-03-16T06:45:00.000,I 85,I 85 and Pleasant Hill Rd,,Sideswipe-Same Direction,2,Rain,Wet,Dark-Lighted
2022-02-18T07:38:00.000,I 85,I 85 and Pleasant Hill Rd,,Rear End,2,Cloudy,Dry,Daylight
2022-09-06T08:45:00.000,I 85,I 85 and Pleasant Hill Rd,,Rear End,2,Clear,Dry,Daylight
2022-07-25T10:05:00.000,I 85,I 85 and Pleasant Hill Rd,,Rear End,2,Clear,Dry,Daylight
2022-07-22T12:54:00.000,I 85,I 85 and Pleasant Hill Rd,,Rear End,2,Cloudy,Dry,Daylight
2022-10-09T01:22:00.000,I 85,I 85 and Pleasant Hill Rd,,Sideswipe-Same Direction,2,Clear,Dry,Dark-Lighted
2022-05-27T09:51:00.000,I 85,I 85 and Pleasant Hill Rd,,Rear End,2,Clear,Dry,Daylight
2022-11-17T10:40:00.000,I 85,I 85 and Pleasant Hill Rd,,Rear End,2,Clear,Dry,Daylight
2022-03-24T15:46:00.000,I 85,I 85 and Pleasant Hill Rd,,Sideswipe-Same Direction,2,Clear,Dry,Daylight
2022-10-13T05:45:00.000,I 85,I 85 and Pleasant Hill Rd,,Rear End,2,Rain,Wet,Dark-Lighted
2022-11-07T09:24:00.000,I 85,I 85 and Pleasant Hill Rd,,Rear End,2,Cloudy,Dry,Daylight
2022-07-14T10:56:00.000,I 85,I 85 and Pleasant Hill Rd,,Angle Crash,2,Cloudy,Dry,Daylight
2022-07-01T12:25:00.000,I 85,I 85 and Pleasant Hill Rd,,Angle Crash,2,Cloudy,Dry,Daylight
2022-10-04T09:53:00.000,I 85,I 85 and Pleasant Hill Rd,,Rear End,2,Cloudy,Dry,Daylight
2022-11-22T13:45:00.000,I 85,I 85 and Pleasant Hill Rd,,Rear End,2,Cloudy,Dry,Daylight
2022-03-30T18:20:00.000,I 85,I 85 and Pleasant Hill Rd,,Sideswipe-Same Direction,2,Cloudy,Dry,Daylight
2023-05-26T09:07:00.000,I 85,I 85 and Pleasant Hill Rd,,Rear End,2,Clear,Dry,Daylight
2023-03-27T07:20:00.000,I 85,I 85 and Pleasant Hill Rd,,Rear End,4,Cloudy,Dry,Daylight
2023-01-19T07:10:00.000,I 85,I 85 and Pleasant Hill Rd,,Sideswipe-Same Direction,2,Rain,Wet,Dark-Lighted
2023-05-06T18:14:00.000,I 85,I 85 and Pleasant Hill Rd,,Rear End,2,Clear,Dry,Daylight
2023-10-30T06:46:00.000,I 85,I 85 and Pleasant Hill Rd,,Rear End,2,Cloudy,Dry,Dark-Not Lighted
2023-11-19T18:06:00.000,I 85,I 85 and Pleasant Hill Rd,,Sideswipe-Same Direction,2,Clear,Dry,Daylight
2023-08-10T11:46:00.000,I 85,I 85 and Pleasant Hill Rd,,Rear End,2,Clear,Dry,Daylight
2023-06-04T18:06:00.000,I 85,I 85 and Pleasant Hill Rd,,Rear End,2,Clear,Dry,Daylight
2023-06-02T09:00:00.000,I 85,I 85 and Pleasant Hill Rd,,Rear End,2,Clear,Dry,Daylight
2023-03-18T12:49:00.000,I 85,I 85 and Pleasant Hill Rd,,Rear End,3,Clear,Dry,Daylight
2023-01-18T16:38:00.000,I 85,I 85 and Pleasant Hill Rd,,Not a Collision with Motor Vehicle,1,Rain,Other,Daylight
2023-06-01T07:28:00.000,I 85,I 85 and Pleasant Hill Rd,,Rear End,2,Cloudy,Dry,Daylight
2023-02-14T17:45:00.000,I 85,I 85 and Pleasant Hill Rd,,Sideswipe-Same Direction,2,Clear,Dry,Daylight
2023-10-19T10:00:00.000,I 85,I 85 and Pleasant Hill Rd,,Rear End,2,Clear,Dry,Daylight
2023-03-31T15:10:00.000,I 85,I 85 and Pleasant Hill Rd,,Sideswipe-Same Direction,3,Clear,Dry,Daylight
2023-01-12T14:48:00.000,I 85,I 85 and Pleasant Hill Rd,,Sideswipe-Same Direction,2,Cloudy,Dry,Daylight
2023-10-10T09:32:00.000,I 85,I 85 and Pleasant Hill Rd,,Rear End,2,Cloudy,Dry,Daylight
2023-04-01T10:22:00.000,I 85,I 85 and Pleasant Hill Rd,,Rear End,2,Clear,Dry,Daylight
2023-10-10T07:57:00.000,I 85,I 85 and Pleasant Hill Rd,,Rear End,2,Cloudy,Dry,Daylight
2023-06-09T17:30:00.000,I 85,I 85 and Pleasant Hill Rd,,Rear End,2,Clear,Dry,Daylight
2023-08-16T18:33:00.000,I 85,I 85 and Pleasant Hill Rd,,Not a Collision with Motor Vehicle,1,Clear,Dry,Daylight
2024-12-17T10:00:00.000,I 85,I 85 and Pleasant Hill Rd,,Rear End,3,Clear,Dry,Daylight
2024-12-27T11:00:00.000,I 85,I 85 and Pleasant Hill Rd,,Rear End,2,Clear,Dry,Daylight
2024-08-17T21:04:00.000,I 85,I 85 and Pleasant Hill Rd,,Sideswipe-Same Direction,2,Cloudy,Wet,Dark-Lighted
2024-09-14T13:59:00.000,I 85,I 85 and Pleasant Hill Rd,,Rear End,2,Cloudy,Dry,Daylight
2024-06-24T05:06:00.000,I 85,I 85 and Pleasant Hill Rd,,Angle Crash,2,Rain,Wet,Dark-Not Lighted
2024-09-09T13:16:00.000,I 85,I 85 and Pleasant Hill Rd,,Sideswipe-Same Direction,2,Clear,Dry,Daylight
2024-08-12T09:30:00.000,I 85,I 85 and Pleasant Hill Rd,,Rear End,2,Clear,Dry,Daylight
2024-11-07T22:53:00.000,I 85,I 85 and Pleasant Hill Rd,,Angle Crash,2,Cloudy,Dry,Dark-Not Lighted
2024-03-24T12:00:00.000,I 85,I 85 and Pleasant Hill Rd,,Rear End,2,Clear,Dry,Daylight
2024-11-12T19:10:00.000,I 85,I 85 and Pleasant Hill Rd,,Sideswipe-Same Direction,2,Clear,Dry,Dark-Lighted
2024-08-21T09:10:00.000,I 85,I 85 and Pleasant Hill Rd,,Rear End,3,Clear,Dry,Daylight
2024-06-14T21:41:00.000,I 85,I 85 and Pleasant Hill Rd,,Rear End,2,Clear,Dry,Dark-Lighted
2024-08-16T23:48:00.000,I 85,I 85 and Pleasant Hill Rd,,Sideswipe-Same Direction,2,Rain,Wet,Dark-Lighted
2024-05-01T08:03:00.000,I 85,I 85 and Pleasant Hill Rd,,Rear End,2,Clear,Dry,Daylight
2024-11-23T16:55:00.000,I 85,I 85 and Pleasant Hill Rd,,Rear End,2,Clear,Dry,Daylight
2024-09-11T06:27:00.000,I 85,I 85 and Pleasant Hill Rd,,Angle Crash,2,Clear,Dry,Daylight
2024-12-23T12:30:00.000,I 85,I 85 and Pleasant Hill Rd,,Rear End,2,Clear,Dry,Daylight
2024-12-10T19:25:00.000,I 85,I 85 and Pleasant Hill Rd,,Rear End,2,Cloudy,Wet,Daylight
2024-07-03T09:06:00.000,I 85,I 85 and Pleasant Hill Rd,,Sideswipe-Same Direction,2,Clear,Dry,Daylight
2024-06-17T07:20:00.000,I 85,I 85 and Pleasant Hill Rd,,Rear End,2,Clear,Dry,Daylight
2024-11-08T06:44:00.000,I 85,I 85 and Pleasant Hill Rd,,Sideswipe-Same Direction,2,Cloudy,Dry,Daylight
2024-12-19T20:22:00.000,I 85,I 85 and Pleasant Hill Rd,,Not a Collision with Motor Vehicle,1,Clear,Dry,Dark-Lighted
2024-09-04T21:42:00.000,I 85,I 85 and Pleasant Hill Rd,,Sideswipe-Same Direction,2,Clear,Dry,Dark-Lighted
2024-11-16T16:47:00.000,I 85,I 85 and Pleasant Hill Rd,,Head On,2,Clear,Dry,Daylight
2024-09-05T07:35:00.000,I 85,I 85 and Pleasant Hill Rd,,Rear End,3,Clear,Dry,Daylight
2024-08-05T08:27:00.000,I 85,I 85 and Pleasant Hill Rd,,Rear End,2,Clear,Dry,Daylight
2024-09-10T06:28:00.000,I 85,I 85 and Pleasant Hill Rd,,Sideswipe-Same Direction,2,Clear,Dry,Dark-Lighted
2024-02-06T17:04:00.000,I 85,I 85 and Pleasant Hill Rd,,Sideswipe-Same Direction,2,Clear,Dry,Daylight
2024-03-05T17:35:00.000,I 85,I 85 and Pleasant Hill Rd,,Rear End,2,Rain,Wet,Daylight
2024-05-17T17:05:00.000,I 85,I 85 and Pleasant Hill Rd,,Sideswipe-Same Direction,2,Cloudy,Dry,Daylight
2024-02-29T06:15:00.000,I 85,I 85 and Pleasant Hill Rd,,Rear End,3,Cloudy,Dry,Dark-Lighted
2024-09-16T14:22:00.000,I 85,I 85 and Pleasant Hill Rd,,Rear End,2,Clear,Dry,Daylight
2024-11-22T11:00:00.000,I 85,I 85 and Pleasant Hill Rd,,Rear End,2,Clear,Dry,Daylight
2024-12-03T16:50:00.000,I 85,I 85 and Pleasant Hill Rd,,Rear End,2,Clear,Dry,Daylight
2024-02-21T10:42:00.000,I 85,I 85 and Pleasant Hill Rd,,Rear End,2,Cloudy,Dry,Daylight
2024-07-17T17:33:00.000,I 85,I 85 and Pleasant Hill Rd,,Rear End,4,Clear,Dry,Daylight
2024-12-19T08:57:00.000,I 85,I 85 and Pleasant Hill Rd,,Rear End,2,Cloudy,Dry,Daylight
2024-06-03T07:28:00.000,I 85,I 85 and Pleasant Hill Rd,,Sideswipe-Same Direction,2,Clear,Wet,Daylight
2024-04-12T10:26:00.000,I 85,I 85 and Pleasant Hill Rd,,Rear End,2,Clear,Dry,Daylight
2024-05-30T07:16:00.000,I 85,I 85 and Pleasant Hill Rd,,Rear End,2,Clear,Dry,Daylight
2024-03-09T11:44:00.000,I 85,I 85 and Pleasant Hill Rd,,Sideswipe-Same Direction,2,Cloudy,Dry,Daylight
2024-12-31T12:53:00.000,I 85,I 85 and Pleasant Hill Rd,,Rear End,2,Clear,Dry,Daylight
2024-12-11T06:45:00.000,I 85,I 85 and Pleasant Hill Rd,,Rear End,2,Rain,Wet,Dark-Not Lighted
2024-02-06T11:32:00.000,I 85,I 85 and Pleasant Hill Rd,,Not a Collision with Motor Vehicle,1,Cloudy,Dry,Daylight
2024-10-01T05:11:00.000,I 85,I 85 and Pleasant Hill Rd,,Angle Crash,2,Clear,Dry,Dark-Lighted
2024-01-12T10:30:00.000,I 85,I 85 and Pleasant Hill Rd,,Not a Collision with Motor Vehicle,1,Cloudy,Dry,Daylight
2024-03-25T18:10:00.000,I 85,I 85 and Pleasant Hill Rd,,Sideswipe-Same Direction,2,Clear,Dry,Daylight
2024-01-23T12:36:00.000,I 85,I 85 and Pleasant Hill Rd,,Sideswipe-Same Direction,2,Cloudy,Dry,Daylight
2024-08-20T07:20:00.000,I 85,I 85 and Pleasant Hill Rd,,Rear End,2,Clear,Dry,Daylight
2024-12-21T17:00:00.000,I 85,I 85 and Pleasant Hill Rd,,Rear End,2,Clear,Dry,Daylight
2024-01-26T11:28:00.000,I 85,I 85 and Pleasant Hill Rd,,Rear End,2,Cloudy,Wet,Daylight
2024-11-14T09:02:00.000,I 85,I 85 and Pleasant Hill Rd,,Sideswipe-Same Direction,2,Rain,Wet,Daylight
2024-11-15T15:30:00.000,I 85,I 85 and Pleasant Hill Rd,,Sideswipe-Same Direction,2,Clear,Dry,Daylight
2024-05-23T08:00:00.000,I 85,I 85 and Pleasant Hill Rd,,Angle Crash,2,Clear,Dry,Daylight
2024-10-25T17:20:00.000,I 85,I 85 and Pleasant Hill Rd,,Angle Crash,2,Clear,Dry,Daylight
2024-11-12T09:19:00.000,I 85,I 85 and Pleasant Hill Rd,,Rear End,3,Clear,Dry,Daylight
2024-07-25T06:03:00.000,I 85,I 85 and Pleasant Hill Rd,,Rear End,3,Rain,Wet,Dark-Lighted
2024-10-11T00:00:00.000,I 85,I 85 and Pleasant Hill Rd,,Rear End,2,Clear,Dry,Dark-Lighted
2024-11-21T06:30:00.000,I 85,I 85 and Pleasant Hill Rd,,Sideswipe-Same Direction,2,Clear,Dry,Daylight
2024-08-16T23:12:00.000,I 85,I 85 and Pleasant Hill Rd,,Rear End,2,Rain,Wet,Dark-Not Lighted
2024-04-09T15:30:00.000,I 85,I 85 and Pleasant Hill Rd,,Sideswipe-Same Direction,2,Cloudy,Wet,Daylight
2024-10-05T20:00:00.000,I 85,I 85 and Pleasant Hill Rd,,Sideswipe-Same Direction,2,Clear,Dry,Dark-Lighted
2024-04-16T12:25:00.000,I 85,I 85 and Pleasant Hill Rd,,Rear End,3,Clear,Dry,Daylight
2024-12-18T09:50:00.000,I 85,I 85 and Pleasant Hill Rd,,Rear End,4,Cloudy,Dry,Daylight
2024-04-16T08:54:00.000,I 85,I 85 and Pleasant Hill Rd,,Rear End,2,Cloudy,Dry,Daylight
2024-10-31T18:50:00.000,I 85,I 85 and Pleasant Hill Rd,,Rear End,2,Clear,Dry,Dark-Not Lighted
2024-11-19T02:22:00.000,I 85,I 85 and Pleasant Hill Rd,,Not a Collision with Motor Vehicle,1,Clear,Dry,Dark-Lighted
2024-05-09T12:29:00.000,I 85,I 85 and Pleasant Hill Rd,,Rear End,3,Rain,Wet,Daylight
2024-12-18T10:17:00.000,I 85,I 85 and Pleasant Hill Rd,,Angle Crash,4,Cloudy,Dry,Daylight