Date and Time,Roadway (From Crash Report),Intersection Name (from Crash Report),KABCO Severity,Manner of Collision (Crash Level) ,# of Vehicles per crash ,Weather Conditions (Crash Level),Surface Condition (Crash Level) ,Light Conditions (Crash Level)
2024-03-22T18:20:00.000,I 85,I 85 and Pleasant Hill Rd,,Sideswipe-Same Direction,2,Rain,Wet,Daylight
2024-08-10T11:47:00.000,I 85,I 85 and Pleasant Hill Rd,,Rear End,2,Clear,Dry,Daylight
2024-11-13T08:45:00.000,I 85,I 85 and Pleasant Hill Rd,,Rear End,2,Clear,Dry,Daylight
2024-12-14T15:28:00.000,I 85,I 85 and Pleasant Hill Rd,,Rear End,2,Cloudy,Dry,Daylight
2024-09-22T20:36:00.000,I 85,I 85 and Pleasant Hill Rd,,Rear End,2,Clear,Dry,Dark-Lighted
2024-10-15T09:23:00.000,I 85,I 85 and Pleasant Hill Rd,,Sideswipe-Same Direction,2,Cloudy,Dry,Daylight
2024-05-18T17:05:00.000,I 85,I 85 and Pleasant Hill Rd,,Rear End,2,Clear,Dry,Daylight
2024-11-15T16:20:00.000,I 85,I 85 and Pleasant Hill Rd,,Rear End,2,Clear,Dry,Daylight
2024-03-20T08:55:00.000,I 85,I 85 and Pleasant Hill Rd,,Sideswipe-Same Direction,2,Clear,Dry,Daylight
2024-09-15T14:38:00.000,I 85,I 85 and Pleasant Hill Rd,,Rear End,2,Cloudy,Dry,Daylight
2024-03-23T18:57:00.000,I 85,I 85 and Pleasant Hill Rd,,Rear End,3,Clear,Dry,Daylight
2024-09-24T20:40:00.000,I 85,I 85 and Pleasant Hill Rd,,Sideswipe-Same Direction,2,Clear,Dry,Dark-Lighted
2024-02-14T15:38:00.000,I 85,I 85 and Pleasant Hill Rd,,Angle Crash,2,Clear,Dry,Daylight
2024-12-15T21:24:00.000,I 85,I 85 and Pleasant Hill Rd,,Sideswipe-Same Direction,3,Clear,Dry,Dark-Lighted
2024-03-10T04:10:00.000,I 85,I 85 and Pleasant Hill Rd,,Sideswipe-Same Direction,2,Clear,Dry,Dark-Not Lighted
2024-04-15T06:35:00.000,I 85,I 85 and Pleasant Hill Rd,,Rear End,2,Clear,Dry,Daylight
2024-06-17T06:20:00.000,I 85,I 85 and Pleasant Hill Rd,,Rear End,3,Clear,Dry,Daylight
2024-02-23T08:49:00.000,I 85,I 85 and Pleasant Hill Rd,,Rear End,2,Cloudy,Wet,Daylight
2024-07-23T17:04:00.000,I 85,I 85 and Pleasant Hill Rd,,Rear End,2,Rain,Wet,Daylight
2024-08-17T11:46:00.000,I 85,I 85 and Pleasant Hill Rd,,Sideswipe-Same Direction,2,Clear,Dry,Daylight
2024-09-06T06:53:00.000,I 85,I 85 and Pleasant Hill Rd,,Rear End,2,Cloudy,Dry,Dark-Lighted
2024-01-23T09:36:00.000,I 85,I 85 and Pleasant Hill Rd,,Not a Collision with Motor Vehicle,1,Cloudy,Wet,Daylight
2024-02-23T17:55:00.000,I 85,I 85 and Pleasant Hill Rd,,Rear End,3,Clear,Dry,Daylight
2024-08-25T19:12:00.000,I 85,I 85 and Pleasant Hill Rd,,Rear End,2,Clear,Dry,Daylight
2024-10-15T12:44:00.000,I 85,I 85 and Pleasant Hill Rd,,Rear End,2,Clear,Dry,Daylight
2024-03-11T15:42:00.000,I 85,I 85 and Pleasant Hill Rd,,Sideswipe-Same Direction,2,Clear,Dry,Daylight
2024-07-12T06:20:00.000,I 85,I 85 and Pleasant Hill Rd,,Sideswipe-Same Direction,2,Clear,Dry,Dawn
2024-07-24T20:26:00.000,I 85,I 85 and Pleasant Hill Rd,,Angle Crash,2,Rain,Wet,Dark-Not Lighted
2024-08-17T08:07:00.000,I 85,I 85 and Pleasant Hill Rd,,Rear End,2,Clear,Dry,Daylight
2024-07-26T16:30:00.000,I 85,I 85 and Pleasant Hill Rd,,Rear End,2,Clear,Dry,Daylight
2024-04-11T14:37:00.000,I 85,I 85 and Pleasant Hill Rd,,Rear End,2,Cloudy,Dry,Daylight
2024-02-09T07:00:00.000,I 85,I 85 and Pleasant Hill Rd,,Rear End,3,Clear,Dry,Daylight
2024-09-13T06:44:00.000,I 85,I 85 and Pleasant Hill Rd,,Rear End,4,Cloudy,Wet,Dawn
2024-02-03T15:17:00.000,I 85,I 85 and Pleasant Hill Rd,,Rear End,4,Clear,Dry,Daylight
2021-07-02T12:35:00.000,I 85,I 85 and Pleasant Hill Opas,,Angle Crash,2,Cloudy,Wet,Daylight
2022-11-23T19:33:00.000,I 85,I 85 and Pleasant Hill Oad,,Rear End,2,Clear,Dry,Dark-Lighted
2022-02-26T21:55:00.000,I 85,I 85 and Pleasant Hill Oad,,Angle Crash,3,Clear,Dry,Dark-Not Lighted
2021-01-23T17:35:00.000,I 85,I 85 and Pleasant Hill Exit Rp,,Rear End,2,Clear,Dry,Daylight
2021-01-23T17:40:00.000,I 85,I 85 and Pleasant Hill Exit Rp,,Rear End,2,Clear,Dry,Daylight
2021-08-17T07:40:00.000,I 85,I 85 and Pleasant Hill Exit Rp,,Not a Collision with Motor Vehicle,1,Rain,Wet,Daylight
2022-03-09T07:36:00.000,I 85,I 85 and Pleasant Hill Exit,,Rear End,2,Rain,Wet,Daylight
2021-04-29T19:52:00.000,I 85,I 85 and Pleasant Hill Entrance Rp,,Sideswipe-Same Direction,2,Clear,Dry,Daylight
2022-06-14T14:58:00.000,I 85,I 85 and Pleasant Hill Entrance Rp,,Sideswipe-Same Direction,2,Clear,Dry,Daylight
2022-12-22T11:43:00.000,I 85,I 85 and Pleasant Hill Entrance Rp,,Rear End,2,Cloudy,Wet,Daylight
2022-01-19T09:20:00.000,I 85,I 85 and Pleasant Hill Entrance Rp,,Rear End,2,Clear,Dry,Daylight
2022-12-31T18:36:00.000,I 85,I 85 and Pleasant Hill Dr,,Angle Crash,2,Clear,Dry,Dark-Lighted
2023-11-06T16:35:00.000,I 85,I 85 and Pleasant Hill Dr,,Rear End,2,Clear,Dry,Daylight
2023-06-11T11:40:00.000,I 85,I 85 and Pleasant Hill D,,Rear End,2,Rain,Wet,Daylight
2023-04-26T20:29:00.000,I 85,I 85 and Pleasant Hill D,,Sideswipe-Same Direction,2,Cloudy,Dry,Dark-Lighted
2022-05-24T20:20:00.000,I 85,I 85 and Pleasant Hill D,,Rear End,2,Clear,Dry,Dark-Lighted
2022-09-14T08:56:00.000,I 85,I 85 and Pleasant Hill D,,Angle Crash,2,Clear,Dry,Daylight
2022-03-19T12:30:00.000,I 85,I 85 and Pleasant Hill D,,Rear End,2,Clear,Dry,Daylight
2021-11-16T10:07:00.000,I 85,I 85 and Pleasant Hill Broad,,Sideswipe-Same Direction,2,Cloudy,Dry,Daylight
2023-05-12T14:59:00.000,I 85,I 85 and Pleasant Hill,,Angle Crash,2,Cloudy,Dry,Daylight
2024-08-28T08:55:00.000,I 85,I 85 and Pleasant Hill,,Rear End,2,Clear,Dry,Daylight
2024-10-29T17:54:00.000,I 85,I 85 and Pleasant Hill,,Not a Collision with Motor Vehicle,1,Clear,Dry,Daylight
2024-06-27T18:04:00.000,I 85,I 85 and Pleasant Hill,,Rear End,2,Rain,Wet,Daylight
2024-08-17T23:26:00.000,I 85,I 85 and Pleasant Hill,,Head On,2,Cloudy,Wet,Dark-Lighted
2022-12-23T11:14:00.000,I 85,I 85 and Pleasant Hiill Rd,,Rear End,2,Clear,Dry,Daylight
2022-08-05T15:12:00.000,I 85,I 85 and Pleasant Hiil Rd,,Rear End,2,Cloudy,Dry,Daylight
2021-01-01T13:55:00.000,I 85,I 85 and Pleasant Dl,,Sideswipe-Same Direction,2,Rain,Wet,Daylight
2022-01-26T15:00:00.000,I 85,I 85 and Pleasant Dale Rd Opas,,Sideswipe-Same Direction,2,Clear,Dry,Daylight
2021-02-05T06:55:00.000,I 85,I 85 and Pleasant Dale Rd,,Sideswipe-Same Direction,2,Clear,Wet,Dark-Lighted
2020-10-04T15:00:00.000,I 85,I 85 and Pleasant Dale Rd,,Rear End,3,Clear,Dry,Daylight
2023-10-13T18:17:00.000,I 85,I 85 and Pleasant Dale Rd,,Rear End,2,Rain,Wet,Daylight
2023-03-27T00:59:00.000,I 85,I 85 and Pleasant Dale Rd,,Sideswipe-Same Direction,2,Rain,Water (standing or moving),Dark-Lighted
2020-11-28T19:25:00.000,I 85,I 85 and Pleasant Dale Rd,,Rear End,2,Clear,Dry,Dark-Lighted
2020-09-15T09:59:00.000,I 85,I 85 and Pleasant Dale Rd,,Rear End,2,Rain,Wet,Daylight
2020-12-24T13:31:00.000,I 85,I 85 and Pleasant Dale Rd,,Rear End,2,Rain,Wet,Daylight
2023-12-15T12:00:00.000,I 85,I 85 and Pleasant Dale Rd,,Sideswipe-Same Direction,2,Clear,Dry,Daylight
2020-05-11T18:55:00.000,I 85,I 85 and Pleasant  Hill Rd,,Rear End,2,Clear,Dry,Daylight
2020-01-10T20:18:00.000,I 85,I 85 and Pleasant  Hill Exit,,Sideswipe-Same Direction,2,Cloudy,Dry,Dark-Not Lighted
2021-04-30T12:42:00.000,I 85,I 85 and Pleasandale Rd,,Rear End,2,Cloudy,Dry,Daylight
2023-04-12T13:30:00.000,I 85,I 85 and Pleasandale Rd,,Angle Crash,2,Rain,Wet,Daylight
2022-08-23T17:00:00.000,I 85,I 85 and Pleasandale Rd,,Rear End,2,Clear,Dry,Daylight
2022-06-29T19:06:00.000,I 85,I 85 and Pleasandale Rd,,Angle Crash,2,Rain,Wet,Daylight
2023-06-06T14:45:00.000,I 85,I 85 and Pleasandale Rd,,Rear End,2,Clear,Dry,Daylight
2023-10-02T13:41:00.000,I 85,I 85 and Pleasandale Rd,,Rear End,2,Clear,Dry,Daylight
2023-12-09T18:02:00.000,I 85,I 85 and Pleasandale Rd,,Rear End,2,Cloudy,Wet,Dark-Lighted
2020-01-15T18:50:00.000,I 85,I 85 and Pleansant Hill Rd,,Rear End,3,Cloudy,Dry,Dark-Lighted
2021-02-13T22:20:00.000,I 85,I 85 and Plaster Rd Rp,,Rear End,2,Clear,Dry,Dark-Not Lighted
2022-03-13T15:09:00.000,I 85,I 85 and Plasantdale Rd,,Rear End,4,Clear,Dry,Daylight
2021-06-28T15:24:00.000,I 85,I 85 and Plainview Rd,,Not a Collision with Motor Vehicle,2,Clear,Dry,Daylight
2021-03-18T13:10:00.000,I 85,I 85 and Plainview Rd,,Not a Collision with Motor Vehicle,2,Clear,Wet,Daylight
2023-08-26T11:01:00.000,I 85,I 85 and Plainview Rd,,Sideswipe-Same Direction,2,Clear,Dry,Daylight
2023-04-09T17:07:00.000,I 85,I 85 and Plainview Rd,,Rear End,2,Clear,Dry,Daylight
2021-03-15T09:22:00.000,I 85,I 85 and Plainview Rd,,Rear End,2,Cloudy,Dry,Daylight
2021-03-18T13:10:00.000,I 85,I 85 and Plainview Rd,,Rear End,2,Clear,Wet,Daylight
2022-12-31T17:16:00.000,I 85,I 85 and Plainview Rd,,Sideswipe-Same Direction,2,Cloudy,Wet,Daylight
2022-09-26T19:55:00.000,I 85,I 85 and Plainview Rd,,Not a Collision with Motor Vehicle,1,Clear,Dry,Dark-Not Lighted
2023-09-28T11:27:00.000,I 85,I 85 and Plainview Rd,,Sideswipe-Same Direction,2,Clear,Dry,Daylight
2023-12-03T10:48:00.000,I 85,I 85 and Plainview Rd,,Rear End,3,Cloudy,Dry,Daylight
2024-02-19T10:25:00.000,I 85,I 85 and Plainview Rd,,Angle Crash,2,Clear,Dry,Daylight
2022-04-24T15:27:00.000,I 85,I 85 and Plaesantdale,,Sideswipe-Same Direction,4,Clear,Dry,Daylight
2020-10-13T07:28:00.000,I 85,I 85 and Pine Street Opas,,Sideswipe-Same Direction,2,Clear,Dry,Daylight
2020-02-06T16:00:00.000,I 85,I 85 and Pine Street Exit,,Rear End,2,Rain,Wet,Daylight
2021-02-08T05:55:00.000,I 85,I 85 and Pine St,,Sideswipe-Same Direction,2,Clear,Dry,Dark-Lighted
2021-01-01T18:50:00.000,I 85,I 85 and Pine St,,Rear End,2,Clear,Wet,Dark-Lighted
2021-08-16T16:53:00.000,I 85,I 85 and Pine St,,Rear End,2,Cloudy,Wet,Daylight
2021-01-01T19:07:00.000,I 85,I 85 and Pine St,,Rear End,2,Cloudy,Wet,Dark-Lighted
2021-06-15T16:05:00.000,I 85,I 85 and Pine St,,Rear End,2,Clear,Dry,Daylight
2020-09-14T18:10:00.000,I 85,I 85 and Pine St,,Rear End,3,Clear,Dry,Daylight
2020-06-26T16:57:00.000,I 85,I 85 and Pine St,,Rear End,2,Cloudy,Dry,Daylight
2020-03-10T11:30:00.000,I 85,I 85 and Pine St,,Sideswipe-Same Direction,2,Cloudy,Wet,Daylight
2020-11-30T10:30:00.000,I 85,I 85 and Pine St,,Sideswipe-Same Direction,2,Cloudy,Dry,Daylight
2020-06-26T16:57:00.000,I 85,I 85 and Pine St,,Rear End,2,Cloudy,Dry,Daylight
2020-08-11T17:31:00.000,I 85,I 85 and Pine St,,Sideswipe-Same Direction,2,Clear,Dry,Daylight
2020-05-30T17:17:00.000,I 85,I 85 and Pine St,,Rear End,2,Clear,Dry,Daylight
2020-07-29T06:12:00.000,I 85,I 85 and Pine St,,Sideswipe-Same Direction,2,Cloudy,Dry,Dark-Lighted
2020-08-24T16:16:00.000,I 85,I 85 and Pine St,,Rear End,2,Clear,Dry,Daylight
2020-08-04T14:39:00.000,I 85,I 85 and Pine St,,Sideswipe-Same Direction,2,Clear,Dry,Daylight
2020-01-22T18:28:00.000,I 85,I 85 and Pine St,,Rear End,3,Clear,Dry,Dark-Lighted
2020-01-13T11:52:00.000,I 85,I 85 and Pine St,,Rear End,2,Clear,Wet,Daylight
2020-01-14T14:05:00.000,I 85,I 85 and Pine St,,Rear End,2,Rain,Wet,Daylight
2020-01-17T09:25:00.000,I 85,I 85 and Pine St,,Sideswipe-Same Direction,2,Clear,Dry,Daylight
2020-08-24T14:35:00.000,I 85,I 85 and Pine St,,Rear End,2,Clear,Dry,Daylight
2020-03-02T13:15:00.000,I 85,I 85 and Pine St,,Rear End,2,Rain,Wet,Daylight
2020-08-06T18:01:00.000,I 85,I 85 and Pine St,,Rear End,2,Clear,Wet,Daylight
2020-08-06T17:42:00.000,I 85,I 85 and Pine St,,Rear End,2,Clear,Dry,Daylight
2020-08-24T10:15:00.000,I 85,I 85 and Pine St,,Not a Collision with Motor Vehicle,1,Rain,Wet,Daylight
2020-10-12T07:20:00.000,I 85,I 85 and Pine St,,Rear End,2,Clear,Dry,Dawn
2020-07-07T13:05:00.000,I 85,I 85 and Pine St,,Sideswipe-Same Direction,4,Cloudy,Wet,Daylight
2020-01-14T11:59:00.000,I 85,I 85 and Pine St,,Rear End,2,Cloudy,Wet,Daylight
2020-07-21T20:10:00.000,I 85,I 85 and Pine St,,Not a Collision with Motor Vehicle,1,Rain,Wet,Daylight
2020-11-24T06:49:00.000,I 85,I 85 and Pine St,,Sideswipe-Same Direction,2,Clear,Dry,Daylight
2020-03-02T14:40:00.000,I 85,I 85 and Pine St,,Sideswipe-Same Direction,2,Rain,Wet,Daylight
2020-08-07T10:54:00.000,I 85,I 85 and Pine St,,Rear End,2,Clear,Dry,Daylight
2020-07-20T07:35:00.000,I 85,I 85 and Pine St,,Rear End,2,Clear,Dry,Daylight
2020-03-09T11:42:00.000,I 85,I 85 and Pine St,,Rear End,2,Clear,Dry,Daylight
2020-09-05T03:30:00.000,I 85,I 85 and Pine St,,Angle Crash,2,Clear,Dry,Dark-Lighted
2020-03-02T06:25:00.000,I 85,I 85 and Pine St,,Sideswipe-Same Direction,2,Clear,Dry,Dark-Lighted
2020-01-01T05:22:00.000,I 85,I 85 and Pine St,,Sideswipe-Same Direction,2,Clear,Dry,Dark-Lighted
2020-09-24T16:28:00.000,I 85,I 85 and Pine St,,Rear End,2,Cloudy,Wet,Daylight
2020-01-17T09:30:00.000,I 85,I 85 and Pine St,,Rear End,2,Clear,Dry,Daylight
2020-07-17T08:40:00.000,I 85,I 85 and Pine St,,Sideswipe-Same Direction,2,Clear,Dry,Daylight
2021-05-12T15:07:00.000,I 85,I 85 and Pine St,,Rear End,2,Clear,Dry,Daylight
2021-06-06T21:30:00.000,I 85,I 85 and Pine St,,Rear End,2,Clear,Dry,Dark-Lighted
2021-02-18T09:08:00.000,I 85,I 85 and Pine St,,Rear End,3,Cloudy,Wet,Daylight
2021-03-16T15:12:00.000,I 85,I 85 and Pine St,,Rear End,2,Rain,Wet,Daylight
2021-01-21T15:08:00.000,I 85,I 85 and Pine St,,Rear End,2,Rain,Wet,Daylight
2021-04-16T15:56:00.000,I 85,I 85 and Pine St,,Rear End,2,Clear,Dry,Daylight
2021-01-25T15:00:00.000,I 85,I 85 and Pine St,,Rear End,2,Clear,Dry,Daylight
2021-07-13T11:12:00.000,I 85,I 85 and Pine St,,Sideswipe-Same Direction,2,Cloudy,Dry,Daylight
2022-04-22T18:09:00.000,I 85,I 85 and Pine St,,Rear End,2,Clear,Dry,Daylight
2021-07-20T07:30:00.000,I 85,I 85 and Pine St,,Rear End,4,Rain,Wet,Daylight
2021-07-19T16:40:00.000,I 85,I 85 and Pine St,,Sideswipe-Same Direction,2,Rain,Wet,Daylight
2021-04-02T14:49:00.000,I 85,I 85 and Piedmont Road Opas,,Angle Crash,2,Clear,Dry,Daylight
2023-05-22T17:51:00.000,I 85,I 85 and Piedmont Road Opas,,Rear End,3,Rain,Wet,Daylight
2020-08-24T09:56:00.000,I 85,I 85 and Piedmont Road Opas,,Rear End,3,Cloudy,Wet,Daylight
2024-01-29T19:40:00.000,I 85,I 85 and Piedmont Road Opas,,Sideswipe-Same Direction,2,Clear,Dry,Dark-Lighted
2023-03-20T14:50:00.000,I 85,I 85 and Piedmont Rd Underpass,,Rear End,2,Clear,Dry,Daylight
2023-03-20T15:10:00.000,I 85,I 85 and Piedmont Rd Underpass,,Sideswipe-Same Direction,2,Clear,Dry,Daylight
2021-03-19T16:19:00.000,I 85,I 85 and Piedmont Rd,,Rear End,2,Clear,Dry,Daylight
2021-01-27T17:42:00.000,I 85,I 85 and Piedmont Rd,,Rear End,2,Rain,Wet,Dark-Not Lighted
2021-06-18T14:00:00.000,I 85,I 85 and Piedmont Rd,,Sideswipe-Same Direction,2,Cloudy,Dry,Daylight
2021-12-13T14:33:00.000,I 85,I 85 and Piedmont Rd,,Rear End,2,Clear,Dry,Daylight
2021-10-17T01:15:00.000,I 85,I 85 and Piedmont Rd,,Rear End,2,Clear,Dry,Dark-Lighted
2021-03-05T10:00:00.000,I 85,I 85 and Piedmont Rd,,Sideswipe-Same Direction,2,Clear,Dry,Daylight
2021-01-15T00:55:00.000,I 85,I 85 and Piedmont Rd,,Rear End,2,Clear,Dry,Dark-Lighted
2021-02-13T17:57:00.000,I 85,I 85 and Piedmont Rd,,Rear End,3,Cloudy,Wet,Dark-Lighted
2021-05-14T17:50:00.000,I 85,I 85 and Piedmont Rd,,Rear End,2,Clear,Dry,Daylight
2021-07-02T12:36:00.000,I 85,I 85 and Piedmont Rd,,Rear End,2,Clear,Dry,Daylight
2021-10-04T15:55:00.000,I 85,I 85 and Piedmont Rd,,Sideswipe-Same Direction,3,Cloudy,Dry,Daylight
2021-08-20T14:00:00.000,I 85,I 85 and Piedmont Rd,,Sideswipe-Same Direction,2,Clear,Dry,Daylight
2021-06-03T10:48:00.000,I 85,I 85 and Piedmont Rd,,Sideswipe-Same Direction,2,Clear,Dry,Daylight
2021-05-07T07:20:00.000,I 85,I 85 and Piedmont Rd,,Rear End,4,Clear,Dry,Daylight
2021-09-22T08:27:00.000,I 85,I 85 and Piedmont Rd,,Angle Crash,2,Cloudy,Dry,Daylight
2021-10-21T09:00:00.000,I 85,I 85 and Piedmont Rd,,Angle Crash,2,Rain,Wet,Daylight
2021-12-17T16:20:00.000,I 85,I 85 and Piedmont Rd,,Rear End,2,Clear,Dry,Daylight
2021-12-20T14:55:00.000,I 85,I 85 and Piedmont Rd,,Sideswipe-Same Direction,2,Cloudy,Dry,Daylight
2021-03-11T19:25:00.000,I 85,I 85 and Piedmont Rd,,Sideswipe-Same Direction,2,Clear,Dry,Dark-Lighted
2020-04-19T03:40:00.000,I 85,I 85 and Piedmont Rd,,Not a Collision with Motor Vehicle,1,Clear,Dry,Dark-Lighted
2020-02-07T11:50:00.000,I 85,I 85 and Piedmont Rd,,Rear End,3,Cloudy,Wet,Daylight
2020-12-11T15:00:00.000,I 85,I 85 and Piedmont Rd,,Rear End,2,Clear,Dry,Daylight
2023-11-07T17:30:00.000,I 85,I 85 and Piedmont Rd,,Rear End,2,Clear,Dry,Daylight
2023-05-01T06:39:00.000,I 85,I 85 and Piedmont Rd,,Rear End,2,Clear,Dry,Daylight
2023-01-19T18:30:00.000,I 85,I 85 and Piedmont Rd,,Rear End,2,Clear,Dry,Dark-Lighted
2023-08-14T16:20:00.000,I 85,I 85 and Piedmont Rd,,Rear End,2,Clear,Dry,Daylight
2023-02-10T14:05:00.000,I 85,I 85 and Piedmont Rd,,Rear End,2,Clear,Dry,Daylight
2023-03-20T14:30:00.000,I 85,I 85 and Piedmont Rd,,Rear End,2,Clear,Dry,Daylight
2023-11-21T14:15:00.000,I 85,I 85 and Piedmont Rd,,Rear End,2,Rain,Wet,Daylight
2023-01-24T08:00:00.000,I 85,I 85 and Piedmont Rd,,Sideswipe-Same Direction,2,Clear,Dry,Daylight
2023-11-07T19:50:00.000,I 85,I 85 and Piedmont Rd,,Rear End,2,Clear,Dry,Dark-Not Lighted
2023-07-07T12:20:00.000,I 85,I 85 and Piedmont Rd,,Angle Crash,3,Clear,Dry,Daylight
2023-02-16T10:20:00.000,I 85,I 85 and Piedmont Rd,,Sideswipe-Same Direction,2,Cloudy,Dry,Daylight
2023-07-25T17:45:00.000,I 85,I 85 and Piedmont Rd,,Sideswipe-Same Direction,2,Clear,Dry,Daylight
2023-03-27T11:49:00.000,I 85,I 85 and Piedmont Rd,,Rear End,2,Cloudy,Wet,Daylight
2023-07-14T18:13:00.000,I 85,I 85 and Piedmont Rd,,Rear End,2,Clear,Dry,Daylight
2023-05-25T19:00:00.000,I 85,I 85 and Piedmont Rd,,Sideswipe-Same Direction,2,Clear,Dry,Daylight
2023-09-08T09:05:00.000,I 85,I 85 and Piedmont Rd,,Rear End,2,Clear,Dry,Daylight
2020-06-08T17:15:00.000,I 85,I 85 and Piedmont Rd,,Sideswipe-Same Direction,2,Clear,Dry,Daylight
2020-11-21T20:54:00.000,I 85,I 85 and Piedmont Rd,,Rear End,2,Clear,Dry,Dark-Lighted
2020-07-26T16:30:00.000,I 85,I 85 and Piedmont Rd,,Rear End,2,Clear,Dry,Daylight
2020-02-24T09:30:00.000,I 85,I 85 and Piedmont Rd,,Rear End,2,Rain,Wet,Daylight
2020-06-17T23:19:00.000,I 85,I 85 and Piedmont Rd,,Sideswipe-Same Direction,2,Clear,Dry,Dark-Lighted
2020-06-01T11:20:00.000,I 85,I 85 and Piedmont Rd,,Sideswipe-Same Direction,2,Clear,Dry,Daylight
2020-03-01T20:13:00.000,I 85,I 85 and Piedmont Rd,,Rear End,2,Clear,Dry,Dark-Lighted
2020-09-19T16:54:00.000,I 85,I 85 and Piedmont Rd,,Angle Crash,2,Clear,Dry,Daylight
2020-01-09T09:00:00.000,I 85,I 85 and Piedmont Rd,,Sideswipe-Same Direction,2,Clear,Dry,Daylight
2020-09-27T21:34:00.000,I 85,I 85 and Piedmont Rd,,Not a Collision with Motor Vehicle,1,Rain,Wet,Dark-Lighted
2020-08-01T15:51:00.000,I 85,I 85 and Piedmont Rd,,Rear End,2,Clear,Dry,Daylight
2020-02-08T17:49:00.000,I 85,I 85 and Piedmont Rd,,Rear End,2,Cloudy,Dry,Dark-Lighted
2020-01-15T07:32:00.000,I 85,I 85 and Piedmont Rd,,Rear End,2,Cloudy,Dry,Dark-Lighted
2020-02-08T14:47:00.000,I 85,I 85 and Piedmont Rd,,Sideswipe-Same Direction,2,Cloudy,Water (standing or moving),Daylight
2020-01-11T16:31:00.000,I 85,I 85 and Piedmont Rd,,Rear End,4,Rain,Wet,Daylight
2020-08-22T09:59:00.000,I 85,I 85 and Piedmont Rd,,Rear End,2,Clear,Dry,Daylight
2020-09-05T11:31:00.000,I 85,I 85 and Piedmont Rd,,Angle Crash,2,Clear,Dry,Daylight
2020-01-22T12:00:00.000,I 85,I 85 and Piedmont Rd,,Rear End,3,Clear,Dry,Daylight
2020-10-28T19:39:00.000,I 85,I 85 and Piedmont Rd,,Angle Crash,2,Rain,Wet,Dark-Not Lighted
2020-08-22T22:49:00.000,I 85,I 85 and Piedmont Rd,,Angle Crash,4,Cloudy,Dry,Dark-Lighted
2020-07-18T07:05:00.000,I 85,I 85 and Piedmont Rd,,Sideswipe-Same Direction,2,Clear,Dry,Daylight
2020-06-26T15:11:00.000,I 85,I 85 and Piedmont Rd,,Rear End,2,Cloudy,Dry,Daylight
2020-10-31T09:33:00.000,I 85,I 85 and Piedmont Rd,,Rear End,2,Clear,Dry,Daylight
2020-12-23T14:20:00.000,I 85,I 85 and Piedmont Rd,,Rear End,2,Cloudy,Dry,Daylight
2020-10-02T23:27:00.000,I 85,I 85 and Piedmont Rd,,Sideswipe-Same Direction,2,Clear,Dry,Dark-Not Lighted
2020-05-02T00:54:00.000,I 85,I 85 and Piedmont Rd,,Rear End,2,Clear,Dry,Dark-Not Lighted
2020-09-19T18:36:00.000,I 85,I 85 and Piedmont Rd,,Rear End,2,Clear,Dry,Dark-Lighted
2020-09-30T08:37:00.000,I 85,I 85 and Piedmont Rd,,Rear End,2,Clear,Dry,Daylight
2020-07-08T09:22:00.000,I 85,I 85 and Piedmont Rd,,Rear End,3,Clear,Dry,Daylight
2020-11-11T18:50:00.000,I 85,I 85 and Piedmont Rd,,Sideswipe-Same Direction,2,Rain,Wet,Dark-Lighted
2020-01-06T18:43:00.000,I 85,I 85 and Piedmont Rd,,Rear End,2,Clear,Dry,Dark-Lighted
2020-10-18T01:52:00.000,I 85,I 85 and Piedmont Rd,,Rear End,3,Clear,Dry,Dark-Lighted
2020-12-11T13:00:00.000,I 85,I 85 and Piedmont Rd,,Rear End,2,Clear,Dry,Daylight
2020-12-12T15:57:00.000,I 85,I 85 and Piedmont Rd,,Rear End,2,Cloudy,Dry,Dark-Lighted
2020-12-11T19:00:00.000,I 85,I 85 and Piedmont Rd,,Rear End,2,Clear,Dry,Dark-Lighted
2021-01-16T20:41:00.000,I 85,I 85 and Piedmont Rd,,Rear End,2,Clear,Dry,Dawn
2021-03-19T15:56:00.000,I 85,I 85 and Piedmont Rd,,Sideswipe-Same Direction,1,Clear,Dry,Daylight
2021-06-22T14:51:00.000,I 85,I 85 and Piedmont Rd,,Rear End,2,Cloudy,Dry,Daylight
2021-01-23T17:54:00.000,I 85,I 85 and Piedmont Rd,,Rear End,2,Clear,Dry,Dark-Lighted
2021-01-15T12:38:00.000,I 85,I 85 and Piedmont Rd,,Sideswipe-Same Direction,2,Clear,Dry,Daylight
2021-05-21T15:00:00.000,I 85,I 85 and Piedmont Rd,,Sideswipe-Same Direction,2,Clear,Dry,Daylight
2021-11-29T16:00:00.000,I 85,I 85 and Piedmont Rd,,Rear End,2,Clear,Dry,Daylight
2021-07-14T15:10:00.000,I 85,I 85 and Piedmont Rd,,Rear End,2,Clear,Dry,Daylight
2021-11-11T11:30:00.000,I 85,I 85 and Piedmont Rd,,Sideswipe-Same Direction,2,Cloudy,Dry,Daylight
2021-10-14T16:11:00.000,I 85,I 85 and Piedmont Rd,,Rear End,2,Clear,Dry,Daylight
2021-07-30T14:12:00.000,I 85,I 85 and Piedmont Rd,,Sideswipe-Same Direction,2,Clear,Dry,Daylight
2021-10-01T16:15:00.000,I 85,I 85 and Piedmont Rd,,Rear End,2,Clear,Dry,Daylight
2021-08-17T17:16:00.000,I 85,I 85 and Piedmont Rd,,Sideswipe-Same Direction,2,Cloudy,Dry,Daylight
2021-07-06T15:04:00.000,I 85,I 85 and Piedmont Rd,,Sideswipe-Same Direction,2,Cloudy,Dry,Daylight
2022-02-08T11:30:00.000,I 85,I 85 and Piedmont Rd,,Sideswipe-Same Direction,2,Clear,Dry,Daylight