Date and Time,Roadway (From Crash Report),Intersection Name (from Crash Report),KABCO Severity,Manner of Collision (Crash Level) ,# of Vehicles per crash ,Weather Conditions (Crash Level),Surface Condition (Crash Level) ,Light Conditions (Crash Level)
2022-10-04T17:45:00.000,I 85,I 85 and Piedmont Rd,,Rear End,2,Clear,Dry,Daylight
2022-05-23T09:10:00.000,I 85,I 85 and Piedmont Rd,,Rear End,2,Rain,Wet,Daylight
2022-12-22T07:34:00.000,I 85,I 85 and Piedmont Rd,,Rear End,2,Rain,Wet,Dawn
2021-12-14T16:05:00.000,I 85,I 85 and Piedmont Rd,,Rear End,3,Clear,Dry,Daylight
2022-01-11T14:35:00.000,I 85,I 85 and Piedmont Rd,,Rear End,2,Cloudy,Dry,Daylight
2022-03-17T15:25:00.000,I 85,I 85 and Piedmont Rd,,Rear End,2,Clear,Dry,Daylight
2022-09-26T08:03:00.000,I 85,I 85 and Piedmont Rd,,Sideswipe-Same Direction,2,Clear,Dry,Daylight
2022-04-15T10:40:00.000,I 85,I 85 and Piedmont Rd,,Sideswipe-Same Direction,2,Clear,Dry,Daylight
2022-05-12T08:43:00.000,I 85,I 85 and Piedmont Rd,,Sideswipe-Same Direction,2,Clear,Dry,Daylight
2022-12-01T09:30:00.000,I 85,I 85 and Piedmont Rd,,Rear End,2,Clear,Dry,Daylight
2022-10-04T11:25:00.000,I 85,I 85 and Piedmont Rd,,Rear End,2,Clear,Dry,Daylight
2022-07-28T15:20:00.000,I 85,I 85 and Piedmont Rd,,Sideswipe-Same Direction,2,Clear,Dry,Daylight
2022-09-20T09:10:00.000,I 85,I 85 and Piedmont Rd,,Rear End,2,Cloudy,Dry,Daylight
2022-07-21T15:40:00.000,I 85,I 85 and Piedmont Rd,,Sideswipe-Same Direction,3,Cloudy,Wet,Daylight
2022-06-16T17:20:00.000,I 85,I 85 and Piedmont Rd,,Sideswipe-Same Direction,2,Clear,Dry,Daylight
2022-07-21T11:00:00.000,I 85,I 85 and Piedmont Rd,,Rear End,2,Rain,Wet,Daylight
2022-07-22T07:43:00.000,I 85,I 85 and Piedmont Rd,,Rear End,2,Clear,Dry,Daylight
2022-08-22T16:00:00.000,I 85,I 85 and Piedmont Rd,,Rear End,2,Cloudy,Dry,Daylight
2022-10-11T15:32:00.000,I 85,I 85 and Piedmont Rd,,Rear End,2,Clear,Dry,Daylight
2022-03-21T14:20:00.000,I 85,I 85 and Piedmont Rd,,Rear End,2,Clear,Dry,Daylight
2023-02-28T10:20:00.000,I 85,I 85 and Piedmont Rd,,Sideswipe-Same Direction,2,Clear,Dry,Daylight
2024-04-08T17:20:00.000,I 85,I 85 and Piedmont Rd,,Sideswipe-Same Direction,2,Clear,Dry,Daylight
2024-12-09T15:52:00.000,I 85,I 85 and Piedmont Rd,,Rear End,2,Clear,Dry,Daylight
2024-02-15T15:10:00.000,I 85,I 85 and Piedmont Rd,,Rear End,2,Clear,Dry,Daylight
2024-06-11T19:20:00.000,I 85,I 85 and Piedmont Rd,,Sideswipe-Same Direction,2,Clear,Dry,Daylight
2024-11-25T06:31:00.000,I 85,I 85 and Piedmont Rd,,Rear End,5,Clear,Dry,Daylight
2023-06-09T10:55:00.000,I 85,I 85 and Piedmont Rd,,Sideswipe-Same Direction,2,Clear,Dry,Daylight
2023-03-27T11:10:00.000,I 85,I 85 and Piedmont Rd,,Rear End,2,Cloudy,Wet,Daylight
2023-03-24T16:26:00.000,I 85,I 85 and Piedmont Rd,,Sideswipe-Same Direction,2,Clear,Dry,Daylight
2023-02-13T18:34:00.000,I 85,I 85 and Piedmont Rd,,Rear End,2,Clear,Dry,Dusk
2023-12-26T18:30:00.000,I 85,I 85 and Piedmont Rd,,Sideswipe-Same Direction,3,Cloudy,Wet,Dark-Lighted
2023-12-01T16:00:00.000,I 85,I 85 and Piedmont Rd,,Sideswipe-Same Direction,2,Rain,Wet,Daylight
2023-03-03T09:43:00.000,I 85,I 85 and Piedmont Rd,,Rear End,2,Cloudy,Wet,Daylight
2023-12-12T18:15:00.000,I 85,I 85 and Piedmont Rd,,Rear End,2,Clear,Dry,Dark-Lighted
2023-08-29T16:15:00.000,I 85,I 85 and Piedmont Rd,,Sideswipe-Same Direction,2,Clear,Dry,Daylight
2023-02-28T15:53:00.000,I 85,I 85 and Piedmont Rd,,Rear End,2,Clear,Dry,Daylight
2023-04-10T18:30:00.000,I 85,I 85 and Piedmont Rd,,Sideswipe-Same Direction,2,Clear,Dry,Daylight
2023-03-10T14:50:00.000,I 85,I 85 and Piedmont Rd,,Rear End,2,Clear,Dry,Daylight
2024-09-03T17:40:00.000,I 85,I 85 and Piedmont Rd,,Rear End,2,Clear,Dry,Daylight
2024-09-18T16:25:00.000,I 85,I 85 and Piedmont Rd,,Rear End,2,Clear,Dry,Daylight
2024-05-02T08:10:00.000,I 85,I 85 and Piedmont Rd,,Rear End,2,Clear,Dry,Daylight
2024-05-07T06:30:00.000,I 85,I 85 and Piedmont Rd,,Rear End,2,Clear,Dry,Daylight
2024-01-25T15:00:00.000,I 85,I 85 and Piedmont Rd,,Rear End,2,Cloudy,Wet,Daylight
2024-11-26T09:01:00.000,I 85,I 85 and Piedmont Rd,,Rear End,2,Cloudy,Wet,Daylight
2024-09-05T07:45:00.000,I 85,I 85 and Piedmont Rd,,Rear End,2,Clear,Dry,Daylight
2024-10-08T10:23:00.000,I 85,I 85 and Piedmont Rd,,Rear End,2,Clear,Dry,Daylight
2024-07-09T13:00:00.000,I 85,I 85 and Piedmont Rd,,Rear End,2,Clear,Dry,Daylight
2024-11-26T09:01:00.000,I 85,I 85 and Piedmont Rd,,Rear End,2,Cloudy,Wet,Daylight
2024-04-29T16:23:00.000,I 85,I 85 and Piedmont Rd,,Rear End,2,Clear,Dry,Daylight
2024-03-01T07:00:00.000,I 85,I 85 and Piedmont Rd,,Rear End,2,Rain,Wet,Daylight
2024-04-02T16:00:00.000,I 85,I 85 and Piedmont Rd,,Sideswipe-Same Direction,3,Cloudy,Dry,Daylight
2024-02-22T12:30:00.000,I 85,I 85 and Piedmont Rd,,Sideswipe-Same Direction,3,Clear,Dry,Daylight
2024-06-04T14:15:00.000,I 85,I 85 and Piedmont Rd,,Sideswipe-Same Direction,2,Clear,Dry,Daylight
2024-09-20T14:56:00.000,I 85,I 85 and Piedmont Rd,,Sideswipe-Same Direction,2,Clear,Dry,Daylight
2024-11-26T09:01:00.000,I 85,I 85 and Piedmont Rd,,Rear End,2,Cloudy,Wet,Daylight
2024-01-25T15:40:00.000,I 85,I 85 and Piedmont Rd,,Rear End,2,Cloudy,Dry,Daylight
2024-11-05T08:00:00.000,I 85,I 85 and Piedmont Rd,,Not a Collision with Motor Vehicle,2,Cloudy,Dry,Daylight
2024-04-12T15:20:00.000,I 85,I 85 and Piedmont Rd,,Rear End,2,Clear,Dry,Daylight
2024-11-22T16:52:00.000,I 85,I 85 and Piedmont Rd,,Sideswipe-Same Direction,2,Clear,Dry,Daylight
2024-04-22T17:30:00.000,I 85,I 85 and Piedmont Rd,,Rear End,2,Clear,Dry,Daylight
2024-06-20T10:45:00.000,I 85,I 85 and Piedmont Dr,,Rear End,3,Clear,Dry,Daylight
2020-05-13T15:40:00.000,I 85,I 85 and Piedmont Avenue Opas,,Sideswipe-Same Direction,2,Clear,Dry,Daylight
2020-05-13T15:00:00.000,I 85,I 85 and Piedmont Avenue Opas,,Rear End,2,Cloudy,Dry,Daylight
2020-01-03T17:55:00.000,I 85,I 85 and Piedmont Avenue Opas,,Rear End,2,Rain,Wet,Dark-Lighted
2021-08-17T12:25:00.000,I 85,I 85 and Piedmont Ave Opas,,Rear End,2,Rain,Wet,Daylight
2020-12-24T12:37:00.000,I 85,I 85 and Piedmont Ave Ne Opas,,Rear End,2,Rain,Wet,Daylight
2021-09-21T06:14:00.000,I 85,I 85 and Piedmont Ave Ne Opas,,Rear End,3,Rain,Wet,Dark-Lighted
2021-09-21T06:40:00.000,I 85,I 85 and Piedmont Ave Ne Opas,,Rear End,3,Rain,Wet,Dark-Lighted
2021-09-21T07:45:00.000,I 85,I 85 and Piedmont Ave Ne Opas,,Sideswipe-Same Direction,2,Rain,Wet,Daylight
2021-09-17T19:23:00.000,I 85,I 85 and Piedmont Ave Ne Opas,,Rear End,2,Clear,Dry,Dark-Lighted
2021-05-18T14:15:00.000,I 85,I 85 and Piedmont Ave,,Rear End,2,Clear,Dry,Daylight
2021-01-28T17:30:00.000,I 85,I 85 and Piedmont Ave,,Rear End,2,Clear,Dry,Daylight
2021-04-06T14:45:00.000,I 85,I 85 and Piedmont Ave,,Rear End,2,Clear,Dry,Daylight
2021-05-21T06:41:00.000,I 85,I 85 and Piedmont Ave,,Sideswipe-Same Direction,2,Clear,Dry,Dawn
2021-08-30T16:29:00.000,I 85,I 85 and Piedmont Ave,,Rear End,3,Cloudy,Wet,Daylight
2021-09-16T19:20:00.000,I 85,I 85 and Piedmont Ave,,Rear End,2,Clear,Wet,Daylight
2021-01-11T07:55:00.000,I 85,I 85 and Piedmont Ave,,Rear End,3,Cloudy,Dry,Daylight
2021-01-21T18:30:00.000,I 85,I 85 and Piedmont Ave,,Rear End,2,Cloudy,Wet,Dark-Lighted
2021-02-24T18:00:00.000,I 85,I 85 and Piedmont Ave,,Sideswipe-Same Direction,2,Clear,Dry,Daylight
2021-05-18T14:15:00.000,I 85,I 85 and Piedmont Ave,,Rear End,2,Clear,Dry,Daylight
2021-03-16T08:30:00.000,I 85,I 85 and Piedmont Ave,,Rear End,4,Cloudy,Wet,Daylight
2021-02-08T07:00:00.000,I 85,I 85 and Piedmont Ave,,Sideswipe-Same Direction,2,Clear,Dry,Dark-Lighted
2021-05-11T14:50:00.000,I 85,I 85 and Piedmont Ave,,Rear End,2,Clear,Dry,Daylight
2020-08-28T17:10:00.000,I 85,I 85 and Piedmont Ave,,Rear End,2,Clear,Dry,Daylight
2020-06-08T15:55:00.000,I 85,I 85 and Piedmont Ave,,Sideswipe-Same Direction,2,Cloudy,Dry,Daylight
2020-02-13T17:00:00.000,I 85,I 85 and Piedmont Ave,,Sideswipe-Same Direction,2,Cloudy,Dry,Daylight
2020-02-10T19:30:00.000,I 85,I 85 and Piedmont Ave,,Rear End,2,Rain,Wet,Daylight
2020-09-14T15:56:00.000,I 85,I 85 and Piedmont Ave,,Rear End,2,Cloudy,Dry,Daylight
2020-11-16T16:50:00.000,I 85,I 85 and Piedmont Ave,,Rear End,2,Clear,Dry,Daylight
2020-08-24T08:10:00.000,I 85,I 85 and Piedmont Ave,,Rear End,2,Rain,Wet,Daylight
2020-04-29T16:00:00.000,I 85,I 85 and Piedmont Ave,,Rear End,3,Rain,Wet,Daylight
2020-02-07T14:25:00.000,I 85,I 85 and Piedmont Ave,,Rear End,4,Clear,Dry,Daylight
2020-02-17T17:40:00.000,I 85,I 85 and Piedmont Ave,,Rear End,2,Cloudy,Dry,Daylight
2020-06-05T13:25:00.000,I 85,I 85 and Piedmont Ave,,Sideswipe-Same Direction,3,Cloudy,Wet,Daylight
2020-01-03T10:25:00.000,I 85,I 85 and Piedmont Ave,,Rear End,2,Rain,Wet,Daylight
2020-01-01T17:25:00.000,I 85,I 85 and Piedmont Ave,,Sideswipe-Same Direction,2,Clear,Dry,Daylight
2020-02-06T14:25:00.000,I 85,I 85 and Piedmont Ave,,Sideswipe-Same Direction,2,Rain,Wet,Daylight
2020-02-07T09:50:00.000,I 85,I 85 and Piedmont Ave,,Sideswipe-Same Direction,2,Cloudy,Dry,Daylight
2020-01-18T16:16:00.000,I 85,I 85 and Piedmont Ave,,Sideswipe-Same Direction,2,Cloudy,Wet,Daylight
2020-02-20T14:10:00.000,I 85,I 85 and Piedmont Ave,,Rear End,2,Rain,Wet,Daylight
2020-10-23T12:00:00.000,I 85,I 85 and Piedmont Ave,,Sideswipe-Same Direction,2,Clear,Dry,Daylight
2020-05-08T13:55:00.000,I 85,I 85 and Piedmont Ave,,Rear End,2,Rain,Wet,Daylight
2020-06-22T10:53:00.000,I 85,I 85 and Piedmont Ave,,Sideswipe-Same Direction,2,Clear,Dry,Daylight
2020-06-02T15:25:00.000,I 85,I 85 and Piedmont Ave,,Rear End,3,Clear,Dry,Daylight
2020-10-28T16:20:00.000,I 85,I 85 and Piedmont Ave,,Rear End,2,Cloudy,Dry,Daylight
2020-07-02T16:45:00.000,I 85,I 85 and Piedmont Ave,,Rear End,2,Rain,Wet,Daylight
2020-11-02T17:35:00.000,I 85,I 85 and Piedmont Ave,,Rear End,2,Clear,Dry,Daylight
2020-02-28T18:00:00.000,I 85,I 85 and Piedmont Ave,,Rear End,2,Clear,Dry,Daylight
2021-06-09T17:20:00.000,I 85,I 85 and Piedmont Ave,,Rear End,2,Rain,Wet,Daylight
2021-02-10T15:15:00.000,I 85,I 85 and Piedmont Ave,,Rear End,2,Clear,Dry,Daylight
2021-04-06T16:50:00.000,I 85,I 85 and Piedmont Ave,,Sideswipe-Same Direction,2,Clear,Dry,Daylight
2021-04-27T14:30:00.000,I 85,I 85 and Piedmont Ave,,Rear End,2,Clear,Dry,Daylight
2021-03-05T17:40:00.000,I 85,I 85 and Piedmont Ave,,Rear End,2,Clear,Dry,Daylight
2021-08-17T09:25:00.000,I 85,I 85 and Piedmont Ave,,Not a Collision with Motor Vehicle,1,Rain,Wet,Daylight
2021-12-17T13:35:00.000,I 85,I 85 and Piedmont Ave,,Sideswipe-Same Direction,2,Clear,Dry,Daylight
2021-08-26T17:50:00.000,I 85,I 85 and Piedmont Ave,,Sideswipe-Same Direction,2,Clear,Dry,Daylight
2022-05-03T06:00:00.000,I 85,I 85 and Piedmont Ave,,Sideswipe-Same Direction,2,Clear,Dry,Dark-Lighted
2022-08-18T13:58:00.000,I 85,I 85 and Piedmont Ave,,Rear End,2,Clear,Dry,Daylight
2021-08-17T14:22:00.000,I 85,I 85 and Piedmont Ave,,Sideswipe-Same Direction,2,Rain,Wet,Daylight
2024-05-20T14:30:00.000,I 85,I 85 and Piedmont Ave,,Rear End,2,Clear,Dry,Daylight
2022-10-29T23:42:00.000,I 85,I 85 and Piedmont,,Rear End,3,Clear,Dry,Dark-Lighted
2024-09-09T16:02:00.000,I 85,I 85 and Piedmont,,Sideswipe-Same Direction,3,Clear,Dry,Daylight
2024-07-26T09:35:00.000,I 85,I 85 and Piedmont,,Rear End,2,Clear,Dry,Daylight
2023-10-13T17:30:00.000,I 85,I 85 and Piedmond Rd,,Rear End,2,Cloudy,Dry,Daylight
2021-05-20T16:00:00.000,I 85,I 85 and Piedment Rd,,Rear End,2,Clear,Dry,Daylight
2021-06-07T16:10:00.000,I 85,I 85 and Perkins Rd,,Rear End,2,Rain,Wet,Daylight
2022-12-29T17:25:00.000,I 85,I 85 and Perkins Rd,,Rear End,2,Clear,Dry,Dusk
2024-08-17T13:50:00.000,I 85,I 85 and Pelasant Hill Rd,,Sideswipe-Same Direction,2,Clear,Dry,Daylight
2021-05-14T17:50:00.000,I 85,I 85 and Peidmont Rd,,Rear End,2,Clear,Dry,Daylight
2024-11-08T18:30:00.000,I 85,I 85 and Peidmont Rd,,Rear End,3,Clear,Dry,Dawn
2024-07-09T16:40:00.000,I 85,I 85 and Peashtree St,,Rear End,2,Rain,Wet,Daylight
2022-12-22T19:00:00.000,I 85,I 85 and Peahtree St,,Rear End,2,Cloudy,Dry,Dark-Lighted
2020-09-29T09:35:00.000,I 85,I 85 and Peactree St,,Rear End,5,Rain,Wet,Daylight
2023-03-28T10:00:00.000,I 85,I 85 and Peactree Rd,,Sideswipe-Same Direction,2,Clear,Dry,Daylight
2021-12-08T14:40:00.000,I 85,I 85 and Peachwood Cir,,Rear End,2,Clear,Wet,Daylight
2023-08-26T23:37:00.000,I 85,I 85 and Peachwood Cir,,Not a Collision with Motor Vehicle,1,Clear,Dry,Dark-Lighted
2023-10-14T00:23:00.000,I 85,I 85 and Peachwood Cir,,Angle Crash,2,Rain,Wet,Dark-Lighted
2023-09-01T20:30:00.000,I 85,I 85 and Peachwood Cir,,Rear End,2,Clear,Dry,Dark-Not Lighted
2020-10-29T15:20:00.000,I 85,I 85 and Peachwood Cir,,Sideswipe-Same Direction,2,Clear,Dry,Daylight
2020-10-16T19:20:00.000,I 85,I 85 and Peachwood Cir,,Angle Crash,2,Clear,Dry,Dark-Lighted
2020-08-06T09:01:00.000,I 85,I 85 and Peachwood Cir,,Angle Crash,2,Clear,Dry,Daylight
2020-08-25T00:00:00.000,I 85,I 85 and Peachwood Cir,,Sideswipe-Same Direction,2,Rain,Wet,Dark-Not Lighted
2020-02-25T16:25:00.000,I 85,I 85 and Peachwood Cir,,Not a Collision with Motor Vehicle,2,Cloudy,Dry,Daylight
2020-07-06T20:00:00.000,I 85,I 85 and Peachwood Cir,,Not a Collision with Motor Vehicle,1,Rain,Wet,Dark-Lighted
2021-05-01T08:33:00.000,I 85,I 85 and Peachwood Cir,,Angle Crash,2,Clear,Dry,Daylight
2021-10-30T20:30:00.000,I 85,I 85 and Peachwood Cir,,Rear End,2,Clear,Dry,Dark-Not Lighted
2021-11-14T11:06:00.000,I 85,I 85 and Peachwood Cir,,Rear End,2,Clear,Dry,Dark-Not Lighted
2022-06-17T13:13:00.000,I 85,I 85 and Peachwood Cir,,Not a Collision with Motor Vehicle,2,Clear,Dry,Daylight
2022-02-22T03:00:00.000,I 85,I 85 and Peachwood Cir,,Not a Collision with Motor Vehicle,1,Cloudy,Wet,Dark-Lighted
2022-04-08T12:27:00.000,I 85,I 85 and Peachwood Cir,,Rear End,2,Cloudy,Dry,Daylight
2024-04-20T23:45:00.000,I 85,I 85 and Peachwood Cir,,Not a Collision with Motor Vehicle,1,Rain,Wet,Dark-Not Lighted
2023-05-05T16:40:00.000,I 85,I 85 and Peachwood Cir,,Rear End,2,Rain,Wet,Daylight
2023-05-30T12:54:00.000,I 85,I 85 and Peachwood Cir,,Rear End,2,Clear,Dry,Daylight
2023-06-02T19:13:00.000,I 85,I 85 and Peachwood Cir,,Rear End,2,Clear,Dry,Daylight
2024-09-22T18:43:00.000,I 85,I 85 and Peachwood Cir,,Rear End,2,Clear,Dry,Daylight
2024-10-07T07:16:00.000,I 85,I 85 and Peachtree Strteet,,Sideswipe-Same Direction,2,Clear,Dry,Daylight
2024-03-26T18:54:00.000,I 85,I 85 and Peachtree Stret Opas,,Rear End,2,Cloudy,Wet,Daylight
2021-06-18T16:25:00.000,I 85,I 85 and Peachtree Street Opas,,Sideswipe-Same Direction,2,Clear,Dry,Daylight
2023-10-16T11:44:00.000,I 85,I 85 and Peachtree Street Opas,,Rear End,2,Cloudy,Dry,Daylight
2023-01-24T19:19:00.000,I 85,I 85 and Peachtree Street Opas,,Rear End,3,Clear,Dry,Dark-Not Lighted
2020-08-07T11:25:00.000,I 85,I 85 and Peachtree Street Opas,,Rear End,3,Cloudy,Dry,Daylight
2020-07-02T17:00:00.000,I 85,I 85 and Peachtree Street Opas,,Rear End,2,Cloudy,Wet,Daylight
2020-11-10T21:45:00.000,I 85,I 85 and Peachtree Street Opas,,Rear End,2,Rain,Wet,Dark-Lighted
2021-12-08T11:00:00.000,I 85,I 85 and Peachtree Street Opas,,Rear End,2,Cloudy,Wet,Daylight
2022-04-14T12:20:00.000,I 85,I 85 and Peachtree Street Opas,,Rear End,3,Clear,Dry,Daylight
2022-04-14T12:20:00.000,I 85,I 85 and Peachtree Street Opas,,Rear End,2,Clear,Dry,Daylight
2024-02-16T00:42:00.000,I 85,I 85 and Peachtree Street Opas,,Not a Collision with Motor Vehicle,1,Clear,Dry,Dark-Lighted
2024-02-06T19:18:00.000,I 85,I 85 and Peachtree Street Opas,,Sideswipe-Same Direction,3,Clear,Dry,Daylight
2024-10-15T13:55:00.000,I 85,I 85 and Peachtree Street Opas,,Rear End,2,Clear,Dry,Daylight
2023-11-12T01:45:00.000,I 85,I 85 and Peachtree Street Northeast,,Not a Collision with Motor Vehicle,1,Rain,Wet,Dark-Not Lighted
2023-07-27T09:52:00.000,I 85,I 85 and Peachtree Steet Opas,,Angle Crash,2,Cloudy,Dry,Daylight
2024-05-10T08:29:00.000,I 85,I 85 and Peachtree St.,,Rear End,2,Cloudy,Wet,Daylight
2021-02-19T16:45:00.000,I 85,I 85 and Peachtree St Opas,,Rear End,2,Clear,Dry,Daylight
2021-03-05T11:19:00.000,I 85,I 85 and Peachtree St Opas,,Angle Crash,2,Clear,Dry,Daylight
2021-06-15T12:20:00.000,I 85,I 85 and Peachtree St Opas,,Sideswipe-Same Direction,2,Clear,Dry,Daylight
2021-04-08T12:10:00.000,I 85,I 85 and Peachtree St Opas,,Rear End,2,Cloudy,Dry,Daylight
2021-12-02T16:02:00.000,I 85,I 85 and Peachtree St Opas,,Rear End,3,Clear,Dry,Daylight
2021-01-05T15:49:00.000,I 85,I 85 and Peachtree St Opas,,Rear End,2,Clear,Wet,Daylight
2021-09-03T12:50:00.000,I 85,I 85 and Peachtree St Opas,,Rear End,2,Clear,Dry,Daylight
2021-06-09T07:29:00.000,I 85,I 85 and Peachtree St Opas,,Sideswipe-Same Direction,2,Clear,Wet,Daylight
2023-05-18T08:15:00.000,I 85,I 85 and Peachtree St Opas,,Rear End,2,Cloudy,Dry,Daylight
2023-06-15T09:42:00.000,I 85,I 85 and Peachtree St Opas,,Rear End,2,Cloudy,Dry,Daylight
2023-10-02T14:12:00.000,I 85,I 85 and Peachtree St Opas,,Rear End,2,Clear,Dry,Daylight
2023-01-30T09:48:00.000,I 85,I 85 and Peachtree St Opas,,Sideswipe-Same Direction,2,Cloudy,Wet,Daylight
2022-09-27T18:20:00.000,I 85,I 85 and Peachtree St Opas,,Rear End,2,Clear,Dry,Daylight
2023-01-17T19:31:00.000,I 85,I 85 and Peachtree St Opas,,Rear End,3,Cloudy,Wet,Dark-Not Lighted
2020-09-04T15:29:00.000,I 85,I 85 and Peachtree St Opas,,Rear End,2,Cloudy,Dry,Daylight
2020-06-18T14:01:00.000,I 85,I 85 and Peachtree St Opas,,Rear End,2,Clear,Dry,Daylight
2020-03-10T14:31:00.000,I 85,I 85 and Peachtree St Opas,,Rear End,3,Cloudy,Dry,Daylight
2020-01-07T08:01:00.000,I 85,I 85 and Peachtree St Opas,,Sideswipe-Same Direction,2,Clear,Dry,Daylight
2020-03-10T14:31:00.000,I 85,I 85 and Peachtree St Opas,,Rear End,2,Clear,Dry,Daylight
2020-08-06T16:59:00.000,I 85,I 85 and Peachtree St Opas,,Sideswipe-Same Direction,2,Rain,Wet,Daylight
2020-08-26T15:51:00.000,I 85,I 85 and Peachtree St Opas,,Rear End,2,Cloudy,Dry,Daylight
2020-10-16T16:55:00.000,I 85,I 85 and Peachtree St Opas,,Rear End,2,Clear,Dry,Daylight
2020-11-03T10:25:00.000,I 85,I 85 and Peachtree St Opas,,Sideswipe-Same Direction,2,Clear,Dry,Daylight
2020-08-06T18:38:00.000,I 85,I 85 and Peachtree St Opas,,Sideswipe-Same Direction,2,Cloudy,Wet,Daylight
2021-06-04T12:26:00.000,I 85,I 85 and Peachtree St Opas,,Rear End,2,Cloudy,Dry,Daylight
2021-08-31T08:51:00.000,I 85,I 85 and Peachtree St Opas,,Rear End,3,Rain,Wet,Daylight
2021-08-11T17:00:00.000,I 85,I 85 and Peachtree St Opas,,Rear End,2,Cloudy,Wet,Daylight
2021-09-23T09:38:00.000,I 85,I 85 and Peachtree St Opas,,Rear End,2,Clear,Dry,Daylight
2022-04-07T11:04:00.000,I 85,I 85 and Peachtree St Opas,,Rear End,2,Clear,Dry,Daylight
2021-07-09T16:33:00.000,I 85,I 85 and Peachtree St Opas,,Rear End,2,Cloudy,Wet,Daylight
2022-10-13T09:01:00.000,I 85,I 85 and Peachtree St Opas,,Rear End,2,Cloudy,Wet,Daylight
2022-01-21T16:28:00.000,I 85,I 85 and Peachtree St Opas,,Sideswipe-Same Direction,2,Cloudy,Dry,Daylight
2022-06-16T16:47:00.000,I 85,I 85 and Peachtree St Opas,,Rear End,2,Cloudy,Dry,Daylight
2022-01-07T08:35:00.000,I 85,I 85 and Peachtree St Opas,,Not a Collision with Motor Vehicle,1,Clear,Dry,Daylight
2021-09-09T07:00:00.000,I 85,I 85 and Peachtree St Opas,,Sideswipe-Same Direction,2,Cloudy,Wet,Dawn
2022-01-12T15:57:00.000,I 85,I 85 and Peachtree St Opas,,Sideswipe-Same Direction,2,Clear,Dry,Daylight
2022-01-07T09:55:00.000,I 85,I 85 and Peachtree St Opas,,Not a Collision with Motor Vehicle,1,Clear,Dry,Daylight
2022-01-21T19:11:00.000,I 85,I 85 and Peachtree St Opas,,Rear End,2,Cloudy,Dry,Dark-Lighted
2022-10-24T18:02:00.000,I 85,I 85 and Peachtree St Opas,,Rear End,2,Clear,Dry,Daylight
2022-02-07T07:26:00.000,I 85,I 85 and Peachtree St Opas,,Sideswipe-Same Direction,2,Cloudy,Dry,Daylight
2022-01-07T09:46:00.000,I 85,I 85 and Peachtree St Opas,,Not a Collision with Motor Vehicle,1,Clear,Dry,Daylight
2022-01-07T09:06:00.000,I 85,I 85 and Peachtree St Opas,,Not a Collision with Motor Vehicle,1,Clear,Dry,Daylight
2022-09-27T15:05:00.000,I 85,I 85 and Peachtree St Opas,,Rear End,2,Clear,Dry,Daylight
2022-11-10T17:57:00.000,I 85,I 85 and Peachtree St Opas,,Rear End,2,Cloudy,Wet,Daylight
2022-01-21T14:04:00.000,I 85,I 85 and Peachtree St Opas,,Rear End,2,Cloudy,Dry,Daylight
2022-04-21T09:08:00.000,I 85,I 85 and Peachtree St Opas,,Rear End,3,Cloudy,Dry,Daylight
2022-01-07T08:54:00.000,I 85,I 85 and Peachtree St Opas,,Not a Collision with Motor Vehicle,1,Clear,Dry,Daylight
2022-01-07T09:54:00.000,I 85,I 85 and Peachtree St Opas,,Rear End,2,Clear,Dry,Daylight
2022-01-06T18:35:00.000,I 85,I 85 and Peachtree St Opas,,Sideswipe-Same Direction,3,Clear,Dry,Dark-Lighted
2022-01-21T19:11:00.000,I 85,I 85 and Peachtree St Opas,,Rear End,2,Cloudy,Dry,Dark-Lighted
2023-09-19T13:31:00.000,I 85,I 85 and Peachtree St Opas,,Rear End,2,Cloudy,Dry,Daylight
2024-02-23T12:30:00.000,I 85,I 85 and Peachtree St Opas,,Not a Collision with Motor Vehicle,2,Cloudy,Dry,Daylight
2024-10-08T10:10:00.000,I 85,I 85 and Peachtree St Opas,,Rear End,2,Clear,Dry,Daylight
2024-11-08T15:27:00.000,I 85,I 85 and Peachtree St Opas,,Sideswipe-Same Direction,2,Cloudy,Dry,Daylight
2023-01-17T18:41:00.000,I 85,I 85 and Peachtree St Opas,,Rear End,3,Cloudy,Wet,Dark-Not Lighted
2023-09-10T17:31:00.000,I 85,I 85 and Peachtree St Opas,,Rear End,2,Cloudy,Dry,Daylight
2023-08-24T16:28:00.000,I 85,I 85 and Peachtree St Opas,,Rear End,2,Cloudy,Dry,Daylight
2023-03-10T11:39:00.000,I 85,I 85 and Peachtree St Opas,,Rear End,2,Cloudy,Wet,Daylight
2024-12-10T11:59:00.000,I 85,I 85 and Peachtree St Opas,,Rear End,2,Rain,Wet,Daylight
2024-11-12T15:59:00.000,I 85,I 85 and Peachtree St Opas,,Rear End,2,Clear,Dry,Daylight
2024-12-05T15:47:00.000,I 85,I 85 and Peachtree St Opas,,Rear End,2,Clear,Dry,Daylight
2023-07-11T12:00:00.000,I 85,I 85 and Peachtree St Op,,Rear End,2,Clear,Dry,Daylight
2020-10-30T01:43:00.000,I 85,I 85 and Peachtree St Buckhead,,Head On,1,Clear,Dry,Dark-Lighted
2021-04-26T17:00:00.000,I 85,I 85 and Peachtree St,,Rear End,4,Clear,Dry,Daylight
2021-05-21T06:00:00.000,I 85,I 85 and Peachtree St,,Sideswipe-Same Direction,2,Clear,Dry,Daylight