Date and Time,Roadway (From Crash Report),Intersection Name (from Crash Report),KABCO Severity,Manner of Collision (Crash Level) ,# of Vehicles per crash ,Weather Conditions (Crash Level),Surface Condition (Crash Level) ,Light Conditions (Crash Level)
2021-05-27T10:15:00.000,I 85,I 85 and Peachtree St,,Rear End,2,Clear,Dry,Daylight
2021-02-13T19:00:00.000,I 85,I 85 and Peachtree St,,Rear End,2,Cloudy,Dry,Dark-Lighted
2021-04-23T15:16:00.000,I 85,I 85 and Peachtree St,,Sideswipe-Same Direction,2,Clear,Dry,Daylight
2021-03-15T13:45:00.000,I 85,I 85 and Peachtree St,,Rear End,2,Clear,Dry,Daylight
2021-02-25T09:00:00.000,I 85,I 85 and Peachtree St,,Rear End,2,Clear,Dry,Daylight
2021-05-03T17:44:00.000,I 85,I 85 and Peachtree St,,Rear End,2,Rain,Wet,Daylight
2021-03-08T08:30:00.000,I 85,I 85 and Peachtree St,,Rear End,2,Clear,Dry,Daylight
2021-02-01T08:15:00.000,I 85,I 85 and Peachtree St,,Rear End,2,Clear,Dry,Daylight
2021-11-29T14:40:00.000,I 85,I 85 and Peachtree St,,Rear End,2,Clear,Dry,Daylight
2021-11-02T18:11:00.000,I 85,I 85 and Peachtree St,,Rear End,2,Cloudy,Dry,Daylight
2021-12-14T12:30:00.000,I 85,I 85 and Peachtree St,,Rear End,2,Clear,Dry,Daylight
2021-09-20T11:28:00.000,I 85,I 85 and Peachtree St,,Rear End,2,Rain,Wet,Daylight
2021-11-09T19:00:00.000,I 85,I 85 and Peachtree St,,Rear End,3,Clear,Dry,Dark-Lighted
2021-11-09T16:40:00.000,I 85,I 85 and Peachtree St,,Rear End,2,Clear,Dry,Daylight
2021-10-07T11:15:00.000,I 85,I 85 and Peachtree St,,Rear End,2,Cloudy,Wet,Daylight
2021-12-06T08:45:00.000,I 85,I 85 and Peachtree St,,Rear End,2,Clear,Dry,Daylight
2021-07-19T16:53:00.000,I 85,I 85 and Peachtree St,,Rear End,2,Rain,Wet,Daylight
2021-08-03T08:40:00.000,I 85,I 85 and Peachtree St,,Rear End,2,Cloudy,Wet,Daylight
2021-07-06T11:55:00.000,I 85,I 85 and Peachtree St,,Sideswipe-Same Direction,2,Clear,Dry,Daylight
2021-12-20T09:45:00.000,I 85,I 85 and Peachtree St,,Rear End,2,Clear,Dry,Daylight
2021-10-27T12:20:00.000,I 85,I 85 and Peachtree St,,Rear End,3,Clear,Dry,Daylight
2021-01-29T12:35:00.000,I 85,I 85 and Peachtree St,,Sideswipe-Same Direction,2,Clear,Dry,Daylight
2021-04-20T16:10:00.000,I 85,I 85 and Peachtree St,,Rear End,2,Clear,Dry,Daylight
2021-05-14T18:35:00.000,I 85,I 85 and Peachtree St,,Rear End,2,Clear,Dry,Daylight
2021-05-24T11:45:00.000,I 85,I 85 and Peachtree St,,Rear End,3,Clear,Dry,Daylight
2021-05-10T09:50:00.000,I 85,I 85 and Peachtree St,,Rear End,3,Cloudy,Wet,Daylight
2021-02-06T03:48:00.000,I 85,I 85 and Peachtree St,,Rear End,2,Clear,Dry,Dark-Lighted
2021-03-01T07:00:00.000,I 85,I 85 and Peachtree St,,Not a Collision with Motor Vehicle,1,Rain,Wet,Daylight
2021-04-14T12:50:00.000,I 85,I 85 and Peachtree St,,Rear End,2,Clear,Dry,Daylight
2021-03-16T16:38:00.000,I 85,I 85 and Peachtree St,,Rear End,2,Rain,Wet,Daylight
2021-01-01T17:00:00.000,I 85,I 85 and Peachtree St,,Sideswipe-Same Direction,2,Rain,Wet,Daylight
2021-01-19T09:30:00.000,I 85,I 85 and Peachtree St,,Sideswipe-Same Direction,2,Clear,Dry,Daylight
2021-01-14T17:00:00.000,I 85,I 85 and Peachtree St,,Rear End,3,Clear,Dry,Daylight
2021-02-01T02:59:00.000,I 85,I 85 and Peachtree St,,Angle Crash,2,Cloudy,Wet,Dark-Lighted
2021-03-05T17:06:00.000,I 85,I 85 and Peachtree St,,Sideswipe-Same Direction,2,Cloudy,Dry,Daylight
2021-03-22T17:00:00.000,I 85,I 85 and Peachtree St,,Sideswipe-Same Direction,2,Clear,Dry,Daylight
2021-02-18T12:20:00.000,I 85,I 85 and Peachtree St,,Sideswipe-Same Direction,2,Rain,Wet,Daylight
2021-03-16T14:50:00.000,I 85,I 85 and Peachtree St,,Rear End,3,Cloudy,Wet,Daylight
2021-03-09T12:00:00.000,I 85,I 85 and Peachtree St,,Rear End,2,Clear,Dry,Daylight
2021-04-16T15:15:00.000,I 85,I 85 and Peachtree St,,Sideswipe-Same Direction,2,Clear,Dry,Daylight
2021-02-09T16:30:00.000,I 85,I 85 and Peachtree St,,Rear End,3,Clear,Dry,Daylight
2021-03-18T08:30:00.000,I 85,I 85 and Peachtree St,,Rear End,3,Rain,Wet,Daylight
2021-07-08T09:00:00.000,I 85,I 85 and Peachtree St,,Sideswipe-Same Direction,3,Clear,Dry,Daylight
2021-09-20T10:05:00.000,I 85,I 85 and Peachtree St,,Rear End,2,Rain,Wet,Daylight
2021-10-22T06:25:00.000,I 85,I 85 and Peachtree St,,Rear End,2,Cloudy,Wet,Dark-Lighted
2021-12-21T12:00:00.000,I 85,I 85 and Peachtree St,,Rear End,3,Rain,Wet,Daylight
2021-10-22T18:25:00.000,I 85,I 85 and Peachtree St,,Rear End,2,Clear,Dry,Daylight
2021-09-30T07:20:00.000,I 85,I 85 and Peachtree St,,Rear End,2,Clear,Dry,Daylight
2021-07-12T16:30:00.000,I 85,I 85 and Peachtree St,,Rear End,2,Clear,Dry,Daylight
2021-11-15T17:20:00.000,I 85,I 85 and Peachtree St,,Sideswipe-Same Direction,2,Clear,Dry,Daylight
2021-12-13T14:45:00.000,I 85,I 85 and Peachtree St,,Sideswipe-Same Direction,2,Clear,Dry,Daylight
2021-12-09T16:30:00.000,I 85,I 85 and Peachtree St,,Sideswipe-Same Direction,2,Clear,Dry,Daylight
2021-10-05T18:25:00.000,I 85,I 85 and Peachtree St,,Rear End,2,Cloudy,Wet,Daylight
2021-08-31T06:45:00.000,I 85,I 85 and Peachtree St,,Sideswipe-Same Direction,3,Clear,Dry,Dark-Lighted
2021-12-27T15:14:00.000,I 85,I 85 and Peachtree St,,Rear End,5,Clear,Dry,Daylight
2021-09-16T17:10:00.000,I 85,I 85 and Peachtree St,,Rear End,2,Clear,Dry,Daylight
2021-07-28T18:45:00.000,I 85,I 85 and Peachtree St,,Rear End,2,Clear,Dry,Daylight
2021-12-09T11:50:00.000,I 85,I 85 and Peachtree St,,Sideswipe-Same Direction,2,Cloudy,Dry,Daylight
2021-10-22T09:10:00.000,I 85,I 85 and Peachtree St,,Rear End,2,Clear,Dry,Daylight
2021-11-24T19:30:00.000,I 85,I 85 and Peachtree St,,Sideswipe-Same Direction,2,Clear,Dry,Dark-Lighted
2021-09-07T15:30:00.000,I 85,I 85 and Peachtree St,,Rear End,2,Cloudy,Dry,Daylight
2021-12-02T09:01:00.000,I 85,I 85 and Peachtree St,,Rear End,3,Clear,Dry,Daylight
2021-12-20T17:40:00.000,I 85,I 85 and Peachtree St,,Rear End,3,Cloudy,Dry,Dark-Lighted
2021-11-01T19:35:00.000,I 85,I 85 and Peachtree St,,Rear End,2,Clear,Dry,Dark-Lighted
2021-11-09T19:30:00.000,I 85,I 85 and Peachtree St,,Rear End,2,Clear,Dry,Dark-Lighted
2021-04-27T08:15:00.000,I 85,I 85 and Peachtree St,,Sideswipe-Same Direction,2,Clear,Dry,Daylight
2021-03-18T17:24:00.000,I 85,I 85 and Peachtree St,,Not a Collision with Motor Vehicle,1,Clear,Dry,Daylight
2021-02-15T17:30:00.000,I 85,I 85 and Peachtree St,,Sideswipe-Same Direction,2,Clear,Wet,Daylight
2021-04-13T09:10:00.000,I 85,I 85 and Peachtree St,,Sideswipe-Same Direction,2,Clear,Dry,Daylight
2021-01-29T18:15:00.000,I 85,I 85 and Peachtree St,,Rear End,2,Clear,Dry,Dusk
2021-02-26T15:17:00.000,I 85,I 85 and Peachtree St,,Rear End,3,Cloudy,Wet,Daylight
2021-01-22T09:45:00.000,I 85,I 85 and Peachtree St,,Sideswipe-Same Direction,3,Cloudy,Wet,Daylight
2021-01-06T17:36:00.000,I 85,I 85 and Peachtree St,,Rear End,3,Cloudy,Dry,Dark-Lighted
2021-04-26T14:00:00.000,I 85,I 85 and Peachtree St,,Rear End,3,Clear,Dry,Daylight
2021-05-07T12:05:00.000,I 85,I 85 and Peachtree St,,Rear End,2,Clear,Dry,Daylight
2021-02-03T17:05:00.000,I 85,I 85 and Peachtree St,,Angle Crash,2,Clear,Dry,Daylight
2021-10-19T07:44:00.000,I 85,I 85 and Peachtree St,,Rear End,2,Clear,Dry,Daylight
2021-11-11T15:15:00.000,I 85,I 85 and Peachtree St,,Sideswipe-Same Direction,2,Clear,Dry,Daylight
2021-11-29T19:20:00.000,I 85,I 85 and Peachtree St,,Sideswipe-Same Direction,2,Clear,Dry,Dark-Lighted
2021-07-12T13:00:00.000,I 85,I 85 and Peachtree St,,Rear End,2,Cloudy,Dry,Daylight
2021-07-15T16:40:00.000,I 85,I 85 and Peachtree St,,Angle Crash,3,Clear,Dry,Daylight
2021-11-08T18:25:00.000,I 85,I 85 and Peachtree St,,Sideswipe-Same Direction,2,Clear,Dry,Dark-Lighted
2021-11-09T06:45:00.000,I 85,I 85 and Peachtree St,,Rear End,2,Clear,Dry,Dark-Lighted
2021-07-19T18:15:00.000,I 85,I 85 and Peachtree St,,Rear End,4,Cloudy,Wet,Daylight
2021-12-21T18:20:00.000,I 85,I 85 and Peachtree St,,Sideswipe-Same Direction,2,Clear,Dry,Dark-Lighted
2021-09-16T17:40:00.000,I 85,I 85 and Peachtree St,,Rear End,2,Cloudy,Wet,Daylight
2021-09-13T08:50:00.000,I 85,I 85 and Peachtree St,,Sideswipe-Same Direction,2,Clear,Dry,Daylight
2021-09-23T17:00:00.000,I 85,I 85 and Peachtree St,,Rear End,3,Clear,Dry,Daylight
2021-08-31T08:06:00.000,I 85,I 85 and Peachtree St,,Sideswipe-Same Direction,2,Clear,Dry,Daylight
2021-11-11T19:15:00.000,I 85,I 85 and Peachtree St,,Rear End,2,Rain,Wet,Dark-Lighted
2021-06-17T12:00:00.000,I 85,I 85 and Peachtree St,,Rear End,2,Clear,Dry,Daylight
2021-06-28T15:15:00.000,I 85,I 85 and Peachtree St,,Sideswipe-Same Direction,2,Clear,Dry,Daylight
2021-02-10T13:30:00.000,I 85,I 85 and Peachtree St,,Rear End,3,Clear,Dry,Daylight
2021-03-04T18:20:00.000,I 85,I 85 and Peachtree St,,Rear End,3,Clear,Dry,Daylight
2021-05-28T09:45:00.000,I 85,I 85 and Peachtree St,,Sideswipe-Same Direction,2,Clear,Dry,Daylight
2020-01-30T18:25:00.000,I 85,I 85 and Peachtree St,,Rear End,2,Clear,Dry,Dark-Lighted
2020-06-11T14:30:00.000,I 85,I 85 and Peachtree St,,Sideswipe-Same Direction,2,Clear,Dry,Daylight
2020-01-16T16:30:00.000,I 85,I 85 and Peachtree St,,Rear End,3,Clear,Dry,Daylight
2020-02-20T16:40:00.000,I 85,I 85 and Peachtree St,,Rear End,2,Rain,Wet,Daylight
2020-08-07T17:00:00.000,I 85,I 85 and Peachtree St,,Rear End,2,Clear,Dry,Daylight
2020-08-20T18:55:00.000,I 85,I 85 and Peachtree St,,Rear End,2,Rain,Wet,Daylight
2020-11-21T16:49:00.000,I 85,I 85 and Peachtree St,,Angle Crash,2,Clear,Dry,Dark-Not Lighted
2020-10-22T18:23:00.000,I 85,I 85 and Peachtree St,,Rear End,3,Clear,Dry,Daylight
2020-02-18T08:20:00.000,I 85,I 85 and Peachtree St,,Angle Crash,2,Rain,Wet,Daylight
2020-03-11T19:51:00.000,I 85,I 85 and Peachtree St,,Rear End,3,Cloudy,Dry,Dark-Lighted
2020-11-17T18:00:00.000,I 85,I 85 and Peachtree St,,Rear End,2,Clear,Dry,Dark-Lighted
2020-01-30T17:30:00.000,I 85,I 85 and Peachtree St,,Rear End,2,Clear,Dry,Daylight
2023-12-26T16:00:00.000,I 85,I 85 and Peachtree St,,Rear End,2,Rain,Wet,Daylight
2023-08-17T13:35:00.000,I 85,I 85 and Peachtree St,,Rear End,2,Clear,Dry,Daylight
2023-09-18T16:49:00.000,I 85,I 85 and Peachtree St,,Rear End,3,Clear,Dry,Daylight
2023-06-28T13:51:00.000,I 85,I 85 and Peachtree St,,Rear End,2,Clear,Dry,Daylight
2023-08-04T09:30:00.000,I 85,I 85 and Peachtree St,,Rear End,2,Cloudy,Dry,Daylight
2023-01-27T13:05:00.000,I 85,I 85 and Peachtree St,,Rear End,2,Clear,Dry,Daylight
2023-10-02T09:45:00.000,I 85,I 85 and Peachtree St,,Rear End,2,Clear,Dry,Daylight
2023-08-29T09:40:00.000,I 85,I 85 and Peachtree St,,Rear End,2,Clear,Dry,Daylight
2023-09-15T11:50:00.000,I 85,I 85 and Peachtree St,,Rear End,3,Clear,Wet,Daylight
2023-09-05T10:30:00.000,I 85,I 85 and Peachtree St,,Rear End,2,Clear,Dry,Daylight
2023-02-27T08:40:00.000,I 85,I 85 and Peachtree St,,Rear End,2,Cloudy,Dry,Daylight
2023-08-10T14:50:00.000,I 85,I 85 and Peachtree St,,Rear End,2,Clear,Dry,Daylight
2023-10-05T18:40:00.000,I 85,I 85 and Peachtree St,,Rear End,4,Clear,Dry,Dark-Lighted
2023-11-13T18:00:00.000,I 85,I 85 and Peachtree St,,Rear End,3,Clear,Dry,Dark-Lighted
2023-01-30T11:20:00.000,I 85,I 85 and Peachtree St,,Rear End,2,Cloudy,Dry,Daylight
2023-03-17T00:45:00.000,I 85,I 85 and Peachtree St,,Not a Collision with Motor Vehicle,1,Clear,Dry,Dark-Lighted
2023-01-02T17:45:00.000,I 85,I 85 and Peachtree St,,Rear End,2,Rain,Wet,Dark-Lighted
2023-12-14T14:55:00.000,I 85,I 85 and Peachtree St,,Sideswipe-Same Direction,2,Clear,Dry,Daylight
2023-10-16T07:40:00.000,I 85,I 85 and Peachtree St,,Rear End,2,Clear,Dry,Daylight
2023-05-19T11:10:00.000,I 85,I 85 and Peachtree St,,Rear End,2,Clear,Dry,Daylight
2023-02-09T09:55:00.000,I 85,I 85 and Peachtree St,,Rear End,2,Cloudy,Dry,Daylight
2023-07-06T09:00:00.000,I 85,I 85 and Peachtree St,,Sideswipe-Same Direction,2,Clear,Dry,Daylight
2023-07-11T13:20:00.000,I 85,I 85 and Peachtree St,,Sideswipe-Same Direction,2,Clear,Dry,Daylight
2023-12-01T08:48:00.000,I 85,I 85 and Peachtree St,,Rear End,2,Rain,Wet,Daylight
2023-04-18T16:05:00.000,I 85,I 85 and Peachtree St,,Rear End,2,Clear,Dry,Daylight
2023-02-24T11:20:00.000,I 85,I 85 and Peachtree St,,Sideswipe-Same Direction,2,Clear,Dry,Daylight
2023-11-03T08:30:00.000,I 85,I 85 and Peachtree St,,Sideswipe-Same Direction,2,Clear,Dry,Daylight
2023-01-17T08:20:00.000,I 85,I 85 and Peachtree St,,Sideswipe-Same Direction,2,Rain,Wet,Daylight
2023-07-10T07:18:00.000,I 85,I 85 and Peachtree St,,Rear End,2,Rain,Wet,Daylight
2023-01-03T17:50:00.000,I 85,I 85 and Peachtree St,,Sideswipe-Same Direction,2,Rain,Wet,Dark-Lighted
2023-08-28T16:10:00.000,I 85,I 85 and Peachtree St,,Rear End,2,Clear,Dry,Daylight
2023-02-27T12:30:00.000,I 85,I 85 and Peachtree St,,Rear End,2,Cloudy,Wet,Daylight
2023-02-14T18:00:00.000,I 85,I 85 and Peachtree St,,Rear End,2,Clear,Dry,Daylight
2023-12-05T07:05:00.000,I 85,I 85 and Peachtree St,,Rear End,2,Clear,Dry,Daylight
2023-02-24T19:50:00.000,I 85,I 85 and Peachtree St,,Not a Collision with Motor Vehicle,1,Rain,Wet,Dark-Lighted
2023-02-14T14:35:00.000,I 85,I 85 and Peachtree St,,Rear End,2,Clear,Dry,Daylight
2023-09-07T15:31:00.000,I 85,I 85 and Peachtree St,,Rear End,2,Clear,Dry,Daylight
2023-08-10T12:45:00.000,I 85,I 85 and Peachtree St,,Rear End,2,Cloudy,Dry,Daylight
2023-09-12T16:45:00.000,I 85,I 85 and Peachtree St,,Rear End,2,Clear,Dry,Daylight
2023-02-24T19:53:00.000,I 85,I 85 and Peachtree St,,Rear End,2,Rain,Wet,Dark-Not Lighted
2023-09-09T22:40:00.000,I 85,I 85 and Peachtree St,,Rear End,2,Clear,Dry,Daylight
2023-05-24T19:25:00.000,I 85,I 85 and Peachtree St,,Rear End,2,Clear,Dry,Daylight
2023-10-30T17:20:00.000,I 85,I 85 and Peachtree St,,Sideswipe-Same Direction,2,Clear,Dry,Daylight
2023-02-13T15:50:00.000,I 85,I 85 and Peachtree St,,Sideswipe-Same Direction,2,Clear,Dry,Daylight
2023-06-12T06:47:00.000,I 85,I 85 and Peachtree St,,Rear End,2,Clear,Dry,Daylight
2023-01-30T11:00:00.000,I 85,I 85 and Peachtree St,,Rear End,2,Cloudy,Dry,Daylight
2023-01-19T17:20:00.000,I 85,I 85 and Peachtree St,,Sideswipe-Same Direction,2,Clear,Dry,Daylight
2023-12-29T11:45:00.000,I 85,I 85 and Peachtree St,,Rear End,2,Clear,Dry,Daylight
2023-02-21T16:20:00.000,I 85,I 85 and Peachtree St,,Rear End,2,Cloudy,Dry,Daylight
2023-06-28T14:30:00.000,I 85,I 85 and Peachtree St,,Rear End,2,Clear,Dry,Daylight
2023-09-21T11:00:00.000,I 85,I 85 and Peachtree St,,Rear End,2,Clear,Dry,Daylight
2023-02-24T11:25:00.000,I 85,I 85 and Peachtree St,,Rear End,2,Clear,Dry,Daylight
2022-03-08T14:20:00.000,I 85,I 85 and Peachtree St,,Rear End,3,Cloudy,Dry,Daylight
2022-11-29T11:00:00.000,I 85,I 85 and Peachtree St,,Rear End,2,Clear,Dry,Daylight
2022-12-06T19:35:00.000,I 85,I 85 and Peachtree St,,Rear End,3,Cloudy,Wet,Dark-Lighted
2022-08-22T09:00:00.000,I 85,I 85 and Peachtree St,,Sideswipe-Same Direction,2,Cloudy,Dry,Daylight
2022-02-22T10:00:00.000,I 85,I 85 and Peachtree St,,Rear End,2,Cloudy,Wet,Daylight
2022-02-22T17:20:00.000,I 85,I 85 and Peachtree St,,Rear End,2,Clear,Dry,Daylight
2020-02-01T03:39:00.000,I 85,I 85 and Peachtree St,,Head On,2,Clear,Dry,Dark-Lighted
2020-09-10T16:05:00.000,I 85,I 85 and Peachtree St,,Rear End,2,Clear,Dry,Daylight
2020-11-03T18:00:00.000,I 85,I 85 and Peachtree St,,Rear End,2,Clear,Dry,Dark-Lighted
2020-10-28T07:25:00.000,I 85,I 85 and Peachtree St,,Rear End,2,Rain,Wet,Dark-Not Lighted
2020-02-14T10:55:00.000,I 85,I 85 and Peachtree St,,Sideswipe-Same Direction,2,Clear,Dry,Daylight
2020-01-02T12:38:00.000,I 85,I 85 and Peachtree St,,Rear End,2,Rain,Wet,Daylight
2020-12-23T18:10:00.000,I 85,I 85 and Peachtree St,,Rear End,2,Cloudy,Dry,Dark-Lighted
2020-11-30T08:30:00.000,I 85,I 85 and Peachtree St,,Sideswipe-Same Direction,2,Cloudy,Wet,Daylight
2020-07-24T19:54:00.000,I 85,I 85 and Peachtree St,,Angle Crash,2,Clear,Dry,Daylight
2020-01-04T18:40:00.000,I 85,I 85 and Peachtree St,,Rear End,2,Clear,Dry,Dark-Lighted
2020-02-05T07:01:00.000,I 85,I 85 and Peachtree St,,Sideswipe-Same Direction,2,Cloudy,Dry,Dark-Lighted
2020-12-07T18:21:00.000,I 85,I 85 and Peachtree St,,Sideswipe-Same Direction,2,Clear,Dry,Dark-Lighted
2020-11-21T19:21:00.000,I 85,I 85 and Peachtree St,,Rear End,2,Clear,Dry,Dark-Lighted
2020-01-03T17:43:00.000,I 85,I 85 and Peachtree St,,Rear End,3,Rain,Wet,Dark-Lighted
2020-12-31T14:45:00.000,I 85,I 85 and Peachtree St,,Rear End,2,Cloudy,Dry,Daylight
2020-06-05T15:00:00.000,I 85,I 85 and Peachtree St,,Rear End,2,Cloudy,Dry,Daylight
2020-02-25T09:20:00.000,I 85,I 85 and Peachtree St,,Rear End,2,Cloudy,Wet,Daylight
2020-11-30T14:45:00.000,I 85,I 85 and Peachtree St,,Rear End,2,Rain,Wet,Daylight
2020-10-22T15:35:00.000,I 85,I 85 and Peachtree St,,Rear End,2,Clear,Dry,Daylight
2020-02-04T18:00:00.000,I 85,I 85 and Peachtree St,,Rear End,2,Rain,Wet,Daylight
2020-01-30T08:52:00.000,I 85,I 85 and Peachtree St,,Rear End,3,Clear,Dry,Daylight
2020-10-01T07:50:00.000,I 85,I 85 and Peachtree St,,Sideswipe-Same Direction,2,Clear,Dry,Daylight
2020-10-28T09:43:00.000,I 85,I 85 and Peachtree St,,Sideswipe-Same Direction,2,Rain,Wet,Daylight
2020-01-30T12:20:00.000,I 85,I 85 and Peachtree St,,Rear End,2,Clear,Dry,Daylight
2020-01-15T04:55:00.000,I 85,I 85 and Peachtree St,,Head On,1,Clear,Dry,Dark-Lighted
2020-02-26T07:10:00.000,I 85,I 85 and Peachtree St,,Rear End,2,Clear,Dry,Daylight
2020-12-11T12:25:00.000,I 85,I 85 and Peachtree St,,Sideswipe-Same Direction,2,Clear,Dry,Daylight
2020-06-05T15:25:00.000,I 85,I 85 and Peachtree St,,Rear End,2,Cloudy,Dry,Daylight
2020-01-27T14:10:00.000,I 85,I 85 and Peachtree St,,Rear End,2,Cloudy,Dry,Daylight
2020-02-24T13:30:00.000,I 85,I 85 and Peachtree St,,Rear End,2,Rain,Wet,Daylight
2020-06-05T14:10:00.000,I 85,I 85 and Peachtree St,,Sideswipe-Same Direction,2,Rain,Wet,Daylight
2020-10-23T16:45:00.000,I 85,I 85 and Peachtree St,,Sideswipe-Same Direction,2,Clear,Dry,Daylight
2020-11-19T18:15:00.000,I 85,I 85 and Peachtree St,,Rear End,2,Clear,Dry,Dark-Lighted
2020-10-17T21:45:00.000,I 85,I 85 and Peachtree St,,Rear End,2,Clear,Dry,Dark-Lighted
2020-11-19T18:25:00.000,I 85,I 85 and Peachtree St,,Rear End,2,Clear,Dry,Dark-Lighted
2020-03-10T08:50:00.000,I 85,I 85 and Peachtree St,,Rear End,2,Rain,Wet,Daylight
2020-09-10T15:00:00.000,I 85,I 85 and Peachtree St,,Rear End,3,Cloudy,Dry,Daylight
2020-03-10T08:50:00.000,I 85,I 85 and Peachtree St,,Rear End,3,Rain,Wet,Daylight
2020-02-12T06:45:00.000,I 85,I 85 and Peachtree St,,Rear End,3,Clear,Dry,Dark-Lighted
2020-08-24T15:00:00.000,I 85,I 85 and Peachtree St,,Rear End,2,Clear,Dry,Daylight
2020-01-04T18:49:00.000,I 85,I 85 and Peachtree St,,Rear End,3,Clear,Dry,Dusk
2020-01-14T07:09:00.000,I 85,I 85 and Peachtree St,,Rear End,2,Cloudy,Wet,Daylight
2020-02-19T06:55:00.000,I 85,I 85 and Peachtree St,,Rear End,2,Rain,Wet,Daylight
2020-01-16T15:55:00.000,I 85,I 85 and Peachtree St,,Rear End,2,Clear,Dry,Daylight
2020-03-05T19:20:00.000,I 85,I 85 and Peachtree St,,Rear End,2,Cloudy,Wet,Dark-Lighted
2020-06-23T18:38:00.000,I 85,I 85 and Peachtree St,,Rear End,2,Clear,Dry,Daylight
2020-03-02T12:35:00.000,I 85,I 85 and Peachtree St,,Sideswipe-Same Direction,1,Rain,Wet,Daylight
2020-12-14T10:10:00.000,I 85,I 85 and Peachtree St,,Not a Collision with Motor Vehicle,1,Clear,Wet,Daylight
2020-11-03T16:50:00.000,I 85,I 85 and Peachtree St,,Rear End,2,Clear,Dry,Daylight
2020-01-18T18:11:00.000,I 85,I 85 and Peachtree St,,Rear End,3,Clear,Dry,Dark-Lighted
2020-02-20T14:55:00.000,I 85,I 85 and Peachtree St,,Sideswipe-Same Direction,2,Rain,Wet,Daylight
2020-02-10T13:45:00.000,I 85,I 85 and Peachtree St,,Rear End,2,Rain,Wet,Daylight
2020-10-28T15:10:00.000,I 85,I 85 and Peachtree St,,Rear End,2,Cloudy,Wet,Daylight
2020-01-24T10:20:00.000,I 85,I 85 and Peachtree St,,Rear End,2,Rain,Wet,Daylight
2020-10-25T02:20:00.000,I 85,I 85 and Peachtree St,,Sideswipe-Same Direction,2,Rain,Wet,Dark-Lighted
2020-10-02T16:10:00.000,I 85,I 85 and Peachtree St,,Sideswipe-Same Direction,2,Clear,Dry,Daylight
2020-05-27T15:20:00.000,I 85,I 85 and Peachtree St,,Rear End,2,Rain,Wet,Daylight
2020-12-29T15:25:00.000,I 85,I 85 and Peachtree St,,Rear End,2,Clear,Dry,Daylight
2020-12-23T19:45:00.000,I 85,I 85 and Peachtree St,,Rear End,3,Cloudy,Dry,Dark-Lighted
2020-12-05T15:23:00.000,I 85,I 85 and Peachtree St,,Rear End,3,Clear,Dry,Daylight
2020-08-21T06:30:00.000,I 85,I 85 and Peachtree St,,Rear End,2,Rain,Wet,Dark-Not Lighted
2020-02-13T07:30:00.000,I 85,I 85 and Peachtree St,,Rear End,2,Rain,Wet,Daylight
2020-10-21T14:44:00.000,I 85,I 85 and Peachtree St,,Rear End,2,Clear,Dry,Daylight
2020-04-20T08:55:00.000,I 85,I 85 and Peachtree St,,Sideswipe-Same Direction,2,Cloudy,Wet,Daylight
2020-11-12T08:00:00.000,I 85,I 85 and Peachtree St,,Rear End,2,Cloudy,Wet,Daylight
2020-07-22T11:45:00.000,I 85,I 85 and Peachtree St,,Sideswipe-Same Direction,2,Clear,Dry,Daylight
2020-07-28T14:10:00.000,I 85,I 85 and Peachtree St,,Rear End,2,Rain,Wet,Daylight
2020-03-20T17:55:00.000,I 85,I 85 and Peachtree St,,Rear End,2,Clear,Dry,Daylight
2020-02-24T17:00:00.000,I 85,I 85 and Peachtree St,,Rear End,2,Rain,Wet,Daylight
2020-06-05T14:00:00.000,I 85,I 85 and Peachtree St,,Rear End,3,Clear,Wet,Daylight
2020-02-06T15:20:00.000,I 85,I 85 and Peachtree St,,Rear End,2,Rain,Wet,Daylight
2020-07-29T17:35:00.000,I 85,I 85 and Peachtree St,,Rear End,2,Clear,Dry,Daylight
2020-10-29T00:45:00.000,I 85,I 85 and Peachtree St,,Angle Crash,2,Rain,Wet,Dark-Lighted
2020-06-10T18:35:00.000,I 85,I 85 and Peachtree St,,Rear End,6,Rain,Wet,Daylight
2020-12-09T15:00:00.000,I 85,I 85 and Peachtree St,,Sideswipe-Same Direction,2,Clear,Dry,Daylight
2020-01-27T09:15:00.000,I 85,I 85 and Peachtree St,,Sideswipe-Same Direction,2,Cloudy,Dry,Daylight
2020-09-23T18:00:00.000,I 85,I 85 and Peachtree St,,Rear End,2,Cloudy,Dry,Daylight
2020-08-18T16:27:00.000,I 85,I 85 and Peachtree St,,Rear End,3,Clear,Dry,Daylight
2020-09-29T04:41:00.000,I 85,I 85 and Peachtree St,,Sideswipe-Same Direction,2,Rain,Wet,Dark-Lighted
2020-07-13T12:30:00.000,I 85,I 85 and Peachtree St,,Rear End,2,Clear,Dry,Daylight
2020-08-20T18:30:00.000,I 85,I 85 and Peachtree St,,Sideswipe-Same Direction,2,Rain,Wet,Daylight
2020-02-11T15:00:00.000,I 85,I 85 and Peachtree St,,Rear End,2,Clear,Dry,Daylight