Date and Time,Roadway (From Crash Report),Intersection Name (from Crash Report),KABCO Severity,Manner of Collision (Crash Level) ,# of Vehicles per crash ,Weather Conditions (Crash Level),Surface Condition (Crash Level) ,Light Conditions (Crash Level)
2020-06-01T16:28:00.000,I 85,I 85 and Peachtree St,,Angle Crash,2,Clear,Dry,Daylight
2020-06-19T14:38:00.000,I 85,I 85 and Peachtree St,,Rear End,3,Clear,Dry,Daylight
2020-10-21T15:14:00.000,I 85,I 85 and Peachtree St,,Rear End,2,Clear,Dry,Daylight
2020-11-23T15:35:00.000,I 85,I 85 and Peachtree St,,Rear End,4,Clear,Dry,Daylight
2020-12-05T15:30:00.000,I 85,I 85 and Peachtree St,,Rear End,3,Clear,Dry,Daylight
2020-07-22T10:40:00.000,I 85,I 85 and Peachtree St,,Rear End,2,Clear,Dry,Daylight
2020-12-05T19:15:00.000,I 85,I 85 and Peachtree St,,Rear End,2,Clear,Dry,Dark-Lighted
2020-09-12T09:18:00.000,I 85,I 85 and Peachtree St,,Rear End,2,Cloudy,Dry,Daylight
2020-07-22T09:00:00.000,I 85,I 85 and Peachtree St,,Sideswipe-Same Direction,2,Clear,Dry,Daylight
2020-01-07T15:00:00.000,I 85,I 85 and Peachtree St,,Rear End,2,Clear,Dry,Daylight
2020-02-01T15:58:00.000,I 85,I 85 and Peachtree St,,Rear End,2,Cloudy,Dry,Daylight
2020-02-18T19:50:00.000,I 85,I 85 and Peachtree St,,Rear End,2,Clear,Dry,Dark-Lighted
2020-04-07T17:35:00.000,I 85,I 85 and Peachtree St,,Sideswipe-Same Direction,2,Cloudy,Dry,Daylight
2020-10-26T17:30:00.000,I 85,I 85 and Peachtree St,,Rear End,4,Cloudy,Dry,Daylight
2020-03-05T19:40:00.000,I 85,I 85 and Peachtree St,,Rear End,2,Cloudy,Wet,Dark-Lighted
2020-08-20T06:30:00.000,I 85,I 85 and Peachtree St,,Rear End,2,Cloudy,Wet,Dark-Lighted
2020-01-16T16:30:00.000,I 85,I 85 and Peachtree St,,Rear End,3,Clear,Dry,Daylight
2020-02-06T09:23:00.000,I 85,I 85 and Peachtree St,,Rear End,2,Rain,Wet,Daylight
2020-01-07T16:38:00.000,I 85,I 85 and Peachtree St,,Sideswipe-Same Direction,2,Clear,Dry,Daylight
2020-11-12T18:20:00.000,I 85,I 85 and Peachtree St,,Rear End,3,Clear,Dry,Dark-Lighted
2020-03-11T12:00:00.000,I 85,I 85 and Peachtree St,,Rear End,3,Clear,Dry,Daylight
2020-03-02T18:50:00.000,I 85,I 85 and Peachtree St,,Rear End,2,Rain,Wet,Daylight
2020-08-06T10:20:00.000,I 85,I 85 and Peachtree St,,Rear End,2,Clear,Dry,Daylight
2020-12-03T07:46:00.000,I 85,I 85 and Peachtree St,,Rear End,2,Clear,Dry,Daylight
2020-02-24T18:30:00.000,I 85,I 85 and Peachtree St,,Rear End,2,Rain,Wet,Dark-Lighted
2020-05-01T16:28:00.000,I 85,I 85 and Peachtree St,,Sideswipe-Same Direction,2,Clear,Dry,Daylight
2020-09-29T14:50:00.000,I 85,I 85 and Peachtree St,,Sideswipe-Same Direction,2,Rain,Wet,Daylight
2020-11-19T08:52:00.000,I 85,I 85 and Peachtree St,,Rear End,2,Clear,Dry,Daylight
2020-01-22T06:45:00.000,I 85,I 85 and Peachtree St,,Rear End,2,Clear,Dry,Dark-Not Lighted
2020-02-06T11:58:00.000,I 85,I 85 and Peachtree St,,Rear End,2,Rain,Wet,Daylight
2020-12-12T18:11:00.000,I 85,I 85 and Peachtree St,,Rear End,3,Rain,Wet,Dark-Lighted
2020-07-03T10:45:00.000,I 85,I 85 and Peachtree St,,Rear End,2,Clear,Dry,Daylight
2020-07-08T15:54:00.000,I 85,I 85 and Peachtree St,,Rear End,3,Cloudy,Dry,Daylight
2020-07-12T20:30:00.000,I 85,I 85 and Peachtree St,,Angle Crash,2,Clear,Dry,Daylight
2020-11-30T14:25:00.000,I 85,I 85 and Peachtree St,,Rear End,2,Rain,Wet,Daylight
2020-12-31T16:40:00.000,I 85,I 85 and Peachtree St,,Rear End,2,Rain,Wet,Daylight
2020-10-25T17:29:00.000,I 85,I 85 and Peachtree St,,Rear End,2,Clear,Dry,Daylight
2020-01-21T09:49:00.000,I 85,I 85 and Peachtree St,,Rear End,4,Clear,Dry,Daylight
2020-01-07T18:00:00.000,I 85,I 85 and Peachtree St,,Rear End,2,Clear,Dry,Dark-Lighted
2020-02-24T17:30:00.000,I 85,I 85 and Peachtree St,,Rear End,2,Rain,Wet,Daylight
2020-01-08T11:12:00.000,I 85,I 85 and Peachtree St,,Sideswipe-Same Direction,2,Clear,Dry,Daylight
2020-02-05T06:57:00.000,I 85,I 85 and Peachtree St,,Sideswipe-Same Direction,2,Cloudy,Dry,Dark-Lighted
2020-10-09T19:15:00.000,I 85,I 85 and Peachtree St,,Rear End,2,Rain,Wet,Daylight
2020-07-17T15:05:00.000,I 85,I 85 and Peachtree St,,Rear End,2,Clear,Dry,Daylight
2020-01-11T13:35:00.000,I 85,I 85 and Peachtree St,,Rear End,3,Rain,Wet,Daylight
2020-11-09T19:00:00.000,I 85,I 85 and Peachtree St,,Rear End,2,Clear,Dry,Dark-Not Lighted
2020-08-21T00:03:00.000,I 85,I 85 and Peachtree St,,Rear End,2,Cloudy,Dry,Dark-Lighted
2020-02-19T06:57:00.000,I 85,I 85 and Peachtree St,,Rear End,2,Cloudy,Dry,Dark-Lighted
2020-02-11T18:05:00.000,I 85,I 85 and Peachtree St,,Rear End,2,Rain,Wet,Daylight
2020-11-19T18:25:00.000,I 85,I 85 and Peachtree St,,Rear End,3,Clear,Dry,Dark-Lighted
2020-10-11T20:30:00.000,I 85,I 85 and Peachtree St,,Rear End,2,Cloudy,Wet,Dark-Lighted
2020-03-04T20:35:00.000,I 85,I 85 and Peachtree St,,Rear End,2,Rain,Wet,Dark-Lighted
2020-08-03T18:07:00.000,I 85,I 85 and Peachtree St,,Rear End,2,Clear,Dry,Daylight
2020-01-03T17:43:00.000,I 85,I 85 and Peachtree St,,Rear End,2,Rain,Wet,Dark-Lighted
2020-07-24T22:29:00.000,I 85,I 85 and Peachtree St,,Sideswipe-Same Direction,1,Cloudy,Dry,Daylight
2020-07-02T09:45:00.000,I 85,I 85 and Peachtree St,,Rear End,3,Cloudy,Dry,Daylight
2020-02-04T07:45:00.000,I 85,I 85 and Peachtree St,,Rear End,3,Clear,Dry,Daylight
2020-01-24T10:20:00.000,I 85,I 85 and Peachtree St,,Rear End,3,Rain,Wet,Daylight
2020-11-18T16:55:00.000,I 85,I 85 and Peachtree St,,Rear End,2,Clear,Dry,Daylight
2020-11-30T17:20:00.000,I 85,I 85 and Peachtree St,,Rear End,2,Rain,Wet,Dark-Lighted
2020-07-08T16:42:00.000,I 85,I 85 and Peachtree St,,Sideswipe-Same Direction,2,Cloudy,Dry,Daylight
2020-07-24T15:45:00.000,I 85,I 85 and Peachtree St,,Rear End,3,Clear,Dry,Daylight
2020-07-15T15:22:00.000,I 85,I 85 and Peachtree St,,Rear End,2,Clear,Dry,Daylight
2020-09-29T10:07:00.000,I 85,I 85 and Peachtree St,,Rear End,3,Cloudy,Dry,Daylight
2020-11-19T15:00:00.000,I 85,I 85 and Peachtree St,,Rear End,2,Clear,Dry,Daylight
2020-06-30T17:05:00.000,I 85,I 85 and Peachtree St,,Rear End,2,Rain,Wet,Daylight
2020-12-31T17:05:00.000,I 85,I 85 and Peachtree St,,Rear End,3,Rain,Wet,Daylight
2020-06-23T17:01:00.000,I 85,I 85 and Peachtree St,,Rear End,3,Clear,Dry,Daylight
2020-01-28T16:10:00.000,I 85,I 85 and Peachtree St,,Angle Crash,2,Clear,Dry,Daylight
2020-02-11T18:00:00.000,I 85,I 85 and Peachtree St,,Sideswipe-Same Direction,2,Rain,Wet,Daylight
2020-03-02T18:12:00.000,I 85,I 85 and Peachtree St,,Rear End,2,Rain,Wet,Daylight
2020-03-10T07:35:00.000,I 85,I 85 and Peachtree St,,Rear End,2,Rain,Wet,Daylight
2020-02-14T15:30:00.000,I 85,I 85 and Peachtree St,,Not a Collision with Motor Vehicle,2,Clear,Dry,Daylight
2020-03-01T11:51:00.000,I 85,I 85 and Peachtree St,,Rear End,3,Clear,Dry,Daylight
2020-12-30T17:28:00.000,I 85,I 85 and Peachtree St,,Sideswipe-Same Direction,4,Clear,Dry,Dusk
2020-01-24T10:20:00.000,I 85,I 85 and Peachtree St,,Rear End,2,Rain,Wet,Daylight
2020-03-02T18:50:00.000,I 85,I 85 and Peachtree St,,Rear End,2,Rain,Wet,Daylight
2020-09-09T13:00:00.000,I 85,I 85 and Peachtree St,,Sideswipe-Same Direction,2,Cloudy,Dry,Daylight
2020-01-24T19:50:00.000,I 85,I 85 and Peachtree St,,Rear End,2,Cloudy,Wet,Dark-Lighted
2020-11-30T14:25:00.000,I 85,I 85 and Peachtree St,,Rear End,2,Rain,Wet,Daylight
2020-12-04T22:34:00.000,I 85,I 85 and Peachtree St,,Angle Crash,2,Clear,Dry,Dark-Not Lighted
2020-02-20T18:51:00.000,I 85,I 85 and Peachtree St,,Rear End,2,Rain,Wet,Dark-Lighted
2020-01-24T11:35:00.000,I 85,I 85 and Peachtree St,,Sideswipe-Same Direction,3,Cloudy,Wet,Daylight
2020-06-09T16:30:00.000,I 85,I 85 and Peachtree St,,Sideswipe-Same Direction,2,Cloudy,Dry,Daylight
2020-02-04T13:40:00.000,I 85,I 85 and Peachtree St,,Rear End,2,Cloudy,Dry,Daylight
2020-07-30T15:50:00.000,I 85,I 85 and Peachtree St,,Sideswipe-Same Direction,3,Clear,Dry,Daylight
2021-03-13T15:25:00.000,I 85,I 85 and Peachtree St,,Rear End,2,Clear,Dry,Daylight
2021-01-14T18:50:00.000,I 85,I 85 and Peachtree St,,Rear End,2,Clear,Dry,Daylight
2021-02-18T17:34:00.000,I 85,I 85 and Peachtree St,,Rear End,2,Cloudy,Dry,Daylight
2021-01-29T19:50:00.000,I 85,I 85 and Peachtree St,,Sideswipe-Same Direction,2,Clear,Dry,Daylight
2021-03-18T13:30:00.000,I 85,I 85 and Peachtree St,,Rear End,2,Clear,Dry,Daylight
2021-02-05T17:00:00.000,I 85,I 85 and Peachtree St,,Rear End,2,Clear,Dry,Daylight
2021-06-30T14:00:00.000,I 85,I 85 and Peachtree St,,Sideswipe-Same Direction,2,Clear,Dry,Daylight
2021-04-06T16:00:00.000,I 85,I 85 and Peachtree St,,Rear End,2,Clear,Dry,Daylight
2021-05-29T23:12:00.000,I 85,I 85 and Peachtree St,,Sideswipe-Same Direction,2,Clear,Dry,Dark-Not Lighted
2021-03-25T16:35:00.000,I 85,I 85 and Peachtree St,,Rear End,2,Cloudy,Wet,Daylight
2021-04-27T18:45:00.000,I 85,I 85 and Peachtree St,,Rear End,3,Clear,Dry,Daylight
2021-02-18T17:10:00.000,I 85,I 85 and Peachtree St,,Rear End,2,Cloudy,Dry,Daylight
2021-01-01T19:30:00.000,I 85,I 85 and Peachtree St,,Rear End,2,Cloudy,Wet,Dark-Lighted
2021-02-13T17:00:00.000,I 85,I 85 and Peachtree St,,Rear End,2,Cloudy,Dry,Daylight
2021-03-16T15:40:00.000,I 85,I 85 and Peachtree St,,Rear End,2,Rain,Wet,Daylight
2021-04-20T10:10:00.000,I 85,I 85 and Peachtree St,,Sideswipe-Same Direction,2,Clear,Dry,Daylight
2021-02-13T14:36:00.000,I 85,I 85 and Peachtree St,,Rear End,2,Clear,Wet,Daylight
2021-01-15T17:56:00.000,I 85,I 85 and Peachtree St,,Angle Crash,3,Clear,Dry,Daylight
2021-01-29T20:10:00.000,I 85,I 85 and Peachtree St,,Sideswipe-Same Direction,3,Clear,Dry,Dark-Lighted
2021-06-28T09:05:00.000,I 85,I 85 and Peachtree St,,Rear End,2,Clear,Dry,Daylight
2021-01-07T18:00:00.000,I 85,I 85 and Peachtree St,,Rear End,2,Cloudy,Wet,Dark-Lighted
2021-02-24T16:39:00.000,I 85,I 85 and Peachtree St,,Rear End,2,Clear,Dry,Daylight
2021-01-07T20:44:00.000,I 85,I 85 and Peachtree St,,Rear End,2,Rain,Wet,Dark-Lighted
2021-06-15T17:30:00.000,I 85,I 85 and Peachtree St,,Rear End,2,Clear,Dry,Daylight
2021-03-05T13:23:00.000,I 85,I 85 and Peachtree St,,Rear End,2,Cloudy,Dry,Daylight
2021-02-12T17:00:00.000,I 85,I 85 and Peachtree St,,Rear End,2,Rain,Wet,Daylight
2021-06-14T15:42:00.000,I 85,I 85 and Peachtree St,,Rear End,2,Cloudy,Dry,Daylight
2021-04-16T12:00:00.000,I 85,I 85 and Peachtree St,,Rear End,2,Clear,Dry,Daylight
2021-06-11T18:55:00.000,I 85,I 85 and Peachtree St,,Rear End,2,Cloudy,Wet,Daylight
2021-02-05T18:00:00.000,I 85,I 85 and Peachtree St,,Rear End,2,Clear,Dry,Daylight
2021-01-04T13:51:00.000,I 85,I 85 and Peachtree St,,Rear End,2,Clear,Dry,Daylight
2021-01-29T16:45:00.000,I 85,I 85 and Peachtree St,,Rear End,2,Clear,Dry,Daylight
2021-02-05T13:40:00.000,I 85,I 85 and Peachtree St,,Rear End,3,Clear,Dry,Daylight
2021-05-20T08:50:00.000,I 85,I 85 and Peachtree St,,Rear End,2,Clear,Dry,Daylight
2021-02-13T02:51:00.000,I 85,I 85 and Peachtree St,,Not a Collision with Motor Vehicle,1,Rain,Wet,Dark-Lighted
2021-10-01T15:15:00.000,I 85,I 85 and Peachtree St,,Sideswipe-Same Direction,2,Clear,Dry,Daylight
2021-12-10T11:12:00.000,I 85,I 85 and Peachtree St,,Rear End,2,Cloudy,Wet,Daylight
2021-09-07T15:10:00.000,I 85,I 85 and Peachtree St,,Rear End,2,Cloudy,Dry,Daylight
2021-08-03T16:20:00.000,I 85,I 85 and Peachtree St,,Rear End,2,Clear,Dry,Daylight
2021-12-16T14:15:00.000,I 85,I 85 and Peachtree St,,Rear End,2,Cloudy,Dry,Daylight
2021-12-17T19:46:00.000,I 85,I 85 and Peachtree St,,Rear End,2,Rain,Wet,Dark-Not Lighted
2021-07-14T16:34:00.000,I 85,I 85 and Peachtree St,,Rear End,2,Cloudy,Dry,Daylight
2021-07-08T14:45:00.000,I 85,I 85 and Peachtree St,,Rear End,2,Rain,Wet,Daylight
2021-12-28T10:00:00.000,I 85,I 85 and Peachtree St,,Sideswipe-Same Direction,2,Clear,Dry,Daylight
2021-12-02T13:40:00.000,I 85,I 85 and Peachtree St,,Rear End,2,Clear,Dry,Daylight
2021-09-16T12:40:00.000,I 85,I 85 and Peachtree St,,Rear End,2,Rain,Wet,Daylight
2021-12-06T18:03:00.000,I 85,I 85 and Peachtree St,,Rear End,4,Rain,Wet,Dark-Lighted
2021-07-16T14:35:00.000,I 85,I 85 and Peachtree St,,Sideswipe-Same Direction,2,Cloudy,Dry,Daylight
2021-12-14T07:20:00.000,I 85,I 85 and Peachtree St,,Sideswipe-Same Direction,2,Clear,Dry,Daylight
2021-11-04T10:30:00.000,I 85,I 85 and Peachtree St,,Rear End,2,Rain,Wet,Daylight
2021-09-23T16:30:00.000,I 85,I 85 and Peachtree St,,Rear End,3,Clear,Dry,Daylight
2021-07-20T15:35:00.000,I 85,I 85 and Peachtree St,,Sideswipe-Same Direction,2,Rain,Wet,Daylight
2021-07-01T11:45:00.000,I 85,I 85 and Peachtree St,,Rear End,3,Clear,Dry,Daylight
2021-10-27T15:15:00.000,I 85,I 85 and Peachtree St,,Sideswipe-Same Direction,2,Clear,Dry,Daylight
2021-10-27T15:50:00.000,I 85,I 85 and Peachtree St,,Rear End,2,Clear,Dry,Daylight
2021-07-16T19:25:00.000,I 85,I 85 and Peachtree St,,Rear End,3,Cloudy,Wet,Daylight
2021-07-20T16:45:00.000,I 85,I 85 and Peachtree St,,Sideswipe-Same Direction,2,Rain,Wet,Daylight
2021-08-09T11:40:00.000,I 85,I 85 and Peachtree St,,Sideswipe-Same Direction,2,Clear,Dry,Daylight
2021-07-22T07:55:00.000,I 85,I 85 and Peachtree St,,Rear End,3,Clear,Dry,Daylight
2021-10-22T13:00:00.000,I 85,I 85 and Peachtree St,,Rear End,2,Clear,Dry,Daylight
2021-11-11T19:20:00.000,I 85,I 85 and Peachtree St,,Rear End,2,Rain,Wet,Dark-Lighted
2021-07-15T06:45:00.000,I 85,I 85 and Peachtree St,,Sideswipe-Same Direction,2,Clear,Dry,Daylight
2021-07-08T06:54:00.000,I 85,I 85 and Peachtree St,,Sideswipe-Same Direction,2,Cloudy,Dry,Daylight
2021-11-10T10:50:00.000,I 85,I 85 and Peachtree St,,Sideswipe-Same Direction,2,Clear,Dry,Daylight
2021-11-24T15:50:00.000,I 85,I 85 and Peachtree St,,Rear End,2,Clear,Dry,Daylight
2021-11-01T16:49:00.000,I 85,I 85 and Peachtree St,,Rear End,2,Clear,Dry,Daylight
2021-08-10T08:45:00.000,I 85,I 85 and Peachtree St,,Rear End,2,Clear,Dry,Daylight
2022-10-03T12:10:00.000,I 85,I 85 and Peachtree St,,Rear End,2,Clear,Dry,Daylight
2022-04-25T18:10:00.000,I 85,I 85 and Peachtree St,,Rear End,2,Clear,Dry,Daylight
2022-02-03T17:30:00.000,I 85,I 85 and Peachtree St,,Sideswipe-Same Direction,2,Rain,Wet,Daylight
2022-08-02T15:10:00.000,I 85,I 85 and Peachtree St,,Rear End,2,Clear,Dry,Daylight
2022-04-07T15:35:00.000,I 85,I 85 and Peachtree St,,Rear End,2,Clear,Dry,Daylight
2021-08-09T09:10:00.000,I 85,I 85 and Peachtree St,,Sideswipe-Same Direction,2,Clear,Dry,Daylight
2021-07-26T16:10:00.000,I 85,I 85 and Peachtree St,,Rear End,2,Clear,Dry,Daylight
2021-08-26T06:50:00.000,I 85,I 85 and Peachtree St,,Rear End,2,Clear,Dry,Daylight
2021-09-16T17:13:00.000,I 85,I 85 and Peachtree St,,Rear End,3,Cloudy,Wet,Daylight
2021-08-16T15:55:00.000,I 85,I 85 and Peachtree St,,Rear End,2,Rain,Wet,Daylight
2021-10-07T16:55:00.000,I 85,I 85 and Peachtree St,,Rear End,2,Rain,Wet,Daylight
2021-09-14T14:25:00.000,I 85,I 85 and Peachtree St,,Sideswipe-Same Direction,2,Clear,Dry,Daylight
2021-08-17T17:50:00.000,I 85,I 85 and Peachtree St,,Rear End,2,Rain,Wet,Daylight
2021-11-04T09:09:00.000,I 85,I 85 and Peachtree St,,Rear End,4,Rain,Wet,Daylight
2021-09-16T06:45:00.000,I 85,I 85 and Peachtree St,,Rear End,2,Rain,Wet,Dark-Not Lighted
2021-07-22T10:50:00.000,I 85,I 85 and Peachtree St,,Rear End,4,Clear,Dry,Daylight
2021-12-13T09:00:00.000,I 85,I 85 and Peachtree St,,Rear End,2,Clear,Dry,Daylight
2021-12-09T10:35:00.000,I 85,I 85 and Peachtree St,,Sideswipe-Same Direction,2,Clear,Dry,Daylight
2021-12-10T11:12:00.000,I 85,I 85 and Peachtree St,,Rear End,3,Cloudy,Wet,Daylight
2021-10-28T15:35:00.000,I 85,I 85 and Peachtree St,,Sideswipe-Same Direction,2,Rain,Wet,Daylight
2021-07-06T06:40:00.000,I 85,I 85 and Peachtree St,,Rear End,2,Clear,Dry,Daylight
2021-08-26T06:45:00.000,I 85,I 85 and Peachtree St,,Sideswipe-Same Direction,3,Clear,Dry,Daylight
2021-08-26T15:15:00.000,I 85,I 85 and Peachtree St,,Rear End,2,Clear,Dry,Daylight
2022-06-20T17:55:00.000,I 85,I 85 and Peachtree St,,Sideswipe-Same Direction,2,Clear,Dry,Daylight
2022-06-02T10:00:00.000,I 85,I 85 and Peachtree St,,Angle Crash,2,Clear,Dry,Daylight
2022-05-16T09:35:00.000,I 85,I 85 and Peachtree St,,Rear End,2,Clear,Dry,Daylight
2022-06-21T08:30:00.000,I 85,I 85 and Peachtree St,,Sideswipe-Same Direction,2,Cloudy,Dry,Daylight
2022-08-29T07:35:00.000,I 85,I 85 and Peachtree St,,Sideswipe-Same Direction,4,Clear,Dry,Daylight
2022-01-27T19:50:00.000,I 85,I 85 and Peachtree St,,Rear End,2,Clear,Dry,Dark-Lighted
2022-08-01T18:00:00.000,I 85,I 85 and Peachtree St,,Sideswipe-Same Direction,3,Clear,Dry,Daylight
2022-05-09T07:45:00.000,I 85,I 85 and Peachtree St,,Rear End,2,Clear,Dry,Daylight
2022-12-06T19:00:00.000,I 85,I 85 and Peachtree St,,Rear End,2,Cloudy,Wet,Dark-Lighted
2022-02-28T17:30:00.000,I 85,I 85 and Peachtree St,,Sideswipe-Same Direction,2,Clear,Dry,Daylight
2022-03-08T19:08:00.000,I 85,I 85 and Peachtree St,,Rear End,3,Rain,Wet,Dark-Lighted
2022-02-21T09:50:00.000,I 85,I 85 and Peachtree St,,Rear End,2,Clear,Dry,Daylight
2022-03-10T13:55:00.000,I 85,I 85 and Peachtree St,,Rear End,2,Clear,Dry,Daylight
2022-10-14T13:00:00.000,I 85,I 85 and Peachtree St,,Sideswipe-Same Direction,2,Clear,Dry,Daylight
2022-07-19T17:55:00.000,I 85,I 85 and Peachtree St,,Rear End,2,Cloudy,Wet,Daylight
2022-10-18T16:15:00.000,I 85,I 85 and Peachtree St,,Rear End,2,Clear,Dry,Daylight
2022-02-03T16:40:00.000,I 85,I 85 and Peachtree St,,Rear End,2,Rain,Wet,Daylight
2022-01-06T16:55:00.000,I 85,I 85 and Peachtree St,,Sideswipe-Same Direction,2,Cloudy,Wet,Daylight
2022-07-19T07:15:00.000,I 85,I 85 and Peachtree St,,Rear End,3,Rain,Wet,Daylight
2022-07-26T09:40:00.000,I 85,I 85 and Peachtree St,,Sideswipe-Same Direction,2,Clear,Dry,Daylight
2022-06-23T15:30:00.000,I 85,I 85 and Peachtree St,,Sideswipe-Same Direction,2,Clear,Dry,Daylight
2022-05-16T18:10:00.000,I 85,I 85 and Peachtree St,,Sideswipe-Same Direction,2,Clear,Dry,Daylight
2022-09-15T09:50:00.000,I 85,I 85 and Peachtree St,,Rear End,2,Clear,Dry,Daylight
2022-05-23T06:30:00.000,I 85,I 85 and Peachtree St,,Angle Crash,3,Rain,Wet,Dark-Lighted
2022-07-21T15:10:00.000,I 85,I 85 and Peachtree St,,Rear End,2,Cloudy,Wet,Daylight
2021-10-18T18:00:00.000,I 85,I 85 and Peachtree St,,Rear End,2,Clear,Dry,Daylight
2021-11-30T18:00:00.000,I 85,I 85 and Peachtree St,,Rear End,2,Cloudy,Dry,Dusk
2021-09-03T10:25:00.000,I 85,I 85 and Peachtree St,,Sideswipe-Same Direction,2,Clear,Dry,Daylight
2021-10-28T16:35:00.000,I 85,I 85 and Peachtree St,,Sideswipe-Same Direction,2,Rain,Wet,Daylight
2021-10-15T18:20:00.000,I 85,I 85 and Peachtree St,,Rear End,2,Clear,Dry,Daylight
2021-11-29T16:00:00.000,I 85,I 85 and Peachtree St,,Rear End,2,Clear,Dry,Daylight
2021-12-20T15:50:00.000,I 85,I 85 and Peachtree St,,Rear End,2,Cloudy,Dry,Daylight
2021-10-25T13:10:00.000,I 85,I 85 and Peachtree St,,Rear End,2,Cloudy,Dry,Daylight
2022-11-22T19:18:00.000,I 85,I 85 and Peachtree St,,Rear End,2,Cloudy,Dry,Dark-Not Lighted
2022-03-04T14:50:00.000,I 85,I 85 and Peachtree St,,Sideswipe-Same Direction,2,Clear,Dry,Daylight
2022-09-20T19:09:00.000,I 85,I 85 and Peachtree St,,Sideswipe-Same Direction,2,Clear,Dry,Daylight
2022-10-06T12:00:00.000,I 85,I 85 and Peachtree St,,Rear End,2,Clear,Dry,Daylight
2022-06-24T07:40:00.000,I 85,I 85 and Peachtree St,,Sideswipe-Same Direction,2,Clear,Dry,Daylight
2022-05-26T18:20:00.000,I 85,I 85 and Peachtree St,,Rear End,3,Clear,Dry,Daylight
2022-08-25T07:20:00.000,I 85,I 85 and Peachtree St,,Rear End,4,Rain,Wet,Daylight
2022-07-19T06:50:00.000,I 85,I 85 and Peachtree St,,Rear End,2,Rain,Wet,Dark-Lighted
2022-03-14T09:35:00.000,I 85,I 85 and Peachtree St,,Rear End,3,Clear,Dry,Daylight
2022-01-25T18:30:00.000,I 85,I 85 and Peachtree St,,Rear End,2,Clear,Dry,Dusk
2022-09-16T12:30:00.000,I 85,I 85 and Peachtree St,,Rear End,4,Clear,Dry,Daylight
2022-07-14T16:55:00.000,I 85,I 85 and Peachtree St,,Rear End,3,Clear,Dry,Daylight
2022-01-20T17:30:00.000,I 85,I 85 and Peachtree St,,Angle Crash,5,Cloudy,Wet,Dusk
2022-01-23T20:03:00.000,I 85,I 85 and Peachtree St,,Rear End,2,Clear,Dry,Dark-Lighted
2022-11-01T17:30:00.000,I 85,I 85 and Peachtree St,,Rear End,2,Cloudy,Dry,Daylight
2022-12-06T16:30:00.000,I 85,I 85 and Peachtree St,,Rear End,2,Cloudy,Wet,Daylight
2022-03-08T15:01:00.000,I 85,I 85 and Peachtree St,,Sideswipe-Same Direction,2,Rain,Wet,Daylight
2022-11-29T18:31:00.000,I 85,I 85 and Peachtree St,,Rear End,2,Clear,Dry,Daylight
2022-05-02T16:48:00.000,I 85,I 85 and Peachtree St,,Rear End,2,Clear,Dry,Daylight
2022-08-25T06:55:00.000,I 85,I 85 and Peachtree St,,Rear End,2,Cloudy,Dry,Daylight
2022-01-06T11:50:00.000,I 85,I 85 and Peachtree St,,Rear End,2,Clear,Dry,Daylight
2022-08-16T11:40:00.000,I 85,I 85 and Peachtree St,,Sideswipe-Same Direction,2,Clear,Dry,Daylight
2022-11-08T10:20:00.000,I 85,I 85 and Peachtree St,,Rear End,2,Clear,Dry,Daylight
2022-12-26T19:01:00.000,I 85,I 85 and Peachtree St,,Rear End,3,Clear,Dry,Daylight
2022-01-22T19:50:00.000,I 85,I 85 and Peachtree St,,Rear End,2,Cloudy,Dry,Dark-Lighted
2022-06-28T14:40:00.000,I 85,I 85 and Peachtree St,,Rear End,2,Clear,Dry,Daylight
2022-11-03T18:45:00.000,I 85,I 85 and Peachtree St,,Rear End,2,Clear,Dry,Dusk
2022-07-19T12:52:00.000,I 85,I 85 and Peachtree St,,Rear End,2,Cloudy,Wet,Daylight
2022-10-21T16:00:00.000,I 85,I 85 and Peachtree St,,Sideswipe-Same Direction,2,Clear,Dry,Daylight
2022-01-25T12:50:00.000,I 85,I 85 and Peachtree St,,Rear End,2,Clear,Dry,Daylight
2022-02-04T15:40:00.000,I 85,I 85 and Peachtree St,,Sideswipe-Same Direction,2,Clear,Dry,Daylight
2022-11-28T08:51:00.000,I 85,I 85 and Peachtree St,,Rear End,2,Clear,Dry,Daylight
2022-08-04T19:32:00.000,I 85,I 85 and Peachtree St,,Rear End,2,Rain,Wet,Daylight
2022-12-03T15:38:00.000,I 85,I 85 and Peachtree St,,Rear End,3,Cloudy,Wet,Daylight
2022-01-22T19:45:00.000,I 85,I 85 and Peachtree St,,Rear End,2,Clear,Dry,Dark-Lighted
2022-10-17T15:00:00.000,I 85,I 85 and Peachtree St,,Sideswipe-Same Direction,2,Clear,Dry,Daylight
2022-03-28T16:17:00.000,I 85,I 85 and Peachtree St,,Rear End,2,Clear,Dry,Daylight
2022-12-06T18:30:00.000,I 85,I 85 and Peachtree St,,Rear End,2,Fog,Wet,Dark-Not Lighted
2022-11-29T14:25:00.000,I 85,I 85 and Peachtree St,,Rear End,2,Clear,Dry,Daylight