Date and Time,Roadway (From Crash Report),Intersection Name (from Crash Report),KABCO Severity,Manner of Collision (Crash Level) ,# of Vehicles per crash ,Weather Conditions (Crash Level),Surface Condition (Crash Level) ,Light Conditions (Crash Level)
2022-04-05T16:30:00.000,I 85,I 85 and Peachtree St,,Rear End,2,Cloudy,Wet,Daylight
2022-05-19T09:00:00.000,I 85,I 85 and Peachtree St,,Rear End,2,Clear,Dry,Daylight
2022-10-04T16:30:00.000,I 85,I 85 and Peachtree St,,Rear End,2,Clear,Dry,Daylight
2022-09-22T10:50:00.000,I 85,I 85 and Peachtree St,,Rear End,2,Clear,Dry,Daylight
2022-03-01T19:20:00.000,I 85,I 85 and Peachtree St,,Rear End,2,Clear,Dry,Dark-Lighted
2022-09-16T12:30:00.000,I 85,I 85 and Peachtree St,,Rear End,3,Clear,Dry,Daylight
2022-03-07T12:00:00.000,I 85,I 85 and Peachtree St,,Sideswipe-Same Direction,2,Cloudy,Dry,Daylight
2022-08-04T19:40:00.000,I 85,I 85 and Peachtree St,,Not a Collision with Motor Vehicle,1,Rain,Wet,Daylight
2022-03-31T12:50:00.000,I 85,I 85 and Peachtree St,,Sideswipe-Same Direction,2,Clear,Dry,Daylight
2022-01-26T10:05:00.000,I 85,I 85 and Peachtree St,,Sideswipe-Same Direction,2,Clear,Dry,Daylight
2022-02-25T02:10:00.000,I 85,I 85 and Peachtree St,,Rear End,2,Rain,Wet,Daylight
2022-07-01T12:40:00.000,I 85,I 85 and Peachtree St,,Rear End,2,Rain,Wet,Daylight
2022-12-30T19:05:00.000,I 85,I 85 and Peachtree St,,Sideswipe-Same Direction,2,Clear,Dry,Dark-Lighted
2022-02-25T10:20:00.000,I 85,I 85 and Peachtree St,,Rear End,2,Cloudy,Wet,Daylight
2022-07-28T07:30:00.000,I 85,I 85 and Peachtree St,,Rear End,2,Clear,Dry,Daylight
2022-08-25T09:40:00.000,I 85,I 85 and Peachtree St,,Sideswipe-Same Direction,2,Cloudy,Wet,Daylight
2022-01-07T16:41:00.000,I 85,I 85 and Peachtree St,,Rear End,2,Clear,Dry,Daylight
2022-06-06T08:40:00.000,I 85,I 85 and Peachtree St,,Rear End,2,Clear,Dry,Daylight
2022-10-14T14:00:00.000,I 85,I 85 and Peachtree St,,Sideswipe-Same Direction,2,Clear,Dry,Daylight
2022-11-08T12:45:00.000,I 85,I 85 and Peachtree St,,Rear End,3,Clear,Dry,Daylight
2022-04-21T09:00:00.000,I 85,I 85 and Peachtree St,,Sideswipe-Same Direction,2,Clear,Dry,Daylight
2022-12-15T09:00:00.000,I 85,I 85 and Peachtree St,,Rear End,2,Cloudy,Dry,Daylight
2022-03-18T12:45:00.000,I 85,I 85 and Peachtree St,,Sideswipe-Same Direction,2,Rain,Wet,Daylight
2022-09-22T08:30:00.000,I 85,I 85 and Peachtree St,,Sideswipe-Same Direction,2,Clear,Dry,Daylight
2022-02-03T13:00:00.000,I 85,I 85 and Peachtree St,,Rear End,2,Rain,Wet,Daylight
2022-08-01T09:00:00.000,I 85,I 85 and Peachtree St,,Rear End,2,Clear,Dry,Daylight
2022-03-15T17:40:00.000,I 85,I 85 and Peachtree St,,Sideswipe-Same Direction,2,Rain,Wet,Daylight
2022-08-05T15:00:00.000,I 85,I 85 and Peachtree St,,Rear End,2,Clear,Dry,Daylight
2022-09-23T10:00:00.000,I 85,I 85 and Peachtree St,,Rear End,3,Clear,Dry,Daylight
2022-02-15T13:50:00.000,I 85,I 85 and Peachtree St,,Rear End,2,Clear,Dry,Daylight
2022-09-13T09:10:00.000,I 85,I 85 and Peachtree St,,Rear End,2,Clear,Dry,Daylight
2022-12-15T10:00:00.000,I 85,I 85 and Peachtree St,,Sideswipe-Same Direction,3,Clear,Dry,Daylight
2022-03-08T18:17:00.000,I 85,I 85 and Peachtree St,,Sideswipe-Same Direction,2,Rain,Wet,Daylight
2022-03-15T14:40:00.000,I 85,I 85 and Peachtree St,,Rear End,3,Cloudy,Wet,Daylight
2022-07-11T17:50:00.000,I 85,I 85 and Peachtree St,,Sideswipe-Same Direction,2,Clear,Dry,Daylight
2022-04-05T16:20:00.000,I 85,I 85 and Peachtree St,,Rear End,3,Cloudy,Wet,Daylight
2022-11-10T18:50:00.000,I 85,I 85 and Peachtree St,,Rear End,2,Rain,Wet,Dark-Lighted
2022-09-20T13:30:00.000,I 85,I 85 and Peachtree St,,Rear End,2,Clear,Dry,Daylight
2022-12-06T14:40:00.000,I 85,I 85 and Peachtree St,,Rear End,2,Cloudy,Wet,Daylight
2022-09-15T11:50:00.000,I 85,I 85 and Peachtree St,,Rear End,2,Clear,Dry,Daylight
2022-09-15T12:00:00.000,I 85,I 85 and Peachtree St,,Rear End,2,Clear,Dry,Daylight
2022-10-21T13:20:00.000,I 85,I 85 and Peachtree St,,Sideswipe-Same Direction,2,Clear,Dry,Daylight
2022-05-06T08:30:00.000,I 85,I 85 and Peachtree St,,Rear End,3,Cloudy,Dry,Daylight
2022-05-02T14:30:00.000,I 85,I 85 and Peachtree St,,Rear End,2,Clear,Dry,Daylight
2022-02-10T16:00:00.000,I 85,I 85 and Peachtree St,,Rear End,2,Clear,Dry,Daylight
2022-06-13T18:11:00.000,I 85,I 85 and Peachtree St,,Rear End,2,Clear,Dry,Daylight
2023-09-28T13:46:00.000,I 85,I 85 and Peachtree St,,Rear End,2,Clear,Dry,Daylight
2023-11-10T19:25:00.000,I 85,I 85 and Peachtree St,,Rear End,2,Cloudy,Dry,Dark-Not Lighted
2023-02-16T16:09:00.000,I 85,I 85 and Peachtree St,,Rear End,2,Clear,Dry,Daylight
2023-07-17T08:15:00.000,I 85,I 85 and Peachtree St,,Rear End,2,Clear,Dry,Daylight
2023-01-06T12:05:00.000,I 85,I 85 and Peachtree St,,Sideswipe-Same Direction,2,Clear,Dry,Daylight
2023-09-12T14:00:00.000,I 85,I 85 and Peachtree St,,Rear End,2,Clear,Dry,Daylight
2023-03-20T12:15:00.000,I 85,I 85 and Peachtree St,,Rear End,2,Clear,Dry,Daylight
2023-06-15T18:10:00.000,I 85,I 85 and Peachtree St,,Rear End,3,Clear,Dry,Daylight
2023-04-18T07:20:00.000,I 85,I 85 and Peachtree St,,Sideswipe-Same Direction,2,Clear,Dry,Daylight
2024-12-17T19:00:00.000,I 85,I 85 and Peachtree St,,Rear End,2,Clear,Dry,Dark-Lighted
2024-05-06T13:17:00.000,I 85,I 85 and Peachtree St,,Rear End,2,Clear,Dry,Daylight
2024-05-17T17:43:00.000,I 85,I 85 and Peachtree St,,Sideswipe-Same Direction,2,Cloudy,Dry,Daylight
2024-05-14T05:58:00.000,I 85,I 85 and Peachtree St,,Sideswipe-Same Direction,2,Rain,Wet,Dawn
2024-10-03T11:00:00.000,I 85,I 85 and Peachtree St,,Sideswipe-Same Direction,2,Clear,Dry,Daylight
2024-06-28T13:30:00.000,I 85,I 85 and Peachtree St,,Sideswipe-Same Direction,2,Clear,Dry,Daylight
2024-12-17T19:05:00.000,I 85,I 85 and Peachtree St,,Sideswipe-Same Direction,2,Cloudy,Dry,Dawn
2024-12-09T10:50:00.000,I 85,I 85 and Peachtree St,,Rear End,2,Rain,Wet,Daylight
2024-12-05T15:57:00.000,I 85,I 85 and Peachtree St,,Sideswipe-Same Direction,2,Clear,Dry,Daylight
2024-10-07T08:07:00.000,I 85,I 85 and Peachtree St,,Sideswipe-Same Direction,2,Clear,Dry,Daylight
2024-10-21T12:41:00.000,I 85,I 85 and Peachtree St,,Rear End,2,Clear,Dry,Daylight
2024-05-14T05:51:00.000,I 85,I 85 and Peachtree St,,Angle Crash,2,Cloudy,Wet,Dusk
2024-12-06T14:20:00.000,I 85,I 85 and Peachtree St,,Rear End,2,Clear,Dry,Daylight
2024-11-14T09:59:00.000,I 85,I 85 and Peachtree St,,Sideswipe-Same Direction,2,Rain,Wet,Daylight
2024-07-26T17:09:00.000,I 85,I 85 and Peachtree St,,Sideswipe-Same Direction,2,Clear,Dry,Daylight
2024-03-21T11:55:00.000,I 85,I 85 and Peachtree St,,Sideswipe-Same Direction,2,Clear,Dry,Daylight
2024-09-17T06:16:00.000,I 85,I 85 and Peachtree St,,Sideswipe-Same Direction,2,Clear,Dry,Dark-Not Lighted
2024-01-05T19:00:00.000,I 85,I 85 and Peachtree St,,Rear End,2,Clear,Dry,Daylight
2024-07-01T17:50:00.000,I 85,I 85 and Peachtree St,,Rear End,2,Clear,Dry,Daylight
2024-07-09T14:25:00.000,I 85,I 85 and Peachtree St,,Rear End,2,Clear,Dry,Daylight
2024-12-09T07:30:00.000,I 85,I 85 and Peachtree St,,Rear End,2,Rain,Wet,Daylight
2024-11-14T09:25:00.000,I 85,I 85 and Peachtree St,,Rear End,2,Cloudy,Wet,Daylight
2024-11-18T14:55:00.000,I 85,I 85 and Peachtree St,,Rear End,2,Clear,Dry,Daylight
2023-01-17T15:45:00.000,I 85,I 85 and Peachtree St,,Rear End,2,Clear,Wet,Daylight
2023-02-14T18:35:00.000,I 85,I 85 and Peachtree St,,Rear End,2,Clear,Dry,Daylight
2023-07-27T15:32:00.000,I 85,I 85 and Peachtree St,,Sideswipe-Same Direction,2,Clear,Dry,Daylight
2023-01-06T18:30:00.000,I 85,I 85 and Peachtree St,,Rear End,3,Clear,Dry,Daylight
2023-08-28T16:10:00.000,I 85,I 85 and Peachtree St,,Rear End,2,Clear,Dry,Daylight
2024-09-23T06:49:00.000,I 85,I 85 and Peachtree St,,Rear End,3,Clear,Dry,Dark-Not Lighted
2024-03-31T15:12:00.000,I 85,I 85 and Peachtree St,,Rear End,2,Cloudy,Dry,Daylight
2024-01-09T16:00:00.000,I 85,I 85 and Peachtree St,,Rear End,3,Clear,Dry,Daylight
2023-01-24T09:30:00.000,I 85,I 85 and Peachtree St,,Sideswipe-Same Direction,2,Clear,Dry,Daylight
2023-04-14T08:00:00.000,I 85,I 85 and Peachtree St,,Rear End,2,Cloudy,Wet,Daylight
2023-01-10T12:20:00.000,I 85,I 85 and Peachtree St,,Sideswipe-Same Direction,2,Clear,Dry,Daylight
2023-09-19T10:30:00.000,I 85,I 85 and Peachtree St,,Rear End,2,Clear,Dry,Daylight
2023-10-05T15:35:00.000,I 85,I 85 and Peachtree St,,Rear End,2,Clear,Dry,Daylight
2023-07-20T08:45:00.000,I 85,I 85 and Peachtree St,,Sideswipe-Same Direction,2,Clear,Dry,Daylight
2023-05-09T17:30:00.000,I 85,I 85 and Peachtree St,,Rear End,2,Clear,Dry,Daylight
2023-08-22T06:50:00.000,I 85,I 85 and Peachtree St,,Rear End,3,Clear,Dry,Daylight
2023-12-18T14:25:00.000,I 85,I 85 and Peachtree St,,Rear End,2,Clear,Dry,Daylight
2023-12-07T12:40:00.000,I 85,I 85 and Peachtree St,,Rear End,2,Clear,Dry,Daylight
2023-06-16T08:22:00.000,I 85,I 85 and Peachtree St,,Rear End,2,Cloudy,Dry,Daylight
2023-09-14T17:26:00.000,I 85,I 85 and Peachtree St,,Rear End,2,Cloudy,Wet,Daylight
2023-08-14T13:00:00.000,I 85,I 85 and Peachtree St,,Rear End,2,Clear,Dry,Daylight
2023-10-31T07:25:00.000,I 85,I 85 and Peachtree St,,Rear End,2,Clear,Dry,Daylight
2023-09-14T16:23:00.000,I 85,I 85 and Peachtree St,,Sideswipe-Same Direction,2,Cloudy,Wet,Daylight
2023-01-17T15:50:00.000,I 85,I 85 and Peachtree St,,Rear End,3,Cloudy,Wet,Daylight
2023-12-28T13:30:00.000,I 85,I 85 and Peachtree St,,Rear End,2,Clear,Dry,Daylight
2023-06-29T08:20:00.000,I 85,I 85 and Peachtree St,,Rear End,2,Clear,Dry,Daylight
2023-02-06T15:40:00.000,I 85,I 85 and Peachtree St,,Rear End,2,Clear,Dry,Daylight
2023-01-30T11:15:00.000,I 85,I 85 and Peachtree St,,Rear End,2,Cloudy,Dry,Daylight
2023-12-18T13:02:00.000,I 85,I 85 and Peachtree St,,Rear End,2,Clear,Dry,Daylight
2023-02-03T08:30:00.000,I 85,I 85 and Peachtree St,,Sideswipe-Same Direction,2,Clear,Dry,Daylight
2023-06-26T16:48:00.000,I 85,I 85 and Peachtree St,,Rear End,3,Clear,Dry,Daylight
2023-12-26T16:00:00.000,I 85,I 85 and Peachtree St,,Rear End,2,Rain,Wet,Daylight
2023-07-07T16:52:00.000,I 85,I 85 and Peachtree St,,Rear End,3,Rain,Wet,Daylight
2023-02-06T08:40:00.000,I 85,I 85 and Peachtree St,,Rear End,2,Clear,Dry,Daylight
2023-02-09T19:10:00.000,I 85,I 85 and Peachtree St,,Rear End,2,Rain,Wet,Dark-Lighted
2023-06-16T17:30:00.000,I 85,I 85 and Peachtree St,,Rear End,2,Clear,Dry,Daylight
2023-05-19T11:45:00.000,I 85,I 85 and Peachtree St,,Sideswipe-Same Direction,2,Clear,Dry,Daylight
2023-06-29T17:30:00.000,I 85,I 85 and Peachtree St,,Sideswipe-Same Direction,2,Clear,Dry,Daylight
2023-07-20T09:50:00.000,I 85,I 85 and Peachtree St,,Rear End,2,Clear,Dry,Daylight
2023-10-16T10:45:00.000,I 85,I 85 and Peachtree St,,Sideswipe-Same Direction,2,Clear,Dry,Daylight
2023-02-03T18:35:00.000,I 85,I 85 and Peachtree St,,Rear End,4,Clear,Dry,Dark-Lighted
2023-04-10T11:55:00.000,I 85,I 85 and Peachtree St,,Rear End,2,Clear,Dry,Daylight
2023-03-24T09:25:00.000,I 85,I 85 and Peachtree St,,Rear End,2,Clear,Dry,Daylight
2023-12-01T14:55:00.000,I 85,I 85 and Peachtree St,,Rear End,5,Cloudy,Dry,Daylight
2023-08-28T18:30:00.000,I 85,I 85 and Peachtree St,,Sideswipe-Same Direction,2,Clear,Dry,Daylight
2023-01-23T15:15:00.000,I 85,I 85 and Peachtree St,,Rear End,2,Clear,Dry,Daylight
2023-10-18T14:18:00.000,I 85,I 85 and Peachtree St,,Rear End,3,Clear,Dry,Daylight
2023-07-11T08:58:00.000,I 85,I 85 and Peachtree St,,Sideswipe-Same Direction,2,Clear,Dry,Daylight
2023-09-15T11:55:00.000,I 85,I 85 and Peachtree St,,Rear End,2,Clear,Dry,Daylight
2023-01-24T19:19:00.000,I 85,I 85 and Peachtree St,,Rear End,2,Clear,Dry,Dark-Not Lighted
2024-08-06T14:30:00.000,I 85,I 85 and Peachtree St,,Rear End,2,Clear,Dry,Daylight
2024-12-12T14:55:00.000,I 85,I 85 and Peachtree St,,Rear End,2,Clear,Dry,Daylight
2024-04-16T06:49:00.000,I 85,I 85 and Peachtree St,,Rear End,2,Clear,Dry,Dark-Not Lighted
2024-04-23T10:18:00.000,I 85,I 85 and Peachtree St,,Rear End,2,Clear,Dry,Daylight
2024-04-09T07:42:00.000,I 85,I 85 and Peachtree St,,Rear End,2,Rain,Wet,Dawn
2024-12-16T18:00:00.000,I 85,I 85 and Peachtree St,,Sideswipe-Same Direction,2,Clear,Dry,Dusk
2024-05-09T10:00:00.000,I 85,I 85 and Peachtree St,,Rear End,2,Cloudy,Wet,Daylight
2024-09-30T12:20:00.000,I 85,I 85 and Peachtree St,,Sideswipe-Same Direction,2,Clear,Dry,Daylight
2024-02-08T13:00:00.000,I 85,I 85 and Peachtree St,,Rear End,2,Clear,Dry,Daylight
2024-01-15T13:12:00.000,I 85,I 85 and Peachtree St,,Rear End,3,Clear,Dry,Daylight
2024-05-20T12:10:00.000,I 85,I 85 and Peachtree St,,Sideswipe-Same Direction,2,Clear,Dry,Daylight
2024-04-09T18:22:00.000,I 85,I 85 and Peachtree St,,Sideswipe-Same Direction,2,Clear,Dry,Daylight
2024-11-12T07:40:00.000,I 85,I 85 and Peachtree St,,Sideswipe-Same Direction,2,Clear,Dry,Daylight
2024-11-26T11:31:00.000,I 85,I 85 and Peachtree St,,Rear End,2,Clear,Dry,Daylight
2024-07-11T14:23:00.000,I 85,I 85 and Peachtree St,,Sideswipe-Same Direction,2,Clear,Dry,Daylight
2024-02-01T18:39:00.000,I 85,I 85 and Peachtree St,,Rear End,2,Clear,Dry,Daylight
2024-10-01T15:10:00.000,I 85,I 85 and Peachtree St,,Sideswipe-Same Direction,2,Clear,Dry,Daylight
2024-01-11T15:00:00.000,I 85,I 85 and Peachtree St,,Rear End,3,Clear,Dry,Daylight
2024-11-12T13:20:00.000,I 85,I 85 and Peachtree St,,Rear End,2,Clear,Dry,Daylight
2024-06-11T15:59:00.000,I 85,I 85 and Peachtree St,,Rear End,4,Clear,Dry,Daylight
2024-01-02T16:50:00.000,I 85,I 85 and Peachtree St,,Sideswipe-Same Direction,2,Clear,Dry,Daylight
2024-05-10T08:28:00.000,I 85,I 85 and Peachtree St,,Rear End,3,Cloudy,Wet,Daylight
2024-07-16T18:26:00.000,I 85,I 85 and Peachtree St,,Sideswipe-Same Direction,2,Clear,Dry,Daylight
2024-01-11T14:40:00.000,I 85,I 85 and Peachtree St,,Rear End,2,Clear,Dry,Daylight
2024-10-11T07:40:00.000,I 85,I 85 and Peachtree St,,Sideswipe-Same Direction,2,Clear,Dry,Daylight
2024-05-13T08:50:00.000,I 85,I 85 and Peachtree St,,Rear End,2,Rain,Wet,Daylight
2024-10-31T16:32:00.000,I 85,I 85 and Peachtree St,,Sideswipe-Same Direction,2,Clear,Dry,Daylight
2024-12-13T12:45:00.000,I 85,I 85 and Peachtree St,,Rear End,2,Clear,Dry,Daylight
2024-04-11T11:58:00.000,I 85,I 85 and Peachtree St,,Rear End,2,Cloudy,Wet,Daylight
2024-07-08T06:55:00.000,I 85,I 85 and Peachtree St,,Rear End,2,Clear,Wet,Dawn
2024-11-11T18:35:00.000,I 85,I 85 and Peachtree St,,Sideswipe-Same Direction,2,Cloudy,Dry,Dark-Lighted
2024-07-09T16:40:00.000,I 85,I 85 and Peachtree St,,Rear End,2,Rain,Wet,Daylight
2024-09-26T15:44:00.000,I 85,I 85 and Peachtree St,,Rear End,2,Rain,Wet,Daylight
2024-12-20T18:59:00.000,I 85,I 85 and Peachtree St,,Sideswipe-Same Direction,2,Clear,Dry,Dark-Lighted
2024-06-11T09:10:00.000,I 85,I 85 and Peachtree St,,Rear End,2,Clear,Dry,Daylight
2024-05-27T08:15:00.000,I 85,I 85 and Peachtree St,,Rear End,2,Clear,Dry,Daylight
2024-10-01T09:35:00.000,I 85,I 85 and Peachtree St,,Sideswipe-Same Direction,2,Cloudy,Dry,Daylight
2024-12-17T19:00:00.000,I 85,I 85 and Peachtree St,,Rear End,2,Clear,Dry,Dark-Lighted
2024-08-23T14:42:00.000,I 85,I 85 and Peachtree St,,Rear End,2,Clear,Dry,Daylight
2024-06-20T07:45:00.000,I 85,I 85 and Peachtree St,,Rear End,2,Clear,Dry,Daylight
2024-02-28T17:55:00.000,I 85,I 85 and Peachtree St,,Rear End,3,Cloudy,Wet,Dark-Lighted
2024-09-30T07:00:00.000,I 85,I 85 and Peachtree St,,Rear End,2,Clear,Dry,Dark-Lighted
2024-09-17T07:24:00.000,I 85,I 85 and Peachtree St,,Rear End,3,Clear,Dry,Daylight
2024-05-07T09:47:00.000,I 85,I 85 and Peachtree St,,Rear End,2,Clear,Dry,Daylight
2024-08-05T15:37:00.000,I 85,I 85 and Peachtree St,,Rear End,2,Clear,Dry,Daylight
2024-04-30T16:14:00.000,I 85,I 85 and Peachtree St,,Rear End,2,Clear,Dry,Daylight
2024-05-24T15:25:00.000,I 85,I 85 and Peachtree St,,Rear End,2,Clear,Dry,Daylight
2024-05-14T05:58:00.000,I 85,I 85 and Peachtree St,,Angle Crash,4,Rain,Wet,Dawn
2024-03-01T13:55:00.000,I 85,I 85 and Peachtree St,,Rear End,2,Rain,Wet,Daylight
2024-12-03T10:55:00.000,I 85,I 85 and Peachtree St,,Rear End,2,Clear,Dry,Daylight
2024-08-01T17:50:00.000,I 85,I 85 and Peachtree St,,Rear End,2,Clear,Dry,Daylight
2024-05-20T12:15:00.000,I 85,I 85 and Peachtree St,,Rear End,2,Clear,Dry,Daylight
2024-11-12T19:00:00.000,I 85,I 85 and Peachtree St,,Sideswipe-Same Direction,2,Clear,Dry,Dark-Not Lighted
2024-08-22T11:31:00.000,I 85,I 85 and Peachtree St,,Sideswipe-Same Direction,2,Clear,Dry,Daylight
2024-03-14T09:00:00.000,I 85,I 85 and Peachtree St,,Sideswipe-Same Direction,3,Clear,Dry,Daylight
2024-11-11T06:36:00.000,I 85,I 85 and Peachtree St,,Rear End,2,Cloudy,Wet,Dawn
2024-07-16T09:40:00.000,I 85,I 85 and Peachtree St,,Sideswipe-Same Direction,2,Clear,Dry,Daylight
2024-09-17T13:47:00.000,I 85,I 85 and Peachtree St,,Rear End,2,Cloudy,Dry,Daylight
2024-07-09T14:25:00.000,I 85,I 85 and Peachtree St,,Rear End,3,Clear,Dry,Daylight
2024-01-25T14:20:00.000,I 85,I 85 and Peachtree St,,Rear End,3,Cloudy,Wet,Daylight
2024-11-25T19:45:00.000,I 85,I 85 and Peachtree St,,Sideswipe-Same Direction,3,Clear,Dry,Dark-Lighted
2024-11-26T12:34:00.000,I 85,I 85 and Peachtree St,,Rear End,2,Clear,Dry,Daylight
2024-12-09T17:55:00.000,I 85,I 85 and Peachtree St,,Rear End,2,Rain,Wet,Dark-Lighted
2024-09-17T14:33:00.000,I 85,I 85 and Peachtree St,,Sideswipe-Same Direction,2,Cloudy,Dry,Daylight
2024-09-03T10:05:00.000,I 85,I 85 and Peachtree St,,Rear End,2,Cloudy,Dry,Daylight
2024-08-08T15:20:00.000,I 85,I 85 and Peachtree St,,Rear End,3,Clear,Dry,Daylight
2024-05-21T08:35:00.000,I 85,I 85 and Peachtree St,,Rear End,2,Clear,Dry,Daylight
2024-03-19T16:00:00.000,I 85,I 85 and Peachtree St,,Rear End,2,Clear,Dry,Daylight
2024-10-22T11:12:00.000,I 85,I 85 and Peachtree St,,Rear End,2,Clear,Dry,Daylight
2024-04-30T12:45:00.000,I 85,I 85 and Peachtree St,,Rear End,2,Clear,Dry,Daylight
2024-02-12T18:00:00.000,I 85,I 85 and Peachtree St,,Sideswipe-Same Direction,2,Clear,Dry,Daylight
2024-04-15T18:45:00.000,I 85,I 85 and Peachtree St,,Rear End,2,Clear,Dry,Daylight
2024-06-11T10:20:00.000,I 85,I 85 and Peachtree St,,Rear End,2,Clear,Dry,Daylight
2024-05-06T16:08:00.000,I 85,I 85 and Peachtree St,,Rear End,3,Clear,Dry,Daylight
2024-12-09T18:00:00.000,I 85,I 85 and Peachtree St,,Rear End,2,Rain,Wet,Dark-Lighted
2024-07-09T15:42:00.000,I 85,I 85 and Peachtree St,,Rear End,2,Cloudy,Dry,Daylight
2024-02-05T19:49:00.000,I 85,I 85 and Peachtree St,,Rear End,2,Clear,Dry,Dark-Lighted
2024-07-09T09:19:00.000,I 85,I 85 and Peachtree St,,Sideswipe-Same Direction,2,Clear,Dry,Daylight
2024-10-07T16:30:00.000,I 85,I 85 and Peachtree St,,Sideswipe-Same Direction,2,Clear,Dry,Daylight
2024-11-18T15:40:00.000,I 85,I 85 and Peachtree St,,Rear End,2,Clear,Dry,Daylight
2024-10-25T12:39:00.000,I 85,I 85 and Peachtree St,,Rear End,2,Clear,Dry,Daylight
2024-07-05T16:40:00.000,I 85,I 85 and Peachtree St,,Not a Collision with Motor Vehicle,1,Clear,Dry,Daylight
2024-07-12T11:30:00.000,I 85,I 85 and Peachtree St,,Rear End,2,Clear,Dry,Daylight
2024-06-07T16:15:00.000,I 85,I 85 and Peachtree St,,Rear End,2,Clear,Dry,Daylight
2020-12-21T10:05:00.000,I 85,I 85 and Peachtree Sr,,Sideswipe-Same Direction,2,Clear,Dry,Daylight
2021-06-21T12:30:00.000,I 85,I 85 and Peachtree Road Opas,,Rear End,3,Cloudy,Dry,Daylight
2021-08-19T12:00:00.000,I 85,I 85 and Peachtree Road Opas,,Rear End,2,Cloudy,Dry,Daylight
2021-07-20T07:43:00.000,I 85,I 85 and Peachtree Road Opas,,Rear End,2,Rain,Wet,Daylight
2021-08-23T11:30:00.000,I 85,I 85 and Peachtree Road Opas,,Sideswipe-Same Direction,2,Clear,Dry,Daylight
2023-06-02T09:40:00.000,I 85,I 85 and Peachtree Road Opas,,Sideswipe-Same Direction,2,Clear,Dry,Daylight
2023-09-14T16:15:00.000,I 85,I 85 and Peachtree Road Opas,,Rear End,2,Rain,Wet,Daylight
2021-05-29T19:12:00.000,I 85,I 85 and Peachtree Road Opas,,Rear End,2,Clear,Dry,Daylight
2021-07-19T08:45:00.000,I 85,I 85 and Peachtree Road Opas,,Sideswipe-Same Direction,2,Rain,Wet,Daylight
2021-08-11T17:00:00.000,I 85,I 85 and Peachtree Road Opas,,Rear End,3,Cloudy,Wet,Daylight
2024-01-25T08:21:00.000,I 85,I 85 and Peachtree Road Opas,,Rear End,2,Rain,Wet,Daylight
2023-03-23T18:10:00.000,I 85,I 85 and Peachtree Road Opas,,Rear End,3,Clear,Dry,Daylight
2024-03-15T13:27:00.000,I 85,I 85 and Peachtree Road Opas,,Rear End,2,Clear,Wet,Daylight
2021-10-05T07:53:00.000,I 85,I 85 and Peachtree Rd Opas,,Rear End,3,Rain,Wet,Daylight
2020-09-08T16:35:00.000,I 85,I 85 and Peachtree Rd Opas,,Rear End,2,Clear,Dry,Daylight
2020-08-04T18:29:00.000,I 85,I 85 and Peachtree Rd Opas,,Angle Crash,2,Clear,Dry,Daylight
2020-11-24T18:50:00.000,I 85,I 85 and Peachtree Rd Opas,,Sideswipe-Same Direction,2,Clear,Dry,Dark-Not Lighted
2020-07-16T17:25:00.000,I 85,I 85 and Peachtree Rd Opas,,Rear End,2,Clear,Dry,Daylight
2020-11-02T18:46:00.000,I 85,I 85 and Peachtree Rd Opas,,Sideswipe-Same Direction,3,Clear,Dry,Dark-Not Lighted
2020-05-08T15:50:00.000,I 85,I 85 and Peachtree Rd Opas,,Rear End,3,Cloudy,Dry,Daylight
2021-04-15T08:08:00.000,I 85,I 85 and Peachtree Rd Opas,,Rear End,2,Cloudy,Dry,Daylight
2021-04-15T08:08:00.000,I 85,I 85 and Peachtree Rd Opas,,Rear End,3,Cloudy,Dry,Daylight
2021-08-31T07:45:00.000,I 85,I 85 and Peachtree Rd Opas,,Sideswipe-Same Direction,2,Cloudy,Dry,Daylight
2021-08-31T09:15:00.000,I 85,I 85 and Peachtree Rd Opas,,Rear End,2,Rain,Wet,Daylight
2021-08-26T07:50:00.000,I 85,I 85 and Peachtree Rd Opas,,Rear End,2,Cloudy,Dry,Daylight
2021-08-31T07:45:00.000,I 85,I 85 and Peachtree Rd Opas,,Sideswipe-Same Direction,2,Cloudy,Dry,Daylight
2021-08-16T16:04:00.000,I 85,I 85 and Peachtree Rd Opas,,Rear End,2,Rain,Wet,Daylight
2024-09-09T13:28:00.000,I 85,I 85 and Peachtree Rd Opas,,Rear End,2,Cloudy,Dry,Daylight
2021-10-12T16:30:00.000,I 85,I 85 and Peachtree Rd,,Rear End,2,Clear,Dry,Daylight
2021-07-09T16:20:00.000,I 85,I 85 and Peachtree Rd,,Not a Collision with Motor Vehicle,1,Cloudy,Wet,Daylight
2021-12-08T08:51:00.000,I 85,I 85 and Peachtree Rd,,Rear End,2,Cloudy,Wet,Daylight
2021-10-05T11:02:00.000,I 85,I 85 and Peachtree Rd,,Rear End,2,Rain,Wet,Daylight