Date and Time,Roadway (From Crash Report),Intersection Name (from Crash Report),KABCO Severity,Manner of Collision (Crash Level) ,# of Vehicles per crash ,Weather Conditions (Crash Level),Surface Condition (Crash Level) ,Light Conditions (Crash Level)
2022-03-04T06:50:00.000,I 85,I 85 and Palmetto Tyrone Rd,,Angle Crash,2,Clear,Dry,Daylight
2022-06-04T02:11:00.000,I 85,I 85 and Palmetto Tyrone Rd,,Rear End,2,Clear,Dry,Dark-Not Lighted
2022-01-07T16:43:00.000,I 85,I 85 and Palmetto Tyrone Rd,,Not a Collision with Motor Vehicle,2,Clear,Dry,Daylight
2023-03-27T14:00:00.000,I 85,I 85 and Palmetto Tyrone Rd,,Sideswipe-Same Direction,2,Clear,Dry,Daylight
2023-11-27T02:41:00.000,I 85,I 85 and Palmetto Tyrone Rd,,Not a Collision with Motor Vehicle,1,Cloudy,Dry,Dark-Not Lighted
2024-07-12T00:24:00.000,I 85,I 85 and Palmetto Tyrone Rd,,Not a Collision with Motor Vehicle,1,Clear,Dry,Dark-Not Lighted
2023-05-25T21:30:00.000,I 85,I 85 and Palmetto Tyrone Rd,,Not a Collision with Motor Vehicle,1,Clear,Dry,Dark-Not Lighted
2023-06-10T12:37:00.000,I 85,I 85 and Palmetto Tyrone Rd,,Not a Collision with Motor Vehicle,1,Clear,Dry,Daylight
2024-09-27T05:28:00.000,I 85,I 85 and Palmetto Tyrone Rd,,Rear End,2,Rain,Wet,Dark-Not Lighted
2022-02-21T22:39:00.000,I 85,I 85 and Palmetto Tyrone,,Not a Collision with Motor Vehicle,1,Rain,Wet,Dark-Not Lighted
2021-09-18T14:00:00.000,I 85,I 85 and Palmetto Tyrone,,Rear End,2,Clear,Dry,Daylight
2021-08-17T14:15:00.000,I 85,I 85 and Ormond St,,Rear End,2,Rain,Wet,Daylight
2020-10-15T14:29:00.000,I 85,I 85 and Ormond St,,Rear End,2,Clear,Dry,Daylight
2021-08-20T14:00:00.000,I 85,I 85 and Ormond St,,Rear End,2,Cloudy,Dry,Daylight
2021-08-18T00:13:00.000,I 85,I 85 and Onh Exit Rp,,Sideswipe-Same Direction,2,Clear,Dry,Dark-Lighted
2021-01-28T23:16:00.000,I 85,I 85 and Onh Cd 85N 285 E Rp,,Sideswipe-Same Direction,2,Clear,Dry,Dark-Not Lighted
2021-07-23T19:14:00.000,I 85,I 85 and Onh Cd 285 85 Rp,,Sideswipe-Same Direction,2,Clear,Dry,Daylight
2024-03-22T01:17:00.000,I 85,I 85 and On Rp Jcb Rp,,Angle Crash,2,Clear,Dry,Dark-Not Lighted
2024-06-06T12:35:00.000,I 85,I 85 and On Ramp To I985,,Rear End,3,Clear,Dry,Daylight
2020-05-29T07:00:00.000,I 85,I 85 and On Ramp 129,,Rear End,2,Other,Dry,Daylight
2023-12-28T15:35:00.000,I 85,I 85 and Old Winder Hwy,,Sideswipe-Same Direction,2,Clear,Dry,Daylight
2023-07-18T02:10:00.000,I 85,I 85 and Old Winder Hwy,,Rear End,2,Clear,Dry,Dark-Not Lighted
2024-07-08T15:24:00.000,I 85,I 85 and Old Winder Hwy,,Not a Collision with Motor Vehicle,1,Clear,Dry,Daylight
2024-02-13T17:15:00.000,I 85,I 85 and Old Winder Hwy,,Sideswipe-Same Direction,3,Clear,Dry,Daylight
2020-09-01T06:20:00.000,I 85,I 85 and Old W Point Rd Opas,,Not a Collision with Motor Vehicle,1,Fog,Dry,Dark-Not Lighted
2021-05-30T17:20:00.000,I 85,I 85 and Old W Point Rd,,Rear End,2,Clear,Dry,Daylight
2020-07-13T18:21:00.000,I 85,I 85 and Old W Point Rd,,Not a Collision with Motor Vehicle,1,Clear,Dry,Daylight
2021-09-05T20:50:00.000,I 85,I 85 and Old W Point Rd,,Sideswipe-Same Direction,2,Clear,Dry,Dark-Not Lighted
2024-11-12T08:07:00.000,I 85,I 85 and Old Peactree Rd,,Angle Crash,2,Clear,Dry,Daylight
2020-02-29T20:10:00.000,I 85,I 85 and Old Peachtreed Rd,,Not a Collision with Motor Vehicle,1,Clear,Dry,Dusk
2024-10-03T16:44:00.000,I 85,I 85 and Old Peachtree St,,Rear End,2,Clear,Dry,Daylight
2024-09-04T17:15:00.000,I 85,I 85 and Old Peachtree St,,Rear End,2,Clear,Dry,Daylight
2024-02-28T08:46:00.000,I 85,I 85 and Old Peachtree Ropad,,Rear End,3,Cloudy,Dry,Daylight
2021-04-01T14:28:00.000,I 85,I 85 and Old Peachtree Road Opas,,Sideswipe-Same Direction,3,Clear,Dry,Daylight
2022-01-18T16:56:00.000,I 85,I 85 and Old Peachtree Road Opas,,Angle Crash,2,Clear,Dry,Daylight
2022-07-29T16:52:00.000,I 85,I 85 and Old Peachtree Road Northwest,,Rear End,2,Rain,Wet,Daylight
2023-10-12T18:03:00.000,I 85,I 85 and Old Peachtree Road Northwest,,Angle Crash,2,Cloudy,Dry,Daylight
2022-02-22T08:30:00.000,I 85,I 85 and Old Peachtree Rd.,,Sideswipe-Same Direction,2,Clear,Dry,Daylight
2023-08-07T20:20:00.000,I 85,I 85 and Old Peachtree Rd.,,Not a Collision with Motor Vehicle,1,Rain,Wet,Daylight
2024-10-20T06:34:00.000,I 85,I 85 and Old Peachtree Rd Rp,,Not a Collision with Motor Vehicle,1,Clear,Dry,Dark-Not Lighted
2020-05-06T18:30:00.000,I 85,I 85 and Old Peachtree Rd Opas,,Rear End,2,Clear,Dry,Daylight
2023-01-04T06:20:00.000,I 85,I 85 and Old Peachtree Rd Exit Rp,,Not a Collision with Motor Vehicle,1,Rain,Wet,Dark-Not Lighted
2023-12-10T07:38:00.000,I 85,I 85 and Old Peachtree Rd Exit 109,,Not a Collision with Motor Vehicle,1,Rain,Wet,Daylight
2021-08-13T16:55:00.000,I 85,I 85 and Old Peachtree Rd Exit,,Rear End,2,Clear,Dry,Daylight
2022-10-12T17:33:00.000,I 85,I 85 and Old Peachtree Rd Ex Rp,,Rear End,2,Rain,Wet,Daylight
2021-06-21T18:02:00.000,I 85,I 85 and Old Peachtree Rd Entrance Rp,,Rear End,2,Cloudy,Dry,Daylight
2021-02-03T16:18:00.000,I 85,I 85 and Old Peachtree Rd,,Rear End,2,Clear,Dry,Daylight
2021-03-18T17:27:00.000,I 85,I 85 and Old Peachtree Rd,,Sideswipe-Same Direction,2,Clear,Dry,Daylight
2021-03-11T19:00:00.000,I 85,I 85 and Old Peachtree Rd,,Rear End,2,Clear,Dry,Dark-Not Lighted
2021-05-06T08:09:00.000,I 85,I 85 and Old Peachtree Rd,,Rear End,4,Clear,Dry,Daylight
2021-05-03T16:30:00.000,I 85,I 85 and Old Peachtree Rd,,Not a Collision with Motor Vehicle,1,Rain,Wet,Daylight
2021-05-16T01:29:00.000,I 85,I 85 and Old Peachtree Rd,,Not a Collision with Motor Vehicle,1,Clear,Dry,Dark-Lighted
2021-06-18T11:59:00.000,I 85,I 85 and Old Peachtree Rd,,Rear End,2,Clear,Dry,Daylight
2021-06-17T15:29:00.000,I 85,I 85 and Old Peachtree Rd,,Rear End,2,Clear,Dry,Daylight
2021-06-17T09:26:00.000,I 85,I 85 and Old Peachtree Rd,,Rear End,2,Clear,Dry,Daylight
2021-04-06T14:10:00.000,I 85,I 85 and Old Peachtree Rd,,Sideswipe-Same Direction,2,Clear,Dry,Daylight
2021-01-12T17:26:00.000,I 85,I 85 and Old Peachtree Rd,,Rear End,2,Clear,Dry,Dark-Lighted
2021-10-05T21:12:00.000,I 85,I 85 and Old Peachtree Rd,,Sideswipe-Same Direction,2,Rain,Wet,Dark-Not Lighted
2021-11-09T17:55:00.000,I 85,I 85 and Old Peachtree Rd,,Sideswipe-Same Direction,2,Clear,Dry,Dark-Not Lighted
2021-11-13T08:30:00.000,I 85,I 85 and Old Peachtree Rd,,Sideswipe-Opposite Direction,3,Clear,Dry,Daylight
2021-12-23T14:20:00.000,I 85,I 85 and Old Peachtree Rd,,Not a Collision with Motor Vehicle,1,Cloudy,Dry,Daylight
2021-11-09T14:50:00.000,I 85,I 85 and Old Peachtree Rd,,Rear End,2,Clear,Dry,Daylight
2021-07-20T15:00:00.000,I 85,I 85 and Old Peachtree Rd,,Not a Collision with Motor Vehicle,2,Rain,Wet,Daylight
2021-12-10T10:00:00.000,I 85,I 85 and Old Peachtree Rd,,Sideswipe-Same Direction,2,Rain,Wet,Daylight
2021-10-25T21:00:00.000,I 85,I 85 and Old Peachtree Rd,,Not a Collision with Motor Vehicle,2,Clear,Dry,Dark-Lighted
2021-11-03T15:42:00.000,I 85,I 85 and Old Peachtree Rd,,Sideswipe-Same Direction,2,Clear,Dry,Daylight
2021-05-14T16:44:00.000,I 85,I 85 and Old Peachtree Rd,,Sideswipe-Same Direction,2,Clear,Dry,Daylight
2021-06-24T16:11:00.000,I 85,I 85 and Old Peachtree Rd,,Sideswipe-Same Direction,2,Clear,Dry,Daylight
2021-04-21T12:00:00.000,I 85,I 85 and Old Peachtree Rd,,Not a Collision with Motor Vehicle,1,Clear,Dry,Daylight
2021-05-05T14:31:00.000,I 85,I 85 and Old Peachtree Rd,,Rear End,2,Clear,Dry,Daylight
2021-03-05T16:50:00.000,I 85,I 85 and Old Peachtree Rd,,Rear End,2,Cloudy,Dry,Daylight
2021-04-15T17:02:00.000,I 85,I 85 and Old Peachtree Rd,,Rear End,2,Clear,Dry,Daylight
2021-06-29T10:45:00.000,I 85,I 85 and Old Peachtree Rd,,Not a Collision with Motor Vehicle,1,Rain,Wet,Daylight
2021-05-08T05:20:00.000,I 85,I 85 and Old Peachtree Rd,,Not a Collision with Motor Vehicle,1,Clear,Dry,Dark-Not Lighted
2021-05-05T16:07:00.000,I 85,I 85 and Old Peachtree Rd,,Rear End,2,Clear,Dry,Daylight
2021-06-17T18:55:00.000,I 85,I 85 and Old Peachtree Rd,,Not a Collision with Motor Vehicle,1,Clear,Dry,Daylight
2021-01-29T16:00:00.000,I 85,I 85 and Old Peachtree Rd,,Sideswipe-Same Direction,2,Clear,Dry,Daylight
2021-03-17T12:14:00.000,I 85,I 85 and Old Peachtree Rd,,Not a Collision with Motor Vehicle,2,Clear,Wet,Daylight
2021-05-20T16:03:00.000,I 85,I 85 and Old Peachtree Rd,,Rear End,2,Cloudy,Dry,Daylight
2021-09-23T16:45:00.000,I 85,I 85 and Old Peachtree Rd,,Rear End,2,Clear,Dry,Daylight
2021-07-02T14:07:00.000,I 85,I 85 and Old Peachtree Rd,,Rear End,2,Clear,Dry,Daylight
2021-09-05T01:14:00.000,I 85,I 85 and Old Peachtree Rd,,Rear End,2,Clear,Dry,Dark-Not Lighted
2021-09-15T18:28:00.000,I 85,I 85 and Old Peachtree Rd,,Rear End,2,Rain,Wet,Daylight
2021-12-23T16:20:00.000,I 85,I 85 and Old Peachtree Rd,,Rear End,2,Cloudy,Dry,Daylight
2021-10-20T20:30:00.000,I 85,I 85 and Old Peachtree Rd,,Sideswipe-Same Direction,2,Clear,Dry,Dark-Lighted
2021-12-22T14:30:00.000,I 85,I 85 and Old Peachtree Rd,,Sideswipe-Same Direction,2,Clear,Dry,Daylight
2021-09-09T16:06:00.000,I 85,I 85 and Old Peachtree Rd,,Rear End,2,Clear,Dry,Daylight
2021-12-11T14:43:00.000,I 85,I 85 and Old Peachtree Rd,,Rear End,3,Rain,Wet,Daylight
2021-07-23T15:20:00.000,I 85,I 85 and Old Peachtree Rd,,Rear End,2,Clear,Dry,Daylight
2021-07-23T07:47:00.000,I 85,I 85 and Old Peachtree Rd,,Rear End,2,Clear,Dry,Daylight
2021-03-30T11:59:00.000,I 85,I 85 and Old Peachtree Rd,,Rear End,2,Clear,Dry,Daylight
2021-04-29T18:00:00.000,I 85,I 85 and Old Peachtree Rd,,Angle Crash,2,Clear,Dry,Daylight
2021-12-20T15:52:00.000,I 85,I 85 and Old Peachtree Rd,,Sideswipe-Same Direction,2,Cloudy,Dry,Daylight
2021-09-20T16:25:00.000,I 85,I 85 and Old Peachtree Rd,,Sideswipe-Same Direction,2,Clear,Dry,Daylight
2021-12-23T16:17:00.000,I 85,I 85 and Old Peachtree Rd,,Rear End,2,Clear,Dry,Daylight
2021-12-17T14:10:00.000,I 85,I 85 and Old Peachtree Rd,,Sideswipe-Same Direction,2,Cloudy,Dry,Daylight
2021-03-19T07:10:00.000,I 85,I 85 and Old Peachtree Rd,,Sideswipe-Same Direction,2,Cloudy,Dry,Dawn
2021-01-14T22:00:00.000,I 85,I 85 and Old Peachtree Rd,,Not a Collision with Motor Vehicle,2,Clear,Dry,Dark-Lighted
2021-06-12T16:04:00.000,I 85,I 85 and Old Peachtree Rd,,Sideswipe-Same Direction,2,Clear,Dry,Daylight
2021-01-16T16:19:00.000,I 85,I 85 and Old Peachtree Rd,,Rear End,2,Cloudy,Dry,Dusk
2021-03-14T06:30:00.000,I 85,I 85 and Old Peachtree Rd,,Not a Collision with Motor Vehicle,1,Clear,Dry,Daylight
2021-03-13T20:40:00.000,I 85,I 85 and Old Peachtree Rd,,Sideswipe-Same Direction,2,Clear,Dry,Dark-Not Lighted
2021-09-13T09:50:00.000,I 85,I 85 and Old Peachtree Rd,,Rear End,2,Clear,Dry,Daylight
2021-09-20T12:12:00.000,I 85,I 85 and Old Peachtree Rd,,Angle Crash,2,Rain,Wet,Daylight
2021-10-15T15:47:00.000,I 85,I 85 and Old Peachtree Rd,,Rear End,2,Clear,Dry,Daylight
2021-12-19T14:26:00.000,I 85,I 85 and Old Peachtree Rd,,Sideswipe-Same Direction,2,Cloudy,Water (standing or moving),Daylight
2021-09-28T18:15:00.000,I 85,I 85 and Old Peachtree Rd,,Rear End,2,Clear,Dry,Daylight
2021-08-20T09:24:00.000,I 85,I 85 and Old Peachtree Rd,,Not a Collision with Motor Vehicle,1,Clear,Dry,Daylight
2021-08-12T03:24:00.000,I 85,I 85 and Old Peachtree Rd,,Sideswipe-Same Direction,2,Clear,Dry,Dark-Lighted
2021-07-15T16:57:00.000,I 85,I 85 and Old Peachtree Rd,,Sideswipe-Same Direction,2,Clear,Dry,Daylight
2021-11-22T13:33:00.000,I 85,I 85 and Old Peachtree Rd,,Not a Collision with Motor Vehicle,2,Clear,Dry,Daylight
2021-03-16T13:48:00.000,I 85,I 85 and Old Peachtree Rd,,Not a Collision with Motor Vehicle,1,Rain,Wet,Daylight
2021-05-08T21:27:00.000,I 85,I 85 and Old Peachtree Rd,,Sideswipe-Same Direction,2,Clear,Dry,Dark-Lighted
2021-03-23T19:29:00.000,I 85,I 85 and Old Peachtree Rd,,Not a Collision with Motor Vehicle,1,Clear,Dry,Daylight
2021-03-29T11:20:00.000,I 85,I 85 and Old Peachtree Rd,,Not a Collision with Motor Vehicle,2,Clear,Dry,Daylight
2020-04-02T11:14:00.000,I 85,I 85 and Old Peachtree Rd,,Rear End,2,Clear,Dry,Daylight
2020-10-01T15:00:00.000,I 85,I 85 and Old Peachtree Rd,,Rear End,2,Clear,Dry,Daylight
2020-07-20T07:35:00.000,I 85,I 85 and Old Peachtree Rd,,Not a Collision with Motor Vehicle,1,Clear,Dry,Daylight
2020-10-17T20:55:00.000,I 85,I 85 and Old Peachtree Rd,,Angle Crash,2,Clear,Dry,Dark-Lighted
2020-03-10T20:03:00.000,I 85,I 85 and Old Peachtree Rd,,Rear End,2,Clear,Dry,Dark-Lighted
2020-10-30T08:42:00.000,I 85,I 85 and Old Peachtree Rd,,Rear End,2,Clear,Dry,Daylight
2020-01-13T16:00:00.000,I 85,I 85 and Old Peachtree Rd,,Not a Collision with Motor Vehicle,1,Cloudy,Wet,Daylight
2023-05-25T15:19:00.000,I 85,I 85 and Old Peachtree Rd,,Rear End,2,Clear,Dry,Daylight
2023-06-06T08:05:00.000,I 85,I 85 and Old Peachtree Rd,,Rear End,3,Clear,Dry,Daylight
2023-12-21T12:34:00.000,I 85,I 85 and Old Peachtree Rd,,Sideswipe-Same Direction,2,Cloudy,Dry,Daylight
2023-11-11T20:57:00.000,I 85,I 85 and Old Peachtree Rd,,Sideswipe-Same Direction,2,Clear,Dry,Dark-Lighted
2023-07-11T15:36:00.000,I 85,I 85 and Old Peachtree Rd,,Rear End,2,Clear,Dry,Daylight
2023-06-25T12:21:00.000,I 85,I 85 and Old Peachtree Rd,,Rear End,2,Clear,Dry,Daylight
2023-04-10T11:15:00.000,I 85,I 85 and Old Peachtree Rd,,Sideswipe-Same Direction,2,Clear,Dry,Daylight
2023-12-11T06:40:00.000,I 85,I 85 and Old Peachtree Rd,,Angle Crash,2,Clear,Dry,Dawn
2023-05-05T20:10:00.000,I 85,I 85 and Old Peachtree Rd,,Rear End,2,Clear,Other,Daylight
2023-10-11T16:52:00.000,I 85,I 85 and Old Peachtree Rd,,Sideswipe-Same Direction,2,Rain,Wet,Daylight
2023-08-17T08:35:00.000,I 85,I 85 and Old Peachtree Rd,,Rear End,3,Clear,Dry,Daylight
2023-07-31T17:12:00.000,I 85,I 85 and Old Peachtree Rd,,Rear End,2,Clear,Dry,Daylight
2023-11-29T06:00:00.000,I 85,I 85 and Old Peachtree Rd,,Sideswipe-Same Direction,2,Clear,Dry,Dawn
2023-02-06T00:10:00.000,I 85,I 85 and Old Peachtree Rd,,Sideswipe-Same Direction,2,Clear,Dry,Dark-Lighted
2023-06-29T14:20:00.000,I 85,I 85 and Old Peachtree Rd,,Sideswipe-Same Direction,2,Cloudy,Dry,Daylight
2023-12-23T17:00:00.000,I 85,I 85 and Old Peachtree Rd,,Rear End,4,Clear,Dry,Daylight
2023-05-18T06:10:00.000,I 85,I 85 and Old Peachtree Rd,,Sideswipe-Same Direction,2,Rain,Wet,Dawn
2023-03-07T18:40:00.000,I 85,I 85 and Old Peachtree Rd,,Rear End,2,Clear,Dry,Daylight
2023-01-27T22:31:00.000,I 85,I 85 and Old Peachtree Rd,,Sideswipe-Same Direction,2,Clear,Dry,Dark-Lighted
2023-06-15T13:59:00.000,I 85,I 85 and Old Peachtree Rd,,Rear End,2,Cloudy,Dry,Daylight
2023-03-17T15:50:00.000,I 85,I 85 and Old Peachtree Rd,,Rear End,2,Rain,Wet,Daylight
2023-10-05T07:55:00.000,I 85,I 85 and Old Peachtree Rd,,Not a Collision with Motor Vehicle,2,Cloudy,Dry,Daylight
2023-05-19T09:18:00.000,I 85,I 85 and Old Peachtree Rd,,Not a Collision with Motor Vehicle,2,Cloudy,Dry,Daylight
2023-03-02T21:08:00.000,I 85,I 85 and Old Peachtree Rd,,Sideswipe-Same Direction,2,Rain,Wet,Dark-Not Lighted
2023-08-01T06:30:00.000,I 85,I 85 and Old Peachtree Rd,,Sideswipe-Same Direction,2,Clear,Dry,Dawn
2023-07-28T15:01:00.000,I 85,I 85 and Old Peachtree Rd,,Rear End,2,Clear,Dry,Daylight
2023-01-09T09:01:00.000,I 85,I 85 and Old Peachtree Rd,,Rear End,2,Clear,Dry,Daylight
2023-03-05T14:31:00.000,I 85,I 85 and Old Peachtree Rd,,Sideswipe-Same Direction,2,Clear,Dry,Daylight
2023-06-30T07:37:00.000,I 85,I 85 and Old Peachtree Rd,,Rear End,2,Clear,Dry,Daylight
2023-07-26T13:24:00.000,I 85,I 85 and Old Peachtree Rd,,Rear End,2,Clear,Dry,Daylight
2023-04-29T16:13:00.000,I 85,I 85 and Old Peachtree Rd,,Angle Crash,1,Cloudy,Dry,Daylight
2023-02-18T21:27:00.000,I 85,I 85 and Old Peachtree Rd,,Angle Crash,2,Clear,Dry,Dark-Not Lighted
2023-08-03T17:48:00.000,I 85,I 85 and Old Peachtree Rd,,Rear End,2,Cloudy,Dry,Daylight
2023-05-28T13:05:00.000,I 85,I 85 and Old Peachtree Rd,,Rear End,2,Clear,Dry,Daylight
2023-04-23T12:30:00.000,I 85,I 85 and Old Peachtree Rd,,Angle Crash,3,Clear,Dry,Daylight
2023-10-11T09:55:00.000,I 85,I 85 and Old Peachtree Rd,,Not a Collision with Motor Vehicle,2,Cloudy,Dry,Daylight
2023-03-22T17:13:00.000,I 85,I 85 and Old Peachtree Rd,,Rear End,2,Clear,Dry,Daylight
2023-05-11T16:56:00.000,I 85,I 85 and Old Peachtree Rd,,Rear End,2,Clear,Dry,Daylight
2023-07-17T16:33:00.000,I 85,I 85 and Old Peachtree Rd,,Rear End,2,Clear,Dry,Daylight
2023-01-18T08:53:00.000,I 85,I 85 and Old Peachtree Rd,,Sideswipe-Same Direction,2,Cloudy,Wet,Daylight
2023-01-27T06:46:00.000,I 85,I 85 and Old Peachtree Rd,,Sideswipe-Same Direction,2,Clear,Dry,Dark-Lighted
2023-03-09T09:12:00.000,I 85,I 85 and Old Peachtree Rd,,Sideswipe-Same Direction,3,Cloudy,Dry,Daylight
2023-08-28T06:20:00.000,I 85,I 85 and Old Peachtree Rd,,Sideswipe-Same Direction,2,Rain,Wet,Dawn
2023-11-09T06:33:00.000,I 85,I 85 and Old Peachtree Rd,,Rear End,2,Clear,Dry,Dawn
2023-11-20T08:25:00.000,I 85,I 85 and Old Peachtree Rd,,Rear End,2,Clear,Dry,Daylight
2023-05-11T15:36:00.000,I 85,I 85 and Old Peachtree Rd,,Rear End,2,Clear,Dry,Daylight
2023-12-27T06:30:00.000,I 85,I 85 and Old Peachtree Rd,,Sideswipe-Same Direction,2,Cloudy,Wet,Dawn
2023-07-20T16:30:00.000,I 85,I 85 and Old Peachtree Rd,,Rear End,3,Cloudy,Dry,Daylight
2023-11-01T11:56:00.000,I 85,I 85 and Old Peachtree Rd,,Sideswipe-Opposite Direction,2,Clear,Dry,Daylight
2023-06-07T08:00:00.000,I 85,I 85 and Old Peachtree Rd,,Sideswipe-Same Direction,2,Clear,Dry,Daylight
2023-04-23T13:02:00.000,I 85,I 85 and Old Peachtree Rd,,Rear End,3,Clear,Dry,Daylight
2023-10-14T07:45:00.000,I 85,I 85 and Old Peachtree Rd,,Not a Collision with Motor Vehicle,4,Cloudy,Wet,Daylight
2023-07-17T17:58:00.000,I 85,I 85 and Old Peachtree Rd,,Rear End,2,Cloudy,Dry,Daylight
2023-04-21T16:35:00.000,I 85,I 85 and Old Peachtree Rd,,Rear End,2,Cloudy,Dry,Daylight
2023-01-07T19:18:00.000,I 85,I 85 and Old Peachtree Rd,,Rear End,5,Clear,Dry,Dark-Not Lighted
2023-07-01T12:00:00.000,I 85,I 85 and Old Peachtree Rd,,Sideswipe-Same Direction,2,Clear,Dry,Daylight
2023-08-17T12:10:00.000,I 85,I 85 and Old Peachtree Rd,,Rear End,2,Clear,Dry,Daylight
2023-10-26T16:50:00.000,I 85,I 85 and Old Peachtree Rd,,Sideswipe-Same Direction,2,Clear,Dry,Daylight
2023-08-16T13:25:00.000,I 85,I 85 and Old Peachtree Rd,,Not a Collision with Motor Vehicle,2,Clear,Dry,Daylight
2023-05-31T18:14:00.000,I 85,I 85 and Old Peachtree Rd,,Rear End,2,Clear,Dry,Daylight
2023-04-03T17:19:00.000,I 85,I 85 and Old Peachtree Rd,,Rear End,2,Cloudy,Dry,Daylight
2023-11-21T17:37:00.000,I 85,I 85 and Old Peachtree Rd,,Rear End,2,Rain,Wet,Daylight
2023-01-13T13:16:00.000,I 85,I 85 and Old Peachtree Rd,,Rear End,2,Cloudy,Dry,Daylight
2023-05-02T07:40:00.000,I 85,I 85 and Old Peachtree Rd,,Rear End,2,Clear,Dry,Daylight
2023-07-20T22:51:00.000,I 85,I 85 and Old Peachtree Rd,,Sideswipe-Same Direction,2,Clear,Dry,Dark-Lighted
2023-04-27T15:50:00.000,I 85,I 85 and Old Peachtree Rd,,Sideswipe-Same Direction,2,Rain,Wet,Daylight
2023-09-09T16:40:00.000,I 85,I 85 and Old Peachtree Rd,,Angle Crash,2,Clear,Dry,Daylight
2023-05-02T09:00:00.000,I 85,I 85 and Old Peachtree Rd,,Rear End,3,Cloudy,Dry,Daylight
2023-07-31T11:46:00.000,I 85,I 85 and Old Peachtree Rd,,Sideswipe-Same Direction,2,Clear,Dry,Daylight
2023-12-18T17:02:00.000,I 85,I 85 and Old Peachtree Rd,,Sideswipe-Same Direction,2,Clear,Dry,Daylight
2023-06-07T15:45:00.000,I 85,I 85 and Old Peachtree Rd,,Rear End,2,Cloudy,Dry,Daylight
2022-06-11T14:57:00.000,I 85,I 85 and Old Peachtree Rd,,Rear End,2,Clear,Dry,Daylight
2022-03-11T17:01:00.000,I 85,I 85 and Old Peachtree Rd,,Rear End,2,Cloudy,Dry,Daylight
2022-11-07T13:31:00.000,I 85,I 85 and Old Peachtree Rd,,Rear End,2,Clear,Dry,Daylight
2022-10-12T15:14:00.000,I 85,I 85 and Old Peachtree Rd,,Angle Crash,2,Rain,Wet,Daylight
2022-10-16T19:56:00.000,I 85,I 85 and Old Peachtree Rd,,Rear End,2,Clear,Dry,Dark-Not Lighted
2022-01-12T16:15:00.000,I 85,I 85 and Old Peachtree Rd,,Sideswipe-Same Direction,2,Clear,Dry,Daylight
2022-04-04T09:30:00.000,I 85,I 85 and Old Peachtree Rd,,Not a Collision with Motor Vehicle,1,Cloudy,Dry,Daylight
2022-10-12T16:30:00.000,I 85,I 85 and Old Peachtree Rd,,Rear End,2,Cloudy,Wet,Daylight
2021-06-19T18:45:00.000,I 85,I 85 and Old Peachtree Rd,,Rear End,2,Rain,Wet,Dusk
2023-04-14T18:20:00.000,I 85,I 85 and Old Peachtree Rd,,Rear End,2,Cloudy,Dry,Daylight
2023-09-06T15:21:00.000,I 85,I 85 and Old Peachtree Rd,,Angle Crash,2,Clear,Dry,Daylight
2021-12-18T19:37:00.000,I 85,I 85 and Old Peachtree Rd,,Sideswipe-Same Direction,2,Rain,Wet,Dark-Not Lighted
2024-05-20T16:46:00.000,I 85,I 85 and Old Peachtree Rd,,Rear End,2,Clear,Dry,Daylight
2020-12-23T11:21:00.000,I 85,I 85 and Old Peachtree Rd,,Angle Crash,1,Clear,Dry,Daylight
2020-02-14T16:48:00.000,I 85,I 85 and Old Peachtree Rd,,Rear End,2,Clear,Dry,Daylight
2020-05-15T17:25:00.000,I 85,I 85 and Old Peachtree Rd,,Sideswipe-Same Direction,2,Clear,Dry,Daylight
2020-07-17T16:25:00.000,I 85,I 85 and Old Peachtree Rd,,Rear End,2,Clear,Dry,Daylight
2020-09-28T17:21:00.000,I 85,I 85 and Old Peachtree Rd,,Not a Collision with Motor Vehicle,2,Clear,Dry,Daylight
2020-03-06T18:28:00.000,I 85,I 85 and Old Peachtree Rd,,Rear End,2,Clear,Dry,Dark-Lighted
2020-05-17T00:43:00.000,I 85,I 85 and Old Peachtree Rd,,Sideswipe-Same Direction,2,Clear,Dry,Dark-Not Lighted
2020-10-29T04:21:00.000,I 85,I 85 and Old Peachtree Rd,,Not a Collision with Motor Vehicle,1,Rain,Water (standing or moving),Dark-Lighted
2020-01-14T17:55:00.000,I 85,I 85 and Old Peachtree Rd,,Rear End,2,Rain,Wet,Dark-Not Lighted
2020-03-18T06:52:00.000,I 85,I 85 and Old Peachtree Rd,,Not a Collision with Motor Vehicle,1,Cloudy,Dry,Dark-Not Lighted
2020-07-27T12:00:00.000,I 85,I 85 and Old Peachtree Rd,,Rear End,2,Clear,Dry,Daylight
2020-02-05T05:52:00.000,I 85,I 85 and Old Peachtree Rd,,Sideswipe-Same Direction,2,Rain,Wet,Dark-Not Lighted
2020-12-11T13:30:00.000,I 85,I 85 and Old Peachtree Rd,,Not a Collision with Motor Vehicle,2,Cloudy,Dry,Daylight
2020-10-25T00:50:00.000,I 85,I 85 and Old Peachtree Rd,,Not a Collision with Motor Vehicle,1,Rain,Water (standing or moving),Dark-Not Lighted