Date and Time,Roadway (From Crash Report),Intersection Name (from Crash Report),KABCO Severity,Manner of Collision (Crash Level) ,# of Vehicles per crash ,Weather Conditions (Crash Level),Surface Condition (Crash Level) ,Light Conditions (Crash Level)
2020-08-15T17:01:00.000,I 85,I 85 and Old Peachtree Rd,,Angle Crash,2,Clear,Dry,Daylight
2020-11-16T16:10:00.000,I 85,I 85 and Old Peachtree Rd,,Rear End,2,Clear,Dry,Daylight
2020-04-20T14:15:00.000,I 85,I 85 and Old Peachtree Rd,,Rear End,3,Clear,Dry,Daylight
2020-09-21T12:08:00.000,I 85,I 85 and Old Peachtree Rd,,Not a Collision with Motor Vehicle,2,Clear,Dry,Daylight
2020-04-01T09:40:00.000,I 85,I 85 and Old Peachtree Rd,,Rear End,2,Clear,Dry,Daylight
2020-10-10T21:50:00.000,I 85,I 85 and Old Peachtree Rd,,Sideswipe-Same Direction,2,Rain,Wet,Dark-Lighted
2020-10-08T09:50:00.000,I 85,I 85 and Old Peachtree Rd,,Not a Collision with Motor Vehicle,2,Clear,Dry,Daylight
2020-11-10T16:41:00.000,I 85,I 85 and Old Peachtree Rd,,Rear End,2,Cloudy,Wet,Daylight
2020-02-08T11:15:00.000,I 85,I 85 and Old Peachtree Rd,,Angle Crash,2,Snow,Ice/Frost,Daylight
2020-03-18T15:55:00.000,I 85,I 85 and Old Peachtree Rd,,Not a Collision with Motor Vehicle,2,Clear,Dry,Daylight
2020-02-25T14:28:00.000,I 85,I 85 and Old Peachtree Rd,,Sideswipe-Same Direction,2,Clear,Dry,Daylight
2020-04-03T18:40:00.000,I 85,I 85 and Old Peachtree Rd,,Rear End,2,Clear,Dry,Daylight
2020-08-20T20:17:00.000,I 85,I 85 and Old Peachtree Rd,,Not a Collision with Motor Vehicle,1,Rain,Wet,Dark-Not Lighted
2020-07-15T15:50:00.000,I 85,I 85 and Old Peachtree Rd,,Not a Collision with Motor Vehicle,2,Clear,Dry,Daylight
2020-01-03T05:41:00.000,I 85,I 85 and Old Peachtree Rd,,Sideswipe-Same Direction,2,Fog,Wet,Dark-Not Lighted
2020-02-05T06:30:00.000,I 85,I 85 and Old Peachtree Rd,,Rear End,2,Rain,Wet,Dark-Lighted
2020-11-13T08:27:00.000,I 85,I 85 and Old Peachtree Rd,,Angle Crash,2,Clear,Dry,Daylight
2020-08-12T08:30:00.000,I 85,I 85 and Old Peachtree Rd,,Angle Crash,3,Clear,Dry,Daylight
2020-01-25T04:52:00.000,I 85,I 85 and Old Peachtree Rd,,Not a Collision with Motor Vehicle,1,Cloudy,Dry,Dark-Not Lighted
2020-03-26T03:19:00.000,I 85,I 85 and Old Peachtree Rd,,Not a Collision with Motor Vehicle,1,Clear,Dry,Dark-Not Lighted
2020-09-17T05:43:00.000,I 85,I 85 and Old Peachtree Rd,,Angle Crash,2,Rain,Water (standing or moving),Dark-Not Lighted
2020-11-06T18:57:00.000,I 85,I 85 and Old Peachtree Rd,,Rear End,2,Clear,Dry,Daylight
2020-08-02T02:29:00.000,I 85,I 85 and Old Peachtree Rd,,Angle Crash,2,Clear,Dry,Dark-Lighted
2020-09-04T01:01:00.000,I 85,I 85 and Old Peachtree Rd,,Rear End,2,Clear,Dry,Dark-Not Lighted
2020-05-11T10:25:00.000,I 85,I 85 and Old Peachtree Rd,,Not a Collision with Motor Vehicle,1,Clear,Dry,Daylight
2020-03-11T15:30:00.000,I 85,I 85 and Old Peachtree Rd,,Rear End,2,Clear,Dry,Daylight
2020-10-30T08:53:00.000,I 85,I 85 and Old Peachtree Rd,,Sideswipe-Same Direction,2,Clear,Dry,Daylight
2020-11-13T19:12:00.000,I 85,I 85 and Old Peachtree Rd,,Not a Collision with Motor Vehicle,2,Clear,Dry,Dark-Lighted
2020-11-30T21:20:00.000,I 85,I 85 and Old Peachtree Rd,,Sideswipe-Same Direction,2,Cloudy,Dry,Dark-Not Lighted
2020-01-27T06:48:00.000,I 85,I 85 and Old Peachtree Rd,,Rear End,2,Rain,Wet,Daylight
2020-03-19T19:40:00.000,I 85,I 85 and Old Peachtree Rd,,Rear End,2,Clear,Dry,Daylight
2020-01-03T07:15:00.000,I 85,I 85 and Old Peachtree Rd,,Not a Collision with Motor Vehicle,1,Fog,Wet,Dusk
2020-11-17T05:40:00.000,I 85,I 85 and Old Peachtree Rd,,Angle Crash,2,Clear,Dry,Dark-Not Lighted
2020-07-20T08:26:00.000,I 85,I 85 and Old Peachtree Rd,,Not a Collision with Motor Vehicle,1,Clear,Dry,Daylight
2020-01-24T16:17:00.000,I 85,I 85 and Old Peachtree Rd,,Rear End,2,Cloudy,Wet,Daylight
2020-02-19T09:32:00.000,I 85,I 85 and Old Peachtree Rd,,Rear End,2,Cloudy,Dry,Daylight
2020-08-30T21:27:00.000,I 85,I 85 and Old Peachtree Rd,,Not a Collision with Motor Vehicle,1,Rain,Wet,Dark-Lighted
2020-09-29T23:22:00.000,I 85,I 85 and Old Peachtree Rd,,Not a Collision with Motor Vehicle,1,Rain,Wet,Dark-Lighted
2020-10-21T13:08:00.000,I 85,I 85 and Old Peachtree Rd,,Sideswipe-Same Direction,2,Clear,Dry,Daylight
2020-12-09T08:56:00.000,I 85,I 85 and Old Peachtree Rd,,Not a Collision with Motor Vehicle,1,Clear,Dry,Daylight
2020-01-04T19:41:00.000,I 85,I 85 and Old Peachtree Rd,,Sideswipe-Same Direction,2,Clear,Dry,Dark-Lighted
2020-12-13T17:50:00.000,I 85,I 85 and Old Peachtree Rd,,Rear End,2,Clear,Dry,Dark-Not Lighted
2020-07-07T17:00:00.000,I 85,I 85 and Old Peachtree Rd,,Sideswipe-Same Direction,2,Clear,Dry,Daylight
2020-02-28T05:55:00.000,I 85,I 85 and Old Peachtree Rd,,Sideswipe-Same Direction,2,Clear,Dry,Daylight
2020-08-28T17:45:00.000,I 85,I 85 and Old Peachtree Rd,,Not a Collision with Motor Vehicle,2,Cloudy,Dry,Daylight
2020-07-09T14:35:00.000,I 85,I 85 and Old Peachtree Rd,,Sideswipe-Same Direction,2,Cloudy,Dry,Daylight
2020-10-05T15:34:00.000,I 85,I 85 and Old Peachtree Rd,,Sideswipe-Same Direction,2,Clear,Dry,Daylight
2020-01-24T15:00:00.000,I 85,I 85 and Old Peachtree Rd,,Sideswipe-Same Direction,2,Clear,Wet,Daylight
2020-10-09T16:38:00.000,I 85,I 85 and Old Peachtree Rd,,Rear End,2,Cloudy,Wet,Daylight
2020-11-20T16:56:00.000,I 85,I 85 and Old Peachtree Rd,,Rear End,2,Clear,Dry,Daylight
2020-09-07T08:42:00.000,I 85,I 85 and Old Peachtree Rd,,Sideswipe-Same Direction,2,Clear,Dry,Daylight
2020-06-26T12:00:00.000,I 85,I 85 and Old Peachtree Rd,,Sideswipe-Same Direction,2,Clear,Dry,Daylight
2020-02-28T16:18:00.000,I 85,I 85 and Old Peachtree Rd,,Rear End,3,Cloudy,Dry,Daylight
2020-02-28T17:16:00.000,I 85,I 85 and Old Peachtree Rd,,Rear End,3,Cloudy,Dry,Daylight
2020-08-25T18:20:00.000,I 85,I 85 and Old Peachtree Rd,,Sideswipe-Same Direction,2,Rain,Wet,Daylight
2020-09-17T02:55:00.000,I 85,I 85 and Old Peachtree Rd,,Head On,1,Rain,Wet,Dark-Not Lighted
2020-03-26T11:18:00.000,I 85,I 85 and Old Peachtree Rd,,Sideswipe-Same Direction,2,Cloudy,Dry,Daylight
2020-12-11T17:44:00.000,I 85,I 85 and Old Peachtree Rd,,Rear End,2,Clear,Dry,Dark-Lighted
2020-07-23T21:50:00.000,I 85,I 85 and Old Peachtree Rd,,Sideswipe-Same Direction,2,Clear,Dry,Dark-Not Lighted
2020-10-07T17:02:00.000,I 85,I 85 and Old Peachtree Rd,,Rear End,2,Clear,Dry,Daylight
2020-10-24T22:10:00.000,I 85,I 85 and Old Peachtree Rd,,Not a Collision with Motor Vehicle,1,Rain,Water (standing or moving),Dark-Not Lighted
2020-02-11T10:33:00.000,I 85,I 85 and Old Peachtree Rd,,Rear End,2,Clear,Wet,Daylight
2020-07-23T15:32:00.000,I 85,I 85 and Old Peachtree Rd,,Sideswipe-Same Direction,2,Cloudy,Dry,Daylight
2020-09-17T02:18:00.000,I 85,I 85 and Old Peachtree Rd,,Sideswipe-Same Direction,2,Rain,Wet,Dark-Lighted
2020-09-16T09:06:00.000,I 85,I 85 and Old Peachtree Rd,,Sideswipe-Same Direction,2,Clear,Dry,Daylight
2020-11-23T16:43:00.000,I 85,I 85 and Old Peachtree Rd,,Sideswipe-Same Direction,2,Clear,Dry,Daylight
2020-12-09T07:00:00.000,I 85,I 85 and Old Peachtree Rd,,Rear End,2,Clear,Dry,Daylight
2020-01-11T18:21:00.000,I 85,I 85 and Old Peachtree Rd,,Not a Collision with Motor Vehicle,1,Rain,Wet,Dark-Not Lighted
2020-02-11T17:10:00.000,I 85,I 85 and Old Peachtree Rd,,Rear End,2,Cloudy,Wet,Daylight
2020-12-13T02:30:00.000,I 85,I 85 and Old Peachtree Rd,,Not a Collision with Motor Vehicle,1,Clear,Dry,Dark-Lighted
2020-06-05T13:53:00.000,I 85,I 85 and Old Peachtree Rd,,Not a Collision with Motor Vehicle,1,Cloudy,Dry,Daylight
2020-09-22T07:20:00.000,I 85,I 85 and Old Peachtree Rd,,Not a Collision with Motor Vehicle,1,Clear,Dry,Daylight
2020-01-03T00:00:00.000,I 85,I 85 and Old Peachtree Rd,,Rear End,3,Rain,Wet,Daylight
2020-01-21T10:18:00.000,I 85,I 85 and Old Peachtree Rd,,Not a Collision with Motor Vehicle,1,Cloudy,Dry,Daylight
2020-07-14T13:03:00.000,I 85,I 85 and Old Peachtree Rd,,Sideswipe-Same Direction,2,Clear,Dry,Daylight
2020-05-17T15:15:00.000,I 85,I 85 and Old Peachtree Rd,,Sideswipe-Same Direction,2,Clear,Dry,Daylight
2020-01-19T22:00:00.000,I 85,I 85 and Old Peachtree Rd,,Not a Collision with Motor Vehicle,1,Clear,Dry,Dark-Lighted
2020-07-17T17:08:00.000,I 85,I 85 and Old Peachtree Rd,,Angle Crash,2,Clear,Dry,Daylight
2020-10-05T06:30:00.000,I 85,I 85 and Old Peachtree Rd,,Sideswipe-Same Direction,2,Clear,Dry,Dawn
2020-04-02T11:28:00.000,I 85,I 85 and Old Peachtree Rd,,Not a Collision with Motor Vehicle,1,Clear,Dry,Daylight
2020-01-06T17:53:00.000,I 85,I 85 and Old Peachtree Rd,,Rear End,2,Clear,Dry,Daylight
2020-01-14T18:00:00.000,I 85,I 85 and Old Peachtree Rd,,Rear End,2,Rain,Wet,Dark-Not Lighted
2020-09-30T18:09:00.000,I 85,I 85 and Old Peachtree Rd,,Rear End,2,Clear,Dry,Daylight
2020-04-02T14:45:00.000,I 85,I 85 and Old Peachtree Rd,,Not a Collision with Motor Vehicle,2,Clear,Dry,Daylight
2020-12-03T17:42:00.000,I 85,I 85 and Old Peachtree Rd,,Sideswipe-Same Direction,2,Clear,Dry,Dark-Not Lighted
2020-01-03T14:40:00.000,I 85,I 85 and Old Peachtree Rd,,Rear End,3,Cloudy,Wet,Daylight
2020-02-06T13:30:00.000,I 85,I 85 and Old Peachtree Rd,,Sideswipe-Opposite Direction,2,Rain,Wet,Daylight
2020-11-11T09:41:00.000,I 85,I 85 and Old Peachtree Rd,,Sideswipe-Same Direction,3,Clear,Wet,Daylight
2020-11-02T08:35:00.000,I 85,I 85 and Old Peachtree Rd,,Sideswipe-Same Direction,3,Clear,Dry,Daylight
2020-03-10T13:25:00.000,I 85,I 85 and Old Peachtree Rd,,Sideswipe-Same Direction,2,Cloudy,Wet,Daylight
2020-09-17T08:39:00.000,I 85,I 85 and Old Peachtree Rd,,Head On,2,Rain,Wet,Daylight
2020-12-05T04:25:00.000,I 85,I 85 and Old Peachtree Rd,,Rear End,2,Clear,Dry,Dark-Not Lighted
2020-05-24T23:15:00.000,I 85,I 85 and Old Peachtree Rd,,Not a Collision with Motor Vehicle,1,Clear,Dry,Dark-Lighted
2020-11-29T13:17:00.000,I 85,I 85 and Old Peachtree Rd,,Not a Collision with Motor Vehicle,1,Cloudy,Dry,Daylight
2020-09-06T14:36:00.000,I 85,I 85 and Old Peachtree Rd,,Angle Crash,2,Clear,Dry,Daylight
2020-05-21T10:25:00.000,I 85,I 85 and Old Peachtree Rd,,Sideswipe-Same Direction,2,Cloudy,Dry,Daylight
2020-12-09T18:08:00.000,I 85,I 85 and Old Peachtree Rd,,Rear End,2,Clear,Dry,Dark-Not Lighted
2020-05-20T12:50:00.000,I 85,I 85 and Old Peachtree Rd,,Rear End,2,Cloudy,Dry,Daylight
2020-09-14T06:50:00.000,I 85,I 85 and Old Peachtree Rd,,Sideswipe-Same Direction,2,Clear,Dry,Dark-Lighted
2021-04-27T07:41:00.000,I 85,I 85 and Old Peachtree Rd,,Sideswipe-Same Direction,2,Clear,Dry,Daylight
2021-03-10T17:33:00.000,I 85,I 85 and Old Peachtree Rd,,Not a Collision with Motor Vehicle,1,Clear,Dry,Daylight
2021-05-28T14:59:00.000,I 85,I 85 and Old Peachtree Rd,,Rear End,2,Cloudy,Dry,Daylight
2021-04-24T09:34:00.000,I 85,I 85 and Old Peachtree Rd,,Not a Collision with Motor Vehicle,1,Rain,Wet,Daylight
2021-04-13T17:13:00.000,I 85,I 85 and Old Peachtree Rd,,Rear End,2,Clear,Dry,Daylight
2021-04-13T16:00:00.000,I 85,I 85 and Old Peachtree Rd,,Rear End,2,Clear,Dry,Daylight
2021-03-05T16:30:00.000,I 85,I 85 and Old Peachtree Rd,,Rear End,3,Clear,Dry,Daylight
2021-02-18T18:45:00.000,I 85,I 85 and Old Peachtree Rd,,Sideswipe-Same Direction,2,Clear,Wet,Daylight
2021-01-13T13:50:00.000,I 85,I 85 and Old Peachtree Rd,,Not a Collision with Motor Vehicle,1,Clear,Dry,Daylight
2021-01-12T18:39:00.000,I 85,I 85 and Old Peachtree Rd,,Sideswipe-Same Direction,2,Clear,Dry,Dark-Not Lighted
2021-05-23T17:32:00.000,I 85,I 85 and Old Peachtree Rd,,Sideswipe-Same Direction,2,Clear,Dry,Daylight
2021-03-21T14:42:00.000,I 85,I 85 and Old Peachtree Rd,,Rear End,4,Clear,Dry,Daylight
2021-01-10T08:56:00.000,I 85,I 85 and Old Peachtree Rd,,Sideswipe-Same Direction,2,Clear,Dry,Daylight
2021-06-07T06:00:00.000,I 85,I 85 and Old Peachtree Rd,,Not a Collision with Motor Vehicle,2,Cloudy,Wet,Dawn
2021-01-26T18:40:00.000,I 85,I 85 and Old Peachtree Rd,,Rear End,4,Clear,Dry,Dark-Lighted
2021-03-24T14:15:00.000,I 85,I 85 and Old Peachtree Rd,,Not a Collision with Motor Vehicle,1,Cloudy,Dry,Daylight
2021-01-01T13:23:00.000,I 85,I 85 and Old Peachtree Rd,,Not a Collision with Motor Vehicle,1,Rain,Wet,Daylight
2021-03-10T16:42:00.000,I 85,I 85 and Old Peachtree Rd,,Rear End,2,Clear,Dry,Daylight
2021-05-14T14:27:00.000,I 85,I 85 and Old Peachtree Rd,,Sideswipe-Same Direction,2,Cloudy,Dry,Daylight
2021-08-20T17:02:00.000,I 85,I 85 and Old Peachtree Rd,,Sideswipe-Same Direction,2,Clear,Dry,Daylight
2021-09-08T17:16:00.000,I 85,I 85 and Old Peachtree Rd,,Sideswipe-Same Direction,2,Cloudy,Dry,Daylight
2021-07-22T18:23:00.000,I 85,I 85 and Old Peachtree Rd,,Sideswipe-Same Direction,2,Clear,Dry,Daylight
2021-08-05T17:35:00.000,I 85,I 85 and Old Peachtree Rd,,Sideswipe-Same Direction,2,Clear,Dry,Daylight
2021-10-11T05:50:00.000,I 85,I 85 and Old Peachtree Rd,,Sideswipe-Same Direction,2,Cloudy,Dry,Dark-Not Lighted
2021-07-31T00:43:00.000,I 85,I 85 and Old Peachtree Rd,,Sideswipe-Same Direction,2,Clear,Dry,Dark-Lighted
2021-07-14T14:47:00.000,I 85,I 85 and Old Peachtree Rd,,Not a Collision with Motor Vehicle,1,Cloudy,Wet,Daylight
2021-11-30T16:41:00.000,I 85,I 85 and Old Peachtree Rd,,Sideswipe-Same Direction,2,Clear,Dry,Daylight
2021-07-03T12:20:00.000,I 85,I 85 and Old Peachtree Rd,,Angle Crash,2,Clear,Dry,Daylight
2021-10-20T19:40:00.000,I 85,I 85 and Old Peachtree Rd,,Rear End,4,Clear,Dry,Dark-Lighted
2021-09-12T23:21:00.000,I 85,I 85 and Old Peachtree Rd,,Sideswipe-Opposite Direction,2,Cloudy,Dry,Dark-Lighted
2021-09-16T11:46:00.000,I 85,I 85 and Old Peachtree Rd,,Rear End,2,Rain,Wet,Daylight
2021-09-16T15:38:00.000,I 85,I 85 and Old Peachtree Rd,,Rear End,2,Cloudy,Dry,Daylight
2021-09-22T15:40:00.000,I 85,I 85 and Old Peachtree Rd,,Rear End,2,Cloudy,Dry,Daylight
2021-07-09T04:55:00.000,I 85,I 85 and Old Peachtree Rd,,Not a Collision with Motor Vehicle,2,Clear,Dry,Dark-Lighted
2021-10-03T04:30:00.000,I 85,I 85 and Old Peachtree Rd,,Not a Collision with Motor Vehicle,1,Clear,Dry,Dark-Not Lighted
2021-12-21T16:53:00.000,I 85,I 85 and Old Peachtree Rd,,Rear End,2,Rain,Wet,Daylight
2021-07-08T19:12:00.000,I 85,I 85 and Old Peachtree Rd,,Rear End,2,Clear,Dry,Daylight
2021-07-30T15:10:00.000,I 85,I 85 and Old Peachtree Rd,,Rear End,2,Clear,Dry,Daylight
2021-12-06T04:25:00.000,I 85,I 85 and Old Peachtree Rd,,Not a Collision with Motor Vehicle,1,Clear,Dry,Dark-Not Lighted
2021-07-30T16:00:00.000,I 85,I 85 and Old Peachtree Rd,,Rear End,2,Clear,Dry,Daylight
2021-09-20T16:56:00.000,I 85,I 85 and Old Peachtree Rd,,Not a Collision with Motor Vehicle,1,Rain,Wet,Daylight
2021-08-29T14:15:00.000,I 85,I 85 and Old Peachtree Rd,,Angle Crash,1,Cloudy,Dry,Daylight
2021-09-09T18:10:00.000,I 85,I 85 and Old Peachtree Rd,,Rear End,2,Clear,Dry,Daylight
2021-08-12T08:47:00.000,I 85,I 85 and Old Peachtree Rd,,Not a Collision with Motor Vehicle,2,Clear,Dry,Daylight
2022-09-02T00:39:00.000,I 85,I 85 and Old Peachtree Rd,,Not a Collision with Motor Vehicle,1,Clear,Dry,Dark-Lighted
2022-05-09T12:12:00.000,I 85,I 85 and Old Peachtree Rd,,Not a Collision with Motor Vehicle,3,Clear,Dry,Daylight
2022-06-16T16:56:00.000,I 85,I 85 and Old Peachtree Rd,,Rear End,3,Cloudy,Dry,Daylight
2022-12-23T14:10:00.000,I 85,I 85 and Old Peachtree Rd,,Not a Collision with Motor Vehicle,2,Cloudy,Dry,Daylight
2022-06-05T19:48:00.000,I 85,I 85 and Old Peachtree Rd,,Sideswipe-Same Direction,2,Clear,Dry,Daylight
2022-03-17T09:50:00.000,I 85,I 85 and Old Peachtree Rd,,Sideswipe-Same Direction,2,Clear,Dry,Daylight
2022-12-19T17:58:00.000,I 85,I 85 and Old Peachtree Rd,,Rear End,2,Cloudy,Dry,Dark-Not Lighted
2022-12-18T16:17:00.000,I 85,I 85 and Old Peachtree Rd,,Sideswipe-Same Direction,2,Clear,Dry,Daylight
2021-12-16T09:47:00.000,I 85,I 85 and Old Peachtree Rd,,Rear End,2,Cloudy,Dry,Daylight
2021-10-25T16:16:00.000,I 85,I 85 and Old Peachtree Rd,,Rear End,2,Clear,Dry,Daylight
2021-07-09T09:15:00.000,I 85,I 85 and Old Peachtree Rd,,Rear End,2,Cloudy,Dry,Daylight
2021-10-28T14:38:00.000,I 85,I 85 and Old Peachtree Rd,,Sideswipe-Same Direction,2,Rain,Wet,Daylight
2021-10-17T03:04:00.000,I 85,I 85 and Old Peachtree Rd,,Angle Crash,2,Clear,Dry,Dark-Not Lighted
2021-11-13T13:16:00.000,I 85,I 85 and Old Peachtree Rd,,Sideswipe-Opposite Direction,2,Clear,Dry,Daylight
2021-09-24T15:04:00.000,I 85,I 85 and Old Peachtree Rd,,Rear End,3,Clear,Dry,Daylight
2021-11-15T14:56:00.000,I 85,I 85 and Old Peachtree Rd,,Not a Collision with Motor Vehicle,1,Clear,Dry,Daylight
2022-03-16T05:45:00.000,I 85,I 85 and Old Peachtree Rd,,Sideswipe-Same Direction,2,Rain,Wet,Dark-Not Lighted
2022-03-16T17:24:00.000,I 85,I 85 and Old Peachtree Rd,,Rear End,2,Cloudy,Dry,Dark-Lighted
2022-11-23T15:34:00.000,I 85,I 85 and Old Peachtree Rd,,Rear End,2,Cloudy,Dry,Daylight
2022-05-27T12:10:00.000,I 85,I 85 and Old Peachtree Rd,,Rear End,2,Clear,Dry,Daylight
2022-01-21T21:25:00.000,I 85,I 85 and Old Peachtree Rd,,Angle Crash,2,Cloudy,Dry,Dark-Lighted
2022-05-27T12:46:00.000,I 85,I 85 and Old Peachtree Rd,,Rear End,2,Cloudy,Dry,Daylight
2022-12-30T17:05:00.000,I 85,I 85 and Old Peachtree Rd,,Sideswipe-Same Direction,2,Cloudy,Dry,Daylight
2022-05-19T11:50:00.000,I 85,I 85 and Old Peachtree Rd,,Rear End,2,Cloudy,Dry,Daylight
2022-11-29T12:18:00.000,I 85,I 85 and Old Peachtree Rd,,Not a Collision with Motor Vehicle,1,Clear,Dry,Daylight
2022-05-30T23:14:00.000,I 85,I 85 and Old Peachtree Rd,,Not a Collision with Motor Vehicle,1,Cloudy,Wet,Dark-Lighted
2022-08-01T21:54:00.000,I 85,I 85 and Old Peachtree Rd,,Not a Collision with Motor Vehicle,1,Clear,Ice/Frost,Dark-Not Lighted
2022-04-04T06:15:00.000,I 85,I 85 and Old Peachtree Rd,,Sideswipe-Same Direction,2,Cloudy,Dry,Dark-Lighted
2022-02-03T17:32:00.000,I 85,I 85 and Old Peachtree Rd,,Rear End,2,Rain,Wet,Daylight
2022-07-05T17:58:00.000,I 85,I 85 and Old Peachtree Rd,,Rear End,2,Clear,Dry,Daylight
2022-10-28T16:46:00.000,I 85,I 85 and Old Peachtree Rd,,Rear End,2,Clear,Dry,Daylight
2022-10-18T11:11:00.000,I 85,I 85 and Old Peachtree Rd,,Angle Crash,2,Cloudy,Dry,Daylight
2022-01-25T12:06:00.000,I 85,I 85 and Old Peachtree Rd,,Sideswipe-Same Direction,3,Clear,Dry,Daylight
2022-08-30T07:14:00.000,I 85,I 85 and Old Peachtree Rd,,Sideswipe-Opposite Direction,2,Cloudy,Dry,Daylight
2022-04-12T13:44:00.000,I 85,I 85 and Old Peachtree Rd,,Not a Collision with Motor Vehicle,1,Cloudy,Dry,Daylight
2022-08-05T17:39:00.000,I 85,I 85 and Old Peachtree Rd,,Rear End,2,Cloudy,Dry,Daylight
2022-09-06T16:50:00.000,I 85,I 85 and Old Peachtree Rd,,Sideswipe-Same Direction,2,Cloudy,Dry,Daylight
2022-03-16T05:45:00.000,I 85,I 85 and Old Peachtree Rd,,Angle Crash,2,Rain,Wet,Dark-Not Lighted
2022-08-20T15:42:00.000,I 85,I 85 and Old Peachtree Rd,,Sideswipe-Same Direction,2,Clear,Dry,Daylight
2022-11-23T15:29:00.000,I 85,I 85 and Old Peachtree Rd,,Angle Crash,2,Clear,Dry,Daylight
2022-09-21T18:12:00.000,I 85,I 85 and Old Peachtree Rd,,Rear End,2,Clear,Dry,Daylight
2022-07-20T17:32:00.000,I 85,I 85 and Old Peachtree Rd,,Rear End,2,Clear,Dry,Daylight
2022-08-02T16:00:00.000,I 85,I 85 and Old Peachtree Rd,,Sideswipe-Same Direction,2,Clear,Dry,Daylight
2022-01-27T18:00:00.000,I 85,I 85 and Old Peachtree Rd,,Rear End,2,Cloudy,Dry,Dark-Lighted
2022-05-25T00:00:00.000,I 85,I 85 and Old Peachtree Rd,,Rear End,2,Rain,Wet,Daylight
2022-01-10T20:00:00.000,I 85,I 85 and Old Peachtree Rd,,Rear End,2,Rain,Wet,Dark-Not Lighted
2022-06-29T17:35:00.000,I 85,I 85 and Old Peachtree Rd,,Rear End,2,Rain,Wet,Daylight
2022-08-15T18:00:00.000,I 85,I 85 and Old Peachtree Rd,,Rear End,2,Clear,Dry,Daylight
2022-09-16T18:50:00.000,I 85,I 85 and Old Peachtree Rd,,Rear End,3,Cloudy,Dry,Daylight
2022-02-20T14:44:00.000,I 85,I 85 and Old Peachtree Rd,,Rear End,2,Clear,Dry,Daylight
2022-02-28T07:58:00.000,I 85,I 85 and Old Peachtree Rd,,Not a Collision with Motor Vehicle,1,Clear,Dry,Daylight
2022-07-04T09:02:00.000,I 85,I 85 and Old Peachtree Rd,,Not a Collision with Motor Vehicle,1,Cloudy,Dry,Daylight
2022-12-23T23:33:00.000,I 85,I 85 and Old Peachtree Rd,,Sideswipe-Same Direction,2,Clear,Dry,Dark-Not Lighted
2022-11-04T16:59:00.000,I 85,I 85 and Old Peachtree Rd,,Rear End,3,Clear,Dry,Daylight
2022-01-21T14:00:00.000,I 85,I 85 and Old Peachtree Rd,,Not a Collision with Motor Vehicle,2,Cloudy,Dry,Daylight
2022-06-13T08:06:00.000,I 85,I 85 and Old Peachtree Rd,,Rear End,2,Clear,Dry,Daylight
2022-09-29T12:20:00.000,I 85,I 85 and Old Peachtree Rd,,Sideswipe-Same Direction,2,Clear,Dry,Daylight
2022-01-12T17:18:00.000,I 85,I 85 and Old Peachtree Rd,,Angle Crash,2,Clear,Dry,Daylight
2021-08-04T07:06:00.000,I 85,I 85 and Old Peachtree Rd,,Angle Crash,2,Cloudy,Dry,Daylight
2021-07-08T09:24:00.000,I 85,I 85 and Old Peachtree Rd,,Sideswipe-Same Direction,2,Cloudy,Wet,Daylight
2021-07-30T17:20:00.000,I 85,I 85 and Old Peachtree Rd,,Not a Collision with Motor Vehicle,2,Clear,Dry,Daylight
2021-11-22T17:26:00.000,I 85,I 85 and Old Peachtree Rd,,Sideswipe-Same Direction,2,Clear,Dry,Daylight
2021-11-09T16:22:00.000,I 85,I 85 and Old Peachtree Rd,,Sideswipe-Same Direction,2,Clear,Dry,Daylight
2022-02-17T09:20:00.000,I 85,I 85 and Old Peachtree Rd,,Sideswipe-Same Direction,2,Clear,Dry,Daylight
2022-04-14T16:22:00.000,I 85,I 85 and Old Peachtree Rd,,Sideswipe-Same Direction,2,Clear,Dry,Daylight
2022-01-10T09:32:00.000,I 85,I 85 and Old Peachtree Rd,,Not a Collision with Motor Vehicle,2,Cloudy,Dry,Daylight
2022-04-10T11:57:00.000,I 85,I 85 and Old Peachtree Rd,,Rear End,2,Clear,Dry,Daylight
2022-08-15T16:30:00.000,I 85,I 85 and Old Peachtree Rd,,Rear End,3,Clear,Dry,Daylight
2022-07-28T17:28:00.000,I 85,I 85 and Old Peachtree Rd,,Rear End,2,Cloudy,Dry,Daylight
2022-02-27T12:53:00.000,I 85,I 85 and Old Peachtree Rd,,Not a Collision with Motor Vehicle,1,Rain,Wet,Daylight
2022-10-20T04:40:00.000,I 85,I 85 and Old Peachtree Rd,,Rear End,2,Clear,Dry,Dark-Lighted
2022-09-20T04:20:00.000,I 85,I 85 and Old Peachtree Rd,,Not a Collision with Motor Vehicle,1,Clear,Dry,Dark-Lighted
2022-02-15T15:37:00.000,I 85,I 85 and Old Peachtree Rd,,Rear End,2,Clear,Dry,Daylight