Date and Time,Roadway (From Crash Report),Intersection Name (from Crash Report),KABCO Severity,Manner of Collision (Crash Level) ,# of Vehicles per crash ,Weather Conditions (Crash Level),Surface Condition (Crash Level) ,Light Conditions (Crash Level)
2022-12-06T17:25:00.000,I 85,I 85 and Old Peachtree Rd,,Rear End,2,Fog,Wet,Dusk
2022-09-21T08:54:00.000,I 85,I 85 and Old Peachtree Rd,,Sideswipe-Opposite Direction,2,Clear,Dry,Daylight
2022-12-03T12:32:00.000,I 85,I 85 and Old Peachtree Rd,,Rear End,2,Cloudy,Wet,Daylight
2022-03-11T17:53:00.000,I 85,I 85 and Old Peachtree Rd,,Angle Crash,6,Cloudy,Dry,Daylight
2022-09-23T16:00:00.000,I 85,I 85 and Old Peachtree Rd,,Sideswipe-Same Direction,2,Cloudy,Dry,Daylight
2022-01-18T19:15:00.000,I 85,I 85 and Old Peachtree Rd,,Rear End,2,Clear,Dry,Dark-Not Lighted
2022-06-08T18:45:00.000,I 85,I 85 and Old Peachtree Rd,,Rear End,2,Clear,Dry,Daylight
2022-04-28T17:50:00.000,I 85,I 85 and Old Peachtree Rd,,Rear End,3,Clear,Dry,Daylight
2022-01-08T19:58:00.000,I 85,I 85 and Old Peachtree Rd,,Sideswipe-Same Direction,2,Clear,Dry,Dark-Not Lighted
2022-05-02T06:31:00.000,I 85,I 85 and Old Peachtree Rd,,Sideswipe-Same Direction,2,Clear,Dry,Dark-Lighted
2022-08-11T17:44:00.000,I 85,I 85 and Old Peachtree Rd,,Angle Crash,2,Cloudy,Dry,Daylight
2022-05-31T11:08:00.000,I 85,I 85 and Old Peachtree Rd,,Not a Collision with Motor Vehicle,1,Cloudy,Dry,Daylight
2022-06-18T15:30:00.000,I 85,I 85 and Old Peachtree Rd,,Rear End,2,Clear,Dry,Daylight
2022-09-06T17:06:00.000,I 85,I 85 and Old Peachtree Rd,,Rear End,2,Clear,Dry,Daylight
2022-04-13T17:37:00.000,I 85,I 85 and Old Peachtree Rd,,Rear End,2,Clear,Dry,Daylight
2022-06-13T10:35:00.000,I 85,I 85 and Old Peachtree Rd,,Sideswipe-Same Direction,2,Clear,Dry,Daylight
2022-11-18T07:36:00.000,I 85,I 85 and Old Peachtree Rd,,Rear End,2,Clear,Dry,Daylight
2022-07-11T13:44:00.000,I 85,I 85 and Old Peachtree Rd,,Rear End,2,Clear,Dry,Daylight
2022-04-28T18:20:00.000,I 85,I 85 and Old Peachtree Rd,,Rear End,2,Cloudy,Dry,Daylight
2022-04-11T12:59:00.000,I 85,I 85 and Old Peachtree Rd,,Not a Collision with Motor Vehicle,1,Cloudy,Dry,Daylight
2022-05-06T16:20:00.000,I 85,I 85 and Old Peachtree Rd,,Rear End,2,Cloudy,Dry,Daylight
2022-04-18T13:25:00.000,I 85,I 85 and Old Peachtree Rd,,Sideswipe-Same Direction,2,Cloudy,Dry,Daylight
2022-05-23T08:37:00.000,I 85,I 85 and Old Peachtree Rd,,Not a Collision with Motor Vehicle,1,Rain,Wet,Daylight
2022-01-06T15:45:00.000,I 85,I 85 and Old Peachtree Rd,,Sideswipe-Same Direction,2,Rain,Wet,Daylight
2022-06-16T16:30:00.000,I 85,I 85 and Old Peachtree Rd,,Rear End,2,Cloudy,Dry,Daylight
2022-11-20T14:34:00.000,I 85,I 85 and Old Peachtree Rd,,Rear End,2,Cloudy,Dry,Daylight
2022-10-25T08:54:00.000,I 85,I 85 and Old Peachtree Rd,,Sideswipe-Same Direction,3,Clear,Dry,Daylight
2022-04-12T16:03:00.000,I 85,I 85 and Old Peachtree Rd,,Sideswipe-Same Direction,2,Cloudy,Dry,Daylight
2022-05-19T05:15:00.000,I 85,I 85 and Old Peachtree Rd,,Sideswipe-Same Direction,2,Clear,Dry,Dark-Not Lighted
2022-09-27T15:35:00.000,I 85,I 85 and Old Peachtree Rd,,Rear End,3,Clear,Dry,Daylight
2022-09-08T14:40:00.000,I 85,I 85 and Old Peachtree Rd,,Sideswipe-Same Direction,2,Clear,Dry,Daylight
2022-11-14T19:00:00.000,I 85,I 85 and Old Peachtree Rd,,Rear End,2,Clear,Dry,Dark-Not Lighted
2022-04-26T16:40:00.000,I 85,I 85 and Old Peachtree Rd,,Sideswipe-Same Direction,2,Cloudy,Dry,Daylight
2022-01-05T17:21:00.000,I 85,I 85 and Old Peachtree Rd,,Rear End,2,Cloudy,Dry,Dark-Lighted
2022-10-24T12:51:00.000,I 85,I 85 and Old Peachtree Rd,,Rear End,2,Clear,Dry,Daylight
2022-09-04T23:52:00.000,I 85,I 85 and Old Peachtree Rd,,Not a Collision with Motor Vehicle,1,Rain,Wet,Dark-Not Lighted
2022-09-06T18:15:00.000,I 85,I 85 and Old Peachtree Rd,,Rear End,2,Clear,Dry,Daylight
2022-09-13T15:30:00.000,I 85,I 85 and Old Peachtree Rd,,Sideswipe-Same Direction,2,Clear,Dry,Daylight
2022-10-18T17:39:00.000,I 85,I 85 and Old Peachtree Rd,,Rear End,2,Cloudy,Dry,Daylight
2022-07-29T18:20:00.000,I 85,I 85 and Old Peachtree Rd,,Rear End,2,Clear,Dry,Daylight
2022-08-13T16:24:00.000,I 85,I 85 and Old Peachtree Rd,,Rear End,2,Clear,Dry,Daylight
2022-02-08T19:00:00.000,I 85,I 85 and Old Peachtree Rd,,Not a Collision with Motor Vehicle,1,Cloudy,Dry,Dark-Not Lighted
2022-07-16T13:06:00.000,I 85,I 85 and Old Peachtree Rd,,Rear End,2,Cloudy,Dry,Daylight
2022-12-28T12:31:00.000,I 85,I 85 and Old Peachtree Rd,,Rear End,2,Clear,Dry,Daylight
2022-09-25T17:07:00.000,I 85,I 85 and Old Peachtree Rd,,Head On,2,Cloudy,Dry,Daylight
2022-03-26T23:12:00.000,I 85,I 85 and Old Peachtree Rd,,(None),1,Clear,Dry,Dark-Not Lighted
2022-10-18T16:52:00.000,I 85,I 85 and Old Peachtree Rd,,Rear End,2,Cloudy,Dry,Daylight
2022-11-23T16:48:00.000,I 85,I 85 and Old Peachtree Rd,,Rear End,2,Clear,Dry,Daylight
2022-12-20T13:00:00.000,I 85,I 85 and Old Peachtree Rd,,Sideswipe-Same Direction,2,Rain,Wet,Daylight
2022-02-03T17:45:00.000,I 85,I 85 and Old Peachtree Rd,,Rear End,2,Rain,Wet,Daylight
2022-12-21T05:32:00.000,I 85,I 85 and Old Peachtree Rd,,Rear End,2,Clear,Dry,Dark-Not Lighted
2022-02-18T15:15:00.000,I 85,I 85 and Old Peachtree Rd,,Rear End,3,Clear,Dry,Daylight
2022-04-05T09:38:00.000,I 85,I 85 and Old Peachtree Rd,,Sideswipe-Same Direction,2,Rain,Wet,Daylight
2022-05-04T05:57:00.000,I 85,I 85 and Old Peachtree Rd,,Not a Collision with Motor Vehicle,1,Rain,Water (standing or moving),Dark-Not Lighted
2022-06-21T09:04:00.000,I 85,I 85 and Old Peachtree Rd,,Rear End,2,Clear,Dry,Daylight
2022-12-15T15:30:00.000,I 85,I 85 and Old Peachtree Rd,,Sideswipe-Same Direction,2,Clear,Dry,Daylight
2022-12-29T18:04:00.000,I 85,I 85 and Old Peachtree Rd,,Rear End,2,Clear,Dry,Dark-Lighted
2022-01-17T07:08:00.000,I 85,I 85 and Old Peachtree Rd,,Not a Collision with Motor Vehicle,1,Cloudy,Ice/Frost,Dark-Lighted
2022-09-02T22:05:00.000,I 85,I 85 and Old Peachtree Rd,,Angle Crash,2,Cloudy,Wet,Dark-Lighted
2022-12-29T19:30:00.000,I 85,I 85 and Old Peachtree Rd,,Sideswipe-Same Direction,2,Clear,Dry,Dark-Lighted
2022-08-05T08:20:00.000,I 85,I 85 and Old Peachtree Rd,,Sideswipe-Same Direction,2,Cloudy,Dry,Daylight
2022-11-07T17:10:00.000,I 85,I 85 and Old Peachtree Rd,,Rear End,2,Cloudy,Dry,Daylight
2022-09-23T15:25:00.000,I 85,I 85 and Old Peachtree Rd,,Sideswipe-Same Direction,2,Clear,Dry,Daylight
2022-10-18T18:18:00.000,I 85,I 85 and Old Peachtree Rd,,Rear End,4,Clear,Dry,Daylight
2022-06-30T14:03:00.000,I 85,I 85 and Old Peachtree Rd,,Not a Collision with Motor Vehicle,1,Cloudy,Dry,Daylight
2022-05-23T09:38:00.000,I 85,I 85 and Old Peachtree Rd,,Not a Collision with Motor Vehicle,1,Rain,Wet,Daylight
2022-08-20T21:50:00.000,I 85,I 85 and Old Peachtree Rd,,Sideswipe-Same Direction,2,Clear,Dry,Dark-Not Lighted
2022-06-23T16:35:00.000,I 85,I 85 and Old Peachtree Rd,,Sideswipe-Same Direction,2,Cloudy,Dry,Daylight
2022-04-05T16:00:00.000,I 85,I 85 and Old Peachtree Rd,,Not a Collision with Motor Vehicle,1,Cloudy,Wet,Daylight
2022-05-12T01:45:00.000,I 85,I 85 and Old Peachtree Rd,,Sideswipe-Same Direction,2,Clear,Dry,Dark-Not Lighted
2022-01-03T17:30:00.000,I 85,I 85 and Old Peachtree Rd,,Rear End,2,Clear,Dry,Dusk
2022-09-01T11:57:00.000,I 85,I 85 and Old Peachtree Rd,,Not a Collision with Motor Vehicle,2,Clear,Dry,Daylight
2022-01-28T17:50:00.000,I 85,I 85 and Old Peachtree Rd,,Rear End,2,Cloudy,Dry,Daylight
2022-07-27T13:26:00.000,I 85,I 85 and Old Peachtree Rd,,Sideswipe-Same Direction,2,Cloudy,Dry,Daylight
2022-02-09T11:27:00.000,I 85,I 85 and Old Peachtree Rd,,Angle Crash,2,Clear,Dry,Daylight
2022-09-01T14:45:00.000,I 85,I 85 and Old Peachtree Rd,,Angle Crash,3,Cloudy,Dry,Daylight
2022-12-11T12:25:00.000,I 85,I 85 and Old Peachtree Rd,,Rear End,2,Rain,Wet,Daylight
2022-02-18T15:09:00.000,I 85,I 85 and Old Peachtree Rd,,Rear End,2,Cloudy,Dry,Daylight
2022-02-08T18:30:00.000,I 85,I 85 and Old Peachtree Rd,,Not a Collision with Motor Vehicle,1,Cloudy,Dry,Dark-Not Lighted
2022-07-11T14:03:00.000,I 85,I 85 and Old Peachtree Rd,,Rear End,2,Clear,Dry,Daylight
2022-07-12T09:22:00.000,I 85,I 85 and Old Peachtree Rd,,Sideswipe-Same Direction,3,Clear,Dry,Daylight
2022-06-02T07:20:00.000,I 85,I 85 and Old Peachtree Rd,,Rear End,2,Clear,Dry,Daylight
2022-05-28T11:21:00.000,I 85,I 85 and Old Peachtree Rd,,Rear End,2,Clear,Dry,Daylight
2022-03-05T04:15:00.000,I 85,I 85 and Old Peachtree Rd,,Rear End,2,Clear,Dry,Dark-Not Lighted
2022-12-04T17:25:00.000,I 85,I 85 and Old Peachtree Rd,,Sideswipe-Same Direction,2,Clear,Dry,Dark-Lighted
2022-01-11T07:50:00.000,I 85,I 85 and Old Peachtree Rd,,Angle Crash,2,Clear,Dry,Daylight
2022-06-16T16:26:00.000,I 85,I 85 and Old Peachtree Rd,,Rear End,3,Cloudy,Dry,Daylight
2022-02-03T17:30:00.000,I 85,I 85 and Old Peachtree Rd,,Angle Crash,2,Rain,Wet,Daylight
2022-05-04T05:57:00.000,I 85,I 85 and Old Peachtree Rd,,Not a Collision with Motor Vehicle,1,Rain,Water (standing or moving),Dark-Not Lighted
2022-08-25T21:53:00.000,I 85,I 85 and Old Peachtree Rd,,Not a Collision with Motor Vehicle,8,Clear,Dry,Dark-Lighted
2022-08-23T15:53:00.000,I 85,I 85 and Old Peachtree Rd,,Angle Crash,2,Cloudy,Dry,Daylight
2022-09-01T16:20:00.000,I 85,I 85 and Old Peachtree Rd,,Rear End,2,Clear,Dry,Daylight
2022-09-23T16:40:00.000,I 85,I 85 and Old Peachtree Rd,,Rear End,2,Cloudy,Dry,Daylight
2023-08-28T00:32:00.000,I 85,I 85 and Old Peachtree Rd,,Rear End,2,Clear,Dry,Dark-Not Lighted
2023-08-15T10:21:00.000,I 85,I 85 and Old Peachtree Rd,,Sideswipe-Same Direction,2,Clear,Dry,Daylight
2023-07-11T15:12:00.000,I 85,I 85 and Old Peachtree Rd,,Sideswipe-Same Direction,3,Clear,Dry,Daylight
2023-10-22T03:29:00.000,I 85,I 85 and Old Peachtree Rd,,Rear End,2,Clear,Dry,Dark-Lighted
2023-05-02T07:45:00.000,I 85,I 85 and Old Peachtree Rd,,Rear End,2,Cloudy,Dry,Daylight
2023-03-01T23:55:00.000,I 85,I 85 and Old Peachtree Rd,,Rear End,2,Cloudy,Dry,Dark-Not Lighted
2024-12-05T05:37:00.000,I 85,I 85 and Old Peachtree Rd,,Sideswipe-Same Direction,2,Cloudy,Wet,Dark-Lighted
2024-03-17T09:09:00.000,I 85,I 85 and Old Peachtree Rd,,Sideswipe-Same Direction,2,Clear,Dry,Daylight
2024-09-26T18:40:00.000,I 85,I 85 and Old Peachtree Rd,,Not a Collision with Motor Vehicle,1,Rain,Wet,Daylight
2024-09-26T14:20:00.000,I 85,I 85 and Old Peachtree Rd,,Sideswipe-Same Direction,2,Rain,Wet,Daylight
2024-10-16T05:19:00.000,I 85,I 85 and Old Peachtree Rd,,Sideswipe-Same Direction,2,Clear,Dry,Daylight
2024-12-04T08:15:00.000,I 85,I 85 and Old Peachtree Rd,,Rear End,2,Clear,Dry,Daylight
2024-03-01T10:08:00.000,I 85,I 85 and Old Peachtree Rd,,Rear End,2,Rain,Wet,Daylight
2024-06-09T20:29:00.000,I 85,I 85 and Old Peachtree Rd,,Angle Crash,2,Cloudy,Dry,Daylight
2024-11-30T20:20:00.000,I 85,I 85 and Old Peachtree Rd,,Sideswipe-Same Direction,2,Clear,Dry,Dark-Lighted
2024-10-08T16:25:00.000,I 85,I 85 and Old Peachtree Rd,,Sideswipe-Same Direction,2,Clear,Dry,Daylight
2024-10-11T18:10:00.000,I 85,I 85 and Old Peachtree Rd,,Rear End,2,Clear,Dry,Daylight
2024-06-26T17:52:00.000,I 85,I 85 and Old Peachtree Rd,,Sideswipe-Same Direction,2,Clear,Dry,Daylight
2024-11-18T13:00:00.000,I 85,I 85 and Old Peachtree Rd,,Not a Collision with Motor Vehicle,2,Clear,Dry,Daylight
2024-04-07T02:57:00.000,I 85,I 85 and Old Peachtree Rd,,Sideswipe-Same Direction,2,Clear,Dry,Daylight
2024-01-10T10:56:00.000,I 85,I 85 and Old Peachtree Rd,,Rear End,2,Clear,Dry,Daylight
2024-06-13T17:25:00.000,I 85,I 85 and Old Peachtree Rd,,Rear End,2,Clear,Dry,Daylight
2024-09-12T05:31:00.000,I 85,I 85 and Old Peachtree Rd,,Rear End,2,Rain,Wet,Dark-Not Lighted
2024-06-28T15:36:00.000,I 85,I 85 and Old Peachtree Rd,,Rear End,4,Clear,Dry,Daylight
2024-09-04T19:10:00.000,I 85,I 85 and Old Peachtree Rd,,Sideswipe-Same Direction,2,Clear,Dry,Daylight
2024-01-03T19:54:00.000,I 85,I 85 and Old Peachtree Rd,,Sideswipe-Same Direction,2,Clear,Dry,Dark-Not Lighted
2024-03-23T09:57:00.000,I 85,I 85 and Old Peachtree Rd,,Rear End,2,Clear,Dry,Daylight
2024-06-11T11:13:00.000,I 85,I 85 and Old Peachtree Rd,,Not a Collision with Motor Vehicle,1,Cloudy,Dry,Daylight
2024-06-04T16:45:00.000,I 85,I 85 and Old Peachtree Rd,,Rear End,2,Cloudy,Dry,Daylight
2024-01-10T10:56:00.000,I 85,I 85 and Old Peachtree Rd,,Rear End,2,Clear,Dry,Daylight
2024-02-25T02:00:00.000,I 85,I 85 and Old Peachtree Rd,,Not a Collision with Motor Vehicle,1,Clear,Dry,Dark-Not Lighted
2024-11-07T16:50:00.000,I 85,I 85 and Old Peachtree Rd,,Rear End,2,Clear,Dry,Daylight
2024-03-24T15:42:00.000,I 85,I 85 and Old Peachtree Rd,,Angle Crash,3,Clear,Dry,Daylight
2024-05-25T18:09:00.000,I 85,I 85 and Old Peachtree Rd,,Angle Crash,2,Clear,Dry,Daylight
2024-06-26T15:47:00.000,I 85,I 85 and Old Peachtree Rd,,Sideswipe-Same Direction,2,Cloudy,Dry,Daylight
2024-10-04T21:20:00.000,I 85,I 85 and Old Peachtree Rd,,Angle Crash,2,Clear,Dry,Dark-Lighted
2024-01-16T11:05:00.000,I 85,I 85 and Old Peachtree Rd,,Not a Collision with Motor Vehicle,1,Cloudy,Wet,Daylight
2024-09-25T15:13:00.000,I 85,I 85 and Old Peachtree Rd,,Angle Crash,2,Rain,Wet,Daylight
2024-09-11T12:49:00.000,I 85,I 85 and Old Peachtree Rd,,Rear End,2,Clear,Dry,Daylight
2024-04-05T08:40:00.000,I 85,I 85 and Old Peachtree Rd,,Sideswipe-Same Direction,2,Clear,Dry,Daylight
2024-09-12T05:31:00.000,I 85,I 85 and Old Peachtree Rd,,Angle Crash,3,Rain,Wet,Dark-Lighted
2024-07-28T14:12:00.000,I 85,I 85 and Old Peachtree Rd,,Rear End,2,Cloudy,Dry,Daylight
2024-03-23T10:03:00.000,I 85,I 85 and Old Peachtree Rd,,Rear End,2,Cloudy,Dry,Daylight
2024-09-24T18:00:00.000,I 85,I 85 and Old Peachtree Rd,,Sideswipe-Same Direction,2,Clear,Dry,Daylight
2024-03-26T18:12:00.000,I 85,I 85 and Old Peachtree Rd,,Angle Crash,2,Rain,Wet,Daylight
2023-11-07T16:50:00.000,I 85,I 85 and Old Peachtree Rd,,Rear End,2,Clear,Dry,Daylight
2023-06-18T08:50:00.000,I 85,I 85 and Old Peachtree Rd,,Sideswipe-Same Direction,2,Cloudy,Dry,Daylight
2023-06-07T00:08:00.000,I 85,I 85 and Old Peachtree Rd,,Sideswipe-Same Direction,2,Clear,Dry,Dark-Not Lighted
2023-08-03T17:48:00.000,I 85,I 85 and Old Peachtree Rd,,Rear End,2,Cloudy,Dry,Daylight
2023-09-01T18:46:00.000,I 85,I 85 and Old Peachtree Rd,,Angle Crash,2,Clear,Dry,Daylight
2023-09-23T16:00:00.000,I 85,I 85 and Old Peachtree Rd,,Rear End,2,Clear,Dry,Daylight
2024-02-14T13:40:00.000,I 85,I 85 and Old Peachtree Rd,,Sideswipe-Same Direction,2,Clear,Dry,Daylight
2024-03-01T16:19:00.000,I 85,I 85 and Old Peachtree Rd,,Rear End,2,Rain,Wet,Daylight
2024-07-01T13:50:00.000,I 85,I 85 and Old Peachtree Rd,,Rear End,2,Clear,Dry,Daylight
2024-10-26T00:14:00.000,I 85,I 85 and Old Peachtree Rd,,Sideswipe-Same Direction,2,Clear,Dry,Dark-Not Lighted
2024-06-11T16:10:00.000,I 85,I 85 and Old Peachtree Rd,,Rear End,2,Clear,Dry,Daylight
2024-11-26T12:27:00.000,I 85,I 85 and Old Peachtree Rd,,Rear End,2,Clear,Dry,Daylight
2024-02-24T16:27:00.000,I 85,I 85 and Old Peachtree Rd,,Head On,3,Clear,Dry,Daylight
2023-06-02T18:28:00.000,I 85,I 85 and Old Peachtree Rd,,Not a Collision with Motor Vehicle,1,Cloudy,Dry,Daylight
2023-06-10T13:19:00.000,I 85,I 85 and Old Peachtree Rd,,Sideswipe-Same Direction,2,Cloudy,Dry,Daylight
2023-09-18T06:47:00.000,I 85,I 85 and Old Peachtree Rd,,Not a Collision with Motor Vehicle,1,Clear,Dry,Dark-Not Lighted
2023-07-05T17:00:00.000,I 85,I 85 and Old Peachtree Rd,,Rear End,2,Cloudy,Dry,Daylight
2023-02-28T06:50:00.000,I 85,I 85 and Old Peachtree Rd,,Sideswipe-Same Direction,2,Clear,Dry,Daylight
2023-07-28T09:27:00.000,I 85,I 85 and Old Peachtree Rd,,Sideswipe-Same Direction,2,Clear,Dry,Daylight
2023-02-19T14:33:00.000,I 85,I 85 and Old Peachtree Rd,,Rear End,2,Clear,Dry,Daylight
2023-01-04T06:34:00.000,I 85,I 85 and Old Peachtree Rd,,Not a Collision with Motor Vehicle,1,Rain,Water (standing or moving),Dark-Not Lighted
2023-11-13T06:40:00.000,I 85,I 85 and Old Peachtree Rd,,Angle Crash,2,Clear,Dry,Dark-Not Lighted
2023-12-22T15:20:00.000,I 85,I 85 and Old Peachtree Rd,,Sideswipe-Same Direction,2,Clear,Dry,Daylight
2023-11-03T06:34:00.000,I 85,I 85 and Old Peachtree Rd,,Sideswipe-Same Direction,2,Clear,Dry,Dark-Not Lighted
2023-08-29T10:14:00.000,I 85,I 85 and Old Peachtree Rd,,Sideswipe-Same Direction,3,Clear,Dry,Daylight
2023-07-07T18:13:00.000,I 85,I 85 and Old Peachtree Rd,,Rear End,3,Clear,Dry,Daylight
2023-09-09T12:36:00.000,I 85,I 85 and Old Peachtree Rd,,Not a Collision with Motor Vehicle,1,Cloudy,Dry,Daylight
2023-09-20T17:35:00.000,I 85,I 85 and Old Peachtree Rd,,Rear End,3,Clear,Dry,Daylight
2023-01-13T13:17:00.000,I 85,I 85 and Old Peachtree Rd,,Not a Collision with Motor Vehicle,2,Cloudy,Dry,Daylight
2023-01-13T17:35:00.000,I 85,I 85 and Old Peachtree Rd,,Sideswipe-Same Direction,2,Cloudy,Dry,Daylight
2023-08-18T19:30:00.000,I 85,I 85 and Old Peachtree Rd,,Sideswipe-Same Direction,2,Clear,Dry,Daylight
2023-06-23T17:50:00.000,I 85,I 85 and Old Peachtree Rd,,Rear End,2,Clear,Dry,Daylight
2023-04-05T23:26:00.000,I 85,I 85 and Old Peachtree Rd,,Rear End,2,Cloudy,Dry,Dark-Lighted
2023-10-30T07:31:00.000,I 85,I 85 and Old Peachtree Rd,,Not a Collision with Motor Vehicle,2,Clear,Dry,Daylight
2023-09-17T16:10:00.000,I 85,I 85 and Old Peachtree Rd,,Sideswipe-Opposite Direction,2,Clear,Dry,Daylight
2023-11-15T14:22:00.000,I 85,I 85 and Old Peachtree Rd,,Sideswipe-Same Direction,2,Cloudy,Dry,Daylight
2023-02-09T08:10:00.000,I 85,I 85 and Old Peachtree Rd,,Sideswipe-Same Direction,2,Cloudy,Dry,Daylight
2023-02-02T17:45:00.000,I 85,I 85 and Old Peachtree Rd,,Rear End,2,Rain,Wet,Daylight
2023-03-20T19:40:00.000,I 85,I 85 and Old Peachtree Rd,,Not a Collision with Motor Vehicle,1,Cloudy,Dry,Dark-Lighted
2023-05-26T23:42:00.000,I 85,I 85 and Old Peachtree Rd,,Sideswipe-Same Direction,2,Clear,Dry,Dark-Not Lighted
2023-08-22T08:52:00.000,I 85,I 85 and Old Peachtree Rd,,Sideswipe-Same Direction,2,Clear,Dry,Daylight
2023-03-02T15:39:00.000,I 85,I 85 and Old Peachtree Rd,,Sideswipe-Same Direction,2,Rain,Wet,Daylight
2023-05-31T19:09:00.000,I 85,I 85 and Old Peachtree Rd,,Rear End,2,Clear,Dry,Daylight
2023-07-31T07:28:00.000,I 85,I 85 and Old Peachtree Rd,,Rear End,3,Clear,Dry,Daylight
2023-11-15T11:44:00.000,I 85,I 85 and Old Peachtree Rd,,Rear End,2,Cloudy,Dry,Daylight
2023-07-27T14:55:00.000,I 85,I 85 and Old Peachtree Rd,,Sideswipe-Same Direction,2,Clear,Dry,Daylight
2023-04-17T19:27:00.000,I 85,I 85 and Old Peachtree Rd,,Not a Collision with Motor Vehicle,1,Clear,Dry,Daylight
2023-02-28T10:31:00.000,I 85,I 85 and Old Peachtree Rd,,Sideswipe-Same Direction,2,Clear,Dry,Daylight
2023-08-06T14:01:00.000,I 85,I 85 and Old Peachtree Rd,,Sideswipe-Same Direction,2,Clear,Dry,Daylight
2023-03-08T21:21:00.000,I 85,I 85 and Old Peachtree Rd,,Rear End,2,Clear,Dry,Dark-Not Lighted
2023-08-11T17:56:00.000,I 85,I 85 and Old Peachtree Rd,,Sideswipe-Same Direction,2,Clear,Dry,Daylight
2023-05-21T01:41:00.000,I 85,I 85 and Old Peachtree Rd,,Not a Collision with Motor Vehicle,1,Rain,Wet,Dark-Not Lighted
2023-09-29T18:00:00.000,I 85,I 85 and Old Peachtree Rd,,Rear End,2,Clear,Dry,Daylight
2023-04-10T11:01:00.000,I 85,I 85 and Old Peachtree Rd,,Rear End,2,Cloudy,Dry,Daylight
2023-07-02T18:06:00.000,I 85,I 85 and Old Peachtree Rd,,Rear End,2,Severe Thunderstorm or Tornadic,Wet,Daylight
2023-07-27T18:05:00.000,I 85,I 85 and Old Peachtree Rd,,Rear End,2,Clear,Dry,Daylight
2023-06-11T20:07:00.000,I 85,I 85 and Old Peachtree Rd,,Rear End,2,Cloudy,Dry,Daylight
2023-10-22T02:22:00.000,I 85,I 85 and Old Peachtree Rd,,Rear End,2,Clear,Dry,Dark-Not Lighted
2023-10-22T02:30:00.000,I 85,I 85 and Old Peachtree Rd,,Sideswipe-Same Direction,2,Clear,Dry,Dark-Lighted
2023-02-24T20:28:00.000,I 85,I 85 and Old Peachtree Rd,,Angle Crash,2,Rain,Wet,Dark-Not Lighted
2024-11-18T11:00:00.000,I 85,I 85 and Old Peachtree Rd,,Not a Collision with Motor Vehicle,1,Clear,Dry,Daylight
2024-12-02T17:20:00.000,I 85,I 85 and Old Peachtree Rd,,Sideswipe-Same Direction,2,Clear,Dry,Dusk
2024-08-21T16:44:00.000,I 85,I 85 and Old Peachtree Rd,,Sideswipe-Same Direction,2,Clear,Dry,Daylight
2024-09-25T08:29:00.000,I 85,I 85 and Old Peachtree Rd,,Rear End,2,Clear,Dry,Daylight
2024-09-06T02:00:00.000,I 85,I 85 and Old Peachtree Rd,,Rear End,2,Clear,Dry,Dark-Not Lighted
2024-01-09T09:56:00.000,I 85,I 85 and Old Peachtree Rd,,Angle Crash,3,Rain,Wet,Daylight
2024-04-10T09:19:00.000,I 85,I 85 and Old Peachtree Rd,,Not a Collision with Motor Vehicle,2,Cloudy,Dry,Daylight
2024-05-03T18:10:00.000,I 85,I 85 and Old Peachtree Rd,,Rear End,2,Cloudy,Dry,Daylight
2024-06-21T15:22:00.000,I 85,I 85 and Old Peachtree Rd,,Rear End,2,Clear,Dry,Daylight
2024-02-18T09:20:00.000,I 85,I 85 and Old Peachtree Rd,,Sideswipe-Same Direction,2,Cloudy,Dry,Daylight
2024-11-27T16:00:00.000,I 85,I 85 and Old Peachtree Rd,,Rear End,2,Clear,Dry,Daylight
2024-11-20T18:10:00.000,I 85,I 85 and Old Peachtree Rd,,Rear End,2,Clear,Dry,Dark-Lighted
2024-03-22T15:10:00.000,I 85,I 85 and Old Peachtree Rd,,Rear End,2,Rain,Wet,Daylight
2024-04-13T15:16:00.000,I 85,I 85 and Old Peachtree Rd,,Sideswipe-Same Direction,2,Clear,Dry,Daylight
2024-06-26T19:55:00.000,I 85,I 85 and Old Peachtree Rd,,Angle Crash,2,Clear,Dry,Daylight
2024-03-04T10:48:00.000,I 85,I 85 and Old Peachtree Rd,,Not a Collision with Motor Vehicle,1,Cloudy,Dry,Daylight
2024-09-26T19:15:00.000,I 85,I 85 and Old Peachtree Rd,,Sideswipe-Same Direction,2,Rain,Wet,Daylight
2024-01-04T16:50:00.000,I 85,I 85 and Old Peachtree Rd,,Rear End,2,Clear,Dry,Daylight
2024-03-28T17:00:00.000,I 85,I 85 and Old Peachtree Rd,,Rear End,2,Clear,Dry,Daylight
2024-07-28T13:57:00.000,I 85,I 85 and Old Peachtree Rd,,Rear End,2,Cloudy,Dry,Daylight
2024-11-18T16:00:00.000,I 85,I 85 and Old Peachtree Rd,,Rear End,2,Clear,Dry,Daylight
2024-03-15T16:30:00.000,I 85,I 85 and Old Peachtree Rd,,Rear End,2,Cloudy,Dry,Daylight
2024-07-10T11:00:00.000,I 85,I 85 and Old Peachtree Rd,,Rear End,2,Cloudy,Dry,Daylight
2024-07-15T18:59:00.000,I 85,I 85 and Old Peachtree Rd,,Rear End,2,Cloudy,Wet,Daylight