Date and Time,Roadway (From Crash Report),Intersection Name (from Crash Report),KABCO Severity,Manner of Collision (Crash Level) ,# of Vehicles per crash ,Weather Conditions (Crash Level),Surface Condition (Crash Level) ,Light Conditions (Crash Level)
2024-06-10T17:40:00.000,I 85,I 85 and Old Peachtree Rd,,Rear End,2,Clear,Dry,Daylight
2024-08-24T01:02:00.000,I 85,I 85 and Old Peachtree Rd,,Angle Crash,2,Clear,Dry,Dark-Lighted
2024-03-13T18:22:00.000,I 85,I 85 and Old Peachtree Rd,,Rear End,2,Clear,Dry,Daylight
2024-03-15T17:45:00.000,I 85,I 85 and Old Peachtree Rd,,Sideswipe-Same Direction,2,Cloudy,Dry,Daylight
2024-01-28T19:53:00.000,I 85,I 85 and Old Peachtree Rd,,Rear End,2,Clear,Dry,Dark-Lighted
2024-01-18T08:03:00.000,I 85,I 85 and Old Peachtree Rd,,Angle Crash,2,Clear,Dry,Daylight
2024-04-11T05:42:00.000,I 85,I 85 and Old Peachtree Rd,,Angle Crash,2,Clear,Dry,Dark-Not Lighted
2024-11-20T17:07:00.000,I 85,I 85 and Old Peachtree Rd,,Sideswipe-Same Direction,2,Clear,Dry,Daylight
2024-09-19T06:55:00.000,I 85,I 85 and Old Peachtree Rd,,Rear End,3,Clear,Dry,Dawn
2024-06-28T15:36:00.000,I 85,I 85 and Old Peachtree Rd,,Rear End,2,Clear,Dry,Daylight
2024-01-15T16:12:00.000,I 85,I 85 and Old Peachtree Rd,,Not a Collision with Motor Vehicle,1,Clear,Dry,Daylight
2024-03-21T15:19:00.000,I 85,I 85 and Old Peachtree Rd,,Rear End,2,Cloudy,Dry,Daylight
2024-02-01T20:06:00.000,I 85,I 85 and Old Peachtree Rd,,Sideswipe-Same Direction,2,Clear,Dry,Dark-Lighted
2024-10-24T08:24:00.000,I 85,I 85 and Old Peachtree Rd,,Rear End,2,Clear,Dry,Daylight
2024-03-01T10:47:00.000,I 85,I 85 and Old Peachtree Rd,,Sideswipe-Same Direction,2,Rain,Wet,Daylight
2024-08-28T12:11:00.000,I 85,I 85 and Old Peachtree Rd,,Rear End,2,Cloudy,Dry,Daylight
2024-08-26T08:22:00.000,I 85,I 85 and Old Peachtree Rd,,Not a Collision with Motor Vehicle,1,Clear,Dry,Daylight
2024-05-13T14:25:00.000,I 85,I 85 and Old Peachtree Rd,,Sideswipe-Same Direction,2,Cloudy,Dry,Daylight
2024-11-26T07:30:00.000,I 85,I 85 and Old Peachtree Rd,,Not a Collision with Motor Vehicle,1,Rain,Dry,Daylight
2024-06-21T20:02:00.000,I 85,I 85 and Old Peachtree Rd,,Rear End,2,Cloudy,Dry,Daylight
2024-10-25T16:55:00.000,I 85,I 85 and Old Peachtree Rd,,Rear End,2,Clear,Dry,Daylight
2024-07-07T10:37:00.000,I 85,I 85 and Old Peachtree Rd,,Sideswipe-Same Direction,2,Cloudy,Dry,Daylight
2024-11-25T18:08:00.000,I 85,I 85 and Old Peachtree Rd,,Rear End,2,Clear,Dry,Dark-Lighted
2024-09-01T14:00:00.000,I 85,I 85 and Old Peachtree Rd,,Rear End,3,Clear,Dry,Daylight
2024-12-31T15:30:00.000,I 85,I 85 and Old Peachtree Rd,,Rear End,2,Clear,Dry,Daylight
2024-09-03T16:38:00.000,I 85,I 85 and Old Peachtree Rd,,Rear End,2,Clear,Dry,Daylight
2024-02-28T08:47:00.000,I 85,I 85 and Old Peachtree Rd,,Rear End,2,Cloudy,Wet,Daylight
2024-12-15T17:45:00.000,I 85,I 85 and Old Peachtree Rd,,Rear End,2,Clear,Dry,Dark-Lighted
2024-02-01T13:44:00.000,I 85,I 85 and Old Peachtree Rd,,Sideswipe-Same Direction,3,Clear,Dry,Daylight
2024-10-10T18:10:00.000,I 85,I 85 and Old Peachtree Rd,,Rear End,2,Clear,Dry,Daylight
2024-04-01T07:43:00.000,I 85,I 85 and Old Peachtree Rd,,Rear End,2,Cloudy,Dry,Daylight
2024-09-26T22:36:00.000,I 85,I 85 and Old Peachtree Rd,,Angle Crash,1,Rain,Wet,Dark-Lighted
2024-04-26T15:49:00.000,I 85,I 85 and Old Peachtree Rd,,Rear End,2,Clear,Dry,Daylight
2024-12-29T06:30:00.000,I 85,I 85 and Old Peachtree Rd,,Rear End,2,Rain,Water (standing or moving),Dark-Not Lighted
2024-02-13T17:55:00.000,I 85,I 85 and Old Peachtree Rd,,Rear End,2,Clear,Dry,Daylight
2024-02-22T07:37:00.000,I 85,I 85 and Old Peachtree Rd,,Sideswipe-Same Direction,2,Clear,Dry,Daylight
2024-11-05T16:15:00.000,I 85,I 85 and Old Peachtree Rd,,Sideswipe-Same Direction,2,Clear,Dry,Daylight
2024-07-03T05:38:00.000,I 85,I 85 and Old Peachtree Rd,,Sideswipe-Same Direction,2,Cloudy,Dry,Dark-Not Lighted
2024-12-02T15:52:00.000,I 85,I 85 and Old Peachtree Rd,,Rear End,2,Clear,Dry,Daylight
2024-01-19T20:15:00.000,I 85,I 85 and Old Peachtree Rd,,Not a Collision with Motor Vehicle,1,Clear,Dry,Dark-Lighted
2024-07-25T15:35:00.000,I 85,I 85 and Old Peachtree Rd,,Rear End,2,Cloudy,Dry,Daylight
2024-11-27T17:45:00.000,I 85,I 85 and Old Peachtree Rd,,Rear End,2,Clear,Dry,Dark-Lighted
2024-01-10T13:20:00.000,I 85,I 85 and Old Peachtree Rd,,Rear End,3,Clear,Dry,Daylight
2024-04-10T18:41:00.000,I 85,I 85 and Old Peachtree Rd,,Rear End,2,Cloudy,Wet,Daylight
2024-10-14T17:50:00.000,I 85,I 85 and Old Peachtree Rd,,Rear End,2,Clear,Dry,Daylight
2024-11-27T18:50:00.000,I 85,I 85 and Old Peachtree Rd,,Rear End,3,Clear,Dry,Dark-Not Lighted
2024-12-28T01:25:00.000,I 85,I 85 and Old Peachtree Rd,,Angle Crash,2,Clear,Wet,Dark-Lighted
2024-02-14T18:00:00.000,I 85,I 85 and Old Peachtree Rd,,Sideswipe-Same Direction,2,Clear,Dry,Dusk
2024-12-03T17:10:00.000,I 85,I 85 and Old Peachtree Rd,,Rear End,2,Clear,Dry,Daylight
2024-09-26T14:03:00.000,I 85,I 85 and Old Peachtree Rd,,Not a Collision with Motor Vehicle,1,Rain,Wet,Daylight
2024-04-10T18:12:00.000,I 85,I 85 and Old Peachtree Rd,,Sideswipe-Same Direction,2,Cloudy,Dry,Daylight
2024-07-08T17:16:00.000,I 85,I 85 and Old Peachtree Rd,,Rear End,2,Clear,Dry,Daylight
2024-03-29T22:33:00.000,I 85,I 85 and Old Peachtree Rd,,Rear End,2,Clear,Dry,Dark-Not Lighted
2024-11-01T11:30:00.000,I 85,I 85 and Old Peachtree Rd,,Sideswipe-Same Direction,2,Cloudy,Dry,Daylight
2024-04-15T19:30:00.000,I 85,I 85 and Old Peachtree Rd,,Sideswipe-Same Direction,2,Clear,Dry,Daylight
2024-07-16T12:20:00.000,I 85,I 85 and Old Peachtree Rd,,Not a Collision with Motor Vehicle,1,Clear,Dry,Daylight
2024-06-26T12:23:00.000,I 85,I 85 and Old Peachtree Rd,,Not a Collision with Motor Vehicle,1,Clear,Dry,Daylight
2024-08-13T18:48:00.000,I 85,I 85 and Old Peachtree Rd,,Sideswipe-Same Direction,2,Clear,Dry,Daylight
2024-03-26T17:23:00.000,I 85,I 85 and Old Peachtree Rd,,Sideswipe-Same Direction,2,Rain,Wet,Daylight
2024-04-22T21:39:00.000,I 85,I 85 and Old Peachtree Rd,,Rear End,2,Clear,Dry,Dark-Lighted
2024-02-13T13:35:00.000,I 85,I 85 and Old Peachtree Rd,,Sideswipe-Same Direction,2,Clear,Dry,Daylight
2024-07-14T12:52:00.000,I 85,I 85 and Old Peachtree Rd,,Rear End,2,Clear,Dry,Daylight
2024-04-24T17:00:00.000,I 85,I 85 and Old Peachtree Rd,,Rear End,2,Clear,Dry,Daylight
2024-04-23T08:27:00.000,I 85,I 85 and Old Peachtree Rd,,Rear End,3,Cloudy,Dry,Daylight
2024-04-25T06:51:00.000,I 85,I 85 and Old Peachtree Rd,,Rear End,2,Clear,Dry,Daylight
2024-12-11T01:10:00.000,I 85,I 85 and Old Peachtree Rd,,Not a Collision with Motor Vehicle,1,Rain,Wet,Dark-Not Lighted
2024-07-20T17:25:00.000,I 85,I 85 and Old Peachtree Rd,,Angle Crash,2,Clear,Dry,Daylight
2024-07-31T16:57:00.000,I 85,I 85 and Old Peachtree Rd,,Rear End,3,Clear,Dry,Daylight
2024-07-10T15:41:00.000,I 85,I 85 and Old Peachtree Rd,,Not a Collision with Motor Vehicle,2,Clear,Dry,Daylight
2024-09-18T13:30:00.000,I 85,I 85 and Old Peachtree Rd,,Not a Collision with Motor Vehicle,2,Cloudy,Dry,Daylight
2024-12-24T01:28:00.000,I 85,I 85 and Old Peachtree Rd,,Not a Collision with Motor Vehicle,1,Clear,Dry,Dark-Lighted
2024-07-17T18:06:00.000,I 85,I 85 and Old Peachtree Rd,,Rear End,2,Cloudy,Dry,Daylight
2024-11-21T16:40:00.000,I 85,I 85 and Old Peachtree Rd,,Sideswipe-Same Direction,2,Clear,Dry,Daylight
2024-05-02T01:03:00.000,I 85,I 85 and Old Peachtree Rd,,Not a Collision with Motor Vehicle,1,Clear,Dry,Dark-Lighted
2024-02-23T18:00:00.000,I 85,I 85 and Old Peachtree Rd,,Not a Collision with Motor Vehicle,1,Clear,Dry,Daylight
2024-04-05T22:09:00.000,I 85,I 85 and Old Peachtree Rd,,Rear End,2,Clear,Dry,Dark-Lighted
2024-03-14T17:50:00.000,I 85,I 85 and Old Peachtree Rd,,Rear End,2,Clear,Dry,Daylight
2024-05-10T12:10:00.000,I 85,I 85 and Old Peachtree Rd,,Not a Collision with Motor Vehicle,1,Clear,Dry,Daylight
2024-10-13T13:23:00.000,I 85,I 85 and Old Peachtree Rd,,Rear End,2,Clear,Dry,Daylight
2024-06-25T16:00:00.000,I 85,I 85 and Old Peachtree Rd,,Rear End,2,Clear,Dry,Daylight
2024-01-12T20:08:00.000,I 85,I 85 and Old Peachtree Rd,,Not a Collision with Motor Vehicle,1,Fog,Dry,Dark-Lighted
2024-03-26T17:18:00.000,I 85,I 85 and Old Peachtree Rd,,Not a Collision with Motor Vehicle,1,Rain,Wet,Daylight
2024-07-24T06:50:00.000,I 85,I 85 and Old Peachtree Rd,,Rear End,2,Cloudy,Dry,Daylight
2024-10-04T15:00:00.000,I 85,I 85 and Old Peachtree Rd,,Rear End,2,Cloudy,Dry,Daylight
2024-03-29T15:10:00.000,I 85,I 85 and Old Peachtree Rd,,Rear End,3,Clear,Dry,Daylight
2024-02-24T13:31:00.000,I 85,I 85 and Old Peachtree Rd,,Rear End,2,Clear,Dry,Daylight
2024-04-23T16:20:00.000,I 85,I 85 and Old Peachtree Rd,,Rear End,2,Clear,Dry,Daylight
2024-09-07T09:22:00.000,I 85,I 85 and Old Peachtree Rd,,Angle Crash,2,Clear,Dry,Daylight
2024-04-18T18:45:00.000,I 85,I 85 and Old Peachtree Rd,,Rear End,2,Cloudy,Dry,Daylight
2024-12-18T21:08:00.000,I 85,I 85 and Old Peachtree Rd,,Rear End,2,Cloudy,Dry,Dark-Not Lighted
2024-12-21T17:41:00.000,I 85,I 85 and Old Peachtree Rd,,Rear End,2,Clear,Dry,Dark-Not Lighted
2024-03-26T18:02:00.000,I 85,I 85 and Old Peachtree Rd,,Rear End,2,Rain,Wet,Daylight
2024-04-18T17:32:00.000,I 85,I 85 and Old Peachtree Rd,,Rear End,3,Clear,Dry,Daylight
2024-01-04T17:20:00.000,I 85,I 85 and Old Peachtree Rd,,Rear End,2,Clear,Dry,Dark-Not Lighted
2024-07-10T16:30:00.000,I 85,I 85 and Old Peachtree Rd,,Sideswipe-Same Direction,2,Clear,Dry,Daylight
2024-10-18T08:10:00.000,I 85,I 85 and Old Peachtree Rd,,Rear End,2,Clear,Dry,Daylight
2024-08-31T13:50:00.000,I 85,I 85 and Old Peachtree Rd,,Rear End,2,Clear,Dry,Daylight
2024-08-29T20:55:00.000,I 85,I 85 and Old Peachtree Rd,,Sideswipe-Same Direction,2,Rain,Wet,Dark-Lighted
2024-09-12T15:04:00.000,I 85,I 85 and Old Peachtree Rd,,Rear End,2,Cloudy,Wet,Daylight
2024-08-09T03:35:00.000,I 85,I 85 and Old Peachtree Rd,,Not a Collision with Motor Vehicle,1,Cloudy,Dry,Dark-Not Lighted
2024-08-01T17:50:00.000,I 85,I 85 and Old Peachtree Rd,,Rear End,3,Clear,Dry,Daylight
2024-06-14T13:31:00.000,I 85,I 85 and Old Peachtree Rd,,Sideswipe-Same Direction,2,Clear,Dry,Daylight
2024-04-18T10:17:00.000,I 85,I 85 and Old Peachtree Rd,,Not a Collision with Motor Vehicle,2,Clear,Dry,Daylight
2021-01-31T21:47:00.000,I 85,I 85 and Old Peachtree Raod,,Not a Collision with Motor Vehicle,1,Clear,Wet,Dark-Not Lighted
2022-11-09T10:35:00.000,I 85,I 85 and Old Peachtree Opas,,Sideswipe-Same Direction,2,Clear,Dry,Daylight
2023-07-14T07:00:00.000,I 85,I 85 and Old Peachtree Exit Rp,,Not a Collision with Motor Vehicle,1,Clear,Dry,Daylight
2022-08-15T07:00:00.000,I 85,I 85 and Old Peachtree Entrance Rp,,Angle Crash,2,Clear,Dry,Dusk
2024-06-18T16:17:00.000,I 85,I 85 and Old Peachtree Entrance Rp,,Angle Crash,2,Clear,Dry,Daylight
2021-06-04T23:13:00.000,I 85,I 85 and Old Peachtree,,Sideswipe-Same Direction,2,Cloudy,Dry,Dark-Lighted
2023-04-04T17:10:00.000,I 85,I 85 and Old Peachtree,,Rear End,3,Cloudy,Dry,Daylight
2023-08-24T15:48:00.000,I 85,I 85 and Old Peachtree,,Sideswipe-Same Direction,2,Clear,Dry,Daylight
2023-06-17T10:50:00.000,I 85,I 85 and Old Peachtree,,Rear End,3,Clear,Dry,Daylight
2020-09-25T14:11:00.000,I 85,I 85 and Old Peachtree,,Rear End,2,Cloudy,Dry,Daylight
2020-01-08T00:42:00.000,I 85,I 85 and Old Peachtree,,Rear End,2,Clear,Dry,Dark-Not Lighted
2021-07-19T12:00:00.000,I 85,I 85 and Old Peachtree,,Rear End,4,Rain,Wet,Daylight
2022-06-16T21:33:00.000,I 85,I 85 and Old Peachtree,,Sideswipe-Same Direction,2,Cloudy,Dry,Dark-Lighted
2022-12-19T17:26:00.000,I 85,I 85 and Old Peachtree,,Rear End,2,Clear,Dry,Dark-Not Lighted
2022-03-30T07:28:00.000,I 85,I 85 and Old Peachtree,,Sideswipe-Same Direction,2,Cloudy,Dry,Dawn
2022-05-23T08:39:00.000,I 85,I 85 and Old Peachtree,,Not a Collision with Motor Vehicle,1,Rain,Wet,Daylight
2022-04-28T10:31:00.000,I 85,I 85 and Old Peachtree,,Angle Crash,2,Clear,Dry,Daylight
2022-05-27T12:10:00.000,I 85,I 85 and Old Peachtree,,Rear End,2,Clear,Dry,Daylight
2023-06-02T17:20:00.000,I 85,I 85 and Old Peachtree,,Rear End,2,Clear,Dry,Daylight
2023-06-02T17:20:00.000,I 85,I 85 and Old Peachtree,,Sideswipe-Same Direction,2,Clear,Dry,Daylight
2024-05-25T11:40:00.000,I 85,I 85 and Old Peachtree,,Rear End,2,Cloudy,Wet,Daylight
2024-10-04T20:49:00.000,I 85,I 85 and Old Peachtree,,Sideswipe-Same Direction,2,Cloudy,Dry,Dark-Lighted
2024-11-27T14:15:00.000,I 85,I 85 and Old Peachtree,,Rear End,2,Clear,Dry,Daylight
2024-03-28T06:54:00.000,I 85,I 85 and Old Peachtree,,Rear End,2,Clear,Dry,Dawn
2023-02-07T08:33:00.000,I 85,I 85 and Old Peachtree,,Rear End,3,Clear,Dry,Daylight
2023-11-22T05:00:00.000,I 85,I 85 and Old Peachtree,,Rear End,2,Cloudy,Dry,Daylight
2023-03-20T07:40:00.000,I 85,I 85 and Old Peachtree,,Sideswipe-Same Direction,2,Clear,Dry,Daylight
2023-07-02T13:25:00.000,I 85,I 85 and Old Peachtree,,Rear End,2,Clear,Dry,Daylight
2023-12-20T19:17:00.000,I 85,I 85 and Old Peachtree,,Sideswipe-Same Direction,2,Clear,Dry,Dark-Not Lighted
2024-01-18T07:32:00.000,I 85,I 85 and Old Peachtree,,Sideswipe-Same Direction,2,Clear,Dry,Dawn
2024-03-07T14:13:00.000,I 85,I 85 and Old Peachtree,,Rear End,2,Clear,Dry,Daylight
2024-03-26T18:12:00.000,I 85,I 85 and Old Peachtree,,Sideswipe-Same Direction,2,Rain,Wet,Daylight
2024-11-12T17:10:00.000,I 85,I 85 and Old Peachtree,,Rear End,2,Clear,Dry,Dark-Lighted
2024-06-20T16:56:00.000,I 85,I 85 and Old Peachtree,,Sideswipe-Same Direction,2,Cloudy,Dry,Daylight
2024-08-07T10:30:00.000,I 85,I 85 and Old Peachtree,,Sideswipe-Same Direction,2,Clear,Dry,Daylight
2023-07-10T17:15:00.000,I 85,I 85 and Old Peachtre Rd,,Sideswipe-Same Direction,2,Cloudy,Dry,Daylight
2020-01-16T18:55:00.000,I 85,I 85 and Old Peachtre Rd,,Rear End,2,Cloudy,Dry,Dark-Not Lighted
2023-03-30T03:20:00.000,I 85,I 85 and Old Peachtee Rd,,Head On,1,Clear,Dry,Dark-Lighted
2022-06-29T02:47:00.000,I 85,I 85 and Old Peachtee Rd,,Rear End,2,Clear,Dry,Dark-Lighted
2022-08-06T17:40:00.000,I 85,I 85 and Old Peachtee Rd,,Rear End,2,Clear,Dry,Daylight
2022-08-28T01:15:00.000,I 85,I 85 and Old Peachtee Rd,,Sideswipe-Same Direction,2,Clear,Wet,Dark-Not Lighted
2023-04-29T16:32:00.000,I 85,I 85 and Old Peachtee Rd,,Rear End,3,Clear,Dry,Daylight
2023-04-23T12:57:00.000,I 85,I 85 and Old Peachtee Rd,,Rear End,3,Cloudy,Dry,Daylight
2023-06-13T04:50:00.000,I 85,I 85 and Old Peachtee Rd,,Not a Collision with Motor Vehicle,1,Clear,Dry,Dark-Not Lighted
2023-06-13T04:50:00.000,I 85,I 85 and Old Peachtee,,Angle Crash,3,Clear,Dry,Dark-Not Lighted
2022-02-16T08:00:00.000,I 85,I 85 and Old Peachtee,,Rear End,2,Clear,Dry,Daylight
2022-01-27T18:00:00.000,I 85,I 85 and Old Peachrtree Rd,,Rear End,2,Cloudy,Dry,Dark-Lighted
2021-12-15T07:40:00.000,I 85,I 85 and Old Peach Tree Rd,,Rear End,2,Clear,Dry,Daylight
2021-03-19T17:12:00.000,I 85,I 85 and Old Peach Tree Rd,,Rear End,2,Clear,Dry,Daylight
2023-08-16T21:31:00.000,I 85,I 85 and Old Peach Tree Rd,,Angle Crash,2,Cloudy,Dry,Dark-Lighted
2024-09-22T13:03:00.000,I 85,I 85 and Old Peach Tree Rd,,Rear End,2,Clear,Dry,Daylight
2024-07-23T07:56:00.000,I 85,I 85 and Old Norcrosss Rd,,Rear End,2,Clear,Dry,Daylight
2021-07-01T08:45:00.000,I 85,I 85 and Old Norcross Road Opas,,Sideswipe-Same Direction,2,Clear,Dry,Daylight
2020-12-17T16:40:00.000,I 85,I 85 and Old Norcross Road Opas,,Rear End,2,Clear,Dry,Dark-Lighted
2020-12-02T11:00:00.000,I 85,I 85 and Old Norcross Road Opas,,Sideswipe-Same Direction,2,Clear,Dry,Daylight
2021-06-29T07:50:00.000,I 85,I 85 and Old Norcross Road Opas,,Rear End,2,Clear,Dry,Daylight
2021-06-29T10:55:00.000,I 85,I 85 and Old Norcross Road Opas,,Rear End,2,Clear,Dry,Daylight
2021-08-12T12:10:00.000,I 85,I 85 and Old Norcross Road Opas,,Rear End,3,Clear,Dry,Daylight
2023-07-17T07:35:00.000,I 85,I 85 and Old Norcross Road Opas,,Rear End,2,Cloudy,Dry,Daylight
2021-10-22T17:22:00.000,I 85,I 85 and Old Norcross Rd Opas,,Rear End,2,Clear,Dry,Daylight
2023-11-26T00:04:00.000,I 85,I 85 and Old Norcross Rd Opas,,Rear End,2,Clear,Dry,Dark-Lighted
2020-01-28T06:17:00.000,I 85,I 85 and Old Norcross Rd Opas,,Rear End,2,Clear,Dry,Dark-Not Lighted
2020-09-04T10:50:00.000,I 85,I 85 and Old Norcross Rd Opas,,Sideswipe-Same Direction,2,Clear,Dry,Daylight
2020-01-07T08:13:00.000,I 85,I 85 and Old Norcross Rd Opas,,Rear End,2,Cloudy,Dry,Daylight
2022-07-07T10:35:00.000,I 85,I 85 and Old Norcross Rd Opas,,Not a Collision with Motor Vehicle,1,Clear,Dry,Daylight
2022-03-23T10:35:00.000,I 85,I 85 and Old Norcross Rd Opas,,Rear End,3,Rain,Water (standing or moving),Daylight
2021-05-21T19:00:00.000,I 85,I 85 and Old Norcross Rd,,Angle Crash,2,Clear,Dry,Dusk
2021-07-09T21:33:00.000,I 85,I 85 and Old Norcross Rd,,Not a Collision with Motor Vehicle,1,Cloudy,Wet,Dark-Lighted
2021-09-22T14:22:00.000,I 85,I 85 and Old Norcross Rd,,Rear End,2,Clear,Dry,Daylight
2021-09-07T08:00:00.000,I 85,I 85 and Old Norcross Rd,,Rear End,3,Clear,Dry,Daylight
2021-10-05T18:20:00.000,I 85,I 85 and Old Norcross Rd,,Rear End,2,Cloudy,Dry,Daylight
2021-02-05T09:40:00.000,I 85,I 85 and Old Norcross Rd,,Rear End,2,Cloudy,Wet,Daylight
2021-02-09T17:40:00.000,I 85,I 85 and Old Norcross Rd,,Sideswipe-Same Direction,2,Clear,Dry,Daylight
2021-05-08T14:48:00.000,I 85,I 85 and Old Norcross Rd,,Rear End,2,Clear,Dry,Daylight
2021-04-26T07:44:00.000,I 85,I 85 and Old Norcross Rd,,Rear End,2,Clear,Dry,Daylight
2021-11-18T18:00:00.000,I 85,I 85 and Old Norcross Rd,,Rear End,2,Cloudy,Dry,Dark-Lighted
2021-07-17T17:57:00.000,I 85,I 85 and Old Norcross Rd,,Sideswipe-Same Direction,2,Clear,Dry,Daylight
2021-11-10T18:02:00.000,I 85,I 85 and Old Norcross Rd,,Sideswipe-Same Direction,2,Clear,Dry,Dark-Lighted
2021-10-09T15:10:00.000,I 85,I 85 and Old Norcross Rd,,Angle Crash,2,Clear,Dry,Daylight
2021-04-23T16:23:00.000,I 85,I 85 and Old Norcross Rd,,Rear End,2,Clear,Dry,Daylight
2021-02-05T09:10:00.000,I 85,I 85 and Old Norcross Rd,,Rear End,2,Cloudy,Wet,Daylight
2021-04-30T23:42:00.000,I 85,I 85 and Old Norcross Rd,,Sideswipe-Same Direction,2,Clear,Dry,Dark-Lighted
2021-04-11T19:33:00.000,I 85,I 85 and Old Norcross Rd,,Sideswipe-Same Direction,2,Clear,Dry,Dark-Lighted
2021-06-18T08:03:00.000,I 85,I 85 and Old Norcross Rd,,Rear End,2,Clear,Dry,Daylight
2021-09-30T08:55:00.000,I 85,I 85 and Old Norcross Rd,,Rear End,2,Clear,Dry,Daylight
2021-09-07T08:30:00.000,I 85,I 85 and Old Norcross Rd,,Rear End,2,Clear,Dry,Daylight
2021-09-08T00:19:00.000,I 85,I 85 and Old Norcross Rd,,Not a Collision with Motor Vehicle,1,Rain,Wet,Dark-Not Lighted
2021-07-07T18:12:00.000,I 85,I 85 and Old Norcross Rd,,Rear End,2,Cloudy,Dry,Daylight
2021-04-08T11:18:00.000,I 85,I 85 and Old Norcross Rd,,Rear End,4,Clear,Dry,Daylight
2021-03-10T08:03:00.000,I 85,I 85 and Old Norcross Rd,,Sideswipe-Same Direction,2,Clear,Dry,Daylight
2021-04-30T23:39:00.000,I 85,I 85 and Old Norcross Rd,,Sideswipe-Same Direction,2,Clear,Dry,Dark-Lighted
2021-03-05T19:20:00.000,I 85,I 85 and Old Norcross Rd,,Rear End,3,Clear,Dry,Dark-Lighted
2023-01-23T08:45:00.000,I 85,I 85 and Old Norcross Rd,,Rear End,2,Cloudy,Dry,Daylight
2023-07-08T12:58:00.000,I 85,I 85 and Old Norcross Rd,,Rear End,3,Clear,Dry,Daylight
2023-12-14T08:54:00.000,I 85,I 85 and Old Norcross Rd,,Rear End,2,Cloudy,Dry,Daylight
2023-06-27T17:34:00.000,I 85,I 85 and Old Norcross Rd,,Sideswipe-Same Direction,2,Clear,Dry,Daylight
2023-05-03T16:17:00.000,I 85,I 85 and Old Norcross Rd,,Sideswipe-Same Direction,2,Clear,Dry,Daylight
2023-03-17T15:22:00.000,I 85,I 85 and Old Norcross Rd,,Rear End,2,Rain,Wet,Daylight
2023-07-05T14:42:00.000,I 85,I 85 and Old Norcross Rd,,Rear End,2,Clear,Dry,Daylight
2023-06-19T16:45:00.000,I 85,I 85 and Old Norcross Rd,,Not a Collision with Motor Vehicle,1,Clear,Dry,Daylight
2023-08-16T18:49:00.000,I 85,I 85 and Old Norcross Rd,,Rear End,2,Clear,Dry,Dusk
2023-03-17T15:45:00.000,I 85,I 85 and Old Norcross Rd,,Rear End,2,Rain,Wet,Daylight
2023-05-01T16:12:00.000,I 85,I 85 and Old Norcross Rd,,Sideswipe-Same Direction,2,Clear,Dry,Daylight
2023-05-28T03:28:00.000,I 85,I 85 and Old Norcross Rd,,Rear End,3,Clear,Dry,Dark-Lighted
2023-11-10T17:07:00.000,I 85,I 85 and Old Norcross Rd,,Rear End,2,Clear,Wet,Daylight
2023-01-25T10:03:00.000,I 85,I 85 and Old Norcross Rd,,Sideswipe-Same Direction,2,Rain,Wet,Daylight
2023-03-28T08:37:00.000,I 85,I 85 and Old Norcross Rd,,Rear End,2,Cloudy,Dry,Daylight
2023-10-07T03:29:00.000,I 85,I 85 and Old Norcross Rd,,Rear End,2,Clear,Dry,Dark-Lighted
2023-04-27T16:35:00.000,I 85,I 85 and Old Norcross Rd,,Rear End,3,Cloudy,Wet,Daylight
2023-12-23T15:44:00.000,I 85,I 85 and Old Norcross Rd,,Sideswipe-Same Direction,3,Clear,Dry,Daylight
2023-04-12T07:39:00.000,I 85,I 85 and Old Norcross Rd,,Rear End,2,Clear,Dry,Daylight
2023-03-27T08:28:00.000,I 85,I 85 and Old Norcross Rd,,Rear End,2,Rain,Wet,Daylight
2023-04-14T07:30:00.000,I 85,I 85 and Old Norcross Rd,,Angle Crash,2,Cloudy,Wet,Daylight
2023-03-27T10:45:00.000,I 85,I 85 and Old Norcross Rd,,Rear End,2,Cloudy,Wet,Daylight
2023-03-04T19:01:00.000,I 85,I 85 and Old Norcross Rd,,Rear End,2,Clear,Dry,Dark-Lighted
2023-03-29T06:42:00.000,I 85,I 85 and Old Norcross Rd,,Sideswipe-Same Direction,2,Clear,Dry,Dark-Lighted
2022-04-13T10:01:00.000,I 85,I 85 and Old Norcross Rd,,Rear End,2,Cloudy,Dry,Daylight
2022-07-29T12:56:00.000,I 85,I 85 and Old Norcross Rd,,Rear End,2,Clear,Dry,Daylight
2020-12-22T15:36:00.000,I 85,I 85 and Old Norcross Rd,,Rear End,2,Clear,Dry,Daylight
2020-12-22T10:20:00.000,I 85,I 85 and Old Norcross Rd,,Sideswipe-Same Direction,2,Cloudy,Dry,Daylight
2020-12-22T12:35:00.000,I 85,I 85 and Old Norcross Rd,,Rear End,2,Clear,Dry,Daylight
2020-10-16T14:41:00.000,I 85,I 85 and Old Norcross Rd,,Rear End,2,Clear,Dry,Daylight
2020-07-08T10:28:00.000,I 85,I 85 and Old Norcross Rd,,Rear End,3,Cloudy,Dry,Daylight
2020-02-25T07:45:00.000,I 85,I 85 and Old Norcross Rd,,Rear End,2,Cloudy,Wet,Daylight
2020-10-06T17:18:00.000,I 85,I 85 and Old Norcross Rd,,Sideswipe-Same Direction,2,Clear,Dry,Daylight
2020-06-13T07:38:00.000,I 85,I 85 and Old Norcross Rd,,Angle Crash,3,Cloudy,Dry,Daylight