Date and Time,Roadway (From Crash Report),Intersection Name (from Crash Report),KABCO Severity,Manner of Collision (Crash Level) ,# of Vehicles per crash ,Weather Conditions (Crash Level),Surface Condition (Crash Level) ,Light Conditions (Crash Level)
2020-02-07T06:55:00.000,I 85,I 85 and Old Norcross Rd,,Rear End,3,Cloudy,Wet,Daylight
2020-02-22T17:30:00.000,I 85,I 85 and Old Norcross Rd,,Rear End,2,Clear,Dry,Daylight
2020-02-22T17:28:00.000,I 85,I 85 and Old Norcross Rd,,Rear End,2,Clear,Dry,Daylight
2020-08-27T16:50:00.000,I 85,I 85 and Old Norcross Rd,,Rear End,2,Clear,Dry,Daylight
2020-09-25T09:10:00.000,I 85,I 85 and Old Norcross Rd,,Rear End,2,Rain,Wet,Daylight
2020-08-19T19:39:00.000,I 85,I 85 and Old Norcross Rd,,Head On,2,Rain,Wet,Dusk
2020-10-16T14:53:00.000,I 85,I 85 and Old Norcross Rd,,Sideswipe-Same Direction,2,Clear,Dry,Daylight
2021-04-23T22:55:00.000,I 85,I 85 and Old Norcross Rd,,Rear End,2,Clear,Dry,Dark-Lighted
2021-04-11T19:30:00.000,I 85,I 85 and Old Norcross Rd,,Rear End,2,Clear,Dry,Dark-Lighted
2021-10-22T08:00:00.000,I 85,I 85 and Old Norcross Rd,,Rear End,2,Cloudy,Wet,Daylight
2021-10-09T15:10:00.000,I 85,I 85 and Old Norcross Rd,,Angle Crash,2,Clear,Dry,Daylight
2021-11-11T08:36:00.000,I 85,I 85 and Old Norcross Rd,,Rear End,2,Cloudy,Dry,Daylight
2021-10-22T10:14:00.000,I 85,I 85 and Old Norcross Rd,,Not a Collision with Motor Vehicle,2,Clear,Dry,Daylight
2021-11-08T08:50:00.000,I 85,I 85 and Old Norcross Rd,,Sideswipe-Same Direction,2,Clear,Dry,Daylight
2022-06-23T09:02:00.000,I 85,I 85 and Old Norcross Rd,,Rear End,2,Cloudy,Dry,Daylight
2022-06-15T18:54:00.000,I 85,I 85 and Old Norcross Rd,,Rear End,2,Clear,Dry,Daylight
2022-01-14T15:02:00.000,I 85,I 85 and Old Norcross Rd,,Rear End,2,Clear,Dry,Daylight
2021-12-02T22:30:00.000,I 85,I 85 and Old Norcross Rd,,Rear End,2,Clear,Dry,Dark-Lighted
2022-04-04T17:01:00.000,I 85,I 85 and Old Norcross Rd,,Sideswipe-Same Direction,2,Clear,Dry,Daylight
2022-02-18T11:32:00.000,I 85,I 85 and Old Norcross Rd,,Rear End,2,Cloudy,Dry,Daylight
2022-05-26T22:18:00.000,I 85,I 85 and Old Norcross Rd,,Rear End,6,Rain,Wet,Dark-Lighted
2022-10-12T08:43:00.000,I 85,I 85 and Old Norcross Rd,,Rear End,2,Cloudy,Dry,Daylight
2022-07-13T16:43:00.000,I 85,I 85 and Old Norcross Rd,,Rear End,2,Cloudy,Wet,Daylight
2022-07-12T10:50:00.000,I 85,I 85 and Old Norcross Rd,,Sideswipe-Same Direction,2,Clear,Dry,Daylight
2022-11-19T15:18:00.000,I 85,I 85 and Old Norcross Rd,,Sideswipe-Same Direction,2,Clear,Dry,Daylight
2022-06-18T11:55:00.000,I 85,I 85 and Old Norcross Rd,,Sideswipe-Same Direction,2,Clear,Dry,Daylight
2022-11-07T06:58:00.000,I 85,I 85 and Old Norcross Rd,,Rear End,3,Clear,Dry,Daylight
2021-11-28T11:31:00.000,I 85,I 85 and Old Norcross Rd,,Sideswipe-Same Direction,2,Clear,Dry,Daylight
2022-08-24T05:13:00.000,I 85,I 85 and Old Norcross Rd,,Rear End,2,Clear,Dry,Dark-Lighted
2022-04-08T16:42:00.000,I 85,I 85 and Old Norcross Rd,,Rear End,2,Clear,Dry,Daylight
2022-07-01T12:45:00.000,I 85,I 85 and Old Norcross Rd,,Sideswipe-Same Direction,2,Rain,Wet,Daylight
2022-12-14T06:30:00.000,I 85,I 85 and Old Norcross Rd,,Rear End,2,Clear,Wet,Dawn
2022-05-11T13:54:00.000,I 85,I 85 and Old Norcross Rd,,Rear End,2,Clear,Dry,Daylight
2022-10-12T14:25:00.000,I 85,I 85 and Old Norcross Rd,,Rear End,2,Rain,Dry,Daylight
2022-09-06T06:44:00.000,I 85,I 85 and Old Norcross Rd,,Rear End,2,Clear,Wet,Dark-Lighted
2022-11-16T06:42:00.000,I 85,I 85 and Old Norcross Rd,,Sideswipe-Same Direction,2,Clear,Dry,Daylight
2022-10-24T18:25:00.000,I 85,I 85 and Old Norcross Rd,,Rear End,2,Clear,Dry,Daylight
2022-03-22T07:17:00.000,I 85,I 85 and Old Norcross Rd,,Rear End,2,Clear,Dry,Daylight
2022-11-30T00:46:00.000,I 85,I 85 and Old Norcross Rd,,Not a Collision with Motor Vehicle,1,Rain,Wet,Dark-Lighted
2022-11-15T20:30:00.000,I 85,I 85 and Old Norcross Rd,,Sideswipe-Same Direction,2,Clear,Dry,Dark-Lighted
2022-05-27T11:20:00.000,I 85,I 85 and Old Norcross Rd,,Rear End,2,Cloudy,Dry,Daylight
2022-10-16T04:07:00.000,I 85,I 85 and Old Norcross Rd,,Angle Crash,2,Clear,Dry,Dark-Not Lighted
2022-09-28T09:00:00.000,I 85,I 85 and Old Norcross Rd,,Rear End,2,Clear,Dry,Daylight
2022-08-30T07:46:00.000,I 85,I 85 and Old Norcross Rd,,Sideswipe-Same Direction,3,Cloudy,Dry,Daylight
2022-09-17T15:19:00.000,I 85,I 85 and Old Norcross Rd,,Rear End,2,Clear,Dry,Daylight
2022-10-25T15:22:00.000,I 85,I 85 and Old Norcross Rd,,Sideswipe-Same Direction,2,Clear,Dry,Daylight
2022-05-26T22:18:00.000,I 85,I 85 and Old Norcross Rd,,Rear End,2,Rain,Wet,Dark-Lighted
2023-07-13T16:40:00.000,I 85,I 85 and Old Norcross Rd,,Sideswipe-Same Direction,2,Clear,Dry,Daylight
2023-02-17T05:12:00.000,I 85,I 85 and Old Norcross Rd,,Not a Collision with Motor Vehicle,1,Rain,Water (standing or moving),Dark-Not Lighted
2024-10-10T08:30:00.000,I 85,I 85 and Old Norcross Rd,,Rear End,2,Clear,Dry,Daylight
2024-03-08T14:05:00.000,I 85,I 85 and Old Norcross Rd,,Not a Collision with Motor Vehicle,2,Clear,Dry,Daylight
2024-11-21T09:42:00.000,I 85,I 85 and Old Norcross Rd,,Rear End,2,Clear,Dry,Daylight
2024-01-21T13:45:00.000,I 85,I 85 and Old Norcross Rd,,Rear End,2,Clear,Dry,Daylight
2024-07-07T19:15:00.000,I 85,I 85 and Old Norcross Rd,,Rear End,2,Rain,Wet,Daylight
2024-12-22T15:06:00.000,I 85,I 85 and Old Norcross Rd,,Rear End,2,Clear,Dry,Daylight
2024-01-12T23:10:00.000,I 85,I 85 and Old Norcross Rd,,Sideswipe-Same Direction,2,Clear,Dry,Dark-Lighted
2024-09-20T15:19:00.000,I 85,I 85 and Old Norcross Rd,,Angle Crash,2,Clear,Dry,Daylight
2024-08-11T12:34:00.000,I 85,I 85 and Old Norcross Rd,,Sideswipe-Same Direction,2,Clear,Dry,Daylight
2024-11-30T14:25:00.000,I 85,I 85 and Old Norcross Rd,,Rear End,3,Clear,Dry,Daylight
2024-02-14T08:44:00.000,I 85,I 85 and Old Norcross Rd,,Sideswipe-Same Direction,2,Clear,Dry,Daylight
2024-10-10T09:17:00.000,I 85,I 85 and Old Norcross Rd,,Sideswipe-Same Direction,2,Clear,Dry,Daylight
2024-08-17T20:00:00.000,I 85,I 85 and Old Norcross Rd,,Angle Crash,2,Rain,Wet,Dark-Lighted
2024-07-19T00:12:00.000,I 85,I 85 and Old Norcross Rd,,Sideswipe-Same Direction,3,Clear,Dry,Dark-Lighted
2024-12-21T11:25:00.000,I 85,I 85 and Old Norcross Rd,,Sideswipe-Same Direction,2,Clear,Dry,Daylight
2024-11-13T08:56:00.000,I 85,I 85 and Old Norcross Rd,,Sideswipe-Same Direction,2,Clear,Dry,Daylight
2023-08-11T15:19:00.000,I 85,I 85 and Old Norcross Rd,,Rear End,2,Clear,Dry,Daylight
2023-05-06T01:58:00.000,I 85,I 85 and Old Norcross Rd,,Rear End,2,Clear,Dry,Dark-Lighted
2023-03-17T13:40:00.000,I 85,I 85 and Old Norcross Rd,,Not a Collision with Motor Vehicle,1,Rain,Wet,Daylight
2023-06-19T16:50:00.000,I 85,I 85 and Old Norcross Rd,,Not a Collision with Motor Vehicle,1,Clear,Dry,Daylight
2023-09-16T13:58:00.000,I 85,I 85 and Old Norcross Rd,,Rear End,2,Rain,Wet,Daylight
2023-02-13T10:35:00.000,I 85,I 85 and Old Norcross Rd,,Rear End,2,Cloudy,Dry,Daylight
2023-12-08T18:40:00.000,I 85,I 85 and Old Norcross Rd,,Sideswipe-Same Direction,2,Clear,Dry,Dark-Lighted
2023-06-29T05:04:00.000,I 85,I 85 and Old Norcross Rd,,Not a Collision with Motor Vehicle,1,Clear,Dry,Dark-Lighted
2023-01-11T13:29:00.000,I 85,I 85 and Old Norcross Rd,,Rear End,3,Clear,Dry,Daylight
2023-10-20T07:00:00.000,I 85,I 85 and Old Norcross Rd,,Rear End,2,Cloudy,Wet,Dark-Lighted
2023-03-01T10:39:00.000,I 85,I 85 and Old Norcross Rd,,Rear End,2,Cloudy,Dry,Daylight
2023-08-15T07:05:00.000,I 85,I 85 and Old Norcross Rd,,Rear End,2,Clear,Dry,Daylight
2023-11-14T15:00:00.000,I 85,I 85 and Old Norcross Rd,,Sideswipe-Same Direction,2,Clear,Dry,Daylight
2023-02-20T06:05:00.000,I 85,I 85 and Old Norcross Rd,,Sideswipe-Same Direction,2,Cloudy,Dry,Dark-Lighted
2023-08-22T09:16:00.000,I 85,I 85 and Old Norcross Rd,,Rear End,2,Clear,Dry,Daylight
2023-08-09T08:29:00.000,I 85,I 85 and Old Norcross Rd,,Rear End,2,Clear,Dry,Daylight
2023-05-10T09:30:00.000,I 85,I 85 and Old Norcross Rd,,Not a Collision with Motor Vehicle,1,Clear,Dry,Daylight
2023-06-21T15:45:00.000,I 85,I 85 and Old Norcross Rd,,Rear End,2,Rain,Wet,Daylight
2024-08-12T09:48:00.000,I 85,I 85 and Old Norcross Rd,,Rear End,2,Clear,Dry,Daylight
2024-08-10T12:14:00.000,I 85,I 85 and Old Norcross Rd,,Angle Crash,2,Clear,Dry,Daylight
2024-04-26T21:52:00.000,I 85,I 85 and Old Norcross Rd,,Rear End,2,Cloudy,Dry,Dark-Not Lighted
2024-01-18T07:48:00.000,I 85,I 85 and Old Norcross Rd,,Sideswipe-Same Direction,2,Clear,Dry,Daylight
2024-11-07T10:16:00.000,I 85,I 85 and Old Norcross Rd,,Sideswipe-Same Direction,2,Cloudy,Dry,Daylight
2024-08-17T13:02:00.000,I 85,I 85 and Old Norcross Rd,,Rear End,2,Clear,Dry,Daylight
2024-08-20T07:30:00.000,I 85,I 85 and Old Norcross Rd,,Rear End,2,Clear,Dry,Daylight
2024-11-22T12:15:00.000,I 85,I 85 and Old Norcross Rd,,Not a Collision with Motor Vehicle,1,Clear,Dry,Daylight
2024-08-02T06:46:00.000,I 85,I 85 and Old Norcross Rd,,Rear End,2,Clear,Dry,Daylight
2024-09-18T12:45:00.000,I 85,I 85 and Old Norcross Rd,,Rear End,2,Clear,Dry,Daylight
2024-06-10T18:27:00.000,I 85,I 85 and Old Norcross Rd,,Rear End,2,Clear,Dry,Daylight
2024-02-21T09:08:00.000,I 85,I 85 and Old Norcross Rd,,Rear End,2,Clear,Dry,Daylight
2024-04-10T08:20:00.000,I 85,I 85 and Old Norcross Rd,,Rear End,2,Cloudy,Wet,Daylight
2024-08-02T10:19:00.000,I 85,I 85 and Old Norcross Rd,,Rear End,2,Clear,Dry,Daylight
2024-08-02T06:46:00.000,I 85,I 85 and Old Norcross Rd,,Rear End,2,Clear,Dry,Daylight
2024-08-02T06:46:00.000,I 85,I 85 and Old Norcross Rd,,Rear End,2,Clear,Dry,Daylight
2024-03-18T07:45:00.000,I 85,I 85 and Old Norcross Rd,,Rear End,2,Cloudy,Dry,Daylight
2024-08-16T21:40:00.000,I 85,I 85 and Old Norcross Rd,,Rear End,2,Rain,Wet,Dark-Lighted
2024-07-25T17:28:00.000,I 85,I 85 and Old Norcross Rd,,Rear End,2,Clear,Dry,Daylight
2024-04-01T06:27:00.000,I 85,I 85 and Old Norcross Rd,,Angle Crash,2,Clear,Dry,Dark-Lighted
2024-09-23T06:40:00.000,I 85,I 85 and Old Norcross Rd,,Rear End,2,Clear,Dry,Dawn
2024-02-09T07:40:00.000,I 85,I 85 and Old Norcross Rd,,Rear End,2,Cloudy,Dry,Daylight
2024-06-01T17:42:00.000,I 85,I 85 and Old Norcross Rd,,Sideswipe-Same Direction,2,Cloudy,Dry,Daylight
2024-08-17T09:02:00.000,I 85,I 85 and Old Norcross Rd,,Rear End,2,Clear,Wet,Daylight
2024-12-02T15:20:00.000,I 85,I 85 and Old Norcross Rd,,Sideswipe-Same Direction,2,Clear,Dry,Daylight
2024-02-13T09:30:00.000,I 85,I 85 and Old Norcross Rd,,Not a Collision with Motor Vehicle,1,Clear,Dry,Daylight
2024-07-24T18:57:00.000,I 85,I 85 and Old Norcross Rd,,Rear End,2,Rain,Wet,Daylight
2024-11-29T18:57:00.000,I 85,I 85 and Old Norcross Rd,,Angle Crash,2,Clear,Dry,Dark-Lighted
2024-02-13T09:30:00.000,I 85,I 85 and Old Norcross Rd,,Rear End,2,Clear,Dry,Daylight
2024-09-17T08:02:00.000,I 85,I 85 and Old Norcross Rd,,Rear End,2,Clear,Dry,Daylight
2024-09-06T07:38:00.000,I 85,I 85 and Old Norcross Rd,,Rear End,2,Clear,Dry,Daylight
2024-06-29T18:43:00.000,I 85,I 85 and Old Norcross Rd,,Rear End,3,Clear,Dry,Daylight
2024-08-24T15:34:00.000,I 85,I 85 and Old Norcross Rd,,Rear End,2,Clear,Dry,Daylight
2024-08-08T07:10:00.000,I 85,I 85 and Old Norcross Rd,,Rear End,2,Clear,Dry,Daylight
2024-06-05T20:46:00.000,I 85,I 85 and Old Norcross Rd,,Sideswipe-Same Direction,2,Clear,Dry,Dusk
2024-09-28T15:30:00.000,I 85,I 85 and Old Norcross Rd,,Rear End,2,Cloudy,Dry,Daylight
2024-11-30T20:24:00.000,I 85,I 85 and Old Norcross Rd,,(None),2,Clear,Dry,Dark-Lighted
2024-08-24T10:15:00.000,I 85,I 85 and Old Norcross Rd,,Rear End,2,Clear,Dry,Daylight
2024-10-01T11:49:00.000,I 85,I 85 and Old Norcross Rd,,Rear End,2,Cloudy,Dry,Daylight
2024-04-01T07:17:00.000,I 85,I 85 and Old Norcross Rd,,Angle Crash,2,Clear,Dry,Dark-Lighted
2024-05-25T15:31:00.000,I 85,I 85 and Old Norcross Rd,,Sideswipe-Same Direction,2,Clear,Dry,Daylight
2024-11-13T12:00:00.000,I 85,I 85 and Old Norcross Rd,,Sideswipe-Same Direction,2,Clear,Dry,Daylight
2024-05-10T15:14:00.000,I 85,I 85 and Old Norcross Rd,,Rear End,2,Clear,Dry,Daylight
2024-11-05T06:20:00.000,I 85,I 85 and Old Norcross Rd,,Sideswipe-Same Direction,2,Clear,Dry,Daylight
2024-08-09T10:49:00.000,I 85,I 85 and Old Norcross Rd,,Rear End,2,Clear,Dry,Daylight
2024-10-22T14:22:00.000,I 85,I 85 and Old Norcross Rd,,Rear End,3,Clear,Dry,Daylight
2024-10-04T19:28:00.000,I 85,I 85 and Old Norcross Rd,,Rear End,4,Clear,Dry,Dark-Not Lighted
2024-03-30T04:11:00.000,I 85,I 85 and Old Norcross Rd,,Angle Crash,2,Clear,Dry,Dark-Lighted
2024-08-12T08:45:00.000,I 85,I 85 and Old Norcross Rd,,Rear End,2,Clear,Dry,Daylight
2024-11-19T13:00:00.000,I 85,I 85 and Old Norcross Rd,,Sideswipe-Same Direction,3,Rain,Wet,Daylight
2024-08-29T08:30:00.000,I 85,I 85 and Old Norcross Rd,,Not a Collision with Motor Vehicle,2,Clear,Dry,Daylight
2024-11-06T08:43:00.000,I 85,I 85 and Old Norcross Rd,,Rear End,2,Cloudy,Dry,Daylight
2022-07-12T13:04:00.000,I 85,I 85 and Old Norcross Pkwy,,Rear End,2,Clear,Dry,Daylight
2021-06-21T07:25:00.000,I 85,I 85 and Old Norcross Opas,,Rear End,2,Cloudy,Dry,Daylight
2020-02-06T07:00:00.000,I 85,I 85 and Old Norcross Opas,,Not a Collision with Motor Vehicle,1,Clear,Wet,Daylight
2022-11-29T06:58:00.000,I 85,I 85 and Old Norcross Opas,,Sideswipe-Same Direction,2,Clear,Dry,Daylight
2022-04-02T05:35:00.000,I 85,I 85 and Old Norcross Opas,,Sideswipe-Same Direction,2,Clear,Dry,Dark-Lighted
2023-03-01T07:59:00.000,I 85,I 85 and Old Norcross Opas,,Sideswipe-Same Direction,2,Cloudy,Dry,Daylight
2023-06-21T07:43:00.000,I 85,I 85 and Old Norcross,,Sideswipe-Same Direction,2,Rain,Wet,Daylight
2022-01-29T14:50:00.000,I 85,I 85 and Old Norcross,,Angle Crash,2,Clear,Dry,Daylight
2022-09-28T08:43:00.000,I 85,I 85 and Old Norcross,,Rear End,2,Clear,Dry,Daylight
2024-07-24T13:45:00.000,I 85,I 85 and Old Norcross,,Not a Collision with Motor Vehicle,1,Clear,Dry,Daylight
2023-03-28T08:53:00.000,I 85,I 85 and Old Norcross,,Rear End,3,Clear,Dry,Daylight
2024-08-02T10:30:00.000,I 85,I 85 and Old Norcross,,Rear End,5,Clear,Dry,Daylight
2024-09-03T09:36:00.000,I 85,I 85 and Old Norcross,,Rear End,2,Clear,Dry,Daylight
2021-08-28T14:17:00.000,I 85,I 85 and Old Norcoss Rd,,Sideswipe-Same Direction,2,Clear,Dry,Daylight
2022-02-27T11:25:00.000,I 85,I 85 and Old Nocross Rd,,Angle Crash,2,Rain,Wet,Daylight
2021-08-23T16:47:00.000,I 85,I 85 and Old National Hwy Sr279,,Angle Crash,2,Clear,Dry,Daylight
2021-07-22T01:22:00.000,I 85,I 85 and Old National Hwy Rp,,Sideswipe-Same Direction,2,Clear,Dry,Daylight
2020-12-03T19:58:00.000,I 85,I 85 and Old National Hwy Rp,,Sideswipe-Same Direction,2,Clear,Dry,Dawn
2021-02-12T06:15:00.000,I 85,I 85 and Old National Hwy Rp,,Sideswipe-Same Direction,2,Clear,Wet,Dark-Lighted
2020-08-24T06:15:00.000,I 85,I 85 and Old National Hwy Brg,,Rear End,2,Rain,Wet,Dark-Not Lighted
2020-08-24T05:50:00.000,I 85,I 85 and Old National Hwy Brg,,Not a Collision with Motor Vehicle,1,Rain,Wet,Dark-Not Lighted
2020-08-24T06:25:00.000,I 85,I 85 and Old National Hwy Brg,,Rear End,2,Rain,Wet,Dark-Lighted
2021-01-17T10:39:00.000,I 85,I 85 and Old National Hwy,,Sideswipe-Same Direction,2,Clear,Dry,Daylight
2021-05-24T04:43:00.000,I 85,I 85 and Old National Hwy,,Rear End,2,Clear,Dry,Dark-Not Lighted
2021-09-03T18:47:00.000,I 85,I 85 and Old National Hwy,,Rear End,2,Clear,Dry,Daylight
2021-08-14T16:57:00.000,I 85,I 85 and Old National Hwy,,Rear End,2,Clear,Dry,Daylight
2021-08-12T02:34:00.000,I 85,I 85 and Old National Hwy,,Sideswipe-Same Direction,2,Clear,Dry,Dark-Not Lighted
2021-08-02T18:21:00.000,I 85,I 85 and Old National Hwy,,Rear End,2,Cloudy,Dry,Daylight
2021-04-16T06:23:00.000,I 85,I 85 and Old National Hwy,,Sideswipe-Same Direction,2,Clear,Dry,Dark-Lighted
2021-05-02T06:36:00.000,I 85,I 85 and Old National Hwy,,Not a Collision with Motor Vehicle,1,Clear,Dry,Daylight
2021-02-14T14:11:00.000,I 85,I 85 and Old National Hwy,,Sideswipe-Same Direction,2,Clear,Dry,Daylight
2021-03-19T23:52:00.000,I 85,I 85 and Old National Hwy,,Rear End,2,Clear,Dry,Dark-Lighted
2021-03-07T15:26:00.000,I 85,I 85 and Old National Hwy,,Rear End,2,Clear,Dry,Daylight
2021-02-20T00:54:00.000,I 85,I 85 and Old National Hwy,,Not a Collision with Motor Vehicle,1,Clear,Dry,Dark-Lighted
2021-09-10T06:57:00.000,I 85,I 85 and Old National Hwy,,Sideswipe-Same Direction,2,Clear,Dry,Daylight
2021-07-24T20:59:00.000,I 85,I 85 and Old National Hwy,,Not a Collision with Motor Vehicle,1,Clear,Dry,Dark-Not Lighted
2023-10-01T20:03:00.000,I 85,I 85 and Old National Hwy,,Sideswipe-Same Direction,2,Clear,Dry,Dark-Lighted
2020-07-26T08:43:00.000,I 85,I 85 and Old National Hwy,,Sideswipe-Same Direction,3,Clear,Dry,Daylight
2020-02-04T06:44:00.000,I 85,I 85 and Old National Hwy,,Sideswipe-Same Direction,2,Clear,Dry,Daylight
2020-12-16T15:57:00.000,I 85,I 85 and Old National Hwy,,Not a Collision with Motor Vehicle,1,Cloudy,Dry,Dark-Lighted
2020-06-16T20:08:00.000,I 85,I 85 and Old National Hwy,,Angle Crash,1,Clear,Dry,Daylight
2020-04-25T15:35:00.000,I 85,I 85 and Old National Hwy,,Not a Collision with Motor Vehicle,2,Clear,Dry,Daylight
2020-05-06T06:00:00.000,I 85,I 85 and Old National Hwy,,Sideswipe-Same Direction,2,Clear,Dry,Dark-Lighted
2020-11-05T17:09:00.000,I 85,I 85 and Old National Hwy,,Rear End,2,Clear,Dry,Daylight
2020-03-12T18:55:00.000,I 85,I 85 and Old National Hwy,,Not a Collision with Motor Vehicle,2,Cloudy,Dry,Daylight
2020-03-01T08:09:00.000,I 85,I 85 and Old National Hwy,,Sideswipe-Same Direction,2,Clear,Dry,Daylight
2020-12-20T21:32:00.000,I 85,I 85 and Old National Hwy,,Sideswipe-Same Direction,2,Clear,Dry,Dark-Lighted
2020-08-21T12:13:00.000,I 85,I 85 and Old National Hwy,,Rear End,2,Clear,Dry,Daylight
2020-01-18T04:43:00.000,I 85,I 85 and Old National Hwy,,Sideswipe-Same Direction,2,Clear,Dry,Dark-Not Lighted
2020-10-31T18:12:00.000,I 85,I 85 and Old National Hwy,,Angle Crash,2,Clear,Dry,Daylight
2020-01-02T18:31:00.000,I 85,I 85 and Old National Hwy,,Angle Crash,2,Rain,Wet,Dark-Not Lighted
2020-06-18T14:48:00.000,I 85,I 85 and Old National Hwy,,Sideswipe-Same Direction,2,Clear,Dry,Daylight
2020-07-25T11:29:00.000,I 85,I 85 and Old National Hwy,,Sideswipe-Same Direction,2,Clear,Dry,Daylight
2021-06-13T14:59:00.000,I 85,I 85 and Old National Hwy,,Sideswipe-Same Direction,2,Clear,Dry,Daylight
2021-02-12T07:42:00.000,I 85,I 85 and Old National Hwy,,Not a Collision with Motor Vehicle,1,Cloudy,Wet,Daylight
2021-01-23T23:48:00.000,I 85,I 85 and Old National Hwy,,Sideswipe-Same Direction,2,Clear,Dry,Dark-Lighted
2021-06-13T12:37:00.000,I 85,I 85 and Old National Hwy,,Sideswipe-Same Direction,2,Clear,Dry,Daylight
2021-02-11T16:06:00.000,I 85,I 85 and Old National Hwy,,Not a Collision with Motor Vehicle,1,Rain,Wet,Daylight
2021-08-03T19:01:00.000,I 85,I 85 and Old National Hwy,,Sideswipe-Same Direction,2,Rain,Wet,Daylight
2021-07-11T20:34:00.000,I 85,I 85 and Old National Hwy,,Sideswipe-Same Direction,2,Clear,Dry,Dark-Lighted
2022-02-08T03:38:00.000,I 85,I 85 and Old National Hwy,,Not a Collision with Motor Vehicle,1,Clear,Dry,Dark-Not Lighted
2021-03-15T12:11:00.000,I 85,I 85 and Old National Cd Rp,,Sideswipe-Same Direction,2,Clear,Dry,Daylight
2020-08-24T05:50:00.000,I 85,I 85 and Old National Brg,,Rear End,2,Rain,Wet,Dark-Not Lighted
2020-09-14T05:50:00.000,I 85,I 85 and Old National,,Sideswipe-Same Direction,2,Clear,Dry,Daylight
2021-11-18T13:00:00.000,I 85,I 85 and Old Flowery Br,,Rear End,2,Cloudy,Dry,Daylight
2021-11-18T13:15:00.000,I 85,I 85 and Old Flowery Br,,Not a Collision with Motor Vehicle,1,Cloudy,Dry,Daylight
2020-06-23T19:59:00.000,I 85,I 85 and Old Federal Rd,,Not a Collision with Motor Vehicle,1,Rain,Wet,Daylight
2020-06-20T00:30:00.000,I 85,I 85 and Old Federal Rd,,Rear End,2,Clear,Dry,Dark-Not Lighted
2022-04-25T19:30:00.000,I 85,I 85 and Old Federal Rd,,Not a Collision with Motor Vehicle,1,Clear,Dry,Daylight
2024-07-03T13:50:00.000,I 85,I 85 and Old Federal Rd,,Not a Collision with Motor Vehicle,1,Clear,Dry,Daylight
2024-12-18T18:45:00.000,I 85,I 85 and Old Federal Rd,,Not a Collision with Motor Vehicle,1,Rain,Wet,Dark-Not Lighted
2024-10-14T13:50:00.000,I 85,I 85 and Old Federal Rd,,Sideswipe-Same Direction,2,Clear,Dry,Daylight
2022-05-16T22:16:00.000,I 85,I 85 and Old Federal Hwy,,Sideswipe-Same Direction,2,Clear,Dry,Dark-Not Lighted
2023-08-03T17:20:00.000,I 85,I 85 and Old Briarwood Rd,,Rear End,3,Rain,Wet,Daylight
2020-02-24T21:30:00.000,I 85,I 85 and Off To I85,,Sideswipe-Same Direction,2,Rain,Wet,Dark-Lighted
2024-11-17T18:56:00.000,I 85,I 85 and Off Rp,,Rear End,2,Clear,Dry,Dark-Not Lighted
2022-03-13T20:47:00.000,I 85,I 85 and Off Ramp To Plesantdale Rd,,Sideswipe-Same Direction,2,Clear,Dry,Dark-Not Lighted
2020-06-13T12:20:00.000,I 85,I 85 and Off Ramp To Pleasantdale Rd,,Sideswipe-Same Direction,2,Clear,Dry,Daylight
2021-01-08T02:37:00.000,I 85,I 85 and Off Ramp To Northcrest Rd,,Not a Collision with Motor Vehicle,1,Rain,Wet,Dark-Lighted
2021-04-08T08:14:00.000,I 85,I 85 and Off Ramp To Northcrest Rd,,Rear End,2,Cloudy,Dry,Daylight
2021-05-24T19:46:00.000,I 85,I 85 and Off Ramp To Northcrest Rd,,Sideswipe-Same Direction,2,Cloudy,Dry,Dark-Lighted
2023-06-08T22:13:00.000,I 85,I 85 and Off Ramp To Northcrest Rd,,Sideswipe-Same Direction,2,Cloudy,Dry,Dark-Lighted
2023-06-21T12:50:00.000,I 85,I 85 and Off Ramp To Northcrest Rd,,Rear End,2,Rain,Wet,Daylight
2023-02-05T11:44:00.000,I 85,I 85 and Off Ramp To Northcrest Rd,,Rear End,2,Clear,Dry,Daylight
2023-09-07T17:20:00.000,I 85,I 85 and Off Ramp To Northcrest Rd,,Rear End,2,Clear,Dry,Daylight
2020-04-16T18:20:00.000,I 85,I 85 and Off Ramp To Northcrest Rd,,Rear End,2,Clear,Dry,Daylight
2020-02-21T11:30:00.000,I 85,I 85 and Off Ramp To Northcrest Rd,,Rear End,3,Clear,Dry,Daylight
2020-05-06T08:54:00.000,I 85,I 85 and Off Ramp To Northcrest Rd,,Sideswipe-Same Direction,2,Clear,Dry,Daylight
2020-03-13T23:12:00.000,I 85,I 85 and Off Ramp To Northcrest Rd,,Sideswipe-Same Direction,2,Clear,Dry,Dark-Lighted
2020-06-25T14:31:00.000,I 85,I 85 and Off Ramp To Northcrest Rd,,Rear End,2,Clear,Dry,Daylight