Date and Time,Roadway (From Crash Report),Intersection Name (from Crash Report),KABCO Severity,Manner of Collision (Crash Level) ,# of Vehicles per crash ,Weather Conditions (Crash Level),Surface Condition (Crash Level) ,Light Conditions (Crash Level)
2020-10-29T05:30:00.000,I 85,I 85 and Off Ramp To Northcrest Rd,,Sideswipe-Same Direction,2,Rain,Wet,Dark-Not Lighted
2021-06-16T00:00:00.000,I 85,I 85 and Off Ramp To Northcrest Rd,,Rear End,2,Clear,Dry,Daylight
2021-04-12T18:50:00.000,I 85,I 85 and Off Ramp To Northcrest Rd,,Angle Crash,2,Clear,Dry,Daylight
2021-05-23T11:34:00.000,I 85,I 85 and Off Ramp To Northcrest Rd,,Rear End,2,Clear,Dry,Daylight
2021-11-17T21:35:00.000,I 85,I 85 and Off Ramp To Northcrest Rd,,Rear End,2,Clear,Dry,Dark-Not Lighted
2021-11-02T19:30:00.000,I 85,I 85 and Off Ramp To Northcrest Rd,,Angle Crash,2,Clear,Dry,Daylight
2022-10-02T16:55:00.000,I 85,I 85 and Off Ramp To Northcrest Rd,,Rear End,2,Clear,Dry,Daylight
2022-08-23T02:14:00.000,I 85,I 85 and Off Ramp To Northcrest Rd,,Not a Collision with Motor Vehicle,1,Clear,Dry,Dark-Lighted
2022-05-29T12:54:00.000,I 85,I 85 and Off Ramp To Northcrest Rd,,Rear End,2,Cloudy,Dry,Daylight
2022-10-07T13:27:00.000,I 85,I 85 and Off Ramp To Northcrest Rd,,Rear End,2,Clear,Dry,Daylight
2022-03-28T23:08:00.000,I 85,I 85 and Off Ramp To Northcrest Rd,,Sideswipe-Same Direction,2,Clear,Dry,Dark-Lighted
2022-11-22T12:33:00.000,I 85,I 85 and Off Ramp To Northcrest Rd,,Angle Crash,2,Cloudy,Dry,Daylight
2024-04-13T18:20:00.000,I 85,I 85 and Off Ramp To Northcrest Rd,,Sideswipe-Same Direction,4,Clear,Dry,Daylight
2024-10-10T15:05:00.000,I 85,I 85 and Off Ramp To Northcrest Rd,,Sideswipe-Same Direction,2,Clear,Dry,Daylight
2023-06-21T17:27:00.000,I 85,I 85 and Off Ramp To Northcrest Rd,,Rear End,2,Rain,Wet,Daylight
2023-04-13T21:00:00.000,I 85,I 85 and Off Ramp To Northcrest Rd,,Sideswipe-Same Direction,2,Clear,Dry,Dark-Not Lighted
2024-07-26T06:58:00.000,I 85,I 85 and Off Ramp To Northcrest Rd,,Rear End,2,Cloudy,Dry,Daylight
2020-01-02T19:45:00.000,I 85,I 85 and Off Ramp To Chamblee-Tucker,,Sideswipe-Same Direction,2,Rain,Wet,Dark-Lighted
2021-10-05T09:42:00.000,I 85,I 85 and Off Ramp To Chamblee-Tucker,,Sideswipe-Same Direction,2,Rain,Wet,Daylight
2023-11-02T16:00:00.000,I 85,I 85 and Off Ramp To 285,,Rear End,2,Clear,Dry,Daylight
2024-08-25T18:28:00.000,I 85,I 85 and Off Ramp Beaver Ruin Rd,,Angle Crash,2,Clear,Dry,Daylight
2020-02-01T11:29:00.000,I 85,I 85 and Off 285,,Angle Crash,2,Clear,Dry,Daylight
2020-07-26T15:39:00.000,I 85,I 85 and Northside Dr,,Rear End,3,Clear,Dry,Daylight
2023-08-22T10:30:00.000,I 85,I 85 and Northside Dr,,Sideswipe-Same Direction,2,Clear,Dry,Daylight
2024-09-19T15:30:00.000,I 85,I 85 and Northside Dr,,Rear End,2,Clear,Dry,Daylight
2023-04-09T20:50:00.000,I 85,I 85 and Northrest Rd,,Sideswipe-Same Direction,2,Clear,Dry,Dark-Lighted
2024-08-29T17:22:00.000,I 85,I 85 and Northeast Expy And Pleasantdale Rd,,Rear End,2,Clear,Dry,Daylight
2021-12-19T13:50:00.000,I 85,I 85 and Northeast Expy,,Rear End,3,Clear,Dry,Daylight
2024-12-11T10:00:00.000,I 85,I 85 and Northeast Expy,,Sideswipe-Same Direction,3,Cloudy,Dry,Daylight
2024-12-18T21:08:00.000,I 85,I 85 and Northeast Expy,,Not a Collision with Motor Vehicle,2,Clear,Dry,Daylight
2024-11-21T21:25:00.000,I 85,I 85 and Northeast Expy,,Rear End,2,Clear,Dry,Dark-Lighted
2024-11-14T13:00:00.000,I 85,I 85 and Northeast Expy,,Rear End,2,Cloudy,Dry,Daylight
2024-08-26T14:32:00.000,I 85,I 85 and Northeast Expy,,Angle Crash,2,Clear,Dry,Daylight
2024-11-06T23:15:00.000,I 85,I 85 and Northeast Expy,,Rear End,2,Clear,Dry,Dark-Lighted
2024-12-13T01:50:00.000,I 85,I 85 and Northeast Expy,,Angle Crash,2,Clear,Dry,Dark-Lighted
2024-10-29T18:00:00.000,I 85,I 85 and Northeast Expy,,Rear End,2,Clear,Dry,Dark-Not Lighted
2024-06-26T17:30:00.000,I 85,I 85 and Northeast Expy,,Angle Crash,2,Clear,Dry,Daylight
2024-01-04T16:10:00.000,I 85,I 85 and Northeast Expy,,Rear End,2,Clear,Dry,Daylight
2024-04-02T17:30:00.000,I 85,I 85 and Northeast Expy,,Rear End,2,Clear,Dry,Daylight
2020-11-15T19:40:00.000,I 85,I 85 and Northcrestrd,,Not a Collision with Motor Vehicle,1,Clear,Dry,Dark-Not Lighted
2023-06-15T17:40:00.000,I 85,I 85 and Northcrest Rd.,,Sideswipe-Same Direction,2,Clear,Dry,Daylight
2021-04-13T17:03:00.000,I 85,I 85 and Northcrest Rd To I85 To 285 On,,Rear End,2,Clear,Dry,Daylight
2021-11-28T17:00:00.000,I 85,I 85 and Northcrest Rd To I85 To 285 On,,Sideswipe-Same Direction,2,Clear,Dry,Daylight
2023-11-26T20:00:00.000,I 85,I 85 and Northcrest Rd To I85 To 285 On,,Rear End,3,Rain,Wet,Dark-Lighted
2020-12-05T09:00:00.000,I 85,I 85 and Northcrest Rd To I85 To 285 On,,Not a Collision with Motor Vehicle,1,Clear,Dry,Daylight
2021-06-28T15:41:00.000,I 85,I 85 and Northcrest Rd To I85 To 285 On,,Rear End,2,Clear,Dry,Daylight
2021-04-13T17:03:00.000,I 85,I 85 and Northcrest Rd To I85 To 285 On,,Rear End,2,Clear,Dry,Daylight
2022-02-17T08:54:00.000,I 85,I 85 and Northcrest Rd To I85 To 285 On,,Sideswipe-Same Direction,2,Cloudy,Dry,Daylight
2022-11-04T17:50:00.000,I 85,I 85 and Northcrest Rd To I85 To 285 On,,Rear End,2,Clear,Dry,Daylight
2024-04-11T17:00:00.000,I 85,I 85 and Northcrest Rd To I85 To 285 On,,Rear End,2,Clear,Dry,Daylight
2024-08-20T11:58:00.000,I 85,I 85 and Northcrest Rd Opas,,Sideswipe-Same Direction,2,Clear,Dry,Daylight
2023-10-20T11:10:00.000,I 85,I 85 and Northcrest Rd Opas,,Sideswipe-Same Direction,2,Cloudy,Dry,Daylight
2021-03-30T16:00:00.000,I 85,I 85 and Northcrest Rd Exit,,Rear End,2,Clear,Dry,Daylight
2023-11-26T20:00:00.000,I 85,I 85 and Northcrest Rd Exit,,Rear End,3,Clear,Dry,Dark-Not Lighted
2023-01-11T08:31:00.000,I 85,I 85 and Northcrest Rd Brg,,Sideswipe-Same Direction,2,Cloudy,Dry,Daylight
2021-04-09T18:03:00.000,I 85,I 85 and Northcrest Rd,,Rear End,2,Clear,Dry,Daylight
2021-03-12T15:33:00.000,I 85,I 85 and Northcrest Rd,,Angle Crash,2,Clear,Dry,Daylight
2021-02-26T21:08:00.000,I 85,I 85 and Northcrest Rd,,Angle Crash,5,Cloudy,Other,Dark-Lighted
2021-01-08T18:20:00.000,I 85,I 85 and Northcrest Rd,,Rear End,3,Clear,Wet,Dark-Lighted
2021-05-28T15:18:00.000,I 85,I 85 and Northcrest Rd,,Rear End,2,Cloudy,Dry,Daylight
2021-11-08T17:55:00.000,I 85,I 85 and Northcrest Rd,,Angle Crash,2,Clear,Dry,Dark-Lighted
2021-10-08T14:35:00.000,I 85,I 85 and Northcrest Rd,,Rear End,2,Clear,Dry,Daylight
2021-11-14T16:32:00.000,I 85,I 85 and Northcrest Rd,,Rear End,3,Clear,Dry,Daylight
2021-05-30T17:02:00.000,I 85,I 85 and Northcrest Rd,,Rear End,2,Cloudy,Dry,Daylight
2021-04-06T15:30:00.000,I 85,I 85 and Northcrest Rd,,Sideswipe-Same Direction,2,Clear,Dry,Daylight
2021-05-28T18:12:00.000,I 85,I 85 and Northcrest Rd,,Rear End,3,Cloudy,Dry,Daylight
2021-04-23T13:11:00.000,I 85,I 85 and Northcrest Rd,,Rear End,2,Clear,Dry,Daylight
2021-01-28T20:40:00.000,I 85,I 85 and Northcrest Rd,,Rear End,2,Clear,Dry,Dark-Lighted
2021-01-29T18:25:00.000,I 85,I 85 and Northcrest Rd,,Rear End,4,Clear,Dry,Dark-Lighted
2021-02-19T13:40:00.000,I 85,I 85 and Northcrest Rd,,Rear End,3,Clear,Dry,Daylight
2021-02-21T20:10:00.000,I 85,I 85 and Northcrest Rd,,Not a Collision with Motor Vehicle,2,Clear,Dry,Dark-Lighted
2021-09-28T16:25:00.000,I 85,I 85 and Northcrest Rd,,Rear End,2,Clear,Dry,Daylight
2021-11-09T19:30:00.000,I 85,I 85 and Northcrest Rd,,Rear End,3,Clear,Dry,Daylight
2021-10-01T09:35:00.000,I 85,I 85 and Northcrest Rd,,Sideswipe-Same Direction,2,Clear,Dry,Daylight
2021-08-12T14:15:00.000,I 85,I 85 and Northcrest Rd,,Rear End,4,Clear,Dry,Daylight
2021-08-14T12:45:00.000,I 85,I 85 and Northcrest Rd,,Rear End,2,Clear,Dry,Daylight
2021-09-27T16:20:00.000,I 85,I 85 and Northcrest Rd,,Rear End,2,Clear,Dry,Daylight
2021-04-10T03:29:00.000,I 85,I 85 and Northcrest Rd,,Not a Collision with Motor Vehicle,1,Cloudy,Dry,Dark-Not Lighted
2021-02-16T12:00:00.000,I 85,I 85 and Northcrest Rd,,Sideswipe-Same Direction,2,Cloudy,Dry,Daylight
2021-03-05T16:50:00.000,I 85,I 85 and Northcrest Rd,,Rear End,2,Clear,Dry,Daylight
2021-02-12T14:12:00.000,I 85,I 85 and Northcrest Rd,,Sideswipe-Same Direction,2,Cloudy,Dry,Daylight
2021-04-06T16:17:00.000,I 85,I 85 and Northcrest Rd,,Angle Crash,2,Clear,Dry,Daylight
2021-06-30T09:40:00.000,I 85,I 85 and Northcrest Rd,,Rear End,2,Clear,Dry,Daylight
2021-11-16T10:45:00.000,I 85,I 85 and Northcrest Rd,,Angle Crash,2,Cloudy,Dry,Daylight
2021-09-24T11:34:00.000,I 85,I 85 and Northcrest Rd,,Head On,3,Clear,Dry,Daylight
2021-10-11T07:45:00.000,I 85,I 85 and Northcrest Rd,,Angle Crash,2,Clear,Dry,Daylight
2021-08-13T21:30:00.000,I 85,I 85 and Northcrest Rd,,Rear End,2,Clear,Dry,Dark-Not Lighted
2021-01-14T18:30:00.000,I 85,I 85 and Northcrest Rd,,Rear End,2,Clear,Dry,Dark-Lighted
2021-05-14T16:40:00.000,I 85,I 85 and Northcrest Rd,,Rear End,2,Clear,Dry,Daylight
2021-04-02T16:56:00.000,I 85,I 85 and Northcrest Rd,,Rear End,2,Clear,Dry,Daylight
2021-01-20T16:50:00.000,I 85,I 85 and Northcrest Rd,,Not a Collision with Motor Vehicle,2,Cloudy,Dry,Daylight
2020-12-31T14:03:00.000,I 85,I 85 and Northcrest Rd,,Rear End,2,Rain,Wet,Daylight
2020-12-03T19:07:00.000,I 85,I 85 and Northcrest Rd,,Rear End,2,Clear,Dry,Dark-Not Lighted
2020-04-15T18:30:00.000,I 85,I 85 and Northcrest Rd,,Rear End,2,Clear,Dry,Daylight
2023-06-26T08:51:00.000,I 85,I 85 and Northcrest Rd,,Rear End,2,Clear,Dry,Daylight
2023-09-03T14:33:00.000,I 85,I 85 and Northcrest Rd,,Rear End,2,Clear,Dry,Dark-Lighted
2023-07-31T23:10:00.000,I 85,I 85 and Northcrest Rd,,Not a Collision with Motor Vehicle,1,Clear,Dry,Dark-Not Lighted
2023-03-04T16:00:00.000,I 85,I 85 and Northcrest Rd,,Sideswipe-Same Direction,2,Clear,Dry,Daylight
2023-01-09T07:16:00.000,I 85,I 85 and Northcrest Rd,,Sideswipe-Same Direction,3,Clear,Dry,Daylight
2023-08-19T09:50:00.000,I 85,I 85 and Northcrest Rd,,Rear End,2,Clear,Dry,Daylight
2023-08-01T10:41:00.000,I 85,I 85 and Northcrest Rd,,Rear End,2,Clear,Dry,Daylight
2023-02-22T17:45:00.000,I 85,I 85 and Northcrest Rd,,Rear End,2,Clear,Dry,Dark-Lighted
2023-05-09T17:22:00.000,I 85,I 85 and Northcrest Rd,,Rear End,4,Clear,Dry,Daylight
2023-05-16T17:22:00.000,I 85,I 85 and Northcrest Rd,,Rear End,2,Rain,Wet,Daylight
2023-04-14T14:15:00.000,I 85,I 85 and Northcrest Rd,,Sideswipe-Same Direction,2,Rain,Wet,Daylight
2023-04-27T14:30:00.000,I 85,I 85 and Northcrest Rd,,Angle Crash,2,Rain,Wet,Daylight
2023-10-22T15:40:00.000,I 85,I 85 and Northcrest Rd,,Rear End,2,Clear,Dry,Daylight
2023-07-03T14:46:00.000,I 85,I 85 and Northcrest Rd,,Rear End,2,Clear,Dry,Daylight
2023-12-02T17:50:00.000,I 85,I 85 and Northcrest Rd,,Rear End,2,Clear,Wet,Dark-Not Lighted
2023-07-29T21:53:00.000,I 85,I 85 and Northcrest Rd,,Sideswipe-Same Direction,2,Cloudy,Dry,Dark-Lighted
2023-09-03T11:54:00.000,I 85,I 85 and Northcrest Rd,,Rear End,2,Clear,Dry,Daylight
2023-01-29T04:59:00.000,I 85,I 85 and Northcrest Rd,,Not a Collision with Motor Vehicle,1,Clear,Dry,Dark-Lighted
2023-09-11T08:52:00.000,I 85,I 85 and Northcrest Rd,,Sideswipe-Same Direction,2,Clear,Dry,Daylight
2023-02-19T10:05:00.000,I 85,I 85 and Northcrest Rd,,Sideswipe-Same Direction,2,Clear,Dry,Daylight
2023-10-11T16:15:00.000,I 85,I 85 and Northcrest Rd,,Rear End,3,Rain,Wet,Daylight
2023-08-03T16:57:00.000,I 85,I 85 and Northcrest Rd,,Angle Crash,2,Rain,Wet,Daylight
2023-10-14T11:20:00.000,I 85,I 85 and Northcrest Rd,,Rear End,2,Cloudy,Dry,Daylight
2023-05-03T15:03:00.000,I 85,I 85 and Northcrest Rd,,Rear End,2,Clear,Dry,Daylight
2023-06-27T17:45:00.000,I 85,I 85 and Northcrest Rd,,Rear End,2,Cloudy,Dry,Daylight
2023-03-09T09:12:00.000,I 85,I 85 and Northcrest Rd,,Sideswipe-Same Direction,2,Cloudy,Dry,Dark-Lighted
2023-03-01T19:00:00.000,I 85,I 85 and Northcrest Rd,,Rear End,2,Clear,Dry,Dark-Lighted
2023-04-20T16:30:00.000,I 85,I 85 and Northcrest Rd,,Angle Crash,2,Clear,Dry,Daylight
2023-10-12T08:10:00.000,I 85,I 85 and Northcrest Rd,,Rear End,2,Rain,Wet,Daylight
2023-12-29T15:14:00.000,I 85,I 85 and Northcrest Rd,,Rear End,2,Clear,Dry,Daylight
2023-07-20T14:59:00.000,I 85,I 85 and Northcrest Rd,,Rear End,2,Clear,Dry,Daylight
2023-12-18T18:55:00.000,I 85,I 85 and Northcrest Rd,,Rear End,2,Clear,Dry,Dark-Lighted
2022-03-20T21:05:00.000,I 85,I 85 and Northcrest Rd,,Rear End,2,Clear,Dry,Dark-Lighted
2022-10-27T11:58:00.000,I 85,I 85 and Northcrest Rd,,Rear End,2,Clear,Dry,Daylight
2022-01-06T18:54:00.000,I 85,I 85 and Northcrest Rd,,Rear End,2,Cloudy,Wet,Dark-Lighted
2022-08-11T17:11:00.000,I 85,I 85 and Northcrest Rd,,Angle Crash,2,Clear,Dry,Daylight
2022-09-01T06:45:00.000,I 85,I 85 and Northcrest Rd,,Angle Crash,2,Clear,Dry,Dawn
2024-05-10T20:38:00.000,I 85,I 85 and Northcrest Rd,,Angle Crash,5,Clear,Dry,Dark-Lighted
2020-02-16T16:26:00.000,I 85,I 85 and Northcrest Rd,,Rear End,2,Rain,Wet,Daylight
2020-05-21T13:50:00.000,I 85,I 85 and Northcrest Rd,,Rear End,2,Clear,Dry,Daylight
2020-09-06T11:41:00.000,I 85,I 85 and Northcrest Rd,,Angle Crash,3,Clear,Dry,Daylight
2020-09-23T14:35:00.000,I 85,I 85 and Northcrest Rd,,Rear End,2,Clear,Dry,Daylight
2020-09-26T15:10:00.000,I 85,I 85 and Northcrest Rd,,Sideswipe-Same Direction,3,Cloudy,Dry,Daylight
2020-03-25T16:41:00.000,I 85,I 85 and Northcrest Rd,,Angle Crash,2,Clear,Dry,Daylight
2020-05-23T13:43:00.000,I 85,I 85 and Northcrest Rd,,Rear End,2,Clear,Dry,Daylight
2020-04-15T17:39:00.000,I 85,I 85 and Northcrest Rd,,Rear End,2,Clear,Dry,Daylight
2020-04-15T19:00:00.000,I 85,I 85 and Northcrest Rd,,Rear End,2,Clear,Dry,Daylight
2020-03-01T15:00:00.000,I 85,I 85 and Northcrest Rd,,Rear End,2,Clear,Dry,Daylight
2020-08-14T13:53:00.000,I 85,I 85 and Northcrest Rd,,Rear End,3,Clear,Dry,Daylight
2020-12-16T14:38:00.000,I 85,I 85 and Northcrest Rd,,Angle Crash,2,Rain,Wet,Daylight
2020-08-26T15:10:00.000,I 85,I 85 and Northcrest Rd,,Rear End,2,Clear,Dry,Daylight
2020-01-20T20:05:00.000,I 85,I 85 and Northcrest Rd,,Sideswipe-Same Direction,2,Clear,Dry,Dark-Lighted
2020-12-18T19:23:00.000,I 85,I 85 and Northcrest Rd,,Rear End,2,Clear,Dry,Dark-Lighted
2020-06-27T18:03:00.000,I 85,I 85 and Northcrest Rd,,Rear End,4,Rain,Wet,Daylight
2020-03-13T15:00:00.000,I 85,I 85 and Northcrest Rd,,Rear End,2,Clear,Dry,Daylight
2020-08-22T14:05:00.000,I 85,I 85 and Northcrest Rd,,Rear End,2,Clear,Dry,Daylight
2020-08-10T18:00:00.000,I 85,I 85 and Northcrest Rd,,Rear End,2,Clear,Dry,Daylight
2020-11-08T19:00:00.000,I 85,I 85 and Northcrest Rd,,Sideswipe-Same Direction,2,Clear,Dry,Dark-Not Lighted
2020-10-02T16:00:00.000,I 85,I 85 and Northcrest Rd,,Sideswipe-Same Direction,2,Clear,Dry,Daylight
2020-01-13T15:50:00.000,I 85,I 85 and Northcrest Rd,,Rear End,2,Cloudy,Wet,Daylight
2020-07-08T15:52:00.000,I 85,I 85 and Northcrest Rd,,Rear End,3,Clear,Dry,Daylight
2020-10-15T15:00:00.000,I 85,I 85 and Northcrest Rd,,Rear End,2,Cloudy,Dry,Daylight
2020-06-28T18:04:00.000,I 85,I 85 and Northcrest Rd,,Rear End,2,Cloudy,Dry,Daylight
2020-12-01T20:32:00.000,I 85,I 85 and Northcrest Rd,,Not a Collision with Motor Vehicle,1,Clear,Dry,Dark-Lighted
2020-08-22T19:57:00.000,I 85,I 85 and Northcrest Rd,,Angle Crash,2,Cloudy,Dry,Daylight
2020-07-06T19:23:00.000,I 85,I 85 and Northcrest Rd,,Not a Collision with Motor Vehicle,2,Rain,Wet,Daylight
2020-10-12T06:28:00.000,I 85,I 85 and Northcrest Rd,,Angle Crash,2,Cloudy,Dry,Dark-Lighted
2020-07-28T15:23:00.000,I 85,I 85 and Northcrest Rd,,Rear End,2,Clear,Dry,Daylight
2020-07-29T00:00:00.000,I 85,I 85 and Northcrest Rd,,Rear End,3,Clear,Dry,Daylight
2020-10-16T17:03:00.000,I 85,I 85 and Northcrest Rd,,Angle Crash,3,Clear,Dry,Daylight
2020-02-03T18:50:00.000,I 85,I 85 and Northcrest Rd,,Rear End,2,Clear,Dry,Dark-Lighted
2020-05-27T11:42:00.000,I 85,I 85 and Northcrest Rd,,Rear End,3,Rain,Wet,Daylight
2020-02-19T18:45:00.000,I 85,I 85 and Northcrest Rd,,Rear End,2,Rain,Wet,Dark-Lighted
2020-12-03T17:16:00.000,I 85,I 85 and Northcrest Rd,,Rear End,2,Clear,Dry,Dusk
2020-12-11T15:51:00.000,I 85,I 85 and Northcrest Rd,,Rear End,2,Clear,Dry,Daylight
2020-09-25T08:45:00.000,I 85,I 85 and Northcrest Rd,,Sideswipe-Same Direction,2,Rain,Wet,Daylight
2020-03-01T14:18:00.000,I 85,I 85 and Northcrest Rd,,Rear End,2,Clear,Dry,Daylight
2020-04-21T17:40:00.000,I 85,I 85 and Northcrest Rd,,Not a Collision with Motor Vehicle,1,Clear,Dry,Daylight
2020-09-23T14:35:00.000,I 85,I 85 and Northcrest Rd,,Rear End,2,Clear,Dry,Daylight
2020-08-04T15:38:00.000,I 85,I 85 and Northcrest Rd,,Not a Collision with Motor Vehicle,2,Clear,Dry,Daylight
2020-10-07T06:52:00.000,I 85,I 85 and Northcrest Rd,,Not a Collision with Motor Vehicle,1,Clear,Dry,Dark-Lighted
2020-09-24T20:35:00.000,I 85,I 85 and Northcrest Rd,,Sideswipe-Same Direction,4,Rain,Wet,Dark-Lighted
2020-12-24T19:10:00.000,I 85,I 85 and Northcrest Rd,,Rear End,3,Clear,Wet,Dark-Lighted
2020-11-15T19:40:00.000,I 85,I 85 and Northcrest Rd,,Not a Collision with Motor Vehicle,1,Clear,Dry,Dark-Not Lighted
2020-12-30T16:50:00.000,I 85,I 85 and Northcrest Rd,,Sideswipe-Same Direction,3,Clear,Dry,Daylight
2020-08-13T23:35:00.000,I 85,I 85 and Northcrest Rd,,Not a Collision with Motor Vehicle,1,Rain,Wet,Dark-Lighted
2020-10-16T11:40:00.000,I 85,I 85 and Northcrest Rd,,Rear End,2,Clear,Dry,Daylight
2020-03-03T09:56:00.000,I 85,I 85 and Northcrest Rd,,Sideswipe-Same Direction,2,Cloudy,Wet,Daylight
2020-10-30T10:40:00.000,I 85,I 85 and Northcrest Rd,,Rear End,2,Clear,Dry,Daylight
2020-11-13T14:20:00.000,I 85,I 85 and Northcrest Rd,,Rear End,2,Clear,Dry,Daylight
2020-04-16T17:18:00.000,I 85,I 85 and Northcrest Rd,,Angle Crash,2,Clear,Dry,Daylight
2020-05-27T16:00:00.000,I 85,I 85 and Northcrest Rd,,Sideswipe-Same Direction,2,Rain,Wet,Daylight
2020-09-23T18:36:00.000,I 85,I 85 and Northcrest Rd,,Rear End,2,Cloudy,Dry,Daylight
2020-10-18T15:05:00.000,I 85,I 85 and Northcrest Rd,,Rear End,2,Clear,Dry,Daylight
2020-11-15T19:40:00.000,I 85,I 85 and Northcrest Rd,,Not a Collision with Motor Vehicle,1,Clear,Dry,Dark-Not Lighted
2020-11-13T14:30:00.000,I 85,I 85 and Northcrest Rd,,Rear End,4,Clear,Dry,Daylight
2020-10-14T11:04:00.000,I 85,I 85 and Northcrest Rd,,Angle Crash,2,Clear,Dry,Daylight
2020-10-23T15:27:00.000,I 85,I 85 and Northcrest Rd,,Angle Crash,5,Clear,Dry,Daylight
2020-09-26T14:09:00.000,I 85,I 85 and Northcrest Rd,,Rear End,2,Cloudy,Dry,Daylight
2020-08-25T08:00:00.000,I 85,I 85 and Northcrest Rd,,Angle Crash,2,Other,Other,Dawn
2020-12-16T15:25:00.000,I 85,I 85 and Northcrest Rd,,Angle Crash,2,Rain,Wet,Daylight
2020-10-30T08:09:00.000,I 85,I 85 and Northcrest Rd,,Angle Crash,2,Cloudy,Dry,Daylight
2020-11-19T18:00:00.000,I 85,I 85 and Northcrest Rd,,Sideswipe-Same Direction,2,Clear,Dry,Dark-Lighted
2020-09-03T14:25:00.000,I 85,I 85 and Northcrest Rd,,Rear End,2,Clear,Dry,Daylight
2020-01-24T00:00:00.000,I 85,I 85 and Northcrest Rd,,Angle Crash,2,Clear,Dry,Dark-Lighted
2020-01-12T16:30:00.000,I 85,I 85 and Northcrest Rd,,Rear End,2,Clear,Dry,Daylight
2020-03-09T14:00:00.000,I 85,I 85 and Northcrest Rd,,Rear End,2,Cloudy,Dry,Daylight
2020-08-05T20:00:00.000,I 85,I 85 and Northcrest Rd,,Rear End,2,Clear,Dry,Daylight
2020-10-06T15:30:00.000,I 85,I 85 and Northcrest Rd,,Sideswipe-Same Direction,2,Clear,Dry,Daylight
2020-11-01T13:30:00.000,I 85,I 85 and Northcrest Rd,,Rear End,2,Clear,Dry,Daylight
2020-01-24T13:10:00.000,I 85,I 85 and Northcrest Rd,,Rear End,2,Rain,Wet,Daylight
2020-09-03T14:25:00.000,I 85,I 85 and Northcrest Rd,,Rear End,2,Clear,Dry,Daylight
2020-09-15T23:41:00.000,I 85,I 85 and Northcrest Rd,,Rear End,2,Cloudy,Dry,Dark-Lighted
2020-09-30T15:57:00.000,I 85,I 85 and Northcrest Rd,,Rear End,2,Clear,Dry,Daylight
2020-05-28T10:15:00.000,I 85,I 85 and Northcrest Rd,,Angle Crash,2,Cloudy,Wet,Daylight
2020-11-01T15:00:00.000,I 85,I 85 and Northcrest Rd,,Rear End,2,Clear,Dry,Daylight
2020-01-24T13:15:00.000,I 85,I 85 and Northcrest Rd,,Rear End,2,Rain,Wet,Daylight
2021-05-13T14:56:00.000,I 85,I 85 and Northcrest Rd,,Angle Crash,3,Clear,Dry,Daylight
2021-06-10T14:15:00.000,I 85,I 85 and Northcrest Rd,,Rear End,2,Clear,Dry,Daylight
2021-04-21T16:18:00.000,I 85,I 85 and Northcrest Rd,,Angle Crash,5,Clear,Dry,Daylight
2021-06-15T16:35:00.000,I 85,I 85 and Northcrest Rd,,Rear End,2,Clear,Dry,Daylight
2021-05-04T12:30:00.000,I 85,I 85 and Northcrest Rd,,Angle Crash,2,Cloudy,Dry,Daylight
2021-04-06T16:25:00.000,I 85,I 85 and Northcrest Rd,,Sideswipe-Same Direction,2,Clear,Dry,Daylight
2021-04-13T05:58:00.000,I 85,I 85 and Northcrest Rd,,Rear End,2,Clear,Dry,Dark-Lighted
2021-02-17T20:45:00.000,I 85,I 85 and Northcrest Rd,,Sideswipe-Same Direction,2,Clear,Dry,Dark-Lighted
2021-03-11T21:15:00.000,I 85,I 85 and Northcrest Rd,,Sideswipe-Same Direction,2,Clear,Dry,Dark-Lighted
2021-03-25T14:06:00.000,I 85,I 85 and Northcrest Rd,,Rear End,4,Cloudy,Dry,Daylight
2021-02-19T19:55:00.000,I 85,I 85 and Northcrest Rd,,Sideswipe-Same Direction,2,Clear,Dry,Dark-Not Lighted
2021-06-22T20:30:00.000,I 85,I 85 and Northcrest Rd,,Sideswipe-Same Direction,2,Cloudy,Dry,Daylight
2021-02-24T18:56:00.000,I 85,I 85 and Northcrest Rd,,Rear End,2,Clear,Dry,Dark-Lighted
2021-01-05T17:00:00.000,I 85,I 85 and Northcrest Rd,,Rear End,2,Clear,Dry,Dark-Lighted
2021-10-31T06:53:00.000,I 85,I 85 and Northcrest Rd,,Angle Crash,2,Cloudy,Dry,Dark-Lighted
2021-07-03T16:40:00.000,I 85,I 85 and Northcrest Rd,,Sideswipe-Same Direction,2,Clear,Dry,Daylight
2021-12-26T15:30:00.000,I 85,I 85 and Northcrest Rd,,Sideswipe-Same Direction,2,Cloudy,Dry,Daylight
2021-08-18T14:45:00.000,I 85,I 85 and Northcrest Rd,,Rear End,2,Clear,Dry,Daylight
2021-07-25T18:40:00.000,I 85,I 85 and Northcrest Rd,,Rear End,2,Cloudy,Dry,Daylight
2021-08-12T19:40:00.000,I 85,I 85 and Northcrest Rd,,Sideswipe-Same Direction,2,Clear,Dry,Daylight
2021-09-09T11:29:00.000,I 85,I 85 and Northcrest Rd,,Sideswipe-Same Direction,2,Clear,Dry,Daylight
2021-08-26T15:40:00.000,I 85,I 85 and Northcrest Rd,,Angle Crash,2,Clear,Dry,Daylight
2021-07-29T06:00:00.000,I 85,I 85 and Northcrest Rd,,Sideswipe-Same Direction,2,Clear,Dry,Daylight