Date and Time,Roadway (From Crash Report),Intersection Name (from Crash Report),KABCO Severity,Manner of Collision (Crash Level) ,# of Vehicles per crash ,Weather Conditions (Crash Level),Surface Condition (Crash Level) ,Light Conditions (Crash Level)
2023-05-08T12:30:00.000,I 85,I 85 and N. Druid Hills Rd,,Not a Collision with Motor Vehicle,2,Clear,Dry,Daylight
2024-06-26T11:14:00.000,I 85,I 85 and N. Druid Hills Rd,,Rear End,4,Clear,Dry,Daylight
2024-08-19T08:37:00.000,I 85,I 85 and N. Druid Hills Rd,,Rear End,2,Clear,Dry,Daylight
2024-04-19T09:29:00.000,I 85,I 85 and N. Druid Hills Rd,,Rear End,2,Cloudy,Wet,Daylight
2024-10-14T04:44:00.000,I 85,I 85 and N. Druid Hills Rd,,Rear End,2,Clear,Dry,Dark-Lighted
2024-10-03T07:55:00.000,I 85,I 85 and N. Druid Hills Rd,,Rear End,2,Clear,Dry,Daylight
2024-11-09T11:30:00.000,I 85,I 85 and N. Druid Hills Rd,,Not a Collision with Motor Vehicle,2,Clear,Dry,Daylight
2024-10-30T07:40:00.000,I 85,I 85 and N. Druid Hills Rd,,Rear End,2,Cloudy,Dry,Daylight
2024-09-18T09:36:00.000,I 85,I 85 and N. Druid Hills Rd,,Rear End,2,Clear,Dry,Daylight
2024-11-03T10:44:00.000,I 85,I 85 and N. Druid Hills Rd,,Not a Collision with Motor Vehicle,1,Clear,Dry,Daylight
2024-03-28T10:22:00.000,I 85,I 85 and N. Druid Hills Rd,,Rear End,2,Clear,Dry,Daylight
2024-01-10T11:15:00.000,I 85,I 85 and N. Druid Hills Rd,,Sideswipe-Same Direction,2,Clear,Dry,Daylight
2024-04-17T08:35:00.000,I 85,I 85 and N. Druid Hills Rd,,Rear End,2,Cloudy,Dry,Daylight
2024-06-17T10:08:00.000,I 85,I 85 and N. Druid Hills Rd,,Rear End,3,Clear,Dry,Daylight
2024-08-14T08:45:00.000,I 85,I 85 and N. Druid Hills Rd,,Rear End,4,Cloudy,Dry,Daylight
2023-10-07T03:57:00.000,I 85,I 85 and N. Druid Hills Entry Rp,,Not a Collision with Motor Vehicle,1,Clear,Wet,Dark-Not Lighted
2022-03-01T07:08:00.000,I 85,I 85 and N. Druid Hill Rd,,Rear End,2,Clear,Dry,Dark-Lighted
2024-10-03T17:35:00.000,I 85,I 85 and N. Druid Hill Rd,,Rear End,2,Cloudy,Dry,Daylight
2022-10-13T09:15:00.000,I 85,I 85 and N. Chamblee Tucker Rd,,Sideswipe-Same Direction,2,Cloudy,Dry,Daylight
2023-01-10T11:54:00.000,I 85,I 85 and N. Central Ave,,Rear End,2,Clear,Dry,Daylight
2023-03-08T10:10:00.000,I 85,I 85 and N Outer Loop Rd,,Rear End,2,Clear,Dry,Daylight
2021-03-18T18:15:00.000,I 85,I 85 and N Of Universtiy Ave,,Sideswipe-Same Direction,2,Cloudy,Dry,Daylight
2021-03-18T19:10:00.000,I 85,I 85 and N Of University Ave,,Sideswipe-Same Direction,3,Cloudy,Dry,Dawn
2021-09-06T20:00:00.000,I 85,I 85 and N Of University Ave,,Rear End,4,Rain,Wet,Dark-Not Lighted
2021-09-20T08:14:00.000,I 85,I 85 and N Of University Ave,,Rear End,2,Rain,Wet,Daylight
2020-01-24T13:30:00.000,I 85,I 85 and N Of University Ave,,Rear End,3,Cloudy,Wet,Daylight
2021-03-22T16:00:00.000,I 85,I 85 and N Of Univeristy Ave,,Angle Crash,2,Clear,Dry,Daylight
2021-02-09T19:53:00.000,I 85,I 85 and N Of Riverdale Rd,,Sideswipe-Same Direction,2,Clear,Dry,Dark-Lighted
2021-02-09T19:53:00.000,I 85,I 85 and N Of Riverdale Rd,,Angle Crash,2,Clear,Dry,Dark-Lighted
2024-07-28T10:52:00.000,I 85,I 85 and N Of Northcrest Rd Opas,,Rear End,3,Cloudy,Dry,Daylight
2022-10-12T08:48:00.000,I 85,I 85 and N Of N. Druid Hills Rd,,Rear End,2,Cloudy,Dry,Daylight
2020-09-17T09:05:00.000,I 85,I 85 and N Of Metropolitan Pkwy,,Not a Collision with Motor Vehicle,1,Rain,Wet,Daylight
2021-12-14T16:30:00.000,I 85,I 85 and N Of Lenox Rd,,Rear End,2,Clear,Dry,Daylight
2020-01-07T17:22:00.000,I 85,I 85 and N Of I285,,Sideswipe-Same Direction,2,Clear,Dry,Daylight
2020-09-17T10:50:00.000,I 85,I 85 and N Of Cleveland Ave,,Head On,1,Cloudy,Wet,Daylight
2021-03-31T11:03:00.000,I 85,I 85 and N Of Cleveland Ave,,Angle Crash,2,Clear,Dry,Daylight
2022-10-13T07:48:00.000,I 85,I 85 and N Of Clairmont Rd,,Sideswipe-Same Direction,2,Cloudy,Wet,Daylight
2022-03-04T13:58:00.000,I 85,I 85 and N Lawrenceville Suwanee Rd Mm,,Rear End,4,Clear,Dry,Daylight
2020-02-15T00:00:00.000,I 85,I 85 and N Fairview Road Opas,,Not a Collision with Motor Vehicle,1,Clear,Dry,Daylight
2022-08-18T02:02:00.000,I 85,I 85 and N Fairview Rd Brg,,Rear End,2,Clear,Dry,Dark-Lighted
2021-03-07T04:38:00.000,I 85,I 85 and N Fairveiw Rd,,Sideswipe-Same Direction,1,Clear,Dry,Dark-Lighted
2023-10-20T07:23:00.000,I 85,I 85 and N Durid Hills Rd,,Rear End,2,Rain,Wet,Daylight
2022-08-30T08:15:00.000,I 85,I 85 and N Druids Hills Dr,,Rear End,2,Clear,Dry,Daylight
2021-06-09T08:15:00.000,I 85,I 85 and N Druid Hls,,Rear End,2,Clear,Wet,Daylight
2021-06-22T08:35:00.000,I 85,I 85 and N Druid Hls,,Rear End,2,Rain,Wet,Daylight
2021-12-22T16:00:00.000,I 85,I 85 and N Druid Hls,,Rear End,2,Clear,Dry,Daylight
2021-08-17T07:30:00.000,I 85,I 85 and N Druid Hls,,Not a Collision with Motor Vehicle,1,Rain,Wet,Daylight
2020-01-17T09:15:00.000,I 85,I 85 and N Druid Hls,,Sideswipe-Same Direction,2,Cloudy,Dry,Daylight
2023-06-21T04:00:00.000,I 85,I 85 and N Druid Hls,,Sideswipe-Same Direction,2,Rain,Wet,Dark-Lighted
2023-12-07T09:09:00.000,I 85,I 85 and N Druid Hls,,Sideswipe-Same Direction,2,Clear,Dry,Daylight
2023-05-08T01:57:00.000,I 85,I 85 and N Druid Hls,,Not a Collision with Motor Vehicle,1,Clear,Dry,Dark-Not Lighted
2023-10-30T17:40:00.000,I 85,I 85 and N Druid Hls,,Rear End,2,Clear,Dry,Daylight
2023-11-27T14:00:00.000,I 85,I 85 and N Druid Hls,,Sideswipe-Same Direction,2,Clear,Dry,Daylight
2020-01-31T08:50:00.000,I 85,I 85 and N Druid Hls,,Rear End,2,Rain,Wet,Daylight
2020-01-30T10:30:00.000,I 85,I 85 and N Druid Hls,,Rear End,2,Clear,Dry,Daylight
2020-01-13T07:20:00.000,I 85,I 85 and N Druid Hls,,Rear End,2,Rain,Wet,Dark-Lighted
2020-03-05T09:20:00.000,I 85,I 85 and N Druid Hls,,Rear End,2,Rain,Wet,Daylight
2020-06-16T14:06:00.000,I 85,I 85 and N Druid Hls,,Rear End,2,Clear,Dry,Daylight
2020-01-28T12:15:00.000,I 85,I 85 and N Druid Hls,,Sideswipe-Same Direction,2,Clear,Dry,Daylight
2020-02-14T07:35:00.000,I 85,I 85 and N Druid Hls,,Rear End,2,Clear,Dry,Daylight
2020-02-28T06:55:00.000,I 85,I 85 and N Druid Hls,,Rear End,2,Clear,Dry,Daylight
2020-01-14T07:40:00.000,I 85,I 85 and N Druid Hls,,Rear End,2,Rain,Wet,Daylight
2020-01-31T08:30:00.000,I 85,I 85 and N Druid Hls,,Rear End,2,Rain,Wet,Daylight
2020-04-21T15:45:00.000,I 85,I 85 and N Druid Hls,,Sideswipe-Same Direction,2,Clear,Dry,Daylight
2020-01-31T07:35:00.000,I 85,I 85 and N Druid Hls,,Sideswipe-Same Direction,2,Cloudy,Wet,Daylight
2020-01-09T08:15:00.000,I 85,I 85 and N Druid Hls,,Sideswipe-Same Direction,2,Clear,Dry,Daylight
2021-09-02T07:40:00.000,I 85,I 85 and N Druid Hls,,Rear End,2,Clear,Dry,Daylight
2021-07-13T16:10:00.000,I 85,I 85 and N Druid Hls,,Sideswipe-Same Direction,2,Clear,Dry,Daylight
2021-12-17T11:10:00.000,I 85,I 85 and N Druid Hls,,Not a Collision with Motor Vehicle,1,Cloudy,Dry,Daylight
2021-11-01T09:00:00.000,I 85,I 85 and N Druid Hls,,Rear End,2,Clear,Dry,Daylight
2021-11-18T08:47:00.000,I 85,I 85 and N Druid Hls,,Sideswipe-Same Direction,2,Clear,Dry,Daylight
2021-12-14T18:58:00.000,I 85,I 85 and N Druid Hls,,Rear End,2,Clear,Dry,Dark-Lighted
2021-09-21T06:07:00.000,I 85,I 85 and N Druid Hls,,Rear End,2,Cloudy,Wet,Dark-Not Lighted
2022-01-14T19:00:00.000,I 85,I 85 and N Druid Hls,,Rear End,3,Clear,Dry,Dark-Lighted
2021-08-12T10:30:00.000,I 85,I 85 and N Druid Hls,,Sideswipe-Same Direction,2,Clear,Dry,Daylight
2021-07-13T16:10:00.000,I 85,I 85 and N Druid Hls,,Rear End,3,Clear,Dry,Daylight
2022-08-09T09:30:00.000,I 85,I 85 and N Druid Hls,,Rear End,2,Clear,Dry,Daylight
2022-05-09T08:30:00.000,I 85,I 85 and N Druid Hls,,Rear End,2,Clear,Dry,Daylight
2022-05-20T08:41:00.000,I 85,I 85 and N Druid Hls,,Rear End,3,Clear,Dry,Daylight
2024-02-23T04:51:00.000,I 85,I 85 and N Druid Hls,,Angle Crash,3,Rain,Wet,Dark-Lighted
2023-03-06T09:00:00.000,I 85,I 85 and N Druid Hls,,Sideswipe-Same Direction,2,Clear,Dry,Daylight
2023-03-27T19:45:00.000,I 85,I 85 and N Druid Hls,,Sideswipe-Same Direction,2,Clear,Dry,Daylight
2023-01-12T07:00:00.000,I 85,I 85 and N Druid Hls,,Sideswipe-Same Direction,5,Cloudy,Dry,Daylight
2021-12-22T14:15:00.000,I 85,I 85 and N Druid Hl,,Sideswipe-Same Direction,2,Clear,Dry,Daylight
2023-02-23T08:00:00.000,I 85,I 85 and N Druid Hl,,Sideswipe-Same Direction,2,Clear,Dry,Daylight
2020-03-12T07:40:00.000,I 85,I 85 and N Druid Hl,,Rear End,3,Rain,Wet,Daylight
2023-05-27T03:43:00.000,I 85,I 85 and N Druid Hils Rd Exit 1,,Angle Crash,2,Clear,Dry,Dark-Not Lighted
2021-10-01T16:45:00.000,I 85,I 85 and N Druid Hils Rd,,Rear End,2,Clear,Dry,Daylight
2023-04-25T08:18:00.000,I 85,I 85 and N Druid Hils Rd,,Rear End,2,Clear,Dry,Daylight
2021-06-15T18:04:00.000,I 85,I 85 and N Druid Hills Rdl,,Rear End,2,Clear,Dry,Daylight
2021-10-28T18:58:00.000,I 85,I 85 and N Druid Hills Rd Exit Rp,,Rear End,3,Cloudy,Wet,Dark-Lighted
2022-02-19T10:46:00.000,I 85,I 85 and N Druid Hills Rd Exit Rp,,Sideswipe-Same Direction,2,Cloudy,Dry,Daylight
2022-11-04T16:46:00.000,I 85,I 85 and N Druid Hills Rd Exit Rp,,Angle Crash,2,Clear,Dry,Daylight
2022-06-05T02:48:00.000,I 85,I 85 and N Druid Hills Rd Exit Rp,,Rear End,2,Clear,Dry,Dark-Lighted
2022-12-14T17:45:00.000,I 85,I 85 and N Druid Hills Rd Exit,,Angle Crash,2,Rain,Wet,Dark-Not Lighted
2022-10-07T17:30:00.000,I 85,I 85 and N Druid Hills Rd Exit,,Rear End,2,Clear,Dry,Daylight
2023-07-17T17:39:00.000,I 85,I 85 and N Druid Hills Rd Exit,,Rear End,3,Clear,Dry,Daylight
2022-06-05T02:48:00.000,I 85,I 85 and N Druid Hills Rd Entry Rp,,Rear End,2,Clear,Dry,Dark-Lighted
2021-06-10T09:00:00.000,I 85,I 85 and N Druid Hills Rd,,Rear End,2,Cloudy,Dry,Daylight
2021-06-04T16:57:00.000,I 85,I 85 and N Druid Hills Rd,,Rear End,3,Cloudy,Dry,Daylight
2021-05-03T11:04:00.000,I 85,I 85 and N Druid Hills Rd,,Not a Collision with Motor Vehicle,1,Rain,Wet,Daylight
2021-01-21T16:25:00.000,I 85,I 85 and N Druid Hills Rd,,Rear End,2,Rain,Wet,Daylight
2021-04-15T17:30:00.000,I 85,I 85 and N Druid Hills Rd,,Rear End,2,Clear,Dry,Daylight
2021-06-10T08:55:00.000,I 85,I 85 and N Druid Hills Rd,,Rear End,2,Cloudy,Wet,Daylight
2021-05-23T23:55:00.000,I 85,I 85 and N Druid Hills Rd,,Rear End,2,Clear,Dry,Dark-Not Lighted
2021-03-24T15:00:00.000,I 85,I 85 and N Druid Hills Rd,,Angle Crash,2,Clear,Dry,Daylight
2021-03-11T18:14:00.000,I 85,I 85 and N Druid Hills Rd,,Not a Collision with Motor Vehicle,2,Clear,Dry,Daylight
2021-02-13T19:08:00.000,I 85,I 85 and N Druid Hills Rd,,Angle Crash,2,Cloudy,Wet,Dark-Not Lighted
2021-04-07T11:05:00.000,I 85,I 85 and N Druid Hills Rd,,Sideswipe-Same Direction,2,Clear,Dry,Daylight
2021-02-05T08:55:00.000,I 85,I 85 and N Druid Hills Rd,,Rear End,2,Cloudy,Wet,Daylight
2021-01-21T06:30:00.000,I 85,I 85 and N Druid Hills Rd,,Rear End,2,Cloudy,Wet,Dark-Lighted
2021-03-19T20:00:00.000,I 85,I 85 and N Druid Hills Rd,,Rear End,3,Cloudy,Dry,Dark-Lighted
2021-02-15T14:45:00.000,I 85,I 85 and N Druid Hills Rd,,Sideswipe-Same Direction,2,Rain,Wet,Daylight
2021-01-30T18:40:00.000,I 85,I 85 and N Druid Hills Rd,,Rear End,2,Clear,Dry,Dark-Not Lighted
2021-03-07T21:35:00.000,I 85,I 85 and N Druid Hills Rd,,Not a Collision with Motor Vehicle,1,Clear,Dry,Dark-Lighted
2021-01-08T11:45:00.000,I 85,I 85 and N Druid Hills Rd,,Angle Crash,2,Cloudy,Wet,Daylight
2021-06-11T18:28:00.000,I 85,I 85 and N Druid Hills Rd,,Rear End,2,Cloudy,Other,Daylight
2021-09-01T16:45:00.000,I 85,I 85 and N Druid Hills Rd,,Rear End,2,Clear,Dry,Daylight
2021-08-30T08:16:00.000,I 85,I 85 and N Druid Hills Rd,,Rear End,2,Clear,Dry,Daylight
2021-12-30T10:23:00.000,I 85,I 85 and N Druid Hills Rd,,Rear End,2,Rain,Wet,Daylight
2021-12-30T02:06:00.000,I 85,I 85 and N Druid Hills Rd,,Rear End,2,Rain,Wet,Dark-Not Lighted
2021-11-29T14:23:00.000,I 85,I 85 and N Druid Hills Rd,,Rear End,2,Clear,Dry,Daylight
2021-10-18T00:00:00.000,I 85,I 85 and N Druid Hills Rd,,Not a Collision with Motor Vehicle,2,Clear,Dry,Daylight
2021-12-08T12:48:00.000,I 85,I 85 and N Druid Hills Rd,,Angle Crash,3,Clear,Dry,Daylight
2021-10-12T05:40:00.000,I 85,I 85 and N Druid Hills Rd,,Rear End,2,Clear,Dry,Dark-Not Lighted
2021-07-14T20:38:00.000,I 85,I 85 and N Druid Hills Rd,,Rear End,2,Clear,Dry,Daylight
2021-09-14T11:39:00.000,I 85,I 85 and N Druid Hills Rd,,Angle Crash,2,Clear,Dry,Daylight
2021-11-18T18:00:00.000,I 85,I 85 and N Druid Hills Rd,,Rear End,3,Clear,Dry,Daylight
2021-09-22T23:46:00.000,I 85,I 85 and N Druid Hills Rd,,Sideswipe-Same Direction,2,Clear,Dry,Dark-Not Lighted
2021-07-02T22:40:00.000,I 85,I 85 and N Druid Hills Rd,,Sideswipe-Same Direction,2,Clear,Dry,Dark-Not Lighted
2021-12-10T22:20:00.000,I 85,I 85 and N Druid Hills Rd,,Rear End,2,Clear,Dry,Dark-Lighted
2021-04-01T17:20:00.000,I 85,I 85 and N Druid Hills Rd,,Rear End,2,Clear,Dry,Daylight
2021-02-06T18:50:00.000,I 85,I 85 and N Druid Hills Rd,,Not a Collision with Motor Vehicle,1,Rain,Wet,Dark-Lighted
2021-03-29T18:31:00.000,I 85,I 85 and N Druid Hills Rd,,Rear End,2,Clear,Dry,Daylight
2021-02-14T22:25:00.000,I 85,I 85 and N Druid Hills Rd,,Not a Collision with Motor Vehicle,1,Clear,Dry,Dark-Not Lighted
2021-06-08T18:18:00.000,I 85,I 85 and N Druid Hills Rd,,Rear End,2,Cloudy,Dry,Daylight
2021-04-21T07:25:00.000,I 85,I 85 and N Druid Hills Rd,,Sideswipe-Same Direction,2,Clear,Dry,Daylight
2021-06-10T09:00:00.000,I 85,I 85 and N Druid Hills Rd,,Rear End,2,Cloudy,Dry,Daylight
2021-02-13T19:15:00.000,I 85,I 85 and N Druid Hills Rd,,Angle Crash,2,Clear,Wet,Dark-Lighted
2021-06-28T20:04:00.000,I 85,I 85 and N Druid Hills Rd,,Rear End,2,Clear,Dry,Dark-Lighted
2021-05-03T09:50:00.000,I 85,I 85 and N Druid Hills Rd,,Rear End,2,Rain,Wet,Daylight
2021-04-16T17:20:00.000,I 85,I 85 and N Druid Hills Rd,,Rear End,2,Clear,Dry,Daylight
2021-04-02T08:30:00.000,I 85,I 85 and N Druid Hills Rd,,Sideswipe-Same Direction,2,Clear,Dry,Daylight
2021-03-06T17:45:00.000,I 85,I 85 and N Druid Hills Rd,,Rear End,2,Clear,Dry,Daylight
2021-02-13T19:45:00.000,I 85,I 85 and N Druid Hills Rd,,Rear End,3,Clear,Dry,Dark-Lighted
2021-06-14T17:00:00.000,I 85,I 85 and N Druid Hills Rd,,Angle Crash,2,Clear,Dry,Daylight
2021-01-24T05:30:00.000,I 85,I 85 and N Druid Hills Rd,,Not a Collision with Motor Vehicle,1,Clear,Dry,Dark-Not Lighted
2021-04-20T22:26:00.000,I 85,I 85 and N Druid Hills Rd,,Rear End,3,Clear,Dry,Dark-Not Lighted
2021-04-20T22:26:00.000,I 85,I 85 and N Druid Hills Rd,,Rear End,2,Clear,Dry,Dark-Lighted
2021-06-24T16:00:00.000,I 85,I 85 and N Druid Hills Rd,,Rear End,2,Clear,Dry,Daylight
2021-05-30T15:00:00.000,I 85,I 85 and N Druid Hills Rd,,Sideswipe-Same Direction,2,Clear,Dry,Daylight
2021-03-07T18:30:00.000,I 85,I 85 and N Druid Hills Rd,,Rear End,3,Clear,Dry,Daylight
2021-06-16T07:40:00.000,I 85,I 85 and N Druid Hills Rd,,Rear End,3,Clear,Dry,Daylight
2021-06-21T09:08:00.000,I 85,I 85 and N Druid Hills Rd,,Rear End,3,Cloudy,Dry,Daylight
2021-02-19T03:50:00.000,I 85,I 85 and N Druid Hills Rd,,Not a Collision with Motor Vehicle,1,Cloudy,Wet,Dark-Not Lighted
2021-06-22T19:12:00.000,I 85,I 85 and N Druid Hills Rd,,Angle Crash,2,Clear,Dry,Daylight
2021-05-03T16:34:00.000,I 85,I 85 and N Druid Hills Rd,,Rear End,2,Rain,Wet,Daylight
2021-02-06T21:34:00.000,I 85,I 85 and N Druid Hills Rd,,Rear End,2,Rain,Wet,Dark-Not Lighted
2021-02-21T17:55:00.000,I 85,I 85 and N Druid Hills Rd,,Sideswipe-Same Direction,2,Clear,Dry,Daylight
2021-01-29T06:05:00.000,I 85,I 85 and N Druid Hills Rd,,Not a Collision with Motor Vehicle,1,Clear,Dry,Dark-Not Lighted
2021-06-09T08:57:00.000,I 85,I 85 and N Druid Hills Rd,,Rear End,2,Clear,Dry,Daylight
2021-03-21T13:00:00.000,I 85,I 85 and N Druid Hills Rd,,Sideswipe-Same Direction,2,Clear,Dry,Daylight
2021-09-17T00:33:00.000,I 85,I 85 and N Druid Hills Rd,,Angle Crash,2,Cloudy,Dry,Dark-Not Lighted
2021-09-07T18:00:00.000,I 85,I 85 and N Druid Hills Rd,,Not a Collision with Motor Vehicle,2,Clear,Dry,Daylight
2021-08-06T21:50:00.000,I 85,I 85 and N Druid Hills Rd,,Sideswipe-Same Direction,2,Clear,Dry,Dark-Not Lighted
2021-07-22T09:12:00.000,I 85,I 85 and N Druid Hills Rd,,Rear End,2,Clear,Dry,Daylight
2021-11-15T06:45:00.000,I 85,I 85 and N Druid Hills Rd,,Rear End,2,Clear,Dry,Dark-Not Lighted
2021-12-03T19:42:00.000,I 85,I 85 and N Druid Hills Rd,,Sideswipe-Same Direction,3,Clear,Dry,Dark-Lighted
2021-09-29T08:45:00.000,I 85,I 85 and N Druid Hills Rd,,Rear End,2,Clear,Dry,Daylight
2021-07-11T12:20:00.000,I 85,I 85 and N Druid Hills Rd,,Sideswipe-Same Direction,2,Clear,Dry,Daylight
2021-09-02T10:02:00.000,I 85,I 85 and N Druid Hills Rd,,Rear End,2,Clear,Dry,Daylight
2021-10-28T15:45:00.000,I 85,I 85 and N Druid Hills Rd,,Rear End,2,Clear,Dry,Daylight
2021-07-12T19:56:00.000,I 85,I 85 and N Druid Hills Rd,,Not a Collision with Motor Vehicle,1,Cloudy,Dry,Daylight
2021-09-22T16:01:00.000,I 85,I 85 and N Druid Hills Rd,,Sideswipe-Same Direction,2,Clear,Dry,Daylight
2021-10-09T18:50:00.000,I 85,I 85 and N Druid Hills Rd,,Rear End,2,Clear,Dry,Daylight
2021-09-15T19:30:00.000,I 85,I 85 and N Druid Hills Rd,,Rear End,3,Clear,Dry,Daylight
2021-11-12T12:23:00.000,I 85,I 85 and N Druid Hills Rd,,Angle Crash,2,Clear,Dry,Daylight
2021-07-09T12:50:00.000,I 85,I 85 and N Druid Hills Rd,,Not a Collision with Motor Vehicle,1,Clear,Dry,Daylight
2021-09-20T00:00:00.000,I 85,I 85 and N Druid Hills Rd,,Rear End,2,Rain,Wet,Dark-Not Lighted
2021-10-15T17:40:00.000,I 85,I 85 and N Druid Hills Rd,,Rear End,2,Clear,Dry,Daylight
2021-11-19T19:00:00.000,I 85,I 85 and N Druid Hills Rd,,Sideswipe-Same Direction,2,Clear,Dry,Dark-Lighted
2021-10-09T12:20:00.000,I 85,I 85 and N Druid Hills Rd,,Sideswipe-Same Direction,2,Clear,Dry,Daylight
2021-09-25T22:39:00.000,I 85,I 85 and N Druid Hills Rd,,Angle Crash,2,Clear,Dry,Dark-Not Lighted
2021-07-02T13:22:00.000,I 85,I 85 and N Druid Hills Rd,,Rear End,3,Cloudy,Dry,Daylight
2021-08-28T13:25:00.000,I 85,I 85 and N Druid Hills Rd,,Rear End,2,Clear,Dry,Daylight
2021-11-09T19:05:00.000,I 85,I 85 and N Druid Hills Rd,,Rear End,2,Clear,Dry,Dark-Lighted
2021-08-25T16:40:00.000,I 85,I 85 and N Druid Hills Rd,,Rear End,2,Clear,Dry,Daylight
2021-04-22T08:25:00.000,I 85,I 85 and N Druid Hills Rd,,Rear End,2,Clear,Dry,Daylight
2021-11-10T07:10:00.000,I 85,I 85 and N Druid Hills Rd,,Sideswipe-Same Direction,2,Clear,Dry,Daylight
2021-09-03T17:37:00.000,I 85,I 85 and N Druid Hills Rd,,Rear End,2,Clear,Dry,Daylight
2021-09-15T18:16:00.000,I 85,I 85 and N Druid Hills Rd,,Sideswipe-Same Direction,2,Rain,Wet,Dark-Not Lighted
2021-07-20T08:50:00.000,I 85,I 85 and N Druid Hills Rd,,Rear End,2,Rain,Wet,Daylight
2021-08-16T09:08:00.000,I 85,I 85 and N Druid Hills Rd,,Sideswipe-Same Direction,3,Clear,Dry,Daylight
2021-10-05T09:00:00.000,I 85,I 85 and N Druid Hills Rd,,Rear End,2,Rain,Wet,Daylight
2021-11-01T10:26:00.000,I 85,I 85 and N Druid Hills Rd,,Rear End,2,Clear,Dry,Dawn
2021-08-31T01:15:00.000,I 85,I 85 and N Druid Hills Rd,,Sideswipe-Same Direction,2,Clear,Dry,Daylight
2021-04-28T21:50:00.000,I 85,I 85 and N Druid Hills Rd,,Sideswipe-Same Direction,2,Clear,Dry,Dark-Lighted
2021-03-11T21:13:00.000,I 85,I 85 and N Druid Hills Rd,,Sideswipe-Same Direction,2,Clear,Dry,Dark-Not Lighted
2021-04-02T17:39:00.000,I 85,I 85 and N Druid Hills Rd,,Angle Crash,2,Clear,Dry,Daylight
2021-06-03T08:30:00.000,I 85,I 85 and N Druid Hills Rd,,Sideswipe-Same Direction,2,Cloudy,Dry,Daylight
2021-01-13T16:01:00.000,I 85,I 85 and N Druid Hills Rd,,Rear End,2,Clear,Dry,Daylight
2021-04-06T10:20:00.000,I 85,I 85 and N Druid Hills Rd,,Not a Collision with Motor Vehicle,1,Clear,Dry,Daylight
2021-03-05T20:40:00.000,I 85,I 85 and N Druid Hills Rd,,Rear End,2,Clear,Dry,Dark-Lighted
2021-01-23T15:44:00.000,I 85,I 85 and N Druid Hills Rd,,Angle Crash,2,Clear,Dry,Daylight
2021-02-07T13:08:00.000,I 85,I 85 and N Druid Hills Rd,,Rear End,2,Cloudy,Dry,Daylight
2021-03-04T17:10:00.000,I 85,I 85 and N Druid Hills Rd,,Rear End,3,Clear,Dry,Daylight
2021-06-08T07:35:00.000,I 85,I 85 and N Druid Hills Rd,,Rear End,2,Cloudy,Dry,Daylight
2021-04-26T16:55:00.000,I 85,I 85 and N Druid Hills Rd,,Rear End,2,Clear,Dry,Daylight
2021-04-12T15:45:00.000,I 85,I 85 and N Druid Hills Rd,,Sideswipe-Same Direction,2,Clear,Dry,Daylight
2021-01-21T08:00:00.000,I 85,I 85 and N Druid Hills Rd,,Rear End,2,Cloudy,Wet,Daylight
2021-04-23T14:15:00.000,I 85,I 85 and N Druid Hills Rd,,Sideswipe-Same Direction,2,Clear,Dry,Daylight
2021-02-15T20:43:00.000,I 85,I 85 and N Druid Hills Rd,,Rear End,2,Rain,Wet,Dark-Not Lighted
2021-04-18T18:36:00.000,I 85,I 85 and N Druid Hills Rd,,Rear End,2,Clear,Dry,Daylight
2021-06-27T00:54:00.000,I 85,I 85 and N Druid Hills Rd,,Not a Collision with Motor Vehicle,2,Clear,Dry,Dark-Lighted
2021-05-28T15:13:00.000,I 85,I 85 and N Druid Hills Rd,,Rear End,2,Cloudy,Dry,Daylight
2021-07-30T08:00:00.000,I 85,I 85 and N Druid Hills Rd,,Sideswipe-Same Direction,2,Clear,Dry,Daylight
2021-08-19T09:30:00.000,I 85,I 85 and N Druid Hills Rd,,Not a Collision with Motor Vehicle,1,Clear,Dry,Daylight
2021-09-25T19:40:00.000,I 85,I 85 and N Druid Hills Rd,,Sideswipe-Same Direction,2,Clear,Dry,Dark-Lighted
2021-11-30T16:20:00.000,I 85,I 85 and N Druid Hills Rd,,Rear End,2,Clear,Dry,Daylight
2021-09-30T20:00:00.000,I 85,I 85 and N Druid Hills Rd,,Angle Crash,3,Clear,Dry,Daylight
2021-11-09T19:06:00.000,I 85,I 85 and N Druid Hills Rd,,Rear End,2,Clear,Dry,Dark-Lighted
2021-10-12T05:49:00.000,I 85,I 85 and N Druid Hills Rd,,Not a Collision with Motor Vehicle,1,Clear,Dry,Dusk
2021-11-18T16:00:00.000,I 85,I 85 and N Druid Hills Rd,,Rear End,5,Clear,Dry,Daylight
2021-09-20T08:50:00.000,I 85,I 85 and N Druid Hills Rd,,Rear End,2,Rain,Wet,Dark-Not Lighted
2021-07-02T23:15:00.000,I 85,I 85 and N Druid Hills Rd,,Sideswipe-Opposite Direction,2,Clear,Dry,Dark-Not Lighted
2021-01-17T18:40:00.000,I 85,I 85 and N Druid Hills Rd,,Sideswipe-Same Direction,2,Clear,Dry,Dark-Lighted
2021-01-10T03:40:00.000,I 85,I 85 and N Druid Hills Rd,,Rear End,2,Clear,Dry,Dark-Lighted
2021-05-21T15:40:00.000,I 85,I 85 and N Druid Hills Rd,,Sideswipe-Same Direction,2,Clear,Dry,Daylight
2021-01-11T20:35:00.000,I 85,I 85 and N Druid Hills Rd,,Angle Crash,2,Rain,Wet,Dark-Lighted