Date and Time,Roadway (From Crash Report),Intersection Name (from Crash Report),KABCO Severity,Manner of Collision (Crash Level) ,# of Vehicles per crash ,Weather Conditions (Crash Level),Surface Condition (Crash Level) ,Light Conditions (Crash Level)
2020-09-10T17:30:00.000,I 85,I 85 and N Druid Hills Rd,,Sideswipe-Same Direction,2,Clear,Dry,Daylight
2020-02-14T05:15:00.000,I 85,I 85 and N Druid Hills Rd,,Rear End,2,Clear,Dry,Dark-Lighted
2020-10-01T18:50:00.000,I 85,I 85 and N Druid Hills Rd,,Rear End,2,Clear,Dry,Daylight
2020-07-15T17:22:00.000,I 85,I 85 and N Druid Hills Rd,,Sideswipe-Same Direction,2,Cloudy,Wet,Daylight
2020-03-23T19:58:00.000,I 85,I 85 and N Druid Hills Rd,,Not a Collision with Motor Vehicle,1,Rain,Wet,Dark-Lighted
2020-11-24T19:53:00.000,I 85,I 85 and N Druid Hills Rd,,Sideswipe-Same Direction,2,Clear,Dry,Dark-Lighted
2020-08-30T21:33:00.000,I 85,I 85 and N Druid Hills Rd,,Not a Collision with Motor Vehicle,1,Rain,Wet,Dark-Not Lighted
2020-05-04T10:50:00.000,I 85,I 85 and N Druid Hills Rd,,Not a Collision with Motor Vehicle,2,Clear,Dry,Daylight
2020-03-20T12:30:00.000,I 85,I 85 and N Druid Hills Rd,,Angle Crash,2,Clear,Dry,Daylight
2020-09-06T04:16:00.000,I 85,I 85 and N Druid Hills Rd,,Not a Collision with Motor Vehicle,1,Clear,Dry,Dark-Lighted
2020-10-17T11:30:00.000,I 85,I 85 and N Druid Hills Rd,,Rear End,2,Clear,Dry,Daylight
2020-11-10T02:00:00.000,I 85,I 85 and N Druid Hills Rd,,Sideswipe-Same Direction,2,Rain,Wet,Dark-Not Lighted
2020-01-24T07:30:00.000,I 85,I 85 and N Druid Hills Rd,,Rear End,3,Rain,Wet,Daylight
2020-11-10T09:00:00.000,I 85,I 85 and N Druid Hills Rd,,Rear End,2,Cloudy,Dry,Daylight
2020-05-07T13:50:00.000,I 85,I 85 and N Druid Hills Rd,,Sideswipe-Same Direction,2,Clear,Dry,Daylight
2020-05-02T22:13:00.000,I 85,I 85 and N Druid Hills Rd,,Rear End,3,Clear,Dry,Dark-Not Lighted
2020-01-03T13:25:00.000,I 85,I 85 and N Druid Hills Rd,,Sideswipe-Same Direction,2,Rain,Wet,Daylight
2020-04-22T14:53:00.000,I 85,I 85 and N Druid Hills Rd,,Sideswipe-Same Direction,2,Cloudy,Dry,Daylight
2020-03-05T23:53:00.000,I 85,I 85 and N Druid Hills Rd,,Rear End,2,Cloudy,Wet,Dark-Lighted
2020-06-12T17:13:00.000,I 85,I 85 and N Druid Hills Rd,,Rear End,2,Clear,Dry,Daylight
2020-08-16T13:30:00.000,I 85,I 85 and N Druid Hills Rd,,Rear End,3,Clear,Dry,Daylight
2020-03-30T13:10:00.000,I 85,I 85 and N Druid Hills Rd,,Rear End,2,Clear,Dry,Daylight
2020-02-24T19:53:00.000,I 85,I 85 and N Druid Hills Rd,,Rear End,3,Rain,Wet,Dark-Lighted
2020-09-26T12:28:00.000,I 85,I 85 and N Druid Hills Rd,,Not a Collision with Motor Vehicle,1,Cloudy,Dry,Daylight
2020-06-12T22:28:00.000,I 85,I 85 and N Druid Hills Rd,,Rear End,2,Cloudy,Wet,Dark-Lighted
2020-08-24T07:50:00.000,I 85,I 85 and N Druid Hills Rd,,Rear End,3,Rain,Wet,Daylight
2020-01-14T18:03:00.000,I 85,I 85 and N Druid Hills Rd,,Rear End,2,Rain,Wet,Dark-Lighted
2020-02-21T15:30:00.000,I 85,I 85 and N Druid Hills Rd,,Angle Crash,3,Clear,Dry,Daylight
2020-03-05T19:03:00.000,I 85,I 85 and N Druid Hills Rd,,Rear End,2,Cloudy,Wet,Dark-Lighted
2020-11-15T19:00:00.000,I 85,I 85 and N Druid Hills Rd,,Rear End,2,Clear,Dry,Daylight
2020-03-05T16:00:00.000,I 85,I 85 and N Druid Hills Rd,,Rear End,2,Clear,Dry,Daylight
2020-02-27T17:45:00.000,I 85,I 85 and N Druid Hills Rd,,Rear End,2,Clear,Dry,Daylight
2020-01-29T14:35:00.000,I 85,I 85 and N Druid Hills Rd,,Rear End,2,Cloudy,Dry,Daylight
2020-03-06T16:28:00.000,I 85,I 85 and N Druid Hills Rd,,Rear End,2,Clear,Dry,Daylight
2020-03-28T20:05:00.000,I 85,I 85 and N Druid Hills Rd,,Sideswipe-Same Direction,2,Clear,Dry,Dark-Lighted
2020-11-20T19:00:00.000,I 85,I 85 and N Druid Hills Rd,,Rear End,2,Clear,Dry,Dark-Lighted
2020-01-23T18:00:00.000,I 85,I 85 and N Druid Hills Rd,,Rear End,2,Clear,Dry,Daylight
2020-11-19T16:33:00.000,I 85,I 85 and N Druid Hills Rd,,Sideswipe-Same Direction,2,Clear,Dry,Dusk
2020-02-07T08:20:00.000,I 85,I 85 and N Druid Hills Rd,,Rear End,2,Clear,Dry,Daylight
2020-02-28T18:55:00.000,I 85,I 85 and N Druid Hills Rd,,Rear End,2,Clear,Dry,Dark-Lighted
2020-11-07T12:00:00.000,I 85,I 85 and N Druid Hills Rd,,Rear End,2,Cloudy,Dry,Daylight
2020-12-11T17:32:00.000,I 85,I 85 and N Druid Hills Rd,,Rear End,2,Clear,Dry,Daylight
2020-07-05T18:00:00.000,I 85,I 85 and N Druid Hills Rd,,Rear End,2,Cloudy,Dry,Daylight
2020-10-20T07:25:00.000,I 85,I 85 and N Druid Hills Rd,,Rear End,2,Clear,Dry,Daylight
2020-09-08T15:55:00.000,I 85,I 85 and N Druid Hills Rd,,Rear End,4,Clear,Dry,Daylight
2020-07-06T16:20:00.000,I 85,I 85 and N Druid Hills Rd,,Sideswipe-Same Direction,2,Rain,Wet,Daylight
2020-02-25T13:30:00.000,I 85,I 85 and N Druid Hills Rd,,Sideswipe-Same Direction,2,Clear,Dry,Daylight
2020-01-13T07:25:00.000,I 85,I 85 and N Druid Hills Rd,,Sideswipe-Same Direction,2,Rain,Wet,Dark-Not Lighted
2020-10-02T14:51:00.000,I 85,I 85 and N Druid Hills Rd,,Angle Crash,2,Clear,Dry,Daylight
2020-10-26T12:45:00.000,I 85,I 85 and N Druid Hills Rd,,Sideswipe-Same Direction,2,Cloudy,Dry,Daylight
2020-11-24T17:54:00.000,I 85,I 85 and N Druid Hills Rd,,Rear End,2,Clear,Dry,Dark-Lighted
2020-03-05T20:40:00.000,I 85,I 85 and N Druid Hills Rd,,Rear End,2,Clear,Dry,Daylight
2020-02-26T06:20:00.000,I 85,I 85 and N Druid Hills Rd,,Rear End,2,Clear,Dry,Daylight
2020-04-28T15:26:00.000,I 85,I 85 and N Druid Hills Rd,,Sideswipe-Same Direction,2,Clear,Dry,Daylight
2020-12-14T08:05:00.000,I 85,I 85 and N Druid Hills Rd,,Rear End,2,Cloudy,Wet,Daylight
2020-07-11T00:00:00.000,I 85,I 85 and N Druid Hills Rd,,Rear End,2,Clear,Dry,Dark-Not Lighted
2020-09-18T18:30:00.000,I 85,I 85 and N Druid Hills Rd,,Not a Collision with Motor Vehicle,1,Clear,Dry,Daylight
2020-12-05T11:55:00.000,I 85,I 85 and N Druid Hills Rd,,Not a Collision with Motor Vehicle,3,Clear,Dry,Daylight
2021-04-02T16:14:00.000,I 85,I 85 and N Druid Hills Rd,,Rear End,3,Clear,Dry,Daylight
2021-06-28T17:20:00.000,I 85,I 85 and N Druid Hills Rd,,Sideswipe-Same Direction,2,Cloudy,Dry,Daylight
2021-05-21T16:20:00.000,I 85,I 85 and N Druid Hills Rd,,Rear End,2,Clear,Dry,Daylight
2021-06-01T18:43:00.000,I 85,I 85 and N Druid Hills Rd,,Rear End,3,Clear,Dry,Daylight
2021-03-06T14:00:00.000,I 85,I 85 and N Druid Hills Rd,,Rear End,2,Clear,Dry,Daylight
2021-06-17T14:55:00.000,I 85,I 85 and N Druid Hills Rd,,Sideswipe-Same Direction,2,Clear,Dry,Daylight
2021-03-02T19:00:00.000,I 85,I 85 and N Druid Hills Rd,,Rear End,2,Rain,Wet,Dark-Lighted
2021-05-15T22:30:00.000,I 85,I 85 and N Druid Hills Rd,,Rear End,2,Cloudy,Dry,Dark-Not Lighted
2021-04-28T16:00:00.000,I 85,I 85 and N Druid Hills Rd,,Rear End,2,Clear,Dry,Dawn
2021-05-13T11:50:00.000,I 85,I 85 and N Druid Hills Rd,,Rear End,2,Clear,Dry,Dark-Lighted
2021-06-07T12:32:00.000,I 85,I 85 and N Druid Hills Rd,,Angle Crash,2,Cloudy,Dry,Daylight
2021-04-26T09:00:00.000,I 85,I 85 and N Druid Hills Rd,,Angle Crash,2,Clear,Dry,Daylight
2021-04-01T12:50:00.000,I 85,I 85 and N Druid Hills Rd,,Sideswipe-Same Direction,2,Clear,Dry,Daylight
2021-02-12T09:22:00.000,I 85,I 85 and N Druid Hills Rd,,Angle Crash,2,Rain,Wet,Daylight
2021-04-30T20:15:00.000,I 85,I 85 and N Druid Hills Rd,,Rear End,2,Cloudy,Dry,Dark-Lighted
2021-01-28T16:05:00.000,I 85,I 85 and N Druid Hills Rd,,Rear End,2,Clear,Dry,Daylight
2021-05-06T17:50:00.000,I 85,I 85 and N Druid Hills Rd,,Sideswipe-Same Direction,2,Clear,Dry,Daylight
2021-03-07T12:27:00.000,I 85,I 85 and N Druid Hills Rd,,Rear End,2,Clear,Dry,Daylight
2021-06-15T18:00:00.000,I 85,I 85 and N Druid Hills Rd,,Rear End,2,Clear,Dry,Daylight
2021-05-02T05:21:00.000,I 85,I 85 and N Druid Hills Rd,,Angle Crash,2,Clear,Dry,Dark-Not Lighted
2021-05-29T03:25:00.000,I 85,I 85 and N Druid Hills Rd,,Sideswipe-Same Direction,2,Clear,Dry,Dark-Lighted
2021-05-03T09:30:00.000,I 85,I 85 and N Druid Hills Rd,,Sideswipe-Same Direction,3,Rain,Wet,Daylight
2021-06-10T13:40:00.000,I 85,I 85 and N Druid Hills Rd,,Not a Collision with Motor Vehicle,4,Clear,Dry,Daylight
2021-04-01T12:00:00.000,I 85,I 85 and N Druid Hills Rd,,Sideswipe-Same Direction,2,Clear,Dry,Daylight
2021-04-24T23:21:00.000,I 85,I 85 and N Druid Hills Rd,,Not a Collision with Motor Vehicle,1,Cloudy,Wet,Dark-Not Lighted
2021-04-13T19:00:00.000,I 85,I 85 and N Druid Hills Rd,,Rear End,2,Clear,Dry,Daylight
2021-04-01T09:50:00.000,I 85,I 85 and N Druid Hills Rd,,Sideswipe-Same Direction,3,Clear,Dry,Daylight
2021-04-21T22:25:00.000,I 85,I 85 and N Druid Hills Rd,,Sideswipe-Same Direction,2,Clear,Dry,Dark-Lighted
2021-06-09T22:15:00.000,I 85,I 85 and N Druid Hills Rd,,Rear End,2,Cloudy,Wet,Dark-Lighted
2021-01-21T07:00:00.000,I 85,I 85 and N Druid Hills Rd,,Rear End,2,Rain,Wet,Dark-Lighted
2021-06-27T02:30:00.000,I 85,I 85 and N Druid Hills Rd,,Rear End,2,Clear,Dry,Dark-Lighted
2021-02-18T19:00:00.000,I 85,I 85 and N Druid Hills Rd,,Rear End,2,Rain,Wet,Dark-Lighted
2021-06-04T19:25:00.000,I 85,I 85 and N Druid Hills Rd,,Sideswipe-Same Direction,2,Clear,Dry,Daylight
2021-05-10T08:16:00.000,I 85,I 85 and N Druid Hills Rd,,Rear End,2,Rain,Wet,Daylight
2021-11-22T04:30:00.000,I 85,I 85 and N Druid Hills Rd,,Head On,4,Rain,Wet,Dark-Not Lighted
2021-12-03T19:39:00.000,I 85,I 85 and N Druid Hills Rd,,Not a Collision with Motor Vehicle,6,Clear,Dry,Dark-Not Lighted
2021-07-25T04:40:00.000,I 85,I 85 and N Druid Hills Rd,,Angle Crash,2,Clear,Dry,Dark-Not Lighted
2021-09-07T01:30:00.000,I 85,I 85 and N Druid Hills Rd,,Sideswipe-Same Direction,2,Clear,Dry,Dark-Not Lighted
2021-10-28T08:35:00.000,I 85,I 85 and N Druid Hills Rd,,Rear End,2,Rain,Wet,Daylight
2021-11-23T15:20:00.000,I 85,I 85 and N Druid Hills Rd,,Sideswipe-Same Direction,2,Clear,Dry,Daylight
2021-10-07T14:30:00.000,I 85,I 85 and N Druid Hills Rd,,Rear End,3,Cloudy,Dry,Daylight
2021-12-22T17:06:00.000,I 85,I 85 and N Druid Hills Rd,,Sideswipe-Same Direction,2,Clear,Dry,Daylight
2021-10-01T18:45:00.000,I 85,I 85 and N Druid Hills Rd,,Rear End,2,Clear,Dry,Daylight
2021-09-24T10:50:00.000,I 85,I 85 and N Druid Hills Rd,,Rear End,2,Clear,Dry,Daylight
2021-12-29T20:20:00.000,I 85,I 85 and N Druid Hills Rd,,Angle Crash,4,Clear,Dry,Dark-Not Lighted
2021-08-13T21:10:00.000,I 85,I 85 and N Druid Hills Rd,,Rear End,2,Clear,Dry,Dark-Lighted
2021-09-15T18:10:00.000,I 85,I 85 and N Druid Hills Rd,,Rear End,2,Rain,Wet,Daylight
2021-11-20T09:20:00.000,I 85,I 85 and N Druid Hills Rd,,Sideswipe-Same Direction,3,Clear,Dry,Daylight
2021-12-08T18:32:00.000,I 85,I 85 and N Druid Hills Rd,,Rear End,2,Clear,Dry,Dark-Lighted
2021-07-28T20:55:00.000,I 85,I 85 and N Druid Hills Rd,,Sideswipe-Same Direction,2,Clear,Dry,Dark-Lighted
2021-09-10T11:55:00.000,I 85,I 85 and N Druid Hills Rd,,Sideswipe-Same Direction,2,Clear,Dry,Daylight
2021-07-19T08:35:00.000,I 85,I 85 and N Druid Hills Rd,,Rear End,2,Rain,Wet,Daylight
2021-08-09T18:30:00.000,I 85,I 85 and N Druid Hills Rd,,Rear End,2,Clear,Dry,Daylight
2021-08-07T12:59:00.000,I 85,I 85 and N Druid Hills Rd,,Sideswipe-Same Direction,2,Clear,Dry,Daylight
2021-10-08T17:25:00.000,I 85,I 85 and N Druid Hills Rd,,Sideswipe-Same Direction,2,Clear,Dry,Daylight
2021-12-24T17:31:00.000,I 85,I 85 and N Druid Hills Rd,,Rear End,2,Clear,Dry,Daylight
2021-09-19T14:05:00.000,I 85,I 85 and N Druid Hills Rd,,Rear End,2,Rain,Wet,Daylight
2021-10-30T10:46:00.000,I 85,I 85 and N Druid Hills Rd,,Sideswipe-Same Direction,2,Cloudy,Wet,Daylight
2021-09-26T16:14:00.000,I 85,I 85 and N Druid Hills Rd,,Angle Crash,2,Clear,Dry,Daylight
2021-11-06T14:35:00.000,I 85,I 85 and N Druid Hills Rd,,Rear End,3,Clear,Dry,Daylight
2021-11-24T20:20:00.000,I 85,I 85 and N Druid Hills Rd,,Not a Collision with Motor Vehicle,2,Clear,Dry,Dark-Lighted
2021-11-22T05:39:00.000,I 85,I 85 and N Druid Hills Rd,,Rear End,2,Clear,Wet,Dark-Lighted
2021-10-28T16:10:00.000,I 85,I 85 and N Druid Hills Rd,,Rear End,2,Rain,Wet,Daylight
2021-08-04T08:00:00.000,I 85,I 85 and N Druid Hills Rd,,Rear End,2,Cloudy,Dry,Daylight
2021-09-20T10:58:00.000,I 85,I 85 and N Druid Hills Rd,,Rear End,4,Rain,Wet,Daylight
2021-11-29T15:50:00.000,I 85,I 85 and N Druid Hills Rd,,Rear End,2,Clear,Dry,Daylight
2021-09-23T07:50:00.000,I 85,I 85 and N Druid Hills Rd,,Rear End,3,Clear,Dry,Daylight
2021-08-27T19:20:00.000,I 85,I 85 and N Druid Hills Rd,,Sideswipe-Same Direction,2,Clear,Dry,Daylight
2021-07-23T16:23:00.000,I 85,I 85 and N Druid Hills Rd,,Sideswipe-Same Direction,3,Cloudy,Dry,Daylight
2021-08-25T23:30:00.000,I 85,I 85 and N Druid Hills Rd,,Rear End,2,Clear,Dry,Dark-Not Lighted
2021-11-27T14:32:00.000,I 85,I 85 and N Druid Hills Rd,,Rear End,2,Clear,Dry,Daylight
2021-11-09T17:00:00.000,I 85,I 85 and N Druid Hills Rd,,Rear End,2,Clear,Dry,Daylight
2021-08-25T13:00:00.000,I 85,I 85 and N Druid Hills Rd,,Not a Collision with Motor Vehicle,2,Clear,Dry,Daylight
2021-07-02T16:00:00.000,I 85,I 85 and N Druid Hills Rd,,Rear End,2,Cloudy,Wet,Daylight
2021-07-21T06:40:00.000,I 85,I 85 and N Druid Hills Rd,,Rear End,2,Cloudy,Dry,Daylight
2021-07-08T16:30:00.000,I 85,I 85 and N Druid Hills Rd,,Sideswipe-Same Direction,2,Clear,Dry,Daylight
2021-12-03T19:25:00.000,I 85,I 85 and N Druid Hills Rd,,Angle Crash,2,Clear,Dry,Dark-Lighted
2021-08-01T17:50:00.000,I 85,I 85 and N Druid Hills Rd,,Rear End,2,Clear,Dry,Daylight
2022-02-17T06:00:00.000,I 85,I 85 and N Druid Hills Rd,,Rear End,2,Clear,Dry,Dark-Lighted
2022-12-14T23:25:00.000,I 85,I 85 and N Druid Hills Rd,,Sideswipe-Same Direction,2,Rain,Wet,Dark-Not Lighted
2022-08-16T21:30:00.000,I 85,I 85 and N Druid Hills Rd,,Angle Crash,2,Clear,Dry,Dark-Lighted
2022-09-22T18:26:00.000,I 85,I 85 and N Druid Hills Rd,,Sideswipe-Same Direction,2,Clear,Dry,Daylight
2022-09-28T09:28:00.000,I 85,I 85 and N Druid Hills Rd,,Rear End,2,Clear,Dry,Daylight
2022-12-18T16:01:00.000,I 85,I 85 and N Druid Hills Rd,,Rear End,2,Clear,Dry,Daylight
2022-01-12T17:43:00.000,I 85,I 85 and N Druid Hills Rd,,Rear End,3,Clear,Dry,Dusk
2022-10-12T16:00:00.000,I 85,I 85 and N Druid Hills Rd,,Rear End,2,Rain,Wet,Daylight
2022-06-21T11:15:00.000,I 85,I 85 and N Druid Hills Rd,,Rear End,2,Clear,Dry,Daylight
2022-06-12T15:06:00.000,I 85,I 85 and N Druid Hills Rd,,Rear End,2,Clear,Dry,Daylight
2022-09-30T07:30:00.000,I 85,I 85 and N Druid Hills Rd,,Rear End,2,Clear,Dry,Daylight
2022-07-18T20:38:00.000,I 85,I 85 and N Druid Hills Rd,,Rear End,2,Clear,Dry,Dark-Lighted
2021-10-30T13:02:00.000,I 85,I 85 and N Druid Hills Rd,,Sideswipe-Same Direction,2,Cloudy,Wet,Daylight
2021-09-15T18:17:00.000,I 85,I 85 and N Druid Hills Rd,,Sideswipe-Same Direction,2,Rain,Wet,Dark-Not Lighted
2021-12-20T18:00:00.000,I 85,I 85 and N Druid Hills Rd,,Rear End,2,Clear,Dry,Dark-Not Lighted
2021-10-19T09:09:00.000,I 85,I 85 and N Druid Hills Rd,,Rear End,2,Clear,Dry,Daylight
2021-09-07T10:13:00.000,I 85,I 85 and N Druid Hills Rd,,Rear End,2,Rain,Wet,Daylight
2021-09-01T08:57:00.000,I 85,I 85 and N Druid Hills Rd,,Rear End,2,Cloudy,Dry,Daylight
2021-08-30T16:20:00.000,I 85,I 85 and N Druid Hills Rd,,Not a Collision with Motor Vehicle,1,Rain,Wet,Daylight
2021-10-28T18:30:00.000,I 85,I 85 and N Druid Hills Rd,,Rear End,2,Rain,Wet,Dark-Lighted
2021-11-03T17:15:00.000,I 85,I 85 and N Druid Hills Rd,,Rear End,2,Clear,Dry,Daylight
2021-09-27T07:18:00.000,I 85,I 85 and N Druid Hills Rd,,Rear End,2,Clear,Dry,Daylight
2021-07-22T03:30:00.000,I 85,I 85 and N Druid Hills Rd,,Rear End,2,Clear,Dry,Dark-Not Lighted
2021-09-14T09:00:00.000,I 85,I 85 and N Druid Hills Rd,,Rear End,5,Clear,Dry,Daylight
2022-11-01T10:45:00.000,I 85,I 85 and N Druid Hills Rd,,Sideswipe-Same Direction,2,Clear,Dry,Daylight
2022-05-20T21:15:00.000,I 85,I 85 and N Druid Hills Rd,,Not a Collision with Motor Vehicle,1,Clear,Dry,Dark-Not Lighted
2022-06-14T09:04:00.000,I 85,I 85 and N Druid Hills Rd,,Rear End,2,Clear,Dry,Daylight
2022-06-08T07:40:00.000,I 85,I 85 and N Druid Hills Rd,,Rear End,3,Clear,Dry,Daylight
2022-01-23T17:00:00.000,I 85,I 85 and N Druid Hills Rd,,Rear End,2,Clear,Dry,Dark-Lighted
2022-02-25T08:50:00.000,I 85,I 85 and N Druid Hills Rd,,Sideswipe-Same Direction,2,Rain,Wet,Daylight
2022-06-17T17:50:00.000,I 85,I 85 and N Druid Hills Rd,,Rear End,4,Rain,Wet,Daylight
2022-11-16T10:03:00.000,I 85,I 85 and N Druid Hills Rd,,Rear End,2,Cloudy,Dry,Daylight
2022-08-17T09:55:00.000,I 85,I 85 and N Druid Hills Rd,,Rear End,3,Rain,Wet,Daylight
2022-04-27T07:49:00.000,I 85,I 85 and N Druid Hills Rd,,Rear End,2,Clear,Dry,Daylight
2022-06-16T23:55:00.000,I 85,I 85 and N Druid Hills Rd,,Rear End,2,Cloudy,Wet,Dark-Not Lighted
2022-12-07T17:25:00.000,I 85,I 85 and N Druid Hills Rd,,Sideswipe-Same Direction,2,Clear,Dry,Daylight
2022-06-30T08:00:00.000,I 85,I 85 and N Druid Hills Rd,,Rear End,2,Cloudy,Dry,Daylight
2022-03-23T22:30:00.000,I 85,I 85 and N Druid Hills Rd,,Not a Collision with Motor Vehicle,1,Clear,Dry,Dark-Not Lighted
2022-02-24T15:19:00.000,I 85,I 85 and N Druid Hills Rd,,Rear End,2,Clear,Dry,Daylight
2022-05-03T20:00:00.000,I 85,I 85 and N Druid Hills Rd,,Sideswipe-Same Direction,2,Clear,Dry,Dark-Lighted
2022-07-28T20:22:00.000,I 85,I 85 and N Druid Hills Rd,,Sideswipe-Same Direction,2,Clear,Dry,Daylight
2022-06-27T17:40:00.000,I 85,I 85 and N Druid Hills Rd,,Rear End,3,Cloudy,Dry,Daylight
2022-08-30T20:00:00.000,I 85,I 85 and N Druid Hills Rd,,Rear End,2,Clear,Wet,Dusk
2022-05-29T14:30:00.000,I 85,I 85 and N Druid Hills Rd,,Sideswipe-Same Direction,2,Clear,Dry,Daylight
2022-09-24T21:34:00.000,I 85,I 85 and N Druid Hills Rd,,Angle Crash,3,Clear,Dry,Dark-Lighted
2022-09-12T09:13:00.000,I 85,I 85 and N Druid Hills Rd,,Rear End,2,Cloudy,Dry,Daylight
2022-09-01T07:00:00.000,I 85,I 85 and N Druid Hills Rd,,Rear End,2,Clear,Dry,Daylight
2022-03-11T23:30:00.000,I 85,I 85 and N Druid Hills Rd,,Sideswipe-Same Direction,2,Clear,Dry,Dark-Not Lighted
2022-12-05T14:46:00.000,I 85,I 85 and N Druid Hills Rd,,Rear End,2,Rain,Wet,Daylight
2022-10-30T22:07:00.000,I 85,I 85 and N Druid Hills Rd,,Sideswipe-Same Direction,2,Rain,Wet,Dark-Not Lighted
2022-05-10T21:05:00.000,I 85,I 85 and N Druid Hills Rd,,Rear End,5,Clear,Dry,Daylight
2022-02-09T08:32:00.000,I 85,I 85 and N Druid Hills Rd,,Rear End,2,Clear,Dry,Daylight
2022-03-07T19:45:00.000,I 85,I 85 and N Druid Hills Rd,,Not a Collision with Motor Vehicle,1,Rain,Wet,Dark-Lighted
2022-01-10T15:35:00.000,I 85,I 85 and N Druid Hills Rd,,Rear End,2,Clear,Dry,Daylight
2022-02-24T08:50:00.000,I 85,I 85 and N Druid Hills Rd,,Rear End,2,Clear,Dry,Daylight
2022-03-05T18:30:00.000,I 85,I 85 and N Druid Hills Rd,,Rear End,3,Clear,Dry,Dark-Lighted
2022-12-13T08:45:00.000,I 85,I 85 and N Druid Hills Rd,,Rear End,3,Cloudy,Dry,Daylight
2022-04-16T13:25:00.000,I 85,I 85 and N Druid Hills Rd,,Rear End,3,Cloudy,Dry,Daylight
2022-06-29T02:49:00.000,I 85,I 85 and N Druid Hills Rd,,Rear End,3,Cloudy,Dry,Dark-Not Lighted
2022-12-19T20:29:00.000,I 85,I 85 and N Druid Hills Rd,,Rear End,2,Clear,Dry,Dark-Not Lighted
2022-08-31T18:00:00.000,I 85,I 85 and N Druid Hills Rd,,Rear End,2,Clear,Dry,Daylight
2022-11-04T09:40:00.000,I 85,I 85 and N Druid Hills Rd,,Rear End,2,Cloudy,Dry,Daylight
2022-07-16T17:15:00.000,I 85,I 85 and N Druid Hills Rd,,Rear End,2,Clear,Dry,Daylight
2022-04-01T17:40:00.000,I 85,I 85 and N Druid Hills Rd,,Rear End,2,Clear,Dry,Daylight
2022-02-04T23:30:00.000,I 85,I 85 and N Druid Hills Rd,,Rear End,2,Clear,Dry,Dark-Lighted
2022-12-08T18:07:00.000,I 85,I 85 and N Druid Hills Rd,,Sideswipe-Same Direction,2,Cloudy,Dry,Dark-Not Lighted
2022-07-05T21:10:00.000,I 85,I 85 and N Druid Hills Rd,,Angle Crash,2,Clear,Dry,Dark-Lighted
2022-11-30T08:52:00.000,I 85,I 85 and N Druid Hills Rd,,Rear End,2,Cloudy,Wet,Daylight
2022-05-24T14:40:00.000,I 85,I 85 and N Druid Hills Rd,,Rear End,2,Clear,Dry,Daylight
2022-12-19T12:28:00.000,I 85,I 85 and N Druid Hills Rd,,Rear End,2,Clear,Dry,Daylight
2022-09-23T17:47:00.000,I 85,I 85 and N Druid Hills Rd,,Angle Crash,2,Clear,Dry,Daylight
2022-04-28T13:10:00.000,I 85,I 85 and N Druid Hills Rd,,Sideswipe-Same Direction,2,Clear,Dry,Daylight
2022-02-25T19:23:00.000,I 85,I 85 and N Druid Hills Rd,,Rear End,2,Clear,Dry,Daylight
2022-12-12T16:33:00.000,I 85,I 85 and N Druid Hills Rd,,Sideswipe-Same Direction,2,Clear,Dry,Daylight
2022-04-15T17:00:00.000,I 85,I 85 and N Druid Hills Rd,,Angle Crash,2,Clear,Dry,Daylight
2022-08-06T13:07:00.000,I 85,I 85 and N Druid Hills Rd,,Rear End,2,Clear,Dry,Daylight
2022-06-21T17:01:00.000,I 85,I 85 and N Druid Hills Rd,,Angle Crash,2,Clear,Dry,Daylight
2022-04-27T23:49:00.000,I 85,I 85 and N Druid Hills Rd,,Not a Collision with Motor Vehicle,1,Clear,Dry,Dark-Not Lighted
2022-12-06T09:21:00.000,I 85,I 85 and N Druid Hills Rd,,Rear End,4,Rain,Wet,Daylight
2021-09-20T08:05:00.000,I 85,I 85 and N Druid Hills Rd,,Rear End,3,Rain,Wet,Daylight
2021-10-23T21:45:00.000,I 85,I 85 and N Druid Hills Rd,,Rear End,2,Clear,Dry,Dark-Lighted
2021-12-03T20:30:00.000,I 85,I 85 and N Druid Hills Rd,,Angle Crash,2,Clear,Dry,Dark-Not Lighted
2021-11-12T18:30:00.000,I 85,I 85 and N Druid Hills Rd,,Sideswipe-Same Direction,2,Clear,Dry,Dusk
2021-10-06T09:10:00.000,I 85,I 85 and N Druid Hills Rd,,Angle Crash,2,Cloudy,Wet,Daylight
2021-10-12T19:00:00.000,I 85,I 85 and N Druid Hills Rd,,Rear End,2,Clear,Dry,Daylight
2021-12-10T22:20:00.000,I 85,I 85 and N Druid Hills Rd,,Rear End,2,Fog,Dry,Dark-Not Lighted
2021-08-11T18:00:00.000,I 85,I 85 and N Druid Hills Rd,,Sideswipe-Same Direction,2,Clear,Wet,Daylight
2021-10-22T17:46:00.000,I 85,I 85 and N Druid Hills Rd,,Rear End,3,Clear,Dry,Daylight
2021-07-06T15:30:00.000,I 85,I 85 and N Druid Hills Rd,,Rear End,2,Clear,Dry,Daylight
2021-12-06T13:57:00.000,I 85,I 85 and N Druid Hills Rd,,Sideswipe-Same Direction,2,Rain,Wet,Daylight
2021-09-20T06:59:00.000,I 85,I 85 and N Druid Hills Rd,,Rear End,2,Rain,Wet,Daylight
2021-09-15T19:30:00.000,I 85,I 85 and N Druid Hills Rd,,Rear End,2,Rain,Wet,Daylight
2022-04-22T16:42:00.000,I 85,I 85 and N Druid Hills Rd,,Rear End,2,Clear,Dry,Daylight
2022-12-20T07:47:00.000,I 85,I 85 and N Druid Hills Rd,,Rear End,2,Cloudy,Wet,Daylight