Date and Time,Roadway (From Crash Report),Intersection Name (from Crash Report),KABCO Severity,Manner of Collision (Crash Level) ,# of Vehicles per crash ,Weather Conditions (Crash Level),Surface Condition (Crash Level) ,Light Conditions (Crash Level)
2022-03-09T02:53:00.000,I 85,I 85 and N Druid Hills Rd,,Sideswipe-Same Direction,2,Rain,Wet,Dark-Lighted
2022-02-04T18:30:00.000,I 85,I 85 and N Druid Hills Rd,,Sideswipe-Same Direction,2,Clear,Dry,Daylight
2022-10-24T15:30:00.000,I 85,I 85 and N Druid Hills Rd,,Sideswipe-Same Direction,2,Clear,Dry,Daylight
2022-09-06T17:40:00.000,I 85,I 85 and N Druid Hills Rd,,Rear End,2,Clear,Dry,Daylight
2022-09-24T21:47:00.000,I 85,I 85 and N Druid Hills Rd,,Rear End,2,Clear,Dry,Dark-Lighted
2022-08-06T16:45:00.000,I 85,I 85 and N Druid Hills Rd,,Angle Crash,3,Cloudy,Dry,Daylight
2022-09-27T14:55:00.000,I 85,I 85 and N Druid Hills Rd,,Sideswipe-Same Direction,2,Clear,Dry,Daylight
2022-01-27T16:00:00.000,I 85,I 85 and N Druid Hills Rd,,Sideswipe-Same Direction,2,Clear,Dry,Daylight
2022-08-26T15:40:00.000,I 85,I 85 and N Druid Hills Rd,,Rear End,2,Clear,Dry,Daylight
2022-11-06T12:08:00.000,I 85,I 85 and N Druid Hills Rd,,Rear End,2,Clear,Dry,Daylight
2022-02-26T17:25:00.000,I 85,I 85 and N Druid Hills Rd,,Rear End,2,Clear,Dry,Daylight
2022-02-01T07:55:00.000,I 85,I 85 and N Druid Hills Rd,,Sideswipe-Same Direction,2,Clear,Dry,Daylight
2022-08-06T15:59:00.000,I 85,I 85 and N Druid Hills Rd,,Angle Crash,3,Cloudy,Dry,Daylight
2022-10-09T13:59:00.000,I 85,I 85 and N Druid Hills Rd,,Rear End,2,Clear,Dry,Daylight
2022-09-03T20:25:00.000,I 85,I 85 and N Druid Hills Rd,,Rear End,2,Clear,Dry,Daylight
2022-01-31T17:00:00.000,I 85,I 85 and N Druid Hills Rd,,Rear End,2,Cloudy,Dry,Daylight
2022-03-05T19:20:00.000,I 85,I 85 and N Druid Hills Rd,,Rear End,2,Clear,Dry,Dark-Not Lighted
2022-03-25T18:15:00.000,I 85,I 85 and N Druid Hills Rd,,Rear End,2,Cloudy,Dry,Daylight
2022-05-10T17:05:00.000,I 85,I 85 and N Druid Hills Rd,,Rear End,2,Clear,Dry,Daylight
2022-08-30T07:18:00.000,I 85,I 85 and N Druid Hills Rd,,Rear End,2,Cloudy,Dry,Daylight
2022-10-01T14:50:00.000,I 85,I 85 and N Druid Hills Rd,,Sideswipe-Same Direction,2,Clear,Dry,Daylight
2022-12-21T14:51:00.000,I 85,I 85 and N Druid Hills Rd,,Rear End,2,Clear,Dry,Daylight
2022-04-27T18:30:00.000,I 85,I 85 and N Druid Hills Rd,,Angle Crash,2,Clear,Dry,Daylight
2022-09-13T09:40:00.000,I 85,I 85 and N Druid Hills Rd,,Rear End,3,Clear,Dry,Daylight
2022-10-26T09:39:00.000,I 85,I 85 and N Druid Hills Rd,,Rear End,2,Clear,Dry,Daylight
2022-05-10T21:09:00.000,I 85,I 85 and N Druid Hills Rd,,Rear End,2,Clear,Dry,Daylight
2022-07-24T19:29:00.000,I 85,I 85 and N Druid Hills Rd,,Rear End,2,Cloudy,Dry,Daylight
2022-07-24T20:36:00.000,I 85,I 85 and N Druid Hills Rd,,Angle Crash,2,Clear,Dry,Dusk
2022-11-29T10:26:00.000,I 85,I 85 and N Druid Hills Rd,,Rear End,2,Clear,Dry,Daylight
2022-05-10T21:29:00.000,I 85,I 85 and N Druid Hills Rd,,Rear End,2,Clear,Dry,Dark-Not Lighted
2022-11-08T13:36:00.000,I 85,I 85 and N Druid Hills Rd,,Rear End,2,Clear,Dry,Daylight
2022-11-17T12:42:00.000,I 85,I 85 and N Druid Hills Rd,,Rear End,2,Clear,Dry,Daylight
2022-04-20T18:00:00.000,I 85,I 85 and N Druid Hills Rd,,Rear End,2,Clear,Dry,Daylight
2022-06-05T02:48:00.000,I 85,I 85 and N Druid Hills Rd,,Not a Collision with Motor Vehicle,1,Clear,Dry,Dark-Lighted
2022-10-19T02:10:00.000,I 85,I 85 and N Druid Hills Rd,,Not a Collision with Motor Vehicle,1,Clear,Dry,Dark-Lighted
2022-03-02T12:20:00.000,I 85,I 85 and N Druid Hills Rd,,Sideswipe-Same Direction,2,Clear,Dry,Daylight
2022-05-27T00:50:00.000,I 85,I 85 and N Druid Hills Rd,,Rear End,3,Clear,Wet,Dark-Not Lighted
2022-12-13T15:27:00.000,I 85,I 85 and N Druid Hills Rd,,Sideswipe-Same Direction,3,Cloudy,Dry,Daylight
2022-11-08T14:55:00.000,I 85,I 85 and N Druid Hills Rd,,Sideswipe-Same Direction,2,Clear,Dry,Daylight
2022-12-05T18:00:00.000,I 85,I 85 and N Druid Hills Rd,,Rear End,2,Rain,Wet,Dark-Not Lighted
2022-08-07T00:48:00.000,I 85,I 85 and N Druid Hills Rd,,Angle Crash,2,Clear,Wet,Dark-Lighted
2022-03-23T20:40:00.000,I 85,I 85 and N Druid Hills Rd,,Rear End,2,Clear,Dry,Dark-Lighted
2022-01-10T15:25:00.000,I 85,I 85 and N Druid Hills Rd,,Rear End,2,Clear,Dry,Daylight
2022-09-15T09:05:00.000,I 85,I 85 and N Druid Hills Rd,,Rear End,2,Clear,Dry,Daylight
2022-08-23T07:15:00.000,I 85,I 85 and N Druid Hills Rd,,Sideswipe-Same Direction,2,Cloudy,Dry,Daylight
2022-10-04T09:56:00.000,I 85,I 85 and N Druid Hills Rd,,Rear End,2,Clear,Dry,Daylight
2022-08-11T08:00:00.000,I 85,I 85 and N Druid Hills Rd,,Rear End,2,Clear,Dry,Daylight
2022-08-03T13:13:00.000,I 85,I 85 and N Druid Hills Rd,,Rear End,2,Clear,Dry,Daylight
2022-08-18T03:16:00.000,I 85,I 85 and N Druid Hills Rd,,Rear End,2,Cloudy,Wet,Dark-Not Lighted
2022-12-10T15:40:00.000,I 85,I 85 and N Druid Hills Rd,,Sideswipe-Same Direction,2,Cloudy,Dry,Daylight
2022-08-18T00:08:00.000,I 85,I 85 and N Druid Hills Rd,,Sideswipe-Same Direction,2,Cloudy,Wet,Dark-Lighted
2022-07-21T21:44:00.000,I 85,I 85 and N Druid Hills Rd,,Sideswipe-Same Direction,2,Clear,Dry,Dusk
2022-10-04T17:25:00.000,I 85,I 85 and N Druid Hills Rd,,Sideswipe-Same Direction,2,Clear,Dry,Daylight
2022-11-06T11:16:00.000,I 85,I 85 and N Druid Hills Rd,,Rear End,2,Clear,Dry,Daylight
2022-05-24T09:02:00.000,I 85,I 85 and N Druid Hills Rd,,Rear End,2,Cloudy,Dry,Daylight
2022-07-20T00:50:00.000,I 85,I 85 and N Druid Hills Rd,,Rear End,2,Cloudy,Dry,Dark-Not Lighted
2022-12-15T17:09:00.000,I 85,I 85 and N Druid Hills Rd,,Rear End,2,Clear,Dry,Daylight
2022-11-05T08:53:00.000,I 85,I 85 and N Druid Hills Rd,,Angle Crash,2,Cloudy,Dry,Daylight
2022-04-22T18:52:00.000,I 85,I 85 and N Druid Hills Rd,,Sideswipe-Same Direction,5,Clear,Dry,Daylight
2022-03-07T11:30:00.000,I 85,I 85 and N Druid Hills Rd,,Not a Collision with Motor Vehicle,2,Clear,Dry,Daylight
2022-03-04T18:50:00.000,I 85,I 85 and N Druid Hills Rd,,Sideswipe-Same Direction,2,Clear,Dry,Dusk
2022-12-07T08:18:00.000,I 85,I 85 and N Druid Hills Rd,,Rear End,3,Cloudy,Wet,Daylight
2022-08-13T21:28:00.000,I 85,I 85 and N Druid Hills Rd,,Not a Collision with Motor Vehicle,4,Clear,Dry,Dark-Lighted
2022-06-24T19:09:00.000,I 85,I 85 and N Druid Hills Rd,,Rear End,2,Clear,Dry,Daylight
2022-10-06T16:55:00.000,I 85,I 85 and N Druid Hills Rd,,Rear End,3,Clear,Dry,Daylight
2022-06-04T23:30:00.000,I 85,I 85 and N Druid Hills Rd,,Rear End,2,Clear,Dry,Dark-Not Lighted
2022-07-14T18:48:00.000,I 85,I 85 and N Druid Hills Rd,,Rear End,2,Clear,Dry,Daylight
2022-07-15T08:30:00.000,I 85,I 85 and N Druid Hills Rd,,Rear End,2,Clear,Dry,Daylight
2022-11-01T09:46:00.000,I 85,I 85 and N Druid Hills Rd,,Rear End,2,Clear,Dry,Daylight
2022-12-02T18:00:00.000,I 85,I 85 and N Druid Hills Rd,,Rear End,2,Clear,Dry,Dark-Lighted
2022-11-24T05:10:00.000,I 85,I 85 and N Druid Hills Rd,,Angle Crash,2,Clear,Dry,Dark-Lighted
2022-06-12T19:12:00.000,I 85,I 85 and N Druid Hills Rd,,Rear End,2,Clear,Dry,Daylight
2022-04-20T15:54:00.000,I 85,I 85 and N Druid Hills Rd,,Rear End,2,Clear,Dry,Daylight
2022-06-29T15:37:00.000,I 85,I 85 and N Druid Hills Rd,,Not a Collision with Motor Vehicle,1,Clear,Dry,Daylight
2022-07-29T06:45:00.000,I 85,I 85 and N Druid Hills Rd,,Rear End,2,Clear,Dry,Dark-Not Lighted
2022-12-14T17:00:00.000,I 85,I 85 and N Druid Hills Rd,,Rear End,2,Rain,Wet,Dusk
2022-02-16T19:20:00.000,I 85,I 85 and N Druid Hills Rd,,Rear End,2,Clear,Dry,Dark-Not Lighted
2022-12-21T17:45:00.000,I 85,I 85 and N Druid Hills Rd,,Sideswipe-Same Direction,2,Clear,Dry,Daylight
2022-10-31T19:00:00.000,I 85,I 85 and N Druid Hills Rd,,Not a Collision with Motor Vehicle,4,Clear,Dry,Dark-Lighted
2022-08-10T13:32:00.000,I 85,I 85 and N Druid Hills Rd,,Rear End,2,Clear,Dry,Daylight
2022-12-14T17:25:00.000,I 85,I 85 and N Druid Hills Rd,,Sideswipe-Same Direction,3,Clear,Wet,Dark-Lighted
2022-08-30T18:32:00.000,I 85,I 85 and N Druid Hills Rd,,Angle Crash,3,Cloudy,Dry,Daylight
2022-03-10T07:00:00.000,I 85,I 85 and N Druid Hills Rd,,Sideswipe-Same Direction,2,Clear,Dry,Daylight
2022-02-20T21:39:00.000,I 85,I 85 and N Druid Hills Rd,,Rear End,2,Clear,Dry,Dark-Not Lighted
2022-11-07T12:39:00.000,I 85,I 85 and N Druid Hills Rd,,Sideswipe-Same Direction,2,Clear,Dry,Daylight
2022-09-03T17:14:00.000,I 85,I 85 and N Druid Hills Rd,,Angle Crash,2,Clear,Dry,Daylight
2022-12-29T12:10:00.000,I 85,I 85 and N Druid Hills Rd,,Sideswipe-Same Direction,2,Clear,Dry,Daylight
2022-05-31T12:15:00.000,I 85,I 85 and N Druid Hills Rd,,Sideswipe-Same Direction,2,Clear,Dry,Daylight
2022-09-12T09:00:00.000,I 85,I 85 and N Druid Hills Rd,,Rear End,2,Cloudy,Dry,Daylight
2022-06-17T14:06:00.000,I 85,I 85 and N Druid Hills Rd,,Sideswipe-Same Direction,2,Clear,Dry,Daylight
2022-11-01T06:50:00.000,I 85,I 85 and N Druid Hills Rd,,Angle Crash,2,Clear,Dry,Dark-Lighted
2022-12-22T14:40:00.000,I 85,I 85 and N Druid Hills Rd,,Rear End,3,Clear,Dry,Daylight
2022-07-19T07:31:00.000,I 85,I 85 and N Druid Hills Rd,,Rear End,2,Rain,Dry,Daylight
2022-09-02T16:23:00.000,I 85,I 85 and N Druid Hills Rd,,Rear End,4,Clear,Dry,Daylight
2022-02-25T20:40:00.000,I 85,I 85 and N Druid Hills Rd,,Rear End,3,Clear,Dry,Dark-Lighted
2022-06-08T09:45:00.000,I 85,I 85 and N Druid Hills Rd,,Rear End,3,Clear,Dry,Daylight
2022-08-18T23:48:00.000,I 85,I 85 and N Druid Hills Rd,,Rear End,2,Clear,Dry,Dark-Lighted
2022-12-28T15:00:00.000,I 85,I 85 and N Druid Hills Rd,,Sideswipe-Same Direction,2,Clear,Dry,Daylight
2022-04-15T17:50:00.000,I 85,I 85 and N Druid Hills Rd,,Angle Crash,2,Clear,Dry,Daylight
2022-01-06T06:00:00.000,I 85,I 85 and N Druid Hills Rd,,Not a Collision with Motor Vehicle,1,Clear,Dry,Dark-Not Lighted
2022-08-09T09:43:00.000,I 85,I 85 and N Druid Hills Rd,,Rear End,2,Cloudy,Dry,Daylight
2022-05-23T16:40:00.000,I 85,I 85 and N Druid Hills Rd,,Rear End,2,Cloudy,Dry,Daylight
2022-08-18T10:22:00.000,I 85,I 85 and N Druid Hills Rd,,Sideswipe-Same Direction,2,Cloudy,Dry,Daylight
2022-10-25T09:13:00.000,I 85,I 85 and N Druid Hills Rd,,Sideswipe-Same Direction,2,Clear,Dry,Daylight
2022-09-22T16:40:00.000,I 85,I 85 and N Druid Hills Rd,,Sideswipe-Same Direction,2,Clear,Dry,Daylight
2022-02-23T18:19:00.000,I 85,I 85 and N Druid Hills Rd,,Rear End,2,Clear,Dry,Daylight
2022-03-20T15:10:00.000,I 85,I 85 and N Druid Hills Rd,,Rear End,2,Clear,Dry,Daylight
2022-06-30T23:08:00.000,I 85,I 85 and N Druid Hills Rd,,Not a Collision with Motor Vehicle,1,Rain,Wet,Dark-Lighted
2022-03-25T19:40:00.000,I 85,I 85 and N Druid Hills Rd,,Sideswipe-Same Direction,3,Clear,Dry,Daylight
2022-05-18T08:02:00.000,I 85,I 85 and N Druid Hills Rd,,Not a Collision with Motor Vehicle,1,Clear,Dry,Daylight
2022-04-21T17:50:00.000,I 85,I 85 and N Druid Hills Rd,,Sideswipe-Same Direction,2,Clear,Dry,Daylight
2022-03-01T19:14:00.000,I 85,I 85 and N Druid Hills Rd,,Rear End,2,Clear,Dry,Dark-Lighted
2022-12-15T21:00:00.000,I 85,I 85 and N Druid Hills Rd,,Sideswipe-Same Direction,2,Clear,Dry,Dark-Lighted
2022-04-26T10:28:00.000,I 85,I 85 and N Druid Hills Rd,,Rear End,3,Rain,Wet,Daylight
2022-11-07T09:20:00.000,I 85,I 85 and N Druid Hills Rd,,Rear End,2,Cloudy,Dry,Daylight
2022-10-06T21:44:00.000,I 85,I 85 and N Druid Hills Rd,,Rear End,2,Clear,Dry,Dark-Not Lighted
2022-10-06T21:15:00.000,I 85,I 85 and N Druid Hills Rd,,Rear End,3,Clear,Dry,Dark-Not Lighted
2022-04-14T16:40:00.000,I 85,I 85 and N Druid Hills Rd,,Rear End,2,Clear,Dry,Daylight
2022-08-21T18:26:00.000,I 85,I 85 and N Druid Hills Rd,,Rear End,2,Clear,Dry,Daylight
2022-12-22T19:30:00.000,I 85,I 85 and N Druid Hills Rd,,Sideswipe-Same Direction,2,Cloudy,Dry,Dark-Not Lighted
2022-09-22T14:50:00.000,I 85,I 85 and N Druid Hills Rd,,Rear End,2,Clear,Dry,Daylight
2022-04-08T22:00:00.000,I 85,I 85 and N Druid Hills Rd,,Sideswipe-Same Direction,2,Clear,Dry,Dark-Lighted
2022-08-04T17:50:00.000,I 85,I 85 and N Druid Hills Rd,,Rear End,2,Clear,Dry,Daylight
2022-01-13T09:12:00.000,I 85,I 85 and N Druid Hills Rd,,Rear End,2,Clear,Dry,Daylight
2022-05-11T09:39:00.000,I 85,I 85 and N Druid Hills Rd,,Sideswipe-Same Direction,2,Clear,Dry,Daylight
2022-05-03T11:23:00.000,I 85,I 85 and N Druid Hills Rd,,Not a Collision with Motor Vehicle,1,Clear,Dry,Daylight
2022-05-12T15:30:00.000,I 85,I 85 and N Druid Hills Rd,,Rear End,2,Clear,Dry,Daylight
2022-08-29T07:52:00.000,I 85,I 85 and N Druid Hills Rd,,Rear End,3,Clear,Dry,Daylight
2022-08-04T10:40:00.000,I 85,I 85 and N Druid Hills Rd,,Rear End,2,Clear,Dry,Daylight
2022-12-29T13:52:00.000,I 85,I 85 and N Druid Hills Rd,,Angle Crash,2,Clear,Dry,Daylight
2022-12-20T07:40:00.000,I 85,I 85 and N Druid Hills Rd,,Rear End,2,Cloudy,Wet,Daylight
2022-07-26T22:43:00.000,I 85,I 85 and N Druid Hills Rd,,Rear End,3,Clear,Dry,Dark-Lighted
2022-06-05T02:48:00.000,I 85,I 85 and N Druid Hills Rd,,Angle Crash,2,Clear,Dry,Dark-Lighted
2022-10-16T07:30:00.000,I 85,I 85 and N Druid Hills Rd,,Sideswipe-Same Direction,2,Clear,Dry,Dark-Lighted
2022-02-03T08:46:00.000,I 85,I 85 and N Druid Hills Rd,,Rear End,2,Rain,Wet,Daylight
2022-05-31T18:10:00.000,I 85,I 85 and N Druid Hills Rd,,Sideswipe-Same Direction,3,Clear,Dry,Daylight
2022-04-08T05:16:00.000,I 85,I 85 and N Druid Hills Rd,,Angle Crash,2,Clear,Dry,Dark-Lighted
2022-08-28T05:21:00.000,I 85,I 85 and N Druid Hills Rd,,Rear End,2,Clear,Dry,Dark-Lighted
2022-08-06T01:41:00.000,I 85,I 85 and N Druid Hills Rd,,Rear End,2,Clear,Dry,Dark-Lighted
2022-10-16T14:30:00.000,I 85,I 85 and N Druid Hills Rd,,Sideswipe-Same Direction,2,Clear,Dry,Daylight
2022-03-16T19:20:00.000,I 85,I 85 and N Druid Hills Rd,,Not a Collision with Motor Vehicle,1,Rain,Wet,Dark-Lighted
2022-05-04T18:42:00.000,I 85,I 85 and N Druid Hills Rd,,Rear End,2,Clear,Dry,Daylight
2022-05-11T16:39:00.000,I 85,I 85 and N Druid Hills Rd,,Rear End,3,Clear,Dry,Daylight
2022-10-22T22:25:00.000,I 85,I 85 and N Druid Hills Rd,,Sideswipe-Same Direction,2,Clear,Dry,Dark-Not Lighted
2022-03-22T06:50:00.000,I 85,I 85 and N Druid Hills Rd,,Sideswipe-Same Direction,2,Clear,Dry,Daylight
2022-07-06T15:15:00.000,I 85,I 85 and N Druid Hills Rd,,Sideswipe-Same Direction,2,Cloudy,Dry,Daylight
2022-05-08T13:50:00.000,I 85,I 85 and N Druid Hills Rd,,Rear End,2,Cloudy,Dry,Daylight
2022-05-28T14:27:00.000,I 85,I 85 and N Druid Hills Rd,,Rear End,2,Clear,Dry,Daylight
2022-07-19T14:57:00.000,I 85,I 85 and N Druid Hills Rd,,Angle Crash,2,Clear,Dry,Daylight
2022-01-24T23:30:00.000,I 85,I 85 and N Druid Hills Rd,,Not a Collision with Motor Vehicle,2,Clear,Dry,Dark-Not Lighted
2022-04-28T16:00:00.000,I 85,I 85 and N Druid Hills Rd,,Rear End,2,Clear,Dry,Daylight
2022-10-27T16:53:00.000,I 85,I 85 and N Druid Hills Rd,,Rear End,2,Clear,Dry,Daylight
2022-10-02T10:54:00.000,I 85,I 85 and N Druid Hills Rd,,Not a Collision with Motor Vehicle,1,Clear,Dry,Daylight
2022-08-12T18:00:00.000,I 85,I 85 and N Druid Hills Rd,,Sideswipe-Same Direction,2,Clear,Dry,Daylight
2022-04-30T00:00:00.000,I 85,I 85 and N Druid Hills Rd,,Rear End,2,Clear,Dry,Daylight
2022-02-22T07:55:00.000,I 85,I 85 and N Druid Hills Rd,,Sideswipe-Same Direction,2,Cloudy,Wet,Daylight
2022-06-15T19:47:00.000,I 85,I 85 and N Druid Hills Rd,,Sideswipe-Same Direction,2,Clear,Dry,Daylight
2022-03-22T13:48:00.000,I 85,I 85 and N Druid Hills Rd,,Angle Crash,2,Clear,Dry,Daylight
2022-06-10T09:35:00.000,I 85,I 85 and N Druid Hills Rd,,Rear End,2,Clear,Dry,Daylight
2022-07-02T11:40:00.000,I 85,I 85 and N Druid Hills Rd,,Rear End,2,Clear,Dry,Daylight
2022-05-03T13:20:00.000,I 85,I 85 and N Druid Hills Rd,,Rear End,2,Clear,Dry,Daylight
2022-10-06T21:11:00.000,I 85,I 85 and N Druid Hills Rd,,Rear End,2,Clear,Dry,Dark-Not Lighted
2022-10-12T19:35:00.000,I 85,I 85 and N Druid Hills Rd,,Sideswipe-Same Direction,2,Clear,Wet,Dark-Lighted
2022-10-07T18:33:00.000,I 85,I 85 and N Druid Hills Rd,,Rear End,2,Clear,Dry,Dusk
2022-05-03T16:20:00.000,I 85,I 85 and N Druid Hills Rd,,Not a Collision with Motor Vehicle,3,Clear,Dry,Daylight
2022-05-24T20:00:00.000,I 85,I 85 and N Druid Hills Rd,,Angle Crash,2,Clear,Dry,Daylight
2023-07-25T15:30:00.000,I 85,I 85 and N Druid Hills Rd,,Rear End,2,Clear,Dry,Daylight
2023-10-07T04:27:00.000,I 85,I 85 and N Druid Hills Rd,,Not a Collision with Motor Vehicle,1,Clear,Dry,Dark-Not Lighted
2023-09-09T12:53:00.000,I 85,I 85 and N Druid Hills Rd,,Rear End,2,Cloudy,Dry,Daylight
2023-02-21T10:55:00.000,I 85,I 85 and N Druid Hills Rd,,Rear End,2,Rain,Wet,Daylight
2023-03-03T10:15:00.000,I 85,I 85 and N Druid Hills Rd,,Not a Collision with Motor Vehicle,1,Cloudy,Wet,Daylight
2023-01-04T08:00:00.000,I 85,I 85 and N Druid Hills Rd,,Angle Crash,2,Rain,Wet,Daylight
2024-10-30T08:24:00.000,I 85,I 85 and N Druid Hills Rd,,Rear End,2,Clear,Dry,Daylight
2024-12-17T23:21:00.000,I 85,I 85 and N Druid Hills Rd,,Rear End,2,Clear,Dry,Dark-Lighted
2024-08-22T16:41:00.000,I 85,I 85 and N Druid Hills Rd,,Sideswipe-Same Direction,2,Cloudy,Dry,Daylight
2024-11-02T23:30:00.000,I 85,I 85 and N Druid Hills Rd,,Rear End,2,Clear,Dry,Dark-Lighted
2024-07-16T16:19:00.000,I 85,I 85 and N Druid Hills Rd,,Not a Collision with Motor Vehicle,1,Cloudy,Dry,Daylight
2024-04-19T08:20:00.000,I 85,I 85 and N Druid Hills Rd,,Rear End,3,Clear,Dry,Daylight
2024-10-19T22:00:00.000,I 85,I 85 and N Druid Hills Rd,,Angle Crash,2,Clear,Dry,Dark-Not Lighted
2024-08-26T17:32:00.000,I 85,I 85 and N Druid Hills Rd,,Rear End,2,Clear,Dry,Daylight
2024-09-17T10:50:00.000,I 85,I 85 and N Druid Hills Rd,,Rear End,2,Cloudy,Dry,Daylight
2024-04-11T07:20:00.000,I 85,I 85 and N Druid Hills Rd,,Rear End,2,Rain,Wet,Daylight
2024-10-30T05:50:00.000,I 85,I 85 and N Druid Hills Rd,,Angle Crash,4,Clear,Dry,Dark-Lighted
2024-08-22T15:00:00.000,I 85,I 85 and N Druid Hills Rd,,Rear End,2,Clear,Dry,Daylight
2024-08-10T00:14:00.000,I 85,I 85 and N Druid Hills Rd,,Sideswipe-Same Direction,2,Clear,Dry,Dark-Not Lighted
2024-01-25T21:00:00.000,I 85,I 85 and N Druid Hills Rd,,Angle Crash,2,Clear,Wet,Dark-Lighted
2024-12-01T22:14:00.000,I 85,I 85 and N Druid Hills Rd,,Rear End,2,Clear,Dry,Dark-Lighted
2024-01-19T00:49:00.000,I 85,I 85 and N Druid Hills Rd,,Rear End,2,Rain,Wet,Dark-Lighted
2024-07-16T17:31:00.000,I 85,I 85 and N Druid Hills Rd,,Rear End,2,Cloudy,Dry,Daylight
2024-07-21T20:00:00.000,I 85,I 85 and N Druid Hills Rd,,Rear End,2,Cloudy,Wet,Daylight
2024-07-06T22:45:00.000,I 85,I 85 and N Druid Hills Rd,,Angle Crash,3,Clear,Dry,Dark-Lighted
2024-07-30T18:08:00.000,I 85,I 85 and N Druid Hills Rd,,Sideswipe-Same Direction,2,Cloudy,Wet,Daylight
2024-12-17T22:15:00.000,I 85,I 85 and N Druid Hills Rd,,Angle Crash,2,Clear,Dry,Dark-Lighted
2024-10-18T18:46:00.000,I 85,I 85 and N Druid Hills Rd,,Sideswipe-Same Direction,2,Clear,Dry,Daylight
2024-11-28T01:20:00.000,I 85,I 85 and N Druid Hills Rd,,Rear End,2,Rain,Wet,Dark-Lighted
2024-04-17T10:10:00.000,I 85,I 85 and N Druid Hills Rd,,Rear End,2,Clear,Dry,Daylight
2024-03-22T17:15:00.000,I 85,I 85 and N Druid Hills Rd,,Rear End,2,Rain,Wet,Daylight
2024-11-09T19:50:00.000,I 85,I 85 and N Druid Hills Rd,,Angle Crash,2,Clear,Dry,Dark-Not Lighted
2024-02-28T11:40:00.000,I 85,I 85 and N Druid Hills Rd,,Rear End,2,Clear,Dry,Daylight
2024-08-21T15:59:00.000,I 85,I 85 and N Druid Hills Rd,,Rear End,2,Clear,Dry,Daylight
2024-08-29T16:21:00.000,I 85,I 85 and N Druid Hills Rd,,Sideswipe-Same Direction,2,Clear,Dry,Daylight
2024-02-16T06:45:00.000,I 85,I 85 and N Druid Hills Rd,,Rear End,2,Clear,Dry,Dawn
2024-04-02T08:29:00.000,I 85,I 85 and N Druid Hills Rd,,Rear End,2,Clear,Dry,Daylight
2024-12-26T20:55:00.000,I 85,I 85 and N Druid Hills Rd,,Rear End,3,Clear,Dry,Dark-Lighted
2024-01-03T07:39:00.000,I 85,I 85 and N Druid Hills Rd,,Rear End,2,Cloudy,Dry,Dawn
2024-01-30T18:30:00.000,I 85,I 85 and N Druid Hills Rd,,Sideswipe-Same Direction,2,Clear,Dry,Dark-Lighted
2024-02-16T17:23:00.000,I 85,I 85 and N Druid Hills Rd,,Rear End,2,Cloudy,Dry,Daylight
2023-09-29T06:31:00.000,I 85,I 85 and N Druid Hills Rd,,Rear End,2,Clear,Dry,Daylight
2023-04-11T05:50:00.000,I 85,I 85 and N Druid Hills Rd,,Angle Crash,3,Clear,Dry,Dark-Not Lighted
2023-09-19T09:00:00.000,I 85,I 85 and N Druid Hills Rd,,Angle Crash,2,Clear,Dry,Daylight
2023-02-22T15:30:00.000,I 85,I 85 and N Druid Hills Rd,,Rear End,2,Clear,Dry,Daylight
2023-05-23T06:20:00.000,I 85,I 85 and N Druid Hills Rd,,Sideswipe-Same Direction,2,Cloudy,Dry,Daylight
2024-09-28T18:30:00.000,I 85,I 85 and N Druid Hills Rd,,Rear End,2,Clear,Dry,Daylight
2024-09-18T18:34:00.000,I 85,I 85 and N Druid Hills Rd,,Angle Crash,2,Clear,Dry,Daylight
2024-02-22T15:59:00.000,I 85,I 85 and N Druid Hills Rd,,Angle Crash,2,Cloudy,Dry,Daylight
2024-11-18T16:23:00.000,I 85,I 85 and N Druid Hills Rd,,Angle Crash,2,Clear,Dry,Daylight
2024-10-14T08:34:00.000,I 85,I 85 and N Druid Hills Rd,,Rear End,5,Clear,Dry,Daylight
2024-11-21T16:56:00.000,I 85,I 85 and N Druid Hills Rd,,Rear End,2,Clear,Dry,Dark-Lighted
2024-11-02T23:30:00.000,I 85,I 85 and N Druid Hills Rd,,Rear End,2,Clear,Dry,Dark-Not Lighted
2024-11-05T10:55:00.000,I 85,I 85 and N Druid Hills Rd,,Rear End,2,Cloudy,Dry,Daylight
2024-06-30T22:00:00.000,I 85,I 85 and N Druid Hills Rd,,Sideswipe-Same Direction,2,Clear,Dry,Daylight
2024-08-13T08:25:00.000,I 85,I 85 and N Druid Hills Rd,,Rear End,2,Clear,Dry,Dark-Lighted
2023-10-07T04:00:00.000,I 85,I 85 and N Druid Hills Rd,,Not a Collision with Motor Vehicle,1,Clear,Dry,Dark-Not Lighted
2023-05-05T15:00:00.000,I 85,I 85 and N Druid Hills Rd,,Rear End,2,Clear,Dry,Daylight
2023-06-13T07:41:00.000,I 85,I 85 and N Druid Hills Rd,,Rear End,2,Clear,Dry,Daylight
2023-12-31T18:30:00.000,I 85,I 85 and N Druid Hills Rd,,Rear End,2,Clear,Dry,Daylight
2023-05-27T00:21:00.000,I 85,I 85 and N Druid Hills Rd,,Rear End,2,Clear,Dry,Dark-Lighted
2023-05-15T02:20:00.000,I 85,I 85 and N Druid Hills Rd,,Rear End,2,Clear,Dry,Dark-Lighted
2023-06-21T15:20:00.000,I 85,I 85 and N Druid Hills Rd,,Rear End,2,Rain,Wet,Daylight
2023-11-03T11:50:00.000,I 85,I 85 and N Druid Hills Rd,,Sideswipe-Same Direction,2,Clear,Dry,Daylight