Date and Time,Roadway (From Crash Report),Intersection Name (from Crash Report),KABCO Severity,Manner of Collision (Crash Level) ,# of Vehicles per crash ,Weather Conditions (Crash Level),Surface Condition (Crash Level) ,Light Conditions (Crash Level)
2023-04-01T14:30:00.000,I 85,I 85 and N Druid Hills Rd,,Sideswipe-Same Direction,2,Clear,Dry,Daylight
2023-09-15T07:45:00.000,I 85,I 85 and N Druid Hills Rd,,Rear End,2,Clear,Dry,Daylight
2023-07-26T08:22:00.000,I 85,I 85 and N Druid Hills Rd,,Rear End,2,Clear,Dry,Daylight
2023-06-19T18:01:00.000,I 85,I 85 and N Druid Hills Rd,,Rear End,2,Cloudy,Dry,Daylight
2023-05-25T17:45:00.000,I 85,I 85 and N Druid Hills Rd,,Rear End,3,Clear,Dry,Daylight
2023-05-05T14:26:00.000,I 85,I 85 and N Druid Hills Rd,,Rear End,2,Clear,Dry,Daylight
2023-02-21T11:15:00.000,I 85,I 85 and N Druid Hills Rd,,Sideswipe-Same Direction,2,Cloudy,Wet,Daylight
2023-09-03T05:00:00.000,I 85,I 85 and N Druid Hills Rd,,Angle Crash,3,Clear,Dry,Dark-Lighted
2023-05-04T18:50:00.000,I 85,I 85 and N Druid Hills Rd,,Angle Crash,2,Clear,Dry,Daylight
2023-09-28T14:09:00.000,I 85,I 85 and N Druid Hills Rd,,Angle Crash,2,Clear,Dry,Daylight
2023-05-25T19:30:00.000,I 85,I 85 and N Druid Hills Rd,,Sideswipe-Same Direction,2,Clear,Dry,Daylight
2023-12-09T20:38:00.000,I 85,I 85 and N Druid Hills Rd,,Sideswipe-Same Direction,2,Rain,Wet,Dark-Lighted
2023-01-13T17:30:00.000,I 85,I 85 and N Druid Hills Rd,,Angle Crash,2,Cloudy,Dry,Daylight
2023-07-08T18:35:00.000,I 85,I 85 and N Druid Hills Rd,,Not a Collision with Motor Vehicle,2,Clear,Dry,Daylight
2023-01-04T20:00:00.000,I 85,I 85 and N Druid Hills Rd,,Rear End,2,Clear,Dry,Daylight
2023-05-24T17:28:00.000,I 85,I 85 and N Druid Hills Rd,,Rear End,2,Clear,Dry,Daylight
2023-05-01T19:38:00.000,I 85,I 85 and N Druid Hills Rd,,Not a Collision with Motor Vehicle,2,Clear,Dry,Daylight
2023-03-01T22:25:00.000,I 85,I 85 and N Druid Hills Rd,,Rear End,2,Clear,Dry,Dark-Not Lighted
2023-03-15T17:15:00.000,I 85,I 85 and N Druid Hills Rd,,Rear End,4,Clear,Dry,Dark-Lighted
2023-08-07T08:53:00.000,I 85,I 85 and N Druid Hills Rd,,Rear End,2,Clear,Dry,Daylight
2023-06-16T13:35:00.000,I 85,I 85 and N Druid Hills Rd,,Sideswipe-Same Direction,3,Clear,Dry,Daylight
2023-06-22T10:05:00.000,I 85,I 85 and N Druid Hills Rd,,Sideswipe-Same Direction,2,Cloudy,Wet,Daylight
2023-02-13T18:50:00.000,I 85,I 85 and N Druid Hills Rd,,Rear End,3,Clear,Dry,Daylight
2023-10-17T15:35:00.000,I 85,I 85 and N Druid Hills Rd,,Rear End,2,Clear,Dry,Daylight
2023-04-25T19:38:00.000,I 85,I 85 and N Druid Hills Rd,,Rear End,2,Clear,Dry,Daylight
2023-08-22T19:47:00.000,I 85,I 85 and N Druid Hills Rd,,Rear End,2,Cloudy,Dry,Daylight
2023-09-08T11:17:00.000,I 85,I 85 and N Druid Hills Rd,,Sideswipe-Same Direction,2,Clear,Dry,Daylight
2023-05-17T07:56:00.000,I 85,I 85 and N Druid Hills Rd,,Rear End,2,Cloudy,Dry,Daylight
2023-12-04T19:23:00.000,I 85,I 85 and N Druid Hills Rd,,Rear End,2,Cloudy,Dry,Dark-Lighted
2023-12-15T13:10:00.000,I 85,I 85 and N Druid Hills Rd,,Rear End,2,Clear,Dry,Daylight
2023-08-27T00:55:00.000,I 85,I 85 and N Druid Hills Rd,,Not a Collision with Motor Vehicle,1,Clear,Dry,Dark-Lighted
2023-04-15T15:35:00.000,I 85,I 85 and N Druid Hills Rd,,Rear End,3,Clear,Dry,Daylight
2023-05-26T14:00:00.000,I 85,I 85 and N Druid Hills Rd,,Rear End,2,Clear,Dry,Daylight
2023-09-30T08:30:00.000,I 85,I 85 and N Druid Hills Rd,,Rear End,2,Clear,Dry,Daylight
2023-03-24T16:40:00.000,I 85,I 85 and N Druid Hills Rd,,Rear End,2,Clear,Dry,Daylight
2023-09-29T17:05:00.000,I 85,I 85 and N Druid Hills Rd,,Angle Crash,2,Clear,Dry,Daylight
2023-01-10T18:40:00.000,I 85,I 85 and N Druid Hills Rd,,Rear End,2,Clear,Dry,Dark-Lighted
2023-10-05T09:20:00.000,I 85,I 85 and N Druid Hills Rd,,Rear End,2,Clear,Dry,Daylight
2023-09-07T07:33:00.000,I 85,I 85 and N Druid Hills Rd,,Rear End,2,Clear,Dry,Daylight
2023-04-07T09:45:00.000,I 85,I 85 and N Druid Hills Rd,,Rear End,2,Clear,Dry,Daylight
2023-06-08T15:00:00.000,I 85,I 85 and N Druid Hills Rd,,Sideswipe-Same Direction,2,Clear,Dry,Daylight
2023-01-17T08:41:00.000,I 85,I 85 and N Druid Hills Rd,,Angle Crash,2,Rain,Wet,Daylight
2023-02-14T16:20:00.000,I 85,I 85 and N Druid Hills Rd,,Rear End,2,Clear,Dry,Daylight
2023-04-28T16:13:00.000,I 85,I 85 and N Druid Hills Rd,,Rear End,3,Clear,Dry,Daylight
2023-09-25T16:15:00.000,I 85,I 85 and N Druid Hills Rd,,Sideswipe-Same Direction,2,Clear,Dry,Daylight
2023-12-06T19:40:00.000,I 85,I 85 and N Druid Hills Rd,,Rear End,2,Clear,Dry,Dark-Not Lighted
2023-02-25T18:06:00.000,I 85,I 85 and N Druid Hills Rd,,Rear End,3,Clear,Dry,Daylight
2023-07-26T11:46:00.000,I 85,I 85 and N Druid Hills Rd,,Rear End,2,Clear,Dry,Daylight
2023-07-28T22:10:00.000,I 85,I 85 and N Druid Hills Rd,,Not a Collision with Motor Vehicle,1,Cloudy,Wet,Dark-Not Lighted
2023-04-10T08:40:00.000,I 85,I 85 and N Druid Hills Rd,,Rear End,2,Clear,Dry,Daylight
2023-07-31T23:08:00.000,I 85,I 85 and N Druid Hills Rd,,Rear End,2,Clear,Dry,Dark-Lighted
2023-05-18T23:29:00.000,I 85,I 85 and N Druid Hills Rd,,Not a Collision with Motor Vehicle,1,Clear,Dry,Dark-Not Lighted
2023-01-02T18:30:00.000,I 85,I 85 and N Druid Hills Rd,,Sideswipe-Same Direction,2,Cloudy,Wet,Dark-Lighted
2023-05-30T09:00:00.000,I 85,I 85 and N Druid Hills Rd,,Rear End,2,Clear,Dry,Daylight
2023-03-06T07:41:00.000,I 85,I 85 and N Druid Hills Rd,,Rear End,3,Clear,Dry,Daylight
2023-10-10T18:50:00.000,I 85,I 85 and N Druid Hills Rd,,Rear End,2,Clear,Dry,Dark-Not Lighted
2023-10-05T09:09:00.000,I 85,I 85 and N Druid Hills Rd,,Sideswipe-Same Direction,2,Clear,Dry,Daylight
2023-01-17T17:00:00.000,I 85,I 85 and N Druid Hills Rd,,Sideswipe-Same Direction,2,Clear,Wet,Daylight
2023-03-01T08:29:00.000,I 85,I 85 and N Druid Hills Rd,,Angle Crash,2,Cloudy,Dry,Daylight
2023-10-05T09:57:00.000,I 85,I 85 and N Druid Hills Rd,,Angle Crash,4,Clear,Dry,Daylight
2023-10-13T08:17:00.000,I 85,I 85 and N Druid Hills Rd,,Angle Crash,2,Cloudy,Wet,Daylight
2023-01-31T13:40:00.000,I 85,I 85 and N Druid Hills Rd,,Rear End,2,Cloudy,Dry,Daylight
2024-10-09T20:52:00.000,I 85,I 85 and N Druid Hills Rd,,Sideswipe-Same Direction,2,Clear,Dry,Dark-Lighted
2024-12-17T16:33:00.000,I 85,I 85 and N Druid Hills Rd,,Angle Crash,2,Clear,Dry,Daylight
2024-12-11T12:16:00.000,I 85,I 85 and N Druid Hills Rd,,Sideswipe-Same Direction,2,Clear,Dry,Daylight
2024-12-02T15:02:00.000,I 85,I 85 and N Druid Hills Rd,,Sideswipe-Same Direction,2,Clear,Dry,Daylight
2024-10-10T21:30:00.000,I 85,I 85 and N Druid Hills Rd,,Sideswipe-Same Direction,2,Clear,Dry,Dark-Lighted
2024-12-16T18:00:00.000,I 85,I 85 and N Druid Hills Rd,,Sideswipe-Same Direction,2,Clear,Dry,Dark-Lighted
2024-09-07T01:10:00.000,I 85,I 85 and N Druid Hills Rd,,Angle Crash,2,Clear,Dry,Dark-Not Lighted
2024-11-02T09:57:00.000,I 85,I 85 and N Druid Hills Rd,,Not a Collision with Motor Vehicle,1,Clear,Dry,Daylight
2024-12-30T22:35:00.000,I 85,I 85 and N Druid Hills Rd,,Sideswipe-Same Direction,2,Clear,Dry,Dark-Not Lighted
2024-08-06T10:17:00.000,I 85,I 85 and N Druid Hills Rd,,Rear End,2,Cloudy,Dry,Daylight
2024-12-27T03:00:00.000,I 85,I 85 and N Druid Hills Rd,,Angle Crash,2,Clear,Dry,Dark-Lighted
2024-06-06T14:40:00.000,I 85,I 85 and N Druid Hills Rd,,Rear End,2,Clear,Dry,Daylight
2024-01-22T08:12:00.000,I 85,I 85 and N Druid Hills Rd,,Rear End,2,Cloudy,Dry,Daylight
2024-12-18T17:23:00.000,I 85,I 85 and N Druid Hills Rd,,Sideswipe-Same Direction,2,Cloudy,Dry,Daylight
2024-07-13T20:56:00.000,I 85,I 85 and N Druid Hills Rd,,Not a Collision with Motor Vehicle,1,Clear,Dry,Dark-Lighted
2024-12-18T17:45:00.000,I 85,I 85 and N Druid Hills Rd,,Rear End,5,Clear,Dry,Daylight
2024-07-09T18:46:00.000,I 85,I 85 and N Druid Hills Rd,,Angle Crash,2,Rain,Wet,Daylight
2024-05-14T00:00:00.000,I 85,I 85 and N Druid Hills Rd,,Rear End,2,Clear,Water (standing or moving),Daylight
2024-12-14T17:31:00.000,I 85,I 85 and N Druid Hills Rd,,Sideswipe-Same Direction,2,Clear,Dry,Dark-Lighted
2024-09-18T10:26:00.000,I 85,I 85 and N Druid Hills Rd,,Rear End,2,Cloudy,Dry,Daylight
2024-07-11T20:13:00.000,I 85,I 85 and N Druid Hills Rd,,Sideswipe-Same Direction,2,Clear,Dry,Daylight
2024-10-10T09:50:00.000,I 85,I 85 and N Druid Hills Rd,,Rear End,2,Clear,Dry,Daylight
2024-01-14T15:03:00.000,I 85,I 85 and N Druid Hills Rd,,Rear End,2,Cloudy,Dry,Daylight
2024-03-05T23:15:00.000,I 85,I 85 and N Druid Hills Rd,,Not a Collision with Motor Vehicle,1,Rain,Wet,Dark-Lighted
2024-09-17T15:45:00.000,I 85,I 85 and N Druid Hills Rd,,Rear End,2,Cloudy,Dry,Daylight
2024-08-12T17:25:00.000,I 85,I 85 and N Druid Hills Rd,,Rear End,2,Clear,Dry,Daylight
2024-11-21T09:20:00.000,I 85,I 85 and N Druid Hills Rd,,Rear End,2,Clear,Dry,Daylight
2024-02-26T20:30:00.000,I 85,I 85 and N Druid Hills Rd,,Sideswipe-Same Direction,2,Clear,Dry,Dark-Lighted
2024-05-01T10:45:00.000,I 85,I 85 and N Druid Hills Rd,,Rear End,2,Clear,Dry,Daylight
2024-08-23T12:25:00.000,I 85,I 85 and N Druid Hills Rd,,Rear End,2,Clear,Dry,Daylight
2024-05-14T08:56:00.000,I 85,I 85 and N Druid Hills Rd,,Rear End,2,Clear,Wet,Daylight
2024-06-04T15:50:00.000,I 85,I 85 and N Druid Hills Rd,,Rear End,2,Clear,Dry,Daylight
2024-11-14T21:50:00.000,I 85,I 85 and N Druid Hills Rd,,Sideswipe-Same Direction,2,Clear,Dry,Daylight
2024-02-16T14:30:00.000,I 85,I 85 and N Druid Hills Rd,,Rear End,2,Cloudy,Dry,Daylight
2024-12-12T14:00:00.000,I 85,I 85 and N Druid Hills Rd,,Sideswipe-Same Direction,2,Clear,Dry,Daylight
2024-03-09T22:55:00.000,I 85,I 85 and N Druid Hills Rd,,Angle Crash,2,Clear,Dry,Dark-Lighted
2024-12-19T18:35:00.000,I 85,I 85 and N Druid Hills Rd,,Rear End,2,Clear,Dry,Dark-Lighted
2024-08-28T17:15:00.000,I 85,I 85 and N Druid Hills Rd,,Sideswipe-Same Direction,3,Clear,Dry,Daylight
2024-06-30T02:00:00.000,I 85,I 85 and N Druid Hills Rd,,Angle Crash,2,Clear,Dry,Dark-Not Lighted
2024-02-11T12:46:00.000,I 85,I 85 and N Druid Hills Rd,,Rear End,2,Cloudy,Dry,Daylight
2024-10-21T08:39:00.000,I 85,I 85 and N Druid Hills Rd,,Rear End,2,Clear,Dry,Daylight
2024-03-23T21:02:00.000,I 85,I 85 and N Druid Hills Rd,,Rear End,2,Clear,Dry,Dark-Lighted
2024-11-12T18:25:00.000,I 85,I 85 and N Druid Hills Rd,,Rear End,3,Clear,Dry,Dark-Lighted
2024-12-01T18:02:00.000,I 85,I 85 and N Druid Hills Rd,,Rear End,2,Clear,Dry,Dark-Lighted
2024-12-20T08:20:00.000,I 85,I 85 and N Druid Hills Rd,,Rear End,2,Clear,Dry,Daylight
2024-05-15T08:17:00.000,I 85,I 85 and N Druid Hills Rd,,Rear End,2,Cloudy,Dry,Daylight
2024-04-25T23:21:00.000,I 85,I 85 and N Druid Hills Rd,,Angle Crash,2,Clear,Dry,Dark-Lighted
2024-11-28T01:20:00.000,I 85,I 85 and N Druid Hills Rd,,Rear End,2,Rain,Wet,Dark-Lighted
2024-11-19T16:00:00.000,I 85,I 85 and N Druid Hills Rd,,Angle Crash,3,Rain,Wet,Daylight
2024-03-20T23:15:00.000,I 85,I 85 and N Druid Hills Rd,,Not a Collision with Motor Vehicle,1,Clear,Dry,Dark-Lighted
2024-11-07T09:50:00.000,I 85,I 85 and N Druid Hills Rd,,Sideswipe-Same Direction,2,Cloudy,Dry,Daylight
2024-11-28T00:40:00.000,I 85,I 85 and N Druid Hills Rd,,Angle Crash,2,Rain,Wet,Dark-Not Lighted
2024-11-19T17:44:00.000,I 85,I 85 and N Druid Hills Rd,,Rear End,2,Rain,Wet,Daylight
2024-10-08T09:15:00.000,I 85,I 85 and N Druid Hills Rd,,Rear End,2,Clear,Dry,Daylight
2024-02-28T09:57:00.000,I 85,I 85 and N Druid Hills Rd,,Rear End,2,Clear,Dry,Daylight
2024-11-19T15:05:00.000,I 85,I 85 and N Druid Hills Rd,,Rear End,2,Rain,Wet,Daylight
2024-03-13T10:51:00.000,I 85,I 85 and N Druid Hills Rd,,Sideswipe-Same Direction,2,Clear,Dry,Daylight
2024-11-06T18:00:00.000,I 85,I 85 and N Druid Hills Rd,,Rear End,2,Clear,Dry,Dark-Lighted
2024-11-09T11:38:00.000,I 85,I 85 and N Druid Hills Rd,,Rear End,2,Clear,Dry,Daylight
2024-12-09T06:21:00.000,I 85,I 85 and N Druid Hills Rd,,Rear End,2,Rain,Wet,Dark-Lighted
2024-05-19T03:57:00.000,I 85,I 85 and N Druid Hills Rd,,Angle Crash,4,Clear,Dry,Dark-Lighted
2024-09-18T13:30:00.000,I 85,I 85 and N Druid Hills Rd,,Rear End,2,Clear,Dry,Daylight
2024-11-23T17:29:00.000,I 85,I 85 and N Druid Hills Rd,,Not a Collision with Motor Vehicle,1,Clear,Dry,Dark-Lighted
2024-01-08T22:40:00.000,I 85,I 85 and N Druid Hills Rd,,Rear End,2,Rain,Wet,Dark-Not Lighted
2024-09-12T19:30:00.000,I 85,I 85 and N Druid Hills Rd,,Rear End,2,Rain,Wet,Daylight
2024-09-12T20:10:00.000,I 85,I 85 and N Druid Hills Rd,,Rear End,2,Rain,Wet,Dark-Lighted
2024-04-12T17:25:00.000,I 85,I 85 and N Druid Hills Rd,,Rear End,3,Clear,Dry,Daylight
2024-12-10T08:07:00.000,I 85,I 85 and N Druid Hills Rd,,Sideswipe-Same Direction,2,Cloudy,Wet,Daylight
2024-10-11T15:56:00.000,I 85,I 85 and N Druid Hills Rd,,Sideswipe-Same Direction,3,Clear,Dry,Daylight
2024-04-17T16:42:00.000,I 85,I 85 and N Druid Hills Rd,,Rear End,3,Cloudy,Dry,Daylight
2024-05-20T00:45:00.000,I 85,I 85 and N Druid Hills Rd,,Not a Collision with Motor Vehicle,1,Clear,Dry,Dark-Not Lighted
2024-10-01T15:45:00.000,I 85,I 85 and N Druid Hills Rd,,Angle Crash,2,Clear,Dry,Daylight
2024-07-18T18:45:00.000,I 85,I 85 and N Druid Hills Rd,,Rear End,3,Rain,Wet,Daylight
2024-01-30T17:26:00.000,I 85,I 85 and N Druid Hills Rd,,Sideswipe-Same Direction,2,Clear,Dry,Daylight
2024-08-08T01:50:00.000,I 85,I 85 and N Druid Hills Rd,,Not a Collision with Motor Vehicle,1,Clear,Dry,Dark-Lighted
2024-08-01T02:20:00.000,I 85,I 85 and N Druid Hills Rd,,Not a Collision with Motor Vehicle,1,Clear,Dry,Dark-Not Lighted
2024-10-15T16:22:00.000,I 85,I 85 and N Druid Hills Rd,,Angle Crash,3,Cloudy,Dry,Daylight
2024-01-25T22:23:00.000,I 85,I 85 and N Druid Hills Rd,,Rear End,2,Clear,Wet,Dark-Lighted
2024-02-10T04:00:00.000,I 85,I 85 and N Druid Hills Rd,,Rear End,2,Clear,Dry,Dark-Lighted
2024-03-18T09:04:00.000,I 85,I 85 and N Druid Hills Rd,,Sideswipe-Same Direction,2,Cloudy,Dry,Daylight
2024-12-10T19:50:00.000,I 85,I 85 and N Druid Hills Rd,,Rear End,2,Rain,Wet,Dark-Lighted
2024-04-12T22:30:00.000,I 85,I 85 and N Druid Hills Rd,,Rear End,2,Clear,Dry,Dark-Lighted
2024-10-22T18:42:00.000,I 85,I 85 and N Druid Hills Rd,,Rear End,2,Clear,Dry,Daylight
2024-11-22T17:06:00.000,I 85,I 85 and N Druid Hills Rd,,Rear End,2,Clear,Dry,Daylight
2024-01-01T03:34:00.000,I 85,I 85 and N Druid Hills Rd,,Rear End,2,Clear,Dry,Dark-Not Lighted
2024-07-21T00:56:00.000,I 85,I 85 and N Druid Hills Rd,,Not a Collision with Motor Vehicle,1,Clear,Dry,Dark-Not Lighted
2024-06-29T05:20:00.000,I 85,I 85 and N Druid Hills Rd,,Not a Collision with Motor Vehicle,1,Rain,Wet,Dark-Not Lighted
2024-07-15T14:07:00.000,I 85,I 85 and N Druid Hills Rd,,Sideswipe-Same Direction,2,Clear,Dry,Daylight
2024-08-28T20:25:00.000,I 85,I 85 and N Druid Hills Rd,,Rear End,2,Clear,Dry,Daylight
2024-11-09T19:30:00.000,I 85,I 85 and N Druid Hills Rd,,Rear End,2,Clear,Dry,Dark-Not Lighted
2024-08-14T05:20:00.000,I 85,I 85 and N Druid Hills Rd,,Sideswipe-Same Direction,4,Clear,Dry,Dark-Lighted
2024-10-12T15:03:00.000,I 85,I 85 and N Druid Hills Rd,,Sideswipe-Same Direction,2,Clear,Dry,Daylight
2024-07-16T10:00:00.000,I 85,I 85 and N Druid Hills Rd,,Sideswipe-Same Direction,2,Clear,Dry,Dusk
2024-09-21T18:00:00.000,I 85,I 85 and N Druid Hills Rd,,Rear End,2,Clear,Dry,Dark-Lighted
2024-02-10T22:11:00.000,I 85,I 85 and N Druid Hills Rd,,Angle Crash,2,Rain,Wet,Dark-Lighted
2024-12-18T20:40:00.000,I 85,I 85 and N Druid Hills Rd,,Rear End,3,Cloudy,Dry,Dark-Lighted
2024-11-12T19:05:00.000,I 85,I 85 and N Druid Hills Rd,,Rear End,2,Clear,Dry,Dark-Lighted
2024-03-22T10:20:00.000,I 85,I 85 and N Druid Hills Rd,,Rear End,2,Cloudy,Dry,Daylight
2024-12-26T21:00:00.000,I 85,I 85 and N Druid Hills Rd,,Rear End,2,Clear,Dry,Daylight
2024-11-02T20:50:00.000,I 85,I 85 and N Druid Hills Rd,,Rear End,2,Clear,Dry,Dark-Lighted
2024-08-22T11:44:00.000,I 85,I 85 and N Druid Hills Rd,,Rear End,2,Clear,Dry,Daylight
2024-10-03T14:58:00.000,I 85,I 85 and N Druid Hills Rd,,Angle Crash,3,Cloudy,Dry,Daylight
2024-10-25T17:00:00.000,I 85,I 85 and N Druid Hills Rd,,Not a Collision with Motor Vehicle,1,Clear,Dry,Daylight
2024-05-19T03:50:00.000,I 85,I 85 and N Druid Hills Rd,,Sideswipe-Same Direction,2,Clear,Dry,Dark-Not Lighted
2024-05-19T01:47:00.000,I 85,I 85 and N Druid Hills Rd,,Rear End,2,Clear,Dry,Dark-Lighted
2024-12-17T19:20:00.000,I 85,I 85 and N Druid Hills Rd,,Rear End,2,Clear,Dry,Daylight
2024-03-20T17:40:00.000,I 85,I 85 and N Druid Hills Rd,,Rear End,2,Clear,Dry,Daylight
2024-07-10T17:45:00.000,I 85,I 85 and N Druid Hills Rd,,Sideswipe-Same Direction,2,Clear,Dry,Daylight
2024-04-13T21:21:00.000,I 85,I 85 and N Druid Hills Rd,,Angle Crash,3,Clear,Dry,Dark-Lighted
2024-11-28T00:47:00.000,I 85,I 85 and N Druid Hills Rd,,Angle Crash,3,Rain,Wet,Dark-Not Lighted
2024-03-14T18:10:00.000,I 85,I 85 and N Druid Hills Rd,,Rear End,2,Clear,Dry,Daylight
2024-06-05T18:00:00.000,I 85,I 85 and N Druid Hills Rd,,Angle Crash,2,Clear,Dry,Daylight
2023-05-30T18:20:00.000,I 85,I 85 and N Druid Hills Exit Rp,,Rear End,2,Clear,Dry,Daylight
2020-01-31T15:10:00.000,I 85,I 85 and N Druid Hills Exit Rp,,Sideswipe-Same Direction,2,Cloudy,Wet,Dark-Lighted
2022-06-05T02:48:00.000,I 85,I 85 and N Druid Hillls Rd,,Sideswipe-Same Direction,2,Clear,Dry,Dark-Lighted
2021-01-04T14:50:00.000,I 85,I 85 and N Druid Hill Rd,,Sideswipe-Same Direction,2,Cloudy,Dry,Daylight
2021-05-20T09:05:00.000,I 85,I 85 and N Druid Hill Rd,,Sideswipe-Same Direction,2,Clear,Dry,Daylight
2022-05-18T09:00:00.000,I 85,I 85 and N Druid Hill Rd,,Not a Collision with Motor Vehicle,1,Clear,Dry,Daylight
2023-11-23T18:40:00.000,I 85,I 85 and N Druid Hill Rd,,Rear End,2,Clear,Dry,Dark-Not Lighted
2023-04-11T08:30:00.000,I 85,I 85 and N Druid Hill Rd,,Rear End,2,Clear,Dry,Daylight
2021-10-21T07:45:00.000,I 85,I 85 and N Druid Hill Opas,,Rear End,2,Clear,Dry,Daylight
2022-09-21T18:47:00.000,I 85,I 85 and N Druid,,Rear End,2,Clear,Dry,Daylight
2024-11-13T17:25:00.000,I 85,I 85 and N Druid,,Sideswipe-Same Direction,2,Clear,Dry,Daylight
2022-07-26T08:20:00.000,I 85,I 85 and N Cruid Hls,,Sideswipe-Same Direction,2,Clear,Dry,Daylight
2021-02-15T11:39:00.000,I 85,I 85 and N Central Ave,,Sideswipe-Same Direction,2,Rain,Wet,Daylight
2021-01-27T05:31:00.000,I 85,I 85 and N Central Ave,,Not a Collision with Motor Vehicle,1,Rain,Water (standing or moving),Dark-Not Lighted
2021-05-27T12:00:00.000,I 85,I 85 and N Central Ave,,Sideswipe-Same Direction,2,Clear,Dry,Daylight
2021-12-11T14:24:00.000,I 85,I 85 and N Central Ave,,Angle Crash,2,Rain,Water (standing or moving),Daylight
2021-01-27T05:40:00.000,I 85,I 85 and N Central Ave,,Not a Collision with Motor Vehicle,1,Rain,Wet,Dark-Lighted
2023-04-01T09:35:00.000,I 85,I 85 and N Central Ave,,Not a Collision with Motor Vehicle,1,Rain,Wet,Daylight
2020-12-14T05:30:00.000,I 85,I 85 and N Central Ave,,Not a Collision with Motor Vehicle,1,Rain,Water (standing or moving),Dark-Lighted
2021-05-03T14:18:00.000,I 85,I 85 and N Central Ave,,Rear End,3,Rain,Water (standing or moving),Daylight
2021-02-15T11:39:00.000,I 85,I 85 and N Central Ave,,Rear End,2,Rain,Wet,Daylight
2021-05-12T06:30:00.000,I 85,I 85 and N Central Ave,,Not a Collision with Motor Vehicle,1,Rain,Water (standing or moving),Dark-Not Lighted
2021-10-21T15:41:00.000,I 85,I 85 and N Central Ave,,Rear End,2,Cloudy,Dry,Daylight
2022-09-19T13:07:00.000,I 85,I 85 and N Central Ave,,Angle Crash,2,Clear,Dry,Daylight
2022-11-27T05:25:00.000,I 85,I 85 and N Central Ave,,Not a Collision with Motor Vehicle,1,Rain,Water (standing or moving),Dark-Lighted
2022-12-31T12:35:00.000,I 85,I 85 and N Central Ave,,Sideswipe-Same Direction,2,Rain,Wet,Daylight
2024-01-25T03:09:00.000,I 85,I 85 and N Central Ave,,Not a Collision with Motor Vehicle,1,Rain,Wet,Dark-Not Lighted
2020-11-10T13:47:00.000,I 85,I 85 and N Central,,Rear End,2,Cloudy,Wet,Daylight
2020-09-23T18:00:00.000,I 85,I 85 and N Bound Weight Sta,,Rear End,2,Clear,Dry,Daylight
2023-09-25T06:17:00.000,I 85,I 85 and N Bound Exit 2 Off Rp,,Rear End,3,Clear,Dry,Dark-Not Lighted
2021-08-20T17:12:00.000,I 85,I 85 and N Avenue Opas,,Sideswipe-Same Direction,2,Clear,Dry,Daylight
2021-08-26T11:30:00.000,I 85,I 85 and N Avenue Opas,,Rear End,3,Cloudy,Dry,Daylight
2020-07-09T18:38:00.000,I 85,I 85 and N Avenue Opas,,Rear End,2,Clear,Dry,Daylight
2020-12-31T13:06:00.000,I 85,I 85 and N Avenue Opas,,Rear End,2,Cloudy,Dry,Daylight
2020-10-27T16:14:00.000,I 85,I 85 and N Avenue Opas,,Rear End,3,Clear,Dry,Daylight
2021-02-26T16:35:00.000,I 85,I 85 and N Ave Opas,,Rear End,2,Cloudy,Wet,Daylight
2021-01-11T13:20:00.000,I 85,I 85 and N Ave Opas,,Sideswipe-Same Direction,2,Rain,Wet,Daylight
2021-05-13T11:40:00.000,I 85,I 85 and N Ave Opas,,Rear End,4,Clear,Dry,Daylight
2021-04-23T12:33:00.000,I 85,I 85 and N Ave Opas,,Sideswipe-Same Direction,2,Clear,Dry,Daylight
2021-08-27T08:00:00.000,I 85,I 85 and N Ave Opas,,Rear End,2,Clear,Dry,Daylight
2021-08-27T07:30:00.000,I 85,I 85 and N Ave Opas,,Rear End,2,Clear,Dry,Daylight
2021-01-29T14:20:00.000,I 85,I 85 and N Ave Exit Rp,,Rear End,3,Clear,Dry,Daylight
2020-09-29T12:42:00.000,I 85,I 85 and N Ave Ent Rp,,Rear End,2,Rain,Wet,Daylight
2021-03-11T09:10:00.000,I 85,I 85 and N Ave,,Rear End,2,Clear,Dry,Daylight
2021-01-04T13:44:00.000,I 85,I 85 and N Ave,,Sideswipe-Same Direction,3,Clear,Dry,Daylight
2021-06-24T09:00:00.000,I 85,I 85 and N Ave,,Rear End,2,Clear,Dry,Daylight
2021-05-10T12:15:00.000,I 85,I 85 and N Ave,,Rear End,3,Cloudy,Dry,Daylight
2021-05-07T12:42:00.000,I 85,I 85 and N Ave,,Rear End,2,Clear,Dry,Daylight
2021-04-19T10:35:00.000,I 85,I 85 and N Ave,,Sideswipe-Same Direction,2,Clear,Dry,Daylight
2021-01-01T19:29:00.000,I 85,I 85 and N Ave,,Sideswipe-Same Direction,2,Cloudy,Wet,Dark-Lighted
2021-02-02T13:05:00.000,I 85,I 85 and N Ave,,Sideswipe-Same Direction,2,Clear,Dry,Daylight
2021-06-11T19:01:00.000,I 85,I 85 and N Ave,,Rear End,2,Cloudy,Wet,Daylight
2021-05-06T18:50:00.000,I 85,I 85 and N Ave,,Rear End,2,Clear,Dry,Daylight
2021-09-28T08:50:00.000,I 85,I 85 and N Ave,,Rear End,2,Clear,Dry,Daylight