Date and Time,Roadway (From Crash Report),Intersection Name (from Crash Report),KABCO Severity,Manner of Collision (Crash Level) ,# of Vehicles per crash ,Weather Conditions (Crash Level),Surface Condition (Crash Level) ,Light Conditions (Crash Level)
2021-08-17T11:50:00.000,I 85,I 85 and N Ave,,Rear End,2,Rain,Wet,Daylight
2021-08-23T08:50:00.000,I 85,I 85 and N Ave,,Sideswipe-Same Direction,2,Clear,Dry,Daylight
2021-09-10T15:59:00.000,I 85,I 85 and N Ave,,Rear End,2,Clear,Dry,Daylight
2021-07-20T18:50:00.000,I 85,I 85 and N Ave,,Rear End,2,Rain,Wet,Daylight
2021-07-29T13:05:00.000,I 85,I 85 and N Ave,,Rear End,2,Clear,Dry,Daylight
2021-03-07T15:28:00.000,I 85,I 85 and N Ave,,Rear End,2,Clear,Dry,Daylight
2021-05-21T12:20:00.000,I 85,I 85 and N Ave,,Rear End,3,Clear,Dry,Daylight
2021-02-08T15:45:00.000,I 85,I 85 and N Ave,,Rear End,2,Clear,Dry,Daylight
2021-02-05T19:33:00.000,I 85,I 85 and N Ave,,Rear End,2,Cloudy,Dry,Dark-Lighted
2021-06-14T12:05:00.000,I 85,I 85 and N Ave,,Sideswipe-Same Direction,2,Cloudy,Dry,Daylight
2021-01-19T19:52:00.000,I 85,I 85 and N Ave,,Sideswipe-Same Direction,2,Clear,Dry,Dark-Not Lighted
2021-02-05T16:18:00.000,I 85,I 85 and N Ave,,Rear End,2,Clear,Dry,Daylight
2021-05-12T13:35:00.000,I 85,I 85 and N Ave,,Rear End,3,Cloudy,Wet,Daylight
2021-02-18T15:48:00.000,I 85,I 85 and N Ave,,Sideswipe-Same Direction,2,Clear,Dry,Daylight
2021-05-06T08:40:00.000,I 85,I 85 and N Ave,,Rear End,2,Clear,Dry,Daylight
2021-03-02T18:13:00.000,I 85,I 85 and N Ave,,Sideswipe-Same Direction,2,Cloudy,Wet,Dusk
2021-02-23T12:41:00.000,I 85,I 85 and N Ave,,Sideswipe-Same Direction,2,Clear,Dry,Daylight
2021-03-18T16:14:00.000,I 85,I 85 and N Ave,,Sideswipe-Same Direction,2,Clear,Dry,Daylight
2021-07-19T07:07:00.000,I 85,I 85 and N Ave,,Rear End,2,Cloudy,Wet,Daylight
2021-09-07T11:05:00.000,I 85,I 85 and N Ave,,Rear End,2,Cloudy,Dry,Daylight
2021-07-16T20:30:00.000,I 85,I 85 and N Ave,,Rear End,2,Cloudy,Dry,Daylight
2021-09-07T06:40:00.000,I 85,I 85 and N Ave,,Rear End,3,Cloudy,Dry,Dawn
2021-09-24T16:25:00.000,I 85,I 85 and N Ave,,Sideswipe-Same Direction,2,Clear,Dry,Daylight
2021-07-20T15:20:00.000,I 85,I 85 and N Ave,,Rear End,2,Cloudy,Wet,Daylight
2021-08-03T11:45:00.000,I 85,I 85 and N Ave,,Rear End,3,Clear,Dry,Daylight
2021-09-08T16:12:00.000,I 85,I 85 and N Ave,,Sideswipe-Same Direction,2,Cloudy,Dry,Daylight
2021-08-31T06:47:00.000,I 85,I 85 and N Ave,,Rear End,2,Cloudy,Wet,Daylight
2021-07-08T10:45:00.000,I 85,I 85 and N Ave,,Rear End,2,Cloudy,Dry,Daylight
2021-03-04T12:15:00.000,I 85,I 85 and N Ave,,Rear End,3,Clear,Dry,Daylight
2021-07-22T09:10:00.000,I 85,I 85 and N Ave,,Rear End,4,Clear,Dry,Daylight
2021-09-16T15:54:00.000,I 85,I 85 and N Ave,,Rear End,4,Cloudy,Wet,Daylight
2021-11-29T09:45:00.000,I 85,I 85 and N Ave,,Rear End,2,Clear,Dry,Daylight
2021-09-07T06:40:00.000,I 85,I 85 and N Ave,,Sideswipe-Same Direction,2,Clear,Dry,Daylight
2021-08-17T11:20:00.000,I 85,I 85 and N Ave,,Rear End,2,Rain,Wet,Daylight
2021-09-09T13:25:00.000,I 85,I 85 and N Ave,,Sideswipe-Same Direction,2,Clear,Dry,Daylight
2021-04-15T19:45:00.000,I 85,I 85 and N Ave,,Sideswipe-Same Direction,2,Clear,Dry,Daylight
2021-06-26T19:18:00.000,I 85,I 85 and N Ave,,Rear End,2,Cloudy,Dry,Daylight
2021-05-13T13:45:00.000,I 85,I 85 and N Ave,,Rear End,3,Clear,Dry,Daylight
2021-02-26T17:30:00.000,I 85,I 85 and N Ave,,Rear End,2,Cloudy,Wet,Daylight
2021-05-14T11:10:00.000,I 85,I 85 and N Ave,,Sideswipe-Same Direction,2,Clear,Dry,Daylight
2021-08-24T17:11:00.000,I 85,I 85 and N Ave,,Rear End,2,Clear,Dry,Daylight
2021-07-13T15:09:00.000,I 85,I 85 and N Ave,,Rear End,2,Cloudy,Dry,Daylight
2021-08-30T13:20:00.000,I 85,I 85 and N Ave,,Rear End,2,Clear,Dry,Daylight
2021-03-25T18:30:00.000,I 85,I 85 and N Ave,,Rear End,2,Cloudy,Wet,Dusk
2021-02-22T18:11:00.000,I 85,I 85 and N Ave,,Rear End,2,Clear,Dry,Dusk
2021-02-15T06:07:00.000,I 85,I 85 and N Ave,,Rear End,3,Cloudy,Wet,Dark-Lighted
2021-05-10T12:00:00.000,I 85,I 85 and N Ave,,Rear End,2,Cloudy,Dry,Daylight
2021-01-27T18:10:00.000,I 85,I 85 and N Ave,,Rear End,2,Rain,Wet,Dark-Lighted
2020-09-15T15:57:00.000,I 85,I 85 and N Ave,,Rear End,2,Cloudy,Dry,Daylight
2020-03-25T16:18:00.000,I 85,I 85 and N Ave,,Rear End,2,Clear,Dry,Daylight
2020-03-10T15:15:00.000,I 85,I 85 and N Ave,,Rear End,2,Cloudy,Dry,Daylight
2020-10-06T07:14:00.000,I 85,I 85 and N Ave,,Angle Crash,2,Cloudy,Dry,Daylight
2020-11-30T09:52:00.000,I 85,I 85 and N Ave,,Rear End,2,Cloudy,Dry,Daylight
2020-11-29T12:00:00.000,I 85,I 85 and N Ave,,Rear End,3,Clear,Dry,Daylight
2020-07-02T12:00:00.000,I 85,I 85 and N Ave,,Rear End,2,Clear,Dry,Daylight
2020-01-29T14:10:00.000,I 85,I 85 and N Ave,,Rear End,2,Clear,Dry,Daylight
2020-10-29T09:40:00.000,I 85,I 85 and N Ave,,Rear End,2,Cloudy,Wet,Daylight
2020-11-25T20:40:00.000,I 85,I 85 and N Ave,,Rear End,4,Rain,Wet,Daylight
2020-07-02T06:45:00.000,I 85,I 85 and N Ave,,Rear End,2,Clear,Dry,Daylight
2020-01-03T07:55:00.000,I 85,I 85 and N Ave,,Sideswipe-Same Direction,2,Rain,Wet,Daylight
2020-01-17T19:54:00.000,I 85,I 85 and N Ave,,Sideswipe-Same Direction,2,Clear,Dry,Dark-Lighted
2023-11-20T16:04:00.000,I 85,I 85 and N Ave,,Rear End,3,Clear,Dry,Daylight
2021-01-05T12:40:00.000,I 85,I 85 and N Ave,,Rear End,2,Clear,Dry,Daylight
2021-08-20T18:00:00.000,I 85,I 85 and N Ave,,Rear End,2,Clear,Dry,Daylight
2020-03-10T19:30:00.000,I 85,I 85 and N Ave,,Rear End,2,Cloudy,Dry,Daylight
2020-01-13T13:57:00.000,I 85,I 85 and N Ave,,Rear End,3,Cloudy,Wet,Daylight
2020-02-03T08:10:00.000,I 85,I 85 and N Ave,,Rear End,2,Clear,Dry,Daylight
2020-12-01T09:00:00.000,I 85,I 85 and N Ave,,Rear End,3,Clear,Dry,Daylight
2020-10-13T15:36:00.000,I 85,I 85 and N Ave,,Sideswipe-Same Direction,4,Clear,Dry,Daylight
2020-10-29T18:08:00.000,I 85,I 85 and N Ave,,Rear End,3,Cloudy,Dry,Daylight
2020-09-11T17:45:00.000,I 85,I 85 and N Ave,,Rear End,2,Clear,Dry,Daylight
2020-06-08T15:30:00.000,I 85,I 85 and N Ave,,Rear End,2,Cloudy,Dry,Daylight
2020-08-11T09:55:00.000,I 85,I 85 and N Ave,,Angle Crash,2,Rain,Wet,Daylight
2020-05-27T10:30:00.000,I 85,I 85 and N Ave,,Sideswipe-Same Direction,2,Rain,Wet,Daylight
2020-03-12T19:08:00.000,I 85,I 85 and N Ave,,Angle Crash,2,Clear,Dry,Daylight
2020-07-31T13:45:00.000,I 85,I 85 and N Ave,,Rear End,2,Clear,Dry,Daylight
2020-07-31T17:40:00.000,I 85,I 85 and N Ave,,Sideswipe-Same Direction,2,Clear,Dry,Daylight
2020-05-05T16:40:00.000,I 85,I 85 and N Ave,,Angle Crash,3,Clear,Dry,Daylight
2020-09-24T18:55:00.000,I 85,I 85 and N Ave,,Rear End,2,Rain,Wet,Daylight
2020-12-03T18:08:00.000,I 85,I 85 and N Ave,,Rear End,4,Clear,Other,Dark-Not Lighted
2020-01-10T12:15:00.000,I 85,I 85 and N Ave,,Rear End,2,Clear,Dry,Daylight
2020-08-20T20:54:00.000,I 85,I 85 and N Ave,,Rear End,3,Cloudy,Wet,Dark-Lighted
2020-06-25T07:50:00.000,I 85,I 85 and N Ave,,Rear End,2,Clear,Wet,Daylight
2020-10-13T10:09:00.000,I 85,I 85 and N Ave,,Sideswipe-Same Direction,2,Clear,Dry,Daylight
2020-11-17T10:48:00.000,I 85,I 85 and N Ave,,Rear End,2,Clear,Dry,Daylight
2020-03-10T09:25:00.000,I 85,I 85 and N Ave,,Rear End,3,Rain,Wet,Daylight
2020-10-23T10:45:00.000,I 85,I 85 and N Ave,,Rear End,2,Clear,Dry,Daylight
2020-05-27T12:10:00.000,I 85,I 85 and N Ave,,Not a Collision with Motor Vehicle,1,Rain,Wet,Daylight
2020-07-08T12:19:00.000,I 85,I 85 and N Ave,,Sideswipe-Same Direction,2,Clear,Dry,Daylight
2020-04-03T12:42:00.000,I 85,I 85 and N Ave,,Rear End,3,Clear,Dry,Daylight
2020-11-15T10:37:00.000,I 85,I 85 and N Ave,,Sideswipe-Same Direction,2,Clear,Dry,Daylight
2020-05-27T07:55:00.000,I 85,I 85 and N Ave,,Rear End,3,Rain,Wet,Daylight
2020-10-12T10:38:00.000,I 85,I 85 and N Ave,,Sideswipe-Same Direction,2,Cloudy,Wet,Daylight
2020-07-31T14:05:00.000,I 85,I 85 and N Ave,,Rear End,3,Clear,Dry,Daylight
2020-05-28T12:28:00.000,I 85,I 85 and N Ave,,Not a Collision with Motor Vehicle,1,Cloudy,Wet,Daylight
2020-02-11T07:40:00.000,I 85,I 85 and N Ave,,Not a Collision with Motor Vehicle,1,Rain,Wet,Daylight
2020-12-15T18:00:00.000,I 85,I 85 and N Ave,,Rear End,2,Clear,Dry,Dark-Lighted
2020-01-24T14:15:00.000,I 85,I 85 and N Ave,,Sideswipe-Same Direction,2,Cloudy,Wet,Daylight
2020-09-15T15:57:00.000,I 85,I 85 and N Ave,,Rear End,2,Cloudy,Dry,Daylight
2020-02-10T16:00:00.000,I 85,I 85 and N Ave,,Rear End,2,Rain,Wet,Daylight
2020-10-02T13:10:00.000,I 85,I 85 and N Ave,,Sideswipe-Same Direction,2,Clear,Dry,Daylight
2020-07-30T17:35:00.000,I 85,I 85 and N Ave,,Rear End,2,Clear,Dry,Daylight
2020-02-18T07:00:00.000,I 85,I 85 and N Ave,,Sideswipe-Same Direction,2,Rain,Wet,Dark-Lighted
2020-02-25T06:35:00.000,I 85,I 85 and N Ave,,Rear End,2,Cloudy,Wet,Dark-Not Lighted
2020-11-11T13:35:00.000,I 85,I 85 and N Ave,,Not a Collision with Motor Vehicle,1,Cloudy,Wet,Daylight
2020-05-27T16:15:00.000,I 85,I 85 and N Ave,,Rear End,3,Cloudy,Wet,Daylight
2020-05-28T13:40:00.000,I 85,I 85 and N Ave,,Rear End,2,Clear,Dry,Daylight
2020-09-24T15:45:00.000,I 85,I 85 and N Ave,,Rear End,2,Rain,Wet,Daylight
2020-02-03T13:35:00.000,I 85,I 85 and N Ave,,Sideswipe-Same Direction,2,Clear,Dry,Daylight
2020-11-20T16:22:00.000,I 85,I 85 and N Ave,,Rear End,2,Clear,Dry,Daylight
2020-09-07T11:35:00.000,I 85,I 85 and N Ave,,Rear End,3,Clear,Dry,Daylight
2020-11-06T10:57:00.000,I 85,I 85 and N Ave,,Sideswipe-Same Direction,2,Cloudy,Dry,Daylight
2020-10-15T17:30:00.000,I 85,I 85 and N Ave,,Rear End,2,Clear,Dry,Daylight
2020-10-23T12:05:00.000,I 85,I 85 and N Ave,,Rear End,2,Clear,Dry,Daylight
2020-09-17T15:30:00.000,I 85,I 85 and N Ave,,Rear End,3,Rain,Wet,Daylight
2020-10-09T08:25:00.000,I 85,I 85 and N Ave,,Rear End,2,Cloudy,Dry,Daylight
2020-08-25T18:46:00.000,I 85,I 85 and N Ave,,Rear End,2,Rain,Wet,Daylight
2020-01-06T15:55:00.000,I 85,I 85 and N Ave,,Rear End,2,Clear,Dry,Daylight
2020-10-08T11:31:00.000,I 85,I 85 and N Ave,,Rear End,2,Clear,Dry,Daylight
2020-06-11T09:05:00.000,I 85,I 85 and N Ave,,Sideswipe-Same Direction,2,Clear,Dry,Daylight
2020-06-10T17:40:00.000,I 85,I 85 and N Ave,,Rear End,2,Rain,Wet,Daylight
2020-11-23T16:05:00.000,I 85,I 85 and N Ave,,Angle Crash,2,Clear,Dry,Daylight
2020-01-14T10:15:00.000,I 85,I 85 and N Ave,,Sideswipe-Same Direction,2,Rain,Wet,Daylight
2020-09-17T15:30:00.000,I 85,I 85 and N Ave,,Rear End,2,Rain,Wet,Daylight
2020-02-03T12:29:00.000,I 85,I 85 and N Ave,,Rear End,2,Clear,Dry,Daylight
2020-07-31T14:44:00.000,I 85,I 85 and N Ave,,Sideswipe-Same Direction,3,Clear,Dry,Daylight
2020-01-02T13:30:00.000,I 85,I 85 and N Ave,,Sideswipe-Same Direction,2,Rain,Wet,Daylight
2020-07-07T06:50:00.000,I 85,I 85 and N Ave,,Sideswipe-Same Direction,2,Cloudy,Wet,Daylight
2020-01-13T17:15:00.000,I 85,I 85 and N Ave,,Rear End,2,Cloudy,Wet,Daylight
2020-07-18T16:09:00.000,I 85,I 85 and N Ave,,Sideswipe-Same Direction,2,Clear,Wet,Daylight
2020-02-03T12:29:00.000,I 85,I 85 and N Ave,,Angle Crash,2,Clear,Dry,Daylight
2020-02-24T13:00:00.000,I 85,I 85 and N Ave,,Rear End,2,Rain,Wet,Daylight
2020-11-24T14:45:00.000,I 85,I 85 and N Ave,,Sideswipe-Same Direction,2,Clear,Dry,Daylight
2020-10-09T08:25:00.000,I 85,I 85 and N Ave,,Rear End,2,Cloudy,Dry,Daylight
2020-11-06T15:20:00.000,I 85,I 85 and N Ave,,Rear End,2,Clear,Dry,Daylight
2020-07-23T18:27:00.000,I 85,I 85 and N Ave,,Sideswipe-Same Direction,3,Clear,Dry,Daylight
2020-12-31T17:22:00.000,I 85,I 85 and N Ave,,Rear End,2,Cloudy,Wet,Daylight
2020-08-14T17:00:00.000,I 85,I 85 and N Ave,,Sideswipe-Same Direction,2,Cloudy,Wet,Daylight
2020-08-26T15:00:00.000,I 85,I 85 and N Ave,,Rear End,2,Cloudy,Dry,Daylight
2020-01-20T16:20:00.000,I 85,I 85 and N Ave,,Sideswipe-Same Direction,2,Clear,Dry,Daylight
2020-02-03T15:00:00.000,I 85,I 85 and N Ave,,Rear End,5,Clear,Dry,Daylight
2020-07-05T15:20:00.000,I 85,I 85 and N Ave,,Rear End,2,Cloudy,Dry,Daylight
2020-10-02T17:50:00.000,I 85,I 85 and N Ave,,Sideswipe-Same Direction,2,Clear,Dry,Daylight
2020-11-29T22:44:00.000,I 85,I 85 and N Ave,,Angle Crash,2,Rain,Wet,Dark-Lighted
2020-11-05T08:30:00.000,I 85,I 85 and N Ave,,Rear End,2,Clear,Dry,Daylight
2020-10-14T10:59:00.000,I 85,I 85 and N Ave,,Sideswipe-Same Direction,2,Clear,Dry,Daylight
2020-11-25T19:50:00.000,I 85,I 85 and N Ave,,Rear End,2,Rain,Wet,Dark-Lighted
2020-02-25T10:17:00.000,I 85,I 85 and N Ave,,Rear End,2,Cloudy,Wet,Daylight
2020-08-13T16:30:00.000,I 85,I 85 and N Ave,,Sideswipe-Same Direction,2,Clear,Dry,Daylight
2020-01-14T11:55:00.000,I 85,I 85 and N Ave,,Rear End,2,Cloudy,Wet,Daylight
2020-11-02T16:50:00.000,I 85,I 85 and N Ave,,Rear End,2,Clear,Dry,Daylight
2020-05-12T13:23:00.000,I 85,I 85 and N Ave,,Not a Collision with Motor Vehicle,1,Clear,Dry,Daylight
2020-10-05T18:22:00.000,I 85,I 85 and N Ave,,Sideswipe-Same Direction,2,Clear,Dry,Daylight
2020-02-07T11:04:00.000,I 85,I 85 and N Ave,,Sideswipe-Same Direction,2,Cloudy,Dry,Daylight
2020-10-29T18:00:00.000,I 85,I 85 and N Ave,,Rear End,3,Clear,Dry,Daylight
2020-01-20T10:15:00.000,I 85,I 85 and N Ave,,Sideswipe-Same Direction,2,Clear,Dry,Daylight
2020-01-10T14:46:00.000,I 85,I 85 and N Ave,,Sideswipe-Same Direction,2,Clear,Dry,Daylight
2020-05-27T17:40:00.000,I 85,I 85 and N Ave,,Sideswipe-Same Direction,2,Cloudy,Wet,Daylight
2020-02-07T12:00:00.000,I 85,I 85 and N Ave,,Rear End,3,Cloudy,Dry,Daylight
2020-09-17T16:03:00.000,I 85,I 85 and N Ave,,Rear End,2,Rain,Wet,Daylight
2020-12-17T08:30:00.000,I 85,I 85 and N Ave,,Sideswipe-Same Direction,2,Cloudy,Dry,Daylight
2020-10-13T16:26:00.000,I 85,I 85 and N Ave,,Rear End,2,Clear,Dry,Daylight
2020-11-06T10:57:00.000,I 85,I 85 and N Ave,,Sideswipe-Same Direction,2,Clear,Dry,Daylight
2020-02-11T18:40:00.000,I 85,I 85 and N Ave,,Rear End,2,Rain,Wet,Dark-Lighted
2020-11-09T18:00:00.000,I 85,I 85 and N Ave,,Rear End,2,Clear,Dry,Daylight
2020-12-03T08:30:00.000,I 85,I 85 and N Ave,,Rear End,2,Clear,Dry,Daylight
2020-05-08T14:50:00.000,I 85,I 85 and N Ave,,Rear End,2,Cloudy,Wet,Daylight
2020-10-01T18:40:00.000,I 85,I 85 and N Ave,,Rear End,3,Clear,Dry,Daylight
2020-07-23T13:45:00.000,I 85,I 85 and N Ave,,Rear End,2,Clear,Dry,Daylight
2020-11-02T16:51:00.000,I 85,I 85 and N Ave,,Rear End,3,Clear,Dry,Daylight
2020-02-28T13:05:00.000,I 85,I 85 and N Ave,,Rear End,3,Clear,Dry,Daylight
2020-12-11T18:20:00.000,I 85,I 85 and N Ave,,Rear End,2,Clear,Dry,Dark-Lighted
2020-02-24T17:55:00.000,I 85,I 85 and N Ave,,Rear End,2,Rain,Wet,Daylight
2020-10-29T09:40:00.000,I 85,I 85 and N Ave,,Rear End,2,Cloudy,Wet,Daylight
2020-09-25T18:49:00.000,I 85,I 85 and N Ave,,Rear End,3,Cloudy,Dry,Daylight
2020-02-18T19:30:00.000,I 85,I 85 and N Ave,,Rear End,2,Rain,Wet,Dark-Lighted
2020-12-18T10:10:00.000,I 85,I 85 and N Ave,,Rear End,2,Clear,Dry,Daylight
2020-07-17T11:16:00.000,I 85,I 85 and N Ave,,Rear End,2,Clear,Dry,Daylight
2020-01-24T10:33:00.000,I 85,I 85 and N Ave,,Rear End,2,Rain,Wet,Daylight
2020-02-12T18:50:00.000,I 85,I 85 and N Ave,,Sideswipe-Same Direction,2,Clear,Dry,Dark-Lighted
2020-06-10T19:45:00.000,I 85,I 85 and N Ave,,Rear End,2,Cloudy,Wet,Daylight
2020-01-24T10:25:00.000,I 85,I 85 and N Ave,,Rear End,2,Rain,Wet,Daylight
2020-08-24T10:05:00.000,I 85,I 85 and N Ave,,Rear End,2,Rain,Wet,Daylight
2020-02-04T14:43:00.000,I 85,I 85 and N Ave,,Sideswipe-Same Direction,2,Cloudy,Dry,Daylight
2020-07-21T16:29:00.000,I 85,I 85 and N Ave,,Sideswipe-Same Direction,3,Cloudy,Dry,Daylight
2020-12-22T19:40:00.000,I 85,I 85 and N Ave,,Rear End,2,Clear,Dry,Dark-Lighted
2020-03-24T13:15:00.000,I 85,I 85 and N Ave,,Rear End,3,Cloudy,Wet,Daylight
2020-08-18T14:30:00.000,I 85,I 85 and N Ave,,Rear End,3,Clear,Dry,Daylight
2020-09-02T17:47:00.000,I 85,I 85 and N Ave,,Rear End,2,Clear,Dry,Daylight
2020-10-29T08:10:00.000,I 85,I 85 and N Ave,,Sideswipe-Same Direction,2,Rain,Wet,Daylight
2020-01-29T10:00:00.000,I 85,I 85 and N Ave,,Rear End,2,Cloudy,Dry,Daylight
2020-12-11T18:00:00.000,I 85,I 85 and N Ave,,Sideswipe-Same Direction,2,Clear,Dry,Dark-Lighted
2020-10-20T07:55:00.000,I 85,I 85 and N Ave,,Rear End,3,Clear,Dry,Daylight
2020-09-08T16:29:00.000,I 85,I 85 and N Ave,,Rear End,2,Clear,Dry,Daylight
2020-03-13T11:40:00.000,I 85,I 85 and N Ave,,Rear End,4,Cloudy,Dry,Daylight
2020-11-22T12:00:00.000,I 85,I 85 and N Ave,,Rear End,2,Clear,Dry,Daylight
2021-04-09T18:30:00.000,I 85,I 85 and N Ave,,Sideswipe-Same Direction,2,Clear,Dry,Daylight
2021-02-11T11:45:00.000,I 85,I 85 and N Ave,,Rear End,2,Rain,Wet,Daylight
2021-05-26T13:30:00.000,I 85,I 85 and N Ave,,Sideswipe-Same Direction,2,Clear,Dry,Daylight
2021-01-29T19:15:00.000,I 85,I 85 and N Ave,,Rear End,2,Clear,Dry,Dark-Lighted
2021-03-16T14:17:00.000,I 85,I 85 and N Ave,,Sideswipe-Same Direction,2,Rain,Wet,Daylight
2021-05-04T09:11:00.000,I 85,I 85 and N Ave,,Rear End,2,Cloudy,Dry,Daylight
2021-03-02T13:25:00.000,I 85,I 85 and N Ave,,Rear End,2,Clear,Dry,Daylight
2021-03-04T11:49:00.000,I 85,I 85 and N Ave,,Rear End,2,Clear,Dry,Daylight
2021-03-02T16:00:00.000,I 85,I 85 and N Ave,,Sideswipe-Same Direction,2,Clear,Dry,Daylight
2021-05-17T13:47:00.000,I 85,I 85 and N Ave,,Rear End,3,Cloudy,Dry,Daylight
2021-02-18T11:35:00.000,I 85,I 85 and N Ave,,Rear End,3,Rain,Wet,Daylight
2021-02-22T19:25:00.000,I 85,I 85 and N Ave,,Rear End,2,Clear,Dry,Dark-Lighted
2021-04-13T12:30:00.000,I 85,I 85 and N Ave,,Rear End,2,Clear,Dry,Daylight
2021-04-06T12:15:00.000,I 85,I 85 and N Ave,,Sideswipe-Same Direction,2,Clear,Dry,Daylight
2021-03-18T17:25:00.000,I 85,I 85 and N Ave,,Sideswipe-Same Direction,2,Clear,Dry,Daylight
2021-04-16T21:30:00.000,I 85,I 85 and N Ave,,Rear End,2,Clear,Dry,Dark-Lighted
2021-06-14T16:36:00.000,I 85,I 85 and N Ave,,Rear End,2,Cloudy,Wet,Daylight
2021-03-04T11:20:00.000,I 85,I 85 and N Ave,,Rear End,3,Clear,Dry,Daylight
2021-03-09T13:00:00.000,I 85,I 85 and N Ave,,Sideswipe-Same Direction,2,Clear,Dry,Daylight
2021-02-02T14:55:00.000,I 85,I 85 and N Ave,,Rear End,2,Clear,Dry,Daylight
2021-01-01T14:58:00.000,I 85,I 85 and N Ave,,Not a Collision with Motor Vehicle,1,Rain,Wet,Daylight
2021-04-20T12:40:00.000,I 85,I 85 and N Ave,,Rear End,2,Clear,Dry,Daylight
2021-04-16T21:30:00.000,I 85,I 85 and N Ave,,Sideswipe-Same Direction,2,Clear,Dry,Dark-Lighted
2021-04-13T15:35:00.000,I 85,I 85 and N Ave,,Rear End,2,Clear,Dry,Daylight
2021-05-17T08:20:00.000,I 85,I 85 and N Ave,,Rear End,2,Clear,Dry,Daylight
2021-01-04T18:50:00.000,I 85,I 85 and N Ave,,Rear End,2,Clear,Dry,Dark-Lighted
2021-09-03T10:03:00.000,I 85,I 85 and N Ave,,Rear End,2,Clear,Dry,Daylight
2021-08-31T11:35:00.000,I 85,I 85 and N Ave,,Sideswipe-Same Direction,2,Rain,Wet,Daylight
2021-09-23T10:54:00.000,I 85,I 85 and N Ave,,Sideswipe-Same Direction,2,Clear,Dry,Daylight
2021-09-27T12:05:00.000,I 85,I 85 and N Ave,,Rear End,2,Clear,Dry,Daylight
2021-09-10T19:54:00.000,I 85,I 85 and N Ave,,Sideswipe-Same Direction,2,Clear,Dry,Daylight
2021-09-28T09:30:00.000,I 85,I 85 and N Ave,,Rear End,2,Clear,Dry,Daylight
2021-07-10T19:00:00.000,I 85,I 85 and N Ave,,Rear End,2,Cloudy,Dry,Daylight
2021-09-27T07:10:00.000,I 85,I 85 and N Ave,,Rear End,2,Clear,Dry,Daylight
2021-08-30T14:07:00.000,I 85,I 85 and N Ave,,Rear End,2,Clear,Dry,Daylight
2021-08-23T10:20:00.000,I 85,I 85 and N Ave,,Rear End,3,Clear,Dry,Daylight
2021-08-13T19:48:00.000,I 85,I 85 and N Ave,,Sideswipe-Same Direction,2,Clear,Dry,Daylight
2021-08-03T13:30:00.000,I 85,I 85 and N Ave,,Rear End,2,Clear,Dry,Daylight
2021-07-13T12:25:00.000,I 85,I 85 and N Ave,,Sideswipe-Same Direction,2,Clear,Dry,Daylight
2021-08-06T09:45:00.000,I 85,I 85 and N Ave,,Rear End,2,Clear,Dry,Daylight
2021-07-31T21:44:00.000,I 85,I 85 and N Ave,,Rear End,2,Clear,Dry,Dark-Lighted
2021-09-14T19:20:00.000,I 85,I 85 and N Ave,,Rear End,2,Clear,Dry,Daylight
2021-09-16T07:39:00.000,I 85,I 85 and N Ave,,Rear End,2,Rain,Wet,Daylight
2021-08-03T12:25:00.000,I 85,I 85 and N Ave,,Rear End,2,Clear,Dry,Daylight
2021-07-16T18:09:00.000,I 85,I 85 and N Ave,,Rear End,2,Rain,Wet,Daylight
2021-07-30T13:20:00.000,I 85,I 85 and N Ave,,Rear End,2,Clear,Dry,Daylight
2021-08-17T11:45:00.000,I 85,I 85 and N Ave,,Sideswipe-Same Direction,2,Rain,Wet,Daylight
2021-08-26T08:35:00.000,I 85,I 85 and N Ave,,Rear End,2,Clear,Dry,Daylight
2021-07-16T18:33:00.000,I 85,I 85 and N Ave,,Rear End,2,Cloudy,Wet,Daylight
2021-08-24T11:40:00.000,I 85,I 85 and N Ave,,Rear End,3,Cloudy,Dry,Daylight
2021-08-30T06:15:00.000,I 85,I 85 and N Ave,,Sideswipe-Same Direction,2,Clear,Dry,Dark-Lighted
2021-09-07T10:45:00.000,I 85,I 85 and N Ave,,Sideswipe-Same Direction,2,Rain,Wet,Daylight
2023-07-10T11:38:00.000,I 85,I 85 and N Ave,,Rear End,2,Cloudy,Dry,Daylight
2023-05-09T10:00:00.000,I 85,I 85 and N 400 Opas,,Rear End,3,Clear,Dry,Daylight
2020-02-11T13:10:00.000,I 85,I 85 and N  Druid Hills Rd,,Rear End,2,Cloudy,Dry,Daylight
2024-02-10T00:05:00.000,I 85,I 85 and Mp36.5,,Sideswipe-Same Direction,2,Clear,Dry,Dark-Not Lighted
2021-11-18T18:33:00.000,I 85,I 85 and Mp 52,,Rear End,2,Clear,Dry,Daylight
2023-10-10T20:59:00.000,I 85,I 85 and Mp 52,,Not a Collision with Motor Vehicle,2,Clear,Dry,Dark-Not Lighted
2023-11-11T05:55:00.000,I 85,I 85 and Mp 49,,Angle Crash,3,Rain,Wet,Dark-Not Lighted
2023-09-19T14:32:00.000,I 85,I 85 and Mp 48,,Sideswipe-Same Direction,2,Clear,Dry,Daylight
2021-12-14T10:40:00.000,I 85,I 85 and Mp 43,,Sideswipe-Same Direction,2,Clear,Dry,Daylight
2023-03-30T16:38:00.000,I 85,I 85 and Mp 39,,Rear End,2,Clear,Dry,Daylight
2022-07-01T13:30:00.000,I 85,I 85 and Mp 32,,Rear End,2,Clear,Wet,Daylight
2024-02-04T15:15:00.000,I 85,I 85 and Mp 22,,Angle Crash,2,Rain,Wet,Daylight
2020-01-15T07:45:00.000,I 85,I 85 and Mp 143,,Sideswipe-Same Direction,2,Cloudy,Wet,Daylight
2020-01-02T14:25:00.000,I 85,I 85 and Mp 141,,Not a Collision with Motor Vehicle,1,Rain,Wet,Daylight
2020-01-17T17:00:00.000,I 85,I 85 and Mp 135,,Angle Crash,2,Clear,Dry,Daylight
2020-02-13T08:38:00.000,I 85,I 85 and Mp 13,,Not a Collision with Motor Vehicle,1,Rain,Wet,Daylight
2021-03-14T17:32:00.000,I 85,I 85 and Mountville-Hogansville Road Ov,,Rear End,2,Clear,Dry,Daylight