Date and Time,Roadway (From Crash Report),Intersection Name (from Crash Report),KABCO Severity,Manner of Collision (Crash Level) ,# of Vehicles per crash ,Weather Conditions (Crash Level),Surface Condition (Crash Level) ,Light Conditions (Crash Level)
2021-01-03T00:00:00.000,I 85,I 85 and Mountville-Hogansville Road Ov,,Sideswipe-Same Direction,2,Cloudy,Dry,Daylight
2021-01-03T15:50:00.000,I 85,I 85 and Mountville-Hogansville Road Ov,,Angle Crash,2,Cloudy,Dry,Daylight
2020-04-18T05:25:00.000,I 85,I 85 and Mountville-Hogansville Road Ov,,Not a Collision with Motor Vehicle,1,Cloudy,Dry,Dark-Not Lighted
2020-08-11T18:15:00.000,I 85,I 85 and Mountville-Hogansville Road Ov,,Rear End,2,Rain,Wet,Daylight
2020-06-11T09:42:00.000,I 85,I 85 and Mountville-Hogansville Road Ov,,Sideswipe-Same Direction,2,Clear,Dry,Daylight
2021-03-08T09:15:00.000,I 85,I 85 and Mountville-Hogansville Road Ov,,Not a Collision with Motor Vehicle,2,Clear,Dry,Daylight
2021-07-03T14:34:00.000,I 85,I 85 and Mountville-Hogansville Road Ov,,Not a Collision with Motor Vehicle,1,Clear,Dry,Daylight
2023-09-17T15:55:00.000,I 85,I 85 and Mountville-Hogansville Road Ov,,Rear End,2,Clear,Dry,Daylight
2020-10-30T22:00:00.000,I 85,I 85 and Mountville-Hogansville Rd Over,,Not a Collision with Motor Vehicle,1,Clear,Dry,Dark-Not Lighted
2020-07-18T16:38:00.000,I 85,I 85 and Mountville-Hogansville Rd Over,,Rear End,4,Clear,Dry,Daylight
2021-06-30T13:30:00.000,I 85,I 85 and Mountville-Hogansville Rd Ove,,Sideswipe-Same Direction,2,Cloudy,Dry,Daylight
2023-12-04T14:53:00.000,I 85,I 85 and Mountville-Hogansville Rd,,Angle Crash,2,Clear,Dry,Daylight
2023-10-10T06:00:00.000,I 85,I 85 and Mountville-Hogansville Rd,,Not a Collision with Motor Vehicle,1,Clear,Dry,Dark-Not Lighted
2024-12-01T16:45:00.000,I 85,I 85 and Mountville-Hogansville Rd,,Rear End,2,Clear,Dry,Daylight
2021-03-15T20:05:00.000,I 85,I 85 and Mountville-Hogansville Overpas,,Sideswipe-Same Direction,2,Clear,Dry,Dark-Not Lighted
2021-08-17T07:37:00.000,I 85,I 85 and Mountville Hoganville Road Ove,,Not a Collision with Motor Vehicle,1,Rain,Wet,Daylight
2021-03-14T17:31:00.000,I 85,I 85 and Mountville Hoganville Rd,,Rear End,2,Clear,Dry,Daylight
2020-08-02T05:22:00.000,I 85,I 85 and Mountville Hogansville Road Ov,,Sideswipe-Same Direction,2,Clear,Dry,Dark-Not Lighted
2021-01-30T15:01:00.000,I 85,I 85 and Mountville Hogansville Road Ov,,Sideswipe-Same Direction,2,Clear,Dry,Daylight
2020-07-11T04:52:00.000,I 85,I 85 and Mountville Hogansville Road Br,,Not a Collision with Motor Vehicle,1,Cloudy,Wet,Dark-Not Lighted
2020-07-29T10:19:00.000,I 85,I 85 and Mountville Hogansville Rdover,,Not a Collision with Motor Vehicle,1,Cloudy,Dry,Daylight
2021-08-12T17:25:00.000,I 85,I 85 and Mountville Hogansville Rd Over,,Rear End,6,Rain,Wet,Daylight
2021-08-29T15:19:00.000,I 85,I 85 and Mountville Hogansville Rd Over,,Rear End,2,Clear,Dry,Daylight
2023-07-22T07:46:00.000,I 85,I 85 and Mountville Hogansville Rd Over,,Rear End,2,Clear,Dry,Daylight
2023-07-22T06:18:00.000,I 85,I 85 and Mountville Hogansville Rd Over,,Rear End,2,Clear,Dry,Dawn
2020-05-23T03:06:00.000,I 85,I 85 and Mountville Hogansville Rd Over,,Not a Collision with Motor Vehicle,1,Clear,Dry,Dark-Not Lighted
2021-11-23T13:12:00.000,I 85,I 85 and Mountville Hogansville Rd Over,,Rear End,2,Clear,Dry,Daylight
2021-11-05T10:10:00.000,I 85,I 85 and Mountville Hogansville Rd Over,,Sideswipe-Same Direction,2,Clear,Dry,Daylight
2021-11-19T16:07:00.000,I 85,I 85 and Mountville Hogansville Rd Over,,Rear End,2,Clear,Dry,Daylight
2022-08-19T14:04:00.000,I 85,I 85 and Mountville Hogansville Rd Over,,Rear End,2,Rain,Wet,Daylight
2022-05-06T15:43:00.000,I 85,I 85 and Mountville Hogansville Rd Over,,Sideswipe-Same Direction,2,Clear,Dry,Daylight
2022-11-20T23:15:00.000,I 85,I 85 and Mountville Hogansville Rd Over,,Not a Collision with Motor Vehicle,1,Clear,Dry,Dark-Not Lighted
2022-07-22T18:40:00.000,I 85,I 85 and Mountville Hogansville Rd Over,,Not a Collision with Motor Vehicle,1,Clear,Wet,Daylight
2022-12-03T03:55:00.000,I 85,I 85 and Mountville Hogansville Rd Over,,Rear End,2,Clear,Dry,Dark-Not Lighted
2022-05-28T19:22:00.000,I 85,I 85 and Mountville Hogansville Rd Over,,Not a Collision with Motor Vehicle,1,Clear,Dry,Daylight
2020-12-14T06:50:00.000,I 85,I 85 and Mountville Hogansville Rd Ove,,Sideswipe-Same Direction,2,Cloudy,Wet,Dark-Not Lighted
2021-11-14T13:32:00.000,I 85,I 85 and Mountville Hogansville Rd,,Rear End,3,Clear,Dry,Daylight
2021-04-11T17:58:00.000,I 85,I 85 and Mountville Hogansville Rd,,Rear End,2,Clear,Dry,Daylight
2021-11-14T14:28:00.000,I 85,I 85 and Mountville Hogansville Rd,,Rear End,3,Clear,Dry,Daylight
2021-11-22T13:00:00.000,I 85,I 85 and Mountville Hogansville Rd,,Rear End,2,Clear,Dry,Daylight
2021-10-06T14:13:00.000,I 85,I 85 and Mountville Hogansville Rd,,Sideswipe-Same Direction,2,Rain,Wet,Daylight
2021-06-19T22:34:00.000,I 85,I 85 and Mountville Hogansville Rd,,Not a Collision with Motor Vehicle,1,Rain,Wet,Dark-Not Lighted
2021-11-14T14:28:00.000,I 85,I 85 and Mountville Hogansville Rd,,Rear End,2,Clear,Dry,Daylight
2022-01-02T16:35:00.000,I 85,I 85 and Mountville Hogansville Rd,,Rear End,2,Cloudy,Wet,Daylight
2021-07-10T17:29:00.000,I 85,I 85 and Mountville Hogansville Rd,,Rear End,3,Clear,Dry,Daylight
2020-10-02T15:50:00.000,I 85,I 85 and Mountville Hogansville Rd,,Rear End,2,Clear,Dry,Daylight
2020-07-11T12:30:00.000,I 85,I 85 and Mountville Hogansville Rd,,Rear End,2,Clear,Dry,Daylight
2020-12-01T06:00:00.000,I 85,I 85 and Mountville Hogansville Rd,,Angle Crash,2,Clear,Dry,Dark-Not Lighted
2021-12-18T12:05:00.000,I 85,I 85 and Mountville Hogansville Rd,,Angle Crash,2,Rain,Wet,Daylight
2021-07-03T14:26:00.000,I 85,I 85 and Mountville Hogansville Rd,,Not a Collision with Motor Vehicle,1,Clear,Dry,Daylight
2021-07-10T18:54:00.000,I 85,I 85 and Mountville Hogansville Rd,,Not a Collision with Motor Vehicle,2,Clear,Dry,Daylight
2021-07-06T13:14:00.000,I 85,I 85 and Mountville Hogansville Rd,,Rear End,2,Cloudy,Dry,Daylight
2021-07-24T12:52:00.000,I 85,I 85 and Mountville Hogansville Rd,,Rear End,2,Cloudy,Dry,Daylight
2022-10-07T13:41:00.000,I 85,I 85 and Mountville Hogansville Rd,,Rear End,4,Clear,Dry,Daylight
2022-03-11T10:22:00.000,I 85,I 85 and Mountville Hogansville Rd,,Sideswipe-Same Direction,2,Clear,Dry,Daylight
2022-04-13T13:29:00.000,I 85,I 85 and Mountville Hogansville Rd,,Sideswipe-Same Direction,2,Cloudy,Dry,Daylight
2022-11-13T14:25:00.000,I 85,I 85 and Mountville Hogansville Rd,,Rear End,3,Clear,Dry,Daylight
2022-11-27T18:11:00.000,I 85,I 85 and Mountville Hogansville Rd,,Rear End,3,Clear,Dry,Dark-Not Lighted
2022-11-27T18:11:00.000,I 85,I 85 and Mountville Hogansville Rd,,Rear End,2,Clear,Dry,Dark-Not Lighted
2022-11-09T14:00:00.000,I 85,I 85 and Mountville Hogansville Rd,,Sideswipe-Same Direction,2,Clear,Dry,Daylight
2023-08-11T10:38:00.000,I 85,I 85 and Mountville Hogansville Rd,,Not a Collision with Motor Vehicle,1,Rain,Wet,Daylight
2023-12-25T04:30:00.000,I 85,I 85 and Mountville Hogansville Rd,,Rear End,3,Rain,Wet,Dark-Not Lighted
2023-06-25T17:03:00.000,I 85,I 85 and Mountville Hogansville Rd,,Rear End,3,Cloudy,Dry,Daylight
2023-03-13T19:03:00.000,I 85,I 85 and Mountville Hogansville Rd,,Rear End,2,Cloudy,Dry,Daylight
2023-01-19T04:45:00.000,I 85,I 85 and Mountville Hogansville Rd,,Not a Collision with Motor Vehicle,1,Cloudy,Wet,Dark-Not Lighted
2024-02-02T11:04:00.000,I 85,I 85 and Mountville Hogansville Rd,,Rear End,2,Clear,Dry,Daylight
2021-09-09T17:39:00.000,I 85,I 85 and Mountville Hogansville Overpas,,Not a Collision with Motor Vehicle,1,Clear,Dry,Daylight
2022-10-19T18:00:00.000,I 85,I 85 and Morgan Place Ct,,Rear End,3,Clear,Dry,Daylight
2021-06-14T11:40:00.000,I 85,I 85 and Monroe Drive Underpass,,Rear End,2,Clear,Dry,Daylight
2020-10-28T07:10:00.000,I 85,I 85 and Monroe Dr Underpass,,Rear End,3,Rain,Wet,Dark-Not Lighted
2021-03-18T16:10:00.000,I 85,I 85 and Monroe Dr,,Rear End,2,Clear,Dry,Daylight
2023-07-08T16:57:00.000,I 85,I 85 and Monroe Dr,,Rear End,2,Clear,Dry,Daylight
2023-04-10T13:45:00.000,I 85,I 85 and Monroe Dr,,Rear End,2,Clear,Dry,Daylight
2020-02-12T13:10:00.000,I 85,I 85 and Monroe Dr,,Sideswipe-Same Direction,2,Clear,Dry,Daylight
2020-11-18T15:25:00.000,I 85,I 85 and Monroe Dr,,Rear End,2,Clear,Dry,Daylight
2020-09-26T12:16:00.000,I 85,I 85 and Monroe Dr,,Sideswipe-Same Direction,2,Clear,Dry,Daylight
2022-11-10T14:10:00.000,I 85,I 85 and Monroe Dr,,Rear End,2,Cloudy,Dry,Daylight
2021-07-05T18:40:00.000,I 85,I 85 and Monroe Dr,,Sideswipe-Same Direction,2,Clear,Dry,Daylight
2022-07-19T18:05:00.000,I 85,I 85 and Monroe Dr,,Rear End,2,Cloudy,Wet,Daylight
2022-07-29T18:55:00.000,I 85,I 85 and Monroe Dr,,Rear End,2,Clear,Dry,Daylight
2022-03-25T09:00:00.000,I 85,I 85 and Monroe Dr,,Sideswipe-Same Direction,2,Clear,Dry,Daylight
2022-07-15T09:50:00.000,I 85,I 85 and Monroe Dr,,Rear End,2,Clear,Dry,Daylight
2022-08-16T07:55:00.000,I 85,I 85 and Monroe Dr,,Sideswipe-Same Direction,2,Clear,Dry,Daylight
2022-02-17T17:50:00.000,I 85,I 85 and Monroe Dr,,Rear End,2,Cloudy,Dry,Daylight
2022-07-29T18:55:00.000,I 85,I 85 and Monroe Dr,,Rear End,2,Clear,Dry,Daylight
2022-03-28T15:00:00.000,I 85,I 85 and Monroe Dr,,Rear End,2,Clear,Dry,Daylight
2022-07-14T18:00:00.000,I 85,I 85 and Monroe Dr,,Rear End,2,Clear,Dry,Daylight
2023-11-11T07:28:00.000,I 85,I 85 and Mmm 51,,Not a Collision with Motor Vehicle,1,Rain,Dry,Daylight
2021-12-28T11:02:00.000,I 85,I 85 and Mmile Marker 147,,Sideswipe-Same Direction,2,Cloudy,Dry,Daylight
2023-05-31T20:15:00.000,I 85,I 85 and Mm61 - Senoia Rd,,Sideswipe-Same Direction,2,Cloudy,Dry,Dark-Lighted
2021-12-14T18:16:00.000,I 85,I 85 and Mm56 Off Rp,,Rear End,2,Clear,Dry,Dark-Lighted
2024-03-14T07:08:00.000,I 85,I 85 and Mm53.4,,Sideswipe-Same Direction,2,Clear,Dry,Daylight
2022-01-09T17:30:00.000,I 85,I 85 and Mm53.2,,Head On,2,Rain,Wet,Dark-Not Lighted
2024-03-26T15:21:00.000,I 85,I 85 and Mm53.2,,Not a Collision with Motor Vehicle,1,Rain,Wet,Daylight
2022-04-15T17:50:00.000,I 85,I 85 and Mm47 Entrance Rp,,Not a Collision with Motor Vehicle,1,Clear,Dry,Daylight
2024-12-19T14:55:00.000,I 85,I 85 and Mm45.6,,Angle Crash,2,Cloudy,Dry,Daylight
2022-04-01T10:10:00.000,I 85,I 85 and Mm35.5,,Rear End,2,Clear,Dry,Daylight
2022-05-15T04:25:00.000,I 85,I 85 and Mm35.5,,Not a Collision with Motor Vehicle,1,Clear,Dry,Dark-Not Lighted
2020-02-14T08:43:00.000,I 85,I 85 and Mm245,,Rear End,2,Clear,Dry,Daylight
2021-08-05T14:54:00.000,I 85,I 85 and Mm2426,,Sideswipe-Same Direction,3,Clear,Dry,Daylight
2024-09-27T19:32:00.000,I 85,I 85 and Mm19 185 Interchange,,Not a Collision with Motor Vehicle,1,Cloudy,Wet,Daylight
2020-06-11T07:56:00.000,I 85,I 85 and Mm179,,Sideswipe-Same Direction,2,Clear,Dry,Daylight
2020-08-12T17:06:00.000,I 85,I 85 and Mm179,,Rear End,2,Clear,Dry,Daylight
2020-09-29T14:53:00.000,I 85,I 85 and Mm179,,Sideswipe-Same Direction,2,Rain,Wet,Daylight
2020-06-24T13:55:00.000,I 85,I 85 and Mm179,,Not a Collision with Motor Vehicle,1,Rain,Wet,Daylight
2020-03-22T06:03:00.000,I 85,I 85 and Mm179,,Not a Collision with Motor Vehicle,1,Clear,Dry,Dark-Not Lighted
2024-04-22T02:15:00.000,I 85,I 85 and Mm179,,Not a Collision with Motor Vehicle,1,Cloudy,Dry,Dark-Not Lighted
2020-08-03T19:37:00.000,I 85,I 85 and Mm178,,Not a Collision with Motor Vehicle,1,Cloudy,Wet,Daylight
2020-08-03T19:54:00.000,I 85,I 85 and Mm178,,Not a Collision with Motor Vehicle,2,Cloudy,Wet,Daylight
2020-07-27T08:46:00.000,I 85,I 85 and Mm178,,Not a Collision with Motor Vehicle,1,Clear,Dry,Daylight
2022-05-29T07:10:00.000,I 85,I 85 and Mm178,,Angle Crash,1,Clear,Wet,Daylight
2023-08-15T21:54:00.000,I 85,I 85 and Mm178,,Not a Collision with Motor Vehicle,1,Clear,Dry,Dark-Not Lighted
2023-04-06T15:43:00.000,I 85,I 85 and Mm178,,Rear End,2,Clear,Dry,Daylight
2021-04-10T16:45:00.000,I 85,I 85 and Mm177,,Not a Collision with Motor Vehicle,1,Rain,Wet,Daylight
2020-03-23T07:19:00.000,I 85,I 85 and Mm177,,Rear End,2,Cloudy,Dry,Daylight
2020-10-08T09:33:00.000,I 85,I 85 and Mm177,,Sideswipe-Same Direction,2,Clear,Dry,Daylight
2022-03-18T20:22:00.000,I 85,I 85 and Mm177,,Sideswipe-Same Direction,2,Cloudy,Wet,Dark-Not Lighted
2022-04-18T03:12:00.000,I 85,I 85 and Mm177,,Not a Collision with Motor Vehicle,1,Cloudy,Wet,Dark-Not Lighted
2024-04-22T00:50:00.000,I 85,I 85 and Mm177,,Sideswipe-Same Direction,2,Cloudy,Dry,Dark-Not Lighted
2023-10-15T06:05:00.000,I 85,I 85 and Mm176,,Not a Collision with Motor Vehicle,1,Clear,Dry,Dark-Not Lighted
2021-12-10T20:33:00.000,I 85,I 85 and Mm176,,Rear End,3,Rain,Wet,Dark-Not Lighted
2022-01-01T17:44:00.000,I 85,I 85 and Mm176,,Not a Collision with Motor Vehicle,1,Clear,Dry,Dusk
2020-09-27T20:53:00.000,I 85,I 85 and Mm175,,Not a Collision with Motor Vehicle,2,Clear,Wet,Dark-Not Lighted
2022-01-02T16:16:00.000,I 85,I 85 and Mm175,,Rear End,2,Rain,Wet,Daylight
2022-05-02T11:00:00.000,I 85,I 85 and Mm175,,Sideswipe-Same Direction,2,Clear,Dry,Daylight
2020-11-13T09:30:00.000,I 85,I 85 and Mm174,,Not a Collision with Motor Vehicle,1,Clear,Dry,Daylight
2021-04-26T10:17:00.000,I 85,I 85 and Mm173,,Not a Collision with Motor Vehicle,1,Clear,Dry,Daylight
2020-01-19T08:10:00.000,I 85,I 85 and Mm173,,Not a Collision with Motor Vehicle,1,Cloudy,Dry,Daylight
2020-09-17T10:39:00.000,I 85,I 85 and Mm173,,Angle Crash,2,Rain,Wet,Daylight
2023-06-15T09:05:00.000,I 85,I 85 and Mm173,,Sideswipe-Same Direction,2,Cloudy,Dry,Daylight
2023-06-20T16:52:00.000,I 85,I 85 and Mm173,,Not a Collision with Motor Vehicle,1,Cloudy,Wet,Daylight
2024-08-19T19:24:00.000,I 85,I 85 and Mm173,,Not a Collision with Motor Vehicle,1,Clear,Dry,Daylight
2021-12-10T18:57:00.000,I 85,I 85 and Mm172,,Sideswipe-Same Direction,2,Cloudy,Wet,Dark-Not Lighted
2020-09-16T20:30:00.000,I 85,I 85 and Mm172,,Rear End,2,Rain,Wet,Dark-Not Lighted
2020-06-27T18:57:00.000,I 85,I 85 and Mm171,,Not a Collision with Motor Vehicle,1,Cloudy,Wet,Daylight
2020-08-09T16:04:00.000,I 85,I 85 and Mm171,,Rear End,4,Rain,Wet,Daylight
2020-09-05T11:50:00.000,I 85,I 85 and Mm171,,Rear End,2,Clear,Dry,Daylight
2024-12-30T18:56:00.000,I 85,I 85 and Mm171,,Sideswipe-Same Direction,2,Clear,Dry,Dark-Not Lighted
2021-04-23T08:19:00.000,I 85,I 85 and Mm170,,Angle Crash,3,Clear,Dry,Daylight
2020-10-12T18:35:00.000,I 85,I 85 and Mm170,,Rear End,2,Cloudy,Dry,Daylight
2020-09-12T15:04:00.000,I 85,I 85 and Mm170,,Not a Collision with Motor Vehicle,1,Rain,Wet,Daylight
2020-06-27T14:04:00.000,I 85,I 85 and Mm170,,Not a Collision with Motor Vehicle,2,Clear,Dry,Daylight
2020-10-12T14:29:00.000,I 85,I 85 and Mm170,,Not a Collision with Motor Vehicle,1,Cloudy,Dry,Daylight
2021-05-13T16:17:00.000,I 85,I 85 and Mm169,,Rear End,2,Clear,Dry,Daylight
2020-01-04T11:29:00.000,I 85,I 85 and Mm169,,Rear End,2,Cloudy,Wet,Daylight
2020-05-24T13:02:00.000,I 85,I 85 and Mm169,,Rear End,2,Clear,Dry,Daylight
2020-09-05T10:57:00.000,I 85,I 85 and Mm169,,Rear End,4,Clear,Dry,Daylight
2021-06-30T13:30:00.000,I 85,I 85 and Mm1685,,Not a Collision with Motor Vehicle,1,Cloudy,Dry,Daylight
2023-06-25T17:26:00.000,I 85,I 85 and Mm168,,Rear End,2,Cloudy,Dry,Daylight
2020-10-29T11:34:00.000,I 85,I 85 and Mm168,,Not a Collision with Motor Vehicle,2,Cloudy,Dry,Daylight
2020-10-12T17:16:00.000,I 85,I 85 and Mm168,,Sideswipe-Same Direction,2,Cloudy,Dry,Daylight
2020-10-13T12:14:00.000,I 85,I 85 and Mm168,,Rear End,2,Clear,Dry,Daylight
2020-06-20T18:02:00.000,I 85,I 85 and Mm168,,Not a Collision with Motor Vehicle,1,Rain,Wet,Daylight
2023-04-30T00:23:00.000,I 85,I 85 and Mm168,,Head On,2,Clear,Wet,Dark-Not Lighted
2021-08-06T00:00:00.000,I 85,I 85 and Mm167,,Sideswipe-Same Direction,2,Clear,Dry,Dusk
2023-08-29T08:47:00.000,I 85,I 85 and Mm167,,Not a Collision with Motor Vehicle,1,Rain,Wet,Daylight
2023-06-11T12:30:00.000,I 85,I 85 and Mm167,,Rear End,2,Rain,Wet,Daylight
2020-08-07T21:01:00.000,I 85,I 85 and Mm167,,Rear End,2,Clear,Dry,Dark-Not Lighted
2021-12-22T18:13:00.000,I 85,I 85 and Mm167,,Rear End,3,Clear,Dry,Dark-Not Lighted
2024-01-29T05:15:00.000,I 85,I 85 and Mm167,,Sideswipe-Same Direction,2,Clear,Dry,Dark-Not Lighted
2023-05-24T22:00:00.000,I 85,I 85 and Mm166,,Not a Collision with Motor Vehicle,1,Clear,Dry,Dark-Not Lighted
2023-09-01T15:45:00.000,I 85,I 85 and Mm166,,Sideswipe-Same Direction,2,Clear,Dry,Daylight
2023-08-15T16:28:00.000,I 85,I 85 and Mm166,,Angle Crash,3,Clear,Dry,Daylight
2020-11-01T16:11:00.000,I 85,I 85 and Mm166,,Sideswipe-Same Direction,2,Clear,Dry,Daylight
2021-02-09T07:14:00.000,I 85,I 85 and Mm166,,Rear End,2,Cloudy,Dry,Daylight
2021-12-26T13:15:00.000,I 85,I 85 and Mm166,,Rear End,2,Clear,Dry,Daylight
2022-03-20T15:34:00.000,I 85,I 85 and Mm166,,Sideswipe-Same Direction,2,Clear,Dry,Daylight
2020-01-12T08:00:00.000,I 85,I 85 and Mm165,,Not a Collision with Motor Vehicle,1,Clear,Wet,Daylight
2023-06-09T17:40:00.000,I 85,I 85 and Mm164,,Rear End,2,Clear,Dry,Daylight
2020-07-19T19:00:00.000,I 85,I 85 and Mm164,,Not a Collision with Motor Vehicle,1,Rain,Wet,Daylight
2020-11-16T15:25:00.000,I 85,I 85 and Mm164,,Not a Collision with Motor Vehicle,1,Clear,Dry,Daylight
2020-09-29T09:41:00.000,I 85,I 85 and Mm164,,Sideswipe-Same Direction,2,Rain,Wet,Daylight
2020-04-07T08:15:00.000,I 85,I 85 and Mm164,,Sideswipe-Same Direction,2,Clear,Dry,Daylight
2023-05-26T11:30:00.000,I 85,I 85 and Mm163,,Rear End,2,Clear,Dry,Daylight
2023-01-31T12:30:00.000,I 85,I 85 and Mm163,,Not a Collision with Motor Vehicle,2,Cloudy,Dry,Daylight
2023-10-15T07:15:00.000,I 85,I 85 and Mm163,,Not a Collision with Motor Vehicle,1,Clear,Dry,Daylight
2024-07-06T12:15:00.000,I 85,I 85 and Mm163,,Rear End,3,Cloudy,Dry,Daylight
2021-04-11T19:22:00.000,I 85,I 85 and Mm162,,Not a Collision with Motor Vehicle,1,Clear,Dry,Daylight
2022-03-08T15:05:00.000,I 85,I 85 and Mm162,,Not a Collision with Motor Vehicle,1,Rain,Wet,Daylight
2024-05-30T15:40:00.000,I 85,I 85 and Mm162,,Rear End,2,Clear,Dry,Daylight
2023-03-23T11:55:00.000,I 85,I 85 and Mm162,,Sideswipe-Same Direction,1,Clear,Dry,Daylight
2024-10-07T12:00:00.000,I 85,I 85 and Mm162,,Rear End,2,Clear,Dry,Daylight
2020-10-11T10:50:00.000,I 85,I 85 and Mm1615,,Sideswipe-Same Direction,2,Rain,Wet,Daylight
2022-11-26T16:12:00.000,I 85,I 85 and Mm161.5,,Sideswipe-Same Direction,2,Clear,Dry,Daylight
2020-09-19T08:42:00.000,I 85,I 85 and Mm161,,Not a Collision with Motor Vehicle,2,Cloudy,Dry,Daylight
2022-05-02T11:35:00.000,I 85,I 85 and Mm161,,Rear End,2,Clear,Dry,Daylight
2021-09-30T16:52:00.000,I 85,I 85 and Mm160,,Sideswipe-Same Direction,2,Cloudy,Dry,Daylight
2020-06-19T20:44:00.000,I 85,I 85 and Mm160,,Sideswipe-Same Direction,2,Clear,Dry,Daylight
2021-06-27T17:23:00.000,I 85,I 85 and Mm160,,Rear End,2,Rain,Dry,Daylight
2021-09-08T03:32:00.000,I 85,I 85 and Mm160,,Angle Crash,2,Rain,Wet,Dark-Not Lighted
2021-12-16T08:32:00.000,I 85,I 85 and Mm160,,Sideswipe-Same Direction,2,Cloudy,Dry,Daylight
2024-03-21T10:50:00.000,I 85,I 85 and Mm160,,Not a Collision with Motor Vehicle,1,Clear,Dry,Daylight
2020-06-14T19:00:00.000,I 85,I 85 and Mm159,,Not a Collision with Motor Vehicle,1,Cloudy,Dry,Daylight
2020-09-16T04:07:00.000,I 85,I 85 and Mm159,,Not a Collision with Motor Vehicle,1,Clear,Dry,Dark-Not Lighted
2020-10-25T09:03:00.000,I 85,I 85 and Mm159,,Not a Collision with Motor Vehicle,1,Cloudy,Wet,Daylight
2020-09-16T04:07:00.000,I 85,I 85 and Mm159,,Not a Collision with Motor Vehicle,1,Clear,Dry,Dark-Not Lighted
2022-06-24T14:20:00.000,I 85,I 85 and Mm159,,Sideswipe-Same Direction,2,Cloudy,Dry,Daylight
2022-02-21T17:12:00.000,I 85,I 85 and Mm159,,Rear End,2,Rain,Wet,Daylight
2021-10-29T13:50:00.000,I 85,I 85 and Mm158.5,,Rear End,2,Cloudy,Wet,Daylight
2021-05-16T15:30:00.000,I 85,I 85 and Mm158,,Not a Collision with Motor Vehicle,1,Clear,Dry,Daylight
2023-05-12T12:05:00.000,I 85,I 85 and Mm158,,Rear End,2,Cloudy,Dry,Daylight
2021-10-18T15:13:00.000,I 85,I 85 and Mm158,,Sideswipe-Same Direction,2,Cloudy,Dry,Daylight
2024-02-08T07:40:00.000,I 85,I 85 and Mm158,,Not a Collision with Motor Vehicle,1,Clear,Dry,Daylight
2024-01-21T09:15:00.000,I 85,I 85 and Mm158,,Sideswipe-Same Direction,2,Clear,Dry,Daylight
2021-01-03T15:15:00.000,I 85,I 85 and Mm157,,Rear End,2,Clear,Dry,Daylight
2020-09-24T20:04:00.000,I 85,I 85 and Mm157,,Not a Collision with Motor Vehicle,1,Rain,Wet,Dark-Not Lighted
2021-10-27T14:26:00.000,I 85,I 85 and Mm157,,Not a Collision with Motor Vehicle,2,Clear,Dry,Daylight
2024-06-13T13:50:00.000,I 85,I 85 and Mm157,,Sideswipe-Same Direction,1,Clear,Dry,Daylight
2021-02-04T08:50:00.000,I 85,I 85 and Mm156,,Sideswipe-Same Direction,2,Cloudy,Dry,Daylight
2022-01-06T09:17:00.000,I 85,I 85 and Mm156,,Rear End,2,Clear,Dry,Daylight
2020-03-04T01:45:00.000,I 85,I 85 and Mm156,,Not a Collision with Motor Vehicle,1,Cloudy,Dry,Dark-Not Lighted
2022-03-30T12:19:00.000,I 85,I 85 and Mm156,,Sideswipe-Same Direction,2,Clear,Dry,Daylight
2024-09-24T07:35:00.000,I 85,I 85 and Mm156,,Not a Collision with Motor Vehicle,1,Clear,Dry,Daylight
2020-08-07T14:20:00.000,I 85,I 85 and Mm154,,Rear End,2,Clear,Dry,Daylight
2023-05-09T06:39:00.000,I 85,I 85 and Mm154,,Rear End,2,Clear,Dry,Daylight
2020-04-11T14:25:00.000,I 85,I 85 and Mm154,,Not a Collision with Motor Vehicle,2,Clear,Dry,Daylight
2024-07-10T15:00:00.000,I 85,I 85 and Mm154,,Rear End,2,Clear,Dry,Daylight
2020-12-18T00:24:00.000,I 85,I 85 and Mm1525,,Angle Crash,2,Clear,Dry,Dark-Not Lighted
2020-09-27T09:50:00.000,I 85,I 85 and Mm152,,Rear End,2,Clear,Dry,Daylight
2020-08-09T14:45:00.000,I 85,I 85 and Mm151,,Not a Collision with Motor Vehicle,2,Cloudy,Dry,Daylight
2020-11-15T21:30:00.000,I 85,I 85 and Mm150,,Not a Collision with Motor Vehicle,1,Clear,Dry,Dark-Not Lighted
2021-02-27T12:40:00.000,I 85,I 85 and Mm149,,Rear End,4,Clear,Dry,Daylight
2022-11-17T17:15:00.000,I 85,I 85 and Mm148,,Sideswipe-Same Direction,2,Clear,Dry,Daylight
2020-01-01T03:32:00.000,I 85,I 85 and Mm148,,Angle Crash,2,Clear,Dry,Dark-Not Lighted