Date and Time,Roadway (From Crash Report),Intersection Name (from Crash Report),KABCO Severity,Manner of Collision (Crash Level) ,# of Vehicles per crash ,Weather Conditions (Crash Level),Surface Condition (Crash Level) ,Light Conditions (Crash Level)
2021-12-23T10:49:00.000,I 85,I 85 and Mm-163,,Rear End,3,Clear,Dry,Daylight
2020-08-12T20:46:00.000,I 85,I 85 and Mm-163,,Not a Collision with Motor Vehicle,1,Clear,Dry,Dark-Not Lighted
2020-07-20T16:48:00.000,I 85,I 85 and Mm-163,,Rear End,2,Clear,Dry,Daylight
2020-10-17T00:08:00.000,I 85,I 85 and Mm-163,,Rear End,2,Clear,Dry,Dark-Not Lighted
2024-09-01T17:46:00.000,I 85,I 85 and Mm-163,,Not a Collision with Motor Vehicle,1,Rain,Wet,Daylight
2023-06-08T14:14:00.000,I 85,I 85 and Mm-162,,Not a Collision with Motor Vehicle,1,Clear,Dry,Daylight
2020-10-19T12:18:00.000,I 85,I 85 and Mm-162,,Not a Collision with Motor Vehicle,2,Clear,Dry,Daylight
2021-01-29T18:50:00.000,I 85,I 85 and Mm-162,,Sideswipe-Same Direction,2,Clear,Dry,Dark-Not Lighted
2022-06-26T20:41:00.000,I 85,I 85 and Mm-162,,Rear End,2,Clear,Dry,Daylight
2024-12-07T00:33:00.000,I 85,I 85 and Mm-162,,Rear End,2,Clear,Dry,Dark-Not Lighted
2020-01-19T20:32:00.000,I 85,I 85 and Mm-161,,Sideswipe-Same Direction,2,Clear,Dry,Dark-Not Lighted
2021-05-16T17:03:00.000,I 85,I 85 and Mm-160,,Rear End,2,Clear,Dry,Daylight
2022-08-22T07:44:00.000,I 85,I 85 and Mm-160,,Sideswipe-Same Direction,2,Cloudy,Dry,Daylight
2022-10-31T20:44:00.000,I 85,I 85 and Mm-160,,Not a Collision with Motor Vehicle,1,Cloudy,Wet,Dark-Not Lighted
2021-02-10T17:40:00.000,I 85,I 85 and Mm-159,,Rear End,2,Clear,Dry,Daylight
2020-04-03T16:11:00.000,I 85,I 85 and Mm-159,,Rear End,2,Clear,Dry,Daylight
2021-02-10T17:39:00.000,I 85,I 85 and Mm-159,,Not a Collision with Motor Vehicle,1,Clear,Dry,Daylight
2022-02-09T05:31:00.000,I 85,I 85 and Mm-159,,Rear End,2,Clear,Dry,Daylight
2020-04-03T15:11:00.000,I 85,I 85 and Mm-158,,Sideswipe-Same Direction,2,Clear,Dry,Daylight
2020-07-10T18:43:00.000,I 85,I 85 and Mm-158,,Rear End,3,Clear,Dry,Daylight
2020-04-03T15:59:00.000,I 85,I 85 and Mm-158,,Sideswipe-Same Direction,2,Clear,Dry,Daylight
2023-07-04T15:28:00.000,I 85,I 85 and Mm-157,,Sideswipe-Same Direction,2,Clear,Dry,Daylight
2020-12-18T10:26:00.000,I 85,I 85 and Mm-157,,Sideswipe-Same Direction,2,Clear,Dry,Daylight
2020-07-09T20:10:00.000,I 85,I 85 and Mm-157,,Sideswipe-Same Direction,2,Clear,Dry,Daylight
2021-12-07T07:05:00.000,I 85,I 85 and Mm-157,,Rear End,2,Clear,Dry,Dark-Not Lighted
2020-11-26T13:58:00.000,I 85,I 85 and Mm-156,,Not a Collision with Motor Vehicle,1,Clear,Dry,Daylight
2022-08-12T18:48:00.000,I 85,I 85 and Mm-156,,Rear End,2,Cloudy,Wet,Daylight
2022-04-01T11:49:00.000,I 85,I 85 and Mm-155,,Sideswipe-Same Direction,2,Clear,Dry,Daylight
2021-02-25T17:31:00.000,I 85,I 85 and Mm-145,,Sideswipe-Same Direction,2,Clear,Dry,Daylight
2020-10-10T17:03:00.000,I 85,I 85 and Mm-137,,Rear End,2,Cloudy,Dry,Daylight
2021-11-09T16:36:00.000,I 85,I 85 and Mm-132,,Sideswipe-Same Direction,2,Clear,Dry,Daylight
2022-10-14T18:50:00.000,I 85,I 85 and Mm-124,,Sideswipe-Same Direction,2,Clear,Dry,Daylight
2023-05-19T14:50:00.000,I 85,I 85 and Mm-124,,Not a Collision with Motor Vehicle,2,Cloudy,Dry,Daylight
2024-03-01T17:50:00.000,I 85,I 85 and Mm-123,,Sideswipe-Same Direction,2,Rain,Wet,Dark-Not Lighted
2024-03-26T06:45:00.000,I 85,I 85 and Mm-122,,Sideswipe-Same Direction,2,Clear,Dry,Dark-Not Lighted
2023-10-26T06:10:00.000,I 85,I 85 and Mm-121,,Sideswipe-Same Direction,2,Cloudy,Dry,Dark-Not Lighted
2023-06-20T19:13:00.000,I 85,I 85 and Mm-120,,Not a Collision with Motor Vehicle,1,Cloudy,Wet,Daylight
2024-02-06T19:45:00.000,I 85,I 85 and Mm-119,,Sideswipe-Same Direction,2,Cloudy,Dry,Dark-Not Lighted
2023-12-05T19:45:00.000,I 85,I 85 and Mm-116,,Not a Collision with Motor Vehicle,1,Cloudy,Dry,Dark-Not Lighted
2022-06-27T15:09:00.000,I 85,I 85 and Mm-116,,Rear End,5,Clear,Dry,Daylight
2024-12-27T19:39:00.000,I 85,I 85 and Mm-116,,Rear End,2,Rain,Wet,Dark-Lighted
2023-12-21T18:00:00.000,I 85,I 85 and Mm-116,,Rear End,2,Cloudy,Dry,Dark-Not Lighted
2024-06-21T14:11:00.000,I 85,I 85 and Mm-116,,Not a Collision with Motor Vehicle,1,Clear,Dry,Daylight
2021-08-13T18:20:00.000,I 85,I 85 and Mm-115,,Sideswipe-Same Direction,2,Clear,Dry,Daylight
2022-06-27T16:58:00.000,I 85,I 85 and Mm-115,,Rear End,2,Clear,Dry,Daylight
2024-12-10T16:18:00.000,I 85,I 85 and Mm-115,,Sideswipe-Same Direction,2,Rain,Wet,Daylight
2023-12-21T18:13:00.000,I 85,I 85 and Mm-114,,Rear End,2,Cloudy,Dry,Dark-Lighted
2022-11-18T06:10:00.000,I 85,I 85 and Mm-114,,Sideswipe-Same Direction,2,Cloudy,Dry,Dark-Not Lighted
2022-03-18T07:15:00.000,I 85,I 85 and Mm-113,,Rear End,2,Cloudy,Dry,Daylight
2023-11-10T12:43:00.000,I 85,I 85 and Mm-113,,Rear End,2,Rain,Wet,Daylight
2023-05-23T11:00:00.000,I 85,I 85 and Mm-113,,Sideswipe-Same Direction,2,Cloudy,Dry,Daylight
2024-08-29T11:21:00.000,I 85,I 85 and Mm-113,,Not a Collision with Motor Vehicle,1,Clear,Dry,Daylight
2023-05-23T07:10:00.000,I 85,I 85 and Mm-112,,Rear End,2,Rain,Wet,Daylight
2024-02-16T18:46:00.000,I 85,I 85 and Mm-112,,Rear End,3,Clear,Dry,Daylight
2024-02-16T18:46:00.000,I 85,I 85 and Mm-112,,Rear End,2,Clear,Dry,Dark-Not Lighted
2023-06-22T16:47:00.000,I 85,I 85 and Mm-111 Exit Rp,,Rear End,2,Clear,Dry,Daylight
2023-01-20T07:13:00.000,I 85,I 85 and Mm-111,,Rear End,2,Clear,Dry,Daylight
2023-05-05T15:00:00.000,I 85,I 85 and Mm-111,,Rear End,2,Clear,Dry,Daylight
2022-05-03T16:21:00.000,I 85,I 85 and Mm-111,,Rear End,2,Clear,Dry,Daylight
2022-06-06T15:11:00.000,I 85,I 85 and Mm-111,,Sideswipe-Same Direction,2,Clear,Dry,Daylight
2022-03-21T16:10:00.000,I 85,I 85 and Mm-111,,Sideswipe-Same Direction,2,Clear,Dry,Daylight
2022-06-17T16:50:00.000,I 85,I 85 and Mm-111,,Rear End,2,Cloudy,Dry,Daylight
2022-12-30T13:09:00.000,I 85,I 85 and Mm-111,,Rear End,2,Cloudy,Dry,Daylight
2022-06-06T17:34:00.000,I 85,I 85 and Mm-111,,Rear End,2,Clear,Dry,Daylight
2024-09-30T09:08:00.000,I 85,I 85 and Mm-111,,Sideswipe-Same Direction,2,Clear,Dry,Daylight
2024-12-27T14:25:00.000,I 85,I 85 and Mm-111,,Rear End,2,Cloudy,Wet,Daylight
2023-03-09T17:03:00.000,I 85,I 85 and Mm-111,,Sideswipe-Same Direction,2,Cloudy,Wet,Daylight
2023-11-16T00:00:00.000,I 85,I 85 and Mm-111,,Rear End,3,Clear,Dry,Daylight
2024-06-21T18:53:00.000,I 85,I 85 and Mm-111,,Sideswipe-Same Direction,2,Clear,Dry,Daylight
2024-06-21T17:39:00.000,I 85,I 85 and Mm-111,,Rear End,2,Clear,Dry,Daylight
2024-08-27T17:52:00.000,I 85,I 85 and Mm-111,,Sideswipe-Same Direction,2,Clear,Dry,Daylight
2022-05-24T06:35:00.000,I 85,I 85 and Mm-110.6,,Sideswipe-Same Direction,2,Cloudy,Wet,Daylight
2024-10-10T15:10:00.000,I 85,I 85 and Mm-110,,Rear End,2,Clear,Dry,Daylight
2023-08-15T16:10:00.000,I 85,I 85 and Mm-110,,Not a Collision with Motor Vehicle,1,Cloudy,Wet,Daylight
2024-04-15T19:10:00.000,I 85,I 85 and Mm-110,,Sideswipe-Same Direction,2,Clear,Dry,Daylight
2024-11-13T16:37:00.000,I 85,I 85 and Mm-110,,Sideswipe-Same Direction,2,Clear,Dry,Daylight
2024-09-03T16:59:00.000,I 85,I 85 and Mm-110,,Sideswipe-Same Direction,2,Clear,Dry,Daylight
2024-07-24T06:08:00.000,I 85,I 85 and Mm-110,,Sideswipe-Same Direction,3,Cloudy,Wet,Dark-Not Lighted
2024-07-01T13:52:00.000,I 85,I 85 and Mm-110,,Sideswipe-Same Direction,2,Clear,Dry,Daylight
2024-11-05T15:57:00.000,I 85,I 85 and Mm-110,,Not a Collision with Motor Vehicle,2,Clear,Dry,Daylight
2024-04-11T11:26:00.000,I 85,I 85 and Mm-110,,Not a Collision with Motor Vehicle,1,Rain,Wet,Daylight
2022-09-30T16:32:00.000,I 85,I 85 and Mm-109.5,,Rear End,2,Clear,Dry,Daylight
2023-01-06T17:55:00.000,I 85,I 85 and Mm-109,,Rear End,2,Cloudy,Dry,Daylight
2022-05-03T17:25:00.000,I 85,I 85 and Mm-109,,Rear End,2,Clear,Dry,Daylight
2024-01-08T13:45:00.000,I 85,I 85 and Mm-109,,Not a Collision with Motor Vehicle,2,Clear,Dry,Daylight
2022-06-20T11:58:00.000,I 85,I 85 and Mm-108.5,,Not a Collision with Motor Vehicle,2,Clear,Dry,Daylight
2022-06-17T17:50:00.000,I 85,I 85 and Mm-108,,Rear End,2,Cloudy,Dry,Daylight
2022-05-23T07:40:00.000,I 85,I 85 and Mm-108,,Sideswipe-Same Direction,4,Rain,Wet,Daylight
2023-07-07T11:46:00.000,I 85,I 85 and Mm-107,,Not a Collision with Motor Vehicle,2,Cloudy,Dry,Daylight
2023-07-25T07:40:00.000,I 85,I 85 and Mm-106,,Rear End,2,Cloudy,Dry,Daylight
2022-09-30T16:03:00.000,I 85,I 85 and Mm-105,,Rear End,2,Clear,Dry,Daylight
2024-05-07T09:33:00.000,I 85,I 85 and Mm-105,,Sideswipe-Same Direction,2,Clear,Dry,Daylight
2022-09-09T20:00:00.000,I 85,I 85 and Mm-104,,Rear End,2,Cloudy,Dry,Dusk
2022-09-15T10:30:00.000,I 85,I 85 and Mm-104,,Sideswipe-Same Direction,2,Clear,Dry,Daylight
2022-09-16T13:10:00.000,I 85,I 85 and Mm-104,,Sideswipe-Same Direction,2,Clear,Dry,Daylight
2022-04-22T08:25:00.000,I 85,I 85 and Mm-103.4,,Rear End,2,Clear,Dry,Daylight
2022-04-22T09:07:00.000,I 85,I 85 and Mm-103.4,,Rear End,2,Clear,Dry,Daylight
2022-09-06T15:30:00.000,I 85,I 85 and Mm-103,,Rear End,3,Clear,Dry,Daylight
2022-06-16T16:20:00.000,I 85,I 85 and Mm-103,,Not a Collision with Motor Vehicle,1,Cloudy,Dry,Daylight
2022-06-09T06:50:00.000,I 85,I 85 and Mm-102,,Sideswipe-Same Direction,2,Clear,Dry,Daylight
2021-11-24T16:15:00.000,I 85,I 85 and Mm-102,,Rear End,2,Clear,Dry,Daylight
2022-05-03T14:50:00.000,I 85,I 85 and Mm-102,,Rear End,2,Cloudy,Dry,Daylight
2022-09-29T11:55:00.000,I 85,I 85 and Mm-102,,Rear End,2,Clear,Dry,Daylight
2022-06-17T15:00:00.000,I 85,I 85 and Mm-102,,Rear End,2,Cloudy,Dry,Daylight
2022-09-12T11:50:00.000,I 85,I 85 and Mm-101,,Rear End,2,Clear,Dry,Daylight
2024-03-19T10:16:00.000,I 85,I 85 and Mm-101,,Rear End,2,Clear,Dry,Daylight
2022-10-10T17:10:00.000,I 85,I 85 and Mm-100,,Sideswipe-Same Direction,3,Clear,Dry,Daylight
2021-06-12T12:14:00.000,I 85,I 85 and Mm 994,,Rear End,2,Clear,Dry,Daylight
2020-03-11T15:35:00.000,I 85,I 85 and Mm 994,,Rear End,2,Rain,Wet,Daylight
2020-03-11T15:35:00.000,I 85,I 85 and Mm 994,,Rear End,2,Rain,Wet,Daylight
2021-12-10T18:33:00.000,I 85,I 85 and Mm 99,,Rear End,2,Rain,Wet,Dark-Lighted
2021-11-23T19:47:00.000,I 85,I 85 and Mm 99,,Rear End,2,Clear,Dry,Dark-Not Lighted
2021-11-03T13:51:00.000,I 85,I 85 and Mm 99,,Sideswipe-Same Direction,2,Cloudy,Dry,Daylight
2021-12-07T18:45:00.000,I 85,I 85 and Mm 99,,Rear End,2,Clear,Dry,Dark-Lighted
2023-03-07T19:13:00.000,I 85,I 85 and Mm 99,,Rear End,2,Clear,Dry,Dark-Lighted
2023-02-21T10:26:00.000,I 85,I 85 and Mm 99,,Sideswipe-Same Direction,2,Rain,Wet,Daylight
2023-02-28T12:39:00.000,I 85,I 85 and Mm 99,,Sideswipe-Same Direction,2,Clear,Dry,Daylight
2020-07-06T08:05:00.000,I 85,I 85 and Mm 99,,Rear End,2,Cloudy,Wet,Daylight
2020-07-29T20:00:00.000,I 85,I 85 and Mm 99,,Angle Crash,2,Cloudy,Dry,Dusk
2020-07-13T16:10:00.000,I 85,I 85 and Mm 99,,Rear End,2,Cloudy,Dry,Daylight
2020-09-11T17:20:00.000,I 85,I 85 and Mm 99,,Sideswipe-Same Direction,2,Cloudy,Dry,Daylight
2021-05-20T13:35:00.000,I 85,I 85 and Mm 99,,Rear End,2,Cloudy,Dry,Daylight
2021-12-07T19:39:00.000,I 85,I 85 and Mm 99,,Rear End,2,Clear,Dry,Dark-Lighted
2021-12-07T18:45:00.000,I 85,I 85 and Mm 99,,Rear End,3,Clear,Dry,Dark-Lighted
2021-09-04T13:15:00.000,I 85,I 85 and Mm 99,,Rear End,2,Clear,Dry,Daylight
2022-08-12T19:43:00.000,I 85,I 85 and Mm 99,,Rear End,2,Clear,Dry,Daylight
2022-02-04T15:04:00.000,I 85,I 85 and Mm 99,,Rear End,3,Cloudy,Wet,Daylight
2022-12-08T06:30:00.000,I 85,I 85 and Mm 99,,Sideswipe-Same Direction,2,Fog,Wet,Dark-Not Lighted
2022-10-14T13:16:00.000,I 85,I 85 and Mm 99,,Sideswipe-Same Direction,2,Clear,Dry,Daylight
2022-07-07T16:16:00.000,I 85,I 85 and Mm 99,,Sideswipe-Same Direction,2,Clear,Dry,Daylight
2022-06-30T09:14:00.000,I 85,I 85 and Mm 99,,Rear End,2,Clear,Dry,Daylight
2022-02-21T12:38:00.000,I 85,I 85 and Mm 99,,Rear End,2,Cloudy,Dry,Daylight
2022-10-14T16:53:00.000,I 85,I 85 and Mm 99,,Rear End,2,Clear,Dry,Daylight
2022-04-14T17:28:00.000,I 85,I 85 and Mm 99,,Rear End,2,Clear,Dry,Daylight
2022-10-14T16:31:00.000,I 85,I 85 and Mm 99,,Rear End,2,Clear,Dry,Daylight
2022-05-23T13:35:00.000,I 85,I 85 and Mm 99,,Rear End,2,Cloudy,Wet,Daylight
2022-01-07T06:41:00.000,I 85,I 85 and Mm 99,,Rear End,3,Clear,Dry,Dark-Lighted
2022-01-07T06:46:00.000,I 85,I 85 and Mm 99,,Rear End,2,Clear,Dry,Daylight
2022-12-27T19:45:00.000,I 85,I 85 and Mm 99,,Rear End,2,Clear,Dry,Dark-Lighted
2022-12-13T07:15:00.000,I 85,I 85 and Mm 99,,Sideswipe-Same Direction,2,Clear,Dry,Daylight
2022-12-27T18:55:00.000,I 85,I 85 and Mm 99,,Rear End,2,Clear,Dry,Dark-Not Lighted
2022-12-27T15:56:00.000,I 85,I 85 and Mm 99,,Rear End,4,Clear,Dry,Daylight
2022-10-14T13:40:00.000,I 85,I 85 and Mm 99,,Rear End,3,Clear,Dry,Daylight
2022-02-24T11:14:00.000,I 85,I 85 and Mm 99,,Rear End,2,Clear,Dry,Daylight
2022-02-07T15:43:00.000,I 85,I 85 and Mm 99,,Sideswipe-Same Direction,2,Cloudy,Dry,Daylight
2022-04-19T16:10:00.000,I 85,I 85 and Mm 99,,Rear End,2,Clear,Dry,Daylight
2022-02-28T18:00:00.000,I 85,I 85 and Mm 99,,Rear End,2,Clear,Dry,Daylight
2024-12-09T13:30:00.000,I 85,I 85 and Mm 99,,Rear End,2,Cloudy,Wet,Daylight
2023-02-17T13:18:00.000,I 85,I 85 and Mm 99,,Rear End,2,Clear,Dry,Daylight
2024-05-06T00:00:00.000,I 85,I 85 and Mm 99,,Sideswipe-Same Direction,2,Clear,Dry,Daylight
2021-11-03T13:41:00.000,I 85,I 85 and Mm 98.6,,Rear End,2,Cloudy,Dry,Daylight
2021-10-04T12:40:00.000,I 85,I 85 and Mm 98,,Rear End,3,Cloudy,Wet,Daylight
2021-04-09T09:20:00.000,I 85,I 85 and Mm 98,,Sideswipe-Same Direction,2,Clear,Dry,Daylight
2021-04-16T15:47:00.000,I 85,I 85 and Mm 98,,Rear End,2,Cloudy,Dry,Daylight
2021-12-23T11:30:00.000,I 85,I 85 and Mm 98,,Rear End,2,Clear,Dry,Daylight
2021-01-05T18:40:00.000,I 85,I 85 and Mm 98,,Not a Collision with Motor Vehicle,1,Clear,Dry,Dark-Lighted
2020-07-10T15:26:00.000,I 85,I 85 and Mm 98,,Rear End,3,Clear,Dry,Daylight
2020-08-07T20:08:00.000,I 85,I 85 and Mm 98,,Rear End,3,Cloudy,Wet,Dusk
2021-04-13T11:15:00.000,I 85,I 85 and Mm 98,,Sideswipe-Same Direction,2,Clear,Dry,Daylight
2021-10-16T22:09:00.000,I 85,I 85 and Mm 98,,Rear End,3,Clear,Dry,Dark-Lighted
2022-05-26T09:45:00.000,I 85,I 85 and Mm 98,,Rear End,2,Cloudy,Wet,Daylight
2022-08-12T16:32:00.000,I 85,I 85 and Mm 98,,Rear End,3,Clear,Dry,Daylight
2022-05-26T08:50:00.000,I 85,I 85 and Mm 98,,Sideswipe-Same Direction,2,Cloudy,Wet,Daylight
2023-01-10T09:47:00.000,I 85,I 85 and Mm 98,,Sideswipe-Same Direction,2,Clear,Dry,Daylight
2024-06-12T18:37:00.000,I 85,I 85 and Mm 98,,Rear End,2,Clear,Dry,Daylight
2020-11-28T19:44:00.000,I 85,I 85 and Mm 977,,Rear End,2,Cloudy,Dry,Dark-Lighted
2022-04-22T11:00:00.000,I 85,I 85 and Mm 97.8,,Rear End,3,Clear,Dry,Daylight
2022-05-26T08:50:00.000,I 85,I 85 and Mm 97.6,,Rear End,2,Cloudy,Wet,Daylight
2022-07-28T12:30:00.000,I 85,I 85 and Mm 97.6,,Rear End,2,Clear,Dry,Daylight
2021-11-28T17:50:00.000,I 85,I 85 and Mm 97.4,,Rear End,3,Clear,Dry,Daylight
2021-06-11T14:41:00.000,I 85,I 85 and Mm 97,,Rear End,3,Cloudy,Dry,Daylight
2021-02-04T15:40:00.000,I 85,I 85 and Mm 97,,Rear End,3,Cloudy,Dry,Daylight
2023-03-23T19:25:00.000,I 85,I 85 and Mm 97,,Rear End,2,Clear,Dry,Daylight
2020-08-26T15:43:00.000,I 85,I 85 and Mm 97,,Rear End,2,Clear,Dry,Daylight
2020-12-28T18:02:00.000,I 85,I 85 and Mm 97,,Rear End,2,Clear,Dry,Dark-Lighted
2021-10-13T10:53:00.000,I 85,I 85 and Mm 97,,Rear End,2,Clear,Dry,Daylight
2021-09-15T01:28:00.000,I 85,I 85 and Mm 97,,Sideswipe-Same Direction,2,Clear,Dry,Dark-Not Lighted
2022-03-04T13:05:00.000,I 85,I 85 and Mm 97,,Not a Collision with Motor Vehicle,1,Clear,Dry,Daylight
2022-01-01T20:19:00.000,I 85,I 85 and Mm 97,,Angle Crash,2,Cloudy,Dry,Dark-Lighted
2022-10-14T18:13:00.000,I 85,I 85 and Mm 97,,Sideswipe-Same Direction,2,Clear,Dry,Daylight
2023-05-22T10:27:00.000,I 85,I 85 and Mm 97,,Rear End,2,Cloudy,Dry,Daylight
2023-06-09T12:31:00.000,I 85,I 85 and Mm 97,,Rear End,2,Clear,Dry,Daylight
2023-02-02T15:11:00.000,I 85,I 85 and Mm 97,,Rear End,2,Rain,Wet,Daylight
2024-03-22T16:50:00.000,I 85,I 85 and Mm 97,,Sideswipe-Same Direction,2,Rain,Wet,Daylight
2024-10-04T12:52:00.000,I 85,I 85 and Mm 97,,Rear End,2,Cloudy,Dry,Daylight
2024-01-25T13:56:00.000,I 85,I 85 and Mm 97,,Rear End,3,Cloudy,Wet,Daylight
2024-01-04T14:38:00.000,I 85,I 85 and Mm 97,,Rear End,2,Clear,Dry,Daylight
2022-08-22T15:38:00.000,I 85,I 85 and Mm 96,,Rear End,2,Clear,Dry,Daylight
2021-12-06T17:43:00.000,I 85,I 85 and Mm 95.8,,Rear End,2,Cloudy,Wet,Dark-Lighted
2023-05-06T00:00:00.000,I 85,I 85 and Mm 94,,Sideswipe-Same Direction,2,Clear,Dry,Dark-Lighted
2024-05-16T16:45:00.000,I 85,I 85 and Mm 94,,Rear End,2,Clear,Dry,Daylight
2024-07-19T19:30:00.000,I 85,I 85 and Mm 91,,Sideswipe-Same Direction,2,Rain,Wet,Daylight
2023-04-18T16:32:00.000,I 85,I 85 and Mm 89,,Sideswipe-Same Direction,2,Clear,Dry,Daylight
2021-07-09T17:05:00.000,I 85,I 85 and Mm 886,,Rear End,2,Rain,Wet,Daylight
2020-02-11T13:15:00.000,I 85,I 85 and Mm 886,,Rear End,2,Clear,Wet,Daylight
2024-04-28T17:15:00.000,I 85,I 85 and Mm 87,,Rear End,2,Clear,Dry,Daylight
2024-05-17T15:03:00.000,I 85,I 85 and Mm 86 - Buford Hwy,,Rear End,2,Cloudy,Dry,Daylight
2021-02-15T15:30:00.000,I 85,I 85 and Mm 86,,Rear End,2,Rain,Wet,Daylight
2020-08-06T18:40:00.000,I 85,I 85 and Mm 86,,Sideswipe-Same Direction,2,Clear,Dry,Daylight
2021-06-18T14:55:00.000,I 85,I 85 and Mm 86,,Sideswipe-Same Direction,2,Cloudy,Dry,Daylight
2022-10-08T15:49:00.000,I 85,I 85 and Mm 86,,Rear End,2,Clear,Dry,Daylight
2023-09-18T08:28:00.000,I 85,I 85 and Mm 86,,Rear End,3,Clear,Dry,Daylight
2020-08-05T16:20:00.000,I 85,I 85 and Mm 856,,Rear End,2,Clear,Dry,Daylight
2022-10-20T09:23:00.000,I 85,I 85 and Mm 85.4,,Rear End,2,Clear,Dry,Daylight
2021-06-18T15:40:00.000,I 85,I 85 and Mm 85,,Rear End,2,Clear,Dry,Daylight
2023-03-17T12:00:00.000,I 85,I 85 and Mm 85,,Sideswipe-Same Direction,2,Cloudy,Dry,Daylight
2020-03-06T16:35:00.000,I 85,I 85 and Mm 85,,Rear End,2,Clear,Dry,Daylight
2024-03-15T16:19:00.000,I 85,I 85 and Mm 85,,Sideswipe-Same Direction,2,Clear,Dry,Daylight
2024-04-11T16:59:00.000,I 85,I 85 and Mm 85,,Rear End,2,Clear,Dry,Daylight
2020-03-06T14:05:00.000,I 85,I 85 and Mm 84,,Rear End,2,Clear,Dry,Daylight
2022-12-09T16:30:00.000,I 85,I 85 and Mm 77.2,,Not a Collision with Motor Vehicle,1,Rain,Wet,Daylight
2022-12-05T17:40:00.000,I 85,I 85 and Mm 77 Metropolitan Pkwy,,Rear End,2,Rain,Wet,Dark-Lighted
2024-01-16T09:02:00.000,I 85,I 85 and Mm 77 - Cleveland Ave,,Rear End,2,Cloudy,Wet,Daylight
2021-03-08T14:45:00.000,I 85,I 85 and Mm 77,,Sideswipe-Same Direction,2,Clear,Dry,Daylight
2024-07-08T18:15:00.000,I 85,I 85 and Mm 77,,Sideswipe-Same Direction,2,Clear,Dry,Daylight
2024-07-09T19:30:00.000,I 85,I 85 and Mm 77,,Sideswipe-Same Direction,2,Rain,Wet,Daylight
2023-10-20T07:30:00.000,I 85,I 85 and Mm 76 - Cleveland Ave,,Rear End,2,Rain,Wet,Daylight
2023-10-20T07:30:00.000,I 85,I 85 and Mm 76 - Cleveland Ave,,Rear End,2,Rain,Wet,Daylight
2023-06-30T09:45:00.000,I 85,I 85 and Mm 76 - Cleveland Ave,,Rear End,3,Clear,Dry,Daylight
2024-03-11T16:00:00.000,I 85,I 85 and Mm 76 - Cleveland Ave,,Rear End,2,Clear,Dry,Daylight
2023-05-30T17:50:00.000,I 85,I 85 and Mm 76   Cleveland Ave,,Rear End,2,Clear,Dry,Daylight
2022-03-17T18:10:00.000,I 85,I 85 and Mm 67,,Rear End,2,Clear,Dry,Daylight
2023-07-25T23:24:00.000,I 85,I 85 and Mm 67,,Not a Collision with Motor Vehicle,1,Clear,Dry,Dark-Not Lighted
2023-09-11T18:45:00.000,I 85,I 85 and Mm 66,,Sideswipe-Same Direction,2,Cloudy,Dry,Daylight
2020-11-28T14:39:00.000,I 85,I 85 and Mm 64,,Sideswipe-Same Direction,2,Clear,Dry,Daylight
2021-12-06T14:30:00.000,I 85,I 85 and Mm 64,,Not a Collision with Motor Vehicle,1,Rain,Wet,Daylight
2024-08-21T19:49:00.000,I 85,I 85 and Mm 64,,Sideswipe-Same Direction,2,Clear,Dry,Daylight
2024-01-18T16:10:00.000,I 85,I 85 and Mm 63,,Rear End,2,Cloudy,Dry,Daylight
2022-02-16T16:06:00.000,I 85,I 85 and Mm 62,,Angle Crash,4,Cloudy,Dry,Daylight
2024-04-15T07:34:00.000,I 85,I 85 and Mm 62,,Not a Collision with Motor Vehicle,1,Clear,Dry,Daylight
2020-11-28T14:37:00.000,I 85,I 85 and Mm 61,,Sideswipe-Same Direction,2,Clear,Dry,Daylight
2022-10-18T06:46:00.000,I 85,I 85 and Mm 57.2,,Sideswipe-Same Direction,2,Clear,Dry,Dark-Not Lighted
2024-03-17T23:36:00.000,I 85,I 85 and Mm 57.2,,Rear End,2,Cloudy,Dry,Dark-Not Lighted
2024-11-11T05:30:00.000,I 85,I 85 and Mm 57,,Not a Collision with Motor Vehicle,1,Fog,Dry,Dark-Not Lighted
2024-10-31T18:56:00.000,I 85,I 85 and Mm 57,,Not a Collision with Motor Vehicle,1,Clear,Dry,Dark-Lighted
2024-08-24T21:16:00.000,I 85,I 85 and Mm 57,,Not a Collision with Motor Vehicle,1,Clear,Dry,Dark-Not Lighted
2023-04-17T12:33:00.000,I 85,I 85 and Mm 56.5,,Rear End,3,Clear,Dry,Daylight
2023-12-22T10:00:00.000,I 85,I 85 and Mm 56.4,,Not a Collision with Motor Vehicle,1,Clear,Dry,Daylight
2024-10-31T15:48:00.000,I 85,I 85 and Mm 56 Off Rp,,Rear End,2,Cloudy,Dry,Daylight
2021-05-24T09:24:00.000,I 85,I 85 and Mm 56,,Not a Collision with Motor Vehicle,1,Clear,Dry,Daylight
2021-10-16T19:38:00.000,I 85,I 85 and Mm 56,,Sideswipe-Same Direction,2,Clear,Dry,Dark-Not Lighted
2021-12-30T09:50:00.000,I 85,I 85 and Mm 56,,Head On,1,Rain,Wet,Daylight
2021-08-06T15:09:00.000,I 85,I 85 and Mm 56,,Sideswipe-Same Direction,2,Clear,Dry,Daylight
2021-08-08T11:00:00.000,I 85,I 85 and Mm 56,,Not a Collision with Motor Vehicle,1,Clear,Dry,Daylight
2023-03-02T06:10:00.000,I 85,I 85 and Mm 56,,Sideswipe-Same Direction,2,Cloudy,Wet,Dark-Not Lighted
2023-10-11T06:35:00.000,I 85,I 85 and Mm 56,,Sideswipe-Same Direction,3,Cloudy,Dry,Dark-Not Lighted
2023-10-29T00:21:00.000,I 85,I 85 and Mm 56,,Not a Collision with Motor Vehicle,1,Clear,Dry,Dark-Not Lighted
2023-12-13T09:10:00.000,I 85,I 85 and Mm 56,,Angle Crash,2,Clear,Dry,Daylight
2023-02-20T06:42:00.000,I 85,I 85 and Mm 56,,Angle Crash,2,Clear,Dry,Dark-Not Lighted
2023-02-08T18:49:00.000,I 85,I 85 and Mm 56,,Not a Collision with Motor Vehicle,1,Cloudy,Dry,Dark-Lighted
2020-03-14T05:15:00.000,I 85,I 85 and Mm 56,,Rear End,2,Clear,Dry,Dark-Not Lighted