Date and Time,Roadway (From Crash Report),Intersection Name (from Crash Report),KABCO Severity,Manner of Collision (Crash Level) ,# of Vehicles per crash ,Weather Conditions (Crash Level),Surface Condition (Crash Level) ,Light Conditions (Crash Level)
2022-04-21T17:21:00.000,I 85,I 85 and Mm 48,,Not a Collision with Motor Vehicle,1,Clear,Dry,Daylight
2022-07-08T06:50:00.000,I 85,I 85 and Mm 48,,Angle Crash,2,Clear,Dry,Daylight
2022-02-27T09:25:00.000,I 85,I 85 and Mm 48,,Not a Collision with Motor Vehicle,1,Rain,Wet,Daylight
2023-11-21T12:30:00.000,I 85,I 85 and Mm 48,,Rear End,2,Rain,Wet,Daylight
2023-02-10T17:14:00.000,I 85,I 85 and Mm 48,,Not a Collision with Motor Vehicle,1,Cloudy,Dry,Daylight
2024-08-15T13:17:00.000,I 85,I 85 and Mm 48,,Rear End,2,Clear,Dry,Daylight
2023-07-03T17:24:00.000,I 85,I 85 and Mm 48,,Sideswipe-Same Direction,2,Cloudy,Dry,Daylight
2024-05-15T02:29:00.000,I 85,I 85 and Mm 48,,Angle Crash,2,Clear,Dry,Dark-Not Lighted
2023-07-03T17:25:00.000,I 85,I 85 and Mm 48,,Sideswipe-Same Direction,2,Cloudy,Dry,Daylight
2023-04-21T11:50:00.000,I 85,I 85 and Mm 48,,Sideswipe-Same Direction,2,Clear,Dry,Daylight
2023-11-21T12:07:00.000,I 85,I 85 and Mm 48,,Rear End,2,Rain,Wet,Daylight
2023-01-24T12:43:00.000,I 85,I 85 and Mm 48,,Sideswipe-Same Direction,2,Clear,Dry,Daylight
2023-01-25T06:10:00.000,I 85,I 85 and Mm 48,,Angle Crash,2,Rain,Wet,Dark-Not Lighted
2023-07-03T17:25:00.000,I 85,I 85 and Mm 48,,Sideswipe-Same Direction,2,Clear,Dry,Daylight
2023-01-07T13:22:00.000,I 85,I 85 and Mm 48,,Not a Collision with Motor Vehicle,3,Cloudy,Dry,Daylight
2023-10-16T15:43:00.000,I 85,I 85 and Mm 48,,Sideswipe-Same Direction,2,Clear,Dry,Daylight
2023-01-20T17:15:00.000,I 85,I 85 and Mm 48,,Sideswipe-Same Direction,2,Cloudy,Dry,Daylight
2023-03-12T09:22:00.000,I 85,I 85 and Mm 48,,Not a Collision with Motor Vehicle,1,Rain,Wet,Daylight
2023-01-25T11:19:00.000,I 85,I 85 and Mm 48,,Rear End,2,Clear,Dry,Daylight
2023-09-15T20:40:00.000,I 85,I 85 and Mm 48,,Sideswipe-Same Direction,2,Cloudy,Dry,Dark-Not Lighted
2024-05-17T14:45:00.000,I 85,I 85 and Mm 48,,Sideswipe-Same Direction,2,Cloudy,Dry,Daylight
2024-09-26T12:00:00.000,I 85,I 85 and Mm 48,,Not a Collision with Motor Vehicle,1,Rain,Wet,Daylight
2024-07-28T19:43:00.000,I 85,I 85 and Mm 48,,Not a Collision with Motor Vehicle,1,Rain,Wet,Dawn
2024-07-24T17:55:00.000,I 85,I 85 and Mm 48,,Angle Crash,2,Rain,Wet,Daylight
2024-06-14T08:00:00.000,I 85,I 85 and Mm 48,,Not a Collision with Motor Vehicle,1,Clear,Dry,Daylight
2024-03-01T14:00:00.000,I 85,I 85 and Mm 48,,Sideswipe-Same Direction,2,Rain,Wet,Daylight
2024-05-21T13:19:00.000,I 85,I 85 and Mm 48,,Not a Collision with Motor Vehicle,1,Cloudy,Dry,Daylight
2024-08-22T09:59:00.000,I 85,I 85 and Mm 48,,Not a Collision with Motor Vehicle,1,Clear,Dry,Daylight
2024-10-01T17:48:00.000,I 85,I 85 and Mm 48,,Rear End,3,Clear,Dry,Daylight
2024-11-19T10:55:00.000,I 85,I 85 and Mm 48,,Sideswipe-Same Direction,2,Rain,Wet,Daylight
2024-03-18T15:58:00.000,I 85,I 85 and Mm 48,,Rear End,2,Clear,Dry,Daylight
2023-07-03T18:21:00.000,I 85,I 85 and Mm 47.5,,Rear End,2,Cloudy,Dry,Daylight
2022-09-05T17:10:00.000,I 85,I 85 and Mm 47.5,,Not a Collision with Motor Vehicle,1,Rain,Wet,Daylight
2023-12-21T16:37:00.000,I 85,I 85 and Mm 47 Rp,,Angle Crash,2,Cloudy,Dry,Daylight
2024-09-24T07:43:00.000,I 85,I 85 and Mm 47 On,,Rear End,2,Rain,Wet,Daylight
2021-02-01T15:55:00.000,I 85,I 85 and Mm 47,,Not a Collision with Motor Vehicle,1,Clear,Dry,Daylight
2021-11-30T12:25:00.000,I 85,I 85 and Mm 47,,Sideswipe-Same Direction,2,Clear,Dry,Dark-Not Lighted
2021-06-18T19:02:00.000,I 85,I 85 and Mm 47,,Not a Collision with Motor Vehicle,1,Cloudy,Dry,Daylight
2023-09-18T09:56:00.000,I 85,I 85 and Mm 47,,Not a Collision with Motor Vehicle,1,Clear,Dry,Daylight
2023-10-28T17:59:00.000,I 85,I 85 and Mm 47,,Sideswipe-Same Direction,2,Clear,Dry,Daylight
2023-08-31T07:21:00.000,I 85,I 85 and Mm 47,,Sideswipe-Same Direction,2,Clear,Dry,Daylight
2023-06-04T15:44:00.000,I 85,I 85 and Mm 47,,Sideswipe-Same Direction,2,Cloudy,Dry,Daylight
2023-05-17T16:12:00.000,I 85,I 85 and Mm 47,,Angle Crash,2,Rain,Wet,Daylight
2023-09-29T17:00:00.000,I 85,I 85 and Mm 47,,Rear End,2,Clear,Dry,Daylight
2023-10-27T21:27:00.000,I 85,I 85 and Mm 47,,Not a Collision with Motor Vehicle,1,Clear,Dry,Dark-Not Lighted
2023-05-08T19:42:00.000,I 85,I 85 and Mm 47,,Angle Crash,2,Cloudy,Dry,Daylight
2020-04-21T20:14:00.000,I 85,I 85 and Mm 47,,Sideswipe-Same Direction,2,Clear,Dry,Daylight
2020-07-26T11:55:00.000,I 85,I 85 and Mm 47,,Sideswipe-Same Direction,2,Clear,Dry,Daylight
2020-10-30T21:00:00.000,I 85,I 85 and Mm 47,,Rear End,2,Clear,Dry,Dark-Not Lighted
2021-01-21T07:15:00.000,I 85,I 85 and Mm 47,,Sideswipe-Same Direction,2,Cloudy,Dry,Daylight
2021-11-26T21:30:00.000,I 85,I 85 and Mm 47,,Not a Collision with Motor Vehicle,1,Cloudy,Dry,Dark-Not Lighted
2022-12-20T14:00:00.000,I 85,I 85 and Mm 47,,Rear End,2,Rain,Wet,Daylight
2022-01-29T20:31:00.000,I 85,I 85 and Mm 47,,Not a Collision with Motor Vehicle,1,Clear,Dry,Dark-Not Lighted
2022-11-27T06:15:00.000,I 85,I 85 and Mm 47,,Not a Collision with Motor Vehicle,1,Rain,Wet,Dark-Not Lighted
2022-03-04T17:55:00.000,I 85,I 85 and Mm 47,,Sideswipe-Same Direction,2,Clear,Dry,Daylight
2022-11-06T01:38:00.000,I 85,I 85 and Mm 47,,Not a Collision with Motor Vehicle,1,Clear,Dry,Dark-Not Lighted
2022-02-27T10:05:00.000,I 85,I 85 and Mm 47,,Rear End,2,Rain,Wet,Daylight
2022-03-04T18:55:00.000,I 85,I 85 and Mm 47,,Angle Crash,2,Clear,Dry,Dark-Lighted
2023-10-06T13:10:00.000,I 85,I 85 and Mm 47,,Rear End,2,Cloudy,Dry,Daylight
2024-10-15T09:08:00.000,I 85,I 85 and Mm 47,,Sideswipe-Same Direction,3,Clear,Dry,Daylight
2024-01-27T13:20:00.000,I 85,I 85 and Mm 47,,Not a Collision with Motor Vehicle,1,Rain,Wet,Daylight
2024-09-14T19:01:00.000,I 85,I 85 and Mm 47,,Not a Collision with Motor Vehicle,1,Rain,Wet,Daylight
2024-06-14T13:22:00.000,I 85,I 85 and Mm 47,,Not a Collision with Motor Vehicle,2,Clear,Dry,Daylight
2023-05-26T03:20:00.000,I 85,I 85 and Mm 47,,Not a Collision with Motor Vehicle,1,Clear,Dry,Dark-Not Lighted
2024-03-17T22:06:00.000,I 85,I 85 and Mm 47,,Not a Collision with Motor Vehicle,1,Clear,Dry,Dark-Not Lighted
2024-07-18T14:17:00.000,I 85,I 85 and Mm 47,,Sideswipe-Same Direction,2,Clear,Dry,Daylight
2021-07-09T18:05:00.000,I 85,I 85 and Mm 46,,Not a Collision with Motor Vehicle,1,Clear,Dry,Daylight
2023-07-12T13:15:00.000,I 85,I 85 and Mm 46,,Not a Collision with Motor Vehicle,1,Cloudy,Dry,Daylight
2023-09-08T07:47:00.000,I 85,I 85 and Mm 46,,Rear End,2,Clear,Dry,Daylight
2020-12-13T18:00:00.000,I 85,I 85 and Mm 46,,Angle Crash,2,Clear,Dry,Dark-Not Lighted
2021-08-10T13:40:00.000,I 85,I 85 and Mm 46,,Not a Collision with Motor Vehicle,1,Rain,Wet,Daylight
2022-07-01T16:15:00.000,I 85,I 85 and Mm 46,,Rear End,2,Rain,Wet,Daylight
2022-04-28T13:36:00.000,I 85,I 85 and Mm 46,,Sideswipe-Same Direction,2,Clear,Dry,Daylight
2022-03-17T15:14:00.000,I 85,I 85 and Mm 46,,Sideswipe-Same Direction,2,Clear,Dry,Daylight
2022-12-09T07:42:00.000,I 85,I 85 and Mm 46,,Not a Collision with Motor Vehicle,2,Cloudy,Dry,Daylight
2022-03-08T13:26:00.000,I 85,I 85 and Mm 46,,Not a Collision with Motor Vehicle,1,Rain,Wet,Daylight
2023-01-21T00:34:00.000,I 85,I 85 and Mm 46,,Not a Collision with Motor Vehicle,1,Clear,Dry,Dark-Lighted
2024-05-17T02:51:00.000,I 85,I 85 and Mm 46,,Not a Collision with Motor Vehicle,1,Clear,Dry,Dark-Not Lighted
2023-10-26T15:40:00.000,I 85,I 85 and Mm 46,,Not a Collision with Motor Vehicle,2,Clear,Dry,Daylight
2023-11-17T19:45:00.000,I 85,I 85 and Mm 46,,Sideswipe-Same Direction,2,Clear,Dry,Dark-Not Lighted
2023-10-26T17:45:00.000,I 85,I 85 and Mm 46,,Not a Collision with Motor Vehicle,2,Clear,Dry,Daylight
2023-05-09T12:50:00.000,I 85,I 85 and Mm 46,,Sideswipe-Same Direction,2,Clear,Dry,Daylight
2024-04-24T16:06:00.000,I 85,I 85 and Mm 46,,Sideswipe-Same Direction,2,Clear,Dry,Daylight
2024-04-09T19:05:00.000,I 85,I 85 and Mm 46,,Not a Collision with Motor Vehicle,2,Rain,Wet,Daylight
2024-12-14T10:00:00.000,I 85,I 85 and Mm 46,,Rear End,2,Cloudy,Dry,Daylight
2024-04-01T18:00:00.000,I 85,I 85 and Mm 46,,Sideswipe-Same Direction,2,Cloudy,Dry,Daylight
2024-09-19T22:05:00.000,I 85,I 85 and Mm 46,,Rear End,2,Clear,Dry,Dark-Not Lighted
2022-02-08T17:15:00.000,I 85,I 85 and Mm 45.6,,Not a Collision with Motor Vehicle,1,Clear,Dry,Daylight
2021-06-18T22:59:00.000,I 85,I 85 and Mm 45,,Sideswipe-Same Direction,2,Clear,Dry,Dark-Not Lighted
2021-10-14T13:53:00.000,I 85,I 85 and Mm 45,,Sideswipe-Same Direction,2,Clear,Dry,Daylight
2021-02-06T08:11:00.000,I 85,I 85 and Mm 45,,Not a Collision with Motor Vehicle,1,Clear,Dry,Daylight
2022-10-03T06:42:00.000,I 85,I 85 and Mm 45,,Not a Collision with Motor Vehicle,1,Clear,Dry,Daylight
2022-03-16T20:21:00.000,I 85,I 85 and Mm 45,,Not a Collision with Motor Vehicle,2,Clear,Dry,Dark-Not Lighted
2022-02-25T07:13:00.000,I 85,I 85 and Mm 45,,Rear End,2,Cloudy,Wet,Daylight
2022-02-02T16:40:00.000,I 85,I 85 and Mm 45,,Not a Collision with Motor Vehicle,1,Cloudy,Dry,Daylight
2024-01-17T10:30:00.000,I 85,I 85 and Mm 45,,Not a Collision with Motor Vehicle,1,Clear,Dry,Daylight
2024-12-06T15:23:00.000,I 85,I 85 and Mm 45,,Sideswipe-Same Direction,2,Clear,Dry,Daylight
2024-10-11T06:55:00.000,I 85,I 85 and Mm 45,,Sideswipe-Same Direction,2,Clear,Dry,Dark-Not Lighted
2024-01-28T09:10:00.000,I 85,I 85 and Mm 45,,Rear End,2,Cloudy,Dry,Daylight
2023-10-26T19:30:00.000,I 85,I 85 and Mm 44 Entrance Rp,,Not a Collision with Motor Vehicle,1,Cloudy,Dry,Dark-Lighted
2024-09-24T19:30:00.000,I 85,I 85 and Mm 44 Entrance Rp,,Sideswipe-Same Direction,2,Clear,Dry,Dark-Lighted
2021-07-25T18:35:00.000,I 85,I 85 and Mm 44,,Sideswipe-Same Direction,1,Clear,Dry,Daylight
2023-10-21T18:37:00.000,I 85,I 85 and Mm 44,,Sideswipe-Same Direction,3,Cloudy,Dry,Daylight
2020-09-11T17:24:00.000,I 85,I 85 and Mm 44,,Sideswipe-Same Direction,2,Clear,Dry,Daylight
2021-03-30T19:06:00.000,I 85,I 85 and Mm 44,,Not a Collision with Motor Vehicle,1,Clear,Dry,Daylight
2021-11-09T11:47:00.000,I 85,I 85 and Mm 44,,Sideswipe-Same Direction,2,Clear,Dry,Daylight
2021-11-21T05:40:00.000,I 85,I 85 and Mm 44,,Not a Collision with Motor Vehicle,1,Cloudy,Dry,Dark-Lighted
2022-11-01T06:44:00.000,I 85,I 85 and Mm 44,,Not a Collision with Motor Vehicle,1,Cloudy,Dry,Dark-Lighted
2022-08-09T11:37:00.000,I 85,I 85 and Mm 44,,Sideswipe-Same Direction,2,Clear,Dry,Daylight
2022-03-04T15:14:00.000,I 85,I 85 and Mm 44,,Not a Collision with Motor Vehicle,1,Clear,Dry,Daylight
2024-06-24T12:31:00.000,I 85,I 85 and Mm 44,,Sideswipe-Same Direction,2,Clear,Dry,Daylight
2023-10-27T06:47:00.000,I 85,I 85 and Mm 44,,Sideswipe-Same Direction,2,Clear,Dry,Dark-Not Lighted
2023-02-06T11:19:00.000,I 85,I 85 and Mm 44,,Rear End,2,Clear,Dry,Daylight
2023-04-01T11:45:00.000,I 85,I 85 and Mm 44,,Rear End,2,Clear,Dry,Daylight
2023-02-24T19:06:00.000,I 85,I 85 and Mm 44,,Not a Collision with Motor Vehicle,1,Rain,Wet,Dark-Lighted
2024-04-09T07:50:00.000,I 85,I 85 and Mm 44,,Rear End,2,Clear,Wet,Daylight
2024-08-09T01:06:00.000,I 85,I 85 and Mm 44,,Sideswipe-Same Direction,2,Clear,Dry,Dark-Lighted
2024-08-08T17:31:00.000,I 85,I 85 and Mm 44,,Not a Collision with Motor Vehicle,1,Rain,Wet,Daylight
2020-02-11T13:55:00.000,I 85,I 85 and Mm 43,,Not a Collision with Motor Vehicle,1,Rain,Wet,Daylight
2021-06-08T15:58:00.000,I 85,I 85 and Mm 43,,Not a Collision with Motor Vehicle,1,Rain,Wet,Daylight
2022-08-18T06:11:00.000,I 85,I 85 and Mm 43,,Sideswipe-Same Direction,2,Clear,Dry,Dark-Not Lighted
2022-07-04T05:55:00.000,I 85,I 85 and Mm 43,,Not a Collision with Motor Vehicle,1,Clear,Dry,Daylight
2024-05-19T19:02:00.000,I 85,I 85 and Mm 43,,Sideswipe-Same Direction,2,Clear,Dry,Daylight
2024-09-08T16:05:00.000,I 85,I 85 and Mm 43,,Rear End,2,Clear,Dry,Daylight
2024-11-22T17:11:00.000,I 85,I 85 and Mm 43,,Angle Crash,2,Clear,Dry,Daylight
2024-09-20T08:19:00.000,I 85,I 85 and Mm 43,,Angle Crash,2,Clear,Dry,Daylight
2024-10-07T21:00:00.000,I 85,I 85 and Mm 43,,Rear End,2,Clear,Dry,Dark-Not Lighted
2024-07-17T14:43:00.000,I 85,I 85 and Mm 43,,Rear End,2,Clear,Wet,Daylight
2021-05-09T08:35:00.000,I 85,I 85 and Mm 42,,Not a Collision with Motor Vehicle,1,Clear,Dry,Daylight
2021-09-04T21:45:00.000,I 85,I 85 and Mm 42,,Sideswipe-Same Direction,2,Clear,Dry,Dark-Not Lighted
2021-10-08T06:34:00.000,I 85,I 85 and Mm 42,,Rear End,2,Rain,Wet,Dark-Not Lighted
2023-07-27T07:31:00.000,I 85,I 85 and Mm 42,,Sideswipe-Same Direction,2,Clear,Dry,Daylight
2023-09-04T21:20:00.000,I 85,I 85 and Mm 42,,Not a Collision with Motor Vehicle,1,Clear,Dry,Dark-Not Lighted
2022-03-13T16:22:00.000,I 85,I 85 and Mm 42,,Angle Crash,2,Clear,Dry,Daylight
2020-09-05T03:00:00.000,I 85,I 85 and Mm 42,,Not a Collision with Motor Vehicle,1,Clear,Dry,Dark-Not Lighted
2021-09-13T21:32:00.000,I 85,I 85 and Mm 42,,Not a Collision with Motor Vehicle,1,Clear,Dry,Dark-Not Lighted
2021-09-23T08:53:00.000,I 85,I 85 and Mm 42,,Not a Collision with Motor Vehicle,1,Clear,Dry,Daylight
2022-10-17T16:05:00.000,I 85,I 85 and Mm 42,,Not a Collision with Motor Vehicle,1,Clear,Dry,Daylight
2022-12-05T18:55:00.000,I 85,I 85 and Mm 42,,Not a Collision with Motor Vehicle,1,Cloudy,Wet,Dark-Not Lighted
2022-08-08T17:50:00.000,I 85,I 85 and Mm 42,,Not a Collision with Motor Vehicle,1,Rain,Wet,Daylight
2022-12-09T19:44:00.000,I 85,I 85 and Mm 42,,Not a Collision with Motor Vehicle,1,Rain,Wet,Dark-Not Lighted
2022-07-14T22:25:00.000,I 85,I 85 and Mm 42,,Not a Collision with Motor Vehicle,1,Clear,Dry,Dark-Not Lighted
2024-08-08T22:23:00.000,I 85,I 85 and Mm 42,,Sideswipe-Same Direction,2,Clear,Dry,Dark-Not Lighted
2024-09-16T17:38:00.000,I 85,I 85 and Mm 42,,Rear End,2,Clear,Dry,Daylight
2023-10-31T07:41:00.000,I 85,I 85 and Mm 42,,Rear End,2,Cloudy,Dry,Daylight
2023-06-03T08:15:00.000,I 85,I 85 and Mm 42,,Sideswipe-Same Direction,2,Clear,Dry,Daylight
2023-04-12T07:10:00.000,I 85,I 85 and Mm 42,,Angle Crash,2,Clear,Dry,Daylight
2024-06-29T12:50:00.000,I 85,I 85 and Mm 42,,Not a Collision with Motor Vehicle,1,Rain,Wet,Daylight
2024-11-22T21:07:00.000,I 85,I 85 and Mm 42,,Not a Collision with Motor Vehicle,1,Clear,Dry,Dark-Not Lighted
2023-04-08T13:35:00.000,I 85,I 85 and Mm 41-44,,Not a Collision with Motor Vehicle,1,Rain,Wet,Daylight
2023-02-28T18:47:00.000,I 85,I 85 and Mm 41 To Mm 43,,Sideswipe-Same Direction,1,Cloudy,Dry,Dark-Not Lighted
2021-12-15T18:10:00.000,I 85,I 85 and Mm 41 Off Rp,,Sideswipe-Same Direction,2,Clear,Dry,Dark-Not Lighted
2021-12-09T10:35:00.000,I 85,I 85 and Mm 41,,Not a Collision with Motor Vehicle,1,Clear,Dry,Daylight
2023-12-31T04:31:00.000,I 85,I 85 and Mm 41,,Rear End,3,Clear,Dry,Dark-Not Lighted
2023-06-24T16:00:00.000,I 85,I 85 and Mm 41,,Rear End,2,Clear,Dry,Daylight
2023-05-23T12:20:00.000,I 85,I 85 and Mm 41,,Not a Collision with Motor Vehicle,2,Clear,Dry,Daylight
2023-09-13T19:25:00.000,I 85,I 85 and Mm 41,,Sideswipe-Same Direction,2,Clear,Dry,Dark-Not Lighted
2023-01-22T17:08:00.000,I 85,I 85 and Mm 41,,Angle Crash,2,Rain,Wet,Daylight
2021-06-30T17:22:00.000,I 85,I 85 and Mm 41,,Angle Crash,1,Clear,Dry,Daylight
2022-06-24T18:18:00.000,I 85,I 85 and Mm 41,,Not a Collision with Motor Vehicle,1,Rain,Wet,Daylight
2022-08-01T12:07:00.000,I 85,I 85 and Mm 41,,Sideswipe-Same Direction,2,Cloudy,Dry,Daylight
2022-11-29T13:28:00.000,I 85,I 85 and Mm 41,,Not a Collision with Motor Vehicle,1,Clear,Dry,Daylight
2022-10-23T17:07:00.000,I 85,I 85 and Mm 41,,Rear End,2,Clear,Dry,Daylight
2022-12-06T06:38:00.000,I 85,I 85 and Mm 41,,Sideswipe-Same Direction,2,Rain,Wet,Dark-Not Lighted
2023-01-14T14:03:00.000,I 85,I 85 and Mm 41,,Not a Collision with Motor Vehicle,2,Clear,Dry,Daylight
2023-12-31T04:31:00.000,I 85,I 85 and Mm 41,,Not a Collision with Motor Vehicle,1,Clear,Dry,Dark-Not Lighted
2023-01-17T09:44:00.000,I 85,I 85 and Mm 41,,Angle Crash,2,Rain,Wet,Daylight
2024-08-08T17:53:00.000,I 85,I 85 and Mm 41,,Not a Collision with Motor Vehicle,1,Rain,Wet,Daylight
2024-09-25T14:08:00.000,I 85,I 85 and Mm 41,,Not a Collision with Motor Vehicle,1,Rain,Wet,Daylight
2021-08-22T17:52:00.000,I 85,I 85 and Mm 40,,Angle Crash,2,Clear,Dry,Daylight
2023-03-15T06:48:00.000,I 85,I 85 and Mm 40,,Not a Collision with Motor Vehicle,1,Clear,Dry,Dark-Not Lighted
2023-03-27T04:13:00.000,I 85,I 85 and Mm 40,,Not a Collision with Motor Vehicle,1,Rain,Wet,Dark-Not Lighted
2023-02-24T00:18:00.000,I 85,I 85 and Mm 40,,Rear End,2,Clear,Dry,Dark-Not Lighted
2023-09-13T22:19:00.000,I 85,I 85 and Mm 40,,Not a Collision with Motor Vehicle,2,Clear,Dry,Dark-Not Lighted
2022-02-27T08:05:00.000,I 85,I 85 and Mm 40,,Not a Collision with Motor Vehicle,1,Cloudy,Dry,Daylight
2022-03-07T17:55:00.000,I 85,I 85 and Mm 40,,Not a Collision with Motor Vehicle,1,Cloudy,Dry,Daylight
2024-09-28T22:22:00.000,I 85,I 85 and Mm 40,,Not a Collision with Motor Vehicle,1,Cloudy,Wet,Dark-Not Lighted
2024-09-01T15:48:00.000,I 85,I 85 and Mm 40,,Not a Collision with Motor Vehicle,1,Rain,Wet,Daylight
2024-02-03T16:52:00.000,I 85,I 85 and Mm 40,,Not a Collision with Motor Vehicle,3,Clear,Dry,Daylight
2024-12-10T15:10:00.000,I 85,I 85 and Mm 40,,Not a Collision with Motor Vehicle,1,Rain,Wet,Daylight
2024-02-12T08:18:00.000,I 85,I 85 and Mm 40,,Not a Collision with Motor Vehicle,1,Rain,Wet,Daylight
2024-12-27T21:53:00.000,I 85,I 85 and Mm 40,,Not a Collision with Motor Vehicle,1,Rain,Wet,Dark-Not Lighted
2024-07-31T11:40:00.000,I 85,I 85 and Mm 40,,Rear End,2,Clear,Dry,Daylight
2020-07-19T16:26:00.000,I 85,I 85 and Mm 39,,Not a Collision with Motor Vehicle,1,Clear,Dry,Daylight
2021-11-07T17:35:00.000,I 85,I 85 and Mm 39,,Sideswipe-Same Direction,2,Clear,Dry,Daylight
2021-08-30T15:01:00.000,I 85,I 85 and Mm 39,,Sideswipe-Same Direction,2,Cloudy,Dry,Daylight
2022-04-14T16:47:00.000,I 85,I 85 and Mm 39,,Sideswipe-Same Direction,2,Clear,Dry,Daylight
2022-10-11T13:30:00.000,I 85,I 85 and Mm 39,,Sideswipe-Same Direction,4,Clear,Dry,Daylight
2022-08-14T22:30:00.000,I 85,I 85 and Mm 39,,Sideswipe-Same Direction,2,Clear,Dry,Dark-Not Lighted
2024-01-03T11:15:00.000,I 85,I 85 and Mm 39,,Not a Collision with Motor Vehicle,2,Clear,Dry,Daylight
2024-12-17T13:09:00.000,I 85,I 85 and Mm 39,,Rear End,2,Clear,Dry,Daylight
2023-12-27T01:03:00.000,I 85,I 85 and Mm 39,,Rear End,2,Clear,Dry,Dark-Not Lighted
2024-08-25T00:20:00.000,I 85,I 85 and Mm 39,,Not a Collision with Motor Vehicle,1,Clear,Dry,Dark-Not Lighted
2024-07-08T14:57:00.000,I 85,I 85 and Mm 39,,Angle Crash,2,Rain,Wet,Daylight
2024-02-23T06:35:00.000,I 85,I 85 and Mm 39,,Rear End,2,Rain,Wet,Dawn
2024-12-21T17:08:00.000,I 85,I 85 and Mm 39,,Head On,2,Clear,Dry,Daylight
2023-10-22T21:36:00.000,I 85,I 85 and Mm 38,,Not a Collision with Motor Vehicle,1,Clear,Dry,Dark-Not Lighted
2023-03-15T10:08:00.000,I 85,I 85 and Mm 38,,Rear End,1,Clear,Dry,Daylight
2020-06-13T16:17:00.000,I 85,I 85 and Mm 38,,Not a Collision with Motor Vehicle,1,Clear,Dry,Daylight
2021-12-25T15:50:00.000,I 85,I 85 and Mm 38,,Not a Collision with Motor Vehicle,1,Clear,Dry,Daylight
2021-10-10T01:00:00.000,I 85,I 85 and Mm 38,,Rear End,2,Clear,Dry,Dusk
2022-12-09T15:44:00.000,I 85,I 85 and Mm 38,,Rear End,3,Cloudy,Dry,Daylight
2022-11-03T22:32:00.000,I 85,I 85 and Mm 38,,Not a Collision with Motor Vehicle,2,Clear,Dry,Dark-Not Lighted
2022-04-24T14:58:00.000,I 85,I 85 and Mm 38,,Sideswipe-Same Direction,2,Clear,Dry,Daylight
2022-08-14T22:31:00.000,I 85,I 85 and Mm 38,,Sideswipe-Same Direction,2,Clear,Dry,Dark-Not Lighted
2022-09-04T18:24:00.000,I 85,I 85 and Mm 38,,Angle Crash,2,Rain,Wet,Daylight
2022-09-06T14:20:00.000,I 85,I 85 and Mm 38,,Sideswipe-Same Direction,2,Cloudy,Dry,Daylight
2024-07-20T13:10:00.000,I 85,I 85 and Mm 38,,Sideswipe-Same Direction,2,Cloudy,Dry,Daylight
2023-01-15T14:06:00.000,I 85,I 85 and Mm 38,,Sideswipe-Same Direction,2,Clear,Dry,Daylight
2023-09-12T20:23:00.000,I 85,I 85 and Mm 38,,Not a Collision with Motor Vehicle,2,Clear,Wet,Dark-Not Lighted
2024-05-10T16:51:00.000,I 85,I 85 and Mm 38,,Sideswipe-Same Direction,2,Clear,Dry,Daylight
2024-08-04T14:35:00.000,I 85,I 85 and Mm 38,,Not a Collision with Motor Vehicle,2,Clear,Dry,Daylight
2024-05-12T10:19:00.000,I 85,I 85 and Mm 38,,Sideswipe-Same Direction,2,Cloudy,Dry,Daylight
2024-06-26T11:43:00.000,I 85,I 85 and Mm 38,,Sideswipe-Same Direction,2,Clear,Dry,Daylight
2024-12-21T19:34:00.000,I 85,I 85 and Mm 38,,Sideswipe-Same Direction,2,Clear,Dry,Dark-Not Lighted
2021-02-21T18:10:00.000,I 85,I 85 and Mm 37,,Sideswipe-Same Direction,2,Clear,Dry,Daylight
2023-03-17T16:37:00.000,I 85,I 85 and Mm 37,,Not a Collision with Motor Vehicle,1,Rain,Wet,Daylight
2021-05-08T13:23:00.000,I 85,I 85 and Mm 37,,Sideswipe-Same Direction,2,Clear,Dry,Daylight
2021-10-04T08:38:00.000,I 85,I 85 and Mm 37,,Not a Collision with Motor Vehicle,1,Rain,Wet,Daylight
2022-03-16T16:30:00.000,I 85,I 85 and Mm 37,,Not a Collision with Motor Vehicle,1,Rain,Wet,Daylight
2022-10-12T17:45:00.000,I 85,I 85 and Mm 37,,Not a Collision with Motor Vehicle,1,Rain,Wet,Daylight
2024-07-31T16:28:00.000,I 85,I 85 and Mm 37,,Not a Collision with Motor Vehicle,1,Rain,Wet,Daylight
2024-02-04T12:25:00.000,I 85,I 85 and Mm 37,,Angle Crash,2,Rain,Wet,Daylight
2024-07-21T12:23:00.000,I 85,I 85 and Mm 37,,Not a Collision with Motor Vehicle,1,Cloudy,Wet,Daylight
2023-10-24T06:00:00.000,I 85,I 85 and Mm 37,,Sideswipe-Same Direction,2,Clear,Dry,Dark-Not Lighted
2023-09-20T15:25:00.000,I 85,I 85 and Mm 37,,Sideswipe-Same Direction,2,Cloudy,Dry,Daylight
2023-07-01T11:35:00.000,I 85,I 85 and Mm 37,,Rear End,2,Clear,Dry,Daylight
2024-09-12T10:58:00.000,I 85,I 85 and Mm 37,,Not a Collision with Motor Vehicle,1,Rain,Wet,Daylight
2024-08-31T18:36:00.000,I 85,I 85 and Mm 37,,Not a Collision with Motor Vehicle,1,Cloudy,Dry,Daylight
2024-10-07T19:57:00.000,I 85,I 85 and Mm 37,,Rear End,2,Clear,Dry,Dark-Not Lighted
2024-07-29T14:25:00.000,I 85,I 85 and Mm 37,,Angle Crash,2,Rain,Wet,Daylight