Date and Time,Roadway (From Crash Report),Intersection Name (from Crash Report),KABCO Severity,Manner of Collision (Crash Level) ,# of Vehicles per crash ,Weather Conditions (Crash Level),Surface Condition (Crash Level) ,Light Conditions (Crash Level)
2024-11-09T23:10:00.000,I 85,I 85 and Mm 37,,Not a Collision with Motor Vehicle,1,Clear,Dry,Dark-Not Lighted
2024-03-10T17:48:00.000,I 85,I 85 and Mm 37,,Rear End,3,Clear,Dry,Daylight
2021-07-03T09:51:00.000,I 85,I 85 and Mm 36,,Rear End,2,Cloudy,Dry,Daylight
2021-07-17T13:50:00.000,I 85,I 85 and Mm 36,,Rear End,3,Clear,Dry,Daylight
2023-12-21T16:00:00.000,I 85,I 85 and Mm 36,,Sideswipe-Same Direction,2,Clear,Dry,Daylight
2023-03-04T15:00:00.000,I 85,I 85 and Mm 36,,Angle Crash,3,Clear,Dry,Daylight
2020-10-02T11:35:00.000,I 85,I 85 and Mm 36,,Not a Collision with Motor Vehicle,1,Clear,Dry,Daylight
2020-12-26T19:41:00.000,I 85,I 85 and Mm 36,,Not a Collision with Motor Vehicle,6,Clear,Dry,Dark-Not Lighted
2021-07-20T08:00:00.000,I 85,I 85 and Mm 36,,Sideswipe-Same Direction,2,Rain,Wet,Daylight
2022-07-02T15:35:00.000,I 85,I 85 and Mm 36,,Rear End,2,Cloudy,Dry,Daylight
2024-11-07T15:16:00.000,I 85,I 85 and Mm 36,,Angle Crash,2,Cloudy,Dry,Daylight
2024-11-10T01:13:00.000,I 85,I 85 and Mm 36,,Angle Crash,2,Clear,Dry,Daylight
2024-10-30T16:00:00.000,I 85,I 85 and Mm 36,,Rear End,2,Clear,Dry,Daylight
2021-01-03T17:20:00.000,I 85,I 85 and Mm 35,,Sideswipe-Same Direction,1,Clear,Dry,Daylight
2020-10-21T20:55:00.000,I 85,I 85 and Mm 35,,Rear End,2,Cloudy,Dry,Dark-Not Lighted
2020-08-16T04:05:00.000,I 85,I 85 and Mm 35,,Angle Crash,3,Clear,Dry,Dark-Not Lighted
2021-12-19T21:00:00.000,I 85,I 85 and Mm 35,,Sideswipe-Same Direction,2,Clear,Dry,Dark-Not Lighted
2021-12-04T08:14:00.000,I 85,I 85 and Mm 35,,Rear End,2,Cloudy,Dry,Daylight
2021-10-01T18:45:00.000,I 85,I 85 and Mm 35,,Rear End,2,Clear,Dry,Daylight
2022-11-09T16:15:00.000,I 85,I 85 and Mm 35,,Sideswipe-Same Direction,2,Clear,Dry,Daylight
2022-09-11T01:06:00.000,I 85,I 85 and Mm 35,,Not a Collision with Motor Vehicle,1,Cloudy,Wet,Dark-Not Lighted
2022-03-31T17:15:00.000,I 85,I 85 and Mm 35,,Angle Crash,2,Clear,Dry,Daylight
2022-05-26T14:30:00.000,I 85,I 85 and Mm 35,,Not a Collision with Motor Vehicle,1,Rain,Wet,Daylight
2023-11-26T17:03:00.000,I 85,I 85 and Mm 35,,Rear End,2,Rain,Wet,Daylight
2024-11-27T19:25:00.000,I 85,I 85 and Mm 35,,Rear End,3,Clear,Dry,Dark-Not Lighted
2024-11-17T16:02:00.000,I 85,I 85 and Mm 35,,Sideswipe-Same Direction,2,Cloudy,Dry,Daylight
2024-04-24T10:55:00.000,I 85,I 85 and Mm 35,,Sideswipe-Same Direction,2,Cloudy,Dry,Daylight
2024-04-21T17:37:00.000,I 85,I 85 and Mm 35,,Sideswipe-Same Direction,2,Clear,Dry,Daylight
2021-04-10T09:50:00.000,I 85,I 85 and Mm 34,,Not a Collision with Motor Vehicle,1,Rain,Wet,Daylight
2020-06-13T10:53:00.000,I 85,I 85 and Mm 34,,Rear End,2,Clear,Dry,Daylight
2023-04-01T10:55:00.000,I 85,I 85 and Mm 34,,Rear End,2,Rain,Wet,Daylight
2023-09-17T20:30:00.000,I 85,I 85 and Mm 34,,Not a Collision with Motor Vehicle,1,Clear,Dry,Dark-Not Lighted
2023-08-20T21:38:00.000,I 85,I 85 and Mm 34,,Angle Crash,2,Clear,Dry,Dark-Not Lighted
2020-03-02T21:03:00.000,I 85,I 85 and Mm 34,,Not a Collision with Motor Vehicle,1,Rain,Wet,Dark-Not Lighted
2021-11-28T16:24:00.000,I 85,I 85 and Mm 34,,Rear End,2,Clear,Dry,Daylight
2022-07-21T16:58:00.000,I 85,I 85 and Mm 34,,Not a Collision with Motor Vehicle,1,Cloudy,Dry,Daylight
2022-12-03T23:40:00.000,I 85,I 85 and Mm 34,,Rear End,2,Cloudy,Dry,Dark-Not Lighted
2022-04-11T21:06:00.000,I 85,I 85 and Mm 34,,Angle Crash,2,Clear,Dry,Dark-Not Lighted
2022-06-18T10:40:00.000,I 85,I 85 and Mm 34,,Rear End,2,Clear,Dry,Daylight
2022-06-18T10:40:00.000,I 85,I 85 and Mm 34,,Rear End,2,Clear,Dry,Daylight
2022-07-17T17:20:00.000,I 85,I 85 and Mm 34,,Sideswipe-Same Direction,2,Clear,Dry,Daylight
2022-03-28T06:30:00.000,I 85,I 85 and Mm 34,,Sideswipe-Same Direction,2,Clear,Dry,Dawn
2024-10-15T06:32:00.000,I 85,I 85 and Mm 34,,Not a Collision with Motor Vehicle,1,Clear,Dry,Dark-Not Lighted
2024-10-16T21:27:00.000,I 85,I 85 and Mm 34,,Angle Crash,2,Clear,Dry,Dark-Not Lighted
2023-03-26T10:00:00.000,I 85,I 85 and Mm 34,,Not a Collision with Motor Vehicle,1,Rain,Wet,Daylight
2023-09-10T21:45:00.000,I 85,I 85 and Mm 34,,Rear End,2,Cloudy,Dry,Dark-Not Lighted
2023-09-23T12:30:00.000,I 85,I 85 and Mm 34,,Rear End,2,Clear,Dry,Daylight
2024-10-15T06:32:00.000,I 85,I 85 and Mm 34,,Rear End,2,Clear,Dry,Dark-Not Lighted
2024-10-15T06:32:00.000,I 85,I 85 and Mm 34,,Not a Collision with Motor Vehicle,2,Clear,Dry,Dark-Not Lighted
2024-11-17T03:41:00.000,I 85,I 85 and Mm 34,,Not a Collision with Motor Vehicle,1,Clear,Dry,Dark-Not Lighted
2024-10-04T08:38:00.000,I 85,I 85 and Mm 34,,Rear End,2,Clear,Dry,Daylight
2024-10-15T06:32:00.000,I 85,I 85 and Mm 34,,Not a Collision with Motor Vehicle,1,Clear,Dry,Dark-Not Lighted
2024-10-15T06:32:00.000,I 85,I 85 and Mm 34,,Not a Collision with Motor Vehicle,1,Clear,Dry,Dark-Not Lighted
2024-10-15T06:32:00.000,I 85,I 85 and Mm 34,,Not a Collision with Motor Vehicle,1,Clear,Dry,Dark-Not Lighted
2024-07-31T17:37:00.000,I 85,I 85 and Mm 34,,Angle Crash,2,Rain,Wet,Daylight
2021-05-25T14:10:00.000,I 85,I 85 and Mm 33,,Not a Collision with Motor Vehicle,2,Clear,Dry,Daylight
2023-11-23T10:57:00.000,I 85,I 85 and Mm 33,,Rear End,3,Clear,Dry,Daylight
2022-08-14T18:00:00.000,I 85,I 85 and Mm 33,,Rear End,2,Clear,Dry,Daylight
2020-11-29T22:03:00.000,I 85,I 85 and Mm 33,,Not a Collision with Motor Vehicle,1,Rain,Wet,Dark-Not Lighted
2020-11-25T18:15:00.000,I 85,I 85 and Mm 33,,Rear End,2,Rain,Wet,Dark-Not Lighted
2020-11-25T18:05:00.000,I 85,I 85 and Mm 33,,Rear End,2,Rain,Wet,Dark-Not Lighted
2021-07-07T16:07:00.000,I 85,I 85 and Mm 33,,Sideswipe-Same Direction,2,Cloudy,Dry,Daylight
2021-10-23T19:30:00.000,I 85,I 85 and Mm 33,,Sideswipe-Same Direction,2,Clear,Dry,Dark-Not Lighted
2022-02-03T14:30:00.000,I 85,I 85 and Mm 33,,Not a Collision with Motor Vehicle,1,Rain,Wet,Daylight
2023-05-18T09:09:00.000,I 85,I 85 and Mm 33,,Sideswipe-Same Direction,2,Cloudy,Dry,Daylight
2024-06-29T13:19:00.000,I 85,I 85 and Mm 33,,Sideswipe-Same Direction,2,Clear,Dry,Daylight
2024-12-18T15:13:00.000,I 85,I 85 and Mm 33,,Rear End,2,Clear,Dry,Daylight
2021-01-03T15:00:00.000,I 85,I 85 and Mm 32,,Rear End,2,Clear,Dry,Daylight
2021-02-28T14:45:00.000,I 85,I 85 and Mm 32,,Not a Collision with Motor Vehicle,1,Clear,Dry,Daylight
2023-03-26T09:15:00.000,I 85,I 85 and Mm 32,,Not a Collision with Motor Vehicle,1,Rain,Wet,Daylight
2023-11-07T12:34:00.000,I 85,I 85 and Mm 32,,Sideswipe-Same Direction,2,Clear,Dry,Daylight
2020-11-21T20:22:00.000,I 85,I 85 and Mm 32,,Not a Collision with Motor Vehicle,1,Clear,Dry,Dark-Not Lighted
2020-09-13T16:15:00.000,I 85,I 85 and Mm 32,,Rear End,2,Clear,Dry,Daylight
2021-03-17T18:17:00.000,I 85,I 85 and Mm 32,,Rear End,2,Cloudy,Dry,Daylight
2021-05-02T18:10:00.000,I 85,I 85 and Mm 32,,Rear End,2,Cloudy,Dry,Daylight
2021-07-02T15:49:00.000,I 85,I 85 and Mm 32,,Sideswipe-Same Direction,2,Cloudy,Dry,Daylight
2022-10-29T13:48:00.000,I 85,I 85 and Mm 32,,Angle Crash,2,Clear,Dry,Daylight
2022-04-21T17:35:00.000,I 85,I 85 and Mm 32,,Rear End,2,Clear,Dry,Daylight
2022-03-02T11:32:00.000,I 85,I 85 and Mm 32,,Rear End,2,Clear,Dry,Daylight
2022-11-25T13:41:00.000,I 85,I 85 and Mm 32,,Rear End,2,Cloudy,Dry,Daylight
2024-03-17T16:35:00.000,I 85,I 85 and Mm 32,,Rear End,2,Rain,Wet,Daylight
2023-04-14T15:37:00.000,I 85,I 85 and Mm 32,,Rear End,2,Cloudy,Dry,Daylight
2023-10-28T14:22:00.000,I 85,I 85 and Mm 32,,Not a Collision with Motor Vehicle,1,Clear,Dry,Daylight
2023-10-08T11:45:00.000,I 85,I 85 and Mm 32,,Rear End,3,Clear,Dry,Daylight
2021-06-14T06:05:00.000,I 85,I 85 and Mm 31,,Rear End,2,Clear,Dry,Daylight
2021-11-17T11:40:00.000,I 85,I 85 and Mm 31,,Not a Collision with Motor Vehicle,1,Clear,Dry,Daylight
2023-07-23T18:50:00.000,I 85,I 85 and Mm 31,,Rear End,2,Clear,Dry,Daylight
2020-01-10T10:00:00.000,I 85,I 85 and Mm 31,,Rear End,2,Clear,Dry,Daylight
2020-11-26T17:28:00.000,I 85,I 85 and Mm 31,,Sideswipe-Same Direction,2,Cloudy,Dry,Daylight
2024-01-01T04:34:00.000,I 85,I 85 and Mm 31,,Rear End,2,Clear,Dry,Dark-Not Lighted
2024-09-03T19:56:00.000,I 85,I 85 and Mm 31,,Rear End,2,Clear,Dry,Dark-Not Lighted
2024-12-15T21:40:00.000,I 85,I 85 and Mm 31,,Sideswipe-Same Direction,2,Clear,Dry,Dark-Not Lighted
2024-08-17T20:33:00.000,I 85,I 85 and Mm 31,,Not a Collision with Motor Vehicle,1,Rain,Wet,Dark-Not Lighted
2021-02-06T19:40:00.000,I 85,I 85 and Mm 30,,Rear End,2,Rain,Wet,Dark-Not Lighted
2021-03-07T23:19:00.000,I 85,I 85 and Mm 30,,Rear End,2,Clear,Dry,Dark-Not Lighted
2021-02-06T19:38:00.000,I 85,I 85 and Mm 30,,Not a Collision with Motor Vehicle,1,Rain,Wet,Dark-Not Lighted
2020-04-26T00:19:00.000,I 85,I 85 and Mm 30,,Sideswipe-Same Direction,2,Clear,Dry,Dark-Not Lighted
2022-09-05T15:30:00.000,I 85,I 85 and Mm 30,,Rear End,3,Cloudy,Dry,Daylight
2024-05-30T10:25:00.000,I 85,I 85 and Mm 30,,Not a Collision with Motor Vehicle,2,Cloudy,Dry,Daylight
2024-02-11T20:39:00.000,I 85,I 85 and Mm 30,,Sideswipe-Same Direction,2,Rain,Wet,Dark-Not Lighted
2024-12-15T20:45:00.000,I 85,I 85 and Mm 30,,Angle Crash,2,Clear,Dry,Dark-Not Lighted
2021-08-28T17:48:00.000,I 85,I 85 and Mm 29,,Rear End,2,Clear,Dry,Daylight
2020-03-05T23:55:00.000,I 85,I 85 and Mm 29,,Not a Collision with Motor Vehicle,2,Clear,Dry,Dark-Not Lighted
2021-05-22T14:34:00.000,I 85,I 85 and Mm 29,,Angle Crash,2,Clear,Dry,Daylight
2021-04-10T13:30:00.000,I 85,I 85 and Mm 28,,Rear End,3,Cloudy,Dry,Daylight
2023-06-14T17:00:00.000,I 85,I 85 and Mm 28,,Rear End,2,Rain,Wet,Daylight
2024-06-23T15:22:00.000,I 85,I 85 and Mm 28,,Rear End,2,Clear,Dry,Daylight
2024-02-11T23:18:00.000,I 85,I 85 and Mm 28,,Sideswipe-Same Direction,2,Rain,Wet,Dark-Not Lighted
2024-11-10T20:30:00.000,I 85,I 85 and Mm 28,,Not a Collision with Motor Vehicle,1,Cloudy,Wet,Dark-Lighted
2021-05-22T12:30:00.000,I 85,I 85 and Mm 27,,Rear End,2,Clear,Dry,Daylight
2024-01-09T08:47:00.000,I 85,I 85 and Mm 27,,Not a Collision with Motor Vehicle,1,Rain,Wet,Daylight
2023-03-12T10:53:00.000,I 85,I 85 and Mm 26,,Not a Collision with Motor Vehicle,1,Cloudy,Wet,Daylight
2020-06-10T10:55:00.000,I 85,I 85 and Mm 26,,Not a Collision with Motor Vehicle,1,Clear,Dry,Daylight
2021-09-14T10:36:00.000,I 85,I 85 and Mm 26,,Angle Crash,2,Clear,Dry,Daylight
2024-01-19T17:30:00.000,I 85,I 85 and Mm 26,,Rear End,2,Clear,Dry,Daylight
2024-02-11T21:33:00.000,I 85,I 85 and Mm 26,,Not a Collision with Motor Vehicle,1,Rain,Wet,Dark-Not Lighted
2024-02-11T19:00:00.000,I 85,I 85 and Mm 26,,Not a Collision with Motor Vehicle,1,Rain,Wet,Dark-Not Lighted
2024-03-02T11:57:00.000,I 85,I 85 and Mm 26,,Rear End,2,Clear,Dry,Daylight
2024-05-05T14:45:00.000,I 85,I 85 and Mm 26,,Sideswipe-Same Direction,2,Clear,Dry,Daylight
2024-09-25T19:54:00.000,I 85,I 85 and Mm 26,,Not a Collision with Motor Vehicle,2,Rain,Wet,Dark-Not Lighted
2024-06-29T13:33:00.000,I 85,I 85 and Mm 26,,Rear End,2,Clear,Dry,Daylight
2024-02-23T05:55:00.000,I 85,I 85 and Mm 26,,Not a Collision with Motor Vehicle,1,Rain,Wet,Dark-Not Lighted
2024-06-30T16:15:00.000,I 85,I 85 and Mm 26,,Rear End,2,Clear,Dry,Daylight
2024-01-27T19:22:00.000,I 85,I 85 and Mm 25.5,,Not a Collision with Motor Vehicle,1,Rain,Wet,Dark-Not Lighted
2023-07-02T17:12:00.000,I 85,I 85 and Mm 25,,Rear End,2,Clear,Dry,Daylight
2023-02-12T01:25:00.000,I 85,I 85 and Mm 25,,Not a Collision with Motor Vehicle,1,Rain,Wet,Dark-Not Lighted
2022-04-14T20:40:00.000,I 85,I 85 and Mm 25,,Sideswipe-Same Direction,3,Clear,Dry,Dark-Lighted
2024-12-01T19:40:00.000,I 85,I 85 and Mm 25,,Rear End,2,Clear,Dry,Dark-Not Lighted
2024-11-17T18:28:00.000,I 85,I 85 and Mm 25,,Rear End,2,Clear,Dry,Dark-Lighted
2023-11-04T15:27:00.000,I 85,I 85 and Mm 25,,Sideswipe-Same Direction,2,Clear,Dry,Daylight
2023-06-14T14:51:00.000,I 85,I 85 and Mm 25,,Not a Collision with Motor Vehicle,1,Rain,Wet,Daylight
2024-09-26T12:35:00.000,I 85,I 85 and Mm 25,,Not a Collision with Motor Vehicle,1,Rain,Wet,Daylight
2021-06-17T08:30:00.000,I 85,I 85 and Mm 249,,Rear End,2,Clear,Dry,Daylight
2020-02-20T17:01:00.000,I 85,I 85 and Mm 2482,,Rear End,2,Rain,Wet,Daylight
2021-06-28T16:48:00.000,I 85,I 85 and Mm 248,,Rear End,2,Clear,Dry,Daylight
2021-02-23T15:32:00.000,I 85,I 85 and Mm 247 Edgewood Ave,,Rear End,3,Clear,Dry,Daylight
2021-03-01T07:00:00.000,I 85,I 85 and Mm 246,,Rear End,2,Rain,Wet,Dawn
2020-06-04T15:33:00.000,I 85,I 85 and Mm 244,,Sideswipe-Same Direction,2,Clear,Dry,Daylight
2023-11-03T14:40:00.000,I 85,I 85 and Mm 24,,Rear End,2,Clear,Dry,Daylight
2020-08-15T03:21:00.000,I 85,I 85 and Mm 24,,Rear End,2,Cloudy,Dry,Dark-Not Lighted
2020-06-16T17:00:00.000,I 85,I 85 and Mm 24,,Sideswipe-Same Direction,2,Clear,Dry,Daylight
2020-01-19T14:55:00.000,I 85,I 85 and Mm 24,,Not a Collision with Motor Vehicle,1,Clear,Dry,Daylight
2024-05-21T02:50:00.000,I 85,I 85 and Mm 24,,Rear End,2,Clear,Dry,Dark-Not Lighted
2024-10-13T17:45:00.000,I 85,I 85 and Mm 24,,Rear End,3,Clear,Dry,Daylight
2023-09-16T10:20:00.000,I 85,I 85 and Mm 23,,Not a Collision with Motor Vehicle,1,Rain,Wet,Daylight
2020-05-24T02:20:00.000,I 85,I 85 and Mm 23,,Not a Collision with Motor Vehicle,1,Rain,Wet,Dark-Not Lighted
2021-12-10T18:19:00.000,I 85,I 85 and Mm 23,,Not a Collision with Motor Vehicle,1,Cloudy,Wet,Dark-Not Lighted
2024-11-24T13:15:00.000,I 85,I 85 and Mm 23,,Rear End,2,Clear,Dry,Daylight
2023-10-22T13:45:00.000,I 85,I 85 and Mm 23,,Rear End,2,Clear,Dry,Daylight
2024-12-17T10:45:00.000,I 85,I 85 and Mm 23,,Rear End,2,Clear,Dry,Daylight
2024-04-05T14:50:00.000,I 85,I 85 and Mm 23,,Rear End,2,Clear,Dry,Daylight
2024-11-27T14:30:00.000,I 85,I 85 and Mm 23,,Rear End,2,Clear,Dry,Daylight
2024-08-16T11:25:00.000,I 85,I 85 and Mm 23,,Not a Collision with Motor Vehicle,2,Clear,Dry,Daylight
2022-08-21T05:35:00.000,I 85,I 85 and Mm 22,,Not a Collision with Motor Vehicle,1,Cloudy,Dry,Dark-Not Lighted
2024-03-02T14:43:00.000,I 85,I 85 and Mm 22,,Angle Crash,3,Clear,Dry,Daylight
2023-11-25T16:00:00.000,I 85,I 85 and Mm 22,,Rear End,4,Clear,Dry,Daylight
2023-11-10T12:25:00.000,I 85,I 85 and Mm 22,,Sideswipe-Same Direction,2,Cloudy,Wet,Daylight
2024-06-24T07:23:00.000,I 85,I 85 and Mm 22,,Not a Collision with Motor Vehicle,1,Rain,Wet,Daylight
2024-03-05T11:50:00.000,I 85,I 85 and Mm 22,,Not a Collision with Motor Vehicle,1,Rain,Wet,Daylight
2024-06-23T18:15:00.000,I 85,I 85 and Mm 22,,Rear End,2,Clear,Dry,Daylight
2024-06-04T06:10:00.000,I 85,I 85 and Mm 22,,Sideswipe-Same Direction,2,Clear,Dry,Daylight
2024-03-02T16:52:00.000,I 85,I 85 and Mm 22,,Rear End,2,Clear,Dry,Daylight
2024-04-10T19:45:00.000,I 85,I 85 and Mm 22,,Not a Collision with Motor Vehicle,1,Rain,Wet,Dark-Not Lighted
2020-02-05T21:35:00.000,I 85,I 85 and Mm 21,,Not a Collision with Motor Vehicle,1,Rain,Wet,Dark-Not Lighted
2020-01-03T13:10:00.000,I 85,I 85 and Mm 21,,Not a Collision with Motor Vehicle,1,Rain,Wet,Daylight
2024-04-10T18:40:00.000,I 85,I 85 and Mm 21,,Not a Collision with Motor Vehicle,1,Rain,Wet,Daylight
2024-03-17T20:37:00.000,I 85,I 85 and Mm 21,,Not a Collision with Motor Vehicle,1,Clear,Wet,Dark-Not Lighted
2024-12-31T21:40:00.000,I 85,I 85 and Mm 21,,Not a Collision with Motor Vehicle,1,Clear,Dry,Dark-Not Lighted
2024-09-25T18:46:00.000,I 85,I 85 and Mm 21,,Not a Collision with Motor Vehicle,1,Rain,Wet,Daylight
2024-04-10T20:30:00.000,I 85,I 85 and Mm 21,,Not a Collision with Motor Vehicle,1,Rain,Wet,Dark-Not Lighted
2024-11-14T09:30:00.000,I 85,I 85 and Mm 21,,Not a Collision with Motor Vehicle,1,Rain,Wet,Daylight
2024-04-06T14:00:00.000,I 85,I 85 and Mm 21,,Rear End,2,Clear,Dry,Daylight
2024-09-13T16:18:00.000,I 85,I 85 and Mm 21,,Not a Collision with Motor Vehicle,1,Cloudy,Dry,Daylight
2024-07-28T06:55:00.000,I 85,I 85 and Mm 21,,Not a Collision with Motor Vehicle,1,Cloudy,Dry,Daylight
2023-06-14T17:54:00.000,I 85,I 85 and Mm 20,,Rear End,3,Cloudy,Wet,Daylight
2020-01-07T23:50:00.000,I 85,I 85 and Mm 20,,Sideswipe-Same Direction,2,Clear,Dry,Dark-Not Lighted
2022-05-30T17:50:00.000,I 85,I 85 and Mm 20,,Rear End,3,Clear,Dry,Daylight
2023-06-23T17:10:00.000,I 85,I 85 and Mm 20,,Rear End,2,Clear,Dry,Daylight
2023-12-20T07:15:00.000,I 85,I 85 and Mm 20,,Rear End,2,Cloudy,Dry,Dawn
2024-03-15T16:00:00.000,I 85,I 85 and Mm 20,,Rear End,2,Clear,Dry,Daylight
2024-04-12T07:53:00.000,I 85,I 85 and Mm 20,,Rear End,2,Clear,Dry,Daylight
2024-10-05T10:00:00.000,I 85,I 85 and Mm 20,,Not a Collision with Motor Vehicle,1,Clear,Dry,Daylight
2024-03-15T16:15:00.000,I 85,I 85 and Mm 20,,Rear End,2,Clear,Dry,Daylight
2022-10-20T14:00:00.000,I 85,I 85 and Mm 1O9,,Not a Collision with Motor Vehicle,1,Cloudy,Dry,Daylight
2024-09-20T22:28:00.000,I 85,I 85 and Mm 18,,Not a Collision with Motor Vehicle,1,Clear,Dry,Dark-Lighted
2024-05-05T22:11:00.000,I 85,I 85 and Mm 18,,Not a Collision with Motor Vehicle,1,Clear,Wet,Dark-Not Lighted
2021-02-06T20:36:00.000,I 85,I 85 and Mm 179,,Not a Collision with Motor Vehicle,1,Snow,Slush,Dark-Not Lighted
2020-07-13T12:15:00.000,I 85,I 85 and Mm 179,,Sideswipe-Same Direction,2,Clear,Dry,Daylight
2020-02-13T07:54:00.000,I 85,I 85 and Mm 179,,Not a Collision with Motor Vehicle,1,Severe Thunderstorm or Tornadic,Wet,Daylight
2020-11-30T08:10:00.000,I 85,I 85 and Mm 179,,Not a Collision with Motor Vehicle,1,Clear,Wet,Daylight
2020-08-30T23:50:00.000,I 85,I 85 and Mm 179,,Not a Collision with Motor Vehicle,1,Clear,Dry,Dark-Not Lighted
2021-06-20T13:42:00.000,I 85,I 85 and Mm 179,,Rear End,2,Clear,Wet,Daylight
2022-05-26T07:39:00.000,I 85,I 85 and Mm 179,,Not a Collision with Motor Vehicle,1,Rain,Wet,Daylight
2024-12-09T11:09:00.000,I 85,I 85 and Mm 179,,Not a Collision with Motor Vehicle,1,Rain,Wet,Daylight
2023-06-08T12:43:00.000,I 85,I 85 and Mm 179,,Sideswipe-Same Direction,2,Cloudy,Dry,Daylight
2024-12-09T11:09:00.000,I 85,I 85 and Mm 179,,Rear End,2,Rain,Wet,Daylight
2021-10-08T09:26:00.000,I 85,I 85 and Mm 178.5,,Not a Collision with Motor Vehicle,1,Rain,Wet,Daylight
2021-03-31T07:45:00.000,I 85,I 85 and Mm 178,,Sideswipe-Same Direction,2,Rain,Wet,Daylight
2021-06-08T09:07:00.000,I 85,I 85 and Mm 178,,Rear End,2,Rain,Wet,Daylight
2020-10-14T16:10:00.000,I 85,I 85 and Mm 178,,Rear End,3,Clear,Dry,Daylight
2022-11-03T21:40:00.000,I 85,I 85 and Mm 178,,Not a Collision with Motor Vehicle,1,Cloudy,Dry,Dark-Not Lighted
2022-12-13T13:00:00.000,I 85,I 85 and Mm 178,,Sideswipe-Same Direction,2,Cloudy,Dry,Daylight
2023-08-07T20:05:00.000,I 85,I 85 and Mm 178,,Not a Collision with Motor Vehicle,2,Cloudy,Wet,Daylight
2024-07-05T14:54:00.000,I 85,I 85 and Mm 178,,Not a Collision with Motor Vehicle,2,Clear,Dry,Daylight
2023-06-26T11:06:00.000,I 85,I 85 and Mm 177,,Rear End,2,Cloudy,Dry,Daylight
2020-12-20T15:25:00.000,I 85,I 85 and Mm 177,,Not a Collision with Motor Vehicle,1,Clear,Dry,Daylight
2020-09-30T15:21:00.000,I 85,I 85 and Mm 177,,Not a Collision with Motor Vehicle,1,Clear,Dry,Daylight
2024-03-30T20:35:00.000,I 85,I 85 and Mm 177,,Not a Collision with Motor Vehicle,2,Clear,Dry,Daylight
2023-11-06T20:40:00.000,I 85,I 85 and Mm 177,,Sideswipe-Same Direction,2,Clear,Dry,Dark-Not Lighted
2024-05-06T09:56:00.000,I 85,I 85 and Mm 177,,Sideswipe-Same Direction,2,Cloudy,Wet,Daylight
2021-04-25T15:34:00.000,I 85,I 85 and Mm 176,,Not a Collision with Motor Vehicle,2,Clear,Dry,Daylight
2020-09-30T15:25:00.000,I 85,I 85 and Mm 176,,Rear End,2,Clear,Dry,Daylight
2020-06-22T11:06:00.000,I 85,I 85 and Mm 176,,Rear End,3,Clear,Dry,Daylight
2020-12-18T18:49:00.000,I 85,I 85 and Mm 176,,Sideswipe-Same Direction,2,Clear,Dry,Dark-Not Lighted
2021-03-02T09:58:00.000,I 85,I 85 and Mm 176,,Not a Collision with Motor Vehicle,1,Clear,Dry,Daylight
2021-03-08T07:25:00.000,I 85,I 85 and Mm 176,,Sideswipe-Same Direction,2,Clear,Dry,Daylight
2021-05-14T07:45:00.000,I 85,I 85 and Mm 176,,Not a Collision with Motor Vehicle,1,Clear,Dry,Daylight
2024-05-06T07:45:00.000,I 85,I 85 and Mm 176,,Not a Collision with Motor Vehicle,1,Rain,Wet,Daylight
2024-12-03T10:32:00.000,I 85,I 85 and Mm 176,,Rear End,2,Clear,Dry,Daylight
2021-10-16T00:55:00.000,I 85,I 85 and Mm 175.5,,Rear End,2,Clear,Dry,Dark-Not Lighted
2021-11-05T18:57:00.000,I 85,I 85 and Mm 175,,Not a Collision with Motor Vehicle,1,Clear,Dry,Dark-Not Lighted
2021-04-24T21:40:00.000,I 85,I 85 and Mm 175,,Not a Collision with Motor Vehicle,1,Rain,Wet,Dark-Not Lighted
2023-11-12T18:50:00.000,I 85,I 85 and Mm 175,,Sideswipe-Same Direction,2,Clear,Wet,Dark-Not Lighted
2023-06-26T11:09:00.000,I 85,I 85 and Mm 175,,Rear End,2,Clear,Dry,Daylight
2020-07-28T21:06:00.000,I 85,I 85 and Mm 175,,Rear End,2,Clear,Dry,Dark-Not Lighted
2021-04-05T08:28:00.000,I 85,I 85 and Mm 175,,Rear End,2,Clear,Dry,Daylight
2022-10-07T19:22:00.000,I 85,I 85 and Mm 175,,Sideswipe-Same Direction,2,Clear,Dry,Dark-Not Lighted
2023-10-27T06:48:00.000,I 85,I 85 and Mm 175,,Sideswipe-Same Direction,1,Clear,Dry,Dark-Not Lighted
2023-12-28T15:00:00.000,I 85,I 85 and Mm 174,,Rear End,2,Clear,Dry,Daylight
2020-11-25T20:27:00.000,I 85,I 85 and Mm 174,,Not a Collision with Motor Vehicle,1,Rain,Wet,Dark-Not Lighted
2020-05-13T17:45:00.000,I 85,I 85 and Mm 174,,Sideswipe-Same Direction,2,Clear,Dry,Daylight
2021-05-19T13:47:00.000,I 85,I 85 and Mm 174,,Not a Collision with Motor Vehicle,2,Clear,Dry,Daylight
2022-07-08T02:19:00.000,I 85,I 85 and Mm 174,,Rear End,2,Clear,Dry,Dark-Not Lighted
2022-12-16T13:25:00.000,I 85,I 85 and Mm 174,,Angle Crash,2,Clear,Dry,Daylight
2021-03-05T21:22:00.000,I 85,I 85 and Mm 173,,Rear End,2,Clear,Dry,Dark-Not Lighted
2023-10-02T13:03:00.000,I 85,I 85 and Mm 173,,Sideswipe-Same Direction,2,Clear,Dry,Daylight
2023-06-11T11:55:00.000,I 85,I 85 and Mm 173,,Rear End,2,Rain,Wet,Daylight
2022-12-15T14:34:00.000,I 85,I 85 and Mm 173,,Sideswipe-Same Direction,4,Clear,Dry,Daylight