Date and Time,Roadway (From Crash Report),Intersection Name (from Crash Report),KABCO Severity,Manner of Collision (Crash Level) ,# of Vehicles per crash ,Weather Conditions (Crash Level),Surface Condition (Crash Level) ,Light Conditions (Crash Level)
2020-09-29T11:13:00.000,I 85,I 85 and Mm 173,,Sideswipe-Same Direction,2,Rain,Wet,Daylight
2021-04-24T12:04:00.000,I 85,I 85 and Mm 173,,Not a Collision with Motor Vehicle,1,Rain,Wet,Daylight
2021-07-28T05:54:00.000,I 85,I 85 and Mm 173,,Rear End,2,Clear,Dry,Dark-Not Lighted
2021-11-15T19:02:00.000,I 85,I 85 and Mm 173,,Sideswipe-Same Direction,2,Clear,Dry,Dark-Not Lighted
2022-07-01T19:30:00.000,I 85,I 85 and Mm 173,,Rear End,2,Rain,Wet,Dusk
2022-10-16T12:03:00.000,I 85,I 85 and Mm 173,,Rear End,2,Clear,Dry,Daylight
2022-12-11T13:57:00.000,I 85,I 85 and Mm 173,,Not a Collision with Motor Vehicle,1,Rain,Wet,Daylight
2022-11-27T14:29:00.000,I 85,I 85 and Mm 173,,Not a Collision with Motor Vehicle,1,Clear,Dry,Daylight
2023-10-16T13:07:00.000,I 85,I 85 and Mm 173,,Rear End,2,Rain,Wet,Daylight
2024-12-02T07:00:00.000,I 85,I 85 and Mm 173,,Sideswipe-Same Direction,2,Clear,Dry,Dusk
2023-06-17T14:16:00.000,I 85,I 85 and Mm 173,,Rear End,2,Cloudy,Dry,Daylight
2024-10-08T07:35:00.000,I 85,I 85 and Mm 173,,Angle Crash,2,Clear,Dry,Daylight
2021-01-03T12:20:00.000,I 85,I 85 and Mm 1725,,Not a Collision with Motor Vehicle,1,Clear,Dry,Daylight
2022-04-22T06:20:00.000,I 85,I 85 and Mm 172.5,,Not a Collision with Motor Vehicle,2,Clear,Dry,Dawn
2021-06-12T12:13:00.000,I 85,I 85 and Mm 172,,Sideswipe-Same Direction,2,Clear,Dry,Daylight
2023-07-06T18:00:00.000,I 85,I 85 and Mm 172,,Not a Collision with Motor Vehicle,1,Rain,Wet,Daylight
2020-02-08T19:19:00.000,I 85,I 85 and Mm 172,,Sideswipe-Same Direction,2,Cloudy,Wet,Dark-Not Lighted
2020-09-21T14:43:00.000,I 85,I 85 and Mm 172,,Rear End,2,Clear,Dry,Daylight
2021-03-05T21:18:00.000,I 85,I 85 and Mm 172,,Angle Crash,2,Clear,Dry,Dark-Not Lighted
2021-07-05T07:16:00.000,I 85,I 85 and Mm 172,,Not a Collision with Motor Vehicle,1,Clear,Dry,Daylight
2022-11-11T16:35:00.000,I 85,I 85 and Mm 172,,Not a Collision with Motor Vehicle,1,Rain,Wet,Daylight
2022-03-21T20:20:00.000,I 85,I 85 and Mm 172,,Not a Collision with Motor Vehicle,2,Clear,Dry,Dark-Not Lighted
2024-04-16T11:41:00.000,I 85,I 85 and Mm 172,,Not a Collision with Motor Vehicle,2,Cloudy,Dry,Daylight
2021-08-20T16:09:00.000,I 85,I 85 and Mm 171,,Rear End,2,Clear,Dry,Daylight
2021-06-19T17:45:00.000,I 85,I 85 and Mm 171,,Not a Collision with Motor Vehicle,1,Cloudy,Wet,Daylight
2020-05-26T15:59:00.000,I 85,I 85 and Mm 171,,Not a Collision with Motor Vehicle,1,Clear,Dry,Daylight
2023-10-30T00:12:00.000,I 85,I 85 and Mm 171,,Rear End,2,Clear,Dry,Dark-Lighted
2023-08-05T09:00:00.000,I 85,I 85 and Mm 171,,Not a Collision with Motor Vehicle,1,Clear,Dry,Daylight
2020-06-03T18:11:00.000,I 85,I 85 and Mm 171,,Sideswipe-Same Direction,2,Clear,Dry,Daylight
2020-02-21T11:49:00.000,I 85,I 85 and Mm 171,,Sideswipe-Same Direction,2,Clear,Dry,Daylight
2022-05-09T15:57:00.000,I 85,I 85 and Mm 171,,Not a Collision with Motor Vehicle,2,Clear,Dry,Daylight
2022-11-11T17:20:00.000,I 85,I 85 and Mm 171,,Rear End,2,Clear,Wet,Daylight
2022-04-10T16:03:00.000,I 85,I 85 and Mm 171,,Rear End,2,Clear,Dry,Daylight
2021-06-11T13:01:00.000,I 85,I 85 and Mm 170,,Sideswipe-Same Direction,2,Clear,Dry,Daylight
2023-03-20T13:15:00.000,I 85,I 85 and Mm 170,,Not a Collision with Motor Vehicle,1,Clear,Dry,Daylight
2023-09-22T12:36:00.000,I 85,I 85 and Mm 170,,Sideswipe-Same Direction,2,Clear,Dry,Daylight
2023-03-25T11:08:00.000,I 85,I 85 and Mm 170,,Rear End,2,Cloudy,Wet,Daylight
2020-08-11T22:15:00.000,I 85,I 85 and Mm 170,,Rear End,2,Clear,Dry,Dark-Not Lighted
2020-03-25T16:35:00.000,I 85,I 85 and Mm 170,,Rear End,2,Clear,Dry,Daylight
2020-02-16T11:00:00.000,I 85,I 85 and Mm 170,,Not a Collision with Motor Vehicle,1,Rain,Wet,Daylight
2021-07-28T05:32:00.000,I 85,I 85 and Mm 170,,Rear End,2,Clear,Dry,Dark-Not Lighted
2022-09-03T18:57:00.000,I 85,I 85 and Mm 170,,Not a Collision with Motor Vehicle,1,Cloudy,Dry,Daylight
2023-09-24T18:56:00.000,I 85,I 85 and Mm 170,,Rear End,2,Clear,Dry,Daylight
2023-03-20T13:00:00.000,I 85,I 85 and Mm 170,,Not a Collision with Motor Vehicle,1,Clear,Dry,Daylight
2023-07-18T12:43:00.000,I 85,I 85 and Mm 17,,Not a Collision with Motor Vehicle,2,Cloudy,Dry,Daylight
2024-09-06T01:41:00.000,I 85,I 85 and Mm 17,,Not a Collision with Motor Vehicle,1,Clear,Dry,Dark-Not Lighted
2020-05-25T19:37:00.000,I 85,I 85 and Mm 169,,Rear End,2,Rain,Wet,Daylight
2020-07-31T03:51:00.000,I 85,I 85 and Mm 169,,Not a Collision with Motor Vehicle,1,Clear,Dry,Dark-Not Lighted
2020-08-26T04:02:00.000,I 85,I 85 and Mm 169,,Not a Collision with Motor Vehicle,1,Rain,Wet,Daylight
2020-12-24T10:32:00.000,I 85,I 85 and Mm 169,,Not a Collision with Motor Vehicle,1,Rain,Wet,Daylight
2020-10-19T07:35:00.000,I 85,I 85 and Mm 169,,Not a Collision with Motor Vehicle,1,Clear,Dry,Daylight
2023-03-26T11:13:00.000,I 85,I 85 and Mm 169,,Not a Collision with Motor Vehicle,1,Rain,Wet,Daylight
2024-08-02T07:28:00.000,I 85,I 85 and Mm 169,,Not a Collision with Motor Vehicle,2,(None),(None),(None)
2021-03-07T15:19:00.000,I 85,I 85 and Mm 168,,Rear End,3,Clear,Dry,Daylight
2021-03-08T09:35:00.000,I 85,I 85 and Mm 168,,Rear End,2,Clear,Dry,Daylight
2021-11-28T19:58:00.000,I 85,I 85 and Mm 168,,Rear End,2,Clear,Dry,Dark-Not Lighted
2021-01-30T16:00:00.000,I 85,I 85 and Mm 168,,Sideswipe-Same Direction,2,Cloudy,Dry,Daylight
2020-09-12T14:02:00.000,I 85,I 85 and Mm 168,,Not a Collision with Motor Vehicle,1,Rain,Wet,Daylight
2021-06-04T13:12:00.000,I 85,I 85 and Mm 168,,Rear End,2,Clear,Dry,Daylight
2021-03-08T09:39:00.000,I 85,I 85 and Mm 168,,Rear End,2,Cloudy,Dry,Daylight
2024-08-30T14:47:00.000,I 85,I 85 and Mm 168,,Rear End,2,Cloudy,Dry,Daylight
2024-06-22T12:40:00.000,I 85,I 85 and Mm 168,,Rear End,2,Clear,Dry,Daylight
2020-10-19T05:27:00.000,I 85,I 85 and Mm 1675,,Rear End,2,Clear,Dry,Dark-Not Lighted
2021-04-11T16:00:00.000,I 85,I 85 and Mm 167,,Rear End,2,Clear,Dry,Daylight
2023-06-11T13:18:00.000,I 85,I 85 and Mm 167,,Rear End,4,Rain,Wet,Daylight
2023-12-23T10:33:00.000,I 85,I 85 and Mm 167,,Not a Collision with Motor Vehicle,1,Cloudy,Dry,Daylight
2022-05-29T18:55:00.000,I 85,I 85 and Mm 167,,Rear End,2,Clear,Dry,Daylight
2020-02-06T08:17:00.000,I 85,I 85 and Mm 167,,Not a Collision with Motor Vehicle,1,Rain,Wet,Daylight
2023-09-01T10:46:00.000,I 85,I 85 and Mm 167,,Not a Collision with Motor Vehicle,2,Clear,Dry,Daylight
2023-04-22T13:54:00.000,I 85,I 85 and Mm 167,,Rear End,2,Cloudy,Dry,Daylight
2022-05-27T18:21:00.000,I 85,I 85 and Mm 166,,Not a Collision with Motor Vehicle,2,Clear,Dry,Daylight
2020-08-22T18:10:00.000,I 85,I 85 and Mm 166,,Not a Collision with Motor Vehicle,1,Rain,Wet,Daylight
2021-07-24T17:53:00.000,I 85,I 85 and Mm 166,,Rear End,2,Clear,Dry,Daylight
2021-08-20T17:02:00.000,I 85,I 85 and Mm 166,,Rear End,2,Clear,Dry,Daylight
2021-07-31T09:27:00.000,I 85,I 85 and Mm 166,,Rear End,2,Clear,Dry,Daylight
2022-04-02T10:20:00.000,I 85,I 85 and Mm 166,,Rear End,2,Clear,Dry,Daylight
2022-02-03T20:15:00.000,I 85,I 85 and Mm 166,,Not a Collision with Motor Vehicle,1,Rain,Wet,Dark-Not Lighted
2024-11-19T09:26:00.000,I 85,I 85 and Mm 166,,Sideswipe-Same Direction,2,Rain,Wet,Daylight
2024-11-27T06:51:00.000,I 85,I 85 and Mm 166,,Head On,2,Clear,Dry,Dark-Not Lighted
2020-08-16T14:44:00.000,I 85,I 85 and Mm 165,,Rear End,3,Clear,Dry,Daylight
2020-08-03T17:30:00.000,I 85,I 85 and Mm 165,,Not a Collision with Motor Vehicle,1,Rain,Wet,Daylight
2023-07-04T23:45:00.000,I 85,I 85 and Mm 165,,Not a Collision with Motor Vehicle,1,Cloudy,Dry,Dark-Not Lighted
2024-09-01T19:40:00.000,I 85,I 85 and Mm 165,,Not a Collision with Motor Vehicle,1,Cloudy,Wet,Daylight
2024-04-03T15:29:00.000,I 85,I 85 and Mm 165,,Not a Collision with Motor Vehicle,1,Clear,Dry,Daylight
2022-08-24T14:07:00.000,I 85,I 85 and Mm 164.5,,Not a Collision with Motor Vehicle,1,Rain,Wet,Daylight
2021-04-04T16:14:00.000,I 85,I 85 and Mm 164,,Rear End,3,Clear,Dry,Daylight
2021-05-28T22:07:00.000,I 85,I 85 and Mm 164,,Rear End,2,Rain,Wet,Dark-Not Lighted
2021-07-12T09:15:00.000,I 85,I 85 and Mm 164,,Sideswipe-Same Direction,2,Clear,Dry,Daylight
2021-01-23T13:08:00.000,I 85,I 85 and Mm 164,,Sideswipe-Same Direction,2,Clear,Dry,Daylight
2021-07-10T01:10:00.000,I 85,I 85 and Mm 164,,Rear End,2,Clear,Dry,Dark-Not Lighted
2021-09-05T10:21:00.000,I 85,I 85 and Mm 164,,Sideswipe-Same Direction,2,Clear,Dry,Daylight
2021-01-15T16:57:00.000,I 85,I 85 and Mm 164,,Rear End,2,Clear,Dry,Daylight
2020-11-30T12:15:00.000,I 85,I 85 and Mm 164,,Sideswipe-Same Direction,2,Cloudy,Dry,Daylight
2020-07-19T19:00:00.000,I 85,I 85 and Mm 164,,Not a Collision with Motor Vehicle,1,Rain,Wet,Daylight
2020-01-18T22:52:00.000,I 85,I 85 and Mm 164,,Rear End,2,Rain,Wet,Dark-Lighted
2022-02-12T16:10:00.000,I 85,I 85 and Mm 164,,Not a Collision with Motor Vehicle,1,Clear,Dry,Daylight
2023-07-22T17:45:00.000,I 85,I 85 and Mm 164,,Not a Collision with Motor Vehicle,1,Clear,Dry,Daylight
2024-05-07T17:30:00.000,I 85,I 85 and Mm 164,,Sideswipe-Same Direction,2,Cloudy,Dry,Daylight
2021-10-25T07:10:00.000,I 85,I 85 and Mm 163,,Not a Collision with Motor Vehicle,1,Clear,Dry,Dawn
2021-04-24T11:35:00.000,I 85,I 85 and Mm 163,,Not a Collision with Motor Vehicle,1,Rain,Wet,Daylight
2020-09-04T23:08:00.000,I 85,I 85 and Mm 163,,Not a Collision with Motor Vehicle,1,Clear,Dry,Dark-Not Lighted
2020-08-31T01:17:00.000,I 85,I 85 and Mm 163,,Sideswipe-Same Direction,2,Clear,Wet,Dark-Not Lighted
2021-03-17T16:36:00.000,I 85,I 85 and Mm 163,,Rear End,3,Rain,Wet,Daylight
2021-11-28T18:08:00.000,I 85,I 85 and Mm 163,,Rear End,3,Clear,Dry,Dark-Not Lighted
2022-07-29T05:45:00.000,I 85,I 85 and Mm 163,,Sideswipe-Same Direction,2,Clear,Dry,Dark-Not Lighted
2024-01-02T11:42:00.000,I 85,I 85 and Mm 163,,Rear End,2,Clear,Dry,Daylight
2024-12-13T12:52:00.000,I 85,I 85 and Mm 163,,Sideswipe-Same Direction,2,Cloudy,Dry,Daylight
2021-05-21T17:50:00.000,I 85,I 85 and Mm 162,,Not a Collision with Motor Vehicle,1,Clear,Dry,Daylight
2020-06-10T08:50:00.000,I 85,I 85 and Mm 162,,Rear End,2,Cloudy,Dry,Daylight
2021-03-22T12:17:00.000,I 85,I 85 and Mm 162,,Not a Collision with Motor Vehicle,1,Clear,Dry,Daylight
2022-10-31T08:38:00.000,I 85,I 85 and Mm 162,,Angle Crash,2,Rain,Wet,Dawn
2023-01-01T18:29:00.000,I 85,I 85 and Mm 162,,Not a Collision with Motor Vehicle,1,Clear,Dry,Dark-Not Lighted
2024-09-12T19:03:00.000,I 85,I 85 and Mm 162,,Not a Collision with Motor Vehicle,1,Cloudy,Wet,Dusk
2022-11-11T01:18:00.000,I 85,I 85 and Mm 161.5,,Not a Collision with Motor Vehicle,1,Rain,Wet,Dark-Not Lighted
2021-02-25T00:38:00.000,I 85,I 85 and Mm 161,,Rear End,3,Clear,Dry,Dark-Not Lighted
2021-04-24T10:00:00.000,I 85,I 85 and Mm 161,,Not a Collision with Motor Vehicle,1,Rain,Wet,Daylight
2020-08-31T01:20:00.000,I 85,I 85 and Mm 161,,Not a Collision with Motor Vehicle,1,Clear,Wet,Dark-Not Lighted
2021-10-07T21:25:00.000,I 85,I 85 and Mm 161,,Sideswipe-Same Direction,2,Clear,Wet,Dark-Not Lighted
2021-12-06T11:01:00.000,I 85,I 85 and Mm 161,,Not a Collision with Motor Vehicle,1,Clear,Dry,Daylight
2024-11-19T10:53:00.000,I 85,I 85 and Mm 161,,Not a Collision with Motor Vehicle,1,Rain,Wet,Daylight
2021-03-01T11:32:00.000,I 85,I 85 and Mm 160,,Rear End,2,Cloudy,Dry,Daylight
2021-10-09T11:40:00.000,I 85,I 85 and Mm 160,,Sideswipe-Same Direction,2,Clear,Dry,Daylight
2020-10-01T16:00:00.000,I 85,I 85 and Mm 160,,Rear End,4,Clear,Dry,Daylight
2020-10-01T16:00:00.000,I 85,I 85 and Mm 160,,Rear End,2,Clear,Dry,Daylight
2021-05-09T14:29:00.000,I 85,I 85 and Mm 160,,Rear End,2,Clear,Dry,Daylight
2021-11-14T18:46:00.000,I 85,I 85 and Mm 160,,Rear End,2,Clear,Dry,Dark-Not Lighted
2022-10-14T22:10:00.000,I 85,I 85 and Mm 160,,Not a Collision with Motor Vehicle,1,Clear,Dry,Dark-Not Lighted
2022-02-16T08:06:00.000,I 85,I 85 and Mm 160,,Rear End,2,Cloudy,Dry,Daylight
2021-02-06T18:19:00.000,I 85,I 85 and Mm 16,,Rear End,3,Rain,Wet,Dark-Not Lighted
2021-02-03T02:35:00.000,I 85,I 85 and Mm 16,,Sideswipe-Same Direction,2,Clear,Dry,Dark-Lighted
2024-04-18T08:51:00.000,I 85,I 85 and Mm 16,,Rear End,2,Clear,Dry,Daylight
2022-07-01T10:55:00.000,I 85,I 85 and Mm 159,,Sideswipe-Same Direction,2,Clear,Dry,Daylight
2020-02-21T12:22:00.000,I 85,I 85 and Mm 159,,Angle Crash,2,Clear,Dry,Daylight
2020-10-19T06:37:00.000,I 85,I 85 and Mm 159,,Not a Collision with Motor Vehicle,1,Clear,Dry,Dark-Not Lighted
2020-02-09T15:32:00.000,I 85,I 85 and Mm 159,,Angle Crash,2,Cloudy,Dry,Daylight
2021-04-11T18:34:00.000,I 85,I 85 and Mm 159,,Rear End,2,Clear,Dry,Daylight
2020-07-06T19:05:00.000,I 85,I 85 and Mm 1585,,Not a Collision with Motor Vehicle,1,Rain,Wet,Daylight
2021-05-14T08:22:00.000,I 85,I 85 and Mm 158,,Rear End,2,Clear,Dry,Daylight
2020-04-11T14:00:00.000,I 85,I 85 and Mm 158,,Not a Collision with Motor Vehicle,1,Clear,Dry,Daylight
2020-07-13T13:47:00.000,I 85,I 85 and Mm 158,,Sideswipe-Same Direction,3,Clear,Dry,Daylight
2021-11-13T09:12:00.000,I 85,I 85 and Mm 158,,Not a Collision with Motor Vehicle,1,Clear,Dry,Daylight
2022-10-23T07:13:00.000,I 85,I 85 and Mm 158,,Angle Crash,2,Clear,Dry,Dawn
2020-02-08T02:20:00.000,I 85,I 85 and Mm 157,,Angle Crash,2,Clear,Dry,Dark-Not Lighted
2020-08-01T03:20:00.000,I 85,I 85 and Mm 157,,Not a Collision with Motor Vehicle,1,Clear,Wet,Dark-Not Lighted
2021-07-05T12:43:00.000,I 85,I 85 and Mm 157,,Rear End,2,Clear,Dry,Daylight
2021-07-14T13:46:00.000,I 85,I 85 and Mm 157,,Sideswipe-Same Direction,2,Clear,Dry,Daylight
2020-10-19T23:28:00.000,I 85,I 85 and Mm 1565,,Rear End,2,Clear,Dry,Daylight
2020-10-25T23:35:00.000,I 85,I 85 and Mm 1565,,Not a Collision with Motor Vehicle,1,Clear,Dry,Dark-Not Lighted
2021-05-09T02:28:00.000,I 85,I 85 and Mm 156,,Not a Collision with Motor Vehicle,1,Clear,Dry,Dark-Not Lighted
2021-11-04T11:00:00.000,I 85,I 85 and Mm 156,,Not a Collision with Motor Vehicle,1,Rain,Wet,Daylight
2023-11-25T15:22:00.000,I 85,I 85 and Mm 156,,Sideswipe-Same Direction,1,Clear,Dry,Daylight
2023-01-06T21:56:00.000,I 85,I 85 and Mm 156,,Sideswipe-Same Direction,2,Clear,Dry,Dark-Not Lighted
2020-08-26T16:01:00.000,I 85,I 85 and Mm 156,,Not a Collision with Motor Vehicle,1,Rain,Wet,Daylight
2020-07-20T21:20:00.000,I 85,I 85 and Mm 156,,Rear End,2,Clear,Dry,Dark-Not Lighted
2020-05-27T17:44:00.000,I 85,I 85 and Mm 156,,Not a Collision with Motor Vehicle,1,Rain,Wet,Daylight
2021-05-10T09:09:00.000,I 85,I 85 and Mm 156,,Not a Collision with Motor Vehicle,1,Clear,Wet,Daylight
2021-11-09T16:03:00.000,I 85,I 85 and Mm 156,,Rear End,2,Clear,Dry,Daylight
2021-08-11T10:39:00.000,I 85,I 85 and Mm 156,,Rear End,2,Clear,Dry,Daylight
2022-03-08T22:32:00.000,I 85,I 85 and Mm 156,,Sideswipe-Same Direction,2,Rain,Wet,Dark-Not Lighted
2023-03-27T12:50:00.000,I 85,I 85 and Mm 156,,Rear End,2,Clear,Dry,Daylight
2024-12-09T07:59:00.000,I 85,I 85 and Mm 156,,Rear End,2,Rain,Wet,Daylight
2020-05-22T14:30:00.000,I 85,I 85 and Mm 155,,Not a Collision with Motor Vehicle,1,Rain,Wet,Daylight
2021-12-26T13:00:00.000,I 85,I 85 and Mm 155,,Rear End,2,Clear,Dry,Daylight
2022-12-10T01:59:00.000,I 85,I 85 and Mm 155,,Not a Collision with Motor Vehicle,1,Clear,Wet,Dark-Not Lighted
2022-06-24T13:30:00.000,I 85,I 85 and Mm 155,,Not a Collision with Motor Vehicle,1,Clear,Dry,Daylight
2024-07-07T17:00:00.000,I 85,I 85 and Mm 155,,Rear End,2,Clear,Dry,Daylight
2020-09-12T17:45:00.000,I 85,I 85 and Mm 154,,Not a Collision with Motor Vehicle,1,Rain,Wet,Daylight
2021-08-30T12:45:00.000,I 85,I 85 and Mm 154,,Sideswipe-Opposite Direction,2,Clear,Dry,Daylight
2022-12-27T12:22:00.000,I 85,I 85 and Mm 154,,Rear End,2,Clear,Dry,Daylight
2022-01-06T12:17:00.000,I 85,I 85 and Mm 154,,Sideswipe-Same Direction,2,Clear,Dry,Daylight
2023-08-20T16:11:00.000,I 85,I 85 and Mm 154,,Sideswipe-Same Direction,2,Clear,Dry,Daylight
2024-08-27T15:46:00.000,I 85,I 85 and Mm 154,,Not a Collision with Motor Vehicle,2,Clear,Dry,Daylight
2024-12-06T02:30:00.000,I 85,I 85 and Mm 154,,Not a Collision with Motor Vehicle,1,Clear,Dry,Dark-Not Lighted
2022-09-16T15:07:00.000,I 85,I 85 and Mm 153.5,,Not a Collision with Motor Vehicle,2,Clear,Dry,Daylight
2021-11-24T10:36:00.000,I 85,I 85 and Mm 153,,Rear End,3,Clear,Dry,Daylight
2021-08-30T12:45:00.000,I 85,I 85 and Mm 153,,Rear End,2,Clear,Dry,Daylight
2021-08-14T04:06:00.000,I 85,I 85 and Mm 152,,Rear End,2,Cloudy,Dry,Dark-Not Lighted
2022-07-31T16:48:00.000,I 85,I 85 and Mm 151,,Rear End,3,Cloudy,Dry,Daylight
2022-04-11T07:16:00.000,I 85,I 85 and Mm 151,,Sideswipe-Same Direction,2,Cloudy,Dry,Daylight
2020-07-08T08:05:00.000,I 85,I 85 and Mm 150,,Not a Collision with Motor Vehicle,1,Clear,Dry,Daylight
2020-08-07T00:10:00.000,I 85,I 85 and Mm 150,,Rear End,2,Clear,Dry,Daylight
2022-04-13T14:48:00.000,I 85,I 85 and Mm 150,,Sideswipe-Same Direction,2,Cloudy,Dry,Daylight
2022-03-24T19:41:00.000,I 85,I 85 and Mm 150,,Sideswipe-Same Direction,2,Clear,Dry,Dark-Not Lighted
2024-06-15T06:24:00.000,I 85,I 85 and Mm 150,,Not a Collision with Motor Vehicle,1,Clear,Dry,Dusk
2022-07-14T04:00:00.000,I 85,I 85 and Mm 15,,Not a Collision with Motor Vehicle,1,Cloudy,Dry,Dark-Not Lighted
2021-10-08T10:00:00.000,I 85,I 85 and Mm 149,,Rear End,2,Clear,Wet,Daylight
2022-09-18T12:05:00.000,I 85,I 85 and Mm 149,,Not a Collision with Motor Vehicle,1,Clear,Dry,Daylight
2020-10-22T16:10:00.000,I 85,I 85 and Mm 149,,Sideswipe-Same Direction,2,Cloudy,Dry,Daylight
2021-08-11T10:19:00.000,I 85,I 85 and Mm 149,,Sideswipe-Same Direction,2,Clear,Dry,Daylight
2024-09-03T22:02:00.000,I 85,I 85 and Mm 149,,Rear End,2,Clear,Dry,Dark-Not Lighted
2020-09-24T23:50:00.000,I 85,I 85 and Mm 148,,Rear End,2,Rain,Wet,Dark-Not Lighted
2023-03-29T12:25:00.000,I 85,I 85 and Mm 148,,Sideswipe-Same Direction,2,Cloudy,Dry,Daylight
2023-12-03T19:15:00.000,I 85,I 85 and Mm 148,,Sideswipe-Same Direction,2,Clear,Dry,Dark-Not Lighted
2021-01-21T13:40:00.000,I 85,I 85 and Mm 148,,Rear End,2,Cloudy,Dry,Daylight
2022-10-19T16:12:00.000,I 85,I 85 and Mm 148,,Sideswipe-Same Direction,3,Clear,Dry,Daylight
2022-12-16T22:28:00.000,I 85,I 85 and Mm 148,,Angle Crash,1,Clear,Dry,Dark-Not Lighted
2022-03-18T14:30:00.000,I 85,I 85 and Mm 148,,Rear End,2,Rain,Wet,Daylight
2022-12-12T07:23:00.000,I 85,I 85 and Mm 148,,Sideswipe-Same Direction,2,Cloudy,Dry,Daylight
2024-06-04T11:22:00.000,I 85,I 85 and Mm 148,,Sideswipe-Same Direction,2,Clear,Dry,Daylight
2020-12-08T17:14:00.000,I 85,I 85 and Mm 147,,Rear End,3,Cloudy,Dry,Daylight
2023-06-02T21:43:00.000,I 85,I 85 and Mm 147,,Rear End,2,Clear,Dry,Daylight
2023-03-31T14:40:00.000,I 85,I 85 and Mm 147,,Sideswipe-Same Direction,2,Clear,Dry,Daylight
2021-04-03T13:47:00.000,I 85,I 85 and Mm 147,,Rear End,2,Clear,Dry,Daylight
2022-03-11T08:35:00.000,I 85,I 85 and Mm 147,,Not a Collision with Motor Vehicle,2,Cloudy,Dry,Daylight
2022-12-26T14:30:00.000,I 85,I 85 and Mm 147,,Rear End,2,Clear,Dry,Daylight
2022-09-02T20:34:00.000,I 85,I 85 and Mm 147,,Rear End,4,Rain,Wet,Dark-Not Lighted
2024-10-15T09:13:00.000,I 85,I 85 and Mm 147,,Angle Crash,2,Clear,Dry,Daylight
2024-02-19T17:20:00.000,I 85,I 85 and Mm 147,,Rear End,3,Clear,Dry,Daylight
2024-02-16T14:48:00.000,I 85,I 85 and Mm 147,,Sideswipe-Same Direction,2,Cloudy,Dry,Daylight
2024-05-27T10:25:00.000,I 85,I 85 and Mm 147,,Not a Collision with Motor Vehicle,1,Rain,Wet,Daylight
2024-01-12T06:25:00.000,I 85,I 85 and Mm 147,,Sideswipe-Opposite Direction,1,Cloudy,Dry,Dark-Not Lighted
2024-02-12T21:35:00.000,I 85,I 85 and Mm 147,,Head On,1,Rain,Wet,Dark-Not Lighted
2024-05-16T03:45:00.000,I 85,I 85 and Mm 147,,Rear End,2,Clear,Dry,Daylight
2023-02-04T16:07:00.000,I 85,I 85 and Mm 146,,Rear End,2,Cloudy,Dry,Daylight
2022-11-27T10:00:00.000,I 85,I 85 and Mm 146,,Rear End,2,Clear,Wet,Daylight
2022-01-02T01:30:00.000,I 85,I 85 and Mm 146,,Rear End,2,Clear,Dry,Dark-Not Lighted
2020-05-30T11:00:00.000,I 85,I 85 and Mm 146,,Not a Collision with Motor Vehicle,1,Clear,Dry,Daylight
2022-08-10T15:00:00.000,I 85,I 85 and Mm 146,,Sideswipe-Same Direction,2,Rain,Wet,Daylight
2022-07-13T14:06:00.000,I 85,I 85 and Mm 146,,Rear End,2,Rain,Wet,Daylight
2021-05-09T19:45:00.000,I 85,I 85 and Mm 145,,Sideswipe-Same Direction,2,Clear,Dry,Daylight
2021-08-28T15:50:00.000,I 85,I 85 and Mm 145,,Rear End,2,Cloudy,Dry,Daylight
2020-12-30T20:00:00.000,I 85,I 85 and Mm 145,,Sideswipe-Same Direction,2,Cloudy,Dry,Dark-Not Lighted
2020-08-19T09:20:00.000,I 85,I 85 and Mm 145,,Rear End,2,Clear,Dry,Daylight
2021-08-28T15:50:00.000,I 85,I 85 and Mm 145,,Rear End,2,Cloudy,Dry,Daylight
2022-09-02T17:25:00.000,I 85,I 85 and Mm 145,,Rear End,3,Rain,Wet,Daylight
2022-06-26T17:00:00.000,I 85,I 85 and Mm 145,,Rear End,3,Clear,Dry,Daylight
2024-08-18T14:32:00.000,I 85,I 85 and Mm 145,,Not a Collision with Motor Vehicle,1,Cloudy,Dry,Daylight
2023-03-26T19:20:00.000,I 85,I 85 and Mm 145,,Rear End,4,Clear,Dry,Daylight
2024-01-30T09:15:00.000,I 85,I 85 and Mm 145,,Rear End,2,Clear,Dry,Daylight
2021-05-20T06:00:00.000,I 85,I 85 and Mm 144,,Not a Collision with Motor Vehicle,1,Clear,Dry,Dawn
2021-02-25T18:48:00.000,I 85,I 85 and Mm 144,,Rear End,2,Clear,Dry,Dusk
2021-11-13T15:28:00.000,I 85,I 85 and Mm 144,,Not a Collision with Motor Vehicle,1,Clear,Dry,Daylight
2021-04-30T09:46:00.000,I 85,I 85 and Mm 144,,Sideswipe-Same Direction,2,Clear,Dry,Daylight
2022-11-24T01:05:00.000,I 85,I 85 and Mm 144,,Rear End,2,Clear,Dry,Dark-Not Lighted
2022-07-28T16:00:00.000,I 85,I 85 and Mm 144,,Rear End,2,Cloudy,Dry,Daylight
2022-11-18T19:57:00.000,I 85,I 85 and Mm 144,,Not a Collision with Motor Vehicle,1,Clear,Dry,Dark-Not Lighted
2023-01-27T18:50:00.000,I 85,I 85 and Mm 144,,Not a Collision with Motor Vehicle,1,Clear,Dry,Dark-Not Lighted
2024-05-13T06:40:00.000,I 85,I 85 and Mm 144,,Sideswipe-Same Direction,2,Clear,Dry,Daylight
2020-05-29T18:17:00.000,I 85,I 85 and Mm 1435,,Sideswipe-Same Direction,2,Clear,Wet,Daylight