Date and Time,Roadway (From Crash Report),Intersection Name (from Crash Report),KABCO Severity,Manner of Collision (Crash Level) ,# of Vehicles per crash ,Weather Conditions (Crash Level),Surface Condition (Crash Level) ,Light Conditions (Crash Level)
2020-08-16T08:55:00.000,I 85,I 85 and Mm 143,,Sideswipe-Same Direction,2,Cloudy,Dry,Daylight
2021-12-04T13:18:00.000,I 85,I 85 and Mm 143,,Sideswipe-Same Direction,3,Clear,Dry,Daylight
2021-12-15T07:05:00.000,I 85,I 85 and Mm 143,,Not a Collision with Motor Vehicle,1,Clear,Dry,Dawn
2021-12-04T13:18:00.000,I 85,I 85 and Mm 143,,Sideswipe-Same Direction,2,Clear,Dry,Daylight
2022-02-14T14:44:00.000,I 85,I 85 and Mm 143,,Not a Collision with Motor Vehicle,1,Clear,Dry,Daylight
2023-01-03T14:04:00.000,I 85,I 85 and Mm 143,,Sideswipe-Same Direction,1,Rain,Wet,Daylight
2021-06-23T20:57:00.000,I 85,I 85 and Mm 142,,Rear End,2,Clear,Dry,Dusk
2020-07-13T13:00:00.000,I 85,I 85 and Mm 142,,Rear End,3,Cloudy,Dry,Daylight
2020-07-14T11:05:00.000,I 85,I 85 and Mm 142,,Rear End,2,Clear,Dry,Daylight
2022-11-24T01:00:00.000,I 85,I 85 and Mm 142,,Rear End,2,Cloudy,Dry,Dark-Not Lighted
2022-11-22T13:42:00.000,I 85,I 85 and Mm 142,,Rear End,4,Clear,Dry,Daylight
2022-09-21T13:50:00.000,I 85,I 85 and Mm 142,,Not a Collision with Motor Vehicle,2,Clear,Dry,Daylight
2023-02-13T07:40:00.000,I 85,I 85 and Mm 142,,Not a Collision with Motor Vehicle,1,Clear,Dry,Daylight
2021-02-22T19:26:00.000,I 85,I 85 and Mm 141,,Not a Collision with Motor Vehicle,1,Cloudy,Dry,Dark-Not Lighted
2021-12-27T18:30:00.000,I 85,I 85 and Mm 141,,Rear End,2,Cloudy,Dry,Dark-Not Lighted
2020-08-14T12:00:00.000,I 85,I 85 and Mm 141,,Rear End,2,Clear,Dry,Daylight
2021-11-28T16:38:00.000,I 85,I 85 and Mm 141,,Rear End,2,Clear,Dry,Daylight
2022-02-10T18:51:00.000,I 85,I 85 and Mm 141,,Rear End,2,Clear,Dry,Daylight
2024-02-02T05:04:00.000,I 85,I 85 and Mm 141,,Rear End,2,Clear,Dry,Dark-Not Lighted
2021-03-06T03:00:00.000,I 85,I 85 and Mm 140,,Rear End,2,Cloudy,Dry,Dark-Not Lighted
2021-11-18T09:58:00.000,I 85,I 85 and Mm 140,,Not a Collision with Motor Vehicle,1,Clear,Dry,Daylight
2023-12-22T14:53:00.000,I 85,I 85 and Mm 140,,Rear End,3,Cloudy,Dry,Daylight
2020-10-27T14:30:00.000,I 85,I 85 and Mm 140,,Sideswipe-Same Direction,2,Clear,Dry,Daylight
2020-08-21T12:31:00.000,I 85,I 85 and Mm 140,,Sideswipe-Same Direction,2,Rain,Wet,Daylight
2020-06-09T23:40:00.000,I 85,I 85 and Mm 140,,Rear End,2,Cloudy,Wet,Dark-Not Lighted
2020-05-19T00:00:00.000,I 85,I 85 and Mm 140,,Rear End,2,Rain,Wet,Dark-Lighted
2021-12-06T08:21:00.000,I 85,I 85 and Mm 140,,Sideswipe-Same Direction,2,Cloudy,Dry,Daylight
2021-11-17T10:07:00.000,I 85,I 85 and Mm 140,,Sideswipe-Same Direction,2,Clear,Dry,Daylight
2023-04-10T15:20:00.000,I 85,I 85 and Mm 140,,Rear End,5,Clear,Dry,Daylight
2024-03-02T11:10:00.000,I 85,I 85 and Mm 140,,Rear End,5,Cloudy,Dry,Daylight
2023-04-10T15:20:00.000,I 85,I 85 and Mm 140,,Rear End,5,Clear,Dry,Daylight
2020-01-03T12:45:00.000,I 85,I 85 and Mm 14,,Not a Collision with Motor Vehicle,1,Rain,Wet,Daylight
2022-11-03T22:42:00.000,I 85,I 85 and Mm 14,,Angle Crash,2,Clear,Dry,Dark-Not Lighted
2024-09-23T01:40:00.000,I 85,I 85 and Mm 14,,Not a Collision with Motor Vehicle,1,Clear,Dry,Dark-Not Lighted
2024-05-24T22:02:00.000,I 85,I 85 and Mm 14,,Angle Crash,2,Clear,Dry,Dark-Not Lighted
2020-01-30T06:58:00.000,I 85,I 85 and Mm 1395,,Head On,1,Clear,Dry,Daylight
2024-04-12T13:52:00.000,I 85,I 85 and Mm 139.5,,Sideswipe-Same Direction,1,Clear,Dry,Daylight
2021-06-02T11:10:00.000,I 85,I 85 and Mm 139,,Rear End,2,Clear,Dry,Daylight
2021-12-27T16:45:00.000,I 85,I 85 and Mm 139,,Sideswipe-Same Direction,3,Cloudy,Dry,Dark-Not Lighted
2021-11-27T12:00:00.000,I 85,I 85 and Mm 139,,Rear End,2,Clear,Dry,Daylight
2022-07-29T17:05:00.000,I 85,I 85 and Mm 139,,Rear End,2,Rain,Wet,Daylight
2022-10-21T15:15:00.000,I 85,I 85 and Mm 139,,Rear End,4,Clear,Dry,Daylight
2023-01-01T06:22:00.000,I 85,I 85 and Mm 139,,Not a Collision with Motor Vehicle,1,Clear,Dry,Dark-Not Lighted
2023-10-27T11:15:00.000,I 85,I 85 and Mm 138,,Sideswipe-Same Direction,2,Clear,Dry,Daylight
2023-10-07T20:56:00.000,I 85,I 85 and Mm 138,,Rear End,2,Clear,Dry,Dark-Not Lighted
2020-07-30T09:05:00.000,I 85,I 85 and Mm 138,,Rear End,2,Clear,Dry,Daylight
2020-09-01T19:32:00.000,I 85,I 85 and Mm 138,,Sideswipe-Same Direction,2,Cloudy,Dry,Daylight
2020-10-22T08:00:00.000,I 85,I 85 and Mm 138,,Rear End,2,Clear,Dry,Daylight
2020-08-28T12:25:00.000,I 85,I 85 and Mm 138,,Sideswipe-Same Direction,2,Cloudy,Dry,Daylight
2022-04-01T18:05:00.000,I 85,I 85 and Mm 138,,Rear End,3,Clear,Dry,Daylight
2022-10-21T17:05:00.000,I 85,I 85 and Mm 138,,Rear End,3,Clear,Dry,Daylight
2022-10-21T17:05:00.000,I 85,I 85 and Mm 138,,Rear End,2,Clear,Dry,Daylight
2022-10-09T15:17:00.000,I 85,I 85 and Mm 138,,Not a Collision with Motor Vehicle,2,Clear,Dry,Daylight
2023-03-06T07:20:00.000,I 85,I 85 and Mm 138,,Rear End,7,Cloudy,Dry,Daylight
2023-01-01T06:27:00.000,I 85,I 85 and Mm 138,,Rear End,2,Fog,Wet,Dark-Not Lighted
2023-10-15T05:25:00.000,I 85,I 85 and Mm 137.5,,Not a Collision with Motor Vehicle,1,Clear,Dry,Dark-Not Lighted
2023-05-27T15:05:00.000,I 85,I 85 and Mm 137.5,,Rear End,5,Clear,Dry,Daylight
2022-03-31T12:00:00.000,I 85,I 85 and Mm 137.5,,Sideswipe-Same Direction,2,Clear,Dry,Daylight
2021-11-27T00:08:00.000,I 85,I 85 and Mm 137.5,,Sideswipe-Same Direction,2,Clear,Dry,Dark-Not Lighted
2020-07-21T14:10:00.000,I 85,I 85 and Mm 137 S Bound Entrance Rp,,Rear End,2,Clear,Dry,Daylight
2023-06-09T13:45:00.000,I 85,I 85 and Mm 137 Rp,,Sideswipe-Same Direction,2,Clear,Dry,Daylight
2024-01-28T15:12:00.000,I 85,I 85 and Mm 137 Off Rp,,Rear End,2,Cloudy,Dry,Daylight
2020-12-22T16:46:00.000,I 85,I 85 and Mm 137 Exit Rp,,Rear End,2,Clear,Dry,Daylight
2022-10-26T20:28:00.000,I 85,I 85 and Mm 137 Exit Rp,,Rear End,2,Clear,Dry,Dark-Not Lighted
2021-06-06T18:00:00.000,I 85,I 85 and Mm 137,,Rear End,3,Clear,Dry,Daylight
2021-11-09T03:00:00.000,I 85,I 85 and Mm 137,,Not a Collision with Motor Vehicle,1,Clear,Dry,Dark-Not Lighted
2021-10-10T17:04:00.000,I 85,I 85 and Mm 137,,Rear End,3,Clear,Dry,Daylight
2023-12-27T16:20:00.000,I 85,I 85 and Mm 137,,Sideswipe-Same Direction,2,Clear,Dry,Daylight
2023-05-21T15:35:00.000,I 85,I 85 and Mm 137,,Rear End,2,Clear,Dry,Daylight
2023-06-17T16:00:00.000,I 85,I 85 and Mm 137,,Not a Collision with Motor Vehicle,1,Cloudy,Dry,Daylight
2020-06-21T21:00:00.000,I 85,I 85 and Mm 137,,Not a Collision with Motor Vehicle,1,Cloudy,Wet,Daylight
2020-08-17T21:40:00.000,I 85,I 85 and Mm 137,,Rear End,2,Clear,Dry,Dark-Not Lighted
2020-03-21T20:54:00.000,I 85,I 85 and Mm 137,,Not a Collision with Motor Vehicle,1,Clear,Dry,Dark-Not Lighted
2021-05-03T15:00:00.000,I 85,I 85 and Mm 137,,Rear End,3,Rain,Wet,Daylight
2021-10-16T05:50:00.000,I 85,I 85 and Mm 137,,Sideswipe-Same Direction,2,Clear,Dry,Daylight
2022-09-17T17:15:00.000,I 85,I 85 and Mm 137,,Rear End,2,Clear,Dry,Daylight
2022-09-19T06:13:00.000,I 85,I 85 and Mm 137,,Rear End,2,Clear,Dry,Dark-Not Lighted
2022-08-03T04:30:00.000,I 85,I 85 and Mm 137,,Sideswipe-Same Direction,2,Clear,Dry,Dark-Not Lighted
2022-11-05T23:08:00.000,I 85,I 85 and Mm 137,,Rear End,2,Clear,Dry,Dark-Not Lighted
2022-08-03T05:00:00.000,I 85,I 85 and Mm 137,,Sideswipe-Same Direction,2,Clear,Dry,Dark-Not Lighted
2022-11-05T21:50:00.000,I 85,I 85 and Mm 137,,Rear End,3,Clear,Dry,Dark-Not Lighted
2022-03-15T16:13:00.000,I 85,I 85 and Mm 137,,Sideswipe-Same Direction,2,Cloudy,Dry,Daylight
2022-11-27T19:14:00.000,I 85,I 85 and Mm 137,,Rear End,4,Clear,Dry,Dark-Not Lighted
2022-02-03T20:20:00.000,I 85,I 85 and Mm 137,,Rear End,2,Rain,Wet,Dark-Not Lighted
2022-03-28T22:00:00.000,I 85,I 85 and Mm 137,,Rear End,2,Clear,Dry,Dark-Not Lighted
2024-10-14T14:46:00.000,I 85,I 85 and Mm 137,,Sideswipe-Same Direction,2,Clear,Dry,Daylight
2024-05-01T06:25:00.000,I 85,I 85 and Mm 137,,Angle Crash,2,Clear,Dry,Daylight
2023-10-20T12:23:00.000,I 85,I 85 and Mm 137,,Sideswipe-Same Direction,2,Clear,Dry,Daylight
2023-12-04T18:35:00.000,I 85,I 85 and Mm 137,,Rear End,2,Clear,Dry,Dark-Not Lighted
2023-02-07T07:35:00.000,I 85,I 85 and Mm 137,,Angle Crash,2,Clear,Dry,Daylight
2023-03-02T17:50:00.000,I 85,I 85 and Mm 137,,Sideswipe-Same Direction,2,Rain,Wet,Dusk
2023-05-12T20:40:00.000,I 85,I 85 and Mm 137,,Rear End,4,Clear,Dry,Dark-Not Lighted
2024-08-12T08:45:00.000,I 85,I 85 and Mm 137,,Sideswipe-Same Direction,2,Clear,Dry,Daylight
2024-10-27T17:40:00.000,I 85,I 85 and Mm 137,,Sideswipe-Same Direction,2,Clear,Dry,Daylight
2024-07-23T10:46:00.000,I 85,I 85 and Mm 137,,Rear End,3,Clear,Dry,Daylight
2024-02-15T02:29:00.000,I 85,I 85 and Mm 137,,Rear End,2,Clear,Dry,Dark-Not Lighted
2024-07-21T15:04:00.000,I 85,I 85 and Mm 137,,Not a Collision with Motor Vehicle,1,Rain,Wet,Daylight
2024-03-15T17:38:00.000,I 85,I 85 and Mm 137,,Rear End,2,Clear,Dry,Daylight
2024-01-01T07:30:00.000,I 85,I 85 and Mm 137,,Not a Collision with Motor Vehicle,1,Clear,Dry,Daylight
2024-09-24T17:15:00.000,I 85,I 85 and Mm 137,,Sideswipe-Same Direction,2,Clear,Dry,Daylight
2022-03-06T20:15:00.000,I 85,I 85 and Mm 136.5,,Rear End,2,Clear,Dry,Dark-Not Lighted
2022-03-31T14:30:00.000,I 85,I 85 and Mm 136.5,,Sideswipe-Same Direction,2,Clear,Dry,Daylight
2022-06-08T07:30:00.000,I 85,I 85 and Mm 136.5,,Rear End,2,Clear,Dry,Daylight
2022-07-30T12:55:00.000,I 85,I 85 and Mm 136.5,,Sideswipe-Same Direction,2,Clear,Dry,Daylight
2022-09-25T00:00:00.000,I 85,I 85 and Mm 136.5,,Sideswipe-Same Direction,1,Clear,Dry,Daylight
2022-09-02T17:20:00.000,I 85,I 85 and Mm 136.5,,Rear End,2,Rain,Wet,Daylight
2022-04-20T23:30:00.000,I 85,I 85 and Mm 136.5,,Rear End,2,Clear,Dry,Dark-Not Lighted
2024-04-12T17:40:00.000,I 85,I 85 and Mm 136.5,,Rear End,2,Clear,Dry,Daylight
2024-08-09T12:00:00.000,I 85,I 85 and Mm 136.5,,Rear End,2,Clear,Dry,Daylight
2023-11-07T18:00:00.000,I 85,I 85 and Mm 136.4,,Rear End,2,Clear,Dry,Dark-Not Lighted
2021-05-05T14:12:00.000,I 85,I 85 and Mm 136,,Sideswipe-Same Direction,2,Cloudy,Dry,Daylight
2023-11-30T06:49:00.000,I 85,I 85 and Mm 136,,Rear End,3,Clear,Dry,Daylight
2023-10-07T14:20:00.000,I 85,I 85 and Mm 136,,Rear End,2,Clear,Dry,Daylight
2023-04-22T14:25:00.000,I 85,I 85 and Mm 136,,Rear End,3,Clear,Dry,Daylight
2022-11-20T13:47:00.000,I 85,I 85 and Mm 136,,Rear End,3,Clear,Dry,Daylight
2020-02-16T13:19:00.000,I 85,I 85 and Mm 136,,Rear End,2,Cloudy,Wet,Daylight
2020-04-15T17:10:00.000,I 85,I 85 and Mm 136,,Not a Collision with Motor Vehicle,1,Clear,Dry,Daylight
2020-02-29T15:52:00.000,I 85,I 85 and Mm 136,,Sideswipe-Same Direction,2,Clear,Dry,Daylight
2020-07-03T06:30:00.000,I 85,I 85 and Mm 136,,Sideswipe-Same Direction,2,Clear,Dry,Dawn
2021-01-22T14:15:00.000,I 85,I 85 and Mm 136,,Sideswipe-Same Direction,3,Clear,Dry,Daylight
2021-11-05T16:30:00.000,I 85,I 85 and Mm 136,,Rear End,2,Clear,Dry,Daylight
2022-11-23T17:05:00.000,I 85,I 85 and Mm 136,,Rear End,3,Clear,Dry,Daylight
2022-01-30T14:10:00.000,I 85,I 85 and Mm 136,,Rear End,3,Clear,Dry,Daylight
2022-04-01T17:40:00.000,I 85,I 85 and Mm 136,,Sideswipe-Same Direction,2,Clear,Dry,Daylight
2022-10-26T05:38:00.000,I 85,I 85 and Mm 136,,Rear End,8,Clear,Dry,Dark-Not Lighted
2022-02-06T20:15:00.000,I 85,I 85 and Mm 136,,Rear End,2,Clear,Dry,Dark-Not Lighted
2023-12-05T14:20:00.000,I 85,I 85 and Mm 136,,Rear End,3,Clear,Dry,Daylight
2023-11-26T18:42:00.000,I 85,I 85 and Mm 136,,Rear End,2,Rain,Wet,Dark-Not Lighted
2023-06-07T12:30:00.000,I 85,I 85 and Mm 136,,Angle Crash,2,Clear,Dry,Daylight
2023-12-05T06:55:00.000,I 85,I 85 and Mm 136,,Rear End,2,Clear,Dry,Daylight
2024-05-04T11:15:00.000,I 85,I 85 and Mm 136,,Not a Collision with Motor Vehicle,1,Clear,Dry,Daylight
2024-12-05T14:27:00.000,I 85,I 85 and Mm 136,,Not a Collision with Motor Vehicle,1,Clear,Dry,Daylight
2021-12-20T02:58:00.000,I 85,I 85 and Mm 135,,Sideswipe-Same Direction,2,Clear,Dry,Dark-Not Lighted
2020-05-29T00:00:00.000,I 85,I 85 and Mm 135,,Rear End,2,Rain,Wet,Daylight
2020-05-29T13:50:00.000,I 85,I 85 and Mm 135,,Sideswipe-Same Direction,2,Rain,Wet,Daylight
2020-11-25T17:23:00.000,I 85,I 85 and Mm 135,,Rear End,3,Rain,Wet,Dark-Not Lighted
2020-04-08T16:20:00.000,I 85,I 85 and Mm 135,,Rear End,2,Clear,Dry,Daylight
2024-06-29T11:40:00.000,I 85,I 85 and Mm 135,,Rear End,2,Cloudy,Dry,Daylight
2023-10-06T16:34:00.000,I 85,I 85 and Mm 135,,Rear End,4,Clear,Dry,Daylight
2024-04-11T16:50:00.000,I 85,I 85 and Mm 135,,Rear End,3,Clear,Dry,Daylight
2021-08-16T05:22:00.000,I 85,I 85 and Mm 1345,,Rear End,2,Clear,Dry,Dark-Not Lighted
2020-11-25T19:17:00.000,I 85,I 85 and Mm 1345,,Angle Crash,5,Rain,Wet,Dark-Not Lighted
2021-04-21T14:00:00.000,I 85,I 85 and Mm 134,,Sideswipe-Same Direction,2,Cloudy,Dry,Daylight
2023-01-21T14:02:00.000,I 85,I 85 and Mm 134,,Not a Collision with Motor Vehicle,1,Clear,Dry,Daylight
2023-07-20T15:22:00.000,I 85,I 85 and Mm 134,,Rear End,3,Cloudy,Dry,Daylight
2020-12-08T19:04:00.000,I 85,I 85 and Mm 134,,Rear End,3,Cloudy,Dry,Dark-Lighted
2020-12-09T08:35:00.000,I 85,I 85 and Mm 134,,Rear End,2,Cloudy,Dry,Daylight
2020-12-27T11:58:00.000,I 85,I 85 and Mm 134,,Sideswipe-Same Direction,2,Cloudy,Dry,Daylight
2020-11-28T11:47:00.000,I 85,I 85 and Mm 134,,Rear End,4,Clear,Dry,Daylight
2022-11-20T10:25:00.000,I 85,I 85 and Mm 134,,Sideswipe-Same Direction,3,Clear,Dry,Daylight
2022-10-21T19:43:00.000,I 85,I 85 and Mm 134,,Sideswipe-Same Direction,2,Clear,Dry,Dark-Not Lighted
2023-07-11T23:03:00.000,I 85,I 85 and Mm 134,,Sideswipe-Same Direction,2,Clear,Dry,Dark-Not Lighted
2023-03-27T10:00:00.000,I 85,I 85 and Mm 134,,Sideswipe-Same Direction,3,Rain,Wet,Daylight
2024-07-03T16:41:00.000,I 85,I 85 and Mm 134,,Sideswipe-Same Direction,2,Clear,Dry,Daylight
2023-08-25T11:11:00.000,I 85,I 85 and Mm 133.4,,Not a Collision with Motor Vehicle,1,Clear,Dry,Daylight
2021-02-25T05:30:00.000,I 85,I 85 and Mm 133,,Sideswipe-Same Direction,2,Clear,Dry,Dark-Not Lighted
2021-06-04T11:25:00.000,I 85,I 85 and Mm 133,,Rear End,2,Cloudy,Dry,Daylight
2023-03-12T00:00:00.000,I 85,I 85 and Mm 133,,Rear End,2,Cloudy,Wet,Daylight
2020-09-04T15:55:00.000,I 85,I 85 and Mm 133,,Rear End,3,Cloudy,Dry,Daylight
2020-07-03T14:00:00.000,I 85,I 85 and Mm 133,,Rear End,2,Clear,Dry,Daylight
2020-11-13T13:23:00.000,I 85,I 85 and Mm 133,,Not a Collision with Motor Vehicle,1,Clear,Dry,Daylight
2020-09-17T07:30:00.000,I 85,I 85 and Mm 133,,Not a Collision with Motor Vehicle,1,Rain,Wet,Daylight
2020-12-25T17:00:00.000,I 85,I 85 and Mm 133,,Not a Collision with Motor Vehicle,1,Cloudy,Dry,Dark-Not Lighted
2020-12-27T14:45:00.000,I 85,I 85 and Mm 133,,Rear End,2,Clear,Dry,Daylight
2022-02-18T15:13:00.000,I 85,I 85 and Mm 133,,Rear End,2,Clear,Dry,Daylight
2024-01-09T19:32:00.000,I 85,I 85 and Mm 133,,Rear End,3,Cloudy,Dry,Dark-Not Lighted
2023-01-25T11:40:00.000,I 85,I 85 and Mm 133,,Angle Crash,2,Cloudy,Wet,Daylight
2023-06-28T08:05:00.000,I 85,I 85 and Mm 133,,Not a Collision with Motor Vehicle,1,Clear,Dry,Daylight
2024-09-09T05:01:00.000,I 85,I 85 and Mm 133,,Sideswipe-Same Direction,2,Clear,Dry,Dark-Not Lighted
2024-04-03T14:18:00.000,I 85,I 85 and Mm 133,,Rear End,2,Clear,Dry,Daylight
2024-01-19T23:51:00.000,I 85,I 85 and Mm 133,,Angle Crash,3,Clear,Dry,Dark-Not Lighted
2024-01-19T23:50:00.000,I 85,I 85 and Mm 133,,Sideswipe-Same Direction,2,Clear,Dry,Dark-Not Lighted
2021-08-29T05:01:00.000,I 85,I 85 and Mm 1325,,Not a Collision with Motor Vehicle,1,Clear,Dry,Dark-Not Lighted
2020-10-29T20:53:00.000,I 85,I 85 and Mm 1325,,Not a Collision with Motor Vehicle,1,Clear,Dry,Dark-Not Lighted
2021-06-25T17:46:00.000,I 85,I 85 and Mm 132,,Rear End,2,Clear,Dry,Daylight
2021-04-07T12:30:00.000,I 85,I 85 and Mm 132,,Not a Collision with Motor Vehicle,1,Clear,Dry,Daylight
2020-09-07T12:00:00.000,I 85,I 85 and Mm 132,,Not a Collision with Motor Vehicle,1,Clear,Dry,Daylight
2021-06-25T17:46:00.000,I 85,I 85 and Mm 132,,Rear End,4,Clear,Dry,Daylight
2021-06-25T17:46:00.000,I 85,I 85 and Mm 132,,Rear End,3,Clear,Dry,Daylight
2022-01-19T01:15:00.000,I 85,I 85 and Mm 132,,Angle Crash,3,Clear,Dry,Dark-Not Lighted
2022-06-25T17:37:00.000,I 85,I 85 and Mm 132,,Not a Collision with Motor Vehicle,1,Clear,Dry,Daylight
2024-08-02T02:20:00.000,I 85,I 85 and Mm 132,,Head On,3,Cloudy,Dry,Dark-Not Lighted
2020-12-24T01:46:00.000,I 85,I 85 and Mm 1315,,Not a Collision with Motor Vehicle,1,Cloudy,Wet,Dark-Not Lighted
2020-11-17T23:04:00.000,I 85,I 85 and Mm 1315,,Sideswipe-Same Direction,2,Clear,Dry,Dark-Not Lighted
2020-11-03T23:12:00.000,I 85,I 85 and Mm 1315,,Rear End,2,Clear,Dry,Dark-Not Lighted
2024-01-19T23:49:00.000,I 85,I 85 and Mm 131.5,,Sideswipe-Same Direction,2,Clear,Dry,Dark-Not Lighted
2021-01-03T13:45:00.000,I 85,I 85 and Mm 131,,Rear End,3,Cloudy,Dry,Daylight
2020-09-01T07:45:00.000,I 85,I 85 and Mm 131,,Sideswipe-Same Direction,3,Clear,Dry,Daylight
2020-03-15T07:00:00.000,I 85,I 85 and Mm 131,,Sideswipe-Same Direction,2,Cloudy,Dry,Daylight
2020-05-21T06:20:00.000,I 85,I 85 and Mm 131,,Rear End,2,Cloudy,Dry,Dawn
2023-03-27T09:00:00.000,I 85,I 85 and Mm 131,,Rear End,2,Rain,Wet,Daylight
2022-01-13T14:42:00.000,I 85,I 85 and Mm 130.5,,Sideswipe-Same Direction,2,Cloudy,Dry,Daylight
2021-11-16T12:41:00.000,I 85,I 85 and Mm 130.5,,Rear End,2,Clear,Dry,Dark-Lighted
2024-01-19T23:48:00.000,I 85,I 85 and Mm 130.5,,Sideswipe-Same Direction,2,Clear,Dry,Dark-Not Lighted
2020-05-20T22:30:00.000,I 85,I 85 and Mm 130,,Sideswipe-Same Direction,2,Rain,Wet,Dark-Not Lighted
2021-12-30T13:00:00.000,I 85,I 85 and Mm 130,,Not a Collision with Motor Vehicle,1,Rain,Wet,Daylight
2023-01-17T06:00:00.000,I 85,I 85 and Mm 130,,Sideswipe-Same Direction,2,Cloudy,Dry,Daylight
2024-03-20T11:00:00.000,I 85,I 85 and Mm 130,,Sideswipe-Same Direction,2,Clear,Dry,Daylight
2024-01-19T23:48:00.000,I 85,I 85 and Mm 130,,Sideswipe-Same Direction,2,Clear,Dry,Dark-Not Lighted
2023-06-18T19:17:00.000,I 85,I 85 and Mm 13.5,,Sideswipe-Same Direction,2,Clear,Dry,Daylight
2023-12-25T08:47:00.000,I 85,I 85 and Mm 13,,Not a Collision with Motor Vehicle,1,Rain,Wet,Daylight
2020-03-03T09:42:00.000,I 85,I 85 and Mm 13,,Not a Collision with Motor Vehicle,1,Severe Thunderstorm or Tornadic,Wet,Daylight
2024-04-07T12:58:00.000,I 85,I 85 and Mm 13,,Not a Collision with Motor Vehicle,1,Clear,Dry,Dark-Lighted
2024-09-04T17:48:00.000,I 85,I 85 and Mm 13,,Sideswipe-Same Direction,2,Clear,Dry,Daylight
2024-07-15T13:38:00.000,I 85,I 85 and Mm 13,,Sideswipe-Same Direction,2,Clear,Dry,Daylight
2020-10-27T17:32:00.000,I 85,I 85 and Mm 129,,Angle Crash,2,Cloudy,Dry,Daylight
2020-08-04T10:10:00.000,I 85,I 85 and Mm 129,,Sideswipe-Same Direction,2,Clear,Dry,Daylight
2020-04-02T13:45:00.000,I 85,I 85 and Mm 129,,Sideswipe-Same Direction,2,Clear,Dry,Daylight
2020-09-04T19:05:00.000,I 85,I 85 and Mm 129,,Rear End,2,Clear,Dry,Daylight
2023-08-07T16:55:00.000,I 85,I 85 and Mm 128.5,,Not a Collision with Motor Vehicle,1,Rain,Wet,Daylight
2020-11-13T00:01:00.000,I 85,I 85 and Mm 128,,Rear End,2,Clear,Dry,Dark-Lighted
2024-09-19T05:30:00.000,I 85,I 85 and Mm 128,,Not a Collision with Motor Vehicle,1,Clear,Dry,Dark-Not Lighted
2024-09-03T18:41:00.000,I 85,I 85 and Mm 128,,Rear End,3,Clear,Dry,Daylight
2021-12-08T02:50:00.000,I 85,I 85 and Mm 127,,Not a Collision with Motor Vehicle,1,Rain,Wet,Dark-Not Lighted
2020-02-07T20:07:00.000,I 85,I 85 and Mm 127,,Rear End,4,Clear,Dry,Dark-Lighted
2024-12-11T06:50:00.000,I 85,I 85 and Mm 127,,Sideswipe-Same Direction,2,Clear,Wet,Dark-Not Lighted
2024-03-07T15:00:00.000,I 85,I 85 and Mm 126.5,,Not a Collision with Motor Vehicle,1,Clear,Dry,Daylight
2023-01-11T17:45:00.000,I 85,I 85 and Mm 126,,Rear End,3,Clear,Dry,Dusk
2020-08-11T17:48:00.000,I 85,I 85 and Mm 126,,Rear End,4,Clear,Dry,Daylight
2020-05-29T14:37:00.000,I 85,I 85 and Mm 126,,Rear End,2,Clear,Dry,Daylight
2020-03-05T08:25:00.000,I 85,I 85 and Mm 126,,Angle Crash,1,Rain,Wet,Daylight
2021-01-26T11:00:00.000,I 85,I 85 and Mm 126,,Not a Collision with Motor Vehicle,2,Clear,Wet,Daylight
2022-02-09T18:06:00.000,I 85,I 85 and Mm 126,,Rear End,3,Clear,Dry,Dusk
2023-01-01T15:30:00.000,I 85,I 85 and Mm 126,,Sideswipe-Same Direction,2,Clear,Dry,Daylight
2023-04-06T15:32:00.000,I 85,I 85 and Mm 126,,Rear End,2,Clear,Dry,Daylight
2024-05-04T16:38:00.000,I 85,I 85 and Mm 126,,Sideswipe-Same Direction,2,Clear,Dry,Daylight
2021-03-16T17:36:00.000,I 85,I 85 and Mm 125,,Rear End,2,Rain,Wet,Daylight
2021-03-16T18:12:00.000,I 85,I 85 and Mm 125,,Rear End,2,Clear,Wet,Daylight
2020-10-31T03:26:00.000,I 85,I 85 and Mm 125,,Sideswipe-Same Direction,2,Clear,Dry,Dark-Not Lighted
2022-09-03T21:50:00.000,I 85,I 85 and Mm 125,,Rear End,2,Clear,Wet,Dark-Not Lighted
2024-02-08T07:30:00.000,I 85,I 85 and Mm 125,,Rear End,2,Clear,Dry,Dark-Not Lighted
2021-09-07T18:16:00.000,I 85,I 85 and Mm 124,,Sideswipe-Opposite Direction,3,Cloudy,Dry,Daylight
2021-12-27T07:21:00.000,I 85,I 85 and Mm 124,,Not a Collision with Motor Vehicle,2,Cloudy,Dry,Daylight
2021-12-06T14:48:00.000,I 85,I 85 and Mm 124,,Not a Collision with Motor Vehicle,1,Cloudy,Wet,Daylight
2021-04-30T21:17:00.000,I 85,I 85 and Mm 124,,Not a Collision with Motor Vehicle,1,Clear,Dry,Dark-Not Lighted
2021-10-18T07:35:00.000,I 85,I 85 and Mm 124,,Rear End,2,Clear,Dry,Daylight
2022-02-09T21:15:00.000,I 85,I 85 and Mm 124,,Sideswipe-Same Direction,2,Cloudy,Dry,Dark-Not Lighted
2020-05-16T23:19:00.000,I 85,I 85 and Mm 124,,Sideswipe-Same Direction,2,Clear,Dry,Dark-Lighted
2021-02-27T13:42:00.000,I 85,I 85 and Mm 124,,Sideswipe-Same Direction,2,Cloudy,Dry,Daylight
2021-01-11T08:04:00.000,I 85,I 85 and Mm 124,,Sideswipe-Same Direction,2,Clear,Dry,Daylight
2023-06-09T06:04:00.000,I 85,I 85 and Mm 124,,Rear End,2,Clear,Dry,Daylight
2023-04-10T20:54:00.000,I 85,I 85 and Mm 124,,Angle Crash,2,Cloudy,Dry,Dark-Not Lighted
2024-03-04T16:24:00.000,I 85,I 85 and Mm 124,,Not a Collision with Motor Vehicle,4,Clear,Dry,Daylight