Date and Time,Roadway (From Crash Report),Intersection Name (from Crash Report),KABCO Severity,Manner of Collision (Crash Level) ,# of Vehicles per crash ,Weather Conditions (Crash Level),Surface Condition (Crash Level) ,Light Conditions (Crash Level)
2024-05-14T17:46:00.000,I 85,I 85 and Mm 124,,Rear End,2,Cloudy,Dry,Daylight
2021-12-30T00:55:00.000,I 85,I 85 and Mm 123.5,,Not a Collision with Motor Vehicle,1,Rain,Wet,Dark-Lighted
2021-07-08T06:02:00.000,I 85,I 85 and Mm 123,,Not a Collision with Motor Vehicle,1,Rain,Wet,Dusk
2021-08-10T07:30:00.000,I 85,I 85 and Mm 123,,Not a Collision with Motor Vehicle,1,Clear,Dry,Daylight
2020-09-18T15:30:00.000,I 85,I 85 and Mm 123,,Not a Collision with Motor Vehicle,1,Clear,Dry,Daylight
2022-08-30T17:45:00.000,I 85,I 85 and Mm 123,,Rear End,2,Clear,Dry,Daylight
2022-10-17T08:45:00.000,I 85,I 85 and Mm 123,,Rear End,3,Clear,Dry,Daylight
2022-08-19T15:12:00.000,I 85,I 85 and Mm 123,,Not a Collision with Motor Vehicle,2,Rain,Wet,Daylight
2024-08-16T19:34:00.000,I 85,I 85 and Mm 123,,Not a Collision with Motor Vehicle,1,Clear,Dry,Daylight
2024-12-31T15:18:00.000,I 85,I 85 and Mm 123,,Not a Collision with Motor Vehicle,1,Clear,Dry,Daylight
2021-05-27T19:13:00.000,I 85,I 85 and Mm 1225,,Not a Collision with Motor Vehicle,1,Cloudy,Dry,Daylight
2021-01-28T09:08:00.000,I 85,I 85 and Mm 122,,Not a Collision with Motor Vehicle,2,Clear,Dry,Daylight
2021-12-07T10:44:00.000,I 85,I 85 and Mm 122,,Sideswipe-Same Direction,2,Clear,Dry,Daylight
2021-11-08T14:07:00.000,I 85,I 85 and Mm 122,,Sideswipe-Same Direction,2,Cloudy,Dry,Daylight
2023-01-24T06:46:00.000,I 85,I 85 and Mm 122,,Not a Collision with Motor Vehicle,1,Clear,Dry,Dawn
2020-08-26T19:23:00.000,I 85,I 85 and Mm 122,,Rear End,2,Cloudy,Dry,Daylight
2024-07-05T10:56:00.000,I 85,I 85 and Mm 122,,Rear End,2,Clear,Dry,Daylight
2023-08-23T17:24:00.000,I 85,I 85 and Mm 122,,Sideswipe-Same Direction,2,Clear,Dry,Daylight
2024-07-23T17:25:00.000,I 85,I 85 and Mm 122,,Rear End,2,Rain,Wet,Dark-Lighted
2022-10-13T06:08:00.000,I 85,I 85 and Mm 121.5,,Angle Crash,2,Rain,Wet,Dark-Not Lighted
2021-03-06T23:10:00.000,I 85,I 85 and Mm 121,,Sideswipe-Same Direction,3,Clear,Dry,Dark-Lighted
2020-07-15T08:31:00.000,I 85,I 85 and Mm 121,,Sideswipe-Same Direction,2,Clear,Dry,Daylight
2021-12-23T13:57:00.000,I 85,I 85 and Mm 121,,Sideswipe-Same Direction,2,Clear,Dry,Daylight
2022-01-04T18:10:00.000,I 85,I 85 and Mm 121,,Rear End,2,Cloudy,Dry,Dark-Not Lighted
2024-12-20T12:00:00.000,I 85,I 85 and Mm 121,,Rear End,2,Clear,Dry,Daylight
2021-01-23T20:20:00.000,I 85,I 85 and Mm 120,,Sideswipe-Same Direction,2,Clear,Dry,Dark-Lighted
2021-11-23T18:26:00.000,I 85,I 85 and Mm 120,,Sideswipe-Same Direction,2,Clear,Dry,Dark-Not Lighted
2022-01-03T23:19:00.000,I 85,I 85 and Mm 120,,Not a Collision with Motor Vehicle,1,Cloudy,Dry,Dark-Not Lighted
2024-09-03T17:30:00.000,I 85,I 85 and Mm 120,,Not a Collision with Motor Vehicle,2,Clear,Dry,Daylight
2024-07-18T16:10:00.000,I 85,I 85 and Mm 120,,Rear End,2,Rain,Wet,Daylight
2023-11-12T18:11:00.000,I 85,I 85 and Mm 12,,Not a Collision with Motor Vehicle,1,Cloudy,Dry,Dark-Not Lighted
2023-03-27T08:57:00.000,I 85,I 85 and Mm 12,,Not a Collision with Motor Vehicle,1,Rain,Wet,Daylight
2023-04-03T11:32:00.000,I 85,I 85 and Mm 12,,Not a Collision with Motor Vehicle,1,Rain,Wet,Daylight
2023-10-05T06:15:00.000,I 85,I 85 and Mm 12,,Not a Collision with Motor Vehicle,1,Clear,Dry,Dark-Not Lighted
2021-05-06T13:25:00.000,I 85,I 85 and Mm 119,,Sideswipe-Same Direction,2,Clear,Dry,Daylight
2021-02-08T18:35:00.000,I 85,I 85 and Mm 119,,Not a Collision with Motor Vehicle,2,Clear,Dry,Dark-Not Lighted
2021-06-16T18:46:00.000,I 85,I 85 and Mm 119,,Rear End,2,Clear,Dry,Daylight
2021-07-17T12:14:00.000,I 85,I 85 and Mm 119,,Angle Crash,2,Clear,Dry,Daylight
2022-11-13T16:57:00.000,I 85,I 85 and Mm 119,,Sideswipe-Same Direction,2,Clear,Dry,Daylight
2022-03-17T17:17:00.000,I 85,I 85 and Mm 119,,Rear End,2,Clear,Dry,Daylight
2021-04-07T16:20:00.000,I 85,I 85 and Mm 118,,Not a Collision with Motor Vehicle,1,Clear,Dry,Daylight
2023-08-01T18:08:00.000,I 85,I 85 and Mm 118,,Rear End,2,Cloudy,Dry,Daylight
2023-02-23T00:19:00.000,I 85,I 85 and Mm 118,,Not a Collision with Motor Vehicle,1,Cloudy,Dry,Dark-Not Lighted
2022-11-11T18:27:00.000,I 85,I 85 and Mm 118,,Angle Crash,3,Clear,Wet,Dark-Not Lighted
2022-02-09T21:00:00.000,I 85,I 85 and Mm 118,,Rear End,2,Cloudy,Dry,Dark-Not Lighted
2024-07-24T11:45:00.000,I 85,I 85 and Mm 118,,Not a Collision with Motor Vehicle,1,Cloudy,Dry,Daylight
2024-09-03T18:50:00.000,I 85,I 85 and Mm 118,,Rear End,2,Cloudy,Dry,Daylight
2023-08-01T15:29:00.000,I 85,I 85 and Mm 117,,Not a Collision with Motor Vehicle,3,Cloudy,Dry,Daylight
2021-07-04T08:49:00.000,I 85,I 85 and Mm 117,,Not a Collision with Motor Vehicle,1,Clear,Dry,Daylight
2022-10-13T16:14:00.000,I 85,I 85 and Mm 117,,Sideswipe-Same Direction,2,Clear,Dry,Daylight
2023-08-01T15:29:00.000,I 85,I 85 and Mm 117,,Not a Collision with Motor Vehicle,3,Cloudy,Dry,Daylight
2021-08-24T06:01:00.000,I 85,I 85 and Mm 116,,Not a Collision with Motor Vehicle,1,Clear,Dry,Dawn
2021-12-21T15:36:00.000,I 85,I 85 and Mm 116,,Not a Collision with Motor Vehicle,1,Cloudy,Wet,Daylight
2020-04-24T11:25:00.000,I 85,I 85 and Mm 116,,Sideswipe-Same Direction,2,Cloudy,Dry,Daylight
2020-06-23T19:00:00.000,I 85,I 85 and Mm 116,,Not a Collision with Motor Vehicle,1,Clear,Dry,Daylight
2024-09-30T15:48:00.000,I 85,I 85 and Mm 116,,Not a Collision with Motor Vehicle,1,Clear,Dry,Daylight
2024-09-03T17:30:00.000,I 85,I 85 and Mm 116,,Rear End,2,Cloudy,Dry,Daylight
2023-04-04T13:30:00.000,I 85,I 85 and Mm 115,,Sideswipe-Same Direction,2,Clear,Dry,Daylight
2023-05-25T13:34:00.000,I 85,I 85 and Mm 115,,Rear End,2,Clear,Dry,Daylight
2020-12-31T05:37:00.000,I 85,I 85 and Mm 115,,Rear End,2,Fog,Dry,Dark-Not Lighted
2022-01-11T06:02:00.000,I 85,I 85 and Mm 115,,Rear End,2,Clear,Dry,Dark-Not Lighted
2022-12-09T22:45:00.000,I 85,I 85 and Mm 115,,Not a Collision with Motor Vehicle,1,Clear,Wet,Dark-Not Lighted
2022-09-03T23:47:00.000,I 85,I 85 and Mm 115,,Sideswipe-Same Direction,2,Clear,Dry,Dark-Lighted
2024-09-10T11:15:00.000,I 85,I 85 and Mm 115,,Not a Collision with Motor Vehicle,1,Clear,Dry,Daylight
2024-11-14T07:56:00.000,I 85,I 85 and Mm 115,,Not a Collision with Motor Vehicle,1,Rain,Wet,Daylight
2023-04-10T20:59:00.000,I 85,I 85 and Mm 115,,Angle Crash,2,Cloudy,Dry,Dark-Not Lighted
2024-11-15T16:20:00.000,I 85,I 85 and Mm 115,,Rear End,2,Clear,Dry,Daylight
2024-05-15T18:55:00.000,I 85,I 85 and Mm 115,,Sideswipe-Same Direction,2,Clear,Dry,Daylight
2024-11-19T07:54:00.000,I 85,I 85 and Mm 115,,Rear End,2,Rain,Wet,Daylight
2024-09-05T07:00:00.000,I 85,I 85 and Mm 115,,Rear End,2,Cloudy,Dry,Daylight
2024-08-02T06:25:00.000,I 85,I 85 and Mm 115,,Sideswipe-Same Direction,2,Clear,Dry,Daylight
2020-02-09T15:09:00.000,I 85,I 85 and Mm 114,,Rear End,2,Cloudy,Dry,Daylight
2023-01-02T19:11:00.000,I 85,I 85 and Mm 114,,Sideswipe-Same Direction,2,Cloudy,Wet,Dark-Not Lighted
2020-09-20T21:02:00.000,I 85,I 85 and Mm 114,,Not a Collision with Motor Vehicle,1,Clear,Dry,Dark-Not Lighted
2024-12-16T16:55:00.000,I 85,I 85 and Mm 114,,Rear End,2,Clear,Dry,Dusk
2024-09-09T08:10:00.000,I 85,I 85 and Mm 114,,Rear End,2,Cloudy,Dry,Daylight
2021-01-01T18:25:00.000,I 85,I 85 and Mm 113,,Sideswipe-Same Direction,2,Cloudy,Wet,Dark-Not Lighted
2021-06-09T19:03:00.000,I 85,I 85 and Mm 113,,Sideswipe-Same Direction,2,Cloudy,Wet,Daylight
2021-11-20T13:37:00.000,I 85,I 85 and Mm 113,,Rear End,2,Clear,Dry,Daylight
2021-11-29T14:43:00.000,I 85,I 85 and Mm 113,,Rear End,2,Clear,Dry,Daylight
2023-07-09T04:30:00.000,I 85,I 85 and Mm 113,,Head On,1,Clear,Dry,Dark-Not Lighted
2022-01-03T06:33:00.000,I 85,I 85 and Mm 113,,Rear End,2,Clear,Wet,Dark-Not Lighted
2022-11-25T18:56:00.000,I 85,I 85 and Mm 113,,Rear End,2,Clear,Dry,Dark-Not Lighted
2022-11-21T06:39:00.000,I 85,I 85 and Mm 113,,Rear End,2,Clear,Dry,Dark-Lighted
2022-12-16T18:59:00.000,I 85,I 85 and Mm 113,,Rear End,2,Clear,Dry,Dark-Not Lighted
2022-06-24T15:26:00.000,I 85,I 85 and Mm 113,,Rear End,2,Clear,Dry,Daylight
2023-10-31T18:23:00.000,I 85,I 85 and Mm 113,,Not a Collision with Motor Vehicle,1,Clear,Dry,Daylight
2024-09-12T18:00:00.000,I 85,I 85 and Mm 113,,Rear End,2,Cloudy,Wet,Daylight
2020-03-01T06:30:00.000,I 85,I 85 and Mm 112,,Angle Crash,2,Clear,Dry,Dusk
2021-03-11T19:25:00.000,I 85,I 85 and Mm 112,,Rear End,3,Clear,Dry,Dark-Lighted
2022-09-17T00:04:00.000,I 85,I 85 and Mm 112,,Sideswipe-Same Direction,2,Cloudy,Dry,Dark-Not Lighted
2022-05-05T14:01:00.000,I 85,I 85 and Mm 112,,Rear End,2,Clear,Dry,Daylight
2024-02-20T11:10:00.000,I 85,I 85 and Mm 112,,Sideswipe-Same Direction,2,Cloudy,Dry,Daylight
2023-07-21T18:23:00.000,I 85,I 85 and Mm 112,,Sideswipe-Same Direction,2,Clear,Dry,Daylight
2021-11-23T18:14:00.000,I 85,I 85 and Mm 111,,Rear End,2,Clear,Dry,Dark-Not Lighted
2021-11-26T15:24:00.000,I 85,I 85 and Mm 111,,Rear End,2,Clear,Dry,Daylight
2021-05-07T18:25:00.000,I 85,I 85 and Mm 111,,Sideswipe-Same Direction,2,Clear,Dry,Daylight
2023-02-15T17:25:00.000,I 85,I 85 and Mm 111,,Rear End,2,Cloudy,Wet,Daylight
2022-05-02T16:07:00.000,I 85,I 85 and Mm 111,,Rear End,2,Clear,Dry,Daylight
2020-06-23T17:05:00.000,I 85,I 85 and Mm 111,,Rear End,2,Cloudy,Dry,Daylight
2020-07-30T20:43:00.000,I 85,I 85 and Mm 111,,Sideswipe-Same Direction,3,Clear,Dry,Dark-Not Lighted
2021-11-19T16:29:00.000,I 85,I 85 and Mm 111,,Sideswipe-Same Direction,2,Clear,Dry,Daylight
2021-11-23T17:34:00.000,I 85,I 85 and Mm 111,,Rear End,2,Clear,Dry,Daylight
2022-03-04T13:42:00.000,I 85,I 85 and Mm 111,,Sideswipe-Same Direction,2,Clear,Dry,Daylight
2021-11-19T16:18:00.000,I 85,I 85 and Mm 111,,Rear End,2,Clear,Dry,Daylight
2022-11-28T17:09:00.000,I 85,I 85 and Mm 111,,Rear End,2,Clear,Dry,Daylight
2022-04-08T16:57:00.000,I 85,I 85 and Mm 111,,Rear End,3,Clear,Dry,Daylight
2022-03-18T16:49:00.000,I 85,I 85 and Mm 111,,Rear End,2,Cloudy,Wet,Daylight
2022-11-25T15:47:00.000,I 85,I 85 and Mm 111,,Rear End,2,Cloudy,Dry,Daylight
2022-10-13T08:15:00.000,I 85,I 85 and Mm 111,,Rear End,2,Rain,Wet,Dusk
2022-04-01T16:30:00.000,I 85,I 85 and Mm 111,,Sideswipe-Same Direction,2,Clear,Dry,Daylight
2022-12-27T13:39:00.000,I 85,I 85 and Mm 111,,Rear End,2,Clear,Dry,Daylight
2022-11-08T18:10:00.000,I 85,I 85 and Mm 111,,Rear End,2,Clear,Dry,Dark-Not Lighted
2022-10-13T08:21:00.000,I 85,I 85 and Mm 111,,Sideswipe-Same Direction,2,Rain,Wet,Daylight
2022-09-23T14:17:00.000,I 85,I 85 and Mm 111,,Rear End,2,Clear,Dry,Daylight
2022-06-21T17:42:00.000,I 85,I 85 and Mm 111,,Sideswipe-Same Direction,2,Clear,Dry,Daylight
2022-03-25T18:21:00.000,I 85,I 85 and Mm 111,,Rear End,2,Clear,Dry,Daylight
2022-11-10T14:54:00.000,I 85,I 85 and Mm 111,,Rear End,2,Rain,Wet,Daylight
2022-08-26T16:03:00.000,I 85,I 85 and Mm 111,,Rear End,2,Clear,Dry,Daylight
2022-08-15T16:24:00.000,I 85,I 85 and Mm 111,,Sideswipe-Same Direction,2,Clear,Dry,Daylight
2022-10-13T07:42:00.000,I 85,I 85 and Mm 111,,Rear End,2,Rain,Wet,Dusk
2022-03-17T15:34:00.000,I 85,I 85 and Mm 111,,Rear End,2,Clear,Dry,Daylight
2024-09-19T08:00:00.000,I 85,I 85 and Mm 111,,Rear End,2,Clear,Dry,Daylight
2024-07-25T13:30:00.000,I 85,I 85 and Mm 111,,Rear End,2,Clear,Dry,Daylight
2024-12-10T08:40:00.000,I 85,I 85 and Mm 111,,Sideswipe-Same Direction,2,Clear,Wet,Daylight
2024-07-24T07:30:00.000,I 85,I 85 and Mm 111,,Rear End,2,Cloudy,Wet,Daylight
2024-07-18T12:30:00.000,I 85,I 85 and Mm 111,,Sideswipe-Same Direction,2,Clear,Dry,Daylight
2023-01-23T08:15:00.000,I 85,I 85 and Mm 111,,Rear End,4,Clear,Dry,Daylight
2024-05-23T18:00:00.000,I 85,I 85 and Mm 111,,Sideswipe-Same Direction,2,Cloudy,Dry,Daylight
2024-07-05T10:40:00.000,I 85,I 85 and Mm 111,,Sideswipe-Same Direction,2,Cloudy,Dry,Daylight
2024-06-03T06:38:00.000,I 85,I 85 and Mm 111,,Rear End,2,Cloudy,Wet,Daylight
2024-10-31T17:20:00.000,I 85,I 85 and Mm 111,,Rear End,2,Clear,Dry,Daylight
2024-06-25T15:30:00.000,I 85,I 85 and Mm 111,,Sideswipe-Same Direction,2,Clear,Dry,Daylight
2024-07-24T07:30:00.000,I 85,I 85 and Mm 111,,Rear End,4,Cloudy,Wet,Daylight
2024-03-28T14:15:00.000,I 85,I 85 and Mm 111,,Rear End,2,Clear,Dry,Daylight
2024-09-13T18:00:00.000,I 85,I 85 and Mm 111,,Rear End,4,Cloudy,Dry,Daylight
2024-08-27T16:40:00.000,I 85,I 85 and Mm 111,,Rear End,2,Clear,Dry,Daylight
2024-09-13T18:00:00.000,I 85,I 85 and Mm 111,,Rear End,2,Cloudy,Dry,Daylight
2024-09-10T07:30:00.000,I 85,I 85 and Mm 111,,Sideswipe-Same Direction,2,Clear,Dry,Daylight
2024-11-18T06:40:00.000,I 85,I 85 and Mm 111,,Rear End,2,Clear,Dry,Daylight
2024-08-27T11:50:00.000,I 85,I 85 and Mm 111,,Not a Collision with Motor Vehicle,1,Clear,Dry,Daylight
2024-05-21T09:50:00.000,I 85,I 85 and Mm 111,,Rear End,2,Cloudy,Dry,Daylight
2024-03-29T12:10:00.000,I 85,I 85 and Mm 111,,Sideswipe-Same Direction,2,Clear,Dry,Daylight
2024-12-27T15:00:00.000,I 85,I 85 and Mm 111,,Rear End,4,Clear,Dry,Daylight
2024-05-17T14:25:00.000,I 85,I 85 and Mm 111,,Rear End,2,Cloudy,Dry,Daylight
2024-12-10T17:55:00.000,I 85,I 85 and Mm 111,,Sideswipe-Same Direction,2,Rain,Wet,Dusk
2021-11-05T14:45:00.000,I 85,I 85 and Mm 110,,Rear End,2,Cloudy,Dry,Daylight
2021-12-11T14:02:00.000,I 85,I 85 and Mm 110,,Rear End,2,Rain,Wet,Daylight
2021-06-04T17:25:00.000,I 85,I 85 and Mm 110,,Rear End,2,Cloudy,Dry,Daylight
2020-04-22T09:40:00.000,I 85,I 85 and Mm 110,,Not a Collision with Motor Vehicle,1,Clear,Dry,Daylight
2022-11-07T11:39:00.000,I 85,I 85 and Mm 110,,Not a Collision with Motor Vehicle,1,Cloudy,Dry,Daylight
2022-10-17T15:38:00.000,I 85,I 85 and Mm 110,,Rear End,2,Clear,Dry,Daylight
2020-08-31T17:32:00.000,I 85,I 85 and Mm 110,,Sideswipe-Same Direction,3,Clear,Dry,Daylight
2021-05-13T17:31:00.000,I 85,I 85 and Mm 110,,Sideswipe-Same Direction,2,Clear,Dry,Daylight
2022-03-31T17:08:00.000,I 85,I 85 and Mm 110,,Rear End,2,Clear,Dry,Daylight
2024-01-17T18:25:00.000,I 85,I 85 and Mm 110,,Rear End,2,Clear,Dry,Dark-Not Lighted
2023-02-13T07:34:00.000,I 85,I 85 and Mm 110,,Rear End,2,Clear,Dry,Daylight
2023-02-13T07:35:00.000,I 85,I 85 and Mm 110,,Rear End,4,Clear,Dry,Daylight
2024-05-16T19:29:00.000,I 85,I 85 and Mm 110,,Sideswipe-Same Direction,2,Clear,Dry,Daylight
2024-07-31T11:00:00.000,I 85,I 85 and Mm 110,,Not a Collision with Motor Vehicle,2,Clear,Dry,Daylight
2024-12-24T14:25:00.000,I 85,I 85 and Mm 11,,Head On,2,Clear,Dry,Daylight
2022-03-11T17:00:00.000,I 85,I 85 and Mm 109.5,,Rear End,2,Clear,Dry,Daylight
2021-01-10T23:35:00.000,I 85,I 85 and Mm 109,,Sideswipe-Same Direction,2,Cloudy,Dry,Dark-Not Lighted
2021-03-26T16:10:00.000,I 85,I 85 and Mm 109,,Sideswipe-Same Direction,4,Cloudy,Dry,Daylight
2021-05-17T18:04:00.000,I 85,I 85 and Mm 109,,Sideswipe-Same Direction,2,Cloudy,Dry,Daylight
2023-03-07T17:52:00.000,I 85,I 85 and Mm 109,,Rear End,2,Clear,Dry,Daylight
2021-09-27T19:00:00.000,I 85,I 85 and Mm 109,,Not a Collision with Motor Vehicle,1,Clear,Dry,Daylight
2022-09-22T18:07:00.000,I 85,I 85 and Mm 109,,Sideswipe-Same Direction,2,Clear,Dry,Daylight
2022-10-13T17:51:00.000,I 85,I 85 and Mm 109,,Rear End,2,Clear,Dry,Daylight
2024-10-30T08:00:00.000,I 85,I 85 and Mm 109,,Rear End,2,Cloudy,Dry,Daylight
2023-01-10T07:36:00.000,I 85,I 85 and Mm 109,,Rear End,2,Clear,Dry,Daylight
2023-02-17T15:27:00.000,I 85,I 85 and Mm 109,,Rear End,2,Clear,Dry,Daylight
2024-08-01T18:05:00.000,I 85,I 85 and Mm 109,,Rear End,2,Cloudy,Dry,Daylight
2024-10-25T08:50:00.000,I 85,I 85 and Mm 109,,Not a Collision with Motor Vehicle,1,Clear,Dry,Daylight
2024-06-28T17:10:00.000,I 85,I 85 and Mm 109,,Sideswipe-Same Direction,2,Clear,Dry,Daylight
2024-06-06T15:50:00.000,I 85,I 85 and Mm 109,,Rear End,2,Cloudy,Dry,Daylight
2021-08-17T15:15:00.000,I 85,I 85 and Mm 108,,Sideswipe-Same Direction,2,Cloudy,Wet,Daylight
2020-09-11T19:08:00.000,I 85,I 85 and Mm 108,,Rear End,2,Clear,Dry,Daylight
2022-03-29T14:25:00.000,I 85,I 85 and Mm 108,,Sideswipe-Same Direction,2,Clear,Dry,Daylight
2022-01-12T06:53:00.000,I 85,I 85 and Mm 108,,Not a Collision with Motor Vehicle,1,Clear,Dry,Dark-Not Lighted
2020-06-08T12:17:00.000,I 85,I 85 and Mm 1075,,Not a Collision with Motor Vehicle,1,Cloudy,Dry,Daylight
2020-06-08T12:17:00.000,I 85,I 85 and Mm 1075,,Not a Collision with Motor Vehicle,1,Cloudy,Dry,Daylight
2020-05-30T22:40:00.000,I 85,I 85 and Mm 107,,Angle Crash,1,Clear,Dry,Dark-Not Lighted
2021-08-12T11:00:00.000,I 85,I 85 and Mm 107,,Sideswipe-Same Direction,2,Clear,Dry,Daylight
2021-10-12T22:20:00.000,I 85,I 85 and Mm 107,,Angle Crash,2,Clear,Dry,Dark-Lighted
2022-01-14T23:00:00.000,I 85,I 85 and Mm 107,,Rear End,2,Cloudy,Dry,Dark-Not Lighted
2022-10-03T15:45:00.000,I 85,I 85 and Mm 107,,Not a Collision with Motor Vehicle,1,Clear,Dry,Daylight
2021-10-31T19:45:00.000,I 85,I 85 and Mm 106,,Rear End,2,Clear,Dry,Dark-Lighted
2022-07-25T17:40:00.000,I 85,I 85 and Mm 106,,Sideswipe-Same Direction,2,Cloudy,Dry,Daylight
2022-01-28T18:54:00.000,I 85,I 85 and Mm 106,,Sideswipe-Same Direction,2,Clear,Dry,Dark-Not Lighted
2024-03-22T15:45:00.000,I 85,I 85 and Mm 106,,Rear End,3,Rain,Wet,Daylight
2024-12-10T16:30:00.000,I 85,I 85 and Mm 106,,Sideswipe-Same Direction,2,Rain,Wet,Daylight
2022-03-22T07:15:00.000,I 85,I 85 and Mm 105.8,,Sideswipe-Same Direction,2,Clear,Dry,Daylight
2021-10-29T18:17:00.000,I 85,I 85 and Mm 105,,Rear End,2,Rain,Wet,Dusk
2022-10-14T17:18:00.000,I 85,I 85 and Mm 105,,Rear End,2,Clear,Dry,Daylight
2022-05-23T09:15:00.000,I 85,I 85 and Mm 105,,Rear End,2,Rain,Wet,Daylight
2022-08-16T00:00:00.000,I 85,I 85 and Mm 105,,Rear End,2,Clear,Dry,Daylight
2024-04-22T06:35:00.000,I 85,I 85 and Mm 105,,Not a Collision with Motor Vehicle,1,Cloudy,Dry,Daylight
2024-09-26T06:15:00.000,I 85,I 85 and Mm 105,,Sideswipe-Same Direction,3,Clear,Wet,Daylight
2021-04-02T10:03:00.000,I 85,I 85 and Mm 104,,Sideswipe-Same Direction,2,Clear,Dry,Daylight
2021-02-26T16:55:00.000,I 85,I 85 and Mm 104,,Rear End,3,Cloudy,Wet,Daylight
2020-04-20T06:34:00.000,I 85,I 85 and Mm 104,,Sideswipe-Same Direction,3,Rain,Wet,Daylight
2022-06-17T11:49:00.000,I 85,I 85 and Mm 104,,Rear End,2,Clear,Dry,Daylight
2022-04-14T06:00:00.000,I 85,I 85 and Mm 104,,Sideswipe-Same Direction,2,Cloudy,Wet,Dark-Lighted
2023-07-14T17:40:00.000,I 85,I 85 and Mm 104,,Rear End,4,Clear,Dry,Daylight
2024-09-24T19:00:00.000,I 85,I 85 and Mm 104,,Rear End,2,Clear,Dry,Dawn
2021-11-19T19:00:00.000,I 85,I 85 and Mm 103,,Rear End,2,Clear,Dry,Dark-Lighted
2021-11-19T19:00:00.000,I 85,I 85 and Mm 103,,Rear End,2,Clear,Dry,Dark-Lighted
2020-06-16T14:50:00.000,I 85,I 85 and Mm 103,,Not a Collision with Motor Vehicle,2,Cloudy,Dry,Daylight
2022-03-22T18:00:00.000,I 85,I 85 and Mm 103,,Rear End,2,Clear,Dry,Daylight
2022-03-22T18:26:00.000,I 85,I 85 and Mm 103,,Rear End,2,Clear,Dry,Daylight
2022-08-16T10:30:00.000,I 85,I 85 and Mm 103,,Rear End,2,Clear,Dry,Daylight
2022-08-30T15:00:00.000,I 85,I 85 and Mm 103,,Not a Collision with Motor Vehicle,2,Clear,Dry,Daylight
2022-09-30T12:55:00.000,I 85,I 85 and Mm 103,,Rear End,2,Clear,Dry,Daylight
2022-08-15T07:50:00.000,I 85,I 85 and Mm 103,,Angle Crash,2,Clear,Dry,Daylight
2024-05-08T09:06:00.000,I 85,I 85 and Mm 103,,Sideswipe-Same Direction,2,Clear,Dry,Daylight
2024-10-17T14:00:00.000,I 85,I 85 and Mm 103,,Rear End,2,Clear,Dry,Daylight
2024-10-30T08:55:00.000,I 85,I 85 and Mm 103,,Rear End,2,Clear,Dry,Daylight
2024-05-03T08:14:00.000,I 85,I 85 and Mm 103,,Sideswipe-Same Direction,2,Clear,Dry,Daylight
2024-03-28T17:20:00.000,I 85,I 85 and Mm 103,,Rear End,2,Clear,Dry,Daylight
2020-06-11T07:44:00.000,I 85,I 85 and Mm 1029,,Rear End,2,Clear,Dry,Daylight
2020-06-11T08:24:00.000,I 85,I 85 and Mm 1029,,Rear End,3,Clear,Dry,Daylight
2021-01-22T19:35:00.000,I 85,I 85 and Mm 102,,Rear End,3,Clear,Dry,Dark-Lighted
2021-12-14T19:35:00.000,I 85,I 85 and Mm 102,,Rear End,2,Clear,Dry,Dark-Lighted
2021-01-22T18:35:00.000,I 85,I 85 and Mm 102,,Rear End,2,Clear,Dry,Dark-Lighted
2023-01-13T17:23:00.000,I 85,I 85 and Mm 102,,Sideswipe-Same Direction,2,Clear,Dry,Daylight
2022-11-21T19:02:00.000,I 85,I 85 and Mm 102,,Rear End,2,Clear,Dry,Dark-Lighted
2020-03-09T12:42:00.000,I 85,I 85 and Mm 102,,Sideswipe-Same Direction,2,Clear,Dry,Daylight
2020-03-16T10:55:00.000,I 85,I 85 and Mm 102,,Rear End,2,Rain,Wet,Daylight
2020-06-17T09:50:00.000,I 85,I 85 and Mm 102,,Sideswipe-Same Direction,2,Cloudy,Dry,Daylight
2021-02-17T16:02:00.000,I 85,I 85 and Mm 102,,Sideswipe-Same Direction,2,Clear,Dry,Daylight
2021-04-22T15:13:00.000,I 85,I 85 and Mm 102,,Rear End,2,Clear,Dry,Daylight
2022-11-21T19:34:00.000,I 85,I 85 and Mm 102,,Rear End,3,Clear,Dry,Dark-Lighted
2022-06-30T06:50:00.000,I 85,I 85 and Mm 102,,Sideswipe-Same Direction,2,Cloudy,Dry,Daylight
2022-04-29T09:46:00.000,I 85,I 85 and Mm 102,,Rear End,2,Clear,Dry,Daylight
2022-11-21T19:53:00.000,I 85,I 85 and Mm 102,,Rear End,2,Clear,Dry,Dark-Lighted
2022-11-04T14:50:00.000,I 85,I 85 and Mm 102,,Rear End,2,Clear,Dry,Daylight
2022-11-21T19:53:00.000,I 85,I 85 and Mm 102,,Rear End,3,Clear,Dry,Dark-Lighted
2024-03-29T09:50:00.000,I 85,I 85 and Mm 102,,Rear End,2,Clear,Dry,Daylight
2023-07-03T13:20:00.000,I 85,I 85 and Mm 102,,Sideswipe-Same Direction,2,Clear,Dry,Daylight
2023-07-03T12:50:00.000,I 85,I 85 and Mm 102,,Angle Crash,2,Clear,Dry,Daylight
2024-07-29T07:00:00.000,I 85,I 85 and Mm 102,,Rear End,2,Cloudy,Wet,Daylight
2021-11-03T11:46:00.000,I 85,I 85 and Mm 101.4,,Rear End,2,Cloudy,Dry,Daylight
2021-10-30T20:46:00.000,I 85,I 85 and Mm 101.2,,Angle Crash,2,Rain,Wet,Dark-Not Lighted
2021-10-03T19:40:00.000,I 85,I 85 and Mm 101.2,,Rear End,3,Rain,Wet,Dark-Not Lighted
2021-04-21T11:05:00.000,I 85,I 85 and Mm 101,,Sideswipe-Same Direction,2,Clear,Dry,Daylight
2021-04-16T16:35:00.000,I 85,I 85 and Mm 101,,Rear End,2,Cloudy,Dry,Daylight
2020-09-17T16:11:00.000,I 85,I 85 and Mm 101,,Rear End,2,Rain,Wet,Daylight
2020-03-11T13:55:00.000,I 85,I 85 and Mm 101,,Angle Crash,2,Cloudy,Dry,Daylight