Date and Time,Roadway (From Crash Report),Intersection Name (from Crash Report),KABCO Severity,Manner of Collision (Crash Level) ,# of Vehicles per crash ,Weather Conditions (Crash Level),Surface Condition (Crash Level) ,Light Conditions (Crash Level)
2020-08-15T06:10:00.000,I 85,I 85 and Mm 101,,Sideswipe-Same Direction,2,Cloudy,Dry,Daylight
2021-12-13T09:55:00.000,I 85,I 85 and Mm 101,,Rear End,2,Clear,Dry,Daylight
2022-02-04T19:23:00.000,I 85,I 85 and Mm 101,,Rear End,2,Clear,Wet,Dark-Lighted
2022-10-21T10:11:00.000,I 85,I 85 and Mm 101,,Sideswipe-Same Direction,2,Clear,Dry,Daylight
2022-07-19T07:48:00.000,I 85,I 85 and Mm 101,,Rear End,2,Rain,Wet,Daylight
2022-12-12T18:49:00.000,I 85,I 85 and Mm 101,,Rear End,2,Clear,Dry,Dark-Lighted
2022-03-17T18:18:00.000,I 85,I 85 and Mm 101,,Sideswipe-Same Direction,2,Clear,Dry,Daylight
2022-10-17T07:59:00.000,I 85,I 85 and Mm 101,,Rear End,2,Clear,Dry,Daylight
2022-09-29T17:06:00.000,I 85,I 85 and Mm 101,,Rear End,2,Clear,Dry,Daylight
2022-03-17T18:29:00.000,I 85,I 85 and Mm 101,,Sideswipe-Same Direction,2,Clear,Dry,Daylight
2024-06-26T17:05:00.000,I 85,I 85 and Mm 101,,Rear End,2,Clear,Dry,Daylight
2024-08-02T16:10:00.000,I 85,I 85 and Mm 101,,Sideswipe-Same Direction,3,Cloudy,Dry,Daylight
2024-07-10T10:50:00.000,I 85,I 85 and Mm 101,,Rear End,2,Clear,Dry,Daylight
2021-10-30T14:20:00.000,I 85,I 85 and Mm 100.8,,Rear End,3,Rain,Wet,Daylight
2021-03-26T15:57:00.000,I 85,I 85 and Mm 100,,Rear End,2,Cloudy,Dry,Daylight
2021-06-29T13:15:00.000,I 85,I 85 and Mm 100,,Rear End,2,Cloudy,Dry,Daylight
2021-01-27T18:53:00.000,I 85,I 85 and Mm 100,,Rear End,2,Rain,Wet,Dark-Lighted
2021-12-10T18:11:00.000,I 85,I 85 and Mm 100,,Rear End,2,Rain,Wet,Dark-Lighted
2021-12-29T15:04:00.000,I 85,I 85 and Mm 100,,Rear End,2,Cloudy,Wet,Daylight
2021-01-13T18:15:00.000,I 85,I 85 and Mm 100,,Rear End,2,Cloudy,Dry,Dark-Lighted
2021-02-10T16:15:00.000,I 85,I 85 and Mm 100,,Sideswipe-Same Direction,3,Cloudy,Dry,Daylight
2022-12-09T18:30:00.000,I 85,I 85 and Mm 100,,Rear End,3,Rain,Wet,Dark-Lighted
2020-09-03T16:10:00.000,I 85,I 85 and Mm 100,,Rear End,3,Clear,Dry,Daylight
2021-06-11T10:45:00.000,I 85,I 85 and Mm 100,,Rear End,2,Cloudy,Dry,Daylight
2021-06-29T13:15:00.000,I 85,I 85 and Mm 100,,Rear End,2,Cloudy,Dry,Daylight
2021-03-30T16:25:00.000,I 85,I 85 and Mm 100,,Not a Collision with Motor Vehicle,1,Cloudy,Dry,Daylight
2022-04-15T15:31:00.000,I 85,I 85 and Mm 100,,Not a Collision with Motor Vehicle,2,Clear,Dry,Daylight
2022-09-16T12:22:00.000,I 85,I 85 and Mm 100,,Rear End,2,Clear,Dry,Daylight
2024-04-08T10:10:00.000,I 85,I 85 and Mm 100,,Rear End,2,Clear,Dry,Daylight
2023-02-11T22:40:00.000,I 85,I 85 and Mm 10,,Not a Collision with Motor Vehicle,1,Rain,Wet,Dark-Not Lighted
2024-12-04T16:30:00.000,I 85,I 85 and Mm 10,,Not a Collision with Motor Vehicle,1,Clear,Dry,Daylight
2024-11-12T08:58:00.000,I 85,I 85 and Mm 1.5,,Head On,1,Clear,Dry,Daylight
2023-08-16T13:00:00.000,I 85,I 85 and Mm - 113,,Sideswipe-Same Direction,3,Cloudy,Dry,Daylight
2022-06-07T08:23:00.000,I 85,I 85 and Mm - 101,,Rear End,2,Clear,Dry,Daylight
2022-07-15T18:55:00.000,I 85,I 85 and Mm  52,,Not a Collision with Motor Vehicle,1,Clear,Dry,Daylight
2021-05-06T19:00:00.000,I 85,I 85 and Mm  251B,,Rear End,3,Clear,Dry,Daylight
2021-06-09T15:39:00.000,I 85,I 85 and Mlk Opas,,Rear End,2,Clear,Dry,Daylight
2021-08-05T17:09:00.000,I 85,I 85 and Mlk Jr St,,Rear End,3,Clear,Dry,Daylight
2020-11-24T16:30:00.000,I 85,I 85 and Mlk Jr Drive Opas,,Rear End,2,Clear,Dry,Daylight
2021-05-20T14:50:00.000,I 85,I 85 and Mlk Jr Dr Opas,,Rear End,3,Clear,Dry,Daylight
2021-07-06T17:30:00.000,I 85,I 85 and Mlk Jr Dr,,Rear End,2,Clear,Dry,Daylight
2021-08-16T07:30:00.000,I 85,I 85 and Mlk Jr Dr,,Sideswipe-Same Direction,2,Clear,Dry,Daylight
2021-07-06T16:04:00.000,I 85,I 85 and Mlk Jr Dr,,Sideswipe-Same Direction,2,Clear,Dry,Daylight
2020-08-25T19:15:00.000,I 85,I 85 and Mlk Jr Dr,,Rear End,2,Cloudy,Wet,Daylight
2020-02-25T19:23:00.000,I 85,I 85 and Mlk Jr Dr,,Rear End,2,Clear,Dry,Dark-Lighted
2020-05-21T14:19:00.000,I 85,I 85 and Mlk Jr Dr,,Sideswipe-Same Direction,2,Clear,Dry,Daylight
2020-09-14T15:10:00.000,I 85,I 85 and Mlk Jr Dr,,Sideswipe-Same Direction,2,Clear,Dry,Daylight
2020-09-14T17:40:00.000,I 85,I 85 and Mlk Jr Dr,,Rear End,2,Clear,Dry,Daylight
2020-06-23T18:09:00.000,I 85,I 85 and Mlk Jr Dr,,Rear End,2,Clear,Dry,Daylight
2020-11-25T00:00:00.000,I 85,I 85 and Mlk Jr Dr,,Rear End,3,Rain,Wet,Dark-Lighted
2020-08-25T18:15:00.000,I 85,I 85 and Mlk Jr Dr,,Rear End,2,Cloudy,Wet,Daylight
2020-02-10T13:20:00.000,I 85,I 85 and Mlk Jr Dr,,Sideswipe-Same Direction,2,Rain,Wet,Daylight
2020-08-22T03:17:00.000,I 85,I 85 and Mlk Jr Dr,,Rear End,2,Cloudy,Wet,Dawn
2020-11-25T19:20:00.000,I 85,I 85 and Mlk Jr Dr,,Rear End,2,Rain,Wet,Dark-Lighted
2020-02-28T11:48:00.000,I 85,I 85 and Mlk Jr Dr,,Rear End,2,Cloudy,Dry,Daylight
2020-02-13T09:02:00.000,I 85,I 85 and Mlk Jr Dr,,Rear End,2,Rain,Wet,Daylight
2020-08-31T08:28:00.000,I 85,I 85 and Mlk Jr Dr,,Rear End,2,Cloudy,Dry,Daylight
2020-12-15T19:12:00.000,I 85,I 85 and Mlk Jr Dr,,Sideswipe-Same Direction,2,Cloudy,Dry,Dark-Not Lighted
2020-01-17T12:31:00.000,I 85,I 85 and Mlk Jr Dr,,Sideswipe-Same Direction,2,Clear,Dry,Daylight
2020-09-25T18:53:00.000,I 85,I 85 and Mlk Jr Dr,,Sideswipe-Same Direction,2,Cloudy,Dry,Daylight
2020-03-03T10:48:00.000,I 85,I 85 and Mlk Jr Dr,,Rear End,3,Rain,Wet,Daylight
2020-07-27T18:57:00.000,I 85,I 85 and Mlk Jr Dr,,Rear End,2,Clear,Dry,Daylight
2020-09-24T15:15:00.000,I 85,I 85 and Mlk Jr Dr,,Rear End,2,Cloudy,Wet,Daylight
2020-06-19T14:37:00.000,I 85,I 85 and Mlk Jr Dr,,Rear End,2,Cloudy,Dry,Daylight
2020-03-02T23:40:00.000,I 85,I 85 and Mlk Jr Dr,,Rear End,3,Cloudy,Wet,Dawn
2021-02-27T15:40:00.000,I 85,I 85 and Mlk Jr Dr,,Rear End,3,Clear,Dry,Daylight
2021-04-20T09:16:00.000,I 85,I 85 and Mlk Jr Dr,,Rear End,2,Clear,Dry,Daylight
2021-08-19T15:55:00.000,I 85,I 85 and Mlk Jr Dr,,Sideswipe-Same Direction,2,Cloudy,Wet,Daylight
2021-07-28T14:01:00.000,I 85,I 85 and Mlk Jr Dr,,Sideswipe-Same Direction,2,Cloudy,Dry,Daylight
2021-08-19T17:00:00.000,I 85,I 85 and Mlk Jr Dr,,Sideswipe-Same Direction,2,Cloudy,Wet,Daylight
2020-10-01T12:10:00.000,I 85,I 85 and Mlk Jr,,Rear End,2,Clear,Dry,Daylight
2020-07-03T13:30:00.000,I 85,I 85 and Mlk Exit,,Rear End,2,Clear,Dry,Daylight
2021-03-02T14:05:00.000,I 85,I 85 and Mlk Drive Opas,,Sideswipe-Same Direction,2,Rain,Wet,Daylight
2020-02-27T08:22:00.000,I 85,I 85 and Mlk Drive Opas,,Rear End,2,Clear,Dry,Daylight
2020-03-02T11:40:00.000,I 85,I 85 and Mlk Drive Opas,,Not a Collision with Motor Vehicle,1,Rain,Wet,Daylight
2021-06-23T09:07:00.000,I 85,I 85 and Mlk Drive On Rp,,Angle Crash,2,Clear,Dry,Daylight
2021-08-13T12:30:00.000,I 85,I 85 and Mlk Dr Opas,,Sideswipe-Same Direction,2,Clear,Dry,Daylight
2021-07-20T07:05:00.000,I 85,I 85 and Mlk Dr,,Head On,3,Clear,Dry,Daylight
2021-07-20T08:00:00.000,I 85,I 85 and Mlk Dr,,Rear End,2,Rain,Wet,Daylight
2021-07-20T08:00:00.000,I 85,I 85 and Mlk Dr,,Rear End,2,Rain,Wet,Daylight
2020-08-25T07:57:00.000,I 85,I 85 and Mlk Dr,,Angle Crash,2,Rain,Wet,Daylight
2020-11-25T06:50:00.000,I 85,I 85 and Mlk Dr,,Sideswipe-Same Direction,2,Clear,Dry,Dark-Lighted
2020-06-02T16:53:00.000,I 85,I 85 and Mlk Dr,,Rear End,2,Clear,Dry,Daylight
2020-08-21T17:00:00.000,I 85,I 85 and Mlk Dr,,Sideswipe-Same Direction,2,Cloudy,Dry,Daylight
2020-02-06T13:11:00.000,I 85,I 85 and Mlk Dr,,Rear End,2,Rain,Wet,Daylight
2021-02-26T00:00:00.000,I 85,I 85 and Mlk Blvd,,Rear End,3,Rain,Wet,Daylight
2020-04-29T19:21:00.000,I 85,I 85 and Mlk Blvd,,Not a Collision with Motor Vehicle,1,Cloudy,Wet,Daylight
2022-02-23T07:29:00.000,I 85,I 85 and Mle Marker 133,,Rear End,3,Cloudy,Dry,Daylight
2021-04-27T17:17:00.000,I 85,I 85 and Ml King Jr Dr,,Rear End,2,Clear,Dry,Daylight
2021-04-16T08:50:00.000,I 85,I 85 and Ml King Jr Dr,,Sideswipe-Same Direction,2,Cloudy,Dry,Daylight
2021-12-13T21:05:00.000,I 85,I 85 and Milke Marker 3,,Sideswipe-Same Direction,2,Clear,Dry,Dark-Not Lighted
2022-09-04T14:02:00.000,I 85,I 85 and Miler Marker 170,,Rear End,2,Cloudy,Wet,Daylight
2020-10-17T08:52:00.000,I 85,I 85 and Miler Marker 140,,Rear End,2,Clear,Dry,Daylight
2024-07-15T23:52:00.000,I 85,I 85 and Milemarker 167,,Rear End,3,Clear,Dry,Dark-Not Lighted
2020-02-26T01:15:00.000,I 85,I 85 and Milemarker 1455,,Not a Collision with Motor Vehicle,1,Clear,Dry,Dark-Not Lighted
2020-04-08T12:40:00.000,I 85,I 85 and Mile Post 8,,Not a Collision with Motor Vehicle,1,Clear,Dry,Daylight
2020-06-02T05:10:00.000,I 85,I 85 and Mile Post 8,,Rear End,2,Clear,Dry,Dark-Not Lighted
2024-06-04T19:35:00.000,I 85,I 85 and Mile Post 60,,Sideswipe-Same Direction,2,Clear,Dry,Daylight
2024-05-29T18:35:00.000,I 85,I 85 and Mile Post 56,,Sideswipe-Same Direction,2,Cloudy,Dry,Daylight
2024-06-08T12:20:00.000,I 85,I 85 and Mile Post 53,,Sideswipe-Same Direction,2,Cloudy,Dry,Daylight
2024-05-27T17:40:00.000,I 85,I 85 and Mile Post 48,,Not a Collision with Motor Vehicle,1,Rain,Wet,Daylight
2024-06-28T18:10:00.000,I 85,I 85 and Mile Post 46,,Not a Collision with Motor Vehicle,1,Rain,Wet,Daylight
2024-02-28T14:12:00.000,I 85,I 85 and Mile Post 39,,Rear End,2,Cloudy,Dry,Daylight
2024-07-01T11:30:00.000,I 85,I 85 and Mile Post 37,,Not a Collision with Motor Vehicle,1,Clear,Dry,Daylight
2020-05-31T17:10:00.000,I 85,I 85 and Mile Post 35,,Sideswipe-Same Direction,2,Clear,Dry,Daylight
2024-11-26T19:00:00.000,I 85,I 85 and Mile Post 34,,Angle Crash,2,Clear,Dry,Dark-Not Lighted
2024-07-23T21:30:00.000,I 85,I 85 and Mile Post 34,,Not a Collision with Motor Vehicle,1,Rain,Wet,Dark-Not Lighted
2024-08-30T17:09:00.000,I 85,I 85 and Mile Post 34,,Rear End,2,Cloudy,Dry,Daylight
2023-08-24T23:00:00.000,I 85,I 85 and Mile Post 33,,Not a Collision with Motor Vehicle,1,Clear,Dry,Dark-Not Lighted
2024-12-06T18:06:00.000,I 85,I 85 and Mile Post 33,,Angle Crash,2,Clear,Dry,Dark-Not Lighted
2024-03-21T08:00:00.000,I 85,I 85 and Mile Post 33,,Not a Collision with Motor Vehicle,1,Clear,Dry,Dusk
2024-05-03T17:00:00.000,I 85,I 85 and Mile Post 33,,Rear End,2,Cloudy,Dry,Daylight
2024-05-11T12:50:00.000,I 85,I 85 and Mile Post 31,,Angle Crash,2,Cloudy,Dry,Daylight
2024-08-29T19:15:00.000,I 85,I 85 and Mile Post 30,,Rear End,2,Cloudy,Dry,Dusk
2023-07-06T15:40:00.000,I 85,I 85 and Mile Post 30,,Not a Collision with Motor Vehicle,1,Clear,Wet,Daylight
2024-07-03T15:50:00.000,I 85,I 85 and Mile Post 28,,Rear End,2,Cloudy,Dry,Daylight
2020-04-19T23:30:00.000,I 85,I 85 and Mile Post 26,,Not a Collision with Motor Vehicle,1,Rain,Wet,Dark-Not Lighted
2020-05-18T15:55:00.000,I 85,I 85 and Mile Post 26,,Not a Collision with Motor Vehicle,1,Cloudy,Wet,Daylight
2020-03-04T21:09:00.000,I 85,I 85 and Mile Post 25,,Not a Collision with Motor Vehicle,1,Rain,Wet,Dark-Not Lighted
2020-07-25T18:10:00.000,I 85,I 85 and Mile Post 23,,Not a Collision with Motor Vehicle,1,Rain,Wet,Daylight
2020-02-10T14:08:00.000,I 85,I 85 and Mile Post 21,,Not a Collision with Motor Vehicle,1,Clear,Dry,Daylight
2020-02-28T11:00:00.000,I 85,I 85 and Mile Post 20,,Rear End,2,Clear,Dry,Daylight
2020-01-04T17:13:00.000,I 85,I 85 and Mile Post 179,,Not a Collision with Motor Vehicle,1,Cloudy,Dry,Daylight
2020-12-05T10:00:00.000,I 85,I 85 and Mile Post 179,,Not a Collision with Motor Vehicle,1,Clear,Dry,Daylight
2021-05-28T14:12:00.000,I 85,I 85 and Mile Post 178,,Not a Collision with Motor Vehicle,2,Cloudy,Wet,Daylight
2022-02-06T17:40:00.000,I 85,I 85 and Mile Post 178,,Not a Collision with Motor Vehicle,1,Clear,Dry,Daylight
2020-10-08T19:15:00.000,I 85,I 85 and Mile Post 177 Off Rp,,Rear End,2,Clear,Dry,Dark-Not Lighted
2020-08-03T11:54:00.000,I 85,I 85 and Mile Post 177,,Not a Collision with Motor Vehicle,1,Clear,Dry,Daylight
2021-04-24T00:25:00.000,I 85,I 85 and Mile Post 177,,Rear End,2,Clear,Dry,Dark-Not Lighted
2022-07-02T11:08:00.000,I 85,I 85 and Mile Post 177,,Rear End,2,Clear,Dry,Daylight
2021-02-18T06:52:00.000,I 85,I 85 and Mile Post 1765,,Not a Collision with Motor Vehicle,1,Rain,Wet,Daylight
2021-01-30T18:31:00.000,I 85,I 85 and Mile Post 1765,,Rear End,2,Clear,Dry,Dark-Not Lighted
2020-10-16T18:40:00.000,I 85,I 85 and Mile Post 176,,Rear End,2,Clear,Dry,Daylight
2020-10-27T20:35:00.000,I 85,I 85 and Mile Post 176,,Rear End,2,Clear,Dry,Dark-Not Lighted
2020-10-27T23:05:00.000,I 85,I 85 and Mile Post 176,,Sideswipe-Same Direction,2,Clear,Dry,Daylight
2020-07-25T00:40:00.000,I 85,I 85 and Mile Post 176,,Rear End,2,Clear,Dry,Dark-Not Lighted
2020-08-03T05:00:00.000,I 85,I 85 and Mile Post 176,,Not a Collision with Motor Vehicle,1,Clear,Dry,Dark-Not Lighted
2021-04-14T05:20:00.000,I 85,I 85 and Mile Post 175,,Not a Collision with Motor Vehicle,1,Clear,Dry,Dark-Not Lighted
2020-11-26T09:56:00.000,I 85,I 85 and Mile Post 175,,Not a Collision with Motor Vehicle,1,Cloudy,Wet,Daylight
2020-12-04T16:14:00.000,I 85,I 85 and Mile Post 175,,Not a Collision with Motor Vehicle,1,Rain,Wet,Daylight
2022-06-04T13:03:00.000,I 85,I 85 and Mile Post 175,,Rear End,2,Clear,Dry,Daylight
2021-01-30T02:38:00.000,I 85,I 85 and Mile Post 174,,Not a Collision with Motor Vehicle,1,Clear,Dry,Dark-Not Lighted
2021-05-28T15:00:00.000,I 85,I 85 and Mile Post 174,,Not a Collision with Motor Vehicle,1,Cloudy,Wet,Daylight
2020-02-25T14:13:00.000,I 85,I 85 and Mile Post 173,,Angle Crash,2,Cloudy,Dry,Daylight
2020-08-09T15:23:00.000,I 85,I 85 and Mile Post 173,,Sideswipe-Same Direction,2,Rain,Wet,Daylight
2020-10-16T23:13:00.000,I 85,I 85 and Mile Post 173,,Rear End,2,Clear,Dry,Dark-Not Lighted
2021-04-07T12:18:00.000,I 85,I 85 and Mile Post 171,,Rear End,2,Clear,Dry,Daylight
2020-01-21T17:48:00.000,I 85,I 85 and Mile Post 171,,Not a Collision with Motor Vehicle,1,Clear,Dry,Daylight
2020-07-30T12:30:00.000,I 85,I 85 and Mile Post 171,,Not a Collision with Motor Vehicle,1,Rain,Wet,Daylight
2021-12-17T17:24:00.000,I 85,I 85 and Mile Post 171,,Not a Collision with Motor Vehicle,2,Clear,Dry,Dark-Not Lighted
2021-12-17T17:28:00.000,I 85,I 85 and Mile Post 171,,Not a Collision with Motor Vehicle,2,Clear,Dry,Dark-Not Lighted
2021-11-28T12:12:00.000,I 85,I 85 and Mile Post 171,,Rear End,2,Clear,Dry,Daylight
2020-10-22T17:50:00.000,I 85,I 85 and Mile Post 170,,Not a Collision with Motor Vehicle,1,Clear,Dry,Daylight
2020-02-10T12:50:00.000,I 85,I 85 and Mile Post 170,,Angle Crash,2,Rain,Wet,Daylight
2020-01-31T16:09:00.000,I 85,I 85 and Mile Post 170,,Not a Collision with Motor Vehicle,1,Cloudy,Wet,Daylight
2020-11-01T08:09:00.000,I 85,I 85 and Mile Post 169,,Sideswipe-Same Direction,2,Clear,Dry,Daylight
2022-01-31T10:52:00.000,I 85,I 85 and Mile Post 169,,Rear End,2,Clear,Dry,Daylight
2022-02-03T09:43:00.000,I 85,I 85 and Mile Post 169,,Rear End,4,Rain,Wet,Daylight
2022-06-23T15:55:00.000,I 85,I 85 and Mile Post 168,,Rear End,2,Clear,Dry,Daylight
2020-07-30T14:05:00.000,I 85,I 85 and Mile Post 168,,Not a Collision with Motor Vehicle,1,Rain,Wet,Daylight
2021-12-15T22:25:00.000,I 85,I 85 and Mile Post 167.5,,Angle Crash,2,Clear,Dry,Dark-Not Lighted
2020-12-29T01:02:00.000,I 85,I 85 and Mile Post 167,,Rear End,2,Clear,Dry,Dark-Not Lighted
2020-12-06T07:52:00.000,I 85,I 85 and Mile Post 167,,Not a Collision with Motor Vehicle,1,Clear,Dry,Daylight
2020-09-27T22:21:00.000,I 85,I 85 and Mile Post 167,,Rear End,2,Cloudy,Dry,Dark-Not Lighted
2022-04-15T07:14:00.000,I 85,I 85 and Mile Post 165,,Sideswipe-Same Direction,2,Clear,Dry,Dawn
2021-05-24T00:26:00.000,I 85,I 85 and Mile Post 162,,Not a Collision with Motor Vehicle,1,Clear,Dry,Dark-Not Lighted
2020-07-20T19:13:00.000,I 85,I 85 and Mile Post 162,,Rear End,3,Clear,Dry,Daylight
2020-10-09T16:31:00.000,I 85,I 85 and Mile Post 162,,Not a Collision with Motor Vehicle,1,Cloudy,Dry,Daylight
2020-11-30T20:00:00.000,I 85,I 85 and Mile Post 162,,Not a Collision with Motor Vehicle,1,Clear,Dry,Dark-Not Lighted
2021-05-23T22:46:00.000,I 85,I 85 and Mile Post 162,,Not a Collision with Motor Vehicle,1,Clear,Dry,Dark-Not Lighted
2022-06-04T07:21:00.000,I 85,I 85 and Mile Post 162,,Not a Collision with Motor Vehicle,1,Clear,Dry,Daylight
2021-05-24T00:20:00.000,I 85,I 85 and Mile Post 160,,Rear End,2,Clear,Dry,Dark-Not Lighted
2020-09-22T08:25:00.000,I 85,I 85 and Mile Post 160,,Rear End,3,Clear,Dry,Daylight
2020-12-31T20:37:00.000,I 85,I 85 and Mile Post 160,,Sideswipe-Same Direction,1,Rain,Wet,Dark-Not Lighted
2020-09-22T05:52:00.000,I 85,I 85 and Mile Post 160,,Not a Collision with Motor Vehicle,1,Clear,Dry,Dark-Not Lighted
2020-07-10T03:50:00.000,I 85,I 85 and Mile Post 156,,Angle Crash,2,Clear,Dry,Dark-Not Lighted
2020-07-10T03:50:00.000,I 85,I 85 and Mile Post 156,,Rear End,2,Clear,Dry,Daylight
2021-10-03T14:25:00.000,I 85,I 85 and Mile Post 155,,Not a Collision with Motor Vehicle,1,Cloudy,Dry,Daylight
2020-05-27T17:00:00.000,I 85,I 85 and Mile Post 154,,Not a Collision with Motor Vehicle,1,Cloudy,Wet,Daylight
2020-03-17T15:30:00.000,I 85,I 85 and Mile Post 15,,Not a Collision with Motor Vehicle,1,Clear,Dry,Daylight
2020-03-03T12:00:00.000,I 85,I 85 and Mile Post 13,,Not a Collision with Motor Vehicle,1,Rain,Wet,Daylight
2020-03-05T19:34:00.000,I 85,I 85 and Mile Post 10,,Rear End,3,Cloudy,Dry,Dark-Not Lighted
2020-01-02T18:25:00.000,I 85,I 85 and Mile Post 1,,Rear End,1,Cloudy,Wet,Dark-Not Lighted
2022-06-23T17:30:00.000,I 85,I 85 and Mile Marker168,,Angle Crash,2,Cloudy,Dry,Daylight
2020-02-08T02:55:00.000,I 85,I 85 and Mile Marker 99,,Not a Collision with Motor Vehicle,1,Clear,Dry,Dark-Lighted
2021-08-28T18:30:00.000,I 85,I 85 and Mile Marker 99,,Angle Crash,2,Clear,Dry,Daylight
2024-07-20T12:29:00.000,I 85,I 85 and Mile Marker 99,,Rear End,2,Rain,Wet,Daylight
2021-01-29T15:38:00.000,I 85,I 85 and Mile Marker 98,,Rear End,3,Clear,Dry,Daylight
2020-11-18T19:30:00.000,I 85,I 85 and Mile Marker 98,,Angle Crash,4,Clear,Dry,Dark-Not Lighted
2020-10-05T16:45:00.000,I 85,I 85 and Mile Marker 98,,Rear End,2,Clear,Dry,Daylight
2021-01-01T09:45:00.000,I 85,I 85 and Mile Marker 98,,Not a Collision with Motor Vehicle,1,Clear,Wet,Daylight
2020-02-15T19:24:00.000,I 85,I 85 and Mile Marker 978,,Rear End,2,Clear,Dry,Dark-Lighted
2020-08-04T12:40:00.000,I 85,I 85 and Mile Marker 975,,Rear End,2,Clear,Dry,Daylight
2020-08-04T09:50:00.000,I 85,I 85 and Mile Marker 974,,Sideswipe-Same Direction,4,Clear,Dry,Daylight
2022-02-04T07:55:00.000,I 85,I 85 and Mile Marker 97,,Sideswipe-Same Direction,3,Rain,Wet,Daylight
2023-10-13T22:39:00.000,I 85,I 85 and Mile Marker 97,,Sideswipe-Same Direction,2,Rain,Wet,Dark-Not Lighted
2024-01-11T16:10:00.000,I 85,I 85 and Mile Marker 97,,Rear End,2,Clear,Dry,Daylight
2024-01-11T14:50:00.000,I 85,I 85 and Mile Marker 97,,Rear End,5,Clear,Dry,Daylight
2022-05-02T09:08:00.000,I 85,I 85 and Mile Marker 96,,Rear End,2,Clear,Dry,Daylight
2020-03-19T19:19:00.000,I 85,I 85 and Mile Marker 94,,Sideswipe-Same Direction,2,Clear,Dry,Daylight
2023-07-27T22:13:00.000,I 85,I 85 and Mile Marker 9,,Rear End,2,Cloudy,Wet,Dark-Not Lighted
2022-02-13T12:05:00.000,I 85,I 85 and Mile Marker 9,,Not a Collision with Motor Vehicle,1,Clear,Dry,Daylight
2024-04-20T16:03:00.000,I 85,I 85 and Mile Marker 9,,Sideswipe-Same Direction,2,Clear,Dry,Daylight
2020-01-14T08:34:00.000,I 85,I 85 and Mile Marker 88,,Rear End,3,Cloudy,Wet,Daylight
2024-11-14T09:01:00.000,I 85,I 85 and Mile Marker 85.6,,Rear End,2,Rain,Wet,Daylight
2022-08-20T20:55:00.000,I 85,I 85 and Mile Marker 85,,Rear End,2,Clear,Dry,Dark-Lighted
2023-07-04T10:53:00.000,I 85,I 85 and Mile Marker 85,,Sideswipe-Same Direction,2,Cloudy,Dry,Daylight
2023-08-26T15:20:00.000,I 85,I 85 and Mile Marker 8,,Rear End,2,Clear,Dry,Daylight
2021-07-02T05:55:00.000,I 85,I 85 and Mile Marker 8,,Not a Collision with Motor Vehicle,1,Clear,Dry,Dark-Not Lighted
2021-03-05T16:24:00.000,I 85,I 85 and Mile Marker 74,,Sideswipe-Same Direction,2,Clear,Dry,Daylight
2023-04-27T15:22:00.000,I 85,I 85 and Mile Marker 7,,Not a Collision with Motor Vehicle,1,Cloudy,Wet,Daylight
2023-10-03T23:15:00.000,I 85,I 85 and Mile Marker 7,,Not a Collision with Motor Vehicle,1,Clear,Dry,Dark-Lighted
2023-11-12T19:28:00.000,I 85,I 85 and Mile Marker 7,,Rear End,2,Clear,Dry,Dark-Lighted
2020-02-10T07:10:00.000,I 85,I 85 and Mile Marker 7,,Not a Collision with Motor Vehicle,2,Clear,Dry,Dark-Not Lighted
2024-02-22T16:05:00.000,I 85,I 85 and Mile Marker 7,,Rear End,2,Clear,Dry,Daylight
2022-05-27T18:00:00.000,I 85,I 85 and Mile Marker 68,,Sideswipe-Same Direction,2,Clear,Dry,Daylight
2021-03-04T12:00:00.000,I 85,I 85 and Mile Marker 65,,Not a Collision with Motor Vehicle,2,Clear,Dry,Daylight
2024-09-26T13:44:00.000,I 85,I 85 and Mile Marker 62,,Rear End,2,Rain,Wet,Daylight
2020-03-11T18:26:00.000,I 85,I 85 and Mile Marker 61,,Sideswipe-Same Direction,2,Cloudy,Dry,Daylight
2020-03-27T17:12:00.000,I 85,I 85 and Mile Marker 61,,Not a Collision with Motor Vehicle,2,Clear,Dry,Daylight
2021-09-04T02:50:00.000,I 85,I 85 and Mile Marker 6,,Angle Crash,4,Clear,Dry,Dark-Not Lighted
2023-03-27T08:32:00.000,I 85,I 85 and Mile Marker 6,,Not a Collision with Motor Vehicle,1,Rain,Wet,Dark-Lighted
2020-02-10T16:10:00.000,I 85,I 85 and Mile Marker 57,,Not a Collision with Motor Vehicle,1,Rain,Wet,Daylight
2023-09-18T15:18:00.000,I 85,I 85 and Mile Marker 56,,Sideswipe-Same Direction,3,Clear,Dry,Daylight
2022-01-02T11:00:00.000,I 85,I 85 and Mile Marker 56,,Not a Collision with Motor Vehicle,1,Rain,Wet,Daylight
2022-01-02T09:18:00.000,I 85,I 85 and Mile Marker 56,,Angle Crash,2,Rain,Wet,Daylight
2023-09-25T08:54:00.000,I 85,I 85 and Mile Marker 55,,Sideswipe-Same Direction,2,Clear,Dry,Daylight
2023-10-05T13:13:00.000,I 85,I 85 and Mile Marker 55,,Rear End,2,Clear,Dry,Daylight
2020-02-06T10:17:00.000,I 85,I 85 and Mile Marker 54,,Not a Collision with Motor Vehicle,1,Rain,Wet,Daylight
2020-01-24T11:45:00.000,I 85,I 85 and Mile Marker 53,,Not a Collision with Motor Vehicle,1,Rain,Wet,Daylight