Date and Time,Roadway (From Crash Report),Intersection Name (from Crash Report),KABCO Severity,Manner of Collision (Crash Level) ,# of Vehicles per crash ,Weather Conditions (Crash Level),Surface Condition (Crash Level) ,Light Conditions (Crash Level)
2022-03-26T21:20:00.000,I 85,I 85 and Mile Marker 53,,Not a Collision with Motor Vehicle,1,Clear,Dry,Dark-Not Lighted
2023-09-12T08:39:00.000,I 85,I 85 and Mile Marker 53,,Not a Collision with Motor Vehicle,1,Clear,Dry,Daylight
2024-09-26T11:39:00.000,I 85,I 85 and Mile Marker 53,,Not a Collision with Motor Vehicle,1,Rain,Wet,Daylight
2023-07-16T06:37:00.000,I 85,I 85 and Mile Marker 53,,Sideswipe-Same Direction,2,Clear,Dry,Daylight
2024-09-24T06:36:00.000,I 85,I 85 and Mile Marker 52,,Rear End,2,Clear,Dry,Dark-Not Lighted
2023-08-11T17:27:00.000,I 85,I 85 and Mile Marker 51,,Not a Collision with Motor Vehicle,1,Clear,Dry,Daylight
2020-02-10T17:02:00.000,I 85,I 85 and Mile Marker 51,,Rear End,2,Rain,Wet,Daylight
2022-01-08T06:42:00.000,I 85,I 85 and Mile Marker 51,,Rear End,2,Cloudy,Dry,Dark-Lighted
2022-02-11T11:02:00.000,I 85,I 85 and Mile Marker 51,,Not a Collision with Motor Vehicle,2,Clear,Dry,Daylight
2023-09-25T08:10:00.000,I 85,I 85 and Mile Marker 51,,Not a Collision with Motor Vehicle,1,Clear,Dry,Daylight
2022-04-13T13:10:00.000,I 85,I 85 and Mile Marker 50,,Sideswipe-Same Direction,2,Cloudy,Dry,Daylight
2022-02-11T06:30:00.000,I 85,I 85 and Mile Marker 50,,Sideswipe-Same Direction,2,Clear,Dry,Dark-Not Lighted
2021-10-09T22:57:00.000,I 85,I 85 and Mile Marker 5,,Not a Collision with Motor Vehicle,1,Clear,Dry,Dark-Lighted
2024-03-07T07:35:00.000,I 85,I 85 and Mile Marker 5,,Angle Crash,1,Clear,Dry,Daylight
2021-12-11T14:30:00.000,I 85,I 85 and Mile Marker 49,,Not a Collision with Motor Vehicle,1,Rain,Wet,Daylight
2020-09-03T06:40:00.000,I 85,I 85 and Mile Marker 48,,Rear End,3,Clear,Dry,Dark-Not Lighted
2023-11-14T14:34:00.000,I 85,I 85 and Mile Marker 48,,Not a Collision with Motor Vehicle,1,Clear,Dry,Daylight
2020-09-03T06:42:00.000,I 85,I 85 and Mile Marker 48,,Rear End,3,Clear,Dry,Dark-Not Lighted
2020-02-11T10:06:00.000,I 85,I 85 and Mile Marker 48,,Not a Collision with Motor Vehicle,1,Rain,Wet,Daylight
2020-03-02T12:35:00.000,I 85,I 85 and Mile Marker 48,,Not a Collision with Motor Vehicle,1,Rain,Wet,Daylight
2024-11-04T13:59:00.000,I 85,I 85 and Mile Marker 48,,Angle Crash,2,Cloudy,Dry,Daylight
2024-09-11T16:17:00.000,I 85,I 85 and Mile Marker 48,,Angle Crash,3,Cloudy,Dry,Daylight
2023-11-14T15:39:00.000,I 85,I 85 and Mile Marker 48,,Not a Collision with Motor Vehicle,1,Clear,Dry,Daylight
2023-09-14T10:03:00.000,I 85,I 85 and Mile Marker 47,,Sideswipe-Same Direction,2,Clear,Dry,Daylight
2024-02-11T19:15:00.000,I 85,I 85 and Mile Marker 47,,Sideswipe-Same Direction,2,Rain,Wet,Dark-Not Lighted
2024-05-18T02:01:00.000,I 85,I 85 and Mile Marker 47,,Rear End,2,Clear,Dry,Dark-Lighted
2023-09-12T14:19:00.000,I 85,I 85 and Mile Marker 46,,Sideswipe-Same Direction,2,Clear,Dry,Daylight
2022-10-23T05:55:00.000,I 85,I 85 and Mile Marker 46,,Not a Collision with Motor Vehicle,1,Clear,Dry,Dark-Not Lighted
2024-08-24T16:49:00.000,I 85,I 85 and Mile Marker 46,,Sideswipe-Same Direction,2,Clear,Dry,Daylight
2020-03-13T16:01:00.000,I 85,I 85 and Mile Marker 45,,Not a Collision with Motor Vehicle,1,Rain,Wet,Daylight
2023-09-11T14:00:00.000,I 85,I 85 and Mile Marker 44,,Sideswipe-Same Direction,2,Clear,Dry,Daylight
2022-08-25T16:30:00.000,I 85,I 85 and Mile Marker 44,,Rear End,2,Rain,Wet,Daylight
2023-09-23T14:13:00.000,I 85,I 85 and Mile Marker 44,,Not a Collision with Motor Vehicle,1,Clear,Dry,Daylight
2023-11-19T05:30:00.000,I 85,I 85 and Mile Marker 44,,Not a Collision with Motor Vehicle,1,Clear,Dry,Dark-Lighted
2023-10-22T14:44:00.000,I 85,I 85 and Mile Marker 44,,Sideswipe-Same Direction,2,Clear,Dry,Daylight
2024-11-28T13:16:00.000,I 85,I 85 and Mile Marker 43,,Not a Collision with Motor Vehicle,1,Clear,Dry,Daylight
2024-09-16T15:02:00.000,I 85,I 85 and Mile Marker 41,,Not a Collision with Motor Vehicle,2,Clear,Dry,Daylight
2020-05-22T14:19:00.000,I 85,I 85 and Mile Marker 40,,Sideswipe-Same Direction,2,Clear,Dry,Daylight
2022-03-18T13:04:00.000,I 85,I 85 and Mile Marker 40,,Not a Collision with Motor Vehicle,1,Rain,Wet,Daylight
2022-12-09T17:01:00.000,I 85,I 85 and Mile Marker 40,,Rear End,2,Rain,Wet,Daylight
2023-12-03T16:16:00.000,I 85,I 85 and Mile Marker 40,,Not a Collision with Motor Vehicle,1,Clear,Dry,Daylight
2021-07-10T19:35:00.000,I 85,I 85 and Mile Marker 4,,Angle Crash,2,Clear,Dry,Daylight
2023-02-07T21:21:00.000,I 85,I 85 and Mile Marker 4,,Not a Collision with Motor Vehicle,1,Clear,Dry,Dark-Not Lighted
2023-05-26T16:14:00.000,I 85,I 85 and Mile Marker 4,,Not a Collision with Motor Vehicle,1,Clear,Dry,Daylight
2024-08-13T21:07:00.000,I 85,I 85 and Mile Marker 39,,Sideswipe-Same Direction,2,Clear,Dry,Dark-Not Lighted
2024-05-01T16:42:00.000,I 85,I 85 and Mile Marker 39,,Not a Collision with Motor Vehicle,1,Clear,Dry,Daylight
2020-02-17T10:15:00.000,I 85,I 85 and Mile Marker 35,,Not a Collision with Motor Vehicle,1,Cloudy,Dry,Daylight
2023-10-06T17:36:00.000,I 85,I 85 and Mile Marker 35,,Rear End,2,Cloudy,Dry,Daylight
2023-05-05T14:47:00.000,I 85,I 85 and Mile Marker 35,,Rear End,2,Rain,Wet,Daylight
2021-07-01T10:55:00.000,I 85,I 85 and Mile Marker 34,,Rear End,2,Clear,Dry,Daylight
2022-03-08T18:33:00.000,I 85,I 85 and Mile Marker 34,,Not a Collision with Motor Vehicle,1,Rain,Wet,Dusk
2022-11-11T17:50:00.000,I 85,I 85 and Mile Marker 34,,Sideswipe-Same Direction,2,Cloudy,Wet,Dark-Not Lighted
2024-10-24T07:48:00.000,I 85,I 85 and Mile Marker 34,,Not a Collision with Motor Vehicle,1,Clear,Dry,Daylight
2024-03-10T07:00:00.000,I 85,I 85 and Mile Marker 34,,Angle Crash,1,Clear,Dry,Dark-Not Lighted
2024-05-10T11:01:00.000,I 85,I 85 and Mile Marker 34,,Rear End,2,Clear,Dry,Daylight
2021-02-24T07:18:00.000,I 85,I 85 and Mile Marker 33,,Not a Collision with Motor Vehicle,1,Clear,Dry,Daylight
2023-03-25T07:32:00.000,I 85,I 85 and Mile Marker 33,,Not a Collision with Motor Vehicle,1,Rain,Wet,Daylight
2020-02-24T22:10:00.000,I 85,I 85 and Mile Marker 33,,Not a Collision with Motor Vehicle,1,Rain,Wet,Dark-Not Lighted
2022-04-22T18:37:00.000,I 85,I 85 and Mile Marker 33,,Rear End,3,Clear,Dry,Daylight
2022-02-01T10:01:00.000,I 85,I 85 and Mile Marker 33,,Not a Collision with Motor Vehicle,1,Clear,Dry,Daylight
2022-08-15T16:20:00.000,I 85,I 85 and Mile Marker 33,,Angle Crash,2,Rain,Wet,Daylight
2022-03-02T11:15:00.000,I 85,I 85 and Mile Marker 33,,Sideswipe-Same Direction,2,Clear,Dry,Daylight
2024-11-02T20:50:00.000,I 85,I 85 and Mile Marker 33,,Rear End,2,Clear,Dry,Dark-Not Lighted
2024-11-14T18:55:00.000,I 85,I 85 and Mile Marker 33,,Not a Collision with Motor Vehicle,2,Clear,Dry,Dark-Not Lighted
2022-04-30T15:15:00.000,I 85,I 85 and Mile Marker 32,,Rear End,3,Clear,Dry,Daylight
2023-10-30T20:11:00.000,I 85,I 85 and Mile Marker 32,,Angle Crash,2,Clear,Dry,Dark-Not Lighted
2020-06-16T16:20:00.000,I 85,I 85 and Mile Marker 32,,Sideswipe-Same Direction,2,Clear,Dry,Daylight
2022-12-22T20:11:00.000,I 85,I 85 and Mile Marker 32,,Angle Crash,2,Clear,Dry,Dark-Not Lighted
2024-12-01T16:40:00.000,I 85,I 85 and Mile Marker 32,,Rear End,3,Clear,Dry,Daylight
2023-12-08T17:57:00.000,I 85,I 85 and Mile Marker 32,,Rear End,2,Clear,Dry,Dark-Not Lighted
2024-11-25T19:00:00.000,I 85,I 85 and Mile Marker 32,,Not a Collision with Motor Vehicle,1,Clear,Dry,Dark-Not Lighted
2021-03-09T20:25:00.000,I 85,I 85 and Mile Marker 31,,Sideswipe-Same Direction,2,Clear,Dry,Dark-Not Lighted
2020-02-06T09:17:00.000,I 85,I 85 and Mile Marker 31,,Angle Crash,2,Rain,Wet,Daylight
2022-03-02T08:37:00.000,I 85,I 85 and Mile Marker 31,,Rear End,2,Clear,Dry,Daylight
2024-10-30T21:33:00.000,I 85,I 85 and Mile Marker 31,,Rear End,3,Clear,Dry,Dark-Not Lighted
2024-11-25T18:58:00.000,I 85,I 85 and Mile Marker 31,,Head On,2,Clear,Dry,Dark-Not Lighted
2024-11-27T13:05:00.000,I 85,I 85 and Mile Marker 31,,Rear End,2,Clear,Dry,Daylight
2021-11-25T18:05:00.000,I 85,I 85 and Mile Marker 30,,Sideswipe-Same Direction,2,Clear,Dry,Dark-Not Lighted
2021-04-30T13:40:00.000,I 85,I 85 and Mile Marker 30,,Rear End,2,Clear,Dry,Daylight
2021-08-25T12:15:00.000,I 85,I 85 and Mile Marker 30,,Not a Collision with Motor Vehicle,2,Clear,Dry,Daylight
2021-04-18T17:21:00.000,I 85,I 85 and Mile Marker 30,,Rear End,3,Cloudy,Dry,Daylight
2021-11-26T16:01:00.000,I 85,I 85 and Mile Marker 30,,Rear End,2,Clear,Dry,Daylight
2023-10-31T10:39:00.000,I 85,I 85 and Mile Marker 30,,Not a Collision with Motor Vehicle,1,Rain,Dry,Daylight
2022-12-13T14:22:00.000,I 85,I 85 and Mile Marker 30,,Rear End,2,Cloudy,Dry,Daylight
2022-01-06T15:02:00.000,I 85,I 85 and Mile Marker 30,,Sideswipe-Same Direction,2,Cloudy,Dry,Daylight
2022-11-11T20:32:00.000,I 85,I 85 and Mile Marker 30,,Not a Collision with Motor Vehicle,1,Cloudy,Wet,Dark-Not Lighted
2023-05-08T16:17:00.000,I 85,I 85 and Mile Marker 30,,Rear End,2,Cloudy,Dry,Daylight
2024-02-25T16:12:00.000,I 85,I 85 and Mile Marker 30,,Angle Crash,2,Clear,Dry,Daylight
2020-04-18T10:45:00.000,I 85,I 85 and Mile Marker 3,,Sideswipe-Same Direction,2,Clear,Dry,Daylight
2022-02-27T21:10:00.000,I 85,I 85 and Mile Marker 3,,Not a Collision with Motor Vehicle,1,Clear,Dry,Dark-Not Lighted
2021-11-17T13:15:00.000,I 85,I 85 and Mile Marker 29,,Rear End,2,Clear,Dry,Daylight
2021-11-28T15:50:00.000,I 85,I 85 and Mile Marker 29,,Rear End,2,Clear,Dry,Daylight
2021-11-28T16:15:00.000,I 85,I 85 and Mile Marker 28,,Rear End,2,Clear,Dry,Daylight
2020-01-14T15:03:00.000,I 85,I 85 and Mile Marker 28,,Not a Collision with Motor Vehicle,1,Rain,Wet,Daylight
2024-11-03T10:36:00.000,I 85,I 85 and Mile Marker 28,,Rear End,2,Clear,Dry,Daylight
2024-02-24T22:47:00.000,I 85,I 85 and Mile Marker 28,,Sideswipe-Same Direction,2,Clear,Dry,Dark-Not Lighted
2023-06-09T05:30:00.000,I 85,I 85 and Mile Marker 27,,Rear End,2,Clear,Dry,Dawn
2022-06-05T13:20:00.000,I 85,I 85 and Mile Marker 27,,Rear End,2,Clear,Dry,Daylight
2023-05-22T01:39:00.000,I 85,I 85 and Mile Marker 27,,Rear End,2,Cloudy,Dry,Dark-Not Lighted
2024-12-12T18:15:00.000,I 85,I 85 and Mile Marker 27,,Rear End,2,Clear,Dry,Dark-Not Lighted
2023-07-22T12:22:00.000,I 85,I 85 and Mile Marker 26,,Rear End,2,Rain,Wet,Daylight
2020-02-24T18:20:00.000,I 85,I 85 and Mile Marker 26,,Not a Collision with Motor Vehicle,1,Rain,Wet,Dark-Not Lighted
2020-03-25T17:30:00.000,I 85,I 85 and Mile Marker 26,,Sideswipe-Same Direction,2,Clear,Dry,Daylight
2020-03-23T19:47:00.000,I 85,I 85 and Mile Marker 26,,Sideswipe-Same Direction,2,Rain,Wet,Dark-Not Lighted
2021-07-29T03:35:00.000,I 85,I 85 and Mile Marker 26,,Angle Crash,2,Clear,Dry,Dark-Not Lighted
2022-02-18T17:00:00.000,I 85,I 85 and Mile Marker 26,,Rear End,4,Clear,Dry,Daylight
2022-02-18T18:55:00.000,I 85,I 85 and Mile Marker 26,,Rear End,2,Clear,Dry,Dark-Not Lighted
2024-08-25T15:55:00.000,I 85,I 85 and Mile Marker 26,,Rear End,2,Clear,Dry,Daylight
2020-08-06T17:33:00.000,I 85,I 85 and Mile Marker 251B,,Sideswipe-Same Direction,2,Cloudy,Dry,Daylight
2023-04-17T18:15:00.000,I 85,I 85 and Mile Marker 25,,Rear End,2,Clear,Dry,Daylight
2020-03-16T00:40:00.000,I 85,I 85 and Mile Marker 25,,Not a Collision with Motor Vehicle,1,Cloudy,Dry,Dark-Not Lighted
2020-08-10T17:20:00.000,I 85,I 85 and Mile Marker 25,,Not a Collision with Motor Vehicle,1,Rain,Wet,Daylight
2023-07-22T11:23:00.000,I 85,I 85 and Mile Marker 25,,Rear End,2,Cloudy,Wet,Daylight
2024-08-08T11:57:00.000,I 85,I 85 and Mile Marker 25,,Rear End,2,Clear,Dry,Daylight
2020-12-08T12:12:00.000,I 85,I 85 and Mile Marker 249,,Rear End,2,Clear,Dry,Daylight
2020-05-19T06:41:00.000,I 85,I 85 and Mile Marker 2484,,Not a Collision with Motor Vehicle,1,Cloudy,Wet,Dawn
2021-09-30T18:30:00.000,I 85,I 85 and Mile Marker 24,,Not a Collision with Motor Vehicle,1,Clear,Dry,Daylight
2021-03-28T13:34:00.000,I 85,I 85 and Mile Marker 24,,Rear End,2,Rain,Wet,Daylight
2021-08-23T14:45:00.000,I 85,I 85 and Mile Marker 24,,Not a Collision with Motor Vehicle,1,Clear,Dry,Daylight
2024-03-08T06:49:00.000,I 85,I 85 and Mile Marker 24,,Sideswipe-Same Direction,2,Clear,Dry,Daylight
2023-05-12T17:11:00.000,I 85,I 85 and Mile Marker 24,,Sideswipe-Same Direction,2,Cloudy,Dry,Daylight
2021-12-30T14:15:00.000,I 85,I 85 and Mile Marker 23,,Rear End,3,Rain,Wet,Daylight
2021-12-19T08:10:00.000,I 85,I 85 and Mile Marker 23,,Not a Collision with Motor Vehicle,1,Rain,Wet,Daylight
2023-06-10T16:10:00.000,I 85,I 85 and Mile Marker 23,,Rear End,2,Clear,Dry,Daylight
2020-02-25T15:15:00.000,I 85,I 85 and Mile Marker 23,,Angle Crash,2,Clear,Dry,Daylight
2020-01-19T08:03:00.000,I 85,I 85 and Mile Marker 23,,Sideswipe-Same Direction,1,Clear,Dry,Daylight
2020-02-06T11:25:00.000,I 85,I 85 and Mile Marker 23,,Not a Collision with Motor Vehicle,1,Rain,Wet,Daylight
2020-01-01T14:00:00.000,I 85,I 85 and Mile Marker 23,,Not a Collision with Motor Vehicle,2,Clear,Dry,Daylight
2020-01-26T23:35:00.000,I 85,I 85 and Mile Marker 23,,Angle Crash,1,Clear,Dry,Dark-Not Lighted
2020-01-26T23:00:00.000,I 85,I 85 and Mile Marker 23,,Rear End,2,Clear,Dry,Dark-Not Lighted
2021-11-28T16:35:00.000,I 85,I 85 and Mile Marker 23,,Angle Crash,2,Clear,Dry,Daylight
2022-06-18T22:15:00.000,I 85,I 85 and Mile Marker 23,,Not a Collision with Motor Vehicle,1,Clear,Dry,Dark-Not Lighted
2024-05-23T09:18:00.000,I 85,I 85 and Mile Marker 23,,Sideswipe-Same Direction,2,Clear,Dry,Daylight
2024-04-07T19:01:00.000,I 85,I 85 and Mile Marker 23,,Sideswipe-Same Direction,2,Clear,Dry,Daylight
2023-06-10T16:10:00.000,I 85,I 85 and Mile Marker 23,,Rear End,3,Clear,Dry,Daylight
2024-11-27T00:22:00.000,I 85,I 85 and Mile Marker 23,,Rear End,2,Clear,Dry,Dark-Not Lighted
2021-08-16T15:45:00.000,I 85,I 85 and Mile Marker 22,,Not a Collision with Motor Vehicle,1,Rain,Wet,Daylight
2021-07-10T18:25:00.000,I 85,I 85 and Mile Marker 22,,Sideswipe-Same Direction,2,Clear,Dry,Daylight
2023-11-25T13:01:00.000,I 85,I 85 and Mile Marker 22,,Not a Collision with Motor Vehicle,1,Clear,Dry,Daylight
2020-02-15T15:52:00.000,I 85,I 85 and Mile Marker 22,,Not a Collision with Motor Vehicle,1,Clear,Dry,Daylight
2022-08-31T20:30:00.000,I 85,I 85 and Mile Marker 22,,Rear End,2,Clear,Dry,Dark-Not Lighted
2024-07-27T15:43:00.000,I 85,I 85 and Mile Marker 22,,Rear End,2,Clear,Dry,Daylight
2023-09-04T20:22:00.000,I 85,I 85 and Mile Marker 22,,Rear End,2,Clear,Dry,Dark-Not Lighted
2024-07-28T15:52:00.000,I 85,I 85 and Mile Marker 22,,Sideswipe-Same Direction,2,Clear,Dry,Daylight
2021-11-19T17:55:00.000,I 85,I 85 and Mile Marker 21,,Rear End,3,Clear,Dry,Dark-Not Lighted
2023-09-20T10:40:00.000,I 85,I 85 and Mile Marker 21,,Angle Crash,2,Clear,Dry,Daylight
2023-11-17T13:26:00.000,I 85,I 85 and Mile Marker 21,,Not a Collision with Motor Vehicle,1,Clear,Dry,Daylight
2023-10-03T05:34:00.000,I 85,I 85 and Mile Marker 21,,Not a Collision with Motor Vehicle,1,Clear,Dry,Dark-Not Lighted
2021-07-10T18:30:00.000,I 85,I 85 and Mile Marker 21,,Rear End,2,Clear,Dry,Daylight
2021-05-09T18:55:00.000,I 85,I 85 and Mile Marker 21,,Not a Collision with Motor Vehicle,1,Clear,Dry,Daylight
2024-04-05T18:48:00.000,I 85,I 85 and Mile Marker 21,,Sideswipe-Same Direction,2,Clear,Dry,Daylight
2020-03-15T13:20:00.000,I 85,I 85 and Mile Marker 202,,Sideswipe-Same Direction,2,Rain,Wet,Daylight
2024-07-07T15:01:00.000,I 85,I 85 and Mile Marker 20,,Rear End,2,Clear,Dry,Daylight
2023-11-26T16:50:00.000,I 85,I 85 and Mile Marker 20,,Rear End,2,Rain,Wet,Daylight
2024-09-13T17:11:00.000,I 85,I 85 and Mile Marker 20,,Rear End,2,Cloudy,Dry,Daylight
2021-11-17T12:05:00.000,I 85,I 85 and Mile Marker 2,,Angle Crash,2,Clear,Dry,Daylight
2020-03-05T18:02:00.000,I 85,I 85 and Mile Marker 2,,Not a Collision with Motor Vehicle,1,Cloudy,Wet,Dark-Not Lighted
2022-05-18T06:18:00.000,I 85,I 85 and Mile Marker 2,,Rear End,3,Clear,Dry,Dawn
2024-07-21T17:12:00.000,I 85,I 85 and Mile Marker 2,,Rear End,3,Rain,Wet,Daylight
2024-11-11T00:13:00.000,I 85,I 85 and Mile Marker 19,,Not a Collision with Motor Vehicle,1,Clear,Dry,Dark-Not Lighted
2023-10-31T16:11:00.000,I 85,I 85 and Mile Marker 18 Exit Rp,,Rear End,2,Clear,Dry,Daylight
2024-09-13T16:41:00.000,I 85,I 85 and Mile Marker 18 Exit Rp,,Rear End,3,Rain,Wet,Daylight
2020-01-23T22:23:00.000,I 85,I 85 and Mile Marker 18,,Not a Collision with Motor Vehicle,1,Rain,Wet,Dark-Lighted
2023-08-02T08:55:00.000,I 85,I 85 and Mile Marker 18,,Sideswipe-Same Direction,2,Clear,Dry,Daylight
2024-10-27T03:43:00.000,I 85,I 85 and Mile Marker 18,,Not a Collision with Motor Vehicle,1,Clear,Dry,Dark-Not Lighted
2021-08-10T07:17:00.000,I 85,I 85 and Mile Marker 179,,Rear End,2,Clear,Dry,Daylight
2021-02-15T17:14:00.000,I 85,I 85 and Mile Marker 179,,Not a Collision with Motor Vehicle,1,Rain,Wet,Daylight
2021-05-07T11:00:00.000,I 85,I 85 and Mile Marker 179,,Rear End,2,Clear,Dry,Daylight
2021-07-12T19:15:00.000,I 85,I 85 and Mile Marker 179,,Not a Collision with Motor Vehicle,1,Cloudy,Wet,Daylight
2021-02-13T01:43:00.000,I 85,I 85 and Mile Marker 179,,Not a Collision with Motor Vehicle,1,Rain,Wet,Dark-Not Lighted
2023-09-14T12:50:00.000,I 85,I 85 and Mile Marker 179,,Not a Collision with Motor Vehicle,1,Cloudy,Dry,Daylight
2023-04-29T14:10:00.000,I 85,I 85 and Mile Marker 179,,Sideswipe-Same Direction,2,Cloudy,Dry,Daylight
2023-07-30T18:40:00.000,I 85,I 85 and Mile Marker 179,,Not a Collision with Motor Vehicle,1,Clear,Dry,Daylight
2023-02-25T13:28:00.000,I 85,I 85 and Mile Marker 179,,Sideswipe-Same Direction,2,Cloudy,Dry,Daylight
2020-11-21T21:27:00.000,I 85,I 85 and Mile Marker 179,,Not a Collision with Motor Vehicle,1,Clear,Dry,Dark-Not Lighted
2021-03-19T10:54:00.000,I 85,I 85 and Mile Marker 179,,Rear End,2,Clear,Dry,Daylight
2021-12-14T07:25:00.000,I 85,I 85 and Mile Marker 179,,Not a Collision with Motor Vehicle,1,Fog,Dry,Daylight
2021-10-29T10:06:00.000,I 85,I 85 and Mile Marker 179,,Angle Crash,2,Cloudy,Wet,Daylight
2022-06-06T22:02:00.000,I 85,I 85 and Mile Marker 179,,Rear End,2,Clear,Dry,Dark-Not Lighted
2022-11-27T14:10:00.000,I 85,I 85 and Mile Marker 179,,Rear End,3,Cloudy,Dry,Daylight
2022-07-07T20:34:00.000,I 85,I 85 and Mile Marker 179,,Not a Collision with Motor Vehicle,1,Clear,Dry,Daylight
2022-09-19T12:46:00.000,I 85,I 85 and Mile Marker 179,,Sideswipe-Same Direction,2,Clear,Dry,Daylight
2022-05-01T13:06:00.000,I 85,I 85 and Mile Marker 179,,Angle Crash,2,Clear,Dry,Daylight
2022-11-08T19:58:00.000,I 85,I 85 and Mile Marker 179,,Rear End,2,Clear,Dry,Daylight
2022-12-27T16:45:00.000,I 85,I 85 and Mile Marker 179,,Not a Collision with Motor Vehicle,1,Clear,Dry,Daylight
2022-05-22T10:27:00.000,I 85,I 85 and Mile Marker 179,,Not a Collision with Motor Vehicle,1,Clear,Dry,Daylight
2022-08-19T16:49:00.000,I 85,I 85 and Mile Marker 179,,Sideswipe-Same Direction,2,Clear,Dry,Daylight
2023-06-23T03:30:00.000,I 85,I 85 and Mile Marker 179,,Sideswipe-Opposite Direction,2,Cloudy,Dry,Dark-Not Lighted
2024-08-23T08:56:00.000,I 85,I 85 and Mile Marker 179,,Sideswipe-Same Direction,2,Clear,Dry,Daylight
2024-11-30T14:19:00.000,I 85,I 85 and Mile Marker 179,,Rear End,2,Clear,Dry,Daylight
2023-08-23T12:15:00.000,I 85,I 85 and Mile Marker 179,,Not a Collision with Motor Vehicle,1,Clear,Dry,Daylight
2023-11-04T08:55:00.000,I 85,I 85 and Mile Marker 179,,Not a Collision with Motor Vehicle,2,Clear,Dry,Daylight
2023-12-18T18:50:00.000,I 85,I 85 and Mile Marker 179,,Not a Collision with Motor Vehicle,1,Clear,Dry,Dark-Not Lighted
2023-04-21T07:48:00.000,I 85,I 85 and Mile Marker 179,,Sideswipe-Same Direction,2,Clear,Dry,Daylight
2024-03-11T13:37:00.000,I 85,I 85 and Mile Marker 179,,Sideswipe-Same Direction,2,Clear,Dry,Daylight
2024-06-15T20:25:00.000,I 85,I 85 and Mile Marker 179,,Not a Collision with Motor Vehicle,1,Cloudy,Dry,Daylight
2024-08-30T21:45:00.000,I 85,I 85 and Mile Marker 179,,Sideswipe-Same Direction,2,Clear,Dry,Dark-Not Lighted
2024-02-03T20:00:00.000,I 85,I 85 and Mile Marker 179,,Not a Collision with Motor Vehicle,1,Clear,Dry,Dark-Not Lighted
2024-01-12T21:00:00.000,I 85,I 85 and Mile Marker 179,,Head On,2,Clear,Dry,Daylight
2024-04-14T19:01:00.000,I 85,I 85 and Mile Marker 179,,Not a Collision with Motor Vehicle,1,Clear,Dry,Daylight
2022-07-16T17:07:00.000,I 85,I 85 and Mile Marker 178.5,,Not a Collision with Motor Vehicle,1,Clear,Dry,Daylight
2024-03-31T15:55:00.000,I 85,I 85 and Mile Marker 178.5,,Rear End,2,Cloudy,Dry,Daylight
2023-07-31T09:35:00.000,I 85,I 85 and Mile Marker 178.5,,Sideswipe-Same Direction,2,Clear,Dry,Daylight
2021-04-20T19:41:00.000,I 85,I 85 and Mile Marker 178,,Sideswipe-Same Direction,2,Clear,Dry,Daylight
2020-11-03T12:10:00.000,I 85,I 85 and Mile Marker 178,,Sideswipe-Same Direction,2,Clear,Dry,Daylight
2023-11-03T14:40:00.000,I 85,I 85 and Mile Marker 178,,Rear End,2,Rain,Wet,Daylight
2023-11-03T13:18:00.000,I 85,I 85 and Mile Marker 178,,Not a Collision with Motor Vehicle,1,Clear,Dry,Daylight
2020-03-07T13:34:00.000,I 85,I 85 and Mile Marker 178,,Not a Collision with Motor Vehicle,1,Clear,Dry,Daylight
2020-03-25T05:50:00.000,I 85,I 85 and Mile Marker 178,,Not a Collision with Motor Vehicle,1,Rain,Wet,Dark-Not Lighted
2021-11-07T03:54:00.000,I 85,I 85 and Mile Marker 178,,Not a Collision with Motor Vehicle,1,Clear,Dry,Dark-Not Lighted
2022-06-14T22:18:00.000,I 85,I 85 and Mile Marker 178,,Sideswipe-Same Direction,2,Clear,Dry,Dark-Not Lighted
2022-09-13T15:48:00.000,I 85,I 85 and Mile Marker 178,,Rear End,2,Clear,Dry,Daylight
2022-01-08T13:49:00.000,I 85,I 85 and Mile Marker 178,,Not a Collision with Motor Vehicle,1,Clear,Dry,Daylight
2022-03-19T21:10:00.000,I 85,I 85 and Mile Marker 178,,Not a Collision with Motor Vehicle,2,Clear,Dry,Dark-Not Lighted
2024-12-12T14:00:00.000,I 85,I 85 and Mile Marker 178,,Rear End,2,Clear,Dry,Daylight
2023-05-19T04:38:00.000,I 85,I 85 and Mile Marker 178,,Sideswipe-Same Direction,2,Cloudy,Wet,Dark-Not Lighted