Date and Time,Roadway (From Crash Report),Intersection Name (from Crash Report),KABCO Severity,Manner of Collision (Crash Level) ,# of Vehicles per crash ,Weather Conditions (Crash Level),Surface Condition (Crash Level) ,Light Conditions (Crash Level)
2023-11-25T15:57:00.000,I 85,I 85 and Mile Marker 178,,Not a Collision with Motor Vehicle,1,Clear,Dry,Daylight
2023-06-28T08:21:00.000,I 85,I 85 and Mile Marker 178,,Sideswipe-Same Direction,2,Clear,Dry,Daylight
2024-06-10T13:06:00.000,I 85,I 85 and Mile Marker 178,,Sideswipe-Same Direction,2,Clear,Dry,Daylight
2024-12-27T19:40:00.000,I 85,I 85 and Mile Marker 178,,Rear End,4,Cloudy,Wet,Dark-Not Lighted
2024-11-30T11:30:00.000,I 85,I 85 and Mile Marker 178,,Rear End,4,Clear,Dry,Daylight
2024-05-04T13:19:00.000,I 85,I 85 and Mile Marker 178,,Not a Collision with Motor Vehicle,1,Cloudy,Dry,Daylight
2024-05-11T15:35:00.000,I 85,I 85 and Mile Marker 178,,Sideswipe-Same Direction,2,Clear,Dry,Daylight
2024-12-01T19:15:00.000,I 85,I 85 and Mile Marker 178,,Rear End,2,Clear,Dry,Dark-Not Lighted
2023-10-12T13:44:00.000,I 85,I 85 and Mile Marker 177.5,,Sideswipe-Same Direction,2,Cloudy,Dry,Daylight
2023-01-17T07:00:00.000,I 85,I 85 and Mile Marker 177 Exit Rp,,Rear End,2,Rain,Wet,Dark-Not Lighted
2021-04-16T23:37:00.000,I 85,I 85 and Mile Marker 177,,Not a Collision with Motor Vehicle,2,Cloudy,Dry,Dark-Not Lighted
2021-03-05T22:25:00.000,I 85,I 85 and Mile Marker 177,,Sideswipe-Same Direction,2,Clear,Dry,Dark-Not Lighted
2023-12-28T17:14:00.000,I 85,I 85 and Mile Marker 177,,Head On,2,Clear,Dry,Daylight
2020-03-08T23:47:00.000,I 85,I 85 and Mile Marker 177,,Not a Collision with Motor Vehicle,1,Clear,Dry,Daylight
2020-10-14T19:25:00.000,I 85,I 85 and Mile Marker 177,,Sideswipe-Same Direction,2,Clear,Dry,Dark-Not Lighted
2020-08-15T16:10:00.000,I 85,I 85 and Mile Marker 177,,Not a Collision with Motor Vehicle,1,Rain,Wet,Daylight
2021-02-18T07:42:00.000,I 85,I 85 and Mile Marker 177,,Not a Collision with Motor Vehicle,1,Rain,Wet,Daylight
2021-05-09T07:06:00.000,I 85,I 85 and Mile Marker 177,,Not a Collision with Motor Vehicle,1,Clear,Dry,Daylight
2022-08-18T09:22:00.000,I 85,I 85 and Mile Marker 177,,Not a Collision with Motor Vehicle,2,Clear,Dry,Daylight
2022-03-27T16:46:00.000,I 85,I 85 and Mile Marker 177,,Not a Collision with Motor Vehicle,1,Clear,Dry,Daylight
2022-11-01T20:52:00.000,I 85,I 85 and Mile Marker 177,,Not a Collision with Motor Vehicle,1,Clear,Dry,Dark-Not Lighted
2022-10-20T10:55:00.000,I 85,I 85 and Mile Marker 177,,Sideswipe-Same Direction,2,Clear,Dry,Dark-Not Lighted
2022-11-24T18:36:00.000,I 85,I 85 and Mile Marker 177,,Not a Collision with Motor Vehicle,1,Cloudy,Dry,Dark-Not Lighted
2022-04-25T18:45:00.000,I 85,I 85 and Mile Marker 177,,Sideswipe-Same Direction,2,Clear,Dry,Daylight
2022-12-26T19:00:00.000,I 85,I 85 and Mile Marker 177,,Not a Collision with Motor Vehicle,2,Cloudy,Dry,Dark-Not Lighted
2024-10-26T19:48:00.000,I 85,I 85 and Mile Marker 177,,Not a Collision with Motor Vehicle,1,Cloudy,Wet,Dark-Not Lighted
2024-06-02T06:50:00.000,I 85,I 85 and Mile Marker 177,,Not a Collision with Motor Vehicle,1,Cloudy,Wet,Daylight
2023-12-15T21:50:00.000,I 85,I 85 and Mile Marker 177,,Sideswipe-Same Direction,2,Clear,Dry,Dark-Not Lighted
2023-09-23T06:14:00.000,I 85,I 85 and Mile Marker 177,,Sideswipe-Same Direction,2,Clear,Dry,Dark-Not Lighted
2023-09-05T07:50:00.000,I 85,I 85 and Mile Marker 177,,Not a Collision with Motor Vehicle,1,Clear,Dry,Daylight
2024-09-26T15:49:00.000,I 85,I 85 and Mile Marker 177,,Angle Crash,3,Rain,Wet,Daylight
2024-09-26T15:45:00.000,I 85,I 85 and Mile Marker 177,,Rear End,2,Rain,Wet,Daylight
2024-09-19T06:01:00.000,I 85,I 85 and Mile Marker 177,,Sideswipe-Same Direction,2,Clear,Dry,Dark-Not Lighted
2024-07-10T17:21:00.000,I 85,I 85 and Mile Marker 177,,Sideswipe-Same Direction,2,Clear,Dry,Daylight
2024-10-12T03:35:00.000,I 85,I 85 and Mile Marker 177,,Angle Crash,2,Fog,Dry,Dark-Not Lighted
2023-10-08T13:03:00.000,I 85,I 85 and Mile Marker 176.5,,Not a Collision with Motor Vehicle,1,Clear,Dry,Daylight
2021-11-25T10:59:00.000,I 85,I 85 and Mile Marker 176.5,,Not a Collision with Motor Vehicle,1,Clear,Dry,Daylight
2022-08-12T15:25:00.000,I 85,I 85 and Mile Marker 176.5,,Sideswipe-Same Direction,2,Cloudy,Dry,Daylight
2023-10-08T13:04:00.000,I 85,I 85 and Mile Marker 176.5,,Head On,2,Clear,Dry,Daylight
2023-10-08T13:03:00.000,I 85,I 85 and Mile Marker 176.5,,Not a Collision with Motor Vehicle,1,Clear,Dry,Daylight
2023-10-08T13:04:00.000,I 85,I 85 and Mile Marker 176.5,,Angle Crash,2,Clear,Dry,Daylight
2023-12-29T11:42:00.000,I 85,I 85 and Mile Marker 176.5,,Not a Collision with Motor Vehicle,1,Cloudy,Dry,Daylight
2024-01-03T03:20:00.000,I 85,I 85 and Mile Marker 176.5,,Not a Collision with Motor Vehicle,1,Clear,Dry,Dark-Not Lighted
2021-12-25T17:56:00.000,I 85,I 85 and Mile Marker 176,,Not a Collision with Motor Vehicle,1,Cloudy,Dry,Dark-Not Lighted
2021-10-30T15:14:00.000,I 85,I 85 and Mile Marker 176,,Rear End,3,Clear,Dry,Daylight
2023-10-09T16:00:00.000,I 85,I 85 and Mile Marker 176,,Sideswipe-Same Direction,2,Clear,Dry,Daylight
2023-10-22T17:26:00.000,I 85,I 85 and Mile Marker 176,,Rear End,2,Clear,Dry,Daylight
2021-05-07T11:25:00.000,I 85,I 85 and Mile Marker 176,,Rear End,2,Clear,Dry,Daylight
2021-01-02T21:18:00.000,I 85,I 85 and Mile Marker 176,,Rear End,2,Cloudy,Dry,Dark-Not Lighted
2021-03-17T09:51:00.000,I 85,I 85 and Mile Marker 176,,Rear End,2,Fog,Dry,Daylight
2022-09-23T18:49:00.000,I 85,I 85 and Mile Marker 176,,Rear End,3,Clear,Dry,Daylight
2022-11-23T20:31:00.000,I 85,I 85 and Mile Marker 176,,Rear End,3,Clear,Dry,Dark-Not Lighted
2022-07-06T17:33:00.000,I 85,I 85 and Mile Marker 176,,Sideswipe-Same Direction,2,Clear,Dry,Daylight
2022-11-23T22:42:00.000,I 85,I 85 and Mile Marker 176,,Rear End,2,Clear,Dry,Dark-Not Lighted
2022-09-23T17:28:00.000,I 85,I 85 and Mile Marker 176,,Sideswipe-Same Direction,2,Clear,Dry,Daylight
2022-01-16T14:08:00.000,I 85,I 85 and Mile Marker 176,,Not a Collision with Motor Vehicle,1,Snow,Slush,Daylight
2023-05-11T10:05:00.000,I 85,I 85 and Mile Marker 176,,Sideswipe-Same Direction,2,Clear,Dry,Daylight
2024-10-27T16:44:00.000,I 85,I 85 and Mile Marker 176,,Rear End,2,Clear,Dry,Daylight
2023-10-08T13:02:00.000,I 85,I 85 and Mile Marker 176,,Sideswipe-Same Direction,2,Clear,Dry,Daylight
2023-10-01T13:56:00.000,I 85,I 85 and Mile Marker 176,,Rear End,2,Clear,Dry,Daylight
2023-12-28T17:50:00.000,I 85,I 85 and Mile Marker 176,,Head On,2,Cloudy,Dry,Daylight
2024-10-29T14:36:00.000,I 85,I 85 and Mile Marker 176,,Sideswipe-Same Direction,2,Clear,Dry,Daylight
2024-05-25T08:09:00.000,I 85,I 85 and Mile Marker 176,,Sideswipe-Same Direction,2,Cloudy,Dry,Daylight
2024-01-14T19:00:00.000,I 85,I 85 and Mile Marker 176,,Not a Collision with Motor Vehicle,1,Clear,Dry,Dark-Not Lighted
2023-03-05T19:21:00.000,I 85,I 85 and Mile Marker 175,,Rear End,2,Clear,Dry,Dark-Not Lighted
2023-09-08T05:56:00.000,I 85,I 85 and Mile Marker 175,,Rear End,2,Clear,Dry,Dark-Not Lighted
2023-12-16T17:49:00.000,I 85,I 85 and Mile Marker 175,,Sideswipe-Same Direction,2,Clear,Wet,Dark-Not Lighted
2020-02-01T13:07:00.000,I 85,I 85 and Mile Marker 175,,Sideswipe-Same Direction,2,Cloudy,Dry,Daylight
2020-11-23T12:34:00.000,I 85,I 85 and Mile Marker 175,,Not a Collision with Motor Vehicle,1,Clear,Dry,Daylight
2020-10-10T09:47:00.000,I 85,I 85 and Mile Marker 175,,Not a Collision with Motor Vehicle,1,Rain,Wet,Daylight
2020-11-21T19:34:00.000,I 85,I 85 and Mile Marker 175,,Angle Crash,2,Clear,Dry,Dark-Not Lighted
2022-08-28T12:05:00.000,I 85,I 85 and Mile Marker 175,,Not a Collision with Motor Vehicle,1,Clear,Dry,Daylight
2022-01-17T16:04:00.000,I 85,I 85 and Mile Marker 175,,Not a Collision with Motor Vehicle,1,Cloudy,Dry,Daylight
2024-01-19T05:40:00.000,I 85,I 85 and Mile Marker 175,,Rear End,2,Clear,Wet,Dark-Not Lighted
2023-11-22T21:40:00.000,I 85,I 85 and Mile Marker 175,,Sideswipe-Same Direction,2,Clear,Dry,Dark-Not Lighted
2023-11-07T15:08:00.000,I 85,I 85 and Mile Marker 175,,Not a Collision with Motor Vehicle,2,Clear,Dry,Daylight
2023-11-15T03:25:00.000,I 85,I 85 and Mile Marker 175,,Not a Collision with Motor Vehicle,1,Clear,Dry,Dark-Not Lighted
2024-05-08T11:52:00.000,I 85,I 85 and Mile Marker 175,,Sideswipe-Same Direction,2,Cloudy,Dry,Daylight
2021-01-30T23:45:00.000,I 85,I 85 and Mile Marker 1745,,Rear End,2,Cloudy,Dry,Dark-Not Lighted
2020-02-27T12:27:00.000,I 85,I 85 and Mile Marker 1745,,Not a Collision with Motor Vehicle,1,Clear,Dry,Daylight
2022-11-03T10:35:00.000,I 85,I 85 and Mile Marker 174.5,,Sideswipe-Same Direction,2,Clear,Dry,Daylight
2023-10-29T11:27:00.000,I 85,I 85 and Mile Marker 174.5,,Not a Collision with Motor Vehicle,1,Clear,Dry,Daylight
2023-10-22T16:18:00.000,I 85,I 85 and Mile Marker 174,,Rear End,4,Clear,Dry,Daylight
2023-12-18T21:30:00.000,I 85,I 85 and Mile Marker 174,,Rear End,2,Clear,Dry,Dark-Not Lighted
2022-11-26T17:10:00.000,I 85,I 85 and Mile Marker 174,,Not a Collision with Motor Vehicle,1,Clear,Dry,Daylight
2021-02-06T21:19:00.000,I 85,I 85 and Mile Marker 174,,Rear End,2,Clear,Snow,Dark-Not Lighted
2021-09-04T12:58:00.000,I 85,I 85 and Mile Marker 174,,Rear End,2,Clear,Dry,Daylight
2022-09-10T15:05:00.000,I 85,I 85 and Mile Marker 174,,Sideswipe-Same Direction,2,Cloudy,Wet,Daylight
2021-07-28T06:23:00.000,I 85,I 85 and Mile Marker 174,,Rear End,2,Clear,Dry,Daylight
2022-11-27T18:32:00.000,I 85,I 85 and Mile Marker 174,,Rear End,2,Cloudy,Dry,Dark-Not Lighted
2022-04-05T06:15:00.000,I 85,I 85 and Mile Marker 174,,Not a Collision with Motor Vehicle,1,Clear,Dry,Dark-Not Lighted
2023-04-16T14:20:00.000,I 85,I 85 and Mile Marker 174,,Not a Collision with Motor Vehicle,1,Cloudy,Dry,Daylight
2023-11-04T16:42:00.000,I 85,I 85 and Mile Marker 174,,Sideswipe-Same Direction,2,Clear,Dry,Daylight
2024-11-30T16:20:00.000,I 85,I 85 and Mile Marker 174,,Rear End,2,Clear,Dry,Daylight
2024-03-13T14:55:00.000,I 85,I 85 and Mile Marker 174,,Not a Collision with Motor Vehicle,1,Clear,Dry,Daylight
2020-11-24T08:26:00.000,I 85,I 85 and Mile Marker 1735,,Not a Collision with Motor Vehicle,1,Clear,Dry,Daylight
2023-12-13T18:30:00.000,I 85,I 85 and Mile Marker 173.5,,Sideswipe-Same Direction,2,Clear,Dry,Dark-Not Lighted
2023-03-31T09:30:00.000,I 85,I 85 and Mile Marker 173.5,,Sideswipe-Same Direction,2,Rain,Wet,Daylight
2023-03-31T09:30:00.000,I 85,I 85 and Mile Marker 173.5,,Angle Crash,2,Rain,Wet,Daylight
2022-07-15T14:49:00.000,I 85,I 85 and Mile Marker 173.5,,Sideswipe-Same Direction,2,Clear,Dry,Daylight
2024-12-20T22:29:00.000,I 85,I 85 and Mile Marker 173.5,,Not a Collision with Motor Vehicle,1,Clear,Dry,Dark-Not Lighted
2021-02-16T15:40:00.000,I 85,I 85 and Mile Marker 173 Exit Rp,,Not a Collision with Motor Vehicle,1,Clear,Dry,Daylight
2021-06-24T17:38:00.000,I 85,I 85 and Mile Marker 173,,Not a Collision with Motor Vehicle,1,Clear,Dry,Daylight
2021-01-01T11:25:00.000,I 85,I 85 and Mile Marker 173,,Not a Collision with Motor Vehicle,1,Rain,Wet,Daylight
2021-04-05T17:48:00.000,I 85,I 85 and Mile Marker 173,,Rear End,2,Clear,Dry,Daylight
2021-01-03T08:38:00.000,I 85,I 85 and Mile Marker 173,,Not a Collision with Motor Vehicle,3,Clear,Dry,Daylight
2021-03-29T01:19:00.000,I 85,I 85 and Mile Marker 173,,Not a Collision with Motor Vehicle,1,Clear,Dry,Dark-Not Lighted
2021-02-03T17:16:00.000,I 85,I 85 and Mile Marker 173,,Sideswipe-Same Direction,2,Clear,Dry,Daylight
2021-03-29T01:19:00.000,I 85,I 85 and Mile Marker 173,,Not a Collision with Motor Vehicle,1,Clear,Dry,Dark-Not Lighted
2021-12-22T07:18:00.000,I 85,I 85 and Mile Marker 173,,Sideswipe-Same Direction,2,Clear,Dry,Daylight
2021-11-28T15:08:00.000,I 85,I 85 and Mile Marker 173,,Rear End,2,Clear,Dry,Daylight
2021-08-30T21:07:00.000,I 85,I 85 and Mile Marker 173,,Not a Collision with Motor Vehicle,2,Clear,Dry,Dark-Not Lighted
2023-11-10T11:43:00.000,I 85,I 85 and Mile Marker 173,,Rear End,2,Cloudy,Dry,Daylight
2023-03-26T10:50:00.000,I 85,I 85 and Mile Marker 173,,Not a Collision with Motor Vehicle,1,Cloudy,Wet,Daylight
2023-11-10T11:55:00.000,I 85,I 85 and Mile Marker 173,,Rear End,2,Cloudy,Dry,Daylight
2022-01-05T23:52:00.000,I 85,I 85 and Mile Marker 173,,Not a Collision with Motor Vehicle,1,Clear,Dry,Dark-Not Lighted
2020-12-03T23:37:00.000,I 85,I 85 and Mile Marker 173,,Rear End,2,Clear,Dry,Dark-Not Lighted
2020-04-17T15:20:00.000,I 85,I 85 and Mile Marker 173,,Angle Crash,2,Clear,Dry,Daylight
2020-11-11T12:40:00.000,I 85,I 85 and Mile Marker 173,,Not a Collision with Motor Vehicle,1,Rain,Wet,Daylight
2020-02-01T13:27:00.000,I 85,I 85 and Mile Marker 173,,Sideswipe-Same Direction,2,Clear,Dry,Daylight
2020-02-08T21:36:00.000,I 85,I 85 and Mile Marker 173,,Rear End,2,Cloudy,Wet,Dark-Not Lighted
2020-05-20T06:27:00.000,I 85,I 85 and Mile Marker 173,,Not a Collision with Motor Vehicle,1,Rain,Wet,Dawn
2020-07-28T11:07:00.000,I 85,I 85 and Mile Marker 173,,Not a Collision with Motor Vehicle,2,Clear,Dry,Daylight
2021-01-05T11:11:00.000,I 85,I 85 and Mile Marker 173,,Not a Collision with Motor Vehicle,1,Clear,Dry,Daylight
2021-03-29T01:09:00.000,I 85,I 85 and Mile Marker 173,,Not a Collision with Motor Vehicle,1,Clear,Dry,Dark-Not Lighted
2021-05-02T23:08:00.000,I 85,I 85 and Mile Marker 173,,Rear End,2,Clear,Dry,Dark-Not Lighted
2021-09-10T22:19:00.000,I 85,I 85 and Mile Marker 173,,Angle Crash,2,Clear,Dry,Dark-Not Lighted
2022-04-22T06:06:00.000,I 85,I 85 and Mile Marker 173,,Not a Collision with Motor Vehicle,1,Clear,Dry,Dark-Not Lighted
2022-05-24T17:28:00.000,I 85,I 85 and Mile Marker 173,,Not a Collision with Motor Vehicle,2,Clear,Dry,Daylight
2022-07-15T14:20:00.000,I 85,I 85 and Mile Marker 173,,Not a Collision with Motor Vehicle,1,Cloudy,Dry,Daylight
2022-08-10T22:54:00.000,I 85,I 85 and Mile Marker 173,,Sideswipe-Same Direction,2,Cloudy,Dry,Dark-Not Lighted
2022-05-21T06:00:00.000,I 85,I 85 and Mile Marker 173,,Sideswipe-Same Direction,2,Clear,Dry,Dawn
2023-02-06T06:31:00.000,I 85,I 85 and Mile Marker 173,,Not a Collision with Motor Vehicle,1,Clear,Dry,Dark-Not Lighted
2023-07-12T07:30:00.000,I 85,I 85 and Mile Marker 173,,Not a Collision with Motor Vehicle,1,Clear,Dry,Daylight
2023-03-27T05:59:00.000,I 85,I 85 and Mile Marker 173,,Not a Collision with Motor Vehicle,1,Rain,Wet,Dark-Not Lighted
2023-05-30T12:17:00.000,I 85,I 85 and Mile Marker 173,,Sideswipe-Same Direction,2,Cloudy,Dry,Daylight
2024-03-10T16:37:00.000,I 85,I 85 and Mile Marker 173,,Rear End,2,Clear,Dry,Daylight
2024-05-06T17:13:00.000,I 85,I 85 and Mile Marker 173,,Sideswipe-Same Direction,2,Cloudy,Dry,Daylight
2024-03-10T15:35:00.000,I 85,I 85 and Mile Marker 173,,Sideswipe-Same Direction,2,Clear,Dry,Daylight
2024-10-12T11:14:00.000,I 85,I 85 and Mile Marker 173,,Not a Collision with Motor Vehicle,2,Clear,Dry,Daylight
2024-04-18T16:45:00.000,I 85,I 85 and Mile Marker 173,,Sideswipe-Same Direction,2,Cloudy,Dry,Daylight
2021-02-17T06:52:00.000,I 85,I 85 and Mile Marker 172,,Not a Collision with Motor Vehicle,1,Clear,Dry,Daylight
2021-11-02T03:57:00.000,I 85,I 85 and Mile Marker 172,,Rear End,3,Clear,Dry,Dark-Not Lighted
2021-06-09T12:50:00.000,I 85,I 85 and Mile Marker 172,,Rear End,2,Clear,Dry,Daylight
2023-09-09T07:52:00.000,I 85,I 85 and Mile Marker 172,,Not a Collision with Motor Vehicle,1,Clear,Dry,Daylight
2022-03-18T17:13:00.000,I 85,I 85 and Mile Marker 172,,Sideswipe-Same Direction,2,Cloudy,Wet,Daylight
2020-05-13T17:44:00.000,I 85,I 85 and Mile Marker 172,,Rear End,3,Cloudy,Dry,Daylight
2021-11-02T03:57:00.000,I 85,I 85 and Mile Marker 172,,Not a Collision with Motor Vehicle,1,Clear,Dry,Dark-Not Lighted
2022-04-22T06:04:00.000,I 85,I 85 and Mile Marker 172,,Not a Collision with Motor Vehicle,1,Clear,Dry,Daylight
2022-09-26T06:45:00.000,I 85,I 85 and Mile Marker 172,,Not a Collision with Motor Vehicle,1,Clear,Dry,Dark-Not Lighted
2022-01-03T18:28:00.000,I 85,I 85 and Mile Marker 172,,Sideswipe-Same Direction,2,Cloudy,Dry,Dark-Not Lighted
2022-04-22T06:04:00.000,I 85,I 85 and Mile Marker 172,,Not a Collision with Motor Vehicle,1,Clear,Dry,Daylight
2022-01-16T08:32:00.000,I 85,I 85 and Mile Marker 172,,Angle Crash,2,Snow,Snow,Daylight
2023-06-15T23:37:00.000,I 85,I 85 and Mile Marker 172,,Rear End,2,Cloudy,Wet,Dark-Not Lighted
2024-08-24T22:42:00.000,I 85,I 85 and Mile Marker 172,,Sideswipe-Same Direction,2,Clear,Dry,Dark-Not Lighted
2024-05-19T12:56:00.000,I 85,I 85 and Mile Marker 172,,Rear End,2,Clear,Dry,Daylight
2024-02-02T16:49:00.000,I 85,I 85 and Mile Marker 172,,Sideswipe-Same Direction,3,Clear,Dry,Daylight
2021-05-01T14:40:00.000,I 85,I 85 and Mile Marker 171,,Angle Crash,2,Clear,Dry,Daylight
2021-09-06T17:28:00.000,I 85,I 85 and Mile Marker 171,,Rear End,2,Cloudy,Dry,Daylight
2020-06-24T15:02:00.000,I 85,I 85 and Mile Marker 171,,Sideswipe-Same Direction,2,Rain,Wet,Daylight
2023-03-17T16:15:00.000,I 85,I 85 and Mile Marker 171,,Not a Collision with Motor Vehicle,1,Rain,Wet,Daylight
2023-11-21T13:48:00.000,I 85,I 85 and Mile Marker 171,,Rear End,3,Rain,Wet,Daylight
2023-01-25T08:07:00.000,I 85,I 85 and Mile Marker 171,,Not a Collision with Motor Vehicle,1,Rain,Wet,Daylight
2023-10-25T12:35:00.000,I 85,I 85 and Mile Marker 171,,Sideswipe-Same Direction,2,Clear,Wet,Daylight
2020-07-07T12:00:00.000,I 85,I 85 and Mile Marker 171,,Rear End,2,Rain,Wet,Daylight
2020-09-30T04:21:00.000,I 85,I 85 and Mile Marker 171,,Not a Collision with Motor Vehicle,1,Clear,Dry,Dark-Not Lighted
2020-02-03T20:26:00.000,I 85,I 85 and Mile Marker 171,,Angle Crash,2,Clear,Dry,Daylight
2020-06-24T15:02:00.000,I 85,I 85 and Mile Marker 171,,Not a Collision with Motor Vehicle,2,Rain,Wet,Daylight
2021-02-28T09:07:00.000,I 85,I 85 and Mile Marker 171,,Angle Crash,2,Cloudy,Dry,Daylight
2021-05-20T12:53:00.000,I 85,I 85 and Mile Marker 171,,Sideswipe-Same Direction,2,Clear,Dry,Daylight
2021-07-25T14:49:00.000,I 85,I 85 and Mile Marker 171,,Rear End,3,Clear,Dry,Daylight
2021-08-17T08:46:00.000,I 85,I 85 and Mile Marker 171,,Not a Collision with Motor Vehicle,1,Rain,Wet,Daylight
2022-10-02T16:48:00.000,I 85,I 85 and Mile Marker 171,,Rear End,2,Cloudy,Dry,Daylight
2022-09-04T14:51:00.000,I 85,I 85 and Mile Marker 171,,Not a Collision with Motor Vehicle,1,Rain,Wet,Daylight
2024-09-26T19:20:00.000,I 85,I 85 and Mile Marker 171,,Not a Collision with Motor Vehicle,1,Rain,Wet,Dark-Not Lighted
2024-11-29T21:05:00.000,I 85,I 85 and Mile Marker 171,,Not a Collision with Motor Vehicle,1,Clear,Dry,Dark-Not Lighted
2024-06-29T07:36:00.000,I 85,I 85 and Mile Marker 171,,Not a Collision with Motor Vehicle,1,Cloudy,Wet,Daylight
2024-07-13T07:06:00.000,I 85,I 85 and Mile Marker 171,,Not a Collision with Motor Vehicle,1,Clear,Dry,Daylight
2021-08-10T03:46:00.000,I 85,I 85 and Mile Marker 1705,,Rear End,2,Clear,Dry,Dark-Not Lighted
2021-08-14T14:20:00.000,I 85,I 85 and Mile Marker 170,,Rear End,2,Clear,Dry,Daylight
2021-12-30T11:31:00.000,I 85,I 85 and Mile Marker 170,,Not a Collision with Motor Vehicle,1,Rain,Wet,Daylight
2021-06-25T14:57:00.000,I 85,I 85 and Mile Marker 170,,Sideswipe-Same Direction,2,Clear,Dry,Daylight
2021-03-25T20:09:00.000,I 85,I 85 and Mile Marker 170,,Not a Collision with Motor Vehicle,1,Rain,Wet,Dark-Not Lighted
2023-02-07T17:23:00.000,I 85,I 85 and Mile Marker 170,,Rear End,3,Clear,Dry,Daylight
2020-11-28T13:59:00.000,I 85,I 85 and Mile Marker 170,,Rear End,2,Clear,Dry,Daylight
2020-10-10T10:12:00.000,I 85,I 85 and Mile Marker 170,,Angle Crash,2,Rain,Wet,Daylight
2020-07-03T13:26:00.000,I 85,I 85 and Mile Marker 170,,Not a Collision with Motor Vehicle,1,Clear,Dry,Daylight
2020-11-28T13:59:00.000,I 85,I 85 and Mile Marker 170,,Rear End,2,Clear,Dry,Daylight
2021-04-02T13:45:00.000,I 85,I 85 and Mile Marker 170,,Not a Collision with Motor Vehicle,1,Clear,Dry,Daylight
2021-12-15T05:16:00.000,I 85,I 85 and Mile Marker 170,,Not a Collision with Motor Vehicle,2,Clear,Dry,Dark-Not Lighted
2022-12-13T12:20:00.000,I 85,I 85 and Mile Marker 170,,Not a Collision with Motor Vehicle,1,Clear,Dry,Daylight
2022-08-10T13:57:00.000,I 85,I 85 and Mile Marker 170,,Not a Collision with Motor Vehicle,1,Rain,Wet,Daylight
2022-05-15T14:32:00.000,I 85,I 85 and Mile Marker 170,,Sideswipe-Same Direction,3,Clear,Dry,Daylight
2021-07-17T17:50:00.000,I 85,I 85 and Mile Marker 170,,Rear End,3,Clear,Dry,Daylight
2021-12-31T09:20:00.000,I 85,I 85 and Mile Marker 170,,Sideswipe-Same Direction,2,Fog,Wet,Daylight
2022-11-07T12:30:00.000,I 85,I 85 and Mile Marker 170,,Sideswipe-Same Direction,2,Clear,Dry,Daylight
2022-11-27T21:51:00.000,I 85,I 85 and Mile Marker 170,,Sideswipe-Same Direction,2,Cloudy,Dry,Dark-Not Lighted
2022-06-03T13:52:00.000,I 85,I 85 and Mile Marker 170,,Sideswipe-Same Direction,2,Clear,Dry,Daylight
2022-01-16T07:45:00.000,I 85,I 85 and Mile Marker 170,,Not a Collision with Motor Vehicle,1,Snow,Snow,Daylight
2022-09-05T15:53:00.000,I 85,I 85 and Mile Marker 170,,Rear End,2,Clear,Wet,Daylight
2022-08-30T13:49:00.000,I 85,I 85 and Mile Marker 170,,Rear End,2,Clear,Dry,Daylight
2022-02-16T12:54:00.000,I 85,I 85 and Mile Marker 170,,Not a Collision with Motor Vehicle,1,Clear,Dry,Daylight
2024-01-03T15:49:00.000,I 85,I 85 and Mile Marker 170,,Rear End,2,Cloudy,Dry,Daylight
2023-11-05T14:00:00.000,I 85,I 85 and Mile Marker 170,,Rear End,2,Clear,Dry,Daylight
2024-01-09T10:20:00.000,I 85,I 85 and Mile Marker 170,,Not a Collision with Motor Vehicle,1,Rain,Wet,Daylight
2024-03-21T19:14:00.000,I 85,I 85 and Mile Marker 170,,Not a Collision with Motor Vehicle,1,Clear,Dry,Daylight
2024-09-28T19:30:00.000,I 85,I 85 and Mile Marker 170,,Not a Collision with Motor Vehicle,1,Cloudy,Dry,Dark-Not Lighted
2024-08-15T23:00:00.000,I 85,I 85 and Mile Marker 170,,Angle Crash,2,Clear,Dry,Dark-Not Lighted
2024-12-15T16:53:00.000,I 85,I 85 and Mile Marker 170,,Sideswipe-Same Direction,2,Rain,Wet,Daylight