Date and Time,Roadway (From Crash Report),Intersection Name (from Crash Report),KABCO Severity,Manner of Collision (Crash Level) ,# of Vehicles per crash ,Weather Conditions (Crash Level),Surface Condition (Crash Level) ,Light Conditions (Crash Level)
2021-05-14T01:15:00.000,I 85,I 85 and Mile Marker 17,,Angle Crash,2,Clear,Dry,Dark-Not Lighted
2021-05-14T01:16:00.000,I 85,I 85 and Mile Marker 17,,Angle Crash,2,Clear,Dry,Dark-Not Lighted
2020-03-20T01:35:00.000,I 85,I 85 and Mile Marker 17,,Not a Collision with Motor Vehicle,1,Clear,Dry,Dark-Not Lighted
2024-11-19T04:33:00.000,I 85,I 85 and Mile Marker 17,,Not a Collision with Motor Vehicle,1,Clear,Wet,Dark-Not Lighted
2023-04-07T21:21:00.000,I 85,I 85 and Mile Marker 169.5,,Sideswipe-Same Direction,2,Cloudy,Wet,Dark-Not Lighted
2023-05-27T16:18:00.000,I 85,I 85 and Mile Marker 169.5,,Rear End,2,Cloudy,Dry,Daylight
2023-05-27T16:18:00.000,I 85,I 85 and Mile Marker 169.5,,Rear End,2,Cloudy,Dry,Daylight
2023-05-27T16:18:00.000,I 85,I 85 and Mile Marker 169.5,,Rear End,2,Cloudy,Dry,Daylight
2021-10-31T14:55:00.000,I 85,I 85 and Mile Marker 169,,Not a Collision with Motor Vehicle,1,Clear,Dry,Daylight
2022-06-10T15:12:00.000,I 85,I 85 and Mile Marker 169,,Rear End,2,Clear,Dry,Daylight
2020-09-12T14:07:00.000,I 85,I 85 and Mile Marker 169,,Not a Collision with Motor Vehicle,1,Rain,Wet,Daylight
2020-05-28T13:37:00.000,I 85,I 85 and Mile Marker 169,,Head On,2,Rain,Wet,Daylight
2020-11-02T07:58:00.000,I 85,I 85 and Mile Marker 169,,Sideswipe-Same Direction,2,Clear,Dry,Daylight
2020-09-11T19:29:00.000,I 85,I 85 and Mile Marker 169,,Rear End,2,Clear,Dry,Daylight
2020-08-15T16:54:00.000,I 85,I 85 and Mile Marker 169,,Not a Collision with Motor Vehicle,1,Clear,Dry,Daylight
2021-04-07T14:09:00.000,I 85,I 85 and Mile Marker 169,,Sideswipe-Same Direction,2,Clear,Dry,Daylight
2021-09-07T21:24:00.000,I 85,I 85 and Mile Marker 169,,Not a Collision with Motor Vehicle,1,Rain,Wet,Dark-Not Lighted
2021-07-25T13:28:00.000,I 85,I 85 and Mile Marker 169,,Rear End,2,Clear,Dry,Daylight
2021-11-03T14:50:00.000,I 85,I 85 and Mile Marker 169,,Not a Collision with Motor Vehicle,1,Cloudy,Dry,Daylight
2022-02-01T09:02:00.000,I 85,I 85 and Mile Marker 169,,Sideswipe-Same Direction,2,Clear,Dry,Daylight
2022-08-14T13:33:00.000,I 85,I 85 and Mile Marker 169,,Rear End,2,Clear,Dry,Daylight
2024-03-19T07:03:00.000,I 85,I 85 and Mile Marker 169,,Not a Collision with Motor Vehicle,2,Clear,Dry,Dark-Not Lighted
2023-02-18T18:45:00.000,I 85,I 85 and Mile Marker 169,,Sideswipe-Same Direction,2,Clear,Dry,Dark-Not Lighted
2023-11-10T13:05:00.000,I 85,I 85 and Mile Marker 169,,Rear End,3,Clear,Dry,Daylight
2024-01-18T13:40:00.000,I 85,I 85 and Mile Marker 169,,Sideswipe-Same Direction,2,Cloudy,Dry,Daylight
2024-08-18T05:07:00.000,I 85,I 85 and Mile Marker 169,,Sideswipe-Same Direction,2,Clear,Dry,Daylight
2023-06-09T14:05:00.000,I 85,I 85 and Mile Marker 168.5,,Sideswipe-Same Direction,2,Clear,Dry,Daylight
2022-12-27T16:18:00.000,I 85,I 85 and Mile Marker 168.5,,Rear End,2,Clear,Dry,Daylight
2021-04-21T12:59:00.000,I 85,I 85 and Mile Marker 168,,Sideswipe-Same Direction,2,Clear,Dry,Daylight
2021-11-03T14:58:00.000,I 85,I 85 and Mile Marker 168,,Not a Collision with Motor Vehicle,1,Cloudy,Dry,Daylight
2023-12-19T08:03:00.000,I 85,I 85 and Mile Marker 168,,Sideswipe-Same Direction,2,Clear,Dry,Daylight
2023-11-24T12:34:00.000,I 85,I 85 and Mile Marker 168,,Rear End,2,Clear,Dry,Daylight
2023-10-06T20:16:00.000,I 85,I 85 and Mile Marker 168,,Rear End,2,Clear,Dry,Dark-Not Lighted
2023-11-21T12:20:00.000,I 85,I 85 and Mile Marker 168,,Rear End,2,Rain,Wet,Daylight
2022-10-03T13:40:00.000,I 85,I 85 and Mile Marker 168,,Rear End,2,Clear,Dry,Daylight
2020-06-10T23:45:00.000,I 85,I 85 and Mile Marker 168,,Not a Collision with Motor Vehicle,1,Clear,Dry,Dark-Not Lighted
2020-09-24T21:00:00.000,I 85,I 85 and Mile Marker 168,,Not a Collision with Motor Vehicle,1,Rain,Wet,Dark-Not Lighted
2021-02-28T05:51:00.000,I 85,I 85 and Mile Marker 168,,Not a Collision with Motor Vehicle,1,Fog,Dry,Dark-Not Lighted
2021-09-01T02:27:00.000,I 85,I 85 and Mile Marker 168,,Rear End,2,Rain,Wet,Dark-Not Lighted
2022-10-03T13:40:00.000,I 85,I 85 and Mile Marker 168,,Rear End,2,Clear,Dry,Daylight
2022-01-07T13:51:00.000,I 85,I 85 and Mile Marker 168,,Sideswipe-Same Direction,2,Clear,Dry,Daylight
2023-09-18T16:03:00.000,I 85,I 85 and Mile Marker 168,,Sideswipe-Same Direction,2,Clear,Dry,Daylight
2024-06-05T15:06:00.000,I 85,I 85 and Mile Marker 168,,Rear End,2,Cloudy,Wet,Daylight
2024-08-08T22:09:00.000,I 85,I 85 and Mile Marker 168,,Sideswipe-Same Direction,1,Clear,Dry,Dark-Not Lighted
2023-08-14T01:09:00.000,I 85,I 85 and Mile Marker 168,,Not a Collision with Motor Vehicle,1,Cloudy,Dry,Dark-Not Lighted
2023-07-15T17:03:00.000,I 85,I 85 and Mile Marker 168,,Not a Collision with Motor Vehicle,1,Rain,Wet,Daylight
2024-11-15T16:40:00.000,I 85,I 85 and Mile Marker 168,,Rear End,2,Clear,Dry,Daylight
2024-02-17T11:08:00.000,I 85,I 85 and Mile Marker 168,,Rear End,2,Clear,Dry,Daylight
2024-12-11T17:05:00.000,I 85,I 85 and Mile Marker 168,,Rear End,2,Clear,Dry,Daylight
2024-12-31T19:34:00.000,I 85,I 85 and Mile Marker 168,,Rear End,2,Clear,Dry,Dark-Not Lighted
2024-10-05T16:33:00.000,I 85,I 85 and Mile Marker 168,,Not a Collision with Motor Vehicle,2,Clear,Dry,Daylight
2024-07-15T23:22:00.000,I 85,I 85 and Mile Marker 168,,Rear End,2,Clear,Dry,Dark-Not Lighted
2024-09-26T16:12:00.000,I 85,I 85 and Mile Marker 168,,Not a Collision with Motor Vehicle,1,Rain,Wet,Dark-Not Lighted
2022-12-26T10:07:00.000,I 85,I 85 and Mile Marker 167.5,,Not a Collision with Motor Vehicle,1,Clear,Dry,Daylight
2021-05-07T13:42:00.000,I 85,I 85 and Mile Marker 167,,Not a Collision with Motor Vehicle,1,Clear,Dry,Daylight
2021-08-28T16:43:00.000,I 85,I 85 and Mile Marker 167,,Sideswipe-Same Direction,2,Clear,Dry,Daylight
2021-11-17T20:05:00.000,I 85,I 85 and Mile Marker 167,,Rear End,2,Clear,Dry,Dark-Not Lighted
2021-07-31T10:51:00.000,I 85,I 85 and Mile Marker 167,,Rear End,2,Clear,Dry,Daylight
2022-08-26T18:40:00.000,I 85,I 85 and Mile Marker 167,,Angle Crash,2,Clear,Dry,Daylight
2022-03-24T16:17:00.000,I 85,I 85 and Mile Marker 167,,Angle Crash,3,Clear,Dry,Daylight
2022-08-26T18:58:00.000,I 85,I 85 and Mile Marker 167,,Sideswipe-Same Direction,3,Cloudy,Dry,Daylight
2024-05-04T10:59:00.000,I 85,I 85 and Mile Marker 167,,Sideswipe-Same Direction,2,Cloudy,Dry,Daylight
2024-03-09T14:17:00.000,I 85,I 85 and Mile Marker 167,,Not a Collision with Motor Vehicle,1,Cloudy,Wet,Daylight
2024-06-30T17:42:00.000,I 85,I 85 and Mile Marker 167,,Rear End,2,Cloudy,Dry,Daylight
2021-02-02T10:45:00.000,I 85,I 85 and Mile Marker 1665,,Not a Collision with Motor Vehicle,2,Clear,Dry,Daylight
2022-08-31T13:07:00.000,I 85,I 85 and Mile Marker 166.5,,Rear End,2,Clear,Dry,Daylight
2022-05-10T18:29:00.000,I 85,I 85 and Mile Marker 166.5,,Sideswipe-Same Direction,2,Clear,Dry,Daylight
2024-08-25T10:45:00.000,I 85,I 85 and Mile Marker 166.5,,Not a Collision with Motor Vehicle,1,Clear,Dry,Daylight
2021-11-28T14:34:00.000,I 85,I 85 and Mile Marker 166,,Rear End,2,Clear,Dry,Daylight
2021-07-09T23:43:00.000,I 85,I 85 and Mile Marker 166,,Rear End,2,Cloudy,Dry,Dark-Lighted
2021-10-27T16:35:00.000,I 85,I 85 and Mile Marker 166,,Not a Collision with Motor Vehicle,2,Clear,Dry,Daylight
2021-12-22T18:15:00.000,I 85,I 85 and Mile Marker 166,,Rear End,3,Clear,Dry,Daylight
2021-06-04T17:39:00.000,I 85,I 85 and Mile Marker 166,,Rear End,2,Clear,Dry,Daylight
2021-02-02T09:02:00.000,I 85,I 85 and Mile Marker 166,,Rear End,2,Clear,Dry,Daylight
2023-04-05T08:45:00.000,I 85,I 85 and Mile Marker 166,,Not a Collision with Motor Vehicle,2,Clear,Dry,Daylight
2023-12-26T21:45:00.000,I 85,I 85 and Mile Marker 166,,Rear End,2,Clear,Wet,Dark-Not Lighted
2023-12-29T19:01:00.000,I 85,I 85 and Mile Marker 166,,Rear End,2,Cloudy,Dry,Dark-Not Lighted
2023-05-24T22:00:00.000,I 85,I 85 and Mile Marker 166,,Not a Collision with Motor Vehicle,1,Clear,Dry,Dark-Not Lighted
2023-08-05T15:36:00.000,I 85,I 85 and Mile Marker 166,,Sideswipe-Same Direction,2,Clear,Dry,Daylight
2022-01-07T13:51:00.000,I 85,I 85 and Mile Marker 166,,Sideswipe-Same Direction,2,Clear,Dry,Daylight
2020-10-30T10:26:00.000,I 85,I 85 and Mile Marker 166,,Rear End,3,Clear,Dry,Daylight
2022-07-31T12:39:00.000,I 85,I 85 and Mile Marker 166,,Rear End,2,Clear,Dry,Daylight
2022-07-31T11:30:00.000,I 85,I 85 and Mile Marker 166,,Sideswipe-Same Direction,2,Clear,Dry,Daylight
2022-09-30T22:04:00.000,I 85,I 85 and Mile Marker 166,,Sideswipe-Same Direction,2,Cloudy,Dry,Dark-Not Lighted
2024-05-27T12:24:00.000,I 85,I 85 and Mile Marker 166,,Sideswipe-Same Direction,2,Cloudy,Dry,Daylight
2023-10-12T13:25:00.000,I 85,I 85 and Mile Marker 166,,Not a Collision with Motor Vehicle,2,Cloudy,Dry,Daylight
2023-10-27T12:20:00.000,I 85,I 85 and Mile Marker 166,,Sideswipe-Same Direction,2,Cloudy,Dry,Daylight
2023-10-26T22:33:00.000,I 85,I 85 and Mile Marker 166,,Sideswipe-Same Direction,2,Clear,Dry,Dark-Not Lighted
2024-02-22T15:03:00.000,I 85,I 85 and Mile Marker 166,,Sideswipe-Same Direction,2,Clear,Dry,Daylight
2024-12-01T11:33:00.000,I 85,I 85 and Mile Marker 166,,Rear End,2,Clear,Dry,Daylight
2022-01-07T14:54:00.000,I 85,I 85 and Mile Marker 165.5,,Sideswipe-Same Direction,2,Clear,Dry,Daylight
2024-08-10T09:19:00.000,I 85,I 85 and Mile Marker 165.5,,Rear End,2,Clear,Dry,Daylight
2023-05-29T19:22:00.000,I 85,I 85 and Mile Marker 165.5,,Not a Collision with Motor Vehicle,1,Cloudy,Dry,Daylight
2023-04-10T14:55:00.000,I 85,I 85 and Mile Marker 165,,Sideswipe-Same Direction,2,Clear,Dry,Daylight
2021-12-16T22:30:00.000,I 85,I 85 and Mile Marker 165,,Not a Collision with Motor Vehicle,1,Rain,Wet,Dark-Not Lighted
2022-08-13T23:30:00.000,I 85,I 85 and Mile Marker 165,,Sideswipe-Same Direction,2,Clear,Dry,Dark-Not Lighted
2021-12-22T16:25:00.000,I 85,I 85 and Mile Marker 165,,Rear End,2,Clear,Dry,Daylight
2022-01-06T18:24:00.000,I 85,I 85 and Mile Marker 165,,Sideswipe-Same Direction,2,Rain,Wet,Dark-Not Lighted
2022-12-22T17:00:00.000,I 85,I 85 and Mile Marker 165,,Not a Collision with Motor Vehicle,1,Cloudy,Dry,Daylight
2024-05-08T13:04:00.000,I 85,I 85 and Mile Marker 165,,Rear End,2,Clear,Dry,Daylight
2024-02-16T11:37:00.000,I 85,I 85 and Mile Marker 165,,Rear End,2,Cloudy,Dry,Daylight
2024-05-08T13:04:00.000,I 85,I 85 and Mile Marker 165,,Not a Collision with Motor Vehicle,1,Clear,Dry,Daylight
2024-03-02T14:43:00.000,I 85,I 85 and Mile Marker 165,,Not a Collision with Motor Vehicle,1,Cloudy,Dry,Daylight
2024-05-08T13:04:00.000,I 85,I 85 and Mile Marker 165,,Rear End,3,Clear,Dry,Daylight
2023-02-17T15:18:00.000,I 85,I 85 and Mile Marker 164.5,,Rear End,2,Clear,Dry,Daylight
2023-12-30T23:54:00.000,I 85,I 85 and Mile Marker 164.5,,Sideswipe-Same Direction,2,Clear,Dry,Dark-Not Lighted
2022-02-12T16:46:00.000,I 85,I 85 and Mile Marker 164.5,,Rear End,2,Clear,Dry,Daylight
2023-07-19T04:58:00.000,I 85,I 85 and Mile Marker 164 Entrance Rp,,Sideswipe-Same Direction,2,Clear,Dry,Dark-Not Lighted
2021-08-19T16:13:00.000,I 85,I 85 and Mile Marker 164,,Not a Collision with Motor Vehicle,1,Rain,Wet,Daylight
2023-06-27T18:10:00.000,I 85,I 85 and Mile Marker 164,,Rear End,5,Clear,Dry,Daylight
2023-11-22T08:14:00.000,I 85,I 85 and Mile Marker 164,,Rear End,2,Clear,Dry,Daylight
2021-10-24T01:15:00.000,I 85,I 85 and Mile Marker 164,,Not a Collision with Motor Vehicle,1,Cloudy,Dry,Dark-Not Lighted
2022-07-31T13:56:00.000,I 85,I 85 and Mile Marker 164,,Rear End,2,Clear,Dry,Daylight
2022-06-19T15:29:00.000,I 85,I 85 and Mile Marker 164,,Sideswipe-Same Direction,2,Clear,Dry,Daylight
2022-07-31T13:30:00.000,I 85,I 85 and Mile Marker 164,,Rear End,2,Clear,Dry,Daylight
2022-03-07T09:10:00.000,I 85,I 85 and Mile Marker 164,,Not a Collision with Motor Vehicle,2,Cloudy,Dry,Daylight
2024-11-14T14:06:00.000,I 85,I 85 and Mile Marker 164,,Not a Collision with Motor Vehicle,2,Rain,Wet,Daylight
2023-07-22T13:08:00.000,I 85,I 85 and Mile Marker 164,,Not a Collision with Motor Vehicle,1,Clear,Dry,Daylight
2023-12-23T13:35:00.000,I 85,I 85 and Mile Marker 164,,Rear End,2,Clear,Dry,Daylight
2023-08-25T23:00:00.000,I 85,I 85 and Mile Marker 164,,Sideswipe-Same Direction,2,Clear,Dry,Dark-Not Lighted
2023-05-20T13:41:00.000,I 85,I 85 and Mile Marker 164,,Sideswipe-Same Direction,2,Cloudy,Dry,Daylight
2023-11-06T09:20:00.000,I 85,I 85 and Mile Marker 164,,Sideswipe-Same Direction,2,Clear,Dry,Daylight
2023-06-21T07:44:00.000,I 85,I 85 and Mile Marker 164,,Rear End,2,Rain,Wet,Daylight
2024-03-29T18:01:00.000,I 85,I 85 and Mile Marker 164,,Rear End,3,Clear,Dry,Daylight
2024-07-07T12:17:00.000,I 85,I 85 and Mile Marker 164,,Not a Collision with Motor Vehicle,2,Clear,Dry,Daylight
2024-07-15T17:25:00.000,I 85,I 85 and Mile Marker 164,,Not a Collision with Motor Vehicle,1,Clear,Dry,Daylight
2024-05-28T21:30:00.000,I 85,I 85 and Mile Marker 164,,Not a Collision with Motor Vehicle,1,Clear,Dry,Dark-Not Lighted
2023-08-25T16:03:00.000,I 85,I 85 and Mile Marker 163.5,,Sideswipe-Same Direction,2,Clear,Dry,Daylight
2020-10-30T19:46:00.000,I 85,I 85 and Mile Marker 163,,Rear End,4,Clear,Dry,Dark-Not Lighted
2021-04-11T13:26:00.000,I 85,I 85 and Mile Marker 163,,Not a Collision with Motor Vehicle,1,Clear,Dry,Daylight
2021-07-28T04:15:00.000,I 85,I 85 and Mile Marker 163,,Sideswipe-Same Direction,2,Clear,Dry,Dark-Not Lighted
2021-09-04T17:31:00.000,I 85,I 85 and Mile Marker 163,,Not a Collision with Motor Vehicle,1,Clear,Dry,Daylight
2022-10-06T09:11:00.000,I 85,I 85 and Mile Marker 163,,Rear End,2,Clear,Dry,Daylight
2022-09-30T12:25:00.000,I 85,I 85 and Mile Marker 163,,Angle Crash,1,Cloudy,Dry,Daylight
2023-05-26T12:15:00.000,I 85,I 85 and Mile Marker 163,,Rear End,2,Clear,Dry,Daylight
2023-11-11T13:38:00.000,I 85,I 85 and Mile Marker 163,,Not a Collision with Motor Vehicle,2,Cloudy,Wet,Daylight
2023-12-23T13:18:00.000,I 85,I 85 and Mile Marker 163,,Rear End,2,Clear,Dry,Daylight
2023-09-05T00:20:00.000,I 85,I 85 and Mile Marker 163,,Head On,1,Clear,Dry,Dark-Not Lighted
2024-05-16T07:32:00.000,I 85,I 85 and Mile Marker 163,,Not a Collision with Motor Vehicle,1,Clear,Dry,Daylight
2024-01-14T17:01:00.000,I 85,I 85 and Mile Marker 163,,Not a Collision with Motor Vehicle,1,Cloudy,Dry,Daylight
2023-07-28T11:15:00.000,I 85,I 85 and Mile Marker 162.5,,Not a Collision with Motor Vehicle,2,Clear,Dry,Daylight
2024-08-27T14:55:00.000,I 85,I 85 and Mile Marker 162.5,,Rear End,3,Clear,Dry,Daylight
2021-05-23T22:48:00.000,I 85,I 85 and Mile Marker 162,,Not a Collision with Motor Vehicle,1,Clear,Dry,Dark-Not Lighted
2021-02-03T22:40:00.000,I 85,I 85 and Mile Marker 162,,Not a Collision with Motor Vehicle,1,Clear,Dry,Dark-Not Lighted
2021-05-23T22:48:00.000,I 85,I 85 and Mile Marker 162,,Not a Collision with Motor Vehicle,1,Clear,Dry,Dark-Lighted
2023-02-20T19:23:00.000,I 85,I 85 and Mile Marker 162,,Not a Collision with Motor Vehicle,1,Clear,Dry,Dark-Not Lighted
2022-09-11T18:32:00.000,I 85,I 85 and Mile Marker 162,,Sideswipe-Same Direction,2,Clear,Dry,Daylight
2020-07-19T11:43:00.000,I 85,I 85 and Mile Marker 162,,Not a Collision with Motor Vehicle,1,Clear,Dry,Daylight
2020-12-26T14:42:00.000,I 85,I 85 and Mile Marker 162,,Rear End,2,Clear,Dry,Daylight
2022-08-29T23:15:00.000,I 85,I 85 and Mile Marker 162,,Sideswipe-Same Direction,2,Cloudy,Dry,Dark-Not Lighted
2022-05-22T11:03:00.000,I 85,I 85 and Mile Marker 162,,Rear End,2,Clear,Dry,Daylight
2022-07-18T11:27:00.000,I 85,I 85 and Mile Marker 162,,Sideswipe-Same Direction,3,Clear,Dry,Daylight
2022-12-27T15:05:00.000,I 85,I 85 and Mile Marker 162,,Not a Collision with Motor Vehicle,1,Clear,Dry,Daylight
2022-09-05T13:10:00.000,I 85,I 85 and Mile Marker 162,,Not a Collision with Motor Vehicle,1,Rain,Wet,Daylight
2022-11-16T07:50:00.000,I 85,I 85 and Mile Marker 162,,Not a Collision with Motor Vehicle,1,Fog,Wet,Daylight
2024-06-01T06:40:00.000,I 85,I 85 and Mile Marker 162,,Sideswipe-Same Direction,2,Clear,Dry,Daylight
2024-03-12T14:22:00.000,I 85,I 85 and Mile Marker 162,,Sideswipe-Same Direction,2,Clear,Dry,Daylight
2023-12-12T16:13:00.000,I 85,I 85 and Mile Marker 162,,Rear End,4,Cloudy,Dry,Daylight
2023-02-13T21:20:00.000,I 85,I 85 and Mile Marker 162,,Sideswipe-Same Direction,2,Clear,Dry,Dark-Not Lighted
2023-06-27T17:16:00.000,I 85,I 85 and Mile Marker 162,,Sideswipe-Same Direction,2,Clear,Dry,Daylight
2023-12-01T10:17:00.000,I 85,I 85 and Mile Marker 162,,Not a Collision with Motor Vehicle,1,Rain,Wet,Daylight
2023-04-03T17:06:00.000,I 85,I 85 and Mile Marker 162,,Sideswipe-Same Direction,2,Clear,Dry,Daylight
2023-11-15T18:30:00.000,I 85,I 85 and Mile Marker 162,,Rear End,2,Clear,Dry,Dark-Not Lighted
2023-02-13T21:20:00.000,I 85,I 85 and Mile Marker 162,,Sideswipe-Same Direction,2,Clear,Dry,Dark-Not Lighted
2023-02-24T17:38:00.000,I 85,I 85 and Mile Marker 162,,Rear End,2,Rain,Wet,Daylight
2023-07-13T18:10:00.000,I 85,I 85 and Mile Marker 162,,Sideswipe-Same Direction,2,Clear,Dry,Daylight
2024-04-23T16:41:00.000,I 85,I 85 and Mile Marker 162,,Sideswipe-Same Direction,2,Clear,Dry,Daylight
2024-07-30T18:21:00.000,I 85,I 85 and Mile Marker 162,,Not a Collision with Motor Vehicle,1,Cloudy,Dry,Daylight
2024-08-19T06:15:00.000,I 85,I 85 and Mile Marker 162,,Angle Crash,2,Clear,Dry,Dawn
2024-07-07T03:42:00.000,I 85,I 85 and Mile Marker 162,,Not a Collision with Motor Vehicle,1,Clear,Dry,Dark-Not Lighted
2024-06-20T02:34:00.000,I 85,I 85 and Mile Marker 162,,Not a Collision with Motor Vehicle,1,Clear,Dry,Dark-Not Lighted
2023-01-25T08:02:00.000,I 85,I 85 and Mile Marker 161.5,,Not a Collision with Motor Vehicle,1,Rain,Wet,Daylight
2023-02-13T21:21:00.000,I 85,I 85 and Mile Marker 161.5,,Sideswipe-Same Direction,2,Clear,Dry,Dark-Not Lighted
2022-09-02T14:50:00.000,I 85,I 85 and Mile Marker 161.5,,Rear End,3,Rain,Wet,Daylight
2024-02-21T12:35:00.000,I 85,I 85 and Mile Marker 161.5,,Sideswipe-Same Direction,2,Cloudy,Dry,Daylight
2021-08-17T10:00:00.000,I 85,I 85 and Mile Marker 161,,Not a Collision with Motor Vehicle,1,Rain,Wet,Daylight
2023-08-25T18:29:00.000,I 85,I 85 and Mile Marker 161,,Not a Collision with Motor Vehicle,1,Clear,Dry,Daylight
2023-03-01T10:30:00.000,I 85,I 85 and Mile Marker 161,,Not a Collision with Motor Vehicle,2,Clear,Dry,Daylight
2023-04-24T12:01:00.000,I 85,I 85 and Mile Marker 161,,Not a Collision with Motor Vehicle,1,Clear,Dry,Daylight
2023-11-21T09:32:00.000,I 85,I 85 and Mile Marker 161,,Not a Collision with Motor Vehicle,1,Rain,Wet,Daylight
2023-07-29T06:20:00.000,I 85,I 85 and Mile Marker 161,,Angle Crash,2,Cloudy,Dry,Daylight
2023-12-22T16:30:00.000,I 85,I 85 and Mile Marker 161,,Rear End,3,Clear,Dry,Daylight
2020-01-26T16:45:00.000,I 85,I 85 and Mile Marker 161,,Not a Collision with Motor Vehicle,1,Clear,Dry,Daylight
2020-09-01T14:00:00.000,I 85,I 85 and Mile Marker 161,,Not a Collision with Motor Vehicle,2,Clear,Dry,Daylight
2020-12-03T15:45:00.000,I 85,I 85 and Mile Marker 161,,Angle Crash,2,Clear,Dry,Daylight
2021-08-11T11:11:00.000,I 85,I 85 and Mile Marker 161,,Angle Crash,2,Clear,Dry,Daylight
2021-07-27T08:34:00.000,I 85,I 85 and Mile Marker 161,,Sideswipe-Same Direction,2,Clear,Dry,Daylight
2022-02-16T07:39:00.000,I 85,I 85 and Mile Marker 161,,Not a Collision with Motor Vehicle,1,Cloudy,Dry,Daylight
2022-09-23T18:17:00.000,I 85,I 85 and Mile Marker 161,,Not a Collision with Motor Vehicle,2,Clear,Dry,Daylight
2022-12-06T07:40:00.000,I 85,I 85 and Mile Marker 161,,Not a Collision with Motor Vehicle,1,Rain,Wet,Daylight
2022-12-05T14:38:00.000,I 85,I 85 and Mile Marker 161,,Not a Collision with Motor Vehicle,1,Rain,Wet,Daylight
2022-03-18T18:45:00.000,I 85,I 85 and Mile Marker 161,,Not a Collision with Motor Vehicle,1,Cloudy,Wet,Daylight
2022-04-09T11:31:00.000,I 85,I 85 and Mile Marker 161,,Rear End,3,Clear,Dry,Daylight
2023-02-24T18:30:00.000,I 85,I 85 and Mile Marker 161,,Angle Crash,2,Rain,Wet,Daylight
2023-04-24T12:30:00.000,I 85,I 85 and Mile Marker 161,,Rear End,2,Cloudy,Dry,Daylight
2023-04-24T12:32:00.000,I 85,I 85 and Mile Marker 161,,Rear End,4,Clear,Dry,Daylight
2023-05-12T19:44:00.000,I 85,I 85 and Mile Marker 161,,Rear End,5,Cloudy,Dry,Daylight
2023-12-23T12:27:00.000,I 85,I 85 and Mile Marker 161,,Rear End,2,Clear,Dry,Daylight
2024-12-01T19:18:00.000,I 85,I 85 and Mile Marker 161,,Rear End,2,Clear,Dry,Dark-Not Lighted
2024-05-13T22:50:00.000,I 85,I 85 and Mile Marker 161,,Rear End,2,Cloudy,Dry,Dark-Not Lighted
2024-04-18T20:23:00.000,I 85,I 85 and Mile Marker 161,,Sideswipe-Same Direction,2,Cloudy,Dry,Dark-Not Lighted
2023-05-15T15:48:00.000,I 85,I 85 and Mile Marker 160.5,,Sideswipe-Same Direction,2,Clear,Dry,Daylight
2021-04-30T15:40:00.000,I 85,I 85 and Mile Marker 160,,Angle Crash,2,Clear,Dry,Daylight
2023-02-10T21:35:00.000,I 85,I 85 and Mile Marker 160,,Sideswipe-Same Direction,2,Clear,Dry,Dark-Not Lighted
2023-11-11T11:59:00.000,I 85,I 85 and Mile Marker 160,,Angle Crash,2,Rain,Wet,Daylight
2023-07-03T15:47:00.000,I 85,I 85 and Mile Marker 160,,Sideswipe-Same Direction,2,Clear,Dry,Daylight
2023-03-17T10:50:00.000,I 85,I 85 and Mile Marker 160,,Not a Collision with Motor Vehicle,2,Rain,Wet,Daylight
2023-07-03T15:45:00.000,I 85,I 85 and Mile Marker 160,,Sideswipe-Same Direction,2,Clear,Dry,Daylight
2023-07-31T14:34:00.000,I 85,I 85 and Mile Marker 160,,Not a Collision with Motor Vehicle,2,Clear,Dry,Daylight
2020-08-24T07:49:00.000,I 85,I 85 and Mile Marker 160,,Not a Collision with Motor Vehicle,1,Rain,Wet,Daylight
2020-11-22T18:51:00.000,I 85,I 85 and Mile Marker 160,,Sideswipe-Same Direction,2,Clear,Dry,Dark-Not Lighted
2020-12-16T09:02:00.000,I 85,I 85 and Mile Marker 160,,Angle Crash,2,Rain,Wet,Daylight
2020-06-08T13:20:00.000,I 85,I 85 and Mile Marker 160,,Rear End,2,Clear,Dry,Daylight
2021-05-09T14:04:00.000,I 85,I 85 and Mile Marker 160,,Rear End,2,Clear,Dry,Daylight
2021-05-09T12:37:00.000,I 85,I 85 and Mile Marker 160,,Rear End,2,Clear,Dry,Daylight