Date and Time,Roadway (From Crash Report),Intersection Name (from Crash Report),KABCO Severity,Manner of Collision (Crash Level) ,# of Vehicles per crash ,Weather Conditions (Crash Level),Surface Condition (Crash Level) ,Light Conditions (Crash Level)
2021-05-08T11:35:00.000,I 85,I 85 and Mile Marker 160,,Rear End,2,Clear,Dry,Daylight
2021-09-03T12:01:00.000,I 85,I 85 and Mile Marker 160,,Not a Collision with Motor Vehicle,3,Clear,Dry,Daylight
2022-04-02T12:15:00.000,I 85,I 85 and Mile Marker 160,,Rear End,2,Cloudy,Dry,Daylight
2022-09-19T18:26:00.000,I 85,I 85 and Mile Marker 160,,Not a Collision with Motor Vehicle,1,Cloudy,Dry,Daylight
2022-08-29T23:19:00.000,I 85,I 85 and Mile Marker 160,,Rear End,2,Cloudy,Dry,Dark-Not Lighted
2023-09-15T12:55:00.000,I 85,I 85 and Mile Marker 160,,Sideswipe-Same Direction,2,Clear,Dry,Daylight
2024-07-07T15:11:00.000,I 85,I 85 and Mile Marker 160,,Rear End,2,Clear,Dry,Daylight
2024-05-28T22:24:00.000,I 85,I 85 and Mile Marker 160,,Not a Collision with Motor Vehicle,1,Clear,Dry,Dark-Not Lighted
2024-11-25T06:30:00.000,I 85,I 85 and Mile Marker 160,,Rear End,2,Clear,Dry,Dark-Not Lighted
2023-11-06T06:50:00.000,I 85,I 85 and Mile Marker 160,,Sideswipe-Same Direction,2,Clear,Dry,Daylight
2023-01-09T17:04:00.000,I 85,I 85 and Mile Marker 160,,Not a Collision with Motor Vehicle,1,Clear,Dry,Daylight
2024-10-17T13:47:00.000,I 85,I 85 and Mile Marker 160,,Rear End,2,Clear,Dry,Daylight
2024-06-18T20:32:00.000,I 85,I 85 and Mile Marker 160,,Not a Collision with Motor Vehicle,1,Cloudy,Dry,Dusk
2024-11-25T06:30:00.000,I 85,I 85 and Mile Marker 160,,Rear End,2,Clear,Dry,Dark-Not Lighted
2024-08-29T16:22:00.000,I 85,I 85 and Mile Marker 160,,Rear End,2,Clear,Dry,Daylight
2024-04-24T17:51:00.000,I 85,I 85 and Mile Marker 160,,Sideswipe-Same Direction,2,Clear,Dry,Daylight
2024-07-07T15:51:00.000,I 85,I 85 and Mile Marker 160,,Rear End,3,Clear,Dry,Daylight
2021-05-10T13:35:00.000,I 85,I 85 and Mile Marker 16,,Not a Collision with Motor Vehicle,1,Clear,Dry,Daylight
2022-04-28T20:31:00.000,I 85,I 85 and Mile Marker 16,,Sideswipe-Same Direction,2,Clear,Dry,Daylight
2024-06-07T09:38:00.000,I 85,I 85 and Mile Marker 16,,Not a Collision with Motor Vehicle,1,Clear,Dry,Daylight
2024-03-23T05:31:00.000,I 85,I 85 and Mile Marker 16,,Not a Collision with Motor Vehicle,1,Rain,Wet,Dark-Not Lighted
2024-09-06T19:30:00.000,I 85,I 85 and Mile Marker 159.5,,Rear End,3,Clear,Dry,Daylight
2021-05-22T13:29:00.000,I 85,I 85 and Mile Marker 159,,Rear End,2,Clear,Dry,Daylight
2021-12-23T18:17:00.000,I 85,I 85 and Mile Marker 159,,Rear End,4,Clear,Dry,Dark-Not Lighted
2020-05-18T14:35:00.000,I 85,I 85 and Mile Marker 159,,Angle Crash,2,Rain,Wet,Daylight
2020-11-01T06:38:00.000,I 85,I 85 and Mile Marker 159,,Not a Collision with Motor Vehicle,1,Cloudy,Wet,Dark-Not Lighted
2020-05-18T14:35:00.000,I 85,I 85 and Mile Marker 159,,Not a Collision with Motor Vehicle,1,Rain,Wet,Daylight
2021-12-25T17:15:00.000,I 85,I 85 and Mile Marker 159,,Not a Collision with Motor Vehicle,1,Cloudy,Dry,Daylight
2022-12-27T20:12:00.000,I 85,I 85 and Mile Marker 159,,Rear End,2,Clear,Dry,Dark-Not Lighted
2022-10-02T19:20:00.000,I 85,I 85 and Mile Marker 159,,Not a Collision with Motor Vehicle,1,Cloudy,Dry,Dark-Not Lighted
2022-11-27T17:40:00.000,I 85,I 85 and Mile Marker 159,,Rear End,2,Clear,Dry,Dark-Not Lighted
2023-03-12T00:10:00.000,I 85,I 85 and Mile Marker 159,,Sideswipe-Same Direction,2,Clear,Dry,Dark-Not Lighted
2023-08-16T17:05:00.000,I 85,I 85 and Mile Marker 159,,Rear End,2,Clear,Dry,Daylight
2023-08-27T19:50:00.000,I 85,I 85 and Mile Marker 159,,Not a Collision with Motor Vehicle,1,Clear,Wet,Dark-Not Lighted
2023-05-17T11:08:00.000,I 85,I 85 and Mile Marker 159,,Sideswipe-Same Direction,2,Cloudy,Dry,Daylight
2024-12-01T13:55:00.000,I 85,I 85 and Mile Marker 159,,Rear End,3,Clear,Dry,Daylight
2024-01-25T10:37:00.000,I 85,I 85 and Mile Marker 159,,Rear End,2,Rain,Wet,Daylight
2024-12-12T07:51:00.000,I 85,I 85 and Mile Marker 159,,Rear End,2,Clear,Dry,Daylight
2021-07-30T02:23:00.000,I 85,I 85 and Mile Marker 158,,Rear End,2,Cloudy,Dry,Dark-Not Lighted
2021-10-07T07:30:00.000,I 85,I 85 and Mile Marker 158,,Rear End,2,Rain,Wet,Daylight
2023-05-31T19:07:00.000,I 85,I 85 and Mile Marker 158,,Sideswipe-Same Direction,3,Clear,Dry,Daylight
2023-09-29T10:28:00.000,I 85,I 85 and Mile Marker 158,,Sideswipe-Same Direction,2,Clear,Dry,Daylight
2023-04-27T14:08:00.000,I 85,I 85 and Mile Marker 158,,Sideswipe-Same Direction,2,Rain,Wet,Daylight
2023-08-27T13:04:00.000,I 85,I 85 and Mile Marker 158,,Sideswipe-Same Direction,2,Cloudy,Dry,Daylight
2023-03-14T05:45:00.000,I 85,I 85 and Mile Marker 158,,Not a Collision with Motor Vehicle,1,Clear,Dry,Dark-Not Lighted
2020-04-28T21:35:00.000,I 85,I 85 and Mile Marker 158,,Rear End,2,Clear,Dry,Dark-Not Lighted
2020-07-06T14:00:00.000,I 85,I 85 and Mile Marker 158,,Rear End,3,Cloudy,Dry,Daylight
2021-05-19T14:17:00.000,I 85,I 85 and Mile Marker 158,,Not a Collision with Motor Vehicle,2,Clear,Dry,Daylight
2021-09-24T14:09:00.000,I 85,I 85 and Mile Marker 158,,Sideswipe-Same Direction,2,Clear,Dry,Daylight
2022-05-22T07:18:00.000,I 85,I 85 and Mile Marker 158,,Not a Collision with Motor Vehicle,1,Cloudy,Dry,Daylight
2021-10-22T12:10:00.000,I 85,I 85 and Mile Marker 158,,Rear End,3,Clear,Dry,Daylight
2022-12-06T11:20:00.000,I 85,I 85 and Mile Marker 158,,Sideswipe-Same Direction,2,Rain,Wet,Daylight
2024-10-07T14:53:00.000,I 85,I 85 and Mile Marker 158,,Not a Collision with Motor Vehicle,2,Clear,Dry,Daylight
2024-04-07T16:45:00.000,I 85,I 85 and Mile Marker 158,,Not a Collision with Motor Vehicle,2,Clear,Dry,Daylight
2024-11-03T16:35:00.000,I 85,I 85 and Mile Marker 158,,Not a Collision with Motor Vehicle,1,Cloudy,Dry,Daylight
2023-10-22T15:34:00.000,I 85,I 85 and Mile Marker 158,,Sideswipe-Same Direction,2,Clear,Dry,Daylight
2023-12-27T09:12:00.000,I 85,I 85 and Mile Marker 158,,Sideswipe-Same Direction,2,Cloudy,Wet,Daylight
2023-08-28T09:30:00.000,I 85,I 85 and Mile Marker 158,,Rear End,2,Cloudy,Wet,Daylight
2023-10-19T09:25:00.000,I 85,I 85 and Mile Marker 158,,Not a Collision with Motor Vehicle,1,Cloudy,Dry,Daylight
2024-07-12T15:30:00.000,I 85,I 85 and Mile Marker 158,,Not a Collision with Motor Vehicle,1,Clear,Dry,Daylight
2024-07-29T12:48:00.000,I 85,I 85 and Mile Marker 158,,Rear End,2,Clear,Dry,Daylight
2021-11-22T08:25:00.000,I 85,I 85 and Mile Marker 157.5,,Not a Collision with Motor Vehicle,1,Cloudy,Wet,Daylight
2022-01-03T23:25:00.000,I 85,I 85 and Mile Marker 157.5,,Rear End,2,Clear,Dry,Dark-Not Lighted
2023-04-15T09:22:00.000,I 85,I 85 and Mile Marker 157.5,,Not a Collision with Motor Vehicle,1,Clear,Dry,Daylight
2021-05-23T08:04:00.000,I 85,I 85 and Mile Marker 157,,Rear End,2,Clear,Dry,Daylight
2022-11-27T17:05:00.000,I 85,I 85 and Mile Marker 157,,Rear End,3,Clear,Dry,Daylight
2021-10-17T16:12:00.000,I 85,I 85 and Mile Marker 157,,Rear End,2,Clear,Dry,Daylight
2021-08-30T11:04:00.000,I 85,I 85 and Mile Marker 157,,Not a Collision with Motor Vehicle,1,Clear,Dry,Daylight
2021-12-26T11:37:00.000,I 85,I 85 and Mile Marker 157,,Rear End,3,Clear,Dry,Daylight
2022-09-02T10:55:00.000,I 85,I 85 and Mile Marker 157,,Not a Collision with Motor Vehicle,1,Cloudy,Dry,Daylight
2022-06-27T12:35:00.000,I 85,I 85 and Mile Marker 157,,Rear End,2,Cloudy,Dry,Daylight
2022-01-16T12:22:00.000,I 85,I 85 and Mile Marker 157,,Not a Collision with Motor Vehicle,1,Snow,Snow,Daylight
2022-06-26T13:58:00.000,I 85,I 85 and Mile Marker 157,,Rear End,2,Clear,Dry,Daylight
2023-09-05T13:55:00.000,I 85,I 85 and Mile Marker 157,,Rear End,2,Cloudy,Dry,Daylight
2024-08-29T13:04:00.000,I 85,I 85 and Mile Marker 157,,Rear End,2,Clear,Dry,Daylight
2024-07-13T00:40:00.000,I 85,I 85 and Mile Marker 157,,Not a Collision with Motor Vehicle,1,Clear,Dry,Dark-Not Lighted
2024-07-13T16:42:00.000,I 85,I 85 and Mile Marker 157,,Angle Crash,2,Rain,Dry,Daylight
2024-08-29T13:05:00.000,I 85,I 85 and Mile Marker 157,,Rear End,4,Clear,Dry,Daylight
2024-03-12T22:33:00.000,I 85,I 85 and Mile Marker 157,,Sideswipe-Same Direction,2,Clear,Dry,Dark-Not Lighted
2024-09-09T16:10:00.000,I 85,I 85 and Mile Marker 156.5,,Not a Collision with Motor Vehicle,1,Clear,Dry,Daylight
2023-06-10T15:51:00.000,I 85,I 85 and Mile Marker 156,,Not a Collision with Motor Vehicle,1,Clear,Dry,Daylight
2023-11-22T10:37:00.000,I 85,I 85 and Mile Marker 156,,Rear End,2,Clear,Dry,Daylight
2023-10-18T09:46:00.000,I 85,I 85 and Mile Marker 156,,Not a Collision with Motor Vehicle,1,Clear,Dry,Daylight
2023-08-01T20:02:00.000,I 85,I 85 and Mile Marker 156,,Sideswipe-Same Direction,2,Clear,Dry,Daylight
2022-07-21T07:41:00.000,I 85,I 85 and Mile Marker 156,,Rear End,2,Rain,Wet,Daylight
2022-08-19T11:50:00.000,I 85,I 85 and Mile Marker 156,,Not a Collision with Motor Vehicle,1,Cloudy,Dry,Daylight
2020-12-31T11:56:00.000,I 85,I 85 and Mile Marker 156,,Angle Crash,2,Fog,Dry,Daylight
2020-02-04T09:53:00.000,I 85,I 85 and Mile Marker 156,,Sideswipe-Same Direction,2,Cloudy,Dry,Daylight
2020-03-24T17:41:00.000,I 85,I 85 and Mile Marker 156,,Not a Collision with Motor Vehicle,1,Rain,Wet,Daylight
2020-07-21T16:56:00.000,I 85,I 85 and Mile Marker 156,,Not a Collision with Motor Vehicle,1,Rain,Wet,Daylight
2020-11-28T14:25:00.000,I 85,I 85 and Mile Marker 156,,Angle Crash,2,Clear,Dry,Daylight
2021-04-27T05:59:00.000,I 85,I 85 and Mile Marker 156,,Not a Collision with Motor Vehicle,1,Clear,Dry,Dark-Not Lighted
2021-01-14T20:27:00.000,I 85,I 85 and Mile Marker 156,,Not a Collision with Motor Vehicle,1,Clear,Dry,Dark-Not Lighted
2021-09-23T15:10:00.000,I 85,I 85 and Mile Marker 156,,Sideswipe-Same Direction,2,Clear,Dry,Daylight
2022-09-18T17:40:00.000,I 85,I 85 and Mile Marker 156,,Rear End,2,Clear,Dry,Daylight
2022-08-07T16:40:00.000,I 85,I 85 and Mile Marker 156,,Not a Collision with Motor Vehicle,1,Clear,Dry,Daylight
2022-09-14T12:03:00.000,I 85,I 85 and Mile Marker 156,,Rear End,2,Clear,Dry,Daylight
2023-10-11T19:10:00.000,I 85,I 85 and Mile Marker 156,,Rear End,2,Rain,Wet,Dark-Lighted
2024-12-01T15:38:00.000,I 85,I 85 and Mile Marker 156,,Rear End,3,Clear,Dry,Daylight
2023-07-23T15:37:00.000,I 85,I 85 and Mile Marker 156,,Rear End,3,Cloudy,Dry,Daylight
2023-10-22T16:00:00.000,I 85,I 85 and Mile Marker 156,,Rear End,2,Clear,Dry,Daylight
2023-06-01T15:01:00.000,I 85,I 85 and Mile Marker 156,,Rear End,2,Cloudy,Dry,Daylight
2023-02-28T06:58:00.000,I 85,I 85 and Mile Marker 156,,Sideswipe-Same Direction,2,Clear,Dry,Dawn
2024-11-30T03:15:00.000,I 85,I 85 and Mile Marker 156,,Not a Collision with Motor Vehicle,1,Clear,Dry,Dark-Not Lighted
2024-09-26T06:58:00.000,I 85,I 85 and Mile Marker 156,,Not a Collision with Motor Vehicle,1,Rain,Wet,Daylight
2024-10-21T09:38:00.000,I 85,I 85 and Mile Marker 156,,Sideswipe-Same Direction,2,Clear,Dry,Daylight
2024-08-09T07:09:00.000,I 85,I 85 and Mile Marker 156,,Sideswipe-Same Direction,2,Clear,Dry,Daylight
2024-05-05T16:24:00.000,I 85,I 85 and Mile Marker 156,,Rear End,2,Clear,Dry,Daylight
2020-10-19T15:08:00.000,I 85,I 85 and Mile Marker 1555,,Sideswipe-Same Direction,2,Clear,Dry,Daylight
2022-09-11T13:56:00.000,I 85,I 85 and Mile Marker 155.5,,Rear End,2,Clear,Dry,Daylight
2022-02-21T19:22:00.000,I 85,I 85 and Mile Marker 155.5,,Sideswipe-Same Direction,2,Rain,Wet,Dark-Not Lighted
2024-06-05T06:13:00.000,I 85,I 85 and Mile Marker 155.5,,Rear End,2,Fog,Wet,Dark-Not Lighted
2023-11-26T05:43:00.000,I 85,I 85 and Mile Marker 155 . 5,,Not a Collision with Motor Vehicle,1,Cloudy,Dry,Dark-Not Lighted
2021-07-19T13:55:00.000,I 85,I 85 and Mile Marker 155,,Sideswipe-Same Direction,2,Cloudy,Dry,Daylight
2021-05-22T10:05:00.000,I 85,I 85 and Mile Marker 155,,Rear End,2,Clear,Dry,Daylight
2021-11-23T10:49:00.000,I 85,I 85 and Mile Marker 155,,Sideswipe-Same Direction,2,Clear,Dry,Daylight
2021-03-28T20:24:00.000,I 85,I 85 and Mile Marker 155,,Not a Collision with Motor Vehicle,1,Cloudy,Dry,Dark-Not Lighted
2023-12-17T19:00:00.000,I 85,I 85 and Mile Marker 155,,Sideswipe-Same Direction,2,Clear,Dry,Dark-Not Lighted
2020-09-18T20:26:00.000,I 85,I 85 and Mile Marker 155,,Rear End,3,Cloudy,Dry,Dark-Not Lighted
2020-01-27T06:43:00.000,I 85,I 85 and Mile Marker 155,,Not a Collision with Motor Vehicle,1,Cloudy,Wet,Dark-Not Lighted
2020-03-05T14:37:00.000,I 85,I 85 and Mile Marker 155,,Not a Collision with Motor Vehicle,2,Rain,Wet,Daylight
2021-03-28T20:24:00.000,I 85,I 85 and Mile Marker 155,,Not a Collision with Motor Vehicle,1,Cloudy,Dry,Dark-Not Lighted
2021-10-11T13:59:00.000,I 85,I 85 and Mile Marker 155,,Not a Collision with Motor Vehicle,1,Cloudy,Dry,Daylight
2021-10-11T13:59:00.000,I 85,I 85 and Mile Marker 155,,Rear End,2,Cloudy,Dry,Daylight
2022-09-11T14:55:00.000,I 85,I 85 and Mile Marker 155,,Rear End,2,Clear,Dry,Daylight
2022-10-01T07:37:00.000,I 85,I 85 and Mile Marker 155,,Sideswipe-Same Direction,2,Clear,Dry,Daylight
2022-06-03T09:28:00.000,I 85,I 85 and Mile Marker 155,,Rear End,2,Clear,Dry,Daylight
2022-05-30T16:30:00.000,I 85,I 85 and Mile Marker 154.5,,Sideswipe-Same Direction,2,Clear,Dry,Daylight
2021-04-28T15:30:00.000,I 85,I 85 and Mile Marker 154,,Rear End,4,Clear,Dry,Daylight
2021-12-23T10:38:00.000,I 85,I 85 and Mile Marker 154,,Rear End,2,Clear,Dry,Daylight
2021-04-03T15:50:00.000,I 85,I 85 and Mile Marker 154,,Rear End,2,Clear,Dry,Daylight
2021-12-26T12:03:00.000,I 85,I 85 and Mile Marker 154,,Rear End,3,Clear,Dry,Daylight
2021-06-07T14:47:00.000,I 85,I 85 and Mile Marker 154,,Not a Collision with Motor Vehicle,1,Rain,Wet,Daylight
2021-05-16T18:33:00.000,I 85,I 85 and Mile Marker 154,,Rear End,2,Clear,Dry,Daylight
2020-12-24T18:12:00.000,I 85,I 85 and Mile Marker 154,,Not a Collision with Motor Vehicle,1,Rain,Wet,Dark-Not Lighted
2023-01-13T17:22:00.000,I 85,I 85 and Mile Marker 154,,Not a Collision with Motor Vehicle,1,Clear,Dry,Dusk
2020-08-21T12:00:00.000,I 85,I 85 and Mile Marker 154,,Not a Collision with Motor Vehicle,1,Rain,Wet,Daylight
2020-10-24T21:30:00.000,I 85,I 85 and Mile Marker 154,,Not a Collision with Motor Vehicle,1,Rain,Wet,Dark-Not Lighted
2020-05-05T17:45:00.000,I 85,I 85 and Mile Marker 154,,Not a Collision with Motor Vehicle,1,Clear,Dry,Daylight
2020-04-20T19:50:00.000,I 85,I 85 and Mile Marker 154,,Rear End,2,Clear,Dry,Daylight
2020-10-16T14:52:00.000,I 85,I 85 and Mile Marker 154,,Rear End,2,Clear,Dry,Daylight
2020-12-29T16:00:00.000,I 85,I 85 and Mile Marker 154,,Sideswipe-Same Direction,2,Clear,Dry,Daylight
2020-08-21T12:01:00.000,I 85,I 85 and Mile Marker 154,,Rear End,2,Rain,Wet,Daylight
2020-08-21T12:01:00.000,I 85,I 85 and Mile Marker 154,,Not a Collision with Motor Vehicle,1,Rain,Wet,Daylight
2021-05-17T08:25:00.000,I 85,I 85 and Mile Marker 154,,Not a Collision with Motor Vehicle,2,Clear,Dry,Daylight
2021-12-06T06:55:00.000,I 85,I 85 and Mile Marker 154,,Sideswipe-Same Direction,2,Clear,Dry,Daylight
2022-01-20T07:00:00.000,I 85,I 85 and Mile Marker 154,,Sideswipe-Same Direction,2,Cloudy,Wet,Dark-Not Lighted
2022-08-16T09:00:00.000,I 85,I 85 and Mile Marker 154,,Rear End,2,Clear,Dry,Daylight
2022-05-19T11:00:00.000,I 85,I 85 and Mile Marker 154,,Sideswipe-Same Direction,2,Clear,Dry,Daylight
2021-12-19T15:59:00.000,I 85,I 85 and Mile Marker 153,,Rear End,2,Clear,Dry,Daylight
2021-11-06T16:40:00.000,I 85,I 85 and Mile Marker 153,,Rear End,3,Clear,Dry,Daylight
2021-05-04T14:29:00.000,I 85,I 85 and Mile Marker 153,,Not a Collision with Motor Vehicle,1,Rain,Wet,Daylight
2021-08-19T11:48:00.000,I 85,I 85 and Mile Marker 153,,Sideswipe-Same Direction,2,Clear,Dry,Daylight
2022-05-23T16:18:00.000,I 85,I 85 and Mile Marker 153,,Not a Collision with Motor Vehicle,1,Cloudy,Dry,Daylight
2020-11-26T09:35:00.000,I 85,I 85 and Mile Marker 153,,Rear End,2,Clear,Wet,Daylight
2020-08-18T10:05:00.000,I 85,I 85 and Mile Marker 153,,Sideswipe-Same Direction,2,Clear,Dry,Daylight
2020-12-29T16:30:00.000,I 85,I 85 and Mile Marker 153,,Rear End,2,Clear,Dry,Daylight
2020-03-14T14:55:00.000,I 85,I 85 and Mile Marker 153,,Not a Collision with Motor Vehicle,1,Rain,Wet,Daylight
2020-09-12T08:40:00.000,I 85,I 85 and Mile Marker 153,,Angle Crash,2,Rain,Wet,Daylight
2021-01-30T09:43:00.000,I 85,I 85 and Mile Marker 153,,Not a Collision with Motor Vehicle,1,Clear,Dry,Daylight
2022-05-22T12:12:00.000,I 85,I 85 and Mile Marker 153,,Not a Collision with Motor Vehicle,1,Clear,Dry,Daylight
2022-08-22T12:28:00.000,I 85,I 85 and Mile Marker 153,,Not a Collision with Motor Vehicle,1,Clear,Dry,Daylight
2022-04-24T17:40:00.000,I 85,I 85 and Mile Marker 153,,Rear End,4,Clear,Dry,Daylight
2024-10-29T06:34:00.000,I 85,I 85 and Mile Marker 153,,Not a Collision with Motor Vehicle,1,Clear,Dry,Dark-Not Lighted
2021-07-30T16:42:00.000,I 85,I 85 and Mile Marker 152,,Not a Collision with Motor Vehicle,1,Cloudy,Dry,Daylight
2021-05-03T14:40:00.000,I 85,I 85 and Mile Marker 152,,Not a Collision with Motor Vehicle,1,Rain,Wet,Daylight
2020-10-01T18:40:00.000,I 85,I 85 and Mile Marker 152,,Rear End,2,Clear,Dry,Daylight
2020-07-01T16:02:00.000,I 85,I 85 and Mile Marker 152,,Sideswipe-Same Direction,2,Clear,Dry,Daylight
2020-04-28T18:45:00.000,I 85,I 85 and Mile Marker 152,,Not a Collision with Motor Vehicle,1,Clear,Dry,Daylight
2020-02-06T10:35:00.000,I 85,I 85 and Mile Marker 152,,Not a Collision with Motor Vehicle,1,Rain,Wet,Daylight
2021-08-11T16:41:00.000,I 85,I 85 and Mile Marker 152,,Not a Collision with Motor Vehicle,1,Rain,Wet,Daylight
2022-06-11T17:20:00.000,I 85,I 85 and Mile Marker 152,,Not a Collision with Motor Vehicle,2,Clear,Dry,Daylight
2022-08-12T18:05:00.000,I 85,I 85 and Mile Marker 152,,Not a Collision with Motor Vehicle,1,Clear,Dry,Daylight
2022-05-08T18:34:00.000,I 85,I 85 and Mile Marker 152,,Rear End,3,Clear,Dry,Daylight
2020-02-18T16:49:00.000,I 85,I 85 and Mile Marker 1515,,Not a Collision with Motor Vehicle,1,Rain,Wet,Daylight
2021-01-01T14:19:00.000,I 85,I 85 and Mile Marker 151,,Angle Crash,2,Rain,Wet,Daylight
2021-09-06T15:25:00.000,I 85,I 85 and Mile Marker 151,,Rear End,2,Cloudy,Dry,Daylight
2021-04-24T00:20:00.000,I 85,I 85 and Mile Marker 151,,Rear End,2,Clear,Dry,Dark-Not Lighted
2021-04-03T09:03:00.000,I 85,I 85 and Mile Marker 151,,Rear End,3,Clear,Dry,Daylight
2023-09-12T14:10:00.000,I 85,I 85 and Mile Marker 151,,Not a Collision with Motor Vehicle,2,Cloudy,Wet,Daylight
2020-07-13T09:50:00.000,I 85,I 85 and Mile Marker 151,,Sideswipe-Same Direction,2,Clear,Dry,Daylight
2020-12-26T10:34:00.000,I 85,I 85 and Mile Marker 151,,Rear End,2,Clear,Dry,Daylight
2020-10-11T13:31:00.000,I 85,I 85 and Mile Marker 151,,Rear End,2,Rain,Wet,Daylight
2020-05-22T21:00:00.000,I 85,I 85 and Mile Marker 151,,Rear End,2,Clear,Dry,Daylight
2020-05-22T20:35:00.000,I 85,I 85 and Mile Marker 151,,Rear End,2,Clear,Dry,Daylight
2021-07-11T16:52:00.000,I 85,I 85 and Mile Marker 151,,Not a Collision with Motor Vehicle,1,Rain,Wet,Daylight
2022-02-03T17:19:00.000,I 85,I 85 and Mile Marker 151,,Sideswipe-Same Direction,2,Rain,Wet,Daylight
2022-03-25T14:00:00.000,I 85,I 85 and Mile Marker 151,,Rear End,2,Clear,Dry,Daylight
2023-12-17T17:30:00.000,I 85,I 85 and Mile Marker 151,,Sideswipe-Same Direction,2,Clear,Dry,Dusk
2024-09-22T13:17:00.000,I 85,I 85 and Mile Marker 151,,Sideswipe-Same Direction,2,Clear,Dry,Daylight
2020-10-20T15:37:00.000,I 85,I 85 and Mile Marker 1505,,Sideswipe-Same Direction,2,Clear,Dry,Daylight
2021-05-19T09:59:00.000,I 85,I 85 and Mile Marker 1505,,Angle Crash,2,Clear,Dry,Daylight
2021-11-30T19:58:00.000,I 85,I 85 and Mile Marker 150.5,,Rear End,2,Clear,Dry,Dark-Not Lighted
2022-01-27T06:43:00.000,I 85,I 85 and Mile Marker 150.5,,Not a Collision with Motor Vehicle,2,Clear,Dry,Dark-Not Lighted
2022-04-10T14:45:00.000,I 85,I 85 and Mile Marker 150.5,,Sideswipe-Same Direction,2,Clear,Dry,Daylight
2021-09-04T10:12:00.000,I 85,I 85 and Mile Marker 150,,Rear End,2,Clear,Dry,Daylight
2021-06-06T17:32:00.000,I 85,I 85 and Mile Marker 150,,Rear End,2,Cloudy,Dry,Daylight
2021-10-19T14:21:00.000,I 85,I 85 and Mile Marker 150,,Rear End,2,Clear,Dry,Daylight
2020-12-03T21:43:00.000,I 85,I 85 and Mile Marker 150,,Rear End,2,Clear,Dry,Dark-Not Lighted
2020-07-08T10:45:00.000,I 85,I 85 and Mile Marker 150,,Rear End,2,Cloudy,Dry,Daylight
2021-12-19T19:29:00.000,I 85,I 85 and Mile Marker 150,,Rear End,2,Clear,Dry,Dark-Not Lighted
2021-07-23T08:00:00.000,I 85,I 85 and Mile Marker 150,,Not a Collision with Motor Vehicle,1,Clear,Dry,Daylight
2022-08-14T20:07:00.000,I 85,I 85 and Mile Marker 150,,Rear End,2,Clear,Dry,Daylight
2021-09-04T10:12:00.000,I 85,I 85 and Mile Marker 150,,Rear End,2,Clear,Dry,Daylight
2021-10-05T09:13:00.000,I 85,I 85 and Mile Marker 150,,Not a Collision with Motor Vehicle,1,Rain,Wet,Daylight
2024-09-02T16:35:00.000,I 85,I 85 and Mile Marker 150,,Sideswipe-Same Direction,2,Clear,Dry,Daylight
2021-06-04T01:55:00.000,I 85,I 85 and Mile Marker 15,,Not a Collision with Motor Vehicle,1,Clear,Dry,Dark-Not Lighted
2021-06-04T02:00:00.000,I 85,I 85 and Mile Marker 15,,Not a Collision with Motor Vehicle,1,Clear,Dry,Dark-Not Lighted
2021-07-15T01:50:00.000,I 85,I 85 and Mile Marker 15,,Not a Collision with Motor Vehicle,1,Clear,Dry,Dark-Lighted
2021-05-02T13:40:00.000,I 85,I 85 and Mile Marker 149,,Rear End,2,Clear,Dry,Daylight
2021-12-26T19:17:00.000,I 85,I 85 and Mile Marker 149,,Not a Collision with Motor Vehicle,1,Clear,Dry,Dark-Not Lighted
2021-11-30T12:22:00.000,I 85,I 85 and Mile Marker 149,,Sideswipe-Same Direction,3,Clear,Dry,Daylight
2020-11-18T09:36:00.000,I 85,I 85 and Mile Marker 149,,Rear End,2,Clear,Dry,Daylight
2023-09-02T17:13:00.000,I 85,I 85 and Mile Marker 149,,Rear End,2,Clear,Dry,Daylight
2020-08-04T10:30:00.000,I 85,I 85 and Mile Marker 149,,Sideswipe-Same Direction,3,Clear,Dry,Daylight
2020-11-29T10:07:00.000,I 85,I 85 and Mile Marker 149,,Not a Collision with Motor Vehicle,1,Clear,Dry,Daylight
2020-07-18T19:35:00.000,I 85,I 85 and Mile Marker 149,,Not a Collision with Motor Vehicle,1,Cloudy,Dry,Daylight