Date and Time,Roadway (From Crash Report),Intersection Name (from Crash Report),KABCO Severity,Manner of Collision (Crash Level) ,# of Vehicles per crash ,Weather Conditions (Crash Level),Surface Condition (Crash Level) ,Light Conditions (Crash Level)
2020-02-24T17:45:00.000,I 85,I 85 and Mile Marker 149,,Sideswipe-Same Direction,2,Rain,Wet,Daylight
2020-07-13T16:53:00.000,I 85,I 85 and Mile Marker 149,,Sideswipe-Same Direction,2,Clear,Dry,Daylight
2020-09-09T08:35:00.000,I 85,I 85 and Mile Marker 149,,Rear End,2,Cloudy,Dry,Daylight
2021-06-08T21:22:00.000,I 85,I 85 and Mile Marker 149,,Not a Collision with Motor Vehicle,1,Cloudy,Dry,Dark-Not Lighted
2021-04-28T14:10:00.000,I 85,I 85 and Mile Marker 149,,Rear End,2,Clear,Dry,Daylight
2021-12-22T20:18:00.000,I 85,I 85 and Mile Marker 149,,Sideswipe-Same Direction,2,Clear,Dry,Dark-Not Lighted
2021-08-17T06:46:00.000,I 85,I 85 and Mile Marker 149,,Not a Collision with Motor Vehicle,1,Rain,Wet,Daylight
2021-09-25T16:51:00.000,I 85,I 85 and Mile Marker 149,,Rear End,3,Clear,Dry,Daylight
2022-03-29T19:51:00.000,I 85,I 85 and Mile Marker 149,,Rear End,3,Clear,Dry,Daylight
2022-02-18T08:37:00.000,I 85,I 85 and Mile Marker 149,,Not a Collision with Motor Vehicle,1,Cloudy,Dry,Daylight
2020-10-04T20:08:00.000,I 85,I 85 and Mile Marker 148 N Bound,,Rear End,2,Clear,Dry,Dark-Not Lighted
2021-03-10T18:09:00.000,I 85,I 85 and Mile Marker 148,,Not a Collision with Motor Vehicle,1,Clear,Dry,Daylight
2023-09-04T17:18:00.000,I 85,I 85 and Mile Marker 148,,Rear End,3,Clear,Dry,Daylight
2023-06-21T04:00:00.000,I 85,I 85 and Mile Marker 148,,Not a Collision with Motor Vehicle,1,Cloudy,Wet,Daylight
2022-12-14T20:00:00.000,I 85,I 85 and Mile Marker 148,,Sideswipe-Same Direction,1,Rain,Wet,Dark-Not Lighted
2020-06-23T15:41:00.000,I 85,I 85 and Mile Marker 148,,Sideswipe-Same Direction,2,Cloudy,Dry,Daylight
2020-02-10T05:53:00.000,I 85,I 85 and Mile Marker 148,,Sideswipe-Same Direction,2,Clear,Dry,Dark-Not Lighted
2020-01-01T03:33:00.000,I 85,I 85 and Mile Marker 148,,Sideswipe-Opposite Direction,2,Clear,Dry,Dark-Not Lighted
2020-09-30T02:08:00.000,I 85,I 85 and Mile Marker 148,,Rear End,2,Clear,Dry,Dark-Not Lighted
2020-08-01T18:22:00.000,I 85,I 85 and Mile Marker 148,,Rear End,2,Cloudy,Dry,Daylight
2020-05-18T16:53:00.000,I 85,I 85 and Mile Marker 148,,Rear End,2,Cloudy,Dry,Daylight
2021-10-01T05:50:00.000,I 85,I 85 and Mile Marker 148,,Not a Collision with Motor Vehicle,1,Clear,Dry,Dark-Not Lighted
2021-09-15T07:25:00.000,I 85,I 85 and Mile Marker 148,,Sideswipe-Same Direction,2,Clear,Dry,Daylight
2021-10-08T19:06:00.000,I 85,I 85 and Mile Marker 148,,Rear End,2,Clear,Dry,Daylight
2024-09-03T11:15:00.000,I 85,I 85 and Mile Marker 148,,Rear End,2,Clear,Dry,Daylight
2023-01-31T12:40:00.000,I 85,I 85 and Mile Marker 148,,Sideswipe-Same Direction,2,Clear,Dry,Daylight
2023-09-04T17:00:00.000,I 85,I 85 and Mile Marker 148,,Rear End,2,Clear,Dry,Daylight
2024-10-03T16:02:00.000,I 85,I 85 and Mile Marker 148,,Rear End,2,Cloudy,Dry,Daylight
2024-01-14T02:30:00.000,I 85,I 85 and Mile Marker 148,,Not a Collision with Motor Vehicle,1,Cloudy,Dry,Dark-Not Lighted
2020-11-14T10:04:00.000,I 85,I 85 and Mile Marker 147,,Not a Collision with Motor Vehicle,1,Clear,Dry,Daylight
2020-01-21T17:12:00.000,I 85,I 85 and Mile Marker 147,,Rear End,3,Clear,Dry,Daylight
2020-01-19T19:13:00.000,I 85,I 85 and Mile Marker 147,,Rear End,3,Clear,Dry,Dark-Not Lighted
2020-01-21T17:12:00.000,I 85,I 85 and Mile Marker 147,,Not a Collision with Motor Vehicle,1,Clear,Dry,Daylight
2020-01-31T15:32:00.000,I 85,I 85 and Mile Marker 147,,Not a Collision with Motor Vehicle,1,Cloudy,Wet,Daylight
2020-08-20T18:26:00.000,I 85,I 85 and Mile Marker 147,,Not a Collision with Motor Vehicle,1,Cloudy,Dry,Daylight
2020-07-16T17:00:00.000,I 85,I 85 and Mile Marker 147,,Not a Collision with Motor Vehicle,1,Cloudy,Dry,Daylight
2021-05-09T10:30:00.000,I 85,I 85 and Mile Marker 147,,Rear End,2,Clear,Dry,Dark-Not Lighted
2021-12-20T04:46:00.000,I 85,I 85 and Mile Marker 147,,Sideswipe-Same Direction,2,Clear,Dry,Daylight
2021-08-10T13:29:00.000,I 85,I 85 and Mile Marker 147,,Rear End,4,Cloudy,Dry,Daylight
2022-02-17T05:15:00.000,I 85,I 85 and Mile Marker 147,,Not a Collision with Motor Vehicle,1,Cloudy,Dry,Dark-Not Lighted
2023-11-10T13:55:00.000,I 85,I 85 and Mile Marker 147,,Sideswipe-Same Direction,2,Rain,Wet,Daylight
2024-08-02T12:25:00.000,I 85,I 85 and Mile Marker 147,,Not a Collision with Motor Vehicle,2,Cloudy,Dry,Daylight
2024-05-29T07:03:00.000,I 85,I 85 and Mile Marker 147,,Sideswipe-Same Direction,2,Clear,Dry,Daylight
2021-06-10T20:23:00.000,I 85,I 85 and Mile Marker 1465,,Rear End,2,Cloudy,Wet,Daylight
2023-02-02T07:10:00.000,I 85,I 85 and Mile Marker 146.5,,Rear End,3,Rain,Wet,Daylight
2024-07-03T16:03:00.000,I 85,I 85 and Mile Marker 146.5,,Not a Collision with Motor Vehicle,1,Clear,Dry,Daylight
2023-07-13T10:07:00.000,I 85,I 85 and Mile Marker 146,,Not a Collision with Motor Vehicle,1,Clear,Dry,Daylight
2023-12-30T13:10:00.000,I 85,I 85 and Mile Marker 146,,Angle Crash,4,Clear,Dry,Daylight
2020-12-08T10:01:00.000,I 85,I 85 and Mile Marker 146,,Sideswipe-Same Direction,2,Clear,Dry,Daylight
2020-08-31T01:17:00.000,I 85,I 85 and Mile Marker 146,,Rear End,3,Cloudy,Wet,Dark-Not Lighted
2020-11-28T16:54:00.000,I 85,I 85 and Mile Marker 146,,Head On,1,Clear,Dry,Daylight
2020-10-28T02:50:00.000,I 85,I 85 and Mile Marker 146,,Not a Collision with Motor Vehicle,1,Cloudy,Dry,Dark-Not Lighted
2021-12-19T13:20:00.000,I 85,I 85 and Mile Marker 146,,Rear End,4,Clear,Dry,Daylight
2021-10-11T03:07:00.000,I 85,I 85 and Mile Marker 146,,Sideswipe-Same Direction,2,Clear,Dry,Daylight
2023-11-02T14:59:00.000,I 85,I 85 and Mile Marker 146,,Sideswipe-Same Direction,2,Clear,Dry,Daylight
2024-11-19T18:28:00.000,I 85,I 85 and Mile Marker 146,,Rear End,2,Rain,Wet,Dark-Not Lighted
2024-01-11T09:46:00.000,I 85,I 85 and Mile Marker 146,,Angle Crash,2,Clear,Dry,Daylight
2024-01-25T22:42:00.000,I 85,I 85 and Mile Marker 146,,Sideswipe-Same Direction,2,Cloudy,Wet,Dark-Not Lighted
2021-07-19T13:47:00.000,I 85,I 85 and Mile Marker 1455,,Not a Collision with Motor Vehicle,2,Cloudy,Dry,Daylight
2020-10-11T07:04:00.000,I 85,I 85 and Mile Marker 1455,,Rear End,2,Rain,Wet,Dawn
2023-02-13T13:40:00.000,I 85,I 85 and Mile Marker 145.5,,Not a Collision with Motor Vehicle,1,Clear,Dry,Daylight
2022-04-17T14:12:00.000,I 85,I 85 and Mile Marker 145.5,,Sideswipe-Same Direction,2,Cloudy,Dry,Daylight
2020-02-07T15:52:00.000,I 85,I 85 and Mile Marker 145,,Rear End,2,Cloudy,Dry,Daylight
2020-11-23T07:04:00.000,I 85,I 85 and Mile Marker 145,,Sideswipe-Same Direction,2,Clear,Dry,Daylight
2020-11-23T17:18:00.000,I 85,I 85 and Mile Marker 145,,Sideswipe-Same Direction,2,Clear,Dry,Daylight
2020-10-09T23:15:00.000,I 85,I 85 and Mile Marker 145,,Rear End,2,Rain,Wet,Dark-Not Lighted
2021-06-28T22:47:00.000,I 85,I 85 and Mile Marker 145,,Sideswipe-Same Direction,2,Clear,Dry,Dark-Not Lighted
2022-09-07T08:08:00.000,I 85,I 85 and Mile Marker 145,,Not a Collision with Motor Vehicle,1,Cloudy,Dry,Daylight
2023-12-26T05:29:00.000,I 85,I 85 and Mile Marker 145,,Not a Collision with Motor Vehicle,1,Rain,Wet,Dark-Not Lighted
2023-05-06T21:35:00.000,I 85,I 85 and Mile Marker 145,,Not a Collision with Motor Vehicle,1,Clear,Dry,Dark-Not Lighted
2024-12-28T21:02:00.000,I 85,I 85 and Mile Marker 145,,Angle Crash,1,Other,Wet,Dark-Not Lighted
2024-07-26T14:08:00.000,I 85,I 85 and Mile Marker 145,,Sideswipe-Same Direction,2,Cloudy,Dry,Daylight
2020-10-09T23:16:00.000,I 85,I 85 and Mile Marker 1445,,Not a Collision with Motor Vehicle,1,Rain,Wet,Dark-Not Lighted
2020-10-10T00:55:00.000,I 85,I 85 and Mile Marker 1445,,Rear End,3,Rain,Wet,Dark-Not Lighted
2021-05-22T18:25:00.000,I 85,I 85 and Mile Marker 144,,Sideswipe-Same Direction,4,Clear,Dry,Daylight
2021-06-12T19:09:00.000,I 85,I 85 and Mile Marker 144,,Rear End,2,Cloudy,Dry,Daylight
2023-11-18T14:29:00.000,I 85,I 85 and Mile Marker 144,,Rear End,3,Clear,Dry,Daylight
2023-09-20T01:26:00.000,I 85,I 85 and Mile Marker 144,,Not a Collision with Motor Vehicle,1,Cloudy,Dry,Dark-Not Lighted
2020-08-10T13:04:00.000,I 85,I 85 and Mile Marker 144,,Rear End,2,Cloudy,Dry,Daylight
2022-10-12T10:00:00.000,I 85,I 85 and Mile Marker 144,,Rear End,2,Cloudy,Dry,Daylight
2024-06-10T17:49:00.000,I 85,I 85 and Mile Marker 144,,Not a Collision with Motor Vehicle,1,Clear,Dry,Daylight
2024-02-13T21:17:00.000,I 85,I 85 and Mile Marker 144,,Not a Collision with Motor Vehicle,1,Clear,Dry,Dark-Not Lighted
2024-01-12T19:34:00.000,I 85,I 85 and Mile Marker 144,,Rear End,3,Cloudy,Wet,Dark-Not Lighted
2021-12-03T15:41:00.000,I 85,I 85 and Mile Marker 143,,Rear End,2,Cloudy,Dry,Daylight
2021-11-13T18:43:00.000,I 85,I 85 and Mile Marker 143,,Rear End,2,Clear,Dry,Dark-Not Lighted
2021-12-04T10:02:00.000,I 85,I 85 and Mile Marker 143,,Rear End,2,Clear,Dry,Daylight
2021-03-30T10:08:00.000,I 85,I 85 and Mile Marker 143,,Rear End,2,Cloudy,Dry,Daylight
2020-11-18T16:56:00.000,I 85,I 85 and Mile Marker 143,,Rear End,2,Clear,Dry,Daylight
2023-12-12T06:33:00.000,I 85,I 85 and Mile Marker 143,,Not a Collision with Motor Vehicle,1,Cloudy,Dry,Dark-Not Lighted
2020-12-01T05:40:00.000,I 85,I 85 and Mile Marker 143,,Not a Collision with Motor Vehicle,1,Clear,Dry,Dark-Not Lighted
2020-03-24T19:37:00.000,I 85,I 85 and Mile Marker 143,,Angle Crash,2,Rain,Wet,Daylight
2020-07-06T20:23:00.000,I 85,I 85 and Mile Marker 143,,Rear End,2,Rain,Wet,Daylight
2020-08-29T17:00:00.000,I 85,I 85 and Mile Marker 143,,Not a Collision with Motor Vehicle,1,Cloudy,Dry,Daylight
2021-12-04T13:30:00.000,I 85,I 85 and Mile Marker 143,,Rear End,2,Clear,Dry,Daylight
2022-07-27T15:40:00.000,I 85,I 85 and Mile Marker 143,,Not a Collision with Motor Vehicle,1,Cloudy,Wet,Daylight
2022-07-15T16:38:00.000,I 85,I 85 and Mile Marker 143,,Rear End,2,Clear,Dry,Daylight
2022-01-08T17:33:00.000,I 85,I 85 and Mile Marker 143,,Sideswipe-Same Direction,3,Clear,Dry,Dusk
2022-07-15T16:06:00.000,I 85,I 85 and Mile Marker 143,,Rear End,2,Clear,Dry,Daylight
2024-08-09T20:28:00.000,I 85,I 85 and Mile Marker 143,,Not a Collision with Motor Vehicle,1,Clear,Dry,Daylight
2024-02-14T10:09:00.000,I 85,I 85 and Mile Marker 143,,Sideswipe-Same Direction,2,Clear,Dry,Daylight
2024-08-24T01:28:00.000,I 85,I 85 and Mile Marker 143,,Head On,4,Clear,Dry,Dark-Not Lighted
2023-05-24T14:57:00.000,I 85,I 85 and Mile Marker 143,,Rear End,2,Cloudy,Dry,Daylight
2021-12-20T08:00:00.000,I 85,I 85 and Mile Marker 142,,Rear End,2,Cloudy,Dry,Daylight
2020-01-17T19:58:00.000,I 85,I 85 and Mile Marker 142,,Rear End,2,Clear,Dry,Dark-Not Lighted
2023-11-08T11:45:00.000,I 85,I 85 and Mile Marker 142,,Sideswipe-Same Direction,2,Clear,Dry,Daylight
2022-12-09T10:38:00.000,I 85,I 85 and Mile Marker 142,,Sideswipe-Same Direction,2,Rain,Wet,Daylight
2022-01-15T17:05:00.000,I 85,I 85 and Mile Marker 142,,Not a Collision with Motor Vehicle,2,Cloudy,Dry,Daylight
2024-04-25T13:17:00.000,I 85,I 85 and Mile Marker 142,,Sideswipe-Same Direction,2,Clear,Dry,Daylight
2021-09-29T11:08:00.000,I 85,I 85 and Mile Marker 141,,Rear End,3,Clear,Dry,Daylight
2023-12-10T05:01:00.000,I 85,I 85 and Mile Marker 141,,Rear End,2,Rain,Wet,Dark-Not Lighted
2020-02-29T04:22:00.000,I 85,I 85 and Mile Marker 141,,Not a Collision with Motor Vehicle,1,Clear,Dry,Dark-Not Lighted
2021-11-02T10:17:00.000,I 85,I 85 and Mile Marker 141,,Not a Collision with Motor Vehicle,1,Cloudy,Dry,Daylight
2022-11-27T09:54:00.000,I 85,I 85 and Mile Marker 141,,Rear End,5,Cloudy,Wet,Daylight
2024-08-30T00:43:00.000,I 85,I 85 and Mile Marker 141,,Rear End,2,Cloudy,Dry,Dark-Not Lighted
2023-09-01T16:05:00.000,I 85,I 85 and Mile Marker 141,,Rear End,7,Clear,Dry,Daylight
2024-02-19T16:28:00.000,I 85,I 85 and Mile Marker 141,,Rear End,2,Clear,Dry,Daylight
2024-02-19T16:28:00.000,I 85,I 85 and Mile Marker 141,,Rear End,2,Clear,Dry,Daylight
2020-03-19T19:52:00.000,I 85,I 85 and Mile Marker 1405,,Sideswipe-Same Direction,2,Clear,Dry,Dark-Not Lighted
2021-12-09T10:10:00.000,I 85,I 85 and Mile Marker 140,,Rear End,2,Cloudy,Wet,Daylight
2020-02-15T13:01:00.000,I 85,I 85 and Mile Marker 140,,Rear End,2,Clear,Dry,Daylight
2020-02-27T12:33:00.000,I 85,I 85 and Mile Marker 140,,Rear End,2,Clear,Dry,Daylight
2020-10-17T08:52:00.000,I 85,I 85 and Mile Marker 140,,Sideswipe-Same Direction,2,Clear,Dry,Daylight
2021-08-15T06:21:00.000,I 85,I 85 and Mile Marker 140,,Rear End,2,Cloudy,Dry,Dark-Not Lighted
2021-11-24T13:22:00.000,I 85,I 85 and Mile Marker 140,,Sideswipe-Same Direction,2,Clear,Dry,Daylight
2023-12-22T08:31:00.000,I 85,I 85 and Mile Marker 140,,Rear End,2,Clear,Dry,Daylight
2024-06-30T07:35:00.000,I 85,I 85 and Mile Marker 140,,Rear End,2,Clear,Dry,Daylight
2023-12-01T17:31:00.000,I 85,I 85 and Mile Marker 140,,Not a Collision with Motor Vehicle,1,Cloudy,Wet,Daylight
2023-12-01T17:31:00.000,I 85,I 85 and Mile Marker 140,,Rear End,2,Cloudy,Wet,Dark-Not Lighted
2023-03-16T09:57:00.000,I 85,I 85 and Mile Marker 140,,Rear End,2,Clear,Dry,Daylight
2023-11-05T16:17:00.000,I 85,I 85 and Mile Marker 140,,Sideswipe-Same Direction,2,Clear,Dry,Daylight
2024-10-07T17:10:00.000,I 85,I 85 and Mile Marker 140,,Sideswipe-Same Direction,4,Clear,Dry,Daylight
2021-08-16T13:15:00.000,I 85,I 85 and Mile Marker 14,,Not a Collision with Motor Vehicle,1,Rain,Wet,Daylight
2023-05-21T23:02:00.000,I 85,I 85 and Mile Marker 14,,Rear End,2,Clear,Dry,Dark-Not Lighted
2023-07-14T18:45:00.000,I 85,I 85 and Mile Marker 14,,Angle Crash,2,Clear,Dry,Daylight
2020-01-03T12:45:00.000,I 85,I 85 and Mile Marker 14,,Angle Crash,2,Rain,Wet,Daylight
2023-07-26T14:32:00.000,I 85,I 85 and Mile Marker 14,,Not a Collision with Motor Vehicle,1,Clear,Dry,Daylight
2020-03-14T18:09:00.000,I 85,I 85 and Mile Marker 1395,,Not a Collision with Motor Vehicle,1,Clear,Dry,Daylight
2021-06-27T17:47:00.000,I 85,I 85 and Mile Marker 139,,Rear End,3,Clear,Dry,Daylight
2021-02-17T13:50:00.000,I 85,I 85 and Mile Marker 139,,Sideswipe-Same Direction,3,Cloudy,Dry,Daylight
2021-01-11T14:50:00.000,I 85,I 85 and Mile Marker 139,,Sideswipe-Same Direction,4,Rain,Wet,Daylight
2023-12-31T11:19:00.000,I 85,I 85 and Mile Marker 139,,Sideswipe-Same Direction,2,Clear,Dry,Daylight
2023-08-23T09:25:00.000,I 85,I 85 and Mile Marker 139,,Sideswipe-Same Direction,2,Clear,Dry,Daylight
2020-10-24T21:53:00.000,I 85,I 85 and Mile Marker 139,,Angle Crash,2,Rain,Wet,Dark-Not Lighted
2020-02-27T15:45:00.000,I 85,I 85 and Mile Marker 139,,Not a Collision with Motor Vehicle,1,Clear,Dry,Daylight
2021-12-05T12:21:00.000,I 85,I 85 and Mile Marker 139,,Rear End,2,Clear,Dry,Daylight
2021-10-15T07:18:00.000,I 85,I 85 and Mile Marker 139,,Rear End,2,Clear,Dry,Daylight
2021-09-14T19:20:00.000,I 85,I 85 and Mile Marker 139,,Not a Collision with Motor Vehicle,1,Clear,Dry,Daylight
2022-09-02T13:01:00.000,I 85,I 85 and Mile Marker 139,,Not a Collision with Motor Vehicle,1,Cloudy,Dry,Daylight
2024-06-10T11:30:00.000,I 85,I 85 and Mile Marker 139,,Angle Crash,3,Clear,Dry,Daylight
2023-08-25T17:31:00.000,I 85,I 85 and Mile Marker 139,,Rear End,3,Cloudy,Dry,Daylight
2022-05-01T10:05:00.000,I 85,I 85 and Mile Marker 138.5,,Sideswipe-Same Direction,2,Cloudy,Dry,Daylight
2021-03-31T07:37:00.000,I 85,I 85 and Mile Marker 138,,Sideswipe-Same Direction,2,Cloudy,Wet,Daylight
2021-03-31T08:19:00.000,I 85,I 85 and Mile Marker 138,,Sideswipe-Same Direction,2,Cloudy,Wet,Daylight
2021-03-31T07:59:00.000,I 85,I 85 and Mile Marker 138,,Sideswipe-Same Direction,2,Cloudy,Wet,Daylight
2022-08-08T12:10:00.000,I 85,I 85 and Mile Marker 138,,Sideswipe-Same Direction,2,Clear,Dry,Daylight
2022-05-07T17:02:00.000,I 85,I 85 and Mile Marker 138,,Rear End,2,Cloudy,Dry,Daylight
2022-10-05T15:05:00.000,I 85,I 85 and Mile Marker 138,,Sideswipe-Same Direction,2,Clear,Dry,Daylight
2024-06-17T12:17:00.000,I 85,I 85 and Mile Marker 138,,Head On,1,Clear,Dry,Daylight
2024-12-12T21:00:00.000,I 85,I 85 and Mile Marker 138,,Rear End,2,Clear,Dry,Dark-Not Lighted
2024-04-21T09:54:00.000,I 85,I 85 and Mile Marker 138,,Sideswipe-Same Direction,2,Rain,Wet,Daylight
2024-03-27T00:27:00.000,I 85,I 85 and Mile Marker 138,,Not a Collision with Motor Vehicle,1,Clear,Dry,Dark-Not Lighted
2021-06-20T17:21:00.000,I 85,I 85 and Mile Marker 1375,,Rear End,2,Cloudy,Dry,Daylight
2021-05-22T15:35:00.000,I 85,I 85 and Mile Marker 1375,,Rear End,2,Clear,Dry,Daylight
2022-09-02T17:00:00.000,I 85,I 85 and Mile Marker 137.5,,Rear End,2,Rain,Wet,Daylight
2021-10-01T15:00:00.000,I 85,I 85 and Mile Marker 137,,Rear End,7,Clear,Dry,Daylight
2021-07-17T18:05:00.000,I 85,I 85 and Mile Marker 137,,Not a Collision with Motor Vehicle,1,Clear,Dry,Daylight
2023-03-23T07:10:00.000,I 85,I 85 and Mile Marker 137,,Rear End,3,Clear,Dry,Daylight
2023-09-27T21:03:00.000,I 85,I 85 and Mile Marker 137,,Sideswipe-Same Direction,2,Cloudy,Dry,Dark-Not Lighted
2020-12-24T11:09:00.000,I 85,I 85 and Mile Marker 137,,Rear End,2,Rain,Wet,Daylight
2020-12-11T17:40:00.000,I 85,I 85 and Mile Marker 137,,Rear End,2,Clear,Dry,Dark-Not Lighted
2020-06-25T22:42:00.000,I 85,I 85 and Mile Marker 137,,Angle Crash,2,Clear,Dry,Dark-Not Lighted
2020-08-21T17:30:00.000,I 85,I 85 and Mile Marker 137,,Sideswipe-Same Direction,2,Clear,Dry,Daylight
2021-04-02T14:33:00.000,I 85,I 85 and Mile Marker 137,,Rear End,3,Clear,Dry,Daylight
2021-08-01T17:35:00.000,I 85,I 85 and Mile Marker 137,,Rear End,3,Clear,Dry,Daylight
2021-11-06T13:10:00.000,I 85,I 85 and Mile Marker 137,,Sideswipe-Same Direction,2,Clear,Dry,Daylight
2021-11-23T16:12:00.000,I 85,I 85 and Mile Marker 137,,Sideswipe-Same Direction,2,Clear,Dry,Daylight
2021-09-15T17:38:00.000,I 85,I 85 and Mile Marker 137,,Rear End,2,Rain,Wet,Daylight
2021-08-27T14:33:00.000,I 85,I 85 and Mile Marker 137,,Sideswipe-Same Direction,2,Clear,Dry,Daylight
2021-11-28T19:00:00.000,I 85,I 85 and Mile Marker 137,,Rear End,2,Clear,Dry,Dark-Not Lighted
2021-10-31T18:00:00.000,I 85,I 85 and Mile Marker 137,,Sideswipe-Same Direction,2,Clear,Dry,Daylight
2022-01-02T17:21:00.000,I 85,I 85 and Mile Marker 137,,Rear End,2,Clear,Wet,Daylight
2022-10-23T21:26:00.000,I 85,I 85 and Mile Marker 137,,Rear End,3,Clear,Dry,Dark-Not Lighted
2022-02-19T16:18:00.000,I 85,I 85 and Mile Marker 137,,Rear End,2,Clear,Dry,Daylight
2022-02-28T17:12:00.000,I 85,I 85 and Mile Marker 137,,Rear End,3,Clear,Dry,Daylight
2022-01-02T18:11:00.000,I 85,I 85 and Mile Marker 137,,Rear End,4,Cloudy,Wet,Dark-Not Lighted
2022-09-02T12:59:00.000,I 85,I 85 and Mile Marker 137,,Not a Collision with Motor Vehicle,1,Cloudy,Dry,Daylight
2024-10-30T20:07:00.000,I 85,I 85 and Mile Marker 137,,Not a Collision with Motor Vehicle,2,Clear,Dry,Dark-Not Lighted
2024-09-26T16:20:00.000,I 85,I 85 and Mile Marker 137,,Not a Collision with Motor Vehicle,1,Rain,Wet,Daylight
2023-10-24T10:28:00.000,I 85,I 85 and Mile Marker 137,,Rear End,2,Cloudy,Dry,Daylight
2024-08-17T07:20:00.000,I 85,I 85 and Mile Marker 137,,Not a Collision with Motor Vehicle,1,Rain,Wet,Daylight
2024-06-13T19:55:00.000,I 85,I 85 and Mile Marker 137,,Sideswipe-Same Direction,2,Clear,Dry,Daylight
2024-10-26T17:40:00.000,I 85,I 85 and Mile Marker 137,,Sideswipe-Same Direction,2,Clear,Dry,Daylight
2024-09-11T03:30:00.000,I 85,I 85 and Mile Marker 137,,Sideswipe-Same Direction,1,Clear,Dry,Dark-Not Lighted
2024-11-11T00:04:00.000,I 85,I 85 and Mile Marker 137,,Not a Collision with Motor Vehicle,1,Clear,Dry,Dark-Not Lighted
2024-10-03T17:54:00.000,I 85,I 85 and Mile Marker 137,,Sideswipe-Same Direction,2,Clear,Dry,Daylight
2024-05-20T18:45:00.000,I 85,I 85 and Mile Marker 137,,Not a Collision with Motor Vehicle,1,Clear,Dry,Daylight
2021-07-07T12:35:00.000,I 85,I 85 and Mile Marker 1365,,Not a Collision with Motor Vehicle,1,Clear,Dry,Daylight
2022-07-08T13:20:00.000,I 85,I 85 and Mile Marker 136.5,,Rear End,4,Clear,Dry,Daylight
2023-12-06T17:43:00.000,I 85,I 85 and Mile Marker 136,,Rear End,2,Cloudy,Dry,Dark-Not Lighted
2023-04-14T16:22:00.000,I 85,I 85 and Mile Marker 136,,Rear End,3,Rain,Wet,Daylight
2023-09-09T09:44:00.000,I 85,I 85 and Mile Marker 136,,Rear End,2,Clear,Dry,Daylight
2023-09-09T10:52:00.000,I 85,I 85 and Mile Marker 136,,Rear End,2,Clear,Dry,Daylight
2020-08-02T16:07:00.000,I 85,I 85 and Mile Marker 136,,Rear End,2,Clear,Dry,Daylight
2020-04-16T14:37:00.000,I 85,I 85 and Mile Marker 136,,Rear End,2,Clear,Dry,Daylight
2020-04-29T14:29:00.000,I 85,I 85 and Mile Marker 136,,Not a Collision with Motor Vehicle,1,Rain,Wet,Daylight
2021-04-26T20:05:00.000,I 85,I 85 and Mile Marker 136,,Sideswipe-Same Direction,2,Clear,Dry,Dark-Not Lighted
2021-07-15T07:20:00.000,I 85,I 85 and Mile Marker 136,,Sideswipe-Same Direction,2,Clear,Dry,Daylight
2022-04-19T17:48:00.000,I 85,I 85 and Mile Marker 136,,Rear End,4,Clear,Dry,Daylight
2022-06-26T22:00:00.000,I 85,I 85 and Mile Marker 136,,Rear End,2,Clear,Dry,Dark-Not Lighted
2023-04-27T14:40:00.000,I 85,I 85 and Mile Marker 136,,Not a Collision with Motor Vehicle,1,Rain,Wet,Daylight
2023-09-22T15:50:00.000,I 85,I 85 and Mile Marker 136,,Sideswipe-Same Direction,3,Cloudy,Dry,Daylight
2023-12-05T16:45:00.000,I 85,I 85 and Mile Marker 136,,Rear End,2,Clear,Dry,Daylight
2024-04-12T18:00:00.000,I 85,I 85 and Mile Marker 136,,Rear End,3,Clear,Dry,Daylight
2024-08-16T17:13:00.000,I 85,I 85 and Mile Marker 136,,Rear End,2,Clear,Dry,Daylight
2020-10-02T17:36:00.000,I 85,I 85 and Mile Marker 1355,,Rear End,2,Clear,Dry,Daylight
2021-10-07T14:58:00.000,I 85,I 85 and Mile Marker 135.5,,Not a Collision with Motor Vehicle,1,Cloudy,Wet,Daylight
2021-09-12T11:55:00.000,I 85,I 85 and Mile Marker 135,,Rear End,2,Clear,Dry,Daylight
2021-03-11T14:50:00.000,I 85,I 85 and Mile Marker 135,,Rear End,2,Clear,Dry,Daylight
2023-04-27T15:50:00.000,I 85,I 85 and Mile Marker 135,,Not a Collision with Motor Vehicle,1,Rain,Wet,Daylight