Date and Time,Roadway (From Crash Report),Intersection Name (from Crash Report),KABCO Severity,Manner of Collision (Crash Level) ,# of Vehicles per crash ,Weather Conditions (Crash Level),Surface Condition (Crash Level) ,Light Conditions (Crash Level)
2020-03-28T12:24:00.000,I 85,I 85 and Mile Marker 135,,Sideswipe-Same Direction,2,Clear,Dry,Daylight
2022-05-27T06:50:00.000,I 85,I 85 and Mile Marker 135,,Not a Collision with Motor Vehicle,1,Clear,Dry,Daylight
2024-03-20T07:02:00.000,I 85,I 85 and Mile Marker 135,,Rear End,2,Cloudy,Dry,Dark-Not Lighted
2024-03-15T16:51:00.000,I 85,I 85 and Mile Marker 135,,Rear End,3,Cloudy,Dry,Daylight
2023-07-06T09:18:00.000,I 85,I 85 and Mile Marker 135,,Not a Collision with Motor Vehicle,1,Clear,Dry,Daylight
2024-06-11T07:20:00.000,I 85,I 85 and Mile Marker 135,,Rear End,2,Clear,Dry,Daylight
2021-09-27T17:06:00.000,I 85,I 85 and Mile Marker 134,,Rear End,2,Clear,Dry,Daylight
2021-05-24T09:17:00.000,I 85,I 85 and Mile Marker 134,,Rear End,3,Clear,Dry,Daylight
2021-03-02T11:41:00.000,I 85,I 85 and Mile Marker 134,,Not a Collision with Motor Vehicle,1,Cloudy,Dry,Daylight
2023-01-24T21:39:00.000,I 85,I 85 and Mile Marker 134,,Sideswipe-Same Direction,2,Clear,Dry,Dark-Not Lighted
2023-10-01T04:37:00.000,I 85,I 85 and Mile Marker 134,,Not a Collision with Motor Vehicle,1,Clear,Dry,Dark-Not Lighted
2022-05-11T15:29:00.000,I 85,I 85 and Mile Marker 134,,Sideswipe-Same Direction,2,Clear,Dry,Daylight
2021-05-28T17:20:00.000,I 85,I 85 and Mile Marker 134,,Not a Collision with Motor Vehicle,1,Clear,Dry,Daylight
2021-04-21T03:11:00.000,I 85,I 85 and Mile Marker 134,,Rear End,2,Clear,Dry,Dark-Not Lighted
2021-10-31T22:10:00.000,I 85,I 85 and Mile Marker 134,,Sideswipe-Same Direction,2,Clear,Dry,Dark-Not Lighted
2022-01-18T11:08:00.000,I 85,I 85 and Mile Marker 134,,Sideswipe-Same Direction,2,Clear,Dry,Daylight
2023-10-01T05:42:00.000,I 85,I 85 and Mile Marker 134,,Sideswipe-Same Direction,2,Clear,Dry,Dark-Not Lighted
2024-07-27T17:19:00.000,I 85,I 85 and Mile Marker 134,,Rear End,2,Clear,Dry,Daylight
2021-09-10T17:20:00.000,I 85,I 85 and Mile Marker 133,,Rear End,2,Clear,Dry,Daylight
2021-11-24T10:45:00.000,I 85,I 85 and Mile Marker 133,,Sideswipe-Same Direction,2,Clear,Dry,Daylight
2020-08-02T15:51:00.000,I 85,I 85 and Mile Marker 133,,Rear End,2,Cloudy,Dry,Daylight
2020-11-13T17:10:00.000,I 85,I 85 and Mile Marker 133,,Sideswipe-Same Direction,2,Cloudy,Dry,Dark-Not Lighted
2021-03-06T17:25:00.000,I 85,I 85 and Mile Marker 133,,Rear End,2,Clear,Dry,Daylight
2021-03-05T16:31:00.000,I 85,I 85 and Mile Marker 133,,Rear End,3,Clear,Dry,Daylight
2022-04-10T19:30:00.000,I 85,I 85 and Mile Marker 133,,Rear End,2,Clear,Dry,Daylight
2022-04-10T14:00:00.000,I 85,I 85 and Mile Marker 133,,Rear End,3,Clear,Dry,Daylight
2022-06-23T13:00:00.000,I 85,I 85 and Mile Marker 133,,Rear End,3,Clear,Dry,Daylight
2024-12-11T06:52:00.000,I 85,I 85 and Mile Marker 133,,Not a Collision with Motor Vehicle,1,Cloudy,Wet,Dark-Not Lighted
2024-08-02T05:26:00.000,I 85,I 85 and Mile Marker 133,,Rear End,3,Cloudy,Dry,Dark-Not Lighted
2021-07-06T15:35:00.000,I 85,I 85 and Mile Marker 1325,,Not a Collision with Motor Vehicle,1,Clear,Dry,Daylight
2021-11-29T08:17:00.000,I 85,I 85 and Mile Marker 132,,Rear End,5,Cloudy,Dry,Daylight
2021-09-10T18:34:00.000,I 85,I 85 and Mile Marker 132,,Rear End,2,Clear,Dry,Daylight
2021-10-05T11:40:00.000,I 85,I 85 and Mile Marker 132,,Rear End,3,Rain,Wet,Daylight
2021-04-12T11:38:00.000,I 85,I 85 and Mile Marker 132,,Not a Collision with Motor Vehicle,2,Clear,Dry,Daylight
2021-10-01T16:29:00.000,I 85,I 85 and Mile Marker 132,,Rear End,3,Clear,Dry,Daylight
2020-08-18T14:38:00.000,I 85,I 85 and Mile Marker 132,,Rear End,2,Cloudy,Dry,Daylight
2020-01-12T13:46:00.000,I 85,I 85 and Mile Marker 132,,Rear End,2,Clear,Dry,Daylight
2020-11-01T13:59:00.000,I 85,I 85 and Mile Marker 132,,Rear End,3,Clear,Dry,Daylight
2020-10-16T17:28:00.000,I 85,I 85 and Mile Marker 132,,Rear End,4,Clear,Dry,Daylight
2021-12-09T19:28:00.000,I 85,I 85 and Mile Marker 132,,Rear End,2,Cloudy,Dry,Dark-Not Lighted
2021-09-15T20:50:00.000,I 85,I 85 and Mile Marker 132,,Sideswipe-Same Direction,2,Rain,Wet,Dark-Not Lighted
2022-09-25T14:13:00.000,I 85,I 85 and Mile Marker 132,,Rear End,2,Cloudy,Dry,Daylight
2021-10-05T11:39:00.000,I 85,I 85 and Mile Marker 132,,Rear End,2,Rain,Wet,Daylight
2021-07-29T06:43:00.000,I 85,I 85 and Mile Marker 132,,Rear End,3,Clear,Dry,Daylight
2023-12-12T18:22:00.000,I 85,I 85 and Mile Marker 132,,Rear End,2,Clear,Dry,Daylight
2024-01-12T23:18:00.000,I 85,I 85 and Mile Marker 132,,Sideswipe-Same Direction,3,Cloudy,Wet,Dark-Not Lighted
2024-02-20T18:11:00.000,I 85,I 85 and Mile Marker 132,,Not a Collision with Motor Vehicle,1,Clear,Dry,Dusk
2024-02-01T19:56:00.000,I 85,I 85 and Mile Marker 132,,Not a Collision with Motor Vehicle,1,Clear,Dry,Dark-Not Lighted
2020-05-21T06:20:00.000,I 85,I 85 and Mile Marker 1315,,Rear End,2,Clear,Dry,Daylight
2023-04-05T11:42:00.000,I 85,I 85 and Mile Marker 131.4,,Not a Collision with Motor Vehicle,1,Clear,Dry,Daylight
2021-04-02T07:28:00.000,I 85,I 85 and Mile Marker 131,,Rear End,2,Clear,Dry,Daylight
2023-11-11T13:30:00.000,I 85,I 85 and Mile Marker 131,,Not a Collision with Motor Vehicle,1,Cloudy,Dry,Daylight
2020-12-04T16:01:00.000,I 85,I 85 and Mile Marker 131,,Not a Collision with Motor Vehicle,1,Rain,Wet,Daylight
2020-12-04T00:00:00.000,I 85,I 85 and Mile Marker 131,,Head On,3,Rain,Wet,Daylight
2020-03-25T19:34:00.000,I 85,I 85 and Mile Marker 131,,Rear End,2,Cloudy,Dry,Daylight
2022-11-14T18:11:00.000,I 85,I 85 and Mile Marker 131,,Head On,3,Cloudy,Dry,Dark-Not Lighted
2022-11-14T18:04:00.000,I 85,I 85 and Mile Marker 131,,Sideswipe-Opposite Direction,2,Cloudy,Dry,Dark-Not Lighted
2024-08-05T14:15:00.000,I 85,I 85 and Mile Marker 131,,Rear End,2,Clear,Dry,Daylight
2023-10-31T18:41:00.000,I 85,I 85 and Mile Marker 131,,Sideswipe-Same Direction,2,Clear,Dry,Daylight
2023-06-25T19:47:00.000,I 85,I 85 and Mile Marker 131,,Not a Collision with Motor Vehicle,1,Rain,Wet,Daylight
2020-08-25T12:09:00.000,I 85,I 85 and Mile Marker 1305,,Rear End,2,Rain,Wet,Daylight
2021-10-01T18:41:00.000,I 85,I 85 and Mile Marker 130.5,,Rear End,2,Clear,Dry,Daylight
2021-10-23T17:58:00.000,I 85,I 85 and Mile Marker 130,,Rear End,5,Clear,Dry,Daylight
2020-11-25T21:03:00.000,I 85,I 85 and Mile Marker 130,,Rear End,2,Cloudy,Wet,Dark-Not Lighted
2020-04-16T12:43:00.000,I 85,I 85 and Mile Marker 130,,Rear End,5,Clear,Dry,Daylight
2020-10-21T19:48:00.000,I 85,I 85 and Mile Marker 130,,Sideswipe-Same Direction,2,Cloudy,Dry,Daylight
2020-11-13T18:01:00.000,I 85,I 85 and Mile Marker 130,,Rear End,3,Cloudy,Dry,Dark-Not Lighted
2021-11-21T12:41:00.000,I 85,I 85 and Mile Marker 130,,Rear End,4,Cloudy,Dry,Daylight
2022-09-28T08:00:00.000,I 85,I 85 and Mile Marker 130,,Angle Crash,2,Clear,Dry,Daylight
2022-07-27T09:10:00.000,I 85,I 85 and Mile Marker 130,,Rear End,2,Clear,Dry,Daylight
2022-11-27T04:47:00.000,I 85,I 85 and Mile Marker 130,,Rear End,2,Rain,Wet,Dark-Not Lighted
2021-07-08T19:30:00.000,I 85,I 85 and Mile Marker 13,,Not a Collision with Motor Vehicle,2,Clear,Dry,Daylight
2021-07-02T12:25:00.000,I 85,I 85 and Mile Marker 13,,Not a Collision with Motor Vehicle,1,Rain,Wet,Daylight
2021-08-24T04:45:00.000,I 85,I 85 and Mile Marker 13,,Not a Collision with Motor Vehicle,1,Clear,Dry,Dark-Not Lighted
2024-02-23T06:00:00.000,I 85,I 85 and Mile Marker 13,,Not a Collision with Motor Vehicle,1,Rain,Wet,Dark-Not Lighted
2024-03-15T13:41:00.000,I 85,I 85 and Mile Marker 13,,Rear End,2,Rain,Wet,Daylight
2022-07-17T16:38:00.000,I 85,I 85 and Mile Marker 129.5,,Not a Collision with Motor Vehicle,1,Clear,Dry,Daylight
2020-12-22T04:57:00.000,I 85,I 85 and Mile Marker 129,,Rear End,2,Clear,Dry,Dark-Not Lighted
2020-06-09T17:05:00.000,I 85,I 85 and Mile Marker 129,,Sideswipe-Same Direction,2,Rain,Wet,Daylight
2020-06-26T16:32:00.000,I 85,I 85 and Mile Marker 129,,Sideswipe-Same Direction,2,Cloudy,Dry,Daylight
2021-03-22T17:58:00.000,I 85,I 85 and Mile Marker 129,,Not a Collision with Motor Vehicle,1,Cloudy,Dry,Daylight
2022-07-26T07:59:00.000,I 85,I 85 and Mile Marker 129,,Rear End,2,Clear,Dry,Daylight
2022-05-10T17:06:00.000,I 85,I 85 and Mile Marker 129,,Rear End,3,Clear,Dry,Daylight
2023-08-08T21:50:00.000,I 85,I 85 and Mile Marker 128,,Sideswipe-Same Direction,2,Clear,Dry,Daylight
2021-06-29T15:58:00.000,I 85,I 85 and Mile Marker 128,,Sideswipe-Same Direction,2,Clear,Dry,Daylight
2022-04-29T16:47:00.000,I 85,I 85 and Mile Marker 128,,Not a Collision with Motor Vehicle,2,Clear,Dry,Daylight
2022-02-11T13:10:00.000,I 85,I 85 and Mile Marker 128,,Sideswipe-Same Direction,2,Clear,Dry,Daylight
2024-08-27T15:15:00.000,I 85,I 85 and Mile Marker 128,,Sideswipe-Same Direction,2,Cloudy,Dry,Daylight
2020-10-13T19:05:00.000,I 85,I 85 and Mile Marker 1275,,Rear End,2,Clear,Dry,Dusk
2021-02-19T16:50:00.000,I 85,I 85 and Mile Marker 127,,Not a Collision with Motor Vehicle,1,Clear,Dry,Daylight
2020-10-13T18:59:00.000,I 85,I 85 and Mile Marker 127,,Rear End,3,Clear,Dry,Dusk
2020-04-23T18:08:00.000,I 85,I 85 and Mile Marker 127,,Angle Crash,2,Rain,Wet,Daylight
2021-09-03T17:11:00.000,I 85,I 85 and Mile Marker 127,,Rear End,3,Clear,Dry,Daylight
2021-04-07T16:00:00.000,I 85,I 85 and Mile Marker 126,,Sideswipe-Same Direction,2,Cloudy,Dry,Daylight
2021-05-29T16:36:00.000,I 85,I 85 and Mile Marker 126,,Not a Collision with Motor Vehicle,2,Clear,Dry,Daylight
2020-11-18T14:10:00.000,I 85,I 85 and Mile Marker 126,,Not a Collision with Motor Vehicle,1,Clear,Dry,Daylight
2021-10-08T20:11:00.000,I 85,I 85 and Mile Marker 126,,Not a Collision with Motor Vehicle,1,Clear,Dry,Dark-Not Lighted
2023-12-08T18:12:00.000,I 85,I 85 and Mile Marker 126,,Sideswipe-Same Direction,3,Clear,Dry,Daylight
2024-11-04T06:45:00.000,I 85,I 85 and Mile Marker 126,,Angle Crash,2,Clear,Dry,Dark-Not Lighted
2021-09-15T17:56:00.000,I 85,I 85 and Mile Marker 1255,,Sideswipe-Same Direction,2,Rain,Wet,Daylight
2021-12-20T10:25:00.000,I 85,I 85 and Mile Marker 125,,Not a Collision with Motor Vehicle,2,Cloudy,Dry,Daylight
2021-09-03T17:37:00.000,I 85,I 85 and Mile Marker 125,,Rear End,3,Clear,Dry,Daylight
2021-11-28T16:15:00.000,I 85,I 85 and Mile Marker 125,,Rear End,2,Clear,Dry,Daylight
2021-10-01T16:32:00.000,I 85,I 85 and Mile Marker 125,,Rear End,2,Clear,Dry,Daylight
2023-07-14T07:55:00.000,I 85,I 85 and Mile Marker 125,,Sideswipe-Same Direction,2,Cloudy,Dry,Daylight
2021-01-18T11:11:00.000,I 85,I 85 and Mile Marker 125,,Not a Collision with Motor Vehicle,2,Clear,Dry,Daylight
2021-07-24T22:10:00.000,I 85,I 85 and Mile Marker 125,,Rear End,2,Rain,Wet,Dark-Not Lighted
2022-03-17T14:35:00.000,I 85,I 85 and Mile Marker 125,,Rear End,2,Clear,Dry,Daylight
2022-10-23T08:15:00.000,I 85,I 85 and Mile Marker 125,,Sideswipe-Same Direction,2,Clear,Dry,Daylight
2024-12-17T18:45:00.000,I 85,I 85 and Mile Marker 125,,Rear End,2,Cloudy,Dry,Dark-Not Lighted
2021-04-05T09:57:00.000,I 85,I 85 and Mile Marker 124,,Sideswipe-Same Direction,2,Clear,Dry,Daylight
2022-10-09T18:08:00.000,I 85,I 85 and Mile Marker 124,,Sideswipe-Same Direction,2,Clear,Dry,Daylight
2022-04-14T17:15:00.000,I 85,I 85 and Mile Marker 124,,Sideswipe-Same Direction,2,Clear,Dry,Daylight
2021-02-06T19:00:00.000,I 85,I 85 and Mile Marker 123,,Not a Collision with Motor Vehicle,1,Snow,Snow,Dark-Not Lighted
2020-02-06T10:54:00.000,I 85,I 85 and Mile Marker 123,,Not a Collision with Motor Vehicle,1,Rain,Wet,Daylight
2020-02-10T20:26:00.000,I 85,I 85 and Mile Marker 123,,Not a Collision with Motor Vehicle,1,Rain,Wet,Dark-Not Lighted
2021-06-23T12:18:00.000,I 85,I 85 and Mile Marker 123,,Not a Collision with Motor Vehicle,1,Cloudy,Dry,Daylight
2020-07-10T06:04:00.000,I 85,I 85 and Mile Marker 122,,Not a Collision with Motor Vehicle,1,Clear,Dry,Daylight
2020-05-13T14:50:00.000,I 85,I 85 and Mile Marker 122,,Sideswipe-Same Direction,2,Clear,Dry,Daylight
2021-02-19T06:15:00.000,I 85,I 85 and Mile Marker 122,,Not a Collision with Motor Vehicle,1,Clear,Wet,Dark-Not Lighted
2020-07-08T11:57:00.000,I 85,I 85 and Mile Marker 121,,Not a Collision with Motor Vehicle,1,Clear,Dry,Daylight
2020-10-12T07:12:00.000,I 85,I 85 and Mile Marker 121,,Sideswipe-Same Direction,2,Cloudy,Wet,Dark-Not Lighted
2022-09-28T07:00:00.000,I 85,I 85 and Mile Marker 121,,Not a Collision with Motor Vehicle,1,Clear,Dry,Dawn
2020-10-26T10:38:00.000,I 85,I 85 and Mile Marker 120,,Angle Crash,2,Cloudy,Wet,Daylight
2022-06-26T07:15:00.000,I 85,I 85 and Mile Marker 120,,Angle Crash,1,Clear,Dry,Dark-Not Lighted
2021-08-30T12:00:00.000,I 85,I 85 and Mile Marker 12,,Not a Collision with Motor Vehicle,1,Clear,Dry,Daylight
2021-08-31T05:15:00.000,I 85,I 85 and Mile Marker 12,,Angle Crash,2,Cloudy,Wet,Dark-Not Lighted
2023-06-21T23:45:00.000,I 85,I 85 and Mile Marker 12,,Sideswipe-Same Direction,2,Rain,Wet,Dark-Not Lighted
2023-10-28T01:00:00.000,I 85,I 85 and Mile Marker 118 Gravel Springs Rd,,Not a Collision with Motor Vehicle,1,Clear,Dry,Dark-Not Lighted
2021-06-22T19:08:00.000,I 85,I 85 and Mile Marker 118,,Not a Collision with Motor Vehicle,1,Clear,Dry,Daylight
2020-12-24T18:30:00.000,I 85,I 85 and Mile Marker 117,,Sideswipe-Same Direction,2,Cloudy,Wet,Dark-Not Lighted
2021-11-17T23:15:00.000,I 85,I 85 and Mile Marker 117,,Sideswipe-Same Direction,2,Clear,Dry,Dark-Lighted
2021-07-15T10:19:00.000,I 85,I 85 and Mile Marker 117,,Not a Collision with Motor Vehicle,1,Clear,Dry,Daylight
2021-09-09T13:40:00.000,I 85,I 85 and Mile Marker 116,,Head On,2,Clear,Dry,Daylight
2020-09-10T00:00:00.000,I 85,I 85 and Mile Marker 116,,Not a Collision with Motor Vehicle,1,Clear,Dry,Dark-Not Lighted
2020-02-07T13:02:00.000,I 85,I 85 and Mile Marker 116,,Rear End,3,Cloudy,Wet,Daylight
2020-03-04T14:52:00.000,I 85,I 85 and Mile Marker 116,,Not a Collision with Motor Vehicle,1,Rain,Wet,Daylight
2021-10-06T21:11:00.000,I 85,I 85 and Mile Marker 116,,Sideswipe-Same Direction,2,Cloudy,Dry,Dark-Not Lighted
2021-06-08T10:15:00.000,I 85,I 85 and Mile Marker 115,,Sideswipe-Same Direction,2,Cloudy,Dry,Daylight
2020-10-01T18:20:00.000,I 85,I 85 and Mile Marker 114,,Angle Crash,2,Clear,Dry,Daylight
2021-10-26T03:36:00.000,I 85,I 85 and Mile Marker 114,,Head On,1,Clear,Dry,Dark-Lighted
2021-11-26T12:24:00.000,I 85,I 85 and Mile Marker 114,,Rear End,2,Clear,Dry,Daylight
2021-04-02T14:40:00.000,I 85,I 85 and Mile Marker 113,,Rear End,2,Clear,Dry,Daylight
2020-11-08T02:50:00.000,I 85,I 85 and Mile Marker 113,,Not a Collision with Motor Vehicle,1,Clear,Dry,Dark-Not Lighted
2020-04-12T07:00:00.000,I 85,I 85 and Mile Marker 1125,,Not a Collision with Motor Vehicle,1,Clear,Dry,Dark-Not Lighted
2021-01-16T15:00:00.000,I 85,I 85 and Mile Marker 112,,Not a Collision with Motor Vehicle,1,Clear,Dry,Daylight
2022-04-28T13:55:00.000,I 85,I 85 and Mile Marker 112,,Rear End,2,Clear,Dry,Daylight
2023-10-29T10:30:00.000,I 85,I 85 and Mile Marker 112,,Sideswipe-Same Direction,2,Clear,Dry,Daylight
2022-07-21T12:03:00.000,I 85,I 85 and Mile Marker 111,,Rear End,2,Rain,Wet,Daylight
2023-05-12T14:35:00.000,I 85,I 85 and Mile Marker 11,,Not a Collision with Motor Vehicle,1,Cloudy,Dry,Daylight
2024-07-11T07:13:00.000,I 85,I 85 and Mile Marker 11,,Rear End,2,Clear,Dry,Daylight
2020-04-10T13:32:00.000,I 85,I 85 and Mile Marker 108,,Sideswipe-Same Direction,2,Clear,Dry,Daylight
2021-06-19T11:10:00.000,I 85,I 85 and Mile Marker 108,,Not a Collision with Motor Vehicle,2,Cloudy,Dry,Daylight
2021-08-13T09:50:00.000,I 85,I 85 and Mile Marker 107,,Sideswipe-Same Direction,2,Clear,Dry,Daylight
2024-10-16T08:02:00.000,I 85,I 85 and Mile Marker 106,,Sideswipe-Same Direction,2,Clear,Dry,Daylight
2024-12-11T06:42:00.000,I 85,I 85 and Mile Marker 104,,Rear End,2,Rain,Wet,Dark-Lighted
2021-04-10T16:50:00.000,I 85,I 85 and Mile Marker 1038,,Not a Collision with Motor Vehicle,2,Clear,Dry,Daylight
2020-12-19T18:18:00.000,I 85,I 85 and Mile Marker 103,,Sideswipe-Same Direction,2,Clear,Dry,Dusk
2020-12-19T18:15:00.000,I 85,I 85 and Mile Marker 103,,Rear End,2,Clear,Dry,Dusk
2020-07-09T13:25:00.000,I 85,I 85 and Mile Marker 102,,Not a Collision with Motor Vehicle,2,Clear,Dry,Daylight
2024-05-29T05:39:00.000,I 85,I 85 and Mile Marker 102,,Sideswipe-Same Direction,2,Clear,Dry,Dark-Lighted
2024-03-30T15:26:00.000,I 85,I 85 and Mile Marker 102,,Sideswipe-Same Direction,2,Clear,Dry,Daylight
2020-05-14T08:20:00.000,I 85,I 85 and Mile Marker 1015,,Not a Collision with Motor Vehicle,1,Cloudy,Dry,Daylight
2021-06-25T07:57:00.000,I 85,I 85 and Mile Marker 101,,Rear End,2,Clear,Dry,Daylight
2020-09-21T06:18:00.000,I 85,I 85 and Mile Marker 101,,Rear End,2,Clear,Dry,Dawn
2021-11-20T05:49:00.000,I 85,I 85 and Mile Marker 100,,Angle Crash,2,Clear,Dry,Dark-Lighted
2023-10-03T07:00:00.000,I 85,I 85 and Mile Marker 10,,Rear End,2,Clear,Dry,Dark-Lighted
2020-01-22T20:09:00.000,I 85,I 85 and Mile Marker 10,,Angle Crash,1,Clear,Dry,Dark-Not Lighted
2020-03-05T19:30:00.000,I 85,I 85 and Mile Marker 10,,Not a Collision with Motor Vehicle,1,Cloudy,Dry,Dark-Not Lighted
2021-05-01T11:20:00.000,I 85,I 85 and Mile Marker 10,,Not a Collision with Motor Vehicle,1,Clear,Dry,Daylight
2022-01-07T10:30:00.000,I 85,I 85 and Mile Marker 10,,Rear End,2,Clear,Dry,Daylight
2023-10-03T06:21:00.000,I 85,I 85 and Mile Marker 10,,Rear End,3,Clear,Dry,Dark-Not Lighted
2024-06-23T17:12:00.000,I 85,I 85 and Mile Marker 1,,Sideswipe-Opposite Direction,1,Clear,Dry,Daylight
2020-11-28T04:55:00.000,I 85,I 85 and Mile Marker  30,,Rear End,2,Rain,Wet,Dark-Not Lighted
2020-06-18T14:17:00.000,I 85,I 85 and Mile Marke 140,,Rear End,2,Cloudy,Dry,Daylight
2023-06-11T11:00:00.000,I 85,I 85 and Mile Marer 171,,Not a Collision with Motor Vehicle,2,Rain,Wet,Daylight
2021-01-15T06:39:00.000,I 85,I 85 and Mile Marer 139,,Not a Collision with Motor Vehicle,1,Cloudy,Wet,Dark-Not Lighted
2020-09-17T10:00:00.000,I 85,I 85 and Mile Maker 978,,Rear End,2,Rain,Wet,Daylight
2021-11-24T21:05:00.000,I 85,I 85 and Mile Maker 35,,Rear End,2,Clear,Dry,Dark-Not Lighted
2022-11-27T21:21:00.000,I 85,I 85 and Mile Maker 175,,Sideswipe-Same Direction,2,Clear,Dry,Dark-Not Lighted
2021-07-28T15:52:00.000,I 85,I 85 and Mile Maker 157,,Rear End,2,Clear,Dry,Daylight
2020-08-11T08:05:00.000,I 85,I 85 and Mile Maker 1028,,Rear End,2,Cloudy,Dry,Daylight
2020-03-06T10:09:00.000,I 85,I 85 and Mile Maker 101,,Rear End,3,Clear,Dry,Daylight
2023-03-26T18:32:00.000,I 85,I 85 and Mile Maarker 172,,Rear End,2,Clear,Wet,Daylight
2024-01-12T18:00:00.000,I 85,I 85 and Mile 76 Cleveland Ave,,Sideswipe-Same Direction,2,Rain,Wet,Dark-Lighted
2024-02-17T07:05:00.000,I 85,I 85 and Mile 146,,Sideswipe-Same Direction,2,Cloudy,Dry,Daylight
2022-03-02T01:45:00.000,I 85,I 85 and Mile 137,,Sideswipe-Same Direction,2,Clear,Dry,Dark-Not Lighted
2022-10-20T09:23:00.000,I 85,I 85 and Mile  Marker 84.5,,Rear End,3,Clear,Dry,Daylight
2024-12-24T04:47:00.000,I 85,I 85 and Mile  Marker  160,,Not a Collision with Motor Vehicle,1,Cloudy,Dry,Dark-Not Lighted
2021-12-11T14:35:00.000,I 85,I 85 and Mike Marker 49,,Not a Collision with Motor Vehicle,1,Rain,Wet,Daylight
2022-10-24T14:55:00.000,I 85,I 85 and Micginnis Ferry Rd,,Sideswipe-Same Direction,2,Clear,Dry,Daylight
2023-07-08T14:20:00.000,I 85,I 85 and Mginnis Ferry Rd,,Rear End,2,Clear,Dry,Daylight
2021-02-05T07:30:00.000,I 85,I 85 and Metropolitan Pkwy,,Angle Crash,2,Clear,Wet,Daylight
2021-02-07T04:39:00.000,I 85,I 85 and Metropolitan Pkwy,,Sideswipe-Same Direction,2,Rain,Wet,Dark-Lighted
2021-01-25T03:52:00.000,I 85,I 85 and Metropolitan Pkwy,,Not a Collision with Motor Vehicle,1,Rain,Wet,Dark-Lighted
2021-02-15T05:27:00.000,I 85,I 85 and Metropolitan Pkwy,,Angle Crash,2,Rain,Wet,Dark-Lighted
2021-01-08T19:19:00.000,I 85,I 85 and Metropolitan Pkwy,,Sideswipe-Same Direction,2,Cloudy,Wet,Daylight
2021-09-21T06:34:00.000,I 85,I 85 and Metropolitan Pkwy,,Not a Collision with Motor Vehicle,1,Rain,Wet,Dawn
2021-02-15T19:19:00.000,I 85,I 85 and Metropolitan Pkwy,,Not a Collision with Motor Vehicle,1,Rain,Wet,Dark-Lighted
2021-01-22T08:52:00.000,I 85,I 85 and Metropolitan Pkwy,,Not a Collision with Motor Vehicle,1,Cloudy,Wet,Daylight
2021-02-18T12:27:00.000,I 85,I 85 and Metropolitan Pkwy,,Rear End,2,Cloudy,Wet,Daylight
2021-02-14T04:41:00.000,I 85,I 85 and Metropolitan Pkwy,,Rear End,2,Rain,Wet,Dark-Lighted
2021-02-06T13:32:00.000,I 85,I 85 and Metropolitan Pkwy,,Not a Collision with Motor Vehicle,1,Cloudy,Dry,Daylight
2021-03-01T09:15:00.000,I 85,I 85 and Metropolitan Pkwy,,Not a Collision with Motor Vehicle,1,Rain,Wet,Daylight
2021-01-01T17:50:00.000,I 85,I 85 and Metropolitan Pkwy,,Not a Collision with Motor Vehicle,1,Cloudy,Wet,Dark-Not Lighted
2021-02-12T00:45:00.000,I 85,I 85 and Metropolitan Pkwy,,(None),2,Cloudy,Wet,Dark-Lighted
2021-02-21T14:38:00.000,I 85,I 85 and Metropolitan Pkwy,,Sideswipe-Same Direction,2,Clear,Dry,Daylight
2021-09-10T13:14:00.000,I 85,I 85 and Metropolitan Pkwy,,Sideswipe-Same Direction,2,Clear,Dry,Daylight
2021-09-16T11:15:00.000,I 85,I 85 and Metropolitan Pkwy,,Not a Collision with Motor Vehicle,1,Rain,Wet,Daylight
2021-02-15T10:20:00.000,I 85,I 85 and Metropolitan Pkwy,,Rear End,2,Cloudy,Wet,Daylight
2021-09-20T19:04:00.000,I 85,I 85 and Metropolitan Pkwy,,Sideswipe-Same Direction,2,Rain,Wet,Dusk
2021-12-22T14:50:00.000,I 85,I 85 and Metropolitan Pkwy,,Sideswipe-Same Direction,2,Clear,Dry,Daylight
2021-11-18T14:44:00.000,I 85,I 85 and Metropolitan Pkwy,,Sideswipe-Same Direction,2,Clear,Dry,Daylight
2021-07-19T07:16:00.000,I 85,I 85 and Metropolitan Pkwy,,Rear End,2,Rain,Wet,Daylight
2021-09-16T08:35:00.000,I 85,I 85 and Metropolitan Pkwy,,Not a Collision with Motor Vehicle,1,Rain,Wet,Daylight
2021-02-07T06:42:00.000,I 85,I 85 and Metropolitan Pkwy,,Not a Collision with Motor Vehicle,1,Rain,Wet,Dark-Lighted
2021-02-15T22:23:00.000,I 85,I 85 and Metropolitan Pkwy,,Not a Collision with Motor Vehicle,1,Rain,Wet,Dark-Lighted