Date and Time,Roadway (From Crash Report),Intersection Name (from Crash Report),KABCO Severity,Manner of Collision (Crash Level) ,# of Vehicles per crash ,Weather Conditions (Crash Level),Surface Condition (Crash Level) ,Light Conditions (Crash Level)
2020-08-12T09:00:00.000,I 85,I 85 and Metropolitan Pkwy,,Sideswipe-Same Direction,2,Clear,Dry,Daylight
2020-06-22T10:58:00.000,I 85,I 85 and Metropolitan Pkwy,,Rear End,2,Clear,Dry,Daylight
2023-08-29T07:42:00.000,I 85,I 85 and Metropolitan Pkwy,,Angle Crash,2,Cloudy,Wet,Daylight
2023-01-17T13:02:00.000,I 85,I 85 and Metropolitan Pkwy,,Not a Collision with Motor Vehicle,1,Rain,Wet,Daylight
2023-05-02T19:21:00.000,I 85,I 85 and Metropolitan Pkwy,,Sideswipe-Same Direction,2,Clear,Dry,Daylight
2023-02-20T08:55:00.000,I 85,I 85 and Metropolitan Pkwy,,Sideswipe-Same Direction,2,Clear,Dry,Daylight
2023-10-12T09:20:00.000,I 85,I 85 and Metropolitan Pkwy,,Not a Collision with Motor Vehicle,1,Rain,Wet,Daylight
2023-02-04T13:51:00.000,I 85,I 85 and Metropolitan Pkwy,,Not a Collision with Motor Vehicle,1,Cloudy,Dry,Daylight
2023-08-11T15:13:00.000,I 85,I 85 and Metropolitan Pkwy,,Rear End,2,Clear,Dry,Daylight
2023-04-03T16:00:00.000,I 85,I 85 and Metropolitan Pkwy,,Not a Collision with Motor Vehicle,1,Clear,Wet,Daylight
2022-05-27T19:12:00.000,I 85,I 85 and Metropolitan Pkwy,,Rear End,3,Clear,Dry,Daylight
2022-03-18T13:38:00.000,I 85,I 85 and Metropolitan Pkwy,,Sideswipe-Same Direction,2,Clear,Dry,Daylight
2020-09-05T18:05:00.000,I 85,I 85 and Metropolitan Pkwy,,Angle Crash,2,Clear,Dry,Daylight
2020-10-04T13:30:00.000,I 85,I 85 and Metropolitan Pkwy,,Rear End,2,Clear,Dry,Daylight
2020-10-17T09:30:00.000,I 85,I 85 and Metropolitan Pkwy,,Angle Crash,2,Clear,Dry,Dark-Lighted
2020-03-25T06:05:00.000,I 85,I 85 and Metropolitan Pkwy,,Not a Collision with Motor Vehicle,1,Rain,Wet,Dark-Not Lighted
2020-01-04T10:44:00.000,I 85,I 85 and Metropolitan Pkwy,,Sideswipe-Same Direction,2,Rain,Wet,Daylight
2020-10-10T09:51:00.000,I 85,I 85 and Metropolitan Pkwy,,Not a Collision with Motor Vehicle,1,Rain,Wet,Daylight
2020-02-20T03:59:00.000,I 85,I 85 and Metropolitan Pkwy,,Not a Collision with Motor Vehicle,1,Rain,Wet,Dark-Lighted
2020-10-27T11:57:00.000,I 85,I 85 and Metropolitan Pkwy,,Rear End,2,Clear,Dry,Daylight
2020-08-20T20:53:00.000,I 85,I 85 and Metropolitan Pkwy,,Rear End,2,Rain,Wet,Dark-Lighted
2020-05-27T00:00:00.000,I 85,I 85 and Metropolitan Pkwy,,Not a Collision with Motor Vehicle,1,Rain,Wet,Daylight
2020-03-10T08:35:00.000,I 85,I 85 and Metropolitan Pkwy,,Not a Collision with Motor Vehicle,1,Rain,Wet,Daylight
2020-11-15T12:54:00.000,I 85,I 85 and Metropolitan Pkwy,,Rear End,2,Cloudy,Dry,Daylight
2020-08-21T10:08:00.000,I 85,I 85 and Metropolitan Pkwy,,Sideswipe-Same Direction,3,Rain,Wet,Daylight
2020-07-01T12:00:00.000,I 85,I 85 and Metropolitan Pkwy,,Not a Collision with Motor Vehicle,1,Rain,Wet,Daylight
2020-09-17T11:45:00.000,I 85,I 85 and Metropolitan Pkwy,,Not a Collision with Motor Vehicle,1,Rain,Wet,Daylight
2020-11-27T12:38:00.000,I 85,I 85 and Metropolitan Pkwy,,Rear End,3,Clear,Dry,Daylight
2020-04-29T16:16:00.000,I 85,I 85 and Metropolitan Pkwy,,Not a Collision with Motor Vehicle,1,Rain,Wet,Daylight
2020-07-29T12:08:00.000,I 85,I 85 and Metropolitan Pkwy,,Not a Collision with Motor Vehicle,1,Rain,Wet,Daylight
2020-09-17T14:01:00.000,I 85,I 85 and Metropolitan Pkwy,,Rear End,2,Cloudy,Wet,Daylight
2020-07-26T17:45:00.000,I 85,I 85 and Metropolitan Pkwy,,Angle Crash,2,Clear,Dry,Daylight
2020-10-10T17:32:00.000,I 85,I 85 and Metropolitan Pkwy,,Not a Collision with Motor Vehicle,1,Rain,Wet,Daylight
2020-12-24T06:48:00.000,I 85,I 85 and Metropolitan Pkwy,,Not a Collision with Motor Vehicle,1,Rain,Wet,Dawn
2020-11-06T23:38:00.000,I 85,I 85 and Metropolitan Pkwy,,Angle Crash,2,Clear,Dry,Dark-Lighted
2020-11-30T08:42:00.000,I 85,I 85 and Metropolitan Pkwy,,Sideswipe-Same Direction,2,Cloudy,Wet,Daylight
2020-09-16T17:03:00.000,I 85,I 85 and Metropolitan Pkwy,,Angle Crash,2,Rain,Wet,Daylight
2020-07-21T19:48:00.000,I 85,I 85 and Metropolitan Pkwy,,Not a Collision with Motor Vehicle,1,Cloudy,Wet,Dusk
2020-08-25T08:56:00.000,I 85,I 85 and Metropolitan Pkwy,,Not a Collision with Motor Vehicle,1,Cloudy,Wet,Daylight
2020-08-25T11:52:00.000,I 85,I 85 and Metropolitan Pkwy,,Rear End,2,Rain,Wet,Daylight
2020-06-24T19:51:00.000,I 85,I 85 and Metropolitan Pkwy,,Head On,1,Cloudy,Wet,Dark-Lighted
2020-11-25T15:08:00.000,I 85,I 85 and Metropolitan Pkwy,,Sideswipe-Same Direction,2,Cloudy,Dry,Daylight
2020-11-11T07:03:00.000,I 85,I 85 and Metropolitan Pkwy,,Not a Collision with Motor Vehicle,1,Cloudy,Wet,Daylight
2020-01-02T08:47:00.000,I 85,I 85 and Metropolitan Pkwy,,Sideswipe-Same Direction,2,Rain,Wet,Daylight
2020-10-02T18:20:00.000,I 85,I 85 and Metropolitan Pkwy,,Rear End,3,Clear,Dry,Daylight
2020-01-03T16:15:00.000,I 85,I 85 and Metropolitan Pkwy,,Not a Collision with Motor Vehicle,1,Rain,Wet,Daylight
2020-08-23T20:28:00.000,I 85,I 85 and Metropolitan Pkwy,,Sideswipe-Same Direction,2,Clear,Dry,Dark-Lighted
2020-03-04T15:13:00.000,I 85,I 85 and Metropolitan Pkwy,,Not a Collision with Motor Vehicle,1,Rain,Wet,Daylight
2020-04-12T15:39:00.000,I 85,I 85 and Metropolitan Pkwy,,Head On,3,Rain,Wet,Daylight
2020-07-27T23:21:00.000,I 85,I 85 and Metropolitan Pkwy,,Sideswipe-Same Direction,2,Clear,Dry,Dark-Not Lighted
2020-12-24T14:03:00.000,I 85,I 85 and Metropolitan Pkwy,,Not a Collision with Motor Vehicle,1,Rain,Wet,Daylight
2020-06-19T17:08:00.000,I 85,I 85 and Metropolitan Pkwy,,Rear End,2,Clear,Dry,Daylight
2020-11-28T01:13:00.000,I 85,I 85 and Metropolitan Pkwy,,Rear End,4,Rain,Wet,Dark-Lighted
2020-11-16T07:40:00.000,I 85,I 85 and Metropolitan Pkwy,,Sideswipe-Same Direction,2,Clear,Dry,Daylight
2020-04-09T10:05:00.000,I 85,I 85 and Metropolitan Pkwy,,Not a Collision with Motor Vehicle,1,Clear,Wet,Daylight
2020-12-13T01:07:00.000,I 85,I 85 and Metropolitan Pkwy,,Not a Collision with Motor Vehicle,1,Rain,Wet,Dark-Lighted
2020-05-27T09:26:00.000,I 85,I 85 and Metropolitan Pkwy,,Not a Collision with Motor Vehicle,1,Rain,Wet,Daylight
2020-11-27T13:26:00.000,I 85,I 85 and Metropolitan Pkwy,,Sideswipe-Same Direction,2,Clear,Dry,Daylight
2020-04-12T17:04:00.000,I 85,I 85 and Metropolitan Pkwy,,Rear End,2,Rain,Wet,Daylight
2020-10-10T09:58:00.000,I 85,I 85 and Metropolitan Pkwy,,Angle Crash,2,Rain,Wet,Daylight
2020-01-04T01:09:00.000,I 85,I 85 and Metropolitan Pkwy,,Not a Collision with Motor Vehicle,1,Rain,Wet,Dark-Lighted
2020-02-17T22:30:00.000,I 85,I 85 and Metropolitan Pkwy,,Sideswipe-Same Direction,2,Cloudy,Wet,Dark-Lighted
2020-08-07T13:56:00.000,I 85,I 85 and Metropolitan Pkwy,,Rear End,2,Clear,Dry,Daylight
2020-12-06T19:46:00.000,I 85,I 85 and Metropolitan Pkwy,,Rear End,1,Rain,Water (standing or moving),Dark-Not Lighted
2020-11-23T07:29:00.000,I 85,I 85 and Metropolitan Pkwy,,Angle Crash,2,Clear,Dry,Daylight
2020-05-08T22:03:00.000,I 85,I 85 and Metropolitan Pkwy,,Sideswipe-Same Direction,2,Rain,Wet,Dark-Lighted
2020-09-17T02:53:00.000,I 85,I 85 and Metropolitan Pkwy,,Not a Collision with Motor Vehicle,1,Rain,Wet,Daylight
2020-06-12T00:41:00.000,I 85,I 85 and Metropolitan Pkwy,,Not a Collision with Motor Vehicle,1,Clear,Dry,Dark-Lighted
2020-09-27T19:55:00.000,I 85,I 85 and Metropolitan Pkwy,,Rear End,3,Rain,Wet,Dusk
2021-02-13T13:45:00.000,I 85,I 85 and Metropolitan Pkwy,,Not a Collision with Motor Vehicle,1,Cloudy,Wet,Daylight
2021-02-15T11:42:00.000,I 85,I 85 and Metropolitan Pkwy,,Rear End,1,Cloudy,Wet,Daylight
2021-01-31T06:22:00.000,I 85,I 85 and Metropolitan Pkwy,,Not a Collision with Motor Vehicle,1,Rain,Wet,Dark-Not Lighted
2021-01-10T08:14:00.000,I 85,I 85 and Metropolitan Pkwy,,Rear End,2,Clear,Dry,Daylight
2021-10-07T07:15:00.000,I 85,I 85 and Metropolitan Pkwy,,Not a Collision with Motor Vehicle,1,Rain,Wet,Dawn
2022-01-07T11:30:00.000,I 85,I 85 and Metropolitan Pkwy,,Not a Collision with Motor Vehicle,1,Clear,Dry,Daylight
2021-08-11T10:12:00.000,I 85,I 85 and Metropolitan Pkwy,,Rear End,2,Clear,Dry,Daylight
2021-10-01T14:53:00.000,I 85,I 85 and Metropolitan Pkwy,,Rear End,2,Clear,Dry,Daylight
2022-02-04T10:29:00.000,I 85,I 85 and Metropolitan Pkwy,,Sideswipe-Same Direction,2,Cloudy,Wet,Daylight
2022-10-17T07:31:00.000,I 85,I 85 and Metropolitan Pkwy,,Not a Collision with Motor Vehicle,1,Clear,Dry,Dawn
2022-02-24T08:50:00.000,I 85,I 85 and Metropolitan Pkwy,,Angle Crash,2,Cloudy,Dry,Daylight
2022-05-19T13:51:00.000,I 85,I 85 and Metropolitan Pkwy,,Rear End,2,Clear,Dry,Daylight
2022-09-01T15:16:00.000,I 85,I 85 and Metropolitan Pkwy,,Rear End,3,Clear,Dry,Daylight
2022-03-11T06:07:00.000,I 85,I 85 and Metropolitan Pkwy,,Angle Crash,2,Cloudy,Dry,Dawn
2021-09-16T08:40:00.000,I 85,I 85 and Metropolitan Pkwy,,Rear End,2,Rain,Wet,Daylight
2022-10-27T18:30:00.000,I 85,I 85 and Metropolitan Pkwy,,Not a Collision with Motor Vehicle,1,Clear,Dry,Dusk
2022-12-06T05:50:00.000,I 85,I 85 and Metropolitan Pkwy,,Not a Collision with Motor Vehicle,1,Rain,Wet,Daylight
2022-11-25T11:30:00.000,I 85,I 85 and Metropolitan Pkwy,,Rear End,2,Cloudy,Wet,Daylight
2022-04-05T16:20:00.000,I 85,I 85 and Metropolitan Pkwy,,Rear End,2,Rain,Wet,Daylight
2022-08-08T16:40:00.000,I 85,I 85 and Metropolitan Pkwy,,Rear End,3,Cloudy,Dry,Daylight
2022-05-05T23:46:00.000,I 85,I 85 and Metropolitan Pkwy,,Angle Crash,2,Clear,Dry,Dark-Not Lighted
2022-05-06T10:05:00.000,I 85,I 85 and Metropolitan Pkwy,,Sideswipe-Same Direction,2,Rain,Wet,Daylight
2022-04-26T11:34:00.000,I 85,I 85 and Metropolitan Pkwy,,Angle Crash,2,Rain,Wet,Daylight
2022-08-05T06:42:00.000,I 85,I 85 and Metropolitan Pkwy,,Sideswipe-Same Direction,2,Clear,Dry,Daylight
2022-04-05T11:20:00.000,I 85,I 85 and Metropolitan Pkwy,,Sideswipe-Same Direction,2,Rain,Dry,Daylight
2022-10-17T18:10:00.000,I 85,I 85 and Metropolitan Pkwy,,Sideswipe-Same Direction,2,Clear,Dry,Dusk
2022-11-25T11:29:00.000,I 85,I 85 and Metropolitan Pkwy,,Rear End,2,Rain,Wet,Daylight
2022-05-04T14:36:00.000,I 85,I 85 and Metropolitan Pkwy,,Not a Collision with Motor Vehicle,2,Clear,Dry,Daylight
2022-01-06T16:15:00.000,I 85,I 85 and Metropolitan Pkwy,,Rear End,2,Rain,Wet,Daylight
2024-11-14T13:35:00.000,I 85,I 85 and Metropolitan Pkwy,,Sideswipe-Same Direction,2,Cloudy,Wet,Daylight
2024-01-16T17:47:00.000,I 85,I 85 and Metropolitan Pkwy,,Sideswipe-Same Direction,2,Clear,Dry,Daylight
2023-08-15T15:30:00.000,I 85,I 85 and Metropolitan Pkwy,,Angle Crash,2,Rain,Wet,Daylight
2023-08-10T11:12:00.000,I 85,I 85 and Metropolitan Pkwy,,Rear End,2,Rain,Wet,Daylight
2023-12-26T09:20:00.000,I 85,I 85 and Metropolitan Pkwy,,Not a Collision with Motor Vehicle,1,Rain,Wet,Daylight
2023-04-27T17:32:00.000,I 85,I 85 and Metropolitan Pkwy,,Sideswipe-Same Direction,2,Rain,Wet,Daylight
2024-11-11T13:05:00.000,I 85,I 85 and Metropolitan Pkwy,,Sideswipe-Same Direction,2,Clear,Dry,Daylight
2024-11-19T07:14:00.000,I 85,I 85 and Metropolitan Pkwy,,Rear End,4,Rain,Wet,Dawn
2024-02-12T15:12:00.000,I 85,I 85 and Metropolitan Pkwy,,Not a Collision with Motor Vehicle,1,Rain,Wet,Daylight
2024-07-01T01:00:00.000,I 85,I 85 and Metropolitan Pkwy,,Sideswipe-Same Direction,2,Clear,Dry,Dark-Not Lighted
2024-08-09T17:20:00.000,I 85,I 85 and Metropolitan Pkwy,,Not a Collision with Motor Vehicle,1,Clear,Dry,Daylight
2024-01-08T10:49:00.000,I 85,I 85 and Metropolitan Pkwy,,Sideswipe-Same Direction,2,Cloudy,Dry,Daylight
2024-07-11T08:25:00.000,I 85,I 85 and Metropolitan Pkwy,,Sideswipe-Same Direction,2,Clear,Dry,Daylight
2024-05-10T15:50:00.000,I 85,I 85 and Metropolitan Pkwy,,Sideswipe-Same Direction,2,Clear,Dry,Daylight
2024-06-04T14:00:00.000,I 85,I 85 and Metropolitan Pkwy,,Angle Crash,3,Rain,Wet,Daylight
2024-05-24T19:00:00.000,I 85,I 85 and Metropolitan Pkwy,,Rear End,2,Cloudy,Dry,Daylight
2024-12-05T16:12:00.000,I 85,I 85 and Metropolitan Pkwy,,Angle Crash,2,Clear,Dry,Daylight
2024-02-12T14:55:00.000,I 85,I 85 and Metropolitan Pkwy,,Sideswipe-Same Direction,2,Rain,Wet,Daylight
2024-07-08T07:00:00.000,I 85,I 85 and Metropolitan Parway,,Rear End,2,Clear,Wet,Daylight
2024-01-19T06:45:00.000,I 85,I 85 and Metropolitan Parkwaymm77,,Sideswipe-Same Direction,2,Cloudy,Wet,Dawn
2021-10-07T16:49:00.000,I 85,I 85 and Metropolitan Parkway On Rp,,Not a Collision with Motor Vehicle,1,Cloudy,Wet,Daylight
2020-04-20T07:46:00.000,I 85,I 85 and Metropolitan Parkway On Rp,,Not a Collision with Motor Vehicle,1,Rain,Wet,Daylight
2021-01-12T06:55:00.000,I 85,I 85 and Metropolitan Parkway On Rp,,Angle Crash,2,Cloudy,Wet,Dark-Not Lighted
2022-12-06T10:29:00.000,I 85,I 85 and Metropolitan Parkway On Rp,,Not a Collision with Motor Vehicle,1,Cloudy,Wet,Daylight
2022-12-06T06:11:00.000,I 85,I 85 and Metropolitan Parkway On Rp,,Angle Crash,2,Rain,Wet,Dark-Not Lighted
2022-03-18T16:02:00.000,I 85,I 85 and Metropolitan Parkway On Rp,,Not a Collision with Motor Vehicle,1,Cloudy,Wet,Daylight
2022-12-06T09:51:00.000,I 85,I 85 and Metropolitan Parkway On Rp,,Not a Collision with Motor Vehicle,1,Rain,Wet,Daylight
2021-08-31T18:27:00.000,I 85,I 85 and Metropolitan Ave,,Not a Collision with Motor Vehicle,1,Clear,Wet,Daylight
2023-08-29T18:38:00.000,I 85,I 85 and Metropolitan Ave,,Not a Collision with Motor Vehicle,1,Rain,Wet,Daylight
2020-12-17T09:45:00.000,I 85,I 85 and Metropolitan Ave,,Sideswipe-Same Direction,2,Clear,Wet,Daylight
2020-11-27T12:40:00.000,I 85,I 85 and Metropolitan Ave,,Rear End,2,Clear,Dry,Daylight
2020-11-11T15:39:00.000,I 85,I 85 and Metropolitan Ave,,Not a Collision with Motor Vehicle,1,Clear,Wet,Daylight
2020-09-24T11:43:00.000,I 85,I 85 and Metropolitan Ave,,Not a Collision with Motor Vehicle,1,Rain,Wet,Daylight
2021-04-02T13:45:00.000,I 85,I 85 and Metropolitan Ave,,Sideswipe-Same Direction,2,Clear,Dry,Daylight
2021-01-21T18:14:00.000,I 85,I 85 and Metropolitan Ave,,Sideswipe-Same Direction,2,Clear,Dry,Dark-Lighted
2021-08-31T13:00:00.000,I 85,I 85 and Metropolitan Ave,,Not a Collision with Motor Vehicle,1,Cloudy,Wet,Daylight
2022-03-01T08:41:00.000,I 85,I 85 and Metropolitan Ave,,Sideswipe-Same Direction,2,Clear,Dry,Daylight
2020-08-24T10:59:00.000,I 85,I 85 and Metropolitan,,Rear End,3,Clear,Dry,Daylight
2020-03-11T17:45:00.000,I 85,I 85 and Metropolitan,,Not a Collision with Motor Vehicle,1,Cloudy,Wet,Daylight
2020-08-25T11:14:00.000,I 85,I 85 and Metropolitan,,Rear End,2,Cloudy,Wet,Daylight
2020-09-17T14:17:00.000,I 85,I 85 and Metropolitan,,Not a Collision with Motor Vehicle,1,Clear,Dry,Daylight
2020-08-25T11:14:00.000,I 85,I 85 and Metropolitan,,Rear End,2,Cloudy,Wet,Daylight
2021-07-19T16:36:00.000,I 85,I 85 and Metropolitan,,Not a Collision with Motor Vehicle,1,Clear,Dry,Daylight
2022-01-20T11:30:00.000,I 85,I 85 and Metropolitan,,Not a Collision with Motor Vehicle,1,Rain,Wet,Daylight
2020-02-11T16:49:00.000,I 85,I 85 and Metropolitain Pkwy,,Rear End,2,Cloudy,Wet,Daylight
2020-11-19T15:57:00.000,I 85,I 85 and Metropolitain Pkwy,,Not a Collision with Motor Vehicle,1,Clear,Dry,Daylight
2020-01-03T13:50:00.000,I 85,I 85 and Metropolitain Pkwy,,Rear End,2,Rain,Wet,Daylight
2024-01-04T14:07:00.000,I 85,I 85 and Metropolitain Pkwy,,Angle Crash,2,Clear,Dry,Daylight
2024-10-11T10:30:00.000,I 85,I 85 and Metropolitain Pkwy,,Sideswipe-Same Direction,2,Clear,Dry,Daylight
2023-07-18T18:38:00.000,I 85,I 85 and Metropolitain Pkwy,,Sideswipe-Same Direction,2,Cloudy,Dry,Daylight
2024-10-03T10:20:00.000,I 85,I 85 and Metropolitain Pkwy,,Sideswipe-Same Direction,2,Clear,Dry,Daylight
2024-01-25T13:30:00.000,I 85,I 85 and Metropolitain Parkway Mile 76,,Not a Collision with Motor Vehicle,1,Cloudy,Wet,Daylight
2024-01-25T13:15:00.000,I 85,I 85 and Metropolitain Parkway Mile 76,,Not a Collision with Motor Vehicle,1,Cloudy,Wet,Daylight
2024-02-12T18:45:00.000,I 85,I 85 and Metropolirtan Pkwy,,Rear End,5,Clear,Dry,Dark-Lighted
2020-08-25T11:32:00.000,I 85,I 85 and Metroploitan Pkwy,,Not a Collision with Motor Vehicle,1,Rain,Dry,Daylight
2024-12-10T16:00:00.000,I 85,I 85 and Metroplitian Pkwy,,Sideswipe-Same Direction,2,Rain,Wet,Daylight
2023-04-27T03:52:00.000,I 85,I 85 and Metroplitan Pkwy,,Not a Collision with Motor Vehicle,1,Rain,Wet,Daylight
2024-03-30T10:01:00.000,I 85,I 85 and Meriwether Park Drive Opas,,Rear End,2,Clear,Dry,Daylight
2023-02-08T20:16:00.000,I 85,I 85 and Meriwether Park Dr,,Angle Crash,2,Clear,Dry,Dark-Not Lighted
2020-03-13T17:32:00.000,I 85,I 85 and Meriwether Park Dr,,Rear End,2,Cloudy,Wet,Daylight
2022-11-20T03:55:00.000,I 85,I 85 and Meriwether Park Dr,,Not a Collision with Motor Vehicle,1,Clear,Dry,Dark-Not Lighted
2023-08-17T09:30:00.000,I 85,I 85 and Meriwether Park Dr,,Angle Crash,2,Clear,Dry,Daylight
2021-08-05T15:58:00.000,I 85,I 85 and Memorial Drive Over Pass,,Sideswipe-Same Direction,2,Clear,Dry,Daylight
2021-03-04T12:16:00.000,I 85,I 85 and Memorial Drive Opas,,Rear End,3,Clear,Dry,Daylight
2021-05-14T17:20:00.000,I 85,I 85 and Memorial Drive Opas,,Sideswipe-Same Direction,2,Clear,Dry,Daylight
2020-08-25T10:28:00.000,I 85,I 85 and Memorial Drive Opas,,Not a Collision with Motor Vehicle,1,Rain,Wet,Daylight
2020-03-06T14:00:00.000,I 85,I 85 and Memorial Drive Opas,,Sideswipe-Same Direction,2,Clear,Dry,Daylight
2020-01-02T12:30:00.000,I 85,I 85 and Memorial Drive Opas,,Rear End,2,Rain,Wet,Daylight
2020-02-25T07:00:00.000,I 85,I 85 and Memorial Drive Opas,,Rear End,3,Cloudy,Wet,Daylight
2020-01-31T11:30:00.000,I 85,I 85 and Memorial Drive Opas,,Rear End,2,Cloudy,Wet,Daylight
2020-11-25T12:31:00.000,I 85,I 85 and Memorial Drive Opas,,Rear End,4,Clear,Dry,Daylight
2020-10-30T15:05:00.000,I 85,I 85 and Memorial Drive Opas,,Angle Crash,2,Clear,Dry,Daylight
2020-05-08T07:40:00.000,I 85,I 85 and Memorial Drive Opas,,Sideswipe-Same Direction,2,Clear,Dry,Daylight
2020-02-06T18:30:00.000,I 85,I 85 and Memorial Drive Opas,,Rear End,3,Rain,Wet,Daylight
2020-01-03T09:30:00.000,I 85,I 85 and Memorial Drive Opas,,Rear End,2,Rain,Wet,Daylight
2020-01-02T12:30:00.000,I 85,I 85 and Memorial Drive Opas,,Sideswipe-Same Direction,3,Rain,Wet,Daylight
2021-05-11T07:35:00.000,I 85,I 85 and Memorial Drive Opas,,Rear End,3,Cloudy,Dry,Daylight
2021-08-26T11:54:00.000,I 85,I 85 and Memorial Drive Capitol Ave Ove,,Rear End,3,Clear,Dry,Daylight
2021-02-24T14:55:00.000,I 85,I 85 and Memorial Drive Capitol Ave,,Rear End,2,Clear,Dry,Daylight
2021-09-13T16:19:00.000,I 85,I 85 and Memorial Dr Opas,,Rear End,2,Clear,Dry,Daylight
2020-11-25T12:31:00.000,I 85,I 85 and Memorial Dr Opas,,Rear End,2,Clear,Dry,Daylight
2020-07-02T17:20:00.000,I 85,I 85 and Memorial Dr Opas,,Sideswipe-Same Direction,2,Clear,Wet,Daylight
2021-07-22T12:10:00.000,I 85,I 85 and Memorial Dr Opas,,Rear End,2,Clear,Dry,Daylight
2021-06-07T08:43:00.000,I 85,I 85 and Memorial Dr,,Rear End,3,Rain,Wet,Daylight
2021-05-26T17:18:00.000,I 85,I 85 and Memorial Dr,,Sideswipe-Same Direction,2,Clear,Dry,Daylight
2021-05-24T15:18:00.000,I 85,I 85 and Memorial Dr,,Rear End,2,Clear,Dry,Daylight
2021-01-08T17:47:00.000,I 85,I 85 and Memorial Dr,,Rear End,2,Cloudy,Wet,Dusk
2021-06-30T11:23:00.000,I 85,I 85 and Memorial Dr,,Rear End,3,Cloudy,Dry,Daylight
2021-06-07T08:45:00.000,I 85,I 85 and Memorial Dr,,Rear End,2,Rain,Wet,Daylight
2021-07-19T12:00:00.000,I 85,I 85 and Memorial Dr,,Rear End,3,Rain,Wet,Daylight
2021-01-08T17:44:00.000,I 85,I 85 and Memorial Dr,,Rear End,2,Clear,Wet,Dusk
2021-02-16T15:00:00.000,I 85,I 85 and Memorial Dr,,Rear End,3,Clear,Dry,Daylight
2021-07-07T11:57:00.000,I 85,I 85 and Memorial Dr,,Rear End,2,Cloudy,Dry,Daylight
2020-08-21T09:39:00.000,I 85,I 85 and Memorial Dr,,Rear End,2,Rain,Wet,Daylight
2020-08-21T08:38:00.000,I 85,I 85 and Memorial Dr,,Rear End,4,Rain,Wet,Daylight
2020-11-16T16:39:00.000,I 85,I 85 and Memorial Dr,,Rear End,3,Clear,Dry,Daylight
2020-12-08T12:44:00.000,I 85,I 85 and Memorial Dr,,Rear End,2,Clear,Dry,Daylight
2020-11-10T06:55:00.000,I 85,I 85 and Memorial Dr,,Rear End,2,Clear,Dry,Daylight
2020-01-06T15:30:00.000,I 85,I 85 and Memorial Dr,,Sideswipe-Same Direction,2,Clear,Dry,Daylight
2020-02-27T10:45:00.000,I 85,I 85 and Memorial Dr,,Sideswipe-Same Direction,2,Clear,Dry,Daylight
2020-09-17T16:30:00.000,I 85,I 85 and Memorial Dr,,Rear End,2,Rain,Wet,Daylight
2020-11-11T17:38:00.000,I 85,I 85 and Memorial Dr,,Rear End,2,Clear,Wet,Dusk
2020-12-29T18:40:00.000,I 85,I 85 and Memorial Dr,,Sideswipe-Same Direction,2,Clear,Dry,Dark-Lighted
2020-08-28T17:19:00.000,I 85,I 85 and Memorial Dr,,Rear End,3,Clear,Dry,Daylight
2020-11-16T16:39:00.000,I 85,I 85 and Memorial Dr,,Rear End,2,Clear,Dry,Daylight
2020-11-16T16:39:00.000,I 85,I 85 and Memorial Dr,,Rear End,2,Clear,Dry,Daylight
2020-11-16T16:39:00.000,I 85,I 85 and Memorial Dr,,Rear End,2,Clear,Dry,Daylight
2020-09-18T16:10:00.000,I 85,I 85 and Memorial Dr,,Rear End,2,Clear,Dry,Daylight
2020-09-04T07:28:00.000,I 85,I 85 and Memorial Dr,,Sideswipe-Same Direction,3,Clear,Dry,Daylight
2021-04-01T09:00:00.000,I 85,I 85 and Memorial Dr,,Sideswipe-Same Direction,2,Clear,Dry,Daylight
2021-06-07T08:43:00.000,I 85,I 85 and Memorial Dr,,Rear End,2,Rain,Wet,Daylight
2021-05-13T14:17:00.000,I 85,I 85 and Memorial Dr,,Sideswipe-Same Direction,3,Clear,Dry,Daylight
2021-01-28T11:49:00.000,I 85,I 85 and Memorial Dr,,Sideswipe-Same Direction,2,Clear,Dry,Daylight
2021-07-16T15:51:00.000,I 85,I 85 and Memorial Dr,,Rear End,2,Clear,Dry,Daylight
2021-09-20T12:10:00.000,I 85,I 85 and Memorial Dr,,Not a Collision with Motor Vehicle,1,Rain,Wet,Daylight
2021-07-22T13:38:00.000,I 85,I 85 and Memorial Dr,,Rear End,2,Clear,Dry,Daylight
2021-08-11T07:22:00.000,I 85,I 85 and Memorial Dr,,Sideswipe-Same Direction,2,Clear,Dry,Daylight
2021-07-16T15:49:00.000,I 85,I 85 and Memorial Dr,,Rear End,2,Clear,Dry,Daylight
2021-06-29T10:08:00.000,I 85,I 85 and Memorial Bridge Opas,,Rear End,2,Cloudy,Dry,Daylight
2020-03-13T17:49:00.000,I 85,I 85 and Memorial Ave,,Rear End,2,Cloudy,Dry,Daylight
2024-12-06T15:08:00.000,I 85,I 85 and Mcginniss Ferry Rd,,Rear End,2,Clear,Dry,Daylight