Date and Time,Roadway (From Crash Report),Intersection Name (from Crash Report),KABCO Severity,Manner of Collision (Crash Level) ,# of Vehicles per crash ,Weather Conditions (Crash Level),Surface Condition (Crash Level) ,Light Conditions (Crash Level)
2021-12-22T14:55:00.000,I 85,I 85 and Mcginnis Fry,,Rear End,3,Cloudy,Dry,Daylight
2022-06-15T15:40:00.000,I 85,I 85 and Mcginnis Fry,,Rear End,2,Clear,Dry,Daylight
2021-09-21T08:45:00.000,I 85,I 85 and Mcginnis Ferry Road Opas,,Sideswipe-Same Direction,2,Rain,Wet,Daylight
2021-04-03T11:12:00.000,I 85,I 85 and Mcginnis Ferry Road Opas,,Sideswipe-Same Direction,2,Clear,Dry,Daylight
2020-04-18T11:40:00.000,I 85,I 85 and Mcginnis Ferry Road Opas,,Rear End,2,Clear,Dry,Daylight
2021-01-21T07:30:00.000,I 85,I 85 and Mcginnis Ferry Road Opas,,Rear End,2,Cloudy,Wet,Daylight
2022-01-26T14:52:00.000,I 85,I 85 and Mcginnis Ferry Road Opas,,Rear End,2,Clear,Dry,Daylight
2022-03-09T17:13:00.000,I 85,I 85 and Mcginnis Ferry Road Opas,,Rear End,3,Cloudy,Dry,Daylight
2022-01-26T16:34:00.000,I 85,I 85 and Mcginnis Ferry Road Opas,,Rear End,4,Clear,Dry,Daylight
2024-02-24T17:56:00.000,I 85,I 85 and Mcginnis Ferry Rd.,,Sideswipe-Same Direction,3,Clear,Dry,Dark-Lighted
2020-01-08T17:15:00.000,I 85,I 85 and Mcginnis Ferry Rd Opas,,Rear End,3,Clear,Dry,Daylight
2021-06-28T12:56:00.000,I 85,I 85 and Mcginnis Ferry Rd Opas,,Sideswipe-Same Direction,2,Cloudy,Dry,Daylight
2021-07-28T16:25:00.000,I 85,I 85 and Mcginnis Ferry Rd Opas,,Rear End,3,Clear,Dry,Daylight
2022-04-28T07:55:00.000,I 85,I 85 and Mcginnis Ferry Rd Opas,,Rear End,2,Clear,Dry,Daylight
2022-04-22T18:45:00.000,I 85,I 85 and Mcginnis Ferry Rd Opas,,Rear End,2,Clear,Dry,Daylight
2024-08-02T06:50:00.000,I 85,I 85 and Mcginnis Ferry Rd Opas,,Rear End,1,Clear,Dry,Daylight
2021-01-26T17:28:00.000,I 85,I 85 and Mcginnis Ferry Rd,,Rear End,2,Clear,Dry,Daylight
2021-09-02T14:13:00.000,I 85,I 85 and Mcginnis Ferry Rd,,Sideswipe-Same Direction,2,Clear,Dry,Daylight
2021-10-29T09:27:00.000,I 85,I 85 and Mcginnis Ferry Rd,,Sideswipe-Same Direction,2,Cloudy,Wet,Daylight
2021-10-20T04:00:00.000,I 85,I 85 and Mcginnis Ferry Rd,,Not a Collision with Motor Vehicle,1,Cloudy,Dry,Dark-Not Lighted
2021-07-13T01:30:00.000,I 85,I 85 and Mcginnis Ferry Rd,,Sideswipe-Same Direction,2,Clear,Dry,Dark-Lighted
2023-10-17T16:50:00.000,I 85,I 85 and Mcginnis Ferry Rd,,Rear End,2,Clear,Dry,Daylight
2023-08-05T12:50:00.000,I 85,I 85 and Mcginnis Ferry Rd,,Rear End,2,Clear,Dry,Daylight
2023-03-29T17:20:00.000,I 85,I 85 and Mcginnis Ferry Rd,,Rear End,4,Clear,Dry,Daylight
2023-09-20T18:09:00.000,I 85,I 85 and Mcginnis Ferry Rd,,Sideswipe-Same Direction,2,Clear,Dry,Daylight
2023-07-19T17:55:00.000,I 85,I 85 and Mcginnis Ferry Rd,,Rear End,2,Clear,Dry,Daylight
2023-06-18T15:11:00.000,I 85,I 85 and Mcginnis Ferry Rd,,Angle Crash,2,Cloudy,Dry,Daylight
2023-08-06T13:07:00.000,I 85,I 85 and Mcginnis Ferry Rd,,Angle Crash,3,Cloudy,Wet,Daylight
2023-04-14T14:00:00.000,I 85,I 85 and Mcginnis Ferry Rd,,Rear End,3,Clear,Dry,Daylight
2023-04-23T15:22:00.000,I 85,I 85 and Mcginnis Ferry Rd,,Rear End,2,Cloudy,Dry,Daylight
2023-08-18T19:49:00.000,I 85,I 85 and Mcginnis Ferry Rd,,Rear End,2,Clear,Dry,Daylight
2023-06-06T13:30:00.000,I 85,I 85 and Mcginnis Ferry Rd,,Angle Crash,2,Cloudy,Wet,Daylight
2023-03-11T20:18:00.000,I 85,I 85 and Mcginnis Ferry Rd,,Sideswipe-Same Direction,2,Clear,Dry,Dark-Lighted
2023-08-19T16:10:00.000,I 85,I 85 and Mcginnis Ferry Rd,,Rear End,2,Clear,Dry,Daylight
2022-05-29T04:10:00.000,I 85,I 85 and Mcginnis Ferry Rd,,Sideswipe-Same Direction,2,Clear,Dry,Dark-Lighted
2020-01-19T00:16:00.000,I 85,I 85 and Mcginnis Ferry Rd,,Rear End,2,Cloudy,Wet,Dark-Lighted
2020-08-03T04:43:00.000,I 85,I 85 and Mcginnis Ferry Rd,,Not a Collision with Motor Vehicle,1,Clear,Dry,Dark-Not Lighted
2020-08-05T17:22:00.000,I 85,I 85 and Mcginnis Ferry Rd,,Angle Crash,2,Clear,Dry,Daylight
2020-11-07T13:29:00.000,I 85,I 85 and Mcginnis Ferry Rd,,Sideswipe-Same Direction,2,Cloudy,Dry,Daylight
2020-08-07T15:35:00.000,I 85,I 85 and Mcginnis Ferry Rd,,Rear End,2,Cloudy,Dry,Daylight
2020-02-28T15:00:00.000,I 85,I 85 and Mcginnis Ferry Rd,,Rear End,2,Clear,Dry,Daylight
2020-02-20T17:50:00.000,I 85,I 85 and Mcginnis Ferry Rd,,Rear End,2,Rain,Wet,Daylight
2020-09-17T04:32:00.000,I 85,I 85 and Mcginnis Ferry Rd,,Angle Crash,2,Rain,Wet,Dark-Not Lighted
2020-06-19T10:48:00.000,I 85,I 85 and Mcginnis Ferry Rd,,Sideswipe-Same Direction,2,Cloudy,Dry,Daylight
2020-07-11T16:21:00.000,I 85,I 85 and Mcginnis Ferry Rd,,Rear End,2,Clear,Dry,Daylight
2020-06-12T16:01:00.000,I 85,I 85 and Mcginnis Ferry Rd,,Rear End,2,Cloudy,Dry,Daylight
2021-12-07T15:00:00.000,I 85,I 85 and Mcginnis Ferry Rd,,Sideswipe-Same Direction,2,Cloudy,Dry,Daylight
2021-11-24T12:09:00.000,I 85,I 85 and Mcginnis Ferry Rd,,Rear End,2,Clear,Dry,Daylight
2021-12-11T14:43:00.000,I 85,I 85 and Mcginnis Ferry Rd,,Rear End,3,Rain,Wet,Daylight
2022-04-16T07:29:00.000,I 85,I 85 and Mcginnis Ferry Rd,,Not a Collision with Motor Vehicle,1,Rain,Water (standing or moving),Daylight
2021-10-27T16:45:00.000,I 85,I 85 and Mcginnis Ferry Rd,,Rear End,2,Cloudy,Dry,Daylight
2022-10-12T19:41:00.000,I 85,I 85 and Mcginnis Ferry Rd,,Rear End,3,Rain,Wet,Dark-Not Lighted
2022-12-07T06:55:00.000,I 85,I 85 and Mcginnis Ferry Rd,,Not a Collision with Motor Vehicle,1,Clear,Wet,Dark-Not Lighted
2022-11-15T18:39:00.000,I 85,I 85 and Mcginnis Ferry Rd,,Sideswipe-Same Direction,2,Cloudy,Wet,Dark-Lighted
2021-10-27T12:50:00.000,I 85,I 85 and Mcginnis Ferry Rd,,Sideswipe-Same Direction,2,Cloudy,Dry,Daylight
2022-05-21T23:04:00.000,I 85,I 85 and Mcginnis Ferry Rd,,Rear End,2,Cloudy,Dry,Dark-Not Lighted
2022-10-12T18:56:00.000,I 85,I 85 and Mcginnis Ferry Rd,,Rear End,2,Rain,Wet,Daylight
2022-06-29T11:11:00.000,I 85,I 85 and Mcginnis Ferry Rd,,Sideswipe-Same Direction,2,Cloudy,Dry,Dark-Not Lighted
2022-10-26T16:38:00.000,I 85,I 85 and Mcginnis Ferry Rd,,Rear End,2,Clear,Dry,Daylight
2022-11-15T17:30:00.000,I 85,I 85 and Mcginnis Ferry Rd,,Rear End,2,Cloudy,Wet,Dark-Not Lighted
2022-06-20T16:45:00.000,I 85,I 85 and Mcginnis Ferry Rd,,Rear End,2,Clear,Dry,Daylight
2022-03-03T16:46:00.000,I 85,I 85 and Mcginnis Ferry Rd,,Rear End,2,Clear,Dry,Daylight
2022-10-05T15:55:00.000,I 85,I 85 and Mcginnis Ferry Rd,,Rear End,2,Clear,Dry,Daylight
2023-05-24T17:42:00.000,I 85,I 85 and Mcginnis Ferry Rd,,Rear End,2,Clear,Dry,Daylight
2023-05-24T15:03:00.000,I 85,I 85 and Mcginnis Ferry Rd,,Rear End,3,Cloudy,Dry,Daylight
2023-03-06T10:44:00.000,I 85,I 85 and Mcginnis Ferry Rd,,Sideswipe-Same Direction,2,Cloudy,Dry,Daylight
2024-11-01T17:50:00.000,I 85,I 85 and Mcginnis Ferry Rd,,Sideswipe-Same Direction,3,Cloudy,Dry,Daylight
2024-03-24T14:27:00.000,I 85,I 85 and Mcginnis Ferry Rd,,Rear End,2,Clear,Dry,Daylight
2024-09-16T02:40:00.000,I 85,I 85 and Mcginnis Ferry Rd,,Angle Crash,2,Clear,Dry,Dark-Lighted
2024-09-27T13:20:00.000,I 85,I 85 and Mcginnis Ferry Rd,,Not a Collision with Motor Vehicle,1,Cloudy,Dry,Daylight
2024-12-25T17:03:00.000,I 85,I 85 and Mcginnis Ferry Rd,,Not a Collision with Motor Vehicle,1,Clear,Dry,Daylight
2024-08-13T08:55:00.000,I 85,I 85 and Mcginnis Ferry Rd,,Rear End,2,Clear,Dry,Daylight
2024-12-06T16:50:00.000,I 85,I 85 and Mcginnis Ferry Rd,,Rear End,2,Clear,Dry,Daylight
2024-09-04T16:00:00.000,I 85,I 85 and Mcginnis Ferry Rd,,Sideswipe-Same Direction,2,Clear,Dry,Daylight
2024-09-10T17:00:00.000,I 85,I 85 and Mcginnis Ferry Rd,,Sideswipe-Same Direction,2,Clear,Dry,Daylight
2023-05-31T19:04:00.000,I 85,I 85 and Mcginnis Ferry Rd,,Sideswipe-Same Direction,2,Clear,Dry,Daylight
2024-09-16T08:19:00.000,I 85,I 85 and Mcginnis Ferry Rd,,Rear End,2,Clear,Dry,Daylight
2024-11-23T14:40:00.000,I 85,I 85 and Mcginnis Ferry Rd,,Rear End,4,Clear,Dry,Daylight
2024-08-13T08:55:00.000,I 85,I 85 and Mcginnis Ferry Rd,,Rear End,2,Clear,Dry,Daylight
2023-08-28T14:19:00.000,I 85,I 85 and Mcginnis Ferry Rd,,Sideswipe-Same Direction,2,Cloudy,Dry,Daylight
2023-08-10T17:33:00.000,I 85,I 85 and Mcginnis Ferry Rd,,Rear End,2,Clear,Dry,Daylight
2023-02-26T02:04:00.000,I 85,I 85 and Mcginnis Ferry Rd,,Not a Collision with Motor Vehicle,1,Clear,Dry,Dark-Lighted
2023-05-11T14:59:00.000,I 85,I 85 and Mcginnis Ferry Rd,,Rear End,2,Cloudy,Dry,Daylight
2023-08-31T06:22:00.000,I 85,I 85 and Mcginnis Ferry Rd,,Rear End,3,Clear,Wet,Dark-Lighted
2023-10-02T14:21:00.000,I 85,I 85 and Mcginnis Ferry Rd,,Not a Collision with Motor Vehicle,2,Clear,Dry,Daylight
2023-04-09T13:57:00.000,I 85,I 85 and Mcginnis Ferry Rd,,Rear End,2,Clear,Dry,Daylight
2023-05-21T17:03:00.000,I 85,I 85 and Mcginnis Ferry Rd,,Rear End,3,Clear,Dry,Daylight
2023-11-24T11:29:00.000,I 85,I 85 and Mcginnis Ferry Rd,,Sideswipe-Same Direction,2,Clear,Dry,Daylight
2023-01-20T15:35:00.000,I 85,I 85 and Mcginnis Ferry Rd,,Rear End,2,Clear,Dry,Daylight
2023-06-17T14:19:00.000,I 85,I 85 and Mcginnis Ferry Rd,,Rear End,3,Clear,Dry,Daylight
2023-04-23T15:22:00.000,I 85,I 85 and Mcginnis Ferry Rd,,Rear End,2,Cloudy,Dry,Daylight
2023-07-26T14:30:00.000,I 85,I 85 and Mcginnis Ferry Rd,,Rear End,2,Cloudy,Dry,Daylight
2023-08-02T08:31:00.000,I 85,I 85 and Mcginnis Ferry Rd,,Rear End,2,Cloudy,Dry,Daylight
2023-05-05T19:56:00.000,I 85,I 85 and Mcginnis Ferry Rd,,Angle Crash,2,Rain,Wet,Dusk
2024-04-29T10:42:00.000,I 85,I 85 and Mcginnis Ferry Rd,,Rear End,2,Clear,Dry,Daylight
2024-01-03T16:14:00.000,I 85,I 85 and Mcginnis Ferry Rd,,Rear End,2,Cloudy,Dry,Daylight
2024-10-04T12:15:00.000,I 85,I 85 and Mcginnis Ferry Rd,,Not a Collision with Motor Vehicle,1,Cloudy,Dry,Daylight
2024-02-01T14:17:00.000,I 85,I 85 and Mcginnis Ferry Rd,,Sideswipe-Same Direction,2,Clear,Dry,Daylight
2024-05-23T08:04:00.000,I 85,I 85 and Mcginnis Ferry Rd,,Rear End,2,Cloudy,Dry,Daylight
2024-05-23T08:05:00.000,I 85,I 85 and Mcginnis Ferry Rd,,Rear End,3,Cloudy,Dry,Daylight
2024-04-28T15:38:00.000,I 85,I 85 and Mcginnis Ferry Rd,,Rear End,5,Clear,Dry,Daylight
2024-11-04T07:50:00.000,I 85,I 85 and Mcginnis Ferry Rd,,Sideswipe-Same Direction,2,Cloudy,Dry,Daylight
2024-12-15T19:22:00.000,I 85,I 85 and Mcginnis Ferry Rd,,Sideswipe-Same Direction,2,Rain,Wet,Dark-Not Lighted
2024-07-11T21:22:00.000,I 85,I 85 and Mcginnis Ferry Rd,,Sideswipe-Same Direction,2,Clear,Dry,Dark-Not Lighted
2024-05-17T15:17:00.000,I 85,I 85 and Mcginnis Ferry Rd,,Sideswipe-Same Direction,2,Cloudy,Dry,Daylight
2024-11-27T18:00:00.000,I 85,I 85 and Mcginnis Ferry Rd,,Sideswipe-Same Direction,2,Clear,Dry,Dark-Not Lighted
2024-12-15T16:06:00.000,I 85,I 85 and Mcginnis Ferry Rd,,Rear End,2,Rain,Wet,Daylight
2024-06-07T15:40:00.000,I 85,I 85 and Mcginnis Ferry Rd,,Rear End,2,Clear,Dry,Daylight
2024-11-19T19:40:00.000,I 85,I 85 and Mcginnis Ferry Rd,,Sideswipe-Same Direction,2,Rain,Wet,Dark-Not Lighted
2024-03-13T18:55:00.000,I 85,I 85 and Mcginnis Ferry Rd,,Rear End,2,Clear,Dry,Dark-Lighted
2024-11-21T15:04:00.000,I 85,I 85 and Mcginnis Ferry Rd,,Not a Collision with Motor Vehicle,1,Clear,Dry,Daylight
2024-02-09T12:15:00.000,I 85,I 85 and Mcginnis Ferry Rd,,Angle Crash,2,Cloudy,Dry,Daylight
2024-08-23T06:56:00.000,I 85,I 85 and Mcginnis Ferry Rd,,Sideswipe-Same Direction,2,Clear,Dry,Daylight
2024-03-15T15:00:00.000,I 85,I 85 and Mcginnis Ferry Rd,,Sideswipe-Same Direction,2,Cloudy,Wet,Daylight
2024-06-15T15:14:00.000,I 85,I 85 and Mcginnis Ferry Rd,,Rear End,3,Clear,Dry,Daylight
2024-10-15T08:30:00.000,I 85,I 85 and Mcginnis Ferry Rd,,Head On,1,Cloudy,Dry,Daylight
2024-03-08T09:18:00.000,I 85,I 85 and Mcginnis Ferry Rd,,Sideswipe-Same Direction,2,Cloudy,Dry,Daylight
2024-03-13T12:28:00.000,I 85,I 85 and Mcginnis Ferry Rd,,Sideswipe-Same Direction,2,Cloudy,Dry,Daylight
2024-11-07T18:30:00.000,I 85,I 85 and Mcginnis Ferry Rd,,Rear End,2,Clear,Dry,Dark-Not Lighted
2024-04-19T18:25:00.000,I 85,I 85 and Mcginnis Ferry Rd,,Rear End,2,Clear,Dry,Daylight
2022-02-24T10:00:00.000,I 85,I 85 and Mcginnis Ferry Opas,,Not a Collision with Motor Vehicle,1,Cloudy,Dry,Daylight
2024-11-26T09:22:00.000,I 85,I 85 and Mcginnis Ferry,,Sideswipe-Same Direction,2,Cloudy,Wet,Daylight
2022-09-07T07:05:00.000,I 85,I 85 and Mcginnes Ferry Rd,,Angle Crash,2,Clear,Dry,Daylight
2021-08-11T17:26:00.000,I 85,I 85 and Mccollum-Sharpsburg Rd,,Not a Collision with Motor Vehicle,1,Rain,Wet,Daylight
2023-01-23T18:00:00.000,I 85,I 85 and Mccollum Rd,,Angle Crash,2,Clear,Dry,Dark-Not Lighted
2022-10-24T08:09:00.000,I 85,I 85 and Mccall Dr,,Angle Crash,2,Clear,Dry,Daylight
2022-03-30T00:37:00.000,I 85,I 85 and Maysville Road Exit 147,,Not a Collision with Motor Vehicle,1,Cloudy,Dry,Dark-Not Lighted
2022-12-30T03:19:00.000,I 85,I 85 and Maysville Road Exit 147,,Sideswipe-Same Direction,2,Cloudy,Dry,Dark-Not Lighted
2020-11-02T16:34:00.000,I 85,I 85 and Maysville Rdf,,Rear End,2,Clear,Dry,Daylight
2022-03-04T11:46:00.000,I 85,I 85 and Maysville Rd.,,Rear End,3,Clear,Dry,Daylight
2020-07-26T18:29:00.000,I 85,I 85 and Maysville Rd Highway 98,,Not a Collision with Motor Vehicle,1,Clear,Dry,Daylight
2021-03-25T23:04:00.000,I 85,I 85 and Maysville Rd,,Not a Collision with Motor Vehicle,1,Rain,Wet,Dark-Not Lighted
2021-11-07T04:00:00.000,I 85,I 85 and Maysville Rd,,Rear End,1,Clear,Dry,Dark-Not Lighted
2021-05-19T22:40:00.000,I 85,I 85 and Maysville Rd,,Not a Collision with Motor Vehicle,1,Cloudy,Dry,Dark-Not Lighted
2021-07-25T19:47:00.000,I 85,I 85 and Maysville Rd,,Rear End,2,Clear,Dry,Dusk
2021-12-21T14:49:00.000,I 85,I 85 and Maysville Rd,,Rear End,2,Cloudy,Wet,Daylight
2021-09-17T16:21:00.000,I 85,I 85 and Maysville Rd,,Rear End,2,Cloudy,Dry,Daylight
2021-10-21T17:33:00.000,I 85,I 85 and Maysville Rd,,Head On,1,Cloudy,Wet,Daylight
2023-11-10T19:20:00.000,I 85,I 85 and Maysville Rd,,Not a Collision with Motor Vehicle,1,Clear,Dry,Dark-Not Lighted
2023-12-08T17:52:00.000,I 85,I 85 and Maysville Rd,,Rear End,2,Clear,Dry,Dark-Not Lighted
2023-09-21T20:00:00.000,I 85,I 85 and Maysville Rd,,Angle Crash,2,Clear,Dry,Dark-Lighted
2023-01-16T06:05:00.000,I 85,I 85 and Maysville Rd,,Sideswipe-Same Direction,2,Cloudy,Dry,Dark-Not Lighted
2023-09-15T23:55:00.000,I 85,I 85 and Maysville Rd,,Sideswipe-Same Direction,2,Clear,Dry,Daylight
2020-10-12T04:10:00.000,I 85,I 85 and Maysville Rd,,Rear End,2,Clear,Dry,Dark-Not Lighted
2020-09-28T15:45:00.000,I 85,I 85 and Maysville Rd,,Rear End,2,Cloudy,Dry,Daylight
2020-08-15T18:05:00.000,I 85,I 85 and Maysville Rd,,Not a Collision with Motor Vehicle,1,Clear,Wet,Daylight
2020-10-19T23:09:00.000,I 85,I 85 and Maysville Rd,,Sideswipe-Same Direction,2,Clear,Dry,Dark-Lighted
2020-01-14T02:09:00.000,I 85,I 85 and Maysville Rd,,Angle Crash,2,Rain,Wet,Dark-Not Lighted
2021-06-23T01:57:00.000,I 85,I 85 and Maysville Rd,,Sideswipe-Same Direction,2,Clear,Dry,Dark-Not Lighted
2021-04-23T19:19:00.000,I 85,I 85 and Maysville Rd,,Rear End,2,Clear,Dry,Daylight
2021-05-19T22:40:00.000,I 85,I 85 and Maysville Rd,,Not a Collision with Motor Vehicle,1,Cloudy,Dry,Dark-Not Lighted
2021-10-06T17:34:00.000,I 85,I 85 and Maysville Rd,,Sideswipe-Same Direction,2,Rain,Wet,Daylight
2021-08-27T18:28:00.000,I 85,I 85 and Maysville Rd,,Rear End,2,Rain,Wet,Daylight
2021-10-30T23:41:00.000,I 85,I 85 and Maysville Rd,,Rear End,2,Cloudy,Wet,Dark-Lighted
2022-07-05T12:05:00.000,I 85,I 85 and Maysville Rd,,Sideswipe-Same Direction,2,Clear,Dry,Daylight
2022-05-26T16:30:00.000,I 85,I 85 and Maysville Rd,,Not a Collision with Motor Vehicle,1,Rain,Wet,Daylight
2022-02-01T12:28:00.000,I 85,I 85 and Maysville Rd,,Rear End,2,Clear,Dry,Daylight
2022-03-18T12:15:00.000,I 85,I 85 and Maysville Rd,,Sideswipe-Same Direction,2,Rain,Wet,Daylight
2022-11-08T11:00:00.000,I 85,I 85 and Maysville Rd,,Sideswipe-Same Direction,2,Clear,Dry,Daylight
2022-03-15T15:50:00.000,I 85,I 85 and Maysville Rd,,Sideswipe-Same Direction,2,Clear,Wet,Daylight
2022-12-29T08:07:00.000,I 85,I 85 and Maysville Rd,,Rear End,2,Clear,Dry,Daylight
2022-08-03T00:54:00.000,I 85,I 85 and Maysville Rd,,Angle Crash,2,Clear,Dry,Dark-Not Lighted
2022-02-05T14:04:00.000,I 85,I 85 and Maysville Rd,,Rear End,2,Clear,Dry,Daylight
2022-03-04T14:10:00.000,I 85,I 85 and Maysville Rd,,Rear End,2,Clear,Dry,Daylight
2022-05-26T06:20:00.000,I 85,I 85 and Maysville Rd,,Not a Collision with Motor Vehicle,1,Rain,Wet,Dawn
2022-05-28T16:30:00.000,I 85,I 85 and Maysville Rd,,Not a Collision with Motor Vehicle,1,Clear,Dry,Daylight
2022-11-27T10:00:00.000,I 85,I 85 and Maysville Rd,,Rear End,2,Clear,Dry,Daylight
2024-09-06T21:20:00.000,I 85,I 85 and Maysville Rd,,Sideswipe-Same Direction,2,Cloudy,Dry,Dark-Not Lighted
2023-04-28T16:05:00.000,I 85,I 85 and Maysville Rd,,Rear End,2,Clear,Dry,Daylight
2023-12-05T23:35:00.000,I 85,I 85 and Maysville Rd,,Sideswipe-Same Direction,2,Clear,Dry,Dark-Not Lighted
2023-02-13T03:40:00.000,I 85,I 85 and Maysville Rd,,Head On,1,Clear,Dry,Dark-Lighted
2024-07-25T03:58:00.000,I 85,I 85 and Maysville Rd,,Sideswipe-Same Direction,2,Cloudy,Wet,Dark-Not Lighted
2024-05-02T00:00:00.000,I 85,I 85 and Maysville Rd,,Sideswipe-Same Direction,2,Clear,Dry,Dark-Not Lighted
2024-09-20T00:00:00.000,I 85,I 85 and Maysville Rd,,Rear End,2,Clear,Dry,Daylight
2024-10-04T15:36:00.000,I 85,I 85 and Maysville,,Rear End,2,Clear,Dry,Daylight
2024-09-28T22:30:00.000,I 85,I 85 and Maysville,,Sideswipe-Same Direction,3,Clear,Dry,Dark-Not Lighted
2021-01-19T07:06:00.000,I 85,I 85 and Matysville Rd,,Rear End,2,Clear,Dry,Dark-Not Lighted
2021-02-26T18:48:00.000,I 85,I 85 and Matra Opas,,Sideswipe-Same Direction,2,Clear,Dry,Daylight
2021-08-13T08:49:00.000,I 85,I 85 and Matra Opas,,Rear End,3,Clear,Dry,Daylight
2020-10-15T21:53:00.000,I 85,I 85 and Martins Bridge Rd,,Sideswipe-Same Direction,2,Cloudy,Dry,Dark-Not Lighted
2021-06-15T13:40:00.000,I 85,I 85 and Martinluther King Jr Drive Ove,,Rear End,3,Clear,Dry,Daylight
2021-09-02T09:30:00.000,I 85,I 85 and Marting Luther King Jr Dr,,Sideswipe-Same Direction,2,Clear,Dry,Daylight
2020-01-03T13:39:00.000,I 85,I 85 and Martin Luther King Opas,,Rear End,2,Rain,Wet,Daylight
2021-06-08T19:52:00.000,I 85,I 85 and Martin Luther King Junior Driv,,Rear End,3,Clear,Dry,Dark-Lighted
2021-07-19T09:54:00.000,I 85,I 85 and Martin Luther King Junior Driv,,Rear End,4,Cloudy,Wet,Daylight
2021-03-19T09:16:00.000,I 85,I 85 and Martin Luther King Junior Driv,,Rear End,3,Clear,Dry,Daylight
2021-05-24T11:00:00.000,I 85,I 85 and Martin Luther King Junior Driv,,Rear End,2,Clear,Dry,Daylight
2021-01-16T16:53:00.000,I 85,I 85 and Martin Luther King Junior Driv,,Rear End,2,Cloudy,Dry,Daylight
2021-07-01T11:14:00.000,I 85,I 85 and Martin Luther King Junior Driv,,Rear End,2,Clear,Dry,Daylight
2021-02-12T19:28:00.000,I 85,I 85 and Martin Luther King Junior Driv,,Rear End,3,Cloudy,Dry,Dark-Lighted
2021-06-21T17:17:00.000,I 85,I 85 and Martin Luther King Junior Driv,,Not a Collision with Motor Vehicle,1,Cloudy,Dry,Daylight
2021-05-24T10:49:00.000,I 85,I 85 and Martin Luther King Junior Driv,,Rear End,2,Clear,Dry,Daylight
2020-12-04T15:15:00.000,I 85,I 85 and Martin Luther King Junior Driv,,Sideswipe-Same Direction,2,Rain,Wet,Daylight
2020-10-26T19:30:00.000,I 85,I 85 and Martin Luther King Junior Driv,,Rear End,5,Cloudy,Dry,Dark-Lighted
2020-09-18T12:32:00.000,I 85,I 85 and Martin Luther King Junior Driv,,Rear End,3,Cloudy,Dry,Daylight
2020-07-08T19:31:00.000,I 85,I 85 and Martin Luther King Junior Driv,,Rear End,2,Cloudy,Dry,Daylight
2020-04-17T17:35:00.000,I 85,I 85 and Martin Luther King Junior Driv,,Rear End,2,Clear,Dry,Daylight
2020-11-12T19:28:00.000,I 85,I 85 and Martin Luther King Junior Driv,,Rear End,3,Clear,Dry,Dark-Lighted
2020-12-04T14:50:00.000,I 85,I 85 and Martin Luther King Junior Driv,,Sideswipe-Same Direction,2,Rain,Wet,Daylight
2020-09-17T13:15:00.000,I 85,I 85 and Martin Luther King Junior Driv,,Rear End,2,Rain,Wet,Daylight
2020-10-22T15:34:00.000,I 85,I 85 and Martin Luther King Junior Driv,,Rear End,2,Clear,Dry,Daylight
2020-08-10T17:12:00.000,I 85,I 85 and Martin Luther King Junior Driv,,Sideswipe-Same Direction,4,Cloudy,Wet,Daylight
2021-07-16T10:08:00.000,I 85,I 85 and Martin Luther King Junior Driv,,Sideswipe-Same Direction,2,Cloudy,Dry,Daylight
2021-07-02T13:09:00.000,I 85,I 85 and Martin Luther King Junior Driv,,Rear End,3,Cloudy,Dry,Daylight
2021-06-14T15:45:00.000,I 85,I 85 and Martin Luther King Jr Overpas,,Rear End,2,Clear,Dry,Daylight
2020-06-23T11:12:00.000,I 85,I 85 and Martin Luther King Jr Overpas,,Sideswipe-Same Direction,3,Cloudy,Dry,Daylight
2020-01-10T17:10:00.000,I 85,I 85 and Martin Luther King Jr Overpas,,Rear End,2,Cloudy,Dry,Daylight
2021-08-05T09:40:00.000,I 85,I 85 and Martin Luther King Jr Opas,,Sideswipe-Same Direction,2,Clear,Dry,Daylight
2020-08-24T18:44:00.000,I 85,I 85 and Martin Luther King Jr Exit,,Rear End,3,Rain,Wet,Daylight
2021-08-11T14:46:00.000,I 85,I 85 and Martin Luther King Jr Drive Ov,,Rear End,2,Cloudy,Dry,Daylight
2020-05-18T19:30:00.000,I 85,I 85 and Martin Luther King Jr Drive Ov,,Rear End,2,Cloudy,Dry,Daylight
2020-04-28T15:42:00.000,I 85,I 85 and Martin Luther King Jr Drive Ov,,Sideswipe-Same Direction,2,Clear,Dry,Daylight
2020-07-29T11:00:00.000,I 85,I 85 and Martin Luther King Jr Drive Ov,,Sideswipe-Same Direction,3,Cloudy,Wet,Daylight
2020-05-14T18:28:00.000,I 85,I 85 and Martin Luther King Jr Drive Ov,,Sideswipe-Same Direction,2,Clear,Dry,Daylight
2021-06-15T13:40:00.000,I 85,I 85 and Martin Luther King Jr Drive Ov,,Rear End,3,Clear,Dry,Daylight
2020-01-31T14:30:00.000,I 85,I 85 and Martin Luther King Jr Drive O,,Rear End,2,Cloudy,Wet,Daylight
2020-01-10T18:54:00.000,I 85,I 85 and Martin Luther King Jr Drive O,,Rear End,2,Clear,Dry,Dark-Lighted
2021-07-30T15:20:00.000,I 85,I 85 and Martin Luther King Jr Dr Se Ov,,Sideswipe-Same Direction,2,Clear,Dry,Daylight
2021-05-21T18:16:00.000,I 85,I 85 and Martin Luther King Jr Dr Overp,,Rear End,2,Clear,Dry,Daylight
2021-09-16T16:04:00.000,I 85,I 85 and Martin Luther King Jr Dr Overp,,Rear End,3,Cloudy,Wet,Daylight