Date and Time,Roadway (From Crash Report),Intersection Name (from Crash Report),KABCO Severity,Manner of Collision (Crash Level) ,# of Vehicles per crash ,Weather Conditions (Crash Level),Surface Condition (Crash Level) ,Light Conditions (Crash Level)
2021-04-01T13:00:00.000,I 85,I 85 and Martin Luther King Jr Dr,,Rear End,2,Clear,Dry,Daylight
2021-04-28T12:36:00.000,I 85,I 85 and Martin Luther King Jr Dr,,Rear End,2,Clear,Dry,Daylight
2021-01-27T17:40:00.000,I 85,I 85 and Martin Luther King Jr Dr,,Rear End,2,Rain,Wet,Daylight
2021-05-14T12:20:00.000,I 85,I 85 and Martin Luther King Jr Dr,,Sideswipe-Same Direction,2,Clear,Dry,Daylight
2021-06-15T11:59:00.000,I 85,I 85 and Martin Luther King Jr Dr,,Rear End,2,Clear,Dry,Daylight
2021-07-29T13:51:00.000,I 85,I 85 and Martin Luther King Jr Dr,,Sideswipe-Same Direction,2,Clear,Dry,Daylight
2021-09-07T16:30:00.000,I 85,I 85 and Martin Luther King Jr Dr,,Rear End,2,Clear,Dry,Daylight
2021-04-14T17:43:00.000,I 85,I 85 and Martin Luther King Jr Dr,,Rear End,2,Rain,Wet,Daylight
2021-05-27T13:15:00.000,I 85,I 85 and Martin Luther King Jr Dr,,Rear End,2,Clear,Dry,Daylight
2021-03-16T08:20:00.000,I 85,I 85 and Martin Luther King Jr Dr,,Rear End,2,Rain,Wet,Daylight
2021-03-12T12:08:00.000,I 85,I 85 and Martin Luther King Jr Dr,,Rear End,4,Clear,Dry,Daylight
2021-05-21T14:16:00.000,I 85,I 85 and Martin Luther King Jr Dr,,Sideswipe-Same Direction,2,Clear,Dry,Daylight
2021-03-18T10:55:00.000,I 85,I 85 and Martin Luther King Jr Dr,,Rear End,2,Rain,Wet,Daylight
2021-06-24T10:46:00.000,I 85,I 85 and Martin Luther King Jr Dr,,Sideswipe-Same Direction,2,Cloudy,Dry,Daylight
2021-02-18T18:22:00.000,I 85,I 85 and Martin Luther King Jr Dr,,Rear End,2,Rain,Wet,Daylight
2021-05-20T16:39:00.000,I 85,I 85 and Martin Luther King Jr Dr,,Sideswipe-Same Direction,2,Clear,Dry,Daylight
2021-04-19T19:15:00.000,I 85,I 85 and Martin Luther King Jr Dr,,Rear End,2,Clear,Dry,Daylight
2021-06-15T11:30:00.000,I 85,I 85 and Martin Luther King Jr Dr,,Rear End,2,Clear,Dry,Daylight
2021-04-13T15:53:00.000,I 85,I 85 and Martin Luther King Jr Dr,,Rear End,2,Clear,Dry,Daylight
2021-06-15T19:25:00.000,I 85,I 85 and Martin Luther King Jr Dr,,Rear End,2,Clear,Dry,Daylight
2021-04-09T16:00:00.000,I 85,I 85 and Martin Luther King Jr Dr,,Sideswipe-Same Direction,2,Cloudy,Dry,Daylight
2021-03-18T14:05:00.000,I 85,I 85 and Martin Luther King Jr Dr,,Rear End,2,Clear,Dry,Daylight
2021-07-05T18:50:00.000,I 85,I 85 and Martin Luther King Jr Dr,,Rear End,2,Clear,Dry,Daylight
2021-07-20T10:26:00.000,I 85,I 85 and Martin Luther King Jr Dr,,Rear End,2,Cloudy,Wet,Daylight
2021-08-30T07:35:00.000,I 85,I 85 and Martin Luther King Jr Dr,,Rear End,2,Cloudy,Dry,Daylight
2021-07-02T14:06:00.000,I 85,I 85 and Martin Luther King Jr Dr,,Rear End,3,Cloudy,Dry,Daylight
2021-09-27T14:30:00.000,I 85,I 85 and Martin Luther King Jr Dr,,Rear End,2,Clear,Dry,Daylight
2021-07-05T15:59:00.000,I 85,I 85 and Martin Luther King Jr Dr,,Rear End,2,Clear,Dry,Daylight
2021-07-20T11:10:00.000,I 85,I 85 and Martin Luther King Jr Dr,,Rear End,2,Rain,Wet,Daylight
2021-01-27T19:45:00.000,I 85,I 85 and Martin Luther King Jr Dr,,Sideswipe-Same Direction,3,Cloudy,Wet,Dark-Lighted
2021-02-19T17:29:00.000,I 85,I 85 and Martin Luther King Jr Dr,,Sideswipe-Same Direction,3,Clear,Dry,Daylight
2021-02-10T17:00:00.000,I 85,I 85 and Martin Luther King Jr Dr,,Sideswipe-Same Direction,2,Clear,Dry,Daylight
2021-07-20T10:26:00.000,I 85,I 85 and Martin Luther King Jr Dr,,Rear End,2,Cloudy,Wet,Daylight
2021-07-20T11:07:00.000,I 85,I 85 and Martin Luther King Jr Dr,,Sideswipe-Same Direction,2,Cloudy,Wet,Daylight
2021-08-15T15:17:00.000,I 85,I 85 and Martin Luther King Jr Dr,,Rear End,2,Cloudy,Dry,Daylight
2021-09-23T11:12:00.000,I 85,I 85 and Martin Luther King Jr Dr,,Sideswipe-Same Direction,2,Clear,Dry,Daylight
2021-07-16T14:47:00.000,I 85,I 85 and Martin Luther King Jr Dr,,Sideswipe-Same Direction,2,Clear,Dry,Daylight
2021-06-04T18:48:00.000,I 85,I 85 and Martin Luther King Jr Dr,,Sideswipe-Same Direction,2,Clear,Dry,Daylight
2021-06-08T09:39:00.000,I 85,I 85 and Martin Luther King Jr Dr,,Rear End,2,Clear,Dry,Daylight
2021-03-31T14:29:00.000,I 85,I 85 and Martin Luther King Jr Dr,,Sideswipe-Same Direction,2,Rain,Wet,Daylight
2021-06-22T11:30:00.000,I 85,I 85 and Martin Luther King Jr Dr,,Rear End,2,Cloudy,Dry,Daylight
2021-04-16T08:50:00.000,I 85,I 85 and Martin Luther King Jr Dr,,Rear End,4,Clear,Dry,Daylight
2021-03-24T17:55:00.000,I 85,I 85 and Martin Luther King Jr Dr,,Rear End,2,Clear,Dry,Daylight
2021-05-13T17:58:00.000,I 85,I 85 and Martin Luther King Jr Dr,,Rear End,3,Clear,Dry,Daylight
2021-05-06T15:30:00.000,I 85,I 85 and Martin Luther King Jr Dr,,Sideswipe-Same Direction,2,Clear,Dry,Daylight
2020-12-01T15:15:00.000,I 85,I 85 and Martin Luther King Jr Dr,,Sideswipe-Same Direction,2,Clear,Dry,Daylight
2020-03-19T15:20:00.000,I 85,I 85 and Martin Luther King Jr Dr,,Sideswipe-Same Direction,2,Clear,Dry,Daylight
2020-02-18T18:25:00.000,I 85,I 85 and Martin Luther King Jr Dr,,Rear End,2,Rain,Wet,Daylight
2020-10-15T09:50:00.000,I 85,I 85 and Martin Luther King Jr Dr,,Sideswipe-Same Direction,2,Clear,Dry,Daylight
2020-07-09T16:45:00.000,I 85,I 85 and Martin Luther King Jr Dr,,Rear End,3,Clear,Dry,Daylight
2020-11-03T14:58:00.000,I 85,I 85 and Martin Luther King Jr Dr,,Rear End,2,Clear,Dry,Daylight
2020-03-05T15:40:00.000,I 85,I 85 and Martin Luther King Jr Dr,,Rear End,2,Rain,Wet,Daylight
2020-01-18T23:00:00.000,I 85,I 85 and Martin Luther King Jr Dr,,Rear End,2,Cloudy,Wet,Dark-Lighted
2020-12-18T11:15:00.000,I 85,I 85 and Martin Luther King Jr Dr,,Sideswipe-Same Direction,2,Clear,Dry,Daylight
2020-02-18T14:00:00.000,I 85,I 85 and Martin Luther King Jr Dr,,Rear End,2,Rain,Wet,Daylight
2020-09-29T17:25:00.000,I 85,I 85 and Martin Luther King Jr Dr,,Rear End,2,Cloudy,Wet,Daylight
2020-06-15T19:50:00.000,I 85,I 85 and Martin Luther King Jr Dr,,Sideswipe-Opposite Direction,2,Clear,Dry,Daylight
2020-12-28T17:24:00.000,I 85,I 85 and Martin Luther King Jr Dr,,Rear End,2,Clear,Dry,Daylight
2020-12-03T09:04:00.000,I 85,I 85 and Martin Luther King Jr Dr,,Rear End,3,Clear,Dry,Daylight
2020-02-14T13:15:00.000,I 85,I 85 and Martin Luther King Jr Dr,,Sideswipe-Same Direction,2,Clear,Dry,Daylight
2020-01-24T15:52:00.000,I 85,I 85 and Martin Luther King Jr Dr,,Sideswipe-Same Direction,2,Clear,Wet,Daylight
2020-01-27T18:52:00.000,I 85,I 85 and Martin Luther King Jr Dr,,Sideswipe-Same Direction,2,Clear,Dry,Daylight
2020-10-09T14:52:00.000,I 85,I 85 and Martin Luther King Jr Dr,,Sideswipe-Same Direction,2,Cloudy,Wet,Daylight
2020-03-19T14:55:00.000,I 85,I 85 and Martin Luther King Jr Dr,,Rear End,3,Clear,Dry,Daylight
2020-12-23T18:23:00.000,I 85,I 85 and Martin Luther King Jr Dr,,Sideswipe-Same Direction,2,Clear,Dry,Dark-Lighted
2020-08-13T15:22:00.000,I 85,I 85 and Martin Luther King Jr Dr,,Sideswipe-Same Direction,2,Clear,Dry,Daylight
2020-12-11T18:00:00.000,I 85,I 85 and Martin Luther King Jr Dr,,Sideswipe-Same Direction,2,Clear,Dry,Dark-Lighted
2020-09-25T16:30:00.000,I 85,I 85 and Martin Luther King Jr Dr,,Rear End,3,Cloudy,Dry,Daylight
2020-09-10T10:09:00.000,I 85,I 85 and Martin Luther King Jr Dr,,Sideswipe-Same Direction,2,Cloudy,Dry,Daylight
2020-10-19T15:34:00.000,I 85,I 85 and Martin Luther King Jr Dr,,Angle Crash,2,Clear,Dry,Daylight
2020-12-23T18:42:00.000,I 85,I 85 and Martin Luther King Jr Dr,,Rear End,3,Clear,Dry,Dark-Lighted
2020-12-28T11:14:00.000,I 85,I 85 and Martin Luther King Jr Dr,,Sideswipe-Same Direction,2,Cloudy,Dry,Daylight
2020-03-03T09:27:00.000,I 85,I 85 and Martin Luther King Jr Dr,,Rear End,2,Rain,Wet,Daylight
2020-02-13T06:00:00.000,I 85,I 85 and Martin Luther King Jr Dr,,Rear End,3,Rain,Wet,Dark-Lighted
2020-12-18T03:57:00.000,I 85,I 85 and Martin Luther King Jr Dr,,Rear End,2,Clear,Dry,Daylight
2020-08-10T17:00:00.000,I 85,I 85 and Martin Luther King Jr Dr,,Not a Collision with Motor Vehicle,1,Clear,Dry,Daylight
2020-11-13T15:40:00.000,I 85,I 85 and Martin Luther King Jr Dr,,Sideswipe-Same Direction,2,Clear,Dry,Daylight
2020-11-06T18:41:00.000,I 85,I 85 and Martin Luther King Jr Dr,,Rear End,2,Clear,Dry,Dark-Lighted
2020-11-12T06:12:00.000,I 85,I 85 and Martin Luther King Jr Dr,,Sideswipe-Same Direction,2,Clear,Wet,Dawn
2020-02-26T18:00:00.000,I 85,I 85 and Martin Luther King Jr Dr,,Sideswipe-Same Direction,2,Cloudy,Dry,Daylight
2020-03-03T10:56:00.000,I 85,I 85 and Martin Luther King Jr Dr,,Rear End,2,Cloudy,Wet,Daylight
2020-08-24T19:25:00.000,I 85,I 85 and Martin Luther King Jr Dr,,Sideswipe-Same Direction,3,Rain,Wet,Daylight
2020-02-14T13:20:00.000,I 85,I 85 and Martin Luther King Jr Dr,,Rear End,2,Clear,Dry,Daylight
2020-08-27T17:56:00.000,I 85,I 85 and Martin Luther King Jr Dr,,Rear End,2,Clear,Dry,Daylight
2020-10-28T13:22:00.000,I 85,I 85 and Martin Luther King Jr Dr,,Not a Collision with Motor Vehicle,1,Clear,Dry,Daylight
2020-08-21T18:29:00.000,I 85,I 85 and Martin Luther King Jr Dr,,Rear End,2,Rain,Wet,Daylight
2020-08-06T16:55:00.000,I 85,I 85 and Martin Luther King Jr Dr,,Rear End,2,Clear,Dry,Daylight
2020-02-18T14:00:00.000,I 85,I 85 and Martin Luther King Jr Dr,,Sideswipe-Same Direction,2,Rain,Wet,Daylight
2020-01-03T14:27:00.000,I 85,I 85 and Martin Luther King Jr Dr,,Rear End,2,Cloudy,Wet,Daylight
2020-05-11T18:00:00.000,I 85,I 85 and Martin Luther King Jr Dr,,Rear End,2,Clear,Dry,Daylight
2020-03-06T18:00:00.000,I 85,I 85 and Martin Luther King Jr Dr,,Rear End,2,Clear,Dry,Daylight
2020-11-14T10:15:00.000,I 85,I 85 and Martin Luther King Jr Dr,,Rear End,2,Clear,Dry,Daylight
2020-03-03T08:43:00.000,I 85,I 85 and Martin Luther King Jr Dr,,Rear End,2,Rain,Wet,Daylight
2020-04-02T16:25:00.000,I 85,I 85 and Martin Luther King Jr Dr,,Sideswipe-Same Direction,2,Clear,Dry,Daylight
2020-01-01T13:32:00.000,I 85,I 85 and Martin Luther King Jr Dr,,Rear End,2,Clear,Dry,Daylight
2020-09-24T19:00:00.000,I 85,I 85 and Martin Luther King Jr Dr,,Rear End,2,Rain,Wet,Daylight
2020-10-23T13:50:00.000,I 85,I 85 and Martin Luther King Jr Dr,,Rear End,2,Clear,Dry,Daylight
2020-01-14T19:31:00.000,I 85,I 85 and Martin Luther King Jr Dr,,Sideswipe-Same Direction,2,Rain,Wet,Dark-Lighted
2020-12-28T14:48:00.000,I 85,I 85 and Martin Luther King Jr Dr,,Rear End,2,Clear,Dry,Daylight
2020-01-06T10:00:00.000,I 85,I 85 and Martin Luther King Jr Dr,,Rear End,3,Clear,Dry,Daylight
2020-07-10T17:20:00.000,I 85,I 85 and Martin Luther King Jr Dr,,Rear End,3,Clear,Dry,Daylight
2020-12-14T18:15:00.000,I 85,I 85 and Martin Luther King Jr Dr,,Rear End,4,Clear,Dry,Dark-Lighted
2020-09-29T17:16:00.000,I 85,I 85 and Martin Luther King Jr Dr,,Rear End,2,Cloudy,Wet,Daylight
2020-03-05T10:45:00.000,I 85,I 85 and Martin Luther King Jr Dr,,Sideswipe-Same Direction,2,Cloudy,Dry,Daylight
2020-02-11T06:22:00.000,I 85,I 85 and Martin Luther King Jr Dr,,Rear End,3,Rain,Wet,Dark-Lighted
2020-09-28T13:36:00.000,I 85,I 85 and Martin Luther King Jr Dr,,Rear End,3,Clear,Dry,Daylight
2020-09-04T11:00:00.000,I 85,I 85 and Martin Luther King Jr Dr,,Sideswipe-Same Direction,2,Clear,Dry,Daylight
2020-12-01T15:55:00.000,I 85,I 85 and Martin Luther King Jr Dr,,Sideswipe-Same Direction,2,Clear,Dry,Daylight
2020-01-21T10:20:00.000,I 85,I 85 and Martin Luther King Jr Dr,,Rear End,2,Clear,Dry,Daylight
2020-01-19T22:45:00.000,I 85,I 85 and Martin Luther King Jr Dr,,Rear End,2,Cloudy,Wet,Dark-Lighted
2020-07-28T11:20:00.000,I 85,I 85 and Martin Luther King Jr Dr,,Sideswipe-Same Direction,3,Clear,Dry,Daylight
2020-10-28T12:34:00.000,I 85,I 85 and Martin Luther King Jr Dr,,Rear End,2,Clear,Dry,Daylight
2020-06-10T19:51:00.000,I 85,I 85 and Martin Luther King Jr Dr,,Rear End,2,Clear,Wet,Daylight
2020-03-16T13:39:00.000,I 85,I 85 and Martin Luther King Jr Dr,,Rear End,2,Cloudy,Dry,Daylight
2020-01-03T10:15:00.000,I 85,I 85 and Martin Luther King Jr Dr,,Sideswipe-Same Direction,2,Rain,Wet,Daylight
2020-12-08T19:10:00.000,I 85,I 85 and Martin Luther King Jr Dr,,Rear End,2,Clear,Dry,Dark-Lighted
2020-01-02T15:10:00.000,I 85,I 85 and Martin Luther King Jr Dr,,Rear End,2,Rain,Wet,Daylight
2020-07-23T14:03:00.000,I 85,I 85 and Martin Luther King Jr Dr,,Sideswipe-Same Direction,2,Clear,Dry,Daylight
2020-11-17T19:15:00.000,I 85,I 85 and Martin Luther King Jr Dr,,Rear End,2,Clear,Dry,Dark-Lighted
2020-02-18T14:10:00.000,I 85,I 85 and Martin Luther King Jr Dr,,Rear End,2,Rain,Wet,Daylight
2020-12-11T19:23:00.000,I 85,I 85 and Martin Luther King Jr Dr,,Rear End,3,Clear,Dry,Dark-Lighted
2020-10-14T13:26:00.000,I 85,I 85 and Martin Luther King Jr Dr,,Rear End,2,Clear,Dry,Daylight
2020-01-31T10:15:00.000,I 85,I 85 and Martin Luther King Jr Dr,,Sideswipe-Same Direction,2,Cloudy,Wet,Daylight
2020-01-08T17:03:00.000,I 85,I 85 and Martin Luther King Jr Dr,,Rear End,2,Clear,Dry,Daylight
2020-11-06T17:40:00.000,I 85,I 85 and Martin Luther King Jr Dr,,Rear End,2,Clear,Dry,Daylight
2020-05-11T16:05:00.000,I 85,I 85 and Martin Luther King Jr Dr,,Sideswipe-Same Direction,2,Clear,Dry,Daylight
2020-02-14T15:42:00.000,I 85,I 85 and Martin Luther King Jr Dr,,Sideswipe-Same Direction,2,Clear,Dry,Daylight
2020-11-11T15:10:00.000,I 85,I 85 and Martin Luther King Jr Dr,,Rear End,2,Clear,Dry,Daylight
2020-10-12T14:45:00.000,I 85,I 85 and Martin Luther King Jr Dr,,Rear End,2,Clear,Dry,Daylight
2020-01-27T08:20:00.000,I 85,I 85 and Martin Luther King Jr Dr,,Rear End,2,Cloudy,Dry,Daylight
2020-11-20T14:30:00.000,I 85,I 85 and Martin Luther King Jr Dr,,Rear End,2,Clear,Dry,Daylight
2020-06-19T23:27:00.000,I 85,I 85 and Martin Luther King Jr Dr,,Rear End,2,Cloudy,Dry,Dark-Lighted
2020-03-05T06:50:00.000,I 85,I 85 and Martin Luther King Jr Dr,,Sideswipe-Same Direction,2,Rain,Wet,Dark-Lighted
2020-08-20T09:50:00.000,I 85,I 85 and Martin Luther King Jr Dr,,Rear End,3,Clear,Dry,Daylight
2020-08-10T08:12:00.000,I 85,I 85 and Martin Luther King Jr Dr,,Sideswipe-Same Direction,2,Clear,Dry,Daylight
2020-02-07T15:00:00.000,I 85,I 85 and Martin Luther King Jr Dr,,Rear End,2,Clear,Dry,Daylight
2020-10-28T13:23:00.000,I 85,I 85 and Martin Luther King Jr Dr,,Rear End,4,Cloudy,Wet,Daylight
2020-11-30T08:49:00.000,I 85,I 85 and Martin Luther King Jr Dr,,Rear End,2,Cloudy,Wet,Daylight
2020-04-20T19:00:00.000,I 85,I 85 and Martin Luther King Jr Dr,,Sideswipe-Same Direction,3,Clear,Dry,Daylight
2020-11-17T15:00:00.000,I 85,I 85 and Martin Luther King Jr Dr,,Sideswipe-Same Direction,2,Clear,Dry,Daylight
2021-06-17T13:00:00.000,I 85,I 85 and Martin Luther King Jr Dr,,Rear End,2,Clear,Dry,Daylight
2021-04-09T19:06:00.000,I 85,I 85 and Martin Luther King Jr Dr,,Rear End,2,Clear,Dry,Daylight
2021-06-22T09:48:00.000,I 85,I 85 and Martin Luther King Jr Dr,,Rear End,2,Clear,Wet,Daylight
2021-03-25T11:06:00.000,I 85,I 85 and Martin Luther King Jr Dr,,Sideswipe-Same Direction,2,Rain,Wet,Daylight
2021-02-18T19:33:00.000,I 85,I 85 and Martin Luther King Jr Dr,,Sideswipe-Same Direction,3,Rain,Wet,Daylight
2021-02-05T13:00:00.000,I 85,I 85 and Martin Luther King Jr Dr,,Rear End,2,Clear,Dry,Daylight
2021-03-16T18:32:00.000,I 85,I 85 and Martin Luther King Jr Dr,,Rear End,2,Cloudy,Wet,Daylight
2021-03-29T09:50:00.000,I 85,I 85 and Martin Luther King Jr Dr,,Sideswipe-Same Direction,1,Clear,Dry,Daylight
2021-04-13T15:18:00.000,I 85,I 85 and Martin Luther King Jr Dr,,Rear End,2,Clear,Dry,Daylight
2021-04-29T12:25:00.000,I 85,I 85 and Martin Luther King Jr Dr,,Rear End,2,Clear,Dry,Daylight
2021-04-12T14:52:00.000,I 85,I 85 and Martin Luther King Jr Dr,,Sideswipe-Same Direction,2,Clear,Dry,Daylight
2021-03-16T15:55:00.000,I 85,I 85 and Martin Luther King Jr Dr,,Sideswipe-Same Direction,2,Rain,Wet,Daylight
2021-06-07T07:39:00.000,I 85,I 85 and Martin Luther King Jr Dr,,Rear End,3,Rain,Wet,Daylight
2021-03-10T08:18:00.000,I 85,I 85 and Martin Luther King Jr Dr,,Rear End,2,Clear,Dry,Daylight
2021-09-02T16:08:00.000,I 85,I 85 and Martin Luther King Jr Dr,,Sideswipe-Same Direction,2,Clear,Dry,Daylight
2021-07-16T12:05:00.000,I 85,I 85 and Martin Luther King Jr Dr,,Sideswipe-Same Direction,2,Cloudy,Dry,Daylight
2022-10-11T11:20:00.000,I 85,I 85 and Martin Luther King Jr Dr,,Rear End,3,Clear,Dry,Daylight
2021-02-22T08:28:00.000,I 85,I 85 and Martin Luther King Jr Boulevar,,Rear End,2,Cloudy,Wet,Daylight
2021-02-11T16:30:00.000,I 85,I 85 and Martin Luther King Jr Blvd,,Rear End,2,Cloudy,Wet,Daylight
2021-05-20T14:05:00.000,I 85,I 85 and Martin Luther King Jr,,Sideswipe-Same Direction,2,Clear,Dry,Daylight
2021-06-23T19:19:00.000,I 85,I 85 and Martin Luther King Jr,,Rear End,2,Clear,Dry,Daylight
2021-07-13T18:31:00.000,I 85,I 85 and Martin Luther King Jr,,Sideswipe-Same Direction,2,Clear,Dry,Daylight
2021-09-27T13:09:00.000,I 85,I 85 and Martin Luther King Jr,,Sideswipe-Same Direction,2,Clear,Dry,Daylight
2021-09-08T17:19:00.000,I 85,I 85 and Martin Luther King Dr Dr,,Sideswipe-Same Direction,2,Clear,Dry,Daylight
2021-08-10T18:11:00.000,I 85,I 85 and Martin Luther King Dr,,Sideswipe-Same Direction,2,Cloudy,Dry,Daylight
2021-08-07T21:08:00.000,I 85,I 85 and Martin Luther King Dr,,Rear End,2,Cloudy,Dry,Dark-Lighted
2021-08-19T12:36:00.000,I 85,I 85 and Martin Luther King Dr,,Sideswipe-Same Direction,2,Clear,Dry,Daylight
2020-04-22T17:15:00.000,I 85,I 85 and Martin Luther King Dr,,Rear End,2,Clear,Dry,Daylight
2020-01-30T15:00:00.000,I 85,I 85 and Martin Luther King Dr,,Rear End,2,Clear,Dry,Daylight
2020-06-24T09:10:00.000,I 85,I 85 and Martin Luther King Dr,,Rear End,2,Cloudy,Dry,Daylight
2020-01-20T18:23:00.000,I 85,I 85 and Martin Luther King Dr,,Rear End,2,Clear,Dry,Dark-Lighted
2020-06-23T18:12:00.000,I 85,I 85 and Martin Luther King Dr,,Rear End,2,Clear,Dry,Daylight
2020-01-01T12:36:00.000,I 85,I 85 and Martin Luther King Dr,,Rear End,4,Clear,Dry,Daylight
2020-02-24T19:30:00.000,I 85,I 85 and Martin Luther King Dr,,Rear End,2,Rain,Wet,Dark-Lighted
2020-02-24T18:49:00.000,I 85,I 85 and Martin Luther King Dr,,Sideswipe-Same Direction,2,Rain,Wet,Dark-Lighted
2020-03-03T07:10:00.000,I 85,I 85 and Martin Luther King Dr,,Rear End,2,Rain,Wet,Daylight
2020-01-23T14:32:00.000,I 85,I 85 and Martin Luther King Dr,,Sideswipe-Same Direction,2,Cloudy,Wet,Daylight
2021-01-02T20:19:00.000,I 85,I 85 and Martin Luther King Dr,,Rear End,3,Clear,Dry,Daylight
2021-07-27T11:46:00.000,I 85,I 85 and Martin Luther King Dr,,Rear End,2,Clear,Dry,Daylight
2021-08-17T06:16:00.000,I 85,I 85 and Martin Luther King Dr,,Rear End,2,Rain,Wet,Daylight
2021-05-16T17:00:00.000,I 85,I 85 and Martin Luther King Blvd,,Sideswipe-Same Direction,2,Clear,Dry,Daylight
2021-05-12T15:53:00.000,I 85,I 85 and Martin Luther King,,Sideswipe-Same Direction,2,Cloudy,Wet,Daylight
2020-07-03T11:00:00.000,I 85,I 85 and Martin Luther King,,Rear End,2,Clear,Dry,Daylight
2020-01-06T10:00:00.000,I 85,I 85 and Martin Luther King,,Rear End,2,Clear,Dry,Daylight
2020-10-08T15:10:00.000,I 85,I 85 and Martin Luther Jr Dr,,Sideswipe-Same Direction,2,Clear,Dry,Daylight
2020-05-13T15:41:00.000,I 85,I 85 and Martin Luhter King Jr Drive Ov,,Rear End,2,Clear,Dry,Daylight
2020-01-31T08:24:00.000,I 85,I 85 and Martin Luhter King Jr Drive Ov,,Rear End,2,Rain,Wet,Daylight
2020-01-13T05:45:00.000,I 85,I 85 and Martin Luhter King Jr Drive Ov,,Sideswipe-Same Direction,2,Rain,Wet,Dark-Lighted
2021-04-26T17:05:00.000,I 85,I 85 and Martin Luhter King Jr Drive Ov,,Rear End,2,Clear,Dry,Daylight
2021-04-28T13:04:00.000,I 85,I 85 and Martin Luhter King Jr Dr,,Rear End,2,Clear,Dry,Daylight
2020-02-13T14:24:00.000,I 85,I 85 and Martin Luhter King Jr Dr,,Sideswipe-Same Direction,2,Cloudy,Wet,Daylight
2020-10-01T15:46:00.000,I 85,I 85 and Martin Luhter King Jr Dr,,Rear End,2,Clear,Dry,Daylight
2020-08-20T13:49:00.000,I 85,I 85 and Martin Luhter King Jr Dr,,Rear End,2,Clear,Dry,Daylight
2020-04-02T12:37:00.000,I 85,I 85 and Martin Luhter King Jr Dr,,Sideswipe-Same Direction,2,Clear,Dry,Daylight
2020-07-29T11:16:00.000,I 85,I 85 and Martin Luhter King Jr Dr,,Rear End,4,Rain,Wet,Daylight
2020-02-25T14:46:00.000,I 85,I 85 and Martin Luhter King Jr Dr,,Rear End,2,Clear,Dry,Daylight
2020-07-20T17:59:00.000,I 85,I 85 and Martin Luhter King Jr Dr,,Rear End,2,Clear,Dry,Daylight
2020-12-03T12:08:00.000,I 85,I 85 and Martin Luhter King Jr Dr,,Rear End,2,Clear,Dry,Daylight
2020-02-04T14:59:00.000,I 85,I 85 and Martin Luhter King Jr Dr,,Rear End,2,Clear,Dry,Daylight
2020-02-12T15:45:00.000,I 85,I 85 and Martin Luhter King Jr Dr,,Rear End,2,Clear,Dry,Daylight
2021-04-26T16:40:00.000,I 85,I 85 and Martin Luhter King Jr Dr,,Sideswipe-Same Direction,4,Clear,Dry,Daylight
2021-04-26T13:48:00.000,I 85,I 85 and Martin Luhter King Jr Dr,,Rear End,2,Clear,Dry,Daylight
2021-07-13T08:00:00.000,I 85,I 85 and Martin Luhter King Jr Dr,,Rear End,3,Cloudy,Wet,Daylight
2020-10-10T20:54:00.000,I 85,I 85 and Martin L King Jr Dr,,Rear End,2,Rain,Water (standing or moving),Dark-Lighted
2020-07-21T16:35:00.000,I 85,I 85 and Martin Bridge Rd,,Not a Collision with Motor Vehicle,1,Rain,Wet,Daylight
2020-07-16T14:01:00.000,I 85,I 85 and Martin Bridge Rd,,Not a Collision with Motor Vehicle,1,Rain,Wet,Daylight
2021-11-12T12:50:00.000,I 85,I 85 and Martin Bridge Rd,,Sideswipe-Same Direction,2,Clear,Dry,Daylight
2022-09-04T17:20:00.000,I 85,I 85 and Martin Bridge Rd,,Angle Crash,2,Rain,Wet,Daylight
2022-06-29T19:30:00.000,I 85,I 85 and Martin Bridge Rd,,Angle Crash,2,Rain,Wet,Daylight
2022-06-29T18:10:00.000,I 85,I 85 and Martin Bridge Rd,,Not a Collision with Motor Vehicle,1,Clear,Wet,Daylight
2022-06-29T19:10:00.000,I 85,I 85 and Martin Bridge Rd,,Not a Collision with Motor Vehicle,1,Rain,Wet,Daylight
2023-08-31T15:05:00.000,I 85,I 85 and Martin Bridge Rd,,Sideswipe-Same Direction,2,Clear,Dry,Daylight
2024-10-12T16:54:00.000,I 85,I 85 and Martin Bridge Rd,,Rear End,2,Clear,Dry,Daylight
2024-05-11T20:15:00.000,I 85,I 85 and Martin Bridge Rd,,Not a Collision with Motor Vehicle,1,Clear,Dry,Daylight
2023-08-31T16:15:00.000,I 85,I 85 and Martin Bridge,,Rear End,4,Clear,Dry,Daylight