Date and Time,Roadway (From Crash Report),Intersection Name (from Crash Report),KABCO Severity,Manner of Collision (Crash Level) ,# of Vehicles per crash ,Weather Conditions (Crash Level),Surface Condition (Crash Level) ,Light Conditions (Crash Level)
2024-10-23T02:25:00.000,I 85,I 85 and Martin Bridge,,Sideswipe-Same Direction,3,Clear,Dry,Dark-Not Lighted
2024-03-01T14:39:00.000,I 85,I 85 and Martin Bridge,,Angle Crash,2,Rain,Wet,Daylight
2020-12-18T19:15:00.000,I 85,I 85 and Marti Luther King Jr Dr,,Rear End,2,Clear,Dry,Dark-Lighted
2021-01-29T16:58:00.000,I 85,I 85 and Marta Opas,,Rear End,2,Clear,Dry,Daylight
2021-07-12T13:51:00.000,I 85,I 85 and Marta Opas,,Rear End,2,Rain,Wet,Daylight
2021-07-12T15:19:00.000,I 85,I 85 and Marta Opas,,Sideswipe-Same Direction,3,Rain,Wet,Daylight
2021-01-29T19:32:00.000,I 85,I 85 and Marta Opas,,Rear End,4,Clear,Dry,Dark-Not Lighted
2021-05-27T18:08:00.000,I 85,I 85 and Marta Opas,,Rear End,2,Clear,Dry,Daylight
2021-08-19T12:27:00.000,I 85,I 85 and Marta Opas,,Rear End,2,Clear,Dry,Daylight
2021-10-22T19:55:00.000,I 85,I 85 and Marta Opas,,Sideswipe-Same Direction,2,Clear,Dry,Dark-Not Lighted
2022-01-21T08:06:00.000,I 85,I 85 and Marta Opas,,Rear End,3,Cloudy,Dry,Daylight
2022-01-21T08:06:00.000,I 85,I 85 and Marta Opas,,Rear End,2,Cloudy,Dry,Daylight
2022-01-10T16:33:00.000,I 85,I 85 and Marta Opas,,Rear End,2,Clear,Dry,Daylight
2020-05-11T17:16:00.000,I 85,I 85 and Maritn Luther King Jr Dr,,Sideswipe-Same Direction,2,Clear,Dry,Daylight
2022-01-31T00:00:00.000,I 85,I 85 and Manchester Expy,,Not a Collision with Motor Vehicle,1,Clear,Dry,Daylight
2020-05-30T22:00:00.000,I 85,I 85 and Manchester Epwy,,Angle Crash,2,Clear,Dry,Dark-Lighted
2020-03-04T16:15:00.000,I 85,I 85 and Macon Rd,,Rear End,2,Rain,Dry,Daylight
2024-07-05T19:25:00.000,I 85,I 85 and Macon Rd,,Rear End,2,Clear,Dry,Daylight
2024-10-02T18:47:00.000,I 85,I 85 and Macon Rd,,Not a Collision with Motor Vehicle,1,Clear,Dry,Dusk
2023-01-01T02:05:00.000,I 85,I 85 and Macon Highway 42,,Sideswipe-Opposite Direction,2,Clear,Dry,Dark-Lighted
2022-07-21T08:11:00.000,I 85,I 85 and Macon Highway 42,,Rear End,2,Rain,Wet,Daylight
2022-06-22T08:34:00.000,I 85,I 85 and Macon Highway 42,,Angle Crash,2,Clear,Dry,Daylight
2022-04-14T08:55:00.000,I 85,I 85 and Macon Highway 42,,Rear End,2,Cloudy,Wet,Daylight
2023-09-21T07:38:00.000,I 85,I 85 and Macon Highway 42,,Rear End,2,Clear,Dry,Daylight
2024-10-02T13:36:00.000,I 85,I 85 and Macon Highway 42,,Rear End,4,Clear,Dry,Daylight
2024-05-29T08:55:00.000,I 85,I 85 and Macon Highway 42,,Rear End,2,Clear,Dry,Daylight
2021-03-13T13:19:00.000,I 85,I 85 and M M 147,,Sideswipe-Same Direction,2,Clear,Dry,Daylight
2020-09-08T13:15:00.000,I 85,I 85 and M M 147,,Rear End,2,Clear,Dry,Daylight
2020-10-11T12:41:00.000,I 85,I 85 and M M 146,,Rear End,2,Rain,Wet,Daylight
2020-09-11T14:40:00.000,I 85,I 85 and M M 146,,Not a Collision with Motor Vehicle,1,Clear,Dry,Daylight
2021-05-09T19:15:00.000,I 85,I 85 and M L King Dr,,Rear End,2,Cloudy,Dry,Daylight
2022-12-09T15:31:00.000,I 85,I 85 and M 101,,Rear End,2,Rain,Wet,Daylight
2021-02-23T11:45:00.000,I 85,I 85 and Lvs Rd Exit 111,,Not a Collision with Motor Vehicle,1,Clear,Dry,Daylight
2021-12-23T11:15:00.000,I 85,I 85 and Lvs Rd Exit,,Rear End,2,Clear,Dry,Daylight
2021-02-12T17:03:00.000,I 85,I 85 and Lvs Rd,,Rear End,3,Rain,Wet,Daylight
2021-09-27T06:15:00.000,I 85,I 85 and Lvs Rd,,Not a Collision with Motor Vehicle,1,Clear,Dry,Dark-Not Lighted
2020-12-29T07:40:00.000,I 85,I 85 and Lvs Rd,,Rear End,2,Clear,Wet,Daylight
2020-12-10T12:40:00.000,I 85,I 85 and Lvs Rd,,Rear End,2,Clear,Dry,Daylight
2021-05-20T09:10:00.000,I 85,I 85 and Lvs Rd,,Rear End,2,Clear,Dry,Daylight
2021-08-03T15:00:00.000,I 85,I 85 and Lvs Opas,,Rear End,3,Clear,Dry,Daylight
2021-10-01T06:00:00.000,I 85,I 85 and Lvs Exit 111,,Sideswipe-Same Direction,2,Clear,Dry,Dawn
2021-10-05T07:59:00.000,I 85,I 85 and Lvs Exit,,Rear End,2,Rain,Wet,Daylight
2022-01-23T05:05:00.000,I 85,I 85 and Lowerfayetteville Rd,,Rear End,2,Clear,Dry,Dark-Not Lighted
2021-06-14T02:21:00.000,I 85,I 85 and Lower Fayetteville Rd,,Rear End,2,Clear,Dry,Dark-Not Lighted
2021-05-07T17:13:00.000,I 85,I 85 and Lower Fayetteville Rd,,Not a Collision with Motor Vehicle,2,Clear,Dry,Daylight
2023-01-18T13:40:00.000,I 85,I 85 and Lower Fayetteville Rd,,Not a Collision with Motor Vehicle,2,Cloudy,Dry,Daylight
2020-07-25T16:02:00.000,I 85,I 85 and Lower Fayetteville Rd,,Rear End,2,Rain,Wet,Daylight
2020-07-06T10:52:00.000,I 85,I 85 and Lower Fayetteville Rd,,Rear End,2,Clear,Dry,Daylight
2020-07-25T09:50:00.000,I 85,I 85 and Lower Fayetteville Rd,,Angle Crash,2,Clear,Dry,Daylight
2020-10-20T15:20:00.000,I 85,I 85 and Lower Fayetteville Rd,,Angle Crash,2,Clear,Dry,Daylight
2020-07-13T15:41:00.000,I 85,I 85 and Lower Fayetteville Rd,,Sideswipe-Same Direction,2,Clear,Dry,Daylight
2020-10-17T14:54:00.000,I 85,I 85 and Lower Fayetteville Rd,,Rear End,2,Clear,Dry,Daylight
2021-07-19T22:07:00.000,I 85,I 85 and Lower Fayetteville Rd,,Not a Collision with Motor Vehicle,1,Rain,Wet,Dark-Not Lighted
2022-03-30T09:25:00.000,I 85,I 85 and Lower Fayetteville Rd,,Not a Collision with Motor Vehicle,1,Cloudy,Dry,Daylight
2024-10-17T13:25:00.000,I 85,I 85 and Lower Fayetteville Rd,,Not a Collision with Motor Vehicle,2,Clear,Dry,Daylight
2023-04-16T00:54:00.000,I 85,I 85 and Lower Fayetteville,,Not a Collision with Motor Vehicle,1,Clear,Dry,Dark-Lighted
2021-02-02T17:57:00.000,I 85,I 85 and Loop Shallowford,,Rear End,2,Clear,Dry,Daylight
2021-11-13T18:25:00.000,I 85,I 85 and Loop Shallowford,,Sideswipe-Same Direction,2,Clear,Dry,Dark-Not Lighted
2023-10-22T22:57:00.000,I 85,I 85 and Loop Shallowford,,Sideswipe-Same Direction,2,Clear,Dry,Dark-Not Lighted
2023-08-19T07:28:00.000,I 85,I 85 and Loop Shallowford,,Not a Collision with Motor Vehicle,1,Clear,Dry,Daylight
2022-08-13T11:53:00.000,I 85,I 85 and Loop Shallowford,,Rear End,2,Cloudy,Dry,Daylight
2020-01-21T16:00:00.000,I 85,I 85 and Loop Shallowford,,Rear End,2,Clear,Dry,Daylight
2020-05-09T23:50:00.000,I 85,I 85 and Loop Shallowford,,Not a Collision with Motor Vehicle,1,Clear,Dry,Dark-Not Lighted
2020-06-09T14:55:00.000,I 85,I 85 and Loop Shallowford,,Sideswipe-Same Direction,2,Rain,Wet,Daylight
2020-03-06T08:30:00.000,I 85,I 85 and Loop Shallowford,,Rear End,2,Clear,Dry,Daylight
2020-11-14T20:30:00.000,I 85,I 85 and Loop Shallowford,,Sideswipe-Same Direction,2,Clear,Dry,Dark-Lighted
2021-07-04T16:52:00.000,I 85,I 85 and Loop Shallowford,,Not a Collision with Motor Vehicle,1,Clear,Dry,Daylight
2022-11-30T11:30:00.000,I 85,I 85 and Loop Shallowford,,Sideswipe-Same Direction,2,Clear,Dry,Daylight
2022-06-11T20:35:00.000,I 85,I 85 and Loop Shallowford,,Sideswipe-Same Direction,2,Clear,Dry,Dark-Lighted
2022-07-01T19:29:00.000,I 85,I 85 and Loop Shallowford,,Rear End,3,Clear,Dry,Daylight
2022-01-23T19:00:00.000,I 85,I 85 and Loop Shallowford,,Sideswipe-Same Direction,2,Clear,Dry,Dark-Lighted
2022-10-30T14:33:00.000,I 85,I 85 and Loop Shallowford,,Not a Collision with Motor Vehicle,1,Cloudy,Wet,Daylight
2022-04-13T12:06:00.000,I 85,I 85 and Loop Shallowford,,Rear End,2,Cloudy,Dry,Daylight
2023-05-25T13:50:00.000,I 85,I 85 and Loop Shallowford,,Sideswipe-Same Direction,2,Clear,Dry,Daylight
2024-04-15T09:00:00.000,I 85,I 85 and Loop Shallowford,,Sideswipe-Same Direction,2,Clear,Dry,Daylight
2024-05-31T16:34:00.000,I 85,I 85 and Loop Shallowford,,Sideswipe-Same Direction,2,Clear,Dry,Daylight
2024-07-25T12:52:00.000,I 85,I 85 and Loop Shallowford,,Sideswipe-Same Direction,2,Cloudy,Dry,Daylight
2024-07-24T17:06:00.000,I 85,I 85 and Loop Shallowford,,Rear End,2,Clear,Dry,Daylight
2023-09-21T07:34:00.000,I 85,I 85 and Loop Shallowford,,Rear End,4,Cloudy,Dry,Daylight
2024-03-22T17:16:00.000,I 85,I 85 and Loop Shallowford,,Rear End,2,Rain,Wet,Daylight
2024-04-03T11:15:00.000,I 85,I 85 and Loop Shallowford,,Rear End,2,Cloudy,Dry,Daylight
2023-11-12T04:31:00.000,I 85,I 85 and Loop Road Exit Rp,,Not a Collision with Motor Vehicle,1,Cloudy,Wet,Dark-Not Lighted
2022-07-07T08:59:00.000,I 85,I 85 and Loop Rd Exit 74,,Sideswipe-Same Direction,2,Clear,Dry,Daylight
2024-08-14T00:00:00.000,I 85,I 85 and Loop Rd Exit,,Sideswipe-Same Direction,2,Clear,Dry,Daylight
2021-05-23T19:18:00.000,I 85,I 85 and Loop Rd,,Sideswipe-Same Direction,2,Clear,Dry,Daylight
2021-12-08T16:02:00.000,I 85,I 85 and Loop Rd,,Rear End,3,Clear,Dry,Daylight
2023-11-30T11:09:00.000,I 85,I 85 and Loop Rd,,Rear End,2,Clear,Dry,Daylight
2023-10-03T08:40:00.000,I 85,I 85 and Loop Rd,,Sideswipe-Same Direction,2,Clear,Dry,Daylight
2020-06-10T18:36:00.000,I 85,I 85 and Loop Rd,,Not a Collision with Motor Vehicle,1,Clear,Dry,Daylight
2020-02-29T20:38:00.000,I 85,I 85 and Loop Rd,,Sideswipe-Same Direction,2,Clear,Dry,Dark-Lighted
2021-05-04T21:04:00.000,I 85,I 85 and Loop Rd,,Not a Collision with Motor Vehicle,1,Rain,Wet,Dark-Lighted
2021-11-10T05:02:00.000,I 85,I 85 and Loop Rd,,Not a Collision with Motor Vehicle,1,Clear,Dry,Dark-Lighted
2023-04-16T20:55:00.000,I 85,I 85 and Loop Rd,,Sideswipe-Same Direction,2,Clear,Dry,Dusk
2021-11-21T13:24:00.000,I 85,I 85 and Loop Clairmont,,Sideswipe-Same Direction,2,Clear,Dry,Daylight
2021-02-18T12:50:00.000,I 85,I 85 and Loop Clairmont,,Sideswipe-Same Direction,2,Cloudy,Dry,Daylight
2021-01-25T16:01:00.000,I 85,I 85 and Loop Clairmont,,Rear End,2,Cloudy,Dry,Daylight
2021-09-21T13:47:00.000,I 85,I 85 and Loop Clairmont,,Rear End,2,Cloudy,Dry,Daylight
2021-09-04T03:15:00.000,I 85,I 85 and Loop Clairmont,,Sideswipe-Same Direction,2,Clear,Dry,Dark-Lighted
2021-08-12T08:20:00.000,I 85,I 85 and Loop Clairmont,,Rear End,2,Clear,Dry,Daylight
2023-04-12T11:57:00.000,I 85,I 85 and Loop Clairmont,,Sideswipe-Same Direction,2,Cloudy,Dry,Daylight
2023-07-18T18:15:00.000,I 85,I 85 and Loop Clairmont,,Sideswipe-Same Direction,2,Clear,Dry,Daylight
2023-06-09T23:16:00.000,I 85,I 85 and Loop Clairmont,,Angle Crash,2,Clear,Dry,Dark-Lighted
2023-10-02T08:21:00.000,I 85,I 85 and Loop Clairmont,,Rear End,2,Clear,Dry,Daylight
2023-03-07T13:40:00.000,I 85,I 85 and Loop Clairmont,,Rear End,2,Clear,Dry,Daylight
2022-12-09T15:21:00.000,I 85,I 85 and Loop Clairmont,,Rear End,2,Rain,Wet,Daylight
2020-01-21T16:40:00.000,I 85,I 85 and Loop Clairmont,,Rear End,2,Clear,Dry,Daylight
2020-11-27T02:20:00.000,I 85,I 85 and Loop Clairmont,,Not a Collision with Motor Vehicle,1,Clear,Dry,Dark-Lighted
2020-09-18T15:30:00.000,I 85,I 85 and Loop Clairmont,,Rear End,3,Clear,Dry,Daylight
2020-01-20T14:30:00.000,I 85,I 85 and Loop Clairmont,,Rear End,2,Clear,Dry,Daylight
2022-04-30T23:31:00.000,I 85,I 85 and Loop Clairmont,,Sideswipe-Same Direction,2,Clear,Dry,Dark-Lighted
2022-03-20T00:04:00.000,I 85,I 85 and Loop Clairmont,,Sideswipe-Same Direction,2,Clear,Dry,Dark-Not Lighted
2022-06-02T00:00:00.000,I 85,I 85 and Loop Clairmont,,Rear End,2,Clear,Dry,Daylight
2022-01-17T13:44:00.000,I 85,I 85 and Loop Clairmont,,Not a Collision with Motor Vehicle,1,Cloudy,Dry,Daylight
2021-11-19T11:30:00.000,I 85,I 85 and Loop Clairmont,,Sideswipe-Same Direction,2,Clear,Dry,Daylight
2021-09-13T08:04:00.000,I 85,I 85 and Loop Clairmont,,Sideswipe-Same Direction,2,Clear,Dry,Daylight
2022-07-09T03:20:00.000,I 85,I 85 and Loop Clairmont,,Head On,2,Clear,Dry,Dark-Lighted
2022-04-18T13:56:00.000,I 85,I 85 and Loop Clairmont,,Rear End,2,Cloudy,Dry,Daylight
2022-06-01T13:04:00.000,I 85,I 85 and Loop Clairmont,,Rear End,2,Cloudy,Dry,Daylight
2022-03-31T08:35:00.000,I 85,I 85 and Loop Clairmont,,Rear End,3,Cloudy,Dry,Daylight
2022-02-13T16:40:00.000,I 85,I 85 and Loop Clairmont,,Rear End,2,Clear,Dry,Daylight
2022-09-20T15:56:00.000,I 85,I 85 and Loop Clairmont,,Angle Crash,2,Clear,Dry,Daylight
2022-06-01T13:33:00.000,I 85,I 85 and Loop Clairmont,,Angle Crash,2,Clear,Dry,Daylight
2022-05-11T18:18:00.000,I 85,I 85 and Loop Clairmont,,Rear End,2,Clear,Dry,Daylight
2023-04-21T11:20:00.000,I 85,I 85 and Loop Clairmont,,Rear End,2,Clear,Dry,Daylight
2024-03-10T17:17:00.000,I 85,I 85 and Loop Clairmont,,Sideswipe-Same Direction,3,Clear,Dry,Daylight
2024-11-18T18:19:00.000,I 85,I 85 and Loop Clairmont,,Angle Crash,2,Clear,Dry,Dark-Lighted
2024-08-03T12:08:00.000,I 85,I 85 and Loop Clairmont,,Angle Crash,2,Clear,Dry,Daylight
2024-06-03T10:43:00.000,I 85,I 85 and Loop Clairmont,,Sideswipe-Same Direction,2,Clear,Dry,Daylight
2024-08-08T12:48:00.000,I 85,I 85 and Loop Clairmont,,Sideswipe-Same Direction,2,Clear,Dry,Daylight
2024-02-07T06:50:00.000,I 85,I 85 and Loop Clairmont,,Sideswipe-Same Direction,2,Clear,Dry,Dark-Not Lighted
2023-11-29T11:36:00.000,I 85,I 85 and Loop Clairmont,,Sideswipe-Same Direction,2,Clear,Dry,Daylight
2023-03-27T15:50:00.000,I 85,I 85 and Loop Clairmont,,Sideswipe-Same Direction,2,Clear,Dry,Daylight
2023-08-24T18:15:00.000,I 85,I 85 and Loop Clairmont,,Rear End,2,Clear,Dry,Daylight
2023-09-14T15:30:00.000,I 85,I 85 and Loop Clairmont,,Rear End,2,Clear,Dry,Daylight
2023-01-24T17:15:00.000,I 85,I 85 and Loop Clairmont,,Angle Crash,2,Clear,Dry,Daylight
2023-01-08T12:45:00.000,I 85,I 85 and Loop Clairmont,,Sideswipe-Same Direction,2,Cloudy,Dry,Daylight
2024-06-01T13:55:00.000,I 85,I 85 and Loop Clairmont,,Rear End,2,Cloudy,Dry,Daylight
2024-09-24T16:58:00.000,I 85,I 85 and Loop Clairmont,,Sideswipe-Same Direction,2,Clear,Dry,Daylight
2024-08-30T10:23:00.000,I 85,I 85 and Loop Clairmont,,Sideswipe-Same Direction,2,Clear,Dry,Daylight
2024-10-12T23:30:00.000,I 85,I 85 and Loop Clairmont,,Rear End,2,Clear,Dry,Dark-Lighted
2024-12-11T00:00:00.000,I 85,I 85 and Loop Clairmont,,Not a Collision with Motor Vehicle,1,Rain,Wet,Dark-Not Lighted
2024-07-18T06:00:00.000,I 85,I 85 and Loop Clairmont,,Rear End,2,Clear,Dry,Dark-Not Lighted
2024-12-03T07:47:00.000,I 85,I 85 and Loop Clairmont,,Sideswipe-Same Direction,2,Clear,Dry,Daylight
2024-02-27T09:07:00.000,I 85,I 85 and Loop Clairmont,,Sideswipe-Same Direction,2,Cloudy,Dry,Daylight
2024-07-04T20:34:00.000,I 85,I 85 and Loop Clairmont,,Not a Collision with Motor Vehicle,1,Clear,Water (standing or moving),Daylight
2024-04-06T18:47:00.000,I 85,I 85 and Loop Clairmont,,Sideswipe-Same Direction,2,Clear,Dry,Daylight
2024-01-06T06:43:00.000,I 85,I 85 and Loop Clairmont,,Rear End,2,Rain,Wet,Dark-Lighted
2024-06-04T17:14:00.000,I 85,I 85 and Loop Clairmont,,Sideswipe-Same Direction,2,Clear,Dry,Daylight
2020-11-05T23:10:00.000,I 85,I 85 and Loop Century Ctr,,Not a Collision with Motor Vehicle,1,Cloudy,Dry,Dark-Not Lighted
2021-02-23T23:35:00.000,I 85,I 85 and Loop Century Ctr,,Not a Collision with Motor Vehicle,1,Cloudy,Dry,Dark-Not Lighted
2022-06-25T19:38:00.000,I 85,I 85 and Loop Century Ctr,,Rear End,2,Clear,Dry,Daylight
2024-03-31T02:47:00.000,I 85,I 85 and Loop Century Ctr,,Not a Collision with Motor Vehicle,1,Clear,Dry,Dark-Not Lighted
2024-10-15T20:00:00.000,I 85,I 85 and Loop Century Ctr,,Sideswipe-Same Direction,2,Clear,Dry,Dark-Not Lighted
2021-06-09T20:15:00.000,I 85,I 85 and Long Cane Crk,,Not a Collision with Motor Vehicle,1,Rain,Wet,Dark-Not Lighted
2021-08-19T01:49:00.000,I 85,I 85 and Long Cane Crk,,Not a Collision with Motor Vehicle,1,Cloudy,Dry,Dark-Not Lighted
2023-02-01T14:19:00.000,I 85,I 85 and Long Cane Crk,,Not a Collision with Motor Vehicle,1,Clear,Dry,Daylight
2020-07-13T13:19:00.000,I 85,I 85 and Long Cane Crk,,Not a Collision with Motor Vehicle,1,Cloudy,Dry,Daylight
2024-03-27T15:44:00.000,I 85,I 85 and Long Cane Crk,,Sideswipe-Same Direction,2,Clear,Dry,Daylight
2020-11-17T10:00:00.000,I 85,I 85 and Lindburgh Dr,,Sideswipe-Same Direction,2,Clear,Dry,Daylight
2022-01-07T14:00:00.000,I 85,I 85 and Lindburgh Dr,,Sideswipe-Same Direction,2,Clear,Dry,Daylight
2022-07-22T17:39:00.000,I 85,I 85 and Lindburgh Dr,,Rear End,3,Cloudy,Dry,Daylight
2024-01-19T10:55:00.000,I 85,I 85 and Lindburgh Dr,,Sideswipe-Same Direction,2,Clear,Dry,Daylight
2021-12-31T07:00:00.000,I 85,I 85 and Lindburgh,,Rear End,2,Fog,Wet,Dark-Lighted
2024-12-18T13:40:00.000,I 85,I 85 and Lindbergn Dr Exit,,Sideswipe-Same Direction,2,Clear,Dry,Daylight
2021-02-12T13:45:00.000,I 85,I 85 and Lindbergh Dr,,Rear End,2,Rain,Wet,Daylight
2021-04-22T18:05:00.000,I 85,I 85 and Lindbergh Dr,,Rear End,2,Clear,Dry,Daylight
2021-08-25T19:48:00.000,I 85,I 85 and Lindbergh Dr,,Sideswipe-Same Direction,2,Cloudy,Dry,Dark-Lighted
2021-09-17T09:20:00.000,I 85,I 85 and Lindbergh Dr,,Sideswipe-Same Direction,4,Cloudy,Dry,Daylight
2021-09-30T10:10:00.000,I 85,I 85 and Lindbergh Dr,,Sideswipe-Same Direction,2,Clear,Dry,Daylight
2021-12-24T17:15:00.000,I 85,I 85 and Lindbergh Dr,,Rear End,2,Clear,Dry,Daylight
2021-12-31T07:00:00.000,I 85,I 85 and Lindbergh Dr,,Rear End,2,Fog,Wet,Dark-Not Lighted
2021-11-22T15:21:00.000,I 85,I 85 and Lindbergh Dr,,Sideswipe-Same Direction,2,Clear,Dry,Daylight
2021-10-14T16:30:00.000,I 85,I 85 and Lindbergh Dr,,Rear End,3,Clear,Dry,Daylight
2021-11-23T06:46:00.000,I 85,I 85 and Lindbergh Dr,,Sideswipe-Same Direction,3,Clear,Dry,Daylight
2021-12-31T06:50:00.000,I 85,I 85 and Lindbergh Dr,,Head On,2,Fog,Wet,Dark-Lighted
2021-11-18T18:55:00.000,I 85,I 85 and Lindbergh Dr,,Sideswipe-Same Direction,2,Clear,Dry,Dark-Lighted
2021-11-04T13:50:00.000,I 85,I 85 and Lindbergh Dr,,Not a Collision with Motor Vehicle,1,Rain,Wet,Daylight
2020-03-06T14:56:00.000,I 85,I 85 and Lindbergh Dr,,Sideswipe-Same Direction,2,Clear,Dry,Daylight
2023-12-05T08:53:00.000,I 85,I 85 and Lindbergh Dr,,Sideswipe-Same Direction,2,Clear,Dry,Daylight
2023-06-22T06:40:00.000,I 85,I 85 and Lindbergh Dr,,Rear End,2,Rain,Wet,Daylight
2023-01-24T13:45:00.000,I 85,I 85 and Lindbergh Dr,,Rear End,2,Clear,Dry,Daylight
2023-06-05T19:10:00.000,I 85,I 85 and Lindbergh Dr,,Rear End,2,Clear,Dry,Daylight
2020-10-07T18:17:00.000,I 85,I 85 and Lindbergh Dr,,Sideswipe-Same Direction,2,Clear,Dry,Daylight
2020-08-13T13:05:00.000,I 85,I 85 and Lindbergh Dr,,Sideswipe-Same Direction,2,Clear,Dry,Daylight
2023-03-20T13:25:00.000,I 85,I 85 and Lindbergh Dr,,Sideswipe-Same Direction,3,Clear,Dry,Daylight
2020-08-22T16:15:00.000,I 85,I 85 and Lindbergh Dr,,Rear End,4,Clear,Dry,Daylight
2020-11-13T17:45:00.000,I 85,I 85 and Lindbergh Dr,,Sideswipe-Same Direction,2,Clear,Dry,Daylight
2020-02-24T14:51:00.000,I 85,I 85 and Lindbergh Dr,,Rear End,2,Rain,Wet,Daylight
2020-10-13T17:05:00.000,I 85,I 85 and Lindbergh Dr,,Sideswipe-Same Direction,2,Clear,Dry,Daylight
2020-02-28T06:48:00.000,I 85,I 85 and Lindbergh Dr,,Rear End,3,Cloudy,Dry,Dark-Lighted
2020-08-01T11:53:00.000,I 85,I 85 and Lindbergh Dr,,Rear End,2,Clear,Dry,Daylight
2020-10-30T12:00:00.000,I 85,I 85 and Lindbergh Dr,,Rear End,2,Clear,Dry,Daylight
2020-09-24T04:02:00.000,I 85,I 85 and Lindbergh Dr,,Head On,1,Clear,Dry,Dark-Lighted
2020-03-04T17:36:00.000,I 85,I 85 and Lindbergh Dr,,Rear End,2,Rain,Wet,Daylight
2020-02-24T14:21:00.000,I 85,I 85 and Lindbergh Dr,,Rear End,3,Rain,Wet,Daylight
2020-08-22T07:27:00.000,I 85,I 85 and Lindbergh Dr,,Sideswipe-Same Direction,3,Clear,Wet,Daylight
2020-11-06T15:35:00.000,I 85,I 85 and Lindbergh Dr,,Sideswipe-Same Direction,2,Clear,Dry,Daylight
2020-03-10T16:05:00.000,I 85,I 85 and Lindbergh Dr,,Rear End,2,Cloudy,Dry,Daylight
2020-03-09T06:30:00.000,I 85,I 85 and Lindbergh Dr,,Rear End,3,Clear,Dry,Dark-Lighted
2020-01-23T10:00:00.000,I 85,I 85 and Lindbergh Dr,,Sideswipe-Same Direction,2,Rain,Wet,Daylight
2020-08-25T19:29:00.000,I 85,I 85 and Lindbergh Dr,,Angle Crash,2,Cloudy,Wet,Daylight
2020-04-20T15:07:00.000,I 85,I 85 and Lindbergh Dr,,Sideswipe-Same Direction,2,Clear,Dry,Daylight
2020-02-24T14:51:00.000,I 85,I 85 and Lindbergh Dr,,Rear End,3,Rain,Wet,Daylight
2020-03-20T12:39:00.000,I 85,I 85 and Lindbergh Dr,,Rear End,2,Cloudy,Dry,Daylight
2021-02-12T18:45:00.000,I 85,I 85 and Lindbergh Dr,,Rear End,2,Rain,Wet,Dark-Lighted
2021-06-10T19:28:00.000,I 85,I 85 and Lindbergh Dr,,Rear End,2,Cloudy,Dry,Daylight
2021-05-24T07:32:00.000,I 85,I 85 and Lindbergh Dr,,Rear End,2,Clear,Dry,Daylight
2021-12-31T06:50:00.000,I 85,I 85 and Lindbergh Dr,,Not a Collision with Motor Vehicle,1,Fog,Wet,Dark-Lighted
2021-08-23T18:40:00.000,I 85,I 85 and Lindbergh Dr,,Rear End,2,Clear,Dry,Daylight
2021-10-04T16:41:00.000,I 85,I 85 and Lindbergh Dr,,Rear End,2,Cloudy,Dry,Daylight
2021-12-08T10:59:00.000,I 85,I 85 and Lindbergh Dr,,Rear End,2,Cloudy,Wet,Daylight
2022-08-18T13:15:00.000,I 85,I 85 and Lindbergh Dr,,Sideswipe-Same Direction,2,Clear,Dry,Daylight
2021-07-02T16:35:00.000,I 85,I 85 and Lindbergh Dr,,Sideswipe-Same Direction,2,Cloudy,Wet,Daylight
2022-03-10T17:19:00.000,I 85,I 85 and Lindbergh Dr,,Sideswipe-Same Direction,2,Clear,Dry,Daylight
2022-03-22T14:25:00.000,I 85,I 85 and Lindbergh Dr,,Rear End,3,Clear,Dry,Daylight
2022-12-30T16:45:00.000,I 85,I 85 and Lindbergh Dr,,Sideswipe-Same Direction,2,Clear,Dry,Daylight
2022-08-05T14:10:00.000,I 85,I 85 and Lindbergh Dr,,Rear End,2,Clear,Dry,Daylight
2022-08-08T12:10:00.000,I 85,I 85 and Lindbergh Dr,,Rear End,2,Clear,Dry,Daylight
2022-09-06T09:40:00.000,I 85,I 85 and Lindbergh Dr,,Rear End,2,Clear,Dry,Daylight
2022-02-25T09:39:00.000,I 85,I 85 and Lindbergh Dr,,Rear End,2,Clear,Dry,Dark-Not Lighted
2022-12-02T18:55:00.000,I 85,I 85 and Lindbergh Dr,,Rear End,3,Clear,Dry,Dark-Lighted
2022-08-16T16:25:00.000,I 85,I 85 and Lindbergh Dr,,Rear End,2,Clear,Dry,Daylight
2022-02-25T14:16:00.000,I 85,I 85 and Lindbergh Dr,,Sideswipe-Same Direction,2,Clear,Dry,Daylight
2022-08-21T20:40:00.000,I 85,I 85 and Lindbergh Dr,,Not a Collision with Motor Vehicle,1,Cloudy,Wet,Dark-Lighted
2023-02-10T19:25:00.000,I 85,I 85 and Lindbergh Dr,,Sideswipe-Same Direction,2,Clear,Dry,Dark-Lighted
2023-06-13T11:00:00.000,I 85,I 85 and Lindbergh Dr,,Rear End,2,Clear,Dry,Daylight
2024-03-26T17:15:00.000,I 85,I 85 and Lindbergh Dr,,Rear End,2,Rain,Wet,Daylight
2020-02-25T09:07:00.000,I 85,I 85 and Lindbergh,,Rear End,2,Cloudy,Wet,Daylight
2024-10-14T17:25:00.000,I 85,I 85 and Lindbergh,,Sideswipe-Same Direction,2,Clear,Dry,Daylight