Date and Time,Roadway (From Crash Report),Intersection Name (from Crash Report),KABCO Severity,Manner of Collision (Crash Level) ,# of Vehicles per crash ,Weather Conditions (Crash Level),Surface Condition (Crash Level) ,Light Conditions (Crash Level)
2023-02-06T16:00:00.000,I 85,I 85 and Lindberg Dr,,Rear End,2,Clear,Dry,Daylight
2020-08-20T14:40:00.000,I 85,I 85 and Lindberg Dr,,Rear End,2,Clear,Dry,Daylight
2021-11-12T18:44:00.000,I 85,I 85 and Lindberg Dr,,Rear End,2,Clear,Dry,Dark-Not Lighted
2022-12-16T06:00:00.000,I 85,I 85 and Linburgh Dr,,Sideswipe-Same Direction,2,Clear,Dry,Dawn
2023-11-21T00:00:00.000,I 85,I 85 and Linbergh Drive Opas,,Rear End,2,Rain,Wet,Daylight
2020-12-14T15:40:00.000,I 85,I 85 and Linbergh Dr,,Rear End,2,Clear,Dry,Daylight
2020-01-17T15:33:00.000,I 85,I 85 and Linbergh Dr,,Rear End,2,Clear,Dry,Daylight
2023-07-11T15:30:00.000,I 85,I 85 and Linbergh Dr,,Sideswipe-Same Direction,3,Clear,Dry,Daylight
2023-08-17T15:38:00.000,I 85,I 85 and Linbergh Dr,,Rear End,2,Clear,Dry,Daylight
2024-05-16T14:07:00.000,I 85,I 85 and Linbergh Dr,,Rear End,2,Clear,Dry,Daylight
2021-04-13T08:15:00.000,I 85,I 85 and Lilburn-Indian Trail Rd,,Not a Collision with Motor Vehicle,1,Clear,Dry,Daylight
2022-06-26T12:40:00.000,I 85,I 85 and Lilburn Indian Trail Rd,,Angle Crash,2,Cloudy,Dry,Daylight
2024-07-11T18:05:00.000,I 85,I 85 and Lenx Rd,,Rear End,3,Clear,Dry,Daylight
2022-10-25T07:00:00.000,I 85,I 85 and Lenox Rrd,,Rear End,2,Clear,Dry,Dark-Lighted
2024-09-17T08:05:00.000,I 85,I 85 and Lenox Rd Underpass,,Sideswipe-Same Direction,3,Clear,Dry,Daylight
2021-04-26T16:35:00.000,I 85,I 85 and Lenox Rd Exit Rp,,Rear End,2,Clear,Dry,Daylight
2021-04-04T11:50:00.000,I 85,I 85 and Lenox Rd,,Sideswipe-Same Direction,2,Clear,Dry,Daylight
2021-06-03T16:40:00.000,I 85,I 85 and Lenox Rd,,Rear End,2,Clear,Dry,Daylight
2021-08-12T17:17:00.000,I 85,I 85 and Lenox Rd,,Rear End,2,Cloudy,Dry,Daylight
2021-09-02T14:05:00.000,I 85,I 85 and Lenox Rd,,Rear End,2,Clear,Dry,Daylight
2021-09-29T07:50:00.000,I 85,I 85 and Lenox Rd,,Rear End,2,Clear,Dry,Daylight
2021-12-23T16:40:00.000,I 85,I 85 and Lenox Rd,,Sideswipe-Same Direction,2,Clear,Dry,Daylight
2021-01-15T19:00:00.000,I 85,I 85 and Lenox Rd,,Rear End,2,Clear,Dry,Dark-Not Lighted
2021-03-16T15:50:00.000,I 85,I 85 and Lenox Rd,,Sideswipe-Same Direction,3,Clear,Dry,Daylight
2021-02-04T14:21:00.000,I 85,I 85 and Lenox Rd,,Rear End,2,Clear,Dry,Daylight
2021-10-07T16:23:00.000,I 85,I 85 and Lenox Rd,,Rear End,2,Rain,Wet,Daylight
2021-08-20T17:30:00.000,I 85,I 85 and Lenox Rd,,Rear End,2,Clear,Dry,Daylight
2021-08-11T07:55:00.000,I 85,I 85 and Lenox Rd,,Angle Crash,2,Clear,Dry,Daylight
2021-08-20T14:40:00.000,I 85,I 85 and Lenox Rd,,Sideswipe-Same Direction,2,Clear,Dry,Daylight
2021-07-22T13:19:00.000,I 85,I 85 and Lenox Rd,,Rear End,2,Cloudy,Dry,Daylight
2021-08-20T16:17:00.000,I 85,I 85 and Lenox Rd,,Rear End,2,Clear,Dry,Daylight
2021-08-20T15:19:00.000,I 85,I 85 and Lenox Rd,,Rear End,2,Clear,Dry,Daylight
2021-10-14T09:10:00.000,I 85,I 85 and Lenox Rd,,Sideswipe-Same Direction,2,Clear,Dry,Daylight
2021-11-12T17:54:00.000,I 85,I 85 and Lenox Rd,,Sideswipe-Same Direction,2,Clear,Dry,Daylight
2021-06-25T16:14:00.000,I 85,I 85 and Lenox Rd,,Sideswipe-Same Direction,2,Clear,Dry,Daylight
2021-12-14T15:55:00.000,I 85,I 85 and Lenox Rd,,Rear End,2,Clear,Dry,Daylight
2021-07-15T17:04:00.000,I 85,I 85 and Lenox Rd,,Rear End,3,Clear,Dry,Daylight
2021-09-02T18:10:00.000,I 85,I 85 and Lenox Rd,,Rear End,3,Clear,Dry,Daylight
2021-11-12T17:54:00.000,I 85,I 85 and Lenox Rd,,Sideswipe-Same Direction,2,Clear,Dry,Daylight
2020-02-21T19:45:00.000,I 85,I 85 and Lenox Rd,,Rear End,2,Clear,Dry,Dark-Lighted
2020-01-19T13:17:00.000,I 85,I 85 and Lenox Rd,,Rear End,2,Clear,Dry,Daylight
2023-11-14T15:15:00.000,I 85,I 85 and Lenox Rd,,Sideswipe-Same Direction,2,Clear,Dry,Daylight
2023-09-15T17:52:00.000,I 85,I 85 and Lenox Rd,,Rear End,2,Cloudy,Dry,Daylight
2023-10-12T10:40:00.000,I 85,I 85 and Lenox Rd,,Rear End,2,Cloudy,Wet,Daylight
2023-10-16T16:37:00.000,I 85,I 85 and Lenox Rd,,Sideswipe-Same Direction,2,Cloudy,Dry,Daylight
2023-05-18T09:16:00.000,I 85,I 85 and Lenox Rd,,Not a Collision with Motor Vehicle,2,Cloudy,Dry,Daylight
2023-04-06T09:05:00.000,I 85,I 85 and Lenox Rd,,Rear End,2,Cloudy,Dry,Daylight
2023-02-02T07:45:00.000,I 85,I 85 and Lenox Rd,,Rear End,2,Rain,Wet,Daylight
2023-02-13T06:35:00.000,I 85,I 85 and Lenox Rd,,Rear End,2,Cloudy,Dry,Dark-Lighted
2020-03-07T11:52:00.000,I 85,I 85 and Lenox Rd,,Rear End,2,Clear,Dry,Daylight
2020-10-31T17:08:00.000,I 85,I 85 and Lenox Rd,,Sideswipe-Same Direction,1,Clear,Dry,Daylight
2020-06-10T17:25:00.000,I 85,I 85 and Lenox Rd,,Sideswipe-Same Direction,2,Rain,Wet,Daylight
2020-10-22T14:30:00.000,I 85,I 85 and Lenox Rd,,Rear End,3,Clear,Dry,Daylight
2020-09-13T14:29:00.000,I 85,I 85 and Lenox Rd,,Angle Crash,2,Clear,Dry,Daylight
2020-06-14T15:37:00.000,I 85,I 85 and Lenox Rd,,Rear End,2,Clear,Dry,Daylight
2020-09-30T09:04:00.000,I 85,I 85 and Lenox Rd,,Rear End,2,Clear,Dry,Daylight
2020-02-22T20:34:00.000,I 85,I 85 and Lenox Rd,,Not a Collision with Motor Vehicle,1,Clear,Dry,Dark-Lighted
2020-08-20T15:20:00.000,I 85,I 85 and Lenox Rd,,Rear End,3,Rain,Wet,Daylight
2020-12-02T18:18:00.000,I 85,I 85 and Lenox Rd,,Rear End,3,Clear,Dry,Dark-Lighted
2020-07-09T20:30:00.000,I 85,I 85 and Lenox Rd,,Sideswipe-Same Direction,2,Rain,Dry,Dark-Lighted
2020-09-30T09:10:00.000,I 85,I 85 and Lenox Rd,,Rear End,2,Clear,Dry,Daylight
2020-08-21T20:31:00.000,I 85,I 85 and Lenox Rd,,Not a Collision with Motor Vehicle,1,Cloudy,Wet,Dawn
2020-02-26T17:12:00.000,I 85,I 85 and Lenox Rd,,Rear End,2,Cloudy,Dry,Daylight
2020-11-19T17:10:00.000,I 85,I 85 and Lenox Rd,,Not a Collision with Motor Vehicle,1,Clear,Dry,Daylight
2020-09-04T16:55:00.000,I 85,I 85 and Lenox Rd,,Rear End,2,Clear,Dry,Daylight
2020-02-25T07:54:00.000,I 85,I 85 and Lenox Rd,,Rear End,2,Rain,Wet,Daylight
2020-10-07T21:51:00.000,I 85,I 85 and Lenox Rd,,Sideswipe-Same Direction,2,Clear,Dry,Dark-Lighted
2020-02-16T17:14:00.000,I 85,I 85 and Lenox Rd,,Rear End,2,Cloudy,Dry,Daylight
2020-06-27T14:02:00.000,I 85,I 85 and Lenox Rd,,Sideswipe-Same Direction,2,Cloudy,Dry,Daylight
2020-01-16T08:55:00.000,I 85,I 85 and Lenox Rd,,Rear End,2,Cloudy,Dry,Daylight
2020-02-24T19:00:00.000,I 85,I 85 and Lenox Rd,,Rear End,2,Rain,Wet,Dark-Lighted
2020-02-13T08:00:00.000,I 85,I 85 and Lenox Rd,,Sideswipe-Same Direction,2,Rain,Wet,Daylight
2020-02-24T19:30:00.000,I 85,I 85 and Lenox Rd,,Rear End,2,Rain,Wet,Dark-Lighted
2020-02-24T18:55:00.000,I 85,I 85 and Lenox Rd,,Rear End,2,Rain,Wet,Dark-Lighted
2020-03-14T14:35:00.000,I 85,I 85 and Lenox Rd,,Angle Crash,2,Clear,Dry,Daylight
2020-12-10T17:05:00.000,I 85,I 85 and Lenox Rd,,Rear End,3,Clear,Dry,Daylight
2020-08-14T01:33:00.000,I 85,I 85 and Lenox Rd,,Sideswipe-Same Direction,2,Rain,Wet,Dark-Lighted
2020-11-21T15:20:00.000,I 85,I 85 and Lenox Rd,,Sideswipe-Same Direction,1,Clear,Dry,Daylight
2020-08-16T15:49:00.000,I 85,I 85 and Lenox Rd,,Sideswipe-Same Direction,2,Clear,Dry,Daylight
2021-03-18T08:49:00.000,I 85,I 85 and Lenox Rd,,Rear End,2,Rain,Wet,Daylight
2021-04-02T16:35:00.000,I 85,I 85 and Lenox Rd,,Rear End,2,Clear,Dry,Daylight
2021-05-07T15:40:00.000,I 85,I 85 and Lenox Rd,,Sideswipe-Same Direction,2,Clear,Dry,Daylight
2021-04-02T16:43:00.000,I 85,I 85 and Lenox Rd,,Rear End,2,Clear,Dry,Daylight
2021-10-04T08:30:00.000,I 85,I 85 and Lenox Rd,,Rear End,3,Rain,Wet,Daylight
2021-09-27T10:30:00.000,I 85,I 85 and Lenox Rd,,Sideswipe-Same Direction,2,Clear,Dry,Daylight
2021-11-04T06:40:00.000,I 85,I 85 and Lenox Rd,,Sideswipe-Same Direction,2,Rain,Wet,Daylight
2021-07-16T17:45:00.000,I 85,I 85 and Lenox Rd,,Rear End,2,Cloudy,Dry,Daylight
2021-08-16T14:26:00.000,I 85,I 85 and Lenox Rd,,Sideswipe-Same Direction,3,Rain,Wet,Daylight
2021-07-22T13:19:00.000,I 85,I 85 and Lenox Rd,,Rear End,2,Cloudy,Dry,Daylight
2022-05-26T08:10:00.000,I 85,I 85 and Lenox Rd,,Rear End,2,Cloudy,Wet,Daylight
2022-12-12T15:15:00.000,I 85,I 85 and Lenox Rd,,Sideswipe-Same Direction,2,Clear,Dry,Daylight
2022-08-11T15:12:00.000,I 85,I 85 and Lenox Rd,,Rear End,2,Clear,Dry,Daylight
2021-11-18T07:01:00.000,I 85,I 85 and Lenox Rd,,Rear End,4,Clear,Dry,Daylight
2021-12-07T09:20:00.000,I 85,I 85 and Lenox Rd,,Sideswipe-Same Direction,2,Cloudy,Dry,Daylight
2021-09-23T19:00:00.000,I 85,I 85 and Lenox Rd,,Rear End,2,Clear,Dry,Daylight
2021-08-26T10:55:00.000,I 85,I 85 and Lenox Rd,,Not a Collision with Motor Vehicle,2,Clear,Dry,Daylight
2021-11-23T07:00:00.000,I 85,I 85 and Lenox Rd,,Sideswipe-Same Direction,2,Clear,Dry,Daylight
2022-10-11T16:50:00.000,I 85,I 85 and Lenox Rd,,Rear End,2,Clear,Dry,Daylight
2022-06-10T17:10:00.000,I 85,I 85 and Lenox Rd,,Rear End,2,Clear,Dry,Daylight
2022-07-01T13:35:00.000,I 85,I 85 and Lenox Rd,,Rear End,2,Rain,Wet,Daylight
2022-08-11T09:50:00.000,I 85,I 85 and Lenox Rd,,Sideswipe-Same Direction,2,Cloudy,Dry,Daylight
2022-11-15T07:30:00.000,I 85,I 85 and Lenox Rd,,Rear End,2,Rain,Wet,Daylight
2022-10-28T17:25:00.000,I 85,I 85 and Lenox Rd,,Sideswipe-Same Direction,4,Cloudy,Dry,Daylight
2022-02-03T15:50:00.000,I 85,I 85 and Lenox Rd,,Rear End,2,Rain,Wet,Daylight
2022-09-23T08:08:00.000,I 85,I 85 and Lenox Rd,,Rear End,2,Clear,Dry,Daylight
2022-10-24T08:49:00.000,I 85,I 85 and Lenox Rd,,Rear End,2,Clear,Dry,Daylight
2022-05-26T08:15:00.000,I 85,I 85 and Lenox Rd,,Rear End,2,Cloudy,Wet,Daylight
2022-06-21T17:00:00.000,I 85,I 85 and Lenox Rd,,Sideswipe-Same Direction,2,Clear,Dry,Daylight
2022-09-02T17:08:00.000,I 85,I 85 and Lenox Rd,,Sideswipe-Same Direction,2,Clear,Dry,Daylight
2022-05-20T18:37:00.000,I 85,I 85 and Lenox Rd,,Rear End,2,Clear,Dry,Daylight
2022-05-03T09:23:00.000,I 85,I 85 and Lenox Rd,,Rear End,2,Clear,Dry,Daylight
2022-08-08T18:56:00.000,I 85,I 85 and Lenox Rd,,Rear End,2,Clear,Dry,Daylight
2022-06-27T06:45:00.000,I 85,I 85 and Lenox Rd,,Rear End,2,Clear,Dry,Daylight
2022-02-20T00:38:00.000,I 85,I 85 and Lenox Rd,,Sideswipe-Same Direction,2,Cloudy,Dry,Dark-Lighted
2022-10-24T11:10:00.000,I 85,I 85 and Lenox Rd,,Rear End,2,Clear,Dry,Daylight
2022-03-01T17:40:00.000,I 85,I 85 and Lenox Rd,,Rear End,2,Clear,Dry,Daylight
2022-11-04T14:40:00.000,I 85,I 85 and Lenox Rd,,Sideswipe-Same Direction,2,Clear,Dry,Daylight
2022-02-11T14:45:00.000,I 85,I 85 and Lenox Rd,,Rear End,2,Clear,Dry,Daylight
2022-10-13T08:13:00.000,I 85,I 85 and Lenox Rd,,Rear End,2,Rain,Wet,Daylight
2022-11-10T11:00:00.000,I 85,I 85 and Lenox Rd,,Sideswipe-Same Direction,2,Clear,Dry,Daylight
2022-10-11T15:32:00.000,I 85,I 85 and Lenox Rd,,Rear End,2,Clear,Dry,Daylight
2022-01-31T16:23:00.000,I 85,I 85 and Lenox Rd,,Sideswipe-Same Direction,2,Clear,Dry,Daylight
2022-10-24T10:50:00.000,I 85,I 85 and Lenox Rd,,Rear End,2,Clear,Dry,Daylight
2022-07-01T17:50:00.000,I 85,I 85 and Lenox Rd,,Rear End,4,Clear,Dry,Daylight
2022-12-12T14:40:00.000,I 85,I 85 and Lenox Rd,,Rear End,2,Clear,Dry,Daylight
2022-05-20T09:26:00.000,I 85,I 85 and Lenox Rd,,Rear End,2,Clear,Dry,Daylight
2024-04-09T07:13:00.000,I 85,I 85 and Lenox Rd,,Rear End,2,Rain,Wet,Dawn
2024-06-04T09:00:00.000,I 85,I 85 and Lenox Rd,,Rear End,2,Clear,Dry,Daylight
2024-12-16T09:32:00.000,I 85,I 85 and Lenox Rd,,Sideswipe-Same Direction,2,Clear,Dry,Daylight
2024-06-13T17:33:00.000,I 85,I 85 and Lenox Rd,,Sideswipe-Same Direction,2,Clear,Dry,Daylight
2024-10-04T08:00:00.000,I 85,I 85 and Lenox Rd,,Rear End,2,Clear,Dry,Daylight
2023-05-23T07:37:00.000,I 85,I 85 and Lenox Rd,,Rear End,2,Rain,Wet,Daylight
2023-11-02T09:25:00.000,I 85,I 85 and Lenox Rd,,Sideswipe-Same Direction,2,Clear,Dry,Daylight
2023-08-01T14:51:00.000,I 85,I 85 and Lenox Rd,,Rear End,2,Clear,Dry,Daylight
2023-08-01T14:51:00.000,I 85,I 85 and Lenox Rd,,Rear End,2,Clear,Dry,Daylight
2023-08-22T11:00:00.000,I 85,I 85 and Lenox Rd,,Sideswipe-Same Direction,2,Clear,Dry,Daylight
2023-06-16T18:15:00.000,I 85,I 85 and Lenox Rd,,Sideswipe-Same Direction,2,Clear,Dry,Daylight
2023-09-01T14:02:00.000,I 85,I 85 and Lenox Rd,,Rear End,2,Clear,Dry,Daylight
2023-03-21T15:00:00.000,I 85,I 85 and Lenox Rd,,Rear End,2,Clear,Dry,Daylight
2023-03-31T17:58:00.000,I 85,I 85 and Lenox Rd,,Sideswipe-Same Direction,2,Clear,Dry,Daylight
2023-06-12T15:20:00.000,I 85,I 85 and Lenox Rd,,Sideswipe-Same Direction,2,Cloudy,Dry,Daylight
2023-05-12T13:17:00.000,I 85,I 85 and Lenox Rd,,Rear End,2,Cloudy,Wet,Daylight
2024-08-18T20:20:00.000,I 85,I 85 and Lenox Rd,,Rear End,2,Clear,Dry,Dusk
2024-02-16T17:50:00.000,I 85,I 85 and Lenox Rd,,Sideswipe-Same Direction,2,Clear,Dry,Daylight
2024-08-02T14:20:00.000,I 85,I 85 and Lenox Rd,,Sideswipe-Same Direction,2,Clear,Dry,Daylight
2024-03-15T07:45:00.000,I 85,I 85 and Lenox Rd,,Sideswipe-Same Direction,2,Cloudy,Dry,Daylight
2024-08-30T16:58:00.000,I 85,I 85 and Lenox Rd,,Sideswipe-Same Direction,2,Cloudy,Dry,Daylight
2024-12-10T19:05:00.000,I 85,I 85 and Lenox Rd,,Rear End,2,Rain,Wet,Dark-Lighted
2024-04-04T06:40:00.000,I 85,I 85 and Lenox Rd,,Sideswipe-Same Direction,2,Clear,Dry,Dawn
2024-01-23T09:42:00.000,I 85,I 85 and Lenox Rd,,Rear End,1,Rain,Wet,Daylight
2024-03-21T08:30:00.000,I 85,I 85 and Lenox Rd,,Rear End,2,Clear,Dry,Daylight
2024-09-24T09:48:00.000,I 85,I 85 and Lenox Rd,,Rear End,2,Cloudy,Dry,Daylight
2024-05-24T15:13:00.000,I 85,I 85 and Lenox Rd,,Rear End,3,Clear,Dry,Daylight
2024-07-01T08:56:00.000,I 85,I 85 and Lenox Rd,,Sideswipe-Same Direction,2,Clear,Dry,Daylight
2024-07-25T17:30:00.000,I 85,I 85 and Lenox Rd,,Rear End,2,Cloudy,Wet,Daylight
2024-03-22T16:29:00.000,I 85,I 85 and Lenox Rd,,Rear End,2,Rain,Wet,Daylight
2024-10-10T19:02:00.000,I 85,I 85 and Lenox Rd,,Rear End,2,Clear,Dry,Daylight
2024-02-16T21:16:00.000,I 85,I 85 and Lenox Rd,,Not a Collision with Motor Vehicle,1,Clear,Dry,Dark-Lighted
2024-03-22T15:28:00.000,I 85,I 85 and Lenox Rd,,Rear End,3,Rain,Wet,Daylight
2024-10-17T08:43:00.000,I 85,I 85 and Lenox Rd,,Rear End,2,Clear,Dry,Daylight
2024-07-12T17:50:00.000,I 85,I 85 and Lenox Rd,,Rear End,2,Clear,Dry,Daylight
2024-04-01T10:11:00.000,I 85,I 85 and Lenox Rd,,Sideswipe-Same Direction,2,Cloudy,Dry,Daylight
2023-01-12T08:55:00.000,I 85,I 85 and Lennox Rd,,Rear End,2,Cloudy,Dry,Daylight
2021-02-20T12:14:00.000,I 85,I 85 and Lee St At 85S Rp,,Rear End,2,Clear,Dry,Daylight
2020-12-09T23:30:00.000,I 85,I 85 and Lee St 85S Rp,,Not a Collision with Motor Vehicle,1,Clear,Dry,Dark-Lighted
2020-01-18T22:50:00.000,I 85,I 85 and Lee St 85S Rp,,Rear End,2,Rain,Water (standing or moving),Dark-Lighted
2020-05-10T01:11:00.000,I 85,I 85 and Lee St 85S Rp,,Sideswipe-Same Direction,2,Clear,Dry,Dark-Lighted
2021-06-19T22:01:00.000,I 85,I 85 and Lee St 85S Ramp Cp,,Not a Collision with Motor Vehicle,1,Rain,Wet,Dark-Lighted
2023-04-20T03:22:00.000,I 85,I 85 and Lawrrenceville Suwanee Rd,,Not a Collision with Motor Vehicle,1,Clear,Dry,Dark-Lighted
2020-11-06T19:54:00.000,I 85,I 85 and Lawrencville Suwanne Rd,,Rear End,3,Clear,Dry,Dark-Not Lighted
2023-10-20T07:40:00.000,I 85,I 85 and Lawrencville Suwanee Rd,,Rear End,4,Rain,Wet,Daylight
2023-10-24T22:30:00.000,I 85,I 85 and Lawrencville Suwanee Rd,,Sideswipe-Same Direction,2,Clear,Dry,Dark-Not Lighted
2020-02-07T08:20:00.000,I 85,I 85 and Lawrencevillesuwanee Rd,,Rear End,2,Cloudy,Wet,Daylight
2024-10-14T07:02:00.000,I 85,I 85 and Lawrenceville-Swuanee,,Sideswipe-Same Direction,2,Clear,Dry,Daylight
2024-03-27T13:11:00.000,I 85,I 85 and Lawrenceville-Swuanee,,Rear End,3,Clear,Dry,Daylight
2022-06-08T17:00:00.000,I 85,I 85 and Lawrenceville-Suwannee Rd,,Rear End,2,Clear,Dry,Daylight
2024-11-27T10:00:00.000,I 85,I 85 and Lawrenceville-Suwannee Rd,,Sideswipe-Same Direction,2,Cloudy,Dry,Daylight
2020-11-22T15:42:00.000,I 85,I 85 and Lawrenceville-Suwanne Rd,,Sideswipe-Same Direction,1,Cloudy,Dry,Daylight
2022-09-15T14:30:00.000,I 85,I 85 and Lawrenceville-Suwanee Road  317,,Rear End,2,Clear,Dry,Daylight
2022-09-23T19:33:00.000,I 85,I 85 and Lawrenceville-Suwanee Road  317,,Rear End,2,Clear,Dry,Daylight
2023-06-21T17:11:00.000,I 85,I 85 and Lawrenceville-Suwanee Rd.,,Rear End,2,Rain,Wet,Daylight
2023-09-19T18:16:00.000,I 85,I 85 and Lawrenceville-Suwanee Rd Exit,,Rear End,2,Clear,Dry,Daylight
2021-12-22T21:34:00.000,I 85,I 85 and Lawrenceville-Suwanee Rd,,Not a Collision with Motor Vehicle,1,Clear,Dry,Dark-Lighted
2021-11-05T17:36:00.000,I 85,I 85 and Lawrenceville-Suwanee Rd,,Rear End,3,Cloudy,Dry,Daylight
2021-09-16T14:50:00.000,I 85,I 85 and Lawrenceville-Suwanee Rd,,Rear End,2,Cloudy,Wet,Daylight
2021-12-14T11:15:00.000,I 85,I 85 and Lawrenceville-Suwanee Rd,,Rear End,2,Clear,Dry,Daylight
2021-10-28T07:48:00.000,I 85,I 85 and Lawrenceville-Suwanee Rd,,Sideswipe-Same Direction,2,Rain,Wet,Daylight
2021-10-17T13:49:00.000,I 85,I 85 and Lawrenceville-Suwanee Rd,,Rear End,2,Clear,Dry,Daylight
2021-10-21T16:16:00.000,I 85,I 85 and Lawrenceville-Suwanee Rd,,Rear End,2,Cloudy,Wet,Daylight
2021-10-08T15:15:00.000,I 85,I 85 and Lawrenceville-Suwanee Rd,,Sideswipe-Same Direction,2,Clear,Dry,Daylight
2021-09-02T09:00:00.000,I 85,I 85 and Lawrenceville-Suwanee Rd,,Not a Collision with Motor Vehicle,1,Clear,Dry,Daylight
2021-05-10T16:20:00.000,I 85,I 85 and Lawrenceville-Suwanee Rd,,Rear End,2,Cloudy,Dry,Daylight
2021-05-26T15:10:00.000,I 85,I 85 and Lawrenceville-Suwanee Rd,,Rear End,2,Clear,Dry,Daylight
2021-09-16T14:52:00.000,I 85,I 85 and Lawrenceville-Suwanee Rd,,Rear End,2,Cloudy,Wet,Daylight
2021-08-13T14:19:00.000,I 85,I 85 and Lawrenceville-Suwanee Rd,,Rear End,3,Clear,Dry,Daylight
2021-09-15T16:50:00.000,I 85,I 85 and Lawrenceville-Suwanee Rd,,Rear End,2,Rain,Wet,Daylight
2021-08-13T14:53:00.000,I 85,I 85 and Lawrenceville-Suwanee Rd,,Rear End,2,Clear,Dry,Daylight
2020-03-11T21:36:00.000,I 85,I 85 and Lawrenceville-Suwanee Rd,,Angle Crash,2,Clear,Dry,Dark-Not Lighted
2023-06-11T15:00:00.000,I 85,I 85 and Lawrenceville-Suwanee Rd,,Rear End,2,Clear,Dry,Daylight
2023-06-03T01:20:00.000,I 85,I 85 and Lawrenceville-Suwanee Rd,,Head On,2,Clear,Dry,Dark-Not Lighted
2023-07-30T18:24:00.000,I 85,I 85 and Lawrenceville-Suwanee Rd,,Rear End,2,Clear,Dry,Daylight
2023-08-23T17:52:00.000,I 85,I 85 and Lawrenceville-Suwanee Rd,,Not a Collision with Motor Vehicle,1,Clear,Dry,Daylight
2023-07-11T14:48:00.000,I 85,I 85 and Lawrenceville-Suwanee Rd,,Rear End,2,Clear,Dry,Daylight
2023-03-07T14:19:00.000,I 85,I 85 and Lawrenceville-Suwanee Rd,,Not a Collision with Motor Vehicle,1,Clear,Dry,Daylight
2023-07-29T13:31:00.000,I 85,I 85 and Lawrenceville-Suwanee Rd,,Rear End,3,Clear,Dry,Daylight
2023-08-01T10:56:00.000,I 85,I 85 and Lawrenceville-Suwanee Rd,,Sideswipe-Same Direction,2,Clear,Dry,Daylight
2023-12-25T23:12:00.000,I 85,I 85 and Lawrenceville-Suwanee Rd,,Angle Crash,2,Rain,Wet,Dark-Lighted
2023-10-21T13:28:00.000,I 85,I 85 and Lawrenceville-Suwanee Rd,,Rear End,2,Clear,Dry,Daylight
2023-10-21T13:45:00.000,I 85,I 85 and Lawrenceville-Suwanee Rd,,Rear End,4,Clear,Dry,Daylight
2023-07-07T16:15:00.000,I 85,I 85 and Lawrenceville-Suwanee Rd,,Rear End,2,Clear,Dry,Daylight
2023-05-30T06:04:00.000,I 85,I 85 and Lawrenceville-Suwanee Rd,,Rear End,2,Clear,Dry,Dawn
2023-10-14T13:12:00.000,I 85,I 85 and Lawrenceville-Suwanee Rd,,Rear End,2,Clear,Dry,Daylight
2023-04-07T15:15:00.000,I 85,I 85 and Lawrenceville-Suwanee Rd,,Rear End,3,Cloudy,Dry,Daylight
2023-12-12T07:50:00.000,I 85,I 85 and Lawrenceville-Suwanee Rd,,Rear End,4,Clear,Dry,Daylight
2023-09-13T16:40:00.000,I 85,I 85 and Lawrenceville-Suwanee Rd,,Rear End,2,Clear,Dry,Daylight
2023-05-10T16:50:00.000,I 85,I 85 and Lawrenceville-Suwanee Rd,,Rear End,3,Clear,Dry,Daylight
2023-07-02T14:20:00.000,I 85,I 85 and Lawrenceville-Suwanee Rd,,Rear End,3,Clear,Dry,Daylight
2023-03-23T06:55:00.000,I 85,I 85 and Lawrenceville-Suwanee Rd,,Sideswipe-Same Direction,2,Fog,Wet,Dawn
2023-08-02T08:50:00.000,I 85,I 85 and Lawrenceville-Suwanee Rd,,Rear End,2,Clear,Dry,Daylight
2023-02-24T18:00:00.000,I 85,I 85 and Lawrenceville-Suwanee Rd,,Rear End,2,Rain,Wet,Dark-Not Lighted
2023-03-21T16:06:00.000,I 85,I 85 and Lawrenceville-Suwanee Rd,,Sideswipe-Same Direction,2,Clear,Dry,Daylight
2023-10-25T06:55:00.000,I 85,I 85 and Lawrenceville-Suwanee Rd,,Rear End,2,Clear,Dry,Dark-Not Lighted
2023-12-26T12:27:00.000,I 85,I 85 and Lawrenceville-Suwanee Rd,,Rear End,2,Rain,Wet,Daylight
2023-08-02T07:24:00.000,I 85,I 85 and Lawrenceville-Suwanee Rd,,Sideswipe-Same Direction,2,Clear,Dry,Daylight
2023-04-10T11:56:00.000,I 85,I 85 and Lawrenceville-Suwanee Rd,,Rear End,3,Clear,Dry,Daylight
2022-12-20T17:45:00.000,I 85,I 85 and Lawrenceville-Suwanee Rd,,Rear End,2,Cloudy,Dry,Dark-Not Lighted
2020-03-09T17:40:00.000,I 85,I 85 and Lawrenceville-Suwanee Rd,,Rear End,2,Clear,Dry,Daylight
2020-01-06T09:10:00.000,I 85,I 85 and Lawrenceville-Suwanee Rd,,Sideswipe-Same Direction,2,Clear,Dry,Daylight
2020-12-08T18:20:00.000,I 85,I 85 and Lawrenceville-Suwanee Rd,,Angle Crash,2,Clear,Dry,Dark-Lighted
2020-11-11T12:00:00.000,I 85,I 85 and Lawrenceville-Suwanee Rd,,Not a Collision with Motor Vehicle,2,Rain,Wet,Daylight
2020-01-18T01:14:00.000,I 85,I 85 and Lawrenceville-Suwanee Rd,,Sideswipe-Same Direction,2,Clear,Dry,Dark-Not Lighted
2020-02-05T16:40:00.000,I 85,I 85 and Lawrenceville-Suwanee Rd,,Rear End,3,Cloudy,Wet,Daylight
2020-03-13T16:00:00.000,I 85,I 85 and Lawrenceville-Suwanee Rd,,Rear End,2,Cloudy,Dry,Daylight
2020-02-07T07:54:00.000,I 85,I 85 and Lawrenceville-Suwanee Rd,,Rear End,2,Cloudy,Wet,Daylight
2020-01-16T06:52:00.000,I 85,I 85 and Lawrenceville-Suwanee Rd,,Rear End,2,Cloudy,Wet,Dawn
2020-09-16T13:10:00.000,I 85,I 85 and Lawrenceville-Suwanee Rd,,Sideswipe-Same Direction,2,Cloudy,Dry,Daylight
2020-10-24T22:16:00.000,I 85,I 85 and Lawrenceville-Suwanee Rd,,Not a Collision with Motor Vehicle,1,Rain,Wet,Dark-Lighted
2020-11-30T11:00:00.000,I 85,I 85 and Lawrenceville-Suwanee Rd,,Not a Collision with Motor Vehicle,2,Cloudy,Wet,Daylight