Date and Time,Roadway (From Crash Report),Intersection Name (from Crash Report),KABCO Severity,Manner of Collision (Crash Level) ,# of Vehicles per crash ,Weather Conditions (Crash Level),Surface Condition (Crash Level) ,Light Conditions (Crash Level)
2020-02-19T16:35:00.000,I 85,I 85 and Lawrenceville-Suwanee Rd,,Rear End,2,Clear,Dry,Daylight
2020-09-12T13:10:00.000,I 85,I 85 and Lawrenceville-Suwanee Rd,,Sideswipe-Same Direction,2,Cloudy,Dry,Daylight
2020-09-30T20:00:00.000,I 85,I 85 and Lawrenceville-Suwanee Rd,,Not a Collision with Motor Vehicle,1,Clear,Dry,Dark-Not Lighted
2020-03-24T06:12:00.000,I 85,I 85 and Lawrenceville-Suwanee Rd,,Sideswipe-Same Direction,2,Rain,Wet,Dark-Not Lighted
2020-02-23T11:35:00.000,I 85,I 85 and Lawrenceville-Suwanee Rd,,Rear End,2,Clear,Dry,Dark-Not Lighted
2021-01-23T18:25:00.000,I 85,I 85 and Lawrenceville-Suwanee Rd,,Sideswipe-Same Direction,2,Clear,Dry,Dark-Not Lighted
2021-10-27T07:39:00.000,I 85,I 85 and Lawrenceville-Suwanee Rd,,Rear End,2,Clear,Dry,Daylight
2021-10-24T13:50:00.000,I 85,I 85 and Lawrenceville-Suwanee Rd,,Rear End,3,Clear,Dry,Daylight
2021-09-30T16:22:00.000,I 85,I 85 and Lawrenceville-Suwanee Rd,,Rear End,3,Clear,Dry,Daylight
2021-11-07T15:06:00.000,I 85,I 85 and Lawrenceville-Suwanee Rd,,Rear End,3,Clear,Dry,Daylight
2022-05-27T18:36:00.000,I 85,I 85 and Lawrenceville-Suwanee Rd,,Rear End,3,Clear,Dry,Daylight
2022-03-16T16:14:00.000,I 85,I 85 and Lawrenceville-Suwanee Rd,,Rear End,2,Cloudy,Dry,Daylight
2022-11-10T23:30:00.000,I 85,I 85 and Lawrenceville-Suwanee Rd,,Sideswipe-Same Direction,2,Rain,Wet,Dark-Lighted
2022-09-19T08:10:00.000,I 85,I 85 and Lawrenceville-Suwanee Rd,,Sideswipe-Same Direction,2,Clear,Dry,Daylight
2021-10-01T15:39:00.000,I 85,I 85 and Lawrenceville-Suwanee Rd,,Rear End,2,Clear,Dry,Daylight
2022-03-01T17:35:00.000,I 85,I 85 and Lawrenceville-Suwanee Rd,,Sideswipe-Same Direction,2,Clear,Dry,Daylight
2022-10-27T06:15:00.000,I 85,I 85 and Lawrenceville-Suwanee Rd,,Rear End,2,Clear,Dry,Dawn
2022-07-05T17:35:00.000,I 85,I 85 and Lawrenceville-Suwanee Rd,,Rear End,3,Clear,Dry,Daylight
2022-07-30T22:38:00.000,I 85,I 85 and Lawrenceville-Suwanee Rd,,Rear End,2,Cloudy,Dry,Dark-Lighted
2022-09-19T17:24:00.000,I 85,I 85 and Lawrenceville-Suwanee Rd,,Rear End,2,Clear,Dry,Daylight
2022-02-15T08:16:00.000,I 85,I 85 and Lawrenceville-Suwanee Rd,,Rear End,2,Clear,Dry,Daylight
2022-09-10T14:25:00.000,I 85,I 85 and Lawrenceville-Suwanee Rd,,Not a Collision with Motor Vehicle,1,Cloudy,Dry,Daylight
2022-09-27T15:21:00.000,I 85,I 85 and Lawrenceville-Suwanee Rd,,Rear End,2,Clear,Dry,Daylight
2022-06-30T07:48:00.000,I 85,I 85 and Lawrenceville-Suwanee Rd,,Rear End,2,Cloudy,Dry,Daylight
2022-08-01T12:45:00.000,I 85,I 85 and Lawrenceville-Suwanee Rd,,Sideswipe-Same Direction,2,Clear,Dry,Daylight
2022-02-15T08:35:00.000,I 85,I 85 and Lawrenceville-Suwanee Rd,,Rear End,2,Clear,Dry,Daylight
2022-08-05T18:40:00.000,I 85,I 85 and Lawrenceville-Suwanee Rd,,Rear End,2,Cloudy,Dry,Daylight
2022-07-15T12:50:00.000,I 85,I 85 and Lawrenceville-Suwanee Rd,,Rear End,2,Clear,Dry,Daylight
2022-11-24T11:55:00.000,I 85,I 85 and Lawrenceville-Suwanee Rd,,Sideswipe-Same Direction,2,Cloudy,Dry,Daylight
2022-06-21T15:53:00.000,I 85,I 85 and Lawrenceville-Suwanee Rd,,Sideswipe-Same Direction,2,Clear,Dry,Daylight
2022-09-15T11:10:00.000,I 85,I 85 and Lawrenceville-Suwanee Rd,,Rear End,2,Clear,Dry,Daylight
2022-09-22T15:57:00.000,I 85,I 85 and Lawrenceville-Suwanee Rd,,Rear End,4,Clear,Dry,Daylight
2022-02-22T16:38:00.000,I 85,I 85 and Lawrenceville-Suwanee Rd,,Sideswipe-Same Direction,2,Clear,Dry,Daylight
2022-12-16T14:20:00.000,I 85,I 85 and Lawrenceville-Suwanee Rd,,Rear End,4,Clear,Dry,Daylight
2022-08-24T16:15:00.000,I 85,I 85 and Lawrenceville-Suwanee Rd,,Rear End,2,Cloudy,Dry,Daylight
2022-12-27T17:45:00.000,I 85,I 85 and Lawrenceville-Suwanee Rd,,Sideswipe-Same Direction,2,Clear,Dry,Dark-Not Lighted
2022-11-21T17:55:00.000,I 85,I 85 and Lawrenceville-Suwanee Rd,,Rear End,3,Clear,Dry,Dark-Not Lighted
2022-03-14T23:53:00.000,I 85,I 85 and Lawrenceville-Suwanee Rd,,Rear End,3,Clear,Dry,Dark-Not Lighted
2022-12-19T15:57:00.000,I 85,I 85 and Lawrenceville-Suwanee Rd,,Rear End,2,Cloudy,Dry,Daylight
2022-09-22T17:15:00.000,I 85,I 85 and Lawrenceville-Suwanee Rd,,Rear End,2,Clear,Dry,Daylight
2022-04-07T15:29:00.000,I 85,I 85 and Lawrenceville-Suwanee Rd,,Rear End,2,Clear,Dry,Daylight
2022-08-14T13:15:00.000,I 85,I 85 and Lawrenceville-Suwanee Rd,,Rear End,2,Clear,Dry,Daylight
2022-08-18T08:00:00.000,I 85,I 85 and Lawrenceville-Suwanee Rd,,Rear End,2,Clear,Dry,Daylight
2022-10-10T09:57:00.000,I 85,I 85 and Lawrenceville-Suwanee Rd,,Sideswipe-Same Direction,2,Clear,Dry,Daylight
2022-12-30T12:50:00.000,I 85,I 85 and Lawrenceville-Suwanee Rd,,Rear End,2,Cloudy,Wet,Daylight
2022-12-09T19:15:00.000,I 85,I 85 and Lawrenceville-Suwanee Rd,,Rear End,2,Rain,Wet,Dark-Not Lighted
2022-11-11T18:00:00.000,I 85,I 85 and Lawrenceville-Suwanee Rd,,Rear End,2,Cloudy,Wet,Dark-Lighted
2022-02-22T18:00:00.000,I 85,I 85 and Lawrenceville-Suwanee Rd,,Sideswipe-Same Direction,2,Clear,Dry,Daylight
2022-08-05T14:10:00.000,I 85,I 85 and Lawrenceville-Suwanee Rd,,Rear End,2,Clear,Dry,Daylight
2022-05-24T16:25:00.000,I 85,I 85 and Lawrenceville-Suwanee Rd,,Rear End,2,Clear,Dry,Daylight
2022-09-27T16:59:00.000,I 85,I 85 and Lawrenceville-Suwanee Rd,,Rear End,2,Clear,Dry,Daylight
2022-07-05T17:15:00.000,I 85,I 85 and Lawrenceville-Suwanee Rd,,Rear End,2,Clear,Dry,Daylight
2022-11-21T18:30:00.000,I 85,I 85 and Lawrenceville-Suwanee Rd,,Rear End,2,Clear,Dry,Dark-Not Lighted
2023-02-16T07:45:00.000,I 85,I 85 and Lawrenceville-Suwanee Rd,,Rear End,2,Clear,Wet,Daylight
2023-04-27T09:15:00.000,I 85,I 85 and Lawrenceville-Suwanee Rd,,Not a Collision with Motor Vehicle,1,Rain,Wet,Daylight
2024-03-11T10:18:00.000,I 85,I 85 and Lawrenceville-Suwanee Rd,,Rear End,2,Clear,Dry,Daylight
2024-06-14T15:14:00.000,I 85,I 85 and Lawrenceville-Suwanee Rd,,Rear End,3,Clear,Dry,Daylight
2024-06-04T16:50:00.000,I 85,I 85 and Lawrenceville-Suwanee Rd,,Rear End,3,Cloudy,Wet,Daylight
2024-07-18T15:35:00.000,I 85,I 85 and Lawrenceville-Suwanee Rd,,Rear End,2,Rain,Wet,Daylight
2024-10-16T17:30:00.000,I 85,I 85 and Lawrenceville-Suwanee Rd,,Sideswipe-Same Direction,2,Clear,Dry,Daylight
2024-04-03T10:29:00.000,I 85,I 85 and Lawrenceville-Suwanee Rd,,Sideswipe-Same Direction,2,Cloudy,Dry,Daylight
2024-10-13T11:37:00.000,I 85,I 85 and Lawrenceville-Suwanee Rd,,Sideswipe-Same Direction,2,Clear,Dry,Daylight
2024-11-22T13:28:00.000,I 85,I 85 and Lawrenceville-Suwanee Rd,,Rear End,2,Clear,Dry,Daylight
2024-12-10T17:58:00.000,I 85,I 85 and Lawrenceville-Suwanee Rd,,Rear End,2,Rain,Wet,Dark-Not Lighted
2024-12-10T18:50:00.000,I 85,I 85 and Lawrenceville-Suwanee Rd,,Rear End,2,Rain,Wet,Dark-Lighted
2024-12-03T07:00:00.000,I 85,I 85 and Lawrenceville-Suwanee Rd,,Not a Collision with Motor Vehicle,1,Clear,Dry,Dark-Not Lighted
2024-04-30T19:05:00.000,I 85,I 85 and Lawrenceville-Suwanee Rd,,Rear End,2,Clear,Dry,Daylight
2024-02-02T15:43:00.000,I 85,I 85 and Lawrenceville-Suwanee Rd,,Rear End,2,Clear,Dry,Daylight
2024-04-25T15:30:00.000,I 85,I 85 and Lawrenceville-Suwanee Rd,,Rear End,2,Clear,Dry,Daylight
2023-09-10T14:30:00.000,I 85,I 85 and Lawrenceville-Suwanee Rd,,Sideswipe-Same Direction,2,Clear,Dry,Daylight
2023-01-04T14:28:00.000,I 85,I 85 and Lawrenceville-Suwanee Rd,,Rear End,2,Clear,Dry,Daylight
2023-03-27T09:10:00.000,I 85,I 85 and Lawrenceville-Suwanee Rd,,Rear End,2,Rain,Wet,Daylight
2024-04-30T08:54:00.000,I 85,I 85 and Lawrenceville-Suwanee Rd,,Rear End,2,Rain,Wet,Daylight
2024-02-06T07:45:00.000,I 85,I 85 and Lawrenceville-Suwanee Rd,,Rear End,2,Clear,Dry,Daylight
2023-03-16T13:37:00.000,I 85,I 85 and Lawrenceville-Suwanee Rd,,Rear End,3,Clear,Dry,Daylight
2023-05-02T05:50:00.000,I 85,I 85 and Lawrenceville-Suwanee Rd,,Not a Collision with Motor Vehicle,3,Clear,Dry,Dark-Not Lighted
2023-10-18T09:49:00.000,I 85,I 85 and Lawrenceville-Suwanee Rd,,Sideswipe-Same Direction,2,Clear,Dry,Daylight
2023-05-25T23:40:00.000,I 85,I 85 and Lawrenceville-Suwanee Rd,,Rear End,2,Clear,Dry,Dark-Lighted
2023-12-04T18:40:00.000,I 85,I 85 and Lawrenceville-Suwanee Rd,,Rear End,2,Clear,Dry,Dark-Not Lighted
2023-11-09T15:06:00.000,I 85,I 85 and Lawrenceville-Suwanee Rd,,Rear End,2,Clear,Dry,Daylight
2023-06-22T10:15:00.000,I 85,I 85 and Lawrenceville-Suwanee Rd,,Sideswipe-Same Direction,2,Cloudy,Wet,Daylight
2023-06-01T15:26:00.000,I 85,I 85 and Lawrenceville-Suwanee Rd,,Rear End,3,Clear,Dry,Daylight
2023-05-08T15:04:00.000,I 85,I 85 and Lawrenceville-Suwanee Rd,,Rear End,2,Clear,Dry,Daylight
2023-04-06T18:50:00.000,I 85,I 85 and Lawrenceville-Suwanee Rd,,Sideswipe-Same Direction,3,Cloudy,Dry,Daylight
2023-05-11T13:40:00.000,I 85,I 85 and Lawrenceville-Suwanee Rd,,Rear End,2,Cloudy,Dry,Daylight
2023-12-25T23:12:00.000,I 85,I 85 and Lawrenceville-Suwanee Rd,,Angle Crash,2,Rain,Wet,Dark-Lighted
2023-12-14T18:50:00.000,I 85,I 85 and Lawrenceville-Suwanee Rd,,Rear End,2,Clear,Dry,Dark-Not Lighted
2023-10-09T16:00:00.000,I 85,I 85 and Lawrenceville-Suwanee Rd,,Rear End,3,Clear,Dry,Daylight
2023-01-31T17:40:00.000,I 85,I 85 and Lawrenceville-Suwanee Rd,,Rear End,2,Cloudy,Dry,Daylight
2023-05-23T06:50:00.000,I 85,I 85 and Lawrenceville-Suwanee Rd,,Rear End,2,Rain,Wet,Daylight
2023-06-03T03:15:00.000,I 85,I 85 and Lawrenceville-Suwanee Rd,,Sideswipe-Same Direction,2,Clear,Dry,Dark-Lighted
2023-12-21T17:22:00.000,I 85,I 85 and Lawrenceville-Suwanee Rd,,Rear End,2,Clear,Dry,Dark-Not Lighted
2023-10-02T17:28:00.000,I 85,I 85 and Lawrenceville-Suwanee Rd,,Rear End,2,Clear,Dry,Daylight
2023-07-25T14:25:00.000,I 85,I 85 and Lawrenceville-Suwanee Rd,,Rear End,3,Clear,Dry,Daylight
2023-06-03T01:10:00.000,I 85,I 85 and Lawrenceville-Suwanee Rd,,Sideswipe-Same Direction,2,Clear,Dry,Dark-Not Lighted
2023-11-19T15:15:00.000,I 85,I 85 and Lawrenceville-Suwanee Rd,,Rear End,4,Clear,Dry,Daylight
2023-04-10T10:23:00.000,I 85,I 85 and Lawrenceville-Suwanee Rd,,Rear End,2,Clear,Dry,Daylight
2023-08-12T13:15:00.000,I 85,I 85 and Lawrenceville-Suwanee Rd,,Rear End,2,Clear,Dry,Daylight
2023-04-06T18:20:00.000,I 85,I 85 and Lawrenceville-Suwanee Rd,,Rear End,2,Cloudy,Dry,Daylight
2023-10-29T14:23:00.000,I 85,I 85 and Lawrenceville-Suwanee Rd,,Rear End,2,Clear,Dry,Daylight
2023-08-31T18:15:00.000,I 85,I 85 and Lawrenceville-Suwanee Rd,,Rear End,2,Clear,Dry,Daylight
2023-08-18T18:02:00.000,I 85,I 85 and Lawrenceville-Suwanee Rd,,Rear End,2,Clear,Dry,Daylight
2023-07-21T08:20:00.000,I 85,I 85 and Lawrenceville-Suwanee Rd,,Sideswipe-Same Direction,2,Rain,Wet,Daylight
2024-01-23T12:10:00.000,I 85,I 85 and Lawrenceville-Suwanee Rd,,Rear End,2,Rain,Wet,Daylight
2024-11-14T07:20:00.000,I 85,I 85 and Lawrenceville-Suwanee Rd,,Rear End,2,Rain,Wet,Dawn
2024-09-01T07:40:00.000,I 85,I 85 and Lawrenceville-Suwanee Rd,,Sideswipe-Same Direction,2,Clear,Dry,Daylight
2024-11-23T18:00:00.000,I 85,I 85 and Lawrenceville-Suwanee Rd,,Rear End,2,Clear,Dry,Dark-Lighted
2024-06-04T16:50:00.000,I 85,I 85 and Lawrenceville-Suwanee Rd,,Rear End,2,Cloudy,Wet,Daylight
2024-04-04T08:20:00.000,I 85,I 85 and Lawrenceville-Suwanee Rd,,Sideswipe-Same Direction,2,Clear,Dry,Daylight
2024-02-09T10:18:00.000,I 85,I 85 and Lawrenceville-Suwanee Rd,,Rear End,3,Clear,Dry,Daylight
2024-12-12T18:23:00.000,I 85,I 85 and Lawrenceville-Suwanee Rd,,Rear End,2,Clear,Dry,Dark-Lighted
2024-03-15T15:45:00.000,I 85,I 85 and Lawrenceville-Suwanee Rd,,Rear End,2,Cloudy,Wet,Daylight
2024-11-14T15:37:00.000,I 85,I 85 and Lawrenceville-Suwanee Rd,,Rear End,2,Cloudy,Wet,Daylight
2024-05-01T07:50:00.000,I 85,I 85 and Lawrenceville-Suwanee Rd,,Rear End,4,Clear,Dry,Daylight
2024-06-13T17:40:00.000,I 85,I 85 and Lawrenceville-Suwanee Rd,,Rear End,2,Clear,Dry,Daylight
2024-02-07T13:30:00.000,I 85,I 85 and Lawrenceville-Suwanee Rd,,Rear End,2,Clear,Dry,Daylight
2024-03-20T08:25:00.000,I 85,I 85 and Lawrenceville-Suwanee Rd,,Rear End,2,Clear,Dry,Daylight
2024-03-08T13:39:00.000,I 85,I 85 and Lawrenceville-Suwanee Rd,,Not a Collision with Motor Vehicle,2,Cloudy,Dry,Daylight
2024-07-07T04:36:00.000,I 85,I 85 and Lawrenceville-Suwanee Rd,,Not a Collision with Motor Vehicle,1,Cloudy,Dry,Dark-Not Lighted
2024-09-10T15:00:00.000,I 85,I 85 and Lawrenceville-Suwanee Rd,,Rear End,3,Clear,Dry,Daylight
2024-01-17T08:50:00.000,I 85,I 85 and Lawrenceville-Suwanee Rd,,Rear End,2,Clear,Dry,Daylight
2024-03-18T07:08:00.000,I 85,I 85 and Lawrenceville-Suwanee Rd,,Sideswipe-Same Direction,2,Cloudy,Dry,Daylight
2024-12-11T18:00:00.000,I 85,I 85 and Lawrenceville-Suwanee Rd,,Rear End,2,Clear,Dry,Dark-Lighted
2024-04-09T16:44:00.000,I 85,I 85 and Lawrenceville-Suwanee Rd,,Rear End,3,Cloudy,Wet,Daylight
2024-05-16T08:20:00.000,I 85,I 85 and Lawrenceville-Suwanee Rd,,Rear End,2,Clear,Dry,Daylight
2024-04-08T16:25:00.000,I 85,I 85 and Lawrenceville-Suwanee Rd,,Sideswipe-Same Direction,2,Clear,Dry,Daylight
2024-05-02T08:50:00.000,I 85,I 85 and Lawrenceville-Suwanee Rd,,Sideswipe-Same Direction,2,Clear,Dry,Daylight
2024-10-01T07:45:00.000,I 85,I 85 and Lawrenceville-Suwanee Rd,,Rear End,3,Cloudy,Dry,Daylight
2024-06-30T00:10:00.000,I 85,I 85 and Lawrenceville-Suwanee Rd,,Rear End,2,Clear,Dry,Dark-Lighted
2024-12-10T07:59:00.000,I 85,I 85 and Lawrenceville-Suwanee Rd,,Sideswipe-Same Direction,2,Rain,Wet,Daylight
2024-10-14T07:00:00.000,I 85,I 85 and Lawrenceville-Suwanee Rd,,Rear End,3,Clear,Dry,Dawn
2024-04-01T14:15:00.000,I 85,I 85 and Lawrenceville-Suwanee Rd,,Sideswipe-Same Direction,2,Clear,Dry,Daylight
2024-04-25T14:32:00.000,I 85,I 85 and Lawrenceville-Suwanee Rd,,Rear End,2,Clear,Dry,Daylight
2024-11-19T18:16:00.000,I 85,I 85 and Lawrenceville-Suwanee Rd,,Rear End,3,Cloudy,Wet,Dark-Not Lighted
2024-10-30T08:00:00.000,I 85,I 85 and Lawrenceville-Suwanee Rd,,Rear End,2,Cloudy,Dry,Daylight
2024-08-16T18:51:00.000,I 85,I 85 and Lawrenceville-Suwanee Rd,,Sideswipe-Same Direction,2,Clear,Dry,Daylight
2024-09-03T14:50:00.000,I 85,I 85 and Lawrenceville-Suwanee Rd,,Rear End,2,Clear,Dry,Daylight
2024-12-21T17:45:00.000,I 85,I 85 and Lawrenceville-Suwanee Rd,,Rear End,2,Clear,Dry,Dark-Lighted
2024-12-10T15:00:00.000,I 85,I 85 and Lawrenceville-Suwanee Rd,,Rear End,2,Rain,Wet,Daylight
2024-11-07T17:30:00.000,I 85,I 85 and Lawrenceville-Suwanee Rd,,Sideswipe-Same Direction,2,Clear,Dry,Dawn
2024-02-27T18:59:00.000,I 85,I 85 and Lawrenceville-Suwanee Rd,,Rear End,3,Cloudy,Dry,Dark-Lighted
2024-12-21T18:05:00.000,I 85,I 85 and Lawrenceville-Suwanee Rd,,Angle Crash,2,Clear,Dry,Dark-Lighted
2024-05-31T16:44:00.000,I 85,I 85 and Lawrenceville-Suwanee Rd,,Rear End,2,Cloudy,Dry,Daylight
2024-06-15T10:43:00.000,I 85,I 85 and Lawrenceville-Suwanee Rd,,Angle Crash,2,Clear,Dry,Daylight
2024-07-24T08:11:00.000,I 85,I 85 and Lawrenceville-Suwanee Rd,,Sideswipe-Same Direction,2,Clear,Dry,Daylight
2024-03-23T15:07:00.000,I 85,I 85 and Lawrenceville-Suwanee Rd,,Rear End,2,Cloudy,Dry,Daylight
2024-03-05T18:39:00.000,I 85,I 85 and Lawrenceville-Suwanee Rd,,Rear End,2,Rain,Wet,Dark-Not Lighted
2024-12-13T17:32:00.000,I 85,I 85 and Lawrenceville-Suwanee Rd,,Rear End,2,Clear,Dry,Dark-Not Lighted
2024-01-06T01:55:00.000,I 85,I 85 and Lawrenceville-Suwanee Rd,,Angle Crash,1,Rain,Wet,Dark-Lighted
2024-06-13T18:15:00.000,I 85,I 85 and Lawrenceville-Suwanee Rd,,Sideswipe-Same Direction,2,Clear,Dry,Daylight
2024-04-20T15:50:00.000,I 85,I 85 and Lawrenceville-Suwanee Rd,,Rear End,2,Clear,Dry,Daylight
2024-06-04T16:00:00.000,I 85,I 85 and Lawrenceville-Suwanee Rd,,Rear End,2,Clear,Dry,Daylight
2024-09-12T17:25:00.000,I 85,I 85 and Lawrenceville-Suwanee Rd,,Rear End,4,Cloudy,Wet,Daylight
2024-09-10T15:33:00.000,I 85,I 85 and Lawrenceville-Suwanee Raod,,Rear End,2,Clear,Dry,Daylight
2020-01-11T18:20:00.000,I 85,I 85 and Lawrenceville-Suwanee,,Sideswipe-Same Direction,2,Rain,Wet,Dark-Not Lighted
2022-09-19T02:35:00.000,I 85,I 85 and Lawrenceville-Suwanee,,Rear End,2,Clear,Dry,Dark-Not Lighted
2024-07-25T12:26:00.000,I 85,I 85 and Lawrenceville-Suwanee,,Rear End,3,Clear,Dry,Daylight
2024-11-18T20:15:00.000,I 85,I 85 and Lawrenceville-Suwanee,,Angle Crash,3,Clear,Dry,Dark-Not Lighted
2024-07-25T06:42:00.000,I 85,I 85 and Lawrenceville-Suwanee,,Not a Collision with Motor Vehicle,1,Cloudy,Wet,Daylight
2024-11-12T15:20:00.000,I 85,I 85 and Lawrenceville-Suwanee,,Rear End,2,Clear,Dry,Daylight
2024-01-18T18:57:00.000,I 85,I 85 and Lawrenceville-Suwanee,,Rear End,2,Clear,Dry,Dark-Not Lighted
2024-05-28T06:18:00.000,I 85,I 85 and Lawrenceville-Suwane Rd,,Rear End,2,Clear,Dry,Dawn
2020-10-18T15:52:00.000,I 85,I 85 and Lawrenceville-Sawunee Rd Exit 111,,Sideswipe-Same Direction,2,Clear,Dry,Daylight
2023-09-13T17:50:00.000,I 85,I 85 and Lawrenceville- Suwannee Rd,,Rear End,2,Cloudy,Dry,Daylight
2021-04-14T08:43:00.000,I 85,I 85 and Lawrenceville- Suwannee Rd,,Sideswipe-Same Direction,2,Clear,Dry,Daylight
2023-08-15T19:00:00.000,I 85,I 85 and Lawrenceville- Suwaneee Rd,,Rear End,3,Clear,Dry,Daylight
2023-08-01T12:00:00.000,I 85,I 85 and Lawrenceville- Suwanee Rd,,Not a Collision with Motor Vehicle,1,Clear,Dry,Daylight
2023-07-14T12:20:00.000,I 85,I 85 and Lawrenceville- Suwanee Rd,,Rear End,2,Clear,Dry,Daylight
2023-04-17T00:00:00.000,I 85,I 85 and Lawrenceville- Suwanee Rd,,Sideswipe-Same Direction,2,Clear,Dry,Daylight
2023-08-03T15:30:00.000,I 85,I 85 and Lawrenceville- Suwanee Rd,,Rear End,2,Clear,Wet,Daylight
2021-12-13T15:55:00.000,I 85,I 85 and Lawrenceville- Suwanee Rd,,Sideswipe-Same Direction,3,Clear,Dry,Daylight
2022-12-13T15:25:00.000,I 85,I 85 and Lawrenceville- Suwanee Rd,,Rear End,2,Cloudy,Dry,Daylight
2024-04-16T08:35:00.000,I 85,I 85 and Lawrenceville- Suwanee Rd,,Rear End,2,Cloudy,Dry,Daylight
2024-06-25T15:20:00.000,I 85,I 85 and Lawrenceville- Suwanee Rd,,Sideswipe-Same Direction,2,Clear,Dry,Daylight
2024-11-22T10:00:00.000,I 85,I 85 and Lawrenceville- Suwanee Rd,,Rear End,2,Clear,Dry,Daylight
2024-09-13T18:20:00.000,I 85,I 85 and Lawrenceville- Suwanee Rd,,Sideswipe-Same Direction,2,Cloudy,Dry,Daylight
2024-01-23T17:00:00.000,I 85,I 85 and Lawrenceville- Suwanee Rd,,Sideswipe-Same Direction,2,Cloudy,Wet,Daylight
2023-10-17T06:50:00.000,I 85,I 85 and Lawrenceville- Suwanee Rd,,Sideswipe-Same Direction,2,Clear,Dry,Daylight
2024-03-15T16:50:00.000,I 85,I 85 and Lawrenceville- Suwanee Rd,,Sideswipe-Same Direction,4,Clear,Wet,Daylight
2023-07-27T13:50:00.000,I 85,I 85 and Lawrenceville- Suwanee Rd,,Rear End,2,Clear,Dry,Daylight
2023-05-01T18:00:00.000,I 85,I 85 and Lawrenceville- Suwanee Rd,,Rear End,2,Clear,Dry,Daylight
2023-04-28T14:15:00.000,I 85,I 85 and Lawrenceville- Suwanee Rd,,Sideswipe-Same Direction,2,Cloudy,Dry,Daylight
2024-10-28T16:16:00.000,I 85,I 85 and Lawrenceville- Suwanee Rd,,Rear End,2,Cloudy,Dry,Daylight
2024-03-29T11:50:00.000,I 85,I 85 and Lawrenceville- Suwanee Rd,,Sideswipe-Same Direction,2,Clear,Dry,Daylight
2024-01-11T16:20:00.000,I 85,I 85 and Lawrenceville- Suwanee Rd,,Rear End,4,Clear,Dry,Daylight
2024-03-08T15:07:00.000,I 85,I 85 and Lawrenceville- Suwanee Rd,,Rear End,3,Cloudy,Dry,Daylight
2024-09-20T18:20:00.000,I 85,I 85 and Lawrenceville- Suwanee Rd,,Rear End,2,Clear,Dry,Daylight
2024-02-02T12:15:00.000,I 85,I 85 and Lawrenceville- Suwanee Rd,,Sideswipe-Same Direction,2,Clear,Dry,Daylight
2024-03-08T14:25:00.000,I 85,I 85 and Lawrenceville- Suwanee Rd,,Rear End,2,Cloudy,Dry,Daylight
2024-01-11T16:20:00.000,I 85,I 85 and Lawrenceville- Suwanee Rd,,Rear End,3,Clear,Dry,Daylight
2024-05-14T06:40:00.000,I 85,I 85 and Lawrenceville- Suwanee Rd,,Rear End,2,Rain,Wet,Daylight
2024-04-23T09:00:00.000,I 85,I 85 and Lawrenceville- Suwanee Rd,,Sideswipe-Same Direction,2,Clear,Dry,Daylight
2024-07-10T15:55:00.000,I 85,I 85 and Lawrenceville- Suwanee Rd,,Sideswipe-Same Direction,2,Clear,Dry,Daylight
2023-09-01T17:50:00.000,I 85,I 85 and Lawrenceville- Suwanee,,Rear End,2,Clear,Dry,Daylight
2023-08-31T13:00:00.000,I 85,I 85 and Lawrenceville- Suwanee,,Sideswipe-Same Direction,2,Clear,Dry,Daylight
2021-07-07T00:01:00.000,I 85,I 85 and Lawrenceville Swwanee Rd,,Sideswipe-Same Direction,2,Clear,Dry,Dark-Not Lighted
2023-11-24T15:45:00.000,I 85,I 85 and Lawrenceville Swuanee Rd,,Rear End,2,Clear,Dry,Daylight
2023-07-22T14:39:00.000,I 85,I 85 and Lawrenceville Suwannee Rd,,Rear End,2,Clear,Dry,Daylight
2023-12-23T15:00:00.000,I 85,I 85 and Lawrenceville Suwannee Rd,,Angle Crash,3,Clear,Dry,Daylight
2023-12-23T15:00:00.000,I 85,I 85 and Lawrenceville Suwannee Rd,,Angle Crash,3,Clear,Dry,Daylight
2020-05-22T14:50:00.000,I 85,I 85 and Lawrenceville Suwannee Rd,,Angle Crash,2,Clear,Dry,Daylight
2020-11-02T21:16:00.000,I 85,I 85 and Lawrenceville Suwannee Rd,,Sideswipe-Same Direction,2,Clear,Dry,Dark-Not Lighted
2022-05-29T04:50:00.000,I 85,I 85 and Lawrenceville Suwannee Rd,,Sideswipe-Same Direction,2,Clear,Dry,Dark-Not Lighted
2022-12-21T19:30:00.000,I 85,I 85 and Lawrenceville Suwannee Rd,,Rear End,2,Clear,Dry,Dark-Lighted
2022-07-08T19:59:00.000,I 85,I 85 and Lawrenceville Suwannee Rd,,Not a Collision with Motor Vehicle,1,Clear,Dry,Daylight
2023-05-13T14:30:00.000,I 85,I 85 and Lawrenceville Suwannee Rd,,Angle Crash,3,Clear,Dry,Daylight
2024-06-16T17:05:00.000,I 85,I 85 and Lawrenceville Suwannee Rd,,Sideswipe-Same Direction,2,Cloudy,Dry,Daylight
2022-11-09T17:40:00.000,I 85,I 85 and Lawrenceville Suwanne Rd,,Rear End,2,Cloudy,Dry,Daylight
2024-03-02T16:20:00.000,I 85,I 85 and Lawrenceville Suwanee Rp,,Sideswipe-Same Direction,2,Clear,Dry,Daylight
2022-04-01T19:45:00.000,I 85,I 85 and Lawrenceville Suwanee Road Sr317,,Not a Collision with Motor Vehicle,5,Cloudy,Dry,Daylight
2024-12-12T04:15:00.000,I 85,I 85 and Lawrenceville Suwanee Road Exit,,Rear End,2,Clear,Dry,Dawn
2022-03-08T17:10:00.000,I 85,I 85 and Lawrenceville Suwanee Road 317,,Rear End,3,Rain,Wet,Daylight
2023-02-12T19:25:00.000,I 85,I 85 and Lawrenceville Suwanee Road 317,,Rear End,2,Clear,Dry,Dark-Lighted