Date and Time,Roadway (From Crash Report),Intersection Name (from Crash Report),KABCO Severity,Manner of Collision (Crash Level) ,# of Vehicles per crash ,Weather Conditions (Crash Level),Surface Condition (Crash Level) ,Light Conditions (Crash Level)
2022-12-04T21:15:00.000,I 85,I 85 and Lawrenceville Suwanee Road  317,,Head On,1,Clear,Dry,Dark-Lighted
2022-09-21T15:43:00.000,I 85,I 85 and Lawrenceville Suwanee Rdsr317,,Rear End,2,Clear,Dry,Daylight
2023-08-13T15:56:00.000,I 85,I 85 and Lawrenceville Suwanee Rd.,,Rear End,3,Clear,Dry,Dawn
2023-10-04T17:01:00.000,I 85,I 85 and Lawrenceville Suwanee Rd Exit,,Angle Crash,2,Clear,Dry,Daylight
2021-05-05T14:39:00.000,I 85,I 85 and Lawrenceville Suwanee Rd,,Head On,2,Cloudy,Dry,Daylight
2021-09-19T20:40:00.000,I 85,I 85 and Lawrenceville Suwanee Rd,,Rear End,4,Cloudy,Dry,Dark-Not Lighted
2021-10-31T06:10:00.000,I 85,I 85 and Lawrenceville Suwanee Rd,,Rear End,2,Clear,Dry,Dark-Lighted
2021-08-07T11:15:00.000,I 85,I 85 and Lawrenceville Suwanee Rd,,Rear End,2,Clear,Dry,Daylight
2021-09-29T11:11:00.000,I 85,I 85 and Lawrenceville Suwanee Rd,,Sideswipe-Same Direction,2,Cloudy,Dry,Daylight
2021-12-31T23:31:00.000,I 85,I 85 and Lawrenceville Suwanee Rd,,Not a Collision with Motor Vehicle,1,Cloudy,Dry,Dark-Not Lighted
2021-02-04T16:50:00.000,I 85,I 85 and Lawrenceville Suwanee Rd,,Sideswipe-Same Direction,3,Clear,Dry,Daylight
2021-06-18T13:20:00.000,I 85,I 85 and Lawrenceville Suwanee Rd,,Rear End,2,Clear,Dry,Daylight
2021-04-24T20:05:00.000,I 85,I 85 and Lawrenceville Suwanee Rd,,Rear End,2,Rain,Wet,Dark-Lighted
2021-04-28T22:50:00.000,I 85,I 85 and Lawrenceville Suwanee Rd,,Rear End,2,Clear,Dry,Dark-Lighted
2021-03-12T20:15:00.000,I 85,I 85 and Lawrenceville Suwanee Rd,,Rear End,2,Clear,Dry,Dark-Not Lighted
2021-02-17T15:40:00.000,I 85,I 85 and Lawrenceville Suwanee Rd,,Rear End,2,Clear,Dry,Daylight
2021-05-31T10:00:00.000,I 85,I 85 and Lawrenceville Suwanee Rd,,Not a Collision with Motor Vehicle,1,Clear,Dry,Daylight
2021-02-26T22:50:00.000,I 85,I 85 and Lawrenceville Suwanee Rd,,Sideswipe-Same Direction,2,Cloudy,Wet,Dark-Lighted
2021-09-09T14:31:00.000,I 85,I 85 and Lawrenceville Suwanee Rd,,Sideswipe-Same Direction,2,Clear,Dry,Daylight
2021-10-28T16:30:00.000,I 85,I 85 and Lawrenceville Suwanee Rd,,Rear End,2,Clear,Dry,Daylight
2021-08-29T07:35:00.000,I 85,I 85 and Lawrenceville Suwanee Rd,,Rear End,2,Cloudy,Dry,Daylight
2021-04-18T04:07:00.000,I 85,I 85 and Lawrenceville Suwanee Rd,,Angle Crash,2,Clear,Dry,Dark-Lighted
2021-04-24T08:25:00.000,I 85,I 85 and Lawrenceville Suwanee Rd,,Sideswipe-Same Direction,2,Rain,Wet,Daylight
2021-11-07T12:45:00.000,I 85,I 85 and Lawrenceville Suwanee Rd,,Rear End,2,Clear,Dry,Daylight
2021-08-04T19:40:00.000,I 85,I 85 and Lawrenceville Suwanee Rd,,Rear End,2,Clear,Dry,Daylight
2021-12-20T15:15:00.000,I 85,I 85 and Lawrenceville Suwanee Rd,,Sideswipe-Same Direction,2,Cloudy,Dry,Daylight
2021-04-05T07:10:00.000,I 85,I 85 and Lawrenceville Suwanee Rd,,Angle Crash,2,Clear,Dry,Daylight
2021-06-14T00:55:00.000,I 85,I 85 and Lawrenceville Suwanee Rd,,Angle Crash,2,Clear,Dry,Dark-Lighted
2021-05-15T00:30:00.000,I 85,I 85 and Lawrenceville Suwanee Rd,,Not a Collision with Motor Vehicle,2,Clear,Dry,Dark-Not Lighted
2021-08-22T14:00:00.000,I 85,I 85 and Lawrenceville Suwanee Rd,,Rear End,2,Cloudy,Dry,Daylight
2021-11-17T09:45:00.000,I 85,I 85 and Lawrenceville Suwanee Rd,,Angle Crash,3,Cloudy,Dry,Daylight
2021-10-27T17:14:00.000,I 85,I 85 and Lawrenceville Suwanee Rd,,Rear End,2,Clear,Dry,Daylight
2021-11-20T20:00:00.000,I 85,I 85 and Lawrenceville Suwanee Rd,,Not a Collision with Motor Vehicle,2,Clear,Dry,Dark-Not Lighted
2021-07-03T11:30:00.000,I 85,I 85 and Lawrenceville Suwanee Rd,,Rear End,2,Cloudy,Dry,Daylight
2021-04-25T18:50:00.000,I 85,I 85 and Lawrenceville Suwanee Rd,,Rear End,2,Clear,Dry,Daylight
2021-02-06T20:00:00.000,I 85,I 85 and Lawrenceville Suwanee Rd,,Not a Collision with Motor Vehicle,1,Snow,Wet,Dark-Not Lighted
2023-03-10T18:25:00.000,I 85,I 85 and Lawrenceville Suwanee Rd,,Rear End,2,Clear,Dry,Daylight
2023-08-05T08:54:00.000,I 85,I 85 and Lawrenceville Suwanee Rd,,Angle Crash,2,Clear,Dry,Daylight
2023-11-12T14:20:00.000,I 85,I 85 and Lawrenceville Suwanee Rd,,Rear End,2,Cloudy,Dry,Daylight
2023-08-19T23:15:00.000,I 85,I 85 and Lawrenceville Suwanee Rd,,Sideswipe-Same Direction,2,Clear,Dry,Dark-Not Lighted
2023-04-01T15:05:00.000,I 85,I 85 and Lawrenceville Suwanee Rd,,Sideswipe-Same Direction,2,Clear,Dry,Daylight
2023-04-04T18:20:00.000,I 85,I 85 and Lawrenceville Suwanee Rd,,Sideswipe-Same Direction,2,Clear,Dry,Daylight
2023-04-10T07:25:00.000,I 85,I 85 and Lawrenceville Suwanee Rd,,Rear End,2,Cloudy,Dry,Daylight
2023-11-29T06:55:00.000,I 85,I 85 and Lawrenceville Suwanee Rd,,Rear End,2,Clear,Dry,Dusk
2023-12-14T07:20:00.000,I 85,I 85 and Lawrenceville Suwanee Rd,,Rear End,2,Clear,Dry,Dawn
2023-08-26T15:10:00.000,I 85,I 85 and Lawrenceville Suwanee Rd,,Rear End,2,Clear,Dry,Daylight
2023-06-10T15:08:00.000,I 85,I 85 and Lawrenceville Suwanee Rd,,Rear End,3,Clear,Dry,Daylight
2023-05-31T06:48:00.000,I 85,I 85 and Lawrenceville Suwanee Rd,,Rear End,2,Cloudy,Dry,Daylight
2023-05-28T12:30:00.000,I 85,I 85 and Lawrenceville Suwanee Rd,,Rear End,2,Clear,Dry,Daylight
2023-03-04T16:30:00.000,I 85,I 85 and Lawrenceville Suwanee Rd,,Sideswipe-Same Direction,2,Clear,Dry,Daylight
2023-05-27T15:05:00.000,I 85,I 85 and Lawrenceville Suwanee Rd,,Rear End,2,Cloudy,Dry,Daylight
2023-10-07T21:40:00.000,I 85,I 85 and Lawrenceville Suwanee Rd,,Angle Crash,2,Clear,Dry,Dark-Not Lighted
2023-05-20T20:27:00.000,I 85,I 85 and Lawrenceville Suwanee Rd,,Angle Crash,4,Cloudy,Dry,Dark-Not Lighted
2023-12-01T15:00:00.000,I 85,I 85 and Lawrenceville Suwanee Rd,,Rear End,2,Cloudy,Wet,Daylight
2023-10-14T12:46:00.000,I 85,I 85 and Lawrenceville Suwanee Rd,,Rear End,2,Cloudy,Dry,Daylight
2023-01-06T14:52:00.000,I 85,I 85 and Lawrenceville Suwanee Rd,,Rear End,2,Clear,Dry,Daylight
2023-04-29T14:10:00.000,I 85,I 85 and Lawrenceville Suwanee Rd,,Sideswipe-Same Direction,2,Clear,Dry,Daylight
2023-06-10T14:54:00.000,I 85,I 85 and Lawrenceville Suwanee Rd,,Sideswipe-Opposite Direction,2,Clear,Dry,Daylight
2023-01-15T18:10:00.000,I 85,I 85 and Lawrenceville Suwanee Rd,,Rear End,2,Clear,Dry,Dark-Not Lighted
2023-10-29T13:45:00.000,I 85,I 85 and Lawrenceville Suwanee Rd,,Rear End,2,Clear,Dry,Daylight
2023-08-05T11:30:00.000,I 85,I 85 and Lawrenceville Suwanee Rd,,Rear End,3,Cloudy,Dry,Daylight
2023-06-29T06:40:00.000,I 85,I 85 and Lawrenceville Suwanee Rd,,Rear End,2,Clear,Dry,Daylight
2023-04-11T13:36:00.000,I 85,I 85 and Lawrenceville Suwanee Rd,,Rear End,2,Clear,Dry,Daylight
2023-03-18T12:38:00.000,I 85,I 85 and Lawrenceville Suwanee Rd,,Rear End,2,Clear,Dry,Daylight
2023-04-20T09:50:00.000,I 85,I 85 and Lawrenceville Suwanee Rd,,Sideswipe-Same Direction,2,Clear,Dry,Daylight
2023-09-11T17:25:00.000,I 85,I 85 and Lawrenceville Suwanee Rd,,Rear End,3,Clear,Dry,Daylight
2023-09-26T16:36:00.000,I 85,I 85 and Lawrenceville Suwanee Rd,,Rear End,3,Clear,Dry,Daylight
2023-04-15T00:35:00.000,I 85,I 85 and Lawrenceville Suwanee Rd,,Rear End,2,Clear,Dry,Dark-Not Lighted
2023-10-08T14:12:00.000,I 85,I 85 and Lawrenceville Suwanee Rd,,Angle Crash,2,Clear,Dry,Daylight
2023-06-22T08:50:00.000,I 85,I 85 and Lawrenceville Suwanee Rd,,Rear End,2,Cloudy,Dry,Daylight
2023-07-26T14:49:00.000,I 85,I 85 and Lawrenceville Suwanee Rd,,Sideswipe-Same Direction,2,Clear,Dry,Daylight
2023-03-31T07:20:00.000,I 85,I 85 and Lawrenceville Suwanee Rd,,Rear End,2,Clear,Dry,Daylight
2023-08-05T10:31:00.000,I 85,I 85 and Lawrenceville Suwanee Rd,,Rear End,2,Cloudy,Dry,Daylight
2023-08-22T14:40:00.000,I 85,I 85 and Lawrenceville Suwanee Rd,,Rear End,2,Clear,Dry,Daylight
2023-08-01T13:45:00.000,I 85,I 85 and Lawrenceville Suwanee Rd,,Rear End,2,Clear,Dry,Daylight
2023-07-23T13:30:00.000,I 85,I 85 and Lawrenceville Suwanee Rd,,Rear End,2,Clear,Dry,Daylight
2023-06-17T20:27:00.000,I 85,I 85 and Lawrenceville Suwanee Rd,,Angle Crash,2,Clear,Dry,Daylight
2023-10-14T14:40:00.000,I 85,I 85 and Lawrenceville Suwanee Rd,,Rear End,2,Clear,Dry,Daylight
2023-12-06T02:50:00.000,I 85,I 85 and Lawrenceville Suwanee Rd,,Head On,1,Clear,Dry,Dark-Not Lighted
2023-12-23T07:51:00.000,I 85,I 85 and Lawrenceville Suwanee Rd,,Sideswipe-Same Direction,2,Cloudy,Dry,Daylight
2023-03-27T16:55:00.000,I 85,I 85 and Lawrenceville Suwanee Rd,,Rear End,2,Clear,Dry,Daylight
2023-06-25T16:58:00.000,I 85,I 85 and Lawrenceville Suwanee Rd,,Rear End,2,Cloudy,Dry,Daylight
2023-10-18T16:40:00.000,I 85,I 85 and Lawrenceville Suwanee Rd,,Sideswipe-Same Direction,2,Clear,Dry,Daylight
2023-11-02T06:00:00.000,I 85,I 85 and Lawrenceville Suwanee Rd,,Sideswipe-Same Direction,2,Clear,Dry,Daylight
2023-05-03T16:52:00.000,I 85,I 85 and Lawrenceville Suwanee Rd,,Rear End,5,Clear,Dry,Daylight
2023-01-03T19:13:00.000,I 85,I 85 and Lawrenceville Suwanee Rd,,Sideswipe-Same Direction,2,Rain,Wet,Dark-Lighted
2023-01-30T21:10:00.000,I 85,I 85 and Lawrenceville Suwanee Rd,,Rear End,2,Cloudy,Dry,Dark-Lighted
2023-10-07T12:25:00.000,I 85,I 85 and Lawrenceville Suwanee Rd,,Rear End,2,Clear,Dry,Daylight
2023-05-03T16:44:00.000,I 85,I 85 and Lawrenceville Suwanee Rd,,Rear End,2,Clear,Dry,Daylight
2023-02-13T17:39:00.000,I 85,I 85 and Lawrenceville Suwanee Rd,,Rear End,2,Clear,Dry,Daylight
2023-07-12T07:55:00.000,I 85,I 85 and Lawrenceville Suwanee Rd,,Rear End,2,Clear,Dry,Daylight
2023-08-21T05:50:00.000,I 85,I 85 and Lawrenceville Suwanee Rd,,Sideswipe-Same Direction,2,Clear,Dry,Daylight
2023-11-04T19:40:00.000,I 85,I 85 and Lawrenceville Suwanee Rd,,Rear End,2,Clear,Dry,Dark-Not Lighted
2023-05-23T11:35:00.000,I 85,I 85 and Lawrenceville Suwanee Rd,,Sideswipe-Same Direction,2,Cloudy,Dry,Daylight
2023-12-12T18:33:00.000,I 85,I 85 and Lawrenceville Suwanee Rd,,Rear End,4,Clear,Dry,Dark-Not Lighted
2023-11-12T14:52:00.000,I 85,I 85 and Lawrenceville Suwanee Rd,,Rear End,2,Cloudy,Dry,Daylight
2023-10-25T19:25:00.000,I 85,I 85 and Lawrenceville Suwanee Rd,,Angle Crash,3,Clear,Dry,Dark-Not Lighted
2023-09-09T19:30:00.000,I 85,I 85 and Lawrenceville Suwanee Rd,,Rear End,3,Clear,Dry,Daylight
2023-09-22T09:06:00.000,I 85,I 85 and Lawrenceville Suwanee Rd,,Sideswipe-Same Direction,2,Clear,Dry,Daylight
2023-05-12T13:40:00.000,I 85,I 85 and Lawrenceville Suwanee Rd,,Rear End,3,Rain,Wet,Daylight
2023-07-30T03:30:00.000,I 85,I 85 and Lawrenceville Suwanee Rd,,Not a Collision with Motor Vehicle,1,Cloudy,Dry,Dark-Not Lighted
2023-08-01T18:00:00.000,I 85,I 85 and Lawrenceville Suwanee Rd,,Rear End,2,Clear,Dry,Daylight
2023-12-01T06:50:00.000,I 85,I 85 and Lawrenceville Suwanee Rd,,Rear End,2,Clear,Wet,Dark-Not Lighted
2023-08-11T13:40:00.000,I 85,I 85 and Lawrenceville Suwanee Rd,,Sideswipe-Same Direction,2,Clear,Dry,Daylight
2023-08-29T06:15:00.000,I 85,I 85 and Lawrenceville Suwanee Rd,,Sideswipe-Same Direction,2,Clear,Dry,Dark-Not Lighted
2023-07-15T10:00:00.000,I 85,I 85 and Lawrenceville Suwanee Rd,,Sideswipe-Same Direction,2,Clear,Dry,Daylight
2023-04-02T12:40:00.000,I 85,I 85 and Lawrenceville Suwanee Rd,,Rear End,3,Clear,Dry,Daylight
2023-07-01T11:45:00.000,I 85,I 85 and Lawrenceville Suwanee Rd,,Rear End,2,Clear,Dry,Daylight
2023-05-21T14:10:00.000,I 85,I 85 and Lawrenceville Suwanee Rd,,Rear End,2,Clear,Dry,Daylight
2023-09-09T23:30:00.000,I 85,I 85 and Lawrenceville Suwanee Rd,,Rear End,2,Cloudy,Dry,Dark-Lighted
2023-06-08T19:30:00.000,I 85,I 85 and Lawrenceville Suwanee Rd,,Rear End,2,Clear,Dry,Daylight
2023-01-16T19:20:00.000,I 85,I 85 and Lawrenceville Suwanee Rd,,Sideswipe-Same Direction,2,Clear,Dry,Dark-Not Lighted
2023-05-07T14:57:00.000,I 85,I 85 and Lawrenceville Suwanee Rd,,Rear End,2,Cloudy,Dry,Daylight
2023-07-14T23:30:00.000,I 85,I 85 and Lawrenceville Suwanee Rd,,Rear End,2,Clear,Dry,Dark-Not Lighted
2023-11-21T17:55:00.000,I 85,I 85 and Lawrenceville Suwanee Rd,,Rear End,2,Rain,Wet,Dark-Not Lighted
2023-10-21T15:20:00.000,I 85,I 85 and Lawrenceville Suwanee Rd,,Rear End,2,Clear,Dry,Daylight
2023-06-04T18:30:00.000,I 85,I 85 and Lawrenceville Suwanee Rd,,Rear End,3,Cloudy,Dry,Daylight
2023-12-05T10:04:00.000,I 85,I 85 and Lawrenceville Suwanee Rd,,Sideswipe-Same Direction,2,Clear,Dry,Daylight
2023-07-11T22:00:00.000,I 85,I 85 and Lawrenceville Suwanee Rd,,Rear End,2,Clear,Dry,Dark-Not Lighted
2023-04-25T09:23:00.000,I 85,I 85 and Lawrenceville Suwanee Rd,,Rear End,2,Clear,Dry,Daylight
2023-02-22T16:00:00.000,I 85,I 85 and Lawrenceville Suwanee Rd,,Sideswipe-Same Direction,2,Cloudy,Dry,Daylight
2023-01-29T10:20:00.000,I 85,I 85 and Lawrenceville Suwanee Rd,,Rear End,2,Cloudy,Dry,Daylight
2023-06-04T14:45:00.000,I 85,I 85 and Lawrenceville Suwanee Rd,,Rear End,2,Clear,Dry,Daylight
2023-03-30T10:25:00.000,I 85,I 85 and Lawrenceville Suwanee Rd,,Sideswipe-Same Direction,3,Clear,Dry,Daylight
2023-09-29T13:37:00.000,I 85,I 85 and Lawrenceville Suwanee Rd,,Sideswipe-Same Direction,2,Clear,Dry,Daylight
2023-08-05T07:15:00.000,I 85,I 85 and Lawrenceville Suwanee Rd,,Sideswipe-Same Direction,2,Clear,Dry,Daylight
2023-10-09T19:55:00.000,I 85,I 85 and Lawrenceville Suwanee Rd,,Rear End,2,Clear,Dry,Dark-Lighted
2023-09-02T14:30:00.000,I 85,I 85 and Lawrenceville Suwanee Rd,,Sideswipe-Same Direction,2,Clear,Dry,Daylight
2022-11-01T07:00:00.000,I 85,I 85 and Lawrenceville Suwanee Rd,,Rear End,2,Clear,Dry,Dark-Not Lighted
2022-02-19T08:30:00.000,I 85,I 85 and Lawrenceville Suwanee Rd,,Rear End,2,Clear,Dry,Daylight
2022-12-10T17:58:00.000,I 85,I 85 and Lawrenceville Suwanee Rd,,Rear End,2,Clear,Dry,Dark-Not Lighted
2023-06-12T10:20:00.000,I 85,I 85 and Lawrenceville Suwanee Rd,,Rear End,2,Cloudy,Dry,Daylight
2021-01-19T15:45:00.000,I 85,I 85 and Lawrenceville Suwanee Rd,,Rear End,2,Cloudy,Dry,Daylight
2020-10-22T20:00:00.000,I 85,I 85 and Lawrenceville Suwanee Rd,,Rear End,2,Clear,Dry,Dark-Lighted
2020-03-06T23:20:00.000,I 85,I 85 and Lawrenceville Suwanee Rd,,Angle Crash,3,Clear,Dry,Dark-Not Lighted
2020-02-11T20:30:00.000,I 85,I 85 and Lawrenceville Suwanee Rd,,Sideswipe-Same Direction,2,Cloudy,Wet,Dark-Not Lighted
2020-01-13T13:15:00.000,I 85,I 85 and Lawrenceville Suwanee Rd,,Rear End,2,Cloudy,Wet,Daylight
2020-09-24T19:45:00.000,I 85,I 85 and Lawrenceville Suwanee Rd,,Sideswipe-Same Direction,2,Rain,Wet,Dark-Not Lighted
2020-06-21T03:43:00.000,I 85,I 85 and Lawrenceville Suwanee Rd,,Angle Crash,2,Clear,Dry,Dark-Lighted
2020-11-22T15:35:00.000,I 85,I 85 and Lawrenceville Suwanee Rd,,Rear End,2,Clear,Dry,Daylight
2020-03-13T18:50:00.000,I 85,I 85 and Lawrenceville Suwanee Rd,,Rear End,2,Clear,Dry,Daylight
2020-06-09T18:40:00.000,I 85,I 85 and Lawrenceville Suwanee Rd,,Rear End,2,Rain,Wet,Daylight
2020-11-18T18:45:00.000,I 85,I 85 and Lawrenceville Suwanee Rd,,Rear End,2,Clear,Dry,Dark-Not Lighted
2020-08-16T10:30:00.000,I 85,I 85 and Lawrenceville Suwanee Rd,,Sideswipe-Same Direction,2,Clear,Dry,Daylight
2020-02-10T06:50:00.000,I 85,I 85 and Lawrenceville Suwanee Rd,,Rear End,2,Cloudy,Dry,Dawn
2020-07-01T13:38:00.000,I 85,I 85 and Lawrenceville Suwanee Rd,,Angle Crash,2,Cloudy,Dry,Daylight
2020-12-16T16:07:00.000,I 85,I 85 and Lawrenceville Suwanee Rd,,Rear End,2,Cloudy,Wet,Daylight
2020-11-07T06:55:00.000,I 85,I 85 and Lawrenceville Suwanee Rd,,Rear End,2,Clear,Dry,Daylight
2020-09-30T17:34:00.000,I 85,I 85 and Lawrenceville Suwanee Rd,,Rear End,3,Clear,Dry,Daylight
2020-06-01T16:14:00.000,I 85,I 85 and Lawrenceville Suwanee Rd,,Sideswipe-Same Direction,2,Clear,Dry,Daylight
2020-09-28T13:40:00.000,I 85,I 85 and Lawrenceville Suwanee Rd,,Sideswipe-Same Direction,2,Cloudy,Dry,Daylight
2020-09-25T14:35:00.000,I 85,I 85 and Lawrenceville Suwanee Rd,,Rear End,2,Cloudy,Dry,Daylight
2020-12-06T18:00:00.000,I 85,I 85 and Lawrenceville Suwanee Rd,,Not a Collision with Motor Vehicle,1,Cloudy,Dry,Dawn
2020-01-20T16:00:00.000,I 85,I 85 and Lawrenceville Suwanee Rd,,Sideswipe-Same Direction,2,Clear,Dry,Daylight
2020-03-12T23:40:00.000,I 85,I 85 and Lawrenceville Suwanee Rd,,Rear End,2,Clear,Dry,Dark-Not Lighted
2020-11-22T15:40:00.000,I 85,I 85 and Lawrenceville Suwanee Rd,,Rear End,2,Clear,Dry,Daylight
2020-08-17T22:31:00.000,I 85,I 85 and Lawrenceville Suwanee Rd,,Not a Collision with Motor Vehicle,1,Clear,Dry,Dark-Not Lighted
2020-01-15T18:10:00.000,I 85,I 85 and Lawrenceville Suwanee Rd,,Rear End,3,Clear,Dry,Dark-Lighted
2020-09-30T15:40:00.000,I 85,I 85 and Lawrenceville Suwanee Rd,,Rear End,3,Clear,Dry,Daylight
2020-02-14T23:50:00.000,I 85,I 85 and Lawrenceville Suwanee Rd,,Not a Collision with Motor Vehicle,1,Clear,Dry,Dark-Not Lighted
2020-11-21T16:08:00.000,I 85,I 85 and Lawrenceville Suwanee Rd,,Rear End,5,Cloudy,Dry,Daylight
2020-02-03T10:35:00.000,I 85,I 85 and Lawrenceville Suwanee Rd,,Rear End,2,Clear,Dry,Daylight
2020-10-04T13:00:00.000,I 85,I 85 and Lawrenceville Suwanee Rd,,Rear End,2,Cloudy,Dry,Daylight
2020-11-17T17:25:00.000,I 85,I 85 and Lawrenceville Suwanee Rd,,Rear End,3,Clear,Dry,Daylight
2020-09-25T15:41:00.000,I 85,I 85 and Lawrenceville Suwanee Rd,,Rear End,2,Cloudy,Wet,Daylight
2020-03-14T17:35:00.000,I 85,I 85 and Lawrenceville Suwanee Rd,,Not a Collision with Motor Vehicle,1,Clear,Dry,Daylight
2020-03-06T14:51:00.000,I 85,I 85 and Lawrenceville Suwanee Rd,,Rear End,2,Clear,Dry,Daylight
2020-01-13T09:45:00.000,I 85,I 85 and Lawrenceville Suwanee Rd,,Rear End,2,Rain,Wet,Daylight
2020-06-02T17:10:00.000,I 85,I 85 and Lawrenceville Suwanee Rd,,Rear End,2,Clear,Dry,Daylight
2020-01-20T20:15:00.000,I 85,I 85 and Lawrenceville Suwanee Rd,,Rear End,2,Clear,Dry,Dark-Not Lighted
2020-01-31T10:25:00.000,I 85,I 85 and Lawrenceville Suwanee Rd,,Rear End,3,Rain,Wet,Daylight
2020-11-28T04:37:00.000,I 85,I 85 and Lawrenceville Suwanee Rd,,Sideswipe-Same Direction,2,Clear,Wet,Dark-Lighted
2020-10-25T19:45:00.000,I 85,I 85 and Lawrenceville Suwanee Rd,,Angle Crash,2,Clear,Dry,Dark-Lighted
2020-10-02T22:05:00.000,I 85,I 85 and Lawrenceville Suwanee Rd,,Angle Crash,2,Clear,Dry,Dark-Lighted
2020-09-09T22:46:00.000,I 85,I 85 and Lawrenceville Suwanee Rd,,Not a Collision with Motor Vehicle,1,Clear,Dry,Dark-Not Lighted
2020-10-18T16:00:00.000,I 85,I 85 and Lawrenceville Suwanee Rd,,Rear End,2,Clear,Dry,Daylight
2020-09-27T13:25:00.000,I 85,I 85 and Lawrenceville Suwanee Rd,,Rear End,2,Clear,Dry,Daylight
2021-04-25T22:45:00.000,I 85,I 85 and Lawrenceville Suwanee Rd,,Rear End,2,Rain,Wet,Dark-Not Lighted
2021-04-24T21:55:00.000,I 85,I 85 and Lawrenceville Suwanee Rd,,Rear End,2,Rain,Wet,Daylight
2021-05-11T16:40:00.000,I 85,I 85 and Lawrenceville Suwanee Rd,,Rear End,2,Clear,Dry,Daylight
2021-01-22T19:54:00.000,I 85,I 85 and Lawrenceville Suwanee Rd,,Sideswipe-Same Direction,2,Clear,Dry,Dark-Not Lighted
2021-06-13T23:00:00.000,I 85,I 85 and Lawrenceville Suwanee Rd,,Rear End,3,Cloudy,Dry,Dark-Not Lighted
2021-02-10T20:40:00.000,I 85,I 85 and Lawrenceville Suwanee Rd,,Rear End,2,Cloudy,Dry,Dark-Not Lighted
2021-04-11T12:30:00.000,I 85,I 85 and Lawrenceville Suwanee Rd,,Rear End,2,Clear,Dry,Daylight
2021-02-24T01:40:00.000,I 85,I 85 and Lawrenceville Suwanee Rd,,Not a Collision with Motor Vehicle,1,Clear,Dry,Dark-Not Lighted
2021-08-14T13:50:00.000,I 85,I 85 and Lawrenceville Suwanee Rd,,Sideswipe-Same Direction,2,Clear,Dry,Daylight
2021-07-21T09:45:00.000,I 85,I 85 and Lawrenceville Suwanee Rd,,Sideswipe-Same Direction,2,Cloudy,Dry,Daylight
2021-09-12T14:05:00.000,I 85,I 85 and Lawrenceville Suwanee Rd,,Rear End,2,Clear,Dry,Daylight
2021-09-07T22:14:00.000,I 85,I 85 and Lawrenceville Suwanee Rd,,Rear End,4,Clear,Dry,Dark-Lighted
2021-12-06T12:10:00.000,I 85,I 85 and Lawrenceville Suwanee Rd,,Rear End,2,Rain,Wet,Daylight
2021-09-15T17:50:00.000,I 85,I 85 and Lawrenceville Suwanee Rd,,Rear End,2,Rain,Wet,Dark-Lighted
2021-07-13T01:32:00.000,I 85,I 85 and Lawrenceville Suwanee Rd,,Sideswipe-Same Direction,2,Clear,Dry,Dark-Not Lighted
2021-11-25T11:00:00.000,I 85,I 85 and Lawrenceville Suwanee Rd,,Angle Crash,2,Clear,Dry,Daylight
2021-10-30T07:27:00.000,I 85,I 85 and Lawrenceville Suwanee Rd,,Sideswipe-Same Direction,2,Cloudy,Dry,Dark-Not Lighted
2021-10-03T12:45:00.000,I 85,I 85 and Lawrenceville Suwanee Rd,,Rear End,2,Cloudy,Dry,Daylight
2021-09-25T20:10:00.000,I 85,I 85 and Lawrenceville Suwanee Rd,,Rear End,2,Clear,Dry,Dark-Not Lighted
2021-07-17T17:25:00.000,I 85,I 85 and Lawrenceville Suwanee Rd,,Rear End,2,Clear,Dry,Daylight
2021-12-15T17:25:00.000,I 85,I 85 and Lawrenceville Suwanee Rd,,Rear End,2,Clear,Dry,Daylight
2022-01-05T23:15:00.000,I 85,I 85 and Lawrenceville Suwanee Rd,,Rear End,2,Clear,Dry,Dark-Not Lighted
2022-01-18T18:30:00.000,I 85,I 85 and Lawrenceville Suwanee Rd,,Rear End,2,Clear,Dry,Dark-Not Lighted
2022-03-23T16:32:00.000,I 85,I 85 and Lawrenceville Suwanee Rd,,Rear End,2,Cloudy,Dry,Daylight
2022-05-22T14:27:00.000,I 85,I 85 and Lawrenceville Suwanee Rd,,Rear End,2,Clear,Dry,Daylight
2022-09-02T16:48:00.000,I 85,I 85 and Lawrenceville Suwanee Rd,,Rear End,2,Cloudy,Dry,Daylight
2022-07-02T12:15:00.000,I 85,I 85 and Lawrenceville Suwanee Rd,,Angle Crash,2,Clear,Dry,Daylight
2021-10-10T15:00:00.000,I 85,I 85 and Lawrenceville Suwanee Rd,,Rear End,2,Clear,Dry,Daylight
2021-07-03T13:05:00.000,I 85,I 85 and Lawrenceville Suwanee Rd,,Rear End,2,Clear,Dry,Daylight
2021-08-23T21:35:00.000,I 85,I 85 and Lawrenceville Suwanee Rd,,Sideswipe-Same Direction,2,Clear,Dry,Dark-Lighted
2021-11-20T15:30:00.000,I 85,I 85 and Lawrenceville Suwanee Rd,,Sideswipe-Same Direction,2,Clear,Dry,Daylight
2021-12-19T16:00:00.000,I 85,I 85 and Lawrenceville Suwanee Rd,,Rear End,2,Clear,Dry,Daylight
2021-10-24T14:20:00.000,I 85,I 85 and Lawrenceville Suwanee Rd,,Rear End,2,Clear,Dry,Daylight
2021-07-18T08:45:00.000,I 85,I 85 and Lawrenceville Suwanee Rd,,Angle Crash,2,Cloudy,Wet,Daylight
2022-06-10T18:32:00.000,I 85,I 85 and Lawrenceville Suwanee Rd,,Rear End,2,Clear,Dry,Daylight