Date and Time,Roadway (From Crash Report),Intersection Name (from Crash Report),KABCO Severity,Manner of Collision (Crash Level) ,# of Vehicles per crash ,Weather Conditions (Crash Level),Surface Condition (Crash Level) ,Light Conditions (Crash Level)
2022-10-18T18:05:00.000,I 85,I 85 and Lawrenceville Suwanee Rd,,Rear End,2,Clear,Dry,Daylight
2022-09-09T19:50:00.000,I 85,I 85 and Lawrenceville Suwanee Rd,,Angle Crash,1,Clear,Dry,Dark-Not Lighted
2022-11-04T17:45:00.000,I 85,I 85 and Lawrenceville Suwanee Rd,,Rear End,2,Clear,Dry,Daylight
2022-09-21T22:32:00.000,I 85,I 85 and Lawrenceville Suwanee Rd,,Sideswipe-Same Direction,2,Clear,Dry,Daylight
2022-10-15T13:05:00.000,I 85,I 85 and Lawrenceville Suwanee Rd,,Rear End,2,Clear,Dry,Daylight
2022-10-01T14:10:00.000,I 85,I 85 and Lawrenceville Suwanee Rd,,Sideswipe-Same Direction,2,Clear,Dry,Daylight
2022-04-13T16:00:00.000,I 85,I 85 and Lawrenceville Suwanee Rd,,Rear End,2,Clear,Dry,Daylight
2022-03-05T14:55:00.000,I 85,I 85 and Lawrenceville Suwanee Rd,,Sideswipe-Same Direction,2,Clear,Dry,Daylight
2022-04-23T11:43:00.000,I 85,I 85 and Lawrenceville Suwanee Rd,,Rear End,2,Clear,Dry,Daylight
2022-10-12T18:25:00.000,I 85,I 85 and Lawrenceville Suwanee Rd,,Rear End,2,Rain,Wet,Dark-Lighted
2022-05-21T14:40:00.000,I 85,I 85 and Lawrenceville Suwanee Rd,,Rear End,2,Clear,Dry,Daylight
2022-12-28T06:42:00.000,I 85,I 85 and Lawrenceville Suwanee Rd,,Not a Collision with Motor Vehicle,1,Clear,Dry,Dark-Lighted
2022-06-03T23:00:00.000,I 85,I 85 and Lawrenceville Suwanee Rd,,Sideswipe-Same Direction,2,Clear,Dry,Dark-Lighted
2022-09-21T18:15:00.000,I 85,I 85 and Lawrenceville Suwanee Rd,,Angle Crash,3,Clear,Dry,Daylight
2022-07-04T22:00:00.000,I 85,I 85 and Lawrenceville Suwanee Rd,,Rear End,2,Clear,Dry,Dark-Lighted
2022-04-29T05:06:00.000,I 85,I 85 and Lawrenceville Suwanee Rd,,Not a Collision with Motor Vehicle,1,Clear,Dry,Dark-Not Lighted
2022-09-14T08:46:00.000,I 85,I 85 and Lawrenceville Suwanee Rd,,Rear End,2,Clear,Dry,Daylight
2022-07-18T19:10:00.000,I 85,I 85 and Lawrenceville Suwanee Rd,,Rear End,2,Cloudy,Wet,Daylight
2022-03-15T05:45:00.000,I 85,I 85 and Lawrenceville Suwanee Rd,,Rear End,3,Clear,Dry,Dark-Not Lighted
2022-01-05T16:20:00.000,I 85,I 85 and Lawrenceville Suwanee Rd,,Rear End,2,Clear,Dry,Daylight
2022-03-10T17:20:00.000,I 85,I 85 and Lawrenceville Suwanee Rd,,Rear End,2,Clear,Dry,Daylight
2022-11-27T03:30:00.000,I 85,I 85 and Lawrenceville Suwanee Rd,,Not a Collision with Motor Vehicle,1,Rain,Wet,Dark-Lighted
2022-08-19T20:15:00.000,I 85,I 85 and Lawrenceville Suwanee Rd,,Not a Collision with Motor Vehicle,1,Cloudy,Dry,Dark-Not Lighted
2022-12-17T15:10:00.000,I 85,I 85 and Lawrenceville Suwanee Rd,,Rear End,3,Clear,Dry,Daylight
2022-11-07T07:00:00.000,I 85,I 85 and Lawrenceville Suwanee Rd,,Rear End,2,Clear,Dry,Daylight
2022-12-12T19:45:00.000,I 85,I 85 and Lawrenceville Suwanee Rd,,Angle Crash,2,Clear,Dry,Daylight
2021-07-10T00:07:00.000,I 85,I 85 and Lawrenceville Suwanee Rd,,Not a Collision with Motor Vehicle,1,Clear,Dry,Dark-Not Lighted
2021-08-18T18:35:00.000,I 85,I 85 and Lawrenceville Suwanee Rd,,Sideswipe-Same Direction,2,Clear,Dry,Daylight
2021-07-21T20:10:00.000,I 85,I 85 and Lawrenceville Suwanee Rd,,Sideswipe-Same Direction,3,Clear,Dry,Daylight
2022-07-12T16:40:00.000,I 85,I 85 and Lawrenceville Suwanee Rd,,Rear End,2,Clear,Dry,Daylight
2022-07-09T03:00:00.000,I 85,I 85 and Lawrenceville Suwanee Rd,,Sideswipe-Same Direction,3,Cloudy,Wet,Dark-Not Lighted
2022-11-11T18:25:00.000,I 85,I 85 and Lawrenceville Suwanee Rd,,Rear End,2,Cloudy,Wet,Dawn
2022-10-28T15:37:00.000,I 85,I 85 and Lawrenceville Suwanee Rd,,Rear End,2,Clear,Dry,Daylight
2022-05-21T15:05:00.000,I 85,I 85 and Lawrenceville Suwanee Rd,,Rear End,2,Clear,Dry,Daylight
2022-06-18T20:05:00.000,I 85,I 85 and Lawrenceville Suwanee Rd,,Rear End,2,Clear,Dry,Daylight
2022-07-02T15:05:00.000,I 85,I 85 and Lawrenceville Suwanee Rd,,Rear End,2,Clear,Dry,Daylight
2022-12-18T15:00:00.000,I 85,I 85 and Lawrenceville Suwanee Rd,,Rear End,2,Clear,Dry,Daylight
2022-05-25T08:02:00.000,I 85,I 85 and Lawrenceville Suwanee Rd,,Rear End,3,Cloudy,Dry,Daylight
2022-09-28T21:50:00.000,I 85,I 85 and Lawrenceville Suwanee Rd,,Sideswipe-Same Direction,2,Clear,Dry,Dark-Lighted
2022-11-10T01:25:00.000,I 85,I 85 and Lawrenceville Suwanee Rd,,Not a Collision with Motor Vehicle,1,Clear,Dry,Dark-Lighted
2022-04-30T11:29:00.000,I 85,I 85 and Lawrenceville Suwanee Rd,,Rear End,3,Clear,Dry,Daylight
2022-06-01T15:53:00.000,I 85,I 85 and Lawrenceville Suwanee Rd,,Rear End,2,Clear,Dry,Daylight
2022-10-18T06:35:00.000,I 85,I 85 and Lawrenceville Suwanee Rd,,Sideswipe-Same Direction,2,Clear,Dry,Dawn
2022-10-05T07:00:00.000,I 85,I 85 and Lawrenceville Suwanee Rd,,Rear End,2,Clear,Dry,Daylight
2022-09-23T18:45:00.000,I 85,I 85 and Lawrenceville Suwanee Rd,,Sideswipe-Same Direction,2,Clear,Dry,Daylight
2022-12-18T14:43:00.000,I 85,I 85 and Lawrenceville Suwanee Rd,,Rear End,2,Clear,Dry,Daylight
2022-01-29T06:00:00.000,I 85,I 85 and Lawrenceville Suwanee Rd,,Not a Collision with Motor Vehicle,1,Clear,Dry,Dark-Not Lighted
2022-10-21T19:50:00.000,I 85,I 85 and Lawrenceville Suwanee Rd,,Rear End,2,Clear,Dry,Dark-Not Lighted
2022-06-08T14:48:00.000,I 85,I 85 and Lawrenceville Suwanee Rd,,Rear End,2,Cloudy,Dry,Daylight
2022-09-02T17:45:00.000,I 85,I 85 and Lawrenceville Suwanee Rd,,Rear End,2,Cloudy,Dry,Daylight
2022-03-03T20:15:00.000,I 85,I 85 and Lawrenceville Suwanee Rd,,Sideswipe-Same Direction,2,Clear,Dry,Dark-Not Lighted
2022-09-24T13:20:00.000,I 85,I 85 and Lawrenceville Suwanee Rd,,Sideswipe-Same Direction,2,Clear,Dry,Daylight
2022-03-09T14:57:00.000,I 85,I 85 and Lawrenceville Suwanee Rd,,Sideswipe-Same Direction,2,Cloudy,Dry,Daylight
2022-10-28T08:35:00.000,I 85,I 85 and Lawrenceville Suwanee Rd,,Angle Crash,2,Clear,Dry,Daylight
2022-04-12T19:00:00.000,I 85,I 85 and Lawrenceville Suwanee Rd,,Rear End,2,Cloudy,Dry,Daylight
2022-10-14T22:20:00.000,I 85,I 85 and Lawrenceville Suwanee Rd,,Rear End,2,Clear,Dry,Dark-Lighted
2022-12-01T21:12:00.000,I 85,I 85 and Lawrenceville Suwanee Rd,,Rear End,2,Clear,Dry,Dark-Lighted
2022-04-07T23:20:00.000,I 85,I 85 and Lawrenceville Suwanee Rd,,Not a Collision with Motor Vehicle,4,Cloudy,Dry,Dark-Not Lighted
2022-11-13T00:00:00.000,I 85,I 85 and Lawrenceville Suwanee Rd,,Rear End,2,Clear,Dry,Dark-Not Lighted
2022-09-21T17:45:00.000,I 85,I 85 and Lawrenceville Suwanee Rd,,Rear End,2,Clear,Dry,Daylight
2022-09-21T16:45:00.000,I 85,I 85 and Lawrenceville Suwanee Rd,,Sideswipe-Same Direction,2,Clear,Dry,Daylight
2022-03-17T06:21:00.000,I 85,I 85 and Lawrenceville Suwanee Rd,,Rear End,3,Clear,Wet,Dark-Not Lighted
2022-07-14T14:00:00.000,I 85,I 85 and Lawrenceville Suwanee Rd,,Rear End,2,Clear,Dry,Daylight
2022-09-21T16:25:00.000,I 85,I 85 and Lawrenceville Suwanee Rd,,Rear End,2,Clear,Dry,Daylight
2022-10-05T16:00:00.000,I 85,I 85 and Lawrenceville Suwanee Rd,,Rear End,2,Clear,Dry,Daylight
2022-01-05T18:30:00.000,I 85,I 85 and Lawrenceville Suwanee Rd,,Rear End,2,Clear,Dry,Dark-Lighted
2022-12-04T04:05:00.000,I 85,I 85 and Lawrenceville Suwanee Rd,,Rear End,3,Clear,Dry,Dark-Lighted
2022-06-23T19:57:00.000,I 85,I 85 and Lawrenceville Suwanee Rd,,Rear End,2,Clear,Dry,Daylight
2022-05-14T23:22:00.000,I 85,I 85 and Lawrenceville Suwanee Rd,,Rear End,2,Cloudy,Dry,Daylight
2022-12-02T19:28:00.000,I 85,I 85 and Lawrenceville Suwanee Rd,,Sideswipe-Same Direction,2,Cloudy,Dry,Dark-Lighted
2022-03-05T14:35:00.000,I 85,I 85 and Lawrenceville Suwanee Rd,,Sideswipe-Same Direction,4,Clear,Dry,Daylight
2022-04-10T03:00:00.000,I 85,I 85 and Lawrenceville Suwanee Rd,,Not a Collision with Motor Vehicle,1,Clear,Dry,Dark-Not Lighted
2022-12-11T10:28:00.000,I 85,I 85 and Lawrenceville Suwanee Rd,,Angle Crash,2,Rain,Wet,Daylight
2022-08-20T15:42:00.000,I 85,I 85 and Lawrenceville Suwanee Rd,,Angle Crash,2,Clear,Dry,Daylight
2022-05-21T15:33:00.000,I 85,I 85 and Lawrenceville Suwanee Rd,,Rear End,2,Cloudy,Dry,Daylight
2022-05-08T18:22:00.000,I 85,I 85 and Lawrenceville Suwanee Rd,,Angle Crash,2,Clear,Dry,Daylight
2022-06-21T20:30:00.000,I 85,I 85 and Lawrenceville Suwanee Rd,,Rear End,2,Cloudy,Dry,Dusk
2022-03-06T10:15:00.000,I 85,I 85 and Lawrenceville Suwanee Rd,,Angle Crash,2,Clear,Dry,Daylight
2022-06-24T23:20:00.000,I 85,I 85 and Lawrenceville Suwanee Rd,,Not a Collision with Motor Vehicle,1,Clear,Dry,Daylight
2022-11-26T11:00:00.000,I 85,I 85 and Lawrenceville Suwanee Rd,,Sideswipe-Same Direction,2,Clear,Dry,Daylight
2022-11-04T22:18:00.000,I 85,I 85 and Lawrenceville Suwanee Rd,,Sideswipe-Same Direction,2,Clear,Dry,Daylight
2022-03-10T16:00:00.000,I 85,I 85 and Lawrenceville Suwanee Rd,,Angle Crash,2,Clear,Dry,Daylight
2022-04-12T16:20:00.000,I 85,I 85 and Lawrenceville Suwanee Rd,,Rear End,2,Clear,Dry,Daylight
2022-09-14T17:40:00.000,I 85,I 85 and Lawrenceville Suwanee Rd,,Rear End,2,Clear,Dry,Daylight
2022-04-12T18:20:00.000,I 85,I 85 and Lawrenceville Suwanee Rd,,Rear End,2,Cloudy,Dry,Daylight
2022-07-02T12:25:00.000,I 85,I 85 and Lawrenceville Suwanee Rd,,Rear End,2,Clear,Dry,Daylight
2022-12-17T15:35:00.000,I 85,I 85 and Lawrenceville Suwanee Rd,,Sideswipe-Same Direction,2,Clear,Dry,Daylight
2022-11-27T15:00:00.000,I 85,I 85 and Lawrenceville Suwanee Rd,,Angle Crash,2,Clear,Dry,Daylight
2022-05-08T19:42:00.000,I 85,I 85 and Lawrenceville Suwanee Rd,,Rear End,2,Clear,Dry,Daylight
2022-07-06T14:10:00.000,I 85,I 85 and Lawrenceville Suwanee Rd,,Angle Crash,2,Clear,Dry,Daylight
2022-11-27T15:19:00.000,I 85,I 85 and Lawrenceville Suwanee Rd,,Rear End,2,Clear,Dry,Daylight
2022-10-30T16:40:00.000,I 85,I 85 and Lawrenceville Suwanee Rd,,Rear End,2,Rain,Wet,Daylight
2022-09-22T15:45:00.000,I 85,I 85 and Lawrenceville Suwanee Rd,,Rear End,2,Clear,Dry,Daylight
2022-09-24T21:40:00.000,I 85,I 85 and Lawrenceville Suwanee Rd,,Rear End,2,Clear,Dry,Dark-Lighted
2022-12-21T19:20:00.000,I 85,I 85 and Lawrenceville Suwanee Rd,,Angle Crash,2,Cloudy,Wet,Dark-Lighted
2022-12-03T17:50:00.000,I 85,I 85 and Lawrenceville Suwanee Rd,,Rear End,2,Clear,Wet,Dark-Not Lighted
2022-11-26T07:22:00.000,I 85,I 85 and Lawrenceville Suwanee Rd,,Sideswipe-Same Direction,2,Clear,Dry,Daylight
2022-12-24T18:50:00.000,I 85,I 85 and Lawrenceville Suwanee Rd,,Sideswipe-Same Direction,2,Clear,Dry,Dark-Not Lighted
2022-06-01T15:53:00.000,I 85,I 85 and Lawrenceville Suwanee Rd,,Sideswipe-Same Direction,2,Clear,Dry,Daylight
2022-09-24T10:00:00.000,I 85,I 85 and Lawrenceville Suwanee Rd,,Sideswipe-Same Direction,2,Clear,Dry,Daylight
2022-08-11T22:34:00.000,I 85,I 85 and Lawrenceville Suwanee Rd,,Sideswipe-Same Direction,2,Cloudy,Dry,Dark-Not Lighted
2022-11-19T20:50:00.000,I 85,I 85 and Lawrenceville Suwanee Rd,,Rear End,2,Clear,Dry,Dark-Not Lighted
2022-10-19T16:21:00.000,I 85,I 85 and Lawrenceville Suwanee Rd,,Sideswipe-Same Direction,2,Clear,Dry,Daylight
2022-10-19T03:16:00.000,I 85,I 85 and Lawrenceville Suwanee Rd,,Angle Crash,2,Clear,Dry,Daylight
2022-12-22T07:15:00.000,I 85,I 85 and Lawrenceville Suwanee Rd,,Sideswipe-Same Direction,2,Clear,Wet,Dark-Not Lighted
2022-12-10T18:01:00.000,I 85,I 85 and Lawrenceville Suwanee Rd,,Rear End,2,Clear,Dry,Dark-Not Lighted
2022-02-23T18:57:00.000,I 85,I 85 and Lawrenceville Suwanee Rd,,Rear End,3,Clear,Dry,Dark-Lighted
2022-12-20T19:50:00.000,I 85,I 85 and Lawrenceville Suwanee Rd,,Rear End,2,Cloudy,Wet,Dark-Not Lighted
2022-12-07T17:43:00.000,I 85,I 85 and Lawrenceville Suwanee Rd,,Rear End,3,Rain,Wet,Dark-Lighted
2023-07-07T17:29:00.000,I 85,I 85 and Lawrenceville Suwanee Rd,,Rear End,2,Clear,Dry,Daylight
2023-12-20T06:20:00.000,I 85,I 85 and Lawrenceville Suwanee Rd,,Angle Crash,2,Clear,Dry,Dark-Not Lighted
2023-09-15T05:30:00.000,I 85,I 85 and Lawrenceville Suwanee Rd,,Sideswipe-Same Direction,3,Clear,Dry,Dark-Not Lighted
2023-11-20T14:55:00.000,I 85,I 85 and Lawrenceville Suwanee Rd,,Rear End,2,Cloudy,Dry,Daylight
2023-12-10T07:47:00.000,I 85,I 85 and Lawrenceville Suwanee Rd,,Not a Collision with Motor Vehicle,1,Rain,Wet,Daylight
2023-06-04T15:20:00.000,I 85,I 85 and Lawrenceville Suwanee Rd,,Rear End,3,Clear,Dry,Daylight
2023-12-16T15:50:00.000,I 85,I 85 and Lawrenceville Suwanee Rd,,Sideswipe-Same Direction,2,Clear,Dry,Daylight
2023-01-01T02:39:00.000,I 85,I 85 and Lawrenceville Suwanee Rd,,Angle Crash,2,Fog,Wet,Dark-Lighted
2023-05-18T07:43:00.000,I 85,I 85 and Lawrenceville Suwanee Rd,,Sideswipe-Same Direction,2,Cloudy,Dry,Daylight
2024-05-05T19:50:00.000,I 85,I 85 and Lawrenceville Suwanee Rd,,Rear End,2,Cloudy,Wet,Daylight
2024-01-09T14:21:00.000,I 85,I 85 and Lawrenceville Suwanee Rd,,Angle Crash,2,Clear,Wet,Daylight
2024-04-08T19:53:00.000,I 85,I 85 and Lawrenceville Suwanee Rd,,Not a Collision with Motor Vehicle,1,Clear,Dry,Daylight
2024-01-08T22:47:00.000,I 85,I 85 and Lawrenceville Suwanee Rd,,Not a Collision with Motor Vehicle,1,Rain,Wet,Dark-Not Lighted
2024-10-09T16:30:00.000,I 85,I 85 and Lawrenceville Suwanee Rd,,Rear End,2,Clear,Dry,Daylight
2024-05-07T02:06:00.000,I 85,I 85 and Lawrenceville Suwanee Rd,,Sideswipe-Same Direction,2,Clear,Dry,Dark-Lighted
2024-11-20T19:40:00.000,I 85,I 85 and Lawrenceville Suwanee Rd,,Not a Collision with Motor Vehicle,1,Clear,Dry,Dark-Not Lighted
2024-06-14T15:47:00.000,I 85,I 85 and Lawrenceville Suwanee Rd,,Rear End,2,Clear,Dry,Daylight
2024-01-08T04:21:00.000,I 85,I 85 and Lawrenceville Suwanee Rd,,Sideswipe-Same Direction,2,Cloudy,Dry,Dark-Not Lighted
2024-12-15T18:00:00.000,I 85,I 85 and Lawrenceville Suwanee Rd,,Rear End,2,Rain,Wet,Dark-Lighted
2024-03-30T10:56:00.000,I 85,I 85 and Lawrenceville Suwanee Rd,,Sideswipe-Same Direction,2,Clear,Dry,Daylight
2024-07-17T20:50:00.000,I 85,I 85 and Lawrenceville Suwanee Rd,,Sideswipe-Same Direction,2,Cloudy,Dry,(None)
2024-10-22T06:10:00.000,I 85,I 85 and Lawrenceville Suwanee Rd,,Sideswipe-Same Direction,2,Clear,Dry,Dark-Not Lighted
2024-03-10T16:15:00.000,I 85,I 85 and Lawrenceville Suwanee Rd,,Rear End,2,Clear,Dry,Daylight
2024-11-18T21:30:00.000,I 85,I 85 and Lawrenceville Suwanee Rd,,Angle Crash,2,Clear,Dry,Dark-Lighted
2024-08-28T17:17:00.000,I 85,I 85 and Lawrenceville Suwanee Rd,,Rear End,2,Clear,Dry,Daylight
2024-07-16T00:39:00.000,I 85,I 85 and Lawrenceville Suwanee Rd,,Not a Collision with Motor Vehicle,1,Cloudy,Dry,Dark-Not Lighted
2024-09-18T20:15:00.000,I 85,I 85 and Lawrenceville Suwanee Rd,,Angle Crash,2,Clear,Dry,Dawn
2024-01-03T05:00:00.000,I 85,I 85 and Lawrenceville Suwanee Rd,,Not a Collision with Motor Vehicle,1,Clear,Dry,Dark-Not Lighted
2024-03-01T20:11:00.000,I 85,I 85 and Lawrenceville Suwanee Rd,,Rear End,2,Rain,Wet,Dark-Not Lighted
2024-06-10T03:46:00.000,I 85,I 85 and Lawrenceville Suwanee Rd,,Rear End,2,Cloudy,Dry,Daylight
2024-09-01T13:33:00.000,I 85,I 85 and Lawrenceville Suwanee Rd,,Rear End,3,Clear,Dry,Daylight
2024-12-20T18:35:00.000,I 85,I 85 and Lawrenceville Suwanee Rd,,Rear End,2,Clear,Dry,Dawn
2024-03-03T15:20:00.000,I 85,I 85 and Lawrenceville Suwanee Rd,,Rear End,2,Clear,Dry,Daylight
2024-09-08T20:37:00.000,I 85,I 85 and Lawrenceville Suwanee Rd,,Sideswipe-Same Direction,2,Clear,Dry,Dark-Not Lighted
2024-11-15T23:45:00.000,I 85,I 85 and Lawrenceville Suwanee Rd,,Not a Collision with Motor Vehicle,1,Clear,Dry,Dark-Not Lighted
2023-04-05T11:30:00.000,I 85,I 85 and Lawrenceville Suwanee Rd,,Sideswipe-Same Direction,2,Clear,Dry,Daylight
2023-06-25T12:25:00.000,I 85,I 85 and Lawrenceville Suwanee Rd,,Rear End,2,Clear,Dry,Daylight
2023-07-25T19:00:00.000,I 85,I 85 and Lawrenceville Suwanee Rd,,Rear End,2,Clear,Dry,Daylight
2023-06-11T14:40:00.000,I 85,I 85 and Lawrenceville Suwanee Rd,,Sideswipe-Same Direction,2,Cloudy,Dry,Daylight
2023-04-10T18:05:00.000,I 85,I 85 and Lawrenceville Suwanee Rd,,Rear End,3,Clear,Dry,Daylight
2023-09-16T17:30:00.000,I 85,I 85 and Lawrenceville Suwanee Rd,,Sideswipe-Same Direction,2,Cloudy,Wet,Daylight
2023-05-24T08:40:00.000,I 85,I 85 and Lawrenceville Suwanee Rd,,Sideswipe-Same Direction,3,Clear,Dry,Daylight
2024-11-23T20:20:00.000,I 85,I 85 and Lawrenceville Suwanee Rd,,Rear End,2,Clear,Dry,Dark-Lighted
2024-02-10T19:15:00.000,I 85,I 85 and Lawrenceville Suwanee Rd,,Not a Collision with Motor Vehicle,1,Cloudy,Wet,Dark-Not Lighted
2024-07-24T11:10:00.000,I 85,I 85 and Lawrenceville Suwanee Rd,,Angle Crash,2,Clear,Dry,Daylight
2024-06-11T18:35:00.000,I 85,I 85 and Lawrenceville Suwanee Rd,,Sideswipe-Same Direction,2,Clear,Dry,Daylight
2023-04-22T17:15:00.000,I 85,I 85 and Lawrenceville Suwanee Rd,,Rear End,2,Clear,Dry,Daylight
2023-06-17T01:15:00.000,I 85,I 85 and Lawrenceville Suwanee Rd,,Not a Collision with Motor Vehicle,1,Clear,Dry,Dark-Not Lighted
2023-12-17T13:15:00.000,I 85,I 85 and Lawrenceville Suwanee Rd,,Not a Collision with Motor Vehicle,1,Rain,Water (standing or moving),Daylight
2023-07-26T14:36:00.000,I 85,I 85 and Lawrenceville Suwanee Rd,,Rear End,2,Clear,Dry,Daylight
2023-02-01T15:00:00.000,I 85,I 85 and Lawrenceville Suwanee Rd,,Angle Crash,3,Clear,Dry,Daylight
2023-03-24T17:46:00.000,I 85,I 85 and Lawrenceville Suwanee Rd,,Rear End,2,Cloudy,Dry,Daylight
2023-08-13T18:00:00.000,I 85,I 85 and Lawrenceville Suwanee Rd,,Sideswipe-Same Direction,3,Clear,Dry,Daylight
2023-05-10T11:40:00.000,I 85,I 85 and Lawrenceville Suwanee Rd,,Rear End,2,Clear,Dry,Daylight
2023-03-29T07:50:00.000,I 85,I 85 and Lawrenceville Suwanee Rd,,Rear End,2,Clear,Dry,Daylight
2023-05-31T09:10:00.000,I 85,I 85 and Lawrenceville Suwanee Rd,,Rear End,3,Cloudy,Dry,Daylight
2023-04-10T15:45:00.000,I 85,I 85 and Lawrenceville Suwanee Rd,,Rear End,2,Clear,Dry,Daylight
2023-01-02T18:21:00.000,I 85,I 85 and Lawrenceville Suwanee Rd,,Rear End,2,Cloudy,Wet,Dark-Not Lighted
2023-11-26T18:40:00.000,I 85,I 85 and Lawrenceville Suwanee Rd,,Rear End,2,Rain,Wet,Dark-Lighted
2023-07-29T12:10:00.000,I 85,I 85 and Lawrenceville Suwanee Rd,,Rear End,2,Cloudy,Dry,Daylight
2023-03-22T08:35:00.000,I 85,I 85 and Lawrenceville Suwanee Rd,,Rear End,2,Clear,Dry,Daylight
2023-10-20T20:50:00.000,I 85,I 85 and Lawrenceville Suwanee Rd,,Angle Crash,2,Clear,Dry,Dark-Not Lighted
2023-07-01T10:15:00.000,I 85,I 85 and Lawrenceville Suwanee Rd,,Not a Collision with Motor Vehicle,2,Clear,Dry,Daylight
2023-05-24T08:20:00.000,I 85,I 85 and Lawrenceville Suwanee Rd,,Rear End,2,Clear,Dry,Daylight
2023-10-14T13:51:00.000,I 85,I 85 and Lawrenceville Suwanee Rd,,Rear End,3,Clear,Dry,Daylight
2023-02-18T21:24:00.000,I 85,I 85 and Lawrenceville Suwanee Rd,,Rear End,2,Clear,Dry,Dark-Not Lighted
2023-11-05T20:19:00.000,I 85,I 85 and Lawrenceville Suwanee Rd,,Sideswipe-Same Direction,2,Clear,Dry,Dark-Not Lighted
2023-11-14T10:33:00.000,I 85,I 85 and Lawrenceville Suwanee Rd,,Rear End,2,Clear,Dry,Daylight
2023-09-13T07:05:00.000,I 85,I 85 and Lawrenceville Suwanee Rd,,Rear End,2,Clear,Wet,Daylight
2023-08-13T13:15:00.000,I 85,I 85 and Lawrenceville Suwanee Rd,,Rear End,2,Clear,Dry,Daylight
2023-06-07T16:34:00.000,I 85,I 85 and Lawrenceville Suwanee Rd,,Rear End,2,Clear,Dry,Daylight
2023-04-10T08:36:00.000,I 85,I 85 and Lawrenceville Suwanee Rd,,Rear End,2,Clear,Dry,Daylight
2023-09-06T15:08:00.000,I 85,I 85 and Lawrenceville Suwanee Rd,,Rear End,3,Clear,Dry,Daylight
2023-01-08T12:00:00.000,I 85,I 85 and Lawrenceville Suwanee Rd,,Angle Crash,2,Clear,Dry,Daylight
2023-08-29T21:15:00.000,I 85,I 85 and Lawrenceville Suwanee Rd,,Sideswipe-Same Direction,2,Clear,Wet,Dark-Lighted
2023-08-26T16:50:00.000,I 85,I 85 and Lawrenceville Suwanee Rd,,Rear End,2,Clear,Dry,Daylight
2023-06-27T21:10:00.000,I 85,I 85 and Lawrenceville Suwanee Rd,,Sideswipe-Same Direction,2,Cloudy,Dry,Dark-Lighted
2023-09-12T15:58:00.000,I 85,I 85 and Lawrenceville Suwanee Rd,,Rear End,2,Clear,Dry,Daylight
2023-06-04T12:27:00.000,I 85,I 85 and Lawrenceville Suwanee Rd,,Rear End,2,Clear,Dry,Daylight
2023-08-12T12:50:00.000,I 85,I 85 and Lawrenceville Suwanee Rd,,Rear End,2,Clear,Dry,Daylight
2023-05-12T15:50:00.000,I 85,I 85 and Lawrenceville Suwanee Rd,,Angle Crash,2,Clear,Dry,Daylight
2023-04-20T12:20:00.000,I 85,I 85 and Lawrenceville Suwanee Rd,,Not a Collision with Motor Vehicle,2,Clear,Dry,Daylight
2023-10-21T14:25:00.000,I 85,I 85 and Lawrenceville Suwanee Rd,,Sideswipe-Same Direction,2,Clear,Dry,Daylight
2023-06-22T00:05:00.000,I 85,I 85 and Lawrenceville Suwanee Rd,,Rear End,2,Cloudy,Wet,Dark-Not Lighted
2023-09-13T21:25:00.000,I 85,I 85 and Lawrenceville Suwanee Rd,,Sideswipe-Same Direction,2,Clear,Dry,Dark-Not Lighted
2023-10-22T13:51:00.000,I 85,I 85 and Lawrenceville Suwanee Rd,,Rear End,2,Clear,Dry,Daylight
2023-06-08T14:50:00.000,I 85,I 85 and Lawrenceville Suwanee Rd,,Sideswipe-Same Direction,2,Clear,Dry,Daylight
2023-06-11T15:45:00.000,I 85,I 85 and Lawrenceville Suwanee Rd,,Rear End,2,Cloudy,Dry,Daylight
2023-12-22T14:05:00.000,I 85,I 85 and Lawrenceville Suwanee Rd,,Rear End,2,Clear,Dry,Daylight
2023-02-28T20:08:00.000,I 85,I 85 and Lawrenceville Suwanee Rd,,Rear End,2,Clear,Dry,Dark-Lighted
2023-01-12T21:15:00.000,I 85,I 85 and Lawrenceville Suwanee Rd,,Sideswipe-Same Direction,2,Cloudy,Wet,Dark-Not Lighted
2023-12-03T18:35:00.000,I 85,I 85 and Lawrenceville Suwanee Rd,,Sideswipe-Same Direction,2,Clear,Dry,Dark-Lighted
2023-11-27T19:00:00.000,I 85,I 85 and Lawrenceville Suwanee Rd,,Sideswipe-Same Direction,2,Clear,Dry,Dark-Not Lighted
2023-09-25T17:26:00.000,I 85,I 85 and Lawrenceville Suwanee Rd,,Rear End,2,Clear,Dry,Daylight
2023-05-25T19:00:00.000,I 85,I 85 and Lawrenceville Suwanee Rd,,Rear End,2,Clear,Dry,Daylight
2023-10-22T15:04:00.000,I 85,I 85 and Lawrenceville Suwanee Rd,,Rear End,2,Clear,Dry,Daylight
2023-05-14T18:30:00.000,I 85,I 85 and Lawrenceville Suwanee Rd,,Head On,2,Clear,Dry,Daylight
2023-03-20T16:30:00.000,I 85,I 85 and Lawrenceville Suwanee Rd,,Sideswipe-Same Direction,2,Clear,Dry,Daylight
2023-09-11T08:00:00.000,I 85,I 85 and Lawrenceville Suwanee Rd,,Rear End,2,Clear,Dry,Daylight
2023-04-19T15:20:00.000,I 85,I 85 and Lawrenceville Suwanee Rd,,Rear End,2,Clear,Dry,Daylight