Date and Time,Roadway (From Crash Report),Intersection Name (from Crash Report),KABCO Severity,Manner of Collision (Crash Level) ,# of Vehicles per crash ,Weather Conditions (Crash Level),Surface Condition (Crash Level) ,Light Conditions (Crash Level)
2023-05-31T06:15:00.000,I 85,I 85 and Lawrenceville Suwanee Rd,,Not a Collision with Motor Vehicle,1,Cloudy,Wet,Dawn
2023-08-19T22:40:00.000,I 85,I 85 and Lawrenceville Suwanee Rd,,Angle Crash,2,Clear,Dry,Dark-Not Lighted
2023-06-14T19:20:00.000,I 85,I 85 and Lawrenceville Suwanee Rd,,Rear End,2,Cloudy,Wet,Daylight
2023-05-03T07:56:00.000,I 85,I 85 and Lawrenceville Suwanee Rd,,Rear End,2,Clear,Dry,Daylight
2023-11-29T08:40:00.000,I 85,I 85 and Lawrenceville Suwanee Rd,,Rear End,2,Clear,Dry,Daylight
2023-08-02T07:35:00.000,I 85,I 85 and Lawrenceville Suwanee Rd,,Rear End,4,Cloudy,Dry,Daylight
2023-04-07T20:40:00.000,I 85,I 85 and Lawrenceville Suwanee Rd,,Rear End,2,Clear,Dry,Dark-Not Lighted
2023-07-07T12:50:00.000,I 85,I 85 and Lawrenceville Suwanee Rd,,Sideswipe-Same Direction,2,Clear,Dry,Daylight
2023-06-03T14:35:00.000,I 85,I 85 and Lawrenceville Suwanee Rd,,Rear End,2,Clear,Dry,Daylight
2023-08-19T11:48:00.000,I 85,I 85 and Lawrenceville Suwanee Rd,,Rear End,2,Clear,Dry,Daylight
2023-12-09T10:20:00.000,I 85,I 85 and Lawrenceville Suwanee Rd,,Angle Crash,2,Rain,Wet,Daylight
2023-06-28T20:31:00.000,I 85,I 85 and Lawrenceville Suwanee Rd,,Not a Collision with Motor Vehicle,1,Clear,Dry,Daylight
2023-02-08T14:40:00.000,I 85,I 85 and Lawrenceville Suwanee Rd,,Rear End,2,Cloudy,Dry,Daylight
2023-03-04T07:15:00.000,I 85,I 85 and Lawrenceville Suwanee Rd,,Not a Collision with Motor Vehicle,1,Clear,Dry,Daylight
2023-06-18T13:35:00.000,I 85,I 85 and Lawrenceville Suwanee Rd,,Rear End,2,Cloudy,Dry,Daylight
2023-01-18T08:25:00.000,I 85,I 85 and Lawrenceville Suwanee Rd,,Rear End,2,Cloudy,Wet,Daylight
2023-10-14T19:55:00.000,I 85,I 85 and Lawrenceville Suwanee Rd,,Rear End,2,Clear,Dry,Dark-Lighted
2023-07-19T19:05:00.000,I 85,I 85 and Lawrenceville Suwanee Rd,,Angle Crash,2,Clear,Dry,Daylight
2023-11-14T10:33:00.000,I 85,I 85 and Lawrenceville Suwanee Rd,,Rear End,3,Clear,Dry,Daylight
2023-08-11T08:10:00.000,I 85,I 85 and Lawrenceville Suwanee Rd,,Rear End,2,Cloudy,Wet,Daylight
2023-09-24T14:27:00.000,I 85,I 85 and Lawrenceville Suwanee Rd,,Sideswipe-Same Direction,2,Clear,Dry,Daylight
2023-01-19T04:45:00.000,I 85,I 85 and Lawrenceville Suwanee Rd,,Head On,3,Cloudy,Wet,Dark-Lighted
2023-08-24T17:30:00.000,I 85,I 85 and Lawrenceville Suwanee Rd,,Rear End,3,Clear,Dry,Daylight
2023-03-25T14:13:00.000,I 85,I 85 and Lawrenceville Suwanee Rd,,Rear End,3,Clear,Dry,Daylight
2024-11-16T05:40:00.000,I 85,I 85 and Lawrenceville Suwanee Rd,,Sideswipe-Same Direction,2,Clear,Dry,Dawn
2024-07-06T13:40:00.000,I 85,I 85 and Lawrenceville Suwanee Rd,,Rear End,3,Cloudy,Dry,Daylight
2024-01-14T19:26:00.000,I 85,I 85 and Lawrenceville Suwanee Rd,,Rear End,2,Clear,Dry,Dark-Lighted
2024-08-14T11:00:00.000,I 85,I 85 and Lawrenceville Suwanee Rd,,Sideswipe-Same Direction,2,Clear,Dry,Daylight
2024-06-05T12:50:00.000,I 85,I 85 and Lawrenceville Suwanee Rd,,Rear End,3,Cloudy,Dry,Daylight
2024-12-21T12:44:00.000,I 85,I 85 and Lawrenceville Suwanee Rd,,Rear End,2,Clear,Dry,Daylight
2024-05-16T07:25:00.000,I 85,I 85 and Lawrenceville Suwanee Rd,,Rear End,2,Clear,Dry,Daylight
2024-07-16T14:47:00.000,I 85,I 85 and Lawrenceville Suwanee Rd,,Rear End,2,Clear,Dry,Daylight
2024-05-16T08:12:00.000,I 85,I 85 and Lawrenceville Suwanee Rd,,Rear End,2,Clear,Dry,Daylight
2024-06-18T09:15:00.000,I 85,I 85 and Lawrenceville Suwanee Rd,,Sideswipe-Same Direction,2,Cloudy,Dry,Daylight
2024-11-21T15:25:00.000,I 85,I 85 and Lawrenceville Suwanee Rd,,Rear End,6,Clear,Dry,Daylight
2024-04-29T17:25:00.000,I 85,I 85 and Lawrenceville Suwanee Rd,,Rear End,2,Clear,Dry,Daylight
2024-08-02T14:05:00.000,I 85,I 85 and Lawrenceville Suwanee Rd,,Angle Crash,2,Clear,Dry,Daylight
2024-08-10T15:45:00.000,I 85,I 85 and Lawrenceville Suwanee Rd,,Rear End,2,Clear,Dry,Daylight
2024-11-15T23:42:00.000,I 85,I 85 and Lawrenceville Suwanee Rd,,Rear End,2,Clear,Dry,Dark-Not Lighted
2024-07-21T13:55:00.000,I 85,I 85 and Lawrenceville Suwanee Rd,,Rear End,2,Cloudy,Dry,Daylight
2024-05-12T18:40:00.000,I 85,I 85 and Lawrenceville Suwanee Rd,,Rear End,2,Cloudy,Dry,Daylight
2024-07-16T17:20:00.000,I 85,I 85 and Lawrenceville Suwanee Rd,,Sideswipe-Same Direction,2,Clear,Dry,Daylight
2024-02-19T19:16:00.000,I 85,I 85 and Lawrenceville Suwanee Rd,,Rear End,2,Clear,Dry,Dark-Lighted
2024-08-26T17:35:00.000,I 85,I 85 and Lawrenceville Suwanee Rd,,Rear End,2,Clear,Dry,Daylight
2024-05-27T14:34:00.000,I 85,I 85 and Lawrenceville Suwanee Rd,,Rear End,2,Clear,Dry,Daylight
2024-05-17T07:50:00.000,I 85,I 85 and Lawrenceville Suwanee Rd,,Rear End,2,Cloudy,Dry,Daylight
2024-09-14T05:10:00.000,I 85,I 85 and Lawrenceville Suwanee Rd,,Rear End,2,Rain,Wet,Dark-Lighted
2024-11-30T11:29:00.000,I 85,I 85 and Lawrenceville Suwanee Rd,,Rear End,2,Clear,Dry,Daylight
2024-10-24T15:48:00.000,I 85,I 85 and Lawrenceville Suwanee Rd,,Rear End,2,Clear,Dry,Daylight
2024-07-20T16:25:00.000,I 85,I 85 and Lawrenceville Suwanee Rd,,Rear End,4,Clear,Dry,Daylight
2024-07-30T12:30:00.000,I 85,I 85 and Lawrenceville Suwanee Rd,,Sideswipe-Same Direction,2,Clear,Dry,Daylight
2024-10-12T11:00:00.000,I 85,I 85 and Lawrenceville Suwanee Rd,,Rear End,2,Clear,Dry,Daylight
2024-10-23T16:10:00.000,I 85,I 85 and Lawrenceville Suwanee Rd,,Rear End,2,Clear,Dry,Daylight
2024-09-25T17:50:00.000,I 85,I 85 and Lawrenceville Suwanee Rd,,Rear End,2,Rain,Wet,Daylight
2024-11-22T19:45:00.000,I 85,I 85 and Lawrenceville Suwanee Rd,,Sideswipe-Same Direction,2,Clear,Dry,Dark-Not Lighted
2024-07-06T12:50:00.000,I 85,I 85 and Lawrenceville Suwanee Rd,,Head On,1,Cloudy,Dry,Daylight
2024-12-15T12:40:00.000,I 85,I 85 and Lawrenceville Suwanee Rd,,Sideswipe-Same Direction,2,Rain,Wet,Daylight
2024-11-18T21:00:00.000,I 85,I 85 and Lawrenceville Suwanee Rd,,Angle Crash,2,Clear,Dry,Dawn
2024-12-21T15:25:00.000,I 85,I 85 and Lawrenceville Suwanee Rd,,Sideswipe-Same Direction,2,Clear,Dry,Daylight
2024-10-28T17:02:00.000,I 85,I 85 and Lawrenceville Suwanee Rd,,Rear End,2,Cloudy,Dry,Daylight
2024-12-21T16:36:00.000,I 85,I 85 and Lawrenceville Suwanee Rd,,Rear End,3,Clear,Dry,(None)
2024-04-29T08:30:00.000,I 85,I 85 and Lawrenceville Suwanee Rd,,Rear End,2,Cloudy,Dry,Daylight
2024-04-28T15:25:00.000,I 85,I 85 and Lawrenceville Suwanee Rd,,Rear End,2,Clear,Dry,Daylight
2024-04-19T01:19:00.000,I 85,I 85 and Lawrenceville Suwanee Rd,,Sideswipe-Same Direction,2,Clear,Dry,Dark-Not Lighted
2024-02-21T08:00:00.000,I 85,I 85 and Lawrenceville Suwanee Rd,,Rear End,2,Clear,Dry,Daylight
2024-04-28T17:20:00.000,I 85,I 85 and Lawrenceville Suwanee Rd,,Rear End,2,Clear,Dry,Daylight
2024-03-09T01:00:00.000,I 85,I 85 and Lawrenceville Suwanee Rd,,Not a Collision with Motor Vehicle,1,Rain,Wet,Dark-Not Lighted
2024-10-28T15:15:00.000,I 85,I 85 and Lawrenceville Suwanee Rd,,Rear End,2,Clear,Dry,Daylight
2024-08-04T12:55:00.000,I 85,I 85 and Lawrenceville Suwanee Rd,,Angle Crash,3,Clear,Dry,Daylight
2024-02-28T07:13:00.000,I 85,I 85 and Lawrenceville Suwanee Rd,,Sideswipe-Same Direction,3,Cloudy,Dry,Daylight
2024-05-11T12:50:00.000,I 85,I 85 and Lawrenceville Suwanee Rd,,Rear End,3,Clear,Dry,Daylight
2024-08-25T23:45:00.000,I 85,I 85 and Lawrenceville Suwanee Rd,,Rear End,3,Clear,Dry,Dark-Not Lighted
2024-04-11T16:23:00.000,I 85,I 85 and Lawrenceville Suwanee Rd,,Rear End,2,Rain,Wet,Daylight
2024-09-26T17:55:00.000,I 85,I 85 and Lawrenceville Suwanee Rd,,Angle Crash,2,Severe Thunderstorm or Tornadic,Water (standing or moving),Daylight
2024-07-07T15:35:00.000,I 85,I 85 and Lawrenceville Suwanee Rd,,Rear End,3,Clear,Dry,Daylight
2024-03-13T15:45:00.000,I 85,I 85 and Lawrenceville Suwanee Rd,,Rear End,2,Clear,Dry,Daylight
2024-04-29T08:10:00.000,I 85,I 85 and Lawrenceville Suwanee Rd,,Rear End,2,Cloudy,Dry,Daylight
2024-12-21T06:55:00.000,I 85,I 85 and Lawrenceville Suwanee Rd,,Not a Collision with Motor Vehicle,1,Clear,Dry,Dark-Lighted
2024-11-16T12:32:00.000,I 85,I 85 and Lawrenceville Suwanee Rd,,Not a Collision with Motor Vehicle,1,Clear,Dry,Daylight
2024-01-20T09:18:00.000,I 85,I 85 and Lawrenceville Suwanee Rd,,Sideswipe-Same Direction,2,Clear,Dry,Dark-Not Lighted
2024-08-28T17:45:00.000,I 85,I 85 and Lawrenceville Suwanee Rd,,Rear End,3,Clear,Dry,Daylight
2024-06-20T15:20:00.000,I 85,I 85 and Lawrenceville Suwanee Rd,,Rear End,2,Clear,Dry,Daylight
2024-10-02T08:45:00.000,I 85,I 85 and Lawrenceville Suwanee Rd,,Rear End,2,Clear,Dry,Daylight
2024-03-16T14:05:00.000,I 85,I 85 and Lawrenceville Suwanee Rd,,Rear End,2,Clear,Dry,Daylight
2024-12-17T12:00:00.000,I 85,I 85 and Lawrenceville Suwanee Rd,,Not a Collision with Motor Vehicle,1,Clear,Dry,Daylight
2024-04-20T12:00:00.000,I 85,I 85 and Lawrenceville Suwanee Rd,,Rear End,2,Clear,Dry,Daylight
2024-02-09T18:03:00.000,I 85,I 85 and Lawrenceville Suwanee Rd,,Rear End,4,Clear,Dry,Dark-Lighted
2024-09-03T03:05:00.000,I 85,I 85 and Lawrenceville Suwanee Rd,,Not a Collision with Motor Vehicle,1,Clear,Dry,Dark-Lighted
2024-02-06T21:30:00.000,I 85,I 85 and Lawrenceville Suwanee Rd,,Rear End,3,Clear,Dry,Dark-Not Lighted
2024-03-20T12:39:00.000,I 85,I 85 and Lawrenceville Suwanee Rd,,Sideswipe-Same Direction,2,Clear,Dry,Daylight
2024-08-28T07:20:00.000,I 85,I 85 and Lawrenceville Suwanee Rd,,Rear End,2,Clear,Dry,Daylight
2024-08-08T08:20:00.000,I 85,I 85 and Lawrenceville Suwanee Rd,,Rear End,2,Clear,Dry,Daylight
2024-08-21T15:25:00.000,I 85,I 85 and Lawrenceville Suwanee Rd,,Rear End,2,Clear,Dry,Daylight
2024-08-28T08:29:00.000,I 85,I 85 and Lawrenceville Suwanee Rd,,Rear End,2,Clear,Dry,Daylight
2024-06-05T14:09:00.000,I 85,I 85 and Lawrenceville Suwanee Rd,,Sideswipe-Same Direction,2,Rain,Wet,Daylight
2024-04-21T13:20:00.000,I 85,I 85 and Lawrenceville Suwanee Rd,,Rear End,3,Clear,Dry,Daylight
2024-07-03T17:40:00.000,I 85,I 85 and Lawrenceville Suwanee Rd,,Rear End,2,Clear,Dry,Daylight
2024-07-30T12:00:00.000,I 85,I 85 and Lawrenceville Suwanee Rd,,Rear End,2,Clear,Dry,Daylight
2024-11-28T20:50:00.000,I 85,I 85 and Lawrenceville Suwanee Rd,,Sideswipe-Same Direction,2,Clear,Dry,Dark-Lighted
2024-03-23T09:20:00.000,I 85,I 85 and Lawrenceville Suwanee Rd,,Angle Crash,3,Clear,Wet,Daylight
2024-03-28T13:45:00.000,I 85,I 85 and Lawrenceville Suwanee Rd,,Rear End,2,Clear,Dry,Daylight
2024-04-11T21:08:00.000,I 85,I 85 and Lawrenceville Suwanee Rd,,Rear End,2,Rain,Wet,Dark-Not Lighted
2024-07-03T17:55:00.000,I 85,I 85 and Lawrenceville Suwanee Rd,,Angle Crash,2,Clear,Dry,Daylight
2024-06-24T00:40:00.000,I 85,I 85 and Lawrenceville Suwanee Rd,,Rear End,2,Clear,Dry,Dark-Not Lighted
2024-11-30T15:50:00.000,I 85,I 85 and Lawrenceville Suwanee Rd,,Rear End,3,Clear,Dry,Daylight
2024-09-30T09:30:00.000,I 85,I 85 and Lawrenceville Suwanee Rd,,Sideswipe-Same Direction,2,Clear,Dry,Daylight
2024-09-17T06:12:00.000,I 85,I 85 and Lawrenceville Suwanee Rd,,Rear End,2,Clear,Dry,Dusk
2024-04-01T20:30:00.000,I 85,I 85 and Lawrenceville Suwanee Rd,,Rear End,2,Clear,Dry,Dark-Not Lighted
2024-10-28T04:19:00.000,I 85,I 85 and Lawrenceville Suwanee Rd,,Angle Crash,2,Clear,Dry,Dark-Not Lighted
2024-08-17T19:50:00.000,I 85,I 85 and Lawrenceville Suwanee Rd,,Rear End,2,Cloudy,Wet,Daylight
2024-02-28T18:35:00.000,I 85,I 85 and Lawrenceville Suwanee Rd,,Rear End,2,Cloudy,Wet,Dark-Not Lighted
2024-10-16T07:40:00.000,I 85,I 85 and Lawrenceville Suwanee Rd,,Sideswipe-Same Direction,2,Clear,Dry,Daylight
2024-08-16T18:53:00.000,I 85,I 85 and Lawrenceville Suwanee Rd,,Rear End,2,Clear,Dry,Daylight
2024-12-10T21:10:00.000,I 85,I 85 and Lawrenceville Suwanee Rd,,Rear End,2,Rain,Wet,Dark-Not Lighted
2024-03-31T15:00:00.000,I 85,I 85 and Lawrenceville Suwanee Rd,,Rear End,2,Clear,Dry,Daylight
2024-05-26T13:55:00.000,I 85,I 85 and Lawrenceville Suwanee Rd,,Rear End,2,Clear,Dry,Daylight
2024-03-23T11:20:00.000,I 85,I 85 and Lawrenceville Suwanee Rd,,Not a Collision with Motor Vehicle,1,Clear,Dry,Daylight
2024-05-02T18:49:00.000,I 85,I 85 and Lawrenceville Suwanee Rd,,Rear End,3,Clear,Dry,Daylight
2024-06-29T12:00:00.000,I 85,I 85 and Lawrenceville Suwanee Rd,,Sideswipe-Same Direction,2,Cloudy,Dry,Daylight
2024-07-25T06:10:00.000,I 85,I 85 and Lawrenceville Suwanee Rd,,Not a Collision with Motor Vehicle,1,Rain,Wet,Dusk
2024-04-20T16:15:00.000,I 85,I 85 and Lawrenceville Suwanee Rd,,Rear End,2,Clear,Dry,Daylight
2024-07-12T11:50:00.000,I 85,I 85 and Lawrenceville Suwanee Rd,,Sideswipe-Same Direction,3,Clear,Dry,Daylight
2024-04-28T05:20:00.000,I 85,I 85 and Lawrenceville Suwanee Rd,,Rear End,2,Clear,Dry,Dark-Not Lighted
2024-04-17T07:50:00.000,I 85,I 85 and Lawrenceville Suwanee Rd,,Rear End,2,Clear,Dry,Daylight
2024-03-20T15:37:00.000,I 85,I 85 and Lawrenceville Suwanee Rd,,Rear End,3,Clear,Dry,Daylight
2024-03-01T22:31:00.000,I 85,I 85 and Lawrenceville Suwanee Rd,,Sideswipe-Same Direction,2,Cloudy,Wet,Dark-Not Lighted
2024-05-26T13:22:00.000,I 85,I 85 and Lawrenceville Suwanee Rd,,Rear End,2,Cloudy,Dry,Daylight
2024-06-27T09:40:00.000,I 85,I 85 and Lawrenceville Suwanee Rd,,Sideswipe-Same Direction,2,Clear,Dry,Daylight
2024-08-13T07:40:00.000,I 85,I 85 and Lawrenceville Suwanee Rd,,Rear End,3,Clear,Dry,Daylight
2024-07-05T10:10:00.000,I 85,I 85 and Lawrenceville Suwanee Rd,,Rear End,2,Clear,Dry,Daylight
2024-02-14T16:00:00.000,I 85,I 85 and Lawrenceville Suwanee Rd,,Rear End,4,Clear,Dry,Daylight
2024-01-12T19:28:00.000,I 85,I 85 and Lawrenceville Suwanee Rd,,Rear End,2,Fog,Wet,Dark-Not Lighted
2024-08-01T07:50:00.000,I 85,I 85 and Lawrenceville Suwanee Rd,,Rear End,2,Clear,Dry,Daylight
2024-11-16T13:23:00.000,I 85,I 85 and Lawrenceville Suwanee Rd,,Rear End,2,Clear,Dry,Daylight
2024-08-04T02:55:00.000,I 85,I 85 and Lawrenceville Suwanee Rd,,Sideswipe-Same Direction,2,Clear,Dry,Dark-Lighted
2024-09-07T08:20:00.000,I 85,I 85 and Lawrenceville Suwanee Rd,,Sideswipe-Same Direction,2,Clear,Dry,Daylight
2024-04-29T08:50:00.000,I 85,I 85 and Lawrenceville Suwanee Rd,,Rear End,2,Clear,Dry,Daylight
2024-11-06T13:00:00.000,I 85,I 85 and Lawrenceville Suwanee Rd,,Sideswipe-Same Direction,2,Rain,Wet,Daylight
2024-07-16T00:40:00.000,I 85,I 85 and Lawrenceville Suwanee Rd,,Not a Collision with Motor Vehicle,2,Clear,Dry,Dark-Not Lighted
2024-09-08T18:00:00.000,I 85,I 85 and Lawrenceville Suwanee Rd,,Sideswipe-Same Direction,2,Clear,Dry,Daylight
2024-02-13T19:34:00.000,I 85,I 85 and Lawrenceville Suwanee Rd,,Rear End,2,Clear,Dry,Dark-Lighted
2024-11-01T10:30:00.000,I 85,I 85 and Lawrenceville Suwanee Rd,,Not a Collision with Motor Vehicle,3,Clear,Dry,Daylight
2024-02-27T15:45:00.000,I 85,I 85 and Lawrenceville Suwanee Rd,,Sideswipe-Same Direction,2,Cloudy,Dry,Daylight
2024-04-03T16:25:00.000,I 85,I 85 and Lawrenceville Suwanee Rd,,Rear End,2,Clear,Dry,Daylight
2024-02-09T09:18:00.000,I 85,I 85 and Lawrenceville Suwanee Ex Rp,,Sideswipe-Same Direction,2,Cloudy,Dry,Daylight
2021-06-17T07:00:00.000,I 85,I 85 and Lawrenceville Suwanee,,Sideswipe-Same Direction,2,Clear,Dry,Daylight
2023-04-25T05:43:00.000,I 85,I 85 and Lawrenceville Suwanee,,Angle Crash,2,Clear,Dry,Dark-Not Lighted
2023-08-11T02:30:00.000,I 85,I 85 and Lawrenceville Suwanee,,Sideswipe-Same Direction,2,Cloudy,Dry,Dark-Not Lighted
2023-10-23T23:57:00.000,I 85,I 85 and Lawrenceville Suwanee,,Angle Crash,4,Clear,Dry,Dark-Lighted
2020-08-03T04:40:00.000,I 85,I 85 and Lawrenceville Suwanee,,Sideswipe-Same Direction,2,Clear,Dry,Dark-Lighted
2020-01-15T17:30:00.000,I 85,I 85 and Lawrenceville Suwanee,,Head On,3,Clear,Dry,Daylight
2022-12-28T17:23:00.000,I 85,I 85 and Lawrenceville Suwanee,,Sideswipe-Same Direction,2,Cloudy,Dry,Daylight
2024-01-30T18:00:00.000,I 85,I 85 and Lawrenceville Suwanee,,Rear End,2,Cloudy,Dry,Dark-Lighted
2024-11-26T06:40:00.000,I 85,I 85 and Lawrenceville Suwanee,,Sideswipe-Same Direction,2,Rain,Wet,Dark-Lighted
2024-04-08T16:21:00.000,I 85,I 85 and Lawrenceville Suwanee,,Rear End,2,Clear,Dry,Daylight
2024-01-21T16:54:00.000,I 85,I 85 and Lawrenceville Suwanee,,Rear End,3,Clear,Dry,Daylight
2024-08-11T15:10:00.000,I 85,I 85 and Lawrenceville Suwanee,,Rear End,2,Clear,Dry,Daylight
2023-08-15T14:30:00.000,I 85,I 85 and Lawrenceville - Suwanee Rd,,Rear End,2,Rain,Wet,Daylight
2023-07-14T18:50:00.000,I 85,I 85 and Lawrenceville - Suwanee Rd,,Sideswipe-Same Direction,2,Clear,Dry,Daylight
2023-08-14T16:35:00.000,I 85,I 85 and Lawrenceville - Suwanee Rd,,Rear End,2,Clear,Wet,Daylight
2023-08-17T07:55:00.000,I 85,I 85 and Lawrenceville - Suwanee Rd,,Sideswipe-Same Direction,2,Clear,Dry,Daylight
2023-09-25T13:35:00.000,I 85,I 85 and Lawrenceville - Suwanee Rd,,Rear End,2,Clear,Dry,Daylight
2023-06-22T16:30:00.000,I 85,I 85 and Lawrenceville - Suwanee Rd,,Rear End,2,Cloudy,Dry,Daylight
2024-11-22T10:00:00.000,I 85,I 85 and Lawrenceville - Suwanee Rd,,Rear End,2,Clear,Dry,Daylight
2024-04-23T11:15:00.000,I 85,I 85 and Lawrenceville - Suwanee Rd,,Rear End,2,Clear,Dry,Daylight
2023-10-23T15:43:00.000,I 85,I 85 and Lawrenceville  Suwanee Rd,,Rear End,2,Clear,Dry,Daylight
2023-10-05T15:35:00.000,I 85,I 85 and Lawrenceville   Suwanee Rd,,Rear End,2,Clear,Dry,Daylight
2024-03-29T06:00:00.000,I 85,I 85 and Lawrenceville   Suwanee Rd,,Sideswipe-Same Direction,4,Clear,Dry,Dawn
2020-05-27T12:00:00.000,I 85,I 85 and Lawrencevill-Suwanee Rd,,Not a Collision with Motor Vehicle,2,Rain,Wet,Daylight
2021-12-12T16:06:00.000,I 85,I 85 and Lawrencevill- Suwannee Rd,,Rear End,2,Clear,Dry,Daylight
2022-09-21T12:50:00.000,I 85,I 85 and Lawrencevill Suwanee Rd,,Not a Collision with Motor Vehicle,1,Clear,Dry,Daylight
2022-04-11T10:53:00.000,I 85,I 85 and Lawrencevill Suwanee Rd,,Not a Collision with Motor Vehicle,2,Clear,Dry,Daylight
2022-09-01T15:10:00.000,I 85,I 85 and Lawrencevill Suwanee Rd,,Sideswipe-Same Direction,2,Cloudy,Dry,Daylight
2023-04-09T13:10:00.000,I 85,I 85 and Lawrencevilee Suwanee Rd,,Rear End,2,Clear,Dry,Daylight
2022-05-05T21:19:00.000,I 85,I 85 and Lawrencevilee Suwanee Rd,,Sideswipe-Same Direction,2,Clear,Dry,Dark-Not Lighted
2022-04-17T03:21:00.000,I 85,I 85 and Lawrencevilee Suwanee Rd,,Not a Collision with Motor Vehicle,1,Cloudy,Wet,Dark-Not Lighted
2024-09-12T15:30:00.000,I 85,I 85 and Lawrencevile- Suwanee Rd,,Rear End,2,Cloudy,Wet,Daylight
2024-05-28T08:20:00.000,I 85,I 85 and Lawrencevile- Suwanee Rd,,Rear End,2,Clear,Dry,Daylight
2024-08-13T08:20:00.000,I 85,I 85 and Lawrencevile Suwanee Rd,,Sideswipe-Same Direction,2,Clear,Dry,Daylight
2022-04-01T14:08:00.000,I 85,I 85 and Lawrencevieele Suwanee Rd,,Angle Crash,2,Clear,Dry,Daylight
2023-11-05T15:20:00.000,I 85,I 85 and Lawrenceveille-Suwanee Rd,,Rear End,2,Clear,Dry,Daylight
2024-05-12T13:19:00.000,I 85,I 85 and Lawrenceveille Suwanee,,Sideswipe-Same Direction,2,Clear,Dry,Daylight
2022-10-05T10:50:00.000,I 85,I 85 and Lawrencenville Suwanee Rd,,Rear End,2,Clear,Dry,Daylight
2024-03-27T07:32:00.000,I 85,I 85 and Lawrenceeeville-Suwanee Rd,,Sideswipe-Same Direction,2,Cloudy,Wet,Daylight
2020-07-14T06:30:00.000,I 85,I 85 and Lawreceville-Suwanee Rd,,Sideswipe-Same Direction,2,Clear,Dry,Daylight
2024-04-21T14:37:00.000,I 85,I 85 and Lawreceville Suwannee Rd,,Rear End,2,Cloudy,Wet,Daylight
2023-03-20T16:04:00.000,I 85,I 85 and Lawerenceville-Suwanee Rd,,Rear End,2,Clear,Dry,Daylight
2022-04-16T15:21:00.000,I 85,I 85 and Lawerenceville,,Rear End,2,Cloudy,Dry,Daylight
2022-01-12T15:15:00.000,I 85,I 85 and Lawenceville Suwanee Rd,,Rear End,7,Clear,Dry,Daylight
2021-09-29T13:54:00.000,I 85,I 85 and Larwenceville-Suwanee Rd,,Rear End,2,Clear,Dry,Daylight
2021-06-29T09:31:00.000,I 85,I 85 and Langford Pkwy,,Angle Crash,2,Cloudy,Wet,Daylight
2021-03-16T18:29:00.000,I 85,I 85 and Langford Pkwy,,Rear End,2,Rain,Wet,Daylight
2021-06-04T15:17:00.000,I 85,I 85 and Langford Pkwy,,Rear End,2,Clear,Dry,Daylight
2021-03-31T14:05:00.000,I 85,I 85 and Langford Pkwy,,Rear End,3,Rain,Wet,Daylight
2021-06-01T17:20:00.000,I 85,I 85 and Langford Pkwy,,Sideswipe-Same Direction,2,Clear,Dry,Daylight
2021-06-01T18:25:00.000,I 85,I 85 and Langford Pkwy,,Rear End,2,Cloudy,Wet,Daylight
2021-09-09T15:00:00.000,I 85,I 85 and Langford Pkwy,,Sideswipe-Same Direction,2,Clear,Dry,Daylight
2021-07-22T00:00:00.000,I 85,I 85 and Langford Pkwy,,Not a Collision with Motor Vehicle,1,Clear,Dry,Daylight
2021-07-29T16:06:00.000,I 85,I 85 and Langford Pkwy,,Rear End,2,Clear,Dry,Daylight
2021-08-03T16:30:00.000,I 85,I 85 and Langford Pkwy,,Angle Crash,3,Clear,Dry,Daylight
2021-09-21T05:30:00.000,I 85,I 85 and Langford Pkwy,,Not a Collision with Motor Vehicle,1,Rain,Wet,Dawn
2021-06-04T19:23:00.000,I 85,I 85 and Langford Pkwy,,Sideswipe-Same Direction,2,Clear,Dry,Daylight
2021-04-28T14:44:00.000,I 85,I 85 and Langford Pkwy,,Rear End,2,Clear,Dry,Daylight
2021-02-01T12:42:00.000,I 85,I 85 and Langford Pkwy,,Sideswipe-Same Direction,2,Clear,Dry,Daylight
2021-01-01T16:50:00.000,I 85,I 85 and Langford Pkwy,,Sideswipe-Same Direction,2,Clear,Dry,Daylight
2021-01-26T09:39:00.000,I 85,I 85 and Langford Pkwy,,Rear End,4,Cloudy,Wet,Daylight
2021-09-22T18:50:00.000,I 85,I 85 and Langford Pkwy,,Sideswipe-Same Direction,2,Clear,Dry,Daylight
2021-09-16T14:20:00.000,I 85,I 85 and Langford Pkwy,,Rear End,2,Rain,Wet,Daylight
2021-09-17T16:00:00.000,I 85,I 85 and Langford Pkwy,,Rear End,2,Cloudy,Wet,Daylight
2021-06-09T16:20:00.000,I 85,I 85 and Langford Pkwy,,Sideswipe-Same Direction,2,Clear,Dry,Daylight
2021-04-09T09:30:00.000,I 85,I 85 and Langford Pkwy,,Sideswipe-Same Direction,2,Clear,Dry,Daylight
2021-04-30T09:09:00.000,I 85,I 85 and Langford Pkwy,,Not a Collision with Motor Vehicle,2,Clear,Dry,Daylight
2023-12-19T08:40:00.000,I 85,I 85 and Langford Pkwy,,Sideswipe-Same Direction,2,Clear,Dry,Daylight
2020-10-12T06:30:00.000,I 85,I 85 and Langford Pkwy,,Sideswipe-Same Direction,2,Cloudy,Dry,Dark-Not Lighted