Date and Time,Roadway (From Crash Report),Intersection Name (from Crash Report),KABCO Severity,Manner of Collision (Crash Level) ,# of Vehicles per crash ,Weather Conditions (Crash Level),Surface Condition (Crash Level) ,Light Conditions (Crash Level)
2020-08-25T14:43:00.000,I 85,I 85 and Langford Pkwy,,Not a Collision with Motor Vehicle,1,Rain,Wet,Daylight
2020-12-19T14:49:00.000,I 85,I 85 and Langford Pkwy,,Sideswipe-Same Direction,2,Clear,Dry,Daylight
2020-11-09T11:57:00.000,I 85,I 85 and Langford Pkwy,,Rear End,1,Clear,Dry,Daylight
2020-11-20T18:32:00.000,I 85,I 85 and Langford Pkwy,,Sideswipe-Same Direction,2,Clear,Dry,Dark-Lighted
2020-08-12T14:04:00.000,I 85,I 85 and Langford Pkwy,,Rear End,2,Clear,Dry,Daylight
2020-07-24T14:10:00.000,I 85,I 85 and Langford Pkwy,,Rear End,2,Clear,Dry,Daylight
2020-09-18T16:04:00.000,I 85,I 85 and Langford Pkwy,,Rear End,2,Clear,Dry,Daylight
2020-12-04T17:32:00.000,I 85,I 85 and Langford Pkwy,,Rear End,2,Rain,Wet,Dusk
2020-07-25T17:42:00.000,I 85,I 85 and Langford Pkwy,,Rear End,2,Rain,Water (standing or moving),Daylight
2020-12-18T18:42:00.000,I 85,I 85 and Langford Pkwy,,Not a Collision with Motor Vehicle,1,Clear,Dry,Dark-Lighted
2020-12-29T14:13:00.000,I 85,I 85 and Langford Pkwy,,Sideswipe-Same Direction,3,Clear,Dry,Daylight
2020-09-18T15:26:00.000,I 85,I 85 and Langford Pkwy,,Rear End,3,Clear,Dry,Daylight
2020-01-02T18:18:00.000,I 85,I 85 and Langford Pkwy,,Sideswipe-Same Direction,2,Rain,Wet,Dark-Lighted
2021-04-13T14:15:00.000,I 85,I 85 and Langford Pkwy,,Rear End,2,Clear,Dry,Daylight
2021-06-28T10:10:00.000,I 85,I 85 and Langford Pkwy,,Sideswipe-Same Direction,2,Clear,Dry,Daylight
2021-06-24T15:25:00.000,I 85,I 85 and Langford Pkwy,,Not a Collision with Motor Vehicle,3,Clear,Dry,Daylight
2021-06-03T06:49:00.000,I 85,I 85 and Langford Pkwy,,Not a Collision with Motor Vehicle,1,Clear,Dry,Daylight
2021-04-01T15:45:00.000,I 85,I 85 and Langford Pkwy,,Sideswipe-Same Direction,2,Clear,Dry,Daylight
2021-04-12T19:14:00.000,I 85,I 85 and Langford Pkwy,,Sideswipe-Same Direction,2,Clear,Dry,Daylight
2021-05-27T18:49:00.000,I 85,I 85 and Langford Pkwy,,Not a Collision with Motor Vehicle,1,Clear,Wet,Daylight
2021-07-14T15:05:00.000,I 85,I 85 and Langford Pkwy,,Rear End,2,Clear,Dry,Daylight
2021-07-14T15:05:00.000,I 85,I 85 and Langford Pkwy,,Rear End,2,Clear,Dry,Daylight
2021-08-17T07:27:00.000,I 85,I 85 and Langford Pkwy,,Rear End,3,Clear,Wet,Daylight
2021-09-16T17:35:00.000,I 85,I 85 and Langford Pkwy,,Angle Crash,3,Rain,Wet,Daylight
2021-07-30T13:20:00.000,I 85,I 85 and Langford Pkwy,,Not a Collision with Motor Vehicle,2,Clear,Dry,Daylight
2021-09-16T17:35:00.000,I 85,I 85 and Langford Pkwy,,Rear End,3,Rain,Wet,Daylight
2021-09-09T16:00:00.000,I 85,I 85 and Langford Pkwy,,Sideswipe-Same Direction,2,Clear,Dry,Daylight
2021-07-09T14:16:00.000,I 85,I 85 and Langford Pkwy,,Sideswipe-Same Direction,2,Rain,Wet,Daylight
2021-09-16T09:05:00.000,I 85,I 85 and Langford Pkwy,,Rear End,3,Rain,Wet,Daylight
2021-07-20T14:54:00.000,I 85,I 85 and Langford Pkwy,,Rear End,2,Clear,Wet,Daylight
2021-09-20T11:00:00.000,I 85,I 85 and Langford Pkwy,,Sideswipe-Same Direction,2,Rain,Wet,Daylight
2021-08-23T00:00:00.000,I 85,I 85 and Langford Pkwy,,Sideswipe-Same Direction,2,Clear,Dry,Daylight
2021-07-22T15:10:00.000,I 85,I 85 and Langford Pkwy,,Rear End,2,Clear,Dry,Daylight
2021-09-20T18:35:00.000,I 85,I 85 and Langford Pkwy,,Sideswipe-Same Direction,2,Rain,Wet,Daylight
2021-09-21T10:38:00.000,I 85,I 85 and Langford Pkwy,,Not a Collision with Motor Vehicle,1,Rain,Wet,Daylight
2021-08-17T14:15:00.000,I 85,I 85 and Langford Pkwy,,Rear End,2,Cloudy,Wet,Daylight
2021-08-16T16:23:00.000,I 85,I 85 and Langford Pkwy,,Angle Crash,2,Rain,Wet,Daylight
2022-03-01T10:30:00.000,I 85,I 85 and Langford Pkwy,,Sideswipe-Same Direction,2,Clear,Dry,Daylight
2021-08-31T13:30:00.000,I 85,I 85 and Langford Pkwy,,Angle Crash,2,Cloudy,Wet,Daylight
2021-09-16T14:20:00.000,I 85,I 85 and Langford Pkwy,,Not a Collision with Motor Vehicle,1,Rain,Wet,Daylight
2022-09-08T06:51:00.000,I 85,I 85 and Langford Pkwy,,Rear End,2,Clear,Dry,Daylight
2022-02-03T11:45:00.000,I 85,I 85 and Langford Pkwy,,Not a Collision with Motor Vehicle,1,Rain,Wet,Daylight
2022-12-05T11:13:00.000,I 85,I 85 and Langford Pkwy,,Angle Crash,2,Rain,Wet,Daylight
2023-06-22T06:24:00.000,I 85,I 85 and Langford Pkwy,,Rear End,2,Rain,Wet,Dawn
2024-01-26T08:05:00.000,I 85,I 85 and Langford Pkwy,,Not a Collision with Motor Vehicle,1,Clear,Wet,Daylight
2024-06-06T11:11:00.000,I 85,I 85 and Langford Pkwy,,Rear End,3,Clear,Dry,Daylight
2024-12-17T19:51:00.000,I 85,I 85 and Langford Pkwy,,Sideswipe-Same Direction,2,Clear,Dry,Daylight
2024-05-27T10:30:00.000,I 85,I 85 and Langford Pkwy,,Not a Collision with Motor Vehicle,1,Cloudy,Wet,Daylight
2024-07-25T06:15:00.000,I 85,I 85 and Langford Pkwy,,Not a Collision with Motor Vehicle,1,Cloudy,Wet,Dark-Lighted
2024-07-05T12:02:00.000,I 85,I 85 and Langford Pkwy,,Sideswipe-Same Direction,2,Cloudy,Dry,Daylight
2021-08-11T07:45:00.000,I 85,I 85 and Langford Pkway,,Rear End,2,Clear,Dry,Daylight
2021-03-16T18:30:00.000,I 85,I 85 and Langford Parway,,Rear End,2,Cloudy,Wet,Daylight
2022-11-15T15:00:00.000,I 85,I 85 and Langford Parkway Split,,Rear End,2,Cloudy,Wet,Daylight
2020-12-18T15:51:00.000,I 85,I 85 and Langford Parkway Opas,,Sideswipe-Same Direction,2,Clear,Dry,Daylight
2023-06-03T12:44:00.000,I 85,I 85 and Langford Parkway Exit,,Rear End,2,Clear,Dry,Daylight
2020-01-13T10:53:00.000,I 85,I 85 and Langford Opas,,Sideswipe-Same Direction,2,Clear,Wet,Daylight
2024-11-04T17:50:00.000,I 85,I 85 and Lanford Pkwy,,Sideswipe-Same Direction,2,Clear,Dry,Daylight
2023-05-16T05:45:00.000,I 85,I 85 and Lafayette Pkwy,,Rear End,2,Clear,Dry,Dark-Lighted
2020-08-29T15:05:00.000,I 85,I 85 and Lafayette Pkwy,,Sideswipe-Same Direction,3,Clear,Dry,Daylight
2024-03-28T13:35:00.000,I 85,I 85 and Lafayette Pkwy,,Rear End,2,Clear,Dry,Daylight
2021-03-29T16:57:00.000,I 85,I 85 and Lafayette,,Rear End,2,Clear,Dry,Daylight
2020-12-06T03:00:00.000,I 85,I 85 and Lafayette,,Not a Collision with Motor Vehicle,1,Clear,Dry,Dark-Lighted
2021-03-05T03:00:00.000,I 85,I 85 and Lafayette,,Not a Collision with Motor Vehicle,1,Clear,Dry,Dark-Lighted
2021-03-23T16:13:00.000,I 85,I 85 and Kia Pkwy,,Sideswipe-Same Direction,2,Clear,Dry,Daylight
2021-03-28T12:45:00.000,I 85,I 85 and Kia Pkwy,,Not a Collision with Motor Vehicle,1,Rain,Wet,Daylight
2022-09-06T02:19:00.000,I 85,I 85 and Kia Pkwy,,Rear End,2,Cloudy,Wet,Dark-Not Lighted
2021-05-28T10:18:00.000,I 85,I 85 and Kia Pkwy,,Not a Collision with Motor Vehicle,1,Cloudy,Dry,Daylight
2022-09-06T02:19:00.000,I 85,I 85 and Kia Pkwy,,Not a Collision with Motor Vehicle,1,Cloudy,Wet,Dark-Not Lighted
2022-09-13T13:31:00.000,I 85,I 85 and Kia Pkwy,,Not a Collision with Motor Vehicle,2,Clear,Dry,Daylight
2023-01-04T01:15:00.000,I 85,I 85 and Kia Pkwy,,Rear End,2,Rain,Wet,Dark-Not Lighted
2023-08-07T20:50:00.000,I 85,I 85 and Kia Pkwy,,Rear End,2,Cloudy,Wet,Dark-Not Lighted
2023-01-21T16:12:00.000,I 85,I 85 and Kia Pkwy,,Rear End,2,Cloudy,Dry,Daylight
2023-08-07T21:00:00.000,I 85,I 85 and Kia Pkwy,,Not a Collision with Motor Vehicle,1,Clear,Dry,Dark-Lighted
2024-11-03T00:20:00.000,I 85,I 85 and Kia Pkwy,,Not a Collision with Motor Vehicle,1,Clear,Dry,Dark-Not Lighted
2024-10-18T22:05:00.000,I 85,I 85 and Kia Pkwy,,Rear End,2,Clear,Dry,Dark-Not Lighted
2024-10-18T23:00:00.000,I 85,I 85 and Kia Pkwy,,Sideswipe-Same Direction,2,Clear,Dry,Dark-Not Lighted
2024-07-23T15:30:00.000,I 85,I 85 and Kia Pkwy,,Sideswipe-Same Direction,2,Clear,Dry,Daylight
2024-09-05T08:00:00.000,I 85,I 85 and Kia Pkwy,,Not a Collision with Motor Vehicle,1,Clear,Wet,Daylight
2022-12-22T17:55:00.000,I 85,I 85 and Kia Parkway Opas,,Rear End,2,Cloudy,Wet,Dark-Lighted
2020-11-16T12:18:00.000,I 85,I 85 and Kia Parkway Opas,,Not a Collision with Motor Vehicle,1,Clear,Dry,Daylight
2021-08-09T08:13:00.000,I 85,I 85 and Kia Industrial Blvd,,Not a Collision with Motor Vehicle,1,Clear,Dry,Daylight
2021-03-05T23:35:00.000,I 85,I 85 and Kia Bvld,,Not a Collision with Motor Vehicle,1,Clear,Dry,Dark-Not Lighted
2022-12-11T01:23:00.000,I 85,I 85 and Kia Boulevard Opas,,Rear End,2,Cloudy,Dry,Dark-Not Lighted
2022-11-07T20:00:00.000,I 85,I 85 and Kia Boulevard Opas,,Not a Collision with Motor Vehicle,1,Clear,Dry,Dark-Not Lighted
2023-12-28T21:00:00.000,I 85,I 85 and Kia Boulevard Opas,,Not a Collision with Motor Vehicle,1,Clear,Dry,Dark-Lighted
2021-04-29T09:51:00.000,I 85,I 85 and Kia Boulevard Exit 6,,Sideswipe-Same Direction,2,Cloudy,Dry,Daylight
2021-06-16T19:50:00.000,I 85,I 85 and Kia Boulavard,,Not a Collision with Motor Vehicle,2,Clear,Dry,Daylight
2021-04-26T22:05:00.000,I 85,I 85 and Kia Boulavard,,Not a Collision with Motor Vehicle,1,Clear,Dry,Dark-Not Lighted
2021-09-21T06:15:00.000,I 85,I 85 and Kia Blvd Opas,,Not a Collision with Motor Vehicle,1,Cloudy,Wet,Dark-Not Lighted
2020-05-06T06:27:00.000,I 85,I 85 and Kia Blvd Opas,,Not a Collision with Motor Vehicle,1,Clear,Dry,Dawn
2020-11-29T07:12:00.000,I 85,I 85 and Kia Blvd Opas,,Rear End,2,Cloudy,Dry,Dawn
2021-01-25T06:14:00.000,I 85,I 85 and Kia Blvd Opas,,Rear End,2,Cloudy,Dry,Dark-Not Lighted
2022-03-12T07:09:00.000,I 85,I 85 and Kia Blvd Opas,,Not a Collision with Motor Vehicle,2,Cloudy,Dry,Daylight
2022-04-03T16:08:00.000,I 85,I 85 and Kia Blvd Opas,,Rear End,2,Clear,Dry,Daylight
2022-12-23T03:33:00.000,I 85,I 85 and Kia Blvd Exit 6,,Not a Collision with Motor Vehicle,1,Rain,Wet,Dark-Not Lighted
2021-11-16T01:45:00.000,I 85,I 85 and Kia Blvd,,Not a Collision with Motor Vehicle,1,Clear,Dry,Dark-Lighted
2021-11-28T15:58:00.000,I 85,I 85 and Kia Blvd,,Sideswipe-Same Direction,2,Clear,Dry,Daylight
2021-01-11T19:50:00.000,I 85,I 85 and Kia Blvd,,Not a Collision with Motor Vehicle,1,Rain,Wet,Dark-Not Lighted
2021-03-29T07:41:00.000,I 85,I 85 and Kia Blvd,,Not a Collision with Motor Vehicle,1,Clear,Dry,Daylight
2021-02-24T16:37:00.000,I 85,I 85 and Kia Blvd,,Not a Collision with Motor Vehicle,1,Clear,Dry,Daylight
2021-08-09T08:05:00.000,I 85,I 85 and Kia Blvd,,Rear End,2,Clear,Dry,Daylight
2021-02-21T14:02:00.000,I 85,I 85 and Kia Blvd,,Not a Collision with Motor Vehicle,1,Clear,Dry,Daylight
2021-03-28T14:00:00.000,I 85,I 85 and Kia Blvd,,Rear End,2,Cloudy,Wet,Daylight
2021-09-04T01:50:00.000,I 85,I 85 and Kia Blvd,,Rear End,2,Clear,Dry,Dark-Not Lighted
2021-11-01T12:57:00.000,I 85,I 85 and Kia Blvd,,Sideswipe-Same Direction,2,Clear,Dry,Daylight
2020-11-16T14:02:00.000,I 85,I 85 and Kia Blvd,,Not a Collision with Motor Vehicle,1,Clear,Dry,Daylight
2023-08-11T05:28:00.000,I 85,I 85 and Kia Blvd,,Not a Collision with Motor Vehicle,1,Clear,Dry,Dark-Not Lighted
2023-04-05T07:52:00.000,I 85,I 85 and Kia Blvd,,Rear End,2,Clear,Dry,Daylight
2023-02-11T20:20:00.000,I 85,I 85 and Kia Blvd,,Not a Collision with Motor Vehicle,1,Rain,Wet,Dark-Not Lighted
2023-12-29T08:45:00.000,I 85,I 85 and Kia Blvd,,Not a Collision with Motor Vehicle,1,Cloudy,Dry,Daylight
2023-04-15T16:40:00.000,I 85,I 85 and Kia Blvd,,Not a Collision with Motor Vehicle,1,Clear,Dry,Daylight
2023-12-20T19:09:00.000,I 85,I 85 and Kia Blvd,,Sideswipe-Same Direction,2,Cloudy,Dry,Dark-Not Lighted
2022-10-09T01:40:00.000,I 85,I 85 and Kia Blvd,,Rear End,2,Clear,Dry,Dark-Not Lighted
2022-07-22T21:35:00.000,I 85,I 85 and Kia Blvd,,Not a Collision with Motor Vehicle,1,Cloudy,Wet,Dark-Lighted
2020-03-07T06:06:00.000,I 85,I 85 and Kia Blvd,,Rear End,2,Clear,Dry,Dark-Not Lighted
2020-11-30T18:56:00.000,I 85,I 85 and Kia Blvd,,Not a Collision with Motor Vehicle,1,Cloudy,Dry,Dark-Not Lighted
2020-12-06T22:44:00.000,I 85,I 85 and Kia Blvd,,Not a Collision with Motor Vehicle,1,Rain,Wet,Dark-Not Lighted
2020-08-05T13:30:00.000,I 85,I 85 and Kia Blvd,,Rear End,2,Clear,Dry,Daylight
2020-10-20T10:17:00.000,I 85,I 85 and Kia Blvd,,Not a Collision with Motor Vehicle,1,Clear,Dry,Daylight
2020-08-19T11:40:00.000,I 85,I 85 and Kia Blvd,,Angle Crash,2,Clear,Dry,Daylight
2020-01-23T06:15:00.000,I 85,I 85 and Kia Blvd,,Rear End,2,Rain,Wet,Dark-Lighted
2020-10-05T17:20:00.000,I 85,I 85 and Kia Blvd,,Sideswipe-Same Direction,2,Clear,Dry,Daylight
2020-07-08T23:31:00.000,I 85,I 85 and Kia Blvd,,Not a Collision with Motor Vehicle,1,Cloudy,Wet,Dark-Not Lighted
2021-12-24T19:30:00.000,I 85,I 85 and Kia Blvd,,Not a Collision with Motor Vehicle,1,Clear,Dry,Dark-Not Lighted
2021-09-04T01:50:00.000,I 85,I 85 and Kia Blvd,,Not a Collision with Motor Vehicle,1,Clear,Dry,Dark-Not Lighted
2022-04-19T01:35:00.000,I 85,I 85 and Kia Blvd,,Not a Collision with Motor Vehicle,4,Clear,Dry,Dark-Not Lighted
2021-12-08T08:20:00.000,I 85,I 85 and Kia Blvd,,Rear End,3,Rain,Wet,Daylight
2021-11-15T00:00:00.000,I 85,I 85 and Kia Blvd,,Angle Crash,2,Clear,Dry,Dark-Not Lighted
2021-09-04T21:00:00.000,I 85,I 85 and Kia Blvd,,Rear End,2,Clear,Dry,Dark-Not Lighted
2021-10-04T13:36:00.000,I 85,I 85 and Kia Blvd,,Angle Crash,2,Cloudy,Wet,Daylight
2022-09-16T20:43:00.000,I 85,I 85 and Kia Blvd,,Not a Collision with Motor Vehicle,1,Clear,Dry,Daylight
2022-02-24T05:00:00.000,I 85,I 85 and Kia Blvd,,Not a Collision with Motor Vehicle,1,Clear,Dry,Dark-Not Lighted
2022-07-12T06:24:00.000,I 85,I 85 and Kia Blvd,,Rear End,2,Clear,Dry,Daylight
2022-08-14T22:21:00.000,I 85,I 85 and Kia Blvd,,Sideswipe-Same Direction,2,Clear,Dry,Dark-Not Lighted
2021-10-15T13:36:00.000,I 85,I 85 and Kia Blvd,,Not a Collision with Motor Vehicle,1,Clear,Dry,Daylight
2022-07-21T17:25:00.000,I 85,I 85 and Kia Blvd,,Rear End,2,Clear,Dry,Daylight
2022-04-20T09:35:00.000,I 85,I 85 and Kia Blvd,,Angle Crash,2,Clear,Dry,Daylight
2022-11-19T19:58:00.000,I 85,I 85 and Kia Blvd,,Sideswipe-Same Direction,2,Clear,Dry,Dark-Not Lighted
2022-04-01T13:36:00.000,I 85,I 85 and Kia Blvd,,Rear End,2,Clear,Dry,Daylight
2022-12-09T15:20:00.000,I 85,I 85 and Kia Blvd,,Sideswipe-Same Direction,2,Clear,Dry,Daylight
2022-12-16T23:05:00.000,I 85,I 85 and Kia Blvd,,Not a Collision with Motor Vehicle,1,Clear,Dry,Dark-Not Lighted
2022-08-08T21:53:00.000,I 85,I 85 and Kia Blvd,,Rear End,2,Rain,Wet,Dark-Not Lighted
2022-05-27T14:52:00.000,I 85,I 85 and Kia Blvd,,Sideswipe-Same Direction,3,Clear,Dry,Daylight
2022-08-26T13:57:00.000,I 85,I 85 and Kia Blvd,,Sideswipe-Same Direction,2,Cloudy,Dry,Daylight
2022-09-29T12:00:00.000,I 85,I 85 and Kia Blvd,,Sideswipe-Same Direction,2,Clear,Dry,Daylight
2022-09-08T17:20:00.000,I 85,I 85 and Kia Blvd,,Rear End,3,Clear,Dry,Daylight
2022-12-22T16:25:00.000,I 85,I 85 and Kia Blvd,,Rear End,3,Clear,Dry,Daylight
2022-12-22T14:25:00.000,I 85,I 85 and Kia Blvd,,Rear End,2,Clear,Dry,Daylight
2022-06-11T14:35:00.000,I 85,I 85 and Kia Blvd,,Rear End,2,Cloudy,Dry,Daylight
2022-07-22T21:35:00.000,I 85,I 85 and Kia Blvd,,Rear End,2,Cloudy,Wet,Dark-Lighted
2022-10-31T08:55:00.000,I 85,I 85 and Kia Blvd,,Not a Collision with Motor Vehicle,1,Cloudy,Wet,Daylight
2022-04-05T16:22:00.000,I 85,I 85 and Kia Blvd,,Not a Collision with Motor Vehicle,2,Cloudy,Wet,Daylight
2022-06-11T15:15:00.000,I 85,I 85 and Kia Blvd,,Rear End,3,Cloudy,Dry,Daylight
2022-01-18T15:10:00.000,I 85,I 85 and Kia Blvd,,Sideswipe-Same Direction,2,Clear,Dry,Daylight
2022-04-26T21:46:00.000,I 85,I 85 and Kia Blvd,,Not a Collision with Motor Vehicle,1,Cloudy,Dry,Dark-Not Lighted
2022-01-31T07:50:00.000,I 85,I 85 and Kia Blvd,,Not a Collision with Motor Vehicle,3,Clear,Dry,Daylight
2022-04-11T01:17:00.000,I 85,I 85 and Kia Blvd,,Head On,3,Clear,Dry,Dark-Not Lighted
2024-12-10T08:08:00.000,I 85,I 85 and Kia Blvd,,Rear End,2,Rain,Wet,Daylight
2024-12-23T14:45:00.000,I 85,I 85 and Kia Blvd,,Sideswipe-Same Direction,2,Clear,Dry,Daylight
2024-11-12T23:10:00.000,I 85,I 85 and Kia Blvd,,Not a Collision with Motor Vehicle,1,Clear,Dry,Dark-Not Lighted
2024-04-12T18:42:00.000,I 85,I 85 and Kia Blvd,,Sideswipe-Same Direction,2,Clear,Dry,Daylight
2024-03-11T04:45:00.000,I 85,I 85 and Kia Blvd,,Rear End,2,Clear,Dry,Dark-Not Lighted
2023-07-05T17:33:00.000,I 85,I 85 and Kia Blvd,,Not a Collision with Motor Vehicle,1,Clear,Dry,Daylight
2024-04-14T20:04:00.000,I 85,I 85 and Kia Blvd,,Sideswipe-Same Direction,2,Clear,Dry,Dusk
2024-01-09T05:35:00.000,I 85,I 85 and Kia Blvd,,Not a Collision with Motor Vehicle,1,Severe Thunderstorm or Tornadic,Wet,Dark-Not Lighted
2024-06-14T06:24:00.000,I 85,I 85 and Kia Blvd,,Rear End,2,Clear,Dry,Dawn
2023-02-19T00:32:00.000,I 85,I 85 and Kia Blvd,,Not a Collision with Motor Vehicle,1,Cloudy,Dry,Dark-Not Lighted
2023-12-03T06:08:00.000,I 85,I 85 and Kia Blvd,,Not a Collision with Motor Vehicle,1,Rain,Wet,Dark-Not Lighted
2023-02-18T06:00:00.000,I 85,I 85 and Kia Blvd,,Not a Collision with Motor Vehicle,1,Clear,Dry,Dark-Not Lighted
2023-03-12T03:02:00.000,I 85,I 85 and Kia Blvd,,Not a Collision with Motor Vehicle,1,Cloudy,Dry,Dark-Not Lighted
2023-11-12T20:15:00.000,I 85,I 85 and Kia Blvd,,Rear End,2,Clear,Dry,Dark-Not Lighted
2023-01-31T19:34:00.000,I 85,I 85 and Kia Blvd,,Rear End,2,Clear,Dry,Dark-Not Lighted
2024-05-21T15:24:00.000,I 85,I 85 and Kia Blvd,,Rear End,2,Clear,Dry,Daylight
2024-02-22T15:10:00.000,I 85,I 85 and Kia Blvd,,Not a Collision with Motor Vehicle,1,Clear,Dry,Daylight
2024-05-27T11:45:00.000,I 85,I 85 and Kia Blvd,,Not a Collision with Motor Vehicle,1,Rain,Wet,Daylight
2024-02-11T06:10:00.000,I 85,I 85 and Kia Blvd,,Rear End,2,Rain,Wet,Dark-Not Lighted
2024-03-12T15:30:00.000,I 85,I 85 and Kia Blvd,,Not a Collision with Motor Vehicle,2,Clear,Dry,Daylight
2024-11-17T14:14:00.000,I 85,I 85 and Kia Blvd,,Rear End,2,Clear,Dry,Daylight
2024-09-28T21:59:00.000,I 85,I 85 and Kia Blvd,,Not a Collision with Motor Vehicle,1,Clear,Dry,Dark-Not Lighted
2024-02-07T06:22:00.000,I 85,I 85 and Kia Blvd,,Rear End,2,Clear,Dry,Dawn
2024-08-31T21:40:00.000,I 85,I 85 and Kia Blvd,,Not a Collision with Motor Vehicle,2,Clear,Dry,Dark-Not Lighted
2024-07-11T11:20:00.000,I 85,I 85 and Kia Blvd,,Not a Collision with Motor Vehicle,1,Clear,Dry,Daylight
2024-02-12T15:11:00.000,I 85,I 85 and Kia Blvd,,Sideswipe-Same Direction,2,Cloudy,Wet,Daylight
2024-03-04T23:58:00.000,I 85,I 85 and Kia Blvd,,Not a Collision with Motor Vehicle,1,Clear,Dry,Dark-Lighted
2024-07-20T18:20:00.000,I 85,I 85 and Kia Blvd,,Rear End,2,Clear,Dry,Daylight
2022-08-18T09:45:00.000,I 85,I 85 and Kia  Bvld,,Not a Collision with Motor Vehicle,1,Clear,Dry,Daylight
2023-12-27T17:35:00.000,I 85,I 85 and Kia  Bvld,,Rear End,2,Clear,Dry,Dusk
2020-05-27T15:45:00.000,I 85,I 85 and Jw Dobbs Ave,,Sideswipe-Same Direction,2,Cloudy,Wet,Daylight
2021-05-26T15:50:00.000,I 85,I 85 and Jw Dobbs,,Rear End,2,Clear,Dry,Daylight
2020-01-21T09:08:00.000,I 85,I 85 and Jw Dobbs,,Rear End,2,Clear,Dry,Daylight
2020-09-23T18:32:00.000,I 85,I 85 and Jw Dobbs,,Rear End,2,Clear,Dry,Daylight
2020-04-28T17:52:00.000,I 85,I 85 and Jw Dobbs,,Sideswipe-Same Direction,2,Clear,Dry,Daylight
2020-02-10T07:43:00.000,I 85,I 85 and Jw Dobbs,,Sideswipe-Same Direction,2,Cloudy,Dry,Daylight
2020-03-02T19:35:00.000,I 85,I 85 and Jw Dobbs,,Rear End,2,Rain,Wet,Dark-Lighted
2020-09-08T14:06:00.000,I 85,I 85 and Jw Dobbs,,Sideswipe-Same Direction,2,Clear,Dry,Daylight
2020-10-26T17:00:00.000,I 85,I 85 and Jw Dobbs,,Rear End,2,Clear,Dry,Daylight
2020-02-17T14:17:00.000,I 85,I 85 and Jw Dobbs,,Rear End,2,Cloudy,Dry,Daylight
2020-02-25T19:45:00.000,I 85,I 85 and Jw Dobbs,,Rear End,3,Clear,Dry,Dark-Lighted
2020-02-06T13:35:00.000,I 85,I 85 and Jw Dobbs,,Rear End,3,Rain,Wet,Daylight
2020-03-05T18:34:00.000,I 85,I 85 and Jw Dobbs,,Rear End,2,Cloudy,Wet,Daylight
2020-10-15T17:18:00.000,I 85,I 85 and Jw Dobbs,,Rear End,2,Clear,Dry,Daylight
2020-12-22T18:50:00.000,I 85,I 85 and Jw Dobbs,,Sideswipe-Same Direction,2,Clear,Dry,Dark-Lighted
2020-02-15T00:20:00.000,I 85,I 85 and Jonesboro Rd Exit Rp,,Sideswipe-Same Direction,2,Clear,Dry,Dark-Lighted
2023-10-05T08:33:00.000,I 85,I 85 and Jonesboro Rd Exit,,Rear End,2,Clear,Dry,Daylight
2021-05-04T22:16:00.000,I 85,I 85 and Jonesboro Rd Exit,,Not a Collision with Motor Vehicle,1,Rain,Wet,Dark-Lighted
2020-06-30T17:06:00.000,I 85,I 85 and Jonesboro Rd Entrance Rp,,Rear End,2,Rain,Wet,Daylight
2021-04-20T11:43:00.000,I 85,I 85 and Jonesboro Rd,,Rear End,2,Clear,Dry,Daylight
2021-05-13T14:40:00.000,I 85,I 85 and Jonesboro Rd,,Sideswipe-Same Direction,2,Clear,Dry,Daylight
2021-07-06T18:55:00.000,I 85,I 85 and Jonesboro Rd,,Sideswipe-Same Direction,3,Clear,Dry,Daylight
2021-10-27T00:11:00.000,I 85,I 85 and Jonesboro Rd,,Not a Collision with Motor Vehicle,1,Clear,Dry,Dark-Not Lighted
2021-10-25T08:49:00.000,I 85,I 85 and Jonesboro Rd,,Angle Crash,2,Clear,Dry,Daylight
2021-12-17T10:23:00.000,I 85,I 85 and Jonesboro Rd,,Sideswipe-Same Direction,2,Clear,Dry,Daylight
2021-02-11T13:42:00.000,I 85,I 85 and Jonesboro Rd,,Sideswipe-Same Direction,2,Cloudy,Wet,Daylight
2021-05-06T16:58:00.000,I 85,I 85 and Jonesboro Rd,,Rear End,2,Clear,Dry,Daylight
2021-12-18T19:20:00.000,I 85,I 85 and Jonesboro Rd,,Sideswipe-Same Direction,2,Rain,Wet,Dark-Lighted
2021-04-07T13:25:00.000,I 85,I 85 and Jonesboro Rd,,Sideswipe-Opposite Direction,2,Clear,Dry,Daylight
2021-02-24T16:26:00.000,I 85,I 85 and Jonesboro Rd,,Sideswipe-Same Direction,2,Clear,Dry,Daylight
2021-02-09T05:22:00.000,I 85,I 85 and Jonesboro Rd,,Sideswipe-Same Direction,2,Clear,Dry,Dark-Lighted
2023-06-16T13:49:00.000,I 85,I 85 and Jonesboro Rd,,Rear End,2,Clear,Dry,Daylight
2023-09-16T09:35:00.000,I 85,I 85 and Jonesboro Rd,,Not a Collision with Motor Vehicle,1,Clear,Dry,Daylight
2022-04-23T15:09:00.000,I 85,I 85 and Jonesboro Rd,,Not a Collision with Motor Vehicle,2,Clear,Dry,Daylight
2022-03-10T11:57:00.000,I 85,I 85 and Jonesboro Rd,,Sideswipe-Same Direction,3,Clear,Dry,Daylight
2020-06-20T13:41:00.000,I 85,I 85 and Jonesboro Rd,,Not a Collision with Motor Vehicle,2,Clear,Dry,Daylight
2020-11-14T21:58:00.000,I 85,I 85 and Jonesboro Rd,,Rear End,3,Clear,Dry,Dark-Lighted