Date and Time,Roadway (From Crash Report),Intersection Name (from Crash Report),KABCO Severity,Manner of Collision (Crash Level) ,# of Vehicles per crash ,Weather Conditions (Crash Level),Surface Condition (Crash Level) ,Light Conditions (Crash Level)
2020-05-10T01:38:00.000,I 85,I 85 and Jonesboro Rd,,Not a Collision with Motor Vehicle,1,Clear,Dry,Dark-Lighted
2020-10-28T01:39:00.000,I 85,I 85 and Jonesboro Rd,,Sideswipe-Same Direction,2,Rain,Wet,Dark-Not Lighted
2020-06-11T16:37:00.000,I 85,I 85 and Jonesboro Rd,,Sideswipe-Same Direction,2,Cloudy,Dry,Daylight
2020-03-05T13:41:00.000,I 85,I 85 and Jonesboro Rd,,Rear End,2,Rain,Wet,Daylight
2020-07-19T17:28:00.000,I 85,I 85 and Jonesboro Rd,,Sideswipe-Same Direction,2,Clear,Dry,Daylight
2020-12-22T11:45:00.000,I 85,I 85 and Jonesboro Rd,,Rear End,2,Clear,Dry,Daylight
2020-11-29T17:45:00.000,I 85,I 85 and Jonesboro Rd,,Rear End,2,Rain,Wet,Dark-Not Lighted
2020-11-17T13:13:00.000,I 85,I 85 and Jonesboro Rd,,Not a Collision with Motor Vehicle,1,Clear,Dry,Daylight
2020-01-23T09:00:00.000,I 85,I 85 and Jonesboro Rd,,Sideswipe-Same Direction,3,Rain,Wet,Daylight
2020-05-19T09:30:00.000,I 85,I 85 and Jonesboro Rd,,Rear End,2,Clear,Dry,Daylight
2020-04-19T20:33:00.000,I 85,I 85 and Jonesboro Rd,,Angle Crash,2,Rain,Water (standing or moving),Dark-Lighted
2020-03-04T09:37:00.000,I 85,I 85 and Jonesboro Rd,,Not a Collision with Motor Vehicle,1,Rain,Wet,Daylight
2020-05-19T08:40:00.000,I 85,I 85 and Jonesboro Rd,,Not a Collision with Motor Vehicle,1,Clear,Dry,Daylight
2020-07-12T01:38:00.000,I 85,I 85 and Jonesboro Rd,,Rear End,2,Cloudy,Dry,Dark-Lighted
2021-05-20T16:29:00.000,I 85,I 85 and Jonesboro Rd,,Rear End,4,Clear,Dry,Daylight
2021-03-30T07:50:00.000,I 85,I 85 and Jonesboro Rd,,Rear End,3,Clear,Dry,Daylight
2021-05-21T20:30:00.000,I 85,I 85 and Jonesboro Rd,,Sideswipe-Same Direction,2,Clear,Dry,Dark-Lighted
2021-09-11T00:00:00.000,I 85,I 85 and Jonesboro Rd,,Sideswipe-Same Direction,2,Clear,Dry,Dark-Lighted
2021-12-29T22:53:00.000,I 85,I 85 and Jonesboro Rd,,Rear End,2,Rain,Wet,Dark-Not Lighted
2021-12-26T09:32:00.000,I 85,I 85 and Jonesboro Rd,,Sideswipe-Same Direction,2,Clear,Dry,Daylight
2021-09-08T14:01:00.000,I 85,I 85 and Jonesboro Rd,,Sideswipe-Same Direction,2,Clear,Dry,Daylight
2022-03-11T11:36:00.000,I 85,I 85 and Jonesboro Rd,,Not a Collision with Motor Vehicle,1,Clear,Dry,Daylight
2022-03-23T06:27:00.000,I 85,I 85 and Jonesboro Rd,,Angle Crash,2,Rain,Wet,Dark-Not Lighted
2022-09-07T09:30:00.000,I 85,I 85 and Jonesboro Rd,,Sideswipe-Same Direction,2,Clear,Dry,Daylight
2022-05-13T15:38:00.000,I 85,I 85 and Jonesboro Rd,,Rear End,2,Clear,Dry,Daylight
2022-09-04T20:38:00.000,I 85,I 85 and Jonesboro Rd,,Not a Collision with Motor Vehicle,1,Rain,Wet,Dark-Not Lighted
2021-08-06T06:31:00.000,I 85,I 85 and Jonesboro Rd,,Rear End,3,Clear,Dry,Dawn
2022-04-12T19:19:00.000,I 85,I 85 and Jonesboro Rd,,Rear End,2,Clear,Dry,Dark-Lighted
2022-12-16T11:00:00.000,I 85,I 85 and Jonesboro Rd,,Sideswipe-Same Direction,2,Clear,Dry,Daylight
2022-06-27T16:53:00.000,I 85,I 85 and Jonesboro Rd,,Sideswipe-Same Direction,1,Severe Thunderstorm or Tornadic,Water (standing or moving),Daylight
2022-01-26T15:30:00.000,I 85,I 85 and Jonesboro Rd,,Rear End,2,Clear,Dry,Daylight
2022-01-18T23:35:00.000,I 85,I 85 and Jonesboro Rd,,Not a Collision with Motor Vehicle,1,Clear,Dry,Dark-Not Lighted
2022-06-26T20:01:00.000,I 85,I 85 and Jonesboro Rd,,Angle Crash,2,Rain,Wet,Dark-Lighted
2022-04-16T22:52:00.000,I 85,I 85 and Jonesboro Rd,,Sideswipe-Same Direction,2,Clear,Dry,Dark-Lighted
2022-08-24T10:53:00.000,I 85,I 85 and Jonesboro Rd,,Sideswipe-Same Direction,2,Clear,Dry,Daylight
2022-11-20T15:47:00.000,I 85,I 85 and Jonesboro Rd,,Sideswipe-Same Direction,2,Clear,Dry,Daylight
2024-09-24T08:53:00.000,I 85,I 85 and Jonesboro Rd,,Sideswipe-Same Direction,2,Cloudy,Wet,Daylight
2024-04-07T22:08:00.000,I 85,I 85 and Jonesboro Rd,,Rear End,2,Clear,Dry,Dark-Lighted
2024-04-04T14:58:00.000,I 85,I 85 and Jonesboro Rd,,Sideswipe-Same Direction,2,Clear,Dry,Daylight
2024-05-15T17:27:00.000,I 85,I 85 and Jonesboro Rd,,Rear End,2,Clear,Dry,Daylight
2024-07-20T22:46:00.000,I 85,I 85 and Jonesboro Rd,,Sideswipe-Same Direction,2,Clear,Dry,Dark-Not Lighted
2024-04-03T02:08:00.000,I 85,I 85 and Jonesboro Rd,,Sideswipe-Same Direction,2,Rain,Wet,Dark-Not Lighted
2024-07-18T16:11:00.000,I 85,I 85 and Jonesboro Rd,,Rear End,3,Rain,Wet,Daylight
2024-12-02T17:23:00.000,I 85,I 85 and Jonesboro Rd,,Sideswipe-Same Direction,2,Clear,Dry,Daylight
2024-06-29T17:15:00.000,I 85,I 85 and Jonesboro Rd,,Angle Crash,2,Rain,Wet,Daylight
2023-06-16T14:27:00.000,I 85,I 85 and Jonesboro Rd,,Rear End,2,Clear,Dry,Daylight
2023-06-17T23:09:00.000,I 85,I 85 and Jonesboro Rd,,Rear End,2,Clear,Dry,Dark-Not Lighted
2023-03-23T07:30:00.000,I 85,I 85 and Jonesboro Rd,,Rear End,3,Clear,Dry,Daylight
2023-08-09T21:46:00.000,I 85,I 85 and Jonesboro Rd,,Not a Collision with Motor Vehicle,1,Rain,Wet,Dark-Lighted
2023-06-21T07:10:00.000,I 85,I 85 and Jonesboro Rd,,Rear End,3,Rain,Wet,Daylight
2023-09-16T10:11:00.000,I 85,I 85 and Jonesboro Rd,,Rear End,2,Rain,Wet,Daylight
2024-11-25T23:00:00.000,I 85,I 85 and Jonesboro Rd,,Angle Crash,2,Clear,Dry,Dark-Lighted
2024-12-22T01:33:00.000,I 85,I 85 and Jonesboro Rd,,Angle Crash,2,Clear,Dry,Dark-Not Lighted
2024-09-22T04:35:00.000,I 85,I 85 and Jonesboro Rd,,Rear End,2,Clear,Dry,Dark-Lighted
2024-09-06T15:17:00.000,I 85,I 85 and Jonesboro Rd,,Not a Collision with Motor Vehicle,1,Rain,Wet,Daylight
2024-04-18T01:50:00.000,I 85,I 85 and Jonesboro Rd,,Sideswipe-Same Direction,2,Clear,Dry,Daylight
2024-01-18T05:27:00.000,I 85,I 85 and Jonesboro Rd,,Sideswipe-Same Direction,2,Clear,Dry,Dark-Not Lighted
2024-12-05T16:23:00.000,I 85,I 85 and Jonesboro Rd,,Sideswipe-Same Direction,2,Clear,Dry,Dusk
2024-09-06T15:45:00.000,I 85,I 85 and Jonesboro Rd,,Sideswipe-Same Direction,2,Rain,Wet,Daylight
2024-07-03T13:15:00.000,I 85,I 85 and Jonesboro Rd,,Sideswipe-Same Direction,2,Clear,Dry,Daylight
2024-07-09T16:05:00.000,I 85,I 85 and Jonesboro Rd,,Sideswipe-Same Direction,2,Rain,Wet,Daylight
2023-06-01T13:05:00.000,I 85,I 85 and Jonesboro,,Rear End,2,Cloudy,Dry,Daylight
2020-09-09T14:12:00.000,I 85,I 85 and Jones St,,Rear End,2,Cloudy,Dry,Daylight
2020-04-07T06:54:00.000,I 85,I 85 and Jones Boro Rd,,Not a Collision with Motor Vehicle,1,Clear,Dry,Daylight
2024-02-28T17:20:00.000,I 85,I 85 and Johnson Rd.,,Rear End,2,Rain,Wet,Daylight
2021-07-24T18:03:00.000,I 85,I 85 and Johnson Rd,,Not a Collision with Motor Vehicle,1,Clear,Dry,Daylight
2021-10-05T03:56:00.000,I 85,I 85 and Johnson Rd,,Not a Collision with Motor Vehicle,1,Rain,Wet,Dark-Not Lighted
2021-12-09T19:54:00.000,I 85,I 85 and Johnson Rd,,Sideswipe-Same Direction,2,Clear,Dry,Dark-Not Lighted
2021-11-14T12:49:00.000,I 85,I 85 and Johnson Rd,,Rear End,2,Clear,Dry,Daylight
2021-03-18T08:11:00.000,I 85,I 85 and Johnson Rd,,Not a Collision with Motor Vehicle,1,Rain,Wet,Daylight
2021-02-06T18:15:00.000,I 85,I 85 and Johnson Rd,,Rear End,2,Rain,Wet,Dark-Not Lighted
2021-05-27T17:22:00.000,I 85,I 85 and Johnson Rd,,Not a Collision with Motor Vehicle,1,Rain,Wet,Daylight
2021-05-04T16:05:00.000,I 85,I 85 and Johnson Rd,,Not a Collision with Motor Vehicle,1,Rain,Wet,Dusk
2021-06-16T21:58:00.000,I 85,I 85 and Johnson Rd,,Rear End,2,Clear,Dry,Dark-Not Lighted
2021-05-03T10:47:00.000,I 85,I 85 and Johnson Rd,,Not a Collision with Motor Vehicle,1,Rain,Wet,Daylight
2021-11-07T18:35:00.000,I 85,I 85 and Johnson Rd,,Rear End,3,Clear,Dry,Dark-Not Lighted
2021-01-23T18:18:00.000,I 85,I 85 and Johnson Rd,,Rear End,2,Clear,Dry,Dark-Not Lighted
2021-04-05T16:19:00.000,I 85,I 85 and Johnson Rd,,Sideswipe-Same Direction,2,Clear,Dry,Daylight
2021-02-06T18:10:00.000,I 85,I 85 and Johnson Rd,,Not a Collision with Motor Vehicle,1,Rain,Wet,Dark-Not Lighted
2021-06-03T10:20:00.000,I 85,I 85 and Johnson Rd,,Rear End,2,Clear,Dry,Daylight
2021-11-14T13:57:00.000,I 85,I 85 and Johnson Rd,,Sideswipe-Same Direction,3,Clear,Dry,Daylight
2020-12-14T06:15:00.000,I 85,I 85 and Johnson Rd,,Not a Collision with Motor Vehicle,1,Cloudy,Wet,Dark-Not Lighted
2020-12-31T12:47:00.000,I 85,I 85 and Johnson Rd,,Rear End,2,Cloudy,Dry,Daylight
2023-10-01T16:10:00.000,I 85,I 85 and Johnson Rd,,Not a Collision with Motor Vehicle,1,Clear,Dry,Daylight
2023-01-28T13:00:00.000,I 85,I 85 and Johnson Rd,,Not a Collision with Motor Vehicle,1,Clear,Dry,Daylight
2023-07-10T22:31:00.000,I 85,I 85 and Johnson Rd,,Sideswipe-Same Direction,5,Cloudy,Dry,Dark-Not Lighted
2023-02-02T18:15:00.000,I 85,I 85 and Johnson Rd,,Sideswipe-Same Direction,2,Rain,Wet,Dark-Not Lighted
2023-05-04T14:55:00.000,I 85,I 85 and Johnson Rd,,Not a Collision with Motor Vehicle,1,Clear,Dry,Daylight
2023-04-20T07:49:00.000,I 85,I 85 and Johnson Rd,,Sideswipe-Same Direction,2,Clear,Dry,Daylight
2023-07-12T16:14:00.000,I 85,I 85 and Johnson Rd,,Sideswipe-Same Direction,2,Clear,Dry,Daylight
2023-06-04T21:00:00.000,I 85,I 85 and Johnson Rd,,Not a Collision with Motor Vehicle,1,Rain,Wet,Dusk
2023-04-07T12:20:00.000,I 85,I 85 and Johnson Rd,,(None),2,(None),(None),(None)
2022-12-08T09:27:00.000,I 85,I 85 and Johnson Rd,,Not a Collision with Motor Vehicle,2,Cloudy,Dry,Daylight
2022-10-13T06:43:00.000,I 85,I 85 and Johnson Rd,,(None),1,(None),(None),(None)
2022-10-17T19:20:00.000,I 85,I 85 and Johnson Rd,,Angle Crash,2,Clear,Dry,Dark-Not Lighted
2022-04-24T18:30:00.000,I 85,I 85 and Johnson Rd,,Angle Crash,2,Clear,Dry,Daylight
2020-08-03T14:18:00.000,I 85,I 85 and Johnson Rd,,Angle Crash,2,Rain,Wet,Daylight
2020-11-23T20:05:00.000,I 85,I 85 and Johnson Rd,,Not a Collision with Motor Vehicle,1,Clear,Dry,Dark-Not Lighted
2020-02-20T12:25:00.000,I 85,I 85 and Johnson Rd,,Not a Collision with Motor Vehicle,1,Rain,Wet,Daylight
2020-04-23T09:53:00.000,I 85,I 85 and Johnson Rd,,Not a Collision with Motor Vehicle,1,Rain,Wet,Daylight
2020-01-14T15:34:00.000,I 85,I 85 and Johnson Rd,,Not a Collision with Motor Vehicle,1,Rain,Wet,Daylight
2020-02-10T09:33:00.000,I 85,I 85 and Johnson Rd,,Sideswipe-Same Direction,2,Cloudy,Dry,Daylight
2020-02-16T09:12:00.000,I 85,I 85 and Johnson Rd,,Not a Collision with Motor Vehicle,1,Rain,Wet,Daylight
2020-09-17T01:14:00.000,I 85,I 85 and Johnson Rd,,Not a Collision with Motor Vehicle,1,Rain,Wet,Dark-Not Lighted
2020-12-10T09:25:00.000,I 85,I 85 and Johnson Rd,,Sideswipe-Same Direction,2,Clear,Dry,Daylight
2020-03-05T00:36:00.000,I 85,I 85 and Johnson Rd,,Not a Collision with Motor Vehicle,1,Rain,Wet,Dark-Not Lighted
2020-02-24T10:23:00.000,I 85,I 85 and Johnson Rd,,Not a Collision with Motor Vehicle,1,Rain,Wet,Daylight
2020-06-10T12:38:00.000,I 85,I 85 and Johnson Rd,,Not a Collision with Motor Vehicle,1,Rain,Water (standing or moving),Daylight
2020-12-06T12:24:00.000,I 85,I 85 and Johnson Rd,,Rear End,2,Clear,Dry,Daylight
2020-02-11T19:48:00.000,I 85,I 85 and Johnson Rd,,Not a Collision with Motor Vehicle,1,Rain,Wet,Dark-Not Lighted
2020-05-18T16:42:00.000,I 85,I 85 and Johnson Rd,,Not a Collision with Motor Vehicle,1,Rain,Wet,Daylight
2020-02-05T21:56:00.000,I 85,I 85 and Johnson Rd,,Not a Collision with Motor Vehicle,1,Rain,Wet,Dark-Not Lighted
2020-03-06T21:27:00.000,I 85,I 85 and Johnson Rd,,Sideswipe-Same Direction,2,Clear,Dry,Dark-Lighted
2020-10-11T20:59:00.000,I 85,I 85 and Johnson Rd,,Not a Collision with Motor Vehicle,1,Rain,Wet,Dark-Lighted
2020-12-21T08:59:00.000,I 85,I 85 and Johnson Rd,,Not a Collision with Motor Vehicle,1,Cloudy,Dry,Daylight
2020-03-07T02:45:00.000,I 85,I 85 and Johnson Rd,,Rear End,2,Clear,Dry,Dark-Not Lighted
2020-01-13T09:00:00.000,I 85,I 85 and Johnson Rd,,Not a Collision with Motor Vehicle,1,Rain,Wet,Daylight
2020-12-29T11:46:00.000,I 85,I 85 and Johnson Rd,,Sideswipe-Same Direction,2,Clear,Dry,Daylight
2020-02-18T05:13:00.000,I 85,I 85 and Johnson Rd,,Not a Collision with Motor Vehicle,1,Rain,Wet,Dark-Not Lighted
2020-03-02T21:21:00.000,I 85,I 85 and Johnson Rd,,Rear End,2,Rain,Wet,Dark-Not Lighted
2020-01-02T13:58:00.000,I 85,I 85 and Johnson Rd,,Not a Collision with Motor Vehicle,1,Rain,Wet,Daylight
2020-06-10T12:35:00.000,I 85,I 85 and Johnson Rd,,Not a Collision with Motor Vehicle,1,Rain,Wet,Daylight
2021-05-01T08:50:00.000,I 85,I 85 and Johnson Rd,,Rear End,2,Clear,Dry,Daylight
2021-06-26T12:31:00.000,I 85,I 85 and Johnson Rd,,Not a Collision with Motor Vehicle,1,Clear,Dry,Daylight
2021-05-03T14:40:00.000,I 85,I 85 and Johnson Rd,,Head On,2,Rain,Wet,Daylight
2021-05-15T10:25:00.000,I 85,I 85 and Johnson Rd,,Rear End,2,Clear,Wet,Daylight
2021-03-26T00:32:00.000,I 85,I 85 and Johnson Rd,,Not a Collision with Motor Vehicle,1,Severe Thunderstorm or Tornadic,Wet,Dark-Not Lighted
2021-09-21T15:30:00.000,I 85,I 85 and Johnson Rd,,Sideswipe-Same Direction,2,Cloudy,Dry,Daylight
2021-07-05T22:09:00.000,I 85,I 85 and Johnson Rd,,Rear End,2,Clear,Dry,Dark-Not Lighted
2021-07-05T16:51:00.000,I 85,I 85 and Johnson Rd,,Head On,2,Clear,Dry,Daylight
2022-05-06T12:07:00.000,I 85,I 85 and Johnson Rd,,Rear End,2,Cloudy,Dry,Daylight
2022-06-16T20:35:00.000,I 85,I 85 and Johnson Rd,,Rear End,2,Clear,Dry,Daylight
2021-09-10T14:11:00.000,I 85,I 85 and Johnson Rd,,Not a Collision with Motor Vehicle,1,Clear,Dry,Daylight
2022-08-19T14:25:00.000,I 85,I 85 and Johnson Rd,,Angle Crash,1,Rain,Wet,Daylight
2021-09-18T18:23:00.000,I 85,I 85 and Johnson Rd,,Not a Collision with Motor Vehicle,1,Rain,Wet,Dusk
2022-12-02T16:00:00.000,I 85,I 85 and Johnson Rd,,Sideswipe-Same Direction,3,Clear,Dry,Daylight
2022-10-26T23:58:00.000,I 85,I 85 and Johnson Rd,,Not a Collision with Motor Vehicle,2,Clear,Dry,Dark-Not Lighted
2022-03-08T13:22:00.000,I 85,I 85 and Johnson Rd,,Not a Collision with Motor Vehicle,1,Rain,Wet,Daylight
2022-03-31T05:42:00.000,I 85,I 85 and Johnson Rd,,Angle Crash,3,Rain,Wet,Daylight
2022-10-18T16:30:00.000,I 85,I 85 and Johnson Rd,,Sideswipe-Same Direction,2,Clear,Dry,Daylight
2022-11-20T02:11:00.000,I 85,I 85 and Johnson Rd,,Not a Collision with Motor Vehicle,1,Clear,Dry,Dark-Lighted
2022-05-20T13:33:00.000,I 85,I 85 and Johnson Rd,,Not a Collision with Motor Vehicle,1,Clear,Dry,Daylight
2022-01-02T08:43:00.000,I 85,I 85 and Johnson Rd,,Not a Collision with Motor Vehicle,1,Rain,Wet,Daylight
2023-06-11T18:10:00.000,I 85,I 85 and Johnson Rd,,Angle Crash,2,Clear,Wet,Daylight
2024-03-09T01:29:00.000,I 85,I 85 and Johnson Rd,,Not a Collision with Motor Vehicle,1,Rain,Wet,Dark-Lighted
2023-09-07T05:35:00.000,I 85,I 85 and Johnson Rd,,Sideswipe-Same Direction,2,Clear,Dry,Dark-Not Lighted
2023-03-12T23:28:00.000,I 85,I 85 and Johnson Rd,,Rear End,2,Clear,Dry,Dark-Not Lighted
2023-01-19T22:15:00.000,I 85,I 85 and Johnson Rd,,Sideswipe-Same Direction,2,Clear,Dry,Dark-Not Lighted
2023-03-29T05:50:00.000,I 85,I 85 and Johnson Rd,,Rear End,2,Clear,Dry,Dark-Not Lighted
2023-04-08T14:20:00.000,I 85,I 85 and Johnson Rd,,Not a Collision with Motor Vehicle,1,Rain,Wet,Daylight
2024-05-25T11:18:00.000,I 85,I 85 and Johnson Rd,,Not a Collision with Motor Vehicle,1,Rain,Wet,Daylight
2024-01-09T12:20:00.000,I 85,I 85 and Johnson Rd,,Rear End,2,Clear,Dry,Daylight
2024-06-26T08:42:00.000,I 85,I 85 and Johnson Rd,,Rear End,2,Clear,Dry,Daylight
2024-06-17T16:15:00.000,I 85,I 85 and Johnson Rd,,Not a Collision with Motor Vehicle,1,Clear,Dry,Daylight
2021-02-11T12:26:00.000,I 85,I 85 and John Wesly Dobbs Underpass,,Rear End,2,Rain,Wet,Daylight
2020-12-31T13:04:00.000,I 85,I 85 and John Wesly Dobbs,,Rear End,4,Cloudy,Dry,Daylight
2021-03-18T10:28:00.000,I 85,I 85 and John Wesley Dobbs Opas,,Not a Collision with Motor Vehicle,1,Cloudy,Wet,Daylight
2021-06-29T16:48:00.000,I 85,I 85 and John Wesley Dobbs Ave,,Sideswipe-Same Direction,2,Clear,Dry,Daylight
2020-08-16T04:00:00.000,I 85,I 85 and John Wesley Dobbs Ave,,Sideswipe-Same Direction,2,Clear,Dry,Dark-Lighted
2020-10-27T16:50:00.000,I 85,I 85 and John Wesley Dobbs Ave,,Sideswipe-Same Direction,3,Cloudy,Dry,Daylight
2020-05-11T17:30:00.000,I 85,I 85 and John Wesley Dobbs Ave,,Rear End,2,Clear,Dry,Daylight
2020-03-19T17:35:00.000,I 85,I 85 and John Wesley Dobbs Ave,,Rear End,3,Clear,Dry,Daylight
2020-10-23T15:57:00.000,I 85,I 85 and John Wesley Dobbs Ave,,Rear End,2,Clear,Dry,Daylight
2021-09-07T09:55:00.000,I 85,I 85 and John Wesley Dobbs Ave,,Rear End,2,Rain,Wet,Daylight
2021-09-09T17:56:00.000,I 85,I 85 and John Wesley Dobbs,,Rear End,2,Clear,Dry,Daylight
2020-02-28T18:30:00.000,I 85,I 85 and John Wesley Dobbs,,Rear End,2,Clear,Dry,Dark-Lighted
2020-10-29T15:50:00.000,I 85,I 85 and John Wesley Dobbs,,Rear End,2,Clear,Dry,Daylight
2020-07-22T16:25:00.000,I 85,I 85 and John Wesley Dobbs,,Sideswipe-Same Direction,2,Clear,Dry,Daylight
2020-11-10T06:03:00.000,I 85,I 85 and John Wesley Dobbs,,Sideswipe-Same Direction,2,Cloudy,Dry,Dark-Lighted
2020-10-09T18:00:00.000,I 85,I 85 and John W Dobbs Ave,,Rear End,2,Rain,Wet,Daylight
2020-11-06T10:21:00.000,I 85,I 85 and John Portman,,Sideswipe-Same Direction,2,Clear,Dry,Daylight
2021-02-18T16:35:00.000,I 85,I 85 and John Lewis Freedom Pkwy,,Rear End,4,Rain,Wet,Daylight
2021-02-02T17:14:00.000,I 85,I 85 and John Lewis Freedom Pkwy,,Rear End,4,Clear,Dry,Dark-Lighted
2021-07-30T08:25:00.000,I 85,I 85 and John Lewis Freedom Pkwy,,Rear End,3,Clear,Dry,Daylight
2021-02-18T08:35:00.000,I 85,I 85 and John Lewis Freedom Pkwy,,Rear End,2,Cloudy,Dry,Daylight
2021-02-20T12:15:00.000,I 85,I 85 and John Lewis Freedom Pkwy,,Angle Crash,2,Clear,Dry,Daylight
2021-06-24T16:09:00.000,I 85,I 85 and John Lewis Freedom Pkwy,,Rear End,2,Clear,Dry,Daylight
2021-08-06T17:06:00.000,I 85,I 85 and John Lewis Freedom Pkwy,,Rear End,2,Clear,Dry,Daylight
2021-08-26T15:42:00.000,I 85,I 85 and John Lewis Freedom Pkwy,,Sideswipe-Same Direction,2,Clear,Dry,Daylight
2021-06-01T11:58:00.000,I 85,I 85 and John Lewis Freedom Pkwy,,Rear End,2,Clear,Dry,Daylight
2020-10-02T08:40:00.000,I 85,I 85 and John Lewis Freedom Pkwy,,Sideswipe-Same Direction,2,Clear,Dry,Daylight
2020-02-20T14:40:00.000,I 85,I 85 and John Lewis Freedom Pkwy,,Sideswipe-Same Direction,2,Rain,Wet,Daylight
2020-10-01T06:45:00.000,I 85,I 85 and John Lewis Freedom Pkwy,,Rear End,2,Clear,Dry,Dark-Lighted
2020-02-03T16:35:00.000,I 85,I 85 and John Lewis Freedom Pkwy,,Rear End,2,Clear,Dry,Daylight
2020-12-10T07:43:00.000,I 85,I 85 and John Lewis Freedom Pkwy,,Sideswipe-Same Direction,2,Clear,Dry,Daylight
2020-11-03T14:53:00.000,I 85,I 85 and John Lewis Freedom Pkwy,,Rear End,2,Clear,Dry,Daylight
2020-11-11T12:52:00.000,I 85,I 85 and John Lewis Freedom Pkwy,,Rear End,2,Rain,Wet,Daylight
2020-02-20T14:12:00.000,I 85,I 85 and John Lewis Freedom Pkwy,,Rear End,2,Rain,Wet,Daylight
2020-12-09T16:58:00.000,I 85,I 85 and John Lewis Freedom Pkwy,,Sideswipe-Same Direction,2,Clear,Dry,Daylight
2020-11-18T14:23:00.000,I 85,I 85 and John Lewis Freedom Pkwy,,Rear End,4,Clear,Dry,Daylight
2020-11-11T12:27:00.000,I 85,I 85 and John Lewis Freedom Pkwy,,Rear End,4,Rain,Wet,Daylight
2021-06-23T14:41:00.000,I 85,I 85 and John Lewis Freedom Pkwy,,Rear End,2,Clear,Dry,Daylight
2021-02-16T16:15:00.000,I 85,I 85 and John Lewis Freedom Pkwy,,Rear End,4,Clear,Dry,Daylight
2021-04-12T16:26:00.000,I 85,I 85 and John Lewis Freedom Pkwy,,Sideswipe-Same Direction,2,Clear,Dry,Daylight
2021-06-04T11:49:00.000,I 85,I 85 and John Lewis Freedom Pkwy,,Rear End,3,Clear,Dry,Daylight
2021-06-24T15:05:00.000,I 85,I 85 and John Lewis Freedom Pkwy,,Rear End,3,Clear,Dry,Daylight
2021-08-30T14:12:00.000,I 85,I 85 and John Lewis Freedom Pkwy,,Rear End,2,Clear,Dry,Daylight
2021-07-29T14:31:00.000,I 85,I 85 and John Lewis Freedom Pkwy,,Rear End,2,Clear,Dry,Daylight
2021-08-31T12:47:00.000,I 85,I 85 and John Lewis Freedom Pkwy,,Sideswipe-Same Direction,2,Rain,Wet,Daylight
2021-09-16T10:12:00.000,I 85,I 85 and John Lewis Freedom Pkwy,,Rear End,2,Cloudy,Wet,Daylight
2021-06-24T15:21:00.000,I 85,I 85 and John Lewis Freedom Parkway Ove,,Rear End,2,Clear,Dry,Daylight
2020-12-11T10:48:00.000,I 85,I 85 and John Lewis Fredom Pkwy,,Rear End,2,Clear,Dry,Daylight
2020-06-19T13:43:00.000,I 85,I 85 and John Lewis Fredom Pkwy,,Sideswipe-Same Direction,2,Cloudy,Dry,Daylight
2023-07-10T17:15:00.000,I 85,I 85 and Jimycarter Blvd,,Rear End,3,Clear,Dry,Daylight
2022-02-21T13:00:00.000,I 85,I 85 and Jimy Carter Blvd,,Sideswipe-Same Direction,2,Rain,Dry,Daylight
2022-03-22T15:20:00.000,I 85,I 85 and Jimny Carter Blvd,,Sideswipe-Same Direction,2,Clear,Dry,Daylight
2020-09-17T15:00:00.000,I 85,I 85 and Jimmycarter Blvd,,Not a Collision with Motor Vehicle,1,Cloudy,Wet,Daylight
2024-05-04T14:31:00.000,I 85,I 85 and Jimmy Cater Blvd.,,Rear End,2,Cloudy,Dry,Daylight
2024-08-26T14:40:00.000,I 85,I 85 and Jimmy Cater Blvd.,,Sideswipe-Same Direction,2,Clear,Dry,Daylight
2021-01-26T16:53:00.000,I 85,I 85 and Jimmy Cater Blvd,,Sideswipe-Same Direction,2,Cloudy,Dry,Daylight
2020-02-29T12:00:00.000,I 85,I 85 and Jimmy Cater Blvd,,Rear End,2,Clear,Dry,Daylight
2022-02-06T19:24:00.000,I 85,I 85 and Jimmy Cater Blvd,,Angle Crash,2,Cloudy,Dry,Dark-Lighted
2021-09-01T14:53:00.000,I 85,I 85 and Jimmy Cater Blvd,,Rear End,2,Cloudy,Dry,Daylight
2021-01-04T07:25:00.000,I 85,I 85 and Jimmy Cartert Blvd,,Rear End,4,Cloudy,Dry,Daylight
2024-10-27T17:15:00.000,I 85,I 85 and Jimmy Carterblvd,,Rear End,3,Cloudy,Dry,Daylight
2023-04-09T21:00:00.000,I 85,I 85 and Jimmy Carter Opas,,Not a Collision with Motor Vehicle,1,Clear,Dry,Dark-Lighted
2024-09-23T17:50:00.000,I 85,I 85 and Jimmy Carter Ext Rp,,Rear End,2,Clear,Dry,Daylight
2023-01-25T00:45:00.000,I 85,I 85 and Jimmy Carter Exit,,Rear End,4,Clear,Dry,Dark-Not Lighted
2024-08-22T21:08:00.000,I 85,I 85 and Jimmy Carter Entrance Rp,,Rear End,2,Clear,Dry,Dark-Lighted
2020-10-04T20:44:00.000,I 85,I 85 and Jimmy Carter Bvld,,Sideswipe-Same Direction,2,Cloudy,Dry,Dark-Not Lighted
2020-09-04T15:30:00.000,I 85,I 85 and Jimmy Carter Bvld,,Sideswipe-Same Direction,2,Cloudy,Dry,Daylight
2021-11-28T16:38:00.000,I 85,I 85 and Jimmy Carter Bvld,,Rear End,3,Cloudy,Dry,Daylight