Date and Time,Roadway (From Crash Report),Intersection Name (from Crash Report),KABCO Severity,Manner of Collision (Crash Level) ,# of Vehicles per crash ,Weather Conditions (Crash Level),Surface Condition (Crash Level) ,Light Conditions (Crash Level)
2022-08-12T21:21:00.000,I 85,I 85 and Jimmy Carter Bvld,,Angle Crash,1,Clear,Dry,Dark-Lighted
2023-11-05T13:15:00.000,I 85,I 85 and Jimmy Carter Bulevard,,Rear End,2,Cloudy,Dry,Daylight
2022-03-06T15:37:00.000,I 85,I 85 and Jimmy Carter Boulevrd,,Sideswipe-Same Direction,2,Clear,Dry,Daylight
2021-09-25T17:29:00.000,I 85,I 85 and Jimmy Carter Boulevard Sr140,,Angle Crash,2,Cloudy,Dry,Daylight
2022-02-07T19:45:00.000,I 85,I 85 and Jimmy Carter Boulevard S.R 140,,Rear End,2,Clear,Dry,Dark-Lighted
2020-01-11T16:35:00.000,I 85,I 85 and Jimmy Carter Boulevard Exit,,Rear End,2,Rain,Water (standing or moving),Daylight
2023-11-16T09:19:00.000,I 85,I 85 and Jimmy Carter Bouleavard,,Rear End,2,Cloudy,Dry,Daylight
2021-10-09T17:07:00.000,I 85,I 85 and Jimmy Carter Blvd.,,Rear End,3,Cloudy,Dry,Daylight
2021-12-19T11:38:00.000,I 85,I 85 and Jimmy Carter Blvd.,,Angle Crash,2,Cloudy,Wet,Daylight
2021-12-19T10:44:00.000,I 85,I 85 and Jimmy Carter Blvd.,,Rear End,2,Cloudy,Wet,Daylight
2023-04-09T14:53:00.000,I 85,I 85 and Jimmy Carter Blvd.,,Rear End,2,Cloudy,Dry,Daylight
2023-04-23T12:11:00.000,I 85,I 85 and Jimmy Carter Blvd.,,Rear End,2,Clear,Dry,Dark-Lighted
2023-04-22T06:50:00.000,I 85,I 85 and Jimmy Carter Blvd.,,Angle Crash,3,Rain,Wet,Dark-Lighted
2023-09-20T15:03:00.000,I 85,I 85 and Jimmy Carter Blvd.,,Sideswipe-Same Direction,2,Cloudy,Dry,Daylight
2023-01-31T08:41:00.000,I 85,I 85 and Jimmy Carter Blvd.,,Rear End,3,Cloudy,Dry,Daylight
2023-04-09T14:37:00.000,I 85,I 85 and Jimmy Carter Blvd.,,Rear End,2,Cloudy,Dry,Daylight
2023-06-28T09:40:00.000,I 85,I 85 and Jimmy Carter Blvd.,,Rear End,2,Clear,Dry,Daylight
2023-08-12T14:58:00.000,I 85,I 85 and Jimmy Carter Blvd.,,Rear End,4,Cloudy,Dry,Daylight
2023-03-12T10:45:00.000,I 85,I 85 and Jimmy Carter Blvd.,,Angle Crash,1,Rain,Wet,Daylight
2023-07-01T15:45:00.000,I 85,I 85 and Jimmy Carter Blvd.,,Sideswipe-Same Direction,2,Cloudy,Dry,Daylight
2023-01-18T14:50:00.000,I 85,I 85 and Jimmy Carter Blvd.,,Rear End,2,Cloudy,Dry,Daylight
2022-01-11T11:27:00.000,I 85,I 85 and Jimmy Carter Blvd.,,Rear End,2,Cloudy,Dry,Daylight
2021-11-17T15:55:00.000,I 85,I 85 and Jimmy Carter Blvd.,,Angle Crash,2,Cloudy,Dry,Daylight
2022-06-04T10:40:00.000,I 85,I 85 and Jimmy Carter Blvd.,,Rear End,2,Cloudy,Dry,Daylight
2022-10-22T15:06:00.000,I 85,I 85 and Jimmy Carter Blvd.,,Rear End,4,Cloudy,Dry,Daylight
2021-10-26T21:31:00.000,I 85,I 85 and Jimmy Carter Blvd.,,Not a Collision with Motor Vehicle,2,Clear,Dry,Dark-Lighted
2021-10-07T20:19:00.000,I 85,I 85 and Jimmy Carter Blvd.,,Rear End,2,Cloudy,Wet,Dark-Not Lighted
2022-05-08T15:20:00.000,I 85,I 85 and Jimmy Carter Blvd.,,Rear End,2,Cloudy,Dry,Daylight
2022-12-27T21:23:00.000,I 85,I 85 and Jimmy Carter Blvd.,,Sideswipe-Same Direction,2,Clear,Dry,Dark-Lighted
2021-11-28T17:54:00.000,I 85,I 85 and Jimmy Carter Blvd.,,Rear End,2,Clear,Dry,Dark-Not Lighted
2022-12-21T14:40:00.000,I 85,I 85 and Jimmy Carter Blvd.,,Sideswipe-Same Direction,2,Cloudy,Dry,Daylight
2022-12-21T14:50:00.000,I 85,I 85 and Jimmy Carter Blvd.,,Rear End,2,Cloudy,Dry,Dark-Lighted
2022-06-08T07:55:00.000,I 85,I 85 and Jimmy Carter Blvd.,,Rear End,2,Cloudy,Wet,Daylight
2022-10-24T16:27:00.000,I 85,I 85 and Jimmy Carter Blvd.,,Rear End,2,Clear,Dry,Daylight
2022-11-09T09:45:00.000,I 85,I 85 and Jimmy Carter Blvd.,,Rear End,2,Cloudy,Dry,Daylight
2022-01-11T07:03:00.000,I 85,I 85 and Jimmy Carter Blvd.,,Rear End,2,Cloudy,Dry,Daylight
2022-06-27T08:26:00.000,I 85,I 85 and Jimmy Carter Blvd.,,Sideswipe-Same Direction,2,Cloudy,Dry,Daylight
2022-03-27T14:10:00.000,I 85,I 85 and Jimmy Carter Blvd.,,Sideswipe-Same Direction,3,Cloudy,Dry,Daylight
2023-09-02T11:42:00.000,I 85,I 85 and Jimmy Carter Blvd.,,Not a Collision with Motor Vehicle,2,Clear,Dry,Daylight
2024-08-16T11:45:00.000,I 85,I 85 and Jimmy Carter Blvd.,,Rear End,2,Cloudy,Dry,Daylight
2024-07-18T13:50:00.000,I 85,I 85 and Jimmy Carter Blvd.,,Sideswipe-Same Direction,2,Clear,Dry,Daylight
2024-05-30T16:50:00.000,I 85,I 85 and Jimmy Carter Blvd.,,Rear End,2,Clear,Dry,Daylight
2024-05-10T11:31:00.000,I 85,I 85 and Jimmy Carter Blvd.,,Rear End,2,Clear,Dry,Daylight
2024-07-02T17:03:00.000,I 85,I 85 and Jimmy Carter Blvd.,,Angle Crash,3,Clear,Dry,Daylight
2024-05-06T17:50:00.000,I 85,I 85 and Jimmy Carter Blvd.,,Rear End,2,Clear,Dry,Daylight
2024-04-20T12:00:00.000,I 85,I 85 and Jimmy Carter Blvd.,,Rear End,2,Cloudy,Dry,Daylight
2023-07-19T07:55:00.000,I 85,I 85 and Jimmy Carter Blvd.,,Sideswipe-Same Direction,2,Cloudy,Dry,Daylight
2023-03-27T17:30:00.000,I 85,I 85 and Jimmy Carter Blvd.,,Rear End,2,Clear,Dry,Daylight
2023-03-12T10:40:00.000,I 85,I 85 and Jimmy Carter Blvd.,,Not a Collision with Motor Vehicle,1,Rain,Wet,Daylight
2024-02-24T13:00:00.000,I 85,I 85 and Jimmy Carter Blvd.,,Rear End,2,Cloudy,Dry,Daylight
2024-11-19T08:05:00.000,I 85,I 85 and Jimmy Carter Blvd.,,Rear End,2,Cloudy,Wet,Daylight
2024-12-30T14:00:00.000,I 85,I 85 and Jimmy Carter Blvd.,,Sideswipe-Same Direction,3,Clear,Dry,Daylight
2024-12-28T15:35:00.000,I 85,I 85 and Jimmy Carter Blvd.,,Sideswipe-Same Direction,2,Rain,Wet,Daylight
2024-03-12T15:27:00.000,I 85,I 85 and Jimmy Carter Blvd.,,Rear End,2,Clear,Dry,Daylight
2024-11-02T21:52:00.000,I 85,I 85 and Jimmy Carter Blvd.,,Angle Crash,3,Clear,Dry,Dark-Lighted
2024-07-24T20:34:00.000,I 85,I 85 and Jimmy Carter Blvd.,,Rear End,2,Rain,Wet,Dark-Not Lighted
2024-02-09T13:00:00.000,I 85,I 85 and Jimmy Carter Blvd.,,Rear End,2,Cloudy,Dry,Daylight
2024-04-01T11:40:00.000,I 85,I 85 and Jimmy Carter Blvd.,,Sideswipe-Same Direction,2,Cloudy,Dry,Daylight
2024-09-16T21:49:00.000,I 85,I 85 and Jimmy Carter Blvd.,,Sideswipe-Same Direction,4,Clear,Dry,Dark-Not Lighted
2024-12-09T12:35:00.000,I 85,I 85 and Jimmy Carter Blvd.,,Sideswipe-Same Direction,2,Rain,Wet,Daylight
2024-04-29T06:15:00.000,I 85,I 85 and Jimmy Carter Blvd.,,Rear End,2,Cloudy,Dry,Daylight
2020-10-10T16:49:00.000,I 85,I 85 and Jimmy Carter Blvd Sr140,,Rear End,2,Clear,Dry,Daylight
2023-05-27T20:04:00.000,I 85,I 85 and Jimmy Carter Blvd S.R. 140,,Sideswipe-Same Direction,2,Clear,Dry,Daylight
2024-11-28T23:03:00.000,I 85,I 85 and Jimmy Carter Blvd Rp,,Not a Collision with Motor Vehicle,1,Clear,Dry,Dark-Lighted
2023-09-02T22:08:00.000,I 85,I 85 and Jimmy Carter Blvd Rp,,Rear End,2,Clear,Dry,Dark-Not Lighted
2024-08-13T21:23:00.000,I 85,I 85 and Jimmy Carter Blvd On Rp,,Head On,2,Clear,Dry,Dark-Lighted
2022-11-10T21:00:00.000,I 85,I 85 and Jimmy Carter Blvd Exit.,,Sideswipe-Opposite Direction,2,Rain,Wet,Daylight
2021-06-28T17:10:00.000,I 85,I 85 and Jimmy Carter Blvd Exit Rp,,Sideswipe-Same Direction,2,Clear,Dry,Daylight
2020-09-18T17:10:00.000,I 85,I 85 and Jimmy Carter Blvd Exit Rp,,Rear End,2,Cloudy,Dry,Daylight
2021-03-03T16:22:00.000,I 85,I 85 and Jimmy Carter Blvd Exit Rp,,Not a Collision with Motor Vehicle,2,Clear,Dry,Daylight
2021-09-24T18:20:00.000,I 85,I 85 and Jimmy Carter Blvd Exit Rp,,Angle Crash,2,Cloudy,Dry,Daylight
2022-01-08T19:00:00.000,I 85,I 85 and Jimmy Carter Blvd Exit Rp,,Rear End,3,Clear,Dry,Dark-Lighted
2022-08-24T13:27:00.000,I 85,I 85 and Jimmy Carter Blvd Exit Rp,,Rear End,2,Clear,Dry,Daylight
2024-01-28T10:55:00.000,I 85,I 85 and Jimmy Carter Blvd Exit Rp,,Rear End,2,Cloudy,Dry,Daylight
2021-05-03T05:46:00.000,I 85,I 85 and Jimmy Carter Blvd Exit 99,,Sideswipe-Same Direction,2,Clear,Dry,Dark-Lighted
2021-05-02T23:25:00.000,I 85,I 85 and Jimmy Carter Blvd Exit 99,,Sideswipe-Opposite Direction,2,Clear,Dry,Dark-Lighted
2021-11-20T15:40:00.000,I 85,I 85 and Jimmy Carter Blvd Exit 99,,Sideswipe-Same Direction,2,Clear,Dry,Daylight
2022-08-03T10:13:00.000,I 85,I 85 and Jimmy Carter Blvd Exit 99,,Rear End,3,Clear,Dry,Daylight
2022-08-09T05:30:00.000,I 85,I 85 and Jimmy Carter Blvd Exit 99,,Rear End,2,Clear,Dry,Dark-Lighted
2022-11-20T11:53:00.000,I 85,I 85 and Jimmy Carter Blvd Exit 99,,Sideswipe-Same Direction,2,Clear,Dry,Daylight
2023-01-18T12:52:00.000,I 85,I 85 and Jimmy Carter Blvd Exit 99,,Not a Collision with Motor Vehicle,1,Clear,Dry,Daylight
2020-10-15T20:45:00.000,I 85,I 85 and Jimmy Carter Blvd Exit,,Angle Crash,2,Clear,Dry,Dark-Lighted
2022-10-21T20:02:00.000,I 85,I 85 and Jimmy Carter Blvd Exit,,Head On,2,Clear,Dry,Dark-Lighted
2024-12-22T20:15:00.000,I 85,I 85 and Jimmy Carter Blvd Exit,,Rear End,2,Clear,Dry,Dark-Lighted
2020-06-26T09:53:00.000,I 85,I 85 and Jimmy Carter Blvd  Mm98,,Sideswipe-Same Direction,3,Clear,Dry,Daylight
2021-03-19T14:28:00.000,I 85,I 85 and Jimmy Carter Blvd,,Sideswipe-Same Direction,2,Clear,Dry,Daylight
2021-03-12T15:25:00.000,I 85,I 85 and Jimmy Carter Blvd,,Rear End,2,Clear,Dry,Daylight
2021-02-15T13:42:00.000,I 85,I 85 and Jimmy Carter Blvd,,Rear End,2,Rain,Wet,Daylight
2021-04-17T13:00:00.000,I 85,I 85 and Jimmy Carter Blvd,,Angle Crash,2,Clear,Dry,Daylight
2021-05-26T09:35:00.000,I 85,I 85 and Jimmy Carter Blvd,,Sideswipe-Same Direction,2,Clear,Dry,Daylight
2021-01-27T18:47:00.000,I 85,I 85 and Jimmy Carter Blvd,,Rear End,1,Rain,Wet,Dark-Not Lighted
2021-05-02T15:28:00.000,I 85,I 85 and Jimmy Carter Blvd,,Rear End,2,Cloudy,Dry,Daylight
2021-06-21T15:15:00.000,I 85,I 85 and Jimmy Carter Blvd,,Rear End,2,Cloudy,Dry,Daylight
2021-01-20T06:02:00.000,I 85,I 85 and Jimmy Carter Blvd,,Sideswipe-Same Direction,2,Clear,Dry,Dark-Not Lighted
2021-05-30T16:34:00.000,I 85,I 85 and Jimmy Carter Blvd,,Rear End,2,Clear,Dry,Daylight
2021-03-12T16:20:00.000,I 85,I 85 and Jimmy Carter Blvd,,Rear End,2,Clear,Dry,Daylight
2021-06-18T16:00:00.000,I 85,I 85 and Jimmy Carter Blvd,,Angle Crash,2,Clear,Dry,Daylight
2021-04-13T20:45:00.000,I 85,I 85 and Jimmy Carter Blvd,,Not a Collision with Motor Vehicle,1,Clear,Dry,Dark-Not Lighted
2021-05-09T16:43:00.000,I 85,I 85 and Jimmy Carter Blvd,,Rear End,2,Clear,Dry,Daylight
2021-05-22T00:02:00.000,I 85,I 85 and Jimmy Carter Blvd,,Angle Crash,2,Cloudy,Dry,Dark-Lighted
2021-06-05T07:10:00.000,I 85,I 85 and Jimmy Carter Blvd,,Sideswipe-Same Direction,2,Clear,Dry,Daylight
2021-01-25T08:40:00.000,I 85,I 85 and Jimmy Carter Blvd,,Sideswipe-Same Direction,2,Cloudy,Wet,Daylight
2021-02-06T02:00:00.000,I 85,I 85 and Jimmy Carter Blvd,,Sideswipe-Same Direction,2,Cloudy,Dry,Dark-Not Lighted
2021-01-09T13:58:00.000,I 85,I 85 and Jimmy Carter Blvd,,Rear End,2,Clear,Dry,Daylight
2021-04-10T18:03:00.000,I 85,I 85 and Jimmy Carter Blvd,,Rear End,2,Cloudy,Dry,Daylight
2021-06-07T21:30:00.000,I 85,I 85 and Jimmy Carter Blvd,,Sideswipe-Same Direction,2,Clear,Dry,Dark-Not Lighted
2021-01-08T17:45:00.000,I 85,I 85 and Jimmy Carter Blvd,,Rear End,3,Cloudy,Dry,Dark-Lighted
2021-06-12T12:15:00.000,I 85,I 85 and Jimmy Carter Blvd,,Rear End,3,Clear,Dry,Daylight
2021-06-22T16:19:00.000,I 85,I 85 and Jimmy Carter Blvd,,Sideswipe-Same Direction,2,Clear,Dry,Daylight
2021-06-09T08:57:00.000,I 85,I 85 and Jimmy Carter Blvd,,Sideswipe-Same Direction,2,Cloudy,Dry,Daylight
2021-03-24T04:04:00.000,I 85,I 85 and Jimmy Carter Blvd,,Rear End,2,Cloudy,Dry,Dark-Not Lighted
2021-02-14T03:49:00.000,I 85,I 85 and Jimmy Carter Blvd,,Sideswipe-Same Direction,2,Clear,Dry,Dark-Lighted
2021-06-12T23:35:00.000,I 85,I 85 and Jimmy Carter Blvd,,Rear End,2,Clear,Dry,Dark-Not Lighted
2021-02-05T06:45:00.000,I 85,I 85 and Jimmy Carter Blvd,,Rear End,2,Cloudy,Wet,Dark-Lighted
2021-03-05T13:35:00.000,I 85,I 85 and Jimmy Carter Blvd,,Sideswipe-Same Direction,2,Clear,Dry,Daylight
2021-01-30T00:35:00.000,I 85,I 85 and Jimmy Carter Blvd,,Not a Collision with Motor Vehicle,1,Clear,Wet,Dark-Not Lighted
2021-06-04T05:33:00.000,I 85,I 85 and Jimmy Carter Blvd,,Rear End,4,Clear,Dry,Dark-Lighted
2021-05-31T20:00:00.000,I 85,I 85 and Jimmy Carter Blvd,,Rear End,3,Clear,Dry,Dawn
2021-04-29T01:00:00.000,I 85,I 85 and Jimmy Carter Blvd,,Sideswipe-Same Direction,2,Clear,Dry,Dark-Lighted
2021-05-08T14:40:00.000,I 85,I 85 and Jimmy Carter Blvd,,Rear End,2,Clear,Dry,Daylight
2021-05-31T06:17:00.000,I 85,I 85 and Jimmy Carter Blvd,,Rear End,2,Clear,Dry,Daylight
2021-01-08T15:55:00.000,I 85,I 85 and Jimmy Carter Blvd,,Sideswipe-Same Direction,2,Cloudy,Wet,Daylight
2021-10-24T04:05:00.000,I 85,I 85 and Jimmy Carter Blvd,,Rear End,2,Clear,Dry,Dark-Lighted
2021-08-01T15:05:00.000,I 85,I 85 and Jimmy Carter Blvd,,Rear End,2,Clear,Dry,Daylight
2021-12-30T17:59:00.000,I 85,I 85 and Jimmy Carter Blvd,,Rear End,2,Rain,Wet,Dark-Lighted
2021-11-19T14:03:00.000,I 85,I 85 and Jimmy Carter Blvd,,Rear End,2,Clear,Dry,Daylight
2021-08-02T15:14:00.000,I 85,I 85 and Jimmy Carter Blvd,,Rear End,4,Clear,Dry,Daylight
2021-09-20T17:06:00.000,I 85,I 85 and Jimmy Carter Blvd,,Rear End,2,Cloudy,Wet,Daylight
2021-12-17T07:36:00.000,I 85,I 85 and Jimmy Carter Blvd,,Sideswipe-Same Direction,2,Cloudy,Dry,Daylight
2021-10-14T19:25:00.000,I 85,I 85 and Jimmy Carter Blvd,,Rear End,2,Clear,Dry,Dark-Lighted
2021-07-12T08:00:00.000,I 85,I 85 and Jimmy Carter Blvd,,Rear End,2,Clear,Dry,Daylight
2021-07-18T13:46:00.000,I 85,I 85 and Jimmy Carter Blvd,,Sideswipe-Same Direction,2,Clear,Dry,Daylight
2021-11-18T16:30:00.000,I 85,I 85 and Jimmy Carter Blvd,,Rear End,2,Cloudy,Dry,Daylight
2021-10-31T16:35:00.000,I 85,I 85 and Jimmy Carter Blvd,,Rear End,2,Cloudy,Dry,Daylight
2021-07-11T14:25:00.000,I 85,I 85 and Jimmy Carter Blvd,,Rear End,2,Clear,Dry,Daylight
2021-11-16T19:28:00.000,I 85,I 85 and Jimmy Carter Blvd,,Rear End,2,Clear,Dry,Dark-Lighted
2021-07-16T21:27:00.000,I 85,I 85 and Jimmy Carter Blvd,,Rear End,2,Clear,Dry,Dark-Lighted
2021-07-11T21:10:00.000,I 85,I 85 and Jimmy Carter Blvd,,Rear End,3,Cloudy,Dry,Dark-Lighted
2021-09-19T02:46:00.000,I 85,I 85 and Jimmy Carter Blvd,,Angle Crash,2,Cloudy,Dry,Dark-Not Lighted
2021-09-05T20:30:00.000,I 85,I 85 and Jimmy Carter Blvd,,Sideswipe-Same Direction,2,Clear,Dry,Dark-Not Lighted
2021-09-26T15:59:00.000,I 85,I 85 and Jimmy Carter Blvd,,Rear End,2,Clear,Dry,Daylight
2021-11-03T19:22:00.000,I 85,I 85 and Jimmy Carter Blvd,,Rear End,2,Clear,Dry,Dark-Lighted
2021-12-18T16:37:00.000,I 85,I 85 and Jimmy Carter Blvd,,Rear End,2,Cloudy,Wet,Daylight
2021-11-29T18:30:00.000,I 85,I 85 and Jimmy Carter Blvd,,Rear End,2,Clear,Dry,Dark-Lighted
2021-08-12T13:07:00.000,I 85,I 85 and Jimmy Carter Blvd,,Sideswipe-Same Direction,2,Cloudy,Dry,Daylight
2021-12-09T14:45:00.000,I 85,I 85 and Jimmy Carter Blvd,,Rear End,2,Cloudy,Dry,Daylight
2021-10-05T14:55:00.000,I 85,I 85 and Jimmy Carter Blvd,,Rear End,3,Cloudy,Wet,Daylight
2021-04-17T16:19:00.000,I 85,I 85 and Jimmy Carter Blvd,,Rear End,2,Clear,Dry,Daylight
2021-04-13T22:20:00.000,I 85,I 85 and Jimmy Carter Blvd,,Sideswipe-Same Direction,2,Clear,Dry,Dark-Lighted
2021-05-08T06:43:00.000,I 85,I 85 and Jimmy Carter Blvd,,Rear End,2,Clear,Dry,Daylight
2021-03-13T00:13:00.000,I 85,I 85 and Jimmy Carter Blvd,,Angle Crash,2,Cloudy,Dry,Dark-Lighted
2021-03-06T21:58:00.000,I 85,I 85 and Jimmy Carter Blvd,,Sideswipe-Same Direction,2,Clear,Dry,Dark-Not Lighted
2021-02-13T16:00:00.000,I 85,I 85 and Jimmy Carter Blvd,,Rear End,2,Cloudy,Other,Daylight
2021-01-18T17:26:00.000,I 85,I 85 and Jimmy Carter Blvd,,Rear End,2,Clear,Dry,Daylight
2021-02-05T06:45:00.000,I 85,I 85 and Jimmy Carter Blvd,,Rear End,3,Cloudy,Wet,Dark-Lighted
2021-06-20T11:55:00.000,I 85,I 85 and Jimmy Carter Blvd,,Rear End,2,Clear,Dry,Daylight
2021-06-20T17:00:00.000,I 85,I 85 and Jimmy Carter Blvd,,Sideswipe-Same Direction,2,Clear,Dry,Daylight
2021-06-20T03:45:00.000,I 85,I 85 and Jimmy Carter Blvd,,Sideswipe-Same Direction,2,Rain,Wet,Dark-Lighted
2021-03-25T00:10:00.000,I 85,I 85 and Jimmy Carter Blvd,,Angle Crash,2,Clear,Dry,Dark-Not Lighted
2021-02-11T11:30:00.000,I 85,I 85 and Jimmy Carter Blvd,,Rear End,2,Rain,Wet,Daylight
2021-06-25T14:47:00.000,I 85,I 85 and Jimmy Carter Blvd,,Sideswipe-Same Direction,2,Cloudy,Dry,Daylight
2021-04-04T17:30:00.000,I 85,I 85 and Jimmy Carter Blvd,,Rear End,2,Clear,Dry,Daylight
2021-02-28T16:15:00.000,I 85,I 85 and Jimmy Carter Blvd,,Rear End,3,Clear,Dry,Daylight
2021-05-11T14:28:00.000,I 85,I 85 and Jimmy Carter Blvd,,Sideswipe-Same Direction,2,Clear,Dry,Daylight
2021-06-20T08:02:00.000,I 85,I 85 and Jimmy Carter Blvd,,Rear End,2,Rain,Wet,Daylight
2021-02-26T14:03:00.000,I 85,I 85 and Jimmy Carter Blvd,,Rear End,2,Cloudy,Wet,Daylight
2021-05-08T07:42:00.000,I 85,I 85 and Jimmy Carter Blvd,,Rear End,3,Clear,Dry,Daylight
2021-06-28T15:52:00.000,I 85,I 85 and Jimmy Carter Blvd,,Rear End,2,Clear,Dry,Daylight
2021-04-29T16:45:00.000,I 85,I 85 and Jimmy Carter Blvd,,Rear End,2,Cloudy,Dry,Daylight
2021-03-10T15:25:00.000,I 85,I 85 and Jimmy Carter Blvd,,Not a Collision with Motor Vehicle,2,Clear,Dry,Daylight
2021-04-24T15:05:00.000,I 85,I 85 and Jimmy Carter Blvd,,Sideswipe-Same Direction,4,Clear,Dry,Daylight
2021-06-09T00:25:00.000,I 85,I 85 and Jimmy Carter Blvd,,Rear End,2,Cloudy,Wet,Dark-Not Lighted
2021-02-01T18:25:00.000,I 85,I 85 and Jimmy Carter Blvd,,Sideswipe-Opposite Direction,2,Clear,Dry,Dark-Lighted
2021-06-13T16:15:00.000,I 85,I 85 and Jimmy Carter Blvd,,Rear End,2,Clear,Dry,Daylight
2021-03-10T13:51:00.000,I 85,I 85 and Jimmy Carter Blvd,,Rear End,2,Clear,Dry,Daylight
2021-01-31T12:00:00.000,I 85,I 85 and Jimmy Carter Blvd,,Rear End,2,Cloudy,Wet,Daylight
2021-01-27T12:00:00.000,I 85,I 85 and Jimmy Carter Blvd,,Rear End,4,Cloudy,Wet,Daylight
2021-05-16T05:50:00.000,I 85,I 85 and Jimmy Carter Blvd,,Angle Crash,2,Clear,Dry,Dawn
2021-02-25T21:30:00.000,I 85,I 85 and Jimmy Carter Blvd,,Angle Crash,2,Clear,Dry,Dark-Lighted
2021-03-06T14:26:00.000,I 85,I 85 and Jimmy Carter Blvd,,Sideswipe-Same Direction,2,Cloudy,Dry,Daylight
2021-05-14T09:35:00.000,I 85,I 85 and Jimmy Carter Blvd,,Sideswipe-Same Direction,2,Clear,Dry,Daylight
2021-04-15T11:55:00.000,I 85,I 85 and Jimmy Carter Blvd,,Sideswipe-Same Direction,5,Clear,Dry,Daylight
2021-06-20T13:30:00.000,I 85,I 85 and Jimmy Carter Blvd,,Rear End,2,Cloudy,Dry,Daylight
2021-06-13T05:37:00.000,I 85,I 85 and Jimmy Carter Blvd,,Rear End,1,Clear,Dry,Dark-Lighted
2021-04-29T09:35:00.000,I 85,I 85 and Jimmy Carter Blvd,,Sideswipe-Same Direction,2,Clear,Dry,Daylight
2021-05-16T15:00:00.000,I 85,I 85 and Jimmy Carter Blvd,,Rear End,3,Cloudy,Dry,Daylight
2021-03-01T08:20:00.000,I 85,I 85 and Jimmy Carter Blvd,,Rear End,4,Cloudy,Wet,Daylight
2021-01-04T06:31:00.000,I 85,I 85 and Jimmy Carter Blvd,,Rear End,3,Clear,Dry,Dark-Lighted
2021-05-08T08:15:00.000,I 85,I 85 and Jimmy Carter Blvd,,Rear End,2,Clear,Dry,Daylight
2021-05-27T03:20:00.000,I 85,I 85 and Jimmy Carter Blvd,,Not a Collision with Motor Vehicle,1,Clear,Dry,Dark-Lighted
2021-04-07T19:50:00.000,I 85,I 85 and Jimmy Carter Blvd,,Sideswipe-Same Direction,2,Clear,Dry,Daylight
2021-01-27T12:50:00.000,I 85,I 85 and Jimmy Carter Blvd,,Rear End,3,Cloudy,Wet,Daylight
2021-03-27T18:45:00.000,I 85,I 85 and Jimmy Carter Blvd,,Angle Crash,2,Clear,Dry,Daylight
2021-06-20T23:54:00.000,I 85,I 85 and Jimmy Carter Blvd,,Not a Collision with Motor Vehicle,1,Rain,Wet,Dark-Lighted
2021-05-08T08:27:00.000,I 85,I 85 and Jimmy Carter Blvd,,Sideswipe-Same Direction,2,Clear,Dry,Daylight
2021-01-05T17:32:00.000,I 85,I 85 and Jimmy Carter Blvd,,Rear End,2,Clear,Dry,Daylight
2021-03-25T13:40:00.000,I 85,I 85 and Jimmy Carter Blvd,,Sideswipe-Same Direction,3,Cloudy,Wet,Daylight
2021-02-06T16:39:00.000,I 85,I 85 and Jimmy Carter Blvd,,Rear End,2,Rain,Wet,Daylight
2021-03-16T21:49:00.000,I 85,I 85 and Jimmy Carter Blvd,,Sideswipe-Same Direction,3,Rain,Wet,Dark-Lighted
2021-02-03T07:25:00.000,I 85,I 85 and Jimmy Carter Blvd,,Rear End,2,Clear,Dry,Daylight
2021-05-01T13:55:00.000,I 85,I 85 and Jimmy Carter Blvd,,Rear End,2,Clear,Dry,Daylight
2021-05-13T05:07:00.000,I 85,I 85 and Jimmy Carter Blvd,,Rear End,2,Clear,Dry,Dark-Lighted
2021-04-27T19:20:00.000,I 85,I 85 and Jimmy Carter Blvd,,Rear End,3,Clear,Dry,Daylight
2021-06-13T18:05:00.000,I 85,I 85 and Jimmy Carter Blvd,,Rear End,3,Clear,Dry,Daylight
2021-05-15T14:04:00.000,I 85,I 85 and Jimmy Carter Blvd,,Sideswipe-Same Direction,2,Clear,Dry,Daylight
2021-06-25T16:13:00.000,I 85,I 85 and Jimmy Carter Blvd,,Angle Crash,2,Cloudy,Dry,Daylight
2021-06-09T08:57:00.000,I 85,I 85 and Jimmy Carter Blvd,,Rear End,2,Cloudy,Dry,Daylight
2021-05-26T16:25:00.000,I 85,I 85 and Jimmy Carter Blvd,,Sideswipe-Same Direction,2,Clear,Dry,Daylight
2021-01-12T07:03:00.000,I 85,I 85 and Jimmy Carter Blvd,,Rear End,2,Cloudy,Wet,Daylight
2021-04-09T10:35:00.000,I 85,I 85 and Jimmy Carter Blvd,,Sideswipe-Same Direction,2,Cloudy,Dry,Daylight
2021-02-22T10:35:00.000,I 85,I 85 and Jimmy Carter Blvd,,Not a Collision with Motor Vehicle,1,Cloudy,Dry,Daylight
2021-08-11T13:49:00.000,I 85,I 85 and Jimmy Carter Blvd,,Rear End,3,Cloudy,Dry,Daylight
2021-11-04T14:00:00.000,I 85,I 85 and Jimmy Carter Blvd,,Not a Collision with Motor Vehicle,2,Cloudy,Dry,Daylight
2021-10-25T18:20:00.000,I 85,I 85 and Jimmy Carter Blvd,,Rear End,2,Cloudy,Dry,Daylight
2021-11-14T16:50:00.000,I 85,I 85 and Jimmy Carter Blvd,,Rear End,2,Cloudy,Dry,Daylight
2021-12-18T06:27:00.000,I 85,I 85 and Jimmy Carter Blvd,,Sideswipe-Same Direction,2,Clear,Dry,Dark-Lighted
2021-10-29T08:21:00.000,I 85,I 85 and Jimmy Carter Blvd,,Sideswipe-Same Direction,2,Cloudy,Wet,Daylight
2021-12-30T15:20:00.000,I 85,I 85 and Jimmy Carter Blvd,,Rear End,2,Rain,Wet,Daylight
2021-09-18T19:58:00.000,I 85,I 85 and Jimmy Carter Blvd,,Rear End,2,Rain,Wet,Dark-Not Lighted
2021-08-10T17:08:00.000,I 85,I 85 and Jimmy Carter Blvd,,Rear End,3,Cloudy,Dry,Daylight
2021-10-11T10:49:00.000,I 85,I 85 and Jimmy Carter Blvd,,Sideswipe-Same Direction,3,Clear,Dry,Daylight
2021-10-09T04:27:00.000,I 85,I 85 and Jimmy Carter Blvd,,Rear End,2,Cloudy,Dry,Dark-Lighted
2021-08-17T17:00:00.000,I 85,I 85 and Jimmy Carter Blvd,,Rear End,2,Cloudy,Wet,Daylight