Date and Time,Roadway (From Crash Report),Intersection Name (from Crash Report),KABCO Severity,Manner of Collision (Crash Level) ,# of Vehicles per crash ,Weather Conditions (Crash Level),Surface Condition (Crash Level) ,Light Conditions (Crash Level)
2023-08-24T15:06:00.000,I 85,I 85 and Jimmy Carter Blvd,,Sideswipe-Same Direction,2,Clear,Dry,Daylight
2023-10-05T17:15:00.000,I 85,I 85 and Jimmy Carter Blvd,,Rear End,2,Clear,Dry,Daylight
2023-10-08T17:10:00.000,I 85,I 85 and Jimmy Carter Blvd,,Rear End,2,Clear,Dry,Daylight
2023-10-06T07:29:00.000,I 85,I 85 and Jimmy Carter Blvd,,Rear End,2,Cloudy,Dry,Daylight
2023-05-18T17:50:00.000,I 85,I 85 and Jimmy Carter Blvd,,Sideswipe-Same Direction,2,Cloudy,Dry,Daylight
2023-08-01T22:18:00.000,I 85,I 85 and Jimmy Carter Blvd,,Sideswipe-Same Direction,2,Clear,Dry,Dark-Lighted
2023-12-04T15:01:00.000,I 85,I 85 and Jimmy Carter Blvd,,Sideswipe-Same Direction,2,Clear,Dry,Daylight
2023-08-22T19:20:00.000,I 85,I 85 and Jimmy Carter Blvd,,Rear End,2,Cloudy,Dry,Daylight
2023-06-14T15:16:00.000,I 85,I 85 and Jimmy Carter Blvd,,Rear End,2,Rain,Wet,Daylight
2023-03-13T10:03:00.000,I 85,I 85 and Jimmy Carter Blvd,,Sideswipe-Same Direction,2,Clear,Dry,Daylight
2023-02-21T12:31:00.000,I 85,I 85 and Jimmy Carter Blvd,,Rear End,2,Cloudy,Dry,Daylight
2023-09-16T17:07:00.000,I 85,I 85 and Jimmy Carter Blvd,,Rear End,2,Cloudy,Dry,Daylight
2023-04-23T00:28:00.000,I 85,I 85 and Jimmy Carter Blvd,,Sideswipe-Same Direction,2,Clear,Dry,Dark-Lighted
2023-04-22T17:23:00.000,I 85,I 85 and Jimmy Carter Blvd,,Rear End,2,Clear,Dry,Daylight
2023-04-01T15:28:00.000,I 85,I 85 and Jimmy Carter Blvd,,Rear End,2,Clear,Dry,Daylight
2023-09-16T17:00:00.000,I 85,I 85 and Jimmy Carter Blvd,,Rear End,2,Cloudy,Dry,Daylight
2023-07-01T15:16:00.000,I 85,I 85 and Jimmy Carter Blvd,,Rear End,2,Clear,Dry,Daylight
2023-08-03T14:00:00.000,I 85,I 85 and Jimmy Carter Blvd,,Rear End,2,Cloudy,Wet,Daylight
2023-08-26T16:35:00.000,I 85,I 85 and Jimmy Carter Blvd,,Rear End,3,Clear,Dry,Daylight
2023-10-24T05:44:00.000,I 85,I 85 and Jimmy Carter Blvd,,Sideswipe-Same Direction,2,Clear,Dry,Dark-Lighted
2023-04-15T19:09:00.000,I 85,I 85 and Jimmy Carter Blvd,,Rear End,2,Clear,Dry,Daylight
2023-09-13T20:35:00.000,I 85,I 85 and Jimmy Carter Blvd,,Rear End,2,Cloudy,Dry,Dark-Lighted
2023-04-24T16:00:00.000,I 85,I 85 and Jimmy Carter Blvd,,Sideswipe-Same Direction,2,Clear,Dry,Daylight
2023-07-20T19:14:00.000,I 85,I 85 and Jimmy Carter Blvd,,Sideswipe-Same Direction,2,Rain,Wet,Daylight
2023-05-05T14:30:00.000,I 85,I 85 and Jimmy Carter Blvd,,Sideswipe-Same Direction,2,Rain,Wet,Daylight
2023-06-28T14:25:00.000,I 85,I 85 and Jimmy Carter Blvd,,Rear End,2,Clear,Dry,Daylight
2023-07-17T18:00:00.000,I 85,I 85 and Jimmy Carter Blvd,,Rear End,2,Cloudy,Dry,Daylight
2023-11-11T11:55:00.000,I 85,I 85 and Jimmy Carter Blvd,,Not a Collision with Motor Vehicle,1,Rain,Wet,Daylight
2023-02-23T21:13:00.000,I 85,I 85 and Jimmy Carter Blvd,,Not a Collision with Motor Vehicle,1,Clear,Dry,Dark-Lighted
2023-10-25T20:10:00.000,I 85,I 85 and Jimmy Carter Blvd,,Rear End,3,Clear,Dry,Daylight
2023-08-11T07:19:00.000,I 85,I 85 and Jimmy Carter Blvd,,Rear End,2,Rain,Wet,Daylight
2023-04-06T09:10:00.000,I 85,I 85 and Jimmy Carter Blvd,,Sideswipe-Same Direction,2,Cloudy,Dry,Daylight
2023-10-26T06:50:00.000,I 85,I 85 and Jimmy Carter Blvd,,Rear End,2,Clear,Dry,Dawn
2023-12-19T13:14:00.000,I 85,I 85 and Jimmy Carter Blvd,,Rear End,2,Clear,Dry,Daylight
2023-06-14T15:30:00.000,I 85,I 85 and Jimmy Carter Blvd,,Rear End,2,Rain,Wet,Daylight
2023-11-13T17:48:00.000,I 85,I 85 and Jimmy Carter Blvd,,Rear End,2,Clear,Dry,Dark-Lighted
2023-09-13T20:16:00.000,I 85,I 85 and Jimmy Carter Blvd,,Rear End,2,Clear,Dry,Dark-Lighted
2023-03-23T17:46:00.000,I 85,I 85 and Jimmy Carter Blvd,,Sideswipe-Same Direction,2,Cloudy,Dry,Daylight
2023-11-10T14:15:00.000,I 85,I 85 and Jimmy Carter Blvd,,Rear End,2,Rain,Wet,Daylight
2023-02-28T19:56:00.000,I 85,I 85 and Jimmy Carter Blvd,,Rear End,5,Clear,Dry,Dark-Lighted
2023-08-08T15:09:00.000,I 85,I 85 and Jimmy Carter Blvd,,Not a Collision with Motor Vehicle,1,Cloudy,Dry,Daylight
2023-09-12T19:11:00.000,I 85,I 85 and Jimmy Carter Blvd,,Rear End,2,Clear,Dry,Dusk
2023-07-13T12:50:00.000,I 85,I 85 and Jimmy Carter Blvd,,Sideswipe-Same Direction,2,Clear,Dry,Daylight
2023-10-18T21:14:00.000,I 85,I 85 and Jimmy Carter Blvd,,Sideswipe-Same Direction,2,Clear,Dry,Dark-Lighted
2023-10-16T14:22:00.000,I 85,I 85 and Jimmy Carter Blvd,,Rear End,2,Clear,Dry,Daylight
2023-09-08T14:09:00.000,I 85,I 85 and Jimmy Carter Blvd,,Sideswipe-Same Direction,2,Clear,Dry,Daylight
2023-04-29T21:40:00.000,I 85,I 85 and Jimmy Carter Blvd,,Rear End,2,Cloudy,Wet,Dark-Lighted
2023-10-06T12:06:00.000,I 85,I 85 and Jimmy Carter Blvd,,Rear End,3,Cloudy,Dry,Daylight
2023-12-08T13:53:00.000,I 85,I 85 and Jimmy Carter Blvd,,Rear End,2,Clear,Dry,Daylight
2023-12-08T00:46:00.000,I 85,I 85 and Jimmy Carter Blvd,,Rear End,2,Cloudy,Dry,Dark-Lighted
2023-07-05T17:00:00.000,I 85,I 85 and Jimmy Carter Blvd,,Sideswipe-Same Direction,2,Clear,Dry,Dawn
2023-12-05T23:33:00.000,I 85,I 85 and Jimmy Carter Blvd,,Sideswipe-Same Direction,2,Clear,Dry,Dark-Lighted
2023-08-08T07:55:00.000,I 85,I 85 and Jimmy Carter Blvd,,Sideswipe-Same Direction,2,Clear,Dry,Daylight
2023-03-24T08:44:00.000,I 85,I 85 and Jimmy Carter Blvd,,Sideswipe-Same Direction,2,Clear,Dry,Daylight
2023-01-25T08:49:00.000,I 85,I 85 and Jimmy Carter Blvd,,Sideswipe-Same Direction,2,Cloudy,Wet,Daylight
2023-02-26T13:54:00.000,I 85,I 85 and Jimmy Carter Blvd,,Sideswipe-Same Direction,2,Clear,Dry,Daylight
2023-10-16T17:44:00.000,I 85,I 85 and Jimmy Carter Blvd,,Sideswipe-Same Direction,2,Cloudy,Dry,Daylight
2023-03-17T16:00:00.000,I 85,I 85 and Jimmy Carter Blvd,,Sideswipe-Same Direction,2,Clear,Dry,Daylight
2022-11-20T18:00:00.000,I 85,I 85 and Jimmy Carter Blvd,,Rear End,3,Clear,Dry,Daylight
2022-05-16T19:16:00.000,I 85,I 85 and Jimmy Carter Blvd,,Rear End,2,Clear,Dry,Daylight
2022-01-18T13:36:00.000,I 85,I 85 and Jimmy Carter Blvd,,Rear End,2,Clear,Dry,(None)
2022-01-05T06:40:00.000,I 85,I 85 and Jimmy Carter Blvd,,Sideswipe-Same Direction,2,Clear,Dry,Dark-Lighted
2022-01-26T07:01:00.000,I 85,I 85 and Jimmy Carter Blvd,,Rear End,2,Cloudy,Dry,Dark-Not Lighted
2022-02-09T17:42:00.000,I 85,I 85 and Jimmy Carter Blvd,,Sideswipe-Same Direction,2,Clear,Dry,Daylight
2022-02-19T16:11:00.000,I 85,I 85 and Jimmy Carter Blvd,,Angle Crash,2,Clear,Dry,Daylight
2022-08-31T07:45:00.000,I 85,I 85 and Jimmy Carter Blvd,,Sideswipe-Same Direction,2,Clear,Dry,Daylight
2022-03-04T10:36:00.000,I 85,I 85 and Jimmy Carter Blvd,,Sideswipe-Same Direction,2,Clear,Dry,Daylight
2022-03-06T21:00:00.000,I 85,I 85 and Jimmy Carter Blvd,,Sideswipe-Same Direction,2,Clear,Dry,Dark-Lighted
2022-10-22T16:03:00.000,I 85,I 85 and Jimmy Carter Blvd,,Rear End,2,Clear,Dry,Daylight
2022-06-05T20:50:00.000,I 85,I 85 and Jimmy Carter Blvd,,Rear End,2,Clear,Dry,Dark-Lighted
2022-10-25T19:49:00.000,I 85,I 85 and Jimmy Carter Blvd,,Rear End,2,Clear,Dry,Dark-Lighted
2022-08-21T02:51:00.000,I 85,I 85 and Jimmy Carter Blvd,,Angle Crash,2,Clear,Wet,Dark-Lighted
2022-08-31T17:55:00.000,I 85,I 85 and Jimmy Carter Blvd,,Rear End,2,Clear,Dry,Daylight
2022-11-04T19:42:00.000,I 85,I 85 and Jimmy Carter Blvd,,Rear End,2,Clear,Dry,Dark-Not Lighted
2022-10-28T00:48:00.000,I 85,I 85 and Jimmy Carter Blvd,,Angle Crash,1,Clear,Dry,Dark-Lighted
2022-11-09T13:50:00.000,I 85,I 85 and Jimmy Carter Blvd,,Rear End,2,Clear,Dry,Daylight
2022-11-28T14:00:00.000,I 85,I 85 and Jimmy Carter Blvd,,Sideswipe-Same Direction,2,Cloudy,Dry,Daylight
2022-04-19T13:38:00.000,I 85,I 85 and Jimmy Carter Blvd,,Sideswipe-Same Direction,2,Clear,Dry,Daylight
2022-10-06T22:42:00.000,I 85,I 85 and Jimmy Carter Blvd,,Not a Collision with Motor Vehicle,1,Clear,Dry,Dark-Lighted
2022-07-03T02:55:00.000,I 85,I 85 and Jimmy Carter Blvd,,Angle Crash,2,Clear,Dry,Dark-Lighted
2022-03-09T10:20:00.000,I 85,I 85 and Jimmy Carter Blvd,,Angle Crash,2,Clear,Dry,Daylight
2022-12-18T14:46:00.000,I 85,I 85 and Jimmy Carter Blvd,,Rear End,2,Clear,Dry,Daylight
2022-06-24T22:55:00.000,I 85,I 85 and Jimmy Carter Blvd,,Rear End,3,Clear,Dry,Dark-Lighted
2022-08-21T16:20:00.000,I 85,I 85 and Jimmy Carter Blvd,,Angle Crash,2,Cloudy,Wet,Daylight
2022-01-25T13:00:00.000,I 85,I 85 and Jimmy Carter Blvd,,Rear End,3,Cloudy,Dry,Daylight
2022-01-24T10:05:00.000,I 85,I 85 and Jimmy Carter Blvd,,Rear End,3,Cloudy,Dry,Daylight
2022-11-06T10:08:00.000,I 85,I 85 and Jimmy Carter Blvd,,Angle Crash,2,Clear,Dry,Daylight
2022-06-19T00:00:00.000,I 85,I 85 and Jimmy Carter Blvd,,Sideswipe-Opposite Direction,2,Clear,Dry,Daylight
2022-11-27T03:00:00.000,I 85,I 85 and Jimmy Carter Blvd,,Angle Crash,2,Rain,Wet,Dark-Not Lighted
2022-09-19T06:25:00.000,I 85,I 85 and Jimmy Carter Blvd,,Rear End,2,Cloudy,Dry,Dawn
2023-12-04T12:50:00.000,I 85,I 85 and Jimmy Carter Blvd,,Sideswipe-Same Direction,2,Clear,Dry,Daylight
2023-02-07T10:53:00.000,I 85,I 85 and Jimmy Carter Blvd,,Rear End,2,Cloudy,Dry,Daylight
2024-05-05T20:35:00.000,I 85,I 85 and Jimmy Carter Blvd,,Rear End,2,Clear,Wet,Dark-Not Lighted
2022-10-20T20:12:00.000,I 85,I 85 and Jimmy Carter Blvd,,Rear End,2,Clear,Dry,Dark-Lighted
2022-11-21T21:02:00.000,I 85,I 85 and Jimmy Carter Blvd,,Rear End,2,Cloudy,Dry,Dark-Lighted
2021-02-12T23:26:00.000,I 85,I 85 and Jimmy Carter Blvd,,Sideswipe-Same Direction,2,Rain,Wet,Dark-Lighted
2021-05-02T01:28:00.000,I 85,I 85 and Jimmy Carter Blvd,,Rear End,2,Clear,Dry,Dark-Lighted
2022-07-30T17:40:00.000,I 85,I 85 and Jimmy Carter Blvd,,Rear End,2,Rain,Wet,Daylight
2022-02-25T15:15:00.000,I 85,I 85 and Jimmy Carter Blvd,,Rear End,2,Cloudy,Dry,Daylight
2020-01-03T08:05:00.000,I 85,I 85 and Jimmy Carter Blvd,,Rear End,2,Rain,Wet,Daylight
2021-01-14T18:11:00.000,I 85,I 85 and Jimmy Carter Blvd,,Sideswipe-Same Direction,2,Clear,Dry,Dark-Not Lighted
2020-01-06T22:00:00.000,I 85,I 85 and Jimmy Carter Blvd,,Sideswipe-Same Direction,2,Clear,Dry,Dark-Not Lighted
2020-05-30T12:21:00.000,I 85,I 85 and Jimmy Carter Blvd,,Rear End,2,Clear,Dry,Daylight
2020-11-26T10:50:00.000,I 85,I 85 and Jimmy Carter Blvd,,Sideswipe-Same Direction,2,Clear,Dry,Daylight
2020-11-17T06:00:00.000,I 85,I 85 and Jimmy Carter Blvd,,Angle Crash,2,Clear,Dry,Dark-Lighted
2020-05-27T12:46:00.000,I 85,I 85 and Jimmy Carter Blvd,,Sideswipe-Same Direction,2,Rain,Wet,Daylight
2020-12-31T01:34:00.000,I 85,I 85 and Jimmy Carter Blvd,,Angle Crash,1,Clear,Dry,Dark-Lighted
2020-10-17T18:55:00.000,I 85,I 85 and Jimmy Carter Blvd,,Rear End,2,Clear,Dry,Dark-Not Lighted
2020-01-18T06:06:00.000,I 85,I 85 and Jimmy Carter Blvd,,Rear End,2,Clear,Dry,Dark-Not Lighted
2020-01-02T20:37:00.000,I 85,I 85 and Jimmy Carter Blvd,,Rear End,2,Rain,Wet,Dark-Lighted
2020-12-12T19:01:00.000,I 85,I 85 and Jimmy Carter Blvd,,Rear End,2,Cloudy,Wet,Dark-Lighted
2020-02-18T12:50:00.000,I 85,I 85 and Jimmy Carter Blvd,,Not a Collision with Motor Vehicle,1,Rain,Wet,Daylight
2020-09-01T17:30:00.000,I 85,I 85 and Jimmy Carter Blvd,,Rear End,2,Rain,Wet,Daylight
2020-10-28T22:07:00.000,I 85,I 85 and Jimmy Carter Blvd,,Not a Collision with Motor Vehicle,1,Cloudy,Wet,Dark-Not Lighted
2020-08-28T23:19:00.000,I 85,I 85 and Jimmy Carter Blvd,,Angle Crash,2,Clear,Dry,Dark-Lighted
2020-11-08T05:39:00.000,I 85,I 85 and Jimmy Carter Blvd,,Not a Collision with Motor Vehicle,1,Clear,Dry,Dark-Lighted
2020-12-16T19:07:00.000,I 85,I 85 and Jimmy Carter Blvd,,Sideswipe-Same Direction,2,Cloudy,Wet,Dark-Lighted
2020-08-19T05:47:00.000,I 85,I 85 and Jimmy Carter Blvd,,Not a Collision with Motor Vehicle,2,Clear,Dry,Daylight
2020-03-25T18:36:00.000,I 85,I 85 and Jimmy Carter Blvd,,Rear End,2,Clear,Dry,Daylight
2020-03-25T17:55:00.000,I 85,I 85 and Jimmy Carter Blvd,,Rear End,2,Clear,Dry,Daylight
2020-10-22T21:18:00.000,I 85,I 85 and Jimmy Carter Blvd,,Angle Crash,2,Clear,Dry,Dark-Lighted
2020-06-29T15:25:00.000,I 85,I 85 and Jimmy Carter Blvd,,Rear End,2,Clear,Dry,Daylight
2020-12-22T17:55:00.000,I 85,I 85 and Jimmy Carter Blvd,,Rear End,2,Clear,Dry,Dark-Lighted
2020-01-13T07:00:00.000,I 85,I 85 and Jimmy Carter Blvd,,Sideswipe-Same Direction,2,Rain,Wet,Dark-Lighted
2020-11-29T01:40:00.000,I 85,I 85 and Jimmy Carter Blvd,,Sideswipe-Same Direction,2,Clear,Dry,Dark-Lighted
2020-08-11T12:39:00.000,I 85,I 85 and Jimmy Carter Blvd,,Rear End,2,Clear,Dry,Daylight
2020-09-15T16:33:00.000,I 85,I 85 and Jimmy Carter Blvd,,Rear End,2,Cloudy,Dry,Daylight
2020-02-11T16:32:00.000,I 85,I 85 and Jimmy Carter Blvd,,Sideswipe-Same Direction,2,Cloudy,Dry,Daylight
2020-09-22T16:48:00.000,I 85,I 85 and Jimmy Carter Blvd,,Rear End,3,Clear,Dry,Daylight
2020-10-16T16:14:00.000,I 85,I 85 and Jimmy Carter Blvd,,Rear End,2,Clear,Dry,Daylight
2020-12-09T08:00:00.000,I 85,I 85 and Jimmy Carter Blvd,,Not a Collision with Motor Vehicle,2,Clear,Dry,Daylight
2020-07-15T15:05:00.000,I 85,I 85 and Jimmy Carter Blvd,,Sideswipe-Same Direction,2,Cloudy,Dry,Daylight
2020-11-23T09:51:00.000,I 85,I 85 and Jimmy Carter Blvd,,Sideswipe-Same Direction,2,Clear,Dry,Daylight
2020-07-08T05:13:00.000,I 85,I 85 and Jimmy Carter Blvd,,Rear End,2,Cloudy,Dry,Dark-Lighted
2020-11-28T19:10:00.000,I 85,I 85 and Jimmy Carter Blvd,,Rear End,1,Clear,Dry,Dawn
2020-03-03T10:05:00.000,I 85,I 85 and Jimmy Carter Blvd,,Sideswipe-Same Direction,2,Rain,Wet,Daylight
2020-09-04T19:00:00.000,I 85,I 85 and Jimmy Carter Blvd,,Head On,2,Clear,Dry,Daylight
2020-02-07T07:10:00.000,I 85,I 85 and Jimmy Carter Blvd,,Rear End,2,Cloudy,Wet,Daylight
2020-01-22T11:35:00.000,I 85,I 85 and Jimmy Carter Blvd,,Sideswipe-Same Direction,2,Clear,Dry,Daylight
2020-05-01T15:40:00.000,I 85,I 85 and Jimmy Carter Blvd,,Rear End,4,Clear,Dry,Daylight
2020-01-20T18:38:00.000,I 85,I 85 and Jimmy Carter Blvd,,Rear End,2,Cloudy,Dry,Dark-Lighted
2020-10-09T12:50:00.000,I 85,I 85 and Jimmy Carter Blvd,,Rear End,4,Cloudy,Dry,Daylight
2020-03-02T12:55:00.000,I 85,I 85 and Jimmy Carter Blvd,,Rear End,4,Rain,Wet,Daylight
2020-12-19T13:15:00.000,I 85,I 85 and Jimmy Carter Blvd,,Rear End,2,Clear,Dry,Daylight
2020-05-15T12:00:00.000,I 85,I 85 and Jimmy Carter Blvd,,Rear End,2,Clear,Dry,Daylight
2020-03-12T18:10:00.000,I 85,I 85 and Jimmy Carter Blvd,,Rear End,2,Clear,Dry,Daylight
2020-03-06T06:10:00.000,I 85,I 85 and Jimmy Carter Blvd,,Rear End,2,Clear,Dry,Dark-Not Lighted
2020-10-05T17:28:00.000,I 85,I 85 and Jimmy Carter Blvd,,Not a Collision with Motor Vehicle,1,Clear,Dry,Daylight
2020-11-12T17:21:00.000,I 85,I 85 and Jimmy Carter Blvd,,Rear End,2,Clear,Dry,Daylight
2020-02-25T16:17:00.000,I 85,I 85 and Jimmy Carter Blvd,,Sideswipe-Same Direction,2,Clear,Dry,Daylight
2020-02-14T17:48:00.000,I 85,I 85 and Jimmy Carter Blvd,,Sideswipe-Same Direction,2,Clear,Dry,Daylight
2020-01-15T10:55:00.000,I 85,I 85 and Jimmy Carter Blvd,,Sideswipe-Same Direction,2,Cloudy,Wet,Daylight
2020-12-16T11:16:00.000,I 85,I 85 and Jimmy Carter Blvd,,Rear End,2,Cloudy,Wet,Daylight
2020-02-04T14:45:00.000,I 85,I 85 and Jimmy Carter Blvd,,Sideswipe-Same Direction,2,Cloudy,Dry,Daylight
2020-12-02T10:00:00.000,I 85,I 85 and Jimmy Carter Blvd,,Sideswipe-Same Direction,2,Clear,Dry,Daylight
2020-09-02T00:33:00.000,I 85,I 85 and Jimmy Carter Blvd,,Angle Crash,2,Clear,Dry,Dark-Lighted
2020-08-25T07:44:00.000,I 85,I 85 and Jimmy Carter Blvd,,Rear End,2,Rain,Wet,Daylight
2020-09-24T08:45:00.000,I 85,I 85 and Jimmy Carter Blvd,,Not a Collision with Motor Vehicle,2,Cloudy,Dry,Daylight
2020-03-05T11:08:00.000,I 85,I 85 and Jimmy Carter Blvd,,Sideswipe-Same Direction,2,Rain,Wet,Daylight
2020-01-07T17:17:00.000,I 85,I 85 and Jimmy Carter Blvd,,Rear End,3,Cloudy,Dry,Daylight
2020-10-23T11:40:00.000,I 85,I 85 and Jimmy Carter Blvd,,Rear End,2,Clear,Dry,Daylight
2020-09-17T07:12:00.000,I 85,I 85 and Jimmy Carter Blvd,,Sideswipe-Same Direction,2,Rain,Wet,Daylight
2020-01-19T18:05:00.000,I 85,I 85 and Jimmy Carter Blvd,,Rear End,2,Clear,Dry,Daylight
2020-03-09T05:30:00.000,I 85,I 85 and Jimmy Carter Blvd,,Rear End,2,Clear,Dry,Dark-Lighted
2020-10-04T16:19:00.000,I 85,I 85 and Jimmy Carter Blvd,,Rear End,2,Clear,Dry,Daylight
2020-12-19T11:50:00.000,I 85,I 85 and Jimmy Carter Blvd,,Rear End,2,Clear,Dry,Daylight
2020-11-14T05:28:00.000,I 85,I 85 and Jimmy Carter Blvd,,Rear End,2,Clear,Dry,Dark-Lighted
2020-10-31T17:03:00.000,I 85,I 85 and Jimmy Carter Blvd,,Rear End,2,Clear,Dry,Daylight
2020-02-15T09:00:00.000,I 85,I 85 and Jimmy Carter Blvd,,Rear End,2,Cloudy,Dry,Daylight
2020-03-09T06:51:00.000,I 85,I 85 and Jimmy Carter Blvd,,Rear End,3,Clear,Dry,Daylight
2020-09-27T19:20:00.000,I 85,I 85 and Jimmy Carter Blvd,,Angle Crash,2,Cloudy,Wet,Dark-Lighted
2020-01-02T16:35:00.000,I 85,I 85 and Jimmy Carter Blvd,,Sideswipe-Same Direction,2,Rain,Wet,Daylight
2020-07-08T01:54:00.000,I 85,I 85 and Jimmy Carter Blvd,,Rear End,2,Cloudy,Dry,Dark-Lighted
2020-12-30T13:30:00.000,I 85,I 85 and Jimmy Carter Blvd,,Sideswipe-Same Direction,2,Cloudy,Dry,Daylight
2020-07-25T13:26:00.000,I 85,I 85 and Jimmy Carter Blvd,,Rear End,2,Rain,Wet,Daylight
2020-10-17T17:54:00.000,I 85,I 85 and Jimmy Carter Blvd,,Sideswipe-Same Direction,2,Clear,Dry,Daylight
2020-09-03T20:15:00.000,I 85,I 85 and Jimmy Carter Blvd,,Sideswipe-Same Direction,2,Clear,Dry,Dark-Not Lighted
2020-01-11T16:24:00.000,I 85,I 85 and Jimmy Carter Blvd,,Rear End,2,Cloudy,Wet,Daylight
2020-09-05T20:20:00.000,I 85,I 85 and Jimmy Carter Blvd,,Angle Crash,2,Clear,Dry,Dark-Lighted
2020-11-15T14:42:00.000,I 85,I 85 and Jimmy Carter Blvd,,Angle Crash,2,Cloudy,Dry,Daylight
2020-07-17T04:40:00.000,I 85,I 85 and Jimmy Carter Blvd,,Rear End,2,Clear,Dry,Dark-Lighted
2020-10-21T10:51:00.000,I 85,I 85 and Jimmy Carter Blvd,,Rear End,3,Clear,Dry,Daylight
2020-01-28T19:55:00.000,I 85,I 85 and Jimmy Carter Blvd,,Rear End,2,Clear,Dry,Dark-Lighted
2020-02-01T13:15:00.000,I 85,I 85 and Jimmy Carter Blvd,,Rear End,2,Rain,Wet,Daylight
2020-02-03T06:20:00.000,I 85,I 85 and Jimmy Carter Blvd,,Rear End,3,Clear,Dry,Dark-Lighted
2020-07-08T03:15:00.000,I 85,I 85 and Jimmy Carter Blvd,,Rear End,2,Clear,Dry,Dark-Lighted
2020-05-15T12:00:00.000,I 85,I 85 and Jimmy Carter Blvd,,Rear End,2,Clear,Dry,Daylight
2020-11-11T06:11:00.000,I 85,I 85 and Jimmy Carter Blvd,,Rear End,2,Cloudy,Wet,Dawn
2020-02-16T20:00:00.000,I 85,I 85 and Jimmy Carter Blvd,,Sideswipe-Same Direction,2,Rain,Wet,Dark-Lighted
2020-02-18T16:45:00.000,I 85,I 85 and Jimmy Carter Blvd,,Sideswipe-Same Direction,2,Rain,Wet,Daylight
2020-10-02T17:49:00.000,I 85,I 85 and Jimmy Carter Blvd,,Sideswipe-Same Direction,2,Clear,Dry,Daylight
2020-06-11T08:20:00.000,I 85,I 85 and Jimmy Carter Blvd,,Not a Collision with Motor Vehicle,2,Clear,Dry,Daylight
2020-10-15T13:50:00.000,I 85,I 85 and Jimmy Carter Blvd,,Rear End,2,Cloudy,Dry,Daylight
2020-08-07T06:20:00.000,I 85,I 85 and Jimmy Carter Blvd,,Sideswipe-Same Direction,2,Clear,Dry,Dusk
2020-08-03T17:50:00.000,I 85,I 85 and Jimmy Carter Blvd,,Rear End,2,Cloudy,Dry,Daylight
2020-06-22T20:14:00.000,I 85,I 85 and Jimmy Carter Blvd,,Sideswipe-Same Direction,2,Clear,Wet,Daylight
2020-05-03T11:28:00.000,I 85,I 85 and Jimmy Carter Blvd,,Sideswipe-Same Direction,2,Clear,Dry,Daylight
2020-06-04T16:14:00.000,I 85,I 85 and Jimmy Carter Blvd,,(None),4,(None),(None),(None)
2020-01-16T16:14:00.000,I 85,I 85 and Jimmy Carter Blvd,,Sideswipe-Same Direction,2,Cloudy,Dry,Daylight
2020-11-18T07:47:00.000,I 85,I 85 and Jimmy Carter Blvd,,Angle Crash,2,Clear,Dry,Daylight
2020-09-02T08:28:00.000,I 85,I 85 and Jimmy Carter Blvd,,Sideswipe-Same Direction,2,Clear,Dry,Daylight
2020-01-25T17:50:00.000,I 85,I 85 and Jimmy Carter Blvd,,Rear End,2,Clear,Dry,Daylight
2020-10-02T15:35:00.000,I 85,I 85 and Jimmy Carter Blvd,,Rear End,2,Clear,Dry,Daylight
2020-01-20T16:00:00.000,I 85,I 85 and Jimmy Carter Blvd,,Rear End,2,Clear,Dry,Daylight
2020-09-12T18:35:00.000,I 85,I 85 and Jimmy Carter Blvd,,Rear End,2,Clear,Wet,Daylight
2020-07-16T20:40:00.000,I 85,I 85 and Jimmy Carter Blvd,,Angle Crash,2,Clear,Dry,Daylight
2020-03-02T08:10:00.000,I 85,I 85 and Jimmy Carter Blvd,,Rear End,2,Clear,Dry,Daylight
2020-03-06T13:30:00.000,I 85,I 85 and Jimmy Carter Blvd,,Rear End,2,Clear,Dry,Daylight
2020-01-14T15:15:00.000,I 85,I 85 and Jimmy Carter Blvd,,Rear End,2,Rain,Wet,Daylight
2020-12-30T02:50:00.000,I 85,I 85 and Jimmy Carter Blvd,,Sideswipe-Same Direction,2,Clear,Dry,Dark-Lighted
2020-07-27T15:21:00.000,I 85,I 85 and Jimmy Carter Blvd,,Sideswipe-Same Direction,2,Clear,Dry,Daylight
2020-01-07T16:52:00.000,I 85,I 85 and Jimmy Carter Blvd,,Rear End,2,Clear,Dry,Daylight
2020-05-27T15:25:00.000,I 85,I 85 and Jimmy Carter Blvd,,Rear End,3,Rain,Wet,Daylight
2020-06-27T18:33:00.000,I 85,I 85 and Jimmy Carter Blvd,,Rear End,3,Rain,Wet,Daylight
2020-12-23T12:23:00.000,I 85,I 85 and Jimmy Carter Blvd,,Rear End,4,Clear,Dry,Daylight
2020-07-28T06:56:00.000,I 85,I 85 and Jimmy Carter Blvd,,Sideswipe-Same Direction,2,Clear,Dry,Daylight
2020-11-10T21:10:00.000,I 85,I 85 and Jimmy Carter Blvd,,Angle Crash,2,Rain,Wet,Dark-Not Lighted
2020-06-05T12:29:00.000,I 85,I 85 and Jimmy Carter Blvd,,Rear End,2,Cloudy,Wet,Daylight
2020-05-08T15:30:00.000,I 85,I 85 and Jimmy Carter Blvd,,Rear End,3,Cloudy,Wet,Daylight
2020-10-09T17:57:00.000,I 85,I 85 and Jimmy Carter Blvd,,Rear End,2,Rain,Wet,Daylight
2020-09-27T18:08:00.000,I 85,I 85 and Jimmy Carter Blvd,,Angle Crash,4,Clear,Dry,Daylight
2020-11-24T09:25:00.000,I 85,I 85 and Jimmy Carter Blvd,,Rear End,3,Clear,Dry,Daylight
2020-09-23T10:30:00.000,I 85,I 85 and Jimmy Carter Blvd,,Sideswipe-Same Direction,2,Clear,Dry,Daylight
2020-09-24T17:22:00.000,I 85,I 85 and Jimmy Carter Blvd,,Rear End,2,Rain,Wet,Daylight
2020-10-23T11:00:00.000,I 85,I 85 and Jimmy Carter Blvd,,Rear End,3,Clear,Dry,Daylight
2020-06-22T11:38:00.000,I 85,I 85 and Jimmy Carter Blvd,,Rear End,2,Cloudy,Dry,Daylight
2020-03-05T15:52:00.000,I 85,I 85 and Jimmy Carter Blvd,,Rear End,2,Rain,Wet,Daylight