Date and Time,Roadway (From Crash Report),Intersection Name (from Crash Report),KABCO Severity,Manner of Collision (Crash Level) ,# of Vehicles per crash ,Weather Conditions (Crash Level),Surface Condition (Crash Level) ,Light Conditions (Crash Level)
2020-09-01T17:38:00.000,I 85,I 85 and Jimmy Carter Blvd,,Sideswipe-Same Direction,2,Rain,Wet,Daylight
2020-02-13T07:00:00.000,I 85,I 85 and Jimmy Carter Blvd,,Rear End,2,Rain,Wet,Dawn
2020-10-11T02:20:00.000,I 85,I 85 and Jimmy Carter Blvd,,Sideswipe-Same Direction,2,Cloudy,Wet,Dark-Lighted
2020-11-30T06:20:00.000,I 85,I 85 and Jimmy Carter Blvd,,Sideswipe-Same Direction,2,Rain,Wet,Dawn
2020-11-14T17:37:00.000,I 85,I 85 and Jimmy Carter Blvd,,Rear End,3,Clear,Dry,Dark-Not Lighted
2020-08-19T15:08:00.000,I 85,I 85 and Jimmy Carter Blvd,,Sideswipe-Same Direction,2,Clear,Dry,Daylight
2020-01-11T21:35:00.000,I 85,I 85 and Jimmy Carter Blvd,,Sideswipe-Same Direction,3,Cloudy,Wet,Dark-Lighted
2020-10-26T19:20:00.000,I 85,I 85 and Jimmy Carter Blvd,,Sideswipe-Same Direction,3,Cloudy,Dry,Dark-Lighted
2020-02-20T03:55:00.000,I 85,I 85 and Jimmy Carter Blvd,,Rear End,2,Rain,Wet,Dark-Lighted
2020-01-10T07:11:00.000,I 85,I 85 and Jimmy Carter Blvd,,Rear End,2,Cloudy,Dry,Dark-Lighted
2020-10-02T13:50:00.000,I 85,I 85 and Jimmy Carter Blvd,,Rear End,2,Clear,Dry,Daylight
2020-05-19T17:20:00.000,I 85,I 85 and Jimmy Carter Blvd,,Sideswipe-Same Direction,2,Cloudy,Dry,Daylight
2020-12-04T21:05:00.000,I 85,I 85 and Jimmy Carter Blvd,,Sideswipe-Same Direction,3,Clear,Dry,Dark-Lighted
2020-06-09T14:30:00.000,I 85,I 85 and Jimmy Carter Blvd,,Rear End,3,Rain,Wet,Daylight
2020-08-10T12:48:00.000,I 85,I 85 and Jimmy Carter Blvd,,Rear End,2,Cloudy,Dry,Daylight
2020-05-08T15:05:00.000,I 85,I 85 and Jimmy Carter Blvd,,Rear End,2,Rain,Wet,Daylight
2020-02-17T06:27:00.000,I 85,I 85 and Jimmy Carter Blvd,,Rear End,2,Fog,Dry,Dark-Lighted
2020-08-18T16:58:00.000,I 85,I 85 and Jimmy Carter Blvd,,Rear End,2,Clear,Dry,Daylight
2020-02-13T06:32:00.000,I 85,I 85 and Jimmy Carter Blvd,,Rear End,3,Rain,Wet,Dark-Lighted
2020-08-09T21:40:00.000,I 85,I 85 and Jimmy Carter Blvd,,Sideswipe-Same Direction,3,Cloudy,Dry,Dark-Lighted
2020-02-15T07:21:00.000,I 85,I 85 and Jimmy Carter Blvd,,Rear End,2,Cloudy,Dry,Daylight
2020-01-28T07:13:00.000,I 85,I 85 and Jimmy Carter Blvd,,Sideswipe-Same Direction,2,Cloudy,Dry,Daylight
2020-08-18T17:01:00.000,I 85,I 85 and Jimmy Carter Blvd,,Rear End,2,Clear,Dry,Daylight
2020-07-01T18:30:00.000,I 85,I 85 and Jimmy Carter Blvd,,Rear End,3,Cloudy,Dry,Daylight
2020-06-10T13:18:00.000,I 85,I 85 and Jimmy Carter Blvd,,Sideswipe-Same Direction,2,Rain,Wet,Daylight
2020-10-01T17:29:00.000,I 85,I 85 and Jimmy Carter Blvd,,Rear End,2,Clear,Dry,Daylight
2020-09-08T15:02:00.000,I 85,I 85 and Jimmy Carter Blvd,,Sideswipe-Same Direction,3,Clear,Dry,Daylight
2020-02-26T04:30:00.000,I 85,I 85 and Jimmy Carter Blvd,,Not a Collision with Motor Vehicle,1,Clear,Dry,Dark-Lighted
2020-10-27T13:44:00.000,I 85,I 85 and Jimmy Carter Blvd,,Rear End,2,Cloudy,Dry,Daylight
2020-02-01T15:41:00.000,I 85,I 85 and Jimmy Carter Blvd,,Angle Crash,2,Clear,Dry,Daylight
2020-09-20T20:40:00.000,I 85,I 85 and Jimmy Carter Blvd,,Rear End,2,Clear,Dry,Dark-Lighted
2020-02-05T19:00:00.000,I 85,I 85 and Jimmy Carter Blvd,,Rear End,3,Rain,Wet,Dark-Lighted
2020-10-28T05:40:00.000,I 85,I 85 and Jimmy Carter Blvd,,Sideswipe-Same Direction,2,Rain,Wet,Dark-Lighted
2020-06-06T03:09:00.000,I 85,I 85 and Jimmy Carter Blvd,,Sideswipe-Same Direction,2,Clear,Dry,Dark-Lighted
2020-01-10T23:15:00.000,I 85,I 85 and Jimmy Carter Blvd,,Sideswipe-Same Direction,2,Cloudy,Dry,Dark-Lighted
2020-08-18T11:50:00.000,I 85,I 85 and Jimmy Carter Blvd,,Sideswipe-Same Direction,2,Clear,Dry,Daylight
2020-12-10T17:48:00.000,I 85,I 85 and Jimmy Carter Blvd,,Rear End,2,Clear,Dry,Dark-Not Lighted
2020-10-29T02:54:00.000,I 85,I 85 and Jimmy Carter Blvd,,Rear End,2,Rain,Wet,Dark-Lighted
2020-09-01T18:00:00.000,I 85,I 85 and Jimmy Carter Blvd,,Rear End,2,Clear,Dry,Daylight
2020-06-27T18:45:00.000,I 85,I 85 and Jimmy Carter Blvd,,Rear End,3,Rain,Wet,Daylight
2020-05-15T09:22:00.000,I 85,I 85 and Jimmy Carter Blvd,,Sideswipe-Same Direction,2,Cloudy,Dry,Daylight
2020-12-19T19:30:00.000,I 85,I 85 and Jimmy Carter Blvd,,Sideswipe-Same Direction,2,Clear,Dry,Dark-Not Lighted
2020-10-24T17:00:00.000,I 85,I 85 and Jimmy Carter Blvd,,Sideswipe-Same Direction,2,Rain,Wet,Daylight
2020-07-09T12:50:00.000,I 85,I 85 and Jimmy Carter Blvd,,Sideswipe-Same Direction,3,Cloudy,Dry,Daylight
2020-05-14T11:15:00.000,I 85,I 85 and Jimmy Carter Blvd,,Not a Collision with Motor Vehicle,1,Cloudy,Dry,Daylight
2020-04-24T11:32:00.000,I 85,I 85 and Jimmy Carter Blvd,,Sideswipe-Same Direction,2,Cloudy,Dry,Daylight
2020-08-05T07:48:00.000,I 85,I 85 and Jimmy Carter Blvd,,Rear End,2,Clear,Dry,Daylight
2020-11-21T15:20:00.000,I 85,I 85 and Jimmy Carter Blvd,,Rear End,2,Cloudy,Dry,Daylight
2020-02-12T12:35:00.000,I 85,I 85 and Jimmy Carter Blvd,,Rear End,2,Cloudy,Dry,Daylight
2020-01-20T16:21:00.000,I 85,I 85 and Jimmy Carter Blvd,,Sideswipe-Same Direction,2,Cloudy,Dry,Daylight
2020-05-27T15:12:00.000,I 85,I 85 and Jimmy Carter Blvd,,Rear End,2,Rain,Wet,Daylight
2020-09-17T02:10:00.000,I 85,I 85 and Jimmy Carter Blvd,,Not a Collision with Motor Vehicle,1,Rain,Wet,Dark-Lighted
2020-03-05T15:30:00.000,I 85,I 85 and Jimmy Carter Blvd,,Rear End,4,Rain,Wet,Daylight
2020-07-02T16:15:00.000,I 85,I 85 and Jimmy Carter Blvd,,Rear End,2,Clear,Dry,Daylight
2020-06-13T06:37:00.000,I 85,I 85 and Jimmy Carter Blvd,,Sideswipe-Same Direction,2,Clear,Dry,Dawn
2020-03-28T19:21:00.000,I 85,I 85 and Jimmy Carter Blvd,,Rear End,2,Clear,Dry,Dusk
2020-02-01T07:49:00.000,I 85,I 85 and Jimmy Carter Blvd,,Rear End,2,Cloudy,Dry,Daylight
2020-02-27T20:30:00.000,I 85,I 85 and Jimmy Carter Blvd,,Rear End,2,Clear,Dry,Dark-Not Lighted
2020-11-28T20:15:00.000,I 85,I 85 and Jimmy Carter Blvd,,Sideswipe-Same Direction,2,Cloudy,Dry,Dark-Lighted
2020-10-09T12:43:00.000,I 85,I 85 and Jimmy Carter Blvd,,Rear End,3,Cloudy,Dry,Daylight
2020-02-11T01:58:00.000,I 85,I 85 and Jimmy Carter Blvd,,Rear End,2,Rain,Wet,Dark-Lighted
2020-08-07T19:50:00.000,I 85,I 85 and Jimmy Carter Blvd,,Sideswipe-Same Direction,2,Clear,Dry,Daylight
2020-05-21T10:49:00.000,I 85,I 85 and Jimmy Carter Blvd,,Rear End,2,Cloudy,Dry,Daylight
2020-01-15T07:05:00.000,I 85,I 85 and Jimmy Carter Blvd,,Rear End,2,Cloudy,Dry,Dawn
2020-07-11T14:06:00.000,I 85,I 85 and Jimmy Carter Blvd,,Rear End,2,Clear,Dry,Daylight
2020-07-11T11:46:00.000,I 85,I 85 and Jimmy Carter Blvd,,Sideswipe-Same Direction,2,Clear,Dry,Daylight
2020-07-01T17:30:00.000,I 85,I 85 and Jimmy Carter Blvd,,Rear End,3,Cloudy,Dry,Daylight
2020-01-22T09:40:00.000,I 85,I 85 and Jimmy Carter Blvd,,Sideswipe-Same Direction,2,Clear,Dry,Daylight
2020-03-01T15:10:00.000,I 85,I 85 and Jimmy Carter Blvd,,Rear End,2,Clear,Dry,Daylight
2020-11-28T19:55:00.000,I 85,I 85 and Jimmy Carter Blvd,,Sideswipe-Same Direction,2,Clear,Dry,Dark-Not Lighted
2020-10-21T12:58:00.000,I 85,I 85 and Jimmy Carter Blvd,,Sideswipe-Same Direction,2,Cloudy,Dry,Daylight
2020-09-02T19:45:00.000,I 85,I 85 and Jimmy Carter Blvd,,Rear End,2,Cloudy,Dry,Daylight
2020-03-23T19:34:00.000,I 85,I 85 and Jimmy Carter Blvd,,Not a Collision with Motor Vehicle,1,Rain,Wet,Dark-Lighted
2020-08-04T23:35:00.000,I 85,I 85 and Jimmy Carter Blvd,,Angle Crash,2,Clear,Dry,Dark-Lighted
2020-03-05T01:53:00.000,I 85,I 85 and Jimmy Carter Blvd,,Angle Crash,2,Rain,Wet,Dark-Lighted
2020-12-18T20:30:00.000,I 85,I 85 and Jimmy Carter Blvd,,Rear End,2,Clear,Dry,Dark-Lighted
2020-03-23T11:10:00.000,I 85,I 85 and Jimmy Carter Blvd,,Not a Collision with Motor Vehicle,1,Rain,Wet,Daylight
2020-01-13T10:50:00.000,I 85,I 85 and Jimmy Carter Blvd,,Rear End,2,Cloudy,Wet,Daylight
2020-11-14T18:40:00.000,I 85,I 85 and Jimmy Carter Blvd,,Rear End,2,Cloudy,Dry,Dark-Lighted
2020-10-12T15:28:00.000,I 85,I 85 and Jimmy Carter Blvd,,Rear End,2,Clear,Dry,Daylight
2020-03-15T22:10:00.000,I 85,I 85 and Jimmy Carter Blvd,,Sideswipe-Same Direction,2,Cloudy,Dry,Dark-Lighted
2020-10-09T19:40:00.000,I 85,I 85 and Jimmy Carter Blvd,,Rear End,2,Rain,Wet,Dark-Lighted
2020-02-18T19:20:00.000,I 85,I 85 and Jimmy Carter Blvd,,Rear End,2,Rain,Wet,Dark-Lighted
2020-08-29T07:11:00.000,I 85,I 85 and Jimmy Carter Blvd,,Rear End,2,Cloudy,Dry,Daylight
2020-07-06T16:17:00.000,I 85,I 85 and Jimmy Carter Blvd,,Sideswipe-Same Direction,2,Clear,Dry,Daylight
2020-07-02T17:25:00.000,I 85,I 85 and Jimmy Carter Blvd,,Rear End,2,Clear,Dry,Daylight
2020-08-21T11:39:00.000,I 85,I 85 and Jimmy Carter Blvd,,Sideswipe-Same Direction,3,Cloudy,Dry,Daylight
2020-11-29T21:37:00.000,I 85,I 85 and Jimmy Carter Blvd,,Not a Collision with Motor Vehicle,1,Rain,Wet,Dark-Lighted
2020-01-21T09:01:00.000,I 85,I 85 and Jimmy Carter Blvd,,Rear End,2,Cloudy,Dry,Daylight
2020-11-29T23:05:00.000,I 85,I 85 and Jimmy Carter Blvd,,Angle Crash,2,Rain,Wet,Dark-Not Lighted
2020-01-19T03:25:00.000,I 85,I 85 and Jimmy Carter Blvd,,Not a Collision with Motor Vehicle,1,Clear,Wet,Dark-Not Lighted
2020-07-09T16:54:00.000,I 85,I 85 and Jimmy Carter Blvd,,Rear End,3,Clear,Dry,Daylight
2020-07-28T14:24:00.000,I 85,I 85 and Jimmy Carter Blvd,,Rear End,3,Rain,Wet,Daylight
2020-09-22T16:40:00.000,I 85,I 85 and Jimmy Carter Blvd,,Sideswipe-Same Direction,2,Cloudy,Dry,Daylight
2020-08-09T14:40:00.000,I 85,I 85 and Jimmy Carter Blvd,,Head On,1,Cloudy,Dry,Daylight
2020-12-30T13:05:00.000,I 85,I 85 and Jimmy Carter Blvd,,Sideswipe-Same Direction,2,Cloudy,Wet,Daylight
2020-01-10T20:30:00.000,I 85,I 85 and Jimmy Carter Blvd,,Rear End,2,Clear,Dry,Dark-Lighted
2020-02-01T07:55:00.000,I 85,I 85 and Jimmy Carter Blvd,,Rear End,2,Cloudy,Dry,Daylight
2020-02-12T18:47:00.000,I 85,I 85 and Jimmy Carter Blvd,,Rear End,2,Clear,Wet,Dark-Lighted
2020-09-08T20:30:00.000,I 85,I 85 and Jimmy Carter Blvd,,Angle Crash,2,Cloudy,Dry,Daylight
2020-11-14T15:07:00.000,I 85,I 85 and Jimmy Carter Blvd,,Angle Crash,2,Clear,Dry,Daylight
2020-09-16T07:43:00.000,I 85,I 85 and Jimmy Carter Blvd,,Not a Collision with Motor Vehicle,2,Cloudy,Dry,Daylight
2020-02-18T19:20:00.000,I 85,I 85 and Jimmy Carter Blvd,,Rear End,2,Clear,Dry,Dark-Not Lighted
2020-06-17T12:55:00.000,I 85,I 85 and Jimmy Carter Blvd,,Sideswipe-Same Direction,2,Cloudy,Dry,Daylight
2020-03-06T12:25:00.000,I 85,I 85 and Jimmy Carter Blvd,,Sideswipe-Same Direction,2,Clear,Dry,Daylight
2020-11-10T07:05:00.000,I 85,I 85 and Jimmy Carter Blvd,,Rear End,3,Cloudy,Wet,Daylight
2020-02-12T07:02:00.000,I 85,I 85 and Jimmy Carter Blvd,,Rear End,2,Cloudy,Dry,Daylight
2020-08-20T17:14:00.000,I 85,I 85 and Jimmy Carter Blvd,,Rear End,2,Cloudy,Dry,Daylight
2020-02-05T07:48:00.000,I 85,I 85 and Jimmy Carter Blvd,,Rear End,2,Cloudy,Wet,Daylight
2020-07-06T18:00:00.000,I 85,I 85 and Jimmy Carter Blvd,,Sideswipe-Same Direction,2,Rain,Wet,Daylight
2020-06-06T03:31:00.000,I 85,I 85 and Jimmy Carter Blvd,,Sideswipe-Same Direction,2,Clear,Dry,Dark-Lighted
2020-01-24T20:36:00.000,I 85,I 85 and Jimmy Carter Blvd,,Rear End,2,Rain,Wet,Dark-Lighted
2020-04-20T08:20:00.000,I 85,I 85 and Jimmy Carter Blvd,,Sideswipe-Same Direction,3,Rain,Wet,Daylight
2020-09-30T07:04:00.000,I 85,I 85 and Jimmy Carter Blvd,,Rear End,2,Clear,Dry,Daylight
2020-01-03T10:40:00.000,I 85,I 85 and Jimmy Carter Blvd,,Rear End,2,Cloudy,Wet,Daylight
2020-11-10T15:45:00.000,I 85,I 85 and Jimmy Carter Blvd,,Not a Collision with Motor Vehicle,2,Cloudy,Wet,Daylight
2020-07-01T19:00:00.000,I 85,I 85 and Jimmy Carter Blvd,,Head On,2,Clear,Dry,Dusk
2020-02-14T19:45:00.000,I 85,I 85 and Jimmy Carter Blvd,,Rear End,2,Clear,Dry,Dark-Lighted
2020-06-05T13:17:00.000,I 85,I 85 and Jimmy Carter Blvd,,Angle Crash,2,Cloudy,Wet,Daylight
2020-10-29T03:15:00.000,I 85,I 85 and Jimmy Carter Blvd,,Sideswipe-Same Direction,2,Rain,Wet,Dark-Lighted
2020-01-08T14:47:00.000,I 85,I 85 and Jimmy Carter Blvd,,Rear End,3,Cloudy,Dry,Daylight
2020-11-05T21:23:00.000,I 85,I 85 and Jimmy Carter Blvd,,Rear End,2,Clear,Dry,Dark-Not Lighted
2020-09-01T17:38:00.000,I 85,I 85 and Jimmy Carter Blvd,,Rear End,2,Rain,Wet,Daylight
2020-03-02T13:00:00.000,I 85,I 85 and Jimmy Carter Blvd,,Rear End,2,Rain,Wet,Daylight
2020-09-15T10:17:00.000,I 85,I 85 and Jimmy Carter Blvd,,Sideswipe-Same Direction,2,Cloudy,Wet,Daylight
2020-08-27T02:30:00.000,I 85,I 85 and Jimmy Carter Blvd,,Sideswipe-Same Direction,2,Clear,Dry,Dark-Lighted
2020-02-01T07:50:00.000,I 85,I 85 and Jimmy Carter Blvd,,Rear End,2,Clear,Dry,Daylight
2020-09-25T16:05:00.000,I 85,I 85 and Jimmy Carter Blvd,,Angle Crash,3,Clear,Dry,Daylight
2020-06-06T10:00:00.000,I 85,I 85 and Jimmy Carter Blvd,,Rear End,2,Clear,Dry,Daylight
2020-08-07T17:45:00.000,I 85,I 85 and Jimmy Carter Blvd,,Angle Crash,2,Clear,Dry,Daylight
2020-01-13T19:55:00.000,I 85,I 85 and Jimmy Carter Blvd,,Sideswipe-Same Direction,2,Cloudy,Dry,Dark-Lighted
2020-05-05T13:30:00.000,I 85,I 85 and Jimmy Carter Blvd,,Rear End,2,Clear,Dry,Daylight
2020-07-31T18:23:00.000,I 85,I 85 and Jimmy Carter Blvd,,Not a Collision with Motor Vehicle,1,Clear,Dry,Daylight
2020-01-01T02:00:00.000,I 85,I 85 and Jimmy Carter Blvd,,Rear End,2,Clear,Dry,Dark-Lighted
2020-09-24T21:00:00.000,I 85,I 85 and Jimmy Carter Blvd,,Sideswipe-Same Direction,2,Rain,Wet,Dark-Not Lighted
2020-10-10T19:27:00.000,I 85,I 85 and Jimmy Carter Blvd,,Not a Collision with Motor Vehicle,1,Severe Thunderstorm or Tornadic,Water (standing or moving),Dark-Lighted
2020-07-02T13:50:00.000,I 85,I 85 and Jimmy Carter Blvd,,Rear End,5,Cloudy,Dry,Daylight
2020-06-22T12:20:00.000,I 85,I 85 and Jimmy Carter Blvd,,Rear End,2,Cloudy,Dry,Daylight
2020-04-06T17:55:00.000,I 85,I 85 and Jimmy Carter Blvd,,Rear End,2,Clear,Dry,Daylight
2020-02-24T16:22:00.000,I 85,I 85 and Jimmy Carter Blvd,,Not a Collision with Motor Vehicle,1,Rain,Wet,Daylight
2020-12-09T19:32:00.000,I 85,I 85 and Jimmy Carter Blvd,,Rear End,2,Clear,Dry,Dark-Not Lighted
2020-07-24T16:00:00.000,I 85,I 85 and Jimmy Carter Blvd,,Rear End,2,Cloudy,Dry,Daylight
2020-07-15T13:30:00.000,I 85,I 85 and Jimmy Carter Blvd,,Rear End,2,Clear,Dry,Daylight
2020-07-10T19:00:00.000,I 85,I 85 and Jimmy Carter Blvd,,Not a Collision with Motor Vehicle,1,Clear,Dry,Daylight
2020-09-30T08:18:00.000,I 85,I 85 and Jimmy Carter Blvd,,Rear End,2,Clear,Dry,Daylight
2020-12-16T13:30:00.000,I 85,I 85 and Jimmy Carter Blvd,,Sideswipe-Same Direction,5,Cloudy,Wet,Daylight
2020-05-02T16:40:00.000,I 85,I 85 and Jimmy Carter Blvd,,Sideswipe-Same Direction,2,Clear,Dry,Daylight
2020-12-17T19:16:00.000,I 85,I 85 and Jimmy Carter Blvd,,Sideswipe-Same Direction,2,Clear,Dry,Dark-Not Lighted
2020-10-14T06:50:00.000,I 85,I 85 and Jimmy Carter Blvd,,Rear End,2,Clear,Dry,Dark-Lighted
2020-12-18T14:51:00.000,I 85,I 85 and Jimmy Carter Blvd,,Rear End,2,Clear,Dry,Daylight
2020-03-06T09:19:00.000,I 85,I 85 and Jimmy Carter Blvd,,Rear End,2,Clear,Dry,Daylight
2020-11-03T05:30:00.000,I 85,I 85 and Jimmy Carter Blvd,,Sideswipe-Same Direction,2,Clear,Dry,Dawn
2020-01-13T07:30:00.000,I 85,I 85 and Jimmy Carter Blvd,,Sideswipe-Same Direction,2,Rain,Wet,Daylight
2020-07-02T14:00:00.000,I 85,I 85 and Jimmy Carter Blvd,,Rear End,2,Cloudy,Dry,Daylight
2020-11-03T13:27:00.000,I 85,I 85 and Jimmy Carter Blvd,,Not a Collision with Motor Vehicle,2,Clear,Dry,Daylight
2020-07-08T01:30:00.000,I 85,I 85 and Jimmy Carter Blvd,,Sideswipe-Same Direction,2,Cloudy,Dry,Dark-Lighted
2020-12-13T14:47:00.000,I 85,I 85 and Jimmy Carter Blvd,,Rear End,2,Clear,Dry,Daylight
2020-11-22T14:50:00.000,I 85,I 85 and Jimmy Carter Blvd,,Rear End,2,Clear,Dry,Daylight
2020-02-01T18:11:00.000,I 85,I 85 and Jimmy Carter Blvd,,Rear End,2,Clear,Dry,Dark-Lighted
2020-09-25T11:14:00.000,I 85,I 85 and Jimmy Carter Blvd,,Sideswipe-Same Direction,2,Cloudy,Wet,Daylight
2020-12-11T13:06:00.000,I 85,I 85 and Jimmy Carter Blvd,,Sideswipe-Same Direction,2,Clear,Dry,Daylight
2020-06-09T14:30:00.000,I 85,I 85 and Jimmy Carter Blvd,,Rear End,2,Rain,Wet,Daylight
2020-08-25T18:40:00.000,I 85,I 85 and Jimmy Carter Blvd,,Rear End,3,Rain,Wet,Daylight
2020-10-10T04:35:00.000,I 85,I 85 and Jimmy Carter Blvd,,Not a Collision with Motor Vehicle,1,Rain,Wet,Dark-Lighted
2020-11-24T09:43:00.000,I 85,I 85 and Jimmy Carter Blvd,,Sideswipe-Same Direction,2,Clear,Dry,Daylight
2020-12-04T14:44:00.000,I 85,I 85 and Jimmy Carter Blvd,,Rear End,2,Rain,Wet,Daylight
2020-09-30T06:52:00.000,I 85,I 85 and Jimmy Carter Blvd,,Sideswipe-Same Direction,3,Clear,Dry,Dawn
2020-10-14T00:01:00.000,I 85,I 85 and Jimmy Carter Blvd,,Angle Crash,3,Clear,Dry,Dark-Not Lighted
2020-07-02T18:58:00.000,I 85,I 85 and Jimmy Carter Blvd,,Sideswipe-Same Direction,2,Cloudy,Dry,Daylight
2020-03-02T10:40:00.000,I 85,I 85 and Jimmy Carter Blvd,,Rear End,2,Cloudy,Dry,Daylight
2020-07-28T15:28:00.000,I 85,I 85 and Jimmy Carter Blvd,,Rear End,2,Cloudy,Dry,Daylight
2020-08-04T03:02:00.000,I 85,I 85 and Jimmy Carter Blvd,,Angle Crash,2,Clear,Dry,Dark-Lighted
2020-01-24T15:32:00.000,I 85,I 85 and Jimmy Carter Blvd,,Rear End,2,Cloudy,Wet,Daylight
2020-11-26T04:12:00.000,I 85,I 85 and Jimmy Carter Blvd,,Angle Crash,2,Rain,Wet,Dark-Lighted
2020-10-20T17:37:00.000,I 85,I 85 and Jimmy Carter Blvd,,Rear End,2,Clear,Dry,Daylight
2020-06-26T00:56:00.000,I 85,I 85 and Jimmy Carter Blvd,,Rear End,2,Clear,Dry,Dark-Lighted
2020-06-26T06:02:00.000,I 85,I 85 and Jimmy Carter Blvd,,Sideswipe-Same Direction,2,Clear,Dry,Dark-Lighted
2020-03-04T15:00:00.000,I 85,I 85 and Jimmy Carter Blvd,,Sideswipe-Same Direction,2,Rain,Wet,Daylight
2020-03-10T14:25:00.000,I 85,I 85 and Jimmy Carter Blvd,,Rear End,2,Cloudy,Wet,Daylight
2020-03-23T12:43:00.000,I 85,I 85 and Jimmy Carter Blvd,,Angle Crash,4,Rain,Wet,Daylight
2020-09-17T05:33:00.000,I 85,I 85 and Jimmy Carter Blvd,,Not a Collision with Motor Vehicle,1,Rain,Water (standing or moving),Dark-Lighted
2020-12-21T06:38:00.000,I 85,I 85 and Jimmy Carter Blvd,,Sideswipe-Same Direction,3,Clear,Wet,Dark-Lighted
2020-09-10T05:06:00.000,I 85,I 85 and Jimmy Carter Blvd,,Sideswipe-Same Direction,2,Clear,Dry,Dark-Lighted
2020-02-22T16:23:00.000,I 85,I 85 and Jimmy Carter Blvd,,Sideswipe-Same Direction,2,Clear,Dry,Daylight
2020-06-25T03:10:00.000,I 85,I 85 and Jimmy Carter Blvd,,Not a Collision with Motor Vehicle,1,Rain,Wet,Dark-Lighted
2020-06-13T02:15:00.000,I 85,I 85 and Jimmy Carter Blvd,,Head On,1,Clear,Dry,Dark-Lighted
2020-01-23T06:35:00.000,I 85,I 85 and Jimmy Carter Blvd,,Rear End,2,Other,Dry,Dark-Lighted
2020-11-06T23:52:00.000,I 85,I 85 and Jimmy Carter Blvd,,Not a Collision with Motor Vehicle,1,Clear,Dry,Dark-Lighted
2020-12-17T20:00:00.000,I 85,I 85 and Jimmy Carter Blvd,,Not a Collision with Motor Vehicle,1,Clear,Wet,Dark-Not Lighted
2020-08-04T07:58:00.000,I 85,I 85 and Jimmy Carter Blvd,,Rear End,2,Clear,Dry,Daylight
2020-02-06T06:50:00.000,I 85,I 85 and Jimmy Carter Blvd,,Rear End,2,Rain,Wet,Dark-Lighted
2020-12-05T08:50:00.000,I 85,I 85 and Jimmy Carter Blvd,,Not a Collision with Motor Vehicle,2,Clear,Dry,Daylight
2020-12-18T19:12:00.000,I 85,I 85 and Jimmy Carter Blvd,,Rear End,3,Clear,Dry,Dark-Not Lighted
2020-01-15T06:40:00.000,I 85,I 85 and Jimmy Carter Blvd,,Sideswipe-Same Direction,2,Clear,Wet,Dark-Lighted
2020-09-02T07:30:00.000,I 85,I 85 and Jimmy Carter Blvd,,Sideswipe-Same Direction,2,Clear,Dry,Daylight
2020-09-17T17:47:00.000,I 85,I 85 and Jimmy Carter Blvd,,Rear End,4,Cloudy,Wet,Daylight
2020-01-13T07:00:00.000,I 85,I 85 and Jimmy Carter Blvd,,Rear End,2,Rain,Wet,Dark-Lighted
2020-01-21T08:46:00.000,I 85,I 85 and Jimmy Carter Blvd,,Rear End,2,Cloudy,Dry,Daylight
2020-10-12T05:35:00.000,I 85,I 85 and Jimmy Carter Blvd,,Angle Crash,2,Clear,Wet,Dark-Lighted
2020-11-22T06:06:00.000,I 85,I 85 and Jimmy Carter Blvd,,Rear End,2,Clear,Dry,Dark-Lighted
2020-06-02T13:55:00.000,I 85,I 85 and Jimmy Carter Blvd,,Sideswipe-Same Direction,2,Cloudy,Dry,Daylight
2020-01-09T08:00:00.000,I 85,I 85 and Jimmy Carter Blvd,,Sideswipe-Same Direction,2,Clear,Dry,Daylight
2020-02-05T21:00:00.000,I 85,I 85 and Jimmy Carter Blvd,,Not a Collision with Motor Vehicle,1,Rain,Wet,Dark-Lighted
2020-09-27T20:46:00.000,I 85,I 85 and Jimmy Carter Blvd,,Rear End,2,Clear,Dry,Dark-Lighted
2020-07-29T18:46:00.000,I 85,I 85 and Jimmy Carter Blvd,,Rear End,2,Clear,Dry,Daylight
2020-01-02T14:15:00.000,I 85,I 85 and Jimmy Carter Blvd,,Rear End,2,Rain,Wet,Daylight
2020-12-29T05:42:00.000,I 85,I 85 and Jimmy Carter Blvd,,Sideswipe-Same Direction,2,Cloudy,Dry,Dark-Lighted
2020-11-10T21:30:00.000,I 85,I 85 and Jimmy Carter Blvd,,Sideswipe-Same Direction,1,Rain,Wet,Dark-Lighted
2020-08-26T06:28:00.000,I 85,I 85 and Jimmy Carter Blvd,,Rear End,4,Cloudy,Wet,Dark-Lighted
2020-07-31T13:25:00.000,I 85,I 85 and Jimmy Carter Blvd,,Rear End,2,Clear,Dry,Daylight
2020-01-10T12:30:00.000,I 85,I 85 and Jimmy Carter Blvd,,Not a Collision with Motor Vehicle,2,Clear,Dry,Daylight
2020-12-16T14:15:00.000,I 85,I 85 and Jimmy Carter Blvd,,Rear End,2,Rain,Wet,Daylight
2020-08-30T03:59:00.000,I 85,I 85 and Jimmy Carter Blvd,,Rear End,2,Clear,Dry,Dark-Lighted
2020-01-17T14:37:00.000,I 85,I 85 and Jimmy Carter Blvd,,Rear End,2,Cloudy,Dry,Daylight
2020-12-29T15:33:00.000,I 85,I 85 and Jimmy Carter Blvd,,Sideswipe-Same Direction,2,Clear,Dry,Daylight
2020-08-10T15:30:00.000,I 85,I 85 and Jimmy Carter Blvd,,Sideswipe-Same Direction,2,Cloudy,Dry,Daylight
2020-08-30T15:10:00.000,I 85,I 85 and Jimmy Carter Blvd,,Not a Collision with Motor Vehicle,1,Clear,Dry,Daylight
2020-07-05T19:28:00.000,I 85,I 85 and Jimmy Carter Blvd,,Sideswipe-Same Direction,2,Clear,Dry,Daylight
2020-06-16T18:22:00.000,I 85,I 85 and Jimmy Carter Blvd,,Rear End,3,Cloudy,Wet,Daylight
2020-03-01T15:10:00.000,I 85,I 85 and Jimmy Carter Blvd,,Sideswipe-Same Direction,5,Clear,Dry,Daylight
2020-10-24T23:09:00.000,I 85,I 85 and Jimmy Carter Blvd,,Not a Collision with Motor Vehicle,1,Rain,Wet,Dark-Lighted
2020-01-16T06:56:00.000,I 85,I 85 and Jimmy Carter Blvd,,Angle Crash,3,Cloudy,Wet,Dark-Lighted