Date and Time,Roadway (From Crash Report),Intersection Name (from Crash Report),KABCO Severity,Manner of Collision (Crash Level) ,# of Vehicles per crash ,Weather Conditions (Crash Level),Surface Condition (Crash Level) ,Light Conditions (Crash Level)
2020-05-04T15:00:00.000,I 85,I 85 and Jimmy Carter Blvd,,Sideswipe-Same Direction,2,Cloudy,Dry,Daylight
2020-08-08T17:48:00.000,I 85,I 85 and Jimmy Carter Blvd,,Rear End,2,Clear,Dry,Daylight
2020-12-19T18:20:00.000,I 85,I 85 and Jimmy Carter Blvd,,Rear End,2,Clear,Dry,Dark-Lighted
2020-07-27T14:10:00.000,I 85,I 85 and Jimmy Carter Blvd,,Sideswipe-Same Direction,2,Clear,Dry,Daylight
2020-08-17T17:45:00.000,I 85,I 85 and Jimmy Carter Blvd,,Sideswipe-Same Direction,2,Clear,Dry,Daylight
2020-06-02T05:00:00.000,I 85,I 85 and Jimmy Carter Blvd,,Sideswipe-Same Direction,2,Clear,Dry,Dark-Lighted
2020-08-09T14:40:00.000,I 85,I 85 and Jimmy Carter Blvd,,Rear End,3,Clear,Dry,Daylight
2020-12-14T05:34:00.000,I 85,I 85 and Jimmy Carter Blvd,,Angle Crash,2,Rain,Wet,Dark-Not Lighted
2020-07-08T04:33:00.000,I 85,I 85 and Jimmy Carter Blvd,,Rear End,2,Clear,Dry,Daylight
2020-02-07T10:55:00.000,I 85,I 85 and Jimmy Carter Blvd,,Not a Collision with Motor Vehicle,1,Cloudy,Dry,Daylight
2021-04-03T02:20:00.000,I 85,I 85 and Jimmy Carter Blvd,,Rear End,2,Clear,Dry,Dark-Lighted
2021-01-25T15:21:00.000,I 85,I 85 and Jimmy Carter Blvd,,Rear End,2,Cloudy,Dry,Daylight
2021-06-12T22:48:00.000,I 85,I 85 and Jimmy Carter Blvd,,Rear End,2,Clear,Dry,Dark-Not Lighted
2021-05-23T17:50:00.000,I 85,I 85 and Jimmy Carter Blvd,,Rear End,2,Clear,Dry,Daylight
2021-03-12T12:52:00.000,I 85,I 85 and Jimmy Carter Blvd,,Rear End,2,Clear,Dry,Daylight
2021-06-23T09:03:00.000,I 85,I 85 and Jimmy Carter Blvd,,Rear End,2,Cloudy,Dry,Daylight
2021-05-26T18:51:00.000,I 85,I 85 and Jimmy Carter Blvd,,Sideswipe-Same Direction,2,Cloudy,Dry,Daylight
2021-02-24T00:10:00.000,I 85,I 85 and Jimmy Carter Blvd,,Sideswipe-Same Direction,2,Clear,Dry,Dark-Not Lighted
2021-04-05T16:42:00.000,I 85,I 85 and Jimmy Carter Blvd,,Sideswipe-Same Direction,2,Clear,Dry,Daylight
2021-02-25T09:30:00.000,I 85,I 85 and Jimmy Carter Blvd,,Sideswipe-Same Direction,2,Clear,Dry,Daylight
2021-03-18T18:07:00.000,I 85,I 85 and Jimmy Carter Blvd,,Rear End,2,Cloudy,Dry,Daylight
2021-06-26T18:33:00.000,I 85,I 85 and Jimmy Carter Blvd,,Rear End,2,Clear,Dry,Daylight
2021-04-18T10:20:00.000,I 85,I 85 and Jimmy Carter Blvd,,Rear End,2,Clear,Dry,Daylight
2021-03-28T17:52:00.000,I 85,I 85 and Jimmy Carter Blvd,,Rear End,2,Cloudy,Dry,Daylight
2021-05-01T22:35:00.000,I 85,I 85 and Jimmy Carter Blvd,,Sideswipe-Same Direction,2,Clear,Dry,Dark-Lighted
2021-06-25T15:44:00.000,I 85,I 85 and Jimmy Carter Blvd,,Sideswipe-Same Direction,2,Cloudy,Dry,Daylight
2021-05-20T14:30:00.000,I 85,I 85 and Jimmy Carter Blvd,,Sideswipe-Same Direction,2,Clear,Dry,Daylight
2021-06-02T17:30:00.000,I 85,I 85 and Jimmy Carter Blvd,,Rear End,2,Cloudy,Dry,Daylight
2021-01-11T08:06:00.000,I 85,I 85 and Jimmy Carter Blvd,,Rear End,2,Cloudy,Dry,Daylight
2021-06-09T13:50:00.000,I 85,I 85 and Jimmy Carter Blvd,,Sideswipe-Same Direction,2,Cloudy,Dry,Daylight
2021-03-13T19:30:00.000,I 85,I 85 and Jimmy Carter Blvd,,Sideswipe-Same Direction,2,Clear,Dry,Dark-Lighted
2021-03-27T16:48:00.000,I 85,I 85 and Jimmy Carter Blvd,,Rear End,2,Cloudy,Dry,Daylight
2021-05-23T10:32:00.000,I 85,I 85 and Jimmy Carter Blvd,,Sideswipe-Same Direction,2,Clear,Dry,Daylight
2021-02-21T18:15:00.000,I 85,I 85 and Jimmy Carter Blvd,,Sideswipe-Same Direction,2,Cloudy,Dry,Dusk
2021-03-09T10:46:00.000,I 85,I 85 and Jimmy Carter Blvd,,Sideswipe-Same Direction,2,Clear,Dry,Daylight
2021-05-01T19:40:00.000,I 85,I 85 and Jimmy Carter Blvd,,Rear End,2,Clear,Dry,Dark-Lighted
2021-05-07T03:00:00.000,I 85,I 85 and Jimmy Carter Blvd,,Sideswipe-Same Direction,2,Clear,Dry,Dark-Not Lighted
2021-04-21T09:15:00.000,I 85,I 85 and Jimmy Carter Blvd,,Rear End,2,Clear,Dry,Daylight
2021-04-03T16:00:00.000,I 85,I 85 and Jimmy Carter Blvd,,Rear End,2,Clear,Dry,Daylight
2021-04-12T09:50:00.000,I 85,I 85 and Jimmy Carter Blvd,,Sideswipe-Same Direction,2,Clear,Dry,Daylight
2021-03-06T11:30:00.000,I 85,I 85 and Jimmy Carter Blvd,,Angle Crash,2,Clear,Dry,Daylight
2021-02-05T06:45:00.000,I 85,I 85 and Jimmy Carter Blvd,,Rear End,3,Cloudy,Wet,Dark-Lighted
2021-04-09T19:28:00.000,I 85,I 85 and Jimmy Carter Blvd,,Rear End,2,Clear,Dry,Daylight
2021-02-05T21:21:00.000,I 85,I 85 and Jimmy Carter Blvd,,Sideswipe-Same Direction,3,Clear,Dry,Dark-Lighted
2021-02-19T07:00:00.000,I 85,I 85 and Jimmy Carter Blvd,,Sideswipe-Same Direction,2,Clear,Dry,Daylight
2021-01-15T14:41:00.000,I 85,I 85 and Jimmy Carter Blvd,,Rear End,2,Clear,Dry,Daylight
2021-05-21T04:09:00.000,I 85,I 85 and Jimmy Carter Blvd,,Sideswipe-Same Direction,3,Clear,Dry,Dark-Lighted
2021-01-12T23:46:00.000,I 85,I 85 and Jimmy Carter Blvd,,Rear End,2,Clear,Dry,Dark-Lighted
2021-01-22T13:45:00.000,I 85,I 85 and Jimmy Carter Blvd,,Sideswipe-Same Direction,2,Clear,Dry,Daylight
2021-03-21T21:39:00.000,I 85,I 85 and Jimmy Carter Blvd,,Rear End,2,Clear,Dry,Dark-Lighted
2021-01-01T10:17:00.000,I 85,I 85 and Jimmy Carter Blvd,,Sideswipe-Same Direction,2,Rain,Wet,Daylight
2021-04-26T17:20:00.000,I 85,I 85 and Jimmy Carter Blvd,,Rear End,3,Clear,Dry,Daylight
2021-05-12T11:45:00.000,I 85,I 85 and Jimmy Carter Blvd,,Angle Crash,2,Cloudy,Wet,Daylight
2021-02-10T08:40:00.000,I 85,I 85 and Jimmy Carter Blvd,,Rear End,3,Cloudy,Dry,Daylight
2021-05-08T08:04:00.000,I 85,I 85 and Jimmy Carter Blvd,,Sideswipe-Same Direction,2,Clear,Dry,Daylight
2021-05-02T00:52:00.000,I 85,I 85 and Jimmy Carter Blvd,,Rear End,2,Clear,Dry,Dark-Lighted
2021-02-13T13:49:00.000,I 85,I 85 and Jimmy Carter Blvd,,Angle Crash,2,Cloudy,Wet,Daylight
2021-05-08T22:39:00.000,I 85,I 85 and Jimmy Carter Blvd,,Rear End,2,Clear,Dry,Dark-Lighted
2021-01-02T10:20:00.000,I 85,I 85 and Jimmy Carter Blvd,,Rear End,2,Clear,Dry,Daylight
2021-05-15T18:49:00.000,I 85,I 85 and Jimmy Carter Blvd,,Rear End,2,Clear,Dry,Daylight
2021-03-21T09:15:00.000,I 85,I 85 and Jimmy Carter Blvd,,Rear End,2,Cloudy,Dry,Daylight
2021-06-06T15:39:00.000,I 85,I 85 and Jimmy Carter Blvd,,Rear End,3,Cloudy,Dry,Daylight
2021-01-04T12:00:00.000,I 85,I 85 and Jimmy Carter Blvd,,Rear End,2,Fog,Wet,Daylight
2021-02-22T10:36:00.000,I 85,I 85 and Jimmy Carter Blvd,,Not a Collision with Motor Vehicle,1,Cloudy,Dry,Daylight
2021-03-13T15:00:00.000,I 85,I 85 and Jimmy Carter Blvd,,Angle Crash,2,Clear,Dry,Daylight
2021-02-05T06:45:00.000,I 85,I 85 and Jimmy Carter Blvd,,Rear End,2,Cloudy,Wet,Dark-Lighted
2021-03-27T05:00:00.000,I 85,I 85 and Jimmy Carter Blvd,,Sideswipe-Same Direction,2,Clear,Dry,Dark-Lighted
2021-01-14T14:53:00.000,I 85,I 85 and Jimmy Carter Blvd,,Rear End,2,Clear,Dry,Daylight
2021-03-21T14:16:00.000,I 85,I 85 and Jimmy Carter Blvd,,Angle Crash,4,Clear,Dry,Daylight
2021-06-04T07:20:00.000,I 85,I 85 and Jimmy Carter Blvd,,Rear End,2,Cloudy,Dry,Daylight
2021-05-17T15:05:00.000,I 85,I 85 and Jimmy Carter Blvd,,Rear End,4,Cloudy,Dry,Daylight
2021-06-22T17:42:00.000,I 85,I 85 and Jimmy Carter Blvd,,Rear End,2,Clear,Dry,Daylight
2021-03-01T15:28:00.000,I 85,I 85 and Jimmy Carter Blvd,,Rear End,2,Cloudy,Dry,Daylight
2021-10-26T13:45:00.000,I 85,I 85 and Jimmy Carter Blvd,,Sideswipe-Same Direction,2,Cloudy,Dry,Daylight
2021-08-08T12:32:00.000,I 85,I 85 and Jimmy Carter Blvd,,Rear End,2,Clear,Dry,Daylight
2021-09-07T18:04:00.000,I 85,I 85 and Jimmy Carter Blvd,,Sideswipe-Same Direction,2,Cloudy,Dry,Daylight
2021-07-09T08:00:00.000,I 85,I 85 and Jimmy Carter Blvd,,Not a Collision with Motor Vehicle,1,Cloudy,Dry,Daylight
2021-11-02T20:04:00.000,I 85,I 85 and Jimmy Carter Blvd,,Angle Crash,2,Cloudy,Dry,Dark-Lighted
2021-10-22T19:24:00.000,I 85,I 85 and Jimmy Carter Blvd,,Rear End,2,Clear,Dry,Dark-Not Lighted
2021-10-30T22:20:00.000,I 85,I 85 and Jimmy Carter Blvd,,Rear End,2,Cloudy,Wet,Dark-Not Lighted
2021-11-06T17:26:00.000,I 85,I 85 and Jimmy Carter Blvd,,Rear End,2,Clear,Dry,Daylight
2021-10-27T08:03:00.000,I 85,I 85 and Jimmy Carter Blvd,,Rear End,2,Clear,Dry,Daylight
2021-08-22T11:54:00.000,I 85,I 85 and Jimmy Carter Blvd,,Rear End,2,Cloudy,Dry,Daylight
2021-12-08T11:27:00.000,I 85,I 85 and Jimmy Carter Blvd,,Sideswipe-Same Direction,2,Cloudy,Wet,Daylight
2021-08-10T17:20:00.000,I 85,I 85 and Jimmy Carter Blvd,,Rear End,3,Cloudy,Wet,Daylight
2021-09-20T17:06:00.000,I 85,I 85 and Jimmy Carter Blvd,,Rear End,2,Cloudy,Wet,Daylight
2021-10-25T12:34:00.000,I 85,I 85 and Jimmy Carter Blvd,,Rear End,2,Cloudy,Dry,Daylight
2021-12-20T13:01:00.000,I 85,I 85 and Jimmy Carter Blvd,,Rear End,2,Cloudy,Dry,Daylight
2021-09-04T13:23:00.000,I 85,I 85 and Jimmy Carter Blvd,,Rear End,2,Clear,Dry,Daylight
2021-08-23T06:20:00.000,I 85,I 85 and Jimmy Carter Blvd,,Rear End,2,Clear,Dry,Daylight
2021-11-04T18:23:00.000,I 85,I 85 and Jimmy Carter Blvd,,Rear End,2,Cloudy,Wet,Dark-Lighted
2021-10-31T12:30:00.000,I 85,I 85 and Jimmy Carter Blvd,,Rear End,2,Cloudy,Dry,Daylight
2021-08-28T17:00:00.000,I 85,I 85 and Jimmy Carter Blvd,,Rear End,2,Clear,Dry,Daylight
2021-08-25T16:15:00.000,I 85,I 85 and Jimmy Carter Blvd,,Not a Collision with Motor Vehicle,2,Clear,Dry,Daylight
2021-10-07T17:20:00.000,I 85,I 85 and Jimmy Carter Blvd,,Rear End,2,Rain,Wet,Daylight
2021-10-15T16:57:00.000,I 85,I 85 and Jimmy Carter Blvd,,Not a Collision with Motor Vehicle,1,Clear,Dry,Daylight
2021-08-06T15:50:00.000,I 85,I 85 and Jimmy Carter Blvd,,Sideswipe-Same Direction,2,Clear,Dry,Daylight
2021-09-17T07:32:00.000,I 85,I 85 and Jimmy Carter Blvd,,Rear End,2,Cloudy,Dry,Daylight
2021-08-17T06:49:00.000,I 85,I 85 and Jimmy Carter Blvd,,Rear End,2,Rain,Wet,Dawn
2021-07-23T12:00:00.000,I 85,I 85 and Jimmy Carter Blvd,,Rear End,2,Cloudy,Dry,Daylight
2021-12-09T15:18:00.000,I 85,I 85 and Jimmy Carter Blvd,,Rear End,2,Cloudy,Dry,Daylight
2021-12-08T17:00:00.000,I 85,I 85 and Jimmy Carter Blvd,,Sideswipe-Same Direction,2,Cloudy,Dry,Daylight
2021-12-17T10:00:00.000,I 85,I 85 and Jimmy Carter Blvd,,Sideswipe-Same Direction,2,Cloudy,Dry,Daylight
2021-11-28T21:49:00.000,I 85,I 85 and Jimmy Carter Blvd,,Sideswipe-Same Direction,2,Clear,Dry,Dark-Not Lighted
2021-07-11T03:40:00.000,I 85,I 85 and Jimmy Carter Blvd,,Not a Collision with Motor Vehicle,2,Clear,Dry,Daylight
2021-11-06T18:58:00.000,I 85,I 85 and Jimmy Carter Blvd,,Angle Crash,2,Cloudy,Dry,Dark-Lighted
2021-07-09T19:38:00.000,I 85,I 85 and Jimmy Carter Blvd,,Sideswipe-Same Direction,3,Cloudy,Wet,Daylight
2021-12-08T09:19:00.000,I 85,I 85 and Jimmy Carter Blvd,,Sideswipe-Same Direction,2,Cloudy,Wet,Daylight
2021-09-18T13:45:00.000,I 85,I 85 and Jimmy Carter Blvd,,Sideswipe-Same Direction,2,Cloudy,Dry,Daylight
2021-09-20T14:49:00.000,I 85,I 85 and Jimmy Carter Blvd,,Not a Collision with Motor Vehicle,1,Rain,Wet,Daylight
2021-11-03T14:10:00.000,I 85,I 85 and Jimmy Carter Blvd,,Sideswipe-Same Direction,2,Cloudy,Dry,Daylight
2021-12-09T13:37:00.000,I 85,I 85 and Jimmy Carter Blvd,,Rear End,2,Cloudy,Dry,Daylight
2021-10-20T15:05:00.000,I 85,I 85 and Jimmy Carter Blvd,,Sideswipe-Same Direction,2,Clear,Dry,Daylight
2021-09-19T16:22:00.000,I 85,I 85 and Jimmy Carter Blvd,,Rear End,2,Clear,Dry,Daylight
2021-07-17T12:25:00.000,I 85,I 85 and Jimmy Carter Blvd,,Sideswipe-Same Direction,2,Clear,Dry,Daylight
2021-07-23T05:45:00.000,I 85,I 85 and Jimmy Carter Blvd,,Not a Collision with Motor Vehicle,1,Clear,Dry,Dark-Not Lighted
2021-11-19T16:17:00.000,I 85,I 85 and Jimmy Carter Blvd,,Rear End,2,Clear,Dry,Daylight
2021-12-20T09:23:00.000,I 85,I 85 and Jimmy Carter Blvd,,Sideswipe-Same Direction,3,Clear,Dry,Daylight
2021-09-18T20:10:00.000,I 85,I 85 and Jimmy Carter Blvd,,Rear End,2,Rain,Wet,Dark-Lighted
2021-09-26T12:52:00.000,I 85,I 85 and Jimmy Carter Blvd,,Rear End,2,Clear,Dry,Daylight
2021-11-01T07:58:00.000,I 85,I 85 and Jimmy Carter Blvd,,Sideswipe-Same Direction,2,Clear,Dry,Daylight
2021-11-27T11:50:00.000,I 85,I 85 and Jimmy Carter Blvd,,Rear End,2,Clear,Dry,Daylight
2021-07-24T16:20:00.000,I 85,I 85 and Jimmy Carter Blvd,,Sideswipe-Same Direction,2,Clear,Dry,Daylight
2021-11-06T17:39:00.000,I 85,I 85 and Jimmy Carter Blvd,,Sideswipe-Same Direction,2,Clear,Dry,Daylight
2021-11-02T13:34:00.000,I 85,I 85 and Jimmy Carter Blvd,,Not a Collision with Motor Vehicle,1,Clear,Dry,Daylight
2021-11-30T15:20:00.000,I 85,I 85 and Jimmy Carter Blvd,,Rear End,2,Cloudy,Dry,Daylight
2021-08-25T20:30:00.000,I 85,I 85 and Jimmy Carter Blvd,,Rear End,2,Rain,Wet,Dark-Not Lighted
2021-08-16T13:42:00.000,I 85,I 85 and Jimmy Carter Blvd,,Rear End,2,Cloudy,Dry,Daylight
2021-10-07T12:41:00.000,I 85,I 85 and Jimmy Carter Blvd,,Sideswipe-Same Direction,2,Rain,Wet,Daylight
2021-11-19T12:56:00.000,I 85,I 85 and Jimmy Carter Blvd,,Rear End,2,Cloudy,Dry,Daylight
2021-12-01T18:00:00.000,I 85,I 85 and Jimmy Carter Blvd,,Rear End,2,Clear,Dry,Daylight
2021-12-27T19:18:00.000,I 85,I 85 and Jimmy Carter Blvd,,Sideswipe-Same Direction,2,Clear,Wet,Dark-Lighted
2021-11-20T11:10:00.000,I 85,I 85 and Jimmy Carter Blvd,,Rear End,2,Clear,Dry,Daylight
2021-11-16T20:05:00.000,I 85,I 85 and Jimmy Carter Blvd,,Sideswipe-Same Direction,2,Clear,Dry,Dark-Lighted
2021-12-08T19:00:00.000,I 85,I 85 and Jimmy Carter Blvd,,Sideswipe-Same Direction,2,Clear,Dry,Dark-Lighted
2021-11-24T18:25:00.000,I 85,I 85 and Jimmy Carter Blvd,,Rear End,3,Cloudy,Dry,Dark-Lighted
2021-12-10T19:10:00.000,I 85,I 85 and Jimmy Carter Blvd,,Sideswipe-Same Direction,2,Rain,Wet,Dark-Not Lighted
2021-08-30T21:50:00.000,I 85,I 85 and Jimmy Carter Blvd,,Sideswipe-Same Direction,2,Clear,Wet,Dark-Not Lighted
2021-12-23T10:50:00.000,I 85,I 85 and Jimmy Carter Blvd,,Rear End,2,Clear,Dry,Daylight
2021-08-08T03:40:00.000,I 85,I 85 and Jimmy Carter Blvd,,Rear End,2,Cloudy,Dry,Dark-Lighted
2021-07-12T10:45:00.000,I 85,I 85 and Jimmy Carter Blvd,,Rear End,3,Cloudy,Dry,Daylight
2021-08-15T01:28:00.000,I 85,I 85 and Jimmy Carter Blvd,,Sideswipe-Same Direction,2,Clear,Dry,Dark-Lighted
2021-09-20T18:33:00.000,I 85,I 85 and Jimmy Carter Blvd,,Rear End,2,Rain,Wet,Daylight
2021-12-04T11:42:00.000,I 85,I 85 and Jimmy Carter Blvd,,Rear End,3,Clear,Dry,Daylight
2021-10-08T13:26:00.000,I 85,I 85 and Jimmy Carter Blvd,,Rear End,2,Clear,Dry,Daylight
2021-09-23T18:35:00.000,I 85,I 85 and Jimmy Carter Blvd,,Sideswipe-Same Direction,2,Clear,Dry,Daylight
2021-08-25T18:20:00.000,I 85,I 85 and Jimmy Carter Blvd,,Rear End,2,Clear,Dry,Daylight
2021-12-29T16:03:00.000,I 85,I 85 and Jimmy Carter Blvd,,Rear End,2,Cloudy,Wet,Daylight
2021-12-01T13:40:00.000,I 85,I 85 and Jimmy Carter Blvd,,Rear End,2,Clear,Dry,Daylight
2021-08-04T12:30:00.000,I 85,I 85 and Jimmy Carter Blvd,,Rear End,3,Clear,Dry,Daylight
2021-10-11T12:00:00.000,I 85,I 85 and Jimmy Carter Blvd,,Sideswipe-Same Direction,2,Cloudy,Dry,Daylight
2021-10-30T13:59:00.000,I 85,I 85 and Jimmy Carter Blvd,,Rear End,2,Rain,Wet,Daylight
2021-11-29T14:36:00.000,I 85,I 85 and Jimmy Carter Blvd,,Rear End,2,Clear,Dry,Daylight
2021-09-08T06:33:00.000,I 85,I 85 and Jimmy Carter Blvd,,Sideswipe-Same Direction,2,Clear,Dry,Daylight
2021-10-10T16:15:00.000,I 85,I 85 and Jimmy Carter Blvd,,Sideswipe-Same Direction,2,Clear,Dry,Daylight
2022-04-22T07:15:00.000,I 85,I 85 and Jimmy Carter Blvd,,Rear End,2,Clear,Dry,Daylight
2022-07-01T18:56:00.000,I 85,I 85 and Jimmy Carter Blvd,,Sideswipe-Same Direction,2,Clear,Dry,Daylight
2022-03-25T12:30:00.000,I 85,I 85 and Jimmy Carter Blvd,,Sideswipe-Same Direction,2,Cloudy,Dry,Daylight
2022-12-05T14:17:00.000,I 85,I 85 and Jimmy Carter Blvd,,Rear End,2,Rain,Wet,Daylight
2022-11-15T18:43:00.000,I 85,I 85 and Jimmy Carter Blvd,,Rear End,2,Cloudy,Wet,Dark-Lighted
2022-02-08T18:00:00.000,I 85,I 85 and Jimmy Carter Blvd,,Rear End,2,Clear,Dry,Daylight
2022-03-11T16:04:00.000,I 85,I 85 and Jimmy Carter Blvd,,Sideswipe-Same Direction,2,Cloudy,Dry,Daylight
2022-10-12T19:30:00.000,I 85,I 85 and Jimmy Carter Blvd,,Rear End,2,Rain,Wet,Daylight
2022-10-12T18:21:00.000,I 85,I 85 and Jimmy Carter Blvd,,Sideswipe-Same Direction,2,Rain,Wet,Daylight
2022-08-27T01:15:00.000,I 85,I 85 and Jimmy Carter Blvd,,Not a Collision with Motor Vehicle,1,Clear,Dry,Dark-Lighted
2022-05-19T14:40:00.000,I 85,I 85 and Jimmy Carter Blvd,,Not a Collision with Motor Vehicle,2,Clear,Dry,Daylight
2022-01-27T18:48:00.000,I 85,I 85 and Jimmy Carter Blvd,,Rear End,2,Clear,Dry,Dark-Lighted
2022-10-05T15:37:00.000,I 85,I 85 and Jimmy Carter Blvd,,Sideswipe-Same Direction,2,Clear,Dry,Daylight
2022-02-17T18:57:00.000,I 85,I 85 and Jimmy Carter Blvd,,Sideswipe-Same Direction,2,Clear,Dry,Dark-Lighted
2022-11-27T08:50:00.000,I 85,I 85 and Jimmy Carter Blvd,,Rear End,2,Clear,Dry,Daylight
2022-11-11T05:30:00.000,I 85,I 85 and Jimmy Carter Blvd,,Not a Collision with Motor Vehicle,1,Rain,Wet,Dark-Lighted
2022-06-09T20:15:00.000,I 85,I 85 and Jimmy Carter Blvd,,Angle Crash,3,Clear,Dry,Dusk
2022-12-14T10:17:00.000,I 85,I 85 and Jimmy Carter Blvd,,Rear End,2,Cloudy,Dry,Daylight
2022-10-10T06:35:00.000,I 85,I 85 and Jimmy Carter Blvd,,Sideswipe-Same Direction,2,Clear,Dry,Daylight
2022-04-30T12:30:00.000,I 85,I 85 and Jimmy Carter Blvd,,Rear End,2,Cloudy,Dry,Daylight
2022-03-05T16:55:00.000,I 85,I 85 and Jimmy Carter Blvd,,Rear End,3,Clear,Dry,Daylight
2022-11-03T20:06:00.000,I 85,I 85 and Jimmy Carter Blvd,,Sideswipe-Same Direction,2,Clear,Dry,Dark-Lighted
2022-09-13T13:30:00.000,I 85,I 85 and Jimmy Carter Blvd,,Sideswipe-Same Direction,2,Cloudy,Dry,Daylight
2022-11-27T16:50:00.000,I 85,I 85 and Jimmy Carter Blvd,,Rear End,2,Clear,Dry,Daylight
2022-03-19T20:18:00.000,I 85,I 85 and Jimmy Carter Blvd,,Rear End,2,Clear,Dry,Dark-Lighted
2022-02-05T14:33:00.000,I 85,I 85 and Jimmy Carter Blvd,,Rear End,2,Cloudy,Dry,Daylight
2022-07-07T03:35:00.000,I 85,I 85 and Jimmy Carter Blvd,,Rear End,2,Cloudy,Wet,Dark-Not Lighted
2022-05-14T16:20:00.000,I 85,I 85 and Jimmy Carter Blvd,,Sideswipe-Same Direction,3,Cloudy,Dry,Daylight
2022-03-03T20:09:00.000,I 85,I 85 and Jimmy Carter Blvd,,Angle Crash,2,Clear,Dry,Daylight
2022-12-12T00:25:00.000,I 85,I 85 and Jimmy Carter Blvd,,Sideswipe-Same Direction,2,Rain,Wet,Dark-Lighted
2022-02-25T09:59:00.000,I 85,I 85 and Jimmy Carter Blvd,,Rear End,2,Cloudy,Wet,Daylight
2021-07-02T12:00:00.000,I 85,I 85 and Jimmy Carter Blvd,,Sideswipe-Same Direction,2,Cloudy,Wet,Daylight
2021-11-23T12:30:00.000,I 85,I 85 and Jimmy Carter Blvd,,Rear End,2,Cloudy,Dry,Daylight
2021-11-12T14:23:00.000,I 85,I 85 and Jimmy Carter Blvd,,Rear End,2,Clear,Dry,Daylight
2021-08-31T15:32:00.000,I 85,I 85 and Jimmy Carter Blvd,,Rear End,3,Cloudy,Wet,Daylight
2021-09-05T02:01:00.000,I 85,I 85 and Jimmy Carter Blvd,,Rear End,2,Clear,Dry,Dark-Not Lighted
2021-08-04T04:20:00.000,I 85,I 85 and Jimmy Carter Blvd,,Sideswipe-Same Direction,2,Clear,Dry,Dark-Not Lighted
2021-07-12T23:05:00.000,I 85,I 85 and Jimmy Carter Blvd,,Not a Collision with Motor Vehicle,1,Cloudy,Dry,Dark-Lighted
2021-10-28T11:26:00.000,I 85,I 85 and Jimmy Carter Blvd,,Sideswipe-Same Direction,6,Rain,Wet,Daylight
2021-10-01T23:57:00.000,I 85,I 85 and Jimmy Carter Blvd,,Sideswipe-Same Direction,2,Clear,Dry,Dark-Not Lighted
2021-07-07T14:59:00.000,I 85,I 85 and Jimmy Carter Blvd,,Sideswipe-Same Direction,2,Clear,Dry,Daylight
2021-10-30T17:39:00.000,I 85,I 85 and Jimmy Carter Blvd,,Sideswipe-Same Direction,5,Rain,Wet,Dark-Not Lighted
2021-12-17T18:30:00.000,I 85,I 85 and Jimmy Carter Blvd,,Rear End,2,Fog,Wet,Dark-Lighted
2021-10-28T16:18:00.000,I 85,I 85 and Jimmy Carter Blvd,,Rear End,2,Cloudy,Wet,Daylight
2021-08-08T16:25:00.000,I 85,I 85 and Jimmy Carter Blvd,,Sideswipe-Same Direction,2,Clear,Dry,Daylight
2021-10-29T20:29:00.000,I 85,I 85 and Jimmy Carter Blvd,,Rear End,2,Rain,Wet,Dark-Not Lighted
2021-09-18T12:13:00.000,I 85,I 85 and Jimmy Carter Blvd,,Rear End,2,Cloudy,Dry,Daylight
2021-11-28T09:27:00.000,I 85,I 85 and Jimmy Carter Blvd,,Angle Crash,4,Cloudy,Dry,Daylight
2021-08-07T17:10:00.000,I 85,I 85 and Jimmy Carter Blvd,,Rear End,4,Rain,Wet,Daylight
2021-08-22T14:00:00.000,I 85,I 85 and Jimmy Carter Blvd,,Rear End,2,Rain,Wet,Daylight
2021-07-21T12:20:00.000,I 85,I 85 and Jimmy Carter Blvd,,Rear End,3,Cloudy,Dry,Daylight
2021-08-03T04:00:00.000,I 85,I 85 and Jimmy Carter Blvd,,Head On,2,Cloudy,Dry,Dark-Not Lighted
2021-12-18T11:20:00.000,I 85,I 85 and Jimmy Carter Blvd,,Head On,1,Rain,Wet,Daylight
2021-12-15T15:35:00.000,I 85,I 85 and Jimmy Carter Blvd,,Not a Collision with Motor Vehicle,2,Cloudy,Dry,Daylight
2021-08-03T12:10:00.000,I 85,I 85 and Jimmy Carter Blvd,,Sideswipe-Same Direction,2,Clear,Dry,Daylight
2021-10-27T18:50:00.000,I 85,I 85 and Jimmy Carter Blvd,,Rear End,2,Cloudy,Dry,Dark-Lighted
2021-08-08T15:55:00.000,I 85,I 85 and Jimmy Carter Blvd,,Rear End,3,Clear,Dry,Daylight
2021-12-29T14:30:00.000,I 85,I 85 and Jimmy Carter Blvd,,Sideswipe-Same Direction,2,Cloudy,Wet,Daylight
2021-10-09T04:29:00.000,I 85,I 85 and Jimmy Carter Blvd,,Angle Crash,2,Cloudy,Dry,Dark-Lighted
2021-07-06T18:45:00.000,I 85,I 85 and Jimmy Carter Blvd,,Sideswipe-Same Direction,2,Clear,Dry,Daylight
2022-01-27T15:30:00.000,I 85,I 85 and Jimmy Carter Blvd,,Rear End,2,Cloudy,Dry,Daylight
2022-03-12T21:57:00.000,I 85,I 85 and Jimmy Carter Blvd,,Sideswipe-Same Direction,2,Clear,Dry,Dark-Not Lighted
2022-10-02T14:20:00.000,I 85,I 85 and Jimmy Carter Blvd,,Sideswipe-Same Direction,2,Clear,Dry,Daylight
2022-05-28T18:35:00.000,I 85,I 85 and Jimmy Carter Blvd,,Rear End,3,Clear,Dry,Daylight
2022-05-10T19:02:00.000,I 85,I 85 and Jimmy Carter Blvd,,Rear End,2,Clear,Dry,Daylight
2022-12-02T19:16:00.000,I 85,I 85 and Jimmy Carter Blvd,,Rear End,3,Clear,Dry,Dark-Lighted
2022-11-03T08:55:00.000,I 85,I 85 and Jimmy Carter Blvd,,Sideswipe-Same Direction,2,Clear,Dry,Daylight
2022-08-18T11:30:00.000,I 85,I 85 and Jimmy Carter Blvd,,Rear End,2,Cloudy,Dry,Daylight
2022-03-05T13:09:00.000,I 85,I 85 and Jimmy Carter Blvd,,Rear End,2,Clear,Dry,Daylight
2022-07-28T16:00:00.000,I 85,I 85 and Jimmy Carter Blvd,,Sideswipe-Same Direction,2,Cloudy,Dry,Daylight