Date and Time,Roadway (From Crash Report),Intersection Name (from Crash Report),KABCO Severity,Manner of Collision (Crash Level) ,# of Vehicles per crash ,Weather Conditions (Crash Level),Surface Condition (Crash Level) ,Light Conditions (Crash Level)
2022-12-15T07:07:00.000,I 85,I 85 and Jimmy Carter Blvd,,Rear End,2,Cloudy,Wet,Daylight
2022-07-24T20:34:00.000,I 85,I 85 and Jimmy Carter Blvd,,Sideswipe-Same Direction,2,Clear,Dry,Dark-Lighted
2022-06-28T13:40:00.000,I 85,I 85 and Jimmy Carter Blvd,,Rear End,2,Cloudy,Dry,Daylight
2022-03-11T21:45:00.000,I 85,I 85 and Jimmy Carter Blvd,,Sideswipe-Same Direction,3,Rain,Wet,Dark-Lighted
2022-03-11T18:42:00.000,I 85,I 85 and Jimmy Carter Blvd,,Rear End,2,Clear,Dry,Dark-Not Lighted
2022-08-12T03:58:00.000,I 85,I 85 and Jimmy Carter Blvd,,Angle Crash,2,Clear,Dry,Dark-Not Lighted
2022-09-30T12:50:00.000,I 85,I 85 and Jimmy Carter Blvd,,Rear End,2,Cloudy,Dry,Daylight
2022-08-02T18:47:00.000,I 85,I 85 and Jimmy Carter Blvd,,Not a Collision with Motor Vehicle,1,Cloudy,Dry,Daylight
2022-04-09T16:40:00.000,I 85,I 85 and Jimmy Carter Blvd,,Rear End,2,Clear,Dry,Daylight
2022-12-14T16:00:00.000,I 85,I 85 and Jimmy Carter Blvd,,Angle Crash,2,Rain,Wet,Daylight
2022-11-07T14:28:00.000,I 85,I 85 and Jimmy Carter Blvd,,Rear End,2,Clear,Dry,Daylight
2022-10-21T19:40:00.000,I 85,I 85 and Jimmy Carter Blvd,,Rear End,2,Cloudy,Dry,Dark-Lighted
2022-05-25T17:45:00.000,I 85,I 85 and Jimmy Carter Blvd,,Sideswipe-Same Direction,2,Rain,Wet,Daylight
2022-07-09T09:00:00.000,I 85,I 85 and Jimmy Carter Blvd,,Rear End,2,Rain,Wet,Dark-Lighted
2022-06-21T16:40:00.000,I 85,I 85 and Jimmy Carter Blvd,,Angle Crash,2,Clear,Dry,Daylight
2022-08-24T06:20:00.000,I 85,I 85 and Jimmy Carter Blvd,,Sideswipe-Same Direction,2,Clear,Dry,Dark-Lighted
2022-09-07T13:13:00.000,I 85,I 85 and Jimmy Carter Blvd,,Angle Crash,2,Clear,Dry,Daylight
2022-01-22T16:08:00.000,I 85,I 85 and Jimmy Carter Blvd,,Rear End,4,Cloudy,Dry,Daylight
2022-11-09T18:00:00.000,I 85,I 85 and Jimmy Carter Blvd,,Sideswipe-Same Direction,2,Clear,Dry,Dark-Lighted
2022-01-29T03:50:00.000,I 85,I 85 and Jimmy Carter Blvd,,Rear End,2,Cloudy,Dry,Dark-Not Lighted
2022-09-13T19:52:00.000,I 85,I 85 and Jimmy Carter Blvd,,Angle Crash,2,Clear,Dry,Dark-Lighted
2022-02-16T02:10:00.000,I 85,I 85 and Jimmy Carter Blvd,,Angle Crash,1,Clear,Dry,Dark-Not Lighted
2022-04-06T11:20:00.000,I 85,I 85 and Jimmy Carter Blvd,,Sideswipe-Same Direction,2,Rain,Wet,Daylight
2022-05-28T12:00:00.000,I 85,I 85 and Jimmy Carter Blvd,,Sideswipe-Same Direction,2,Clear,Dry,Daylight
2022-10-30T18:45:00.000,I 85,I 85 and Jimmy Carter Blvd,,Rear End,2,Clear,Dry,Dark-Lighted
2022-02-22T16:30:00.000,I 85,I 85 and Jimmy Carter Blvd,,Rear End,2,Cloudy,Dry,Daylight
2022-11-26T18:54:00.000,I 85,I 85 and Jimmy Carter Blvd,,Sideswipe-Same Direction,2,Cloudy,Dry,Dark-Lighted
2022-09-04T15:57:00.000,I 85,I 85 and Jimmy Carter Blvd,,Rear End,2,Rain,Wet,Daylight
2022-05-05T12:35:00.000,I 85,I 85 and Jimmy Carter Blvd,,Rear End,2,Cloudy,Dry,Daylight
2022-12-02T18:44:00.000,I 85,I 85 and Jimmy Carter Blvd,,Rear End,2,Cloudy,Dry,Dark-Lighted
2022-10-27T20:12:00.000,I 85,I 85 and Jimmy Carter Blvd,,Rear End,2,Clear,Dry,Dark-Lighted
2022-08-20T16:54:00.000,I 85,I 85 and Jimmy Carter Blvd,,Angle Crash,3,Clear,Dry,Daylight
2022-10-09T16:42:00.000,I 85,I 85 and Jimmy Carter Blvd,,Rear End,2,Clear,Dry,Daylight
2022-02-02T17:25:00.000,I 85,I 85 and Jimmy Carter Blvd,,Sideswipe-Same Direction,2,Clear,Dry,Daylight
2022-04-01T17:02:00.000,I 85,I 85 and Jimmy Carter Blvd,,Sideswipe-Same Direction,2,Cloudy,Dry,Daylight
2022-12-07T17:15:00.000,I 85,I 85 and Jimmy Carter Blvd,,Not a Collision with Motor Vehicle,1,Rain,Wet,Dark-Lighted
2022-03-27T19:12:00.000,I 85,I 85 and Jimmy Carter Blvd,,Rear End,2,Clear,Dry,Daylight
2022-06-24T21:24:00.000,I 85,I 85 and Jimmy Carter Blvd,,Angle Crash,3,Clear,Dry,Dark-Lighted
2022-04-24T18:26:00.000,I 85,I 85 and Jimmy Carter Blvd,,Rear End,2,Clear,Dry,Daylight
2022-02-04T15:23:00.000,I 85,I 85 and Jimmy Carter Blvd,,Rear End,2,Rain,Wet,Daylight
2022-12-02T19:16:00.000,I 85,I 85 and Jimmy Carter Blvd,,Rear End,2,Clear,Dry,Dark-Lighted
2022-12-13T16:35:00.000,I 85,I 85 and Jimmy Carter Blvd,,Rear End,3,Cloudy,Dry,Daylight
2022-02-17T09:35:00.000,I 85,I 85 and Jimmy Carter Blvd,,Sideswipe-Same Direction,2,Cloudy,Dry,Daylight
2022-03-27T01:37:00.000,I 85,I 85 and Jimmy Carter Blvd,,Not a Collision with Motor Vehicle,1,Clear,Dry,Dark-Lighted
2022-12-22T20:05:00.000,I 85,I 85 and Jimmy Carter Blvd,,Sideswipe-Same Direction,3,Rain,Wet,Dark-Not Lighted
2022-06-09T18:04:00.000,I 85,I 85 and Jimmy Carter Blvd,,Rear End,2,Clear,Dry,Daylight
2022-04-24T18:23:00.000,I 85,I 85 and Jimmy Carter Blvd,,Sideswipe-Same Direction,2,Clear,Dry,Daylight
2022-05-10T21:10:00.000,I 85,I 85 and Jimmy Carter Blvd,,Sideswipe-Same Direction,2,Clear,Dry,Dark-Lighted
2022-04-17T13:11:00.000,I 85,I 85 and Jimmy Carter Blvd,,Sideswipe-Same Direction,2,Clear,Dry,Dawn
2022-05-31T15:19:00.000,I 85,I 85 and Jimmy Carter Blvd,,Sideswipe-Same Direction,2,Clear,Dry,Daylight
2022-05-10T15:15:00.000,I 85,I 85 and Jimmy Carter Blvd,,Rear End,2,Clear,Dry,Daylight
2022-03-15T00:05:00.000,I 85,I 85 and Jimmy Carter Blvd,,Sideswipe-Same Direction,2,Clear,Dry,Dark-Lighted
2022-02-20T13:51:00.000,I 85,I 85 and Jimmy Carter Blvd,,Rear End,3,Clear,Dry,Daylight
2022-05-17T13:38:00.000,I 85,I 85 and Jimmy Carter Blvd,,Rear End,2,Clear,Dry,Daylight
2022-09-21T20:30:00.000,I 85,I 85 and Jimmy Carter Blvd,,Rear End,2,Clear,Dry,Dark-Not Lighted
2022-08-10T22:37:00.000,I 85,I 85 and Jimmy Carter Blvd,,Rear End,3,Rain,Wet,Dark-Not Lighted
2022-11-08T19:25:00.000,I 85,I 85 and Jimmy Carter Blvd,,Rear End,2,Clear,Dry,Dark-Lighted
2022-12-08T16:21:00.000,I 85,I 85 and Jimmy Carter Blvd,,Sideswipe-Same Direction,3,Clear,Dry,Daylight
2022-02-18T13:35:00.000,I 85,I 85 and Jimmy Carter Blvd,,Sideswipe-Same Direction,2,Clear,Dry,Daylight
2022-08-07T20:11:00.000,I 85,I 85 and Jimmy Carter Blvd,,Sideswipe-Same Direction,3,Clear,Dry,Daylight
2022-01-24T02:36:00.000,I 85,I 85 and Jimmy Carter Blvd,,Angle Crash,1,Clear,Dry,Dark-Lighted
2022-04-02T13:42:00.000,I 85,I 85 and Jimmy Carter Blvd,,Rear End,6,Clear,Dry,Daylight
2022-10-06T23:25:00.000,I 85,I 85 and Jimmy Carter Blvd,,Rear End,2,Clear,Dry,Dark-Lighted
2022-12-08T13:51:00.000,I 85,I 85 and Jimmy Carter Blvd,,Sideswipe-Same Direction,2,Cloudy,Dry,Daylight
2022-04-09T18:41:00.000,I 85,I 85 and Jimmy Carter Blvd,,Sideswipe-Same Direction,2,Clear,Dry,Daylight
2022-04-09T12:49:00.000,I 85,I 85 and Jimmy Carter Blvd,,Rear End,3,Cloudy,Dry,Daylight
2022-08-01T15:26:00.000,I 85,I 85 and Jimmy Carter Blvd,,Rear End,2,Cloudy,Dry,Daylight
2022-12-04T08:00:00.000,I 85,I 85 and Jimmy Carter Blvd,,Sideswipe-Same Direction,2,Cloudy,Dry,Daylight
2022-12-13T16:21:00.000,I 85,I 85 and Jimmy Carter Blvd,,Sideswipe-Same Direction,2,Clear,Dry,Daylight
2022-09-03T14:48:00.000,I 85,I 85 and Jimmy Carter Blvd,,Angle Crash,2,Clear,Dry,Daylight
2022-12-06T09:15:00.000,I 85,I 85 and Jimmy Carter Blvd,,Rear End,2,Rain,Wet,Daylight
2022-03-18T05:55:00.000,I 85,I 85 and Jimmy Carter Blvd,,Rear End,2,Cloudy,Dry,Dark-Lighted
2022-03-13T12:05:00.000,I 85,I 85 and Jimmy Carter Blvd,,Sideswipe-Same Direction,2,Clear,Dry,Daylight
2022-12-02T18:16:00.000,I 85,I 85 and Jimmy Carter Blvd,,Rear End,2,Clear,Dry,Dark-Not Lighted
2022-08-23T10:00:00.000,I 85,I 85 and Jimmy Carter Blvd,,Rear End,2,Cloudy,Dry,Daylight
2022-09-14T08:00:00.000,I 85,I 85 and Jimmy Carter Blvd,,Angle Crash,2,Clear,Dry,Daylight
2022-10-06T12:00:00.000,I 85,I 85 and Jimmy Carter Blvd,,Not a Collision with Motor Vehicle,1,Clear,Dry,Daylight
2022-08-29T22:30:00.000,I 85,I 85 and Jimmy Carter Blvd,,Angle Crash,2,Clear,Dry,Dark-Lighted
2022-03-06T20:26:00.000,I 85,I 85 and Jimmy Carter Blvd,,Not a Collision with Motor Vehicle,1,Clear,Dry,Dark-Lighted
2022-09-01T15:27:00.000,I 85,I 85 and Jimmy Carter Blvd,,Sideswipe-Same Direction,2,Clear,Dry,Daylight
2022-05-05T12:42:00.000,I 85,I 85 and Jimmy Carter Blvd,,Rear End,2,Clear,Dry,Daylight
2022-09-29T08:40:00.000,I 85,I 85 and Jimmy Carter Blvd,,Sideswipe-Same Direction,2,Clear,Dry,Daylight
2022-08-29T22:20:00.000,I 85,I 85 and Jimmy Carter Blvd,,Sideswipe-Same Direction,2,Clear,Dry,Dark-Not Lighted
2022-05-16T16:21:00.000,I 85,I 85 and Jimmy Carter Blvd,,Rear End,3,Cloudy,Dry,Daylight
2022-06-08T09:49:00.000,I 85,I 85 and Jimmy Carter Blvd,,Sideswipe-Same Direction,2,Cloudy,Dry,Daylight
2022-04-30T11:17:00.000,I 85,I 85 and Jimmy Carter Blvd,,Rear End,3,Clear,Dry,Daylight
2022-02-03T10:37:00.000,I 85,I 85 and Jimmy Carter Blvd,,Rear End,2,Rain,Wet,Daylight
2022-05-25T07:40:00.000,I 85,I 85 and Jimmy Carter Blvd,,Sideswipe-Same Direction,2,Cloudy,Dry,Daylight
2022-07-26T08:17:00.000,I 85,I 85 and Jimmy Carter Blvd,,Rear End,3,Clear,Dry,Daylight
2022-11-18T02:19:00.000,I 85,I 85 and Jimmy Carter Blvd,,Sideswipe-Same Direction,2,Clear,Dry,Dark-Lighted
2022-11-20T03:47:00.000,I 85,I 85 and Jimmy Carter Blvd,,Rear End,2,Clear,Dry,Dark-Not Lighted
2022-12-03T20:25:00.000,I 85,I 85 and Jimmy Carter Blvd,,Angle Crash,3,Clear,Dry,Dark-Lighted
2022-02-25T22:32:00.000,I 85,I 85 and Jimmy Carter Blvd,,Sideswipe-Same Direction,2,Clear,Dry,Dark-Lighted
2022-09-18T12:35:00.000,I 85,I 85 and Jimmy Carter Blvd,,Rear End,2,Clear,Dry,Daylight
2022-07-08T09:00:00.000,I 85,I 85 and Jimmy Carter Blvd,,Angle Crash,2,Clear,Dry,Daylight
2022-09-27T21:02:00.000,I 85,I 85 and Jimmy Carter Blvd,,Rear End,2,Clear,Dry,Dark-Lighted
2022-04-09T13:23:00.000,I 85,I 85 and Jimmy Carter Blvd,,Rear End,2,Clear,Dry,Daylight
2022-08-05T14:57:00.000,I 85,I 85 and Jimmy Carter Blvd,,Sideswipe-Same Direction,2,Cloudy,Dry,Daylight
2022-11-19T19:35:00.000,I 85,I 85 and Jimmy Carter Blvd,,Rear End,2,Clear,Dry,Daylight
2022-02-24T20:07:00.000,I 85,I 85 and Jimmy Carter Blvd,,Rear End,3,Clear,Dry,Dark-Not Lighted
2022-04-16T12:43:00.000,I 85,I 85 and Jimmy Carter Blvd,,Rear End,2,Cloudy,Dry,Daylight
2022-10-02T18:40:00.000,I 85,I 85 and Jimmy Carter Blvd,,Rear End,2,Clear,Dry,Daylight
2022-05-04T08:47:00.000,I 85,I 85 and Jimmy Carter Blvd,,Rear End,2,Clear,Wet,Daylight
2022-02-24T16:20:00.000,I 85,I 85 and Jimmy Carter Blvd,,Sideswipe-Same Direction,2,Cloudy,Dry,Daylight
2022-05-09T10:05:00.000,I 85,I 85 and Jimmy Carter Blvd,,Rear End,2,Clear,Dry,Daylight
2022-12-23T15:10:00.000,I 85,I 85 and Jimmy Carter Blvd,,Rear End,2,Cloudy,Dry,Daylight
2022-06-02T08:50:00.000,I 85,I 85 and Jimmy Carter Blvd,,Rear End,2,Clear,Dry,Daylight
2022-09-24T14:10:00.000,I 85,I 85 and Jimmy Carter Blvd,,Rear End,2,Clear,Dry,Daylight
2022-06-29T19:15:00.000,I 85,I 85 and Jimmy Carter Blvd,,Sideswipe-Same Direction,2,Cloudy,Wet,Daylight
2022-05-05T07:49:00.000,I 85,I 85 and Jimmy Carter Blvd,,Rear End,2,Clear,Dry,Daylight
2022-09-21T08:20:00.000,I 85,I 85 and Jimmy Carter Blvd,,Rear End,2,Clear,Dry,Daylight
2022-06-13T13:20:00.000,I 85,I 85 and Jimmy Carter Blvd,,Sideswipe-Same Direction,2,Clear,Dry,Daylight
2022-12-16T17:25:00.000,I 85,I 85 and Jimmy Carter Blvd,,Rear End,2,Clear,Dry,Daylight
2022-03-13T19:44:00.000,I 85,I 85 and Jimmy Carter Blvd,,Rear End,2,Clear,Dry,Dark-Lighted
2022-07-07T15:58:00.000,I 85,I 85 and Jimmy Carter Blvd,,Sideswipe-Same Direction,2,Clear,Dry,Daylight
2022-12-07T17:30:00.000,I 85,I 85 and Jimmy Carter Blvd,,Rear End,3,Clear,Dry,Dark-Not Lighted
2022-10-26T19:38:00.000,I 85,I 85 and Jimmy Carter Blvd,,Rear End,3,Clear,Dry,Dark-Lighted
2022-09-26T19:12:00.000,I 85,I 85 and Jimmy Carter Blvd,,Sideswipe-Same Direction,2,Clear,Dry,Daylight
2022-09-15T17:42:00.000,I 85,I 85 and Jimmy Carter Blvd,,Rear End,2,Cloudy,Dry,Daylight
2022-07-19T13:33:00.000,I 85,I 85 and Jimmy Carter Blvd,,Angle Crash,2,Rain,Wet,Daylight
2022-03-26T15:49:00.000,I 85,I 85 and Jimmy Carter Blvd,,Rear End,2,Clear,Dry,Daylight
2022-03-21T11:53:00.000,I 85,I 85 and Jimmy Carter Blvd,,Rear End,2,Cloudy,Dry,Daylight
2022-11-20T15:51:00.000,I 85,I 85 and Jimmy Carter Blvd,,Rear End,2,Clear,Dry,Daylight
2022-08-06T13:12:00.000,I 85,I 85 and Jimmy Carter Blvd,,Rear End,2,Cloudy,Dry,Daylight
2022-07-31T17:15:00.000,I 85,I 85 and Jimmy Carter Blvd,,Rear End,3,Clear,Dry,Daylight
2022-02-11T12:45:00.000,I 85,I 85 and Jimmy Carter Blvd,,Rear End,3,Clear,Dry,Daylight
2022-07-11T22:40:00.000,I 85,I 85 and Jimmy Carter Blvd,,Sideswipe-Same Direction,2,Cloudy,Dry,Dark-Not Lighted
2022-12-03T10:12:00.000,I 85,I 85 and Jimmy Carter Blvd,,Sideswipe-Same Direction,2,Clear,Dry,Daylight
2022-10-14T13:58:00.000,I 85,I 85 and Jimmy Carter Blvd,,Sideswipe-Same Direction,2,Clear,Dry,Daylight
2022-06-30T07:20:00.000,I 85,I 85 and Jimmy Carter Blvd,,Sideswipe-Same Direction,2,Cloudy,Wet,Daylight
2022-07-04T00:28:00.000,I 85,I 85 and Jimmy Carter Blvd,,Sideswipe-Same Direction,2,Clear,Dry,Dark-Lighted
2022-07-26T13:30:00.000,I 85,I 85 and Jimmy Carter Blvd,,Rear End,2,Cloudy,Dry,Daylight
2022-04-17T13:30:00.000,I 85,I 85 and Jimmy Carter Blvd,,Rear End,3,Cloudy,Dry,Daylight
2022-01-14T03:15:00.000,I 85,I 85 and Jimmy Carter Blvd,,Angle Crash,2,Clear,Dry,Daylight
2022-10-27T16:00:00.000,I 85,I 85 and Jimmy Carter Blvd,,Rear End,2,Clear,Dry,Daylight
2022-10-24T15:45:00.000,I 85,I 85 and Jimmy Carter Blvd,,Sideswipe-Same Direction,2,Cloudy,Dry,Daylight
2022-03-06T20:07:00.000,I 85,I 85 and Jimmy Carter Blvd,,Rear End,3,Clear,Dry,Dark-Lighted
2022-09-12T18:25:00.000,I 85,I 85 and Jimmy Carter Blvd,,Sideswipe-Same Direction,2,Clear,Dry,Daylight
2022-11-03T13:08:00.000,I 85,I 85 and Jimmy Carter Blvd,,Rear End,2,Clear,Dry,Daylight
2022-07-17T14:55:00.000,I 85,I 85 and Jimmy Carter Blvd,,Rear End,3,Cloudy,Dry,Daylight
2022-01-26T06:35:00.000,I 85,I 85 and Jimmy Carter Blvd,,Rear End,2,Cloudy,Dry,Dark-Lighted
2022-02-08T17:05:00.000,I 85,I 85 and Jimmy Carter Blvd,,Rear End,2,Clear,Dry,Daylight
2022-03-22T13:45:00.000,I 85,I 85 and Jimmy Carter Blvd,,Rear End,2,Clear,Dry,Daylight
2022-02-02T19:21:00.000,I 85,I 85 and Jimmy Carter Blvd,,Sideswipe-Same Direction,2,Rain,Wet,Dark-Lighted
2022-11-26T20:53:00.000,I 85,I 85 and Jimmy Carter Blvd,,Sideswipe-Same Direction,2,Clear,Dry,Dark-Not Lighted
2022-02-05T15:55:00.000,I 85,I 85 and Jimmy Carter Blvd,,Rear End,2,Clear,Dry,Daylight
2022-07-17T00:14:00.000,I 85,I 85 and Jimmy Carter Blvd,,Not a Collision with Motor Vehicle,1,Clear,Dry,Dark-Not Lighted
2022-11-06T14:35:00.000,I 85,I 85 and Jimmy Carter Blvd,,Rear End,3,Clear,Dry,Daylight
2022-06-16T16:51:00.000,I 85,I 85 and Jimmy Carter Blvd,,Angle Crash,2,Cloudy,Dry,Daylight
2022-06-13T11:14:00.000,I 85,I 85 and Jimmy Carter Blvd,,Rear End,2,Clear,Dry,Daylight
2022-06-06T14:55:00.000,I 85,I 85 and Jimmy Carter Blvd,,Rear End,2,Clear,Dry,Daylight
2022-05-12T16:19:00.000,I 85,I 85 and Jimmy Carter Blvd,,Rear End,2,Cloudy,Dry,Daylight
2022-09-18T16:37:00.000,I 85,I 85 and Jimmy Carter Blvd,,Rear End,2,Clear,Dry,Daylight
2022-01-17T11:15:00.000,I 85,I 85 and Jimmy Carter Blvd,,Angle Crash,4,Cloudy,Dry,(None)
2022-12-30T17:56:00.000,I 85,I 85 and Jimmy Carter Blvd,,Sideswipe-Same Direction,2,Clear,Dry,Daylight
2022-11-20T03:49:00.000,I 85,I 85 and Jimmy Carter Blvd,,Rear End,2,Clear,Dry,Dark-Lighted
2022-10-27T12:35:00.000,I 85,I 85 and Jimmy Carter Blvd,,Angle Crash,3,Cloudy,Dry,Daylight
2022-05-28T15:14:00.000,I 85,I 85 and Jimmy Carter Blvd,,Rear End,2,Clear,Dry,Daylight
2022-09-30T15:49:00.000,I 85,I 85 and Jimmy Carter Blvd,,Rear End,2,Clear,Dry,Daylight
2022-05-17T17:42:00.000,I 85,I 85 and Jimmy Carter Blvd,,Rear End,2,Clear,Dry,Daylight
2022-02-18T00:15:00.000,I 85,I 85 and Jimmy Carter Blvd,,Rear End,2,Rain,Wet,Dark-Not Lighted
2022-07-13T15:36:00.000,I 85,I 85 and Jimmy Carter Blvd,,Rear End,2,Rain,Wet,Daylight
2022-02-25T11:19:00.000,I 85,I 85 and Jimmy Carter Blvd,,Sideswipe-Same Direction,2,Cloudy,Dry,Dark-Lighted
2022-07-20T06:05:00.000,I 85,I 85 and Jimmy Carter Blvd,,Rear End,2,Cloudy,Dry,Daylight
2022-02-28T19:02:00.000,I 85,I 85 and Jimmy Carter Blvd,,Rear End,2,Clear,Dry,Dark-Not Lighted
2022-02-22T12:42:00.000,I 85,I 85 and Jimmy Carter Blvd,,Rear End,3,Cloudy,Dry,Daylight
2022-09-23T18:30:00.000,I 85,I 85 and Jimmy Carter Blvd,,Rear End,2,Clear,Dry,Daylight
2022-05-26T16:20:00.000,I 85,I 85 and Jimmy Carter Blvd,,Rear End,2,Rain,Wet,Daylight
2022-02-26T13:40:00.000,I 85,I 85 and Jimmy Carter Blvd,,Angle Crash,2,Cloudy,Dry,Dark-Lighted
2022-08-16T08:27:00.000,I 85,I 85 and Jimmy Carter Blvd,,Rear End,2,Clear,Dry,Daylight
2022-02-22T12:33:00.000,I 85,I 85 and Jimmy Carter Blvd,,Rear End,2,Cloudy,Dry,Daylight
2022-07-27T13:21:00.000,I 85,I 85 and Jimmy Carter Blvd,,Sideswipe-Same Direction,2,Cloudy,Dry,Daylight
2022-09-02T19:21:00.000,I 85,I 85 and Jimmy Carter Blvd,,Rear End,2,Cloudy,Wet,Daylight
2022-03-01T02:50:00.000,I 85,I 85 and Jimmy Carter Blvd,,Rear End,2,Clear,Dry,Dark-Not Lighted
2022-03-20T17:50:00.000,I 85,I 85 and Jimmy Carter Blvd,,Rear End,2,Clear,Dry,Daylight
2022-07-20T11:30:00.000,I 85,I 85 and Jimmy Carter Blvd,,Sideswipe-Same Direction,2,Cloudy,Dry,Daylight
2022-09-08T17:40:00.000,I 85,I 85 and Jimmy Carter Blvd,,Sideswipe-Same Direction,2,Cloudy,Dry,Daylight
2022-02-20T13:54:00.000,I 85,I 85 and Jimmy Carter Blvd,,Rear End,2,Cloudy,Dry,Daylight
2022-07-31T17:01:00.000,I 85,I 85 and Jimmy Carter Blvd,,Rear End,2,Clear,Dry,Daylight
2022-01-21T13:45:00.000,I 85,I 85 and Jimmy Carter Blvd,,Sideswipe-Same Direction,2,Cloudy,Dry,Daylight
2022-02-08T16:09:00.000,I 85,I 85 and Jimmy Carter Blvd,,Rear End,2,Clear,Dry,Daylight
2022-12-30T07:24:00.000,I 85,I 85 and Jimmy Carter Blvd,,Rear End,2,Cloudy,Dry,Dawn
2022-07-23T17:40:00.000,I 85,I 85 and Jimmy Carter Blvd,,Sideswipe-Same Direction,2,Clear,Dry,Daylight
2022-11-09T20:20:00.000,I 85,I 85 and Jimmy Carter Blvd,,Rear End,2,Clear,Dry,Dark-Lighted
2022-08-07T00:00:00.000,I 85,I 85 and Jimmy Carter Blvd,,Rear End,2,Clear,Dry,Dark-Not Lighted
2022-11-17T19:42:00.000,I 85,I 85 and Jimmy Carter Blvd,,Sideswipe-Same Direction,2,Clear,Dry,Dark-Not Lighted
2022-11-21T16:55:00.000,I 85,I 85 and Jimmy Carter Blvd,,Rear End,2,Clear,Dry,Daylight
2022-03-06T22:20:00.000,I 85,I 85 and Jimmy Carter Blvd,,Rear End,2,Clear,Dry,Dark-Lighted
2022-02-08T16:17:00.000,I 85,I 85 and Jimmy Carter Blvd,,Sideswipe-Same Direction,2,Clear,Dry,Daylight
2022-10-17T14:57:00.000,I 85,I 85 and Jimmy Carter Blvd,,Rear End,2,Clear,Dry,Daylight
2022-02-13T15:10:00.000,I 85,I 85 and Jimmy Carter Blvd,,Rear End,3,Clear,Dry,Daylight
2022-01-04T03:21:00.000,I 85,I 85 and Jimmy Carter Blvd,,Angle Crash,2,Clear,Dry,Dark-Not Lighted
2022-06-19T09:54:00.000,I 85,I 85 and Jimmy Carter Blvd,,Not a Collision with Motor Vehicle,1,Clear,Dry,Daylight
2022-09-15T01:10:00.000,I 85,I 85 and Jimmy Carter Blvd,,Angle Crash,2,Clear,Dry,Dark-Lighted
2022-04-21T06:27:00.000,I 85,I 85 and Jimmy Carter Blvd,,Sideswipe-Same Direction,2,Clear,Dry,Dark-Not Lighted
2022-02-10T07:20:00.000,I 85,I 85 and Jimmy Carter Blvd,,Sideswipe-Same Direction,2,Cloudy,Dry,Daylight
2022-09-22T13:55:00.000,I 85,I 85 and Jimmy Carter Blvd,,Rear End,2,Clear,Dry,Daylight
2022-06-30T10:11:00.000,I 85,I 85 and Jimmy Carter Blvd,,Sideswipe-Same Direction,2,Clear,Dry,Daylight
2022-10-23T00:37:00.000,I 85,I 85 and Jimmy Carter Blvd,,Angle Crash,3,Clear,Dry,Dark-Lighted
2022-07-28T14:10:00.000,I 85,I 85 and Jimmy Carter Blvd,,Sideswipe-Same Direction,2,Clear,Dry,Daylight
2022-12-02T14:48:00.000,I 85,I 85 and Jimmy Carter Blvd,,Sideswipe-Same Direction,2,Clear,Dry,Daylight
2022-12-20T08:47:00.000,I 85,I 85 and Jimmy Carter Blvd,,Rear End,2,Cloudy,Dry,Daylight
2022-03-26T22:55:00.000,I 85,I 85 and Jimmy Carter Blvd,,Sideswipe-Same Direction,2,Clear,Dry,Dark-Lighted
2022-10-25T19:49:00.000,I 85,I 85 and Jimmy Carter Blvd,,Sideswipe-Same Direction,2,Clear,Dry,Dark-Lighted
2022-10-12T20:01:00.000,I 85,I 85 and Jimmy Carter Blvd,,Rear End,2,Cloudy,Wet,Dark-Lighted
2022-12-24T22:27:00.000,I 85,I 85 and Jimmy Carter Blvd,,Sideswipe-Same Direction,2,Clear,Dry,Dark-Lighted
2022-02-01T16:08:00.000,I 85,I 85 and Jimmy Carter Blvd,,Rear End,2,Cloudy,Dry,Daylight
2022-05-13T20:45:00.000,I 85,I 85 and Jimmy Carter Blvd,,Rear End,3,Rain,Wet,Dark-Lighted
2022-01-31T06:40:00.000,I 85,I 85 and Jimmy Carter Blvd,,Sideswipe-Same Direction,2,Clear,Dry,Dark-Not Lighted
2022-09-27T14:23:00.000,I 85,I 85 and Jimmy Carter Blvd,,Sideswipe-Same Direction,2,Clear,Dry,Daylight
2022-12-18T18:26:00.000,I 85,I 85 and Jimmy Carter Blvd,,Rear End,2,Clear,Dry,Dark-Not Lighted
2022-08-22T00:26:00.000,I 85,I 85 and Jimmy Carter Blvd,,Sideswipe-Same Direction,2,Clear,Dry,Dark-Lighted
2022-09-08T09:35:00.000,I 85,I 85 and Jimmy Carter Blvd,,Rear End,3,Clear,Dry,Daylight
2022-05-14T12:55:00.000,I 85,I 85 and Jimmy Carter Blvd,,Sideswipe-Same Direction,3,Cloudy,Dry,Daylight
2022-04-24T15:40:00.000,I 85,I 85 and Jimmy Carter Blvd,,Rear End,2,Clear,Dry,Daylight
2022-03-04T19:15:00.000,I 85,I 85 and Jimmy Carter Blvd,,Rear End,2,Cloudy,Dry,Dark-Lighted
2022-06-09T13:25:00.000,I 85,I 85 and Jimmy Carter Blvd,,Rear End,2,Clear,Dry,Daylight
2022-09-30T10:25:00.000,I 85,I 85 and Jimmy Carter Blvd,,Angle Crash,3,Clear,Dry,Daylight
2022-09-02T19:40:00.000,I 85,I 85 and Jimmy Carter Blvd,,Sideswipe-Same Direction,2,Cloudy,Wet,Daylight
2022-09-09T13:41:00.000,I 85,I 85 and Jimmy Carter Blvd,,Rear End,2,Cloudy,Dry,Daylight
2022-07-20T17:14:00.000,I 85,I 85 and Jimmy Carter Blvd,,Rear End,2,Clear,Dry,Daylight
2022-04-22T16:41:00.000,I 85,I 85 and Jimmy Carter Blvd,,Rear End,3,Cloudy,Dry,Daylight
2022-12-23T20:24:00.000,I 85,I 85 and Jimmy Carter Blvd,,Sideswipe-Same Direction,2,Clear,Dry,Dark-Lighted
2022-07-20T10:24:00.000,I 85,I 85 and Jimmy Carter Blvd,,Sideswipe-Same Direction,2,Clear,Dry,Daylight
2022-09-10T04:49:00.000,I 85,I 85 and Jimmy Carter Blvd,,Rear End,5,Clear,Wet,Dark-Not Lighted
2022-11-06T13:42:00.000,I 85,I 85 and Jimmy Carter Blvd,,Rear End,3,Cloudy,Dry,Daylight