Date and Time,Roadway (From Crash Report),Intersection Name (from Crash Report),KABCO Severity,Manner of Collision (Crash Level) ,# of Vehicles per crash ,Weather Conditions (Crash Level),Surface Condition (Crash Level) ,Light Conditions (Crash Level)
2024-12-14T18:38:00.000,I 85,I 85 and Jimmy Carter Blvd,,Sideswipe-Same Direction,2,Clear,Dry,Dark-Not Lighted
2024-07-27T03:40:00.000,I 85,I 85 and Jimmy Carter Blvd,,Rear End,2,Clear,Dry,Dark-Lighted
2024-09-07T02:04:00.000,I 85,I 85 and Jimmy Carter Blvd,,Rear End,3,Clear,Dry,Dark-Lighted
2024-02-28T16:00:00.000,I 85,I 85 and Jimmy Carter Blvd,,Sideswipe-Same Direction,2,Rain,Wet,Daylight
2024-04-22T16:25:00.000,I 85,I 85 and Jimmy Carter Blvd,,Rear End,2,Clear,Dry,Daylight
2024-02-13T21:45:00.000,I 85,I 85 and Jimmy Carter Blvd,,Not a Collision with Motor Vehicle,1,Clear,Dry,Dark-Lighted
2024-01-06T14:18:00.000,I 85,I 85 and Jimmy Carter Blvd,,Rear End,2,Cloudy,Dry,Daylight
2024-08-14T16:15:00.000,I 85,I 85 and Jimmy Carter Blvd,,Sideswipe-Same Direction,2,Clear,Dry,Daylight
2024-12-06T18:05:00.000,I 85,I 85 and Jimmy Carter Blvd,,Rear End,2,Clear,Dry,Dark-Lighted
2024-05-16T15:12:00.000,I 85,I 85 and Jimmy Carter Blvd,,Sideswipe-Same Direction,2,Clear,Dry,Daylight
2024-04-15T13:35:00.000,I 85,I 85 and Jimmy Carter Blvd,,Rear End,2,Clear,Dry,Daylight
2024-09-29T14:00:00.000,I 85,I 85 and Jimmy Carter Blvd,,Rear End,2,Cloudy,Dry,Daylight
2024-01-31T16:05:00.000,I 85,I 85 and Jimmy Carter Blvd,,Rear End,2,Clear,Dry,Daylight
2024-11-03T18:45:00.000,I 85,I 85 and Jimmy Carter Blvd,,Rear End,3,Clear,Dry,Dark-Lighted
2024-08-14T22:50:00.000,I 85,I 85 and Jimmy Carter Blvd,,Angle Crash,3,Clear,Dry,Dark-Not Lighted
2024-06-14T08:48:00.000,I 85,I 85 and Jimmy Carter Blvd,,Rear End,2,Clear,Dry,Daylight
2024-06-27T06:20:00.000,I 85,I 85 and Jimmy Carter Blvd,,Rear End,2,Clear,Dry,Daylight
2024-12-06T14:00:00.000,I 85,I 85 and Jimmy Carter Blvd,,Rear End,2,Clear,Dry,Daylight
2024-07-26T19:00:00.000,I 85,I 85 and Jimmy Carter Blvd,,Rear End,2,Cloudy,Wet,Daylight
2024-11-01T01:52:00.000,I 85,I 85 and Jimmy Carter Blvd,,Rear End,3,Clear,Dry,Dark-Not Lighted
2024-09-11T17:21:00.000,I 85,I 85 and Jimmy Carter Blvd,,Rear End,2,Clear,Dry,Daylight
2024-03-26T15:59:00.000,I 85,I 85 and Jimmy Carter Blvd,,Not a Collision with Motor Vehicle,1,Rain,Wet,Daylight
2024-11-14T13:27:00.000,I 85,I 85 and Jimmy Carter Blvd,,Rear End,2,Rain,Wet,Daylight
2024-10-17T11:00:00.000,I 85,I 85 and Jimmy Carter Blvd,,Sideswipe-Same Direction,2,Clear,Dry,Daylight
2024-07-21T15:00:00.000,I 85,I 85 and Jimmy Carter Blvd,,Rear End,2,Cloudy,Dry,Daylight
2024-04-29T07:32:00.000,I 85,I 85 and Jimmy Carter Blvd,,Rear End,2,Cloudy,Dry,Daylight
2024-05-18T12:50:00.000,I 85,I 85 and Jimmy Carter Blvd,,Rear End,3,Cloudy,Dry,Daylight
2024-12-01T17:58:00.000,I 85,I 85 and Jimmy Carter Blvd,,Rear End,6,Clear,Dry,Dark-Lighted
2024-05-04T12:14:00.000,I 85,I 85 and Jimmy Carter Blvd,,Rear End,2,Cloudy,Dry,Daylight
2024-12-21T12:18:00.000,I 85,I 85 and Jimmy Carter Blvd,,Rear End,2,Clear,Dry,Daylight
2024-03-05T13:45:00.000,I 85,I 85 and Jimmy Carter Blvd,,Angle Crash,2,Cloudy,Wet,Daylight
2024-12-18T11:05:00.000,I 85,I 85 and Jimmy Carter Blvd,,Sideswipe-Same Direction,2,Cloudy,Dry,Daylight
2024-10-16T09:48:00.000,I 85,I 85 and Jimmy Carter Blvd,,Sideswipe-Same Direction,2,Clear,Dry,Daylight
2024-12-10T14:32:00.000,I 85,I 85 and Jimmy Carter Blvd,,Rear End,2,Rain,Wet,Daylight
2024-04-03T12:04:00.000,I 85,I 85 and Jimmy Carter Blvd,,Sideswipe-Same Direction,2,Clear,Dry,Daylight
2024-08-31T15:11:00.000,I 85,I 85 and Jimmy Carter Blvd,,Rear End,3,Cloudy,Dry,Daylight
2024-06-29T17:15:00.000,I 85,I 85 and Jimmy Carter Blvd,,Rear End,2,Cloudy,Dry,Daylight
2024-05-07T07:58:00.000,I 85,I 85 and Jimmy Carter Blvd,,Rear End,3,Clear,Dry,Daylight
2024-12-01T13:30:00.000,I 85,I 85 and Jimmy Carter Blvd,,Sideswipe-Same Direction,2,Clear,Dry,Daylight
2024-03-15T15:50:00.000,I 85,I 85 and Jimmy Carter Blvd,,Rear End,2,Clear,Dry,Daylight
2024-03-03T21:30:00.000,I 85,I 85 and Jimmy Carter Blvd,,Sideswipe-Same Direction,2,Clear,Dry,Dark-Lighted
2024-11-20T12:09:00.000,I 85,I 85 and Jimmy Carter Blvd,,Rear End,2,Cloudy,Dry,Daylight
2024-05-20T15:20:00.000,I 85,I 85 and Jimmy Carter Blvd,,Rear End,2,Clear,Dry,Daylight
2024-08-02T11:10:00.000,I 85,I 85 and Jimmy Carter Blvd,,Rear End,2,Clear,Dry,Daylight
2024-03-24T18:41:00.000,I 85,I 85 and Jimmy Carter Blvd,,Angle Crash,2,Clear,Dry,Daylight
2024-10-12T01:37:00.000,I 85,I 85 and Jimmy Carter Blvd,,Sideswipe-Same Direction,2,Clear,Dry,Dark-Lighted
2024-10-12T05:12:00.000,I 85,I 85 and Jimmy Carter Blvd,,Sideswipe-Same Direction,2,Clear,Dry,Dark-Lighted
2024-07-10T17:53:00.000,I 85,I 85 and Jimmy Carter Blvd,,Sideswipe-Same Direction,2,Clear,Dry,Daylight
2024-04-22T06:15:00.000,I 85,I 85 and Jimmy Carter Blvd,,Sideswipe-Same Direction,2,Cloudy,Dry,Dark-Not Lighted
2024-06-25T07:15:00.000,I 85,I 85 and Jimmy Carter Blvd,,Rear End,2,Clear,Dry,Daylight
2024-06-23T23:50:00.000,I 85,I 85 and Jimmy Carter Blvd,,Rear End,2,Clear,Dry,Dark-Lighted
2024-05-20T15:52:00.000,I 85,I 85 and Jimmy Carter Blvd,,Rear End,2,Clear,Dry,Daylight
2024-10-07T14:05:00.000,I 85,I 85 and Jimmy Carter Blvd,,Rear End,2,Clear,Dry,Daylight
2024-03-15T14:20:00.000,I 85,I 85 and Jimmy Carter Blvd,,Sideswipe-Same Direction,2,Clear,Dry,Daylight
2024-10-17T11:20:00.000,I 85,I 85 and Jimmy Carter Blvd,,Rear End,3,Clear,Dry,Daylight
2024-05-07T14:21:00.000,I 85,I 85 and Jimmy Carter Blvd,,Sideswipe-Same Direction,2,Cloudy,Dry,Daylight
2024-04-16T15:10:00.000,I 85,I 85 and Jimmy Carter Blvd,,Rear End,2,Clear,Dry,Daylight
2024-05-09T13:41:00.000,I 85,I 85 and Jimmy Carter Blvd,,Rear End,2,Rain,Wet,Daylight
2024-03-07T17:14:00.000,I 85,I 85 and Jimmy Carter Blvd,,Sideswipe-Same Direction,2,Clear,Dry,Daylight
2024-09-10T11:45:00.000,I 85,I 85 and Jimmy Carter Blvd,,Sideswipe-Same Direction,2,Cloudy,Dry,Daylight
2024-06-09T15:00:00.000,I 85,I 85 and Jimmy Carter Blvd,,Rear End,2,Clear,Dry,Daylight
2024-01-23T21:10:00.000,I 85,I 85 and Jimmy Carter Blvd,,Sideswipe-Same Direction,2,Rain,Wet,Dark-Lighted
2024-11-24T18:52:00.000,I 85,I 85 and Jimmy Carter Blvd,,Rear End,2,Clear,Dry,Dark-Lighted
2024-01-12T17:16:00.000,I 85,I 85 and Jimmy Carter Blvd,,Sideswipe-Same Direction,2,Rain,Wet,Daylight
2024-04-18T14:14:00.000,I 85,I 85 and Jimmy Carter Blvd,,Rear End,2,Cloudy,Dry,Daylight
2024-09-03T15:55:00.000,I 85,I 85 and Jimmy Carter Blvd,,Sideswipe-Same Direction,2,Cloudy,Dry,Daylight
2024-05-24T16:15:00.000,I 85,I 85 and Jimmy Carter Blvd,,Rear End,2,Rain,Wet,Daylight
2024-03-09T11:46:00.000,I 85,I 85 and Jimmy Carter Blvd,,Rear End,2,Cloudy,Wet,Daylight
2024-07-10T18:26:00.000,I 85,I 85 and Jimmy Carter Blvd,,Rear End,2,Clear,Dry,Daylight
2024-12-15T15:30:00.000,I 85,I 85 and Jimmy Carter Blvd,,Rear End,2,Rain,Wet,Daylight
2024-07-12T17:30:00.000,I 85,I 85 and Jimmy Carter Blvd,,Rear End,2,Clear,Dry,Daylight
2024-04-16T15:55:00.000,I 85,I 85 and Jimmy Carter Blvd,,Rear End,2,Clear,Dry,Daylight
2024-10-03T10:34:00.000,I 85,I 85 and Jimmy Carter Blvd,,Rear End,2,Clear,Dry,Daylight
2024-12-29T17:26:00.000,I 85,I 85 and Jimmy Carter Blvd,,Rear End,2,Clear,Dry,Dark-Lighted
2024-07-30T00:58:00.000,I 85,I 85 and Jimmy Carter Blvd,,Not a Collision with Motor Vehicle,1,Clear,Dry,Dark-Lighted
2024-05-29T16:22:00.000,I 85,I 85 and Jimmy Carter Blvd,,Rear End,2,Clear,Dry,Daylight
2024-06-16T13:29:00.000,I 85,I 85 and Jimmy Carter Blvd,,Rear End,2,Clear,Dry,Daylight
2024-09-12T11:20:00.000,I 85,I 85 and Jimmy Carter Blvd,,Rear End,2,Rain,Wet,Daylight
2024-12-19T21:43:00.000,I 85,I 85 and Jimmy Carter Blvd,,Sideswipe-Same Direction,2,Clear,Dry,Dark-Lighted
2024-04-11T12:03:00.000,I 85,I 85 and Jimmy Carter Blvd,,Rear End,3,Rain,Wet,Daylight
2024-10-23T14:03:00.000,I 85,I 85 and Jimmy Carter Blvd,,Sideswipe-Same Direction,2,Clear,Dry,Daylight
2024-11-16T02:22:00.000,I 85,I 85 and Jimmy Carter Blvd,,Angle Crash,1,Clear,Dry,Dark-Not Lighted
2024-06-08T01:00:00.000,I 85,I 85 and Jimmy Carter Blvd,,Not a Collision with Motor Vehicle,1,Cloudy,Dry,Dark-Not Lighted
2024-03-09T12:17:00.000,I 85,I 85 and Jimmy Carter Blvd,,Sideswipe-Same Direction,2,Cloudy,Dry,Daylight
2024-03-12T07:49:00.000,I 85,I 85 and Jimmy Carter Blvd,,Rear End,2,Clear,Dry,Daylight
2024-11-17T01:38:00.000,I 85,I 85 and Jimmy Carter Blvd,,Rear End,3,Clear,Dry,Dark-Not Lighted
2024-12-23T15:30:00.000,I 85,I 85 and Jimmy Carter Blvd,,Rear End,2,Cloudy,Dry,Daylight
2024-05-19T17:56:00.000,I 85,I 85 and Jimmy Carter Blvd,,Rear End,3,Clear,Dry,Daylight
2024-05-15T07:15:00.000,I 85,I 85 and Jimmy Carter Blvd,,Sideswipe-Same Direction,2,Clear,Dry,Daylight
2024-12-21T17:26:00.000,I 85,I 85 and Jimmy Carter Blvd,,Sideswipe-Same Direction,2,Clear,Dry,Dark-Lighted
2024-10-06T15:00:00.000,I 85,I 85 and Jimmy Carter Blvd,,Rear End,2,Clear,Dry,Daylight
2024-07-31T15:30:00.000,I 85,I 85 and Jimmy Carter Blvd,,Rear End,2,Cloudy,Dry,Daylight
2024-03-27T11:36:00.000,I 85,I 85 and Jimmy Carter Blvd,,Rear End,2,Clear,Dry,Daylight
2024-03-16T15:26:00.000,I 85,I 85 and Jimmy Carter Blvd,,Sideswipe-Same Direction,3,Clear,Dry,Daylight
2024-05-03T16:26:00.000,I 85,I 85 and Jimmy Carter Blvd,,Rear End,2,Clear,Dry,Daylight
2024-09-17T14:55:00.000,I 85,I 85 and Jimmy Carter Blvd,,Sideswipe-Same Direction,2,Cloudy,Dry,Daylight
2024-09-07T02:40:00.000,I 85,I 85 and Jimmy Carter Blvd,,Rear End,2,Clear,Dry,Dark-Lighted
2024-08-18T20:00:00.000,I 85,I 85 and Jimmy Carter Blvd,,Rear End,2,Clear,Dry,Daylight
2024-12-03T08:52:00.000,I 85,I 85 and Jimmy Carter Blvd,,Rear End,2,Clear,Dry,Daylight
2024-12-24T14:16:00.000,I 85,I 85 and Jimmy Carter Blvd,,Rear End,2,Clear,Dry,Daylight
2024-11-02T17:23:00.000,I 85,I 85 and Jimmy Carter Blvd,,Angle Crash,2,Clear,Dry,Daylight
2024-02-15T10:59:00.000,I 85,I 85 and Jimmy Carter Blvd,,Rear End,3,Clear,Dry,Daylight
2024-03-09T12:44:00.000,I 85,I 85 and Jimmy Carter Blvd,,Rear End,4,Cloudy,Wet,Daylight
2024-03-04T10:40:00.000,I 85,I 85 and Jimmy Carter Blvd,,Rear End,2,Clear,Dry,Daylight
2024-09-02T06:27:00.000,I 85,I 85 and Jimmy Carter Blvd,,Sideswipe-Same Direction,2,Clear,Wet,Dark-Lighted
2024-07-08T15:17:00.000,I 85,I 85 and Jimmy Carter Blvd,,Rear End,3,Clear,Dry,Daylight
2024-09-15T16:25:00.000,I 85,I 85 and Jimmy Carter Blvd,,Rear End,2,Cloudy,Dry,Daylight
2024-04-10T12:01:00.000,I 85,I 85 and Jimmy Carter Blvd,,Rear End,2,Cloudy,Dry,Daylight
2024-02-01T11:10:00.000,I 85,I 85 and Jimmy Carter Blvd,,Rear End,2,Clear,Dry,Daylight
2024-10-02T12:45:00.000,I 85,I 85 and Jimmy Carter Blvd,,Angle Crash,4,Cloudy,Dry,Daylight
2024-12-10T12:20:00.000,I 85,I 85 and Jimmy Carter Blvd,,Sideswipe-Same Direction,2,Rain,Wet,Daylight
2024-10-29T16:55:00.000,I 85,I 85 and Jimmy Carter Blvd,,Rear End,2,Clear,Dry,Daylight
2024-11-30T18:07:00.000,I 85,I 85 and Jimmy Carter Blvd,,Sideswipe-Same Direction,2,Clear,Dry,Dark-Lighted
2024-12-20T20:09:00.000,I 85,I 85 and Jimmy Carter Blvd,,Rear End,2,Clear,Dry,Dark-Lighted
2024-03-23T14:41:00.000,I 85,I 85 and Jimmy Carter Blvd,,Rear End,2,Clear,Dry,Daylight
2024-05-09T07:40:00.000,I 85,I 85 and Jimmy Carter Blvd,,Rear End,2,Clear,Dry,Daylight
2024-12-06T09:10:00.000,I 85,I 85 and Jimmy Carter Blvd,,Sideswipe-Same Direction,2,Clear,Dry,Daylight
2024-05-29T16:36:00.000,I 85,I 85 and Jimmy Carter Blvd,,Sideswipe-Same Direction,2,Clear,Dry,Daylight
2024-05-11T09:59:00.000,I 85,I 85 and Jimmy Carter Blvd,,Sideswipe-Same Direction,2,Clear,Dry,Daylight
2024-02-26T14:35:00.000,I 85,I 85 and Jimmy Carter Blvd,,Not a Collision with Motor Vehicle,1,Clear,Dry,Daylight
2024-03-27T12:53:00.000,I 85,I 85 and Jimmy Carter Blvd,,Rear End,2,Cloudy,Dry,Daylight
2024-02-14T09:45:00.000,I 85,I 85 and Jimmy Carter Blvd,,Sideswipe-Same Direction,2,Clear,Dry,Daylight
2024-02-26T11:35:00.000,I 85,I 85 and Jimmy Carter Blvd,,Rear End,2,Clear,Dry,Daylight
2024-05-04T01:43:00.000,I 85,I 85 and Jimmy Carter Blvd,,Rear End,2,Clear,Dry,Dark-Not Lighted
2024-04-01T04:10:00.000,I 85,I 85 and Jimmy Carter Blvd,,Rear End,2,Clear,Dry,Dark-Lighted
2024-09-24T16:50:00.000,I 85,I 85 and Jimmy Carter Blvd,,Sideswipe-Same Direction,2,Clear,Dry,Daylight
2024-09-25T09:17:00.000,I 85,I 85 and Jimmy Carter Blvd,,Sideswipe-Same Direction,2,Clear,Dry,Daylight
2024-03-20T08:57:00.000,I 85,I 85 and Jimmy Carter Blvd,,Angle Crash,2,Clear,Dry,Daylight
2024-12-21T18:56:00.000,I 85,I 85 and Jimmy Carter Blvd,,Head On,1,Clear,Dry,Dark-Lighted
2024-10-21T17:18:00.000,I 85,I 85 and Jimmy Carter Blvd,,Rear End,3,Clear,Dry,Daylight
2024-06-28T11:48:00.000,I 85,I 85 and Jimmy Carter Blvd,,Sideswipe-Same Direction,2,Cloudy,Dry,Daylight
2024-06-10T22:09:00.000,I 85,I 85 and Jimmy Carter Blvd,,Sideswipe-Same Direction,2,Clear,Dry,Dark-Lighted
2024-10-15T13:12:00.000,I 85,I 85 and Jimmy Carter Blvd,,Rear End,2,Cloudy,Dry,Daylight
2024-12-10T13:28:00.000,I 85,I 85 and Jimmy Carter Blvd,,Rear End,2,Rain,Wet,Daylight
2024-09-09T15:46:00.000,I 85,I 85 and Jimmy Carter Blvd,,Rear End,2,Clear,Dry,Daylight
2024-04-25T19:48:00.000,I 85,I 85 and Jimmy Carter Blvd,,Rear End,2,Clear,Dry,Daylight
2024-10-26T14:52:00.000,I 85,I 85 and Jimmy Carter Blvd,,Rear End,4,Clear,Dry,Daylight
2024-12-27T13:10:00.000,I 85,I 85 and Jimmy Carter Blvd,,Rear End,4,Clear,Dry,Daylight
2024-02-22T00:00:00.000,I 85,I 85 and Jimmy Carter Blvd,,Sideswipe-Same Direction,2,Clear,Dry,Dark-Lighted
2024-05-22T18:25:00.000,I 85,I 85 and Jimmy Carter Blvd,,Rear End,2,Clear,Dry,Daylight
2024-10-22T15:20:00.000,I 85,I 85 and Jimmy Carter Blvd,,Rear End,4,Clear,Dry,Daylight
2024-12-27T21:47:00.000,I 85,I 85 and Jimmy Carter Blvd,,Head On,3,Rain,Wet,Dark-Lighted
2024-03-03T15:30:00.000,I 85,I 85 and Jimmy Carter Blvd,,Rear End,2,Clear,Dry,Daylight
2024-07-29T19:03:00.000,I 85,I 85 and Jimmy Carter Blvd,,Rear End,2,Clear,Dry,Daylight
2024-09-26T08:50:00.000,I 85,I 85 and Jimmy Carter Blvd,,Sideswipe-Same Direction,2,Rain,Dry,Daylight
2024-06-21T14:00:00.000,I 85,I 85 and Jimmy Carter Blvd,,Rear End,2,Clear,Dry,Daylight
2024-05-09T20:33:00.000,I 85,I 85 and Jimmy Carter Blvd,,Rear End,2,Clear,Dry,Dark-Lighted
2024-10-29T18:50:00.000,I 85,I 85 and Jimmy Carter Blvd,,Rear End,3,Clear,Dry,Daylight
2024-03-01T08:15:00.000,I 85,I 85 and Jimmy Carter Blvd,,Sideswipe-Same Direction,2,Rain,Wet,Daylight
2024-12-23T18:24:00.000,I 85,I 85 and Jimmy Carter Blvd,,Rear End,2,Clear,Dry,Dark-Lighted
2024-05-28T08:23:00.000,I 85,I 85 and Jimmy Carter Blvd,,Rear End,5,Clear,Dry,Daylight
2024-07-02T17:21:00.000,I 85,I 85 and Jimmy Carter Blvd,,Rear End,2,Clear,Dry,Daylight
2024-11-27T19:58:00.000,I 85,I 85 and Jimmy Carter Blvd,,Rear End,2,Clear,Dry,Dark-Not Lighted
2024-08-10T17:21:00.000,I 85,I 85 and Jimmy Carter Blvd,,Rear End,2,Clear,Dry,Daylight
2024-07-25T08:46:00.000,I 85,I 85 and Jimmy Carter Blvd,,Rear End,2,Rain,Wet,Daylight
2024-06-13T06:00:00.000,I 85,I 85 and Jimmy Carter Blvd,,Not a Collision with Motor Vehicle,1,Cloudy,Dry,Dawn
2024-12-27T09:18:00.000,I 85,I 85 and Jimmy Carter Blvd,,Angle Crash,2,Cloudy,Wet,Daylight
2024-04-05T06:46:00.000,I 85,I 85 and Jimmy Carter Blvd,,Sideswipe-Same Direction,2,Clear,Dry,Dawn
2024-05-29T03:08:00.000,I 85,I 85 and Jimmy Carter Blvd,,Rear End,2,Clear,Dry,Dark-Lighted
2024-01-30T13:15:00.000,I 85,I 85 and Jimmy Carter Blvd,,Rear End,2,Clear,Dry,Daylight
2024-05-15T11:39:00.000,I 85,I 85 and Jimmy Carter Blvd,,Rear End,2,Clear,Dry,Daylight
2024-09-23T15:50:00.000,I 85,I 85 and Jimmy Carter Blvd,,Rear End,2,Clear,Dry,Daylight
2024-04-04T12:20:00.000,I 85,I 85 and Jimmy Carter Blvd,,Sideswipe-Same Direction,2,Clear,Dry,Daylight
2024-10-12T17:17:00.000,I 85,I 85 and Jimmy Carter Blvd,,Rear End,2,Clear,Dry,Daylight
2024-03-22T10:08:00.000,I 85,I 85 and Jimmy Carter Blvd,,Rear End,2,Cloudy,Dry,Daylight
2024-02-12T18:13:00.000,I 85,I 85 and Jimmy Carter Blvd,,Rear End,2,Rain,Wet,Dark-Lighted
2024-12-03T19:20:00.000,I 85,I 85 and Jimmy Carter Blvd,,Sideswipe-Same Direction,2,Clear,Dry,Dark-Lighted
2024-05-05T23:35:00.000,I 85,I 85 and Jimmy Carter Blvd,,Rear End,3,Clear,Dry,Dark-Lighted
2024-09-09T05:45:00.000,I 85,I 85 and Jimmy Carter Blvd,,Sideswipe-Same Direction,2,Clear,Dry,Dark-Not Lighted
2024-01-08T18:25:00.000,I 85,I 85 and Jimmy Carter Blvd,,Rear End,2,Clear,Dry,Dark-Lighted
2024-06-13T16:30:00.000,I 85,I 85 and Jimmy Carter Blvd,,Rear End,2,Clear,Dry,Daylight
2024-07-15T07:52:00.000,I 85,I 85 and Jimmy Carter Blvd,,Rear End,2,Cloudy,Dry,Daylight
2024-05-03T20:08:00.000,I 85,I 85 and Jimmy Carter Blvd,,Angle Crash,2,Clear,Dry,Dark-Lighted
2024-11-07T20:38:00.000,I 85,I 85 and Jimmy Carter Blvd,,Sideswipe-Same Direction,2,Clear,Dry,Dark-Not Lighted
2024-05-15T11:22:00.000,I 85,I 85 and Jimmy Carter Blvd,,Rear End,2,Clear,Dry,Daylight
2024-12-05T14:07:00.000,I 85,I 85 and Jimmy Carter Blvd,,Sideswipe-Same Direction,2,Clear,Dry,Daylight
2024-09-25T16:55:00.000,I 85,I 85 and Jimmy Carter Blvd,,Rear End,2,Rain,Wet,Daylight
2024-08-02T11:27:00.000,I 85,I 85 and Jimmy Carter Blvd,,Rear End,2,Clear,Dry,Daylight
2024-12-06T07:27:00.000,I 85,I 85 and Jimmy Carter Blvd,,Rear End,2,Clear,Dry,Daylight
2024-07-20T13:17:00.000,I 85,I 85 and Jimmy Carter Blvd,,Rear End,2,Cloudy,Dry,Daylight
2024-07-24T19:38:00.000,I 85,I 85 and Jimmy Carter Blvd,,Rear End,2,Rain,Wet,Dark-Lighted
2024-03-25T18:28:00.000,I 85,I 85 and Jimmy Carter Blvd,,Rear End,3,Clear,Dry,Daylight
2024-04-26T13:09:00.000,I 85,I 85 and Jimmy Carter Blvd,,Sideswipe-Same Direction,3,Cloudy,Dry,Daylight
2024-11-28T12:45:00.000,I 85,I 85 and Jimmy Carter Blvd,,Rear End,2,Clear,Dry,Daylight
2024-11-12T18:20:00.000,I 85,I 85 and Jimmy Carter Blvd,,Sideswipe-Same Direction,2,Clear,Dry,Dark-Lighted
2024-03-19T17:47:00.000,I 85,I 85 and Jimmy Carter Blvd,,Sideswipe-Same Direction,2,Clear,Dry,Daylight
2024-09-20T19:45:00.000,I 85,I 85 and Jimmy Carter Blvd,,Rear End,2,Clear,Dry,Dark-Lighted
2024-12-24T12:30:00.000,I 85,I 85 and Jimmy Carter Blvd,,Rear End,2,Clear,Dry,Daylight
2024-03-01T07:45:00.000,I 85,I 85 and Jimmy Carter Blvd,,Rear End,2,Rain,Wet,Daylight
2024-04-27T11:15:00.000,I 85,I 85 and Jimmy Carter Blvd,,Rear End,3,Clear,Dry,Daylight
2024-11-21T18:40:00.000,I 85,I 85 and Jimmy Carter Blvd,,Rear End,2,Clear,Dry,Dark-Not Lighted
2024-06-24T14:49:00.000,I 85,I 85 and Jimmy Carter Blvd,,Rear End,2,Clear,Dry,Daylight
2024-08-22T13:17:00.000,I 85,I 85 and Jimmy Carter Blvd,,Rear End,3,Clear,Dry,Daylight
2024-04-18T12:50:00.000,I 85,I 85 and Jimmy Carter Blvd,,Rear End,2,Clear,Dry,Daylight
2024-06-16T18:49:00.000,I 85,I 85 and Jimmy Carter Blvd,,Sideswipe-Same Direction,2,Clear,Dry,Daylight
2024-06-08T14:40:00.000,I 85,I 85 and Jimmy Carter Blvd,,Sideswipe-Same Direction,2,Clear,Dry,Daylight
2024-05-10T12:12:00.000,I 85,I 85 and Jimmy Carter Blvd,,Rear End,2,Clear,Dry,Daylight
2024-02-02T06:50:00.000,I 85,I 85 and Jimmy Carter Blvd,,Rear End,3,Clear,Dry,Daylight
2024-10-14T12:00:00.000,I 85,I 85 and Jimmy Carter Blvd,,Sideswipe-Same Direction,2,Clear,Dry,Daylight
2024-06-06T23:50:00.000,I 85,I 85 and Jimmy Carter Blvd,,Rear End,15,Clear,Dry,Dark-Lighted
2024-04-18T17:25:00.000,I 85,I 85 and Jimmy Carter Blvd,,Rear End,2,Cloudy,Dry,Daylight
2024-09-04T16:12:00.000,I 85,I 85 and Jimmy Carter Blvd,,Rear End,2,Clear,Dry,Daylight
2024-04-29T22:00:00.000,I 85,I 85 and Jimmy Carter Blvd,,Rear End,2,Clear,Dry,Dark-Lighted
2024-05-01T23:24:00.000,I 85,I 85 and Jimmy Carter Blvd,,Rear End,2,Clear,Dry,Dark-Lighted
2024-08-20T12:10:00.000,I 85,I 85 and Jimmy Carter Blvd,,Rear End,3,Clear,Dry,Daylight
2024-11-12T01:05:00.000,I 85,I 85 and Jimmy Carter Blvd,,Sideswipe-Same Direction,2,Clear,Dry,Daylight
2024-08-20T21:27:00.000,I 85,I 85 and Jimmy Carter Blvd,,Sideswipe-Same Direction,2,Clear,Dry,Dark-Lighted
2024-05-08T22:42:00.000,I 85,I 85 and Jimmy Carter Blvd,,Sideswipe-Same Direction,2,Clear,Dry,Dark-Not Lighted
2024-07-09T17:00:00.000,I 85,I 85 and Jimmy Carter Blvd,,Sideswipe-Same Direction,2,Cloudy,Wet,Daylight
2024-12-20T19:40:00.000,I 85,I 85 and Jimmy Carter Blvd,,Sideswipe-Same Direction,4,Clear,Dry,Dark-Lighted
2024-02-14T18:18:00.000,I 85,I 85 and Jimmy Carter Blvd,,Rear End,2,Clear,Dry,Dusk
2024-10-10T14:12:00.000,I 85,I 85 and Jimmy Carter Blvd,,Rear End,2,Clear,Dry,Daylight
2024-08-28T20:35:00.000,I 85,I 85 and Jimmy Carter Blvd,,Rear End,3,Clear,Dry,Dark-Lighted
2024-05-02T12:22:00.000,I 85,I 85 and Jimmy Carter Blvd,,Rear End,2,Clear,Dry,Dark-Lighted
2024-04-01T15:15:00.000,I 85,I 85 and Jimmy Carter Blvd,,Not a Collision with Motor Vehicle,1,Cloudy,Dry,Daylight
2024-03-23T16:05:00.000,I 85,I 85 and Jimmy Carter Blvd,,Rear End,2,Clear,Dry,Daylight
2024-04-01T13:15:00.000,I 85,I 85 and Jimmy Carter Blvd,,Rear End,2,Cloudy,Dry,Daylight
2024-08-09T09:00:00.000,I 85,I 85 and Jimmy Carter Blvd,,Not a Collision with Motor Vehicle,2,Clear,Dry,Daylight
2024-01-12T17:55:00.000,I 85,I 85 and Jimmy Carter Blvd,,Rear End,2,Cloudy,Wet,Dark-Lighted
2024-07-09T17:30:00.000,I 85,I 85 and Jimmy Carter Blvd,,Rear End,2,Rain,Wet,Daylight
2024-12-11T13:08:00.000,I 85,I 85 and Jimmy Carter Blvd,,Sideswipe-Same Direction,2,Clear,Dry,Daylight
2024-10-24T07:15:00.000,I 85,I 85 and Jimmy Carter Blvd,,Not a Collision with Motor Vehicle,3,Clear,Dry,Dark-Lighted
2024-03-24T14:30:00.000,I 85,I 85 and Jimmy Carter Blvd,,Rear End,2,Clear,Dry,Daylight
2024-08-24T15:30:00.000,I 85,I 85 and Jimmy Carter Blvd,,Sideswipe-Same Direction,2,Clear,Dry,Daylight
2024-12-10T09:52:00.000,I 85,I 85 and Jimmy Carter Blvd,,Rear End,2,Rain,Wet,Daylight
2024-08-05T21:13:00.000,I 85,I 85 and Jimmy Carter Blvd,,Rear End,2,Clear,Dry,Dark-Not Lighted
2024-08-22T13:17:00.000,I 85,I 85 and Jimmy Carter Blvd,,Sideswipe-Same Direction,2,Clear,Dry,Daylight
2024-10-21T11:15:00.000,I 85,I 85 and Jimmy Carter Blvd,,Sideswipe-Same Direction,2,Clear,Dry,Daylight
2024-03-27T19:15:00.000,I 85,I 85 and Jimmy Carter Blvd,,Rear End,2,Clear,Dry,Daylight