Date and Time,Roadway (From Crash Report),Intersection Name (from Crash Report),KABCO Severity,Manner of Collision (Crash Level) ,# of Vehicles per crash ,Weather Conditions (Crash Level),Surface Condition (Crash Level) ,Light Conditions (Crash Level)
2024-08-12T16:55:00.000,I 85,I 85 and Jimmy Carter Blvd,,Rear End,3,Clear,Dry,Daylight
2024-03-13T14:59:00.000,I 85,I 85 and Jimmy Carter Blvd,,Rear End,2,Clear,Dry,Daylight
2024-02-29T10:55:00.000,I 85,I 85 and Jimmy Carter Blvd,,Sideswipe-Same Direction,2,Clear,Dry,Daylight
2024-12-28T17:52:00.000,I 85,I 85 and Jimmy Carter Blvd,,Rear End,2,Cloudy,Wet,Dark-Lighted
2024-11-01T18:51:00.000,I 85,I 85 and Jimmy Carter Blvd,,Rear End,2,Cloudy,Dry,Dark-Lighted
2024-04-01T13:36:00.000,I 85,I 85 and Jimmy Carter Blvd,,Rear End,3,Cloudy,Dry,Daylight
2024-08-09T10:25:00.000,I 85,I 85 and Jimmy Carter Blvd,,Sideswipe-Same Direction,2,Clear,Dry,Daylight
2024-10-26T23:58:00.000,I 85,I 85 and Jimmy Carter Blvd,,Rear End,4,Clear,Dry,Dark-Lighted
2024-02-10T13:30:00.000,I 85,I 85 and Jimmy Carter Blvd,,Sideswipe-Same Direction,2,Cloudy,Dry,Daylight
2024-08-04T15:00:00.000,I 85,I 85 and Jimmy Carter Blvd,,Sideswipe-Same Direction,2,Clear,Dry,Daylight
2024-03-24T16:15:00.000,I 85,I 85 and Jimmy Carter Blvd,,Rear End,2,Clear,Dry,Daylight
2024-12-24T14:00:00.000,I 85,I 85 and Jimmy Carter Blvd,,Rear End,2,Clear,Dry,Daylight
2024-05-05T14:50:00.000,I 85,I 85 and Jimmy Carter Blvd,,Not a Collision with Motor Vehicle,1,Clear,Dry,Daylight
2024-03-15T12:45:00.000,I 85,I 85 and Jimmy Carter Blvd,,Rear End,2,Rain,Wet,Daylight
2024-12-24T15:36:00.000,I 85,I 85 and Jimmy Carter Blvd,,Sideswipe-Same Direction,2,Clear,Dry,Daylight
2024-02-09T14:11:00.000,I 85,I 85 and Jimmy Carter Blvd,,Rear End,3,Clear,Dry,Daylight
2024-10-02T09:03:00.000,I 85,I 85 and Jimmy Carter Blvd,,Sideswipe-Same Direction,2,Clear,Dry,Daylight
2024-07-27T14:18:00.000,I 85,I 85 and Jimmy Carter Blvd,,Rear End,3,Cloudy,Dry,Daylight
2024-06-06T15:42:00.000,I 85,I 85 and Jimmy Carter Blvd,,Rear End,2,Clear,Dry,Daylight
2024-10-04T22:24:00.000,I 85,I 85 and Jimmy Carter Blvd,,Angle Crash,2,Clear,Dry,Dark-Not Lighted
2024-07-26T15:25:00.000,I 85,I 85 and Jimmy Carter Blvd,,Rear End,3,Clear,Dry,Daylight
2024-06-10T14:40:00.000,I 85,I 85 and Jimmy Carter Blvd,,Sideswipe-Same Direction,2,Clear,Dry,Daylight
2024-05-19T14:17:00.000,I 85,I 85 and Jimmy Carter Blvd,,Rear End,2,Clear,Dry,Daylight
2024-07-02T18:11:00.000,I 85,I 85 and Jimmy Carter Blvd,,Sideswipe-Same Direction,2,Clear,Dry,Daylight
2024-11-27T13:50:00.000,I 85,I 85 and Jimmy Carter Blvd,,Rear End,3,Clear,Dry,Daylight
2024-01-11T08:15:00.000,I 85,I 85 and Jimmy Carter Blvd,,Rear End,2,Clear,Dry,Daylight
2024-04-09T14:32:00.000,I 85,I 85 and Jimmy Carter Blvd,,Rear End,3,Cloudy,Wet,Daylight
2024-09-20T21:00:00.000,I 85,I 85 and Jimmy Carter Blvd,,Sideswipe-Same Direction,2,Clear,Dry,Dark-Lighted
2024-06-10T08:26:00.000,I 85,I 85 and Jimmy Carter Blvd,,Rear End,2,Cloudy,Dry,Daylight
2024-12-19T11:30:00.000,I 85,I 85 and Jimmy Carter Blvd,,Sideswipe-Same Direction,2,Clear,Dry,Daylight
2024-05-09T13:00:00.000,I 85,I 85 and Jimmy Carter Blvd,,Rear End,2,Cloudy,Wet,Daylight
2024-05-02T07:43:00.000,I 85,I 85 and Jimmy Carter Blvd,,Sideswipe-Same Direction,2,Clear,Dry,Daylight
2024-05-07T23:47:00.000,I 85,I 85 and Jimmy Carter Blvd,,Angle Crash,2,Clear,Dry,Dark-Not Lighted
2024-03-04T18:45:00.000,I 85,I 85 and Jimmy Carter Blvd,,Sideswipe-Same Direction,2,Cloudy,Dry,Dark-Lighted
2024-09-29T18:12:00.000,I 85,I 85 and Jimmy Carter Blvd,,Rear End,2,Clear,Dry,Daylight
2024-03-07T20:25:00.000,I 85,I 85 and Jimmy Carter Blvd,,Rear End,3,Clear,Dry,Dark-Lighted
2024-03-28T05:56:00.000,I 85,I 85 and Jimmy Carter Blvd,,Sideswipe-Same Direction,2,Clear,Dry,Dark-Lighted
2024-10-22T18:00:00.000,I 85,I 85 and Jimmy Carter Blvd,,Rear End,2,Clear,Dry,Daylight
2024-10-22T21:20:00.000,I 85,I 85 and Jimmy Carter Blvd,,Sideswipe-Same Direction,2,Clear,Dry,Dark-Lighted
2024-04-19T13:02:00.000,I 85,I 85 and Jimmy Carter Blvd,,Rear End,3,Cloudy,Dry,Daylight
2024-11-14T10:40:00.000,I 85,I 85 and Jimmy Carter Blvd,,Rear End,2,Rain,Wet,Daylight
2024-04-05T16:45:00.000,I 85,I 85 and Jimmy Carter Blvd,,Rear End,2,Clear,Dry,Daylight
2024-10-13T07:41:00.000,I 85,I 85 and Jimmy Carter Blvd,,Sideswipe-Same Direction,2,Clear,Dry,Daylight
2024-05-12T16:11:00.000,I 85,I 85 and Jimmy Carter Blvd,,Rear End,4,Clear,Dry,Daylight
2024-02-17T19:14:00.000,I 85,I 85 and Jimmy Carter Blvd,,Sideswipe-Same Direction,2,Clear,Dry,Daylight
2024-05-14T15:20:00.000,I 85,I 85 and Jimmy Carter Blvd,,Rear End,3,Cloudy,Dry,Daylight
2024-09-08T15:43:00.000,I 85,I 85 and Jimmy Carter Blvd,,Angle Crash,2,Clear,Dry,Daylight
2024-08-10T00:17:00.000,I 85,I 85 and Jimmy Carter Blvd,,Rear End,2,Clear,Dry,Dark-Lighted
2024-09-13T21:01:00.000,I 85,I 85 and Jimmy Carter Blvd,,Rear End,2,Clear,Dry,Dark-Lighted
2024-07-02T08:20:00.000,I 85,I 85 and Jimmy Carter Blvd,,Sideswipe-Same Direction,2,Clear,Dry,Daylight
2024-08-09T09:43:00.000,I 85,I 85 and Jimmy Carter Blvd,,Rear End,2,Clear,Dry,Daylight
2024-02-06T11:49:00.000,I 85,I 85 and Jimmy Carter Blvd,,Sideswipe-Same Direction,2,Clear,Dry,Daylight
2024-04-10T14:54:00.000,I 85,I 85 and Jimmy Carter Blvd,,Sideswipe-Same Direction,2,Cloudy,Dry,Daylight
2024-07-11T14:00:00.000,I 85,I 85 and Jimmy Carter Blvd,,Sideswipe-Same Direction,2,Clear,Dry,Daylight
2024-06-14T19:04:00.000,I 85,I 85 and Jimmy Carter Blvd,,Rear End,2,Clear,Dry,Daylight
2024-05-09T10:20:00.000,I 85,I 85 and Jimmy Carter Blvd,,Rear End,2,Cloudy,Wet,Daylight
2024-11-30T13:32:00.000,I 85,I 85 and Jimmy Carter Blvd,,Rear End,2,Clear,Dry,Daylight
2024-11-28T14:13:00.000,I 85,I 85 and Jimmy Carter Blvd,,Rear End,2,Clear,Dry,Daylight
2024-12-28T14:40:00.000,I 85,I 85 and Jimmy Carter Blvd,,Rear End,3,Rain,Wet,Daylight
2024-10-30T18:23:00.000,I 85,I 85 and Jimmy Carter Blvd,,Rear End,2,Cloudy,Dry,Daylight
2024-08-06T13:16:00.000,I 85,I 85 and Jimmy Carter Blvd,,Sideswipe-Same Direction,2,Clear,Dry,Daylight
2024-10-07T13:17:00.000,I 85,I 85 and Jimmy Carter Blvd,,Sideswipe-Same Direction,2,Clear,Dry,Daylight
2024-09-26T18:50:00.000,I 85,I 85 and Jimmy Carter Blvd,,Sideswipe-Same Direction,2,Rain,Wet,Daylight
2024-11-14T16:00:00.000,I 85,I 85 and Jimmy Carter Blvd,,Rear End,2,Cloudy,Dry,Daylight
2024-02-19T12:55:00.000,I 85,I 85 and Jimmy Carter Blvd,,Sideswipe-Same Direction,2,Clear,Dry,Daylight
2024-07-11T15:00:00.000,I 85,I 85 and Jimmy Carter Blvd,,Sideswipe-Same Direction,2,Clear,Dry,Daylight
2024-08-10T15:34:00.000,I 85,I 85 and Jimmy Carter Blvd,,Rear End,2,Clear,Dry,Daylight
2024-06-06T11:20:00.000,I 85,I 85 and Jimmy Carter Blvd,,Rear End,2,Cloudy,Dry,Daylight
2024-07-11T18:16:00.000,I 85,I 85 and Jimmy Carter Blvd,,Sideswipe-Same Direction,2,Clear,Dry,Daylight
2024-07-25T01:48:00.000,I 85,I 85 and Jimmy Carter Blvd,,Not a Collision with Motor Vehicle,2,Clear,Wet,Dark-Not Lighted
2024-07-13T05:09:00.000,I 85,I 85 and Jimmy Carter Blvd,,Not a Collision with Motor Vehicle,1,Clear,Dry,Dark-Lighted
2024-10-02T14:00:00.000,I 85,I 85 and Jimmy Carter Blvd,,Sideswipe-Same Direction,2,Clear,Dry,Daylight
2024-10-17T13:59:00.000,I 85,I 85 and Jimmy Carter Blvd,,Rear End,2,Clear,Dry,Daylight
2024-08-23T22:00:00.000,I 85,I 85 and Jimmy Carter Blvd,,Rear End,2,Clear,Dry,Dark-Not Lighted
2024-06-26T08:50:00.000,I 85,I 85 and Jimmy Carter Blvd,,Sideswipe-Same Direction,2,Clear,Dry,Daylight
2024-12-15T15:30:00.000,I 85,I 85 and Jimmy Carter Blvd,,Sideswipe-Same Direction,2,Rain,Wet,Daylight
2024-09-09T10:00:00.000,I 85,I 85 and Jimmy Carter Blvd,,Rear End,4,Clear,Dry,Daylight
2024-10-25T07:00:00.000,I 85,I 85 and Jimmy Carter Blvd,,Sideswipe-Same Direction,2,Clear,Dry,Daylight
2024-09-09T16:42:00.000,I 85,I 85 and Jimmy Carter Blvd,,Rear End,2,Cloudy,Dry,Daylight
2024-01-08T07:20:00.000,I 85,I 85 and Jimmy Carter Blvd,,Sideswipe-Same Direction,2,Cloudy,Dry,Dark-Lighted
2024-04-20T13:58:00.000,I 85,I 85 and Jimmy Carter Blvd,,Rear End,3,Clear,Dry,Daylight
2024-10-24T20:37:00.000,I 85,I 85 and Jimmy Carter Blvd,,Rear End,2,Clear,Dry,Daylight
2024-01-23T19:00:00.000,I 85,I 85 and Jimmy Carter Blvd,,Sideswipe-Same Direction,2,Clear,Dry,Dark-Not Lighted
2024-12-31T07:00:00.000,I 85,I 85 and Jimmy Carter Blvd,,Rear End,4,Cloudy,Dry,Daylight
2024-11-11T18:05:00.000,I 85,I 85 and Jimmy Carter Blvd,,Rear End,2,Cloudy,Dry,Dark-Lighted
2024-03-09T16:30:00.000,I 85,I 85 and Jimmy Carter Blvd,,Rear End,4,Cloudy,Dry,Daylight
2024-05-31T22:52:00.000,I 85,I 85 and Jimmy Carter Blvd,,Sideswipe-Same Direction,2,Clear,Dry,Dark-Lighted
2024-11-15T10:15:00.000,I 85,I 85 and Jimmy Carter Blvd,,Rear End,5,Clear,Dry,Daylight
2024-04-09T16:34:00.000,I 85,I 85 and Jimmy Carter Blvd,,Rear End,2,Cloudy,Dry,Daylight
2024-02-14T13:57:00.000,I 85,I 85 and Jimmy Carter Blvd,,Sideswipe-Same Direction,2,Clear,Dry,Daylight
2024-01-12T12:50:00.000,I 85,I 85 and Jimmy Carter Blvd,,Rear End,2,Rain,Wet,Daylight
2024-05-28T18:41:00.000,I 85,I 85 and Jimmy Carter Blvd,,Rear End,2,Clear,Dry,Daylight
2024-12-07T12:38:00.000,I 85,I 85 and Jimmy Carter Blvd,,Angle Crash,1,Cloudy,Dry,Daylight
2024-09-08T20:00:00.000,I 85,I 85 and Jimmy Carter Blvd,,Sideswipe-Same Direction,2,Clear,Dry,Dark-Lighted
2024-03-03T16:05:00.000,I 85,I 85 and Jimmy Carter Blvd,,Rear End,2,Clear,Dry,Daylight
2024-03-28T14:38:00.000,I 85,I 85 and Jimmy Carter Blvd,,Not a Collision with Motor Vehicle,1,Clear,Dry,Daylight
2024-02-03T16:51:00.000,I 85,I 85 and Jimmy Carter Blvd,,Rear End,3,Cloudy,Dry,Daylight
2024-07-09T06:48:00.000,I 85,I 85 and Jimmy Carter Blvd,,Sideswipe-Same Direction,2,Clear,Dry,Daylight
2024-11-01T12:50:00.000,I 85,I 85 and Jimmy Carter Blvd,,Rear End,2,Cloudy,Dry,Daylight
2024-04-13T17:56:00.000,I 85,I 85 and Jimmy Carter Blvd,,Rear End,3,Clear,Dry,Daylight
2024-03-14T09:05:00.000,I 85,I 85 and Jimmy Carter Blvd,,Rear End,2,Clear,Dry,Daylight
2024-05-28T09:00:00.000,I 85,I 85 and Jimmy Carter Blvd,,Sideswipe-Same Direction,2,Clear,Dry,Daylight
2024-11-14T06:30:00.000,I 85,I 85 and Jimmy Carter Blvd,,Sideswipe-Same Direction,3,Rain,Wet,Daylight
2024-02-11T23:48:00.000,I 85,I 85 and Jimmy Carter Blvd,,Sideswipe-Same Direction,2,Rain,Wet,Dark-Lighted
2024-12-14T19:04:00.000,I 85,I 85 and Jimmy Carter Blvd,,Sideswipe-Same Direction,2,Clear,Dry,Dark-Lighted
2023-06-08T22:03:00.000,I 85,I 85 and Jimmy Carter Blv,,Not a Collision with Motor Vehicle,1,Clear,Dry,Dawn
2024-10-01T12:40:00.000,I 85,I 85 and Jimmy Carter Blouvard,,Sideswipe-Same Direction,3,Clear,Dry,Daylight
2021-05-02T14:58:00.000,I 85,I 85 and Jimmy Carter,,Rear End,2,Clear,Dry,Daylight
2021-06-25T11:15:00.000,I 85,I 85 and Jimmy Carter,,Rear End,2,Clear,Dry,Daylight
2021-08-23T10:45:00.000,I 85,I 85 and Jimmy Carter,,Rear End,2,Clear,Dry,Daylight
2021-10-11T12:00:00.000,I 85,I 85 and Jimmy Carter,,Rear End,2,Cloudy,Dry,Daylight
2021-07-28T08:45:00.000,I 85,I 85 and Jimmy Carter,,Sideswipe-Same Direction,2,Clear,Dry,Daylight
2021-04-20T10:00:00.000,I 85,I 85 and Jimmy Carter,,Rear End,2,Clear,Dry,Daylight
2021-03-26T14:08:00.000,I 85,I 85 and Jimmy Carter,,Sideswipe-Same Direction,2,Clear,Dry,Daylight
2021-06-01T09:30:00.000,I 85,I 85 and Jimmy Carter,,Sideswipe-Same Direction,2,Clear,Dry,Daylight
2021-07-01T07:23:00.000,I 85,I 85 and Jimmy Carter,,Rear End,2,Clear,Dry,Daylight
2021-04-24T10:00:00.000,I 85,I 85 and Jimmy Carter,,Angle Crash,1,Rain,Wet,Daylight
2021-02-08T07:30:00.000,I 85,I 85 and Jimmy Carter,,Sideswipe-Same Direction,2,Clear,Dry,Daylight
2023-09-12T12:20:00.000,I 85,I 85 and Jimmy Carter,,Rear End,2,Clear,Dry,Daylight
2023-01-23T06:43:00.000,I 85,I 85 and Jimmy Carter,,Rear End,3,Clear,Dry,Dark-Not Lighted
2023-05-26T15:29:00.000,I 85,I 85 and Jimmy Carter,,Rear End,3,Clear,Dry,Daylight
2023-09-09T16:15:00.000,I 85,I 85 and Jimmy Carter,,Sideswipe-Same Direction,2,Clear,Dry,Daylight
2023-05-16T09:20:00.000,I 85,I 85 and Jimmy Carter,,Sideswipe-Same Direction,2,Clear,Dry,Daylight
2023-07-24T17:30:00.000,I 85,I 85 and Jimmy Carter,,Sideswipe-Same Direction,2,Cloudy,Dry,Daylight
2023-04-07T14:53:00.000,I 85,I 85 and Jimmy Carter,,Sideswipe-Same Direction,3,Clear,Dry,Daylight
2023-05-15T14:01:00.000,I 85,I 85 and Jimmy Carter,,Sideswipe-Same Direction,2,Cloudy,Dry,Daylight
2023-10-01T17:48:00.000,I 85,I 85 and Jimmy Carter,,Rear End,2,Clear,Dry,Daylight
2023-10-05T20:34:00.000,I 85,I 85 and Jimmy Carter,,Sideswipe-Same Direction,2,Clear,Dry,Dark-Lighted
2023-09-19T16:55:00.000,I 85,I 85 and Jimmy Carter,,Rear End,2,Clear,Dry,Daylight
2023-05-26T15:29:00.000,I 85,I 85 and Jimmy Carter,,Rear End,2,Clear,Dry,Daylight
2023-04-24T16:40:00.000,I 85,I 85 and Jimmy Carter,,Sideswipe-Same Direction,2,Clear,Dry,Daylight
2023-01-19T12:07:00.000,I 85,I 85 and Jimmy Carter,,Sideswipe-Same Direction,2,Clear,Wet,Daylight
2023-01-23T06:44:00.000,I 85,I 85 and Jimmy Carter,,Angle Crash,3,Clear,Dry,Dark-Not Lighted
2022-02-16T20:00:00.000,I 85,I 85 and Jimmy Carter,,Angle Crash,2,Clear,Dry,Dark-Lighted
2020-08-22T20:00:00.000,I 85,I 85 and Jimmy Carter,,Rear End,2,Cloudy,Wet,Dark-Lighted
2020-12-09T06:00:00.000,I 85,I 85 and Jimmy Carter,,Sideswipe-Same Direction,2,Clear,Dry,Dark-Lighted
2020-11-11T14:30:00.000,I 85,I 85 and Jimmy Carter,,Rear End,2,Cloudy,Wet,Daylight
2020-04-06T04:30:00.000,I 85,I 85 and Jimmy Carter,,Angle Crash,2,Clear,Dry,Dark-Not Lighted
2020-05-18T15:00:00.000,I 85,I 85 and Jimmy Carter,,Sideswipe-Same Direction,2,Clear,Dry,Daylight
2020-08-24T06:00:00.000,I 85,I 85 and Jimmy Carter,,Rear End,3,Clear,Dry,Daylight
2021-05-25T00:00:00.000,I 85,I 85 and Jimmy Carter,,Rear End,2,Clear,Dry,Daylight
2021-05-14T09:38:00.000,I 85,I 85 and Jimmy Carter,,Rear End,2,Clear,Dry,Daylight
2021-01-12T07:00:00.000,I 85,I 85 and Jimmy Carter,,Rear End,2,Clear,Wet,Daylight
2021-01-21T08:05:00.000,I 85,I 85 and Jimmy Carter,,Not a Collision with Motor Vehicle,1,Rain,Wet,Daylight
2021-09-10T10:55:00.000,I 85,I 85 and Jimmy Carter,,Rear End,2,Clear,Dry,Daylight
2021-07-22T21:00:00.000,I 85,I 85 and Jimmy Carter,,Sideswipe-Same Direction,2,Clear,Dry,Dark-Lighted
2021-08-31T08:40:00.000,I 85,I 85 and Jimmy Carter,,Rear End,3,Rain,Wet,Daylight
2022-05-19T04:30:00.000,I 85,I 85 and Jimmy Carter,,Sideswipe-Same Direction,2,Clear,Dry,Dark-Lighted
2022-08-02T19:23:00.000,I 85,I 85 and Jimmy Carter,,Rear End,2,Clear,Dry,Daylight
2022-03-08T06:18:00.000,I 85,I 85 and Jimmy Carter,,Sideswipe-Same Direction,2,Clear,Dry,Dark-Lighted
2022-12-09T14:00:00.000,I 85,I 85 and Jimmy Carter,,Rear End,2,Rain,Wet,Daylight
2022-11-15T18:21:00.000,I 85,I 85 and Jimmy Carter,,Rear End,2,Cloudy,Wet,Dark-Lighted
2022-05-07T00:41:00.000,I 85,I 85 and Jimmy Carter,,Sideswipe-Same Direction,2,Clear,Dry,Dark-Lighted
2022-07-21T09:57:00.000,I 85,I 85 and Jimmy Carter,,Angle Crash,2,Rain,Wet,Daylight
2022-03-17T10:11:00.000,I 85,I 85 and Jimmy Carter,,Sideswipe-Same Direction,2,Clear,Dry,Daylight
2022-06-11T03:45:00.000,I 85,I 85 and Jimmy Carter,,Angle Crash,2,Clear,Dry,Dark-Lighted
2022-08-17T22:55:00.000,I 85,I 85 and Jimmy Carter,,Sideswipe-Opposite Direction,2,Cloudy,Wet,Dark-Not Lighted
2022-06-02T18:44:00.000,I 85,I 85 and Jimmy Carter,,Not a Collision with Motor Vehicle,2,Clear,Dry,Daylight
2024-09-19T06:00:00.000,I 85,I 85 and Jimmy Carter,,Sideswipe-Same Direction,3,Clear,Dry,Dark-Not Lighted
2024-12-27T23:06:00.000,I 85,I 85 and Jimmy Carter,,Rear End,2,Rain,Wet,Dark-Not Lighted
2024-11-07T18:55:00.000,I 85,I 85 and Jimmy Carter,,Rear End,2,Clear,Dry,Dark-Lighted
2024-10-29T13:20:00.000,I 85,I 85 and Jimmy Carter,,Rear End,2,Clear,Dry,Daylight
2024-06-19T12:00:00.000,I 85,I 85 and Jimmy Carter,,Rear End,3,Clear,Dry,Daylight
2024-05-09T13:00:00.000,I 85,I 85 and Jimmy Carter,,Rear End,3,Cloudy,Wet,Daylight
2024-01-25T16:20:00.000,I 85,I 85 and Jimmy Carter,,Rear End,2,Clear,Dry,Daylight
2024-07-01T17:15:00.000,I 85,I 85 and Jimmy Carter,,Sideswipe-Same Direction,2,Clear,Dry,Daylight
2023-04-06T14:30:00.000,I 85,I 85 and Jimmy Carter,,Rear End,2,Cloudy,Dry,Daylight
2024-08-19T15:00:00.000,I 85,I 85 and Jimmy Carter,,Sideswipe-Same Direction,2,Clear,Dry,Daylight
2024-02-01T15:10:00.000,I 85,I 85 and Jimmy Carter,,Sideswipe-Same Direction,2,Clear,Dry,Daylight
2023-03-26T13:49:00.000,I 85,I 85 and Jimmy Carter,,Rear End,2,Cloudy,Wet,Daylight
2023-06-29T04:29:00.000,I 85,I 85 and Jimmy Carter,,Angle Crash,3,Clear,Dry,Dark-Lighted
2023-12-08T15:00:00.000,I 85,I 85 and Jimmy Carter,,Rear End,2,Clear,Dry,Daylight
2023-05-19T19:53:00.000,I 85,I 85 and Jimmy Carter,,Rear End,5,Clear,Dry,Daylight
2023-08-08T06:59:00.000,I 85,I 85 and Jimmy Carter,,Sideswipe-Same Direction,3,Cloudy,Dry,Daylight
2023-04-14T11:15:00.000,I 85,I 85 and Jimmy Carter,,Rear End,5,Cloudy,Wet,Daylight
2023-09-18T14:15:00.000,I 85,I 85 and Jimmy Carter,,Rear End,2,Clear,Dry,Daylight
2023-09-08T08:25:00.000,I 85,I 85 and Jimmy Carter,,Rear End,3,Clear,Dry,Daylight
2023-05-02T16:00:00.000,I 85,I 85 and Jimmy Carter,,Sideswipe-Same Direction,2,Clear,Dry,Daylight
2023-05-25T11:45:00.000,I 85,I 85 and Jimmy Carter,,Rear End,2,Clear,Dry,Daylight
2023-08-10T00:45:00.000,I 85,I 85 and Jimmy Carter,,Rear End,2,Clear,Dry,Daylight
2023-05-25T11:45:00.000,I 85,I 85 and Jimmy Carter,,Rear End,3,Clear,Dry,Daylight
2024-08-08T12:35:00.000,I 85,I 85 and Jimmy Carter,,Rear End,2,Clear,Dry,Daylight
2024-08-10T02:43:00.000,I 85,I 85 and Jimmy Carter,,Rear End,2,Clear,Dry,Daylight
2024-11-19T14:50:00.000,I 85,I 85 and Jimmy Carter,,Angle Crash,3,Rain,Wet,Daylight
2024-05-23T13:54:00.000,I 85,I 85 and Jimmy Carter,,Rear End,2,Clear,Dry,Daylight
2024-09-25T23:48:00.000,I 85,I 85 and Jimmy Carter,,Angle Crash,2,Rain,Wet,Dark-Lighted
2024-10-01T13:45:00.000,I 85,I 85 and Jimmy Carter,,Rear End,2,Clear,Dry,Daylight
2024-08-01T07:23:00.000,I 85,I 85 and Jimmy Carter,,Sideswipe-Same Direction,2,Clear,Dry,Daylight
2024-05-29T14:00:00.000,I 85,I 85 and Jimmy Carter,,Rear End,2,Clear,Dry,Daylight
2024-12-05T15:35:00.000,I 85,I 85 and Jimmy Carter,,Not a Collision with Motor Vehicle,1,Clear,Dry,Daylight
2024-07-26T21:35:00.000,I 85,I 85 and Jimmy Carter,,Angle Crash,2,Clear,Dry,Dark-Lighted
2024-05-18T01:30:00.000,I 85,I 85 and Jimmy Carter,,Not a Collision with Motor Vehicle,1,Rain,Wet,Dark-Lighted
2024-07-09T00:23:00.000,I 85,I 85 and Jimmy Carter,,Sideswipe-Same Direction,2,Clear,Dry,Dark-Lighted
2024-06-04T14:50:00.000,I 85,I 85 and Jimmy Carter,,Rear End,2,Rain,Wet,Daylight
2024-07-21T19:24:00.000,I 85,I 85 and Jimmy Carter,,Angle Crash,2,Clear,Dry,Dark-Lighted
2024-09-23T14:15:00.000,I 85,I 85 and Jimmy Carter,,Sideswipe-Same Direction,2,Clear,Dry,Daylight
2024-01-05T11:05:00.000,I 85,I 85 and Jimmy Carter,,Angle Crash,2,Clear,Dry,Daylight
2024-05-27T09:27:00.000,I 85,I 85 and Jimmy Carter,,Sideswipe-Same Direction,2,Rain,Wet,Daylight
2024-05-19T08:42:00.000,I 85,I 85 and Jimmy Carter,,Rear End,2,Clear,Dry,Daylight
2024-08-09T12:33:00.000,I 85,I 85 and Jimmy Carter,,Rear End,2,Clear,Dry,Daylight
2024-10-09T23:36:00.000,I 85,I 85 and Jimmy Carter,,Sideswipe-Same Direction,2,Clear,Dry,Dark-Not Lighted
2024-05-13T08:05:00.000,I 85,I 85 and Jimmy Carter,,Rear End,2,Clear,Dry,Daylight
2024-09-13T12:07:00.000,I 85,I 85 and Jimmy Carter,,Sideswipe-Same Direction,2,Cloudy,Wet,Daylight
2024-07-02T16:00:00.000,I 85,I 85 and Jimmy Carter,,Sideswipe-Same Direction,2,Clear,Dry,Daylight
2024-02-15T10:48:00.000,I 85,I 85 and Jimmy Carter,,Angle Crash,2,Clear,Dry,Daylight
2024-12-22T13:26:00.000,I 85,I 85 and Jimmy Carter,,Rear End,2,Clear,Dry,Daylight
2024-07-01T13:35:00.000,I 85,I 85 and Jimmy Carter,,Sideswipe-Same Direction,2,Clear,Dry,Daylight
2024-05-09T14:15:00.000,I 85,I 85 and Jimmy Carter,,Rear End,2,Clear,Dry,Daylight
2021-11-09T21:15:00.000,I 85,I 85 and Jimmy Caretr Blvd,,Angle Crash,2,Clear,Dry,Dark-Not Lighted
2022-06-01T19:00:00.000,I 85,I 85 and Jimmy Caretr Blvd,,Sideswipe-Same Direction,2,Clear,Dry,Daylight
2024-12-11T18:43:00.000,I 85,I 85 and Jimmy  Carter Blvd,,Sideswipe-Same Direction,3,Clear,Dry,Dark-Lighted
2024-05-05T13:05:00.000,I 85,I 85 and Jimmy  Carter Blvd,,Sideswipe-Same Direction,2,Clear,Dry,Daylight
2022-12-06T05:53:00.000,I 85,I 85 and Jimmy,,Rear End,2,Rain,Wet,Dark-Lighted
2022-07-07T06:20:00.000,I 85,I 85 and Jimmmy Carter Blvd,,Rear End,2,Rain,Wet,Daylight
2022-05-28T16:24:00.000,I 85,I 85 and Jimmmy Carter Blvd,,Rear End,2,Clear,Dry,Daylight
2024-06-07T18:45:00.000,I 85,I 85 and Jimmmy Carter Blvd,,Sideswipe-Same Direction,2,Clear,Dry,Daylight
2024-02-29T19:45:00.000,I 85,I 85 and Jimmmy Carter,,Not a Collision with Motor Vehicle,1,Clear,Dry,Dark-Lighted
2020-12-16T17:36:00.000,I 85,I 85 and Jimmiy Carter Blvd,,Rear End,2,Cloudy,Wet,Dark-Lighted
2020-09-01T18:45:00.000,I 85,I 85 and Jimmiy Carter Blvd,,Rear End,3,Clear,Wet,Daylight
2020-07-25T18:58:00.000,I 85,I 85 and Jimmiy Carter Blvd,,Angle Crash,2,Clear,Wet,Daylight
2024-09-12T06:00:00.000,I 85,I 85 and Jimm Carter Blouvard,,Sideswipe-Same Direction,2,Rain,Wet,Dark-Lighted
2023-04-01T00:10:00.000,I 85,I 85 and Jiimy Carter Blvd,,Rear End,2,Clear,Dry,Dark-Lighted
2022-02-04T15:19:00.000,I 85,I 85 and Jiimmy Carter Blvd,,Rear End,2,Rain,Wet,Daylight
2022-12-05T13:35:00.000,I 85,I 85 and Jiimmy Carter Blvd,,Sideswipe-Same Direction,2,Rain,Wet,Daylight
2020-01-17T15:05:00.000,I 85,I 85 and Jessie Hl,,Rear End,3,Clear,Dry,Daylight
2020-10-01T14:15:00.000,I 85,I 85 and Jessie Hill Dr,,Rear End,3,Clear,Dry,Daylight
2021-07-29T15:43:00.000,I 85,I 85 and Jessie Hill Dr,,Rear End,2,Clear,Dry,Daylight
2020-09-23T14:05:00.000,I 85,I 85 and Jessie Cronic Rd Opas,,Sideswipe-Same Direction,2,Clear,Dry,Daylight
2020-08-28T15:51:00.000,I 85,I 85 and Jesse Hl,,Rear End,2,Cloudy,Dry,Daylight
2021-04-12T18:10:00.000,I 85,I 85 and Jesse Hill Rd,,Rear End,2,Clear,Dry,Daylight
2021-05-11T10:50:00.000,I 85,I 85 and Jesse Hill Jr Dr,,Sideswipe-Same Direction,2,Clear,Dry,Daylight