Date and Time,Roadway (From Crash Report),Intersection Name (from Crash Report),KABCO Severity,Manner of Collision (Crash Level) ,# of Vehicles per crash ,Weather Conditions (Crash Level),Surface Condition (Crash Level) ,Light Conditions (Crash Level)
2020-05-21T17:29:00.000,I 85,I 85 and Jesse Hill Jr Dr,,Rear End,5,Clear,Dry,Daylight
2020-11-26T14:05:00.000,I 85,I 85 and Jesse Hill Drive Underpass,,Rear End,2,Clear,Dry,Daylight
2020-11-03T18:51:00.000,I 85,I 85 and Jesse Hill Dr,,Rear End,3,Clear,Dry,Dark-Not Lighted
2021-02-23T14:18:00.000,I 85,I 85 and Jesse Hill Dr,,Rear End,2,Clear,Dry,Daylight
2022-08-14T15:42:00.000,I 85,I 85 and Jesse Cronic Road Opas,,Not a Collision with Motor Vehicle,2,Clear,Dry,Daylight
2023-06-20T17:34:00.000,I 85,I 85 and Jesse Cronic Rd,,Not a Collision with Motor Vehicle,1,Rain,Water (standing or moving),Daylight
2024-08-19T16:41:00.000,I 85,I 85 and Jesse Cronic Rd,,Rear End,2,Clear,Dry,Daylight
2024-03-09T20:27:00.000,I 85,I 85 and Jesse Cronic Rd,,Sideswipe-Same Direction,2,Cloudy,Dry,Dark-Not Lighted
2021-02-04T14:30:00.000,I 85,I 85 and Jeese Hill Jr Dr,,Rear End,2,Cloudy,Dry,Daylight
2024-02-23T02:13:00.000,I 85,I 85 and Jcb Exit Rp,,Rear End,2,Rain,Wet,Dark-Lighted
2021-01-12T07:15:00.000,I 85,I 85 and Jc Blvd,,Sideswipe-Same Direction,2,Clear,Wet,Dawn
2021-04-09T15:45:00.000,I 85,I 85 and Jc Blvd,,Rear End,2,Clear,Dry,Daylight
2021-01-05T09:20:00.000,I 85,I 85 and Jc Blvd,,Rear End,2,Clear,Dry,Daylight
2020-02-14T11:05:00.000,I 85,I 85 and J W Dobbs,,Rear End,2,Clear,Dry,Daylight
2021-08-13T17:09:00.000,I 85,I 85 and Irwin Street Underpass,,Rear End,2,Clear,Dry,Daylight
2021-06-18T16:03:00.000,I 85,I 85 and Irwin St,,Sideswipe-Same Direction,2,Clear,Dry,Daylight
2020-07-23T14:40:00.000,I 85,I 85 and Irwin St,,Sideswipe-Same Direction,2,Clear,Dry,Daylight
2021-08-08T12:05:00.000,I 85,I 85 and Inyerstate 85 Norht Of Mile Marker 1355,,Rear End,2,Clear,Dry,Daylight
2023-07-03T11:04:00.000,I 85,I 85 and Interchange 285,,Sideswipe-Same Direction,2,Clear,Dry,Daylight
2022-07-02T11:34:00.000,I 85,I 85 and Inidian Trail Rd,,Sideswipe-Same Direction,4,Clear,Dry,Daylight
2023-09-21T11:15:00.000,I 85,I 85 and Inidan Trl,,Rear End,2,Clear,Dry,Daylight
2023-02-14T12:45:00.000,I 85,I 85 and Inditan Trail Rd,,Rear End,2,Clear,Dry,Daylight
2023-09-15T13:45:00.000,I 85,I 85 and Indiian Trail Rd,,Rear End,2,Cloudy,Wet,Daylight
2024-07-19T06:40:00.000,I 85,I 85 and Indiantrail Lilburn Rd,,Rear End,2,Cloudy,Dry,Daylight
2024-09-03T21:20:00.000,I 85,I 85 and Indiantrail Lilburn Rd,,Sideswipe-Same Direction,2,Clear,Dry,Dark-Lighted
2024-07-29T22:00:00.000,I 85,I 85 and Indiantrail Lilburn Rd,,Not a Collision with Motor Vehicle,1,Rain,Wet,Dark-Lighted
2024-02-14T11:00:00.000,I 85,I 85 and Indiant Trail Lilburn Rd,,Rear End,2,Cloudy,Dry,Dark-Not Lighted
2023-02-01T21:00:00.000,I 85,I 85 and Indian Trl-Lilburn Rd,,Sideswipe-Same Direction,2,Clear,Dry,Dark-Lighted
2024-06-22T15:20:00.000,I 85,I 85 and Indian Trl-Lilburn Rd,,Angle Crash,3,Clear,Dry,Daylight
2020-01-19T04:26:00.000,I 85,I 85 and Indian Trl Rd,,Rear End,2,Clear,Wet,Dark-Lighted
2023-07-19T08:07:00.000,I 85,I 85 and Indian Trl Rd,,Sideswipe-Same Direction,2,Clear,Dry,Daylight
2024-09-25T20:06:00.000,I 85,I 85 and Indian Trl Lilburn Rd.,,Rear End,2,Rain,Wet,Dark-Lighted
2021-02-28T15:25:00.000,I 85,I 85 and Indian Trl Lilburn Rd,,Rear End,2,Clear,Dry,Daylight
2021-01-09T13:28:00.000,I 85,I 85 and Indian Trl Lilburn Rd,,(None),3,(None),(None),(None)
2020-08-19T22:23:00.000,I 85,I 85 and Indian Trl Lilburn Rd,,Rear End,2,Rain,Wet,Dark-Lighted
2020-01-25T18:52:00.000,I 85,I 85 and Indian Trl Lilburn Rd,,(None),2,(None),(None),(None)
2020-08-20T23:18:00.000,I 85,I 85 and Indian Trl Lilburn Rd,,Angle Crash,2,Clear,Dry,Dark-Lighted
2020-01-03T00:01:00.000,I 85,I 85 and Indian Trl Lilburn Rd,,Not a Collision with Motor Vehicle,2,Rain,Wet,Dark-Lighted
2020-07-30T20:22:00.000,I 85,I 85 and Indian Trl Lilburn Rd,,Rear End,2,Clear,Dry,Dark-Lighted
2020-05-29T17:08:00.000,I 85,I 85 and Indian Trl Lilburn Rd,,Rear End,2,Clear,Dry,Daylight
2020-07-19T19:29:00.000,I 85,I 85 and Indian Trl Lilburn Rd,,Not a Collision with Motor Vehicle,2,Clear,Dry,Daylight
2020-12-09T18:20:00.000,I 85,I 85 and Indian Trl Lilburn Rd,,Angle Crash,2,Clear,Dry,Dark-Lighted
2020-08-19T22:18:00.000,I 85,I 85 and Indian Trl Lilburn Rd,,(None),2,(None),(None),(None)
2021-11-24T20:35:00.000,I 85,I 85 and Indian Trl Lilburn Rd,,Angle Crash,3,Clear,Dry,Dark-Lighted
2021-07-17T14:47:00.000,I 85,I 85 and Indian Trl Lilburn Rd,,Rear End,2,Cloudy,Wet,Daylight
2021-08-06T05:45:00.000,I 85,I 85 and Indian Trl Lilburn Rd,,Sideswipe-Same Direction,2,Clear,Dry,Daylight
2022-05-28T15:00:00.000,I 85,I 85 and Indian Trl Lilburn Rd,,Rear End,2,Clear,Dry,Daylight
2021-06-15T06:45:00.000,I 85,I 85 and Indian Trl,,Rear End,2,Clear,Dry,Daylight
2021-06-28T07:30:00.000,I 85,I 85 and Indian Trl,,Sideswipe-Same Direction,2,Clear,Dry,Daylight
2021-07-23T12:20:00.000,I 85,I 85 and Indian Trl,,Rear End,2,Clear,Dry,Daylight
2021-05-18T08:36:00.000,I 85,I 85 and Indian Trl,,Sideswipe-Same Direction,2,Clear,Dry,Daylight
2021-11-12T09:01:00.000,I 85,I 85 and Indian Trl,,Angle Crash,2,Clear,Dry,Daylight
2021-11-15T18:47:00.000,I 85,I 85 and Indian Trl,,Rear End,3,Clear,Dry,Dark-Lighted
2021-09-24T16:00:00.000,I 85,I 85 and Indian Trl,,Rear End,2,Cloudy,Dry,Daylight
2021-11-16T09:15:00.000,I 85,I 85 and Indian Trl,,Rear End,4,Cloudy,Dry,Daylight
2021-04-10T14:35:00.000,I 85,I 85 and Indian Trl,,Rear End,2,Rain,Wet,Daylight
2021-01-16T04:01:00.000,I 85,I 85 and Indian Trl,,Not a Collision with Motor Vehicle,1,Clear,Dry,Dark-Lighted
2021-12-21T18:40:00.000,I 85,I 85 and Indian Trl,,Rear End,2,Rain,Wet,Dark-Lighted
2021-07-29T12:00:00.000,I 85,I 85 and Indian Trl,,Rear End,2,Clear,Dry,Daylight
2021-03-25T07:00:00.000,I 85,I 85 and Indian Trl,,Rear End,2,Rain,Wet,Daylight
2021-04-09T11:23:00.000,I 85,I 85 and Indian Trl,,Rear End,2,Clear,Dry,Daylight
2020-08-14T23:29:00.000,I 85,I 85 and Indian Trl,,Sideswipe-Same Direction,2,Clear,Dry,Dark-Lighted
2023-09-15T12:45:00.000,I 85,I 85 and Indian Trl,,Sideswipe-Same Direction,2,Cloudy,Wet,Daylight
2023-11-22T14:14:00.000,I 85,I 85 and Indian Trl,,Rear End,2,Cloudy,Dry,Daylight
2023-04-04T17:30:00.000,I 85,I 85 and Indian Trl,,Rear End,4,Cloudy,Dry,Daylight
2023-06-22T07:50:00.000,I 85,I 85 and Indian Trl,,Rear End,2,Rain,Wet,Daylight
2023-12-30T03:26:00.000,I 85,I 85 and Indian Trl,,Not a Collision with Motor Vehicle,1,Clear,Dry,Dark-Lighted
2023-10-27T17:35:00.000,I 85,I 85 and Indian Trl,,Rear End,2,Cloudy,Dry,Daylight
2023-08-16T17:55:00.000,I 85,I 85 and Indian Trl,,Rear End,2,Cloudy,Dry,Daylight
2023-08-31T18:15:00.000,I 85,I 85 and Indian Trl,,Sideswipe-Same Direction,2,Clear,Dry,Daylight
2023-03-27T13:15:00.000,I 85,I 85 and Indian Trl,,Rear End,2,Clear,Dry,Daylight
2023-08-03T09:13:00.000,I 85,I 85 and Indian Trl,,Rear End,2,Clear,Dry,Daylight
2023-12-08T06:15:00.000,I 85,I 85 and Indian Trl,,Sideswipe-Same Direction,2,Cloudy,Dry,Dark-Lighted
2023-12-22T17:30:00.000,I 85,I 85 and Indian Trl,,Rear End,3,Cloudy,Dry,Daylight
2022-08-18T08:30:00.000,I 85,I 85 and Indian Trl,,Not a Collision with Motor Vehicle,2,Clear,Dry,Daylight
2022-03-10T08:35:00.000,I 85,I 85 and Indian Trl,,Sideswipe-Same Direction,2,Clear,Dry,Daylight
2023-05-05T13:40:00.000,I 85,I 85 and Indian Trl,,Sideswipe-Same Direction,2,Rain,Wet,Daylight
2023-10-01T20:45:00.000,I 85,I 85 and Indian Trl,,Sideswipe-Same Direction,2,Clear,Dry,Dark-Not Lighted
2020-01-17T10:23:00.000,I 85,I 85 and Indian Trl,,Rear End,2,Cloudy,Dry,Daylight
2020-11-04T11:00:00.000,I 85,I 85 and Indian Trl,,Rear End,2,Clear,Dry,Daylight
2020-08-15T23:35:00.000,I 85,I 85 and Indian Trl,,Sideswipe-Same Direction,3,Clear,Dry,Dark-Lighted
2020-01-02T13:47:00.000,I 85,I 85 and Indian Trl,,Sideswipe-Same Direction,2,Rain,Wet,Daylight
2020-02-13T22:25:00.000,I 85,I 85 and Indian Trl,,Rear End,2,Clear,Dry,Dark-Not Lighted
2020-12-19T00:11:00.000,I 85,I 85 and Indian Trl,,Not a Collision with Motor Vehicle,1,Cloudy,Dry,Dark-Lighted
2020-08-27T21:40:00.000,I 85,I 85 and Indian Trl,,Rear End,2,Clear,Dry,Dark-Lighted
2020-11-12T00:23:00.000,I 85,I 85 and Indian Trl,,Rear End,2,Cloudy,Dry,Dark-Not Lighted
2020-04-17T18:24:00.000,I 85,I 85 and Indian Trl,,(None),2,(None),(None),(None)
2020-05-22T13:42:00.000,I 85,I 85 and Indian Trl,,Rear End,4,Clear,Dry,Daylight
2020-12-22T16:52:00.000,I 85,I 85 and Indian Trl,,Rear End,2,Clear,Dry,Daylight
2020-11-04T08:00:00.000,I 85,I 85 and Indian Trl,,Not a Collision with Motor Vehicle,2,Clear,Dry,Daylight
2020-11-04T11:29:00.000,I 85,I 85 and Indian Trl,,Sideswipe-Same Direction,2,Clear,Dry,Daylight
2020-10-06T06:20:00.000,I 85,I 85 and Indian Trl,,Rear End,3,Clear,Dry,Dark-Not Lighted
2021-02-16T11:00:00.000,I 85,I 85 and Indian Trl,,Not a Collision with Motor Vehicle,2,Clear,Dry,Daylight
2021-05-25T06:30:00.000,I 85,I 85 and Indian Trl,,Rear End,2,Clear,Dry,Daylight
2021-08-14T16:25:00.000,I 85,I 85 and Indian Trl,,Sideswipe-Same Direction,2,Cloudy,Dry,Daylight
2021-07-01T11:00:00.000,I 85,I 85 and Indian Trl,,Not a Collision with Motor Vehicle,1,Clear,Dry,Daylight
2022-02-22T13:00:00.000,I 85,I 85 and Indian Trl,,Sideswipe-Same Direction,3,Cloudy,Dry,Daylight
2021-09-14T11:50:00.000,I 85,I 85 and Indian Trl,,Rear End,4,Clear,Dry,Daylight
2022-06-05T13:30:00.000,I 85,I 85 and Indian Trl,,Rear End,2,Clear,Dry,Daylight
2022-01-10T19:15:00.000,I 85,I 85 and Indian Trl,,Rear End,2,Cloudy,Dry,Dark-Lighted
2022-04-28T13:50:00.000,I 85,I 85 and Indian Trl,,Sideswipe-Same Direction,2,Cloudy,Dry,Daylight
2022-12-21T15:33:00.000,I 85,I 85 and Indian Trl,,Rear End,2,Cloudy,Dry,Daylight
2022-12-15T16:55:00.000,I 85,I 85 and Indian Trl,,Rear End,2,Clear,Dry,Daylight
2022-09-22T15:44:00.000,I 85,I 85 and Indian Trl,,Sideswipe-Same Direction,2,Clear,Dry,Daylight
2022-10-10T18:17:00.000,I 85,I 85 and Indian Trl,,Rear End,2,Clear,Dry,Daylight
2021-07-27T12:39:00.000,I 85,I 85 and Indian Trl,,Rear End,2,Clear,Dry,Daylight
2021-08-25T06:45:00.000,I 85,I 85 and Indian Trl,,Rear End,3,Clear,Dry,Dawn
2022-03-21T08:15:00.000,I 85,I 85 and Indian Trl,,Rear End,2,Cloudy,Dry,Daylight
2022-05-16T08:10:00.000,I 85,I 85 and Indian Trl,,Rear End,2,Cloudy,Dry,Daylight
2022-02-08T19:08:00.000,I 85,I 85 and Indian Trl,,Angle Crash,2,Clear,Dry,Dark-Lighted
2022-03-28T08:15:00.000,I 85,I 85 and Indian Trl,,Rear End,2,Cloudy,Dry,Daylight
2022-10-27T14:35:00.000,I 85,I 85 and Indian Trl,,Rear End,2,Cloudy,Dry,Daylight
2022-09-30T20:50:00.000,I 85,I 85 and Indian Trl,,Angle Crash,2,Cloudy,Dry,Dark-Lighted
2022-10-21T17:50:00.000,I 85,I 85 and Indian Trl,,Rear End,3,Cloudy,Dry,Daylight
2022-04-08T15:43:00.000,I 85,I 85 and Indian Trl,,Sideswipe-Same Direction,2,Clear,Dry,Daylight
2022-06-15T14:57:00.000,I 85,I 85 and Indian Trl,,Sideswipe-Same Direction,2,Clear,Dry,Daylight
2022-12-12T18:45:00.000,I 85,I 85 and Indian Trl,,Rear End,2,Cloudy,Dry,Dark-Lighted
2022-10-13T11:30:00.000,I 85,I 85 and Indian Trl,,Rear End,2,Clear,Wet,Daylight
2022-04-19T09:25:00.000,I 85,I 85 and Indian Trl,,Sideswipe-Same Direction,2,Clear,Dry,Daylight
2022-01-14T06:11:00.000,I 85,I 85 and Indian Trl,,Sideswipe-Same Direction,2,Clear,Dry,Dark-Lighted
2022-09-08T20:00:00.000,I 85,I 85 and Indian Trl,,Sideswipe-Same Direction,2,Clear,Dry,Dark-Lighted
2022-06-17T13:00:00.000,I 85,I 85 and Indian Trl,,Rear End,2,Cloudy,Dry,Daylight
2022-04-28T16:50:00.000,I 85,I 85 and Indian Trl,,Rear End,2,Cloudy,Dry,Daylight
2022-10-18T07:50:00.000,I 85,I 85 and Indian Trl,,Rear End,3,Cloudy,Dry,Daylight
2022-09-25T14:59:00.000,I 85,I 85 and Indian Trl,,Rear End,2,Clear,Dry,Daylight
2022-06-02T15:50:00.000,I 85,I 85 and Indian Trl,,Rear End,2,Cloudy,Dry,Daylight
2022-06-29T22:20:00.000,I 85,I 85 and Indian Trl,,Sideswipe-Same Direction,2,Rain,Wet,Dark-Lighted
2022-12-08T16:00:00.000,I 85,I 85 and Indian Trl,,Rear End,2,Cloudy,Dry,Daylight
2022-07-12T11:30:00.000,I 85,I 85 and Indian Trl,,Not a Collision with Motor Vehicle,2,Cloudy,Dry,Daylight
2023-02-27T15:21:00.000,I 85,I 85 and Indian Trl,,Rear End,2,Rain,Dry,Daylight
2023-10-17T11:43:00.000,I 85,I 85 and Indian Trl,,Rear End,2,Clear,Dry,Daylight
2023-01-10T09:20:00.000,I 85,I 85 and Indian Trl,,Rear End,2,Cloudy,Dry,Daylight
2023-10-03T15:50:00.000,I 85,I 85 and Indian Trl,,Rear End,2,Cloudy,Dry,Daylight
2023-09-21T11:15:00.000,I 85,I 85 and Indian Trl,,Rear End,3,Clear,Dry,Daylight
2024-04-30T11:48:00.000,I 85,I 85 and Indian Trl,,Sideswipe-Same Direction,2,Cloudy,Wet,Daylight
2024-03-01T16:50:00.000,I 85,I 85 and Indian Trl,,Rear End,3,Rain,Wet,Daylight
2024-05-29T19:00:00.000,I 85,I 85 and Indian Trl,,Sideswipe-Same Direction,2,Clear,Dry,Daylight
2024-02-23T09:12:00.000,I 85,I 85 and Indian Trl,,Rear End,2,Cloudy,Wet,Daylight
2023-08-18T07:00:00.000,I 85,I 85 and Indian Trl,,Sideswipe-Same Direction,2,Clear,Dry,Dawn
2023-08-04T06:43:00.000,I 85,I 85 and Indian Trl,,Angle Crash,2,Clear,Dry,Daylight
2023-02-17T15:10:00.000,I 85,I 85 and Indian Trl,,Sideswipe-Same Direction,2,Cloudy,Dry,Daylight
2024-06-11T16:32:00.000,I 85,I 85 and Indian Trl,,Rear End,2,Clear,Dry,Daylight
2023-09-27T16:30:00.000,I 85,I 85 and Indian Trl,,Rear End,2,Cloudy,Dry,Daylight
2023-11-30T15:00:00.000,I 85,I 85 and Indian Trl,,Rear End,2,Clear,Dry,Daylight
2023-10-19T11:30:00.000,I 85,I 85 and Indian Trl,,Rear End,2,Clear,Dry,Daylight
2023-10-21T14:30:00.000,I 85,I 85 and Indian Trl,,Sideswipe-Same Direction,2,Clear,Dry,Daylight
2023-12-15T18:39:00.000,I 85,I 85 and Indian Trl,,Rear End,2,Clear,Dry,Dark-Not Lighted
2023-12-22T17:30:00.000,I 85,I 85 and Indian Trl,,Rear End,3,Cloudy,Dry,Daylight
2023-01-10T10:40:00.000,I 85,I 85 and Indian Trl,,Rear End,3,Cloudy,Dry,Daylight
2023-10-19T12:00:00.000,I 85,I 85 and Indian Trl,,Rear End,2,Clear,Dry,Daylight
2023-04-13T13:40:00.000,I 85,I 85 and Indian Trl,,Rear End,2,Rain,Wet,Daylight
2023-10-16T11:41:00.000,I 85,I 85 and Indian Trl,,Sideswipe-Same Direction,2,Cloudy,Dry,Daylight
2024-08-13T23:15:00.000,I 85,I 85 and Indian Trl,,Rear End,2,Clear,Dry,Dark-Lighted
2024-10-23T08:17:00.000,I 85,I 85 and Indian Trl,,Rear End,2,Clear,Dry,Daylight
2024-04-05T10:35:00.000,I 85,I 85 and Indian Trl,,Sideswipe-Same Direction,2,Clear,Dry,Daylight
2024-03-01T16:55:00.000,I 85,I 85 and Indian Trl,,Sideswipe-Same Direction,2,Rain,Wet,Daylight
2024-01-15T14:40:00.000,I 85,I 85 and Indian Trl,,Rear End,4,Clear,Dry,Daylight
2024-03-01T13:50:00.000,I 85,I 85 and Indian Trl,,Rear End,2,Rain,Wet,Daylight
2024-12-25T00:42:00.000,I 85,I 85 and Indian Trl,,Sideswipe-Same Direction,2,Clear,Dry,Dark-Lighted
2024-09-05T22:08:00.000,I 85,I 85 and Indian Trl,,Sideswipe-Same Direction,2,Clear,Dry,Dark-Not Lighted
2024-02-14T22:12:00.000,I 85,I 85 and Indian Trl,,Rear End,2,Cloudy,Dry,Dark-Lighted
2024-02-23T11:56:00.000,I 85,I 85 and Indian Trl,,Rear End,2,Cloudy,Dry,Daylight
2024-01-26T11:22:00.000,I 85,I 85 and Indian Trl,,Not a Collision with Motor Vehicle,1,Cloudy,Dry,Daylight
2024-02-05T14:45:00.000,I 85,I 85 and Indian Trl,,Rear End,2,Clear,Dry,Daylight
2024-02-06T14:15:00.000,I 85,I 85 and Indian Trl,,Rear End,2,Cloudy,Dry,Daylight
2024-11-04T10:15:00.000,I 85,I 85 and Indian Trl,,Rear End,2,Cloudy,Dry,Daylight
2024-03-31T10:51:00.000,I 85,I 85 and Indian Trl,,Rear End,2,Clear,Dry,Daylight
2024-09-21T10:38:00.000,I 85,I 85 and Indian Trl,,Angle Crash,2,Clear,Dry,Daylight
2024-09-26T16:30:00.000,I 85,I 85 and Indian Trl,,Rear End,2,Rain,Wet,Daylight
2024-08-22T20:21:00.000,I 85,I 85 and Indian Trial Rd,,Rear End,2,Clear,Dry,Dark-Lighted
2024-06-18T20:19:00.000,I 85,I 85 and Indian Trial Lilburn Rd On Rp,,Rear End,3,Clear,Dry,Dark-Lighted
2021-05-15T14:40:00.000,I 85,I 85 and Indian Trial Lilburn Rd,,Rear End,2,Clear,Dry,Daylight
2023-04-08T14:04:00.000,I 85,I 85 and Indian Trial Lilburn Rd,,Sideswipe-Same Direction,2,Rain,Wet,Daylight
2020-05-22T16:58:00.000,I 85,I 85 and Indian Trial Lilburn Rd,,Rear End,2,Clear,Dry,Daylight
2022-03-03T20:45:00.000,I 85,I 85 and Indian Trial Lilburn Rd,,Sideswipe-Same Direction,2,Clear,Dry,Dark-Lighted
2022-02-25T19:07:00.000,I 85,I 85 and Indian Trial Lilburn Rd,,Sideswipe-Same Direction,2,Clear,Dry,Dark-Lighted
2024-12-30T11:03:00.000,I 85,I 85 and Indian Trial Lilburn Rd,,Sideswipe-Same Direction,2,Clear,Dry,Daylight
2024-06-14T14:57:00.000,I 85,I 85 and Indian Trial Lilburn Rd,,Rear End,2,Clear,Dry,Daylight
2024-12-17T13:31:00.000,I 85,I 85 and Indian Trial Lilburn Rd,,Rear End,2,Clear,Dry,Daylight
2024-05-01T15:24:00.000,I 85,I 85 and Indian Trial Lilburn Rd,,Rear End,2,Clear,Dry,Daylight
2020-04-25T17:32:00.000,I 85,I 85 and Indian Trial Lilburn,,Rear End,2,Clear,Dry,Daylight
2024-11-09T19:50:00.000,I 85,I 85 and Indian Trial Blvd,,Sideswipe-Same Direction,2,Clear,Dry,Dark-Not Lighted
2020-10-23T09:35:00.000,I 85,I 85 and Indian Trial,,Rear End,3,Clear,Dry,Daylight
2022-10-07T17:50:00.000,I 85,I 85 and Indian Trial,,Rear End,3,Cloudy,Dry,Daylight
2020-11-22T16:27:00.000,I 85,I 85 and Indian Traul Lilburn Rd,,Rear End,2,Clear,Dry,Daylight
2024-11-03T19:53:00.000,I 85,I 85 and Indian Train Trail Lilburn Rd,,Rear End,2,Clear,Dry,Dark-Not Lighted
2021-11-09T14:20:00.000,I 85,I 85 and Indian Traill Rd,,Sideswipe-Same Direction,3,Clear,Dry,Daylight
2021-03-31T14:35:00.000,I 85,I 85 and Indian Trailililburn Rd,,Rear End,2,Clear,Dry,Daylight
2024-08-02T13:46:00.000,I 85,I 85 and Indian Trail-Lilurn Rd,,Rear End,2,Clear,Dry,Daylight
2024-12-09T18:24:00.000,I 85,I 85 and Indian Trail-Lillburn Rd,,Rear End,2,Rain,Wet,Dark-Lighted
2022-06-20T10:24:00.000,I 85,I 85 and Indian Trail-Lilburn Road Nort,,Sideswipe-Same Direction,2,Cloudy,Dry,Daylight
2020-11-20T00:00:00.000,I 85,I 85 and Indian Trail-Lilburn Rd Overpa,,Rear End,2,Clear,Dry,Daylight
2021-02-22T15:45:00.000,I 85,I 85 and Indian Trail-Lilburn Rd,,Rear End,2,Clear,Dry,Daylight
2021-03-24T07:33:00.000,I 85,I 85 and Indian Trail-Lilburn Rd,,Rear End,3,Clear,Dry,Daylight
2021-01-27T18:08:00.000,I 85,I 85 and Indian Trail-Lilburn Rd,,Sideswipe-Same Direction,2,Cloudy,Wet,Dark-Lighted
2021-06-15T19:19:00.000,I 85,I 85 and Indian Trail-Lilburn Rd,,Sideswipe-Same Direction,2,Clear,Dry,Daylight
2021-05-12T15:44:00.000,I 85,I 85 and Indian Trail-Lilburn Rd,,Rear End,2,Cloudy,Dry,Daylight
2021-07-27T17:00:00.000,I 85,I 85 and Indian Trail-Lilburn Rd,,Rear End,2,Cloudy,Dry,Daylight
2021-12-07T19:40:00.000,I 85,I 85 and Indian Trail-Lilburn Rd,,Rear End,2,Cloudy,Dry,Dark-Lighted
2021-10-01T18:31:00.000,I 85,I 85 and Indian Trail-Lilburn Rd,,Rear End,2,Clear,Dry,Dawn
2021-06-04T17:12:00.000,I 85,I 85 and Indian Trail-Lilburn Rd,,Sideswipe-Same Direction,2,Clear,Dry,Daylight
2021-01-26T08:45:00.000,I 85,I 85 and Indian Trail-Lilburn Rd,,Rear End,2,Clear,Wet,Daylight
2021-03-26T11:38:00.000,I 85,I 85 and Indian Trail-Lilburn Rd,,Rear End,2,Clear,Dry,Daylight
2021-06-10T15:30:00.000,I 85,I 85 and Indian Trail-Lilburn Rd,,Rear End,2,Clear,Dry,Daylight
2021-03-21T01:21:00.000,I 85,I 85 and Indian Trail-Lilburn Rd,,Sideswipe-Same Direction,2,Clear,Dry,Dark-Lighted
2021-02-12T16:35:00.000,I 85,I 85 and Indian Trail-Lilburn Rd,,Rear End,2,Cloudy,Dry,Daylight
2021-12-14T17:58:00.000,I 85,I 85 and Indian Trail-Lilburn Rd,,Sideswipe-Same Direction,2,Clear,Dry,Daylight
2021-08-23T08:42:00.000,I 85,I 85 and Indian Trail-Lilburn Rd,,Rear End,2,Clear,Dry,Daylight
2021-07-21T15:44:00.000,I 85,I 85 and Indian Trail-Lilburn Rd,,Rear End,2,Clear,Dry,Daylight
2021-08-24T19:07:00.000,I 85,I 85 and Indian Trail-Lilburn Rd,,Sideswipe-Same Direction,2,Clear,Dry,Daylight
2021-08-23T07:20:00.000,I 85,I 85 and Indian Trail-Lilburn Rd,,Rear End,2,Clear,Dry,Daylight
2021-10-04T13:18:00.000,I 85,I 85 and Indian Trail-Lilburn Rd,,Rear End,4,Cloudy,Wet,Daylight
2021-08-06T14:20:00.000,I 85,I 85 and Indian Trail-Lilburn Rd,,Sideswipe-Same Direction,2,Clear,Dry,Daylight
2021-09-30T16:28:00.000,I 85,I 85 and Indian Trail-Lilburn Rd,,Rear End,2,Cloudy,Dry,Daylight
2021-01-28T17:20:00.000,I 85,I 85 and Indian Trail-Lilburn Rd,,Rear End,2,Clear,Dry,Daylight
2021-09-01T15:08:00.000,I 85,I 85 and Indian Trail-Lilburn Rd,,Sideswipe-Same Direction,2,Clear,Dry,Daylight
2021-09-01T15:09:00.000,I 85,I 85 and Indian Trail-Lilburn Rd,,Sideswipe-Same Direction,2,Clear,Dry,Daylight
2021-03-16T07:25:00.000,I 85,I 85 and Indian Trail-Lilburn Rd,,Rear End,2,Rain,Wet,Dark-Lighted
2021-05-22T07:52:00.000,I 85,I 85 and Indian Trail-Lilburn Rd,,Not a Collision with Motor Vehicle,1,Clear,Dry,Daylight
2023-06-30T17:24:00.000,I 85,I 85 and Indian Trail-Lilburn Rd,,Not a Collision with Motor Vehicle,1,Cloudy,Dry,Daylight
2023-02-13T16:25:00.000,I 85,I 85 and Indian Trail-Lilburn Rd,,Rear End,2,Cloudy,Dry,Daylight
2023-11-16T06:38:00.000,I 85,I 85 and Indian Trail-Lilburn Rd,,Rear End,2,Cloudy,Dry,Dark-Not Lighted
2023-04-10T20:00:00.000,I 85,I 85 and Indian Trail-Lilburn Rd,,Rear End,2,Clear,Dry,Dark-Lighted
2023-07-03T16:32:00.000,I 85,I 85 and Indian Trail-Lilburn Rd,,Rear End,2,Cloudy,Dry,Daylight
2023-09-08T10:34:00.000,I 85,I 85 and Indian Trail-Lilburn Rd,,Sideswipe-Same Direction,2,Cloudy,Dry,Daylight
2023-01-25T15:13:00.000,I 85,I 85 and Indian Trail-Lilburn Rd,,Sideswipe-Same Direction,2,Cloudy,Dry,Daylight
2023-10-16T11:34:00.000,I 85,I 85 and Indian Trail-Lilburn Rd,,Angle Crash,3,Cloudy,Dry,Daylight
2023-01-09T11:45:00.000,I 85,I 85 and Indian Trail-Lilburn Rd,,Rear End,2,Cloudy,Dry,Daylight
2023-07-21T15:12:00.000,I 85,I 85 and Indian Trail-Lilburn Rd,,Rear End,2,Clear,Dry,Daylight
2023-08-21T09:58:00.000,I 85,I 85 and Indian Trail-Lilburn Rd,,Rear End,2,Clear,Dry,Daylight
2023-08-22T13:21:00.000,I 85,I 85 and Indian Trail-Lilburn Rd,,Rear End,2,Cloudy,Dry,Daylight
2023-02-03T07:35:00.000,I 85,I 85 and Indian Trail-Lilburn Rd,,Rear End,3,Cloudy,Dry,Daylight
2023-03-28T07:34:00.000,I 85,I 85 and Indian Trail-Lilburn Rd,,Rear End,2,Clear,Dry,Daylight