Date and Time,Roadway (From Crash Report),Intersection Name (from Crash Report),KABCO Severity,Manner of Collision (Crash Level) ,# of Vehicles per crash ,Weather Conditions (Crash Level),Surface Condition (Crash Level) ,Light Conditions (Crash Level)
2023-12-19T11:46:00.000,I 85,I 85 and Indian Trail-Lilburn Rd,,Rear End,2,Clear,Dry,Daylight
2023-06-16T10:44:00.000,I 85,I 85 and Indian Trail-Lilburn Rd,,Sideswipe-Same Direction,2,Clear,Dry,Daylight
2023-03-28T09:54:00.000,I 85,I 85 and Indian Trail-Lilburn Rd,,Rear End,2,Clear,Dry,Daylight
2023-05-04T16:50:00.000,I 85,I 85 and Indian Trail-Lilburn Rd,,Rear End,2,Clear,Dry,Daylight
2023-05-19T08:40:00.000,I 85,I 85 and Indian Trail-Lilburn Rd,,Sideswipe-Same Direction,2,Cloudy,Dry,Daylight
2023-06-28T10:00:00.000,I 85,I 85 and Indian Trail-Lilburn Rd,,Rear End,2,Clear,Dry,Daylight
2023-02-16T09:52:00.000,I 85,I 85 and Indian Trail-Lilburn Rd,,Rear End,3,Cloudy,Dry,Daylight
2022-06-17T18:14:00.000,I 85,I 85 and Indian Trail-Lilburn Rd,,Rear End,2,Rain,Wet,Daylight
2020-02-10T18:15:00.000,I 85,I 85 and Indian Trail-Lilburn Rd,,Angle Crash,2,Rain,Wet,Dark-Lighted
2020-01-10T13:40:00.000,I 85,I 85 and Indian Trail-Lilburn Rd,,Sideswipe-Same Direction,2,Clear,Dry,Daylight
2020-10-09T18:26:00.000,I 85,I 85 and Indian Trail-Lilburn Rd,,Sideswipe-Same Direction,2,Rain,Wet,Daylight
2020-10-05T16:45:00.000,I 85,I 85 and Indian Trail-Lilburn Rd,,Rear End,3,Clear,Dry,Daylight
2020-06-10T15:25:00.000,I 85,I 85 and Indian Trail-Lilburn Rd,,Sideswipe-Same Direction,2,Clear,Dry,Daylight
2020-11-14T15:51:00.000,I 85,I 85 and Indian Trail-Lilburn Rd,,Rear End,3,Clear,Dry,Daylight
2020-09-21T06:42:00.000,I 85,I 85 and Indian Trail-Lilburn Rd,,Sideswipe-Same Direction,2,Clear,Dry,Daylight
2020-02-18T08:14:00.000,I 85,I 85 and Indian Trail-Lilburn Rd,,Rear End,2,Rain,Wet,Daylight
2020-12-08T10:13:00.000,I 85,I 85 and Indian Trail-Lilburn Rd,,Rear End,2,Clear,Dry,Daylight
2020-11-01T20:35:00.000,I 85,I 85 and Indian Trail-Lilburn Rd,,Rear End,2,Clear,Dry,Dark-Lighted
2020-12-08T10:13:00.000,I 85,I 85 and Indian Trail-Lilburn Rd,,Rear End,2,Clear,Dry,Daylight
2020-11-03T17:06:00.000,I 85,I 85 and Indian Trail-Lilburn Rd,,Rear End,2,Clear,Dry,Daylight
2020-02-17T10:01:00.000,I 85,I 85 and Indian Trail-Lilburn Rd,,Rear End,3,Cloudy,Dry,Daylight
2020-05-15T19:27:00.000,I 85,I 85 and Indian Trail-Lilburn Rd,,Not a Collision with Motor Vehicle,2,Clear,Dry,Daylight
2020-09-17T18:30:00.000,I 85,I 85 and Indian Trail-Lilburn Rd,,Rear End,2,Clear,Wet,Daylight
2020-09-18T11:31:00.000,I 85,I 85 and Indian Trail-Lilburn Rd,,Sideswipe-Same Direction,2,Clear,Dry,Daylight
2020-09-01T17:45:00.000,I 85,I 85 and Indian Trail-Lilburn Rd,,Rear End,2,Clear,Dry,Daylight
2020-08-14T08:19:00.000,I 85,I 85 and Indian Trail-Lilburn Rd,,Rear End,2,Cloudy,Dry,Daylight
2020-07-31T15:38:00.000,I 85,I 85 and Indian Trail-Lilburn Rd,,Rear End,2,Clear,Dry,Daylight
2020-10-06T19:37:00.000,I 85,I 85 and Indian Trail-Lilburn Rd,,Sideswipe-Same Direction,2,Clear,Dry,Dark-Lighted
2020-02-06T17:40:00.000,I 85,I 85 and Indian Trail-Lilburn Rd,,Rear End,2,Rain,Wet,Daylight
2020-09-01T17:45:00.000,I 85,I 85 and Indian Trail-Lilburn Rd,,Rear End,2,Clear,Dry,Daylight
2020-08-14T17:54:00.000,I 85,I 85 and Indian Trail-Lilburn Rd,,Rear End,2,Clear,Dry,Daylight
2020-05-12T16:42:00.000,I 85,I 85 and Indian Trail-Lilburn Rd,,Rear End,2,Clear,Dry,Daylight
2020-09-21T15:45:00.000,I 85,I 85 and Indian Trail-Lilburn Rd,,Rear End,2,Clear,Dry,Daylight
2020-07-14T10:30:00.000,I 85,I 85 and Indian Trail-Lilburn Rd,,Rear End,2,Clear,Dry,Daylight
2020-07-17T14:18:00.000,I 85,I 85 and Indian Trail-Lilburn Rd,,Not a Collision with Motor Vehicle,2,Clear,Dry,Daylight
2020-03-05T19:48:00.000,I 85,I 85 and Indian Trail-Lilburn Rd,,Sideswipe-Same Direction,2,Clear,Dry,Dark-Lighted
2020-10-20T19:55:00.000,I 85,I 85 and Indian Trail-Lilburn Rd,,Sideswipe-Same Direction,3,Clear,Dry,Dark-Lighted
2020-11-30T17:55:00.000,I 85,I 85 and Indian Trail-Lilburn Rd,,Rear End,2,Clear,Dry,Dark-Lighted
2020-02-20T05:58:00.000,I 85,I 85 and Indian Trail-Lilburn Rd,,Rear End,3,Rain,Wet,Daylight
2020-01-13T15:24:00.000,I 85,I 85 and Indian Trail-Lilburn Rd,,Rear End,2,Cloudy,Wet,Daylight
2020-01-06T15:28:00.000,I 85,I 85 and Indian Trail-Lilburn Rd,,Rear End,2,Clear,Dry,Daylight
2020-12-18T16:20:00.000,I 85,I 85 and Indian Trail-Lilburn Rd,,Rear End,2,Clear,Dry,Daylight
2020-10-31T18:55:00.000,I 85,I 85 and Indian Trail-Lilburn Rd,,Rear End,2,Clear,Dry,Dark-Lighted
2020-11-02T16:27:00.000,I 85,I 85 and Indian Trail-Lilburn Rd,,Not a Collision with Motor Vehicle,1,Clear,Dry,Daylight
2020-10-08T17:46:00.000,I 85,I 85 and Indian Trail-Lilburn Rd,,Sideswipe-Same Direction,2,Clear,Dry,Daylight
2020-02-11T16:44:00.000,I 85,I 85 and Indian Trail-Lilburn Rd,,Rear End,3,Cloudy,Dry,Daylight
2020-07-28T09:10:00.000,I 85,I 85 and Indian Trail-Lilburn Rd,,Rear End,2,Clear,Dry,Daylight
2020-08-10T17:23:00.000,I 85,I 85 and Indian Trail-Lilburn Rd,,Rear End,2,Clear,Dry,Daylight
2020-04-15T17:55:00.000,I 85,I 85 and Indian Trail-Lilburn Rd,,Sideswipe-Same Direction,2,Clear,Dry,Daylight
2020-11-25T12:54:00.000,I 85,I 85 and Indian Trail-Lilburn Rd,,Rear End,2,Cloudy,Dry,Daylight
2020-12-14T18:02:00.000,I 85,I 85 and Indian Trail-Lilburn Rd,,Rear End,3,Clear,Dry,Daylight
2021-01-23T14:44:00.000,I 85,I 85 and Indian Trail-Lilburn Rd,,Sideswipe-Same Direction,2,Clear,Dry,Dusk
2021-03-05T11:45:00.000,I 85,I 85 and Indian Trail-Lilburn Rd,,Rear End,2,Clear,Dry,Daylight
2021-05-15T19:20:00.000,I 85,I 85 and Indian Trail-Lilburn Rd,,Rear End,2,Clear,Dry,Daylight
2021-06-07T14:32:00.000,I 85,I 85 and Indian Trail-Lilburn Rd,,Rear End,2,Clear,Dry,Daylight
2021-03-26T09:26:00.000,I 85,I 85 and Indian Trail-Lilburn Rd,,Rear End,2,Cloudy,Wet,Daylight
2021-03-26T11:37:00.000,I 85,I 85 and Indian Trail-Lilburn Rd,,Rear End,3,Cloudy,Dry,Daylight
2021-04-21T18:04:00.000,I 85,I 85 and Indian Trail-Lilburn Rd,,Rear End,2,Clear,Dry,Daylight
2021-06-17T15:16:00.000,I 85,I 85 and Indian Trail-Lilburn Rd,,Rear End,2,Clear,Dry,Daylight
2021-09-01T15:12:00.000,I 85,I 85 and Indian Trail-Lilburn Rd,,Sideswipe-Same Direction,2,Clear,Dry,Daylight
2021-10-21T15:25:00.000,I 85,I 85 and Indian Trail-Lilburn Rd,,Rear End,2,Cloudy,Dry,Daylight
2021-10-18T19:31:00.000,I 85,I 85 and Indian Trail-Lilburn Rd,,Sideswipe-Same Direction,2,Clear,Dry,Dark-Lighted
2021-09-01T15:11:00.000,I 85,I 85 and Indian Trail-Lilburn Rd,,Sideswipe-Same Direction,2,Clear,Dry,Daylight
2021-07-26T18:01:00.000,I 85,I 85 and Indian Trail-Lilburn Rd,,Rear End,2,Clear,Dry,Daylight
2021-09-23T15:21:00.000,I 85,I 85 and Indian Trail-Lilburn Rd,,Sideswipe-Same Direction,2,Clear,Dry,Daylight
2021-09-08T16:33:00.000,I 85,I 85 and Indian Trail-Lilburn Rd,,Rear End,2,Clear,Dry,Daylight
2021-08-24T14:30:00.000,I 85,I 85 and Indian Trail-Lilburn Rd,,Rear End,2,Clear,Dry,Daylight
2022-08-08T15:08:00.000,I 85,I 85 and Indian Trail-Lilburn Rd,,Not a Collision with Motor Vehicle,2,Clear,Dry,Daylight
2022-04-19T15:57:00.000,I 85,I 85 and Indian Trail-Lilburn Rd,,Sideswipe-Same Direction,4,Clear,Dry,Daylight
2022-08-19T08:54:00.000,I 85,I 85 and Indian Trail-Lilburn Rd,,Rear End,2,Cloudy,Dry,Daylight
2022-10-11T12:06:00.000,I 85,I 85 and Indian Trail-Lilburn Rd,,Angle Crash,4,Cloudy,Dry,Daylight
2022-09-12T11:48:00.000,I 85,I 85 and Indian Trail-Lilburn Rd,,Rear End,2,Cloudy,Dry,Daylight
2022-03-22T05:36:00.000,I 85,I 85 and Indian Trail-Lilburn Rd,,Not a Collision with Motor Vehicle,1,Clear,Dry,Dark-Lighted
2022-09-12T06:36:00.000,I 85,I 85 and Indian Trail-Lilburn Rd,,Sideswipe-Same Direction,2,Cloudy,Dry,Dark-Lighted
2022-10-27T07:40:00.000,I 85,I 85 and Indian Trail-Lilburn Rd,,Sideswipe-Same Direction,2,Cloudy,Dry,Dawn
2022-02-03T06:51:00.000,I 85,I 85 and Indian Trail-Lilburn Rd,,Rear End,2,Rain,Wet,Daylight
2022-06-17T08:55:00.000,I 85,I 85 and Indian Trail-Lilburn Rd,,Rear End,2,Clear,Dry,Daylight
2022-08-15T11:22:00.000,I 85,I 85 and Indian Trail-Lilburn Rd,,Rear End,2,Clear,Dry,Daylight
2022-04-26T17:30:00.000,I 85,I 85 and Indian Trail-Lilburn Rd,,Sideswipe-Same Direction,3,Clear,Dry,Daylight
2022-06-04T12:14:00.000,I 85,I 85 and Indian Trail-Lilburn Rd,,Angle Crash,2,Clear,Dry,Daylight
2021-12-29T13:52:00.000,I 85,I 85 and Indian Trail-Lilburn Rd,,Rear End,2,Cloudy,Wet,Daylight
2022-01-20T16:23:00.000,I 85,I 85 and Indian Trail-Lilburn Rd,,Rear End,2,Cloudy,Wet,Daylight
2022-06-18T08:50:00.000,I 85,I 85 and Indian Trail-Lilburn Rd,,Sideswipe-Same Direction,2,Clear,Dry,Daylight
2022-10-06T19:17:00.000,I 85,I 85 and Indian Trail-Lilburn Rd,,Not a Collision with Motor Vehicle,1,Cloudy,Dry,Dusk
2022-02-09T18:50:00.000,I 85,I 85 and Indian Trail-Lilburn Rd,,Rear End,2,Clear,Dry,Dark-Lighted
2022-10-22T14:30:00.000,I 85,I 85 and Indian Trail-Lilburn Rd,,Rear End,2,Clear,Dry,Daylight
2022-02-04T15:27:00.000,I 85,I 85 and Indian Trail-Lilburn Rd,,Rear End,3,Cloudy,Wet,Daylight
2022-08-04T15:25:00.000,I 85,I 85 and Indian Trail-Lilburn Rd,,Rear End,2,Cloudy,Dry,Daylight
2022-06-09T18:23:00.000,I 85,I 85 and Indian Trail-Lilburn Rd,,Rear End,2,Clear,Dry,Daylight
2022-02-10T15:34:00.000,I 85,I 85 and Indian Trail-Lilburn Rd,,Sideswipe-Same Direction,2,Clear,Dry,Daylight
2022-12-07T09:34:00.000,I 85,I 85 and Indian Trail-Lilburn Rd,,Sideswipe-Same Direction,2,Cloudy,Dry,Daylight
2022-02-24T12:40:00.000,I 85,I 85 and Indian Trail-Lilburn Rd,,Sideswipe-Same Direction,2,Clear,Dry,Daylight
2022-03-01T16:24:00.000,I 85,I 85 and Indian Trail-Lilburn Rd,,Rear End,3,Cloudy,Dry,Daylight
2022-10-03T12:05:00.000,I 85,I 85 and Indian Trail-Lilburn Rd,,Not a Collision with Motor Vehicle,1,Cloudy,Dry,Daylight
2022-03-08T14:10:00.000,I 85,I 85 and Indian Trail-Lilburn Rd,,Rear End,2,Rain,Wet,Daylight
2022-07-14T16:50:00.000,I 85,I 85 and Indian Trail-Lilburn Rd,,Not a Collision with Motor Vehicle,2,Clear,Dry,Daylight
2022-09-29T15:25:00.000,I 85,I 85 and Indian Trail-Lilburn Rd,,Rear End,3,Clear,Dry,Daylight
2022-12-02T08:28:00.000,I 85,I 85 and Indian Trail-Lilburn Rd,,Rear End,2,Clear,Dry,Daylight
2022-10-07T08:35:00.000,I 85,I 85 and Indian Trail-Lilburn Rd,,Rear End,3,Cloudy,Dry,Daylight
2022-12-05T17:01:00.000,I 85,I 85 and Indian Trail-Lilburn Rd,,Sideswipe-Same Direction,2,Rain,Wet,Daylight
2022-10-20T16:07:00.000,I 85,I 85 and Indian Trail-Lilburn Rd,,Sideswipe-Same Direction,2,Cloudy,Dry,Daylight
2022-08-19T18:35:00.000,I 85,I 85 and Indian Trail-Lilburn Rd,,Rear End,2,Clear,Dry,Daylight
2022-09-10T12:14:00.000,I 85,I 85 and Indian Trail-Lilburn Rd,,Rear End,2,Cloudy,Dry,Daylight
2022-04-26T17:27:00.000,I 85,I 85 and Indian Trail-Lilburn Rd,,Sideswipe-Same Direction,2,Clear,Dry,Daylight
2023-06-06T15:08:00.000,I 85,I 85 and Indian Trail-Lilburn Rd,,Rear End,2,Clear,Dry,Daylight
2024-11-26T06:38:00.000,I 85,I 85 and Indian Trail-Lilburn Rd,,Rear End,2,Clear,Wet,Dark-Lighted
2024-11-13T15:21:00.000,I 85,I 85 and Indian Trail-Lilburn Rd,,Sideswipe-Same Direction,2,Clear,Dry,Daylight
2024-11-21T16:59:00.000,I 85,I 85 and Indian Trail-Lilburn Rd,,Rear End,2,Clear,Dry,Daylight
2024-04-15T17:16:00.000,I 85,I 85 and Indian Trail-Lilburn Rd,,Rear End,3,Cloudy,Dry,Daylight
2024-01-18T19:20:00.000,I 85,I 85 and Indian Trail-Lilburn Rd,,Rear End,2,Cloudy,Dry,Dark-Lighted
2024-08-12T16:00:00.000,I 85,I 85 and Indian Trail-Lilburn Rd,,Rear End,2,Clear,Dry,Daylight
2024-11-13T11:15:00.000,I 85,I 85 and Indian Trail-Lilburn Rd,,Rear End,2,Clear,Dry,Daylight
2024-02-12T13:59:00.000,I 85,I 85 and Indian Trail-Lilburn Rd,,Rear End,3,Rain,Wet,Daylight
2024-02-26T06:07:00.000,I 85,I 85 and Indian Trail-Lilburn Rd,,Sideswipe-Same Direction,2,Clear,Dry,Dark-Lighted
2024-09-03T15:41:00.000,I 85,I 85 and Indian Trail-Lilburn Rd,,Rear End,2,Clear,Dry,Daylight
2024-09-13T12:19:00.000,I 85,I 85 and Indian Trail-Lilburn Rd,,Sideswipe-Same Direction,2,Cloudy,Dry,Daylight
2024-03-01T08:37:00.000,I 85,I 85 and Indian Trail-Lilburn Rd,,Rear End,2,Rain,Wet,Daylight
2023-09-18T11:29:00.000,I 85,I 85 and Indian Trail-Lilburn Rd,,Rear End,2,Clear,Dry,Daylight
2023-02-09T06:12:00.000,I 85,I 85 and Indian Trail-Lilburn Rd,,Sideswipe-Same Direction,2,Cloudy,Dry,Dark-Lighted
2024-11-03T20:01:00.000,I 85,I 85 and Indian Trail-Lilburn Rd,,Rear End,2,Cloudy,Dry,Dusk
2023-03-27T07:48:00.000,I 85,I 85 and Indian Trail-Lilburn Rd,,Sideswipe-Same Direction,2,Rain,Wet,Daylight
2023-02-07T09:21:00.000,I 85,I 85 and Indian Trail-Lilburn Rd,,Rear End,2,Clear,Dry,Daylight
2023-01-30T17:25:00.000,I 85,I 85 and Indian Trail-Lilburn Rd,,Sideswipe-Same Direction,2,Cloudy,Dry,Daylight
2023-10-04T19:07:00.000,I 85,I 85 and Indian Trail-Lilburn Rd,,Sideswipe-Same Direction,2,Clear,Dry,Dusk
2023-08-10T14:22:00.000,I 85,I 85 and Indian Trail-Lilburn Rd,,Sideswipe-Same Direction,2,Clear,Dry,Daylight
2023-04-28T14:24:00.000,I 85,I 85 and Indian Trail-Lilburn Rd,,Rear End,3,Clear,Dry,Daylight
2023-06-05T16:05:00.000,I 85,I 85 and Indian Trail-Lilburn Rd,,Sideswipe-Same Direction,2,Clear,Dry,Daylight
2023-11-10T19:08:00.000,I 85,I 85 and Indian Trail-Lilburn Rd,,Rear End,2,Clear,Wet,Dark-Lighted
2023-01-25T07:29:00.000,I 85,I 85 and Indian Trail-Lilburn Rd,,Angle Crash,2,Rain,Wet,Dark-Lighted
2023-08-18T13:29:00.000,I 85,I 85 and Indian Trail-Lilburn Rd,,Rear End,2,Clear,Dry,Daylight
2023-08-23T11:27:00.000,I 85,I 85 and Indian Trail-Lilburn Rd,,Rear End,3,Cloudy,Dry,Daylight
2023-10-17T11:01:00.000,I 85,I 85 and Indian Trail-Lilburn Rd,,Sideswipe-Same Direction,2,Cloudy,Dry,Daylight
2023-08-18T05:38:00.000,I 85,I 85 and Indian Trail-Lilburn Rd,,Sideswipe-Same Direction,2,Clear,Dry,Dark-Lighted
2024-04-01T10:10:00.000,I 85,I 85 and Indian Trail-Lilburn Rd,,Not a Collision with Motor Vehicle,1,Cloudy,Dry,Daylight
2024-01-18T18:19:00.000,I 85,I 85 and Indian Trail-Lilburn Rd,,Not a Collision with Motor Vehicle,1,Cloudy,Dry,Dark-Lighted
2024-08-02T08:31:00.000,I 85,I 85 and Indian Trail-Lilburn Rd,,Sideswipe-Same Direction,2,Clear,Dry,Daylight
2024-11-20T09:49:00.000,I 85,I 85 and Indian Trail-Lilburn Rd,,Rear End,2,Cloudy,Wet,Daylight
2024-04-30T17:22:00.000,I 85,I 85 and Indian Trail-Lilburn Rd,,Sideswipe-Same Direction,2,Cloudy,Dry,Daylight
2024-05-17T18:10:00.000,I 85,I 85 and Indian Trail-Lilburn Rd,,Rear End,2,Cloudy,Dry,Daylight
2024-07-02T18:01:00.000,I 85,I 85 and Indian Trail-Lilburn Rd,,Rear End,2,Clear,Dry,Daylight
2024-08-22T19:47:00.000,I 85,I 85 and Indian Trail-Lilburn Rd,,Rear End,2,Clear,Dry,Daylight
2024-11-28T17:09:00.000,I 85,I 85 and Indian Trail-Lilburn Rd,,Rear End,2,Clear,Dry,Daylight
2024-04-13T23:50:00.000,I 85,I 85 and Indian Trail-Lilburn Rd,,Sideswipe-Same Direction,2,Cloudy,Dry,Dark-Not Lighted
2024-12-19T16:15:00.000,I 85,I 85 and Indian Trail-Lilburn Rd,,Rear End,2,Clear,Dry,Daylight
2024-10-01T11:13:00.000,I 85,I 85 and Indian Trail-Lilburn Rd,,Rear End,2,Cloudy,Dry,Daylight
2024-11-11T17:10:00.000,I 85,I 85 and Indian Trail-Lilburn Rd,,Rear End,2,Clear,Dry,Dusk
2024-09-26T16:59:00.000,I 85,I 85 and Indian Trail-Lilburn Rd,,Not a Collision with Motor Vehicle,1,Rain,Wet,Daylight
2024-04-25T16:37:00.000,I 85,I 85 and Indian Trail-Lilburn Rd,,Rear End,2,Clear,Dry,Daylight
2024-01-18T17:12:00.000,I 85,I 85 and Indian Trail-Lilburn Rd,,Rear End,2,Clear,Dry,Daylight
2024-09-26T18:04:00.000,I 85,I 85 and Indian Trail-Lilburn Rd,,Rear End,2,Rain,Wet,Daylight
2024-04-26T14:51:00.000,I 85,I 85 and Indian Trail-Lilburn Rd,,Sideswipe-Same Direction,2,Cloudy,Dry,Daylight
2024-08-02T16:13:00.000,I 85,I 85 and Indian Trail-Lilburn Rd,,Sideswipe-Same Direction,2,Clear,Dry,Daylight
2024-11-04T18:15:00.000,I 85,I 85 and Indian Trail-Lilburn Rd,,Rear End,2,Rain,Wet,Dark-Lighted
2024-10-15T14:47:00.000,I 85,I 85 and Indian Trail-Lilburn Rd,,Rear End,2,Cloudy,Dry,Daylight
2024-11-26T14:10:00.000,I 85,I 85 and Indian Trail-Lilburn Rd,,Rear End,2,Clear,Dry,Daylight
2024-04-11T15:04:00.000,I 85,I 85 and Indian Trail-Lilburn Rd,,Rear End,2,Cloudy,Dry,Daylight
2024-08-19T23:11:00.000,I 85,I 85 and Indian Trail-Lilburn Rd,,Sideswipe-Same Direction,2,Clear,Dry,Dark-Not Lighted
2024-04-10T15:36:00.000,I 85,I 85 and Indian Trail-Lilburn Rd,,Rear End,2,Cloudy,Dry,Daylight
2024-09-05T18:32:00.000,I 85,I 85 and Indian Trail-Lilburn Rd,,Sideswipe-Same Direction,2,Clear,Dry,Daylight
2024-03-27T16:16:00.000,I 85,I 85 and Indian Trail-Lilburn Rd,,Rear End,2,Clear,Dry,Daylight
2024-01-11T11:42:00.000,I 85,I 85 and Indian Trail-Lilburn Rd,,Rear End,3,Clear,Dry,Daylight
2024-01-18T17:34:00.000,I 85,I 85 and Indian Trail-Lilburn Rd,,Rear End,2,Clear,Dry,Daylight
2024-01-11T06:28:00.000,I 85,I 85 and Indian Trail-Lilburn Rd,,Rear End,2,Cloudy,Dry,Dark-Lighted
2024-12-26T17:40:00.000,I 85,I 85 and Indian Trail-Lilburn Rd,,Rear End,2,Cloudy,Dry,Dusk
2024-12-23T15:32:00.000,I 85,I 85 and Indian Trail-Lilburn Rd,,Sideswipe-Same Direction,2,Clear,Dry,Daylight
2024-02-23T18:01:00.000,I 85,I 85 and Indian Trail-Lilburn Rd,,Angle Crash,2,Clear,Dry,Daylight
2021-12-26T13:59:00.000,I 85,I 85 and Indian Trail-Lilburn,,Sideswipe-Same Direction,3,Cloudy,Dry,Daylight
2021-04-18T20:20:00.000,I 85,I 85 and Indian Trail-Lilburn,,Sideswipe-Same Direction,3,Clear,Dry,Dusk
2023-09-19T16:25:00.000,I 85,I 85 and Indian Trail-Lilburn,,Not a Collision with Motor Vehicle,2,Clear,Dry,Daylight
2021-01-26T08:45:00.000,I 85,I 85 and Indian Trail-Lilburn,,Rear End,2,Clear,Wet,Daylight
2022-06-29T06:20:00.000,I 85,I 85 and Indian Trail-Lilburn,,Rear End,2,Clear,Dry,Dark-Lighted
2023-10-27T06:04:00.000,I 85,I 85 and Indian Trail-Lilburn,,Sideswipe-Same Direction,2,Clear,Dry,Dark-Lighted
2024-06-04T09:45:00.000,I 85,I 85 and Indian Trail-Lilburn,,Rear End,2,Cloudy,Dry,Daylight
2024-12-23T11:50:00.000,I 85,I 85 and Indian Trail-Lilburn,,Rear End,3,Clear,Dry,Daylight
2023-10-23T18:05:00.000,I 85,I 85 and Indian Trail-Lilburd Rd,,Rear End,2,Clear,Dry,Daylight
2020-11-25T10:37:00.000,I 85,I 85 and Indian Trail-Liburn Rd,,Rear End,2,Cloudy,Dry,Daylight
2020-05-19T06:21:00.000,I 85,I 85 and Indian Trail- Lilburn Rd Overp,,Sideswipe-Same Direction,2,Rain,Wet,Daylight
2020-02-25T09:30:00.000,I 85,I 85 and Indian Trail- Lilburn Rd,,Sideswipe-Same Direction,2,Clear,Dry,Daylight
2024-11-20T18:43:00.000,I 85,I 85 and Indian Trail- Lilburn Rd,,Rear End,4,Clear,Dry,Dark-Lighted
2024-12-24T15:30:00.000,I 85,I 85 and Indian Trail Roal,,Sideswipe-Same Direction,3,Clear,Dry,Daylight
2023-06-26T18:20:00.000,I 85,I 85 and Indian Trail Rd.,,Rear End,3,Clear,Dry,Daylight
2023-06-23T09:50:00.000,I 85,I 85 and Indian Trail Rd.,,Rear End,2,Cloudy,Dry,Daylight
2024-02-23T09:00:00.000,I 85,I 85 and Indian Trail Rd.,,Rear End,2,Clear,Wet,Daylight
2024-08-30T23:13:00.000,I 85,I 85 and Indian Trail Rd Off Rp,,Sideswipe-Same Direction,2,Cloudy,Wet,Dark-Lighted
2022-09-28T07:28:00.000,I 85,I 85 and Indian Trail Rd Exit101,,Rear End,2,Clear,Dry,Daylight
2021-01-22T10:15:00.000,I 85,I 85 and Indian Trail Rd,,Sideswipe-Same Direction,2,Clear,Dry,Daylight
2021-02-27T13:53:00.000,I 85,I 85 and Indian Trail Rd,,Rear End,2,Clear,Dry,Daylight
2021-01-26T15:34:00.000,I 85,I 85 and Indian Trail Rd,,Not a Collision with Motor Vehicle,1,Cloudy,Dry,Daylight
2021-06-03T08:45:00.000,I 85,I 85 and Indian Trail Rd,,Not a Collision with Motor Vehicle,1,Cloudy,Dry,Daylight
2021-05-18T08:55:00.000,I 85,I 85 and Indian Trail Rd,,Rear End,2,Clear,Dry,Daylight
2021-07-30T16:22:00.000,I 85,I 85 and Indian Trail Rd,,Rear End,2,Clear,Dry,Daylight
2021-08-18T08:53:00.000,I 85,I 85 and Indian Trail Rd,,Rear End,2,Clear,Dry,Daylight
2021-04-17T12:55:00.000,I 85,I 85 and Indian Trail Rd,,Rear End,2,Cloudy,Dry,Daylight
2021-04-01T06:36:00.000,I 85,I 85 and Indian Trail Rd,,Rear End,3,Clear,Dry,Dawn
2021-01-08T10:20:00.000,I 85,I 85 and Indian Trail Rd,,Rear End,2,Rain,Wet,Daylight
2021-06-03T19:35:00.000,I 85,I 85 and Indian Trail Rd,,Sideswipe-Same Direction,2,Cloudy,Dry,Daylight
2021-06-30T14:30:00.000,I 85,I 85 and Indian Trail Rd,,Rear End,2,Clear,Dry,Daylight
2021-06-15T07:45:00.000,I 85,I 85 and Indian Trail Rd,,Rear End,2,Clear,Dry,Daylight
2021-04-29T15:04:00.000,I 85,I 85 and Indian Trail Rd,,Rear End,2,Cloudy,Dry,Daylight
2021-02-16T11:00:00.000,I 85,I 85 and Indian Trail Rd,,Not a Collision with Motor Vehicle,2,Cloudy,Wet,Daylight
2021-06-28T17:40:00.000,I 85,I 85 and Indian Trail Rd,,Rear End,3,Clear,Dry,Daylight
2021-05-03T15:22:00.000,I 85,I 85 and Indian Trail Rd,,Sideswipe-Same Direction,2,Rain,Wet,Daylight
2021-02-12T12:10:00.000,I 85,I 85 and Indian Trail Rd,,Sideswipe-Same Direction,2,Cloudy,Wet,Daylight
2021-06-23T15:20:00.000,I 85,I 85 and Indian Trail Rd,,Rear End,3,Clear,Dry,Daylight
2021-04-13T16:00:00.000,I 85,I 85 and Indian Trail Rd,,Rear End,2,Cloudy,Dry,Daylight
2021-05-08T23:16:00.000,I 85,I 85 and Indian Trail Rd,,Angle Crash,2,Cloudy,Dry,Dark-Lighted
2021-01-29T12:45:00.000,I 85,I 85 and Indian Trail Rd,,Rear End,2,Clear,Dry,Daylight
2021-02-26T12:40:00.000,I 85,I 85 and Indian Trail Rd,,Rear End,2,Cloudy,Wet,Daylight
2021-06-08T12:55:00.000,I 85,I 85 and Indian Trail Rd,,Rear End,2,Clear,Dry,Daylight
2021-03-04T07:10:00.000,I 85,I 85 and Indian Trail Rd,,Sideswipe-Same Direction,2,Clear,Dry,Daylight
2021-09-20T12:05:00.000,I 85,I 85 and Indian Trail Rd,,Rear End,2,Rain,Wet,Daylight
2021-11-11T19:09:00.000,I 85,I 85 and Indian Trail Rd,,Sideswipe-Same Direction,2,Rain,Wet,Dark-Lighted
2021-10-11T14:05:00.000,I 85,I 85 and Indian Trail Rd,,Rear End,2,Cloudy,Dry,Daylight
2021-11-01T16:52:00.000,I 85,I 85 and Indian Trail Rd,,Sideswipe-Same Direction,2,Clear,Dry,Daylight
2021-08-23T18:09:00.000,I 85,I 85 and Indian Trail Rd,,Rear End,2,Clear,Dry,Daylight
2021-08-13T16:06:00.000,I 85,I 85 and Indian Trail Rd,,Not a Collision with Motor Vehicle,2,Clear,Dry,Daylight
2021-08-10T16:40:00.000,I 85,I 85 and Indian Trail Rd,,Sideswipe-Same Direction,3,Clear,Dry,Daylight
2021-10-12T16:05:00.000,I 85,I 85 and Indian Trail Rd,,Rear End,2,Clear,Dry,Daylight