Date and Time,Roadway (From Crash Report),Intersection Name (from Crash Report),KABCO Severity,Manner of Collision (Crash Level) ,# of Vehicles per crash ,Weather Conditions (Crash Level),Surface Condition (Crash Level) ,Light Conditions (Crash Level)
2021-08-10T07:52:00.000,I 85,I 85 and Indian Trail Rd,,Sideswipe-Same Direction,2,Clear,Dry,Daylight
2021-07-30T13:50:00.000,I 85,I 85 and Indian Trail Rd,,Rear End,2,Clear,Dry,Daylight
2021-05-28T20:35:00.000,I 85,I 85 and Indian Trail Rd,,Rear End,2,Clear,Dry,Daylight
2021-02-12T12:25:00.000,I 85,I 85 and Indian Trail Rd,,Sideswipe-Same Direction,2,Cloudy,Wet,Daylight
2021-02-05T15:41:00.000,I 85,I 85 and Indian Trail Rd,,Rear End,3,Clear,Dry,Daylight
2021-02-26T08:30:00.000,I 85,I 85 and Indian Trail Rd,,Rear End,2,Rain,Wet,Daylight
2021-01-22T09:00:00.000,I 85,I 85 and Indian Trail Rd,,Rear End,2,Cloudy,Wet,Daylight
2021-03-11T07:57:00.000,I 85,I 85 and Indian Trail Rd,,Rear End,2,Cloudy,Dry,Daylight
2021-04-09T15:11:00.000,I 85,I 85 and Indian Trail Rd,,Rear End,4,Clear,Dry,Daylight
2021-06-30T08:42:00.000,I 85,I 85 and Indian Trail Rd,,Rear End,3,Clear,Dry,Daylight
2021-01-23T16:57:00.000,I 85,I 85 and Indian Trail Rd,,Head On,2,Clear,Dry,Daylight
2021-03-26T09:16:00.000,I 85,I 85 and Indian Trail Rd,,Rear End,2,Cloudy,Dry,Daylight
2021-10-08T11:50:00.000,I 85,I 85 and Indian Trail Rd,,Sideswipe-Same Direction,2,Clear,Dry,Daylight
2021-09-22T15:40:00.000,I 85,I 85 and Indian Trail Rd,,Rear End,2,Cloudy,Dry,Daylight
2021-07-27T11:00:00.000,I 85,I 85 and Indian Trail Rd,,Sideswipe-Same Direction,2,Clear,Dry,Daylight
2021-04-08T16:26:00.000,I 85,I 85 and Indian Trail Rd,,Not a Collision with Motor Vehicle,2,Clear,Dry,Daylight
2021-02-25T15:12:00.000,I 85,I 85 and Indian Trail Rd,,Rear End,2,Clear,Dry,Daylight
2021-04-20T17:20:00.000,I 85,I 85 and Indian Trail Rd,,Sideswipe-Same Direction,1,Clear,Dry,Daylight
2021-05-10T08:07:00.000,I 85,I 85 and Indian Trail Rd,,Rear End,2,Rain,Wet,Daylight
2021-05-28T17:26:00.000,I 85,I 85 and Indian Trail Rd,,Sideswipe-Same Direction,2,Cloudy,Dry,Daylight
2021-04-01T06:36:00.000,I 85,I 85 and Indian Trail Rd,,Rear End,2,Clear,Dry,Dawn
2020-09-27T15:57:00.000,I 85,I 85 and Indian Trail Rd,,Rear End,2,Clear,Dry,Daylight
2020-07-20T13:25:00.000,I 85,I 85 and Indian Trail Rd,,Not a Collision with Motor Vehicle,1,Clear,Dry,Daylight
2020-02-23T16:11:00.000,I 85,I 85 and Indian Trail Rd,,Rear End,3,Clear,Dry,Daylight
2020-10-20T16:24:00.000,I 85,I 85 and Indian Trail Rd,,Rear End,2,Clear,Dry,Daylight
2020-02-26T14:00:00.000,I 85,I 85 and Indian Trail Rd,,Sideswipe-Same Direction,2,Cloudy,Dry,Daylight
2020-08-09T14:51:00.000,I 85,I 85 and Indian Trail Rd,,Rear End,2,Clear,Dry,Daylight
2020-07-08T12:23:00.000,I 85,I 85 and Indian Trail Rd,,Rear End,2,Cloudy,Dry,Daylight
2023-09-01T13:25:00.000,I 85,I 85 and Indian Trail Rd,,Rear End,5,Clear,Dry,Daylight
2023-01-19T12:07:00.000,I 85,I 85 and Indian Trail Rd,,Rear End,3,Clear,Dry,Daylight
2023-01-19T12:49:00.000,I 85,I 85 and Indian Trail Rd,,Rear End,3,Clear,Dry,Daylight
2023-02-07T21:00:00.000,I 85,I 85 and Indian Trail Rd,,Not a Collision with Motor Vehicle,1,Clear,Dry,Dark-Lighted
2023-05-11T08:20:00.000,I 85,I 85 and Indian Trail Rd,,Rear End,2,Clear,Dry,Daylight
2023-09-13T09:40:00.000,I 85,I 85 and Indian Trail Rd,,Rear End,3,Cloudy,Wet,Daylight
2023-04-18T11:15:00.000,I 85,I 85 and Indian Trail Rd,,Rear End,3,Clear,Dry,Daylight
2023-07-07T13:36:00.000,I 85,I 85 and Indian Trail Rd,,Rear End,2,Clear,Dry,Daylight
2023-11-14T18:10:00.000,I 85,I 85 and Indian Trail Rd,,Sideswipe-Same Direction,2,Clear,Dry,Dark-Lighted
2023-04-18T11:05:00.000,I 85,I 85 and Indian Trail Rd,,Rear End,2,Clear,Dry,Daylight
2023-12-31T03:08:00.000,I 85,I 85 and Indian Trail Rd,,Not a Collision with Motor Vehicle,1,Clear,Dry,Dark-Lighted
2023-06-16T13:15:00.000,I 85,I 85 and Indian Trail Rd,,Rear End,2,Cloudy,Dry,Daylight
2023-08-14T12:48:00.000,I 85,I 85 and Indian Trail Rd,,Not a Collision with Motor Vehicle,1,Clear,Dry,Daylight
2023-08-25T17:35:00.000,I 85,I 85 and Indian Trail Rd,,Rear End,3,Clear,Dry,Daylight
2023-07-05T14:18:00.000,I 85,I 85 and Indian Trail Rd,,Rear End,2,Cloudy,Dry,Daylight
2023-04-25T07:39:00.000,I 85,I 85 and Indian Trail Rd,,Rear End,2,Clear,Dry,Daylight
2023-06-03T17:51:00.000,I 85,I 85 and Indian Trail Rd,,Angle Crash,4,Clear,Dry,Daylight
2023-10-24T16:50:00.000,I 85,I 85 and Indian Trail Rd,,Rear End,2,Clear,Wet,Daylight
2023-05-31T21:26:00.000,I 85,I 85 and Indian Trail Rd,,Rear End,2,Cloudy,Dry,(None)
2023-05-22T10:35:00.000,I 85,I 85 and Indian Trail Rd,,Rear End,2,Cloudy,Dry,Daylight
2023-03-17T06:55:00.000,I 85,I 85 and Indian Trail Rd,,Rear End,2,Cloudy,Wet,Dark-Lighted
2023-05-14T14:17:00.000,I 85,I 85 and Indian Trail Rd,,Rear End,2,Clear,Dry,Daylight
2023-10-02T13:53:00.000,I 85,I 85 and Indian Trail Rd,,Not a Collision with Motor Vehicle,1,Clear,Dry,Daylight
2023-04-06T10:00:00.000,I 85,I 85 and Indian Trail Rd,,Not a Collision with Motor Vehicle,1,Cloudy,Dry,Daylight
2023-09-18T18:00:00.000,I 85,I 85 and Indian Trail Rd,,Rear End,2,Clear,Dry,Daylight
2023-04-12T09:54:00.000,I 85,I 85 and Indian Trail Rd,,Rear End,2,Clear,Dry,Daylight
2023-09-07T17:05:00.000,I 85,I 85 and Indian Trail Rd,,Rear End,2,Clear,Dry,Daylight
2023-08-30T17:23:00.000,I 85,I 85 and Indian Trail Rd,,Rear End,2,Cloudy,Dry,Daylight
2023-09-22T15:00:00.000,I 85,I 85 and Indian Trail Rd,,Rear End,2,Clear,Dry,Daylight
2023-06-14T09:20:00.000,I 85,I 85 and Indian Trail Rd,,Rear End,2,Cloudy,Dry,Daylight
2023-08-23T06:35:00.000,I 85,I 85 and Indian Trail Rd,,Rear End,2,Clear,Dry,Dawn
2023-04-07T14:34:00.000,I 85,I 85 and Indian Trail Rd,,Rear End,4,Clear,Dry,Daylight
2023-03-17T12:23:00.000,I 85,I 85 and Indian Trail Rd,,Rear End,2,Cloudy,Wet,Daylight
2023-08-08T11:50:00.000,I 85,I 85 and Indian Trail Rd,,Sideswipe-Same Direction,2,Cloudy,Dry,Daylight
2023-09-05T18:36:00.000,I 85,I 85 and Indian Trail Rd,,Rear End,2,Clear,Dry,Daylight
2023-03-14T14:40:00.000,I 85,I 85 and Indian Trail Rd,,Rear End,2,Clear,Dry,Daylight
2023-08-25T17:05:00.000,I 85,I 85 and Indian Trail Rd,,Rear End,2,Clear,Dry,Daylight
2022-09-06T14:30:00.000,I 85,I 85 and Indian Trail Rd,,Rear End,2,Clear,Dry,Daylight
2022-03-02T12:00:00.000,I 85,I 85 and Indian Trail Rd,,Not a Collision with Motor Vehicle,2,Cloudy,Dry,Daylight
2022-09-30T16:40:00.000,I 85,I 85 and Indian Trail Rd,,Sideswipe-Same Direction,2,Clear,Dry,Daylight
2022-04-15T22:15:00.000,I 85,I 85 and Indian Trail Rd,,Rear End,2,Cloudy,Dry,Dark-Lighted
2022-06-17T18:50:00.000,I 85,I 85 and Indian Trail Rd,,Sideswipe-Same Direction,2,Clear,Dry,Daylight
2022-05-26T15:19:00.000,I 85,I 85 and Indian Trail Rd,,Rear End,2,Rain,Wet,Daylight
2020-12-21T18:19:00.000,I 85,I 85 and Indian Trail Rd,,Rear End,2,Clear,Dry,Dark-Lighted
2020-06-26T10:40:00.000,I 85,I 85 and Indian Trail Rd,,Rear End,2,Cloudy,Dry,Daylight
2020-02-28T06:25:00.000,I 85,I 85 and Indian Trail Rd,,Sideswipe-Same Direction,2,Clear,Dry,Dark-Lighted
2020-11-06T12:21:00.000,I 85,I 85 and Indian Trail Rd,,Sideswipe-Same Direction,2,Clear,Dry,Daylight
2020-06-08T08:47:00.000,I 85,I 85 and Indian Trail Rd,,Not a Collision with Motor Vehicle,1,Cloudy,Dry,Daylight
2020-10-18T14:25:00.000,I 85,I 85 and Indian Trail Rd,,Rear End,2,Clear,Dry,Daylight
2020-01-06T21:00:00.000,I 85,I 85 and Indian Trail Rd,,Not a Collision with Motor Vehicle,1,Clear,Dry,Dark-Lighted
2020-11-11T15:47:00.000,I 85,I 85 and Indian Trail Rd,,Not a Collision with Motor Vehicle,2,Cloudy,Wet,Daylight
2020-02-07T11:25:00.000,I 85,I 85 and Indian Trail Rd,,Sideswipe-Same Direction,2,Cloudy,Dry,Daylight
2020-10-13T16:47:00.000,I 85,I 85 and Indian Trail Rd,,Sideswipe-Same Direction,2,Clear,Dry,Daylight
2020-08-04T09:13:00.000,I 85,I 85 and Indian Trail Rd,,Rear End,2,Clear,Dry,Daylight
2020-10-14T07:00:00.000,I 85,I 85 and Indian Trail Rd,,Sideswipe-Same Direction,2,Clear,Dry,Daylight
2020-08-06T16:16:00.000,I 85,I 85 and Indian Trail Rd,,Rear End,2,Clear,Dry,Daylight
2020-11-27T17:18:00.000,I 85,I 85 and Indian Trail Rd,,Sideswipe-Same Direction,2,Cloudy,Dry,Dusk
2020-02-27T17:34:00.000,I 85,I 85 and Indian Trail Rd,,Rear End,2,Clear,Dry,Daylight
2020-11-27T17:20:00.000,I 85,I 85 and Indian Trail Rd,,Rear End,2,Cloudy,Dry,Daylight
2020-09-18T12:00:00.000,I 85,I 85 and Indian Trail Rd,,Rear End,2,Cloudy,Dry,Daylight
2020-11-06T13:00:00.000,I 85,I 85 and Indian Trail Rd,,Sideswipe-Same Direction,2,Clear,Dry,Daylight
2020-12-09T17:12:00.000,I 85,I 85 and Indian Trail Rd,,Rear End,2,Clear,Dry,Daylight
2020-04-13T15:15:00.000,I 85,I 85 and Indian Trail Rd,,Rear End,3,Clear,Dry,Daylight
2020-10-15T08:03:00.000,I 85,I 85 and Indian Trail Rd,,Sideswipe-Same Direction,2,Clear,Dry,Dawn
2020-09-23T18:37:00.000,I 85,I 85 and Indian Trail Rd,,Sideswipe-Same Direction,2,Clear,Dry,Dusk
2020-11-04T12:30:00.000,I 85,I 85 and Indian Trail Rd,,Rear End,2,Clear,Dry,Daylight
2020-03-06T14:10:00.000,I 85,I 85 and Indian Trail Rd,,Rear End,2,Clear,Dry,Daylight
2020-12-18T16:22:00.000,I 85,I 85 and Indian Trail Rd,,Rear End,2,Clear,Dry,Daylight
2020-02-14T14:48:00.000,I 85,I 85 and Indian Trail Rd,,Sideswipe-Same Direction,2,Clear,Dry,Daylight
2020-11-17T18:40:00.000,I 85,I 85 and Indian Trail Rd,,Sideswipe-Same Direction,2,Clear,Dry,Dark-Lighted
2020-02-25T17:10:00.000,I 85,I 85 and Indian Trail Rd,,Sideswipe-Same Direction,2,Cloudy,Dry,Daylight
2020-06-23T08:30:00.000,I 85,I 85 and Indian Trail Rd,,Sideswipe-Same Direction,2,Cloudy,Wet,Daylight
2020-04-29T16:10:00.000,I 85,I 85 and Indian Trail Rd,,Not a Collision with Motor Vehicle,1,Rain,Wet,Daylight
2020-01-24T11:50:00.000,I 85,I 85 and Indian Trail Rd,,Rear End,2,Cloudy,Wet,Daylight
2020-02-05T16:00:00.000,I 85,I 85 and Indian Trail Rd,,Angle Crash,2,Rain,Wet,Daylight
2020-10-30T18:27:00.000,I 85,I 85 and Indian Trail Rd,,Rear End,2,Clear,Dry,Daylight
2020-09-02T06:56:00.000,I 85,I 85 and Indian Trail Rd,,Rear End,2,Clear,Dry,Daylight
2020-08-06T16:55:00.000,I 85,I 85 and Indian Trail Rd,,Rear End,3,Clear,Dry,Daylight
2020-12-23T16:29:00.000,I 85,I 85 and Indian Trail Rd,,Rear End,2,Clear,Dry,Daylight
2020-01-24T12:42:00.000,I 85,I 85 and Indian Trail Rd,,Rear End,2,Rain,Wet,Daylight
2020-02-06T15:03:00.000,I 85,I 85 and Indian Trail Rd,,Rear End,2,Rain,Wet,Daylight
2020-07-14T11:00:00.000,I 85,I 85 and Indian Trail Rd,,Not a Collision with Motor Vehicle,2,Clear,Dry,Daylight
2020-10-08T20:00:00.000,I 85,I 85 and Indian Trail Rd,,Head On,2,Clear,Dry,Dark-Lighted
2020-07-22T08:22:00.000,I 85,I 85 and Indian Trail Rd,,Not a Collision with Motor Vehicle,1,Cloudy,Dry,Daylight
2020-11-10T06:40:00.000,I 85,I 85 and Indian Trail Rd,,Rear End,2,Cloudy,Wet,Dawn
2020-05-06T16:50:00.000,I 85,I 85 and Indian Trail Rd,,Rear End,2,Clear,Dry,Daylight
2020-11-01T06:22:00.000,I 85,I 85 and Indian Trail Rd,,Head On,1,Cloudy,Dry,Dark-Not Lighted
2020-11-13T17:40:00.000,I 85,I 85 and Indian Trail Rd,,Rear End,2,Clear,Dry,Dusk
2020-11-20T15:59:00.000,I 85,I 85 and Indian Trail Rd,,Rear End,2,Clear,Dry,Daylight
2020-03-06T13:31:00.000,I 85,I 85 and Indian Trail Rd,,Rear End,2,Clear,Dry,Daylight
2020-12-17T15:43:00.000,I 85,I 85 and Indian Trail Rd,,Sideswipe-Same Direction,2,Clear,Dry,Daylight
2020-01-09T13:59:00.000,I 85,I 85 and Indian Trail Rd,,Sideswipe-Same Direction,2,Clear,Dry,Daylight
2020-06-16T15:20:00.000,I 85,I 85 and Indian Trail Rd,,Sideswipe-Same Direction,2,Clear,Dry,Daylight
2020-11-04T12:30:00.000,I 85,I 85 and Indian Trail Rd,,Sideswipe-Same Direction,2,Clear,Dry,Daylight
2020-08-17T07:47:00.000,I 85,I 85 and Indian Trail Rd,,Rear End,2,Clear,Dry,Daylight
2020-01-09T19:35:00.000,I 85,I 85 and Indian Trail Rd,,Sideswipe-Same Direction,2,Clear,Dry,Dark-Lighted
2020-12-07T07:58:00.000,I 85,I 85 and Indian Trail Rd,,Sideswipe-Same Direction,2,Clear,Dry,Daylight
2020-06-18T10:04:00.000,I 85,I 85 and Indian Trail Rd,,Sideswipe-Same Direction,2,Clear,Dry,Daylight
2020-11-21T11:54:00.000,I 85,I 85 and Indian Trail Rd,,Rear End,2,Clear,Dry,Daylight
2020-06-08T09:25:00.000,I 85,I 85 and Indian Trail Rd,,Not a Collision with Motor Vehicle,1,Cloudy,Dry,Daylight
2020-01-24T19:42:00.000,I 85,I 85 and Indian Trail Rd,,Rear End,2,Clear,Dry,Dark-Lighted
2020-06-18T08:45:00.000,I 85,I 85 and Indian Trail Rd,,Rear End,2,Clear,Dry,Daylight
2020-11-13T15:50:00.000,I 85,I 85 and Indian Trail Rd,,Rear End,2,Clear,Dry,Daylight
2020-08-17T09:00:00.000,I 85,I 85 and Indian Trail Rd,,Rear End,2,Clear,Dry,Daylight
2020-01-02T15:13:00.000,I 85,I 85 and Indian Trail Rd,,Sideswipe-Same Direction,2,Rain,Wet,Daylight
2020-02-20T06:38:00.000,I 85,I 85 and Indian Trail Rd,,Sideswipe-Same Direction,2,Rain,Wet,Dark-Lighted
2020-02-17T10:28:00.000,I 85,I 85 and Indian Trail Rd,,Rear End,3,Cloudy,Dry,Daylight
2020-01-23T16:29:00.000,I 85,I 85 and Indian Trail Rd,,Sideswipe-Same Direction,2,Cloudy,Dry,Daylight
2020-08-03T17:00:00.000,I 85,I 85 and Indian Trail Rd,,Sideswipe-Same Direction,2,Cloudy,Dry,Daylight
2020-01-31T14:15:00.000,I 85,I 85 and Indian Trail Rd,,Rear End,2,Cloudy,Dry,Daylight
2020-10-21T10:15:00.000,I 85,I 85 and Indian Trail Rd,,Not a Collision with Motor Vehicle,2,Cloudy,Dry,Daylight
2020-12-09T04:41:00.000,I 85,I 85 and Indian Trail Rd,,Rear End,2,Clear,Dry,Dark-Lighted
2020-11-19T15:39:00.000,I 85,I 85 and Indian Trail Rd,,Rear End,2,Clear,Dry,Daylight
2020-02-04T19:18:00.000,I 85,I 85 and Indian Trail Rd,,Rear End,3,Cloudy,Dry,Dark-Lighted
2020-07-06T17:24:00.000,I 85,I 85 and Indian Trail Rd,,Rear End,2,Rain,Wet,Daylight
2020-01-15T13:50:00.000,I 85,I 85 and Indian Trail Rd,,Rear End,2,Cloudy,Dry,Daylight
2020-07-30T16:40:00.000,I 85,I 85 and Indian Trail Rd,,Rear End,2,Clear,Dry,Daylight
2020-09-21T13:00:00.000,I 85,I 85 and Indian Trail Rd,,Sideswipe-Same Direction,2,Clear,Dry,Daylight
2020-04-07T09:35:00.000,I 85,I 85 and Indian Trail Rd,,Sideswipe-Same Direction,2,Cloudy,Dry,Daylight
2020-11-04T12:30:00.000,I 85,I 85 and Indian Trail Rd,,Rear End,2,Clear,Dry,Daylight
2020-03-09T13:19:00.000,I 85,I 85 and Indian Trail Rd,,Rear End,3,Clear,Dry,Daylight
2020-08-24T07:12:00.000,I 85,I 85 and Indian Trail Rd,,Rear End,2,Rain,Wet,Daylight
2020-11-11T15:40:00.000,I 85,I 85 and Indian Trail Rd,,Rear End,2,Cloudy,Wet,Daylight
2020-09-18T09:59:00.000,I 85,I 85 and Indian Trail Rd,,Sideswipe-Same Direction,2,Clear,Dry,Daylight
2020-12-09T07:51:00.000,I 85,I 85 and Indian Trail Rd,,Rear End,2,Clear,Dry,Daylight
2020-01-13T09:08:00.000,I 85,I 85 and Indian Trail Rd,,Not a Collision with Motor Vehicle,1,Rain,Wet,Daylight
2020-01-08T17:34:00.000,I 85,I 85 and Indian Trail Rd,,Rear End,2,Cloudy,Dry,Daylight
2020-11-10T07:00:00.000,I 85,I 85 and Indian Trail Rd,,Rear End,3,Cloudy,Wet,Daylight
2020-10-06T14:23:00.000,I 85,I 85 and Indian Trail Rd,,Rear End,3,Clear,Dry,Daylight
2020-02-13T07:46:00.000,I 85,I 85 and Indian Trail Rd,,Rear End,2,Rain,Wet,Daylight
2020-03-31T15:30:00.000,I 85,I 85 and Indian Trail Rd,,Rear End,2,Cloudy,Wet,Daylight
2020-10-14T14:45:00.000,I 85,I 85 and Indian Trail Rd,,Rear End,2,Clear,Dry,Daylight
2020-10-30T06:31:00.000,I 85,I 85 and Indian Trail Rd,,Rear End,2,Clear,Dry,Daylight
2020-01-24T17:44:00.000,I 85,I 85 and Indian Trail Rd,,Rear End,2,Cloudy,Dry,Daylight
2020-10-21T13:17:00.000,I 85,I 85 and Indian Trail Rd,,Not a Collision with Motor Vehicle,2,Cloudy,Dry,Daylight
2021-06-25T16:23:00.000,I 85,I 85 and Indian Trail Rd,,Rear End,2,Clear,Dry,Daylight
2021-01-05T06:22:00.000,I 85,I 85 and Indian Trail Rd,,Rear End,2,Clear,Dry,Dark-Lighted
2021-04-23T09:06:00.000,I 85,I 85 and Indian Trail Rd,,Sideswipe-Same Direction,2,Clear,Dry,Daylight
2021-02-15T12:43:00.000,I 85,I 85 and Indian Trail Rd,,Rear End,2,Rain,Wet,Daylight
2021-02-22T16:02:00.000,I 85,I 85 and Indian Trail Rd,,Sideswipe-Same Direction,2,Clear,Dry,Daylight
2021-01-18T16:26:00.000,I 85,I 85 and Indian Trail Rd,,Rear End,3,Clear,Dry,Daylight
2021-06-03T09:20:00.000,I 85,I 85 and Indian Trail Rd,,Not a Collision with Motor Vehicle,1,Clear,Dry,Daylight
2021-04-28T10:00:00.000,I 85,I 85 and Indian Trail Rd,,Sideswipe-Same Direction,2,Cloudy,Dry,Daylight
2021-04-25T13:14:00.000,I 85,I 85 and Indian Trail Rd,,Rear End,2,Clear,Dry,Daylight
2021-06-29T10:35:00.000,I 85,I 85 and Indian Trail Rd,,Sideswipe-Same Direction,2,Rain,Wet,Daylight
2021-04-20T14:22:00.000,I 85,I 85 and Indian Trail Rd,,Not a Collision with Motor Vehicle,2,Clear,Dry,Daylight
2021-06-26T14:53:00.000,I 85,I 85 and Indian Trail Rd,,Rear End,2,Clear,Dry,Daylight
2021-07-15T07:33:00.000,I 85,I 85 and Indian Trail Rd,,Rear End,3,Clear,Dry,Daylight
2021-11-23T17:53:00.000,I 85,I 85 and Indian Trail Rd,,Rear End,2,Clear,Wet,Dark-Lighted
2021-09-01T15:48:00.000,I 85,I 85 and Indian Trail Rd,,Rear End,3,Clear,Dry,Daylight
2021-07-03T10:38:00.000,I 85,I 85 and Indian Trail Rd,,Rear End,3,Clear,Dry,Daylight
2021-10-26T09:17:00.000,I 85,I 85 and Indian Trail Rd,,Sideswipe-Same Direction,2,Clear,Dry,Daylight
2021-12-23T16:40:00.000,I 85,I 85 and Indian Trail Rd,,Rear End,2,Clear,Dry,Daylight
2021-09-27T16:36:00.000,I 85,I 85 and Indian Trail Rd,,Rear End,2,Clear,Dry,Daylight
2021-07-07T17:58:00.000,I 85,I 85 and Indian Trail Rd,,Rear End,2,Cloudy,Dry,Daylight
2021-11-16T18:30:00.000,I 85,I 85 and Indian Trail Rd,,Rear End,3,Clear,Dry,Dark-Lighted
2021-09-20T07:53:00.000,I 85,I 85 and Indian Trail Rd,,Rear End,2,Rain,Wet,Daylight
2021-10-08T13:50:00.000,I 85,I 85 and Indian Trail Rd,,Not a Collision with Motor Vehicle,2,Cloudy,Dry,Daylight
2021-12-16T15:34:00.000,I 85,I 85 and Indian Trail Rd,,Rear End,2,Cloudy,Dry,Daylight
2021-12-23T16:53:00.000,I 85,I 85 and Indian Trail Rd,,Rear End,3,Clear,Dry,Daylight
2021-10-05T07:00:00.000,I 85,I 85 and Indian Trail Rd,,Sideswipe-Same Direction,2,Rain,Wet,Dawn
2021-10-12T14:05:00.000,I 85,I 85 and Indian Trail Rd,,Rear End,2,Clear,Dry,Daylight
2021-11-16T13:10:00.000,I 85,I 85 and Indian Trail Rd,,Not a Collision with Motor Vehicle,1,Cloudy,Dry,Daylight
2021-10-15T11:30:00.000,I 85,I 85 and Indian Trail Rd,,Rear End,2,Clear,Dry,Daylight
2021-10-22T14:43:00.000,I 85,I 85 and Indian Trail Rd,,Rear End,2,Clear,Dry,Daylight
2021-11-22T06:20:00.000,I 85,I 85 and Indian Trail Rd,,Sideswipe-Same Direction,2,Rain,Wet,Dawn
2021-09-22T13:40:00.000,I 85,I 85 and Indian Trail Rd,,Sideswipe-Same Direction,2,Cloudy,Dry,Daylight
2021-12-03T12:58:00.000,I 85,I 85 and Indian Trail Rd,,Rear End,2,Clear,Dry,Daylight
2022-12-16T15:34:00.000,I 85,I 85 and Indian Trail Rd,,Sideswipe-Same Direction,2,Clear,Dry,Daylight
2022-11-10T07:00:00.000,I 85,I 85 and Indian Trail Rd,,Not a Collision with Motor Vehicle,2,Cloudy,Dry,Dawn
2022-04-13T07:16:00.000,I 85,I 85 and Indian Trail Rd,,Sideswipe-Same Direction,2,Cloudy,Dry,Daylight
2022-06-13T15:20:00.000,I 85,I 85 and Indian Trail Rd,,Sideswipe-Same Direction,2,Clear,Dry,Daylight
2022-05-24T14:35:00.000,I 85,I 85 and Indian Trail Rd,,Rear End,2,Cloudy,Dry,Daylight
2022-07-07T12:00:00.000,I 85,I 85 and Indian Trail Rd,,Sideswipe-Same Direction,2,Cloudy,Dry,Daylight
2022-05-06T10:05:00.000,I 85,I 85 and Indian Trail Rd,,Not a Collision with Motor Vehicle,1,Cloudy,Dry,Daylight
2021-08-15T17:45:00.000,I 85,I 85 and Indian Trail Rd,,Rear End,2,Clear,Dry,Daylight
2021-12-19T14:25:00.000,I 85,I 85 and Indian Trail Rd,,Rear End,2,Cloudy,Dry,Daylight
2021-09-24T09:56:00.000,I 85,I 85 and Indian Trail Rd,,Rear End,5,Clear,Dry,Daylight
2021-10-25T15:08:00.000,I 85,I 85 and Indian Trail Rd,,Sideswipe-Same Direction,2,Cloudy,Dry,Daylight
2022-03-11T10:21:00.000,I 85,I 85 and Indian Trail Rd,,Rear End,2,Cloudy,Dry,Daylight
2022-03-31T09:03:00.000,I 85,I 85 and Indian Trail Rd,,Rear End,2,Cloudy,Wet,Daylight
2022-05-31T13:25:00.000,I 85,I 85 and Indian Trail Rd,,Rear End,2,Cloudy,Dry,Daylight
2022-05-12T11:19:00.000,I 85,I 85 and Indian Trail Rd,,Rear End,2,Clear,Dry,Daylight
2022-09-01T07:00:00.000,I 85,I 85 and Indian Trail Rd,,Sideswipe-Same Direction,2,Clear,Dry,Daylight
2022-12-28T17:15:00.000,I 85,I 85 and Indian Trail Rd,,Rear End,2,Clear,Dry,Daylight
2022-05-14T05:07:00.000,I 85,I 85 and Indian Trail Rd,,Not a Collision with Motor Vehicle,1,Cloudy,Dry,Dark-Lighted
2022-04-19T12:35:00.000,I 85,I 85 and Indian Trail Rd,,Rear End,3,Clear,Dry,Daylight
2022-05-18T10:40:00.000,I 85,I 85 and Indian Trail Rd,,Sideswipe-Same Direction,2,Clear,Dry,Daylight
2022-06-27T08:40:00.000,I 85,I 85 and Indian Trail Rd,,Rear End,2,Cloudy,Dry,Daylight
2022-05-12T12:16:00.000,I 85,I 85 and Indian Trail Rd,,Rear End,2,Clear,Dry,Daylight
2022-09-06T15:00:00.000,I 85,I 85 and Indian Trail Rd,,Rear End,2,Cloudy,Dry,Daylight
2022-05-10T17:07:00.000,I 85,I 85 and Indian Trail Rd,,Rear End,2,Clear,Dry,Daylight
2022-10-19T10:00:00.000,I 85,I 85 and Indian Trail Rd,,Not a Collision with Motor Vehicle,2,Clear,Dry,Daylight
2022-08-16T07:42:00.000,I 85,I 85 and Indian Trail Rd,,Sideswipe-Same Direction,3,Clear,Dry,Daylight
2022-03-01T16:50:00.000,I 85,I 85 and Indian Trail Rd,,Rear End,2,Clear,Dry,Daylight
2022-05-25T06:43:00.000,I 85,I 85 and Indian Trail Rd,,Sideswipe-Same Direction,2,Cloudy,Dry,Daylight
2022-12-30T18:25:00.000,I 85,I 85 and Indian Trail Rd,,Rear End,2,Cloudy,Dry,Daylight
2022-10-07T18:25:00.000,I 85,I 85 and Indian Trail Rd,,Rear End,2,Clear,Dry,Daylight
2022-06-10T18:48:00.000,I 85,I 85 and Indian Trail Rd,,Rear End,2,Clear,Dry,Daylight
2022-11-10T09:24:00.000,I 85,I 85 and Indian Trail Rd,,Sideswipe-Same Direction,2,Cloudy,Dry,Daylight
2022-04-22T16:05:00.000,I 85,I 85 and Indian Trail Rd,,Rear End,2,Clear,Dry,Daylight
2021-11-18T09:31:00.000,I 85,I 85 and Indian Trail Rd,,Rear End,3,Clear,Dry,Daylight
2021-07-30T21:15:00.000,I 85,I 85 and Indian Trail Rd,,Sideswipe-Same Direction,2,Clear,Dry,Dark-Lighted
2021-09-20T15:25:00.000,I 85,I 85 and Indian Trail Rd,,Rear End,2,Rain,Wet,Daylight
2021-07-12T08:00:00.000,I 85,I 85 and Indian Trail Rd,,Rear End,2,Cloudy,Dry,Daylight