Date and Time,Roadway (From Crash Report),Intersection Name (from Crash Report),KABCO Severity,Manner of Collision (Crash Level) ,# of Vehicles per crash ,Weather Conditions (Crash Level),Surface Condition (Crash Level) ,Light Conditions (Crash Level)
2022-07-08T07:15:00.000,I 85,I 85 and Indian Trail Rd,,Rear End,2,Clear,Dry,Daylight
2022-06-08T10:46:00.000,I 85,I 85 and Indian Trail Rd,,Rear End,2,Cloudy,Dry,Daylight
2022-04-29T19:45:00.000,I 85,I 85 and Indian Trail Rd,,Sideswipe-Same Direction,2,Clear,Dry,Daylight
2022-03-14T15:00:00.000,I 85,I 85 and Indian Trail Rd,,Rear End,2,Clear,Dry,Daylight
2022-07-14T18:13:00.000,I 85,I 85 and Indian Trail Rd,,Not a Collision with Motor Vehicle,1,Clear,Dry,Daylight
2022-11-14T15:25:00.000,I 85,I 85 and Indian Trail Rd,,Rear End,2,Clear,Dry,Daylight
2022-03-01T14:50:00.000,I 85,I 85 and Indian Trail Rd,,Rear End,2,Clear,Dry,Daylight
2022-12-06T10:39:00.000,I 85,I 85 and Indian Trail Rd,,Rear End,2,Rain,Wet,Daylight
2022-05-11T13:13:00.000,I 85,I 85 and Indian Trail Rd,,Sideswipe-Same Direction,2,Clear,Dry,Daylight
2022-06-17T06:30:00.000,I 85,I 85 and Indian Trail Rd,,Rear End,2,Clear,Dry,Daylight
2022-05-06T08:28:00.000,I 85,I 85 and Indian Trail Rd,,Sideswipe-Same Direction,2,Cloudy,Dry,Daylight
2022-07-15T12:50:00.000,I 85,I 85 and Indian Trail Rd,,Rear End,2,Clear,Dry,Daylight
2022-07-21T11:37:00.000,I 85,I 85 and Indian Trail Rd,,Rear End,2,Cloudy,Wet,Daylight
2022-07-28T09:10:00.000,I 85,I 85 and Indian Trail Rd,,Rear End,3,Clear,Dry,Daylight
2022-05-16T11:40:00.000,I 85,I 85 and Indian Trail Rd,,Rear End,2,Cloudy,Dry,Daylight
2022-09-30T15:30:00.000,I 85,I 85 and Indian Trail Rd,,Rear End,2,Clear,Dry,Daylight
2022-09-30T15:02:00.000,I 85,I 85 and Indian Trail Rd,,Sideswipe-Same Direction,3,Cloudy,Dry,Daylight
2022-11-14T00:20:00.000,I 85,I 85 and Indian Trail Rd,,Rear End,2,Clear,Dry,Dark-Lighted
2022-06-24T13:22:00.000,I 85,I 85 and Indian Trail Rd,,Rear End,2,Cloudy,Dry,Daylight
2022-07-19T12:15:00.000,I 85,I 85 and Indian Trail Rd,,Rear End,2,Cloudy,Dry,Daylight
2022-02-01T17:23:00.000,I 85,I 85 and Indian Trail Rd,,Rear End,2,Clear,Dry,Daylight
2022-03-26T06:32:00.000,I 85,I 85 and Indian Trail Rd,,Rear End,2,Clear,Dry,Dark-Lighted
2022-07-26T10:04:00.000,I 85,I 85 and Indian Trail Rd,,Rear End,2,Clear,Dry,Daylight
2022-02-22T13:46:00.000,I 85,I 85 and Indian Trail Rd,,Rear End,4,Cloudy,Dry,Daylight
2022-09-06T14:30:00.000,I 85,I 85 and Indian Trail Rd,,Sideswipe-Same Direction,2,Clear,Dry,Daylight
2022-10-07T18:20:00.000,I 85,I 85 and Indian Trail Rd,,Rear End,2,Clear,Dry,Daylight
2022-11-25T10:35:00.000,I 85,I 85 and Indian Trail Rd,,Rear End,2,Clear,Dry,Daylight
2022-07-19T09:23:00.000,I 85,I 85 and Indian Trail Rd,,Rear End,2,Rain,Wet,Daylight
2022-12-01T08:20:00.000,I 85,I 85 and Indian Trail Rd,,Sideswipe-Same Direction,2,Cloudy,Dry,Daylight
2022-07-19T15:20:00.000,I 85,I 85 and Indian Trail Rd,,Rear End,2,Clear,Dry,Daylight
2022-02-21T16:56:00.000,I 85,I 85 and Indian Trail Rd,,Rear End,2,Rain,Wet,Daylight
2022-10-06T06:50:00.000,I 85,I 85 and Indian Trail Rd,,Rear End,2,Clear,Dry,Dark-Lighted
2022-11-01T14:15:00.000,I 85,I 85 and Indian Trail Rd,,Rear End,2,Clear,Dry,Daylight
2022-09-30T15:30:00.000,I 85,I 85 and Indian Trail Rd,,Rear End,3,Clear,Dry,Daylight
2022-02-21T16:43:00.000,I 85,I 85 and Indian Trail Rd,,Rear End,2,Rain,Wet,Daylight
2022-03-30T13:15:00.000,I 85,I 85 and Indian Trail Rd,,Rear End,3,Cloudy,Dry,Daylight
2022-08-10T16:40:00.000,I 85,I 85 and Indian Trail Rd,,Sideswipe-Same Direction,2,Rain,Wet,Daylight
2022-12-08T11:10:00.000,I 85,I 85 and Indian Trail Rd,,Rear End,3,Clear,Wet,Daylight
2022-12-06T15:10:00.000,I 85,I 85 and Indian Trail Rd,,Rear End,2,Cloudy,Wet,Daylight
2023-08-31T17:25:00.000,I 85,I 85 and Indian Trail Rd,,Rear End,2,Clear,Dry,Daylight
2023-11-17T15:15:00.000,I 85,I 85 and Indian Trail Rd,,Not a Collision with Motor Vehicle,1,Cloudy,Dry,Daylight
2023-02-07T10:40:00.000,I 85,I 85 and Indian Trail Rd,,Sideswipe-Same Direction,2,Clear,Dry,Daylight
2023-07-20T12:47:00.000,I 85,I 85 and Indian Trail Rd,,Rear End,2,Clear,Dry,Daylight
2024-12-30T12:20:00.000,I 85,I 85 and Indian Trail Rd,,Rear End,2,Clear,Dry,Daylight
2024-02-23T12:30:00.000,I 85,I 85 and Indian Trail Rd,,Rear End,2,Clear,Dry,Daylight
2024-02-08T12:10:00.000,I 85,I 85 and Indian Trail Rd,,Rear End,2,Cloudy,Dry,Daylight
2024-05-15T13:00:00.000,I 85,I 85 and Indian Trail Rd,,Sideswipe-Same Direction,2,Clear,Dry,Daylight
2024-08-30T16:10:00.000,I 85,I 85 and Indian Trail Rd,,Rear End,2,Clear,Dry,Daylight
2024-05-16T01:58:00.000,I 85,I 85 and Indian Trail Rd,,Not a Collision with Motor Vehicle,1,Clear,Dry,Dark-Lighted
2024-09-24T11:40:00.000,I 85,I 85 and Indian Trail Rd,,Rear End,2,Clear,Dry,Daylight
2024-05-14T12:30:00.000,I 85,I 85 and Indian Trail Rd,,Rear End,2,Rain,Wet,Daylight
2024-08-13T09:45:00.000,I 85,I 85 and Indian Trail Rd,,Rear End,2,Clear,Dry,Daylight
2024-08-17T13:32:00.000,I 85,I 85 and Indian Trail Rd,,(None),1,Clear,Dry,Daylight
2024-12-09T19:10:00.000,I 85,I 85 and Indian Trail Rd,,Rear End,2,Rain,Wet,Dark-Lighted
2024-02-16T07:37:00.000,I 85,I 85 and Indian Trail Rd,,Rear End,2,Cloudy,Dry,Daylight
2024-01-11T11:45:00.000,I 85,I 85 and Indian Trail Rd,,Sideswipe-Same Direction,2,Clear,Dry,Daylight
2024-01-08T07:15:00.000,I 85,I 85 and Indian Trail Rd,,Rear End,2,Cloudy,Dry,Daylight
2024-12-03T15:40:00.000,I 85,I 85 and Indian Trail Rd,,Sideswipe-Same Direction,2,Clear,Dry,Daylight
2024-09-12T17:43:00.000,I 85,I 85 and Indian Trail Rd,,Rear End,2,Cloudy,Dry,Daylight
2024-12-17T16:45:00.000,I 85,I 85 and Indian Trail Rd,,Sideswipe-Same Direction,2,Clear,Dry,Daylight
2024-04-11T12:30:00.000,I 85,I 85 and Indian Trail Rd,,Rear End,2,Cloudy,Wet,Daylight
2024-12-05T09:40:00.000,I 85,I 85 and Indian Trail Rd,,Sideswipe-Same Direction,2,Clear,Dry,Daylight
2023-03-17T06:55:00.000,I 85,I 85 and Indian Trail Rd,,Rear End,2,Cloudy,Wet,Dark-Lighted
2023-09-05T19:20:00.000,I 85,I 85 and Indian Trail Rd,,Rear End,2,Clear,Dry,Daylight
2023-08-22T08:40:00.000,I 85,I 85 and Indian Trail Rd,,Rear End,2,Clear,Dry,Daylight
2023-06-18T02:29:00.000,I 85,I 85 and Indian Trail Rd,,Rear End,2,Clear,Dry,Dark-Lighted
2024-05-10T10:42:00.000,I 85,I 85 and Indian Trail Rd,,Rear End,2,Clear,Dry,Daylight
2024-02-16T06:34:00.000,I 85,I 85 and Indian Trail Rd,,Rear End,2,Cloudy,Dry,Dark-Lighted
2024-08-19T08:20:00.000,I 85,I 85 and Indian Trail Rd,,Rear End,2,Clear,Dry,Daylight
2024-09-17T07:00:00.000,I 85,I 85 and Indian Trail Rd,,Not a Collision with Motor Vehicle,1,Clear,Dry,Daylight
2024-12-23T14:35:00.000,I 85,I 85 and Indian Trail Rd,,Rear End,2,Clear,Dry,Daylight
2023-03-08T07:33:00.000,I 85,I 85 and Indian Trail Rd,,Rear End,2,Clear,Dry,Daylight
2023-02-05T16:20:00.000,I 85,I 85 and Indian Trail Rd,,Rear End,2,Clear,Dry,Daylight
2023-08-21T10:05:00.000,I 85,I 85 and Indian Trail Rd,,Rear End,2,Clear,Dry,Daylight
2023-10-11T09:55:00.000,I 85,I 85 and Indian Trail Rd,,Rear End,2,Cloudy,Dry,Daylight
2023-09-04T13:15:00.000,I 85,I 85 and Indian Trail Rd,,Not a Collision with Motor Vehicle,1,Clear,Dry,Daylight
2023-06-09T10:15:00.000,I 85,I 85 and Indian Trail Rd,,Rear End,2,Clear,Dry,Daylight
2023-06-13T08:10:00.000,I 85,I 85 and Indian Trail Rd,,Rear End,2,Cloudy,Dry,Daylight
2023-06-13T14:30:00.000,I 85,I 85 and Indian Trail Rd,,Sideswipe-Same Direction,2,Clear,Dry,Daylight
2023-01-19T13:40:00.000,I 85,I 85 and Indian Trail Rd,,Rear End,2,Clear,Dry,Daylight
2023-08-18T06:20:00.000,I 85,I 85 and Indian Trail Rd,,Rear End,4,Clear,Dry,Dawn
2023-05-18T15:45:00.000,I 85,I 85 and Indian Trail Rd,,Rear End,2,Cloudy,Dry,Daylight
2023-11-03T10:04:00.000,I 85,I 85 and Indian Trail Rd,,Rear End,2,Clear,Dry,Daylight
2023-02-08T07:19:00.000,I 85,I 85 and Indian Trail Rd,,Rear End,3,Cloudy,Dry,Daylight
2023-07-06T14:10:00.000,I 85,I 85 and Indian Trail Rd,,Rear End,2,Clear,Dry,Daylight
2023-08-15T06:25:00.000,I 85,I 85 and Indian Trail Rd,,Sideswipe-Same Direction,3,Clear,Dry,Daylight
2023-02-07T13:44:00.000,I 85,I 85 and Indian Trail Rd,,Rear End,3,Clear,Dry,Daylight
2023-04-30T14:35:00.000,I 85,I 85 and Indian Trail Rd,,Rear End,2,Clear,Dry,Daylight
2023-12-26T13:00:00.000,I 85,I 85 and Indian Trail Rd,,Sideswipe-Same Direction,2,Rain,Wet,Daylight
2023-01-27T17:15:00.000,I 85,I 85 and Indian Trail Rd,,Rear End,2,Clear,Dry,Daylight
2023-11-30T13:56:00.000,I 85,I 85 and Indian Trail Rd,,Rear End,2,Clear,Dry,Daylight
2023-04-21T08:20:00.000,I 85,I 85 and Indian Trail Rd,,Rear End,3,Clear,Dry,Daylight
2023-03-17T10:08:00.000,I 85,I 85 and Indian Trail Rd,,Rear End,2,Cloudy,Dry,Daylight
2023-11-24T16:40:00.000,I 85,I 85 and Indian Trail Rd,,Rear End,2,Clear,Dry,Daylight
2023-04-07T14:50:00.000,I 85,I 85 and Indian Trail Rd,,Sideswipe-Same Direction,2,Cloudy,Dry,Daylight
2023-10-31T07:30:00.000,I 85,I 85 and Indian Trail Rd,,Sideswipe-Same Direction,2,Clear,Dry,Dusk
2023-06-08T12:00:00.000,I 85,I 85 and Indian Trail Rd,,Rear End,2,Clear,Dry,Daylight
2024-07-25T06:20:00.000,I 85,I 85 and Indian Trail Rd,,Rear End,2,Rain,Wet,Dark-Lighted
2024-11-11T06:17:00.000,I 85,I 85 and Indian Trail Rd,,Sideswipe-Same Direction,2,Rain,Wet,Dawn
2024-04-18T08:20:00.000,I 85,I 85 and Indian Trail Rd,,Rear End,2,Clear,Dry,Daylight
2024-04-26T13:10:00.000,I 85,I 85 and Indian Trail Rd,,Rear End,3,Cloudy,Dry,Daylight
2024-12-10T07:00:00.000,I 85,I 85 and Indian Trail Rd,,Rear End,2,Rain,Wet,Dark-Lighted
2024-11-22T16:30:00.000,I 85,I 85 and Indian Trail Rd,,Rear End,2,Clear,Dry,Daylight
2024-01-05T14:50:00.000,I 85,I 85 and Indian Trail Rd,,Sideswipe-Same Direction,2,Clear,Dry,Daylight
2024-07-10T08:03:00.000,I 85,I 85 and Indian Trail Rd,,Rear End,2,Clear,Dry,Daylight
2024-10-18T11:40:00.000,I 85,I 85 and Indian Trail Rd,,Rear End,2,Clear,Dry,Daylight
2024-04-02T09:35:00.000,I 85,I 85 and Indian Trail Rd,,Rear End,2,Cloudy,Dry,Daylight
2024-12-03T19:15:00.000,I 85,I 85 and Indian Trail Rd,,Sideswipe-Same Direction,2,Clear,Dry,Dark-Lighted
2024-09-04T11:24:00.000,I 85,I 85 and Indian Trail Rd,,Rear End,2,Clear,Dry,Daylight
2024-04-04T08:50:00.000,I 85,I 85 and Indian Trail Rd,,Sideswipe-Same Direction,2,Clear,Dry,Daylight
2024-10-01T16:18:00.000,I 85,I 85 and Indian Trail Rd,,Rear End,4,Clear,Dry,Daylight
2024-12-16T16:00:00.000,I 85,I 85 and Indian Trail Rd,,Rear End,2,Clear,Dry,Daylight
2024-10-17T17:21:00.000,I 85,I 85 and Indian Trail Rd,,Rear End,3,Clear,Dry,Daylight
2024-10-18T13:35:00.000,I 85,I 85 and Indian Trail Rd,,Rear End,2,Clear,Dry,Daylight
2024-09-10T07:50:00.000,I 85,I 85 and Indian Trail Rd,,Sideswipe-Same Direction,2,Clear,Dry,Daylight
2024-12-03T14:50:00.000,I 85,I 85 and Indian Trail Rd,,Rear End,2,Clear,Dry,Daylight
2024-04-08T10:00:00.000,I 85,I 85 and Indian Trail Rd,,Sideswipe-Same Direction,2,Clear,Dry,Daylight
2024-01-15T14:15:00.000,I 85,I 85 and Indian Trail Rd,,Sideswipe-Same Direction,2,Clear,Dry,Daylight
2024-10-01T13:00:00.000,I 85,I 85 and Indian Trail Rd,,Sideswipe-Same Direction,2,Cloudy,Dry,Daylight
2024-06-26T11:44:00.000,I 85,I 85 and Indian Trail Rd,,Rear End,3,Clear,Dry,Daylight
2024-01-15T14:15:00.000,I 85,I 85 and Indian Trail Rd,,Rear End,2,Clear,Dry,Daylight
2024-10-18T15:18:00.000,I 85,I 85 and Indian Trail Rd,,Sideswipe-Opposite Direction,2,Clear,Dry,Daylight
2024-08-15T18:47:00.000,I 85,I 85 and Indian Trail Rd,,Rear End,2,Clear,Dry,Daylight
2024-12-31T15:45:00.000,I 85,I 85 and Indian Trail Rd,,Sideswipe-Same Direction,2,Clear,Dry,Daylight
2024-11-14T12:08:00.000,I 85,I 85 and Indian Trail Rd,,Sideswipe-Same Direction,2,Rain,Wet,Daylight
2024-12-10T07:57:00.000,I 85,I 85 and Indian Trail Rd,,Sideswipe-Same Direction,2,Cloudy,Wet,Daylight
2024-10-04T17:32:00.000,I 85,I 85 and Indian Trail Rd,,Rear End,2,Cloudy,Dry,Daylight
2024-09-05T07:35:00.000,I 85,I 85 and Indian Trail Rd,,Sideswipe-Same Direction,2,Clear,Dry,Daylight
2024-05-03T06:20:00.000,I 85,I 85 and Indian Trail Rd,,Sideswipe-Same Direction,2,Cloudy,Dry,Dawn
2024-01-06T19:50:00.000,I 85,I 85 and Indian Trail Rd,,Sideswipe-Same Direction,2,Clear,Dry,Dark-Lighted
2024-07-18T07:55:00.000,I 85,I 85 and Indian Trail Rd,,Rear End,2,Clear,Dry,Daylight
2024-03-01T07:00:00.000,I 85,I 85 and Indian Trail Rd,,Rear End,2,Rain,Wet,Daylight
2024-02-14T11:00:00.000,I 85,I 85 and Indian Trail Rd,,Angle Crash,2,Clear,Dry,Daylight
2024-05-10T08:15:00.000,I 85,I 85 and Indian Trail Rd,,Sideswipe-Same Direction,2,Cloudy,Wet,Daylight
2024-06-04T14:33:00.000,I 85,I 85 and Indian Trail Rd,,Not a Collision with Motor Vehicle,1,Rain,Wet,Daylight
2024-01-26T10:37:00.000,I 85,I 85 and Indian Trail Rd,,Rear End,3,Cloudy,Dry,Daylight
2024-08-02T14:40:00.000,I 85,I 85 and Indian Trail Rd,,Sideswipe-Same Direction,2,Clear,Dry,Daylight
2024-07-11T10:28:00.000,I 85,I 85 and Indian Trail Rd,,Sideswipe-Same Direction,2,Clear,Dry,Daylight
2024-02-16T15:24:00.000,I 85,I 85 and Indian Trail Rd,,Sideswipe-Same Direction,2,Cloudy,Dry,Daylight
2024-05-21T09:10:00.000,I 85,I 85 and Indian Trail Rd,,Rear End,2,Clear,Dry,Daylight
2024-12-10T07:58:00.000,I 85,I 85 and Indian Trail Rd,,Sideswipe-Same Direction,2,Cloudy,Wet,Daylight
2024-03-25T11:00:00.000,I 85,I 85 and Indian Trail Rd,,Rear End,2,Clear,Dry,Daylight
2024-01-29T15:33:00.000,I 85,I 85 and Indian Trail Rd,,Rear End,2,Clear,Dry,Daylight
2024-01-16T10:18:00.000,I 85,I 85 and Indian Trail Rd,,Rear End,2,Cloudy,Wet,Daylight
2024-05-21T09:45:00.000,I 85,I 85 and Indian Trail Rd,,Rear End,3,Clear,Dry,Daylight
2024-11-08T14:05:00.000,I 85,I 85 and Indian Trail Rd,,Rear End,2,Clear,Dry,Daylight
2024-05-24T18:10:00.000,I 85,I 85 and Indian Trail Rd,,Sideswipe-Same Direction,2,Clear,Wet,Daylight
2024-06-26T11:45:00.000,I 85,I 85 and Indian Trail Rd,,Rear End,2,Clear,Dry,Daylight
2024-06-10T16:50:00.000,I 85,I 85 and Indian Trail Rd,,Rear End,2,Clear,Dry,Daylight
2024-05-23T08:40:00.000,I 85,I 85 and Indian Trail Rd,,Rear End,2,Clear,Dry,Daylight
2024-12-31T13:10:00.000,I 85,I 85 and Indian Trail Rd,,Rear End,2,Clear,Dry,Daylight
2024-12-31T15:05:00.000,I 85,I 85 and Indian Trail Rd,,Rear End,3,Clear,Dry,Daylight
2024-08-26T09:45:00.000,I 85,I 85 and Indian Trail Rd,,Sideswipe-Same Direction,2,Clear,Dry,Daylight
2024-02-23T08:50:00.000,I 85,I 85 and Indian Trail Rd,,Rear End,2,Cloudy,Wet,Daylight
2024-11-04T18:53:00.000,I 85,I 85 and Indian Trail Rd,,Sideswipe-Same Direction,2,Clear,Dry,Dark-Lighted
2024-02-16T16:11:00.000,I 85,I 85 and Indian Trail Rd,,Rear End,2,Cloudy,Dry,Daylight
2024-09-01T00:34:00.000,I 85,I 85 and Indian Trail Rd,,Rear End,2,Clear,Wet,Dark-Lighted
2024-12-02T16:00:00.000,I 85,I 85 and Indian Trail Rd,,Rear End,2,Clear,Dry,Daylight
2024-12-31T17:10:00.000,I 85,I 85 and Indian Trail Rd,,Rear End,2,Clear,Dry,Daylight
2024-06-05T18:50:00.000,I 85,I 85 and Indian Trail Rd,,Sideswipe-Same Direction,2,Clear,Dry,Daylight
2024-03-26T14:45:00.000,I 85,I 85 and Indian Trail Rd,,Sideswipe-Same Direction,2,Rain,Wet,Daylight
2024-07-02T10:30:00.000,I 85,I 85 and Indian Trail Rd,,Rear End,2,Clear,Dry,Daylight
2024-05-14T15:51:00.000,I 85,I 85 and Indian Trail Rd,,Sideswipe-Same Direction,2,Cloudy,Dry,Daylight
2024-07-30T15:28:00.000,I 85,I 85 and Indian Trail Rd,,Rear End,2,Clear,Dry,Daylight
2024-08-15T14:25:00.000,I 85,I 85 and Indian Trail Rd,,Rear End,2,Clear,Dry,Daylight
2024-06-03T16:35:00.000,I 85,I 85 and Indian Trail Rd,,Rear End,2,Clear,Dry,Daylight
2024-10-18T13:30:00.000,I 85,I 85 and Indian Trail Rd,,Rear End,3,Clear,Dry,Daylight
2024-12-05T17:28:00.000,I 85,I 85 and Indian Trail Rd,,Rear End,2,Clear,Dry,Dark-Not Lighted
2024-08-30T17:30:00.000,I 85,I 85 and Indian Trail Rd,,Rear End,2,Rain,Wet,Daylight
2024-12-13T15:15:00.000,I 85,I 85 and Indian Trail Rd,,Rear End,2,Clear,Dry,Daylight
2024-09-10T16:15:00.000,I 85,I 85 and Indian Trail Rd,,Rear End,2,Clear,Dry,Daylight
2024-08-30T13:50:00.000,I 85,I 85 and Indian Trail Raod,,Rear End,2,Clear,Dry,Daylight
2022-12-13T15:56:00.000,I 85,I 85 and Indian Trail Lilburun-Road,,Rear End,2,Cloudy,Dry,Daylight
2022-02-16T19:05:00.000,I 85,I 85 and Indian Trail Lilburn Rd.,,Rear End,2,Clear,Dry,Dark-Lighted
2024-03-10T10:00:00.000,I 85,I 85 and Indian Trail Lilburn Rd.,,Sideswipe-Same Direction,2,Cloudy,Dry,Daylight
2024-11-20T10:05:00.000,I 85,I 85 and Indian Trail Lilburn Rd.,,Sideswipe-Same Direction,2,Clear,Wet,Daylight
2020-08-15T23:00:00.000,I 85,I 85 and Indian Trail Lilburn Rd Rp,,Angle Crash,3,Clear,Dry,Dark-Lighted
2020-12-14T16:40:00.000,I 85,I 85 and Indian Trail Lilburn Rd Overpa,,Rear End,2,Clear,Dry,Daylight
2023-05-31T18:06:00.000,I 85,I 85 and Indian Trail Lilburn Rd Exit Ramp To 85,,Sideswipe-Same Direction,2,Clear,Dry,Daylight
2022-07-27T19:43:00.000,I 85,I 85 and Indian Trail Lilburn Rd Exit,,Rear End,2,Clear,Dry,Daylight
2022-12-18T04:21:00.000,I 85,I 85 and Indian Trail Lilburn Rd Exit,,Angle Crash,3,Clear,Dry,Dark-Not Lighted
2024-11-10T03:11:00.000,I 85,I 85 and Indian Trail Lilburn Rd Exit,,Sideswipe-Same Direction,2,Clear,Dry,Dark-Lighted
2024-09-19T22:49:00.000,I 85,I 85 and Indian Trail Lilburn Rd Entrance Rp,,Sideswipe-Opposite Direction,2,Clear,Dry,Dark-Lighted
2021-05-02T05:16:00.000,I 85,I 85 and Indian Trail Lilburn Rd,,Rear End,2,Clear,Dry,Dark-Lighted
2021-05-07T17:00:00.000,I 85,I 85 and Indian Trail Lilburn Rd,,Sideswipe-Same Direction,2,Clear,Dry,Daylight
2021-03-12T20:00:00.000,I 85,I 85 and Indian Trail Lilburn Rd,,Rear End,2,Clear,Dry,Dark-Lighted
2021-04-08T14:45:00.000,I 85,I 85 and Indian Trail Lilburn Rd,,Rear End,3,Clear,Dry,Daylight
2021-07-30T20:30:00.000,I 85,I 85 and Indian Trail Lilburn Rd,,Rear End,2,Clear,Dry,Dark-Not Lighted
2021-11-10T16:34:00.000,I 85,I 85 and Indian Trail Lilburn Rd,,Sideswipe-Same Direction,2,Clear,Dry,Daylight
2021-09-01T16:10:00.000,I 85,I 85 and Indian Trail Lilburn Rd,,Sideswipe-Same Direction,2,Cloudy,Dry,Daylight
2021-09-05T22:00:00.000,I 85,I 85 and Indian Trail Lilburn Rd,,Sideswipe-Same Direction,2,Clear,Dry,Dark-Lighted
2021-08-07T18:25:00.000,I 85,I 85 and Indian Trail Lilburn Rd,,Rear End,4,Rain,Wet,Dusk
2021-10-22T16:08:00.000,I 85,I 85 and Indian Trail Lilburn Rd,,Sideswipe-Same Direction,2,Clear,Dry,Daylight
2021-12-17T07:23:00.000,I 85,I 85 and Indian Trail Lilburn Rd,,Angle Crash,2,Cloudy,Dry,Dawn
2021-11-12T18:57:00.000,I 85,I 85 and Indian Trail Lilburn Rd,,Sideswipe-Same Direction,2,Clear,Dry,Dark-Lighted
2021-12-16T07:15:00.000,I 85,I 85 and Indian Trail Lilburn Rd,,Not a Collision with Motor Vehicle,1,Cloudy,Dry,Dark-Lighted
2021-04-17T13:36:00.000,I 85,I 85 and Indian Trail Lilburn Rd,,Sideswipe-Same Direction,2,Clear,Dry,Daylight
2021-03-19T12:32:00.000,I 85,I 85 and Indian Trail Lilburn Rd,,(None),2,(None),(None),(None)
2021-03-01T15:12:00.000,I 85,I 85 and Indian Trail Lilburn Rd,,Sideswipe-Same Direction,2,Cloudy,Wet,Daylight
2021-04-25T12:24:00.000,I 85,I 85 and Indian Trail Lilburn Rd,,Rear End,2,Clear,Dry,Daylight
2021-01-30T05:59:00.000,I 85,I 85 and Indian Trail Lilburn Rd,,Rear End,2,Clear,Dry,Dark-Not Lighted
2021-05-29T04:30:00.000,I 85,I 85 and Indian Trail Lilburn Rd,,Rear End,2,Clear,Dry,Dark-Not Lighted
2021-01-31T07:55:00.000,I 85,I 85 and Indian Trail Lilburn Rd,,Sideswipe-Same Direction,2,Rain,Wet,Daylight
2021-01-23T16:21:00.000,I 85,I 85 and Indian Trail Lilburn Rd,,Rear End,2,Clear,Dry,Daylight
2021-01-05T15:20:00.000,I 85,I 85 and Indian Trail Lilburn Rd,,Rear End,2,Clear,Dry,Daylight
2021-05-02T01:05:00.000,I 85,I 85 and Indian Trail Lilburn Rd,,Sideswipe-Same Direction,2,Clear,Dry,Dark-Not Lighted
2021-05-09T15:15:00.000,I 85,I 85 and Indian Trail Lilburn Rd,,Rear End,2,Clear,Dry,Daylight
2021-05-11T16:50:00.000,I 85,I 85 and Indian Trail Lilburn Rd,,Rear End,3,Clear,Dry,Daylight
2021-06-12T13:00:00.000,I 85,I 85 and Indian Trail Lilburn Rd,,Sideswipe-Same Direction,2,Clear,Dry,Daylight
2021-02-08T08:10:00.000,I 85,I 85 and Indian Trail Lilburn Rd,,Rear End,2,Clear,Dry,Daylight
2021-05-31T19:10:00.000,I 85,I 85 and Indian Trail Lilburn Rd,,Rear End,7,Clear,Dry,Daylight
2021-02-07T15:57:00.000,I 85,I 85 and Indian Trail Lilburn Rd,,Rear End,2,Clear,Dry,Daylight
2021-01-04T15:58:00.000,I 85,I 85 and Indian Trail Lilburn Rd,,Angle Crash,2,Clear,Dry,Daylight
2021-03-30T17:10:00.000,I 85,I 85 and Indian Trail Lilburn Rd,,Sideswipe-Same Direction,2,Clear,Dry,Daylight
2021-05-20T14:40:00.000,I 85,I 85 and Indian Trail Lilburn Rd,,Rear End,4,Clear,Dry,Daylight
2021-09-29T19:02:00.000,I 85,I 85 and Indian Trail Lilburn Rd,,Sideswipe-Same Direction,2,Clear,Dry,Daylight
2021-08-02T15:30:00.000,I 85,I 85 and Indian Trail Lilburn Rd,,Rear End,2,Clear,Dry,Daylight
2021-07-03T22:22:00.000,I 85,I 85 and Indian Trail Lilburn Rd,,Sideswipe-Same Direction,2,Cloudy,Dry,Dark-Lighted
2021-12-22T20:49:00.000,I 85,I 85 and Indian Trail Lilburn Rd,,Sideswipe-Same Direction,2,Clear,Dry,Dark-Lighted
2021-12-19T07:13:00.000,I 85,I 85 and Indian Trail Lilburn Rd,,Rear End,2,Rain,Wet,Daylight
2021-07-27T12:28:00.000,I 85,I 85 and Indian Trail Lilburn Rd,,Rear End,2,Clear,Dry,Daylight
2021-09-17T17:04:00.000,I 85,I 85 and Indian Trail Lilburn Rd,,Rear End,2,Rain,Wet,Daylight
2021-11-21T11:06:00.000,I 85,I 85 and Indian Trail Lilburn Rd,,Rear End,2,Cloudy,Dry,Daylight
2021-07-12T19:45:00.000,I 85,I 85 and Indian Trail Lilburn Rd,,Sideswipe-Same Direction,2,Clear,Dry,Daylight
2021-07-20T15:50:00.000,I 85,I 85 and Indian Trail Lilburn Rd,,Sideswipe-Same Direction,2,Rain,Wet,Daylight
2021-11-07T15:58:00.000,I 85,I 85 and Indian Trail Lilburn Rd,,Rear End,2,Cloudy,Dry,Dawn
2021-07-17T22:00:00.000,I 85,I 85 and Indian Trail Lilburn Rd,,Rear End,2,Clear,Dry,Dark-Lighted
2021-04-11T16:50:00.000,I 85,I 85 and Indian Trail Lilburn Rd,,Rear End,2,Clear,Dry,Daylight
2021-01-09T19:15:00.000,I 85,I 85 and Indian Trail Lilburn Rd,,Rear End,2,Clear,Dry,Dark-Lighted
2021-05-28T21:51:00.000,I 85,I 85 and Indian Trail Lilburn Rd,,Rear End,2,Rain,Wet,Dark-Lighted