Date and Time,Roadway (From Crash Report),Intersection Name (from Crash Report),KABCO Severity,Manner of Collision (Crash Level) ,# of Vehicles per crash ,Weather Conditions (Crash Level),Surface Condition (Crash Level) ,Light Conditions (Crash Level)
2021-10-22T21:38:00.000,I 85,I 85 and Indian Trail Lilburn Rd,,Angle Crash,2,Cloudy,Dry,Dark-Lighted
2021-07-17T15:46:00.000,I 85,I 85 and Indian Trail Lilburn Rd,,Rear End,2,Cloudy,Dry,Daylight
2021-08-14T15:53:00.000,I 85,I 85 and Indian Trail Lilburn Rd,,Rear End,3,Cloudy,Dry,Daylight
2021-09-27T20:28:00.000,I 85,I 85 and Indian Trail Lilburn Rd,,Sideswipe-Same Direction,2,Clear,Dry,Dark-Not Lighted
2021-09-20T16:21:00.000,I 85,I 85 and Indian Trail Lilburn Rd,,Rear End,2,Rain,Wet,Daylight
2021-07-19T15:48:00.000,I 85,I 85 and Indian Trail Lilburn Rd,,Sideswipe-Same Direction,2,Clear,Dry,Daylight
2021-09-06T23:44:00.000,I 85,I 85 and Indian Trail Lilburn Rd,,Rear End,3,Clear,Dry,Dark-Not Lighted
2021-07-21T08:35:00.000,I 85,I 85 and Indian Trail Lilburn Rd,,Sideswipe-Same Direction,2,Cloudy,Dry,Daylight
2021-11-07T14:17:00.000,I 85,I 85 and Indian Trail Lilburn Rd,,Rear End,3,Clear,Dry,Daylight
2021-06-23T07:40:00.000,I 85,I 85 and Indian Trail Lilburn Rd,,Sideswipe-Same Direction,3,Clear,Dry,Daylight
2021-05-14T08:50:00.000,I 85,I 85 and Indian Trail Lilburn Rd,,Not a Collision with Motor Vehicle,1,Clear,Dry,Daylight
2021-02-09T09:50:00.000,I 85,I 85 and Indian Trail Lilburn Rd,,Rear End,2,Clear,Dry,Daylight
2021-04-08T20:38:00.000,I 85,I 85 and Indian Trail Lilburn Rd,,Rear End,2,Clear,Dry,Dark-Lighted
2020-09-10T13:50:00.000,I 85,I 85 and Indian Trail Lilburn Rd,,Sideswipe-Same Direction,2,Clear,Dry,Daylight
2020-03-01T16:50:00.000,I 85,I 85 and Indian Trail Lilburn Rd,,Rear End,2,Clear,Dry,Daylight
2020-04-25T02:37:00.000,I 85,I 85 and Indian Trail Lilburn Rd,,Not a Collision with Motor Vehicle,1,Clear,Dry,Dark-Not Lighted
2020-08-15T23:07:00.000,I 85,I 85 and Indian Trail Lilburn Rd,,Sideswipe-Same Direction,2,Clear,Dry,Dark-Lighted
2023-04-11T19:57:00.000,I 85,I 85 and Indian Trail Lilburn Rd,,Rear End,2,Clear,Dry,Dark-Not Lighted
2023-12-30T13:00:00.000,I 85,I 85 and Indian Trail Lilburn Rd,,Rear End,2,Clear,Dry,Daylight
2023-08-25T21:23:00.000,I 85,I 85 and Indian Trail Lilburn Rd,,Sideswipe-Same Direction,2,Clear,Dry,Dark-Not Lighted
2023-01-29T13:43:00.000,I 85,I 85 and Indian Trail Lilburn Rd,,Sideswipe-Same Direction,2,Clear,Dry,Daylight
2023-04-29T09:00:00.000,I 85,I 85 and Indian Trail Lilburn Rd,,Sideswipe-Same Direction,2,Clear,Dry,Daylight
2023-05-28T07:50:00.000,I 85,I 85 and Indian Trail Lilburn Rd,,Angle Crash,3,Cloudy,Dry,Daylight
2023-01-25T05:51:00.000,I 85,I 85 and Indian Trail Lilburn Rd,,Angle Crash,2,Rain,Wet,Dark-Lighted
2023-06-14T16:14:00.000,I 85,I 85 and Indian Trail Lilburn Rd,,Rear End,2,Rain,Wet,Daylight
2023-04-28T14:26:00.000,I 85,I 85 and Indian Trail Lilburn Rd,,Rear End,3,Clear,Dry,Daylight
2023-08-20T14:44:00.000,I 85,I 85 and Indian Trail Lilburn Rd,,Sideswipe-Same Direction,2,Clear,Dry,Daylight
2023-04-01T09:45:00.000,I 85,I 85 and Indian Trail Lilburn Rd,,Rear End,2,Rain,Wet,Daylight
2023-03-29T19:30:00.000,I 85,I 85 and Indian Trail Lilburn Rd,,Sideswipe-Same Direction,2,Clear,Dry,Dark-Lighted
2023-12-16T20:45:00.000,I 85,I 85 and Indian Trail Lilburn Rd,,Angle Crash,3,Rain,Wet,Dark-Lighted
2023-06-18T06:39:00.000,I 85,I 85 and Indian Trail Lilburn Rd,,Rear End,2,Clear,Dry,Daylight
2023-02-18T19:06:00.000,I 85,I 85 and Indian Trail Lilburn Rd,,Rear End,2,Clear,Dry,Dark-Not Lighted
2023-06-17T15:26:00.000,I 85,I 85 and Indian Trail Lilburn Rd,,Rear End,2,Cloudy,Dry,Daylight
2023-10-20T21:33:00.000,I 85,I 85 and Indian Trail Lilburn Rd,,Sideswipe-Same Direction,2,Clear,Dry,Dark-Lighted
2023-07-15T03:16:00.000,I 85,I 85 and Indian Trail Lilburn Rd,,Sideswipe-Same Direction,2,Clear,Dry,Dark-Not Lighted
2023-10-07T16:00:00.000,I 85,I 85 and Indian Trail Lilburn Rd,,(None),2,Clear,Dry,Daylight
2023-08-09T08:07:00.000,I 85,I 85 and Indian Trail Lilburn Rd,,Rear End,2,Clear,Dry,Daylight
2023-04-01T09:54:00.000,I 85,I 85 and Indian Trail Lilburn Rd,,Sideswipe-Same Direction,2,Rain,Wet,Daylight
2023-06-28T18:36:00.000,I 85,I 85 and Indian Trail Lilburn Rd,,Rear End,2,Clear,Dry,Daylight
2023-01-15T16:16:00.000,I 85,I 85 and Indian Trail Lilburn Rd,,Sideswipe-Same Direction,2,Clear,Dry,Daylight
2023-09-17T16:30:00.000,I 85,I 85 and Indian Trail Lilburn Rd,,Rear End,2,Clear,Dry,Daylight
2023-06-10T17:04:00.000,I 85,I 85 and Indian Trail Lilburn Rd,,Not a Collision with Motor Vehicle,1,Clear,Dry,Daylight
2023-03-20T21:18:00.000,I 85,I 85 and Indian Trail Lilburn Rd,,Angle Crash,2,Clear,Dry,Dark-Lighted
2023-05-06T00:04:00.000,I 85,I 85 and Indian Trail Lilburn Rd,,Rear End,2,Clear,Dry,Dark-Not Lighted
2023-07-19T17:41:00.000,I 85,I 85 and Indian Trail Lilburn Rd,,(None),4,Clear,Dry,Daylight
2023-07-15T14:57:00.000,I 85,I 85 and Indian Trail Lilburn Rd,,Angle Crash,2,Clear,Dry,Daylight
2023-04-07T18:57:00.000,I 85,I 85 and Indian Trail Lilburn Rd,,Rear End,2,Cloudy,Dry,Daylight
2023-03-30T09:19:00.000,I 85,I 85 and Indian Trail Lilburn Rd,,Sideswipe-Same Direction,2,Clear,Dry,Daylight
2023-09-04T04:55:00.000,I 85,I 85 and Indian Trail Lilburn Rd,,Rear End,2,Clear,Dry,Dark-Lighted
2023-10-28T17:41:00.000,I 85,I 85 and Indian Trail Lilburn Rd,,Rear End,2,Clear,Dry,Dark-Lighted
2023-07-09T15:19:00.000,I 85,I 85 and Indian Trail Lilburn Rd,,Rear End,2,Clear,Dry,Daylight
2023-11-18T16:48:00.000,I 85,I 85 and Indian Trail Lilburn Rd,,Rear End,2,Clear,Dry,Daylight
2023-06-24T16:17:00.000,I 85,I 85 and Indian Trail Lilburn Rd,,Rear End,3,Clear,Dry,Daylight
2023-08-09T07:50:00.000,I 85,I 85 and Indian Trail Lilburn Rd,,Angle Crash,3,Clear,Dry,Daylight
2023-10-12T20:26:00.000,I 85,I 85 and Indian Trail Lilburn Rd,,Rear End,2,Clear,Dry,Dark-Lighted
2023-09-09T20:52:00.000,I 85,I 85 and Indian Trail Lilburn Rd,,Angle Crash,2,Clear,Dry,Dark-Lighted
2023-02-12T13:01:00.000,I 85,I 85 and Indian Trail Lilburn Rd,,Sideswipe-Same Direction,2,Cloudy,Wet,Daylight
2023-01-22T21:51:00.000,I 85,I 85 and Indian Trail Lilburn Rd,,Angle Crash,2,Rain,Wet,Dark-Lighted
2023-03-18T15:35:00.000,I 85,I 85 and Indian Trail Lilburn Rd,,Rear End,2,Clear,Dry,Daylight
2023-01-05T19:40:00.000,I 85,I 85 and Indian Trail Lilburn Rd,,Sideswipe-Same Direction,2,Cloudy,Dry,Dark-Lighted
2023-11-15T18:31:00.000,I 85,I 85 and Indian Trail Lilburn Rd,,Rear End,3,Clear,Dry,Dark-Lighted
2023-03-08T21:02:00.000,I 85,I 85 and Indian Trail Lilburn Rd,,Rear End,2,Cloudy,Dry,Dark-Lighted
2023-12-23T12:19:00.000,I 85,I 85 and Indian Trail Lilburn Rd,,Rear End,4,Cloudy,Dry,Daylight
2023-03-25T07:00:00.000,I 85,I 85 and Indian Trail Lilburn Rd,,Not a Collision with Motor Vehicle,1,Rain,Wet,Dark-Lighted
2023-10-27T21:07:00.000,I 85,I 85 and Indian Trail Lilburn Rd,,Rear End,2,Clear,Dry,Daylight
2023-07-30T22:03:00.000,I 85,I 85 and Indian Trail Lilburn Rd,,Rear End,2,Clear,Dry,Dark-Not Lighted
2023-06-25T16:08:00.000,I 85,I 85 and Indian Trail Lilburn Rd,,Rear End,2,Clear,Dry,Daylight
2023-06-10T23:29:00.000,I 85,I 85 and Indian Trail Lilburn Rd,,Not a Collision with Motor Vehicle,1,Clear,Dry,Dark-Not Lighted
2023-11-05T22:12:00.000,I 85,I 85 and Indian Trail Lilburn Rd,,Sideswipe-Same Direction,2,Clear,Dry,Dark-Not Lighted
2023-05-07T18:26:00.000,I 85,I 85 and Indian Trail Lilburn Rd,,Sideswipe-Same Direction,2,Clear,Dry,Daylight
2023-02-01T01:30:00.000,I 85,I 85 and Indian Trail Lilburn Rd,,Rear End,2,Rain,Wet,Dark-Lighted
2023-02-22T14:23:00.000,I 85,I 85 and Indian Trail Lilburn Rd,,Rear End,2,Clear,Dry,Daylight
2023-06-03T16:15:00.000,I 85,I 85 and Indian Trail Lilburn Rd,,Rear End,2,Cloudy,Dry,Daylight
2023-12-17T13:49:00.000,I 85,I 85 and Indian Trail Lilburn Rd,,Sideswipe-Same Direction,3,Cloudy,Dry,Daylight
2023-01-18T18:47:00.000,I 85,I 85 and Indian Trail Lilburn Rd,,Rear End,2,Rain,Wet,Dark-Lighted
2023-11-01T08:33:00.000,I 85,I 85 and Indian Trail Lilburn Rd,,Rear End,2,Clear,Dry,Daylight
2023-08-05T13:17:00.000,I 85,I 85 and Indian Trail Lilburn Rd,,Rear End,2,Clear,Dry,Daylight
2023-09-17T06:03:00.000,I 85,I 85 and Indian Trail Lilburn Rd,,Not a Collision with Motor Vehicle,1,Cloudy,Water (standing or moving),Dark-Lighted
2023-12-18T07:47:00.000,I 85,I 85 and Indian Trail Lilburn Rd,,Rear End,2,Clear,Dry,Daylight
2023-03-08T06:30:00.000,I 85,I 85 and Indian Trail Lilburn Rd,,Rear End,2,Cloudy,Dry,Daylight
2023-09-18T02:25:00.000,I 85,I 85 and Indian Trail Lilburn Rd,,Sideswipe-Same Direction,2,Clear,Dry,Dark-Lighted
2023-08-05T17:12:00.000,I 85,I 85 and Indian Trail Lilburn Rd,,Rear End,3,Clear,Dry,Daylight
2023-11-30T14:18:00.000,I 85,I 85 and Indian Trail Lilburn Rd,,Rear End,2,Clear,Dry,Daylight
2023-04-01T12:37:00.000,I 85,I 85 and Indian Trail Lilburn Rd,,Rear End,2,Clear,Dry,Daylight
2023-01-01T02:55:00.000,I 85,I 85 and Indian Trail Lilburn Rd,,Angle Crash,2,Clear,Dry,Dark-Lighted
2023-03-08T21:01:00.000,I 85,I 85 and Indian Trail Lilburn Rd,,Rear End,3,Clear,Dry,Dark-Not Lighted
2023-11-01T09:45:00.000,I 85,I 85 and Indian Trail Lilburn Rd,,Rear End,2,Clear,Dry,Daylight
2023-08-12T13:28:00.000,I 85,I 85 and Indian Trail Lilburn Rd,,Sideswipe-Opposite Direction,2,Clear,Dry,Daylight
2022-04-29T21:30:00.000,I 85,I 85 and Indian Trail Lilburn Rd,,Rear End,2,Clear,Dry,Dark-Lighted
2022-04-06T17:24:00.000,I 85,I 85 and Indian Trail Lilburn Rd,,Rear End,2,Cloudy,Wet,Daylight
2022-07-30T10:47:00.000,I 85,I 85 and Indian Trail Lilburn Rd,,Rear End,4,Clear,Dry,Daylight
2024-11-08T22:00:00.000,I 85,I 85 and Indian Trail Lilburn Rd,,Rear End,2,Clear,Dry,Dark-Lighted
2021-01-25T00:20:00.000,I 85,I 85 and Indian Trail Lilburn Rd,,Sideswipe-Same Direction,2,Rain,Wet,Dark-Lighted
2023-11-19T15:13:00.000,I 85,I 85 and Indian Trail Lilburn Rd,,Sideswipe-Same Direction,2,Clear,Dry,Daylight
2023-09-16T16:40:00.000,I 85,I 85 and Indian Trail Lilburn Rd,,Rear End,2,Cloudy,Wet,Daylight
2021-07-08T21:28:00.000,I 85,I 85 and Indian Trail Lilburn Rd,,Angle Crash,4,Clear,Dry,Dark-Lighted
2020-11-18T18:50:00.000,I 85,I 85 and Indian Trail Lilburn Rd,,Rear End,2,Clear,Dry,Dark-Not Lighted
2020-09-18T21:02:00.000,I 85,I 85 and Indian Trail Lilburn Rd,,Sideswipe-Same Direction,2,Clear,Dry,Dark-Not Lighted
2020-01-08T20:53:00.000,I 85,I 85 and Indian Trail Lilburn Rd,,Rear End,2,Clear,Dry,Dark-Lighted
2020-10-07T20:00:00.000,I 85,I 85 and Indian Trail Lilburn Rd,,Rear End,2,Clear,Dry,Dark-Lighted
2020-10-23T16:10:00.000,I 85,I 85 and Indian Trail Lilburn Rd,,Rear End,2,Clear,Dry,Daylight
2020-10-31T19:00:00.000,I 85,I 85 and Indian Trail Lilburn Rd,,Rear End,2,Clear,Dry,Dark-Lighted
2020-10-17T19:00:00.000,I 85,I 85 and Indian Trail Lilburn Rd,,Rear End,2,Clear,Dry,Dark-Lighted
2020-12-22T18:32:00.000,I 85,I 85 and Indian Trail Lilburn Rd,,Rear End,2,Clear,Dry,Dark-Lighted
2020-02-16T18:23:00.000,I 85,I 85 and Indian Trail Lilburn Rd,,Sideswipe-Same Direction,2,Rain,Wet,Dark-Lighted
2020-05-30T15:20:00.000,I 85,I 85 and Indian Trail Lilburn Rd,,Sideswipe-Same Direction,2,Clear,Dry,Daylight
2020-01-08T20:58:00.000,I 85,I 85 and Indian Trail Lilburn Rd,,Rear End,3,Clear,Dry,Dark-Lighted
2020-10-28T18:20:00.000,I 85,I 85 and Indian Trail Lilburn Rd,,Not a Collision with Motor Vehicle,1,Cloudy,Dry,Daylight
2020-06-26T17:15:00.000,I 85,I 85 and Indian Trail Lilburn Rd,,Rear End,2,Cloudy,Dry,Daylight
2020-05-19T21:35:00.000,I 85,I 85 and Indian Trail Lilburn Rd,,Rear End,2,Clear,Dry,Dark-Lighted
2020-02-16T19:08:00.000,I 85,I 85 and Indian Trail Lilburn Rd,,Rear End,4,Rain,Wet,Dark-Lighted
2020-10-27T19:27:00.000,I 85,I 85 and Indian Trail Lilburn Rd,,Angle Crash,2,Clear,Dry,Dark-Lighted
2020-10-12T14:35:00.000,I 85,I 85 and Indian Trail Lilburn Rd,,Rear End,2,Cloudy,Dry,Daylight
2020-10-09T19:08:00.000,I 85,I 85 and Indian Trail Lilburn Rd,,Rear End,2,Rain,Wet,Dark-Lighted
2020-10-03T18:15:00.000,I 85,I 85 and Indian Trail Lilburn Rd,,Sideswipe-Same Direction,2,Clear,Dry,Daylight
2020-08-24T02:29:00.000,I 85,I 85 and Indian Trail Lilburn Rd,,Angle Crash,2,Cloudy,Dry,Dark-Lighted
2020-09-19T05:04:00.000,I 85,I 85 and Indian Trail Lilburn Rd,,(None),1,(None),(None),(None)
2020-02-01T04:00:00.000,I 85,I 85 and Indian Trail Lilburn Rd,,Not a Collision with Motor Vehicle,1,Clear,Dry,Dark-Lighted
2020-06-25T13:10:00.000,I 85,I 85 and Indian Trail Lilburn Rd,,Rear End,2,Clear,Dry,Daylight
2020-11-15T16:09:00.000,I 85,I 85 and Indian Trail Lilburn Rd,,Rear End,2,Clear,Dry,Daylight
2020-09-02T07:00:00.000,I 85,I 85 and Indian Trail Lilburn Rd,,Rear End,3,Clear,Dry,Daylight
2020-01-11T23:09:00.000,I 85,I 85 and Indian Trail Lilburn Rd,,Sideswipe-Same Direction,2,Cloudy,Dry,Dark-Not Lighted
2020-01-16T10:45:00.000,I 85,I 85 and Indian Trail Lilburn Rd,,Rear End,2,Clear,Dry,Daylight
2020-03-08T15:55:00.000,I 85,I 85 and Indian Trail Lilburn Rd,,Rear End,2,Cloudy,Dry,Daylight
2020-02-06T18:32:00.000,I 85,I 85 and Indian Trail Lilburn Rd,,Rear End,2,Rain,Wet,Dark-Lighted
2020-08-15T23:00:00.000,I 85,I 85 and Indian Trail Lilburn Rd,,Not a Collision with Motor Vehicle,1,Cloudy,Wet,Dark-Lighted
2020-11-28T15:15:00.000,I 85,I 85 and Indian Trail Lilburn Rd,,Rear End,2,Clear,Dry,Daylight
2020-12-05T19:45:00.000,I 85,I 85 and Indian Trail Lilburn Rd,,Rear End,2,Clear,Dry,Dark-Lighted
2020-11-10T18:58:00.000,I 85,I 85 and Indian Trail Lilburn Rd,,Sideswipe-Same Direction,3,Rain,Wet,Dark-Lighted
2020-03-06T08:51:00.000,I 85,I 85 and Indian Trail Lilburn Rd,,Rear End,3,Cloudy,Dry,Daylight
2020-02-21T13:55:00.000,I 85,I 85 and Indian Trail Lilburn Rd,,Not a Collision with Motor Vehicle,2,Clear,Dry,Daylight
2020-10-23T16:10:00.000,I 85,I 85 and Indian Trail Lilburn Rd,,Rear End,3,Clear,Dry,Daylight
2020-01-12T07:34:00.000,I 85,I 85 and Indian Trail Lilburn Rd,,Rear End,2,Cloudy,Dry,Daylight
2020-01-16T09:45:00.000,I 85,I 85 and Indian Trail Lilburn Rd,,Rear End,2,Cloudy,Wet,Daylight
2020-02-16T18:23:00.000,I 85,I 85 and Indian Trail Lilburn Rd,,Rear End,2,Rain,Wet,Dark-Lighted
2020-12-14T20:20:00.000,I 85,I 85 and Indian Trail Lilburn Rd,,Sideswipe-Same Direction,2,Cloudy,Dry,Dark-Lighted
2020-11-13T08:40:00.000,I 85,I 85 and Indian Trail Lilburn Rd,,Sideswipe-Same Direction,2,Clear,Dry,Daylight
2020-02-04T05:52:00.000,I 85,I 85 and Indian Trail Lilburn Rd,,Rear End,2,Clear,Dry,Daylight
2020-08-26T06:45:00.000,I 85,I 85 and Indian Trail Lilburn Rd,,Rear End,2,Cloudy,Dry,Daylight
2020-05-22T13:50:00.000,I 85,I 85 and Indian Trail Lilburn Rd,,Sideswipe-Same Direction,2,Clear,Dry,Daylight
2020-07-07T15:10:00.000,I 85,I 85 and Indian Trail Lilburn Rd,,Rear End,2,Cloudy,Dry,Daylight
2020-07-05T18:45:00.000,I 85,I 85 and Indian Trail Lilburn Rd,,Rear End,4,Clear,Dry,Daylight
2020-10-31T18:50:00.000,I 85,I 85 and Indian Trail Lilburn Rd,,Sideswipe-Same Direction,2,Clear,Dry,Dusk
2020-10-31T19:20:00.000,I 85,I 85 and Indian Trail Lilburn Rd,,Angle Crash,2,Clear,Dry,Dark-Not Lighted
2020-10-16T14:40:00.000,I 85,I 85 and Indian Trail Lilburn Rd,,Sideswipe-Same Direction,2,Clear,Dry,Daylight
2020-07-18T10:45:00.000,I 85,I 85 and Indian Trail Lilburn Rd,,Rear End,2,Clear,Dry,Daylight
2020-10-23T23:11:00.000,I 85,I 85 and Indian Trail Lilburn Rd,,Sideswipe-Same Direction,2,Clear,Dry,Dark-Lighted
2020-10-24T17:19:00.000,I 85,I 85 and Indian Trail Lilburn Rd,,Rear End,2,Rain,Wet,Dusk
2020-02-29T13:00:00.000,I 85,I 85 and Indian Trail Lilburn Rd,,Rear End,2,Clear,Dry,Daylight
2020-07-06T12:24:00.000,I 85,I 85 and Indian Trail Lilburn Rd,,Rear End,3,Cloudy,Dry,Daylight
2020-05-30T14:41:00.000,I 85,I 85 and Indian Trail Lilburn Rd,,Rear End,2,Clear,Dry,Daylight
2020-01-23T20:12:00.000,I 85,I 85 and Indian Trail Lilburn Rd,,Rear End,2,Cloudy,Wet,Dark-Lighted
2020-11-09T19:18:00.000,I 85,I 85 and Indian Trail Lilburn Rd,,Angle Crash,2,Clear,Dry,Dark-Lighted
2020-08-20T22:10:00.000,I 85,I 85 and Indian Trail Lilburn Rd,,Rear End,4,Rain,Wet,Dark-Lighted
2020-10-09T18:40:00.000,I 85,I 85 and Indian Trail Lilburn Rd,,Rear End,2,Rain,Wet,Daylight
2020-06-11T21:11:00.000,I 85,I 85 and Indian Trail Lilburn Rd,,Sideswipe-Same Direction,2,Clear,Dry,Dark-Lighted
2020-02-18T19:30:00.000,I 85,I 85 and Indian Trail Lilburn Rd,,Sideswipe-Same Direction,2,Rain,Wet,Dark-Lighted
2020-12-16T17:56:00.000,I 85,I 85 and Indian Trail Lilburn Rd,,Rear End,3,Clear,Dry,Dark-Not Lighted
2020-07-20T13:20:00.000,I 85,I 85 and Indian Trail Lilburn Rd,,Not a Collision with Motor Vehicle,1,Clear,Dry,Daylight
2020-08-20T02:50:00.000,I 85,I 85 and Indian Trail Lilburn Rd,,Sideswipe-Same Direction,2,Cloudy,Wet,Dark-Lighted
2020-12-16T20:30:00.000,I 85,I 85 and Indian Trail Lilburn Rd,,Angle Crash,2,Clear,Dry,Dark-Lighted
2020-02-13T21:20:00.000,I 85,I 85 and Indian Trail Lilburn Rd,,Rear End,4,Clear,Dry,Dark-Lighted
2020-06-15T16:20:00.000,I 85,I 85 and Indian Trail Lilburn Rd,,Rear End,2,Rain,Wet,Daylight
2020-03-25T15:00:00.000,I 85,I 85 and Indian Trail Lilburn Rd,,Angle Crash,6,Clear,Dry,Daylight
2020-09-02T07:00:00.000,I 85,I 85 and Indian Trail Lilburn Rd,,Rear End,2,Clear,Dry,Daylight
2020-07-07T14:01:00.000,I 85,I 85 and Indian Trail Lilburn Rd,,Sideswipe-Same Direction,2,Cloudy,Dry,Daylight
2020-10-14T05:09:00.000,I 85,I 85 and Indian Trail Lilburn Rd,,Sideswipe-Same Direction,2,Cloudy,Dry,Dark-Lighted
2020-12-14T18:40:00.000,I 85,I 85 and Indian Trail Lilburn Rd,,Rear End,2,Clear,Dry,Dark-Lighted
2020-03-24T07:27:00.000,I 85,I 85 and Indian Trail Lilburn Rd,,Rear End,2,Cloudy,Wet,Daylight
2020-05-29T17:10:00.000,I 85,I 85 and Indian Trail Lilburn Rd,,Rear End,2,Clear,Dry,Daylight
2020-03-20T12:00:00.000,I 85,I 85 and Indian Trail Lilburn Rd,,Sideswipe-Same Direction,2,Clear,Dry,Daylight
2020-11-06T20:00:00.000,I 85,I 85 and Indian Trail Lilburn Rd,,Sideswipe-Same Direction,2,Clear,Dry,Dark-Lighted
2020-02-24T06:00:00.000,I 85,I 85 and Indian Trail Lilburn Rd,,Sideswipe-Same Direction,2,Rain,Wet,Dark-Lighted
2020-08-21T23:54:00.000,I 85,I 85 and Indian Trail Lilburn Rd,,Rear End,2,Cloudy,Dry,Dark-Not Lighted
2020-02-14T19:40:00.000,I 85,I 85 and Indian Trail Lilburn Rd,,Rear End,3,Clear,Dry,Dark-Lighted
2020-10-17T19:10:00.000,I 85,I 85 and Indian Trail Lilburn Rd,,Rear End,2,Clear,Dry,Dusk
2020-11-26T03:40:00.000,I 85,I 85 and Indian Trail Lilburn Rd,,(None),1,(None),(None),(None)
2020-01-07T08:09:00.000,I 85,I 85 and Indian Trail Lilburn Rd,,Rear End,5,Clear,Dry,Daylight
2020-04-02T17:10:00.000,I 85,I 85 and Indian Trail Lilburn Rd,,Not a Collision with Motor Vehicle,2,Clear,Dry,Daylight
2020-11-06T16:30:00.000,I 85,I 85 and Indian Trail Lilburn Rd,,Rear End,2,Clear,Dry,Daylight
2020-10-29T02:50:00.000,I 85,I 85 and Indian Trail Lilburn Rd,,Head On,2,Rain,Wet,Dark-Lighted
2020-08-18T15:00:00.000,I 85,I 85 and Indian Trail Lilburn Rd,,Rear End,2,Clear,Dry,Daylight
2020-06-04T14:40:00.000,I 85,I 85 and Indian Trail Lilburn Rd,,Rear End,2,Cloudy,Dry,Daylight
2020-10-21T19:45:00.000,I 85,I 85 and Indian Trail Lilburn Rd,,Sideswipe-Same Direction,1,Clear,Dry,Dark-Lighted
2020-08-18T15:00:00.000,I 85,I 85 and Indian Trail Lilburn Rd,,Rear End,2,Clear,Dry,Daylight
2020-08-10T11:40:00.000,I 85,I 85 and Indian Trail Lilburn Rd,,Rear End,2,Clear,Dry,Daylight
2020-12-14T18:04:00.000,I 85,I 85 and Indian Trail Lilburn Rd,,Rear End,4,Clear,Dry,Daylight
2020-12-31T15:28:00.000,I 85,I 85 and Indian Trail Lilburn Rd,,Sideswipe-Same Direction,2,Rain,Wet,Daylight
2020-11-22T19:13:00.000,I 85,I 85 and Indian Trail Lilburn Rd,,Rear End,2,Clear,Dry,Dark-Lighted
2020-09-10T22:00:00.000,I 85,I 85 and Indian Trail Lilburn Rd,,Sideswipe-Same Direction,2,Clear,Dry,Dark-Not Lighted
2020-03-07T14:30:00.000,I 85,I 85 and Indian Trail Lilburn Rd,,Sideswipe-Same Direction,2,Clear,Dry,Daylight
2020-02-08T09:55:00.000,I 85,I 85 and Indian Trail Lilburn Rd,,Rear End,3,Snow,Wet,Daylight
2021-03-15T15:40:00.000,I 85,I 85 and Indian Trail Lilburn Rd,,Sideswipe-Same Direction,2,Clear,Dry,Daylight
2021-02-25T18:20:00.000,I 85,I 85 and Indian Trail Lilburn Rd,,Sideswipe-Same Direction,2,Clear,Dry,Daylight
2021-01-13T22:55:00.000,I 85,I 85 and Indian Trail Lilburn Rd,,Sideswipe-Same Direction,2,Clear,Dry,Dark-Lighted
2021-04-29T11:26:00.000,I 85,I 85 and Indian Trail Lilburn Rd,,Rear End,2,Clear,Dry,Daylight
2021-05-21T17:35:00.000,I 85,I 85 and Indian Trail Lilburn Rd,,Sideswipe-Same Direction,2,Clear,Dry,Daylight
2021-04-24T00:34:00.000,I 85,I 85 and Indian Trail Lilburn Rd,,Sideswipe-Same Direction,2,Clear,Dry,Dark-Lighted
2021-05-30T19:59:00.000,I 85,I 85 and Indian Trail Lilburn Rd,,Rear End,2,Clear,Dry,Daylight
2021-05-08T09:30:00.000,I 85,I 85 and Indian Trail Lilburn Rd,,Sideswipe-Same Direction,2,Clear,Dry,Daylight
2021-06-02T21:05:00.000,I 85,I 85 and Indian Trail Lilburn Rd,,Sideswipe-Same Direction,5,Cloudy,Dry,Dark-Lighted
2021-05-14T08:50:00.000,I 85,I 85 and Indian Trail Lilburn Rd,,Rear End,2,Clear,Dry,Daylight
2021-02-20T15:00:00.000,I 85,I 85 and Indian Trail Lilburn Rd,,Rear End,2,Cloudy,Dry,Daylight
2021-03-01T03:47:00.000,I 85,I 85 and Indian Trail Lilburn Rd,,Not a Collision with Motor Vehicle,1,Cloudy,Dry,Dark-Lighted
2021-05-28T20:36:00.000,I 85,I 85 and Indian Trail Lilburn Rd,,Sideswipe-Same Direction,2,Clear,Dry,Dark-Lighted
2021-05-19T10:00:00.000,I 85,I 85 and Indian Trail Lilburn Rd,,Sideswipe-Same Direction,2,Cloudy,Dry,Daylight
2021-05-20T15:35:00.000,I 85,I 85 and Indian Trail Lilburn Rd,,Rear End,2,Clear,Dry,Daylight
2021-01-05T20:00:00.000,I 85,I 85 and Indian Trail Lilburn Rd,,Not a Collision with Motor Vehicle,2,Clear,Dry,Dark-Lighted
2021-07-25T19:07:00.000,I 85,I 85 and Indian Trail Lilburn Rd,,Rear End,3,Cloudy,Wet,Daylight
2021-07-27T14:00:00.000,I 85,I 85 and Indian Trail Lilburn Rd,,Rear End,2,Clear,Dry,Daylight
2021-08-02T15:34:00.000,I 85,I 85 and Indian Trail Lilburn Rd,,Sideswipe-Same Direction,2,Clear,Dry,Daylight
2021-11-17T12:43:00.000,I 85,I 85 and Indian Trail Lilburn Rd,,Not a Collision with Motor Vehicle,1,Clear,Dry,Daylight