Date and Time,Roadway (From Crash Report),Intersection Name (from Crash Report),KABCO Severity,Manner of Collision (Crash Level) ,# of Vehicles per crash ,Weather Conditions (Crash Level),Surface Condition (Crash Level) ,Light Conditions (Crash Level)
2021-07-16T16:50:00.000,I 85,I 85 and Indian Trail Lilburn Rd,,Sideswipe-Same Direction,2,Clear,Dry,Daylight
2021-10-23T18:35:00.000,I 85,I 85 and Indian Trail Lilburn Rd,,Angle Crash,2,Clear,Dry,Daylight
2021-10-29T22:19:00.000,I 85,I 85 and Indian Trail Lilburn Rd,,Rear End,2,Rain,Wet,Dark-Lighted
2021-10-30T20:40:00.000,I 85,I 85 and Indian Trail Lilburn Rd,,Rear End,5,Cloudy,Wet,Dark-Lighted
2021-07-11T03:00:00.000,I 85,I 85 and Indian Trail Lilburn Rd,,Sideswipe-Same Direction,2,Clear,Dry,Dark-Lighted
2021-10-04T06:20:00.000,I 85,I 85 and Indian Trail Lilburn Rd,,Sideswipe-Same Direction,2,Clear,Dry,Dark-Lighted
2021-07-11T23:30:00.000,I 85,I 85 and Indian Trail Lilburn Rd,,Sideswipe-Same Direction,2,Cloudy,Dry,Dark-Not Lighted
2021-11-07T15:56:00.000,I 85,I 85 and Indian Trail Lilburn Rd,,Rear End,3,Clear,Dry,Daylight
2021-07-08T23:08:00.000,I 85,I 85 and Indian Trail Lilburn Rd,,Sideswipe-Same Direction,2,Clear,Dry,Dark-Lighted
2021-11-27T18:26:00.000,I 85,I 85 and Indian Trail Lilburn Rd,,Rear End,2,Clear,Dry,Dark-Not Lighted
2021-07-22T13:30:00.000,I 85,I 85 and Indian Trail Lilburn Rd,,Sideswipe-Same Direction,4,Clear,Dry,Daylight
2021-11-06T10:36:00.000,I 85,I 85 and Indian Trail Lilburn Rd,,Rear End,2,Clear,Dry,Daylight
2021-09-30T18:23:00.000,I 85,I 85 and Indian Trail Lilburn Rd,,Rear End,3,Clear,Dry,Daylight
2021-10-10T09:10:00.000,I 85,I 85 and Indian Trail Lilburn Rd,,Rear End,2,Clear,Dry,Daylight
2021-08-07T18:39:00.000,I 85,I 85 and Indian Trail Lilburn Rd,,Rear End,2,Rain,Wet,Daylight
2021-12-05T14:10:00.000,I 85,I 85 and Indian Trail Lilburn Rd,,Rear End,2,Cloudy,Dry,Dawn
2022-09-21T22:03:00.000,I 85,I 85 and Indian Trail Lilburn Rd,,Rear End,2,Clear,Dry,Dark-Lighted
2022-01-03T17:54:00.000,I 85,I 85 and Indian Trail Lilburn Rd,,Rear End,2,Clear,Dry,Dusk
2022-04-24T14:54:00.000,I 85,I 85 and Indian Trail Lilburn Rd,,Rear End,3,Cloudy,Dry,Daylight
2022-06-25T17:34:00.000,I 85,I 85 and Indian Trail Lilburn Rd,,Sideswipe-Same Direction,2,Clear,Dry,Daylight
2022-10-15T15:29:00.000,I 85,I 85 and Indian Trail Lilburn Rd,,Rear End,2,Clear,Dry,Daylight
2022-06-16T03:34:00.000,I 85,I 85 and Indian Trail Lilburn Rd,,Not a Collision with Motor Vehicle,1,Clear,Dry,Daylight
2021-07-17T17:00:00.000,I 85,I 85 and Indian Trail Lilburn Rd,,Rear End,2,Cloudy,Dry,Daylight
2021-12-16T07:15:00.000,I 85,I 85 and Indian Trail Lilburn Rd,,Not a Collision with Motor Vehicle,1,Cloudy,Dry,Dark-Lighted
2021-10-31T01:58:00.000,I 85,I 85 and Indian Trail Lilburn Rd,,Angle Crash,2,Clear,Dry,Dark-Not Lighted
2021-09-11T15:00:00.000,I 85,I 85 and Indian Trail Lilburn Rd,,Angle Crash,2,Clear,Dry,Daylight
2021-08-29T21:54:00.000,I 85,I 85 and Indian Trail Lilburn Rd,,Rear End,2,Clear,Dry,Dark-Lighted
2021-12-26T12:58:00.000,I 85,I 85 and Indian Trail Lilburn Rd,,Rear End,2,Clear,Dry,Daylight
2022-05-10T22:00:00.000,I 85,I 85 and Indian Trail Lilburn Rd,,Rear End,2,Clear,Dry,Dark-Lighted
2022-01-22T18:32:00.000,I 85,I 85 and Indian Trail Lilburn Rd,,Rear End,2,Clear,Dry,Dark-Lighted
2022-11-27T16:32:00.000,I 85,I 85 and Indian Trail Lilburn Rd,,Rear End,2,Cloudy,Dry,Daylight
2022-03-19T17:25:00.000,I 85,I 85 and Indian Trail Lilburn Rd,,Rear End,2,Clear,Dry,Daylight
2022-12-07T03:08:00.000,I 85,I 85 and Indian Trail Lilburn Rd,,Not a Collision with Motor Vehicle,1,Fog,Wet,Dark-Lighted
2022-01-06T10:42:00.000,I 85,I 85 and Indian Trail Lilburn Rd,,Rear End,2,Cloudy,Dry,Daylight
2022-09-11T13:49:00.000,I 85,I 85 and Indian Trail Lilburn Rd,,Rear End,2,Cloudy,Wet,Daylight
2022-10-02T14:34:00.000,I 85,I 85 and Indian Trail Lilburn Rd,,Rear End,2,Clear,Dry,Daylight
2022-02-02T18:35:00.000,I 85,I 85 and Indian Trail Lilburn Rd,,Rear End,2,Clear,Dry,Dark-Lighted
2022-12-29T16:00:00.000,I 85,I 85 and Indian Trail Lilburn Rd,,Sideswipe-Same Direction,2,Clear,Dry,Daylight
2022-03-06T14:52:00.000,I 85,I 85 and Indian Trail Lilburn Rd,,Rear End,2,Clear,Dry,Daylight
2022-12-24T04:17:00.000,I 85,I 85 and Indian Trail Lilburn Rd,,Rear End,2,Clear,Dry,Dark-Lighted
2022-01-11T07:00:00.000,I 85,I 85 and Indian Trail Lilburn Rd,,Rear End,5,Clear,Dry,Daylight
2022-01-15T16:06:00.000,I 85,I 85 and Indian Trail Lilburn Rd,,Rear End,2,Clear,Dry,Daylight
2022-11-01T06:40:00.000,I 85,I 85 and Indian Trail Lilburn Rd,,Rear End,2,Clear,Dry,Dark-Lighted
2022-08-12T20:35:00.000,I 85,I 85 and Indian Trail Lilburn Rd,,Sideswipe-Same Direction,2,Clear,Dry,Daylight
2022-01-03T21:22:00.000,I 85,I 85 and Indian Trail Lilburn Rd,,Rear End,2,Clear,Dry,Dark-Lighted
2022-08-31T15:46:00.000,I 85,I 85 and Indian Trail Lilburn Rd,,Rear End,3,Cloudy,Dry,Daylight
2022-09-07T10:38:00.000,I 85,I 85 and Indian Trail Lilburn Rd,,Rear End,2,Cloudy,Dry,Daylight
2022-06-19T14:45:00.000,I 85,I 85 and Indian Trail Lilburn Rd,,Rear End,3,Clear,Dry,Daylight
2022-06-24T23:00:00.000,I 85,I 85 and Indian Trail Lilburn Rd,,Rear End,4,Cloudy,Dry,Dark-Lighted
2022-12-14T16:23:00.000,I 85,I 85 and Indian Trail Lilburn Rd,,Rear End,2,Rain,Wet,Daylight
2021-11-30T20:36:00.000,I 85,I 85 and Indian Trail Lilburn Rd,,Sideswipe-Same Direction,2,Clear,Dry,Dark-Lighted
2021-12-26T14:31:00.000,I 85,I 85 and Indian Trail Lilburn Rd,,Rear End,2,Cloudy,Dry,Daylight
2021-07-17T15:14:00.000,I 85,I 85 and Indian Trail Lilburn Rd,,Rear End,2,Clear,Dry,Daylight
2021-11-27T18:29:00.000,I 85,I 85 and Indian Trail Lilburn Rd,,Rear End,2,Clear,Dry,Dark-Not Lighted
2021-09-05T02:40:00.000,I 85,I 85 and Indian Trail Lilburn Rd,,Sideswipe-Same Direction,2,Clear,Dry,Dark-Lighted
2021-11-12T23:06:00.000,I 85,I 85 and Indian Trail Lilburn Rd,,Sideswipe-Same Direction,2,Clear,Dry,Dark-Not Lighted
2022-04-10T20:04:00.000,I 85,I 85 and Indian Trail Lilburn Rd,,Rear End,2,Clear,Dry,Daylight
2022-11-27T14:17:00.000,I 85,I 85 and Indian Trail Lilburn Rd,,Sideswipe-Same Direction,2,Clear,Dry,Daylight
2022-12-08T14:05:00.000,I 85,I 85 and Indian Trail Lilburn Rd,,Rear End,2,Cloudy,Dry,Daylight
2022-12-02T20:38:00.000,I 85,I 85 and Indian Trail Lilburn Rd,,Rear End,2,Clear,Dry,Dark-Lighted
2022-04-06T12:00:00.000,I 85,I 85 and Indian Trail Lilburn Rd,,Rear End,2,Cloudy,Wet,Daylight
2022-04-16T13:57:00.000,I 85,I 85 and Indian Trail Lilburn Rd,,Rear End,2,Clear,Dry,Daylight
2022-09-24T21:00:00.000,I 85,I 85 and Indian Trail Lilburn Rd,,Rear End,2,Clear,Dry,Dark-Lighted
2022-12-14T17:15:00.000,I 85,I 85 and Indian Trail Lilburn Rd,,Rear End,2,Rain,Wet,Dark-Lighted
2022-01-31T17:40:00.000,I 85,I 85 and Indian Trail Lilburn Rd,,Rear End,2,Clear,Dry,Daylight
2022-10-16T15:13:00.000,I 85,I 85 and Indian Trail Lilburn Rd,,Rear End,2,Clear,Dry,Daylight
2022-06-08T16:50:00.000,I 85,I 85 and Indian Trail Lilburn Rd,,Rear End,3,Clear,Dry,Daylight
2022-06-19T13:47:00.000,I 85,I 85 and Indian Trail Lilburn Rd,,Rear End,4,Clear,Dry,Dusk
2022-06-03T20:00:00.000,I 85,I 85 and Indian Trail Lilburn Rd,,Rear End,2,Clear,Dry,Daylight
2022-02-16T19:00:00.000,I 85,I 85 and Indian Trail Lilburn Rd,,Rear End,3,Clear,Dry,Dark-Lighted
2022-01-18T15:53:00.000,I 85,I 85 and Indian Trail Lilburn Rd,,Rear End,2,Clear,Dry,Daylight
2022-03-11T13:02:00.000,I 85,I 85 and Indian Trail Lilburn Rd,,Sideswipe-Same Direction,2,Cloudy,Dry,Daylight
2022-12-05T21:29:00.000,I 85,I 85 and Indian Trail Lilburn Rd,,Angle Crash,2,Rain,Wet,Dark-Lighted
2022-12-31T15:45:00.000,I 85,I 85 and Indian Trail Lilburn Rd,,Angle Crash,2,Clear,Dry,Daylight
2022-04-01T00:55:00.000,I 85,I 85 and Indian Trail Lilburn Rd,,Sideswipe-Same Direction,2,Clear,Dry,Dark-Lighted
2022-10-19T13:00:00.000,I 85,I 85 and Indian Trail Lilburn Rd,,Angle Crash,2,Cloudy,Dry,Daylight
2022-02-11T19:50:00.000,I 85,I 85 and Indian Trail Lilburn Rd,,Rear End,2,Clear,Dry,Dark-Lighted
2022-10-27T19:41:00.000,I 85,I 85 and Indian Trail Lilburn Rd,,Rear End,3,Clear,Dry,Dark-Lighted
2022-03-08T19:25:00.000,I 85,I 85 and Indian Trail Lilburn Rd,,Rear End,3,Rain,Wet,Dark-Lighted
2022-04-30T20:28:00.000,I 85,I 85 and Indian Trail Lilburn Rd,,Sideswipe-Same Direction,2,Clear,Dry,Dark-Lighted
2022-11-27T03:45:00.000,I 85,I 85 and Indian Trail Lilburn Rd,,Rear End,2,Rain,Wet,Dark-Not Lighted
2022-08-28T20:55:00.000,I 85,I 85 and Indian Trail Lilburn Rd,,Sideswipe-Same Direction,2,Clear,Dry,Dark-Lighted
2022-11-20T18:29:00.000,I 85,I 85 and Indian Trail Lilburn Rd,,Sideswipe-Same Direction,2,Clear,Dry,Dark-Not Lighted
2022-04-24T16:50:00.000,I 85,I 85 and Indian Trail Lilburn Rd,,Rear End,2,Clear,Dry,Daylight
2022-04-17T10:44:00.000,I 85,I 85 and Indian Trail Lilburn Rd,,Angle Crash,2,Clear,Dry,Daylight
2022-03-25T05:41:00.000,I 85,I 85 and Indian Trail Lilburn Rd,,Sideswipe-Same Direction,2,Clear,Dry,Dark-Lighted
2022-10-28T18:50:00.000,I 85,I 85 and Indian Trail Lilburn Rd,,Rear End,4,Clear,Dry,Dark-Lighted
2022-01-14T20:35:00.000,I 85,I 85 and Indian Trail Lilburn Rd,,Sideswipe-Same Direction,2,Clear,Dry,Dark-Lighted
2022-04-24T18:57:00.000,I 85,I 85 and Indian Trail Lilburn Rd,,Rear End,2,Clear,Dry,Daylight
2022-09-10T08:30:00.000,I 85,I 85 and Indian Trail Lilburn Rd,,Rear End,2,Rain,Wet,Daylight
2022-09-25T14:30:00.000,I 85,I 85 and Indian Trail Lilburn Rd,,Rear End,2,Clear,Dry,Daylight
2022-07-04T22:20:00.000,I 85,I 85 and Indian Trail Lilburn Rd,,Sideswipe-Same Direction,2,Clear,Dry,Dark-Lighted
2022-10-26T23:25:00.000,I 85,I 85 and Indian Trail Lilburn Rd,,Sideswipe-Same Direction,2,Cloudy,Dry,Dark-Lighted
2022-04-06T22:25:00.000,I 85,I 85 and Indian Trail Lilburn Rd,,Rear End,2,Cloudy,Dry,Dark-Not Lighted
2022-09-29T14:26:00.000,I 85,I 85 and Indian Trail Lilburn Rd,,Sideswipe-Same Direction,2,Clear,Dry,Daylight
2022-10-17T20:26:00.000,I 85,I 85 and Indian Trail Lilburn Rd,,Sideswipe-Same Direction,2,Clear,Dry,Dark-Not Lighted
2022-09-28T18:30:00.000,I 85,I 85 and Indian Trail Lilburn Rd,,Sideswipe-Same Direction,2,Clear,Dry,Daylight
2022-12-21T12:50:00.000,I 85,I 85 and Indian Trail Lilburn Rd,,Rear End,2,Cloudy,Dry,Daylight
2022-12-30T20:29:00.000,I 85,I 85 and Indian Trail Lilburn Rd,,Sideswipe-Same Direction,2,Cloudy,Dry,Dark-Lighted
2022-07-28T20:37:00.000,I 85,I 85 and Indian Trail Lilburn Rd,,Sideswipe-Same Direction,2,Clear,Dry,Dark-Not Lighted
2022-06-11T18:20:00.000,I 85,I 85 and Indian Trail Lilburn Rd,,Sideswipe-Same Direction,2,Cloudy,Dry,Daylight
2022-10-30T01:03:00.000,I 85,I 85 and Indian Trail Lilburn Rd,,Sideswipe-Same Direction,2,Clear,Dry,Dark-Lighted
2022-06-17T06:30:00.000,I 85,I 85 and Indian Trail Lilburn Rd,,Rear End,2,Clear,Dry,Daylight
2022-06-08T16:50:00.000,I 85,I 85 and Indian Trail Lilburn Rd,,Rear End,2,Clear,Dry,Daylight
2022-08-17T14:36:00.000,I 85,I 85 and Indian Trail Lilburn Rd,,Not a Collision with Motor Vehicle,1,Clear,Dry,Daylight
2022-12-17T19:19:00.000,I 85,I 85 and Indian Trail Lilburn Rd,,Rear End,2,Clear,Dry,Dark-Not Lighted
2022-10-26T16:30:00.000,I 85,I 85 and Indian Trail Lilburn Rd,,Rear End,2,Clear,Dry,Daylight
2022-09-18T04:30:00.000,I 85,I 85 and Indian Trail Lilburn Rd,,Not a Collision with Motor Vehicle,1,Clear,Dry,Dark-Lighted
2022-07-29T14:30:00.000,I 85,I 85 and Indian Trail Lilburn Rd,,Sideswipe-Same Direction,2,Clear,Dry,Daylight
2022-06-11T00:30:00.000,I 85,I 85 and Indian Trail Lilburn Rd,,Sideswipe-Same Direction,2,Clear,Dry,Dark-Lighted
2022-03-27T20:23:00.000,I 85,I 85 and Indian Trail Lilburn Rd,,Not a Collision with Motor Vehicle,2,Clear,Dry,Dark-Not Lighted
2022-03-20T16:05:00.000,I 85,I 85 and Indian Trail Lilburn Rd,,Rear End,2,Clear,Dry,Daylight
2022-08-31T08:44:00.000,I 85,I 85 and Indian Trail Lilburn Rd,,Rear End,2,Clear,Dry,Daylight
2022-11-05T05:58:00.000,I 85,I 85 and Indian Trail Lilburn Rd,,Sideswipe-Same Direction,2,Clear,Dry,Dark-Not Lighted
2022-08-06T17:31:00.000,I 85,I 85 and Indian Trail Lilburn Rd,,Rear End,3,Clear,Dry,Daylight
2022-03-16T03:06:00.000,I 85,I 85 and Indian Trail Lilburn Rd,,Sideswipe-Same Direction,2,Rain,Wet,Dark-Not Lighted
2022-10-15T02:55:00.000,I 85,I 85 and Indian Trail Lilburn Rd,,Sideswipe-Same Direction,2,Clear,Dry,Dark-Lighted
2022-06-07T01:10:00.000,I 85,I 85 and Indian Trail Lilburn Rd,,Sideswipe-Same Direction,2,Clear,Dry,Dark-Lighted
2022-06-23T16:36:00.000,I 85,I 85 and Indian Trail Lilburn Rd,,Rear End,2,Clear,Dry,Daylight
2022-10-23T17:18:00.000,I 85,I 85 and Indian Trail Lilburn Rd,,Rear End,2,Clear,Dry,Daylight
2022-01-05T06:50:00.000,I 85,I 85 and Indian Trail Lilburn Rd,,Rear End,2,Cloudy,Dry,Dusk
2022-04-17T00:30:00.000,I 85,I 85 and Indian Trail Lilburn Rd,,Rear End,2,Clear,Dry,Dark-Lighted
2022-12-31T17:16:00.000,I 85,I 85 and Indian Trail Lilburn Rd,,Rear End,2,Clear,Dry,Daylight
2022-07-23T16:20:00.000,I 85,I 85 and Indian Trail Lilburn Rd,,Rear End,2,Cloudy,Dry,Daylight
2022-07-13T16:25:00.000,I 85,I 85 and Indian Trail Lilburn Rd,,Rear End,2,Clear,Dry,Daylight
2022-01-30T19:05:00.000,I 85,I 85 and Indian Trail Lilburn Rd,,Rear End,2,Clear,Dry,Dark-Lighted
2022-04-03T01:50:00.000,I 85,I 85 and Indian Trail Lilburn Rd,,Rear End,2,Cloudy,Dry,Dark-Lighted
2022-07-16T23:20:00.000,I 85,I 85 and Indian Trail Lilburn Rd,,Sideswipe-Same Direction,2,Clear,Dry,Dark-Lighted
2022-08-13T19:11:00.000,I 85,I 85 and Indian Trail Lilburn Rd,,Sideswipe-Same Direction,2,Clear,Dry,Daylight
2022-09-28T15:52:00.000,I 85,I 85 and Indian Trail Lilburn Rd,,Rear End,2,Clear,Dry,Daylight
2022-10-09T02:00:00.000,I 85,I 85 and Indian Trail Lilburn Rd,,Sideswipe-Same Direction,2,Clear,Dry,Dark-Not Lighted
2022-04-20T17:00:00.000,I 85,I 85 and Indian Trail Lilburn Rd,,Sideswipe-Same Direction,2,Clear,Dry,Daylight
2022-10-02T19:03:00.000,I 85,I 85 and Indian Trail Lilburn Rd,,Angle Crash,2,Clear,Dry,Daylight
2023-09-01T20:33:00.000,I 85,I 85 and Indian Trail Lilburn Rd,,Rear End,2,Clear,Dry,Dark-Not Lighted
2023-04-01T09:45:00.000,I 85,I 85 and Indian Trail Lilburn Rd,,Rear End,2,Rain,Wet,Daylight
2023-09-17T23:59:00.000,I 85,I 85 and Indian Trail Lilburn Rd,,Rear End,2,Cloudy,Dry,Dark-Lighted
2023-05-20T21:02:00.000,I 85,I 85 and Indian Trail Lilburn Rd,,Rear End,3,Rain,Wet,Dark-Not Lighted
2023-06-11T19:40:00.000,I 85,I 85 and Indian Trail Lilburn Rd,,Angle Crash,2,Severe Thunderstorm or Tornadic,Wet,Daylight
2024-04-13T09:49:00.000,I 85,I 85 and Indian Trail Lilburn Rd,,Rear End,2,Clear,Dry,Daylight
2024-12-07T18:13:00.000,I 85,I 85 and Indian Trail Lilburn Rd,,Not a Collision with Motor Vehicle,2,Clear,Dry,Dark-Lighted
2024-11-22T23:13:00.000,I 85,I 85 and Indian Trail Lilburn Rd,,Sideswipe-Same Direction,2,Clear,Dry,Dark-Lighted
2024-07-23T20:00:00.000,I 85,I 85 and Indian Trail Lilburn Rd,,Rear End,2,Rain,Wet,Dark-Lighted
2024-11-30T16:33:00.000,I 85,I 85 and Indian Trail Lilburn Rd,,Angle Crash,2,Clear,Dry,Daylight
2024-12-11T12:30:00.000,I 85,I 85 and Indian Trail Lilburn Rd,,Sideswipe-Same Direction,2,Cloudy,Dry,Daylight
2024-09-30T22:50:00.000,I 85,I 85 and Indian Trail Lilburn Rd,,Sideswipe-Same Direction,2,Clear,Dry,Dark-Lighted
2024-11-24T13:49:00.000,I 85,I 85 and Indian Trail Lilburn Rd,,Rear End,3,Cloudy,Dry,Daylight
2024-08-19T21:25:00.000,I 85,I 85 and Indian Trail Lilburn Rd,,Rear End,2,Clear,Dry,Dark-Lighted
2024-08-24T16:00:00.000,I 85,I 85 and Indian Trail Lilburn Rd,,Rear End,2,Clear,Dry,Daylight
2024-05-13T20:55:00.000,I 85,I 85 and Indian Trail Lilburn Rd,,Rear End,2,Clear,Dry,Dark-Lighted
2024-08-19T20:31:00.000,I 85,I 85 and Indian Trail Lilburn Rd,,Rear End,2,Clear,Dry,Dark-Lighted
2024-12-14T19:30:00.000,I 85,I 85 and Indian Trail Lilburn Rd,,Rear End,2,Clear,Dry,Dark-Lighted
2024-12-18T17:39:00.000,I 85,I 85 and Indian Trail Lilburn Rd,,Rear End,2,Clear,Dry,Dark-Lighted
2024-12-19T07:40:00.000,I 85,I 85 and Indian Trail Lilburn Rd,,Rear End,2,Clear,Dry,Daylight
2024-08-06T13:07:00.000,I 85,I 85 and Indian Trail Lilburn Rd,,Sideswipe-Same Direction,2,Clear,Dry,Daylight
2024-05-28T21:49:00.000,I 85,I 85 and Indian Trail Lilburn Rd,,Rear End,2,Clear,Dry,Dark-Lighted
2024-12-27T19:16:00.000,I 85,I 85 and Indian Trail Lilburn Rd,,Rear End,3,Rain,Wet,Dark-Lighted
2024-02-25T15:39:00.000,I 85,I 85 and Indian Trail Lilburn Rd,,Rear End,2,Clear,Dry,Daylight
2024-02-25T21:02:00.000,I 85,I 85 and Indian Trail Lilburn Rd,,Rear End,2,Clear,Dry,Dark-Lighted
2024-05-06T17:03:00.000,I 85,I 85 and Indian Trail Lilburn Rd,,Rear End,3,Clear,Dry,Daylight
2024-10-04T21:23:00.000,I 85,I 85 and Indian Trail Lilburn Rd,,Rear End,2,Clear,Dry,Dark-Lighted
2024-04-12T21:10:00.000,I 85,I 85 and Indian Trail Lilburn Rd,,Sideswipe-Same Direction,2,Clear,Dry,Dark-Lighted
2024-05-18T12:35:00.000,I 85,I 85 and Indian Trail Lilburn Rd,,Sideswipe-Same Direction,2,Cloudy,Dry,Daylight
2024-12-22T14:09:00.000,I 85,I 85 and Indian Trail Lilburn Rd,,Angle Crash,2,Clear,Dry,Daylight
2024-12-01T20:12:00.000,I 85,I 85 and Indian Trail Lilburn Rd,,Rear End,2,Clear,Dry,Dark-Lighted
2024-10-02T12:40:00.000,I 85,I 85 and Indian Trail Lilburn Rd,,Rear End,4,Clear,Dry,Daylight
2024-05-13T14:05:00.000,I 85,I 85 and Indian Trail Lilburn Rd,,Sideswipe-Same Direction,2,Cloudy,Dry,Daylight
2024-11-06T19:20:00.000,I 85,I 85 and Indian Trail Lilburn Rd,,Angle Crash,4,Cloudy,Dry,Dark-Lighted
2024-11-14T03:37:00.000,I 85,I 85 and Indian Trail Lilburn Rd,,Angle Crash,2,Rain,Wet,Dark-Lighted
2024-02-28T16:36:00.000,I 85,I 85 and Indian Trail Lilburn Rd,,Rear End,2,Rain,Wet,Daylight
2024-07-26T23:04:00.000,I 85,I 85 and Indian Trail Lilburn Rd,,Rear End,2,Cloudy,Dry,Dark-Lighted
2024-05-18T21:47:00.000,I 85,I 85 and Indian Trail Lilburn Rd,,Sideswipe-Same Direction,2,Clear,Wet,Dark-Not Lighted
2024-02-04T18:59:00.000,I 85,I 85 and Indian Trail Lilburn Rd,,Rear End,2,Rain,Wet,Dark-Lighted
2024-11-17T16:26:00.000,I 85,I 85 and Indian Trail Lilburn Rd,,Rear End,2,Clear,Dry,Daylight
2024-01-21T17:15:00.000,I 85,I 85 and Indian Trail Lilburn Rd,,Rear End,3,Clear,Dry,Daylight
2023-06-24T00:20:00.000,I 85,I 85 and Indian Trail Lilburn Rd,,Angle Crash,3,Clear,Dry,Dark-Lighted
2023-01-05T08:32:00.000,I 85,I 85 and Indian Trail Lilburn Rd,,Rear End,2,Cloudy,Dry,Daylight
2023-12-17T04:16:00.000,I 85,I 85 and Indian Trail Lilburn Rd,,Rear End,3,Rain,Wet,Dark-Lighted
2023-04-18T06:45:00.000,I 85,I 85 and Indian Trail Lilburn Rd,,Rear End,2,Clear,Dry,Daylight
2023-06-29T17:59:00.000,I 85,I 85 and Indian Trail Lilburn Rd,,Rear End,3,Cloudy,Dry,Daylight
2024-09-19T06:40:00.000,I 85,I 85 and Indian Trail Lilburn Rd,,Sideswipe-Same Direction,2,Clear,Dry,Daylight
2024-06-08T16:23:00.000,I 85,I 85 and Indian Trail Lilburn Rd,,Rear End,3,Clear,Dry,Daylight
2024-10-05T21:49:00.000,I 85,I 85 and Indian Trail Lilburn Rd,,Sideswipe-Same Direction,2,Clear,Dry,Dark-Lighted
2024-08-24T23:06:00.000,I 85,I 85 and Indian Trail Lilburn Rd,,Sideswipe-Same Direction,2,Clear,Dry,Dark-Lighted
2024-05-03T12:53:00.000,I 85,I 85 and Indian Trail Lilburn Rd,,Rear End,3,Clear,Dry,Daylight
2024-09-16T08:03:00.000,I 85,I 85 and Indian Trail Lilburn Rd,,Sideswipe-Same Direction,2,Clear,Dry,Daylight
2024-03-13T20:20:00.000,I 85,I 85 and Indian Trail Lilburn Rd,,Rear End,2,Clear,Dry,Dark-Lighted
2024-08-02T04:42:00.000,I 85,I 85 and Indian Trail Lilburn Rd,,Angle Crash,2,Clear,Dry,Dark-Not Lighted
2023-08-05T13:17:00.000,I 85,I 85 and Indian Trail Lilburn Rd,,Rear End,2,Clear,Dry,Daylight
2023-03-25T13:53:00.000,I 85,I 85 and Indian Trail Lilburn Rd,,Rear End,2,Clear,Dry,Daylight
2023-05-01T19:46:00.000,I 85,I 85 and Indian Trail Lilburn Rd,,Rear End,2,Clear,Dry,Daylight
2023-03-10T20:25:00.000,I 85,I 85 and Indian Trail Lilburn Rd,,Rear End,2,Clear,Dry,Dark-Lighted
2023-08-09T13:38:00.000,I 85,I 85 and Indian Trail Lilburn Rd,,Sideswipe-Opposite Direction,2,Cloudy,Dry,Daylight
2023-04-25T20:40:00.000,I 85,I 85 and Indian Trail Lilburn Rd,,Rear End,2,Clear,Dry,Dark-Not Lighted
2023-04-14T19:32:00.000,I 85,I 85 and Indian Trail Lilburn Rd,,Sideswipe-Same Direction,2,Clear,Dry,Daylight
2023-08-05T10:45:00.000,I 85,I 85 and Indian Trail Lilburn Rd,,Rear End,2,Cloudy,Dry,Daylight
2023-01-22T19:35:00.000,I 85,I 85 and Indian Trail Lilburn Rd,,Rear End,2,Rain,Wet,Dark-Not Lighted
2023-03-30T07:01:00.000,I 85,I 85 and Indian Trail Lilburn Rd,,Sideswipe-Same Direction,3,Clear,Dry,Dark-Lighted
2023-02-05T16:15:00.000,I 85,I 85 and Indian Trail Lilburn Rd,,Rear End,2,Clear,Dry,Daylight
2023-05-10T15:06:00.000,I 85,I 85 and Indian Trail Lilburn Rd,,Sideswipe-Same Direction,2,Clear,Dry,Daylight
2023-06-10T12:27:00.000,I 85,I 85 and Indian Trail Lilburn Rd,,Sideswipe-Same Direction,2,Clear,Dry,Daylight
2023-10-08T13:20:00.000,I 85,I 85 and Indian Trail Lilburn Rd,,Sideswipe-Same Direction,2,Clear,Dry,Daylight
2023-07-22T09:55:00.000,I 85,I 85 and Indian Trail Lilburn Rd,,Rear End,2,Cloudy,Wet,Daylight
2023-05-14T12:19:00.000,I 85,I 85 and Indian Trail Lilburn Rd,,Angle Crash,2,Cloudy,Dry,Daylight
2023-01-07T18:45:00.000,I 85,I 85 and Indian Trail Lilburn Rd,,Rear End,2,Clear,Dry,Daylight
2023-04-30T13:45:00.000,I 85,I 85 and Indian Trail Lilburn Rd,,Rear End,4,Cloudy,Dry,Daylight
2023-05-14T12:33:00.000,I 85,I 85 and Indian Trail Lilburn Rd,,Rear End,2,Cloudy,Dry,Daylight
2023-09-24T16:00:00.000,I 85,I 85 and Indian Trail Lilburn Rd,,Rear End,2,Clear,Dry,Daylight
2023-10-28T16:18:00.000,I 85,I 85 and Indian Trail Lilburn Rd,,Sideswipe-Same Direction,2,Clear,Dry,Daylight
2023-03-26T13:00:00.000,I 85,I 85 and Indian Trail Lilburn Rd,,Angle Crash,2,Rain,Wet,Daylight
2023-05-15T06:25:00.000,I 85,I 85 and Indian Trail Lilburn Rd,,Rear End,2,Clear,Dry,Dawn
2023-06-16T19:38:00.000,I 85,I 85 and Indian Trail Lilburn Rd,,Rear End,2,Clear,Dry,Daylight
2023-04-20T08:10:00.000,I 85,I 85 and Indian Trail Lilburn Rd,,Sideswipe-Same Direction,2,Cloudy,Dry,Daylight
2023-12-08T23:24:00.000,I 85,I 85 and Indian Trail Lilburn Rd,,Rear End,2,Cloudy,Dry,Dark-Lighted