Date and Time,Roadway (From Crash Report),Intersection Name (from Crash Report),KABCO Severity,Manner of Collision (Crash Level) ,# of Vehicles per crash ,Weather Conditions (Crash Level),Surface Condition (Crash Level) ,Light Conditions (Crash Level)
2023-12-17T09:21:00.000,I 85,I 85 and Indian Trail Lilburn Rd,,Rear End,3,Cloudy,Wet,Daylight
2023-08-19T15:55:00.000,I 85,I 85 and Indian Trail Lilburn Rd,,Rear End,2,Clear,Dry,Daylight
2023-05-17T08:27:00.000,I 85,I 85 and Indian Trail Lilburn Rd,,Sideswipe-Same Direction,2,Cloudy,Dry,Daylight
2023-08-20T17:10:00.000,I 85,I 85 and Indian Trail Lilburn Rd,,Rear End,4,Clear,Dry,Daylight
2023-09-17T14:28:00.000,I 85,I 85 and Indian Trail Lilburn Rd,,Rear End,5,Clear,Dry,Daylight
2023-02-23T11:55:00.000,I 85,I 85 and Indian Trail Lilburn Rd,,Rear End,2,Cloudy,Dry,Daylight
2023-08-05T12:17:00.000,I 85,I 85 and Indian Trail Lilburn Rd,,Angle Crash,2,Cloudy,Dry,Daylight
2023-04-08T14:08:00.000,I 85,I 85 and Indian Trail Lilburn Rd,,Sideswipe-Same Direction,2,Rain,Wet,Daylight
2023-01-01T02:55:00.000,I 85,I 85 and Indian Trail Lilburn Rd,,Angle Crash,3,Clear,Dry,Dark-Lighted
2023-04-22T03:46:00.000,I 85,I 85 and Indian Trail Lilburn Rd,,Not a Collision with Motor Vehicle,1,Rain,Wet,Dark-Not Lighted
2023-08-12T09:30:00.000,I 85,I 85 and Indian Trail Lilburn Rd,,Rear End,2,Clear,Dry,Daylight
2023-09-23T19:50:00.000,I 85,I 85 and Indian Trail Lilburn Rd,,Rear End,2,Clear,Dry,Dark-Lighted
2023-01-22T05:45:00.000,I 85,I 85 and Indian Trail Lilburn Rd,,Not a Collision with Motor Vehicle,1,Rain,Water (standing or moving),Dark-Lighted
2023-07-09T03:10:00.000,I 85,I 85 and Indian Trail Lilburn Rd,,Rear End,2,Clear,Dry,Dark-Lighted
2023-10-02T19:49:00.000,I 85,I 85 and Indian Trail Lilburn Rd,,Sideswipe-Same Direction,2,Clear,Dry,Dark-Lighted
2023-06-11T19:40:00.000,I 85,I 85 and Indian Trail Lilburn Rd,,Sideswipe-Same Direction,2,Clear,Dry,Daylight
2023-10-01T17:29:00.000,I 85,I 85 and Indian Trail Lilburn Rd,,Angle Crash,2,Cloudy,Dry,Daylight
2023-09-11T17:56:00.000,I 85,I 85 and Indian Trail Lilburn Rd,,Rear End,2,Clear,Dry,Daylight
2023-01-03T22:29:00.000,I 85,I 85 and Indian Trail Lilburn Rd,,Not a Collision with Motor Vehicle,1,Rain,Wet,Dark-Lighted
2023-01-30T02:40:00.000,I 85,I 85 and Indian Trail Lilburn Rd,,Rear End,2,Rain,Wet,Dark-Not Lighted
2023-03-29T18:00:00.000,I 85,I 85 and Indian Trail Lilburn Rd,,Rear End,2,Clear,Dry,Daylight
2023-11-19T17:37:00.000,I 85,I 85 and Indian Trail Lilburn Rd,,Rear End,2,Clear,Dry,Dark-Lighted
2023-03-10T01:35:00.000,I 85,I 85 and Indian Trail Lilburn Rd,,Angle Crash,2,Rain,Wet,Dark-Lighted
2023-05-10T17:15:00.000,I 85,I 85 and Indian Trail Lilburn Rd,,Sideswipe-Same Direction,2,Clear,Dry,Daylight
2023-01-17T09:29:00.000,I 85,I 85 and Indian Trail Lilburn Rd,,Rear End,3,Rain,Wet,Daylight
2023-10-01T14:25:00.000,I 85,I 85 and Indian Trail Lilburn Rd,,Rear End,2,Clear,Dry,Daylight
2023-01-21T00:00:00.000,I 85,I 85 and Indian Trail Lilburn Rd,,Rear End,2,Clear,Dry,Dark-Lighted
2023-12-17T13:32:00.000,I 85,I 85 and Indian Trail Lilburn Rd,,Rear End,2,Cloudy,Dry,Daylight
2023-12-29T20:48:00.000,I 85,I 85 and Indian Trail Lilburn Rd,,Sideswipe-Same Direction,2,Clear,Dry,Dark-Lighted
2023-11-01T19:07:00.000,I 85,I 85 and Indian Trail Lilburn Rd,,Sideswipe-Same Direction,2,Clear,Dry,Dark-Lighted
2023-05-14T12:02:00.000,I 85,I 85 and Indian Trail Lilburn Rd,,Rear End,3,Clear,Dry,Daylight
2023-12-11T09:13:00.000,I 85,I 85 and Indian Trail Lilburn Rd,,Sideswipe-Same Direction,2,Clear,Dry,Daylight
2023-10-22T16:40:00.000,I 85,I 85 and Indian Trail Lilburn Rd,,Rear End,2,Clear,Dry,Daylight
2024-02-14T16:29:00.000,I 85,I 85 and Indian Trail Lilburn Rd,,Rear End,2,Clear,Dry,Daylight
2024-10-05T22:16:00.000,I 85,I 85 and Indian Trail Lilburn Rd,,Rear End,2,Clear,Dry,Dark-Lighted
2024-08-14T14:00:00.000,I 85,I 85 and Indian Trail Lilburn Rd,,Sideswipe-Same Direction,2,Clear,Dry,Daylight
2024-05-26T14:44:00.000,I 85,I 85 and Indian Trail Lilburn Rd,,Rear End,2,Clear,Dry,Daylight
2024-07-30T15:03:00.000,I 85,I 85 and Indian Trail Lilburn Rd,,Rear End,2,Clear,Dry,Daylight
2024-09-05T00:00:00.000,I 85,I 85 and Indian Trail Lilburn Rd,,Angle Crash,3,Clear,Dry,Dark-Lighted
2024-10-03T18:55:00.000,I 85,I 85 and Indian Trail Lilburn Rd,,Rear End,2,Clear,Dry,Daylight
2024-09-20T08:41:00.000,I 85,I 85 and Indian Trail Lilburn Rd,,Sideswipe-Same Direction,2,Clear,Dry,Daylight
2024-07-07T15:24:00.000,I 85,I 85 and Indian Trail Lilburn Rd,,Sideswipe-Same Direction,2,Clear,Dry,Daylight
2024-02-07T15:54:00.000,I 85,I 85 and Indian Trail Lilburn Rd,,Rear End,2,Clear,Dry,Daylight
2024-02-04T18:59:00.000,I 85,I 85 and Indian Trail Lilburn Rd,,Rear End,2,Rain,Wet,Dark-Lighted
2024-10-12T17:32:00.000,I 85,I 85 and Indian Trail Lilburn Rd,,Rear End,2,Clear,Dry,Daylight
2024-11-02T23:49:00.000,I 85,I 85 and Indian Trail Lilburn Rd,,Sideswipe-Same Direction,2,Clear,Dry,Dark-Lighted
2024-10-02T21:05:00.000,I 85,I 85 and Indian Trail Lilburn Rd,,Rear End,2,Clear,Dry,Dark-Lighted
2024-10-27T14:30:00.000,I 85,I 85 and Indian Trail Lilburn Rd,,Rear End,3,Cloudy,Dry,Daylight
2024-11-09T12:24:00.000,I 85,I 85 and Indian Trail Lilburn Rd,,Rear End,2,Cloudy,Dry,Daylight
2024-10-21T18:10:00.000,I 85,I 85 and Indian Trail Lilburn Rd,,Sideswipe-Same Direction,2,Clear,Dry,Daylight
2024-05-28T08:50:00.000,I 85,I 85 and Indian Trail Lilburn Rd,,Rear End,2,Clear,Dry,Daylight
2024-05-05T05:39:00.000,I 85,I 85 and Indian Trail Lilburn Rd,,Not a Collision with Motor Vehicle,1,Rain,Wet,Dark-Lighted
2024-11-03T17:28:00.000,I 85,I 85 and Indian Trail Lilburn Rd,,Rear End,3,Clear,Dry,Dawn
2024-10-11T18:10:00.000,I 85,I 85 and Indian Trail Lilburn Rd,,Rear End,2,Clear,Dry,Daylight
2024-10-23T10:17:00.000,I 85,I 85 and Indian Trail Lilburn Rd,,Sideswipe-Same Direction,2,Clear,Dry,Daylight
2024-12-28T13:37:00.000,I 85,I 85 and Indian Trail Lilburn Rd,,Rear End,2,Rain,Wet,Daylight
2024-09-23T15:05:00.000,I 85,I 85 and Indian Trail Lilburn Rd,,Angle Crash,2,Cloudy,Dry,Daylight
2024-03-14T20:17:00.000,I 85,I 85 and Indian Trail Lilburn Rd,,Rear End,2,Clear,Dry,Dark-Lighted
2024-06-14T21:22:00.000,I 85,I 85 and Indian Trail Lilburn Rd,,Rear End,2,Clear,Dry,Dark-Lighted
2024-10-04T20:03:00.000,I 85,I 85 and Indian Trail Lilburn Rd,,Rear End,2,Clear,Dry,Dark-Lighted
2024-07-16T18:16:00.000,I 85,I 85 and Indian Trail Lilburn Rd,,Rear End,2,Clear,Dry,Daylight
2024-11-15T21:10:00.000,I 85,I 85 and Indian Trail Lilburn Rd,,Sideswipe-Same Direction,2,Clear,Dry,Dark-Lighted
2024-02-18T17:54:00.000,I 85,I 85 and Indian Trail Lilburn Rd,,Rear End,2,Clear,Dry,Daylight
2024-02-20T19:07:00.000,I 85,I 85 and Indian Trail Lilburn Rd,,Rear End,2,Clear,Dry,Dark-Lighted
2024-05-19T07:33:00.000,I 85,I 85 and Indian Trail Lilburn Rd,,Sideswipe-Same Direction,2,Cloudy,Dry,Daylight
2024-08-29T06:15:00.000,I 85,I 85 and Indian Trail Lilburn Rd,,Rear End,2,Clear,Dry,Dark-Lighted
2024-04-22T05:30:00.000,I 85,I 85 and Indian Trail Lilburn Rd,,Sideswipe-Same Direction,2,Clear,Dry,Dark-Not Lighted
2024-03-24T17:48:00.000,I 85,I 85 and Indian Trail Lilburn Rd,,Angle Crash,3,Clear,Dry,Daylight
2024-10-14T02:06:00.000,I 85,I 85 and Indian Trail Lilburn Rd,,Rear End,2,Clear,Dry,Dark-Lighted
2024-08-11T10:44:00.000,I 85,I 85 and Indian Trail Lilburn Rd,,Rear End,3,Clear,Dry,Daylight
2024-02-22T21:37:00.000,I 85,I 85 and Indian Trail Lilburn Rd,,Sideswipe-Same Direction,2,Clear,Dry,Dark-Lighted
2024-01-09T15:59:00.000,I 85,I 85 and Indian Trail Lilburn Rd,,Rear End,2,Cloudy,Dry,Daylight
2024-10-21T17:30:00.000,I 85,I 85 and Indian Trail Lilburn Rd,,Sideswipe-Same Direction,2,Clear,Dry,Daylight
2024-08-28T16:58:00.000,I 85,I 85 and Indian Trail Lilburn Rd,,Rear End,2,Clear,Dry,Daylight
2024-08-20T06:26:00.000,I 85,I 85 and Indian Trail Lilburn Rd,,Rear End,2,Clear,Dry,Daylight
2024-08-22T22:10:00.000,I 85,I 85 and Indian Trail Lilburn Rd,,Sideswipe-Same Direction,2,Clear,Dry,Dark-Lighted
2024-07-07T14:58:00.000,I 85,I 85 and Indian Trail Lilburn Rd,,Rear End,2,Clear,Dry,Daylight
2024-08-30T20:25:00.000,I 85,I 85 and Indian Trail Lilburn Rd,,Rear End,2,Cloudy,Wet,Dark-Lighted
2024-09-20T14:58:00.000,I 85,I 85 and Indian Trail Lilburn Rd,,Rear End,2,Clear,Dry,Daylight
2024-07-03T14:42:00.000,I 85,I 85 and Indian Trail Lilburn Rd,,Sideswipe-Same Direction,2,Clear,Dry,Daylight
2024-12-02T06:20:00.000,I 85,I 85 and Indian Trail Lilburn Rd,,Not a Collision with Motor Vehicle,1,Clear,Dry,Daylight
2024-09-08T15:15:00.000,I 85,I 85 and Indian Trail Lilburn Rd,,Rear End,4,Clear,Dry,Daylight
2024-12-07T11:30:00.000,I 85,I 85 and Indian Trail Lilburn Rd,,Rear End,3,Clear,Dry,Daylight
2024-12-08T00:06:00.000,I 85,I 85 and Indian Trail Lilburn Rd,,Angle Crash,2,Clear,Dry,Dark-Lighted
2024-01-20T18:40:00.000,I 85,I 85 and Indian Trail Lilburn Rd,,Angle Crash,3,Clear,Dry,Dark-Lighted
2024-09-04T16:55:00.000,I 85,I 85 and Indian Trail Lilburn Rd,,Rear End,2,Clear,Dry,Daylight
2024-11-17T16:31:00.000,I 85,I 85 and Indian Trail Lilburn Rd,,Rear End,2,Cloudy,Dry,Daylight
2024-10-31T20:04:00.000,I 85,I 85 and Indian Trail Lilburn Rd,,Sideswipe-Same Direction,2,Clear,Dry,Dark-Not Lighted
2024-04-21T13:21:00.000,I 85,I 85 and Indian Trail Lilburn Rd,,Rear End,2,Rain,Wet,Daylight
2024-06-27T12:50:00.000,I 85,I 85 and Indian Trail Lilburn Rd,,Rear End,2,Clear,Dry,Dark-Lighted
2024-06-09T13:58:00.000,I 85,I 85 and Indian Trail Lilburn Rd,,Sideswipe-Same Direction,2,Clear,Dry,Daylight
2024-09-13T14:00:00.000,I 85,I 85 and Indian Trail Lilburn Rd,,Sideswipe-Same Direction,2,Cloudy,Dry,Daylight
2024-11-17T18:10:00.000,I 85,I 85 and Indian Trail Lilburn Rd,,Rear End,2,Clear,Dry,Dark-Lighted
2024-06-02T15:20:00.000,I 85,I 85 and Indian Trail Lilburn Rd,,Rear End,3,Cloudy,Dry,Daylight
2024-11-01T19:31:00.000,I 85,I 85 and Indian Trail Lilburn Rd,,Sideswipe-Same Direction,2,Clear,Dry,Dark-Lighted
2024-04-29T23:00:00.000,I 85,I 85 and Indian Trail Lilburn Rd,,Sideswipe-Same Direction,2,Clear,Dry,Dark-Lighted
2024-12-21T22:57:00.000,I 85,I 85 and Indian Trail Lilburn Rd,,Sideswipe-Same Direction,2,Clear,Dry,Dark-Lighted
2024-06-16T11:40:00.000,I 85,I 85 and Indian Trail Lilburn Rd,,Head On,3,Clear,Dry,Daylight
2024-08-19T23:48:00.000,I 85,I 85 and Indian Trail Lilburn Rd,,Sideswipe-Same Direction,2,Clear,Dry,Dark-Lighted
2024-10-15T15:20:00.000,I 85,I 85 and Indian Trail Lilburn Rd,,Rear End,2,Clear,Dry,Daylight
2024-07-15T17:40:00.000,I 85,I 85 and Indian Trail Lilburn Rd,,Sideswipe-Same Direction,2,Clear,Dry,Daylight
2024-10-31T13:50:00.000,I 85,I 85 and Indian Trail Lilburn Rd,,Sideswipe-Same Direction,2,Clear,Dry,Daylight
2024-02-07T19:43:00.000,I 85,I 85 and Indian Trail Lilburn Rd,,Sideswipe-Same Direction,2,Clear,Dry,Dark-Lighted
2024-03-13T09:45:00.000,I 85,I 85 and Indian Trail Lilburn Rd,,Rear End,2,Clear,Dry,Daylight
2024-09-07T10:20:00.000,I 85,I 85 and Indian Trail Lilburn Rd,,Rear End,2,Clear,Dry,Daylight
2024-01-11T17:59:00.000,I 85,I 85 and Indian Trail Lilburn Rd,,Rear End,2,Clear,Dry,Dark-Lighted
2024-04-17T15:13:00.000,I 85,I 85 and Indian Trail Lilburn Rd,,Rear End,2,Cloudy,Dry,Daylight
2024-09-08T15:22:00.000,I 85,I 85 and Indian Trail Lilburn Rd,,Angle Crash,2,Clear,Dry,Daylight
2024-06-15T00:42:00.000,I 85,I 85 and Indian Trail Lilburn Rd,,Angle Crash,2,Cloudy,Dry,Dark-Lighted
2024-04-24T17:56:00.000,I 85,I 85 and Indian Trail Lilburn Rd,,Angle Crash,2,Clear,Dry,Daylight
2024-01-13T18:20:00.000,I 85,I 85 and Indian Trail Lilburn Rd,,Rear End,2,Clear,Dry,Daylight
2024-07-19T21:45:00.000,I 85,I 85 and Indian Trail Lilburn Rd,,Rear End,2,Rain,Wet,Dark-Lighted
2024-09-21T04:20:00.000,I 85,I 85 and Indian Trail Lilburn Rd,,Head On,2,Clear,Dry,Dark-Lighted
2024-10-20T18:25:00.000,I 85,I 85 and Indian Trail Lilburn Rd,,Rear End,2,Clear,Dry,Daylight
2024-07-23T21:43:00.000,I 85,I 85 and Indian Trail Lilburn Rd,,Angle Crash,2,Clear,Dry,Dark-Lighted
2024-06-02T15:20:00.000,I 85,I 85 and Indian Trail Lilburn Rd,,Rear End,2,Cloudy,Dry,Daylight
2024-10-15T12:18:00.000,I 85,I 85 and Indian Trail Lilburn Rd,,Sideswipe-Same Direction,2,Clear,Dry,Daylight
2024-11-13T06:50:00.000,I 85,I 85 and Indian Trail Lilburn Rd,,Rear End,2,Clear,Dry,Daylight
2024-12-21T17:17:00.000,I 85,I 85 and Indian Trail Lilburn Rd,,Sideswipe-Same Direction,2,Clear,Dry,Dark-Lighted
2024-10-20T15:35:00.000,I 85,I 85 and Indian Trail Lilburn Rd,,Sideswipe-Same Direction,2,Clear,Dry,Daylight
2024-03-30T14:45:00.000,I 85,I 85 and Indian Trail Lilburn Rd,,Rear End,2,Clear,Dry,Daylight
2024-10-14T11:55:00.000,I 85,I 85 and Indian Trail Lilburn Rd,,Sideswipe-Same Direction,2,Cloudy,Dry,Daylight
2024-08-11T16:35:00.000,I 85,I 85 and Indian Trail Lilburn Rd,,Sideswipe-Same Direction,2,Clear,Dry,Daylight
2024-11-17T14:06:00.000,I 85,I 85 and Indian Trail Lilburn Rd,,Rear End,2,Clear,Dry,Daylight
2024-02-24T02:16:00.000,I 85,I 85 and Indian Trail Lilburn Rd,,Not a Collision with Motor Vehicle,1,Clear,Dry,Dark-Lighted
2024-02-29T21:30:00.000,I 85,I 85 and Indian Trail Lilburn Rd,,Rear End,2,Clear,Dry,Dark-Lighted
2024-08-03T01:03:00.000,I 85,I 85 and Indian Trail Lilburn Rd,,Sideswipe-Same Direction,2,Rain,Wet,Dark-Lighted
2024-08-20T18:50:00.000,I 85,I 85 and Indian Trail Lilburn Rd,,Sideswipe-Same Direction,2,Clear,Dry,Dusk
2024-08-19T22:37:00.000,I 85,I 85 and Indian Trail Lilburn Rd,,Rear End,2,Clear,Dry,Daylight
2024-10-06T21:00:00.000,I 85,I 85 and Indian Trail Lilburn Rd,,Rear End,2,Clear,Dry,Dark-Lighted
2024-05-27T21:06:00.000,I 85,I 85 and Indian Trail Lilburn Rd,,Rear End,2,Clear,Dry,Dark-Lighted
2024-12-07T18:13:00.000,I 85,I 85 and Indian Trail Lilburn Rd,,Sideswipe-Same Direction,2,Clear,Dry,Dusk
2024-10-20T19:35:00.000,I 85,I 85 and Indian Trail Lilburn Rd,,Rear End,2,Clear,Dry,Dark-Lighted
2024-03-31T14:37:00.000,I 85,I 85 and Indian Trail Lilburn Rd,,Angle Crash,2,Clear,Dry,Daylight
2024-03-30T13:04:00.000,I 85,I 85 and Indian Trail Lilburn Rd,,Rear End,2,Clear,Dry,Daylight
2024-06-02T01:51:00.000,I 85,I 85 and Indian Trail Lilburn Rd,,Rear End,2,Clear,Dry,Dark-Lighted
2024-05-05T05:39:00.000,I 85,I 85 and Indian Trail Lilburn Rd,,Not a Collision with Motor Vehicle,1,Rain,Wet,Dark-Lighted
2024-07-08T21:36:00.000,I 85,I 85 and Indian Trail Lilburn Rd,,Rear End,2,Clear,Dry,Dark-Not Lighted
2024-05-08T20:46:00.000,I 85,I 85 and Indian Trail Lilburn Rd,,Rear End,2,Clear,Dry,Dark-Lighted
2024-01-25T22:15:00.000,I 85,I 85 and Indian Trail Lilburn Rd,,Sideswipe-Same Direction,2,Rain,Wet,Dark-Lighted
2024-05-12T21:44:00.000,I 85,I 85 and Indian Trail Lilburn Rd,,Sideswipe-Same Direction,2,Clear,Dry,Dark-Lighted
2024-02-26T06:00:00.000,I 85,I 85 and Indian Trail Lilburn Rd,,Sideswipe-Same Direction,2,Clear,Dry,Dark-Lighted
2024-10-02T08:14:00.000,I 85,I 85 and Indian Trail Lilburn Rd,,Sideswipe-Same Direction,2,Clear,Dry,Daylight
2024-02-25T15:15:00.000,I 85,I 85 and Indian Trail Lilburn Rd,,Rear End,3,Clear,Dry,Daylight
2024-08-16T10:45:00.000,I 85,I 85 and Indian Trail Lilburn Rd,,Sideswipe-Same Direction,2,Clear,Dry,Daylight
2024-12-08T13:30:00.000,I 85,I 85 and Indian Trail Lilburn Rd,,Rear End,3,Cloudy,Dry,Daylight
2024-10-06T16:48:00.000,I 85,I 85 and Indian Trail Lilburn Rd,,Rear End,3,Clear,Dry,Daylight
2024-11-06T07:24:00.000,I 85,I 85 and Indian Trail Lilburn Rd,,Rear End,2,Cloudy,Dry,Daylight
2024-11-24T14:38:00.000,I 85,I 85 and Indian Trail Lilburn Rd,,Rear End,2,Cloudy,Dry,Daylight
2024-09-30T21:50:00.000,I 85,I 85 and Indian Trail Lilburn Rd,,Sideswipe-Same Direction,2,Clear,Dry,Daylight
2024-01-04T13:26:00.000,I 85,I 85 and Indian Trail Lilburn Rd,,Sideswipe-Same Direction,2,Clear,Wet,Daylight
2024-09-30T05:57:00.000,I 85,I 85 and Indian Trail Lilburn Rd,,Rear End,3,Clear,Dry,Dark-Lighted
2024-03-06T02:43:00.000,I 85,I 85 and Indian Trail Lilburn Rd,,Angle Crash,2,Rain,Wet,Dark-Lighted
2024-12-22T07:38:00.000,I 85,I 85 and Indian Trail Lilburn Rd,,Not a Collision with Motor Vehicle,1,Clear,Dry,Daylight
2024-03-07T20:23:00.000,I 85,I 85 and Indian Trail Lilburn Rd,,Rear End,2,Cloudy,Dry,Dark-Lighted
2024-11-08T09:30:00.000,I 85,I 85 and Indian Trail Lilburn Rd,,Rear End,2,Clear,Dry,Daylight
2024-03-08T23:35:00.000,I 85,I 85 and Indian Trail Lilburn Rd,,Sideswipe-Same Direction,2,Other,Wet,Dark-Lighted
2024-10-25T20:35:00.000,I 85,I 85 and Indian Trail Lilburn Rd,,Rear End,2,Clear,Dry,Dark-Lighted
2024-08-30T18:20:00.000,I 85,I 85 and Indian Trail Lilburn Rd,,Rear End,2,Cloudy,Wet,Daylight
2024-10-11T14:56:00.000,I 85,I 85 and Indian Trail Lilburn Rd,,Sideswipe-Same Direction,2,Clear,Dry,Daylight
2024-08-11T01:49:00.000,I 85,I 85 and Indian Trail Lilburn Rd,,Angle Crash,2,Clear,Dry,Dark-Lighted
2024-04-07T13:45:00.000,I 85,I 85 and Indian Trail Lilburn Rd,,Sideswipe-Same Direction,2,Clear,Dry,Daylight
2024-10-05T21:48:00.000,I 85,I 85 and Indian Trail Lilburn Rd,,Not a Collision with Motor Vehicle,1,Clear,Dry,Dark-Lighted
2024-07-22T09:03:00.000,I 85,I 85 and Indian Trail Lilburn Rd,,Rear End,2,Clear,Dry,Daylight
2024-10-15T09:53:00.000,I 85,I 85 and Indian Trail Lilburn Rd,,Rear End,2,Clear,Dry,Daylight
2024-11-15T17:00:00.000,I 85,I 85 and Indian Trail Lilburn Rd,,Rear End,3,Clear,Dry,Daylight
2024-10-19T16:27:00.000,I 85,I 85 and Indian Trail Lilburn Rd,,Not a Collision with Motor Vehicle,1,Clear,Dry,Daylight
2024-12-09T16:43:00.000,I 85,I 85 and Indian Trail Lilburn Rd,,Rear End,2,Rain,Wet,Dark-Lighted
2024-08-12T17:00:00.000,I 85,I 85 and Indian Trail Lilburn Rd,,Rear End,2,Clear,Dry,Daylight
2024-11-25T06:50:00.000,I 85,I 85 and Indian Trail Lilburn Rd,,Rear End,2,Clear,Dry,Daylight
2024-10-31T14:20:00.000,I 85,I 85 and Indian Trail Lilburn Rd,,Rear End,3,Clear,Dry,Daylight
2024-11-20T22:30:00.000,I 85,I 85 and Indian Trail Lilburn Rd,,Sideswipe-Same Direction,2,Clear,Dry,Dark-Lighted
2024-04-28T01:34:00.000,I 85,I 85 and Indian Trail Lilburn Rd,,Angle Crash,2,Clear,Dry,Dark-Lighted
2024-01-09T07:05:00.000,I 85,I 85 and Indian Trail Lilburn Rd,,Angle Crash,2,Rain,Wet,Dark-Not Lighted
2024-01-07T20:40:00.000,I 85,I 85 and Indian Trail Lilburn Rd,,Rear End,2,Clear,Dry,Dark-Lighted
2024-07-29T11:55:00.000,I 85,I 85 and Indian Trail Lilburn Rd,,Rear End,2,Clear,Dry,Daylight
2024-10-01T01:45:00.000,I 85,I 85 and Indian Trail Lilburn Rd,,Sideswipe-Same Direction,2,Clear,Dry,Dark-Not Lighted
2024-09-08T12:11:00.000,I 85,I 85 and Indian Trail Lilburn Rd,,Rear End,3,Clear,Dry,Daylight
2024-08-14T10:15:00.000,I 85,I 85 and Indian Trail Lilburn Rd,,Sideswipe-Same Direction,2,Clear,Dry,Daylight
2024-08-31T23:11:00.000,I 85,I 85 and Indian Trail Lilburn Rd,,Not a Collision with Motor Vehicle,1,Rain,Wet,Dark-Lighted
2024-10-10T21:50:00.000,I 85,I 85 and Indian Trail Lilburn Rd,,Angle Crash,2,Clear,Dry,Dark-Lighted
2024-09-07T20:24:00.000,I 85,I 85 and Indian Trail Lilburn Rd,,Rear End,3,Clear,Dry,Dark-Not Lighted
2021-03-31T15:38:00.000,I 85,I 85 and Indian Trail Lilburn Raod,,Rear End,2,Rain,Wet,Daylight
2020-03-21T23:15:00.000,I 85,I 85 and Indian Trail Lilburn Exit Rd,,Rear End,2,Cloudy,Dry,Dark-Not Lighted
2021-04-18T12:33:00.000,I 85,I 85 and Indian Trail Lilburn Exit,,Rear End,3,Clear,Dry,Daylight
2021-10-22T15:47:00.000,I 85,I 85 and Indian Trail Lilburn,,Rear End,2,Clear,Dry,Daylight
2021-03-14T18:32:00.000,I 85,I 85 and Indian Trail Lilburn,,Rear End,2,Clear,Dry,Daylight
2023-04-22T04:04:00.000,I 85,I 85 and Indian Trail Lilburn,,(None),2,Rain,Wet,Dark-Lighted
2023-05-06T16:51:00.000,I 85,I 85 and Indian Trail Lilburn,,Sideswipe-Same Direction,3,Clear,Dry,Daylight
2023-03-29T08:20:00.000,I 85,I 85 and Indian Trail Lilburn,,Sideswipe-Same Direction,2,Clear,Dry,Daylight
2020-10-31T19:12:00.000,I 85,I 85 and Indian Trail Lilburn,,Angle Crash,2,Clear,Dry,Dark-Lighted
2020-10-27T20:24:00.000,I 85,I 85 and Indian Trail Lilburn,,(None),2,(None),(None),(None)
2020-07-11T15:52:00.000,I 85,I 85 and Indian Trail Lilburn,,Angle Crash,2,Clear,Dry,Daylight
2021-09-02T11:30:00.000,I 85,I 85 and Indian Trail Lilburn,,Rear End,2,Cloudy,Dry,Daylight
2022-04-13T15:51:00.000,I 85,I 85 and Indian Trail Lilburn,,Rear End,2,Clear,Dry,Daylight
2022-05-18T13:00:00.000,I 85,I 85 and Indian Trail Lilburn,,Angle Crash,2,Cloudy,Dry,Daylight
2022-09-25T20:05:00.000,I 85,I 85 and Indian Trail Lilburn,,Rear End,3,Clear,Dry,Dark-Lighted
2022-09-04T15:15:00.000,I 85,I 85 and Indian Trail Lilburn,,Rear End,2,Rain,Wet,Daylight
2022-02-26T00:16:00.000,I 85,I 85 and Indian Trail Lilburn,,Not a Collision with Motor Vehicle,1,Clear,Dry,Dark-Lighted
2024-08-15T12:10:00.000,I 85,I 85 and Indian Trail Lilburn,,Rear End,2,Clear,Dry,Daylight
2023-08-02T15:07:00.000,I 85,I 85 and Indian Trail Lilburn,,Rear End,3,Clear,Dry,Daylight
2024-03-30T03:50:00.000,I 85,I 85 and Indian Trail Lilburn,,Sideswipe-Same Direction,2,Clear,Dry,Dark-Lighted
2024-05-20T17:40:00.000,I 85,I 85 and Indian Trail Lilburn,,Rear End,2,Clear,Dry,Daylight
2024-10-13T16:10:00.000,I 85,I 85 and Indian Trail Lilburn,,Not a Collision with Motor Vehicle,1,Clear,Dry,Daylight
2024-09-10T15:00:00.000,I 85,I 85 and Indian Trail Lilburn,,Sideswipe-Same Direction,2,Clear,Dry,Daylight
2024-04-20T09:59:00.000,I 85,I 85 and Indian Trail Lilburn,,Rear End,2,Clear,Dry,Daylight
2024-09-25T16:20:00.000,I 85,I 85 and Indian Trail Lilburn,,Angle Crash,2,Cloudy,Wet,Daylight
2021-06-19T11:10:00.000,I 85,I 85 and Indian Trail Lilbrun Rd,,Sideswipe-Same Direction,2,Cloudy,Dry,Daylight
2022-10-02T15:30:00.000,I 85,I 85 and Indian Trail Lil-Burn Rd,,Rear End,2,Clear,Dry,Daylight
2021-12-01T04:12:00.000,I 85,I 85 and Indian Trail Lil Burn Rd,,Rear End,2,Clear,Dry,Dark-Lighted
2023-03-01T22:10:00.000,I 85,I 85 and Indian Trail Lil Burn Rd,,Rear End,3,Clear,Dry,Dark-Lighted
2022-10-23T01:00:00.000,I 85,I 85 and Indian Trail Lil Burn Rd,,Not a Collision with Motor Vehicle,1,Clear,Dry,Dark-Lighted
2024-09-13T21:30:00.000,I 85,I 85 and Indian Trail Lil Burn Ext,,Rear End,2,Clear,Dry,Dark-Lighted