Date and Time,Roadway (From Crash Report),Intersection Name (from Crash Report),KABCO Severity,Manner of Collision (Crash Level) ,# of Vehicles per crash ,Weather Conditions (Crash Level),Surface Condition (Crash Level) ,Light Conditions (Crash Level)
2024-09-13T21:30:00.000,I 85,I 85 and Indian Trail Lil Burn Ext,,Rear End,3,Clear,Dry,Dark-Lighted
2020-03-16T21:20:00.000,I 85,I 85 and Indian Trail Liburn Rd Brg,,Sideswipe-Same Direction,2,Clear,Dry,Dark-Lighted
2021-11-22T06:31:00.000,I 85,I 85 and Indian Trail Liburn Rd,,Rear End,2,Cloudy,Wet,Dark-Lighted
2022-12-18T16:40:00.000,I 85,I 85 and Indian Trail Liburn Rd,,Rear End,2,Clear,Dry,Daylight
2021-01-12T09:15:00.000,I 85,I 85 and Indian Trail Exit Rp,,Sideswipe-Same Direction,2,Clear,Wet,Daylight
2022-06-07T17:27:00.000,I 85,I 85 and Indian Trail Exit Rp,,Rear End,2,Clear,Dry,Daylight
2023-01-04T17:22:00.000,I 85,I 85 and Indian Trail Exit,,Rear End,2,Clear,Dry,Daylight
2020-01-21T13:00:00.000,I 85,I 85 and Indian Trail Blvd,,Rear End,3,Clear,Dry,Daylight
2021-05-03T08:50:00.000,I 85,I 85 and Indian Trail - Lilburn Road Ex,,Sideswipe-Same Direction,2,Rain,Wet,Daylight
2021-11-06T03:00:00.000,I 85,I 85 and Indian Trail - Lilburn Rd,,Rear End,2,Clear,Dry,Dark-Lighted
2023-02-08T15:26:00.000,I 85,I 85 and Indian Trail - Lilburn Rd,,Rear End,2,Clear,Dry,Daylight
2021-02-19T17:21:00.000,I 85,I 85 and Indian Trail - Lilburn Rd,,Rear End,2,Clear,Dry,Daylight
2021-10-28T09:10:00.000,I 85,I 85 and Indian Trail - Lilburn Rd,,Rear End,2,Rain,Wet,Daylight
2022-03-09T13:59:00.000,I 85,I 85 and Indian Trail - Lilburn Rd,,Rear End,2,Cloudy,Dry,Daylight
2021-10-08T09:05:00.000,I 85,I 85 and Indian Trail - Lilburn Rd,,Sideswipe-Same Direction,2,Clear,Dry,Daylight
2023-04-01T13:37:00.000,I 85,I 85 and Indian Trail - Lilburn Rd,,Rear End,2,Clear,Dry,Daylight
2023-05-31T09:54:00.000,I 85,I 85 and Indian Trail - Lilburn Rd,,Rear End,4,Cloudy,Dry,Daylight
2023-09-14T09:00:00.000,I 85,I 85 and Indian Trail - Lilburn Rd,,Rear End,2,Clear,Dry,Daylight
2021-10-30T14:30:00.000,I 85,I 85 and Indian Trail  Lilburn Rd,,Rear End,2,Rain,Wet,Daylight
2024-05-19T20:18:00.000,I 85,I 85 and Indian Trail  Lilburn Rd,,Rear End,2,Clear,Dry,Daylight
2024-11-19T19:00:00.000,I 85,I 85 and Indian Trail,,Sideswipe-Same Direction,2,Rain,Wet,Dark-Lighted
2024-06-12T07:11:00.000,I 85,I 85 and Indian Trail,,Sideswipe-Same Direction,5,Cloudy,Dry,Daylight
2024-11-18T16:02:00.000,I 85,I 85 and Indian Trail,,Sideswipe-Same Direction,2,Clear,Dry,Daylight
2024-10-22T15:50:00.000,I 85,I 85 and Indian Trail,,Rear End,2,Clear,Dry,Daylight
2021-04-14T18:14:00.000,I 85,I 85 and Indian Trai-Lilburn Rd,,Rear End,4,Clear,Dry,Daylight
2022-02-28T20:17:00.000,I 85,I 85 and Indian Tail Lilburn Rd,,Rear End,2,Clear,Dry,Dark-Not Lighted
2022-06-11T14:09:00.000,I 85,I 85 and Indian Tail Lilburn Rd,,Rear End,2,Clear,Dry,Daylight
2022-03-30T12:30:00.000,I 85,I 85 and Indian Tail Lilburn Rd,,Rear End,3,Clear,Dry,Daylight
2022-06-08T10:18:00.000,I 85,I 85 and Indian Tail Lilburn Rd,,Rear End,2,Clear,Dry,Daylight
2022-04-30T21:00:00.000,I 85,I 85 and Indian Tail Lilburn Rd,,Angle Crash,2,Clear,Dry,Dark-Lighted
2022-02-19T03:13:00.000,I 85,I 85 and Indian Tail Lilbirn Rd,,Rear End,2,Clear,Dry,Dark-Not Lighted
2024-11-05T18:33:00.000,I 85,I 85 and Indian Lilburn Rd,,Rear End,2,Clear,Dry,Dark-Lighted
2021-03-29T00:27:00.000,I 85,I 85 and Indian  Trail Lilburn Rd,,Rear End,2,Cloudy,Dry,Dark-Lighted
2020-03-08T15:55:00.000,I 85,I 85 and Indian  Trail Lilburn,,Angle Crash,3,Clear,Dry,Daylight
2020-01-30T13:40:00.000,I 85,I 85 and Indial Trail Rd,,Rear End,2,Clear,Dry,Daylight
2023-11-22T17:30:00.000,I 85,I 85 and Indain Trl,,Sideswipe-Same Direction,2,Cloudy,Dry,Dark-Lighted
2024-02-02T17:15:00.000,I 85,I 85 and Indain Trl,,Head On,2,Clear,Dry,Daylight
2020-01-20T15:00:00.000,I 85,I 85 and Indain Trail Rd,,Rear End,2,Cloudy,Dry,Daylight
2022-12-07T11:15:00.000,I 85,I 85 and Indain Trail Lilburn Rd,,Sideswipe-Same Direction,2,Cloudy,Wet,Daylight
2024-11-17T17:55:00.000,I 85,I 85 and Indain Trail Lilburn Rd,,Rear End,3,Clear,Dry,Dark-Lighted
2022-08-24T18:18:00.000,I 85,I 85 and Indaian Trail Rd,,Sideswipe-Same Direction,2,Cloudy,Dry,Daylight
2021-05-24T11:18:00.000,I 85,I 85 and I 985,,Not a Collision with Motor Vehicle,1,Clear,Dry,Daylight
2021-03-18T09:05:00.000,I 85,I 85 and I 985,,Not a Collision with Motor Vehicle,1,Rain,Wet,Daylight
2021-01-16T15:02:00.000,I 85,I 85 and I 985,,Sideswipe-Same Direction,3,Clear,Dry,Daylight
2021-09-09T10:35:00.000,I 85,I 85 and I 985,,Sideswipe-Same Direction,2,Clear,Dry,Daylight
2021-09-07T18:42:00.000,I 85,I 85 and I 985,,Sideswipe-Same Direction,3,Cloudy,Dry,Daylight
2021-09-09T09:40:00.000,I 85,I 85 and I 985,,Sideswipe-Same Direction,2,Clear,Wet,Daylight
2021-12-01T16:30:00.000,I 85,I 85 and I 985,,Sideswipe-Same Direction,2,Cloudy,Dry,Daylight
2021-08-09T07:10:00.000,I 85,I 85 and I 985,,Sideswipe-Same Direction,2,Clear,Dry,Daylight
2021-10-22T19:31:00.000,I 85,I 85 and I 985,,Sideswipe-Same Direction,2,Clear,Dry,Dark-Not Lighted
2021-02-01T09:34:00.000,I 85,I 85 and I 985,,Not a Collision with Motor Vehicle,1,Cloudy,Dry,Daylight
2021-05-06T12:34:00.000,I 85,I 85 and I 985,,Not a Collision with Motor Vehicle,1,Clear,Dry,Daylight
2021-05-06T09:00:00.000,I 85,I 85 and I 985,,Rear End,2,Clear,Dry,Daylight
2021-04-21T19:19:00.000,I 85,I 85 and I 985,,Rear End,2,Clear,Dry,Daylight
2021-01-15T09:29:00.000,I 85,I 85 and I 985,,Sideswipe-Same Direction,3,Cloudy,Dry,Daylight
2021-05-20T17:40:00.000,I 85,I 85 and I 985,,Sideswipe-Same Direction,2,Clear,Dry,Daylight
2021-01-19T16:00:00.000,I 85,I 85 and I 985,,Sideswipe-Same Direction,2,Clear,Dry,Daylight
2021-03-18T07:55:00.000,I 85,I 85 and I 985,,Sideswipe-Same Direction,2,Rain,Wet,Daylight
2021-12-13T11:09:00.000,I 85,I 85 and I 985,,Sideswipe-Same Direction,2,Clear,Dry,Daylight
2021-12-18T05:20:00.000,I 85,I 85 and I 985,,Sideswipe-Same Direction,2,Cloudy,Wet,Dark-Not Lighted
2021-11-04T15:02:00.000,I 85,I 85 and I 985,,Sideswipe-Same Direction,2,Cloudy,Wet,Daylight
2021-11-15T07:06:00.000,I 85,I 85 and I 985,,Sideswipe-Same Direction,2,Clear,Dry,Daylight
2021-09-09T09:38:00.000,I 85,I 85 and I 985,,Not a Collision with Motor Vehicle,1,Clear,Dry,Daylight
2021-09-29T16:27:00.000,I 85,I 85 and I 985,,Rear End,2,Clear,Dry,Daylight
2021-07-21T03:10:00.000,I 85,I 85 and I 985,,Rear End,2,Clear,Dry,Dark-Lighted
2021-10-01T23:25:00.000,I 85,I 85 and I 985,,Rear End,2,Clear,Dry,Dark-Not Lighted
2021-05-07T10:57:00.000,I 85,I 85 and I 985,,Not a Collision with Motor Vehicle,2,Clear,Dry,Daylight
2021-02-26T17:30:00.000,I 85,I 85 and I 985,,Not a Collision with Motor Vehicle,2,Rain,Wet,Daylight
2021-05-14T11:15:00.000,I 85,I 85 and I 985,,Sideswipe-Same Direction,2,Clear,Dry,Daylight
2021-04-03T18:00:00.000,I 85,I 85 and I 985,,Not a Collision with Motor Vehicle,2,Clear,Dry,Daylight
2021-04-19T09:35:00.000,I 85,I 85 and I 985,,Sideswipe-Same Direction,2,Clear,Dry,Daylight
2021-07-27T00:23:00.000,I 85,I 85 and I 985,,Not a Collision with Motor Vehicle,1,Cloudy,Wet,Dark-Lighted
2021-11-19T18:46:00.000,I 85,I 85 and I 985,,Sideswipe-Same Direction,2,Cloudy,Dry,Dark-Not Lighted
2021-09-29T13:15:00.000,I 85,I 85 and I 985,,Sideswipe-Same Direction,2,Clear,Dry,Daylight
2021-12-11T18:00:00.000,I 85,I 85 and I 985,,Rear End,2,Rain,Wet,Daylight
2021-07-16T08:27:00.000,I 85,I 85 and I 985,,Sideswipe-Same Direction,2,Clear,Dry,Daylight
2021-02-10T06:55:00.000,I 85,I 85 and I 985,,Sideswipe-Same Direction,3,Clear,Dry,Dark-Lighted
2021-03-18T16:32:00.000,I 85,I 85 and I 985,,Rear End,2,Cloudy,Dry,Daylight
2020-10-31T08:34:00.000,I 85,I 85 and I 985,,Rear End,2,Clear,Dry,Daylight
2020-05-09T15:39:00.000,I 85,I 85 and I 985,,Not a Collision with Motor Vehicle,2,Clear,Dry,Daylight
2020-07-30T09:45:00.000,I 85,I 85 and I 985,,Sideswipe-Same Direction,2,Cloudy,Dry,Daylight
2020-04-07T16:42:00.000,I 85,I 85 and I 985,,Rear End,2,Rain,Wet,Daylight
2020-11-03T22:00:00.000,I 85,I 85 and I 985,,Sideswipe-Same Direction,2,Clear,Dry,Dark-Lighted
2023-12-09T02:28:00.000,I 85,I 85 and I 985,,Sideswipe-Same Direction,2,Clear,Dry,Dark-Not Lighted
2023-04-02T16:04:00.000,I 85,I 85 and I 985,,Sideswipe-Same Direction,2,Clear,Dry,Daylight
2023-03-23T15:24:00.000,I 85,I 85 and I 985,,Rear End,2,Cloudy,Dry,Daylight
2023-08-22T17:20:00.000,I 85,I 85 and I 985,,Rear End,2,Cloudy,Dry,Daylight
2023-02-15T10:40:00.000,I 85,I 85 and I 985,,Sideswipe-Same Direction,2,Rain,Wet,Daylight
2023-07-09T04:15:00.000,I 85,I 85 and I 985,,Head On,2,Clear,Dry,Dark-Not Lighted
2023-12-27T11:50:00.000,I 85,I 85 and I 985,,Sideswipe-Same Direction,2,Clear,Wet,Daylight
2023-08-14T15:09:00.000,I 85,I 85 and I 985,,Sideswipe-Same Direction,2,Cloudy,Dry,Daylight
2023-01-12T06:47:00.000,I 85,I 85 and I 985,,Rear End,2,Cloudy,Dry,Daylight
2023-08-10T08:09:00.000,I 85,I 85 and I 985,,Rear End,2,Rain,Wet,Daylight
2023-08-13T17:20:00.000,I 85,I 85 and I 985,,Sideswipe-Same Direction,2,Clear,Dry,Daylight
2023-08-01T09:08:00.000,I 85,I 85 and I 985,,Rear End,2,Clear,Dry,Daylight
2023-10-22T13:00:00.000,I 85,I 85 and I 985,,Sideswipe-Same Direction,2,Clear,Dry,Daylight
2023-11-02T18:28:00.000,I 85,I 85 and I 985,,Sideswipe-Same Direction,2,Cloudy,Dry,Daylight
2023-04-14T18:28:00.000,I 85,I 85 and I 985,,Not a Collision with Motor Vehicle,1,Cloudy,Wet,Daylight
2023-03-05T18:52:00.000,I 85,I 85 and I 985,,Sideswipe-Same Direction,2,Cloudy,Dry,Dark-Not Lighted
2023-04-10T06:50:00.000,I 85,I 85 and I 985,,Rear End,3,Cloudy,Dry,Daylight
2023-03-14T13:30:00.000,I 85,I 85 and I 985,,Rear End,2,Clear,Dry,Daylight
2023-08-04T08:00:00.000,I 85,I 85 and I 985,,Not a Collision with Motor Vehicle,1,Clear,Dry,Dark-Not Lighted
2023-04-21T15:45:00.000,I 85,I 85 and I 985,,Rear End,2,Clear,Dry,Daylight
2023-07-09T04:15:00.000,I 85,I 85 and I 985,,Not a Collision with Motor Vehicle,1,Clear,Dry,Dark-Not Lighted
2023-12-01T21:15:00.000,I 85,I 85 and I 985,,Rear End,2,Cloudy,Wet,Dark-Not Lighted
2023-02-09T15:22:00.000,I 85,I 85 and I 985,,Sideswipe-Same Direction,2,Cloudy,Dry,Daylight
2023-01-19T06:14:00.000,I 85,I 85 and I 985,,Rear End,2,Cloudy,Wet,Dark-Not Lighted
2023-07-29T07:11:00.000,I 85,I 85 and I 985,,Angle Crash,3,Cloudy,Dry,Daylight
2023-03-30T22:37:00.000,I 85,I 85 and I 985,,Angle Crash,2,Clear,Dry,Dark-Not Lighted
2023-06-13T09:45:00.000,I 85,I 85 and I 985,,Sideswipe-Same Direction,2,Clear,Dry,Daylight
2023-03-10T02:17:00.000,I 85,I 85 and I 985,,Rear End,2,Rain,Wet,Dark-Not Lighted
2023-05-30T07:40:00.000,I 85,I 85 and I 985,,Rear End,3,Clear,Dry,Daylight
2023-05-05T15:15:00.000,I 85,I 85 and I 985,,Sideswipe-Same Direction,2,Rain,Wet,Daylight
2023-03-17T14:00:00.000,I 85,I 85 and I 985,,Rear End,2,Rain,Wet,Daylight
2022-07-27T07:15:00.000,I 85,I 85 and I 985,,Not a Collision with Motor Vehicle,1,Clear,Dry,Daylight
2022-12-22T15:45:00.000,I 85,I 85 and I 985,,Rear End,2,Cloudy,Wet,Daylight
2022-01-21T06:50:00.000,I 85,I 85 and I 985,,Sideswipe-Same Direction,2,Cloudy,Wet,Dark-Not Lighted
2020-07-18T18:15:00.000,I 85,I 85 and I 985,,Not a Collision with Motor Vehicle,1,Clear,Dry,Daylight
2020-12-29T07:25:00.000,I 85,I 85 and I 985,,Sideswipe-Same Direction,2,Clear,Dry,Daylight
2020-09-01T13:30:00.000,I 85,I 85 and I 985,,Not a Collision with Motor Vehicle,2,Clear,Dry,Daylight
2020-02-17T17:46:00.000,I 85,I 85 and I 985,,Rear End,2,Cloudy,Dry,Daylight
2020-08-06T16:10:00.000,I 85,I 85 and I 985,,Rear End,2,Clear,Dry,Daylight
2020-12-21T17:20:00.000,I 85,I 85 and I 985,,Rear End,2,Clear,Dry,Dark-Lighted
2020-09-09T15:45:00.000,I 85,I 85 and I 985,,Sideswipe-Same Direction,2,Clear,Dry,Daylight
2020-08-12T04:10:00.000,I 85,I 85 and I 985,,Not a Collision with Motor Vehicle,1,Clear,Dry,Dark-Not Lighted
2020-08-27T02:00:00.000,I 85,I 85 and I 985,,Not a Collision with Motor Vehicle,1,Clear,Dry,Dark-Not Lighted
2020-12-03T12:20:00.000,I 85,I 85 and I 985,,Sideswipe-Same Direction,2,Clear,Dry,Daylight
2020-01-31T22:00:00.000,I 85,I 85 and I 985,,Sideswipe-Same Direction,2,Cloudy,Dry,Dark-Lighted
2020-06-01T08:48:00.000,I 85,I 85 and I 985,,Sideswipe-Same Direction,2,Clear,Dry,Daylight
2020-02-10T02:56:00.000,I 85,I 85 and I 985,,Not a Collision with Motor Vehicle,1,Clear,Dry,Dark-Lighted
2020-11-02T10:45:00.000,I 85,I 85 and I 985,,Rear End,2,Clear,Dry,Daylight
2020-03-01T06:30:00.000,I 85,I 85 and I 985,,Rear End,2,Clear,Dry,Dark-Lighted
2020-11-07T11:40:00.000,I 85,I 85 and I 985,,Rear End,2,Clear,Dry,Daylight
2020-03-22T02:18:00.000,I 85,I 85 and I 985,,Rear End,2,Clear,Dry,Dark-Not Lighted
2020-07-25T15:12:00.000,I 85,I 85 and I 985,,Not a Collision with Motor Vehicle,1,Rain,Wet,Daylight
2020-06-11T11:18:00.000,I 85,I 85 and I 985,,Sideswipe-Same Direction,2,Clear,Dry,Daylight
2020-07-17T15:55:00.000,I 85,I 85 and I 985,,Rear End,2,Clear,Dry,Daylight
2020-01-02T17:51:00.000,I 85,I 85 and I 985,,Rear End,2,Rain,Wet,Daylight
2020-09-14T16:20:00.000,I 85,I 85 and I 985,,Not a Collision with Motor Vehicle,2,Cloudy,Dry,Daylight
2020-09-11T15:15:00.000,I 85,I 85 and I 985,,Rear End,2,Clear,Dry,Daylight
2020-02-16T20:24:00.000,I 85,I 85 and I 985,,Angle Crash,2,Rain,Wet,Dark-Lighted
2020-10-30T08:40:00.000,I 85,I 85 and I 985,,Sideswipe-Same Direction,2,Clear,Dry,Daylight
2020-03-01T03:46:00.000,I 85,I 85 and I 985,,Sideswipe-Same Direction,2,Clear,Dry,Dark-Lighted
2020-02-08T10:40:00.000,I 85,I 85 and I 985,,Rear End,2,Snow,Snow,Daylight
2020-06-20T11:57:00.000,I 85,I 85 and I 985,,Angle Crash,1,Clear,Dry,Daylight
2020-05-18T07:25:00.000,I 85,I 85 and I 985,,Angle Crash,2,Clear,Dry,Daylight
2020-03-11T13:05:00.000,I 85,I 85 and I 985,,Not a Collision with Motor Vehicle,2,Cloudy,Dry,Daylight
2020-08-06T15:30:00.000,I 85,I 85 and I 985,,Rear End,2,Clear,Dry,Daylight
2020-05-09T11:23:00.000,I 85,I 85 and I 985,,Angle Crash,2,Clear,Dry,Daylight
2020-12-06T19:00:00.000,I 85,I 85 and I 985,,Rear End,2,Clear,Dry,Dark-Not Lighted
2020-07-30T08:10:00.000,I 85,I 85 and I 985,,Sideswipe-Same Direction,2,Clear,Dry,Daylight
2020-12-31T15:58:00.000,I 85,I 85 and I 985,,Sideswipe-Same Direction,2,Rain,Wet,Daylight
2020-09-09T16:18:00.000,I 85,I 85 and I 985,,Rear End,3,Clear,Dry,Daylight
2020-03-23T09:25:00.000,I 85,I 85 and I 985,,Not a Collision with Motor Vehicle,1,Rain,Wet,Daylight
2020-01-09T21:00:00.000,I 85,I 85 and I 985,,Sideswipe-Same Direction,2,Clear,Dry,Dark-Not Lighted
2020-07-05T17:35:00.000,I 85,I 85 and I 985,,Sideswipe-Same Direction,1,Clear,Dry,Daylight
2020-03-01T06:30:00.000,I 85,I 85 and I 985,,Not a Collision with Motor Vehicle,3,Clear,Dry,Dark-Lighted
2020-12-01T09:53:00.000,I 85,I 85 and I 985,,Sideswipe-Same Direction,2,Clear,Dry,Daylight
2020-05-11T08:30:00.000,I 85,I 85 and I 985,,Rear End,3,Clear,Dry,Daylight
2020-07-17T14:37:00.000,I 85,I 85 and I 985,,Sideswipe-Same Direction,2,Clear,Dry,Daylight
2020-06-20T05:30:00.000,I 85,I 85 and I 985,,Sideswipe-Same Direction,2,Clear,Dry,Dark-Lighted
2021-04-05T10:10:00.000,I 85,I 85 and I 985,,Rear End,2,Clear,Dry,Daylight
2021-04-26T10:30:00.000,I 85,I 85 and I 985,,Sideswipe-Same Direction,2,Clear,Dry,Daylight
2021-01-27T15:14:00.000,I 85,I 85 and I 985,,Rear End,2,Cloudy,Dry,Daylight
2021-03-23T06:43:00.000,I 85,I 85 and I 985,,Sideswipe-Opposite Direction,2,Cloudy,Dry,Daylight
2021-02-28T03:36:00.000,I 85,I 85 and I 985,,Not a Collision with Motor Vehicle,1,Clear,Dry,Dark-Not Lighted
2021-01-01T15:33:00.000,I 85,I 85 and I 985,,Rear End,2,Rain,Wet,Daylight
2021-02-01T12:10:00.000,I 85,I 85 and I 985,,Rear End,2,Cloudy,Wet,Daylight
2021-02-08T21:20:00.000,I 85,I 85 and I 985,,Not a Collision with Motor Vehicle,1,Clear,Dry,Dark-Not Lighted
2021-09-06T11:45:00.000,I 85,I 85 and I 985,,Sideswipe-Same Direction,1,Clear,Dry,Dark-Not Lighted
2021-10-05T21:30:00.000,I 85,I 85 and I 985,,Rear End,2,Cloudy,Dry,Dark-Not Lighted
2021-11-29T07:10:00.000,I 85,I 85 and I 985,,Rear End,2,Cloudy,Dry,Daylight
2021-11-28T15:30:00.000,I 85,I 85 and I 985,,Sideswipe-Same Direction,2,Clear,Dry,Daylight
2021-10-29T08:13:00.000,I 85,I 85 and I 985,,Rear End,2,Rain,Wet,Daylight
2021-09-25T09:20:00.000,I 85,I 85 and I 985,,Rear End,2,Clear,Dry,Daylight
2021-10-03T00:30:00.000,I 85,I 85 and I 985,,Rear End,2,Cloudy,Dry,Dark-Not Lighted
2021-07-18T13:52:00.000,I 85,I 85 and I 985,,Sideswipe-Same Direction,2,Cloudy,Dry,Daylight
2021-09-30T20:30:00.000,I 85,I 85 and I 985,,Rear End,3,Cloudy,Dry,Dark-Not Lighted
2021-08-12T09:17:00.000,I 85,I 85 and I 985,,Rear End,2,Clear,Dry,Daylight
2021-11-16T10:20:00.000,I 85,I 85 and I 985,,Rear End,2,Cloudy,Dry,Daylight
2021-12-14T17:00:00.000,I 85,I 85 and I 985,,Rear End,2,Cloudy,Dry,Daylight
2022-11-15T17:21:00.000,I 85,I 85 and I 985,,Not a Collision with Motor Vehicle,2,Rain,Wet,Dark-Lighted
2022-09-21T07:30:00.000,I 85,I 85 and I 985,,Angle Crash,2,Clear,Dry,Daylight
2022-05-15T07:40:00.000,I 85,I 85 and I 985,,Not a Collision with Motor Vehicle,1,Clear,Dry,Daylight
2022-09-15T06:35:00.000,I 85,I 85 and I 985,,Not a Collision with Motor Vehicle,1,Clear,Dry,Dark-Not Lighted
2021-10-31T17:00:00.000,I 85,I 85 and I 985,,Not a Collision with Motor Vehicle,1,Clear,Dry,Daylight
2021-09-29T18:45:00.000,I 85,I 85 and I 985,,Sideswipe-Same Direction,3,Clear,Dry,Daylight
2021-11-29T14:44:00.000,I 85,I 85 and I 985,,Rear End,2,Clear,Dry,Daylight
2022-07-27T09:00:00.000,I 85,I 85 and I 985,,Rear End,2,Cloudy,Dry,Dawn
2022-12-16T15:40:00.000,I 85,I 85 and I 985,,Sideswipe-Same Direction,2,Clear,Dry,Daylight
2022-07-23T13:46:00.000,I 85,I 85 and I 985,,Sideswipe-Same Direction,2,Clear,Dry,Daylight
2022-10-24T18:11:00.000,I 85,I 85 and I 985,,Rear End,2,Clear,Dry,Daylight
2022-10-16T22:15:00.000,I 85,I 85 and I 985,,Sideswipe-Same Direction,2,Cloudy,Dry,Dark-Not Lighted
2022-11-21T05:36:00.000,I 85,I 85 and I 985,,Rear End,2,Clear,Dry,Dark-Not Lighted
2022-03-29T15:00:00.000,I 85,I 85 and I 985,,Sideswipe-Same Direction,2,Cloudy,Dry,Daylight
2022-01-24T17:35:00.000,I 85,I 85 and I 985,,Sideswipe-Same Direction,2,Clear,Dry,Daylight
2022-01-19T07:47:00.000,I 85,I 85 and I 985,,Rear End,3,Clear,Dry,Daylight
2022-01-06T23:18:00.000,I 85,I 85 and I 985,,Not a Collision with Motor Vehicle,1,Cloudy,Wet,Dark-Not Lighted
2022-02-03T07:42:00.000,I 85,I 85 and I 985,,Rear End,2,Cloudy,Wet,Daylight
2022-05-23T13:00:00.000,I 85,I 85 and I 985,,Sideswipe-Same Direction,2,Rain,Wet,Daylight
2022-05-29T23:20:00.000,I 85,I 85 and I 985,,Not a Collision with Motor Vehicle,1,Clear,Dry,Dark-Not Lighted
2022-08-23T07:13:00.000,I 85,I 85 and I 985,,Sideswipe-Same Direction,2,Cloudy,Dry,Daylight
2022-01-03T18:52:00.000,I 85,I 85 and I 985,,Rear End,2,Clear,Dry,Daylight
2022-06-06T17:45:00.000,I 85,I 85 and I 985,,Rear End,2,Rain,Wet,Daylight
2022-04-26T14:36:00.000,I 85,I 85 and I 985,,Not a Collision with Motor Vehicle,1,Cloudy,Dry,Daylight
2021-09-19T19:40:00.000,I 85,I 85 and I 985,,Not a Collision with Motor Vehicle,1,Cloudy,Dry,Dark-Not Lighted
2022-11-10T19:05:00.000,I 85,I 85 and I 985,,Sideswipe-Same Direction,2,Rain,Wet,Dark-Not Lighted
2022-11-03T16:38:00.000,I 85,I 85 and I 985,,Rear End,2,Cloudy,Dry,Daylight
2022-05-23T15:47:00.000,I 85,I 85 and I 985,,Rear End,2,Cloudy,Wet,Daylight
2022-05-10T16:30:00.000,I 85,I 85 and I 985,,Rear End,3,Clear,Dry,Daylight
2022-07-15T12:13:00.000,I 85,I 85 and I 985,,Rear End,2,Clear,Dry,Daylight
2022-10-20T14:16:00.000,I 85,I 85 and I 985,,Sideswipe-Same Direction,2,Clear,Dry,Daylight
2022-06-24T15:00:00.000,I 85,I 85 and I 985,,Rear End,2,Cloudy,Dry,Daylight
2022-11-09T06:30:00.000,I 85,I 85 and I 985,,Rear End,2,Clear,Dry,Daylight
2022-02-25T07:50:00.000,I 85,I 85 and I 985,,Not a Collision with Motor Vehicle,1,Rain,Wet,Daylight
2022-09-27T14:45:00.000,I 85,I 85 and I 985,,Rear End,3,Cloudy,Dry,Daylight
2022-06-06T17:55:00.000,I 85,I 85 and I 985,,Rear End,2,Rain,Wet,Daylight
2022-10-14T00:00:00.000,I 85,I 85 and I 985,,Sideswipe-Same Direction,2,Clear,Dry,Daylight
2022-01-21T07:25:00.000,I 85,I 85 and I 985,,Sideswipe-Opposite Direction,2,Cloudy,Wet,Daylight
2022-01-19T17:45:00.000,I 85,I 85 and I 985,,Sideswipe-Same Direction,2,Clear,Dry,Daylight
2022-07-03T11:00:00.000,I 85,I 85 and I 985,,Sideswipe-Same Direction,2,Clear,Dry,Daylight
2022-09-13T16:59:00.000,I 85,I 85 and I 985,,Rear End,2,Cloudy,Dry,Daylight
2022-01-21T06:54:00.000,I 85,I 85 and I 985,,Sideswipe-Same Direction,4,Cloudy,Dry,Dark-Not Lighted
2022-03-31T11:59:00.000,I 85,I 85 and I 985,,Rear End,2,Cloudy,Dry,Daylight
2022-06-16T18:34:00.000,I 85,I 85 and I 985,,Rear End,2,Rain,Wet,Daylight
2022-11-09T16:55:00.000,I 85,I 85 and I 985,,Sideswipe-Same Direction,2,Clear,Dry,Dusk
2022-05-03T02:37:00.000,I 85,I 85 and I 985,,Sideswipe-Same Direction,2,Clear,Dry,Dark-Lighted
2022-09-27T10:53:00.000,I 85,I 85 and I 985,,Rear End,2,Clear,Dry,Daylight
2022-10-30T09:45:00.000,I 85,I 85 and I 985,,Sideswipe-Same Direction,2,Cloudy,Wet,Daylight
2022-02-18T17:38:00.000,I 85,I 85 and I 985,,Sideswipe-Same Direction,2,Cloudy,Dry,Daylight
2022-06-01T06:15:00.000,I 85,I 85 and I 985,,Angle Crash,2,Clear,Dry,Daylight
2022-09-02T15:30:00.000,I 85,I 85 and I 985,,Rear End,2,Cloudy,Wet,Daylight
2022-10-31T07:38:00.000,I 85,I 85 and I 985,,Rear End,2,Rain,Wet,Dark-Lighted
2022-05-08T04:16:00.000,I 85,I 85 and I 985,,Rear End,2,Clear,Dry,Daylight
2022-05-21T13:34:00.000,I 85,I 85 and I 985,,Rear End,2,Cloudy,Dry,Daylight
2022-08-06T15:21:00.000,I 85,I 85 and I 985,,Rear End,3,Cloudy,Dry,Daylight
2022-04-22T11:23:00.000,I 85,I 85 and I 985,,Sideswipe-Same Direction,2,Clear,Dry,Daylight
2022-06-03T15:20:00.000,I 85,I 85 and I 985,,Sideswipe-Same Direction,2,Clear,Dry,Daylight
2022-08-18T10:30:00.000,I 85,I 85 and I 985,,Sideswipe-Same Direction,2,Clear,Dry,Daylight
2022-09-10T01:46:00.000,I 85,I 85 and I 985,,Not a Collision with Motor Vehicle,1,Cloudy,Dry,Dark-Not Lighted
2022-01-16T03:08:00.000,I 85,I 85 and I 985,,Not a Collision with Motor Vehicle,1,Sleet,Wet,Dark-Not Lighted