Date and Time,Roadway (From Crash Report),Intersection Name (from Crash Report),KABCO Severity,Manner of Collision (Crash Level) ,# of Vehicles per crash ,Weather Conditions (Crash Level),Surface Condition (Crash Level) ,Light Conditions (Crash Level)
2020-02-27T21:43:00.000,I 75,I 85 and I 75,,Angle Crash,2,Clear,Dry,Dark-Lighted
2020-02-12T00:15:00.000,I 75,I 85 and I 75,,Not a Collision with Motor Vehicle,1,Cloudy,Wet,Dark-Lighted
2020-01-03T01:03:00.000,I 75,I 85 and I 75,,Not a Collision with Motor Vehicle,1,Rain,Wet,Dark-Lighted
2020-08-03T21:36:00.000,I 75,I 85 and I 75,,Rear End,2,Clear,Dry,Dark-Lighted
2021-01-25T22:23:00.000,I 75,I 85 and I 75,,Not a Collision with Motor Vehicle,1,Rain,Wet,Dark-Not Lighted
2021-05-16T01:55:00.000,I 75,I 85 and I 75,,Angle Crash,3,Clear,Dry,Dark-Lighted
2021-02-26T03:54:00.000,I 75,I 85 and I 75,,Not a Collision with Motor Vehicle,1,Clear,Dry,Dark-Lighted
2021-03-11T02:57:00.000,I 75,I 85 and I 75,,Not a Collision with Motor Vehicle,1,Clear,Dry,Dark-Lighted
2021-01-09T10:30:00.000,I 75,I 85 and I 75,,Not a Collision with Motor Vehicle,1,Cloudy,Dry,Daylight
2021-01-19T20:45:00.000,I 75,I 85 and I 75,,Not a Collision with Motor Vehicle,1,Clear,Dry,Dark-Lighted
2021-01-23T18:52:00.000,I 75,I 85 and I 75,,Head On,2,Clear,Dry,Daylight
2021-06-07T08:56:00.000,I 75,I 85 and I 75,,Not a Collision with Motor Vehicle,1,Rain,Wet,Daylight
2021-05-12T15:00:00.000,I 75,I 85 and I 75,,Rear End,2,Cloudy,Wet,Daylight
2021-01-09T15:50:00.000,I 75,I 85 and I 75,,Sideswipe-Same Direction,2,Clear,Dry,Daylight
2021-02-14T15:12:00.000,I 75,I 85 and I 75,,Angle Crash,2,Clear,(None),Daylight
2021-09-20T14:35:00.000,I 75,I 85 and I 75,,Not a Collision with Motor Vehicle,1,Rain,Wet,Daylight
2021-09-16T11:20:00.000,I 75,I 85 and I 75,,Angle Crash,2,Rain,Wet,Daylight
2021-07-26T12:52:00.000,I 75,I 85 and I 75,,Sideswipe-Same Direction,2,Clear,Dry,Daylight
2021-07-14T10:46:00.000,I 75,I 85 and I 75,,Rear End,2,Clear,Dry,Daylight
2021-08-25T07:50:00.000,I 75,I 85 and I 75,,Sideswipe-Same Direction,2,Cloudy,Dry,Daylight
2021-09-01T06:01:00.000,I 75,I 85 and I 75,,Not a Collision with Motor Vehicle,4,Cloudy,Wet,Dark-Not Lighted
2022-01-17T10:38:00.000,I 75,I 85 and I 75,,Sideswipe-Same Direction,2,Cloudy,Dry,Daylight
2022-07-01T12:40:00.000,I 75,I 85 and I 75,,Rear End,2,Rain,Wet,Daylight
2022-10-20T09:45:00.000,I 75,I 85 and I 75,,Rear End,3,Clear,Dry,Daylight
2021-11-23T13:40:00.000,I 75,I 85 and I 75,,Sideswipe-Same Direction,2,Clear,Dry,Daylight
2022-02-28T19:40:00.000,I 75,I 85 and I 75,,Sideswipe-Same Direction,2,Clear,Dry,Dark-Lighted
2022-08-06T21:10:00.000,I 75,I 85 and I 75,,Rear End,2,Rain,Wet,Dark-Lighted
2022-01-09T22:30:00.000,I 75,I 85 and I 75,,Not a Collision with Motor Vehicle,1,Rain,Wet,Dark-Lighted
2022-05-12T17:11:00.000,I 75,I 85 and I 75,,Sideswipe-Same Direction,2,Clear,Dry,Daylight
2022-02-04T06:30:00.000,I 75,I 85 and I 75,,Rear End,2,Rain,Wet,Dark-Lighted
2022-07-19T17:30:00.000,I 75,I 85 and I 75,,Rear End,2,Cloudy,Wet,Daylight
2022-01-21T20:41:00.000,I 75,I 85 and I 75,,Sideswipe-Same Direction,2,Cloudy,Wet,Dark-Lighted
2022-11-04T22:43:00.000,I 75,I 85 and I 75,,Sideswipe-Same Direction,2,Cloudy,Dry,Dark-Lighted
2022-09-16T16:45:00.000,I 75,I 85 and I 75,,Sideswipe-Same Direction,2,Clear,Dry,Daylight
2022-04-14T14:23:00.000,I 75,I 85 and I 75,,Rear End,2,Clear,Dry,Daylight
2022-04-26T08:25:00.000,I 75,I 85 and I 75,,Rear End,2,Clear,Dry,Daylight
2022-12-29T05:53:00.000,I 75,I 85 and I 75,,Sideswipe-Same Direction,2,Clear,Dry,Dark-Lighted
2022-08-22T16:00:00.000,I 75,I 85 and I 75,,Not a Collision with Motor Vehicle,1,Rain,Wet,Daylight
2022-02-04T06:30:00.000,I 75,I 85 and I 75,,Rear End,3,Rain,Wet,Dark-Lighted
2022-04-14T15:40:00.000,I 75,I 85 and I 75,,Rear End,2,Clear,Dry,Daylight
2022-08-04T14:07:00.000,I 75,I 85 and I 75,,Sideswipe-Same Direction,2,Clear,Dry,Daylight
2022-08-16T15:20:00.000,I 75,I 85 and I 75,,Sideswipe-Same Direction,2,Cloudy,Dry,Daylight
2022-11-18T17:30:00.000,I 75,I 85 and I 75,,Sideswipe-Same Direction,2,Clear,Dry,Dusk
2022-12-16T16:14:00.000,I 75,I 85 and I 75,,Sideswipe-Same Direction,2,Clear,Dry,Daylight
2022-02-04T06:30:00.000,I 75,I 85 and I 75,,Rear End,3,Rain,Wet,Dark-Lighted
2022-03-03T06:18:00.000,I 75,I 85 and I 75,,Sideswipe-Same Direction,2,Clear,Dry,Dawn
2022-02-09T16:55:00.000,I 75,I 85 and I 75,,Sideswipe-Same Direction,2,Clear,Dry,Daylight
2022-05-03T07:50:00.000,I 75,I 85 and I 75,,Sideswipe-Same Direction,2,Cloudy,Dry,Daylight
2022-05-12T10:55:00.000,I 75,I 85 and I 75,,Rear End,2,Clear,Dry,Daylight
2023-09-08T18:05:00.000,I 75,I 85 and I 75,,Sideswipe-Same Direction,3,Clear,Dry,Daylight
2024-10-01T11:55:00.000,I 75,I 85 and I 75,,Rear End,2,Clear,Dry,Daylight
2024-03-01T18:08:00.000,I 75,I 85 and I 75,,Rear End,2,Rain,Wet,Dark-Lighted
2024-12-29T16:10:00.000,I 75,I 85 and I 75,,Sideswipe-Same Direction,3,Clear,Dry,Daylight
2023-02-20T08:07:00.000,I 75,I 85 and I 75,,Sideswipe-Same Direction,3,Clear,Dry,Daylight
2023-03-20T13:03:00.000,I 75,I 85 and I 75,,Sideswipe-Same Direction,2,Clear,Dry,Daylight
2023-11-30T15:45:00.000,I 75,I 85 and I 75,,Sideswipe-Same Direction,2,Clear,Dry,Daylight
2023-05-26T21:58:00.000,I 75,I 85 and I 75,,Angle Crash,2,Clear,Dry,Dark-Not Lighted
2023-05-12T15:51:00.000,I 75,I 85 and I 75,,Sideswipe-Same Direction,2,Cloudy,Dry,Daylight
2023-08-22T08:06:00.000,I 75,I 85 and I 75,,Angle Crash,3,Cloudy,Dry,Daylight
2023-03-27T02:05:00.000,I 75,I 85 and I 75,,Sideswipe-Same Direction,3,Rain,Wet,Dark-Not Lighted
2023-05-30T15:25:00.000,I 75,I 85 and I 75,,Rear End,2,Clear,Dry,Daylight
2023-08-18T16:20:00.000,I 75,I 85 and I 75,,Rear End,2,Clear,Dry,Daylight
2023-11-14T12:50:00.000,I 75,I 85 and I 75,,Rear End,2,Clear,Dry,Daylight
2023-08-08T15:27:00.000,I 75,I 85 and I 75,,Rear End,4,Cloudy,Dry,Daylight
2024-02-01T17:20:00.000,I 75,I 85 and I 75,,Sideswipe-Same Direction,2,Clear,Dry,Daylight
2024-05-30T17:27:00.000,I 75,I 85 and I 75,,Rear End,2,Clear,Dry,Daylight
2024-03-08T16:21:00.000,I 75,I 85 and I 75,,Sideswipe-Same Direction,2,Clear,Dry,Daylight
2024-05-24T12:08:00.000,I 75,I 85 and I 75,,Sideswipe-Same Direction,2,Cloudy,Dry,Daylight
2024-08-23T12:33:00.000,I 75,I 85 and I 75,,Sideswipe-Same Direction,2,Clear,Dry,Daylight
2024-04-18T08:41:00.000,I 75,I 85 and I 75,,Rear End,2,Cloudy,Wet,Daylight
2024-04-18T08:29:00.000,I 75,I 85 and I 75,,Sideswipe-Same Direction,2,Clear,Dry,Daylight
2024-07-30T19:41:00.000,I 75,I 85 and I 75,,Sideswipe-Same Direction,2,Clear,Dry,Daylight
2024-04-05T08:49:00.000,I 75,I 85 and I 75,,Rear End,2,Clear,Dry,Daylight
2024-06-27T13:35:00.000,I 75,I 85 and I 75,,Sideswipe-Same Direction,2,Clear,Dry,Daylight
2024-06-18T15:51:00.000,I 75,I 85 and I 75,,Rear End,2,Clear,Dry,Daylight
2021-01-21T16:10:00.000,I 285,I 85 and I 285,,Sideswipe-Same Direction,2,Cloudy,Wet,Daylight
2021-05-26T15:38:00.000,I 85,I 85 and I 285,,Sideswipe-Same Direction,2,Cloudy,Dry,Daylight
2021-06-02T23:20:00.000,I 85,I 85 and I 285,,Not a Collision with Motor Vehicle,1,Clear,Dry,Dark-Lighted
2021-05-27T13:00:00.000,I 85,I 85 and I 285,,Sideswipe-Same Direction,2,Clear,Dry,Daylight
2021-05-22T11:13:00.000,I 285,I 85 and I 285,,Rear End,2,Clear,Dry,Daylight
2021-04-19T05:53:00.000,I 285,I 85 and I 285,,Sideswipe-Same Direction,2,Clear,Dry,Daylight
2021-03-28T02:04:00.000,I 285,I 85 and I 285,,Not a Collision with Motor Vehicle,1,Clear,Dry,Dark-Not Lighted
2021-06-15T13:11:00.000,I 285,I 85 and I 285,,Rear End,3,Clear,Dry,Daylight
2021-02-03T15:39:00.000,I 285,I 85 and I 285,,Rear End,2,Clear,Dry,Daylight
2021-06-30T16:15:00.000,I 85,I 85 and I 285,,Angle Crash,2,Clear,Dry,Daylight
2021-01-17T09:03:00.000,I 85,I 85 and I 285,,Sideswipe-Same Direction,2,Clear,Dry,Daylight
2021-01-15T12:42:00.000,I 85,I 85 and I 285,,Sideswipe-Same Direction,2,Clear,Dry,Daylight
2021-01-01T04:00:00.000,I 285,I 85 and I 285,,Not a Collision with Motor Vehicle,1,Rain,Wet,Dark-Lighted
2021-03-04T10:00:00.000,I 285,I 85 and I 285,,Sideswipe-Same Direction,2,Clear,Dry,Daylight
2021-11-25T18:30:00.000,I 85,I 85 and I 285,,Rear End,2,Clear,Dry,Dark-Not Lighted
2021-09-20T15:33:00.000,I 85,I 85 and I 285,,Sideswipe-Same Direction,2,Rain,Wet,Daylight
2021-11-17T06:06:00.000,I 85,I 85 and I 285,,Angle Crash,2,Clear,Dry,Dawn
2021-08-12T11:17:00.000,I 285,I 85 and I 285,,Angle Crash,2,Clear,Dry,Daylight
2021-08-24T12:10:00.000,I 85,I 85 and I 285,,Sideswipe-Same Direction,2,Clear,Dry,Daylight
2021-12-22T15:59:00.000,I 285,I 85 and I 285,,Angle Crash,2,Clear,Dry,Daylight
2021-07-17T15:50:00.000,I 85,I 85 and I 285,,Rear End,2,Clear,Dry,Daylight
2021-08-13T16:30:00.000,I 285,I 85 and I 285,,Sideswipe-Same Direction,2,Clear,Dry,Daylight
2021-08-12T14:23:00.000,I 85,I 85 and I 285,,Sideswipe-Same Direction,2,Cloudy,Dry,Daylight
2021-08-01T12:45:00.000,I 85,I 85 and I 285,,Sideswipe-Same Direction,2,Clear,Dry,Daylight
2021-10-23T20:45:00.000,I 285,I 85 and I 285,,Angle Crash,2,Clear,Dry,Dark-Not Lighted
2021-09-21T07:52:00.000,I 85,I 85 and I 285,,Rear End,2,Rain,Wet,Daylight
2021-12-09T10:34:00.000,I 85,I 85 and I 285,,Rear End,2,Clear,Dry,Daylight
2021-09-23T15:00:00.000,I 85,I 85 and I 285,,Rear End,2,Clear,Dry,Daylight
2021-08-27T12:12:00.000,I 285,I 85 and I 285,,Rear End,2,Clear,Dry,Daylight
2021-05-30T15:04:00.000,I 285,I 85 and I 285,,Sideswipe-Same Direction,2,Clear,Dry,Daylight
2021-03-12T20:55:00.000,I 85,I 85 and I 285,,Rear End,2,Clear,Dry,Dark-Lighted
2021-04-20T12:30:00.000,I 285,I 85 and I 285,,Sideswipe-Same Direction,3,Clear,Dry,Daylight
2021-06-28T16:59:00.000,I 85,I 85 and I 285,,Rear End,2,Clear,Dry,Daylight
2021-06-11T13:07:00.000,I 285,I 85 and I 285,,Rear End,3,Cloudy,Dry,Daylight
2021-03-08T08:03:00.000,I 285,I 85 and I 285,,Rear End,2,Clear,Dry,Daylight
2021-05-11T14:20:00.000,I 85,I 85 and I 285,,Sideswipe-Same Direction,2,Clear,Dry,Daylight
2021-01-21T23:20:00.000,I 85,I 85 and I 285,,Not a Collision with Motor Vehicle,1,Clear,Dry,Dark-Not Lighted
2021-02-19T16:35:00.000,I 85,I 85 and I 285,,Rear End,2,Clear,Dry,Daylight
2021-05-13T12:58:00.000,I 85,I 85 and I 285,,Angle Crash,2,Clear,Dry,Daylight
2021-05-27T13:49:00.000,I 85,I 85 and I 285,,Rear End,2,Clear,Dry,Daylight
2021-05-19T08:10:00.000,I 85,I 85 and I 285,,Sideswipe-Same Direction,2,Clear,Dry,Daylight
2021-01-27T08:45:00.000,I 285,I 85 and I 285,,Not a Collision with Motor Vehicle,1,Rain,Wet,Daylight
2021-05-17T06:25:00.000,I 285,I 85 and I 285,,Rear End,2,Clear,Dry,Daylight
2021-04-06T13:24:00.000,I 285,I 85 and I 285,,Rear End,2,Clear,Dry,Daylight
2021-04-07T05:30:00.000,I 85,I 85 and I 285,,Not a Collision with Motor Vehicle,1,Clear,Dry,Dark-Not Lighted
2021-05-12T09:45:00.000,I 285,I 85 and I 285,,Not a Collision with Motor Vehicle,1,Rain,Wet,Daylight
2021-04-21T04:39:00.000,I 85,I 85 and I 285,,Angle Crash,2,Clear,Dry,Dark-Lighted
2021-06-21T10:38:00.000,I 285,I 85 and I 285,,Rear End,2,Clear,Dry,Daylight
2021-04-17T19:20:00.000,I 85,I 85 and I 285,,Rear End,2,Clear,Dry,Daylight
2021-05-25T12:10:00.000,I 285,I 85 and I 285,,Sideswipe-Same Direction,2,Cloudy,Dry,Daylight
2021-05-27T10:50:00.000,I 285,I 85 and I 285,,Rear End,3,Clear,Dry,Daylight
2021-05-09T13:10:00.000,I 285,I 85 and I 285,,Rear End,2,Clear,Dry,Daylight
2021-02-12T03:14:00.000,I 85,I 85 and I 285,,Sideswipe-Same Direction,2,Rain,Wet,Dark-Lighted
2021-02-03T16:44:00.000,I 285,I 85 and I 285,,Rear End,2,Clear,Dry,Daylight
2021-03-01T08:45:00.000,I 285,I 85 and I 285,,Rear End,2,Cloudy,Wet,Daylight
2021-04-20T20:38:00.000,I 285,I 85 and I 285,,Sideswipe-Same Direction,2,Clear,Dry,Dark-Lighted
2021-06-30T16:00:00.000,I 85,I 85 and I 285,,Sideswipe-Same Direction,2,Clear,Dry,Daylight
2021-02-15T15:45:00.000,I 85,I 85 and I 285,,Rear End,2,Rain,Wet,Daylight
2021-04-26T08:35:00.000,I 285,I 85 and I 285,,Rear End,2,Clear,Dry,Daylight
2021-01-24T14:59:00.000,I 85,I 85 and I 285,,Rear End,6,Clear,Dry,Daylight
2021-04-14T00:00:00.000,I 285,I 85 and I 285,,Angle Crash,2,Clear,Dry,Daylight
2021-02-22T14:30:00.000,I 285,I 85 and I 285,,Rear End,3,Clear,Dry,Daylight
2021-06-22T12:48:00.000,I 285,I 85 and I 285,,Rear End,2,Cloudy,Dry,Daylight
2021-05-11T17:30:00.000,I 85,I 85 and I 285,,Angle Crash,2,Clear,Dry,Daylight
2021-01-13T19:20:00.000,I 285,I 85 and I 285,,Sideswipe-Same Direction,2,Cloudy,Dry,Dark-Lighted
2021-01-21T11:53:00.000,I 285,I 85 and I 285,,Rear End,3,Rain,Wet,Daylight
2021-11-11T12:58:00.000,I 285,I 85 and I 285,,Rear End,2,Clear,Dry,Daylight
2021-11-02T14:04:00.000,I 285,I 85 and I 285,,Sideswipe-Same Direction,2,Clear,Dry,Daylight
2021-12-13T15:30:00.000,I 85,I 85 and I 285,,Sideswipe-Same Direction,4,Clear,Dry,Daylight
2021-09-12T17:10:00.000,I 285,I 85 and I 285,,Rear End,2,Clear,Dry,Daylight
2021-08-19T17:00:00.000,I 285,I 85 and I 285,,Rear End,2,Clear,Dry,Daylight
2021-12-17T11:50:00.000,I 85,I 85 and I 285,,Sideswipe-Same Direction,2,Clear,Dry,Daylight
2021-10-13T11:44:00.000,I 285,I 85 and I 285,,Rear End,2,Clear,Dry,Daylight
2021-10-22T17:25:00.000,I 85,I 85 and I 285,,Sideswipe-Same Direction,2,Clear,Dry,Daylight
2021-12-02T07:30:00.000,I 85,I 85 and I 285,,Sideswipe-Same Direction,2,Clear,Dry,Daylight
2021-09-27T15:40:00.000,I 85,I 85 and I 285,,Sideswipe-Same Direction,2,Clear,Dry,Daylight
2021-08-06T12:33:00.000,I 285,I 85 and I 285,,Sideswipe-Same Direction,2,Clear,Dry,Daylight
2021-11-27T18:04:00.000,I 85,I 85 and I 285,,Rear End,2,Clear,Dry,Dark-Not Lighted
2021-08-13T04:53:00.000,I 285,I 85 and I 285,,Angle Crash,2,Clear,Dry,Dark-Not Lighted
2021-10-11T00:00:00.000,I 85,I 85 and I 285,,Angle Crash,2,Clear,Dry,Daylight
2021-08-07T14:30:00.000,I 285,I 85 and I 285,,Rear End,3,Cloudy,Dry,Daylight
2021-12-13T20:28:00.000,I 285,I 85 and I 285,,Sideswipe-Same Direction,2,Cloudy,Dry,Dark-Lighted
2021-05-24T02:05:00.000,I 285,I 85 and I 285,,Angle Crash,2,Clear,Dry,Dark-Lighted
2021-09-21T07:52:00.000,I 85,I 85 and I 285,,Rear End,2,Rain,Wet,Daylight
2021-12-18T05:55:00.000,I 85,I 85 and I 285,,Sideswipe-Same Direction,2,Cloudy,Wet,Dark-Not Lighted
2021-08-10T09:38:00.000,I 285,I 85 and I 285,,Sideswipe-Same Direction,2,Clear,Dry,Daylight
2021-08-07T17:40:00.000,I 285,I 85 and I 285,,Not a Collision with Motor Vehicle,1,Rain,Wet,Daylight
2021-11-19T14:40:00.000,I 285,I 85 and I 285,,Rear End,2,Clear,Dry,Daylight
2021-12-30T12:21:00.000,I 85,I 85 and I 285,,Not a Collision with Motor Vehicle,1,Rain,Wet,Daylight
2021-08-07T15:20:00.000,I 285,I 85 and I 285,,Not a Collision with Motor Vehicle,1,Clear,Dry,Daylight
2021-10-19T16:20:00.000,I 85,I 85 and I 285,,Sideswipe-Same Direction,2,Clear,Dry,Daylight
2021-01-27T09:26:00.000,I 85,I 85 and I 285,,Not a Collision with Motor Vehicle,1,Rain,Wet,Daylight
2021-05-03T14:10:00.000,I 85,I 85 and I 285,,Not a Collision with Motor Vehicle,1,Rain,Wet,Daylight
2021-03-10T12:45:00.000,I 285,I 85 and I 285,,Sideswipe-Same Direction,2,Clear,Dry,Daylight
2021-01-28T06:40:00.000,I 85,I 85 and I 285,,Not a Collision with Motor Vehicle,1,Clear,Dry,Dawn
2021-05-05T05:51:00.000,I 85,I 85 and I 285,,Sideswipe-Same Direction,2,Clear,Dry,Dawn
2021-01-05T23:02:00.000,I 285,I 85 and I 285,,Sideswipe-Same Direction,2,Clear,Dry,Dark-Not Lighted
2021-06-04T11:45:00.000,I 285,I 85 and I 285,,Sideswipe-Same Direction,2,Clear,Dry,Daylight
2021-01-27T09:10:00.000,I 85,I 85 and I 285,,Angle Crash,4,Rain,Wet,Daylight
2021-02-19T14:17:00.000,I 285,I 85 and I 285,,Sideswipe-Same Direction,2,Clear,Dry,Daylight
2021-02-18T08:32:00.000,I 85,I 85 and I 285,,Sideswipe-Same Direction,2,Cloudy,Wet,Daylight
2021-06-30T15:55:00.000,I 85,I 85 and I 285,,Sideswipe-Same Direction,2,Cloudy,Dry,Daylight
2021-05-08T00:02:00.000,I 285,I 85 and I 285,,Rear End,2,Clear,Dry,Dark-Not Lighted
2021-06-25T14:15:00.000,I 285,I 85 and I 285,,Sideswipe-Same Direction,2,Clear,Dry,Daylight
2021-02-27T04:42:00.000,I 285,I 85 and I 285,,Not a Collision with Motor Vehicle,1,Clear,Dry,Dark-Lighted
2021-06-05T14:35:00.000,I 285,I 85 and I 285,,Rear End,2,Clear,Dry,Daylight
2021-05-04T10:28:00.000,I 85,I 85 and I 285,,Rear End,2,Cloudy,Dry,Daylight
2021-01-22T18:40:00.000,I 285,I 85 and I 285,,Rear End,2,Cloudy,Dry,Dark-Lighted
2021-06-22T08:25:00.000,I 85,I 85 and I 285,,Rear End,2,Rain,Wet,Daylight
2021-06-23T20:40:00.000,I 285,I 85 and I 285,,Rear End,2,Clear,Dry,Daylight
2021-04-14T13:57:00.000,I 285,I 85 and I 285,,Rear End,2,Clear,Dry,Daylight
2021-10-22T13:50:00.000,I 85,I 85 and I 285,,Sideswipe-Same Direction,2,Clear,Dry,Daylight
2021-09-24T18:36:00.000,I 85,I 85 and I 285,,Sideswipe-Same Direction,3,Clear,Dry,Daylight
2021-12-16T10:35:00.000,I 85,I 85 and I 285,,Sideswipe-Same Direction,2,Cloudy,Dry,Daylight
2021-08-29T14:38:00.000,I 85,I 85 and I 285,,Sideswipe-Same Direction,2,Clear,Dry,Daylight
2021-09-06T11:45:00.000,I 285,I 85 and I 285,,Rear End,2,Cloudy,Dry,Daylight
2021-09-08T20:34:00.000,I 85,I 85 and I 285,,Sideswipe-Same Direction,2,Clear,Dry,Dark-Not Lighted
2021-09-01T00:00:00.000,I 85,I 85 and I 285,,Not a Collision with Motor Vehicle,1,Clear,Wet,Dark-Not Lighted
2021-08-13T16:10:00.000,I 85,I 85 and I 285,,Rear End,2,Clear,Dry,Daylight
2021-07-23T19:42:00.000,I 285,I 85 and I 285,,Sideswipe-Same Direction,2,Clear,Dry,Daylight
2021-09-24T15:08:00.000,I 285,I 85 and I 285,,Rear End,2,Clear,Dry,Daylight
2021-12-14T15:45:00.000,I 285,I 85 and I 285,,Sideswipe-Same Direction,2,Clear,Dry,Daylight
2021-09-25T22:30:00.000,I 85,I 85 and I 285,,Rear End,2,Clear,Dry,Dark-Lighted
2021-10-22T20:23:00.000,I 85,I 85 and I 285,,Rear End,3,Clear,Dry,Daylight
2021-12-30T17:00:00.000,I 285,I 85 and I 285,,Sideswipe-Same Direction,2,Cloudy,Wet,Dusk
2021-07-22T08:50:00.000,I 85,I 85 and I 285,,Angle Crash,2,Clear,Dry,Daylight
2021-09-01T04:36:00.000,I 85,I 85 and I 285,,Not a Collision with Motor Vehicle,1,Clear,Wet,Dark-Not Lighted
2021-08-29T18:10:00.000,I 85,I 85 and I 285,,Sideswipe-Same Direction,2,Clear,Dry,Daylight
2021-07-14T10:56:00.000,I 285,I 85 and I 285,,Rear End,2,Cloudy,Dry,Daylight
2021-05-18T09:50:00.000,I 285,I 85 and I 285,,Not a Collision with Motor Vehicle,2,Clear,Dry,Daylight
2021-02-07T13:12:00.000,I 285,I 85 and I 285,,Sideswipe-Same Direction,2,Clear,Dry,Daylight
2021-03-24T20:35:00.000,I 85,I 85 and I 285,,Rear End,2,Clear,Dry,Dark-Not Lighted
2021-03-11T17:00:00.000,I 85,I 85 and I 285,,Rear End,3,Clear,Dry,Daylight
2021-03-12T15:25:00.000,I 85,I 85 and I 285,,Sideswipe-Same Direction,2,Clear,Dry,Daylight
2021-01-30T00:24:00.000,I 285,I 85 and I 285,,Angle Crash,3,Clear,Dry,Dark-Not Lighted
2021-04-05T22:22:00.000,I 285,I 85 and I 285,,Not a Collision with Motor Vehicle,1,Clear,Dry,Dark-Not Lighted
2021-02-22T06:41:00.000,I 285,I 85 and I 285,,Rear End,3,Clear,Wet,Daylight
2021-03-31T17:49:00.000,I 285,I 85 and I 285,,Sideswipe-Same Direction,2,Cloudy,Wet,Daylight
2021-01-24T18:22:00.000,I 285,I 85 and I 285,,Rear End,2,Clear,Dry,Dark-Lighted
2020-10-09T10:29:00.000,I 285,I 85 and I 285,,Sideswipe-Same Direction,2,Clear,Dry,Daylight
2020-12-31T00:16:00.000,I 285,I 85 and I 285,,Not a Collision with Motor Vehicle,1,Clear,Dry,Dark-Not Lighted
2020-08-15T16:50:00.000,I 85,I 85 and I 285,,Rear End,2,Rain,Water (standing or moving),Daylight
2020-03-09T15:38:00.000,I 85,I 85 and I 285,,Sideswipe-Opposite Direction,2,Cloudy,Dry,Daylight
2020-08-27T13:47:00.000,I 285,I 85 and I 285,,Not a Collision with Motor Vehicle,2,Clear,Dry,Daylight
2020-06-03T10:41:00.000,I 285,I 85 and I 285,,Not a Collision with Motor Vehicle,1,Clear,Dry,Daylight
2020-01-27T17:05:00.000,I 85,I 85 and I 285,,Sideswipe-Same Direction,2,Clear,Dry,Daylight
2020-07-15T12:49:00.000,I 85,I 85 and I 285,,Angle Crash,2,Clear,Dry,Daylight
2020-10-09T06:36:00.000,I 85,I 85 and I 285,,Rear End,2,Cloudy,Dry,Dark-Lighted
2020-09-01T12:20:00.000,I 285,I 85 and I 285,,Sideswipe-Same Direction,2,Clear,Dry,Daylight
2023-08-31T07:27:00.000,I 285,I 85 and I 285,,Angle Crash,2,Cloudy,Dry,Daylight
2023-07-18T05:45:00.000,I 85,I 85 and I 285,,Angle Crash,2,Clear,Dry,Dawn
2023-01-29T05:30:00.000,I 285,I 85 and I 285,,Not a Collision with Motor Vehicle,1,Clear,Dry,Dark-Not Lighted
2023-08-08T11:34:00.000,I 285,I 85 and I 285,,Sideswipe-Same Direction,2,Cloudy,Dry,Daylight
2023-04-27T15:13:00.000,I 85,I 85 and I 285,,Rear End,2,Rain,Wet,Daylight
2023-09-03T15:47:00.000,I 85,I 85 and I 285,,Rear End,2,Clear,Dry,Daylight
2023-09-12T14:55:00.000,I 85,I 85 and I 285,,Sideswipe-Same Direction,2,Clear,Dry,Daylight
2023-07-16T21:17:00.000,I 85,I 85 and I 285,,Not a Collision with Motor Vehicle,1,Clear,Dry,Dark-Lighted
2023-12-21T15:04:00.000,I 85,I 85 and I 285,,Rear End,2,Clear,Dry,Daylight
2023-08-22T11:14:00.000,I 85,I 85 and I 285,,Angle Crash,2,Clear,Dry,Daylight
2023-10-03T17:36:00.000,I 285,I 85 and I 285,,Rear End,2,Clear,Dry,Daylight
2023-05-18T15:00:00.000,I 85,I 85 and I 285,,Sideswipe-Same Direction,2,Cloudy,Dry,Daylight
2023-12-03T06:50:00.000,I 85,I 85 and I 285,,Not a Collision with Motor Vehicle,1,Rain,Wet,Dark-Not Lighted
2023-09-14T14:50:00.000,I 85,I 85 and I 285,,Rear End,2,Cloudy,Dry,Daylight
2023-09-23T13:01:00.000,I 285,I 85 and I 285,,Not a Collision with Motor Vehicle,2,Clear,Dry,Daylight
2023-05-11T16:52:00.000,I 285,I 85 and I 285,,Sideswipe-Same Direction,2,Clear,Dry,Daylight
2023-04-25T09:30:00.000,I 285,I 85 and I 285,,Sideswipe-Same Direction,2,Clear,Dry,Daylight
2023-02-08T15:47:00.000,I 285,I 85 and I 285,,Sideswipe-Same Direction,2,Clear,Dry,Daylight
2023-10-05T19:40:00.000,I 85,I 85 and I 285,,Rear End,2,Clear,Dry,Dark-Lighted
2023-04-05T08:45:00.000,I 85,I 85 and I 285,,Rear End,2,Clear,Dry,Daylight
2023-10-31T08:00:00.000,I 85,I 85 and I 285,,Angle Crash,2,Clear,Dry,Daylight
2023-05-26T12:27:00.000,I 285,I 85 and I 285,,Angle Crash,2,Clear,Dry,Daylight
2023-08-29T07:42:00.000,I 85,I 85 and I 285,,Rear End,2,Cloudy,Dry,Daylight
2023-07-01T11:50:00.000,I 285,I 85 and I 285,,Rear End,2,Clear,Dry,Daylight