Date and Time,Roadway (From Crash Report),Intersection Name (from Crash Report),KABCO Severity,Manner of Collision (Crash Level) ,# of Vehicles per crash ,Weather Conditions (Crash Level),Surface Condition (Crash Level) ,Light Conditions (Crash Level)
2020-06-13T16:53:00.000,I 285,I 85 and I 285,,Angle Crash,2,Cloudy,Dry,Daylight
2020-07-19T00:00:00.000,I 85,I 85 and I 285,,Sideswipe-Same Direction,2,Clear,Dry,Daylight
2020-07-03T15:15:00.000,I 85,I 85 and I 285,,Angle Crash,5,Clear,Dry,Daylight
2020-09-19T11:50:00.000,I 285,I 85 and I 285,,Rear End,2,Cloudy,Dry,Daylight
2020-09-25T18:05:00.000,I 85,I 85 and I 285,,Rear End,2,Clear,Dry,Daylight
2020-03-23T13:19:00.000,I 285,I 85 and I 285,,Angle Crash,2,Rain,Wet,Daylight
2020-12-24T15:28:00.000,I 285,I 85 and I 285,,Not a Collision with Motor Vehicle,1,Clear,Dry,Daylight
2020-04-23T08:55:00.000,I 285,I 85 and I 285,,Sideswipe-Same Direction,2,Rain,Wet,Daylight
2020-05-20T07:46:00.000,I 85,I 85 and I 285,,Rear End,2,Cloudy,Dry,Daylight
2020-07-20T10:40:00.000,I 285,I 85 and I 285,,Not a Collision with Motor Vehicle,2,Clear,Dry,Daylight
2020-10-06T00:28:00.000,I 285,I 85 and I 285,,Not a Collision with Motor Vehicle,1,Clear,Dry,Dark-Not Lighted
2020-01-14T20:24:00.000,I 285,I 85 and I 285,,Rear End,2,Rain,Wet,Dark-Not Lighted
2020-07-25T16:27:00.000,I 85,I 85 and I 285,,Rear End,3,Cloudy,Dry,Daylight
2020-12-08T11:10:00.000,I 285,I 85 and I 285,,Sideswipe-Same Direction,2,Clear,Dry,Daylight
2020-07-17T14:05:00.000,I 285,I 85 and I 285,,Rear End,2,Clear,Dry,Daylight
2020-08-19T17:31:00.000,I 285,I 85 and I 285,,Sideswipe-Same Direction,2,Clear,Dry,Daylight
2020-02-25T19:10:00.000,I 85,I 85 and I 285,,Rear End,3,Rain,Wet,Dark-Lighted
2020-09-21T12:28:00.000,I 285,I 85 and I 285,,Rear End,2,Clear,Dry,Daylight
2020-03-06T16:56:00.000,I 285,I 85 and I 285,,Sideswipe-Same Direction,2,Clear,Dry,Daylight
2020-01-23T11:50:00.000,I 285,I 85 and I 285,,Sideswipe-Same Direction,3,Cloudy,Dry,Daylight
2020-10-04T01:18:00.000,I 285,I 85 and I 285,,Rear End,2,Clear,Dry,Dark-Lighted
2020-10-12T13:21:00.000,I 285,I 85 and I 285,,Angle Crash,2,Cloudy,Dry,Daylight
2020-09-26T02:00:00.000,I 285,I 85 and I 285,,Not a Collision with Motor Vehicle,1,Clear,Dry,Dark-Lighted
2020-04-09T17:19:00.000,I 85,I 85 and I 285,,Angle Crash,2,Clear,Dry,Daylight
2020-08-28T03:15:00.000,I 85,I 85 and I 285,,Rear End,2,Clear,Dry,Dark-Lighted
2020-07-25T14:43:00.000,I 285,I 85 and I 285,,Sideswipe-Same Direction,3,Rain,Wet,Daylight
2020-11-14T13:23:00.000,I 285,I 85 and I 285,,Sideswipe-Same Direction,2,Clear,Dry,Daylight
2020-03-12T18:27:00.000,I 85,I 85 and I 285,,Rear End,2,Clear,Dry,Daylight
2020-11-24T14:34:00.000,I 85,I 85 and I 285,,Rear End,2,Clear,Dry,Daylight
2020-09-19T11:35:00.000,I 285,I 85 and I 285,,Sideswipe-Same Direction,2,Cloudy,Dry,Daylight
2020-01-25T22:18:00.000,I 285,I 85 and I 285,,Rear End,2,Clear,Dry,Dark-Lighted
2020-01-02T07:17:00.000,I 285,I 85 and I 285,,Rear End,2,Rain,Water (standing or moving),Dawn
2020-12-15T17:10:00.000,I 85,I 85 and I 285,,Rear End,2,Cloudy,Dry,Daylight
2020-01-21T14:52:00.000,I 285,I 85 and I 285,,Sideswipe-Same Direction,2,Clear,Dry,Daylight
2020-08-20T18:43:00.000,I 285,I 85 and I 285,,Angle Crash,3,Rain,Wet,Daylight
2020-10-16T04:53:00.000,I 285,I 85 and I 285,,Not a Collision with Motor Vehicle,1,Clear,Dry,Dark-Lighted
2020-11-29T16:50:00.000,I 85,I 85 and I 285,,Rear End,2,Rain,Wet,Dusk
2020-08-02T00:30:00.000,I 85,I 85 and I 285,,Rear End,2,Clear,Dry,Dark-Lighted
2020-03-08T13:24:00.000,I 285,I 85 and I 285,,Rear End,2,Clear,Dry,Daylight
2020-01-13T08:20:00.000,I 285,I 85 and I 285,,Not a Collision with Motor Vehicle,1,Rain,Wet,Daylight
2020-12-31T13:01:00.000,I 285,I 85 and I 285,,Rear End,3,Cloudy,Wet,Daylight
2020-12-05T16:48:00.000,I 85,I 85 and I 285,,Rear End,3,Clear,Dry,Daylight
2020-02-20T17:03:00.000,I 85,I 85 and I 285,,Rear End,2,Rain,Wet,Daylight
2020-07-22T07:59:00.000,I 285,I 85 and I 285,,Angle Crash,3,Clear,Dry,Daylight
2020-01-15T03:17:00.000,I 85,I 85 and I 285,,Not a Collision with Motor Vehicle,1,Clear,Wet,Dark-Not Lighted
2020-08-25T08:33:00.000,I 285,I 85 and I 285,,Rear End,2,Cloudy,Wet,Daylight
2020-12-29T16:50:00.000,I 285,I 85 and I 285,,Rear End,2,Clear,Dry,Daylight
2020-12-25T01:43:00.000,I 285,I 85 and I 285,,Not a Collision with Motor Vehicle,1,Rain,Wet,Dark-Not Lighted
2020-02-03T19:02:00.000,I 285,I 85 and I 285,,Sideswipe-Same Direction,2,Clear,Dry,Dark-Lighted
2020-08-15T16:35:00.000,I 285,I 85 and I 285,,Rear End,2,Cloudy,Wet,Daylight
2020-04-08T08:52:00.000,I 85,I 85 and I 285,,Sideswipe-Same Direction,2,Cloudy,Dry,Daylight
2020-07-10T17:10:00.000,I 285,I 85 and I 285,,Rear End,2,Clear,Dry,Daylight
2020-11-25T19:32:00.000,I 285,I 85 and I 285,,Angle Crash,2,Rain,Wet,Dark-Not Lighted
2020-02-16T14:05:00.000,I 285,I 85 and I 285,,Rear End,2,Cloudy,Wet,Daylight
2020-03-04T13:30:00.000,I 285,I 85 and I 285,,Not a Collision with Motor Vehicle,1,Rain,Wet,Daylight
2020-12-03T18:25:00.000,I 85,I 85 and I 285,,Angle Crash,2,Clear,Dry,Dark-Not Lighted
2020-10-05T16:00:00.000,I 85,I 85 and I 285,,Rear End,2,Clear,Dry,Daylight
2020-11-18T15:30:00.000,I 85,I 85 and I 285,,Sideswipe-Same Direction,2,Clear,Dry,Daylight
2020-06-26T09:00:00.000,I 285,I 85 and I 285,,Angle Crash,2,Clear,Dry,Daylight
2020-11-30T00:23:00.000,I 285,I 85 and I 285,,Not a Collision with Motor Vehicle,1,Rain,Wet,Dark-Not Lighted
2021-06-19T19:45:00.000,I 285,I 85 and I 285,,Not a Collision with Motor Vehicle,1,Rain,Wet,Daylight
2021-03-29T14:44:00.000,I 285,I 85 and I 285,,Rear End,2,Clear,Dry,Daylight
2021-06-22T09:45:00.000,I 85,I 85 and I 285,,Angle Crash,2,Cloudy,Wet,Daylight
2021-04-23T19:13:00.000,I 285,I 85 and I 285,,Not a Collision with Motor Vehicle,1,Clear,Dry,Daylight
2021-01-29T03:43:00.000,I 85,I 85 and I 285,,Rear End,2,Clear,Dry,Dark-Not Lighted
2021-05-20T12:36:00.000,I 85,I 85 and I 285,,Rear End,2,Clear,Dry,Daylight
2021-04-06T12:40:00.000,I 285,I 85 and I 285,,Rear End,2,Clear,Dry,Daylight
2021-04-20T18:00:00.000,I 85,I 85 and I 285,,Sideswipe-Same Direction,2,Clear,Dry,Daylight
2021-03-13T20:23:00.000,I 85,I 85 and I 285,,Rear End,2,Clear,Dry,Dark-Lighted
2021-04-02T17:26:00.000,I 285,I 85 and I 285,,Rear End,2,Clear,Dry,Daylight
2021-03-27T12:45:00.000,I 85,I 85 and I 285,,Not a Collision with Motor Vehicle,1,Clear,Dry,Daylight
2021-01-20T14:51:00.000,I 85,I 85 and I 285,,Sideswipe-Same Direction,2,Clear,Dry,Daylight
2021-02-07T18:52:00.000,I 85,I 85 and I 285,,Sideswipe-Same Direction,2,Clear,Dry,Daylight
2021-04-11T14:57:00.000,I 285,I 85 and I 285,,Rear End,2,Clear,Dry,Daylight
2021-05-03T12:10:00.000,I 285,I 85 and I 285,,Not a Collision with Motor Vehicle,1,Rain,Wet,Daylight
2021-04-11T22:51:00.000,I 285,I 85 and I 285,,Not a Collision with Motor Vehicle,1,Clear,Dry,Dark-Not Lighted
2021-03-18T00:00:00.000,I 285,I 85 and I 285,,Sideswipe-Same Direction,2,Clear,Dry,Daylight
2021-03-12T11:55:00.000,I 85,I 85 and I 285,,Rear End,2,Cloudy,Dry,Daylight
2021-05-09T12:30:00.000,I 285,I 85 and I 285,,Rear End,3,Clear,Dry,Daylight
2021-02-26T13:25:00.000,I 85,I 85 and I 285,,Angle Crash,2,Cloudy,Wet,Daylight
2021-06-29T12:00:00.000,I 85,I 85 and I 285,,Sideswipe-Same Direction,2,Clear,Dry,Daylight
2021-04-21T14:22:00.000,I 85,I 85 and I 285,,Rear End,2,Clear,Dry,Daylight
2021-04-25T12:20:00.000,I 85,I 85 and I 285,,Angle Crash,2,Clear,Dry,Daylight
2021-02-18T14:18:00.000,I 285,I 85 and I 285,,Rear End,3,Cloudy,Wet,Daylight
2021-06-16T10:07:00.000,I 285,I 85 and I 285,,Sideswipe-Same Direction,2,Clear,Dry,Daylight
2021-05-04T15:12:00.000,I 285,I 85 and I 285,,Not a Collision with Motor Vehicle,1,Rain,Wet,Dusk
2021-05-24T19:30:00.000,I 85,I 85 and I 285,,Sideswipe-Same Direction,2,Clear,Dry,Daylight
2021-01-22T14:00:00.000,I 285,I 85 and I 285,,Sideswipe-Same Direction,2,Clear,Dry,Daylight
2021-05-25T08:41:00.000,I 285,I 85 and I 285,,Sideswipe-Same Direction,2,Clear,Dry,Daylight
2021-04-25T14:28:00.000,I 285,I 85 and I 285,,Rear End,2,Clear,Dry,Daylight
2021-06-15T05:40:00.000,I 285,I 85 and I 285,,Angle Crash,2,Clear,Dry,Daylight
2021-06-22T16:13:00.000,I 285,I 85 and I 285,,Rear End,2,Cloudy,Dry,Daylight
2021-02-25T20:33:00.000,I 85,I 85 and I 285,,Sideswipe-Same Direction,2,Clear,Dry,Dark-Not Lighted
2021-01-01T15:10:00.000,I 85,I 85 and I 285,,Not a Collision with Motor Vehicle,1,Rain,Wet,Daylight
2021-01-17T09:03:00.000,I 85,I 85 and I 285,,Sideswipe-Same Direction,2,Clear,Dry,Daylight
2021-05-22T11:13:00.000,I 285,I 85 and I 285,,Rear End,3,Clear,Dry,Daylight
2021-03-21T21:29:00.000,I 85,I 85 and I 285,,Angle Crash,3,Clear,Dry,Dark-Not Lighted
2021-03-28T02:00:00.000,I 285,I 85 and I 285,,Not a Collision with Motor Vehicle,1,Clear,Dry,Dark-Not Lighted
2021-01-11T16:55:00.000,I 285,I 85 and I 285,,Rear End,2,Rain,Wet,Daylight
2021-06-22T10:50:00.000,I 85,I 85 and I 285,,Sideswipe-Same Direction,2,Cloudy,Dry,Daylight
2021-06-18T08:47:00.000,I 85,I 85 and I 285,,Sideswipe-Same Direction,2,Clear,Dry,Daylight
2021-05-27T17:17:00.000,I 285,I 85 and I 285,,Rear End,2,Clear,Dry,Daylight
2021-04-15T16:00:00.000,I 85,I 85 and I 285,,Sideswipe-Same Direction,3,Clear,Dry,Daylight
2021-01-27T06:58:00.000,I 285,I 85 and I 285,,Rear End,2,Rain,Wet,Daylight
2021-05-22T00:24:00.000,I 85,I 85 and I 285,,Sideswipe-Same Direction,2,Clear,Dry,Dark-Lighted
2021-06-24T12:25:00.000,I 85,I 85 and I 285,,Angle Crash,2,Cloudy,Dry,Daylight
2021-01-01T11:50:00.000,I 285,I 85 and I 285,,Not a Collision with Motor Vehicle,1,Cloudy,Wet,Daylight
2021-04-22T11:45:00.000,I 285,I 85 and I 285,,Rear End,3,Clear,Dry,Daylight
2021-04-25T12:20:00.000,I 85,I 85 and I 285,,Rear End,2,Clear,Dry,Daylight
2021-01-17T00:20:00.000,I 285,I 85 and I 285,,Not a Collision with Motor Vehicle,3,Clear,Dry,Dark-Lighted
2021-01-08T13:08:00.000,I 85,I 85 and I 285,,Rear End,2,Rain,Wet,Daylight
2021-06-06T15:30:00.000,I 285,I 85 and I 285,,Sideswipe-Same Direction,2,Cloudy,Dry,Daylight
2021-04-02T15:30:00.000,I 85,I 85 and I 285,,Rear End,3,Clear,Dry,Daylight
2021-04-01T13:00:00.000,I 85,I 85 and I 285,,Sideswipe-Same Direction,2,Clear,Dry,Daylight
2021-06-28T13:14:00.000,I 85,I 85 and I 285,,Rear End,2,Cloudy,Dry,Daylight
2021-05-22T11:13:00.000,I 285,I 85 and I 285,,Rear End,2,Clear,Dry,Daylight
2021-10-27T15:28:00.000,I 85,I 85 and I 285,,Rear End,2,Clear,Dry,Daylight
2021-08-03T07:29:00.000,I 285,I 85 and I 285,,Rear End,2,Cloudy,Dry,Daylight
2021-12-20T13:42:00.000,I 85,I 85 and I 285,,Rear End,2,Cloudy,Dry,Daylight
2021-08-03T18:30:00.000,I 285,I 85 and I 285,,Rear End,2,Cloudy,Wet,Daylight
2021-12-17T17:07:00.000,I 85,I 85 and I 285,,Sideswipe-Same Direction,2,Clear,Dry,Daylight
2021-09-13T22:39:00.000,I 285,I 85 and I 285,,Not a Collision with Motor Vehicle,1,Cloudy,Dry,Dark-Lighted
2021-09-20T14:00:00.000,I 285,I 85 and I 285,,Rear End,2,Cloudy,Wet,Daylight
2021-12-24T02:09:00.000,I 85,I 85 and I 285,,Angle Crash,2,Clear,Dry,Dark-Lighted
2021-12-17T14:02:00.000,I 85,I 85 and I 285,,Rear End,2,Clear,Dry,Daylight
2021-07-10T06:40:00.000,I 85,I 85 and I 285,,Sideswipe-Same Direction,2,Clear,Dry,Daylight
2021-07-14T00:00:00.000,I 285,I 85 and I 285,,Sideswipe-Same Direction,3,Clear,Dry,Daylight
2021-10-19T18:22:00.000,I 85,I 85 and I 285,,Rear End,2,Clear,Dry,Daylight
2021-07-02T18:00:00.000,I 285,I 85 and I 285,,Rear End,4,Clear,Dry,Daylight
2021-08-16T18:55:00.000,I 85,I 85 and I 285,,Sideswipe-Same Direction,2,Rain,Wet,Dark-Not Lighted
2021-12-14T16:20:00.000,I 85,I 85 and I 285,,Angle Crash,2,Clear,Dry,Daylight
2021-12-06T10:10:00.000,I 285,I 85 and I 285,,Sideswipe-Same Direction,2,Clear,Dry,Daylight
2021-07-05T05:59:00.000,I 85,I 85 and I 285,,Not a Collision with Motor Vehicle,1,Clear,Dry,Dusk
2021-11-18T08:52:00.000,I 285,I 85 and I 285,,Not a Collision with Motor Vehicle,1,Clear,Dry,Daylight
2021-09-16T21:45:00.000,I 85,I 85 and I 285,,Sideswipe-Same Direction,2,Cloudy,Dry,Dark-Not Lighted
2021-08-23T01:00:00.000,I 85,I 85 and I 285,,Sideswipe-Same Direction,2,Clear,Dry,Dark-Lighted
2021-08-26T19:35:00.000,I 85,I 85 and I 285,,Rear End,2,Clear,Dry,Daylight
2021-09-20T11:40:00.000,I 85,I 85 and I 285,,Sideswipe-Same Direction,2,Rain,Wet,Daylight
2021-12-18T13:06:00.000,I 285,I 85 and I 285,,Not a Collision with Motor Vehicle,1,Rain,Wet,Daylight
2021-12-03T06:11:00.000,I 285,I 85 and I 285,,Angle Crash,2,Clear,Dry,Dark-Not Lighted
2021-09-07T11:59:00.000,I 85,I 85 and I 285,,Rear End,2,Clear,Dry,Daylight
2021-08-02T22:22:00.000,I 85,I 85 and I 285,,Sideswipe-Same Direction,2,Rain,Wet,Dark-Not Lighted
2021-07-23T13:00:00.000,I 285,I 85 and I 285,,Rear End,3,Clear,Dry,Daylight
2021-12-05T12:23:00.000,I 285,I 85 and I 285,,Rear End,2,Cloudy,Dry,Daylight
2021-10-22T14:48:00.000,I 85,I 85 and I 285,,Sideswipe-Same Direction,2,Clear,Dry,Daylight
2021-09-16T22:00:00.000,I 85,I 85 and I 285,,Not a Collision with Motor Vehicle,1,Cloudy,Dry,Dark-Not Lighted
2021-10-16T12:30:00.000,I 85,I 85 and I 285,,Rear End,2,Clear,Dry,Daylight
2021-12-17T14:20:00.000,I 285,I 85 and I 285,,Rear End,2,Clear,Dry,Daylight
2021-10-09T15:21:00.000,I 285,I 85 and I 285,,Rear End,2,Clear,Dry,Daylight
2021-08-13T20:34:00.000,I 285,I 85 and I 285,,Not a Collision with Motor Vehicle,1,Clear,Dry,Dark-Lighted
2021-09-09T17:50:00.000,I 85,I 85 and I 285,,Rear End,2,Clear,Dry,Daylight
2021-12-20T11:04:00.000,I 285,I 85 and I 285,,Angle Crash,2,Clear,Dry,Daylight
2021-10-22T15:10:00.000,I 85,I 85 and I 285,,Rear End,2,Clear,Dry,Daylight
2021-07-24T08:55:00.000,I 285,I 85 and I 285,,Sideswipe-Same Direction,2,Clear,Dry,Daylight
2021-09-07T16:42:00.000,I 85,I 85 and I 285,,Sideswipe-Same Direction,2,Clear,Dry,Daylight
2021-11-27T12:36:00.000,I 285,I 85 and I 285,,Rear End,2,Clear,Dry,Daylight
2021-12-20T01:32:00.000,I 285,I 85 and I 285,,Rear End,2,Clear,Dry,Dark-Not Lighted
2021-07-23T11:20:00.000,I 85,I 85 and I 285,,Sideswipe-Same Direction,2,Clear,Dry,Daylight
2021-08-27T17:15:00.000,I 285,I 85 and I 285,,Angle Crash,2,Clear,Dry,Daylight
2021-10-22T14:52:00.000,I 85,I 85 and I 285,,Sideswipe-Same Direction,2,Clear,Dry,Daylight
2021-10-26T10:30:00.000,I 285,I 85 and I 285,,Sideswipe-Same Direction,2,Clear,Dry,Daylight
2021-09-14T17:00:00.000,I 85,I 85 and I 285,,Sideswipe-Same Direction,2,Clear,Dry,Daylight
2021-09-27T18:30:00.000,I 285,I 85 and I 285,,Sideswipe-Same Direction,2,Clear,Dry,Daylight
2021-09-15T19:38:00.000,I 285,I 85 and I 285,,Not a Collision with Motor Vehicle,2,Rain,Wet,Dusk
2021-11-05T04:34:00.000,I 85,I 85 and I 285,,Rear End,3,Clear,Wet,Daylight
2021-07-30T10:19:00.000,I 285,I 85 and I 285,,Rear End,2,Clear,Wet,Daylight
2021-08-28T02:35:00.000,I 285,I 85 and I 285,,Angle Crash,2,Clear,Dry,Dark-Not Lighted
2022-07-25T00:45:00.000,I 85,I 85 and I 285,,Angle Crash,2,Clear,Dry,Dark-Not Lighted
2022-06-25T03:02:00.000,I 85,I 85 and I 285,,Not a Collision with Motor Vehicle,1,Clear,Dry,Dark-Lighted
2022-06-03T18:38:00.000,I 85,I 85 and I 285,,Rear End,2,Clear,Dry,Daylight
2022-10-10T16:10:00.000,I 285,I 85 and I 285,,Rear End,2,Clear,Dry,Daylight
2022-01-28T11:30:00.000,I 85,I 85 and I 285,,Sideswipe-Same Direction,2,Cloudy,Dry,Daylight
2022-02-09T06:53:00.000,I 85,I 85 and I 285,,Sideswipe-Same Direction,2,Clear,Dry,Dark-Not Lighted
2022-01-01T20:18:00.000,I 85,I 85 and I 285,,Angle Crash,2,Cloudy,Dry,Dark-Lighted
2022-07-18T18:49:00.000,I 85,I 85 and I 285,,Sideswipe-Same Direction,2,Cloudy,Dry,Daylight
2022-02-26T23:24:00.000,I 85,I 85 and I 285,,Rear End,2,Clear,Dry,Dark-Lighted
2022-02-10T17:00:00.000,I 85,I 85 and I 285,,Sideswipe-Same Direction,2,Clear,Dry,Daylight
2022-10-08T02:10:00.000,I 285,I 85 and I 285,,Sideswipe-Same Direction,2,Clear,Dry,Dark-Not Lighted
2022-12-16T13:48:00.000,I 85,I 85 and I 285,,Rear End,2,Clear,Dry,Daylight
2022-10-25T09:45:00.000,I 285,I 85 and I 285,,Sideswipe-Same Direction,2,Clear,Dry,Daylight
2022-11-16T20:50:00.000,I 85,I 85 and I 285,,Not a Collision with Motor Vehicle,1,Clear,Dry,Dark-Not Lighted
2022-02-27T07:41:00.000,I 285,I 85 and I 285,,Rear End,2,Rain,Wet,Daylight
2022-10-23T10:36:00.000,I 285,I 85 and I 285,,Sideswipe-Same Direction,2,Cloudy,Dry,Daylight
2022-04-24T16:30:00.000,I 285,I 85 and I 285,,Rear End,2,Clear,Dry,Daylight
2022-08-04T17:30:00.000,I 85,I 85 and I 285,,Sideswipe-Same Direction,2,Clear,Dry,Daylight
2022-07-07T17:40:00.000,I 85,I 85 and I 285,,Rear End,2,Cloudy,Dry,Daylight
2022-04-24T02:55:00.000,I 285,I 85 and I 285,,Rear End,2,Clear,Dry,Dark-Not Lighted
2022-06-23T13:38:00.000,I 85,I 85 and I 285,,Rear End,2,Clear,Dry,Daylight
2022-06-19T13:15:00.000,I 285,I 85 and I 285,,Rear End,3,Clear,Dry,Daylight
2022-07-30T18:40:00.000,I 85,I 85 and I 285,,Rear End,2,Rain,Wet,Daylight
2022-04-25T14:21:00.000,I 85,I 85 and I 285,,Rear End,2,Clear,Dry,Daylight
2021-09-03T15:55:00.000,I 285,I 85 and I 285,,Sideswipe-Same Direction,2,Clear,Dry,Daylight
2021-10-07T11:13:00.000,I 85,I 85 and I 285,,Sideswipe-Same Direction,2,Cloudy,Dry,Daylight
2021-09-09T21:18:00.000,I 285,I 85 and I 285,,Angle Crash,2,Clear,Dry,Dark-Lighted
2021-08-08T19:21:00.000,I 285,I 85 and I 285,,Angle Crash,2,Rain,Wet,Daylight
2021-08-04T07:59:00.000,I 285,I 85 and I 285,,Sideswipe-Same Direction,2,Clear,Dry,Daylight
2021-07-11T12:43:00.000,I 285,I 85 and I 285,,Rear End,2,Cloudy,Dry,Daylight
2021-11-15T09:03:00.000,I 85,I 85 and I 285,,Sideswipe-Same Direction,2,Clear,Dry,Daylight
2021-09-06T16:32:00.000,I 85,I 85 and I 285,,Sideswipe-Same Direction,2,Clear,Dry,Daylight
2021-11-08T16:25:00.000,I 285,I 85 and I 285,,Rear End,2,Clear,Dry,Daylight
2021-10-25T13:00:00.000,I 285,I 85 and I 285,,Angle Crash,3,Cloudy,Dry,Daylight
2021-07-16T21:38:00.000,I 285,I 85 and I 285,,Sideswipe-Same Direction,3,Clear,Wet,Dark-Lighted
2021-09-15T11:30:00.000,I 85,I 85 and I 285,,Sideswipe-Same Direction,2,Cloudy,Dry,Daylight
2021-11-12T14:25:00.000,I 285,I 85 and I 285,,Sideswipe-Same Direction,2,Clear,Dry,Daylight
2022-06-03T17:41:00.000,I 85,I 85 and I 285,,Sideswipe-Same Direction,2,Clear,Dry,Daylight
2022-01-14T14:00:00.000,I 85,I 85 and I 285,,Angle Crash,2,Clear,Dry,Daylight
2022-01-27T15:41:00.000,I 85,I 85 and I 285,,Sideswipe-Opposite Direction,2,Clear,Dry,Daylight
2022-04-29T14:45:00.000,I 85,I 85 and I 285,,Rear End,2,Clear,Dry,Daylight
2022-04-07T22:00:00.000,I 285,I 85 and I 285,,Not a Collision with Motor Vehicle,2,Clear,Dry,Dark-Not Lighted
2022-08-12T14:58:00.000,I 85,I 85 and I 285,,Rear End,2,Clear,Dry,Daylight
2022-09-24T16:56:00.000,I 85,I 85 and I 285,,Sideswipe-Same Direction,2,Clear,Dry,Daylight
2022-02-03T19:36:00.000,I 285,I 85 and I 285,,Angle Crash,2,Rain,Wet,Dark-Not Lighted
2022-08-05T18:00:00.000,I 85,I 85 and I 285,,Sideswipe-Same Direction,2,Rain,Wet,Daylight
2022-01-19T11:40:00.000,I 85,I 85 and I 285,,Sideswipe-Same Direction,2,Clear,Dry,Daylight
2022-04-05T15:34:00.000,I 285,I 85 and I 285,,Not a Collision with Motor Vehicle,1,Rain,Water (standing or moving),Daylight
2022-07-08T04:06:00.000,I 85,I 85 and I 285,,Sideswipe-Same Direction,2,Clear,Dry,Dark-Not Lighted
2022-04-16T08:30:00.000,I 85,I 85 and I 285,,Sideswipe-Same Direction,2,Cloudy,Wet,Daylight
2022-01-10T16:08:00.000,I 285,I 85 and I 285,,Sideswipe-Same Direction,2,Clear,Dry,Daylight
2022-09-28T08:44:00.000,I 285,I 85 and I 285,,Angle Crash,2,Clear,Dry,Daylight
2022-05-06T03:30:00.000,I 285,I 85 and I 285,,Rear End,2,Clear,Dry,Dark-Not Lighted
2022-10-13T15:05:00.000,I 85,I 85 and I 285,,Rear End,3,Clear,Dry,Daylight
2022-09-28T10:20:00.000,I 285,I 85 and I 285,,Rear End,2,Clear,Dry,Daylight
2022-05-11T15:30:00.000,I 285,I 85 and I 285,,Rear End,3,Clear,Dry,Daylight
2022-08-26T13:00:00.000,I 285,I 85 and I 285,,Rear End,2,Clear,Dry,Daylight
2022-08-18T12:15:00.000,I 285,I 85 and I 285,,Rear End,2,Clear,Dry,Daylight
2022-11-30T10:51:00.000,I 85,I 85 and I 285,,Rear End,2,Clear,Wet,Daylight
2022-09-21T11:46:00.000,I 85,I 85 and I 285,,Sideswipe-Same Direction,2,Clear,Dry,Daylight
2022-09-28T07:39:00.000,I 285,I 85 and I 285,,Angle Crash,3,Clear,Dry,Daylight
2022-10-12T22:28:00.000,I 85,I 85 and I 285,,Rear End,2,Rain,Wet,Dark-Not Lighted
2022-05-16T09:02:00.000,I 285,I 85 and I 285,,Sideswipe-Same Direction,2,Clear,Dry,Daylight
2022-02-26T17:45:00.000,I 85,I 85 and I 285,,Rear End,2,Clear,Dry,Daylight
2022-07-17T15:13:00.000,I 85,I 85 and I 285,,Sideswipe-Same Direction,2,Clear,Dry,Daylight
2022-10-22T20:15:00.000,I 85,I 85 and I 285,,Rear End,3,Clear,Dry,Dark-Not Lighted
2022-11-16T11:20:00.000,I 85,I 85 and I 285,,Sideswipe-Same Direction,2,Clear,Dry,Daylight
2022-07-21T07:18:00.000,I 285,I 85 and I 285,,Sideswipe-Same Direction,2,Rain,Water (standing or moving),Daylight
2022-06-24T17:56:00.000,I 285,I 85 and I 285,,Rear End,2,Clear,Dry,Daylight
2022-12-08T18:30:00.000,I 85,I 85 and I 285,,Rear End,2,Cloudy,Dry,Daylight
2022-03-28T17:12:00.000,I 285,I 85 and I 285,,Sideswipe-Same Direction,2,Clear,Dry,Daylight
2022-10-14T21:20:00.000,I 285,I 85 and I 285,,Rear End,2,Clear,Dry,Dark-Not Lighted
2022-03-04T21:15:00.000,I 285,I 85 and I 285,,Angle Crash,2,Clear,Dry,Dark-Not Lighted
2022-04-20T17:12:00.000,I 85,I 85 and I 285,,Rear End,2,Clear,Dry,Daylight
2022-09-09T17:05:00.000,I 85,I 85 and I 285,,Rear End,3,Cloudy,Dry,Daylight
2022-12-20T16:02:00.000,I 285,I 85 and I 285,,Sideswipe-Same Direction,2,Rain,Wet,Daylight
2022-03-07T08:17:00.000,I 85,I 85 and I 285,,Sideswipe-Same Direction,2,Clear,Dry,Daylight
2022-02-07T14:23:00.000,I 85,I 85 and I 285,,Sideswipe-Same Direction,2,Cloudy,Dry,Daylight
2022-04-23T23:26:00.000,I 285,I 85 and I 285,,Not a Collision with Motor Vehicle,1,Clear,Dry,Dark-Not Lighted
2022-03-09T11:22:00.000,I 285,I 85 and I 285,,Rear End,2,Clear,Dry,Daylight
2022-08-09T08:44:00.000,I 285,I 85 and I 285,,Angle Crash,2,Clear,Dry,Daylight
2022-03-06T15:45:00.000,I 85,I 85 and I 285,,Rear End,2,Clear,Dry,Daylight
2022-07-16T17:27:00.000,I 285,I 85 and I 285,,Rear End,2,Clear,Dry,Daylight