Date and Time,Roadway (From Crash Report),Intersection Name (from Crash Report),KABCO Severity,Manner of Collision (Crash Level) ,# of Vehicles per crash ,Weather Conditions (Crash Level),Surface Condition (Crash Level) ,Light Conditions (Crash Level)
2023-02-16T16:00:00.000,I 285,I 85 and I 285,,Sideswipe-Same Direction,2,Clear,Dry,Daylight
2024-08-18T00:49:00.000,I 285,I 85 and I 285,,Rear End,2,Clear,Dry,Dark-Lighted
2024-04-07T00:25:00.000,I 285,I 85 and I 285,,Rear End,2,Clear,Dry,Dark-Not Lighted
2024-05-08T13:42:00.000,I 285,I 85 and I 285,,Sideswipe-Same Direction,2,Clear,Dry,Daylight
2024-10-23T15:43:00.000,I 85,I 85 and I 285,,Sideswipe-Same Direction,2,Clear,Dry,Daylight
2024-03-09T05:29:00.000,I 285,I 85 and I 285,,Not a Collision with Motor Vehicle,1,Rain,Wet,Dark-Not Lighted
2023-06-25T13:00:00.000,I 285,I 85 and I 285,,Not a Collision with Motor Vehicle,1,Clear,Dry,Daylight
2023-11-07T13:09:00.000,I 285,I 85 and I 285,,Rear End,2,Clear,Dry,Daylight
2023-11-06T18:03:00.000,I 285,I 85 and I 285,,Rear End,2,Clear,Dry,Dark-Not Lighted
2023-02-08T17:29:00.000,I 85,I 85 and I 285,,Sideswipe-Same Direction,2,Clear,Dry,Dark-Lighted
2023-06-22T19:40:00.000,I 285,I 85 and I 285,,Rear End,2,Clear,Dry,Daylight
2023-08-02T23:40:00.000,I 285,I 85 and I 285,,Rear End,2,Clear,Dry,Daylight
2023-03-16T13:21:00.000,I 85,I 85 and I 285,,Angle Crash,2,Clear,Dry,Daylight
2023-08-23T15:47:00.000,I 85,I 85 and I 285,,Sideswipe-Same Direction,2,Clear,Dry,Daylight
2023-06-18T16:40:00.000,I 285,I 85 and I 285,,Rear End,3,Clear,Dry,Daylight
2023-04-21T16:32:00.000,I 285,I 85 and I 285,,Rear End,2,Clear,Dry,Daylight
2023-03-25T03:09:00.000,I 85,I 85 and I 285,,Sideswipe-Same Direction,2,Clear,Dry,Dark-Not Lighted
2023-11-02T20:44:00.000,I 85,I 85 and I 285,,Sideswipe-Same Direction,2,Clear,Dry,Dark-Lighted
2023-06-16T17:03:00.000,I 285,I 85 and I 285,,Rear End,2,Clear,Dry,Daylight
2023-11-29T17:30:00.000,I 285,I 85 and I 285,,Sideswipe-Same Direction,2,Clear,Dry,Dark-Not Lighted
2023-06-23T15:19:00.000,I 85,I 85 and I 285,,Sideswipe-Same Direction,2,Clear,Dry,Daylight
2023-10-10T16:20:00.000,I 85,I 85 and I 285,,Rear End,5,Cloudy,Dry,Daylight
2023-03-17T13:15:00.000,I 285,I 85 and I 285,,Sideswipe-Same Direction,3,Cloudy,Wet,Daylight
2023-04-09T13:28:00.000,I 285,I 85 and I 285,,Rear End,2,Clear,Dry,Daylight
2023-07-14T22:38:00.000,I 285,I 85 and I 285,,Sideswipe-Same Direction,2,Clear,Dry,Dark-Not Lighted
2023-02-27T23:15:00.000,I 285,I 85 and I 285,,Sideswipe-Same Direction,2,Clear,Dry,Dark-Not Lighted
2023-11-28T16:02:00.000,I 285,I 85 and I 285,,Rear End,3,Clear,Dry,Daylight
2023-06-13T15:30:00.000,I 85,I 85 and I 285,,Sideswipe-Same Direction,2,Clear,Dry,Daylight
2023-06-08T18:12:00.000,I 85,I 85 and I 285,,Sideswipe-Same Direction,2,Clear,Dry,Daylight
2023-05-15T14:35:00.000,I 85,I 85 and I 285,,Rear End,2,Cloudy,Dry,Daylight
2023-04-08T18:00:00.000,I 285,I 85 and I 285,,Rear End,2,Cloudy,Wet,Daylight
2023-08-28T01:15:00.000,I 285,I 85 and I 285,,Sideswipe-Same Direction,2,Rain,Wet,Dark-Not Lighted
2023-08-30T22:00:00.000,I 285,I 85 and I 285,,Angle Crash,2,Rain,Wet,Dark-Lighted
2023-11-21T06:30:00.000,I 285,I 85 and I 285,,Sideswipe-Same Direction,2,Rain,Wet,Daylight
2023-01-16T00:27:00.000,I 85,I 85 and I 285,,Sideswipe-Same Direction,2,Clear,Dry,Dark-Not Lighted
2023-06-23T16:31:00.000,I 285,I 85 and I 285,,Angle Crash,2,Clear,Dry,Daylight
2023-07-13T20:10:00.000,I 285,I 85 and I 285,,Angle Crash,2,Clear,Dry,Daylight
2023-07-26T20:28:00.000,I 85,I 85 and I 285,,Sideswipe-Same Direction,2,Clear,Dry,Daylight
2023-06-14T14:03:00.000,I 285,I 85 and I 285,,Rear End,2,Cloudy,Wet,Daylight
2023-09-06T09:09:00.000,I 285,I 85 and I 285,,Angle Crash,2,Cloudy,Dry,Daylight
2023-12-29T14:30:00.000,I 285,I 85 and I 285,,Sideswipe-Same Direction,2,Cloudy,Dry,Daylight
2023-10-06T09:36:00.000,I 285,I 85 and I 285,,Sideswipe-Same Direction,2,Cloudy,Dry,Daylight
2023-08-07T21:00:00.000,I 285,I 85 and I 285,,Rear End,2,Rain,Wet,Dark-Lighted
2023-02-25T20:40:00.000,I 85,I 85 and I 285,,Sideswipe-Same Direction,2,Cloudy,Wet,Dark-Lighted
2023-10-21T05:30:00.000,I 85,I 85 and I 285,,Not a Collision with Motor Vehicle,1,Clear,Dry,Dark-Lighted
2023-05-22T17:04:00.000,I 285,I 85 and I 285,,Rear End,3,Rain,Wet,Daylight
2023-11-14T19:36:00.000,I 285,I 85 and I 285,,Rear End,2,Clear,Dry,Dark-Not Lighted
2023-05-19T15:10:00.000,I 85,I 85 and I 285,,Rear End,2,Clear,Dry,Daylight
2023-08-12T14:00:00.000,I 85,I 85 and I 285,,Sideswipe-Same Direction,2,Clear,Dry,Daylight
2023-02-26T12:52:00.000,I 285,I 85 and I 285,,Rear End,2,Cloudy,Dry,Daylight
2023-10-14T07:48:00.000,I 85,I 85 and I 285,,Not a Collision with Motor Vehicle,1,Clear,Wet,Daylight
2023-09-03T17:00:00.000,I 285,I 85 and I 285,,Sideswipe-Same Direction,2,Clear,Dry,Daylight
2023-09-03T15:00:00.000,I 85,I 85 and I 285,,Sideswipe-Same Direction,2,Clear,Dry,Daylight
2023-08-07T07:40:00.000,I 285,I 85 and I 285,,Sideswipe-Same Direction,2,Clear,Dry,Daylight
2023-05-05T20:34:00.000,I 285,I 85 and I 285,,Rear End,2,Clear,Dry,Dark-Lighted
2023-11-05T17:11:00.000,I 85,I 85 and I 285,,Sideswipe-Same Direction,2,Clear,Dry,Daylight
2023-09-25T17:23:00.000,I 285,I 85 and I 285,,Sideswipe-Same Direction,2,Clear,Dry,Daylight
2023-08-14T17:15:00.000,I 285,I 85 and I 285,,Rear End,2,Clear,Dry,Daylight
2023-11-11T08:15:00.000,I 85,I 85 and I 285,,Not a Collision with Motor Vehicle,1,Rain,Wet,Dusk
2023-08-07T09:10:00.000,I 85,I 85 and I 285,,Rear End,2,Clear,Dry,Daylight
2023-12-16T18:25:00.000,I 285,I 85 and I 285,,Rear End,3,Cloudy,Wet,Dark-Not Lighted
2023-12-03T22:45:00.000,I 85,I 85 and I 285,,Not a Collision with Motor Vehicle,1,Cloudy,Dry,Dark-Lighted
2023-05-22T10:30:00.000,I 85,I 85 and I 285,,Sideswipe-Same Direction,2,Cloudy,Dry,Daylight
2023-08-23T18:35:00.000,I 85,I 85 and I 285,,Sideswipe-Same Direction,2,Clear,Dry,Daylight
2023-12-26T17:34:00.000,I 85,I 85 and I 285,,Rear End,2,Clear,Dry,Daylight
2023-02-28T07:54:00.000,I 85,I 85 and I 285,,Rear End,3,Clear,Dry,Daylight
2023-07-14T23:30:00.000,I 85,I 85 and I 285,,Not a Collision with Motor Vehicle,2,Clear,Dry,Dark-Not Lighted
2023-06-19T08:40:00.000,I 85,I 85 and I 285,,Not a Collision with Motor Vehicle,1,Cloudy,Wet,Daylight
2023-03-29T19:00:00.000,I 285,I 85 and I 285,,Angle Crash,2,Clear,Dry,Daylight
2023-07-02T18:12:00.000,I 85,I 85 and I 285,,Not a Collision with Motor Vehicle,1,Cloudy,Wet,Daylight
2023-10-10T17:10:00.000,I 85,I 85 and I 285,,Rear End,2,Clear,Dry,Daylight
2023-07-13T22:20:00.000,I 85,I 85 and I 285,,Sideswipe-Same Direction,2,Clear,Dry,Dark-Not Lighted
2023-01-08T11:44:00.000,I 85,I 85 and I 285,,Sideswipe-Same Direction,2,Cloudy,Dry,Daylight
2023-05-30T01:51:00.000,I 85,I 85 and I 285,,Sideswipe-Same Direction,2,Clear,Dry,Dark-Not Lighted
2023-09-05T19:50:00.000,I 85,I 85 and I 285,,Angle Crash,2,Clear,Dry,Daylight
2023-12-27T16:00:00.000,I 285,I 85 and I 285,,Sideswipe-Same Direction,2,Clear,Dry,Daylight
2023-08-12T11:50:00.000,I 285,I 85 and I 285,,Rear End,2,Clear,Dry,Daylight
2023-03-17T15:51:00.000,I 85,I 85 and I 285,,Rear End,2,Rain,Wet,Daylight
2023-01-27T06:50:00.000,I 85,I 85 and I 285,,Sideswipe-Same Direction,2,Clear,Dry,Dark-Lighted
2023-10-31T19:15:00.000,I 285,I 85 and I 285,,Angle Crash,2,Clear,Dry,Dark-Not Lighted
2023-04-12T18:30:00.000,I 285,I 85 and I 285,,Sideswipe-Same Direction,2,Clear,Dry,Daylight
2023-07-29T17:24:00.000,I 285,I 85 and I 285,,Rear End,2,Cloudy,Dry,Daylight
2023-09-03T15:11:00.000,I 85,I 85 and I 285,,Angle Crash,2,Clear,Dry,Daylight
2023-01-24T15:32:00.000,I 285,I 85 and I 285,,Rear End,3,Clear,Dry,Daylight
2023-06-02T19:34:00.000,I 285,I 85 and I 285,,Rear End,2,Clear,Dry,Daylight
2023-09-08T05:50:00.000,I 285,I 85 and I 285,,Sideswipe-Same Direction,2,Clear,Dry,Dark-Not Lighted
2023-03-03T14:35:00.000,I 285,I 85 and I 285,,Angle Crash,4,Clear,Dry,Daylight
2023-10-06T22:00:00.000,I 85,I 85 and I 285,,Angle Crash,4,Cloudy,Dry,Dark-Lighted
2023-12-26T16:36:00.000,I 85,I 85 and I 285,,Rear End,2,Clear,Wet,Daylight
2023-03-14T13:45:00.000,I 85,I 85 and I 285,,Rear End,2,Clear,Dry,Daylight
2023-03-14T15:08:00.000,I 285,I 85 and I 285,,Angle Crash,2,Clear,Dry,Daylight
2023-05-04T12:30:00.000,I 85,I 85 and I 285,,Sideswipe-Same Direction,3,Clear,Dry,Daylight
2023-11-06T23:30:00.000,I 285,I 85 and I 285,,Angle Crash,2,Clear,Dry,Dark-Not Lighted
2023-05-22T16:30:00.000,I 85,I 85 and I 285,,Rear End,2,Rain,Wet,Daylight
2023-04-14T20:00:00.000,I 285,I 85 and I 285,,Sideswipe-Same Direction,2,Cloudy,Wet,Dark-Not Lighted
2023-07-10T07:05:00.000,I 85,I 85 and I 285,,Not a Collision with Motor Vehicle,1,Cloudy,Wet,Daylight
2023-06-13T18:01:00.000,I 85,I 85 and I 285,,Rear End,2,Clear,Dry,Daylight
2023-02-05T09:20:00.000,I 285,I 85 and I 285,,Not a Collision with Motor Vehicle,1,Cloudy,Dry,Daylight
2023-09-25T04:40:00.000,I 85,I 85 and I 285,,Not a Collision with Motor Vehicle,1,Clear,Dry,Dark-Not Lighted
2023-01-22T11:26:00.000,I 285,I 85 and I 285,,Angle Crash,2,Rain,Wet,Daylight
2023-05-04T15:52:00.000,I 285,I 85 and I 285,,Sideswipe-Same Direction,2,Clear,Dry,Daylight
2023-01-28T12:42:00.000,I 285,I 85 and I 285,,Angle Crash,2,Cloudy,Dry,Daylight
2023-12-23T14:11:00.000,I 285,I 85 and I 285,,Rear End,2,Cloudy,Dry,Daylight
2023-11-21T15:45:00.000,I 285,I 85 and I 285,,Angle Crash,2,Cloudy,Wet,Daylight
2023-11-27T07:28:00.000,I 85,I 85 and I 285,,Sideswipe-Same Direction,2,Clear,Dry,Daylight
2023-01-03T21:35:00.000,I 285,I 85 and I 285,,Sideswipe-Same Direction,2,Rain,Wet,Dark-Lighted
2023-11-22T16:00:00.000,I 285,I 85 and I 285,,Angle Crash,2,Cloudy,Dry,Daylight
2023-09-21T16:00:00.000,I 85,I 85 and I 285,,Rear End,2,Clear,Dry,Daylight
2023-09-04T15:55:00.000,I 85,I 85 and I 285,,Sideswipe-Same Direction,2,Clear,Dry,Daylight
2023-08-05T18:18:00.000,I 285,I 85 and I 285,,Rear End,3,Clear,Dry,Daylight
2023-12-15T21:40:00.000,I 85,I 85 and I 285,,Rear End,3,Clear,Dry,Dark-Not Lighted
2023-07-27T10:26:00.000,I 85,I 85 and I 285,,Sideswipe-Same Direction,2,Clear,Dry,Daylight
2023-03-29T09:08:00.000,I 85,I 85 and I 285,,Sideswipe-Same Direction,2,Cloudy,Dry,Daylight
2023-09-07T08:22:00.000,I 85,I 85 and I 285,,Sideswipe-Same Direction,2,Clear,Dry,Daylight
2023-08-11T09:31:00.000,I 285,I 85 and I 285,,Sideswipe-Same Direction,3,Cloudy,Wet,Daylight
2023-05-10T18:50:00.000,I 285,I 85 and I 285,,Sideswipe-Same Direction,2,Clear,Dry,Daylight
2023-03-04T19:40:00.000,I 285,I 85 and I 285,,Rear End,2,Clear,Dry,Dark-Lighted
2023-12-02T18:00:00.000,I 285,I 85 and I 285,,Sideswipe-Same Direction,5,Clear,Dry,Dark-Not Lighted
2023-09-15T22:12:00.000,I 285,I 85 and I 285,,Sideswipe-Same Direction,2,Clear,Dry,Dark-Not Lighted
2024-10-01T06:00:00.000,I 85,I 85 and I 285,,Sideswipe-Same Direction,2,Clear,Dry,Dark-Not Lighted
2024-11-19T14:16:00.000,I 285,I 85 and I 285,,Not a Collision with Motor Vehicle,1,Rain,Wet,Daylight
2024-12-08T17:40:00.000,I 285,I 85 and I 285,,Rear End,2,Clear,Dry,Dark-Not Lighted
2024-11-09T12:21:00.000,I 85,I 85 and I 285,,Sideswipe-Same Direction,2,Clear,Dry,Daylight
2024-07-19T16:13:00.000,I 85,I 85 and I 285,,Rear End,3,Clear,Dry,Daylight
2024-04-06T11:50:00.000,I 285,I 85 and I 285,,Angle Crash,2,Clear,Dry,Dark-Not Lighted
2024-05-03T13:00:00.000,I 285,I 85 and I 285,,Sideswipe-Same Direction,2,Clear,Dry,Daylight
2024-10-09T21:00:00.000,I 285,I 85 and I 285,,Sideswipe-Same Direction,2,Clear,Dry,Dawn
2024-10-15T17:15:00.000,I 285,I 85 and I 285,,Rear End,2,Cloudy,Dry,Daylight
2024-06-12T12:30:00.000,I 85,I 85 and I 285,,Sideswipe-Same Direction,2,Clear,Dry,Daylight
2024-11-26T15:30:00.000,I 85,I 85 and I 285,,Sideswipe-Same Direction,2,Clear,Dry,Daylight
2024-06-02T14:00:00.000,I 285,I 85 and I 285,,Not a Collision with Motor Vehicle,1,Clear,Dry,Daylight
2024-02-04T22:00:00.000,I 285,I 85 and I 285,,Not a Collision with Motor Vehicle,1,Rain,Wet,Dark-Not Lighted
2024-07-31T14:14:00.000,I 285,I 85 and I 285,,Sideswipe-Same Direction,3,Clear,Dry,Daylight
2024-03-11T23:30:00.000,I 85,I 85 and I 285,,Not a Collision with Motor Vehicle,1,Clear,Dry,Dark-Lighted
2024-11-25T14:35:00.000,I 285,I 85 and I 285,,Sideswipe-Same Direction,2,Cloudy,Dry,Daylight
2024-12-16T08:00:00.000,I 85,I 85 and I 285,,Sideswipe-Same Direction,2,Clear,Dry,Daylight
2024-10-17T11:45:00.000,I 285,I 85 and I 285,,Sideswipe-Same Direction,2,Clear,Dry,Daylight
2024-01-27T12:54:00.000,I 285,I 85 and I 285,,Not a Collision with Motor Vehicle,1,Cloudy,Wet,Daylight
2024-07-11T19:45:00.000,I 85,I 85 and I 285,,Angle Crash,2,Clear,Dry,Dark-Lighted
2024-06-27T16:33:00.000,I 85,I 85 and I 285,,Sideswipe-Same Direction,2,Cloudy,Wet,Daylight
2024-12-31T18:26:00.000,I 285,I 85 and I 285,,Not a Collision with Motor Vehicle,1,Clear,Dry,Dark-Not Lighted
2024-12-16T15:30:00.000,I 285,I 85 and I 285,,Sideswipe-Same Direction,2,Clear,Dry,Daylight
2024-07-08T12:49:00.000,I 285,I 85 and I 285,,Sideswipe-Same Direction,2,Clear,Dry,Daylight
2024-01-17T14:30:00.000,I 285,I 85 and I 285,,Angle Crash,2,Clear,Dry,Daylight
2024-01-09T10:09:00.000,I 285,I 85 and I 285,,Sideswipe-Same Direction,2,Rain,Wet,Daylight
2024-08-31T21:53:00.000,I 85,I 85 and I 285,,Sideswipe-Same Direction,2,Cloudy,Wet,Dark-Not Lighted
2024-02-23T20:21:00.000,I 285,I 85 and I 285,,Sideswipe-Same Direction,2,Clear,Dry,Dark-Lighted
2024-11-14T04:30:00.000,I 85,I 85 and I 285,,Not a Collision with Motor Vehicle,1,Rain,Wet,Dark-Not Lighted
2024-11-10T19:00:00.000,I 285,I 85 and I 285,,Angle Crash,2,Cloudy,Wet,Dark-Not Lighted
2024-08-24T03:30:00.000,I 285,I 85 and I 285,,Not a Collision with Motor Vehicle,1,Clear,Dry,Dark-Not Lighted
2024-04-07T09:10:00.000,I 85,I 85 and I 285,,Not a Collision with Motor Vehicle,1,Clear,Dry,Daylight
2024-05-15T08:31:00.000,I 285,I 85 and I 285,,Sideswipe-Same Direction,2,Clear,Dry,Daylight
2024-08-29T14:26:00.000,I 285,I 85 and I 285,,Rear End,3,Clear,Dry,Daylight
2024-11-13T10:31:00.000,I 285,I 85 and I 285,,Angle Crash,2,Clear,Dry,Daylight
2024-04-25T16:30:00.000,I 85,I 85 and I 285,,Sideswipe-Same Direction,2,Clear,Dry,Daylight
2024-07-11T11:43:00.000,I 85,I 85 and I 285,,Sideswipe-Same Direction,2,Clear,Dry,Daylight
2024-09-11T13:50:00.000,I 285,I 85 and I 285,,Sideswipe-Same Direction,2,Clear,Dry,Daylight
2024-01-31T13:19:00.000,I 285,I 85 and I 285,,Rear End,2,Clear,Dry,Daylight
2024-12-10T14:34:00.000,I 85,I 85 and I 285,,Rear End,2,Rain,Wet,Daylight
2024-05-23T09:20:00.000,I 85,I 85 and I 285,,Sideswipe-Same Direction,2,Clear,Dry,Daylight
2024-11-16T23:11:00.000,I 285,I 85 and I 285,,Sideswipe-Same Direction,2,Clear,Dry,Dark-Not Lighted
2024-09-11T20:26:00.000,I 285,I 85 and I 285,,Sideswipe-Same Direction,2,Cloudy,Dry,Dark-Not Lighted
2024-08-29T10:19:00.000,I 85,I 85 and I 285,,Sideswipe-Same Direction,2,Clear,Dry,Daylight
2024-05-24T20:13:00.000,I 285,I 85 and I 285,,Sideswipe-Same Direction,2,Clear,Dry,Daylight
2024-05-19T15:09:00.000,I 285,I 85 and I 285,,Sideswipe-Same Direction,3,Clear,Dry,Daylight
2024-11-15T11:59:00.000,I 85,I 85 and I 285,,Not a Collision with Motor Vehicle,2,Clear,Dry,Daylight
2024-03-20T04:20:00.000,I 85,I 85 and I 285,,Angle Crash,2,Clear,Dry,Dark-Lighted
2024-11-24T20:38:00.000,I 85,I 85 and I 285,,Not a Collision with Motor Vehicle,1,Clear,Dry,Dark-Not Lighted
2024-01-23T15:20:00.000,I 285,I 85 and I 285,,Rear End,2,Cloudy,Dry,Daylight
2024-10-09T07:15:00.000,I 285,I 85 and I 285,,Not a Collision with Motor Vehicle,1,Clear,Dry,Daylight
2024-06-29T15:15:00.000,I 285,I 85 and I 285,,Sideswipe-Same Direction,2,Cloudy,Dry,Daylight
2024-03-23T10:07:00.000,I 85,I 85 and I 285,,Rear End,2,Clear,Dry,Daylight
2024-05-08T08:21:00.000,I 85,I 85 and I 285,,Rear End,2,Cloudy,Dry,Daylight
2024-03-04T06:30:00.000,I 285,I 85 and I 285,,Sideswipe-Same Direction,2,Cloudy,Dry,Dark-Not Lighted
2024-12-13T14:30:00.000,I 85,I 85 and I 285,,Sideswipe-Same Direction,2,Clear,Dry,Daylight
2024-07-15T11:40:00.000,I 285,I 85 and I 285,,Rear End,2,Clear,Dry,Daylight
2024-01-20T14:57:00.000,I 85,I 85 and I 285,,Angle Crash,2,Clear,Dry,Daylight
2024-05-23T10:50:00.000,I 85,I 85 and I 285,,Rear End,2,Clear,Dry,Daylight
2024-08-29T14:20:00.000,I 285,I 85 and I 285,,Sideswipe-Same Direction,2,Clear,Dry,Daylight
2024-11-15T18:38:00.000,I 85,I 85 and I 285,,Rear End,2,Clear,Dry,Daylight
2024-04-26T08:53:00.000,I 85,I 85 and I 285,,Sideswipe-Same Direction,2,Cloudy,Dry,Daylight
2024-12-16T15:36:00.000,I 85,I 85 and I 285,,Angle Crash,2,Clear,Dry,Daylight
2024-01-09T09:40:00.000,I 285,I 85 and I 285,,Sideswipe-Same Direction,5,Rain,Water (standing or moving),Daylight
2024-11-12T03:58:00.000,I 85,I 85 and I 285,,Angle Crash,2,Clear,Dry,Dark-Lighted
2024-10-09T11:27:00.000,I 85,I 85 and I 285,,Sideswipe-Same Direction,2,Clear,Dry,Daylight
2024-05-29T04:50:00.000,I 285,I 85 and I 285,,Angle Crash,2,Clear,Dry,Dark-Not Lighted
2024-01-30T07:47:00.000,I 85,I 85 and I 285,,Rear End,2,Clear,Dry,Daylight
2024-06-09T08:53:00.000,I 285,I 85 and I 285,,Angle Crash,3,Clear,Dry,Daylight
2024-11-10T16:50:00.000,I 85,I 85 and I 285,,Rear End,2,Rain,Wet,Dark-Lighted
2024-04-04T11:50:00.000,I 285,I 85 and I 285,,Sideswipe-Same Direction,2,Clear,Dry,Daylight
2024-06-15T10:31:00.000,I 85,I 85 and I 285,,Rear End,2,Clear,Dry,Daylight
2024-05-18T22:50:00.000,I 85,I 85 and I 285,,Sideswipe-Same Direction,2,Clear,Dry,Dark-Lighted
2024-03-12T05:56:00.000,I 85,I 85 and I 285,,Sideswipe-Same Direction,2,Clear,Dry,Dawn
2024-08-05T07:44:00.000,I 85,I 85 and I 285,,Not a Collision with Motor Vehicle,1,Cloudy,Dry,Daylight
2024-03-19T17:00:00.000,I 285,I 85 and I 285,,Rear End,2,Clear,Dry,Daylight
2024-09-11T14:51:00.000,I 285,I 85 and I 285,,Sideswipe-Same Direction,2,Clear,Dry,Daylight
2024-09-01T12:09:00.000,I 285,I 85 and I 285,,Rear End,2,Clear,Dry,Daylight
2024-12-06T02:51:00.000,I 85,I 85 and I 285,,Sideswipe-Same Direction,2,Clear,Dry,Dark-Lighted
2024-03-19T16:30:00.000,I 285,I 85 and I 285,,Rear End,2,Clear,Dry,Daylight
2024-01-15T10:45:00.000,I 85,I 85 and I 285,,Sideswipe-Same Direction,2,Clear,Dry,Daylight
2024-07-07T20:00:00.000,I 285,I 85 and I 285,,Rear End,2,Clear,Wet,Dark-Not Lighted
2024-12-10T16:05:00.000,I 85,I 85 and I 285,,Sideswipe-Same Direction,2,Rain,Wet,Daylight
2024-06-14T11:14:00.000,I 85,I 85 and I 285,,Sideswipe-Same Direction,3,Clear,Dry,Daylight
2024-09-04T13:30:00.000,I 85,I 85 and I 285,,Rear End,2,Clear,Dry,Daylight
2024-10-13T12:00:00.000,I 285,I 85 and I 285,,Sideswipe-Same Direction,2,Clear,Dry,Daylight
2024-12-04T15:54:00.000,I 85,I 85 and I 285,,Rear End,2,Clear,Dry,Daylight
2024-04-09T09:26:00.000,I 85,I 85 and I 285,,Rear End,2,Rain,Wet,Daylight
2024-09-19T16:40:00.000,I 85,I 85 and I 285,,Sideswipe-Same Direction,2,Clear,Dry,Daylight
2024-04-26T22:30:00.000,I 285,I 85 and I 285,,Sideswipe-Same Direction,2,Clear,Dry,Dark-Not Lighted
2024-12-19T18:27:00.000,I 85,I 85 and I 285,,Sideswipe-Same Direction,2,Clear,Dry,Daylight
2024-10-15T14:52:00.000,I 285,I 85 and I 285,,Rear End,2,Clear,Dry,Daylight
2024-11-09T15:20:00.000,I 85,I 85 and I 285,,Sideswipe-Same Direction,2,Clear,Dry,Daylight
2024-09-23T16:10:00.000,I 285,I 85 and I 285,,Rear End,2,Cloudy,Dry,Daylight
2024-03-08T10:33:00.000,I 85,I 85 and I 285,,Not a Collision with Motor Vehicle,1,Cloudy,Dry,Daylight
2024-07-17T15:25:00.000,I 285,I 85 and I 285,,Sideswipe-Same Direction,2,Rain,Wet,Daylight
2024-09-19T17:45:00.000,I 285,I 85 and I 285,,Rear End,2,Clear,Dry,Daylight
2024-08-05T17:37:00.000,I 285,I 85 and I 285,,Rear End,2,Cloudy,Dry,Daylight
2024-11-11T11:25:00.000,I 285,I 85 and I 285,,Rear End,2,Clear,Dry,Daylight
2024-04-09T09:24:00.000,I 85,I 85 and I 285,,Rear End,3,Clear,Wet,Daylight
2024-08-31T14:50:00.000,I 85,I 85 and I 285,,Rear End,2,Clear,Dry,Daylight
2024-07-31T18:00:00.000,I 285,I 85 and I 285,,Sideswipe-Same Direction,2,Clear,Dry,Daylight
2024-01-12T08:09:00.000,I 285,I 85 and I 285,,Sideswipe-Same Direction,2,Clear,Dry,Daylight
2024-08-27T01:30:00.000,I 85,I 85 and I 285,,Not a Collision with Motor Vehicle,1,Clear,Dry,Dark-Not Lighted
2024-09-04T13:48:00.000,I 285,I 85 and I 285,,Angle Crash,2,Clear,Dry,Daylight
2024-07-21T17:28:00.000,I 285,I 85 and I 285,,Rear End,3,Cloudy,Dry,Daylight
2024-02-14T12:15:00.000,I 85,I 85 and I 285,,Sideswipe-Same Direction,2,Clear,Dry,Daylight
2024-01-09T09:00:00.000,I 85,I 85 and I 285,,Angle Crash,2,Rain,Wet,Daylight
2024-07-09T17:38:00.000,I 285,I 85 and I 285,,Rear End,2,Cloudy,Wet,Daylight
2024-11-22T08:55:00.000,I 285,I 85 and I 285,,Sideswipe-Same Direction,2,Clear,Dry,Daylight
2024-05-07T16:43:00.000,I 85,I 85 and I 285,,Rear End,3,Clear,Dry,Daylight
2024-08-19T11:00:00.000,I 285,I 85 and I 285,,Rear End,2,Clear,Dry,Daylight
2024-01-29T15:20:00.000,I 285,I 85 and I 285,,Sideswipe-Same Direction,2,Clear,Dry,Daylight
2024-03-11T13:19:00.000,I 285,I 85 and I 285,,Rear End,3,Cloudy,Dry,Daylight
2024-12-10T04:28:00.000,I 285,I 85 and I 285,,Sideswipe-Same Direction,2,Rain,Wet,Dark-Not Lighted
2024-12-02T11:19:00.000,I 285,I 85 and I 285,,Sideswipe-Same Direction,2,Clear,Dry,Daylight
2024-01-05T20:06:00.000,I 85,I 85 and I 285,,Rear End,2,Clear,Dry,Dark-Not Lighted
2024-10-15T12:52:00.000,I 85,I 85 and I 285,,Rear End,2,Clear,Dry,Daylight
2024-09-12T11:40:00.000,I 285,I 85 and I 285,,Sideswipe-Opposite Direction,2,Rain,Wet,Daylight
2024-01-07T17:00:00.000,I 85,I 85 and I 285,,Rear End,2,Clear,Dry,Daylight
2024-04-24T18:59:00.000,I 285,I 85 and I 285,,Angle Crash,2,Clear,Dry,Daylight
2024-03-19T07:19:00.000,I 285,I 85 and I 285,,Sideswipe-Same Direction,2,Clear,Dry,Daylight
2024-09-03T08:30:00.000,I 85,I 85 and I 285,,Angle Crash,2,Cloudy,Dry,Daylight
2024-10-08T17:30:00.000,I 85,I 85 and I 285,,Rear End,2,Clear,Dry,Daylight
2024-12-10T14:07:00.000,I 285,I 85 and I 285,,Not a Collision with Motor Vehicle,1,Rain,Wet,Daylight
2024-12-13T15:00:00.000,I 85,I 85 and I 285,,Rear End,2,Clear,Dry,Daylight