Date and Time,Roadway (From Crash Report),Intersection Name (from Crash Report),KABCO Severity,Manner of Collision (Crash Level) ,# of Vehicles per crash ,Weather Conditions (Crash Level),Surface Condition (Crash Level) ,Light Conditions (Crash Level)
2024-07-15T09:00:00.000,I 85,I 85 and I 285,,Sideswipe-Same Direction,2,Clear,Dry,Dusk
2024-10-31T19:00:00.000,I 285,I 85 and I 285,,Sideswipe-Same Direction,2,Cloudy,Dry,Dark-Not Lighted
2024-07-01T08:20:00.000,I 85,I 85 and I 285,,Rear End,2,Clear,Dry,Daylight
2024-08-18T16:30:00.000,I 85,I 85 and I 285,,Sideswipe-Same Direction,2,Clear,Dry,Daylight
2024-06-30T07:50:00.000,I 85,I 85 and I 285,,Sideswipe-Same Direction,2,Clear,Dry,Daylight
2024-06-15T07:21:00.000,I 85,I 85 and I 285,,Sideswipe-Same Direction,2,Clear,Dry,Daylight
2024-09-30T12:20:00.000,I 285,I 85 and I 285,,Sideswipe-Same Direction,2,Clear,Dry,Daylight
2024-03-05T14:27:00.000,I 85,I 85 and I 285,,Angle Crash,2,Rain,Wet,Daylight
2024-09-08T07:00:00.000,I 85,I 85 and I 285,,Sideswipe-Same Direction,2,Clear,Dry,Daylight
2024-06-13T16:15:00.000,I 285,I 85 and I 285,,Angle Crash,2,Clear,Dry,Daylight
2024-03-31T13:00:00.000,I 285,I 85 and I 285,,Sideswipe-Same Direction,2,Clear,Dry,Daylight
2024-04-11T12:30:00.000,I 85,I 85 and I 285,,Rear End,2,Rain,Wet,Daylight
2024-11-21T16:24:00.000,I 85,I 85 and I 285,,Sideswipe-Same Direction,2,Clear,Dry,Daylight
2024-12-21T11:30:00.000,I 285,I 85 and I 285,,Rear End,2,Clear,Dry,Daylight
2024-07-10T21:49:00.000,I 85,I 85 and I 285,,Angle Crash,2,Clear,Dry,Dark-Not Lighted
2024-04-16T16:20:00.000,I 285,I 85 and I 285,,Sideswipe-Same Direction,2,Cloudy,Dry,Daylight
2024-06-16T14:08:00.000,I 285,I 85 and I 285,,Rear End,2,Cloudy,Dry,Daylight
2024-12-13T17:47:00.000,I 85,I 85 and I 285,,Rear End,2,Clear,Dry,Daylight
2024-03-15T13:37:00.000,I 85,I 85 and I 285,,Rear End,2,Cloudy,Wet,Daylight
2024-01-22T17:02:00.000,I 285,I 85 and I 285,,Rear End,2,Clear,Dry,Daylight
2024-11-20T06:54:00.000,I 285,I 85 and I 285,,Angle Crash,2,Rain,Wet,Daylight
2024-08-20T14:11:00.000,I 285,I 85 and I 285,,Sideswipe-Same Direction,2,Clear,Dry,Daylight
2024-12-23T19:42:00.000,I 285,I 85 and I 285,,Sideswipe-Same Direction,3,Clear,Dry,Dark-Not Lighted
2024-10-13T13:00:00.000,I 285,I 85 and I 285,,Rear End,2,Clear,Dry,Daylight
2024-04-18T03:55:00.000,I 85,I 85 and I 285,,Not a Collision with Motor Vehicle,1,Clear,Dry,Daylight
2024-02-12T16:02:00.000,I 285,I 85 and I 285,,Rear End,2,Rain,Wet,Daylight
2024-08-24T09:27:00.000,I 85,I 85 and I 285,,Angle Crash,2,Clear,Dry,Daylight
2024-07-08T15:05:00.000,I 285,I 85 and I 285,,Sideswipe-Same Direction,2,Cloudy,Dry,Daylight
2024-12-29T15:01:00.000,I 85,I 85 and I 285,,Rear End,2,Cloudy,Dry,Daylight
2024-10-02T19:15:00.000,I 285,I 85 and I 285,,Rear End,2,Cloudy,Dry,Daylight
2021-02-25T15:36:00.000,I 20,I 85 and I 20,,Rear End,3,Clear,Dry,Daylight
2021-02-11T15:25:00.000,I 20,I 85 and I 20,,Not a Collision with Motor Vehicle,1,Cloudy,Wet,Daylight
2021-06-23T14:15:00.000,I 20,I 85 and I 20,,Sideswipe-Same Direction,2,Clear,Dry,Daylight
2021-07-09T17:04:00.000,I 20,I 85 and I 20,,Sideswipe-Same Direction,2,Clear,Wet,Daylight
2021-06-11T13:45:00.000,I 20,I 85 and I 20,,Rear End,3,Clear,Dry,Daylight
2021-04-20T08:12:00.000,I 20,I 85 and I 20,,Sideswipe-Same Direction,2,Clear,Dry,Daylight
2021-02-02T18:52:00.000,I 20,I 85 and I 20,,Rear End,2,Clear,Dry,Dark-Not Lighted
2021-06-03T09:43:00.000,I 20,I 85 and I 20,,Sideswipe-Same Direction,2,Clear,Dry,Daylight
2021-09-07T15:30:00.000,I 20,I 85 and I 20,,Rear End,2,Rain,Wet,Daylight
2021-08-12T14:00:00.000,I 20,I 85 and I 20,,Rear End,2,Clear,Dry,Daylight
2021-07-19T17:30:00.000,I 20,I 85 and I 20,,Rear End,2,Rain,Wet,Daylight
2021-03-30T13:50:00.000,I 20,I 85 and I 20,,Rear End,3,Clear,Dry,Daylight
2021-02-23T18:10:00.000,I 20,I 85 and I 20,,Sideswipe-Same Direction,2,Clear,Dry,Daylight
2021-06-17T19:35:00.000,I 20,I 85 and I 20,,Rear End,2,Clear,Dry,Daylight
2021-08-20T16:10:00.000,I 20,I 85 and I 20,,Rear End,2,Clear,Dry,Daylight
2021-09-07T16:49:00.000,I 20,I 85 and I 20,,Angle Crash,2,Clear,Dry,Daylight
2021-09-07T15:41:00.000,I 20,I 85 and I 20,,Rear End,2,Cloudy,Wet,Daylight
2021-09-24T13:20:00.000,I 20,I 85 and I 20,,Sideswipe-Same Direction,2,Clear,Dry,Daylight
2021-06-28T17:06:00.000,I 20,I 85 and I 20,,Rear End,2,Clear,Dry,Daylight
2020-10-09T21:30:00.000,I 20,I 85 and I 20,,Rear End,2,Rain,Wet,Dark-Not Lighted
2020-02-06T12:14:00.000,I 20,I 85 and I 20,,Not a Collision with Motor Vehicle,1,Cloudy,Wet,Daylight
2023-03-16T20:00:00.000,I 20,I 85 and I 20,,Rear End,2,Clear,Dry,Dark-Not Lighted
2020-09-24T14:59:00.000,I 20,I 85 and I 20,,Rear End,2,Rain,Wet,Daylight
2020-02-26T00:00:00.000,I 20,I 85 and I 20,,Rear End,2,Cloudy,Dry,Daylight
2020-01-14T13:30:00.000,I 20,I 85 and I 20,,Sideswipe-Same Direction,2,Rain,Wet,Daylight
2020-12-11T11:53:00.000,I 20,I 85 and I 20,,Rear End,2,Clear,Dry,Daylight
2020-11-17T06:08:00.000,I 20,I 85 and I 20,,Not a Collision with Motor Vehicle,1,Clear,Dry,Dark-Lighted
2020-08-11T13:02:00.000,I 20,I 85 and I 20,,Rear End,2,Cloudy,Dry,Daylight
2020-08-17T16:57:00.000,I 20,I 85 and I 20,,Rear End,2,Clear,Dry,Daylight
2020-02-18T14:37:00.000,I 20,I 85 and I 20,,Not a Collision with Motor Vehicle,1,Rain,Wet,Daylight
2020-11-16T09:00:00.000,I 20,I 85 and I 20,,Rear End,2,Clear,Dry,Daylight
2020-12-03T15:10:00.000,I 20,I 85 and I 20,,Rear End,2,Clear,Dry,Daylight
2020-12-31T19:05:00.000,I 20,I 85 and I 20,,Not a Collision with Motor Vehicle,1,Rain,Wet,Dark-Lighted
2020-10-23T19:40:00.000,I 20,I 85 and I 20,,Rear End,2,Clear,Dry,Dark-Lighted
2020-08-29T17:40:00.000,I 20,I 85 and I 20,,Sideswipe-Same Direction,2,Clear,Dry,Daylight
2020-08-11T11:31:00.000,I 20,I 85 and I 20,,Sideswipe-Same Direction,2,Cloudy,Dry,Daylight
2020-02-14T12:54:00.000,I 20,I 85 and I 20,,Rear End,4,Cloudy,Dry,Daylight
2020-01-06T08:30:00.000,I 20,I 85 and I 20,,Sideswipe-Same Direction,2,Clear,Dry,Daylight
2020-07-29T13:58:00.000,I 20,I 85 and I 20,,Not a Collision with Motor Vehicle,1,Cloudy,Wet,Daylight
2020-01-16T06:30:00.000,I 20,I 85 and I 20,,Rear End,2,Cloudy,Wet,Dark-Lighted
2020-09-14T10:15:00.000,I 20,I 85 and I 20,,Rear End,2,Clear,Wet,Daylight
2020-10-28T08:06:00.000,I 20,I 85 and I 20,,Rear End,2,Rain,Wet,Dawn
2020-01-21T17:40:00.000,I 20,I 85 and I 20,,Rear End,2,Clear,Dry,Daylight
2020-02-10T13:32:00.000,I 20,I 85 and I 20,,Rear End,2,Rain,Wet,Daylight
2020-12-10T13:26:00.000,I 20,I 85 and I 20,,Rear End,2,Clear,Dry,Daylight
2020-03-12T08:25:00.000,I 20,I 85 and I 20,,Not a Collision with Motor Vehicle,1,Cloudy,Wet,Daylight
2020-03-12T08:25:00.000,I 20,I 85 and I 20,,Not a Collision with Motor Vehicle,1,Cloudy,Wet,Daylight
2020-07-03T12:20:00.000,I 20,I 85 and I 20,,Sideswipe-Same Direction,2,Clear,Dry,Daylight
2020-11-16T10:15:00.000,I 20,I 85 and I 20,,Sideswipe-Same Direction,3,Clear,Dry,Daylight
2020-01-14T18:25:00.000,I 20,I 85 and I 20,,Rear End,2,Rain,Wet,Dark-Not Lighted
2020-01-24T08:03:00.000,I 20,I 85 and I 20,,Sideswipe-Same Direction,2,Rain,Wet,Daylight
2020-12-09T17:27:00.000,I 20,I 85 and I 20,,Rear End,2,Clear,Dry,Daylight
2020-01-14T15:09:00.000,I 20,I 85 and I 20,,Rear End,2,Rain,Wet,Daylight
2020-07-16T17:00:00.000,I 20,I 85 and I 20,,Not a Collision with Motor Vehicle,1,Clear,Dry,Daylight
2020-09-17T14:04:00.000,I 20,I 85 and I 20,,Sideswipe-Same Direction,2,Rain,Wet,Daylight
2020-07-23T11:16:00.000,I 20,I 85 and I 20,,Sideswipe-Same Direction,2,Clear,Dry,Daylight
2020-11-27T18:40:00.000,I 20,I 85 and I 20,,Sideswipe-Same Direction,3,Clear,Dry,Dark-Lighted
2020-08-21T19:04:00.000,I 20,I 85 and I 20,,Rear End,3,Rain,Wet,Daylight
2020-11-24T18:25:00.000,I 20,I 85 and I 20,,Rear End,2,Clear,Dry,Dark-Lighted
2020-08-31T07:29:00.000,I 20,I 85 and I 20,,Rear End,2,Rain,Wet,Daylight
2020-12-18T19:30:00.000,I 20,I 85 and I 20,,Rear End,3,Clear,Dry,Dark-Lighted
2020-01-21T18:55:00.000,I 20,I 85 and I 20,,Sideswipe-Same Direction,2,Clear,Dry,Daylight
2020-09-16T16:26:00.000,I 20,I 85 and I 20,,Angle Crash,2,Rain,Wet,Daylight
2020-11-06T10:16:00.000,I 20,I 85 and I 20,,Sideswipe-Same Direction,2,Clear,Dry,Daylight
2020-04-23T14:20:00.000,I 20,I 85 and I 20,,Not a Collision with Motor Vehicle,1,Cloudy,Dry,Daylight
2020-02-13T06:35:00.000,I 20,I 85 and I 20,,Sideswipe-Same Direction,2,Rain,Wet,Dark-Not Lighted
2020-10-28T06:41:00.000,I 20,I 85 and I 20,,Rear End,2,Rain,Wet,Dark-Lighted
2020-01-02T10:25:00.000,I 20,I 85 and I 20,,Not a Collision with Motor Vehicle,1,Cloudy,Wet,Daylight
2020-09-21T19:10:00.000,I 20,I 85 and I 20,,Sideswipe-Same Direction,2,Clear,Dry,Daylight
2020-10-25T16:14:00.000,I 20,I 85 and I 20,,Angle Crash,2,Clear,Dry,Daylight
2020-06-19T15:20:00.000,I 20,I 85 and I 20,,Sideswipe-Same Direction,2,Clear,Dry,Daylight
2020-02-13T08:40:00.000,I 20,I 85 and I 20,,Rear End,2,Rain,Wet,Daylight
2020-11-12T17:33:00.000,I 20,I 85 and I 20,,Rear End,2,Clear,Dry,Dark-Lighted
2020-09-17T05:55:00.000,I 20,I 85 and I 20,,Rear End,2,Clear,Wet,Daylight
2020-10-23T18:12:00.000,I 20,I 85 and I 20,,Sideswipe-Same Direction,2,Clear,Dry,Daylight
2020-12-24T14:08:00.000,I 20,I 85 and I 20,,Sideswipe-Same Direction,2,Rain,Wet,Daylight
2020-07-03T08:55:00.000,I 20,I 85 and I 20,,Sideswipe-Same Direction,2,Clear,Dry,Daylight
2020-09-22T12:18:00.000,I 20,I 85 and I 20,,Not a Collision with Motor Vehicle,1,Clear,Dry,Daylight
2020-01-23T07:40:00.000,I 20,I 85 and I 20,,Sideswipe-Same Direction,2,Cloudy,Dry,Daylight
2021-06-09T15:30:00.000,I 20,I 85 and I 20,,Rear End,2,Clear,Dry,Daylight
2021-03-15T15:04:00.000,I 20,I 85 and I 20,,Rear End,2,Cloudy,Dry,Daylight
2021-06-07T06:42:00.000,I 20,I 85 and I 20,,Not a Collision with Motor Vehicle,1,Clear,Dry,Daylight
2021-06-23T16:30:00.000,I 20,I 85 and I 20,,Not a Collision with Motor Vehicle,2,Clear,Dry,Daylight
2021-02-08T07:30:00.000,I 20,I 85 and I 20,,Sideswipe-Same Direction,2,Clear,Dry,Daylight
2021-03-10T11:03:00.000,I 20,I 85 and I 20,,Sideswipe-Same Direction,2,Clear,Dry,Daylight
2021-03-01T08:15:00.000,I 20,I 85 and I 20,,Not a Collision with Motor Vehicle,1,Rain,Wet,Daylight
2021-02-24T11:06:00.000,I 20,I 85 and I 20,,Sideswipe-Same Direction,2,Clear,Dry,Daylight
2021-04-12T17:02:00.000,I 20,I 85 and I 20,,Rear End,2,Clear,Dry,Daylight
2021-01-27T18:59:00.000,I 20,I 85 and I 20,,Rear End,2,Rain,Wet,Dark-Lighted
2021-04-23T19:20:00.000,I 20,I 85 and I 20,,Rear End,2,Clear,Dry,Daylight
2021-09-10T11:50:00.000,I 20,I 85 and I 20,,Rear End,2,Clear,Dry,Daylight
2021-09-24T16:40:00.000,I 20,I 85 and I 20,,Sideswipe-Same Direction,2,Clear,Dry,Daylight
2021-08-19T16:04:00.000,I 20,I 85 and I 20,,Rear End,2,Rain,Wet,Daylight
2021-07-09T09:40:00.000,I 20,I 85 and I 20,,Rear End,2,Cloudy,Dry,Daylight
2021-09-24T13:15:00.000,I 20,I 85 and I 20,,Sideswipe-Same Direction,2,Clear,Dry,Daylight
2021-08-10T19:04:00.000,I 20,I 85 and I 20,,Sideswipe-Same Direction,2,Clear,Dry,Daylight
2021-08-27T13:44:00.000,I 20,I 85 and I 20,,Sideswipe-Same Direction,2,Clear,Dry,Daylight
2021-08-27T19:26:00.000,I 20,I 85 and I 20,,Rear End,2,Rain,Wet,Daylight
2021-08-03T19:16:00.000,I 20,I 85 and I 20,,Not a Collision with Motor Vehicle,1,Cloudy,Wet,Daylight
2021-07-20T10:44:00.000,I 20,I 85 and I 20,,Sideswipe-Same Direction,2,Cloudy,Dry,Daylight
2021-07-28T09:35:00.000,I 20,I 85 and I 20,,Sideswipe-Same Direction,2,Clear,Dry,Daylight
2021-09-29T16:53:00.000,I 20,I 85 and I 20,,Sideswipe-Same Direction,2,Clear,Dry,Daylight
2021-02-05T18:40:00.000,I 85,I 85 and I 185,,Rear End,3,Clear,Dry,Dark-Not Lighted
2021-01-03T17:11:00.000,I 85,I 85 and I 185,,Rear End,3,Clear,Dry,Daylight
2021-08-20T08:39:00.000,I 85,I 85 and I 185,,Not a Collision with Motor Vehicle,2,Cloudy,Dry,Daylight
2021-05-02T17:45:00.000,I 85,I 85 and I 185,,Not a Collision with Motor Vehicle,1,Cloudy,Dry,Daylight
2021-06-22T05:10:00.000,I 85,I 85 and I 185,,Sideswipe-Same Direction,2,Cloudy,Dry,Dark-Not Lighted
2021-02-05T18:32:00.000,I 85,I 85 and I 185,,Not a Collision with Motor Vehicle,2,Clear,Dry,Dark-Not Lighted
2021-03-16T15:48:00.000,I 85,I 85 and I 185,,Rear End,3,Rain,Wet,Daylight
2021-12-08T07:20:00.000,I 85,I 85 and I 185,,Not a Collision with Motor Vehicle,1,Rain,Wet,Daylight
2021-10-03T07:40:00.000,I 85,I 85 and I 185,,Not a Collision with Motor Vehicle,1,Cloudy,Dry,Daylight
2021-09-26T16:50:00.000,I 85,I 85 and I 185,,Rear End,2,Clear,Dry,Daylight
2021-12-08T07:20:00.000,I 85,I 85 and I 185,,Sideswipe-Same Direction,3,Rain,Wet,Dark-Not Lighted
2021-10-21T14:33:00.000,I 85,I 85 and I 185,,Rear End,2,Clear,Dry,Daylight
2021-06-07T04:10:00.000,I 85,I 85 and I 185,,Not a Collision with Motor Vehicle,1,Cloudy,Dry,Dark-Not Lighted
2021-03-20T10:40:00.000,I 85,I 85 and I 185,,Not a Collision with Motor Vehicle,1,Clear,Dry,Daylight
2021-03-05T13:55:00.000,I 85,I 85 and I 185,,Not a Collision with Motor Vehicle,1,Cloudy,Dry,Daylight
2020-08-09T22:20:00.000,I 85,I 85 and I 185,,Not a Collision with Motor Vehicle,1,Clear,Dry,Dark-Not Lighted
2023-12-25T20:30:00.000,I 85,I 85 and I 185,,Not a Collision with Motor Vehicle,1,Rain,Wet,Dark-Not Lighted
2023-07-10T07:45:00.000,I 85,I 85 and I 185,,Not a Collision with Motor Vehicle,1,Cloudy,Wet,Daylight
2023-03-18T02:25:00.000,I 85,I 85 and I 185,,Not a Collision with Motor Vehicle,1,Clear,Wet,Dark-Not Lighted
2023-07-02T21:25:00.000,I 85,I 85 and I 185,,Not a Collision with Motor Vehicle,1,Rain,Wet,Dark-Not Lighted
2023-05-07T15:28:00.000,I 85,I 85 and I 185,,Rear End,2,Clear,Dry,Daylight
2023-06-30T18:14:00.000,I 85,I 85 and I 185,,Rear End,2,Cloudy,Dry,Daylight
2023-03-02T11:00:00.000,I 85,I 85 and I 185,,Not a Collision with Motor Vehicle,1,Rain,Wet,Daylight
2023-06-20T18:00:00.000,I 85,I 85 and I 185,,Not a Collision with Motor Vehicle,1,Rain,Wet,Daylight
2023-07-01T15:19:00.000,I 85,I 85 and I 185,,Rear End,3,Clear,Dry,Daylight
2020-11-26T05:00:00.000,I 85,I 85 and I 185,,Not a Collision with Motor Vehicle,1,Rain,Wet,Dark-Not Lighted
2020-12-15T13:04:00.000,I 85,I 85 and I 185,,Rear End,2,Clear,Dry,Daylight
2020-07-12T17:10:00.000,I 85,I 85 and I 185,,Sideswipe-Same Direction,2,Cloudy,Dry,Daylight
2020-11-23T01:50:00.000,I 85,I 85 and I 185,,Not a Collision with Motor Vehicle,1,Clear,Dry,Dark-Not Lighted
2020-10-03T15:00:00.000,I 85,I 85 and I 185,,Rear End,2,Clear,Dry,Daylight
2020-06-10T12:22:00.000,I 85,I 85 and I 185,,Not a Collision with Motor Vehicle,1,Rain,Wet,Daylight
2020-07-25T13:40:00.000,I 85,I 85 and I 185,,Angle Crash,2,Rain,Wet,Daylight
2020-12-15T13:04:00.000,I 85,I 85 and I 185,,Sideswipe-Same Direction,2,Cloudy,Dry,Daylight
2020-12-07T03:00:00.000,I 85,I 85 and I 185,,Not a Collision with Motor Vehicle,1,Cloudy,Wet,Dark-Not Lighted
2020-11-22T02:15:00.000,I 85,I 85 and I 185,,Sideswipe-Same Direction,2,Clear,Dry,Dark-Not Lighted
2020-03-04T08:08:00.000,I 85,I 85 and I 185,,Rear End,2,Rain,Wet,Daylight
2020-03-04T20:49:00.000,I 85,I 85 and I 185,,Not a Collision with Motor Vehicle,1,Rain,Wet,Dark-Not Lighted
2020-10-05T17:23:00.000,I 85,I 85 and I 185,,Rear End,2,Clear,Dry,Daylight
2020-06-08T21:25:00.000,I 85,I 85 and I 185,,Angle Crash,3,Clear,Dry,Dark-Lighted
2020-09-22T02:45:00.000,I 85,I 85 and I 185,,Sideswipe-Same Direction,1,Clear,Dry,Dark-Not Lighted
2020-06-08T19:27:00.000,I 85,I 85 and I 185,,Not a Collision with Motor Vehicle,1,Rain,Wet,Daylight
2021-02-20T22:06:00.000,I 85,I 85 and I 185,,Rear End,2,Clear,Dry,Dark-Not Lighted
2021-03-20T11:29:00.000,I 85,I 85 and I 185,,Rear End,2,Clear,Dry,Daylight
2021-01-16T08:40:00.000,I 85,I 85 and I 185,,Not a Collision with Motor Vehicle,2,Clear,Dry,Daylight
2021-05-02T16:35:00.000,I 85,I 85 and I 185,,Not a Collision with Motor Vehicle,1,Cloudy,Dry,Daylight
2021-03-01T07:08:00.000,I 85,I 85 and I 185,,Not a Collision with Motor Vehicle,1,Rain,Wet,Dawn
2021-03-16T16:47:00.000,I 85,I 85 and I 185,,Not a Collision with Motor Vehicle,1,Rain,Wet,Daylight
2021-08-09T17:00:00.000,I 85,I 85 and I 185,,Rear End,2,Rain,Wet,Daylight
2021-10-31T17:58:00.000,I 85,I 85 and I 185,,Rear End,2,Clear,Dry,Daylight
2021-12-08T07:40:00.000,I 85,I 85 and I 185,,Rear End,2,Rain,Wet,Dark-Not Lighted
2021-12-01T06:00:00.000,I 85,I 85 and I 185,,Not a Collision with Motor Vehicle,1,Clear,Dry,Dark-Not Lighted
2021-08-01T16:25:00.000,I 85,I 85 and I 185,,Rear End,2,Rain,Wet,Daylight
2021-12-29T08:10:00.000,I 85,I 85 and I 185,,Angle Crash,2,Rain,Wet,Daylight
2021-09-26T15:39:00.000,I 85,I 85 and I 185,,Rear End,2,Clear,Dry,Daylight
2021-08-18T00:10:00.000,I 85,I 85 and I 185,,Not a Collision with Motor Vehicle,1,Clear,Dry,Dark-Not Lighted
2021-10-21T05:50:00.000,I 85,I 85 and I 185,,Not a Collision with Motor Vehicle,1,Clear,Dry,Daylight
2021-11-13T02:07:00.000,I 85,I 85 and I 185,,Angle Crash,2,Clear,Dry,Dark-Not Lighted
2022-07-17T18:19:00.000,I 85,I 85 and I 185,,Not a Collision with Motor Vehicle,1,Clear,Dry,Daylight
2022-08-06T13:51:00.000,I 85,I 85 and I 185,,Not a Collision with Motor Vehicle,1,Rain,Wet,Daylight
2022-08-24T16:30:00.000,I 85,I 85 and I 185,,Rear End,2,Cloudy,Dry,Daylight
2021-11-06T05:05:00.000,I 85,I 85 and I 185,,Not a Collision with Motor Vehicle,1,Clear,Dry,Dark-Not Lighted
2021-07-17T14:30:00.000,I 85,I 85 and I 185,,Sideswipe-Same Direction,2,Clear,Dry,Daylight
2022-12-20T01:00:00.000,I 85,I 85 and I 185,,Sideswipe-Same Direction,2,Clear,Dry,Dark-Not Lighted
2022-08-03T07:40:00.000,I 85,I 85 and I 185,,Not a Collision with Motor Vehicle,1,Cloudy,Dry,Daylight
2022-05-02T12:53:00.000,I 85,I 85 and I 185,,Not a Collision with Motor Vehicle,2,Clear,Dry,Daylight
2022-04-03T09:39:00.000,I 85,I 85 and I 185,,Not a Collision with Motor Vehicle,1,Clear,Dry,Daylight
2022-08-28T10:45:00.000,I 85,I 85 and I 185,,Not a Collision with Motor Vehicle,1,Cloudy,Dry,Daylight
2022-03-12T05:10:00.000,I 85,I 85 and I 185,,Not a Collision with Motor Vehicle,1,Cloudy,Wet,Daylight
2022-10-23T19:34:00.000,I 85,I 85 and I 185,,Rear End,2,Clear,Dry,Dark-Not Lighted
2022-08-21T18:28:00.000,I 85,I 85 and I 185,,Rear End,2,Clear,Dry,Daylight
2022-03-05T21:09:00.000,I 85,I 85 and I 185,,Angle Crash,2,Clear,Dry,Dark-Not Lighted
2022-02-01T06:55:00.000,I 85,I 85 and I 185,,Sideswipe-Same Direction,2,Clear,Dry,Dawn
2022-08-25T21:30:00.000,I 85,I 85 and I 185,,Sideswipe-Same Direction,2,Clear,Dry,Dark-Lighted
2022-05-08T16:13:00.000,I 85,I 85 and I 185,,Not a Collision with Motor Vehicle,1,Clear,Dry,Daylight
2024-07-03T23:35:00.000,I 85,I 85 and I 185,,Rear End,2,Cloudy,Dry,Dark-Not Lighted
2024-05-17T14:00:00.000,I 85,I 85 and I 185,,Not a Collision with Motor Vehicle,1,Rain,Wet,Daylight
2024-11-07T20:09:00.000,I 85,I 85 and I 185,,Not a Collision with Motor Vehicle,1,Clear,Dry,Dark-Not Lighted
2024-12-05T07:00:00.000,I 85,I 85 and I 185,,Not a Collision with Motor Vehicle,1,Cloudy,Wet,Dark-Not Lighted
2023-01-27T10:45:00.000,I 85,I 85 and I 185,,Sideswipe-Same Direction,2,Clear,Dry,Daylight
2023-01-04T05:50:00.000,I 85,I 85 and I 185,,Not a Collision with Motor Vehicle,1,Rain,Wet,Dark-Not Lighted
2023-01-22T06:17:00.000,I 85,I 85 and I 185,,Not a Collision with Motor Vehicle,1,Rain,Wet,Dark-Not Lighted
2023-09-16T10:00:00.000,I 85,I 85 and I 185,,Not a Collision with Motor Vehicle,1,Rain,Wet,Daylight
2023-02-11T00:23:00.000,I 85,I 85 and I 185,,Rear End,2,Cloudy,Dry,Dark-Not Lighted
2023-03-17T16:05:00.000,I 85,I 85 and I 185,,Not a Collision with Motor Vehicle,1,Rain,Wet,Daylight
2023-11-23T01:25:00.000,I 85,I 85 and I 185,,Not a Collision with Motor Vehicle,1,Cloudy,Dry,Dark-Not Lighted
2023-08-11T11:54:00.000,I 85,I 85 and I 185,,Not a Collision with Motor Vehicle,1,Rain,Wet,Daylight
2024-09-13T17:50:00.000,I 85,I 85 and I 185,,Rear End,2,Rain,Wet,Daylight
2024-02-11T20:30:00.000,I 85,I 85 and I 185,,Sideswipe-Same Direction,2,Rain,Wet,Dark-Not Lighted
2024-12-10T15:00:00.000,I 85,I 85 and I 185,,Not a Collision with Motor Vehicle,1,Rain,Wet,Daylight
2024-09-10T14:20:00.000,I 85,I 85 and I 185,,Rear End,2,Clear,Dry,Daylight
2024-06-25T02:20:00.000,I 85,I 85 and I 185,,Not a Collision with Motor Vehicle,1,Clear,Dry,Dark-Not Lighted
2024-01-14T14:24:00.000,I 85,I 85 and I 185,,Not a Collision with Motor Vehicle,1,Clear,Dry,Daylight
2024-12-31T04:40:00.000,I 85,I 85 and I 185,,Sideswipe-Same Direction,2,Cloudy,Dry,Dark-Not Lighted
2024-06-23T15:55:00.000,I 85,I 85 and I 185,,Rear End,2,Clear,Dry,Daylight
2024-07-13T15:40:00.000,I 85,I 85 and I 185,,Rear End,2,Clear,Dry,Daylight
2024-11-30T15:55:00.000,I 85,I 85 and I 185,,Rear End,2,Clear,Dry,Daylight
2024-12-16T09:45:00.000,I 85,I 85 and I 185,,Sideswipe-Same Direction,2,Cloudy,Dry,Daylight
2024-11-28T06:01:00.000,I 85,I 85 and I 185,,Not a Collision with Motor Vehicle,1,Rain,Wet,Dark-Not Lighted
2024-09-20T02:57:00.000,I 85,I 85 and I 185,,Not a Collision with Motor Vehicle,1,Clear,Dry,Dark-Not Lighted
2020-09-16T15:32:00.000,I 85,I 85 and I 137,,Not a Collision with Motor Vehicle,1,Rain,Wet,Daylight
2021-08-25T19:30:00.000,I 85,I 85 and Hyw 129,,Not a Collision with Motor Vehicle,1,Cloudy,Wet,Daylight
2023-04-28T12:44:00.000,I 85,I 85 and Hwy98,,Rear End,3,Cloudy,Dry,Daylight
2024-09-17T16:47:00.000,I 85,I 85 and Hwy82,,Rear End,2,Rain,Wet,Daylight
2020-01-13T23:31:00.000,I 85,I 85 and Hwy53,,Rear End,2,Rain,Wet,Dark-Not Lighted
2024-12-12T17:12:00.000,I 85,I 85 and Hwy53,,Rear End,2,Clear,Dry,Daylight
2024-01-10T18:53:00.000,I 85,I 85 and Hwy53,,Rear End,2,Rain,Wet,Dark-Lighted
2023-10-23T14:59:00.000,I 85,I 85 and Hwy29,,Rear End,2,Cloudy,Dry,Daylight
2021-12-16T16:09:00.000,I 85,I 85 and Hwy211 Mm126,,Sideswipe-Same Direction,2,Cloudy,Dry,Daylight
2023-03-01T08:50:00.000,I 85,I 85 and Hwy129,,Sideswipe-Same Direction,2,Cloudy,Dry,Daylight
2021-08-12T03:23:00.000,I 85,I 85 and Hwy129,,Not a Collision with Motor Vehicle,1,Cloudy,Dry,Dark-Not Lighted
2022-03-16T02:50:00.000,I 85,I 85 and Hwy129,,Not a Collision with Motor Vehicle,1,Rain,Wet,Dark-Not Lighted
2021-12-19T06:27:00.000,I 85,I 85 and Hwy. 51  Old Federal,,Not a Collision with Motor Vehicle,1,Rain,Wet,Dark-Not Lighted