Date and Time,Roadway (From Crash Report),Intersection Name (from Crash Report),KABCO Severity,Manner of Collision (Crash Level) ,# of Vehicles per crash ,Weather Conditions (Crash Level),Surface Condition (Crash Level) ,Light Conditions (Crash Level)
2022-05-03T14:10:00.000,I 85,I 85 and Hwy. 51  Old Federal,,Not a Collision with Motor Vehicle,2,Clear,Dry,Daylight
2021-09-10T19:13:00.000,I 85,I 85 and Hwy. 17,,Rear End,2,Clear,Dry,Daylight
2023-06-06T00:18:00.000,I 85,I 85 and Hwy. 17,,Not a Collision with Motor Vehicle,1,Cloudy,Dry,Dark-Not Lighted
2022-05-22T11:26:00.000,I 85,I 85 and Hwy. 17,,Rear End,2,Clear,Dry,Daylight
2023-09-20T22:43:00.000,I 85,I 85 and Hwy. 17,,Not a Collision with Motor Vehicle,1,Clear,Dry,Dark-Not Lighted
2024-04-18T23:04:00.000,I 85,I 85 and Hwy. 17,,Sideswipe-Same Direction,2,Clear,Dry,Dark-Not Lighted
2021-12-03T07:42:00.000,I 85,I 85 and Hwy. 106,,Sideswipe-Same Direction,2,Clear,Dry,Daylight
2024-07-16T02:01:00.000,I 85,I 85 and Hwy. 106,,Sideswipe-Same Direction,2,Clear,Dry,Dark-Not Lighted
2020-10-31T03:39:00.000,I 85,I 85 and Hwy 98 Opas,,Sideswipe-Same Direction,2,Clear,Dry,Dark-Not Lighted
2021-02-27T01:20:00.000,I 85,I 85 and Hwy 98,,Rear End,2,Rain,Wet,Dark-Not Lighted
2023-07-26T09:42:00.000,I 85,I 85 and Hwy 98,,Sideswipe-Same Direction,2,Clear,Dry,Daylight
2023-12-08T20:53:00.000,I 85,I 85 and Hwy 98,,Sideswipe-Same Direction,2,Clear,Dry,Dark-Not Lighted
2023-05-06T17:41:00.000,I 85,I 85 and Hwy 98,,Rear End,3,Cloudy,Dry,Daylight
2023-12-25T15:54:00.000,I 85,I 85 and Hwy 98,,Rear End,2,Rain,Wet,Daylight
2023-02-07T11:34:00.000,I 85,I 85 and Hwy 98,,Rear End,2,Clear,Dry,Daylight
2023-04-19T17:41:00.000,I 85,I 85 and Hwy 98,,Angle Crash,2,Clear,Dry,Daylight
2023-10-29T16:14:00.000,I 85,I 85 and Hwy 98,,Rear End,2,Clear,Dry,Daylight
2023-03-17T18:03:00.000,I 85,I 85 and Hwy 98,,Rear End,4,Rain,Wet,Daylight
2023-11-22T00:37:00.000,I 85,I 85 and Hwy 98,,Sideswipe-Same Direction,2,Clear,Dry,Dark-Not Lighted
2023-06-25T18:45:00.000,I 85,I 85 and Hwy 98,,Rear End,2,Rain,Wet,Daylight
2023-05-22T03:28:00.000,I 85,I 85 and Hwy 98,,Rear End,2,Clear,Dry,Dark-Not Lighted
2023-04-15T22:07:00.000,I 85,I 85 and Hwy 98,,Sideswipe-Same Direction,2,Clear,Dry,Dark-Not Lighted
2023-10-22T11:51:00.000,I 85,I 85 and Hwy 98,,Sideswipe-Same Direction,2,Clear,Dry,Daylight
2023-08-09T14:29:00.000,I 85,I 85 and Hwy 98,,Sideswipe-Same Direction,2,Clear,Dry,Daylight
2023-01-06T16:24:00.000,I 85,I 85 and Hwy 98,,Sideswipe-Same Direction,2,Clear,Dry,Daylight
2023-07-24T16:48:00.000,I 85,I 85 and Hwy 98,,Sideswipe-Same Direction,2,Clear,Dry,Daylight
2022-11-11T16:02:00.000,I 85,I 85 and Hwy 98,,Sideswipe-Same Direction,2,Cloudy,Wet,Daylight
2020-11-20T10:42:00.000,I 85,I 85 and Hwy 98,,Sideswipe-Same Direction,2,Clear,Dry,Daylight
2020-11-29T20:54:00.000,I 85,I 85 and Hwy 98,,Rear End,2,Rain,Wet,Dark-Not Lighted
2020-07-14T13:18:00.000,I 85,I 85 and Hwy 98,,Rear End,2,Clear,Dry,Daylight
2021-05-16T01:17:00.000,I 85,I 85 and Hwy 98,,Rear End,2,Clear,Dry,Dark-Not Lighted
2022-07-09T01:45:00.000,I 85,I 85 and Hwy 98,,Sideswipe-Same Direction,2,Rain,Wet,Dark-Not Lighted
2022-03-27T14:15:00.000,I 85,I 85 and Hwy 98,,Rear End,3,Clear,Dry,Daylight
2022-09-02T20:07:00.000,I 85,I 85 and Hwy 98,,Rear End,2,Rain,Wet,Dusk
2021-07-25T18:48:00.000,I 85,I 85 and Hwy 98,,Rear End,2,Clear,Dry,Daylight
2022-12-26T12:36:00.000,I 85,I 85 and Hwy 98,,Rear End,5,Clear,Dry,Daylight
2022-10-07T17:50:00.000,I 85,I 85 and Hwy 98,,Rear End,2,Clear,Dry,Daylight
2022-10-25T18:30:00.000,I 85,I 85 and Hwy 98,,Sideswipe-Same Direction,2,Clear,Dry,Daylight
2022-12-19T20:14:00.000,I 85,I 85 and Hwy 98,,Sideswipe-Same Direction,2,Clear,Dry,Dark-Not Lighted
2022-07-11T18:42:00.000,I 85,I 85 and Hwy 98,,Sideswipe-Same Direction,2,Clear,Dry,Daylight
2022-04-19T14:01:00.000,I 85,I 85 and Hwy 98,,Angle Crash,2,Clear,Dry,Daylight
2022-12-01T22:51:00.000,I 85,I 85 and Hwy 98,,Not a Collision with Motor Vehicle,1,Clear,Dry,Dark-Not Lighted
2024-06-18T08:08:00.000,I 85,I 85 and Hwy 98,,Not a Collision with Motor Vehicle,1,Cloudy,Dry,Daylight
2024-01-25T11:15:00.000,I 85,I 85 and Hwy 98,,Not a Collision with Motor Vehicle,1,Rain,Dry,Daylight
2024-01-15T18:17:00.000,I 85,I 85 and Hwy 98,,Sideswipe-Same Direction,2,Clear,Dry,Dark-Not Lighted
2024-03-07T15:50:00.000,I 85,I 85 and Hwy 98,,Rear End,3,Clear,Dry,Daylight
2023-04-06T22:26:00.000,I 85,I 85 and Hwy 98,,Sideswipe-Same Direction,2,Cloudy,Dry,Dark-Not Lighted
2023-05-28T16:31:00.000,I 85,I 85 and Hwy 98,,Rear End,2,Clear,Dry,Daylight
2023-08-15T06:24:00.000,I 85,I 85 and Hwy 98,,Sideswipe-Same Direction,1,Clear,Dry,Dark-Not Lighted
2023-03-19T16:36:00.000,I 85,I 85 and Hwy 98,,Rear End,2,Clear,Dry,Daylight
2023-04-29T15:20:00.000,I 85,I 85 and Hwy 98,,Rear End,2,Clear,Dry,Daylight
2023-07-21T18:10:00.000,I 85,I 85 and Hwy 98,,Rear End,2,Clear,Dry,Daylight
2023-01-11T10:55:00.000,I 85,I 85 and Hwy 98,,Rear End,2,Cloudy,Dry,Daylight
2023-06-12T18:54:00.000,I 85,I 85 and Hwy 98,,Sideswipe-Same Direction,2,Clear,Dry,Daylight
2024-07-07T17:11:00.000,I 85,I 85 and Hwy 98,,Not a Collision with Motor Vehicle,1,Clear,Dry,Daylight
2024-10-08T21:40:00.000,I 85,I 85 and Hwy 98,,Rear End,2,Clear,Dry,Dark-Not Lighted
2024-05-21T17:21:00.000,I 85,I 85 and Hwy 98,,Not a Collision with Motor Vehicle,1,Clear,Dry,Daylight
2024-10-31T12:03:00.000,I 85,I 85 and Hwy 98,,Rear End,3,Cloudy,Dry,Daylight
2024-07-25T22:37:00.000,I 85,I 85 and Hwy 98,,Rear End,2,Rain,Wet,Dark-Not Lighted
2024-03-10T12:32:00.000,I 85,I 85 and Hwy 98,,Rear End,2,Clear,Dry,Daylight
2024-07-13T02:04:00.000,I 85,I 85 and Hwy 98,,Rear End,2,Clear,Dry,Dark-Not Lighted
2024-08-17T14:27:00.000,I 85,I 85 and Hwy 98,,Rear End,2,Clear,Dry,Daylight
2024-10-08T11:38:00.000,I 85,I 85 and Hwy 98,,Rear End,3,Clear,Dry,Daylight
2024-05-30T11:55:00.000,I 85,I 85 and Hwy 98,,Rear End,2,Clear,Dry,Daylight
2021-06-22T17:03:00.000,I 85,I 85 and Hwy 92,,Head On,2,Clear,Dry,Daylight
2021-08-19T09:53:00.000,I 85,I 85 and Hwy 92,,Head On,3,Clear,Dry,Daylight
2020-09-24T18:03:00.000,I 85,I 85 and Hwy 92,,Sideswipe-Same Direction,3,Rain,Wet,Daylight
2021-11-02T14:50:00.000,I 85,I 85 and Hwy 92,,Rear End,2,Clear,Dry,Daylight
2022-01-11T18:03:00.000,I 85,I 85 and Hwy 92,,Sideswipe-Same Direction,2,Clear,Dry,Daylight
2022-05-10T20:56:00.000,I 85,I 85 and Hwy 92,,Sideswipe-Same Direction,3,Clear,Dry,Daylight
2021-07-06T15:43:00.000,I 85,I 85 and Hwy 92,,Head On,4,Clear,Dry,Daylight
2021-11-15T14:43:00.000,I 85,I 85 and Hwy 92,,Head On,2,Clear,Dry,Daylight
2022-01-20T16:59:00.000,I 85,I 85 and Hwy 92,,Head On,2,Cloudy,Dry,Daylight
2024-09-26T15:05:00.000,I 85,I 85 and Hwy 92,,Not a Collision with Motor Vehicle,1,Rain,Wet,Daylight
2024-05-25T10:27:00.000,I 85,I 85 and Hwy 92,,Rear End,2,Clear,Dry,Daylight
2024-04-26T17:34:00.000,I 85,I 85 and Hwy 92,,Rear End,2,Clear,Dry,Daylight
2024-05-25T10:27:00.000,I 85,I 85 and Hwy 92,,Not a Collision with Motor Vehicle,1,Rain,Wet,Dark-Lighted
2022-06-06T14:53:00.000,I 85,I 85 and Hwy 82 Spur Opas,,Not a Collision with Motor Vehicle,1,Clear,Dry,Daylight
2023-12-30T15:51:00.000,I 85,I 85 and Hwy 82 Spur,,Not a Collision with Motor Vehicle,1,Clear,Dry,Daylight
2020-02-13T07:33:00.000,I 85,I 85 and Hwy 82 Spur,,Not a Collision with Motor Vehicle,1,Rain,Dry,Dawn
2020-02-11T10:21:00.000,I 85,I 85 and Hwy 82 Spur,,Not a Collision with Motor Vehicle,1,Cloudy,Dry,Daylight
2022-06-26T07:13:00.000,I 85,I 85 and Hwy 82 Spur,,Not a Collision with Motor Vehicle,1,Clear,Dry,Dawn
2022-06-29T05:31:00.000,I 85,I 85 and Hwy 82 Spur,,Sideswipe-Same Direction,1,Clear,Dry,Dawn
2022-05-23T09:35:00.000,I 85,I 85 and Hwy 82 Spur,,Not a Collision with Motor Vehicle,1,Rain,Wet,Daylight
2024-11-30T10:22:00.000,I 85,I 85 and Hwy 82 Spur,,Angle Crash,2,Clear,Dry,Daylight
2023-02-18T09:07:00.000,I 85,I 85 and Hwy 82 Spur,,Not a Collision with Motor Vehicle,1,Clear,Dry,Daylight
2023-07-21T17:35:00.000,I 85,I 85 and Hwy 82 Spur,,Rear End,2,Cloudy,Dry,Daylight
2023-10-06T15:08:00.000,I 85,I 85 and Hwy 82 Spur,,Sideswipe-Same Direction,2,Clear,Dry,Daylight
2023-07-21T17:35:00.000,I 85,I 85 and Hwy 82 Spur,,Rear End,4,Cloudy,Dry,Daylight
2024-07-03T16:53:00.000,I 85,I 85 and Hwy 82 Spur,,Rear End,4,Clear,Dry,Daylight
2024-02-20T07:54:00.000,I 85,I 85 and Hwy 82 Spur,,Sideswipe-Same Direction,2,Clear,Dry,Daylight
2021-09-05T16:30:00.000,I 85,I 85 and Hwy 82,,Rear End,2,Clear,Dry,Daylight
2021-09-03T18:59:00.000,I 85,I 85 and Hwy 82,,Rear End,2,Clear,Dry,Daylight
2021-10-08T03:03:00.000,I 85,I 85 and Hwy 82,,Sideswipe-Same Direction,1,Rain,Wet,Dark-Not Lighted
2020-10-16T12:00:00.000,I 85,I 85 and Hwy 82,,Not a Collision with Motor Vehicle,2,Clear,Dry,Daylight
2020-06-29T06:15:00.000,I 85,I 85 and Hwy 82,,Sideswipe-Same Direction,1,Clear,Dry,Daylight
2023-05-03T23:30:00.000,I 85,I 85 and Hwy 82,,Rear End,2,Clear,Dry,Dark-Not Lighted
2023-06-29T16:01:00.000,I 85,I 85 and Hwy 82,,Not a Collision with Motor Vehicle,1,Clear,Dry,Daylight
2023-06-15T07:10:00.000,I 85,I 85 and Hwy 82,,Sideswipe-Same Direction,2,Cloudy,Dry,Daylight
2023-12-15T10:59:00.000,I 85,I 85 and Hwy 82,,Rear End,3,Clear,Dry,Daylight
2023-07-18T05:58:00.000,I 85,I 85 and Hwy 82,,Rear End,2,Clear,Dry,Daylight
2023-07-13T07:04:00.000,I 85,I 85 and Hwy 82,,Sideswipe-Same Direction,2,Clear,Dry,Daylight
2023-04-21T21:04:00.000,I 85,I 85 and Hwy 82,,Rear End,2,Clear,Dry,Dark-Not Lighted
2023-09-25T05:25:00.000,I 85,I 85 and Hwy 82,,Not a Collision with Motor Vehicle,1,Clear,Dry,Dark-Lighted
2023-05-27T11:45:00.000,I 85,I 85 and Hwy 82,,Rear End,2,Clear,Dry,Daylight
2023-06-09T08:31:00.000,I 85,I 85 and Hwy 82,,Sideswipe-Same Direction,1,Clear,Dry,Daylight
2023-05-09T03:22:00.000,I 85,I 85 and Hwy 82,,Rear End,2,Clear,Dry,Dark-Not Lighted
2023-11-26T11:26:00.000,I 85,I 85 and Hwy 82,,Rear End,2,Cloudy,Dry,Daylight
2022-12-15T04:33:00.000,I 85,I 85 and Hwy 82,,Sideswipe-Same Direction,2,Rain,Wet,Dark-Not Lighted
2022-12-31T17:31:00.000,I 85,I 85 and Hwy 82,,Rear End,3,Cloudy,Wet,Daylight
2020-01-30T06:49:00.000,I 85,I 85 and Hwy 82,,Rear End,2,Clear,Dry,Dark-Not Lighted
2020-09-06T18:23:00.000,I 85,I 85 and Hwy 82,,Rear End,2,Clear,Dry,Daylight
2020-05-18T22:00:00.000,I 85,I 85 and Hwy 82,,Sideswipe-Same Direction,2,Clear,Dry,Dark-Not Lighted
2020-09-15T04:09:00.000,I 85,I 85 and Hwy 82,,Sideswipe-Same Direction,2,Cloudy,Dry,Dark-Not Lighted
2020-07-31T19:57:00.000,I 85,I 85 and Hwy 82,,Not a Collision with Motor Vehicle,1,Rain,Wet,Daylight
2020-01-20T12:40:00.000,I 85,I 85 and Hwy 82,,Rear End,2,Clear,Dry,Daylight
2021-03-17T17:02:00.000,I 85,I 85 and Hwy 82,,Not a Collision with Motor Vehicle,1,Rain,Wet,Daylight
2021-07-24T23:38:00.000,I 85,I 85 and Hwy 82,,Not a Collision with Motor Vehicle,1,Rain,Wet,Dark-Not Lighted
2021-10-08T09:13:00.000,I 85,I 85 and Hwy 82,,Not a Collision with Motor Vehicle,1,Rain,Wet,Daylight
2022-10-16T15:30:00.000,I 85,I 85 and Hwy 82,,Rear End,2,Clear,Dry,Daylight
2022-08-30T03:20:00.000,I 85,I 85 and Hwy 82,,Rear End,2,Clear,Dry,Dark-Not Lighted
2022-08-27T11:48:00.000,I 85,I 85 and Hwy 82,,Sideswipe-Same Direction,2,Cloudy,Dry,Daylight
2022-12-28T06:39:00.000,I 85,I 85 and Hwy 82,,Sideswipe-Same Direction,2,Clear,Dry,Daylight
2022-09-03T03:27:00.000,I 85,I 85 and Hwy 82,,Not a Collision with Motor Vehicle,1,Cloudy,Wet,Dark-Not Lighted
2022-11-11T14:48:00.000,I 85,I 85 and Hwy 82,,Rear End,2,Rain,Wet,Daylight
2022-10-05T07:20:00.000,I 85,I 85 and Hwy 82,,Rear End,2,Clear,Dry,Daylight
2022-11-27T17:20:00.000,I 85,I 85 and Hwy 82,,Not a Collision with Motor Vehicle,1,Clear,Dry,Dusk
2022-12-26T13:19:00.000,I 85,I 85 and Hwy 82,,Rear End,2,Clear,Dry,Daylight
2022-11-22T15:46:00.000,I 85,I 85 and Hwy 82,,Rear End,2,Clear,Dry,Daylight
2022-06-24T13:17:00.000,I 85,I 85 and Hwy 82,,Rear End,2,Clear,Dry,Daylight
2022-08-23T06:06:00.000,I 85,I 85 and Hwy 82,,Rear End,2,Cloudy,Dry,Dawn
2023-03-05T18:48:00.000,I 85,I 85 and Hwy 82,,Rear End,2,Clear,Dry,Daylight
2024-05-19T19:13:00.000,I 85,I 85 and Hwy 82,,Sideswipe-Same Direction,2,Clear,Dry,Daylight
2023-07-22T11:02:00.000,I 85,I 85 and Hwy 82,,Sideswipe-Same Direction,2,Clear,Dry,Daylight
2023-01-13T15:10:00.000,I 85,I 85 and Hwy 82,,Rear End,2,Clear,Dry,Daylight
2023-08-19T13:46:00.000,I 85,I 85 and Hwy 82,,Not a Collision with Motor Vehicle,1,Clear,Dry,Daylight
2023-03-23T20:57:00.000,I 85,I 85 and Hwy 82,,Sideswipe-Same Direction,2,Clear,Dry,Dark-Not Lighted
2023-03-31T14:10:00.000,I 85,I 85 and Hwy 82,,Rear End,2,Cloudy,Dry,Daylight
2023-08-01T17:54:00.000,I 85,I 85 and Hwy 82,,Not a Collision with Motor Vehicle,1,Clear,Dry,Daylight
2023-06-11T12:00:00.000,I 85,I 85 and Hwy 82,,Not a Collision with Motor Vehicle,1,Rain,Wet,Daylight
2023-11-26T10:56:00.000,I 85,I 85 and Hwy 82,,Rear End,2,Cloudy,Dry,Daylight
2023-03-05T18:23:00.000,I 85,I 85 and Hwy 82,,Rear End,2,Clear,Dry,Daylight
2023-07-26T23:00:00.000,I 85,I 85 and Hwy 82,,Sideswipe-Same Direction,2,Clear,Dry,Dark-Not Lighted
2024-02-15T16:30:00.000,I 85,I 85 and Hwy 82,,Rear End,2,Clear,Dry,Daylight
2024-07-01T11:46:00.000,I 85,I 85 and Hwy 82,,Sideswipe-Same Direction,2,Clear,Dry,Daylight
2024-08-16T13:56:00.000,I 85,I 85 and Hwy 82,,Not a Collision with Motor Vehicle,1,Clear,Dry,Daylight
2024-02-02T10:38:00.000,I 85,I 85 and Hwy 82,,Sideswipe-Same Direction,2,Clear,Dry,Daylight
2024-07-18T18:17:00.000,I 85,I 85 and Hwy 82,,Rear End,2,Cloudy,Wet,Daylight
2024-10-03T21:50:00.000,I 85,I 85 and Hwy 82,,Rear End,2,Clear,Dry,Dark-Not Lighted
2024-10-03T13:29:00.000,I 85,I 85 and Hwy 82,,Sideswipe-Same Direction,3,Clear,Dry,Daylight
2024-07-11T06:17:00.000,I 85,I 85 and Hwy 82,,Rear End,2,Clear,Dry,Dark-Not Lighted
2024-08-22T20:45:00.000,I 85,I 85 and Hwy 82,,Sideswipe-Same Direction,2,Clear,Dry,Dark-Not Lighted
2024-10-08T14:31:00.000,I 85,I 85 and Hwy 82,,Rear End,2,Clear,Dry,Daylight
2024-09-01T04:00:00.000,I 85,I 85 and Hwy 82,,Not a Collision with Motor Vehicle,1,Clear,Dry,Dark-Not Lighted
2024-01-14T10:44:00.000,I 85,I 85 and Hwy 82,,Angle Crash,2,Clear,Dry,Daylight
2024-05-29T08:02:00.000,I 85,I 85 and Hwy 82,,Sideswipe-Same Direction,1,Clear,Dry,Daylight
2020-11-03T22:27:00.000,I 85,I 85 and Hwy 77,,Head On,1,Clear,Dry,Dark-Not Lighted
2024-07-27T01:25:00.000,I 85,I 85 and Hwy 77,,Not a Collision with Motor Vehicle,1,Rain,Wet,Dark-Lighted
2021-03-08T19:45:00.000,I 85,I 85 and Hwy 74,,Head On,2,Clear,Dry,Dark-Not Lighted
2021-04-16T08:16:00.000,I 85,I 85 and Hwy 74,,Sideswipe-Same Direction,2,Clear,Dry,Daylight
2021-02-14T03:52:00.000,I 85,I 85 and Hwy 74,,Head On,2,Clear,Wet,Dark-Not Lighted
2021-10-18T16:53:00.000,I 85,I 85 and Hwy 74,,Head On,2,Clear,Dry,Daylight
2021-11-08T07:53:00.000,I 85,I 85 and Hwy 74,,Rear End,2,Clear,Wet,Daylight
2021-07-10T20:12:00.000,I 85,I 85 and Hwy 74,,Rear End,2,Rain,Wet,Daylight
2021-08-09T08:44:00.000,I 85,I 85 and Hwy 74,,Sideswipe-Same Direction,2,Clear,Dry,Daylight
2021-05-16T04:27:00.000,I 85,I 85 and Hwy 74,,Head On,2,Cloudy,Dry,Dark-Not Lighted
2021-08-16T16:05:00.000,I 85,I 85 and Hwy 74,,Not a Collision with Motor Vehicle,1,Rain,Wet,Daylight
2021-09-23T15:56:00.000,I 85,I 85 and Hwy 74,,Rear End,2,Clear,Dry,Daylight
2021-11-10T06:40:00.000,I 85,I 85 and Hwy 74,,Rear End,2,Clear,Dry,Daylight
2021-10-11T15:46:00.000,I 85,I 85 and Hwy 74,,Head On,2,Clear,Dry,Daylight
2021-10-01T17:15:00.000,I 85,I 85 and Hwy 74,,Rear End,2,Clear,Dry,Daylight
2021-11-21T09:45:00.000,I 85,I 85 and Hwy 74,,Rear End,2,Clear,Dry,Daylight
2021-03-24T16:56:00.000,I 85,I 85 and Hwy 74,,Rear End,2,Clear,Dry,Daylight
2021-04-07T14:04:00.000,I 85,I 85 and Hwy 74,,Rear End,2,Clear,Dry,Daylight
2021-09-27T18:45:00.000,I 85,I 85 and Hwy 74,,Head On,2,Clear,Dry,Daylight
2021-10-06T15:25:00.000,I 85,I 85 and Hwy 74,,Head On,3,Cloudy,Dry,Daylight
2021-11-10T18:15:00.000,I 85,I 85 and Hwy 74,,Rear End,2,Clear,Dry,Dark-Not Lighted
2021-05-28T17:59:00.000,I 85,I 85 and Hwy 74,,Rear End,2,Cloudy,Dry,Daylight
2021-03-15T10:35:00.000,I 85,I 85 and Hwy 74,,Sideswipe-Same Direction,2,Clear,Dry,Daylight
2023-04-28T19:00:00.000,I 85,I 85 and Hwy 74,,Not a Collision with Motor Vehicle,1,Clear,Dry,Daylight
2023-02-25T17:33:00.000,I 85,I 85 and Hwy 74,,Rear End,2,Cloudy,Dry,Daylight
2023-02-07T07:45:00.000,I 85,I 85 and Hwy 74,,Angle Crash,2,Clear,Dry,Daylight
2023-03-09T19:45:00.000,I 85,I 85 and Hwy 74,,Not a Collision with Motor Vehicle,1,Rain,Wet,Dark-Lighted
2023-04-13T16:17:00.000,I 85,I 85 and Hwy 74,,Sideswipe-Same Direction,2,Rain,Wet,Daylight
2023-06-27T21:28:00.000,I 85,I 85 and Hwy 74,,Rear End,2,Clear,Dry,Dark-Not Lighted
2023-06-27T18:24:00.000,I 85,I 85 and Hwy 74,,Rear End,2,Clear,Dry,Daylight
2023-08-18T09:28:00.000,I 85,I 85 and Hwy 74,,(None),2,(None),(None),(None)
2023-03-20T11:45:00.000,I 85,I 85 and Hwy 74,,Angle Crash,2,Clear,Dry,Daylight
2022-04-18T04:30:00.000,I 85,I 85 and Hwy 74,,Rear End,2,Cloudy,Wet,Dark-Not Lighted
2022-08-06T16:22:00.000,I 85,I 85 and Hwy 74,,Rear End,2,Clear,Dry,Daylight
2022-07-22T22:20:00.000,I 85,I 85 and Hwy 74,,Not a Collision with Motor Vehicle,1,Cloudy,Dry,Dark-Not Lighted
2022-12-21T09:20:00.000,I 85,I 85 and Hwy 74,,Rear End,2,Cloudy,Dry,Daylight
2021-01-25T23:49:00.000,I 85,I 85 and Hwy 74,,Rear End,2,Clear,Dry,Dark-Lighted
2020-11-19T19:00:00.000,I 85,I 85 and Hwy 74,,Rear End,2,Clear,Dry,Dark-Lighted
2020-12-04T18:08:00.000,I 85,I 85 and Hwy 74,,Rear End,2,Cloudy,Wet,Dark-Lighted
2020-06-19T19:09:00.000,I 85,I 85 and Hwy 74,,Rear End,2,Clear,Dry,Daylight
2020-10-11T04:11:00.000,I 85,I 85 and Hwy 74,,Not a Collision with Motor Vehicle,1,(None),(None),(None)
2020-09-17T01:28:00.000,I 85,I 85 and Hwy 74,,Rear End,2,Rain,Wet,Dark-Not Lighted
2020-01-17T15:15:00.000,I 85,I 85 and Hwy 74,,Sideswipe-Same Direction,2,Clear,Dry,Daylight
2020-02-26T01:44:00.000,I 85,I 85 and Hwy 74,,Rear End,2,Clear,Dry,Dark-Not Lighted
2020-08-05T22:43:00.000,I 85,I 85 and Hwy 74,,Not a Collision with Motor Vehicle,1,Clear,Dry,Dark-Not Lighted
2020-01-28T22:55:00.000,I 85,I 85 and Hwy 74,,Sideswipe-Same Direction,2,Cloudy,Dry,Dark-Not Lighted
2020-12-15T18:03:00.000,I 85,I 85 and Hwy 74,,Rear End,2,Clear,Dry,Dark-Lighted
2021-04-15T12:20:00.000,I 85,I 85 and Hwy 74,,(None),2,(None),(None),(None)
2021-04-21T17:14:00.000,I 85,I 85 and Hwy 74,,Sideswipe-Same Direction,2,Clear,Dry,Daylight
2021-04-16T06:56:00.000,I 85,I 85 and Hwy 74,,Sideswipe-Same Direction,2,Clear,Dry,Daylight
2021-06-11T13:47:00.000,I 85,I 85 and Hwy 74,,Angle Crash,3,Clear,Dry,Daylight
2021-04-21T12:24:00.000,I 85,I 85 and Hwy 74,,Rear End,2,Clear,Dry,Daylight
2021-03-27T07:46:00.000,I 85,I 85 and Hwy 74,,Rear End,2,Fog,Dry,Daylight
2021-07-19T18:50:00.000,I 85,I 85 and Hwy 74,,Not a Collision with Motor Vehicle,1,Rain,Wet,Daylight
2021-11-01T13:37:00.000,I 85,I 85 and Hwy 74,,Head On,2,Clear,Dry,Daylight
2021-12-11T16:50:00.000,I 85,I 85 and Hwy 74,,Not a Collision with Motor Vehicle,1,Rain,Wet,Daylight
2021-07-10T20:12:00.000,I 85,I 85 and Hwy 74,,Rear End,2,Rain,Wet,Daylight
2022-05-23T09:33:00.000,I 85,I 85 and Hwy 74,,Sideswipe-Same Direction,2,Rain,Wet,Daylight
2022-11-04T07:05:00.000,I 85,I 85 and Hwy 74,,Sideswipe-Same Direction,2,Clear,Dry,Dark-Lighted
2022-04-07T18:55:00.000,I 85,I 85 and Hwy 74,,Sideswipe-Same Direction,2,Clear,Dry,Daylight
2021-11-26T12:55:00.000,I 85,I 85 and Hwy 74,,Rear End,2,Clear,Dry,Daylight
2022-08-25T17:25:00.000,I 85,I 85 and Hwy 74,,Not a Collision with Motor Vehicle,1,Rain,Wet,Daylight
2022-04-01T14:45:00.000,I 85,I 85 and Hwy 74,,Rear End,2,Clear,Dry,Daylight
2022-12-08T09:05:00.000,I 85,I 85 and Hwy 74,,Rear End,2,Cloudy,Dry,Daylight
2022-01-06T09:26:00.000,I 85,I 85 and Hwy 74,,Head On,2,Clear,Dry,Daylight
2022-04-25T22:50:00.000,I 85,I 85 and Hwy 74,,Not a Collision with Motor Vehicle,1,Cloudy,Dry,Dark-Not Lighted
2021-11-18T16:07:00.000,I 85,I 85 and Hwy 74,,Sideswipe-Same Direction,2,Cloudy,Dry,Daylight
2021-08-30T12:20:00.000,I 85,I 85 and Hwy 74,,Sideswipe-Same Direction,2,Clear,Dry,Daylight
2021-10-06T17:12:00.000,I 85,I 85 and Hwy 74,,Rear End,2,Clear,Dry,Daylight
2021-12-06T16:35:00.000,I 85,I 85 and Hwy 74,,Rear End,2,Cloudy,Wet,Daylight
2022-12-08T09:05:00.000,I 85,I 85 and Hwy 74,,Rear End,2,Cloudy,Dry,Daylight
2022-09-30T00:28:00.000,I 85,I 85 and Hwy 74,,Rear End,2,Clear,Dry,Dark-Lighted
2022-12-08T19:16:00.000,I 85,I 85 and Hwy 74,,Sideswipe-Same Direction,2,Cloudy,Dry,Dark-Not Lighted
2022-10-10T04:01:00.000,I 85,I 85 and Hwy 74,,Not a Collision with Motor Vehicle,1,Clear,Dry,Dark-Lighted
2022-04-11T20:50:00.000,I 85,I 85 and Hwy 74,,Rear End,2,Cloudy,Dry,Dark-Not Lighted
2022-07-06T04:52:00.000,I 85,I 85 and Hwy 74,,Rear End,2,Clear,Dry,Dark-Lighted
2022-07-16T01:58:00.000,I 85,I 85 and Hwy 74,,Rear End,1,Clear,Dry,Dark-Not Lighted
2022-09-15T08:27:00.000,I 85,I 85 and Hwy 74,,Sideswipe-Same Direction,2,Clear,Dry,Daylight
2022-04-30T23:05:00.000,I 85,I 85 and Hwy 74,,Rear End,2,Clear,Dry,Dark-Not Lighted
2022-03-04T22:00:00.000,I 85,I 85 and Hwy 74,,Rear End,2,Clear,Dry,Dark-Lighted
2022-08-13T03:28:00.000,I 85,I 85 and Hwy 74,,Rear End,2,Cloudy,Dry,Dark-Not Lighted
2022-10-07T06:44:00.000,I 85,I 85 and Hwy 74,,Rear End,2,Cloudy,Dry,Daylight
2022-05-05T07:32:00.000,I 85,I 85 and Hwy 74,,Rear End,5,Clear,Dry,Daylight
2022-01-05T16:37:00.000,I 85,I 85 and Hwy 74,,Not a Collision with Motor Vehicle,1,Clear,Dry,Daylight
2022-11-23T17:41:00.000,I 85,I 85 and Hwy 74,,Sideswipe-Same Direction,2,Cloudy,Dry,Dark-Not Lighted
2022-01-27T17:15:00.000,I 85,I 85 and Hwy 74,,Sideswipe-Same Direction,2,Clear,Dry,Daylight
2022-08-21T19:45:00.000,I 85,I 85 and Hwy 74,,Not a Collision with Motor Vehicle,1,Rain,Wet,Daylight
2023-08-07T18:05:00.000,I 85,I 85 and Hwy 74,,Rear End,2,Rain,Wet,Daylight
2024-07-10T16:20:00.000,I 85,I 85 and Hwy 74,,Rear End,2,Clear,Dry,Daylight
2024-06-21T08:00:00.000,I 85,I 85 and Hwy 74,,Rear End,2,Clear,Dry,Daylight