Date and Time,Roadway (From Crash Report),Intersection Name (from Crash Report),KABCO Severity,Manner of Collision (Crash Level) ,# of Vehicles per crash ,Weather Conditions (Crash Level),Surface Condition (Crash Level) ,Light Conditions (Crash Level)
2024-04-19T21:30:00.000,I 85,I 85 and Hwy 74,,Angle Crash,2,Clear,Dry,Daylight
2024-02-29T06:35:00.000,I 85,I 85 and Hwy 74,,Angle Crash,2,Clear,Dry,Dark-Not Lighted
2024-04-10T07:52:00.000,I 85,I 85 and Hwy 74,,Rear End,2,Cloudy,Dry,Daylight
2024-02-02T17:24:00.000,I 85,I 85 and Hwy 74,,Rear End,2,Clear,Dry,Daylight
2024-03-01T08:20:00.000,I 85,I 85 and Hwy 74,,Not a Collision with Motor Vehicle,1,Rain,Wet,Daylight
2024-04-08T22:23:00.000,I 85,I 85 and Hwy 74,,Not a Collision with Motor Vehicle,1,Clear,Dry,Dark-Lighted
2024-02-12T17:40:00.000,I 85,I 85 and Hwy 74,,Rear End,2,Cloudy,Dry,Daylight
2024-05-17T16:16:00.000,I 85,I 85 and Hwy 74,,Rear End,2,Cloudy,Dry,Daylight
2023-02-08T14:52:00.000,I 85,I 85 and Hwy 63,,Sideswipe-Same Direction,2,Clear,Dry,Daylight
2024-03-01T11:02:00.000,I 85,I 85 and Hwy 63,,Not a Collision with Motor Vehicle,1,Rain,Wet,Daylight
2022-06-19T23:50:00.000,I 85,I 85 and Hwy 60 Opas,,Rear End,2,Clear,Dry,Dark-Not Lighted
2022-06-08T05:15:00.000,I 85,I 85 and Hwy 60 Opas,,Rear End,2,Cloudy,Dry,Dark-Not Lighted
2021-05-21T14:05:00.000,I 85,I 85 and Hwy 60 Brg,,Not a Collision with Motor Vehicle,1,Clear,Dry,Daylight
2021-05-21T14:05:00.000,I 85,I 85 and Hwy 60 Brg,,Not a Collision with Motor Vehicle,1,Clear,Dry,Daylight
2021-12-17T08:21:00.000,I 85,I 85 and Hwy 60,,Sideswipe-Same Direction,2,Cloudy,Dry,Daylight
2020-12-09T09:23:00.000,I 85,I 85 and Hwy 60,,Rear End,2,Clear,Dry,Daylight
2020-01-21T19:29:00.000,I 85,I 85 and Hwy 60,,Sideswipe-Same Direction,2,Clear,Dry,Dark-Not Lighted
2022-06-02T09:19:00.000,I 85,I 85 and Hwy 60,,Not a Collision with Motor Vehicle,1,Clear,Dry,Daylight
2022-07-12T08:28:00.000,I 85,I 85 and Hwy 60,,Sideswipe-Same Direction,2,Clear,Dry,Daylight
2022-02-17T12:22:00.000,I 85,I 85 and Hwy 60,,Rear End,3,Cloudy,Dry,Daylight
2022-08-18T07:07:00.000,I 85,I 85 and Hwy 60,,Not a Collision with Motor Vehicle,1,Rain,Wet,Daylight
2022-07-17T13:23:00.000,I 85,I 85 and Hwy 60,,Rear End,2,Clear,Dry,Daylight
2023-06-16T15:13:00.000,I 85,I 85 and Hwy 60,,Rear End,2,Clear,Dry,Daylight
2023-08-23T18:35:00.000,I 85,I 85 and Hwy 60,,Rear End,2,Clear,Dry,Daylight
2024-05-19T17:24:00.000,I 85,I 85 and Hwy 60,,Sideswipe-Same Direction,2,Clear,Dry,Daylight
2024-06-10T07:14:00.000,I 85,I 85 and Hwy 60,,Sideswipe-Same Direction,2,Rain,Wet,Daylight
2023-10-25T19:17:00.000,I 85,I 85 and Hwy 59,,Rear End,1,Clear,Dry,Dark-Not Lighted
2020-12-24T08:01:00.000,I 85,I 85 and Hwy 54,,Not a Collision with Motor Vehicle,1,Rain,Wet,Dawn
2020-10-02T13:37:00.000,I 85,I 85 and Hwy 54,,Not a Collision with Motor Vehicle,1,Clear,Dry,Daylight
2021-10-11T13:40:00.000,I 85,I 85 and Hwy 53 Opas,,Sideswipe-Same Direction,2,Cloudy,Dry,Daylight
2021-03-09T10:10:00.000,I 85,I 85 and Hwy 53,,Rear End,2,Clear,Dry,Daylight
2021-12-30T06:21:00.000,I 85,I 85 and Hwy 53,,Not a Collision with Motor Vehicle,1,Rain,Wet,Dark-Lighted
2021-10-02T08:01:00.000,I 85,I 85 and Hwy 53,,Not a Collision with Motor Vehicle,2,Cloudy,Dry,Daylight
2021-10-12T04:37:00.000,I 85,I 85 and Hwy 53,,Sideswipe-Same Direction,2,Clear,Dry,Dark-Not Lighted
2021-10-28T14:43:00.000,I 85,I 85 and Hwy 53,,Rear End,2,Rain,Dry,Daylight
2021-08-17T09:09:00.000,I 85,I 85 and Hwy 53,,Rear End,2,Severe Thunderstorm or Tornadic,Wet,Daylight
2021-11-27T15:12:00.000,I 85,I 85 and Hwy 53,,Rear End,3,Clear,Dry,Daylight
2021-09-16T18:10:00.000,I 85,I 85 and Hwy 53,,Rear End,2,Cloudy,Dry,Daylight
2021-11-08T23:35:00.000,I 85,I 85 and Hwy 53,,Rear End,2,Clear,Dry,Dark-Not Lighted
2021-12-30T10:03:00.000,I 85,I 85 and Hwy 53,,Angle Crash,2,Rain,Water (standing or moving),Daylight
2021-04-15T19:28:00.000,I 85,I 85 and Hwy 53,,Not a Collision with Motor Vehicle,1,Clear,Dry,Daylight
2023-03-19T13:55:00.000,I 85,I 85 and Hwy 53,,Rear End,3,Clear,Dry,Daylight
2023-03-27T10:21:00.000,I 85,I 85 and Hwy 53,,Not a Collision with Motor Vehicle,1,Rain,Wet,Daylight
2023-11-30T09:48:00.000,I 85,I 85 and Hwy 53,,Not a Collision with Motor Vehicle,1,Clear,Dry,Daylight
2023-01-23T14:47:00.000,I 85,I 85 and Hwy 53,,Angle Crash,2,Clear,Dry,Daylight
2023-10-14T12:27:00.000,I 85,I 85 and Hwy 53,,Rear End,2,Clear,Dry,Daylight
2023-02-18T03:30:00.000,I 85,I 85 and Hwy 53,,Sideswipe-Same Direction,2,Clear,Dry,Dark-Lighted
2023-02-14T11:25:00.000,I 85,I 85 and Hwy 53,,Sideswipe-Same Direction,2,Clear,Dry,Daylight
2023-04-10T00:34:00.000,I 85,I 85 and Hwy 53,,Sideswipe-Same Direction,2,Clear,Dry,Dark-Not Lighted
2023-12-01T13:32:00.000,I 85,I 85 and Hwy 53,,Not a Collision with Motor Vehicle,2,Cloudy,Wet,Daylight
2023-09-14T03:44:00.000,I 85,I 85 and Hwy 53,,Sideswipe-Same Direction,2,Clear,Dry,Dark-Not Lighted
2022-09-04T11:45:00.000,I 85,I 85 and Hwy 53,,Rear End,2,Cloudy,Wet,Daylight
2020-10-11T14:50:00.000,I 85,I 85 and Hwy 53,,Rear End,2,Rain,Wet,Daylight
2020-07-13T18:48:00.000,I 85,I 85 and Hwy 53,,Not a Collision with Motor Vehicle,1,Clear,Dry,Daylight
2020-06-07T15:38:00.000,I 85,I 85 and Hwy 53,,Rear End,2,Clear,Dry,Daylight
2020-06-30T17:37:00.000,I 85,I 85 and Hwy 53,,Rear End,2,Clear,Dry,Daylight
2020-07-06T21:28:00.000,I 85,I 85 and Hwy 53,,Rear End,2,Rain,Wet,Dark-Not Lighted
2020-02-02T15:30:00.000,I 85,I 85 and Hwy 53,,Not a Collision with Motor Vehicle,1,Clear,Dry,Daylight
2020-12-17T15:40:00.000,I 85,I 85 and Hwy 53,,Not a Collision with Motor Vehicle,1,Clear,Dry,Daylight
2020-02-20T12:42:00.000,I 85,I 85 and Hwy 53,,Not a Collision with Motor Vehicle,1,Rain,Wet,Daylight
2020-03-14T03:19:00.000,I 85,I 85 and Hwy 53,,Not a Collision with Motor Vehicle,1,Clear,Dry,Dark-Not Lighted
2020-01-05T13:00:00.000,I 85,I 85 and Hwy 53,,Not a Collision with Motor Vehicle,1,Clear,Dry,Daylight
2020-08-21T23:25:00.000,I 85,I 85 and Hwy 53,,Sideswipe-Same Direction,2,Clear,Dry,Dark-Not Lighted
2020-10-16T18:39:00.000,I 85,I 85 and Hwy 53,,Rear End,2,Clear,Dry,Daylight
2020-10-12T13:53:00.000,I 85,I 85 and Hwy 53,,Sideswipe-Same Direction,2,Cloudy,Dry,Daylight
2020-10-14T08:57:00.000,I 85,I 85 and Hwy 53,,Rear End,2,Clear,Dry,Daylight
2021-01-01T10:32:00.000,I 85,I 85 and Hwy 53,,Not a Collision with Motor Vehicle,1,Rain,Water (standing or moving),Daylight
2021-01-28T15:40:00.000,I 85,I 85 and Hwy 53,,Sideswipe-Same Direction,2,Clear,Dry,Daylight
2021-05-28T17:56:00.000,I 85,I 85 and Hwy 53,,Rear End,2,Clear,Dry,Daylight
2021-04-10T16:03:00.000,I 85,I 85 and Hwy 53,,Not a Collision with Motor Vehicle,1,Rain,Wet,Daylight
2021-12-30T08:00:00.000,I 85,I 85 and Hwy 53,,Not a Collision with Motor Vehicle,1,Rain,Wet,Daylight
2021-07-14T11:55:00.000,I 85,I 85 and Hwy 53,,Rear End,4,Cloudy,Dry,Daylight
2021-08-25T22:59:00.000,I 85,I 85 and Hwy 53,,Sideswipe-Same Direction,2,Cloudy,Wet,Dark-Not Lighted
2021-10-28T07:00:00.000,I 85,I 85 and Hwy 53,,Sideswipe-Same Direction,2,Rain,Wet,Dark-Not Lighted
2021-10-06T10:51:00.000,I 85,I 85 and Hwy 53,,Rear End,2,Rain,Wet,Daylight
2021-07-29T19:03:00.000,I 85,I 85 and Hwy 53,,Rear End,2,Clear,Dry,Daylight
2022-06-16T18:56:00.000,I 85,I 85 and Hwy 53,,Sideswipe-Same Direction,2,Clear,Dry,Daylight
2022-08-02T03:40:00.000,I 85,I 85 and Hwy 53,,Not a Collision with Motor Vehicle,1,Clear,Dry,Dark-Not Lighted
2022-02-24T01:00:00.000,I 85,I 85 and Hwy 53,,Not a Collision with Motor Vehicle,1,Clear,Dry,Dark-Not Lighted
2021-11-26T16:55:00.000,I 85,I 85 and Hwy 53,,Rear End,2,Clear,Dry,Daylight
2021-10-06T11:09:00.000,I 85,I 85 and Hwy 53,,Sideswipe-Same Direction,2,Cloudy,Wet,Daylight
2022-02-21T03:03:00.000,I 85,I 85 and Hwy 53,,Rear End,2,Clear,Dry,Dark-Lighted
2022-07-24T12:54:00.000,I 85,I 85 and Hwy 53,,Rear End,2,Clear,Dry,Daylight
2022-08-01T23:28:00.000,I 85,I 85 and Hwy 53,,Rear End,2,Clear,Dry,Dark-Not Lighted
2022-07-28T18:07:00.000,I 85,I 85 and Hwy 53,,Sideswipe-Same Direction,2,Clear,Dry,Daylight
2022-05-11T23:45:00.000,I 85,I 85 and Hwy 53,,Sideswipe-Same Direction,2,Clear,Dry,Dark-Not Lighted
2022-05-20T02:18:00.000,I 85,I 85 and Hwy 53,,Sideswipe-Same Direction,2,Clear,Dry,Dark-Not Lighted
2021-12-30T06:43:00.000,I 85,I 85 and Hwy 53,,Not a Collision with Motor Vehicle,1,Rain,Water (standing or moving),Dark-Not Lighted
2021-11-28T10:50:00.000,I 85,I 85 and Hwy 53,,Rear End,2,Clear,Dry,Daylight
2022-08-01T17:19:00.000,I 85,I 85 and Hwy 53,,Sideswipe-Same Direction,2,Rain,Dry,Daylight
2022-06-08T10:10:00.000,I 85,I 85 and Hwy 53,,Rear End,2,Cloudy,Dry,Daylight
2022-07-10T17:03:00.000,I 85,I 85 and Hwy 53,,Rear End,3,Clear,Wet,Daylight
2022-09-14T17:26:00.000,I 85,I 85 and Hwy 53,,Rear End,2,Clear,Dry,Daylight
2022-07-11T10:09:00.000,I 85,I 85 and Hwy 53,,Sideswipe-Same Direction,2,Clear,Dry,Daylight
2022-05-05T17:14:00.000,I 85,I 85 and Hwy 53,,Sideswipe-Same Direction,2,Clear,Dry,Daylight
2022-07-10T18:13:00.000,I 85,I 85 and Hwy 53,,Rear End,2,Clear,Dry,Daylight
2022-07-22T14:43:00.000,I 85,I 85 and Hwy 53,,Rear End,2,Cloudy,Dry,Daylight
2022-04-26T14:29:00.000,I 85,I 85 and Hwy 53,,Rear End,2,Cloudy,Dry,Daylight
2022-05-14T08:46:00.000,I 85,I 85 and Hwy 53,,Rear End,2,Clear,Dry,Daylight
2022-04-25T10:42:00.000,I 85,I 85 and Hwy 53,,Sideswipe-Same Direction,2,Clear,Dry,Daylight
2022-10-25T20:36:00.000,I 85,I 85 and Hwy 53,,Sideswipe-Same Direction,2,Clear,Dry,Dark-Lighted
2022-02-05T03:46:00.000,I 85,I 85 and Hwy 53,,Head On,1,Clear,Dry,Dark-Not Lighted
2022-07-29T16:14:00.000,I 85,I 85 and Hwy 53,,Rear End,2,Rain,Wet,Daylight
2022-04-25T08:58:00.000,I 85,I 85 and Hwy 53,,Not a Collision with Motor Vehicle,1,Clear,Dry,Daylight
2022-04-21T22:41:00.000,I 85,I 85 and Hwy 53,,Sideswipe-Same Direction,2,Clear,Dry,Dark-Lighted
2022-05-19T08:55:00.000,I 85,I 85 and Hwy 53,,Sideswipe-Same Direction,2,Clear,Dry,Daylight
2022-07-09T16:58:00.000,I 85,I 85 and Hwy 53,,Angle Crash,2,Clear,Dry,Daylight
2022-12-09T08:15:00.000,I 85,I 85 and Hwy 53,,Sideswipe-Same Direction,2,Rain,Wet,Dawn
2022-04-25T11:11:00.000,I 85,I 85 and Hwy 53,,Not a Collision with Motor Vehicle,2,Clear,Dry,Daylight
2022-02-11T11:47:00.000,I 85,I 85 and Hwy 53,,Sideswipe-Same Direction,2,Clear,Dry,Daylight
2022-04-13T02:42:00.000,I 85,I 85 and Hwy 53,,Sideswipe-Same Direction,2,Clear,Dry,Dark-Lighted
2022-07-30T15:42:00.000,I 85,I 85 and Hwy 53,,Rear End,2,Clear,Dry,Daylight
2024-10-26T05:35:00.000,I 85,I 85 and Hwy 53,,Rear End,2,Clear,Dry,Dark-Not Lighted
2024-01-04T07:25:00.000,I 85,I 85 and Hwy 53,,Sideswipe-Same Direction,2,Clear,Dry,Dawn
2023-01-26T17:00:00.000,I 85,I 85 and Hwy 53,,Sideswipe-Same Direction,3,Clear,Dry,Daylight
2023-02-26T12:40:00.000,I 85,I 85 and Hwy 53,,Rear End,2,Cloudy,Dry,Daylight
2023-03-03T22:41:00.000,I 85,I 85 and Hwy 53,,Sideswipe-Same Direction,2,Clear,Dry,Dark-Lighted
2023-10-19T19:25:00.000,I 85,I 85 and Hwy 53,,Sideswipe-Same Direction,2,Clear,Dry,Dark-Lighted
2023-08-06T00:40:00.000,I 85,I 85 and Hwy 53,,Rear End,2,Clear,Dry,Dark-Not Lighted
2024-05-30T22:14:00.000,I 85,I 85 and Hwy 53,,Not a Collision with Motor Vehicle,1,Clear,Dry,Dark-Not Lighted
2024-08-26T03:59:00.000,I 85,I 85 and Hwy 53,,Rear End,2,Clear,Dry,Dark-Not Lighted
2024-12-27T18:00:00.000,I 85,I 85 and Hwy 53,,Sideswipe-Same Direction,2,Rain,Wet,Dark-Lighted
2024-08-20T17:12:00.000,I 85,I 85 and Hwy 53,,Sideswipe-Same Direction,2,Clear,Dry,Daylight
2024-01-18T14:15:00.000,I 85,I 85 and Hwy 53,,Sideswipe-Same Direction,2,Clear,Dry,Daylight
2024-12-09T18:25:00.000,I 85,I 85 and Hwy 53,,Rear End,2,Rain,Wet,Dark-Not Lighted
2024-04-03T14:03:00.000,I 85,I 85 and Hwy 53,,Rear End,2,Clear,Dry,Daylight
2024-04-07T14:00:00.000,I 85,I 85 and Hwy 53,,Sideswipe-Same Direction,2,Clear,Dry,Daylight
2020-10-18T19:16:00.000,I 85,I 85 and Hwy 51 Old Federal Rd,,Rear End,2,Clear,Dry,Dark-Not Lighted
2022-11-19T00:00:00.000,I 85,I 85 and Hwy 51 Exit Rp,,Not a Collision with Motor Vehicle,1,Clear,Dry,Dark-Not Lighted
2023-04-13T04:28:00.000,I 85,I 85 and Hwy 51,,Rear End,2,Clear,Dry,Dark-Not Lighted
2020-10-01T20:09:00.000,I 85,I 85 and Hwy 51,,Rear End,1,Clear,Dry,Dark-Lighted
2020-12-02T01:41:00.000,I 85,I 85 and Hwy 51,,Head On,1,Clear,Dry,Dark-Not Lighted
2021-10-18T01:29:00.000,I 85,I 85 and Hwy 51,,Rear End,2,Clear,Dry,(None)
2021-11-18T06:36:00.000,I 85,I 85 and Hwy 441 Opas,,Not a Collision with Motor Vehicle,1,Clear,Dry,Daylight
2021-05-19T16:28:00.000,I 85,I 85 and Hwy 441,,Angle Crash,3,Clear,Dry,Daylight
2021-05-19T16:28:00.000,I 85,I 85 and Hwy 441,,Rear End,2,Clear,Dry,Daylight
2023-12-06T23:10:00.000,I 85,I 85 and Hwy 441,,Sideswipe-Same Direction,2,Clear,Dry,Dark-Not Lighted
2023-02-07T08:18:00.000,I 85,I 85 and Hwy 441,,Rear End,2,Clear,Dry,Daylight
2022-11-09T00:21:00.000,I 85,I 85 and Hwy 441,,Not a Collision with Motor Vehicle,1,Clear,Dry,Dark-Not Lighted
2022-07-29T19:45:00.000,I 85,I 85 and Hwy 441,,Sideswipe-Same Direction,2,Clear,Dry,Daylight
2022-12-25T16:45:00.000,I 85,I 85 and Hwy 441,,Not a Collision with Motor Vehicle,1,Clear,Dry,Daylight
2022-05-04T16:12:00.000,I 85,I 85 and Hwy 441,,Sideswipe-Same Direction,2,Clear,Dry,Daylight
2024-01-27T10:53:00.000,I 85,I 85 and Hwy 441,,Rear End,2,Rain,Wet,Daylight
2024-06-14T03:18:00.000,I 85,I 85 and Hwy 441,,Rear End,2,Clear,Dry,Dark-Not Lighted
2023-07-02T06:08:00.000,I 85,I 85 and Hwy 441,,Not a Collision with Motor Vehicle,1,Fog,Dry,Dawn
2023-12-09T16:15:00.000,I 85,I 85 and Hwy 441,,Not a Collision with Motor Vehicle,1,Rain,Wet,Dusk
2023-12-10T18:30:00.000,I 85,I 85 and Hwy 441,,Sideswipe-Same Direction,2,Rain,Wet,Dark-Not Lighted
2023-04-30T13:58:00.000,I 85,I 85 and Hwy 441,,Sideswipe-Same Direction,2,Clear,Dry,Daylight
2024-12-23T17:55:00.000,I 85,I 85 and Hwy 441,,Rear End,2,Clear,Dry,Dark-Lighted
2024-09-09T22:40:00.000,I 85,I 85 and Hwy 441,,Sideswipe-Same Direction,2,Clear,Dry,Dark-Not Lighted
2024-03-10T00:52:00.000,I 85,I 85 and Hwy 441,,Sideswipe-Same Direction,2,Clear,Dry,Dark-Not Lighted
2024-03-11T16:08:00.000,I 85,I 85 and Hwy 441,,Rear End,2,Clear,Dry,Daylight
2024-10-18T14:48:00.000,I 85,I 85 and Hwy 441,,Rear End,2,Clear,Dry,Daylight
2024-10-22T23:05:00.000,I 85,I 85 and Hwy 441,,Rear End,2,Clear,Dry,Dark-Not Lighted
2024-02-27T15:50:00.000,I 85,I 85 and Hwy 441,,Rear End,2,Cloudy,Dry,Daylight
2024-04-08T17:38:00.000,I 85,I 85 and Hwy 441,,Sideswipe-Same Direction,2,Clear,Dry,Daylight
2024-11-09T18:04:00.000,I 85,I 85 and Hwy 441,,Rear End,2,Clear,Dry,Dark-Not Lighted
2024-02-10T12:56:00.000,I 85,I 85 and Hwy 441,,Rear End,2,Cloudy,Dry,Daylight
2021-12-20T07:00:00.000,I 85,I 85 and Hwy 332,,Rear End,2,Clear,Dry,Dawn
2021-10-16T15:16:00.000,I 85,I 85 and Hwy 332,,Sideswipe-Same Direction,2,Clear,Dry,Daylight
2021-12-20T07:00:00.000,I 85,I 85 and Hwy 332,,Rear End,2,Clear,Dry,Dawn
2022-08-13T15:58:00.000,I 85,I 85 and Hwy 332,,Sideswipe-Same Direction,2,Clear,Dry,Daylight
2022-08-08T11:15:00.000,I 85,I 85 and Hwy 332,,Sideswipe-Same Direction,2,Clear,Dry,Daylight
2021-11-02T07:07:00.000,I 85,I 85 and Hwy 332,,Rear End,2,Clear,Dry,Dark-Not Lighted
2021-12-15T07:33:00.000,I 85,I 85 and Hwy 332,,Rear End,2,Clear,Dry,Dark-Not Lighted
2022-03-03T08:20:00.000,I 85,I 85 and Hwy 332,,Rear End,2,Clear,Dry,Daylight
2023-05-19T12:36:00.000,I 85,I 85 and Hwy 332,,Rear End,2,Clear,Dry,Daylight
2024-03-19T07:41:00.000,I 85,I 85 and Hwy 332,,Sideswipe-Same Direction,2,Clear,Dry,Daylight
2024-04-30T06:09:00.000,I 85,I 85 and Hwy 332,,Sideswipe-Same Direction,2,Cloudy,Dry,Daylight
2023-01-28T11:05:00.000,I 85,I 85 and Hwy 332,,Sideswipe-Same Direction,2,Clear,Dry,Daylight
2024-03-28T14:26:00.000,I 85,I 85 and Hwy 332,,Sideswipe-Same Direction,2,Clear,Dry,Daylight
2024-03-27T15:54:00.000,I 85,I 85 and Hwy 332,,Sideswipe-Same Direction,2,Clear,Dry,Daylight
2020-10-29T05:14:00.000,I 85,I 85 and Hwy 320,,Angle Crash,1,Rain,Wet,Dark-Not Lighted
2020-10-11T23:50:00.000,I 85,I 85 and Hwy 320,,Not a Collision with Motor Vehicle,1,Rain,Wet,Dark-Not Lighted
2020-10-21T04:20:00.000,I 85,I 85 and Hwy 320,,Sideswipe-Same Direction,2,Clear,Dry,Dark-Lighted
2024-07-12T15:10:00.000,I 85,I 85 and Hwy 320,,Sideswipe-Same Direction,2,Clear,Dry,Daylight
2023-11-22T18:55:00.000,I 85,I 85 and Hwy 320,,Rear End,2,Clear,Dry,Dark-Not Lighted
2024-11-03T21:50:00.000,I 85,I 85 and Hwy 320,,Rear End,2,Clear,Dry,Dark-Not Lighted
2022-03-30T07:10:00.000,I 85,I 85 and Hwy 316,,Rear End,2,Cloudy,Dry,Daylight
2023-01-07T06:09:00.000,I 85,I 85 and Hwy 316,,Rear End,2,Clear,Dry,Dark-Not Lighted
2024-08-09T05:45:00.000,I 85,I 85 and Hwy 316,,Not a Collision with Motor Vehicle,1,Clear,Dry,Daylight
2024-01-30T06:11:00.000,I 85,I 85 and Hwy 316,,Angle Crash,2,Clear,Dry,Dark-Lighted
2021-08-10T16:04:00.000,I 85,I 85 and Hwy 29,,Not a Collision with Motor Vehicle,1,Rain,Wet,Daylight
2020-04-17T15:00:00.000,I 85,I 85 and Hwy 29,,Rear End,2,Clear,Dry,Daylight
2021-11-11T12:48:00.000,I 85,I 85 and Hwy 29,,Rear End,2,Clear,Dry,Daylight
2022-12-31T12:36:00.000,I 85,I 85 and Hwy 29,,Not a Collision with Motor Vehicle,1,Rain,Wet,Daylight
2022-07-01T19:10:00.000,I 85,I 85 and Hwy 29,,Not a Collision with Motor Vehicle,1,Cloudy,Dry,Daylight
2024-11-15T20:02:00.000,I 85,I 85 and Hwy 29,,Sideswipe-Same Direction,2,Clear,Dry,Dark-Not Lighted
2024-09-21T11:35:00.000,I 85,I 85 and Hwy 29,,Rear End,2,Clear,Dry,Daylight
2024-01-25T07:08:00.000,I 85,I 85 and Hwy 29,,Not a Collision with Motor Vehicle,1,Rain,Wet,Dark-Not Lighted
2024-02-17T19:48:00.000,I 85,I 85 and Hwy 29,,Sideswipe-Same Direction,2,Cloudy,Dry,Dark-Not Lighted
2024-01-25T07:08:00.000,I 85,I 85 and Hwy 29,,Rear End,2,Rain,Wet,Dark-Not Lighted
2024-08-06T09:14:00.000,I 85,I 85 and Hwy 29,,Rear End,2,Clear,Dry,Daylight
2022-08-25T06:00:00.000,I 85,I 85 and Hwy 219,,Sideswipe-Same Direction,2,Rain,Wet,Dark-Not Lighted
2022-07-09T14:52:00.000,I 85,I 85 and Hwy 211 Opas,,Not a Collision with Motor Vehicle,1,Clear,Dry,Daylight
2023-06-09T16:38:00.000,I 85,I 85 and Hwy 211 Mm 126,,Rear End,3,Clear,Dry,Daylight
2022-08-28T20:50:00.000,I 85,I 85 and Hwy 211 County Line,,Rear End,2,Clear,Dry,Dark-Not Lighted
2021-05-09T17:34:00.000,I 85,I 85 and Hwy 211,,Sideswipe-Same Direction,2,Clear,Dry,Daylight
2021-11-15T18:09:00.000,I 85,I 85 and Hwy 211,,Rear End,2,Clear,Dry,Dark-Lighted
2021-12-06T15:36:00.000,I 85,I 85 and Hwy 211,,Sideswipe-Same Direction,2,Cloudy,Wet,Daylight
2021-07-09T21:34:00.000,I 85,I 85 and Hwy 211,,Sideswipe-Same Direction,2,Clear,Dry,Dark-Not Lighted
2021-10-17T11:22:00.000,I 85,I 85 and Hwy 211,,Rear End,2,Clear,Dry,Daylight
2023-03-04T14:55:00.000,I 85,I 85 and Hwy 211,,Not a Collision with Motor Vehicle,1,Clear,Dry,Daylight
2023-06-02T00:28:00.000,I 85,I 85 and Hwy 211,,Rear End,2,Clear,Dry,Dark-Not Lighted
2023-09-28T06:07:00.000,I 85,I 85 and Hwy 211,,Sideswipe-Same Direction,2,Clear,Dry,Dark-Not Lighted
2023-12-03T07:07:00.000,I 85,I 85 and Hwy 211,,Not a Collision with Motor Vehicle,1,Rain,Water (standing or moving),Dawn
2020-03-05T13:29:00.000,I 85,I 85 and Hwy 211,,Not a Collision with Motor Vehicle,1,Rain,Wet,Daylight
2020-04-01T21:29:00.000,I 85,I 85 and Hwy 211,,Not a Collision with Motor Vehicle,1,Clear,Dry,Dark-Not Lighted
2022-02-01T16:58:00.000,I 85,I 85 and Hwy 211,,Rear End,2,Clear,Dry,Daylight
2022-08-11T15:26:00.000,I 85,I 85 and Hwy 211,,Sideswipe-Same Direction,2,Clear,Dry,Daylight
2022-07-12T13:03:00.000,I 85,I 85 and Hwy 211,,Sideswipe-Same Direction,2,Clear,Dry,Daylight
2022-06-22T12:35:00.000,I 85,I 85 and Hwy 211,,Angle Crash,2,Clear,Dry,Daylight
2022-02-14T17:51:00.000,I 85,I 85 and Hwy 211,,Sideswipe-Same Direction,2,Clear,Dry,Daylight
2022-05-17T15:29:00.000,I 85,I 85 and Hwy 211,,Rear End,2,Clear,Dry,Daylight
2022-09-14T00:13:00.000,I 85,I 85 and Hwy 211,,Rear End,2,Clear,Dry,Dark-Not Lighted
2022-01-23T16:02:00.000,I 85,I 85 and Hwy 211,,Not a Collision with Motor Vehicle,1,Clear,Dry,Daylight
2022-06-16T17:41:00.000,I 85,I 85 and Hwy 211,,Rear End,2,Clear,Dry,Daylight
2024-09-26T18:30:00.000,I 85,I 85 and Hwy 211,,Not a Collision with Motor Vehicle,1,Rain,Wet,Daylight
2023-11-02T17:49:00.000,I 85,I 85 and Hwy 211,,Sideswipe-Same Direction,2,Clear,Dry,Daylight
2024-12-14T16:42:00.000,I 85,I 85 and Hwy 211,,Angle Crash,2,Cloudy,Dry,Daylight
2023-12-09T20:02:00.000,I 85,I 85 and Hwy 211,,Sideswipe-Same Direction,2,Rain,Wet,Dark-Lighted
2023-09-05T09:52:00.000,I 85,I 85 and Hwy 211,,Rear End,2,Clear,Dry,Daylight
2023-05-04T18:04:00.000,I 85,I 85 and Hwy 211,,Rear End,3,Clear,Dry,Daylight
2024-10-30T12:20:00.000,I 85,I 85 and Hwy 211,,Not a Collision with Motor Vehicle,1,Clear,Dry,Dark-Lighted
2024-10-10T10:54:00.000,I 85,I 85 and Hwy 211,,Rear End,4,Clear,Dry,Daylight
2024-12-01T04:30:00.000,I 85,I 85 and Hwy 211,,Rear End,2,Clear,Dry,Dark-Lighted
2024-11-19T08:58:00.000,I 85,I 85 and Hwy 211,,Not a Collision with Motor Vehicle,1,Cloudy,Wet,Daylight
2024-05-22T09:50:00.000,I 85,I 85 and Hwy 211,,Angle Crash,2,Clear,Dry,Daylight
2021-11-09T05:13:00.000,I 85,I 85 and Hwy 198 Opas,,Not a Collision with Motor Vehicle,1,Clear,Dry,Dark-Not Lighted
2020-04-17T05:30:00.000,I 85,I 85 and Hwy 198,,(None),2,(None),(None),(None)
2021-10-05T15:56:00.000,I 85,I 85 and Hwy 18,,Head On,1,Rain,Wet,Daylight
2023-04-29T16:22:00.000,I 85,I 85 and Hwy 18,,Angle Crash,2,Cloudy,Dry,Daylight
2023-04-18T18:24:00.000,I 85,I 85 and Hwy 18,,Rear End,3,Clear,Dry,Daylight
2023-11-24T09:40:00.000,I 85,I 85 and Hwy 18,,Sideswipe-Same Direction,2,Clear,Dry,Daylight
2023-11-15T11:58:00.000,I 85,I 85 and Hwy 18,,Rear End,2,Cloudy,Dry,Daylight
2020-08-09T23:13:00.000,I 85,I 85 and Hwy 18,,Sideswipe-Same Direction,2,Clear,Dry,Dark-Lighted
2021-12-23T14:30:00.000,I 85,I 85 and Hwy 18,,Rear End,2,Clear,Dry,Daylight
2024-10-09T14:31:00.000,I 85,I 85 and Hwy 18,,Rear End,2,Clear,Dry,Daylight
2023-12-24T20:43:00.000,I 85,I 85 and Hwy 18,,Rear End,2,Cloudy,Dry,Dark-Not Lighted