Date and Time,Roadway (From Crash Report),Intersection Name (from Crash Report),KABCO Severity,Manner of Collision (Crash Level) ,# of Vehicles per crash ,Weather Conditions (Crash Level),Surface Condition (Crash Level) ,Light Conditions (Crash Level)
2023-02-23T17:00:00.000,I 85,I 85 and Hwy 18,,Rear End,2,Cloudy,Dry,Daylight
2024-01-25T09:49:00.000,I 85,I 85 and Hwy 18,,Rear End,2,Rain,Wet,Daylight
2021-11-07T05:12:00.000,I 85,I 85 and Hwy 17 Exit 173,,Not a Collision with Motor Vehicle,1,Clear,Dry,Dark-Not Lighted
2022-05-26T01:37:00.000,I 85,I 85 and Hwy 17   Exit 173,,Sideswipe-Same Direction,2,Cloudy,Wet,Dark-Lighted
2020-10-25T05:22:00.000,I 85,I 85 and Hwy 17,,Not a Collision with Motor Vehicle,1,Rain,Wet,Dark-Not Lighted
2020-11-26T21:07:00.000,I 85,I 85 and Hwy 17,,Not a Collision with Motor Vehicle,1,Rain,Wet,Dark-Not Lighted
2020-04-11T00:00:00.000,I 85,I 85 and Hwy 17,,Not a Collision with Motor Vehicle,1,Clear,Dry,Dark-Not Lighted
2021-05-14T19:36:00.000,I 85,I 85 and Hwy 17,,Rear End,2,Clear,Dry,Daylight
2024-12-01T11:46:00.000,I 85,I 85 and Hwy 17,,Rear End,2,(None),(None),Daylight
2024-02-12T05:05:00.000,I 85,I 85 and Hwy 17,,Rear End,2,Rain,Wet,Dark-Not Lighted
2023-07-27T11:14:00.000,I 85,I 85 and Hwy 164,,Sideswipe-Same Direction,2,Clear,Dry,Daylight
2023-09-13T01:01:00.000,I 85,I 85 and Hwy 154,,Not a Collision with Motor Vehicle,1,Rain,Wet,Dark-Not Lighted
2023-09-16T11:37:00.000,I 85,I 85 and Hwy 154,,Head On,1,Rain,Wet,Daylight
2024-12-27T22:58:00.000,I 85,I 85 and Hwy 154,,Not a Collision with Motor Vehicle,1,Rain,Wet,Dark-Lighted
2020-04-21T07:51:00.000,I 85,I 85 and Hwy 138,,Sideswipe-Same Direction,3,Clear,Dry,Daylight
2021-11-27T18:21:00.000,I 85,I 85 and Hwy 129S,,Rear End,2,Clear,Dry,Dark-Not Lighted
2021-08-25T18:03:00.000,I 85,I 85 and Hwy 129S,,Rear End,2,Cloudy,Dry,Daylight
2023-12-14T18:54:00.000,I 85,I 85 and Hwy 129 S.,,Sideswipe-Same Direction,2,Clear,Dry,Dark-Not Lighted
2021-11-11T15:00:00.000,I 85,I 85 and Hwy 129 Over Pass,,Rear End,3,Clear,Dry,Daylight
2021-05-28T22:00:00.000,I 85,I 85 and Hwy 129 Opas,,Not a Collision with Motor Vehicle,1,Rain,Wet,Dark-Not Lighted
2021-11-20T17:18:00.000,I 85,I 85 and Hwy 129 Opas,,Rear End,2,Clear,Dry,Daylight
2021-11-21T17:10:00.000,I 85,I 85 and Hwy 129 Opas,,Rear End,3,Clear,Dry,Daylight
2022-06-05T15:39:00.000,I 85,I 85 and Hwy 129 Opas,,Rear End,4,Clear,Dry,Daylight
2021-11-21T14:07:00.000,I 85,I 85 and Hwy 129 N Over Pass,,Rear End,2,Cloudy,Dry,Daylight
2020-02-07T17:40:00.000,I 85,I 85 and Hwy 129 N Opas,,Rear End,2,Cloudy,Dry,Daylight
2022-12-01T19:25:00.000,I 85,I 85 and Hwy 129 N Opas,,Sideswipe-Same Direction,2,Clear,Dry,Dark-Lighted
2020-01-17T01:15:00.000,I 85,I 85 and Hwy 129 N Hwy 11 Alternate,,Sideswipe-Opposite Direction,2,Clear,Dry,Dark-Not Lighted
2021-04-10T18:57:00.000,I 85,I 85 and Hwy 129 N Exit 137,,Rear End,2,Clear,Dry,Daylight
2021-05-31T14:30:00.000,I 85,I 85 and Hwy 129  Sr 11,,Rear End,3,Clear,Dry,Daylight
2021-01-11T18:20:00.000,I 85,I 85 and Hwy 129,,Sideswipe-Same Direction,2,Rain,Wet,Dark-Lighted
2021-03-27T16:40:00.000,I 85,I 85 and Hwy 129,,Rear End,2,Cloudy,Dry,Daylight
2021-03-21T13:45:00.000,I 85,I 85 and Hwy 129,,Rear End,2,Clear,Dry,Daylight
2021-02-16T14:47:00.000,I 85,I 85 and Hwy 129,,Sideswipe-Same Direction,2,Clear,Dry,Daylight
2021-01-27T17:14:00.000,I 85,I 85 and Hwy 129,,Not a Collision with Motor Vehicle,1,Rain,Wet,Dusk
2021-09-05T15:48:00.000,I 85,I 85 and Hwy 129,,Rear End,2,Clear,Dry,Daylight
2021-09-24T17:12:00.000,I 85,I 85 and Hwy 129,,Rear End,2,Clear,Dry,Daylight
2021-09-24T20:30:00.000,I 85,I 85 and Hwy 129,,Rear End,2,Clear,Dry,Dark-Not Lighted
2021-11-30T20:10:00.000,I 85,I 85 and Hwy 129,,Angle Crash,2,Clear,Dry,Dark-Lighted
2021-10-30T06:11:00.000,I 85,I 85 and Hwy 129,,Sideswipe-Same Direction,2,Cloudy,Wet,Dark-Not Lighted
2021-05-18T10:21:00.000,I 85,I 85 and Hwy 129,,Rear End,2,Cloudy,Dry,Daylight
2021-05-26T13:34:00.000,I 85,I 85 and Hwy 129,,Rear End,2,Clear,Dry,Daylight
2021-04-27T18:55:00.000,I 85,I 85 and Hwy 129,,Rear End,2,Clear,Dry,Daylight
2021-05-29T17:37:00.000,I 85,I 85 and Hwy 129,,Rear End,2,Clear,Dry,Daylight
2021-04-09T18:08:00.000,I 85,I 85 and Hwy 129,,Rear End,2,Cloudy,Dry,Daylight
2021-05-26T16:20:00.000,I 85,I 85 and Hwy 129,,Rear End,2,Clear,Dry,Daylight
2021-03-27T09:55:00.000,I 85,I 85 and Hwy 129,,Sideswipe-Same Direction,2,Cloudy,Dry,Daylight
2021-04-28T22:49:00.000,I 85,I 85 and Hwy 129,,Rear End,2,Clear,Dry,Dark-Lighted
2021-09-15T17:55:00.000,I 85,I 85 and Hwy 129,,Rear End,3,Rain,Wet,Daylight
2021-07-21T17:37:00.000,I 85,I 85 and Hwy 129,,Rear End,2,Clear,Dry,Daylight
2021-12-31T18:35:00.000,I 85,I 85 and Hwy 129,,Sideswipe-Same Direction,1,Cloudy,Wet,Dark-Not Lighted
2021-05-31T16:40:00.000,I 85,I 85 and Hwy 129,,Rear End,2,Clear,Dry,Daylight
2021-07-15T17:50:00.000,I 85,I 85 and Hwy 129,,Rear End,2,Clear,Dry,Daylight
2021-07-15T09:55:00.000,I 85,I 85 and Hwy 129,,Rear End,2,Clear,Dry,Daylight
2021-12-05T14:37:00.000,I 85,I 85 and Hwy 129,,Rear End,2,Cloudy,Dry,Daylight
2021-06-06T15:48:00.000,I 85,I 85 and Hwy 129,,Sideswipe-Same Direction,2,Clear,Dry,Daylight
2021-06-25T22:49:00.000,I 85,I 85 and Hwy 129,,Rear End,2,Clear,Dry,Daylight
2021-04-27T00:05:00.000,I 85,I 85 and Hwy 129,,Rear End,2,Clear,Dry,Dark-Not Lighted
2021-05-08T08:20:00.000,I 85,I 85 and Hwy 129,,Sideswipe-Same Direction,2,Clear,Dry,Daylight
2021-03-14T15:40:00.000,I 85,I 85 and Hwy 129,,Rear End,2,Clear,Dry,Daylight
2021-02-21T06:55:00.000,I 85,I 85 and Hwy 129,,Sideswipe-Same Direction,2,Clear,Dry,Dawn
2020-10-09T11:45:00.000,I 85,I 85 and Hwy 129,,Rear End,2,Cloudy,Dry,Daylight
2020-06-19T06:42:00.000,I 85,I 85 and Hwy 129,,Rear End,2,Clear,Dry,Daylight
2020-10-09T02:13:00.000,I 85,I 85 and Hwy 129,,Not a Collision with Motor Vehicle,1,Cloudy,Dry,Dark-Not Lighted
2023-11-29T18:05:00.000,I 85,I 85 and Hwy 129,,Rear End,2,Clear,Dry,Dark-Not Lighted
2023-04-11T19:45:00.000,I 85,I 85 and Hwy 129,,Rear End,2,Clear,Dry,Daylight
2023-09-01T18:00:00.000,I 85,I 85 and Hwy 129,,Rear End,2,Cloudy,Dry,Daylight
2023-12-09T22:05:00.000,I 85,I 85 and Hwy 129,,Rear End,2,Cloudy,Dry,Dark-Not Lighted
2023-04-21T16:14:00.000,I 85,I 85 and Hwy 129,,Rear End,2,Cloudy,Dry,Daylight
2023-06-10T15:02:00.000,I 85,I 85 and Hwy 129,,Sideswipe-Same Direction,2,Clear,Dry,Daylight
2023-11-03T17:14:00.000,I 85,I 85 and Hwy 129,,Rear End,2,Clear,Dry,Daylight
2023-08-27T13:05:00.000,I 85,I 85 and Hwy 129,,Rear End,2,Clear,Dry,Daylight
2023-10-02T13:45:00.000,I 85,I 85 and Hwy 129,,Rear End,2,Cloudy,Dry,Daylight
2023-03-20T11:57:00.000,I 85,I 85 and Hwy 129,,Rear End,2,Cloudy,Dry,Daylight
2023-11-03T13:18:00.000,I 85,I 85 and Hwy 129,,Not a Collision with Motor Vehicle,1,Clear,Dry,Daylight
2023-05-27T05:08:00.000,I 85,I 85 and Hwy 129,,Sideswipe-Same Direction,2,Clear,Dry,Dark-Not Lighted
2023-07-16T20:15:00.000,I 85,I 85 and Hwy 129,,Rear End,2,Clear,Dry,Daylight
2023-02-07T19:09:00.000,I 85,I 85 and Hwy 129,,Sideswipe-Same Direction,2,Clear,Dry,Dark-Lighted
2023-03-28T04:56:00.000,I 85,I 85 and Hwy 129,,Sideswipe-Same Direction,3,Clear,Dry,Dark-Not Lighted
2023-09-20T12:57:00.000,I 85,I 85 and Hwy 129,,Sideswipe-Same Direction,2,Clear,Dry,Daylight
2023-07-05T17:29:00.000,I 85,I 85 and Hwy 129,,Rear End,2,Clear,Wet,Daylight
2023-03-06T04:47:00.000,I 85,I 85 and Hwy 129,,Sideswipe-Same Direction,2,Clear,Dry,Dark-Not Lighted
2023-04-10T15:35:00.000,I 85,I 85 and Hwy 129,,Angle Crash,2,Clear,Dry,Daylight
2023-08-14T01:06:00.000,I 85,I 85 and Hwy 129,,Sideswipe-Same Direction,2,Cloudy,Dry,Dark-Not Lighted
2023-02-07T20:50:00.000,I 85,I 85 and Hwy 129,,Rear End,3,Clear,Dry,Dark-Not Lighted
2023-03-28T17:27:00.000,I 85,I 85 and Hwy 129,,Sideswipe-Same Direction,2,Cloudy,Dry,Daylight
2023-08-27T08:55:00.000,I 85,I 85 and Hwy 129,,Rear End,2,Clear,Dry,Daylight
2023-06-07T16:40:00.000,I 85,I 85 and Hwy 129,,Sideswipe-Same Direction,2,Clear,Dry,Daylight
2023-04-23T14:13:00.000,I 85,I 85 and Hwy 129,,Rear End,2,Cloudy,Dry,Daylight
2022-11-17T01:06:00.000,I 85,I 85 and Hwy 129,,Not a Collision with Motor Vehicle,1,Clear,Dry,Dark-Not Lighted
2022-04-01T20:30:00.000,I 85,I 85 and Hwy 129,,Rear End,2,Clear,Dry,Dark-Lighted
2022-03-01T12:52:00.000,I 85,I 85 and Hwy 129,,Not a Collision with Motor Vehicle,1,Clear,Dry,Daylight
2022-05-11T11:40:00.000,I 85,I 85 and Hwy 129,,Angle Crash,2,Clear,Dry,Daylight
2020-12-16T19:55:00.000,I 85,I 85 and Hwy 129,,Sideswipe-Same Direction,2,Clear,Dry,Dark-Not Lighted
2020-12-22T08:05:00.000,I 85,I 85 and Hwy 129,,Rear End,2,Clear,Dry,Daylight
2020-02-26T12:10:00.000,I 85,I 85 and Hwy 129,,Rear End,2,Clear,Dry,Daylight
2020-10-11T13:09:00.000,I 85,I 85 and Hwy 129,,Not a Collision with Motor Vehicle,1,Rain,Wet,Daylight
2020-02-06T10:11:00.000,I 85,I 85 and Hwy 129,,Not a Collision with Motor Vehicle,1,Rain,Wet,Daylight
2020-09-13T18:50:00.000,I 85,I 85 and Hwy 129,,Rear End,2,Clear,Dry,Daylight
2020-07-08T10:50:00.000,I 85,I 85 and Hwy 129,,Rear End,2,Clear,Dry,Daylight
2020-06-23T15:13:00.000,I 85,I 85 and Hwy 129,,Rear End,2,Cloudy,Dry,Daylight
2020-12-26T17:56:00.000,I 85,I 85 and Hwy 129,,Rear End,2,Clear,Dry,Dark-Not Lighted
2020-11-06T17:14:00.000,I 85,I 85 and Hwy 129,,Not a Collision with Motor Vehicle,1,Clear,Dry,Daylight
2020-12-26T14:35:00.000,I 85,I 85 and Hwy 129,,Rear End,2,Clear,Dry,Daylight
2020-02-24T20:11:00.000,I 85,I 85 and Hwy 129,,Rear End,2,Rain,Wet,Dark-Lighted
2020-09-18T17:33:00.000,I 85,I 85 and Hwy 129,,Rear End,2,Cloudy,Dry,Daylight
2020-11-08T14:36:00.000,I 85,I 85 and Hwy 129,,Rear End,2,Cloudy,Dry,Daylight
2020-05-16T04:02:00.000,I 85,I 85 and Hwy 129,,Not a Collision with Motor Vehicle,1,Clear,Dry,Dark-Not Lighted
2020-11-08T14:48:00.000,I 85,I 85 and Hwy 129,,Rear End,2,Cloudy,Dry,Daylight
2020-05-31T16:42:00.000,I 85,I 85 and Hwy 129,,Rear End,2,Clear,Dry,Daylight
2020-12-20T18:36:00.000,I 85,I 85 and Hwy 129,,Rear End,2,Cloudy,Dry,Dark-Not Lighted
2020-12-09T05:34:00.000,I 85,I 85 and Hwy 129,,Angle Crash,2,Clear,Dry,Dark-Not Lighted
2020-07-31T04:31:00.000,I 85,I 85 and Hwy 129,,Sideswipe-Same Direction,2,Clear,Dry,Dark-Lighted
2020-02-26T00:15:00.000,I 85,I 85 and Hwy 129,,Sideswipe-Same Direction,2,Clear,Dry,Dark-Not Lighted
2020-02-22T15:43:00.000,I 85,I 85 and Hwy 129,,Rear End,2,Clear,Dry,Daylight
2020-07-15T17:24:00.000,I 85,I 85 and Hwy 129,,Rear End,2,Cloudy,Dry,Daylight
2020-07-20T16:27:00.000,I 85,I 85 and Hwy 129,,Sideswipe-Same Direction,2,Clear,Dry,Daylight
2020-12-19T17:58:00.000,I 85,I 85 and Hwy 129,,Rear End,2,Clear,Dry,Daylight
2020-11-30T07:52:00.000,I 85,I 85 and Hwy 129,,Rear End,2,Cloudy,Wet,Daylight
2020-12-22T09:00:00.000,I 85,I 85 and Hwy 129,,Rear End,2,Clear,Dry,Daylight
2020-07-23T17:09:00.000,I 85,I 85 and Hwy 129,,Rear End,2,Clear,Dry,Daylight
2020-12-06T17:21:00.000,I 85,I 85 and Hwy 129,,Rear End,2,Cloudy,Dry,Dark-Lighted
2020-12-23T00:05:00.000,I 85,I 85 and Hwy 129,,Angle Crash,2,Clear,Dry,Dark-Lighted
2020-09-10T18:23:00.000,I 85,I 85 and Hwy 129,,Sideswipe-Same Direction,2,Clear,Dry,Daylight
2020-11-20T14:20:00.000,I 85,I 85 and Hwy 129,,Sideswipe-Same Direction,2,Clear,Dry,Daylight
2020-09-01T19:55:00.000,I 85,I 85 and Hwy 129,,Rear End,2,Clear,Dry,Dusk
2020-08-12T06:06:00.000,I 85,I 85 and Hwy 129,,Rear End,2,Cloudy,Dry,Dawn
2020-08-09T22:23:00.000,I 85,I 85 and Hwy 129,,Sideswipe-Same Direction,2,Clear,Dry,Dark-Lighted
2020-04-01T13:38:00.000,I 85,I 85 and Hwy 129,,Rear End,2,Clear,Dry,Daylight
2020-05-20T12:59:00.000,I 85,I 85 and Hwy 129,,Rear End,2,Rain,Wet,Daylight
2020-10-29T00:55:00.000,I 85,I 85 and Hwy 129,,Sideswipe-Same Direction,2,Rain,Wet,Dark-Not Lighted
2020-08-26T18:30:00.000,I 85,I 85 and Hwy 129,,Sideswipe-Same Direction,2,Clear,Dry,Daylight
2020-06-23T02:35:00.000,I 85,I 85 and Hwy 129,,Sideswipe-Same Direction,1,Clear,Dry,Dark-Not Lighted
2020-08-05T22:10:00.000,I 85,I 85 and Hwy 129,,Sideswipe-Same Direction,1,Clear,Dry,Dark-Not Lighted
2020-06-13T12:42:00.000,I 85,I 85 and Hwy 129,,Sideswipe-Same Direction,1,Cloudy,Dry,Daylight
2020-12-04T17:29:00.000,I 85,I 85 and Hwy 129,,Rear End,2,Rain,Wet,Dark-Not Lighted
2021-03-06T02:51:00.000,I 85,I 85 and Hwy 129,,Rear End,2,Clear,Dry,Dark-Not Lighted
2021-03-01T03:20:00.000,I 85,I 85 and Hwy 129,,Head On,1,Clear,Dry,Dark-Not Lighted
2021-02-01T01:09:00.000,I 85,I 85 and Hwy 129,,Not a Collision with Motor Vehicle,1,Clear,Dry,Dark-Not Lighted
2021-02-16T14:20:00.000,I 85,I 85 and Hwy 129,,Rear End,2,Clear,Dry,Daylight
2021-03-30T11:33:00.000,I 85,I 85 and Hwy 129,,Sideswipe-Same Direction,2,Clear,Dry,Daylight
2021-05-31T16:51:00.000,I 85,I 85 and Hwy 129,,Rear End,2,Clear,Dry,Daylight
2021-04-30T18:23:00.000,I 85,I 85 and Hwy 129,,Rear End,2,Clear,Dry,Daylight
2021-06-17T21:09:00.000,I 85,I 85 and Hwy 129,,Rear End,2,Clear,Dry,Daylight
2021-11-12T18:10:00.000,I 85,I 85 and Hwy 129,,Rear End,2,Clear,Dry,Dawn
2021-08-15T17:24:00.000,I 85,I 85 and Hwy 129,,Rear End,2,Clear,Dry,Daylight
2021-07-10T14:13:00.000,I 85,I 85 and Hwy 129,,Rear End,2,Cloudy,Dry,Daylight
2021-09-02T21:05:00.000,I 85,I 85 and Hwy 129,,Sideswipe-Same Direction,2,Clear,Dry,Daylight
2021-11-04T18:50:00.000,I 85,I 85 and Hwy 129,,Not a Collision with Motor Vehicle,1,Clear,Dry,Dark-Not Lighted
2021-10-18T00:48:00.000,I 85,I 85 and Hwy 129,,Not a Collision with Motor Vehicle,1,Clear,Dry,Dark-Not Lighted
2021-11-04T20:10:00.000,I 85,I 85 and Hwy 129,,Not a Collision with Motor Vehicle,1,Clear,Dry,Dark-Not Lighted
2021-08-31T19:50:00.000,I 85,I 85 and Hwy 129,,Rear End,2,Rain,Wet,Dawn
2021-07-06T20:43:00.000,I 85,I 85 and Hwy 129,,Rear End,2,Clear,Dry,Dusk
2021-12-08T15:21:00.000,I 85,I 85 and Hwy 129,,Rear End,2,Clear,Dry,Daylight
2021-07-07T18:21:00.000,I 85,I 85 and Hwy 129,,Rear End,2,Clear,Dry,Daylight
2021-07-01T22:42:00.000,I 85,I 85 and Hwy 129,,Rear End,2,Cloudy,Wet,Dark-Not Lighted
2021-09-25T23:53:00.000,I 85,I 85 and Hwy 129,,Rear End,3,Clear,Dry,Dark-Lighted
2022-06-20T17:30:00.000,I 85,I 85 and Hwy 129,,Rear End,3,Clear,Dry,Daylight
2021-12-07T18:50:00.000,I 85,I 85 and Hwy 129,,Rear End,2,Clear,Dry,Dark-Lighted
2021-11-05T15:26:00.000,I 85,I 85 and Hwy 129,,Rear End,2,Cloudy,Dry,Daylight
2021-07-25T18:00:00.000,I 85,I 85 and Hwy 129,,Rear End,2,Clear,Dry,Daylight
2022-03-10T19:20:00.000,I 85,I 85 and Hwy 129,,Rear End,2,Clear,Dry,Dark-Lighted
2022-04-12T16:12:00.000,I 85,I 85 and Hwy 129,,Rear End,2,Clear,Dry,Daylight
2022-06-26T14:02:00.000,I 85,I 85 and Hwy 129,,Rear End,2,Cloudy,Dry,Daylight
2022-05-24T08:37:00.000,I 85,I 85 and Hwy 129,,Rear End,2,Cloudy,Dry,Daylight
2022-11-23T18:00:00.000,I 85,I 85 and Hwy 129,,Rear End,2,Clear,Dry,Dark-Lighted
2022-07-25T22:19:00.000,I 85,I 85 and Hwy 129,,Rear End,2,Cloudy,Dry,Dark-Not Lighted
2022-10-30T22:30:00.000,I 85,I 85 and Hwy 129,,Not a Collision with Motor Vehicle,1,Rain,Wet,Dark-Not Lighted
2022-03-29T05:17:00.000,I 85,I 85 and Hwy 129,,Rear End,2,Clear,Dry,Dark-Not Lighted
2022-01-13T10:22:00.000,I 85,I 85 and Hwy 129,,Rear End,2,Clear,Dry,Daylight
2022-10-19T18:32:00.000,I 85,I 85 and Hwy 129,,Rear End,2,Clear,Dry,Dusk
2022-05-03T14:30:00.000,I 85,I 85 and Hwy 129,,Rear End,2,Clear,Dry,Daylight
2022-01-02T15:08:00.000,I 85,I 85 and Hwy 129,,Rear End,2,Rain,Wet,Daylight
2021-09-15T19:47:00.000,I 85,I 85 and Hwy 129,,Not a Collision with Motor Vehicle,1,Rain,Wet,Dark-Not Lighted
2022-11-17T15:29:00.000,I 85,I 85 and Hwy 129,,Sideswipe-Same Direction,2,Clear,Dry,Daylight
2022-06-24T15:40:00.000,I 85,I 85 and Hwy 129,,Sideswipe-Same Direction,2,Clear,Dry,Daylight
2022-01-24T16:27:00.000,I 85,I 85 and Hwy 129,,Sideswipe-Same Direction,2,Clear,Dry,Daylight
2022-09-02T21:50:00.000,I 85,I 85 and Hwy 129,,Rear End,2,Clear,Wet,Dark-Not Lighted
2022-08-02T18:25:00.000,I 85,I 85 and Hwy 129,,Sideswipe-Same Direction,2,Clear,Dry,Daylight
2022-09-19T20:43:00.000,I 85,I 85 and Hwy 129,,Rear End,2,Clear,Dry,Dark-Not Lighted
2022-10-10T15:47:00.000,I 85,I 85 and Hwy 129,,Rear End,3,Clear,Dry,Daylight
2022-06-25T16:00:00.000,I 85,I 85 and Hwy 129,,Sideswipe-Same Direction,2,Clear,Dry,Daylight
2022-10-23T15:07:00.000,I 85,I 85 and Hwy 129,,Sideswipe-Same Direction,2,Clear,Dry,Daylight
2022-04-20T05:21:00.000,I 85,I 85 and Hwy 129,,Rear End,2,Clear,Dry,Dark-Not Lighted
2022-11-18T11:10:00.000,I 85,I 85 and Hwy 129,,Sideswipe-Same Direction,2,Clear,Dry,Daylight
2022-05-18T02:30:00.000,I 85,I 85 and Hwy 129,,Sideswipe-Same Direction,2,Clear,Dry,Dark-Not Lighted
2022-11-27T16:09:00.000,I 85,I 85 and Hwy 129,,Rear End,2,Clear,Dry,Daylight
2022-01-18T09:22:00.000,I 85,I 85 and Hwy 129,,Sideswipe-Same Direction,2,Clear,Wet,Daylight
2022-04-22T22:32:00.000,I 85,I 85 and Hwy 129,,Angle Crash,2,Clear,Dry,Dark-Not Lighted
2022-09-26T21:23:00.000,I 85,I 85 and Hwy 129,,Not a Collision with Motor Vehicle,2,Clear,Dry,Dark-Not Lighted
2022-07-05T13:05:00.000,I 85,I 85 and Hwy 129,,Rear End,2,Clear,Dry,Daylight
2022-06-26T18:32:00.000,I 85,I 85 and Hwy 129,,Sideswipe-Same Direction,2,Clear,Dry,Daylight
2022-11-24T11:00:00.000,I 85,I 85 and Hwy 129,,Rear End,2,Cloudy,Dry,Daylight
2022-04-28T18:55:00.000,I 85,I 85 and Hwy 129,,Rear End,2,Clear,Dry,Daylight
2022-11-27T10:51:00.000,I 85,I 85 and Hwy 129,,Rear End,2,Cloudy,Wet,Daylight
2022-03-30T18:20:00.000,I 85,I 85 and Hwy 129,,Rear End,2,Clear,Dry,Daylight
2022-07-01T11:54:00.000,I 85,I 85 and Hwy 129,,Rear End,3,Cloudy,Dry,Daylight
2022-03-24T14:22:00.000,I 85,I 85 and Hwy 129,,Rear End,2,Clear,Dry,Daylight
2022-08-17T02:39:00.000,I 85,I 85 and Hwy 129,,Sideswipe-Same Direction,2,Clear,Dry,Dark-Not Lighted
2022-01-15T18:36:00.000,I 85,I 85 and Hwy 129,,Rear End,2,Rain,Wet,Dark-Lighted
2022-03-18T17:44:00.000,I 85,I 85 and Hwy 129,,Rear End,2,Cloudy,Wet,Daylight
2022-02-05T14:15:00.000,I 85,I 85 and Hwy 129,,Rear End,2,Clear,Dry,Daylight
2022-11-19T16:05:00.000,I 85,I 85 and Hwy 129,,Sideswipe-Same Direction,2,Clear,Dry,Dusk
2022-08-30T16:53:00.000,I 85,I 85 and Hwy 129,,Rear End,2,Rain,Wet,Daylight
2022-12-15T02:54:00.000,I 85,I 85 and Hwy 129,,Sideswipe-Same Direction,2,Rain,Wet,Dark-Not Lighted
2022-09-26T06:45:00.000,I 85,I 85 and Hwy 129,,Sideswipe-Same Direction,2,Clear,Dry,Dawn
2022-03-11T02:45:00.000,I 85,I 85 and Hwy 129,,Sideswipe-Same Direction,2,Clear,Dry,Dark-Lighted
2023-05-12T12:00:00.000,I 85,I 85 and Hwy 129,,Not a Collision with Motor Vehicle,1,Rain,Wet,Daylight
2024-03-13T05:17:00.000,I 85,I 85 and Hwy 129,,Not a Collision with Motor Vehicle,1,Clear,Dry,Dark-Not Lighted
2024-02-25T12:55:00.000,I 85,I 85 and Hwy 129,,Rear End,2,Clear,Dry,Daylight
2024-02-27T16:53:00.000,I 85,I 85 and Hwy 129,,Angle Crash,2,Clear,Dry,Daylight
2024-02-09T15:50:00.000,I 85,I 85 and Hwy 129,,Sideswipe-Same Direction,1,Cloudy,Dry,Daylight
2024-03-19T18:24:00.000,I 85,I 85 and Hwy 129,,Rear End,2,Clear,Dry,Daylight
2024-02-13T23:18:00.000,I 85,I 85 and Hwy 129,,Rear End,2,Clear,Dry,Dark-Not Lighted
2024-10-08T10:14:00.000,I 85,I 85 and Hwy 129,,Sideswipe-Same Direction,2,Clear,Dry,Daylight
2024-03-05T14:15:00.000,I 85,I 85 and Hwy 129,,Rear End,2,Cloudy,Dry,Dark-Not Lighted
2024-09-19T14:04:00.000,I 85,I 85 and Hwy 129,,Sideswipe-Same Direction,1,Clear,Dry,Daylight
2023-07-01T02:10:00.000,I 85,I 85 and Hwy 129,,Sideswipe-Same Direction,2,Clear,Dry,Dark-Not Lighted
2023-11-25T18:50:00.000,I 85,I 85 and Hwy 129,,Sideswipe-Same Direction,2,Clear,Dry,Dark-Not Lighted
2023-08-25T14:20:00.000,I 85,I 85 and Hwy 129,,Sideswipe-Same Direction,2,Clear,Dry,Daylight
2023-12-09T14:35:00.000,I 85,I 85 and Hwy 129,,Sideswipe-Same Direction,2,Rain,Wet,Daylight
2023-03-19T04:10:00.000,I 85,I 85 and Hwy 129,,Rear End,2,Clear,Dry,Dark-Not Lighted
2023-08-26T16:17:00.000,I 85,I 85 and Hwy 129,,Not a Collision with Motor Vehicle,1,Clear,Dry,Daylight
2023-02-07T07:31:00.000,I 85,I 85 and Hwy 129,,Rear End,2,Clear,Dry,Daylight
2023-06-04T03:36:00.000,I 85,I 85 and Hwy 129,,Rear End,1,Clear,Dry,Dark-Lighted
2023-03-19T22:50:00.000,I 85,I 85 and Hwy 129,,Sideswipe-Same Direction,2,Clear,Dry,Dark-Not Lighted
2024-05-18T23:00:00.000,I 85,I 85 and Hwy 129,,Sideswipe-Same Direction,2,Cloudy,Dry,Dark-Lighted
2024-08-05T19:30:00.000,I 85,I 85 and Hwy 129,,Rear End,2,Clear,Dry,Daylight
2024-12-27T05:26:00.000,I 85,I 85 and Hwy 129,,Sideswipe-Same Direction,2,Rain,Wet,Dark-Lighted
2024-02-21T19:40:00.000,I 85,I 85 and Hwy 129,,Sideswipe-Same Direction,2,Clear,Dry,Dark-Not Lighted
2024-09-26T19:47:00.000,I 85,I 85 and Hwy 129,,Sideswipe-Same Direction,2,Rain,Wet,Dark-Not Lighted
2024-03-15T14:55:00.000,I 85,I 85 and Hwy 129,,Rear End,2,Clear,Dry,Daylight
2024-02-14T23:18:00.000,I 85,I 85 and Hwy 129,,Rear End,2,Clear,Dry,Dark-Not Lighted
2024-06-25T19:55:00.000,I 85,I 85 and Hwy 129,,Rear End,2,Clear,Dry,Daylight
2024-08-27T03:20:00.000,I 85,I 85 and Hwy 129,,(None),1,(None),(None),(None)
2024-12-01T02:37:00.000,I 85,I 85 and Hwy 129,,Sideswipe-Same Direction,1,Clear,Dry,Dark-Not Lighted
2024-01-30T17:39:00.000,I 85,I 85 and Hwy 129,,Not a Collision with Motor Vehicle,1,Clear,Dry,Daylight
2024-01-19T12:30:00.000,I 85,I 85 and Hwy 129,,Rear End,2,Clear,Dry,Daylight
2024-02-01T15:33:00.000,I 85,I 85 and Hwy 129,,Rear End,2,Clear,Dry,Daylight
2024-12-09T05:27:00.000,I 85,I 85 and Hwy 129,,Sideswipe-Same Direction,2,Cloudy,Wet,Dark-Not Lighted
2024-06-13T06:50:00.000,I 85,I 85 and Hwy 129,,Rear End,2,Clear,Dry,Daylight
2024-01-09T08:00:00.000,I 85,I 85 and Hwy 129,,Not a Collision with Motor Vehicle,1,Rain,Wet,Daylight
2024-02-14T16:23:00.000,I 85,I 85 and Hwy 129,,Rear End,2,Clear,Dry,Daylight
2024-12-04T10:57:00.000,I 85,I 85 and Hwy 129,,Sideswipe-Same Direction,2,Clear,Dry,Daylight
2024-04-11T13:22:00.000,I 85,I 85 and Hwy 129,,Not a Collision with Motor Vehicle,1,Rain,Wet,Daylight
2024-06-26T05:24:00.000,I 85,I 85 and Hwy 129,,Rear End,2,Clear,Dry,Daylight
2024-11-05T16:22:00.000,I 85,I 85 and Hwy 129,,Angle Crash,2,Clear,Dry,Dusk