Date and Time,Roadway (From Crash Report),Intersection Name (from Crash Report),KABCO Severity,Manner of Collision (Crash Level) ,# of Vehicles per crash ,Weather Conditions (Crash Level),Surface Condition (Crash Level) ,Light Conditions (Crash Level)
2024-01-09T09:50:00.000,I 85,I 85 and Hwy 129,,Angle Crash,1,Rain,Wet,Daylight
2024-02-22T20:58:00.000,I 85,I 85 and Hwy 129,,Not a Collision with Motor Vehicle,1,Clear,Dry,Dark-Not Lighted
2024-12-22T22:45:00.000,I 85,I 85 and Hwy 129,,Sideswipe-Same Direction,2,Clear,Dry,Dark-Not Lighted
2024-03-19T18:40:00.000,I 85,I 85 and Hwy 129,,Rear End,2,Clear,Dry,Daylight
2024-02-05T19:45:00.000,I 85,I 85 and Hwy 129,,Rear End,2,Clear,Dry,Dark-Lighted
2023-04-19T10:02:00.000,I 85,I 85 and Hwy 120,,Sideswipe-Same Direction,2,Clear,Dry,Daylight
2021-11-22T11:35:00.000,I 85,I 85 and Hwy 11  Hwy 129,,Rear End,2,Clear,Dry,Daylight
2021-04-27T05:38:00.000,I 85,I 85 and Hwy 11,,Angle Crash,2,Clear,Dry,Dark-Not Lighted
2021-09-27T16:00:00.000,I 85,I 85 and Hwy 11,,Sideswipe-Same Direction,2,Clear,Dry,Daylight
2021-06-02T11:00:00.000,I 85,I 85 and Hwy 11,,Sideswipe-Same Direction,2,Cloudy,Dry,Daylight
2021-01-11T13:10:00.000,I 85,I 85 and Hwy 11,,Rear End,2,Rain,Wet,Daylight
2021-09-09T15:10:00.000,I 85,I 85 and Hwy 11,,Sideswipe-Same Direction,2,Clear,Dry,Daylight
2021-08-17T06:12:00.000,I 85,I 85 and Hwy 11,,Rear End,2,Rain,Wet,Dark-Not Lighted
2021-02-24T06:20:00.000,I 85,I 85 and Hwy 11,,Rear End,2,Clear,Dry,Dark-Not Lighted
2023-11-12T13:05:00.000,I 85,I 85 and Hwy 11,,Rear End,2,Cloudy,Dry,Daylight
2022-05-11T05:50:00.000,I 85,I 85 and Hwy 11,,Sideswipe-Same Direction,2,Clear,Dry,Dawn
2020-05-26T14:10:00.000,I 85,I 85 and Hwy 11,,Sideswipe-Same Direction,2,Cloudy,Dry,Daylight
2020-11-01T15:03:00.000,I 85,I 85 and Hwy 11,,Not a Collision with Motor Vehicle,1,Clear,Dry,Daylight
2020-08-22T11:30:00.000,I 85,I 85 and Hwy 11,,Rear End,3,Cloudy,Dry,Daylight
2020-07-22T13:25:00.000,I 85,I 85 and Hwy 11,,Sideswipe-Same Direction,2,Cloudy,Dry,Daylight
2021-04-11T16:50:00.000,I 85,I 85 and Hwy 11,,Rear End,2,Clear,Dry,Daylight
2021-05-14T11:30:00.000,I 85,I 85 and Hwy 11,,Sideswipe-Same Direction,2,Clear,Dry,Daylight
2022-08-11T06:00:00.000,I 85,I 85 and Hwy 11,,Sideswipe-Same Direction,2,Cloudy,Dry,Dark-Not Lighted
2022-09-04T13:00:00.000,I 85,I 85 and Hwy 11,,Sideswipe-Same Direction,2,Cloudy,Dry,Daylight
2022-10-14T15:20:00.000,I 85,I 85 and Hwy 11,,Rear End,2,Clear,Dry,Daylight
2022-04-26T14:49:00.000,I 85,I 85 and Hwy 11,,Rear End,2,Cloudy,Dry,Daylight
2022-09-08T05:40:00.000,I 85,I 85 and Hwy 11,,Sideswipe-Same Direction,2,Clear,Dry,Dark-Not Lighted
2022-10-28T05:32:00.000,I 85,I 85 and Hwy 11,,Sideswipe-Same Direction,2,Clear,Dry,Dark-Not Lighted
2022-05-19T11:45:00.000,I 85,I 85 and Hwy 11,,Not a Collision with Motor Vehicle,1,Clear,Dry,Daylight
2022-05-24T08:20:00.000,I 85,I 85 and Hwy 11,,Rear End,2,Cloudy,Dry,Daylight
2022-12-14T08:25:00.000,I 85,I 85 and Hwy 11,,Sideswipe-Same Direction,2,Cloudy,Dry,Daylight
2022-11-03T13:59:00.000,I 85,I 85 and Hwy 11,,Rear End,2,Clear,Dry,Daylight
2024-08-06T10:55:00.000,I 85,I 85 and Hwy 11,,Sideswipe-Same Direction,2,Cloudy,Dry,Daylight
2023-11-11T10:15:00.000,I 85,I 85 and Hwy 11,,Rear End,2,Cloudy,Wet,Daylight
2023-04-06T03:26:00.000,I 85,I 85 and Hwy 11,,Rear End,2,Cloudy,Dry,Daylight
2023-08-09T17:20:00.000,I 85,I 85 and Hwy 11,,Rear End,2,Clear,Dry,Daylight
2023-03-03T13:20:00.000,I 85,I 85 and Hwy 11,,Rear End,3,Cloudy,Dry,Daylight
2023-08-20T17:22:00.000,I 85,I 85 and Hwy 11,,Sideswipe-Same Direction,2,Clear,Dry,Daylight
2023-03-14T16:15:00.000,I 85,I 85 and Hwy 11,,Rear End,2,Clear,Dry,Daylight
2023-02-05T16:00:00.000,I 85,I 85 and Hwy 11,,Rear End,2,Clear,Dry,Daylight
2024-09-30T06:33:00.000,I 85,I 85 and Hwy 11,,Rear End,2,Clear,Dry,Dark-Not Lighted
2024-12-19T16:30:00.000,I 85,I 85 and Hwy 11,,Sideswipe-Same Direction,2,Clear,Dry,Daylight
2024-01-12T07:30:00.000,I 85,I 85 and Hwy 11,,Rear End,2,Cloudy,Dry,Dawn
2024-02-28T15:45:00.000,I 85,I 85 and Hwy 11,,Not a Collision with Motor Vehicle,1,(None),(None),(None)
2024-06-19T17:20:00.000,I 85,I 85 and Hwy 11,,Rear End,2,Cloudy,Dry,Daylight
2024-03-04T17:20:00.000,I 85,I 85 and Hwy 11,,Rear End,2,Clear,Dry,Daylight
2024-09-27T06:00:00.000,I 85,I 85 and Hwy 11,,Sideswipe-Same Direction,2,Rain,Wet,Dark-Not Lighted
2024-02-28T16:12:00.000,I 85,I 85 and Hwy 11,,Rear End,2,Rain,Wet,Daylight
2020-09-20T16:55:00.000,I 85,I 85 and Hwy 106 Exit 166,,Rear End,2,Clear,Dry,Daylight
2020-09-27T20:06:00.000,I 85,I 85 and Hwy 106,,Rear End,1,Clear,Dry,Dark-Lighted
2020-08-21T02:41:00.000,I 85,I 85 and Hwy 106,,Not a Collision with Motor Vehicle,1,Rain,Wet,Dark-Not Lighted
2020-08-30T22:31:00.000,I 85,I 85 and Hwy 106,,Angle Crash,1,Rain,Wet,Dark-Not Lighted
2020-10-29T19:30:00.000,I 85,I 85 and Hwy 106,,Not a Collision with Motor Vehicle,1,Clear,Dry,Dusk
2023-12-26T05:30:00.000,I 85,I 85 and Hwy 106,,Not a Collision with Motor Vehicle,1,Rain,Wet,Dark-Not Lighted
2024-06-24T22:20:00.000,I 85,I 85 and Hwy 106,,Not a Collision with Motor Vehicle,1,Clear,Dry,Dark-Not Lighted
2024-05-31T15:45:00.000,I 85,I 85 and Hudson River Brg,,Not a Collision with Motor Vehicle,2,Clear,Dry,Daylight
2020-11-30T15:42:00.000,I 85,I 85 and Hov Exit Ramp To Piedmont Aven,,Rear End,2,Rain,Wet,Daylight
2020-10-10T17:14:00.000,I 85,I 85 and Hopewell Church Rd,,Not a Collision with Motor Vehicle,1,Rain,Wet,Daylight
2022-02-11T05:35:00.000,I 85,I 85 and Hollysprings Rd,,Rear End,2,Clear,Dry,Dark-Not Lighted
2021-12-29T13:09:00.000,I 85,I 85 and Holly Springs Rd,,Rear End,2,Rain,Wet,Daylight
2021-09-30T13:59:00.000,I 85,I 85 and Holly Springs Rd,,Rear End,2,Cloudy,Dry,Daylight
2023-04-22T23:46:00.000,I 85,I 85 and Holly Springs Rd,,Sideswipe-Same Direction,1,Clear,Dry,Dark-Not Lighted
2023-12-11T02:30:00.000,I 85,I 85 and Holly Springs Rd,,Rear End,2,Clear,Dry,Dark-Not Lighted
2020-12-28T09:52:00.000,I 85,I 85 and Holly Springs Rd,,Rear End,2,Clear,Dry,Daylight
2021-11-22T05:04:00.000,I 85,I 85 and Holly Springs Rd,,Rear End,2,Rain,Wet,Dark-Lighted
2021-12-26T16:19:00.000,I 85,I 85 and Holly Springs Rd,,Rear End,3,Clear,Dry,Daylight
2021-09-30T12:18:00.000,I 85,I 85 and Holly Springs Rd,,Rear End,2,Cloudy,Dry,Daylight
2023-06-08T14:57:00.000,I 85,I 85 and Holly Springs Rd,,Sideswipe-Same Direction,2,Clear,Dry,Daylight
2023-04-10T19:50:00.000,I 85,I 85 and Holly Springs Rd,,Sideswipe-Same Direction,2,Clear,Dry,Dusk
2023-11-29T19:04:00.000,I 85,I 85 and Holly Springs Rd,,Rear End,2,Clear,Dry,Dark-Not Lighted
2023-07-14T10:33:00.000,I 85,I 85 and Holly Springs Rd,,Rear End,2,Clear,Dry,Daylight
2023-04-16T21:10:00.000,I 85,I 85 and Holly Springs Rd,,Not a Collision with Motor Vehicle,1,Clear,Dry,Dark-Not Lighted
2024-09-18T20:50:00.000,I 85,I 85 and Holly Springs Rd,,Rear End,2,Cloudy,Dry,Dark-Not Lighted
2024-05-10T18:00:00.000,I 85,I 85 and Holly Springs Rd,,Rear End,2,Clear,Dry,Daylight
2024-02-15T06:16:00.000,I 85,I 85 and Holly Springs Rd,,Rear End,2,Clear,Dry,Dark-Not Lighted
2024-02-03T18:58:00.000,I 85,I 85 and Holly Springs Rd,,Rear End,2,Clear,Dry,Dark-Not Lighted
2024-10-07T13:40:00.000,I 85,I 85 and Holly Springs Rd,,Rear End,2,Clear,Dry,Daylight
2024-07-11T04:58:00.000,I 85,I 85 and Holly Springs Rd,,Rear End,2,Clear,Dry,Dark-Not Lighted
2024-05-10T17:46:00.000,I 85,I 85 and Holly Springs Rd,,Rear End,2,Clear,Dry,Daylight
2024-06-25T15:32:00.000,I 85,I 85 and Holly Springs Rd,,Sideswipe-Same Direction,2,Clear,Dry,Daylight
2024-02-03T19:18:00.000,I 85,I 85 and Holly Springs Rd,,Sideswipe-Same Direction,2,Cloudy,Dry,Dark-Not Lighted
2022-01-02T05:29:00.000,I 85,I 85 and Holly Spgs,,Not a Collision with Motor Vehicle,1,Rain,Wet,Dark-Not Lighted
2024-06-19T23:55:00.000,I 85,I 85 and Holly Spgs,,Sideswipe-Same Direction,2,Clear,Dry,Dark-Not Lighted
2023-06-10T22:31:00.000,I 85,I 85 and Holly Spgs,,Rear End,2,Cloudy,Dry,Dark-Not Lighted
2024-03-21T22:02:00.000,I 85,I 85 and Holly Spgs,,Sideswipe-Same Direction,3,Clear,Dry,Dark-Not Lighted
2024-08-05T00:43:00.000,I 85,I 85 and Hogansville Exit Rp,,Sideswipe-Same Direction,2,Clear,Dry,Dark-Not Lighted
2023-10-05T11:24:00.000,I 85,I 85 and Hog Mnt. Rd.,,Sideswipe-Same Direction,2,Clear,Dry,Daylight
2021-06-27T17:42:00.000,I 85,I 85 and Hines Road Opas,,Rear End,3,Clear,Dry,Daylight
2021-03-19T18:05:00.000,I 85,I 85 and Hines Road Opas,,Sideswipe-Same Direction,2,Clear,Dry,Daylight
2021-06-05T15:10:00.000,I 85,I 85 and Hines Road Opas,,Rear End,2,Rain,Wet,Daylight
2020-07-18T16:40:00.000,I 85,I 85 and Hines Road Opas,,Rear End,2,Clear,Dry,Daylight
2020-11-29T17:20:00.000,I 85,I 85 and Hines Road Opas,,Rear End,2,Rain,Wet,Dark-Not Lighted
2023-04-07T18:23:00.000,I 85,I 85 and Hines Road Opas,,Rear End,2,Clear,Dry,Daylight
2020-02-18T07:37:00.000,I 85,I 85 and Hines Road Opas,,Not a Collision with Motor Vehicle,1,Rain,Wet,Daylight
2020-11-11T11:40:00.000,I 85,I 85 and Hines Road Opas,,Not a Collision with Motor Vehicle,1,Cloudy,Wet,Daylight
2020-07-28T09:02:00.000,I 85,I 85 and Hines Road Opas,,Not a Collision with Motor Vehicle,1,Rain,Wet,Daylight
2020-07-24T12:56:00.000,I 85,I 85 and Hines Road Opas,,Not a Collision with Motor Vehicle,1,Cloudy,Dry,Daylight
2020-10-02T17:40:00.000,I 85,I 85 and Hines Road Opas,,Rear End,2,Clear,Dry,Daylight
2020-10-18T14:03:00.000,I 85,I 85 and Hines Road Opas,,Angle Crash,2,Clear,Dry,Daylight
2020-04-02T14:27:00.000,I 85,I 85 and Hines Road Opas,,Not a Collision with Motor Vehicle,1,Clear,Dry,Daylight
2020-07-21T15:00:00.000,I 85,I 85 and Hines Road Opas,,Not a Collision with Motor Vehicle,1,Rain,Wet,Daylight
2020-08-21T12:56:00.000,I 85,I 85 and Hines Road Opas,,Rear End,2,Rain,Wet,Daylight
2020-08-07T08:30:00.000,I 85,I 85 and Hines Road Opas,,Not a Collision with Motor Vehicle,1,Clear,Dry,Daylight
2020-02-18T22:00:00.000,I 85,I 85 and Hines Road Opas,,Not a Collision with Motor Vehicle,1,Rain,Wet,Dark-Not Lighted
2020-09-05T16:04:00.000,I 85,I 85 and Hines Road Opas,,Rear End,2,Clear,Dry,Daylight
2020-09-27T17:14:00.000,I 85,I 85 and Hines Road Opas,,Rear End,2,Cloudy,Dry,Daylight
2020-09-27T17:13:00.000,I 85,I 85 and Hines Road Opas,,Sideswipe-Same Direction,1,Cloudy,Dry,Daylight
2020-11-07T06:19:00.000,I 85,I 85 and Hines Road Opas,,Rear End,2,Rain,Wet,Dawn
2020-09-26T15:31:00.000,I 85,I 85 and Hines Road Opas,,Rear End,2,Cloudy,Dry,Daylight
2020-08-03T17:30:00.000,I 85,I 85 and Hines Road Opas,,Sideswipe-Same Direction,2,Clear,Dry,Daylight
2020-01-16T04:57:00.000,I 85,I 85 and Hines Road Opas,,Not a Collision with Motor Vehicle,1,Rain,Wet,Dark-Not Lighted
2021-10-31T00:09:00.000,I 85,I 85 and Hines Road Opas,,Not a Collision with Motor Vehicle,1,Clear,Dry,Dark-Not Lighted
2021-08-06T18:17:00.000,I 85,I 85 and Hines Road Opas,,Sideswipe-Same Direction,2,Clear,Dry,Daylight
2022-11-23T13:38:00.000,I 85,I 85 and Hines Road Opas,,Rear End,2,Clear,Dry,Daylight
2022-12-04T14:30:00.000,I 85,I 85 and Hines Road Opas,,Sideswipe-Same Direction,2,Cloudy,Dry,Daylight
2022-10-07T07:21:00.000,I 85,I 85 and Hines Road Opas,,Sideswipe-Same Direction,2,Clear,Dry,Dawn
2022-10-21T08:21:00.000,I 85,I 85 and Hines Road Opas,,Not a Collision with Motor Vehicle,1,Clear,Dry,Daylight
2022-10-22T04:30:00.000,I 85,I 85 and Hines Road Opas,,Not a Collision with Motor Vehicle,1,Clear,Dry,Dark-Not Lighted
2020-11-20T12:31:00.000,I 85,I 85 and Hines Road Brg,,Rear End,2,Clear,Dry,Daylight
2021-10-17T17:40:00.000,I 85,I 85 and Hines Rd Opas,,Rear End,2,Clear,Dry,Daylight
2020-11-28T10:19:00.000,I 85,I 85 and Hines Rd Opas,,Angle Crash,2,Clear,Dry,Daylight
2020-11-28T10:19:00.000,I 85,I 85 and Hines Rd Opas,,Rear End,2,Clear,Dry,Daylight
2021-10-06T15:44:00.000,I 85,I 85 and Hines Rd Opas,,Not a Collision with Motor Vehicle,1,Rain,Wet,Daylight
2021-09-06T14:06:00.000,I 85,I 85 and Hines Rd Opas,,Rear End,2,Clear,Dry,Daylight
2022-09-04T21:17:00.000,I 85,I 85 and Hines Rd Opas,,Rear End,4,Rain,Wet,Dark-Not Lighted
2022-08-01T13:20:00.000,I 85,I 85 and Hines Rd Opas,,Not a Collision with Motor Vehicle,1,Rain,Wet,Daylight
2022-09-17T20:25:00.000,I 85,I 85 and Hines Rd Opas,,Rear End,2,Clear,Dry,Dark-Lighted
2022-07-16T14:35:00.000,I 85,I 85 and Hines Rd Opas,,Sideswipe-Same Direction,2,Clear,Dry,Daylight
2022-11-27T12:10:00.000,I 85,I 85 and Hines Rd Opas,,Sideswipe-Same Direction,3,Clear,Dry,Daylight
2022-06-11T16:05:00.000,I 85,I 85 and Hines Rd Opas,,Rear End,2,Clear,Dry,Daylight
2022-08-03T08:00:00.000,I 85,I 85 and Hines Rd Opas,,Rear End,2,Cloudy,Dry,Daylight
2022-05-08T15:31:00.000,I 85,I 85 and Hines Rd Opas,,Sideswipe-Same Direction,2,Clear,Dry,Daylight
2024-05-03T17:20:00.000,I 85,I 85 and Hines Rd Opas,,Rear End,2,Clear,Dry,Daylight
2021-06-05T15:08:00.000,I 85,I 85 and Hines Rd,,Rear End,2,Rain,Wet,Daylight
2021-09-19T02:40:00.000,I 85,I 85 and Hines Rd,,Sideswipe-Same Direction,2,Clear,Dry,Dark-Not Lighted
2021-03-25T20:00:00.000,I 85,I 85 and Hines Rd,,Not a Collision with Motor Vehicle,1,Cloudy,Dry,Dusk
2021-04-09T20:07:00.000,I 85,I 85 and Hines Rd,,Rear End,4,Clear,Dry,Dark-Not Lighted
2021-06-09T16:44:00.000,I 85,I 85 and Hines Rd,,Not a Collision with Motor Vehicle,2,Cloudy,Dry,Daylight
2021-09-07T19:35:00.000,I 85,I 85 and Hines Rd,,Not a Collision with Motor Vehicle,1,Rain,Wet,Daylight
2023-12-13T19:35:00.000,I 85,I 85 and Hines Rd,,Not a Collision with Motor Vehicle,2,Clear,Dry,Dark-Not Lighted
2023-06-06T11:00:00.000,I 85,I 85 and Hines Rd,,Sideswipe-Same Direction,2,Clear,Dry,Daylight
2023-12-21T18:00:00.000,I 85,I 85 and Hines Rd,,Rear End,3,Clear,Dry,Dark-Not Lighted
2023-12-21T18:10:00.000,I 85,I 85 and Hines Rd,,Rear End,2,Clear,Dry,Dark-Not Lighted
2022-02-16T10:35:00.000,I 85,I 85 and Hines Rd,,Rear End,3,Clear,Dry,Daylight
2020-10-09T13:57:00.000,I 85,I 85 and Hines Rd,,Rear End,1,Rain,Wet,Daylight
2021-12-21T17:07:00.000,I 85,I 85 and Hines Rd,,Sideswipe-Same Direction,2,Cloudy,Wet,Dark-Not Lighted
2021-12-13T16:33:00.000,I 85,I 85 and Hines Rd,,Rear End,2,Clear,Dry,Daylight
2021-09-12T22:09:00.000,I 85,I 85 and Hines Rd,,Sideswipe-Same Direction,2,Clear,Dry,Dark-Not Lighted
2022-07-16T06:35:00.000,I 85,I 85 and Hines Rd,,Rear End,2,Cloudy,Dry,Daylight
2022-08-24T15:20:00.000,I 85,I 85 and Hines Rd,,Rear End,2,Rain,Wet,Daylight
2022-10-07T18:10:00.000,I 85,I 85 and Hines Rd,,Rear End,4,Clear,Dry,Daylight
2021-10-10T11:55:00.000,I 85,I 85 and Hines Rd,,Rear End,2,Clear,Dry,Daylight
2022-09-22T19:55:00.000,I 85,I 85 and Hines Rd,,Rear End,2,Clear,Dry,Dark-Not Lighted
2022-08-17T19:15:00.000,I 85,I 85 and Hines Rd,,Not a Collision with Motor Vehicle,1,Clear,Dry,Daylight
2022-07-21T15:10:00.000,I 85,I 85 and Hines Rd,,Not a Collision with Motor Vehicle,1,Severe Thunderstorm or Tornadic,Wet,Daylight
2022-02-14T12:45:00.000,I 85,I 85 and Hines Rd,,Rear End,2,Clear,Dry,Daylight
2022-12-15T11:03:00.000,I 85,I 85 and Hines Rd,,Head On,2,Clear,Dry,Daylight
2022-11-04T22:00:00.000,I 85,I 85 and Hines Rd,,Rear End,3,Clear,Dry,Dark-Not Lighted
2024-03-02T15:00:00.000,I 85,I 85 and Hines Rd,,Rear End,3,Clear,Wet,Daylight
2024-04-11T13:29:00.000,I 85,I 85 and Higway 53,,Not a Collision with Motor Vehicle,1,Rain,Wet,Daylight
2022-01-16T07:39:00.000,I 85,I 85 and Higway 441,,Rear End,2,Sleet,Wet,Daylight
2024-08-01T08:27:00.000,I 85,I 85 and Higway 129,,Rear End,2,Clear,Dry,Daylight
2020-08-27T03:28:00.000,I 85,I 85 and Higjhway 129,,Not a Collision with Motor Vehicle,1,Fog,Wet,Dark-Not Lighted
2022-01-28T17:05:00.000,I 85,I 85 and Highway129 Opas,,Rear End,2,Clear,Dry,Daylight
2020-09-12T18:13:00.000,I 85,I 85 and Highway106,,Sideswipe-Same Direction,1,Rain,Wet,Daylight
2021-06-20T17:25:00.000,I 85,I 85 and Highway 98,,Rear End,2,Cloudy,Wet,Daylight
2021-08-13T16:51:00.000,I 85,I 85 and Highway 98,,Sideswipe-Same Direction,2,Clear,Dry,Daylight
2021-05-03T15:33:00.000,I 85,I 85 and Highway 98,,Not a Collision with Motor Vehicle,1,Rain,Wet,Daylight
2023-07-15T08:56:00.000,I 85,I 85 and Highway 98,,Rear End,2,Clear,Dry,Daylight
2020-07-06T17:57:00.000,I 85,I 85 and Highway 98,,Sideswipe-Same Direction,2,Rain,Wet,Dusk
2020-10-28T16:13:00.000,I 85,I 85 and Highway 98,,Not a Collision with Motor Vehicle,1,Cloudy,Dry,Daylight
2020-06-07T17:27:00.000,I 85,I 85 and Highway 98,,Sideswipe-Same Direction,2,Clear,Dry,Daylight
2020-01-08T07:45:00.000,I 85,I 85 and Highway 98,,Rear End,2,Clear,Dry,Dawn
2022-10-18T07:52:00.000,I 85,I 85 and Highway 98,,Sideswipe-Same Direction,2,Clear,Dry,Daylight
2023-02-12T05:27:00.000,I 85,I 85 and Highway 98,,Sideswipe-Same Direction,2,Rain,Wet,Dark-Not Lighted
2024-09-06T09:30:00.000,I 85,I 85 and Highway 98,,Not a Collision with Motor Vehicle,1,Clear,Dry,Daylight
2024-01-22T15:12:00.000,I 85,I 85 and Highway 98,,Rear End,2,Clear,Dry,Daylight
2021-07-22T13:59:00.000,I 85,I 85 and Highway 82 Spur,,Rear End,2,Clear,Dry,Daylight
2023-01-10T16:59:00.000,I 85,I 85 and Highway 82 Spur,,Not a Collision with Motor Vehicle,1,Clear,Dry,Daylight
2021-10-23T16:47:00.000,I 85,I 85 and Highway 82 Spur,,Not a Collision with Motor Vehicle,1,Clear,Dry,Daylight
2020-01-22T07:11:00.000,I 85,I 85 and Highway 82,,Not a Collision with Motor Vehicle,1,Clear,Dry,Dawn
2020-07-13T05:13:00.000,I 85,I 85 and Highway 82,,Rear End,2,Clear,Dry,Dark-Not Lighted
2022-05-11T00:13:00.000,I 85,I 85 and Highway 77,,Rear End,2,Cloudy,Dry,Dark-Not Lighted
2021-11-21T21:30:00.000,I 85,I 85 and Highway 77,,Not a Collision with Motor Vehicle,1,Cloudy,Dry,Dark-Not Lighted
2022-11-05T01:07:00.000,I 85,I 85 and Highway 77,,Rear End,2,Cloudy,Dry,Dark-Not Lighted
2024-09-10T23:45:00.000,I 85,I 85 and Highway 77,,Not a Collision with Motor Vehicle,1,Clear,Dry,Dark-Not Lighted
2023-02-02T12:59:00.000,I 85,I 85 and Highway 63,,Sideswipe-Same Direction,2,Clear,Dry,Daylight
2024-12-01T16:22:00.000,I 85,I 85 and Highway 63,,Rear End,2,Clear,Dry,Daylight
2023-05-12T14:44:00.000,I 85,I 85 and Highway 63,,Rear End,2,Rain,Wet,Daylight
2023-03-22T13:16:00.000,I 85,I 85 and Highway 63,,Sideswipe-Same Direction,2,Cloudy,Dry,Daylight
2023-04-01T10:56:00.000,I 85,I 85 and Highway 63,,Sideswipe-Same Direction,2,Clear,Wet,Daylight
2024-06-16T16:46:00.000,I 85,I 85 and Highway 63,,Sideswipe-Same Direction,2,Clear,Dry,Daylight
2024-06-16T14:43:00.000,I 85,I 85 and Highway 63,,Sideswipe-Same Direction,2,Clear,Dry,Daylight
2021-08-05T14:22:00.000,I 85,I 85 and Highway 60,,Not a Collision with Motor Vehicle,1,Clear,Dry,Daylight
2021-04-25T13:15:00.000,I 85,I 85 and Highway 60,,Rear End,2,Clear,Dry,Daylight
2021-04-05T18:33:00.000,I 85,I 85 and Highway 60,,Rear End,2,Clear,Dry,Daylight
2021-08-13T11:38:00.000,I 85,I 85 and Highway 60,,Rear End,2,Clear,Dry,Daylight
2022-07-15T12:18:00.000,I 85,I 85 and Highway 54,,(None),2,(None),(None),(None)
2024-03-07T11:50:00.000,I 85,I 85 and Highway 54,,Sideswipe-Same Direction,2,Clear,Dry,Daylight
2021-09-02T12:02:00.000,I 85,I 85 and Highway 53,,Rear End,2,Clear,Dry,Daylight
2021-11-07T18:28:00.000,I 85,I 85 and Highway 53,,Rear End,2,Clear,Dry,Dark-Not Lighted
2021-11-18T14:32:00.000,I 85,I 85 and Highway 53,,Rear End,3,Cloudy,Dry,Daylight
2020-11-11T16:23:00.000,I 85,I 85 and Highway 53,,Sideswipe-Same Direction,2,Rain,Wet,Daylight
2020-05-29T16:34:00.000,I 85,I 85 and Highway 53,,Rear End,2,Clear,Dry,Daylight
2020-04-13T01:43:00.000,I 85,I 85 and Highway 53,,Not a Collision with Motor Vehicle,1,Rain,Wet,Dark-Not Lighted
2021-10-21T09:56:00.000,I 85,I 85 and Highway 53,,Rear End,2,Clear,Dry,Daylight
2021-09-16T13:33:00.000,I 85,I 85 and Highway 53,,Not a Collision with Motor Vehicle,1,Rain,Wet,Daylight
2021-11-13T16:24:00.000,I 85,I 85 and Highway 53,,Rear End,2,Clear,Dry,Daylight
2022-06-01T14:00:00.000,I 85,I 85 and Highway 53,,Rear End,2,Clear,Dry,Daylight
2023-09-28T18:45:00.000,I 85,I 85 and Highway 51,,Not a Collision with Motor Vehicle,1,Clear,Dry,Daylight
2023-05-07T23:23:00.000,I 85,I 85 and Highway 51,,Sideswipe-Same Direction,1,Rain,Wet,Dark-Not Lighted
2022-07-03T23:30:00.000,I 85,I 85 and Highway 51,,Not a Collision with Motor Vehicle,1,Cloudy,Wet,Dark-Not Lighted
2022-02-21T17:18:00.000,I 85,I 85 and Highway 51,,Not a Collision with Motor Vehicle,1,Rain,Wet,Daylight
2020-03-08T18:15:00.000,I 85,I 85 and Highway 441,,Rear End,2,Clear,Dry,Daylight
2021-04-03T17:35:00.000,I 85,I 85 and Highway 441,,Rear End,3,Clear,Dry,Daylight
2020-12-08T21:10:00.000,I 85,I 85 and Highway 441,,Rear End,2,Clear,Dry,Dark-Not Lighted
2020-02-07T17:36:00.000,I 85,I 85 and Highway 441,,Sideswipe-Same Direction,2,Cloudy,Dry,Daylight
2020-07-02T10:05:00.000,I 85,I 85 and Highway 441,,Rear End,2,Clear,Dry,Daylight
2020-01-24T18:14:00.000,I 85,I 85 and Highway 441,,Rear End,2,Cloudy,Wet,Dark-Not Lighted
2020-08-16T16:39:00.000,I 85,I 85 and Highway 441,,Head On,2,Clear,Dry,Daylight
2021-01-31T18:14:00.000,I 85,I 85 and Highway 441,,Rear End,2,Cloudy,Dry,Dark-Lighted
2022-06-05T17:58:00.000,I 85,I 85 and Highway 441,,Rear End,2,Clear,Dry,Daylight
2022-03-26T18:40:00.000,I 85,I 85 and Highway 441,,Rear End,2,Clear,Dry,Daylight
2021-09-23T19:04:00.000,I 85,I 85 and Highway 441,,Head On,2,Clear,Dry,Daylight
2022-03-29T21:17:00.000,I 85,I 85 and Highway 441,,Sideswipe-Same Direction,2,Clear,Dry,Dark-Not Lighted
2022-05-07T12:02:00.000,I 85,I 85 and Highway 441,,Sideswipe-Same Direction,2,Clear,Dry,Daylight
2024-05-03T15:28:00.000,I 85,I 85 and Highway 441,,Sideswipe-Same Direction,2,Cloudy,Dry,Daylight
2024-12-07T10:35:00.000,I 85,I 85 and Highway 441,,Rear End,2,Clear,Dry,Daylight
2021-03-31T14:00:00.000,I 85,I 85 and Highway 332,,Rear End,3,Rain,Wet,Daylight
2021-06-20T17:24:00.000,I 85,I 85 and Highway 332,,Rear End,2,Cloudy,Dry,Daylight
2021-11-07T14:05:00.000,I 85,I 85 and Highway 332,,Rear End,2,Clear,Dry,Daylight
2021-12-22T12:35:00.000,I 85,I 85 and Highway 332,,Rear End,2,Clear,Dry,Daylight
2023-01-09T15:36:00.000,I 85,I 85 and Highway 332,,Sideswipe-Same Direction,1,Clear,Dry,Daylight