Date and Time,Roadway (From Crash Report),Intersection Name (from Crash Report),KABCO Severity,Manner of Collision (Crash Level) ,# of Vehicles per crash ,Weather Conditions (Crash Level),Surface Condition (Crash Level) ,Light Conditions (Crash Level)
2021-03-18T18:18:00.000,I 85,I 85 and Highway 332,,Rear End,2,Clear,Dry,Daylight
2021-10-28T14:50:00.000,I 85,I 85 and Highway 332,,Rear End,2,Rain,Wet,Daylight
2022-10-13T12:28:00.000,I 85,I 85 and Highway 332,,Sideswipe-Same Direction,2,Clear,Dry,Daylight
2022-05-14T22:20:00.000,I 85,I 85 and Highway 320,,Not a Collision with Motor Vehicle,4,Clear,Dry,Dark-Not Lighted
2023-10-28T15:15:00.000,I 85,I 85 and Highway 320,,Head On,2,(None),(None),(None)
2023-01-12T01:46:00.000,I 85,I 85 and Highway 320,,Sideswipe-Same Direction,2,Cloudy,Dry,Dark-Not Lighted
2020-11-25T11:10:00.000,I 85,I 85 and Highway 316,,Rear End,2,Clear,Dry,Daylight
2024-03-10T20:23:00.000,I 85,I 85 and Highway 316,,Not a Collision with Motor Vehicle,1,Clear,Dry,Dark-Lighted
2023-06-05T10:50:00.000,I 85,I 85 and Highway 29,,Rear End,2,Clear,Dry,Daylight
2022-08-17T15:30:00.000,I 85,I 85 and Highway 29,,Not a Collision with Motor Vehicle,1,Rain,Wet,Daylight
2023-06-19T15:50:00.000,I 85,I 85 and Highway 211,,Rear End,2,Cloudy,Dry,Daylight
2024-06-15T02:09:00.000,I 85,I 85 and Highway 211,,Sideswipe-Same Direction,2,Cloudy,Dry,Dark-Not Lighted
2024-11-01T12:12:00.000,I 85,I 85 and Highway 211,,Sideswipe-Same Direction,2,Cloudy,Dry,Daylight
2023-07-21T07:20:00.000,I 85,I 85 and Highway 18,,Not a Collision with Motor Vehicle,1,Clear,Dry,Daylight
2020-04-28T17:10:00.000,I 85,I 85 and Highway 18,,Rear End,2,Clear,Dry,Daylight
2022-12-31T18:14:00.000,I 85,I 85 and Highway 18,,Rear End,2,Cloudy,Wet,Dusk
2024-12-01T23:45:00.000,I 85,I 85 and Highway 17 On Rp,,Sideswipe-Same Direction,2,Clear,Dry,Dark-Not Lighted
2022-07-01T19:40:00.000,I 85,I 85 and Highway 17 Exit,,Angle Crash,2,Cloudy,Wet,Daylight
2022-10-22T00:20:00.000,I 85,I 85 and Highway 17   Mile Marker 173,,Not a Collision with Motor Vehicle,1,Clear,Dry,Dark-Not Lighted
2023-01-13T05:43:00.000,I 85,I 85 and Highway 17,,Not a Collision with Motor Vehicle,1,Cloudy,Dry,Dark-Not Lighted
2020-07-07T12:45:00.000,I 85,I 85 and Highway 17,,Rear End,2,Rain,Wet,Daylight
2024-08-01T23:35:00.000,I 85,I 85 and Highway 17,,Rear End,2,Cloudy,Wet,Dark-Not Lighted
2021-05-04T17:35:00.000,I 85,I 85 and Highway 166,,Rear End,2,Rain,Wet,Daylight
2020-01-03T16:47:00.000,I 85,I 85 and Highway 154,,Not a Collision with Motor Vehicle,1,Rain,Wet,Dawn
2022-07-09T11:22:00.000,I 85,I 85 and Highway 154,,Not a Collision with Motor Vehicle,1,Rain,Wet,Daylight
2024-12-09T11:28:00.000,I 85,I 85 and Highway 138,,Rear End,3,Rain,Wet,Daylight
2022-03-18T11:40:00.000,I 85,I 85 and Highway 13,,Rear End,2,Rain,Wet,Daylight
2022-03-18T11:45:00.000,I 85,I 85 and Highway 13,,Sideswipe-Same Direction,2,Rain,Wet,Daylight
2021-02-06T19:50:00.000,I 85,I 85 and Highway 129,,Rear End,2,Snow,Slush,Dark-Not Lighted
2021-10-14T16:36:00.000,I 85,I 85 and Highway 129,,Rear End,2,Clear,Dry,Daylight
2021-12-10T14:06:00.000,I 85,I 85 and Highway 129,,Sideswipe-Same Direction,2,Fog,Wet,Daylight
2021-12-27T15:45:00.000,I 85,I 85 and Highway 129,,Rear End,2,Cloudy,Dry,Daylight
2020-10-29T16:19:00.000,I 85,I 85 and Highway 129,,Sideswipe-Same Direction,2,Clear,Dry,Daylight
2020-11-22T08:06:00.000,I 85,I 85 and Highway 129,,Not a Collision with Motor Vehicle,1,Clear,Dry,Daylight
2020-10-29T16:19:00.000,I 85,I 85 and Highway 129,,Rear End,2,Clear,Dry,Daylight
2020-11-26T11:34:00.000,I 85,I 85 and Highway 129,,Rear End,2,Clear,Dry,Daylight
2020-11-13T17:57:00.000,I 85,I 85 and Highway 129,,Rear End,2,Clear,Dry,Dark-Not Lighted
2020-08-02T14:28:00.000,I 85,I 85 and Highway 129,,Not a Collision with Motor Vehicle,1,Clear,Dry,Daylight
2021-05-06T07:13:00.000,I 85,I 85 and Highway 129,,Rear End,2,Clear,Dry,Daylight
2022-03-15T12:51:00.000,I 85,I 85 and Highway 129,,Rear End,2,Clear,Dry,Daylight
2022-05-22T13:40:00.000,I 85,I 85 and Highway 129,,Rear End,3,Clear,Dry,Daylight
2022-09-25T15:12:00.000,I 85,I 85 and Highway 129,,Rear End,2,Clear,Dry,Daylight
2022-08-12T14:45:00.000,I 85,I 85 and Highway 129,,Rear End,2,Clear,Dry,Daylight
2022-05-17T11:22:00.000,I 85,I 85 and Highway 129,,Rear End,2,Clear,Dry,Daylight
2022-08-04T13:52:00.000,I 85,I 85 and Highway 129,,Sideswipe-Same Direction,2,Clear,Dry,Daylight
2022-03-05T15:40:00.000,I 85,I 85 and Highway 129,,Rear End,2,Clear,Dry,Daylight
2022-09-14T16:54:00.000,I 85,I 85 and Highway 129,,Sideswipe-Same Direction,2,Clear,Dry,Daylight
2022-10-25T06:50:00.000,I 85,I 85 and Highway 129,,Rear End,2,Clear,Dry,Dawn
2022-12-21T05:43:00.000,I 85,I 85 and Highway 129,,Sideswipe-Same Direction,2,Clear,Dry,Dark-Not Lighted
2022-12-28T21:43:00.000,I 85,I 85 and Highway 129,,Sideswipe-Same Direction,2,Clear,Dry,Dark-Not Lighted
2022-11-14T18:37:00.000,I 85,I 85 and Highway 129,,Angle Crash,2,Clear,Dry,Dark-Not Lighted
2022-12-03T10:25:00.000,I 85,I 85 and Highway 129,,Rear End,2,Cloudy,Dry,Daylight
2022-03-15T12:22:00.000,I 85,I 85 and Highway 129,,Not a Collision with Motor Vehicle,1,Clear,Dry,Daylight
2022-10-23T15:48:00.000,I 85,I 85 and Highway 129,,Rear End,2,Clear,Dry,Daylight
2022-05-11T17:41:00.000,I 85,I 85 and Highway 129,,Rear End,2,Clear,Dry,Daylight
2022-07-07T07:45:00.000,I 85,I 85 and Highway 129,,Rear End,2,Clear,Dry,Daylight
2024-02-05T14:54:00.000,I 85,I 85 and Highway 129,,Sideswipe-Same Direction,2,Clear,Dry,Daylight
2023-01-28T11:05:00.000,I 85,I 85 and Highway 129,,Rear End,2,Clear,Dry,Daylight
2023-12-15T09:09:00.000,I 85,I 85 and Highway 129,,Sideswipe-Same Direction,2,Clear,Dry,Daylight
2023-01-10T14:33:00.000,I 85,I 85 and Highway 129,,Rear End,2,Clear,Dry,Daylight
2024-03-18T13:41:00.000,I 85,I 85 and Highway 129,,Rear End,2,Clear,Dry,Daylight
2024-11-10T19:09:00.000,I 85,I 85 and Highway 129,,Angle Crash,2,Rain,Wet,Dark-Lighted
2020-08-22T09:07:00.000,I 85,I 85 and Highway 11,,Not a Collision with Motor Vehicle,1,Cloudy,Dry,Daylight
2021-02-06T06:25:00.000,I 85,I 85 and Highway 11,,Not a Collision with Motor Vehicle,1,Cloudy,Dry,Dark-Not Lighted
2021-06-13T11:43:00.000,I 85,I 85 and Highway 11,,Not a Collision with Motor Vehicle,1,Cloudy,Dry,Daylight
2021-12-21T10:25:00.000,I 85,I 85 and Highway 11,,Rear End,2,Cloudy,Dry,Daylight
2023-10-19T22:30:00.000,I 85,I 85 and Highway 106,,Not a Collision with Motor Vehicle,2,Clear,Dry,Dark-Lighted
2023-10-06T19:25:00.000,I 85,I 85 and Highway 106,,Rear End,2,Clear,Dry,Dark-Not Lighted
2024-07-25T19:21:00.000,I 85,I 85 and Highway 100,,(None),2,(None),(None),(None)
2023-08-08T00:14:00.000,I 85,I 85 and Herrington Rd,,Sideswipe-Same Direction,2,Cloudy,Wet,Dark-Lighted
2022-11-27T14:26:00.000,I 85,I 85 and Harden Bridge Road Underpass,,Rear End,2,Clear,Dry,Daylight
2023-06-01T13:56:00.000,I 85,I 85 and Harden Bridge Road Opas,,Sideswipe-Same Direction,2,Clear,Dry,Daylight
2024-09-19T13:10:00.000,I 85,I 85 and Harden Bridge Road Opas,,Sideswipe-Same Direction,2,Clear,Dry,Daylight
2024-05-31T15:46:00.000,I 85,I 85 and Harden Bridge Rd Underpass,,Sideswipe-Same Direction,2,Clear,Dry,Daylight
2023-06-07T09:31:00.000,I 85,I 85 and Harden Bridge Rd Opas,,Rear End,2,Clear,Dry,Daylight
2023-11-09T07:55:00.000,I 85,I 85 and Harden Bridge Rd Brg,,Sideswipe-Same Direction,2,Clear,Wet,Daylight
2022-12-14T11:46:00.000,I 85,I 85 and Harden Bridge Rd,,Rear End,2,Rain,Wet,Daylight
2022-11-27T15:44:00.000,I 85,I 85 and Harden Bridge Rd,,Not a Collision with Motor Vehicle,1,Clear,Dry,Daylight
2022-12-14T11:46:00.000,I 85,I 85 and Harden Bridge Rd,,Rear End,2,Rain,Wet,Daylight
2023-06-19T09:01:00.000,I 85,I 85 and Harden Bridge Rd,,Not a Collision with Motor Vehicle,1,Rain,Wet,Daylight
2023-03-26T15:20:00.000,I 85,I 85 and Harden Bridge Rd,,Rear End,2,Cloudy,Wet,Daylight
2023-05-30T09:40:00.000,I 85,I 85 and Harden Bridge Rd,,Sideswipe-Same Direction,2,Clear,Dry,Daylight
2023-10-05T10:19:00.000,I 85,I 85 and Harden Bridge Rd,,Rear End,3,Clear,Dry,Daylight
2023-08-14T11:23:00.000,I 85,I 85 and Harden Bridge Rd,,Rear End,2,Clear,Dry,Daylight
2023-12-23T13:36:00.000,I 85,I 85 and Harden Bridge Rd,,Rear End,3,Clear,Dry,Daylight
2024-01-04T14:16:00.000,I 85,I 85 and Harden Bridge Rd,,Not a Collision with Motor Vehicle,1,Clear,Dry,Daylight
2023-07-17T10:00:00.000,I 85,I 85 and Hanilton Mill Pkwy,,Sideswipe-Same Direction,2,Clear,Dry,Daylight
2021-07-28T15:30:00.000,I 85,I 85 and Hamlton Mill Rd,,Angle Crash,2,Clear,Dry,Daylight
2020-12-08T10:43:00.000,I 85,I 85 and Hamilton Rd Exit 120,,Angle Crash,2,Clear,Dry,Daylight
2021-09-07T21:20:00.000,I 85,I 85 and Hamilton Rd,,Not a Collision with Motor Vehicle,1,Rain,Wet,Dark-Not Lighted
2022-06-21T19:20:00.000,I 85,I 85 and Hamilton Rd,,Sideswipe-Same Direction,2,Clear,Dry,Daylight
2021-02-04T19:30:00.000,I 85,I 85 and Hamilton Ml,,Rear End,2,Clear,Dry,Dark-Lighted
2023-11-16T17:15:00.000,I 85,I 85 and Hamilton Ml,,Not a Collision with Motor Vehicle,1,Clear,Dry,Dark-Not Lighted
2021-07-19T09:30:00.000,I 85,I 85 and Hamilton Ml,,Not a Collision with Motor Vehicle,1,Rain,Wet,Daylight
2022-05-12T06:00:00.000,I 85,I 85 and Hamilton Ml,,Rear End,2,Clear,Dry,Dark-Not Lighted
2023-12-20T17:45:00.000,I 85,I 85 and Hamilton Ml,,Rear End,2,Clear,Dry,Dark-Not Lighted
2024-05-12T18:38:00.000,I 85,I 85 and Hamilton Ml,,Rear End,2,Clear,Dry,Daylight
2024-10-30T19:59:00.000,I 85,I 85 and Hamilton Ml,,Sideswipe-Same Direction,2,Clear,Dry,Dark-Not Lighted
2024-10-30T15:50:00.000,I 85,I 85 and Hamilton Ml,,Rear End,2,Clear,Dry,Daylight
2020-05-29T18:59:00.000,I 85,I 85 and Hamilton Mills Rd,,Rear End,2,Clear,Dry,Daylight
2021-07-28T19:30:00.000,I 85,I 85 and Hamilton Millroad,,Not a Collision with Motor Vehicle,1,Clear,Dry,Daylight
2020-03-06T08:30:00.000,I 85,I 85 and Hamilton Milll Rd,,Sideswipe-Same Direction,2,Clear,Dry,Daylight
2022-06-10T15:05:00.000,I 85,I 85 and Hamilton Mill Rp,,Rear End,2,Clear,Dry,Daylight
2021-11-29T11:32:00.000,I 85,I 85 and Hamilton Mill Road Exit Rp,,Rear End,2,Clear,Dry,Daylight
2020-06-06T11:45:00.000,I 85,I 85 and Hamilton Mill Road Exit 120,,Sideswipe-Same Direction,2,Clear,Dry,Daylight
2020-08-11T18:00:00.000,I 85,I 85 and Hamilton Mill Road Exit 120,,Not a Collision with Motor Vehicle,1,Clear,Dry,Daylight
2021-10-20T15:13:00.000,I 85,I 85 and Hamilton Mill Rd.,,Sideswipe-Same Direction,2,Clear,Dry,Daylight
2022-09-10T13:38:00.000,I 85,I 85 and Hamilton Mill Rd.,,Angle Crash,3,Cloudy,Wet,Daylight
2022-03-22T12:36:00.000,I 85,I 85 and Hamilton Mill Rd.,,Sideswipe-Same Direction,2,Clear,Dry,Daylight
2022-07-03T18:48:00.000,I 85,I 85 and Hamilton Mill Rd.,,Not a Collision with Motor Vehicle,2,Clear,Dry,Daylight
2022-12-07T06:07:00.000,I 85,I 85 and Hamilton Mill Rd.,,Sideswipe-Same Direction,2,Rain,Wet,Dark-Not Lighted
2022-09-01T05:43:00.000,I 85,I 85 and Hamilton Mill Rd.,,Sideswipe-Same Direction,2,Clear,Dry,Dark-Not Lighted
2022-08-30T10:23:00.000,I 85,I 85 and Hamilton Mill Rd.,,Rear End,2,Clear,Dry,Daylight
2022-03-13T05:32:00.000,I 85,I 85 and Hamilton Mill Rd.,,Not a Collision with Motor Vehicle,1,Clear,Dry,Dark-Not Lighted
2022-12-10T00:39:00.000,I 85,I 85 and Hamilton Mill Rd.,,Sideswipe-Same Direction,3,Rain,Wet,Dark-Lighted
2024-12-28T06:10:00.000,I 85,I 85 and Hamilton Mill Rd.,,Rear End,2,Rain,Wet,Dark-Not Lighted
2024-01-26T16:27:00.000,I 85,I 85 and Hamilton Mill Rd.,,Rear End,2,Clear,Dry,Daylight
2024-01-23T17:35:00.000,I 85,I 85 and Hamilton Mill Rd.,,Sideswipe-Same Direction,2,Cloudy,Dry,Daylight
2024-06-30T13:01:00.000,I 85,I 85 and Hamilton Mill Rd.,,Not a Collision with Motor Vehicle,1,Clear,Dry,Daylight
2021-11-17T08:33:00.000,I 85,I 85 and Hamilton Mill Rd Exit 120,,Head On,2,Clear,Dry,Daylight
2023-02-20T02:08:00.000,I 85,I 85 and Hamilton Mill Rd Exit 120,,Not a Collision with Motor Vehicle,1,Clear,Dry,Dark-Not Lighted
2020-08-20T15:05:00.000,I 85,I 85 and Hamilton Mill Rd Exit,,Rear End,2,Cloudy,Dry,Daylight
2021-01-19T18:30:00.000,I 85,I 85 and Hamilton Mill Rd,,Rear End,2,Clear,Dry,Dark-Lighted
2021-06-25T16:12:00.000,I 85,I 85 and Hamilton Mill Rd,,Sideswipe-Same Direction,2,Clear,Dry,Daylight
2021-03-08T07:35:00.000,I 85,I 85 and Hamilton Mill Rd,,Rear End,2,Clear,Dry,Daylight
2021-11-24T19:45:00.000,I 85,I 85 and Hamilton Mill Rd,,Sideswipe-Same Direction,2,Clear,Dry,Dark-Not Lighted
2021-07-11T17:25:00.000,I 85,I 85 and Hamilton Mill Rd,,Rear End,2,Cloudy,Wet,Daylight
2021-04-20T17:00:00.000,I 85,I 85 and Hamilton Mill Rd,,Sideswipe-Same Direction,2,Clear,Dry,Daylight
2021-05-09T20:35:00.000,I 85,I 85 and Hamilton Mill Rd,,Not a Collision with Motor Vehicle,1,Cloudy,Dry,Dark-Not Lighted
2021-03-08T16:14:00.000,I 85,I 85 and Hamilton Mill Rd,,Sideswipe-Same Direction,4,Clear,Dry,Daylight
2021-01-19T21:20:00.000,I 85,I 85 and Hamilton Mill Rd,,Rear End,2,Cloudy,Dry,Dark-Not Lighted
2021-06-07T17:24:00.000,I 85,I 85 and Hamilton Mill Rd,,Not a Collision with Motor Vehicle,1,Clear,Dry,Daylight
2021-09-17T10:20:00.000,I 85,I 85 and Hamilton Mill Rd,,Rear End,2,Cloudy,Dry,Daylight
2021-11-06T23:00:00.000,I 85,I 85 and Hamilton Mill Rd,,Not a Collision with Motor Vehicle,1,Cloudy,Dry,Dark-Not Lighted
2021-11-03T17:02:00.000,I 85,I 85 and Hamilton Mill Rd,,Sideswipe-Same Direction,2,Clear,Dry,Daylight
2021-10-24T03:53:00.000,I 85,I 85 and Hamilton Mill Rd,,Not a Collision with Motor Vehicle,1,Clear,Dry,Dark-Not Lighted
2021-10-15T20:26:00.000,I 85,I 85 and Hamilton Mill Rd,,Angle Crash,2,Clear,Dry,Dark-Not Lighted
2021-08-12T06:54:00.000,I 85,I 85 and Hamilton Mill Rd,,Rear End,2,Clear,Dry,Daylight
2021-07-28T16:35:00.000,I 85,I 85 and Hamilton Mill Rd,,Sideswipe-Same Direction,2,Clear,Dry,Daylight
2021-08-05T18:30:00.000,I 85,I 85 and Hamilton Mill Rd,,Rear End,2,Clear,Dry,Daylight
2021-07-24T17:43:00.000,I 85,I 85 and Hamilton Mill Rd,,Sideswipe-Same Direction,2,Cloudy,Dry,Daylight
2021-09-22T14:35:00.000,I 85,I 85 and Hamilton Mill Rd,,Rear End,2,Clear,Dry,Daylight
2021-03-20T12:50:00.000,I 85,I 85 and Hamilton Mill Rd,,Rear End,2,Clear,Dry,Daylight
2021-02-18T13:10:00.000,I 85,I 85 and Hamilton Mill Rd,,Rear End,3,Rain,Wet,Daylight
2021-04-15T17:35:00.000,I 85,I 85 and Hamilton Mill Rd,,Rear End,2,Clear,Dry,Daylight
2021-03-19T20:36:00.000,I 85,I 85 and Hamilton Mill Rd,,Not a Collision with Motor Vehicle,1,Clear,Dry,Dark-Not Lighted
2021-10-01T07:25:00.000,I 85,I 85 and Hamilton Mill Rd,,Sideswipe-Same Direction,2,Clear,Dry,Daylight
2021-12-26T19:13:00.000,I 85,I 85 and Hamilton Mill Rd,,Sideswipe-Same Direction,2,Clear,Dry,Dark-Lighted
2021-11-08T18:43:00.000,I 85,I 85 and Hamilton Mill Rd,,Angle Crash,2,Clear,Dry,Dark-Lighted
2021-12-21T08:45:00.000,I 85,I 85 and Hamilton Mill Rd,,Sideswipe-Same Direction,2,Rain,Wet,Daylight
2021-10-20T02:10:00.000,I 85,I 85 and Hamilton Mill Rd,,Rear End,2,Clear,Dry,Dark-Not Lighted
2021-10-26T17:23:00.000,I 85,I 85 and Hamilton Mill Rd,,Rear End,2,Clear,Dry,Daylight
2020-10-18T17:15:00.000,I 85,I 85 and Hamilton Mill Rd,,Rear End,2,Clear,Dry,Daylight
2020-02-25T17:49:00.000,I 85,I 85 and Hamilton Mill Rd,,Rear End,2,Clear,Dry,Daylight
2023-12-18T13:37:00.000,I 85,I 85 and Hamilton Mill Rd,,Sideswipe-Same Direction,3,Clear,Dry,Daylight
2023-10-20T10:51:00.000,I 85,I 85 and Hamilton Mill Rd,,Not a Collision with Motor Vehicle,1,Cloudy,Wet,Daylight
2023-09-12T20:30:00.000,I 85,I 85 and Hamilton Mill Rd,,Sideswipe-Same Direction,2,Clear,Dry,Daylight
2023-12-28T13:30:00.000,I 85,I 85 and Hamilton Mill Rd,,Sideswipe-Same Direction,2,Cloudy,Dry,Daylight
2023-05-12T14:00:00.000,I 85,I 85 and Hamilton Mill Rd,,Not a Collision with Motor Vehicle,1,Clear,Dry,Daylight
2023-07-24T20:56:00.000,I 85,I 85 and Hamilton Mill Rd,,Rear End,2,Cloudy,Dry,Dark-Not Lighted
2023-11-05T01:05:00.000,I 85,I 85 and Hamilton Mill Rd,,Angle Crash,1,Clear,Dry,Dark-Lighted
2023-04-02T15:30:00.000,I 85,I 85 and Hamilton Mill Rd,,Sideswipe-Same Direction,2,Clear,Dry,Daylight
2023-07-21T11:40:00.000,I 85,I 85 and Hamilton Mill Rd,,Head On,2,Cloudy,Dry,Daylight
2023-10-25T09:49:00.000,I 85,I 85 and Hamilton Mill Rd,,Rear End,2,Clear,Dry,Daylight
2023-04-25T16:30:00.000,I 85,I 85 and Hamilton Mill Rd,,Angle Crash,2,Clear,Dry,Daylight
2023-05-13T21:08:00.000,I 85,I 85 and Hamilton Mill Rd,,Not a Collision with Motor Vehicle,1,Clear,Dry,Dark-Lighted
2023-09-03T12:50:00.000,I 85,I 85 and Hamilton Mill Rd,,Rear End,2,Clear,Dry,Daylight
2023-05-04T18:58:00.000,I 85,I 85 and Hamilton Mill Rd,,Rear End,2,Clear,Dry,Daylight
2023-12-06T22:56:00.000,I 85,I 85 and Hamilton Mill Rd,,Rear End,2,Clear,Dry,Dark-Lighted
2023-08-09T11:58:00.000,I 85,I 85 and Hamilton Mill Rd,,Rear End,2,Clear,Dry,Daylight
2023-01-24T11:50:00.000,I 85,I 85 and Hamilton Mill Rd,,Not a Collision with Motor Vehicle,2,Clear,Dry,Daylight
2023-12-27T06:30:00.000,I 85,I 85 and Hamilton Mill Rd,,Sideswipe-Same Direction,2,Rain,Wet,Dark-Not Lighted
2023-01-16T21:00:00.000,I 85,I 85 and Hamilton Mill Rd,,Sideswipe-Same Direction,2,Clear,Dry,Dark-Not Lighted
2023-12-21T19:23:00.000,I 85,I 85 and Hamilton Mill Rd,,Rear End,2,Clear,Dry,Dark-Not Lighted
2023-03-31T21:48:00.000,I 85,I 85 and Hamilton Mill Rd,,Rear End,2,Clear,Dry,Dark-Lighted
2023-05-08T08:30:00.000,I 85,I 85 and Hamilton Mill Rd,,Sideswipe-Same Direction,2,Cloudy,Wet,Daylight
2023-12-23T02:14:00.000,I 85,I 85 and Hamilton Mill Rd,,Sideswipe-Same Direction,2,Clear,Dry,Dark-Not Lighted
2023-07-14T06:07:00.000,I 85,I 85 and Hamilton Mill Rd,,Rear End,2,Clear,Dry,Dusk
2023-05-18T15:50:00.000,I 85,I 85 and Hamilton Mill Rd,,Sideswipe-Same Direction,2,Cloudy,Wet,Daylight
2023-03-31T20:48:00.000,I 85,I 85 and Hamilton Mill Rd,,Sideswipe-Same Direction,2,Clear,Dry,Dark-Lighted
2023-06-20T14:49:00.000,I 85,I 85 and Hamilton Mill Rd,,Not a Collision with Motor Vehicle,1,Rain,Wet,Daylight
2023-08-07T23:27:00.000,I 85,I 85 and Hamilton Mill Rd,,Angle Crash,2,Cloudy,Dry,Dark-Lighted
2023-10-20T11:11:00.000,I 85,I 85 and Hamilton Mill Rd,,Rear End,3,Cloudy,Wet,Daylight
2023-07-05T11:00:00.000,I 85,I 85 and Hamilton Mill Rd,,Sideswipe-Same Direction,2,Rain,Wet,Daylight
2023-11-20T17:00:00.000,I 85,I 85 and Hamilton Mill Rd,,Sideswipe-Same Direction,2,Clear,Dry,Daylight
2023-01-05T20:43:00.000,I 85,I 85 and Hamilton Mill Rd,,Angle Crash,2,Clear,Dry,Dark-Not Lighted
2023-01-09T17:24:00.000,I 85,I 85 and Hamilton Mill Rd,,Rear End,2,Clear,Dry,Daylight
2023-10-10T07:40:00.000,I 85,I 85 and Hamilton Mill Rd,,Rear End,2,Clear,Dry,Dawn
2023-12-15T22:09:00.000,I 85,I 85 and Hamilton Mill Rd,,Sideswipe-Same Direction,2,Clear,Dry,Dark-Lighted
2023-03-12T01:20:00.000,I 85,I 85 and Hamilton Mill Rd,,Rear End,2,Rain,Wet,Dark-Not Lighted
2023-03-22T12:05:00.000,I 85,I 85 and Hamilton Mill Rd,,Rear End,2,Cloudy,Dry,Daylight
2023-05-10T05:50:00.000,I 85,I 85 and Hamilton Mill Rd,,Rear End,2,Clear,Dry,Dawn
2022-11-09T16:25:00.000,I 85,I 85 and Hamilton Mill Rd,,Sideswipe-Same Direction,2,Clear,Dry,Daylight
2022-09-19T15:15:00.000,I 85,I 85 and Hamilton Mill Rd,,Sideswipe-Same Direction,2,Clear,Dry,Daylight
2022-08-05T10:37:00.000,I 85,I 85 and Hamilton Mill Rd,,Rear End,2,Clear,Dry,Daylight
2020-02-03T15:31:00.000,I 85,I 85 and Hamilton Mill Rd,,Rear End,2,Clear,Dry,Daylight
2020-02-04T10:55:00.000,I 85,I 85 and Hamilton Mill Rd,,Not a Collision with Motor Vehicle,1,Clear,Dry,Daylight
2020-08-21T19:00:00.000,I 85,I 85 and Hamilton Mill Rd,,Head On,1,Clear,Dry,Daylight
2020-08-09T05:47:00.000,I 85,I 85 and Hamilton Mill Rd,,Not a Collision with Motor Vehicle,1,Cloudy,Dry,Dark-Not Lighted
2020-11-05T13:56:00.000,I 85,I 85 and Hamilton Mill Rd,,Sideswipe-Same Direction,2,Cloudy,Dry,Daylight
2020-01-27T17:32:00.000,I 85,I 85 and Hamilton Mill Rd,,Rear End,2,Clear,Dry,Daylight
2020-10-09T04:00:00.000,I 85,I 85 and Hamilton Mill Rd,,Sideswipe-Same Direction,2,Clear,Dry,Dark-Not Lighted
2020-05-11T00:29:00.000,I 85,I 85 and Hamilton Mill Rd,,Rear End,2,Clear,Dry,Dark-Lighted
2020-12-09T15:18:00.000,I 85,I 85 and Hamilton Mill Rd,,Rear End,2,Clear,Dry,Daylight
2020-03-06T03:24:00.000,I 85,I 85 and Hamilton Mill Rd,,Not a Collision with Motor Vehicle,1,Cloudy,Wet,Dark-Lighted
2020-01-13T18:10:00.000,I 85,I 85 and Hamilton Mill Rd,,Rear End,2,Rain,Wet,Dark-Lighted
2020-01-16T18:12:00.000,I 85,I 85 and Hamilton Mill Rd,,Rear End,2,Clear,Dry,Dark-Not Lighted
2020-10-25T20:46:00.000,I 85,I 85 and Hamilton Mill Rd,,Rear End,2,Cloudy,Dry,Dark-Not Lighted
2020-07-02T15:48:00.000,I 85,I 85 and Hamilton Mill Rd,,Angle Crash,2,Clear,Dry,Daylight
2020-03-20T23:06:00.000,I 85,I 85 and Hamilton Mill Rd,,Angle Crash,2,Clear,Dry,Dark-Not Lighted
2020-05-17T00:21:00.000,I 85,I 85 and Hamilton Mill Rd,,Not a Collision with Motor Vehicle,1,Clear,Dry,Dark-Not Lighted
2020-03-08T03:35:00.000,I 85,I 85 and Hamilton Mill Rd,,Not a Collision with Motor Vehicle,1,Clear,Dry,Dark-Not Lighted
2020-11-05T08:40:00.000,I 85,I 85 and Hamilton Mill Rd,,Rear End,2,Cloudy,Dry,Daylight
2020-02-04T09:05:00.000,I 85,I 85 and Hamilton Mill Rd,,Rear End,3,Clear,Dry,Daylight
2020-11-13T13:55:00.000,I 85,I 85 and Hamilton Mill Rd,,Sideswipe-Same Direction,2,Cloudy,Dry,Daylight
2020-09-03T06:58:00.000,I 85,I 85 and Hamilton Mill Rd,,Not a Collision with Motor Vehicle,1,Clear,Dry,Daylight
2020-11-25T20:30:00.000,I 85,I 85 and Hamilton Mill Rd,,Angle Crash,2,Rain,Wet,Dark-Lighted
2020-03-26T00:01:00.000,I 85,I 85 and Hamilton Mill Rd,,Rear End,2,Clear,Dry,Dark-Not Lighted
2020-07-09T05:02:00.000,I 85,I 85 and Hamilton Mill Rd,,Sideswipe-Same Direction,2,Clear,Dry,Dark-Lighted
2020-02-11T18:10:00.000,I 85,I 85 and Hamilton Mill Rd,,Rear End,2,Rain,Wet,Dark-Lighted
2020-10-10T18:00:00.000,I 85,I 85 and Hamilton Mill Rd,,Rear End,2,Cloudy,Wet,Daylight
2020-08-28T10:22:00.000,I 85,I 85 and Hamilton Mill Rd,,Sideswipe-Same Direction,2,Cloudy,Dry,Daylight
2020-10-14T19:29:00.000,I 85,I 85 and Hamilton Mill Rd,,Rear End,2,Clear,Dry,Dark-Not Lighted