Date and Time,Roadway (From Crash Report),Intersection Name (from Crash Report),KABCO Severity,Manner of Collision (Crash Level) ,# of Vehicles per crash ,Weather Conditions (Crash Level),Surface Condition (Crash Level) ,Light Conditions (Crash Level)
2020-05-10T19:22:00.000,I 85,I 85 and Hamilton Mill Rd,,Rear End,2,Clear,Dry,Daylight
2020-02-07T22:52:00.000,I 85,I 85 and Hamilton Mill Rd,,Rear End,2,Clear,Dry,Dark-Not Lighted
2020-07-30T13:50:00.000,I 85,I 85 and Hamilton Mill Rd,,Rear End,2,Clear,Dry,Daylight
2020-06-14T12:41:00.000,I 85,I 85 and Hamilton Mill Rd,,Rear End,2,Clear,Dry,Daylight
2020-12-19T10:47:00.000,I 85,I 85 and Hamilton Mill Rd,,Not a Collision with Motor Vehicle,2,Clear,Dry,Daylight
2020-09-27T15:41:00.000,I 85,I 85 and Hamilton Mill Rd,,Rear End,2,Cloudy,Dry,Daylight
2020-03-18T10:35:00.000,I 85,I 85 and Hamilton Mill Rd,,Rear End,2,Cloudy,Dry,Daylight
2020-07-01T20:20:00.000,I 85,I 85 and Hamilton Mill Rd,,Not a Collision with Motor Vehicle,1,Clear,Dry,Daylight
2020-12-11T19:26:00.000,I 85,I 85 and Hamilton Mill Rd,,Sideswipe-Same Direction,2,Clear,Dry,Dark-Not Lighted
2020-04-28T18:45:00.000,I 85,I 85 and Hamilton Mill Rd,,Rear End,2,Clear,Dry,Daylight
2020-06-08T08:00:00.000,I 85,I 85 and Hamilton Mill Rd,,Not a Collision with Motor Vehicle,1,Cloudy,Dry,Daylight
2020-01-22T18:00:00.000,I 85,I 85 and Hamilton Mill Rd,,Rear End,3,Clear,Dry,Dark-Not Lighted
2020-12-01T08:25:00.000,I 85,I 85 and Hamilton Mill Rd,,Sideswipe-Same Direction,2,Clear,Dry,Daylight
2020-05-09T09:31:00.000,I 85,I 85 and Hamilton Mill Rd,,Rear End,2,Clear,Dry,Daylight
2020-07-06T19:38:00.000,I 85,I 85 and Hamilton Mill Rd,,Rear End,2,Cloudy,Wet,Dark-Lighted
2020-06-02T14:55:00.000,I 85,I 85 and Hamilton Mill Rd,,Sideswipe-Same Direction,2,Clear,Dry,Daylight
2020-04-08T15:45:00.000,I 85,I 85 and Hamilton Mill Rd,,Not a Collision with Motor Vehicle,2,Clear,Dry,Daylight
2020-01-16T17:27:00.000,I 85,I 85 and Hamilton Mill Rd,,Rear End,3,Clear,Dry,Dusk
2020-08-15T20:05:00.000,I 85,I 85 and Hamilton Mill Rd,,Sideswipe-Same Direction,2,Cloudy,Dry,Dusk
2020-02-08T12:33:00.000,I 85,I 85 and Hamilton Mill Rd,,Sideswipe-Same Direction,2,Snow,Slush,Daylight
2020-06-29T21:00:00.000,I 85,I 85 and Hamilton Mill Rd,,Rear End,2,Clear,Dry,Dark-Not Lighted
2020-06-29T22:05:00.000,I 85,I 85 and Hamilton Mill Rd,,Rear End,2,Clear,Dry,Dark-Not Lighted
2020-05-27T16:38:00.000,I 85,I 85 and Hamilton Mill Rd,,Rear End,2,Rain,Wet,Daylight
2020-11-04T16:33:00.000,I 85,I 85 and Hamilton Mill Rd,,Rear End,2,Clear,Dry,Daylight
2020-11-11T18:20:00.000,I 85,I 85 and Hamilton Mill Rd,,Sideswipe-Same Direction,2,Cloudy,Wet,Dark-Lighted
2020-12-21T05:37:00.000,I 85,I 85 and Hamilton Mill Rd,,Rear End,3,Clear,Dry,Dark-Not Lighted
2020-09-25T23:09:00.000,I 85,I 85 and Hamilton Mill Rd,,Not a Collision with Motor Vehicle,1,Clear,Dry,Dark-Not Lighted
2020-12-01T16:00:00.000,I 85,I 85 and Hamilton Mill Rd,,Rear End,2,Clear,Dry,Daylight
2020-09-24T06:30:00.000,I 85,I 85 and Hamilton Mill Rd,,Not a Collision with Motor Vehicle,2,Cloudy,Dry,Dark-Lighted
2020-12-11T18:46:00.000,I 85,I 85 and Hamilton Mill Rd,,Rear End,2,Clear,Dry,Dark-Lighted
2020-11-28T10:36:00.000,I 85,I 85 and Hamilton Mill Rd,,Rear End,2,Cloudy,Dry,Dawn
2020-02-26T06:20:00.000,I 85,I 85 and Hamilton Mill Rd,,Rear End,2,Clear,Dry,Dark-Lighted
2020-05-12T12:00:00.000,I 85,I 85 and Hamilton Mill Rd,,Sideswipe-Same Direction,2,Clear,Dry,Daylight
2020-01-30T17:15:00.000,I 85,I 85 and Hamilton Mill Rd,,Rear End,2,Clear,Dry,Daylight
2020-08-11T18:33:00.000,I 85,I 85 and Hamilton Mill Rd,,Rear End,2,Clear,Dry,Daylight
2020-01-06T18:24:00.000,I 85,I 85 and Hamilton Mill Rd,,Rear End,2,Clear,Dry,Dark-Not Lighted
2020-02-29T14:45:00.000,I 85,I 85 and Hamilton Mill Rd,,Not a Collision with Motor Vehicle,1,Clear,Dry,Daylight
2020-12-23T17:44:00.000,I 85,I 85 and Hamilton Mill Rd,,Rear End,2,Cloudy,Dry,Daylight
2020-06-18T20:25:00.000,I 85,I 85 and Hamilton Mill Rd,,Not a Collision with Motor Vehicle,1,Clear,Dry,Dawn
2020-09-12T16:10:00.000,I 85,I 85 and Hamilton Mill Rd,,Sideswipe-Same Direction,2,Rain,Wet,Daylight
2020-12-13T13:33:00.000,I 85,I 85 and Hamilton Mill Rd,,Angle Crash,2,Clear,Dry,Daylight
2020-03-24T21:37:00.000,I 85,I 85 and Hamilton Mill Rd,,Sideswipe-Same Direction,2,Fog,Wet,Dark-Not Lighted
2020-08-02T04:40:00.000,I 85,I 85 and Hamilton Mill Rd,,Not a Collision with Motor Vehicle,1,Clear,Dry,Dark-Lighted
2020-03-06T08:23:00.000,I 85,I 85 and Hamilton Mill Rd,,Sideswipe-Same Direction,2,Clear,Dry,Daylight
2020-03-06T03:24:00.000,I 85,I 85 and Hamilton Mill Rd,,Rear End,2,Clear,Wet,Dark-Lighted
2020-10-18T06:59:00.000,I 85,I 85 and Hamilton Mill Rd,,Sideswipe-Same Direction,2,Clear,Dry,Dark-Not Lighted
2020-01-20T15:53:00.000,I 85,I 85 and Hamilton Mill Rd,,Rear End,2,Clear,Dry,Daylight
2020-08-07T20:20:00.000,I 85,I 85 and Hamilton Mill Rd,,Sideswipe-Same Direction,2,Cloudy,Dry,Dark-Not Lighted
2020-12-13T16:40:00.000,I 85,I 85 and Hamilton Mill Rd,,Rear End,2,Clear,Dry,Daylight
2020-09-08T07:44:00.000,I 85,I 85 and Hamilton Mill Rd,,Rear End,2,Clear,Dry,Daylight
2021-02-06T19:20:00.000,I 85,I 85 and Hamilton Mill Rd,,Not a Collision with Motor Vehicle,1,Snow,Snow,Dark-Not Lighted
2021-03-25T07:22:00.000,I 85,I 85 and Hamilton Mill Rd,,Rear End,3,Rain,Wet,Daylight
2021-01-05T08:15:00.000,I 85,I 85 and Hamilton Mill Rd,,Sideswipe-Same Direction,2,Clear,Dry,Daylight
2021-06-03T12:25:00.000,I 85,I 85 and Hamilton Mill Rd,,Sideswipe-Same Direction,2,Clear,Dry,Daylight
2021-05-08T21:30:00.000,I 85,I 85 and Hamilton Mill Rd,,Sideswipe-Same Direction,2,Cloudy,Dry,Dark-Lighted
2021-02-05T00:01:00.000,I 85,I 85 and Hamilton Mill Rd,,Angle Crash,2,Cloudy,Dry,Dark-Lighted
2021-01-08T17:08:00.000,I 85,I 85 and Hamilton Mill Rd,,Rear End,2,Cloudy,Dry,Dusk
2021-05-29T19:32:00.000,I 85,I 85 and Hamilton Mill Rd,,Angle Crash,2,Clear,Dry,Daylight
2021-06-01T07:21:00.000,I 85,I 85 and Hamilton Mill Rd,,Sideswipe-Same Direction,2,Clear,Dry,Daylight
2021-03-28T15:20:00.000,I 85,I 85 and Hamilton Mill Rd,,Rear End,2,Cloudy,Dry,Daylight
2021-06-17T15:40:00.000,I 85,I 85 and Hamilton Mill Rd,,Rear End,2,Clear,Dry,Daylight
2021-01-04T05:35:00.000,I 85,I 85 and Hamilton Mill Rd,,Rear End,2,Clear,Dry,Dark-Lighted
2021-06-14T07:05:00.000,I 85,I 85 and Hamilton Mill Rd,,Sideswipe-Same Direction,2,Clear,Dry,Daylight
2021-03-06T14:07:00.000,I 85,I 85 and Hamilton Mill Rd,,Rear End,2,Cloudy,Dry,Daylight
2021-03-21T13:33:00.000,I 85,I 85 and Hamilton Mill Rd,,Rear End,2,Clear,Dry,Daylight
2021-02-01T08:06:00.000,I 85,I 85 and Hamilton Mill Rd,,Sideswipe-Same Direction,2,Cloudy,Dry,Daylight
2021-04-29T16:40:00.000,I 85,I 85 and Hamilton Mill Rd,,Angle Crash,4,Clear,Dry,Daylight
2021-08-07T14:35:00.000,I 85,I 85 and Hamilton Mill Rd,,Sideswipe-Same Direction,2,Clear,Dry,Daylight
2021-08-27T17:00:00.000,I 85,I 85 and Hamilton Mill Rd,,Rear End,2,Clear,Dry,Daylight
2021-10-14T16:12:00.000,I 85,I 85 and Hamilton Mill Rd,,Sideswipe-Same Direction,2,Clear,Dry,Daylight
2021-08-01T11:08:00.000,I 85,I 85 and Hamilton Mill Rd,,Rear End,2,Clear,Dry,Daylight
2021-09-01T16:00:00.000,I 85,I 85 and Hamilton Mill Rd,,Sideswipe-Same Direction,2,Clear,Dry,Daylight
2021-12-08T19:20:00.000,I 85,I 85 and Hamilton Mill Rd,,Sideswipe-Same Direction,2,Cloudy,Dry,Dark-Not Lighted
2021-07-23T04:25:00.000,I 85,I 85 and Hamilton Mill Rd,,Not a Collision with Motor Vehicle,1,Clear,Dry,Dawn
2021-12-06T20:19:00.000,I 85,I 85 and Hamilton Mill Rd,,Rear End,2,Clear,Dry,Dark-Lighted
2021-11-01T14:40:00.000,I 85,I 85 and Hamilton Mill Rd,,Rear End,2,Clear,Dry,Daylight
2021-10-03T13:12:00.000,I 85,I 85 and Hamilton Mill Rd,,Rear End,3,Clear,Dry,Daylight
2021-07-02T07:35:00.000,I 85,I 85 and Hamilton Mill Rd,,Rear End,2,Rain,Wet,Daylight
2021-11-11T16:25:00.000,I 85,I 85 and Hamilton Mill Rd,,Sideswipe-Same Direction,2,Clear,Dry,Daylight
2021-07-13T18:20:00.000,I 85,I 85 and Hamilton Mill Rd,,Rear End,4,Cloudy,Dry,Daylight
2021-11-02T16:02:00.000,I 85,I 85 and Hamilton Mill Rd,,Rear End,2,Clear,Dry,Daylight
2021-07-17T09:49:00.000,I 85,I 85 and Hamilton Mill Rd,,Rear End,2,Clear,Dry,Daylight
2021-09-28T08:46:00.000,I 85,I 85 and Hamilton Mill Rd,,Not a Collision with Motor Vehicle,1,Clear,Dry,Daylight
2021-09-20T11:00:00.000,I 85,I 85 and Hamilton Mill Rd,,Sideswipe-Same Direction,2,Rain,Wet,Daylight
2022-10-29T13:49:00.000,I 85,I 85 and Hamilton Mill Rd,,Rear End,2,Clear,Dry,Daylight
2022-06-18T09:00:00.000,I 85,I 85 and Hamilton Mill Rd,,Not a Collision with Motor Vehicle,1,Clear,Dry,Daylight
2022-11-15T18:35:00.000,I 85,I 85 and Hamilton Mill Rd,,Sideswipe-Same Direction,2,Rain,Wet,Dark-Not Lighted
2021-11-15T14:00:00.000,I 85,I 85 and Hamilton Mill Rd,,Not a Collision with Motor Vehicle,2,Cloudy,Dry,Daylight
2021-09-22T21:05:00.000,I 85,I 85 and Hamilton Mill Rd,,Not a Collision with Motor Vehicle,1,Clear,Dry,Dark-Not Lighted
2021-08-16T15:13:00.000,I 85,I 85 and Hamilton Mill Rd,,Rear End,2,Cloudy,Wet,Daylight
2022-05-30T22:00:00.000,I 85,I 85 and Hamilton Mill Rd,,Rear End,2,Clear,Dry,Dark-Not Lighted
2022-03-25T22:15:00.000,I 85,I 85 and Hamilton Mill Rd,,Rear End,2,Clear,Dry,Dark-Not Lighted
2022-09-25T07:32:00.000,I 85,I 85 and Hamilton Mill Rd,,Rear End,2,Cloudy,Dry,Daylight
2022-04-10T02:30:00.000,I 85,I 85 and Hamilton Mill Rd,,Not a Collision with Motor Vehicle,1,Clear,Dry,Dark-Not Lighted
2022-02-18T16:11:00.000,I 85,I 85 and Hamilton Mill Rd,,Angle Crash,2,Cloudy,Dry,Daylight
2022-03-02T19:47:00.000,I 85,I 85 and Hamilton Mill Rd,,Sideswipe-Same Direction,2,Clear,Dry,Dark-Not Lighted
2022-04-18T16:19:00.000,I 85,I 85 and Hamilton Mill Rd,,Rear End,2,Clear,Dry,Daylight
2022-06-25T13:01:00.000,I 85,I 85 and Hamilton Mill Rd,,Not a Collision with Motor Vehicle,1,Clear,Dry,Daylight
2022-11-11T19:53:00.000,I 85,I 85 and Hamilton Mill Rd,,Rear End,2,Cloudy,Wet,Dark-Not Lighted
2022-09-20T07:10:00.000,I 85,I 85 and Hamilton Mill Rd,,Rear End,2,Clear,Dry,Dark-Lighted
2022-05-26T12:14:00.000,I 85,I 85 and Hamilton Mill Rd,,Rear End,2,Cloudy,Dry,Daylight
2022-10-26T12:20:00.000,I 85,I 85 and Hamilton Mill Rd,,Sideswipe-Same Direction,3,Cloudy,Dry,Daylight
2022-03-15T06:54:00.000,I 85,I 85 and Hamilton Mill Rd,,Angle Crash,3,Clear,Dry,Dark-Not Lighted
2022-12-12T18:45:00.000,I 85,I 85 and Hamilton Mill Rd,,Sideswipe-Same Direction,2,Clear,Dry,Dark-Not Lighted
2022-09-20T07:05:00.000,I 85,I 85 and Hamilton Mill Rd,,Rear End,2,Clear,Dry,Dark-Lighted
2022-03-23T02:29:00.000,I 85,I 85 and Hamilton Mill Rd,,Angle Crash,2,Rain,Wet,Dark-Lighted
2021-07-07T18:25:00.000,I 85,I 85 and Hamilton Mill Rd,,Sideswipe-Same Direction,3,Cloudy,Dry,Daylight
2022-11-03T11:45:00.000,I 85,I 85 and Hamilton Mill Rd,,Sideswipe-Same Direction,2,Clear,Dry,Daylight
2022-12-20T17:27:00.000,I 85,I 85 and Hamilton Mill Rd,,Sideswipe-Same Direction,2,Cloudy,Dry,Dark-Not Lighted
2022-02-09T19:33:00.000,I 85,I 85 and Hamilton Mill Rd,,Not a Collision with Motor Vehicle,1,Cloudy,Dry,Dark-Not Lighted
2022-11-28T05:42:00.000,I 85,I 85 and Hamilton Mill Rd,,Angle Crash,2,Clear,Dry,Dark-Not Lighted
2022-11-27T23:17:00.000,I 85,I 85 and Hamilton Mill Rd,,Not a Collision with Motor Vehicle,1,Clear,Dry,Dark-Not Lighted
2022-08-20T00:00:00.000,I 85,I 85 and Hamilton Mill Rd,,Sideswipe-Same Direction,2,Rain,Wet,Dark-Not Lighted
2022-04-05T06:37:00.000,I 85,I 85 and Hamilton Mill Rd,,Sideswipe-Same Direction,2,Clear,Dry,Dark-Not Lighted
2022-02-17T17:30:00.000,I 85,I 85 and Hamilton Mill Rd,,Angle Crash,2,Clear,Dry,Daylight
2022-04-30T19:05:00.000,I 85,I 85 and Hamilton Mill Rd,,Sideswipe-Same Direction,2,Clear,Dry,Daylight
2022-12-11T03:40:00.000,I 85,I 85 and Hamilton Mill Rd,,Rear End,2,Rain,Wet,Dark-Lighted
2022-04-28T10:57:00.000,I 85,I 85 and Hamilton Mill Rd,,Sideswipe-Same Direction,2,Clear,Dry,Daylight
2022-08-07T11:20:00.000,I 85,I 85 and Hamilton Mill Rd,,Not a Collision with Motor Vehicle,1,Clear,Dry,Daylight
2022-05-19T17:35:00.000,I 85,I 85 and Hamilton Mill Rd,,Rear End,2,Cloudy,Dry,Daylight
2022-11-06T01:28:00.000,I 85,I 85 and Hamilton Mill Rd,,Head On,1,Cloudy,Dry,Dark-Lighted
2022-04-29T20:50:00.000,I 85,I 85 and Hamilton Mill Rd,,Rear End,2,Cloudy,Dry,Dark-Not Lighted
2022-02-06T16:40:00.000,I 85,I 85 and Hamilton Mill Rd,,Rear End,2,Clear,Dry,Daylight
2022-04-19T18:31:00.000,I 85,I 85 and Hamilton Mill Rd,,Not a Collision with Motor Vehicle,1,Clear,Dry,Daylight
2022-11-08T15:07:00.000,I 85,I 85 and Hamilton Mill Rd,,Rear End,2,Clear,Dry,Daylight
2022-04-25T11:20:00.000,I 85,I 85 and Hamilton Mill Rd,,Not a Collision with Motor Vehicle,1,Clear,Dry,Daylight
2022-05-06T17:18:00.000,I 85,I 85 and Hamilton Mill Rd,,Sideswipe-Same Direction,2,Cloudy,Dry,Daylight
2022-03-10T09:51:00.000,I 85,I 85 and Hamilton Mill Rd,,Not a Collision with Motor Vehicle,1,Cloudy,Dry,Daylight
2022-02-10T14:55:00.000,I 85,I 85 and Hamilton Mill Rd,,Rear End,2,Clear,Dry,Daylight
2022-07-27T15:44:00.000,I 85,I 85 and Hamilton Mill Rd,,Rear End,2,Cloudy,Dry,Daylight
2022-07-07T07:25:00.000,I 85,I 85 and Hamilton Mill Rd,,Sideswipe-Same Direction,2,Clear,Dry,Daylight
2022-11-29T19:20:00.000,I 85,I 85 and Hamilton Mill Rd,,Not a Collision with Motor Vehicle,1,Rain,Wet,Dark-Lighted
2022-12-15T16:55:00.000,I 85,I 85 and Hamilton Mill Rd,,Sideswipe-Same Direction,2,Clear,Dry,Daylight
2022-09-16T17:00:00.000,I 85,I 85 and Hamilton Mill Rd,,Not a Collision with Motor Vehicle,2,Clear,Dry,Daylight
2022-09-13T04:47:00.000,I 85,I 85 and Hamilton Mill Rd,,Sideswipe-Same Direction,2,Clear,Dry,Dark-Not Lighted
2022-12-26T08:40:00.000,I 85,I 85 and Hamilton Mill Rd,,Angle Crash,2,Clear,Dry,Daylight
2022-09-20T07:00:00.000,I 85,I 85 and Hamilton Mill Rd,,Sideswipe-Same Direction,2,Clear,Dry,Dark-Lighted
2022-09-07T22:52:00.000,I 85,I 85 and Hamilton Mill Rd,,Sideswipe-Same Direction,2,Clear,Dry,Dark-Not Lighted
2022-01-16T10:40:00.000,I 85,I 85 and Hamilton Mill Rd,,Not a Collision with Motor Vehicle,1,Snow,Snow,Daylight
2022-02-04T16:33:00.000,I 85,I 85 and Hamilton Mill Rd,,Rear End,2,Clear,Dry,Daylight
2022-10-21T21:53:00.000,I 85,I 85 and Hamilton Mill Rd,,Rear End,2,Clear,Dry,Dark-Lighted
2022-02-26T18:45:00.000,I 85,I 85 and Hamilton Mill Rd,,Sideswipe-Same Direction,2,Cloudy,Dry,Dark-Lighted
2022-08-21T22:08:00.000,I 85,I 85 and Hamilton Mill Rd,,Rear End,2,Cloudy,Dry,Dark-Not Lighted
2022-03-31T18:30:00.000,I 85,I 85 and Hamilton Mill Rd,,Not a Collision with Motor Vehicle,1,Clear,Dry,Daylight
2022-06-10T09:00:00.000,I 85,I 85 and Hamilton Mill Rd,,Sideswipe-Same Direction,2,Clear,Dry,Daylight
2022-07-19T23:00:00.000,I 85,I 85 and Hamilton Mill Rd,,Not a Collision with Motor Vehicle,1,Cloudy,Wet,Dark-Not Lighted
2022-02-10T15:20:00.000,I 85,I 85 and Hamilton Mill Rd,,Rear End,2,Clear,Dry,Daylight
2022-09-06T00:33:00.000,I 85,I 85 and Hamilton Mill Rd,,Not a Collision with Motor Vehicle,1,Clear,Dry,Dark-Not Lighted
2022-11-03T06:45:00.000,I 85,I 85 and Hamilton Mill Rd,,Rear End,2,Clear,Dry,Dark-Not Lighted
2022-08-02T17:05:00.000,I 85,I 85 and Hamilton Mill Rd,,Rear End,2,Clear,Dry,Daylight
2023-06-27T10:27:00.000,I 85,I 85 and Hamilton Mill Rd,,Rear End,2,Clear,Dry,Daylight
2024-07-28T14:57:00.000,I 85,I 85 and Hamilton Mill Rd,,Rear End,2,Rain,Wet,Daylight
2024-09-07T03:54:00.000,I 85,I 85 and Hamilton Mill Rd,,Not a Collision with Motor Vehicle,1,Clear,Dry,Dark-Not Lighted
2024-10-07T08:20:00.000,I 85,I 85 and Hamilton Mill Rd,,Angle Crash,2,Clear,Dry,Daylight
2024-02-16T00:55:00.000,I 85,I 85 and Hamilton Mill Rd,,Rear End,2,Clear,Dry,Dark-Lighted
2024-05-27T00:16:00.000,I 85,I 85 and Hamilton Mill Rd,,Not a Collision with Motor Vehicle,1,Clear,Dry,Dark-Not Lighted
2024-02-06T12:30:00.000,I 85,I 85 and Hamilton Mill Rd,,Rear End,2,Clear,Dry,Daylight
2024-12-06T15:00:00.000,I 85,I 85 and Hamilton Mill Rd,,Sideswipe-Same Direction,2,Clear,Dry,Daylight
2024-08-29T13:40:00.000,I 85,I 85 and Hamilton Mill Rd,,Rear End,2,Clear,Dry,Daylight
2024-09-04T17:00:00.000,I 85,I 85 and Hamilton Mill Rd,,Rear End,2,Clear,Dry,Daylight
2024-04-27T14:30:00.000,I 85,I 85 and Hamilton Mill Rd,,Sideswipe-Same Direction,2,Cloudy,Dry,Daylight
2024-09-25T02:35:00.000,I 85,I 85 and Hamilton Mill Rd,,Angle Crash,1,Cloudy,Dry,Dark-Not Lighted
2024-04-14T10:32:00.000,I 85,I 85 and Hamilton Mill Rd,,Sideswipe-Same Direction,2,Clear,Dry,Daylight
2024-01-28T16:16:00.000,I 85,I 85 and Hamilton Mill Rd,,Angle Crash,3,Cloudy,Dry,Daylight
2024-01-12T17:03:00.000,I 85,I 85 and Hamilton Mill Rd,,Rear End,2,Rain,Wet,Dusk
2024-10-30T16:40:00.000,I 85,I 85 and Hamilton Mill Rd,,Rear End,2,Clear,Dry,Daylight
2024-05-21T19:38:00.000,I 85,I 85 and Hamilton Mill Rd,,Sideswipe-Same Direction,2,Clear,Dry,Daylight
2024-09-25T02:35:00.000,I 85,I 85 and Hamilton Mill Rd,,Angle Crash,1,Cloudy,Dry,Dark-Not Lighted
2023-01-25T07:05:00.000,I 85,I 85 and Hamilton Mill Rd,,Rear End,2,Rain,Wet,Dark-Not Lighted
2023-07-03T06:43:00.000,I 85,I 85 and Hamilton Mill Rd,,Sideswipe-Same Direction,2,Clear,Dry,Daylight
2024-12-21T18:24:00.000,I 85,I 85 and Hamilton Mill Rd,,Rear End,2,Clear,Dry,Dark-Not Lighted
2024-08-11T02:56:00.000,I 85,I 85 and Hamilton Mill Rd,,Not a Collision with Motor Vehicle,2,Clear,Dry,Dark-Lighted
2024-02-07T15:14:00.000,I 85,I 85 and Hamilton Mill Rd,,Rear End,3,Clear,Dry,Daylight
2024-05-02T16:20:00.000,I 85,I 85 and Hamilton Mill Rd,,Sideswipe-Same Direction,2,Cloudy,Dry,Daylight
2023-01-11T10:15:00.000,I 85,I 85 and Hamilton Mill Rd,,(None),2,Clear,Dry,Daylight
2023-01-20T09:10:00.000,I 85,I 85 and Hamilton Mill Rd,,Rear End,2,Cloudy,Dry,Daylight
2023-12-10T21:35:00.000,I 85,I 85 and Hamilton Mill Rd,,Rear End,2,Clear,Dry,Dark-Not Lighted
2023-04-12T08:08:00.000,I 85,I 85 and Hamilton Mill Rd,,Rear End,2,Clear,Dry,Daylight
2023-08-31T19:28:00.000,I 85,I 85 and Hamilton Mill Rd,,Angle Crash,2,Clear,Dry,Daylight
2023-04-20T07:31:00.000,I 85,I 85 and Hamilton Mill Rd,,Rear End,2,Cloudy,Dry,Daylight
2023-12-21T19:23:00.000,I 85,I 85 and Hamilton Mill Rd,,Rear End,2,Clear,Dry,Dark-Not Lighted
2023-02-17T15:44:00.000,I 85,I 85 and Hamilton Mill Rd,,Rear End,2,Clear,Dry,Daylight
2023-12-04T16:17:00.000,I 85,I 85 and Hamilton Mill Rd,,Rear End,3,Clear,Dry,Daylight
2023-03-22T12:20:00.000,I 85,I 85 and Hamilton Mill Rd,,Rear End,2,Cloudy,Dry,Daylight
2023-08-19T20:56:00.000,I 85,I 85 and Hamilton Mill Rd,,Sideswipe-Same Direction,2,Cloudy,Dry,Dark-Not Lighted
2023-12-26T07:13:00.000,I 85,I 85 and Hamilton Mill Rd,,Sideswipe-Same Direction,2,Rain,Wet,Dawn
2023-10-12T08:44:00.000,I 85,I 85 and Hamilton Mill Rd,,Rear End,2,Rain,Wet,Daylight
2023-09-08T14:45:00.000,I 85,I 85 and Hamilton Mill Rd,,Not a Collision with Motor Vehicle,1,Clear,Dry,Daylight
2023-01-28T19:08:00.000,I 85,I 85 and Hamilton Mill Rd,,Not a Collision with Motor Vehicle,1,Cloudy,Dry,Dark-Lighted
2023-01-20T21:01:00.000,I 85,I 85 and Hamilton Mill Rd,,Sideswipe-Same Direction,1,Clear,Dry,Dark-Not Lighted
2023-03-02T19:40:00.000,I 85,I 85 and Hamilton Mill Rd,,Sideswipe-Same Direction,2,Clear,Dry,Dark-Not Lighted
2023-08-23T13:58:00.000,I 85,I 85 and Hamilton Mill Rd,,Rear End,2,Clear,Dry,Daylight
2023-06-24T02:08:00.000,I 85,I 85 and Hamilton Mill Rd,,Head On,1,Clear,Dry,Dark-Lighted
2023-09-05T08:50:00.000,I 85,I 85 and Hamilton Mill Rd,,Not a Collision with Motor Vehicle,1,Clear,Dry,Daylight
2023-02-24T19:00:00.000,I 85,I 85 and Hamilton Mill Rd,,Rear End,2,Rain,Wet,Dark-Not Lighted
2023-09-30T13:43:00.000,I 85,I 85 and Hamilton Mill Rd,,Sideswipe-Same Direction,2,Clear,Dry,Daylight
2023-08-31T22:20:00.000,I 85,I 85 and Hamilton Mill Rd,,Sideswipe-Same Direction,2,Clear,Dry,Dark-Lighted
2023-02-19T12:30:00.000,I 85,I 85 and Hamilton Mill Rd,,Rear End,2,Clear,Dry,Daylight
2023-07-02T16:12:00.000,I 85,I 85 and Hamilton Mill Rd,,Rear End,2,Cloudy,Dry,Daylight
2023-02-16T10:30:00.000,I 85,I 85 and Hamilton Mill Rd,,Not a Collision with Motor Vehicle,2,Cloudy,Dry,Daylight
2023-01-11T18:00:00.000,I 85,I 85 and Hamilton Mill Rd,,Rear End,2,Clear,Dry,Daylight
2023-01-10T18:10:00.000,I 85,I 85 and Hamilton Mill Rd,,Sideswipe-Same Direction,2,Clear,Dry,Dark-Not Lighted
2023-07-14T14:39:00.000,I 85,I 85 and Hamilton Mill Rd,,Sideswipe-Same Direction,2,Clear,Dry,Daylight
2023-05-18T10:35:00.000,I 85,I 85 and Hamilton Mill Rd,,Not a Collision with Motor Vehicle,1,Cloudy,Dry,Daylight
2023-08-04T16:00:00.000,I 85,I 85 and Hamilton Mill Rd,,Rear End,2,Cloudy,Dry,Daylight
2024-06-15T03:15:00.000,I 85,I 85 and Hamilton Mill Rd,,Sideswipe-Same Direction,2,Clear,Dry,Dark-Not Lighted
2024-09-03T04:00:00.000,I 85,I 85 and Hamilton Mill Rd,,Sideswipe-Same Direction,2,Cloudy,Dry,Dark-Not Lighted
2024-12-19T13:20:00.000,I 85,I 85 and Hamilton Mill Rd,,Rear End,2,Clear,Dry,Daylight
2024-05-02T11:15:00.000,I 85,I 85 and Hamilton Mill Rd,,Sideswipe-Same Direction,2,Clear,Dry,Daylight
2024-08-12T19:47:00.000,I 85,I 85 and Hamilton Mill Rd,,Rear End,2,Clear,Dry,Daylight
2024-02-07T16:25:00.000,I 85,I 85 and Hamilton Mill Rd,,Rear End,2,Clear,Dry,Daylight
2024-08-28T17:00:00.000,I 85,I 85 and Hamilton Mill Rd,,Sideswipe-Same Direction,2,Clear,Dry,Daylight
2024-08-27T13:13:00.000,I 85,I 85 and Hamilton Mill Rd,,Rear End,2,Clear,Dry,Daylight
2024-05-20T16:40:00.000,I 85,I 85 and Hamilton Mill Rd,,Not a Collision with Motor Vehicle,1,Clear,Dry,Daylight
2024-06-11T18:40:00.000,I 85,I 85 and Hamilton Mill Rd,,Rear End,2,Clear,Dry,Daylight
2024-12-16T01:33:00.000,I 85,I 85 and Hamilton Mill Rd,,Not a Collision with Motor Vehicle,2,Cloudy,Wet,Dark-Not Lighted
2024-10-09T14:00:00.000,I 85,I 85 and Hamilton Mill Rd,,Sideswipe-Same Direction,2,Clear,Dry,Daylight
2024-09-19T12:35:00.000,I 85,I 85 and Hamilton Mill Rd,,Rear End,2,Cloudy,Dry,Daylight
2024-05-08T01:24:00.000,I 85,I 85 and Hamilton Mill Rd,,Sideswipe-Same Direction,2,Clear,Dry,Dark-Not Lighted
2024-08-09T10:25:00.000,I 85,I 85 and Hamilton Mill Rd,,Rear End,2,Clear,Dry,Daylight