Date and Time,Roadway (From Crash Report),Intersection Name (from Crash Report),KABCO Severity,Manner of Collision (Crash Level) ,# of Vehicles per crash ,Weather Conditions (Crash Level),Surface Condition (Crash Level) ,Light Conditions (Crash Level)
2024-04-02T10:36:00.000,I 85,I 85 and Hamilton Mill Rd,,Sideswipe-Same Direction,2,Cloudy,Dry,Daylight
2024-12-23T15:00:00.000,I 85,I 85 and Hamilton Mill Rd,,Rear End,3,Clear,Dry,Daylight
2024-12-23T10:50:00.000,I 85,I 85 and Hamilton Mill Rd,,Sideswipe-Same Direction,2,Clear,Dry,Daylight
2024-01-25T16:30:00.000,I 85,I 85 and Hamilton Mill Rd,,Rear End,2,Cloudy,Wet,Daylight
2024-12-20T18:10:00.000,I 85,I 85 and Hamilton Mill Rd,,Rear End,2,Clear,Dry,Dark-Not Lighted
2024-08-16T18:20:00.000,I 85,I 85 and Hamilton Mill Rd,,Rear End,2,Clear,Dry,Daylight
2024-08-02T07:25:00.000,I 85,I 85 and Hamilton Mill Rd,,Sideswipe-Same Direction,2,Clear,Dry,Daylight
2024-07-22T17:55:00.000,I 85,I 85 and Hamilton Mill Rd,,Sideswipe-Opposite Direction,2,Clear,Dry,Daylight
2024-09-19T14:00:00.000,I 85,I 85 and Hamilton Mill Rd,,Sideswipe-Same Direction,2,Clear,Dry,Daylight
2024-12-10T15:50:00.000,I 85,I 85 and Hamilton Mill Rd,,Rear End,2,Rain,Wet,Daylight
2024-12-03T18:11:00.000,I 85,I 85 and Hamilton Mill Rd,,Rear End,3,Clear,Dry,Dark-Not Lighted
2024-11-20T06:44:00.000,I 85,I 85 and Hamilton Mill Rd,,Rear End,2,Fog,Wet,Daylight
2024-03-27T20:47:00.000,I 85,I 85 and Hamilton Mill Rd,,Sideswipe-Same Direction,2,Clear,Dry,Dark-Not Lighted
2024-08-12T18:25:00.000,I 85,I 85 and Hamilton Mill Rd,,Rear End,3,Clear,Dry,Daylight
2024-02-06T22:24:00.000,I 85,I 85 and Hamilton Mill Rd,,Sideswipe-Same Direction,2,Clear,Dry,Dark-Not Lighted
2024-03-01T11:40:00.000,I 85,I 85 and Hamilton Mill Rd,,Sideswipe-Same Direction,2,Rain,Wet,Daylight
2024-10-30T06:33:00.000,I 85,I 85 and Hamilton Mill Rd,,Rear End,2,Cloudy,Dry,Dark-Lighted
2024-11-01T22:35:00.000,I 85,I 85 and Hamilton Mill Rd,,Angle Crash,2,Clear,Dry,Dark-Lighted
2024-07-02T07:00:00.000,I 85,I 85 and Hamilton Mill Rd,,Sideswipe-Same Direction,2,Clear,Dry,Daylight
2024-08-05T14:20:00.000,I 85,I 85 and Hamilton Mill Rd,,Sideswipe-Same Direction,2,Clear,Dry,Daylight
2024-01-01T10:05:00.000,I 85,I 85 and Hamilton Mill Rd,,Rear End,2,Clear,Dry,Daylight
2024-06-13T07:10:00.000,I 85,I 85 and Hamilton Mill Rd,,Rear End,2,Cloudy,Dry,Daylight
2024-09-12T19:20:00.000,I 85,I 85 and Hamilton Mill Rd,,Sideswipe-Same Direction,2,Cloudy,Wet,Daylight
2024-06-19T15:10:00.000,I 85,I 85 and Hamilton Mill Rd,,Rear End,2,Cloudy,Dry,Daylight
2024-09-19T11:18:00.000,I 85,I 85 and Hamilton Mill Rd,,Rear End,2,Clear,Dry,Daylight
2024-12-17T18:45:00.000,I 85,I 85 and Hamilton Mill Rd,,Rear End,2,Clear,Dry,Dark-Lighted
2024-10-01T20:20:00.000,I 85,I 85 and Hamilton Mill Rd,,Sideswipe-Same Direction,2,Clear,Dry,Dark-Lighted
2024-03-22T11:16:00.000,I 85,I 85 and Hamilton Mill Rd,,Sideswipe-Same Direction,2,Cloudy,Dry,Daylight
2024-06-28T09:08:00.000,I 85,I 85 and Hamilton Mill Rd,,Sideswipe-Same Direction,2,Cloudy,Dry,Daylight
2024-05-20T15:34:00.000,I 85,I 85 and Hamilton Mill Rd,,Not a Collision with Motor Vehicle,1,Clear,Dry,Daylight
2024-01-05T22:10:00.000,I 85,I 85 and Hamilton Mill Rd,,Rear End,2,Cloudy,Dry,Dark-Not Lighted
2024-03-30T14:58:00.000,I 85,I 85 and Hamilton Mill Rd,,Sideswipe-Same Direction,2,Clear,Dry,Daylight
2024-02-10T15:12:00.000,I 85,I 85 and Hamilton Mill Rd,,Angle Crash,2,Cloudy,Dry,Daylight
2024-04-15T11:45:00.000,I 85,I 85 and Hamilton Mill Rd,,Sideswipe-Same Direction,2,Clear,Dry,Daylight
2024-11-24T09:29:00.000,I 85,I 85 and Hamilton Mill Rd,,Rear End,2,Clear,Dry,Daylight
2024-12-13T22:56:00.000,I 85,I 85 and Hamilton Mill Rd,,Sideswipe-Same Direction,2,Clear,Dry,Dark-Not Lighted
2024-08-09T12:25:00.000,I 85,I 85 and Hamilton Mill Rd,,Not a Collision with Motor Vehicle,1,Cloudy,Dry,Daylight
2024-02-12T20:27:00.000,I 85,I 85 and Hamilton Mill Rd,,Angle Crash,2,Rain,Wet,Dark-Not Lighted
2024-11-20T06:44:00.000,I 85,I 85 and Hamilton Mill Rd,,Not a Collision with Motor Vehicle,1,Fog,Wet,Daylight
2024-10-21T18:48:00.000,I 85,I 85 and Hamilton Mill Rd,,Rear End,2,Clear,Dry,Daylight
2024-07-22T13:05:00.000,I 85,I 85 and Hamilton Mill Rd,,Sideswipe-Same Direction,2,Cloudy,Dry,Daylight
2024-02-01T02:34:00.000,I 85,I 85 and Hamilton Mill Rd,,Not a Collision with Motor Vehicle,1,Clear,Dry,Dark-Lighted
2024-07-12T13:24:00.000,I 85,I 85 and Hamilton Mill Rd,,Sideswipe-Same Direction,2,Clear,Dry,Daylight
2024-05-28T03:11:00.000,I 85,I 85 and Hamilton Mill Rd,,Not a Collision with Motor Vehicle,1,Clear,Dry,Dark-Lighted
2021-10-13T17:35:00.000,I 85,I 85 and Hamilton Mill Pkwy,,Rear End,2,Clear,Dry,Daylight
2021-05-14T11:50:00.000,I 85,I 85 and Hamilton Mill Pkwy,,Sideswipe-Same Direction,2,Clear,Dry,Daylight
2021-04-06T17:33:00.000,I 85,I 85 and Hamilton Mill Pkwy,,Sideswipe-Same Direction,2,Clear,Dry,Daylight
2023-07-14T14:50:00.000,I 85,I 85 and Hamilton Mill Pkwy,,Rear End,2,Clear,Dry,Daylight
2021-08-07T21:00:00.000,I 85,I 85 and Hamilton Mill Pkwy,,Rear End,2,Cloudy,Wet,Dark-Lighted
2022-02-08T18:15:00.000,I 85,I 85 and Hamilton Mill Pkwy,,Sideswipe-Same Direction,2,Cloudy,Dry,Dusk
2022-02-10T06:41:00.000,I 85,I 85 and Hamilton Mill Pkwy,,Sideswipe-Same Direction,2,Cloudy,Dry,Daylight
2024-04-09T22:12:00.000,I 85,I 85 and Hamilton Mill Pkwy,,Rear End,2,Rain,Wet,Dark-Not Lighted
2024-04-16T09:53:00.000,I 85,I 85 and Hamilton Mill Pkwy,,Not a Collision with Motor Vehicle,2,Clear,Dry,Daylight
2024-04-23T19:13:00.000,I 85,I 85 and Hamilton Mill Pkwy,,Rear End,2,Clear,Dry,Daylight
2021-01-20T10:39:00.000,I 85,I 85 and Hamilton Mill Exit Mm 120,,Angle Crash,2,Clear,Dry,Daylight
2022-02-09T18:57:00.000,I 85,I 85 and Hamilton Mill Exit,,Rear End,2,Clear,Dry,Dark-Not Lighted
2023-04-25T16:20:00.000,I 85,I 85 and Hamilton Mill,,Not a Collision with Motor Vehicle,2,Cloudy,Dry,Daylight
2023-03-20T04:45:00.000,I 85,I 85 and Hamilton Mill,,Rear End,2,Clear,Dry,Dark-Not Lighted
2024-09-25T14:45:00.000,I 85,I 85 and Hamilton Mill,,Sideswipe-Same Direction,2,Rain,Wet,Daylight
2023-04-27T22:50:00.000,I 85,I 85 and Hamilton Mill,,Angle Crash,2,Cloudy,Wet,Dark-Not Lighted
2024-09-15T18:12:00.000,I 85,I 85 and Hamilton Creek Pkwy,,Angle Crash,2,Clear,Dry,Daylight
2021-03-12T14:15:00.000,I 85,I 85 and Hamilton  Mill Rd,,Not a Collision with Motor Vehicle,1,Cloudy,Dry,Daylight
2023-05-08T16:37:00.000,I 85,I 85 and Hamiltom Mill Rd,,Sideswipe-Same Direction,2,Cloudy,Dry,Daylight
2024-11-20T17:23:00.000,I 85,I 85 and Hamiltom Mill Rd,,Sideswipe-Same Direction,2,Cloudy,Dry,Dark-Lighted
2020-12-03T03:50:00.000,I 85,I 85 and Hamiltion Rd,,Not a Collision with Motor Vehicle,1,Clear,Dry,Dark-Not Lighted
2022-10-13T09:58:00.000,I 85,I 85 and Hamiltion Mill Rd,,Sideswipe-Same Direction,2,Rain,Water (standing or moving),Dark-Not Lighted
2022-08-28T06:20:00.000,I 85,I 85 and Hamiltion Mill Rd,,Sideswipe-Same Direction,2,Clear,Dry,Dark-Not Lighted
2023-09-30T20:06:00.000,I 85,I 85 and Hamiltion Mill Rd,,Sideswipe-Same Direction,2,Cloudy,Dry,Dark-Not Lighted
2024-11-12T14:00:00.000,I 85,I 85 and Hamiltion Mill Rd,,Not a Collision with Motor Vehicle,1,Clear,Dry,Daylight
2020-03-31T12:04:00.000,I 85,I 85 and Hamilotn Mill Rd,,Not a Collision with Motor Vehicle,1,Rain,Wet,Daylight
2024-04-30T16:00:00.000,I 85,I 85 and Hamillton Mill Rd,,Sideswipe-Same Direction,2,Cloudy,Dry,Daylight
2024-11-07T09:00:00.000,I 85,I 85 and Hamillton Mill,,Sideswipe-Same Direction,2,Cloudy,Wet,Daylight
2021-12-08T01:31:00.000,I 85,I 85 and Hamiliton Mill Rd,,Rear End,2,Rain,Wet,Dark-Not Lighted
2021-07-08T10:25:00.000,I 85,I 85 and Hall County Line,,Not a Collision with Motor Vehicle,1,Clear,Dry,Daylight
2020-03-07T17:59:00.000,I 85,I 85 and Gwinnett Jackson County Line,,Sideswipe-Same Direction,2,Clear,Dry,Daylight
2021-09-10T11:50:00.000,I 85,I 85 and Gwinnett County Line,,Rear End,2,Clear,Dry,Daylight
2020-02-01T16:10:00.000,I 85,I 85 and Gwinnett County Line,,Angle Crash,2,Clear,Dry,Daylight
2023-01-15T19:00:00.000,I 85,I 85 and Gwinnett County Line,,Sideswipe-Same Direction,2,Clear,Dry,Dark-Not Lighted
2021-03-10T14:30:00.000,I 85,I 85 and Gwinnett County,,Sideswipe-Same Direction,2,Clear,Dry,Daylight
2022-06-28T09:17:00.000,I 85,I 85 and Gwinnet County Line,,Sideswipe-Same Direction,2,Clear,Dry,Daylight
2022-04-30T05:00:00.000,I 85,I 85 and Gumlog Brg,,(None),1,(None),(None),(None)
2024-09-26T12:57:00.000,I 85,I 85 and Gullett Rd,,Sideswipe-Same Direction,2,Rain,Wet,Daylight
2021-01-24T20:48:00.000,I 85,I 85 and Gullatt Road Opas,,Not a Collision with Motor Vehicle,1,Clear,Dry,Dark-Not Lighted
2023-07-17T10:37:00.000,I 85,I 85 and Gullatt Road Opas,,Not a Collision with Motor Vehicle,1,Cloudy,Dry,Daylight
2021-03-28T17:02:00.000,I 85,I 85 and Gullatt Rd,,Sideswipe-Same Direction,2,Cloudy,Dry,Daylight
2021-12-18T12:05:00.000,I 85,I 85 and Gullatt Rd,,Sideswipe-Same Direction,2,Rain,Wet,Daylight
2021-06-12T14:30:00.000,I 85,I 85 and Gullatt Rd,,Head On,2,Rain,Wet,Daylight
2021-06-19T17:56:00.000,I 85,I 85 and Gullatt Rd,,(None),1,(None),(None),(None)
2021-06-14T21:30:00.000,I 85,I 85 and Gullatt Rd,,Sideswipe-Same Direction,2,Clear,Dry,Dark-Lighted
2021-04-10T05:51:00.000,I 85,I 85 and Gullatt Rd,,Sideswipe-Same Direction,2,Cloudy,Dry,Dark-Not Lighted
2021-05-04T16:09:00.000,I 85,I 85 and Gullatt Rd,,Not a Collision with Motor Vehicle,1,Rain,Water (standing or moving),Daylight
2021-04-24T20:55:00.000,I 85,I 85 and Gullatt Rd,,Not a Collision with Motor Vehicle,1,Rain,Wet,Dark-Not Lighted
2021-09-20T06:31:00.000,I 85,I 85 and Gullatt Rd,,Sideswipe-Same Direction,2,Rain,Wet,Dark-Not Lighted
2021-12-18T11:56:00.000,I 85,I 85 and Gullatt Rd,,Sideswipe-Same Direction,2,Rain,Wet,Daylight
2021-06-11T18:56:00.000,I 85,I 85 and Gullatt Rd,,Not a Collision with Motor Vehicle,1,Rain,Wet,Daylight
2021-10-14T01:04:00.000,I 85,I 85 and Gullatt Rd,,Not a Collision with Motor Vehicle,1,Clear,Dry,Dark-Lighted
2021-12-18T12:05:00.000,I 85,I 85 and Gullatt Rd,,(None),4,(None),(None),(None)
2021-01-20T23:51:00.000,I 85,I 85 and Gullatt Rd,,Head On,2,Clear,Dry,Dark-Not Lighted
2021-05-01T13:12:00.000,I 85,I 85 and Gullatt Rd,,Rear End,2,Clear,Dry,Daylight
2023-04-08T16:30:00.000,I 85,I 85 and Gullatt Rd,,Not a Collision with Motor Vehicle,1,Rain,Wet,Daylight
2023-01-25T05:45:00.000,I 85,I 85 and Gullatt Rd,,Not a Collision with Motor Vehicle,1,Rain,Wet,Dark-Not Lighted
2023-04-08T13:35:00.000,I 85,I 85 and Gullatt Rd,,Angle Crash,1,Rain,Wet,Daylight
2023-08-10T10:55:00.000,I 85,I 85 and Gullatt Rd,,Rear End,2,Rain,Wet,Daylight
2023-12-25T16:40:00.000,I 85,I 85 and Gullatt Rd,,Not a Collision with Motor Vehicle,1,Rain,Wet,Daylight
2023-04-08T08:41:00.000,I 85,I 85 and Gullatt Rd,,Not a Collision with Motor Vehicle,1,Rain,Wet,Daylight
2023-03-17T14:48:00.000,I 85,I 85 and Gullatt Rd,,Angle Crash,2,Rain,Wet,Daylight
2023-03-17T17:55:00.000,I 85,I 85 and Gullatt Rd,,Not a Collision with Motor Vehicle,1,Rain,Wet,Daylight
2022-04-24T19:07:00.000,I 85,I 85 and Gullatt Rd,,Sideswipe-Same Direction,2,Clear,Dry,Daylight
2020-08-10T16:04:00.000,I 85,I 85 and Gullatt Rd,,Not a Collision with Motor Vehicle,1,Rain,Wet,Daylight
2020-08-25T10:27:00.000,I 85,I 85 and Gullatt Rd,,Not a Collision with Motor Vehicle,2,Rain,Wet,Daylight
2020-02-06T15:40:00.000,I 85,I 85 and Gullatt Rd,,Not a Collision with Motor Vehicle,1,Rain,Wet,Daylight
2020-11-07T10:26:00.000,I 85,I 85 and Gullatt Rd,,Sideswipe-Same Direction,2,Rain,Wet,Daylight
2020-12-14T07:00:00.000,I 85,I 85 and Gullatt Rd,,Sideswipe-Same Direction,3,Rain,Wet,Dark-Lighted
2020-02-13T08:50:00.000,I 85,I 85 and Gullatt Rd,,Not a Collision with Motor Vehicle,1,Rain,Wet,Daylight
2020-02-18T17:33:00.000,I 85,I 85 and Gullatt Rd,,Not a Collision with Motor Vehicle,1,Rain,Wet,Daylight
2020-05-25T21:18:00.000,I 85,I 85 and Gullatt Rd,,Not a Collision with Motor Vehicle,2,Clear,Dry,Dark-Not Lighted
2020-05-09T01:25:00.000,I 85,I 85 and Gullatt Rd,,Sideswipe-Same Direction,2,Cloudy,Dry,Dark-Lighted
2020-10-11T11:06:00.000,I 85,I 85 and Gullatt Rd,,Sideswipe-Same Direction,2,Cloudy,Wet,Daylight
2020-01-11T18:34:00.000,I 85,I 85 and Gullatt Rd,,Not a Collision with Motor Vehicle,1,Rain,Wet,Dark-Not Lighted
2020-02-20T10:32:00.000,I 85,I 85 and Gullatt Rd,,Not a Collision with Motor Vehicle,1,Rain,Wet,Daylight
2020-05-15T20:08:00.000,I 85,I 85 and Gullatt Rd,,Sideswipe-Same Direction,2,Clear,Dry,Daylight
2020-12-18T14:00:00.000,I 85,I 85 and Gullatt Rd,,Sideswipe-Same Direction,2,Clear,Dry,Daylight
2020-03-16T17:27:00.000,I 85,I 85 and Gullatt Rd,,Sideswipe-Same Direction,2,Cloudy,Dry,Daylight
2020-10-10T18:07:00.000,I 85,I 85 and Gullatt Rd,,Head On,2,Rain,Wet,Daylight
2020-09-24T13:25:00.000,I 85,I 85 and Gullatt Rd,,Angle Crash,2,Rain,Wet,Daylight
2020-12-16T13:36:00.000,I 85,I 85 and Gullatt Rd,,Angle Crash,2,Rain,Wet,Daylight
2020-08-20T17:39:00.000,I 85,I 85 and Gullatt Rd,,Not a Collision with Motor Vehicle,1,Rain,Wet,Daylight
2020-02-11T18:59:00.000,I 85,I 85 and Gullatt Rd,,Not a Collision with Motor Vehicle,1,Rain,Wet,Dark-Not Lighted
2020-06-16T08:00:00.000,I 85,I 85 and Gullatt Rd,,Not a Collision with Motor Vehicle,2,Clear,Dry,Daylight
2020-05-27T14:05:00.000,I 85,I 85 and Gullatt Rd,,Not a Collision with Motor Vehicle,1,Cloudy,Wet,Daylight
2020-10-09T19:11:00.000,I 85,I 85 and Gullatt Rd,,Sideswipe-Same Direction,2,Rain,Wet,Dark-Lighted
2021-06-05T14:18:00.000,I 85,I 85 and Gullatt Rd,,Not a Collision with Motor Vehicle,1,Clear,Wet,Daylight
2021-02-06T17:20:00.000,I 85,I 85 and Gullatt Rd,,Not a Collision with Motor Vehicle,1,Rain,Wet,Dawn
2021-04-05T01:25:00.000,I 85,I 85 and Gullatt Rd,,Rear End,2,Clear,Dry,Dark-Not Lighted
2021-05-01T12:46:00.000,I 85,I 85 and Gullatt Rd,,Rear End,2,Clear,Wet,Daylight
2021-05-14T15:54:00.000,I 85,I 85 and Gullatt Rd,,Not a Collision with Motor Vehicle,1,Clear,Dry,Daylight
2021-08-17T08:32:00.000,I 85,I 85 and Gullatt Rd,,Sideswipe-Same Direction,2,Rain,Wet,Daylight
2021-08-19T23:40:00.000,I 85,I 85 and Gullatt Rd,,Not a Collision with Motor Vehicle,1,Clear,Dry,Dark-Not Lighted
2021-09-01T19:00:00.000,I 85,I 85 and Gullatt Rd,,Rear End,2,Clear,Dry,Daylight
2021-07-24T07:15:00.000,I 85,I 85 and Gullatt Rd,,Not a Collision with Motor Vehicle,1,Clear,Dry,Daylight
2021-09-15T22:33:00.000,I 85,I 85 and Gullatt Rd,,Not a Collision with Motor Vehicle,1,Rain,Wet,Daylight
2022-04-05T13:12:00.000,I 85,I 85 and Gullatt Rd,,Not a Collision with Motor Vehicle,1,Rain,Wet,Daylight
2022-04-07T11:00:00.000,I 85,I 85 and Gullatt Rd,,Sideswipe-Same Direction,2,Clear,Dry,Daylight
2022-12-17T09:38:00.000,I 85,I 85 and Gullatt Rd,,Not a Collision with Motor Vehicle,1,Cloudy,Dry,Daylight
2022-07-04T16:56:00.000,I 85,I 85 and Gullatt Rd,,Sideswipe-Same Direction,2,Rain,Wet,Daylight
2022-11-29T06:55:00.000,I 85,I 85 and Gullatt Rd,,Rear End,2,Clear,Dry,Daylight
2022-03-09T06:40:00.000,I 85,I 85 and Gullatt Rd,,Not a Collision with Motor Vehicle,1,Rain,Wet,Daylight
2021-09-20T17:20:00.000,I 85,I 85 and Gullatt Rd,,Angle Crash,2,Cloudy,Dry,Daylight
2022-01-05T17:19:00.000,I 85,I 85 and Gullatt Rd,,Sideswipe-Same Direction,2,Clear,Dry,Daylight
2022-12-03T13:32:00.000,I 85,I 85 and Gullatt Rd,,Sideswipe-Same Direction,2,Rain,Wet,Daylight
2022-02-27T11:39:00.000,I 85,I 85 and Gullatt Rd,,Not a Collision with Motor Vehicle,1,Rain,Wet,Daylight
2022-01-16T09:35:00.000,I 85,I 85 and Gullatt Rd,,Sideswipe-Same Direction,2,Snow,Wet,Daylight
2022-01-16T08:54:00.000,I 85,I 85 and Gullatt Rd,,Sideswipe-Same Direction,2,Snow,Wet,Daylight
2022-08-19T15:19:00.000,I 85,I 85 and Gullatt Rd,,Not a Collision with Motor Vehicle,1,Cloudy,Wet,Daylight
2022-03-08T19:15:00.000,I 85,I 85 and Gullatt Rd,,Not a Collision with Motor Vehicle,1,Rain,Wet,Dark-Not Lighted
2022-04-16T08:45:00.000,I 85,I 85 and Gullatt Rd,,Sideswipe-Same Direction,2,Rain,Wet,Daylight
2022-03-26T13:53:00.000,I 85,I 85 and Gullatt Rd,,Sideswipe-Same Direction,2,Clear,Dry,Daylight
2022-01-16T09:14:00.000,I 85,I 85 and Gullatt Rd,,Not a Collision with Motor Vehicle,1,Sleet,Wet,Daylight
2022-11-27T03:10:00.000,I 85,I 85 and Gullatt Rd,,Not a Collision with Motor Vehicle,1,Rain,Wet,Dark-Lighted
2022-11-11T08:45:00.000,I 85,I 85 and Gullatt Rd,,Not a Collision with Motor Vehicle,1,Rain,Wet,Daylight
2022-01-05T17:19:00.000,I 85,I 85 and Gullatt Rd,,Sideswipe-Same Direction,2,Clear,Dry,Daylight
2022-10-12T18:29:00.000,I 85,I 85 and Gullatt Rd,,Not a Collision with Motor Vehicle,1,Rain,Wet,Daylight
2023-04-08T14:57:00.000,I 85,I 85 and Gullatt Rd,,Not a Collision with Motor Vehicle,1,Rain,Wet,Daylight
2024-01-09T08:16:00.000,I 85,I 85 and Gullatt Rd,,Sideswipe-Opposite Direction,2,Severe Thunderstorm or Tornadic,Water (standing or moving),Daylight
2023-11-03T16:30:00.000,I 85,I 85 and Gullatt Rd,,Angle Crash,2,Clear,Dry,Daylight
2023-02-11T15:47:00.000,I 85,I 85 and Gullatt Rd,,Not a Collision with Motor Vehicle,1,Rain,Wet,Daylight
2023-10-07T18:20:00.000,I 85,I 85 and Gullatt Rd,,Not a Collision with Motor Vehicle,1,Clear,Dry,Daylight
2023-03-17T15:30:00.000,I 85,I 85 and Gullatt Rd,,Not a Collision with Motor Vehicle,1,Rain,Wet,Dark-Lighted
2023-04-09T08:40:00.000,I 85,I 85 and Gullatt Rd,,Sideswipe-Same Direction,2,Clear,Dry,Daylight
2023-12-26T16:40:00.000,I 85,I 85 and Gullatt Rd,,Sideswipe-Same Direction,2,Cloudy,Dry,Daylight
2023-10-12T00:31:00.000,I 85,I 85 and Gullatt Rd,,Not a Collision with Motor Vehicle,1,Rain,Water (standing or moving),Dark-Not Lighted
2023-02-06T13:38:00.000,I 85,I 85 and Gullatt Rd,,Not a Collision with Motor Vehicle,1,Clear,Dry,Daylight
2024-07-05T17:14:00.000,I 85,I 85 and Gullatt Rd,,Not a Collision with Motor Vehicle,1,Rain,Wet,Dark-Lighted
2024-07-07T22:00:00.000,I 85,I 85 and Gullatt,,Not a Collision with Motor Vehicle,1,Rain,Wet,Dark-Lighted
2024-05-12T23:30:00.000,I 85,I 85 and Gullat Rd,,Not a Collision with Motor Vehicle,1,Clear,Dry,Dark-Not Lighted
2024-07-02T16:45:00.000,I 85,I 85 and Gs 316,,Sideswipe-Same Direction,4,Clear,Dry,Daylight
2024-03-22T13:00:00.000,I 85,I 85 and Graves Rd,,Rear End,2,Cloudy,Dry,Daylight
2022-10-21T09:43:00.000,I 85,I 85 and Gravels Springs Rd,,Sideswipe-Same Direction,2,Clear,Dry,Daylight
2022-04-24T16:35:00.000,I 85,I 85 and Gravel Srpings Rd,,Rear End,2,Clear,Dry,Daylight
2023-07-03T16:14:00.000,I 85,I 85 and Gravel Srings Rd,,Rear End,2,Clear,Dry,Daylight
2021-02-11T13:00:00.000,I 85,I 85 and Gravel Springs Road Opas,,Rear End,2,Cloudy,Wet,Daylight
2021-07-29T12:00:00.000,I 85,I 85 and Gravel Springs Road Opas,,Not a Collision with Motor Vehicle,1,Clear,Dry,Daylight
2024-04-18T16:30:00.000,I 85,I 85 and Gravel Springs Road Exit Rp,,Not a Collision with Motor Vehicle,1,Clear,Dry,Daylight
2023-12-10T15:02:00.000,I 85,I 85 and Gravel Springs Rd324,,Not a Collision with Motor Vehicle,1,Rain,Wet,Daylight
2022-09-01T17:58:00.000,I 85,I 85 and Gravel Springs Rd.,,Rear End,2,Clear,Dry,Daylight
2022-03-13T12:44:00.000,I 85,I 85 and Gravel Springs Rd.,,Rear End,2,Clear,Dry,Daylight
2022-12-08T14:28:00.000,I 85,I 85 and Gravel Springs Rd.,,Rear End,2,Clear,Dry,Daylight
2022-10-09T09:38:00.000,I 85,I 85 and Gravel Springs Rd.,,Rear End,2,Clear,Dry,Daylight
2024-08-12T19:40:00.000,I 85,I 85 and Gravel Springs Rd.,,Rear End,2,Clear,Dry,Daylight
2024-08-29T08:35:00.000,I 85,I 85 and Gravel Springs Rd.,,Rear End,2,Clear,Dry,Daylight
2024-10-03T21:00:00.000,I 85,I 85 and Gravel Springs Rd.,,Rear End,2,Clear,Dry,Dark-Lighted
2024-08-26T19:45:00.000,I 85,I 85 and Gravel Springs Rd.,,Not a Collision with Motor Vehicle,2,Clear,Dry,Daylight
2022-06-29T08:10:00.000,I 85,I 85 and Gravel Springs Rd Sr324,,Rear End,2,Cloudy,Dry,Daylight
2024-02-04T13:52:00.000,I 85,I 85 and Gravel Springs Rd Sr324,,Sideswipe-Same Direction,2,Clear,Dry,Daylight
2022-04-20T08:00:00.000,I 85,I 85 and Gravel Springs Rd S.R. 324,,Rear End,2,Clear,Dry,Daylight
2020-11-20T17:15:00.000,I 85,I 85 and Gravel Springs Rd S R 324,,Rear End,2,Clear,Dry,Dusk
2021-10-25T13:05:00.000,I 85,I 85 and Gravel Springs Rd Opas,,Not a Collision with Motor Vehicle,1,Clear,Dry,Daylight
2021-08-19T13:32:00.000,I 85,I 85 and Gravel Springs Rd Opas,,Rear End,2,Clear,Dry,Daylight
2022-05-29T19:51:00.000,I 85,I 85 and Gravel Springs Rd Ne S.R. 324,,Rear End,2,Clear,Dry,Daylight
2022-10-31T01:20:00.000,I 85,I 85 and Gravel Springs Rd Exit 118,,Not a Collision with Motor Vehicle,1,Rain,Wet,Dark-Not Lighted
2022-12-14T22:50:00.000,I 85,I 85 and Gravel Springs Rd Exit 118,,Rear End,2,Rain,Wet,Dark-Not Lighted
2021-10-23T18:30:00.000,I 85,I 85 and Gravel Springs Rd,,Rear End,2,Clear,Dry,Dusk
2021-12-07T18:40:00.000,I 85,I 85 and Gravel Springs Rd,,Not a Collision with Motor Vehicle,1,Cloudy,Dry,Dark-Not Lighted
2023-12-12T15:29:00.000,I 85,I 85 and Gravel Springs Rd,,Rear End,2,Clear,Dry,Daylight
2023-04-19T17:59:00.000,I 85,I 85 and Gravel Springs Rd,,Rear End,2,Clear,Dry,Daylight
2023-08-28T17:58:00.000,I 85,I 85 and Gravel Springs Rd,,Rear End,2,Cloudy,Dry,Daylight
2023-01-23T14:03:00.000,I 85,I 85 and Gravel Springs Rd,,Rear End,2,Clear,Dry,Daylight
2023-08-31T00:00:00.000,I 85,I 85 and Gravel Springs Rd,,Not a Collision with Motor Vehicle,1,Rain,Wet,Dark-Lighted
2023-10-16T16:01:00.000,I 85,I 85 and Gravel Springs Rd,,Rear End,2,Cloudy,Dry,Daylight
2023-05-29T05:41:00.000,I 85,I 85 and Gravel Springs Rd,,Not a Collision with Motor Vehicle,1,Clear,Dry,Dawn
2023-08-14T18:00:00.000,I 85,I 85 and Gravel Springs Rd,,Rear End,2,Cloudy,Dry,Daylight
2023-01-30T10:29:00.000,I 85,I 85 and Gravel Springs Rd,,Rear End,2,Rain,Wet,Daylight
2023-07-01T23:56:00.000,I 85,I 85 and Gravel Springs Rd,,Not a Collision with Motor Vehicle,1,Clear,Dry,Dark-Lighted
2023-05-24T11:25:00.000,I 85,I 85 and Gravel Springs Rd,,Rear End,2,Clear,Dry,Daylight
2023-06-15T18:39:00.000,I 85,I 85 and Gravel Springs Rd,,Rear End,2,Clear,Dry,Daylight
2023-12-22T14:15:00.000,I 85,I 85 and Gravel Springs Rd,,Sideswipe-Same Direction,2,Cloudy,Dry,Daylight