Date and Time,Roadway (From Crash Report),Intersection Name (from Crash Report),KABCO Severity,Manner of Collision (Crash Level) ,# of Vehicles per crash ,Weather Conditions (Crash Level),Surface Condition (Crash Level) ,Light Conditions (Crash Level)
2023-05-07T15:33:00.000,I 85,I 85 and Gravel Springs Rd,,Rear End,2,Cloudy,Dry,Daylight
2023-02-15T20:55:00.000,I 85,I 85 and Gravel Springs Rd,,Not a Collision with Motor Vehicle,1,Clear,Dry,Dark-Lighted
2023-03-07T17:45:00.000,I 85,I 85 and Gravel Springs Rd,,Rear End,3,Clear,Dry,Dusk
2023-01-17T20:50:00.000,I 85,I 85 and Gravel Springs Rd,,Rear End,2,Clear,Dry,Dark-Lighted
2023-10-05T01:35:00.000,I 85,I 85 and Gravel Springs Rd,,Sideswipe-Same Direction,2,Clear,Dry,Dark-Lighted
2023-06-24T23:18:00.000,I 85,I 85 and Gravel Springs Rd,,Sideswipe-Same Direction,2,Clear,Dry,Dark-Lighted
2023-09-22T00:00:00.000,I 85,I 85 and Gravel Springs Rd,,Sideswipe-Same Direction,2,Clear,Dry,Daylight
2023-09-29T06:59:00.000,I 85,I 85 and Gravel Springs Rd,,Rear End,2,Cloudy,Dry,Dawn
2023-03-10T19:15:00.000,I 85,I 85 and Gravel Springs Rd,,Sideswipe-Same Direction,2,Clear,Dry,Dark-Not Lighted
2023-05-13T13:59:00.000,I 85,I 85 and Gravel Springs Rd,,Not a Collision with Motor Vehicle,1,Clear,Dry,Daylight
2023-10-24T15:40:00.000,I 85,I 85 and Gravel Springs Rd,,Sideswipe-Same Direction,3,Clear,Dry,Daylight
2023-07-25T17:25:00.000,I 85,I 85 and Gravel Springs Rd,,Sideswipe-Same Direction,2,Clear,Dry,Daylight
2023-07-21T11:06:00.000,I 85,I 85 and Gravel Springs Rd,,Sideswipe-Same Direction,2,Rain,Wet,Dawn
2023-06-07T22:26:00.000,I 85,I 85 and Gravel Springs Rd,,Rear End,2,Clear,Dry,Dark-Not Lighted
2023-05-22T05:10:00.000,I 85,I 85 and Gravel Springs Rd,,Rear End,2,Clear,Dry,Dark-Lighted
2022-12-01T15:04:00.000,I 85,I 85 and Gravel Springs Rd,,Rear End,2,Clear,Dry,Daylight
2024-10-02T17:45:00.000,I 85,I 85 and Gravel Springs Rd,,Rear End,2,Clear,Dry,Daylight
2021-06-05T02:20:00.000,I 85,I 85 and Gravel Springs Rd,,Sideswipe-Same Direction,2,Clear,Dry,Dark-Not Lighted
2021-12-21T17:36:00.000,I 85,I 85 and Gravel Springs Rd,,Sideswipe-Same Direction,2,Rain,Wet,Daylight
2021-12-10T13:00:00.000,I 85,I 85 and Gravel Springs Rd,,Sideswipe-Same Direction,2,Cloudy,Wet,Daylight
2022-03-25T17:37:00.000,I 85,I 85 and Gravel Springs Rd,,Rear End,2,Cloudy,Dry,Daylight
2022-06-24T07:00:00.000,I 85,I 85 and Gravel Springs Rd,,Sideswipe-Same Direction,2,Cloudy,Dry,Daylight
2022-01-16T02:35:00.000,I 85,I 85 and Gravel Springs Rd,,Rear End,2,Snow,Wet,Dark-Not Lighted
2022-08-30T14:13:00.000,I 85,I 85 and Gravel Springs Rd,,Rear End,2,Cloudy,Dry,Daylight
2021-09-22T18:30:00.000,I 85,I 85 and Gravel Springs Rd,,Not a Collision with Motor Vehicle,1,Clear,Dry,Daylight
2022-12-21T19:23:00.000,I 85,I 85 and Gravel Springs Rd,,Rear End,2,Cloudy,Dry,Dark-Not Lighted
2022-11-28T07:55:00.000,I 85,I 85 and Gravel Springs Rd,,Rear End,3,Clear,Dry,Daylight
2022-06-24T17:15:00.000,I 85,I 85 and Gravel Springs Rd,,Rear End,2,Clear,Dry,Daylight
2022-08-31T09:51:00.000,I 85,I 85 and Gravel Springs Rd,,Angle Crash,2,Clear,Dry,Daylight
2022-05-21T18:45:00.000,I 85,I 85 and Gravel Springs Rd,,Sideswipe-Same Direction,2,Clear,Dry,Daylight
2022-06-03T19:18:00.000,I 85,I 85 and Gravel Springs Rd,,Rear End,2,Clear,Dry,Daylight
2022-10-16T18:10:00.000,I 85,I 85 and Gravel Springs Rd,,Sideswipe-Same Direction,2,Clear,Dry,Daylight
2022-06-03T09:23:00.000,I 85,I 85 and Gravel Springs Rd,,Not a Collision with Motor Vehicle,1,Clear,Dry,Daylight
2022-10-26T13:55:00.000,I 85,I 85 and Gravel Springs Rd,,Rear End,2,Clear,Dry,Daylight
2022-12-27T07:00:00.000,I 85,I 85 and Gravel Springs Rd,,Not a Collision with Motor Vehicle,1,Clear,Dry,Daylight
2022-11-04T02:00:00.000,I 85,I 85 and Gravel Springs Rd,,Rear End,2,Clear,Dry,Dark-Not Lighted
2022-05-16T12:25:00.000,I 85,I 85 and Gravel Springs Rd,,Rear End,2,Clear,Dry,Daylight
2022-06-08T04:50:00.000,I 85,I 85 and Gravel Springs Rd,,Angle Crash,2,Clear,Dry,Daylight
2022-05-09T18:50:00.000,I 85,I 85 and Gravel Springs Rd,,Rear End,2,Cloudy,Dry,Daylight
2022-08-27T12:40:00.000,I 85,I 85 and Gravel Springs Rd,,Not a Collision with Motor Vehicle,1,Clear,Dry,Daylight
2022-02-03T20:25:00.000,I 85,I 85 and Gravel Springs Rd,,Not a Collision with Motor Vehicle,1,Rain,Wet,Dark-Not Lighted
2022-10-05T15:13:00.000,I 85,I 85 and Gravel Springs Rd,,Rear End,2,Clear,Dry,Daylight
2022-07-27T10:23:00.000,I 85,I 85 and Gravel Springs Rd,,Angle Crash,2,Cloudy,Dry,Daylight
2022-10-06T16:45:00.000,I 85,I 85 and Gravel Springs Rd,,Sideswipe-Same Direction,2,Clear,Dry,Daylight
2022-09-19T10:25:00.000,I 85,I 85 and Gravel Springs Rd,,Not a Collision with Motor Vehicle,1,Clear,Dry,Daylight
2022-12-20T13:10:00.000,I 85,I 85 and Gravel Springs Rd,,Not a Collision with Motor Vehicle,1,Rain,Wet,Daylight
2022-11-03T07:21:00.000,I 85,I 85 and Gravel Springs Rd,,Sideswipe-Same Direction,2,Clear,Dry,Dark-Lighted
2022-04-12T09:43:00.000,I 85,I 85 and Gravel Springs Rd,,Rear End,2,Cloudy,Dry,Daylight
2022-09-15T00:00:00.000,I 85,I 85 and Gravel Springs Rd,,Rear End,2,Clear,Dry,Daylight
2022-03-12T17:00:00.000,I 85,I 85 and Gravel Springs Rd,,Not a Collision with Motor Vehicle,1,Clear,Dry,Daylight
2022-06-23T06:25:00.000,I 85,I 85 and Gravel Springs Rd,,Sideswipe-Same Direction,2,Cloudy,Dry,Dawn
2022-11-24T15:52:00.000,I 85,I 85 and Gravel Springs Rd,,Rear End,2,Cloudy,Dry,Daylight
2022-12-17T09:00:00.000,I 85,I 85 and Gravel Springs Rd,,Rear End,2,Cloudy,Dry,Daylight
2022-12-29T18:00:00.000,I 85,I 85 and Gravel Springs Rd,,Rear End,2,Clear,Dry,Dark-Not Lighted
2022-11-04T02:00:00.000,I 85,I 85 and Gravel Springs Rd,,Sideswipe-Same Direction,2,Clear,Dry,Dark-Not Lighted
2022-04-13T20:20:00.000,I 85,I 85 and Gravel Springs Rd,,Rear End,2,Clear,Dry,Dark-Lighted
2022-06-13T11:00:00.000,I 85,I 85 and Gravel Springs Rd,,Not a Collision with Motor Vehicle,1,Clear,Dry,Daylight
2022-04-04T14:58:00.000,I 85,I 85 and Gravel Springs Rd,,Not a Collision with Motor Vehicle,1,Cloudy,Dry,Daylight
2022-11-08T17:16:00.000,I 85,I 85 and Gravel Springs Rd,,Rear End,2,Clear,Dry,Daylight
2022-10-23T08:40:00.000,I 85,I 85 and Gravel Springs Rd,,Sideswipe-Same Direction,2,Clear,Dry,Daylight
2022-06-01T03:57:00.000,I 85,I 85 and Gravel Springs Rd,,Not a Collision with Motor Vehicle,1,Clear,Dry,Dark-Not Lighted
2022-03-22T06:00:00.000,I 85,I 85 and Gravel Springs Rd,,Not a Collision with Motor Vehicle,1,Cloudy,Dry,Dark-Lighted
2022-11-02T18:00:00.000,I 85,I 85 and Gravel Springs Rd,,Rear End,2,Clear,Dry,Daylight
2022-09-17T17:20:00.000,I 85,I 85 and Gravel Springs Rd,,Rear End,2,Clear,Dry,Daylight
2022-05-08T16:10:00.000,I 85,I 85 and Gravel Springs Rd,,Sideswipe-Same Direction,2,Cloudy,Dry,Daylight
2022-06-26T03:41:00.000,I 85,I 85 and Gravel Springs Rd,,Angle Crash,2,Clear,Dry,Daylight
2022-05-31T22:00:00.000,I 85,I 85 and Gravel Springs Rd,,Sideswipe-Same Direction,2,Clear,Dry,Dark-Not Lighted
2022-06-09T03:35:00.000,I 85,I 85 and Gravel Springs Rd,,Sideswipe-Same Direction,2,Cloudy,Wet,Dark-Not Lighted
2022-03-05T19:05:00.000,I 85,I 85 and Gravel Springs Rd,,Not a Collision with Motor Vehicle,3,Clear,Dry,Dark-Not Lighted
2022-09-04T20:12:00.000,I 85,I 85 and Gravel Springs Rd,,Sideswipe-Same Direction,2,Cloudy,Wet,Dark-Not Lighted
2022-08-29T16:05:00.000,I 85,I 85 and Gravel Springs Rd,,Rear End,2,Clear,Dry,Daylight
2022-10-21T23:00:00.000,I 85,I 85 and Gravel Springs Rd,,Sideswipe-Same Direction,2,Clear,Dry,Dark-Not Lighted
2022-03-31T20:30:00.000,I 85,I 85 and Gravel Springs Rd,,Sideswipe-Same Direction,2,Clear,Dry,Dark-Not Lighted
2023-10-14T20:47:00.000,I 85,I 85 and Gravel Springs Rd,,Sideswipe-Same Direction,2,Cloudy,Dry,Dark-Not Lighted
2023-02-13T17:30:00.000,I 85,I 85 and Gravel Springs Rd,,Rear End,2,Clear,Dry,Daylight
2024-12-11T19:02:00.000,I 85,I 85 and Gravel Springs Rd,,Not a Collision with Motor Vehicle,2,Clear,Dry,Dark-Not Lighted
2024-10-04T16:20:00.000,I 85,I 85 and Gravel Springs Rd,,Rear End,3,Clear,Dry,Daylight
2024-09-29T07:21:00.000,I 85,I 85 and Gravel Springs Rd,,Rear End,2,Clear,Dry,Daylight
2024-03-02T16:50:00.000,I 85,I 85 and Gravel Springs Rd,,Rear End,2,Cloudy,Dry,Daylight
2024-12-12T06:45:00.000,I 85,I 85 and Gravel Springs Rd,,Sideswipe-Opposite Direction,2,Clear,Dry,Daylight
2024-09-30T17:20:00.000,I 85,I 85 and Gravel Springs Rd,,Rear End,2,Clear,Dry,Daylight
2024-01-15T16:00:00.000,I 85,I 85 and Gravel Springs Rd,,Not a Collision with Motor Vehicle,2,Clear,Dry,Daylight
2024-10-09T17:50:00.000,I 85,I 85 and Gravel Springs Rd,,Sideswipe-Same Direction,2,Clear,Dry,Daylight
2024-02-21T17:13:00.000,I 85,I 85 and Gravel Springs Rd,,Rear End,2,Clear,Dry,Daylight
2024-03-14T10:10:00.000,I 85,I 85 and Gravel Springs Rd,,Rear End,2,Clear,Dry,Daylight
2024-05-09T09:14:00.000,I 85,I 85 and Gravel Springs Rd,,Rear End,2,Rain,Wet,Daylight
2024-03-01T04:03:00.000,I 85,I 85 and Gravel Springs Rd,,Not a Collision with Motor Vehicle,1,Rain,Wet,Dark-Not Lighted
2024-07-07T11:50:00.000,I 85,I 85 and Gravel Springs Rd,,Rear End,2,Clear,Dry,Daylight
2024-01-28T10:33:00.000,I 85,I 85 and Gravel Springs Rd,,Angle Crash,2,Cloudy,Dry,Daylight
2024-11-16T23:25:00.000,I 85,I 85 and Gravel Springs Rd,,Rear End,2,Clear,Dry,Dark-Lighted
2024-08-01T11:19:00.000,I 85,I 85 and Gravel Springs Rd,,Rear End,2,Clear,Dry,Daylight
2024-04-20T10:30:00.000,I 85,I 85 and Gravel Springs Rd,,Angle Crash,2,Clear,Dry,Daylight
2024-02-24T15:26:00.000,I 85,I 85 and Gravel Springs Rd,,Not a Collision with Motor Vehicle,1,Clear,Dry,Daylight
2024-12-11T07:00:00.000,I 85,I 85 and Gravel Springs Rd,,Rear End,2,Cloudy,Wet,Dusk
2024-02-10T14:58:00.000,I 85,I 85 and Gravel Springs Rd,,Rear End,2,Cloudy,Dry,Daylight
2023-04-27T10:00:00.000,I 85,I 85 and Gravel Springs Rd,,Angle Crash,2,Rain,Wet,Daylight
2024-05-30T16:48:00.000,I 85,I 85 and Gravel Springs Rd,,Sideswipe-Same Direction,2,Cloudy,Dry,Daylight
2024-11-13T16:35:00.000,I 85,I 85 and Gravel Springs Rd,,Rear End,2,Clear,Dry,Daylight
2024-05-05T04:00:00.000,I 85,I 85 and Gravel Springs Rd,,Angle Crash,1,Rain,Wet,Dark-Not Lighted
2024-06-26T09:00:00.000,I 85,I 85 and Gravel Springs Rd,,Sideswipe-Same Direction,2,Clear,Dry,Daylight
2024-12-19T15:00:00.000,I 85,I 85 and Gravel Springs Rd,,Rear End,3,Clear,Dry,Daylight
2024-07-27T18:27:00.000,I 85,I 85 and Gravel Springs Rd,,Sideswipe-Same Direction,2,Cloudy,Dry,Daylight
2023-09-07T14:20:00.000,I 85,I 85 and Gravel Springs Rd,,Not a Collision with Motor Vehicle,1,Clear,Dry,Daylight
2023-05-01T16:54:00.000,I 85,I 85 and Gravel Springs Rd,,Sideswipe-Same Direction,2,Clear,Dry,Daylight
2023-08-16T17:35:00.000,I 85,I 85 and Gravel Springs Rd,,Rear End,2,Clear,Dry,Daylight
2023-08-22T13:50:00.000,I 85,I 85 and Gravel Springs Rd,,Rear End,2,Clear,Dry,Daylight
2023-08-30T17:18:00.000,I 85,I 85 and Gravel Springs Rd,,Sideswipe-Same Direction,2,Cloudy,Dry,Daylight
2023-08-09T00:03:00.000,I 85,I 85 and Gravel Springs Rd,,Sideswipe-Same Direction,2,Clear,Dry,Dark-Lighted
2023-11-03T16:55:00.000,I 85,I 85 and Gravel Springs Rd,,Rear End,2,Clear,Dry,Daylight
2023-05-15T15:51:00.000,I 85,I 85 and Gravel Springs Rd,,Sideswipe-Same Direction,2,Clear,Dry,Daylight
2023-06-02T16:55:00.000,I 85,I 85 and Gravel Springs Rd,,Sideswipe-Same Direction,2,Cloudy,Dry,Daylight
2023-05-11T09:35:00.000,I 85,I 85 and Gravel Springs Rd,,Rear End,2,Cloudy,Dry,Daylight
2023-12-22T07:10:00.000,I 85,I 85 and Gravel Springs Rd,,Rear End,2,Clear,Dry,Dark-Lighted
2023-08-28T17:00:00.000,I 85,I 85 and Gravel Springs Rd,,Not a Collision with Motor Vehicle,1,Clear,Dry,Daylight
2023-12-31T15:10:00.000,I 85,I 85 and Gravel Springs Rd,,Rear End,2,Clear,Dry,Daylight
2023-04-04T10:41:00.000,I 85,I 85 and Gravel Springs Rd,,Sideswipe-Same Direction,2,Cloudy,Dry,Daylight
2023-12-08T19:38:00.000,I 85,I 85 and Gravel Springs Rd,,Sideswipe-Same Direction,2,Clear,Dry,Dark-Lighted
2023-07-12T13:02:00.000,I 85,I 85 and Gravel Springs Rd,,Rear End,2,Clear,Dry,Daylight
2023-06-15T16:15:00.000,I 85,I 85 and Gravel Springs Rd,,Not a Collision with Motor Vehicle,3,Clear,Dry,Daylight
2023-06-07T21:27:00.000,I 85,I 85 and Gravel Springs Rd,,Not a Collision with Motor Vehicle,1,Clear,Dry,Dark-Lighted
2023-04-25T13:00:00.000,I 85,I 85 and Gravel Springs Rd,,Sideswipe-Same Direction,2,Clear,Dry,Daylight
2023-03-31T12:20:00.000,I 85,I 85 and Gravel Springs Rd,,Rear End,2,Clear,Dry,Daylight
2023-04-18T11:59:00.000,I 85,I 85 and Gravel Springs Rd,,Not a Collision with Motor Vehicle,2,Cloudy,Dry,Daylight
2023-11-09T04:09:00.000,I 85,I 85 and Gravel Springs Rd,,Not a Collision with Motor Vehicle,1,Clear,Dry,Dark-Not Lighted
2023-01-12T00:05:00.000,I 85,I 85 and Gravel Springs Rd,,Sideswipe-Same Direction,2,Clear,Dry,Dark-Not Lighted
2023-08-15T12:06:00.000,I 85,I 85 and Gravel Springs Rd,,Not a Collision with Motor Vehicle,2,Cloudy,Dry,Daylight
2024-01-08T06:40:00.000,I 85,I 85 and Gravel Springs Rd,,Rear End,2,Cloudy,Dry,Dark-Not Lighted
2024-07-21T10:17:00.000,I 85,I 85 and Gravel Springs Rd,,Rear End,2,Cloudy,Dry,Daylight
2024-06-27T19:30:00.000,I 85,I 85 and Gravel Springs Rd,,Rear End,2,Cloudy,Dry,Daylight
2024-10-15T18:40:00.000,I 85,I 85 and Gravel Springs Rd,,Rear End,2,Clear,Dry,Dark-Not Lighted
2024-11-30T21:25:00.000,I 85,I 85 and Gravel Springs Rd,,Angle Crash,2,Clear,Dry,Dark-Lighted
2024-01-14T00:53:00.000,I 85,I 85 and Gravel Springs Rd,,Head On,3,Cloudy,Dry,Dark-Not Lighted
2024-12-10T04:15:00.000,I 85,I 85 and Gravel Springs Rd,,Angle Crash,2,Cloudy,Wet,Dark-Lighted
2024-03-11T12:45:00.000,I 85,I 85 and Gravel Springs Rd,,Not a Collision with Motor Vehicle,1,Clear,Dry,Daylight
2024-08-13T18:17:00.000,I 85,I 85 and Gravel Springs Rd,,Rear End,2,Clear,Dry,Daylight
2024-01-28T13:00:00.000,I 85,I 85 and Gravel Springs Rd,,Rear End,2,Cloudy,Dry,Daylight
2024-06-23T18:48:00.000,I 85,I 85 and Gravel Springs Rd,,Rear End,2,Clear,Dry,Daylight
2024-06-07T06:30:00.000,I 85,I 85 and Gravel Springs Rd,,Rear End,2,Clear,Dry,Dawn
2024-09-19T05:30:00.000,I 85,I 85 and Gravel Springs Rd,,Not a Collision with Motor Vehicle,1,Clear,Dry,Dark-Not Lighted
2024-08-15T20:00:00.000,I 85,I 85 and Gravel Springs Rd,,Rear End,2,Clear,Dry,Daylight
2024-08-24T13:15:00.000,I 85,I 85 and Gravel Springs Rd,,Sideswipe-Same Direction,2,Clear,Dry,Daylight
2024-09-03T17:45:00.000,I 85,I 85 and Gravel Springs Rd,,Rear End,2,Clear,Dry,Daylight
2024-02-08T06:09:00.000,I 85,I 85 and Gravel Springs Rd,,Angle Crash,2,Clear,Dry,Dark-Not Lighted
2024-02-23T12:31:00.000,I 85,I 85 and Gravel Springs Rd,,Rear End,2,Clear,Dry,Daylight
2024-06-03T17:02:00.000,I 85,I 85 and Gravel Springs Rd,,Rear End,3,Clear,Dry,Daylight
2024-12-31T14:42:00.000,I 85,I 85 and Gravel Springs Rd,,Rear End,2,Cloudy,Dry,Daylight
2024-09-26T17:45:00.000,I 85,I 85 and Gravel Springs Rd,,Not a Collision with Motor Vehicle,1,Rain,Wet,Daylight
2024-07-12T14:50:00.000,I 85,I 85 and Gravel Springs Rd,,Rear End,2,Clear,Dry,Daylight
2024-08-07T09:11:00.000,I 85,I 85 and Gravel Springs Rd,,Sideswipe-Same Direction,2,Clear,Dry,Daylight
2024-02-10T23:06:00.000,I 85,I 85 and Gravel Springs Rd,,Rear End,2,Other,Wet,Dark-Not Lighted
2024-09-14T12:18:00.000,I 85,I 85 and Gravel Springs Rd,,Rear End,2,Rain,Wet,Daylight
2024-12-18T20:34:00.000,I 85,I 85 and Gravel Springs Rd,,Sideswipe-Same Direction,2,Clear,Dry,Dark-Not Lighted
2024-11-16T19:49:00.000,I 85,I 85 and Gravel Springs Rd,,Rear End,2,Clear,Dry,Dark-Not Lighted
2024-05-13T09:40:00.000,I 85,I 85 and Gravel Springs Rd,,Sideswipe-Same Direction,2,Rain,Wet,Daylight
2024-11-26T07:51:00.000,I 85,I 85 and Gravel Springs Rd,,Sideswipe-Same Direction,2,Rain,Wet,Daylight
2024-04-22T02:54:00.000,I 85,I 85 and Gravel Springs Rd,,Rear End,3,Cloudy,Dry,Dark-Not Lighted
2024-11-21T12:30:00.000,I 85,I 85 and Gravel Springs Rd,,Rear End,2,Clear,Dry,Daylight
2024-08-24T16:10:00.000,I 85,I 85 and Gravel Springs Rd,,Not a Collision with Motor Vehicle,1,Clear,Dry,Daylight
2024-05-14T19:32:00.000,I 85,I 85 and Gravel Springs Rd,,Rear End,3,Clear,Dry,Daylight
2024-02-02T19:00:00.000,I 85,I 85 and Gravel Springs Rd,,Sideswipe-Same Direction,2,Clear,Dry,Dark-Not Lighted
2024-10-04T12:45:00.000,I 85,I 85 and Gravel Springs Rd,,Rear End,2,Clear,Dry,Daylight
2024-10-05T18:30:00.000,I 85,I 85 and Gravel Springs Rd,,Sideswipe-Same Direction,2,Clear,Dry,Dusk
2024-07-27T17:28:00.000,I 85,I 85 and Gravel Springs Rd,,Angle Crash,3,Cloudy,Dry,Daylight
2024-12-31T13:34:00.000,I 85,I 85 and Gravel Springs Rd,,Rear End,2,Clear,Dry,Daylight
2024-05-14T14:38:00.000,I 85,I 85 and Gravel Springs Rd,,Rear End,2,Clear,Dry,Daylight
2024-11-26T17:20:00.000,I 85,I 85 and Gravel Springs Rd,,Rear End,2,Clear,Dry,Dark-Lighted
2024-11-16T15:45:00.000,I 85,I 85 and Gravel Springs Rd,,Rear End,2,Clear,Dry,Daylight
2024-08-03T08:58:00.000,I 85,I 85 and Gravel Springs Rd,,Rear End,2,Clear,Dry,Daylight
2024-01-14T22:00:00.000,I 85,I 85 and Gravel Springs Rd,,Angle Crash,2,Clear,Dry,Dark-Not Lighted
2024-03-24T19:47:00.000,I 85,I 85 and Gravel Springs Rd,,Rear End,2,Clear,Dry,Dark-Lighted
2024-01-06T19:45:00.000,I 85,I 85 and Gravel Springs Rd,,Sideswipe-Same Direction,2,Cloudy,Wet,Dark-Not Lighted
2024-12-19T14:00:00.000,I 85,I 85 and Gravel Springs Rd,,Rear End,2,Clear,Dry,Daylight
2024-08-24T21:30:00.000,I 85,I 85 and Gravel Springs Rd,,Sideswipe-Same Direction,2,Clear,Dry,Dark-Not Lighted
2024-10-23T19:28:00.000,I 85,I 85 and Gravel Springs Rd,,Sideswipe-Same Direction,2,Clear,Dry,Dark-Not Lighted
2024-04-16T06:58:00.000,I 85,I 85 and Gravel Springs Rd,,Not a Collision with Motor Vehicle,2,Cloudy,Wet,Daylight
2024-02-08T12:41:00.000,I 85,I 85 and Gravel Springs Rd,,Rear End,2,Clear,Dry,Daylight
2024-01-14T00:53:00.000,I 85,I 85 and Gravel Springs Rd,,Rear End,2,Cloudy,Dry,Dark-Not Lighted
2024-04-20T19:05:00.000,I 85,I 85 and Gravel Springs Rd,,Rear End,2,Clear,Dry,Daylight
2024-09-19T10:33:00.000,I 85,I 85 and Gravel Springs Rd,,Rear End,2,Clear,Dry,Daylight
2024-05-20T18:56:00.000,I 85,I 85 and Gravel Springs Rd,,Rear End,2,Clear,Dry,Daylight
2023-12-07T04:33:00.000,I 85,I 85 and Gravel Springs Exit Rp,,Sideswipe-Same Direction,2,Clear,Dry,Dark-Not Lighted
2024-11-22T14:30:00.000,I 85,I 85 and Gravel Springs Exit Rp,,Rear End,2,Clear,Dry,Daylight
2021-08-23T20:27:00.000,I 85,I 85 and Gravel Springs Brg,,Sideswipe-Same Direction,2,Clear,Dry,Dark-Lighted
2024-11-26T17:07:00.000,I 85,I 85 and Gravel Spring Rd,,Sideswipe-Same Direction,2,Clear,Dry,Daylight
2021-07-06T14:35:00.000,I 85,I 85 and Gravel Spgs,,Not a Collision with Motor Vehicle,3,Clear,Dry,Daylight
2023-10-06T07:33:00.000,I 85,I 85 and Gravel Spgs,,Sideswipe-Same Direction,2,Clear,Dry,Daylight
2023-02-16T21:35:00.000,I 85,I 85 and Gravel Spgs,,Head On,2,Clear,Dry,Dark-Lighted
2022-04-15T22:50:00.000,I 85,I 85 and Gravel Spgs,,Rear End,2,Cloudy,Dry,Dark-Not Lighted
2022-05-08T14:30:00.000,I 85,I 85 and Gravel Spgs,,Rear End,2,Cloudy,Dry,Daylight
2022-10-03T17:20:00.000,I 85,I 85 and Gravel Spgs,,Rear End,2,Clear,Dry,Daylight
2022-03-24T22:50:00.000,I 85,I 85 and Gravel Spgs,,Angle Crash,2,Clear,Dry,Daylight
2022-05-20T17:03:00.000,I 85,I 85 and Gravel Spgs,,Angle Crash,2,Clear,Dry,Daylight
2023-02-27T13:50:00.000,I 85,I 85 and Gravel Spgs,,Sideswipe-Same Direction,2,Cloudy,Dry,Daylight
2024-04-09T06:25:00.000,I 85,I 85 and Gravel Spgs,,Sideswipe-Same Direction,2,Rain,Wet,Dawn
2024-07-20T13:57:00.000,I 85,I 85 and Gravel Spgs,,Rear End,2,Cloudy,Dry,Daylight
2023-09-29T15:00:00.000,I 85,I 85 and Gravel Spgs,,Rear End,2,Clear,Dry,Daylight
2023-12-28T10:00:00.000,I 85,I 85 and Gravel Spgs,,Sideswipe-Same Direction,2,Clear,Dry,Daylight
2024-01-17T06:40:00.000,I 85,I 85 and Gravel Spgs,,Sideswipe-Same Direction,2,Clear,Dry,Dark-Lighted
2024-11-23T19:29:00.000,I 85,I 85 and Gravel Spgs,,Rear End,2,Clear,Dry,Dark-Lighted
2024-04-09T15:10:00.000,I 85,I 85 and Gravel,,Rear End,2,Rain,Wet,Daylight
2022-12-05T18:39:00.000,I 85,I 85 and Georiga 400,,Rear End,2,Rain,Wet,Dark-Lighted
2023-03-30T19:37:00.000,I 85,I 85 and Georiga 400,,Rear End,2,Clear,Dry,Daylight
2022-10-25T17:22:00.000,I 85,I 85 and Georiga 13,,Sideswipe-Same Direction,2,Clear,Dry,Daylight
2022-11-04T18:54:00.000,I 85,I 85 and Georiga 13,,Rear End,2,Clear,Dry,Daylight
2024-12-27T15:00:00.000,I 85,I 85 and Georga -317,,Rear End,2,Cloudy,Dry,Daylight
2022-09-23T16:37:00.000,I 85,I 85 and Geoorgia 13,,Rear End,2,Clear,Dry,Daylight
2021-02-15T17:03:00.000,I 85,I 85 and Garden Walk Blvd,,Rear End,2,Rain,Wet,Daylight
2020-08-13T15:50:00.000,I 85,I 85 and Garden Walk Blvd,,Sideswipe-Same Direction,2,Clear,Dry,Daylight
2020-08-05T11:40:00.000,I 85,I 85 and Gahwy 317,,Sideswipe-Opposite Direction,2,Clear,Dry,Daylight
2022-12-29T11:30:00.000,I 85,I 85 and Gaeorgia 400,,Sideswipe-Same Direction,2,Clear,Dry,Daylight
2023-05-18T16:15:00.000,I 85,I 85 and Gaeorgia 13,,Rear End,2,Clear,Dry,Daylight
2021-06-24T15:30:00.000,I 85,I 85 and Ga400,,Rear End,2,Clear,Dry,Daylight
2021-11-01T16:00:00.000,I 85,I 85 and Ga400,,Sideswipe-Same Direction,2,Clear,Dry,Daylight
2021-11-01T16:00:00.000,I 85,I 85 and Ga400,,Rear End,2,Clear,Dry,Daylight
2021-11-01T15:15:00.000,I 85,I 85 and Ga400,,Rear End,2,Clear,Dry,Daylight
2022-04-28T16:15:00.000,I 85,I 85 and Ga400,,Sideswipe-Same Direction,2,Clear,Dry,Daylight
2022-04-26T11:00:00.000,I 85,I 85 and Ga400,,Rear End,2,Rain,Wet,Daylight
2022-06-02T08:10:00.000,I 85,I 85 and Ga400,,Not a Collision with Motor Vehicle,1,Clear,Dry,Daylight
2022-02-14T09:20:00.000,I 85,I 85 and Ga400,,Sideswipe-Same Direction,2,Clear,Dry,Daylight
2022-02-18T01:50:00.000,I 85,I 85 and Ga400,,Not a Collision with Motor Vehicle,1,Cloudy,Wet,Daylight
2022-01-26T09:15:00.000,I 85,I 85 and Ga400,,Sideswipe-Same Direction,2,Clear,Dry,Daylight
2023-07-18T07:04:00.000,I 85,I 85 and Ga400,,Sideswipe-Same Direction,2,Clear,Dry,Daylight
2023-01-17T07:00:00.000,I 85,I 85 and Ga400,,Rear End,2,Rain,Wet,Dawn