Date and Time,Roadway (From Crash Report),Intersection Name (from Crash Report),KABCO Severity,Manner of Collision (Crash Level) ,# of Vehicles per crash ,Weather Conditions (Crash Level),Surface Condition (Crash Level) ,Light Conditions (Crash Level)
2021-01-25T17:50:00.000,I 85,I 85 and Ga378,,Sideswipe-Same Direction,2,Clear,Dry,Dusk
2021-05-11T18:19:00.000,I 85,I 85 and Ga378,,Rear End,2,Clear,Dry,Daylight
2021-04-27T00:00:00.000,I 85,I 85 and Ga378,,Sideswipe-Same Direction,2,Clear,Dry,Daylight
2021-09-21T09:21:00.000,I 85,I 85 and Ga378,,Rear End,2,Cloudy,Wet,Daylight
2021-09-21T08:42:00.000,I 85,I 85 and Ga378,,Rear End,2,Cloudy,Wet,Daylight
2021-03-12T08:20:00.000,I 85,I 85 and Ga378,,Rear End,2,Clear,Dry,Daylight
2020-11-24T18:50:00.000,I 85,I 85 and Ga378,,Rear End,2,Clear,Dry,Dark-Lighted
2020-12-07T08:10:00.000,I 85,I 85 and Ga378,,Rear End,2,Clear,Dry,Daylight
2020-07-29T08:23:00.000,I 85,I 85 and Ga378,,Rear End,3,Clear,Dry,Daylight
2020-02-18T06:15:00.000,I 85,I 85 and Ga378,,Rear End,2,Rain,Wet,Daylight
2020-02-13T00:00:00.000,I 85,I 85 and Ga378,,Not a Collision with Motor Vehicle,1,Clear,Dry,Daylight
2020-02-18T08:40:00.000,I 85,I 85 and Ga378,,Rear End,2,Rain,Wet,Daylight
2020-11-24T18:50:00.000,I 85,I 85 and Ga378,,Rear End,3,Clear,Dry,Dark-Lighted
2020-12-18T09:23:00.000,I 85,I 85 and Ga378,,Rear End,2,Clear,Dry,Daylight
2020-11-24T13:25:00.000,I 85,I 85 and Ga378,,Rear End,2,Clear,Dry,Daylight
2020-02-17T10:40:00.000,I 85,I 85 and Ga378,,Sideswipe-Same Direction,2,Cloudy,Dry,Daylight
2020-12-08T08:00:00.000,I 85,I 85 and Ga378,,Rear End,2,Clear,Dry,Daylight
2020-09-03T17:52:00.000,I 85,I 85 and Ga378,,Rear End,3,Clear,Dry,Daylight
2020-09-04T10:40:00.000,I 85,I 85 and Ga378,,Not a Collision with Motor Vehicle,2,Clear,Dry,Daylight
2020-02-17T06:52:00.000,I 85,I 85 and Ga378,,Rear End,2,Fog,Wet,Dawn
2020-10-14T16:20:00.000,I 85,I 85 and Ga378,,Sideswipe-Same Direction,2,Clear,Dry,Daylight
2020-07-23T16:45:00.000,I 85,I 85 and Ga378,,Rear End,2,Clear,Dry,Daylight
2020-05-20T10:25:00.000,I 85,I 85 and Ga378,,Rear End,2,Cloudy,Wet,Daylight
2020-02-07T10:18:00.000,I 85,I 85 and Ga378,,Rear End,2,Cloudy,Wet,Daylight
2020-01-23T08:50:00.000,I 85,I 85 and Ga378,,Sideswipe-Same Direction,2,Cloudy,Dry,Daylight
2022-10-31T08:00:00.000,I 85,I 85 and Ga378,,Sideswipe-Same Direction,2,Rain,Wet,Daylight
2022-07-28T14:30:00.000,I 85,I 85 and Ga378,,Rear End,2,Clear,Dry,Daylight
2022-08-18T08:45:00.000,I 85,I 85 and Ga378,,Rear End,3,Clear,Dry,Daylight
2022-07-22T10:40:00.000,I 85,I 85 and Ga378,,Rear End,2,Clear,Dry,Daylight
2022-11-21T12:09:00.000,I 85,I 85 and Ga378,,Rear End,3,Clear,Dry,Daylight
2022-11-17T15:15:00.000,I 85,I 85 and Ga378,,Rear End,2,Clear,Dry,Daylight
2022-11-14T15:15:00.000,I 85,I 85 and Ga378,,Rear End,2,Clear,Dry,Daylight
2023-03-07T07:33:00.000,I 85,I 85 and Ga378,,Rear End,2,Clear,Dry,Daylight
2023-03-10T17:30:00.000,I 85,I 85 and Ga378,,Rear End,2,Clear,Dry,Daylight
2024-05-20T08:14:00.000,I 85,I 85 and Ga378,,Rear End,2,Clear,Dry,Daylight
2022-08-09T18:30:00.000,I 85,I 85 and Ga324,,Sideswipe-Same Direction,2,Clear,Dry,Daylight
2022-08-08T17:00:00.000,I 85,I 85 and Ga324,,Rear End,2,Clear,Dry,Daylight
2024-05-09T09:15:00.000,I 85,I 85 and Ga324,,Rear End,2,Cloudy,Wet,Daylight
2021-05-06T17:07:00.000,I 85,I 85 and Ga317,,Rear End,2,Clear,Dry,Daylight
2021-03-24T12:00:00.000,I 85,I 85 and Ga317,,Not a Collision with Motor Vehicle,1,Clear,Dry,Daylight
2023-02-21T07:10:00.000,I 85,I 85 and Ga317,,Rear End,2,Clear,Dry,Daylight
2023-03-13T14:27:00.000,I 85,I 85 and Ga317,,Rear End,2,Clear,Dry,Daylight
2023-01-27T14:45:00.000,I 85,I 85 and Ga317,,Rear End,2,Clear,Dry,Daylight
2021-04-08T17:40:00.000,I 85,I 85 and Ga317,,Sideswipe-Same Direction,2,Clear,Dry,Daylight
2020-01-24T18:40:00.000,I 85,I 85 and Ga317,,Sideswipe-Same Direction,2,Fog,Wet,Daylight
2020-10-01T18:10:00.000,I 85,I 85 and Ga317,,Rear End,3,Clear,Dry,Daylight
2020-02-04T07:55:00.000,I 85,I 85 and Ga317,,Rear End,2,Clear,Dry,Daylight
2020-12-14T15:50:00.000,I 85,I 85 and Ga317,,Rear End,2,Clear,Dry,Daylight
2020-07-20T17:20:00.000,I 85,I 85 and Ga317,,Rear End,2,Clear,Dry,Daylight
2020-03-19T09:15:00.000,I 85,I 85 and Ga317,,Not a Collision with Motor Vehicle,1,Clear,Dry,Daylight
2020-09-29T17:00:00.000,I 85,I 85 and Ga317,,Rear End,4,Cloudy,Wet,Daylight
2020-02-03T15:50:00.000,I 85,I 85 and Ga317,,Rear End,3,Clear,Dry,Daylight
2020-01-16T12:20:00.000,I 85,I 85 and Ga317,,Rear End,2,Clear,Dry,Daylight
2020-01-20T16:05:00.000,I 85,I 85 and Ga317,,Rear End,5,Clear,Dry,Daylight
2020-11-09T15:15:00.000,I 85,I 85 and Ga317,,Rear End,2,Clear,Dry,Daylight
2020-01-27T07:20:00.000,I 85,I 85 and Ga317,,Rear End,2,Cloudy,Wet,Daylight
2020-07-31T13:00:00.000,I 85,I 85 and Ga317,,Rear End,2,Clear,Wet,Daylight
2020-02-04T07:55:00.000,I 85,I 85 and Ga317,,Rear End,2,Clear,Dry,Daylight
2020-03-02T18:00:00.000,I 85,I 85 and Ga317,,Rear End,2,Rain,Wet,Dusk
2020-11-24T15:53:00.000,I 85,I 85 and Ga317,,Rear End,3,Clear,Dry,Daylight
2020-11-13T14:05:00.000,I 85,I 85 and Ga317,,Rear End,2,Clear,Dry,Daylight
2020-01-24T13:50:00.000,I 85,I 85 and Ga317,,Not a Collision with Motor Vehicle,1,Rain,Wet,Daylight
2020-11-13T14:05:00.000,I 85,I 85 and Ga317,,Rear End,2,Clear,Dry,Daylight
2020-01-06T16:20:00.000,I 85,I 85 and Ga317,,Rear End,2,Clear,Dry,Daylight
2020-06-12T18:30:00.000,I 85,I 85 and Ga317,,Rear End,2,Clear,Dry,Daylight
2020-11-23T17:45:00.000,I 85,I 85 and Ga317,,Rear End,2,Clear,Dry,Dark-Not Lighted
2020-03-02T18:00:00.000,I 85,I 85 and Ga317,,Rear End,2,Rain,Wet,Dusk
2020-11-26T12:24:00.000,I 85,I 85 and Ga317,,Sideswipe-Same Direction,2,Clear,Dry,Daylight
2020-08-25T17:00:00.000,I 85,I 85 and Ga317,,Rear End,3,Rain,Wet,Daylight
2020-09-24T17:15:00.000,I 85,I 85 and Ga317,,Rear End,2,Rain,Wet,Daylight
2020-02-14T15:50:00.000,I 85,I 85 and Ga317,,Rear End,2,Clear,Dry,Daylight
2020-10-01T15:30:00.000,I 85,I 85 and Ga317,,Rear End,3,Clear,Sand,Daylight
2020-02-21T17:00:00.000,I 85,I 85 and Ga317,,Sideswipe-Same Direction,2,Clear,Dry,Daylight
2020-01-31T18:05:00.000,I 85,I 85 and Ga317,,Rear End,2,Cloudy,Dry,Dusk
2020-02-11T18:10:00.000,I 85,I 85 and Ga317,,Sideswipe-Same Direction,2,Cloudy,Wet,Daylight
2020-11-09T18:40:00.000,I 85,I 85 and Ga317,,Sideswipe-Same Direction,2,Clear,Dry,Dark-Not Lighted
2020-11-24T18:00:00.000,I 85,I 85 and Ga317,,Rear End,2,Clear,Dry,Dark-Not Lighted
2020-05-15T13:45:00.000,I 85,I 85 and Ga317,,Sideswipe-Same Direction,2,Clear,Dry,Daylight
2020-11-23T15:55:00.000,I 85,I 85 and Ga317,,Rear End,2,Clear,Dry,Daylight
2020-02-05T17:30:00.000,I 85,I 85 and Ga317,,Sideswipe-Same Direction,2,Clear,Dry,Daylight
2020-03-18T08:15:00.000,I 85,I 85 and Ga317,,Sideswipe-Same Direction,2,Clear,Dry,Daylight
2021-03-16T06:30:00.000,I 85,I 85 and Ga317,,Rear End,2,Clear,Dry,Dark-Not Lighted
2021-03-01T00:00:00.000,I 85,I 85 and Ga317,,Rear End,2,Clear,Dry,Daylight
2022-09-22T07:55:00.000,I 85,I 85 and Ga317,,Sideswipe-Same Direction,2,Clear,Dry,Daylight
2022-09-02T14:55:00.000,I 85,I 85 and Ga317,,Not a Collision with Motor Vehicle,1,Rain,Wet,Daylight
2022-10-31T06:55:00.000,I 85,I 85 and Ga317,,Angle Crash,2,Rain,Wet,Dark-Not Lighted
2022-09-02T18:00:00.000,I 85,I 85 and Ga317,,Rear End,2,Clear,Dry,Daylight
2022-08-05T12:44:00.000,I 85,I 85 and Ga317,,Sideswipe-Same Direction,2,Clear,Dry,Daylight
2022-12-12T13:35:00.000,I 85,I 85 and Ga317,,Sideswipe-Same Direction,3,Clear,Dry,Daylight
2022-11-25T15:10:00.000,I 85,I 85 and Ga317,,Rear End,2,Clear,Dry,Daylight
2022-10-10T17:20:00.000,I 85,I 85 and Ga317,,Rear End,3,Clear,Dry,Daylight
2022-09-01T14:53:00.000,I 85,I 85 and Ga317,,Rear End,2,Clear,Dry,Daylight
2022-09-22T09:50:00.000,I 85,I 85 and Ga317,,Not a Collision with Motor Vehicle,2,Clear,Dry,Daylight
2023-02-10T07:20:00.000,I 85,I 85 and Ga317,,Rear End,2,Clear,Dry,Daylight
2023-02-23T15:40:00.000,I 85,I 85 and Ga317,,Sideswipe-Same Direction,2,Clear,Dry,Daylight
2024-11-26T10:53:00.000,I 85,I 85 and Ga317,,Sideswipe-Same Direction,2,Cloudy,Wet,Daylight
2021-04-14T12:00:00.000,I 85,I 85 and Ga316,,Not a Collision with Motor Vehicle,1,Clear,Dry,Daylight
2020-06-18T13:30:00.000,I 85,I 85 and Ga316,,Rear End,2,Clear,Dry,Daylight
2020-09-03T15:25:00.000,I 85,I 85 and Ga316,,Not a Collision with Motor Vehicle,1,Clear,Dry,Daylight
2020-11-12T09:20:00.000,I 85,I 85 and Ga316,,Sideswipe-Same Direction,2,Clear,Dry,Daylight
2020-07-23T17:24:00.000,I 85,I 85 and Ga316,,Rear End,2,Clear,Dry,Daylight
2020-02-18T11:12:00.000,I 85,I 85 and Ga316,,Not a Collision with Motor Vehicle,1,Rain,Wet,Daylight
2020-10-02T06:15:00.000,I 85,I 85 and Ga316,,Sideswipe-Same Direction,2,Clear,Dry,Dark-Not Lighted
2020-02-10T16:35:00.000,I 85,I 85 and Ga316,,Not a Collision with Motor Vehicle,1,Rain,Wet,Daylight
2020-01-21T09:32:00.000,I 85,I 85 and Ga316,,Not a Collision with Motor Vehicle,1,Cloudy,Dry,Daylight
2022-09-09T07:40:00.000,I 85,I 85 and Ga316,,Rear End,2,Clear,Dry,Daylight
2022-10-04T10:00:00.000,I 85,I 85 and Ga316,,Rear End,3,Clear,Dry,Daylight
2023-06-16T11:19:00.000,I 85,I 85 and Ga316,,Rear End,2,Clear,Dry,Daylight
2023-05-23T10:30:00.000,I 85,I 85 and Ga316,,Rear End,3,Cloudy,Wet,Daylight
2020-02-03T17:35:00.000,I 85,I 85 and Ga211,,Sideswipe-Same Direction,2,Clear,Dry,Dusk
2020-01-28T09:17:00.000,I 85,I 85 and Ga166,,Sideswipe-Same Direction,2,Clear,Dry,Daylight
2021-07-26T18:16:00.000,I 85,I 85 and Ga154,,Rear End,2,Clear,Dry,Daylight
2023-08-15T03:35:00.000,I 85,I 85 and Ga154,,Not a Collision with Motor Vehicle,1,Clear,Dry,Dark-Not Lighted
2023-01-04T08:15:00.000,I 85,I 85 and Ga154,,Not a Collision with Motor Vehicle,1,Rain,Wet,Daylight
2020-10-12T12:57:00.000,I 85,I 85 and Ga154,,Sideswipe-Same Direction,2,Clear,Dry,Daylight
2020-02-06T07:34:00.000,I 85,I 85 and Ga154,,Not a Collision with Motor Vehicle,1,Rain,Wet,Dawn
2020-02-06T08:22:00.000,I 85,I 85 and Ga154,,Rear End,3,Rain,Wet,Daylight
2020-01-17T06:02:00.000,I 85,I 85 and Ga154,,Rear End,2,Cloudy,Dry,Dark-Lighted
2020-01-31T08:30:00.000,I 85,I 85 and Ga154,,Rear End,2,Rain,Wet,Daylight
2021-07-26T15:35:00.000,I 85,I 85 and Ga154,,Rear End,2,Clear,Dry,Daylight
2021-04-08T13:15:00.000,I 85,I 85 and Ga140,,Rear End,2,Clear,Dry,Daylight
2021-04-13T11:58:00.000,I 85,I 85 and Ga140,,Sideswipe-Same Direction,2,Clear,Dry,Daylight
2021-04-13T07:45:00.000,I 85,I 85 and Ga140,,Rear End,2,Clear,Dry,Daylight
2021-03-12T12:25:00.000,I 85,I 85 and Ga140,,Rear End,2,Clear,Dry,Daylight
2021-03-15T15:20:00.000,I 85,I 85 and Ga140,,Sideswipe-Same Direction,2,Clear,Dry,Daylight
2021-03-10T17:35:00.000,I 85,I 85 and Ga140,,Rear End,3,Clear,Dry,Daylight
2021-02-25T08:54:00.000,I 85,I 85 and Ga140,,Sideswipe-Same Direction,2,Clear,Dry,Daylight
2021-03-12T14:50:00.000,I 85,I 85 and Ga140,,Rear End,3,Clear,Dry,Daylight
2020-09-01T18:05:00.000,I 85,I 85 and Ga140,,Rear End,2,Clear,Wet,Daylight
2023-02-07T19:45:00.000,I 85,I 85 and Ga140,,Rear End,2,Clear,Dry,Daylight
2023-02-16T17:00:00.000,I 85,I 85 and Ga140,,Sideswipe-Same Direction,2,Clear,Dry,Daylight
2023-01-27T00:00:00.000,I 85,I 85 and Ga140,,Rear End,2,Clear,Dry,Daylight
2023-03-24T13:00:00.000,I 85,I 85 and Ga140,,Rear End,3,Clear,Dry,Daylight
2023-06-13T00:00:00.000,I 85,I 85 and Ga140,,Sideswipe-Same Direction,2,Clear,Dry,Daylight
2023-10-02T08:22:00.000,I 85,I 85 and Ga140,,Not a Collision with Motor Vehicle,2,Clear,Dry,Daylight
2023-08-11T11:35:00.000,I 85,I 85 and Ga140,,Rear End,2,Cloudy,Wet,Daylight
2022-12-05T07:25:00.000,I 85,I 85 and Ga140,,Sideswipe-Same Direction,2,Clear,Dry,Daylight
2020-05-01T16:00:00.000,I 85,I 85 and Ga140,,Rear End,3,Clear,Dry,Daylight
2020-09-03T19:15:00.000,I 85,I 85 and Ga140,,Sideswipe-Same Direction,2,Clear,Dry,Daylight
2020-11-19T15:50:00.000,I 85,I 85 and Ga140,,Sideswipe-Same Direction,2,Clear,Dry,Daylight
2020-12-08T09:25:00.000,I 85,I 85 and Ga140,,Rear End,2,Clear,Dry,Daylight
2020-11-09T00:00:00.000,I 85,I 85 and Ga140,,Sideswipe-Same Direction,2,Clear,Dry,Daylight
2020-02-28T11:00:00.000,I 85,I 85 and Ga140,,Rear End,2,Clear,Dry,Daylight
2020-09-22T09:20:00.000,I 85,I 85 and Ga140,,Sideswipe-Same Direction,2,Clear,Dry,Daylight
2020-01-16T18:30:00.000,I 85,I 85 and Ga140,,Sideswipe-Same Direction,2,Clear,Dry,Dark-Lighted
2020-07-03T13:20:00.000,I 85,I 85 and Ga140,,Rear End,2,Clear,Dry,Daylight
2020-01-21T07:25:00.000,I 85,I 85 and Ga140,,Rear End,2,Cloudy,Dry,Daylight
2020-07-09T00:00:00.000,I 85,I 85 and Ga140,,Rear End,2,Clear,Dry,Daylight
2020-11-10T06:55:00.000,I 85,I 85 and Ga140,,Rear End,3,Clear,Dry,Daylight
2020-08-26T00:00:00.000,I 85,I 85 and Ga140,,Not a Collision with Motor Vehicle,2,Clear,Dry,Daylight
2020-09-08T15:55:00.000,I 85,I 85 and Ga140,,Rear End,4,Clear,Dry,Daylight
2020-01-07T09:05:00.000,I 85,I 85 and Ga140,,Rear End,2,Clear,Dry,Daylight
2020-01-03T08:35:00.000,I 85,I 85 and Ga140,,Angle Crash,3,Rain,Wet,Daylight
2020-08-26T15:45:00.000,I 85,I 85 and Ga140,,Rear End,2,Clear,Dry,Daylight
2020-06-25T16:50:00.000,I 85,I 85 and Ga140,,Sideswipe-Same Direction,2,Clear,Dry,Daylight
2020-03-11T14:40:00.000,I 85,I 85 and Ga140,,Rear End,2,Clear,Dry,Daylight
2020-01-28T18:45:00.000,I 85,I 85 and Ga140,,Sideswipe-Same Direction,2,Clear,Dry,Dark-Lighted
2020-02-27T09:00:00.000,I 85,I 85 and Ga140,,Sideswipe-Same Direction,2,Clear,Dry,Daylight
2020-07-31T11:39:00.000,I 85,I 85 and Ga140,,Rear End,2,Clear,Dry,Daylight
2020-08-24T06:45:00.000,I 85,I 85 and Ga140,,Rear End,2,Rain,Wet,Dark-Lighted
2020-12-29T08:40:00.000,I 85,I 85 and Ga140,,Sideswipe-Same Direction,2,Clear,Dry,Daylight
2020-11-10T07:14:00.000,I 85,I 85 and Ga140,,Rear End,2,Clear,Dry,Daylight
2020-09-01T14:55:00.000,I 85,I 85 and Ga140,,Sideswipe-Same Direction,2,Clear,Dry,Daylight
2020-09-24T19:44:00.000,I 85,I 85 and Ga140,,Sideswipe-Same Direction,2,Rain,Wet,Dark-Lighted
2020-11-10T06:55:00.000,I 85,I 85 and Ga140,,Rear End,2,Clear,Dry,Daylight
2020-10-05T12:35:00.000,I 85,I 85 and Ga140,,Rear End,2,Clear,Dry,Daylight
2020-06-12T14:50:00.000,I 85,I 85 and Ga140,,Rear End,2,Clear,Dry,Daylight
2020-11-10T07:10:00.000,I 85,I 85 and Ga140,,Sideswipe-Same Direction,2,Clear,Dry,Daylight
2020-09-03T16:55:00.000,I 85,I 85 and Ga140,,Sideswipe-Same Direction,2,Clear,Dry,Daylight
2020-08-04T17:15:00.000,I 85,I 85 and Ga140,,Rear End,2,Clear,Dry,Daylight
2020-06-08T16:50:00.000,I 85,I 85 and Ga140,,Rear End,2,Clear,Dry,Daylight
2020-03-25T14:33:00.000,I 85,I 85 and Ga140,,Sideswipe-Same Direction,2,Clear,Dry,Daylight
2020-01-17T14:45:00.000,I 85,I 85 and Ga140,,Rear End,2,Cloudy,Dry,Daylight
2020-02-14T16:30:00.000,I 85,I 85 and Ga140,,Sideswipe-Same Direction,2,Clear,Dry,Daylight
2021-04-21T15:20:00.000,I 85,I 85 and Ga140,,Sideswipe-Same Direction,2,Clear,Dry,Daylight
2021-02-03T11:00:00.000,I 85,I 85 and Ga140,,Sideswipe-Same Direction,2,Clear,Dry,Daylight
2021-04-30T07:05:00.000,I 85,I 85 and Ga140,,Rear End,2,Clear,Dry,Daylight
2021-12-10T12:07:00.000,I 85,I 85 and Ga140,,Rear End,3,Cloudy,Wet,Daylight
2022-11-11T05:45:00.000,I 85,I 85 and Ga140,,Not a Collision with Motor Vehicle,2,Rain,Wet,Dark-Lighted
2022-11-04T09:34:00.000,I 85,I 85 and Ga140,,Rear End,2,Clear,Dry,Daylight
2022-07-28T16:20:00.000,I 85,I 85 and Ga140,,Sideswipe-Same Direction,2,Clear,Dry,Daylight
2022-12-15T15:30:00.000,I 85,I 85 and Ga140,,Rear End,2,Clear,Dry,Daylight
2022-09-20T16:34:00.000,I 85,I 85 and Ga140,,Sideswipe-Same Direction,2,Clear,Dry,Daylight
2022-11-04T06:05:00.000,I 85,I 85 and Ga140,,Sideswipe-Same Direction,2,Clear,Dry,Dark-Lighted
2022-11-08T19:40:00.000,I 85,I 85 and Ga140,,Rear End,2,Clear,Dry,Dark-Lighted
2022-11-17T17:05:00.000,I 85,I 85 and Ga140,,Sideswipe-Same Direction,2,Clear,Dry,Daylight
2022-12-13T06:55:00.000,I 85,I 85 and Ga140,,Rear End,2,Clear,Dry,Daylight
2022-12-06T06:35:00.000,I 85,I 85 and Ga140,,Sideswipe-Same Direction,2,Rain,Wet,Dark-Lighted
2022-11-11T11:30:00.000,I 85,I 85 and Ga140,,Sideswipe-Same Direction,2,Rain,Wet,Daylight
2023-03-06T14:00:00.000,I 85,I 85 and Ga140,,Rear End,2,Clear,Dry,Daylight
2024-01-02T08:22:00.000,I 85,I 85 and Ga140,,Rear End,2,Clear,Dry,Daylight
2023-03-27T13:25:00.000,I 85,I 85 and Ga140,,Sideswipe-Same Direction,2,Clear,Dry,Daylight
2023-01-27T16:50:00.000,I 85,I 85 and Ga140,,Rear End,2,Clear,Dry,Daylight
2023-03-27T15:45:00.000,I 85,I 85 and Ga140,,Rear End,3,Clear,Dry,Daylight
2024-05-14T08:34:00.000,I 85,I 85 and Ga140,,Rear End,2,Cloudy,Wet,Daylight
2023-12-26T13:07:00.000,I 85,I 85 and Ga138,,Rear End,2,Cloudy,Wet,Daylight
2020-01-08T15:02:00.000,I 85,I 85 and Ga13 Buford Hwy,,Rear End,5,Clear,Dry,Daylight
2020-01-13T07:54:00.000,I 85,I 85 and Ga13 Buford Hwy,,Sideswipe-Same Direction,2,Rain,Wet,Daylight
2021-03-05T07:20:00.000,I 85,I 85 and Ga120,,Sideswipe-Same Direction,2,Clear,Dry,Daylight
2020-01-03T09:38:00.000,I 85,I 85 and Ga120,,Not a Collision with Motor Vehicle,1,Rain,Wet,Daylight
2022-04-26T09:35:00.000,I 85,I 85 and Ga120,,Sideswipe-Same Direction,2,Cloudy,Dry,Daylight
2023-05-26T16:48:00.000,I 85,I 85 and Ga120,,Sideswipe-Same Direction,2,Clear,Dry,Daylight
2024-11-08T15:10:00.000,I 85,I 85 and Ga109,,Rear End,2,Clear,Dry,Daylight
2023-10-02T17:52:00.000,I 85,I 85 and Ga. Hwy 211 Exit,,Not a Collision with Motor Vehicle,1,Clear,Dry,Daylight
2022-03-17T09:08:00.000,I 85,I 85 and Ga. 400,,Sideswipe-Same Direction,2,Clear,Dry,Daylight
2021-05-07T11:39:00.000,I 85,I 85 and Fulton Street Opas,,Angle Crash,2,Clear,Dry,Daylight
2021-08-31T09:03:00.000,I 85,I 85 and Fulton Street Opas,,Rear End,2,Rain,Wet,Daylight
2021-01-01T13:10:00.000,I 85,I 85 and Fulton Street Opas,,Not a Collision with Motor Vehicle,1,Rain,Wet,Daylight
2021-08-13T10:32:00.000,I 85,I 85 and Fulton Street Opas,,Sideswipe-Same Direction,2,Clear,Dry,Daylight
2020-08-03T16:15:00.000,I 85,I 85 and Fulton Street Opas,,Sideswipe-Same Direction,2,Cloudy,Wet,Daylight
2020-02-06T11:00:00.000,I 85,I 85 and Fulton Street Opas,,Rear End,3,Rain,Wet,Daylight
2020-07-31T14:24:00.000,I 85,I 85 and Fulton Street Opas,,Rear End,2,Clear,Dry,Daylight
2020-05-15T12:22:00.000,I 85,I 85 and Fulton Street Opas,,Rear End,2,Cloudy,Dry,Daylight
2020-03-05T13:40:00.000,I 85,I 85 and Fulton Street Opas,,Rear End,2,Rain,Wet,Daylight
2020-02-06T07:35:00.000,I 85,I 85 and Fulton Street Opas,,Angle Crash,2,Rain,Wet,Daylight
2020-12-11T11:06:00.000,I 85,I 85 and Fulton Street Opas,,Sideswipe-Same Direction,2,Clear,Dry,Daylight
2020-08-03T16:15:00.000,I 85,I 85 and Fulton Street Opas,,Rear End,3,Clear,Dry,Daylight
2020-05-27T10:40:00.000,I 85,I 85 and Fulton Street Opas,,Sideswipe-Same Direction,3,Cloudy,Wet,Daylight
2021-02-12T15:11:00.000,I 85,I 85 and Fulton Street Opas,,Rear End,2,Cloudy,Wet,Daylight
2021-03-01T07:46:00.000,I 85,I 85 and Fulton Street Opas,,Not a Collision with Motor Vehicle,1,Rain,Wet,Daylight
2021-03-01T08:12:00.000,I 85,I 85 and Fulton Street Opas,,Angle Crash,2,Rain,Wet,Daylight
2021-08-30T14:37:00.000,I 85,I 85 and Fulton Street Opas,,Sideswipe-Same Direction,2,Cloudy,Wet,Daylight
2021-08-02T11:56:00.000,I 85,I 85 and Fulton Street On Rp,,Sideswipe-Same Direction,2,Clear,Dry,Daylight
2020-09-17T16:45:00.000,I 85,I 85 and Fulton Street Exit Rp,,Sideswipe-Same Direction,2,Cloudy,Wet,Daylight
2020-01-24T11:18:00.000,I 85,I 85 and Fulton St Opas,,Rear End,2,Cloudy,Wet,Daylight
2020-04-23T12:04:00.000,I 85,I 85 and Fulton St Opas,,Rear End,2,Cloudy,Wet,Daylight
2020-01-02T08:28:00.000,I 85,I 85 and Fulton St Opas,,Rear End,2,Rain,Wet,Daylight
2020-01-02T07:37:00.000,I 85,I 85 and Fulton St Opas,,Rear End,2,Rain,Wet,Daylight
2021-03-31T18:25:00.000,I 85,I 85 and Fulton St,,Rear End,2,Rain,Wet,Daylight
2021-06-30T16:13:00.000,I 85,I 85 and Fulton St,,Rear End,4,Cloudy,Dry,Daylight
2021-05-04T14:50:00.000,I 85,I 85 and Fulton St,,Not a Collision with Motor Vehicle,1,Cloudy,Wet,Daylight
2021-05-12T15:30:00.000,I 85,I 85 and Fulton St,,Sideswipe-Same Direction,7,Cloudy,Wet,Daylight
2021-04-02T08:55:00.000,I 85,I 85 and Fulton St,,Rear End,3,Clear,Dry,Daylight
2021-04-29T12:30:00.000,I 85,I 85 and Fulton St,,Rear End,3,Clear,Dry,Daylight
2021-06-21T14:59:00.000,I 85,I 85 and Fulton St,,Rear End,3,Cloudy,Dry,Daylight
2021-02-26T17:39:00.000,I 85,I 85 and Fulton St,,Rear End,4,Cloudy,Wet,Daylight
2021-04-27T18:21:00.000,I 85,I 85 and Fulton St,,Sideswipe-Same Direction,3,Clear,Dry,Daylight
2021-05-04T15:21:00.000,I 85,I 85 and Fulton St,,Sideswipe-Same Direction,2,Rain,Wet,Daylight
2021-03-30T14:29:00.000,I 85,I 85 and Fulton St,,Sideswipe-Same Direction,2,Clear,Dry,Daylight
2021-04-01T13:29:00.000,I 85,I 85 and Fulton St,,Rear End,2,Clear,Dry,Daylight
2021-03-16T07:30:00.000,I 85,I 85 and Fulton St,,Rear End,2,Rain,Wet,Dawn
2021-01-18T14:00:00.000,I 85,I 85 and Fulton St,,Sideswipe-Same Direction,2,Clear,Dry,Daylight
2021-03-25T08:31:00.000,I 85,I 85 and Fulton St,,Rear End,2,Rain,Wet,Daylight
2021-02-08T06:01:00.000,I 85,I 85 and Fulton St,,Rear End,3,Clear,Dry,Dark-Lighted
2021-04-05T17:25:00.000,I 85,I 85 and Fulton St,,Sideswipe-Same Direction,2,Clear,Dry,Daylight
2021-08-03T15:20:00.000,I 85,I 85 and Fulton St,,Rear End,4,Clear,Dry,Daylight
2021-08-16T15:15:00.000,I 85,I 85 and Fulton St,,Sideswipe-Same Direction,2,Cloudy,Dry,Daylight
2021-08-17T08:49:00.000,I 85,I 85 and Fulton St,,Rear End,2,Rain,Wet,Daylight
2021-08-17T07:52:00.000,I 85,I 85 and Fulton St,,Angle Crash,1,Rain,Wet,Daylight
2021-07-20T10:50:00.000,I 85,I 85 and Fulton St,,Rear End,2,Cloudy,Dry,Daylight
2021-03-08T09:20:00.000,I 85,I 85 and Fulton St,,Sideswipe-Same Direction,2,Clear,Dry,Daylight
2021-03-25T08:09:00.000,I 85,I 85 and Fulton St,,Rear End,2,Rain,Wet,Daylight
2021-04-28T18:23:00.000,I 85,I 85 and Fulton St,,Sideswipe-Same Direction,2,Clear,Dry,Daylight
2021-02-19T18:36:00.000,I 85,I 85 and Fulton St,,Rear End,3,Clear,Dry,Dusk
2021-04-29T15:28:00.000,I 85,I 85 and Fulton St,,Rear End,2,Cloudy,Dry,Daylight
2021-06-28T08:00:00.000,I 85,I 85 and Fulton St,,Sideswipe-Same Direction,2,Clear,Dry,Daylight