Date and Time,Roadway (From Crash Report),Intersection Name (from Crash Report),KABCO Severity,Manner of Collision (Crash Level) ,# of Vehicles per crash ,Weather Conditions (Crash Level),Surface Condition (Crash Level) ,Light Conditions (Crash Level)
2021-02-25T06:03:00.000,I 85,I 85 and Fulton St,,Rear End,2,Clear,Dry,Dark-Lighted
2021-02-26T16:23:00.000,I 85,I 85 and Fulton St,,Rear End,2,Rain,Wet,Daylight
2021-04-15T06:35:00.000,I 85,I 85 and Fulton St,,Sideswipe-Same Direction,2,Cloudy,Dry,Dark-Lighted
2021-02-26T11:46:00.000,I 85,I 85 and Fulton St,,Angle Crash,2,Cloudy,Wet,Daylight
2021-02-15T13:45:00.000,I 85,I 85 and Fulton St,,Rear End,2,Rain,Wet,Daylight
2021-06-22T18:24:00.000,I 85,I 85 and Fulton St,,Sideswipe-Same Direction,2,Clear,Dry,Daylight
2021-06-29T08:51:00.000,I 85,I 85 and Fulton St,,Sideswipe-Same Direction,2,Cloudy,Dry,Daylight
2021-05-04T15:21:00.000,I 85,I 85 and Fulton St,,Rear End,3,Rain,Wet,Daylight
2021-06-04T16:00:00.000,I 85,I 85 and Fulton St,,Angle Crash,3,Cloudy,Dry,Daylight
2021-04-14T09:50:00.000,I 85,I 85 and Fulton St,,Rear End,2,Clear,Dry,Daylight
2021-05-18T17:05:00.000,I 85,I 85 and Fulton St,,Rear End,3,Clear,Dry,Daylight
2021-05-17T18:40:00.000,I 85,I 85 and Fulton St,,Sideswipe-Same Direction,2,Clear,Dry,Daylight
2021-06-11T18:51:00.000,I 85,I 85 and Fulton St,,Rear End,2,Cloudy,Wet,Daylight
2021-04-01T18:21:00.000,I 85,I 85 and Fulton St,,Rear End,2,Clear,Dry,Daylight
2021-08-17T09:40:00.000,I 85,I 85 and Fulton St,,Rear End,2,Rain,Wet,Daylight
2021-08-31T16:00:00.000,I 85,I 85 and Fulton St,,Rear End,2,Clear,Dry,Daylight
2021-02-13T13:56:00.000,I 85,I 85 and Fulton St,,Rear End,2,Cloudy,Wet,Daylight
2021-04-16T11:18:00.000,I 85,I 85 and Fulton St,,Rear End,3,Clear,Dry,Daylight
2021-07-28T08:00:00.000,I 85,I 85 and Fulton St,,Sideswipe-Same Direction,2,Clear,Dry,Daylight
2021-09-20T15:45:00.000,I 85,I 85 and Fulton St,,Rear End,3,Clear,Dry,Daylight
2021-08-03T18:48:00.000,I 85,I 85 and Fulton St,,Sideswipe-Same Direction,2,Clear,Dry,Daylight
2021-07-06T15:34:00.000,I 85,I 85 and Fulton St,,Rear End,2,Clear,Dry,Daylight
2021-05-26T09:03:00.000,I 85,I 85 and Fulton St,,Sideswipe-Same Direction,2,Clear,Dry,Daylight
2021-04-06T00:45:00.000,I 85,I 85 and Fulton St,,Sideswipe-Same Direction,2,Clear,Dry,Dark-Not Lighted
2021-01-21T15:02:00.000,I 85,I 85 and Fulton St,,Rear End,2,Clear,Wet,Daylight
2021-01-08T09:45:00.000,I 85,I 85 and Fulton St,,Rear End,2,Rain,Wet,Daylight
2021-03-29T14:24:00.000,I 85,I 85 and Fulton St,,Rear End,2,Clear,Dry,Daylight
2021-02-26T19:32:00.000,I 85,I 85 and Fulton St,,Rear End,2,Clear,Wet,Dark-Lighted
2021-01-27T06:45:00.000,I 85,I 85 and Fulton St,,Head On,2,Rain,Wet,Dark-Lighted
2021-03-26T10:48:00.000,I 85,I 85 and Fulton St,,Sideswipe-Same Direction,3,Cloudy,Dry,Daylight
2021-02-11T05:59:00.000,I 85,I 85 and Fulton St,,Sideswipe-Same Direction,2,Clear,Dry,Daylight
2021-03-16T07:35:00.000,I 85,I 85 and Fulton St,,Sideswipe-Same Direction,2,Rain,Wet,Daylight
2021-06-28T13:40:00.000,I 85,I 85 and Fulton St,,Rear End,2,Clear,Dry,Daylight
2021-01-07T16:28:00.000,I 85,I 85 and Fulton St,,Sideswipe-Same Direction,2,Rain,Wet,Daylight
2021-05-27T07:57:00.000,I 85,I 85 and Fulton St,,Rear End,2,Clear,Dry,Daylight
2021-02-12T09:13:00.000,I 85,I 85 and Fulton St,,Sideswipe-Same Direction,2,Clear,Dry,Daylight
2021-07-30T14:41:00.000,I 85,I 85 and Fulton St,,Sideswipe-Same Direction,2,Clear,Dry,Daylight
2021-08-03T18:30:00.000,I 85,I 85 and Fulton St,,Rear End,2,Rain,Wet,Daylight
2021-07-02T12:15:00.000,I 85,I 85 and Fulton St,,Sideswipe-Same Direction,2,Cloudy,Dry,Daylight
2021-09-09T09:17:00.000,I 85,I 85 and Fulton St,,Rear End,3,Clear,Dry,Daylight
2021-01-24T15:30:00.000,I 85,I 85 and Fulton St,,Rear End,4,Clear,Dry,Daylight
2021-01-18T15:40:00.000,I 85,I 85 and Fulton St,,Rear End,2,Clear,Dry,Daylight
2021-05-14T17:19:00.000,I 85,I 85 and Fulton St,,Sideswipe-Same Direction,2,Clear,Dry,Daylight
2021-03-16T17:44:00.000,I 85,I 85 and Fulton St,,Rear End,3,Clear,Wet,Daylight
2021-05-21T18:52:00.000,I 85,I 85 and Fulton St,,Rear End,2,Clear,Dry,Daylight
2021-04-15T16:32:00.000,I 85,I 85 and Fulton St,,Sideswipe-Same Direction,2,Clear,Dry,Daylight
2020-07-24T16:50:00.000,I 85,I 85 and Fulton St,,Rear End,3,Cloudy,Dry,Daylight
2020-05-28T13:47:00.000,I 85,I 85 and Fulton St,,Rear End,3,Clear,Dry,Daylight
2020-10-27T08:11:00.000,I 85,I 85 and Fulton St,,Sideswipe-Same Direction,2,Clear,Dry,Daylight
2021-09-21T07:02:00.000,I 85,I 85 and Fulton St,,Rear End,2,Clear,Wet,Dawn
2020-08-07T17:39:00.000,I 85,I 85 and Fulton St,,Sideswipe-Same Direction,2,Clear,Dry,Daylight
2020-01-09T18:16:00.000,I 85,I 85 and Fulton St,,Head On,2,Clear,Dry,Dark-Lighted
2020-06-18T09:35:00.000,I 85,I 85 and Fulton St,,Rear End,3,Clear,Dry,Daylight
2020-10-10T17:00:00.000,I 85,I 85 and Fulton St,,Angle Crash,2,Cloudy,Wet,Dark-Lighted
2020-08-31T08:38:00.000,I 85,I 85 and Fulton St,,Rear End,2,Cloudy,Dry,Daylight
2020-09-17T18:44:00.000,I 85,I 85 and Fulton St,,Rear End,4,Rain,Wet,Daylight
2020-06-22T15:15:00.000,I 85,I 85 and Fulton St,,Head On,2,Clear,Wet,Daylight
2020-12-04T17:28:00.000,I 85,I 85 and Fulton St,,Rear End,2,Rain,Wet,Daylight
2020-02-06T11:00:00.000,I 85,I 85 and Fulton St,,Rear End,2,Rain,Wet,Daylight
2020-08-06T13:20:00.000,I 85,I 85 and Fulton St,,Not a Collision with Motor Vehicle,1,Clear,Dry,Daylight
2020-01-02T06:35:00.000,I 85,I 85 and Fulton St,,Not a Collision with Motor Vehicle,1,Rain,Wet,Dark-Lighted
2020-07-02T14:40:00.000,I 85,I 85 and Fulton St,,Rear End,2,Clear,Dry,Daylight
2020-08-04T18:36:00.000,I 85,I 85 and Fulton St,,Rear End,2,Clear,Dry,Daylight
2020-05-18T17:43:00.000,I 85,I 85 and Fulton St,,Sideswipe-Same Direction,2,Rain,Wet,Daylight
2020-09-10T14:48:00.000,I 85,I 85 and Fulton St,,Sideswipe-Same Direction,2,Clear,Dry,Daylight
2020-11-20T17:40:00.000,I 85,I 85 and Fulton St,,Rear End,3,Clear,Dry,Daylight
2020-01-16T10:20:00.000,I 85,I 85 and Fulton St,,Rear End,3,Clear,Dry,Daylight
2020-12-29T12:09:00.000,I 85,I 85 and Fulton St,,Rear End,2,Clear,Dry,Daylight
2020-03-23T12:27:00.000,I 85,I 85 and Fulton St,,Sideswipe-Same Direction,2,Rain,Wet,Daylight
2020-03-12T13:09:00.000,I 85,I 85 and Fulton St,,Rear End,2,Clear,Dry,Daylight
2020-01-14T23:28:00.000,I 85,I 85 and Fulton St,,Not a Collision with Motor Vehicle,1,Rain,Wet,Dark-Not Lighted
2020-03-10T09:24:00.000,I 85,I 85 and Fulton St,,Sideswipe-Same Direction,2,Rain,Wet,Daylight
2020-07-17T11:50:00.000,I 85,I 85 and Fulton St,,Rear End,2,Clear,Dry,Daylight
2020-11-19T17:23:00.000,I 85,I 85 and Fulton St,,Sideswipe-Same Direction,2,Clear,Dry,Daylight
2020-09-24T15:29:00.000,I 85,I 85 and Fulton St,,Rear End,4,Rain,Wet,Daylight
2020-09-11T14:09:00.000,I 85,I 85 and Fulton St,,Sideswipe-Same Direction,2,Clear,Dry,Daylight
2020-01-13T06:00:00.000,I 85,I 85 and Fulton St,,Rear End,2,Rain,Wet,Dark-Lighted
2020-07-09T15:25:00.000,I 85,I 85 and Fulton St,,Rear End,2,Cloudy,Wet,Daylight
2020-12-18T16:38:00.000,I 85,I 85 and Fulton St,,Sideswipe-Same Direction,2,Clear,Dry,Daylight
2020-05-21T14:47:00.000,I 85,I 85 and Fulton St,,Sideswipe-Same Direction,2,Clear,Dry,Daylight
2020-09-17T17:01:00.000,I 85,I 85 and Fulton St,,Rear End,2,Rain,Wet,Daylight
2020-06-30T17:30:00.000,I 85,I 85 and Fulton St,,Rear End,2,Rain,Wet,Daylight
2020-01-29T16:50:00.000,I 85,I 85 and Fulton St,,Rear End,2,Clear,Dry,Daylight
2020-03-12T13:09:00.000,I 85,I 85 and Fulton St,,Rear End,3,Clear,Dry,Daylight
2020-01-07T07:05:00.000,I 85,I 85 and Fulton St,,Rear End,2,Clear,Dry,Daylight
2020-11-25T14:28:00.000,I 85,I 85 and Fulton St,,Rear End,2,Clear,Dry,Daylight
2020-09-03T08:50:00.000,I 85,I 85 and Fulton St,,Sideswipe-Same Direction,2,Clear,Dry,Daylight
2020-11-17T11:28:00.000,I 85,I 85 and Fulton St,,Rear End,3,Clear,Dry,Daylight
2020-07-02T16:19:00.000,I 85,I 85 and Fulton St,,Rear End,3,Clear,Dry,Daylight
2020-09-17T17:25:00.000,I 85,I 85 and Fulton St,,Rear End,2,Cloudy,Wet,Daylight
2020-02-24T07:29:00.000,I 85,I 85 and Fulton St,,Sideswipe-Same Direction,2,Cloudy,Wet,Daylight
2020-09-11T12:40:00.000,I 85,I 85 and Fulton St,,Sideswipe-Same Direction,2,Clear,Dry,Daylight
2020-05-12T12:10:00.000,I 85,I 85 and Fulton St,,Rear End,3,Clear,Dry,Daylight
2020-11-06T12:08:00.000,I 85,I 85 and Fulton St,,Rear End,2,Clear,Dry,Daylight
2020-11-11T07:05:00.000,I 85,I 85 and Fulton St,,Sideswipe-Same Direction,4,Cloudy,Wet,Daylight
2020-08-25T10:23:00.000,I 85,I 85 and Fulton St,,Sideswipe-Same Direction,2,Rain,Wet,Daylight
2020-03-11T12:44:00.000,I 85,I 85 and Fulton St,,Angle Crash,3,Clear,Dry,Daylight
2020-03-03T08:20:00.000,I 85,I 85 and Fulton St,,Rear End,2,Rain,Wet,Daylight
2020-04-23T08:57:00.000,I 85,I 85 and Fulton St,,Not a Collision with Motor Vehicle,1,Rain,Wet,Daylight
2020-01-20T14:34:00.000,I 85,I 85 and Fulton St,,Sideswipe-Same Direction,2,Clear,Dry,Daylight
2020-03-16T16:31:00.000,I 85,I 85 and Fulton St,,Sideswipe-Same Direction,2,Cloudy,Dry,Daylight
2020-11-12T17:11:00.000,I 85,I 85 and Fulton St,,Sideswipe-Same Direction,2,Clear,Dry,Daylight
2020-08-10T18:09:00.000,I 85,I 85 and Fulton St,,Rear End,2,Cloudy,Dry,Daylight
2020-12-04T13:32:00.000,I 85,I 85 and Fulton St,,Sideswipe-Same Direction,2,Clear,Dry,Daylight
2020-09-17T07:16:00.000,I 85,I 85 and Fulton St,,Angle Crash,2,Rain,Wet,Dawn
2020-09-17T06:45:00.000,I 85,I 85 and Fulton St,,Not a Collision with Motor Vehicle,1,Rain,Wet,Dark-Lighted
2020-03-03T09:38:00.000,I 85,I 85 and Fulton St,,Not a Collision with Motor Vehicle,1,Rain,Wet,Daylight
2020-01-16T09:15:00.000,I 85,I 85 and Fulton St,,Sideswipe-Same Direction,2,Clear,Wet,Daylight
2020-11-26T09:23:00.000,I 85,I 85 and Fulton St,,Not a Collision with Motor Vehicle,1,Cloudy,Wet,Daylight
2020-03-05T05:50:00.000,I 85,I 85 and Fulton St,,Sideswipe-Same Direction,2,Cloudy,Wet,Daylight
2020-02-07T19:26:00.000,I 85,I 85 and Fulton St,,Rear End,2,Clear,Dry,Dark-Lighted
2020-06-26T16:59:00.000,I 85,I 85 and Fulton St,,Rear End,5,Cloudy,Dry,Daylight
2020-02-21T07:38:00.000,I 85,I 85 and Fulton St,,Rear End,2,Clear,Dry,Daylight
2020-09-11T17:45:00.000,I 85,I 85 and Fulton St,,Sideswipe-Same Direction,2,Clear,Dry,Daylight
2020-05-21T14:22:00.000,I 85,I 85 and Fulton St,,Rear End,2,Clear,Dry,Daylight
2020-10-23T11:44:00.000,I 85,I 85 and Fulton St,,Rear End,2,Clear,Dry,Daylight
2020-04-20T06:56:00.000,I 85,I 85 and Fulton St,,Rear End,2,Rain,Wet,Dusk
2020-08-25T08:20:00.000,I 85,I 85 and Fulton St,,Rear End,2,Rain,Wet,Daylight
2020-10-29T16:30:00.000,I 85,I 85 and Fulton St,,Rear End,2,Clear,Dry,Daylight
2020-07-23T17:26:00.000,I 85,I 85 and Fulton St,,Sideswipe-Same Direction,2,Clear,Dry,Daylight
2020-05-28T13:34:00.000,I 85,I 85 and Fulton St,,Sideswipe-Same Direction,2,Clear,Dry,Daylight
2020-08-21T08:35:00.000,I 85,I 85 and Fulton St,,Rear End,2,Rain,Wet,Daylight
2020-04-23T09:05:00.000,I 85,I 85 and Fulton St,,Not a Collision with Motor Vehicle,1,Cloudy,Wet,Daylight
2020-03-09T08:00:00.000,I 85,I 85 and Fulton St,,Rear End,2,Clear,Dry,Daylight
2020-05-15T13:27:00.000,I 85,I 85 and Fulton St,,Rear End,2,Clear,Dry,Daylight
2020-10-28T09:38:00.000,I 85,I 85 and Fulton St,,Rear End,5,Cloudy,Wet,Daylight
2020-08-06T16:31:00.000,I 85,I 85 and Fulton St,,Angle Crash,2,Rain,Wet,Daylight
2020-09-29T15:30:00.000,I 85,I 85 and Fulton St,,Angle Crash,2,Rain,Wet,Daylight
2020-01-24T19:03:00.000,I 85,I 85 and Fulton St,,Rear End,2,Clear,Wet,Dark-Lighted
2020-07-09T16:30:00.000,I 85,I 85 and Fulton St,,Rear End,2,Clear,Wet,Daylight
2020-01-08T12:51:00.000,I 85,I 85 and Fulton St,,Sideswipe-Same Direction,3,Clear,Dry,Daylight
2020-10-13T16:41:00.000,I 85,I 85 and Fulton St,,Rear End,2,Clear,Dry,Daylight
2020-12-10T18:55:00.000,I 85,I 85 and Fulton St,,Rear End,2,Clear,Dry,Dusk
2021-02-26T08:54:00.000,I 85,I 85 and Fulton St,,Angle Crash,2,Cloudy,Wet,Daylight
2021-04-16T11:18:00.000,I 85,I 85 and Fulton St,,Rear End,4,Clear,Dry,Daylight
2021-01-18T14:07:00.000,I 85,I 85 and Fulton St,,Sideswipe-Same Direction,6,Clear,Dry,Daylight
2021-04-15T16:31:00.000,I 85,I 85 and Fulton St,,Sideswipe-Same Direction,2,Clear,Dry,Daylight
2021-01-29T18:17:00.000,I 85,I 85 and Fulton St,,Rear End,2,Clear,Dry,Dusk
2021-01-24T17:53:00.000,I 85,I 85 and Fulton St,,Rear End,3,Cloudy,Dry,Daylight
2021-05-12T08:36:00.000,I 85,I 85 and Fulton St,,Rear End,2,Rain,Wet,Daylight
2021-03-11T08:42:00.000,I 85,I 85 and Fulton St,,Rear End,3,Clear,Dry,Daylight
2021-05-14T14:53:00.000,I 85,I 85 and Fulton St,,Rear End,2,Clear,Dry,Daylight
2021-03-09T09:55:00.000,I 85,I 85 and Fulton St,,Rear End,2,Clear,Dry,Daylight
2021-03-18T16:35:00.000,I 85,I 85 and Fulton St,,Sideswipe-Same Direction,2,Cloudy,Dry,Daylight
2021-04-15T18:18:00.000,I 85,I 85 and Fulton St,,Sideswipe-Same Direction,2,Clear,Dry,Daylight
2021-01-08T09:45:00.000,I 85,I 85 and Fulton St,,Sideswipe-Same Direction,2,Rain,Wet,Daylight
2021-06-07T06:42:00.000,I 85,I 85 and Fulton St,,Sideswipe-Same Direction,2,Clear,Dry,Dawn
2021-03-11T08:40:00.000,I 85,I 85 and Fulton St,,Rear End,2,Clear,Dry,Daylight
2021-04-30T19:39:00.000,I 85,I 85 and Fulton St,,Sideswipe-Same Direction,2,Clear,Dry,Daylight
2021-02-10T15:33:00.000,I 85,I 85 and Fulton St,,Rear End,2,Clear,Dry,Daylight
2021-06-14T08:39:00.000,I 85,I 85 and Fulton St,,Rear End,2,Clear,Dry,Daylight
2021-02-11T14:15:00.000,I 85,I 85 and Fulton St,,Rear End,2,Cloudy,Wet,Daylight
2021-01-11T09:29:00.000,I 85,I 85 and Fulton St,,Sideswipe-Same Direction,2,Rain,Wet,Daylight
2021-01-21T15:25:00.000,I 85,I 85 and Fulton St,,Rear End,2,Clear,Wet,Daylight
2021-02-18T19:37:00.000,I 85,I 85 and Fulton St,,Rear End,2,Cloudy,Wet,Dusk
2021-02-26T09:28:00.000,I 85,I 85 and Fulton St,,Rear End,2,Cloudy,Wet,Daylight
2021-04-16T11:18:00.000,I 85,I 85 and Fulton St,,Rear End,2,Clear,Dry,Daylight
2021-01-26T06:06:00.000,I 85,I 85 and Fulton St,,Angle Crash,2,Rain,Wet,Dark-Lighted
2021-02-24T18:47:00.000,I 85,I 85 and Fulton St,,Rear End,2,Clear,Dry,Dark-Lighted
2021-05-25T14:22:00.000,I 85,I 85 and Fulton St,,Sideswipe-Same Direction,2,Clear,Dry,Daylight
2021-07-26T07:13:00.000,I 85,I 85 and Fulton St,,Rear End,2,Clear,Dry,Daylight
2021-08-23T11:05:00.000,I 85,I 85 and Fulton St,,Rear End,2,Clear,Dry,Daylight
2021-07-30T17:39:00.000,I 85,I 85 and Fulton St,,Sideswipe-Same Direction,2,Clear,Dry,Daylight
2021-07-13T19:06:00.000,I 85,I 85 and Fulton St,,Sideswipe-Same Direction,2,Clear,Dry,Daylight
2021-09-20T07:25:00.000,I 85,I 85 and Fulton St,,Rear End,2,Rain,Wet,Daylight
2021-07-30T12:32:00.000,I 85,I 85 and Fulton St,,Rear End,2,Clear,Dry,Daylight
2021-07-30T18:09:00.000,I 85,I 85 and Fulton St,,Sideswipe-Same Direction,3,Clear,Dry,Daylight
2021-08-03T15:30:00.000,I 85,I 85 and Fulton St,,Rear End,2,Clear,Dry,Daylight
2021-07-08T12:53:00.000,I 85,I 85 and Fulton St,,Rear End,2,Cloudy,Wet,Daylight
2021-07-13T18:34:00.000,I 85,I 85 and Fulton St,,Sideswipe-Same Direction,2,Clear,Dry,Daylight
2021-08-19T13:31:00.000,I 85,I 85 and Fulton St,,Rear End,3,Cloudy,Dry,Daylight
2021-08-31T09:48:00.000,I 85,I 85 and Fulton St,,Rear End,2,Cloudy,Wet,Daylight
2021-09-20T13:43:00.000,I 85,I 85 and Fulton St,,Rear End,2,Cloudy,Wet,Daylight
2021-08-11T07:42:00.000,I 85,I 85 and Fulton St,,Rear End,2,Clear,Dry,Daylight
2021-09-21T06:44:00.000,I 85,I 85 and Fulton St,,Rear End,2,Cloudy,Wet,Dawn
2021-07-12T18:19:00.000,I 85,I 85 and Fulton St,,Rear End,3,Clear,Dry,Daylight
2021-08-27T08:15:00.000,I 85,I 85 and Fulton St,,Rear End,2,Clear,Dry,Daylight
2021-08-25T13:25:00.000,I 85,I 85 and Fulton St,,Not a Collision with Motor Vehicle,2,Cloudy,Dry,Daylight
2021-07-02T13:46:00.000,I 85,I 85 and Fulton St,,Rear End,2,Cloudy,Dry,Daylight
2021-08-30T06:11:00.000,I 85,I 85 and Fulton St,,Sideswipe-Same Direction,2,Cloudy,Dry,Daylight
2021-09-20T12:15:00.000,I 85,I 85 and Fulton St,,Rear End,2,Rain,Wet,Daylight
2021-09-20T13:20:00.000,I 85,I 85 and Fulton St,,Rear End,2,Rain,Dry,Daylight
2021-09-21T17:00:00.000,I 85,I 85 and Fulton St,,Rear End,2,Cloudy,Dry,Daylight
2021-08-03T14:25:00.000,I 85,I 85 and Fulton St,,Rear End,2,Clear,Dry,Daylight
2021-08-31T15:20:00.000,I 85,I 85 and Fulton St,,Rear End,2,Cloudy,Wet,Daylight
2021-09-22T08:53:00.000,I 85,I 85 and Fulton St,,Rear End,2,Cloudy,Dry,Daylight
2021-08-06T13:30:00.000,I 85,I 85 and Fulton St,,Rear End,2,Clear,Dry,Daylight
2021-07-08T14:14:00.000,I 85,I 85 and Fulton St,,Rear End,2,Rain,Wet,Daylight
2020-03-02T18:01:00.000,I 85,I 85 and Fulton,,Rear End,2,Cloudy,Wet,Daylight
2020-04-21T23:07:00.000,I 85,I 85 and From S Fulton Pkwy,,Not a Collision with Motor Vehicle,1,Clear,Dry,Dark-Not Lighted
2021-04-09T11:33:00.000,I 85,I 85 and From I20,,Rear End,2,Clear,Wet,Daylight
2023-06-30T07:10:00.000,I 85,I 85 and From Buford Dr,,Not a Collision with Motor Vehicle,1,Cloudy,Dry,Daylight
2021-05-03T15:14:00.000,I 85,I 85 and Friendship Rd,,Not a Collision with Motor Vehicle,1,Rain,Wet,Daylight
2020-02-28T15:35:00.000,I 85,I 85 and Freedpm Pkwy,,Sideswipe-Same Direction,2,Cloudy,Dry,Daylight
2020-12-07T17:20:00.000,I 85,I 85 and Freedow Pkwy,,Sideswipe-Same Direction,2,Cloudy,Dry,Daylight
2020-01-14T17:55:00.000,I 85,I 85 and Freedompkwy,,Sideswipe-Same Direction,2,Rain,Wet,Daylight
2020-10-05T15:10:00.000,I 85,I 85 and Freedom Prwy,,Rear End,2,Clear,Dry,Daylight
2020-06-30T13:44:00.000,I 85,I 85 and Freedom Pkwy Entrance Rp,,Rear End,2,Cloudy,Dry,Daylight
2021-02-24T13:10:00.000,I 85,I 85 and Freedom Pkwy,,Rear End,2,Clear,Dry,Daylight
2021-04-15T14:05:00.000,I 85,I 85 and Freedom Pkwy,,Sideswipe-Same Direction,3,Clear,Dry,Daylight
2021-03-26T06:12:00.000,I 85,I 85 and Freedom Pkwy,,Rear End,2,Clear,Dry,Dark-Lighted
2021-06-01T17:02:00.000,I 85,I 85 and Freedom Pkwy,,Rear End,2,Cloudy,Dry,Daylight
2021-01-08T17:31:00.000,I 85,I 85 and Freedom Pkwy,,Rear End,3,Clear,Wet,Daylight
2021-03-26T18:00:00.000,I 85,I 85 and Freedom Pkwy,,Rear End,2,Clear,Dry,Daylight
2021-08-02T06:40:00.000,I 85,I 85 and Freedom Pkwy,,Rear End,2,Clear,Dry,Daylight
2021-07-30T18:45:00.000,I 85,I 85 and Freedom Pkwy,,Rear End,2,Clear,Dry,Daylight
2021-08-24T14:20:00.000,I 85,I 85 and Freedom Pkwy,,Sideswipe-Same Direction,2,Clear,Dry,Daylight
2021-07-08T16:00:00.000,I 85,I 85 and Freedom Pkwy,,Rear End,2,Clear,Wet,Daylight
2021-05-28T08:39:00.000,I 85,I 85 and Freedom Pkwy,,Rear End,2,Clear,Dry,Daylight
2021-04-09T10:10:00.000,I 85,I 85 and Freedom Pkwy,,Rear End,3,Clear,Dry,Daylight
2021-04-13T18:47:00.000,I 85,I 85 and Freedom Pkwy,,Sideswipe-Same Direction,2,Clear,Dry,Daylight
2021-03-31T13:20:00.000,I 85,I 85 and Freedom Pkwy,,Rear End,2,Rain,Wet,Daylight
2021-02-12T11:50:00.000,I 85,I 85 and Freedom Pkwy,,Rear End,2,Rain,Wet,Daylight
2021-06-04T16:05:00.000,I 85,I 85 and Freedom Pkwy,,Sideswipe-Same Direction,2,Clear,Dry,Daylight
2021-04-28T17:13:00.000,I 85,I 85 and Freedom Pkwy,,Sideswipe-Same Direction,2,Clear,Dry,Daylight
2021-03-04T19:00:00.000,I 85,I 85 and Freedom Pkwy,,Rear End,2,Clear,Dry,Daylight
2021-01-19T11:25:00.000,I 85,I 85 and Freedom Pkwy,,Rear End,4,Cloudy,Dry,Daylight
2021-02-18T08:10:00.000,I 85,I 85 and Freedom Pkwy,,Rear End,2,Cloudy,Dry,Daylight
2021-07-22T08:42:00.000,I 85,I 85 and Freedom Pkwy,,Sideswipe-Same Direction,2,Clear,Dry,Daylight
2021-08-12T13:50:00.000,I 85,I 85 and Freedom Pkwy,,Rear End,2,Clear,Dry,Daylight
2021-07-06T17:34:00.000,I 85,I 85 and Freedom Pkwy,,Sideswipe-Same Direction,3,Clear,Dry,Daylight
2021-03-15T14:03:00.000,I 85,I 85 and Freedom Pkwy,,Rear End,2,Cloudy,Dry,Daylight
2021-02-11T15:00:00.000,I 85,I 85 and Freedom Pkwy,,Rear End,2,Rain,Wet,Daylight
2021-03-31T11:55:00.000,I 85,I 85 and Freedom Pkwy,,Rear End,2,Cloudy,Wet,Daylight
2021-08-16T18:37:00.000,I 85,I 85 and Freedom Pkwy,,Head On,2,Clear,Dry,Daylight
2021-07-09T17:36:00.000,I 85,I 85 and Freedom Pkwy,,Sideswipe-Same Direction,2,Clear,Wet,Daylight
2021-08-16T09:00:00.000,I 85,I 85 and Freedom Pkwy,,Rear End,2,Clear,Dry,Daylight
2021-07-15T11:35:00.000,I 85,I 85 and Freedom Pkwy,,Sideswipe-Same Direction,2,Clear,Dry,Daylight
2021-05-10T15:45:00.000,I 85,I 85 and Freedom Pkwy,,Rear End,2,Clear,Dry,Daylight
2021-01-21T18:21:00.000,I 85,I 85 and Freedom Pkwy,,Rear End,2,Cloudy,Wet,Dark-Lighted
2021-05-21T16:46:00.000,I 85,I 85 and Freedom Pkwy,,Sideswipe-Same Direction,4,Clear,Dry,Daylight
2021-03-02T08:55:00.000,I 85,I 85 and Freedom Pkwy,,Sideswipe-Same Direction,2,Cloudy,Dry,Daylight
2021-09-21T13:12:00.000,I 85,I 85 and Freedom Pkwy,,Rear End,2,Cloudy,Wet,Daylight
2021-07-08T15:50:00.000,I 85,I 85 and Freedom Pkwy,,Rear End,2,Rain,Wet,Daylight
2021-07-12T15:30:00.000,I 85,I 85 and Freedom Pkwy,,Rear End,3,Cloudy,Wet,Daylight
2021-08-10T15:30:00.000,I 85,I 85 and Freedom Pkwy,,Rear End,2,Clear,Dry,Daylight
2021-08-17T07:01:00.000,I 85,I 85 and Freedom Pkwy,,Rear End,2,Rain,Wet,Daylight
2021-05-10T17:11:00.000,I 85,I 85 and Freedom Pkwy,,Rear End,3,Clear,Dry,Daylight
2021-03-15T11:45:00.000,I 85,I 85 and Freedom Pkwy,,Rear End,2,Clear,Dry,Daylight
2021-05-27T15:00:00.000,I 85,I 85 and Freedom Pkwy,,Rear End,2,Clear,Dry,Daylight
2020-11-10T15:39:00.000,I 85,I 85 and Freedom Pkwy,,Rear End,3,Clear,Dry,Daylight
2020-08-04T17:26:00.000,I 85,I 85 and Freedom Pkwy,,Rear End,2,Clear,Dry,Daylight
2020-09-17T19:30:00.000,I 85,I 85 and Freedom Pkwy,,Sideswipe-Same Direction,3,Rain,Wet,Dark-Lighted
2020-05-11T14:00:00.000,I 85,I 85 and Freedom Pkwy,,Rear End,2,Clear,Dry,Daylight
2020-06-30T17:40:00.000,I 85,I 85 and Freedom Pkwy,,Rear End,2,Rain,Wet,Daylight
2021-03-31T17:15:00.000,I 85,I 85 and Freedom Pkwy,,Sideswipe-Same Direction,2,Rain,Wet,Daylight
2020-03-13T10:04:00.000,I 85,I 85 and Freedom Pkwy,,Rear End,2,Clear,Dry,Daylight
2020-10-14T18:05:00.000,I 85,I 85 and Freedom Pkwy,,Sideswipe-Same Direction,2,Clear,Dry,Daylight
2020-11-17T16:50:00.000,I 85,I 85 and Freedom Pkwy,,Rear End,2,Clear,Dry,Dawn
2020-01-17T13:50:00.000,I 85,I 85 and Freedom Pkwy,,Rear End,2,Clear,Dry,Daylight