Date and Time,Roadway (From Crash Report),Intersection Name (from Crash Report),KABCO Severity,Manner of Collision (Crash Level) ,# of Vehicles per crash ,Weather Conditions (Crash Level),Surface Condition (Crash Level) ,Light Conditions (Crash Level)
2020-08-25T13:09:00.000,I 85,I 85 and Freedom Pkwy,,Rear End,3,Rain,Wet,Daylight
2020-06-24T13:30:00.000,I 85,I 85 and Freedom Pkwy,,Sideswipe-Same Direction,2,Clear,Dry,Daylight
2020-09-18T07:51:00.000,I 85,I 85 and Freedom Pkwy,,Sideswipe-Same Direction,2,Clear,Wet,Daylight
2020-11-24T12:10:00.000,I 85,I 85 and Freedom Pkwy,,Rear End,2,Clear,Dry,Daylight
2020-08-11T17:15:00.000,I 85,I 85 and Freedom Pkwy,,Rear End,2,Clear,Dry,Daylight
2020-12-09T16:55:00.000,I 85,I 85 and Freedom Pkwy,,Rear End,3,Clear,Dry,Daylight
2020-10-02T19:34:00.000,I 85,I 85 and Freedom Pkwy,,Rear End,2,Clear,Dry,Dark-Lighted
2020-11-11T12:20:00.000,I 85,I 85 and Freedom Pkwy,,Rear End,2,Rain,Wet,Daylight
2020-10-19T16:52:00.000,I 85,I 85 and Freedom Pkwy,,Sideswipe-Same Direction,5,Clear,Dry,Daylight
2020-07-29T15:20:00.000,I 85,I 85 and Freedom Pkwy,,Sideswipe-Same Direction,2,Clear,Dry,Daylight
2020-05-15T17:15:00.000,I 85,I 85 and Freedom Pkwy,,Not a Collision with Motor Vehicle,1,Clear,Dry,Daylight
2020-11-12T17:45:00.000,I 85,I 85 and Freedom Pkwy,,Rear End,2,Clear,Dry,Dark-Lighted
2020-04-16T15:48:00.000,I 85,I 85 and Freedom Pkwy,,Sideswipe-Same Direction,2,Clear,Dry,Daylight
2020-01-16T06:24:00.000,I 85,I 85 and Freedom Pkwy,,Angle Crash,2,Cloudy,Wet,Dark-Lighted
2020-12-04T15:14:00.000,I 85,I 85 and Freedom Pkwy,,Rear End,2,Rain,Wet,Daylight
2020-09-29T11:05:00.000,I 85,I 85 and Freedom Pkwy,,Rear End,3,Rain,Wet,Daylight
2020-08-31T06:48:00.000,I 85,I 85 and Freedom Pkwy,,Rear End,2,Cloudy,Wet,Dark-Lighted
2020-11-20T16:08:00.000,I 85,I 85 and Freedom Pkwy,,Rear End,2,Clear,Dry,Daylight
2020-08-27T14:36:00.000,I 85,I 85 and Freedom Pkwy,,Rear End,3,Cloudy,Dry,Daylight
2020-12-14T14:58:00.000,I 85,I 85 and Freedom Pkwy,,Sideswipe-Same Direction,2,Clear,Dry,Daylight
2020-09-17T08:00:00.000,I 85,I 85 and Freedom Pkwy,,Rear End,3,Rain,Wet,Daylight
2020-02-13T11:30:00.000,I 85,I 85 and Freedom Pkwy,,Sideswipe-Same Direction,2,Cloudy,Dry,Daylight
2020-02-07T15:30:00.000,I 85,I 85 and Freedom Pkwy,,Rear End,2,Cloudy,Dry,Daylight
2020-09-10T20:01:00.000,I 85,I 85 and Freedom Pkwy,,Sideswipe-Same Direction,2,Clear,Dry,Daylight
2020-07-24T13:20:00.000,I 85,I 85 and Freedom Pkwy,,Sideswipe-Same Direction,2,Clear,Dry,Daylight
2020-11-05T17:21:00.000,I 85,I 85 and Freedom Pkwy,,Sideswipe-Same Direction,2,Clear,Dry,Daylight
2020-06-09T15:32:00.000,I 85,I 85 and Freedom Pkwy,,Rear End,2,Rain,Wet,Daylight
2020-02-20T13:07:00.000,I 85,I 85 and Freedom Pkwy,,Rear End,2,Rain,Wet,Daylight
2020-07-31T17:51:00.000,I 85,I 85 and Freedom Pkwy,,Rear End,2,Clear,Dry,Daylight
2020-01-16T06:30:00.000,I 85,I 85 and Freedom Pkwy,,Rear End,2,Cloudy,Wet,Dark-Lighted
2020-08-11T19:30:00.000,I 85,I 85 and Freedom Pkwy,,Rear End,2,Clear,Dry,Daylight
2020-01-02T17:29:00.000,I 85,I 85 and Freedom Pkwy,,Sideswipe-Same Direction,2,Rain,Wet,Dark-Lighted
2020-07-09T11:06:00.000,I 85,I 85 and Freedom Pkwy,,Sideswipe-Same Direction,2,Clear,Dry,Daylight
2020-09-11T17:39:00.000,I 85,I 85 and Freedom Pkwy,,Rear End,2,Clear,Dry,Daylight
2020-11-13T17:51:00.000,I 85,I 85 and Freedom Pkwy,,Sideswipe-Same Direction,3,Clear,Dry,Daylight
2020-01-23T18:25:00.000,I 85,I 85 and Freedom Pkwy,,Rear End,2,Clear,Dry,Dark-Lighted
2020-02-18T08:16:00.000,I 85,I 85 and Freedom Pkwy,,Rear End,2,Rain,Wet,Daylight
2020-07-30T18:31:00.000,I 85,I 85 and Freedom Pkwy,,Rear End,3,Clear,Dry,Daylight
2020-12-09T16:55:00.000,I 85,I 85 and Freedom Pkwy,,Rear End,4,Clear,Dry,Daylight
2020-01-28T13:30:00.000,I 85,I 85 and Freedom Pkwy,,Sideswipe-Same Direction,2,Clear,Dry,Daylight
2020-03-05T10:30:00.000,I 85,I 85 and Freedom Pkwy,,Rear End,2,Rain,Wet,Daylight
2020-08-07T18:17:00.000,I 85,I 85 and Freedom Pkwy,,Rear End,3,Clear,Dry,Daylight
2020-06-30T13:05:00.000,I 85,I 85 and Freedom Pkwy,,Sideswipe-Same Direction,2,Cloudy,Dry,Daylight
2020-02-11T19:36:00.000,I 85,I 85 and Freedom Pkwy,,Rear End,3,Rain,Wet,Dark-Lighted
2020-01-21T16:30:00.000,I 85,I 85 and Freedom Pkwy,,Sideswipe-Same Direction,2,Clear,Dry,Daylight
2020-11-25T19:25:00.000,I 85,I 85 and Freedom Pkwy,,Rear End,2,Rain,Wet,Dark-Not Lighted
2020-12-29T20:00:00.000,I 85,I 85 and Freedom Pkwy,,Rear End,2,Clear,Dry,Dark-Lighted
2020-11-11T12:30:00.000,I 85,I 85 and Freedom Pkwy,,Rear End,2,Rain,Wet,Daylight
2020-06-25T14:30:00.000,I 85,I 85 and Freedom Pkwy,,Sideswipe-Same Direction,2,Clear,Dry,Daylight
2020-10-09T00:48:00.000,I 85,I 85 and Freedom Pkwy,,Rear End,2,Cloudy,Wet,Daylight
2020-09-10T15:32:00.000,I 85,I 85 and Freedom Pkwy,,Rear End,3,Cloudy,Dry,Daylight
2020-08-13T17:18:00.000,I 85,I 85 and Freedom Pkwy,,Rear End,2,Clear,Dry,Daylight
2020-09-08T13:30:00.000,I 85,I 85 and Freedom Pkwy,,Rear End,2,Clear,Dry,Daylight
2020-02-18T13:00:00.000,I 85,I 85 and Freedom Pkwy,,Rear End,2,Cloudy,Wet,Daylight
2020-09-14T16:34:00.000,I 85,I 85 and Freedom Pkwy,,Rear End,3,Cloudy,Dry,Daylight
2020-10-01T09:45:00.000,I 85,I 85 and Freedom Pkwy,,Sideswipe-Same Direction,2,Clear,Dry,Daylight
2020-03-11T09:00:00.000,I 85,I 85 and Freedom Pkwy,,Rear End,2,Clear,Dry,Daylight
2020-09-25T15:20:00.000,I 85,I 85 and Freedom Pkwy,,Rear End,2,Cloudy,Wet,Daylight
2020-01-20T17:50:00.000,I 85,I 85 and Freedom Pkwy,,Rear End,2,Clear,Dry,Daylight
2020-11-23T14:00:00.000,I 85,I 85 and Freedom Pkwy,,Rear End,2,Clear,Dry,Daylight
2020-08-11T18:00:00.000,I 85,I 85 and Freedom Pkwy,,Not a Collision with Motor Vehicle,1,Clear,Dry,Daylight
2020-05-19T06:19:00.000,I 85,I 85 and Freedom Pkwy,,Sideswipe-Same Direction,3,Cloudy,Wet,Dark-Not Lighted
2020-06-15T17:00:00.000,I 85,I 85 and Freedom Pkwy,,Rear End,3,Rain,Wet,Daylight
2020-02-14T14:54:00.000,I 85,I 85 and Freedom Pkwy,,Rear End,2,Clear,Dry,Daylight
2020-02-13T12:59:00.000,I 85,I 85 and Freedom Pkwy,,Rear End,3,Cloudy,Wet,Daylight
2020-02-09T01:25:00.000,I 85,I 85 and Freedom Pkwy,,Rear End,3,Clear,Dry,Dark-Lighted
2020-09-10T15:10:00.000,I 85,I 85 and Freedom Pkwy,,Rear End,2,Clear,Dry,Daylight
2020-12-11T09:55:00.000,I 85,I 85 and Freedom Pkwy,,Rear End,2,Clear,Dry,Daylight
2020-08-24T09:42:00.000,I 85,I 85 and Freedom Pkwy,,Rear End,2,Cloudy,Wet,Daylight
2020-11-23T11:45:00.000,I 85,I 85 and Freedom Pkwy,,Angle Crash,2,Clear,Dry,Daylight
2020-01-24T11:49:00.000,I 85,I 85 and Freedom Pkwy,,Rear End,2,Cloudy,Wet,Daylight
2020-11-03T14:00:00.000,I 85,I 85 and Freedom Pkwy,,Rear End,2,Clear,Dry,Daylight
2020-07-31T12:41:00.000,I 85,I 85 and Freedom Pkwy,,Angle Crash,2,Clear,Dry,Daylight
2020-11-06T18:30:00.000,I 85,I 85 and Freedom Pkwy,,Rear End,2,Clear,Dry,Dark-Lighted
2020-02-14T07:45:00.000,I 85,I 85 and Freedom Pkwy,,Rear End,2,Clear,Dry,Daylight
2020-08-25T12:13:00.000,I 85,I 85 and Freedom Pkwy,,Not a Collision with Motor Vehicle,1,Rain,Wet,Daylight
2020-01-14T19:40:00.000,I 85,I 85 and Freedom Pkwy,,Rear End,2,Clear,Dry,Dark-Lighted
2020-01-22T07:15:00.000,I 85,I 85 and Freedom Pkwy,,Rear End,2,Clear,Dry,Dawn
2020-05-28T16:28:00.000,I 85,I 85 and Freedom Pkwy,,Rear End,2,Clear,Dry,Daylight
2020-03-12T17:41:00.000,I 85,I 85 and Freedom Pkwy,,Rear End,2,Cloudy,Dry,Daylight
2020-01-13T16:00:00.000,I 85,I 85 and Freedom Pkwy,,Rear End,3,Cloudy,Dry,Daylight
2020-11-16T18:28:00.000,I 85,I 85 and Freedom Pkwy,,Rear End,2,Clear,Dry,Dark-Lighted
2020-08-10T17:43:00.000,I 85,I 85 and Freedom Pkwy,,Rear End,2,Cloudy,Wet,Daylight
2020-07-14T18:02:00.000,I 85,I 85 and Freedom Pkwy,,Sideswipe-Same Direction,2,Cloudy,Dry,Daylight
2020-08-28T12:45:00.000,I 85,I 85 and Freedom Pkwy,,Rear End,2,Cloudy,Dry,Daylight
2020-07-24T15:40:00.000,I 85,I 85 and Freedom Pkwy,,Rear End,2,Clear,Dry,Daylight
2020-11-16T13:05:00.000,I 85,I 85 and Freedom Pkwy,,Sideswipe-Same Direction,2,Clear,Dry,Daylight
2020-06-10T16:00:00.000,I 85,I 85 and Freedom Pkwy,,Rear End,2,Clear,Dry,Daylight
2020-07-13T17:25:00.000,I 85,I 85 and Freedom Pkwy,,Sideswipe-Same Direction,2,Clear,Dry,Daylight
2020-01-06T18:25:00.000,I 85,I 85 and Freedom Pkwy,,Rear End,4,Clear,Dry,Daylight
2020-10-30T14:51:00.000,I 85,I 85 and Freedom Pkwy,,Sideswipe-Same Direction,2,Clear,Dry,Daylight
2020-03-05T06:10:00.000,I 85,I 85 and Freedom Pkwy,,Rear End,2,Rain,Wet,Dark-Lighted
2020-01-31T14:20:00.000,I 85,I 85 and Freedom Pkwy,,Sideswipe-Same Direction,2,Clear,Wet,Daylight
2020-12-29T15:40:00.000,I 85,I 85 and Freedom Pkwy,,Rear End,2,Clear,Dry,Daylight
2020-10-14T17:45:00.000,I 85,I 85 and Freedom Pkwy,,Rear End,3,Clear,Dry,Daylight
2020-10-01T09:50:00.000,I 85,I 85 and Freedom Pkwy,,Rear End,2,Clear,Dry,Daylight
2020-01-03T13:37:00.000,I 85,I 85 and Freedom Pkwy,,Angle Crash,4,Rain,Wet,Daylight
2020-01-06T15:43:00.000,I 85,I 85 and Freedom Pkwy,,Rear End,3,Clear,Dry,Daylight
2020-01-24T19:40:00.000,I 85,I 85 and Freedom Pkwy,,Rear End,2,Cloudy,Dry,Dark-Lighted
2020-11-16T18:14:00.000,I 85,I 85 and Freedom Pkwy,,Rear End,2,Clear,Dry,Daylight
2020-03-12T07:40:00.000,I 85,I 85 and Freedom Pkwy,,Sideswipe-Same Direction,2,Cloudy,Wet,Daylight
2020-01-16T16:57:00.000,I 85,I 85 and Freedom Pkwy,,Rear End,2,Clear,Dry,Daylight
2020-06-10T15:15:00.000,I 85,I 85 and Freedom Pkwy,,Rear End,4,Cloudy,Dry,Daylight
2020-03-03T09:30:00.000,I 85,I 85 and Freedom Pkwy,,Rear End,2,Rain,Wet,Daylight
2020-12-29T16:45:00.000,I 85,I 85 and Freedom Pkwy,,Sideswipe-Same Direction,2,Clear,Dry,Daylight
2020-09-17T16:03:00.000,I 85,I 85 and Freedom Pkwy,,Angle Crash,2,Rain,Wet,Daylight
2020-01-09T15:57:00.000,I 85,I 85 and Freedom Pkwy,,Rear End,2,Clear,Dry,Daylight
2020-05-01T16:20:00.000,I 85,I 85 and Freedom Pkwy,,Rear End,2,Clear,Dry,Daylight
2020-11-05T15:54:00.000,I 85,I 85 and Freedom Pkwy,,Rear End,3,Cloudy,Dry,Daylight
2020-11-02T16:11:00.000,I 85,I 85 and Freedom Pkwy,,Sideswipe-Same Direction,2,Clear,Dry,Daylight
2020-02-25T06:40:00.000,I 85,I 85 and Freedom Pkwy,,Rear End,2,Cloudy,Dry,Daylight
2020-11-30T14:40:00.000,I 85,I 85 and Freedom Pkwy,,Sideswipe-Same Direction,2,Rain,Wet,Daylight
2021-01-21T18:21:00.000,I 85,I 85 and Freedom Pkwy,,Rear End,2,Cloudy,Wet,Dark-Lighted
2021-06-23T11:29:00.000,I 85,I 85 and Freedom Pkwy,,Sideswipe-Same Direction,2,Clear,Dry,Daylight
2021-01-08T17:30:00.000,I 85,I 85 and Freedom Pkwy,,Rear End,3,Clear,Wet,Daylight
2021-01-01T07:57:00.000,I 85,I 85 and Freedom Pkwy,,Sideswipe-Same Direction,2,Rain,Wet,Daylight
2021-05-15T14:12:00.000,I 85,I 85 and Freedom Pkwy,,Rear End,2,Cloudy,Dry,Daylight
2021-02-15T07:10:00.000,I 85,I 85 and Freedom Pkwy,,Sideswipe-Same Direction,2,Rain,Wet,Daylight
2021-04-12T13:24:00.000,I 85,I 85 and Freedom Pkwy,,Rear End,2,Clear,Dry,Daylight
2021-03-31T10:47:00.000,I 85,I 85 and Freedom Pkwy,,Rear End,3,Rain,Wet,Daylight
2021-06-22T15:56:00.000,I 85,I 85 and Freedom Pkwy,,Rear End,2,Cloudy,Dry,Daylight
2021-02-25T13:20:00.000,I 85,I 85 and Freedom Pkwy,,Sideswipe-Same Direction,2,Clear,Dry,Daylight
2021-01-22T00:00:00.000,I 85,I 85 and Freedom Pkwy,,Rear End,2,Clear,Dry,Dark-Lighted
2021-05-18T14:22:00.000,I 85,I 85 and Freedom Pkwy,,Rear End,3,Clear,Dry,Daylight
2021-02-12T04:00:00.000,I 85,I 85 and Freedom Pkwy,,Angle Crash,3,Rain,Wet,Dark-Lighted
2021-05-28T09:35:00.000,I 85,I 85 and Freedom Pkwy,,Rear End,2,Clear,Dry,Daylight
2021-02-02T18:21:00.000,I 85,I 85 and Freedom Pkwy,,Rear End,2,Clear,Dry,Dawn
2021-03-24T11:39:00.000,I 85,I 85 and Freedom Pkwy,,Sideswipe-Same Direction,2,Cloudy,Dry,Daylight
2021-05-07T13:50:00.000,I 85,I 85 and Freedom Pkwy,,Rear End,2,Clear,Dry,Daylight
2021-06-10T18:30:00.000,I 85,I 85 and Freedom Pkwy,,Sideswipe-Same Direction,2,Cloudy,Dry,Daylight
2021-06-09T13:55:00.000,I 85,I 85 and Freedom Pkwy,,Rear End,3,Clear,Dry,Daylight
2021-01-21T16:30:00.000,I 85,I 85 and Freedom Pkwy,,Rear End,3,Rain,Wet,Daylight
2021-05-28T09:45:00.000,I 85,I 85 and Freedom Pkwy,,Rear End,2,Clear,Dry,Daylight
2021-06-24T16:49:00.000,I 85,I 85 and Freedom Pkwy,,Rear End,2,Cloudy,Dry,Daylight
2021-01-05T12:24:00.000,I 85,I 85 and Freedom Pkwy,,Sideswipe-Same Direction,2,Clear,Dry,Daylight
2021-06-08T09:35:00.000,I 85,I 85 and Freedom Pkwy,,Sideswipe-Same Direction,2,Cloudy,Dry,Daylight
2021-05-12T14:52:00.000,I 85,I 85 and Freedom Pkwy,,Rear End,2,Cloudy,Wet,Daylight
2021-01-25T14:25:00.000,I 85,I 85 and Freedom Pkwy,,Sideswipe-Same Direction,2,Clear,Dry,Daylight
2021-07-28T17:15:00.000,I 85,I 85 and Freedom Pkwy,,Rear End,2,Cloudy,Dry,Daylight
2021-08-06T10:50:00.000,I 85,I 85 and Freedom Pkwy,,Sideswipe-Same Direction,2,Clear,Dry,Daylight
2021-09-29T17:15:00.000,I 85,I 85 and Freedom Pkwy,,Rear End,2,Clear,Dry,Daylight
2021-09-16T14:50:00.000,I 85,I 85 and Freedom Pkwy,,Rear End,2,Rain,Wet,Daylight
2021-08-10T07:45:00.000,I 85,I 85 and Freedom Pkwy,,Rear End,3,Clear,Dry,Daylight
2021-07-23T14:30:00.000,I 85,I 85 and Freedom Pkwy,,Rear End,2,Clear,Dry,Daylight
2021-08-03T17:30:00.000,I 85,I 85 and Freedom Pkwy,,Rear End,2,Rain,Wet,Daylight
2021-09-07T13:21:00.000,I 85,I 85 and Freedom Pkwy,,Sideswipe-Same Direction,2,Cloudy,Wet,Daylight
2021-07-01T09:06:00.000,I 85,I 85 and Freedom Pkwy,,Rear End,2,Clear,Dry,Daylight
2021-08-16T18:35:00.000,I 85,I 85 and Freedom Pkwy,,Not a Collision with Motor Vehicle,1,Rain,Wet,Daylight
2021-07-05T18:35:00.000,I 85,I 85 and Freedom Pkwy,,Rear End,2,Clear,Dry,Daylight
2020-02-17T11:41:00.000,I 85,I 85 and Freedom Parway,,Rear End,2,Cloudy,Dry,Daylight
2021-06-11T17:49:00.000,I 85,I 85 and Freedom Parkway Opas,,Sideswipe-Same Direction,3,Clear,Dry,Daylight
2021-06-09T19:42:00.000,I 85,I 85 and Freedom Parkway Opas,,Rear End,2,Clear,Dry,Daylight
2021-04-22T12:45:00.000,I 85,I 85 and Freedom Parkway Opas,,Rear End,2,Clear,Dry,Daylight
2020-12-01T17:30:00.000,I 85,I 85 and Freedom Parkway Opas,,Rear End,3,Clear,Dry,Daylight
2020-01-28T06:26:00.000,I 85,I 85 and Freedom Parkway Opas,,Rear End,2,Clear,Dry,Dark-Lighted
2020-11-06T10:24:00.000,I 85,I 85 and Freedom Parkway Opas,,Rear End,2,Clear,Dry,Daylight
2020-11-26T14:00:00.000,I 85,I 85 and Freedom Parkway Opas,,Sideswipe-Same Direction,3,Clear,Dry,Daylight
2020-12-03T10:44:00.000,I 85,I 85 and Freedom Parkway Opas,,Rear End,2,Clear,Dry,Daylight
2020-10-09T15:22:00.000,I 85,I 85 and Freedom Parkway Opas,,Rear End,2,Cloudy,Wet,Daylight
2020-01-02T12:00:00.000,I 85,I 85 and Freedom Parkway Opas,,Rear End,2,Rain,Wet,Daylight
2020-02-06T12:50:00.000,I 85,I 85 and Freedom Parkway Opas,,Rear End,2,Cloudy,Wet,Daylight
2020-09-01T14:15:00.000,I 85,I 85 and Freedom Parkway Opas,,Rear End,2,Clear,Dry,Daylight
2020-08-28T16:26:00.000,I 85,I 85 and Freedom Parkway Opas,,Rear End,3,Clear,Dry,Daylight
2020-03-10T19:58:00.000,I 85,I 85 and Freedom Parkway Opas,,Rear End,2,Clear,Dry,Dusk
2020-01-14T15:30:00.000,I 85,I 85 and Freedom Parkway Opas,,Rear End,2,Rain,Wet,Daylight
2020-02-03T13:45:00.000,I 85,I 85 and Freedom Parkway Opas,,Sideswipe-Same Direction,2,Clear,Dry,Daylight
2020-11-03T14:13:00.000,I 85,I 85 and Freedom Parkway Opas,,Rear End,2,Clear,Dry,Daylight
2020-01-14T14:38:00.000,I 85,I 85 and Freedom Parkway Opas,,Rear End,2,Rain,Wet,Daylight
2021-01-05T15:11:00.000,I 85,I 85 and Freedom Parkway Opas,,Rear End,2,Clear,Dry,Daylight
2021-05-21T09:00:00.000,I 85,I 85 and Freedom Parkway Opas,,Sideswipe-Same Direction,2,Clear,Dry,Daylight
2021-04-15T16:40:00.000,I 85,I 85 and Freedom Parkway Opas,,Rear End,2,Clear,Dry,Daylight
2021-01-27T07:36:00.000,I 85,I 85 and Freedom Parkway Opas,,Sideswipe-Same Direction,2,Rain,Wet,Daylight
2021-07-09T18:15:00.000,I 85,I 85 and Freedom Parkway Opas,,Rear End,2,Clear,Dry,Daylight
2021-09-28T19:00:00.000,I 85,I 85 and Freedom Parkway Opas,,Sideswipe-Same Direction,2,Clear,Dry,Daylight
2021-09-30T11:20:00.000,I 85,I 85 and Freedom Parkway Opas,,Sideswipe-Same Direction,2,Clear,Dry,Daylight
2020-02-25T08:55:00.000,I 85,I 85 and Freedom Parkway Off Rp,,Rear End,2,Cloudy,Dry,Daylight
2020-08-21T19:42:00.000,I 85,I 85 and Freedom Parkway Exit Rp,,Rear End,3,Clear,Dry,Daylight
2020-08-12T18:42:00.000,I 85,I 85 and Freedom,,Rear End,3,Clear,Dry,Daylight
2020-03-06T18:03:00.000,I 85,I 85 and Freddom Pkwy,,Rear End,2,Clear,Dry,Daylight
2023-04-01T12:13:00.000,I 85,I 85 and Forrest Road Opas,,Rear End,3,Clear,Dry,Daylight
2023-08-04T21:18:00.000,I 85,I 85 and Forrest Road Opas,,Rear End,2,Clear,Dry,Dark-Not Lighted
2023-09-30T14:00:00.000,I 85,I 85 and Forrest Road Opas,,Not a Collision with Motor Vehicle,1,Clear,Dry,Daylight
2023-11-21T13:57:00.000,I 85,I 85 and Forrest Road Opas,,Sideswipe-Same Direction,2,Clear,Wet,Daylight
2023-07-29T14:50:00.000,I 85,I 85 and Forrest Road Opas,,Rear End,3,Clear,Dry,Daylight
2024-11-15T21:20:00.000,I 85,I 85 and Forrest Road Opas,,Rear End,2,Clear,Dry,Dark-Not Lighted
2021-08-02T18:30:00.000,I 85,I 85 and Forrest Rd Over Pass,,Not a Collision with Motor Vehicle,1,Rain,Wet,Daylight
2021-04-10T12:45:00.000,I 85,I 85 and Forrest Rd,,Rear End,2,Rain,Wet,Daylight
2023-11-26T13:33:00.000,I 85,I 85 and Forrest Rd,,Rear End,2,Rain,Wet,Daylight
2022-01-12T06:20:00.000,I 85,I 85 and Forrest Rd,,Rear End,2,Clear,Dry,Dark-Not Lighted
2020-09-04T11:44:00.000,I 85,I 85 and Forrest Rd,,Not a Collision with Motor Vehicle,1,Clear,Dry,Daylight
2022-12-13T19:25:00.000,I 85,I 85 and Forrest Rd,,Rear End,2,Cloudy,Dry,Dark-Not Lighted
2022-09-12T21:00:00.000,I 85,I 85 and Forrest Rd,,Not a Collision with Motor Vehicle,1,Clear,Dry,Dark-Not Lighted
2023-02-11T15:24:00.000,I 85,I 85 and Forrest Rd,,Not a Collision with Motor Vehicle,1,Clear,Wet,Daylight
2023-12-16T18:20:00.000,I 85,I 85 and Forrest Rd,,Not a Collision with Motor Vehicle,1,Rain,Wet,Dark-Not Lighted
2024-02-09T19:19:00.000,I 85,I 85 and Forrest Rd,,Not a Collision with Motor Vehicle,1,Clear,Dry,Dark-Not Lighted
2024-02-12T11:15:00.000,I 85,I 85 and Forrest Rd,,Not a Collision with Motor Vehicle,1,Rain,Wet,Daylight
2024-09-22T14:10:00.000,I 85,I 85 and Forrest Rd,,Rear End,2,Clear,Dry,Daylight
2020-08-09T15:35:00.000,I 85,I 85 and Forrest Pkwy,,Sideswipe-Same Direction,2,Clear,Dry,Daylight
2021-12-25T07:23:00.000,I 85,I 85 and Forest Road Opas,,Not a Collision with Motor Vehicle,1,Cloudy,Dry,Dawn
2020-11-25T19:30:00.000,I 85,I 85 and Forest Rd,,Angle Crash,2,Clear,Dry,Dark-Not Lighted
2021-10-31T15:20:00.000,I 85,I 85 and Forest Rd,,Rear End,2,Clear,Dry,Daylight
2021-02-02T13:30:00.000,I 85,I 85 and Forest Pkwy,,Rear End,3,Clear,Dry,Daylight
2022-06-26T12:31:00.000,I 85,I 85 and Flowey Branch Rd,,Rear End,2,Cloudy,Dry,Daylight
2023-02-17T05:36:00.000,I 85,I 85 and Flowey Branch Rd,,Sideswipe-Same Direction,2,Rain,Wet,Dark-Not Lighted
2021-03-25T18:26:00.000,I 85,I 85 and Flowery Branch Rd,,Sideswipe-Same Direction,2,Rain,Wet,Daylight
2021-10-15T09:04:00.000,I 85,I 85 and Flowery Branch Rd,,Sideswipe-Same Direction,2,Clear,Dry,Daylight
2023-10-27T18:30:00.000,I 85,I 85 and Flowery Branch Rd,,Rear End,2,Clear,Dry,Daylight
2023-03-01T07:45:00.000,I 85,I 85 and Flowery Branch Rd,,Rear End,2,Cloudy,Dry,Daylight
2023-02-18T00:04:00.000,I 85,I 85 and Flowery Branch Rd,,Sideswipe-Same Direction,2,Cloudy,Dry,Dark-Not Lighted
2023-12-30T15:00:00.000,I 85,I 85 and Flowery Branch Rd,,Rear End,2,Clear,Dry,Daylight
2020-10-14T16:00:00.000,I 85,I 85 and Flowery Branch Rd,,Rear End,2,Clear,Dry,Daylight
2020-09-12T20:20:00.000,I 85,I 85 and Flowery Branch Rd,,Rear End,2,Cloudy,Wet,Dark-Not Lighted
2020-11-30T12:46:00.000,I 85,I 85 and Flowery Branch Rd,,Not a Collision with Motor Vehicle,3,Clear,Dry,Daylight
2020-07-19T11:22:00.000,I 85,I 85 and Flowery Branch Rd,,Not a Collision with Motor Vehicle,1,Clear,Dry,Daylight
2020-06-03T14:58:00.000,I 85,I 85 and Flowery Branch Rd,,Sideswipe-Same Direction,2,Clear,Dry,Daylight
2020-03-23T17:02:00.000,I 85,I 85 and Flowery Branch Rd,,Sideswipe-Same Direction,2,Rain,Wet,Daylight
2021-06-01T18:05:00.000,I 85,I 85 and Flowery Branch Rd,,Not a Collision with Motor Vehicle,2,Cloudy,Dry,Daylight
2021-04-08T02:04:00.000,I 85,I 85 and Flowery Branch Rd,,Rear End,2,Cloudy,Dry,Dark-Not Lighted
2021-10-15T07:18:00.000,I 85,I 85 and Flowery Branch Rd,,Not a Collision with Motor Vehicle,2,Clear,Dry,Daylight
2022-07-27T18:40:00.000,I 85,I 85 and Flowery Branch Rd,,Not a Collision with Motor Vehicle,1,Clear,Dry,Daylight
2022-03-24T21:20:00.000,I 85,I 85 and Flowery Branch Rd,,Angle Crash,2,Clear,Dry,Dark-Not Lighted
2022-09-03T04:19:00.000,I 85,I 85 and Flowery Branch Rd,,Not a Collision with Motor Vehicle,1,Cloudy,Wet,Dark-Not Lighted
2023-10-29T11:36:00.000,I 85,I 85 and Flowery Branch Rd,,Not a Collision with Motor Vehicle,1,Clear,Dry,Daylight
2024-03-01T17:25:00.000,I 85,I 85 and Flowery Branch Rd,,Sideswipe-Same Direction,2,Rain,Wet,Daylight
2023-09-28T17:50:00.000,I 85,I 85 and Flowery Branch Rd,,Sideswipe-Same Direction,2,Clear,Dry,Daylight
2023-11-10T19:37:00.000,I 85,I 85 and Flowery Branch Rd,,Sideswipe-Same Direction,2,Cloudy,Dry,Dark-Not Lighted
2023-01-24T19:21:00.000,I 85,I 85 and Flowery Branch Rd,,Angle Crash,2,Cloudy,Dry,Dark-Lighted
2023-10-01T11:50:00.000,I 85,I 85 and Flowery Branch Rd,,Sideswipe-Same Direction,2,Clear,Dry,Daylight
2023-11-17T23:07:00.000,I 85,I 85 and Flowery Branch Rd,,Sideswipe-Same Direction,2,Cloudy,Dry,Dark-Not Lighted
2024-10-14T07:00:00.000,I 85,I 85 and Flowery Branch Rd,,Sideswipe-Same Direction,2,Clear,Dry,Daylight
2024-07-19T17:05:00.000,I 85,I 85 and Flowery Branch Rd,,Rear End,2,Cloudy,Wet,Daylight
2024-10-08T20:57:00.000,I 85,I 85 and Flowery Branch Rd,,Rear End,2,Clear,Dry,Dark-Not Lighted
2024-02-04T03:47:00.000,I 85,I 85 and Flowery Branch Rd,,Rear End,2,Clear,Dry,Dark-Not Lighted
2024-07-06T04:00:00.000,I 85,I 85 and Flowery Branch Rd,,Sideswipe-Same Direction,2,Cloudy,Dry,Dark-Not Lighted
2024-07-31T14:53:00.000,I 85,I 85 and Flowery Branch Rd,,Rear End,3,Clear,Dry,Daylight