Date and Time,Roadway (From Crash Report),Intersection Name (from Crash Report),KABCO Severity,Manner of Collision (Crash Level) ,# of Vehicles per crash ,Weather Conditions (Crash Level),Surface Condition (Crash Level) ,Light Conditions (Crash Level)
2021-11-29T11:22:00.000,I 85,I 85 and Flat Shoals Rd,,Sideswipe-Same Direction,2,Clear,Dry,Daylight
2021-10-25T13:36:00.000,I 85,I 85 and Flat Shoals Rd,,Not a Collision with Motor Vehicle,1,Clear,Dry,Daylight
2021-07-26T21:36:00.000,I 85,I 85 and Flat Shoals Rd,,Sideswipe-Same Direction,2,Rain,Wet,Dark-Lighted
2022-12-20T21:00:00.000,I 85,I 85 and Flat Shoals Rd,,Rear End,2,Rain,Wet,Dark-Not Lighted
2022-06-01T23:26:00.000,I 85,I 85 and Flat Shoals Rd,,Sideswipe-Same Direction,2,Clear,Dry,Dark-Not Lighted
2022-02-08T17:57:00.000,I 85,I 85 and Flat Shoals Rd,,Not a Collision with Motor Vehicle,1,Clear,Dry,Daylight
2022-07-23T11:00:00.000,I 85,I 85 and Flat Shoals Rd,,Not a Collision with Motor Vehicle,2,Clear,Dry,Dark-Not Lighted
2022-06-05T22:30:00.000,I 85,I 85 and Flat Shoals Rd,,Sideswipe-Same Direction,2,Clear,Dry,Dark-Lighted
2021-11-11T14:30:00.000,I 85,I 85 and Flat Shoals Rd,,Rear End,2,Cloudy,Dry,Daylight
2021-07-17T13:49:00.000,I 85,I 85 and Flat Shoals Rd,,Rear End,2,Clear,Dry,Daylight
2021-07-21T22:09:00.000,I 85,I 85 and Flat Shoals Rd,,Rear End,2,Clear,Dry,Dark-Lighted
2021-08-25T11:37:00.000,I 85,I 85 and Flat Shoals Rd,,Rear End,2,Clear,Dry,Daylight
2022-07-01T13:15:00.000,I 85,I 85 and Flat Shoals Rd,,Rear End,2,Cloudy,Dry,Daylight
2022-05-15T21:16:00.000,I 85,I 85 and Flat Shoals Rd,,Head On,2,Clear,Wet,Dark-Not Lighted
2022-04-30T19:25:00.000,I 85,I 85 and Flat Shoals Rd,,Rear End,2,Clear,Dry,Dark-Lighted
2022-05-12T08:03:00.000,I 85,I 85 and Flat Shoals Rd,,Rear End,2,Clear,Dry,Daylight
2022-04-17T16:42:00.000,I 85,I 85 and Flat Shoals Rd,,Rear End,3,Clear,Dry,Daylight
2022-01-24T12:00:00.000,I 85,I 85 and Flat Shoals Rd,,Angle Crash,3,Clear,Dry,Daylight
2022-01-14T21:37:00.000,I 85,I 85 and Flat Shoals Rd,,Sideswipe-Same Direction,2,Clear,Dry,Dark-Not Lighted
2022-04-14T16:41:00.000,I 85,I 85 and Flat Shoals Rd,,Rear End,2,Clear,Dry,Daylight
2022-05-12T09:08:00.000,I 85,I 85 and Flat Shoals Rd,,Rear End,2,Clear,Dry,Daylight
2022-03-28T11:16:00.000,I 85,I 85 and Flat Shoals Rd,,Angle Crash,2,Clear,Dry,Daylight
2022-07-29T13:01:00.000,I 85,I 85 and Flat Shoals Rd,,Sideswipe-Same Direction,2,Clear,Dry,Daylight
2022-05-27T17:16:00.000,I 85,I 85 and Flat Shoals Rd,,Angle Crash,3,Clear,Dry,Daylight
2022-11-09T14:07:00.000,I 85,I 85 and Flat Shoals Rd,,Rear End,2,Clear,Dry,Daylight
2022-08-18T21:03:00.000,I 85,I 85 and Flat Shoals Rd,,Angle Crash,2,Clear,Dry,Daylight
2022-11-17T07:30:00.000,I 85,I 85 and Flat Shoals Rd,,Rear End,2,Clear,Dry,Daylight
2022-11-18T13:30:00.000,I 85,I 85 and Flat Shoals Rd,,Sideswipe-Opposite Direction,2,Cloudy,Dry,Daylight
2022-07-07T07:47:00.000,I 85,I 85 and Flat Shoals Rd,,Sideswipe-Same Direction,2,Clear,Dry,Daylight
2022-10-15T12:24:00.000,I 85,I 85 and Flat Shoals Rd,,Rear End,2,Clear,Dry,Daylight
2022-12-15T18:11:00.000,I 85,I 85 and Flat Shoals Rd,,Rear End,3,Cloudy,Dry,Dark-Not Lighted
2022-10-27T07:01:00.000,I 85,I 85 and Flat Shoals Rd,,Sideswipe-Same Direction,2,Clear,Dry,Daylight
2022-07-02T12:30:00.000,I 85,I 85 and Flat Shoals Rd,,Rear End,4,Clear,Dry,Daylight
2021-11-30T04:00:00.000,I 85,I 85 and Flat Shoals Rd,,Not a Collision with Motor Vehicle,1,Clear,Dry,Dark-Lighted
2021-10-08T17:26:00.000,I 85,I 85 and Flat Shoals Rd,,Rear End,2,Clear,Dry,Daylight
2021-10-24T18:49:00.000,I 85,I 85 and Flat Shoals Rd,,Rear End,2,Clear,Dry,Dark-Lighted
2021-08-11T17:25:00.000,I 85,I 85 and Flat Shoals Rd,,Rear End,2,Clear,Dry,Daylight
2022-06-15T08:39:00.000,I 85,I 85 and Flat Shoals Rd,,Sideswipe-Same Direction,3,Clear,Dry,Daylight
2022-03-16T08:09:00.000,I 85,I 85 and Flat Shoals Rd,,Rear End,2,Rain,Wet,Daylight
2022-01-04T13:34:00.000,I 85,I 85 and Flat Shoals Rd,,Rear End,2,Clear,Dry,Daylight
2022-02-03T09:40:00.000,I 85,I 85 and Flat Shoals Rd,,Sideswipe-Same Direction,3,Rain,Wet,Daylight
2022-11-23T04:15:00.000,I 85,I 85 and Flat Shoals Rd,,Not a Collision with Motor Vehicle,1,Clear,Dry,Dark-Not Lighted
2022-12-05T17:35:00.000,I 85,I 85 and Flat Shoals Rd,,Rear End,2,Rain,Wet,Dusk
2022-10-13T07:54:00.000,I 85,I 85 and Flat Shoals Rd,,Rear End,2,Clear,Dry,Daylight
2022-04-24T21:20:00.000,I 85,I 85 and Flat Shoals Rd,,Sideswipe-Same Direction,2,Clear,Dry,Dark-Not Lighted
2022-04-09T14:59:00.000,I 85,I 85 and Flat Shoals Rd,,Rear End,3,Clear,Dry,Daylight
2022-02-27T13:15:00.000,I 85,I 85 and Flat Shoals Rd,,Rear End,3,Clear,Dry,Daylight
2022-05-16T07:44:00.000,I 85,I 85 and Flat Shoals Rd,,Rear End,2,Clear,Dry,Daylight
2022-10-20T17:12:00.000,I 85,I 85 and Flat Shoals Rd,,Rear End,2,Clear,Dry,Daylight
2022-05-17T13:58:00.000,I 85,I 85 and Flat Shoals Rd,,Rear End,2,Clear,Dry,Daylight
2022-09-13T07:31:00.000,I 85,I 85 and Flat Shoals Rd,,Rear End,3,Clear,Dry,Daylight
2022-08-01T03:26:00.000,I 85,I 85 and Flat Shoals Rd,,Not a Collision with Motor Vehicle,1,Clear,Dry,Dark-Lighted
2022-08-05T12:22:00.000,I 85,I 85 and Flat Shoals Rd,,Rear End,2,Clear,Dry,Daylight
2022-05-21T15:59:00.000,I 85,I 85 and Flat Shoals Rd,,Sideswipe-Same Direction,2,Clear,Dry,Daylight
2022-04-27T14:00:00.000,I 85,I 85 and Flat Shoals Rd,,Not a Collision with Motor Vehicle,1,Clear,Dry,Daylight
2022-10-07T02:55:00.000,I 85,I 85 and Flat Shoals Rd,,Sideswipe-Same Direction,2,Clear,Dry,Dark-Lighted
2022-06-06T17:46:00.000,I 85,I 85 and Flat Shoals Rd,,Rear End,2,Clear,Dry,Daylight
2022-03-22T16:10:00.000,I 85,I 85 and Flat Shoals Rd,,Rear End,2,Clear,Dry,Daylight
2022-07-30T08:03:00.000,I 85,I 85 and Flat Shoals Rd,,Rear End,2,Clear,Dry,Daylight
2022-01-02T05:53:00.000,I 85,I 85 and Flat Shoals Rd,,Not a Collision with Motor Vehicle,1,Rain,Wet,Dark-Not Lighted
2022-08-31T07:40:00.000,I 85,I 85 and Flat Shoals Rd,,Rear End,2,Clear,Dry,Daylight
2022-01-17T16:36:00.000,I 85,I 85 and Flat Shoals Rd,,Sideswipe-Same Direction,3,Clear,Dry,Daylight
2022-09-10T03:25:00.000,I 85,I 85 and Flat Shoals Rd,,Rear End,2,Rain,Wet,Dark-Not Lighted
2022-05-25T00:30:00.000,I 85,I 85 and Flat Shoals Rd,,Angle Crash,2,Clear,Dry,Dark-Lighted
2022-02-22T11:10:00.000,I 85,I 85 and Flat Shoals Rd,,Rear End,2,Cloudy,Dry,Daylight
2022-07-04T18:00:00.000,I 85,I 85 and Flat Shoals Rd,,Rear End,1,Clear,Wet,Daylight
2022-01-26T09:59:00.000,I 85,I 85 and Flat Shoals Rd,,Sideswipe-Same Direction,2,Clear,Dry,Daylight
2022-06-21T08:44:00.000,I 85,I 85 and Flat Shoals Rd,,Sideswipe-Same Direction,2,Clear,Dry,Daylight
2022-07-13T17:17:00.000,I 85,I 85 and Flat Shoals Rd,,Rear End,2,Rain,Wet,Daylight
2022-02-11T18:40:00.000,I 85,I 85 and Flat Shoals Rd,,Sideswipe-Same Direction,2,Clear,Dry,Dark-Lighted
2022-06-26T05:24:00.000,I 85,I 85 and Flat Shoals Rd,,Rear End,2,Clear,Dry,Dark-Lighted
2022-10-20T17:12:00.000,I 85,I 85 and Flat Shoals Rd,,Rear End,2,Clear,Dry,Daylight
2022-12-20T20:17:00.000,I 85,I 85 and Flat Shoals Rd,,Rear End,2,Rain,Wet,Dark-Not Lighted
2022-11-09T14:57:00.000,I 85,I 85 and Flat Shoals Rd,,Rear End,3,Clear,Dry,Daylight
2022-10-23T09:33:00.000,I 85,I 85 and Flat Shoals Rd,,Angle Crash,2,Clear,Dry,Daylight
2022-12-04T02:55:00.000,I 85,I 85 and Flat Shoals Rd,,Angle Crash,2,Clear,Dry,Dark-Not Lighted
2022-05-12T13:26:00.000,I 85,I 85 and Flat Shoals Rd,,Rear End,2,Clear,Dry,Daylight
2022-12-20T20:17:00.000,I 85,I 85 and Flat Shoals Rd,,Rear End,6,Rain,Wet,Dark-Not Lighted
2022-04-30T22:18:00.000,I 85,I 85 and Flat Shoals Rd,,Rear End,2,Clear,Dry,Dark-Lighted
2022-09-01T16:49:00.000,I 85,I 85 and Flat Shoals Rd,,Not a Collision with Motor Vehicle,1,Clear,Dry,Daylight
2022-04-23T00:07:00.000,I 85,I 85 and Flat Shoals Rd,,Sideswipe-Opposite Direction,2,Clear,Dry,Dark-Not Lighted
2022-07-04T19:10:00.000,I 85,I 85 and Flat Shoals Rd,,Rear End,2,Clear,Wet,Daylight
2022-08-11T07:24:00.000,I 85,I 85 and Flat Shoals Rd,,Rear End,2,Cloudy,Dry,Dawn
2022-07-15T15:18:00.000,I 85,I 85 and Flat Shoals Rd,,Rear End,3,Clear,Dry,Daylight
2022-02-09T14:17:00.000,I 85,I 85 and Flat Shoals Rd,,Angle Crash,1,Clear,Dry,Daylight
2022-12-20T20:17:00.000,I 85,I 85 and Flat Shoals Rd,,Rear End,2,Rain,Wet,Dark-Not Lighted
2022-07-07T08:37:00.000,I 85,I 85 and Flat Shoals Rd,,Rear End,2,Clear,Dry,Daylight
2022-05-13T02:04:00.000,I 85,I 85 and Flat Shoals Rd,,Angle Crash,2,Clear,Dry,Dark-Not Lighted
2022-11-18T08:30:00.000,I 85,I 85 and Flat Shoals Rd,,Not a Collision with Motor Vehicle,1,Rain,Wet,Daylight
2022-08-23T21:06:00.000,I 85,I 85 and Flat Shoals Rd,,Rear End,2,Clear,Dry,Dark-Lighted
2022-08-14T19:37:00.000,I 85,I 85 and Flat Shoals Rd,,Not a Collision with Motor Vehicle,1,Clear,Dry,Daylight
2022-07-05T00:59:00.000,I 85,I 85 and Flat Shoals Rd,,Sideswipe-Same Direction,2,Rain,Wet,Dark-Lighted
2022-10-19T12:01:00.000,I 85,I 85 and Flat Shoals Rd,,Sideswipe-Same Direction,2,Clear,Dry,Daylight
2023-11-17T08:18:00.000,I 85,I 85 and Flat Shoals Rd,,Angle Crash,2,Clear,Dry,Daylight
2023-11-05T21:42:00.000,I 85,I 85 and Flat Shoals Rd,,Not a Collision with Motor Vehicle,1,Clear,Dry,Dark-Lighted
2024-04-25T09:09:00.000,I 85,I 85 and Flat Shoals Rd,,Sideswipe-Same Direction,2,Clear,Dry,(None)
2024-12-03T13:08:00.000,I 85,I 85 and Flat Shoals Rd,,Rear End,3,Clear,Dry,Daylight
2024-10-11T15:43:00.000,I 85,I 85 and Flat Shoals Rd,,Rear End,2,Clear,Dry,Daylight
2024-01-25T20:02:00.000,I 85,I 85 and Flat Shoals Rd,,Sideswipe-Same Direction,2,Clear,Wet,Dark-Not Lighted
2024-04-26T08:20:00.000,I 85,I 85 and Flat Shoals Rd,,Sideswipe-Same Direction,4,Clear,Dry,Daylight
2024-06-10T16:39:00.000,I 85,I 85 and Flat Shoals Rd,,Sideswipe-Same Direction,2,Clear,Dry,Daylight
2024-05-24T14:50:00.000,I 85,I 85 and Flat Shoals Rd,,Rear End,2,Clear,Dry,Daylight
2024-12-06T18:00:00.000,I 85,I 85 and Flat Shoals Rd,,Angle Crash,3,Clear,Dry,Dark-Lighted
2024-09-15T14:06:00.000,I 85,I 85 and Flat Shoals Rd,,Angle Crash,2,Clear,Dry,Daylight
2024-07-31T18:00:00.000,I 85,I 85 and Flat Shoals Rd,,Sideswipe-Same Direction,2,Clear,Dry,Daylight
2024-12-11T15:20:00.000,I 85,I 85 and Flat Shoals Rd,,Rear End,2,Clear,Dry,Daylight
2024-05-16T00:15:00.000,I 85,I 85 and Flat Shoals Rd,,Not a Collision with Motor Vehicle,1,Clear,Dry,Daylight
2024-11-30T05:35:00.000,I 85,I 85 and Flat Shoals Rd,,Sideswipe-Same Direction,2,Clear,Dry,Dark-Lighted
2024-09-30T16:39:00.000,I 85,I 85 and Flat Shoals Rd,,Sideswipe-Same Direction,2,Clear,Dry,Daylight
2024-12-23T13:45:00.000,I 85,I 85 and Flat Shoals Rd,,Rear End,2,Clear,Dry,Daylight
2024-10-09T17:30:00.000,I 85,I 85 and Flat Shoals Rd,,Rear End,2,Clear,Dry,Daylight
2023-06-10T12:51:00.000,I 85,I 85 and Flat Shoals Rd,,Rear End,2,Clear,Dry,Daylight
2023-08-10T03:50:00.000,I 85,I 85 and Flat Shoals Rd,,Rear End,2,Clear,Wet,Dark-Lighted
2023-05-15T17:38:00.000,I 85,I 85 and Flat Shoals Rd,,Sideswipe-Same Direction,2,Cloudy,Dry,Daylight
2024-09-30T08:23:00.000,I 85,I 85 and Flat Shoals Rd,,Rear End,2,Clear,Dry,Dawn
2024-11-26T09:50:00.000,I 85,I 85 and Flat Shoals Rd,,Sideswipe-Same Direction,2,Cloudy,Dry,Daylight
2023-07-13T18:48:00.000,I 85,I 85 and Flat Shoals Rd,,Rear End,2,Clear,Dry,Daylight
2023-06-04T20:10:00.000,I 85,I 85 and Flat Shoals Rd,,Rear End,2,Rain,Wet,Dark-Lighted
2023-07-18T17:00:00.000,I 85,I 85 and Flat Shoals Rd,,Rear End,3,Clear,Dry,Daylight
2023-11-07T20:20:00.000,I 85,I 85 and Flat Shoals Rd,,Sideswipe-Same Direction,2,Clear,Dry,Dark-Not Lighted
2023-07-14T06:45:00.000,I 85,I 85 and Flat Shoals Rd,,Rear End,2,Cloudy,Dry,Daylight
2023-11-03T03:45:00.000,I 85,I 85 and Flat Shoals Rd,,Not a Collision with Motor Vehicle,1,Clear,Dry,Dark-Not Lighted
2023-06-30T08:29:00.000,I 85,I 85 and Flat Shoals Rd,,Sideswipe-Same Direction,3,Clear,Dry,Daylight
2023-08-17T16:07:00.000,I 85,I 85 and Flat Shoals Rd,,Sideswipe-Same Direction,2,Clear,Dry,Daylight
2023-05-11T14:10:00.000,I 85,I 85 and Flat Shoals Rd,,Rear End,2,Clear,Dry,Daylight
2023-10-13T18:01:00.000,I 85,I 85 and Flat Shoals Rd,,Rear End,2,Rain,Wet,Dark-Not Lighted
2023-12-03T23:51:00.000,I 85,I 85 and Flat Shoals Rd,,Rear End,2,Clear,Dry,Dark-Lighted
2023-06-21T06:26:00.000,I 85,I 85 and Flat Shoals Rd,,Rear End,2,Rain,Wet,Dark-Not Lighted
2023-05-06T20:19:00.000,I 85,I 85 and Flat Shoals Rd,,Rear End,2,Clear,Dry,Daylight
2023-07-13T15:21:00.000,I 85,I 85 and Flat Shoals Rd,,Angle Crash,2,Clear,Dry,Daylight
2023-06-09T05:06:00.000,I 85,I 85 and Flat Shoals Rd,,Angle Crash,2,Clear,Dry,Dusk
2023-08-07T19:50:00.000,I 85,I 85 and Flat Shoals Rd,,Rear End,2,Clear,Dry,Daylight
2023-10-26T07:21:00.000,I 85,I 85 and Flat Shoals Rd,,Rear End,2,Cloudy,Dry,Daylight
2023-11-05T12:12:00.000,I 85,I 85 and Flat Shoals Rd,,Angle Crash,2,Clear,Dry,Daylight
2023-02-06T16:19:00.000,I 85,I 85 and Flat Shoals Rd,,Rear End,2,Clear,Dry,Daylight
2023-02-12T23:48:00.000,I 85,I 85 and Flat Shoals Rd,,Rear End,2,Clear,Dry,Dark-Lighted
2023-10-18T18:21:00.000,I 85,I 85 and Flat Shoals Rd,,Sideswipe-Same Direction,2,Clear,Dry,Dark-Not Lighted
2023-12-07T07:25:00.000,I 85,I 85 and Flat Shoals Rd,,Rear End,5,Clear,Dry,Daylight
2023-08-27T11:11:00.000,I 85,I 85 and Flat Shoals Rd,,Sideswipe-Same Direction,2,Clear,Dry,Daylight
2023-12-08T17:46:00.000,I 85,I 85 and Flat Shoals Rd,,Not a Collision with Motor Vehicle,1,Clear,Dry,Dark-Lighted
2023-07-22T19:10:00.000,I 85,I 85 and Flat Shoals Rd,,Angle Crash,2,Clear,Dry,Daylight
2023-07-28T23:28:00.000,I 85,I 85 and Flat Shoals Rd,,Sideswipe-Same Direction,2,Clear,Wet,Dark-Not Lighted
2024-09-30T00:20:00.000,I 85,I 85 and Flat Shoals Rd,,Rear End,2,Clear,Dry,Dark-Lighted
2024-08-14T22:42:00.000,I 85,I 85 and Flat Shoals Rd,,Not a Collision with Motor Vehicle,1,Clear,Dry,Dark-Not Lighted
2024-12-10T07:16:00.000,I 85,I 85 and Flat Shoals Rd,,Angle Crash,2,Cloudy,Wet,Daylight
2024-07-10T07:16:00.000,I 85,I 85 and Flat Shoals Rd,,Sideswipe-Same Direction,2,Clear,Dry,Daylight
2024-12-03T07:21:00.000,I 85,I 85 and Flat Shoals Rd,,Not a Collision with Motor Vehicle,1,Clear,Dry,Daylight
2024-08-28T20:45:00.000,I 85,I 85 and Flat Shoals Rd,,Rear End,2,Clear,Dry,Dark-Lighted
2024-01-28T02:43:00.000,I 85,I 85 and Flat Shoals Rd,,Sideswipe-Same Direction,2,Clear,Dry,Dark-Lighted
2024-11-20T06:59:00.000,I 85,I 85 and Flat Shoals Rd,,Rear End,2,Rain,Wet,Daylight
2024-12-29T07:28:00.000,I 85,I 85 and Flat Shoals Rd,,Rear End,3,Rain,Wet,Dawn
2024-04-11T14:00:00.000,I 85,I 85 and Flat Shoals Rd,,Rear End,2,Cloudy,Dry,Daylight
2024-01-12T05:28:00.000,I 85,I 85 and Flat Shoals Rd,,Angle Crash,2,Clear,Dry,Dark-Lighted
2024-06-28T09:34:00.000,I 85,I 85 and Flat Shoals Rd,,Rear End,2,Clear,Dry,Daylight
2024-07-15T08:43:00.000,I 85,I 85 and Flat Shoals Rd,,Sideswipe-Same Direction,2,Clear,Dry,Daylight
2024-06-24T04:50:00.000,I 85,I 85 and Flat Shoals Rd,,Rear End,3,Clear,Dry,Daylight
2024-07-30T15:29:00.000,I 85,I 85 and Flat Shoals Rd,,Sideswipe-Same Direction,2,Clear,Dry,Daylight
2024-12-14T03:25:00.000,I 85,I 85 and Flat Shoals Rd,,Sideswipe-Same Direction,2,Clear,Dry,Dark-Not Lighted
2024-07-22T15:49:00.000,I 85,I 85 and Flat Shoals Rd,,Rear End,2,Clear,Dry,Daylight
2024-11-20T07:12:00.000,I 85,I 85 and Flat Shoals Rd,,Rear End,2,Rain,Wet,Daylight
2024-03-01T00:02:00.000,I 85,I 85 and Flat Shoals Rd,,Sideswipe-Same Direction,2,Clear,Dry,Dark-Not Lighted
2024-12-31T07:22:00.000,I 85,I 85 and Flat Shoals Rd,,Angle Crash,2,Cloudy,Dry,Dawn
2024-01-20T14:44:00.000,I 85,I 85 and Flat Shoals Rd,,Sideswipe-Same Direction,2,Clear,Dry,Daylight
2024-01-09T10:53:00.000,I 85,I 85 and Flat Shoals Rd,,Not a Collision with Motor Vehicle,1,Rain,Wet,Daylight
2024-01-10T22:00:00.000,I 85,I 85 and Flat Shoals Rd,,Sideswipe-Same Direction,2,Clear,Dry,Dark-Not Lighted
2024-08-29T06:55:00.000,I 85,I 85 and Flat Shoals Rd,,Rear End,2,Clear,Dry,Daylight
2024-11-12T08:10:00.000,I 85,I 85 and Flat Shoals Rd,,Rear End,3,Clear,Dry,Daylight
2024-02-04T04:01:00.000,I 85,I 85 and Flat Shoals Rd,,Not a Collision with Motor Vehicle,1,Clear,Dry,Dark-Not Lighted
2024-01-22T20:56:00.000,I 85,I 85 and Flat Shoals Rd,,Sideswipe-Same Direction,2,Clear,Dry,Dark-Not Lighted
2024-06-05T13:50:00.000,I 85,I 85 and Flat Shoals Rd,,Sideswipe-Same Direction,2,Clear,Dry,Daylight
2024-02-01T05:00:00.000,I 85,I 85 and Flat Shoals Rd,,Rear End,3,Clear,Dry,Dark-Lighted
2024-03-18T16:37:00.000,I 85,I 85 and Flat Shoals Rd,,Sideswipe-Same Direction,2,Clear,Dry,Daylight
2024-06-10T06:55:00.000,I 85,I 85 and Flat Shoals Rd,,Sideswipe-Same Direction,2,Cloudy,Dry,Daylight
2024-03-27T15:57:00.000,I 85,I 85 and Flat Shoals Rd,,Rear End,2,Clear,Dry,Daylight
2024-01-09T10:54:00.000,I 85,I 85 and Flat Shoals Rd,,Not a Collision with Motor Vehicle,1,Rain,Water (standing or moving),Daylight
2024-08-26T03:56:00.000,I 85,I 85 and Flat Shoals Rd,,Sideswipe-Same Direction,2,Clear,Dry,Dark-Not Lighted
2024-06-18T08:17:00.000,I 85,I 85 and Flat Shoals Rd,,Rear End,2,Clear,Dry,Daylight
2024-01-18T20:08:00.000,I 85,I 85 and Flat Shoals Rd,,Rear End,2,Clear,Dry,Dark-Lighted
2024-01-07T21:48:00.000,I 85,I 85 and Flat Shoals Rd,,Rear End,4,Clear,Dry,Dark-Lighted
2024-04-26T18:56:00.000,I 85,I 85 and Flat Shoals Rd,,Rear End,2,Clear,Dry,Daylight
2024-05-04T00:03:00.000,I 85,I 85 and Flat Shoals Rd,,Rear End,2,Clear,Dry,Dark-Lighted
2024-07-01T15:52:00.000,I 85,I 85 and Flat Shoals Rd,,Rear End,2,Clear,Dry,Daylight
2024-07-17T13:34:00.000,I 85,I 85 and Flat Shoals Rd,,Rear End,2,Clear,Dry,Daylight
2024-07-10T09:03:00.000,I 85,I 85 and Flat Shoals Rd,,Sideswipe-Same Direction,2,Clear,Dry,Daylight
2024-03-21T17:26:00.000,I 85,I 85 and Flat Shoals Rd,,Rear End,2,Clear,Dry,Daylight
2024-03-11T17:24:00.000,I 85,I 85 and Flat Shoals Rd,,Rear End,2,Clear,Dry,Daylight
2024-09-19T12:36:00.000,I 85,I 85 and Flat Shoals Rd,,Sideswipe-Same Direction,3,Clear,Dry,Daylight
2024-10-19T11:45:00.000,I 85,I 85 and Flat Shoals Rd,,Sideswipe-Same Direction,3,Clear,Dry,Daylight
2024-06-02T14:43:00.000,I 85,I 85 and Flat Shoals Rd,,Not a Collision with Motor Vehicle,1,Clear,Dry,Daylight
2024-05-10T10:00:00.000,I 85,I 85 and Flat Shoals Rd,,Sideswipe-Same Direction,2,Clear,Dry,Daylight
2024-11-13T15:45:00.000,I 85,I 85 and Flat Shoals Rd,,Rear End,2,Clear,Dry,Daylight
2024-02-26T10:27:00.000,I 85,I 85 and Flat Shoals Rd,,Sideswipe-Same Direction,2,Clear,Dry,Daylight
2024-08-18T15:40:00.000,I 85,I 85 and Flat Shoals Rd,,Rear End,2,Clear,Dry,Daylight
2024-11-12T00:05:00.000,I 85,I 85 and Flat Shoals Rd,,Rear End,3,Clear,Dry,Dark-Not Lighted
2024-07-20T21:50:00.000,I 85,I 85 and Flat Shoals Rd,,Sideswipe-Same Direction,2,Clear,Dry,Daylight
2024-08-22T10:20:00.000,I 85,I 85 and Flat Shoals Rd,,Sideswipe-Same Direction,2,Clear,Dry,Daylight
2024-11-14T06:44:00.000,I 85,I 85 and Flat Shoals Rd,,Angle Crash,2,Rain,Wet,Daylight
2024-01-09T08:27:00.000,I 85,I 85 and Flat Shoals Rd,,Rear End,2,Rain,Wet,Daylight
2024-06-10T07:50:00.000,I 85,I 85 and Flat Shoals Rd,,Rear End,3,Cloudy,Dry,Daylight
2024-12-23T15:36:00.000,I 85,I 85 and Flat Shoals Rd,,Not a Collision with Motor Vehicle,1,Clear,Dry,Daylight
2024-04-22T20:19:00.000,I 85,I 85 and Flat Shoals Rd,,Rear End,2,Clear,Dry,Daylight
2024-09-15T13:05:00.000,I 85,I 85 and Flat Shoals Rd,,Angle Crash,2,Clear,Dry,Daylight
2024-03-01T14:16:00.000,I 85,I 85 and Flat Shoals Rd,,Not a Collision with Motor Vehicle,1,Rain,Wet,Daylight
2024-04-12T18:44:00.000,I 85,I 85 and Flat Shoals Rd,,Not a Collision with Motor Vehicle,1,Clear,Dry,Dark-Lighted
2024-06-12T07:36:00.000,I 85,I 85 and Flat Shoals Rd,,Sideswipe-Same Direction,2,Clear,Dry,Daylight
2024-08-16T08:00:00.000,I 85,I 85 and Flat Shoals Rd,,Angle Crash,2,Clear,Dry,Daylight
2024-06-29T16:48:00.000,I 85,I 85 and Flat Shoals Rd,,Not a Collision with Motor Vehicle,1,Rain,Wet,Daylight
2024-10-10T06:35:00.000,I 85,I 85 and Flat Shoals Rd,,Sideswipe-Same Direction,2,Clear,Dry,Dawn
2024-11-16T07:33:00.000,I 85,I 85 and Flat Shoals Rd,,Angle Crash,2,Clear,Dry,Daylight
2024-01-06T00:56:00.000,I 85,I 85 and Flat Shoals Rd,,Not a Collision with Motor Vehicle,1,Rain,Wet,Dark-Lighted
2024-11-26T13:33:00.000,I 85,I 85 and Flat Shoals Rd,,Rear End,2,Clear,Dry,Daylight
2024-12-18T20:51:00.000,I 85,I 85 and Flat Shoals Rd,,Sideswipe-Same Direction,2,Clear,Dry,Dark-Lighted
2022-06-29T06:45:00.000,I 85,I 85 and Flat Shoals Exit Rp,,Rear End,2,Clear,Dry,Daylight
2022-07-18T20:48:00.000,I 85,I 85 and Flat Shoals Exit,,Not a Collision with Motor Vehicle,1,Rain,Wet,Dark-Lighted
2024-08-02T23:47:00.000,I 85,I 85 and Flat Shoals,,Rear End,2,Clear,Dry,Dark-Lighted
2024-10-16T21:48:00.000,I 85,I 85 and Flat Shoals,,Sideswipe-Same Direction,2,Clear,Dry,Dark-Lighted
2024-11-21T22:18:00.000,I 85,I 85 and Flat Shoals,,Angle Crash,2,Clear,Dry,Dark-Not Lighted
2024-09-03T17:15:00.000,I 85,I 85 and Flat Shoals,,Rear End,2,Clear,Dry,Daylight
2024-06-17T19:14:00.000,I 85,I 85 and Flat Shoals,,Rear End,2,Clear,Dry,Daylight
2024-09-29T02:11:00.000,I 85,I 85 and Flat Shoals,,Rear End,2,Clear,Dry,Dark-Lighted
2024-05-20T09:30:00.000,I 85,I 85 and Flat Shoals,,Angle Crash,3,Clear,Dry,Daylight
2024-05-15T17:40:00.000,I 85,I 85 and Flat Shoals,,Rear End,3,Clear,Dry,Daylight
2021-07-18T16:43:00.000,I 85,I 85 and Flat Shoald Rd,,Rear End,2,Clear,Dry,Daylight
2024-03-25T03:08:00.000,I 85,I 85 and Flat Shoald Rd,,Not a Collision with Motor Vehicle,1,Clear,Dry,Dark-Not Lighted
2021-10-09T13:59:00.000,I 85,I 85 and Flat Shoal Rd,,Angle Crash,2,Clear,Dry,Daylight
2023-07-04T22:01:00.000,I 85,I 85 and Flat Shoal Rd,,Rear End,2,Clear,Dry,Dark-Lighted
2020-02-07T17:18:00.000,I 85,I 85 and Flat Shoal Rd,,Rear End,2,Clear,Dry,Daylight
2023-07-19T11:00:00.000,I 85,I 85 and Flat Shoal Rd,,Sideswipe-Same Direction,2,Clear,Dry,Daylight
2021-11-24T11:17:00.000,I 85,I 85 and Flat Shls,,Sideswipe-Same Direction,3,Clear,Dry,Daylight
2021-07-23T18:16:00.000,I 85,I 85 and Flat Shls,,Rear End,2,Clear,Dry,Daylight