Date and Time,Roadway (From Crash Report),Intersection Name (from Crash Report),KABCO Severity,Manner of Collision (Crash Level) ,# of Vehicles per crash ,Weather Conditions (Crash Level),Surface Condition (Crash Level) ,Light Conditions (Crash Level)
2021-03-21T16:30:00.000,I 85,I 85 and Flat Shls,,Sideswipe-Same Direction,2,Clear,Dry,Daylight
2021-07-13T11:57:00.000,I 85,I 85 and Flat Shls,,Rear End,2,Clear,Dry,Daylight
2023-07-27T18:00:00.000,I 85,I 85 and Flat Shls,,Rear End,2,Clear,Dry,Daylight
2023-07-25T08:13:00.000,I 85,I 85 and Flat Shls,,Rear End,2,Clear,Dry,Daylight
2023-12-31T22:15:00.000,I 85,I 85 and Flat Shls,,Sideswipe-Same Direction,2,Clear,Dry,Dark-Lighted
2023-11-22T16:09:00.000,I 85,I 85 and Flat Shls,,Angle Crash,2,Clear,Dry,Daylight
2023-06-16T14:53:00.000,I 85,I 85 and Flat Shls,,Rear End,2,Clear,Dry,Daylight
2020-11-01T17:15:00.000,I 85,I 85 and Flat Shls,,Rear End,2,Clear,Dry,Daylight
2020-03-13T11:47:00.000,I 85,I 85 and Flat Shls,,Sideswipe-Same Direction,2,Clear,Dry,Daylight
2020-05-31T07:27:00.000,I 85,I 85 and Flat Shls,,Not a Collision with Motor Vehicle,1,Clear,Dry,Daylight
2020-08-26T17:34:00.000,I 85,I 85 and Flat Shls,,Sideswipe-Same Direction,2,Clear,Dry,Daylight
2020-02-11T02:38:00.000,I 85,I 85 and Flat Shls,,Not a Collision with Motor Vehicle,1,Rain,Wet,Dark-Not Lighted
2020-08-14T19:41:00.000,I 85,I 85 and Flat Shls,,Angle Crash,2,Rain,Wet,Daylight
2021-05-24T08:30:00.000,I 85,I 85 and Flat Shls,,Rear End,3,Clear,Dry,Daylight
2022-08-25T15:15:00.000,I 85,I 85 and Flat Shls,,Not a Collision with Motor Vehicle,1,Clear,Wet,Daylight
2022-05-22T13:09:00.000,I 85,I 85 and Flat Shls,,Rear End,2,Clear,Dry,Daylight
2021-07-03T14:00:00.000,I 85,I 85 and Flat Shls,,Rear End,2,Clear,Dry,Daylight
2022-10-13T08:20:00.000,I 85,I 85 and Flat Shls,,Rear End,2,Cloudy,Dry,Daylight
2022-07-11T15:18:00.000,I 85,I 85 and Flat Shls,,Rear End,2,Clear,Dry,Daylight
2022-06-03T16:36:00.000,I 85,I 85 and Flat Shls,,Rear End,2,Clear,Dry,Daylight
2022-11-21T12:51:00.000,I 85,I 85 and Flat Shls,,Angle Crash,5,Clear,Dry,Daylight
2023-08-18T02:42:00.000,I 85,I 85 and Flat Shls,,Sideswipe-Same Direction,2,Clear,Dry,Dark-Lighted
2023-10-08T16:30:00.000,I 85,I 85 and Flat Shls,,Rear End,2,Clear,Dry,Daylight
2024-06-22T16:22:00.000,I 85,I 85 and Flat Shls,,Sideswipe-Same Direction,2,Clear,Other,Daylight
2024-07-19T13:32:00.000,I 85,I 85 and Flat Shls,,Angle Crash,4,Clear,Dry,Daylight
2024-03-20T19:32:00.000,I 85,I 85 and Flat Shls,,Sideswipe-Same Direction,2,Clear,Dry,Daylight
2024-05-03T13:12:00.000,I 85,I 85 and Flat Shls,,Sideswipe-Same Direction,2,Clear,Dry,Daylight
2024-03-22T18:15:00.000,I 85,I 85 and Flat Shls,,Rear End,2,Rain,Wet,Daylight
2023-05-05T03:32:00.000,I 85,I 85 and Flat Shls,,Sideswipe-Same Direction,2,Clear,Dry,Dark-Lighted
2023-07-28T15:45:00.000,I 85,I 85 and Flat Shls,,Sideswipe-Same Direction,2,Clear,Dry,Daylight
2023-08-04T21:04:00.000,I 85,I 85 and Flat Shls,,Rear End,2,Clear,Dry,Dark-Not Lighted
2024-11-26T16:50:00.000,I 85,I 85 and Flat Shls,,Rear End,2,Clear,Dry,Daylight
2024-11-01T22:00:00.000,I 85,I 85 and Flat Shls,,Rear End,3,Clear,Dry,Dark-Lighted
2024-08-14T22:10:00.000,I 85,I 85 and Flat Shls,,Sideswipe-Same Direction,2,Clear,Dry,Dark-Not Lighted
2024-12-13T21:31:00.000,I 85,I 85 and Flat Shls,,Rear End,2,Clear,Dry,Dark-Lighted
2024-03-09T17:00:00.000,I 85,I 85 and Flat Shls,,Not a Collision with Motor Vehicle,1,Cloudy,Dry,Daylight
2024-10-16T07:57:00.000,I 85,I 85 and Flat Shls,,Rear End,2,Clear,Dry,Daylight
2024-05-02T08:53:00.000,I 85,I 85 and Flat Shls,,Sideswipe-Same Direction,2,Clear,Dry,Daylight
2024-03-24T03:12:00.000,I 85,I 85 and Flat Shls,,Angle Crash,2,Clear,Dry,Dark-Lighted
2024-02-03T22:40:00.000,I 85,I 85 and Flat Shhoals Rd,,Sideswipe-Same Direction,2,Clear,Dry,Dark-Not Lighted
2024-12-04T19:07:00.000,I 85,I 85 and Flat Shaols,,Angle Crash,2,Clear,Dry,Dark-Lighted
2021-10-10T18:01:00.000,I 85,I 85 and Flat Crk,,Rear End,2,Clear,Dry,Daylight
2022-04-11T20:13:00.000,I 85,I 85 and Flat Crk,,Rear End,2,Cloudy,Dry,Dark-Not Lighted
2023-10-04T08:35:00.000,I 85,I 85 and Flat  Shoals Rd,,Rear End,2,Clear,Dry,Daylight
2024-02-22T23:34:00.000,I 85,I 85 and Flat  Shoals Rd,,Sideswipe-Same Direction,2,Clear,Dry,Dark-Not Lighted
2021-11-18T09:00:00.000,I 85,I 85 and Fisher Trl,,Sideswipe-Same Direction,2,Clear,Dry,Daylight
2023-05-22T02:26:00.000,I 85,I 85 and Fisher Trl,,Sideswipe-Same Direction,2,Clear,Dry,Dark-Not Lighted
2021-04-23T12:28:00.000,I 85,I 85 and Fifth St Opas,,Rear End,3,Clear,Dry,Daylight
2021-03-22T12:30:00.000,I 85,I 85 and Fifth St Opas,,Rear End,2,Clear,Dry,Daylight
2020-03-24T11:14:00.000,I 85,I 85 and Fifth St Opas,,Angle Crash,6,Rain,Wet,Daylight
2021-05-26T19:09:00.000,I 85,I 85 and Fifth St Opas,,Rear End,3,Clear,Dry,Daylight
2021-04-27T16:48:00.000,I 85,I 85 and Fifth St,,Rear End,2,Clear,Dry,Daylight
2021-02-10T14:48:00.000,I 85,I 85 and Fifth St,,Sideswipe-Same Direction,2,Clear,Dry,Daylight
2020-07-08T19:48:00.000,I 85,I 85 and Fifth St,,Rear End,4,Cloudy,Dry,Daylight
2020-05-13T15:51:00.000,I 85,I 85 and Fifth St,,Rear End,4,Clear,Dry,Daylight
2021-05-21T09:55:00.000,I 85,I 85 and Fifth St,,Rear End,2,Clear,Dry,Daylight
2021-07-09T16:43:00.000,I 85,I 85 and Fifth St,,Sideswipe-Same Direction,2,Cloudy,Wet,Daylight
2020-12-24T16:27:00.000,I 85,I 85 and Feldwood Rd,,Rear End,2,Clear,Wet,Daylight
2023-08-11T08:52:00.000,I 85,I 85 and Fayetteville Rd.,,Not a Collision with Motor Vehicle,1,Severe Thunderstorm or Tornadic,Water (standing or moving),Dark-Lighted
2020-03-02T16:18:00.000,I 85,I 85 and Fayetteville Rd Brg,,Not a Collision with Motor Vehicle,1,Rain,Wet,Daylight
2020-02-25T08:02:00.000,I 85,I 85 and Fayetteville Rd Brg,,Rear End,2,Cloudy,Dry,Daylight
2020-02-20T13:22:00.000,I 85,I 85 and Fayetteville Rd Brg,,Not a Collision with Motor Vehicle,1,Rain,Wet,Daylight
2021-11-12T11:18:00.000,I 85,I 85 and Fayetteville Rd,,Sideswipe-Same Direction,2,Clear,Dry,Daylight
2021-09-20T07:15:00.000,I 85,I 85 and Fayetteville Rd,,Angle Crash,2,Rain,Wet,Daylight
2021-09-18T22:00:00.000,I 85,I 85 and Fayetteville Rd,,Not a Collision with Motor Vehicle,1,Rain,Wet,Dark-Lighted
2021-12-08T07:00:00.000,I 85,I 85 and Fayetteville Rd,,Rear End,2,Rain,Wet,Dark-Lighted
2021-04-24T14:30:00.000,I 85,I 85 and Fayetteville Rd,,Rear End,2,Clear,Dry,Daylight
2021-06-15T16:10:00.000,I 85,I 85 and Fayetteville Rd,,Rear End,2,Clear,Dry,Daylight
2021-02-06T01:55:00.000,I 85,I 85 and Fayetteville Rd,,Rear End,2,Clear,Dry,Dark-Not Lighted
2021-06-29T22:57:00.000,I 85,I 85 and Fayetteville Rd,,Rear End,2,Clear,Dry,Dark-Lighted
2021-03-16T17:55:00.000,I 85,I 85 and Fayetteville Rd,,Rear End,2,Cloudy,Wet,Daylight
2021-04-26T01:04:00.000,I 85,I 85 and Fayetteville Rd,,Rear End,2,Clear,Dry,Dark-Lighted
2021-09-20T12:25:00.000,I 85,I 85 and Fayetteville Rd,,Rear End,2,Rain,Wet,Daylight
2021-09-29T17:38:00.000,I 85,I 85 and Fayetteville Rd,,Rear End,2,Clear,Dry,Daylight
2021-09-02T16:58:00.000,I 85,I 85 and Fayetteville Rd,,Sideswipe-Same Direction,2,Clear,Dry,Daylight
2021-06-16T09:10:00.000,I 85,I 85 and Fayetteville Rd,,Rear End,2,Clear,Dry,Daylight
2021-06-12T08:15:00.000,I 85,I 85 and Fayetteville Rd,,Not a Collision with Motor Vehicle,2,Clear,Dry,Daylight
2021-01-26T07:16:00.000,I 85,I 85 and Fayetteville Rd,,(None),2,(None),(None),(None)
2021-08-03T19:00:00.000,I 85,I 85 and Fayetteville Rd,,Head On,1,Rain,Wet,Dusk
2021-09-20T07:00:00.000,I 85,I 85 and Fayetteville Rd,,Not a Collision with Motor Vehicle,1,Rain,Wet,Dark-Lighted
2021-12-09T21:38:00.000,I 85,I 85 and Fayetteville Rd,,Sideswipe-Same Direction,1,Clear,Dry,Dark-Lighted
2021-09-14T17:15:00.000,I 85,I 85 and Fayetteville Rd,,Sideswipe-Same Direction,1,Clear,Dry,Daylight
2021-02-22T22:38:00.000,I 85,I 85 and Fayetteville Rd,,Sideswipe-Same Direction,2,Clear,Dry,Dawn
2023-08-16T15:44:00.000,I 85,I 85 and Fayetteville Rd,,Rear End,2,Cloudy,Dry,Daylight
2023-05-16T18:07:00.000,I 85,I 85 and Fayetteville Rd,,Not a Collision with Motor Vehicle,1,Rain,Wet,Daylight
2023-09-16T10:35:00.000,I 85,I 85 and Fayetteville Rd,,Not a Collision with Motor Vehicle,1,Rain,Wet,Dark-Lighted
2023-09-28T18:30:00.000,I 85,I 85 and Fayetteville Rd,,Rear End,2,Clear,Dry,Daylight
2023-05-21T01:03:00.000,I 85,I 85 and Fayetteville Rd,,Not a Collision with Motor Vehicle,1,Rain,Wet,Dark-Not Lighted
2023-03-17T15:34:00.000,I 85,I 85 and Fayetteville Rd,,Not a Collision with Motor Vehicle,1,Rain,Wet,Daylight
2023-08-17T15:40:00.000,I 85,I 85 and Fayetteville Rd,,Rear End,2,Cloudy,Dry,Daylight
2022-11-24T20:22:00.000,I 85,I 85 and Fayetteville Rd,,Rear End,2,Clear,Dry,Dark-Not Lighted
2020-11-03T07:14:00.000,I 85,I 85 and Fayetteville Rd,,Sideswipe-Same Direction,2,Clear,Dry,Dawn
2020-07-09T08:50:00.000,I 85,I 85 and Fayetteville Rd,,Angle Crash,2,Clear,Dry,Daylight
2020-11-29T19:10:00.000,I 85,I 85 and Fayetteville Rd,,Rear End,4,Rain,Wet,Dark-Not Lighted
2020-07-13T23:53:00.000,I 85,I 85 and Fayetteville Rd,,Not a Collision with Motor Vehicle,1,Cloudy,Dry,Dark-Lighted
2020-01-03T20:08:00.000,I 85,I 85 and Fayetteville Rd,,Sideswipe-Same Direction,3,Cloudy,Wet,Dark-Not Lighted
2020-09-24T13:20:00.000,I 85,I 85 and Fayetteville Rd,,Sideswipe-Same Direction,2,Rain,Wet,Daylight
2020-01-02T15:10:00.000,I 85,I 85 and Fayetteville Rd,,Sideswipe-Opposite Direction,3,Rain,Wet,Daylight
2020-04-09T05:40:00.000,I 85,I 85 and Fayetteville Rd,,Not a Collision with Motor Vehicle,1,Rain,Wet,Dark-Lighted
2020-01-24T15:35:00.000,I 85,I 85 and Fayetteville Rd,,Sideswipe-Same Direction,2,Cloudy,Dry,Daylight
2020-10-05T05:00:00.000,I 85,I 85 and Fayetteville Rd,,Not a Collision with Motor Vehicle,1,Clear,Dry,Dark-Lighted
2020-03-10T05:10:00.000,I 85,I 85 and Fayetteville Rd,,Not a Collision with Motor Vehicle,1,Clear,Dry,Dark-Not Lighted
2020-03-12T17:36:00.000,I 85,I 85 and Fayetteville Rd,,Angle Crash,2,Clear,Dry,Daylight
2020-10-30T13:07:00.000,I 85,I 85 and Fayetteville Rd,,Rear End,2,Clear,Dry,Daylight
2020-02-19T16:50:00.000,I 85,I 85 and Fayetteville Rd,,Rear End,2,Cloudy,Dry,Daylight
2020-07-02T17:30:00.000,I 85,I 85 and Fayetteville Rd,,(None),2,(None),(None),(None)
2020-02-20T12:20:00.000,I 85,I 85 and Fayetteville Rd,,Sideswipe-Same Direction,2,Rain,Wet,Daylight
2020-03-14T10:55:00.000,I 85,I 85 and Fayetteville Rd,,Rear End,2,Clear,Dry,Daylight
2020-07-03T17:39:00.000,I 85,I 85 and Fayetteville Rd,,Sideswipe-Same Direction,2,Clear,Dry,Daylight
2021-02-24T16:45:00.000,I 85,I 85 and Fayetteville Rd,,Rear End,2,Clear,Dry,Daylight
2021-06-29T16:45:00.000,I 85,I 85 and Fayetteville Rd,,Sideswipe-Same Direction,2,Clear,Dry,Daylight
2021-05-21T07:14:00.000,I 85,I 85 and Fayetteville Rd,,Rear End,2,Clear,Dry,Daylight
2021-12-03T18:15:00.000,I 85,I 85 and Fayetteville Rd,,Rear End,2,Clear,Dry,Dark-Not Lighted
2021-12-08T07:00:00.000,I 85,I 85 and Fayetteville Rd,,Rear End,2,Clear,Wet,Dark-Not Lighted
2021-08-17T10:00:00.000,I 85,I 85 and Fayetteville Rd,,Sideswipe-Same Direction,2,Rain,Wet,Daylight
2021-09-21T11:00:00.000,I 85,I 85 and Fayetteville Rd,,(None),2,(None),(None),(None)
2021-08-03T19:14:00.000,I 85,I 85 and Fayetteville Rd,,Head On,1,Rain,Wet,Dusk
2021-09-16T00:07:00.000,I 85,I 85 and Fayetteville Rd,,Sideswipe-Same Direction,2,Rain,Wet,Dark-Not Lighted
2021-08-17T04:53:00.000,I 85,I 85 and Fayetteville Rd,,Not a Collision with Motor Vehicle,1,Rain,Wet,Dark-Not Lighted
2022-08-15T17:50:00.000,I 85,I 85 and Fayetteville Rd,,Not a Collision with Motor Vehicle,1,Rain,Wet,Daylight
2021-12-07T07:57:00.000,I 85,I 85 and Fayetteville Rd,,Rear End,2,Clear,Dry,Daylight
2021-07-25T19:45:00.000,I 85,I 85 and Fayetteville Rd,,Not a Collision with Motor Vehicle,1,Rain,Wet,Daylight
2021-09-17T17:58:00.000,I 85,I 85 and Fayetteville Rd,,Head On,4,Clear,Dry,Daylight
2022-08-15T14:53:00.000,I 85,I 85 and Fayetteville Rd,,Rear End,2,Clear,Dry,Daylight
2022-08-21T23:40:00.000,I 85,I 85 and Fayetteville Rd,,Angle Crash,2,Rain,Wet,Dark-Not Lighted
2022-11-29T22:19:00.000,I 85,I 85 and Fayetteville Rd,,Not a Collision with Motor Vehicle,1,Rain,Wet,Dark-Not Lighted
2022-12-26T15:35:00.000,I 85,I 85 and Fayetteville Rd,,Sideswipe-Same Direction,2,Clear,Dry,Daylight
2022-08-19T07:36:00.000,I 85,I 85 and Fayetteville Rd,,(None),2,(None),(None),(None)
2022-11-03T14:50:00.000,I 85,I 85 and Fayetteville Rd,,Sideswipe-Same Direction,2,Clear,Dry,Daylight
2021-09-08T06:15:00.000,I 85,I 85 and Fayetteville Rd,,Sideswipe-Same Direction,2,Cloudy,Wet,Dark-Not Lighted
2021-10-05T09:25:00.000,I 85,I 85 and Fayetteville Rd,,Sideswipe-Same Direction,2,Rain,Wet,Daylight
2021-11-02T12:20:00.000,I 85,I 85 and Fayetteville Rd,,Sideswipe-Same Direction,4,Clear,Dry,Daylight
2021-09-16T05:29:00.000,I 85,I 85 and Fayetteville Rd,,Not a Collision with Motor Vehicle,1,Rain,Wet,Dawn
2022-03-27T13:19:00.000,I 85,I 85 and Fayetteville Rd,,Sideswipe-Same Direction,3,Clear,Dry,Daylight
2022-08-12T13:27:00.000,I 85,I 85 and Fayetteville Rd,,Rear End,2,Clear,Dry,Daylight
2022-11-12T14:15:00.000,I 85,I 85 and Fayetteville Rd,,Sideswipe-Same Direction,2,Cloudy,Dry,Daylight
2022-10-18T07:20:00.000,I 85,I 85 and Fayetteville Rd,,Rear End,4,Clear,Dry,Daylight
2022-09-30T07:25:00.000,I 85,I 85 and Fayetteville Rd,,Sideswipe-Same Direction,2,Cloudy,Dry,Daylight
2022-05-05T11:40:00.000,I 85,I 85 and Fayetteville Rd,,Rear End,2,Clear,Dry,Daylight
2022-08-10T00:05:00.000,I 85,I 85 and Fayetteville Rd,,Not a Collision with Motor Vehicle,1,Rain,Wet,Dark-Not Lighted
2022-12-19T21:56:00.000,I 85,I 85 and Fayetteville Rd,,Rear End,2,Clear,Dry,Dark-Lighted
2022-08-20T02:40:00.000,I 85,I 85 and Fayetteville Rd,,Not a Collision with Motor Vehicle,1,Clear,Dry,Dark-Not Lighted
2022-10-12T16:35:00.000,I 85,I 85 and Fayetteville Rd,,Rear End,3,Rain,Wet,Daylight
2022-01-13T18:55:00.000,I 85,I 85 and Fayetteville Rd,,Rear End,3,Clear,Dry,Dusk
2022-05-13T18:14:00.000,I 85,I 85 and Fayetteville Rd,,Rear End,3,Clear,Dry,Daylight
2022-01-05T11:02:00.000,I 85,I 85 and Fayetteville Rd,,Not a Collision with Motor Vehicle,1,Clear,Dry,Daylight
2022-09-14T13:20:00.000,I 85,I 85 and Fayetteville Rd,,Rear End,2,Clear,Dry,Daylight
2022-10-30T23:50:00.000,I 85,I 85 and Fayetteville Rd,,Sideswipe-Same Direction,2,Rain,Wet,Dark-Not Lighted
2022-03-20T08:40:00.000,I 85,I 85 and Fayetteville Rd,,Sideswipe-Same Direction,2,Clear,Dry,Daylight
2022-07-04T16:45:00.000,I 85,I 85 and Fayetteville Rd,,Rear End,2,Rain,Wet,Daylight
2024-07-24T18:35:00.000,I 85,I 85 and Fayetteville Rd,,Angle Crash,2,Rain,Wet,Dark-Lighted
2024-06-26T17:16:00.000,I 85,I 85 and Fayetteville Rd,,Rear End,2,Clear,Dry,Daylight
2024-09-06T16:28:00.000,I 85,I 85 and Fayetteville Rd,,Rear End,2,Cloudy,Wet,Daylight
2023-06-11T09:10:00.000,I 85,I 85 and Fayetteville Rd,,Not a Collision with Motor Vehicle,1,Rain,Wet,Daylight
2023-02-24T15:51:00.000,I 85,I 85 and Fayetteville Rd,,Not a Collision with Motor Vehicle,1,Rain,Wet,Daylight
2023-05-22T19:10:00.000,I 85,I 85 and Fayetteville Rd,,Angle Crash,2,Rain,Wet,Daylight
2023-05-11T12:30:00.000,I 85,I 85 and Fayetteville Rd,,Not a Collision with Motor Vehicle,1,Cloudy,Dry,Daylight
2023-05-26T19:38:00.000,I 85,I 85 and Fayetteville Rd,,Rear End,2,Clear,Dry,Daylight
2024-09-18T18:37:00.000,I 85,I 85 and Fayetteville Rd,,Sideswipe-Same Direction,2,Clear,Dry,Daylight
2024-10-03T08:30:00.000,I 85,I 85 and Fayetteville Rd,,Rear End,2,Clear,Dry,Daylight
2024-09-26T13:55:00.000,I 85,I 85 and Fayetteville Rd,,Rear End,2,Rain,Wet,Daylight
2024-11-02T20:15:00.000,I 85,I 85 and Fayetteville Rd,,Not a Collision with Motor Vehicle,1,Clear,Dry,Dark-Not Lighted
2024-09-16T16:55:00.000,I 85,I 85 and Fayetteville Rd,,Rear End,3,Clear,Dry,Daylight
2021-11-03T22:26:00.000,I 85,I 85 and Fayeteville Rd,,Rear End,2,Clear,Dry,Dark-Not Lighted
2020-04-19T19:29:00.000,I 85,I 85 and Fairdrive Opas,,Sideswipe-Same Direction,2,Rain,Wet,Dark-Lighted
2020-01-23T09:49:00.000,I 85,I 85 and Fairburn Peachtree City,,Sideswipe-Same Direction,2,Rain,Wet,Daylight
2023-10-16T07:55:00.000,I 85,I 85 and Fairburn Industrial Blvd   Senoia Rd Int,,Rear End,2,Clear,Dry,Daylight
2020-07-16T15:04:00.000,I 85,I 85 and Fairburn Industrial Blvd,,(None),2,(None),(None),(None)
2021-05-17T11:54:00.000,I 85,I 85 and Fair Drive Opas,,Sideswipe-Same Direction,2,Cloudy,Dry,Daylight
2021-05-14T16:41:00.000,I 85,I 85 and Fair Drive Opas,,Sideswipe-Same Direction,2,Clear,Dry,Daylight
2021-03-24T14:10:00.000,I 85,I 85 and Fair Drive Opas,,Rear End,2,Cloudy,Dry,Daylight
2021-02-12T18:56:00.000,I 85,I 85 and Fair Drive Opas,,Rear End,2,Cloudy,Dry,Dark-Lighted
2020-11-24T12:46:00.000,I 85,I 85 and Fair Drive Opas,,Sideswipe-Same Direction,2,Clear,Dry,Daylight
2020-12-10T18:18:00.000,I 85,I 85 and Fair Drive Opas,,Rear End,2,Clear,Dry,Dark-Lighted
2020-10-01T18:15:00.000,I 85,I 85 and Fair Drive Opas,,Rear End,2,Clear,Dry,Daylight
2020-01-28T08:56:00.000,I 85,I 85 and Fair Drive Opas,,Rear End,2,Clear,Dry,Daylight
2020-02-11T18:33:00.000,I 85,I 85 and Fair Drive Opas,,Angle Crash,2,Rain,Wet,Daylight
2020-10-01T18:15:00.000,I 85,I 85 and Fair Drive Opas,,Rear End,2,Clear,Dry,Daylight
2020-03-03T06:51:00.000,I 85,I 85 and Fair Drive Opas,,Rear End,2,Cloudy,Wet,Daylight
2020-02-11T19:23:00.000,I 85,I 85 and Fair Drive Opas,,Sideswipe-Same Direction,3,Rain,Wet,Daylight
2020-09-11T06:45:00.000,I 85,I 85 and Fair Drive Opas,,Rear End,2,Cloudy,Dry,Daylight
2020-11-23T19:11:00.000,I 85,I 85 and Fair Drive Opas,,Rear End,2,Clear,Dry,Dark-Lighted
2020-02-12T07:34:00.000,I 85,I 85 and Fair Drive Opas,,Rear End,2,Cloudy,Dry,Dark-Not Lighted
2021-09-16T14:00:00.000,I 85,I 85 and Fair Drive Opas,,Rear End,3,Rain,Wet,Daylight
2021-07-27T18:59:00.000,I 85,I 85 and Fair Drive Opas,,Angle Crash,2,Rain,Wet,Daylight
2021-01-29T16:24:00.000,I 85,I 85 and Fair Dr Opas,,Sideswipe-Same Direction,2,Clear,Dry,Daylight
2020-10-09T19:47:00.000,I 85,I 85 and Fair Dr Opas,,Rear End,2,Cloudy,Wet,Dark-Lighted
2020-10-29T09:59:00.000,I 85,I 85 and Fair Dr Opas,,Sideswipe-Same Direction,2,Cloudy,Wet,Daylight
2020-02-06T17:19:00.000,I 85,I 85 and Fair Dr Opas,,Rear End,2,Rain,Wet,Daylight
2020-08-21T06:07:00.000,I 85,I 85 and Fair Dr Opas,,Rear End,2,Clear,Wet,Dark-Not Lighted
2020-02-07T16:23:00.000,I 85,I 85 and Fair Dr Opas,,Sideswipe-Same Direction,2,Clear,Dry,Daylight
2020-08-17T10:29:00.000,I 85,I 85 and Fair Dr Opas,,Sideswipe-Same Direction,2,Clear,Dry,Daylight
2020-07-31T18:49:00.000,I 85,I 85 and Fair Dr Opas,,Sideswipe-Same Direction,2,Clear,Dry,Daylight
2021-01-22T09:43:00.000,I 85,I 85 and Fair Dr Opas,,Not a Collision with Motor Vehicle,1,Clear,Wet,Daylight
2021-04-30T16:11:00.000,I 85,I 85 and Fair Dr Opas,,Rear End,2,Clear,Dry,Daylight
2021-06-30T06:32:00.000,I 85,I 85 and Fair Dr Opas,,Rear End,2,Clear,Dry,Daylight
2021-04-30T18:23:00.000,I 85,I 85 and Fair Dr,,Sideswipe-Same Direction,2,Clear,Dry,Daylight
2021-06-15T09:55:00.000,I 85,I 85 and Fair Dr,,Sideswipe-Same Direction,2,Clear,Dry,Daylight
2021-08-11T13:55:00.000,I 85,I 85 and Fair Dr,,Rear End,3,Rain,Wet,Daylight
2021-06-04T14:40:00.000,I 85,I 85 and Fair Dr,,Rear End,2,Cloudy,Dry,Daylight
2021-03-31T08:53:00.000,I 85,I 85 and Fair Dr,,Rear End,2,Clear,Dry,Daylight
2021-05-21T10:20:00.000,I 85,I 85 and Fair Dr,,Sideswipe-Same Direction,2,Clear,Dry,Daylight
2021-03-31T07:59:00.000,I 85,I 85 and Fair Dr,,Sideswipe-Same Direction,3,Cloudy,Wet,Daylight
2020-08-25T15:34:00.000,I 85,I 85 and Fair Dr,,Rear End,2,Rain,Wet,Daylight
2020-01-13T06:51:00.000,I 85,I 85 and Fair Dr,,Sideswipe-Same Direction,2,Rain,Wet,Dark-Lighted
2020-03-10T17:24:00.000,I 85,I 85 and Fair Dr,,Sideswipe-Same Direction,2,Clear,Dry,Daylight
2020-03-09T07:25:00.000,I 85,I 85 and Fair Dr,,Rear End,2,Clear,Dry,Daylight
2020-02-18T06:47:00.000,I 85,I 85 and Fair Dr,,Sideswipe-Same Direction,2,Rain,Wet,Daylight
2020-02-11T19:25:00.000,I 85,I 85 and Fair Dr,,Rear End,2,Rain,Wet,Dark-Lighted
2020-09-21T14:46:00.000,I 85,I 85 and Fair Dr,,Sideswipe-Same Direction,2,Clear,Dry,Daylight
2020-01-14T06:45:00.000,I 85,I 85 and Fair Dr,,Rear End,2,Cloudy,Wet,Dark-Lighted
2020-05-01T09:40:00.000,I 85,I 85 and Fair Dr,,Not a Collision with Motor Vehicle,2,Clear,Dry,Daylight
2020-01-03T16:31:00.000,I 85,I 85 and Fair Dr,,Rear End,2,Cloudy,Wet,Daylight
2021-06-15T11:45:00.000,I 85,I 85 and Fair Dr,,Not a Collision with Motor Vehicle,1,Clear,Dry,Daylight
2021-03-22T00:40:00.000,I 85,I 85 and Fair Dr,,Rear End,2,Cloudy,Dry,Dark-Lighted
2021-08-17T14:34:00.000,I 85,I 85 and Fair Dr,,Rear End,2,Cloudy,Wet,Daylight
2020-06-16T07:20:00.000,I 85,I 85 and Ext 51 Off Rp,,Not a Collision with Motor Vehicle,1,Clear,Dry,Daylight
2021-02-06T21:50:00.000,I 85,I 85 and Ext 173 Hwy 17,,Not a Collision with Motor Vehicle,1,Snow,Snow,Dark-Not Lighted
2021-02-06T21:15:00.000,I 85,I 85 and Ext 173 Hwy 17,,Not a Collision with Motor Vehicle,1,Snow,Ice/Frost,Dark-Not Lighted
2023-06-01T15:00:00.000,I 85,I 85 and Ext 115,,Sideswipe-Same Direction,2,Clear,Dry,Daylight
2021-04-02T06:20:00.000,I 85,I 85 and Exit To Williams St,,Rear End,3,Clear,Dry,Dark-Lighted
2024-05-21T05:55:00.000,I 85,I 85 and Exit To Sr13,,Rear End,2,Clear,Dry,Dark-Lighted
2021-01-05T11:54:00.000,I 85,I 85 and Exit To Martin Luther King Jr,,Rear End,2,Clear,Dry,Daylight
2024-01-01T06:50:00.000,I 85,I 85 and Exit To I75,,Sideswipe-Same Direction,2,Clear,Dry,Dawn
2022-12-26T11:34:00.000,I 85,I 85 and Exit To I285,,Rear End,3,Clear,Dry,Daylight
2023-04-29T02:26:00.000,I 85,I 85 and Exit Rp From 285,,Angle Crash,2,Clear,Dry,Dark-Not Lighted
2023-02-10T03:35:00.000,I 85,I 85 and Exit Ramp To Steve Reynolds Blvd,,Not a Collision with Motor Vehicle,1,Clear,Dry,Dark-Not Lighted
2021-03-16T13:08:00.000,I 85,I 85 and Exit Ramp To Mlk Jr Dr,,Rear End,2,Rain,Wet,Daylight
2020-01-06T19:03:00.000,I 85,I 85 and Exit Ramp To Martin Luther Kin,,Rear End,2,Clear,Dry,Dark-Lighted