Date and Time,Roadway (From Crash Report),Intersection Name (from Crash Report),KABCO Severity,Manner of Collision (Crash Level) ,# of Vehicles per crash ,Weather Conditions (Crash Level),Surface Condition (Crash Level) ,Light Conditions (Crash Level)
2020-01-17T19:10:00.000,I 85,I 85 and Exit Ramp To Martin Luther Kin,,Rear End,2,Clear,Dry,Dark-Lighted
2020-10-19T12:15:00.000,I 85,I 85 and Exit Ramp To Martin Luther Kin,,Rear End,2,Clear,Dry,Daylight
2020-08-20T10:15:00.000,I 85,I 85 and Exit Ramp To Martin Luther Kin,,Sideswipe-Same Direction,2,Clear,Dry,Daylight
2020-06-10T14:01:00.000,I 85,I 85 and Exit Ramp To Martin Luther Kin,,Rear End,2,Rain,Wet,Daylight
2020-11-05T18:40:00.000,I 85,I 85 and Exit Ramp To Martin Luther Kin,,Rear End,3,Cloudy,Dry,Dark-Lighted
2021-01-27T07:10:00.000,I 85,I 85 and Exit Ramp To Lenox Rd,,Rear End,2,Rain,Wet,Dark-Not Lighted
2024-09-23T21:38:00.000,I 85,I 85 and Exit Ramp To Indian Tral Lilburn Rd,,Sideswipe-Same Direction,2,Clear,Dry,Dark-Lighted
2020-08-24T09:30:00.000,I 85,I 85 and Exit Ramp To Fulton St,,Not a Collision with Motor Vehicle,4,Cloudy,Wet,Daylight
2020-01-14T16:26:00.000,I 85,I 85 and Exit Ramp To Freedom Pkwy,,Rear End,2,Rain,Wet,Daylight
2020-05-27T15:35:00.000,I 85,I 85 and Exit Ramp To Edgewood Ave,,Rear End,2,Cloudy,Dry,Daylight
2020-01-07T07:44:00.000,I 85,I 85 and Exit Ramp To Edgewood Ave,,Rear End,2,Clear,Wet,Daylight
2020-07-13T08:25:00.000,I 85,I 85 and Exit Ramp To Edgewood Ave,,Rear End,2,Clear,Dry,Daylight
2020-09-17T12:25:00.000,I 85,I 85 and Exit Ramp To Edgewood Ave,,Angle Crash,2,Cloudy,Wet,Daylight
2020-09-08T18:45:00.000,I 85,I 85 and Exit Ramp To Cleveland Ave,,Sideswipe-Same Direction,2,Clear,Dry,Daylight
2020-11-25T09:02:00.000,I 85,I 85 and Exit Ramp To Cleveland Ave,,Sideswipe-Same Direction,2,Cloudy,Dry,Daylight
2021-12-30T17:45:00.000,I 85,I 85 and Exit Ramp To Cheshire Br Rd,,Sideswipe-Same Direction,2,Cloudy,Wet,Dark-Lighted
2024-02-03T19:15:00.000,I 85,I 85 and Exit Ramp Indian Trail Rd,,Rear End,2,Clear,Dry,Dark-Not Lighted
2020-11-22T06:11:00.000,I 85,I 85 and Exit Ramp Indian Trail Lilburn Rd,,Not a Collision with Motor Vehicle,1,Clear,Dry,Dark-Lighted
2020-09-26T14:16:00.000,I 85,I 85 and Exit Ramp Exit 28,,Not a Collision with Motor Vehicle,1,Clear,Dry,Daylight
2022-02-07T12:10:00.000,I 85,I 85 and Exit Ramp 41,,Sideswipe-Same Direction,2,Cloudy,Dry,Daylight
2020-09-13T17:18:00.000,I 85,I 85 and Exit Ramp 28,,Rear End,3,Cloudy,Dry,Daylight
2022-07-01T14:02:00.000,I 85,I 85 and Exit Ramp 21 To I185,,Not a Collision with Motor Vehicle,3,Rain,Wet,Daylight
2023-07-05T12:50:00.000,I 85,I 85 and Exit Ramp 173,,Rear End,2,Cloudy,Dry,Daylight
2023-07-25T04:15:00.000,I 85,I 85 and Exit Ramp 164,,Sideswipe-Opposite Direction,2,Clear,Dry,Dark-Not Lighted
2022-12-11T19:00:00.000,I 85,I 85 and Exit Ramp 137,,Rear End,2,Cloudy,Wet,Dark-Not Lighted
2020-11-16T16:28:00.000,I 85,I 85 and Exit Ramp 13,,Sideswipe-Same Direction,2,Clear,Dry,Daylight
2023-12-19T07:08:00.000,I 85,I 85 and Exit Ramp   Sugarloaf Pkwy,,Rear End,2,Clear,Dry,Daylight
2021-12-15T18:05:00.000,I 85,I 85 and Exit Of 137,,Sideswipe-Same Direction,1,Cloudy,Dry,Dark-Not Lighted
2021-03-21T17:42:00.000,I 85,I 85 and Exit 99 Jimmy Carter Blvd,,Rear End,2,Clear,Dry,Daylight
2024-06-24T02:31:00.000,I 85,I 85 and Exit 99 Jimmy Carter Blvd,,Rear End,2,Clear,Dry,Dark-Lighted
2024-12-21T05:20:00.000,I 85,I 85 and Exit 99,,Sideswipe-Same Direction,2,Clear,Dry,Dawn
2023-08-26T17:43:00.000,I 85,I 85 and Exit 96,,Rear End,3,Clear,Dry,Daylight
2023-12-16T23:30:00.000,I 85,I 85 and Exit 96,,Sideswipe-Same Direction,2,Cloudy,Wet,Dark-Lighted
2022-09-28T08:45:00.000,I 85,I 85 and Exit 96,,Angle Crash,2,Clear,Dry,Daylight
2021-12-19T10:34:00.000,I 85,I 85 and Exit 96,,Angle Crash,2,Rain,Wet,Daylight
2023-08-23T00:00:00.000,I 85,I 85 and Exit 96,,Sideswipe-Same Direction,2,Clear,Dry,Daylight
2024-11-13T18:50:00.000,I 85,I 85 and Exit 96,,Sideswipe-Same Direction,2,Cloudy,Dry,Dark-Lighted
2024-06-17T14:20:00.000,I 85,I 85 and Exit 96,,Sideswipe-Same Direction,2,Clear,Dry,Daylight
2024-10-30T19:04:00.000,I 85,I 85 and Exit 96,,Rear End,2,Clear,Dry,Daylight
2024-08-18T00:26:00.000,I 85,I 85 and Exit 96,,Not a Collision with Motor Vehicle,1,Clear,Wet,Dark-Lighted
2024-05-10T15:30:00.000,I 85,I 85 and Exit 96,,Sideswipe-Same Direction,2,Clear,Dry,Daylight
2024-12-14T10:35:00.000,I 85,I 85 and Exit 95B,,Sideswipe-Same Direction,2,Clear,Dry,Daylight
2024-04-03T14:48:00.000,I 85,I 85 and Exit 95B,,Rear End,2,Clear,Dry,Daylight
2024-02-25T18:00:00.000,I 85,I 85 and Exit 95B,,Angle Crash,2,Clear,Dry,Dark-Lighted
2024-10-30T22:00:00.000,I 85,I 85 and Exit 95B,,Rear End,2,Clear,Dry,Dark-Not Lighted
2024-10-17T22:50:00.000,I 85,I 85 and Exit 95B,,Head On,2,Clear,Dry,Dark-Lighted
2024-11-13T20:40:00.000,I 85,I 85 and Exit 95B,,Rear End,2,Rain,Wet,Dark-Lighted
2024-07-26T15:29:00.000,I 85,I 85 and Exit 95B,,Sideswipe-Same Direction,2,Clear,Dry,Daylight
2024-04-30T14:20:00.000,I 85,I 85 and Exit 95B,,Rear End,2,Clear,Dry,Daylight
2023-09-09T13:29:00.000,I 85,I 85 and Exit 95A,,Rear End,3,Clear,Dry,Daylight
2022-03-05T20:06:00.000,I 85,I 85 and Exit 95A,,Sideswipe-Same Direction,2,Clear,Dry,Dark-Lighted
2024-09-01T02:00:00.000,I 85,I 85 and Exit 95A,,Not a Collision with Motor Vehicle,1,Clear,Dry,Dark-Lighted
2023-10-29T06:25:00.000,I 85,I 85 and Exit 95A,,Rear End,2,Clear,Dry,Dark-Lighted
2024-10-24T21:50:00.000,I 85,I 85 and Exit 95A,,Angle Crash,2,Clear,Dry,Dark-Not Lighted
2024-11-14T05:25:00.000,I 85,I 85 and Exit 95A,,Not a Collision with Motor Vehicle,1,Rain,Wet,Dark-Lighted
2024-08-14T14:50:00.000,I 85,I 85 and Exit 95A,,Sideswipe-Same Direction,2,Clear,Dry,Daylight
2024-08-11T04:16:00.000,I 85,I 85 and Exit 95A,,Head On,2,Clear,Dry,Dark-Not Lighted
2024-12-15T11:40:00.000,I 85,I 85 and Exit 95A,,Rear End,2,Clear,Dry,Daylight
2023-12-27T19:18:00.000,I 85,I 85 and Exit 94,,Rear End,2,Clear,Dry,Dark-Not Lighted
2022-01-28T16:00:00.000,I 85,I 85 and Exit 94,,Angle Crash,2,Clear,Dry,Daylight
2024-04-08T20:20:00.000,I 85,I 85 and Exit 94,,Not a Collision with Motor Vehicle,1,Clear,Dry,Daylight
2024-06-15T00:35:00.000,I 85,I 85 and Exit 94,,Not a Collision with Motor Vehicle,1,Clear,Dry,Dark-Not Lighted
2024-11-17T01:00:00.000,I 85,I 85 and Exit 94,,Not a Collision with Motor Vehicle,1,Clear,Dry,Dark-Lighted
2024-09-18T05:30:00.000,I 85,I 85 and Exit 94,,Angle Crash,3,Clear,Dry,Dark-Not Lighted
2024-01-29T17:50:00.000,I 85,I 85 and Exit 94,,Rear End,2,Clear,Dry,Daylight
2024-12-07T18:25:00.000,I 85,I 85 and Exit 94,,Angle Crash,2,Clear,Dry,Dark-Lighted
2024-05-08T17:30:00.000,I 85,I 85 and Exit 94,,Rear End,2,Clear,Dry,Daylight
2023-09-01T16:42:00.000,I 85,I 85 and Exit 93,,Sideswipe-Same Direction,2,Clear,Dry,Daylight
2022-10-24T07:33:00.000,I 85,I 85 and Exit 93,,Angle Crash,3,Clear,Dry,Dawn
2022-11-03T18:25:00.000,I 85,I 85 and Exit 93,,Rear End,2,Clear,Dry,Daylight
2024-04-03T16:50:00.000,I 85,I 85 and Exit 93,,Sideswipe-Same Direction,2,Clear,Dry,Daylight
2024-10-06T03:00:00.000,I 85,I 85 and Exit 93,,Angle Crash,3,Clear,Dry,Dark-Not Lighted
2023-02-03T17:25:00.000,I 85,I 85 and Exit 93,,Rear End,3,Clear,Dry,Daylight
2023-06-29T18:05:00.000,I 85,I 85 and Exit 93,,Angle Crash,2,Clear,Dry,Daylight
2023-03-15T15:20:00.000,I 85,I 85 and Exit 93,,Head On,2,Clear,Dry,Daylight
2024-09-01T05:20:00.000,I 85,I 85 and Exit 93,,Sideswipe-Opposite Direction,2,Clear,Dry,Dark-Lighted
2024-06-02T01:30:00.000,I 85,I 85 and Exit 93,,Rear End,2,Clear,Dry,Dark-Not Lighted
2023-11-21T20:31:00.000,I 85,I 85 and Exit 91,,Rear End,2,Clear,Dry,Dark-Not Lighted
2023-12-19T14:55:00.000,I 85,I 85 and Exit 91,,Angle Crash,2,Clear,Dry,Daylight
2022-03-11T17:08:00.000,I 85,I 85 and Exit 91,,Angle Crash,2,Clear,Dry,Daylight
2023-09-22T15:37:00.000,I 85,I 85 and Exit 91,,Rear End,2,Cloudy,Dry,Daylight
2024-07-16T16:45:00.000,I 85,I 85 and Exit 91,,Rear End,2,Clear,Dry,Daylight
2024-12-29T03:30:00.000,I 85,I 85 and Exit 91,,Not a Collision with Motor Vehicle,1,Rain,Wet,Dark-Lighted
2024-07-29T16:30:00.000,I 85,I 85 and Exit 91,,Not a Collision with Motor Vehicle,1,Rain,Wet,Daylight
2022-02-05T20:45:00.000,I 85,I 85 and Exit 89,,Sideswipe-Same Direction,2,Clear,Dry,Dark-Lighted
2023-05-09T14:27:00.000,I 85,I 85 and Exit 89,,Angle Crash,2,Clear,Dry,Daylight
2024-11-29T15:00:00.000,I 85,I 85 and Exit 89,,Sideswipe-Same Direction,2,Cloudy,Dry,Daylight
2024-01-11T09:10:00.000,I 85,I 85 and Exit 89,,Rear End,3,Clear,Dry,Daylight
2024-01-11T09:30:00.000,I 85,I 85 and Exit 89,,Rear End,2,Clear,Dry,Daylight
2024-03-12T14:55:00.000,I 85,I 85 and Exit 89,,Angle Crash,2,Clear,Dry,Daylight
2024-10-06T01:33:00.000,I 85,I 85 and Exit 89,,Not a Collision with Motor Vehicle,1,Clear,Dry,Dawn
2024-01-10T09:19:00.000,I 85,I 85 and Exit 89,,Rear End,2,Clear,Dry,Daylight
2024-11-24T04:08:00.000,I 85,I 85 and Exit 89,,Sideswipe-Same Direction,2,Clear,Dry,Dark-Lighted
2024-01-14T14:05:00.000,I 85,I 85 and Exit 89,,Angle Crash,2,Clear,Dry,Daylight
2024-07-15T17:12:00.000,I 85,I 85 and Exit 89,,Rear End,4,Other,Wet,Daylight
2024-01-24T07:20:00.000,I 85,I 85 and Exit 89,,Angle Crash,3,Rain,Wet,Dark-Lighted
2024-09-03T04:43:00.000,I 85,I 85 and Exit 89,,Sideswipe-Same Direction,2,Clear,Dry,Dark-Lighted
2024-10-15T09:21:00.000,I 85,I 85 and Exit 89,,Rear End,2,Clear,Dry,Daylight
2022-10-14T20:59:00.000,I 85,I 85 and Exit 88 Brg,,Rear End,2,Clear,Dry,Dark-Lighted
2023-09-27T17:50:00.000,I 85,I 85 and Exit 88,,Rear End,2,Clear,Dry,Daylight
2023-12-13T10:15:00.000,I 85,I 85 and Exit 88,,Rear End,2,Clear,Dry,Daylight
2021-11-12T17:51:00.000,I 85,I 85 and Exit 88,,Sideswipe-Same Direction,2,Clear,Dry,Dark-Lighted
2022-12-20T13:59:00.000,I 85,I 85 and Exit 88,,Rear End,2,Clear,Dry,Dark-Not Lighted
2024-06-13T19:20:00.000,I 85,I 85 and Exit 88,,Sideswipe-Same Direction,2,Clear,Dry,Daylight
2024-10-12T00:15:00.000,I 85,I 85 and Exit 88,,Sideswipe-Same Direction,2,Clear,Dry,Dark-Lighted
2021-11-12T18:00:00.000,I 85,I 85 and Exit 86,,Sideswipe-Same Direction,2,Cloudy,Dry,Dark-Lighted
2023-03-17T12:20:00.000,I 85,I 85 and Exit 85 Rp,,Rear End,3,Rain,Wet,Daylight
2023-09-16T23:27:00.000,I 85,I 85 and Exit 85,,Rear End,2,Cloudy,Dry,Dark-Lighted
2024-02-02T19:44:00.000,I 85,I 85 and Exit 85,,Rear End,2,Cloudy,Dry,Dark-Not Lighted
2023-07-10T08:24:00.000,I 85,I 85 and Exit 85,,Rear End,2,Rain,Wet,Daylight
2024-02-02T04:01:00.000,I 85,I 85 and Exit 85,,Rear End,2,Cloudy,Dry,Dark-Not Lighted
2024-02-02T20:41:00.000,I 85,I 85 and Exit 85,,Rear End,2,Cloudy,Dry,Dark-Not Lighted
2020-02-25T08:40:00.000,I 85,I 85 and Exit 84,,Sideswipe-Same Direction,2,Clear,Dry,Daylight
2020-04-30T02:00:00.000,I 85,I 85 and Exit 79,,Not a Collision with Motor Vehicle,1,Rain,Wet,Dark-Not Lighted
2021-03-08T06:37:00.000,I 85,I 85 and Exit 77 Metropolitan Pkwy,,Sideswipe-Same Direction,2,Clear,Dry,Daylight
2020-03-28T13:34:00.000,I 85,I 85 and Exit 75 Sylvan Rd,,Not a Collision with Motor Vehicle,1,Clear,Dry,Daylight
2023-04-28T16:55:00.000,I 85,I 85 and Exit 75,,Rear End,2,Clear,Dry,Daylight
2023-10-20T08:00:00.000,I 85,I 85 and Exit 75,,Rear End,2,Clear,Dry,Daylight
2022-06-24T20:00:00.000,I 85,I 85 and Exit 75,,Rear End,2,Cloudy,Dry,Dark-Not Lighted
2022-02-04T00:32:00.000,I 85,I 85 and Exit 75,,Sideswipe-Same Direction,3,Rain,Wet,Dark-Lighted
2022-02-18T12:00:00.000,I 85,I 85 and Exit 75,,Sideswipe-Same Direction,2,Clear,Dry,Daylight
2022-01-06T17:40:00.000,I 85,I 85 and Exit 75,,Rear End,2,Rain,Wet,Dark-Not Lighted
2021-12-29T11:11:00.000,I 85,I 85 and Exit 75,,Not a Collision with Motor Vehicle,1,Rain,Wet,Daylight
2022-02-04T00:30:00.000,I 85,I 85 and Exit 75,,Rear End,2,Rain,Wet,Dark-Lighted
2024-10-02T13:00:00.000,I 85,I 85 and Exit 75,,Sideswipe-Same Direction,2,Clear,Dry,Daylight
2024-12-23T00:00:00.000,I 85,I 85 and Exit 75,,Sideswipe-Same Direction,2,Clear,Dry,Daylight
2023-02-17T01:34:00.000,I 85,I 85 and Exit 75,,Sideswipe-Same Direction,2,Rain,Wet,Dark-Lighted
2023-10-10T09:51:00.000,I 85,I 85 and Exit 75,,Not a Collision with Motor Vehicle,1,Clear,Dry,Daylight
2023-11-17T17:55:00.000,I 85,I 85 and Exit 75,,Rear End,2,Cloudy,Wet,Dark-Lighted
2023-02-13T16:30:00.000,I 85,I 85 and Exit 75,,Sideswipe-Opposite Direction,2,Clear,Dry,Daylight
2023-08-03T17:15:00.000,I 85,I 85 and Exit 75,,Rear End,2,Rain,Wet,Daylight
2024-10-14T17:15:00.000,I 85,I 85 and Exit 75,,Rear End,3,Clear,Dry,Daylight
2024-10-06T16:40:00.000,I 85,I 85 and Exit 75,,Rear End,2,Clear,Dry,Daylight
2024-11-30T15:35:00.000,I 85,I 85 and Exit 75,,Rear End,2,Clear,Dry,Daylight
2024-08-29T15:15:00.000,I 85,I 85 and Exit 75,,Rear End,2,Clear,Dry,Daylight
2024-09-03T15:15:00.000,I 85,I 85 and Exit 75,,Rear End,3,Clear,Dry,Daylight
2024-07-29T14:25:00.000,I 85,I 85 and Exit 75,,Not a Collision with Motor Vehicle,1,Rain,Wet,Daylight
2024-12-28T21:54:00.000,I 85,I 85 and Exit 75,,Sideswipe-Same Direction,2,Rain,Water (standing or moving),Dark-Lighted
2024-07-04T20:20:00.000,I 85,I 85 and Exit 75,,Rear End,2,Rain,Wet,Daylight
2024-02-12T09:24:00.000,I 85,I 85 and Exit 75,,Angle Crash,2,Rain,Wet,Daylight
2023-04-08T05:55:00.000,I 85,I 85 and Exit 74 Virginia Ave,,Not a Collision with Motor Vehicle,1,Clear,Dry,Dark-Lighted
2024-12-13T06:20:00.000,I 85,I 85 and Exit 74 Loop Rd,,Sideswipe-Same Direction,2,Clear,Dry,Dark-Lighted
2023-06-07T17:30:00.000,I 85,I 85 and Exit 74,,Angle Crash,2,Clear,Dry,Daylight
2024-06-02T14:10:00.000,I 85,I 85 and Exit 74,,Rear End,2,Cloudy,Dry,Daylight
2024-07-28T22:15:00.000,I 85,I 85 and Exit 74,,Not a Collision with Motor Vehicle,1,Rain,Wet,Dark-Lighted
2024-02-24T15:04:00.000,I 85,I 85 and Exit 73B,,Angle Crash,2,Clear,Dry,Daylight
2023-07-24T08:10:00.000,I 85,I 85 and Exit 73A,,Rear End,2,Clear,Dry,Daylight
2023-05-12T11:50:00.000,I 85,I 85 and Exit 73A,,Not a Collision with Motor Vehicle,1,Other,Wet,Daylight
2023-03-16T14:45:00.000,I 85,I 85 and Exit 73A,,Sideswipe-Same Direction,2,Clear,Dry,Daylight
2023-01-30T12:50:00.000,I 85,I 85 and Exit 73A,,Sideswipe-Same Direction,2,Cloudy,Wet,Daylight
2023-07-10T07:15:00.000,I 85,I 85 and Exit 73A,,Not a Collision with Motor Vehicle,1,Rain,Wet,Daylight
2022-11-13T04:29:00.000,I 85,I 85 and Exit 73A,,Rear End,2,Clear,Dry,Dark-Lighted
2022-06-07T19:59:00.000,I 85,I 85 and Exit 73A,,Not a Collision with Motor Vehicle,1,Rain,Wet,Dark-Lighted
2022-11-04T13:37:00.000,I 85,I 85 and Exit 73A,,Rear End,2,Clear,Dry,Daylight
2024-03-09T03:56:00.000,I 85,I 85 and Exit 73A,,Not a Collision with Motor Vehicle,1,Clear,Wet,Dark-Lighted
2024-11-12T22:19:00.000,I 85,I 85 and Exit 73A,,Not a Collision with Motor Vehicle,1,Clear,Dry,Dark-Lighted
2024-05-18T18:15:00.000,I 85,I 85 and Exit 73A,,Sideswipe-Same Direction,3,Clear,Dry,Daylight
2023-01-24T14:20:00.000,I 85,I 85 and Exit 73,,Angle Crash,2,Clear,Dry,Daylight
2021-03-13T12:40:00.000,I 85,I 85 and Exit 6Kia Blvd,,Sideswipe-Same Direction,2,Clear,Dry,Daylight
2024-09-22T12:30:00.000,I 85,I 85 and Exit 69A,,Not a Collision with Motor Vehicle,1,Clear,Dry,Daylight
2023-07-19T16:09:00.000,I 85,I 85 and Exit 69,,Sideswipe-Same Direction,2,Clear,Dry,Daylight
2024-03-22T21:10:00.000,I 85,I 85 and Exit 6   Kia Blvd,,Not a Collision with Motor Vehicle,1,Cloudy,Wet,Dark-Lighted
2021-04-24T07:23:00.000,I 85,I 85 and Exit 6,,Not a Collision with Motor Vehicle,1,Rain,Wet,Daylight
2021-10-03T16:25:00.000,I 85,I 85 and Exit 6,,Not a Collision with Motor Vehicle,1,Rain,Wet,Daylight
2021-03-05T14:00:00.000,I 85,I 85 and Exit 6,,Not a Collision with Motor Vehicle,4,Clear,Dry,Daylight
2023-08-30T11:22:00.000,I 85,I 85 and Exit 6,,Angle Crash,2,Cloudy,Dry,Daylight
2023-09-13T09:19:00.000,I 85,I 85 and Exit 6,,Not a Collision with Motor Vehicle,1,Clear,Dry,Daylight
2020-08-11T05:55:00.000,I 85,I 85 and Exit 6,,Not a Collision with Motor Vehicle,1,Clear,Dry,Dark-Not Lighted
2020-07-02T19:15:00.000,I 85,I 85 and Exit 6,,Sideswipe-Same Direction,1,Clear,Dry,Daylight
2020-10-13T06:51:00.000,I 85,I 85 and Exit 6,,Not a Collision with Motor Vehicle,1,Clear,Dry,Dark-Not Lighted
2020-10-13T17:10:00.000,I 85,I 85 and Exit 6,,Sideswipe-Same Direction,2,Clear,Dry,Daylight
2020-09-03T06:10:00.000,I 85,I 85 and Exit 6,,Rear End,6,Clear,Dry,Dark-Not Lighted
2021-02-09T10:08:00.000,I 85,I 85 and Exit 6,,Angle Crash,2,Clear,Dry,Daylight
2022-11-27T12:19:00.000,I 85,I 85 and Exit 6,,Rear End,2,Clear,Dry,Daylight
2022-01-06T11:08:00.000,I 85,I 85 and Exit 6,,Sideswipe-Same Direction,2,Clear,Dry,Daylight
2022-04-23T21:59:00.000,I 85,I 85 and Exit 6,,Rear End,3,Clear,Dry,Dark-Not Lighted
2024-07-21T11:40:00.000,I 85,I 85 and Exit 6,,Head On,1,Rain,Wet,Daylight
2024-09-07T17:26:00.000,I 85,I 85 and Exit 6,,Not a Collision with Motor Vehicle,1,Cloudy,Dry,Daylight
2023-08-02T10:57:00.000,I 85,I 85 and Exit 6,,Sideswipe-Same Direction,2,Clear,Dry,Daylight
2023-11-03T12:51:00.000,I 85,I 85 and Exit 6,,Rear End,2,Clear,Dry,Daylight
2024-05-15T16:05:00.000,I 85,I 85 and Exit 6,,Rear End,2,Clear,Dry,Daylight
2021-03-26T20:20:00.000,I 85,I 85 and Exit 56,,Not a Collision with Motor Vehicle,1,Cloudy,Dry,Dark-Not Lighted
2022-04-15T16:58:00.000,I 85,I 85 and Exit 56,,Sideswipe-Same Direction,2,Cloudy,Dry,Daylight
2023-08-27T18:45:00.000,I 85,I 85 and Exit 56,,Head On,1,Clear,Dry,Daylight
2023-09-14T21:18:00.000,I 85,I 85 and Exit 51 Sharpburg Mccollum Ro,,Not a Collision with Motor Vehicle,1,Clear,Dry,Dark-Not Lighted
2021-05-01T01:20:00.000,I 85,I 85 and Exit 51 Off Rp,,Angle Crash,2,Clear,Dry,Dark-Lighted
2022-03-18T11:05:00.000,I 85,I 85 and Exit 51,,Not a Collision with Motor Vehicle,1,Rain,Wet,Daylight
2022-03-02T11:42:00.000,I 85,I 85 and Exit 47 Off Rp,,Not a Collision with Motor Vehicle,1,Clear,Dry,Daylight
2021-02-21T18:02:00.000,I 85,I 85 and Exit 47,,Not a Collision with Motor Vehicle,1,Clear,Dry,Daylight
2022-03-13T22:45:00.000,I 85,I 85 and Exit 47,,Sideswipe-Same Direction,2,Clear,Dry,Dark-Lighted
2021-03-26T16:30:00.000,I 85,I 85 and Exit 44 To Exit 35,,Not a Collision with Motor Vehicle,1,Cloudy,Dry,Daylight
2024-05-14T08:24:00.000,I 85,I 85 and Exit 44 Poplar Rd,,Not a Collision with Motor Vehicle,1,Cloudy,Dry,Daylight
2021-02-25T17:20:00.000,I 85,I 85 and Exit 44 Entrance Rp,,Angle Crash,2,Clear,Dry,Daylight
2020-04-24T13:27:00.000,I 85,I 85 and Exit 44,,Not a Collision with Motor Vehicle,1,Clear,Dry,Daylight
2020-10-15T14:05:00.000,I 85,I 85 and Exit 41 Off Rp,,Not a Collision with Motor Vehicle,1,Clear,Dry,Daylight
2022-10-14T16:50:00.000,I 85,I 85 and Exit 41 Off Rp,,Rear End,2,Clear,Dry,Daylight
2022-09-12T12:13:00.000,I 85,I 85 and Exit 41 Off Rp,,Sideswipe-Same Direction,1,Clear,Dry,Daylight
2022-04-26T06:16:00.000,I 85,I 85 and Exit 41 Entrance Rp,,Sideswipe-Same Direction,2,Clear,Dry,Dark-Not Lighted
2021-05-03T15:23:00.000,I 85,I 85 and Exit 41,,Angle Crash,2,Rain,Wet,Daylight
2021-04-05T16:43:00.000,I 85,I 85 and Exit 41,,Sideswipe-Same Direction,2,Clear,Dry,Daylight
2023-02-24T16:40:00.000,I 85,I 85 and Exit 37 On Rp,,Sideswipe-Same Direction,2,Clear,Dry,Daylight
2023-04-10T09:24:00.000,I 85,I 85 and Exit 36,,Not a Collision with Motor Vehicle,1,Clear,Dry,Daylight
2021-05-09T01:17:00.000,I 85,I 85 and Exit 35 Rp,,Not a Collision with Motor Vehicle,1,Clear,Dry,Dark-Not Lighted
2021-04-07T19:26:00.000,I 85,I 85 and Exit 35 On Rp,,Rear End,2,Clear,Dry,Daylight
2024-04-18T11:39:00.000,I 85,I 85 and Exit 35 On Rp,,Not a Collision with Motor Vehicle,1,Clear,Dry,Daylight
2024-04-29T19:20:00.000,I 85,I 85 and Exit 35 Off Rp,,Sideswipe-Same Direction,1,Clear,Dry,Daylight
2020-05-27T22:20:00.000,I 85,I 85 and Exit 35,,Not a Collision with Motor Vehicle,2,Rain,Wet,Dark-Not Lighted
2021-05-09T17:15:00.000,I 85,I 85 and Exit 35,,Sideswipe-Same Direction,2,Clear,Dry,Daylight
2022-08-14T06:20:00.000,I 85,I 85 and Exit 35,,Not a Collision with Motor Vehicle,1,Clear,Dry,Dawn
2024-12-01T17:50:00.000,I 85,I 85 and Exit 35,,Rear End,2,Clear,Dry,Dark-Not Lighted
2024-10-23T20:48:00.000,I 85,I 85 and Exit 285,,Sideswipe-Same Direction,2,Clear,Dry,Dawn
2022-02-12T11:25:00.000,I 85,I 85 and Exit 28 On Rp,,Rear End,2,Clear,Dry,Daylight
2020-10-23T19:25:00.000,I 85,I 85 and Exit 28,,Rear End,3,Clear,Dry,Dark-Not Lighted
2020-09-04T13:23:00.000,I 85,I 85 and Exit 28,,Rear End,2,Clear,Dry,Daylight
2021-04-10T10:07:00.000,I 85,I 85 and Exit 28,,Not a Collision with Motor Vehicle,1,Rain,Wet,Daylight
2021-04-11T14:40:00.000,I 85,I 85 and Exit 28,,Rear End,2,Clear,Dry,Daylight
2021-12-16T12:10:00.000,I 85,I 85 and Exit 28,,Not a Collision with Motor Vehicle,1,Clear,Dry,Daylight
2020-03-27T16:13:00.000,I 85,I 85 and Exit 251B,,Not a Collision with Motor Vehicle,1,Cloudy,Dry,Daylight
2021-08-20T18:00:00.000,I 85,I 85 and Exit 248D,,Rear End,2,Clear,Dry,Daylight
2020-12-24T12:31:00.000,I 85,I 85 and Exit 244,,Sideswipe-Same Direction,1,Cloudy,Wet,Daylight
2020-09-18T18:05:00.000,I 85,I 85 and Exit 21,,Sideswipe-Same Direction,2,Cloudy,Dry,Daylight
2021-07-02T18:51:00.000,I 85,I 85 and Exit 2 W Point Exit,,Rear End,2,Rain,Wet,Daylight
2022-12-07T07:45:00.000,I 85,I 85 and Exit 2 On Rp,,Sideswipe-Same Direction,2,Cloudy,Wet,Daylight
2023-03-28T19:30:00.000,I 85,I 85 and Exit 2 On Rp,,Sideswipe-Same Direction,2,Clear,Dry,Daylight
2022-06-27T03:40:00.000,I 85,I 85 and Exit 2 Offramp,,Not a Collision with Motor Vehicle,1,Clear,Dry,Dark-Not Lighted
2023-11-27T06:10:00.000,I 85,I 85 and Exit 2 Off Rp,,Rear End,2,Clear,Dry,Dawn
2023-06-15T18:36:00.000,I 85,I 85 and Exit 2 Off Rp,,Sideswipe-Same Direction,1,Cloudy,Wet,Daylight
2021-03-09T12:45:00.000,I 85,I 85 and Exit 2,,Sideswipe-Same Direction,2,Cloudy,Dry,Daylight
2021-06-09T08:06:00.000,I 85,I 85 and Exit 2,,Not a Collision with Motor Vehicle,1,Cloudy,Dry,Daylight
2021-04-09T15:22:00.000,I 85,I 85 and Exit 2,,Not a Collision with Motor Vehicle,1,Rain,Wet,Daylight
2021-03-22T18:30:00.000,I 85,I 85 and Exit 2,,(None),2,(None),(None),(None)
2020-12-12T05:00:00.000,I 85,I 85 and Exit 2,,Rear End,2,Clear,Dry,Dark-Not Lighted