Date and Time,Roadway (From Crash Report),Intersection Name (from Crash Report),KABCO Severity,Manner of Collision (Crash Level) ,# of Vehicles per crash ,Weather Conditions (Crash Level),Surface Condition (Crash Level) ,Light Conditions (Crash Level)
2023-04-05T02:26:00.000,I 85,I 85 and Exit 2,,Rear End,1,Clear,Dry,Dark-Lighted
2023-07-20T08:50:00.000,I 85,I 85 and Exit 2,,Not a Collision with Motor Vehicle,1,Clear,Dry,Daylight
2023-04-23T11:53:00.000,I 85,I 85 and Exit 2,,Sideswipe-Same Direction,1,Clear,Dry,Daylight
2023-05-10T14:33:00.000,I 85,I 85 and Exit 2,,Rear End,2,Clear,Dry,Daylight
2020-05-15T17:10:00.000,I 85,I 85 and Exit 2,,Rear End,2,Clear,Dry,Daylight
2020-01-03T18:31:00.000,I 85,I 85 and Exit 2,,Not a Collision with Motor Vehicle,1,Rain,Wet,Dark-Not Lighted
2020-08-12T21:47:00.000,I 85,I 85 and Exit 2,,Sideswipe-Same Direction,1,Clear,Dry,Dark-Lighted
2020-10-21T17:00:00.000,I 85,I 85 and Exit 2,,Not a Collision with Motor Vehicle,1,Clear,Dry,Daylight
2020-03-16T16:05:00.000,I 85,I 85 and Exit 2,,Sideswipe-Same Direction,2,Clear,Dry,Daylight
2020-06-16T04:11:00.000,I 85,I 85 and Exit 2,,Not a Collision with Motor Vehicle,1,Clear,Dry,Dark-Not Lighted
2020-10-27T03:42:00.000,I 85,I 85 and Exit 2,,Head On,1,Clear,Dry,Dark-Not Lighted
2020-09-08T22:36:00.000,I 85,I 85 and Exit 2,,Rear End,3,Cloudy,Dry,Dark-Not Lighted
2021-07-12T13:02:00.000,I 85,I 85 and Exit 2,,Not a Collision with Motor Vehicle,1,Rain,Wet,Daylight
2022-05-21T04:59:00.000,I 85,I 85 and Exit 2,,Not a Collision with Motor Vehicle,1,Rain,Wet,Dark-Not Lighted
2022-10-30T04:48:00.000,I 85,I 85 and Exit 2,,Rear End,2,Cloudy,Wet,Dark-Not Lighted
2022-04-11T05:30:00.000,I 85,I 85 and Exit 2,,Not a Collision with Motor Vehicle,1,Clear,Dry,Dark-Not Lighted
2022-12-21T18:17:00.000,I 85,I 85 and Exit 2,,Not a Collision with Motor Vehicle,1,Clear,Dry,Daylight
2021-08-13T21:51:00.000,I 85,I 85 and Exit 2,,Not a Collision with Motor Vehicle,1,Cloudy,Dry,Dark-Not Lighted
2022-11-25T04:13:00.000,I 85,I 85 and Exit 2,,Not a Collision with Motor Vehicle,1,Rain,Wet,Dark-Not Lighted
2022-07-09T12:49:00.000,I 85,I 85 and Exit 2,,Not a Collision with Motor Vehicle,1,Rain,Wet,Daylight
2022-06-21T10:25:00.000,I 85,I 85 and Exit 2,,Not a Collision with Motor Vehicle,2,Clear,Dry,Daylight
2022-12-31T01:18:00.000,I 85,I 85 and Exit 2,,Not a Collision with Motor Vehicle,1,Rain,Wet,Dark-Not Lighted
2024-03-28T06:24:00.000,I 85,I 85 and Exit 2,,Sideswipe-Same Direction,2,Clear,Dry,Dark-Not Lighted
2024-04-28T20:44:00.000,I 85,I 85 and Exit 2,,Not a Collision with Motor Vehicle,1,Clear,Dry,Dark-Not Lighted
2024-11-24T01:31:00.000,I 85,I 85 and Exit 2,,Rear End,1,Clear,Dry,Dark-Not Lighted
2024-02-10T07:00:00.000,I 85,I 85 and Exit 2,,Angle Crash,1,Clear,Dry,Dawn
2021-12-06T13:55:00.000,I 85,I 85 and Exit 18 Rp,,Angle Crash,3,Rain,Wet,Daylight
2020-08-18T17:43:00.000,I 85,I 85 and Exit 18 Exit Rp,,Not a Collision with Motor Vehicle,1,Clear,Dry,Daylight
2022-07-03T14:20:00.000,I 85,I 85 and Exit 18,,Sideswipe-Same Direction,2,Clear,Dry,Daylight
2024-07-20T06:30:00.000,I 85,I 85 and Exit 18,,Not a Collision with Motor Vehicle,1,Rain,Wet,Dawn
2023-02-05T06:08:00.000,I 85,I 85 and Exit 177 Whitworth Rd,,Angle Crash,1,Cloudy,Dry,Dark-Not Lighted
2023-05-16T14:02:00.000,I 85,I 85 and Exit 177 Entrance Rp,,Sideswipe-Same Direction,2,Clear,Dry,Daylight
2024-03-01T13:33:00.000,I 85,I 85 and Exit 177 Entrance Rp,,Not a Collision with Motor Vehicle,1,Rain,Wet,Daylight
2020-10-06T03:34:00.000,I 85,I 85 and Exit 177,,(None),2,(None),(None),(None)
2022-04-20T04:32:00.000,I 85,I 85 and Exit 177,,Head On,1,Clear,Dry,Dark-Lighted
2022-06-08T16:49:00.000,I 85,I 85 and Exit 177,,Not a Collision with Motor Vehicle,1,Cloudy,Dry,Daylight
2023-07-21T21:10:00.000,I 85,I 85 and Exit 173 S Bound,,Sideswipe-Same Direction,2,Clear,Dry,Dark-Not Lighted
2021-04-19T19:30:00.000,I 85,I 85 and Exit 173,,Not a Collision with Motor Vehicle,1,Clear,Dry,Daylight
2022-10-23T20:54:00.000,I 85,I 85 and Exit 173,,Head On,1,Clear,Dry,Dark-Not Lighted
2024-04-17T07:58:00.000,I 85,I 85 and Exit 173,,Head On,2,Clear,Dry,Daylight
2024-01-11T18:00:00.000,I 85,I 85 and Exit 166 Entrance Rp,,Angle Crash,2,Clear,Dry,Daylight
2021-07-05T17:08:00.000,I 85,I 85 and Exit 166,,Rear End,2,Clear,Dry,Daylight
2021-07-05T17:07:00.000,I 85,I 85 and Exit 166,,Rear End,2,Clear,Dry,Daylight
2021-07-05T16:28:00.000,I 85,I 85 and Exit 166,,Rear End,2,Clear,Dry,Daylight
2022-11-26T12:35:00.000,I 85,I 85 and Exit 164,,Rear End,2,Clear,Dry,Daylight
2024-12-18T18:45:00.000,I 85,I 85 and Exit 164,,Not a Collision with Motor Vehicle,1,Rain,Wet,Dark-Lighted
2024-12-18T18:45:00.000,I 85,I 85 and Exit 164,,Not a Collision with Motor Vehicle,1,Rain,Wet,Dark-Lighted
2024-05-31T15:33:00.000,I 85,I 85 and Exit 160 Off,,Not a Collision with Motor Vehicle,1,Clear,Dry,Daylight
2022-10-30T09:12:00.000,I 85,I 85 and Exit 160,,Sideswipe-Same Direction,2,Cloudy,Dry,Daylight
2024-09-01T05:45:00.000,I 85,I 85 and Exit 160,,Not a Collision with Motor Vehicle,1,Fog,Wet,Dark-Lighted
2023-10-22T06:10:00.000,I 85,I 85 and Exit 160,,Sideswipe-Same Direction,1,Clear,Dry,Dark-Lighted
2023-08-12T06:12:00.000,I 85,I 85 and Exit 160,,Rear End,1,Clear,Dry,Dark-Not Lighted
2024-07-07T16:00:00.000,I 85,I 85 and Exit 160,,Rear End,2,Clear,Dry,Daylight
2024-07-07T15:15:00.000,I 85,I 85 and Exit 160,,Rear End,2,Clear,Dry,Daylight
2024-10-08T11:00:00.000,I 85,I 85 and Exit 160,,Not a Collision with Motor Vehicle,1,Clear,Dry,Daylight
2024-10-26T19:15:00.000,I 85,I 85 and Exit 160,,Not a Collision with Motor Vehicle,1,Rain,Wet,Dark-Lighted
2024-07-07T17:20:00.000,I 85,I 85 and Exit 160,,Rear End,2,Rain,Wet,Daylight
2020-01-11T18:05:00.000,I 85,I 85 and Exit 154,,Angle Crash,2,Rain,Wet,Dark-Not Lighted
2020-01-11T18:07:00.000,I 85,I 85 and Exit 154,,Not a Collision with Motor Vehicle,1,Rain,Wet,Dark-Not Lighted
2020-01-11T18:06:00.000,I 85,I 85 and Exit 154,,Not a Collision with Motor Vehicle,1,Rain,Wet,Dark-Not Lighted
2021-12-09T18:58:00.000,I 85,I 85 and Exit 154,,Not a Collision with Motor Vehicle,1,Clear,Dry,Dark-Not Lighted
2022-10-29T04:41:00.000,I 85,I 85 and Exit 154,,Angle Crash,2,Clear,Dry,Dark-Not Lighted
2024-09-17T17:04:00.000,I 85,I 85 and Exit 154,,Not a Collision with Motor Vehicle,1,Rain,Wet,Daylight
2021-12-17T18:55:00.000,I 85,I 85 and Exit 149 Off Rp,,Rear End,2,Clear,Dry,Dark-Not Lighted
2021-07-12T22:36:00.000,I 85,I 85 and Exit 149,,Rear End,1,Rain,Wet,Dark-Not Lighted
2020-07-21T17:05:00.000,I 85,I 85 and Exit 149,,Not a Collision with Motor Vehicle,1,Rain,Wet,Daylight
2021-06-04T02:57:00.000,I 85,I 85 and Exit 149,,Sideswipe-Same Direction,2,Clear,Dry,Dark-Not Lighted
2022-11-21T01:00:00.000,I 85,I 85 and Exit 149,,Not a Collision with Motor Vehicle,1,Clear,Dry,Dark-Not Lighted
2023-09-28T14:55:00.000,I 85,I 85 and Exit 149,,(None),3,(None),(None),(None)
2023-11-27T11:22:00.000,I 85,I 85 and Exit 149,,Sideswipe-Same Direction,2,Clear,Dry,Daylight
2023-07-20T18:11:00.000,I 85,I 85 and Exit 149,,Not a Collision with Motor Vehicle,1,Rain,Wet,Daylight
2024-11-09T19:30:00.000,I 85,I 85 and Exit 149,,Rear End,2,Clear,Dry,Dark-Not Lighted
2020-01-11T19:19:00.000,I 85,I 85 and Exit 148,,Sideswipe-Same Direction,2,Rain,Wet,Dark-Not Lighted
2022-08-10T01:54:00.000,I 85,I 85 and Exit 147 On Rp,,Angle Crash,2,Clear,Dry,Dark-Not Lighted
2020-06-22T01:16:00.000,I 85,I 85 and Exit 147 Maysville Rd,,Sideswipe-Same Direction,2,Clear,Dry,Dark-Not Lighted
2024-10-03T11:45:00.000,I 85,I 85 and Exit 147 Entrance   Exit Rp,,Angle Crash,4,Cloudy,Dry,Daylight
2022-11-27T11:00:00.000,I 85,I 85 and Exit 147  Maysville Rd,,Rear End,2,Clear,Dry,Daylight
2021-11-17T11:16:00.000,I 85,I 85 and Exit 147,,Rear End,2,Clear,Dry,Daylight
2021-01-31T21:30:00.000,I 85,I 85 and Exit 147,,Not a Collision with Motor Vehicle,2,Clear,Dry,Dark-Not Lighted
2023-09-21T08:00:00.000,I 85,I 85 and Exit 147,,Rear End,5,Clear,Dry,Daylight
2023-12-15T15:03:00.000,I 85,I 85 and Exit 147,,Sideswipe-Same Direction,2,Clear,Dry,Daylight
2023-01-09T18:25:00.000,I 85,I 85 and Exit 147,,Not a Collision with Motor Vehicle,1,Clear,Dry,Dark-Not Lighted
2023-11-03T11:45:00.000,I 85,I 85 and Exit 147,,Not a Collision with Motor Vehicle,1,Clear,Dry,Daylight
2023-04-11T13:30:00.000,I 85,I 85 and Exit 147,,Rear End,2,Clear,Dry,Daylight
2023-01-27T20:04:00.000,I 85,I 85 and Exit 147,,Sideswipe-Same Direction,2,Clear,Dry,Dark-Not Lighted
2023-11-14T10:20:00.000,I 85,I 85 and Exit 147,,Rear End,2,Clear,Dry,Daylight
2023-01-26T14:45:00.000,I 85,I 85 and Exit 147,,Rear End,3,Clear,Dry,Daylight
2023-06-21T07:50:00.000,I 85,I 85 and Exit 147,,Rear End,2,Rain,Wet,Daylight
2021-03-22T04:00:00.000,I 85,I 85 and Exit 147,,Not a Collision with Motor Vehicle,1,Cloudy,Dry,Dark-Not Lighted
2021-11-06T13:29:00.000,I 85,I 85 and Exit 147,,Angle Crash,2,Clear,Dry,Daylight
2021-08-31T17:45:00.000,I 85,I 85 and Exit 147,,Not a Collision with Motor Vehicle,1,Cloudy,Wet,Daylight
2022-11-23T15:30:00.000,I 85,I 85 and Exit 147,,Sideswipe-Same Direction,3,Clear,Dry,Daylight
2022-11-23T15:37:00.000,I 85,I 85 and Exit 147,,Rear End,2,Clear,Dry,Daylight
2022-05-12T18:50:00.000,I 85,I 85 and Exit 147,,Not a Collision with Motor Vehicle,1,Clear,Dry,Daylight
2022-04-28T19:21:00.000,I 85,I 85 and Exit 147,,Rear End,2,Clear,Dry,Daylight
2022-05-21T00:00:00.000,I 85,I 85 and Exit 147,,Rear End,2,Cloudy,Dry,Daylight
2022-05-21T11:33:00.000,I 85,I 85 and Exit 147,,Rear End,3,Clear,Dry,Daylight
2024-09-19T20:45:00.000,I 85,I 85 and Exit 147,,Angle Crash,2,Clear,Dry,Dark-Lighted
2023-11-17T02:38:00.000,I 85,I 85 and Exit 147,,Not a Collision with Motor Vehicle,1,Clear,Dry,Dark-Not Lighted
2023-08-17T10:35:00.000,I 85,I 85 and Exit 147,,Angle Crash,2,Clear,Dry,Daylight
2023-01-29T14:50:00.000,I 85,I 85 and Exit 147,,Rear End,2,Clear,Dry,Daylight
2023-09-22T07:55:00.000,I 85,I 85 and Exit 147,,Sideswipe-Same Direction,2,Clear,Dry,Dawn
2024-03-31T14:00:00.000,I 85,I 85 and Exit 147,,Sideswipe-Same Direction,2,Clear,Dry,Daylight
2024-06-04T00:00:00.000,I 85,I 85 and Exit 147,,(None),1,(None),(None),(None)
2024-06-12T04:20:00.000,I 85,I 85 and Exit 147,,Sideswipe-Same Direction,2,Clear,Dry,Dark-Lighted
2024-01-08T11:45:00.000,I 85,I 85 and Exit 147,,Angle Crash,2,Clear,Dry,Daylight
2024-07-28T06:35:00.000,I 85,I 85 and Exit 147,,Rear End,2,Rain,Wet,Daylight
2024-03-24T16:42:00.000,I 85,I 85 and Exit 140 On,,Angle Crash,4,Clear,Dry,Daylight
2021-03-20T20:32:00.000,I 85,I 85 and Exit 140 I85,,Sideswipe-Same Direction,2,Clear,Dry,Dark-Not Lighted
2023-06-15T21:30:00.000,I 85,I 85 and Exit 140,,Sideswipe-Same Direction,2,Clear,Dry,Dark-Lighted
2020-08-08T13:38:00.000,I 85,I 85 and Exit 140,,Sideswipe-Same Direction,2,Clear,Dry,Daylight
2022-09-24T01:20:00.000,I 85,I 85 and Exit 140,,Not a Collision with Motor Vehicle,1,Clear,Dry,Dark-Not Lighted
2024-11-10T00:17:00.000,I 85,I 85 and Exit 140,,Not a Collision with Motor Vehicle,1,Clear,Dry,Dark-Not Lighted
2024-05-16T07:15:00.000,I 85,I 85 and Exit 140,,Not a Collision with Motor Vehicle,1,Clear,Dry,Daylight
2020-07-06T17:49:00.000,I 85,I 85 and Exit 14,,Not a Collision with Motor Vehicle,1,Rain,Wet,Daylight
2020-10-09T12:24:00.000,I 85,I 85 and Exit 14,,Sideswipe-Same Direction,2,Rain,Wet,Daylight
2020-11-29T20:10:00.000,I 85,I 85 and Exit 14,,Not a Collision with Motor Vehicle,1,Rain,Wet,Dark-Not Lighted
2020-08-15T13:25:00.000,I 85,I 85 and Exit 14,,Not a Collision with Motor Vehicle,1,Rain,Wet,Daylight
2022-03-14T06:01:00.000,I 85,I 85 and Exit 14,,Sideswipe-Same Direction,2,Clear,Dry,Dark-Not Lighted
2021-01-22T23:00:00.000,I 85,I 85 and Exit 137;Hwy 129,,Not a Collision with Motor Vehicle,1,Clear,Dry,Dark-Not Lighted
2022-09-19T05:30:00.000,I 85,I 85 and Exit 137 S To I85,,Rear End,2,Clear,Dry,Daylight
2021-07-16T14:10:00.000,I 85,I 85 and Exit 137 Overpass Hwy 129,,Rear End,3,Clear,Dry,Daylight
2021-11-24T10:38:00.000,I 85,I 85 and Exit 137 Opas,,Rear End,2,Clear,Dry,Daylight
2022-09-05T16:33:00.000,I 85,I 85 and Exit 137 Opas,,Rear End,2,Clear,Dry,Daylight
2024-05-03T09:18:00.000,I 85,I 85 and Exit 137 Opas,,Rear End,2,Cloudy,Wet,Daylight
2024-03-06T06:50:00.000,I 85,I 85 and Exit 137 Opas,,Sideswipe-Same Direction,2,Rain,Wet,Dawn
2023-05-24T19:05:00.000,I 85,I 85 and Exit 137 On-Ramp,,Sideswipe-Same Direction,1,Clear,Dry,Daylight
2021-01-31T08:17:00.000,I 85,I 85 and Exit 137 On Rp,,Not a Collision with Motor Vehicle,1,Rain,Wet,Daylight
2020-09-21T16:32:00.000,I 85,I 85 and Exit 137 On Rp,,Sideswipe-Same Direction,2,Clear,Dry,Daylight
2022-06-20T10:00:00.000,I 85,I 85 and Exit 137 On Rp,,Sideswipe-Same Direction,2,Clear,Dry,Daylight
2022-09-19T05:30:00.000,I 85,I 85 and Exit 137 On Rp,,Angle Crash,2,Clear,Dry,Dark-Lighted
2023-06-18T03:36:00.000,I 85,I 85 and Exit 137 Off-Ramp,,Not a Collision with Motor Vehicle,1,Clear,Dry,Dark-Lighted
2023-06-17T01:37:00.000,I 85,I 85 and Exit 137 Off-Ramp,,Rear End,2,Clear,Dry,Dark-Lighted
2022-12-16T18:00:00.000,I 85,I 85 and Exit 137 Off-Ramp,,Rear End,2,Clear,Dry,Dark-Not Lighted
2020-12-24T10:59:00.000,I 85,I 85 and Exit 137 Off Rp,,Rear End,2,Rain,Wet,Daylight
2020-02-06T11:31:00.000,I 85,I 85 and Exit 137 Off Rp,,Not a Collision with Motor Vehicle,1,Rain,Wet,Daylight
2020-02-06T07:20:00.000,I 85,I 85 and Exit 137 Off Rp,,Sideswipe-Same Direction,2,Rain,Wet,Daylight
2023-12-26T20:25:00.000,I 85,I 85 and Exit 137 Off Rp,,Rear End,2,Rain,Wet,Dark-Not Lighted
2024-05-25T14:50:00.000,I 85,I 85 and Exit 137 Off Rp,,Rear End,2,Clear,Dry,Daylight
2023-07-25T04:54:00.000,I 85,I 85 and Exit 137 Off -Ramp,,Sideswipe-Same Direction,2,Clear,Dry,Dark-Not Lighted
2021-11-01T22:19:00.000,I 85,I 85 and Exit 137 N Off Rp,,Not a Collision with Motor Vehicle,1,Clear,Dry,Dark-Not Lighted
2021-10-10T14:51:00.000,I 85,I 85 and Exit 137 Mm On Rp,,Rear End,2,Clear,Dry,Daylight
2022-06-03T21:45:00.000,I 85,I 85 and Exit 137 I85,,Rear End,2,Clear,Dry,Dark-Lighted
2022-01-17T19:39:00.000,I 85,I 85 and Exit 137 I85,,Not a Collision with Motor Vehicle,1,Clear,Dry,Daylight
2021-08-27T18:04:00.000,I 85,I 85 and Exit 137 Hwy 129 Opas,,Sideswipe-Same Direction,2,Clear,Dry,Daylight
2022-03-31T07:20:00.000,I 85,I 85 and Exit 137 Hwy 129 Opas,,Sideswipe-Same Direction,2,Rain,Wet,Dawn
2021-03-27T06:12:00.000,I 85,I 85 and Exit 137 Exit Rp,,Not a Collision with Motor Vehicle,1,Clear,Dry,Dark-Not Lighted
2024-10-07T16:50:00.000,I 85,I 85 and Exit 137 Exit Rp,,Sideswipe-Same Direction,2,Clear,Dry,Daylight
2021-01-29T17:41:00.000,I 85,I 85 and Exit 137 Entrance Rp,,Rear End,2,Clear,Dry,Dark-Lighted
2020-12-19T18:30:00.000,I 85,I 85 and Exit 137 Brg,,Rear End,2,Cloudy,Dry,Dusk
2021-09-17T12:35:00.000,I 85,I 85 and Exit 137  Hwy 11  Hwy 129,,Sideswipe-Same Direction,2,Clear,Dry,Daylight
2021-04-25T23:17:00.000,I 85,I 85 and Exit 137,,Sideswipe-Same Direction,2,Rain,Wet,Dark-Not Lighted
2021-05-31T16:48:00.000,I 85,I 85 and Exit 137,,Rear End,2,Clear,Dry,Daylight
2021-04-10T17:53:00.000,I 85,I 85 and Exit 137,,Rear End,2,Cloudy,Wet,Daylight
2021-07-16T21:26:00.000,I 85,I 85 and Exit 137,,Not a Collision with Motor Vehicle,1,Clear,Dry,Dark-Not Lighted
2021-06-27T12:55:00.000,I 85,I 85 and Exit 137,,Rear End,2,Clear,Dry,Daylight
2021-03-19T17:56:00.000,I 85,I 85 and Exit 137,,Rear End,2,Cloudy,Dry,Daylight
2021-06-27T12:55:00.000,I 85,I 85 and Exit 137,,Angle Crash,2,Clear,Dry,Daylight
2021-11-18T06:45:00.000,I 85,I 85 and Exit 137,,Rear End,2,Clear,Dry,Daylight
2021-07-11T14:10:00.000,I 85,I 85 and Exit 137,,Rear End,4,Clear,Wet,Daylight
2021-10-17T18:52:00.000,I 85,I 85 and Exit 137,,Rear End,2,Clear,Dry,Daylight
2021-07-13T17:25:00.000,I 85,I 85 and Exit 137,,Rear End,2,Clear,Dry,Daylight
2021-03-19T17:55:00.000,I 85,I 85 and Exit 137,,Not a Collision with Motor Vehicle,1,Clear,Dry,Daylight
2021-04-10T17:59:00.000,I 85,I 85 and Exit 137,,Rear End,1,Clear,Wet,Daylight
2021-10-17T16:38:00.000,I 85,I 85 and Exit 137,,Rear End,3,Clear,Dry,Daylight
2021-04-12T17:40:00.000,I 85,I 85 and Exit 137,,Rear End,2,Clear,Dry,Daylight
2023-11-04T11:10:00.000,I 85,I 85 and Exit 137,,Rear End,1,Clear,Dry,Daylight
2023-01-18T08:25:00.000,I 85,I 85 and Exit 137,,Sideswipe-Same Direction,2,Cloudy,Wet,Daylight
2023-06-16T04:10:00.000,I 85,I 85 and Exit 137,,Sideswipe-Same Direction,2,Rain,Wet,Dark-Lighted
2023-10-14T13:24:00.000,I 85,I 85 and Exit 137,,Rear End,2,Clear,Dry,Daylight
2022-10-21T18:30:00.000,I 85,I 85 and Exit 137,,Sideswipe-Same Direction,2,Clear,Dry,Daylight
2023-10-23T11:25:00.000,I 85,I 85 and Exit 137,,Rear End,2,Clear,Dry,Daylight
2020-12-27T19:20:00.000,I 85,I 85 and Exit 137,,Rear End,2,Clear,Dry,Dark-Not Lighted
2020-01-18T14:10:00.000,I 85,I 85 and Exit 137,,Sideswipe-Same Direction,2,Rain,Wet,Daylight
2020-10-31T01:15:00.000,I 85,I 85 and Exit 137,,Not a Collision with Motor Vehicle,1,Clear,Dry,Dark-Not Lighted
2020-07-20T14:40:00.000,I 85,I 85 and Exit 137,,(None),2,(None),(None),(None)
2020-10-10T05:10:00.000,I 85,I 85 and Exit 137,,(None),1,(None),(None),(None)
2020-05-09T17:04:00.000,I 85,I 85 and Exit 137,,Sideswipe-Same Direction,2,Clear,Dry,Daylight
2020-05-30T14:05:00.000,I 85,I 85 and Exit 137,,Sideswipe-Same Direction,2,Clear,Dry,Daylight
2020-12-21T17:55:00.000,I 85,I 85 and Exit 137,,Rear End,2,Clear,Dry,Dark-Not Lighted
2021-05-02T15:00:00.000,I 85,I 85 and Exit 137,,Sideswipe-Same Direction,2,Cloudy,Dry,Daylight
2021-02-01T20:00:00.000,I 85,I 85 and Exit 137,,Sideswipe-Same Direction,2,Clear,Dry,Dark-Not Lighted
2021-02-11T23:53:00.000,I 85,I 85 and Exit 137,,Angle Crash,2,Rain,Wet,Dark-Not Lighted
2021-10-24T13:20:00.000,I 85,I 85 and Exit 137,,Rear End,2,Clear,Dry,Daylight
2021-12-07T18:04:00.000,I 85,I 85 and Exit 137,,Rear End,2,Cloudy,Dry,Dark-Not Lighted
2022-01-27T08:40:00.000,I 85,I 85 and Exit 137,,Sideswipe-Same Direction,2,Clear,Dry,Daylight
2022-10-23T16:00:00.000,I 85,I 85 and Exit 137,,Sideswipe-Same Direction,3,Clear,Dry,Daylight
2022-02-01T16:30:00.000,I 85,I 85 and Exit 137,,Angle Crash,2,Clear,Dry,Daylight
2022-06-26T13:55:00.000,I 85,I 85 and Exit 137,,Rear End,2,Clear,Dry,Daylight
2021-12-11T15:00:00.000,I 85,I 85 and Exit 137,,Rear End,2,Rain,Wet,Daylight
2022-11-05T12:40:00.000,I 85,I 85 and Exit 137,,(None),2,(None),(None),(None)
2022-08-31T07:45:00.000,I 85,I 85 and Exit 137,,Not a Collision with Motor Vehicle,1,Clear,Dry,Daylight
2022-07-08T11:30:00.000,I 85,I 85 and Exit 137,,Rear End,2,Clear,Dry,Daylight
2022-10-03T15:27:00.000,I 85,I 85 and Exit 137,,Angle Crash,2,Clear,Dry,Daylight
2022-02-01T16:50:00.000,I 85,I 85 and Exit 137,,Sideswipe-Same Direction,2,Clear,Dry,Daylight
2022-07-12T17:49:00.000,I 85,I 85 and Exit 137,,Sideswipe-Same Direction,2,Clear,Dry,Daylight
2022-10-22T22:30:00.000,I 85,I 85 and Exit 137,,Rear End,2,Clear,Dry,Dark-Lighted
2022-03-04T10:46:00.000,I 85,I 85 and Exit 137,,Rear End,2,Clear,Dry,Daylight
2022-06-03T09:34:00.000,I 85,I 85 and Exit 137,,Not a Collision with Motor Vehicle,1,Clear,Dry,Daylight
2022-09-19T12:45:00.000,I 85,I 85 and Exit 137,,Sideswipe-Same Direction,1,Clear,Dry,Daylight
2022-12-30T16:27:00.000,I 85,I 85 and Exit 137,,Rear End,2,Clear,Dry,Daylight
2022-06-07T23:20:00.000,I 85,I 85 and Exit 137,,Sideswipe-Same Direction,2,Cloudy,Wet,Dark-Not Lighted
2024-04-03T10:58:00.000,I 85,I 85 and Exit 137,,Sideswipe-Same Direction,2,Cloudy,Dry,Daylight
2024-05-08T13:52:00.000,I 85,I 85 and Exit 137,,Not a Collision with Motor Vehicle,2,Clear,Dry,Daylight
2023-02-20T06:50:00.000,I 85,I 85 and Exit 137,,Rear End,2,Clear,Dry,Daylight
2024-06-18T13:15:00.000,I 85,I 85 and Exit 137,,(None),2,(None),(None),(None)
2023-08-09T17:23:00.000,I 85,I 85 and Exit 137,,Sideswipe-Same Direction,2,Clear,Dry,Daylight
2023-08-31T18:30:00.000,I 85,I 85 and Exit 137,,Rear End,2,Clear,Dry,Daylight
2023-09-01T06:15:00.000,I 85,I 85 and Exit 137,,Sideswipe-Same Direction,2,Clear,Dry,Dark-Lighted
2023-06-30T11:10:00.000,I 85,I 85 and Exit 137,,Rear End,2,Rain,Wet,Daylight
2023-04-04T06:55:00.000,I 85,I 85 and Exit 137,,Angle Crash,1,Cloudy,Dry,Dusk
2023-04-22T16:12:00.000,I 85,I 85 and Exit 137,,Rear End,2,Clear,Dry,Daylight
2024-02-12T08:05:00.000,I 85,I 85 and Exit 137,,Rear End,2,Rain,Wet,Daylight
2023-11-24T16:14:00.000,I 85,I 85 and Exit 13 Whitesville Rd,,Angle Crash,2,Cloudy,Dry,Daylight
2020-12-31T14:00:00.000,I 85,I 85 and Exit 13 Off Rp,,Not a Collision with Motor Vehicle,1,Cloudy,Wet,Daylight
2021-08-31T11:05:00.000,I 85,I 85 and Exit 13 Entrance Rp,,Not a Collision with Motor Vehicle,1,Rain,Wet,Daylight
2020-08-20T15:45:00.000,I 85,I 85 and Exit 13,,Not a Collision with Motor Vehicle,1,Cloudy,Wet,Daylight
2020-10-22T05:39:00.000,I 85,I 85 and Exit 13,,Sideswipe-Same Direction,1,Clear,Dry,Dark-Not Lighted
2024-04-08T08:22:00.000,I 85,I 85 and Exit 129 Highway 53,,Rear End,2,Clear,Dry,Daylight
2020-06-04T05:48:00.000,I 85,I 85 and Exit 129,,Not a Collision with Motor Vehicle,1,Clear,Dry,Dark-Not Lighted
2020-02-09T11:40:00.000,I 85,I 85 and Exit 129,,Not a Collision with Motor Vehicle,1,Fog,Wet,Daylight
2023-04-16T09:55:00.000,I 85,I 85 and Exit 129,,Sideswipe-Same Direction,2,Clear,Dry,Daylight
2020-01-25T15:52:00.000,I 85,I 85 and Exit 129,,Rear End,2,Clear,Dry,Daylight
2020-03-25T20:57:00.000,I 85,I 85 and Exit 129,,Rear End,2,Clear,Dry,Dark-Lighted
2020-06-07T15:43:00.000,I 85,I 85 and Exit 129,,Rear End,2,Clear,Dry,Daylight
2022-07-11T02:53:00.000,I 85,I 85 and Exit 129,,Not a Collision with Motor Vehicle,1,Cloudy,Dry,Dark-Not Lighted
2022-02-28T10:14:00.000,I 85,I 85 and Exit 129,,Rear End,2,Clear,Dry,Daylight
2022-10-03T19:21:00.000,I 85,I 85 and Exit 129,,Not a Collision with Motor Vehicle,2,Clear,Dry,Dark-Not Lighted
2022-04-27T17:02:00.000,I 85,I 85 and Exit 129,,Not a Collision with Motor Vehicle,1,Clear,Dry,Daylight
2024-08-02T05:50:00.000,I 85,I 85 and Exit 129,,Rear End,2,Clear,Dry,Daylight
2023-01-03T20:30:00.000,I 85,I 85 and Exit 126 Sr211,,Rear End,4,Cloudy,Dry,Dark-Not Lighted