Date and Time,Roadway (From Crash Report),Intersection Name (from Crash Report),KABCO Severity,Manner of Collision (Crash Level) ,# of Vehicles per crash ,Weather Conditions (Crash Level),Surface Condition (Crash Level) ,Light Conditions (Crash Level)
2024-09-25T09:46:00.000,I 85,I 85 and Exit 126 Sr211,,Sideswipe-Same Direction,2,Cloudy,Dry,Daylight
2024-11-21T09:00:00.000,I 85,I 85 and Exit 126 Sr211,,Sideswipe-Same Direction,2,Clear,Dry,Daylight
2022-09-17T13:56:00.000,I 85,I 85 and Exit 126 Off Rp,,Sideswipe-Same Direction,2,Clear,Dry,Daylight
2021-08-11T17:21:00.000,I 85,I 85 and Exit 126 I85,,Rear End,2,Rain,Wet,Daylight
2021-05-11T04:57:00.000,I 85,I 85 and Exit 126,,Rear End,2,Clear,Dry,Dark-Not Lighted
2020-09-04T18:30:00.000,I 85,I 85 and Exit 126,,Rear End,4,Clear,Dry,Daylight
2024-05-05T07:25:00.000,I 85,I 85 and Exit 126,,Not a Collision with Motor Vehicle,1,Cloudy,Wet,Daylight
2021-06-18T17:23:00.000,I 85,I 85 and Exit 120 Hamilton Mill Rd,,Not a Collision with Motor Vehicle,1,Clear,Dry,Daylight
2020-09-25T05:36:00.000,I 85,I 85 and Exit 120 Hamilton Mill Rd,,Sideswipe-Same Direction,2,Clear,Wet,Dark-Not Lighted
2020-10-25T13:10:00.000,I 85,I 85 and Exit 120 Hamilton Mill Rd,,Sideswipe-Same Direction,2,Cloudy,Dry,Daylight
2024-09-06T05:53:00.000,I 85,I 85 and Exit 120 Hamilton Mill Rd,,Sideswipe-Same Direction,2,Clear,Dry,Dark-Lighted
2022-11-02T11:55:00.000,I 85,I 85 and Exit 118,,Not a Collision with Motor Vehicle,2,Cloudy,Dry,Daylight
2023-05-10T13:00:00.000,I 85,I 85 and Exit 115,,Not a Collision with Motor Vehicle,1,Clear,Dry,Dark-Not Lighted
2020-03-01T13:45:00.000,I 85,I 85 and Exit 115,,Sideswipe-Same Direction,2,Clear,Dry,Daylight
2020-12-13T04:20:00.000,I 85,I 85 and Exit 115,,Rear End,2,Fog,Dry,Dark-Lighted
2021-09-15T04:00:00.000,I 85,I 85 and Exit 115,,Not a Collision with Motor Vehicle,1,Clear,Dry,Dark-Not Lighted
2020-05-09T21:20:00.000,I 85,I 85 and Exit 114 - Suwanee,,Sideswipe-Same Direction,2,Clear,Dry,Dark-Lighted
2023-06-23T22:00:00.000,I 85,I 85 and Exit 113,,Angle Crash,2,Clear,Dry,Dark-Lighted
2022-06-09T10:18:00.000,I 85,I 85 and Exit 111 Lvs Rd,,Sideswipe-Same Direction,2,Clear,Dry,Daylight
2021-10-08T12:34:00.000,I 85,I 85 and Exit 111 Lvs Rd,,Rear End,3,Clear,Dry,Daylight
2022-01-18T11:30:00.000,I 85,I 85 and Exit 111 Lawrenceville Suwanee Rd,,Sideswipe-Same Direction,2,Clear,Dry,Daylight
2024-12-22T16:00:00.000,I 85,I 85 and Exit 111 Lawrenceville Suwanee Rd,,Rear End,2,Clear,Dry,Daylight
2021-07-17T04:31:00.000,I 85,I 85 and Exit 111 317 Lawrenceville-Suwanee Rd,,Rear End,2,Clear,Dry,Dark-Lighted
2023-09-15T12:15:00.000,I 85,I 85 and Exit 111   Ga317,,Sideswipe-Same Direction,2,Cloudy,Dry,Daylight
2023-10-30T17:55:00.000,I 85,I 85 and Exit 111,,Rear End,2,Clear,Dry,Daylight
2023-08-27T18:19:00.000,I 85,I 85 and Exit 111,,Sideswipe-Opposite Direction,2,Clear,Dry,Daylight
2023-08-29T16:10:00.000,I 85,I 85 and Exit 111,,Rear End,2,Clear,Dry,Daylight
2022-05-28T15:26:00.000,I 85,I 85 and Exit 111,,Rear End,2,Clear,Dry,Daylight
2022-03-17T07:55:00.000,I 85,I 85 and Exit 111,,Rear End,2,Cloudy,Wet,Daylight
2023-10-06T17:15:00.000,I 85,I 85 and Exit 111,,Rear End,2,Clear,Dry,Daylight
2024-05-24T17:40:00.000,I 85,I 85 and Exit 111,,Sideswipe-Same Direction,2,Clear,Dry,Daylight
2020-05-20T20:56:00.000,I 85,I 85 and Exit 109,,Rear End,2,Cloudy,Wet,Dark-Not Lighted
2024-05-04T01:12:00.000,I 85,I 85 and Exit 108,,Not a Collision with Motor Vehicle,1,Clear,Dry,Dark-Not Lighted
2024-06-29T15:15:00.000,I 85,I 85 and Exit 108,,Not a Collision with Motor Vehicle,2,Clear,Dry,Daylight
2020-09-01T01:04:00.000,I 85,I 85 and Exit 107,,Rear End,2,Clear,Dry,Dark-Not Lighted
2022-12-15T20:01:00.000,I 85,I 85 and Exit 106 Lawrenceville Athens,,Rear End,2,Clear,Dry,Dark-Lighted
2020-04-29T20:34:00.000,I 85,I 85 and Exit 106 316,,Sideswipe-Same Direction,2,Rain,Wet,Dark-Lighted
2020-09-04T00:26:00.000,I 85,I 85 and Exit 106 316,,Not a Collision with Motor Vehicle,1,Clear,Dry,Dark-Lighted
2023-04-23T13:15:00.000,I 85,I 85 and Exit 106,,Rear End,2,Cloudy,Dry,Daylight
2023-12-03T22:55:00.000,I 85,I 85 and Exit 105,,Not a Collision with Motor Vehicle,1,Clear,Dry,Dark-Lighted
2020-08-06T15:00:00.000,I 85,I 85 and Exit 105,,Not a Collision with Motor Vehicle,2,Clear,Dry,Dawn
2021-11-21T03:25:00.000,I 85,I 85 and Exit 105,,Angle Crash,3,Clear,Dry,Dark-Lighted
2021-08-04T16:55:00.000,I 85,I 85 and Exit 104 Pleasant Hill Rd,,Rear End,2,Clear,Dry,Daylight
2024-12-21T12:53:00.000,I 85,I 85 and Exit 104 Cd,,Rear End,2,Clear,Dry,Daylight
2022-11-09T17:56:00.000,I 85,I 85 and Exit 103 Rp,,Rear End,4,Clear,Dry,Dark-Not Lighted
2021-12-12T07:24:00.000,I 85,I 85 and Exit 103 Duluth Hwy,,Rear End,2,Clear,Dry,Daylight
2024-12-20T21:44:00.000,I 85,I 85 and Exit 102: Beaver Ruin Rd,,Angle Crash,2,Clear,Dry,Dark-Lighted
2021-01-05T16:00:00.000,I 85,I 85 and Exit 102 Beaver Ruin Rd,,Sideswipe-Same Direction,2,Clear,Dry,Daylight
2024-12-22T14:19:00.000,I 85,I 85 and Exit 102 Beaver Ruin,,Sideswipe-Same Direction,2,Clear,Dry,Daylight
2024-12-22T12:15:00.000,I 85,I 85 and Exit 102 Beaver Ruin,,Rear End,3,Clear,Dry,Daylight
2024-07-17T09:50:00.000,I 85,I 85 and Exit 102 Beaver Ruin,,Rear End,2,Clear,Dry,Dark-Not Lighted
2022-05-01T20:42:00.000,I 85,I 85 and Exit 102,,Sideswipe-Same Direction,2,Clear,Dry,Dark-Lighted
2024-09-19T21:12:00.000,I 85,I 85 and Exit 101 Off Ramp Indian Trail Rd,,Rear End,2,Clear,Ice/Frost,Dark-Lighted
2024-06-18T14:20:00.000,I 85,I 85 and Exit 101 Indian Trial Lilburn Rd,,Rear End,2,Clear,Dry,Daylight
2024-06-27T21:48:00.000,I 85,I 85 and Exit 101 Indian Trial Lilburn Rd,,Rear End,3,Clear,Dry,Dark-Lighted
2024-11-23T19:40:00.000,I 85,I 85 and Exit 101 Indian Trail-Lilburn Rd,,Rear End,2,Cloudy,Dry,Dark-Lighted
2022-08-10T19:40:00.000,I 85,I 85 and Exit 101 Indian Trail Lilburn Rd,,Sideswipe-Same Direction,2,Clear,Dry,Daylight
2021-06-27T02:45:00.000,I 85,I 85 and Executive Park S,,Angle Crash,2,Clear,Dry,Dark-Not Lighted
2023-02-14T08:35:00.000,I 85,I 85 and Executive Park S,,Rear End,2,Clear,Dry,Daylight
2021-03-20T04:59:00.000,I 85,I 85 and Executive Park S,,Sideswipe-Same Direction,2,Clear,Dry,Dark-Lighted
2022-08-30T17:23:00.000,I 85,I 85 and Executive Park S,,Rear End,2,Rain,Wet,Daylight
2022-08-30T18:27:00.000,I 85,I 85 and Executive Park S,,Angle Crash,2,Rain,Wet,Daylight
2022-11-04T14:23:00.000,I 85,I 85 and Executive Park S,,Rear End,3,Clear,Dry,Daylight
2022-02-02T06:20:00.000,I 85,I 85 and Executive Park S,,Angle Crash,2,Cloudy,Dry,Dawn
2022-02-21T09:30:00.000,I 85,I 85 and Executive Park S,,Rear End,2,Clear,Dry,Daylight
2020-05-29T12:30:00.000,I 85,I 85 and Executive Park Dr,,Not a Collision with Motor Vehicle,1,Rain,Water (standing or moving),Dark-Lighted
2024-07-02T17:00:00.000,I 85,I 85 and Executive Park Dr,,Rear End,2,Clear,Dry,Daylight
2024-03-12T13:55:00.000,I 85,I 85 and Exchange Way,,Rear End,2,Clear,Dry,Daylight
2023-09-26T19:51:00.000,I 85,I 85 and Ex Rp Jcb Rp,,Rear End,2,Clear,Dry,Dark-Lighted
2024-08-13T20:14:00.000,I 85,I 85 and Ex Rp Jcb Rp,,Rear End,2,Clear,Dry,Daylight
2023-05-15T23:20:00.000,I 85,I 85 and Ex Rp - O. P.Tree,,Sideswipe-Same Direction,4,Clear,Dry,Dark-Not Lighted
2021-05-18T00:35:00.000,I 85,I 85 and Entry Shallowford,,Rear End,3,Clear,Dry,Dark-Lighted
2020-03-15T16:47:00.000,I 85,I 85 and Entry Rp,,Rear End,2,Clear,Dry,Daylight
2023-12-23T15:40:00.000,I 85,I 85 and Entrance Rp,,Sideswipe-Same Direction,2,Clear,Dry,Daylight
2020-10-29T15:35:00.000,I 85,I 85 and Entrance Ramps To I20,,Sideswipe-Same Direction,2,Clear,Dry,Daylight
2021-02-15T07:12:00.000,I 85,I 85 and Entrance Ramp To I75 Northbou,,Not a Collision with Motor Vehicle,1,Rain,Wet,Daylight
2020-08-20T09:40:00.000,I 85,I 85 and Entrance Ramp To I20,,Not a Collision with Motor Vehicle,1,Clear,Dry,Daylight
2023-07-25T18:55:00.000,I 85,I 85 and Entrance Ramp To Ga13,,Rear End,2,Clear,Dry,Daylight
2022-06-27T06:04:00.000,I 85,I 85 and Entrance Ramp S From Exit 137,,Rear End,3,Clear,Dry,Dawn
2022-11-25T07:32:00.000,I 85,I 85 and Entrance Ramp From N Central Ave,,Not a Collision with Motor Vehicle,1,Rain,Wet,Daylight
2021-07-30T16:06:00.000,I 85,I 85 and Entrance Ramp From I20Eb,,Rear End,2,Clear,Dry,Daylight
2023-09-30T14:13:00.000,I 85,I 85 and Entrance Ramp Exit,,Sideswipe-Same Direction,2,Clear,Dry,Daylight
2020-06-21T20:03:00.000,I 85,I 85 and Entrance Ramp 18,,Sideswipe-Same Direction,2,Cloudy,Dry,Daylight
2023-05-25T16:08:00.000,I 85,I 85 and Entrance Ramp 137,,Rear End,3,Clear,Dry,Daylight
2020-11-19T10:10:00.000,I 85,I 85 and Entrance (To Cleveland Ave) Rp,,Angle Crash,2,Clear,Dry,Daylight
2024-08-21T21:21:00.000,I 85,I 85 and Entrace Ramp Jimmy Carter Blvd,,Angle Crash,2,Clear,Dry,Dark-Lighted
2020-08-14T19:01:00.000,I 85,I 85 and Elzie Johnson Rd,,Not a Collision with Motor Vehicle,1,Rain,Wet,Daylight
2020-02-25T17:14:00.000,I 85,I 85 and Ellis Street Opas,,Rear End,2,Clear,Dry,Daylight
2021-07-15T15:03:00.000,I 85,I 85 and Ellis Street Opas,,Rear End,2,Cloudy,Dry,Daylight
2021-03-22T14:17:00.000,I 85,I 85 and Ellis St,,Rear End,2,Clear,Dry,Daylight
2020-11-16T09:52:00.000,I 85,I 85 and Ellis St,,Rear End,2,Clear,Dry,Daylight
2020-03-09T16:37:00.000,I 85,I 85 and Ellis St,,Rear End,2,Cloudy,Dry,Daylight
2021-08-24T16:35:00.000,I 85,I 85 and Ellis St,,Rear End,2,Clear,Dry,Daylight
2021-09-16T11:05:00.000,I 85,I 85 and Edgwood Ave,,Rear End,2,Cloudy,Dry,Daylight
2021-07-19T15:30:00.000,I 85,I 85 and Edgewwod Ave,,Rear End,2,Cloudy,Dry,Daylight
2021-06-23T13:22:00.000,I 85,I 85 and Edgewood Rd,,Rear End,3,Clear,Dry,Daylight
2021-04-09T13:48:00.000,I 85,I 85 and Edgewood Exit Rp,,Rear End,2,Clear,Dry,Daylight
2020-07-03T11:00:00.000,I 85,I 85 and Edgewood Dr,,Sideswipe-Same Direction,2,Clear,Dry,Daylight
2020-05-22T13:44:00.000,I 85,I 85 and Edgewood Dr,,Rear End,2,Clear,Dry,Daylight
2021-09-17T11:36:00.000,I 85,I 85 and Edgewood Aveune Underpass,,Head On,2,Clear,Dry,Daylight
2021-08-13T12:40:00.000,I 85,I 85 and Edgewood Avenuve Underpass,,Rear End,2,Clear,Dry,Daylight
2021-04-27T11:10:00.000,I 85,I 85 and Edgewood Avenue Underpass,,Sideswipe-Same Direction,2,Clear,Dry,Daylight
2021-06-29T16:20:00.000,I 85,I 85 and Edgewood Avenue Underpass,,Rear End,2,Clear,Dry,Daylight
2021-07-15T19:00:00.000,I 85,I 85 and Edgewood Avenue Underpass,,Rear End,2,Clear,Dry,Daylight
2021-09-17T15:21:00.000,I 85,I 85 and Edgewood Avenue Underpass,,Sideswipe-Same Direction,3,Cloudy,Dry,Daylight
2021-06-14T12:40:00.000,I 85,I 85 and Edgewood Avenue Underpass,,Rear End,2,Clear,Dry,Daylight
2021-06-07T17:36:00.000,I 85,I 85 and Edgewood Avenue Underpass,,Rear End,2,Clear,Dry,Daylight
2020-11-17T15:52:00.000,I 85,I 85 and Edgewood Avenue Underpass,,Rear End,5,Clear,Dry,Daylight
2020-09-25T15:26:00.000,I 85,I 85 and Edgewood Avenue Underpass,,Sideswipe-Same Direction,2,Clear,Dry,Daylight
2020-03-05T06:20:00.000,I 85,I 85 and Edgewood Avenue Underpass,,Rear End,2,Rain,Wet,Dark-Lighted
2020-07-22T11:47:00.000,I 85,I 85 and Edgewood Avenue Underpass,,Sideswipe-Same Direction,2,Clear,Dry,Daylight
2020-12-24T08:43:00.000,I 85,I 85 and Edgewood Avenue Underpass,,Sideswipe-Same Direction,3,Rain,Wet,Daylight
2020-07-21T19:20:00.000,I 85,I 85 and Edgewood Avenue Underpass,,Not a Collision with Motor Vehicle,1,Rain,Wet,Daylight
2021-06-07T17:36:00.000,I 85,I 85 and Edgewood Avenue Underpass,,Rear End,2,Clear,Dry,Daylight
2021-04-02T13:31:00.000,I 85,I 85 and Edgewood Avenue Underpass,,Rear End,2,Clear,Dry,Daylight
2021-04-27T10:58:00.000,I 85,I 85 and Edgewood Avenue Underpass,,Sideswipe-Same Direction,2,Clear,Dry,Daylight
2021-09-14T17:48:00.000,I 85,I 85 and Edgewood Avenue Underpass,,Angle Crash,2,Cloudy,Dry,Daylight
2021-08-23T14:19:00.000,I 85,I 85 and Edgewood Avenue Underpass,,Rear End,2,Clear,Dry,Daylight
2021-09-17T07:36:00.000,I 85,I 85 and Edgewood Avenue Underpass,,Rear End,2,Cloudy,Wet,Daylight
2022-02-10T13:10:00.000,I 85,I 85 and Edgewood Avenue Underpass,,Sideswipe-Same Direction,2,Clear,Dry,Daylight
2020-08-21T18:31:00.000,I 85,I 85 and Edgewood Avenue Exit Rp,,Rear End,2,Rain,Wet,Daylight
2020-07-27T10:52:00.000,I 85,I 85 and Edgewood Avenue Exit Rp,,Sideswipe-Same Direction,2,Clear,Dry,Daylight
2020-10-05T09:22:00.000,I 85,I 85 and Edgewood Avenie,,Sideswipe-Same Direction,2,Clear,Dry,Daylight
2021-01-29T13:54:00.000,I 85,I 85 and Edgewood Ave,,Sideswipe-Same Direction,2,Clear,Dry,Daylight
2021-06-15T14:54:00.000,I 85,I 85 and Edgewood Ave,,Rear End,3,Clear,Dry,Daylight
2021-05-11T15:19:00.000,I 85,I 85 and Edgewood Ave,,Rear End,2,Clear,Dry,Daylight
2021-03-05T14:19:00.000,I 85,I 85 and Edgewood Ave,,Rear End,2,Clear,Dry,Daylight
2021-05-27T08:00:00.000,I 85,I 85 and Edgewood Ave,,Rear End,2,Cloudy,Dry,Daylight
2021-04-08T17:00:00.000,I 85,I 85 and Edgewood Ave,,Sideswipe-Same Direction,2,Clear,Dry,Daylight
2021-04-20T15:50:00.000,I 85,I 85 and Edgewood Ave,,Rear End,2,Clear,Dry,Daylight
2021-06-28T14:02:00.000,I 85,I 85 and Edgewood Ave,,Sideswipe-Same Direction,2,Clear,Dry,Daylight
2021-08-06T16:50:00.000,I 85,I 85 and Edgewood Ave,,Rear End,2,Clear,Dry,Daylight
2021-09-13T18:15:00.000,I 85,I 85 and Edgewood Ave,,Sideswipe-Same Direction,3,Clear,Dry,Daylight
2021-09-16T14:13:00.000,I 85,I 85 and Edgewood Ave,,Rear End,3,Rain,Wet,Daylight
2021-08-13T12:37:00.000,I 85,I 85 and Edgewood Ave,,Sideswipe-Same Direction,2,Clear,Dry,Daylight
2021-08-03T09:40:00.000,I 85,I 85 and Edgewood Ave,,Rear End,3,Clear,Dry,Daylight
2021-07-26T10:34:00.000,I 85,I 85 and Edgewood Ave,,Rear End,2,Cloudy,Dry,Daylight
2021-07-15T18:00:00.000,I 85,I 85 and Edgewood Ave,,Sideswipe-Same Direction,2,Clear,Dry,Daylight
2021-04-15T12:32:00.000,I 85,I 85 and Edgewood Ave,,Rear End,2,Clear,Dry,Daylight
2021-02-24T18:10:00.000,I 85,I 85 and Edgewood Ave,,Rear End,3,Clear,Dry,Daylight
2021-04-02T10:30:00.000,I 85,I 85 and Edgewood Ave,,Rear End,2,Clear,Dry,Daylight
2021-05-11T10:21:00.000,I 85,I 85 and Edgewood Ave,,Sideswipe-Same Direction,2,Cloudy,Dry,Daylight
2021-01-22T14:25:00.000,I 85,I 85 and Edgewood Ave,,Rear End,2,Clear,Dry,Daylight
2021-06-15T15:39:00.000,I 85,I 85 and Edgewood Ave,,Sideswipe-Same Direction,2,Clear,Dry,Daylight
2021-04-29T13:45:00.000,I 85,I 85 and Edgewood Ave,,Sideswipe-Same Direction,2,Cloudy,Dry,Daylight
2021-06-25T14:30:00.000,I 85,I 85 and Edgewood Ave,,Rear End,2,Clear,Dry,Daylight
2021-06-07T08:43:00.000,I 85,I 85 and Edgewood Ave,,Rear End,2,Rain,Wet,Daylight
2021-05-07T19:35:00.000,I 85,I 85 and Edgewood Ave,,Sideswipe-Same Direction,2,Clear,Dry,Daylight
2021-03-25T18:00:00.000,I 85,I 85 and Edgewood Ave,,Rear End,3,Cloudy,Dry,Daylight
2021-01-22T18:00:00.000,I 85,I 85 and Edgewood Ave,,Sideswipe-Same Direction,2,Clear,Dry,Dark-Not Lighted
2021-02-19T19:13:00.000,I 85,I 85 and Edgewood Ave,,Rear End,2,Clear,Dry,Dark-Lighted
2021-02-24T15:35:00.000,I 85,I 85 and Edgewood Ave,,Rear End,2,Clear,Dry,Daylight
2021-06-17T09:10:00.000,I 85,I 85 and Edgewood Ave,,Sideswipe-Same Direction,2,Clear,Dry,Daylight
2021-05-20T10:00:00.000,I 85,I 85 and Edgewood Ave,,Rear End,2,Clear,Dry,Daylight
2021-06-03T09:04:00.000,I 85,I 85 and Edgewood Ave,,Rear End,2,Cloudy,Dry,Daylight
2021-04-28T18:36:00.000,I 85,I 85 and Edgewood Ave,,Sideswipe-Same Direction,2,Clear,Dry,Daylight
2021-01-21T16:50:00.000,I 85,I 85 and Edgewood Ave,,Rear End,2,Rain,Wet,Daylight
2021-04-13T13:19:00.000,I 85,I 85 and Edgewood Ave,,Sideswipe-Same Direction,2,Clear,Dry,Daylight
2021-09-03T11:29:00.000,I 85,I 85 and Edgewood Ave,,Rear End,2,Clear,Dry,Daylight
2021-07-23T08:26:00.000,I 85,I 85 and Edgewood Ave,,Rear End,2,Clear,Dry,Daylight
2021-07-01T07:20:00.000,I 85,I 85 and Edgewood Ave,,Rear End,3,Clear,Dry,Daylight
2021-09-16T11:55:00.000,I 85,I 85 and Edgewood Ave,,Rear End,2,Rain,Wet,Daylight
2021-07-13T11:53:00.000,I 85,I 85 and Edgewood Ave,,Sideswipe-Same Direction,2,Clear,Dry,Daylight
2021-08-03T09:40:00.000,I 85,I 85 and Edgewood Ave,,Rear End,3,Clear,Dry,Daylight
2021-09-21T06:55:00.000,I 85,I 85 and Edgewood Ave,,Rear End,2,Cloudy,Wet,Daylight
2021-09-16T15:59:00.000,I 85,I 85 and Edgewood Ave,,Sideswipe-Same Direction,2,Rain,Wet,Daylight
2021-07-19T10:48:00.000,I 85,I 85 and Edgewood Ave,,Rear End,2,Cloudy,Wet,Daylight
2021-08-13T14:41:00.000,I 85,I 85 and Edgewood Ave,,Sideswipe-Same Direction,2,Cloudy,Dry,Daylight
2021-07-20T16:20:00.000,I 85,I 85 and Edgewood Ave,,Rear End,2,Cloudy,Dry,Daylight
2021-06-28T13:01:00.000,I 85,I 85 and Edgewood Ave,,Rear End,2,Clear,Dry,Daylight
2021-03-26T14:33:00.000,I 85,I 85 and Edgewood Ave,,Rear End,2,Clear,Dry,Daylight
2021-04-09T14:50:00.000,I 85,I 85 and Edgewood Ave,,Sideswipe-Same Direction,2,Cloudy,Dry,Daylight
2021-04-12T16:42:00.000,I 85,I 85 and Edgewood Ave,,Sideswipe-Same Direction,2,Clear,Dry,Daylight
2021-01-26T10:20:00.000,I 85,I 85 and Edgewood Ave,,Sideswipe-Same Direction,3,Clear,Wet,Daylight
2021-06-09T09:07:00.000,I 85,I 85 and Edgewood Ave,,Rear End,2,Cloudy,Dry,Daylight
2021-05-11T18:28:00.000,I 85,I 85 and Edgewood Ave,,Rear End,2,Clear,Dry,Daylight
2021-02-26T14:40:00.000,I 85,I 85 and Edgewood Ave,,Rear End,4,Rain,Wet,Daylight
2021-02-01T14:35:00.000,I 85,I 85 and Edgewood Ave,,Sideswipe-Same Direction,2,Cloudy,Dry,Daylight
2021-09-28T13:10:00.000,I 85,I 85 and Edgewood Ave,,Sideswipe-Same Direction,2,Clear,Dry,Daylight
2021-08-17T14:45:00.000,I 85,I 85 and Edgewood Ave,,Rear End,3,Cloudy,Wet,Daylight
2021-08-25T13:45:00.000,I 85,I 85 and Edgewood Ave,,Rear End,3,Clear,Dry,Daylight
2021-03-10T18:20:00.000,I 85,I 85 and Edgewood Ave,,Rear End,2,Clear,Dry,Daylight
2021-03-05T16:34:00.000,I 85,I 85 and Edgewood Ave,,Rear End,2,Clear,Dry,Daylight
2020-10-15T10:11:00.000,I 85,I 85 and Edgewood Ave,,Rear End,2,Clear,Dry,Daylight
2020-06-15T18:30:00.000,I 85,I 85 and Edgewood Ave,,Rear End,2,Clear,Dry,Daylight
2020-01-16T10:45:00.000,I 85,I 85 and Edgewood Ave,,Rear End,2,Clear,Dry,Daylight
2020-03-06T17:17:00.000,I 85,I 85 and Edgewood Ave,,Sideswipe-Same Direction,2,Clear,Dry,Daylight
2020-06-16T16:15:00.000,I 85,I 85 and Edgewood Ave,,Angle Crash,2,Clear,Dry,Daylight
2020-08-24T05:36:00.000,I 85,I 85 and Edgewood Ave,,Sideswipe-Same Direction,2,Rain,Wet,Dark-Lighted
2020-11-05T13:40:00.000,I 85,I 85 and Edgewood Ave,,Rear End,3,Clear,Dry,Daylight
2020-07-09T18:10:00.000,I 85,I 85 and Edgewood Ave,,Rear End,3,Cloudy,Wet,Daylight
2021-03-10T07:55:00.000,I 85,I 85 and Edgewood Ave,,Sideswipe-Same Direction,2,Clear,Dry,Daylight
2021-03-10T13:35:00.000,I 85,I 85 and Edgewood Ave,,Rear End,2,Clear,Dry,Daylight
2020-08-21T11:05:00.000,I 85,I 85 and Edgewood Ave,,Sideswipe-Same Direction,3,Cloudy,Dry,Daylight
2020-01-31T13:33:00.000,I 85,I 85 and Edgewood Ave,,Rear End,3,Rain,Wet,Daylight
2020-12-22T11:29:00.000,I 85,I 85 and Edgewood Ave,,Rear End,2,Clear,Dry,Daylight
2020-08-24T18:59:00.000,I 85,I 85 and Edgewood Ave,,Angle Crash,2,Rain,Wet,Daylight
2020-09-03T09:50:00.000,I 85,I 85 and Edgewood Ave,,Sideswipe-Same Direction,3,Clear,Dry,Daylight
2020-10-28T07:45:00.000,I 85,I 85 and Edgewood Ave,,Rear End,2,Rain,Wet,Dawn
2020-12-14T07:37:00.000,I 85,I 85 and Edgewood Ave,,Rear End,2,Rain,Wet,Daylight
2020-11-20T12:24:00.000,I 85,I 85 and Edgewood Ave,,Rear End,4,Clear,Dry,Daylight
2020-11-09T12:52:00.000,I 85,I 85 and Edgewood Ave,,Rear End,3,Cloudy,Dry,Daylight
2020-01-21T11:18:00.000,I 85,I 85 and Edgewood Ave,,Rear End,2,Clear,Dry,Daylight
2020-02-21T19:29:00.000,I 85,I 85 and Edgewood Ave,,Rear End,2,Rain,Wet,Dusk
2020-12-21T11:20:00.000,I 85,I 85 and Edgewood Ave,,Sideswipe-Same Direction,2,Clear,Dry,Daylight
2020-09-04T11:40:00.000,I 85,I 85 and Edgewood Ave,,Rear End,2,Clear,Dry,Daylight
2020-12-21T11:54:00.000,I 85,I 85 and Edgewood Ave,,Sideswipe-Same Direction,2,Clear,Dry,Daylight
2020-03-02T14:05:00.000,I 85,I 85 and Edgewood Ave,,Sideswipe-Same Direction,2,Rain,Wet,Daylight
2020-09-25T18:35:00.000,I 85,I 85 and Edgewood Ave,,Rear End,2,Clear,Dry,Daylight
2020-03-09T14:10:00.000,I 85,I 85 and Edgewood Ave,,Sideswipe-Same Direction,2,Cloudy,Dry,Daylight
2020-02-14T15:06:00.000,I 85,I 85 and Edgewood Ave,,Sideswipe-Same Direction,2,Clear,Dry,Daylight
2020-12-31T21:31:00.000,I 85,I 85 and Edgewood Ave,,Sideswipe-Same Direction,3,Cloudy,Wet,Dark-Lighted
2020-03-11T08:20:00.000,I 85,I 85 and Edgewood Ave,,Sideswipe-Same Direction,2,Cloudy,Dry,Daylight
2020-07-02T18:00:00.000,I 85,I 85 and Edgewood Ave,,Rear End,2,Clear,Dry,Daylight
2020-07-29T14:30:00.000,I 85,I 85 and Edgewood Ave,,Rear End,2,Cloudy,Dry,Daylight
2020-02-12T07:37:00.000,I 85,I 85 and Edgewood Ave,,Rear End,2,Clear,Wet,Daylight
2020-08-20T07:40:00.000,I 85,I 85 and Edgewood Ave,,Rear End,2,Clear,Dry,Daylight
2020-12-11T11:05:00.000,I 85,I 85 and Edgewood Ave,,Rear End,4,Clear,Dry,Daylight
2020-11-17T15:00:00.000,I 85,I 85 and Edgewood Ave,,Sideswipe-Same Direction,2,Clear,Dry,Daylight
2020-01-08T15:15:00.000,I 85,I 85 and Edgewood Ave,,Rear End,2,Clear,Dry,Daylight
2020-03-02T18:40:00.000,I 85,I 85 and Edgewood Ave,,Rear End,2,Rain,Wet,Dark-Lighted
2020-12-11T19:20:00.000,I 85,I 85 and Edgewood Ave,,Rear End,3,Clear,Dry,Daylight
2020-02-08T05:44:00.000,I 85,I 85 and Edgewood Ave,,Sideswipe-Same Direction,2,Clear,Dry,Dark-Lighted
2020-11-30T11:50:00.000,I 85,I 85 and Edgewood Ave,,Sideswipe-Same Direction,2,Clear,Dry,Daylight
2020-12-17T17:02:00.000,I 85,I 85 and Edgewood Ave,,Sideswipe-Same Direction,2,Clear,Dry,Daylight
2020-02-17T19:25:00.000,I 85,I 85 and Edgewood Ave,,Rear End,2,Cloudy,Dry,Dark-Lighted
2020-11-16T14:15:00.000,I 85,I 85 and Edgewood Ave,,Rear End,2,Clear,Dry,Daylight
2020-05-28T17:40:00.000,I 85,I 85 and Edgewood Ave,,Rear End,2,Clear,Dry,Daylight
2020-01-03T16:40:00.000,I 85,I 85 and Edgewood Ave,,Rear End,2,Rain,Wet,Daylight
2020-10-28T10:37:00.000,I 85,I 85 and Edgewood Ave,,Rear End,2,Rain,Wet,Daylight
2020-07-31T13:29:00.000,I 85,I 85 and Edgewood Ave,,Sideswipe-Same Direction,2,Cloudy,Dry,Daylight