Date and Time,Roadway (From Crash Report),Intersection Name (from Crash Report),KABCO Severity,Manner of Collision (Crash Level) ,# of Vehicles per crash ,Weather Conditions (Crash Level),Surface Condition (Crash Level) ,Light Conditions (Crash Level)
2020-10-30T18:40:00.000,I 85,I 85 and Edgewood Ave,,Sideswipe-Same Direction,2,Clear,Dry,Dusk
2020-06-22T19:47:00.000,I 85,I 85 and Edgewood Ave,,Sideswipe-Same Direction,2,Rain,Wet,Daylight
2020-07-09T15:20:00.000,I 85,I 85 and Edgewood Ave,,Sideswipe-Same Direction,2,Cloudy,Dry,Daylight
2020-11-17T08:07:00.000,I 85,I 85 and Edgewood Ave,,Rear End,2,Clear,Dry,Daylight
2020-01-31T17:20:00.000,I 85,I 85 and Edgewood Ave,,Sideswipe-Same Direction,2,Clear,Dry,Dark-Lighted
2020-11-20T16:24:00.000,I 85,I 85 and Edgewood Ave,,Rear End,2,Clear,Dry,Daylight
2020-02-25T19:11:00.000,I 85,I 85 and Edgewood Ave,,Sideswipe-Same Direction,2,Cloudy,Dry,Dark-Not Lighted
2020-05-18T05:50:00.000,I 85,I 85 and Edgewood Ave,,Not a Collision with Motor Vehicle,1,Cloudy,Dry,Dark-Lighted
2020-08-24T07:10:00.000,I 85,I 85 and Edgewood Ave,,Sideswipe-Same Direction,2,Rain,Wet,Daylight
2020-09-10T10:16:00.000,I 85,I 85 and Edgewood Ave,,Rear End,2,Cloudy,Dry,Daylight
2020-09-08T14:25:00.000,I 85,I 85 and Edgewood Ave,,Rear End,3,Clear,Dry,Daylight
2020-09-21T17:35:00.000,I 85,I 85 and Edgewood Ave,,Sideswipe-Same Direction,2,Clear,Dry,Daylight
2020-01-19T19:29:00.000,I 85,I 85 and Edgewood Ave,,Rear End,2,Clear,Dry,Dark-Not Lighted
2020-11-30T12:42:00.000,I 85,I 85 and Edgewood Ave,,Rear End,2,Cloudy,Dry,Daylight
2020-12-14T06:59:00.000,I 85,I 85 and Edgewood Ave,,Rear End,2,Rain,Wet,Dawn
2020-02-18T13:40:00.000,I 85,I 85 and Edgewood Ave,,Sideswipe-Same Direction,3,Cloudy,Wet,Daylight
2020-08-25T12:35:00.000,I 85,I 85 and Edgewood Ave,,Sideswipe-Same Direction,2,Rain,Wet,Daylight
2020-06-10T19:10:00.000,I 85,I 85 and Edgewood Ave,,Not a Collision with Motor Vehicle,1,Cloudy,Wet,Daylight
2020-11-20T12:50:00.000,I 85,I 85 and Edgewood Ave,,Rear End,2,Clear,Dry,Daylight
2020-07-16T09:15:00.000,I 85,I 85 and Edgewood Ave,,Sideswipe-Same Direction,2,Clear,Dry,Daylight
2020-06-21T16:02:00.000,I 85,I 85 and Edgewood Ave,,Rear End,3,Cloudy,Dry,Daylight
2020-10-23T13:52:00.000,I 85,I 85 and Edgewood Ave,,Sideswipe-Same Direction,2,Cloudy,Dry,Daylight
2020-09-22T16:23:00.000,I 85,I 85 and Edgewood Ave,,Sideswipe-Same Direction,2,Clear,Dry,Daylight
2020-10-27T07:55:00.000,I 85,I 85 and Edgewood Ave,,Sideswipe-Same Direction,2,Cloudy,Dry,Daylight
2020-06-22T20:59:00.000,I 85,I 85 and Edgewood Ave,,Rear End,2,Clear,Wet,Dark-Not Lighted
2020-01-30T15:40:00.000,I 85,I 85 and Edgewood Ave,,Rear End,2,Clear,Dry,Daylight
2020-05-22T14:17:00.000,I 85,I 85 and Edgewood Ave,,Sideswipe-Same Direction,2,Clear,Dry,Daylight
2020-11-16T14:56:00.000,I 85,I 85 and Edgewood Ave,,Rear End,2,Clear,Dry,Daylight
2020-08-12T08:00:00.000,I 85,I 85 and Edgewood Ave,,Sideswipe-Same Direction,2,Clear,Dry,Daylight
2020-11-11T18:08:00.000,I 85,I 85 and Edgewood Ave,,Rear End,2,Cloudy,Dry,Dusk
2020-10-14T19:31:00.000,I 85,I 85 and Edgewood Ave,,Sideswipe-Same Direction,2,Cloudy,Dry,Dark-Lighted
2020-03-05T06:10:00.000,I 85,I 85 and Edgewood Ave,,Rear End,2,Rain,Wet,Dark-Lighted
2020-12-29T16:15:00.000,I 85,I 85 and Edgewood Ave,,Sideswipe-Same Direction,2,Clear,Dry,Daylight
2020-10-05T14:40:00.000,I 85,I 85 and Edgewood Ave,,Sideswipe-Same Direction,3,Clear,Dry,Daylight
2020-06-10T13:45:00.000,I 85,I 85 and Edgewood Ave,,Sideswipe-Same Direction,2,Cloudy,Dry,Daylight
2020-11-13T13:45:00.000,I 85,I 85 and Edgewood Ave,,Rear End,2,Clear,Dry,Daylight
2020-11-12T19:10:00.000,I 85,I 85 and Edgewood Ave,,Sideswipe-Same Direction,2,Clear,Dry,Dark-Not Lighted
2020-06-15T16:45:00.000,I 85,I 85 and Edgewood Ave,,Sideswipe-Same Direction,2,Rain,Wet,Daylight
2020-09-28T15:00:00.000,I 85,I 85 and Edgewood Ave,,Rear End,2,Clear,Dry,Daylight
2020-07-16T15:25:00.000,I 85,I 85 and Edgewood Ave,,Sideswipe-Same Direction,3,Clear,Dry,Daylight
2020-10-15T19:45:00.000,I 85,I 85 and Edgewood Ave,,Rear End,3,Clear,Dry,Dark-Lighted
2020-12-14T14:50:00.000,I 85,I 85 and Edgewood Ave,,Sideswipe-Same Direction,2,Clear,Dry,Daylight
2020-01-13T16:50:00.000,I 85,I 85 and Edgewood Ave,,Rear End,2,Cloudy,Wet,Daylight
2020-06-22T16:30:00.000,I 85,I 85 and Edgewood Ave,,Sideswipe-Same Direction,2,Clear,Wet,Daylight
2020-01-16T19:30:00.000,I 85,I 85 and Edgewood Ave,,Sideswipe-Same Direction,3,Cloudy,Dry,Dark-Lighted
2020-06-24T15:25:00.000,I 85,I 85 and Edgewood Ave,,Not a Collision with Motor Vehicle,1,Rain,Wet,Daylight
2020-09-29T10:39:00.000,I 85,I 85 and Edgewood Ave,,Rear End,2,Rain,Wet,Daylight
2020-11-24T11:54:00.000,I 85,I 85 and Edgewood Ave,,Rear End,2,Clear,Dry,Daylight
2020-08-24T19:10:00.000,I 85,I 85 and Edgewood Ave,,Angle Crash,3,Rain,Wet,Daylight
2020-03-12T11:09:00.000,I 85,I 85 and Edgewood Ave,,Rear End,2,Cloudy,Wet,Daylight
2020-06-10T14:20:00.000,I 85,I 85 and Edgewood Ave,,Rear End,2,Cloudy,Dry,Daylight
2020-05-21T14:44:00.000,I 85,I 85 and Edgewood Ave,,Rear End,2,Clear,Dry,Daylight
2020-09-18T19:35:00.000,I 85,I 85 and Edgewood Ave,,Rear End,3,Clear,Dry,Dark-Lighted
2020-12-08T12:25:00.000,I 85,I 85 and Edgewood Ave,,Rear End,2,Clear,Dry,Daylight
2020-12-29T16:40:00.000,I 85,I 85 and Edgewood Ave,,Rear End,2,Clear,Dry,Daylight
2020-10-26T19:20:00.000,I 85,I 85 and Edgewood Ave,,Rear End,2,Cloudy,Dry,Dark-Lighted
2020-01-21T19:39:00.000,I 85,I 85 and Edgewood Ave,,Sideswipe-Same Direction,2,Clear,Dry,Dark-Lighted
2020-11-11T13:24:00.000,I 85,I 85 and Edgewood Ave,,Sideswipe-Same Direction,3,Rain,Wet,Daylight
2020-11-16T15:05:00.000,I 85,I 85 and Edgewood Ave,,Rear End,3,Clear,Dry,Daylight
2020-12-08T12:25:00.000,I 85,I 85 and Edgewood Ave,,Rear End,3,Clear,Dry,Daylight
2020-11-05T18:25:00.000,I 85,I 85 and Edgewood Ave,,Sideswipe-Same Direction,2,Clear,Dry,Dark-Lighted
2020-11-20T13:45:00.000,I 85,I 85 and Edgewood Ave,,Rear End,2,Clear,Dry,Daylight
2020-03-24T10:30:00.000,I 85,I 85 and Edgewood Ave,,Sideswipe-Same Direction,2,Rain,Wet,Daylight
2021-02-12T16:26:00.000,I 85,I 85 and Edgewood Ave,,Sideswipe-Same Direction,2,Cloudy,Dry,Daylight
2021-03-22T13:10:00.000,I 85,I 85 and Edgewood Ave,,Rear End,2,Clear,Dry,Daylight
2021-06-25T15:20:00.000,I 85,I 85 and Edgewood Ave,,Sideswipe-Same Direction,2,Clear,Dry,Daylight
2021-02-22T15:40:00.000,I 85,I 85 and Edgewood Ave,,Sideswipe-Same Direction,3,Clear,Dry,Daylight
2021-05-12T15:28:00.000,I 85,I 85 and Edgewood Ave,,Rear End,2,Cloudy,Wet,Daylight
2021-04-23T17:00:00.000,I 85,I 85 and Edgewood Ave,,Rear End,2,Clear,Dry,Daylight
2021-06-11T08:30:00.000,I 85,I 85 and Edgewood Ave,,Rear End,3,Cloudy,Dry,Daylight
2021-03-02T15:20:00.000,I 85,I 85 and Edgewood Ave,,Sideswipe-Same Direction,2,Cloudy,Dry,Daylight
2021-06-23T00:29:00.000,I 85,I 85 and Edgewood Ave,,Rear End,3,Clear,Dry,Daylight
2021-02-21T16:23:00.000,I 85,I 85 and Edgewood Ave,,Rear End,2,Clear,Dry,Daylight
2021-02-08T16:00:00.000,I 85,I 85 and Edgewood Ave,,Rear End,3,Clear,Dry,Daylight
2021-06-04T14:38:00.000,I 85,I 85 and Edgewood Ave,,Sideswipe-Same Direction,2,Clear,Dry,Daylight
2021-04-15T12:06:00.000,I 85,I 85 and Edgewood Ave,,Rear End,2,Cloudy,Dry,Daylight
2021-05-31T16:30:00.000,I 85,I 85 and Edgewood Ave,,Sideswipe-Same Direction,2,Cloudy,Dry,Daylight
2021-06-23T11:37:00.000,I 85,I 85 and Edgewood Ave,,Sideswipe-Same Direction,2,Clear,Dry,Daylight
2021-02-12T17:00:00.000,I 85,I 85 and Edgewood Ave,,Sideswipe-Same Direction,2,Cloudy,Dry,Daylight
2021-02-26T14:40:00.000,I 85,I 85 and Edgewood Ave,,Rear End,2,Rain,Wet,Daylight
2021-01-27T16:12:00.000,I 85,I 85 and Edgewood Ave,,Sideswipe-Same Direction,3,Cloudy,Dry,Daylight
2021-06-01T08:40:00.000,I 85,I 85 and Edgewood Ave,,Rear End,2,Clear,Dry,Daylight
2021-06-07T08:05:00.000,I 85,I 85 and Edgewood Ave,,Rear End,3,Cloudy,Wet,Daylight
2021-06-22T12:10:00.000,I 85,I 85 and Edgewood Ave,,Rear End,2,Rain,Wet,Daylight
2021-07-20T12:23:00.000,I 85,I 85 and Edgewood Ave,,Sideswipe-Same Direction,2,Cloudy,Wet,Daylight
2021-09-14T15:50:00.000,I 85,I 85 and Edgewood Ave,,Angle Crash,2,Cloudy,Dry,Daylight
2021-08-30T08:10:00.000,I 85,I 85 and Edgewood Ave,,Rear End,2,Clear,Dry,Daylight
2021-08-06T09:24:00.000,I 85,I 85 and Edgewood Ave,,Rear End,3,Clear,Dry,Daylight
2021-08-26T16:13:00.000,I 85,I 85 and Edgewood Ave,,Sideswipe-Same Direction,2,Clear,Dry,Daylight
2021-09-16T06:40:00.000,I 85,I 85 and Edgewood Ave,,Rear End,2,Rain,Wet,Daylight
2021-07-28T16:07:00.000,I 85,I 85 and Edgewood Ave,,Sideswipe-Same Direction,2,Cloudy,Dry,Daylight
2021-09-28T07:50:00.000,I 85,I 85 and Edgewood Ave,,Sideswipe-Same Direction,2,Clear,Dry,Daylight
2021-08-11T12:44:00.000,I 85,I 85 and Edgewood Ave,,Sideswipe-Same Direction,2,Cloudy,Dry,Daylight
2021-07-28T10:49:00.000,I 85,I 85 and Edgewood Ave,,Rear End,3,Clear,Dry,Daylight
2021-09-20T15:10:00.000,I 85,I 85 and Edgewood Ave,,Rear End,2,Rain,Wet,Daylight
2021-07-05T19:20:00.000,I 85,I 85 and Edgewood Ave,,Sideswipe-Same Direction,2,Clear,Dry,Daylight
2021-08-20T06:20:00.000,I 85,I 85 and Edgewood Ave,,Sideswipe-Same Direction,2,Cloudy,Dry,Dark-Lighted
2021-09-14T11:05:00.000,I 85,I 85 and Edgewood Ave,,Sideswipe-Same Direction,2,Clear,Dry,Daylight
2021-07-26T06:25:00.000,I 85,I 85 and Edgewood Ave,,Sideswipe-Same Direction,2,Clear,Dry,Daylight
2021-08-12T16:42:00.000,I 85,I 85 and Edgewood Ave,,Rear End,2,Cloudy,Dry,Daylight
2021-09-27T14:41:00.000,I 85,I 85 and Edgewood Ave,,Sideswipe-Same Direction,2,Clear,Dry,Daylight
2021-07-26T14:02:00.000,I 85,I 85 and Edgewood Ave,,Rear End,2,Cloudy,Dry,Daylight
2021-08-17T14:56:00.000,I 85,I 85 and Edgewood Ave,,Angle Crash,2,Rain,Wet,Daylight
2021-07-01T07:17:00.000,I 85,I 85 and Edgewood Ave,,Rear End,3,Clear,Dry,Daylight
2021-08-11T13:55:00.000,I 85,I 85 and Edgewood Ave,,Rear End,2,Cloudy,Dry,Daylight
2021-08-25T19:50:00.000,I 85,I 85 and Edgewood Ave,,Sideswipe-Same Direction,2,Clear,Dry,Daylight
2021-09-08T07:41:00.000,I 85,I 85 and Edgewood Ave,,Rear End,2,Clear,Dry,Daylight
2021-09-16T07:06:00.000,I 85,I 85 and Edgewood Ave,,Rear End,2,Rain,Wet,Daylight
2021-08-25T15:51:00.000,I 85,I 85 and Edgewood Ave,,Sideswipe-Same Direction,2,Clear,Dry,Daylight
2021-07-26T14:45:00.000,I 85,I 85 and Edgewood Ave,,Rear End,2,Clear,Dry,Daylight
2021-07-28T09:50:00.000,I 85,I 85 and Edgewood Ave,,Sideswipe-Same Direction,2,Clear,Dry,Daylight
2021-07-14T13:20:00.000,I 85,I 85 and Edgewood Ave,,Rear End,3,Clear,Dry,Daylight
2021-09-29T16:05:00.000,I 85,I 85 and Edgewood Ave,,Rear End,2,Clear,Dry,Daylight
2021-04-08T17:25:00.000,I 85,I 85 and Edgewood,,Rear End,2,Clear,Dry,Daylight
2021-01-06T14:10:00.000,I 85,I 85 and Edgewood,,Sideswipe-Same Direction,2,Clear,Dry,Daylight
2021-05-11T09:02:00.000,I 85,I 85 and Edgewood,,Rear End,2,Cloudy,Dry,Daylight
2021-04-20T19:43:00.000,I 85,I 85 and Edgewood,,Rear End,2,Cloudy,Dry,Dusk
2021-03-16T07:53:00.000,I 85,I 85 and Edgewood,,Rear End,2,Rain,Wet,Daylight
2021-05-21T15:19:00.000,I 85,I 85 and Edgewood,,Rear End,3,Clear,Dry,Daylight
2020-06-10T19:30:00.000,I 85,I 85 and Edgewood,,Rear End,2,Cloudy,Wet,Daylight
2020-07-10T17:37:00.000,I 85,I 85 and Edgewood,,Rear End,2,Clear,Dry,Daylight
2020-05-28T06:54:00.000,I 85,I 85 and Edgewood,,Angle Crash,3,Cloudy,Wet,Daylight
2021-06-04T11:21:00.000,I 85,I 85 and Edgewod Ave,,Sideswipe-Same Direction,2,Cloudy,Dry,Daylight
2021-10-10T10:48:00.000,I 85,I 85 and E Main St,,Rear End,2,Clear,Dry,Daylight
2021-08-05T17:07:00.000,I 85,I 85 and E Main St,,Rear End,2,Clear,Dry,Daylight
2021-09-09T18:34:00.000,I 85,I 85 and E Main St,,Rear End,2,Clear,Dry,Daylight
2021-05-14T16:01:00.000,I 85,I 85 and E Main St,,Head On,2,Clear,Dry,Daylight
2021-12-08T06:44:00.000,I 85,I 85 and E Main St,,Not a Collision with Motor Vehicle,1,Rain,Wet,Dark-Lighted
2021-11-22T08:00:00.000,I 85,I 85 and E Main St,,Rear End,2,Clear,Dry,Daylight
2021-11-26T16:59:00.000,I 85,I 85 and E Main St,,Rear End,2,Clear,Dry,Daylight
2021-07-27T14:42:00.000,I 85,I 85 and E Main St,,Rear End,2,Cloudy,Dry,Daylight
2021-03-05T15:51:00.000,I 85,I 85 and E Main St,,Rear End,2,Clear,Dry,Daylight
2021-07-16T16:15:00.000,I 85,I 85 and E Main St,,Rear End,2,Cloudy,Dry,Daylight
2021-04-25T15:08:00.000,I 85,I 85 and E Main St,,(None),2,(None),(None),(None)
2023-02-01T17:20:00.000,I 85,I 85 and E Main St,,Rear End,2,Cloudy,Dry,Daylight
2023-11-09T17:05:00.000,I 85,I 85 and E Main St,,Rear End,2,Cloudy,Dry,Daylight
2023-02-12T07:10:00.000,I 85,I 85 and E Main St,,Not a Collision with Motor Vehicle,1,Rain,Wet,Dusk
2023-06-04T12:50:00.000,I 85,I 85 and E Main St,,Rear End,2,Cloudy,Dry,Daylight
2023-11-21T15:48:00.000,I 85,I 85 and E Main St,,Sideswipe-Same Direction,2,Rain,Wet,Daylight
2023-08-04T18:33:00.000,I 85,I 85 and E Main St,,Rear End,2,Cloudy,Dry,Daylight
2023-04-06T13:10:00.000,I 85,I 85 and E Main St,,Rear End,2,Clear,Dry,Daylight
2022-11-22T16:31:00.000,I 85,I 85 and E Main St,,Rear End,3,Cloudy,Dry,Daylight
2022-07-01T13:55:00.000,I 85,I 85 and E Main St,,Rear End,2,Rain,Wet,Daylight
2022-10-02T02:37:00.000,I 85,I 85 and E Main St,,Not a Collision with Motor Vehicle,1,Clear,Dry,Dark-Not Lighted
2020-02-26T03:22:00.000,I 85,I 85 and E Main St,,Sideswipe-Same Direction,2,Clear,Dry,Dark-Not Lighted
2020-06-12T11:15:00.000,I 85,I 85 and E Main St,,Rear End,2,Clear,Dry,Daylight
2020-03-20T06:10:00.000,I 85,I 85 and E Main St,,Sideswipe-Same Direction,2,Clear,Dry,Dark-Not Lighted
2020-03-13T13:31:00.000,I 85,I 85 and E Main St,,Rear End,2,Cloudy,(None),Daylight
2021-06-15T09:21:00.000,I 85,I 85 and E Main St,,Rear End,2,Clear,Dry,Daylight
2021-08-20T17:21:00.000,I 85,I 85 and E Main St,,Not a Collision with Motor Vehicle,1,Rain,Wet,Daylight
2021-10-15T16:28:00.000,I 85,I 85 and E Main St,,Rear End,2,Clear,Dry,Daylight
2021-09-10T17:47:00.000,I 85,I 85 and E Main St,,(None),2,(None),(None),(None)
2021-11-14T23:50:00.000,I 85,I 85 and E Main St,,Not a Collision with Motor Vehicle,1,Clear,Dry,Dark-Not Lighted
2022-05-08T20:02:00.000,I 85,I 85 and E Main St,,Rear End,2,Clear,Dry,Daylight
2021-09-21T18:02:00.000,I 85,I 85 and E Main St,,Rear End,2,Cloudy,Dry,Daylight
2021-09-06T12:29:00.000,I 85,I 85 and E Main St,,(None),2,(None),(None),(None)
2021-11-20T07:01:00.000,I 85,I 85 and E Main St,,Head On,1,Clear,Dry,Daylight
2022-09-14T15:47:00.000,I 85,I 85 and E Main St,,Rear End,2,Clear,Dry,Daylight
2022-10-16T04:45:00.000,I 85,I 85 and E Main St,,Rear End,2,Cloudy,Dry,Dark-Not Lighted
2022-07-14T17:25:00.000,I 85,I 85 and E Main St,,Angle Crash,2,Rain,Wet,Daylight
2022-07-28T17:45:00.000,I 85,I 85 and E Main St,,Rear End,2,Clear,Dry,Daylight
2021-09-26T17:42:00.000,I 85,I 85 and E Main St,,Rear End,2,Clear,Dry,Daylight
2022-06-12T17:05:00.000,I 85,I 85 and E Main St,,Rear End,2,Clear,Dry,Daylight
2022-06-27T20:13:00.000,I 85,I 85 and E Main St,,Rear End,2,Cloudy,Dry,Dark-Lighted
2022-12-26T10:03:00.000,I 85,I 85 and E Main St,,Rear End,2,Clear,Dry,Daylight
2022-08-28T17:55:00.000,I 85,I 85 and E Main St,,Rear End,2,Clear,Dry,Daylight
2022-04-10T20:47:00.000,I 85,I 85 and E Main St,,Sideswipe-Same Direction,2,Clear,Dry,Dark-Lighted
2022-02-24T11:59:00.000,I 85,I 85 and E Main St,,Rear End,2,Clear,Dry,Daylight
2022-08-05T17:10:00.000,I 85,I 85 and E Main St,,Not a Collision with Motor Vehicle,1,Rain,Wet,Daylight
2022-06-25T15:30:00.000,I 85,I 85 and E Main St,,Rear End,2,Clear,Dry,Daylight
2022-04-25T17:35:00.000,I 85,I 85 and E Main St,,Sideswipe-Same Direction,2,Clear,Dry,Daylight
2022-09-18T18:05:00.000,I 85,I 85 and E Main St,,Rear End,2,Clear,Dry,Daylight
2022-09-30T16:58:00.000,I 85,I 85 and E Main St,,Rear End,2,Clear,Dry,Daylight
2022-10-05T20:35:00.000,I 85,I 85 and E Main St,,Rear End,2,Clear,Dry,Dark-Lighted
2022-11-12T07:15:00.000,I 85,I 85 and E Main St,,Not a Collision with Motor Vehicle,1,Cloudy,Dry,Dark-Not Lighted
2022-10-28T17:52:00.000,I 85,I 85 and E Main St,,Rear End,2,Clear,Dry,Daylight
2024-05-24T12:44:00.000,I 85,I 85 and E Main St,,Angle Crash,2,Clear,Dry,Daylight
2024-07-03T15:57:00.000,I 85,I 85 and E Main St,,Rear End,2,Cloudy,Dry,Daylight
2023-12-06T03:36:00.000,I 85,I 85 and E Main St,,Rear End,2,Clear,Dry,Dark-Not Lighted
2023-04-12T11:41:00.000,I 85,I 85 and E Main St,,Angle Crash,2,Clear,Dry,Daylight
2023-06-15T16:03:00.000,I 85,I 85 and E Main St,,Rear End,2,Clear,Dry,Daylight
2023-12-12T17:49:00.000,I 85,I 85 and E Main St,,Rear End,3,Clear,Dry,Dark-Not Lighted
2023-09-22T17:30:00.000,I 85,I 85 and E Main St,,Rear End,2,Clear,Dry,Daylight
2023-08-19T19:50:00.000,I 85,I 85 and E Main St,,Rear End,2,Clear,Dry,Daylight
2024-07-12T14:19:00.000,I 85,I 85 and E Main St,,Rear End,2,Cloudy,Dry,Daylight
2024-05-21T16:18:00.000,I 85,I 85 and E Main St,,Rear End,2,Clear,Dry,Daylight
2024-06-26T07:33:00.000,I 85,I 85 and E Main St,,Rear End,2,Clear,Dry,Daylight
2024-12-08T16:44:00.000,I 85,I 85 and E Main St,,Rear End,4,Clear,Dry,Daylight
2024-05-14T09:33:00.000,I 85,I 85 and E Main St,,Not a Collision with Motor Vehicle,1,Clear,Dry,Daylight
2024-05-31T12:17:00.000,I 85,I 85 and E Main St,,Sideswipe-Same Direction,2,Clear,Dry,Daylight
2024-03-26T14:36:00.000,I 85,I 85 and E Main St,,Rear End,2,Rain,Wet,Daylight
2024-07-06T12:12:00.000,I 85,I 85 and E Main St,,Angle Crash,1,Cloudy,Dry,Daylight
2024-03-12T02:25:00.000,I 85,I 85 and E Main St,,Rear End,2,Clear,Dry,Dark-Lighted
2024-08-10T18:40:00.000,I 85,I 85 and E Lidell Rd,,Sideswipe-Same Direction,2,Clear,Dry,Daylight
2021-06-18T17:30:00.000,I 85,I 85 and E Bound Exit 316,,Angle Crash,2,Clear,Dry,Daylight
2021-05-30T16:45:00.000,I 85,I 85 and E 6Th St,,Not a Collision with Motor Vehicle,1,Clear,Dry,Daylight
2023-02-02T21:49:00.000,I 85,I 85 and E 6Th St,,Rear End,2,Rain,Wet,Dark-Lighted
2023-10-11T23:22:00.000,I 85,I 85 and E 6Th St,,Not a Collision with Motor Vehicle,1,Rain,Wet,Dark-Not Lighted
2022-02-12T09:20:00.000,I 85,I 85 and Duluth Lawrenceville Mm107,,Rear End,2,Clear,Dry,Daylight
2023-08-30T10:55:00.000,I 85,I 85 and Duluth Hwy.,,Rear End,2,Clear,Dry,Daylight
2023-08-30T10:55:00.000,I 85,I 85 and Duluth Hwy.,,Rear End,2,Clear,Dry,Daylight
2021-11-06T14:40:00.000,I 85,I 85 and Duluth Hwy Sr120,,Angle Crash,2,Clear,Dry,Daylight
2021-11-02T09:32:00.000,I 85,I 85 and Duluth Hwy,,Rear End,2,Clear,Dry,Daylight
2021-09-17T13:01:00.000,I 85,I 85 and Duluth Hwy,,Sideswipe-Same Direction,2,Rain,Wet,Daylight
2021-01-17T14:27:00.000,I 85,I 85 and Duluth Hwy,,Not a Collision with Motor Vehicle,1,Clear,Dry,Daylight
2021-06-09T14:03:00.000,I 85,I 85 and Duluth Hwy,,Rear End,2,Clear,Dry,Daylight
2023-01-15T14:54:00.000,I 85,I 85 and Duluth Hwy,,Rear End,2,Clear,Dry,Daylight
2023-04-07T14:50:00.000,I 85,I 85 and Duluth Hwy,,Rear End,2,Clear,Dry,Daylight
2023-04-27T11:00:00.000,I 85,I 85 and Duluth Hwy,,Sideswipe-Same Direction,2,Rain,Wet,Daylight
2023-07-23T17:16:00.000,I 85,I 85 and Duluth Hwy,,Rear End,2,Clear,Dry,Daylight
2023-06-10T10:45:00.000,I 85,I 85 and Duluth Hwy,,Rear End,2,Clear,Dry,Daylight
2023-04-03T11:00:00.000,I 85,I 85 and Duluth Hwy,,Not a Collision with Motor Vehicle,2,Rain,Wet,Daylight
2023-11-18T17:00:00.000,I 85,I 85 and Duluth Hwy,,Sideswipe-Same Direction,2,Clear,Dry,Daylight
2023-07-26T14:50:00.000,I 85,I 85 and Duluth Hwy,,Not a Collision with Motor Vehicle,1,Clear,Dry,Daylight
2023-05-17T01:06:00.000,I 85,I 85 and Duluth Hwy,,Not a Collision with Motor Vehicle,1,Clear,Dry,Daylight
2023-12-09T10:26:00.000,I 85,I 85 and Duluth Hwy,,Sideswipe-Same Direction,2,Rain,Wet,Daylight
2023-11-15T08:27:00.000,I 85,I 85 and Duluth Hwy,,Rear End,2,Cloudy,Dry,Daylight
2023-06-02T06:25:00.000,I 85,I 85 and Duluth Hwy,,Sideswipe-Same Direction,2,Clear,Dry,Daylight
2023-01-14T17:37:00.000,I 85,I 85 and Duluth Hwy,,Rear End,2,Clear,Dry,Dark-Not Lighted
2023-12-20T21:54:00.000,I 85,I 85 and Duluth Hwy,,Rear End,3,Clear,Dry,Daylight
2020-02-19T19:42:00.000,I 85,I 85 and Duluth Hwy,,Sideswipe-Same Direction,2,Clear,Dry,Dark-Lighted
2020-10-15T21:25:00.000,I 85,I 85 and Duluth Hwy,,Sideswipe-Same Direction,2,Clear,Dry,Dark-Lighted
2020-10-29T06:00:00.000,I 85,I 85 and Duluth Hwy,,Not a Collision with Motor Vehicle,1,Rain,Wet,Dark-Not Lighted
2020-07-07T22:50:00.000,I 85,I 85 and Duluth Hwy,,Angle Crash,2,Clear,Dry,Dark-Lighted
2020-07-19T15:30:00.000,I 85,I 85 and Duluth Hwy,,Rear End,2,Clear,Dry,Daylight
2020-10-22T17:52:00.000,I 85,I 85 and Duluth Hwy,,Rear End,2,Clear,Dry,Daylight
2020-07-07T06:45:00.000,I 85,I 85 and Duluth Hwy,,Sideswipe-Same Direction,2,Clear,Wet,Daylight
2021-08-13T10:55:00.000,I 85,I 85 and Duluth Hwy,,Not a Collision with Motor Vehicle,1,Clear,Dry,Daylight
2021-09-14T15:37:00.000,I 85,I 85 and Duluth Hwy,,Rear End,2,Clear,Dry,Daylight
2021-11-01T00:30:00.000,I 85,I 85 and Duluth Hwy,,Rear End,2,Clear,Dry,Dark-Not Lighted
2022-03-27T13:03:00.000,I 85,I 85 and Duluth Hwy,,Angle Crash,2,Clear,Dry,Daylight
2022-05-12T19:50:00.000,I 85,I 85 and Duluth Hwy,,Angle Crash,2,Clear,Dry,Daylight
2022-12-16T16:15:00.000,I 85,I 85 and Duluth Hwy,,Sideswipe-Same Direction,2,Clear,Dry,Daylight
2022-12-07T19:06:00.000,I 85,I 85 and Duluth Hwy,,Sideswipe-Same Direction,2,Fog,Wet,Dark-Lighted
2022-05-12T06:39:00.000,I 85,I 85 and Duluth Hwy,,Sideswipe-Same Direction,2,Clear,Dry,Daylight
2022-07-01T13:10:00.000,I 85,I 85 and Duluth Hwy,,Rear End,2,Rain,Wet,Daylight
2022-05-07T23:13:00.000,I 85,I 85 and Duluth Hwy,,Rear End,2,Cloudy,Dry,Dark-Not Lighted
2022-08-02T07:29:00.000,I 85,I 85 and Duluth Hwy,,Rear End,2,Cloudy,Dry,Daylight
2022-04-30T11:16:00.000,I 85,I 85 and Duluth Hwy,,Sideswipe-Same Direction,2,Clear,Dry,Daylight
2022-11-10T13:01:00.000,I 85,I 85 and Duluth Hwy,,Rear End,2,Rain,Wet,Daylight
2022-09-25T04:30:00.000,I 85,I 85 and Duluth Hwy,,Sideswipe-Same Direction,2,Clear,Dry,Dark-Lighted
2022-05-06T00:27:00.000,I 85,I 85 and Duluth Hwy,,Sideswipe-Same Direction,2,Clear,Dry,Dark-Lighted