Date and Time,Roadway (From Crash Report),Intersection Name (from Crash Report),KABCO Severity,Manner of Collision (Crash Level) ,# of Vehicles per crash ,Weather Conditions (Crash Level),Surface Condition (Crash Level) ,Light Conditions (Crash Level)
2022-09-11T14:06:00.000,I 85,I 85 and Duluth Hwy,,Not a Collision with Motor Vehicle,1,Clear,Dry,Daylight
2022-09-05T14:25:00.000,I 85,I 85 and Duluth Hwy,,Not a Collision with Motor Vehicle,1,Cloudy,Dry,Daylight
2022-07-02T23:00:00.000,I 85,I 85 and Duluth Hwy,,Rear End,2,Rain,Wet,Dark-Lighted
2024-02-29T14:40:00.000,I 85,I 85 and Duluth Hwy,,Rear End,2,Clear,Dry,Daylight
2024-07-13T15:17:00.000,I 85,I 85 and Duluth Hwy,,Rear End,2,Clear,Dry,Daylight
2024-03-02T06:40:00.000,I 85,I 85 and Duluth Hwy,,Rear End,2,Clear,Dry,Daylight
2024-04-10T16:54:00.000,I 85,I 85 and Duluth Hwy,,Rear End,2,Cloudy,Dry,Daylight
2024-09-26T18:54:00.000,I 85,I 85 and Duluth Hwy,,Not a Collision with Motor Vehicle,1,Rain,Wet,Daylight
2024-07-22T16:36:00.000,I 85,I 85 and Duluth Hwy,,Rear End,2,Clear,Dry,Daylight
2024-03-06T08:30:00.000,I 85,I 85 and Duluth Hwy,,Rear End,2,Rain,Wet,Daylight
2024-01-01T00:44:00.000,I 85,I 85 and Duluth Hwy,,Not a Collision with Motor Vehicle,1,Clear,Dry,Dark-Not Lighted
2024-11-12T18:00:00.000,I 85,I 85 and Duluth Hwy,,Sideswipe-Same Direction,2,Clear,Dry,Dark-Not Lighted
2024-11-05T16:40:00.000,I 85,I 85 and Duluth Hwy,,Rear End,2,Clear,Dry,Dusk
2024-10-11T20:54:00.000,I 85,I 85 and Duluth Hwy,,Rear End,2,Clear,Dry,Dark-Lighted
2024-08-02T00:42:00.000,I 85,I 85 and Duluth Hwy,,Angle Crash,2,Clear,Dry,Dark-Not Lighted
2024-12-09T18:51:00.000,I 85,I 85 and Duluth Hwy,,Rear End,2,Cloudy,Wet,Dark-Lighted
2024-02-14T08:02:00.000,I 85,I 85 and Duluth Hwy,,Rear End,2,Clear,Dry,Daylight
2024-01-28T06:30:00.000,I 85,I 85 and Duluth Hwy,,Angle Crash,2,Clear,Dry,Dark-Not Lighted
2023-04-08T17:00:00.000,I 85,I 85 and Duluth Hwy,,Angle Crash,3,Rain,Wet,Daylight
2023-10-20T11:00:00.000,I 85,I 85 and Duluth Hwy,,Sideswipe-Same Direction,2,Cloudy,Wet,Daylight
2023-09-19T12:37:00.000,I 85,I 85 and Duluth Hwy,,Sideswipe-Same Direction,2,Clear,Dry,Daylight
2023-09-17T16:58:00.000,I 85,I 85 and Duluth Hwy,,Not a Collision with Motor Vehicle,2,Clear,Dry,Daylight
2023-01-28T03:00:00.000,I 85,I 85 and Duluth Hwy,,Rear End,2,Clear,Dry,Dark-Lighted
2023-12-26T00:15:00.000,I 85,I 85 and Duluth Hwy,,Not a Collision with Motor Vehicle,1,Rain,Wet,Dark-Lighted
2023-02-25T16:40:00.000,I 85,I 85 and Duluth Hwy,,Rear End,2,Cloudy,Dry,Daylight
2023-05-31T15:30:00.000,I 85,I 85 and Duluth Hwy,,Sideswipe-Same Direction,2,Clear,Dry,Daylight
2023-08-16T19:23:00.000,I 85,I 85 and Duluth Hwy,,Sideswipe-Same Direction,2,Clear,Dry,Daylight
2023-10-22T16:09:00.000,I 85,I 85 and Duluth Hwy,,Rear End,2,Clear,Dry,Daylight
2023-02-20T16:00:00.000,I 85,I 85 and Duluth Hwy,,Not a Collision with Motor Vehicle,2,Cloudy,Dry,Daylight
2023-12-02T01:13:00.000,I 85,I 85 and Duluth Hwy,,Not a Collision with Motor Vehicle,1,Cloudy,Wet,Dark-Not Lighted
2023-10-26T10:28:00.000,I 85,I 85 and Duluth Hwy,,Not a Collision with Motor Vehicle,1,Clear,Dry,Dark-Lighted
2023-09-16T16:14:00.000,I 85,I 85 and Duluth Hwy,,Rear End,3,Cloudy,Dry,Daylight
2023-05-04T07:39:00.000,I 85,I 85 and Duluth Hwy,,Angle Crash,2,Clear,Dry,Daylight
2023-12-26T21:50:00.000,I 85,I 85 and Duluth Hwy,,Not a Collision with Motor Vehicle,1,Cloudy,Wet,Dark-Not Lighted
2024-09-15T12:56:00.000,I 85,I 85 and Duluth Hwy,,Angle Crash,2,Cloudy,Dry,Daylight
2024-06-28T22:05:00.000,I 85,I 85 and Duluth Hwy,,Not a Collision with Motor Vehicle,1,Cloudy,Wet,Dark-Not Lighted
2024-11-23T02:58:00.000,I 85,I 85 and Duluth Hwy,,Rear End,2,Clear,Dry,Dark-Not Lighted
2024-10-02T09:13:00.000,I 85,I 85 and Duluth Hwy,,Rear End,2,Clear,Dry,Daylight
2024-11-04T10:00:00.000,I 85,I 85 and Duluth Hwy,,Sideswipe-Same Direction,2,Cloudy,Dry,Daylight
2024-11-17T14:27:00.000,I 85,I 85 and Duluth Hwy,,Rear End,2,Clear,Dry,Daylight
2024-05-20T14:24:00.000,I 85,I 85 and Duluth Hwy,,Sideswipe-Same Direction,2,Clear,Dry,Daylight
2024-01-15T07:47:00.000,I 85,I 85 and Duluth Hwy,,Not a Collision with Motor Vehicle,1,Clear,Dry,Daylight
2024-12-02T14:47:00.000,I 85,I 85 and Duluth Hwy,,Sideswipe-Same Direction,2,Clear,Dry,Daylight
2024-11-05T16:40:00.000,I 85,I 85 and Duluth Hwy,,Not a Collision with Motor Vehicle,2,Clear,Dry,Dawn
2024-07-30T09:11:00.000,I 85,I 85 and Duluth Hwy,,Rear End,2,Clear,Dry,Daylight
2024-12-01T01:02:00.000,I 85,I 85 and Duluth Hwy,,Sideswipe-Same Direction,2,Clear,Dry,Dark-Lighted
2024-07-11T16:25:00.000,I 85,I 85 and Duluth Hwy,,Rear End,2,Clear,Dry,Daylight
2024-01-01T13:20:00.000,I 85,I 85 and Duluth Hwy,,Not a Collision with Motor Vehicle,1,Clear,Dry,Daylight
2024-11-24T18:45:00.000,I 85,I 85 and Duluth Hwy,,Angle Crash,2,Clear,Dry,Dark-Not Lighted
2024-07-20T03:19:00.000,I 85,I 85 and Duluth Hwy,,Not a Collision with Motor Vehicle,1,Rain,Wet,Dark-Not Lighted
2024-11-05T16:40:00.000,I 85,I 85 and Duluth Hwy,,Rear End,2,Clear,Dry,Dusk
2024-08-19T04:04:00.000,I 85,I 85 and Duluth Hwy,,Sideswipe-Same Direction,2,Clear,Dry,Dark-Not Lighted
2024-01-28T06:46:00.000,I 85,I 85 and Duluth Hwy,,Rear End,2,Clear,Dry,Dark-Not Lighted
2024-08-10T16:59:00.000,I 85,I 85 and Duluth Hwy,,Rear End,2,Clear,Dry,Daylight
2024-04-22T19:35:00.000,I 85,I 85 and Duluth Hwy,,Rear End,2,Clear,Dry,Daylight
2024-06-03T22:48:00.000,I 85,I 85 and Duluth Hwy,,Angle Crash,2,Cloudy,Dry,Dark-Not Lighted
2024-07-18T05:00:00.000,I 85,I 85 and Duluth Hwy,,Sideswipe-Same Direction,2,Clear,Dry,Dark-Not Lighted
2024-04-04T14:50:00.000,I 85,I 85 and Duluth Hwy,,Not a Collision with Motor Vehicle,1,Clear,Dry,Daylight
2024-01-22T06:59:00.000,I 85,I 85 and Duluth Hwy,,Sideswipe-Same Direction,2,Clear,Dry,Daylight
2021-09-24T17:00:00.000,I 85,I 85 and Duluth Highway Opas,,Sideswipe-Same Direction,2,Clear,Dry,Daylight
2023-05-10T11:45:00.000,I 85,I 85 and Duluth,,Not a Collision with Motor Vehicle,1,Clear,Dry,Daylight
2020-10-31T20:15:00.000,I 85,I 85 and Duluth,,Rear End,2,Clear,Dry,Dark-Lighted
2020-10-31T20:15:00.000,I 85,I 85 and Duluth,,Rear End,2,Clear,Dry,Dark-Lighted
2024-09-13T14:30:00.000,I 85,I 85 and Duluth,,Sideswipe-Same Direction,3,Cloudy,Dry,Daylight
2024-06-29T19:37:00.000,I 85,I 85 and Dulith Hwy,,Sideswipe-Same Direction,2,Clear,Dry,Daylight
2024-04-20T13:25:00.000,I 85,I 85 and Dul Hwy On Rp Rp,,Rear End,2,Clear,Dry,Daylight
2024-09-10T11:48:00.000,I 85,I 85 and Drypond Rd.,,Sideswipe-Same Direction,2,Clear,Dry,Daylight
2024-09-20T07:33:00.000,I 85,I 85 and Drypond Rd,,Sideswipe-Same Direction,2,Clear,Dry,Daylight
2021-12-01T17:58:00.000,I 85,I 85 and Dry Pond Rd.,,Sideswipe-Same Direction,2,Clear,Dry,Dark-Not Lighted
2021-06-17T12:47:00.000,I 85,I 85 and Dry Pond Rd,,Not a Collision with Motor Vehicle,1,Clear,Dry,Daylight
2021-09-06T14:23:00.000,I 85,I 85 and Dry Pond Rd,,Rear End,2,Cloudy,Dry,Daylight
2021-12-30T06:58:00.000,I 85,I 85 and Dry Pond Rd,,Rear End,3,Rain,Wet,Dark-Not Lighted
2023-10-21T17:56:00.000,I 85,I 85 and Dry Pond Rd,,Rear End,2,Clear,Dry,Daylight
2022-12-02T21:31:00.000,I 85,I 85 and Dry Pond Rd,,Not a Collision with Motor Vehicle,1,Clear,Dry,Dark-Lighted
2020-09-07T12:13:00.000,I 85,I 85 and Dry Pond Rd,,Not a Collision with Motor Vehicle,1,Clear,Dry,Daylight
2020-09-03T22:52:00.000,I 85,I 85 and Dry Pond Rd,,Not a Collision with Motor Vehicle,1,Clear,Dry,Dark-Not Lighted
2020-07-21T11:00:00.000,I 85,I 85 and Dry Pond Rd,,Not a Collision with Motor Vehicle,1,(None),(None),(None)
2020-09-28T12:34:00.000,I 85,I 85 and Dry Pond Rd,,Rear End,2,Clear,Dry,Daylight
2020-09-16T22:07:00.000,I 85,I 85 and Dry Pond Rd,,Rear End,1,Rain,Wet,Dark-Not Lighted
2020-06-15T15:36:00.000,I 85,I 85 and Dry Pond Rd,,Rear End,2,Rain,Wet,Daylight
2020-10-02T16:22:00.000,I 85,I 85 and Dry Pond Rd,,Rear End,2,Clear,Dry,Daylight
2021-01-27T05:16:00.000,I 85,I 85 and Dry Pond Rd,,Not a Collision with Motor Vehicle,1,Rain,Wet,Dark-Not Lighted
2021-12-02T19:20:00.000,I 85,I 85 and Dry Pond Rd,,Rear End,3,Clear,Dry,Dark-Not Lighted
2022-04-21T07:35:00.000,I 85,I 85 and Dry Pond Rd,,Sideswipe-Same Direction,1,Cloudy,Dry,Daylight
2022-09-03T05:30:00.000,I 85,I 85 and Dry Pond Rd,,Rear End,2,Rain,Wet,Dark-Not Lighted
2022-11-27T11:46:00.000,I 85,I 85 and Dry Pond Rd,,Rear End,2,Cloudy,Wet,Daylight
2022-06-27T21:17:00.000,I 85,I 85 and Dry Pond Rd,,Sideswipe-Same Direction,2,Clear,Dry,Dark-Lighted
2022-08-04T02:51:00.000,I 85,I 85 and Dry Pond Rd,,Rear End,2,Clear,Dry,Dark-Lighted
2022-05-27T11:31:00.000,I 85,I 85 and Dry Pond Rd,,Not a Collision with Motor Vehicle,1,Clear,Dry,Daylight
2022-09-03T05:20:00.000,I 85,I 85 and Dry Pond Rd,,Angle Crash,2,Rain,Wet,Dark-Not Lighted
2022-08-10T22:30:00.000,I 85,I 85 and Dry Pond Rd,,Sideswipe-Same Direction,2,Clear,Dry,Dark-Not Lighted
2022-09-05T13:04:00.000,I 85,I 85 and Dry Pond Rd,,Not a Collision with Motor Vehicle,1,Cloudy,Dry,Daylight
2022-09-26T20:22:00.000,I 85,I 85 and Dry Pond Rd,,Rear End,2,Clear,Dry,Dark-Not Lighted
2022-02-23T06:39:00.000,I 85,I 85 and Dry Pond Rd,,Not a Collision with Motor Vehicle,1,Cloudy,Wet,Dark-Not Lighted
2022-04-22T09:50:00.000,I 85,I 85 and Dry Pond Rd,,Not a Collision with Motor Vehicle,1,Clear,Dry,Daylight
2022-05-07T15:13:00.000,I 85,I 85 and Dry Pond Rd,,Not a Collision with Motor Vehicle,1,Clear,Dry,Daylight
2022-11-07T07:09:00.000,I 85,I 85 and Dry Pond Rd,,Rear End,2,Cloudy,Dry,Daylight
2022-05-03T23:52:00.000,I 85,I 85 and Dry Pond Rd,,Sideswipe-Same Direction,2,Clear,Dry,Dark-Not Lighted
2022-11-03T07:55:00.000,I 85,I 85 and Dry Pond Rd,,Rear End,2,Clear,Dry,Dawn
2022-05-13T22:28:00.000,I 85,I 85 and Dry Pond Rd,,Not a Collision with Motor Vehicle,1,Cloudy,Dry,Dark-Not Lighted
2022-07-19T16:01:00.000,I 85,I 85 and Dry Pond Rd,,Sideswipe-Same Direction,2,Cloudy,Dry,Daylight
2022-07-19T14:53:00.000,I 85,I 85 and Dry Pond Rd,,Rear End,2,Clear,Dry,Daylight
2022-09-03T05:17:00.000,I 85,I 85 and Dry Pond Rd,,Not a Collision with Motor Vehicle,1,Rain,Wet,Dark-Not Lighted
2022-09-04T07:56:00.000,I 85,I 85 and Dry Pond Rd,,Not a Collision with Motor Vehicle,1,Cloudy,Wet,Daylight
2022-03-31T15:41:00.000,I 85,I 85 and Dry Pond Rd,,Sideswipe-Same Direction,2,Clear,Dry,Daylight
2024-09-18T20:43:00.000,I 85,I 85 and Dry Pond Rd,,Sideswipe-Same Direction,2,Clear,Dry,Dark-Not Lighted
2024-08-06T08:27:00.000,I 85,I 85 and Dry Pond Rd,,Rear End,2,Cloudy,Dry,Daylight
2023-08-17T06:38:00.000,I 85,I 85 and Dry Pond Rd,,Rear End,2,Clear,Dry,Daylight
2023-04-12T15:54:00.000,I 85,I 85 and Dry Pond Rd,,Sideswipe-Same Direction,1,Clear,Dry,Daylight
2024-04-26T21:35:00.000,I 85,I 85 and Dry Pond Rd,,Rear End,2,Clear,Dry,Dark-Not Lighted
2024-02-15T17:21:00.000,I 85,I 85 and Dry Pond Rd,,Rear End,2,Clear,Dry,Daylight
2024-08-08T01:20:00.000,I 85,I 85 and Dry Pond Rd,,Sideswipe-Same Direction,2,Clear,Dry,Dark-Not Lighted
2024-11-09T01:48:00.000,I 85,I 85 and Dry Pond Rd,,Not a Collision with Motor Vehicle,1,Fog,Dry,Dark-Not Lighted
2024-09-09T00:10:00.000,I 85,I 85 and Dry Pond,,Not a Collision with Motor Vehicle,1,Clear,Dry,Dark-Not Lighted
2023-10-17T08:48:00.000,I 85,I 85 and Druid Hills Reserve Dr,,Rear End,2,Clear,Dry,Daylight
2021-10-10T16:42:00.000,I 85,I 85 and Dresden Dr,,Angle Crash,2,Clear,Dry,Daylight
2021-08-05T00:20:00.000,I 85,I 85 and Dresden Dr,,Not a Collision with Motor Vehicle,1,Clear,Dry,Dark-Not Lighted
2021-07-10T14:00:00.000,I 85,I 85 and Dresden Dr,,Rear End,2,Rain,Water (standing or moving),Daylight
2022-02-11T13:00:00.000,I 85,I 85 and Dresden Dr,,Rear End,2,Clear,Dry,Daylight
2024-11-26T03:34:00.000,I 85,I 85 and Dresden Dr,,Not a Collision with Motor Vehicle,2,Rain,Wet,Dark-Lighted
2021-06-15T19:20:00.000,I 85,I 85 and Downtown Conn,,Rear End,2,Clear,Dry,Daylight
2021-09-27T13:30:00.000,I 85,I 85 and Distributor From I85 To I285,,Not a Collision with Motor Vehicle,2,Clear,Dry,Daylight
2021-10-10T08:00:00.000,I 85,I 85 and Distributor From I85 To I285,,Not a Collision with Motor Vehicle,1,Clear,Dry,Daylight
2021-04-16T18:00:00.000,I 85,I 85 and Distributor From I85 To I285,,Rear End,2,Cloudy,Dry,Daylight
2021-01-31T00:45:00.000,I 85,I 85 and Distributor From I85 To I285,,Rear End,2,Clear,Dry,Dark-Lighted
2021-10-24T20:48:00.000,I 85,I 85 and Distributor From I85 To I285,,Angle Crash,3,Clear,Dry,Dark-Lighted
2021-12-21T23:00:00.000,I 85,I 85 and Distributor From I85 To I285,,Not a Collision with Motor Vehicle,1,Clear,Dry,Dark-Not Lighted
2021-01-01T00:00:00.000,I 85,I 85 and Distributor From I85 To I285,,Not a Collision with Motor Vehicle,1,Clear,Wet,Dark-Lighted
2021-03-06T02:27:00.000,I 85,I 85 and Distributor From I85 To I285,,Not a Collision with Motor Vehicle,1,Clear,Dry,Dark-Lighted
2021-10-27T16:50:00.000,I 85,I 85 and Distributor From I85 To I285,,Sideswipe-Same Direction,2,Clear,Dry,Daylight
2021-07-29T22:16:00.000,I 85,I 85 and Distributor From I85 To I285,,Angle Crash,2,Clear,Dry,Dark-Lighted
2021-02-26T15:53:00.000,I 85,I 85 and Distributor From I85 To I285,,Angle Crash,2,Cloudy,Wet,Daylight
2023-08-23T02:43:00.000,I 85,I 85 and Distributor From I85 To I285,,Rear End,2,Clear,Dry,Dark-Not Lighted
2023-10-11T19:43:00.000,I 85,I 85 and Distributor From I85 To I285,,Rear End,2,Rain,Wet,Dark-Not Lighted
2023-07-14T22:51:00.000,I 85,I 85 and Distributor From I85 To I285,,Angle Crash,2,Clear,Dry,Dark-Lighted
2023-08-01T22:05:00.000,I 85,I 85 and Distributor From I85 To I285,,Sideswipe-Same Direction,3,Clear,Dry,Dark-Lighted
2023-08-02T18:40:00.000,I 85,I 85 and Distributor From I85 To I285,,Rear End,2,Clear,Dry,Daylight
2023-06-09T18:10:00.000,I 85,I 85 and Distributor From I85 To I285,,Sideswipe-Opposite Direction,2,Clear,Dry,Daylight
2023-11-16T18:18:00.000,I 85,I 85 and Distributor From I85 To I285,,Sideswipe-Same Direction,2,Clear,Dry,Dark-Not Lighted
2023-09-08T15:35:00.000,I 85,I 85 and Distributor From I85 To I285,,Rear End,2,Clear,Dry,Daylight
2023-01-06T15:08:00.000,I 85,I 85 and Distributor From I85 To I285,,Rear End,2,Clear,Dry,Daylight
2023-04-25T14:50:00.000,I 85,I 85 and Distributor From I85 To I285,,Rear End,2,Clear,Dry,Daylight
2023-04-01T15:28:00.000,I 85,I 85 and Distributor From I85 To I285,,Not a Collision with Motor Vehicle,1,Clear,Dry,Daylight
2022-05-23T09:36:00.000,I 85,I 85 and Distributor From I85 To I285,,Rear End,2,Rain,Wet,Daylight
2020-01-28T18:45:00.000,I 85,I 85 and Distributor From I85 To I285,,Rear End,2,Clear,Dry,Dark-Lighted
2020-06-10T10:37:00.000,I 85,I 85 and Distributor From I85 To I285,,Not a Collision with Motor Vehicle,1,Cloudy,Dry,Daylight
2020-10-03T10:57:00.000,I 85,I 85 and Distributor From I85 To I285,,Angle Crash,3,Clear,Dry,Daylight
2020-10-23T18:26:00.000,I 85,I 85 and Distributor From I85 To I285,,Rear End,2,Clear,Dry,Dusk
2020-09-21T21:07:00.000,I 85,I 85 and Distributor From I85 To I285,,Sideswipe-Same Direction,2,Clear,Dry,Dark-Lighted
2020-10-09T21:41:00.000,I 85,I 85 and Distributor From I85 To I285,,Rear End,2,Rain,Wet,Dark-Lighted
2020-01-07T16:32:00.000,I 85,I 85 and Distributor From I85 To I285,,Rear End,2,Clear,Dry,Daylight
2020-02-12T00:00:00.000,I 85,I 85 and Distributor From I85 To I285,,Not a Collision with Motor Vehicle,1,Clear,Wet,Dark-Lighted
2020-01-17T16:42:00.000,I 85,I 85 and Distributor From I85 To I285,,Rear End,2,Clear,Dry,Daylight
2020-09-17T03:10:00.000,I 85,I 85 and Distributor From I85 To I285,,Not a Collision with Motor Vehicle,1,Rain,Water (standing or moving),Dark-Not Lighted
2020-02-27T18:06:00.000,I 85,I 85 and Distributor From I85 To I285,,Rear End,2,Clear,Dry,Daylight
2020-09-02T08:10:00.000,I 85,I 85 and Distributor From I85 To I285,,Sideswipe-Same Direction,2,Clear,Dry,Daylight
2020-09-14T16:20:00.000,I 85,I 85 and Distributor From I85 To I285,,Rear End,2,Cloudy,Dry,Daylight
2020-11-18T18:10:00.000,I 85,I 85 and Distributor From I85 To I285,,Rear End,2,Clear,Dry,Dark-Lighted
2021-06-17T22:38:00.000,I 85,I 85 and Distributor From I85 To I285,,Rear End,2,Clear,Dry,Dark-Not Lighted
2021-02-21T14:13:00.000,I 85,I 85 and Distributor From I85 To I285,,Sideswipe-Same Direction,2,Clear,Dry,Daylight
2021-01-31T01:00:00.000,I 85,I 85 and Distributor From I85 To I285,,Rear End,2,Clear,Dry,Dark-Not Lighted
2021-07-06T16:16:00.000,I 85,I 85 and Distributor From I85 To I285,,Rear End,2,Cloudy,Dry,Daylight
2021-09-27T13:30:00.000,I 85,I 85 and Distributor From I85 To I285,,Not a Collision with Motor Vehicle,1,Clear,Dry,Daylight
2021-09-11T19:20:00.000,I 85,I 85 and Distributor From I85 To I285,,Angle Crash,2,Clear,Dry,Daylight
2022-01-19T07:57:00.000,I 85,I 85 and Distributor From I85 To I285,,Not a Collision with Motor Vehicle,2,Clear,Dry,Daylight
2022-09-07T13:40:00.000,I 85,I 85 and Distributor From I85 To I285,,Angle Crash,2,Clear,Dry,Daylight
2022-04-06T14:07:00.000,I 85,I 85 and Distributor From I85 To I285,,Sideswipe-Same Direction,2,Rain,Wet,Daylight
2022-09-19T16:26:00.000,I 85,I 85 and Distributor From I85 To I285,,Rear End,2,Clear,Dry,Daylight
2022-01-21T22:41:00.000,I 85,I 85 and Distributor From I85 To I285,,Rear End,2,Clear,Dry,Dark-Lighted
2022-05-03T00:00:00.000,I 85,I 85 and Distributor From I85 To I285,,Rear End,3,Clear,Dry,Daylight
2022-11-22T18:07:00.000,I 85,I 85 and Distributor From I85 To I285,,Rear End,2,Clear,Dry,Dark-Lighted
2022-09-18T02:30:00.000,I 85,I 85 and Distributor From I85 To I285,,Not a Collision with Motor Vehicle,1,Clear,Dry,Dark-Lighted
2022-03-27T22:08:00.000,I 85,I 85 and Distributor From I85 To I285,,Sideswipe-Same Direction,2,Clear,Dry,Dark-Not Lighted
2022-12-13T14:17:00.000,I 85,I 85 and Distributor From I85 To I285,,Sideswipe-Same Direction,2,Cloudy,Dry,Daylight
2022-05-30T14:27:00.000,I 85,I 85 and Distributor From I85 To I285,,Rear End,2,Clear,Dry,Daylight
2022-09-06T19:15:00.000,I 85,I 85 and Distributor From I85 To I285,,Sideswipe-Same Direction,3,Clear,Dry,Daylight
2022-08-24T17:12:00.000,I 85,I 85 and Distributor From I85 To I285,,Rear End,2,Clear,Dry,Daylight
2023-08-04T16:45:00.000,I 85,I 85 and Distributor From I85 To I285,,Rear End,2,Clear,Dry,Daylight
2024-05-08T14:20:00.000,I 85,I 85 and Distributor From I85 To I285,,Angle Crash,4,Clear,Dry,Daylight
2024-09-19T15:55:00.000,I 85,I 85 and Distributor From I85 To I285,,Rear End,2,Clear,Dry,Daylight
2024-06-23T07:32:00.000,I 85,I 85 and Distributor From I85 To I285,,Rear End,2,Clear,Dry,Daylight
2024-11-25T22:19:00.000,I 85,I 85 and Distributor From I85 To I285,,Sideswipe-Same Direction,3,Clear,Dry,Dark-Lighted
2023-05-02T19:00:00.000,I 85,I 85 and Distributor From I85 To I285,,Rear End,2,Clear,Dry,Daylight
2023-07-14T16:45:00.000,I 85,I 85 and Distributor From I85 To I285,,Rear End,2,Clear,Dry,Daylight
2023-04-01T16:30:00.000,I 85,I 85 and Distributor From I85 To I285,,Sideswipe-Same Direction,2,Clear,Dry,Daylight
2023-05-18T07:25:00.000,I 85,I 85 and Distributor From I85 To I285,,Rear End,2,Cloudy,Dry,Daylight
2023-11-16T07:12:00.000,I 85,I 85 and Distributor From I85 To I285,,Rear End,2,Clear,Dry,Dark-Lighted
2023-07-14T18:47:00.000,I 85,I 85 and Distributor From I85 To I285,,Not a Collision with Motor Vehicle,2,Clear,Dry,Daylight
2023-04-08T15:50:00.000,I 85,I 85 and Distributor From I85 To I285,,Angle Crash,2,Rain,Wet,Daylight
2024-02-22T23:49:00.000,I 85,I 85 and Distributor From I85 To I285,,Angle Crash,2,Clear,Dry,Dark-Lighted
2024-04-18T10:55:00.000,I 85,I 85 and Distributor From I85 To I285,,Angle Crash,2,Clear,Dry,Daylight
2024-09-05T16:30:00.000,I 85,I 85 and Distributor From I85 To I285,,Sideswipe-Same Direction,2,Clear,Dry,Daylight
2024-08-26T18:40:00.000,I 85,I 85 and Distributor From I85 To I285,,Rear End,2,Clear,Dry,Daylight
2024-02-06T16:07:00.000,I 85,I 85 and Distributor From I85 To I285,,Rear End,2,Clear,Dry,Daylight
2024-10-20T19:24:00.000,I 85,I 85 and Distributor From I85 To I285,,Angle Crash,2,Clear,Dry,Dark-Lighted
2024-03-28T17:45:00.000,I 85,I 85 and Distributor From I85 To I285,,Rear End,3,Clear,Dry,Daylight
2024-10-19T14:05:00.000,I 85,I 85 and Distributor From I85 To I285,,Sideswipe-Same Direction,2,Clear,Dry,Daylight
2024-03-15T06:32:00.000,I 85,I 85 and Distributor From I85 To I285,,Angle Crash,2,Clear,Dry,Dark-Lighted
2024-10-08T19:43:00.000,I 85,I 85 and Distributor From I85 To I285,,Rear End,2,Clear,Dry,Dark-Lighted
2024-06-04T17:35:00.000,I 85,I 85 and Distributor From I85 To I285,,Sideswipe-Same Direction,2,Clear,Dry,Daylight
2024-09-09T16:56:00.000,I 85,I 85 and Distributor From I85 To I285,,Rear End,2,Clear,Dry,Daylight
2024-04-14T20:20:00.000,I 85,I 85 and Distributor From I85 To I285,,Sideswipe-Same Direction,2,Clear,Dry,Dark-Lighted
2024-03-28T15:44:00.000,I 85,I 85 and Distributor From I85 To I285,,Rear End,2,Clear,Dry,Daylight
2024-10-14T15:30:00.000,I 85,I 85 and Distributor From I85 To I285,,Rear End,2,Clear,Dry,Daylight
2024-11-25T14:30:00.000,I 85,I 85 and Distributor From I85 To I285,,Sideswipe-Same Direction,2,Cloudy,Dry,Daylight
2024-06-20T15:45:00.000,I 85,I 85 and Distributor From I85 To I285,,Rear End,3,Clear,Dry,Daylight
2024-11-18T17:20:00.000,I 85,I 85 and Distributor From I85 To I285,,Rear End,2,Clear,Dry,Dusk
2024-06-28T16:47:00.000,I 85,I 85 and Distributor From I85 To I285,,Sideswipe-Same Direction,2,Clear,Dry,Daylight
2024-01-10T20:10:00.000,I 85,I 85 and Distributor From I85 To I285,,Sideswipe-Same Direction,2,Clear,Dry,Dark-Not Lighted
2024-03-06T01:41:00.000,I 85,I 85 and Distributor From I85 To I285,,Not a Collision with Motor Vehicle,1,Rain,Wet,Dark-Lighted
2021-12-28T11:16:00.000,I 85,I 85 and Dekalb Technology Pkwy,,Sideswipe-Same Direction,2,Cloudy,Dry,Daylight
2021-06-04T06:10:00.000,I 85,I 85 and Dekalb Technology Pkwy,,Sideswipe-Same Direction,2,Clear,Dry,Daylight
2021-03-19T21:52:00.000,I 85,I 85 and Dekalb Technology Pkwy,,Rear End,2,Clear,Dry,Dark-Not Lighted
2021-09-17T17:05:00.000,I 85,I 85 and Dekalb Technology Pkwy,,Sideswipe-Same Direction,2,Cloudy,Dry,Daylight