Date and Time,Roadway (From Crash Report),Intersection Name (from Crash Report),KABCO Severity,Manner of Collision (Crash Level) ,# of Vehicles per crash ,Weather Conditions (Crash Level),Surface Condition (Crash Level) ,Light Conditions (Crash Level)
2021-12-17T17:05:00.000,I 85,I 85 and Dekalb Technology Pkwy,,Sideswipe-Same Direction,2,Cloudy,Dry,Dark-Not Lighted
2021-07-28T12:05:00.000,I 85,I 85 and Dekalb Technology Pkwy,,Angle Crash,2,Clear,Dry,Daylight
2020-10-24T22:54:00.000,I 85,I 85 and Dekalb Technology Pkwy,,Rear End,2,Rain,Wet,Dark-Lighted
2023-01-19T13:45:00.000,I 85,I 85 and Dekalb Technology Pkwy,,Sideswipe-Same Direction,2,Clear,Dry,Daylight
2023-01-08T22:26:00.000,I 85,I 85 and Dekalb Technology Pkwy,,Sideswipe-Same Direction,2,Cloudy,Wet,Dark-Lighted
2023-12-09T22:15:00.000,I 85,I 85 and Dekalb Technology Pkwy,,Not a Collision with Motor Vehicle,1,Rain,Wet,Dark-Lighted
2023-09-06T10:01:00.000,I 85,I 85 and Dekalb Technology Pkwy,,Rear End,2,Cloudy,Dry,Daylight
2023-02-13T12:30:00.000,I 85,I 85 and Dekalb Technology Pkwy,,Sideswipe-Same Direction,2,Clear,Dry,Daylight
2023-04-20T09:55:00.000,I 85,I 85 and Dekalb Technology Pkwy,,Rear End,2,Clear,Dry,Daylight
2023-11-01T08:30:00.000,I 85,I 85 and Dekalb Technology Pkwy,,Rear End,2,Clear,Dry,Daylight
2023-10-28T23:11:00.000,I 85,I 85 and Dekalb Technology Pkwy,,Rear End,2,Clear,Dry,Dark-Lighted
2023-04-25T09:10:00.000,I 85,I 85 and Dekalb Technology Pkwy,,Rear End,3,Clear,Dry,Daylight
2020-08-13T22:58:00.000,I 85,I 85 and Dekalb Technology Pkwy,,Not a Collision with Motor Vehicle,1,Rain,Wet,Dark-Not Lighted
2020-01-28T18:50:00.000,I 85,I 85 and Dekalb Technology Pkwy,,Rear End,2,Clear,Dry,Dark-Lighted
2020-12-07T09:50:00.000,I 85,I 85 and Dekalb Technology Pkwy,,Rear End,4,Cloudy,Dry,Daylight
2020-08-24T05:20:00.000,I 85,I 85 and Dekalb Technology Pkwy,,Sideswipe-Same Direction,3,Rain,Wet,Dark-Lighted
2020-08-20T16:35:00.000,I 85,I 85 and Dekalb Technology Pkwy,,Sideswipe-Same Direction,3,Rain,Wet,Daylight
2020-09-16T13:50:00.000,I 85,I 85 and Dekalb Technology Pkwy,,Head On,2,Rain,Wet,Daylight
2020-08-24T05:17:00.000,I 85,I 85 and Dekalb Technology Pkwy,,Rear End,4,Rain,Wet,Dark-Lighted
2020-10-05T06:19:00.000,I 85,I 85 and Dekalb Technology Pkwy,,Sideswipe-Same Direction,2,Clear,Dry,Dark-Not Lighted
2020-09-17T06:00:00.000,I 85,I 85 and Dekalb Technology Pkwy,,Not a Collision with Motor Vehicle,1,Rain,Wet,Dark-Not Lighted
2021-04-04T12:03:00.000,I 85,I 85 and Dekalb Technology Pkwy,,Rear End,2,Clear,Dry,Daylight
2021-11-12T20:45:00.000,I 85,I 85 and Dekalb Technology Pkwy,,Angle Crash,2,Rain,Wet,Dark-Not Lighted
2021-09-17T09:00:00.000,I 85,I 85 and Dekalb Technology Pkwy,,Angle Crash,3,Rain,Wet,Daylight
2022-07-26T08:25:00.000,I 85,I 85 and Dekalb Technology Pkwy,,Sideswipe-Same Direction,2,Clear,Dry,Daylight
2022-04-13T08:45:00.000,I 85,I 85 and Dekalb Technology Pkwy,,Rear End,2,Cloudy,Dry,Daylight
2022-04-11T13:41:00.000,I 85,I 85 and Dekalb Technology Pkwy,,Not a Collision with Motor Vehicle,1,Cloudy,Dry,Daylight
2022-01-29T12:25:00.000,I 85,I 85 and Dekalb Technology Pkwy,,Sideswipe-Same Direction,2,Clear,Dry,Daylight
2022-01-10T09:48:00.000,I 85,I 85 and Dekalb Technology Pkwy,,Rear End,3,Clear,Dry,Daylight
2022-07-07T08:30:00.000,I 85,I 85 and Dekalb Technology Pkwy,,Sideswipe-Same Direction,2,Clear,Dry,Daylight
2022-08-15T05:47:00.000,I 85,I 85 and Dekalb Technology Pkwy,,Sideswipe-Same Direction,2,Clear,Dry,Daylight
2022-05-18T09:03:00.000,I 85,I 85 and Dekalb Technology Pkwy,,Rear End,3,Clear,Dry,Daylight
2022-10-17T09:10:00.000,I 85,I 85 and Dekalb Technology Pkwy,,Rear End,2,Clear,Dry,Daylight
2023-02-20T09:43:00.000,I 85,I 85 and Dekalb Technology Pkwy,,Sideswipe-Same Direction,2,Clear,Dry,Daylight
2024-07-01T09:13:00.000,I 85,I 85 and Dekalb Technology Pkwy,,Sideswipe-Same Direction,2,Clear,Dry,Daylight
2023-04-08T15:50:00.000,I 85,I 85 and Dekalb Technology Pkwy,,Sideswipe-Same Direction,2,Rain,Wet,Daylight
2023-08-07T08:21:00.000,I 85,I 85 and Dekalb Technology Pkwy,,Rear End,3,Clear,Dry,Daylight
2023-11-11T01:31:00.000,I 85,I 85 and Dekalb Technology Pkwy,,Rear End,3,Rain,Wet,Dark-Lighted
2023-07-06T08:30:00.000,I 85,I 85 and Dekalb Technology Pkwy,,Sideswipe-Same Direction,2,Clear,Dry,Daylight
2024-08-28T08:04:00.000,I 85,I 85 and Dekalb Technology Pkwy,,Rear End,2,Clear,Dry,Daylight
2024-11-03T21:30:00.000,I 85,I 85 and Dekalb Technology Pkwy,,Sideswipe-Same Direction,2,Clear,Dry,Dark-Not Lighted
2024-08-07T08:11:00.000,I 85,I 85 and Dekalb Technology Pkwy,,Rear End,2,Clear,Dry,Daylight
2024-10-11T16:26:00.000,I 85,I 85 and Dekalb Technology Pkwy,,Sideswipe-Same Direction,3,Clear,Dry,Daylight
2024-01-26T17:30:00.000,I 85,I 85 and Dekalb Technology Pkwy,,Sideswipe-Same Direction,2,Cloudy,Dry,Dusk
2024-06-14T13:10:00.000,I 85,I 85 and Dekalb Technology Pkwy,,Sideswipe-Same Direction,2,Cloudy,Dry,Daylight
2024-02-19T07:59:00.000,I 85,I 85 and Dekalb Technology Pkwy,,Sideswipe-Same Direction,2,Cloudy,Dry,Daylight
2024-09-03T08:05:00.000,I 85,I 85 and Dekalb Technology Pkwy,,Rear End,2,Cloudy,Dry,Daylight
2024-10-02T08:40:00.000,I 85,I 85 and Dekalb Technology Pkwy,,Rear End,2,Clear,Dry,Daylight
2024-10-11T18:13:00.000,I 85,I 85 and Dekalb Technology Pkwy,,Sideswipe-Same Direction,2,Clear,Dry,Daylight
2021-02-20T04:00:00.000,I 85,I 85 and Dekalb Peachtree Airport,,Angle Crash,2,Clear,Dry,Dark-Lighted
2020-02-28T07:05:00.000,I 85,I 85 and Dekalb County Line,,Rear End,2,Clear,Dry,Dawn
2021-06-29T08:03:00.000,I 85,I 85 and Dekalb County Line,,Rear End,2,Rain,Wet,Daylight
2021-12-10T15:53:00.000,I 85,I 85 and Dekalb County Line,,Rear End,2,Cloudy,Wet,Daylight
2021-08-11T07:50:00.000,I 85,I 85 and Dekalb County Line,,Not a Collision with Motor Vehicle,2,Clear,Dry,Daylight
2022-09-23T12:19:00.000,I 85,I 85 and Dekalb County Line,,Sideswipe-Same Direction,2,Clear,Dry,Daylight
2023-05-15T10:30:00.000,I 85,I 85 and Dekalb County,,Rear End,2,Clear,Dry,Daylight
2022-09-29T14:43:00.000,I 85,I 85 and Dekalb County,,Sideswipe-Same Direction,2,Clear,Dry,Daylight
2023-07-25T11:48:00.000,I 85,I 85 and Dekalb Co Line,,Sideswipe-Same Direction,2,Clear,Dry,Daylight
2023-05-04T10:11:00.000,I 85,I 85 and Dekalb Co Line,,Rear End,2,Clear,Dry,Daylight
2023-05-04T10:11:00.000,I 85,I 85 and Dekalb Co Line,,Rear End,2,Clear,Dry,Daylight
2021-10-18T14:05:00.000,I 85,I 85 and Deering Rd,,Sideswipe-Same Direction,2,Clear,Dry,Daylight
2021-01-26T15:00:00.000,I 85,I 85 and Dectaur St Opas,,Rear End,2,Cloudy,Dry,Daylight
2021-07-26T12:55:00.000,I 85,I 85 and Decatur Street Se Opas,,Rear End,2,Clear,Dry,Daylight
2021-09-16T12:07:00.000,I 85,I 85 and Decatur Street Overpasss,,Rear End,3,Rain,Dry,Daylight
2021-09-16T16:04:00.000,I 85,I 85 and Decatur Street Opas,,Sideswipe-Same Direction,2,Cloudy,Wet,Daylight
2021-04-26T18:48:00.000,I 85,I 85 and Decatur Street Opas,,Sideswipe-Same Direction,2,Clear,Dry,Daylight
2021-02-10T11:55:00.000,I 85,I 85 and Decatur Street Opas,,Rear End,2,Clear,Dry,Daylight
2021-06-26T19:00:00.000,I 85,I 85 and Decatur Street Opas,,Rear End,2,Cloudy,Dry,Daylight
2020-07-28T17:45:00.000,I 85,I 85 and Decatur Street Opas,,Rear End,5,Clear,Dry,Daylight
2020-01-10T14:05:00.000,I 85,I 85 and Decatur Street Opas,,Rear End,2,Cloudy,Dry,Daylight
2021-09-16T14:47:00.000,I 85,I 85 and Decatur Street Opas,,Angle Crash,2,Cloudy,Wet,Daylight
2021-09-24T12:26:00.000,I 85,I 85 and Decatur St Opas,,Rear End,2,Clear,Dry,Daylight
2021-09-08T17:32:00.000,I 85,I 85 and Decatur St Opas,,Sideswipe-Same Direction,2,Cloudy,Dry,Daylight
2021-02-11T17:45:00.000,I 85,I 85 and Decatur St,,Rear End,2,Cloudy,Wet,Daylight
2021-04-19T14:40:00.000,I 85,I 85 and Decatur St,,Rear End,2,Clear,Dry,Daylight
2021-01-14T12:53:00.000,I 85,I 85 and Decatur St,,Rear End,2,Clear,Dry,Daylight
2021-06-21T09:19:00.000,I 85,I 85 and Decatur St,,Rear End,2,Cloudy,Dry,Daylight
2021-07-19T09:06:00.000,I 85,I 85 and Decatur St,,Rear End,2,Cloudy,Wet,Daylight
2021-03-16T07:48:00.000,I 85,I 85 and Decatur St,,Sideswipe-Same Direction,2,Rain,Wet,Dawn
2021-07-02T08:15:00.000,I 85,I 85 and Decatur St,,Rear End,3,Rain,Wet,Daylight
2021-03-11T10:42:00.000,I 85,I 85 and Decatur St,,Sideswipe-Same Direction,2,Clear,Dry,Daylight
2021-03-18T09:52:00.000,I 85,I 85 and Decatur St,,Not a Collision with Motor Vehicle,1,Rain,Wet,Daylight
2021-07-19T17:05:00.000,I 85,I 85 and Decatur St,,Sideswipe-Same Direction,2,Rain,Wet,Daylight
2020-08-10T18:15:00.000,I 85,I 85 and Decatur St,,Rear End,2,Cloudy,Wet,Daylight
2020-02-12T09:20:00.000,I 85,I 85 and Decatur St,,Sideswipe-Same Direction,2,Cloudy,Wet,Daylight
2020-10-02T15:10:00.000,I 85,I 85 and Decatur St,,Sideswipe-Same Direction,2,Clear,Dry,Daylight
2020-01-03T18:48:00.000,I 85,I 85 and Decatur St,,Rear End,3,Cloudy,Wet,Dark-Not Lighted
2020-10-23T16:05:00.000,I 85,I 85 and Decatur St,,Rear End,4,Clear,Dry,Daylight
2020-01-16T07:45:00.000,I 85,I 85 and Decatur St,,Rear End,2,Clear,Dry,Daylight
2020-07-14T19:15:00.000,I 85,I 85 and Decatur St,,Rear End,2,Clear,Dry,Daylight
2020-12-28T18:45:00.000,I 85,I 85 and Decatur St,,Rear End,2,Clear,Wet,Dark-Lighted
2020-09-25T22:15:00.000,I 85,I 85 and Decatur St,,Rear End,2,Clear,Dry,Dark-Lighted
2020-08-20T08:25:00.000,I 85,I 85 and Decatur St,,Rear End,2,Clear,Dry,Daylight
2020-09-18T14:45:00.000,I 85,I 85 and Decatur St,,Rear End,2,Clear,Dry,Daylight
2020-12-04T19:02:00.000,I 85,I 85 and Decatur St,,Rear End,2,Cloudy,Wet,Dark-Lighted
2020-12-29T19:20:00.000,I 85,I 85 and Decatur St,,Rear End,3,Clear,Dry,Dark-Lighted
2020-03-23T14:55:00.000,I 85,I 85 and Decatur St,,Sideswipe-Same Direction,2,Rain,Wet,Daylight
2020-11-17T11:05:00.000,I 85,I 85 and Decatur St,,Sideswipe-Same Direction,2,Clear,Dry,Daylight
2020-03-13T13:15:00.000,I 85,I 85 and Decatur St,,Rear End,2,Cloudy,Dry,Daylight
2020-08-20T19:45:00.000,I 85,I 85 and Decatur St,,Rear End,2,Cloudy,Wet,Daylight
2020-10-02T11:30:00.000,I 85,I 85 and Decatur St,,Rear End,2,Clear,Dry,Daylight
2020-11-11T17:55:00.000,I 85,I 85 and Decatur St,,Rear End,2,Cloudy,Wet,Dark-Lighted
2020-12-07T18:20:00.000,I 85,I 85 and Decatur St,,Sideswipe-Same Direction,2,Cloudy,Dry,Dark-Lighted
2020-06-09T15:40:00.000,I 85,I 85 and Decatur St,,Sideswipe-Same Direction,2,Cloudy,Wet,Daylight
2020-10-16T10:55:00.000,I 85,I 85 and Decatur St,,Sideswipe-Same Direction,2,Clear,Dry,Daylight
2020-07-23T16:05:00.000,I 85,I 85 and Decatur St,,Rear End,2,Clear,Dry,Daylight
2020-10-02T11:30:00.000,I 85,I 85 and Decatur St,,Rear End,2,Clear,Dry,Daylight
2020-01-22T13:30:00.000,I 85,I 85 and Decatur St,,Rear End,2,Clear,Dry,Daylight
2020-11-11T06:35:00.000,I 85,I 85 and Decatur St,,Sideswipe-Same Direction,3,Rain,Wet,Dark-Lighted
2020-06-09T15:40:00.000,I 85,I 85 and Decatur St,,Angle Crash,3,Cloudy,Wet,Daylight
2021-04-20T09:07:00.000,I 85,I 85 and Decatur St,,Rear End,2,Clear,Dry,Daylight
2021-03-10T12:35:00.000,I 85,I 85 and Decatur St,,Rear End,2,Clear,Dry,Daylight
2021-03-18T11:15:00.000,I 85,I 85 and Decatur St,,Rear End,2,Cloudy,Wet,Daylight
2021-03-31T09:30:00.000,I 85,I 85 and Decatur St,,Sideswipe-Same Direction,3,Rain,Wet,Daylight
2021-06-29T13:27:00.000,I 85,I 85 and Decatur St,,Rear End,2,Clear,Dry,Daylight
2021-09-13T17:21:00.000,I 85,I 85 and Decatur St,,Sideswipe-Same Direction,2,Clear,Dry,Daylight
2021-07-22T15:05:00.000,I 85,I 85 and Decatur St,,Sideswipe-Same Direction,2,Clear,Dry,Daylight
2021-09-21T13:55:00.000,I 85,I 85 and Decatur St,,Rear End,2,Cloudy,Wet,Daylight
2021-08-05T12:43:00.000,I 85,I 85 and Decatur St,,Rear End,2,Clear,Dry,Daylight
2021-08-02T06:30:00.000,I 85,I 85 and Decatur St,,Sideswipe-Same Direction,2,Clear,Dry,Daylight
2020-10-23T12:30:00.000,I 85,I 85 and Decatur Sreet,,Rear End,2,Clear,Dry,Daylight
2021-02-10T12:42:00.000,I 85,I 85 and Decatur,,Rear End,3,Clear,Dry,Daylight
2021-10-10T21:00:00.000,I 85,I 85 and Dawson Blvd,,Angle Crash,2,Clear,Dry,Dark-Not Lighted
2021-03-29T23:06:00.000,I 85,I 85 and Dawson Blvd,,Sideswipe-Same Direction,2,Clear,Dry,Dark-Lighted
2023-12-28T00:00:00.000,I 85,I 85 and Dawson Blvd,,Angle Crash,2,Clear,Dry,Daylight
2023-03-08T07:50:00.000,I 85,I 85 and Dawson Blvd,,Angle Crash,2,Clear,Dry,Daylight
2023-07-31T13:35:00.000,I 85,I 85 and Dawson Blvd,,Sideswipe-Same Direction,2,Clear,Dry,Daylight
2023-12-15T09:18:00.000,I 85,I 85 and Dawson Blvd,,Sideswipe-Same Direction,2,Clear,Dry,Daylight
2023-11-21T11:08:00.000,I 85,I 85 and Dawson Blvd,,Not a Collision with Motor Vehicle,1,Rain,Wet,Daylight
2022-12-18T14:45:00.000,I 85,I 85 and Dawson Blvd,,Rear End,2,Clear,Dry,Daylight
2022-03-24T07:00:00.000,I 85,I 85 and Dawson Blvd,,Rear End,2,Clear,Dry,Dark-Not Lighted
2020-11-15T21:40:00.000,I 85,I 85 and Dawson Blvd,,Sideswipe-Same Direction,2,Clear,Dry,Dark-Lighted
2020-09-16T14:40:00.000,I 85,I 85 and Dawson Blvd,,Rear End,2,Rain,Wet,Daylight
2021-03-29T00:00:00.000,I 85,I 85 and Dawson Blvd,,Sideswipe-Same Direction,2,Clear,Dry,Daylight
2021-07-30T11:00:00.000,I 85,I 85 and Dawson Blvd,,Rear End,4,Clear,Dry,Daylight
2022-04-20T05:47:00.000,I 85,I 85 and Dawson Blvd,,Not a Collision with Motor Vehicle,1,Clear,Dry,Dark-Lighted
2021-12-07T19:30:00.000,I 85,I 85 and Dawson Blvd,,Angle Crash,2,Cloudy,Dry,Dark-Lighted
2022-02-12T11:00:00.000,I 85,I 85 and Dawson Blvd,,Sideswipe-Same Direction,2,Clear,Dry,Daylight
2022-10-24T09:25:00.000,I 85,I 85 and Dawson Blvd,,Angle Crash,2,Clear,Dry,Daylight
2022-08-21T21:57:00.000,I 85,I 85 and Dawson Blvd,,Sideswipe-Same Direction,2,Clear,Dry,Dark-Not Lighted
2022-09-12T15:19:00.000,I 85,I 85 and Dawson Blvd,,Rear End,2,Clear,Dry,Daylight
2022-12-08T13:35:00.000,I 85,I 85 and Dawson Blvd,,Angle Crash,2,Clear,Dry,Daylight
2022-03-24T12:45:00.000,I 85,I 85 and Dawson Blvd,,Sideswipe-Same Direction,2,Clear,Dry,Daylight
2022-08-02T08:00:00.000,I 85,I 85 and Dawson Blvd,,Rear End,2,Cloudy,Dry,Daylight
2024-05-30T20:30:00.000,I 85,I 85 and Dawson Blvd,,Sideswipe-Same Direction,2,Clear,Dry,Daylight
2024-06-07T06:45:00.000,I 85,I 85 and Dawson Blvd,,Sideswipe-Same Direction,2,Clear,Dry,Daylight
2024-03-01T12:10:00.000,I 85,I 85 and Dawson Blvd,,Rear End,2,Rain,Wet,Daylight
2024-09-19T22:30:00.000,I 85,I 85 and Dawson Blvd,,Rear End,2,Clear,Dry,Daylight
2024-03-10T06:03:00.000,I 85,I 85 and Dawson Blvd,,Not a Collision with Motor Vehicle,1,Clear,Dry,Dark-Lighted
2023-02-28T17:10:00.000,I 85,I 85 and Dawson Blvd,,Sideswipe-Same Direction,2,Clear,Dry,Daylight
2021-08-31T17:59:00.000,I 85,I 85 and Damon Gause Byp,,(None),2,(None),(None),(None)
2023-10-24T19:37:00.000,I 85,I 85 and Damon Gause,,Sideswipe-Same Direction,2,Clear,Dry,Dark-Not Lighted
2021-10-05T05:40:00.000,I 85,I 85 and D Connector,,Not a Collision with Motor Vehicle,1,Rain,Wet,Dark-Not Lighted
2021-11-05T21:00:00.000,I 85,I 85 and Csx Opas,,Head On,1,Clear,Dry,Dark-Not Lighted
2020-08-28T13:21:00.000,I 85,I 85 and Cranford Mill Dr,,Not a Collision with Motor Vehicle,1,Cloudy,Dry,Daylight
2021-01-21T13:10:00.000,I 85,I 85 and Courtland St,,Rear End,2,Cloudy,Wet,Daylight
2021-02-25T08:20:00.000,I 85,I 85 and Courtland St,,Rear End,2,Clear,Dry,Daylight
2021-01-22T14:45:00.000,I 85,I 85 and Courtland St,,Rear End,2,Clear,Dry,Daylight
2021-04-09T14:00:00.000,I 85,I 85 and Courtland St,,Rear End,2,Clear,Dry,Daylight
2021-01-07T18:01:00.000,I 85,I 85 and Courtland St,,Rear End,2,Rain,Wet,Daylight
2021-09-20T17:20:00.000,I 85,I 85 and Courtland St,,Rear End,3,Rain,Wet,Daylight
2021-09-21T06:30:00.000,I 85,I 85 and Courtland St,,Angle Crash,2,Cloudy,Wet,Dark-Lighted
2021-08-05T16:20:00.000,I 85,I 85 and Courtland St,,Sideswipe-Same Direction,2,Clear,Dry,Daylight
2021-08-16T11:40:00.000,I 85,I 85 and Courtland St,,Rear End,3,Clear,Dry,Daylight
2021-02-11T07:30:00.000,I 85,I 85 and Courtland St,,Rear End,2,Cloudy,Dry,Daylight
2021-06-14T19:41:00.000,I 85,I 85 and Courtland St,,Rear End,3,Cloudy,Snow,Daylight
2021-03-30T18:00:00.000,I 85,I 85 and Courtland St,,Rear End,2,Clear,Dry,Daylight
2021-02-08T06:30:00.000,I 85,I 85 and Courtland St,,Rear End,2,Clear,Dry,Dark-Lighted
2021-01-05T10:45:00.000,I 85,I 85 and Courtland St,,Rear End,2,Clear,Dry,Daylight
2021-08-17T15:52:00.000,I 85,I 85 and Courtland St,,Rear End,2,Cloudy,Wet,Daylight
2021-09-20T14:09:00.000,I 85,I 85 and Courtland St,,Sideswipe-Same Direction,2,Rain,Wet,Daylight
2021-09-17T17:46:00.000,I 85,I 85 and Courtland St,,Rear End,2,Cloudy,Wet,Daylight
2021-09-20T13:00:00.000,I 85,I 85 and Courtland St,,Rear End,3,Rain,Wet,Daylight
2021-04-27T14:00:00.000,I 85,I 85 and Courtland St,,Rear End,2,Clear,Dry,Daylight
2021-02-24T18:45:00.000,I 85,I 85 and Courtland St,,Rear End,2,Clear,Dry,Dark-Lighted
2021-01-21T18:36:00.000,I 85,I 85 and Courtland St,,Sideswipe-Same Direction,2,Clear,Wet,Dark-Lighted
2021-08-23T18:35:00.000,I 85,I 85 and Courtland St,,Sideswipe-Same Direction,2,Clear,Dry,Daylight
2021-03-30T15:40:00.000,I 85,I 85 and Courtland St,,Sideswipe-Same Direction,3,Clear,Dry,Daylight
2021-06-25T14:39:00.000,I 85,I 85 and Courtland St,,Rear End,2,Clear,Dry,Daylight
2021-05-12T18:32:00.000,I 85,I 85 and Courtland St,,Rear End,2,Clear,Dry,Daylight
2021-06-14T15:00:00.000,I 85,I 85 and Courtland St,,Rear End,2,Cloudy,Wet,Daylight
2020-03-12T00:00:00.000,I 85,I 85 and Courtland St,,Sideswipe-Same Direction,2,Cloudy,Dry,Daylight
2020-08-06T18:10:00.000,I 85,I 85 and Courtland St,,Rear End,2,Clear,Wet,Daylight
2020-04-29T16:03:00.000,I 85,I 85 and Courtland St,,Rear End,2,Rain,Wet,Daylight
2020-05-25T14:30:00.000,I 85,I 85 and Courtland St,,Rear End,2,Clear,Dry,Daylight
2021-02-19T18:10:00.000,I 85,I 85 and Courtland St,,Angle Crash,2,Clear,Dry,Daylight
2020-12-04T14:36:00.000,I 85,I 85 and Courtland St,,Rear End,3,Cloudy,Wet,Daylight
2020-12-31T15:46:00.000,I 85,I 85 and Courtland St,,Rear End,2,Clear,Wet,Daylight
2020-09-17T14:57:00.000,I 85,I 85 and Courtland St,,Rear End,2,Rain,Wet,Daylight
2020-07-06T19:35:00.000,I 85,I 85 and Courtland St,,Rear End,2,Rain,Wet,Daylight
2020-09-11T18:17:00.000,I 85,I 85 and Courtland St,,Rear End,2,Clear,Dry,Daylight
2020-09-17T15:18:00.000,I 85,I 85 and Courtland St,,Rear End,2,Rain,Wet,Daylight
2020-05-08T19:05:00.000,I 85,I 85 and Courtland St,,Rear End,3,Rain,Wet,Daylight
2020-12-11T12:33:00.000,I 85,I 85 and Courtland St,,Sideswipe-Same Direction,2,Cloudy,Dry,Daylight
2020-09-22T16:15:00.000,I 85,I 85 and Courtland St,,Rear End,2,Clear,Dry,Daylight
2020-02-03T19:00:00.000,I 85,I 85 and Courtland St,,Rear End,2,Clear,Dry,Dark-Lighted
2020-03-23T09:10:00.000,I 85,I 85 and Courtland St,,Rear End,2,Rain,Wet,Daylight
2020-12-29T17:58:00.000,I 85,I 85 and Courtland St,,Rear End,2,Clear,Dry,Daylight
2020-05-08T18:49:00.000,I 85,I 85 and Courtland St,,Rear End,2,Rain,Wet,Daylight
2020-08-28T08:40:00.000,I 85,I 85 and Courtland St,,Rear End,2,Cloudy,Dry,Daylight
2020-05-19T06:35:00.000,I 85,I 85 and Courtland St,,Sideswipe-Same Direction,2,Cloudy,Wet,Dawn
2020-11-05T19:41:00.000,I 85,I 85 and Courtland St,,Rear End,2,Cloudy,Dry,Dark-Lighted
2020-12-04T19:46:00.000,I 85,I 85 and Courtland St,,Rear End,2,Cloudy,Wet,Dark-Lighted
2020-06-10T14:05:00.000,I 85,I 85 and Courtland St,,Rear End,2,Cloudy,Wet,Daylight
2020-11-13T15:45:00.000,I 85,I 85 and Courtland St,,Rear End,2,Clear,Dry,Daylight
2020-09-22T16:49:00.000,I 85,I 85 and Courtland St,,Rear End,2,Clear,Dry,Daylight
2020-01-01T12:55:00.000,I 85,I 85 and Courtland St,,Rear End,2,Clear,Dry,Daylight
2020-08-28T19:01:00.000,I 85,I 85 and Courtland St,,Rear End,2,Cloudy,Dry,Daylight
2020-01-27T19:02:00.000,I 85,I 85 and Courtland St,,Rear End,2,Clear,Dry,Dark-Lighted
2020-09-10T14:52:00.000,I 85,I 85 and Courtland St,,Rear End,2,Cloudy,Dry,Daylight
2020-12-21T23:50:00.000,I 85,I 85 and Courtland St,,Rear End,2,Clear,Dry,Dark-Lighted
2020-12-04T18:46:00.000,I 85,I 85 and Courtland St,,Rear End,2,Cloudy,Wet,Daylight
2020-09-17T15:18:00.000,I 85,I 85 and Courtland St,,Rear End,2,Rain,Wet,Daylight
2020-09-10T14:45:00.000,I 85,I 85 and Courtland St,,Rear End,7,Clear,Dry,Daylight
2020-01-02T18:34:00.000,I 85,I 85 and Courtland St,,Rear End,3,Rain,Dry,Dark-Lighted
2020-12-31T16:16:00.000,I 85,I 85 and Courtland St,,Rear End,2,Cloudy,Wet,Daylight
2020-06-16T14:56:00.000,I 85,I 85 and Courtland St,,Rear End,4,Clear,Dry,Daylight
2020-12-04T14:44:00.000,I 85,I 85 and Courtland St,,Rear End,2,Rain,Wet,Daylight
2020-03-13T10:30:00.000,I 85,I 85 and Courtland St,,Sideswipe-Same Direction,2,Cloudy,Dry,Daylight
2020-06-24T18:30:00.000,I 85,I 85 and Courtland St,,Rear End,3,Rain,Wet,Daylight
2020-08-25T17:34:00.000,I 85,I 85 and Courtland St,,Rear End,2,Rain,Wet,Daylight
2020-09-09T16:40:00.000,I 85,I 85 and Courtland St,,Sideswipe-Same Direction,2,Clear,Dry,Daylight
2020-12-31T16:14:00.000,I 85,I 85 and Courtland St,,Rear End,3,Cloudy,Dry,Daylight
2020-02-17T13:00:00.000,I 85,I 85 and Courtland St,,Rear End,2,Cloudy,Dry,Daylight
2020-05-05T14:45:00.000,I 85,I 85 and Courtland St,,Rear End,2,Clear,Dry,Daylight
2020-02-14T13:54:00.000,I 85,I 85 and Courtland St,,Rear End,2,Clear,Dry,Daylight
2020-07-22T11:10:00.000,I 85,I 85 and Courtland St,,Sideswipe-Same Direction,3,Clear,Dry,Daylight
2020-06-18T15:00:00.000,I 85,I 85 and Courtland St,,Rear End,3,Clear,Dry,Daylight
2020-06-14T20:52:00.000,I 85,I 85 and Courtland St,,Not a Collision with Motor Vehicle,1,Rain,Wet,Dark-Lighted
2020-09-24T14:53:00.000,I 85,I 85 and Courtland St,,Rear End,2,Rain,Wet,Daylight
2020-05-08T18:50:00.000,I 85,I 85 and Courtland St,,Rear End,3,Rain,Wet,Daylight
2020-03-02T15:34:00.000,I 85,I 85 and Courtland St,,Rear End,2,Rain,Wet,Daylight
2020-03-12T11:45:00.000,I 85,I 85 and Courtland St,,Rear End,3,Cloudy,Dry,Daylight
2020-03-24T06:07:00.000,I 85,I 85 and Courtland St,,Not a Collision with Motor Vehicle,1,Cloudy,Wet,Dark-Lighted
2020-02-19T05:34:00.000,I 85,I 85 and Courtland St,,Sideswipe-Same Direction,2,Clear,Dry,Dark-Lighted
2020-08-17T17:35:00.000,I 85,I 85 and Courtland St,,Rear End,2,Clear,Dry,Daylight