Date and Time,Roadway (From Crash Report),Intersection Name (from Crash Report),KABCO Severity,Manner of Collision (Crash Level) ,# of Vehicles per crash ,Weather Conditions (Crash Level),Surface Condition (Crash Level) ,Light Conditions (Crash Level)
2020-08-04T14:35:00.000,I 85,I 85 and Courtland St,,Rear End,2,Clear,Dry,Daylight
2020-10-13T17:07:00.000,I 85,I 85 and Courtland St,,Rear End,2,Clear,Dry,Daylight
2020-07-13T16:42:00.000,I 85,I 85 and Courtland St,,Angle Crash,2,Cloudy,Dry,Daylight
2020-09-17T16:27:00.000,I 85,I 85 and Courtland St,,Rear End,2,Cloudy,Wet,Daylight
2020-03-02T15:34:00.000,I 85,I 85 and Courtland St,,Rear End,2,Rain,Wet,Daylight
2020-09-17T15:53:00.000,I 85,I 85 and Courtland St,,Rear End,2,Rain,Wet,Daylight
2020-08-31T10:50:00.000,I 85,I 85 and Courtland St,,Rear End,2,Cloudy,Wet,Daylight
2020-11-28T01:19:00.000,I 85,I 85 and Courtland St,,Sideswipe-Same Direction,2,Rain,Wet,Dark-Lighted
2020-03-31T12:55:00.000,I 85,I 85 and Courtland St,,Rear End,2,Cloudy,Dry,Daylight
2020-06-10T00:00:00.000,I 85,I 85 and Courtland St,,Rear End,2,Cloudy,Wet,Daylight
2020-12-21T14:00:00.000,I 85,I 85 and Courtland St,,Rear End,2,Clear,Dry,Daylight
2020-06-30T18:15:00.000,I 85,I 85 and Courtland St,,Rear End,3,Rain,Wet,Daylight
2020-09-09T16:50:00.000,I 85,I 85 and Courtland St,,Sideswipe-Same Direction,2,Cloudy,Dry,Daylight
2020-09-10T14:40:00.000,I 85,I 85 and Courtland St,,Rear End,3,Clear,Dry,Daylight
2021-04-09T13:20:00.000,I 85,I 85 and Courtland St,,Sideswipe-Same Direction,2,Clear,Dry,Daylight
2021-04-30T17:20:00.000,I 85,I 85 and Courtland St,,Rear End,2,Clear,Dry,Daylight
2021-03-04T16:55:00.000,I 85,I 85 and Courtland St,,Rear End,2,Clear,Dry,Daylight
2021-02-05T15:35:00.000,I 85,I 85 and Courtland St,,Rear End,2,Clear,Dry,Daylight
2021-03-30T15:00:00.000,I 85,I 85 and Courtland St,,Rear End,2,Clear,Dry,Daylight
2021-06-01T17:09:00.000,I 85,I 85 and Courtland St,,Rear End,2,Cloudy,Dry,Daylight
2021-03-18T09:41:00.000,I 85,I 85 and Courtland St,,Sideswipe-Same Direction,2,Clear,Wet,Daylight
2021-05-12T16:10:00.000,I 85,I 85 and Courtland St,,Sideswipe-Same Direction,2,Cloudy,Wet,Daylight
2021-05-03T17:23:00.000,I 85,I 85 and Courtland St,,Rear End,2,Rain,Wet,Daylight
2021-05-20T18:51:00.000,I 85,I 85 and Courtland St,,Rear End,2,Clear,Dry,Daylight
2021-02-02T16:45:00.000,I 85,I 85 and Courtland St,,Rear End,2,Clear,Dry,Daylight
2021-03-18T10:30:00.000,I 85,I 85 and Courtland St,,Rear End,2,Rain,Wet,Daylight
2021-03-07T03:30:00.000,I 85,I 85 and Courtland St,,Sideswipe-Same Direction,2,Clear,Dry,Dark-Lighted
2021-04-27T14:00:00.000,I 85,I 85 and Courtland St,,Rear End,2,Clear,Dry,Daylight
2021-06-14T18:55:00.000,I 85,I 85 and Courtland St,,Sideswipe-Same Direction,3,Cloudy,Wet,Daylight
2021-01-15T00:00:00.000,I 85,I 85 and Courtland St,,Rear End,3,Clear,Dry,Daylight
2021-09-16T13:42:00.000,I 85,I 85 and Courtland St,,Rear End,3,Rain,Wet,Daylight
2021-07-16T14:11:00.000,I 85,I 85 and Courtland St,,Rear End,2,Cloudy,Dry,Daylight
2021-09-20T13:55:00.000,I 85,I 85 and Courtland St,,Rear End,2,Rain,Wet,Daylight
2021-09-16T06:54:00.000,I 85,I 85 and Courtland St,,Rear End,3,Rain,Wet,Dark-Not Lighted
2021-08-03T06:30:00.000,I 85,I 85 and Courtland St,,Rear End,4,Clear,Wet,Daylight
2021-09-16T14:25:00.000,I 85,I 85 and Courtland St,,Rear End,2,Rain,Wet,Daylight
2021-07-26T19:00:00.000,I 85,I 85 and Courtland St,,Rear End,3,Rain,Wet,Daylight
2020-07-31T13:49:00.000,I 85,I 85 and Courtland Dr,,Sideswipe-Same Direction,2,Clear,Dry,Daylight
2020-02-18T06:52:00.000,I 85,I 85 and Courtland Dr,,Angle Crash,2,Rain,Wet,Dark-Lighted
2020-02-11T14:36:00.000,I 85,I 85 and Courtland,,Rear End,3,Cloudy,Wet,Daylight
2020-05-28T15:40:00.000,I 85,I 85 and Courtland,,Rear End,3,Clear,Dry,Daylight
2020-03-05T18:15:00.000,I 85,I 85 and Courtland,,Rear End,2,Cloudy,Wet,Daylight
2020-08-12T16:25:00.000,I 85,I 85 and Courtland,,Rear End,3,Clear,Dry,Daylight
2020-06-10T13:30:00.000,I 85,I 85 and Courtland,,Rear End,2,Rain,Wet,Daylight
2024-05-08T13:00:00.000,I 85,I 85 and County Road 84,,Rear End,2,Clear,Dry,Daylight
2021-07-09T17:25:00.000,I 85,I 85 and County Line Rd,,Rear End,3,Severe Thunderstorm or Tornadic,Wet,Daylight
2020-12-21T09:14:00.000,I 85,I 85 and County Line Rd,,Angle Crash,2,Cloudy,Dry,Daylight
2024-01-21T13:30:00.000,I 85,I 85 and County Line Rd,,Sideswipe-Same Direction,2,Clear,Dry,Daylight
2024-05-13T20:06:00.000,I 85,I 85 and County Line Barrow County Braselton,,Sideswipe-Same Direction,2,Clear,Dry,Daylight
2024-05-05T18:51:00.000,I 85,I 85 and County Line - Barrow County,,Rear End,4,Rain,Wet,Daylight
2021-09-04T18:15:00.000,I 85,I 85 and County Line,,Rear End,2,Clear,Dry,Daylight
2021-11-27T15:16:00.000,I 85,I 85 and County Line,,Rear End,2,Cloudy,Dry,Daylight
2021-03-30T03:37:00.000,I 85,I 85 and County Line,,Rear End,2,Clear,Dry,Dark-Not Lighted
2021-09-22T20:10:00.000,I 85,I 85 and County Line,,Sideswipe-Same Direction,2,Clear,Dry,Dark-Not Lighted
2020-10-11T13:57:00.000,I 85,I 85 and County Line,,Angle Crash,2,Cloudy,Wet,Daylight
2020-10-17T18:47:00.000,I 85,I 85 and County Line,,Rear End,2,Clear,Dry,Dusk
2020-09-26T09:05:00.000,I 85,I 85 and County Line,,Sideswipe-Same Direction,2,Clear,Dry,Daylight
2020-07-08T04:18:00.000,I 85,I 85 and County Line,,Angle Crash,2,Clear,Dry,Dark-Not Lighted
2020-05-22T11:09:00.000,I 85,I 85 and County Line,,Not a Collision with Motor Vehicle,2,Clear,Wet,Dark-Not Lighted
2021-09-01T07:05:00.000,I 85,I 85 and County Line,,Rear End,2,Clear,Dry,Daylight
2021-11-21T20:20:00.000,I 85,I 85 and County Line,,Rear End,2,Cloudy,Dry,Dark-Not Lighted
2021-11-10T05:15:00.000,I 85,I 85 and County Line,,Sideswipe-Same Direction,2,Clear,Dry,Dark-Lighted
2022-09-17T11:25:00.000,I 85,I 85 and County Line,,Rear End,2,Clear,Dry,Daylight
2024-10-19T04:50:00.000,I 85,I 85 and County Line,,Not a Collision with Motor Vehicle,1,Clear,Dry,Dark-Not Lighted
2024-12-05T05:36:00.000,I 85,I 85 and County Line,,Sideswipe-Same Direction,2,Cloudy,Wet,Dark-Lighted
2023-08-06T05:15:00.000,I 85,I 85 and Corporate Blvd,,Rear End,2,Cloudy,Dry,Dark-Lighted
2023-08-06T05:15:00.000,I 85,I 85 and Corporate Blvd,,Sideswipe-Same Direction,2,Cloudy,Dry,Dark-Lighted
2024-05-29T15:20:00.000,I 85,I 85 and Corporate Blvd,,Sideswipe-Same Direction,3,Clear,Dry,Daylight
2024-12-10T18:25:00.000,I 85,I 85 and Connector,,Rear End,2,Clear,Wet,Daylight
2022-05-20T11:10:00.000,I 85,I 85 and Commerce Rd,,Not a Collision with Motor Vehicle,1,Clear,Dry,Daylight
2022-09-14T08:24:00.000,I 85,I 85 and Commerce Rd,,Not a Collision with Motor Vehicle,1,Clear,Dry,Dawn
2022-03-31T07:35:00.000,I 85,I 85 and Commerce Rd,,Not a Collision with Motor Vehicle,1,Rain,Wet,Dawn
2023-03-29T04:44:00.000,I 85,I 85 and Collinworth Rd,,Head On,2,Clear,Dry,Dark-Not Lighted
2024-03-22T01:35:00.000,I 85,I 85 and Collinsworth Road.,,Sideswipe-Same Direction,2,Clear,Dry,Dark-Lighted
2023-08-12T04:48:00.000,I 85,I 85 and Collinsworth Road Exit 56,,Sideswipe-Same Direction,2,Clear,Dry,Dark-Not Lighted
2024-02-28T16:43:00.000,I 85,I 85 and Collinsworth Rd.,,Angle Crash,2,Rain,Wet,Daylight
2023-04-06T15:27:00.000,I 85,I 85 and Collinsworth Rd Opas,,Sideswipe-Same Direction,2,Cloudy,Dry,Daylight
2021-04-05T15:34:00.000,I 85,I 85 and Collinsworth Rd   Exit 56,,Sideswipe-Same Direction,2,Clear,Dry,Daylight
2021-01-15T16:20:00.000,I 85,I 85 and Collinsworth Rd   Exit 56,,Rear End,3,Clear,Dry,Daylight
2021-08-17T09:32:00.000,I 85,I 85 and Collinsworth Rd   Exit 56,,Not a Collision with Motor Vehicle,1,Rain,Wet,Daylight
2020-11-07T07:20:00.000,I 85,I 85 and Collinsworth Rd   Exit 56,,Rear End,2,Cloudy,Dry,Daylight
2020-02-18T07:41:00.000,I 85,I 85 and Collinsworth Rd   Exit 56,,Sideswipe-Same Direction,2,Rain,Wet,Daylight
2021-03-03T12:07:00.000,I 85,I 85 and Collinsworth Rd   Exit 56,,Sideswipe-Same Direction,2,Clear,Dry,Daylight
2021-05-10T04:06:00.000,I 85,I 85 and Collinsworth Rd   Exit 56,,Not a Collision with Motor Vehicle,1,Rain,Wet,Dark-Not Lighted
2021-11-13T00:46:00.000,I 85,I 85 and Collinsworth Rd   Exit 56,,Rear End,2,Clear,Dry,Dark-Not Lighted
2022-10-12T16:27:00.000,I 85,I 85 and Collinsworth Rd   Exit 56,,Not a Collision with Motor Vehicle,1,Rain,Wet,Dark-Lighted
2021-04-19T06:22:00.000,I 85,I 85 and Collinsworth Rd,,Sideswipe-Same Direction,2,Clear,Dry,Dark-Lighted
2021-06-21T12:41:00.000,I 85,I 85 and Collinsworth Rd,,Angle Crash,2,Clear,Wet,Daylight
2021-01-22T23:06:00.000,I 85,I 85 and Collinsworth Rd,,Not a Collision with Motor Vehicle,1,Clear,Dry,Dark-Not Lighted
2021-02-20T03:13:00.000,I 85,I 85 and Collinsworth Rd,,Sideswipe-Same Direction,2,Clear,Dry,Dark-Not Lighted
2021-02-24T15:16:00.000,I 85,I 85 and Collinsworth Rd,,Angle Crash,2,Clear,Dry,Daylight
2021-01-25T20:27:00.000,I 85,I 85 and Collinsworth Rd,,Angle Crash,2,Clear,Dry,Dark-Not Lighted
2021-01-25T05:18:00.000,I 85,I 85 and Collinsworth Rd,,Sideswipe-Same Direction,2,Clear,Dry,Dark-Not Lighted
2021-05-21T00:48:00.000,I 85,I 85 and Collinsworth Rd,,Angle Crash,2,Cloudy,Dry,Dark-Not Lighted
2021-04-02T09:41:00.000,I 85,I 85 and Collinsworth Rd,,Rear End,3,Clear,Dry,Daylight
2021-03-14T15:33:00.000,I 85,I 85 and Collinsworth Rd,,Not a Collision with Motor Vehicle,1,Clear,Dry,Daylight
2021-11-14T22:04:00.000,I 85,I 85 and Collinsworth Rd,,Not a Collision with Motor Vehicle,1,Clear,Dry,Dark-Not Lighted
2021-08-28T07:10:00.000,I 85,I 85 and Collinsworth Rd,,Not a Collision with Motor Vehicle,1,Clear,Dry,Daylight
2021-01-01T11:30:00.000,I 85,I 85 and Collinsworth Rd,,Sideswipe-Same Direction,2,Rain,Wet,Daylight
2021-02-06T08:23:00.000,I 85,I 85 and Collinsworth Rd,,Sideswipe-Same Direction,2,Clear,Wet,Daylight
2021-03-31T16:31:00.000,I 85,I 85 and Collinsworth Rd,,Not a Collision with Motor Vehicle,1,Rain,Wet,Daylight
2021-02-10T16:21:00.000,I 85,I 85 and Collinsworth Rd,,Rear End,2,Clear,Dry,Daylight
2021-05-25T12:45:00.000,I 85,I 85 and Collinsworth Rd,,Angle Crash,2,Clear,Dry,Daylight
2021-09-20T06:58:00.000,I 85,I 85 and Collinsworth Rd,,Not a Collision with Motor Vehicle,1,Rain,Wet,Dark-Not Lighted
2021-07-07T10:40:00.000,I 85,I 85 and Collinsworth Rd,,Sideswipe-Same Direction,2,Cloudy,Dry,Daylight
2020-09-17T14:56:00.000,I 85,I 85 and Collinsworth Rd,,Not a Collision with Motor Vehicle,1,Rain,Wet,Daylight
2023-08-06T00:37:00.000,I 85,I 85 and Collinsworth Rd,,Rear End,2,Clear,Dry,Dark-Lighted
2023-04-29T16:25:00.000,I 85,I 85 and Collinsworth Rd,,Rear End,2,Cloudy,Dry,Daylight
2023-11-20T11:48:00.000,I 85,I 85 and Collinsworth Rd,,Rear End,2,Cloudy,Dry,Daylight
2023-01-30T20:40:00.000,I 85,I 85 and Collinsworth Rd,,Not a Collision with Motor Vehicle,1,Clear,Dry,Dark-Not Lighted
2023-03-12T11:40:00.000,I 85,I 85 and Collinsworth Rd,,Rear End,2,Cloudy,Wet,Daylight
2023-01-05T19:10:00.000,I 85,I 85 and Collinsworth Rd,,Sideswipe-Same Direction,2,Clear,Dry,Dark-Lighted
2023-09-16T09:48:00.000,I 85,I 85 and Collinsworth Rd,,Not a Collision with Motor Vehicle,1,Rain,Wet,Daylight
2023-02-27T01:04:00.000,I 85,I 85 and Collinsworth Rd,,Rear End,2,Clear,Dry,Dark-Not Lighted
2023-11-14T18:37:00.000,I 85,I 85 and Collinsworth Rd,,Rear End,2,Clear,Dry,Dark-Not Lighted
2023-04-08T15:42:00.000,I 85,I 85 and Collinsworth Rd,,Angle Crash,2,Rain,Wet,Daylight
2023-04-05T13:50:00.000,I 85,I 85 and Collinsworth Rd,,Rear End,2,Clear,Dry,Daylight
2023-09-09T11:04:00.000,I 85,I 85 and Collinsworth Rd,,Angle Crash,3,Rain,Wet,Daylight
2023-11-06T02:12:00.000,I 85,I 85 and Collinsworth Rd,,Rear End,2,Clear,Dry,Dark-Lighted
2023-08-24T15:15:00.000,I 85,I 85 and Collinsworth Rd,,Not a Collision with Motor Vehicle,1,Clear,Dry,Daylight
2023-03-10T16:53:00.000,I 85,I 85 and Collinsworth Rd,,Not a Collision with Motor Vehicle,1,Clear,Dry,Daylight
2023-06-07T19:12:00.000,I 85,I 85 and Collinsworth Rd,,Not a Collision with Motor Vehicle,1,Clear,Dry,Daylight
2023-03-29T05:00:00.000,I 85,I 85 and Collinsworth Rd,,Rear End,2,Clear,Dry,Dark-Not Lighted
2023-03-16T09:34:00.000,I 85,I 85 and Collinsworth Rd,,Sideswipe-Same Direction,2,Clear,Dry,Daylight
2020-03-02T19:25:00.000,I 85,I 85 and Collinsworth Rd,,Not a Collision with Motor Vehicle,1,Rain,Wet,Dark-Lighted
2020-02-18T11:37:00.000,I 85,I 85 and Collinsworth Rd,,Sideswipe-Same Direction,2,Rain,Wet,Daylight
2020-12-02T07:36:00.000,I 85,I 85 and Collinsworth Rd,,Rear End,2,Clear,Dry,Daylight
2020-01-03T14:42:00.000,I 85,I 85 and Collinsworth Rd,,Rear End,2,Rain,Wet,Daylight
2020-05-08T00:08:00.000,I 85,I 85 and Collinsworth Rd,,Not a Collision with Motor Vehicle,1,Clear,Dry,Dark-Not Lighted
2020-12-24T06:57:00.000,I 85,I 85 and Collinsworth Rd,,Not a Collision with Motor Vehicle,1,Rain,Wet,Dark-Not Lighted
2020-12-12T16:23:00.000,I 85,I 85 and Collinsworth Rd,,Sideswipe-Same Direction,2,Clear,Dry,Daylight
2020-12-26T18:57:00.000,I 85,I 85 and Collinsworth Rd,,Not a Collision with Motor Vehicle,1,Clear,Dry,Dark-Not Lighted
2020-08-03T14:08:00.000,I 85,I 85 and Collinsworth Rd,,Sideswipe-Same Direction,1,Rain,Wet,Daylight
2020-05-22T16:49:00.000,I 85,I 85 and Collinsworth Rd,,Sideswipe-Same Direction,2,Rain,Wet,Daylight
2020-01-13T02:32:00.000,I 85,I 85 and Collinsworth Rd,,Not a Collision with Motor Vehicle,1,Rain,Wet,Dark-Not Lighted
2020-01-09T18:51:00.000,I 85,I 85 and Collinsworth Rd,,Rear End,2,Clear,Dry,Dark-Lighted
2020-05-29T07:01:00.000,I 85,I 85 and Collinsworth Rd,,Rear End,2,Cloudy,Dry,Dawn
2020-03-13T17:55:00.000,I 85,I 85 and Collinsworth Rd,,Sideswipe-Same Direction,2,Cloudy,Dry,Daylight
2020-06-10T17:36:00.000,I 85,I 85 and Collinsworth Rd,,Sideswipe-Same Direction,2,Rain,Wet,Daylight
2020-05-24T02:21:00.000,I 85,I 85 and Collinsworth Rd,,Not a Collision with Motor Vehicle,1,Rain,Wet,Dark-Not Lighted
2020-07-03T12:42:00.000,I 85,I 85 and Collinsworth Rd,,Not a Collision with Motor Vehicle,1,Clear,Dry,Daylight
2020-12-01T20:56:00.000,I 85,I 85 and Collinsworth Rd,,Angle Crash,2,Clear,Dry,Dark-Not Lighted
2020-02-11T09:48:00.000,I 85,I 85 and Collinsworth Rd,,Not a Collision with Motor Vehicle,1,Rain,Wet,Daylight
2020-04-24T23:10:00.000,I 85,I 85 and Collinsworth Rd,,Rear End,2,Clear,Dry,Dark-Not Lighted
2020-11-11T12:16:00.000,I 85,I 85 and Collinsworth Rd,,Not a Collision with Motor Vehicle,1,Rain,Wet,Daylight
2020-09-12T14:32:00.000,I 85,I 85 and Collinsworth Rd,,Not a Collision with Motor Vehicle,1,Rain,Wet,Daylight
2020-11-07T10:36:00.000,I 85,I 85 and Collinsworth Rd,,Rear End,2,Rain,Wet,Daylight
2020-12-12T06:09:00.000,I 85,I 85 and Collinsworth Rd,,Rear End,2,Clear,Dry,Dark-Lighted
2020-10-12T04:17:00.000,I 85,I 85 and Collinsworth Rd,,Not a Collision with Motor Vehicle,1,Rain,Wet,Dark-Not Lighted
2020-02-20T07:30:00.000,I 85,I 85 and Collinsworth Rd,,Sideswipe-Same Direction,2,Rain,Wet,Dawn
2020-01-11T22:38:00.000,I 85,I 85 and Collinsworth Rd,,Not a Collision with Motor Vehicle,1,Cloudy,Wet,Dark-Lighted
2020-09-16T10:35:00.000,I 85,I 85 and Collinsworth Rd,,Not a Collision with Motor Vehicle,1,Rain,Wet,Daylight
2020-01-27T08:49:00.000,I 85,I 85 and Collinsworth Rd,,Angle Crash,2,Cloudy,Dry,Daylight
2020-08-10T12:56:00.000,I 85,I 85 and Collinsworth Rd,,Not a Collision with Motor Vehicle,1,Rain,Wet,Daylight
2020-03-02T14:50:00.000,I 85,I 85 and Collinsworth Rd,,Not a Collision with Motor Vehicle,1,Rain,Wet,Daylight
2020-03-05T19:05:00.000,I 85,I 85 and Collinsworth Rd,,Rear End,2,Cloudy,Dry,Dark-Lighted
2020-01-24T05:59:00.000,I 85,I 85 and Collinsworth Rd,,Not a Collision with Motor Vehicle,1,Rain,Wet,Dark-Not Lighted
2020-10-29T09:48:00.000,I 85,I 85 and Collinsworth Rd,,Sideswipe-Same Direction,2,Cloudy,Wet,Daylight
2021-05-26T16:45:00.000,I 85,I 85 and Collinsworth Rd,,Rear End,2,Clear,Dry,Daylight
2021-04-04T12:20:00.000,I 85,I 85 and Collinsworth Rd,,Rear End,2,Clear,Dry,Daylight
2021-03-15T06:18:00.000,I 85,I 85 and Collinsworth Rd,,Rear End,2,Clear,Dry,Dark-Lighted
2021-06-02T07:03:00.000,I 85,I 85 and Collinsworth Rd,,Sideswipe-Same Direction,1,Clear,Dry,Daylight
2021-05-30T19:51:00.000,I 85,I 85 and Collinsworth Rd,,Sideswipe-Same Direction,2,Clear,Dry,Daylight
2021-03-09T05:40:00.000,I 85,I 85 and Collinsworth Rd,,Not a Collision with Motor Vehicle,1,Clear,Dry,Dark-Not Lighted
2021-06-26T17:30:00.000,I 85,I 85 and Collinsworth Rd,,Rear End,2,Clear,Dry,Daylight
2021-08-10T08:10:00.000,I 85,I 85 and Collinsworth Rd,,Rear End,2,Clear,Dry,Daylight
2021-08-08T20:58:00.000,I 85,I 85 and Collinsworth Rd,,Not a Collision with Motor Vehicle,1,Clear,Dry,Dark-Not Lighted
2021-12-14T06:53:00.000,I 85,I 85 and Collinsworth Rd,,Rear End,2,Clear,Dry,Dark-Not Lighted
2021-11-14T20:28:00.000,I 85,I 85 and Collinsworth Rd,,Rear End,3,Clear,Dry,Dark-Lighted
2021-08-07T19:24:00.000,I 85,I 85 and Collinsworth Rd,,Not a Collision with Motor Vehicle,1,Clear,Dry,Daylight
2021-12-30T07:49:00.000,I 85,I 85 and Collinsworth Rd,,Not a Collision with Motor Vehicle,1,Rain,Wet,Daylight
2021-12-30T14:18:00.000,I 85,I 85 and Collinsworth Rd,,Not a Collision with Motor Vehicle,1,Rain,Wet,Daylight
2021-09-06T22:35:00.000,I 85,I 85 and Collinsworth Rd,,Rear End,2,Clear,Dry,Dark-Not Lighted
2021-09-02T00:33:00.000,I 85,I 85 and Collinsworth Rd,,Not a Collision with Motor Vehicle,1,Clear,Dry,Dark-Lighted
2022-04-26T03:40:00.000,I 85,I 85 and Collinsworth Rd,,Not a Collision with Motor Vehicle,1,Clear,Dry,Dark-Lighted
2021-12-30T05:12:00.000,I 85,I 85 and Collinsworth Rd,,Not a Collision with Motor Vehicle,1,Rain,Wet,Dark-Not Lighted
2021-11-13T15:15:00.000,I 85,I 85 and Collinsworth Rd,,Rear End,2,Clear,Dry,Daylight
2022-10-03T00:25:00.000,I 85,I 85 and Collinsworth Rd,,Head On,2,Clear,Dry,Dawn
2022-01-23T14:10:00.000,I 85,I 85 and Collinsworth Rd,,Not a Collision with Motor Vehicle,1,Clear,Dry,Daylight
2022-08-12T15:09:00.000,I 85,I 85 and Collinsworth Rd,,Sideswipe-Same Direction,2,Cloudy,Dry,Daylight
2022-05-28T16:56:00.000,I 85,I 85 and Collinsworth Rd,,Rear End,2,Clear,Dry,Daylight
2022-03-19T04:49:00.000,I 85,I 85 and Collinsworth Rd,,Not a Collision with Motor Vehicle,1,Clear,Dry,Dark-Not Lighted
2022-01-16T01:24:00.000,I 85,I 85 and Collinsworth Rd,,Not a Collision with Motor Vehicle,1,Rain,Wet,Dark-Lighted
2022-08-02T09:39:00.000,I 85,I 85 and Collinsworth Rd,,Not a Collision with Motor Vehicle,1,Cloudy,Dry,Daylight
2022-10-20T15:09:00.000,I 85,I 85 and Collinsworth Rd,,Rear End,2,Clear,Dry,Daylight
2021-11-07T10:50:00.000,I 85,I 85 and Collinsworth Rd,,Rear End,2,Clear,Dry,Daylight
2022-03-18T12:23:00.000,I 85,I 85 and Collinsworth Rd,,Sideswipe-Same Direction,2,Rain,Wet,Daylight
2022-01-30T17:07:00.000,I 85,I 85 and Collinsworth Rd,,Rear End,2,Clear,Dry,Daylight
2022-06-16T22:00:00.000,I 85,I 85 and Collinsworth Rd,,Not a Collision with Motor Vehicle,1,Clear,Dry,Dark-Not Lighted
2022-12-17T11:00:00.000,I 85,I 85 and Collinsworth Rd,,Sideswipe-Same Direction,2,Clear,Dry,Daylight
2022-03-07T11:45:00.000,I 85,I 85 and Collinsworth Rd,,Rear End,2,Cloudy,Dry,Daylight
2022-06-16T22:00:00.000,I 85,I 85 and Collinsworth Rd,,Not a Collision with Motor Vehicle,1,Clear,Dry,Dark-Not Lighted
2022-07-30T05:35:00.000,I 85,I 85 and Collinsworth Rd,,Sideswipe-Same Direction,2,Clear,Dry,Dark-Not Lighted
2022-02-18T01:08:00.000,I 85,I 85 and Collinsworth Rd,,Not a Collision with Motor Vehicle,1,Clear,Dry,Dark-Not Lighted
2022-11-05T04:24:00.000,I 85,I 85 and Collinsworth Rd,,Not a Collision with Motor Vehicle,1,Clear,Dry,Dark-Not Lighted
2022-08-05T08:47:00.000,I 85,I 85 and Collinsworth Rd,,Not a Collision with Motor Vehicle,2,Clear,Dry,Daylight
2022-04-22T12:58:00.000,I 85,I 85 and Collinsworth Rd,,Sideswipe-Same Direction,2,Clear,Dry,Daylight
2022-06-16T22:00:00.000,I 85,I 85 and Collinsworth Rd,,Not a Collision with Motor Vehicle,1,Clear,Dry,Dark-Not Lighted
2022-07-14T19:03:00.000,I 85,I 85 and Collinsworth Rd,,Rear End,2,Clear,Dry,Daylight
2022-02-11T12:25:00.000,I 85,I 85 and Collinsworth Rd,,Not a Collision with Motor Vehicle,1,Clear,Dry,Daylight
2023-12-11T08:19:00.000,I 85,I 85 and Collinsworth Rd,,Not a Collision with Motor Vehicle,2,Clear,Dry,Daylight
2023-10-01T23:25:00.000,I 85,I 85 and Collinsworth Rd,,Sideswipe-Same Direction,2,Clear,Dry,Dark-Not Lighted
2024-11-08T17:37:00.000,I 85,I 85 and Collinsworth Rd,,Angle Crash,2,Clear,Dry,Daylight
2024-06-06T12:43:00.000,I 85,I 85 and Collinsworth Rd,,Rear End,2,Cloudy,Dry,Daylight
2024-12-17T21:38:00.000,I 85,I 85 and Collinsworth Rd,,Sideswipe-Same Direction,2,Clear,Dry,Dark-Not Lighted
2023-06-23T05:01:00.000,I 85,I 85 and Collinsworth Rd,,Sideswipe-Same Direction,2,Clear,Dry,Dark-Lighted
2023-02-11T18:29:00.000,I 85,I 85 and Collinsworth Rd,,Angle Crash,2,Rain,Wet,Dark-Not Lighted
2023-01-27T18:09:00.000,I 85,I 85 and Collinsworth Rd,,Angle Crash,2,Clear,Dry,Dark-Not Lighted
2023-11-27T16:07:00.000,I 85,I 85 and Collinsworth Rd,,Rear End,2,Clear,Dry,Daylight
2024-02-19T13:45:00.000,I 85,I 85 and Collinsworth Rd,,Not a Collision with Motor Vehicle,1,Clear,Dry,Daylight
2024-03-15T12:27:00.000,I 85,I 85 and Collinsworth Rd,,Sideswipe-Same Direction,2,Rain,Wet,Daylight
2024-03-08T22:37:00.000,I 85,I 85 and Collinsworth Rd,,Not a Collision with Motor Vehicle,1,Rain,Wet,Dark-Not Lighted
2024-11-26T02:43:00.000,I 85,I 85 and Collinsworth Rd,,Not a Collision with Motor Vehicle,1,Clear,Dry,Dark-Not Lighted
2024-12-28T19:02:00.000,I 85,I 85 and Collinsworth Rd,,Rear End,2,Rain,Wet,Dark-Not Lighted
2024-05-24T02:05:00.000,I 85,I 85 and Collinsworth Rd,,Sideswipe-Same Direction,2,Clear,Dry,Dark-Lighted
2024-11-01T01:27:00.000,I 85,I 85 and Collinsworth Rd,,Sideswipe-Same Direction,1,Clear,Dry,Dark-Not Lighted
2024-02-24T02:36:00.000,I 85,I 85 and Collinsworth Rd,,Rear End,2,Clear,Dry,Dark-Not Lighted
2024-07-08T14:36:00.000,I 85,I 85 and Collinsworth Rd,,Rear End,2,Rain,Wet,Daylight
2024-02-15T11:01:00.000,I 85,I 85 and Collinsworth Rd,,Rear End,2,Clear,Dry,Daylight
2024-05-26T05:19:00.000,I 85,I 85 and Collinsworth Rd,,Rear End,2,Clear,Dry,Dark-Not Lighted