Date and Time,Roadway (From Crash Report),Intersection Name (from Crash Report),KABCO Severity,Manner of Collision (Crash Level) ,# of Vehicles per crash ,Weather Conditions (Crash Level),Surface Condition (Crash Level) ,Light Conditions (Crash Level)
2024-04-06T10:45:00.000,I 85,I 85 and Collinsworth Rd,,Sideswipe-Same Direction,2,Clear,Dry,Daylight
2024-11-08T11:30:00.000,I 85,I 85 and Collinsworth Rd,,Not a Collision with Motor Vehicle,1,Clear,Dry,Dark-Not Lighted
2024-08-04T17:24:00.000,I 85,I 85 and Collinsworth Rd,,Rear End,2,Rain,Wet,Daylight
2024-01-08T09:27:00.000,I 85,I 85 and Collinsworth Rd,,Sideswipe-Same Direction,2,Cloudy,Dry,Daylight
2024-05-26T00:02:00.000,I 85,I 85 and Collinsworth Rd,,Not a Collision with Motor Vehicle,1,Clear,Dry,Dark-Not Lighted
2024-05-26T00:52:00.000,I 85,I 85 and Collinsworth Rd,,Not a Collision with Motor Vehicle,1,Clear,Dry,Dark-Not Lighted
2024-09-26T16:28:00.000,I 85,I 85 and Collinsworth Rd,,Not a Collision with Motor Vehicle,1,Rain,Wet,Daylight
2024-12-10T23:12:00.000,I 85,I 85 and Collinsworth,,Sideswipe-Same Direction,2,Rain,Wet,Dark-Not Lighted
2023-10-12T11:40:00.000,I 85,I 85 and Collinsworth,,Not a Collision with Motor Vehicle,1,Rain,Wet,Daylight
2024-11-11T02:52:00.000,I 85,I 85 and Collinsworth,,Rear End,2,Fog,Dry,Dark-Not Lighted
2024-01-29T06:47:00.000,I 85,I 85 and Collector To I285 Split,,Sideswipe-Same Direction,2,Clear,Dry,Daylight
2021-06-06T22:30:00.000,I 85,I 85 and Collector Distributor To I285,,Not a Collision with Motor Vehicle,1,Clear,Wet,Dark-Not Lighted
2021-02-15T15:40:00.000,I 85,I 85 and Collector Distributor To I285,,Rear End,2,Rain,Wet,Daylight
2021-03-23T18:30:00.000,I 85,I 85 and Collector Distributor To I285,,Rear End,2,Cloudy,Dry,Daylight
2021-05-07T07:53:00.000,I 85,I 85 and Collector Distributor To I285,,Rear End,2,Clear,Dry,Daylight
2021-04-11T13:23:00.000,I 85,I 85 and Collector Distributor To I285,,Sideswipe-Same Direction,2,Clear,Dry,Daylight
2021-08-19T17:36:00.000,I 85,I 85 and Collector Distributor To I285,,Angle Crash,2,Cloudy,Wet,Daylight
2021-09-25T21:57:00.000,I 85,I 85 and Collector Distributor To I285,,Angle Crash,2,Clear,Dry,Dark-Not Lighted
2021-07-15T09:00:00.000,I 85,I 85 and Collector Distributor To I285,,Sideswipe-Same Direction,2,Clear,Dry,Daylight
2021-11-11T07:30:00.000,I 85,I 85 and Collector Distributor To I285,,Rear End,2,Cloudy,Dry,Dawn
2021-09-25T22:50:00.000,I 85,I 85 and Collector Distributor To I285,,Rear End,3,Clear,Dry,Dark-Not Lighted
2021-08-03T09:20:00.000,I 85,I 85 and Collector Distributor To I285,,Sideswipe-Same Direction,2,Cloudy,Dry,Daylight
2021-08-16T00:00:00.000,I 85,I 85 and Collector Distributor To I285,,Angle Crash,2,Clear,Dry,Daylight
2021-05-13T15:10:00.000,I 85,I 85 and Collector Distributor To I285,,Sideswipe-Same Direction,2,Clear,Dry,Daylight
2021-01-27T13:40:00.000,I 85,I 85 and Collector Distributor To I285,,Rear End,3,Cloudy,Wet,Daylight
2021-02-22T21:49:00.000,I 85,I 85 and Collector Distributor To I285,,Not a Collision with Motor Vehicle,1,Clear,Dry,Dark-Lighted
2021-03-15T07:25:00.000,I 85,I 85 and Collector Distributor To I285,,Rear End,2,Cloudy,Dry,Daylight
2021-06-13T18:16:00.000,I 85,I 85 and Collector Distributor To I285,,Rear End,4,Clear,Dry,Daylight
2021-06-23T16:40:00.000,I 85,I 85 and Collector Distributor To I285,,Rear End,2,Clear,Dry,Daylight
2021-01-29T01:30:00.000,I 85,I 85 and Collector Distributor To I285,,Rear End,2,Clear,Dry,Dark-Lighted
2021-01-04T21:40:00.000,I 85,I 85 and Collector Distributor To I285,,Angle Crash,3,Clear,Dry,Dusk
2021-03-07T03:05:00.000,I 85,I 85 and Collector Distributor To I285,,Angle Crash,2,Clear,Dry,Dark-Lighted
2021-04-10T22:18:00.000,I 85,I 85 and Collector Distributor To I285,,Sideswipe-Same Direction,2,Clear,Dry,Dark-Lighted
2021-03-10T21:31:00.000,I 85,I 85 and Collector Distributor To I285,,Not a Collision with Motor Vehicle,1,Clear,Dry,Dark-Lighted
2021-11-07T19:16:00.000,I 85,I 85 and Collector Distributor To I285,,Rear End,4,Clear,Dry,Dark-Not Lighted
2021-12-14T23:47:00.000,I 85,I 85 and Collector Distributor To I285,,Sideswipe-Same Direction,2,Clear,Dry,Dark-Not Lighted
2021-09-25T22:30:00.000,I 85,I 85 and Collector Distributor To I285,,Rear End,3,Clear,Dry,Dark-Not Lighted
2021-12-19T07:35:00.000,I 85,I 85 and Collector Distributor To I285,,Sideswipe-Same Direction,2,Rain,Wet,Dark-Not Lighted
2021-07-30T12:25:00.000,I 85,I 85 and Collector Distributor To I285,,Angle Crash,2,Clear,Dry,Daylight
2021-12-06T21:39:00.000,I 85,I 85 and Collector Distributor To I285,,Angle Crash,2,Clear,Wet,Dark-Not Lighted
2021-10-15T12:51:00.000,I 85,I 85 and Collector Distributor To I285,,Angle Crash,2,Clear,Dry,Daylight
2021-06-02T16:18:00.000,I 85,I 85 and Collector Distributor To I285,,Rear End,3,Clear,Dry,Daylight
2021-03-30T17:12:00.000,I 85,I 85 and Collector Distributor To I285,,Rear End,4,Clear,Dry,Daylight
2021-06-10T00:54:00.000,I 85,I 85 and Collector Distributor To I285,,Not a Collision with Motor Vehicle,1,Clear,Wet,Dark-Not Lighted
2021-08-05T21:36:00.000,I 85,I 85 and Collector Distributor To I285,,Sideswipe-Same Direction,2,Clear,Dry,Dark-Not Lighted
2021-09-27T14:40:00.000,I 85,I 85 and Collector Distributor To I285,,Angle Crash,4,Clear,Dry,Daylight
2021-12-17T03:30:00.000,I 85,I 85 and Collector Distributor To I285,,Rear End,2,Clear,Dry,Dark-Not Lighted
2021-05-29T17:33:00.000,I 85,I 85 and Collector Distributor To I285,,Angle Crash,2,Clear,Dry,Daylight
2020-03-10T12:00:00.000,I 85,I 85 and Collector Distributor To I285,,Sideswipe-Same Direction,2,Clear,Dry,Daylight
2023-04-12T18:15:00.000,I 85,I 85 and Collector Distributor To I285,,Rear End,2,Clear,Dry,Daylight
2023-10-11T13:54:00.000,I 85,I 85 and Collector Distributor To I285,,Rear End,2,Cloudy,Dry,Daylight
2023-12-16T10:14:00.000,I 85,I 85 and Collector Distributor To I285,,Sideswipe-Same Direction,2,Cloudy,Dry,Daylight
2023-10-28T16:13:00.000,I 85,I 85 and Collector Distributor To I285,,Sideswipe-Same Direction,2,Clear,Dry,Daylight
2023-09-01T11:11:00.000,I 85,I 85 and Collector Distributor To I285,,Sideswipe-Same Direction,2,Clear,Dry,Daylight
2023-03-07T16:48:00.000,I 85,I 85 and Collector Distributor To I285,,Sideswipe-Same Direction,2,Clear,Dry,Daylight
2023-06-04T21:41:00.000,I 85,I 85 and Collector Distributor To I285,,Not a Collision with Motor Vehicle,1,Cloudy,Wet,Dark-Lighted
2023-11-14T12:50:00.000,I 85,I 85 and Collector Distributor To I285,,Sideswipe-Same Direction,2,Clear,Dry,Daylight
2023-04-15T04:13:00.000,I 85,I 85 and Collector Distributor To I285,,Not a Collision with Motor Vehicle,1,Clear,Dry,Dark-Lighted
2023-11-13T16:00:00.000,I 85,I 85 and Collector Distributor To I285,,Sideswipe-Same Direction,2,Clear,Dry,Dusk
2023-08-07T09:30:00.000,I 85,I 85 and Collector Distributor To I285,,Sideswipe-Same Direction,2,Clear,Dry,Daylight
2023-10-31T06:08:00.000,I 85,I 85 and Collector Distributor To I285,,Sideswipe-Same Direction,2,Clear,Dry,Dark-Not Lighted
2023-01-09T21:52:00.000,I 85,I 85 and Collector Distributor To I285,,Angle Crash,2,Clear,Dry,Dark-Lighted
2023-06-25T03:07:00.000,I 85,I 85 and Collector Distributor To I285,,Angle Crash,2,Clear,Dry,Dark-Lighted
2023-04-11T21:30:00.000,I 85,I 85 and Collector Distributor To I285,,Sideswipe-Same Direction,2,Clear,Dry,Dark-Not Lighted
2023-09-22T06:28:00.000,I 85,I 85 and Collector Distributor To I285,,Rear End,2,Clear,Dry,Dark-Lighted
2023-08-12T18:57:00.000,I 85,I 85 and Collector Distributor To I285,,Rear End,3,Rain,Wet,Daylight
2023-12-20T15:47:00.000,I 85,I 85 and Collector Distributor To I285,,Sideswipe-Same Direction,2,Clear,Dry,Daylight
2023-08-22T07:02:00.000,I 85,I 85 and Collector Distributor To I285,,Not a Collision with Motor Vehicle,1,Clear,Dry,Daylight
2023-02-08T05:56:00.000,I 85,I 85 and Collector Distributor To I285,,Sideswipe-Same Direction,2,Clear,Dry,Dark-Not Lighted
2023-10-17T13:10:00.000,I 85,I 85 and Collector Distributor To I285,,Sideswipe-Same Direction,2,Clear,Dry,Daylight
2020-03-06T08:10:00.000,I 85,I 85 and Collector Distributor To I285,,Rear End,2,Clear,Dry,Daylight
2020-09-12T13:30:00.000,I 85,I 85 and Collector Distributor To I285,,Sideswipe-Same Direction,3,Clear,Dry,Daylight
2020-11-30T07:40:00.000,I 85,I 85 and Collector Distributor To I285,,Rear End,3,Cloudy,Wet,Daylight
2020-06-29T18:42:00.000,I 85,I 85 and Collector Distributor To I285,,Not a Collision with Motor Vehicle,1,Cloudy,Dry,Daylight
2020-12-28T10:10:00.000,I 85,I 85 and Collector Distributor To I285,,Sideswipe-Same Direction,2,Cloudy,Dry,Daylight
2020-12-18T16:20:00.000,I 85,I 85 and Collector Distributor To I285,,Rear End,2,Clear,Dry,Daylight
2020-05-10T21:39:00.000,I 85,I 85 and Collector Distributor To I285,,Rear End,2,Clear,Dry,Dark-Lighted
2020-04-01T19:33:00.000,I 85,I 85 and Collector Distributor To I285,,Not a Collision with Motor Vehicle,2,Clear,Dry,Daylight
2020-01-14T21:51:00.000,I 85,I 85 and Collector Distributor To I285,,Not a Collision with Motor Vehicle,1,Cloudy,Wet,Dark-Not Lighted
2020-01-22T21:20:00.000,I 85,I 85 and Collector Distributor To I285,,Sideswipe-Same Direction,3,Clear,Dry,Dark-Lighted
2020-01-28T09:40:00.000,I 85,I 85 and Collector Distributor To I285,,Angle Crash,2,Clear,Dry,Daylight
2020-01-02T20:40:00.000,I 85,I 85 and Collector Distributor To I285,,Sideswipe-Same Direction,3,Rain,Wet,Dark-Not Lighted
2020-01-14T11:50:00.000,I 85,I 85 and Collector Distributor To I285,,Rear End,2,Rain,Wet,Daylight
2020-10-09T23:15:00.000,I 85,I 85 and Collector Distributor To I285,,Rear End,2,Rain,Wet,Dark-Lighted
2020-11-30T07:40:00.000,I 85,I 85 and Collector Distributor To I285,,Rear End,2,Cloudy,Wet,Daylight
2020-03-08T20:50:00.000,I 85,I 85 and Collector Distributor To I285,,Rear End,5,Clear,Dry,Dark-Lighted
2020-03-20T15:56:00.000,I 85,I 85 and Collector Distributor To I285,,Angle Crash,2,Clear,Dry,Daylight
2020-11-24T06:31:00.000,I 85,I 85 and Collector Distributor To I285,,Not a Collision with Motor Vehicle,1,Clear,Dry,Daylight
2020-02-25T11:30:00.000,I 85,I 85 and Collector Distributor To I285,,Sideswipe-Same Direction,2,Clear,Dry,Daylight
2020-04-29T12:00:00.000,I 85,I 85 and Collector Distributor To I285,,Sideswipe-Same Direction,2,Cloudy,Dry,Daylight
2020-01-27T06:00:00.000,I 85,I 85 and Collector Distributor To I285,,Rear End,2,Cloudy,Wet,Dark-Not Lighted
2020-07-06T11:30:00.000,I 85,I 85 and Collector Distributor To I285,,Sideswipe-Same Direction,2,Cloudy,Wet,Daylight
2020-05-29T08:00:00.000,I 85,I 85 and Collector Distributor To I285,,Angle Crash,2,Cloudy,Dry,Daylight
2020-11-30T07:40:00.000,I 85,I 85 and Collector Distributor To I285,,Sideswipe-Same Direction,2,Cloudy,Wet,Daylight
2020-11-30T07:30:00.000,I 85,I 85 and Collector Distributor To I285,,Sideswipe-Same Direction,2,Cloudy,Wet,Daylight
2020-02-17T15:00:00.000,I 85,I 85 and Collector Distributor To I285,,Sideswipe-Same Direction,2,Cloudy,Dry,Daylight
2020-09-29T07:15:00.000,I 85,I 85 and Collector Distributor To I285,,Angle Crash,5,Cloudy,Wet,Dark-Lighted
2020-10-31T12:02:00.000,I 85,I 85 and Collector Distributor To I285,,Sideswipe-Same Direction,2,Clear,Dry,Daylight
2020-04-28T22:10:00.000,I 85,I 85 and Collector Distributor To I285,,Sideswipe-Same Direction,2,Clear,Dry,Dark-Lighted
2020-03-14T00:04:00.000,I 85,I 85 and Collector Distributor To I285,,Angle Crash,2,Clear,Dry,Dark-Not Lighted
2020-04-24T17:35:00.000,I 85,I 85 and Collector Distributor To I285,,Angle Crash,2,Cloudy,Dry,Daylight
2021-05-26T01:40:00.000,I 85,I 85 and Collector Distributor To I285,,Sideswipe-Same Direction,2,Clear,Dry,Dark-Not Lighted
2021-06-19T13:10:00.000,I 85,I 85 and Collector Distributor To I285,,Angle Crash,2,Rain,Wet,Daylight
2021-02-02T17:08:00.000,I 85,I 85 and Collector Distributor To I285,,Head On,2,Clear,Dry,Daylight
2021-04-17T02:10:00.000,I 85,I 85 and Collector Distributor To I285,,Rear End,2,Clear,Dry,Dark-Lighted
2021-04-07T05:09:00.000,I 85,I 85 and Collector Distributor To I285,,Not a Collision with Motor Vehicle,1,Clear,Dry,Dark-Lighted
2021-09-28T10:56:00.000,I 85,I 85 and Collector Distributor To I285,,Sideswipe-Same Direction,4,Clear,Dry,Daylight
2021-11-12T15:40:00.000,I 85,I 85 and Collector Distributor To I285,,Rear End,2,Clear,Dry,Dark-Not Lighted
2021-08-19T14:27:00.000,I 85,I 85 and Collector Distributor To I285,,Angle Crash,3,Cloudy,Dry,Daylight
2021-11-09T08:21:00.000,I 85,I 85 and Collector Distributor To I285,,Rear End,4,Clear,Dry,Daylight
2021-11-27T18:10:00.000,I 85,I 85 and Collector Distributor To I285,,Angle Crash,3,Clear,Dry,Dark-Lighted
2021-07-07T17:00:00.000,I 85,I 85 and Collector Distributor To I285,,Rear End,2,Cloudy,Dry,Daylight
2022-05-10T14:40:00.000,I 85,I 85 and Collector Distributor To I285,,Rear End,2,Clear,Dry,Daylight
2022-08-05T15:30:00.000,I 85,I 85 and Collector Distributor To I285,,Sideswipe-Same Direction,2,Clear,Dry,Daylight
2022-12-18T23:10:00.000,I 85,I 85 and Collector Distributor To I285,,Not a Collision with Motor Vehicle,1,Clear,Dry,Dark-Lighted
2021-09-26T20:23:00.000,I 85,I 85 and Collector Distributor To I285,,Angle Crash,2,Clear,Dry,Dark-Not Lighted
2021-08-03T19:20:00.000,I 85,I 85 and Collector Distributor To I285,,Rear End,2,Cloudy,Wet,Daylight
2021-07-19T15:25:00.000,I 85,I 85 and Collector Distributor To I285,,Sideswipe-Same Direction,2,Clear,Dry,Daylight
2021-07-30T12:25:00.000,I 85,I 85 and Collector Distributor To I285,,Sideswipe-Same Direction,2,Clear,Dry,Daylight
2021-12-11T18:15:00.000,I 85,I 85 and Collector Distributor To I285,,Sideswipe-Same Direction,2,Rain,Wet,Dark-Lighted
2022-12-18T23:10:00.000,I 85,I 85 and Collector Distributor To I285,,Rear End,2,Clear,Dry,Dark-Lighted
2022-07-22T13:00:00.000,I 85,I 85 and Collector Distributor To I285,,Sideswipe-Same Direction,2,Cloudy,Dry,Daylight
2022-07-20T10:00:00.000,I 85,I 85 and Collector Distributor To I285,,Sideswipe-Same Direction,2,Clear,Dry,Daylight
2022-09-06T14:45:00.000,I 85,I 85 and Collector Distributor To I285,,Sideswipe-Same Direction,2,Cloudy,Dry,Daylight
2022-04-13T10:21:00.000,I 85,I 85 and Collector Distributor To I285,,Sideswipe-Same Direction,2,Cloudy,Dry,Daylight
2022-07-19T08:56:00.000,I 85,I 85 and Collector Distributor To I285,,Rear End,2,Rain,Wet,Daylight
2022-11-08T16:15:00.000,I 85,I 85 and Collector Distributor To I285,,Sideswipe-Same Direction,2,Clear,Dry,Daylight
2022-11-22T13:46:00.000,I 85,I 85 and Collector Distributor To I285,,Sideswipe-Same Direction,2,Cloudy,Dry,Daylight
2022-11-08T15:00:00.000,I 85,I 85 and Collector Distributor To I285,,Rear End,2,Clear,Dry,Daylight
2022-06-01T08:13:00.000,I 85,I 85 and Collector Distributor To I285,,Sideswipe-Same Direction,2,Clear,Dry,Daylight
2022-08-18T09:41:00.000,I 85,I 85 and Collector Distributor To I285,,Sideswipe-Same Direction,2,Cloudy,Dry,Daylight
2022-03-21T19:00:00.000,I 85,I 85 and Collector Distributor To I285,,Angle Crash,2,Clear,Dry,Daylight
2022-12-26T10:19:00.000,I 85,I 85 and Collector Distributor To I285,,Sideswipe-Same Direction,2,Cloudy,Dry,Daylight
2021-12-29T10:06:00.000,I 85,I 85 and Collector Distributor To I285,,Not a Collision with Motor Vehicle,1,Rain,Water (standing or moving),Daylight
2021-10-16T15:15:00.000,I 85,I 85 and Collector Distributor To I285,,Sideswipe-Same Direction,2,Clear,Dry,Daylight
2021-07-27T13:30:00.000,I 85,I 85 and Collector Distributor To I285,,Sideswipe-Same Direction,4,Cloudy,Dry,Daylight
2022-12-18T23:10:00.000,I 85,I 85 and Collector Distributor To I285,,Not a Collision with Motor Vehicle,1,Clear,Dry,Dark-Lighted
2022-06-29T22:40:00.000,I 85,I 85 and Collector Distributor To I285,,Sideswipe-Same Direction,2,Clear,Dry,Dark-Not Lighted
2022-12-15T17:10:00.000,I 85,I 85 and Collector Distributor To I285,,Rear End,2,Clear,Dry,Daylight
2022-03-15T12:59:00.000,I 85,I 85 and Collector Distributor To I285,,Sideswipe-Same Direction,3,Cloudy,Dry,Daylight
2022-09-07T13:19:00.000,I 85,I 85 and Collector Distributor To I285,,Angle Crash,2,Clear,Dry,Daylight
2022-01-12T18:41:00.000,I 85,I 85 and Collector Distributor To I285,,Sideswipe-Same Direction,2,Clear,Dry,Dark-Lighted
2022-06-15T10:45:00.000,I 85,I 85 and Collector Distributor To I285,,Sideswipe-Same Direction,2,Clear,Dry,Daylight
2022-07-04T16:41:00.000,I 85,I 85 and Collector Distributor To I285,,Sideswipe-Same Direction,2,Clear,Dry,Daylight
2022-10-20T16:51:00.000,I 85,I 85 and Collector Distributor To I285,,Sideswipe-Same Direction,2,Clear,Dry,Daylight
2022-01-31T07:18:00.000,I 85,I 85 and Collector Distributor To I285,,Sideswipe-Same Direction,2,Cloudy,Dry,Daylight
2022-02-15T03:51:00.000,I 85,I 85 and Collector Distributor To I285,,Sideswipe-Same Direction,2,Clear,Dry,Dark-Lighted
2022-01-05T00:00:00.000,I 85,I 85 and Collector Distributor To I285,,Rear End,2,Clear,Dry,Dark-Not Lighted
2022-10-08T13:39:00.000,I 85,I 85 and Collector Distributor To I285,,Sideswipe-Same Direction,2,Clear,Dry,Daylight
2022-04-24T18:16:00.000,I 85,I 85 and Collector Distributor To I285,,Sideswipe-Same Direction,2,Clear,Dry,Daylight
2022-06-16T22:08:00.000,I 85,I 85 and Collector Distributor To I285,,Sideswipe-Same Direction,2,Clear,Dry,Dark-Lighted
2022-11-16T16:30:00.000,I 85,I 85 and Collector Distributor To I285,,Rear End,3,Cloudy,Dry,Daylight
2022-06-15T11:43:00.000,I 85,I 85 and Collector Distributor To I285,,Sideswipe-Same Direction,2,Clear,Dry,Daylight
2022-09-06T14:20:00.000,I 85,I 85 and Collector Distributor To I285,,Sideswipe-Same Direction,2,Cloudy,Dry,Daylight
2023-11-03T22:30:00.000,I 85,I 85 and Collector Distributor To I285,,Rear End,2,Clear,Dry,Dark-Lighted
2023-10-13T21:46:00.000,I 85,I 85 and Collector Distributor To I285,,Rear End,3,Rain,Wet,Dark-Lighted
2024-02-20T19:30:00.000,I 85,I 85 and Collector Distributor To I285,,Sideswipe-Same Direction,2,Cloudy,Dry,Dark-Not Lighted
2024-07-15T13:48:00.000,I 85,I 85 and Collector Distributor To I285,,Sideswipe-Same Direction,2,Clear,Dry,Daylight
2024-07-18T16:29:00.000,I 85,I 85 and Collector Distributor To I285,,Sideswipe-Same Direction,2,Cloudy,Wet,Daylight
2024-04-15T16:20:00.000,I 85,I 85 and Collector Distributor To I285,,Not a Collision with Motor Vehicle,1,Clear,Dry,Daylight
2024-03-09T05:38:00.000,I 85,I 85 and Collector Distributor To I285,,Sideswipe-Same Direction,3,Rain,Wet,Dark-Lighted
2024-05-03T08:39:00.000,I 85,I 85 and Collector Distributor To I285,,Sideswipe-Same Direction,2,Cloudy,Dry,Daylight
2024-09-19T21:49:00.000,I 85,I 85 and Collector Distributor To I285,,Rear End,2,Clear,Dry,Daylight
2024-11-13T11:40:00.000,I 85,I 85 and Collector Distributor To I285,,Sideswipe-Same Direction,2,Clear,Dry,Daylight
2024-05-03T16:15:00.000,I 85,I 85 and Collector Distributor To I285,,Sideswipe-Same Direction,2,Clear,Dry,Daylight
2024-04-01T20:46:00.000,I 85,I 85 and Collector Distributor To I285,,Sideswipe-Same Direction,2,Clear,Dry,Dark-Not Lighted
2024-10-22T05:56:00.000,I 85,I 85 and Collector Distributor To I285,,Sideswipe-Same Direction,2,Clear,Dry,Dark-Lighted
2024-09-20T21:30:00.000,I 85,I 85 and Collector Distributor To I285,,Not a Collision with Motor Vehicle,1,Clear,Dry,Dark-Lighted
2024-05-29T00:00:00.000,I 85,I 85 and Collector Distributor To I285,,Rear End,2,Clear,Dry,Dark-Lighted
2024-11-21T17:30:00.000,I 85,I 85 and Collector Distributor To I285,,Rear End,2,Clear,Dry,Dark-Lighted
2024-02-25T11:06:00.000,I 85,I 85 and Collector Distributor To I285,,Rear End,2,Clear,Dry,Daylight
2023-07-30T09:17:00.000,I 85,I 85 and Collector Distributor To I285,,Sideswipe-Same Direction,2,Clear,Dry,Daylight
2024-06-05T06:11:00.000,I 85,I 85 and Collector Distributor To I285,,Sideswipe-Same Direction,2,Cloudy,Dry,Dark-Not Lighted
2024-09-10T14:52:00.000,I 85,I 85 and Collector Distributor To I285,,Angle Crash,5,Cloudy,Dry,Daylight
2023-08-27T18:42:00.000,I 85,I 85 and Collector Distributor To I285,,Sideswipe-Same Direction,2,Clear,Dry,Daylight
2023-12-04T07:36:00.000,I 85,I 85 and Collector Distributor To I285,,Not a Collision with Motor Vehicle,2,Clear,Dry,Daylight
2023-10-24T14:30:00.000,I 85,I 85 and Collector Distributor To I285,,Sideswipe-Same Direction,2,Clear,Dry,Daylight
2023-08-31T11:18:00.000,I 85,I 85 and Collector Distributor To I285,,Rear End,2,Cloudy,Dry,Daylight
2023-11-16T21:04:00.000,I 85,I 85 and Collector Distributor To I285,,Sideswipe-Same Direction,4,Clear,Dry,Dark-Lighted
2023-10-29T00:20:00.000,I 85,I 85 and Collector Distributor To I285,,Sideswipe-Same Direction,2,Clear,Dry,Dark-Lighted
2023-08-09T14:44:00.000,I 85,I 85 and Collector Distributor To I285,,Rear End,2,Clear,Dry,Daylight
2023-02-14T12:30:00.000,I 85,I 85 and Collector Distributor To I285,,Angle Crash,2,Clear,Dry,Daylight
2023-03-07T10:50:00.000,I 85,I 85 and Collector Distributor To I285,,Sideswipe-Same Direction,2,Clear,Dry,Daylight
2023-04-08T21:56:00.000,I 85,I 85 and Collector Distributor To I285,,Angle Crash,2,Clear,Dry,Dark-Lighted
2024-09-24T12:50:00.000,I 85,I 85 and Collector Distributor To I285,,Sideswipe-Same Direction,2,Clear,Dry,Daylight
2024-01-03T12:25:00.000,I 85,I 85 and Collector Distributor To I285,,Sideswipe-Same Direction,2,Cloudy,Dry,Daylight
2024-10-29T09:21:00.000,I 85,I 85 and Collector Distributor To I285,,Sideswipe-Same Direction,2,Clear,Dry,Daylight
2024-07-02T18:11:00.000,I 85,I 85 and Collector Distributor To I285,,Sideswipe-Same Direction,2,Clear,Dry,Daylight
2024-02-02T12:30:00.000,I 85,I 85 and Collector Distributor To I285,,Sideswipe-Same Direction,2,Clear,Dry,Daylight
2024-06-30T13:09:00.000,I 85,I 85 and Collector Distributor To I285,,Sideswipe-Same Direction,2,Clear,Dry,Daylight
2024-06-01T15:35:00.000,I 85,I 85 and Collector Distributor To I285,,Sideswipe-Same Direction,2,Cloudy,Dry,Daylight
2024-11-29T16:20:00.000,I 85,I 85 and Collector Distributor To I285,,Rear End,3,Clear,Dry,Daylight
2024-03-23T13:24:00.000,I 85,I 85 and Collector Distributor To I285,,Rear End,3,Clear,Dry,Daylight