Date and Time,Roadway (From Crash Report),Intersection Name (from Crash Report),KABCO Severity,Manner of Collision (Crash Level) ,# of Vehicles per crash ,Weather Conditions (Crash Level),Surface Condition (Crash Level) ,Light Conditions (Crash Level)
2020-09-04T01:11:00.000,I 85,I 85 and Cleveland Ave,,Sideswipe-Same Direction,2,Clear,Dry,Dark-Lighted
2020-03-10T18:44:00.000,I 85,I 85 and Cleveland Ave,,Rear End,2,Clear,Dry,Daylight
2020-10-18T17:20:00.000,I 85,I 85 and Cleveland Ave,,Rear End,2,Clear,Dry,Daylight
2020-04-05T14:24:00.000,I 85,I 85 and Cleveland Ave,,Sideswipe-Same Direction,2,Clear,Dry,Daylight
2020-02-28T06:50:00.000,I 85,I 85 and Cleveland Ave,,Sideswipe-Same Direction,2,Clear,Dry,Daylight
2020-03-23T01:35:00.000,I 85,I 85 and Cleveland Ave,,Rear End,2,Rain,Dry,Dark-Lighted
2020-10-02T17:40:00.000,I 85,I 85 and Cleveland Ave,,Rear End,2,Clear,Dry,Daylight
2020-10-02T15:18:00.000,I 85,I 85 and Cleveland Ave,,Rear End,2,Clear,Dry,Daylight
2020-08-25T08:15:00.000,I 85,I 85 and Cleveland Ave,,Not a Collision with Motor Vehicle,1,Rain,Wet,Daylight
2020-08-17T14:08:00.000,I 85,I 85 and Cleveland Ave,,Not a Collision with Motor Vehicle,2,Cloudy,Dry,Daylight
2020-09-29T13:21:00.000,I 85,I 85 and Cleveland Ave,,Rear End,2,Rain,Wet,Daylight
2020-08-15T16:10:00.000,I 85,I 85 and Cleveland Ave,,Sideswipe-Same Direction,2,Cloudy,Wet,Daylight
2020-09-16T17:30:00.000,I 85,I 85 and Cleveland Ave,,Sideswipe-Same Direction,2,Rain,Wet,Daylight
2020-02-10T17:39:00.000,I 85,I 85 and Cleveland Ave,,Not a Collision with Motor Vehicle,1,Rain,Wet,Dark-Not Lighted
2020-07-21T15:45:00.000,I 85,I 85 and Cleveland Ave,,Not a Collision with Motor Vehicle,1,Cloudy,Dry,Daylight
2020-01-14T08:17:00.000,I 85,I 85 and Cleveland Ave,,Rear End,2,Cloudy,Dry,Daylight
2020-09-29T11:39:00.000,I 85,I 85 and Cleveland Ave,,Not a Collision with Motor Vehicle,1,Rain,Wet,Daylight
2020-10-09T15:30:00.000,I 85,I 85 and Cleveland Ave,,Not a Collision with Motor Vehicle,1,Rain,Wet,Daylight
2020-02-08T10:44:00.000,I 85,I 85 and Cleveland Ave,,Rear End,3,Rain,Dry,Daylight
2020-08-23T16:30:00.000,I 85,I 85 and Cleveland Ave,,Not a Collision with Motor Vehicle,1,Rain,Wet,Daylight
2020-07-06T03:00:00.000,I 85,I 85 and Cleveland Ave,,Rear End,3,Clear,Dry,Dark-Not Lighted
2020-09-17T16:31:00.000,I 85,I 85 and Cleveland Ave,,Rear End,3,Clear,Wet,Daylight
2020-11-29T08:55:00.000,I 85,I 85 and Cleveland Ave,,Angle Crash,2,Cloudy,Wet,Daylight
2020-04-07T17:38:00.000,I 85,I 85 and Cleveland Ave,,Not a Collision with Motor Vehicle,1,Rain,Wet,Daylight
2020-04-29T17:07:00.000,I 85,I 85 and Cleveland Ave,,Sideswipe-Same Direction,2,Rain,Wet,Daylight
2020-12-14T04:27:00.000,I 85,I 85 and Cleveland Ave,,Not a Collision with Motor Vehicle,1,Rain,Wet,Dark-Lighted
2020-01-19T02:42:00.000,I 85,I 85 and Cleveland Ave,,Rear End,2,Rain,Wet,Dark-Lighted
2020-01-03T07:26:00.000,I 85,I 85 and Cleveland Ave,,Not a Collision with Motor Vehicle,1,Rain,Wet,Dark-Lighted
2020-06-02T08:37:00.000,I 85,I 85 and Cleveland Ave,,Sideswipe-Same Direction,2,Clear,Dry,Daylight
2020-01-03T11:32:00.000,I 85,I 85 and Cleveland Ave,,Rear End,2,Rain,Wet,Daylight
2020-01-19T03:07:00.000,I 85,I 85 and Cleveland Ave,,Rear End,2,Rain,Wet,Dark-Not Lighted
2020-09-26T21:24:00.000,I 85,I 85 and Cleveland Ave,,Angle Crash,2,Clear,Dry,Dark-Lighted
2020-12-05T12:54:00.000,I 85,I 85 and Cleveland Ave,,Angle Crash,2,Clear,Dry,Daylight
2020-01-04T05:17:00.000,I 85,I 85 and Cleveland Ave,,Angle Crash,3,Rain,Wet,Dark-Not Lighted
2020-09-17T16:30:00.000,I 85,I 85 and Cleveland Ave,,Angle Crash,6,Cloudy,Wet,Daylight
2020-08-20T19:47:00.000,I 85,I 85 and Cleveland Ave,,Angle Crash,1,Rain,Wet,Daylight
2020-08-13T22:42:00.000,I 85,I 85 and Cleveland Ave,,Sideswipe-Same Direction,3,Rain,Wet,Dark-Lighted
2020-10-22T21:20:00.000,I 85,I 85 and Cleveland Ave,,Rear End,2,Clear,Dry,Dark-Not Lighted
2020-05-28T06:50:00.000,I 85,I 85 and Cleveland Ave,,Angle Crash,1,Rain,Wet,Daylight
2020-05-17T19:54:00.000,I 85,I 85 and Cleveland Ave,,Rear End,2,Cloudy,Dry,Daylight
2020-01-10T22:19:00.000,I 85,I 85 and Cleveland Ave,,Sideswipe-Same Direction,3,Clear,Dry,Dark-Lighted
2020-10-04T13:33:00.000,I 85,I 85 and Cleveland Ave,,Rear End,2,Clear,Dry,Daylight
2020-09-12T19:55:00.000,I 85,I 85 and Cleveland Ave,,Rear End,2,(None),Dry,Dark-Lighted
2020-07-13T20:09:00.000,I 85,I 85 and Cleveland Ave,,Not a Collision with Motor Vehicle,1,Clear,Dry,Daylight
2020-10-11T11:15:00.000,I 85,I 85 and Cleveland Ave,,Sideswipe-Same Direction,2,Rain,Dry,Daylight
2020-01-31T18:51:00.000,I 85,I 85 and Cleveland Ave,,Sideswipe-Same Direction,2,Cloudy,Dry,Daylight
2020-01-19T02:52:00.000,I 85,I 85 and Cleveland Ave,,Not a Collision with Motor Vehicle,1,Rain,Wet,Dark-Lighted
2020-09-22T16:41:00.000,I 85,I 85 and Cleveland Ave,,Rear End,2,Clear,Dry,Daylight
2020-02-15T03:41:00.000,I 85,I 85 and Cleveland Ave,,Sideswipe-Same Direction,2,Clear,Dry,Dark-Lighted
2020-11-25T12:11:00.000,I 85,I 85 and Cleveland Ave,,Not a Collision with Motor Vehicle,1,Clear,Dry,Daylight
2020-09-29T15:05:00.000,I 85,I 85 and Cleveland Ave,,Angle Crash,3,Rain,Wet,Daylight
2020-06-27T11:42:00.000,I 85,I 85 and Cleveland Ave,,Sideswipe-Same Direction,2,Clear,Dry,Daylight
2020-10-10T06:53:00.000,I 85,I 85 and Cleveland Ave,,Angle Crash,2,Rain,Wet,Dark-Lighted
2021-02-14T01:09:00.000,I 85,I 85 and Cleveland Ave,,Sideswipe-Same Direction,2,Cloudy,Wet,Dark-Lighted
2021-01-13T13:58:00.000,I 85,I 85 and Cleveland Ave,,Not a Collision with Motor Vehicle,3,Clear,Dry,Daylight
2021-01-01T14:25:00.000,I 85,I 85 and Cleveland Ave,,Not a Collision with Motor Vehicle,1,Rain,Wet,Daylight
2021-01-26T08:08:00.000,I 85,I 85 and Cleveland Ave,,Rear End,2,Cloudy,Wet,Daylight
2021-01-08T02:20:00.000,I 85,I 85 and Cleveland Ave,,Not a Collision with Motor Vehicle,1,Rain,Wet,Dark-Lighted
2021-02-15T09:45:00.000,I 85,I 85 and Cleveland Ave,,Not a Collision with Motor Vehicle,1,Cloudy,Wet,Daylight
2021-02-18T23:05:00.000,I 85,I 85 and Cleveland Ave,,Not a Collision with Motor Vehicle,1,Rain,Wet,Dark-Lighted
2021-04-12T18:23:00.000,I 85,I 85 and Cleveland Ave,,Angle Crash,2,Clear,Dry,Daylight
2021-03-31T18:41:00.000,I 85,I 85 and Cleveland Ave,,Sideswipe-Same Direction,2,Clear,Dry,Daylight
2021-02-11T11:41:00.000,I 85,I 85 and Cleveland Ave,,Not a Collision with Motor Vehicle,1,Rain,Wet,Daylight
2021-01-31T11:57:00.000,I 85,I 85 and Cleveland Ave,,Sideswipe-Same Direction,2,Rain,Wet,Daylight
2021-06-25T13:55:00.000,I 85,I 85 and Cleveland Ave,,Sideswipe-Same Direction,2,Clear,Dry,Daylight
2021-03-11T13:39:00.000,I 85,I 85 and Cleveland Ave,,Not a Collision with Motor Vehicle,1,Clear,Dry,Daylight
2021-02-06T01:29:00.000,I 85,I 85 and Cleveland Ave,,Not a Collision with Motor Vehicle,1,Cloudy,Dry,Dark-Lighted
2021-08-31T13:09:00.000,I 85,I 85 and Cleveland Ave,,Not a Collision with Motor Vehicle,1,Rain,Wet,Daylight
2021-09-20T12:00:00.000,I 85,I 85 and Cleveland Ave,,Not a Collision with Motor Vehicle,1,Rain,Wet,Daylight
2021-10-05T07:00:00.000,I 85,I 85 and Cleveland Ave,,Rear End,2,Rain,Wet,Dawn
2021-08-31T18:40:00.000,I 85,I 85 and Cleveland Ave,,Not a Collision with Motor Vehicle,1,Cloudy,Wet,Daylight
2021-08-31T11:02:00.000,I 85,I 85 and Cleveland Ave,,Not a Collision with Motor Vehicle,1,Rain,Wet,Daylight
2021-08-31T11:04:00.000,I 85,I 85 and Cleveland Ave,,Rear End,2,Rain,Wet,Daylight
2021-07-05T19:29:00.000,I 85,I 85 and Cleveland Ave,,Rear End,2,Clear,Dry,Daylight
2022-11-15T12:36:00.000,I 85,I 85 and Cleveland Ave,,Not a Collision with Motor Vehicle,1,Rain,Wet,Daylight
2022-11-03T19:52:00.000,I 85,I 85 and Cleveland Ave,,Rear End,2,Clear,Dry,Dark-Lighted
2021-10-28T06:10:00.000,I 85,I 85 and Cleveland Ave,,Not a Collision with Motor Vehicle,1,Rain,Wet,Dark-Lighted
2021-09-07T09:52:00.000,I 85,I 85 and Cleveland Ave,,Not a Collision with Motor Vehicle,1,Cloudy,Wet,Daylight
2022-10-27T13:45:00.000,I 85,I 85 and Cleveland Ave,,Sideswipe-Same Direction,2,Clear,Dry,Daylight
2022-12-06T09:40:00.000,I 85,I 85 and Cleveland Ave,,Rear End,2,Rain,Wet,Daylight
2022-02-25T09:40:00.000,I 85,I 85 and Cleveland Ave,,Not a Collision with Motor Vehicle,1,Cloudy,Wet,Daylight
2022-10-31T07:30:00.000,I 85,I 85 and Cleveland Ave,,Rear End,2,Rain,Wet,Dark-Lighted
2022-01-20T15:07:00.000,I 85,I 85 and Cleveland Ave,,Not a Collision with Motor Vehicle,1,Rain,Wet,Daylight
2022-01-20T14:30:00.000,I 85,I 85 and Cleveland Ave,,Not a Collision with Motor Vehicle,1,Rain,Wet,Daylight
2022-09-20T17:58:00.000,I 85,I 85 and Cleveland Ave,,Sideswipe-Same Direction,2,Clear,Wet,Daylight
2022-08-16T07:45:00.000,I 85,I 85 and Cleveland Ave,,Sideswipe-Same Direction,2,Clear,Dry,Daylight
2022-09-23T16:10:00.000,I 85,I 85 and Cleveland Ave,,Rear End,2,Clear,Dry,Daylight
2022-12-20T08:40:00.000,I 85,I 85 and Cleveland Ave,,Sideswipe-Same Direction,2,Rain,Wet,Daylight
2022-09-05T16:45:00.000,I 85,I 85 and Cleveland Ave,,Rear End,3,Cloudy,Wet,Daylight
2022-10-07T19:43:00.000,I 85,I 85 and Cleveland Ave,,Sideswipe-Same Direction,2,Clear,Dry,Daylight
2022-04-29T09:26:00.000,I 85,I 85 and Cleveland Ave,,Rear End,2,Clear,Dry,Daylight
2022-02-14T10:00:00.000,I 85,I 85 and Cleveland Ave,,Sideswipe-Same Direction,2,Clear,Dry,Daylight
2022-11-15T13:43:00.000,I 85,I 85 and Cleveland Ave,,Rear End,2,Cloudy,Wet,Daylight
2022-11-11T11:19:00.000,I 85,I 85 and Cleveland Ave,,Angle Crash,2,Rain,Wet,Daylight
2022-02-25T09:30:00.000,I 85,I 85 and Cleveland Ave,,Not a Collision with Motor Vehicle,1,Rain,Wet,Daylight
2022-11-22T06:31:00.000,I 85,I 85 and Cleveland Ave,,Sideswipe-Same Direction,2,Clear,Dry,Dark-Not Lighted
2022-05-12T07:20:00.000,I 85,I 85 and Cleveland Ave,,Not a Collision with Motor Vehicle,1,Clear,Dry,Daylight
2022-01-06T17:19:00.000,I 85,I 85 and Cleveland Ave,,Not a Collision with Motor Vehicle,1,Rain,Wet,Dusk
2022-03-31T06:20:00.000,I 85,I 85 and Cleveland Ave,,Angle Crash,2,Rain,Wet,Dark-Lighted
2022-05-24T16:50:00.000,I 85,I 85 and Cleveland Ave,,Sideswipe-Same Direction,2,Cloudy,Dry,Daylight
2022-12-09T19:27:00.000,I 85,I 85 and Cleveland Ave,,Rear End,2,Rain,Wet,Dark-Not Lighted
2022-08-26T13:40:00.000,I 85,I 85 and Cleveland Ave,,Rear End,3,Cloudy,Dry,Daylight
2022-01-20T14:20:00.000,I 85,I 85 and Cleveland Ave,,Angle Crash,2,Rain,Wet,Daylight
2022-12-20T13:30:00.000,I 85,I 85 and Cleveland Ave,,Angle Crash,3,Rain,Wet,Daylight
2022-09-23T15:15:00.000,I 85,I 85 and Cleveland Ave,,Rear End,2,Clear,Dry,Daylight
2022-11-11T10:55:00.000,I 85,I 85 and Cleveland Ave,,Rear End,3,Rain,Wet,Daylight
2022-01-20T12:30:00.000,I 85,I 85 and Cleveland Ave,,Not a Collision with Motor Vehicle,1,Rain,Wet,Daylight
2023-07-07T15:00:00.000,I 85,I 85 and Cleveland Ave,,Rear End,2,Cloudy,Dry,Daylight
2023-10-13T12:30:00.000,I 85,I 85 and Cleveland Ave,,Rear End,2,Rain,Wet,Daylight
2023-05-16T19:00:00.000,I 85,I 85 and Cleveland Ave,,Not a Collision with Motor Vehicle,1,Rain,Wet,Daylight
2024-05-13T13:45:00.000,I 85,I 85 and Cleveland Ave,,Sideswipe-Same Direction,2,Cloudy,Dry,Daylight
2024-11-19T14:50:00.000,I 85,I 85 and Cleveland Ave,,Sideswipe-Same Direction,2,Rain,Wet,Daylight
2024-04-29T14:32:00.000,I 85,I 85 and Cleveland Ave,,Sideswipe-Same Direction,2,Clear,Dry,Daylight
2024-03-01T12:24:00.000,I 85,I 85 and Cleveland Ave,,Not a Collision with Motor Vehicle,1,Rain,Wet,Daylight
2024-09-17T16:00:00.000,I 85,I 85 and Cleveland Ave,,Rear End,3,Cloudy,Dry,Daylight
2024-05-03T07:50:00.000,I 85,I 85 and Cleveland Ave,,Angle Crash,2,Clear,Wet,Daylight
2024-07-19T06:22:00.000,I 85,I 85 and Cleveland Ave,,Sideswipe-Same Direction,3,Clear,Dry,Daylight
2024-11-14T09:42:00.000,I 85,I 85 and Cleveland Ave,,Rear End,2,Cloudy,Wet,Daylight
2024-07-11T16:45:00.000,I 85,I 85 and Cleveland Ave,,Rear End,2,Clear,Dry,Daylight
2024-08-15T07:26:00.000,I 85,I 85 and Cleveland Ave,,Angle Crash,2,Clear,Dry,Daylight
2024-01-25T10:50:00.000,I 85,I 85 and Cleveland Ave,,Angle Crash,3,Rain,Wet,Daylight
2023-03-10T10:54:00.000,I 85,I 85 and Cleveland Ave,,Not a Collision with Motor Vehicle,1,Rain,Wet,Daylight
2024-08-13T19:14:00.000,I 85,I 85 and Cleveland Ave,,Sideswipe-Same Direction,2,Clear,Dry,Daylight
2023-03-10T15:50:00.000,I 85,I 85 and Cleveland Ave,,Rear End,3,Clear,Dry,Daylight
2023-12-25T14:30:00.000,I 85,I 85 and Cleveland Ave,,Not a Collision with Motor Vehicle,1,Rain,Wet,Daylight
2023-01-12T18:10:00.000,I 85,I 85 and Cleveland Ave,,Angle Crash,2,Rain,Wet,Dark-Lighted
2023-08-14T15:27:00.000,I 85,I 85 and Cleveland Ave,,Rear End,2,Cloudy,Dry,Daylight
2023-04-03T14:07:00.000,I 85,I 85 and Cleveland Ave,,Not a Collision with Motor Vehicle,1,Rain,Wet,Daylight
2023-12-26T10:18:00.000,I 85,I 85 and Cleveland Ave,,Not a Collision with Motor Vehicle,1,Rain,Wet,Daylight
2023-07-11T07:34:00.000,I 85,I 85 and Cleveland Ave,,Rear End,3,Clear,Dry,Daylight
2023-06-28T15:15:00.000,I 85,I 85 and Cleveland Ave,,Rear End,2,Clear,Dry,Daylight
2023-07-24T10:43:00.000,I 85,I 85 and Cleveland Ave,,Rear End,3,Cloudy,Dry,Daylight
2023-04-11T06:35:00.000,I 85,I 85 and Cleveland Ave,,Rear End,2,Clear,Dry,Dawn
2023-06-15T10:25:00.000,I 85,I 85 and Cleveland Ave,,Sideswipe-Same Direction,2,Clear,Dry,Daylight
2023-02-02T15:10:00.000,I 85,I 85 and Cleveland Ave,,Sideswipe-Same Direction,2,Rain,Wet,Daylight
2023-08-18T14:50:00.000,I 85,I 85 and Cleveland Ave,,Rear End,2,Clear,Dry,Daylight
2023-07-18T15:55:00.000,I 85,I 85 and Cleveland Ave,,Rear End,2,Clear,Dry,Daylight
2023-03-21T17:30:00.000,I 85,I 85 and Cleveland Ave,,Sideswipe-Same Direction,2,Clear,Dry,Daylight
2023-10-30T14:20:00.000,I 85,I 85 and Cleveland Ave,,Rear End,3,Clear,Dry,Daylight
2024-08-13T18:23:00.000,I 85,I 85 and Cleveland Ave,,Rear End,2,Clear,Dry,Daylight
2024-03-25T09:29:00.000,I 85,I 85 and Cleveland Ave,,Sideswipe-Same Direction,2,Clear,Dry,Daylight
2024-12-27T18:35:00.000,I 85,I 85 and Cleveland Ave,,Not a Collision with Motor Vehicle,1,Rain,Wet,Dark-Lighted
2024-10-07T15:59:00.000,I 85,I 85 and Cleveland Ave,,Sideswipe-Same Direction,2,Clear,Dry,Daylight
2024-08-19T14:45:00.000,I 85,I 85 and Cleveland Ave,,Rear End,2,Clear,Dry,Daylight
2024-03-11T09:24:00.000,I 85,I 85 and Cleveland Ave,,Rear End,3,Cloudy,Dry,Daylight
2024-03-05T11:49:00.000,I 85,I 85 and Cleveland Ave,,Not a Collision with Motor Vehicle,1,Rain,Wet,Daylight
2024-01-16T08:24:00.000,I 85,I 85 and Cleveland Ave,,Not a Collision with Motor Vehicle,1,Rain,Wet,Daylight
2024-01-23T08:40:00.000,I 85,I 85 and Cleveland Ave,,Not a Collision with Motor Vehicle,1,Rain,Wet,Daylight
2024-07-25T07:22:00.000,I 85,I 85 and Cleveland Ave,,Rear End,2,Cloudy,Wet,Daylight
2024-05-27T08:00:00.000,I 85,I 85 and Cleveland Ave,,Not a Collision with Motor Vehicle,1,Rain,Wet,Daylight
2024-04-22T18:15:00.000,I 85,I 85 and Cleveland Ave,,Rear End,2,Clear,Dry,Daylight
2024-12-09T19:50:00.000,I 85,I 85 and Cleveland Ave,,Sideswipe-Same Direction,2,Rain,Wet,Dark-Lighted
2024-04-08T13:30:00.000,I 85,I 85 and Cleveland Ave,,Rear End,2,Clear,Dry,Daylight
2024-01-27T00:00:00.000,I 85,I 85 and Cleveland Ave,,Not a Collision with Motor Vehicle,1,Clear,Dry,Daylight
2024-03-05T14:37:00.000,I 85,I 85 and Cleveland Ave,,Sideswipe-Same Direction,2,Rain,Wet,Daylight
2024-03-15T00:00:00.000,I 85,I 85 and Cleveland Ave,,Not a Collision with Motor Vehicle,1,Rain,Wet,Daylight
2024-01-09T10:05:00.000,I 85,I 85 and Cleveland Ave,,Sideswipe-Same Direction,2,Rain,Wet,Daylight
2024-11-05T07:00:00.000,I 85,I 85 and Cleveland Ave,,Sideswipe-Same Direction,2,Cloudy,Dry,Daylight
2024-12-02T10:40:00.000,I 85,I 85 and Cleveland Ave,,Rear End,2,Clear,Dry,Daylight
2024-02-12T14:25:00.000,I 85,I 85 and Cleveland Ave,,Rear End,3,Rain,Wet,Daylight
2024-01-12T18:06:00.000,I 85,I 85 and Cleveland Ave,,Not a Collision with Motor Vehicle,1,Rain,Wet,Dark-Not Lighted
2024-09-17T12:50:00.000,I 85,I 85 and Cleveland Ave,,Rear End,2,Clear,Dry,Daylight
2024-02-06T17:18:00.000,I 85,I 85 and Cleveland Ave,,Sideswipe-Same Direction,2,Clear,Dry,Daylight
2024-04-12T19:44:00.000,I 85,I 85 and Cleveland Ave,,Not a Collision with Motor Vehicle,1,Clear,Dry,Dark-Lighted
2024-05-17T13:10:00.000,I 85,I 85 and Cleveland Ave,,Rear End,2,Rain,Wet,Daylight
2024-03-09T12:04:00.000,I 85,I 85 and Cleveland Ave,,Not a Collision with Motor Vehicle,1,Cloudy,Wet,Daylight
2024-12-26T09:13:00.000,I 85,I 85 and Cleveland Ave,,Sideswipe-Same Direction,2,Cloudy,Dry,Daylight
2024-03-21T07:30:00.000,I 85,I 85 and Cleveland Ave,,Rear End,3,Clear,Dry,Daylight
2024-10-05T23:00:00.000,I 85,I 85 and Cleveland Ave,,Rear End,3,Clear,Dry,Dark-Not Lighted
2024-12-09T19:15:00.000,I 85,I 85 and Cleveland Ave,,Sideswipe-Same Direction,4,Rain,Wet,Dark-Lighted
2024-01-25T06:35:00.000,I 85,I 85 and Cleveland Ave,,Rear End,3,Rain,Wet,Dark-Lighted
2024-06-10T09:43:00.000,I 85,I 85 and Cleveland Ave,,Rear End,2,Cloudy,Dry,Daylight
2024-09-26T12:00:00.000,I 85,I 85 and Cleveland Ave,,Rear End,2,Rain,Wet,Daylight
2024-02-12T15:55:00.000,I 85,I 85 and Cleveland Ave,,Sideswipe-Same Direction,2,Rain,Wet,Daylight
2024-01-27T22:00:00.000,I 85,I 85 and Cleveland Ave,,Angle Crash,2,Clear,Wet,Dark-Not Lighted
2024-03-26T10:55:00.000,I 85,I 85 and Cleveland Ave,,Not a Collision with Motor Vehicle,1,Cloudy,Wet,Daylight
2024-01-25T11:50:00.000,I 85,I 85 and Cleveland Ave,,Angle Crash,2,Rain,Wet,Daylight
2024-12-19T06:10:00.000,I 85,I 85 and Cleveland Ave,,Sideswipe-Same Direction,2,Clear,Dry,Dark-Lighted
2024-08-22T17:45:00.000,I 85,I 85 and Cleveland Ave,,Sideswipe-Same Direction,2,Clear,Dry,Daylight
2024-01-12T16:16:00.000,I 85,I 85 and Cleveland Ave,,Not a Collision with Motor Vehicle,1,Rain,Wet,Daylight
2024-04-08T13:44:00.000,I 85,I 85 and Cleveland Ave,,Rear End,2,Clear,Dry,Daylight
2024-08-26T15:30:00.000,I 85,I 85 and Cleveland Ave,,Rear End,3,Clear,Dry,Daylight
2021-09-21T07:30:00.000,I 85,I 85 and Cleveland A Ve,,Not a Collision with Motor Vehicle,1,Rain,Wet,Dawn
2022-06-10T14:21:00.000,I 85,I 85 and Cleveland,,Angle Crash,2,Clear,Dry,Daylight
2024-10-25T11:35:00.000,I 85,I 85 and Cleveland,,Sideswipe-Same Direction,3,Clear,Dry,Daylight
2022-08-27T23:10:00.000,I 85,I 85 and Clarmont Rd,,Sideswipe-Same Direction,3,Cloudy,Dry,Dark-Not Lighted
2022-07-31T04:23:00.000,I 85,I 85 and Clarimont Rd,,Sideswipe-Same Direction,2,Cloudy,Wet,Dark-Not Lighted
2024-10-16T04:52:00.000,I 85,I 85 and Clairmontrd Exit Rp,,Not a Collision with Motor Vehicle,1,Clear,Dry,Dark-Not Lighted
2021-06-25T05:48:00.000,I 85,I 85 and Clairmont Ter,,Sideswipe-Same Direction,2,Clear,Dry,Dark-Not Lighted
2020-12-14T06:57:00.000,I 85,I 85 and Clairmont Road Underpass,,Rear End,2,Clear,Wet,Dark-Lighted
2024-12-28T23:52:00.000,I 85,I 85 and Clairmont Road Exit Rp,,Not a Collision with Motor Vehicle,1,Rain,Water (standing or moving),Dark-Lighted
2022-02-19T13:16:00.000,I 85,I 85 and Clairmont Rd Opas,,Not a Collision with Motor Vehicle,1,Cloudy,Dry,Daylight
2024-02-22T16:00:00.000,I 85,I 85 and Clairmont Rd Exit Rp,,Sideswipe-Same Direction,3,Clear,Dry,Daylight
2021-05-10T13:40:00.000,I 85,I 85 and Clairmont Rd Exit,,Sideswipe-Same Direction,2,Cloudy,Dry,Daylight
2023-08-08T19:40:00.000,I 85,I 85 and Clairmont Rd Entry,,Sideswipe-Same Direction,2,Clear,Dry,Daylight
2023-11-09T06:26:00.000,I 85,I 85 and Clairmont Rd Brg,,Angle Crash,2,Clear,Dry,Dawn
2021-03-05T07:16:00.000,I 85,I 85 and Clairmont Rd,,Sideswipe-Same Direction,5,Clear,Dry,Daylight
2021-01-22T08:50:00.000,I 85,I 85 and Clairmont Rd,,Sideswipe-Same Direction,2,Cloudy,Dry,Daylight
2021-03-12T17:40:00.000,I 85,I 85 and Clairmont Rd,,Sideswipe-Same Direction,2,Clear,Dry,Daylight
2021-05-09T14:13:00.000,I 85,I 85 and Clairmont Rd,,Rear End,3,Clear,Dry,Daylight
2021-03-24T13:30:00.000,I 85,I 85 and Clairmont Rd,,Sideswipe-Same Direction,2,Cloudy,Dry,Daylight
2021-05-06T15:50:00.000,I 85,I 85 and Clairmont Rd,,Rear End,2,Clear,Dry,Daylight
2021-06-10T16:30:00.000,I 85,I 85 and Clairmont Rd,,Angle Crash,2,Clear,Dry,Daylight
2021-04-21T18:21:00.000,I 85,I 85 and Clairmont Rd,,Rear End,2,Clear,Dry,Daylight
2021-06-14T12:30:00.000,I 85,I 85 and Clairmont Rd,,Angle Crash,2,Clear,Dry,Daylight
2021-03-06T19:09:00.000,I 85,I 85 and Clairmont Rd,,Rear End,2,Clear,Dry,Dark-Not Lighted
2021-01-01T03:45:00.000,I 85,I 85 and Clairmont Rd,,Rear End,2,Rain,Wet,Dark-Lighted
2021-12-07T12:15:00.000,I 85,I 85 and Clairmont Rd,,Rear End,2,Cloudy,Dry,Daylight
2021-12-08T10:05:00.000,I 85,I 85 and Clairmont Rd,,Angle Crash,6,Cloudy,Wet,Daylight
2021-07-21T12:30:00.000,I 85,I 85 and Clairmont Rd,,Sideswipe-Same Direction,2,Clear,Dry,Daylight
2021-12-17T00:20:00.000,I 85,I 85 and Clairmont Rd,,Sideswipe-Same Direction,2,Clear,Dry,Dark-Not Lighted
2021-12-10T13:08:00.000,I 85,I 85 and Clairmont Rd,,Rear End,2,Cloudy,Wet,Daylight
2021-08-25T16:25:00.000,I 85,I 85 and Clairmont Rd,,Sideswipe-Same Direction,2,Clear,Dry,Daylight
2021-09-14T19:10:00.000,I 85,I 85 and Clairmont Rd,,Rear End,2,Clear,Dry,Daylight
2021-10-22T19:52:00.000,I 85,I 85 and Clairmont Rd,,Sideswipe-Same Direction,2,Clear,Dry,Dark-Lighted
2021-07-17T18:59:00.000,I 85,I 85 and Clairmont Rd,,Sideswipe-Same Direction,3,Cloudy,Dry,Daylight
2021-10-15T18:15:00.000,I 85,I 85 and Clairmont Rd,,Rear End,2,Clear,Dry,Daylight
2021-08-02T22:00:00.000,I 85,I 85 and Clairmont Rd,,Angle Crash,3,Cloudy,Wet,Dark-Lighted
2021-08-23T15:12:00.000,I 85,I 85 and Clairmont Rd,,Sideswipe-Same Direction,2,Clear,Dry,Daylight
2021-05-29T00:50:00.000,I 85,I 85 and Clairmont Rd,,Sideswipe-Same Direction,2,Clear,Dry,Dark-Not Lighted
2021-03-14T16:45:00.000,I 85,I 85 and Clairmont Rd,,Sideswipe-Same Direction,2,Clear,Dry,Daylight
2021-01-29T17:40:00.000,I 85,I 85 and Clairmont Rd,,Sideswipe-Same Direction,2,Clear,Dry,Dark-Lighted
2021-06-16T16:36:00.000,I 85,I 85 and Clairmont Rd,,Sideswipe-Same Direction,2,Cloudy,Dry,Daylight
2021-03-25T19:25:00.000,I 85,I 85 and Clairmont Rd,,Head On,2,Cloudy,Wet,Dark-Lighted
2021-04-15T18:55:00.000,I 85,I 85 and Clairmont Rd,,Rear End,3,Clear,Dry,Daylight