Date and Time,Roadway (From Crash Report),Intersection Name (from Crash Report),KABCO Severity,Manner of Collision (Crash Level) ,# of Vehicles per crash ,Weather Conditions (Crash Level),Surface Condition (Crash Level) ,Light Conditions (Crash Level)
2021-05-26T14:00:00.000,I 85,I 85 and Clairmont Rd,,Not a Collision with Motor Vehicle,1,Clear,Dry,Daylight
2021-04-21T17:33:00.000,I 85,I 85 and Clairmont Rd,,Rear End,2,Clear,Dry,Daylight
2021-03-12T21:09:00.000,I 85,I 85 and Clairmont Rd,,Rear End,2,Clear,Dry,Dark-Lighted
2021-05-20T11:10:00.000,I 85,I 85 and Clairmont Rd,,Sideswipe-Same Direction,2,Clear,Dry,Daylight
2021-02-05T10:50:00.000,I 85,I 85 and Clairmont Rd,,Sideswipe-Same Direction,2,Cloudy,Wet,Daylight
2021-03-06T17:20:00.000,I 85,I 85 and Clairmont Rd,,Sideswipe-Same Direction,2,Clear,Dry,Daylight
2021-05-06T15:36:00.000,I 85,I 85 and Clairmont Rd,,Angle Crash,2,Clear,Dry,Daylight
2021-01-14T10:04:00.000,I 85,I 85 and Clairmont Rd,,Rear End,2,Clear,Dry,Dark-Not Lighted
2021-02-05T07:40:00.000,I 85,I 85 and Clairmont Rd,,Sideswipe-Same Direction,2,Cloudy,Wet,Dark-Lighted
2021-06-05T14:16:00.000,I 85,I 85 and Clairmont Rd,,Sideswipe-Same Direction,2,Clear,Dry,Daylight
2021-03-19T21:20:00.000,I 85,I 85 and Clairmont Rd,,Rear End,3,Clear,Dry,Dark-Not Lighted
2021-06-26T18:10:00.000,I 85,I 85 and Clairmont Rd,,Angle Crash,3,Clear,Dry,Daylight
2021-01-16T19:00:00.000,I 85,I 85 and Clairmont Rd,,Sideswipe-Same Direction,2,Clear,Dry,Dark-Not Lighted
2021-06-23T17:00:00.000,I 85,I 85 and Clairmont Rd,,Rear End,2,Clear,Dry,Daylight
2021-12-01T15:38:00.000,I 85,I 85 and Clairmont Rd,,Sideswipe-Same Direction,2,Cloudy,Dry,Daylight
2021-09-30T17:26:00.000,I 85,I 85 and Clairmont Rd,,Not a Collision with Motor Vehicle,1,Clear,Dry,Daylight
2021-11-01T16:30:00.000,I 85,I 85 and Clairmont Rd,,Rear End,2,Clear,Dry,Daylight
2021-08-19T18:02:00.000,I 85,I 85 and Clairmont Rd,,Sideswipe-Same Direction,2,Cloudy,Wet,Daylight
2021-11-20T09:55:00.000,I 85,I 85 and Clairmont Rd,,Rear End,2,Clear,Dry,Daylight
2021-10-26T08:11:00.000,I 85,I 85 and Clairmont Rd,,Rear End,2,Clear,Dry,Daylight
2021-08-04T19:30:00.000,I 85,I 85 and Clairmont Rd,,Rear End,2,Clear,Dry,Daylight
2021-07-31T01:19:00.000,I 85,I 85 and Clairmont Rd,,Rear End,2,Clear,Dry,Dark-Lighted
2021-08-16T21:00:00.000,I 85,I 85 and Clairmont Rd,,Sideswipe-Same Direction,2,Rain,Wet,Dark-Not Lighted
2021-12-08T20:10:00.000,I 85,I 85 and Clairmont Rd,,Rear End,2,Clear,Dry,Dark-Lighted
2021-09-19T05:05:00.000,I 85,I 85 and Clairmont Rd,,Angle Crash,2,Clear,Wet,Dark-Not Lighted
2021-10-07T17:45:00.000,I 85,I 85 and Clairmont Rd,,Rear End,2,Rain,Wet,Daylight
2021-07-31T02:43:00.000,I 85,I 85 and Clairmont Rd,,Rear End,2,Clear,Dry,Dark-Lighted
2021-10-16T17:30:00.000,I 85,I 85 and Clairmont Rd,,Sideswipe-Same Direction,2,Clear,Dry,Daylight
2021-10-09T19:37:00.000,I 85,I 85 and Clairmont Rd,,Sideswipe-Same Direction,2,Clear,Dry,Daylight
2021-09-14T09:22:00.000,I 85,I 85 and Clairmont Rd,,Rear End,2,Clear,Dry,Daylight
2021-04-01T11:00:00.000,I 85,I 85 and Clairmont Rd,,Not a Collision with Motor Vehicle,1,Clear,Dry,Daylight
2021-09-26T07:10:00.000,I 85,I 85 and Clairmont Rd,,Angle Crash,2,Clear,Dry,Dark-Lighted
2021-09-17T17:00:00.000,I 85,I 85 and Clairmont Rd,,Sideswipe-Same Direction,2,Clear,Dry,Daylight
2021-12-24T20:05:00.000,I 85,I 85 and Clairmont Rd,,Rear End,2,Clear,Dry,Dark-Lighted
2021-12-09T15:40:00.000,I 85,I 85 and Clairmont Rd,,Rear End,2,Clear,Dry,Daylight
2021-12-31T12:05:00.000,I 85,I 85 and Clairmont Rd,,Sideswipe-Same Direction,3,Cloudy,Dry,Daylight
2021-10-03T01:30:00.000,I 85,I 85 and Clairmont Rd,,Angle Crash,2,Clear,Dry,Dark-Not Lighted
2021-09-05T18:21:00.000,I 85,I 85 and Clairmont Rd,,Rear End,2,Clear,Dry,Daylight
2021-11-19T10:00:00.000,I 85,I 85 and Clairmont Rd,,Rear End,2,Clear,Dry,Daylight
2021-08-16T00:07:00.000,I 85,I 85 and Clairmont Rd,,Angle Crash,2,Clear,Dry,Dark-Not Lighted
2021-04-28T21:36:00.000,I 85,I 85 and Clairmont Rd,,Angle Crash,2,Clear,Dry,Dark-Not Lighted
2021-04-26T12:11:00.000,I 85,I 85 and Clairmont Rd,,Not a Collision with Motor Vehicle,1,Clear,Dry,Daylight
2021-02-18T05:48:00.000,I 85,I 85 and Clairmont Rd,,Not a Collision with Motor Vehicle,1,Rain,Wet,Dark-Not Lighted
2021-05-31T13:21:00.000,I 85,I 85 and Clairmont Rd,,Rear End,2,Cloudy,Dry,Daylight
2021-05-26T15:02:00.000,I 85,I 85 and Clairmont Rd,,Rear End,2,Clear,Dry,Daylight
2021-04-22T20:15:00.000,I 85,I 85 and Clairmont Rd,,Rear End,2,Clear,Dry,Daylight
2021-01-04T15:00:00.000,I 85,I 85 and Clairmont Rd,,Rear End,2,Clear,Dry,Daylight
2021-03-16T16:20:00.000,I 85,I 85 and Clairmont Rd,,Rear End,2,Cloudy,Wet,Daylight
2021-01-02T17:00:00.000,I 85,I 85 and Clairmont Rd,,Rear End,2,Clear,Dry,Daylight
2021-03-31T10:05:00.000,I 85,I 85 and Clairmont Rd,,Not a Collision with Motor Vehicle,1,Rain,Water (standing or moving),Daylight
2021-06-08T07:15:00.000,I 85,I 85 and Clairmont Rd,,Sideswipe-Same Direction,2,Cloudy,Dry,Daylight
2021-05-08T18:45:00.000,I 85,I 85 and Clairmont Rd,,Sideswipe-Same Direction,3,Clear,Dry,Daylight
2021-05-03T15:10:00.000,I 85,I 85 and Clairmont Rd,,Rear End,2,Rain,Wet,Daylight
2021-06-16T20:10:00.000,I 85,I 85 and Clairmont Rd,,Rear End,2,Clear,Dry,Daylight
2021-05-27T15:29:00.000,I 85,I 85 and Clairmont Rd,,Rear End,2,Clear,Dry,Daylight
2021-05-03T02:00:00.000,I 85,I 85 and Clairmont Rd,,Sideswipe-Same Direction,2,Clear,Dry,Daylight
2021-02-14T19:35:00.000,I 85,I 85 and Clairmont Rd,,Sideswipe-Same Direction,2,Clear,Dry,Daylight
2021-02-01T11:47:00.000,I 85,I 85 and Clairmont Rd,,Rear End,2,Cloudy,Dry,Daylight
2021-11-05T15:50:00.000,I 85,I 85 and Clairmont Rd,,Angle Crash,2,Clear,Dry,Daylight
2021-11-14T20:58:00.000,I 85,I 85 and Clairmont Rd,,Not a Collision with Motor Vehicle,2,Clear,Dry,Dark-Lighted
2021-08-23T12:30:00.000,I 85,I 85 and Clairmont Rd,,Sideswipe-Same Direction,2,Clear,Dry,Daylight
2021-08-03T01:50:00.000,I 85,I 85 and Clairmont Rd,,Sideswipe-Same Direction,2,Cloudy,Wet,Dark-Lighted
2021-07-06T08:50:00.000,I 85,I 85 and Clairmont Rd,,Rear End,2,Clear,Dry,Daylight
2021-11-19T09:30:00.000,I 85,I 85 and Clairmont Rd,,Sideswipe-Same Direction,3,Clear,Dry,Daylight
2021-12-21T08:10:00.000,I 85,I 85 and Clairmont Rd,,Rear End,3,Cloudy,Dry,Daylight
2021-08-13T19:39:00.000,I 85,I 85 and Clairmont Rd,,Rear End,2,Clear,Dry,Daylight
2021-08-10T05:35:00.000,I 85,I 85 and Clairmont Rd,,Sideswipe-Same Direction,2,Clear,Dry,Dark-Not Lighted
2021-09-30T18:20:00.000,I 85,I 85 and Clairmont Rd,,Rear End,2,Clear,Dry,Daylight
2021-08-13T18:50:00.000,I 85,I 85 and Clairmont Rd,,Rear End,2,Clear,Dry,Daylight
2021-07-26T06:45:00.000,I 85,I 85 and Clairmont Rd,,Sideswipe-Same Direction,2,Clear,Dry,Daylight
2021-07-26T19:59:00.000,I 85,I 85 and Clairmont Rd,,Rear End,3,Rain,Wet,Daylight
2021-08-31T15:00:00.000,I 85,I 85 and Clairmont Rd,,Not a Collision with Motor Vehicle,2,Clear,Dry,Daylight
2021-07-13T15:07:00.000,I 85,I 85 and Clairmont Rd,,Sideswipe-Same Direction,2,Cloudy,Dry,Daylight
2021-10-22T22:35:00.000,I 85,I 85 and Clairmont Rd,,Sideswipe-Opposite Direction,2,Clear,Dry,Dark-Not Lighted
2021-04-17T16:31:00.000,I 85,I 85 and Clairmont Rd,,Rear End,3,Clear,Dry,Daylight
2021-04-24T10:02:00.000,I 85,I 85 and Clairmont Rd,,Angle Crash,2,Rain,Wet,Daylight
2021-05-29T21:40:00.000,I 85,I 85 and Clairmont Rd,,Sideswipe-Same Direction,3,Clear,Dry,Dark-Not Lighted
2021-05-15T10:50:00.000,I 85,I 85 and Clairmont Rd,,Rear End,2,Clear,Dry,Daylight
2021-02-23T16:10:00.000,I 85,I 85 and Clairmont Rd,,Rear End,2,Clear,Dry,Daylight
2021-06-08T10:45:00.000,I 85,I 85 and Clairmont Rd,,Rear End,2,Cloudy,Dry,Daylight
2021-04-21T21:49:00.000,I 85,I 85 and Clairmont Rd,,Rear End,2,Clear,Dry,Dark-Lighted
2021-04-11T16:03:00.000,I 85,I 85 and Clairmont Rd,,Rear End,2,Clear,Dry,Daylight
2020-09-04T22:43:00.000,I 85,I 85 and Clairmont Rd,,Rear End,2,Clear,Dry,Dark-Lighted
2020-06-22T18:59:00.000,I 85,I 85 and Clairmont Rd,,Not a Collision with Motor Vehicle,1,Rain,Water (standing or moving),Daylight
2020-07-08T08:46:00.000,I 85,I 85 and Clairmont Rd,,Rear End,2,Clear,Dry,Daylight
2020-02-13T16:00:00.000,I 85,I 85 and Clairmont Rd,,Rear End,2,Clear,Dry,Daylight
2020-04-28T15:15:00.000,I 85,I 85 and Clairmont Rd,,Sideswipe-Same Direction,3,Clear,Dry,Daylight
2020-11-09T19:31:00.000,I 85,I 85 and Clairmont Rd,,Sideswipe-Same Direction,2,Clear,Dry,Dark-Lighted
2020-11-29T21:22:00.000,I 85,I 85 and Clairmont Rd,,Not a Collision with Motor Vehicle,1,Rain,Wet,Dark-Lighted
2020-11-08T00:50:00.000,I 85,I 85 and Clairmont Rd,,Sideswipe-Same Direction,2,Clear,Dry,Dark-Not Lighted
2020-11-10T13:20:00.000,I 85,I 85 and Clairmont Rd,,Angle Crash,2,Cloudy,Wet,Daylight
2020-10-27T14:35:00.000,I 85,I 85 and Clairmont Rd,,Rear End,2,Cloudy,Dry,Daylight
2023-09-18T19:20:00.000,I 85,I 85 and Clairmont Rd,,Rear End,2,Clear,Dry,Daylight
2023-05-18T11:33:00.000,I 85,I 85 and Clairmont Rd,,Angle Crash,3,Cloudy,Wet,Daylight
2023-12-29T14:40:00.000,I 85,I 85 and Clairmont Rd,,Sideswipe-Same Direction,2,Cloudy,Dry,Daylight
2023-09-26T11:54:00.000,I 85,I 85 and Clairmont Rd,,Sideswipe-Same Direction,2,Cloudy,Dry,Daylight
2023-01-13T08:44:00.000,I 85,I 85 and Clairmont Rd,,Sideswipe-Same Direction,2,Cloudy,Dry,Daylight
2023-09-19T15:10:00.000,I 85,I 85 and Clairmont Rd,,Angle Crash,2,Clear,Dry,Daylight
2023-09-07T16:20:00.000,I 85,I 85 and Clairmont Rd,,Sideswipe-Same Direction,2,Clear,Dry,Daylight
2023-05-12T09:55:00.000,I 85,I 85 and Clairmont Rd,,Rear End,2,Cloudy,Dry,Daylight
2023-09-09T17:04:00.000,I 85,I 85 and Clairmont Rd,,Angle Crash,2,Cloudy,Wet,Daylight
2023-07-18T17:35:00.000,I 85,I 85 and Clairmont Rd,,Angle Crash,2,Cloudy,Dry,Daylight
2023-06-10T18:45:00.000,I 85,I 85 and Clairmont Rd,,Not a Collision with Motor Vehicle,1,Clear,Dry,Daylight
2023-07-10T09:30:00.000,I 85,I 85 and Clairmont Rd,,Rear End,2,Cloudy,Wet,Daylight
2023-06-16T15:30:00.000,I 85,I 85 and Clairmont Rd,,Sideswipe-Same Direction,2,Clear,Dry,Daylight
2023-03-12T05:35:00.000,I 85,I 85 and Clairmont Rd,,Not a Collision with Motor Vehicle,1,Rain,Wet,Dark-Lighted
2023-04-18T08:51:00.000,I 85,I 85 and Clairmont Rd,,Sideswipe-Same Direction,2,Clear,Dry,Daylight
2023-02-01T08:35:00.000,I 85,I 85 and Clairmont Rd,,Sideswipe-Same Direction,2,Cloudy,Dry,Daylight
2023-08-03T12:19:00.000,I 85,I 85 and Clairmont Rd,,Angle Crash,2,Clear,Dry,Daylight
2023-04-19T05:40:00.000,I 85,I 85 and Clairmont Rd,,Sideswipe-Same Direction,2,Clear,Dry,Dark-Not Lighted
2023-02-12T04:00:00.000,I 85,I 85 and Clairmont Rd,,Sideswipe-Same Direction,2,Rain,Wet,Dark-Lighted
2023-11-09T11:32:00.000,I 85,I 85 and Clairmont Rd,,Not a Collision with Motor Vehicle,1,Clear,Dry,Daylight
2023-03-24T00:52:00.000,I 85,I 85 and Clairmont Rd,,Rear End,2,Clear,Dry,Dark-Not Lighted
2023-12-04T16:30:00.000,I 85,I 85 and Clairmont Rd,,Sideswipe-Same Direction,2,Clear,Dry,Daylight
2023-09-17T04:16:00.000,I 85,I 85 and Clairmont Rd,,Angle Crash,2,Rain,Wet,Dark-Lighted
2023-05-09T15:31:00.000,I 85,I 85 and Clairmont Rd,,Angle Crash,2,Clear,Dry,Daylight
2023-01-29T18:28:00.000,I 85,I 85 and Clairmont Rd,,Sideswipe-Same Direction,2,Rain,Wet,Dark-Lighted
2023-11-21T19:15:00.000,I 85,I 85 and Clairmont Rd,,Sideswipe-Same Direction,2,Rain,Wet,Dark-Not Lighted
2023-08-01T11:55:00.000,I 85,I 85 and Clairmont Rd,,Rear End,3,Clear,Dry,Daylight
2023-05-22T08:30:00.000,I 85,I 85 and Clairmont Rd,,Angle Crash,2,Cloudy,Dry,Daylight
2023-04-19T16:15:00.000,I 85,I 85 and Clairmont Rd,,Sideswipe-Same Direction,2,Clear,Dry,Daylight
2023-09-25T07:51:00.000,I 85,I 85 and Clairmont Rd,,Sideswipe-Same Direction,3,Cloudy,Dry,Daylight
2023-05-25T07:36:00.000,I 85,I 85 and Clairmont Rd,,Rear End,2,Clear,Dry,Daylight
2023-10-02T18:35:00.000,I 85,I 85 and Clairmont Rd,,Rear End,2,Clear,Dry,Daylight
2023-08-16T13:14:00.000,I 85,I 85 and Clairmont Rd,,Rear End,2,Clear,Dry,Daylight
2023-05-17T05:40:00.000,I 85,I 85 and Clairmont Rd,,Sideswipe-Same Direction,2,Clear,Dry,Dark-Not Lighted
2023-02-22T11:25:00.000,I 85,I 85 and Clairmont Rd,,Rear End,2,Cloudy,Dry,Daylight
2023-05-25T17:30:00.000,I 85,I 85 and Clairmont Rd,,Sideswipe-Same Direction,3,Clear,Dry,Daylight
2023-05-20T23:06:00.000,I 85,I 85 and Clairmont Rd,,Angle Crash,2,Rain,Wet,Dark-Lighted
2023-06-08T17:30:00.000,I 85,I 85 and Clairmont Rd,,Sideswipe-Same Direction,2,Clear,Dry,Daylight
2023-12-16T08:40:00.000,I 85,I 85 and Clairmont Rd,,Rear End,2,Cloudy,Dry,Daylight
2023-06-13T11:33:00.000,I 85,I 85 and Clairmont Rd,,Sideswipe-Same Direction,2,Clear,Dry,Daylight
2023-08-29T08:28:00.000,I 85,I 85 and Clairmont Rd,,Rear End,2,Cloudy,Wet,Daylight
2023-07-12T19:45:00.000,I 85,I 85 and Clairmont Rd,,Rear End,2,Clear,Dry,Daylight
2023-03-02T15:20:00.000,I 85,I 85 and Clairmont Rd,,Rear End,2,Rain,Wet,Daylight
2023-10-12T12:57:00.000,I 85,I 85 and Clairmont Rd,,Sideswipe-Same Direction,2,Clear,Dry,Daylight
2023-10-13T17:00:00.000,I 85,I 85 and Clairmont Rd,,Sideswipe-Same Direction,2,Clear,Dry,Daylight
2023-03-02T16:00:00.000,I 85,I 85 and Clairmont Rd,,Sideswipe-Same Direction,2,Rain,Wet,Daylight
2023-02-14T10:10:00.000,I 85,I 85 and Clairmont Rd,,Rear End,2,Clear,Dry,Daylight
2023-07-11T12:29:00.000,I 85,I 85 and Clairmont Rd,,Rear End,2,Cloudy,Dry,Daylight
2023-01-02T14:50:00.000,I 85,I 85 and Clairmont Rd,,Sideswipe-Same Direction,2,Rain,Wet,Daylight
2023-04-29T13:00:00.000,I 85,I 85 and Clairmont Rd,,Rear End,2,Clear,Dry,Daylight
2023-09-07T08:30:00.000,I 85,I 85 and Clairmont Rd,,Rear End,2,Clear,Dry,Daylight
2023-09-25T07:46:00.000,I 85,I 85 and Clairmont Rd,,Sideswipe-Same Direction,2,Clear,Dry,Daylight
2023-05-04T20:42:00.000,I 85,I 85 and Clairmont Rd,,Angle Crash,4,Clear,Dry,Dark-Not Lighted
2023-04-12T09:06:00.000,I 85,I 85 and Clairmont Rd,,Sideswipe-Same Direction,2,Clear,Dry,Daylight
2023-05-11T11:14:00.000,I 85,I 85 and Clairmont Rd,,Not a Collision with Motor Vehicle,2,Cloudy,Dry,Daylight
2023-07-19T12:00:00.000,I 85,I 85 and Clairmont Rd,,Not a Collision with Motor Vehicle,1,Cloudy,Dry,Daylight
2023-08-28T15:18:00.000,I 85,I 85 and Clairmont Rd,,Sideswipe-Same Direction,2,Cloudy,Dry,Daylight
2023-02-23T17:23:00.000,I 85,I 85 and Clairmont Rd,,Sideswipe-Same Direction,2,Cloudy,Dry,Daylight
2023-08-18T08:22:00.000,I 85,I 85 and Clairmont Rd,,Sideswipe-Same Direction,2,Clear,Dry,Daylight
2023-06-28T22:00:00.000,I 85,I 85 and Clairmont Rd,,Sideswipe-Same Direction,2,Clear,Dry,Dark-Not Lighted
2023-02-23T17:35:00.000,I 85,I 85 and Clairmont Rd,,Sideswipe-Same Direction,2,Clear,Dry,Daylight
2023-06-03T21:46:00.000,I 85,I 85 and Clairmont Rd,,Sideswipe-Same Direction,2,Clear,Dry,Dark-Lighted
2023-01-15T17:21:00.000,I 85,I 85 and Clairmont Rd,,Rear End,2,Clear,Dry,Daylight
2023-09-03T23:00:00.000,I 85,I 85 and Clairmont Rd,,Sideswipe-Same Direction,2,Clear,Dry,Dark-Not Lighted
2023-10-14T19:10:00.000,I 85,I 85 and Clairmont Rd,,Rear End,2,Clear,Dry,Daylight
2023-05-15T00:19:00.000,I 85,I 85 and Clairmont Rd,,Rear End,2,Clear,Dry,Dark-Not Lighted
2023-11-25T18:04:00.000,I 85,I 85 and Clairmont Rd,,Angle Crash,2,Cloudy,Dry,Dark-Lighted
2023-09-26T18:40:00.000,I 85,I 85 and Clairmont Rd,,Rear End,2,Cloudy,Dry,Daylight
2023-04-14T12:52:00.000,I 85,I 85 and Clairmont Rd,,Not a Collision with Motor Vehicle,1,Rain,Wet,Daylight
2023-02-13T03:42:00.000,I 85,I 85 and Clairmont Rd,,Angle Crash,2,Clear,Dry,Dark-Lighted
2023-02-01T19:39:00.000,I 85,I 85 and Clairmont Rd,,Angle Crash,4,Cloudy,Wet,Daylight
2023-10-27T16:47:00.000,I 85,I 85 and Clairmont Rd,,Rear End,2,Cloudy,Dry,Daylight
2023-12-18T17:20:00.000,I 85,I 85 and Clairmont Rd,,Sideswipe-Same Direction,2,Clear,Dry,Daylight
2023-02-17T16:50:00.000,I 85,I 85 and Clairmont Rd,,Rear End,2,Cloudy,Dry,Daylight
2023-12-28T19:22:00.000,I 85,I 85 and Clairmont Rd,,Sideswipe-Same Direction,2,Clear,Dry,Dark-Lighted
2023-04-19T16:40:00.000,I 85,I 85 and Clairmont Rd,,Sideswipe-Same Direction,2,Clear,Dry,Daylight
2023-03-08T16:00:00.000,I 85,I 85 and Clairmont Rd,,Rear End,3,Clear,Dry,Daylight
2023-04-19T05:30:00.000,I 85,I 85 and Clairmont Rd,,Not a Collision with Motor Vehicle,1,Clear,Dry,Dark-Not Lighted
2023-10-19T17:00:00.000,I 85,I 85 and Clairmont Rd,,Rear End,2,Cloudy,Dry,Daylight
2023-02-23T16:30:00.000,I 85,I 85 and Clairmont Rd,,Sideswipe-Same Direction,2,Clear,Dry,Daylight
2023-09-20T18:45:00.000,I 85,I 85 and Clairmont Rd,,Sideswipe-Same Direction,2,Clear,Dry,Daylight
2023-07-12T12:06:00.000,I 85,I 85 and Clairmont Rd,,Sideswipe-Same Direction,2,Clear,Dry,Daylight
2023-02-06T17:35:00.000,I 85,I 85 and Clairmont Rd,,Rear End,2,Clear,Dry,Daylight
2023-03-29T15:58:00.000,I 85,I 85 and Clairmont Rd,,Sideswipe-Same Direction,3,Cloudy,Dry,Daylight
2023-06-11T19:30:00.000,I 85,I 85 and Clairmont Rd,,Not a Collision with Motor Vehicle,1,Rain,Wet,Dawn
2023-06-01T14:58:00.000,I 85,I 85 and Clairmont Rd,,Rear End,2,Cloudy,Dry,Daylight
2023-02-28T07:58:00.000,I 85,I 85 and Clairmont Rd,,Sideswipe-Same Direction,2,Clear,Dry,Daylight
2023-01-31T16:00:00.000,I 85,I 85 and Clairmont Rd,,Sideswipe-Same Direction,2,Clear,Dry,Daylight
2023-05-08T13:05:00.000,I 85,I 85 and Clairmont Rd,,Sideswipe-Same Direction,2,Clear,Dry,Daylight
2023-09-05T09:30:00.000,I 85,I 85 and Clairmont Rd,,Angle Crash,2,Clear,Dry,Daylight
2023-03-16T14:59:00.000,I 85,I 85 and Clairmont Rd,,Sideswipe-Same Direction,2,Cloudy,Dry,Daylight
2023-06-16T19:38:00.000,I 85,I 85 and Clairmont Rd,,Angle Crash,2,Clear,Dry,Dawn
2023-01-09T18:16:00.000,I 85,I 85 and Clairmont Rd,,Rear End,2,Clear,Dry,Dark-Lighted
2023-08-01T21:55:00.000,I 85,I 85 and Clairmont Rd,,Rear End,2,Clear,Dry,Dark-Not Lighted
2023-08-14T10:55:00.000,I 85,I 85 and Clairmont Rd,,Rear End,2,Clear,Dry,Daylight
2023-09-19T09:56:00.000,I 85,I 85 and Clairmont Rd,,Angle Crash,2,Clear,Dry,Daylight
2023-01-29T18:00:00.000,I 85,I 85 and Clairmont Rd,,Sideswipe-Same Direction,2,Rain,Wet,Dark-Lighted
2023-05-19T10:58:00.000,I 85,I 85 and Clairmont Rd,,Rear End,2,Cloudy,Dry,Daylight
2023-11-17T18:40:00.000,I 85,I 85 and Clairmont Rd,,Sideswipe-Same Direction,2,Clear,Dry,Dark-Lighted
2023-01-05T09:29:00.000,I 85,I 85 and Clairmont Rd,,Rear End,2,Clear,Dry,Daylight
2023-07-12T11:48:00.000,I 85,I 85 and Clairmont Rd,,Not a Collision with Motor Vehicle,2,Clear,Dry,Daylight
2023-04-05T13:30:00.000,I 85,I 85 and Clairmont Rd,,Rear End,3,Clear,Dry,Daylight
2023-07-30T21:47:00.000,I 85,I 85 and Clairmont Rd,,Sideswipe-Same Direction,2,Clear,Dry,Dark-Lighted
2023-02-22T17:23:00.000,I 85,I 85 and Clairmont Rd,,Rear End,2,Clear,Dry,Daylight
2023-03-12T21:38:00.000,I 85,I 85 and Clairmont Rd,,Angle Crash,2,Clear,Dry,Dark-Lighted
2023-06-06T09:48:00.000,I 85,I 85 and Clairmont Rd,,Angle Crash,4,Clear,Dry,Daylight
2023-03-29T16:02:00.000,I 85,I 85 and Clairmont Rd,,Rear End,2,Clear,Dry,Daylight
2023-08-16T05:50:00.000,I 85,I 85 and Clairmont Rd,,Rear End,2,Clear,Dry,Dark-Not Lighted
2023-03-11T16:15:00.000,I 85,I 85 and Clairmont Rd,,Rear End,2,Clear,Dry,Daylight
2023-10-02T07:27:00.000,I 85,I 85 and Clairmont Rd,,Rear End,3,Clear,Dry,Daylight
2023-03-28T09:18:00.000,I 85,I 85 and Clairmont Rd,,Rear End,3,Cloudy,Dry,Daylight
2023-04-20T06:29:00.000,I 85,I 85 and Clairmont Rd,,Rear End,2,Clear,Dry,Dark-Lighted
2023-02-08T18:20:00.000,I 85,I 85 and Clairmont Rd,,Sideswipe-Same Direction,2,Clear,Dry,Daylight
2023-11-08T18:08:00.000,I 85,I 85 and Clairmont Rd,,Rear End,2,Clear,Dry,Daylight
2022-01-23T17:27:00.000,I 85,I 85 and Clairmont Rd,,Rear End,2,Clear,Dry,Dark-Lighted
2022-04-12T20:50:00.000,I 85,I 85 and Clairmont Rd,,Not a Collision with Motor Vehicle,1,Clear,Dry,Dark-Not Lighted
2022-10-05T15:20:00.000,I 85,I 85 and Clairmont Rd,,Sideswipe-Same Direction,2,Cloudy,Dry,Daylight
2022-08-15T02:19:00.000,I 85,I 85 and Clairmont Rd,,Rear End,3,Clear,Dry,Dark-Not Lighted
2022-02-23T20:35:00.000,I 85,I 85 and Clairmont Rd,,Rear End,2,Clear,Dry,Dark-Not Lighted
2022-05-27T19:05:00.000,I 85,I 85 and Clairmont Rd,,Sideswipe-Same Direction,2,Clear,Dry,Daylight
2022-10-01T20:20:00.000,I 85,I 85 and Clairmont Rd,,Angle Crash,2,Clear,Dry,Dark-Not Lighted
2022-10-20T06:25:00.000,I 85,I 85 and Clairmont Rd,,Angle Crash,3,Clear,Dry,Dark-Lighted
2022-07-28T15:18:00.000,I 85,I 85 and Clairmont Rd,,Head On,2,Clear,Dry,Daylight
2022-06-12T12:20:00.000,I 85,I 85 and Clairmont Rd,,Rear End,2,Clear,Dry,Daylight
2022-07-07T07:28:00.000,I 85,I 85 and Clairmont Rd,,Sideswipe-Same Direction,2,Clear,Dry,Daylight
2022-09-07T18:40:00.000,I 85,I 85 and Clairmont Rd,,Rear End,2,Clear,Dry,Daylight
2022-11-30T13:00:00.000,I 85,I 85 and Clairmont Rd,,Sideswipe-Same Direction,2,Clear,Dry,Daylight
2022-02-15T15:23:00.000,I 85,I 85 and Clairmont Rd,,Angle Crash,2,Clear,Dry,Daylight
2022-06-16T05:12:00.000,I 85,I 85 and Clairmont Rd,,Not a Collision with Motor Vehicle,1,Clear,Dry,Dark-Lighted
2022-07-19T08:54:00.000,I 85,I 85 and Clairmont Rd,,Rear End,2,Rain,Wet,Daylight
2022-12-10T17:40:00.000,I 85,I 85 and Clairmont Rd,,Rear End,2,Cloudy,Dry,Dark-Lighted
2022-02-26T04:20:00.000,I 85,I 85 and Clairmont Rd,,Not a Collision with Motor Vehicle,1,Clear,Dry,Dark-Lighted
2022-10-04T17:55:00.000,I 85,I 85 and Clairmont Rd,,Rear End,2,Clear,Dry,Daylight
2020-06-22T16:40:00.000,I 85,I 85 and Clairmont Rd,,Rear End,4,Cloudy,Wet,Daylight
2020-12-18T11:30:00.000,I 85,I 85 and Clairmont Rd,,Angle Crash,2,Clear,Dry,Daylight
2023-11-18T23:26:00.000,I 85,I 85 and Clairmont Rd,,Angle Crash,2,Clear,Dry,Dark-Lighted
2023-10-29T03:10:00.000,I 85,I 85 and Clairmont Rd,,Not a Collision with Motor Vehicle,1,Clear,Dry,Dark-Not Lighted
2020-01-25T20:10:00.000,I 85,I 85 and Clairmont Rd,,Rear End,2,Clear,Dry,Dark-Not Lighted
2020-11-19T19:24:00.000,I 85,I 85 and Clairmont Rd,,Sideswipe-Same Direction,2,Clear,Dry,Dark-Not Lighted
2020-05-13T16:27:00.000,I 85,I 85 and Clairmont Rd,,Angle Crash,2,Clear,Dry,Daylight
2020-08-05T06:10:00.000,I 85,I 85 and Clairmont Rd,,Sideswipe-Same Direction,2,Clear,Dry,Dawn