Date and Time,Roadway (From Crash Report),Intersection Name (from Crash Report),KABCO Severity,Manner of Collision (Crash Level) ,# of Vehicles per crash ,Weather Conditions (Crash Level),Surface Condition (Crash Level) ,Light Conditions (Crash Level)
2020-12-12T18:32:00.000,I 85,I 85 and Clairmont Rd,,Rear End,2,Rain,Wet,Dark-Not Lighted
2020-06-22T16:45:00.000,I 85,I 85 and Clairmont Rd,,Rear End,4,Rain,Wet,Daylight
2020-12-04T08:30:00.000,I 85,I 85 and Clairmont Rd,,Rear End,2,Cloudy,Dry,Daylight
2020-02-25T10:15:00.000,I 85,I 85 and Clairmont Rd,,Not a Collision with Motor Vehicle,2,Cloudy,Dry,Daylight
2020-01-25T20:11:00.000,I 85,I 85 and Clairmont Rd,,Rear End,2,Clear,Dry,Dark-Lighted
2020-09-30T19:00:00.000,I 85,I 85 and Clairmont Rd,,Rear End,2,Clear,Dry,Dark-Not Lighted
2020-09-06T19:50:00.000,I 85,I 85 and Clairmont Rd,,Not a Collision with Motor Vehicle,1,Clear,Dry,Daylight
2020-08-30T20:35:00.000,I 85,I 85 and Clairmont Rd,,Not a Collision with Motor Vehicle,1,Rain,Wet,Dark-Lighted
2020-10-16T19:45:00.000,I 85,I 85 and Clairmont Rd,,Rear End,2,Clear,Dry,Dark-Lighted
2020-03-05T17:28:00.000,I 85,I 85 and Clairmont Rd,,Not a Collision with Motor Vehicle,1,Other,Wet,Daylight
2020-08-15T06:20:00.000,I 85,I 85 and Clairmont Rd,,Rear End,2,Cloudy,Dry,Dark-Lighted
2020-02-20T10:28:00.000,I 85,I 85 and Clairmont Rd,,Rear End,3,Rain,Wet,Daylight
2020-10-26T08:30:00.000,I 85,I 85 and Clairmont Rd,,Rear End,2,Cloudy,Dry,Daylight
2020-08-10T15:18:00.000,I 85,I 85 and Clairmont Rd,,Rear End,2,Cloudy,Dry,Daylight
2020-01-08T20:25:00.000,I 85,I 85 and Clairmont Rd,,Rear End,2,Clear,Dry,Dark-Lighted
2020-09-20T21:42:00.000,I 85,I 85 and Clairmont Rd,,Rear End,2,Clear,Dry,Dark-Lighted
2020-11-10T13:20:00.000,I 85,I 85 and Clairmont Rd,,Rear End,4,Rain,Wet,Daylight
2020-03-11T07:40:00.000,I 85,I 85 and Clairmont Rd,,Sideswipe-Same Direction,3,Cloudy,Dry,Daylight
2020-02-03T18:30:00.000,I 85,I 85 and Clairmont Rd,,Rear End,2,Clear,Dry,Dark-Lighted
2020-03-02T15:50:00.000,I 85,I 85 and Clairmont Rd,,Sideswipe-Same Direction,2,Rain,Wet,Daylight
2020-10-01T21:00:00.000,I 85,I 85 and Clairmont Rd,,Sideswipe-Same Direction,2,Clear,Dry,Dark-Lighted
2020-07-21T14:53:00.000,I 85,I 85 and Clairmont Rd,,Angle Crash,2,Clear,Dry,Daylight
2020-01-26T05:30:00.000,I 85,I 85 and Clairmont Rd,,Sideswipe-Same Direction,2,Clear,Dry,Dark-Lighted
2020-07-23T18:10:00.000,I 85,I 85 and Clairmont Rd,,Sideswipe-Same Direction,2,Clear,Dry,Daylight
2020-11-27T17:30:00.000,I 85,I 85 and Clairmont Rd,,Sideswipe-Same Direction,2,Clear,Dry,Daylight
2020-01-08T07:10:00.000,I 85,I 85 and Clairmont Rd,,Angle Crash,3,Clear,Dry,Dark-Not Lighted
2020-09-07T13:55:00.000,I 85,I 85 and Clairmont Rd,,Rear End,2,Clear,Dry,Daylight
2020-08-17T21:05:00.000,I 85,I 85 and Clairmont Rd,,Rear End,2,Clear,Dry,Dark-Not Lighted
2020-03-11T17:30:00.000,I 85,I 85 and Clairmont Rd,,Sideswipe-Same Direction,2,Clear,Dry,Daylight
2020-08-20T14:00:00.000,I 85,I 85 and Clairmont Rd,,Sideswipe-Same Direction,2,Rain,Wet,Daylight
2020-02-05T09:26:00.000,I 85,I 85 and Clairmont Rd,,Angle Crash,2,Cloudy,Wet,Daylight
2020-01-15T17:25:00.000,I 85,I 85 and Clairmont Rd,,Angle Crash,2,Clear,Dry,Dark-Lighted
2020-11-02T20:45:00.000,I 85,I 85 and Clairmont Rd,,Not a Collision with Motor Vehicle,1,Clear,Dry,Dark-Lighted
2020-07-25T03:25:00.000,I 85,I 85 and Clairmont Rd,,Rear End,2,Clear,Dry,Dark-Lighted
2020-11-05T19:00:00.000,I 85,I 85 and Clairmont Rd,,Sideswipe-Same Direction,2,Clear,Dry,Dark-Not Lighted
2020-09-18T15:05:00.000,I 85,I 85 and Clairmont Rd,,Not a Collision with Motor Vehicle,1,Clear,Dry,Daylight
2020-04-16T17:20:00.000,I 85,I 85 and Clairmont Rd,,Angle Crash,2,Clear,Dry,Daylight
2020-06-11T16:15:00.000,I 85,I 85 and Clairmont Rd,,Sideswipe-Same Direction,2,Clear,Dry,Daylight
2020-01-11T20:55:00.000,I 85,I 85 and Clairmont Rd,,Angle Crash,2,Cloudy,Wet,Dark-Not Lighted
2020-07-20T15:37:00.000,I 85,I 85 and Clairmont Rd,,Sideswipe-Same Direction,2,Clear,Dry,Daylight
2020-10-11T15:16:00.000,I 85,I 85 and Clairmont Rd,,Rear End,3,Cloudy,Wet,Daylight
2020-03-06T16:35:00.000,I 85,I 85 and Clairmont Rd,,Rear End,3,Clear,Dry,Daylight
2020-02-19T14:07:00.000,I 85,I 85 and Clairmont Rd,,Rear End,2,Cloudy,Other,Daylight
2020-03-11T10:50:00.000,I 85,I 85 and Clairmont Rd,,Rear End,2,Clear,Dry,Daylight
2020-02-24T18:30:00.000,I 85,I 85 and Clairmont Rd,,Sideswipe-Same Direction,2,Rain,Wet,Dusk
2020-01-02T17:20:00.000,I 85,I 85 and Clairmont Rd,,Angle Crash,2,Rain,Wet,Daylight
2020-08-05T09:10:00.000,I 85,I 85 and Clairmont Rd,,Angle Crash,4,Clear,Dry,Daylight
2020-04-24T19:32:00.000,I 85,I 85 and Clairmont Rd,,Sideswipe-Same Direction,2,Clear,Dry,Daylight
2020-10-12T08:51:00.000,I 85,I 85 and Clairmont Rd,,Rear End,2,Cloudy,Wet,Daylight
2020-08-29T00:08:00.000,I 85,I 85 and Clairmont Rd,,Not a Collision with Motor Vehicle,1,Clear,Dry,Dark-Lighted
2020-10-25T14:30:00.000,I 85,I 85 and Clairmont Rd,,Sideswipe-Same Direction,2,Cloudy,Dry,Daylight
2020-09-13T21:00:00.000,I 85,I 85 and Clairmont Rd,,Rear End,2,Clear,Dry,Dark-Not Lighted
2020-09-17T18:50:00.000,I 85,I 85 and Clairmont Rd,,Sideswipe-Same Direction,3,Rain,Wet,Daylight
2020-06-20T13:25:00.000,I 85,I 85 and Clairmont Rd,,Sideswipe-Same Direction,2,Clear,Dry,Daylight
2020-10-09T08:15:00.000,I 85,I 85 and Clairmont Rd,,Not a Collision with Motor Vehicle,2,Cloudy,Dry,Daylight
2020-06-21T21:02:00.000,I 85,I 85 and Clairmont Rd,,Sideswipe-Same Direction,2,Cloudy,Dry,Dusk
2020-03-05T15:50:00.000,I 85,I 85 and Clairmont Rd,,Rear End,2,Rain,Wet,Daylight
2020-01-07T16:31:00.000,I 85,I 85 and Clairmont Rd,,Rear End,2,Clear,Dry,Daylight
2020-01-23T22:39:00.000,I 85,I 85 and Clairmont Rd,,Rear End,2,Rain,Wet,Dark-Lighted
2020-11-05T17:55:00.000,I 85,I 85 and Clairmont Rd,,Rear End,2,Clear,Dry,Dark-Not Lighted
2020-12-04T05:15:00.000,I 85,I 85 and Clairmont Rd,,Angle Crash,5,Clear,Dry,Dark-Lighted
2020-10-04T16:00:00.000,I 85,I 85 and Clairmont Rd,,Not a Collision with Motor Vehicle,1,Clear,Dry,Daylight
2020-02-15T10:56:00.000,I 85,I 85 and Clairmont Rd,,Not a Collision with Motor Vehicle,2,Clear,Dry,Daylight
2020-02-11T18:10:00.000,I 85,I 85 and Clairmont Rd,,Sideswipe-Same Direction,2,Cloudy,Wet,Dark-Lighted
2020-01-25T21:00:00.000,I 85,I 85 and Clairmont Rd,,Sideswipe-Same Direction,2,Clear,Dry,Dark-Not Lighted
2020-01-09T18:05:00.000,I 85,I 85 and Clairmont Rd,,Rear End,3,Clear,Dry,Dark-Not Lighted
2020-12-04T05:15:00.000,I 85,I 85 and Clairmont Rd,,Rear End,2,Clear,Dry,Dark-Lighted
2020-11-06T18:25:00.000,I 85,I 85 and Clairmont Rd,,Rear End,2,Clear,Dry,Dark-Lighted
2020-08-09T12:18:00.000,I 85,I 85 and Clairmont Rd,,Rear End,2,Cloudy,Dry,Daylight
2020-12-17T16:45:00.000,I 85,I 85 and Clairmont Rd,,Rear End,3,Cloudy,Dry,Daylight
2020-08-19T15:50:00.000,I 85,I 85 and Clairmont Rd,,Rear End,2,Clear,Dry,Daylight
2020-02-16T21:50:00.000,I 85,I 85 and Clairmont Rd,,Sideswipe-Same Direction,2,Clear,Dry,Dark-Lighted
2020-01-06T17:23:00.000,I 85,I 85 and Clairmont Rd,,Rear End,2,Clear,Dry,Daylight
2020-07-06T16:01:00.000,I 85,I 85 and Clairmont Rd,,Rear End,2,Rain,Wet,Daylight
2020-06-10T15:26:00.000,I 85,I 85 and Clairmont Rd,,Sideswipe-Same Direction,2,Cloudy,Wet,Daylight
2020-11-07T18:57:00.000,I 85,I 85 and Clairmont Rd,,Angle Crash,2,Clear,Dry,Dark-Not Lighted
2020-12-21T20:00:00.000,I 85,I 85 and Clairmont Rd,,Sideswipe-Same Direction,2,Clear,Dry,Dark-Lighted
2020-09-12T15:20:00.000,I 85,I 85 and Clairmont Rd,,Not a Collision with Motor Vehicle,2,Clear,Dry,Daylight
2020-05-19T18:40:00.000,I 85,I 85 and Clairmont Rd,,Rear End,2,Clear,Dry,Daylight
2020-03-10T10:43:00.000,I 85,I 85 and Clairmont Rd,,Angle Crash,2,Cloudy,Wet,Daylight
2020-02-12T15:32:00.000,I 85,I 85 and Clairmont Rd,,Sideswipe-Same Direction,2,Cloudy,Dry,Daylight
2020-03-07T16:26:00.000,I 85,I 85 and Clairmont Rd,,Angle Crash,2,Clear,Dry,Daylight
2020-09-11T13:50:00.000,I 85,I 85 and Clairmont Rd,,Sideswipe-Same Direction,2,Cloudy,Dry,Daylight
2020-03-05T07:00:00.000,I 85,I 85 and Clairmont Rd,,Rear End,3,Rain,Wet,Daylight
2020-08-18T17:09:00.000,I 85,I 85 and Clairmont Rd,,Not a Collision with Motor Vehicle,1,Clear,Dry,Daylight
2020-10-11T07:00:00.000,I 85,I 85 and Clairmont Rd,,Sideswipe-Same Direction,2,Cloudy,Wet,Dawn
2020-03-06T17:55:00.000,I 85,I 85 and Clairmont Rd,,Rear End,3,Clear,Dry,Daylight
2020-06-20T11:50:00.000,I 85,I 85 and Clairmont Rd,,Rear End,2,Clear,Dry,Daylight
2020-03-06T17:30:00.000,I 85,I 85 and Clairmont Rd,,Rear End,2,Clear,Dry,Daylight
2020-06-26T11:45:00.000,I 85,I 85 and Clairmont Rd,,Rear End,2,Clear,Dry,Daylight
2020-04-14T14:20:00.000,I 85,I 85 and Clairmont Rd,,Sideswipe-Same Direction,2,Clear,Dry,Daylight
2020-02-20T17:00:00.000,I 85,I 85 and Clairmont Rd,,Rear End,2,Rain,Wet,Daylight
2020-04-20T11:30:00.000,I 85,I 85 and Clairmont Rd,,Angle Crash,2,Cloudy,Wet,Daylight
2020-02-25T03:30:00.000,I 85,I 85 and Clairmont Rd,,Not a Collision with Motor Vehicle,1,Rain,Wet,Dark-Not Lighted
2020-05-19T19:21:00.000,I 85,I 85 and Clairmont Rd,,Sideswipe-Same Direction,2,Clear,Dry,Daylight
2020-08-28T08:50:00.000,I 85,I 85 and Clairmont Rd,,Not a Collision with Motor Vehicle,3,Cloudy,Dry,Daylight
2020-08-14T20:00:00.000,I 85,I 85 and Clairmont Rd,,Rear End,2,Cloudy,Wet,Dark-Lighted
2020-03-10T11:15:00.000,I 85,I 85 and Clairmont Rd,,Sideswipe-Same Direction,2,Clear,Dry,Daylight
2020-11-09T18:00:00.000,I 85,I 85 and Clairmont Rd,,Sideswipe-Same Direction,2,Clear,Dry,Dusk
2020-01-13T07:30:00.000,I 85,I 85 and Clairmont Rd,,Rear End,2,Rain,Wet,Dark-Not Lighted
2020-09-12T11:50:00.000,I 85,I 85 and Clairmont Rd,,Not a Collision with Motor Vehicle,1,Clear,Dry,Daylight
2020-12-21T16:20:00.000,I 85,I 85 and Clairmont Rd,,Rear End,2,Clear,Dry,Daylight
2020-09-06T19:55:00.000,I 85,I 85 and Clairmont Rd,,Not a Collision with Motor Vehicle,1,Clear,Dry,Daylight
2020-08-25T18:35:00.000,I 85,I 85 and Clairmont Rd,,Sideswipe-Same Direction,2,Rain,Wet,Daylight
2020-02-04T19:30:00.000,I 85,I 85 and Clairmont Rd,,Sideswipe-Same Direction,2,Cloudy,Dry,Dark-Lighted
2020-07-09T13:08:00.000,I 85,I 85 and Clairmont Rd,,Rear End,2,Clear,Dry,Daylight
2020-08-22T11:43:00.000,I 85,I 85 and Clairmont Rd,,Sideswipe-Same Direction,3,Clear,Dry,Daylight
2020-07-30T09:42:00.000,I 85,I 85 and Clairmont Rd,,Not a Collision with Motor Vehicle,1,Cloudy,Dry,Daylight
2020-11-24T13:35:00.000,I 85,I 85 and Clairmont Rd,,Rear End,2,Clear,Dry,Daylight
2020-08-23T13:55:00.000,I 85,I 85 and Clairmont Rd,,Rear End,2,Clear,Dry,Daylight
2020-08-19T14:56:00.000,I 85,I 85 and Clairmont Rd,,Not a Collision with Motor Vehicle,1,Clear,Dry,Daylight
2020-08-26T17:43:00.000,I 85,I 85 and Clairmont Rd,,Rear End,2,Cloudy,Dry,Daylight
2020-02-13T18:23:00.000,I 85,I 85 and Clairmont Rd,,Angle Crash,2,Cloudy,Dry,Dark-Lighted
2020-01-04T12:28:00.000,I 85,I 85 and Clairmont Rd,,Rear End,2,Clear,Dry,Daylight
2020-01-07T17:11:00.000,I 85,I 85 and Clairmont Rd,,Rear End,2,Clear,Dry,Daylight
2020-03-05T18:15:00.000,I 85,I 85 and Clairmont Rd,,Rear End,2,Clear,Wet,Dark-Lighted
2020-12-09T11:50:00.000,I 85,I 85 and Clairmont Rd,,Rear End,2,Clear,Dry,Daylight
2020-04-14T16:00:00.000,I 85,I 85 and Clairmont Rd,,Rear End,2,Clear,Other,Daylight
2020-03-06T17:02:00.000,I 85,I 85 and Clairmont Rd,,Sideswipe-Same Direction,2,Clear,Dry,Daylight
2020-03-11T17:54:00.000,I 85,I 85 and Clairmont Rd,,Sideswipe-Same Direction,2,Clear,Dry,Daylight
2020-01-21T19:12:00.000,I 85,I 85 and Clairmont Rd,,Sideswipe-Same Direction,2,Clear,Dry,Dark-Lighted
2020-11-26T20:30:00.000,I 85,I 85 and Clairmont Rd,,Angle Crash,3,Clear,Dry,Dark-Lighted
2020-06-03T18:12:00.000,I 85,I 85 and Clairmont Rd,,Not a Collision with Motor Vehicle,1,Clear,Dry,Daylight
2020-02-22T08:25:00.000,I 85,I 85 and Clairmont Rd,,Rear End,2,Clear,Dry,Daylight
2020-02-26T14:16:00.000,I 85,I 85 and Clairmont Rd,,Sideswipe-Same Direction,2,Cloudy,Dry,Daylight
2020-12-02T18:15:00.000,I 85,I 85 and Clairmont Rd,,Rear End,2,Clear,Dry,Dark-Lighted
2020-06-22T19:00:00.000,I 85,I 85 and Clairmont Rd,,Not a Collision with Motor Vehicle,1,Rain,Wet,Daylight
2020-05-14T15:42:00.000,I 85,I 85 and Clairmont Rd,,Rear End,2,Clear,Dry,Daylight
2020-12-06T22:14:00.000,I 85,I 85 and Clairmont Rd,,Angle Crash,2,Rain,Wet,Dark-Not Lighted
2020-01-24T19:30:00.000,I 85,I 85 and Clairmont Rd,,Rear End,2,Cloudy,Wet,Dark-Not Lighted
2020-09-28T00:02:00.000,I 85,I 85 and Clairmont Rd,,Rear End,2,Clear,Dry,Dark-Not Lighted
2020-11-17T20:30:00.000,I 85,I 85 and Clairmont Rd,,Rear End,2,Clear,Dry,Dark-Lighted
2020-03-10T09:13:00.000,I 85,I 85 and Clairmont Rd,,Rear End,2,Cloudy,Wet,Daylight
2020-10-13T03:00:00.000,I 85,I 85 and Clairmont Rd,,Rear End,2,Rain,Wet,Dark-Lighted
2020-12-31T18:40:00.000,I 85,I 85 and Clairmont Rd,,Rear End,2,Rain,Wet,Dark-Not Lighted
2020-07-17T11:40:00.000,I 85,I 85 and Clairmont Rd,,Sideswipe-Same Direction,2,Clear,Dry,Daylight
2020-12-19T06:40:00.000,I 85,I 85 and Clairmont Rd,,Sideswipe-Same Direction,2,Clear,Dry,Daylight
2020-03-11T15:45:00.000,I 85,I 85 and Clairmont Rd,,Sideswipe-Same Direction,2,Rain,Wet,Daylight
2020-07-09T05:30:00.000,I 85,I 85 and Clairmont Rd,,Rear End,3,Cloudy,Dry,Dark-Lighted
2020-12-02T00:00:00.000,I 85,I 85 and Clairmont Rd,,Sideswipe-Same Direction,2,Cloudy,Dry,Dark-Not Lighted
2020-12-22T18:40:00.000,I 85,I 85 and Clairmont Rd,,Rear End,2,Clear,Dry,Dark-Lighted
2020-03-11T08:15:00.000,I 85,I 85 and Clairmont Rd,,Sideswipe-Same Direction,2,Clear,Dry,Daylight
2021-06-19T11:54:00.000,I 85,I 85 and Clairmont Rd,,Angle Crash,2,Rain,Wet,Daylight
2021-06-20T08:02:00.000,I 85,I 85 and Clairmont Rd,,Angle Crash,2,Rain,Wet,Daylight
2021-06-03T13:30:00.000,I 85,I 85 and Clairmont Rd,,Rear End,2,Clear,Dry,Daylight
2021-04-08T21:40:00.000,I 85,I 85 and Clairmont Rd,,Rear End,3,Clear,Dry,Dark-Not Lighted
2021-01-21T19:11:00.000,I 85,I 85 and Clairmont Rd,,Rear End,2,Cloudy,Wet,Dark-Lighted
2021-06-19T14:55:00.000,I 85,I 85 and Clairmont Rd,,Rear End,2,Rain,Wet,Daylight
2021-06-09T14:00:00.000,I 85,I 85 and Clairmont Rd,,Sideswipe-Same Direction,2,Cloudy,Dry,Daylight
2021-06-12T10:06:00.000,I 85,I 85 and Clairmont Rd,,Rear End,2,Clear,Dry,Daylight
2021-02-22T12:20:00.000,I 85,I 85 and Clairmont Rd,,Sideswipe-Same Direction,2,Cloudy,Wet,Daylight
2021-03-31T13:15:00.000,I 85,I 85 and Clairmont Rd,,Sideswipe-Same Direction,2,Rain,Wet,Daylight
2021-04-14T12:10:00.000,I 85,I 85 and Clairmont Rd,,Sideswipe-Same Direction,2,Clear,Dry,Daylight
2021-05-06T16:42:00.000,I 85,I 85 and Clairmont Rd,,Rear End,2,Clear,Dry,Daylight
2021-04-17T21:35:00.000,I 85,I 85 and Clairmont Rd,,Rear End,2,Clear,Dry,Dark-Lighted
2021-04-17T18:00:00.000,I 85,I 85 and Clairmont Rd,,Not a Collision with Motor Vehicle,1,Clear,Dry,Daylight
2021-06-14T12:30:00.000,I 85,I 85 and Clairmont Rd,,Sideswipe-Same Direction,2,Clear,Dry,Daylight
2021-03-21T01:02:00.000,I 85,I 85 and Clairmont Rd,,Rear End,3,Cloudy,Dry,Dark-Not Lighted
2021-01-21T11:10:00.000,I 85,I 85 and Clairmont Rd,,Not a Collision with Motor Vehicle,1,Rain,Wet,Daylight
2021-02-12T11:22:00.000,I 85,I 85 and Clairmont Rd,,Angle Crash,4,Rain,Wet,Daylight
2021-02-11T07:40:00.000,I 85,I 85 and Clairmont Rd,,Not a Collision with Motor Vehicle,1,Cloudy,Wet,Dark-Lighted
2021-06-09T18:40:00.000,I 85,I 85 and Clairmont Rd,,Rear End,2,Cloudy,Dry,Daylight
2021-03-19T21:25:00.000,I 85,I 85 and Clairmont Rd,,Rear End,2,Clear,Dry,Daylight
2021-03-09T07:50:00.000,I 85,I 85 and Clairmont Rd,,Rear End,2,Clear,Dry,Daylight
2021-03-28T19:30:00.000,I 85,I 85 and Clairmont Rd,,Sideswipe-Same Direction,2,Clear,Dry,Daylight
2021-01-10T01:22:00.000,I 85,I 85 and Clairmont Rd,,Rear End,2,Clear,Dry,Dark-Not Lighted
2021-05-08T07:50:00.000,I 85,I 85 and Clairmont Rd,,Angle Crash,2,Clear,Dry,Daylight
2021-06-11T17:00:00.000,I 85,I 85 and Clairmont Rd,,Sideswipe-Same Direction,2,Clear,Wet,Daylight
2021-06-23T16:40:00.000,I 85,I 85 and Clairmont Rd,,Angle Crash,2,Clear,Dry,Daylight
2021-01-08T17:40:00.000,I 85,I 85 and Clairmont Rd,,Rear End,2,Clear,Dry,Dark-Lighted
2021-03-11T21:15:00.000,I 85,I 85 and Clairmont Rd,,Angle Crash,2,Clear,Dry,Dark-Lighted
2021-01-02T18:00:00.000,I 85,I 85 and Clairmont Rd,,Rear End,3,Clear,Dry,Dark-Not Lighted
2021-02-16T19:00:00.000,I 85,I 85 and Clairmont Rd,,Sideswipe-Same Direction,2,Clear,Dry,Dark-Not Lighted
2021-05-26T08:05:00.000,I 85,I 85 and Clairmont Rd,,Rear End,2,Clear,Dry,Daylight
2021-04-17T14:40:00.000,I 85,I 85 and Clairmont Rd,,Angle Crash,2,Clear,Dry,Daylight
2021-05-31T10:40:00.000,I 85,I 85 and Clairmont Rd,,Not a Collision with Motor Vehicle,1,Clear,Dry,Daylight
2021-01-02T18:01:00.000,I 85,I 85 and Clairmont Rd,,Rear End,2,Clear,Dry,Dark-Not Lighted
2021-04-10T21:10:00.000,I 85,I 85 and Clairmont Rd,,Angle Crash,3,Cloudy,Dry,Dark-Lighted
2021-04-17T20:30:00.000,I 85,I 85 and Clairmont Rd,,Rear End,3,Clear,Dry,Dark-Lighted
2021-03-29T18:23:00.000,I 85,I 85 and Clairmont Rd,,Rear End,2,Clear,Dry,Daylight
2021-03-18T08:35:00.000,I 85,I 85 and Clairmont Rd,,Rear End,2,Rain,Wet,Daylight
2021-07-27T07:45:00.000,I 85,I 85 and Clairmont Rd,,Sideswipe-Same Direction,2,Clear,Dry,Daylight
2021-10-23T00:07:00.000,I 85,I 85 and Clairmont Rd,,Rear End,2,Clear,Dry,Dark-Lighted
2021-09-17T16:45:00.000,I 85,I 85 and Clairmont Rd,,Rear End,3,Clear,Dry,Daylight
2021-09-13T16:51:00.000,I 85,I 85 and Clairmont Rd,,Rear End,2,Clear,Dry,Daylight
2021-08-30T07:44:00.000,I 85,I 85 and Clairmont Rd,,Rear End,2,Clear,Dry,Daylight
2021-09-22T11:15:00.000,I 85,I 85 and Clairmont Rd,,Not a Collision with Motor Vehicle,1,Cloudy,Dry,Daylight
2021-09-19T05:03:00.000,I 85,I 85 and Clairmont Rd,,Not a Collision with Motor Vehicle,1,Clear,Wet,Dark-Not Lighted
2021-12-23T16:54:00.000,I 85,I 85 and Clairmont Rd,,Sideswipe-Same Direction,2,Clear,Dry,Daylight
2021-10-05T19:00:00.000,I 85,I 85 and Clairmont Rd,,Sideswipe-Same Direction,2,Rain,Wet,Dark-Lighted
2021-09-23T19:12:00.000,I 85,I 85 and Clairmont Rd,,Rear End,2,Clear,Dry,Daylight
2021-08-27T16:00:00.000,I 85,I 85 and Clairmont Rd,,Rear End,2,Clear,Dry,Daylight
2021-11-09T16:57:00.000,I 85,I 85 and Clairmont Rd,,Sideswipe-Same Direction,2,Clear,Dry,Daylight
2021-11-03T05:05:00.000,I 85,I 85 and Clairmont Rd,,Angle Crash,2,Clear,Dry,Dark-Not Lighted
2021-07-22T17:00:00.000,I 85,I 85 and Clairmont Rd,,Sideswipe-Same Direction,2,Clear,Dry,Daylight
2021-12-19T00:00:00.000,I 85,I 85 and Clairmont Rd,,Not a Collision with Motor Vehicle,1,Rain,Wet,Dark-Lighted
2021-10-20T08:50:00.000,I 85,I 85 and Clairmont Rd,,Rear End,2,Clear,Dry,Daylight
2021-09-12T16:59:00.000,I 85,I 85 and Clairmont Rd,,Rear End,2,Cloudy,Dry,Dark-Lighted
2021-08-08T19:00:00.000,I 85,I 85 and Clairmont Rd,,Sideswipe-Same Direction,2,Clear,Dry,Dusk
2021-12-16T16:40:00.000,I 85,I 85 and Clairmont Rd,,Sideswipe-Same Direction,2,Clear,Dry,Daylight
2021-07-03T16:38:00.000,I 85,I 85 and Clairmont Rd,,Sideswipe-Same Direction,2,Clear,Dry,Daylight
2021-08-20T03:15:00.000,I 85,I 85 and Clairmont Rd,,Sideswipe-Same Direction,2,Clear,Dry,Dark-Not Lighted
2021-07-06T18:45:00.000,I 85,I 85 and Clairmont Rd,,Rear End,2,Clear,Dry,Daylight
2021-07-11T06:30:00.000,I 85,I 85 and Clairmont Rd,,Sideswipe-Same Direction,2,Clear,Dry,Daylight
2021-08-17T21:45:00.000,I 85,I 85 and Clairmont Rd,,Rear End,2,Clear,Dry,Dark-Not Lighted
2021-09-11T11:33:00.000,I 85,I 85 and Clairmont Rd,,Sideswipe-Same Direction,2,Clear,Dry,Daylight
2021-07-26T19:23:00.000,I 85,I 85 and Clairmont Rd,,Rear End,3,Cloudy,Dry,Daylight
2021-09-04T04:00:00.000,I 85,I 85 and Clairmont Rd,,Rear End,2,Clear,Dry,Dark-Not Lighted
2021-11-13T19:30:00.000,I 85,I 85 and Clairmont Rd,,Sideswipe-Same Direction,2,Clear,Dry,Dark-Not Lighted
2021-12-19T00:00:00.000,I 85,I 85 and Clairmont Rd,,Rear End,2,Rain,Wet,Dark-Lighted
2021-11-18T21:08:00.000,I 85,I 85 and Clairmont Rd,,Rear End,2,Clear,Dry,Dark-Lighted
2021-10-02T08:00:00.000,I 85,I 85 and Clairmont Rd,,Sideswipe-Same Direction,2,Cloudy,Dry,Daylight
2021-09-06T14:20:00.000,I 85,I 85 and Clairmont Rd,,Rear End,2,Clear,Dry,Daylight
2021-09-16T10:04:00.000,I 85,I 85 and Clairmont Rd,,Sideswipe-Same Direction,2,Rain,Wet,Daylight
2021-11-04T01:14:00.000,I 85,I 85 and Clairmont Rd,,Rear End,2,Rain,Wet,Dark-Not Lighted
2021-11-01T15:45:00.000,I 85,I 85 and Clairmont Rd,,Angle Crash,2,Clear,Dry,Daylight
2021-09-17T17:00:00.000,I 85,I 85 and Clairmont Rd,,Rear End,2,Clear,Dry,Daylight
2021-10-15T10:07:00.000,I 85,I 85 and Clairmont Rd,,Angle Crash,2,Clear,Dry,Daylight
2021-09-09T16:40:00.000,I 85,I 85 and Clairmont Rd,,Sideswipe-Same Direction,2,Clear,Dry,Daylight
2021-07-09T16:45:00.000,I 85,I 85 and Clairmont Rd,,Rear End,3,Rain,Wet,Daylight
2021-11-16T19:05:00.000,I 85,I 85 and Clairmont Rd,,Rear End,2,Clear,Dry,Dark-Lighted
2021-10-08T17:10:00.000,I 85,I 85 and Clairmont Rd,,Sideswipe-Same Direction,2,Clear,Dry,Dark-Not Lighted
2021-12-14T15:00:00.000,I 85,I 85 and Clairmont Rd,,Sideswipe-Same Direction,2,Clear,Dry,Daylight
2021-11-24T17:50:00.000,I 85,I 85 and Clairmont Rd,,Rear End,2,Clear,Dry,Daylight
2022-08-29T16:26:00.000,I 85,I 85 and Clairmont Rd,,Rear End,2,Clear,Dry,Daylight
2022-02-09T12:45:00.000,I 85,I 85 and Clairmont Rd,,Not a Collision with Motor Vehicle,2,Clear,Dry,Daylight
2022-04-22T10:46:00.000,I 85,I 85 and Clairmont Rd,,Angle Crash,2,Clear,Dry,Daylight
2022-01-14T07:45:00.000,I 85,I 85 and Clairmont Rd,,Angle Crash,2,Clear,Dry,Daylight
2022-10-11T15:00:00.000,I 85,I 85 and Clairmont Rd,,Angle Crash,2,Clear,Dry,Daylight
2022-08-04T16:45:00.000,I 85,I 85 and Clairmont Rd,,Rear End,2,Clear,Dry,Daylight
2022-05-17T08:23:00.000,I 85,I 85 and Clairmont Rd,,Rear End,2,Clear,Dry,Daylight
2022-09-16T16:33:00.000,I 85,I 85 and Clairmont Rd,,Rear End,2,Clear,Dry,Daylight
2022-04-27T16:30:00.000,I 85,I 85 and Clairmont Rd,,Rear End,2,Clear,Dry,Daylight
2022-09-27T12:20:00.000,I 85,I 85 and Clairmont Rd,,Angle Crash,2,Clear,Dry,Daylight