Date and Time,Roadway (From Crash Report),Intersection Name (from Crash Report),KABCO Severity,Manner of Collision (Crash Level) ,# of Vehicles per crash ,Weather Conditions (Crash Level),Surface Condition (Crash Level) ,Light Conditions (Crash Level)
2022-12-03T19:16:00.000,I 85,I 85 and Clairmont Rd,,Rear End,2,Clear,Wet,Dark-Lighted
2022-01-18T11:54:00.000,I 85,I 85 and Clairmont Rd,,Sideswipe-Same Direction,3,Clear,Dry,Daylight
2022-09-20T05:48:00.000,I 85,I 85 and Clairmont Rd,,Rear End,3,Clear,Dry,Daylight
2021-10-16T10:10:00.000,I 85,I 85 and Clairmont Rd,,Angle Crash,2,Cloudy,Dry,Daylight
2021-09-30T21:10:00.000,I 85,I 85 and Clairmont Rd,,Sideswipe-Same Direction,2,Clear,Dry,Daylight
2021-08-20T12:20:00.000,I 85,I 85 and Clairmont Rd,,Not a Collision with Motor Vehicle,2,Clear,Dry,Daylight
2021-10-15T15:16:00.000,I 85,I 85 and Clairmont Rd,,Angle Crash,2,Clear,Dry,Daylight
2021-12-30T08:25:00.000,I 85,I 85 and Clairmont Rd,,Rear End,2,Rain,Wet,Daylight
2021-09-07T01:00:00.000,I 85,I 85 and Clairmont Rd,,Sideswipe-Same Direction,4,Cloudy,Dry,Dark-Not Lighted
2021-08-08T12:31:00.000,I 85,I 85 and Clairmont Rd,,Rear End,2,Cloudy,Dry,Daylight
2021-09-01T04:05:00.000,I 85,I 85 and Clairmont Rd,,Rear End,2,Clear,Dry,Dark-Lighted
2021-08-30T17:47:00.000,I 85,I 85 and Clairmont Rd,,Rear End,3,Cloudy,Dry,Daylight
2021-07-19T13:36:00.000,I 85,I 85 and Clairmont Rd,,Sideswipe-Same Direction,2,Cloudy,Wet,Daylight
2021-09-11T18:28:00.000,I 85,I 85 and Clairmont Rd,,Rear End,2,Clear,Dry,Daylight
2021-07-29T17:50:00.000,I 85,I 85 and Clairmont Rd,,Sideswipe-Same Direction,2,Clear,Dry,Daylight
2022-11-24T20:02:00.000,I 85,I 85 and Clairmont Rd,,Sideswipe-Same Direction,2,Clear,Dry,Dark-Not Lighted
2022-10-07T11:04:00.000,I 85,I 85 and Clairmont Rd,,Not a Collision with Motor Vehicle,1,Clear,Dry,Daylight
2022-05-16T13:38:00.000,I 85,I 85 and Clairmont Rd,,Angle Crash,2,Clear,Dry,Daylight
2022-02-26T16:51:00.000,I 85,I 85 and Clairmont Rd,,Sideswipe-Same Direction,2,Cloudy,Dry,Daylight
2022-10-05T02:48:00.000,I 85,I 85 and Clairmont Rd,,Not a Collision with Motor Vehicle,1,Clear,Dry,Dark-Not Lighted
2022-09-16T15:25:00.000,I 85,I 85 and Clairmont Rd,,Rear End,2,Clear,Dry,Daylight
2022-06-21T18:00:00.000,I 85,I 85 and Clairmont Rd,,Angle Crash,2,Clear,Dry,Daylight
2022-02-02T21:00:00.000,I 85,I 85 and Clairmont Rd,,Sideswipe-Same Direction,2,Rain,Wet,Dark-Lighted
2022-03-14T13:34:00.000,I 85,I 85 and Clairmont Rd,,Angle Crash,2,Clear,Dry,Daylight
2022-01-07T20:15:00.000,I 85,I 85 and Clairmont Rd,,Sideswipe-Same Direction,2,Clear,Dry,Dark-Lighted
2022-03-01T10:30:00.000,I 85,I 85 and Clairmont Rd,,Not a Collision with Motor Vehicle,2,Clear,Dry,Daylight
2022-03-22T00:00:00.000,I 85,I 85 and Clairmont Rd,,Rear End,2,Clear,Dry,Dawn
2022-06-07T08:07:00.000,I 85,I 85 and Clairmont Rd,,Rear End,2,Cloudy,Dry,Daylight
2022-09-19T15:30:00.000,I 85,I 85 and Clairmont Rd,,Sideswipe-Same Direction,2,Clear,Dry,Daylight
2022-05-10T17:31:00.000,I 85,I 85 and Clairmont Rd,,Sideswipe-Same Direction,2,Clear,Dry,Daylight
2022-04-13T05:50:00.000,I 85,I 85 and Clairmont Rd,,Not a Collision with Motor Vehicle,1,Clear,Dry,Dark-Not Lighted
2022-04-06T13:00:00.000,I 85,I 85 and Clairmont Rd,,Angle Crash,2,Clear,Dry,Daylight
2022-12-06T17:54:00.000,I 85,I 85 and Clairmont Rd,,Sideswipe-Same Direction,3,Clear,Dry,Daylight
2022-05-25T21:05:00.000,I 85,I 85 and Clairmont Rd,,Angle Crash,2,Clear,Wet,Dark-Not Lighted
2022-01-23T19:05:00.000,I 85,I 85 and Clairmont Rd,,Angle Crash,3,Clear,Dry,Dark-Lighted
2022-11-07T08:36:00.000,I 85,I 85 and Clairmont Rd,,Sideswipe-Same Direction,2,Cloudy,Dry,Daylight
2022-04-11T17:50:00.000,I 85,I 85 and Clairmont Rd,,Rear End,3,Cloudy,Dry,Daylight
2022-11-07T16:12:00.000,I 85,I 85 and Clairmont Rd,,Angle Crash,2,Clear,Dry,Daylight
2022-01-18T14:25:00.000,I 85,I 85 and Clairmont Rd,,Angle Crash,4,Clear,Dry,Daylight
2022-02-12T20:23:00.000,I 85,I 85 and Clairmont Rd,,Sideswipe-Same Direction,2,Clear,Dry,Dark-Lighted
2022-10-16T00:26:00.000,I 85,I 85 and Clairmont Rd,,Angle Crash,2,Clear,Dry,Dark-Lighted
2022-05-12T11:05:00.000,I 85,I 85 and Clairmont Rd,,Rear End,2,Clear,Dry,Daylight
2022-01-12T21:30:00.000,I 85,I 85 and Clairmont Rd,,Sideswipe-Same Direction,2,Clear,Dry,Dark-Lighted
2022-12-14T15:35:00.000,I 85,I 85 and Clairmont Rd,,Rear End,2,Rain,Wet,Daylight
2022-05-09T08:41:00.000,I 85,I 85 and Clairmont Rd,,Rear End,2,Clear,Dry,Daylight
2022-04-01T04:35:00.000,I 85,I 85 and Clairmont Rd,,Sideswipe-Same Direction,2,Clear,Dry,Dark-Lighted
2022-08-30T10:40:00.000,I 85,I 85 and Clairmont Rd,,Sideswipe-Same Direction,2,Clear,Dry,Daylight
2022-06-17T21:32:00.000,I 85,I 85 and Clairmont Rd,,Angle Crash,2,Clear,Dry,Dark-Lighted
2022-04-26T22:34:00.000,I 85,I 85 and Clairmont Rd,,Rear End,2,Clear,Dry,Dark-Lighted
2022-02-04T08:46:00.000,I 85,I 85 and Clairmont Rd,,Rear End,2,Rain,Wet,Daylight
2022-01-15T04:49:00.000,I 85,I 85 and Clairmont Rd,,Rear End,2,Clear,Dry,Dark-Not Lighted
2022-06-26T19:50:00.000,I 85,I 85 and Clairmont Rd,,Not a Collision with Motor Vehicle,1,Rain,Wet,Daylight
2022-10-23T19:00:00.000,I 85,I 85 and Clairmont Rd,,Not a Collision with Motor Vehicle,2,Clear,Dry,Dark-Lighted
2022-06-23T15:50:00.000,I 85,I 85 and Clairmont Rd,,Sideswipe-Same Direction,2,Cloudy,Dry,Daylight
2022-10-22T09:25:00.000,I 85,I 85 and Clairmont Rd,,Rear End,2,Clear,Dry,Daylight
2022-11-11T16:30:00.000,I 85,I 85 and Clairmont Rd,,Sideswipe-Same Direction,2,Cloudy,Dry,Daylight
2022-12-28T17:28:00.000,I 85,I 85 and Clairmont Rd,,Sideswipe-Same Direction,2,Clear,Dry,Daylight
2022-09-18T21:30:00.000,I 85,I 85 and Clairmont Rd,,Sideswipe-Same Direction,2,Clear,Dry,Dark-Lighted
2022-11-25T06:48:00.000,I 85,I 85 and Clairmont Rd,,Rear End,2,Cloudy,Wet,Dark-Lighted
2022-03-31T08:36:00.000,I 85,I 85 and Clairmont Rd,,Angle Crash,6,Cloudy,Wet,Daylight
2022-04-12T08:46:00.000,I 85,I 85 and Clairmont Rd,,Rear End,2,Cloudy,Dry,Daylight
2022-11-22T13:17:00.000,I 85,I 85 and Clairmont Rd,,Angle Crash,2,Clear,Dry,Daylight
2022-05-18T21:55:00.000,I 85,I 85 and Clairmont Rd,,Rear End,2,Clear,Dry,Daylight
2022-11-06T01:00:00.000,I 85,I 85 and Clairmont Rd,,Sideswipe-Same Direction,2,Clear,Dry,Dark-Lighted
2022-07-27T23:25:00.000,I 85,I 85 and Clairmont Rd,,Rear End,2,Clear,Dry,Dark-Lighted
2022-08-18T18:18:00.000,I 85,I 85 and Clairmont Rd,,Sideswipe-Same Direction,2,Clear,Dry,Daylight
2022-03-31T08:39:00.000,I 85,I 85 and Clairmont Rd,,Rear End,2,Cloudy,Wet,Daylight
2022-10-27T15:10:00.000,I 85,I 85 and Clairmont Rd,,Rear End,2,Clear,Dry,Daylight
2022-01-01T23:42:00.000,I 85,I 85 and Clairmont Rd,,Angle Crash,2,Clear,Dry,Dark-Lighted
2022-11-29T19:00:00.000,I 85,I 85 and Clairmont Rd,,Sideswipe-Same Direction,2,Clear,Dry,Dark-Lighted
2022-05-11T16:37:00.000,I 85,I 85 and Clairmont Rd,,Sideswipe-Same Direction,2,Clear,Dry,Daylight
2022-10-06T16:30:00.000,I 85,I 85 and Clairmont Rd,,Rear End,2,Clear,Dry,Daylight
2022-04-18T14:50:00.000,I 85,I 85 and Clairmont Rd,,Rear End,2,Clear,Dry,Daylight
2022-04-21T23:20:00.000,I 85,I 85 and Clairmont Rd,,Sideswipe-Same Direction,2,Clear,Dry,Dark-Lighted
2022-11-08T14:16:00.000,I 85,I 85 and Clairmont Rd,,Rear End,2,Clear,Dry,Daylight
2022-05-12T06:00:00.000,I 85,I 85 and Clairmont Rd,,Sideswipe-Same Direction,3,Clear,Dry,Daylight
2022-04-20T09:54:00.000,I 85,I 85 and Clairmont Rd,,Sideswipe-Same Direction,2,Clear,Dry,Daylight
2022-08-15T20:58:00.000,I 85,I 85 and Clairmont Rd,,Sideswipe-Same Direction,2,Rain,Wet,Dark-Not Lighted
2022-01-29T00:07:00.000,I 85,I 85 and Clairmont Rd,,Sideswipe-Same Direction,2,Snow,Snow,Dark-Lighted
2021-10-26T22:35:00.000,I 85,I 85 and Clairmont Rd,,Sideswipe-Same Direction,2,Clear,Dry,Dark-Not Lighted
2021-12-06T16:09:00.000,I 85,I 85 and Clairmont Rd,,Rear End,2,Rain,Wet,Dusk
2021-09-30T08:30:00.000,I 85,I 85 and Clairmont Rd,,Not a Collision with Motor Vehicle,2,Clear,Dry,Daylight
2021-12-22T17:54:00.000,I 85,I 85 and Clairmont Rd,,Rear End,4,Clear,Dry,Dark-Lighted
2021-07-27T15:19:00.000,I 85,I 85 and Clairmont Rd,,Rear End,2,Cloudy,Dry,Daylight
2021-10-19T22:30:00.000,I 85,I 85 and Clairmont Rd,,Rear End,2,Clear,Dry,Dark-Not Lighted
2021-07-15T21:30:00.000,I 85,I 85 and Clairmont Rd,,Rear End,2,Clear,Dry,Dark-Not Lighted
2021-11-24T16:50:00.000,I 85,I 85 and Clairmont Rd,,Rear End,2,Clear,Dry,Daylight
2021-10-11T16:00:00.000,I 85,I 85 and Clairmont Rd,,Angle Crash,2,Clear,Dry,Daylight
2021-07-20T07:30:00.000,I 85,I 85 and Clairmont Rd,,Sideswipe-Same Direction,2,Rain,Wet,Daylight
2021-10-12T08:54:00.000,I 85,I 85 and Clairmont Rd,,Rear End,2,Cloudy,Dry,Daylight
2022-04-05T12:56:00.000,I 85,I 85 and Clairmont Rd,,Not a Collision with Motor Vehicle,1,Rain,Wet,Daylight
2022-04-24T21:26:00.000,I 85,I 85 and Clairmont Rd,,Rear End,2,Clear,Dry,Dark-Lighted
2022-05-11T16:50:00.000,I 85,I 85 and Clairmont Rd,,Not a Collision with Motor Vehicle,1,Clear,Dry,Daylight
2022-08-27T05:01:00.000,I 85,I 85 and Clairmont Rd,,Angle Crash,2,Clear,Dry,Dark-Lighted
2022-06-17T21:20:00.000,I 85,I 85 and Clairmont Rd,,Angle Crash,2,Clear,Dry,Dark-Lighted
2022-11-13T11:36:00.000,I 85,I 85 and Clairmont Rd,,Angle Crash,2,Clear,Dry,Daylight
2022-05-28T13:00:00.000,I 85,I 85 and Clairmont Rd,,Rear End,2,Clear,Dry,Daylight
2022-03-07T08:35:00.000,I 85,I 85 and Clairmont Rd,,Rear End,2,Clear,Dry,Daylight
2022-09-17T14:15:00.000,I 85,I 85 and Clairmont Rd,,Sideswipe-Same Direction,2,Cloudy,Dry,Daylight
2022-01-01T05:00:00.000,I 85,I 85 and Clairmont Rd,,Sideswipe-Same Direction,2,Clear,Dry,Dark-Not Lighted
2022-11-09T17:57:00.000,I 85,I 85 and Clairmont Rd,,Rear End,2,Clear,Dry,Dark-Lighted
2022-10-20T17:17:00.000,I 85,I 85 and Clairmont Rd,,Sideswipe-Same Direction,2,Clear,Dry,Daylight
2022-02-20T15:08:00.000,I 85,I 85 and Clairmont Rd,,Sideswipe-Same Direction,2,Clear,Dry,Daylight
2022-10-01T15:20:00.000,I 85,I 85 and Clairmont Rd,,Rear End,2,Clear,Dry,Daylight
2022-10-26T06:58:00.000,I 85,I 85 and Clairmont Rd,,Rear End,2,Clear,Dry,Dawn
2022-08-08T21:50:00.000,I 85,I 85 and Clairmont Rd,,Rear End,2,Clear,Dry,Dark-Not Lighted
2022-12-07T12:38:00.000,I 85,I 85 and Clairmont Rd,,Not a Collision with Motor Vehicle,2,Cloudy,Wet,Daylight
2022-08-24T04:49:00.000,I 85,I 85 and Clairmont Rd,,Not a Collision with Motor Vehicle,1,Clear,Dry,Dark-Not Lighted
2022-10-15T22:15:00.000,I 85,I 85 and Clairmont Rd,,Not a Collision with Motor Vehicle,5,Clear,Dry,Dark-Not Lighted
2022-03-06T17:05:00.000,I 85,I 85 and Clairmont Rd,,Rear End,2,Cloudy,Dry,Daylight
2022-11-26T16:00:00.000,I 85,I 85 and Clairmont Rd,,Rear End,2,Cloudy,Dry,Daylight
2022-10-12T16:40:00.000,I 85,I 85 and Clairmont Rd,,Sideswipe-Same Direction,2,Rain,Wet,Daylight
2022-10-26T15:40:00.000,I 85,I 85 and Clairmont Rd,,Sideswipe-Same Direction,2,Clear,Dry,Daylight
2022-09-29T15:46:00.000,I 85,I 85 and Clairmont Rd,,Rear End,3,Clear,Dry,Daylight
2022-06-01T12:33:00.000,I 85,I 85 and Clairmont Rd,,Sideswipe-Same Direction,3,Clear,Dry,Daylight
2022-09-23T16:10:00.000,I 85,I 85 and Clairmont Rd,,Rear End,2,Clear,Dry,Daylight
2022-12-28T08:25:00.000,I 85,I 85 and Clairmont Rd,,Sideswipe-Same Direction,2,Clear,Dry,Daylight
2022-11-30T13:11:00.000,I 85,I 85 and Clairmont Rd,,Rear End,4,Cloudy,Wet,Daylight
2022-05-07T02:07:00.000,I 85,I 85 and Clairmont Rd,,Head On,3,Clear,Dry,Dark-Lighted
2022-11-18T21:35:00.000,I 85,I 85 and Clairmont Rd,,Sideswipe-Same Direction,2,Clear,Dry,Dark-Lighted
2022-09-20T05:48:00.000,I 85,I 85 and Clairmont Rd,,Rear End,2,Clear,Dry,Dark-Not Lighted
2022-12-22T12:40:00.000,I 85,I 85 and Clairmont Rd,,Angle Crash,2,Cloudy,Dry,Daylight
2022-07-26T22:34:00.000,I 85,I 85 and Clairmont Rd,,Sideswipe-Same Direction,5,Clear,Dry,Dark-Not Lighted
2022-03-14T15:45:00.000,I 85,I 85 and Clairmont Rd,,Rear End,2,Clear,Dry,Daylight
2022-02-08T08:31:00.000,I 85,I 85 and Clairmont Rd,,Rear End,2,Clear,Dry,Daylight
2022-12-18T03:05:00.000,I 85,I 85 and Clairmont Rd,,Sideswipe-Same Direction,2,Clear,Dry,Dark-Lighted
2022-01-10T18:00:00.000,I 85,I 85 and Clairmont Rd,,Rear End,2,Clear,Dry,Daylight
2022-07-12T14:00:00.000,I 85,I 85 and Clairmont Rd,,Not a Collision with Motor Vehicle,2,Cloudy,Dry,Daylight
2022-06-10T11:51:00.000,I 85,I 85 and Clairmont Rd,,Angle Crash,2,Clear,Dry,Daylight
2022-07-19T14:41:00.000,I 85,I 85 and Clairmont Rd,,Rear End,2,Cloudy,Wet,Daylight
2022-11-29T09:08:00.000,I 85,I 85 and Clairmont Rd,,Rear End,2,Clear,Dry,Daylight
2022-09-17T20:18:00.000,I 85,I 85 and Clairmont Rd,,Rear End,2,Clear,Dry,Daylight
2022-01-23T17:26:00.000,I 85,I 85 and Clairmont Rd,,Rear End,3,Clear,Dry,Dark-Lighted
2022-10-06T16:30:00.000,I 85,I 85 and Clairmont Rd,,Rear End,2,Clear,Dry,Daylight
2022-08-06T17:20:00.000,I 85,I 85 and Clairmont Rd,,Sideswipe-Same Direction,2,Clear,Dry,Daylight
2022-04-21T10:23:00.000,I 85,I 85 and Clairmont Rd,,Angle Crash,2,Clear,Dry,Daylight
2022-01-02T21:00:00.000,I 85,I 85 and Clairmont Rd,,Sideswipe-Same Direction,2,Clear,Dry,Dark-Not Lighted
2022-10-02T17:20:00.000,I 85,I 85 and Clairmont Rd,,Rear End,2,Clear,Dry,Daylight
2022-10-04T14:43:00.000,I 85,I 85 and Clairmont Rd,,Sideswipe-Same Direction,2,Clear,Dry,Daylight
2022-05-07T02:07:00.000,I 85,I 85 and Clairmont Rd,,Rear End,2,Clear,Dry,Dark-Not Lighted
2022-01-15T21:41:00.000,I 85,I 85 and Clairmont Rd,,Sideswipe-Same Direction,3,Clear,Dry,Dark-Lighted
2022-08-24T13:51:00.000,I 85,I 85 and Clairmont Rd,,Rear End,2,Cloudy,Dry,Daylight
2022-10-23T19:00:00.000,I 85,I 85 and Clairmont Rd,,Not a Collision with Motor Vehicle,2,Clear,Dry,Dark-Lighted
2022-11-23T16:50:00.000,I 85,I 85 and Clairmont Rd,,Sideswipe-Same Direction,2,Clear,Dry,Daylight
2022-09-15T17:02:00.000,I 85,I 85 and Clairmont Rd,,Sideswipe-Same Direction,2,Cloudy,Dry,Daylight
2022-10-20T05:40:00.000,I 85,I 85 and Clairmont Rd,,Rear End,2,Clear,Dry,Dark-Not Lighted
2022-10-13T07:48:00.000,I 85,I 85 and Clairmont Rd,,Rear End,4,Cloudy,Wet,Daylight
2022-01-19T17:00:00.000,I 85,I 85 and Clairmont Rd,,Rear End,2,Clear,Dry,Daylight
2022-10-10T17:49:00.000,I 85,I 85 and Clairmont Rd,,Sideswipe-Same Direction,2,Clear,Dry,Daylight
2022-04-10T19:25:00.000,I 85,I 85 and Clairmont Rd,,Sideswipe-Same Direction,2,Clear,Dry,Daylight
2022-08-12T18:13:00.000,I 85,I 85 and Clairmont Rd,,Angle Crash,2,Clear,Dry,Daylight
2022-11-30T17:25:00.000,I 85,I 85 and Clairmont Rd,,Rear End,2,Clear,Dry,Dusk
2022-09-15T10:42:00.000,I 85,I 85 and Clairmont Rd,,Rear End,2,Clear,Dry,Daylight
2022-04-07T08:24:00.000,I 85,I 85 and Clairmont Rd,,Rear End,2,Clear,Dry,Daylight
2022-06-16T19:09:00.000,I 85,I 85 and Clairmont Rd,,Rear End,2,Clear,Dry,Daylight
2022-05-27T21:40:00.000,I 85,I 85 and Clairmont Rd,,Sideswipe-Same Direction,2,Clear,Dry,Dark-Not Lighted
2022-11-25T20:00:00.000,I 85,I 85 and Clairmont Rd,,Sideswipe-Same Direction,2,Clear,Dry,Dark-Lighted
2022-02-24T15:41:00.000,I 85,I 85 and Clairmont Rd,,Sideswipe-Same Direction,2,Clear,Dry,Daylight
2022-05-12T14:45:00.000,I 85,I 85 and Clairmont Rd,,Rear End,2,Clear,Dry,Daylight
2022-10-01T20:10:00.000,I 85,I 85 and Clairmont Rd,,Not a Collision with Motor Vehicle,1,Clear,Dry,Dark-Not Lighted
2022-09-22T14:30:00.000,I 85,I 85 and Clairmont Rd,,Sideswipe-Same Direction,2,Clear,Dry,Daylight
2022-07-20T20:40:00.000,I 85,I 85 and Clairmont Rd,,Rear End,2,Clear,Dry,Dark-Lighted
2022-09-05T15:54:00.000,I 85,I 85 and Clairmont Rd,,Rear End,2,Cloudy,Dry,Daylight
2022-03-21T11:36:00.000,I 85,I 85 and Clairmont Rd,,Rear End,2,Clear,Dry,Daylight
2022-11-15T06:33:00.000,I 85,I 85 and Clairmont Rd,,Sideswipe-Same Direction,2,Rain,Wet,Dark-Not Lighted
2022-02-05T16:52:00.000,I 85,I 85 and Clairmont Rd,,Rear End,2,Clear,Dry,Daylight
2022-08-11T14:45:00.000,I 85,I 85 and Clairmont Rd,,Rear End,2,Clear,Dry,Daylight
2022-09-09T15:06:00.000,I 85,I 85 and Clairmont Rd,,Angle Crash,2,Cloudy,Dry,Daylight
2022-10-05T17:38:00.000,I 85,I 85 and Clairmont Rd,,Rear End,2,Clear,Dry,Daylight
2022-08-08T15:50:00.000,I 85,I 85 and Clairmont Rd,,Sideswipe-Same Direction,2,Clear,Dry,Daylight
2022-01-19T17:07:00.000,I 85,I 85 and Clairmont Rd,,Rear End,2,Clear,Dry,Daylight
2022-04-16T13:10:00.000,I 85,I 85 and Clairmont Rd,,Rear End,2,Clear,Dry,Daylight
2022-06-09T22:03:00.000,I 85,I 85 and Clairmont Rd,,Angle Crash,2,Clear,Dry,Dark-Lighted
2022-01-25T11:50:00.000,I 85,I 85 and Clairmont Rd,,Rear End,2,Clear,Dry,Daylight
2022-06-03T16:30:00.000,I 85,I 85 and Clairmont Rd,,Sideswipe-Same Direction,2,Clear,Dry,Daylight
2022-03-10T08:02:00.000,I 85,I 85 and Clairmont Rd,,Angle Crash,2,Clear,Dry,Daylight
2022-07-08T13:19:00.000,I 85,I 85 and Clairmont Rd,,Not a Collision with Motor Vehicle,3,Clear,Dry,Daylight
2022-11-22T14:39:00.000,I 85,I 85 and Clairmont Rd,,Rear End,2,Clear,Dry,Daylight
2022-09-27T16:30:00.000,I 85,I 85 and Clairmont Rd,,Sideswipe-Same Direction,2,Clear,Dry,Daylight
2022-09-17T14:28:00.000,I 85,I 85 and Clairmont Rd,,Angle Crash,2,Clear,Dry,Daylight
2022-10-23T19:00:00.000,I 85,I 85 and Clairmont Rd,,Not a Collision with Motor Vehicle,2,Clear,Dry,Dark-Lighted
2022-10-23T19:00:00.000,I 85,I 85 and Clairmont Rd,,Not a Collision with Motor Vehicle,2,Clear,Dry,Dark-Lighted
2022-02-04T11:51:00.000,I 85,I 85 and Clairmont Rd,,Not a Collision with Motor Vehicle,1,Cloudy,Wet,Daylight
2022-07-19T18:49:00.000,I 85,I 85 and Clairmont Rd,,Not a Collision with Motor Vehicle,2,Cloudy,Wet,Daylight
2022-07-27T12:19:00.000,I 85,I 85 and Clairmont Rd,,Angle Crash,2,Cloudy,Dry,Daylight
2022-07-20T18:00:00.000,I 85,I 85 and Clairmont Rd,,Angle Crash,2,Clear,Dry,Daylight
2022-03-24T22:10:00.000,I 85,I 85 and Clairmont Rd,,Rear End,3,Clear,Dry,Dark-Lighted
2022-02-28T18:00:00.000,I 85,I 85 and Clairmont Rd,,Sideswipe-Same Direction,2,Clear,Dry,Daylight
2022-07-22T14:27:00.000,I 85,I 85 and Clairmont Rd,,Angle Crash,2,Clear,Dry,Daylight
2022-04-28T08:55:00.000,I 85,I 85 and Clairmont Rd,,Rear End,2,Clear,Dry,Daylight
2022-09-14T21:56:00.000,I 85,I 85 and Clairmont Rd,,Sideswipe-Same Direction,2,Clear,Dry,Dark-Not Lighted
2022-09-08T08:20:00.000,I 85,I 85 and Clairmont Rd,,Rear End,2,Clear,Dry,Daylight
2022-03-16T19:00:00.000,I 85,I 85 and Clairmont Rd,,Not a Collision with Motor Vehicle,1,Rain,Wet,Daylight
2022-08-13T10:00:00.000,I 85,I 85 and Clairmont Rd,,Rear End,2,Clear,Dry,Daylight
2022-05-20T00:45:00.000,I 85,I 85 and Clairmont Rd,,Rear End,2,Clear,Dry,Dark-Lighted
2022-06-13T06:18:00.000,I 85,I 85 and Clairmont Rd,,Sideswipe-Same Direction,2,Clear,Dry,Daylight
2022-09-03T23:37:00.000,I 85,I 85 and Clairmont Rd,,Angle Crash,2,Clear,Dry,Dark-Lighted
2022-08-25T18:08:00.000,I 85,I 85 and Clairmont Rd,,Sideswipe-Same Direction,2,Cloudy,Dry,Daylight
2022-01-17T17:03:00.000,I 85,I 85 and Clairmont Rd,,Rear End,2,Clear,Dry,Daylight
2022-05-12T18:35:00.000,I 85,I 85 and Clairmont Rd,,Rear End,2,Clear,Dry,Daylight
2022-05-09T10:39:00.000,I 85,I 85 and Clairmont Rd,,Rear End,3,Clear,Dry,Daylight
2022-02-10T16:55:00.000,I 85,I 85 and Clairmont Rd,,Sideswipe-Same Direction,2,Clear,Dry,Daylight
2022-05-17T07:47:00.000,I 85,I 85 and Clairmont Rd,,Rear End,2,Clear,Dry,Daylight
2022-08-22T16:08:00.000,I 85,I 85 and Clairmont Rd,,Angle Crash,2,Cloudy,Dry,Daylight
2022-12-08T09:04:00.000,I 85,I 85 and Clairmont Rd,,Sideswipe-Same Direction,2,Cloudy,Wet,Daylight
2022-11-29T13:04:00.000,I 85,I 85 and Clairmont Rd,,Not a Collision with Motor Vehicle,1,Clear,Dry,Daylight
2022-06-10T12:40:00.000,I 85,I 85 and Clairmont Rd,,Sideswipe-Same Direction,2,Clear,Dry,Daylight
2022-10-22T17:50:00.000,I 85,I 85 and Clairmont Rd,,Rear End,2,Clear,Dry,Daylight
2022-03-15T09:44:00.000,I 85,I 85 and Clairmont Rd,,Angle Crash,2,Clear,Dry,Daylight
2022-12-21T19:47:00.000,I 85,I 85 and Clairmont Rd,,Angle Crash,2,Clear,Dry,Dark-Lighted
2022-11-09T08:48:00.000,I 85,I 85 and Clairmont Rd,,Rear End,2,Clear,Dry,Daylight
2022-08-28T00:00:00.000,I 85,I 85 and Clairmont Rd,,Sideswipe-Same Direction,2,Rain,Wet,Dark-Lighted
2022-04-22T23:53:00.000,I 85,I 85 and Clairmont Rd,,Rear End,2,Clear,Dry,Dark-Lighted
2022-09-25T23:00:00.000,I 85,I 85 and Clairmont Rd,,Angle Crash,2,Clear,Dry,Dark-Lighted
2022-09-22T17:43:00.000,I 85,I 85 and Clairmont Rd,,Angle Crash,2,Cloudy,Dry,Daylight
2022-11-18T15:05:00.000,I 85,I 85 and Clairmont Rd,,Not a Collision with Motor Vehicle,2,Clear,Dry,Daylight
2022-10-06T18:30:00.000,I 85,I 85 and Clairmont Rd,,Sideswipe-Same Direction,2,Clear,Dry,Daylight
2022-02-04T17:30:00.000,I 85,I 85 and Clairmont Rd,,Sideswipe-Same Direction,2,Clear,Dry,Daylight
2022-02-03T06:35:00.000,I 85,I 85 and Clairmont Rd,,Sideswipe-Same Direction,2,Rain,Wet,Dawn
2022-05-11T16:40:00.000,I 85,I 85 and Clairmont Rd,,Angle Crash,2,Clear,Dry,Daylight
2023-09-10T08:00:00.000,I 85,I 85 and Clairmont Rd,,Angle Crash,2,Clear,Dry,Daylight
2023-11-13T05:53:00.000,I 85,I 85 and Clairmont Rd,,Angle Crash,2,Clear,Dry,Dark-Lighted
2023-09-03T06:09:00.000,I 85,I 85 and Clairmont Rd,,Not a Collision with Motor Vehicle,1,Clear,Dry,Dark-Not Lighted
2023-07-18T21:52:00.000,I 85,I 85 and Clairmont Rd,,Rear End,2,Cloudy,Dry,Dark-Lighted
2023-08-30T20:11:00.000,I 85,I 85 and Clairmont Rd,,Not a Collision with Motor Vehicle,1,Rain,Wet,Dark-Lighted
2023-01-12T09:50:00.000,I 85,I 85 and Clairmont Rd,,Sideswipe-Same Direction,2,Cloudy,Dry,Daylight
2023-11-07T18:40:00.000,I 85,I 85 and Clairmont Rd,,Sideswipe-Same Direction,2,Clear,Dry,Daylight
2023-12-03T19:50:00.000,I 85,I 85 and Clairmont Rd,,Rear End,2,Clear,Dry,Dark-Lighted
2023-10-22T17:40:00.000,I 85,I 85 and Clairmont Rd,,Rear End,2,Clear,Dry,Daylight
2023-11-22T06:18:00.000,I 85,I 85 and Clairmont Rd,,Sideswipe-Same Direction,2,Cloudy,Wet,Dark-Not Lighted
2024-10-05T13:20:00.000,I 85,I 85 and Clairmont Rd,,Sideswipe-Same Direction,2,Clear,Dry,Daylight
2024-10-28T08:00:00.000,I 85,I 85 and Clairmont Rd,,Angle Crash,2,Cloudy,Dry,Daylight
2024-06-27T09:40:00.000,I 85,I 85 and Clairmont Rd,,Rear End,2,Clear,Dry,Daylight