Date and Time,Roadway (From Crash Report),Intersection Name (from Crash Report),KABCO Severity,Manner of Collision (Crash Level) ,# of Vehicles per crash ,Weather Conditions (Crash Level),Surface Condition (Crash Level) ,Light Conditions (Crash Level)
2024-09-05T19:19:00.000,I 85,I 85 and Clairmont Rd,,Not a Collision with Motor Vehicle,3,Clear,Dry,Daylight
2024-12-28T04:40:00.000,I 85,I 85 and Clairmont Rd,,Sideswipe-Same Direction,2,Rain,Wet,Dark-Lighted
2024-04-02T23:40:00.000,I 85,I 85 and Clairmont Rd,,Not a Collision with Motor Vehicle,1,Rain,Wet,Dark-Lighted
2024-11-19T19:25:00.000,I 85,I 85 and Clairmont Rd,,Rear End,2,Rain,Wet,Dark-Lighted
2024-01-06T04:40:00.000,I 85,I 85 and Clairmont Rd,,Rear End,2,Rain,Wet,Dark-Lighted
2024-05-16T17:15:00.000,I 85,I 85 and Clairmont Rd,,Angle Crash,2,Clear,Dry,Daylight
2020-02-07T19:15:00.000,I 85,I 85 and Clairmont,,Rear End,2,Clear,Dry,Dark-Lighted
2020-02-10T18:30:00.000,I 85,I 85 and Clairmont,,Rear End,2,Rain,Wet,Dark-Lighted
2020-03-09T20:06:00.000,I 85,I 85 and Clairmont,,Rear End,3,Clear,Dry,Dark-Lighted
2022-03-18T08:17:00.000,I 85,I 85 and Clairmont,,Sideswipe-Same Direction,2,Cloudy,Dry,Daylight
2021-01-31T17:36:00.000,I 85,I 85 and Clairmon Rdt,,Sideswipe-Same Direction,3,Cloudy,Dry,Dark-Lighted
2022-12-27T20:27:00.000,I 85,I 85 and Claimront Rd,,Angle Crash,2,Cloudy,Dry,Dark-Lighted
2020-10-22T19:09:00.000,I 85,I 85 and Chestnut Dr,,Sideswipe-Same Direction,2,Cloudy,Dry,Dark-Lighted
2020-10-22T19:09:00.000,I 85,I 85 and Chestnut Dr,,Sideswipe-Same Direction,2,Cloudy,Dry,Dark-Lighted
2022-11-17T08:08:00.000,I 85,I 85 and Chestnut Dr,,Sideswipe-Same Direction,2,Clear,Dry,Daylight
2022-07-06T09:44:00.000,I 85,I 85 and Chestnut Dr,,Not a Collision with Motor Vehicle,1,Clear,Dry,Daylight
2022-07-21T14:17:00.000,I 85,I 85 and Chestnut Dr,,Angle Crash,2,Clear,Dry,Daylight
2024-11-05T06:36:00.000,I 85,I 85 and Chestnut Dr,,Sideswipe-Same Direction,2,Cloudy,Dry,Daylight
2023-05-09T12:30:00.000,I 85,I 85 and Chesire Bridge Rd,,Rear End,2,Clear,Dry,Daylight
2022-06-16T17:56:00.000,I 85,I 85 and Chesire Bridge Rd,,Sideswipe-Same Direction,2,Cloudy,Dry,Daylight
2022-09-22T17:32:00.000,I 85,I 85 and Chesire Bridge Rd,,Sideswipe-Same Direction,2,Clear,Dry,Daylight
2023-06-07T16:30:00.000,I 85,I 85 and Chesire Bridge Rd,,Rear End,2,Clear,Dry,Daylight
2024-04-13T00:16:00.000,I 85,I 85 and Chesire Bridge Rd,,Sideswipe-Same Direction,2,Clear,Dry,Dark-Not Lighted
2024-04-13T00:16:00.000,I 85,I 85 and Chesire Bridge Rd,,Sideswipe-Same Direction,2,Clear,Dry,Dark-Not Lighted
2023-05-18T08:20:00.000,I 85,I 85 and Cheshire Nridge Rd,,Sideswipe-Same Direction,2,Cloudy,Dry,Daylight
2023-09-07T07:30:00.000,I 85,I 85 and Cheshire Brige Rd,,Rear End,2,Clear,Dry,Daylight
2021-03-12T23:19:00.000,I 85,I 85 and Cheshire Bridge Rd,,Sideswipe-Same Direction,2,Clear,Dry,Dark-Lighted
2021-02-17T08:56:00.000,I 85,I 85 and Cheshire Bridge Rd,,Rear End,2,Clear,Ice/Frost,Daylight
2021-07-28T18:20:00.000,I 85,I 85 and Cheshire Bridge Rd,,Sideswipe-Same Direction,2,Cloudy,Dry,Daylight
2021-10-08T16:20:00.000,I 85,I 85 and Cheshire Bridge Rd,,Rear End,2,Clear,Dry,Daylight
2021-12-03T18:00:00.000,I 85,I 85 and Cheshire Bridge Rd,,Sideswipe-Same Direction,5,Clear,Dry,Dark-Not Lighted
2021-04-03T02:41:00.000,I 85,I 85 and Cheshire Bridge Rd,,Sideswipe-Same Direction,2,Clear,Dry,Dark-Lighted
2021-05-03T09:43:00.000,I 85,I 85 and Cheshire Bridge Rd,,Sideswipe-Same Direction,2,Rain,Wet,Daylight
2021-08-20T19:45:00.000,I 85,I 85 and Cheshire Bridge Rd,,Rear End,2,Clear,Dry,Daylight
2021-08-18T13:50:00.000,I 85,I 85 and Cheshire Bridge Rd,,Rear End,3,Clear,Dry,Daylight
2021-11-23T09:02:00.000,I 85,I 85 and Cheshire Bridge Rd,,Sideswipe-Same Direction,2,Clear,Dry,Daylight
2021-12-29T16:05:00.000,I 85,I 85 and Cheshire Bridge Rd,,Rear End,2,Clear,Wet,Daylight
2021-12-02T09:09:00.000,I 85,I 85 and Cheshire Bridge Rd,,Rear End,2,Clear,Dry,Daylight
2021-11-23T17:45:00.000,I 85,I 85 and Cheshire Bridge Rd,,Sideswipe-Same Direction,2,Clear,Dry,Dusk
2021-09-10T19:19:00.000,I 85,I 85 and Cheshire Bridge Rd,,Sideswipe-Same Direction,2,Cloudy,Dry,Daylight
2021-11-23T17:45:00.000,I 85,I 85 and Cheshire Bridge Rd,,Sideswipe-Same Direction,2,Clear,Dry,Daylight
2023-12-11T06:50:00.000,I 85,I 85 and Cheshire Bridge Rd,,Rear End,2,Clear,Wet,Daylight
2023-06-05T18:30:00.000,I 85,I 85 and Cheshire Bridge Rd,,Sideswipe-Same Direction,2,Clear,Dry,Daylight
2023-02-24T19:01:00.000,I 85,I 85 and Cheshire Bridge Rd,,Sideswipe-Same Direction,2,Rain,Wet,Dark-Not Lighted
2023-07-28T10:40:00.000,I 85,I 85 and Cheshire Bridge Rd,,Rear End,3,Clear,Dry,Daylight
2023-08-11T10:52:00.000,I 85,I 85 and Cheshire Bridge Rd,,Rear End,3,Cloudy,Wet,Daylight
2023-08-08T17:20:00.000,I 85,I 85 and Cheshire Bridge Rd,,Angle Crash,2,Cloudy,Wet,Daylight
2022-04-21T15:57:00.000,I 85,I 85 and Cheshire Bridge Rd,,Sideswipe-Same Direction,2,Clear,Dry,Daylight
2022-11-07T08:01:00.000,I 85,I 85 and Cheshire Bridge Rd,,Sideswipe-Same Direction,2,Cloudy,Dry,Daylight
2020-11-01T05:04:00.000,I 85,I 85 and Cheshire Bridge Rd,,Not a Collision with Motor Vehicle,1,Rain,Wet,Dawn
2020-02-14T19:00:00.000,I 85,I 85 and Cheshire Bridge Rd,,Sideswipe-Same Direction,2,Clear,Dry,Dark-Lighted
2020-01-31T15:59:00.000,I 85,I 85 and Cheshire Bridge Rd,,Sideswipe-Same Direction,2,Cloudy,Wet,Daylight
2020-09-27T13:25:00.000,I 85,I 85 and Cheshire Bridge Rd,,Sideswipe-Same Direction,2,Clear,Dry,Daylight
2020-08-14T00:45:00.000,I 85,I 85 and Cheshire Bridge Rd,,Sideswipe-Same Direction,2,Cloudy,Dry,Dark-Lighted
2020-02-28T07:50:00.000,I 85,I 85 and Cheshire Bridge Rd,,Rear End,2,Clear,Dry,Daylight
2020-01-08T07:50:00.000,I 85,I 85 and Cheshire Bridge Rd,,Sideswipe-Same Direction,2,Clear,Dry,Daylight
2020-10-27T16:00:00.000,I 85,I 85 and Cheshire Bridge Rd,,Rear End,3,Clear,Dry,Daylight
2020-10-28T07:45:00.000,I 85,I 85 and Cheshire Bridge Rd,,Rear End,2,Rain,Wet,Dark-Not Lighted
2020-07-07T11:40:00.000,I 85,I 85 and Cheshire Bridge Rd,,Sideswipe-Same Direction,2,Rain,Wet,Daylight
2020-02-11T08:55:00.000,I 85,I 85 and Cheshire Bridge Rd,,Rear End,2,Rain,Wet,Daylight
2021-05-27T15:15:00.000,I 85,I 85 and Cheshire Bridge Rd,,Sideswipe-Same Direction,2,Clear,Dry,Daylight
2021-02-15T02:42:00.000,I 85,I 85 and Cheshire Bridge Rd,,Not a Collision with Motor Vehicle,1,Rain,Wet,Dark-Not Lighted
2021-12-20T18:35:00.000,I 85,I 85 and Cheshire Bridge Rd,,Rear End,2,Cloudy,Dry,Dark-Not Lighted
2022-10-31T10:50:00.000,I 85,I 85 and Cheshire Bridge Rd,,Rear End,2,Cloudy,Dry,Daylight
2022-10-14T12:12:00.000,I 85,I 85 and Cheshire Bridge Rd,,Not a Collision with Motor Vehicle,2,Clear,Dry,Daylight
2022-07-26T17:00:00.000,I 85,I 85 and Cheshire Bridge Rd,,Rear End,3,Clear,Dry,Daylight
2022-07-19T08:45:00.000,I 85,I 85 and Cheshire Bridge Rd,,Rear End,2,Rain,Wet,Daylight
2022-12-13T09:38:00.000,I 85,I 85 and Cheshire Bridge Rd,,Rear End,2,Clear,Dry,Daylight
2021-09-02T17:00:00.000,I 85,I 85 and Cheshire Bridge Rd,,Sideswipe-Same Direction,2,Clear,Dry,Daylight
2022-03-07T17:00:00.000,I 85,I 85 and Cheshire Bridge Rd,,Rear End,2,Rain,Wet,Daylight
2022-04-11T08:40:00.000,I 85,I 85 and Cheshire Bridge Rd,,Rear End,3,Clear,Dry,Daylight
2022-03-04T19:00:00.000,I 85,I 85 and Cheshire Bridge Rd,,Sideswipe-Same Direction,2,Clear,Dry,Dark-Lighted
2021-12-20T18:37:00.000,I 85,I 85 and Cheshire Bridge Rd,,Rear End,2,Cloudy,Dry,Dark-Not Lighted
2022-02-24T18:05:00.000,I 85,I 85 and Cheshire Bridge Rd,,Rear End,2,Clear,Dry,Daylight
2022-03-25T17:22:00.000,I 85,I 85 and Cheshire Bridge Rd,,Rear End,3,Clear,Dry,Daylight
2022-02-07T08:15:00.000,I 85,I 85 and Cheshire Bridge Rd,,Sideswipe-Same Direction,2,Clear,Dry,Daylight
2022-07-11T17:18:00.000,I 85,I 85 and Cheshire Bridge Rd,,Sideswipe-Same Direction,2,Cloudy,Dry,Daylight
2022-09-29T17:44:00.000,I 85,I 85 and Cheshire Bridge Rd,,Rear End,2,Clear,Dry,Daylight
2022-04-21T18:10:00.000,I 85,I 85 and Cheshire Bridge Rd,,Rear End,2,Clear,Dry,Daylight
2022-01-22T14:53:00.000,I 85,I 85 and Cheshire Bridge Rd,,Rear End,2,Clear,Dry,Daylight
2022-05-27T17:45:00.000,I 85,I 85 and Cheshire Bridge Rd,,Rear End,2,Clear,Dry,Daylight
2022-02-11T08:02:00.000,I 85,I 85 and Cheshire Bridge Rd,,Rear End,2,Clear,Dry,Daylight
2022-02-04T07:20:00.000,I 85,I 85 and Cheshire Bridge Rd,,Rear End,2,Rain,Wet,Daylight
2022-08-11T19:15:00.000,I 85,I 85 and Cheshire Bridge Rd,,Sideswipe-Same Direction,2,Clear,Dry,Daylight
2023-01-05T00:00:00.000,I 85,I 85 and Cheshire Bridge Rd,,Rear End,2,Clear,Dry,Daylight
2023-03-17T15:24:00.000,I 85,I 85 and Cheshire Bridge Rd,,Rear End,2,Rain,Wet,Daylight
2024-05-23T16:06:00.000,I 85,I 85 and Cheshire Bridge Rd,,Rear End,2,Clear,Dry,Daylight
2024-02-16T14:50:00.000,I 85,I 85 and Cheshire Bridge Rd,,Rear End,2,Cloudy,Dry,Daylight
2024-12-02T11:25:00.000,I 85,I 85 and Cheshire Bridge Rd,,Rear End,2,Clear,Dry,Daylight
2024-01-19T11:00:00.000,I 85,I 85 and Cheshire Bridge Rd,,Sideswipe-Same Direction,2,Clear,Dry,Daylight
2024-11-26T15:30:00.000,I 85,I 85 and Cheshire Bridge Rd,,Rear End,2,Clear,Dry,Daylight
2024-10-25T17:20:00.000,I 85,I 85 and Cheshire Bridge Rd,,Rear End,2,Clear,Dry,Daylight
2024-03-06T06:55:00.000,I 85,I 85 and Cheshire Bridge Rd,,Sideswipe-Same Direction,2,Rain,Wet,Daylight
2023-12-05T17:40:00.000,I 85,I 85 and Cheshire Bridge Rd,,Rear End,2,Clear,Dry,Daylight
2023-11-06T08:24:00.000,I 85,I 85 and Cheshire Bridge Rd,,Sideswipe-Same Direction,2,Clear,Dry,Daylight
2023-06-29T10:26:00.000,I 85,I 85 and Cheshire Bridge Rd,,Sideswipe-Same Direction,2,Clear,Dry,Daylight
2023-12-05T17:05:00.000,I 85,I 85 and Cheshire Bridge Rd,,Rear End,3,Clear,Dry,Daylight
2024-07-19T07:15:00.000,I 85,I 85 and Cheshire Bridge Rd,,Sideswipe-Same Direction,2,Cloudy,Dry,Daylight
2024-08-08T09:05:00.000,I 85,I 85 and Cheshire Bridge Rd,,Sideswipe-Same Direction,2,Clear,Dry,Daylight
2024-08-27T16:35:00.000,I 85,I 85 and Cheshire Bridge Rd,,Sideswipe-Same Direction,2,Clear,Dry,Daylight
2024-08-30T16:00:00.000,I 85,I 85 and Cheshire Bridge Rd,,Rear End,2,Clear,Dry,Daylight
2024-08-27T15:55:00.000,I 85,I 85 and Cheshire Bridge Rd,,Rear End,2,Clear,Dry,Daylight
2024-03-15T15:34:00.000,I 85,I 85 and Cheshire Bridge Rd,,Rear End,2,Cloudy,Dry,Daylight
2024-08-02T16:45:00.000,I 85,I 85 and Cheshire Bridge Rd,,Rear End,2,Clear,Dry,Daylight
2024-11-21T15:27:00.000,I 85,I 85 and Cheshire Bridge Rd,,Sideswipe-Same Direction,2,Clear,Dry,Daylight
2024-01-17T09:09:00.000,I 85,I 85 and Cheshire Bridge Rd,,Sideswipe-Same Direction,4,Clear,Dry,Daylight
2024-11-04T07:03:00.000,I 85,I 85 and Cheshire Bridge Rd,,Sideswipe-Same Direction,3,Clear,Dry,Daylight
2024-07-08T07:35:00.000,I 85,I 85 and Cheshire Bridge Rd,,Rear End,2,Clear,Dry,Daylight
2024-08-08T09:05:00.000,I 85,I 85 and Cheshire Bridge Rd,,Sideswipe-Same Direction,3,Clear,Dry,Daylight
2024-03-05T11:00:00.000,I 85,I 85 and Cheshire Bridge Rd,,Sideswipe-Same Direction,2,Rain,Wet,Daylight
2022-07-21T15:50:00.000,I 85,I 85 and Cheshire Bridge Lenox Rd,,Rear End,4,Cloudy,Wet,Daylight
2023-07-25T09:05:00.000,I 85,I 85 and Cheshire Brg,,Rear End,2,Clear,Dry,Daylight
2023-03-27T18:00:00.000,I 85,I 85 and Cheshire Brg,,Rear End,2,Clear,Dry,Daylight
2024-12-12T18:00:00.000,I 85,I 85 and Cheshire Brg,,Sideswipe-Same Direction,2,Clear,Dry,Dusk
2023-02-23T14:50:00.000,I 85,I 85 and Cheshire Brg,,Rear End,2,Cloudy,Dry,Daylight
2024-10-29T07:50:00.000,I 85,I 85 and Cheshire Brg,,Rear End,2,Clear,Dry,Daylight
2022-06-06T13:50:00.000,I 85,I 85 and Cheshire Brdidge Rd,,Sideswipe-Same Direction,2,Clear,Dry,Daylight
2021-12-20T18:39:00.000,I 85,I 85 and Cheshire Brdg Rd,,Rear End,2,Cloudy,Dry,Dark-Not Lighted
2022-06-03T06:15:00.000,I 85,I 85 and Cheshire Br Rd,,Sideswipe-Same Direction,2,Cloudy,Dry,Daylight
2020-07-02T16:50:00.000,I 85,I 85 and Cheshire Br Rd,,Rear End,2,Clear,Dry,Daylight
2020-02-14T09:23:00.000,I 85,I 85 and Cheshire Br Rd,,Sideswipe-Same Direction,2,Clear,Dry,Daylight
2021-09-20T14:30:00.000,I 85,I 85 and Cheshire Br Rd,,Sideswipe-Same Direction,2,Rain,Wet,Daylight
2024-04-02T07:25:00.000,I 85,I 85 and Cheshire Br,,Rear End,2,Clear,Dry,Daylight
2023-06-12T14:40:00.000,I 85,I 85 and Cheshire Bdg Rd,,Rear End,3,Clear,Dry,Daylight
2023-03-22T15:00:00.000,I 85,I 85 and Cheshire Bdg Rd,,Rear End,2,Cloudy,Dry,Daylight
2023-06-12T14:40:00.000,I 85,I 85 and Cheshire Bdg Rd,,Rear End,2,Cloudy,Dry,Daylight
2023-06-15T09:42:00.000,I 85,I 85 and Cheshire Bdg Rd,,Sideswipe-Same Direction,2,Cloudy,Dry,Daylight
2023-12-15T15:26:00.000,I 85,I 85 and Cheshire Bdg Rd,,Rear End,2,Clear,Dry,Daylight
2024-09-13T08:01:00.000,I 85,I 85 and Cheshire Bdg Rd,,Rear End,2,Cloudy,Wet,Daylight
2022-01-12T18:28:00.000,I 85,I 85 and Chershire Bridge Rd,,Rear End,3,Clear,Dry,Dark-Not Lighted
2024-07-02T07:30:00.000,I 85,I 85 and Chershire Bdg Rd,,Sideswipe-Same Direction,2,Clear,Dry,Daylight
2021-09-16T14:05:00.000,I 85,I 85 and Chattahoochee River Opas,,Not a Collision with Motor Vehicle,1,Rain,Wet,Daylight
2020-09-12T03:46:00.000,I 85,I 85 and Chattahoochee Riv,,Sideswipe-Same Direction,2,Clear,Dry,Dark-Not Lighted
2022-11-06T02:37:00.000,I 85,I 85 and Chattahoochee Riv,,Not a Collision with Motor Vehicle,1,Clear,Dry,Dark-Not Lighted
2021-08-17T02:05:00.000,I 85,I 85 and Chattahochee Riv,,Not a Collision with Motor Vehicle,1,Rain,Wet,Dark-Lighted
2021-12-16T10:15:00.000,I 85,I 85 and Chantilly Dr,,Rear End,2,Cloudy,Dry,Daylight
2023-03-21T10:14:00.000,I 85,I 85 and Chantilly Dr,,Sideswipe-Same Direction,2,Clear,Dry,Dark-Not Lighted
2023-02-24T17:59:00.000,I 85,I 85 and Chantilly Dr,,Sideswipe-Same Direction,2,Rain,Wet,Daylight
2023-05-24T17:20:00.000,I 85,I 85 and Chantilly Dr,,Angle Crash,2,Clear,Dry,Daylight
2020-08-22T15:10:00.000,I 85,I 85 and Chantilly Dr,,Rear End,3,Clear,Dry,Daylight
2020-02-18T07:20:00.000,I 85,I 85 and Chantilly Dr,,Rear End,2,Rain,Wet,Daylight
2022-10-26T08:00:00.000,I 85,I 85 and Chantilly Dr,,Rear End,2,Clear,Dry,Daylight
2022-01-29T06:57:00.000,I 85,I 85 and Chantilly Dr,,Not a Collision with Motor Vehicle,1,Clear,Dry,Dark-Not Lighted
2024-12-18T06:32:00.000,I 85,I 85 and Chantilly Dr,,Sideswipe-Same Direction,2,Clear,Dry,Dark-Lighted
2023-10-19T15:00:00.000,I 85,I 85 and Chantilly Dr,,Sideswipe-Same Direction,3,Clear,Dry,Daylight
2024-04-25T21:15:00.000,I 85,I 85 and Chantilly Dr,,Sideswipe-Same Direction,2,Clear,Dry,Dark-Not Lighted
2024-10-21T20:30:00.000,I 85,I 85 and Chantilly Dr,,Rear End,3,Clear,Dry,Daylight
2024-02-05T19:40:00.000,I 85,I 85 and Chantilly Dr,,Sideswipe-Same Direction,3,Clear,Dry,Dark-Not Lighted
2024-07-17T07:59:00.000,I 85,I 85 and Chantilly Dr,,Sideswipe-Same Direction,2,Cloudy,Dry,Daylight
2023-07-21T22:00:00.000,I 85,I 85 and Chambleetucker Rd,,Sideswipe-Same Direction,2,Rain,Wet,Dark-Not Lighted
2023-09-06T23:57:00.000,I 85,I 85 and Chamblee-Tucker Rd,,Sideswipe-Same Direction,2,Clear,Dry,Dark-Not Lighted
2020-12-09T15:42:00.000,I 85,I 85 and Chamblee-Tucker,,Sideswipe-Same Direction,2,Clear,Dry,Daylight
2021-10-23T12:00:00.000,I 85,I 85 and Chamblee- Tucker Rd,,Rear End,2,Clear,Dry,Daylight
2024-10-24T21:51:00.000,I 85,I 85 and Chamblee Tucker Road Ext,,Angle Crash,3,Clear,Dry,Dark-Lighted
2024-01-31T16:00:00.000,I 85,I 85 and Chamblee Tucker Road Entry Rp,,Rear End,2,Clear,Dry,Daylight
2023-10-10T14:09:00.000,I 85,I 85 and Chamblee Tucker Rd.,,Sideswipe-Same Direction,3,Cloudy,Dry,Daylight
2020-02-12T07:50:00.000,I 85,I 85 and Chamblee Tucker Rd Exit Rp,,Rear End,2,Cloudy,Dry,Daylight
2023-01-31T08:19:00.000,I 85,I 85 and Chamblee Tucker Rd Exit,,Rear End,2,Cloudy,Wet,Daylight
2021-02-11T19:08:00.000,I 85,I 85 and Chamblee Tucker Rd,,Rear End,2,Rain,Wet,Dark-Lighted
2021-03-05T08:25:00.000,I 85,I 85 and Chamblee Tucker Rd,,Rear End,2,Clear,Dry,Dark-Lighted
2021-04-18T04:34:00.000,I 85,I 85 and Chamblee Tucker Rd,,Sideswipe-Same Direction,2,Clear,Dry,Dark-Not Lighted
2021-01-08T20:15:00.000,I 85,I 85 and Chamblee Tucker Rd,,Rear End,3,Cloudy,Wet,Dark-Lighted
2021-03-14T00:55:00.000,I 85,I 85 and Chamblee Tucker Rd,,Sideswipe-Same Direction,2,Clear,Dry,Dark-Not Lighted
2021-01-24T17:21:00.000,I 85,I 85 and Chamblee Tucker Rd,,Sideswipe-Same Direction,2,Cloudy,Dry,Daylight
2021-01-01T21:00:00.000,I 85,I 85 and Chamblee Tucker Rd,,Not a Collision with Motor Vehicle,1,Cloudy,Wet,Dark-Lighted
2021-07-03T11:02:00.000,I 85,I 85 and Chamblee Tucker Rd,,Sideswipe-Same Direction,2,Cloudy,Dry,Daylight
2021-12-11T16:30:00.000,I 85,I 85 and Chamblee Tucker Rd,,Sideswipe-Same Direction,2,Clear,Dry,Daylight
2021-09-21T07:29:00.000,I 85,I 85 and Chamblee Tucker Rd,,Rear End,3,Cloudy,Wet,Daylight
2021-10-05T18:05:00.000,I 85,I 85 and Chamblee Tucker Rd,,Angle Crash,4,Cloudy,Wet,Daylight
2021-09-16T15:10:00.000,I 85,I 85 and Chamblee Tucker Rd,,Sideswipe-Same Direction,2,Clear,Dry,Daylight
2021-11-19T11:14:00.000,I 85,I 85 and Chamblee Tucker Rd,,Rear End,2,Clear,Dry,Daylight
2021-09-21T07:29:00.000,I 85,I 85 and Chamblee Tucker Rd,,Rear End,2,Cloudy,Dry,Daylight
2021-09-09T17:24:00.000,I 85,I 85 and Chamblee Tucker Rd,,Rear End,3,Clear,Dry,Daylight
2021-09-24T20:00:00.000,I 85,I 85 and Chamblee Tucker Rd,,Sideswipe-Same Direction,2,Clear,Dry,Dark-Lighted
2021-11-02T17:18:00.000,I 85,I 85 and Chamblee Tucker Rd,,Rear End,2,Clear,Dry,Daylight
2021-08-30T11:00:00.000,I 85,I 85 and Chamblee Tucker Rd,,Rear End,2,Clear,Dry,Daylight
2021-11-08T08:20:00.000,I 85,I 85 and Chamblee Tucker Rd,,Rear End,2,Clear,Dry,Daylight
2021-03-17T14:25:00.000,I 85,I 85 and Chamblee Tucker Rd,,Rear End,2,Rain,Wet,Daylight
2021-03-31T10:05:00.000,I 85,I 85 and Chamblee Tucker Rd,,Rear End,2,Rain,Wet,Daylight
2021-04-02T15:45:00.000,I 85,I 85 and Chamblee Tucker Rd,,Rear End,2,Clear,Dry,Daylight
2021-04-25T15:20:00.000,I 85,I 85 and Chamblee Tucker Rd,,Sideswipe-Same Direction,2,Clear,Dry,Daylight
2021-03-30T20:40:00.000,I 85,I 85 and Chamblee Tucker Rd,,Rear End,2,Clear,Dry,Dark-Lighted
2021-06-26T02:00:00.000,I 85,I 85 and Chamblee Tucker Rd,,Sideswipe-Same Direction,2,Clear,Dry,Dark-Lighted
2021-06-24T06:00:00.000,I 85,I 85 and Chamblee Tucker Rd,,Sideswipe-Same Direction,2,Clear,Dry,Daylight
2021-04-11T17:55:00.000,I 85,I 85 and Chamblee Tucker Rd,,Not a Collision with Motor Vehicle,1,Clear,Dry,Daylight
2021-03-30T18:10:00.000,I 85,I 85 and Chamblee Tucker Rd,,Sideswipe-Same Direction,2,Clear,Dry,Daylight
2021-05-17T13:40:00.000,I 85,I 85 and Chamblee Tucker Rd,,Sideswipe-Same Direction,2,Cloudy,Dry,Daylight
2021-05-16T23:45:00.000,I 85,I 85 and Chamblee Tucker Rd,,Rear End,2,Clear,Dry,Dark-Not Lighted
2021-06-13T01:05:00.000,I 85,I 85 and Chamblee Tucker Rd,,Rear End,3,Clear,Dry,Dark-Lighted
2021-10-03T07:36:00.000,I 85,I 85 and Chamblee Tucker Rd,,Rear End,2,Clear,Dry,Daylight
2021-08-22T02:36:00.000,I 85,I 85 and Chamblee Tucker Rd,,Not a Collision with Motor Vehicle,1,Clear,Dry,Dark-Not Lighted
2021-07-01T18:18:00.000,I 85,I 85 and Chamblee Tucker Rd,,Rear End,2,Clear,Dry,Daylight
2021-08-20T18:25:00.000,I 85,I 85 and Chamblee Tucker Rd,,Angle Crash,2,Clear,Dry,Daylight
2021-08-26T17:01:00.000,I 85,I 85 and Chamblee Tucker Rd,,Rear End,2,Cloudy,Dry,Daylight
2021-08-25T02:30:00.000,I 85,I 85 and Chamblee Tucker Rd,,Not a Collision with Motor Vehicle,1,Clear,Dry,Dark-Not Lighted
2021-07-04T00:23:00.000,I 85,I 85 and Chamblee Tucker Rd,,Sideswipe-Same Direction,2,Clear,Dry,Dark-Lighted
2021-09-03T15:00:00.000,I 85,I 85 and Chamblee Tucker Rd,,Sideswipe-Same Direction,2,Clear,Dry,Daylight
2021-10-21T03:00:00.000,I 85,I 85 and Chamblee Tucker Rd,,Rear End,2,Clear,Dry,Dark-Not Lighted
2021-12-14T16:30:00.000,I 85,I 85 and Chamblee Tucker Rd,,Rear End,3,Clear,Dry,Daylight
2021-08-27T23:21:00.000,I 85,I 85 and Chamblee Tucker Rd,,Angle Crash,2,Clear,Dry,Dark-Not Lighted
2021-11-22T18:50:00.000,I 85,I 85 and Chamblee Tucker Rd,,Rear End,2,Clear,Dry,Daylight
2021-11-13T18:41:00.000,I 85,I 85 and Chamblee Tucker Rd,,Angle Crash,2,Clear,Dry,Dark-Not Lighted
2021-08-26T15:50:00.000,I 85,I 85 and Chamblee Tucker Rd,,Rear End,2,Clear,Dry,Daylight
2021-11-17T18:30:00.000,I 85,I 85 and Chamblee Tucker Rd,,Rear End,3,Clear,Dry,Dark-Lighted
2021-09-30T14:50:00.000,I 85,I 85 and Chamblee Tucker Rd,,Rear End,2,Clear,Dry,Daylight
2021-12-08T15:45:00.000,I 85,I 85 and Chamblee Tucker Rd,,Rear End,2,Clear,Dry,Daylight
2021-06-06T21:17:00.000,I 85,I 85 and Chamblee Tucker Rd,,Angle Crash,2,Cloudy,Dry,Dark-Not Lighted
2021-11-22T03:52:00.000,I 85,I 85 and Chamblee Tucker Rd,,Not a Collision with Motor Vehicle,1,Rain,Wet,Dark-Lighted
2021-10-29T07:54:00.000,I 85,I 85 and Chamblee Tucker Rd,,Rear End,2,Rain,Wet,Daylight
2021-11-24T14:40:00.000,I 85,I 85 and Chamblee Tucker Rd,,Rear End,2,Clear,Dry,Daylight
2021-09-04T06:00:00.000,I 85,I 85 and Chamblee Tucker Rd,,Sideswipe-Same Direction,2,Clear,Dry,Dark-Not Lighted
2021-11-11T14:00:00.000,I 85,I 85 and Chamblee Tucker Rd,,Sideswipe-Same Direction,2,Clear,Dry,Daylight
2021-09-20T13:15:00.000,I 85,I 85 and Chamblee Tucker Rd,,Angle Crash,2,Rain,Wet,Daylight
2021-08-16T17:40:00.000,I 85,I 85 and Chamblee Tucker Rd,,Rear End,3,Rain,Wet,Daylight
2021-09-29T17:45:00.000,I 85,I 85 and Chamblee Tucker Rd,,Rear End,2,Clear,Dry,Daylight
2021-08-22T02:37:00.000,I 85,I 85 and Chamblee Tucker Rd,,Not a Collision with Motor Vehicle,1,Clear,Dry,Dark-Not Lighted
2021-07-26T21:23:00.000,I 85,I 85 and Chamblee Tucker Rd,,Angle Crash,2,Cloudy,Wet,Dark-Lighted
2021-12-21T17:35:00.000,I 85,I 85 and Chamblee Tucker Rd,,Rear End,3,Rain,Wet,Dark-Lighted
2021-12-18T22:07:00.000,I 85,I 85 and Chamblee Tucker Rd,,Angle Crash,2,Rain,Wet,Dark-Lighted
2021-12-30T00:00:00.000,I 85,I 85 and Chamblee Tucker Rd,,Not a Collision with Motor Vehicle,1,Rain,Wet,Daylight
2021-11-23T19:00:00.000,I 85,I 85 and Chamblee Tucker Rd,,Rear End,3,Clear,Dry,Dark-Not Lighted
2021-02-05T17:40:00.000,I 85,I 85 and Chamblee Tucker Rd,,Rear End,2,Clear,Dry,Daylight