Date and Time,Roadway (From Crash Report),Intersection Name (from Crash Report),KABCO Severity,Manner of Collision (Crash Level) ,# of Vehicles per crash ,Weather Conditions (Crash Level),Surface Condition (Crash Level) ,Light Conditions (Crash Level)
2021-06-12T21:50:00.000,I 85,I 85 and Chamblee Tucker Rd,,Angle Crash,2,Clear,Dry,Dark-Lighted
2021-05-05T08:52:00.000,I 85,I 85 and Chamblee Tucker Rd,,Rear End,2,Cloudy,Dry,Daylight
2021-05-16T13:50:00.000,I 85,I 85 and Chamblee Tucker Rd,,Rear End,2,Clear,Dry,Daylight
2021-01-20T08:30:00.000,I 85,I 85 and Chamblee Tucker Rd,,Rear End,2,Clear,Dry,Daylight
2021-04-19T17:42:00.000,I 85,I 85 and Chamblee Tucker Rd,,Rear End,4,Clear,Dry,Daylight
2021-06-07T15:14:00.000,I 85,I 85 and Chamblee Tucker Rd,,Not a Collision with Motor Vehicle,1,Cloudy,Dry,Daylight
2021-04-25T17:00:00.000,I 85,I 85 and Chamblee Tucker Rd,,Sideswipe-Same Direction,2,Clear,Dry,Daylight
2021-06-28T14:37:00.000,I 85,I 85 and Chamblee Tucker Rd,,Not a Collision with Motor Vehicle,2,Cloudy,Dry,Daylight
2021-02-18T13:50:00.000,I 85,I 85 and Chamblee Tucker Rd,,Angle Crash,3,Cloudy,Wet,Daylight
2021-10-30T18:20:00.000,I 85,I 85 and Chamblee Tucker Rd,,Rear End,2,Rain,Wet,Daylight
2021-07-28T18:20:00.000,I 85,I 85 and Chamblee Tucker Rd,,Rear End,2,Clear,Dry,Daylight
2021-10-07T04:55:00.000,I 85,I 85 and Chamblee Tucker Rd,,Not a Collision with Motor Vehicle,2,Clear,Dry,Dark-Not Lighted
2021-09-23T17:20:00.000,I 85,I 85 and Chamblee Tucker Rd,,Rear End,2,Clear,Dry,Daylight
2021-08-20T01:02:00.000,I 85,I 85 and Chamblee Tucker Rd,,Not a Collision with Motor Vehicle,1,Clear,Dry,Dark-Lighted
2021-10-13T12:50:00.000,I 85,I 85 and Chamblee Tucker Rd,,Not a Collision with Motor Vehicle,1,Clear,Dry,Daylight
2021-07-22T00:00:00.000,I 85,I 85 and Chamblee Tucker Rd,,Rear End,2,Clear,Wet,Dark-Not Lighted
2021-07-03T15:20:00.000,I 85,I 85 and Chamblee Tucker Rd,,Sideswipe-Same Direction,2,Clear,Dry,Daylight
2021-09-27T15:19:00.000,I 85,I 85 and Chamblee Tucker Rd,,Sideswipe-Same Direction,2,Clear,Dry,Daylight
2021-08-11T16:35:00.000,I 85,I 85 and Chamblee Tucker Rd,,Sideswipe-Same Direction,2,Clear,Wet,Daylight
2021-09-17T20:20:00.000,I 85,I 85 and Chamblee Tucker Rd,,Sideswipe-Same Direction,3,Clear,Dry,Daylight
2021-08-07T19:00:00.000,I 85,I 85 and Chamblee Tucker Rd,,Rear End,2,Clear,Dry,Daylight
2021-07-20T09:10:00.000,I 85,I 85 and Chamblee Tucker Rd,,Sideswipe-Same Direction,2,Cloudy,Wet,Daylight
2021-10-06T06:25:00.000,I 85,I 85 and Chamblee Tucker Rd,,Sideswipe-Same Direction,2,Rain,Wet,Dark-Lighted
2021-07-13T15:09:00.000,I 85,I 85 and Chamblee Tucker Rd,,Rear End,2,Clear,Dry,Daylight
2021-09-20T12:30:00.000,I 85,I 85 and Chamblee Tucker Rd,,Not a Collision with Motor Vehicle,1,Rain,Wet,Daylight
2021-11-24T08:03:00.000,I 85,I 85 and Chamblee Tucker Rd,,Not a Collision with Motor Vehicle,1,Clear,Dry,Daylight
2021-08-07T00:00:00.000,I 85,I 85 and Chamblee Tucker Rd,,Angle Crash,4,Clear,Dry,Dark-Lighted
2021-10-13T14:15:00.000,I 85,I 85 and Chamblee Tucker Rd,,Sideswipe-Same Direction,2,Clear,Dry,Daylight
2021-05-22T20:36:00.000,I 85,I 85 and Chamblee Tucker Rd,,Angle Crash,2,Clear,Dry,Dusk
2021-05-02T20:49:00.000,I 85,I 85 and Chamblee Tucker Rd,,Rear End,2,Clear,Dry,Dark-Lighted
2021-06-12T02:45:00.000,I 85,I 85 and Chamblee Tucker Rd,,Sideswipe-Same Direction,2,Clear,Dry,Dark-Lighted
2021-01-08T20:20:00.000,I 85,I 85 and Chamblee Tucker Rd,,Rear End,3,Cloudy,Wet,Dark-Lighted
2021-04-11T10:34:00.000,I 85,I 85 and Chamblee Tucker Rd,,Rear End,2,Clear,Dry,Daylight
2021-06-10T18:41:00.000,I 85,I 85 and Chamblee Tucker Rd,,Angle Crash,2,Clear,Dry,Daylight
2020-04-24T17:26:00.000,I 85,I 85 and Chamblee Tucker Rd,,Angle Crash,2,Clear,Dry,Daylight
2020-05-29T13:25:00.000,I 85,I 85 and Chamblee Tucker Rd,,Sideswipe-Same Direction,2,Cloudy,Wet,Daylight
2020-01-26T20:50:00.000,I 85,I 85 and Chamblee Tucker Rd,,Angle Crash,3,Clear,Dry,Dark-Lighted
2020-08-13T22:43:00.000,I 85,I 85 and Chamblee Tucker Rd,,Not a Collision with Motor Vehicle,1,Rain,Water (standing or moving),Dark-Lighted
2020-08-06T17:00:00.000,I 85,I 85 and Chamblee Tucker Rd,,Rear End,4,Cloudy,Wet,Daylight
2020-02-09T16:27:00.000,I 85,I 85 and Chamblee Tucker Rd,,Rear End,2,Clear,Dry,Daylight
2023-12-05T16:56:00.000,I 85,I 85 and Chamblee Tucker Rd,,Rear End,2,Clear,Dry,Daylight
2023-06-23T18:19:00.000,I 85,I 85 and Chamblee Tucker Rd,,Rear End,2,Clear,Dry,Daylight
2023-08-07T18:47:00.000,I 85,I 85 and Chamblee Tucker Rd,,Angle Crash,2,Rain,Wet,Daylight
2023-03-14T17:00:00.000,I 85,I 85 and Chamblee Tucker Rd,,Rear End,2,Clear,Dry,Daylight
2023-12-10T13:00:00.000,I 85,I 85 and Chamblee Tucker Rd,,Rear End,2,Rain,Wet,Daylight
2023-06-29T06:21:00.000,I 85,I 85 and Chamblee Tucker Rd,,Rear End,2,Clear,Dry,Daylight
2023-05-20T00:25:00.000,I 85,I 85 and Chamblee Tucker Rd,,Sideswipe-Same Direction,2,Cloudy,Dry,Dark-Not Lighted
2023-03-16T16:00:00.000,I 85,I 85 and Chamblee Tucker Rd,,Rear End,2,Clear,Dry,Daylight
2023-05-02T08:35:00.000,I 85,I 85 and Chamblee Tucker Rd,,Sideswipe-Same Direction,2,Clear,Dry,Daylight
2023-09-16T01:31:00.000,I 85,I 85 and Chamblee Tucker Rd,,Angle Crash,2,Clear,Dry,Dark-Lighted
2023-07-31T18:42:00.000,I 85,I 85 and Chamblee Tucker Rd,,Rear End,2,Clear,Dry,Daylight
2023-06-27T18:50:00.000,I 85,I 85 and Chamblee Tucker Rd,,Rear End,3,Clear,Dry,Daylight
2023-09-22T10:17:00.000,I 85,I 85 and Chamblee Tucker Rd,,Rear End,2,Clear,Dry,Daylight
2023-08-08T06:50:00.000,I 85,I 85 and Chamblee Tucker Rd,,Sideswipe-Same Direction,2,Clear,Wet,Daylight
2023-09-20T06:41:00.000,I 85,I 85 and Chamblee Tucker Rd,,Rear End,2,Cloudy,Dry,Dark-Lighted
2023-03-10T16:00:00.000,I 85,I 85 and Chamblee Tucker Rd,,Rear End,2,Clear,Dry,Daylight
2023-04-11T08:07:00.000,I 85,I 85 and Chamblee Tucker Rd,,Rear End,2,Clear,Dry,Daylight
2023-03-22T16:42:00.000,I 85,I 85 and Chamblee Tucker Rd,,Sideswipe-Same Direction,2,Cloudy,Dry,Daylight
2023-07-15T22:42:00.000,I 85,I 85 and Chamblee Tucker Rd,,Angle Crash,2,Clear,Dry,Dark-Lighted
2023-11-27T06:00:00.000,I 85,I 85 and Chamblee Tucker Rd,,Sideswipe-Same Direction,3,Clear,Dry,Dark-Not Lighted
2023-07-20T04:50:00.000,I 85,I 85 and Chamblee Tucker Rd,,Angle Crash,2,Clear,Dry,Dark-Lighted
2023-01-05T02:35:00.000,I 85,I 85 and Chamblee Tucker Rd,,Not a Collision with Motor Vehicle,1,Clear,Dry,Dark-Lighted
2023-12-12T19:35:00.000,I 85,I 85 and Chamblee Tucker Rd,,Angle Crash,2,Clear,Dry,Dark-Not Lighted
2023-06-21T13:06:00.000,I 85,I 85 and Chamblee Tucker Rd,,Sideswipe-Same Direction,2,Rain,Wet,Daylight
2023-12-10T18:55:00.000,I 85,I 85 and Chamblee Tucker Rd,,Angle Crash,3,Clear,Wet,Dark-Lighted
2023-05-25T15:45:00.000,I 85,I 85 and Chamblee Tucker Rd,,Sideswipe-Same Direction,2,Clear,Dry,Daylight
2023-07-24T07:04:00.000,I 85,I 85 and Chamblee Tucker Rd,,Angle Crash,3,Cloudy,Dry,Daylight
2023-04-14T15:15:00.000,I 85,I 85 and Chamblee Tucker Rd,,Rear End,2,Cloudy,Wet,Daylight
2023-04-01T17:30:00.000,I 85,I 85 and Chamblee Tucker Rd,,Sideswipe-Same Direction,2,Clear,Dry,Daylight
2023-12-14T15:40:00.000,I 85,I 85 and Chamblee Tucker Rd,,Rear End,2,Clear,Dry,Daylight
2023-07-23T01:16:00.000,I 85,I 85 and Chamblee Tucker Rd,,Angle Crash,2,Clear,Dry,Dark-Lighted
2023-06-22T15:35:00.000,I 85,I 85 and Chamblee Tucker Rd,,Sideswipe-Same Direction,2,Clear,Dry,Daylight
2023-04-13T16:20:00.000,I 85,I 85 and Chamblee Tucker Rd,,Rear End,2,Rain,Wet,Daylight
2023-05-16T09:24:00.000,I 85,I 85 and Chamblee Tucker Rd,,Angle Crash,2,Cloudy,Dry,Daylight
2023-01-03T23:30:00.000,I 85,I 85 and Chamblee Tucker Rd,,Sideswipe-Same Direction,2,Rain,Wet,Dark-Not Lighted
2023-12-24T13:00:00.000,I 85,I 85 and Chamblee Tucker Rd,,Sideswipe-Same Direction,2,Cloudy,Dry,Daylight
2023-09-10T10:24:00.000,I 85,I 85 and Chamblee Tucker Rd,,Sideswipe-Same Direction,2,Cloudy,Dry,Daylight
2023-08-21T16:57:00.000,I 85,I 85 and Chamblee Tucker Rd,,Rear End,2,Clear,Dry,Daylight
2023-10-10T16:55:00.000,I 85,I 85 and Chamblee Tucker Rd,,Rear End,2,Clear,Dry,Daylight
2023-03-29T09:18:00.000,I 85,I 85 and Chamblee Tucker Rd,,Rear End,2,Clear,Dry,Daylight
2023-12-06T18:15:00.000,I 85,I 85 and Chamblee Tucker Rd,,Sideswipe-Same Direction,2,Clear,Dry,Daylight
2023-03-09T06:05:00.000,I 85,I 85 and Chamblee Tucker Rd,,Not a Collision with Motor Vehicle,2,Cloudy,Dry,Dark-Not Lighted
2023-12-10T07:15:00.000,I 85,I 85 and Chamblee Tucker Rd,,Rear End,2,Rain,Wet,Daylight
2023-09-20T09:45:00.000,I 85,I 85 and Chamblee Tucker Rd,,Not a Collision with Motor Vehicle,1,Clear,Dry,Daylight
2023-06-20T11:22:00.000,I 85,I 85 and Chamblee Tucker Rd,,Rear End,2,Cloudy,Dry,Daylight
2023-12-21T14:41:00.000,I 85,I 85 and Chamblee Tucker Rd,,Sideswipe-Same Direction,2,Clear,Dry,Daylight
2023-06-20T13:30:00.000,I 85,I 85 and Chamblee Tucker Rd,,Sideswipe-Same Direction,2,Rain,Wet,Daylight
2023-09-23T05:32:00.000,I 85,I 85 and Chamblee Tucker Rd,,Rear End,2,Clear,Dry,Dark-Lighted
2023-04-21T06:22:00.000,I 85,I 85 and Chamblee Tucker Rd,,Angle Crash,3,Clear,Dry,Daylight
2023-11-16T18:00:00.000,I 85,I 85 and Chamblee Tucker Rd,,Rear End,2,Clear,Dry,Dark-Lighted
2023-07-11T17:00:00.000,I 85,I 85 and Chamblee Tucker Rd,,Sideswipe-Same Direction,2,Clear,Dry,Daylight
2023-05-09T06:17:00.000,I 85,I 85 and Chamblee Tucker Rd,,Sideswipe-Same Direction,2,Cloudy,Dry,Dark-Lighted
2023-12-19T18:00:00.000,I 85,I 85 and Chamblee Tucker Rd,,Rear End,3,Clear,Dry,Dark-Not Lighted
2023-02-15T22:25:00.000,I 85,I 85 and Chamblee Tucker Rd,,Rear End,2,Clear,Wet,Dark-Not Lighted
2023-02-10T09:32:00.000,I 85,I 85 and Chamblee Tucker Rd,,Rear End,2,Clear,Dry,Daylight
2023-05-05T21:34:00.000,I 85,I 85 and Chamblee Tucker Rd,,Sideswipe-Same Direction,3,Clear,Dry,Dark-Not Lighted
2023-07-29T13:26:00.000,I 85,I 85 and Chamblee Tucker Rd,,Rear End,2,Clear,Dry,Daylight
2023-02-18T03:50:00.000,I 85,I 85 and Chamblee Tucker Rd,,Angle Crash,2,Clear,Dry,Dark-Lighted
2023-09-26T08:30:00.000,I 85,I 85 and Chamblee Tucker Rd,,Sideswipe-Same Direction,2,Cloudy,Dry,Daylight
2023-05-03T15:35:00.000,I 85,I 85 and Chamblee Tucker Rd,,Sideswipe-Same Direction,2,Clear,Dry,Daylight
2023-08-18T14:40:00.000,I 85,I 85 and Chamblee Tucker Rd,,Angle Crash,3,Clear,Dry,Daylight
2023-11-15T17:10:00.000,I 85,I 85 and Chamblee Tucker Rd,,Rear End,2,Clear,Dry,Daylight
2023-11-04T07:45:00.000,I 85,I 85 and Chamblee Tucker Rd,,Rear End,2,Clear,Dry,Daylight
2023-10-05T20:25:00.000,I 85,I 85 and Chamblee Tucker Rd,,Sideswipe-Same Direction,2,Clear,Dry,Dark-Not Lighted
2023-08-01T11:00:00.000,I 85,I 85 and Chamblee Tucker Rd,,Sideswipe-Same Direction,3,Clear,Dry,Daylight
2023-08-16T12:00:00.000,I 85,I 85 and Chamblee Tucker Rd,,Not a Collision with Motor Vehicle,1,Clear,Dry,Daylight
2023-02-02T18:10:00.000,I 85,I 85 and Chamblee Tucker Rd,,Rear End,2,Rain,Wet,Dark-Not Lighted
2023-11-13T14:30:00.000,I 85,I 85 and Chamblee Tucker Rd,,Rear End,2,Clear,Dry,Daylight
2023-05-23T15:20:00.000,I 85,I 85 and Chamblee Tucker Rd,,Sideswipe-Same Direction,2,Cloudy,Wet,Daylight
2023-04-09T23:48:00.000,I 85,I 85 and Chamblee Tucker Rd,,Rear End,2,Clear,Dry,Dark-Lighted
2023-07-26T14:40:00.000,I 85,I 85 and Chamblee Tucker Rd,,Not a Collision with Motor Vehicle,1,Clear,Dry,Daylight
2023-01-24T08:39:00.000,I 85,I 85 and Chamblee Tucker Rd,,Angle Crash,2,Clear,Dry,Daylight
2023-08-05T04:30:00.000,I 85,I 85 and Chamblee Tucker Rd,,Not a Collision with Motor Vehicle,1,Clear,Dry,Dark-Not Lighted
2023-05-04T17:50:00.000,I 85,I 85 and Chamblee Tucker Rd,,Rear End,2,Clear,Dry,Daylight
2023-01-02T14:35:00.000,I 85,I 85 and Chamblee Tucker Rd,,Rear End,2,Rain,Wet,Daylight
2023-02-23T19:00:00.000,I 85,I 85 and Chamblee Tucker Rd,,Sideswipe-Same Direction,3,Clear,Dry,Dark-Not Lighted
2023-02-05T00:47:00.000,I 85,I 85 and Chamblee Tucker Rd,,Not a Collision with Motor Vehicle,1,Clear,Dry,Dark-Lighted
2023-04-23T01:50:00.000,I 85,I 85 and Chamblee Tucker Rd,,Angle Crash,2,Clear,Dry,Dark-Lighted
2023-10-20T11:48:00.000,I 85,I 85 and Chamblee Tucker Rd,,Rear End,2,Cloudy,Dry,Daylight
2023-03-15T18:32:00.000,I 85,I 85 and Chamblee Tucker Rd,,Angle Crash,2,Clear,Dry,Daylight
2023-04-14T14:50:00.000,I 85,I 85 and Chamblee Tucker Rd,,Rear End,2,Cloudy,Wet,Daylight
2023-12-19T18:30:00.000,I 85,I 85 and Chamblee Tucker Rd,,Rear End,2,Clear,Dry,Dark-Lighted
2023-05-06T07:30:00.000,I 85,I 85 and Chamblee Tucker Rd,,Rear End,2,Cloudy,Dry,Daylight
2023-02-25T23:40:00.000,I 85,I 85 and Chamblee Tucker Rd,,Angle Crash,3,Clear,Dry,Dark-Lighted
2023-05-15T16:41:00.000,I 85,I 85 and Chamblee Tucker Rd,,Sideswipe-Same Direction,2,Clear,Dry,Daylight
2023-07-26T17:47:00.000,I 85,I 85 and Chamblee Tucker Rd,,Sideswipe-Same Direction,2,Clear,Dry,Daylight
2023-02-15T22:21:00.000,I 85,I 85 and Chamblee Tucker Rd,,Not a Collision with Motor Vehicle,2,Clear,Dry,Dark-Not Lighted
2023-06-29T19:30:00.000,I 85,I 85 and Chamblee Tucker Rd,,Sideswipe-Same Direction,2,Cloudy,Dry,Daylight
2022-08-08T14:45:00.000,I 85,I 85 and Chamblee Tucker Rd,,Rear End,2,Rain,Wet,Daylight
2022-02-14T03:41:00.000,I 85,I 85 and Chamblee Tucker Rd,,Not a Collision with Motor Vehicle,1,Clear,Dry,Dark-Not Lighted
2022-12-13T12:10:00.000,I 85,I 85 and Chamblee Tucker Rd,,Angle Crash,2,Cloudy,Dry,Daylight
2022-02-06T10:40:00.000,I 85,I 85 and Chamblee Tucker Rd,,Rear End,2,Clear,Dry,Daylight
2022-03-20T16:27:00.000,I 85,I 85 and Chamblee Tucker Rd,,Angle Crash,2,Clear,Dry,Daylight
2022-01-21T02:23:00.000,I 85,I 85 and Chamblee Tucker Rd,,Rear End,2,Cloudy,Dry,Dark-Not Lighted
2022-08-29T00:00:00.000,I 85,I 85 and Chamblee Tucker Rd,,Not a Collision with Motor Vehicle,2,Clear,Dry,Daylight
2022-07-01T01:25:00.000,I 85,I 85 and Chamblee Tucker Rd,,Rear End,2,Clear,Dry,Dark-Lighted
2024-05-13T07:31:00.000,I 85,I 85 and Chamblee Tucker Rd,,Angle Crash,2,Clear,Dry,Daylight
2021-09-21T07:30:00.000,I 85,I 85 and Chamblee Tucker Rd,,Rear End,3,Cloudy,Wet,Daylight
2021-02-18T15:24:00.000,I 85,I 85 and Chamblee Tucker Rd,,Rear End,2,Cloudy,Wet,Daylight
2020-06-30T16:53:00.000,I 85,I 85 and Chamblee Tucker Rd,,Not a Collision with Motor Vehicle,1,Rain,Wet,Daylight
2020-08-15T14:40:00.000,I 85,I 85 and Chamblee Tucker Rd,,Not a Collision with Motor Vehicle,1,Rain,Water (standing or moving),Daylight
2020-07-04T11:50:00.000,I 85,I 85 and Chamblee Tucker Rd,,Head On,2,Cloudy,Dry,Daylight
2020-10-21T19:10:00.000,I 85,I 85 and Chamblee Tucker Rd,,Angle Crash,2,Clear,Dry,Dark-Lighted
2020-10-30T08:45:00.000,I 85,I 85 and Chamblee Tucker Rd,,Not a Collision with Motor Vehicle,2,Cloudy,Dry,Daylight
2020-07-25T23:32:00.000,I 85,I 85 and Chamblee Tucker Rd,,Not a Collision with Motor Vehicle,1,Clear,Wet,Dark-Lighted
2020-07-30T15:38:00.000,I 85,I 85 and Chamblee Tucker Rd,,Rear End,2,Rain,Wet,Daylight
2020-03-05T16:39:00.000,I 85,I 85 and Chamblee Tucker Rd,,Sideswipe-Same Direction,2,Clear,Wet,Daylight
2020-09-17T08:45:00.000,I 85,I 85 and Chamblee Tucker Rd,,Rear End,2,Rain,Wet,Daylight
2020-02-13T18:30:00.000,I 85,I 85 and Chamblee Tucker Rd,,Head On,4,Clear,Dry,Dark-Lighted
2020-09-29T12:35:00.000,I 85,I 85 and Chamblee Tucker Rd,,Rear End,2,Rain,Wet,Daylight
2020-08-23T10:24:00.000,I 85,I 85 and Chamblee Tucker Rd,,Angle Crash,4,Clear,Dry,Daylight
2020-04-24T07:35:00.000,I 85,I 85 and Chamblee Tucker Rd,,Rear End,2,Cloudy,Wet,Daylight
2020-05-25T18:00:00.000,I 85,I 85 and Chamblee Tucker Rd,,Sideswipe-Same Direction,2,Rain,Wet,Daylight
2020-09-10T07:15:00.000,I 85,I 85 and Chamblee Tucker Rd,,Not a Collision with Motor Vehicle,1,Clear,Dry,Daylight
2020-11-03T18:30:00.000,I 85,I 85 and Chamblee Tucker Rd,,Sideswipe-Same Direction,2,Clear,Dry,Dusk
2020-01-16T04:25:00.000,I 85,I 85 and Chamblee Tucker Rd,,Not a Collision with Motor Vehicle,1,Rain,Wet,Dark-Not Lighted
2020-02-26T13:52:00.000,I 85,I 85 and Chamblee Tucker Rd,,Angle Crash,2,Cloudy,Dry,Daylight
2020-09-29T14:13:00.000,I 85,I 85 and Chamblee Tucker Rd,,Angle Crash,2,Rain,Wet,Daylight
2020-08-07T16:54:00.000,I 85,I 85 and Chamblee Tucker Rd,,Sideswipe-Same Direction,3,Clear,Dry,Daylight
2020-02-28T03:00:00.000,I 85,I 85 and Chamblee Tucker Rd,,Sideswipe-Same Direction,2,Clear,Dry,Dark-Lighted
2020-03-06T07:46:00.000,I 85,I 85 and Chamblee Tucker Rd,,Rear End,2,Clear,Dry,Daylight
2020-04-06T20:47:00.000,I 85,I 85 and Chamblee Tucker Rd,,Not a Collision with Motor Vehicle,1,Clear,Dry,Dark-Lighted
2020-02-03T04:55:00.000,I 85,I 85 and Chamblee Tucker Rd,,Sideswipe-Same Direction,2,Clear,Dry,Dark-Lighted
2020-11-17T17:38:00.000,I 85,I 85 and Chamblee Tucker Rd,,Rear End,2,Clear,Dry,Daylight
2020-08-29T05:54:00.000,I 85,I 85 and Chamblee Tucker Rd,,Not a Collision with Motor Vehicle,1,Cloudy,Dry,Dark-Lighted
2020-02-24T19:12:00.000,I 85,I 85 and Chamblee Tucker Rd,,Angle Crash,2,Rain,Wet,Dark-Lighted
2020-10-23T19:52:00.000,I 85,I 85 and Chamblee Tucker Rd,,Angle Crash,2,Clear,Dry,Dark-Lighted
2020-10-29T09:00:00.000,I 85,I 85 and Chamblee Tucker Rd,,Rear End,2,Rain,Wet,Daylight
2020-09-17T05:50:00.000,I 85,I 85 and Chamblee Tucker Rd,,Not a Collision with Motor Vehicle,1,Rain,Wet,Dark-Lighted
2020-07-27T11:08:00.000,I 85,I 85 and Chamblee Tucker Rd,,Sideswipe-Same Direction,2,Clear,Dry,Daylight
2020-08-15T19:00:00.000,I 85,I 85 and Chamblee Tucker Rd,,Not a Collision with Motor Vehicle,1,Rain,Wet,Daylight
2020-08-15T15:20:00.000,I 85,I 85 and Chamblee Tucker Rd,,Rear End,2,Rain,Wet,Daylight
2020-12-23T12:30:00.000,I 85,I 85 and Chamblee Tucker Rd,,Sideswipe-Same Direction,2,Clear,Dry,Daylight
2020-06-18T12:40:00.000,I 85,I 85 and Chamblee Tucker Rd,,Not a Collision with Motor Vehicle,3,Cloudy,Dry,Daylight
2020-09-25T10:15:00.000,I 85,I 85 and Chamblee Tucker Rd,,Sideswipe-Same Direction,2,Cloudy,Wet,Daylight
2020-10-24T20:02:00.000,I 85,I 85 and Chamblee Tucker Rd,,Not a Collision with Motor Vehicle,1,Rain,Water (standing or moving),Dark-Lighted
2020-05-30T15:10:00.000,I 85,I 85 and Chamblee Tucker Rd,,Not a Collision with Motor Vehicle,2,Clear,Dry,Daylight
2020-12-19T12:14:00.000,I 85,I 85 and Chamblee Tucker Rd,,Angle Crash,2,Clear,Dry,Daylight
2020-09-28T17:15:00.000,I 85,I 85 and Chamblee Tucker Rd,,Angle Crash,2,Clear,Dry,Daylight
2020-09-30T15:22:00.000,I 85,I 85 and Chamblee Tucker Rd,,Sideswipe-Same Direction,2,Clear,Dry,Daylight
2020-05-01T09:03:00.000,I 85,I 85 and Chamblee Tucker Rd,,Not a Collision with Motor Vehicle,2,Clear,Dry,Daylight
2020-08-07T23:40:00.000,I 85,I 85 and Chamblee Tucker Rd,,Sideswipe-Same Direction,2,Clear,Dry,Dark-Not Lighted
2020-04-29T17:31:00.000,I 85,I 85 and Chamblee Tucker Rd,,Not a Collision with Motor Vehicle,1,Rain,Wet,Daylight
2020-08-08T10:00:00.000,I 85,I 85 and Chamblee Tucker Rd,,Not a Collision with Motor Vehicle,2,Clear,Dry,Daylight
2020-09-04T15:18:00.000,I 85,I 85 and Chamblee Tucker Rd,,Sideswipe-Same Direction,3,Clear,Dry,Daylight
2020-02-05T07:40:00.000,I 85,I 85 and Chamblee Tucker Rd,,Rear End,2,Cloudy,Wet,Daylight
2020-12-18T16:43:00.000,I 85,I 85 and Chamblee Tucker Rd,,Sideswipe-Same Direction,2,Clear,Dry,Daylight
2020-08-20T12:09:00.000,I 85,I 85 and Chamblee Tucker Rd,,Not a Collision with Motor Vehicle,2,Clear,Dry,Daylight
2020-12-06T02:30:00.000,I 85,I 85 and Chamblee Tucker Rd,,Not a Collision with Motor Vehicle,1,Clear,Dry,Dark-Not Lighted
2020-07-21T17:50:00.000,I 85,I 85 and Chamblee Tucker Rd,,Rear End,2,Clear,Dry,Daylight
2020-05-15T14:35:00.000,I 85,I 85 and Chamblee Tucker Rd,,Sideswipe-Same Direction,2,Clear,Dry,Daylight
2020-10-21T19:00:00.000,I 85,I 85 and Chamblee Tucker Rd,,Sideswipe-Same Direction,2,Clear,Dry,Dusk
2020-08-07T23:55:00.000,I 85,I 85 and Chamblee Tucker Rd,,Rear End,2,Clear,Wet,Dark-Lighted
2020-02-15T00:15:00.000,I 85,I 85 and Chamblee Tucker Rd,,Rear End,3,Clear,Dry,Daylight
2020-07-17T12:44:00.000,I 85,I 85 and Chamblee Tucker Rd,,Angle Crash,2,Clear,Dry,Daylight
2020-09-12T07:29:00.000,I 85,I 85 and Chamblee Tucker Rd,,Sideswipe-Same Direction,2,Rain,Wet,Daylight
2020-01-13T18:30:00.000,I 85,I 85 and Chamblee Tucker Rd,,Rear End,2,Rain,Wet,Dark-Lighted
2020-01-23T07:30:00.000,I 85,I 85 and Chamblee Tucker Rd,,Rear End,2,Clear,Dry,Daylight
2020-01-08T18:15:00.000,I 85,I 85 and Chamblee Tucker Rd,,Rear End,2,Clear,Dry,Dark-Lighted
2020-02-21T15:25:00.000,I 85,I 85 and Chamblee Tucker Rd,,Rear End,2,Clear,Dry,Daylight
2020-09-17T12:15:00.000,I 85,I 85 and Chamblee Tucker Rd,,Rear End,2,Rain,Wet,Daylight
2020-04-04T09:45:00.000,I 85,I 85 and Chamblee Tucker Rd,,Rear End,2,Cloudy,Dry,Daylight
2020-09-17T08:41:00.000,I 85,I 85 and Chamblee Tucker Rd,,Sideswipe-Same Direction,2,Rain,Wet,Daylight
2020-11-13T18:00:00.000,I 85,I 85 and Chamblee Tucker Rd,,Sideswipe-Same Direction,3,Clear,Dry,Dark-Not Lighted
2020-10-18T17:00:00.000,I 85,I 85 and Chamblee Tucker Rd,,Rear End,2,Clear,Dry,Daylight
2020-08-13T15:50:00.000,I 85,I 85 and Chamblee Tucker Rd,,Not a Collision with Motor Vehicle,1,Clear,Dry,Daylight
2020-02-21T17:00:00.000,I 85,I 85 and Chamblee Tucker Rd,,Rear End,2,Clear,Dry,Daylight
2020-01-14T19:33:00.000,I 85,I 85 and Chamblee Tucker Rd,,Rear End,2,Cloudy,Wet,Dark-Lighted
2020-02-12T06:20:00.000,I 85,I 85 and Chamblee Tucker Rd,,Sideswipe-Same Direction,2,Cloudy,Wet,Daylight
2020-08-07T13:36:00.000,I 85,I 85 and Chamblee Tucker Rd,,Sideswipe-Same Direction,2,Clear,Dry,Daylight
2020-01-12T14:30:00.000,I 85,I 85 and Chamblee Tucker Rd,,Rear End,2,Clear,Dry,Daylight
2020-11-09T19:50:00.000,I 85,I 85 and Chamblee Tucker Rd,,Not a Collision with Motor Vehicle,2,Clear,Dry,Daylight
2020-01-06T19:05:00.000,I 85,I 85 and Chamblee Tucker Rd,,Rear End,2,Clear,Dry,Dark-Lighted
2020-07-16T16:10:00.000,I 85,I 85 and Chamblee Tucker Rd,,Rear End,2,Clear,Dry,Daylight
2020-02-04T10:32:00.000,I 85,I 85 and Chamblee Tucker Rd,,Angle Crash,2,Clear,Dry,Daylight
2020-08-07T09:30:00.000,I 85,I 85 and Chamblee Tucker Rd,,Sideswipe-Same Direction,2,Clear,Dry,Daylight
2020-02-17T03:41:00.000,I 85,I 85 and Chamblee Tucker Rd,,Not a Collision with Motor Vehicle,1,Fog,Wet,Dark-Not Lighted