Date and Time,Roadway (From Crash Report),Intersection Name (from Crash Report),KABCO Severity,Manner of Collision (Crash Level) ,# of Vehicles per crash ,Weather Conditions (Crash Level),Surface Condition (Crash Level) ,Light Conditions (Crash Level)
2020-02-16T22:25:00.000,I 85,I 85 and Chamblee Tucker Rd,,Not a Collision with Motor Vehicle,2,Cloudy,Wet,Dark-Lighted
2020-01-29T06:45:00.000,I 85,I 85 and Chamblee Tucker Rd,,Rear End,3,Clear,Dry,Dark-Not Lighted
2020-09-11T16:30:00.000,I 85,I 85 and Chamblee Tucker Rd,,Rear End,2,Clear,Dry,Daylight
2020-05-30T09:50:00.000,I 85,I 85 and Chamblee Tucker Rd,,Sideswipe-Same Direction,2,Clear,Dry,Daylight
2020-03-07T23:10:00.000,I 85,I 85 and Chamblee Tucker Rd,,Sideswipe-Same Direction,2,Clear,Dry,Dark-Lighted
2020-07-02T22:55:00.000,I 85,I 85 and Chamblee Tucker Rd,,Not a Collision with Motor Vehicle,1,Clear,Dry,Dark-Lighted
2020-01-04T18:00:00.000,I 85,I 85 and Chamblee Tucker Rd,,Rear End,2,Clear,Dry,Dark-Not Lighted
2020-02-22T04:00:00.000,I 85,I 85 and Chamblee Tucker Rd,,Rear End,2,Clear,Dry,Dark-Lighted
2020-12-09T12:10:00.000,I 85,I 85 and Chamblee Tucker Rd,,Angle Crash,2,Clear,Dry,Daylight
2020-03-06T22:09:00.000,I 85,I 85 and Chamblee Tucker Rd,,Sideswipe-Same Direction,2,Clear,Dry,Dark-Not Lighted
2020-01-19T16:00:00.000,I 85,I 85 and Chamblee Tucker Rd,,Rear End,2,Clear,Dry,Daylight
2020-01-29T12:00:00.000,I 85,I 85 and Chamblee Tucker Rd,,Sideswipe-Same Direction,2,Cloudy,Dry,Daylight
2020-09-27T17:55:00.000,I 85,I 85 and Chamblee Tucker Rd,,Not a Collision with Motor Vehicle,1,Rain,Wet,Daylight
2020-02-22T13:00:00.000,I 85,I 85 and Chamblee Tucker Rd,,Rear End,2,Clear,Dry,Daylight
2020-12-22T18:20:00.000,I 85,I 85 and Chamblee Tucker Rd,,Rear End,2,Clear,Dry,Dark-Lighted
2020-10-30T16:01:00.000,I 85,I 85 and Chamblee Tucker Rd,,Rear End,2,Clear,Dry,Daylight
2020-12-22T16:30:00.000,I 85,I 85 and Chamblee Tucker Rd,,Sideswipe-Same Direction,2,Clear,Dry,Daylight
2020-02-14T17:57:00.000,I 85,I 85 and Chamblee Tucker Rd,,Rear End,2,Clear,Dry,Daylight
2020-10-27T11:10:00.000,I 85,I 85 and Chamblee Tucker Rd,,Sideswipe-Same Direction,2,Cloudy,Dry,Daylight
2020-11-17T14:50:00.000,I 85,I 85 and Chamblee Tucker Rd,,Rear End,2,Clear,Dry,Daylight
2020-05-25T07:14:00.000,I 85,I 85 and Chamblee Tucker Rd,,Not a Collision with Motor Vehicle,1,Clear,Dry,Daylight
2020-06-27T22:39:00.000,I 85,I 85 and Chamblee Tucker Rd,,Sideswipe-Same Direction,2,Cloudy,Dry,Dark-Lighted
2020-07-07T12:20:00.000,I 85,I 85 and Chamblee Tucker Rd,,Sideswipe-Same Direction,2,Rain,Wet,Daylight
2020-06-14T13:30:00.000,I 85,I 85 and Chamblee Tucker Rd,,Sideswipe-Same Direction,2,Clear,Dry,Daylight
2020-10-02T17:30:00.000,I 85,I 85 and Chamblee Tucker Rd,,Sideswipe-Same Direction,2,Clear,Dry,Daylight
2020-01-21T17:14:00.000,I 85,I 85 and Chamblee Tucker Rd,,Sideswipe-Same Direction,2,Clear,Dry,Daylight
2020-07-16T18:30:00.000,I 85,I 85 and Chamblee Tucker Rd,,Sideswipe-Same Direction,2,Cloudy,Wet,Daylight
2020-11-19T17:25:00.000,I 85,I 85 and Chamblee Tucker Rd,,Sideswipe-Same Direction,2,Clear,Dry,Dark-Lighted
2020-09-17T08:45:00.000,I 85,I 85 and Chamblee Tucker Rd,,Angle Crash,2,Rain,Wet,Daylight
2020-08-06T08:25:00.000,I 85,I 85 and Chamblee Tucker Rd,,Rear End,3,Clear,Dry,Daylight
2020-11-30T15:20:00.000,I 85,I 85 and Chamblee Tucker Rd,,Rear End,2,Rain,Wet,Dark-Lighted
2020-11-12T15:32:00.000,I 85,I 85 and Chamblee Tucker Rd,,Rear End,2,Clear,Dry,Daylight
2020-06-12T15:52:00.000,I 85,I 85 and Chamblee Tucker Rd,,Rear End,6,Clear,Dry,Daylight
2020-09-06T14:14:00.000,I 85,I 85 and Chamblee Tucker Rd,,Rear End,2,Clear,Dry,Daylight
2020-12-04T16:05:00.000,I 85,I 85 and Chamblee Tucker Rd,,Rear End,2,Rain,Wet,Dusk
2020-01-06T18:05:00.000,I 85,I 85 and Chamblee Tucker Rd,,Rear End,2,Clear,Dry,Dark-Lighted
2020-05-27T18:00:00.000,I 85,I 85 and Chamblee Tucker Rd,,Not a Collision with Motor Vehicle,1,Rain,Wet,Daylight
2020-09-02T13:20:00.000,I 85,I 85 and Chamblee Tucker Rd,,Rear End,2,Clear,Dry,Daylight
2020-02-18T16:15:00.000,I 85,I 85 and Chamblee Tucker Rd,,Rear End,2,Rain,Wet,Daylight
2020-09-17T08:40:00.000,I 85,I 85 and Chamblee Tucker Rd,,Sideswipe-Same Direction,2,Rain,Wet,Daylight
2020-08-31T19:20:00.000,I 85,I 85 and Chamblee Tucker Rd,,Rear End,2,Clear,Dry,Dusk
2020-02-18T18:53:00.000,I 85,I 85 and Chamblee Tucker Rd,,Rear End,2,Rain,Wet,Dark-Lighted
2020-06-08T00:00:00.000,I 85,I 85 and Chamblee Tucker Rd,,Sideswipe-Same Direction,2,Clear,Dry,Dark-Not Lighted
2020-11-23T12:35:00.000,I 85,I 85 and Chamblee Tucker Rd,,Rear End,2,Clear,Dry,Daylight
2020-06-27T19:41:00.000,I 85,I 85 and Chamblee Tucker Rd,,Rear End,3,Cloudy,Wet,Daylight
2021-02-10T14:54:00.000,I 85,I 85 and Chamblee Tucker Rd,,Not a Collision with Motor Vehicle,1,Clear,Dry,Daylight
2021-04-13T20:55:00.000,I 85,I 85 and Chamblee Tucker Rd,,Angle Crash,2,Clear,Dry,Dark-Lighted
2021-06-30T17:00:00.000,I 85,I 85 and Chamblee Tucker Rd,,Rear End,4,Clear,Dry,Daylight
2021-02-12T20:50:00.000,I 85,I 85 and Chamblee Tucker Rd,,Not a Collision with Motor Vehicle,1,Cloudy,Wet,Dark-Not Lighted
2021-04-17T19:00:00.000,I 85,I 85 and Chamblee Tucker Rd,,Angle Crash,2,Clear,Dry,Daylight
2021-02-26T19:05:00.000,I 85,I 85 and Chamblee Tucker Rd,,Rear End,2,Clear,Dry,Dark-Not Lighted
2021-03-04T17:20:00.000,I 85,I 85 and Chamblee Tucker Rd,,Sideswipe-Same Direction,2,Clear,Dry,Daylight
2021-04-15T16:24:00.000,I 85,I 85 and Chamblee Tucker Rd,,Rear End,4,Clear,Dry,Daylight
2021-05-05T21:22:00.000,I 85,I 85 and Chamblee Tucker Rd,,Angle Crash,2,Clear,Dry,Dark-Not Lighted
2021-03-19T15:16:00.000,I 85,I 85 and Chamblee Tucker Rd,,Rear End,2,Cloudy,Dry,Daylight
2021-05-01T17:45:00.000,I 85,I 85 and Chamblee Tucker Rd,,Rear End,2,Clear,Dry,Daylight
2021-04-15T16:45:00.000,I 85,I 85 and Chamblee Tucker Rd,,Sideswipe-Same Direction,2,Clear,Dry,Daylight
2021-04-20T17:30:00.000,I 85,I 85 and Chamblee Tucker Rd,,Rear End,2,Clear,Dry,Daylight
2021-06-05T22:45:00.000,I 85,I 85 and Chamblee Tucker Rd,,Not a Collision with Motor Vehicle,2,Clear,Dry,Dark-Not Lighted
2021-02-05T17:45:00.000,I 85,I 85 and Chamblee Tucker Rd,,Rear End,2,Clear,Dry,Dark-Lighted
2021-06-28T16:00:00.000,I 85,I 85 and Chamblee Tucker Rd,,Rear End,3,Clear,Dry,Daylight
2021-03-12T22:02:00.000,I 85,I 85 and Chamblee Tucker Rd,,Sideswipe-Same Direction,2,Clear,Dry,Dark-Not Lighted
2021-06-21T16:30:00.000,I 85,I 85 and Chamblee Tucker Rd,,Not a Collision with Motor Vehicle,2,Cloudy,Dry,Daylight
2021-04-14T18:30:00.000,I 85,I 85 and Chamblee Tucker Rd,,Rear End,2,Clear,Dry,Daylight
2021-01-08T02:09:00.000,I 85,I 85 and Chamblee Tucker Rd,,Rear End,2,Rain,Wet,Dark-Not Lighted
2021-07-24T19:53:00.000,I 85,I 85 and Chamblee Tucker Rd,,Sideswipe-Same Direction,2,Cloudy,Dry,Daylight
2021-07-16T22:00:00.000,I 85,I 85 and Chamblee Tucker Rd,,Not a Collision with Motor Vehicle,1,Clear,Dry,Dark-Not Lighted
2021-08-01T03:04:00.000,I 85,I 85 and Chamblee Tucker Rd,,Rear End,2,Clear,Dry,Dark-Lighted
2021-08-19T07:42:00.000,I 85,I 85 and Chamblee Tucker Rd,,Angle Crash,2,Clear,Dry,Daylight
2021-11-23T18:27:00.000,I 85,I 85 and Chamblee Tucker Rd,,Rear End,3,Clear,Dry,Dark-Lighted
2021-07-09T14:00:00.000,I 85,I 85 and Chamblee Tucker Rd,,Sideswipe-Same Direction,2,Clear,Dry,Daylight
2021-09-30T19:50:00.000,I 85,I 85 and Chamblee Tucker Rd,,Sideswipe-Same Direction,2,Clear,Dry,Dark-Lighted
2021-10-02T03:40:00.000,I 85,I 85 and Chamblee Tucker Rd,,Rear End,2,Clear,Dry,Dark-Not Lighted
2021-12-08T07:48:00.000,I 85,I 85 and Chamblee Tucker Rd,,Not a Collision with Motor Vehicle,1,Cloudy,Wet,Daylight
2021-07-16T00:00:00.000,I 85,I 85 and Chamblee Tucker Rd,,Sideswipe-Same Direction,2,Clear,Dry,Dark-Not Lighted
2021-12-08T14:25:00.000,I 85,I 85 and Chamblee Tucker Rd,,Sideswipe-Same Direction,2,Clear,Dry,Daylight
2021-09-23T17:20:00.000,I 85,I 85 and Chamblee Tucker Rd,,Rear End,2,Clear,Dry,Daylight
2021-10-08T02:24:00.000,I 85,I 85 and Chamblee Tucker Rd,,Not a Collision with Motor Vehicle,2,Clear,Dry,Dark-Not Lighted
2021-07-23T00:13:00.000,I 85,I 85 and Chamblee Tucker Rd,,Rear End,2,Clear,Dry,Dark-Not Lighted
2021-10-07T16:20:00.000,I 85,I 85 and Chamblee Tucker Rd,,Rear End,2,Rain,Wet,Daylight
2021-08-05T18:05:00.000,I 85,I 85 and Chamblee Tucker Rd,,Rear End,2,Clear,Dry,Daylight
2021-08-26T16:20:00.000,I 85,I 85 and Chamblee Tucker Rd,,Rear End,2,Clear,Dry,Daylight
2021-11-22T00:30:00.000,I 85,I 85 and Chamblee Tucker Rd,,Not a Collision with Motor Vehicle,1,Clear,Dry,Dark-Not Lighted
2021-11-16T20:00:00.000,I 85,I 85 and Chamblee Tucker Rd,,Rear End,3,Clear,Dry,Dark-Lighted
2021-07-30T00:34:00.000,I 85,I 85 and Chamblee Tucker Rd,,Sideswipe-Same Direction,2,Clear,Dry,Dark-Lighted
2021-07-23T19:18:00.000,I 85,I 85 and Chamblee Tucker Rd,,Not a Collision with Motor Vehicle,1,Rain,Wet,Daylight
2021-12-16T09:00:00.000,I 85,I 85 and Chamblee Tucker Rd,,Angle Crash,2,Cloudy,Dry,Daylight
2021-11-17T21:20:00.000,I 85,I 85 and Chamblee Tucker Rd,,Not a Collision with Motor Vehicle,2,Clear,Dry,Daylight
2021-10-31T03:00:00.000,I 85,I 85 and Chamblee Tucker Rd,,Rear End,2,Clear,Dry,Dark-Lighted
2021-07-01T19:00:00.000,I 85,I 85 and Chamblee Tucker Rd,,Rear End,2,Clear,Dry,Daylight
2021-07-26T08:17:00.000,I 85,I 85 and Chamblee Tucker Rd,,Rear End,2,Clear,Dry,Daylight
2021-11-02T16:35:00.000,I 85,I 85 and Chamblee Tucker Rd,,Not a Collision with Motor Vehicle,2,Clear,Dry,Daylight
2021-12-01T18:20:00.000,I 85,I 85 and Chamblee Tucker Rd,,Rear End,3,Clear,Dry,Dark-Lighted
2021-08-20T17:19:00.000,I 85,I 85 and Chamblee Tucker Rd,,Angle Crash,2,Cloudy,Dry,Daylight
2021-09-09T06:19:00.000,I 85,I 85 and Chamblee Tucker Rd,,Sideswipe-Same Direction,2,Cloudy,Dry,Dark-Lighted
2021-11-29T18:00:00.000,I 85,I 85 and Chamblee Tucker Rd,,Rear End,2,Clear,Dry,Dark-Lighted
2021-10-19T07:20:00.000,I 85,I 85 and Chamblee Tucker Rd,,Rear End,2,Clear,Dry,Dark-Lighted
2021-11-03T09:20:00.000,I 85,I 85 and Chamblee Tucker Rd,,Not a Collision with Motor Vehicle,1,Clear,Dry,Daylight
2022-05-05T15:18:00.000,I 85,I 85 and Chamblee Tucker Rd,,Angle Crash,2,Clear,Dry,Daylight
2022-07-20T00:12:00.000,I 85,I 85 and Chamblee Tucker Rd,,Not a Collision with Motor Vehicle,1,Clear,Wet,Dark-Not Lighted
2022-02-16T19:25:00.000,I 85,I 85 and Chamblee Tucker Rd,,Sideswipe-Same Direction,2,Clear,Dry,Dark-Lighted
2022-06-20T14:47:00.000,I 85,I 85 and Chamblee Tucker Rd,,Rear End,3,Clear,Dry,Daylight
2022-09-30T12:00:00.000,I 85,I 85 and Chamblee Tucker Rd,,Angle Crash,2,Cloudy,Dry,Daylight
2022-09-11T17:44:00.000,I 85,I 85 and Chamblee Tucker Rd,,Sideswipe-Same Direction,2,Clear,Dry,Daylight
2022-11-12T23:39:00.000,I 85,I 85 and Chamblee Tucker Rd,,Angle Crash,3,Clear,Dry,Dark-Lighted
2022-10-14T12:38:00.000,I 85,I 85 and Chamblee Tucker Rd,,Not a Collision with Motor Vehicle,1,Clear,Dry,Daylight
2022-04-13T16:15:00.000,I 85,I 85 and Chamblee Tucker Rd,,Rear End,2,Clear,Dry,Daylight
2022-12-12T00:00:00.000,I 85,I 85 and Chamblee Tucker Rd,,Rear End,2,Clear,Dry,Daylight
2022-07-25T18:10:00.000,I 85,I 85 and Chamblee Tucker Rd,,Sideswipe-Same Direction,2,Cloudy,Dry,Daylight
2022-05-06T16:20:00.000,I 85,I 85 and Chamblee Tucker Rd,,Rear End,3,Clear,Dry,Daylight
2022-02-21T16:55:00.000,I 85,I 85 and Chamblee Tucker Rd,,Rear End,2,Rain,Wet,Daylight
2021-11-10T20:45:00.000,I 85,I 85 and Chamblee Tucker Rd,,Rear End,2,Clear,Dry,Daylight
2021-12-08T07:40:00.000,I 85,I 85 and Chamblee Tucker Rd,,Rear End,3,Cloudy,Wet,Daylight
2021-10-19T16:30:00.000,I 85,I 85 and Chamblee Tucker Rd,,Rear End,2,Clear,Dry,Daylight
2021-07-09T09:12:00.000,I 85,I 85 and Chamblee Tucker Rd,,Sideswipe-Same Direction,2,Cloudy,Dry,Daylight
2021-08-29T08:53:00.000,I 85,I 85 and Chamblee Tucker Rd,,Rear End,2,Cloudy,Dry,Daylight
2021-12-13T12:10:00.000,I 85,I 85 and Chamblee Tucker Rd,,Not a Collision with Motor Vehicle,1,Clear,Dry,Daylight
2021-08-12T19:10:00.000,I 85,I 85 and Chamblee Tucker Rd,,Rear End,2,Clear,Dry,Daylight
2021-11-03T00:00:00.000,I 85,I 85 and Chamblee Tucker Rd,,Not a Collision with Motor Vehicle,1,Clear,Dry,Daylight
2021-11-24T09:20:00.000,I 85,I 85 and Chamblee Tucker Rd,,Angle Crash,2,Clear,Dry,Daylight
2022-02-06T13:45:00.000,I 85,I 85 and Chamblee Tucker Rd,,Sideswipe-Same Direction,2,Clear,Dry,Daylight
2022-07-01T02:29:00.000,I 85,I 85 and Chamblee Tucker Rd,,Rear End,2,Cloudy,Dry,Dark-Lighted
2022-01-31T18:15:00.000,I 85,I 85 and Chamblee Tucker Rd,,Sideswipe-Same Direction,2,Clear,Dry,Dark-Not Lighted
2022-02-10T20:00:00.000,I 85,I 85 and Chamblee Tucker Rd,,Rear End,2,Clear,Dry,Dark-Lighted
2022-04-21T17:51:00.000,I 85,I 85 and Chamblee Tucker Rd,,Rear End,2,Clear,Dry,Daylight
2022-05-13T14:36:00.000,I 85,I 85 and Chamblee Tucker Rd,,Angle Crash,2,Clear,Dry,Daylight
2022-06-25T18:20:00.000,I 85,I 85 and Chamblee Tucker Rd,,Rear End,2,Clear,Dry,Daylight
2022-04-05T17:30:00.000,I 85,I 85 and Chamblee Tucker Rd,,Sideswipe-Same Direction,2,Cloudy,Wet,Daylight
2022-01-23T00:00:00.000,I 85,I 85 and Chamblee Tucker Rd,,Rear End,2,Clear,Dry,Dark-Not Lighted
2022-07-20T22:33:00.000,I 85,I 85 and Chamblee Tucker Rd,,Not a Collision with Motor Vehicle,1,Clear,Dry,Dark-Lighted
2022-02-18T22:14:00.000,I 85,I 85 and Chamblee Tucker Rd,,Rear End,2,Clear,Dry,Dark-Lighted
2022-07-04T23:50:00.000,I 85,I 85 and Chamblee Tucker Rd,,Angle Crash,3,Cloudy,Wet,Dark-Not Lighted
2022-03-04T12:05:00.000,I 85,I 85 and Chamblee Tucker Rd,,Not a Collision with Motor Vehicle,1,Clear,Dry,Daylight
2022-01-30T23:00:00.000,I 85,I 85 and Chamblee Tucker Rd,,Sideswipe-Same Direction,2,Clear,Dry,Dark-Not Lighted
2022-08-17T21:08:00.000,I 85,I 85 and Chamblee Tucker Rd,,Rear End,2,Rain,Wet,Dark-Lighted
2022-08-21T00:42:00.000,I 85,I 85 and Chamblee Tucker Rd,,Sideswipe-Same Direction,2,Cloudy,Wet,Dark-Lighted
2022-05-01T19:00:00.000,I 85,I 85 and Chamblee Tucker Rd,,Rear End,2,Clear,Dry,Daylight
2022-09-13T18:30:00.000,I 85,I 85 and Chamblee Tucker Rd,,Rear End,2,Clear,Dry,Daylight
2022-07-04T22:20:00.000,I 85,I 85 and Chamblee Tucker Rd,,Rear End,3,Cloudy,Wet,Dark-Not Lighted
2022-12-14T18:30:00.000,I 85,I 85 and Chamblee Tucker Rd,,Sideswipe-Same Direction,2,Rain,Wet,Dark-Lighted
2022-11-11T22:00:00.000,I 85,I 85 and Chamblee Tucker Rd,,Angle Crash,2,Rain,Wet,Dark-Lighted
2022-04-21T17:51:00.000,I 85,I 85 and Chamblee Tucker Rd,,Rear End,5,Clear,Dry,Daylight
2022-12-08T19:40:00.000,I 85,I 85 and Chamblee Tucker Rd,,Sideswipe-Same Direction,2,Clear,Dry,Dark-Not Lighted
2022-02-28T16:08:00.000,I 85,I 85 and Chamblee Tucker Rd,,Rear End,2,Clear,Dry,Daylight
2022-04-24T12:05:00.000,I 85,I 85 and Chamblee Tucker Rd,,Sideswipe-Same Direction,2,Clear,Dry,Daylight
2022-11-16T02:00:00.000,I 85,I 85 and Chamblee Tucker Rd,,Sideswipe-Same Direction,2,Clear,Dry,Dark-Lighted
2022-08-04T13:36:00.000,I 85,I 85 and Chamblee Tucker Rd,,Angle Crash,3,Clear,Dry,Daylight
2022-07-28T22:56:00.000,I 85,I 85 and Chamblee Tucker Rd,,Angle Crash,3,Clear,Dry,Dark-Lighted
2022-07-14T19:05:00.000,I 85,I 85 and Chamblee Tucker Rd,,Sideswipe-Same Direction,2,Clear,Dry,Daylight
2022-08-05T07:25:00.000,I 85,I 85 and Chamblee Tucker Rd,,Rear End,2,Clear,Dry,Daylight
2022-11-29T20:45:00.000,I 85,I 85 and Chamblee Tucker Rd,,Sideswipe-Same Direction,2,Clear,Dry,Dark-Lighted
2022-09-08T16:27:00.000,I 85,I 85 and Chamblee Tucker Rd,,Rear End,2,Clear,Dry,Daylight
2022-07-04T22:35:00.000,I 85,I 85 and Chamblee Tucker Rd,,Angle Crash,3,Cloudy,Wet,Dark-Not Lighted
2021-12-05T19:40:00.000,I 85,I 85 and Chamblee Tucker Rd,,Sideswipe-Same Direction,2,Clear,Dry,Dark-Lighted
2021-09-08T19:30:00.000,I 85,I 85 and Chamblee Tucker Rd,,Not a Collision with Motor Vehicle,1,Clear,Dry,Daylight
2021-08-22T02:37:00.000,I 85,I 85 and Chamblee Tucker Rd,,Rear End,4,Rain,Wet,Dark-Lighted
2021-09-07T11:15:00.000,I 85,I 85 and Chamblee Tucker Rd,,Not a Collision with Motor Vehicle,1,Cloudy,Wet,Daylight
2021-08-26T17:30:00.000,I 85,I 85 and Chamblee Tucker Rd,,Sideswipe-Same Direction,2,Clear,Dry,Daylight
2022-04-05T18:26:00.000,I 85,I 85 and Chamblee Tucker Rd,,Rear End,2,Cloudy,Wet,Daylight
2022-07-19T18:01:00.000,I 85,I 85 and Chamblee Tucker Rd,,Angle Crash,2,Clear,Water (standing or moving),Daylight
2022-01-23T19:25:00.000,I 85,I 85 and Chamblee Tucker Rd,,Not a Collision with Motor Vehicle,1,Clear,Dry,Dark-Not Lighted
2022-07-07T19:20:00.000,I 85,I 85 and Chamblee Tucker Rd,,Rear End,2,Clear,Dry,Daylight
2022-07-14T21:44:00.000,I 85,I 85 and Chamblee Tucker Rd,,Sideswipe-Same Direction,2,Clear,Dry,Dark-Lighted
2022-10-25T04:41:00.000,I 85,I 85 and Chamblee Tucker Rd,,Rear End,2,Clear,Dry,Dark-Lighted
2022-08-17T20:51:00.000,I 85,I 85 and Chamblee Tucker Rd,,Rear End,2,Rain,Wet,Dark-Lighted
2022-09-06T15:50:00.000,I 85,I 85 and Chamblee Tucker Rd,,Not a Collision with Motor Vehicle,2,Cloudy,Dry,Daylight
2022-03-24T19:23:00.000,I 85,I 85 and Chamblee Tucker Rd,,Sideswipe-Same Direction,2,Clear,Dry,Daylight
2022-12-24T20:14:00.000,I 85,I 85 and Chamblee Tucker Rd,,Sideswipe-Same Direction,2,Clear,Dry,Dark-Lighted
2022-08-04T21:30:00.000,I 85,I 85 and Chamblee Tucker Rd,,Rear End,2,Cloudy,Wet,Dark-Lighted
2022-02-23T09:08:00.000,I 85,I 85 and Chamblee Tucker Rd,,Rear End,2,Rain,Wet,Daylight
2022-07-18T19:40:00.000,I 85,I 85 and Chamblee Tucker Rd,,Sideswipe-Same Direction,2,Cloudy,Wet,Daylight
2022-03-26T01:30:00.000,I 85,I 85 and Chamblee Tucker Rd,,Not a Collision with Motor Vehicle,1,Clear,Dry,Dark-Lighted
2022-01-23T19:38:00.000,I 85,I 85 and Chamblee Tucker Rd,,Not a Collision with Motor Vehicle,1,Clear,Dry,Dark-Not Lighted
2022-01-23T19:28:00.000,I 85,I 85 and Chamblee Tucker Rd,,Rear End,2,Clear,Dry,Dark-Not Lighted
2022-09-20T17:41:00.000,I 85,I 85 and Chamblee Tucker Rd,,Rear End,2,Clear,Dry,Daylight
2022-01-21T18:30:00.000,I 85,I 85 and Chamblee Tucker Rd,,Angle Crash,3,Clear,Dry,Dark-Lighted
2022-03-08T17:15:00.000,I 85,I 85 and Chamblee Tucker Rd,,Not a Collision with Motor Vehicle,1,Rain,Wet,Daylight
2022-02-07T18:50:00.000,I 85,I 85 and Chamblee Tucker Rd,,Rear End,2,Clear,Dry,Dark-Lighted
2022-08-04T21:30:00.000,I 85,I 85 and Chamblee Tucker Rd,,Not a Collision with Motor Vehicle,1,Cloudy,Wet,Dark-Lighted
2022-10-14T12:32:00.000,I 85,I 85 and Chamblee Tucker Rd,,Angle Crash,2,Clear,Dry,Daylight
2022-03-01T03:42:00.000,I 85,I 85 and Chamblee Tucker Rd,,Sideswipe-Same Direction,4,Clear,Dry,Dark-Lighted
2022-04-11T18:00:00.000,I 85,I 85 and Chamblee Tucker Rd,,Rear End,2,Cloudy,Dry,Daylight
2022-08-10T19:00:00.000,I 85,I 85 and Chamblee Tucker Rd,,Angle Crash,2,Clear,Dry,Daylight
2022-04-15T17:00:00.000,I 85,I 85 and Chamblee Tucker Rd,,Angle Crash,3,Clear,Dry,Daylight
2022-09-10T07:46:00.000,I 85,I 85 and Chamblee Tucker Rd,,Angle Crash,3,Rain,Wet,Daylight
2022-01-25T22:00:00.000,I 85,I 85 and Chamblee Tucker Rd,,Sideswipe-Same Direction,2,Clear,Dry,Dark-Not Lighted
2022-09-21T19:55:00.000,I 85,I 85 and Chamblee Tucker Rd,,Rear End,3,Clear,Dry,Dark-Lighted
2022-09-19T15:00:00.000,I 85,I 85 and Chamblee Tucker Rd,,Sideswipe-Same Direction,2,Clear,Dry,Daylight
2022-05-15T02:45:00.000,I 85,I 85 and Chamblee Tucker Rd,,Rear End,3,Clear,Dry,Dark-Not Lighted
2022-08-17T06:00:00.000,I 85,I 85 and Chamblee Tucker Rd,,Sideswipe-Same Direction,2,Cloudy,Dry,Daylight
2022-07-04T22:41:00.000,I 85,I 85 and Chamblee Tucker Rd,,Rear End,2,Cloudy,Wet,Dark-Lighted
2022-03-31T09:30:00.000,I 85,I 85 and Chamblee Tucker Rd,,Sideswipe-Same Direction,2,Cloudy,Wet,Daylight
2022-11-07T14:51:00.000,I 85,I 85 and Chamblee Tucker Rd,,Angle Crash,2,Clear,Dry,Daylight
2022-09-28T19:00:00.000,I 85,I 85 and Chamblee Tucker Rd,,Rear End,2,Clear,Dry,Dawn
2022-04-25T18:20:00.000,I 85,I 85 and Chamblee Tucker Rd,,Rear End,3,Clear,Dry,Daylight
2022-12-09T06:23:00.000,I 85,I 85 and Chamblee Tucker Rd,,Rear End,2,Cloudy,Dry,Dark-Not Lighted
2022-11-10T18:33:00.000,I 85,I 85 and Chamblee Tucker Rd,,Rear End,2,Rain,Wet,Dark-Not Lighted
2022-04-25T15:08:00.000,I 85,I 85 and Chamblee Tucker Rd,,Sideswipe-Same Direction,2,Clear,Dry,Daylight
2022-02-24T02:00:00.000,I 85,I 85 and Chamblee Tucker Rd,,Sideswipe-Same Direction,2,Clear,Dry,Dark-Lighted
2022-07-26T07:59:00.000,I 85,I 85 and Chamblee Tucker Rd,,Rear End,2,Clear,Dry,Daylight
2022-12-20T16:16:00.000,I 85,I 85 and Chamblee Tucker Rd,,Rear End,2,Clear,Dry,Daylight
2022-07-04T22:38:00.000,I 85,I 85 and Chamblee Tucker Rd,,Rear End,4,Cloudy,Wet,Dark-Lighted
2022-08-11T09:50:00.000,I 85,I 85 and Chamblee Tucker Rd,,Rear End,2,Cloudy,Dry,Daylight
2022-04-23T18:28:00.000,I 85,I 85 and Chamblee Tucker Rd,,Rear End,2,Clear,Dry,Daylight
2022-10-03T15:58:00.000,I 85,I 85 and Chamblee Tucker Rd,,Sideswipe-Same Direction,2,Clear,Dry,Daylight
2022-06-13T16:40:00.000,I 85,I 85 and Chamblee Tucker Rd,,Rear End,2,Clear,Dry,Daylight
2022-12-14T18:15:00.000,I 85,I 85 and Chamblee Tucker Rd,,Rear End,2,Rain,Wet,Daylight
2022-12-06T08:35:00.000,I 85,I 85 and Chamblee Tucker Rd,,Rear End,2,Cloudy,Wet,Daylight
2022-03-23T06:05:00.000,I 85,I 85 and Chamblee Tucker Rd,,Sideswipe-Same Direction,2,Rain,Wet,Dark-Lighted
2022-12-16T20:39:00.000,I 85,I 85 and Chamblee Tucker Rd,,Rear End,2,Clear,Dry,Dark-Not Lighted
2022-03-14T07:27:00.000,I 85,I 85 and Chamblee Tucker Rd,,Rear End,2,Clear,Dry,Daylight
2022-08-02T00:00:00.000,I 85,I 85 and Chamblee Tucker Rd,,Sideswipe-Same Direction,2,Clear,Dry,Daylight
2022-10-26T18:00:00.000,I 85,I 85 and Chamblee Tucker Rd,,Sideswipe-Same Direction,2,Clear,Dry,Daylight
2022-09-19T16:32:00.000,I 85,I 85 and Chamblee Tucker Rd,,Rear End,2,Clear,Dry,Daylight
2022-04-08T07:30:00.000,I 85,I 85 and Chamblee Tucker Rd,,Angle Crash,2,Clear,Dry,Daylight
2022-12-09T12:29:00.000,I 85,I 85 and Chamblee Tucker Rd,,Rear End,2,Rain,Wet,Daylight
2022-10-21T06:55:00.000,I 85,I 85 and Chamblee Tucker Rd,,Sideswipe-Same Direction,2,Clear,Dry,Dark-Lighted
2022-05-02T15:30:00.000,I 85,I 85 and Chamblee Tucker Rd,,Angle Crash,2,Clear,Dry,Daylight