Date and Time,Roadway (From Crash Report),Intersection Name (from Crash Report),KABCO Severity,Manner of Collision (Crash Level) ,# of Vehicles per crash ,Weather Conditions (Crash Level),Surface Condition (Crash Level) ,Light Conditions (Crash Level)
2022-11-06T20:30:00.000,I 85,I 85 and Chamblee Tucker Rd,,Rear End,2,Clear,Dry,Dark-Lighted
2022-01-02T19:10:00.000,I 85,I 85 and Chamblee Tucker Rd,,Head On,2,Clear,Dry,Dark-Lighted
2022-07-19T17:19:00.000,I 85,I 85 and Chamblee Tucker Rd,,Not a Collision with Motor Vehicle,1,Clear,Dry,Daylight
2022-11-17T19:30:00.000,I 85,I 85 and Chamblee Tucker Rd,,Angle Crash,2,Clear,Dry,Dark-Lighted
2022-11-17T19:40:00.000,I 85,I 85 and Chamblee Tucker Rd,,Sideswipe-Same Direction,2,Clear,Dry,Dark-Not Lighted
2022-08-15T17:05:00.000,I 85,I 85 and Chamblee Tucker Rd,,Not a Collision with Motor Vehicle,1,Clear,Dry,Daylight
2022-06-18T04:03:00.000,I 85,I 85 and Chamblee Tucker Rd,,Sideswipe-Same Direction,3,Clear,Dry,Dark-Lighted
2022-03-24T19:00:00.000,I 85,I 85 and Chamblee Tucker Rd,,Rear End,2,Clear,Dry,Daylight
2022-08-21T20:50:00.000,I 85,I 85 and Chamblee Tucker Rd,,Not a Collision with Motor Vehicle,1,Clear,Dry,Dark-Lighted
2022-03-31T14:23:00.000,I 85,I 85 and Chamblee Tucker Rd,,Rear End,2,Cloudy,Dry,Daylight
2022-03-31T09:50:00.000,I 85,I 85 and Chamblee Tucker Rd,,Rear End,2,Cloudy,Wet,Daylight
2022-07-18T18:20:00.000,I 85,I 85 and Chamblee Tucker Rd,,Not a Collision with Motor Vehicle,1,Rain,Water (standing or moving),Daylight
2022-03-29T08:48:00.000,I 85,I 85 and Chamblee Tucker Rd,,Sideswipe-Same Direction,2,Cloudy,Dry,Daylight
2022-11-17T19:20:00.000,I 85,I 85 and Chamblee Tucker Rd,,Rear End,2,Clear,Dry,Dark-Not Lighted
2022-08-10T15:20:00.000,I 85,I 85 and Chamblee Tucker Rd,,Rear End,2,Clear,Dry,Daylight
2022-10-25T02:03:00.000,I 85,I 85 and Chamblee Tucker Rd,,Rear End,2,Clear,Dry,Dark-Lighted
2022-06-18T01:00:00.000,I 85,I 85 and Chamblee Tucker Rd,,Angle Crash,2,Clear,Dry,Dark-Lighted
2022-12-20T01:23:00.000,I 85,I 85 and Chamblee Tucker Rd,,Not a Collision with Motor Vehicle,1,Clear,Dry,Dark-Lighted
2022-02-04T16:05:00.000,I 85,I 85 and Chamblee Tucker Rd,,Sideswipe-Same Direction,2,Clear,Dry,Daylight
2022-12-15T01:35:00.000,I 85,I 85 and Chamblee Tucker Rd,,Not a Collision with Motor Vehicle,1,Rain,Wet,Dark-Not Lighted
2022-12-26T18:39:00.000,I 85,I 85 and Chamblee Tucker Rd,,Rear End,2,Clear,Dry,Daylight
2022-09-23T16:03:00.000,I 85,I 85 and Chamblee Tucker Rd,,Rear End,2,Clear,Dry,Daylight
2022-01-23T19:28:00.000,I 85,I 85 and Chamblee Tucker Rd,,Rear End,2,Clear,Dry,Dark-Not Lighted
2022-09-13T17:30:00.000,I 85,I 85 and Chamblee Tucker Rd,,Rear End,2,Clear,Dry,Daylight
2022-02-06T02:30:00.000,I 85,I 85 and Chamblee Tucker Rd,,Sideswipe-Same Direction,2,Clear,Dry,Dark-Lighted
2022-01-29T18:32:00.000,I 85,I 85 and Chamblee Tucker Rd,,Sideswipe-Same Direction,2,Clear,Dry,Dark-Lighted
2022-11-13T21:25:00.000,I 85,I 85 and Chamblee Tucker Rd,,Sideswipe-Same Direction,2,Clear,Dry,Dark-Lighted
2022-09-14T18:35:00.000,I 85,I 85 and Chamblee Tucker Rd,,Rear End,2,Clear,Dry,Daylight
2022-04-07T14:45:00.000,I 85,I 85 and Chamblee Tucker Rd,,Rear End,2,Clear,Dry,Daylight
2022-12-05T08:00:00.000,I 85,I 85 and Chamblee Tucker Rd,,Rear End,3,Cloudy,Wet,Daylight
2022-01-13T07:21:00.000,I 85,I 85 and Chamblee Tucker Rd,,Rear End,2,Clear,Dry,Daylight
2022-10-25T02:03:00.000,I 85,I 85 and Chamblee Tucker Rd,,Rear End,2,Clear,Dry,Dark-Lighted
2022-12-09T06:23:00.000,I 85,I 85 and Chamblee Tucker Rd,,Not a Collision with Motor Vehicle,1,Cloudy,Dry,Dark-Not Lighted
2022-08-25T08:59:00.000,I 85,I 85 and Chamblee Tucker Rd,,Rear End,2,Rain,Wet,Daylight
2022-11-22T03:20:00.000,I 85,I 85 and Chamblee Tucker Rd,,Sideswipe-Same Direction,2,Clear,Dry,Dark-Lighted
2022-02-10T15:05:00.000,I 85,I 85 and Chamblee Tucker Rd,,Sideswipe-Same Direction,2,Clear,Dry,Daylight
2022-03-08T17:30:00.000,I 85,I 85 and Chamblee Tucker Rd,,Angle Crash,2,Rain,Wet,Dark-Lighted
2022-02-16T02:21:00.000,I 85,I 85 and Chamblee Tucker Rd,,Angle Crash,2,Clear,Dry,Dark-Not Lighted
2022-01-10T11:00:00.000,I 85,I 85 and Chamblee Tucker Rd,,Rear End,2,Clear,Dry,Daylight
2022-04-22T11:38:00.000,I 85,I 85 and Chamblee Tucker Rd,,Rear End,2,Clear,Dry,Daylight
2022-06-04T02:04:00.000,I 85,I 85 and Chamblee Tucker Rd,,Rear End,2,Clear,Dry,Dark-Lighted
2022-02-07T19:50:00.000,I 85,I 85 and Chamblee Tucker Rd,,Rear End,2,Clear,Dry,Dark-Lighted
2022-07-10T17:02:00.000,I 85,I 85 and Chamblee Tucker Rd,,Angle Crash,2,Clear,Dry,Daylight
2022-02-21T17:30:00.000,I 85,I 85 and Chamblee Tucker Rd,,Not a Collision with Motor Vehicle,1,Rain,Wet,Dark-Lighted
2022-10-31T22:04:00.000,I 85,I 85 and Chamblee Tucker Rd,,Rear End,2,Cloudy,Dry,Dark-Not Lighted
2022-05-18T20:50:00.000,I 85,I 85 and Chamblee Tucker Rd,,Angle Crash,2,Clear,Dry,Dark-Lighted
2022-01-23T19:29:00.000,I 85,I 85 and Chamblee Tucker Rd,,Rear End,2,Clear,Dry,Dark-Not Lighted
2022-02-21T15:00:00.000,I 85,I 85 and Chamblee Tucker Rd,,Rear End,2,Rain,Wet,Daylight
2022-12-31T11:41:00.000,I 85,I 85 and Chamblee Tucker Rd,,Not a Collision with Motor Vehicle,1,Rain,Wet,Daylight
2022-02-21T17:10:00.000,I 85,I 85 and Chamblee Tucker Rd,,Sideswipe-Same Direction,3,Rain,Wet,Daylight
2023-02-28T08:08:00.000,I 85,I 85 and Chamblee Tucker Rd,,Rear End,2,Clear,Dry,Daylight
2023-06-24T00:07:00.000,I 85,I 85 and Chamblee Tucker Rd,,Angle Crash,3,Clear,Dry,Dark-Lighted
2023-10-25T18:00:00.000,I 85,I 85 and Chamblee Tucker Rd,,Rear End,2,Clear,Dry,Daylight
2024-08-31T06:27:00.000,I 85,I 85 and Chamblee Tucker Rd,,Rear End,2,Cloudy,Wet,Dark-Not Lighted
2024-06-06T17:42:00.000,I 85,I 85 and Chamblee Tucker Rd,,Sideswipe-Same Direction,2,Clear,Dry,Daylight
2024-07-05T17:23:00.000,I 85,I 85 and Chamblee Tucker Rd,,Not a Collision with Motor Vehicle,2,Clear,Dry,Daylight
2024-04-17T16:21:00.000,I 85,I 85 and Chamblee Tucker Rd,,Sideswipe-Same Direction,2,Clear,Dry,Daylight
2024-03-20T01:03:00.000,I 85,I 85 and Chamblee Tucker Rd,,Rear End,2,Clear,Dry,Dark-Lighted
2024-12-11T19:55:00.000,I 85,I 85 and Chamblee Tucker Rd,,Not a Collision with Motor Vehicle,1,Clear,Dry,Dark-Lighted
2024-05-14T19:03:00.000,I 85,I 85 and Chamblee Tucker Rd,,Rear End,2,Clear,Dry,Daylight
2024-11-23T18:20:00.000,I 85,I 85 and Chamblee Tucker Rd,,Angle Crash,2,Clear,Dry,Dark-Lighted
2024-07-23T11:07:00.000,I 85,I 85 and Chamblee Tucker Rd,,Angle Crash,2,Cloudy,Dry,Daylight
2024-12-12T10:50:00.000,I 85,I 85 and Chamblee Tucker Rd,,Rear End,2,Clear,Dry,Daylight
2024-11-18T16:33:00.000,I 85,I 85 and Chamblee Tucker Rd,,Not a Collision with Motor Vehicle,1,Clear,Dry,Daylight
2024-04-12T18:50:00.000,I 85,I 85 and Chamblee Tucker Rd,,Rear End,2,Clear,Dry,Daylight
2024-10-08T12:22:00.000,I 85,I 85 and Chamblee Tucker Rd,,Sideswipe-Same Direction,2,Clear,Dry,Daylight
2024-10-04T18:25:00.000,I 85,I 85 and Chamblee Tucker Rd,,Rear End,2,Cloudy,Dry,Daylight
2024-07-27T21:00:00.000,I 85,I 85 and Chamblee Tucker Rd,,Not a Collision with Motor Vehicle,1,Clear,Dry,Dark-Not Lighted
2024-06-20T15:49:00.000,I 85,I 85 and Chamblee Tucker Rd,,Angle Crash,2,Clear,Dry,Daylight
2024-12-26T12:17:00.000,I 85,I 85 and Chamblee Tucker Rd,,Rear End,2,Clear,Dry,Daylight
2024-07-04T12:06:00.000,I 85,I 85 and Chamblee Tucker Rd,,Rear End,2,Clear,Dry,Daylight
2024-12-17T19:00:00.000,I 85,I 85 and Chamblee Tucker Rd,,Sideswipe-Opposite Direction,2,Clear,Dry,Dark-Lighted
2024-04-04T06:02:00.000,I 85,I 85 and Chamblee Tucker Rd,,Rear End,2,Clear,Dry,Dark-Lighted
2023-03-14T08:30:00.000,I 85,I 85 and Chamblee Tucker Rd,,Not a Collision with Motor Vehicle,2,Clear,Dry,Daylight
2023-05-01T10:00:00.000,I 85,I 85 and Chamblee Tucker Rd,,Not a Collision with Motor Vehicle,1,Clear,Dry,Daylight
2023-02-18T05:01:00.000,I 85,I 85 and Chamblee Tucker Rd,,Not a Collision with Motor Vehicle,1,Clear,Dry,Dark-Lighted
2024-03-10T21:00:00.000,I 85,I 85 and Chamblee Tucker Rd,,Angle Crash,2,Clear,Dry,Dark-Lighted
2024-10-20T18:10:00.000,I 85,I 85 and Chamblee Tucker Rd,,Rear End,2,Clear,Dry,Dark-Lighted
2024-11-02T22:30:00.000,I 85,I 85 and Chamblee Tucker Rd,,Rear End,2,Clear,Dry,Dark-Not Lighted
2024-03-06T08:02:00.000,I 85,I 85 and Chamblee Tucker Rd,,Not a Collision with Motor Vehicle,1,Cloudy,Wet,Daylight
2023-01-11T07:38:00.000,I 85,I 85 and Chamblee Tucker Rd,,Angle Crash,3,Clear,Dry,Dawn
2023-10-05T19:40:00.000,I 85,I 85 and Chamblee Tucker Rd,,Sideswipe-Same Direction,2,Clear,Dry,Dark-Lighted
2023-05-08T22:17:00.000,I 85,I 85 and Chamblee Tucker Rd,,Sideswipe-Same Direction,2,Clear,Dry,Dark-Lighted
2023-10-03T21:40:00.000,I 85,I 85 and Chamblee Tucker Rd,,Not a Collision with Motor Vehicle,1,Clear,Dry,Dark-Lighted
2023-08-21T19:22:00.000,I 85,I 85 and Chamblee Tucker Rd,,Sideswipe-Same Direction,2,Clear,Dry,Daylight
2023-12-05T19:00:00.000,I 85,I 85 and Chamblee Tucker Rd,,Rear End,2,Clear,Dry,Dark-Lighted
2023-08-28T07:50:00.000,I 85,I 85 and Chamblee Tucker Rd,,Rear End,3,Clear,Wet,Daylight
2023-11-13T08:19:00.000,I 85,I 85 and Chamblee Tucker Rd,,Rear End,2,Clear,Dry,Daylight
2023-06-08T23:13:00.000,I 85,I 85 and Chamblee Tucker Rd,,Angle Crash,2,Clear,Dry,Dark-Lighted
2023-08-01T18:00:00.000,I 85,I 85 and Chamblee Tucker Rd,,Rear End,2,Clear,Dry,Daylight
2023-07-23T11:40:00.000,I 85,I 85 and Chamblee Tucker Rd,,Rear End,2,Clear,Dry,Daylight
2023-06-17T12:15:00.000,I 85,I 85 and Chamblee Tucker Rd,,Rear End,2,Clear,Dry,Daylight
2023-07-16T18:06:00.000,I 85,I 85 and Chamblee Tucker Rd,,Angle Crash,2,Clear,Dry,Daylight
2023-05-15T07:14:00.000,I 85,I 85 and Chamblee Tucker Rd,,Rear End,2,Clear,Dry,Daylight
2023-01-04T00:00:00.000,I 85,I 85 and Chamblee Tucker Rd,,Sideswipe-Same Direction,2,Clear,Dry,Daylight
2023-11-08T05:50:00.000,I 85,I 85 and Chamblee Tucker Rd,,Not a Collision with Motor Vehicle,1,Clear,Dry,Dark-Lighted
2023-01-11T09:53:00.000,I 85,I 85 and Chamblee Tucker Rd,,Rear End,2,Cloudy,Dry,Daylight
2023-11-16T17:24:00.000,I 85,I 85 and Chamblee Tucker Rd,,Angle Crash,2,Clear,Dry,Daylight
2023-01-08T11:40:00.000,I 85,I 85 and Chamblee Tucker Rd,,Sideswipe-Same Direction,2,Cloudy,Dry,Daylight
2023-05-13T16:31:00.000,I 85,I 85 and Chamblee Tucker Rd,,Rear End,2,Clear,Dry,Daylight
2023-08-14T00:00:00.000,I 85,I 85 and Chamblee Tucker Rd,,Angle Crash,2,Clear,Dry,Dark-Lighted
2023-12-13T09:35:00.000,I 85,I 85 and Chamblee Tucker Rd,,Rear End,2,Cloudy,Dry,Daylight
2023-11-30T16:00:00.000,I 85,I 85 and Chamblee Tucker Rd,,Sideswipe-Same Direction,2,Clear,Dry,Daylight
2023-07-06T19:45:00.000,I 85,I 85 and Chamblee Tucker Rd,,Rear End,2,Clear,Dry,Daylight
2023-08-16T17:35:00.000,I 85,I 85 and Chamblee Tucker Rd,,Rear End,2,Clear,Dry,Daylight
2023-01-02T15:30:00.000,I 85,I 85 and Chamblee Tucker Rd,,Sideswipe-Same Direction,2,Clear,Dry,Daylight
2023-02-16T18:10:00.000,I 85,I 85 and Chamblee Tucker Rd,,Sideswipe-Same Direction,2,Clear,Dry,Dark-Not Lighted
2023-01-08T15:00:00.000,I 85,I 85 and Chamblee Tucker Rd,,Sideswipe-Same Direction,2,Cloudy,Dry,Daylight
2023-02-27T16:15:00.000,I 85,I 85 and Chamblee Tucker Rd,,Rear End,2,Cloudy,Dry,Daylight
2023-07-06T16:50:00.000,I 85,I 85 and Chamblee Tucker Rd,,Rear End,2,Clear,Dry,Daylight
2023-05-24T18:00:00.000,I 85,I 85 and Chamblee Tucker Rd,,Rear End,3,Clear,Dry,Daylight
2023-08-23T19:00:00.000,I 85,I 85 and Chamblee Tucker Rd,,Rear End,2,Clear,Dry,Daylight
2023-11-07T20:26:00.000,I 85,I 85 and Chamblee Tucker Rd,,Rear End,5,Clear,Dry,Dark-Lighted
2023-08-31T06:49:00.000,I 85,I 85 and Chamblee Tucker Rd,,Rear End,2,Cloudy,Wet,Daylight
2023-12-15T06:25:00.000,I 85,I 85 and Chamblee Tucker Rd,,Rear End,2,Clear,Dry,Dark-Not Lighted
2023-04-17T18:38:00.000,I 85,I 85 and Chamblee Tucker Rd,,Rear End,2,Clear,Dry,Daylight
2023-02-15T18:13:00.000,I 85,I 85 and Chamblee Tucker Rd,,Rear End,3,Cloudy,Wet,Dark-Not Lighted
2023-01-20T14:02:00.000,I 85,I 85 and Chamblee Tucker Rd,,Rear End,2,Clear,Dry,Daylight
2023-09-20T13:10:00.000,I 85,I 85 and Chamblee Tucker Rd,,Rear End,2,Clear,Dry,Daylight
2023-08-28T00:00:00.000,I 85,I 85 and Chamblee Tucker Rd,,Angle Crash,2,Clear,Dry,Dark-Lighted
2023-10-12T17:55:00.000,I 85,I 85 and Chamblee Tucker Rd,,Rear End,3,Clear,Dry,Daylight
2023-09-21T22:59:00.000,I 85,I 85 and Chamblee Tucker Rd,,Angle Crash,2,Clear,Dry,Dark-Lighted
2023-05-16T10:50:00.000,I 85,I 85 and Chamblee Tucker Rd,,Angle Crash,2,Cloudy,Dry,Daylight
2023-12-16T04:00:00.000,I 85,I 85 and Chamblee Tucker Rd,,Rear End,2,Clear,Dry,Dark-Not Lighted
2023-10-07T05:24:00.000,I 85,I 85 and Chamblee Tucker Rd,,Angle Crash,2,Clear,Dry,Dark-Lighted
2023-05-16T09:27:00.000,I 85,I 85 and Chamblee Tucker Rd,,Angle Crash,2,Cloudy,Dry,Daylight
2023-05-08T16:00:00.000,I 85,I 85 and Chamblee Tucker Rd,,Sideswipe-Same Direction,2,Clear,Dry,Daylight
2023-09-06T10:39:00.000,I 85,I 85 and Chamblee Tucker Rd,,Rear End,2,Cloudy,Dry,Daylight
2023-12-25T23:23:00.000,I 85,I 85 and Chamblee Tucker Rd,,Rear End,2,Rain,Wet,Dark-Not Lighted
2023-02-01T17:06:00.000,I 85,I 85 and Chamblee Tucker Rd,,Rear End,2,Cloudy,Wet,Daylight
2023-06-22T18:10:00.000,I 85,I 85 and Chamblee Tucker Rd,,Rear End,2,Clear,Dry,Daylight
2023-05-08T00:00:00.000,I 85,I 85 and Chamblee Tucker Rd,,Sideswipe-Opposite Direction,2,Clear,Dry,Dark-Lighted
2023-06-29T18:30:00.000,I 85,I 85 and Chamblee Tucker Rd,,Sideswipe-Same Direction,2,Cloudy,Dry,Daylight
2023-09-06T15:50:00.000,I 85,I 85 and Chamblee Tucker Rd,,Rear End,2,Clear,Dry,Daylight
2023-02-22T15:27:00.000,I 85,I 85 and Chamblee Tucker Rd,,Sideswipe-Same Direction,2,Clear,Dry,Daylight
2023-12-13T17:20:00.000,I 85,I 85 and Chamblee Tucker Rd,,Sideswipe-Same Direction,2,Clear,Dry,Dark-Not Lighted
2023-08-30T07:11:00.000,I 85,I 85 and Chamblee Tucker Rd,,Rear End,2,Cloudy,Dry,Daylight
2023-12-17T00:30:00.000,I 85,I 85 and Chamblee Tucker Rd,,Sideswipe-Same Direction,2,Rain,Wet,Dark-Lighted
2023-09-03T00:00:00.000,I 85,I 85 and Chamblee Tucker Rd,,Angle Crash,2,Clear,Dry,Dark-Lighted
2023-01-10T04:30:00.000,I 85,I 85 and Chamblee Tucker Rd,,Sideswipe-Same Direction,2,Clear,Dry,Dark-Lighted
2023-04-22T17:30:00.000,I 85,I 85 and Chamblee Tucker Rd,,Angle Crash,2,Clear,Dry,Daylight
2023-11-09T16:00:00.000,I 85,I 85 and Chamblee Tucker Rd,,Rear End,2,Clear,Dry,Daylight
2023-06-25T06:20:00.000,I 85,I 85 and Chamblee Tucker Rd,,Sideswipe-Same Direction,2,Clear,Dry,Daylight
2023-04-23T01:50:00.000,I 85,I 85 and Chamblee Tucker Rd,,Rear End,3,Clear,Dry,Dark-Lighted
2023-03-30T22:05:00.000,I 85,I 85 and Chamblee Tucker Rd,,Rear End,2,Clear,Dry,Dark-Lighted
2023-05-30T13:35:00.000,I 85,I 85 and Chamblee Tucker Rd,,Sideswipe-Same Direction,2,Cloudy,Dry,Daylight
2023-08-10T17:20:00.000,I 85,I 85 and Chamblee Tucker Rd,,Rear End,2,Clear,Dry,Daylight
2023-02-13T10:12:00.000,I 85,I 85 and Chamblee Tucker Rd,,Rear End,2,Clear,Dry,Daylight
2023-10-19T11:30:00.000,I 85,I 85 and Chamblee Tucker Rd,,Sideswipe-Same Direction,2,Clear,Dry,Daylight
2023-02-21T16:24:00.000,I 85,I 85 and Chamblee Tucker Rd,,Rear End,3,Clear,Dry,Daylight
2023-07-31T19:07:00.000,I 85,I 85 and Chamblee Tucker Rd,,Rear End,2,Clear,Dry,Daylight
2023-10-03T18:20:00.000,I 85,I 85 and Chamblee Tucker Rd,,Head On,3,Clear,Dry,Daylight
2023-10-07T05:24:00.000,I 85,I 85 and Chamblee Tucker Rd,,Angle Crash,2,Clear,Dry,Dark-Lighted
2023-12-05T18:50:00.000,I 85,I 85 and Chamblee Tucker Rd,,Rear End,2,Clear,Dry,Dark-Lighted
2023-08-01T23:54:00.000,I 85,I 85 and Chamblee Tucker Rd,,Not a Collision with Motor Vehicle,1,Clear,Dry,Dark-Not Lighted
2023-01-23T06:49:00.000,I 85,I 85 and Chamblee Tucker Rd,,Sideswipe-Same Direction,2,Clear,Dry,Dark-Lighted
2023-02-26T10:43:00.000,I 85,I 85 and Chamblee Tucker Rd,,Rear End,2,Cloudy,Dry,Daylight
2024-05-23T15:01:00.000,I 85,I 85 and Chamblee Tucker Rd,,Rear End,2,Clear,Dry,Daylight
2024-06-17T12:53:00.000,I 85,I 85 and Chamblee Tucker Rd,,Rear End,2,Cloudy,Dry,Daylight
2024-07-28T17:00:00.000,I 85,I 85 and Chamblee Tucker Rd,,Rear End,2,Cloudy,Dry,Daylight
2024-10-28T16:20:00.000,I 85,I 85 and Chamblee Tucker Rd,,Sideswipe-Same Direction,2,Clear,Dry,Daylight
2024-01-18T18:20:00.000,I 85,I 85 and Chamblee Tucker Rd,,Rear End,2,Clear,Dry,Daylight
2024-09-25T12:32:00.000,I 85,I 85 and Chamblee Tucker Rd,,Sideswipe-Same Direction,2,Rain,Wet,Daylight
2024-09-25T18:10:00.000,I 85,I 85 and Chamblee Tucker Rd,,Rear End,2,Clear,Dry,Daylight
2024-01-17T09:53:00.000,I 85,I 85 and Chamblee Tucker Rd,,Rear End,2,Clear,Dry,Daylight
2024-01-28T02:50:00.000,I 85,I 85 and Chamblee Tucker Rd,,Rear End,2,Clear,Dry,Dark-Lighted
2024-05-10T14:20:00.000,I 85,I 85 and Chamblee Tucker Rd,,Rear End,2,Clear,Dry,Daylight
2024-01-03T02:06:00.000,I 85,I 85 and Chamblee Tucker Rd,,Angle Crash,2,Clear,Dry,Dark-Lighted
2024-01-08T18:28:00.000,I 85,I 85 and Chamblee Tucker Rd,,Rear End,3,Clear,Dry,Daylight
2024-07-27T09:10:00.000,I 85,I 85 and Chamblee Tucker Rd,,Not a Collision with Motor Vehicle,2,Clear,Dry,Daylight
2024-11-05T17:00:00.000,I 85,I 85 and Chamblee Tucker Rd,,Rear End,4,Clear,Dry,Daylight
2024-10-09T02:00:00.000,I 85,I 85 and Chamblee Tucker Rd,,Sideswipe-Same Direction,2,Clear,Dry,Daylight
2024-08-29T12:57:00.000,I 85,I 85 and Chamblee Tucker Rd,,Rear End,2,Cloudy,Dry,Daylight
2024-10-13T15:30:00.000,I 85,I 85 and Chamblee Tucker Rd,,Not a Collision with Motor Vehicle,2,Clear,Dry,Daylight
2024-11-18T14:30:00.000,I 85,I 85 and Chamblee Tucker Rd,,Rear End,2,Clear,Dry,Daylight
2024-01-10T11:24:00.000,I 85,I 85 and Chamblee Tucker Rd,,Angle Crash,3,Clear,Dry,Daylight
2024-04-03T01:41:00.000,I 85,I 85 and Chamblee Tucker Rd,,Not a Collision with Motor Vehicle,1,Rain,Wet,Dark-Lighted
2024-07-05T13:23:00.000,I 85,I 85 and Chamblee Tucker Rd,,Rear End,2,Cloudy,Wet,Daylight
2024-11-04T23:31:00.000,I 85,I 85 and Chamblee Tucker Rd,,Angle Crash,2,Clear,Dry,Dark-Lighted
2024-08-28T22:01:00.000,I 85,I 85 and Chamblee Tucker Rd,,Angle Crash,2,Clear,Dry,Dark-Lighted
2024-07-31T18:41:00.000,I 85,I 85 and Chamblee Tucker Rd,,Angle Crash,5,Clear,Dry,Daylight
2024-12-20T00:00:00.000,I 85,I 85 and Chamblee Tucker Rd,,Sideswipe-Same Direction,2,Clear,Dry,Daylight
2024-11-21T12:19:00.000,I 85,I 85 and Chamblee Tucker Rd,,Rear End,2,Clear,Dry,Daylight
2024-08-27T00:00:00.000,I 85,I 85 and Chamblee Tucker Rd,,Rear End,2,Clear,Dry,Dark-Not Lighted
2024-03-10T13:07:00.000,I 85,I 85 and Chamblee Tucker Rd,,Rear End,2,Clear,Dry,Daylight
2024-10-05T17:10:00.000,I 85,I 85 and Chamblee Tucker Rd,,Angle Crash,2,Clear,Dry,Daylight
2024-04-18T22:00:00.000,I 85,I 85 and Chamblee Tucker Rd,,Angle Crash,2,Clear,Dry,Dark-Not Lighted
2024-05-25T08:05:00.000,I 85,I 85 and Chamblee Tucker Rd,,Rear End,2,Clear,Dry,Daylight
2024-02-29T18:41:00.000,I 85,I 85 and Chamblee Tucker Rd,,Rear End,2,Cloudy,Dry,Dark-Lighted
2024-11-24T02:21:00.000,I 85,I 85 and Chamblee Tucker Rd,,Not a Collision with Motor Vehicle,1,Clear,Dry,Dark-Not Lighted
2024-06-07T22:40:00.000,I 85,I 85 and Chamblee Tucker Rd,,Angle Crash,4,Clear,Dry,Dark-Not Lighted
2024-09-30T04:26:00.000,I 85,I 85 and Chamblee Tucker Rd,,Not a Collision with Motor Vehicle,1,Clear,Dry,Dark-Lighted
2024-07-02T09:46:00.000,I 85,I 85 and Chamblee Tucker Rd,,Rear End,2,Clear,Dry,Daylight
2024-04-14T05:20:00.000,I 85,I 85 and Chamblee Tucker Rd,,Head On,2,Clear,Dry,Dark-Not Lighted
2024-11-25T17:40:00.000,I 85,I 85 and Chamblee Tucker Rd,,Sideswipe-Same Direction,2,Clear,Dry,Daylight
2024-12-10T18:00:00.000,I 85,I 85 and Chamblee Tucker Rd,,Rear End,2,Rain,Wet,Dark-Not Lighted
2024-04-14T05:20:00.000,I 85,I 85 and Chamblee Tucker Rd,,Rear End,2,Clear,Dry,Dark-Not Lighted
2024-05-06T09:31:00.000,I 85,I 85 and Chamblee Tucker Rd,,Sideswipe-Same Direction,3,Clear,Dry,Daylight
2024-06-19T08:47:00.000,I 85,I 85 and Chamblee Tucker Rd,,Rear End,2,Cloudy,Dry,Daylight
2024-12-17T20:16:00.000,I 85,I 85 and Chamblee Tucker Rd,,Angle Crash,2,Clear,Dry,Dark-Lighted
2024-03-31T05:54:00.000,I 85,I 85 and Chamblee Tucker Rd,,Angle Crash,2,Clear,Dry,Dark-Not Lighted
2024-06-12T19:58:00.000,I 85,I 85 and Chamblee Tucker Rd,,Rear End,2,Clear,Dry,Daylight
2024-11-21T21:25:00.000,I 85,I 85 and Chamblee Tucker Rd,,Rear End,3,Clear,Dry,Daylight
2024-10-21T13:01:00.000,I 85,I 85 and Chamblee Tucker Rd,,Rear End,2,Clear,Dry,Daylight
2024-06-30T07:30:00.000,I 85,I 85 and Chamblee Tucker Rd,,Sideswipe-Same Direction,2,Clear,Dry,Daylight
2024-11-14T16:20:00.000,I 85,I 85 and Chamblee Tucker Rd,,Sideswipe-Same Direction,2,Rain,Wet,Daylight
2024-09-02T03:50:00.000,I 85,I 85 and Chamblee Tucker Rd,,Sideswipe-Same Direction,2,Clear,Dry,Dark-Lighted
2024-09-11T15:18:00.000,I 85,I 85 and Chamblee Tucker Rd,,Rear End,2,Cloudy,Dry,Daylight
2024-01-24T15:40:00.000,I 85,I 85 and Chamblee Tucker Rd,,Not a Collision with Motor Vehicle,1,Rain,Wet,Daylight
2024-12-16T18:14:00.000,I 85,I 85 and Chamblee Tucker Rd,,Sideswipe-Same Direction,2,Clear,Dry,Dark-Not Lighted
2024-03-16T00:30:00.000,I 85,I 85 and Chamblee Tucker Rd,,Not a Collision with Motor Vehicle,1,Clear,Dry,Dark-Lighted
2024-03-19T17:40:00.000,I 85,I 85 and Chamblee Tucker Rd,,Rear End,2,Clear,Dry,Daylight
2024-10-11T04:45:00.000,I 85,I 85 and Chamblee Tucker Rd,,Sideswipe-Same Direction,2,Clear,Dry,Dark-Not Lighted
2024-03-23T14:06:00.000,I 85,I 85 and Chamblee Tucker Rd,,Sideswipe-Same Direction,2,Cloudy,Dry,Daylight
2024-09-01T04:25:00.000,I 85,I 85 and Chamblee Tucker Rd,,Not a Collision with Motor Vehicle,1,Clear,Dry,Dark-Lighted
2024-01-30T18:00:00.000,I 85,I 85 and Chamblee Tucker Rd,,Angle Crash,2,Clear,Dry,Dark-Lighted
2024-12-11T16:50:00.000,I 85,I 85 and Chamblee Tucker Rd,,Rear End,3,Clear,Dry,Daylight
2024-02-06T22:49:00.000,I 85,I 85 and Chamblee Tucker Rd,,Angle Crash,2,Clear,Dry,Dark-Lighted
2024-09-08T03:11:00.000,I 85,I 85 and Chamblee Tucker Rd,,Rear End,2,Clear,Dry,Dark-Not Lighted
2024-02-12T03:15:00.000,I 85,I 85 and Chamblee Tucker Rd,,Not a Collision with Motor Vehicle,1,Rain,Water (standing or moving),Dark-Lighted