Date and Time,Roadway (From Crash Report),Intersection Name (from Crash Report),KABCO Severity,Manner of Collision (Crash Level) ,# of Vehicles per crash ,Weather Conditions (Crash Level),Surface Condition (Crash Level) ,Light Conditions (Crash Level)
2024-09-11T15:38:00.000,I 85,I 85 and Chamblee Tucker Rd,,Rear End,2,Cloudy,Dry,Daylight
2024-08-15T16:30:00.000,I 85,I 85 and Chamblee Tucker Rd,,Rear End,2,Clear,Dry,Daylight
2024-04-08T13:30:00.000,I 85,I 85 and Chamblee Tucker Rd,,Not a Collision with Motor Vehicle,4,Clear,Dry,Daylight
2024-09-26T17:20:00.000,I 85,I 85 and Chamblee Tucker Rd,,Not a Collision with Motor Vehicle,1,Clear,Wet,Daylight
2024-05-11T19:20:00.000,I 85,I 85 and Chamblee Tucker Rd,,Rear End,2,Clear,Dry,Daylight
2024-12-17T19:00:00.000,I 85,I 85 and Chamblee Tucker Rd,,Sideswipe-Same Direction,2,Clear,Dry,Dark-Not Lighted
2024-07-19T19:26:00.000,I 85,I 85 and Chamblee Tucker Rd,,Sideswipe-Same Direction,2,Rain,Wet,Daylight
2024-07-11T12:28:00.000,I 85,I 85 and Chamblee Tucker Rd,,Rear End,2,Clear,Dry,Daylight
2024-11-04T09:58:00.000,I 85,I 85 and Chamblee Tucker Rd,,Angle Crash,2,Cloudy,Dry,Daylight
2024-09-10T17:54:00.000,I 85,I 85 and Chamblee Tucker Rd,,Angle Crash,2,Cloudy,Dry,Daylight
2024-06-08T17:06:00.000,I 85,I 85 and Chamblee Tucker Rd,,Not a Collision with Motor Vehicle,1,Clear,Dry,Daylight
2024-06-06T19:08:00.000,I 85,I 85 and Chamblee Tucker Rd,,Not a Collision with Motor Vehicle,1,Clear,Dry,Daylight
2021-07-22T23:37:00.000,I 85,I 85 and Chamblee Tucker Loop,,Angle Crash,2,Clear,Dry,Dark-Lighted
2020-12-22T11:00:00.000,I 85,I 85 and Chamblee Tucker Loop,,Not a Collision with Motor Vehicle,1,Clear,Dry,Daylight
2020-10-26T00:05:00.000,I 85,I 85 and Chamblee Tucker Loop,,Rear End,4,Clear,Dry,Dark-Not Lighted
2021-06-29T01:12:00.000,I 85,I 85 and Chamblee Tucker Loop,,Sideswipe-Same Direction,2,Clear,Dry,Dark-Lighted
2022-06-18T10:23:00.000,I 85,I 85 and Chamblee Tucker Loop,,Rear End,2,Clear,Dry,Daylight
2024-05-21T11:49:00.000,I 85,I 85 and Chamblee Tucker Loop,,Rear End,2,Cloudy,Dry,Daylight
2023-03-08T15:42:00.000,I 85,I 85 and Chamblee Tucker Loop,,Rear End,2,Clear,Dry,Daylight
2024-05-21T11:49:00.000,I 85,I 85 and Chamblee Tucker Loop,,Rear End,2,Cloudy,Dry,Daylight
2023-07-23T15:44:00.000,I 85,I 85 and Chamblee Tucker Loop,,Not a Collision with Motor Vehicle,1,Clear,Dry,Daylight
2023-09-14T09:00:00.000,I 85,I 85 and Chamblee Tucker Loop,,Rear End,2,Clear,Dry,Daylight
2023-02-20T12:55:00.000,I 85,I 85 and Chamblee Tucker Loop,,Rear End,2,Clear,Dry,Daylight
2023-06-18T15:30:00.000,I 85,I 85 and Chamblee Tucker Loop,,Sideswipe-Same Direction,2,Clear,Dry,Daylight
2020-03-11T18:30:00.000,I 85,I 85 and Chamblee Tucker,,Sideswipe-Same Direction,4,Clear,Dry,Dark-Lighted
2020-03-23T15:05:00.000,I 85,I 85 and Chamblee Tucker,,Rear End,3,Rain,Water (standing or moving),Daylight
2022-11-02T10:29:00.000,I 85,I 85 and Chamblee Tucker,,Rear End,2,Cloudy,Dry,Daylight
2023-07-31T18:20:00.000,I 85,I 85 and Chamblee Tucke Rd,,Not a Collision with Motor Vehicle,2,Clear,Dry,Daylight
2024-06-12T17:40:00.000,I 85,I 85 and Chamblee,,Sideswipe-Same Direction,2,Clear,Dry,Daylight
2020-09-10T17:15:00.000,I 85,I 85 and Chamble Tucker Rd,,Sideswipe-Same Direction,5,Cloudy,Wet,Daylight
2022-01-14T11:10:00.000,I 85,I 85 and Chambee-Tucker Rd,,Not a Collision with Motor Vehicle,2,Clear,Dry,Daylight
2024-03-27T17:13:00.000,I 85,I 85 and Chambee Tucker Rd,,Rear End,2,Clear,Dry,Daylight
2022-10-15T11:30:00.000,I 85,I 85 and Century Blvd,,Head On,1,Clear,Dry,Daylight
2023-06-28T22:45:00.000,I 85,I 85 and Century Blvd,,Angle Crash,2,Clear,Dry,Dark-Not Lighted
2023-01-18T15:23:00.000,I 85,I 85 and Century Blvd,,Rear End,2,Clear,Wet,Daylight
2023-02-06T09:04:00.000,I 85,I 85 and Century Blvd,,Rear End,2,Clear,Dry,Daylight
2023-01-10T13:35:00.000,I 85,I 85 and Century Blvd,,Sideswipe-Same Direction,2,Clear,Dry,Daylight
2023-04-20T05:13:00.000,I 85,I 85 and Century Bl,,Not a Collision with Motor Vehicle,1,Clear,Dry,Dark-Lighted
2020-02-07T17:15:00.000,I 85,I 85 and Central Avenue Opas,,Rear End,3,Clear,Dry,Daylight
2020-12-24T15:28:00.000,I 85,I 85 and Central Avenue Opas,,Not a Collision with Motor Vehicle,1,Rain,Wet,Daylight
2021-03-18T09:47:00.000,I 85,I 85 and Central Avenue Opas,,Not a Collision with Motor Vehicle,1,Rain,Wet,Daylight
2021-03-04T18:10:00.000,I 85,I 85 and Central Avenue On Rp,,Rear End,2,Clear,Dry,Daylight
2021-03-16T17:31:00.000,I 85,I 85 and Central Avenue On Rp,,Rear End,2,Rain,Wet,Daylight
2020-12-14T07:48:00.000,I 85,I 85 and Central Avenue On Rp,,Rear End,3,Rain,Wet,Dawn
2021-02-12T14:16:00.000,I 85,I 85 and Central Avenue On Rp,,Sideswipe-Same Direction,2,Clear,Dry,Daylight
2021-03-18T08:33:00.000,I 85,I 85 and Central Avenue Exit Rp,,Sideswipe-Same Direction,2,Rain,Wet,Daylight
2020-09-09T16:21:00.000,I 85,I 85 and Central Ave Opas,,Rear End,2,Clear,Dry,Daylight
2020-02-17T08:26:00.000,I 85,I 85 and Central Ave Opas,,Sideswipe-Same Direction,2,Cloudy,Dry,Daylight
2020-03-06T19:46:00.000,I 85,I 85 and Central Ave Opas,,Head On,2,Clear,Dry,Dark-Lighted
2020-02-26T10:30:00.000,I 85,I 85 and Central Ave Opas,,Rear End,2,Cloudy,Dry,Daylight
2020-03-23T16:04:00.000,I 85,I 85 and Central Ave Opas,,Rear End,3,Rain,Wet,Daylight
2020-09-10T10:00:00.000,I 85,I 85 and Central Ave Opas,,Rear End,3,Cloudy,Dry,Daylight
2020-02-20T15:53:00.000,I 85,I 85 and Central Ave Opas,,Sideswipe-Same Direction,2,Rain,Wet,Daylight
2021-03-22T09:15:00.000,I 85,I 85 and Central Ave,,Angle Crash,3,Clear,Dry,Daylight
2021-03-25T06:53:00.000,I 85,I 85 and Central Ave,,Not a Collision with Motor Vehicle,1,Rain,Wet,Dark-Lighted
2020-02-20T22:33:00.000,I 85,I 85 and Central Ave,,Angle Crash,2,Rain,Wet,Dark-Lighted
2020-01-13T00:00:00.000,I 85,I 85 and Central Ave,,Head On,2,Rain,Wet,Dark-Lighted
2020-12-05T18:32:00.000,I 85,I 85 and Central Ave,,Sideswipe-Same Direction,2,Clear,Dry,Dark-Lighted
2021-08-31T09:10:00.000,I 85,I 85 and Central Ave,,Rear End,2,Rain,Wet,Daylight
2021-09-04T13:00:00.000,I 85,I 85 and Centerway,,Rear End,2,Clear,Dry,Daylight
2022-03-09T13:46:00.000,I 85,I 85 and Center Way Over Pass,,Rear End,2,Cloudy,Dry,Daylight
2021-06-08T12:00:00.000,I 85,I 85 and Center Way Opas,,Sideswipe-Same Direction,2,Cloudy,Dry,Daylight
2021-12-16T11:37:00.000,I 85,I 85 and Center Way Opas,,Rear End,2,Clear,Dry,Daylight
2023-07-07T13:40:00.000,I 85,I 85 and Center Way Opas,,Sideswipe-Same Direction,2,Cloudy,Dry,Daylight
2020-05-15T15:43:00.000,I 85,I 85 and Center Way Opas,,Rear End,2,Clear,Dry,Daylight
2020-08-20T16:19:00.000,I 85,I 85 and Center Way Opas,,Rear End,2,Rain,Wet,Daylight
2020-01-10T14:36:00.000,I 85,I 85 and Center Way Opas,,Rear End,2,Cloudy,Dry,Daylight
2020-11-19T16:44:00.000,I 85,I 85 and Center Way Opas,,Rear End,2,Clear,Dry,Daylight
2020-11-19T10:30:00.000,I 85,I 85 and Center Way Opas,,Not a Collision with Motor Vehicle,2,Clear,Dry,Daylight
2021-01-14T18:25:00.000,I 85,I 85 and Center Way Opas,,Sideswipe-Same Direction,2,Clear,Dry,Daylight
2021-06-17T10:49:00.000,I 85,I 85 and Center Way,,Not a Collision with Motor Vehicle,1,Clear,Dry,Daylight
2021-09-27T06:46:00.000,I 85,I 85 and Center Way,,Sideswipe-Same Direction,3,Clear,Dry,Dark-Lighted
2021-03-10T15:44:00.000,I 85,I 85 and Center Way,,Rear End,2,Clear,Dry,Daylight
2021-04-20T13:20:00.000,I 85,I 85 and Center Way,,Rear End,2,Clear,Dry,Daylight
2021-03-20T22:13:00.000,I 85,I 85 and Center Way,,Rear End,3,Clear,Dry,Dark-Lighted
2021-04-06T15:43:00.000,I 85,I 85 and Center Way,,Sideswipe-Same Direction,2,Clear,Dry,Daylight
2021-06-02T19:40:00.000,I 85,I 85 and Center Way,,Rear End,3,Cloudy,Dry,Daylight
2021-12-23T10:20:00.000,I 85,I 85 and Center Way,,Angle Crash,2,Clear,Dry,Daylight
2021-10-28T18:30:00.000,I 85,I 85 and Center Way,,Rear End,2,Rain,Wet,Daylight
2021-10-22T12:36:00.000,I 85,I 85 and Center Way,,Rear End,2,Clear,Dry,Daylight
2021-11-21T11:54:00.000,I 85,I 85 and Center Way,,Rear End,2,Clear,Dry,Daylight
2021-10-13T17:15:00.000,I 85,I 85 and Center Way,,Rear End,3,Clear,Dry,Daylight
2021-08-22T15:22:00.000,I 85,I 85 and Center Way,,Rear End,2,Clear,Wet,Daylight
2021-08-16T14:20:00.000,I 85,I 85 and Center Way,,Sideswipe-Same Direction,2,Clear,Dry,Daylight
2021-06-17T16:23:00.000,I 85,I 85 and Center Way,,Rear End,4,Clear,Dry,Daylight
2021-05-21T10:57:00.000,I 85,I 85 and Center Way,,Rear End,2,Clear,Dry,Daylight
2021-03-05T08:25:00.000,I 85,I 85 and Center Way,,Rear End,2,Clear,Dry,Daylight
2021-07-28T15:02:00.000,I 85,I 85 and Center Way,,Rear End,3,Cloudy,Dry,Daylight
2021-08-09T17:58:00.000,I 85,I 85 and Center Way,,Rear End,2,Clear,Dry,Daylight
2021-12-02T14:59:00.000,I 85,I 85 and Center Way,,Rear End,2,Clear,Dry,Daylight
2021-03-15T14:45:00.000,I 85,I 85 and Center Way,,Rear End,3,Cloudy,Dry,Daylight
2021-01-11T07:05:00.000,I 85,I 85 and Center Way,,Sideswipe-Same Direction,2,Clear,Dry,Dark-Lighted
2021-02-25T17:28:00.000,I 85,I 85 and Center Way,,Rear End,5,Clear,Dry,Daylight
2021-02-10T17:00:00.000,I 85,I 85 and Center Way,,Rear End,2,Clear,Dry,Daylight
2021-06-04T07:00:00.000,I 85,I 85 and Center Way,,Rear End,3,Cloudy,Dry,Daylight
2020-05-15T12:08:00.000,I 85,I 85 and Center Way,,Not a Collision with Motor Vehicle,1,Clear,Dry,Daylight
2020-09-17T17:10:00.000,I 85,I 85 and Center Way,,Rear End,2,Cloudy,Wet,Daylight
2023-09-18T12:21:00.000,I 85,I 85 and Center Way,,Rear End,2,Clear,Dry,Daylight
2023-03-22T12:04:00.000,I 85,I 85 and Center Way,,Rear End,2,Cloudy,Dry,Daylight
2023-03-05T16:35:00.000,I 85,I 85 and Center Way,,Sideswipe-Same Direction,2,Clear,Dry,Daylight
2023-11-21T16:15:00.000,I 85,I 85 and Center Way,,Rear End,2,Rain,Wet,Daylight
2023-11-15T06:13:00.000,I 85,I 85 and Center Way,,Sideswipe-Same Direction,3,Cloudy,Dry,Dark-Lighted
2023-01-31T12:18:00.000,I 85,I 85 and Center Way,,Rear End,2,Cloudy,Dry,Daylight
2023-08-21T15:25:00.000,I 85,I 85 and Center Way,,Rear End,2,Clear,Dry,Daylight
2023-07-20T17:41:00.000,I 85,I 85 and Center Way,,Rear End,3,Clear,Dry,Daylight
2023-10-07T14:45:00.000,I 85,I 85 and Center Way,,Rear End,2,Clear,Dry,Daylight
2023-09-01T11:51:00.000,I 85,I 85 and Center Way,,Rear End,3,Cloudy,Dry,Daylight
2023-01-25T07:05:00.000,I 85,I 85 and Center Way,,Not a Collision with Motor Vehicle,1,Rain,Wet,Dark-Lighted
2023-11-11T14:14:00.000,I 85,I 85 and Center Way,,Sideswipe-Same Direction,2,Cloudy,Dry,Daylight
2020-02-03T18:34:00.000,I 85,I 85 and Center Way,,Rear End,3,Clear,Dry,Dark-Lighted
2020-12-15T05:10:00.000,I 85,I 85 and Center Way,,Sideswipe-Same Direction,2,Clear,Dry,Dark-Lighted
2020-10-22T12:25:00.000,I 85,I 85 and Center Way,,Rear End,2,Clear,Dry,Daylight
2020-09-27T20:25:00.000,I 85,I 85 and Center Way,,Rear End,2,Rain,Wet,Dark-Lighted
2020-12-07T14:41:00.000,I 85,I 85 and Center Way,,Rear End,2,Clear,Dry,Daylight
2020-11-19T10:23:00.000,I 85,I 85 and Center Way,,Not a Collision with Motor Vehicle,1,Clear,Dry,Daylight
2020-11-20T13:31:00.000,I 85,I 85 and Center Way,,Sideswipe-Same Direction,2,Clear,Dry,Daylight
2020-04-01T10:33:00.000,I 85,I 85 and Center Way,,Sideswipe-Same Direction,2,Clear,Dry,Daylight
2020-10-19T14:48:00.000,I 85,I 85 and Center Way,,Rear End,2,Clear,Dry,Daylight
2020-09-11T16:50:00.000,I 85,I 85 and Center Way,,Sideswipe-Same Direction,2,Clear,Dry,Daylight
2020-06-24T16:56:00.000,I 85,I 85 and Center Way,,Sideswipe-Opposite Direction,2,Cloudy,Wet,Daylight
2020-07-15T18:01:00.000,I 85,I 85 and Center Way,,Rear End,2,Clear,Dry,Daylight
2020-07-21T22:30:00.000,I 85,I 85 and Center Way,,Angle Crash,2,Cloudy,Wet,Dark-Not Lighted
2020-01-06T14:15:00.000,I 85,I 85 and Center Way,,Rear End,2,Clear,Dry,Daylight
2020-11-27T12:30:00.000,I 85,I 85 and Center Way,,Not a Collision with Motor Vehicle,1,Cloudy,Dry,Daylight
2020-02-07T18:13:00.000,I 85,I 85 and Center Way,,Rear End,2,Clear,Dry,Daylight
2020-02-12T15:40:00.000,I 85,I 85 and Center Way,,Rear End,2,Clear,Dry,Daylight
2020-01-28T16:12:00.000,I 85,I 85 and Center Way,,Rear End,2,Clear,Dry,Daylight
2020-11-17T13:40:00.000,I 85,I 85 and Center Way,,Sideswipe-Same Direction,5,Clear,Dry,Daylight
2020-05-20T17:17:00.000,I 85,I 85 and Center Way,,Rear End,4,Cloudy,Dry,Daylight
2020-05-29T15:11:00.000,I 85,I 85 and Center Way,,Rear End,2,Clear,Dry,Daylight
2020-11-06T13:40:00.000,I 85,I 85 and Center Way,,Sideswipe-Same Direction,2,Clear,Dry,Daylight
2021-06-04T07:00:00.000,I 85,I 85 and Center Way,,Rear End,3,Cloudy,Dry,Daylight
2021-01-19T18:03:00.000,I 85,I 85 and Center Way,,Not a Collision with Motor Vehicle,1,Clear,Dry,Dark-Lighted
2021-10-28T14:33:00.000,I 85,I 85 and Center Way,,Sideswipe-Same Direction,2,Rain,Wet,Daylight
2022-09-28T18:22:00.000,I 85,I 85 and Center Way,,Rear End,2,Clear,Dry,Daylight
2022-05-02T17:10:00.000,I 85,I 85 and Center Way,,Rear End,3,Clear,Dry,Daylight
2022-03-08T16:25:00.000,I 85,I 85 and Center Way,,Sideswipe-Same Direction,2,Rain,Wet,Daylight
2021-09-23T07:55:00.000,I 85,I 85 and Center Way,,Sideswipe-Same Direction,3,Clear,Dry,Daylight
2021-10-06T09:00:00.000,I 85,I 85 and Center Way,,Rear End,2,Cloudy,Wet,Daylight
2022-05-17T18:15:00.000,I 85,I 85 and Center Way,,Sideswipe-Same Direction,2,Clear,Dry,Daylight
2022-05-21T12:10:00.000,I 85,I 85 and Center Way,,Rear End,2,Cloudy,Dry,Daylight
2022-04-22T07:20:00.000,I 85,I 85 and Center Way,,Rear End,2,Clear,Dry,Daylight
2022-06-21T15:55:00.000,I 85,I 85 and Center Way,,Rear End,2,Clear,Dry,Daylight
2022-11-07T17:06:00.000,I 85,I 85 and Center Way,,Rear End,2,Clear,Dry,Daylight
2022-08-04T09:53:00.000,I 85,I 85 and Center Way,,Rear End,2,Clear,Dry,Daylight
2022-01-26T13:30:00.000,I 85,I 85 and Center Way,,Rear End,2,Clear,Dry,Daylight
2022-03-04T09:36:00.000,I 85,I 85 and Center Way,,Sideswipe-Same Direction,2,Clear,Dry,Daylight
2022-03-21T19:35:00.000,I 85,I 85 and Center Way,,Not a Collision with Motor Vehicle,1,Clear,Dry,Dark-Lighted
2022-03-08T16:30:00.000,I 85,I 85 and Center Way,,Rear End,2,Rain,Wet,Daylight
2022-09-15T19:28:00.000,I 85,I 85 and Center Way,,Rear End,2,Clear,Dry,Daylight
2023-05-14T16:50:00.000,I 85,I 85 and Center Way,,Rear End,2,Cloudy,Dry,Daylight
2023-09-03T15:54:00.000,I 85,I 85 and Center Way,,Rear End,2,Clear,Dry,Daylight
2024-04-01T18:45:00.000,I 85,I 85 and Center Way,,Rear End,2,Clear,Dry,Daylight
2024-03-30T11:19:00.000,I 85,I 85 and Center Way,,Sideswipe-Same Direction,3,Clear,Dry,Daylight
2024-12-29T17:19:00.000,I 85,I 85 and Center Way,,Rear End,2,Clear,Dry,Daylight
2024-02-19T15:27:00.000,I 85,I 85 and Center Way,,Rear End,2,Clear,Dry,Daylight
2024-04-10T13:48:00.000,I 85,I 85 and Center Way,,Sideswipe-Same Direction,2,Cloudy,Dry,Daylight
2023-02-01T08:05:00.000,I 85,I 85 and Center Way,,Sideswipe-Same Direction,2,Cloudy,Dry,Daylight
2023-02-06T18:35:00.000,I 85,I 85 and Center Way,,Not a Collision with Motor Vehicle,1,Clear,Dry,Daylight
2023-11-14T17:13:00.000,I 85,I 85 and Center Way,,Rear End,2,Clear,Dry,Daylight
2023-06-13T08:10:00.000,I 85,I 85 and Center Way,,Rear End,2,Clear,Dry,Daylight
2023-03-21T00:00:00.000,I 85,I 85 and Center Way,,Rear End,2,Clear,Dry,Daylight
2024-12-02T06:47:00.000,I 85,I 85 and Center Way,,Sideswipe-Same Direction,3,Clear,Dry,Daylight
2024-09-08T15:36:00.000,I 85,I 85 and Center Way,,Rear End,2,Clear,Dry,Daylight
2024-10-03T19:55:00.000,I 85,I 85 and Center Way,,Sideswipe-Same Direction,2,Clear,Dry,Dark-Lighted
2024-07-19T20:00:00.000,I 85,I 85 and Center Way,,Sideswipe-Same Direction,2,Rain,Wet,Dusk
2024-08-04T17:40:00.000,I 85,I 85 and Center Way,,Angle Crash,2,Cloudy,Dry,Daylight
2024-10-19T17:40:00.000,I 85,I 85 and Center Way,,Rear End,2,Clear,Dry,Daylight
2024-10-16T17:44:00.000,I 85,I 85 and Center Way,,Rear End,2,Clear,Dry,Daylight
2024-09-22T01:18:00.000,I 85,I 85 and Center Way,,Angle Crash,2,Clear,Dry,Dark-Not Lighted
2024-08-04T07:40:00.000,I 85,I 85 and Center Way,,Sideswipe-Same Direction,2,Cloudy,Dry,Daylight
2024-02-05T17:32:00.000,I 85,I 85 and Center Way,,Rear End,2,Clear,Dry,Daylight
2024-10-12T16:20:00.000,I 85,I 85 and Center Way,,Rear End,2,Clear,Dry,Daylight
2024-06-09T14:25:00.000,I 85,I 85 and Center Way,,Rear End,2,Cloudy,Dry,Daylight
2024-04-18T12:02:00.000,I 85,I 85 and Center Way,,Rear End,3,Clear,Dry,Daylight
2024-08-04T18:54:00.000,I 85,I 85 and Center Way,,Rear End,2,Rain,Water (standing or moving),Daylight
2024-11-02T13:32:00.000,I 85,I 85 and Center Way,,Rear End,2,Clear,Dry,Dark-Lighted
2024-09-08T16:10:00.000,I 85,I 85 and Center Way,,Rear End,2,Clear,Dry,Daylight
2024-08-25T17:18:00.000,I 85,I 85 and Center Way,,Rear End,2,Clear,Dry,Daylight
2024-10-23T15:24:00.000,I 85,I 85 and Center Ln,,Rear End,2,Clear,Dry,Daylight
2024-05-24T05:48:00.000,I 85,I 85 and Center,,Sideswipe-Same Direction,4,Clear,Dry,Dark-Lighted
2022-06-27T04:02:00.000,I 85,I 85 and Cedar Ridge Rd,,Angle Crash,2,Cloudy,Dry,Dark-Not Lighted
2024-04-14T00:25:00.000,I 85,I 85 and Cd Sugarloaf Pkwy,,Rear End,2,Clear,Dry,Dark-Lighted
2020-11-02T16:19:00.000,I 85,I 85 and Cd Lanes To Sr166,,Not a Collision with Motor Vehicle,1,Cloudy,Dry,Daylight
2020-01-24T16:16:00.000,I 85,I 85 and Cd From 285 To 85,,Angle Crash,2,Other,Wet,Daylight
2023-02-02T22:44:00.000,I 85,I 85 and Cd From 285 To 85,,Rear End,2,Rain,Wet,Dark-Not Lighted
2020-03-03T00:14:00.000,I 85,I 85 and Cd From 285 To 85,,Not a Collision with Motor Vehicle,1,Clear,Wet,Dark-Not Lighted
2021-09-26T18:58:00.000,I 85,I 85 and Cd From 285 To 85,,Rear End,2,Clear,Dry,Daylight
2022-11-16T02:19:00.000,I 85,I 85 and Cd From 285 To 85,,Rear End,2,Clear,Wet,Dark-Not Lighted
2022-12-09T12:19:00.000,I 85,I 85 and Cd From 285 To 85,,Angle Crash,2,Rain,Wet,Daylight
2022-11-16T02:00:00.000,I 85,I 85 and Cd From 285 To 85,,Not a Collision with Motor Vehicle,2,Clear,Wet,Dark-Not Lighted
2024-07-21T03:05:00.000,I 85,I 85 and Cd From 285 To 85,,Sideswipe-Same Direction,2,Cloudy,Wet,Dark-Not Lighted
2023-05-02T19:30:00.000,I 85,I 85 and Cd From 285 To 85,,Rear End,2,Clear,Dry,Daylight
2024-09-18T06:35:00.000,I 85,I 85 and Cd From 285 To 85,,Rear End,3,Cloudy,Dry,Daylight
2024-04-30T09:32:00.000,I 85,I 85 and Cd From 285 To 85,,Angle Crash,2,Rain,Wet,Daylight
2021-02-01T13:10:00.000,I 85,I 85 and Cascade Rd Exit 7,,Sideswipe-Same Direction,2,Clear,Dry,Daylight
2022-02-23T15:23:00.000,I 85,I 85 and Cascade Rd,,Sideswipe-Same Direction,2,Clear,Dry,Daylight
2020-01-03T15:56:00.000,I 85,I 85 and Captiol Avenue Opas,,Rear End,2,Cloudy,Wet,Daylight
2020-04-07T16:30:00.000,I 85,I 85 and Captiol Avenue Opas,,Sideswipe-Same Direction,2,Clear,Dry,Daylight
2020-01-08T09:45:00.000,I 85,I 85 and Captiol Ave,,Rear End,3,Clear,Dry,Daylight
2021-06-04T17:45:00.000,I 85,I 85 and Captiol  Avenue Opas,,Sideswipe-Same Direction,2,Clear,Dry,Daylight
2020-10-30T10:22:00.000,I 85,I 85 and Capitol Aveune,,Sideswipe-Same Direction,2,Clear,Dry,Daylight
2021-08-25T09:06:00.000,I 85,I 85 and Capitol Avenue Opas,,Rear End,2,Clear,Dry,Daylight
2020-02-11T08:05:00.000,I 85,I 85 and Capitol Avenue Opas,,Rear End,2,Cloudy,Wet,Daylight
2020-06-30T19:27:00.000,I 85,I 85 and Capitol Avenue Exit,,Rear End,3,Cloudy,Wet,Daylight
2021-05-28T11:38:00.000,I 85,I 85 and Capitol Ave Opas,,Sideswipe-Same Direction,2,Cloudy,Dry,Daylight
2021-09-16T11:23:00.000,I 85,I 85 and Capitol Ave Memorial Drive Ove,,Sideswipe-Same Direction,2,Rain,Wet,Daylight
2021-07-22T09:40:00.000,I 85,I 85 and Capitol Ave,,Sideswipe-Same Direction,2,Clear,Dry,Daylight
2021-07-06T12:41:00.000,I 85,I 85 and Capitol Ave,,Rear End,2,Clear,Dry,Daylight
2021-07-16T16:35:00.000,I 85,I 85 and Capitol Ave,,Angle Crash,2,Clear,Dry,Daylight
2021-07-02T16:05:00.000,I 85,I 85 and Capitol Ave,,Rear End,2,Clear,Dry,Daylight
2021-07-26T12:25:00.000,I 85,I 85 and Capitol Ave,,Rear End,2,Clear,Dry,Daylight
2021-07-13T17:09:00.000,I 85,I 85 and Capitol Ave,,Rear End,2,Clear,Dry,Daylight
2021-09-06T12:46:00.000,I 85,I 85 and Capitol Ave,,Rear End,2,Clear,Dry,Daylight
2021-06-07T09:19:00.000,I 85,I 85 and Capitol Ave,,Rear End,2,Clear,Wet,Daylight
2020-01-28T06:29:00.000,I 85,I 85 and Capitol Ave,,Rear End,2,Clear,Dry,Dark-Lighted
2020-01-27T09:25:00.000,I 85,I 85 and Capitol Ave,,Rear End,2,Cloudy,Dry,Daylight
2020-11-12T10:46:00.000,I 85,I 85 and Capitol Ave,,Angle Crash,2,Cloudy,Dry,Daylight
2020-01-24T16:45:00.000,I 85,I 85 and Capitol Ave,,Rear End,2,Cloudy,Dry,Daylight
2020-09-12T17:29:00.000,I 85,I 85 and Capitol Ave,,Rear End,3,Cloudy,Dry,Daylight
2020-02-11T17:25:00.000,I 85,I 85 and Capitol Ave,,Sideswipe-Same Direction,2,Rain,Wet,Daylight
2020-08-18T19:17:00.000,I 85,I 85 and Capitol Ave,,Sideswipe-Same Direction,2,Clear,Dry,Daylight
2020-06-09T07:28:00.000,I 85,I 85 and Capitol Ave,,Sideswipe-Same Direction,2,Clear,Dry,Daylight
2021-06-11T19:57:00.000,I 85,I 85 and Capitol Ave,,Rear End,3,Cloudy,Wet,Daylight
2021-05-11T13:45:00.000,I 85,I 85 and Capitol Ave,,Rear End,2,Clear,Dry,Daylight
2021-08-13T08:47:00.000,I 85,I 85 and Capitol Ave,,Rear End,2,Clear,Dry,Daylight
2021-07-01T10:29:00.000,I 85,I 85 and Capitol Ave,,Sideswipe-Same Direction,2,Clear,Dry,Daylight
2021-08-23T19:04:00.000,I 85,I 85 and Capitol Ave,,Sideswipe-Same Direction,2,Clear,Dry,Daylight
2021-07-08T12:30:00.000,I 85,I 85 and Capitol Ave,,Sideswipe-Same Direction,2,Clear,Dry,Daylight
2021-08-10T15:18:00.000,I 85,I 85 and Capitol Ave,,Rear End,2,Clear,Dry,Daylight
2021-08-05T09:59:00.000,I 85,I 85 and Capitol  Ave Opas,,Sideswipe-Same Direction,2,Clear,Dry,Daylight
2020-08-28T08:59:00.000,I 85,I 85 and Capital Ave,,Rear End,2,Cloudy,Dry,Daylight
2020-09-07T18:23:00.000,I 85,I 85 and Capital Ave,,Sideswipe-Same Direction,2,Clear,Dry,Daylight
2020-03-06T14:02:00.000,I 85,I 85 and Capital Ave,,Rear End,3,Clear,Dry,Daylight
2020-08-28T08:59:00.000,I 85,I 85 and Capital Ave,,Rear End,2,Cloudy,Dry,Daylight
2020-08-06T17:13:00.000,I 85,I 85 and Capital Ave,,Sideswipe-Same Direction,2,Rain,Wet,Daylight
2020-10-13T14:48:00.000,I 85,I 85 and Capital Ave,,Sideswipe-Same Direction,2,Clear,Dry,Daylight