Date and Time,Roadway (From Crash Report),Intersection Name (from Crash Report),KABCO Severity,Manner of Collision (Crash Level) ,# of Vehicles per crash ,Weather Conditions (Crash Level),Surface Condition (Crash Level) ,Light Conditions (Crash Level)
2020-03-05T07:07:00.000,I 85,I 85 and Cannonville Road Opas,,Sideswipe-Same Direction,2,Rain,Wet,Dawn
2021-07-17T11:35:00.000,I 85,I 85 and Cannonville Rd,,Sideswipe-Same Direction,2,Clear,Dry,Daylight
2021-06-14T13:01:00.000,I 85,I 85 and Cannonville Rd,,Sideswipe-Same Direction,2,Cloudy,Dry,Daylight
2020-12-01T02:00:00.000,I 85,I 85 and Cannonville Rd,,Not a Collision with Motor Vehicle,1,Cloudy,Dry,Dark-Not Lighted
2020-11-04T01:06:00.000,I 85,I 85 and Cannonville Rd,,Not a Collision with Motor Vehicle,1,Clear,Dry,Dark-Not Lighted
2020-11-21T21:15:00.000,I 85,I 85 and Cannonville Rd,,Not a Collision with Motor Vehicle,1,Clear,Dry,Dark-Not Lighted
2022-12-30T23:23:00.000,I 85,I 85 and Cannonville Rd,,Not a Collision with Motor Vehicle,1,Rain,Wet,Dark-Not Lighted
2022-03-05T15:27:00.000,I 85,I 85 and Cannonville Rd,,Sideswipe-Same Direction,2,Clear,Dry,Daylight
2022-08-29T05:12:00.000,I 85,I 85 and Cannonville Rd,,Not a Collision with Motor Vehicle,1,Clear,Dry,Dark-Not Lighted
2023-08-24T02:35:00.000,I 85,I 85 and Cannonville Rd,,Not a Collision with Motor Vehicle,1,Clear,Dry,Dark-Not Lighted
2020-07-25T00:41:00.000,I 85,I 85 and Candler Road Entry Rp,,Rear End,2,Clear,Dry,Dark-Lighted
2021-07-25T11:14:00.000,I 85,I 85 and Campcreek Pkwy,,Rear End,2,Clear,Dry,Daylight
2021-04-30T17:34:00.000,I 85,I 85 and Campcreek Pkwy,,(None),1,(None),(None),(None)
2021-01-27T06:36:00.000,I 85,I 85 and Camp Crk,,Not a Collision with Motor Vehicle,1,Rain,Wet,Dark-Not Lighted
2020-10-31T21:40:00.000,I 85,I 85 and Camp Crk,,Rear End,2,Clear,Dry,Dark-Lighted
2022-12-04T02:03:00.000,I 85,I 85 and Camp Crk,,Angle Crash,1,Clear,Dry,Dark-Lighted
2021-08-14T22:03:00.000,I 85,I 85 and Camp Creek Rp,,Sideswipe-Same Direction,2,Clear,Dry,Dark-Lighted
2021-05-22T23:16:00.000,I 85,I 85 and Camp Creek Pkwy Rp,,Not a Collision with Motor Vehicle,1,Clear,Dry,Dark-Not Lighted
2021-06-05T18:23:00.000,I 85,I 85 and Camp Creek Pkwy Rp,,Angle Crash,2,Rain,Water (standing or moving),Daylight
2021-08-17T22:52:00.000,I 85,I 85 and Camp Creek Pkwy Rp,,Rear End,3,Clear,Dry,Dark-Lighted
2021-06-16T01:40:00.000,I 85,I 85 and Camp Creek Pkwy Air Cargo,,Sideswipe-Same Direction,2,Clear,Dry,Dark-Lighted
2020-04-07T04:15:00.000,I 85,I 85 and Camp Creek Pkwy  Entrance,,Angle Crash,2,Clear,Dry,Dark-Lighted
2021-01-21T12:23:00.000,I 85,I 85 and Camp Creek Pkwy,,Rear End,2,Rain,Wet,Daylight
2021-01-21T07:14:00.000,I 85,I 85 and Camp Creek Pkwy,,Not a Collision with Motor Vehicle,1,Cloudy,Wet,Dark-Not Lighted
2021-02-07T04:19:00.000,I 85,I 85 and Camp Creek Pkwy,,Not a Collision with Motor Vehicle,1,Clear,Dry,Dark-Lighted
2021-01-21T12:23:00.000,I 85,I 85 and Camp Creek Pkwy,,Not a Collision with Motor Vehicle,1,Rain,Wet,Daylight
2021-09-29T14:05:00.000,I 85,I 85 and Camp Creek Pkwy,,Sideswipe-Same Direction,2,Clear,Dry,Daylight
2021-07-06T18:29:00.000,I 85,I 85 and Camp Creek Pkwy,,Rear End,2,Clear,Dry,Daylight
2020-02-04T16:00:00.000,I 85,I 85 and Camp Creek Pkwy,,Rear End,2,Clear,Dry,Daylight
2021-02-06T20:04:00.000,I 85,I 85 and Camp Creek Pkwy,,Not a Collision with Motor Vehicle,1,Clear,Wet,Dark-Lighted
2020-11-29T21:30:00.000,I 85,I 85 and Camp Creek Pkwy,,Rear End,3,Rain,Wet,Dark-Not Lighted
2020-12-26T04:32:00.000,I 85,I 85 and Camp Creek Pkwy,,Not a Collision with Motor Vehicle,1,Clear,Dry,Dark-Not Lighted
2020-01-02T19:08:00.000,I 85,I 85 and Camp Creek Pkwy,,Sideswipe-Same Direction,2,Rain,Wet,Dark-Lighted
2020-01-12T10:53:00.000,I 85,I 85 and Camp Creek Pkwy,,Rear End,2,Clear,Dry,Daylight
2020-05-06T20:17:00.000,I 85,I 85 and Camp Creek Pkwy,,Not a Collision with Motor Vehicle,1,Clear,Dry,Daylight
2020-07-23T23:56:00.000,I 85,I 85 and Camp Creek Pkwy,,Not a Collision with Motor Vehicle,1,Clear,Dry,Dark-Not Lighted
2020-12-30T22:20:00.000,I 85,I 85 and Camp Creek Pkwy,,Angle Crash,2,Clear,Dry,Dark-Not Lighted
2020-11-28T11:38:00.000,I 85,I 85 and Camp Creek Pkwy,,Sideswipe-Same Direction,2,Cloudy,Dry,Dark-Lighted
2020-06-13T16:50:00.000,I 85,I 85 and Camp Creek Pkwy,,Not a Collision with Motor Vehicle,1,Clear,Dry,Daylight
2020-02-15T12:32:00.000,I 85,I 85 and Camp Creek Pkwy,,Sideswipe-Same Direction,2,Clear,Dry,Daylight
2020-12-30T19:49:00.000,I 85,I 85 and Camp Creek Pkwy,,Not a Collision with Motor Vehicle,1,Clear,Dry,Dark-Lighted
2020-11-29T21:47:00.000,I 85,I 85 and Camp Creek Pkwy,,Rear End,3,Rain,Wet,Dark-Not Lighted
2020-08-08T15:15:00.000,I 85,I 85 and Camp Creek Pkwy,,Sideswipe-Same Direction,2,Clear,Dry,Daylight
2020-08-17T18:30:00.000,I 85,I 85 and Camp Creek Pkwy,,Angle Crash,2,Cloudy,Dry,Daylight
2020-04-22T16:42:00.000,I 85,I 85 and Camp Creek Pkwy,,Not a Collision with Motor Vehicle,1,Clear,Dry,Daylight
2021-04-05T14:41:00.000,I 85,I 85 and Camp Creek Pkwy,,Sideswipe-Same Direction,2,Clear,Dry,Daylight
2021-03-13T05:30:00.000,I 85,I 85 and Camp Creek Pkwy,,Not a Collision with Motor Vehicle,1,Clear,Dry,Dark-Lighted
2021-05-07T14:26:00.000,I 85,I 85 and Camp Creek Pkwy,,Sideswipe-Same Direction,2,Clear,Dry,Daylight
2021-04-22T13:32:00.000,I 85,I 85 and Camp Creek Pkwy,,Sideswipe-Same Direction,2,Clear,Dry,Daylight
2021-03-08T05:02:00.000,I 85,I 85 and Camp Creek Pkwy,,Sideswipe-Same Direction,2,Clear,Dry,Dark-Lighted
2021-03-31T20:10:00.000,I 85,I 85 and Camp Creek Pkwy,,Not a Collision with Motor Vehicle,1,Clear,Dry,Dark-Lighted
2021-04-10T11:04:00.000,I 85,I 85 and Camp Creek Pkwy,,Angle Crash,2,Rain,Wet,Daylight
2021-05-03T15:03:00.000,I 85,I 85 and Camp Creek Pkwy,,Not a Collision with Motor Vehicle,2,Clear,Water (standing or moving),Daylight
2021-04-01T21:54:00.000,I 85,I 85 and Camp Creek Pkwy,,Not a Collision with Motor Vehicle,3,Clear,Dry,Dark-Lighted
2022-12-04T00:06:00.000,I 85,I 85 and Camp Creek Pkwy,,Angle Crash,2,Clear,Dry,Dark-Lighted
2022-02-18T02:34:00.000,I 85,I 85 and Camp Creek Pkwy,,Not a Collision with Motor Vehicle,1,Rain,Wet,Dark-Lighted
2023-11-13T18:30:00.000,I 85,I 85 and Camp Creek Pkwy,,Sideswipe-Same Direction,2,Clear,Dry,Dark-Lighted
2024-01-08T07:19:00.000,I 85,I 85 and Camp Creek Pkwy,,Rear End,2,Clear,Dry,Dusk
2024-07-07T11:40:00.000,I 85,I 85 and Camp Creek Pkwy,,Not a Collision with Motor Vehicle,1,Clear,Dry,Daylight
2020-08-01T07:48:00.000,I 85,I 85 and Camp Creek Entrance Rp,,Sideswipe-Same Direction,2,Clear,Dry,Daylight
2022-11-26T22:42:00.000,I 85,I 85 and Camp Creek Brg,,Sideswipe-Same Direction,2,Rain,Wet,Dark-Not Lighted
2021-04-26T09:14:00.000,I 85,I 85 and Camp Creeek Pkwy,,Rear End,2,Clear,Dry,Daylight
2023-12-14T20:43:00.000,I 85,I 85 and C D Exit Ramp On Pleseant Hill Rd,,Rear End,2,Clear,Dry,Dark-Not Lighted
2021-06-10T15:20:00.000,I 85,I 85 and Button Gwinnett Dr,,Rear End,2,Clear,Dry,Daylight
2022-02-22T22:12:00.000,I 85,I 85 and Button Gwinnett Dr,,Angle Crash,2,Clear,Dry,Dark-Lighted
2024-11-02T13:52:00.000,I 85,I 85 and Button Gwinnett Dr,,Rear End,3,Cloudy,Dry,Daylight
2020-10-01T21:20:00.000,I 85,I 85 and Button Gwinnett,,Angle Crash,2,Clear,Dry,Dark-Lighted
2021-11-04T20:07:00.000,I 85,I 85 and Bullsboro Dr,,Rear End,2,Clear,Dry,Dark-Lighted
2023-08-07T15:52:00.000,I 85,I 85 and Bullsboro Dr,,Rear End,2,Clear,Dry,Daylight
2024-03-08T22:29:00.000,I 85,I 85 and Bullsboro Dr,,Not a Collision with Motor Vehicle,1,Rain,Wet,Dark-Not Lighted
2023-03-26T03:26:00.000,I 85,I 85 and Bullsboro Dr,,Not a Collision with Motor Vehicle,1,Cloudy,Dry,Dark-Not Lighted
2023-06-14T05:36:00.000,I 85,I 85 and Bullsboro Dr,,Sideswipe-Same Direction,2,Cloudy,Dry,Dark-Not Lighted
2021-01-27T18:22:00.000,I 85,I 85 and Buford-Spring Connector,,Angle Crash,3,Rain,Wet,Dark-Not Lighted
2024-12-17T15:35:00.000,I 85,I 85 and Buford Rd,,Sideswipe-Same Direction,2,Clear,Dry,Daylight
2024-01-25T08:00:00.000,I 85,I 85 and Buford Pkwy,,Rear End,2,Clear,Dry,Daylight
2020-06-26T18:00:00.000,I 85,I 85 and Buford Hwyn Conn,,Sideswipe-Same Direction,2,Clear,Dry,Daylight
2020-11-20T17:20:00.000,I 85,I 85 and Buford Hwy Conn,,Sideswipe-Same Direction,2,Clear,Dry,Daylight
2020-12-12T17:00:00.000,I 85,I 85 and Buford Hwy Conn,,Rear End,2,Rain,Wet,Dark-Lighted
2021-03-06T08:05:00.000,I 85,I 85 and Buford Hwy,,Rear End,2,Clear,Dry,Dark-Not Lighted
2021-07-22T19:22:00.000,I 85,I 85 and Buford Hwy,,Rear End,3,Cloudy,Dry,Daylight
2021-01-03T22:31:00.000,I 85,I 85 and Buford Hwy,,Sideswipe-Same Direction,2,Clear,Dry,Dark-Not Lighted
2021-08-17T13:50:00.000,I 85,I 85 and Buford Hwy,,Rear End,2,Rain,Wet,Daylight
2021-02-20T18:38:00.000,I 85,I 85 and Buford Hwy,,Rear End,2,Clear,Dry,Dark-Lighted
2020-10-19T14:34:00.000,I 85,I 85 and Buford Hwy,,Sideswipe-Same Direction,2,Clear,Dry,Daylight
2023-08-10T19:46:00.000,I 85,I 85 and Buford Hwy,,Rear End,2,Clear,Dry,Daylight
2023-08-11T12:20:00.000,I 85,I 85 and Buford Hwy,,Rear End,4,Cloudy,Wet,Daylight
2023-11-27T18:00:00.000,I 85,I 85 and Buford Hwy,,Rear End,2,Clear,Dry,Daylight
2023-02-17T11:10:00.000,I 85,I 85 and Buford Hwy,,Rear End,2,Cloudy,Wet,Daylight
2023-06-15T12:17:00.000,I 85,I 85 and Buford Hwy,,Sideswipe-Same Direction,2,Cloudy,Dry,Daylight
2020-10-14T15:30:00.000,I 85,I 85 and Buford Hwy,,Rear End,2,Clear,Dry,Daylight
2020-07-28T07:17:00.000,I 85,I 85 and Buford Hwy,,Sideswipe-Same Direction,2,Clear,Dry,Daylight
2020-01-18T12:50:00.000,I 85,I 85 and Buford Hwy,,Rear End,3,Rain,Wet,Daylight
2020-12-17T11:25:00.000,I 85,I 85 and Buford Hwy,,Rear End,2,Clear,Dry,Dark-Lighted
2020-07-25T22:15:00.000,I 85,I 85 and Buford Hwy,,Rear End,1,Clear,Dry,Dark-Not Lighted
2020-07-28T08:30:00.000,I 85,I 85 and Buford Hwy,,Rear End,2,Clear,Dry,Daylight
2020-12-21T10:24:00.000,I 85,I 85 and Buford Hwy,,Angle Crash,2,Clear,Dry,Daylight
2020-10-24T17:00:00.000,I 85,I 85 and Buford Hwy,,Rear End,2,Rain,Wet,Dark-Lighted
2021-04-02T11:56:00.000,I 85,I 85 and Buford Hwy,,Rear End,2,Clear,Dry,Daylight
2021-04-02T11:26:00.000,I 85,I 85 and Buford Hwy,,Rear End,2,Clear,Dry,Daylight
2021-11-21T13:44:00.000,I 85,I 85 and Buford Hwy,,Rear End,3,Clear,Dry,Daylight
2022-12-06T08:36:00.000,I 85,I 85 and Buford Hwy,,Sideswipe-Same Direction,2,Rain,Wet,Daylight
2022-12-15T20:00:00.000,I 85,I 85 and Buford Hwy,,Rear End,2,Clear,Dry,Dark-Lighted
2022-04-01T18:07:00.000,I 85,I 85 and Buford Hwy,,Rear End,4,Clear,Dry,Daylight
2022-12-19T13:00:00.000,I 85,I 85 and Buford Hwy,,Rear End,3,Clear,Dry,Daylight
2022-04-08T07:52:00.000,I 85,I 85 and Buford Hwy,,Rear End,2,Clear,Dry,Daylight
2022-04-08T07:52:00.000,I 85,I 85 and Buford Hwy,,Rear End,3,Clear,Dry,Daylight
2022-02-25T08:51:00.000,I 85,I 85 and Buford Hwy,,Rear End,2,Rain,Wet,Daylight
2022-05-24T13:20:00.000,I 85,I 85 and Buford Hwy,,Sideswipe-Same Direction,2,Clear,Dry,Daylight
2022-04-01T15:00:00.000,I 85,I 85 and Buford Hwy,,Rear End,2,Clear,Dry,Daylight
2022-10-26T08:00:00.000,I 85,I 85 and Buford Hwy,,Rear End,2,Clear,Dry,Daylight
2022-10-14T08:10:00.000,I 85,I 85 and Buford Hwy,,Sideswipe-Same Direction,2,Clear,Dry,Daylight
2022-05-07T02:47:00.000,I 85,I 85 and Buford Hwy,,Not a Collision with Motor Vehicle,1,Clear,Dry,Dark-Lighted
2022-10-11T22:12:00.000,I 85,I 85 and Buford Hwy,,Sideswipe-Same Direction,3,Clear,Dry,Daylight
2023-01-12T06:00:00.000,I 85,I 85 and Buford Hwy,,Sideswipe-Same Direction,3,Cloudy,Wet,Dark-Lighted
2024-07-04T19:30:00.000,I 85,I 85 and Buford Hwy,,Sideswipe-Same Direction,2,Rain,Wet,Dark-Lighted
2024-05-03T19:50:00.000,I 85,I 85 and Buford Hwy,,Rear End,2,Clear,Dry,Daylight
2024-09-12T22:50:00.000,I 85,I 85 and Buford Hwy,,Head On,2,Rain,Wet,Dark-Lighted
2024-01-15T15:33:00.000,I 85,I 85 and Buford Hwy,,Rear End,2,Cloudy,Dry,Daylight
2023-09-14T15:59:00.000,I 85,I 85 and Buford Hwy,,Rear End,2,Rain,Wet,Daylight
2023-08-11T12:44:00.000,I 85,I 85 and Buford Hwy,,Rear End,2,Clear,Dry,Daylight
2023-03-17T12:57:00.000,I 85,I 85 and Buford Hwy,,Angle Crash,3,Cloudy,Wet,Daylight
2023-03-17T11:30:00.000,I 85,I 85 and Buford Hwy,,Rear End,3,Cloudy,Wet,Daylight
2023-03-23T09:15:00.000,I 85,I 85 and Buford Hwy,,Rear End,2,Clear,Dry,Daylight
2023-09-26T13:30:00.000,I 85,I 85 and Buford Hwy,,Rear End,2,Clear,Dry,Daylight
2023-05-30T09:30:00.000,I 85,I 85 and Buford Hwy,,Rear End,2,Clear,Dry,Daylight
2024-06-10T20:59:00.000,I 85,I 85 and Buford Hwy,,Sideswipe-Same Direction,2,Clear,Dry,Daylight
2024-05-11T16:58:00.000,I 85,I 85 and Buford Hwy,,Rear End,2,Clear,Dry,Daylight
2024-07-09T03:20:00.000,I 85,I 85 and Buford Hwy,,Not a Collision with Motor Vehicle,1,Cloudy,Dry,Dark-Not Lighted
2024-01-09T19:30:00.000,I 85,I 85 and Buford Hwy,,Rear End,3,Clear,Dry,Dark-Not Lighted
2024-01-18T18:45:00.000,I 85,I 85 and Buford Hwy,,Rear End,2,Clear,Dry,Dark-Lighted
2024-10-08T10:59:00.000,I 85,I 85 and Buford Hwy,,Rear End,2,Clear,Dry,Daylight
2024-01-18T18:55:00.000,I 85,I 85 and Buford Hwy,,Rear End,2,Clear,Dry,Dark-Lighted
2024-09-16T17:19:00.000,I 85,I 85 and Buford Hwy,,Rear End,2,Clear,Dry,Daylight
2024-02-16T08:35:00.000,I 85,I 85 and Buford Hwy,,Rear End,2,Cloudy,Dry,Daylight
2024-07-08T09:18:00.000,I 85,I 85 and Buford Hwy,,Sideswipe-Same Direction,2,Clear,Dry,Daylight
2023-06-22T09:35:00.000,I 85,I 85 and Buford Highway Merge,,Rear End,4,Rain,Wet,Daylight
2021-02-20T15:28:00.000,I 85,I 85 and Buford Highway Conn,,Rear End,5,Clear,Dry,Daylight
2021-01-15T19:26:00.000,I 85,I 85 and Buford Highway Conn,,Rear End,2,Clear,Dry,Dark-Lighted
2021-01-28T20:05:00.000,I 85,I 85 and Buford Highway Conn,,Sideswipe-Same Direction,3,Clear,Dry,Dark-Lighted
2021-03-17T08:41:00.000,I 85,I 85 and Buford Highway Conn,,Rear End,2,Clear,Dry,Daylight
2021-01-24T19:10:00.000,I 85,I 85 and Buford Highway Conn,,Sideswipe-Same Direction,3,Clear,Wet,Dark-Lighted
2021-02-06T20:36:00.000,I 85,I 85 and Buford Highway Conn,,Sideswipe-Same Direction,2,Rain,Wet,Dark-Lighted
2021-01-30T21:02:00.000,I 85,I 85 and Buford Highway Conn,,Rear End,2,Clear,Dry,Dark-Lighted
2021-02-07T14:52:00.000,I 85,I 85 and Buford Highway Conn,,Rear End,2,Clear,Dry,Daylight
2021-02-13T19:30:00.000,I 85,I 85 and Buford Highway Conn,,Rear End,5,Cloudy,Wet,Dark-Lighted
2021-01-11T23:13:00.000,I 85,I 85 and Buford Highway Conn,,Rear End,2,Rain,Wet,Dark-Lighted
2021-01-15T14:04:00.000,I 85,I 85 and Buford Highway Conn,,Rear End,2,Clear,Dry,Daylight
2021-02-20T20:54:00.000,I 85,I 85 and Buford Highway Conn,,Rear End,2,Clear,Dry,Dark-Lighted
2021-03-07T17:11:00.000,I 85,I 85 and Buford Highway Conn,,Rear End,3,Clear,Dry,Dark-Lighted
2021-01-31T05:59:00.000,I 85,I 85 and Buford Highway Conn,,Rear End,2,Rain,Wet,Dark-Lighted
2021-03-06T14:01:00.000,I 85,I 85 and Buford Highway Conn,,Rear End,2,Clear,Dry,Daylight
2021-01-23T18:59:00.000,I 85,I 85 and Buford Highway Conn,,Rear End,3,Clear,Dry,Dark-Lighted
2021-01-02T19:44:00.000,I 85,I 85 and Buford Highway Conn,,(None),2,Clear,Dry,Dark-Lighted
2021-02-13T13:58:00.000,I 85,I 85 and Buford Highway Conn,,Rear End,2,Rain,Wet,Daylight
2021-02-17T19:25:00.000,I 85,I 85 and Buford Highway Conn,,Sideswipe-Same Direction,2,Clear,Dry,Daylight
2021-01-16T08:58:00.000,I 85,I 85 and Buford Highway Conn,,Rear End,2,Clear,Dry,Daylight
2021-01-30T22:53:00.000,I 85,I 85 and Buford Highway Conn,,Rear End,2,Clear,Dry,Dark-Lighted
2020-02-19T18:22:00.000,I 85,I 85 and Buford Highway Conn,,Rear End,2,Cloudy,Wet,Dark-Lighted
2020-03-07T13:34:00.000,I 85,I 85 and Buford Highway Conn,,Angle Crash,2,Clear,Dry,Daylight
2020-09-13T21:19:00.000,I 85,I 85 and Buford Highway Conn,,Rear End,3,Clear,Dry,Dark-Lighted
2020-05-02T17:51:00.000,I 85,I 85 and Buford Highway Conn,,Angle Crash,2,Clear,Dry,Daylight
2020-02-24T22:45:00.000,I 85,I 85 and Buford Highway Conn,,Sideswipe-Same Direction,2,Rain,Wet,Dark-Lighted
2020-07-08T22:56:00.000,I 85,I 85 and Buford Highway Conn,,Sideswipe-Same Direction,2,Clear,Dry,Dark-Not Lighted
2020-09-12T12:48:00.000,I 85,I 85 and Buford Highway Conn,,Sideswipe-Same Direction,2,Rain,Wet,Daylight
2020-11-12T00:04:00.000,I 85,I 85 and Buford Highway Conn,,Angle Crash,2,Rain,Wet,Dark-Lighted
2020-03-07T12:26:00.000,I 85,I 85 and Buford Highway Conn,,Angle Crash,2,Clear,Dry,Daylight
2020-08-22T21:45:00.000,I 85,I 85 and Buford Highway Conn,,Rear End,3,Cloudy,Wet,Dark-Lighted
2020-08-30T07:54:00.000,I 85,I 85 and Buford Highway Conn,,Sideswipe-Same Direction,2,Clear,Dry,Daylight
2020-10-10T18:20:00.000,I 85,I 85 and Buford Highway Conn,,Angle Crash,3,Rain,Wet,Dark-Lighted
2020-10-16T22:28:00.000,I 85,I 85 and Buford Highway Conn,,Rear End,2,Clear,Dry,Dark-Lighted
2020-09-12T19:01:00.000,I 85,I 85 and Buford Highway Conn,,Rear End,2,Clear,Dry,Dark-Lighted
2020-07-01T10:58:00.000,I 85,I 85 and Buford Highway Conn,,Angle Crash,2,Clear,Dry,Daylight
2020-08-15T21:34:00.000,I 85,I 85 and Buford Highway Conn,,Sideswipe-Same Direction,2,Clear,Dry,Dark-Lighted
2020-05-27T22:57:00.000,I 85,I 85 and Buford Highway Conn,,Sideswipe-Same Direction,2,Rain,Wet,Dark-Lighted
2020-02-15T11:07:00.000,I 85,I 85 and Buford Highway Conn,,Rear End,2,Clear,Dry,Daylight
2020-01-18T20:42:00.000,I 85,I 85 and Buford Highway Conn,,Rear End,2,Rain,Wet,Dark-Lighted
2020-09-19T20:50:00.000,I 85,I 85 and Buford Highway Conn,,Rear End,2,Clear,Dry,Daylight
2020-06-20T22:00:00.000,I 85,I 85 and Buford Highway Conn,,Rear End,5,Clear,Dry,Dark-Lighted
2020-09-27T03:24:00.000,I 85,I 85 and Buford Highway Conn,,Rear End,2,Clear,Dry,Dark-Lighted
2020-01-11T14:32:00.000,I 85,I 85 and Buford Highway Conn,,Rear End,2,Rain,Wet,Daylight
2020-04-04T16:58:00.000,I 85,I 85 and Buford Highway Conn,,Rear End,2,Clear,Dry,Daylight
2020-03-04T16:50:00.000,I 85,I 85 and Buford Highway Conn,,Rear End,2,Rain,Wet,Daylight
2020-07-26T19:59:00.000,I 85,I 85 and Buford Highway Conn,,Sideswipe-Same Direction,2,Cloudy,Wet,Daylight
2020-03-06T14:48:00.000,I 85,I 85 and Buford Highway Conn,,Sideswipe-Same Direction,2,Clear,Dry,Daylight
2020-09-26T12:34:00.000,I 85,I 85 and Buford Highway Conn,,Rear End,3,Cloudy,Dry,Daylight
2020-01-15T06:43:00.000,I 85,I 85 and Buford Highway Conn,,Rear End,2,Cloudy,Dry,Dark-Lighted
2020-02-15T21:07:00.000,I 85,I 85 and Buford Highway Conn,,Rear End,2,Clear,Dry,Dark-Lighted
2020-05-22T22:30:00.000,I 85,I 85 and Buford Highway Conn,,Sideswipe-Same Direction,2,Rain,Wet,Dark-Lighted
2020-12-12T16:10:00.000,I 85,I 85 and Buford Highway Conn,,Rear End,2,Clear,Dry,Daylight
2020-10-23T21:05:00.000,I 85,I 85 and Buford Highway Conn,,Rear End,3,Clear,Dry,Dark-Lighted
2020-03-04T20:45:00.000,I 85,I 85 and Buford Highway Conn,,Rear End,3,Rain,Wet,Dark-Lighted
2020-11-07T16:10:00.000,I 85,I 85 and Buford Highway Conn,,Rear End,2,Cloudy,Dry,Daylight
2020-03-04T20:23:00.000,I 85,I 85 and Buford Highway Conn,,Rear End,3,Rain,Wet,Dark-Lighted
2020-08-20T02:00:00.000,I 85,I 85 and Buford Highway Conn,,Not a Collision with Motor Vehicle,1,Rain,Wet,Dark-Lighted
2020-09-15T01:26:00.000,I 85,I 85 and Buford Highway Conn,,Angle Crash,2,Clear,Dry,Dark-Lighted
2020-11-10T13:41:00.000,I 85,I 85 and Buford Highway Conn,,Sideswipe-Same Direction,2,Cloudy,Dry,Daylight
2020-09-28T20:51:00.000,I 85,I 85 and Buford Highway Conn,,Rear End,3,Clear,Dry,Daylight
2020-10-24T17:19:00.000,I 85,I 85 and Buford Highway Conn,,Rear End,3,Rain,Wet,Daylight
2020-07-22T03:15:00.000,I 85,I 85 and Buford Highway Conn,,Head On,2,Cloudy,Dry,Dark-Lighted
2020-09-12T13:24:00.000,I 85,I 85 and Buford Highway Conn,,Rear End,2,Clear,Dry,Daylight
2020-10-11T11:48:00.000,I 85,I 85 and Buford Highway Conn,,Rear End,2,Rain,Wet,Daylight
2020-04-15T22:49:00.000,I 85,I 85 and Buford Highway Conn,,Sideswipe-Same Direction,2,Clear,Dry,Dark-Lighted
2020-07-06T20:36:00.000,I 85,I 85 and Buford Highway Conn,,Rear End,2,Clear,Dry,Daylight
2020-12-04T07:04:00.000,I 85,I 85 and Buford Highway Conn,,Rear End,3,Clear,Dry,Daylight
2020-10-07T22:09:00.000,I 85,I 85 and Buford Highway Conn,,Rear End,2,Clear,Dry,Dark-Lighted
2020-02-08T15:41:00.000,I 85,I 85 and Buford Highway Conn,,Rear End,2,Cloudy,Wet,Daylight
2020-09-12T06:04:00.000,I 85,I 85 and Buford Highway Conn,,Angle Crash,2,Cloudy,Dry,Daylight
2020-02-19T21:53:00.000,I 85,I 85 and Buford Highway Conn,,Sideswipe-Same Direction,2,Rain,Wet,Dark-Lighted
2020-07-13T05:46:00.000,I 85,I 85 and Buford Highway Conn,,Sideswipe-Same Direction,2,Clear,Dry,Dusk
2020-10-10T20:48:00.000,I 85,I 85 and Buford Highway Conn,,Rear End,2,Rain,Wet,Dark-Not Lighted
2020-02-16T01:01:00.000,I 85,I 85 and Buford Highway Conn,,Rear End,2,Clear,Dry,(None)
2020-11-11T21:19:00.000,I 85,I 85 and Buford Highway Conn,,Angle Crash,2,Rain,Wet,Dark-Lighted
2020-07-15T19:47:00.000,I 85,I 85 and Buford Highway Conn,,Rear End,2,Rain,Wet,Daylight
2020-03-04T20:23:00.000,I 85,I 85 and Buford Highway Conn,,Rear End,2,Rain,Wet,Dark-Lighted
2020-10-25T00:32:00.000,I 85,I 85 and Buford Highway Conn,,Sideswipe-Same Direction,2,Rain,Wet,Dark-Lighted
2020-08-13T23:14:00.000,I 85,I 85 and Buford Highway Conn,,Head On,1,Rain,Wet,Dark-Lighted
2020-10-16T21:08:00.000,I 85,I 85 and Buford Highway Conn,,Rear End,2,Clear,Dry,Dark-Lighted
2020-01-04T20:54:00.000,I 85,I 85 and Buford Highway Conn,,Sideswipe-Same Direction,2,Clear,Dry,Dark-Lighted
2020-01-14T09:07:00.000,I 85,I 85 and Buford Highway Conn,,Angle Crash,2,Rain,Wet,Daylight
2020-01-14T08:31:00.000,I 85,I 85 and Buford Highway Conn,,Rear End,2,Clear,Wet,Daylight
2020-01-06T01:11:00.000,I 85,I 85 and Buford Highway Conn,,Rear End,2,Clear,Dry,Dark-Not Lighted
2020-03-07T09:01:00.000,I 85,I 85 and Buford Highway Conn,,Rear End,2,Clear,Dry,Daylight
2020-05-03T16:34:00.000,I 85,I 85 and Buford Highway Conn,,Rear End,2,Clear,Dry,Daylight
2020-02-15T22:00:00.000,I 85,I 85 and Buford Highway Conn,,Rear End,4,Clear,Dry,Dark-Lighted
2020-06-21T00:30:00.000,I 85,I 85 and Buford Highway Conn,,Sideswipe-Same Direction,2,Clear,Dry,Dark-Lighted