Date and Time,Roadway (From Crash Report),Intersection Name (from Crash Report),KABCO Severity,Manner of Collision (Crash Level) ,# of Vehicles per crash ,Weather Conditions (Crash Level),Surface Condition (Crash Level) ,Light Conditions (Crash Level)
2020-05-02T16:18:00.000,I 85,I 85 and Buford Highway Conn,,Rear End,2,Clear,Dry,Daylight
2020-03-19T20:37:00.000,I 85,I 85 and Buford Highway Conn,,Rear End,2,Clear,(None),Dark-Lighted
2020-10-17T20:37:00.000,I 85,I 85 and Buford Highway Conn,,Sideswipe-Same Direction,2,Clear,Dry,Dark-Lighted
2020-02-05T07:07:00.000,I 85,I 85 and Buford Highway Conn,,Rear End,3,Cloudy,Wet,Dark-Lighted
2020-12-02T16:03:00.000,I 85,I 85 and Buford Highway Conn,,Angle Crash,6,Clear,Dry,Daylight
2020-06-09T01:25:00.000,I 85,I 85 and Buford Highway Conn,,Sideswipe-Same Direction,2,Cloudy,Wet,Dark-Lighted
2020-12-02T18:43:00.000,I 85,I 85 and Buford Highway Conn,,Rear End,2,Clear,Dry,Daylight
2020-11-14T18:37:00.000,I 85,I 85 and Buford Highway Conn,,Rear End,4,Clear,Dry,Dark-Lighted
2020-01-18T18:17:00.000,I 85,I 85 and Buford Highway Conn,,Rear End,3,Rain,Wet,Dark-Lighted
2020-09-25T21:59:00.000,I 85,I 85 and Buford Highway Conn,,Rear End,2,Clear,Dry,Dark-Not Lighted
2020-02-07T03:04:00.000,I 85,I 85 and Buford Highway Conn,,Not a Collision with Motor Vehicle,1,Rain,Wet,Dark-Lighted
2020-08-09T21:06:00.000,I 85,I 85 and Buford Highway Conn,,Rear End,2,Clear,Dry,Daylight
2020-07-26T18:51:00.000,I 85,I 85 and Buford Highway Conn,,Sideswipe-Same Direction,2,Clear,Dry,Daylight
2020-11-07T18:20:00.000,I 85,I 85 and Buford Highway Conn,,Rear End,2,Cloudy,Dry,Dark-Lighted
2020-06-28T05:21:00.000,I 85,I 85 and Buford Highway Conn,,Sideswipe-Same Direction,2,Clear,Dry,Dark-Lighted
2020-10-03T10:28:00.000,I 85,I 85 and Buford Highway Conn,,Sideswipe-Same Direction,2,Clear,Dry,Daylight
2020-09-30T06:48:00.000,I 85,I 85 and Buford Highway Conn,,Sideswipe-Same Direction,2,Clear,Dry,Dark-Lighted
2020-01-12T11:28:00.000,I 85,I 85 and Buford Highway Conn,,Rear End,2,Clear,Dry,Daylight
2020-10-15T17:28:00.000,I 85,I 85 and Buford Highway Conn,,Sideswipe-Same Direction,2,Clear,Dry,Daylight
2020-10-17T00:38:00.000,I 85,I 85 and Buford Highway Conn,,Sideswipe-Same Direction,2,Clear,Dry,Dark-Not Lighted
2020-12-13T03:02:00.000,I 85,I 85 and Buford Highway Conn,,Angle Crash,2,Clear,Dry,Dark-Lighted
2020-05-06T10:45:00.000,I 85,I 85 and Buford Highway Conn,,Not a Collision with Motor Vehicle,2,Clear,Dry,Daylight
2020-11-11T20:34:00.000,I 85,I 85 and Buford Highway Conn,,Angle Crash,1,Clear,Dry,Dark-Lighted
2020-01-19T01:44:00.000,I 85,I 85 and Buford Highway Conn,,Sideswipe-Same Direction,1,Cloudy,Wet,Dark-Lighted
2020-01-25T16:10:00.000,I 85,I 85 and Buford Highway Conn,,Rear End,3,Clear,Dry,Daylight
2021-01-24T03:49:00.000,I 85,I 85 and Buford Highway Conn,,(None),2,Clear,Dry,Dark-Lighted
2021-02-07T15:54:00.000,I 85,I 85 and Buford Highway Conn,,Sideswipe-Same Direction,3,Clear,Dry,Daylight
2021-03-13T22:55:00.000,I 85,I 85 and Buford Highway Conn,,Sideswipe-Same Direction,2,Clear,Dry,Dark-Lighted
2021-02-20T14:17:00.000,I 85,I 85 and Buford Highway Conn,,Sideswipe-Same Direction,2,Clear,Dry,Daylight
2021-01-15T16:32:00.000,I 85,I 85 and Buford Highway Conn,,Rear End,2,Clear,Dry,Daylight
2021-01-17T13:48:00.000,I 85,I 85 and Buford Highway Conn,,Angle Crash,2,Clear,Dry,Daylight
2021-03-13T22:42:00.000,I 85,I 85 and Buford Highway Conn,,Rear End,4,Clear,Dry,Dark-Lighted
2021-03-05T23:49:00.000,I 85,I 85 and Buford Highway Conn,,Rear End,3,Cloudy,Dry,Dark-Lighted
2021-03-07T11:59:00.000,I 85,I 85 and Buford Highway Conn,,Angle Crash,3,Clear,Dry,Daylight
2021-01-21T20:39:00.000,I 85,I 85 and Buford Highway Conn,,Sideswipe-Same Direction,2,Clear,Wet,Dark-Lighted
2021-01-06T09:01:00.000,I 85,I 85 and Buford Highway Conn,,Sideswipe-Same Direction,2,Clear,Dry,Daylight
2021-03-03T00:32:00.000,I 85,I 85 and Buford Highway Conn,,(None),2,Rain,Wet,Dark-Lighted
2021-03-01T05:02:00.000,I 85,I 85 and Buford Highway Conn,,Angle Crash,3,Clear,Dry,Dark-Lighted
2021-02-25T21:51:00.000,I 85,I 85 and Buford Highway Conn,,Rear End,2,Clear,Dry,Dark-Lighted
2021-03-07T16:05:00.000,I 85,I 85 and Buford Highway Conn,,Angle Crash,2,Clear,Dry,Daylight
2021-02-14T00:34:00.000,I 85,I 85 and Buford Highway Conn,,Angle Crash,2,Cloudy,Dry,Dark-Lighted
2021-01-11T23:50:00.000,I 85,I 85 and Buford Highway Conn,,Sideswipe-Same Direction,2,Rain,Wet,Dark-Lighted
2020-03-23T02:07:00.000,I 85,I 85 and Buford Hghway,,Sideswipe-Same Direction,2,Clear,Dry,Dark-Lighted
2020-09-15T23:13:00.000,I 85,I 85 and Buford Drive Sr20,,Sideswipe-Same Direction,2,Cloudy,Dry,Dark-Not Lighted
2020-09-29T04:30:00.000,I 85,I 85 and Buford Drive Sr20,,Not a Collision with Motor Vehicle,1,Cloudy,Wet,Dark-Not Lighted
2020-11-29T00:03:00.000,I 85,I 85 and Buford Drive Sr20,,Not a Collision with Motor Vehicle,1,Cloudy,Dry,Dark-Not Lighted
2022-07-23T15:00:00.000,I 85,I 85 and Buford Drive Ramp Sr20,,Rear End,2,Clear,Dry,Daylight
2023-06-22T06:37:00.000,I 85,I 85 and Buford Drive,,Angle Crash,2,Rain,Wet,Daylight
2022-09-06T11:58:00.000,I 85,I 85 and Buford Dr. Sr20,,Sideswipe-Same Direction,2,Clear,Dry,Daylight
2022-02-20T15:00:00.000,I 85,I 85 and Buford Dr. Entrance Rp,,Angle Crash,3,Clear,Dry,Daylight
2022-07-25T18:40:00.000,I 85,I 85 and Buford Dr.,,Rear End,2,Cloudy,Dry,Daylight
2023-04-26T06:36:00.000,I 85,I 85 and Buford Dr.,,Rear End,2,Clear,Dry,Dark-Lighted
2024-12-03T00:28:00.000,I 85,I 85 and Buford Dr.,,Not a Collision with Motor Vehicle,1,Clear,Dry,Dark-Lighted
2020-12-05T14:50:00.000,I 85,I 85 and Buford Dr Sr20 Exit Rp,,Rear End,2,Clear,Dry,Daylight
2021-09-05T17:50:00.000,I 85,I 85 and Buford Dr Sr20,,Not a Collision with Motor Vehicle,1,Clear,Dry,Daylight
2021-02-06T20:26:00.000,I 85,I 85 and Buford Dr Sr20,,Not a Collision with Motor Vehicle,1,Snow,Snow,Dark-Not Lighted
2023-04-01T07:10:00.000,I 85,I 85 and Buford Dr Sr20,,Not a Collision with Motor Vehicle,1,Rain,Wet,Dark-Not Lighted
2023-06-24T15:15:00.000,I 85,I 85 and Buford Dr Sr20,,Rear End,2,Clear,Dry,Daylight
2020-02-09T18:50:00.000,I 85,I 85 and Buford Dr Sr20,,Not a Collision with Motor Vehicle,1,Clear,Dry,Dark-Not Lighted
2020-11-10T20:45:00.000,I 85,I 85 and Buford Dr Sr20,,Not a Collision with Motor Vehicle,1,Rain,Wet,Dark-Not Lighted
2021-11-26T14:40:00.000,I 85,I 85 and Buford Dr Sr20,,Head On,2,Cloudy,Dry,Daylight
2021-08-31T19:41:00.000,I 85,I 85 and Buford Dr Sr20,,Head On,2,Rain,Water (standing or moving),Dusk
2021-10-24T12:40:00.000,I 85,I 85 and Buford Dr Sr20,,Rear End,2,Clear,Dry,Daylight
2022-04-01T19:20:00.000,I 85,I 85 and Buford Dr Sr20,,Rear End,2,Cloudy,Dry,Daylight
2022-11-12T13:13:00.000,I 85,I 85 and Buford Dr Sr20,,Not a Collision with Motor Vehicle,1,Cloudy,Dry,Daylight
2022-04-16T00:29:00.000,I 85,I 85 and Buford Dr Sr20,,Sideswipe-Same Direction,2,Cloudy,Dry,Dark-Not Lighted
2024-03-02T15:15:00.000,I 85,I 85 and Buford Dr Sr20,,Rear End,2,Clear,Dry,Daylight
2023-02-18T15:34:00.000,I 85,I 85 and Buford Dr S.R.20,,Rear End,3,Clear,Dry,Daylight
2022-08-06T20:50:00.000,I 85,I 85 and Buford Dr S.R. 20,,Rear End,2,Cloudy,Wet,Dark-Not Lighted
2022-03-15T04:55:00.000,I 85,I 85 and Buford Dr S.R 20,,Not a Collision with Motor Vehicle,1,Clear,Dry,Dark-Not Lighted
2022-04-30T02:31:00.000,I 85,I 85 and Buford Dr S.R 20,,Rear End,2,Clear,Dry,Dark-Not Lighted
2022-09-07T23:16:00.000,I 85,I 85 and Buford Dr S.R 20,,Rear End,3,Cloudy,Dry,Dark-Not Lighted
2022-07-09T18:35:00.000,I 85,I 85 and Buford Dr S.R 20,,Not a Collision with Motor Vehicle,1,Clear,Dry,Dusk
2022-07-29T02:11:00.000,I 85,I 85 and Buford Dr S.R 20,,Sideswipe-Same Direction,2,Clear,Dry,Dark-Not Lighted
2023-01-07T19:05:00.000,I 85,I 85 and Buford Dr S.R 20,,Not a Collision with Motor Vehicle,1,Clear,Dry,Daylight
2024-09-16T08:01:00.000,I 85,I 85 and Buford Dr Rp,,Sideswipe-Same Direction,2,Clear,Dry,Daylight
2023-10-15T15:45:00.000,I 85,I 85 and Buford Dr Nesr20,,Rear End,3,Clear,Dry,Daylight
2024-08-28T17:45:00.000,I 85,I 85 and Buford Dr Ne Entrance Rp,,Rear End,3,Clear,Dry,Daylight
2021-08-04T07:30:00.000,I 85,I 85 and Buford Dr Exit 115,,Not a Collision with Motor Vehicle,1,Clear,Dry,Daylight
2021-05-06T12:40:00.000,I 85,I 85 and Buford Dr,,Not a Collision with Motor Vehicle,2,Clear,Dry,Daylight
2021-05-04T08:45:00.000,I 85,I 85 and Buford Dr,,Sideswipe-Same Direction,2,Clear,Dry,Daylight
2021-12-22T12:12:00.000,I 85,I 85 and Buford Dr,,Rear End,2,Clear,Dry,Daylight
2021-10-23T15:10:00.000,I 85,I 85 and Buford Dr,,Rear End,2,Clear,Dry,Daylight
2021-10-08T21:17:00.000,I 85,I 85 and Buford Dr,,Not a Collision with Motor Vehicle,1,Clear,Wet,Dark-Not Lighted
2021-10-23T12:40:00.000,I 85,I 85 and Buford Dr,,Rear End,2,Clear,Dry,Daylight
2021-11-22T11:21:00.000,I 85,I 85 and Buford Dr,,Sideswipe-Same Direction,2,Cloudy,Dry,Daylight
2021-12-24T12:34:00.000,I 85,I 85 and Buford Dr,,Rear End,2,Cloudy,Dry,Daylight
2021-01-07T19:53:00.000,I 85,I 85 and Buford Dr,,Not a Collision with Motor Vehicle,2,Rain,Wet,Dark-Not Lighted
2021-05-06T11:30:00.000,I 85,I 85 and Buford Dr,,Rear End,2,Clear,Dry,Daylight
2020-05-24T17:20:00.000,I 85,I 85 and Buford Dr,,Not a Collision with Motor Vehicle,1,Rain,Wet,Daylight
2023-07-29T15:00:00.000,I 85,I 85 and Buford Dr,,Not a Collision with Motor Vehicle,1,Cloudy,Dry,Daylight
2023-11-13T23:29:00.000,I 85,I 85 and Buford Dr,,Not a Collision with Motor Vehicle,1,Cloudy,Dry,Dark-Not Lighted
2023-06-16T15:35:00.000,I 85,I 85 and Buford Dr,,Not a Collision with Motor Vehicle,1,Clear,Dry,Daylight
2023-07-20T18:18:00.000,I 85,I 85 and Buford Dr,,Not a Collision with Motor Vehicle,1,Rain,Wet,Daylight
2023-07-23T13:20:00.000,I 85,I 85 and Buford Dr,,Rear End,2,Clear,Dry,Daylight
2023-04-06T08:00:00.000,I 85,I 85 and Buford Dr,,Not a Collision with Motor Vehicle,2,Cloudy,Dry,Daylight
2023-03-12T00:39:00.000,I 85,I 85 and Buford Dr,,Not a Collision with Motor Vehicle,1,Rain,Wet,Dark-Lighted
2023-02-12T16:00:00.000,I 85,I 85 and Buford Dr,,Rear End,2,Cloudy,Dry,Daylight
2023-08-07T06:00:00.000,I 85,I 85 and Buford Dr,,Not a Collision with Motor Vehicle,1,Cloudy,Wet,Dawn
2023-11-21T21:37:00.000,I 85,I 85 and Buford Dr,,Rear End,2,Clear,Wet,Dark-Lighted
2023-11-03T03:10:00.000,I 85,I 85 and Buford Dr,,Not a Collision with Motor Vehicle,1,Clear,Dry,Dark-Not Lighted
2023-01-21T23:18:00.000,I 85,I 85 and Buford Dr,,Not a Collision with Motor Vehicle,1,Rain,Wet,Dark-Not Lighted
2023-04-19T23:12:00.000,I 85,I 85 and Buford Dr,,Not a Collision with Motor Vehicle,1,Clear,Dry,Dark-Not Lighted
2023-02-26T13:02:00.000,I 85,I 85 and Buford Dr,,Not a Collision with Motor Vehicle,1,Clear,Dry,Daylight
2023-09-21T06:39:00.000,I 85,I 85 and Buford Dr,,Sideswipe-Same Direction,2,Clear,Dry,Dawn
2023-10-13T14:30:00.000,I 85,I 85 and Buford Dr,,Not a Collision with Motor Vehicle,1,Rain,Wet,Daylight
2023-03-25T04:55:00.000,I 85,I 85 and Buford Dr,,Head On,1,Clear,Dry,Dark-Not Lighted
2023-11-06T13:20:00.000,I 85,I 85 and Buford Dr,,Rear End,2,Cloudy,Dry,Daylight
2023-11-02T11:20:00.000,I 85,I 85 and Buford Dr,,Sideswipe-Same Direction,2,Clear,Dry,Daylight
2023-02-12T15:10:00.000,I 85,I 85 and Buford Dr,,Sideswipe-Same Direction,2,Cloudy,Dry,Daylight
2023-06-22T07:00:00.000,I 85,I 85 and Buford Dr,,Rear End,2,Rain,Wet,Daylight
2022-08-30T21:00:00.000,I 85,I 85 and Buford Dr,,Sideswipe-Same Direction,2,Cloudy,Wet,Dark-Not Lighted
2022-11-05T14:35:00.000,I 85,I 85 and Buford Dr,,Angle Crash,2,Clear,Dry,Daylight
2020-05-23T19:50:00.000,I 85,I 85 and Buford Dr,,Sideswipe-Same Direction,2,Clear,Dry,Dusk
2020-01-30T20:33:00.000,I 85,I 85 and Buford Dr,,Sideswipe-Same Direction,2,Clear,Dry,Dark-Not Lighted
2020-12-06T13:28:00.000,I 85,I 85 and Buford Dr,,Rear End,2,Cloudy,Dry,Daylight
2020-12-09T18:07:00.000,I 85,I 85 and Buford Dr,,Rear End,2,Clear,Dry,Dark-Lighted
2020-12-31T13:25:00.000,I 85,I 85 and Buford Dr,,Rear End,2,Rain,Wet,Daylight
2020-10-02T13:58:00.000,I 85,I 85 and Buford Dr,,Head On,1,Clear,Dry,Daylight
2020-08-03T12:24:00.000,I 85,I 85 and Buford Dr,,Not a Collision with Motor Vehicle,1,Clear,Dry,Daylight
2020-08-03T15:40:00.000,I 85,I 85 and Buford Dr,,Rear End,2,Cloudy,Wet,Daylight
2020-12-24T21:00:00.000,I 85,I 85 and Buford Dr,,Sideswipe-Same Direction,2,Clear,Dry,Dark-Not Lighted
2020-05-11T07:18:00.000,I 85,I 85 and Buford Dr,,Sideswipe-Same Direction,2,Clear,Dry,Daylight
2020-06-19T17:04:00.000,I 85,I 85 and Buford Dr,,Sideswipe-Same Direction,2,Clear,Dry,Daylight
2020-09-29T01:49:00.000,I 85,I 85 and Buford Dr,,Angle Crash,2,Cloudy,Wet,Dark-Not Lighted
2020-03-25T04:17:00.000,I 85,I 85 and Buford Dr,,Not a Collision with Motor Vehicle,1,Cloudy,Wet,Dark-Not Lighted
2020-07-08T07:54:00.000,I 85,I 85 and Buford Dr,,Sideswipe-Same Direction,2,Cloudy,Wet,Daylight
2020-10-11T12:00:00.000,I 85,I 85 and Buford Dr,,Angle Crash,2,Rain,Wet,Daylight
2020-12-25T01:35:00.000,I 85,I 85 and Buford Dr,,Not a Collision with Motor Vehicle,1,Clear,Dry,Dark-Not Lighted
2020-01-03T17:12:00.000,I 85,I 85 and Buford Dr,,Not a Collision with Motor Vehicle,1,Rain,Wet,Dusk
2020-11-22T12:58:00.000,I 85,I 85 and Buford Dr,,Rear End,2,Cloudy,Dry,Daylight
2020-05-27T15:56:00.000,I 85,I 85 and Buford Dr,,Rear End,2,Rain,Wet,Daylight
2021-04-24T13:13:00.000,I 85,I 85 and Buford Dr,,Rear End,2,Cloudy,Wet,Daylight
2021-04-25T23:20:00.000,I 85,I 85 and Buford Dr,,Sideswipe-Same Direction,2,Clear,Dry,Daylight
2021-01-07T19:54:00.000,I 85,I 85 and Buford Dr,,Not a Collision with Motor Vehicle,2,Rain,Wet,Dark-Not Lighted
2021-11-08T12:14:00.000,I 85,I 85 and Buford Dr,,Rear End,2,Clear,Dry,Daylight
2021-11-16T22:15:00.000,I 85,I 85 and Buford Dr,,Not a Collision with Motor Vehicle,1,Clear,Dry,Dark-Not Lighted
2021-07-12T19:25:00.000,I 85,I 85 and Buford Dr,,Sideswipe-Same Direction,2,Clear,Dry,Daylight
2021-08-28T12:08:00.000,I 85,I 85 and Buford Dr,,Rear End,2,Clear,Dry,Daylight
2021-09-18T20:20:00.000,I 85,I 85 and Buford Dr,,Sideswipe-Same Direction,2,Clear,Dry,Dark-Not Lighted
2021-11-22T14:17:00.000,I 85,I 85 and Buford Dr,,Rear End,3,Clear,Dry,Daylight
2021-10-07T19:01:00.000,I 85,I 85 and Buford Dr,,Rear End,2,Rain,Wet,Dusk
2021-10-07T07:44:00.000,I 85,I 85 and Buford Dr,,Rear End,2,Rain,Wet,Daylight
2022-12-12T07:18:00.000,I 85,I 85 and Buford Dr,,Rear End,2,Clear,Wet,Daylight
2021-09-09T14:30:00.000,I 85,I 85 and Buford Dr,,Not a Collision with Motor Vehicle,2,Clear,Dry,Daylight
2022-11-26T18:47:00.000,I 85,I 85 and Buford Dr,,Sideswipe-Same Direction,2,Cloudy,Dry,Dark-Not Lighted
2022-09-11T12:28:00.000,I 85,I 85 and Buford Dr,,Angle Crash,2,Clear,Dry,Daylight
2022-03-09T11:15:00.000,I 85,I 85 and Buford Dr,,Angle Crash,2,Cloudy,Wet,Daylight
2022-10-15T06:23:00.000,I 85,I 85 and Buford Dr,,Not a Collision with Motor Vehicle,1,Clear,Dry,Dark-Not Lighted
2022-09-05T23:51:00.000,I 85,I 85 and Buford Dr,,Not a Collision with Motor Vehicle,1,Rain,Wet,Dark-Not Lighted
2022-04-11T15:16:00.000,I 85,I 85 and Buford Dr,,Sideswipe-Same Direction,4,Cloudy,Dry,Daylight
2022-12-17T12:15:00.000,I 85,I 85 and Buford Dr,,Rear End,2,Cloudy,Dry,Daylight
2022-12-17T17:08:00.000,I 85,I 85 and Buford Dr,,Angle Crash,2,Cloudy,Dry,Daylight
2021-07-08T14:25:00.000,I 85,I 85 and Buford Dr,,Not a Collision with Motor Vehicle,2,Cloudy,Dry,Daylight
2022-07-30T13:45:00.000,I 85,I 85 and Buford Dr,,Rear End,4,Cloudy,Dry,Daylight
2022-05-09T06:35:00.000,I 85,I 85 and Buford Dr,,Not a Collision with Motor Vehicle,1,Clear,Dry,Dawn
2022-03-05T21:40:00.000,I 85,I 85 and Buford Dr,,Not a Collision with Motor Vehicle,1,Clear,Dry,Dark-Lighted
2022-12-18T13:46:00.000,I 85,I 85 and Buford Dr,,Rear End,2,Clear,Dry,Daylight
2022-08-26T20:20:00.000,I 85,I 85 and Buford Dr,,Sideswipe-Same Direction,2,Clear,Dry,Dark-Not Lighted
2022-12-26T14:40:00.000,I 85,I 85 and Buford Dr,,Rear End,3,Clear,Dry,Daylight
2022-12-10T20:30:00.000,I 85,I 85 and Buford Dr,,Not a Collision with Motor Vehicle,1,Clear,Dry,Dark-Lighted
2022-11-26T23:35:00.000,I 85,I 85 and Buford Dr,,Not a Collision with Motor Vehicle,1,Rain,Wet,Dark-Not Lighted
2022-11-19T22:07:00.000,I 85,I 85 and Buford Dr,,Rear End,2,Clear,Dry,Dark-Lighted
2022-07-08T02:55:00.000,I 85,I 85 and Buford Dr,,Sideswipe-Same Direction,2,Clear,Wet,Dark-Not Lighted
2022-09-19T22:02:00.000,I 85,I 85 and Buford Dr,,Head On,1,Clear,Dry,Dark-Not Lighted
2022-07-25T00:20:00.000,I 85,I 85 and Buford Dr,,Sideswipe-Same Direction,2,Clear,Dry,Dark-Not Lighted
2022-04-15T20:50:00.000,I 85,I 85 and Buford Dr,,Rear End,3,Clear,Dry,Dark-Not Lighted
2022-08-10T18:00:00.000,I 85,I 85 and Buford Dr,,Sideswipe-Same Direction,2,Clear,Dry,Daylight
2022-09-08T00:02:00.000,I 85,I 85 and Buford Dr,,Rear End,3,Clear,Dry,Dark-Lighted
2022-03-22T09:32:00.000,I 85,I 85 and Buford Dr,,Sideswipe-Same Direction,2,Clear,Dry,Dark-Not Lighted
2022-12-10T15:04:00.000,I 85,I 85 and Buford Dr,,Rear End,2,Cloudy,Dry,Daylight
2022-11-26T11:00:00.000,I 85,I 85 and Buford Dr,,Rear End,2,Clear,Dry,Daylight
2022-08-28T12:30:00.000,I 85,I 85 and Buford Dr,,Rear End,2,Clear,Dry,Daylight
2022-09-25T11:00:00.000,I 85,I 85 and Buford Dr,,Not a Collision with Motor Vehicle,2,Clear,Dry,Daylight
2022-02-25T00:20:00.000,I 85,I 85 and Buford Dr,,Not a Collision with Motor Vehicle,1,Cloudy,Dry,Dark-Not Lighted
2022-09-28T16:55:00.000,I 85,I 85 and Buford Dr,,Angle Crash,2,Clear,Dry,Daylight
2022-12-17T16:10:00.000,I 85,I 85 and Buford Dr,,Rear End,2,Clear,Dry,Daylight
2022-03-16T23:55:00.000,I 85,I 85 and Buford Dr,,Not a Collision with Motor Vehicle,1,Clear,Dry,Dark-Lighted
2022-08-08T00:47:00.000,I 85,I 85 and Buford Dr,,Angle Crash,1,Clear,Dry,Dark-Not Lighted
2022-06-18T10:38:00.000,I 85,I 85 and Buford Dr,,Rear End,3,Clear,Dry,Daylight
2024-06-07T23:55:00.000,I 85,I 85 and Buford Dr,,Not a Collision with Motor Vehicle,1,Clear,Dry,Dark-Not Lighted
2024-02-28T16:00:00.000,I 85,I 85 and Buford Dr,,Rear End,2,Rain,Wet,Daylight
2024-10-11T17:04:00.000,I 85,I 85 and Buford Dr,,Rear End,4,Clear,Dry,Daylight
2024-02-08T04:40:00.000,I 85,I 85 and Buford Dr,,Not a Collision with Motor Vehicle,1,Clear,Dry,Dark-Lighted
2024-06-16T11:49:00.000,I 85,I 85 and Buford Dr,,Sideswipe-Same Direction,2,Cloudy,Dry,Daylight
2024-09-23T17:35:00.000,I 85,I 85 and Buford Dr,,Sideswipe-Same Direction,2,Clear,Dry,Daylight
2024-01-03T11:13:00.000,I 85,I 85 and Buford Dr,,Not a Collision with Motor Vehicle,1,Cloudy,Dry,Daylight
2024-07-14T14:50:00.000,I 85,I 85 and Buford Dr,,Rear End,2,Clear,Dry,Daylight
2024-11-01T17:55:00.000,I 85,I 85 and Buford Dr,,Sideswipe-Same Direction,2,Cloudy,Dry,Daylight
2024-10-18T18:50:00.000,I 85,I 85 and Buford Dr,,Rear End,2,Clear,Dry,Dusk
2024-12-10T15:30:00.000,I 85,I 85 and Buford Dr,,Sideswipe-Same Direction,2,Rain,Wet,Daylight
2024-09-27T07:39:00.000,I 85,I 85 and Buford Dr,,Not a Collision with Motor Vehicle,1,Rain,Wet,Daylight
2024-09-26T15:52:00.000,I 85,I 85 and Buford Dr,,Not a Collision with Motor Vehicle,1,Rain,Wet,Daylight
2024-03-06T08:06:00.000,I 85,I 85 and Buford Dr,,Rear End,3,Rain,Wet,Daylight
2024-08-04T14:13:00.000,I 85,I 85 and Buford Dr,,Rear End,2,Clear,Dry,Daylight
2024-07-27T14:38:00.000,I 85,I 85 and Buford Dr,,Rear End,2,Cloudy,Dry,Daylight
2024-09-30T15:54:00.000,I 85,I 85 and Buford Dr,,Not a Collision with Motor Vehicle,2,Clear,Dry,Daylight
2024-03-06T06:40:00.000,I 85,I 85 and Buford Dr,,Rear End,2,Rain,Wet,Daylight
2023-07-05T18:00:00.000,I 85,I 85 and Buford Dr,,Sideswipe-Same Direction,2,Clear,Dry,Daylight
2024-05-09T07:59:00.000,I 85,I 85 and Buford Dr,,Sideswipe-Same Direction,2,Rain,Wet,Daylight
2024-03-06T04:40:00.000,I 85,I 85 and Buford Dr,,Not a Collision with Motor Vehicle,1,Rain,Wet,Dark-Not Lighted
2024-12-23T16:30:00.000,I 85,I 85 and Buford Dr,,Rear End,2,Clear,Dry,Daylight
2023-01-17T22:04:00.000,I 85,I 85 and Buford Dr,,Not a Collision with Motor Vehicle,1,Fog,Wet,Dark-Not Lighted
2023-04-30T03:28:00.000,I 85,I 85 and Buford Dr,,Rear End,2,Rain,Wet,Dark-Not Lighted
2023-05-17T18:51:00.000,I 85,I 85 and Buford Dr,,Head On,3,Cloudy,Dry,Daylight
2023-06-17T11:20:00.000,I 85,I 85 and Buford Dr,,Sideswipe-Same Direction,2,Clear,Dry,Daylight
2023-12-28T10:40:00.000,I 85,I 85 and Buford Dr,,Not a Collision with Motor Vehicle,2,Clear,Dry,Daylight
2023-06-23T05:50:00.000,I 85,I 85 and Buford Dr,,Angle Crash,2,Fog,Dry,Dark-Not Lighted
2023-12-14T14:27:00.000,I 85,I 85 and Buford Dr,,Sideswipe-Same Direction,2,Clear,Dry,Daylight
2023-07-22T17:20:00.000,I 85,I 85 and Buford Dr,,Angle Crash,2,Clear,Dry,Daylight
2023-10-07T22:45:00.000,I 85,I 85 and Buford Dr,,Not a Collision with Motor Vehicle,1,Cloudy,Dry,Dark-Not Lighted
2023-08-12T15:53:00.000,I 85,I 85 and Buford Dr,,Rear End,2,Cloudy,Dry,Daylight
2023-06-22T08:03:00.000,I 85,I 85 and Buford Dr,,Rear End,2,Rain,Wet,Daylight
2023-08-01T08:50:00.000,I 85,I 85 and Buford Dr,,Rear End,2,Clear,Dry,Daylight
2023-08-01T19:40:00.000,I 85,I 85 and Buford Dr,,Rear End,2,Clear,Dry,Daylight
2023-02-28T12:17:00.000,I 85,I 85 and Buford Dr,,Angle Crash,2,Clear,Dry,Daylight
2023-10-20T05:45:00.000,I 85,I 85 and Buford Dr,,Not a Collision with Motor Vehicle,1,Rain,Wet,Dark-Not Lighted
2023-07-10T11:06:00.000,I 85,I 85 and Buford Dr,,Not a Collision with Motor Vehicle,1,Clear,Dry,Daylight
2024-07-28T14:25:00.000,I 85,I 85 and Buford Dr,,Rear End,3,Rain,Wet,Daylight
2024-04-18T06:37:00.000,I 85,I 85 and Buford Dr,,Rear End,2,Clear,Dry,Daylight
2024-01-27T18:48:00.000,I 85,I 85 and Buford Dr,,Not a Collision with Motor Vehicle,1,Rain,Wet,Dark-Not Lighted
2024-12-16T21:17:00.000,I 85,I 85 and Buford Dr,,Not a Collision with Motor Vehicle,2,Clear,Dry,Dark-Lighted
2024-08-24T15:28:00.000,I 85,I 85 and Buford Dr,,Not a Collision with Motor Vehicle,1,Clear,Dry,Daylight
2024-02-16T19:35:00.000,I 85,I 85 and Buford Dr,,Rear End,2,Clear,Dry,Dark-Not Lighted
2024-07-14T13:46:00.000,I 85,I 85 and Buford Dr,,Rear End,2,Clear,Dry,Daylight