Date and Time,Roadway (From Crash Report),Intersection Name (from Crash Report),KABCO Severity,Manner of Collision (Crash Level) ,# of Vehicles per crash ,Weather Conditions (Crash Level),Surface Condition (Crash Level) ,Light Conditions (Crash Level)
2024-02-14T17:48:00.000,I 85,I 85 and Buford Dr,,Angle Crash,2,Clear,Dry,Dusk
2024-07-14T17:18:00.000,I 85,I 85 and Buford Dr,,Rear End,2,Cloudy,Dry,Daylight
2024-11-28T00:18:00.000,I 85,I 85 and Buford Dr,,Not a Collision with Motor Vehicle,1,Rain,Wet,Dark-Not Lighted
2024-12-29T20:45:00.000,I 85,I 85 and Buford Dr,,Sideswipe-Same Direction,2,Clear,Dry,Dark-Not Lighted
2024-10-25T09:50:00.000,I 85,I 85 and Buford Dr,,Sideswipe-Same Direction,2,Clear,Dry,Daylight
2024-10-07T15:03:00.000,I 85,I 85 and Buford Dr,,Not a Collision with Motor Vehicle,1,Clear,Dry,Daylight
2024-11-06T10:45:00.000,I 85,I 85 and Buford Dr,,Sideswipe-Same Direction,2,Cloudy,Dry,Daylight
2024-12-26T23:09:00.000,I 85,I 85 and Buford Dr,,Sideswipe-Same Direction,2,Clear,Dry,Dark-Not Lighted
2024-02-08T04:40:00.000,I 85,I 85 and Buford Dr,,Not a Collision with Motor Vehicle,1,Clear,Dry,Dark-Not Lighted
2024-11-22T14:40:00.000,I 85,I 85 and Buford Dr,,Sideswipe-Same Direction,2,Clear,Dry,Daylight
2024-12-12T00:02:00.000,I 85,I 85 and Buford Dr,,Rear End,2,Clear,Dry,Dark-Lighted
2024-12-15T17:29:00.000,I 85,I 85 and Buford Dr,,Rear End,2,Rain,Wet,Dark-Not Lighted
2024-07-25T12:28:00.000,I 85,I 85 and Buford Dr,,Rear End,2,Cloudy,Dry,Daylight
2024-12-29T13:17:00.000,I 85,I 85 and Buford Dr,,Rear End,2,Clear,Dry,Daylight
2024-04-19T07:30:00.000,I 85,I 85 and Buford Dr,,Not a Collision with Motor Vehicle,1,Cloudy,Dry,Daylight
2024-02-16T19:18:00.000,I 85,I 85 and Buford Dr,,Rear End,2,Clear,Dry,Dark-Lighted
2024-06-24T06:00:00.000,I 85,I 85 and Buford Dr,,Not a Collision with Motor Vehicle,1,Clear,Dry,Daylight
2024-05-31T17:00:00.000,I 85,I 85 and Buford Dr,,Rear End,3,Clear,Dry,Daylight
2024-12-19T14:45:00.000,I 85,I 85 and Buford Dr,,Sideswipe-Same Direction,2,Clear,Dry,Daylight
2024-01-17T14:41:00.000,I 85,I 85 and Buford Dr,,Sideswipe-Same Direction,2,Clear,Dry,Daylight
2024-04-25T07:40:00.000,I 85,I 85 and Buford Dr,,Rear End,3,Clear,Dry,Daylight
2024-04-21T00:54:00.000,I 85,I 85 and Buford Dr,,Not a Collision with Motor Vehicle,1,Rain,Wet,Dark-Not Lighted
2024-09-25T14:45:00.000,I 85,I 85 and Buford Dr,,Rear End,3,Rain,Wet,Daylight
2024-03-17T16:00:00.000,I 85,I 85 and Buford Dr,,Sideswipe-Same Direction,2,Cloudy,Dry,Daylight
2024-04-03T07:44:00.000,I 85,I 85 and Buford Dr,,Rear End,2,Cloudy,Dry,Daylight
2024-12-22T13:45:00.000,I 85,I 85 and Buford Dr,,Rear End,2,Clear,Dry,Daylight
2024-08-22T12:55:00.000,I 85,I 85 and Buford Dr,,Rear End,3,Clear,Dry,Daylight
2024-06-18T17:43:00.000,I 85,I 85 and Buford Dr,,Rear End,2,Cloudy,Dry,Daylight
2024-10-19T18:40:00.000,I 85,I 85 and Buford Dr,,Rear End,2,Clear,Dry,Dusk
2024-09-05T06:00:00.000,I 85,I 85 and Buford Dr,,Rear End,4,Clear,Dry,Daylight
2024-01-12T00:12:00.000,I 85,I 85 and Buford Dr,,Sideswipe-Same Direction,2,Clear,Dry,Dark-Lighted
2024-08-05T00:27:00.000,I 85,I 85 and Buford Dr,,Not a Collision with Motor Vehicle,1,Clear,Dry,Dark-Lighted
2024-01-15T03:33:00.000,I 85,I 85 and Buford Dr,,Rear End,2,Clear,Dry,Dark-Not Lighted
2024-05-11T20:29:00.000,I 85,I 85 and Buford Dr,,Not a Collision with Motor Vehicle,1,Clear,Dry,Dusk
2024-06-04T22:17:00.000,I 85,I 85 and Buford Dr,,Rear End,2,Cloudy,Wet,Dark-Not Lighted
2024-07-14T15:58:00.000,I 85,I 85 and Buford Dr,,Rear End,2,Clear,Dry,Daylight
2024-11-24T00:15:00.000,I 85,I 85 and Buford Dr,,Sideswipe-Same Direction,2,Clear,Dry,Dark-Lighted
2024-03-09T13:00:00.000,I 85,I 85 and Buford Dr,,Rear End,2,Clear,Wet,Daylight
2024-10-12T15:40:00.000,I 85,I 85 and Buford Dr,,Rear End,2,Clear,Dry,Daylight
2024-06-23T20:02:00.000,I 85,I 85 and Buford Dr,,Angle Crash,2,Clear,Dry,Dusk
2024-11-26T12:58:00.000,I 85,I 85 and Buford Dr,,Rear End,2,Clear,Dry,Daylight
2024-12-18T20:56:00.000,I 85,I 85 and Buford Dr,,Not a Collision with Motor Vehicle,1,Rain,Wet,Dark-Not Lighted
2024-04-16T06:30:00.000,I 85,I 85 and Buford Dr,,Rear End,2,Cloudy,Dry,Dawn
2024-02-23T00:35:00.000,I 85,I 85 and Buford Dr,,Rear End,2,Cloudy,Dry,Dark-Not Lighted
2024-09-27T21:10:00.000,I 85,I 85 and Buford Dr,,Not a Collision with Motor Vehicle,2,Clear,Dry,Dark-Not Lighted
2024-05-05T04:02:00.000,I 85,I 85 and Buford Dr,,Sideswipe-Same Direction,2,Rain,Wet,Dark-Not Lighted
2024-12-09T11:40:00.000,I 85,I 85 and Buford Dr,,Sideswipe-Same Direction,2,Cloudy,Wet,Daylight
2024-11-29T11:20:00.000,I 85,I 85 and Buford Dr,,Rear End,3,Clear,Dry,Daylight
2024-12-29T07:56:00.000,I 85,I 85 and Buford Dr,,Not a Collision with Motor Vehicle,1,Rain,Wet,Daylight
2024-03-06T04:53:00.000,I 85,I 85 and Buford Dr,,Not a Collision with Motor Vehicle,1,Rain,Water (standing or moving),Dark-Not Lighted
2024-01-25T08:10:00.000,I 85,I 85 and Buford Dr,,Rear End,2,Rain,Wet,Dark-Not Lighted
2024-08-15T07:35:00.000,I 85,I 85 and Buford Dr,,Sideswipe-Same Direction,2,Clear,Dry,Daylight
2024-01-26T08:00:00.000,I 85,I 85 and Buford Dr,,Not a Collision with Motor Vehicle,1,Cloudy,Wet,Daylight
2024-12-14T19:02:00.000,I 85,I 85 and Buford Dr,,Rear End,2,Clear,Dry,Dark-Not Lighted
2024-12-25T10:40:00.000,I 85,I 85 and Buford Dr,,Not a Collision with Motor Vehicle,1,Other,Other,(None)
2024-12-15T16:22:00.000,I 85,I 85 and Buford Dr,,Rear End,3,Rain,Wet,Daylight
2024-12-16T05:15:00.000,I 85,I 85 and Buford Dr,,Rear End,2,Clear,Dry,Dark-Lighted
2024-12-15T04:20:00.000,I 85,I 85 and Buford Dr,,Sideswipe-Same Direction,2,Clear,Dry,Dark-Not Lighted
2024-06-29T09:58:00.000,I 85,I 85 and Buford Dr,,Not a Collision with Motor Vehicle,1,Cloudy,Dry,Daylight
2024-09-30T16:40:00.000,I 85,I 85 and Buford Dr,,Not a Collision with Motor Vehicle,2,Clear,Dry,Daylight
2024-09-09T07:00:00.000,I 85,I 85 and Buford,,Sideswipe-Same Direction,2,Clear,Dry,Daylight
2023-07-13T12:45:00.000,I 85,I 85 and Buford,,Sideswipe-Same Direction,2,Clear,Dry,Daylight
2024-01-16T22:28:00.000,I 85,I 85 and Buford,,Angle Crash,2,Cloudy,Dry,Dark-Not Lighted
2024-02-16T19:00:00.000,I 85,I 85 and Buford,,Rear End,2,Clear,Dry,Daylight
2022-02-16T16:42:00.000,I 85,I 85 and Bufod Dr,,Angle Crash,2,Clear,Dry,Daylight
2024-12-14T14:11:00.000,I 85,I 85 and Bufford Dr,,Rear End,2,Cloudy,Dry,Daylight
2021-12-09T17:01:00.000,I 85,I 85 and Buffington Road Opas,,Angle Crash,2,Cloudy,Dry,Daylight
2021-02-14T20:47:00.000,I 85,I 85 and Buffington Road Opas,,Sideswipe-Same Direction,2,Cloudy,Wet,Dark-Not Lighted
2020-06-05T08:36:00.000,I 85,I 85 and Buffington Rd Opas,,Angle Crash,2,Clear,Dry,Daylight
2021-06-09T15:31:00.000,I 85,I 85 and Buffington Rd,,Rear End,2,Clear,Dry,Daylight
2020-01-07T06:26:00.000,I 85,I 85 and Buffington Rd,,Rear End,2,Rain,Wet,Dark-Lighted
2020-05-29T15:35:00.000,I 85,I 85 and Buffington Rd,,Head On,3,Clear,Dry,Daylight
2020-09-05T12:25:00.000,I 85,I 85 and Buffington Rd,,Rear End,3,Clear,(None),(None)
2020-06-05T15:58:00.000,I 85,I 85 and Buffington Rd,,Rear End,2,Cloudy,Dry,Daylight
2021-11-02T17:59:00.000,I 85,I 85 and Buffington Rd,,Rear End,2,Clear,Dry,Daylight
2021-12-12T01:02:00.000,I 85,I 85 and Buffington Rd,,Angle Crash,3,Clear,Dry,Dark-Lighted
2021-10-19T17:13:00.000,I 85,I 85 and Buffington Rd,,Rear End,3,Clear,Dry,Daylight
2022-07-21T03:40:00.000,I 85,I 85 and Buffington Rd,,Not a Collision with Motor Vehicle,1,Clear,Dry,Dark-Not Lighted
2022-06-27T18:15:00.000,I 85,I 85 and Buffington Rd,,Sideswipe-Same Direction,2,Clear,Wet,Daylight
2022-09-01T23:40:00.000,I 85,I 85 and Buffington Rd,,Rear End,2,Clear,Dry,Dark-Lighted
2023-10-13T17:08:00.000,I 85,I 85 and Buffington Rd,,Rear End,2,Rain,Wet,Daylight
2024-06-28T17:28:00.000,I 85,I 85 and Buffington Rd,,Rear End,2,Clear,Dry,Daylight
2024-06-09T00:00:00.000,I 85,I 85 and Buffington Rd,,Rear End,2,Clear,Dry,Dark-Not Lighted
2020-10-27T10:20:00.000,I 85,I 85 and Buena Vista Rd,,Not a Collision with Motor Vehicle,1,Rain,Wet,Dark-Not Lighted
2022-08-16T16:44:00.000,I 85,I 85 and Bruce Rd,,Angle Crash,2,Clear,Dry,Daylight
2022-11-19T18:34:00.000,I 85,I 85 and Bruce Rd,,Rear End,4,Clear,Dry,Dark-Not Lighted
2021-02-24T22:28:00.000,I 85,I 85 and Brown Rd Brg,,Rear End,2,Clear,Dry,Dark-Lighted
2023-11-22T20:50:00.000,I 85,I 85 and Brown Rd,,Angle Crash,2,Clear,Dry,Dark-Lighted
2020-08-26T19:00:00.000,I 85,I 85 and Brookwood Split Mile Marker 24,,Sideswipe-Same Direction,2,Cloudy,Dry,Daylight
2021-05-30T05:00:00.000,I 85,I 85 and Briarwood Rd,,Rear End,2,Clear,Dry,Dark-Lighted
2023-08-28T18:29:00.000,I 85,I 85 and Briarwood Rd,,Angle Crash,2,Clear,Dry,Daylight
2022-03-22T21:11:00.000,I 85,I 85 and Briarwood Rd,,Sideswipe-Same Direction,2,Cloudy,Dry,Dark-Lighted
2021-07-03T09:00:00.000,I 85,I 85 and Briarwood Ct,,Sideswipe-Same Direction,2,Clear,Dry,Daylight
2021-12-08T16:05:00.000,I 85,I 85 and Briarcliff,,Sideswipe-Same Direction,2,Clear,Dry,Daylight
2024-10-20T13:52:00.000,I 85,I 85 and Breaver Ruin Rd,,Rear End,2,Clear,Dry,Daylight
2024-01-05T13:32:00.000,I 85,I 85 and Breaver Ruin Rd,,Angle Crash,2,Clear,Dry,Daylight
2024-11-15T22:31:00.000,I 85,I 85 and Breaver Ruin Rd,,Rear End,2,Clear,Dry,Dark-Lighted
2022-08-13T14:14:00.000,I 85,I 85 and Braselton Hwy,,Angle Crash,1,Clear,Dry,Daylight
2024-12-04T18:08:00.000,I 85,I 85 and Brandsmart Way,,Angle Crash,2,Clear,Dry,Dark-Lighted
2023-11-18T00:45:00.000,I 85,I 85 and Bohannon Rd.,,Sideswipe-Same Direction,2,Clear,Dry,Dark-Lighted
2023-10-31T05:19:00.000,I 85,I 85 and Bohannon Rd.,,Sideswipe-Same Direction,2,Clear,Dry,Dark-Not Lighted
2022-02-08T11:56:00.000,I 85,I 85 and Bohannon Rd Opas,,Not a Collision with Motor Vehicle,1,Clear,Dry,Daylight
2021-05-03T10:55:00.000,I 85,I 85 and Bohannon Rd,,Not a Collision with Motor Vehicle,1,Rain,Wet,Daylight
2021-01-23T11:09:00.000,I 85,I 85 and Bohannon Rd,,Rear End,2,Clear,Dry,Daylight
2021-02-20T07:11:00.000,I 85,I 85 and Bohannon Rd,,Sideswipe-Same Direction,2,Clear,Dry,Daylight
2021-02-24T15:32:00.000,I 85,I 85 and Bohannon Rd,,Rear End,2,Clear,Dry,Daylight
2021-11-11T19:53:00.000,I 85,I 85 and Bohannon Rd,,Not a Collision with Motor Vehicle,1,Rain,Wet,Dark-Not Lighted
2021-11-01T17:26:00.000,I 85,I 85 and Bohannon Rd,,Not a Collision with Motor Vehicle,2,Clear,Dry,Daylight
2021-11-06T03:53:00.000,I 85,I 85 and Bohannon Rd,,(None),2,(None),(None),(None)
2021-11-08T12:50:00.000,I 85,I 85 and Bohannon Rd,,Not a Collision with Motor Vehicle,1,Clear,Dry,Daylight
2021-05-05T21:12:00.000,I 85,I 85 and Bohannon Rd,,Not a Collision with Motor Vehicle,3,Clear,Dry,Dark-Not Lighted
2021-12-17T17:00:00.000,I 85,I 85 and Bohannon Rd,,Sideswipe-Same Direction,1,Clear,Dry,Daylight
2021-12-26T21:47:00.000,I 85,I 85 and Bohannon Rd,,Rear End,2,Clear,Dry,Dark-Lighted
2021-07-08T14:13:00.000,I 85,I 85 and Bohannon Rd,,Not a Collision with Motor Vehicle,1,Cloudy,Wet,Daylight
2023-03-31T06:53:00.000,I 85,I 85 and Bohannon Rd,,Rear End,2,Clear,Dry,Dark-Lighted
2023-04-30T05:50:00.000,I 85,I 85 and Bohannon Rd,,Not a Collision with Motor Vehicle,1,Rain,Wet,Dark-Not Lighted
2022-01-06T15:23:00.000,I 85,I 85 and Bohannon Rd,,Not a Collision with Motor Vehicle,1,Rain,Wet,Daylight
2022-01-03T22:50:00.000,I 85,I 85 and Bohannon Rd,,Rear End,2,Clear,Dry,Dark-Not Lighted
2021-01-23T11:45:00.000,I 85,I 85 and Bohannon Rd,,Sideswipe-Same Direction,3,Clear,Dry,Daylight
2020-05-05T07:14:00.000,I 85,I 85 and Bohannon Rd,,Sideswipe-Same Direction,2,Clear,Dry,Daylight
2020-10-10T19:45:00.000,I 85,I 85 and Bohannon Rd,,Angle Crash,2,Rain,Wet,Dark-Lighted
2020-09-17T05:00:00.000,I 85,I 85 and Bohannon Rd,,Not a Collision with Motor Vehicle,1,Rain,Wet,Dusk
2020-12-22T08:50:00.000,I 85,I 85 and Bohannon Rd,,Sideswipe-Same Direction,2,Clear,Dry,Daylight
2020-01-29T13:35:00.000,I 85,I 85 and Bohannon Rd,,Sideswipe-Same Direction,2,Clear,Dry,Daylight
2020-12-02T07:00:00.000,I 85,I 85 and Bohannon Rd,,Rear End,2,Clear,Dry,Daylight
2020-11-06T16:38:00.000,I 85,I 85 and Bohannon Rd,,Rear End,2,Clear,Dry,Daylight
2020-05-04T04:30:00.000,I 85,I 85 and Bohannon Rd,,Not a Collision with Motor Vehicle,1,Clear,Dry,Dark-Not Lighted
2020-01-02T16:14:00.000,I 85,I 85 and Bohannon Rd,,Not a Collision with Motor Vehicle,1,Rain,Wet,Daylight
2020-08-25T12:44:00.000,I 85,I 85 and Bohannon Rd,,Not a Collision with Motor Vehicle,1,Rain,Wet,Daylight
2020-02-24T11:25:00.000,I 85,I 85 and Bohannon Rd,,Not a Collision with Motor Vehicle,1,Rain,Wet,Daylight
2020-05-01T18:13:00.000,I 85,I 85 and Bohannon Rd,,Sideswipe-Same Direction,2,Clear,Dry,Daylight
2020-11-14T20:03:00.000,I 85,I 85 and Bohannon Rd,,Sideswipe-Same Direction,3,Clear,Dry,Dark-Not Lighted
2020-07-02T14:49:00.000,I 85,I 85 and Bohannon Rd,,Sideswipe-Same Direction,2,Clear,Dry,Daylight
2020-07-30T15:17:00.000,I 85,I 85 and Bohannon Rd,,Rear End,3,Rain,Wet,Daylight
2020-07-06T18:14:00.000,I 85,I 85 and Bohannon Rd,,Not a Collision with Motor Vehicle,1,Rain,Wet,Daylight
2020-10-07T14:19:00.000,I 85,I 85 and Bohannon Rd,,Angle Crash,2,Clear,Dry,Daylight
2020-09-12T12:10:00.000,I 85,I 85 and Bohannon Rd,,Not a Collision with Motor Vehicle,2,Clear,Dry,Daylight
2020-12-31T14:34:00.000,I 85,I 85 and Bohannon Rd,,Not a Collision with Motor Vehicle,1,Clear,Dry,Daylight
2020-06-12T04:30:00.000,I 85,I 85 and Bohannon Rd,,Not a Collision with Motor Vehicle,1,Clear,Dry,Dark-Not Lighted
2020-10-24T17:55:00.000,I 85,I 85 and Bohannon Rd,,Not a Collision with Motor Vehicle,1,Rain,Wet,Daylight
2021-01-27T09:10:00.000,I 85,I 85 and Bohannon Rd,,Not a Collision with Motor Vehicle,1,Rain,Wet,Daylight
2021-01-23T18:32:00.000,I 85,I 85 and Bohannon Rd,,Rear End,2,Clear,Dry,Daylight
2021-04-20T14:14:00.000,I 85,I 85 and Bohannon Rd,,Angle Crash,2,Clear,Dry,Daylight
2021-06-02T14:48:00.000,I 85,I 85 and Bohannon Rd,,Sideswipe-Same Direction,2,Clear,Dry,Daylight
2022-01-15T19:40:00.000,I 85,I 85 and Bohannon Rd,,Rear End,2,Clear,Dry,Dark-Lighted
2022-10-23T07:17:00.000,I 85,I 85 and Bohannon Rd,,Sideswipe-Same Direction,2,Clear,Dry,Daylight
2022-12-01T15:32:00.000,I 85,I 85 and Bohannon Rd,,Not a Collision with Motor Vehicle,2,Clear,Dry,Daylight
2022-12-21T09:14:00.000,I 85,I 85 and Bohannon Rd,,Sideswipe-Same Direction,2,Cloudy,Dry,Daylight
2021-08-04T18:30:00.000,I 85,I 85 and Bohannon Rd,,Rear End,2,Clear,Dry,Daylight
2021-12-04T02:12:00.000,I 85,I 85 and Bohannon Rd,,Not a Collision with Motor Vehicle,1,Clear,Dry,Dark-Lighted
2022-08-04T15:25:00.000,I 85,I 85 and Bohannon Rd,,Not a Collision with Motor Vehicle,1,Rain,Wet,Daylight
2022-02-22T05:58:00.000,I 85,I 85 and Bohannon Rd,,Rear End,2,Clear,Wet,Dark-Lighted
2022-03-08T13:25:00.000,I 85,I 85 and Bohannon Rd,,Not a Collision with Motor Vehicle,1,Rain,Wet,Daylight
2022-05-26T06:34:00.000,I 85,I 85 and Bohannon Rd,,Sideswipe-Same Direction,2,Cloudy,Dry,Daylight
2022-11-12T03:00:00.000,I 85,I 85 and Bohannon Rd,,Sideswipe-Same Direction,2,Clear,Dry,Dark-Lighted
2022-09-11T01:58:00.000,I 85,I 85 and Bohannon Rd,,Rear End,2,Other,Wet,Dark-Not Lighted
2022-03-16T06:42:00.000,I 85,I 85 and Bohannon Rd,,Sideswipe-Same Direction,2,Rain,Wet,Dark-Not Lighted
2022-05-31T19:13:00.000,I 85,I 85 and Bohannon Rd,,Sideswipe-Same Direction,2,Clear,Dry,Daylight
2023-04-08T13:50:00.000,I 85,I 85 and Bohannon Rd,,Not a Collision with Motor Vehicle,1,Rain,Wet,Daylight
2023-03-30T09:35:00.000,I 85,I 85 and Bohannon Rd,,Rear End,2,Clear,Dry,Daylight
2023-04-29T22:01:00.000,I 85,I 85 and Bohannon Rd,,Not a Collision with Motor Vehicle,1,Rain,Wet,Dusk
2024-09-25T02:50:00.000,I 85,I 85 and Bohannon Rd,,Sideswipe-Same Direction,3,Clear,Dry,Dark-Not Lighted
2023-06-19T05:06:00.000,I 85,I 85 and Bohannon Rd,,Not a Collision with Motor Vehicle,1,Rain,Wet,Dark-Not Lighted
2023-03-23T08:35:00.000,I 85,I 85 and Bohannon Rd,,Rear End,2,Clear,Dry,Daylight
2023-04-27T12:55:00.000,I 85,I 85 and Bohannon Rd,,Not a Collision with Motor Vehicle,1,Rain,Wet,Daylight
2023-02-24T03:20:00.000,I 85,I 85 and Bohannon Rd,,Rear End,1,Clear,Wet,Dark-Not Lighted
2023-05-06T13:28:00.000,I 85,I 85 and Bohannon Rd,,Not a Collision with Motor Vehicle,1,Clear,Dry,Daylight
2024-09-17T09:20:00.000,I 85,I 85 and Bohannon Rd,,Rear End,2,Clear,Dry,Daylight
2024-09-26T17:40:00.000,I 85,I 85 and Bohannon Rd,,Not a Collision with Motor Vehicle,1,Rain,Wet,Daylight
2023-08-28T23:34:00.000,I 85,I 85 and Bohannon,,Sideswipe-Same Direction,2,Rain,Wet,Dark-Not Lighted
2023-09-16T15:41:00.000,I 85,I 85 and Bogs Rd Brg,,Sideswipe-Same Direction,2,Cloudy,Wet,Daylight
2023-11-02T14:15:00.000,I 85,I 85 and Boggs Rod,,Sideswipe-Same Direction,2,Clear,Dry,Daylight
2021-10-11T11:15:00.000,I 85,I 85 and Boggs Road Opas,,Rear End,3,Cloudy,Dry,Daylight
2020-10-01T07:51:00.000,I 85,I 85 and Boggs Road Exit Rp,,Rear End,2,Clear,Wet,Daylight
2022-06-11T02:50:00.000,I 85,I 85 and Boggs Rd.,,Rear End,2,Clear,Dry,Dark-Lighted
2022-10-05T17:41:00.000,I 85,I 85 and Boggs Rd.,,Rear End,2,Clear,Dry,Daylight
2024-10-24T20:10:00.000,I 85,I 85 and Boggs Rd.,,Sideswipe-Same Direction,2,Clear,Dry,Dark-Lighted
2024-10-11T17:29:00.000,I 85,I 85 and Boggs Rd.,,Rear End,3,Clear,Dry,Daylight
2024-05-19T08:41:00.000,I 85,I 85 and Boggs Rd.,,Not a Collision with Motor Vehicle,2,Cloudy,Dry,Daylight
2024-11-14T20:18:00.000,I 85,I 85 and Boggs Rd.,,Rear End,2,Clear,Wet,Dark-Lighted
2024-11-16T19:45:00.000,I 85,I 85 and Boggs Rd.,,Rear End,2,Clear,Dry,Dark-Lighted
2024-11-16T19:46:00.000,I 85,I 85 and Boggs Rd.,,Sideswipe-Same Direction,2,Clear,Dry,Dark-Lighted
2021-11-23T14:00:00.000,I 85,I 85 and Boggs Rd Opas,,Rear End,2,Clear,Dry,Daylight
2022-11-28T08:53:00.000,I 85,I 85 and Boggs Rd Opas,,Rear End,3,Clear,Dry,Daylight
2023-01-14T23:35:00.000,I 85,I 85 and Boggs Rd Nw Ext Rp,,Sideswipe-Same Direction,2,Clear,Dry,Dark-Not Lighted
2020-05-26T16:36:00.000,I 85,I 85 and Boggs Rd Exit Rp,,Rear End,2,Cloudy,Dry,Daylight
2020-06-19T18:58:00.000,I 85,I 85 and Boggs Rd Exit Rp,,Rear End,3,Rain,Wet,Daylight
2022-01-20T19:20:00.000,I 85,I 85 and Boggs Rd Exit,,Sideswipe-Same Direction,2,Cloudy,Dry,Dark-Lighted
2023-12-23T09:51:00.000,I 85,I 85 and Boggs Rd Entrance Rp,,Sideswipe-Same Direction,2,Clear,Dry,Daylight
2021-05-17T08:22:00.000,I 85,I 85 and Boggs Rd,,Angle Crash,2,Clear,Dry,Daylight
2021-04-10T17:05:00.000,I 85,I 85 and Boggs Rd,,Rear End,2,Clear,Dry,Daylight
2021-03-16T14:00:00.000,I 85,I 85 and Boggs Rd,,Rear End,2,Rain,Wet,Daylight
2021-12-01T19:50:00.000,I 85,I 85 and Boggs Rd,,Sideswipe-Same Direction,2,Clear,Dry,Dark-Not Lighted
2021-06-17T18:25:00.000,I 85,I 85 and Boggs Rd,,Rear End,2,Clear,Dry,Daylight
2021-02-04T00:21:00.000,I 85,I 85 and Boggs Rd,,Rear End,2,Clear,Dry,Dark-Lighted
2021-06-03T17:24:00.000,I 85,I 85 and Boggs Rd,,Rear End,2,Clear,Dry,Daylight
2021-04-02T10:59:00.000,I 85,I 85 and Boggs Rd,,Sideswipe-Same Direction,2,Clear,Dry,Daylight
2021-02-13T19:50:00.000,I 85,I 85 and Boggs Rd,,Angle Crash,2,Clear,Dry,Dark-Lighted
2021-09-07T06:55:00.000,I 85,I 85 and Boggs Rd,,Sideswipe-Same Direction,2,Clear,Dry,Daylight
2021-11-06T20:09:00.000,I 85,I 85 and Boggs Rd,,Not a Collision with Motor Vehicle,1,Clear,Dry,Dark-Not Lighted
2021-07-20T15:51:00.000,I 85,I 85 and Boggs Rd,,Rear End,2,Rain,Wet,Daylight
2021-11-18T09:45:00.000,I 85,I 85 and Boggs Rd,,Rear End,2,Cloudy,Dry,Daylight
2021-12-30T13:59:00.000,I 85,I 85 and Boggs Rd,,Not a Collision with Motor Vehicle,1,Rain,Wet,Daylight
2021-12-01T15:50:00.000,I 85,I 85 and Boggs Rd,,Rear End,2,Clear,Dry,Daylight
2021-07-23T08:34:00.000,I 85,I 85 and Boggs Rd,,Rear End,2,Clear,Dry,Daylight
2021-06-13T01:10:00.000,I 85,I 85 and Boggs Rd,,Not a Collision with Motor Vehicle,1,Clear,Dry,Dark-Not Lighted
2021-11-08T08:00:00.000,I 85,I 85 and Boggs Rd,,Sideswipe-Same Direction,2,Clear,Dry,Daylight
2021-11-19T06:26:00.000,I 85,I 85 and Boggs Rd,,Rear End,2,Clear,Dry,Dawn
2021-08-09T19:45:00.000,I 85,I 85 and Boggs Rd,,Sideswipe-Same Direction,2,Cloudy,Dry,Daylight
2021-10-15T17:30:00.000,I 85,I 85 and Boggs Rd,,Rear End,2,Clear,Dry,Daylight
2021-05-28T23:48:00.000,I 85,I 85 and Boggs Rd,,Not a Collision with Motor Vehicle,1,Clear,Dry,Dark-Lighted
2021-05-02T22:30:00.000,I 85,I 85 and Boggs Rd,,Sideswipe-Same Direction,2,Cloudy,Dry,Dark-Not Lighted
2021-05-03T19:00:00.000,I 85,I 85 and Boggs Rd,,Sideswipe-Same Direction,3,Rain,Wet,Daylight
2021-02-27T21:24:00.000,I 85,I 85 and Boggs Rd,,Rear End,2,Cloudy,Dry,Dark-Lighted
2021-07-02T14:35:00.000,I 85,I 85 and Boggs Rd,,Angle Crash,3,Cloudy,Dry,Daylight
2021-10-19T13:49:00.000,I 85,I 85 and Boggs Rd,,Sideswipe-Same Direction,2,Cloudy,Dry,Daylight
2021-09-16T10:48:00.000,I 85,I 85 and Boggs Rd,,Rear End,3,Rain,Wet,Daylight
2021-10-01T20:17:00.000,I 85,I 85 and Boggs Rd,,Rear End,2,Clear,Dry,Dark-Lighted
2021-09-20T08:19:00.000,I 85,I 85 and Boggs Rd,,Rear End,2,Rain,Wet,Daylight
2021-11-03T13:15:00.000,I 85,I 85 and Boggs Rd,,Sideswipe-Same Direction,2,Clear,Dry,Daylight
2021-12-19T02:55:00.000,I 85,I 85 and Boggs Rd,,Angle Crash,2,Clear,Dry,Dark-Lighted
2021-03-31T18:20:00.000,I 85,I 85 and Boggs Rd,,Rear End,2,Clear,Wet,Daylight
2020-09-07T20:58:00.000,I 85,I 85 and Boggs Rd,,Angle Crash,2,Clear,Dry,Dark-Lighted
2023-08-24T08:31:00.000,I 85,I 85 and Boggs Rd,,Rear End,2,Clear,Dry,Daylight
2023-07-09T15:59:00.000,I 85,I 85 and Boggs Rd,,Angle Crash,2,Clear,Dry,Daylight
2023-04-15T16:15:00.000,I 85,I 85 and Boggs Rd,,Angle Crash,2,Clear,Dry,Daylight
2023-11-01T10:30:00.000,I 85,I 85 and Boggs Rd,,Rear End,2,Clear,Dry,Daylight
2023-05-21T03:05:00.000,I 85,I 85 and Boggs Rd,,Not a Collision with Motor Vehicle,1,Cloudy,Dry,Dark-Not Lighted
2023-03-16T07:20:00.000,I 85,I 85 and Boggs Rd,,Rear End,2,Clear,Dry,Dawn
2023-01-04T05:43:00.000,I 85,I 85 and Boggs Rd,,Rear End,3,Severe Thunderstorm or Tornadic,Wet,Dark-Not Lighted
2023-02-06T06:38:00.000,I 85,I 85 and Boggs Rd,,Rear End,2,Clear,Dry,Dark-Lighted
2023-07-14T00:11:00.000,I 85,I 85 and Boggs Rd,,Sideswipe-Same Direction,2,Clear,Dry,Dark-Lighted