Date and Time,Roadway (From Crash Report),Intersection Name (from Crash Report),KABCO Severity,Manner of Collision (Crash Level) ,# of Vehicles per crash ,Weather Conditions (Crash Level),Surface Condition (Crash Level) ,Light Conditions (Crash Level)
2023-01-04T05:43:00.000,I 85,I 85 and Boggs Rd,,Not a Collision with Motor Vehicle,1,Severe Thunderstorm or Tornadic,Water (standing or moving),Dark-Not Lighted
2023-12-07T16:44:00.000,I 85,I 85 and Boggs Rd,,Rear End,2,Clear,Dry,Daylight
2023-09-07T06:53:00.000,I 85,I 85 and Boggs Rd,,Rear End,2,Clear,Dry,Daylight
2023-09-06T08:17:00.000,I 85,I 85 and Boggs Rd,,Rear End,2,Clear,Dry,Daylight
2023-02-22T08:25:00.000,I 85,I 85 and Boggs Rd,,Sideswipe-Same Direction,2,Cloudy,Dry,Daylight
2023-02-25T16:30:00.000,I 85,I 85 and Boggs Rd,,Head On,1,Cloudy,Dry,Dark-Lighted
2023-05-08T15:59:00.000,I 85,I 85 and Boggs Rd,,Rear End,2,Clear,Dry,Daylight
2023-04-08T13:54:00.000,I 85,I 85 and Boggs Rd,,Angle Crash,2,Rain,Wet,Daylight
2023-09-19T07:20:00.000,I 85,I 85 and Boggs Rd,,Rear End,2,Clear,Dry,Daylight
2023-04-08T17:08:00.000,I 85,I 85 and Boggs Rd,,Not a Collision with Motor Vehicle,1,Rain,Wet,Daylight
2023-06-22T18:45:00.000,I 85,I 85 and Boggs Rd,,Rear End,2,Clear,Dry,Daylight
2023-05-06T23:59:00.000,I 85,I 85 and Boggs Rd,,Not a Collision with Motor Vehicle,1,Clear,Dry,Dark-Lighted
2023-08-19T17:00:00.000,I 85,I 85 and Boggs Rd,,Rear End,2,Clear,Dry,Daylight
2023-05-19T16:05:00.000,I 85,I 85 and Boggs Rd,,Rear End,2,Cloudy,Dry,Daylight
2023-03-25T07:01:00.000,I 85,I 85 and Boggs Rd,,Not a Collision with Motor Vehicle,1,Rain,Wet,Dark-Not Lighted
2023-03-06T15:12:00.000,I 85,I 85 and Boggs Rd,,Rear End,2,Clear,Dry,Daylight
2023-01-03T14:31:00.000,I 85,I 85 and Boggs Rd,,Rear End,2,Other,Other,Daylight
2023-09-16T14:36:00.000,I 85,I 85 and Boggs Rd,,Rear End,2,Clear,Dry,Daylight
2023-06-29T22:16:00.000,I 85,I 85 and Boggs Rd,,Angle Crash,2,Clear,Dry,Dark-Not Lighted
2023-04-26T15:42:00.000,I 85,I 85 and Boggs Rd,,Rear End,2,Cloudy,Wet,Daylight
2023-04-30T14:56:00.000,I 85,I 85 and Boggs Rd,,Rear End,2,Clear,Dry,Daylight
2023-10-28T02:20:00.000,I 85,I 85 and Boggs Rd,,Rear End,4,Cloudy,Dry,Dark-Lighted
2023-05-09T09:50:00.000,I 85,I 85 and Boggs Rd,,Rear End,2,Clear,Dry,Daylight
2023-03-02T17:26:00.000,I 85,I 85 and Boggs Rd,,Rear End,2,Rain,Wet,Daylight
2023-05-25T10:45:00.000,I 85,I 85 and Boggs Rd,,Rear End,2,Clear,Dry,Daylight
2023-08-05T14:21:00.000,I 85,I 85 and Boggs Rd,,Rear End,2,Clear,Dry,Daylight
2023-11-10T05:43:00.000,I 85,I 85 and Boggs Rd,,Rear End,2,Other,Dry,Dark-Lighted
2023-04-11T08:41:00.000,I 85,I 85 and Boggs Rd,,Rear End,2,Clear,Dry,Daylight
2023-04-08T14:58:00.000,I 85,I 85 and Boggs Rd,,Sideswipe-Same Direction,2,Rain,Wet,Daylight
2023-05-14T21:30:00.000,I 85,I 85 and Boggs Rd,,Rear End,2,Cloudy,Dry,Dark-Lighted
2023-03-29T09:50:00.000,I 85,I 85 and Boggs Rd,,Sideswipe-Same Direction,2,Clear,Dry,Daylight
2023-04-19T06:43:00.000,I 85,I 85 and Boggs Rd,,Rear End,2,Clear,Dry,Daylight
2023-11-01T11:44:00.000,I 85,I 85 and Boggs Rd,,Angle Crash,2,Clear,Dry,Daylight
2023-01-18T08:01:00.000,I 85,I 85 and Boggs Rd,,Sideswipe-Same Direction,2,Fog,Wet,Daylight
2023-04-12T13:00:00.000,I 85,I 85 and Boggs Rd,,Not a Collision with Motor Vehicle,1,Clear,Dry,Daylight
2022-10-06T19:55:00.000,I 85,I 85 and Boggs Rd,,Rear End,2,Clear,Dry,Dark-Not Lighted
2022-10-16T04:50:00.000,I 85,I 85 and Boggs Rd,,Rear End,2,Clear,Dry,Dark-Lighted
2022-11-01T00:08:00.000,I 85,I 85 and Boggs Rd,,Rear End,3,Clear,Dry,Dark-Lighted
2022-08-17T23:03:00.000,I 85,I 85 and Boggs Rd,,Sideswipe-Same Direction,2,Rain,Wet,Dark-Lighted
2022-12-16T20:24:00.000,I 85,I 85 and Boggs Rd,,Rear End,2,Clear,Dry,Dark-Lighted
2022-09-06T09:55:00.000,I 85,I 85 and Boggs Rd,,Rear End,2,Cloudy,Dry,Daylight
2023-12-22T19:40:00.000,I 85,I 85 and Boggs Rd,,Sideswipe-Same Direction,2,Clear,Dry,Dark-Not Lighted
2022-07-28T15:36:00.000,I 85,I 85 and Boggs Rd,,Not a Collision with Motor Vehicle,2,Clear,Dry,Daylight
2020-02-25T19:10:00.000,I 85,I 85 and Boggs Rd,,Sideswipe-Same Direction,2,Clear,Dry,Dark-Lighted
2023-10-22T17:10:00.000,I 85,I 85 and Boggs Rd,,Rear End,3,Clear,Dry,Daylight
2020-04-14T12:55:00.000,I 85,I 85 and Boggs Rd,,Rear End,2,Clear,Dry,Daylight
2020-03-25T11:35:00.000,I 85,I 85 and Boggs Rd,,Sideswipe-Same Direction,2,Cloudy,Dry,Daylight
2020-07-10T08:48:00.000,I 85,I 85 and Boggs Rd,,Rear End,2,Clear,Dry,Daylight
2020-10-09T16:14:00.000,I 85,I 85 and Boggs Rd,,Rear End,2,Rain,Wet,Daylight
2020-03-19T15:05:00.000,I 85,I 85 and Boggs Rd,,Not a Collision with Motor Vehicle,1,Clear,Dry,Daylight
2020-11-09T15:53:00.000,I 85,I 85 and Boggs Rd,,Rear End,2,Cloudy,Dry,Daylight
2020-11-04T22:10:00.000,I 85,I 85 and Boggs Rd,,Not a Collision with Motor Vehicle,1,Clear,Dry,Dark-Not Lighted
2020-02-08T11:51:00.000,I 85,I 85 and Boggs Rd,,Not a Collision with Motor Vehicle,1,Sleet,Wet,Daylight
2020-04-20T17:00:00.000,I 85,I 85 and Boggs Rd,,Sideswipe-Same Direction,2,Clear,Dry,Daylight
2020-06-19T17:36:00.000,I 85,I 85 and Boggs Rd,,Rear End,2,Cloudy,Dry,Daylight
2020-02-24T06:50:00.000,I 85,I 85 and Boggs Rd,,Sideswipe-Same Direction,2,Rain,Wet,Daylight
2020-10-23T14:30:00.000,I 85,I 85 and Boggs Rd,,Sideswipe-Same Direction,2,Clear,Dry,Daylight
2020-10-09T02:20:00.000,I 85,I 85 and Boggs Rd,,Angle Crash,2,Clear,Dry,Dark-Lighted
2020-08-05T05:00:00.000,I 85,I 85 and Boggs Rd,,Rear End,2,Clear,Dry,Dark-Lighted
2020-08-23T01:20:00.000,I 85,I 85 and Boggs Rd,,Rear End,2,Clear,Dry,Dark-Lighted
2020-12-17T18:00:00.000,I 85,I 85 and Boggs Rd,,Sideswipe-Same Direction,2,Clear,Dry,Dark-Not Lighted
2020-10-10T11:10:00.000,I 85,I 85 and Boggs Rd,,Not a Collision with Motor Vehicle,1,Cloudy,Wet,Daylight
2020-11-11T15:00:00.000,I 85,I 85 and Boggs Rd,,Rear End,2,Cloudy,Water (standing or moving),Daylight
2020-05-13T18:30:00.000,I 85,I 85 and Boggs Rd,,Not a Collision with Motor Vehicle,1,Clear,Dry,Daylight
2020-09-06T23:00:00.000,I 85,I 85 and Boggs Rd,,Rear End,2,Clear,Dry,Dark-Not Lighted
2020-09-21T16:45:00.000,I 85,I 85 and Boggs Rd,,Rear End,2,Clear,Dry,Daylight
2020-11-30T18:00:00.000,I 85,I 85 and Boggs Rd,,Not a Collision with Motor Vehicle,1,Rain,Wet,Dark-Lighted
2020-07-11T21:10:00.000,I 85,I 85 and Boggs Rd,,Angle Crash,2,Clear,Dry,Dark-Lighted
2020-12-15T17:45:00.000,I 85,I 85 and Boggs Rd,,Angle Crash,2,Clear,Dry,Dark-Lighted
2020-08-24T01:45:00.000,I 85,I 85 and Boggs Rd,,Sideswipe-Same Direction,2,Clear,Dry,Daylight
2020-05-15T19:00:00.000,I 85,I 85 and Boggs Rd,,Rear End,2,Clear,Dry,Daylight
2020-02-24T06:50:00.000,I 85,I 85 and Boggs Rd,,Rear End,2,Rain,Wet,Dark-Lighted
2020-08-03T16:54:00.000,I 85,I 85 and Boggs Rd,,Rear End,3,Cloudy,Dry,Daylight
2020-07-06T18:10:00.000,I 85,I 85 and Boggs Rd,,Not a Collision with Motor Vehicle,1,Rain,Wet,Daylight
2020-08-25T22:06:00.000,I 85,I 85 and Boggs Rd,,Head On,1,Clear,Wet,Dark-Lighted
2020-03-11T15:34:00.000,I 85,I 85 and Boggs Rd,,Head On,2,Clear,Dry,Daylight
2020-04-10T09:20:00.000,I 85,I 85 and Boggs Rd,,Not a Collision with Motor Vehicle,1,Clear,Dry,Daylight
2020-05-27T15:02:00.000,I 85,I 85 and Boggs Rd,,Not a Collision with Motor Vehicle,1,Rain,Wet,Daylight
2020-03-19T16:54:00.000,I 85,I 85 and Boggs Rd,,Not a Collision with Motor Vehicle,1,Clear,Dry,Daylight
2020-09-15T04:00:00.000,I 85,I 85 and Boggs Rd,,Not a Collision with Motor Vehicle,1,Rain,Wet,Dark-Lighted
2020-10-19T19:50:00.000,I 85,I 85 and Boggs Rd,,Not a Collision with Motor Vehicle,1,Clear,Dry,Dark-Lighted
2020-01-03T09:05:00.000,I 85,I 85 and Boggs Rd,,Not a Collision with Motor Vehicle,1,Rain,Wet,Daylight
2020-05-19T04:00:00.000,I 85,I 85 and Boggs Rd,,Sideswipe-Same Direction,2,Clear,Dry,Dark-Not Lighted
2020-09-17T05:05:00.000,I 85,I 85 and Boggs Rd,,Not a Collision with Motor Vehicle,1,Rain,Water (standing or moving),Dark-Lighted
2020-01-31T14:15:00.000,I 85,I 85 and Boggs Rd,,Rear End,2,Rain,Wet,Daylight
2020-10-22T19:35:00.000,I 85,I 85 and Boggs Rd,,Rear End,2,Clear,Dry,Dark-Lighted
2020-05-13T20:35:00.000,I 85,I 85 and Boggs Rd,,Sideswipe-Same Direction,2,Clear,Dry,Dusk
2020-07-30T21:15:00.000,I 85,I 85 and Boggs Rd,,Not a Collision with Motor Vehicle,1,Clear,Dry,Dark-Lighted
2020-12-08T13:45:00.000,I 85,I 85 and Boggs Rd,,Sideswipe-Same Direction,2,Clear,Dry,Daylight
2020-04-09T23:00:00.000,I 85,I 85 and Boggs Rd,,Sideswipe-Same Direction,2,Clear,Dry,Dark-Lighted
2020-07-02T18:47:00.000,I 85,I 85 and Boggs Rd,,Sideswipe-Same Direction,2,Cloudy,Dry,Daylight
2020-10-12T20:08:00.000,I 85,I 85 and Boggs Rd,,Rear End,2,Clear,Dry,Dark-Lighted
2020-05-15T10:00:00.000,I 85,I 85 and Boggs Rd,,Not a Collision with Motor Vehicle,2,Cloudy,Dry,Daylight
2020-08-25T23:25:00.000,I 85,I 85 and Boggs Rd,,Not a Collision with Motor Vehicle,1,Clear,Dry,Dark-Lighted
2020-08-21T00:20:00.000,I 85,I 85 and Boggs Rd,,Rear End,2,Clear,Wet,Dark-Not Lighted
2020-09-22T16:52:00.000,I 85,I 85 and Boggs Rd,,Not a Collision with Motor Vehicle,2,Cloudy,Dry,Daylight
2020-10-25T12:00:00.000,I 85,I 85 and Boggs Rd,,Sideswipe-Same Direction,2,Cloudy,Wet,Daylight
2020-02-25T06:36:00.000,I 85,I 85 and Boggs Rd,,Rear End,2,Clear,Dry,Daylight
2020-02-06T11:12:00.000,I 85,I 85 and Boggs Rd,,Not a Collision with Motor Vehicle,1,Rain,Wet,Daylight
2020-02-24T06:35:00.000,I 85,I 85 and Boggs Rd,,Sideswipe-Same Direction,2,Rain,Wet,Dark-Lighted
2020-11-04T10:24:00.000,I 85,I 85 and Boggs Rd,,Rear End,2,Clear,Dry,Daylight
2020-12-19T16:19:00.000,I 85,I 85 and Boggs Rd,,Rear End,2,Clear,Dry,Daylight
2020-07-23T17:18:00.000,I 85,I 85 and Boggs Rd,,Sideswipe-Same Direction,2,Clear,Dry,Daylight
2020-12-31T00:19:00.000,I 85,I 85 and Boggs Rd,,Sideswipe-Same Direction,2,Clear,Dry,Dark-Not Lighted
2020-01-14T08:10:00.000,I 85,I 85 and Boggs Rd,,Not a Collision with Motor Vehicle,1,Cloudy,Wet,Daylight
2020-09-24T01:00:00.000,I 85,I 85 and Boggs Rd,,Sideswipe-Same Direction,2,Clear,Dry,Dark-Lighted
2020-12-24T20:00:00.000,I 85,I 85 and Boggs Rd,,Angle Crash,2,Clear,Dry,Dark-Lighted
2020-05-31T12:58:00.000,I 85,I 85 and Boggs Rd,,Sideswipe-Same Direction,2,Clear,Dry,Daylight
2020-11-12T15:11:00.000,I 85,I 85 and Boggs Rd,,Rear End,2,Clear,Dry,Daylight
2020-12-24T11:10:00.000,I 85,I 85 and Boggs Rd,,Angle Crash,1,Rain,Wet,Daylight
2020-02-14T16:44:00.000,I 85,I 85 and Boggs Rd,,Rear End,2,Clear,Dry,Daylight
2020-01-16T08:02:00.000,I 85,I 85 and Boggs Rd,,Rear End,2,Cloudy,Wet,Daylight
2020-02-16T12:53:00.000,I 85,I 85 and Boggs Rd,,Rear End,2,Cloudy,Wet,Daylight
2020-08-20T09:00:00.000,I 85,I 85 and Boggs Rd,,Sideswipe-Same Direction,2,Cloudy,Dry,Daylight
2020-04-25T17:00:00.000,I 85,I 85 and Boggs Rd,,Rear End,2,Clear,Dry,Daylight
2020-03-23T06:30:00.000,I 85,I 85 and Boggs Rd,,Sideswipe-Same Direction,2,Cloudy,Dry,Dark-Lighted
2020-07-10T14:28:00.000,I 85,I 85 and Boggs Rd,,Sideswipe-Same Direction,2,Cloudy,Dry,Daylight
2020-09-18T08:34:00.000,I 85,I 85 and Boggs Rd,,Rear End,2,Cloudy,Dry,Daylight
2020-10-05T01:43:00.000,I 85,I 85 and Boggs Rd,,Angle Crash,2,Clear,Dry,Dark-Not Lighted
2020-06-15T08:45:00.000,I 85,I 85 and Boggs Rd,,Rear End,2,Clear,Dry,Daylight
2020-03-04T11:45:00.000,I 85,I 85 and Boggs Rd,,Rear End,2,Cloudy,Wet,Daylight
2020-11-12T20:10:00.000,I 85,I 85 and Boggs Rd,,Rear End,2,Clear,Dry,Dark-Not Lighted
2020-10-16T14:19:00.000,I 85,I 85 and Boggs Rd,,Rear End,2,Clear,Dry,Daylight
2020-03-11T16:45:00.000,I 85,I 85 and Boggs Rd,,Rear End,2,Clear,Dry,Daylight
2020-11-30T17:50:00.000,I 85,I 85 and Boggs Rd,,Not a Collision with Motor Vehicle,1,Rain,Wet,Dark-Lighted
2021-03-01T19:12:00.000,I 85,I 85 and Boggs Rd,,Not a Collision with Motor Vehicle,1,Clear,Dry,Dark-Not Lighted
2021-04-19T02:02:00.000,I 85,I 85 and Boggs Rd,,Sideswipe-Same Direction,2,Clear,Dry,Dark-Not Lighted
2021-04-21T22:37:00.000,I 85,I 85 and Boggs Rd,,Angle Crash,2,Clear,Dry,Dark-Not Lighted
2021-05-04T05:14:00.000,I 85,I 85 and Boggs Rd,,Not a Collision with Motor Vehicle,1,Cloudy,Wet,Dark-Lighted
2021-06-03T15:40:00.000,I 85,I 85 and Boggs Rd,,Rear End,2,Clear,Dry,Daylight
2021-04-05T18:00:00.000,I 85,I 85 and Boggs Rd,,Not a Collision with Motor Vehicle,1,Clear,Dry,Daylight
2021-05-27T08:04:00.000,I 85,I 85 and Boggs Rd,,Sideswipe-Same Direction,2,Clear,Dry,Daylight
2021-05-28T18:40:00.000,I 85,I 85 and Boggs Rd,,Rear End,3,Clear,Dry,Daylight
2021-06-09T18:10:00.000,I 85,I 85 and Boggs Rd,,Rear End,2,Rain,Wet,Daylight
2021-02-02T14:36:00.000,I 85,I 85 and Boggs Rd,,Rear End,2,Clear,Dry,Daylight
2021-02-14T16:00:00.000,I 85,I 85 and Boggs Rd,,Rear End,2,Cloudy,Dry,Daylight
2021-01-18T18:00:00.000,I 85,I 85 and Boggs Rd,,Sideswipe-Same Direction,2,Clear,Dry,Daylight
2021-05-07T19:16:00.000,I 85,I 85 and Boggs Rd,,Sideswipe-Same Direction,2,Clear,Dry,Daylight
2021-02-14T07:45:00.000,I 85,I 85 and Boggs Rd,,Not a Collision with Motor Vehicle,2,Rain,Wet,Dawn
2021-06-11T12:50:00.000,I 85,I 85 and Boggs Rd,,Sideswipe-Same Direction,3,Clear,Dry,Daylight
2021-05-11T23:45:00.000,I 85,I 85 and Boggs Rd,,Not a Collision with Motor Vehicle,1,Clear,Dry,Dark-Lighted
2021-04-08T15:45:00.000,I 85,I 85 and Boggs Rd,,Rear End,2,Cloudy,Dry,Daylight
2021-09-17T05:17:00.000,I 85,I 85 and Boggs Rd,,Not a Collision with Motor Vehicle,1,Rain,Wet,Dark-Not Lighted
2021-10-05T18:16:00.000,I 85,I 85 and Boggs Rd,,Angle Crash,2,Cloudy,Wet,Daylight
2021-07-20T21:00:00.000,I 85,I 85 and Boggs Rd,,Not a Collision with Motor Vehicle,1,Clear,Wet,Dark-Lighted
2021-11-06T05:15:00.000,I 85,I 85 and Boggs Rd,,Sideswipe-Same Direction,2,Cloudy,Dry,Dark-Not Lighted
2021-12-30T19:00:00.000,I 85,I 85 and Boggs Rd,,Rear End,2,Cloudy,Wet,Dark-Lighted
2021-11-02T01:40:00.000,I 85,I 85 and Boggs Rd,,Angle Crash,2,Clear,Dry,Dark-Not Lighted
2021-10-17T14:10:00.000,I 85,I 85 and Boggs Rd,,Rear End,2,Clear,Dry,Daylight
2021-07-11T03:00:00.000,I 85,I 85 and Boggs Rd,,Sideswipe-Same Direction,2,Clear,Dry,Dark-Lighted
2022-04-04T18:17:00.000,I 85,I 85 and Boggs Rd,,Rear End,2,Clear,Dry,Daylight
2022-12-13T18:10:00.000,I 85,I 85 and Boggs Rd,,Not a Collision with Motor Vehicle,1,Cloudy,Dry,Dark-Lighted
2022-10-11T08:19:00.000,I 85,I 85 and Boggs Rd,,Rear End,2,Clear,Dry,Daylight
2022-07-03T17:25:00.000,I 85,I 85 and Boggs Rd,,Rear End,2,Rain,Wet,Daylight
2022-02-15T17:33:00.000,I 85,I 85 and Boggs Rd,,Sideswipe-Same Direction,2,Clear,Dry,Daylight
2022-08-16T08:15:00.000,I 85,I 85 and Boggs Rd,,Rear End,2,Cloudy,Dry,Daylight
2022-08-15T21:15:00.000,I 85,I 85 and Boggs Rd,,Sideswipe-Same Direction,2,Cloudy,Dry,Daylight
2022-01-08T20:25:00.000,I 85,I 85 and Boggs Rd,,Sideswipe-Same Direction,2,Clear,Dry,Dark-Not Lighted
2022-07-08T15:20:00.000,I 85,I 85 and Boggs Rd,,Rear End,2,Clear,Dry,Daylight
2021-12-18T14:05:00.000,I 85,I 85 and Boggs Rd,,Rear End,2,Cloudy,Dry,Daylight
2021-09-16T08:20:00.000,I 85,I 85 and Boggs Rd,,Rear End,2,Rain,Wet,Daylight
2021-10-31T20:20:00.000,I 85,I 85 and Boggs Rd,,Sideswipe-Same Direction,2,Clear,Dry,Dark-Lighted
2021-12-29T21:25:00.000,I 85,I 85 and Boggs Rd,,Rear End,2,Cloudy,Water (standing or moving),Dark-Lighted
2022-02-08T00:35:00.000,I 85,I 85 and Boggs Rd,,Rear End,2,Clear,Dry,Dark-Not Lighted
2022-12-03T16:00:00.000,I 85,I 85 and Boggs Rd,,Not a Collision with Motor Vehicle,1,Cloudy,Wet,Dusk
2022-06-10T07:48:00.000,I 85,I 85 and Boggs Rd,,Rear End,2,Clear,Dry,Daylight
2022-07-18T20:20:00.000,I 85,I 85 and Boggs Rd,,Rear End,2,Clear,Dry,Daylight
2022-06-03T08:38:00.000,I 85,I 85 and Boggs Rd,,Rear End,2,Cloudy,Dry,Daylight
2022-02-08T08:15:00.000,I 85,I 85 and Boggs Rd,,Sideswipe-Same Direction,2,Clear,Dry,Daylight
2022-10-05T21:46:00.000,I 85,I 85 and Boggs Rd,,Not a Collision with Motor Vehicle,1,Clear,Dry,Dark-Lighted
2022-02-15T21:20:00.000,I 85,I 85 and Boggs Rd,,Rear End,2,Clear,Dry,Dark-Lighted
2022-01-07T12:41:00.000,I 85,I 85 and Boggs Rd,,Sideswipe-Same Direction,2,Clear,Dry,Daylight
2022-11-10T12:38:00.000,I 85,I 85 and Boggs Rd,,Rear End,2,Rain,Wet,Daylight
2022-03-08T20:34:00.000,I 85,I 85 and Boggs Rd,,Sideswipe-Same Direction,2,Rain,Wet,Dark-Lighted
2022-07-02T23:09:00.000,I 85,I 85 and Boggs Rd,,Not a Collision with Motor Vehicle,1,Rain,Wet,Dark-Not Lighted
2022-04-18T07:35:00.000,I 85,I 85 and Boggs Rd,,Rear End,2,Cloudy,Wet,Daylight
2022-05-04T05:04:00.000,I 85,I 85 and Boggs Rd,,Angle Crash,2,Severe Thunderstorm or Tornadic,Water (standing or moving),Dark-Not Lighted
2022-05-07T21:40:00.000,I 85,I 85 and Boggs Rd,,Rear End,2,Cloudy,Dry,Dark-Lighted
2022-02-22T13:50:00.000,I 85,I 85 and Boggs Rd,,Rear End,2,Clear,Dry,Daylight
2022-03-10T17:15:00.000,I 85,I 85 and Boggs Rd,,Rear End,2,Clear,Dry,Daylight
2022-05-09T18:23:00.000,I 85,I 85 and Boggs Rd,,Rear End,3,Clear,Dry,Daylight
2022-02-11T10:12:00.000,I 85,I 85 and Boggs Rd,,Rear End,2,Clear,Dry,Daylight
2022-03-22T08:09:00.000,I 85,I 85 and Boggs Rd,,Rear End,2,Clear,Dry,Daylight
2022-12-06T22:10:00.000,I 85,I 85 and Boggs Rd,,Rear End,2,Rain,Wet,Dark-Not Lighted
2022-08-12T19:42:00.000,I 85,I 85 and Boggs Rd,,Rear End,2,Clear,Dry,Daylight
2022-12-09T14:49:00.000,I 85,I 85 and Boggs Rd,,Not a Collision with Motor Vehicle,2,Rain,Wet,Daylight
2022-06-10T13:58:00.000,I 85,I 85 and Boggs Rd,,Rear End,2,Cloudy,Dry,Daylight
2022-02-14T19:42:00.000,I 85,I 85 and Boggs Rd,,Rear End,2,Cloudy,Dry,Dark-Lighted
2022-09-19T10:28:00.000,I 85,I 85 and Boggs Rd,,Rear End,2,Clear,Dry,Daylight
2022-05-04T05:04:00.000,I 85,I 85 and Boggs Rd,,Angle Crash,2,Severe Thunderstorm or Tornadic,Water (standing or moving),Dark-Not Lighted
2022-10-21T19:30:00.000,I 85,I 85 and Boggs Rd,,Rear End,2,Clear,Dry,Dark-Lighted
2021-09-11T00:40:00.000,I 85,I 85 and Boggs Rd,,Sideswipe-Same Direction,2,Clear,Dry,Dark-Lighted
2022-08-31T08:29:00.000,I 85,I 85 and Boggs Rd,,Angle Crash,2,Cloudy,Dry,Daylight
2022-05-03T14:50:00.000,I 85,I 85 and Boggs Rd,,Rear End,2,Clear,Dry,Daylight
2022-06-04T09:30:00.000,I 85,I 85 and Boggs Rd,,Angle Crash,2,Clear,Dry,Daylight
2022-05-29T15:36:00.000,I 85,I 85 and Boggs Rd,,Rear End,2,Clear,Dry,Daylight
2022-12-20T23:03:00.000,I 85,I 85 and Boggs Rd,,Sideswipe-Same Direction,2,Cloudy,Wet,Dark-Not Lighted
2022-05-07T03:21:00.000,I 85,I 85 and Boggs Rd,,Sideswipe-Opposite Direction,2,Cloudy,Dry,Dark-Lighted
2022-03-08T20:50:00.000,I 85,I 85 and Boggs Rd,,Not a Collision with Motor Vehicle,1,Rain,Water (standing or moving),Dark-Not Lighted
2022-02-11T10:13:00.000,I 85,I 85 and Boggs Rd,,Rear End,2,Clear,Dry,Daylight
2022-01-25T06:14:00.000,I 85,I 85 and Boggs Rd,,Sideswipe-Same Direction,2,Cloudy,Dry,Dark-Not Lighted
2022-12-21T13:45:00.000,I 85,I 85 and Boggs Rd,,Sideswipe-Same Direction,2,Cloudy,Dry,Daylight
2022-02-05T09:54:00.000,I 85,I 85 and Boggs Rd,,Rear End,2,Clear,Dry,Daylight
2022-07-28T15:36:00.000,I 85,I 85 and Boggs Rd,,Not a Collision with Motor Vehicle,2,Clear,Dry,Daylight
2022-07-02T23:09:00.000,I 85,I 85 and Boggs Rd,,Not a Collision with Motor Vehicle,2,Rain,Wet,Dark-Not Lighted
2022-12-24T19:30:00.000,I 85,I 85 and Boggs Rd,,Rear End,2,Clear,Dry,Dark-Lighted
2022-03-09T07:30:00.000,I 85,I 85 and Boggs Rd,,Rear End,2,Rain,Wet,Daylight
2022-10-21T11:46:00.000,I 85,I 85 and Boggs Rd,,Rear End,2,Clear,Dry,Daylight
2022-05-30T22:52:00.000,I 85,I 85 and Boggs Rd,,Not a Collision with Motor Vehicle,1,Cloudy,Wet,Dark-Lighted
2022-11-18T18:35:00.000,I 85,I 85 and Boggs Rd,,Rear End,2,Clear,Dry,Dark-Lighted
2022-07-08T17:29:00.000,I 85,I 85 and Boggs Rd,,Rear End,2,Cloudy,Dry,Daylight
2022-06-09T18:27:00.000,I 85,I 85 and Boggs Rd,,Not a Collision with Motor Vehicle,1,Clear,Dry,Daylight
2022-12-06T06:43:00.000,I 85,I 85 and Boggs Rd,,Not a Collision with Motor Vehicle,1,Rain,Wet,Dark-Not Lighted
2022-08-20T13:43:00.000,I 85,I 85 and Boggs Rd,,Rear End,2,Cloudy,Dry,Daylight
2022-09-05T00:00:00.000,I 85,I 85 and Boggs Rd,,Sideswipe-Same Direction,2,Cloudy,Dry,Dark-Not Lighted
2022-02-18T00:35:00.000,I 85,I 85 and Boggs Rd,,Not a Collision with Motor Vehicle,1,Rain,Wet,Dark-Lighted
2022-11-23T14:10:00.000,I 85,I 85 and Boggs Rd,,Sideswipe-Same Direction,2,Clear,Dry,Daylight
2022-03-19T13:37:00.000,I 85,I 85 and Boggs Rd,,Rear End,2,Clear,Dry,Daylight
2022-04-14T21:36:00.000,I 85,I 85 and Boggs Rd,,Rear End,3,Clear,Dry,Dark-Not Lighted
2022-03-14T18:00:00.000,I 85,I 85 and Boggs Rd,,Rear End,2,Clear,Dry,Daylight
2022-03-03T18:59:00.000,I 85,I 85 and Boggs Rd,,Sideswipe-Same Direction,2,Clear,Dry,Daylight
2022-08-24T01:23:00.000,I 85,I 85 and Boggs Rd,,Rear End,2,Clear,Dry,Dark-Not Lighted
2022-01-29T18:00:00.000,I 85,I 85 and Boggs Rd,,Rear End,2,Clear,Dry,Dark-Not Lighted
2022-01-24T18:18:00.000,I 85,I 85 and Boggs Rd,,(None),2,(None),(None),(None)
2022-05-24T06:10:00.000,I 85,I 85 and Boggs Rd,,Rear End,2,Clear,Dry,Daylight
2022-03-22T14:28:00.000,I 85,I 85 and Boggs Rd,,Rear End,3,Clear,Dry,Daylight
2022-11-11T12:20:00.000,I 85,I 85 and Boggs Rd,,Not a Collision with Motor Vehicle,1,Rain,Wet,Daylight
2022-09-20T15:30:00.000,I 85,I 85 and Boggs Rd,,Sideswipe-Same Direction,2,Clear,Dry,Daylight
2022-08-15T07:38:00.000,I 85,I 85 and Boggs Rd,,Not a Collision with Motor Vehicle,1,Clear,Dry,Daylight
2022-03-18T14:06:00.000,I 85,I 85 and Boggs Rd,,Sideswipe-Same Direction,2,Rain,Wet,Daylight
2022-08-15T08:25:00.000,I 85,I 85 and Boggs Rd,,Sideswipe-Same Direction,2,Clear,Dry,Daylight
2022-07-25T07:23:00.000,I 85,I 85 and Boggs Rd,,Rear End,2,Clear,Dry,Daylight
2022-07-20T22:40:00.000,I 85,I 85 and Boggs Rd,,Rear End,2,Clear,Dry,Dark-Lighted
2022-05-01T17:50:00.000,I 85,I 85 and Boggs Rd,,Rear End,2,Clear,Dry,Daylight
2022-01-07T16:35:00.000,I 85,I 85 and Boggs Rd,,Rear End,2,Clear,Dry,Daylight
2022-05-04T05:20:00.000,I 85,I 85 and Boggs Rd,,Not a Collision with Motor Vehicle,1,Rain,Water (standing or moving),Dark-Not Lighted
2022-09-04T23:25:00.000,I 85,I 85 and Boggs Rd,,Not a Collision with Motor Vehicle,1,Rain,Wet,Dark-Lighted
2022-03-23T10:43:00.000,I 85,I 85 and Boggs Rd,,Not a Collision with Motor Vehicle,2,Rain,Wet,Daylight