Date and Time,Roadway (From Crash Report),Intersection Name (from Crash Report),KABCO Severity,Manner of Collision (Crash Level) ,# of Vehicles per crash ,Weather Conditions (Crash Level),Surface Condition (Crash Level) ,Light Conditions (Crash Level)
2022-02-19T22:15:00.000,I 85,I 85 and Boggs Rd,,Rear End,2,Clear,Dry,Dark-Not Lighted
2022-11-02T07:34:00.000,I 85,I 85 and Boggs Rd,,Angle Crash,2,Cloudy,Dry,Dawn
2022-02-15T07:20:00.000,I 85,I 85 and Boggs Rd,,Rear End,4,Clear,Dry,Daylight
2022-05-31T07:33:00.000,I 85,I 85 and Boggs Rd,,Rear End,2,Clear,Dry,Daylight
2022-07-25T09:44:00.000,I 85,I 85 and Boggs Rd,,Rear End,2,Cloudy,Dry,Daylight
2022-10-16T03:50:00.000,I 85,I 85 and Boggs Rd,,Rear End,2,Clear,Dry,Dark-Lighted
2022-08-05T15:40:00.000,I 85,I 85 and Boggs Rd,,Rear End,2,Cloudy,Dry,Daylight
2022-05-10T07:38:00.000,I 85,I 85 and Boggs Rd,,Angle Crash,2,Clear,Dry,Daylight
2022-08-09T09:09:00.000,I 85,I 85 and Boggs Rd,,Rear End,2,Clear,Dry,Daylight
2023-10-24T17:22:00.000,I 85,I 85 and Boggs Rd,,Rear End,2,Clear,Dry,Daylight
2023-06-16T16:00:00.000,I 85,I 85 and Boggs Rd,,Rear End,2,Clear,Dry,Daylight
2023-04-23T15:12:00.000,I 85,I 85 and Boggs Rd,,Rear End,2,Clear,Dry,Daylight
2023-08-18T23:09:00.000,I 85,I 85 and Boggs Rd,,Rear End,2,Clear,Dry,Dark-Lighted
2023-12-29T11:25:00.000,I 85,I 85 and Boggs Rd,,Rear End,2,Cloudy,Dry,Daylight
2023-07-12T19:15:00.000,I 85,I 85 and Boggs Rd,,Sideswipe-Same Direction,2,Clear,Dry,Dark-Not Lighted
2024-08-29T17:00:00.000,I 85,I 85 and Boggs Rd,,Rear End,2,Clear,Dry,Daylight
2024-02-20T08:12:00.000,I 85,I 85 and Boggs Rd,,Sideswipe-Same Direction,2,Clear,Dry,Daylight
2024-07-20T16:10:00.000,I 85,I 85 and Boggs Rd,,Rear End,2,Cloudy,Dry,Daylight
2024-09-10T06:00:00.000,I 85,I 85 and Boggs Rd,,Rear End,2,Clear,Dry,Dawn
2024-06-04T07:00:00.000,I 85,I 85 and Boggs Rd,,Sideswipe-Same Direction,2,Clear,Dry,Daylight
2024-05-05T13:30:00.000,I 85,I 85 and Boggs Rd,,Sideswipe-Same Direction,2,Cloudy,Dry,Daylight
2024-10-05T06:23:00.000,I 85,I 85 and Boggs Rd,,Not a Collision with Motor Vehicle,1,Clear,Dry,Dark-Not Lighted
2024-03-05T14:28:00.000,I 85,I 85 and Boggs Rd,,Rear End,2,Cloudy,Wet,Daylight
2024-03-22T10:00:00.000,I 85,I 85 and Boggs Rd,,Sideswipe-Same Direction,2,Clear,Dry,Daylight
2024-09-05T06:13:00.000,I 85,I 85 and Boggs Rd,,Sideswipe-Same Direction,2,Clear,Dry,Dawn
2024-03-18T10:35:00.000,I 85,I 85 and Boggs Rd,,Rear End,2,Cloudy,Dry,Daylight
2024-11-13T09:30:00.000,I 85,I 85 and Boggs Rd,,Rear End,2,Clear,Dry,Daylight
2024-05-31T20:23:00.000,I 85,I 85 and Boggs Rd,,Rear End,2,Clear,Dry,Daylight
2024-11-21T06:35:00.000,I 85,I 85 and Boggs Rd,,Sideswipe-Same Direction,2,Clear,Dry,Dawn
2024-03-14T06:00:00.000,I 85,I 85 and Boggs Rd,,Rear End,2,Clear,Dry,Daylight
2024-02-13T07:48:00.000,I 85,I 85 and Boggs Rd,,Sideswipe-Same Direction,2,Cloudy,Dry,Daylight
2024-05-01T17:28:00.000,I 85,I 85 and Boggs Rd,,Rear End,2,Clear,Dry,Daylight
2024-10-05T16:29:00.000,I 85,I 85 and Boggs Rd,,Rear End,2,Clear,Dry,Daylight
2024-11-01T08:06:00.000,I 85,I 85 and Boggs Rd,,Rear End,2,Cloudy,Dry,Daylight
2024-06-22T17:46:00.000,I 85,I 85 and Boggs Rd,,Not a Collision with Motor Vehicle,1,Clear,Dry,Daylight
2024-09-26T19:20:00.000,I 85,I 85 and Boggs Rd,,Not a Collision with Motor Vehicle,1,Rain,Wet,Dark-Lighted
2024-10-03T07:47:00.000,I 85,I 85 and Boggs Rd,,Sideswipe-Same Direction,2,Clear,Dry,Daylight
2023-07-21T06:50:00.000,I 85,I 85 and Boggs Rd,,Rear End,2,Rain,Wet,Daylight
2024-05-24T22:03:00.000,I 85,I 85 and Boggs Rd,,Not a Collision with Motor Vehicle,1,Clear,Dry,Dark-Lighted
2024-01-28T04:54:00.000,I 85,I 85 and Boggs Rd,,Not a Collision with Motor Vehicle,1,Clear,Dry,Dark-Not Lighted
2024-01-23T09:49:00.000,I 85,I 85 and Boggs Rd,,Rear End,2,Rain,Wet,Daylight
2023-01-22T18:32:00.000,I 85,I 85 and Boggs Rd,,Not a Collision with Motor Vehicle,1,Rain,Wet,Dark-Lighted
2023-09-15T18:15:00.000,I 85,I 85 and Boggs Rd,,Rear End,2,Cloudy,Dry,Daylight
2023-06-27T07:15:00.000,I 85,I 85 and Boggs Rd,,Rear End,2,Clear,Dry,Daylight
2023-02-13T12:00:00.000,I 85,I 85 and Boggs Rd,,Rear End,1,Clear,Dry,Daylight
2023-10-12T06:06:00.000,I 85,I 85 and Boggs Rd,,Rear End,2,Clear,Wet,Dawn
2023-01-04T05:43:00.000,I 85,I 85 and Boggs Rd,,Angle Crash,2,Severe Thunderstorm or Tornadic,Water (standing or moving),Dark-Not Lighted
2023-11-17T19:47:00.000,I 85,I 85 and Boggs Rd,,Rear End,2,Clear,Dry,Dark-Lighted
2023-04-14T05:30:00.000,I 85,I 85 and Boggs Rd,,Angle Crash,2,Clear,Dry,Dark-Lighted
2023-04-03T20:38:00.000,I 85,I 85 and Boggs Rd,,Not a Collision with Motor Vehicle,1,Clear,Dry,Dark-Lighted
2023-04-04T06:51:00.000,I 85,I 85 and Boggs Rd,,Rear End,2,Clear,Dry,Dark-Lighted
2023-05-26T07:06:00.000,I 85,I 85 and Boggs Rd,,Sideswipe-Same Direction,2,Clear,Dry,Daylight
2023-04-18T10:00:00.000,I 85,I 85 and Boggs Rd,,Rear End,2,Clear,Dry,Daylight
2023-04-03T20:13:00.000,I 85,I 85 and Boggs Rd,,Rear End,3,Clear,Dry,Dark-Lighted
2023-05-18T10:30:00.000,I 85,I 85 and Boggs Rd,,Rear End,2,Cloudy,Dry,Daylight
2023-10-21T19:24:00.000,I 85,I 85 and Boggs Rd,,Not a Collision with Motor Vehicle,2,Clear,Dry,Dark-Not Lighted
2023-10-25T06:32:00.000,I 85,I 85 and Boggs Rd,,Rear End,2,Cloudy,Dry,Dark-Not Lighted
2023-04-08T14:55:00.000,I 85,I 85 and Boggs Rd,,Rear End,2,Rain,Wet,Daylight
2023-01-07T14:27:00.000,I 85,I 85 and Boggs Rd,,Rear End,3,Clear,Dry,Daylight
2023-02-12T00:48:00.000,I 85,I 85 and Boggs Rd,,Not a Collision with Motor Vehicle,1,Rain,Wet,Dark-Not Lighted
2023-11-11T00:38:00.000,I 85,I 85 and Boggs Rd,,Rear End,2,Rain,Wet,Dark-Lighted
2023-09-17T13:06:00.000,I 85,I 85 and Boggs Rd,,Rear End,2,Rain,Wet,Daylight
2023-10-06T09:56:00.000,I 85,I 85 and Boggs Rd,,Rear End,2,Clear,Dry,Daylight
2023-04-27T07:27:00.000,I 85,I 85 and Boggs Rd,,Rear End,2,Rain,Wet,Daylight
2023-04-07T12:30:00.000,I 85,I 85 and Boggs Rd,,Sideswipe-Same Direction,4,Cloudy,Dry,Daylight
2023-04-30T16:39:00.000,I 85,I 85 and Boggs Rd,,Not a Collision with Motor Vehicle,4,Clear,Dry,Daylight
2023-04-28T16:35:00.000,I 85,I 85 and Boggs Rd,,Rear End,2,Clear,Dry,Daylight
2023-09-02T16:09:00.000,I 85,I 85 and Boggs Rd,,Sideswipe-Same Direction,2,Clear,Dry,Daylight
2023-11-18T16:56:00.000,I 85,I 85 and Boggs Rd,,Rear End,2,Clear,Dry,Daylight
2023-03-11T18:13:00.000,I 85,I 85 and Boggs Rd,,Rear End,2,Clear,Dry,Daylight
2023-08-11T10:45:00.000,I 85,I 85 and Boggs Rd,,Angle Crash,2,Clear,Wet,Daylight
2023-10-19T20:18:00.000,I 85,I 85 and Boggs Rd,,Rear End,3,Clear,Dry,Dark-Lighted
2023-03-30T10:37:00.000,I 85,I 85 and Boggs Rd,,Rear End,2,Clear,Dry,Daylight
2023-10-20T15:13:00.000,I 85,I 85 and Boggs Rd,,Rear End,2,Cloudy,Dry,Daylight
2024-04-19T21:00:00.000,I 85,I 85 and Boggs Rd,,Rear End,2,Rain,Wet,Dark-Not Lighted
2024-01-30T08:10:00.000,I 85,I 85 and Boggs Rd,,Rear End,2,Clear,Dry,Daylight
2024-10-19T15:45:00.000,I 85,I 85 and Boggs Rd,,Rear End,4,Clear,Dry,Daylight
2024-10-27T06:40:00.000,I 85,I 85 and Boggs Rd,,Sideswipe-Same Direction,2,Clear,Dry,Dark-Lighted
2024-09-10T07:01:00.000,I 85,I 85 and Boggs Rd,,Sideswipe-Same Direction,2,Clear,Dry,Daylight
2024-03-24T07:50:00.000,I 85,I 85 and Boggs Rd,,Rear End,2,Clear,Dry,Dark-Not Lighted
2024-11-12T09:50:00.000,I 85,I 85 and Boggs Rd,,Sideswipe-Same Direction,2,Clear,Dry,Daylight
2024-03-18T07:20:00.000,I 85,I 85 and Boggs Rd,,Angle Crash,2,Cloudy,Dry,Daylight
2024-10-05T17:50:00.000,I 85,I 85 and Boggs Rd,,Angle Crash,2,Clear,Dry,Daylight
2024-12-20T13:50:00.000,I 85,I 85 and Boggs Rd,,Rear End,2,Clear,Dry,Daylight
2024-07-30T08:45:00.000,I 85,I 85 and Boggs Rd,,Rear End,2,Clear,Dry,Daylight
2024-03-23T14:06:00.000,I 85,I 85 and Boggs Rd,,Angle Crash,2,Cloudy,Dry,Daylight
2024-11-26T09:11:00.000,I 85,I 85 and Boggs Rd,,Not a Collision with Motor Vehicle,1,Cloudy,Wet,Daylight
2024-05-23T12:15:00.000,I 85,I 85 and Boggs Rd,,Rear End,2,Cloudy,Dry,Daylight
2024-04-29T21:39:00.000,I 85,I 85 and Boggs Rd,,Sideswipe-Same Direction,2,Clear,Dry,Dark-Lighted
2024-03-09T14:28:00.000,I 85,I 85 and Boggs Rd,,Rear End,2,Cloudy,Dry,Daylight
2024-09-16T17:16:00.000,I 85,I 85 and Boggs Rd,,Rear End,2,Clear,Dry,Daylight
2024-05-24T10:38:00.000,I 85,I 85 and Boggs Rd,,Rear End,2,Cloudy,Dry,Daylight
2024-02-01T15:00:00.000,I 85,I 85 and Boggs Rd,,Rear End,2,Clear,Dry,Daylight
2024-10-15T15:50:00.000,I 85,I 85 and Boggs Rd,,Rear End,2,Clear,Dry,Daylight
2024-04-28T14:25:00.000,I 85,I 85 and Boggs Rd,,Not a Collision with Motor Vehicle,1,Clear,Dry,Daylight
2024-09-08T18:20:00.000,I 85,I 85 and Boggs Rd,,Angle Crash,2,Clear,Dry,Daylight
2024-06-25T09:25:00.000,I 85,I 85 and Boggs Rd,,Sideswipe-Same Direction,2,Clear,Dry,Daylight
2024-08-18T11:11:00.000,I 85,I 85 and Boggs Rd,,Rear End,2,Clear,Dry,Daylight
2024-08-20T10:20:00.000,I 85,I 85 and Boggs Rd,,Sideswipe-Same Direction,2,Clear,Dry,Daylight
2024-07-13T18:49:00.000,I 85,I 85 and Boggs Rd,,Rear End,2,Cloudy,Dry,Daylight
2024-01-28T17:20:00.000,I 85,I 85 and Boggs Rd,,Angle Crash,2,Clear,Dry,Daylight
2024-04-02T18:56:00.000,I 85,I 85 and Boggs Rd,,Rear End,2,Cloudy,Dry,Daylight
2024-01-13T18:40:00.000,I 85,I 85 and Boggs Rd,,Rear End,2,Clear,Dry,Dark-Not Lighted
2024-12-03T18:25:00.000,I 85,I 85 and Boggs Rd,,Sideswipe-Same Direction,2,Clear,Dry,Dark-Lighted
2024-11-07T03:45:00.000,I 85,I 85 and Boggs Rd,,Not a Collision with Motor Vehicle,1,Cloudy,Dry,Dark-Not Lighted
2024-06-18T17:06:00.000,I 85,I 85 and Boggs Rd,,Rear End,2,Clear,Dry,Daylight
2024-04-28T22:02:00.000,I 85,I 85 and Boggs Rd,,Rear End,2,Clear,Dry,Dark-Not Lighted
2024-05-04T13:48:00.000,I 85,I 85 and Boggs Rd,,Rear End,2,Clear,Wet,Daylight
2024-10-29T23:44:00.000,I 85,I 85 and Boggs Rd,,Not a Collision with Motor Vehicle,1,Clear,Dry,Dark-Lighted
2024-03-21T10:26:00.000,I 85,I 85 and Boggs Rd,,Rear End,3,Clear,Dry,Daylight
2024-11-02T00:07:00.000,I 85,I 85 and Boggs Rd,,Sideswipe-Same Direction,2,Clear,Dry,Dark-Lighted
2024-04-22T15:48:00.000,I 85,I 85 and Boggs Rd,,Rear End,2,Clear,Dry,Daylight
2024-01-30T06:47:00.000,I 85,I 85 and Boggs Rd,,Sideswipe-Same Direction,3,Clear,Dry,Daylight
2024-07-29T20:01:00.000,I 85,I 85 and Boggs Rd,,Sideswipe-Same Direction,2,Clear,Dry,Dark-Lighted
2024-04-18T08:20:00.000,I 85,I 85 and Boggs Rd,,Rear End,2,Clear,Dry,Daylight
2024-10-03T17:55:00.000,I 85,I 85 and Boggs Rd,,Rear End,2,Clear,Dry,Daylight
2024-06-16T15:30:00.000,I 85,I 85 and Boggs Rd,,Rear End,3,Clear,Dry,Daylight
2024-10-08T09:00:00.000,I 85,I 85 and Boggs Rd,,Sideswipe-Same Direction,2,Clear,Dry,Daylight
2024-06-25T07:27:00.000,I 85,I 85 and Boggs Rd,,Rear End,2,Clear,Dry,Daylight
2024-05-27T10:00:00.000,I 85,I 85 and Boggs Rd,,Not a Collision with Motor Vehicle,1,Rain,Wet,Daylight
2024-05-01T08:11:00.000,I 85,I 85 and Boggs Rd,,Rear End,2,Clear,Dry,Daylight
2024-06-26T07:10:00.000,I 85,I 85 and Boggs Rd,,Sideswipe-Same Direction,2,Clear,Dry,Daylight
2024-11-01T23:54:00.000,I 85,I 85 and Boggs Rd,,Sideswipe-Same Direction,2,Cloudy,Dry,Dark-Not Lighted
2024-10-11T17:29:00.000,I 85,I 85 and Boggs Rd,,Angle Crash,3,Clear,Dry,Daylight
2024-06-05T15:26:00.000,I 85,I 85 and Boggs Rd,,Rear End,2,Clear,Dry,Daylight
2024-10-11T12:43:00.000,I 85,I 85 and Boggs Rd,,Angle Crash,3,Clear,Dry,Daylight
2024-07-13T10:17:00.000,I 85,I 85 and Boggs Rd,,Rear End,2,Clear,Dry,Daylight
2024-02-25T08:28:00.000,I 85,I 85 and Boggs Rd,,Not a Collision with Motor Vehicle,1,Clear,Dry,Daylight
2024-05-18T00:39:00.000,I 85,I 85 and Boggs Rd,,Rear End,2,Cloudy,Dry,Dark-Lighted
2024-03-18T09:08:00.000,I 85,I 85 and Boggs Rd,,Angle Crash,2,Clear,Dry,Daylight
2024-09-26T16:51:00.000,I 85,I 85 and Boggs Rd,,Angle Crash,2,Rain,Wet,Daylight
2024-01-25T15:48:00.000,I 85,I 85 and Boggs Rd,,Sideswipe-Same Direction,2,Cloudy,Dry,Daylight
2024-07-29T21:01:00.000,I 85,I 85 and Boggs Rd,,Not a Collision with Motor Vehicle,1,Rain,Wet,Dark-Lighted
2024-06-01T22:28:00.000,I 85,I 85 and Boggs Rd,,Sideswipe-Same Direction,2,Clear,Dry,Dark-Lighted
2024-07-09T08:00:00.000,I 85,I 85 and Boggs Rd,,Rear End,2,Clear,Dry,Daylight
2024-03-26T20:29:00.000,I 85,I 85 and Boggs Rd,,Not a Collision with Motor Vehicle,1,Clear,Wet,Dark-Lighted
2024-06-16T22:00:00.000,I 85,I 85 and Boggs Rd,,Rear End,3,Clear,Dry,Dark-Not Lighted
2024-01-16T11:49:00.000,I 85,I 85 and Boggs Rd,,Sideswipe-Same Direction,2,Clear,Wet,Daylight
2024-01-24T21:24:00.000,I 85,I 85 and Boggs Rd,,Rear End,2,Rain,Wet,Dark-Lighted
2024-02-19T08:28:00.000,I 85,I 85 and Boggs Rd,,Sideswipe-Same Direction,2,Clear,Dry,Daylight
2024-06-22T11:17:00.000,I 85,I 85 and Boggs Rd,,Not a Collision with Motor Vehicle,1,Clear,Dry,Daylight
2024-05-14T11:28:00.000,I 85,I 85 and Boggs Rd,,Sideswipe-Same Direction,2,Cloudy,Dry,Daylight
2024-07-07T19:18:00.000,I 85,I 85 and Boggs Rd,,Sideswipe-Same Direction,3,Rain,Wet,Daylight
2024-12-19T15:23:00.000,I 85,I 85 and Boggs Rd,,Rear End,2,Clear,Dry,Daylight
2024-01-30T09:45:00.000,I 85,I 85 and Boggs Rd,,Rear End,2,Clear,Dry,Daylight
2024-04-30T09:55:00.000,I 85,I 85 and Boggs Rd,,Rear End,2,Rain,Wet,Daylight
2024-06-19T16:32:00.000,I 85,I 85 and Boggs Rd,,Not a Collision with Motor Vehicle,1,Cloudy,Dry,Daylight
2024-10-03T18:20:00.000,I 85,I 85 and Boggs Rd,,Rear End,3,Clear,Dry,Daylight
2024-11-16T18:05:00.000,I 85,I 85 and Boggs Rd,,Sideswipe-Same Direction,2,Clear,Dry,Dark-Lighted
2024-04-21T08:27:00.000,I 85,I 85 and Boggs Rd,,Rear End,2,Rain,Wet,Daylight
2024-02-02T15:08:00.000,I 85,I 85 and Boggs Rd,,Rear End,2,Clear,Dry,Daylight
2024-08-28T07:49:00.000,I 85,I 85 and Boggs Rd,,Rear End,2,Clear,Dry,Daylight
2024-11-23T17:02:00.000,I 85,I 85 and Boggs Rd,,Rear End,3,Clear,Dry,Daylight
2024-03-27T17:47:00.000,I 85,I 85 and Boggs Rd,,Rear End,2,Clear,Dry,Daylight
2024-03-16T12:01:00.000,I 85,I 85 and Boggs Rd,,Not a Collision with Motor Vehicle,2,Clear,Dry,Daylight
2024-11-28T16:30:00.000,I 85,I 85 and Boggs Rd,,Rear End,2,Cloudy,Dry,Daylight
2024-07-05T13:17:00.000,I 85,I 85 and Boggs Rd,,Angle Crash,2,Cloudy,Dry,Daylight
2022-06-07T14:38:00.000,I 85,I 85 and Boggs D,,Rear End,2,Clear,Dry,Daylight
2022-05-14T12:49:00.000,I 85,I 85 and Boggs D,,Rear End,2,Clear,Dry,Daylight
2022-07-26T22:13:00.000,I 85,I 85 and Boggs D,,Rear End,2,Clear,Dry,Dark-Lighted
2022-04-30T12:15:00.000,I 85,I 85 and Boggs Access,,Rear End,2,Clear,Dry,Daylight
2021-02-26T20:00:00.000,I 85,I 85 and Boggs,,Not a Collision with Motor Vehicle,1,Clear,Wet,Dark-Not Lighted
2023-12-24T10:20:00.000,I 85,I 85 and Boggs,,Not a Collision with Motor Vehicle,2,Clear,Dry,Daylight
2024-06-15T18:10:00.000,I 85,I 85 and Boggs,,Angle Crash,3,Clear,Dry,Daylight
2024-07-22T23:24:00.000,I 85,I 85 and Boggs,,Not a Collision with Motor Vehicle,1,Cloudy,Dry,Dark-Not Lighted
2021-08-24T18:55:00.000,I 85,I 85 and Bogg Road Exit Rp,,Rear End,2,Clear,Dry,Daylight
2023-11-24T23:17:00.000,I 85,I 85 and Bobby Brown Pkwy,,Rear End,2,Clear,Dry,Dark-Lighted
2024-03-13T08:16:00.000,I 85,I 85 and Bobby Brown Pkwy,,Rear End,3,Clear,Dry,Daylight
2020-10-15T06:37:00.000,I 85,I 85 and Blvd Way Opas,,Rear End,2,Clear,Dry,Dark-Lighted
2020-10-15T06:37:00.000,I 85,I 85 and Blvd Nw Opas,,Rear End,3,Clear,Dry,Dark-Lighted
2021-11-22T02:37:00.000,I 85,I 85 and Bever Ruin Rd,,Not a Collision with Motor Vehicle,1,Rain,Wet,Dark-Not Lighted
2024-05-30T20:49:00.000,I 85,I 85 and Bever Ruin Rd,,Rear End,2,Clear,Dry,Dark-Not Lighted
2024-07-06T22:38:00.000,I 85,I 85 and Bever Ruin,,Sideswipe-Same Direction,2,Cloudy,Wet,Dark-Lighted
2022-03-08T21:10:00.000,I 85,I 85 and Between Mm47 And Mm 44,,Not a Collision with Motor Vehicle,1,Cloudy,Wet,Dark-Not Lighted
2021-07-19T22:37:00.000,I 85,I 85 and Bethlehem Church Rd,,Not a Collision with Motor Vehicle,1,Rain,Wet,Dark-Not Lighted
2021-08-23T06:32:00.000,I 85,I 85 and Bethlehem Church Rd,,Rear End,2,Clear,Dry,Dark-Not Lighted
2020-02-10T22:32:00.000,I 85,I 85 and Bethlehem Church Rd,,Not a Collision with Motor Vehicle,1,Rain,Wet,Dark-Not Lighted
2020-01-03T13:10:00.000,I 85,I 85 and Bethlehem Church Rd,,Not a Collision with Motor Vehicle,1,Rain,Wet,Daylight
2023-06-07T05:17:00.000,I 85,I 85 and Bethlehem Church Rd,,Not a Collision with Motor Vehicle,1,Clear,Dry,Dark-Not Lighted
2023-05-18T22:16:00.000,I 85,I 85 and Bethlehem Church Rd,,Angle Crash,2,Clear,Dry,Dark-Not Lighted
2020-10-02T05:09:00.000,I 85,I 85 and Bethlehem Church Rd,,Sideswipe-Same Direction,2,Clear,Dry,Dark-Lighted
2020-06-30T23:20:00.000,I 85,I 85 and Bethlehem Church Rd,,Rear End,2,Cloudy,Dry,Dark-Not Lighted
2020-04-21T01:05:00.000,I 85,I 85 and Bethlehem Church Rd,,Not a Collision with Motor Vehicle,1,Clear,Dry,Dark-Not Lighted
2020-02-27T18:56:00.000,I 85,I 85 and Bethlehem Church Rd,,Not a Collision with Motor Vehicle,1,Clear,Dry,Dark-Lighted
2020-01-03T11:57:00.000,I 85,I 85 and Bethlehem Church Rd,,Not a Collision with Motor Vehicle,1,Rain,Wet,Daylight
2020-01-08T13:12:00.000,I 85,I 85 and Bethlehem Church Rd,,Angle Crash,2,Clear,Dry,Daylight
2020-05-31T22:48:00.000,I 85,I 85 and Bethlehem Church Rd,,Not a Collision with Motor Vehicle,1,Clear,Dry,Dark-Lighted
2020-05-12T03:35:00.000,I 85,I 85 and Bethlehem Church Rd,,Rear End,2,Clear,Dry,Dark-Not Lighted
2020-02-10T22:24:00.000,I 85,I 85 and Bethlehem Church Rd,,Sideswipe-Same Direction,2,Rain,Wet,Dark-Not Lighted
2020-11-22T10:08:00.000,I 85,I 85 and Bethlehem Church Rd,,Sideswipe-Same Direction,2,Clear,Dry,Daylight
2020-03-26T17:11:00.000,I 85,I 85 and Bethlehem Church Rd,,Not a Collision with Motor Vehicle,1,Clear,Dry,Daylight
2021-04-26T21:50:00.000,I 85,I 85 and Bethlehem Church Rd,,Sideswipe-Same Direction,2,Clear,Dry,Dark-Not Lighted
2021-10-27T02:32:00.000,I 85,I 85 and Bethlehem Church Rd,,Not a Collision with Motor Vehicle,1,Clear,Dry,Dark-Not Lighted
2022-02-17T23:17:00.000,I 85,I 85 and Bethlehem Church Rd,,Not a Collision with Motor Vehicle,1,Rain,Wet,Dark-Not Lighted
2023-11-19T04:12:00.000,I 85,I 85 and Bethlehem Church Rd,,Not a Collision with Motor Vehicle,1,Clear,Dry,Dark-Not Lighted
2024-07-18T22:54:00.000,I 85,I 85 and Bethlehem Church Rd,,Not a Collision with Motor Vehicle,1,Rain,Wet,Dark-Not Lighted
2024-11-23T04:13:00.000,I 85,I 85 and Bethlehem Church Rd,,Angle Crash,2,Clear,Dry,Dark-Not Lighted
2024-07-31T01:47:00.000,I 85,I 85 and Bethlehem Church,,Rear End,2,Clear,Dry,Dark-Not Lighted
2021-02-27T08:27:00.000,I 85,I 85 and Bethleham Church Rd,,Not a Collision with Motor Vehicle,1,Fog,Dry,Daylight
2022-05-19T02:22:00.000,I 85,I 85 and Bethleham Church Rd,,Not a Collision with Motor Vehicle,1,Clear,Dry,Dark-Not Lighted
2024-02-13T23:54:00.000,I 85,I 85 and Bethleham Church Rd,,Not a Collision with Motor Vehicle,1,Clear,Dry,Dark-Not Lighted
2023-06-07T05:44:00.000,I 85,I 85 and Bethelham Church Rd,,Not a Collision with Motor Vehicle,1,Clear,Dry,Dark-Not Lighted
2021-08-15T14:05:00.000,I 85,I 85 and Bell St Underpass,,Rear End,2,Cloudy,Dry,Daylight
2020-12-07T16:20:00.000,I 85,I 85 and Bell St,,Sideswipe-Same Direction,2,Cloudy,Dry,Daylight
2022-06-03T11:18:00.000,I 85,I 85 and Before Pleasantdale Rd,,Sideswipe-Same Direction,2,Clear,Dry,Daylight
2022-06-03T06:36:00.000,I 85,I 85 and Before Pleasantdale Exit,,Not a Collision with Motor Vehicle,1,Clear,Dry,Dark-Lighted
2024-07-18T08:10:00.000,I 85,I 85 and Before Mm 49,,Sideswipe-Same Direction,2,Clear,Dry,Daylight
2022-09-19T00:40:00.000,I 85,I 85 and Beech Creek Brg,,Not a Collision with Motor Vehicle,1,Clear,Dry,Dark-Not Lighted
2024-06-12T06:08:00.000,I 85,I 85 and Beavr Ruin Rd,,Sideswipe-Same Direction,2,Clear,Dry,Daylight
2021-05-30T07:31:00.000,I 85,I 85 and Beaver Run Rd,,Angle Crash,3,Clear,Dry,Daylight
2023-10-25T09:26:00.000,I 85,I 85 and Beaver Ruins Rd,,Rear End,2,Clear,Dry,Daylight
2022-08-10T17:37:00.000,I 85,I 85 and Beaver Ruine Run,,Sideswipe-Same Direction,2,Cloudy,Dry,Daylight
2024-01-24T18:01:00.000,I 85,I 85 and Beaver Ruind Rd,,Rear End,2,Clear,Wet,Dark-Lighted
2020-11-09T21:30:00.000,I 85,I 85 and Beaver Ruin Sr378,,Rear End,2,Clear,Dry,Dark-Not Lighted
2022-01-08T18:49:00.000,I 85,I 85 and Beaver Ruin S.R.378,,Rear End,2,Clear,Dry,Dark-Lighted
2024-10-02T21:30:00.000,I 85,I 85 and Beaver Ruin Rp,,Sideswipe-Same Direction,2,Clear,Dry,Dark-Lighted
2021-04-28T00:25:00.000,I 85,I 85 and Beaver Ruin Road Sr378,,Not a Collision with Motor Vehicle,1,Clear,Dry,Dark-Lighted
2022-06-23T10:52:00.000,I 85,I 85 and Beaver Ruin Road Northwest,,Rear End,2,Cloudy,Dry,Daylight
2020-07-17T23:30:00.000,I 85,I 85 and Beaver Ruin Road  Sr378,,Not a Collision with Motor Vehicle,1,Clear,Dry,Dark-Lighted
2024-09-13T13:45:00.000,I 85,I 85 and Beaver Ruin Rd`,,Rear End,2,Cloudy,Dry,Daylight
2023-01-11T07:00:00.000,I 85,I 85 and Beaver Ruin Rd.,,Rear End,2,Clear,Dry,Daylight
2023-07-14T06:42:00.000,I 85,I 85 and Beaver Ruin Rd.,,Rear End,2,Clear,Dry,Daylight
2023-01-27T19:03:00.000,I 85,I 85 and Beaver Ruin Rd.,,Rear End,2,Clear,Dry,Dark-Lighted
2024-01-21T02:25:00.000,I 85,I 85 and Beaver Ruin Rd.,,Sideswipe-Same Direction,3,Clear,Dry,Dark-Lighted
2024-11-07T20:11:00.000,I 85,I 85 and Beaver Ruin Rd.,,Rear End,2,Clear,Dry,Dark-Lighted
2021-10-03T15:08:00.000,I 85,I 85 and Beaver Ruin Rd Sr378,,Rear End,2,Cloudy,Dry,Daylight
2021-09-18T11:30:00.000,I 85,I 85 and Beaver Ruin Rd Sr378,,Rear End,3,Cloudy,Dry,Daylight
2021-11-20T17:10:00.000,I 85,I 85 and Beaver Ruin Rd Sr378,,Rear End,2,Clear,Dry,Dark-Lighted
2022-02-23T19:54:00.000,I 85,I 85 and Beaver Ruin Rd Sr378,,Rear End,2,Clear,Dry,Dark-Not Lighted
2024-08-17T23:38:00.000,I 85,I 85 and Beaver Ruin Rd Sr378,,Rear End,2,Cloudy,Wet,Dark-Lighted
2021-11-28T18:10:00.000,I 85,I 85 and Beaver Ruin Rd S.R. 378,,Rear End,3,Clear,Dry,Dark-Lighted
2022-05-09T12:00:00.000,I 85,I 85 and Beaver Ruin Rd Opas,,Sideswipe-Same Direction,2,Clear,Dry,Daylight
2024-04-27T17:22:00.000,I 85,I 85 and Beaver Ruin Rd Nw  On Rp,,Angle Crash,2,Clear,Dry,Daylight
2023-09-20T12:46:00.000,I 85,I 85 and Beaver Ruin Rd Nm,,Rear End,3,Clear,Dry,Daylight