Date and Time,Roadway (From Crash Report),Intersection Name (from Crash Report),KABCO Severity,Manner of Collision (Crash Level) ,# of Vehicles per crash ,Weather Conditions (Crash Level),Surface Condition (Crash Level) ,Light Conditions (Crash Level)
2020-02-26T18:22:00.000,I 85,I 85 and Beaver Ruin Rd Exit Rp,,Rear End,2,Cloudy,Dry,Daylight
2020-07-28T15:00:00.000,I 85,I 85 and Beaver Ruin Rd Exit Rp,,Sideswipe-Same Direction,2,Clear,Dry,Daylight
2024-09-22T14:37:00.000,I 85,I 85 and Beaver Ruin Rd Exit 102,,Rear End,2,Clear,Dry,Daylight
2023-08-28T20:33:00.000,I 85,I 85 and Beaver Ruin Rd Exit,,Sideswipe-Same Direction,2,Rain,Wet,Dark-Not Lighted
2020-07-21T07:45:00.000,I 85,I 85 and Beaver Ruin Rd Exit,,Rear End,2,Clear,Dry,Daylight
2021-02-08T09:40:00.000,I 85,I 85 and Beaver Ruin Rd Exit,,Rear End,2,Clear,Dry,Daylight
2024-06-14T13:52:00.000,I 85,I 85 and Beaver Ruin Rd Exit,,Rear End,2,Clear,Dry,Daylight
2023-06-24T20:18:00.000,I 85,I 85 and Beaver Ruin Rd Entrance Rp,,Sideswipe-Same Direction,2,Clear,Dry,Daylight
2020-02-21T16:24:00.000,I 85,I 85 and Beaver Ruin Rd Entrance Rp,,Rear End,2,Clear,Dry,Daylight
2024-08-21T17:45:00.000,I 85,I 85 and Beaver Ruin Rd   Sr85,,Rear End,2,Clear,Dry,Daylight
2021-02-05T08:19:00.000,I 85,I 85 and Beaver Ruin Rd,,Rear End,3,Clear,Dry,Daylight
2021-02-05T07:27:00.000,I 85,I 85 and Beaver Ruin Rd,,Rear End,3,Rain,Wet,Dawn
2021-04-25T04:25:00.000,I 85,I 85 and Beaver Ruin Rd,,Rear End,2,Clear,Dry,Dark-Lighted
2021-02-09T07:55:00.000,I 85,I 85 and Beaver Ruin Rd,,Rear End,2,Cloudy,Dry,Daylight
2021-01-26T10:35:00.000,I 85,I 85 and Beaver Ruin Rd,,Rear End,3,Clear,Wet,Daylight
2021-05-27T17:05:00.000,I 85,I 85 and Beaver Ruin Rd,,Rear End,2,Clear,Dry,Daylight
2021-05-21T12:50:00.000,I 85,I 85 and Beaver Ruin Rd,,Rear End,3,Clear,Dry,Daylight
2021-05-17T18:57:00.000,I 85,I 85 and Beaver Ruin Rd,,Rear End,2,Cloudy,Dry,Daylight
2021-04-21T09:15:00.000,I 85,I 85 and Beaver Ruin Rd,,Rear End,2,Clear,Dry,Daylight
2021-05-14T10:15:00.000,I 85,I 85 and Beaver Ruin Rd,,Rear End,2,Clear,Dry,Daylight
2021-04-29T07:00:00.000,I 85,I 85 and Beaver Ruin Rd,,Rear End,2,Clear,Dry,Daylight
2021-02-12T06:35:00.000,I 85,I 85 and Beaver Ruin Rd,,Rear End,2,Cloudy,Wet,Dark-Lighted
2021-10-20T04:00:00.000,I 85,I 85 and Beaver Ruin Rd,,Sideswipe-Same Direction,2,Clear,Dry,Dark-Lighted
2021-08-10T21:11:00.000,I 85,I 85 and Beaver Ruin Rd,,Sideswipe-Same Direction,2,Cloudy,Wet,Dark-Lighted
2021-10-10T14:31:00.000,I 85,I 85 and Beaver Ruin Rd,,Sideswipe-Same Direction,2,Clear,Dry,Daylight
2021-10-22T18:25:00.000,I 85,I 85 and Beaver Ruin Rd,,Rear End,3,Clear,Dry,Daylight
2021-07-29T12:20:00.000,I 85,I 85 and Beaver Ruin Rd,,Rear End,2,Clear,Dry,Daylight
2021-10-03T19:15:00.000,I 85,I 85 and Beaver Ruin Rd,,Sideswipe-Same Direction,2,Rain,Wet,Dark-Not Lighted
2021-03-27T20:10:00.000,I 85,I 85 and Beaver Ruin Rd,,Angle Crash,2,Clear,Dry,Dark-Lighted
2021-05-21T13:12:00.000,I 85,I 85 and Beaver Ruin Rd,,Rear End,3,Clear,Dry,Daylight
2021-03-19T12:50:00.000,I 85,I 85 and Beaver Ruin Rd,,Rear End,2,Clear,(None),(None)
2021-05-27T17:52:00.000,I 85,I 85 and Beaver Ruin Rd,,Rear End,3,Clear,Dry,Daylight
2021-04-25T04:29:00.000,I 85,I 85 and Beaver Ruin Rd,,Head On,1,Cloudy,Wet,Dark-Lighted
2021-05-21T14:25:00.000,I 85,I 85 and Beaver Ruin Rd,,Rear End,2,Clear,Dry,Daylight
2021-05-15T18:48:00.000,I 85,I 85 and Beaver Ruin Rd,,Rear End,2,Clear,Dry,Daylight
2021-04-18T14:33:00.000,I 85,I 85 and Beaver Ruin Rd,,Rear End,3,Clear,Dry,Daylight
2021-04-11T12:29:00.000,I 85,I 85 and Beaver Ruin Rd,,Rear End,2,Clear,Dry,Daylight
2021-02-17T10:30:00.000,I 85,I 85 and Beaver Ruin Rd,,Rear End,2,Clear,Dry,Daylight
2021-04-08T06:35:00.000,I 85,I 85 and Beaver Ruin Rd,,Rear End,2,Cloudy,Dry,Dark-Lighted
2021-05-07T15:49:00.000,I 85,I 85 and Beaver Ruin Rd,,Rear End,2,Clear,Dry,Daylight
2021-02-02T08:53:00.000,I 85,I 85 and Beaver Ruin Rd,,Rear End,2,Cloudy,Dry,Daylight
2021-05-29T21:00:00.000,I 85,I 85 and Beaver Ruin Rd,,Sideswipe-Same Direction,2,Clear,Dry,Dark-Lighted
2021-02-26T07:40:00.000,I 85,I 85 and Beaver Ruin Rd,,Not a Collision with Motor Vehicle,1,Rain,Wet,Daylight
2021-03-16T08:00:00.000,I 85,I 85 and Beaver Ruin Rd,,Sideswipe-Same Direction,2,Rain,Wet,Daylight
2021-04-13T08:30:00.000,I 85,I 85 and Beaver Ruin Rd,,Rear End,2,Clear,Dry,Daylight
2021-06-18T06:30:00.000,I 85,I 85 and Beaver Ruin Rd,,Rear End,3,Clear,Dry,Daylight
2021-05-29T15:15:00.000,I 85,I 85 and Beaver Ruin Rd,,Angle Crash,2,Clear,Dry,Daylight
2021-01-29T06:20:00.000,I 85,I 85 and Beaver Ruin Rd,,Rear End,3,Clear,Dry,Dark-Lighted
2021-06-08T08:23:00.000,I 85,I 85 and Beaver Ruin Rd,,Rear End,4,Cloudy,Dry,Daylight
2021-06-26T17:15:00.000,I 85,I 85 and Beaver Ruin Rd,,Rear End,4,Clear,Dry,Daylight
2021-03-25T07:06:00.000,I 85,I 85 and Beaver Ruin Rd,,Rear End,2,Rain,Wet,Daylight
2021-04-28T08:31:00.000,I 85,I 85 and Beaver Ruin Rd,,Rear End,2,Cloudy,Dry,Daylight
2021-10-12T09:34:00.000,I 85,I 85 and Beaver Ruin Rd,,Sideswipe-Same Direction,2,Cloudy,Dry,Daylight
2021-07-11T17:15:00.000,I 85,I 85 and Beaver Ruin Rd,,Sideswipe-Same Direction,2,Clear,Dry,Daylight
2021-11-24T09:35:00.000,I 85,I 85 and Beaver Ruin Rd,,Rear End,2,Clear,Dry,Daylight
2021-12-22T14:15:00.000,I 85,I 85 and Beaver Ruin Rd,,Not a Collision with Motor Vehicle,1,Clear,Dry,Daylight
2021-12-20T18:18:00.000,I 85,I 85 and Beaver Ruin Rd,,Rear End,2,Cloudy,Dry,Dark-Lighted
2021-11-04T14:50:00.000,I 85,I 85 and Beaver Ruin Rd,,Rear End,2,Cloudy,Dry,Daylight
2021-10-25T07:39:00.000,I 85,I 85 and Beaver Ruin Rd,,Rear End,2,Clear,Dry,Dawn
2021-10-25T12:16:00.000,I 85,I 85 and Beaver Ruin Rd,,Not a Collision with Motor Vehicle,2,Cloudy,Dry,Daylight
2021-08-22T02:27:00.000,I 85,I 85 and Beaver Ruin Rd,,Sideswipe-Same Direction,2,Clear,Dry,Dark-Not Lighted
2021-08-12T07:55:00.000,I 85,I 85 and Beaver Ruin Rd,,Rear End,5,Clear,Dry,Daylight
2021-09-23T18:30:00.000,I 85,I 85 and Beaver Ruin Rd,,Sideswipe-Same Direction,2,Cloudy,Dry,Daylight
2021-07-22T10:49:00.000,I 85,I 85 and Beaver Ruin Rd,,Sideswipe-Same Direction,2,Clear,Dry,Daylight
2021-11-03T00:50:00.000,I 85,I 85 and Beaver Ruin Rd,,Sideswipe-Same Direction,2,Clear,Dry,Dark-Not Lighted
2021-07-25T20:30:00.000,I 85,I 85 and Beaver Ruin Rd,,Angle Crash,2,Clear,Dry,Dark-Lighted
2021-09-03T22:36:00.000,I 85,I 85 and Beaver Ruin Rd,,Angle Crash,2,Clear,Dry,Dark-Lighted
2021-10-04T10:20:00.000,I 85,I 85 and Beaver Ruin Rd,,Rear End,2,Rain,Wet,Daylight
2021-08-08T17:07:00.000,I 85,I 85 and Beaver Ruin Rd,,Rear End,2,Clear,Dry,Daylight
2021-08-20T13:18:00.000,I 85,I 85 and Beaver Ruin Rd,,Sideswipe-Same Direction,2,Clear,Dry,Daylight
2021-11-04T14:10:00.000,I 85,I 85 and Beaver Ruin Rd,,Rear End,2,Clear,Wet,Daylight
2021-10-01T20:45:00.000,I 85,I 85 and Beaver Ruin Rd,,Rear End,2,Clear,Dry,Dark-Not Lighted
2021-07-23T07:37:00.000,I 85,I 85 and Beaver Ruin Rd,,Sideswipe-Same Direction,2,Clear,Dry,Daylight
2021-08-07T06:00:00.000,I 85,I 85 and Beaver Ruin Rd,,Rear End,2,Clear,Dry,Dark-Lighted
2021-09-24T21:02:00.000,I 85,I 85 and Beaver Ruin Rd,,Angle Crash,2,Clear,Dry,Dark-Lighted
2021-11-10T18:20:00.000,I 85,I 85 and Beaver Ruin Rd,,Rear End,2,Cloudy,Dry,Dark-Lighted
2021-11-20T14:41:00.000,I 85,I 85 and Beaver Ruin Rd,,Rear End,2,Cloudy,Dry,Daylight
2021-12-19T12:55:00.000,I 85,I 85 and Beaver Ruin Rd,,Rear End,2,Clear,Dry,Daylight
2021-11-19T12:30:00.000,I 85,I 85 and Beaver Ruin Rd,,Rear End,2,Cloudy,Dry,Daylight
2021-07-28T17:27:00.000,I 85,I 85 and Beaver Ruin Rd,,Sideswipe-Same Direction,2,Clear,Dry,Daylight
2021-01-22T18:30:00.000,I 85,I 85 and Beaver Ruin Rd,,Rear End,2,Clear,Dry,Dark-Not Lighted
2021-03-27T06:10:00.000,I 85,I 85 and Beaver Ruin Rd,,Angle Crash,2,Clear,Dry,Dark-Not Lighted
2021-01-09T13:11:00.000,I 85,I 85 and Beaver Ruin Rd,,Sideswipe-Same Direction,2,Cloudy,Dry,Daylight
2021-06-01T10:11:00.000,I 85,I 85 and Beaver Ruin Rd,,Rear End,2,Clear,Dry,Daylight
2021-06-03T08:50:00.000,I 85,I 85 and Beaver Ruin Rd,,Sideswipe-Same Direction,2,Cloudy,Dry,Daylight
2021-08-29T18:55:00.000,I 85,I 85 and Beaver Ruin Rd,,Angle Crash,2,Clear,Dry,Daylight
2021-11-04T15:34:00.000,I 85,I 85 and Beaver Ruin Rd,,Rear End,2,Cloudy,Wet,Daylight
2021-10-01T19:12:00.000,I 85,I 85 and Beaver Ruin Rd,,Sideswipe-Same Direction,2,Clear,Dry,Daylight
2021-08-10T20:24:00.000,I 85,I 85 and Beaver Ruin Rd,,Angle Crash,4,Cloudy,Dry,Dark-Lighted
2021-07-01T00:50:00.000,I 85,I 85 and Beaver Ruin Rd,,Not a Collision with Motor Vehicle,1,Clear,Dry,Dark-Not Lighted
2021-11-11T22:10:00.000,I 85,I 85 and Beaver Ruin Rd,,Angle Crash,2,Rain,Wet,Dark-Lighted
2021-07-16T17:07:00.000,I 85,I 85 and Beaver Ruin Rd,,Rear End,3,Clear,Dry,Daylight
2021-07-20T09:49:00.000,I 85,I 85 and Beaver Ruin Rd,,Rear End,2,Cloudy,Wet,Daylight
2021-10-13T14:44:00.000,I 85,I 85 and Beaver Ruin Rd,,Rear End,2,Cloudy,Dry,Daylight
2021-09-19T13:17:00.000,I 85,I 85 and Beaver Ruin Rd,,Rear End,2,Cloudy,Dry,Daylight
2021-08-29T21:11:00.000,I 85,I 85 and Beaver Ruin Rd,,Rear End,2,Clear,Dry,Dark-Lighted
2021-10-21T10:44:00.000,I 85,I 85 and Beaver Ruin Rd,,Sideswipe-Same Direction,2,Cloudy,Dry,Daylight
2021-11-11T18:50:00.000,I 85,I 85 and Beaver Ruin Rd,,Rear End,2,Rain,Wet,Dark-Lighted
2021-11-02T10:40:00.000,I 85,I 85 and Beaver Ruin Rd,,Rear End,3,Cloudy,Dry,Daylight
2021-11-24T19:50:00.000,I 85,I 85 and Beaver Ruin Rd,,Sideswipe-Same Direction,2,Cloudy,Dry,Dark-Lighted
2021-01-16T13:39:00.000,I 85,I 85 and Beaver Ruin Rd,,Rear End,2,Clear,Dry,Daylight
2021-06-10T13:05:00.000,I 85,I 85 and Beaver Ruin Rd,,Rear End,2,Clear,Dry,Daylight
2021-04-01T06:45:00.000,I 85,I 85 and Beaver Ruin Rd,,Rear End,2,Cloudy,Dry,Daylight
2021-03-18T10:07:00.000,I 85,I 85 and Beaver Ruin Rd,,Rear End,2,Rain,Wet,Daylight
2021-04-21T07:55:00.000,I 85,I 85 and Beaver Ruin Rd,,Sideswipe-Same Direction,3,Clear,Dry,Daylight
2021-05-03T11:18:00.000,I 85,I 85 and Beaver Ruin Rd,,Rear End,2,Rain,Wet,Daylight
2020-10-16T18:30:00.000,I 85,I 85 and Beaver Ruin Rd,,Angle Crash,2,Clear,Dry,Daylight
2020-10-26T09:19:00.000,I 85,I 85 and Beaver Ruin Rd,,Rear End,2,Cloudy,Dry,Daylight
2020-11-25T21:44:00.000,I 85,I 85 and Beaver Ruin Rd,,Sideswipe-Same Direction,2,Rain,Wet,Dark-Lighted
2020-05-20T10:55:00.000,I 85,I 85 and Beaver Ruin Rd,,Not a Collision with Motor Vehicle,1,Clear,Wet,Daylight
2020-08-11T10:50:00.000,I 85,I 85 and Beaver Ruin Rd,,Sideswipe-Same Direction,3,Cloudy,Dry,Daylight
2020-06-19T14:45:00.000,I 85,I 85 and Beaver Ruin Rd,,Rear End,2,Clear,Dry,Daylight
2023-07-15T13:25:00.000,I 85,I 85 and Beaver Ruin Rd,,Rear End,2,Clear,Dry,Daylight
2023-02-13T09:59:00.000,I 85,I 85 and Beaver Ruin Rd,,Rear End,2,Clear,Dry,Daylight
2023-03-24T22:48:00.000,I 85,I 85 and Beaver Ruin Rd,,Not a Collision with Motor Vehicle,1,Clear,Dry,Dark-Lighted
2023-03-03T11:49:00.000,I 85,I 85 and Beaver Ruin Rd,,Rear End,2,Rain,Wet,Daylight
2023-10-05T18:50:00.000,I 85,I 85 and Beaver Ruin Rd,,Sideswipe-Same Direction,2,Clear,Dry,Daylight
2023-04-11T08:38:00.000,I 85,I 85 and Beaver Ruin Rd,,Rear End,2,Cloudy,Dry,Daylight
2023-04-12T06:13:00.000,I 85,I 85 and Beaver Ruin Rd,,Rear End,2,Clear,Dry,Daylight
2023-12-07T09:40:00.000,I 85,I 85 and Beaver Ruin Rd,,Not a Collision with Motor Vehicle,2,Clear,Dry,Daylight
2023-05-13T12:47:00.000,I 85,I 85 and Beaver Ruin Rd,,Sideswipe-Same Direction,2,Clear,Dry,Daylight
2023-11-17T10:20:00.000,I 85,I 85 and Beaver Ruin Rd,,Rear End,3,Cloudy,Dry,Daylight
2023-10-05T12:25:00.000,I 85,I 85 and Beaver Ruin Rd,,Rear End,2,Cloudy,Dry,Daylight
2023-05-15T15:07:00.000,I 85,I 85 and Beaver Ruin Rd,,Rear End,2,Clear,Dry,Daylight
2023-04-29T20:35:00.000,I 85,I 85 and Beaver Ruin Rd,,Rear End,2,Cloudy,Dry,Dark-Lighted
2023-10-31T16:06:00.000,I 85,I 85 and Beaver Ruin Rd,,Rear End,2,Cloudy,Dry,Daylight
2023-10-12T12:55:00.000,I 85,I 85 and Beaver Ruin Rd,,Rear End,3,Cloudy,Dry,Daylight
2023-06-02T05:05:00.000,I 85,I 85 and Beaver Ruin Rd,,Rear End,2,Clear,Dry,Dark-Lighted
2023-12-04T06:49:00.000,I 85,I 85 and Beaver Ruin Rd,,Sideswipe-Same Direction,2,Cloudy,Dry,Dawn
2023-02-25T18:25:00.000,I 85,I 85 and Beaver Ruin Rd,,Rear End,5,Clear,Dry,Dark-Lighted
2023-08-31T13:33:00.000,I 85,I 85 and Beaver Ruin Rd,,Rear End,2,Clear,Dry,Daylight
2023-08-21T07:45:00.000,I 85,I 85 and Beaver Ruin Rd,,Rear End,3,Clear,Dry,Daylight
2023-07-05T13:31:00.000,I 85,I 85 and Beaver Ruin Rd,,Rear End,3,Cloudy,Dry,Daylight
2023-08-23T12:10:00.000,I 85,I 85 and Beaver Ruin Rd,,Rear End,2,Clear,Dry,Daylight
2023-10-12T14:58:00.000,I 85,I 85 and Beaver Ruin Rd,,Rear End,2,Cloudy,Dry,Daylight
2023-11-16T09:51:00.000,I 85,I 85 and Beaver Ruin Rd,,Rear End,2,Cloudy,Dry,Daylight
2023-06-21T14:50:00.000,I 85,I 85 and Beaver Ruin Rd,,Rear End,2,Rain,Wet,Daylight
2023-02-10T10:55:00.000,I 85,I 85 and Beaver Ruin Rd,,Rear End,3,Cloudy,Dry,Daylight
2023-10-05T07:50:00.000,I 85,I 85 and Beaver Ruin Rd,,Sideswipe-Same Direction,2,Clear,Dry,Daylight
2023-04-14T16:15:00.000,I 85,I 85 and Beaver Ruin Rd,,Rear End,2,Clear,Wet,Daylight
2023-05-02T18:45:00.000,I 85,I 85 and Beaver Ruin Rd,,Sideswipe-Same Direction,2,Clear,Dry,Daylight
2023-05-07T18:53:00.000,I 85,I 85 and Beaver Ruin Rd,,Sideswipe-Same Direction,2,Clear,Dry,Daylight
2023-05-24T06:00:00.000,I 85,I 85 and Beaver Ruin Rd,,Rear End,4,Clear,Dry,Daylight
2023-04-29T11:04:00.000,I 85,I 85 and Beaver Ruin Rd,,Rear End,2,Cloudy,Dry,Daylight
2023-10-06T13:51:00.000,I 85,I 85 and Beaver Ruin Rd,,Sideswipe-Same Direction,2,Cloudy,Dry,Daylight
2023-01-04T09:00:00.000,I 85,I 85 and Beaver Ruin Rd,,Sideswipe-Same Direction,2,Rain,Wet,Daylight
2023-03-12T22:00:00.000,I 85,I 85 and Beaver Ruin Rd,,Rear End,2,Rain,Wet,Dark-Lighted
2023-12-31T13:25:00.000,I 85,I 85 and Beaver Ruin Rd,,Sideswipe-Same Direction,2,Cloudy,Dry,Daylight
2023-02-06T08:40:00.000,I 85,I 85 and Beaver Ruin Rd,,Sideswipe-Same Direction,2,Cloudy,Dry,Daylight
2023-02-22T15:20:00.000,I 85,I 85 and Beaver Ruin Rd,,Rear End,2,Clear,Dry,Daylight
2023-02-14T23:13:00.000,I 85,I 85 and Beaver Ruin Rd,,Sideswipe-Same Direction,2,Clear,Dry,Dark-Lighted
2023-12-30T23:30:00.000,I 85,I 85 and Beaver Ruin Rd,,Rear End,2,Clear,Dry,Dark-Lighted
2023-10-26T08:45:00.000,I 85,I 85 and Beaver Ruin Rd,,Rear End,2,Cloudy,Dry,Daylight
2023-11-10T13:40:00.000,I 85,I 85 and Beaver Ruin Rd,,Rear End,2,Rain,Wet,Daylight
2023-05-30T01:00:00.000,I 85,I 85 and Beaver Ruin Rd,,Angle Crash,2,Clear,Dry,Dark-Lighted
2023-09-03T05:15:00.000,I 85,I 85 and Beaver Ruin Rd,,Angle Crash,1,Clear,Dry,Dawn
2023-05-19T15:05:00.000,I 85,I 85 and Beaver Ruin Rd,,Sideswipe-Same Direction,2,Clear,Dry,Daylight
2023-02-23T19:57:00.000,I 85,I 85 and Beaver Ruin Rd,,Sideswipe-Same Direction,2,Rain,Wet,Dark-Not Lighted
2023-03-08T06:15:00.000,I 85,I 85 and Beaver Ruin Rd,,Rear End,2,Clear,Dry,Dark-Lighted
2023-06-30T09:44:00.000,I 85,I 85 and Beaver Ruin Rd,,Rear End,3,Clear,Dry,Daylight
2023-08-26T18:09:00.000,I 85,I 85 and Beaver Ruin Rd,,Rear End,3,Cloudy,Dry,Daylight
2023-04-06T11:50:00.000,I 85,I 85 and Beaver Ruin Rd,,Rear End,2,Cloudy,Dry,Daylight
2023-07-13T10:00:00.000,I 85,I 85 and Beaver Ruin Rd,,Rear End,2,Cloudy,Dry,Daylight
2023-08-04T00:04:00.000,I 85,I 85 and Beaver Ruin Rd,,Rear End,3,Clear,Dry,Dark-Not Lighted
2023-12-22T19:04:00.000,I 85,I 85 and Beaver Ruin Rd,,Rear End,2,Clear,Dry,Dark-Lighted
2023-05-16T18:31:00.000,I 85,I 85 and Beaver Ruin Rd,,Sideswipe-Same Direction,2,Rain,Wet,Daylight
2023-04-30T14:59:00.000,I 85,I 85 and Beaver Ruin Rd,,Rear End,2,Cloudy,Dry,Daylight
2023-03-03T09:50:00.000,I 85,I 85 and Beaver Ruin Rd,,Rear End,2,Cloudy,Wet,Daylight
2023-08-04T00:04:00.000,I 85,I 85 and Beaver Ruin Rd,,Rear End,2,Clear,Dry,Dark-Not Lighted
2023-02-13T09:59:00.000,I 85,I 85 and Beaver Ruin Rd,,Sideswipe-Same Direction,2,Clear,Dry,Daylight
2023-03-08T18:59:00.000,I 85,I 85 and Beaver Ruin Rd,,Rear End,2,Clear,Dry,Dark-Lighted
2023-06-15T16:12:00.000,I 85,I 85 and Beaver Ruin Rd,,Rear End,2,Clear,Dry,Daylight
2023-11-09T15:30:00.000,I 85,I 85 and Beaver Ruin Rd,,Rear End,2,Cloudy,Dry,Daylight
2023-01-30T13:55:00.000,I 85,I 85 and Beaver Ruin Rd,,Sideswipe-Same Direction,2,Cloudy,Wet,Daylight
2023-12-05T17:00:00.000,I 85,I 85 and Beaver Ruin Rd,,Rear End,2,Clear,Dry,Daylight
2023-05-11T18:40:00.000,I 85,I 85 and Beaver Ruin Rd,,Rear End,2,Clear,Dry,Daylight
2023-09-11T17:45:00.000,I 85,I 85 and Beaver Ruin Rd,,Sideswipe-Same Direction,2,Cloudy,Dry,Daylight
2023-08-26T13:33:00.000,I 85,I 85 and Beaver Ruin Rd,,Sideswipe-Same Direction,3,Clear,Dry,Daylight
2023-12-01T13:20:00.000,I 85,I 85 and Beaver Ruin Rd,,Rear End,2,Cloudy,Wet,Daylight
2023-03-23T16:51:00.000,I 85,I 85 and Beaver Ruin Rd,,Sideswipe-Same Direction,2,Cloudy,Dry,Daylight
2023-04-08T17:45:00.000,I 85,I 85 and Beaver Ruin Rd,,Sideswipe-Same Direction,2,Clear,Wet,Daylight
2023-11-03T00:00:00.000,I 85,I 85 and Beaver Ruin Rd,,Rear End,2,Clear,Dry,Dark-Lighted
2023-04-14T06:08:00.000,I 85,I 85 and Beaver Ruin Rd,,(None),2,Cloudy,Wet,Dark-Lighted
2023-10-03T06:20:00.000,I 85,I 85 and Beaver Ruin Rd,,Rear End,2,Clear,Dry,Dark-Lighted
2023-11-02T16:15:00.000,I 85,I 85 and Beaver Ruin Rd,,Rear End,2,Cloudy,Dry,Daylight
2023-02-06T09:05:00.000,I 85,I 85 and Beaver Ruin Rd,,Sideswipe-Same Direction,2,Clear,Dry,Daylight
2023-09-13T07:10:00.000,I 85,I 85 and Beaver Ruin Rd,,Rear End,4,Cloudy,Wet,Daylight
2023-05-14T18:09:00.000,I 85,I 85 and Beaver Ruin Rd,,Rear End,2,Clear,Dry,Daylight
2023-01-10T11:25:00.000,I 85,I 85 and Beaver Ruin Rd,,Rear End,2,Clear,Dry,Daylight
2023-10-12T10:15:00.000,I 85,I 85 and Beaver Ruin Rd,,Not a Collision with Motor Vehicle,1,Rain,Wet,Daylight
2023-04-15T22:36:00.000,I 85,I 85 and Beaver Ruin Rd,,Sideswipe-Same Direction,2,Clear,Dry,Dark-Lighted
2023-02-01T08:45:00.000,I 85,I 85 and Beaver Ruin Rd,,Rear End,2,Cloudy,Dry,Daylight
2023-12-22T15:42:00.000,I 85,I 85 and Beaver Ruin Rd,,Rear End,2,Clear,Dry,Daylight
2023-06-28T11:33:00.000,I 85,I 85 and Beaver Ruin Rd,,Rear End,2,Clear,Dry,Daylight
2023-02-15T11:22:00.000,I 85,I 85 and Beaver Ruin Rd,,Sideswipe-Same Direction,2,Rain,Wet,Daylight
2023-09-15T15:07:00.000,I 85,I 85 and Beaver Ruin Rd,,Sideswipe-Same Direction,3,Cloudy,Dry,Daylight
2023-01-04T01:20:00.000,I 85,I 85 and Beaver Ruin Rd,,Not a Collision with Motor Vehicle,1,Rain,Water (standing or moving),Dark-Lighted
2023-12-26T16:20:00.000,I 85,I 85 and Beaver Ruin Rd,,Rear End,2,Rain,Wet,Daylight
2023-06-30T17:55:00.000,I 85,I 85 and Beaver Ruin Rd,,Sideswipe-Same Direction,2,Clear,Dry,Daylight
2023-10-31T16:55:00.000,I 85,I 85 and Beaver Ruin Rd,,Rear End,2,Clear,Dry,Daylight
2023-12-05T10:10:00.000,I 85,I 85 and Beaver Ruin Rd,,Sideswipe-Same Direction,2,Clear,Dry,Daylight
2023-09-17T23:04:00.000,I 85,I 85 and Beaver Ruin Rd,,Angle Crash,2,Clear,Dry,Dark-Lighted
2023-11-22T17:15:00.000,I 85,I 85 and Beaver Ruin Rd,,Rear End,2,Cloudy,Dry,Dark-Lighted
2023-08-07T14:30:00.000,I 85,I 85 and Beaver Ruin Rd,,Rear End,2,Cloudy,Dry,Daylight
2023-06-06T11:15:00.000,I 85,I 85 and Beaver Ruin Rd,,Sideswipe-Same Direction,2,Clear,Dry,Daylight
2023-07-05T16:35:00.000,I 85,I 85 and Beaver Ruin Rd,,Rear End,2,Clear,Dry,Daylight
2023-10-19T06:00:00.000,I 85,I 85 and Beaver Ruin Rd,,Rear End,2,Clear,Dry,Dawn
2023-10-05T14:32:00.000,I 85,I 85 and Beaver Ruin Rd,,Rear End,2,Clear,Dry,Daylight
2023-01-03T08:38:00.000,I 85,I 85 and Beaver Ruin Rd,,Rear End,3,Cloudy,Wet,Daylight
2023-06-19T06:48:00.000,I 85,I 85 and Beaver Ruin Rd,,Rear End,2,Rain,Wet,Dawn
2023-01-04T12:08:00.000,I 85,I 85 and Beaver Ruin Rd,,Rear End,2,Cloudy,Dry,Daylight
2023-10-17T17:30:00.000,I 85,I 85 and Beaver Ruin Rd,,Sideswipe-Same Direction,2,Clear,Dry,Daylight
2023-06-14T08:43:00.000,I 85,I 85 and Beaver Ruin Rd,,Rear End,2,Cloudy,Dry,Daylight
2023-09-21T11:50:00.000,I 85,I 85 and Beaver Ruin Rd,,Rear End,2,Clear,Dry,Daylight
2023-11-06T09:40:00.000,I 85,I 85 and Beaver Ruin Rd,,Rear End,2,Clear,Dry,Daylight
2023-11-09T10:31:00.000,I 85,I 85 and Beaver Ruin Rd,,Rear End,2,Clear,Dry,Daylight
2023-04-15T15:32:00.000,I 85,I 85 and Beaver Ruin Rd,,Angle Crash,3,Clear,Dry,Daylight
2023-08-24T15:28:00.000,I 85,I 85 and Beaver Ruin Rd,,Rear End,5,Clear,Dry,Daylight
2023-06-08T12:00:00.000,I 85,I 85 and Beaver Ruin Rd,,Rear End,4,Clear,Dry,Daylight
2023-03-05T12:26:00.000,I 85,I 85 and Beaver Ruin Rd,,Angle Crash,2,Cloudy,Dry,Daylight
2023-11-16T17:05:00.000,I 85,I 85 and Beaver Ruin Rd,,Sideswipe-Same Direction,2,Cloudy,Dry,Daylight
2023-12-15T19:58:00.000,I 85,I 85 and Beaver Ruin Rd,,Rear End,2,Clear,Dry,Dark-Lighted
2023-12-22T16:10:00.000,I 85,I 85 and Beaver Ruin Rd,,Sideswipe-Same Direction,2,Cloudy,Dry,Daylight
2023-08-09T06:15:00.000,I 85,I 85 and Beaver Ruin Rd,,Rear End,3,Clear,Dry,Daylight
2023-09-19T07:00:00.000,I 85,I 85 and Beaver Ruin Rd,,Rear End,2,Cloudy,Dry,Dark-Lighted
2023-01-04T12:10:00.000,I 85,I 85 and Beaver Ruin Rd,,Rear End,2,Rain,Wet,Daylight
2023-03-08T06:13:00.000,I 85,I 85 and Beaver Ruin Rd,,Sideswipe-Same Direction,2,Clear,Dry,Dawn
2023-04-25T08:27:00.000,I 85,I 85 and Beaver Ruin Rd,,Sideswipe-Same Direction,2,Clear,Dry,Daylight
2023-11-20T07:42:00.000,I 85,I 85 and Beaver Ruin Rd,,Sideswipe-Same Direction,2,Cloudy,Dry,Daylight
2023-07-12T10:46:00.000,I 85,I 85 and Beaver Ruin Rd,,Rear End,2,Clear,Dry,Daylight
2023-05-13T17:51:00.000,I 85,I 85 and Beaver Ruin Rd,,Rear End,2,Clear,Dry,Daylight
2023-04-28T14:55:00.000,I 85,I 85 and Beaver Ruin Rd,,Rear End,2,Clear,Dry,Daylight
2023-11-10T17:40:00.000,I 85,I 85 and Beaver Ruin Rd,,Rear End,2,Cloudy,Dry,Dark-Lighted
2023-09-11T16:50:00.000,I 85,I 85 and Beaver Ruin Rd,,Rear End,2,Cloudy,Dry,Daylight
2023-09-29T10:27:00.000,I 85,I 85 and Beaver Ruin Rd,,Rear End,2,Clear,Dry,Daylight
2023-12-01T16:00:00.000,I 85,I 85 and Beaver Ruin Rd,,Rear End,2,Cloudy,Wet,Daylight
2023-01-13T08:00:00.000,I 85,I 85 and Beaver Ruin Rd,,Rear End,2,Cloudy,Dry,Daylight