Date and Time,Roadway (From Crash Report),Intersection Name (from Crash Report),KABCO Severity,Manner of Collision (Crash Level) ,# of Vehicles per crash ,Weather Conditions (Crash Level),Surface Condition (Crash Level) ,Light Conditions (Crash Level)
2023-03-27T13:30:00.000,I 85,I 85 and Beaver Ruin Rd,,Sideswipe-Same Direction,2,Cloudy,Dry,Daylight
2023-02-18T23:20:00.000,I 85,I 85 and Beaver Ruin Rd,,Angle Crash,2,Clear,Dry,Dark-Lighted
2023-07-16T13:44:00.000,I 85,I 85 and Beaver Ruin Rd,,Rear End,2,Clear,Dry,Daylight
2023-05-14T00:20:00.000,I 85,I 85 and Beaver Ruin Rd,,Sideswipe-Same Direction,2,Clear,Dry,Dark-Lighted
2023-01-19T19:50:00.000,I 85,I 85 and Beaver Ruin Rd,,Sideswipe-Same Direction,2,Clear,Dry,Dark-Not Lighted
2023-12-01T13:46:00.000,I 85,I 85 and Beaver Ruin Rd,,Rear End,2,Cloudy,Wet,Daylight
2023-09-05T07:15:00.000,I 85,I 85 and Beaver Ruin Rd,,Rear End,4,Clear,Dry,Daylight
2023-08-23T16:45:00.000,I 85,I 85 and Beaver Ruin Rd,,Rear End,2,Clear,Dry,Daylight
2023-12-26T13:25:00.000,I 85,I 85 and Beaver Ruin Rd,,Rear End,2,Rain,Wet,Daylight
2023-09-20T12:27:00.000,I 85,I 85 and Beaver Ruin Rd,,Rear End,2,Clear,Dry,Daylight
2023-12-11T08:34:00.000,I 85,I 85 and Beaver Ruin Rd,,Sideswipe-Same Direction,2,Cloudy,Dry,Daylight
2023-08-21T11:41:00.000,I 85,I 85 and Beaver Ruin Rd,,Sideswipe-Same Direction,2,Cloudy,Dry,Daylight
2023-12-25T20:35:00.000,I 85,I 85 and Beaver Ruin Rd,,Rear End,2,Rain,Wet,Dark-Lighted
2023-03-30T08:37:00.000,I 85,I 85 and Beaver Ruin Rd,,Rear End,2,Clear,Dry,Daylight
2023-08-16T11:23:00.000,I 85,I 85 and Beaver Ruin Rd,,Sideswipe-Same Direction,2,Clear,Dry,Daylight
2023-06-05T08:56:00.000,I 85,I 85 and Beaver Ruin Rd,,Rear End,2,Cloudy,Dry,Daylight
2023-11-02T15:20:00.000,I 85,I 85 and Beaver Ruin Rd,,Rear End,2,Clear,Dry,Daylight
2023-06-16T16:21:00.000,I 85,I 85 and Beaver Ruin Rd,,Rear End,2,Clear,Dry,Daylight
2023-12-28T17:10:00.000,I 85,I 85 and Beaver Ruin Rd,,Rear End,2,Cloudy,Dry,Daylight
2023-10-07T15:50:00.000,I 85,I 85 and Beaver Ruin Rd,,Rear End,2,Clear,Dry,Daylight
2023-11-05T15:31:00.000,I 85,I 85 and Beaver Ruin Rd,,Rear End,2,Clear,Dry,Daylight
2023-12-17T14:50:00.000,I 85,I 85 and Beaver Ruin Rd,,Rear End,2,Cloudy,Wet,Daylight
2023-09-16T12:41:00.000,I 85,I 85 and Beaver Ruin Rd,,Rear End,2,Rain,Wet,Daylight
2023-07-15T13:58:00.000,I 85,I 85 and Beaver Ruin Rd,,Sideswipe-Same Direction,2,Clear,Dry,Daylight
2023-01-14T02:27:00.000,I 85,I 85 and Beaver Ruin Rd,,Rear End,2,Clear,Dry,Dark-Not Lighted
2023-03-08T07:10:00.000,I 85,I 85 and Beaver Ruin Rd,,Sideswipe-Same Direction,2,Clear,Dry,Daylight
2022-09-06T21:14:00.000,I 85,I 85 and Beaver Ruin Rd,,Sideswipe-Same Direction,2,Clear,Dry,Dark-Lighted
2022-07-19T08:46:00.000,I 85,I 85 and Beaver Ruin Rd,,Rear End,2,Cloudy,Wet,Daylight
2022-01-28T19:51:00.000,I 85,I 85 and Beaver Ruin Rd,,Sideswipe-Same Direction,2,Clear,Dry,Daylight
2022-11-20T11:22:00.000,I 85,I 85 and Beaver Ruin Rd,,Rear End,2,Cloudy,Dry,Daylight
2022-03-30T15:15:00.000,I 85,I 85 and Beaver Ruin Rd,,Rear End,2,Clear,Dry,Daylight
2022-02-18T08:29:00.000,I 85,I 85 and Beaver Ruin Rd,,Rear End,2,Cloudy,Dry,Daylight
2022-05-24T22:52:00.000,I 85,I 85 and Beaver Ruin Rd,,Sideswipe-Same Direction,2,Clear,Dry,Dark-Lighted
2022-06-12T17:15:00.000,I 85,I 85 and Beaver Ruin Rd,,Sideswipe-Same Direction,2,Clear,Dry,Daylight
2022-02-17T15:48:00.000,I 85,I 85 and Beaver Ruin Rd,,Rear End,2,Cloudy,Dry,Daylight
2022-04-08T09:25:00.000,I 85,I 85 and Beaver Ruin Rd,,Sideswipe-Same Direction,2,Clear,Dry,Daylight
2022-01-31T20:29:00.000,I 85,I 85 and Beaver Ruin Rd,,Sideswipe-Same Direction,2,Clear,Dry,Dark-Lighted
2022-05-11T13:20:00.000,I 85,I 85 and Beaver Ruin Rd,,Rear End,2,Clear,Dry,Daylight
2022-12-10T01:44:00.000,I 85,I 85 and Beaver Ruin Rd,,Rear End,2,Rain,Wet,Dark-Lighted
2022-05-14T20:06:00.000,I 85,I 85 and Beaver Ruin Rd,,Angle Crash,2,Clear,Dry,Dark-Lighted
2022-06-12T22:35:00.000,I 85,I 85 and Beaver Ruin Rd,,Sideswipe-Same Direction,2,Clear,Dry,Dark-Lighted
2022-03-22T05:53:00.000,I 85,I 85 and Beaver Ruin Rd,,Rear End,2,Clear,Dry,Dark-Lighted
2022-02-18T15:24:00.000,I 85,I 85 and Beaver Ruin Rd,,Rear End,4,Clear,Dry,Daylight
2022-06-21T16:50:00.000,I 85,I 85 and Beaver Ruin Rd,,Sideswipe-Same Direction,2,Cloudy,Dry,Daylight
2020-10-23T08:27:00.000,I 85,I 85 and Beaver Ruin Rd,,Rear End,2,Clear,Dry,Daylight
2023-06-16T16:30:00.000,I 85,I 85 and Beaver Ruin Rd,,Rear End,2,Clear,Dry,Daylight
2021-11-21T16:21:00.000,I 85,I 85 and Beaver Ruin Rd,,Rear End,2,Cloudy,Dry,Daylight
2021-02-22T13:40:00.000,I 85,I 85 and Beaver Ruin Rd,,Rear End,2,Clear,Dry,Daylight
2020-12-19T14:04:00.000,I 85,I 85 and Beaver Ruin Rd,,Rear End,2,Clear,Dry,Daylight
2020-01-02T18:26:00.000,I 85,I 85 and Beaver Ruin Rd,,Rear End,3,Rain,Wet,Dark-Not Lighted
2020-10-15T10:01:00.000,I 85,I 85 and Beaver Ruin Rd,,Sideswipe-Same Direction,2,Clear,Dry,Daylight
2020-08-17T09:36:00.000,I 85,I 85 and Beaver Ruin Rd,,Rear End,2,Clear,Dry,Daylight
2020-07-31T16:40:00.000,I 85,I 85 and Beaver Ruin Rd,,Angle Crash,2,Clear,Dry,Daylight
2020-11-12T06:59:00.000,I 85,I 85 and Beaver Ruin Rd,,Rear End,2,Cloudy,Wet,Daylight
2020-03-07T12:25:00.000,I 85,I 85 and Beaver Ruin Rd,,Rear End,3,Clear,Dry,Daylight
2020-02-13T12:00:00.000,I 85,I 85 and Beaver Ruin Rd,,Rear End,2,Cloudy,Wet,Daylight
2020-02-07T10:28:00.000,I 85,I 85 and Beaver Ruin Rd,,Rear End,3,Cloudy,Dry,Daylight
2020-08-11T15:48:00.000,I 85,I 85 and Beaver Ruin Rd,,Sideswipe-Same Direction,2,Cloudy,Dry,Daylight
2020-12-31T14:02:00.000,I 85,I 85 and Beaver Ruin Rd,,Rear End,2,Cloudy,Wet,Daylight
2020-08-07T17:50:00.000,I 85,I 85 and Beaver Ruin Rd,,Sideswipe-Same Direction,2,Clear,Dry,Daylight
2020-08-05T08:35:00.000,I 85,I 85 and Beaver Ruin Rd,,Sideswipe-Same Direction,2,Clear,Dry,Daylight
2020-06-13T09:00:00.000,I 85,I 85 and Beaver Ruin Rd,,Sideswipe-Same Direction,2,Clear,Dry,Daylight
2020-11-12T03:48:00.000,I 85,I 85 and Beaver Ruin Rd,,Sideswipe-Same Direction,2,Cloudy,Wet,Dark-Not Lighted
2020-06-05T19:24:00.000,I 85,I 85 and Beaver Ruin Rd,,Rear End,2,Clear,Dry,Daylight
2020-01-26T13:50:00.000,I 85,I 85 and Beaver Ruin Rd,,Rear End,2,Clear,Dry,Daylight
2020-01-29T16:35:00.000,I 85,I 85 and Beaver Ruin Rd,,Not a Collision with Motor Vehicle,1,Cloudy,Dry,Daylight
2020-01-14T06:14:00.000,I 85,I 85 and Beaver Ruin Rd,,Rear End,2,Clear,Dry,Dark-Lighted
2020-09-24T16:22:00.000,I 85,I 85 and Beaver Ruin Rd,,Sideswipe-Same Direction,2,Rain,Wet,Daylight
2020-01-12T08:10:00.000,I 85,I 85 and Beaver Ruin Rd,,Sideswipe-Same Direction,2,Clear,Dry,Daylight
2020-02-26T06:32:00.000,I 85,I 85 and Beaver Ruin Rd,,Rear End,2,Clear,Dry,Dawn
2020-12-12T15:40:00.000,I 85,I 85 and Beaver Ruin Rd,,Sideswipe-Same Direction,2,Clear,Dry,Daylight
2020-11-29T23:15:00.000,I 85,I 85 and Beaver Ruin Rd,,Sideswipe-Same Direction,2,Rain,Wet,Dark-Lighted
2020-02-22T15:24:00.000,I 85,I 85 and Beaver Ruin Rd,,Sideswipe-Same Direction,2,Clear,Dry,Daylight
2020-09-16T07:00:00.000,I 85,I 85 and Beaver Ruin Rd,,Rear End,2,Cloudy,Dry,Daylight
2020-03-16T16:05:00.000,I 85,I 85 and Beaver Ruin Rd,,Sideswipe-Same Direction,2,Cloudy,Dry,Daylight
2020-01-27T10:50:00.000,I 85,I 85 and Beaver Ruin Rd,,Rear End,3,Cloudy,Dry,Daylight
2020-09-02T06:15:00.000,I 85,I 85 and Beaver Ruin Rd,,Rear End,2,Clear,Dry,Dark-Lighted
2020-10-24T17:45:00.000,I 85,I 85 and Beaver Ruin Rd,,Rear End,2,Rain,Wet,Dark-Lighted
2020-12-05T19:42:00.000,I 85,I 85 and Beaver Ruin Rd,,Rear End,2,Clear,Dry,Dark-Lighted
2020-07-31T15:23:00.000,I 85,I 85 and Beaver Ruin Rd,,Rear End,2,Clear,Dry,Daylight
2020-07-16T12:05:00.000,I 85,I 85 and Beaver Ruin Rd,,Not a Collision with Motor Vehicle,1,Cloudy,Dry,Daylight
2020-07-08T12:40:00.000,I 85,I 85 and Beaver Ruin Rd,,Sideswipe-Same Direction,2,Clear,Dry,Daylight
2020-09-07T23:34:00.000,I 85,I 85 and Beaver Ruin Rd,,Rear End,2,Clear,Dry,Dark-Lighted
2020-10-15T08:10:00.000,I 85,I 85 and Beaver Ruin Rd,,Rear End,2,Cloudy,Dry,Daylight
2020-02-19T19:00:00.000,I 85,I 85 and Beaver Ruin Rd,,Rear End,3,Clear,Dry,Dark-Lighted
2020-02-04T05:55:00.000,I 85,I 85 and Beaver Ruin Rd,,Sideswipe-Same Direction,3,Clear,Dry,Dark-Not Lighted
2020-12-03T17:58:00.000,I 85,I 85 and Beaver Ruin Rd,,Rear End,2,Clear,Dry,Dark-Lighted
2020-10-09T19:50:00.000,I 85,I 85 and Beaver Ruin Rd,,Rear End,2,Rain,Wet,Daylight
2020-08-19T20:10:00.000,I 85,I 85 and Beaver Ruin Rd,,Sideswipe-Same Direction,2,Rain,Wet,Dark-Lighted
2020-12-14T06:35:00.000,I 85,I 85 and Beaver Ruin Rd,,Sideswipe-Same Direction,2,Rain,Wet,Dark-Lighted
2020-02-05T17:38:00.000,I 85,I 85 and Beaver Ruin Rd,,Rear End,2,Cloudy,Dry,Daylight
2020-06-15T18:02:00.000,I 85,I 85 and Beaver Ruin Rd,,Angle Crash,2,Clear,Dry,Daylight
2020-10-30T06:26:00.000,I 85,I 85 and Beaver Ruin Rd,,Rear End,2,Clear,Dry,Dark-Lighted
2020-03-06T11:59:00.000,I 85,I 85 and Beaver Ruin Rd,,Rear End,4,Clear,Dry,Daylight
2020-11-18T16:31:00.000,I 85,I 85 and Beaver Ruin Rd,,Rear End,1,Clear,Dry,Daylight
2020-06-13T21:33:00.000,I 85,I 85 and Beaver Ruin Rd,,Angle Crash,2,Clear,Dry,Dark-Lighted
2020-05-19T17:27:00.000,I 85,I 85 and Beaver Ruin Rd,,Rear End,3,Clear,Dry,Daylight
2020-08-02T02:25:00.000,I 85,I 85 and Beaver Ruin Rd,,Rear End,2,Clear,Dry,Dark-Lighted
2020-01-14T06:31:00.000,I 85,I 85 and Beaver Ruin Rd,,Sideswipe-Same Direction,2,Cloudy,Wet,Dark-Lighted
2020-02-08T04:06:00.000,I 85,I 85 and Beaver Ruin Rd,,Not a Collision with Motor Vehicle,1,Clear,Dry,Dark-Lighted
2020-11-10T19:57:00.000,I 85,I 85 and Beaver Ruin Rd,,Sideswipe-Same Direction,2,Rain,Wet,Dark-Not Lighted
2020-05-22T16:30:00.000,I 85,I 85 and Beaver Ruin Rd,,Sideswipe-Same Direction,2,Clear,Dry,Daylight
2020-10-13T15:10:00.000,I 85,I 85 and Beaver Ruin Rd,,Sideswipe-Same Direction,2,Clear,Dry,Daylight
2020-07-16T08:50:00.000,I 85,I 85 and Beaver Ruin Rd,,Rear End,3,Clear,Dry,Daylight
2020-07-05T13:06:00.000,I 85,I 85 and Beaver Ruin Rd,,Head On,1,Clear,Dry,Daylight
2020-10-14T07:22:00.000,I 85,I 85 and Beaver Ruin Rd,,Rear End,2,Clear,Dry,Daylight
2020-07-22T10:00:00.000,I 85,I 85 and Beaver Ruin Rd,,Sideswipe-Same Direction,2,Cloudy,Dry,Daylight
2020-09-11T12:58:00.000,I 85,I 85 and Beaver Ruin Rd,,Rear End,3,Clear,Dry,Daylight
2020-08-11T00:32:00.000,I 85,I 85 and Beaver Ruin Rd,,Sideswipe-Same Direction,2,Clear,Dry,Dark-Lighted
2020-12-21T14:04:00.000,I 85,I 85 and Beaver Ruin Rd,,Rear End,2,Clear,Dry,Daylight
2020-05-19T21:09:00.000,I 85,I 85 and Beaver Ruin Rd,,Sideswipe-Same Direction,3,Clear,Dry,Dark-Not Lighted
2020-09-22T09:15:00.000,I 85,I 85 and Beaver Ruin Rd,,Rear End,2,Clear,Dry,Daylight
2020-08-01T13:18:00.000,I 85,I 85 and Beaver Ruin Rd,,Sideswipe-Same Direction,2,Clear,Dry,Daylight
2020-07-13T20:10:00.000,I 85,I 85 and Beaver Ruin Rd,,Rear End,2,Clear,Dry,Daylight
2020-08-08T11:23:00.000,I 85,I 85 and Beaver Ruin Rd,,Rear End,2,Clear,Dry,Daylight
2020-12-15T09:39:00.000,I 85,I 85 and Beaver Ruin Rd,,Rear End,2,Clear,Dry,Daylight
2020-02-26T05:48:00.000,I 85,I 85 and Beaver Ruin Rd,,Rear End,3,Cloudy,Dry,Dark-Lighted
2020-09-14T15:00:00.000,I 85,I 85 and Beaver Ruin Rd,,Sideswipe-Same Direction,2,Clear,Dry,Daylight
2020-01-02T18:15:00.000,I 85,I 85 and Beaver Ruin Rd,,Rear End,2,Rain,Wet,Dark-Lighted
2020-08-03T11:15:00.000,I 85,I 85 and Beaver Ruin Rd,,Sideswipe-Same Direction,2,Cloudy,Dry,Daylight
2020-08-29T20:30:00.000,I 85,I 85 and Beaver Ruin Rd,,Sideswipe-Same Direction,2,Clear,Dry,Dark-Lighted
2020-10-17T19:10:00.000,I 85,I 85 and Beaver Ruin Rd,,Angle Crash,2,Clear,Dry,Dark-Lighted
2020-10-07T23:12:00.000,I 85,I 85 and Beaver Ruin Rd,,Rear End,2,Clear,Dry,Dark-Lighted
2020-09-11T16:35:00.000,I 85,I 85 and Beaver Ruin Rd,,Rear End,3,Clear,Dry,Daylight
2020-10-15T07:26:00.000,I 85,I 85 and Beaver Ruin Rd,,Rear End,2,Cloudy,Dry,Daylight
2020-11-06T17:52:00.000,I 85,I 85 and Beaver Ruin Rd,,Rear End,2,Clear,Dry,Dark-Lighted
2020-10-16T10:02:00.000,I 85,I 85 and Beaver Ruin Rd,,Rear End,2,Cloudy,Dry,Daylight
2020-11-12T08:56:00.000,I 85,I 85 and Beaver Ruin Rd,,Rear End,3,Cloudy,Wet,Daylight
2020-11-05T16:18:00.000,I 85,I 85 and Beaver Ruin Rd,,Rear End,2,Clear,Dry,Daylight
2020-09-06T10:10:00.000,I 85,I 85 and Beaver Ruin Rd,,Angle Crash,2,Clear,Dry,Daylight
2020-01-23T10:31:00.000,I 85,I 85 and Beaver Ruin Rd,,Rear End,2,Cloudy,Dry,Daylight
2020-05-14T09:28:00.000,I 85,I 85 and Beaver Ruin Rd,,Rear End,2,Cloudy,Dry,Daylight
2020-01-16T18:55:00.000,I 85,I 85 and Beaver Ruin Rd,,Sideswipe-Same Direction,2,Clear,Dry,Dark-Lighted
2020-07-31T09:20:00.000,I 85,I 85 and Beaver Ruin Rd,,Rear End,3,Clear,Dry,Daylight
2020-11-09T14:33:00.000,I 85,I 85 and Beaver Ruin Rd,,Rear End,2,Cloudy,Dry,Daylight
2020-01-21T02:20:00.000,I 85,I 85 and Beaver Ruin Rd,,Rear End,3,Clear,Dry,Dark-Lighted
2020-08-25T12:45:00.000,I 85,I 85 and Beaver Ruin Rd,,Sideswipe-Same Direction,2,Rain,Wet,Daylight
2020-12-21T18:07:00.000,I 85,I 85 and Beaver Ruin Rd,,Rear End,2,Clear,Dry,Dark-Lighted
2020-11-30T12:00:00.000,I 85,I 85 and Beaver Ruin Rd,,Rear End,2,Clear,Dry,Daylight
2020-08-17T19:50:00.000,I 85,I 85 and Beaver Ruin Rd,,Sideswipe-Same Direction,2,Clear,Dry,Dark-Lighted
2020-08-31T17:10:00.000,I 85,I 85 and Beaver Ruin Rd,,Rear End,2,Clear,Dry,Daylight
2020-08-25T20:40:00.000,I 85,I 85 and Beaver Ruin Rd,,Head On,2,Cloudy,Wet,Dark-Not Lighted
2020-10-26T08:05:00.000,I 85,I 85 and Beaver Ruin Rd,,Not a Collision with Motor Vehicle,2,Cloudy,Dry,Daylight
2020-04-16T19:48:00.000,I 85,I 85 and Beaver Ruin Rd,,Rear End,2,Clear,Dry,Daylight
2020-11-13T09:00:00.000,I 85,I 85 and Beaver Ruin Rd,,Rear End,3,Clear,Dry,Daylight
2020-07-16T12:05:00.000,I 85,I 85 and Beaver Ruin Rd,,Not a Collision with Motor Vehicle,1,Cloudy,Dry,Daylight
2020-12-05T19:35:00.000,I 85,I 85 and Beaver Ruin Rd,,Rear End,2,Clear,Dry,Dark-Lighted
2020-09-05T15:57:00.000,I 85,I 85 and Beaver Ruin Rd,,Sideswipe-Same Direction,3,Clear,Dry,Daylight
2020-09-29T07:15:00.000,I 85,I 85 and Beaver Ruin Rd,,Sideswipe-Same Direction,2,Cloudy,Dry,Daylight
2020-03-09T15:14:00.000,I 85,I 85 and Beaver Ruin Rd,,Rear End,2,Cloudy,Dry,Daylight
2020-08-29T12:31:00.000,I 85,I 85 and Beaver Ruin Rd,,Rear End,3,Clear,Dry,Daylight
2020-02-13T12:00:00.000,I 85,I 85 and Beaver Ruin Rd,,Rear End,2,Cloudy,Wet,Daylight
2020-03-25T00:30:00.000,I 85,I 85 and Beaver Ruin Rd,,Sideswipe-Same Direction,3,Rain,Wet,Dark-Not Lighted
2020-07-29T23:47:00.000,I 85,I 85 and Beaver Ruin Rd,,Rear End,2,Clear,Dry,Daylight
2020-05-11T17:20:00.000,I 85,I 85 and Beaver Ruin Rd,,Rear End,2,Clear,Dry,Daylight
2020-07-01T14:28:00.000,I 85,I 85 and Beaver Ruin Rd,,Sideswipe-Same Direction,2,Cloudy,Dry,Daylight
2020-08-21T05:50:00.000,I 85,I 85 and Beaver Ruin Rd,,Sideswipe-Same Direction,2,Rain,Wet,Dark-Not Lighted
2020-03-06T09:23:00.000,I 85,I 85 and Beaver Ruin Rd,,Sideswipe-Same Direction,2,Clear,Dry,Daylight
2020-08-30T20:50:00.000,I 85,I 85 and Beaver Ruin Rd,,Rear End,2,Rain,Water (standing or moving),Dark-Lighted
2020-07-08T12:14:00.000,I 85,I 85 and Beaver Ruin Rd,,Sideswipe-Same Direction,2,Cloudy,Dry,Daylight
2020-09-25T09:53:00.000,I 85,I 85 and Beaver Ruin Rd,,Rear End,2,Rain,Wet,Daylight
2020-10-23T14:07:00.000,I 85,I 85 and Beaver Ruin Rd,,Rear End,2,Cloudy,Dry,Daylight
2020-02-03T00:18:00.000,I 85,I 85 and Beaver Ruin Rd,,Rear End,2,Clear,Dry,Daylight
2020-11-25T07:40:00.000,I 85,I 85 and Beaver Ruin Rd,,Rear End,2,Clear,Dry,Daylight
2020-01-28T01:15:00.000,I 85,I 85 and Beaver Ruin Rd,,Not a Collision with Motor Vehicle,2,Clear,Dry,Dark-Lighted
2020-11-24T07:46:00.000,I 85,I 85 and Beaver Ruin Rd,,Rear End,3,Clear,Dry,Daylight
2020-09-27T10:36:00.000,I 85,I 85 and Beaver Ruin Rd,,Sideswipe-Same Direction,2,Clear,Dry,Daylight
2020-11-21T11:15:00.000,I 85,I 85 and Beaver Ruin Rd,,Rear End,2,Clear,Dry,Daylight
2020-03-04T23:38:00.000,I 85,I 85 and Beaver Ruin Rd,,Not a Collision with Motor Vehicle,1,Rain,Wet,Dark-Lighted
2020-03-02T11:15:00.000,I 85,I 85 and Beaver Ruin Rd,,Sideswipe-Same Direction,2,Rain,Wet,Daylight
2020-02-04T09:02:00.000,I 85,I 85 and Beaver Ruin Rd,,Rear End,2,Cloudy,Dry,Daylight
2020-02-29T13:25:00.000,I 85,I 85 and Beaver Ruin Rd,,Rear End,3,Clear,Dry,Daylight
2020-01-09T19:10:00.000,I 85,I 85 and Beaver Ruin Rd,,Rear End,2,Cloudy,Dry,Dark-Not Lighted
2020-02-20T03:31:00.000,I 85,I 85 and Beaver Ruin Rd,,Sideswipe-Same Direction,2,Rain,Wet,Dark-Lighted
2020-10-26T14:03:00.000,I 85,I 85 and Beaver Ruin Rd,,Not a Collision with Motor Vehicle,2,Clear,Dry,Daylight
2020-11-18T05:50:00.000,I 85,I 85 and Beaver Ruin Rd,,Sideswipe-Same Direction,2,Cloudy,Dry,Dawn
2020-01-17T16:00:00.000,I 85,I 85 and Beaver Ruin Rd,,Not a Collision with Motor Vehicle,2,Clear,Dry,Daylight
2020-11-11T22:42:00.000,I 85,I 85 and Beaver Ruin Rd,,Rear End,3,Rain,Wet,Dark-Lighted
2020-10-05T06:39:00.000,I 85,I 85 and Beaver Ruin Rd,,Rear End,2,Clear,Dry,Dark-Not Lighted
2020-10-21T06:11:00.000,I 85,I 85 and Beaver Ruin Rd,,Sideswipe-Same Direction,2,Clear,Dry,Dark-Lighted
2020-02-08T10:02:00.000,I 85,I 85 and Beaver Ruin Rd,,Rear End,2,Snow,Snow,Daylight
2020-07-16T07:55:00.000,I 85,I 85 and Beaver Ruin Rd,,Not a Collision with Motor Vehicle,2,Clear,Dry,Daylight
2020-06-25T09:08:00.000,I 85,I 85 and Beaver Ruin Rd,,Rear End,4,Cloudy,Dry,Daylight
2020-04-12T03:30:00.000,I 85,I 85 and Beaver Ruin Rd,,Not a Collision with Motor Vehicle,1,Clear,Dry,Dark-Lighted
2020-06-23T01:55:00.000,I 85,I 85 and Beaver Ruin Rd,,Rear End,3,Clear,Dry,Dark-Lighted
2020-12-19T20:05:00.000,I 85,I 85 and Beaver Ruin Rd,,Angle Crash,2,Clear,Dry,Dark-Lighted
2020-10-22T16:36:00.000,I 85,I 85 and Beaver Ruin Rd,,Rear End,3,Clear,Dry,Daylight
2020-07-29T15:46:00.000,I 85,I 85 and Beaver Ruin Rd,,Rear End,2,Clear,Dry,Daylight
2020-08-05T19:30:00.000,I 85,I 85 and Beaver Ruin Rd,,Angle Crash,2,Clear,Dry,Daylight
2020-08-29T05:19:00.000,I 85,I 85 and Beaver Ruin Rd,,Sideswipe-Same Direction,2,Cloudy,Dry,Dark-Lighted
2020-01-10T13:30:00.000,I 85,I 85 and Beaver Ruin Rd,,Rear End,3,Cloudy,Dry,Daylight
2020-05-14T09:15:00.000,I 85,I 85 and Beaver Ruin Rd,,Not a Collision with Motor Vehicle,1,Cloudy,Dry,Daylight
2020-04-07T12:15:00.000,I 85,I 85 and Beaver Ruin Rd,,Not a Collision with Motor Vehicle,1,Cloudy,Dry,Daylight
2020-10-07T17:39:00.000,I 85,I 85 and Beaver Ruin Rd,,Rear End,3,Clear,Dry,Daylight
2020-07-07T16:46:00.000,I 85,I 85 and Beaver Ruin Rd,,Sideswipe-Same Direction,2,Clear,Dry,Daylight
2020-07-14T07:51:00.000,I 85,I 85 and Beaver Ruin Rd,,Rear End,4,Clear,Dry,Daylight
2020-07-08T11:34:00.000,I 85,I 85 and Beaver Ruin Rd,,Sideswipe-Same Direction,2,Cloudy,Dry,Daylight
2020-12-19T19:16:00.000,I 85,I 85 and Beaver Ruin Rd,,Rear End,3,Clear,Dry,Dark-Lighted
2020-09-04T23:26:00.000,I 85,I 85 and Beaver Ruin Rd,,Angle Crash,2,Clear,Dry,Dark-Lighted
2021-05-17T07:35:00.000,I 85,I 85 and Beaver Ruin Rd,,Sideswipe-Same Direction,2,Clear,Dry,Daylight
2021-06-10T13:05:00.000,I 85,I 85 and Beaver Ruin Rd,,Rear End,2,Clear,Dry,Daylight
2021-06-02T14:39:00.000,I 85,I 85 and Beaver Ruin Rd,,Sideswipe-Same Direction,2,Cloudy,Dry,Daylight
2021-05-09T21:56:00.000,I 85,I 85 and Beaver Ruin Rd,,Sideswipe-Same Direction,2,Clear,Dry,Dark-Lighted
2021-04-25T07:25:00.000,I 85,I 85 and Beaver Ruin Rd,,Sideswipe-Same Direction,2,Clear,Wet,Daylight
2021-03-31T10:00:00.000,I 85,I 85 and Beaver Ruin Rd,,Rear End,2,Cloudy,Wet,Daylight
2021-03-18T07:57:00.000,I 85,I 85 and Beaver Ruin Rd,,Sideswipe-Same Direction,2,Rain,Wet,Daylight
2021-01-27T09:15:00.000,I 85,I 85 and Beaver Ruin Rd,,Rear End,2,Cloudy,Wet,Daylight
2021-06-17T10:00:00.000,I 85,I 85 and Beaver Ruin Rd,,Rear End,2,Clear,Dry,Daylight
2021-02-19T09:15:00.000,I 85,I 85 and Beaver Ruin Rd,,Rear End,2,Cloudy,Dry,Daylight
2021-05-27T18:25:00.000,I 85,I 85 and Beaver Ruin Rd,,Rear End,2,Cloudy,Dry,Daylight
2021-03-20T09:00:00.000,I 85,I 85 and Beaver Ruin Rd,,Sideswipe-Same Direction,2,Clear,Dry,Daylight
2021-02-19T10:39:00.000,I 85,I 85 and Beaver Ruin Rd,,Sideswipe-Same Direction,2,Cloudy,Dry,Daylight
2021-04-14T18:55:00.000,I 85,I 85 and Beaver Ruin Rd,,Angle Crash,2,Clear,Dry,Daylight
2021-02-27T03:30:00.000,I 85,I 85 and Beaver Ruin Rd,,Sideswipe-Same Direction,2,Clear,Dry,Dark-Not Lighted
2021-05-08T23:34:00.000,I 85,I 85 and Beaver Ruin Rd,,Rear End,2,Cloudy,Dry,Dark-Lighted
2021-02-12T09:45:00.000,I 85,I 85 and Beaver Ruin Rd,,Rear End,2,Clear,Wet,Daylight
2021-02-26T11:25:00.000,I 85,I 85 and Beaver Ruin Rd,,Rear End,2,Rain,Wet,Daylight
2021-02-06T14:40:00.000,I 85,I 85 and Beaver Ruin Rd,,Sideswipe-Same Direction,2,Cloudy,Dry,Daylight
2021-04-08T10:54:00.000,I 85,I 85 and Beaver Ruin Rd,,Rear End,3,Cloudy,Dry,Daylight
2021-03-08T07:55:00.000,I 85,I 85 and Beaver Ruin Rd,,Sideswipe-Same Direction,2,Clear,Dry,Daylight
2021-03-09T13:53:00.000,I 85,I 85 and Beaver Ruin Rd,,Sideswipe-Same Direction,2,Clear,Dry,Daylight
2021-06-22T09:00:00.000,I 85,I 85 and Beaver Ruin Rd,,Rear End,2,Rain,Wet,Daylight
2021-06-11T19:35:00.000,I 85,I 85 and Beaver Ruin Rd,,Sideswipe-Same Direction,3,Clear,Dry,Daylight
2021-01-09T18:47:00.000,I 85,I 85 and Beaver Ruin Rd,,Rear End,2,Clear,Dry,Dark-Not Lighted
2021-05-27T09:53:00.000,I 85,I 85 and Beaver Ruin Rd,,Rear End,4,Clear,Dry,Daylight
2021-05-03T10:49:00.000,I 85,I 85 and Beaver Ruin Rd,,Not a Collision with Motor Vehicle,1,Rain,Wet,Daylight
2021-03-03T06:40:00.000,I 85,I 85 and Beaver Ruin Rd,,Rear End,5,Cloudy,Wet,Dark-Lighted
2021-03-29T09:20:00.000,I 85,I 85 and Beaver Ruin Rd,,Rear End,2,Clear,Dry,Daylight
2021-02-28T19:29:00.000,I 85,I 85 and Beaver Ruin Rd,,Sideswipe-Same Direction,2,Clear,Dry,Dark-Lighted
2021-04-01T23:07:00.000,I 85,I 85 and Beaver Ruin Rd,,Sideswipe-Same Direction,3,Clear,Dry,Dark-Lighted
2021-03-17T11:02:00.000,I 85,I 85 and Beaver Ruin Rd,,Rear End,2,Cloudy,Wet,Daylight
2021-04-30T17:20:00.000,I 85,I 85 and Beaver Ruin Rd,,Rear End,2,Clear,Dry,Daylight
2021-04-11T21:28:00.000,I 85,I 85 and Beaver Ruin Rd,,Rear End,2,Clear,Dry,Dark-Not Lighted