Date and Time,Roadway (From Crash Report),Intersection Name (from Crash Report),KABCO Severity,Manner of Collision (Crash Level) ,# of Vehicles per crash ,Weather Conditions (Crash Level),Surface Condition (Crash Level) ,Light Conditions (Crash Level)
2021-04-16T12:19:00.000,I 85,I 85 and Beaver Ruin Rd,,Rear End,2,Clear,Dry,Daylight
2021-02-05T07:52:00.000,I 85,I 85 and Beaver Ruin Rd,,Rear End,2,Clear,Wet,Daylight
2021-01-29T06:20:00.000,I 85,I 85 and Beaver Ruin Rd,,Rear End,4,Clear,Dry,Dark-Lighted
2021-01-15T15:53:00.000,I 85,I 85 and Beaver Ruin Rd,,Rear End,2,Clear,Dry,Daylight
2021-01-06T14:42:00.000,I 85,I 85 and Beaver Ruin Rd,,Rear End,2,Clear,Dry,Daylight
2021-06-01T06:22:00.000,I 85,I 85 and Beaver Ruin Rd,,Rear End,2,Clear,Dry,Dark-Lighted
2021-05-27T13:00:00.000,I 85,I 85 and Beaver Ruin Rd,,Sideswipe-Same Direction,2,Clear,Dry,Daylight
2021-02-17T09:30:00.000,I 85,I 85 and Beaver Ruin Rd,,Sideswipe-Same Direction,2,Clear,Dry,Daylight
2021-11-01T16:19:00.000,I 85,I 85 and Beaver Ruin Rd,,Rear End,2,Clear,Dry,Daylight
2021-11-24T14:39:00.000,I 85,I 85 and Beaver Ruin Rd,,Rear End,2,Clear,Dry,Daylight
2021-09-18T20:20:00.000,I 85,I 85 and Beaver Ruin Rd,,Rear End,2,Cloudy,Wet,Dark-Lighted
2021-08-25T00:14:00.000,I 85,I 85 and Beaver Ruin Rd,,Not a Collision with Motor Vehicle,1,Clear,Dry,Dark-Not Lighted
2021-12-18T04:10:00.000,I 85,I 85 and Beaver Ruin Rd,,Rear End,2,Cloudy,Wet,Dark-Lighted
2021-09-26T14:48:00.000,I 85,I 85 and Beaver Ruin Rd,,Rear End,2,Clear,Dry,Daylight
2021-07-20T10:55:00.000,I 85,I 85 and Beaver Ruin Rd,,Sideswipe-Same Direction,2,Cloudy,Wet,Daylight
2021-08-20T15:51:00.000,I 85,I 85 and Beaver Ruin Rd,,Rear End,2,Clear,Dry,Daylight
2021-10-01T01:25:00.000,I 85,I 85 and Beaver Ruin Rd,,Sideswipe-Same Direction,2,Clear,Dry,Dark-Lighted
2021-08-23T08:30:00.000,I 85,I 85 and Beaver Ruin Rd,,Rear End,2,Clear,Dry,Daylight
2021-07-23T06:25:00.000,I 85,I 85 and Beaver Ruin Rd,,Rear End,2,Clear,Dry,Dawn
2021-11-11T06:37:00.000,I 85,I 85 and Beaver Ruin Rd,,Rear End,4,Cloudy,Dry,Daylight
2021-09-26T18:25:00.000,I 85,I 85 and Beaver Ruin Rd,,Rear End,2,Clear,Dry,Dark-Lighted
2021-09-17T10:30:00.000,I 85,I 85 and Beaver Ruin Rd,,Rear End,2,Cloudy,Wet,Daylight
2021-09-17T10:25:00.000,I 85,I 85 and Beaver Ruin Rd,,Rear End,2,Cloudy,Dry,Daylight
2021-12-10T09:39:00.000,I 85,I 85 and Beaver Ruin Rd,,Rear End,2,Rain,Wet,Daylight
2021-12-11T10:39:00.000,I 85,I 85 and Beaver Ruin Rd,,Angle Crash,2,Cloudy,Wet,Daylight
2021-07-08T12:15:00.000,I 85,I 85 and Beaver Ruin Rd,,Rear End,2,Cloudy,Dry,Daylight
2021-12-25T16:35:00.000,I 85,I 85 and Beaver Ruin Rd,,Sideswipe-Opposite Direction,2,Clear,Dry,Daylight
2021-09-24T13:15:00.000,I 85,I 85 and Beaver Ruin Rd,,Rear End,2,Clear,Dry,Daylight
2021-07-19T15:41:00.000,I 85,I 85 and Beaver Ruin Rd,,Rear End,2,Cloudy,Dry,Daylight
2021-07-22T15:45:00.000,I 85,I 85 and Beaver Ruin Rd,,Sideswipe-Same Direction,2,Clear,Dry,Daylight
2021-10-30T21:10:00.000,I 85,I 85 and Beaver Ruin Rd,,Rear End,2,Cloudy,Wet,Dark-Not Lighted
2021-12-12T18:39:00.000,I 85,I 85 and Beaver Ruin Rd,,Rear End,2,Clear,Dry,Dark-Lighted
2021-07-23T12:15:00.000,I 85,I 85 and Beaver Ruin Rd,,Sideswipe-Same Direction,2,Clear,Dry,Daylight
2021-08-01T14:54:00.000,I 85,I 85 and Beaver Ruin Rd,,Rear End,2,Cloudy,Dry,Daylight
2021-07-09T13:44:00.000,I 85,I 85 and Beaver Ruin Rd,,Sideswipe-Same Direction,2,Cloudy,Dry,Daylight
2021-09-30T10:30:00.000,I 85,I 85 and Beaver Ruin Rd,,Sideswipe-Same Direction,2,Cloudy,Dry,Daylight
2021-10-26T21:34:00.000,I 85,I 85 and Beaver Ruin Rd,,Angle Crash,2,Clear,Dry,Dark-Lighted
2021-11-01T16:14:00.000,I 85,I 85 and Beaver Ruin Rd,,Sideswipe-Same Direction,2,Clear,Dry,Daylight
2021-08-27T16:10:00.000,I 85,I 85 and Beaver Ruin Rd,,Rear End,2,Clear,Dry,Daylight
2021-09-11T14:43:00.000,I 85,I 85 and Beaver Ruin Rd,,Rear End,2,Cloudy,Dry,Daylight
2021-11-30T07:03:00.000,I 85,I 85 and Beaver Ruin Rd,,Rear End,2,Clear,Dry,Daylight
2021-07-09T10:25:00.000,I 85,I 85 and Beaver Ruin Rd,,Sideswipe-Same Direction,2,Cloudy,Dry,Daylight
2021-12-22T11:36:00.000,I 85,I 85 and Beaver Ruin Rd,,Rear End,2,Cloudy,Dry,Daylight
2021-10-12T06:48:00.000,I 85,I 85 and Beaver Ruin Rd,,Rear End,3,Clear,Dry,Dawn
2021-08-09T19:21:00.000,I 85,I 85 and Beaver Ruin Rd,,Sideswipe-Same Direction,2,Cloudy,Dry,Daylight
2021-07-19T22:15:00.000,I 85,I 85 and Beaver Ruin Rd,,Sideswipe-Same Direction,2,Rain,Wet,Dark-Not Lighted
2021-11-20T19:20:00.000,I 85,I 85 and Beaver Ruin Rd,,Sideswipe-Same Direction,2,Clear,Dry,Dark-Lighted
2021-12-01T09:10:00.000,I 85,I 85 and Beaver Ruin Rd,,(None),3,(None),(None),(None)
2022-10-28T07:17:00.000,I 85,I 85 and Beaver Ruin Rd,,Rear End,2,Clear,Dry,Dark-Lighted
2022-02-13T20:30:00.000,I 85,I 85 and Beaver Ruin Rd,,Rear End,2,Clear,Dry,Dark-Lighted
2022-05-22T13:44:00.000,I 85,I 85 and Beaver Ruin Rd,,Rear End,2,Clear,Dry,Daylight
2022-07-13T06:40:00.000,I 85,I 85 and Beaver Ruin Rd,,Rear End,2,Cloudy,Dry,Daylight
2022-08-06T22:00:00.000,I 85,I 85 and Beaver Ruin Rd,,Sideswipe-Same Direction,2,Rain,Wet,Dark-Not Lighted
2022-08-17T12:45:00.000,I 85,I 85 and Beaver Ruin Rd,,Sideswipe-Same Direction,2,Cloudy,Dry,Daylight
2022-07-18T05:29:00.000,I 85,I 85 and Beaver Ruin Rd,,Not a Collision with Motor Vehicle,1,Clear,Dry,Dawn
2022-12-29T12:45:00.000,I 85,I 85 and Beaver Ruin Rd,,Rear End,2,Clear,Dry,Daylight
2022-11-08T06:20:00.000,I 85,I 85 and Beaver Ruin Rd,,Rear End,2,Cloudy,Dry,Dark-Lighted
2022-10-06T21:40:00.000,I 85,I 85 and Beaver Ruin Rd,,Sideswipe-Same Direction,3,Clear,Dry,Dark-Not Lighted
2022-02-11T22:35:00.000,I 85,I 85 and Beaver Ruin Rd,,Angle Crash,2,Clear,Dry,Dark-Not Lighted
2022-11-23T13:46:00.000,I 85,I 85 and Beaver Ruin Rd,,Rear End,2,Clear,Dry,Daylight
2022-07-16T13:59:00.000,I 85,I 85 and Beaver Ruin Rd,,Rear End,3,Cloudy,Dry,Daylight
2022-07-12T10:30:00.000,I 85,I 85 and Beaver Ruin Rd,,Rear End,4,Cloudy,Dry,Daylight
2022-11-29T19:15:00.000,I 85,I 85 and Beaver Ruin Rd,,Rear End,2,Cloudy,Wet,Dark-Lighted
2022-03-31T14:15:00.000,I 85,I 85 and Beaver Ruin Rd,,Rear End,3,Clear,Dry,Daylight
2022-02-03T23:04:00.000,I 85,I 85 and Beaver Ruin Rd,,Not a Collision with Motor Vehicle,1,Rain,Wet,Dark-Lighted
2022-12-09T17:41:00.000,I 85,I 85 and Beaver Ruin Rd,,Rear End,2,Rain,Wet,Dark-Lighted
2022-11-08T06:20:00.000,I 85,I 85 and Beaver Ruin Rd,,Rear End,2,Cloudy,Dry,Dark-Lighted
2021-11-23T18:01:00.000,I 85,I 85 and Beaver Ruin Rd,,Sideswipe-Same Direction,2,Clear,Dry,Dark-Lighted
2021-11-24T15:47:00.000,I 85,I 85 and Beaver Ruin Rd,,Rear End,2,Clear,Dry,Daylight
2021-08-28T20:50:00.000,I 85,I 85 and Beaver Ruin Rd,,Rear End,2,Clear,Dry,Dark-Lighted
2021-08-29T22:18:00.000,I 85,I 85 and Beaver Ruin Rd,,Rear End,2,Clear,Dry,Dark-Not Lighted
2021-07-14T17:56:00.000,I 85,I 85 and Beaver Ruin Rd,,Rear End,2,Cloudy,Dry,Daylight
2021-08-13T08:10:00.000,I 85,I 85 and Beaver Ruin Rd,,Sideswipe-Same Direction,2,Clear,Dry,Daylight
2021-12-16T06:55:00.000,I 85,I 85 and Beaver Ruin Rd,,Rear End,2,Cloudy,Dry,Dark-Lighted
2021-08-18T10:30:00.000,I 85,I 85 and Beaver Ruin Rd,,Rear End,2,Clear,Dry,Daylight
2021-07-23T08:55:00.000,I 85,I 85 and Beaver Ruin Rd,,Rear End,2,Cloudy,Dry,Daylight
2021-07-02T16:39:00.000,I 85,I 85 and Beaver Ruin Rd,,Sideswipe-Same Direction,2,Cloudy,Dry,Daylight
2021-09-13T17:29:00.000,I 85,I 85 and Beaver Ruin Rd,,Rear End,3,Clear,Dry,Daylight
2021-11-23T14:00:00.000,I 85,I 85 and Beaver Ruin Rd,,Sideswipe-Same Direction,2,Clear,Dry,Daylight
2021-07-28T18:00:00.000,I 85,I 85 and Beaver Ruin Rd,,Rear End,2,Clear,Dry,Daylight
2021-07-17T15:57:00.000,I 85,I 85 and Beaver Ruin Rd,,Rear End,2,Clear,Dry,Daylight
2021-07-29T12:34:00.000,I 85,I 85 and Beaver Ruin Rd,,Rear End,2,Clear,Dry,Daylight
2022-09-25T11:15:00.000,I 85,I 85 and Beaver Ruin Rd,,Not a Collision with Motor Vehicle,1,Cloudy,Dry,Daylight
2022-04-25T07:39:00.000,I 85,I 85 and Beaver Ruin Rd,,Rear End,2,Clear,Dry,Daylight
2022-10-08T09:08:00.000,I 85,I 85 and Beaver Ruin Rd,,Sideswipe-Same Direction,2,Clear,Dry,Daylight
2022-07-21T14:30:00.000,I 85,I 85 and Beaver Ruin Rd,,Rear End,2,Cloudy,Dry,Daylight
2022-02-03T06:00:00.000,I 85,I 85 and Beaver Ruin Rd,,Sideswipe-Same Direction,2,Rain,Wet,Dark-Not Lighted
2022-07-07T11:30:00.000,I 85,I 85 and Beaver Ruin Rd,,Sideswipe-Same Direction,2,Clear,Dry,Daylight
2022-08-11T17:23:00.000,I 85,I 85 and Beaver Ruin Rd,,Sideswipe-Same Direction,2,Clear,Dry,Daylight
2022-01-14T07:15:00.000,I 85,I 85 and Beaver Ruin Rd,,Rear End,2,Clear,Dry,Daylight
2022-11-22T18:25:00.000,I 85,I 85 and Beaver Ruin Rd,,Rear End,3,Cloudy,Dry,Dark-Lighted
2022-06-18T12:50:00.000,I 85,I 85 and Beaver Ruin Rd,,Rear End,2,Clear,Dry,Daylight
2022-08-07T14:33:00.000,I 85,I 85 and Beaver Ruin Rd,,Rear End,2,Clear,Dry,Daylight
2022-10-05T08:24:00.000,I 85,I 85 and Beaver Ruin Rd,,Rear End,2,Clear,Dry,Daylight
2022-04-04T08:25:00.000,I 85,I 85 and Beaver Ruin Rd,,Sideswipe-Same Direction,2,Clear,Dry,Daylight
2022-02-11T18:36:00.000,I 85,I 85 and Beaver Ruin Rd,,Rear End,2,Clear,Dry,Dark-Lighted
2022-08-12T15:00:00.000,I 85,I 85 and Beaver Ruin Rd,,Rear End,4,Clear,Dry,Daylight
2022-11-07T14:17:00.000,I 85,I 85 and Beaver Ruin Rd,,Sideswipe-Same Direction,2,Cloudy,Dry,Daylight
2022-08-29T13:00:00.000,I 85,I 85 and Beaver Ruin Rd,,Sideswipe-Same Direction,2,Cloudy,Dry,Daylight
2022-01-25T23:16:00.000,I 85,I 85 and Beaver Ruin Rd,,Angle Crash,2,Clear,Dry,Dark-Lighted
2022-04-15T13:50:00.000,I 85,I 85 and Beaver Ruin Rd,,Rear End,2,Cloudy,Dry,Daylight
2022-08-10T07:07:00.000,I 85,I 85 and Beaver Ruin Rd,,Rear End,2,Clear,Dry,Daylight
2022-01-28T06:46:00.000,I 85,I 85 and Beaver Ruin Rd,,Rear End,2,Cloudy,Dry,Dark-Lighted
2022-02-19T03:29:00.000,I 85,I 85 and Beaver Ruin Rd,,Head On,2,Clear,Dry,Dark-Lighted
2022-04-26T10:25:00.000,I 85,I 85 and Beaver Ruin Rd,,Sideswipe-Same Direction,2,Cloudy,Dry,Daylight
2022-06-07T14:55:00.000,I 85,I 85 and Beaver Ruin Rd,,Sideswipe-Same Direction,2,Cloudy,Dry,Daylight
2022-09-26T17:00:00.000,I 85,I 85 and Beaver Ruin Rd,,Rear End,2,Cloudy,Dry,Daylight
2022-02-02T08:40:00.000,I 85,I 85 and Beaver Ruin Rd,,Rear End,2,Cloudy,Dry,Daylight
2022-05-22T11:39:00.000,I 85,I 85 and Beaver Ruin Rd,,Angle Crash,2,Cloudy,Dry,Daylight
2022-02-18T11:30:00.000,I 85,I 85 and Beaver Ruin Rd,,Rear End,2,Clear,Dry,Daylight
2022-03-23T07:49:00.000,I 85,I 85 and Beaver Ruin Rd,,Rear End,2,Rain,Wet,Dawn
2022-01-11T10:40:00.000,I 85,I 85 and Beaver Ruin Rd,,Sideswipe-Same Direction,2,Clear,Dry,Daylight
2022-10-01T17:44:00.000,I 85,I 85 and Beaver Ruin Rd,,Rear End,2,Cloudy,Dry,Daylight
2022-11-23T19:01:00.000,I 85,I 85 and Beaver Ruin Rd,,Rear End,2,Clear,Dry,Dark-Lighted
2022-10-16T11:34:00.000,I 85,I 85 and Beaver Ruin Rd,,Rear End,2,Clear,Dry,Daylight
2022-04-08T14:02:00.000,I 85,I 85 and Beaver Ruin Rd,,Rear End,3,Cloudy,Dry,Daylight
2022-08-10T13:00:00.000,I 85,I 85 and Beaver Ruin Rd,,Rear End,2,Cloudy,Dry,Daylight
2022-08-11T00:12:00.000,I 85,I 85 and Beaver Ruin Rd,,Sideswipe-Same Direction,2,Rain,Wet,Dark-Lighted
2022-03-18T00:20:00.000,I 85,I 85 and Beaver Ruin Rd,,Rear End,2,Clear,Dry,Dark-Lighted
2022-07-25T14:55:00.000,I 85,I 85 and Beaver Ruin Rd,,Rear End,2,Clear,Dry,Daylight
2022-03-22T06:50:00.000,I 85,I 85 and Beaver Ruin Rd,,Sideswipe-Same Direction,2,Clear,Dry,Daylight
2022-11-15T23:03:00.000,I 85,I 85 and Beaver Ruin Rd,,Not a Collision with Motor Vehicle,1,Cloudy,Wet,Dark-Lighted
2022-10-21T12:40:00.000,I 85,I 85 and Beaver Ruin Rd,,Sideswipe-Same Direction,2,Cloudy,Dry,Daylight
2022-08-11T17:30:00.000,I 85,I 85 and Beaver Ruin Rd,,Rear End,5,Clear,Dry,Daylight
2022-08-15T14:30:00.000,I 85,I 85 and Beaver Ruin Rd,,Rear End,2,Clear,Dry,Daylight
2022-03-17T10:50:00.000,I 85,I 85 and Beaver Ruin Rd,,Rear End,3,Clear,Dry,Daylight
2022-11-14T06:17:00.000,I 85,I 85 and Beaver Ruin Rd,,Rear End,2,Clear,Dry,Dark-Not Lighted
2022-07-23T09:11:00.000,I 85,I 85 and Beaver Ruin Rd,,Angle Crash,2,Clear,Dry,Daylight
2022-04-25T15:10:00.000,I 85,I 85 and Beaver Ruin Rd,,Rear End,2,Clear,Dry,Daylight
2022-09-12T17:44:00.000,I 85,I 85 and Beaver Ruin Rd,,Rear End,3,Clear,Dry,Daylight
2022-02-18T16:12:00.000,I 85,I 85 and Beaver Ruin Rd,,Rear End,2,Clear,Dry,Daylight
2022-02-26T12:55:00.000,I 85,I 85 and Beaver Ruin Rd,,Rear End,4,Clear,Dry,Daylight
2022-11-28T07:55:00.000,I 85,I 85 and Beaver Ruin Rd,,Rear End,2,Clear,Dry,Daylight
2022-10-05T02:11:00.000,I 85,I 85 and Beaver Ruin Rd,,Sideswipe-Same Direction,2,Clear,Dry,Dark-Lighted
2022-02-11T16:02:00.000,I 85,I 85 and Beaver Ruin Rd,,Sideswipe-Same Direction,2,Clear,Dry,Daylight
2022-11-22T18:30:00.000,I 85,I 85 and Beaver Ruin Rd,,Rear End,2,Cloudy,Dry,Dark-Lighted
2022-09-14T21:00:00.000,I 85,I 85 and Beaver Ruin Rd,,Sideswipe-Same Direction,2,Clear,Dry,Dark-Lighted
2022-08-25T06:15:00.000,I 85,I 85 and Beaver Ruin Rd,,Angle Crash,3,Rain,Wet,Daylight
2022-12-12T06:26:00.000,I 85,I 85 and Beaver Ruin Rd,,Rear End,2,Cloudy,Dry,Dark-Lighted
2022-09-12T17:05:00.000,I 85,I 85 and Beaver Ruin Rd,,Sideswipe-Same Direction,2,Clear,Dry,Daylight
2022-10-22T02:49:00.000,I 85,I 85 and Beaver Ruin Rd,,Sideswipe-Opposite Direction,3,Clear,Dry,Dark-Lighted
2022-04-26T22:20:00.000,I 85,I 85 and Beaver Ruin Rd,,Sideswipe-Same Direction,2,Clear,Dry,Dark-Lighted
2022-09-03T11:41:00.000,I 85,I 85 and Beaver Ruin Rd,,Rear End,2,Clear,Dry,Daylight
2022-02-01T07:05:00.000,I 85,I 85 and Beaver Ruin Rd,,Rear End,2,Clear,Dry,Dawn
2022-05-22T13:39:00.000,I 85,I 85 and Beaver Ruin Rd,,Rear End,2,Cloudy,Dry,Daylight
2022-09-17T09:45:00.000,I 85,I 85 and Beaver Ruin Rd,,Rear End,2,Clear,Dry,Daylight
2022-03-23T23:10:00.000,I 85,I 85 and Beaver Ruin Rd,,Rear End,1,Cloudy,Dry,Dark-Lighted
2022-06-14T13:20:00.000,I 85,I 85 and Beaver Ruin Rd,,Sideswipe-Same Direction,2,Clear,Dry,Daylight
2022-03-05T14:15:00.000,I 85,I 85 and Beaver Ruin Rd,,Rear End,2,Clear,Dry,Daylight
2022-10-30T03:50:00.000,I 85,I 85 and Beaver Ruin Rd,,Angle Crash,1,Clear,Dry,Dark-Not Lighted
2022-07-15T18:24:00.000,I 85,I 85 and Beaver Ruin Rd,,Sideswipe-Same Direction,2,Clear,Dry,Daylight
2022-06-04T00:58:00.000,I 85,I 85 and Beaver Ruin Rd,,Angle Crash,2,Cloudy,Dry,Dark-Lighted
2021-07-02T16:00:00.000,I 85,I 85 and Beaver Ruin Rd,,Rear End,2,Cloudy,Dry,Daylight
2021-07-24T12:19:00.000,I 85,I 85 and Beaver Ruin Rd,,Rear End,6,Clear,Dry,Daylight
2021-09-22T12:47:00.000,I 85,I 85 and Beaver Ruin Rd,,Sideswipe-Same Direction,3,Clear,Dry,Daylight
2021-09-10T10:48:00.000,I 85,I 85 and Beaver Ruin Rd,,Rear End,2,Clear,Dry,Daylight
2021-12-10T12:28:00.000,I 85,I 85 and Beaver Ruin Rd,,Rear End,3,Cloudy,Dry,Daylight
2021-08-19T09:10:00.000,I 85,I 85 and Beaver Ruin Rd,,Rear End,2,Clear,Dry,Daylight
2021-10-22T12:36:00.000,I 85,I 85 and Beaver Ruin Rd,,Sideswipe-Same Direction,2,Clear,Dry,Daylight
2021-08-04T14:25:00.000,I 85,I 85 and Beaver Ruin Rd,,Rear End,2,Cloudy,Dry,Daylight
2021-08-06T07:00:00.000,I 85,I 85 and Beaver Ruin Rd,,Sideswipe-Same Direction,2,Clear,Dry,Daylight
2021-12-13T18:00:00.000,I 85,I 85 and Beaver Ruin Rd,,Rear End,3,Clear,Dry,Dark-Lighted
2021-07-23T11:33:00.000,I 85,I 85 and Beaver Ruin Rd,,Rear End,2,Clear,Dry,Daylight
2022-11-15T18:00:00.000,I 85,I 85 and Beaver Ruin Rd,,Sideswipe-Same Direction,2,Rain,Wet,Dark-Lighted
2022-02-05T17:32:00.000,I 85,I 85 and Beaver Ruin Rd,,Rear End,3,Clear,Dry,Daylight
2022-01-03T17:13:00.000,I 85,I 85 and Beaver Ruin Rd,,Angle Crash,2,Clear,Dry,Daylight
2022-05-13T12:15:00.000,I 85,I 85 and Beaver Ruin Rd,,Not a Collision with Motor Vehicle,1,Cloudy,Dry,Daylight
2022-03-13T15:10:00.000,I 85,I 85 and Beaver Ruin Rd,,Rear End,3,Cloudy,Dry,Daylight
2022-08-10T11:23:00.000,I 85,I 85 and Beaver Ruin Rd,,Rear End,2,Clear,Dry,Dark-Lighted
2022-09-28T17:25:00.000,I 85,I 85 and Beaver Ruin Rd,,Sideswipe-Same Direction,2,Clear,Dry,Daylight
2022-11-21T16:02:00.000,I 85,I 85 and Beaver Ruin Rd,,Sideswipe-Same Direction,2,Clear,Dry,Daylight
2022-10-04T09:23:00.000,I 85,I 85 and Beaver Ruin Rd,,Rear End,3,Clear,Dry,Daylight
2022-01-12T18:10:00.000,I 85,I 85 and Beaver Ruin Rd,,Rear End,2,Cloudy,Dry,Dark-Lighted
2022-11-21T07:43:00.000,I 85,I 85 and Beaver Ruin Rd,,Rear End,2,Cloudy,Dry,Daylight
2022-01-31T18:28:00.000,I 85,I 85 and Beaver Ruin Rd,,Sideswipe-Same Direction,2,Cloudy,Dry,Dark-Lighted
2022-05-09T06:30:00.000,I 85,I 85 and Beaver Ruin Rd,,Rear End,2,Clear,Dry,Daylight
2022-04-22T06:47:00.000,I 85,I 85 and Beaver Ruin Rd,,Sideswipe-Same Direction,2,Clear,Dry,Daylight
2022-06-18T22:13:00.000,I 85,I 85 and Beaver Ruin Rd,,Rear End,2,Clear,Dry,Dark-Lighted
2022-05-27T15:20:00.000,I 85,I 85 and Beaver Ruin Rd,,Rear End,2,Cloudy,Dry,Daylight
2022-08-20T05:17:00.000,I 85,I 85 and Beaver Ruin Rd,,Not a Collision with Motor Vehicle,1,Clear,Dry,Dark-Lighted
2022-03-19T15:32:00.000,I 85,I 85 and Beaver Ruin Rd,,Angle Crash,2,Cloudy,Dry,Daylight
2022-05-15T14:48:00.000,I 85,I 85 and Beaver Ruin Rd,,Rear End,3,Clear,Dry,Daylight
2022-09-06T14:30:00.000,I 85,I 85 and Beaver Ruin Rd,,Rear End,2,Cloudy,Dry,Daylight
2022-09-02T10:36:00.000,I 85,I 85 and Beaver Ruin Rd,,Angle Crash,3,Cloudy,Dry,Daylight
2022-12-16T15:19:00.000,I 85,I 85 and Beaver Ruin Rd,,Rear End,3,Clear,Dry,Daylight
2022-02-26T19:46:00.000,I 85,I 85 and Beaver Ruin Rd,,Rear End,2,Clear,Dry,Dark-Lighted
2022-02-21T21:00:00.000,I 85,I 85 and Beaver Ruin Rd,,Angle Crash,2,Rain,Wet,Daylight
2022-08-15T14:30:00.000,I 85,I 85 and Beaver Ruin Rd,,Rear End,2,Clear,Dry,Daylight
2022-02-17T07:40:00.000,I 85,I 85 and Beaver Ruin Rd,,Sideswipe-Same Direction,2,Cloudy,Dry,Daylight
2022-09-13T07:09:00.000,I 85,I 85 and Beaver Ruin Rd,,Sideswipe-Same Direction,3,Clear,Dry,Daylight
2022-06-01T19:57:00.000,I 85,I 85 and Beaver Ruin Rd,,Rear End,2,Clear,Dry,Dark-Lighted
2022-07-12T17:25:00.000,I 85,I 85 and Beaver Ruin Rd,,Rear End,2,Cloudy,Dry,Daylight
2022-11-18T07:16:00.000,I 85,I 85 and Beaver Ruin Rd,,Rear End,3,Cloudy,Dry,Daylight
2022-03-10T16:10:00.000,I 85,I 85 and Beaver Ruin Rd,,Rear End,2,Clear,Dry,Daylight
2022-09-14T21:00:00.000,I 85,I 85 and Beaver Ruin Rd,,Rear End,3,Clear,Dry,Dark-Lighted
2022-06-08T09:41:00.000,I 85,I 85 and Beaver Ruin Rd,,Rear End,2,Cloudy,Dry,Daylight
2022-09-02T16:35:00.000,I 85,I 85 and Beaver Ruin Rd,,Rear End,2,Rain,Wet,Daylight
2022-12-24T04:16:00.000,I 85,I 85 and Beaver Ruin Rd,,Rear End,2,Clear,Dry,Dark-Lighted
2022-11-04T19:40:00.000,I 85,I 85 and Beaver Ruin Rd,,Rear End,2,Clear,Dry,Dark-Lighted
2022-06-29T06:28:00.000,I 85,I 85 and Beaver Ruin Rd,,Rear End,2,Cloudy,Dry,Dawn
2022-09-11T18:50:00.000,I 85,I 85 and Beaver Ruin Rd,,Angle Crash,2,Clear,Dry,Daylight
2022-06-14T16:10:00.000,I 85,I 85 and Beaver Ruin Rd,,Not a Collision with Motor Vehicle,2,Cloudy,Dry,Daylight
2022-09-13T15:44:00.000,I 85,I 85 and Beaver Ruin Rd,,Not a Collision with Motor Vehicle,1,Clear,Dry,Daylight
2022-07-12T15:21:00.000,I 85,I 85 and Beaver Ruin Rd,,Not a Collision with Motor Vehicle,2,Clear,Dry,Daylight
2022-06-08T19:49:00.000,I 85,I 85 and Beaver Ruin Rd,,Rear End,2,Cloudy,Dry,Dusk
2022-01-28T07:34:00.000,I 85,I 85 and Beaver Ruin Rd,,Rear End,2,Cloudy,Dry,Daylight
2022-10-07T12:40:00.000,I 85,I 85 and Beaver Ruin Rd,,Sideswipe-Same Direction,4,Clear,Dry,Daylight
2022-11-23T13:23:00.000,I 85,I 85 and Beaver Ruin Rd,,Rear End,5,Clear,Dry,Daylight
2022-11-28T10:44:00.000,I 85,I 85 and Beaver Ruin Rd,,Rear End,3,Clear,Dry,Daylight
2022-11-07T20:04:00.000,I 85,I 85 and Beaver Ruin Rd,,Rear End,2,Clear,Dry,Dark-Lighted
2022-04-13T08:20:00.000,I 85,I 85 and Beaver Ruin Rd,,Angle Crash,2,Clear,Dry,Daylight
2022-09-02T07:44:00.000,I 85,I 85 and Beaver Ruin Rd,,Rear End,2,Cloudy,Dry,Daylight
2022-05-03T08:15:00.000,I 85,I 85 and Beaver Ruin Rd,,Sideswipe-Same Direction,2,Clear,Dry,Daylight
2022-07-30T17:36:00.000,I 85,I 85 and Beaver Ruin Rd,,Rear End,3,Rain,Wet,Daylight
2022-04-22T11:32:00.000,I 85,I 85 and Beaver Ruin Rd,,Rear End,4,Clear,Dry,Daylight
2022-06-11T19:19:00.000,I 85,I 85 and Beaver Ruin Rd,,Not a Collision with Motor Vehicle,1,Clear,Dry,Daylight
2022-08-31T15:28:00.000,I 85,I 85 and Beaver Ruin Rd,,Angle Crash,2,Clear,Dry,Daylight
2022-04-01T17:00:00.000,I 85,I 85 and Beaver Ruin Rd,,Sideswipe-Same Direction,2,Cloudy,Dry,Daylight
2022-10-09T21:00:00.000,I 85,I 85 and Beaver Ruin Rd,,Sideswipe-Same Direction,2,Clear,Dry,Dark-Lighted
2022-12-27T15:55:00.000,I 85,I 85 and Beaver Ruin Rd,,Rear End,2,Clear,Dry,Daylight
2022-08-11T01:02:00.000,I 85,I 85 and Beaver Ruin Rd,,Sideswipe-Same Direction,2,Clear,Wet,Dark-Lighted
2022-12-30T17:19:00.000,I 85,I 85 and Beaver Ruin Rd,,Rear End,2,Cloudy,Dry,Daylight
2022-04-23T14:15:00.000,I 85,I 85 and Beaver Ruin Rd,,Rear End,3,Clear,Dry,Daylight
2022-03-22T05:20:00.000,I 85,I 85 and Beaver Ruin Rd,,Rear End,2,Clear,Dry,Dark-Lighted
2022-09-10T07:00:00.000,I 85,I 85 and Beaver Ruin Rd,,Not a Collision with Motor Vehicle,1,Rain,Wet,Daylight
2022-12-12T07:15:00.000,I 85,I 85 and Beaver Ruin Rd,,Sideswipe-Same Direction,3,Cloudy,Wet,Dawn
2022-08-05T12:59:00.000,I 85,I 85 and Beaver Ruin Rd,,Rear End,2,Cloudy,Dry,Daylight
2022-11-13T13:53:00.000,I 85,I 85 and Beaver Ruin Rd,,Rear End,2,Clear,Dry,Daylight
2022-11-14T16:40:00.000,I 85,I 85 and Beaver Ruin Rd,,Rear End,2,Cloudy,Dry,Daylight
2022-10-07T18:15:00.000,I 85,I 85 and Beaver Ruin Rd,,Rear End,2,Clear,Dry,Daylight
2022-06-17T12:43:00.000,I 85,I 85 and Beaver Ruin Rd,,Rear End,2,Clear,Dry,Daylight
2022-09-27T17:54:00.000,I 85,I 85 and Beaver Ruin Rd,,Sideswipe-Same Direction,2,Clear,Dry,Daylight
2022-09-05T03:44:00.000,I 85,I 85 and Beaver Ruin Rd,,Rear End,2,Cloudy,Wet,Dark-Lighted
2022-09-27T15:50:00.000,I 85,I 85 and Beaver Ruin Rd,,Rear End,2,Cloudy,Dry,Daylight
2022-11-18T17:40:00.000,I 85,I 85 and Beaver Ruin Rd,,Rear End,2,Clear,Dry,Dark-Lighted
2022-09-13T18:15:00.000,I 85,I 85 and Beaver Ruin Rd,,Rear End,2,Cloudy,Dry,Daylight