Date and Time,Roadway (From Crash Report),Intersection Name (from Crash Report),KABCO Severity,Manner of Collision (Crash Level) ,# of Vehicles per crash ,Weather Conditions (Crash Level),Surface Condition (Crash Level) ,Light Conditions (Crash Level)
2023-01-10T07:20:00.000,I 85,I 85 and Beaver Ruin Rd,,Rear End,3,Cloudy,Dry,Daylight
2023-04-28T09:01:00.000,I 85,I 85 and Beaver Ruin Rd,,Not a Collision with Motor Vehicle,2,Cloudy,Dry,Daylight
2023-09-19T07:25:00.000,I 85,I 85 and Beaver Ruin Rd,,Sideswipe-Same Direction,2,Cloudy,Dry,Daylight
2023-01-18T09:41:00.000,I 85,I 85 and Beaver Ruin Rd,,Angle Crash,2,Fog,Wet,Dark-Not Lighted
2023-06-09T13:00:00.000,I 85,I 85 and Beaver Ruin Rd,,Rear End,2,Clear,Dry,Daylight
2023-12-18T18:48:00.000,I 85,I 85 and Beaver Ruin Rd,,Rear End,2,Clear,Dry,Dark-Lighted
2023-06-09T07:00:00.000,I 85,I 85 and Beaver Ruin Rd,,Rear End,3,Clear,Dry,Daylight
2023-07-26T07:17:00.000,I 85,I 85 and Beaver Ruin Rd,,Rear End,2,Clear,Dry,Daylight
2023-09-16T13:42:00.000,I 85,I 85 and Beaver Ruin Rd,,Angle Crash,3,Rain,Wet,Daylight
2023-09-22T09:05:00.000,I 85,I 85 and Beaver Ruin Rd,,Rear End,2,Cloudy,Dry,Daylight
2023-10-24T13:58:00.000,I 85,I 85 and Beaver Ruin Rd,,Sideswipe-Same Direction,2,Clear,Dry,Daylight
2023-12-22T15:40:00.000,I 85,I 85 and Beaver Ruin Rd,,Rear End,3,Clear,Dry,Daylight
2023-05-14T18:40:00.000,I 85,I 85 and Beaver Ruin Rd,,Sideswipe-Same Direction,2,Cloudy,Dry,Daylight
2023-01-03T07:26:00.000,I 85,I 85 and Beaver Ruin Rd,,Rear End,3,Rain,Wet,Dawn
2023-10-24T15:15:00.000,I 85,I 85 and Beaver Ruin Rd,,Rear End,2,Clear,Dry,Daylight
2023-12-16T18:07:00.000,I 85,I 85 and Beaver Ruin Rd,,Rear End,3,Rain,Wet,Dark-Lighted
2023-04-28T19:30:00.000,I 85,I 85 and Beaver Ruin Rd,,Sideswipe-Same Direction,2,Clear,Dry,Daylight
2023-12-09T18:19:00.000,I 85,I 85 and Beaver Ruin Rd,,Rear End,2,Rain,Wet,Dark-Lighted
2023-06-05T16:15:00.000,I 85,I 85 and Beaver Ruin Rd,,Rear End,2,Clear,Dry,Daylight
2023-06-20T07:15:00.000,I 85,I 85 and Beaver Ruin Rd,,Rear End,3,Cloudy,Dry,Daylight
2023-03-28T20:43:00.000,I 85,I 85 and Beaver Ruin Rd,,Rear End,2,Cloudy,Dry,Dark-Lighted
2023-09-07T21:51:00.000,I 85,I 85 and Beaver Ruin Rd,,Sideswipe-Same Direction,2,Clear,Dry,Dark-Lighted
2023-10-21T13:13:00.000,I 85,I 85 and Beaver Ruin Rd,,Rear End,2,Clear,Dry,Daylight
2023-03-28T11:30:00.000,I 85,I 85 and Beaver Ruin Rd,,Rear End,2,Clear,Dry,Daylight
2023-09-01T09:00:00.000,I 85,I 85 and Beaver Ruin Rd,,Sideswipe-Same Direction,3,Clear,Dry,Daylight
2023-09-05T15:30:00.000,I 85,I 85 and Beaver Ruin Rd,,Rear End,3,Clear,Dry,Daylight
2023-03-17T14:20:00.000,I 85,I 85 and Beaver Ruin Rd,,Sideswipe-Same Direction,2,Rain,Wet,Daylight
2023-03-15T20:00:00.000,I 85,I 85 and Beaver Ruin Rd,,Angle Crash,3,Clear,Dry,Dark-Lighted
2023-07-05T00:08:00.000,I 85,I 85 and Beaver Ruin Rd,,Angle Crash,2,Fog,Dry,Dark-Lighted
2023-12-04T16:30:00.000,I 85,I 85 and Beaver Ruin Rd,,Rear End,2,Clear,Dry,Daylight
2023-06-07T21:06:00.000,I 85,I 85 and Beaver Ruin Rd,,Sideswipe-Same Direction,2,Cloudy,Dry,Dark-Not Lighted
2023-11-05T19:10:00.000,I 85,I 85 and Beaver Ruin Rd,,Sideswipe-Same Direction,2,Clear,Dry,Dark-Lighted
2023-03-08T06:09:00.000,I 85,I 85 and Beaver Ruin Rd,,Sideswipe-Same Direction,2,Clear,Dry,Daylight
2023-03-04T21:51:00.000,I 85,I 85 and Beaver Ruin Rd,,Rear End,2,Clear,Dry,Dark-Lighted
2023-01-11T07:41:00.000,I 85,I 85 and Beaver Ruin Rd,,Sideswipe-Same Direction,2,Clear,Dry,Daylight
2023-02-26T13:10:00.000,I 85,I 85 and Beaver Ruin Rd,,Sideswipe-Same Direction,2,Cloudy,Dry,Daylight
2023-07-29T23:07:00.000,I 85,I 85 and Beaver Ruin Rd,,Not a Collision with Motor Vehicle,1,Clear,Dry,Dark-Lighted
2023-05-31T11:46:00.000,I 85,I 85 and Beaver Ruin Rd,,Rear End,2,Clear,Dry,Daylight
2023-01-07T18:12:00.000,I 85,I 85 and Beaver Ruin Rd,,Angle Crash,2,Clear,Dry,Dark-Lighted
2023-02-24T20:25:00.000,I 85,I 85 and Beaver Ruin Rd,,Sideswipe-Same Direction,2,Rain,Wet,Dark-Lighted
2023-10-18T05:30:00.000,I 85,I 85 and Beaver Ruin Rd,,Sideswipe-Same Direction,2,Clear,Dry,Dawn
2023-04-16T13:30:00.000,I 85,I 85 and Beaver Ruin Rd,,Rear End,2,Cloudy,Dry,Daylight
2023-06-25T13:24:00.000,I 85,I 85 and Beaver Ruin Rd,,Rear End,2,Clear,Dry,Daylight
2023-03-07T09:25:00.000,I 85,I 85 and Beaver Ruin Rd,,Rear End,2,Clear,Dry,Daylight
2023-08-05T05:02:00.000,I 85,I 85 and Beaver Ruin Rd,,Rear End,2,Clear,Dry,Dark-Lighted
2023-12-22T14:30:00.000,I 85,I 85 and Beaver Ruin Rd,,Rear End,2,Clear,Dry,Daylight
2023-12-15T19:52:00.000,I 85,I 85 and Beaver Ruin Rd,,Angle Crash,6,Clear,Dry,Dark-Lighted
2023-12-27T18:00:00.000,I 85,I 85 and Beaver Ruin Rd,,Sideswipe-Same Direction,2,Cloudy,Dry,Daylight
2023-07-09T13:10:00.000,I 85,I 85 and Beaver Ruin Rd,,Rear End,4,Clear,Dry,Daylight
2023-05-28T22:59:00.000,I 85,I 85 and Beaver Ruin Rd,,Angle Crash,2,Clear,Dry,Dark-Lighted
2023-08-16T15:36:00.000,I 85,I 85 and Beaver Ruin Rd,,Rear End,2,Clear,Dry,Daylight
2023-10-21T15:44:00.000,I 85,I 85 and Beaver Ruin Rd,,Rear End,2,Clear,Dry,Daylight
2023-05-31T11:48:00.000,I 85,I 85 and Beaver Ruin Rd,,Rear End,2,Cloudy,Dry,Daylight
2023-10-27T17:40:00.000,I 85,I 85 and Beaver Ruin Rd,,Sideswipe-Same Direction,2,Clear,Dry,Daylight
2023-04-25T11:37:00.000,I 85,I 85 and Beaver Ruin Rd,,Sideswipe-Same Direction,2,Cloudy,Dry,Daylight
2023-09-07T16:15:00.000,I 85,I 85 and Beaver Ruin Rd,,Sideswipe-Same Direction,2,Clear,Dry,Daylight
2023-06-21T16:08:00.000,I 85,I 85 and Beaver Ruin Rd,,Angle Crash,2,Rain,Wet,Daylight
2023-07-01T13:06:00.000,I 85,I 85 and Beaver Ruin Rd,,Rear End,5,Clear,Dry,Daylight
2023-05-08T05:50:00.000,I 85,I 85 and Beaver Ruin Rd,,Rear End,2,Rain,Wet,Dawn
2023-10-21T20:58:00.000,I 85,I 85 and Beaver Ruin Rd,,Not a Collision with Motor Vehicle,1,Clear,Dry,Dark-Lighted
2023-03-02T16:09:00.000,I 85,I 85 and Beaver Ruin Rd,,Rear End,2,Rain,Wet,Daylight
2023-09-24T03:16:00.000,I 85,I 85 and Beaver Ruin Rd,,Sideswipe-Same Direction,2,Clear,Dry,Dark-Not Lighted
2023-05-02T17:12:00.000,I 85,I 85 and Beaver Ruin Rd,,Rear End,3,Clear,Dry,Daylight
2023-11-10T17:15:00.000,I 85,I 85 and Beaver Ruin Rd,,Rear End,2,Cloudy,Dry,Daylight
2023-11-04T16:56:00.000,I 85,I 85 and Beaver Ruin Rd,,Sideswipe-Same Direction,2,Clear,Dry,Daylight
2023-02-22T10:59:00.000,I 85,I 85 and Beaver Ruin Rd,,Angle Crash,2,Clear,Dry,Daylight
2023-06-11T13:07:00.000,I 85,I 85 and Beaver Ruin Rd,,Rear End,2,Cloudy,Wet,Daylight
2023-07-05T19:10:00.000,I 85,I 85 and Beaver Ruin Rd,,Rear End,2,Clear,Dry,Daylight
2023-01-05T17:20:00.000,I 85,I 85 and Beaver Ruin Rd,,Rear End,2,Cloudy,Dry,Daylight
2023-06-30T09:12:00.000,I 85,I 85 and Beaver Ruin Rd,,Rear End,2,Clear,Dry,Daylight
2023-12-08T17:52:00.000,I 85,I 85 and Beaver Ruin Rd,,Rear End,3,Clear,Dry,Dark-Not Lighted
2023-02-14T17:19:00.000,I 85,I 85 and Beaver Ruin Rd,,Angle Crash,2,Clear,Dry,Daylight
2023-02-05T09:06:00.000,I 85,I 85 and Beaver Ruin Rd,,Rear End,2,Cloudy,Dry,Daylight
2023-09-29T16:23:00.000,I 85,I 85 and Beaver Ruin Rd,,Rear End,2,Clear,Dry,Daylight
2023-04-14T16:15:00.000,I 85,I 85 and Beaver Ruin Rd,,Rear End,2,Clear,Wet,Daylight
2023-03-14T11:37:00.000,I 85,I 85 and Beaver Ruin Rd,,Not a Collision with Motor Vehicle,2,Clear,Dry,Daylight
2023-11-22T16:55:00.000,I 85,I 85 and Beaver Ruin Rd,,Sideswipe-Same Direction,2,Cloudy,Dry,Daylight
2023-08-12T11:50:00.000,I 85,I 85 and Beaver Ruin Rd,,Rear End,2,Clear,Dry,Daylight
2024-12-13T06:40:00.000,I 85,I 85 and Beaver Ruin Rd,,Sideswipe-Same Direction,2,Clear,Dry,Dawn
2024-10-03T13:44:00.000,I 85,I 85 and Beaver Ruin Rd,,Sideswipe-Same Direction,2,Cloudy,Dry,Daylight
2024-01-07T20:03:00.000,I 85,I 85 and Beaver Ruin Rd,,Angle Crash,4,Clear,Dry,Dark-Lighted
2024-09-17T14:25:00.000,I 85,I 85 and Beaver Ruin Rd,,Rear End,2,Clear,Dry,Daylight
2024-04-23T13:00:00.000,I 85,I 85 and Beaver Ruin Rd,,Rear End,2,Clear,Dry,Daylight
2024-05-10T21:17:00.000,I 85,I 85 and Beaver Ruin Rd,,Angle Crash,2,Cloudy,Dry,Dark-Lighted
2024-09-04T06:47:00.000,I 85,I 85 and Beaver Ruin Rd,,Rear End,2,Clear,Dry,Dawn
2024-11-12T06:00:00.000,I 85,I 85 and Beaver Ruin Rd,,Rear End,3,Cloudy,Dry,Dawn
2024-11-16T18:14:00.000,I 85,I 85 and Beaver Ruin Rd,,Rear End,2,Clear,Dry,Dark-Lighted
2024-03-08T11:20:00.000,I 85,I 85 and Beaver Ruin Rd,,Rear End,2,Cloudy,Dry,Daylight
2024-01-15T14:25:00.000,I 85,I 85 and Beaver Ruin Rd,,Rear End,4,Cloudy,Dry,Daylight
2024-04-29T19:03:00.000,I 85,I 85 and Beaver Ruin Rd,,Rear End,4,Clear,Dry,Daylight
2024-08-25T17:21:00.000,I 85,I 85 and Beaver Ruin Rd,,Sideswipe-Opposite Direction,2,Clear,Dry,Daylight
2024-08-28T14:46:00.000,I 85,I 85 and Beaver Ruin Rd,,Rear End,2,Cloudy,Dry,Daylight
2024-07-10T09:35:00.000,I 85,I 85 and Beaver Ruin Rd,,Sideswipe-Same Direction,2,Clear,Dry,Daylight
2024-06-05T21:45:00.000,I 85,I 85 and Beaver Ruin Rd,,Sideswipe-Same Direction,2,Clear,Dry,Dark-Not Lighted
2024-12-17T14:00:00.000,I 85,I 85 and Beaver Ruin Rd,,Rear End,2,Clear,Dry,Daylight
2024-12-12T18:20:00.000,I 85,I 85 and Beaver Ruin Rd,,Rear End,2,Clear,Dry,Dark-Lighted
2024-03-31T10:40:00.000,I 85,I 85 and Beaver Ruin Rd,,Rear End,2,Clear,Dry,Daylight
2024-07-10T06:51:00.000,I 85,I 85 and Beaver Ruin Rd,,Rear End,3,Clear,Dry,Daylight
2024-12-25T01:00:00.000,I 85,I 85 and Beaver Ruin Rd,,Not a Collision with Motor Vehicle,1,Clear,Dry,Dark-Lighted
2024-03-29T08:50:00.000,I 85,I 85 and Beaver Ruin Rd,,Sideswipe-Same Direction,2,Clear,Dry,Daylight
2024-12-10T06:00:00.000,I 85,I 85 and Beaver Ruin Rd,,Rear End,2,Rain,Wet,Dark-Not Lighted
2024-01-19T06:51:00.000,I 85,I 85 and Beaver Ruin Rd,,Rear End,2,Clear,Wet,Dark-Lighted
2024-04-04T14:59:00.000,I 85,I 85 and Beaver Ruin Rd,,Sideswipe-Same Direction,2,Clear,Dry,Daylight
2024-11-15T18:28:00.000,I 85,I 85 and Beaver Ruin Rd,,Sideswipe-Same Direction,2,Clear,Dry,Dark-Lighted
2024-02-08T18:25:00.000,I 85,I 85 and Beaver Ruin Rd,,Rear End,3,Clear,Dry,Dark-Not Lighted
2024-12-23T10:58:00.000,I 85,I 85 and Beaver Ruin Rd,,Sideswipe-Same Direction,2,Clear,Dry,Daylight
2024-06-13T06:18:00.000,I 85,I 85 and Beaver Ruin Rd,,Rear End,2,Clear,Dry,Daylight
2024-05-21T16:25:00.000,I 85,I 85 and Beaver Ruin Rd,,Rear End,3,Clear,Dry,Daylight
2024-07-10T16:07:00.000,I 85,I 85 and Beaver Ruin Rd,,Rear End,2,Clear,Dry,Daylight
2024-09-18T07:14:00.000,I 85,I 85 and Beaver Ruin Rd,,Rear End,2,Clear,Dry,Daylight
2024-12-07T02:12:00.000,I 85,I 85 and Beaver Ruin Rd,,Sideswipe-Same Direction,2,Clear,Dry,Dark-Lighted
2024-12-01T19:21:00.000,I 85,I 85 and Beaver Ruin Rd,,Angle Crash,2,Clear,Dry,Dark-Lighted
2024-01-28T03:25:00.000,I 85,I 85 and Beaver Ruin Rd,,Rear End,2,Clear,Dry,Dark-Lighted
2024-06-12T07:35:00.000,I 85,I 85 and Beaver Ruin Rd,,Rear End,2,Clear,Dry,Daylight
2024-08-18T15:20:00.000,I 85,I 85 and Beaver Ruin Rd,,Rear End,2,Clear,Dry,Daylight
2024-10-02T21:27:00.000,I 85,I 85 and Beaver Ruin Rd,,Sideswipe-Same Direction,2,Cloudy,Dry,Dark-Lighted
2024-12-05T13:00:00.000,I 85,I 85 and Beaver Ruin Rd,,Rear End,3,Clear,Dry,Daylight
2024-07-27T04:34:00.000,I 85,I 85 and Beaver Ruin Rd,,Sideswipe-Same Direction,2,Clear,Dry,Dark-Lighted
2024-02-12T15:21:00.000,I 85,I 85 and Beaver Ruin Rd,,Sideswipe-Same Direction,3,Rain,Wet,Daylight
2024-08-25T16:08:00.000,I 85,I 85 and Beaver Ruin Rd,,Rear End,2,Clear,Dry,Daylight
2024-10-25T06:00:00.000,I 85,I 85 and Beaver Ruin Rd,,Rear End,4,Clear,Dry,Dark-Lighted
2024-11-24T16:39:00.000,I 85,I 85 and Beaver Ruin Rd,,Angle Crash,2,Clear,Dry,Daylight
2024-08-25T13:56:00.000,I 85,I 85 and Beaver Ruin Rd,,Sideswipe-Same Direction,2,Clear,Dry,Daylight
2024-06-28T14:54:00.000,I 85,I 85 and Beaver Ruin Rd,,Rear End,2,Cloudy,Dry,Daylight
2024-03-18T13:40:00.000,I 85,I 85 and Beaver Ruin Rd,,Sideswipe-Same Direction,2,Clear,Dry,Daylight
2024-09-18T07:02:00.000,I 85,I 85 and Beaver Ruin Rd,,Sideswipe-Same Direction,2,Cloudy,Dry,Daylight
2024-02-24T08:09:00.000,I 85,I 85 and Beaver Ruin Rd,,Angle Crash,2,Clear,Dry,Daylight
2024-08-29T09:54:00.000,I 85,I 85 and Beaver Ruin Rd,,Rear End,2,Clear,Dry,Daylight
2024-12-31T14:15:00.000,I 85,I 85 and Beaver Ruin Rd,,Rear End,2,Clear,Dry,Daylight
2024-04-20T15:07:00.000,I 85,I 85 and Beaver Ruin Rd,,Rear End,2,Clear,Dry,Daylight
2024-04-16T15:46:00.000,I 85,I 85 and Beaver Ruin Rd,,Rear End,3,Clear,Dry,Daylight
2024-08-06T20:46:00.000,I 85,I 85 and Beaver Ruin Rd,,Rear End,2,Clear,Dry,Dark-Lighted
2024-05-14T06:30:00.000,I 85,I 85 and Beaver Ruin Rd,,Rear End,2,Rain,Wet,Daylight
2024-11-30T20:17:00.000,I 85,I 85 and Beaver Ruin Rd,,Rear End,2,Clear,Dry,Dark-Lighted
2024-11-08T19:20:00.000,I 85,I 85 and Beaver Ruin Rd,,Rear End,2,Clear,Dry,Dark-Lighted
2024-05-19T15:14:00.000,I 85,I 85 and Beaver Ruin Rd,,Sideswipe-Same Direction,2,Cloudy,Dry,Daylight
2024-07-12T19:17:00.000,I 85,I 85 and Beaver Ruin Rd,,Sideswipe-Same Direction,2,Clear,Dry,Daylight
2024-08-22T08:40:00.000,I 85,I 85 and Beaver Ruin Rd,,Rear End,2,Clear,Dry,Daylight
2024-12-30T08:40:00.000,I 85,I 85 and Beaver Ruin Rd,,Rear End,2,Clear,Dry,Daylight
2024-10-05T22:37:00.000,I 85,I 85 and Beaver Ruin Rd,,Rear End,2,Clear,Dry,Dark-Lighted
2024-02-19T10:58:00.000,I 85,I 85 and Beaver Ruin Rd,,Not a Collision with Motor Vehicle,1,Clear,Dry,Daylight
2024-06-14T14:11:00.000,I 85,I 85 and Beaver Ruin Rd,,Rear End,3,Clear,Dry,Daylight
2024-04-04T08:59:00.000,I 85,I 85 and Beaver Ruin Rd,,Sideswipe-Same Direction,2,Clear,Dry,Daylight
2024-07-15T10:35:00.000,I 85,I 85 and Beaver Ruin Rd,,Rear End,2,Clear,Dry,Daylight
2024-08-12T15:47:00.000,I 85,I 85 and Beaver Ruin Rd,,Rear End,4,Clear,Dry,Daylight
2024-10-16T14:52:00.000,I 85,I 85 and Beaver Ruin Rd,,Rear End,2,Clear,Dry,Daylight
2024-03-30T14:45:00.000,I 85,I 85 and Beaver Ruin Rd,,Rear End,2,Clear,Dry,Daylight
2024-03-05T07:49:00.000,I 85,I 85 and Beaver Ruin Rd,,Rear End,2,Cloudy,Dry,Daylight
2024-06-25T23:35:00.000,I 85,I 85 and Beaver Ruin Rd,,Rear End,2,Clear,Dry,Dark-Not Lighted
2024-10-14T17:00:00.000,I 85,I 85 and Beaver Ruin Rd,,Rear End,2,Clear,Dry,Daylight
2024-02-29T12:40:00.000,I 85,I 85 and Beaver Ruin Rd,,Sideswipe-Same Direction,2,Clear,Dry,Daylight
2024-03-18T14:49:00.000,I 85,I 85 and Beaver Ruin Rd,,Sideswipe-Same Direction,2,Clear,Dry,Daylight
2024-10-14T14:50:00.000,I 85,I 85 and Beaver Ruin Rd,,Rear End,2,Clear,Dry,Daylight
2024-04-10T03:37:00.000,I 85,I 85 and Beaver Ruin Rd,,Sideswipe-Same Direction,2,Rain,Wet,Dark-Not Lighted
2024-04-20T20:04:00.000,I 85,I 85 and Beaver Ruin Rd,,Rear End,2,Clear,Dry,Daylight
2024-01-07T14:30:00.000,I 85,I 85 and Beaver Ruin Rd,,Sideswipe-Same Direction,2,Cloudy,Dry,Daylight
2024-09-26T07:20:00.000,I 85,I 85 and Beaver Ruin Rd,,Rear End,2,Rain,Wet,Daylight
2024-05-01T13:48:00.000,I 85,I 85 and Beaver Ruin Rd,,Rear End,2,Clear,Dry,Daylight
2024-07-20T13:09:00.000,I 85,I 85 and Beaver Ruin Rd,,Rear End,2,Cloudy,Dry,Daylight
2024-10-01T16:20:00.000,I 85,I 85 and Beaver Ruin Rd,,Rear End,2,Clear,Dry,Daylight
2024-11-17T15:43:00.000,I 85,I 85 and Beaver Ruin Rd,,Angle Crash,3,Cloudy,Dry,Daylight
2024-11-15T18:42:00.000,I 85,I 85 and Beaver Ruin Rd,,Sideswipe-Same Direction,2,Clear,Dry,Dark-Lighted
2024-11-07T08:25:00.000,I 85,I 85 and Beaver Ruin Rd,,Rear End,2,Cloudy,Dry,Daylight
2024-06-04T07:10:00.000,I 85,I 85 and Beaver Ruin Rd,,Rear End,2,Clear,Dry,Daylight
2024-06-09T14:56:00.000,I 85,I 85 and Beaver Ruin Rd,,Rear End,2,Clear,Dry,Daylight
2024-03-24T11:40:00.000,I 85,I 85 and Beaver Ruin Rd,,Sideswipe-Same Direction,2,Cloudy,Dry,Daylight
2024-02-07T12:00:00.000,I 85,I 85 and Beaver Ruin Rd,,Sideswipe-Same Direction,2,Clear,Dry,Daylight
2024-01-17T09:48:00.000,I 85,I 85 and Beaver Ruin Rd,,Rear End,2,Clear,Dry,Daylight
2024-05-29T17:37:00.000,I 85,I 85 and Beaver Ruin Rd,,Rear End,2,Clear,Dry,Daylight
2024-11-21T19:10:00.000,I 85,I 85 and Beaver Ruin Rd,,Rear End,2,Clear,Dry,Dark-Lighted
2024-09-15T03:42:00.000,I 85,I 85 and Beaver Ruin Rd,,Rear End,2,Clear,Dry,Dark-Lighted
2024-12-15T15:03:00.000,I 85,I 85 and Beaver Ruin Rd,,Rear End,2,Cloudy,Wet,Daylight
2024-11-17T09:25:00.000,I 85,I 85 and Beaver Ruin Rd,,Sideswipe-Same Direction,2,Clear,Dry,Daylight
2024-05-19T22:31:00.000,I 85,I 85 and Beaver Ruin Rd,,Angle Crash,2,Clear,Dry,Dark-Lighted
2024-03-17T16:41:00.000,I 85,I 85 and Beaver Ruin Rd,,Rear End,3,Cloudy,Dry,Daylight
2024-05-21T12:16:00.000,I 85,I 85 and Beaver Ruin Rd,,Rear End,3,Clear,Dry,Daylight
2024-09-21T04:40:00.000,I 85,I 85 and Beaver Ruin Rd,,Angle Crash,2,Clear,Dry,Dark-Lighted
2024-05-25T15:23:00.000,I 85,I 85 and Beaver Ruin Rd,,Rear End,5,Clear,Wet,Daylight
2024-09-29T20:23:00.000,I 85,I 85 and Beaver Ruin Rd,,Sideswipe-Same Direction,2,Clear,Dry,Dark-Lighted
2024-02-22T21:45:00.000,I 85,I 85 and Beaver Ruin Rd,,Sideswipe-Same Direction,2,Clear,Dry,Dark-Lighted
2024-08-02T07:00:00.000,I 85,I 85 and Beaver Ruin Rd,,Rear End,3,Clear,Dry,Daylight
2024-05-13T14:10:00.000,I 85,I 85 and Beaver Ruin Rd,,Rear End,3,Cloudy,Dry,Daylight
2024-11-04T06:00:00.000,I 85,I 85 and Beaver Ruin Rd,,Rear End,2,Clear,Dry,Dark-Lighted
2024-03-07T15:30:00.000,I 85,I 85 and Beaver Ruin Rd,,Rear End,2,Cloudy,Dry,Daylight
2024-04-22T06:18:00.000,I 85,I 85 and Beaver Ruin Rd,,Sideswipe-Same Direction,2,Clear,Dry,Dawn
2024-03-16T11:40:00.000,I 85,I 85 and Beaver Ruin Rd,,Rear End,2,Clear,Dry,Daylight
2024-10-18T13:25:00.000,I 85,I 85 and Beaver Ruin Rd,,Sideswipe-Same Direction,3,Clear,Dry,Daylight
2024-04-04T15:56:00.000,I 85,I 85 and Beaver Ruin Rd,,Sideswipe-Same Direction,2,Clear,Dry,Daylight
2024-02-05T05:54:00.000,I 85,I 85 and Beaver Ruin Rd,,Rear End,2,Rain,Wet,Dark-Lighted
2024-04-26T16:26:00.000,I 85,I 85 and Beaver Ruin Rd,,Sideswipe-Same Direction,2,Cloudy,Dry,Daylight
2024-05-20T16:25:00.000,I 85,I 85 and Beaver Ruin Rd,,Sideswipe-Same Direction,2,Clear,Dry,Daylight
2024-12-17T08:46:00.000,I 85,I 85 and Beaver Ruin Rd,,Sideswipe-Same Direction,2,Clear,Dry,Daylight
2024-05-28T21:40:00.000,I 85,I 85 and Beaver Ruin Rd,,Angle Crash,2,Clear,Dry,Dark-Lighted
2024-01-28T12:02:00.000,I 85,I 85 and Beaver Ruin Rd,,Rear End,4,Cloudy,Dry,Daylight
2024-04-29T10:12:00.000,I 85,I 85 and Beaver Ruin Rd,,Rear End,2,Clear,Dry,Daylight
2024-11-09T18:38:00.000,I 85,I 85 and Beaver Ruin Rd,,Rear End,2,Cloudy,Dry,Dark-Lighted
2024-06-13T08:26:00.000,I 85,I 85 and Beaver Ruin Rd,,Rear End,2,Clear,Dry,Daylight
2024-12-13T10:50:00.000,I 85,I 85 and Beaver Ruin Rd,,Rear End,2,Cloudy,Dry,Daylight
2024-01-29T15:40:00.000,I 85,I 85 and Beaver Ruin Rd,,Rear End,2,Clear,Dry,Daylight
2024-02-29T14:25:00.000,I 85,I 85 and Beaver Ruin Rd,,Sideswipe-Same Direction,2,Cloudy,Dry,Daylight
2024-11-14T22:36:00.000,I 85,I 85 and Beaver Ruin Rd,,Sideswipe-Same Direction,2,Clear,Dry,Dark-Lighted
2024-06-09T14:40:00.000,I 85,I 85 and Beaver Ruin Rd,,Rear End,2,Clear,Dry,Daylight
2024-10-14T13:00:00.000,I 85,I 85 and Beaver Ruin Rd,,Rear End,2,Clear,Dry,Daylight
2024-08-01T13:30:00.000,I 85,I 85 and Beaver Ruin Rd,,Rear End,2,Cloudy,Dry,Daylight
2024-10-23T06:43:00.000,I 85,I 85 and Beaver Ruin Rd,,Rear End,2,Clear,Dry,Dark-Not Lighted
2024-05-10T13:57:00.000,I 85,I 85 and Beaver Ruin Rd,,Rear End,2,Clear,Dry,Daylight
2024-08-18T00:30:00.000,I 85,I 85 and Beaver Ruin Rd,,Rear End,2,Cloudy,Dry,Dark-Lighted
2024-07-22T07:45:00.000,I 85,I 85 and Beaver Ruin Rd,,Rear End,3,Clear,Dry,Daylight
2024-07-25T10:00:00.000,I 85,I 85 and Beaver Ruin Rd,,Rear End,2,Cloudy,Wet,Daylight
2024-10-07T14:40:00.000,I 85,I 85 and Beaver Ruin Rd,,Rear End,2,Clear,Dry,Daylight
2024-07-03T10:03:00.000,I 85,I 85 and Beaver Ruin Rd,,Rear End,3,Cloudy,Dry,Daylight
2024-10-14T14:29:00.000,I 85,I 85 and Beaver Ruin Rd,,Rear End,2,Clear,Dry,Daylight
2024-04-04T14:29:00.000,I 85,I 85 and Beaver Ruin Rd,,Rear End,2,Clear,Dry,Daylight
2024-09-09T15:16:00.000,I 85,I 85 and Beaver Ruin Rd,,Sideswipe-Same Direction,2,Clear,Dry,Daylight
2024-11-15T18:28:00.000,I 85,I 85 and Beaver Ruin Rd,,Not a Collision with Motor Vehicle,2,Clear,Dry,Dark-Lighted
2024-08-07T16:00:00.000,I 85,I 85 and Beaver Ruin Rd,,Rear End,3,Clear,Dry,Daylight
2024-03-07T08:00:00.000,I 85,I 85 and Beaver Ruin Rd,,Rear End,2,Clear,Dry,Daylight
2024-07-18T16:14:00.000,I 85,I 85 and Beaver Ruin Rd,,Sideswipe-Same Direction,2,Rain,Wet,Daylight
2024-10-21T13:42:00.000,I 85,I 85 and Beaver Ruin Rd,,Sideswipe-Same Direction,2,Clear,Dry,Daylight
2024-03-22T06:20:00.000,I 85,I 85 and Beaver Ruin Rd,,Rear End,2,Clear,Dry,Dark-Lighted
2024-04-09T09:44:00.000,I 85,I 85 and Beaver Ruin Rd,,Rear End,2,Rain,Wet,Daylight
2024-02-21T06:35:00.000,I 85,I 85 and Beaver Ruin Rd,,Rear End,3,Clear,Dry,Daylight
2024-10-11T01:00:00.000,I 85,I 85 and Beaver Ruin Rd,,Angle Crash,2,Clear,Dry,Dark-Lighted
2024-11-01T18:00:00.000,I 85,I 85 and Beaver Ruin Rd,,Sideswipe-Same Direction,2,Cloudy,Dry,Daylight
2024-11-21T11:10:00.000,I 85,I 85 and Beaver Ruin Rd,,Sideswipe-Same Direction,2,Clear,Dry,Daylight
2024-09-24T08:03:00.000,I 85,I 85 and Beaver Ruin Rd,,Rear End,3,Clear,Dry,Daylight
2024-03-14T21:41:00.000,I 85,I 85 and Beaver Ruin Rd,,Angle Crash,2,Clear,Dry,Dark-Lighted
2024-10-10T08:22:00.000,I 85,I 85 and Beaver Ruin Rd,,Rear End,2,Clear,Dry,Daylight
2024-07-13T14:16:00.000,I 85,I 85 and Beaver Ruin Rd,,Sideswipe-Same Direction,2,Clear,Dry,Daylight
2024-03-10T12:19:00.000,I 85,I 85 and Beaver Ruin Rd,,Sideswipe-Same Direction,2,Clear,Dry,Daylight
2024-11-19T10:52:00.000,I 85,I 85 and Beaver Ruin Rd,,Rear End,2,Rain,Wet,Daylight
2024-11-15T17:38:00.000,I 85,I 85 and Beaver Ruin Rd,,Sideswipe-Same Direction,2,Clear,Dry,Dusk
2024-04-24T19:12:00.000,I 85,I 85 and Beaver Ruin Rd,,Sideswipe-Same Direction,2,Clear,Dry,Dusk
2024-09-23T06:20:00.000,I 85,I 85 and Beaver Ruin Rd,,Rear End,2,Clear,Dry,Daylight
2024-05-26T09:20:00.000,I 85,I 85 and Beaver Ruin Rd,,Sideswipe-Same Direction,2,Clear,Dry,Daylight
2024-10-09T12:46:00.000,I 85,I 85 and Beaver Ruin Rd,,Rear End,2,Clear,Dry,Daylight
2024-10-20T22:30:00.000,I 85,I 85 and Beaver Ruin Rd,,Sideswipe-Same Direction,2,Clear,Dry,Dark-Lighted