Date and Time,Roadway (From Crash Report),Intersection Name (from Crash Report),KABCO Severity,Manner of Collision (Crash Level) ,# of Vehicles per crash ,Weather Conditions (Crash Level),Surface Condition (Crash Level) ,Light Conditions (Crash Level)
2024-02-01T10:40:00.000,I 85,I 85 and Beaver Ruin Rd,,Rear End,2,Clear,Dry,Daylight
2024-07-20T15:48:00.000,I 85,I 85 and Beaver Ruin Rd,,Rear End,2,Clear,Dry,Daylight
2024-12-13T17:30:00.000,I 85,I 85 and Beaver Ruin Rd,,Rear End,2,Clear,Dry,Dark-Lighted
2024-10-30T06:40:00.000,I 85,I 85 and Beaver Ruin Rd,,Rear End,2,Clear,Dry,Daylight
2024-11-11T19:44:00.000,I 85,I 85 and Beaver Ruin Rd,,Rear End,2,Clear,Dry,Dark-Not Lighted
2024-09-08T03:49:00.000,I 85,I 85 and Beaver Ruin Rd,,Rear End,2,Clear,Dry,Dark-Lighted
2024-09-23T06:40:00.000,I 85,I 85 and Beaver Ruin Rd,,Sideswipe-Same Direction,2,Clear,Dry,Dawn
2024-02-14T14:16:00.000,I 85,I 85 and Beaver Ruin Rd,,Sideswipe-Same Direction,2,Clear,Dry,Daylight
2024-03-15T06:30:00.000,I 85,I 85 and Beaver Ruin Rd,,Rear End,2,Cloudy,Dry,Dark-Lighted
2024-02-04T19:28:00.000,I 85,I 85 and Beaver Ruin Rd,,Rear End,2,Rain,Wet,Dark-Lighted
2024-09-19T17:40:00.000,I 85,I 85 and Beaver Ruin Rd,,Rear End,2,Clear,Dry,Daylight
2024-03-08T07:05:00.000,I 85,I 85 and Beaver Ruin Rd,,Rear End,4,Rain,Wet,Daylight
2024-05-08T01:50:00.000,I 85,I 85 and Beaver Ruin Rd,,Rear End,2,Clear,Dry,Daylight
2024-08-28T15:26:00.000,I 85,I 85 and Beaver Ruin Rd,,Sideswipe-Same Direction,2,Clear,Dry,Daylight
2024-10-04T20:45:00.000,I 85,I 85 and Beaver Ruin Rd,,Rear End,2,Clear,Dry,Dark-Lighted
2024-10-05T22:37:00.000,I 85,I 85 and Beaver Ruin Rd,,Rear End,2,Clear,Dry,Dark-Lighted
2024-04-18T06:48:00.000,I 85,I 85 and Beaver Ruin Rd,,Sideswipe-Same Direction,2,Clear,Dry,Daylight
2024-01-19T10:09:00.000,I 85,I 85 and Beaver Ruin Rd,,Rear End,2,Clear,Dry,Daylight
2024-04-07T03:35:00.000,I 85,I 85 and Beaver Ruin Rd,,Not a Collision with Motor Vehicle,1,Clear,Dry,Dark-Lighted
2024-12-14T19:05:00.000,I 85,I 85 and Beaver Ruin Rd,,Rear End,2,Clear,Dry,Dark-Lighted
2024-04-05T10:16:00.000,I 85,I 85 and Beaver Ruin Rd,,Rear End,3,Clear,Dry,Daylight
2024-12-20T12:00:00.000,I 85,I 85 and Beaver Ruin Rd,,Sideswipe-Same Direction,2,Clear,Dry,Daylight
2024-05-14T23:00:00.000,I 85,I 85 and Beaver Ruin Rd,,Sideswipe-Same Direction,2,Clear,Dry,Dark-Not Lighted
2024-05-10T08:05:00.000,I 85,I 85 and Beaver Ruin Rd,,Rear End,2,Clear,Wet,Daylight
2024-12-22T12:11:00.000,I 85,I 85 and Beaver Ruin Rd,,Rear End,2,Clear,Dry,Daylight
2024-06-13T09:59:00.000,I 85,I 85 and Beaver Ruin Rd,,Sideswipe-Same Direction,2,Clear,Dry,Daylight
2024-10-29T07:00:00.000,I 85,I 85 and Beaver Ruin Rd,,Sideswipe-Same Direction,2,Clear,Dry,Daylight
2024-10-22T06:20:00.000,I 85,I 85 and Beaver Ruin Rd,,Rear End,2,Clear,Dry,Daylight
2024-04-29T11:07:00.000,I 85,I 85 and Beaver Ruin Rd,,Rear End,2,Clear,Dry,Daylight
2024-05-29T12:00:00.000,I 85,I 85 and Beaver Ruin Rd,,Rear End,2,Clear,Dry,Daylight
2024-07-05T14:15:00.000,I 85,I 85 and Beaver Ruin Rd,,Rear End,2,Clear,Dry,Daylight
2024-12-26T12:00:00.000,I 85,I 85 and Beaver Ruin Rd,,Rear End,2,Cloudy,Dry,Daylight
2024-04-01T10:24:00.000,I 85,I 85 and Beaver Ruin Rd,,Rear End,3,Cloudy,Dry,Daylight
2024-11-17T14:56:00.000,I 85,I 85 and Beaver Ruin Rd,,Rear End,2,Clear,Dry,Daylight
2024-05-10T22:40:00.000,I 85,I 85 and Beaver Ruin Rd,,Sideswipe-Same Direction,2,Clear,Dry,Dark-Lighted
2024-09-28T16:33:00.000,I 85,I 85 and Beaver Ruin Rd,,Rear End,3,Cloudy,Dry,Daylight
2024-05-28T10:45:00.000,I 85,I 85 and Beaver Ruin Rd,,Rear End,2,Clear,Dry,Daylight
2024-07-11T18:13:00.000,I 85,I 85 and Beaver Ruin Rd,,Rear End,2,Clear,Dry,Daylight
2024-11-09T10:30:00.000,I 85,I 85 and Beaver Ruin Rd,,Sideswipe-Same Direction,2,Cloudy,Dry,Daylight
2024-09-04T06:47:00.000,I 85,I 85 and Beaver Ruin Rd,,Rear End,2,Clear,Dry,Dawn
2024-10-11T01:00:00.000,I 85,I 85 and Beaver Ruin Rd,,Head On,1,Clear,Dry,Dark-Lighted
2024-06-12T16:34:00.000,I 85,I 85 and Beaver Ruin Rd,,Rear End,2,Cloudy,Dry,Daylight
2024-06-11T09:15:00.000,I 85,I 85 and Beaver Ruin Rd,,Rear End,2,Clear,Dry,Daylight
2024-02-19T06:20:00.000,I 85,I 85 and Beaver Ruin Rd,,Rear End,2,Clear,Dry,Dark-Lighted
2024-01-29T10:27:00.000,I 85,I 85 and Beaver Ruin Rd,,Rear End,2,Clear,Dry,Daylight
2024-03-17T13:11:00.000,I 85,I 85 and Beaver Ruin Rd,,Sideswipe-Same Direction,2,Clear,Dry,Daylight
2024-08-14T11:00:00.000,I 85,I 85 and Beaver Ruin Rd,,Rear End,2,Clear,Dry,Daylight
2024-11-20T14:56:00.000,I 85,I 85 and Beaver Ruin Rd,,Angle Crash,2,Clear,Dry,Daylight
2024-05-08T19:00:00.000,I 85,I 85 and Beaver Ruin Rd,,Sideswipe-Same Direction,2,Clear,Dry,Daylight
2024-10-15T11:07:00.000,I 85,I 85 and Beaver Ruin Rd,,Rear End,4,Clear,Dry,Daylight
2024-01-16T12:22:00.000,I 85,I 85 and Beaver Ruin Rd,,Sideswipe-Same Direction,3,Cloudy,Dry,Daylight
2024-09-23T06:02:00.000,I 85,I 85 and Beaver Ruin Rd,,Rear End,2,Clear,Dry,Dark-Not Lighted
2024-09-23T14:37:00.000,I 85,I 85 and Beaver Ruin Rd,,Rear End,2,Clear,Dry,Daylight
2024-06-15T16:21:00.000,I 85,I 85 and Beaver Ruin Rd,,Sideswipe-Same Direction,2,Clear,Dry,Daylight
2024-02-04T00:18:00.000,I 85,I 85 and Beaver Ruin Rd,,Angle Crash,2,Cloudy,Dry,Dark-Lighted
2024-05-04T11:50:00.000,I 85,I 85 and Beaver Ruin Rd,,Rear End,2,Clear,Dry,Daylight
2024-11-10T14:09:00.000,I 85,I 85 and Beaver Ruin Rd,,Rear End,2,Cloudy,Dry,Daylight
2024-08-08T07:00:00.000,I 85,I 85 and Beaver Ruin Rd,,Sideswipe-Same Direction,2,Clear,Dry,Daylight
2024-04-15T11:01:00.000,I 85,I 85 and Beaver Ruin Rd,,Rear End,4,Clear,Dry,Daylight
2024-11-03T12:25:00.000,I 85,I 85 and Beaver Ruin Rd,,Rear End,3,Cloudy,Wet,Daylight
2024-08-24T21:23:00.000,I 85,I 85 and Beaver Ruin Rd,,Rear End,2,Clear,Dry,Daylight
2024-10-03T11:00:00.000,I 85,I 85 and Beaver Ruin Rd,,Rear End,2,Clear,Dry,Daylight
2024-08-06T06:20:00.000,I 85,I 85 and Beaver Ruin Rd,,Rear End,2,Clear,Dry,Daylight
2024-04-20T02:47:00.000,I 85,I 85 and Beaver Ruin Rd,,Sideswipe-Same Direction,2,Clear,Dry,Dark-Not Lighted
2024-10-09T13:49:00.000,I 85,I 85 and Beaver Ruin Rd,,Rear End,2,Clear,Dry,Daylight
2024-02-09T18:15:00.000,I 85,I 85 and Beaver Ruin Rd,,Rear End,2,Clear,Dry,Dusk
2024-10-11T00:58:00.000,I 85,I 85 and Beaver Ruin Rd,,Angle Crash,1,Clear,Dry,Dark-Lighted
2024-11-15T21:46:00.000,I 85,I 85 and Beaver Ruin Rd,,Angle Crash,2,Clear,Dry,Dark-Lighted
2024-11-11T10:00:00.000,I 85,I 85 and Beaver Ruin Rd,,Rear End,2,Cloudy,Dry,Daylight
2024-07-24T07:15:00.000,I 85,I 85 and Beaver Ruin Rd,,Rear End,2,Cloudy,Dry,Daylight
2024-04-23T10:55:00.000,I 85,I 85 and Beaver Ruin Rd,,Rear End,3,Clear,Dry,Daylight
2024-02-07T06:50:00.000,I 85,I 85 and Beaver Ruin Rd,,Rear End,2,Clear,Dry,Daylight
2024-10-01T14:34:00.000,I 85,I 85 and Beaver Ruin Rd,,Sideswipe-Same Direction,2,Cloudy,Dry,Daylight
2024-09-08T14:09:00.000,I 85,I 85 and Beaver Ruin Rd,,Rear End,2,Clear,Dry,Daylight
2024-11-14T10:10:00.000,I 85,I 85 and Beaver Ruin Rd,,Sideswipe-Same Direction,2,Rain,Wet,Daylight
2024-03-25T15:35:00.000,I 85,I 85 and Beaver Ruin Rd,,Rear End,2,Clear,Dry,Daylight
2024-11-03T18:03:00.000,I 85,I 85 and Beaver Ruin Rd,,Rear End,2,Cloudy,Dry,Dark-Lighted
2024-09-13T18:58:00.000,I 85,I 85 and Beaver Ruin Rd,,Rear End,2,Cloudy,Dry,Daylight
2024-04-10T11:30:00.000,I 85,I 85 and Beaver Ruin Rd,,Sideswipe-Same Direction,2,Cloudy,Dry,Daylight
2024-10-23T19:12:00.000,I 85,I 85 and Beaver Ruin Rd,,Rear End,2,Clear,Dry,Dark-Lighted
2024-12-31T13:45:00.000,I 85,I 85 and Beaver Ruin Rd,,Not a Collision with Motor Vehicle,1,Clear,Dry,Daylight
2024-02-23T14:20:00.000,I 85,I 85 and Beaver Ruin Rd,,Rear End,2,Clear,Dry,Daylight
2024-07-01T07:19:00.000,I 85,I 85 and Beaver Ruin Rd,,Rear End,2,Clear,Dry,Daylight
2024-12-03T09:50:00.000,I 85,I 85 and Beaver Ruin Rd,,Rear End,3,Clear,Dry,Daylight
2024-05-03T13:00:00.000,I 85,I 85 and Beaver Ruin Rd,,Sideswipe-Same Direction,2,Clear,Dry,Daylight
2024-04-13T18:45:00.000,I 85,I 85 and Beaver Ruin Rd,,Sideswipe-Same Direction,3,Clear,Dry,Daylight
2024-09-10T07:11:00.000,I 85,I 85 and Beaver Ruin Rd,,Rear End,2,Clear,Dry,Daylight
2024-01-12T17:00:00.000,I 85,I 85 and Beaver Ruin Rd,,Rear End,2,Rain,Wet,Daylight
2024-05-14T12:13:00.000,I 85,I 85 and Beaver Ruin Rd,,Sideswipe-Same Direction,2,Cloudy,Dry,Daylight
2024-10-17T06:30:00.000,I 85,I 85 and Beaver Ruin Rd,,Rear End,3,Clear,Dry,Dark-Lighted
2024-03-12T18:30:00.000,I 85,I 85 and Beaver Ruin Rd,,Rear End,4,Clear,Dry,Daylight
2024-08-30T18:14:00.000,I 85,I 85 and Beaver Ruin Rd,,Sideswipe-Same Direction,2,Rain,Wet,Daylight
2024-06-02T11:30:00.000,I 85,I 85 and Beaver Ruin Rd,,Rear End,2,Clear,Dry,Daylight
2024-12-13T14:49:00.000,I 85,I 85 and Beaver Ruin Rd,,Rear End,2,Clear,Dry,Daylight
2024-08-01T08:15:00.000,I 85,I 85 and Beaver Ruin Rd,,Rear End,2,Clear,Dry,Daylight
2024-03-28T18:52:00.000,I 85,I 85 and Beaver Ruin Rd,,Rear End,2,Clear,Dry,Daylight
2024-09-23T13:17:00.000,I 85,I 85 and Beaver Ruin Rd,,Rear End,2,Clear,Dry,Daylight
2024-11-04T10:20:00.000,I 85,I 85 and Beaver Ruin Rd,,Sideswipe-Same Direction,2,Cloudy,Dry,Daylight
2024-09-04T11:42:00.000,I 85,I 85 and Beaver Ruin Rd,,Not a Collision with Motor Vehicle,1,Clear,Dry,Daylight
2024-02-29T13:28:00.000,I 85,I 85 and Beaver Ruin Rd,,Sideswipe-Same Direction,2,Cloudy,Dry,Daylight
2024-11-10T17:21:00.000,I 85,I 85 and Beaver Ruin Rd,,Sideswipe-Same Direction,2,Cloudy,Wet,Dark-Lighted
2024-04-15T06:42:00.000,I 85,I 85 and Beaver Ruin Rd,,Rear End,2,Clear,Dry,Dawn
2024-04-26T10:55:00.000,I 85,I 85 and Beaver Ruin Rd,,Rear End,2,Cloudy,Dry,Daylight
2024-07-23T14:00:00.000,I 85,I 85 and Beaver Ruin Rd,,Rear End,2,Clear,Dry,Daylight
2024-04-21T12:51:00.000,I 85,I 85 and Beaver Ruin Rd,,Rear End,4,Rain,Wet,Daylight
2024-06-28T21:37:00.000,I 85,I 85 and Beaver Ruin Rd,,Sideswipe-Same Direction,2,Clear,Dry,Dark-Lighted
2024-03-31T10:29:00.000,I 85,I 85 and Beaver Ruin Rd,,Angle Crash,4,Clear,Dry,Daylight
2024-11-22T07:30:00.000,I 85,I 85 and Beaver Ruin Rd,,Sideswipe-Same Direction,2,Clear,Dry,Daylight
2024-11-11T17:49:00.000,I 85,I 85 and Beaver Ruin Rd,,Sideswipe-Same Direction,2,Clear,Dry,Dark-Lighted
2024-10-14T12:20:00.000,I 85,I 85 and Beaver Ruin Rd,,Rear End,2,Clear,Dry,Daylight
2024-04-03T08:02:00.000,I 85,I 85 and Beaver Ruin Rd,,Rear End,2,Cloudy,Dry,Daylight
2024-10-22T06:20:00.000,I 85,I 85 and Beaver Ruin Rd,,Rear End,2,Clear,Dry,Daylight
2024-06-23T15:09:00.000,I 85,I 85 and Beaver Ruin Rd,,Rear End,2,Clear,Dry,Daylight
2024-10-25T20:18:00.000,I 85,I 85 and Beaver Ruin Rd,,Sideswipe-Same Direction,2,Clear,Dry,Dark-Lighted
2024-05-16T10:40:00.000,I 85,I 85 and Beaver Ruin Rd,,Rear End,2,Clear,Dry,Daylight
2024-12-29T12:45:00.000,I 85,I 85 and Beaver Ruin Rd,,Rear End,4,Clear,Dry,Daylight
2024-10-18T06:21:00.000,I 85,I 85 and Beaver Ruin Rd,,Rear End,2,Clear,Dry,Dark-Lighted
2024-11-21T13:00:00.000,I 85,I 85 and Beaver Ruin Rd,,Sideswipe-Same Direction,2,Clear,Dry,Daylight
2024-08-21T15:23:00.000,I 85,I 85 and Beaver Ruin Rd,,Sideswipe-Same Direction,2,Clear,Dry,Daylight
2024-06-21T15:00:00.000,I 85,I 85 and Beaver Ruin Rd,,Not a Collision with Motor Vehicle,2,Clear,Dry,Daylight
2024-07-11T19:10:00.000,I 85,I 85 and Beaver Ruin Rd,,Sideswipe-Same Direction,2,Clear,Dry,Daylight
2024-12-02T10:28:00.000,I 85,I 85 and Beaver Ruin Rd,,Rear End,2,Clear,Dry,Daylight
2024-05-09T06:14:00.000,I 85,I 85 and Beaver Ruin Rd,,Angle Crash,2,Cloudy,Dry,Dark-Not Lighted
2024-02-02T11:47:00.000,I 85,I 85 and Beaver Ruin Rd,,Rear End,2,Clear,Dry,Daylight
2024-08-28T10:27:00.000,I 85,I 85 and Beaver Ruin Rd,,Sideswipe-Same Direction,2,Cloudy,Dry,Daylight
2024-12-15T21:48:00.000,I 85,I 85 and Beaver Ruin Rd,,Sideswipe-Same Direction,2,Clear,Wet,Dark-Lighted
2024-09-08T05:54:00.000,I 85,I 85 and Beaver Ruin Rd,,Not a Collision with Motor Vehicle,1,Clear,Dry,Dark-Lighted
2024-12-03T17:00:00.000,I 85,I 85 and Beaver Ruin Rd,,Rear End,2,Clear,Dry,Dawn
2024-05-15T00:10:00.000,I 85,I 85 and Beaver Ruin Rd,,Rear End,3,Clear,Dry,Dark-Lighted
2024-07-19T09:25:00.000,I 85,I 85 and Beaver Ruin Rd,,Rear End,2,Cloudy,Dry,Daylight
2024-06-25T21:50:00.000,I 85,I 85 and Beaver Ruin Rd,,Rear End,2,Clear,Dry,Dark-Lighted
2024-01-26T10:20:00.000,I 85,I 85 and Beaver Ruin Rd,,Rear End,2,Clear,Dry,Daylight
2024-10-02T15:32:00.000,I 85,I 85 and Beaver Ruin Rd,,Angle Crash,2,Clear,Dry,Daylight
2024-06-07T10:45:00.000,I 85,I 85 and Beaver Ruin Rd,,Rear End,3,Clear,Dry,Daylight
2024-01-04T08:10:00.000,I 85,I 85 and Beaver Ruin Rd,,Rear End,2,Clear,Dry,Daylight
2024-01-12T17:00:00.000,I 85,I 85 and Beaver Ruin Rd,,Sideswipe-Same Direction,2,Rain,Wet,Daylight
2024-02-19T15:16:00.000,I 85,I 85 and Beaver Ruin Rd,,Rear End,2,Cloudy,Dry,Daylight
2024-06-26T00:00:00.000,I 85,I 85 and Beaver Ruin Rd,,Rear End,2,Clear,Dry,Dark-Lighted
2024-09-28T19:28:00.000,I 85,I 85 and Beaver Ruin Rd,,Sideswipe-Same Direction,2,Clear,Dry,Dark-Lighted
2024-09-26T17:10:00.000,I 85,I 85 and Beaver Ruin Rd,,Rear End,2,Rain,Wet,Daylight
2024-12-12T16:00:00.000,I 85,I 85 and Beaver Ruin Rd,,Sideswipe-Same Direction,2,Clear,Dry,Daylight
2024-02-21T02:29:00.000,I 85,I 85 and Beaver Ruin Rd,,Sideswipe-Same Direction,2,Clear,Dry,Dark-Lighted
2024-11-15T09:35:00.000,I 85,I 85 and Beaver Ruin Rd,,Sideswipe-Same Direction,2,Clear,Dry,Daylight
2024-12-30T10:00:00.000,I 85,I 85 and Beaver Ruin Rd,,Rear End,2,Clear,Dry,Daylight
2024-10-13T19:53:00.000,I 85,I 85 and Beaver Ruin Rd,,Rear End,4,Clear,Dry,Dark-Lighted
2024-05-09T17:53:00.000,I 85,I 85 and Beaver Ruin Rd,,Sideswipe-Same Direction,2,Clear,Dry,Daylight
2024-02-19T15:16:00.000,I 85,I 85 and Beaver Ruin Rd,,Rear End,2,Cloudy,Dry,Daylight
2024-05-03T15:20:00.000,I 85,I 85 and Beaver Ruin Rd,,Sideswipe-Same Direction,2,Clear,Dry,Daylight
2024-06-12T08:45:00.000,I 85,I 85 and Beaver Ruin Rd,,Rear End,2,Cloudy,Dry,Daylight
2024-12-31T00:00:00.000,I 85,I 85 and Beaver Ruin Rd,,Rear End,2,Clear,Dry,Daylight
2024-10-22T12:50:00.000,I 85,I 85 and Beaver Ruin Rd,,Rear End,4,Clear,Dry,Daylight
2024-06-02T11:31:00.000,I 85,I 85 and Beaver Ruin Rd,,Angle Crash,3,Clear,Dry,Daylight
2024-01-11T20:59:00.000,I 85,I 85 and Beaver Ruin Rd,,Angle Crash,2,Clear,Dry,Dark-Lighted
2024-09-02T21:41:00.000,I 85,I 85 and Beaver Ruin Rd,,Rear End,2,Clear,Dry,Dark-Lighted
2024-04-11T06:20:00.000,I 85,I 85 and Beaver Ruin Rd,,Rear End,3,Cloudy,Wet,Dark-Lighted
2024-08-28T11:23:00.000,I 85,I 85 and Beaver Ruin Rd,,Angle Crash,2,Cloudy,Dry,Daylight
2024-07-10T01:23:00.000,I 85,I 85 and Beaver Ruin Rd,,Rear End,2,Clear,Dry,Dark-Lighted
2024-12-31T12:30:00.000,I 85,I 85 and Beaver Ruin Rd,,Not a Collision with Motor Vehicle,1,Clear,Dry,Daylight
2024-02-29T16:33:00.000,I 85,I 85 and Beaver Ruin Rd,,Rear End,2,Cloudy,Dry,Daylight
2021-09-14T06:55:00.000,I 85,I 85 and Beaver Ruin Opas,,Rear End,5,Clear,Dry,Daylight
2020-09-30T16:21:00.000,I 85,I 85 and Beaver Ruin On Rp,,Sideswipe-Same Direction,2,Clear,Dry,Daylight
2024-08-27T20:30:00.000,I 85,I 85 and Beaver Ruin Exit Rp,,Sideswipe-Same Direction,2,Clear,Dry,Dark-Lighted
2024-04-22T19:04:00.000,I 85,I 85 and Beaver Ruin Exit Rp,,Not a Collision with Motor Vehicle,1,Clear,Dry,Daylight
2024-07-06T03:00:00.000,I 85,I 85 and Beaver Ruin Exit Rp,,Rear End,2,Clear,Dry,Dark-Not Lighted
2024-07-13T12:03:00.000,I 85,I 85 and Beaver Ruin Exit 102,,Rear End,3,Clear,Dry,Daylight
2024-02-27T07:25:00.000,I 85,I 85 and Beaver Ruin Exit 102,,Rear End,2,Clear,Dry,Daylight
2020-06-20T21:50:00.000,I 85,I 85 and Beaver Ruin Exit,,Angle Crash,2,Clear,Dry,Dark-Lighted
2021-05-14T08:50:00.000,I 85,I 85 and Beaver Ruin Dr,,Rear End,2,Clear,Dry,Daylight
2021-05-25T10:00:00.000,I 85,I 85 and Beaver Ruin Dr,,Rear End,2,Clear,Dry,Daylight
2021-05-12T06:38:00.000,I 85,I 85 and Beaver Ruin Dr,,Angle Crash,4,Rain,Wet,Dawn
2021-06-03T08:40:00.000,I 85,I 85 and Beaver Ruin,,Not a Collision with Motor Vehicle,1,Clear,Dry,Daylight
2021-09-03T14:10:00.000,I 85,I 85 and Beaver Ruin,,Not a Collision with Motor Vehicle,2,Clear,Dry,Daylight
2021-11-27T17:50:00.000,I 85,I 85 and Beaver Ruin,,Sideswipe-Same Direction,2,Clear,Dry,Dark-Lighted
2021-09-23T06:40:00.000,I 85,I 85 and Beaver Ruin,,Rear End,2,Clear,Dry,Daylight
2021-03-22T21:25:00.000,I 85,I 85 and Beaver Ruin,,Rear End,2,Clear,Dry,Dark-Lighted
2021-04-27T09:00:00.000,I 85,I 85 and Beaver Ruin,,Rear End,3,Clear,Dry,Daylight
2021-03-26T16:33:00.000,I 85,I 85 and Beaver Ruin,,Rear End,2,Clear,Dry,Daylight
2021-03-05T08:25:00.000,I 85,I 85 and Beaver Ruin,,Sideswipe-Same Direction,2,Clear,Dry,Daylight
2021-06-29T09:11:00.000,I 85,I 85 and Beaver Ruin,,Sideswipe-Same Direction,2,Clear,Wet,Daylight
2021-03-27T15:00:00.000,I 85,I 85 and Beaver Ruin,,Rear End,2,Clear,Dry,Daylight
2021-08-24T07:48:00.000,I 85,I 85 and Beaver Ruin,,Rear End,2,Clear,Dry,Daylight
2021-08-24T07:00:00.000,I 85,I 85 and Beaver Ruin,,Rear End,2,Clear,Dry,Daylight
2021-11-15T16:00:00.000,I 85,I 85 and Beaver Ruin,,Sideswipe-Same Direction,3,Cloudy,Dry,Daylight
2021-08-19T09:00:00.000,I 85,I 85 and Beaver Ruin,,Rear End,2,Clear,Dry,Daylight
2021-08-24T08:00:00.000,I 85,I 85 and Beaver Ruin,,Rear End,2,Clear,Dry,Daylight
2021-09-10T06:59:00.000,I 85,I 85 and Beaver Ruin,,Rear End,3,Clear,Dry,Daylight
2021-08-11T09:30:00.000,I 85,I 85 and Beaver Ruin,,Sideswipe-Same Direction,2,Clear,Dry,Daylight
2021-05-19T06:55:00.000,I 85,I 85 and Beaver Ruin,,Rear End,2,Clear,Dry,Daylight
2020-10-26T08:00:00.000,I 85,I 85 and Beaver Ruin,,Not a Collision with Motor Vehicle,2,Clear,Dry,Daylight
2023-10-09T12:45:00.000,I 85,I 85 and Beaver Ruin,,Rear End,2,Clear,Dry,Daylight
2023-09-26T13:02:00.000,I 85,I 85 and Beaver Ruin,,Sideswipe-Same Direction,3,Clear,Dry,Daylight
2023-08-13T05:15:00.000,I 85,I 85 and Beaver Ruin,,Sideswipe-Same Direction,2,Clear,Dry,Dark-Lighted
2023-07-15T15:25:00.000,I 85,I 85 and Beaver Ruin,,Sideswipe-Same Direction,3,Cloudy,Dry,Daylight
2023-03-03T07:15:00.000,I 85,I 85 and Beaver Ruin,,Rear End,2,Cloudy,Wet,Daylight
2023-04-14T11:35:00.000,I 85,I 85 and Beaver Ruin,,Rear End,2,Rain,Wet,Daylight
2023-01-19T12:09:00.000,I 85,I 85 and Beaver Ruin,,Rear End,2,Clear,Dry,Daylight
2023-03-17T09:10:00.000,I 85,I 85 and Beaver Ruin,,Rear End,2,Rain,Wet,Daylight
2023-03-07T20:30:00.000,I 85,I 85 and Beaver Ruin,,Rear End,2,Clear,Dry,Dark-Not Lighted
2023-10-02T07:16:00.000,I 85,I 85 and Beaver Ruin,,Sideswipe-Same Direction,2,Clear,Dry,Dawn
2023-04-14T08:00:00.000,I 85,I 85 and Beaver Ruin,,Rear End,4,Clear,Wet,Daylight
2023-03-17T16:30:00.000,I 85,I 85 and Beaver Ruin,,Rear End,2,Rain,Wet,Daylight
2023-01-19T12:27:00.000,I 85,I 85 and Beaver Ruin,,Rear End,2,Clear,Dry,Daylight
2022-04-07T09:20:00.000,I 85,I 85 and Beaver Ruin,,Sideswipe-Same Direction,2,Cloudy,Wet,Daylight
2022-08-02T13:30:00.000,I 85,I 85 and Beaver Ruin,,Rear End,2,Cloudy,Dry,Daylight
2022-08-03T22:18:00.000,I 85,I 85 and Beaver Ruin,,Sideswipe-Same Direction,2,Rain,Wet,Dark-Lighted
2022-03-10T08:55:00.000,I 85,I 85 and Beaver Ruin,,Rear End,2,Clear,Dry,Daylight
2020-12-10T10:08:00.000,I 85,I 85 and Beaver Ruin,,Rear End,2,Clear,Dry,Daylight
2020-10-15T00:26:00.000,I 85,I 85 and Beaver Ruin,,Angle Crash,2,Clear,Dry,Dark-Lighted
2020-07-04T22:30:00.000,I 85,I 85 and Beaver Ruin,,Sideswipe-Same Direction,2,Clear,Dry,Dark-Lighted
2020-10-14T07:00:00.000,I 85,I 85 and Beaver Ruin,,Rear End,2,Clear,Dry,Daylight
2020-04-28T06:46:00.000,I 85,I 85 and Beaver Ruin,,Not a Collision with Motor Vehicle,1,Clear,Dry,Dawn
2020-11-30T12:25:00.000,I 85,I 85 and Beaver Ruin,,Rear End,2,Cloudy,Wet,Daylight
2021-06-23T07:20:00.000,I 85,I 85 and Beaver Ruin,,Not a Collision with Motor Vehicle,2,Clear,Dry,Daylight
2021-05-27T07:19:00.000,I 85,I 85 and Beaver Ruin,,Rear End,3,Clear,Dry,Daylight
2021-06-10T11:40:00.000,I 85,I 85 and Beaver Ruin,,Rear End,2,Clear,Dry,Daylight
2021-10-08T15:14:00.000,I 85,I 85 and Beaver Ruin,,Rear End,3,Clear,Dry,Daylight
2021-09-07T06:55:00.000,I 85,I 85 and Beaver Ruin,,Rear End,3,Cloudy,Dry,Daylight
2021-10-30T17:18:00.000,I 85,I 85 and Beaver Ruin,,Rear End,2,Rain,Wet,Daylight
2021-09-03T09:37:00.000,I 85,I 85 and Beaver Ruin,,Rear End,2,Clear,Dry,Daylight
2021-10-24T01:00:00.000,I 85,I 85 and Beaver Ruin,,Sideswipe-Same Direction,2,Clear,Dry,Dark-Not Lighted
2021-09-18T20:03:00.000,I 85,I 85 and Beaver Ruin,,Rear End,3,Rain,Wet,Dark-Lighted
2021-10-11T15:34:00.000,I 85,I 85 and Beaver Ruin,,Rear End,2,Clear,Dry,Daylight
2021-09-08T10:30:00.000,I 85,I 85 and Beaver Ruin,,Sideswipe-Same Direction,2,Clear,Dry,Daylight
2021-10-14T07:30:00.000,I 85,I 85 and Beaver Ruin,,Rear End,2,Cloudy,Dry,Daylight
2021-08-30T15:00:00.000,I 85,I 85 and Beaver Ruin,,Sideswipe-Same Direction,2,Clear,Dry,Daylight
2021-09-08T06:43:00.000,I 85,I 85 and Beaver Ruin,,Rear End,2,Clear,Wet,Dawn
2021-07-27T08:00:00.000,I 85,I 85 and Beaver Ruin,,Rear End,3,Clear,Dry,Daylight
2021-07-12T06:17:00.000,I 85,I 85 and Beaver Ruin,,Rear End,2,Clear,Dry,Daylight
2022-12-15T11:40:00.000,I 85,I 85 and Beaver Ruin,,Rear End,4,Clear,Wet,Daylight
2022-11-18T16:30:00.000,I 85,I 85 and Beaver Ruin,,Rear End,2,Clear,Dry,Daylight
2022-07-21T06:53:00.000,I 85,I 85 and Beaver Ruin,,Rear End,2,Rain,Wet,Daylight
2022-05-26T16:01:00.000,I 85,I 85 and Beaver Ruin,,Rear End,2,Rain,Wet,Daylight
2022-07-21T12:22:00.000,I 85,I 85 and Beaver Ruin,,Rear End,3,Clear,Wet,Daylight
2022-02-28T09:00:00.000,I 85,I 85 and Beaver Ruin,,Rear End,2,Cloudy,Dry,Daylight
2022-04-18T10:26:00.000,I 85,I 85 and Beaver Ruin,,Rear End,2,Cloudy,Wet,Daylight
2022-12-20T16:15:00.000,I 85,I 85 and Beaver Ruin,,Rear End,2,Clear,Wet,Daylight
2022-05-16T11:45:00.000,I 85,I 85 and Beaver Ruin,,Rear End,2,Cloudy,Dry,Daylight
2022-05-02T06:08:00.000,I 85,I 85 and Beaver Ruin,,Rear End,4,Cloudy,Dry,Dark-Lighted
2022-10-05T12:21:00.000,I 85,I 85 and Beaver Ruin,,Rear End,4,Clear,Dry,Daylight
2022-03-17T09:00:00.000,I 85,I 85 and Beaver Ruin,,Sideswipe-Same Direction,2,Clear,Wet,Daylight