Date and Time,Roadway (From Crash Report),Intersection Name (from Crash Report),KABCO Severity,Manner of Collision (Crash Level) ,# of Vehicles per crash ,Weather Conditions (Crash Level),Surface Condition (Crash Level) ,Light Conditions (Crash Level)
2022-04-25T15:12:00.000,I 85,I 85 and Beaver Ruin,,Rear End,2,Clear,Dry,Daylight
2022-07-28T23:11:00.000,I 85,I 85 and Beaver Ruin,,Angle Crash,2,Clear,Dry,Dark-Lighted
2022-08-19T13:51:00.000,I 85,I 85 and Beaver Ruin,,Rear End,5,Clear,Wet,Daylight
2022-09-02T08:00:00.000,I 85,I 85 and Beaver Ruin,,Rear End,2,Cloudy,Dry,Daylight
2022-07-15T08:45:00.000,I 85,I 85 and Beaver Ruin,,Sideswipe-Same Direction,3,Cloudy,Dry,Daylight
2022-06-15T10:19:00.000,I 85,I 85 and Beaver Ruin,,Rear End,3,Clear,Dry,Daylight
2024-05-23T10:45:00.000,I 85,I 85 and Beaver Ruin,,Rear End,2,Cloudy,Dry,Daylight
2024-04-15T22:48:00.000,I 85,I 85 and Beaver Ruin,,Sideswipe-Same Direction,3,Clear,Dry,Dark-Lighted
2024-01-23T07:20:00.000,I 85,I 85 and Beaver Ruin,,Sideswipe-Same Direction,2,Rain,Wet,Dawn
2024-01-26T10:46:00.000,I 85,I 85 and Beaver Ruin,,Rear End,2,Cloudy,Wet,Daylight
2024-07-25T07:30:00.000,I 85,I 85 and Beaver Ruin,,Rear End,2,Cloudy,Wet,Daylight
2024-04-12T06:35:00.000,I 85,I 85 and Beaver Ruin,,Rear End,3,Clear,Dry,Daylight
2024-06-01T15:23:00.000,I 85,I 85 and Beaver Ruin,,Rear End,3,Cloudy,Dry,Daylight
2024-06-05T14:20:00.000,I 85,I 85 and Beaver Ruin,,Rear End,4,Cloudy,Wet,Daylight
2023-12-15T13:45:00.000,I 85,I 85 and Beaver Ruin,,Rear End,2,Clear,Dry,Daylight
2023-10-29T15:10:00.000,I 85,I 85 and Beaver Ruin,,Rear End,3,Clear,Dry,Daylight
2024-02-29T06:12:00.000,I 85,I 85 and Beaver Ruin,,Rear End,2,Cloudy,Dry,Dawn
2024-07-07T04:22:00.000,I 85,I 85 and Beaver Ruin,,Rear End,2,Clear,Wet,Dark-Not Lighted
2023-11-14T10:40:00.000,I 85,I 85 and Beaver Ruin,,Rear End,2,Clear,Dry,Daylight
2023-08-04T10:40:00.000,I 85,I 85 and Beaver Ruin,,Rear End,2,Clear,Dry,Daylight
2023-11-18T03:55:00.000,I 85,I 85 and Beaver Ruin,,Sideswipe-Same Direction,2,Cloudy,Dry,Dark-Lighted
2023-09-21T11:40:00.000,I 85,I 85 and Beaver Ruin,,Rear End,2,Clear,Dry,Daylight
2023-03-03T10:25:00.000,I 85,I 85 and Beaver Ruin,,Rear End,2,Rain,Wet,Daylight
2023-12-20T15:39:00.000,I 85,I 85 and Beaver Ruin,,Rear End,3,Clear,Dry,Daylight
2023-08-01T14:25:00.000,I 85,I 85 and Beaver Ruin,,Rear End,2,Clear,Dry,Daylight
2023-08-04T18:00:00.000,I 85,I 85 and Beaver Ruin,,Sideswipe-Same Direction,2,Clear,Dry,Daylight
2023-07-05T14:15:00.000,I 85,I 85 and Beaver Ruin,,Angle Crash,2,Cloudy,Wet,Daylight
2023-04-06T11:50:00.000,I 85,I 85 and Beaver Ruin,,Rear End,2,Cloudy,Dry,Daylight
2024-09-25T03:24:00.000,I 85,I 85 and Beaver Ruin,,Sideswipe-Same Direction,3,Clear,Dry,Dark-Not Lighted
2024-03-28T07:08:00.000,I 85,I 85 and Beaver Ruin,,Not a Collision with Motor Vehicle,1,Clear,Dry,Daylight
2024-12-05T08:50:00.000,I 85,I 85 and Beaver Ruin,,Rear End,2,Clear,Dry,Daylight
2024-02-23T14:45:00.000,I 85,I 85 and Beaver Ruin,,Rear End,3,Clear,Dry,Daylight
2024-05-24T18:57:00.000,I 85,I 85 and Beaver Ruin,,Rear End,2,Clear,Dry,Daylight
2024-02-13T18:15:00.000,I 85,I 85 and Beaver Ruin,,Sideswipe-Same Direction,2,Clear,Dry,Daylight
2024-08-27T21:21:00.000,I 85,I 85 and Beaver Ruin,,Sideswipe-Same Direction,2,Clear,Dry,Dark-Lighted
2024-10-23T18:56:00.000,I 85,I 85 and Beaver Ruin,,Rear End,2,Clear,Dry,Daylight
2024-07-03T18:24:00.000,I 85,I 85 and Beaver Ruin,,Rear End,2,Clear,Dry,Daylight
2024-03-16T11:45:00.000,I 85,I 85 and Beaver Ruin,,Rear End,3,Clear,Dry,Daylight
2024-07-18T16:30:00.000,I 85,I 85 and Beaver Ruin,,Rear End,2,Clear,Dry,Daylight
2024-07-12T23:29:00.000,I 85,I 85 and Beaver Ruin,,Sideswipe-Same Direction,2,Clear,Dry,Dark-Lighted
2024-05-07T10:21:00.000,I 85,I 85 and Beaver Ruin,,Angle Crash,2,Clear,Dry,Daylight
2024-08-22T10:20:00.000,I 85,I 85 and Beaver Ruin,,Rear End,2,Clear,Dry,Daylight
2024-06-13T14:35:00.000,I 85,I 85 and Beaver Ruin,,Rear End,2,Clear,Dry,Daylight
2024-10-20T17:48:00.000,I 85,I 85 and Beaver Ruin,,Rear End,3,Clear,Dry,Daylight
2024-06-10T23:46:00.000,I 85,I 85 and Beaver Ruin,,Angle Crash,2,Clear,Dry,Dark-Lighted
2024-12-17T10:12:00.000,I 85,I 85 and Beaver Ruin,,Rear End,2,Clear,Dry,Daylight
2024-07-11T10:05:00.000,I 85,I 85 and Beaver Ruin,,Sideswipe-Same Direction,2,Clear,Dry,Daylight
2024-01-15T18:40:00.000,I 85,I 85 and Beaver Ruin,,Sideswipe-Same Direction,2,Clear,Dry,Dark-Lighted
2024-10-28T05:19:00.000,I 85,I 85 and Beaver Ruin,,Rear End,2,Clear,Dry,Dark-Not Lighted
2024-10-12T14:14:00.000,I 85,I 85 and Beaver Ruin,,Rear End,2,Clear,Dry,Daylight
2022-08-23T14:45:00.000,I 85,I 85 and Beaver Ruiin Rd,,Angle Crash,2,Cloudy,Dry,Daylight
2023-03-15T06:17:00.000,I 85,I 85 and Beave Ruin Rd,,Rear End,2,Clear,Dry,Dark-Not Lighted
2022-06-15T17:30:00.000,I 85,I 85 and Beave Ruin Rd,,Rear End,2,Clear,Dry,Daylight
2022-03-19T15:40:00.000,I 85,I 85 and Beave Ruin Rd,,Rear End,2,Clear,Dry,Daylight
2023-11-07T11:45:00.000,I 85,I 85 and Beavder Ruin Rd,,Rear End,2,Cloudy,Dry,Daylight
2020-02-04T06:18:00.000,I 85,I 85 and Beaer Ruin Rd,,Rear End,3,Clear,Dry,Dark-Lighted
2023-01-21T12:47:00.000,I 85,I 85 and Beach Crk,,Not a Collision with Motor Vehicle,1,Cloudy,Dry,Daylight
2023-05-19T06:30:00.000,I 85,I 85 and Bea Ver Ruin,,Rear End,2,Cloudy,Dry,Dawn
2022-04-21T17:47:00.000,I 85,I 85 and Barrow-Gwinnett County Line,,Rear End,2,Cloudy,Dry,Daylight
2023-05-17T01:11:00.000,I 85,I 85 and Barrow County,,Sideswipe-Same Direction,2,Cloudy,Dry,Dark-Lighted
2020-06-30T17:50:00.000,I 85,I 85 and Baker Street Opas,,Rear End,2,Cloudy,Wet,Daylight
2020-06-04T16:15:00.000,I 85,I 85 and Baker Street Opas,,Rear End,2,Clear,Dry,Daylight
2021-04-14T17:50:00.000,I 85,I 85 and Baker St,,Sideswipe-Same Direction,2,Cloudy,Wet,Daylight
2020-11-16T18:10:00.000,I 85,I 85 and Baker St,,Rear End,2,Clear,Dry,Dark-Lighted
2020-07-03T15:40:00.000,I 85,I 85 and Baker St,,Rear End,2,Clear,Dry,Daylight
2020-10-24T23:42:00.000,I 85,I 85 and Baker St,,Angle Crash,2,Rain,Wet,Dark-Lighted
2020-01-31T19:50:00.000,I 85,I 85 and Baker St,,Rear End,2,Cloudy,Dry,Dark-Lighted
2024-06-07T20:05:00.000,I 85,I 85 and Awrenceville Suwanee Rd,,Rear End,2,Cloudy,Dry,Daylight
2021-05-21T17:03:00.000,I 85,I 85 and Auburn Avenue Underpass,,Rear End,2,Clear,Dry,Daylight
2021-01-15T12:25:00.000,I 85,I 85 and Auburn Ave,,Rear End,2,Clear,Dry,Daylight
2021-03-15T14:00:00.000,I 85,I 85 and Auburn Ave,,Rear End,2,Clear,Dry,Daylight
2021-09-20T15:34:00.000,I 85,I 85 and Auburn Ave,,Rear End,2,Rain,Wet,Daylight
2020-12-09T18:00:00.000,I 85,I 85 and Auburn Ave,,Rear End,2,Clear,Dry,Dark-Lighted
2020-02-26T17:25:00.000,I 85,I 85 and Auburn Ave,,Sideswipe-Same Direction,2,Cloudy,Dry,Daylight
2021-01-21T15:40:00.000,I 85,I 85 and Auburn Ave,,Rear End,2,Rain,Wet,Daylight
2021-02-24T16:34:00.000,I 85,I 85 and Auburn Ave,,Rear End,2,Clear,Dry,Daylight
2020-06-05T14:00:00.000,I 85,I 85 and Auburen Ave,,Sideswipe-Same Direction,2,Cloudy,Wet,Daylight
2021-08-13T18:13:00.000,I 85,I 85 and Atlanta Byp,,Rear End,3,Clear,Dry,Daylight
2023-11-13T21:23:00.000,I 85,I 85 and Atlanta Byp,,Rear End,2,Clear,Dry,Dark-Lighted
2021-04-11T13:43:00.000,I 85,I 85 and Atlanta Byp,,Sideswipe-Same Direction,2,Clear,Dry,Daylight
2020-08-16T22:51:00.000,I 85,I 85 and Atl Bypass Split,,Angle Crash,1,Clear,Dry,Dark-Lighted
2020-09-13T14:00:00.000,I 85,I 85 and At Pine St,,Rear End,3,Clear,Dry,Daylight
2020-09-16T15:31:00.000,I 85,I 85 and Arthur Langford Pkwy,,Not a Collision with Motor Vehicle,1,Rain,Wet,Daylight
2020-07-26T15:01:00.000,I 85,I 85 and Arthur Langford Pkwy,,Sideswipe-Same Direction,2,Clear,Dry,Daylight
2020-01-15T02:03:00.000,I 85,I 85 and Arthur Langford Pkwy,,Not a Collision with Motor Vehicle,1,Cloudy,Wet,Dark-Lighted
2020-03-05T01:24:00.000,I 85,I 85 and Arthur Langford,,Not a Collision with Motor Vehicle,1,Rain,Wet,Dark-Lighted
2020-01-03T14:00:00.000,I 85,I 85 and Armour Rd,,Rear End,2,Rain,Wet,Daylight
2022-01-28T19:10:00.000,I 85,I 85 and Armour Rd,,Rear End,2,Clear,Dry,Dark-Lighted
2022-10-27T14:00:00.000,I 85,I 85 and Armour Rd,,Rear End,2,Clear,Dry,Daylight
2024-08-27T09:20:00.000,I 85,I 85 and Armour Rd,,Rear End,2,Clear,Dry,Daylight
2021-05-04T15:10:00.000,I 85,I 85 and Armour Drve,,Rear End,2,Rain,Wet,Daylight
2024-06-04T15:32:00.000,I 85,I 85 and Armour Drive Opas,,Rear End,2,Clear,Wet,Daylight
2024-07-29T14:10:00.000,I 85,I 85 and Armour Dr Opas,,Rear End,7,Clear,Dry,Daylight
2021-02-11T15:35:00.000,I 85,I 85 and Armour Dr,,Rear End,4,Rain,Wet,Daylight
2021-01-09T04:02:00.000,I 85,I 85 and Armour Dr,,Rear End,2,Clear,Dry,Dark-Lighted
2021-05-25T09:30:00.000,I 85,I 85 and Armour Dr,,Sideswipe-Same Direction,2,Clear,Dry,Daylight
2021-04-13T16:45:00.000,I 85,I 85 and Armour Dr,,Rear End,3,Clear,Dry,Daylight
2021-02-05T15:35:00.000,I 85,I 85 and Armour Dr,,Rear End,2,Clear,Dry,Daylight
2021-01-27T17:35:00.000,I 85,I 85 and Armour Dr,,Rear End,2,Rain,Wet,Daylight
2021-05-03T12:56:00.000,I 85,I 85 and Armour Dr,,Rear End,4,Rain,Wet,Daylight
2021-06-29T18:15:00.000,I 85,I 85 and Armour Dr,,Sideswipe-Same Direction,2,Clear,Dry,Daylight
2021-06-23T16:10:00.000,I 85,I 85 and Armour Dr,,Rear End,2,Clear,Dry,Daylight
2021-04-06T18:50:00.000,I 85,I 85 and Armour Dr,,Rear End,2,Clear,Dry,Daylight
2021-04-09T18:02:00.000,I 85,I 85 and Armour Dr,,Rear End,5,Clear,Dry,Daylight
2021-06-24T17:12:00.000,I 85,I 85 and Armour Dr,,Sideswipe-Same Direction,2,Clear,Dry,Daylight
2021-07-02T10:47:00.000,I 85,I 85 and Armour Dr,,Rear End,2,Rain,Wet,Daylight
2021-08-02T11:20:00.000,I 85,I 85 and Armour Dr,,Sideswipe-Same Direction,2,Clear,Dry,Daylight
2021-08-02T15:37:00.000,I 85,I 85 and Armour Dr,,Rear End,4,Clear,Dry,Daylight
2021-08-06T13:25:00.000,I 85,I 85 and Armour Dr,,Rear End,3,Clear,Dry,Daylight
2021-07-20T17:50:00.000,I 85,I 85 and Armour Dr,,Rear End,2,Clear,Wet,Daylight
2021-11-04T16:00:00.000,I 85,I 85 and Armour Dr,,Rear End,2,Rain,Wet,Daylight
2021-09-30T08:00:00.000,I 85,I 85 and Armour Dr,,Sideswipe-Same Direction,2,Clear,Dry,Daylight
2021-08-27T17:30:00.000,I 85,I 85 and Armour Dr,,Rear End,2,Clear,Dry,Daylight
2021-11-29T12:00:00.000,I 85,I 85 and Armour Dr,,Sideswipe-Same Direction,5,Clear,Dry,Daylight
2021-07-16T19:10:00.000,I 85,I 85 and Armour Dr,,Rear End,2,Cloudy,Wet,Daylight
2021-09-08T13:00:00.000,I 85,I 85 and Armour Dr,,Rear End,2,Clear,Dry,Daylight
2021-10-12T14:00:00.000,I 85,I 85 and Armour Dr,,Rear End,3,Clear,Dry,Daylight
2021-09-07T10:00:00.000,I 85,I 85 and Armour Dr,,Rear End,2,Clear,Dry,Daylight
2021-10-14T16:04:00.000,I 85,I 85 and Armour Dr,,Rear End,2,Clear,Dry,Daylight
2021-11-04T15:10:00.000,I 85,I 85 and Armour Dr,,Rear End,2,Rain,Wet,Daylight
2021-03-12T14:15:00.000,I 85,I 85 and Armour Dr,,Rear End,2,Clear,Dry,Daylight
2021-01-25T16:30:00.000,I 85,I 85 and Armour Dr,,Sideswipe-Same Direction,2,Clear,Dry,Daylight
2021-02-05T14:50:00.000,I 85,I 85 and Armour Dr,,Rear End,3,Clear,Dry,Daylight
2021-04-20T14:25:00.000,I 85,I 85 and Armour Dr,,Rear End,3,Clear,Dry,Daylight
2021-01-22T19:45:00.000,I 85,I 85 and Armour Dr,,Not a Collision with Motor Vehicle,1,Cloudy,Dry,Dark-Lighted
2021-03-25T10:55:00.000,I 85,I 85 and Armour Dr,,Rear End,2,Rain,Wet,Daylight
2021-06-07T18:25:00.000,I 85,I 85 and Armour Dr,,Rear End,2,Cloudy,Wet,Daylight
2021-03-18T08:15:00.000,I 85,I 85 and Armour Dr,,Rear End,2,Rain,Wet,Daylight
2021-05-25T12:50:00.000,I 85,I 85 and Armour Dr,,Rear End,2,Clear,Dry,Daylight
2021-03-12T16:20:00.000,I 85,I 85 and Armour Dr,,Sideswipe-Same Direction,2,Clear,Dry,Daylight
2021-03-16T00:30:00.000,I 85,I 85 and Armour Dr,,Rear End,2,Rain,Wet,Dark-Lighted
2021-03-16T21:28:00.000,I 85,I 85 and Armour Dr,,Rear End,2,Clear,Wet,Dark-Lighted
2021-05-11T17:29:00.000,I 85,I 85 and Armour Dr,,Sideswipe-Same Direction,4,Clear,Dry,Daylight
2021-01-14T23:58:00.000,I 85,I 85 and Armour Dr,,Sideswipe-Same Direction,2,Clear,Dry,Dark-Lighted
2021-05-11T10:35:00.000,I 85,I 85 and Armour Dr,,Rear End,3,Clear,Dry,Daylight
2021-02-25T18:39:00.000,I 85,I 85 and Armour Dr,,Rear End,4,Clear,Dry,Daylight
2021-03-30T15:15:00.000,I 85,I 85 and Armour Dr,,Rear End,3,Clear,Dry,Daylight
2021-03-23T08:45:00.000,I 85,I 85 and Armour Dr,,Rear End,2,Cloudy,Dry,Daylight
2021-09-08T08:20:00.000,I 85,I 85 and Armour Dr,,Rear End,2,Clear,Dry,Daylight
2021-09-20T15:30:00.000,I 85,I 85 and Armour Dr,,Rear End,2,Rain,Wet,Daylight
2021-11-04T12:55:00.000,I 85,I 85 and Armour Dr,,Rear End,3,Rain,Wet,Daylight
2021-12-10T13:45:00.000,I 85,I 85 and Armour Dr,,Rear End,2,Cloudy,Wet,Daylight
2021-07-26T07:59:00.000,I 85,I 85 and Armour Dr,,Sideswipe-Same Direction,2,Clear,Dry,Daylight
2021-11-02T15:00:00.000,I 85,I 85 and Armour Dr,,Sideswipe-Same Direction,2,Clear,Dry,Daylight
2021-10-28T12:50:00.000,I 85,I 85 and Armour Dr,,Rear End,2,Rain,Wet,Daylight
2021-09-13T14:10:00.000,I 85,I 85 and Armour Dr,,Rear End,2,Clear,Dry,Daylight
2021-10-11T07:55:00.000,I 85,I 85 and Armour Dr,,Rear End,2,Clear,Dry,Daylight
2021-09-16T09:40:00.000,I 85,I 85 and Armour Dr,,Rear End,2,Rain,Wet,Daylight
2021-11-22T09:20:00.000,I 85,I 85 and Armour Dr,,Rear End,4,Rain,Wet,Daylight
2021-10-11T17:00:00.000,I 85,I 85 and Armour Dr,,Rear End,2,Clear,Dry,Daylight
2021-08-19T18:25:00.000,I 85,I 85 and Armour Dr,,Rear End,3,Rain,Wet,Daylight
2021-11-09T14:00:00.000,I 85,I 85 and Armour Dr,,Rear End,2,Clear,Dry,Daylight
2021-11-11T19:56:00.000,I 85,I 85 and Armour Dr,,Rear End,2,Rain,Wet,Dark-Not Lighted
2021-09-14T15:20:00.000,I 85,I 85 and Armour Dr,,Rear End,2,Clear,Dry,Daylight
2021-08-28T19:30:00.000,I 85,I 85 and Armour Dr,,Sideswipe-Same Direction,2,Clear,Dry,Dark-Lighted
2021-09-16T17:40:00.000,I 85,I 85 and Armour Dr,,Rear End,2,Rain,Wet,Daylight
2021-09-10T07:50:00.000,I 85,I 85 and Armour Dr,,Sideswipe-Same Direction,2,Clear,Dry,Daylight
2021-09-17T14:20:00.000,I 85,I 85 and Armour Dr,,Rear End,2,Clear,Dry,Daylight
2021-08-09T16:00:00.000,I 85,I 85 and Armour Dr,,Rear End,2,Cloudy,Dry,Daylight
2021-12-10T13:09:00.000,I 85,I 85 and Armour Dr,,Rear End,2,Cloudy,Wet,Daylight
2021-10-13T11:40:00.000,I 85,I 85 and Armour Dr,,Rear End,2,Clear,Dry,Daylight
2021-12-29T09:20:00.000,I 85,I 85 and Armour Dr,,Rear End,2,Rain,Wet,Daylight
2021-04-09T18:00:00.000,I 85,I 85 and Armour Dr,,Rear End,3,Cloudy,Dry,Daylight
2021-03-26T11:15:00.000,I 85,I 85 and Armour Dr,,Rear End,2,Cloudy,Wet,Daylight
2021-04-06T15:00:00.000,I 85,I 85 and Armour Dr,,Rear End,3,Clear,Dry,Daylight
2021-02-05T14:45:00.000,I 85,I 85 and Armour Dr,,Rear End,2,Clear,Dry,Daylight
2021-04-06T08:00:00.000,I 85,I 85 and Armour Dr,,Rear End,2,Clear,Dry,Daylight
2021-03-29T16:20:00.000,I 85,I 85 and Armour Dr,,Angle Crash,3,Clear,Dry,Daylight
2021-03-29T18:35:00.000,I 85,I 85 and Armour Dr,,Rear End,3,Clear,Dry,Daylight
2021-05-03T16:40:00.000,I 85,I 85 and Armour Dr,,Rear End,3,Rain,Wet,Daylight
2021-06-10T16:10:00.000,I 85,I 85 and Armour Dr,,Rear End,3,Cloudy,Dry,Daylight
2021-06-01T15:45:00.000,I 85,I 85 and Armour Dr,,Rear End,2,Clear,Dry,Daylight
2021-02-12T18:20:00.000,I 85,I 85 and Armour Dr,,Rear End,2,Rain,Wet,Dark-Lighted
2021-11-30T07:35:00.000,I 85,I 85 and Armour Dr,,Rear End,2,Clear,Dry,Daylight
2021-07-12T17:49:00.000,I 85,I 85 and Armour Dr,,Rear End,2,Cloudy,Wet,Daylight
2021-11-02T06:35:00.000,I 85,I 85 and Armour Dr,,Not a Collision with Motor Vehicle,1,Clear,Dry,Dark-Lighted
2021-10-15T15:40:00.000,I 85,I 85 and Armour Dr,,Sideswipe-Same Direction,3,Clear,Dry,Daylight
2021-10-14T14:10:00.000,I 85,I 85 and Armour Dr,,Rear End,2,Clear,Dry,Daylight
2021-10-14T19:25:00.000,I 85,I 85 and Armour Dr,,Rear End,3,Clear,Dry,Dark-Lighted
2021-10-29T10:28:00.000,I 85,I 85 and Armour Dr,,Rear End,2,Cloudy,Wet,Daylight
2021-10-15T11:59:00.000,I 85,I 85 and Armour Dr,,Rear End,3,Clear,Dry,Daylight
2021-09-22T13:00:00.000,I 85,I 85 and Armour Dr,,Rear End,2,Rain,Wet,Daylight
2021-07-09T11:30:00.000,I 85,I 85 and Armour Dr,,Rear End,2,Clear,Dry,Daylight
2021-10-19T10:50:00.000,I 85,I 85 and Armour Dr,,Rear End,3,Clear,Dry,Daylight
2021-09-20T18:28:00.000,I 85,I 85 and Armour Dr,,Rear End,2,Rain,Wet,Dusk
2021-12-03T13:25:00.000,I 85,I 85 and Armour Dr,,Rear End,2,Clear,Dry,Daylight
2021-07-26T19:45:00.000,I 85,I 85 and Armour Dr,,Sideswipe-Same Direction,2,Rain,Wet,Daylight
2021-10-29T16:20:00.000,I 85,I 85 and Armour Dr,,Sideswipe-Same Direction,2,Rain,Wet,Daylight
2021-10-28T18:30:00.000,I 85,I 85 and Armour Dr,,Rear End,2,Rain,Wet,Daylight
2021-07-13T13:37:00.000,I 85,I 85 and Armour Dr,,Sideswipe-Same Direction,2,Cloudy,Dry,Daylight
2021-09-07T08:40:00.000,I 85,I 85 and Armour Dr,,Rear End,3,Rain,Wet,Daylight
2021-07-14T14:50:00.000,I 85,I 85 and Armour Dr,,Rear End,2,Clear,Dry,Daylight
2021-10-27T11:20:00.000,I 85,I 85 and Armour Dr,,Rear End,2,Clear,Dry,Daylight
2021-03-18T08:20:00.000,I 85,I 85 and Armour Dr,,Rear End,3,Rain,Wet,Daylight
2021-03-12T18:30:00.000,I 85,I 85 and Armour Dr,,Rear End,2,Clear,Dry,Dark-Lighted
2021-05-07T14:25:00.000,I 85,I 85 and Armour Dr,,Sideswipe-Same Direction,2,Clear,Dry,Daylight
2021-01-08T15:20:00.000,I 85,I 85 and Armour Dr,,Rear End,2,Cloudy,Wet,Daylight
2021-03-31T18:59:00.000,I 85,I 85 and Armour Dr,,Rear End,2,Cloudy,Wet,Daylight
2021-03-02T13:49:00.000,I 85,I 85 and Armour Dr,,Rear End,3,Cloudy,Dry,Daylight
2021-02-08T12:15:00.000,I 85,I 85 and Armour Dr,,Rear End,2,Clear,Dry,Daylight
2021-05-03T12:55:00.000,I 85,I 85 and Armour Dr,,Rear End,2,Rain,Wet,Daylight
2021-02-26T15:00:00.000,I 85,I 85 and Armour Dr,,Rear End,3,Rain,Wet,Daylight
2020-12-22T18:40:00.000,I 85,I 85 and Armour Dr,,Rear End,2,Clear,Dry,Dark-Lighted
2020-11-25T18:00:00.000,I 85,I 85 and Armour Dr,,Rear End,2,Rain,Wet,Dark-Lighted
2020-02-24T14:20:00.000,I 85,I 85 and Armour Dr,,Rear End,2,Rain,Wet,Daylight
2020-08-18T16:35:00.000,I 85,I 85 and Armour Dr,,Rear End,2,Clear,Dry,Daylight
2020-02-24T14:40:00.000,I 85,I 85 and Armour Dr,,Rear End,2,Rain,Wet,Daylight
2020-02-11T12:15:00.000,I 85,I 85 and Armour Dr,,Rear End,2,Rain,Wet,Daylight
2020-02-18T19:50:00.000,I 85,I 85 and Armour Dr,,Rear End,2,Rain,Wet,Dark-Lighted
2023-04-11T17:50:00.000,I 85,I 85 and Armour Dr,,Rear End,3,Clear,Dry,Daylight
2023-02-16T13:50:00.000,I 85,I 85 and Armour Dr,,Rear End,2,Cloudy,Dry,Daylight
2023-07-07T14:55:00.000,I 85,I 85 and Armour Dr,,Rear End,2,Clear,Dry,Daylight
2023-06-22T13:05:00.000,I 85,I 85 and Armour Dr,,Rear End,2,Cloudy,Wet,Daylight
2023-02-24T18:30:00.000,I 85,I 85 and Armour Dr,,Rear End,2,Rain,Wet,Dark-Lighted
2023-12-07T09:17:00.000,I 85,I 85 and Armour Dr,,Sideswipe-Same Direction,2,Clear,Dry,Daylight
2023-04-06T13:45:00.000,I 85,I 85 and Armour Dr,,Sideswipe-Same Direction,2,Clear,Dry,Daylight
2023-03-27T11:30:00.000,I 85,I 85 and Armour Dr,,Rear End,2,Cloudy,Wet,Daylight
2023-03-30T11:22:00.000,I 85,I 85 and Armour Dr,,Rear End,2,Clear,Dry,Daylight
2023-01-10T08:50:00.000,I 85,I 85 and Armour Dr,,Rear End,2,Clear,Dry,Daylight
2023-09-07T08:30:00.000,I 85,I 85 and Armour Dr,,Rear End,2,Clear,Dry,Daylight
2023-11-21T07:15:00.000,I 85,I 85 and Armour Dr,,Rear End,2,Rain,Wet,Dawn
2023-04-23T19:00:00.000,I 85,I 85 and Armour Dr,,Rear End,4,Clear,Dry,Daylight
2023-06-06T19:25:00.000,I 85,I 85 and Armour Dr,,Sideswipe-Same Direction,2,Clear,Dry,Daylight
2023-09-18T17:59:00.000,I 85,I 85 and Armour Dr,,Rear End,3,Clear,Dry,Daylight
2023-06-12T15:00:00.000,I 85,I 85 and Armour Dr,,Rear End,2,Clear,Dry,Daylight
2023-08-14T13:00:00.000,I 85,I 85 and Armour Dr,,Rear End,2,Clear,Dry,Daylight
2023-10-13T12:40:00.000,I 85,I 85 and Armour Dr,,Rear End,3,Cloudy,Dry,Daylight
2023-07-17T08:10:00.000,I 85,I 85 and Armour Dr,,Rear End,2,Clear,Dry,Daylight
2023-05-02T08:35:00.000,I 85,I 85 and Armour Dr,,Angle Crash,2,Clear,Dry,Daylight
2023-03-02T19:50:00.000,I 85,I 85 and Armour Dr,,Not a Collision with Motor Vehicle,2,Rain,Wet,Dark-Lighted
2023-05-05T18:30:00.000,I 85,I 85 and Armour Dr,,Rear End,2,Cloudy,Wet,Daylight
2023-07-18T11:47:00.000,I 85,I 85 and Armour Dr,,Rear End,2,Cloudy,Dry,Daylight
2023-03-23T12:30:00.000,I 85,I 85 and Armour Dr,,Rear End,4,Clear,Dry,Daylight
2023-07-11T11:15:00.000,I 85,I 85 and Armour Dr,,Angle Crash,2,Clear,Dry,Daylight
2023-02-07T07:15:00.000,I 85,I 85 and Armour Dr,,Rear End,2,Clear,Dry,Daylight
2023-06-29T13:20:00.000,I 85,I 85 and Armour Dr,,Sideswipe-Same Direction,2,Clear,Dry,Daylight
2023-04-14T18:35:00.000,I 85,I 85 and Armour Dr,,Rear End,2,Clear,Dry,Daylight
2023-12-12T14:00:00.000,I 85,I 85 and Armour Dr,,Rear End,2,Clear,Dry,Daylight
2023-06-16T18:10:00.000,I 85,I 85 and Armour Dr,,Rear End,2,Clear,Dry,Daylight
2023-09-21T07:15:00.000,I 85,I 85 and Armour Dr,,Sideswipe-Same Direction,2,Clear,Dry,Daylight
2023-12-28T10:25:00.000,I 85,I 85 and Armour Dr,,Rear End,2,Clear,Dry,Daylight
2023-12-05T08:00:00.000,I 85,I 85 and Armour Dr,,Rear End,2,Clear,Dry,Daylight
2023-11-09T15:50:00.000,I 85,I 85 and Armour Dr,,Rear End,2,Clear,Dry,Daylight
2023-05-02T10:30:00.000,I 85,I 85 and Armour Dr,,Rear End,2,Clear,Dry,Daylight
2023-04-17T13:20:00.000,I 85,I 85 and Armour Dr,,Sideswipe-Same Direction,3,Clear,Dry,Daylight
2023-10-20T10:39:00.000,I 85,I 85 and Armour Dr,,Rear End,2,Cloudy,Wet,Daylight
2023-11-02T17:50:00.000,I 85,I 85 and Armour Dr,,Rear End,2,Clear,Dry,Dusk
2023-06-09T12:45:00.000,I 85,I 85 and Armour Dr,,Rear End,2,Clear,Dry,Daylight
2023-11-02T16:15:00.000,I 85,I 85 and Armour Dr,,Rear End,2,Clear,Dry,Daylight
2023-11-10T13:50:00.000,I 85,I 85 and Armour Dr,,Rear End,2,Rain,Wet,Daylight
2023-06-13T10:10:00.000,I 85,I 85 and Armour Dr,,Rear End,2,Clear,Dry,Daylight
2023-07-06T17:30:00.000,I 85,I 85 and Armour Dr,,Rear End,2,Clear,Dry,Daylight
2023-03-03T07:10:00.000,I 85,I 85 and Armour Dr,,Rear End,2,Cloudy,Wet,Daylight
2023-01-20T13:00:00.000,I 85,I 85 and Armour Dr,,Rear End,2,Clear,Dry,Daylight
2023-09-18T09:15:00.000,I 85,I 85 and Armour Dr,,Sideswipe-Same Direction,2,Clear,Dry,Daylight