Date and Time,Roadway (From Crash Report),Intersection Name (from Crash Report),KABCO Severity,Manner of Collision (Crash Level) ,# of Vehicles per crash ,Weather Conditions (Crash Level),Surface Condition (Crash Level) ,Light Conditions (Crash Level)
2023-11-07T17:15:00.000,I 85,I 85 and Armour Dr,,Sideswipe-Same Direction,2,Clear,Dry,Daylight
2023-10-13T19:50:00.000,I 85,I 85 and Armour Dr,,Rear End,2,Cloudy,Wet,Dark-Lighted
2023-02-06T18:00:00.000,I 85,I 85 and Armour Dr,,Rear End,2,Clear,Dry,Daylight
2023-07-27T12:05:00.000,I 85,I 85 and Armour Dr,,Rear End,2,Clear,Dry,Daylight
2023-08-22T07:03:00.000,I 85,I 85 and Armour Dr,,Sideswipe-Same Direction,2,Clear,Dry,Daylight
2023-01-30T15:10:00.000,I 85,I 85 and Armour Dr,,Rear End,2,Cloudy,Wet,Daylight
2023-04-27T10:20:00.000,I 85,I 85 and Armour Dr,,Rear End,2,Cloudy,Wet,Daylight
2023-11-21T07:15:00.000,I 85,I 85 and Armour Dr,,Sideswipe-Same Direction,2,Rain,Wet,Dawn
2023-06-22T13:45:00.000,I 85,I 85 and Armour Dr,,Rear End,3,Cloudy,Dry,Daylight
2023-01-17T14:30:00.000,I 85,I 85 and Armour Dr,,Rear End,2,Rain,Wet,Daylight
2023-08-28T15:00:00.000,I 85,I 85 and Armour Dr,,Rear End,2,Clear,Dry,Daylight
2023-02-03T06:30:00.000,I 85,I 85 and Armour Dr,,Rear End,4,Clear,Dry,Dark-Lighted
2023-09-11T16:50:00.000,I 85,I 85 and Armour Dr,,Rear End,2,Clear,Dry,Daylight
2023-06-15T15:05:00.000,I 85,I 85 and Armour Dr,,Rear End,2,Clear,Dry,Daylight
2023-10-26T09:28:00.000,I 85,I 85 and Armour Dr,,Rear End,3,Clear,Dry,Daylight
2023-08-21T09:35:00.000,I 85,I 85 and Armour Dr,,Rear End,2,Clear,Dry,Daylight
2023-08-31T19:15:00.000,I 85,I 85 and Armour Dr,,Rear End,2,Clear,Dry,Daylight
2023-07-28T16:44:00.000,I 85,I 85 and Armour Dr,,Rear End,2,Clear,Dry,Daylight
2023-01-26T12:55:00.000,I 85,I 85 and Armour Dr,,Rear End,2,Clear,Dry,Daylight
2023-01-13T19:06:00.000,I 85,I 85 and Armour Dr,,Rear End,2,Cloudy,Dry,Dark-Not Lighted
2023-06-09T08:02:00.000,I 85,I 85 and Armour Dr,,Rear End,4,Clear,Dry,Daylight
2023-01-26T12:55:00.000,I 85,I 85 and Armour Dr,,Rear End,2,Clear,Dry,Daylight
2023-01-05T15:00:00.000,I 85,I 85 and Armour Dr,,Rear End,2,Clear,Dry,Daylight
2023-02-23T16:40:00.000,I 85,I 85 and Armour Dr,,Rear End,2,Clear,Dry,Daylight
2023-06-22T11:40:00.000,I 85,I 85 and Armour Dr,,Rear End,2,Cloudy,Wet,Daylight
2023-06-20T10:15:00.000,I 85,I 85 and Armour Dr,,Sideswipe-Same Direction,2,Clear,Dry,Daylight
2022-04-25T17:53:00.000,I 85,I 85 and Armour Dr,,Rear End,2,Clear,Dry,Daylight
2022-06-23T17:55:00.000,I 85,I 85 and Armour Dr,,Rear End,2,Clear,Dry,Daylight
2022-09-02T09:00:00.000,I 85,I 85 and Armour Dr,,Rear End,2,Clear,Dry,Daylight
2022-06-21T14:35:00.000,I 85,I 85 and Armour Dr,,Rear End,4,Clear,Dry,Daylight
2023-03-30T12:35:00.000,I 85,I 85 and Armour Dr,,Rear End,2,Clear,Dry,Daylight
2023-01-16T13:10:00.000,I 85,I 85 and Armour Dr,,Rear End,2,Clear,Dry,Daylight
2021-08-31T08:45:00.000,I 85,I 85 and Armour Dr,,Rear End,2,Cloudy,Wet,Daylight
2022-12-29T17:50:00.000,I 85,I 85 and Armour Dr,,Rear End,3,Clear,Dry,Dark-Lighted
2021-11-08T18:55:00.000,I 85,I 85 and Armour Dr,,Rear End,2,Clear,Dry,Dark-Lighted
2020-07-30T17:35:00.000,I 85,I 85 and Armour Dr,,Rear End,2,Rain,Wet,Daylight
2020-02-18T11:45:00.000,I 85,I 85 and Armour Dr,,Sideswipe-Same Direction,3,Rain,Wet,Daylight
2020-02-20T06:05:00.000,I 85,I 85 and Armour Dr,,Rear End,2,Rain,Wet,Dark-Lighted
2020-03-12T16:00:00.000,I 85,I 85 and Armour Dr,,Rear End,2,Clear,Dry,Daylight
2020-08-25T14:30:00.000,I 85,I 85 and Armour Dr,,Rear End,3,Rain,Wet,Daylight
2020-01-31T13:10:00.000,I 85,I 85 and Armour Dr,,Rear End,2,Cloudy,Wet,Daylight
2020-11-03T15:15:00.000,I 85,I 85 and Armour Dr,,Rear End,3,Clear,Dry,Daylight
2020-02-24T16:30:00.000,I 85,I 85 and Armour Dr,,Rear End,2,Rain,Wet,Daylight
2020-02-29T10:07:00.000,I 85,I 85 and Armour Dr,,Rear End,2,Clear,Dry,Daylight
2020-01-22T14:50:00.000,I 85,I 85 and Armour Dr,,Rear End,3,Clear,Dry,Daylight
2020-02-18T10:24:00.000,I 85,I 85 and Armour Dr,,Sideswipe-Same Direction,2,Rain,Wet,Daylight
2020-02-07T07:10:00.000,I 85,I 85 and Armour Dr,,Rear End,4,Rain,Wet,Daylight
2020-02-20T17:00:00.000,I 85,I 85 and Armour Dr,,Rear End,2,Rain,Wet,Daylight
2020-03-02T13:20:00.000,I 85,I 85 and Armour Dr,,Rear End,2,Rain,Wet,Daylight
2020-11-08T20:05:00.000,I 85,I 85 and Armour Dr,,Rear End,2,Clear,Dry,Dark-Lighted
2020-02-21T18:00:00.000,I 85,I 85 and Armour Dr,,Rear End,3,Clear,Dry,Daylight
2020-03-04T13:17:00.000,I 85,I 85 and Armour Dr,,Rear End,3,Rain,Wet,Daylight
2020-10-04T01:33:00.000,I 85,I 85 and Armour Dr,,Sideswipe-Same Direction,2,Clear,Dry,Daylight
2020-02-01T13:43:00.000,I 85,I 85 and Armour Dr,,Rear End,2,Clear,Dry,Daylight
2020-03-02T12:30:00.000,I 85,I 85 and Armour Dr,,Rear End,2,Rain,Wet,Daylight
2020-12-07T06:20:00.000,I 85,I 85 and Armour Dr,,Rear End,2,Cloudy,Wet,Daylight
2020-01-03T15:00:00.000,I 85,I 85 and Armour Dr,,Sideswipe-Same Direction,2,Rain,Wet,Daylight
2020-10-13T09:40:00.000,I 85,I 85 and Armour Dr,,Sideswipe-Same Direction,2,Cloudy,Dry,Daylight
2020-12-14T17:50:00.000,I 85,I 85 and Armour Dr,,Rear End,2,Clear,Dry,Dusk
2020-03-04T18:10:00.000,I 85,I 85 and Armour Dr,,Rear End,2,Rain,Wet,Dark-Lighted
2020-02-24T16:30:00.000,I 85,I 85 and Armour Dr,,Rear End,2,Rain,Wet,Daylight
2020-12-04T17:15:00.000,I 85,I 85 and Armour Dr,,Rear End,2,Rain,Wet,Dark-Lighted
2020-11-09T19:10:00.000,I 85,I 85 and Armour Dr,,Sideswipe-Same Direction,3,Clear,Dry,Dark-Lighted
2020-02-12T16:35:00.000,I 85,I 85 and Armour Dr,,Rear End,2,Clear,Dry,Daylight
2020-01-13T18:44:00.000,I 85,I 85 and Armour Dr,,Rear End,2,Rain,Wet,Dark-Not Lighted
2020-10-27T14:30:00.000,I 85,I 85 and Armour Dr,,Rear End,2,Clear,Dry,Daylight
2020-10-12T17:01:00.000,I 85,I 85 and Armour Dr,,Rear End,2,Clear,Dry,Daylight
2020-01-03T18:15:00.000,I 85,I 85 and Armour Dr,,Rear End,3,Rain,Wet,Daylight
2020-11-02T16:05:00.000,I 85,I 85 and Armour Dr,,Rear End,2,Clear,Dry,Daylight
2020-01-11T15:53:00.000,I 85,I 85 and Armour Dr,,Head On,2,Cloudy,Wet,Daylight
2020-10-01T17:30:00.000,I 85,I 85 and Armour Dr,,Sideswipe-Same Direction,2,Clear,Dry,Daylight
2020-06-19T18:40:00.000,I 85,I 85 and Armour Dr,,Rear End,2,Clear,Dry,Daylight
2020-02-21T18:00:00.000,I 85,I 85 and Armour Dr,,Rear End,2,Clear,Dry,Daylight
2020-07-02T18:55:00.000,I 85,I 85 and Armour Dr,,Sideswipe-Same Direction,2,Clear,Dry,Daylight
2020-01-14T04:46:00.000,I 85,I 85 and Armour Dr,,Sideswipe-Same Direction,2,Rain,Wet,Dark-Lighted
2020-10-12T15:55:00.000,I 85,I 85 and Armour Dr,,Sideswipe-Same Direction,3,Clear,Dry,Daylight
2020-06-25T17:59:00.000,I 85,I 85 and Armour Dr,,Sideswipe-Same Direction,2,Cloudy,Other,Daylight
2020-10-09T12:50:00.000,I 85,I 85 and Armour Dr,,Rear End,2,Cloudy,Dry,Daylight
2020-09-17T16:00:00.000,I 85,I 85 and Armour Dr,,Rear End,2,Rain,Wet,Daylight
2020-01-06T14:45:00.000,I 85,I 85 and Armour Dr,,Rear End,2,Clear,Dry,Daylight
2020-11-25T18:37:00.000,I 85,I 85 and Armour Dr,,Rear End,3,Rain,Wet,Dark-Lighted
2020-11-17T17:25:00.000,I 85,I 85 and Armour Dr,,Rear End,2,Clear,Dry,Daylight
2020-03-02T13:20:00.000,I 85,I 85 and Armour Dr,,Rear End,2,Rain,Wet,Daylight
2020-02-24T17:00:00.000,I 85,I 85 and Armour Dr,,Rear End,2,Rain,Wet,Daylight
2020-03-17T14:35:00.000,I 85,I 85 and Armour Dr,,Rear End,2,Cloudy,Dry,Daylight
2020-10-02T16:26:00.000,I 85,I 85 and Armour Dr,,Rear End,2,Clear,Dry,Daylight
2020-08-31T11:00:00.000,I 85,I 85 and Armour Dr,,Sideswipe-Same Direction,1,Cloudy,Wet,Daylight
2020-01-10T09:05:00.000,I 85,I 85 and Armour Dr,,Rear End,2,Clear,Dry,Daylight
2020-10-12T17:28:00.000,I 85,I 85 and Armour Dr,,Rear End,2,Clear,Dry,Daylight
2020-03-12T16:20:00.000,I 85,I 85 and Armour Dr,,Rear End,2,Clear,Dry,Daylight
2020-10-18T15:46:00.000,I 85,I 85 and Armour Dr,,Rear End,2,Clear,Dry,Daylight
2020-06-18T16:55:00.000,I 85,I 85 and Armour Dr,,Rear End,2,Clear,Dry,Daylight
2020-06-10T18:50:00.000,I 85,I 85 and Armour Dr,,Rear End,2,Rain,Wet,Daylight
2020-02-14T15:56:00.000,I 85,I 85 and Armour Dr,,Rear End,4,Clear,Dry,Daylight
2020-02-10T13:10:00.000,I 85,I 85 and Armour Dr,,Rear End,2,Rain,Wet,Daylight
2020-11-03T15:20:00.000,I 85,I 85 and Armour Dr,,Rear End,2,Clear,Dry,Daylight
2020-03-02T13:20:00.000,I 85,I 85 and Armour Dr,,Rear End,2,Rain,Wet,Daylight
2020-02-24T16:30:00.000,I 85,I 85 and Armour Dr,,Rear End,3,Rain,Wet,Daylight
2020-02-24T14:55:00.000,I 85,I 85 and Armour Dr,,Rear End,2,Rain,Wet,Daylight
2020-02-24T07:20:00.000,I 85,I 85 and Armour Dr,,Rear End,3,Rain,Wet,Daylight
2020-03-13T14:30:00.000,I 85,I 85 and Armour Dr,,Rear End,2,Cloudy,Dry,Daylight
2020-11-06T14:35:00.000,I 85,I 85 and Armour Dr,,Rear End,3,Clear,Dry,Daylight
2020-02-21T11:50:00.000,I 85,I 85 and Armour Dr,,Rear End,3,Cloudy,Dry,Daylight
2020-11-25T09:55:00.000,I 85,I 85 and Armour Dr,,Sideswipe-Same Direction,2,Clear,Dry,Daylight
2020-02-28T19:35:00.000,I 85,I 85 and Armour Dr,,Rear End,2,Clear,Dry,Dark-Lighted
2020-10-12T17:28:00.000,I 85,I 85 and Armour Dr,,Rear End,3,Clear,Dry,Daylight
2020-06-10T18:50:00.000,I 85,I 85 and Armour Dr,,Rear End,2,Clear,Wet,Daylight
2020-09-24T15:32:00.000,I 85,I 85 and Armour Dr,,Rear End,3,Rain,Wet,Daylight
2020-10-15T15:15:00.000,I 85,I 85 and Armour Dr,,Rear End,4,Clear,Dry,Daylight
2020-01-24T12:56:00.000,I 85,I 85 and Armour Dr,,Rear End,3,Rain,Wet,Daylight
2020-09-10T19:30:00.000,I 85,I 85 and Armour Dr,,Not a Collision with Motor Vehicle,1,Clear,Dry,Daylight
2020-01-03T20:58:00.000,I 85,I 85 and Armour Dr,,Rear End,2,Cloudy,Wet,Dark-Lighted
2020-03-11T11:40:00.000,I 85,I 85 and Armour Dr,,Rear End,2,Clear,Dry,Daylight
2020-01-24T06:55:00.000,I 85,I 85 and Armour Dr,,Rear End,2,Rain,Wet,Dark-Not Lighted
2020-02-24T14:20:00.000,I 85,I 85 and Armour Dr,,Rear End,3,Rain,Wet,Daylight
2020-01-17T16:11:00.000,I 85,I 85 and Armour Dr,,Rear End,2,Cloudy,Dry,Daylight
2020-11-05T15:25:00.000,I 85,I 85 and Armour Dr,,Rear End,2,Clear,Dry,Daylight
2020-01-08T16:50:00.000,I 85,I 85 and Armour Dr,,Rear End,2,Clear,Dry,Daylight
2020-03-17T14:12:00.000,I 85,I 85 and Armour Dr,,Rear End,2,Clear,Dry,Daylight
2020-10-02T18:25:00.000,I 85,I 85 and Armour Dr,,Sideswipe-Same Direction,2,Clear,Dry,Daylight
2020-11-25T11:05:00.000,I 85,I 85 and Armour Dr,,Sideswipe-Same Direction,2,Clear,Dry,Daylight
2020-03-06T00:00:00.000,I 85,I 85 and Armour Dr,,Sideswipe-Same Direction,2,Clear,Wet,Daylight
2020-02-24T14:30:00.000,I 85,I 85 and Armour Dr,,Rear End,2,Rain,Wet,Daylight
2020-01-29T09:20:00.000,I 85,I 85 and Armour Dr,,Sideswipe-Same Direction,2,Clear,Dry,Daylight
2020-09-24T13:45:00.000,I 85,I 85 and Armour Dr,,Sideswipe-Same Direction,3,Rain,Wet,Daylight
2020-02-14T11:50:00.000,I 85,I 85 and Armour Dr,,Rear End,2,Clear,Dry,Daylight
2020-11-11T14:00:00.000,I 85,I 85 and Armour Dr,,Rear End,2,Rain,Wet,Daylight
2020-12-17T18:55:00.000,I 85,I 85 and Armour Dr,,Rear End,2,Clear,Dry,Dark-Lighted
2020-02-18T19:47:00.000,I 85,I 85 and Armour Dr,,Rear End,2,Rain,Wet,Dark-Not Lighted
2020-02-13T07:50:00.000,I 85,I 85 and Armour Dr,,Rear End,2,Rain,Wet,Daylight
2020-02-29T11:12:00.000,I 85,I 85 and Armour Dr,,Angle Crash,2,Clear,Dry,Daylight
2020-11-30T08:00:00.000,I 85,I 85 and Armour Dr,,Rear End,2,Cloudy,Wet,Daylight
2020-02-07T12:50:00.000,I 85,I 85 and Armour Dr,,Rear End,2,Cloudy,Dry,Daylight
2020-11-19T15:45:00.000,I 85,I 85 and Armour Dr,,Rear End,3,Clear,Dry,Daylight
2020-01-31T19:00:00.000,I 85,I 85 and Armour Dr,,Rear End,2,Clear,Dry,Dark-Lighted
2020-02-17T12:13:00.000,I 85,I 85 and Armour Dr,,Rear End,3,Clear,Dry,Daylight
2020-06-19T15:49:00.000,I 85,I 85 and Armour Dr,,Rear End,2,Clear,Dry,Daylight
2020-08-13T17:20:00.000,I 85,I 85 and Armour Dr,,Rear End,2,Clear,Dry,Daylight
2020-01-15T18:48:00.000,I 85,I 85 and Armour Dr,,Sideswipe-Same Direction,3,Clear,Dry,Dark-Lighted
2020-01-17T12:50:00.000,I 85,I 85 and Armour Dr,,Rear End,2,Clear,Dry,Daylight
2020-02-18T14:15:00.000,I 85,I 85 and Armour Dr,,Rear End,2,Rain,Wet,Daylight
2020-03-05T15:25:00.000,I 85,I 85 and Armour Dr,,Rear End,3,Clear,Dry,Daylight
2020-05-12T00:00:00.000,I 85,I 85 and Armour Dr,,Not a Collision with Motor Vehicle,2,Clear,Dry,Daylight
2020-02-17T12:13:00.000,I 85,I 85 and Armour Dr,,Rear End,2,Clear,Dry,Daylight
2020-09-24T14:45:00.000,I 85,I 85 and Armour Dr,,Rear End,2,Rain,Wet,Daylight
2020-11-06T12:25:00.000,I 85,I 85 and Armour Dr,,Rear End,2,Clear,Dry,Daylight
2020-12-08T08:00:00.000,I 85,I 85 and Armour Dr,,Sideswipe-Same Direction,2,Clear,Dry,Daylight
2020-02-13T09:14:00.000,I 85,I 85 and Armour Dr,,Sideswipe-Same Direction,2,Rain,Wet,Daylight
2020-06-19T19:15:00.000,I 85,I 85 and Armour Dr,,Rear End,2,Clear,Dry,Daylight
2020-02-20T18:35:00.000,I 85,I 85 and Armour Dr,,Rear End,3,Rain,Wet,Dark-Lighted
2020-07-16T16:10:00.000,I 85,I 85 and Armour Dr,,Rear End,2,Clear,Dry,Daylight
2020-02-17T12:13:00.000,I 85,I 85 and Armour Dr,,Rear End,2,Clear,Dry,Daylight
2020-01-11T14:27:00.000,I 85,I 85 and Armour Dr,,Rear End,2,Rain,Wet,Daylight
2020-03-01T13:20:00.000,I 85,I 85 and Armour Dr,,Rear End,2,Rain,Wet,Daylight
2020-09-18T15:25:00.000,I 85,I 85 and Armour Dr,,Rear End,2,Clear,Dry,Daylight
2020-09-03T17:07:00.000,I 85,I 85 and Armour Dr,,Rear End,4,Clear,Dry,Daylight
2020-02-25T14:25:00.000,I 85,I 85 and Armour Dr,,Rear End,2,Clear,Dry,Daylight
2020-02-27T11:30:00.000,I 85,I 85 and Armour Dr,,Rear End,2,Clear,Dry,Daylight
2020-01-09T09:10:00.000,I 85,I 85 and Armour Dr,,Rear End,2,Clear,Dry,Daylight
2020-09-01T08:05:00.000,I 85,I 85 and Armour Dr,,Rear End,2,Clear,Dry,Daylight
2020-01-21T18:43:00.000,I 85,I 85 and Armour Dr,,Rear End,3,Clear,Dry,Dark-Lighted
2020-03-04T13:17:00.000,I 85,I 85 and Armour Dr,,Rear End,2,Rain,Wet,Daylight
2021-04-01T15:00:00.000,I 85,I 85 and Armour Dr,,Rear End,2,Clear,Dry,Daylight
2021-03-31T19:00:00.000,I 85,I 85 and Armour Dr,,Rear End,2,Cloudy,Wet,Daylight
2021-05-28T14:40:00.000,I 85,I 85 and Armour Dr,,Rear End,2,Cloudy,Dry,Daylight
2021-04-23T12:15:00.000,I 85,I 85 and Armour Dr,,Rear End,2,Cloudy,Dry,Daylight
2021-03-31T19:35:00.000,I 85,I 85 and Armour Dr,,Rear End,2,Cloudy,Wet,Daylight
2021-04-12T08:55:00.000,I 85,I 85 and Armour Dr,,Sideswipe-Same Direction,2,Clear,Dry,Daylight
2021-03-31T09:15:00.000,I 85,I 85 and Armour Dr,,Angle Crash,2,Rain,Wet,Daylight
2021-02-26T18:50:00.000,I 85,I 85 and Armour Dr,,Rear End,2,Clear,Dry,Dark-Lighted
2021-05-04T15:15:00.000,I 85,I 85 and Armour Dr,,Rear End,4,Rain,Wet,Daylight
2021-05-18T18:50:00.000,I 85,I 85 and Armour Dr,,Rear End,2,Clear,Dry,Daylight
2021-02-10T16:10:00.000,I 85,I 85 and Armour Dr,,Angle Crash,2,Clear,Dry,Daylight
2021-03-05T17:01:00.000,I 85,I 85 and Armour Dr,,Rear End,2,Clear,Dry,Daylight
2021-01-21T06:40:00.000,I 85,I 85 and Armour Dr,,Not a Collision with Motor Vehicle,1,Rain,Wet,Daylight
2021-05-03T12:40:00.000,I 85,I 85 and Armour Dr,,Rear End,2,Rain,Wet,Daylight
2021-02-05T12:40:00.000,I 85,I 85 and Armour Dr,,Rear End,3,Clear,Dry,Daylight
2021-05-24T09:55:00.000,I 85,I 85 and Armour Dr,,Rear End,2,Clear,Dry,Daylight
2021-01-21T12:00:00.000,I 85,I 85 and Armour Dr,,Not a Collision with Motor Vehicle,1,Rain,Wet,Daylight
2021-04-01T14:00:00.000,I 85,I 85 and Armour Dr,,Sideswipe-Same Direction,2,Clear,Dry,Daylight
2021-01-08T12:55:00.000,I 85,I 85 and Armour Dr,,Rear End,2,Rain,Wet,Daylight
2021-02-22T14:15:00.000,I 85,I 85 and Armour Dr,,Sideswipe-Same Direction,2,Clear,Dry,Daylight
2021-03-29T12:00:00.000,I 85,I 85 and Armour Dr,,Rear End,3,Clear,Dry,Daylight
2021-06-07T18:25:00.000,I 85,I 85 and Armour Dr,,Rear End,2,Cloudy,Wet,Daylight
2021-06-10T16:20:00.000,I 85,I 85 and Armour Dr,,Rear End,2,Clear,Dry,Daylight
2021-05-04T15:50:00.000,I 85,I 85 and Armour Dr,,Sideswipe-Same Direction,2,Rain,Wet,Daylight
2021-03-25T15:45:00.000,I 85,I 85 and Armour Dr,,Rear End,2,Cloudy,Dry,Daylight
2021-01-07T15:45:00.000,I 85,I 85 and Armour Dr,,Rear End,2,Rain,Wet,Daylight
2021-05-06T14:06:00.000,I 85,I 85 and Armour Dr,,Rear End,2,Clear,Dry,Daylight
2021-04-16T19:00:00.000,I 85,I 85 and Armour Dr,,Rear End,2,Clear,Dry,Daylight
2021-11-18T08:45:00.000,I 85,I 85 and Armour Dr,,Sideswipe-Same Direction,2,Clear,Dry,Daylight
2021-11-23T17:26:00.000,I 85,I 85 and Armour Dr,,Rear End,2,Clear,Dry,Daylight
2021-12-21T16:00:00.000,I 85,I 85 and Armour Dr,,Rear End,2,Clear,Dry,Daylight
2021-10-05T11:02:00.000,I 85,I 85 and Armour Dr,,Rear End,2,Rain,Wet,Daylight
2021-09-20T18:28:00.000,I 85,I 85 and Armour Dr,,Rear End,2,Rain,Wet,Daylight
2021-07-08T17:35:00.000,I 85,I 85 and Armour Dr,,Rear End,2,Clear,Dry,Daylight
2021-07-20T16:40:00.000,I 85,I 85 and Armour Dr,,Rear End,2,Cloudy,Wet,Daylight
2021-08-23T11:50:00.000,I 85,I 85 and Armour Dr,,Rear End,4,Clear,Dry,Daylight
2021-12-30T16:20:00.000,I 85,I 85 and Armour Dr,,Rear End,3,Rain,Wet,Daylight
2021-12-30T16:30:00.000,I 85,I 85 and Armour Dr,,Rear End,2,Cloudy,Wet,Daylight
2021-10-27T08:10:00.000,I 85,I 85 and Armour Dr,,Rear End,2,Clear,Dry,Daylight
2021-10-15T15:30:00.000,I 85,I 85 and Armour Dr,,Rear End,2,Clear,Dry,Daylight
2021-09-07T12:25:00.000,I 85,I 85 and Armour Dr,,Rear End,3,Cloudy,Wet,Daylight
2021-08-31T08:45:00.000,I 85,I 85 and Armour Dr,,Rear End,2,Cloudy,Wet,Daylight
2021-10-18T17:31:00.000,I 85,I 85 and Armour Dr,,Rear End,2,Clear,Dry,Daylight
2021-07-02T12:30:00.000,I 85,I 85 and Armour Dr,,Angle Crash,2,Cloudy,Wet,Daylight
2021-07-30T09:00:00.000,I 85,I 85 and Armour Dr,,Angle Crash,3,Clear,Dry,Daylight
2021-07-12T14:21:00.000,I 85,I 85 and Armour Dr,,Rear End,2,Rain,Wet,Daylight
2021-07-16T19:10:00.000,I 85,I 85 and Armour Dr,,Sideswipe-Same Direction,3,Cloudy,Wet,Daylight
2021-11-09T08:19:00.000,I 85,I 85 and Armour Dr,,Rear End,2,Clear,Dry,Daylight
2021-11-04T08:11:00.000,I 85,I 85 and Armour Dr,,Rear End,3,Rain,Wet,Daylight
2021-08-31T08:45:00.000,I 85,I 85 and Armour Dr,,Rear End,3,Rain,Wet,Daylight
2021-09-23T14:00:00.000,I 85,I 85 and Armour Dr,,Rear End,2,Clear,Dry,Daylight
2021-07-14T13:30:00.000,I 85,I 85 and Armour Dr,,Rear End,2,Cloudy,Dry,Daylight
2021-12-23T14:10:00.000,I 85,I 85 and Armour Dr,,Sideswipe-Same Direction,2,Clear,Dry,Daylight
2021-07-01T13:00:00.000,I 85,I 85 and Armour Dr,,Rear End,2,Clear,Dry,Daylight
2021-09-09T08:30:00.000,I 85,I 85 and Armour Dr,,Rear End,2,Cloudy,Wet,Daylight
2021-09-07T10:50:00.000,I 85,I 85 and Armour Dr,,Rear End,2,Clear,Dry,Daylight
2021-07-16T19:10:00.000,I 85,I 85 and Armour Dr,,Rear End,2,Clear,Wet,Daylight
2021-12-22T17:10:00.000,I 85,I 85 and Armour Dr,,Rear End,2,Clear,Dry,Daylight
2021-10-28T15:40:00.000,I 85,I 85 and Armour Dr,,Sideswipe-Same Direction,2,Cloudy,Wet,Daylight
2021-09-09T06:35:00.000,I 85,I 85 and Armour Dr,,Rear End,2,Cloudy,Wet,Daylight
2021-11-09T08:40:00.000,I 85,I 85 and Armour Dr,,Sideswipe-Same Direction,2,Clear,Dry,Daylight
2021-11-04T10:05:00.000,I 85,I 85 and Armour Dr,,Rear End,2,Rain,Wet,Daylight
2021-12-06T18:20:00.000,I 85,I 85 and Armour Dr,,Rear End,2,Cloudy,Wet,Dark-Lighted
2021-07-06T13:50:00.000,I 85,I 85 and Armour Dr,,Rear End,3,Clear,Dry,Daylight
2021-08-16T17:45:00.000,I 85,I 85 and Armour Dr,,Rear End,2,Rain,Wet,Daylight
2021-10-22T09:22:00.000,I 85,I 85 and Armour Dr,,Sideswipe-Same Direction,2,Clear,Dry,Daylight
2021-10-11T18:00:00.000,I 85,I 85 and Armour Dr,,Rear End,2,Clear,Dry,Daylight
2021-11-04T14:25:00.000,I 85,I 85 and Armour Dr,,Rear End,3,Rain,Wet,Daylight
2021-10-25T18:50:00.000,I 85,I 85 and Armour Dr,,Rear End,2,Clear,Dry,Dark-Lighted
2021-09-16T09:40:00.000,I 85,I 85 and Armour Dr,,Rear End,2,Rain,Wet,Daylight
2021-08-26T18:40:00.000,I 85,I 85 and Armour Dr,,Rear End,2,Clear,Dry,Daylight
2021-07-05T10:50:00.000,I 85,I 85 and Armour Dr,,Sideswipe-Same Direction,2,Clear,Dry,Daylight
2022-08-23T06:10:00.000,I 85,I 85 and Armour Dr,,Not a Collision with Motor Vehicle,5,Cloudy,Dry,Dark-Lighted
2022-09-27T06:30:00.000,I 85,I 85 and Armour Dr,,Sideswipe-Same Direction,2,Clear,Dry,Dawn
2022-12-22T08:00:00.000,I 85,I 85 and Armour Dr,,Sideswipe-Same Direction,2,Rain,Wet,Daylight
2021-09-09T07:45:00.000,I 85,I 85 and Armour Dr,,Rear End,2,Clear,Dry,Daylight
2021-10-05T06:45:00.000,I 85,I 85 and Armour Dr,,Rear End,3,Rain,Wet,Dark-Lighted
2021-07-19T18:21:00.000,I 85,I 85 and Armour Dr,,Rear End,2,Rain,Wet,Daylight
2021-10-15T16:00:00.000,I 85,I 85 and Armour Dr,,Sideswipe-Same Direction,2,Clear,Dry,Daylight
2021-09-17T14:30:00.000,I 85,I 85 and Armour Dr,,Rear End,2,Clear,Dry,Daylight
2021-08-17T14:25:00.000,I 85,I 85 and Armour Dr,,Rear End,2,Rain,Wet,Daylight
2021-08-09T10:20:00.000,I 85,I 85 and Armour Dr,,Rear End,2,Clear,Dry,Daylight
2021-09-20T15:00:00.000,I 85,I 85 and Armour Dr,,Rear End,2,Rain,Wet,Daylight
2021-07-06T08:35:00.000,I 85,I 85 and Armour Dr,,Rear End,2,Clear,Dry,Daylight
2021-09-13T12:45:00.000,I 85,I 85 and Armour Dr,,Rear End,2,Clear,Dry,Daylight
2021-07-14T14:35:00.000,I 85,I 85 and Armour Dr,,Rear End,2,Rain,Wet,Daylight
2021-11-10T11:15:00.000,I 85,I 85 and Armour Dr,,Rear End,2,Clear,Dry,Daylight
2021-11-04T15:05:00.000,I 85,I 85 and Armour Dr,,Rear End,4,Rain,Wet,Daylight
2021-07-12T17:50:00.000,I 85,I 85 and Armour Dr,,Rear End,2,Cloudy,Wet,Daylight
2021-10-07T13:30:00.000,I 85,I 85 and Armour Dr,,Rear End,2,Cloudy,Dry,Daylight
2021-09-17T16:25:00.000,I 85,I 85 and Armour Dr,,Rear End,2,Clear,Dry,Daylight
2021-10-21T11:05:00.000,I 85,I 85 and Armour Dr,,Rear End,3,Clear,Wet,Daylight
2021-10-05T10:21:00.000,I 85,I 85 and Armour Dr,,Rear End,3,Rain,Wet,Daylight
2022-08-26T09:08:00.000,I 85,I 85 and Armour Dr,,Rear End,2,Cloudy,Dry,Daylight
2022-03-17T17:00:00.000,I 85,I 85 and Armour Dr,,Rear End,2,Clear,Dry,Daylight
2022-07-28T17:40:00.000,I 85,I 85 and Armour Dr,,Rear End,3,Clear,Dry,Daylight
2022-07-01T09:41:00.000,I 85,I 85 and Armour Dr,,Sideswipe-Same Direction,2,Cloudy,Dry,Daylight
2022-08-01T12:10:00.000,I 85,I 85 and Armour Dr,,Rear End,2,Clear,Dry,Daylight
2022-09-26T09:13:00.000,I 85,I 85 and Armour Dr,,Sideswipe-Same Direction,2,Clear,Dry,Daylight