Date and Time,Roadway (From Crash Report),Intersection Name (from Crash Report),KABCO Severity,Manner of Collision (Crash Level) ,# of Vehicles per crash ,Weather Conditions (Crash Level),Surface Condition (Crash Level) ,Light Conditions (Crash Level)
2020-01-28T09:10:00.000,I 85,I 85 and Armor Dr Underpass,,Rear End,2,Clear,Dry,Daylight
2020-02-25T09:47:00.000,I 85,I 85 and Armor Dr Underpass,,Rear End,2,Cloudy,Wet,Daylight
2022-12-08T19:01:00.000,I 85,I 85 and Armor Dr Opas,,Rear End,2,Clear,Dry,Dark-Lighted
2021-05-04T18:59:00.000,I 85,I 85 and Armor Dr,,Rear End,3,Rain,Wet,Daylight
2020-01-17T07:59:00.000,I 85,I 85 and Armor Dr,,Rear End,2,Clear,Dry,Daylight
2020-03-12T18:52:00.000,I 85,I 85 and Armor Dr,,Rear End,2,Clear,Dry,Daylight
2023-12-22T18:12:00.000,I 85,I 85 and Armor Dr,,Rear End,2,Clear,Dry,Dark-Lighted
2023-09-26T14:59:00.000,I 85,I 85 and Armor Dr,,Rear End,3,Clear,Dry,Daylight
2020-07-28T14:54:00.000,I 85,I 85 and Armor Dr,,Rear End,4,Clear,Dry,Daylight
2020-11-06T16:27:00.000,I 85,I 85 and Armor Dr,,Rear End,2,Clear,Dry,Daylight
2020-11-23T18:54:00.000,I 85,I 85 and Armor Dr,,Rear End,2,Clear,Dry,Dark-Not Lighted
2020-11-10T16:59:00.000,I 85,I 85 and Armor Dr,,Rear End,3,Clear,Dry,Daylight
2020-08-03T16:28:00.000,I 85,I 85 and Armor Dr,,Angle Crash,9,Clear,Wet,Daylight
2021-03-25T11:03:00.000,I 85,I 85 and Armor Dr,,Rear End,2,Cloudy,Wet,Daylight
2022-01-06T18:45:00.000,I 85,I 85 and Armor Dr,,Rear End,2,Cloudy,Wet,Dark-Lighted
2022-12-09T18:25:00.000,I 85,I 85 and Armor Dr,,Sideswipe-Same Direction,2,Clear,Dry,Daylight
2023-12-07T14:35:00.000,I 85,I 85 and Armor Dr,,Sideswipe-Same Direction,3,Clear,Dry,Daylight
2023-12-04T15:40:00.000,I 85,I 85 and Armor Dr,,Rear End,4,Clear,Dry,Daylight
2023-10-13T20:30:00.000,I 85,I 85 and Armoour Dr,,Rear End,2,Rain,Wet,Dark-Lighted
2024-02-07T16:20:00.000,I 85,I 85 and Area Of Mm 146,,Sideswipe-Same Direction,2,Clear,Dry,Daylight
2020-04-06T08:43:00.000,I 85,I 85 and Approx Mm146,,Not a Collision with Motor Vehicle,1,Clear,Dry,Daylight
2023-05-27T05:36:00.000,I 85,I 85 and Appling Pl,,Not a Collision with Motor Vehicle,2,Clear,Dry,Dusk
2023-12-03T00:00:00.000,I 85,I 85 and Appling Pl,,Angle Crash,2,Cloudy,Wet,Daylight
2023-02-06T17:01:00.000,I 85,I 85 and Appling Dr,,Rear End,2,Clear,Dry,Daylight
2020-01-31T15:22:00.000,I 85,I 85 and Aold Peachtree Rd,,Rear End,2,Cloudy,Dry,Daylight
2020-08-31T07:24:00.000,I 85,I 85 and Andrew Young Intl Blvd,,Sideswipe-Same Direction,2,Rain,Wet,Dawn
2020-07-10T05:02:00.000,I 85,I 85 and Andrew Young Intl Blvd,,Rear End,4,Clear,Dry,Dark-Lighted
2021-06-29T15:04:00.000,I 85,I 85 and Andrew Young International Bou,,Rear End,2,Clear,Dry,Daylight
2020-11-13T16:45:00.000,I 85,I 85 and Andrew Young International Bou,,Sideswipe-Same Direction,2,Clear,Dry,Daylight
2021-08-19T11:28:00.000,I 85,I 85 and Andrew Young International Bou,,Rear End,3,Clear,Dry,Daylight
2021-02-18T17:51:00.000,I 85,I 85 and Andrew Young International Blv,,Rear End,2,Rain,Wet,Daylight
2021-07-13T19:06:00.000,I 85,I 85 and Andrew Young International Blv,,Rear End,2,Cloudy,Dry,Daylight
2020-10-28T12:45:00.000,I 85,I 85 and Andrew Young International Blv,,Sideswipe-Same Direction,3,Rain,Wet,Daylight
2020-10-16T16:04:00.000,I 85,I 85 and Andrew Young International Blv,,Rear End,2,Clear,Dry,Daylight
2020-02-06T13:50:00.000,I 85,I 85 and Andrew Young International Blv,,Rear End,2,Rain,Wet,Daylight
2020-07-13T13:20:00.000,I 85,I 85 and Andrew Young International Blv,,Sideswipe-Same Direction,3,Clear,Dry,Daylight
2020-03-13T16:32:00.000,I 85,I 85 and Andrew Young International Blv,,Rear End,2,Cloudy,Dry,Daylight
2021-09-22T08:36:00.000,I 85,I 85 and Andrew Young International Blv,,Rear End,2,Cloudy,Dry,Daylight
2021-08-19T15:26:00.000,I 85,I 85 and Andrew Young International Blv,,Sideswipe-Same Direction,2,Clear,Dry,Daylight
2021-07-06T16:39:00.000,I 85,I 85 and Andrew Young International Blv,,Rear End,2,Clear,Dry,Daylight
2020-06-08T23:00:00.000,I 85,I 85 and Andrew Young International,,Angle Crash,1,Rain,Wet,Dark-Lighted
2020-07-30T16:14:00.000,I 85,I 85 and Andrew Young International,,Rear End,2,Cloudy,Dry,Daylight
2020-10-16T18:21:00.000,I 85,I 85 and Andrew Young International,,Sideswipe-Same Direction,2,Clear,Dry,Dusk
2021-01-22T05:15:00.000,I 85,I 85 and Andrew Young International,,Not a Collision with Motor Vehicle,1,Rain,Wet,Dark-Lighted
2020-01-05T02:33:00.000,I 85,I 85 and Andrew Young Int Blvd,,Not a Collision with Motor Vehicle,1,Clear,Dry,Dark-Lighted
2021-09-21T13:15:00.000,I 85,I 85 and Andrew Young Int Blvd,,Rear End,3,Cloudy,Wet,Daylight
2020-07-28T14:55:00.000,I 85,I 85 and Andrew Young Boulevard Ovepras,,Rear End,3,Clear,Dry,Daylight
2020-11-30T06:49:00.000,I 85,I 85 and Andrew Young Blvd,,Rear End,3,Clear,Wet,Daylight
2020-08-21T08:13:00.000,I 85,I 85 and Andrew Young,,Not a Collision with Motor Vehicle,1,Cloudy,Wet,Daylight
2020-03-13T09:28:00.000,I 85,I 85 and Andrew Young,,Sideswipe-Same Direction,2,Cloudy,Dry,Daylight
2020-08-18T22:19:00.000,I 85,I 85 and Andrew Youbng Intl Blvd,,Angle Crash,2,Rain,Wet,Dark-Lighted
2021-09-07T10:15:00.000,I 85,I 85 and Amrour Dr,,Rear End,2,Rain,Wet,Daylight
2021-06-10T15:50:00.000,I 85,I 85 and Amrmour Dr,,Sideswipe-Same Direction,2,Clear,Dry,Daylight
2023-01-23T16:55:00.000,I 85,I 85 and Amour Dr,,Sideswipe-Same Direction,2,Clear,Dry,Daylight
2020-11-13T08:50:00.000,I 85,I 85 and Amour Dr,,Sideswipe-Same Direction,4,Clear,Dry,Daylight
2021-09-27T19:13:00.000,I 85,I 85 and Alabama Stateline,,Not a Collision with Motor Vehicle,1,Clear,Dry,Daylight
2020-05-26T11:48:00.000,I 85,I 85 and Alabama State Line,,Not a Collision with Motor Vehicle,1,Rain,Wet,Daylight
2020-09-01T06:25:00.000,I 85,I 85 and Alabama State Line,,Rear End,2,Fog,Dry,Dark-Not Lighted
2022-04-12T12:15:00.000,I 85,I 85 and Alabama State Line,,Not a Collision with Motor Vehicle,1,Clear,Dry,Daylight
2022-03-22T05:38:00.000,I 85,I 85 and Alabama   State Line,,Angle Crash,2,Clear,Dry,Dark-Not Lighted
2023-11-05T18:34:00.000,I 85,I 85 and Al State Line Sign,,Not a Collision with Motor Vehicle,1,Clear,Dry,Dark-Not Lighted
2023-05-18T19:40:00.000,I 85,I 85 and Al Highway 29,,Head On,1,Rain,Wet,Daylight
2020-10-24T19:00:00.000,I 85,I 85 and Airport Thruway,,Not a Collision with Motor Vehicle,1,Rain,Wet,Dusk
2022-02-22T22:00:00.000,I 85,I 85 and Airport Rp,,Sideswipe-Same Direction,2,Clear,Dry,Dark-Lighted
2020-04-27T08:27:00.000,I 85,I 85 and Airport Ramp To 85,,Sideswipe-Same Direction,2,Clear,Dry,Daylight
2021-08-30T22:00:00.000,I 85,I 85 and Airport Loop Rd,,Sideswipe-Same Direction,2,Clear,Dry,Dark-Lighted
2022-03-16T19:16:00.000,I 85,I 85 and Airport Blvd,,Not a Collision with Motor Vehicle,1,Rain,Wet,Daylight
2020-12-14T06:30:00.000,I 85,I 85 and After Clalrimont Rd Exit,,Angle Crash,3,Rain,Wet,Dark-Not Lighted
2021-03-18T22:15:00.000,I 85,I 85 and Access Rd,,Angle Crash,2,Clear,Dry,Dark-Not Lighted
2021-02-19T18:40:00.000,I 85,I 85 and Access Rd,,Rear End,2,Rain,Wet,Dark-Lighted
2021-03-12T18:30:00.000,I 85,I 85 and Access Rd,,Sideswipe-Same Direction,2,Clear,Dry,Daylight
2021-03-14T17:00:00.000,I 85,I 85 and Access Rd,,Rear End,3,Clear,Dry,Daylight
2021-04-11T16:30:00.000,I 85,I 85 and Access Rd,,Sideswipe-Same Direction,2,Clear,Dry,Daylight
2021-11-25T19:10:00.000,I 85,I 85 and Access Rd,,Rear End,2,Clear,Dry,Dark-Lighted
2021-12-14T14:16:00.000,I 85,I 85 and Access Rd,,Sideswipe-Same Direction,2,Clear,Dry,Daylight
2021-12-14T11:48:00.000,I 85,I 85 and Access Rd,,Sideswipe-Same Direction,2,Clear,Dry,Daylight
2021-12-08T16:15:00.000,I 85,I 85 and Access Rd,,Angle Crash,2,Clear,Dry,Daylight
2021-02-01T15:42:00.000,I 85,I 85 and Access Rd,,Rear End,2,Clear,Dry,Daylight
2021-04-09T08:30:00.000,I 85,I 85 and Access Rd,,Sideswipe-Same Direction,3,Clear,Dry,Daylight
2023-12-18T15:45:00.000,I 85,I 85 and Access Rd,,Rear End,2,Clear,Dry,Daylight
2023-11-02T19:19:00.000,I 85,I 85 and Access Rd,,Sideswipe-Same Direction,2,Clear,Dry,Dusk
2023-11-02T20:46:00.000,I 85,I 85 and Access Rd,,Sideswipe-Same Direction,2,Clear,Dry,Dusk
2023-10-26T18:26:00.000,I 85,I 85 and Access Rd,,Rear End,2,Clear,Dry,Daylight
2023-12-06T12:45:00.000,I 85,I 85 and Access Rd,,Sideswipe-Same Direction,2,Clear,Dry,Daylight
2023-10-24T07:51:00.000,I 85,I 85 and Access Rd,,Sideswipe-Same Direction,2,Clear,Dry,Daylight
2023-12-01T13:46:00.000,I 85,I 85 and Access Rd,,Rear End,3,Cloudy,Wet,Daylight
2023-07-03T12:19:00.000,I 85,I 85 and Access Rd,,Sideswipe-Same Direction,2,Cloudy,Dry,Daylight
2023-01-26T15:00:00.000,I 85,I 85 and Access Rd,,Rear End,2,Clear,Dry,Daylight
2023-07-20T11:33:00.000,I 85,I 85 and Access Rd,,Sideswipe-Same Direction,2,Cloudy,Dry,Daylight
2020-03-26T16:10:00.000,I 85,I 85 and Access Rd,,Rear End,8,Clear,Dry,Daylight
2020-03-15T16:26:00.000,I 85,I 85 and Access Rd,,Not a Collision with Motor Vehicle,1,Clear,Dry,Daylight
2020-03-08T13:11:00.000,I 85,I 85 and Access Rd,,Not a Collision with Motor Vehicle,2,Cloudy,Dry,Daylight
2020-03-06T18:00:00.000,I 85,I 85 and Access Rd,,Sideswipe-Same Direction,2,Clear,Dry,Daylight
2020-01-09T22:27:00.000,I 85,I 85 and Access Rd,,Sideswipe-Same Direction,2,Clear,Dry,Dark-Lighted
2020-09-22T19:00:00.000,I 85,I 85 and Access Rd,,Sideswipe-Same Direction,2,Clear,Dry,Dusk
2020-04-03T14:06:00.000,I 85,I 85 and Access Rd,,Sideswipe-Same Direction,2,Clear,Dry,Daylight
2020-01-24T20:00:00.000,I 85,I 85 and Access Rd,,Sideswipe-Same Direction,2,Rain,Wet,Dark-Not Lighted
2020-08-21T16:45:00.000,I 85,I 85 and Access Rd,,Angle Crash,2,Cloudy,Dry,Daylight
2020-03-22T10:40:00.000,I 85,I 85 and Access Rd,,Not a Collision with Motor Vehicle,1,Clear,Dry,Daylight
2020-11-06T18:30:00.000,I 85,I 85 and Access Rd,,Sideswipe-Same Direction,2,Clear,Dry,Dark-Not Lighted
2020-09-21T12:00:00.000,I 85,I 85 and Access Rd,,Sideswipe-Same Direction,2,Clear,Dry,Daylight
2020-08-16T03:10:00.000,I 85,I 85 and Access Rd,,Rear End,2,Clear,Dry,Dark-Not Lighted
2020-06-12T12:00:00.000,I 85,I 85 and Access Rd,,Angle Crash,2,Clear,Dry,Daylight
2020-08-19T14:35:00.000,I 85,I 85 and Access Rd,,Sideswipe-Same Direction,2,Clear,Dry,Daylight
2020-08-08T15:20:00.000,I 85,I 85 and Access Rd,,Rear End,2,Clear,Dry,Daylight
2020-01-03T11:19:00.000,I 85,I 85 and Access Rd,,Not a Collision with Motor Vehicle,3,Rain,Wet,Dark-Lighted
2021-05-15T16:20:00.000,I 85,I 85 and Access Rd,,Angle Crash,2,Clear,Dry,Daylight
2021-09-19T15:34:00.000,I 85,I 85 and Access Rd,,Rear End,2,Cloudy,Wet,Daylight
2022-03-15T08:19:00.000,I 85,I 85 and Access Rd,,Sideswipe-Same Direction,3,Cloudy,Dry,Daylight
2021-09-26T18:30:00.000,I 85,I 85 and Access Rd,,Sideswipe-Same Direction,2,Clear,Dry,Daylight
2021-09-30T13:00:00.000,I 85,I 85 and Access Rd,,Sideswipe-Same Direction,2,Clear,Dry,Daylight
2022-09-18T13:30:00.000,I 85,I 85 and Access Rd,,Sideswipe-Same Direction,2,Clear,Dry,Daylight
2022-12-13T18:15:00.000,I 85,I 85 and Access Rd,,Sideswipe-Same Direction,2,Clear,Dry,Dark-Not Lighted
2022-02-25T13:40:00.000,I 85,I 85 and Access Rd,,Rear End,2,Clear,Dry,Daylight
2022-02-15T16:55:00.000,I 85,I 85 and Access Rd,,Sideswipe-Same Direction,2,Clear,Dry,Daylight
2022-04-24T13:20:00.000,I 85,I 85 and Access Rd,,Sideswipe-Same Direction,2,Cloudy,Dry,Daylight
2022-12-23T11:03:00.000,I 85,I 85 and Access Rd,,Rear End,3,Clear,Dry,Daylight
2022-05-25T14:50:00.000,I 85,I 85 and Access Rd,,Rear End,3,Clear,Dry,Daylight
2022-02-20T08:10:00.000,I 85,I 85 and Access Rd,,Rear End,2,Clear,Dry,Daylight
2022-11-10T07:07:00.000,I 85,I 85 and Access Rd,,Sideswipe-Same Direction,3,Cloudy,Dry,Daylight
2023-07-27T21:00:00.000,I 85,I 85 and Access Rd,,Sideswipe-Same Direction,2,Clear,Dry,Daylight
2023-11-04T17:10:00.000,I 85,I 85 and Access Rd,,Rear End,3,Clear,Dry,Daylight
2024-03-02T12:43:00.000,I 85,I 85 and Access Rd,,Sideswipe-Same Direction,2,Cloudy,Dry,Daylight
2024-07-07T12:17:00.000,I 85,I 85 and Access Rd,,Sideswipe-Same Direction,2,Clear,Dry,Daylight
2024-06-07T18:00:00.000,I 85,I 85 and Access Rd,,Sideswipe-Same Direction,3,Clear,Dry,Daylight
2024-02-07T13:05:00.000,I 85,I 85 and Access Rd,,Sideswipe-Same Direction,2,Clear,Dry,Daylight
2024-03-05T16:40:00.000,I 85,I 85 and Access Rd,,Sideswipe-Same Direction,2,Rain,Wet,Daylight
2023-02-10T11:44:00.000,I 85,I 85 and Access Rd,,Sideswipe-Same Direction,2,Cloudy,Dry,Daylight
2024-04-15T07:13:00.000,I 85,I 85 and Access Rd,,Sideswipe-Same Direction,3,Clear,Dry,Daylight
2023-11-11T07:20:00.000,I 85,I 85 and Access Rd,,Sideswipe-Same Direction,2,Rain,Wet,Dark-Not Lighted
2023-10-09T09:36:00.000,I 85,I 85 and Access Rd,,Sideswipe-Same Direction,2,Clear,Dry,Daylight
2023-08-17T19:00:00.000,I 85,I 85 and Access Rd,,Sideswipe-Same Direction,2,Clear,Dry,Daylight
2023-04-20T11:51:00.000,I 85,I 85 and Access Rd,,Sideswipe-Same Direction,2,Clear,Dry,Daylight
2023-11-15T16:40:00.000,I 85,I 85 and Access Rd,,Rear End,3,Clear,Dry,Daylight
2024-01-29T14:10:00.000,I 85,I 85 and Access Rd,,Sideswipe-Opposite Direction,3,Clear,Dry,Daylight
2024-10-04T19:00:00.000,I 85,I 85 and Access Rd,,Rear End,2,Clear,Dry,Dark-Not Lighted
2024-08-12T07:58:00.000,I 85,I 85 and Access Rd,,Rear End,2,Cloudy,Dry,Daylight
2024-05-08T12:06:00.000,I 85,I 85 and Access Rd,,Sideswipe-Same Direction,2,Cloudy,Dry,Daylight
2024-11-24T14:00:00.000,I 85,I 85 and Access Rd,,Rear End,2,Clear,Dry,Daylight
2024-04-20T16:47:00.000,I 85,I 85 and Access Rd,,Sideswipe-Opposite Direction,2,Clear,Dry,Daylight
2024-05-01T16:20:00.000,I 85,I 85 and Access Rd,,Sideswipe-Same Direction,2,Clear,Dry,Daylight
2024-05-29T07:43:00.000,I 85,I 85 and Access Rd,,Rear End,2,Clear,Dry,Daylight
2024-06-28T18:30:00.000,I 85,I 85 and Access Rd,,Rear End,2,Clear,Dry,Daylight
2024-05-23T13:00:00.000,I 85,I 85 and Access Rd,,Sideswipe-Same Direction,2,Clear,Dry,Daylight
2024-04-18T12:18:00.000,I 85,I 85 and Access Rd,,Sideswipe-Same Direction,3,Clear,Dry,Daylight
2024-11-24T16:00:00.000,I 85,I 85 and Access Rd,,Rear End,3,Clear,Dry,Daylight
2024-12-06T18:30:00.000,I 85,I 85 and Access Rd,,Sideswipe-Same Direction,2,Clear,Dry,Dark-Lighted
2020-12-23T15:30:00.000,I 85,I 85 and Abernathy Blvd,,Sideswipe-Same Direction,2,Clear,Dry,Daylight
2020-12-23T15:30:00.000,I 85,I 85 and Abernathy Blvd,,Rear End,2,Clear,Dry,Daylight
2020-02-26T09:29:00.000,I 85,I 85 and Abernathy Blvd,,Rear End,2,Clear,Dry,Daylight
2021-09-20T16:25:00.000,I 85,I 85 and Abernathy Blvd,,Sideswipe-Same Direction,2,Rain,Wet,Daylight
2024-02-21T19:34:00.000,I 85,I 85 and 985 Split,,Sideswipe-Same Direction,2,Clear,Dry,Dark-Not Lighted
2024-10-19T15:04:00.000,I 85,I 85 and 985 Split,,Rear End,2,Clear,Dry,Daylight
2022-03-02T12:53:00.000,I 85,I 85 and 985 Gainsville,,Sideswipe-Same Direction,2,Clear,Dry,Daylight
2020-11-13T19:03:00.000,I 85,I 85 and 85 S Riverdale Rp,,(None),2,(None),(None),(None)
2021-08-14T01:45:00.000,I 85,I 85 and 85 S Riverdale Rd Rp,,Sideswipe-Same Direction,2,Clear,Dry,Dark-Lighted
2021-07-05T03:43:00.000,I 85,I 85 and 85 S Riverdale Rd Rp,,Sideswipe-Same Direction,3,Clear,Dry,Dark-Lighted
2020-01-03T21:01:00.000,I 85,I 85 and 85 S Riverdale Rd Rp,,Angle Crash,9,Rain,Wet,Dark-Not Lighted
2021-07-18T17:50:00.000,I 85,I 85 and 85 S Onh Rp,,Sideswipe-Same Direction,4,Rain,Wet,Daylight
2021-03-28T16:42:00.000,I 85,I 85 and 85 S Onh Rp,,Angle Crash,2,Clear,Dry,Daylight
2021-04-04T21:07:00.000,I 85,I 85 and 85 S Onh 285 Cd,,Sideswipe-Same Direction,2,Clear,Dry,Dark-Not Lighted
2020-06-05T15:05:00.000,I 85,I 85 and 85 S Onh 285 Cd,,Rear End,2,Rain,Wet,Daylight
2020-06-10T14:48:00.000,I 85,I 85 and 85 S Lee St Rp,,Rear End,2,Rain,Wet,Daylight
2021-08-21T10:33:00.000,I 85,I 85 and 85 S Airport Rp,,Rear End,2,Cloudy,Dry,Daylight
2021-08-21T09:06:00.000,I 85,I 85 and 85 S Airport Rp,,Not a Collision with Motor Vehicle,4,Cloudy,Dry,Daylight
2024-01-24T13:28:00.000,I 85,I 85 and 85 S Airport Rp,,Sideswipe-Same Direction,2,Cloudy,Wet,Daylight
2021-02-17T13:50:00.000,I 85,I 85 and 85 S 285 E Rp,,Sideswipe-Same Direction,2,Clear,Dry,Daylight
2021-09-06T18:10:00.000,I 85,I 85 and 85 N Virginia Av,,Rear End,2,Clear,Dry,Daylight
2021-03-03T09:22:00.000,I 85,I 85 and 85 N Riverdale Rp,,Angle Crash,2,Clear,Dry,Daylight
2020-12-16T22:50:00.000,I 85,I 85 and 85 N Riverdale Rp,,Not a Collision with Motor Vehicle,1,Cloudy,Wet,Dark-Not Lighted
2021-04-06T07:00:00.000,I 85,I 85 and 85 N Riverdale Rp,,Sideswipe-Same Direction,2,Clear,Dry,Daylight
2021-07-20T16:13:00.000,I 85,I 85 and 85 N Riverdale Rp,,Sideswipe-Same Direction,2,Rain,Wet,Daylight
2021-08-14T23:10:00.000,I 85,I 85 and 85 N Riverdale Rd Rp,,Not a Collision with Motor Vehicle,1,Clear,Dry,Dark-Lighted
2020-04-20T21:36:00.000,I 85,I 85 and 85 N Onh Rp,,Not a Collision with Motor Vehicle,2,Clear,Dry,Dark-Lighted
2020-08-24T16:00:00.000,I 85,I 85 and 85 N Onh Cd Rp,,Rear End,2,Clear,Dry,Daylight
2020-07-15T14:10:00.000,I 85,I 85 and 85 N Loop Cd,,Not a Collision with Motor Vehicle,1,Rain,Wet,Daylight
2021-06-21T11:45:00.000,I 85,I 85 and 85 N Loop Cd,,Angle Crash,2,Rain,Wet,Daylight
2021-05-16T13:36:00.000,I 85,I 85 and 85 N Ccp Rp,,Angle Crash,2,Clear,Dry,Daylight
2020-06-10T12:46:00.000,I 85,I 85 and 85 N Ccp Rp,,Not a Collision with Motor Vehicle,1,Rain,Wet,Daylight
2020-01-09T08:10:00.000,I 85,I 85 and 85 N Camp Creek Pkwy Rp,,Sideswipe-Same Direction,2,Clear,Dry,Daylight
2020-10-21T23:03:00.000,I 85,I 85 and 85 Mm 134,,Rear End,1,Clear,Dry,Dark-Not Lighted
2021-03-25T10:00:00.000,I 85,I 85 and 85 Access Rd Loop,,Angle Crash,2,Rain,Wet,Daylight
2021-06-21T09:16:00.000,I 85,I 85 and 85 Access Rd Loop,,Rear End,2,Cloudy,Dry,Daylight
2021-02-24T13:15:00.000,I 85,I 85 and 85 Access Rd Loop,,Sideswipe-Same Direction,2,Clear,Dry,Daylight
2023-02-07T18:40:00.000,I 85,I 85 and 85 Access Rd Loop,,Angle Crash,2,Clear,Dry,Dark-Not Lighted
2023-07-07T18:26:00.000,I 85,I 85 and 85 Access Rd Loop,,Sideswipe-Same Direction,2,Clear,Dry,Daylight
2020-11-23T18:40:00.000,I 85,I 85 and 85 Access Rd Loop,,Not a Collision with Motor Vehicle,1,Clear,Dry,Dark-Lighted
2020-01-24T08:00:00.000,I 85,I 85 and 85 Access Rd Loop,,Rear End,2,Rain,Wet,Dark-Lighted
2020-01-27T00:00:00.000,I 85,I 85 and 85 Access Rd Loop,,Rear End,2,Cloudy,Wet,Dark-Not Lighted
2020-03-11T08:47:00.000,I 85,I 85 and 85 Access Rd Loop,,Rear End,3,Clear,Dry,Daylight
2020-03-03T09:00:00.000,I 85,I 85 and 85 Access Rd Loop,,Rear End,2,Rain,Wet,Daylight
2022-07-26T08:20:00.000,I 85,I 85 and 85 Access Rd Loop,,Rear End,3,Clear,Dry,Daylight
2024-07-09T20:30:00.000,I 85,I 85 and 85 Access Rd Loop,,Sideswipe-Same Direction,2,Clear,Dry,Daylight
2024-06-16T13:20:00.000,I 85,I 85 and 85 Access Rd Loop,,Rear End,2,Cloudy,Dry,Daylight
2024-11-06T08:35:00.000,I 85,I 85 and 85 Access Rd Loop,,Rear End,2,Cloudy,Dry,Daylight
2020-02-19T18:11:00.000,I 85,I 85 and 85 Access Rd,,Sideswipe-Same Direction,2,Rain,Wet,Dark-Lighted
2022-12-20T08:58:00.000,I 85,I 85 and 82 Spur Opas,,Sideswipe-Same Direction,2,Rain,Wet,Daylight
2020-02-13T07:05:00.000,I 85,I 85 and 5Th Street Opas,,Rear End,3,Rain,Wet,Dark-Lighted
2021-08-19T09:00:00.000,I 85,I 85 and 5Th St Opas,,Rear End,3,Clear,Dry,Daylight
2021-01-28T14:15:00.000,I 85,I 85 and 5Th St,,Sideswipe-Same Direction,2,Clear,Dry,Daylight
2021-04-19T09:54:00.000,I 85,I 85 and 5Th St,,Sideswipe-Same Direction,2,Clear,Dry,Daylight
2021-03-01T17:56:00.000,I 85,I 85 and 5Th St,,Rear End,2,Cloudy,Dry,Dusk
2021-04-28T15:55:00.000,I 85,I 85 and 5Th St,,Sideswipe-Same Direction,2,Clear,Dry,Daylight
2021-07-16T15:44:00.000,I 85,I 85 and 5Th St,,Sideswipe-Same Direction,2,Cloudy,Dry,Daylight
2021-08-26T16:10:00.000,I 85,I 85 and 5Th St,,Sideswipe-Same Direction,2,Clear,Dry,Daylight
2021-07-26T10:15:00.000,I 85,I 85 and 5Th St,,Sideswipe-Same Direction,2,Clear,Dry,Daylight
2021-04-19T11:48:00.000,I 85,I 85 and 5Th St,,Rear End,2,Clear,Dry,Daylight
2021-03-08T08:00:00.000,I 85,I 85 and 5Th St,,Sideswipe-Same Direction,2,Clear,Dry,Daylight
2021-04-15T11:00:00.000,I 85,I 85 and 5Th St,,Rear End,3,Cloudy,Dry,Daylight
2021-01-01T00:36:00.000,I 85,I 85 and 5Th St,,Rear End,3,Rain,Wet,Dark-Lighted
2021-03-04T06:53:00.000,I 85,I 85 and 5Th St,,Rear End,3,Clear,Dry,Dawn
2021-01-18T16:35:00.000,I 85,I 85 and 5Th St,,Rear End,2,Clear,Dry,Daylight
2021-05-26T12:00:00.000,I 85,I 85 and 5Th St,,Rear End,2,Clear,Dry,Daylight
2021-03-08T08:45:00.000,I 85,I 85 and 5Th St,,Sideswipe-Same Direction,2,Clear,Dry,Daylight
2021-09-09T16:58:00.000,I 85,I 85 and 5Th St,,Rear End,2,Clear,Dry,Daylight
2021-08-02T10:50:00.000,I 85,I 85 and 5Th St,,Not a Collision with Motor Vehicle,3,Clear,Dry,Daylight
2021-09-07T14:25:00.000,I 85,I 85 and 5Th St,,Rear End,2,Cloudy,Wet,Daylight
2021-07-12T11:50:00.000,I 85,I 85 and 5Th St,,Rear End,3,Clear,Dry,Daylight
2021-07-13T11:40:00.000,I 85,I 85 and 5Th St,,Rear End,2,Clear,Dry,Daylight
2021-09-29T06:55:00.000,I 85,I 85 and 5Th St,,Rear End,3,Clear,Dry,Daylight
2021-01-22T10:35:00.000,I 85,I 85 and 5Th St,,Sideswipe-Same Direction,2,Cloudy,Wet,Daylight
2021-05-26T15:00:00.000,I 85,I 85 and 5Th St,,Sideswipe-Same Direction,2,Clear,Dry,Daylight
2021-03-04T11:55:00.000,I 85,I 85 and 5Th St,,Rear End,2,Clear,Dry,Daylight
2020-02-11T11:05:00.000,I 85,I 85 and 5Th St,,Rear End,2,Cloudy,Wet,Daylight
2020-02-06T19:30:00.000,I 85,I 85 and 5Th St,,Rear End,2,Rain,Wet,Dark-Lighted
2020-09-18T19:30:00.000,I 85,I 85 and 5Th St,,Rear End,2,Clear,Dry,Dark-Lighted
2020-10-30T15:10:00.000,I 85,I 85 and 5Th St,,Sideswipe-Same Direction,2,Clear,Dry,Daylight
2020-07-14T09:45:00.000,I 85,I 85 and 5Th St,,Sideswipe-Same Direction,2,Clear,Dry,Daylight
2020-01-02T12:47:00.000,I 85,I 85 and 5Th St,,Rear End,2,Rain,Wet,Dark-Lighted
2020-04-17T16:30:00.000,I 85,I 85 and 5Th St,,Sideswipe-Same Direction,2,Clear,Dry,Daylight
2020-05-28T08:10:00.000,I 85,I 85 and 5Th St,,Rear End,2,Clear,Wet,Daylight
2020-03-09T07:24:00.000,I 85,I 85 and 5Th St,,Rear End,2,Rain,Wet,Daylight
2020-02-25T07:00:00.000,I 85,I 85 and 5Th St,,Rear End,2,Rain,Wet,Dark-Lighted