Date and Time,Roadway (From Crash Report),Intersection Name (from Crash Report),KABCO Severity,Manner of Collision (Crash Level) ,# of Vehicles per crash ,Weather Conditions (Crash Level),Surface Condition (Crash Level) ,Light Conditions (Crash Level)
2020-02-20T16:25:00.000,I 85,I 85 and 5Th St,,Rear End,2,Rain,Wet,Daylight
2020-10-05T15:48:00.000,I 85,I 85 and 5Th St,,Rear End,3,Clear,Dry,Daylight
2020-10-22T15:40:00.000,I 85,I 85 and 5Th St,,Rear End,2,Clear,Dry,Daylight
2020-10-23T14:10:00.000,I 85,I 85 and 5Th St,,Sideswipe-Same Direction,2,Clear,Dry,Daylight
2020-12-31T19:10:00.000,I 85,I 85 and 5Th St,,Rear End,3,Cloudy,Wet,Dark-Lighted
2020-09-30T17:40:00.000,I 85,I 85 and 5Th St,,Sideswipe-Same Direction,2,Clear,Dry,Daylight
2020-02-25T06:00:00.000,I 85,I 85 and 5Th St,,Rear End,2,Rain,Wet,Dark-Lighted
2020-09-09T14:50:00.000,I 85,I 85 and 5Th St,,Rear End,2,Clear,Dry,Daylight
2020-08-25T06:52:00.000,I 85,I 85 and 5Th St,,Rear End,2,Rain,Wet,Dark-Lighted
2020-11-11T18:10:00.000,I 85,I 85 and 5Th St,,Rear End,2,Cloudy,Dry,Dark-Lighted
2020-12-29T10:55:00.000,I 85,I 85 and 5Th St,,Rear End,2,Clear,Dry,Daylight
2020-08-25T07:21:00.000,I 85,I 85 and 5Th St,,Rear End,2,Rain,Wet,Dark-Lighted
2020-01-21T13:40:00.000,I 85,I 85 and 5Th St,,Sideswipe-Same Direction,2,Clear,Dry,Daylight
2020-06-12T19:45:00.000,I 85,I 85 and 5Th St,,Sideswipe-Same Direction,2,Clear,Dry,Daylight
2020-06-10T10:17:00.000,I 85,I 85 and 5Th St,,Not a Collision with Motor Vehicle,2,Cloudy,Dry,Daylight
2020-10-15T17:20:00.000,I 85,I 85 and 5Th St,,Rear End,2,Clear,Dry,Daylight
2020-10-19T07:05:00.000,I 85,I 85 and 5Th St,,Angle Crash,2,Cloudy,Dry,Dark-Lighted
2020-06-19T16:45:00.000,I 85,I 85 and 5Th St,,Rear End,2,Clear,Dry,Daylight
2020-09-29T14:32:00.000,I 85,I 85 and 5Th St,,Rear End,2,Rain,Wet,Daylight
2020-12-14T07:00:00.000,I 85,I 85 and 5Th St,,Rear End,3,Rain,Wet,Daylight
2020-01-17T18:55:00.000,I 85,I 85 and 5Th St,,Rear End,2,Clear,Dry,Dark-Lighted
2020-12-10T18:27:00.000,I 85,I 85 and 5Th St,,Sideswipe-Same Direction,2,Clear,Dry,Dark-Not Lighted
2020-03-02T17:40:00.000,I 85,I 85 and 5Th St,,Sideswipe-Same Direction,2,Rain,Wet,Dark-Lighted
2020-11-23T18:45:00.000,I 85,I 85 and 5Th St,,Sideswipe-Same Direction,2,Clear,Dry,Dark-Lighted
2020-05-08T13:40:00.000,I 85,I 85 and 5Th St,,Rear End,2,Rain,Wet,Daylight
2020-02-06T17:48:00.000,I 85,I 85 and 5Th St,,Rear End,2,Rain,Wet,Daylight
2020-10-06T17:35:00.000,I 85,I 85 and 5Th St,,Rear End,2,Clear,Dry,Daylight
2020-10-06T16:40:00.000,I 85,I 85 and 5Th St,,Rear End,2,Clear,Dry,Daylight
2020-09-07T15:00:00.000,I 85,I 85 and 5Th St,,Sideswipe-Same Direction,2,Clear,Dry,Daylight
2020-06-12T14:30:00.000,I 85,I 85 and 5Th St,,Rear End,2,Clear,Dry,Daylight
2020-01-13T18:00:00.000,I 85,I 85 and 5Th St,,Angle Crash,2,Rain,Wet,Dark-Lighted
2020-12-10T12:30:00.000,I 85,I 85 and 5Th St,,Rear End,2,Clear,Dry,Daylight
2020-12-31T17:46:00.000,I 85,I 85 and 5Th St,,Rear End,2,Cloudy,Wet,Dark-Lighted
2020-08-25T07:41:00.000,I 85,I 85 and 5Th St,,Sideswipe-Same Direction,2,Rain,Wet,Daylight
2020-01-21T10:04:00.000,I 85,I 85 and 5Th St,,Rear End,3,Clear,Dry,Daylight
2020-02-24T14:40:00.000,I 85,I 85 and 5Th St,,Rear End,2,Rain,Wet,Daylight
2020-10-13T14:20:00.000,I 85,I 85 and 5Th St,,Rear End,3,Clear,Dry,Daylight
2020-12-23T17:20:00.000,I 85,I 85 and 5Th St,,Sideswipe-Same Direction,2,Cloudy,Dry,Daylight
2020-12-31T18:40:00.000,I 85,I 85 and 5Th St,,Rear End,2,Cloudy,Wet,Dark-Lighted
2020-01-20T10:15:00.000,I 85,I 85 and 5Th St,,Rear End,2,Clear,Dry,Daylight
2021-03-04T06:53:00.000,I 85,I 85 and 5Th St,,Rear End,3,Clear,Dry,Daylight
2021-03-24T19:10:00.000,I 85,I 85 and 5Th St,,Rear End,3,Clear,Dry,Daylight
2021-01-08T13:39:00.000,I 85,I 85 and 5Th St,,Rear End,2,Rain,Wet,Daylight
2021-01-18T16:00:00.000,I 85,I 85 and 5Th St,,Rear End,2,Clear,Dry,Daylight
2021-03-22T12:10:00.000,I 85,I 85 and 5Th St,,Rear End,2,Clear,Dry,Daylight
2021-02-18T07:20:00.000,I 85,I 85 and 5Th St,,Not a Collision with Motor Vehicle,1,Rain,Wet,Dawn
2021-04-15T06:50:00.000,I 85,I 85 and 5Th St,,Rear End,2,Clear,Dry,Daylight
2021-03-01T16:53:00.000,I 85,I 85 and 5Th St,,Sideswipe-Same Direction,2,Cloudy,Wet,Daylight
2021-03-04T10:00:00.000,I 85,I 85 and 5Th St,,Rear End,2,Clear,Dry,Daylight
2021-06-11T10:25:00.000,I 85,I 85 and 5Th St,,Rear End,3,Cloudy,Dry,Daylight
2021-06-03T12:00:00.000,I 85,I 85 and 5Th St,,Rear End,2,Clear,Dry,Daylight
2021-08-12T17:10:00.000,I 85,I 85 and 5Th St,,Sideswipe-Same Direction,2,Clear,Dry,Daylight
2021-09-28T07:30:00.000,I 85,I 85 and 5Th St,,Rear End,2,Clear,Dry,Daylight
2021-07-26T16:15:00.000,I 85,I 85 and 5Th St,,Rear End,2,Clear,Dry,Daylight
2023-09-16T11:15:00.000,I 85,I 85 and 51.8 Mm,,Angle Crash,2,Rain,Wet,Daylight
2024-09-28T17:30:00.000,I 85,I 85 and 38 Mm,,Not a Collision with Motor Vehicle,1,Clear,Dry,Daylight
2021-01-23T18:04:00.000,I 85,I 85 and 378Beaver Ruin Rd,,Rear End,2,Clear,Dry,Daylight
2024-12-20T20:15:00.000,I 85,I 85 and 35 Mm,,Sideswipe-Same Direction,2,Clear,Dry,Dark-Not Lighted
2021-04-04T13:51:00.000,I 85,I 85 and 35 Mile Post,,Rear End,2,Clear,Dry,Daylight
2024-06-16T21:16:00.000,I 85,I 85 and 316 W Opas,,Rear End,4,Clear,Dry,Dark-Not Lighted
2024-08-24T12:00:00.000,I 85,I 85 and 316 W Opas,,Sideswipe-Same Direction,2,Clear,Dry,Daylight
2020-08-03T19:26:00.000,I 85,I 85 and 316 University Pkwy,,Angle Crash,2,Clear,Dry,Daylight
2021-08-30T20:35:00.000,I 85,I 85 and 316 Split,,Sideswipe-Same Direction,2,Clear,Wet,Dark-Lighted
2023-04-12T22:45:00.000,I 85,I 85 and 316 Split,,Angle Crash,2,Clear,Dry,Dark-Lighted
2022-06-01T17:15:00.000,I 85,I 85 and 316 Split,,(None),1,Clear,Dry,Daylight
2022-08-03T20:15:00.000,I 85,I 85 and 316 Split,,Sideswipe-Same Direction,2,Rain,Wet,Dark-Lighted
2022-08-03T20:15:00.000,I 85,I 85 and 316 Split,,Not a Collision with Motor Vehicle,1,Rain,Dry,Dark-Lighted
2023-01-07T06:00:00.000,I 85,I 85 and 316 Split,,Rear End,2,Clear,Dry,Dark-Lighted
2023-02-19T19:00:00.000,I 85,I 85 and 316 Split,,Rear End,2,Clear,Dry,Dark-Lighted
2020-09-24T10:50:00.000,I 85,I 85 and 316 Opas,,Not a Collision with Motor Vehicle,1,Rain,Wet,Daylight
2023-07-12T08:09:00.000,I 85,I 85 and 316 Hot Lane Merge,,Sideswipe-Same Direction,2,Clear,Dry,Daylight
2023-04-02T18:00:00.000,I 85,I 85 and 316 Exit Rp,,Sideswipe-Same Direction,1,Clear,Dry,Daylight
2020-08-19T14:01:00.000,I 85,I 85 and 316 E University Pkwy,,Rear End,2,Clear,Dry,Daylight
2020-01-25T00:30:00.000,I 85,I 85 and 316 E Split,,Angle Crash,2,Clear,Dry,Dark-Lighted
2024-09-26T14:11:00.000,I 85,I 85 and 316 E Entrance,,Sideswipe-Same Direction,2,Rain,Water (standing or moving),Daylight
2020-08-21T02:50:00.000,I 85,I 85 and 316 E Bound,,Angle Crash,2,Cloudy,Wet,Dark-Lighted
2020-07-08T20:24:00.000,I 85,I 85 and 316 Brg,,Not a Collision with Motor Vehicle,1,Rain,Wet,Dark-Lighted
2021-03-17T16:44:00.000,I 85,I 85 and 285 W 85 S Rp,,Angle Crash,2,Rain,Wet,Daylight
2022-09-23T19:13:00.000,I 85,I 85 and 285 W 85 S Rp,,Rear End,2,Clear,Dry,Daylight
2021-09-17T15:08:00.000,I 85,I 85 and 285 W 85,,Rear End,2,Clear,Dry,Daylight
2021-04-28T15:20:00.000,I 85,I 85 and 285 W  85South,,Rear End,2,Clear,Dry,Daylight
2023-11-14T10:45:00.000,I 85,I 85 and 285 Rp,,Sideswipe-Same Direction,2,Clear,Dry,Daylight
2021-01-12T11:20:00.000,I 85,I 85 and 285 On,,Sideswipe-Same Direction,2,Cloudy,Dry,Daylight
2021-05-10T15:10:00.000,I 85,I 85 and 285 On,,Rear End,2,Clear,Dry,Daylight
2020-11-04T15:00:00.000,I 85,I 85 and 285 On,,Sideswipe-Same Direction,2,Clear,Dry,Daylight
2020-07-30T15:30:00.000,I 85,I 85 and 285 On,,Sideswipe-Same Direction,3,Cloudy,Wet,Daylight
2020-07-30T16:30:00.000,I 85,I 85 and 285 On,,Rear End,2,Cloudy,Wet,Daylight
2020-10-21T13:25:00.000,I 85,I 85 and 285 On,,Sideswipe-Same Direction,2,Cloudy,Dry,Daylight
2021-01-22T07:00:00.000,I 85,I 85 and 285 On,,Sideswipe-Same Direction,2,Cloudy,Dry,Dark-Not Lighted
2021-03-31T17:00:00.000,I 85,I 85 and 285 On,,Not a Collision with Motor Vehicle,1,Rain,Wet,Daylight
2021-07-25T20:00:00.000,I 85,I 85 and 285 On,,Sideswipe-Same Direction,2,Clear,Dry,Daylight
2021-07-06T11:15:00.000,I 85,I 85 and 285 On,,Sideswipe-Same Direction,2,Cloudy,Dry,Daylight
2021-04-16T17:40:00.000,I 85,I 85 and 285 Off Rp,,Rear End,2,Clear,Dry,Daylight
2021-10-12T20:10:00.000,I 85,I 85 and 285 Off,,Rear End,2,Clear,Dry,Dark-Not Lighted
2021-01-31T21:20:00.000,I 85,I 85 and 285 Off,,Angle Crash,2,Rain,Wet,Dark-Lighted
2021-04-16T15:00:00.000,I 85,I 85 and 285 Off,,Rear End,2,Clear,Dry,Daylight
2020-06-11T14:09:00.000,I 85,I 85 and 285 Off,,Rear End,2,Clear,Dry,Daylight
2020-10-19T15:28:00.000,I 85,I 85 and 285 Off,,Sideswipe-Same Direction,2,Clear,Dry,Daylight
2020-09-24T12:30:00.000,I 85,I 85 and 285 Off,,Rear End,2,Rain,Wet,Daylight
2020-12-21T19:15:00.000,I 85,I 85 and 285 Off,,Sideswipe-Same Direction,2,Clear,Dry,Dark-Lighted
2020-08-04T15:11:00.000,I 85,I 85 and 285 Off,,Rear End,2,Clear,Dry,Daylight
2020-07-25T17:30:00.000,I 85,I 85 and 285 Off,,Rear End,3,Cloudy,Wet,Daylight
2020-09-19T11:45:00.000,I 85,I 85 and 285 Off,,Rear End,2,Cloudy,Dry,Daylight
2021-02-05T07:20:00.000,I 85,I 85 and 285 Off,,Not a Collision with Motor Vehicle,1,Cloudy,Wet,Daylight
2021-09-28T17:00:00.000,I 85,I 85 and 285 Off,,Sideswipe-Same Direction,2,Clear,Dry,Daylight
2021-06-17T22:26:00.000,I 85,I 85 and 285 N  E Exit,,Sideswipe-Same Direction,2,Clear,Dry,Dark-Lighted
2022-09-01T14:44:00.000,I 85,I 85 and 285 N,,Sideswipe-Opposite Direction,2,Clear,Dry,Daylight
2023-10-19T09:50:00.000,I 85,I 85 and 285 Exit Rp,,Sideswipe-Same Direction,2,Clear,Dry,Daylight
2020-01-07T18:20:00.000,I 85,I 85 and 285 Exit Rp,,Sideswipe-Same Direction,2,Clear,Dry,Daylight
2020-03-03T18:43:00.000,I 85,I 85 and 285 Exit Rp,,Rear End,3,Cloudy,Dry,Dark-Lighted
2021-10-14T14:40:00.000,I 85,I 85 and 285 Exit Rp,,Rear End,2,Clear,Dry,Daylight
2022-06-01T10:00:00.000,I 85,I 85 and 285 Exit Rp,,Rear End,2,Clear,Dry,Daylight
2022-07-12T13:19:00.000,I 85,I 85 and 285 Exit Rp,,Sideswipe-Same Direction,2,Clear,Dry,Daylight
2022-05-02T19:20:00.000,I 85,I 85 and 285 Exit Rp,,Sideswipe-Same Direction,2,Clear,Dry,Daylight
2022-02-11T14:56:00.000,I 85,I 85 and 285 Exit Rp,,Sideswipe-Same Direction,2,Clear,Dry,Daylight
2023-03-12T16:14:00.000,I 85,I 85 and 285 Exit Rp,,Rear End,3,Clear,Dry,Daylight
2020-12-10T22:30:00.000,I 85,I 85 and 285 Exit Rmp,,Not a Collision with Motor Vehicle,1,Clear,Dry,Dark-Not Lighted
2022-03-22T16:45:00.000,I 85,I 85 and 285 Exit,,Sideswipe-Same Direction,2,Clear,Dry,Daylight
2021-12-17T20:00:00.000,I 85,I 85 and 285 Entry Rp,,Sideswipe-Same Direction,2,Clear,Dry,Dark-Lighted
2021-10-13T15:08:00.000,I 85,I 85 and 285 Entry Rp,,Rear End,2,Clear,Dry,Daylight
2020-03-05T03:25:00.000,I 85,I 85 and 285 Entry Rp,,Rear End,2,Rain,Wet,Dark-Not Lighted
2020-02-06T00:28:00.000,I 85,I 85 and 285 Entry Rp,,Sideswipe-Same Direction,2,Rain,Wet,Dark-Not Lighted
2021-06-28T13:27:00.000,I 85,I 85 and 285 Entry Rp,,Sideswipe-Same Direction,2,Clear,Dry,Daylight
2021-11-19T17:00:00.000,I 85,I 85 and 285 Entry Rp,,Rear End,3,Clear,Dry,Daylight
2021-11-19T16:00:00.000,I 85,I 85 and 285 Entry Rp,,Sideswipe-Same Direction,2,Clear,Dry,Daylight
2021-10-29T14:50:00.000,I 85,I 85 and 285 Entry Rp,,Sideswipe-Same Direction,2,Rain,Wet,Daylight
2021-09-09T17:50:00.000,I 85,I 85 and 285 Entry Rp,,Sideswipe-Same Direction,2,Clear,Dry,Daylight
2022-03-08T18:00:00.000,I 85,I 85 and 285 Entry Rp,,Rear End,3,Rain,Wet,Dark-Not Lighted
2022-02-13T00:00:00.000,I 85,I 85 and 285 Entry,,Sideswipe-Same Direction,2,Clear,Dry,Dark-Lighted
2022-02-27T17:50:00.000,I 85,I 85 and 285 Entry,,Not a Collision with Motor Vehicle,1,Cloudy,Wet,Daylight
2022-03-01T15:01:00.000,I 85,I 85 and 285 Entry,,Rear End,2,Clear,Dry,Daylight
2022-03-08T15:42:00.000,I 85,I 85 and 285 Entry,,Sideswipe-Same Direction,2,Rain,Wet,Daylight
2021-03-07T13:40:00.000,I 85,I 85 and 285 E Rp,,Sideswipe-Same Direction,2,Clear,Dry,Daylight
2021-05-29T01:42:00.000,I 85,I 85 and 285 E Opas,,Not a Collision with Motor Vehicle,1,Cloudy,Wet,Dark-Lighted
2020-02-14T06:42:00.000,I 85,I 85 and 285 E 85 N Rp,,Not a Collision with Motor Vehicle,1,Clear,Dry,Daylight
2020-01-02T00:32:00.000,I 85,I 85 and 285 Byp,,Rear End,3,Clear,Dry,Dark-Not Lighted
2020-10-16T05:51:00.000,I 85,I 85 and 20Buford Dr,,Sideswipe-Same Direction,2,Clear,Dry,Dark-Not Lighted
2020-02-08T10:48:00.000,I 85,I 85 and 20Buford Dr,,Sideswipe-Same Direction,2,Snow,Slush,Daylight
2022-01-23T12:42:00.000,I 85,I 85 and 20Buford Dr,,Rear End,2,Clear,Dry,Daylight
2021-05-07T10:45:00.000,I 85,I 85 and 1Oth St,,Sideswipe-Same Direction,2,Clear,Dry,Daylight
2020-12-23T19:18:00.000,I 85,I 85 and 185Sb Interchange,,Sideswipe-Same Direction,2,Clear,Dry,Dark-Not Lighted
2024-10-12T14:36:00.000,I 85,I 85 and 185 N Bound Exit Ramp  129,,Rear End,3,Clear,Dry,Daylight
2020-06-15T03:50:00.000,I 85,I 85 and 185 Entrance Ramp O,,Not a Collision with Motor Vehicle,1,Clear,Dry,Dark-Not Lighted
2023-03-13T15:00:00.000,I 85,I 85 and 17Th Stret,,Sideswipe-Same Direction,2,Clear,Dry,Daylight
2021-06-25T09:50:00.000,I 85,I 85 and 17Th Street Opas,,Rear End,2,Cloudy,Dry,Daylight
2021-09-14T16:09:00.000,I 85,I 85 and 17Th Street Opas,,Rear End,3,Clear,Dry,Daylight
2021-03-01T08:35:00.000,I 85,I 85 and 17Th Street Opas,,Rear End,2,Rain,Wet,Daylight
2021-02-18T10:20:00.000,I 85,I 85 and 17Th Street Opas,,Not a Collision with Motor Vehicle,1,Cloudy,Wet,Daylight
2021-06-10T07:15:00.000,I 85,I 85 and 17Th Street Opas,,Sideswipe-Same Direction,2,Clear,Dry,Daylight
2021-08-26T09:00:00.000,I 85,I 85 and 17Th Street Opas,,Rear End,2,Cloudy,Dry,Daylight
2021-07-20T09:15:00.000,I 85,I 85 and 17Th Street Opas,,Sideswipe-Same Direction,2,Cloudy,Wet,Daylight
2021-04-29T12:48:00.000,I 85,I 85 and 17Th Street Opas,,Sideswipe-Same Direction,4,Clear,Dry,Daylight
2020-05-29T13:50:00.000,I 85,I 85 and 17Th Street Opas,,Rear End,2,Clear,Dry,Daylight
2020-11-13T11:30:00.000,I 85,I 85 and 17Th Street Opas,,Rear End,2,Clear,Dry,Daylight
2020-05-29T13:20:00.000,I 85,I 85 and 17Th Street Opas,,Rear End,2,Rain,Wet,Daylight
2020-06-29T14:39:00.000,I 85,I 85 and 17Th Street Opas,,Sideswipe-Same Direction,2,Cloudy,Dry,Daylight
2020-11-19T11:10:00.000,I 85,I 85 and 17Th Street Opas,,Rear End,2,Clear,Dry,Daylight
2020-08-31T16:41:00.000,I 85,I 85 and 17Th Street Opas,,Rear End,2,Cloudy,Dry,Daylight
2020-10-28T11:15:00.000,I 85,I 85 and 17Th Street Opas,,Angle Crash,2,Cloudy,Wet,Daylight
2021-02-18T07:39:00.000,I 85,I 85 and 17Th Street Opas,,Not a Collision with Motor Vehicle,2,Rain,Wet,Dark-Not Lighted
2021-07-20T09:35:00.000,I 85,I 85 and 17Th Street Opas,,Rear End,2,Cloudy,Wet,Daylight
2021-09-14T16:04:00.000,I 85,I 85 and 17Th Street Opas,,Rear End,2,Clear,Dry,Daylight
2021-08-26T12:55:00.000,I 85,I 85 and 17Th Street Opas,,Sideswipe-Same Direction,2,Cloudy,Dry,Daylight
2021-08-11T17:00:00.000,I 85,I 85 and 17Th Street Opas,,Rear End,2,Cloudy,Dry,Daylight
2022-10-06T18:02:00.000,I 85,I 85 and 17Th Street Opas,,Rear End,2,Clear,Dry,Daylight
2022-11-22T15:41:00.000,I 85,I 85 and 17Th Street Opas,,Sideswipe-Same Direction,2,Clear,Dry,Daylight
2024-07-24T21:45:00.000,I 85,I 85 and 17Th Street Opas,,Rear End,2,Rain,Wet,Dark-Lighted
2024-07-24T21:45:00.000,I 85,I 85 and 17Th Street Opas,,Rear End,3,Rain,Wet,Dark-Lighted
2024-07-24T21:45:00.000,I 85,I 85 and 17Th Street Opas,,Rear End,2,Rain,Wet,Dark-Lighted
2024-05-20T09:20:00.000,I 85,I 85 and 17Th Street Opas,,Rear End,2,Clear,Dry,Daylight
2023-03-27T12:00:00.000,I 85,I 85 and 17Th Street Entrance Rp,,Rear End,3,Cloudy,Wet,Daylight
2023-03-27T12:00:00.000,I 85,I 85 and 17Th Street Entrance Rp,,Rear End,3,Cloudy,Wet,Daylight
2020-01-16T12:45:00.000,I 85,I 85 and 17Th Street Brg,,Rear End,2,Clear,Dry,Daylight
2023-08-17T12:00:00.000,I 85,I 85 and 17Th Street Brg,,Rear End,3,Clear,Dry,Daylight
2020-12-07T18:28:00.000,I 85,I 85 and 17Th Stnw,,Angle Crash,2,Clear,Dry,Dark-Lighted
2022-06-17T13:12:00.000,I 85,I 85 and 17Th St Ovepass,,Rear End,2,Clear,Dry,Daylight
2021-10-22T19:42:00.000,I 85,I 85 and 17Th St Opas,,Rear End,2,Clear,Dry,Dark-Lighted
2021-08-24T19:05:00.000,I 85,I 85 and 17Th St Opas,,Rear End,2,Clear,Dry,Daylight
2021-03-11T19:21:00.000,I 85,I 85 and 17Th St Opas,,Rear End,2,Clear,Dry,Daylight
2021-02-12T12:18:00.000,I 85,I 85 and 17Th St Opas,,Rear End,3,Cloudy,Wet,Daylight
2021-04-06T17:31:00.000,I 85,I 85 and 17Th St Opas,,Rear End,2,Clear,Dry,Daylight
2023-04-16T12:19:00.000,I 85,I 85 and 17Th St Opas,,Rear End,4,Cloudy,Dry,Daylight
2023-03-20T16:15:00.000,I 85,I 85 and 17Th St Opas,,Rear End,2,Clear,Dry,Daylight
2020-07-27T17:54:00.000,I 85,I 85 and 17Th St Opas,,Sideswipe-Same Direction,2,Clear,Dry,Daylight
2020-11-30T09:52:00.000,I 85,I 85 and 17Th St Opas,,Rear End,2,Clear,Dry,Daylight
2021-06-17T18:22:00.000,I 85,I 85 and 17Th St Opas,,Rear End,2,Clear,Dry,Daylight
2021-06-07T09:36:00.000,I 85,I 85 and 17Th St Opas,,Rear End,2,Rain,Wet,Daylight
2021-02-18T07:30:00.000,I 85,I 85 and 17Th St Opas,,Rear End,2,Rain,Wet,Daylight
2022-01-10T17:27:00.000,I 85,I 85 and 17Th St Opas,,Rear End,2,Clear,Dry,Daylight
2022-09-12T08:53:00.000,I 85,I 85 and 17Th St Opas,,Rear End,2,Cloudy,Dry,Daylight
2021-09-20T11:46:00.000,I 85,I 85 and 17Th St Opas,,Sideswipe-Same Direction,2,Rain,Wet,Dusk
2021-11-20T22:23:00.000,I 85,I 85 and 17Th St Opas,,Rear End,2,Clear,Dry,Dark-Lighted
2022-04-11T18:49:00.000,I 85,I 85 and 17Th St Opas,,Not a Collision with Motor Vehicle,2,Cloudy,Dry,Daylight
2022-07-12T08:37:00.000,I 85,I 85 and 17Th St Opas,,Rear End,2,Cloudy,Dry,Daylight
2021-03-01T06:55:00.000,I 85,I 85 and 17Th St Exit Rp,,Rear End,2,Rain,Wet,Dark-Lighted
2020-06-22T18:04:00.000,I 85,I 85 and 17Th St Bridge Opas,,Rear End,2,Rain,Wet,Daylight
2020-08-03T16:04:00.000,I 85,I 85 and 17Th St Bridge Opas,,Sideswipe-Same Direction,3,Cloudy,Wet,Daylight
2020-08-03T16:49:00.000,I 85,I 85 and 17Th St Bridge Opas,,Sideswipe-Same Direction,2,Cloudy,Dry,Daylight
2020-01-09T19:40:00.000,I 85,I 85 and 17Th St Bridge Opas,,Rear End,2,Clear,Dry,Dark-Lighted
2020-08-20T19:02:00.000,I 85,I 85 and 17Th St Bridge Opas,,Rear End,3,Rain,Wet,Daylight
2020-08-20T19:01:00.000,I 85,I 85 and 17Th St Bridge Opas,,Rear End,3,Rain,Wet,Daylight
2020-09-03T17:10:00.000,I 85,I 85 and 17Th St Bridge Opas,,Rear End,2,Clear,Dry,Daylight
2020-01-24T12:09:00.000,I 85,I 85 and 17Th St Brg,,Rear End,2,Cloudy,Wet,Daylight
2021-02-13T12:24:00.000,I 85,I 85 and 17Th St,,Sideswipe-Same Direction,3,Rain,Wet,Daylight
2021-01-01T09:17:00.000,I 85,I 85 and 17Th St,,Sideswipe-Same Direction,2,Rain,Wet,Daylight
2021-06-07T07:51:00.000,I 85,I 85 and 17Th St,,Angle Crash,2,Cloudy,Dry,Daylight
2021-06-01T11:45:00.000,I 85,I 85 and 17Th St,,Sideswipe-Same Direction,2,Clear,Dry,Daylight
2021-01-31T04:09:00.000,I 85,I 85 and 17Th St,,Not a Collision with Motor Vehicle,1,Rain,Wet,Dark-Lighted
2021-02-08T16:10:00.000,I 85,I 85 and 17Th St,,Rear End,2,Clear,Dry,Daylight
2021-03-08T15:43:00.000,I 85,I 85 and 17Th St,,Rear End,3,Clear,Dry,Daylight
2021-01-02T17:02:00.000,I 85,I 85 and 17Th St,,Rear End,3,Clear,Dry,Dark-Lighted
2021-02-10T08:49:00.000,I 85,I 85 and 17Th St,,Rear End,2,Clear,Dry,Daylight
2021-02-15T14:55:00.000,I 85,I 85 and 17Th St,,Sideswipe-Same Direction,2,Rain,Wet,Daylight
2021-01-01T00:01:00.000,I 85,I 85 and 17Th St,,Sideswipe-Same Direction,2,Rain,Wet,Dark-Lighted
2021-03-07T19:41:00.000,I 85,I 85 and 17Th St,,Rear End,2,Clear,Dry,Dark-Lighted
2021-02-10T08:45:00.000,I 85,I 85 and 17Th St,,Rear End,2,Clear,Dry,Daylight
2021-08-25T12:40:00.000,I 85,I 85 and 17Th St,,Rear End,2,Clear,Dry,Daylight
2021-08-12T09:20:00.000,I 85,I 85 and 17Th St,,Sideswipe-Same Direction,2,Clear,Dry,Daylight
2021-07-19T16:00:00.000,I 85,I 85 and 17Th St,,Sideswipe-Same Direction,2,Cloudy,Wet,Daylight
2021-09-16T15:45:00.000,I 85,I 85 and 17Th St,,Rear End,2,Cloudy,Wet,Daylight
2021-11-04T10:00:00.000,I 85,I 85 and 17Th St,,Sideswipe-Same Direction,2,Rain,Wet,Daylight
2021-08-12T14:15:00.000,I 85,I 85 and 17Th St,,Rear End,2,Clear,Dry,Daylight
2021-07-14T10:59:00.000,I 85,I 85 and 17Th St,,Rear End,2,Clear,Dry,Daylight
2021-08-11T08:50:00.000,I 85,I 85 and 17Th St,,Rear End,2,Clear,Dry,Daylight
2021-07-20T07:01:00.000,I 85,I 85 and 17Th St,,Sideswipe-Same Direction,2,Cloudy,Wet,Daylight
2021-02-12T00:13:00.000,I 85,I 85 and 17Th St,,Not a Collision with Motor Vehicle,1,Clear,Wet,Dark-Lighted
2021-03-18T16:20:00.000,I 85,I 85 and 17Th St,,Sideswipe-Same Direction,2,Clear,Dry,Daylight
2021-05-15T20:53:00.000,I 85,I 85 and 17Th St,,Rear End,2,Clear,Dry,Dark-Lighted
2021-02-26T19:29:00.000,I 85,I 85 and 17Th St,,Rear End,2,Cloudy,Wet,Dark-Lighted
2021-04-22T16:05:00.000,I 85,I 85 and 17Th St,,Sideswipe-Same Direction,2,Clear,Dry,Daylight
2021-04-02T11:40:00.000,I 85,I 85 and 17Th St,,Rear End,2,Clear,Dry,Daylight
2021-01-24T01:44:00.000,I 85,I 85 and 17Th St,,Rear End,2,Clear,Dry,Dark-Lighted
2021-02-04T02:42:00.000,I 85,I 85 and 17Th St,,Sideswipe-Same Direction,2,Clear,Dry,Dark-Lighted
2021-05-03T11:45:00.000,I 85,I 85 and 17Th St,,Rear End,2,Rain,Wet,Daylight
2021-01-07T09:15:00.000,I 85,I 85 and 17Th St,,Not a Collision with Motor Vehicle,2,Clear,Dry,Daylight
2021-03-15T10:00:00.000,I 85,I 85 and 17Th St,,Angle Crash,2,Clear,Dry,Daylight
2021-02-25T15:39:00.000,I 85,I 85 and 17Th St,,Sideswipe-Same Direction,2,Clear,Dry,Daylight
2021-06-29T08:50:00.000,I 85,I 85 and 17Th St,,Rear End,2,Rain,Wet,Daylight
2021-04-30T18:00:00.000,I 85,I 85 and 17Th St,,Rear End,2,Clear,Dry,Daylight
2021-03-18T01:38:00.000,I 85,I 85 and 17Th St,,Rear End,2,Rain,Wet,Dark-Lighted
2021-03-08T15:55:00.000,I 85,I 85 and 17Th St,,Rear End,2,Clear,Dry,Daylight
2021-03-16T09:50:00.000,I 85,I 85 and 17Th St,,Sideswipe-Same Direction,2,Rain,Wet,Daylight
2021-03-03T15:36:00.000,I 85,I 85 and 17Th St,,Rear End,2,Clear,Dry,Daylight