Date and Time,Roadway (From Crash Report),Intersection Name (from Crash Report),KABCO Severity,Manner of Collision (Crash Level) ,# of Vehicles per crash ,Weather Conditions (Crash Level),Surface Condition (Crash Level) ,Light Conditions (Crash Level)
2021-01-21T11:15:00.000,I 85,I 85 and 17Th St,,Not a Collision with Motor Vehicle,1,Rain,Wet,Daylight
2021-12-06T17:48:00.000,I 85,I 85 and 17Th St,,Rear End,2,Rain,Wet,Dark-Lighted
2021-09-21T07:10:00.000,I 85,I 85 and 17Th St,,Not a Collision with Motor Vehicle,1,Cloudy,Wet,Dark-Not Lighted
2021-09-21T07:10:00.000,I 85,I 85 and 17Th St,,Sideswipe-Same Direction,2,Fog,Wet,Daylight
2021-07-19T13:00:00.000,I 85,I 85 and 17Th St,,Rear End,2,Clear,Dry,Daylight
2021-12-30T07:20:00.000,I 85,I 85 and 17Th St,,Not a Collision with Motor Vehicle,1,Rain,Wet,Daylight
2021-07-20T10:17:00.000,I 85,I 85 and 17Th St,,Rear End,2,Cloudy,Wet,Daylight
2021-12-30T17:24:00.000,I 85,I 85 and 17Th St,,Rear End,2,Cloudy,Wet,Daylight
2021-08-09T15:00:00.000,I 85,I 85 and 17Th St,,Rear End,3,Cloudy,Dry,Daylight
2021-08-29T10:00:00.000,I 85,I 85 and 17Th St,,Rear End,2,Clear,Dry,Daylight
2021-12-30T19:00:00.000,I 85,I 85 and 17Th St,,Rear End,2,Cloudy,Wet,Dark-Lighted
2021-08-19T17:40:00.000,I 85,I 85 and 17Th St,,Angle Crash,2,Cloudy,Wet,Daylight
2021-02-13T04:03:00.000,I 85,I 85 and 17Th St,,Rear End,2,Rain,Wet,Dark-Lighted
2021-03-06T18:19:00.000,I 85,I 85 and 17Th St,,Rear End,2,Clear,Dry,Dark-Lighted
2021-11-29T16:28:00.000,I 85,I 85 and 17Th St,,Sideswipe-Same Direction,2,Clear,Dry,Daylight
2021-07-20T08:50:00.000,I 85,I 85 and 17Th St,,Sideswipe-Same Direction,2,Rain,Wet,Daylight
2021-09-20T09:40:00.000,I 85,I 85 and 17Th St,,Rear End,2,Clear,Dry,Daylight
2021-10-19T09:13:00.000,I 85,I 85 and 17Th St,,Rear End,2,Clear,Dry,Daylight
2021-07-02T11:42:00.000,I 85,I 85 and 17Th St,,Rear End,2,Rain,Wet,Daylight
2021-12-06T17:20:00.000,I 85,I 85 and 17Th St,,Not a Collision with Motor Vehicle,1,Rain,Wet,Dark-Lighted
2021-12-29T14:30:00.000,I 85,I 85 and 17Th St,,Rear End,2,Cloudy,Wet,Daylight
2021-05-17T17:52:00.000,I 85,I 85 and 17Th St,,Rear End,3,Cloudy,Dry,Daylight
2021-01-27T19:20:00.000,I 85,I 85 and 17Th St,,Rear End,2,Rain,Wet,Dark-Lighted
2021-05-28T06:18:00.000,I 85,I 85 and 17Th St,,Rear End,3,Cloudy,Dry,Daylight
2021-06-14T16:08:00.000,I 85,I 85 and 17Th St,,Sideswipe-Same Direction,2,Cloudy,Wet,Daylight
2021-05-03T11:45:00.000,I 85,I 85 and 17Th St,,Rear End,2,Rain,Wet,Daylight
2021-03-12T18:35:00.000,I 85,I 85 and 17Th St,,Sideswipe-Same Direction,2,Clear,Dry,Dark-Lighted
2021-05-11T16:19:00.000,I 85,I 85 and 17Th St,,Rear End,2,Cloudy,Dry,Daylight
2021-03-04T16:40:00.000,I 85,I 85 and 17Th St,,Rear End,2,Clear,Dry,Daylight
2021-06-04T14:00:00.000,I 85,I 85 and 17Th St,,Sideswipe-Same Direction,2,Clear,Dry,Daylight
2021-05-27T13:20:00.000,I 85,I 85 and 17Th St,,Sideswipe-Same Direction,2,Clear,Dry,Daylight
2021-03-18T09:00:00.000,I 85,I 85 and 17Th St,,Rear End,2,Rain,Wet,Daylight
2021-03-31T09:45:00.000,I 85,I 85 and 17Th St,,Rear End,2,Cloudy,Wet,Daylight
2021-10-05T14:00:00.000,I 85,I 85 and 17Th St,,Rear End,2,Clear,Dry,Daylight
2021-08-11T17:00:00.000,I 85,I 85 and 17Th St,,Rear End,2,Cloudy,Dry,Daylight
2021-07-20T15:50:00.000,I 85,I 85 and 17Th St,,Sideswipe-Same Direction,5,Rain,Wet,Daylight
2021-07-30T14:45:00.000,I 85,I 85 and 17Th St,,Rear End,3,Clear,Dry,Daylight
2021-12-06T06:50:00.000,I 85,I 85 and 17Th St,,Rear End,3,Clear,Dry,Dark-Lighted
2021-03-12T11:10:00.000,I 85,I 85 and 17Th St,,Sideswipe-Same Direction,2,Cloudy,Dry,Daylight
2021-02-12T19:25:00.000,I 85,I 85 and 17Th St,,Rear End,4,Cloudy,Wet,Dark-Lighted
2021-01-23T23:41:00.000,I 85,I 85 and 17Th St,,Rear End,2,Clear,Dry,Dark-Lighted
2021-03-18T06:10:00.000,I 85,I 85 and 17Th St,,Sideswipe-Same Direction,2,Cloudy,Wet,Dark-Lighted
2021-02-12T20:53:00.000,I 85,I 85 and 17Th St,,Sideswipe-Same Direction,2,Cloudy,Dry,Dark-Lighted
2021-05-10T07:20:00.000,I 85,I 85 and 17Th St,,Sideswipe-Same Direction,2,Rain,Wet,Daylight
2021-02-27T16:53:00.000,I 85,I 85 and 17Th St,,Sideswipe-Same Direction,2,Clear,Dry,Dark-Lighted
2020-03-09T14:30:00.000,I 85,I 85 and 17Th St,,Rear End,2,Clear,Dry,Daylight
2020-11-25T19:00:00.000,I 85,I 85 and 17Th St,,Not a Collision with Motor Vehicle,1,Rain,Wet,Daylight
2020-03-04T08:36:00.000,I 85,I 85 and 17Th St,,Rear End,2,Rain,Wet,Daylight
2020-09-14T16:35:00.000,I 85,I 85 and 17Th St,,Rear End,3,Clear,Dry,Daylight
2023-02-02T16:40:00.000,I 85,I 85 and 17Th St,,Rear End,2,Rain,Wet,Dusk
2023-03-03T07:19:00.000,I 85,I 85 and 17Th St,,Rear End,2,Rain,Wet,Dawn
2023-08-08T13:35:00.000,I 85,I 85 and 17Th St,,Rear End,2,Clear,Dry,Daylight
2023-01-17T10:35:00.000,I 85,I 85 and 17Th St,,Rear End,2,Rain,Wet,Daylight
2023-07-11T11:33:00.000,I 85,I 85 and 17Th St,,Rear End,2,Clear,Dry,Daylight
2023-08-28T13:10:00.000,I 85,I 85 and 17Th St,,Sideswipe-Same Direction,2,Clear,Dry,Daylight
2023-06-08T08:32:00.000,I 85,I 85 and 17Th St,,Sideswipe-Same Direction,2,Cloudy,Dry,Daylight
2023-01-21T16:00:00.000,I 85,I 85 and 17Th St,,Rear End,2,Clear,Dry,Daylight
2023-02-21T16:43:00.000,I 85,I 85 and 17Th St,,Rear End,2,Cloudy,Dry,Daylight
2023-08-07T10:19:00.000,I 85,I 85 and 17Th St,,Rear End,2,Clear,Dry,Daylight
2023-03-27T09:30:00.000,I 85,I 85 and 17Th St,,Rear End,2,Rain,Wet,Daylight
2023-04-17T14:46:00.000,I 85,I 85 and 17Th St,,Rear End,3,Clear,Dry,Daylight
2023-03-03T06:41:00.000,I 85,I 85 and 17Th St,,Angle Crash,2,Rain,Wet,Dark-Not Lighted
2023-05-12T16:21:00.000,I 85,I 85 and 17Th St,,Rear End,2,Cloudy,Dry,Daylight
2023-08-06T22:33:00.000,I 85,I 85 and 17Th St,,Angle Crash,2,Cloudy,Wet,Dark-Lighted
2023-03-21T17:00:00.000,I 85,I 85 and 17Th St,,Rear End,2,Clear,Dry,Daylight
2023-09-12T19:00:00.000,I 85,I 85 and 17Th St,,Rear End,2,Clear,Dry,Daylight
2023-12-15T11:25:00.000,I 85,I 85 and 17Th St,,Rear End,2,Clear,Dry,Daylight
2023-01-31T17:50:00.000,I 85,I 85 and 17Th St,,Rear End,2,Cloudy,Dry,Dark-Lighted
2023-05-30T16:15:00.000,I 85,I 85 and 17Th St,,Rear End,2,Clear,Dry,Daylight
2023-03-31T06:10:00.000,I 85,I 85 and 17Th St,,Sideswipe-Same Direction,3,Clear,Dry,Dark-Lighted
2023-09-11T18:35:00.000,I 85,I 85 and 17Th St,,Rear End,2,Clear,Dry,Daylight
2023-03-23T11:30:00.000,I 85,I 85 and 17Th St,,Rear End,2,Clear,Dry,Daylight
2023-12-25T10:55:00.000,I 85,I 85 and 17Th St,,Not a Collision with Motor Vehicle,1,Rain,Wet,Daylight
2023-01-30T06:40:00.000,I 85,I 85 and 17Th St,,Not a Collision with Motor Vehicle,1,Rain,Wet,Dark-Lighted
2023-10-24T16:00:00.000,I 85,I 85 and 17Th St,,Sideswipe-Same Direction,2,Clear,Dry,Daylight
2023-07-10T09:10:00.000,I 85,I 85 and 17Th St,,Not a Collision with Motor Vehicle,1,Rain,Wet,Daylight
2023-02-03T07:20:00.000,I 85,I 85 and 17Th St,,Sideswipe-Same Direction,3,Clear,Dry,Daylight
2023-01-31T17:50:00.000,I 85,I 85 and 17Th St,,Rear End,3,Cloudy,Dry,Dark-Lighted
2023-08-11T12:32:00.000,I 85,I 85 and 17Th St,,Sideswipe-Same Direction,2,Clear,Dry,Daylight
2023-10-16T10:40:00.000,I 85,I 85 and 17Th St,,Rear End,2,Clear,Dry,Daylight
2023-03-30T07:42:00.000,I 85,I 85 and 17Th St,,Rear End,2,Clear,Dry,Daylight
2023-07-11T11:17:00.000,I 85,I 85 and 17Th St,,Sideswipe-Same Direction,2,Clear,Dry,Daylight
2023-08-11T10:45:00.000,I 85,I 85 and 17Th St,,Sideswipe-Same Direction,2,Rain,Wet,Daylight
2023-06-24T23:48:00.000,I 85,I 85 and 17Th St,,Rear End,4,Clear,Dry,Dark-Not Lighted
2023-09-16T12:50:00.000,I 85,I 85 and 17Th St,,Rear End,2,Rain,Wet,Daylight
2023-09-07T16:10:00.000,I 85,I 85 and 17Th St,,Rear End,2,Clear,Dry,Daylight
2023-12-26T12:05:00.000,I 85,I 85 and 17Th St,,Not a Collision with Motor Vehicle,1,Rain,Wet,Daylight
2023-05-01T08:17:00.000,I 85,I 85 and 17Th St,,Sideswipe-Same Direction,3,Clear,Dry,Daylight
2023-08-04T15:28:00.000,I 85,I 85 and 17Th St,,Rear End,2,Clear,Dry,Daylight
2023-09-15T17:42:00.000,I 85,I 85 and 17Th St,,Rear End,2,Clear,Dry,Daylight
2023-09-08T05:20:00.000,I 85,I 85 and 17Th St,,Sideswipe-Same Direction,2,Clear,Dry,Daylight
2023-05-02T16:17:00.000,I 85,I 85 and 17Th St,,Sideswipe-Same Direction,2,Clear,Dry,Daylight
2023-05-16T16:21:00.000,I 85,I 85 and 17Th St,,Rear End,2,Rain,Wet,Daylight
2022-12-16T12:59:00.000,I 85,I 85 and 17Th St,,Rear End,2,Clear,Dry,Daylight
2022-10-14T09:14:00.000,I 85,I 85 and 17Th St,,Rear End,2,Clear,Dry,Daylight
2022-05-06T11:30:00.000,I 85,I 85 and 17Th St,,Rear End,2,Cloudy,Dry,Daylight
2022-08-05T19:40:00.000,I 85,I 85 and 17Th St,,Rear End,2,Rain,Wet,Daylight
2020-08-24T08:55:00.000,I 85,I 85 and 17Th St,,Rear End,2,Cloudy,Wet,Daylight
2023-08-28T18:55:00.000,I 85,I 85 and 17Th St,,Rear End,3,Rain,Wet,Daylight
2021-02-06T03:22:00.000,I 85,I 85 and 17Th St,,Rear End,3,Clear,Dry,Dark-Lighted
2021-08-17T15:08:00.000,I 85,I 85 and 17Th St,,Rear End,3,Rain,Wet,Daylight
2020-12-01T14:29:00.000,I 85,I 85 and 17Th St,,Sideswipe-Same Direction,2,Clear,Dry,Daylight
2020-01-02T12:15:00.000,I 85,I 85 and 17Th St,,Rear End,3,Rain,Wet,Daylight
2020-11-15T00:34:00.000,I 85,I 85 and 17Th St,,Sideswipe-Same Direction,2,Clear,Dry,Dark-Lighted
2020-02-22T06:14:00.000,I 85,I 85 and 17Th St,,Sideswipe-Same Direction,2,Clear,Dry,Daylight
2020-08-26T04:21:00.000,I 85,I 85 and 17Th St,,Sideswipe-Same Direction,3,Cloudy,Wet,Dark-Lighted
2020-12-07T16:05:00.000,I 85,I 85 and 17Th St,,Rear End,2,Cloudy,Dry,Daylight
2020-12-12T17:58:00.000,I 85,I 85 and 17Th St,,Rear End,2,Rain,Water (standing or moving),Daylight
2020-10-17T15:54:00.000,I 85,I 85 and 17Th St,,Rear End,2,Clear,Dry,Daylight
2020-09-07T01:09:00.000,I 85,I 85 and 17Th St,,Angle Crash,2,Clear,Dry,Dark-Lighted
2020-10-25T04:47:00.000,I 85,I 85 and 17Th St,,Sideswipe-Same Direction,2,Rain,Wet,Dark-Lighted
2020-02-11T08:22:00.000,I 85,I 85 and 17Th St,,Rear End,2,Cloudy,Wet,Daylight
2020-12-15T23:28:00.000,I 85,I 85 and 17Th St,,Rear End,3,Rain,Wet,Dark-Lighted
2020-10-23T16:35:00.000,I 85,I 85 and 17Th St,,Rear End,2,Clear,Dry,Daylight
2020-12-23T17:10:00.000,I 85,I 85 and 17Th St,,Sideswipe-Same Direction,2,Cloudy,Dry,Dusk
2020-12-16T10:38:00.000,I 85,I 85 and 17Th St,,Rear End,2,Cloudy,Wet,Daylight
2020-01-13T18:56:00.000,I 85,I 85 and 17Th St,,Sideswipe-Same Direction,2,Rain,Wet,Dark-Not Lighted
2020-03-24T12:06:00.000,I 85,I 85 and 17Th St,,Sideswipe-Same Direction,2,Cloudy,Wet,Daylight
2020-01-13T13:35:00.000,I 85,I 85 and 17Th St,,Rear End,2,Cloudy,Wet,Daylight
2020-07-08T14:59:00.000,I 85,I 85 and 17Th St,,Rear End,2,Clear,Dry,Daylight
2020-03-23T17:51:00.000,I 85,I 85 and 17Th St,,Not a Collision with Motor Vehicle,1,Rain,Wet,Daylight
2020-05-29T13:00:00.000,I 85,I 85 and 17Th St,,Sideswipe-Same Direction,2,Rain,Wet,Daylight
2020-03-07T12:58:00.000,I 85,I 85 and 17Th St,,Rear End,2,Clear,Dry,Daylight
2020-01-21T18:14:00.000,I 85,I 85 and 17Th St,,Angle Crash,2,Clear,Dry,Dark-Lighted
2020-08-21T06:10:00.000,I 85,I 85 and 17Th St,,Not a Collision with Motor Vehicle,1,Clear,Dry,Dark-Lighted
2020-11-30T15:08:00.000,I 85,I 85 and 17Th St,,Rear End,2,Rain,Wet,Daylight
2020-07-30T15:46:00.000,I 85,I 85 and 17Th St,,Rear End,2,Clear,Dry,Daylight
2020-02-11T12:00:00.000,I 85,I 85 and 17Th St,,Rear End,2,Cloudy,Wet,Daylight
2020-11-30T05:50:00.000,I 85,I 85 and 17Th St,,Sideswipe-Same Direction,2,Cloudy,Dry,Dark-Lighted
2020-01-23T15:10:00.000,I 85,I 85 and 17Th St,,Rear End,2,Rain,Wet,Daylight
2020-02-13T21:36:00.000,I 85,I 85 and 17Th St,,Sideswipe-Same Direction,2,Clear,Dry,Dark-Lighted
2020-10-06T15:50:00.000,I 85,I 85 and 17Th St,,Rear End,3,Clear,Dry,Daylight
2020-01-21T07:20:00.000,I 85,I 85 and 17Th St,,Sideswipe-Same Direction,2,Clear,Dry,Dark-Lighted
2020-01-13T05:19:00.000,I 85,I 85 and 17Th St,,Rear End,2,Rain,Wet,Dark-Lighted
2020-05-28T02:59:00.000,I 85,I 85 and 17Th St,,Not a Collision with Motor Vehicle,1,Cloudy,Wet,Dark-Lighted
2020-12-01T14:30:00.000,I 85,I 85 and 17Th St,,Rear End,2,Clear,Dry,Daylight
2020-08-24T08:55:00.000,I 85,I 85 and 17Th St,,Not a Collision with Motor Vehicle,1,Cloudy,Wet,Daylight
2020-10-05T15:35:00.000,I 85,I 85 and 17Th St,,Sideswipe-Same Direction,2,Clear,Dry,Daylight
2020-08-24T19:00:00.000,I 85,I 85 and 17Th St,,Rear End,2,Rain,Wet,Daylight
2020-12-22T16:30:00.000,I 85,I 85 and 17Th St,,Sideswipe-Same Direction,2,Clear,Dry,Daylight
2020-09-24T16:00:00.000,I 85,I 85 and 17Th St,,Not a Collision with Motor Vehicle,2,Rain,Wet,Daylight
2020-09-25T13:40:00.000,I 85,I 85 and 17Th St,,Rear End,4,Rain,Wet,Daylight
2020-03-12T16:10:00.000,I 85,I 85 and 17Th St,,Rear End,2,Clear,Dry,Daylight
2020-04-23T22:10:00.000,I 85,I 85 and 17Th St,,Sideswipe-Same Direction,2,(None),Wet,Dark-Lighted
2020-11-16T07:55:00.000,I 85,I 85 and 17Th St,,Not a Collision with Motor Vehicle,2,Clear,Dry,Daylight
2020-09-30T18:10:00.000,I 85,I 85 and 17Th St,,Rear End,2,Clear,Dry,Daylight
2020-08-24T20:32:00.000,I 85,I 85 and 17Th St,,Rear End,2,Rain,Wet,Dark-Not Lighted
2020-12-04T22:29:00.000,I 85,I 85 and 17Th St,,Sideswipe-Same Direction,3,Clear,Wet,Dark-Lighted
2020-10-27T19:25:00.000,I 85,I 85 and 17Th St,,Sideswipe-Same Direction,2,Cloudy,Dry,Daylight
2020-01-11T19:40:00.000,I 85,I 85 and 17Th St,,Not a Collision with Motor Vehicle,1,Rain,Wet,Dark-Lighted
2020-11-02T13:50:00.000,I 85,I 85 and 17Th St,,Rear End,2,Clear,Dry,Daylight
2020-03-05T07:05:00.000,I 85,I 85 and 17Th St,,Rear End,2,Rain,Wet,Dark-Lighted
2020-05-29T14:30:00.000,I 85,I 85 and 17Th St,,Rear End,3,Clear,Dry,Daylight
2020-02-03T01:12:00.000,I 85,I 85 and 17Th St,,Sideswipe-Same Direction,2,Clear,Dry,Dark-Lighted
2020-03-24T11:30:00.000,I 85,I 85 and 17Th St,,Not a Collision with Motor Vehicle,1,Rain,Wet,Daylight
2020-01-14T04:37:00.000,I 85,I 85 and 17Th St,,Angle Crash,2,Cloudy,Wet,Dark-Lighted
2020-08-24T20:02:00.000,I 85,I 85 and 17Th St,,Not a Collision with Motor Vehicle,1,Rain,Wet,Dark-Lighted
2020-09-24T06:30:00.000,I 85,I 85 and 17Th St,,Sideswipe-Same Direction,3,Clear,Dry,Dark-Lighted
2020-05-20T00:09:00.000,I 85,I 85 and 17Th St,,Not a Collision with Motor Vehicle,1,Rain,Wet,Dark-Not Lighted
2020-09-18T12:48:00.000,I 85,I 85 and 17Th St,,Rear End,2,Cloudy,Dry,Daylight
2020-12-11T16:20:00.000,I 85,I 85 and 17Th St,,Sideswipe-Same Direction,2,Clear,Dry,Daylight
2020-12-28T11:02:00.000,I 85,I 85 and 17Th St,,Sideswipe-Same Direction,2,Clear,Dry,Daylight
2020-08-10T15:10:00.000,I 85,I 85 and 17Th St,,Sideswipe-Same Direction,2,Rain,Wet,Daylight
2020-09-01T12:12:00.000,I 85,I 85 and 17Th St,,Sideswipe-Same Direction,2,Clear,Dry,Daylight
2020-06-19T12:50:00.000,I 85,I 85 and 17Th St,,Sideswipe-Same Direction,2,Clear,Dry,Daylight
2020-02-25T19:50:00.000,I 85,I 85 and 17Th St,,Sideswipe-Same Direction,2,Clear,Dry,Dark-Lighted
2020-03-08T22:58:00.000,I 85,I 85 and 17Th St,,Rear End,2,Clear,Dry,Dark-Lighted
2020-12-18T12:10:00.000,I 85,I 85 and 17Th St,,Rear End,2,Clear,Dry,Daylight
2020-05-22T18:01:00.000,I 85,I 85 and 17Th St,,Sideswipe-Same Direction,2,Clear,Dry,Daylight
2020-08-25T05:38:00.000,I 85,I 85 and 17Th St,,Rear End,4,Cloudy,Wet,Dark-Lighted
2020-08-19T19:53:00.000,I 85,I 85 and 17Th St,,Angle Crash,2,Rain,Wet,Dark-Lighted
2020-08-24T06:21:00.000,I 85,I 85 and 17Th St,,Sideswipe-Same Direction,2,Rain,Wet,Dark-Lighted
2020-11-11T12:35:00.000,I 85,I 85 and 17Th St,,Rear End,2,Rain,Wet,Daylight
2020-11-24T19:25:00.000,I 85,I 85 and 17Th St,,Rear End,2,Clear,Dry,Dark-Lighted
2020-09-17T11:40:00.000,I 85,I 85 and 17Th St,,Sideswipe-Same Direction,2,Rain,Wet,Daylight
2020-04-20T16:40:00.000,I 85,I 85 and 17Th St,,Sideswipe-Same Direction,2,Clear,Dry,Daylight
2020-01-02T08:45:00.000,I 85,I 85 and 17Th St,,Rear End,2,Rain,Wet,Daylight
2020-02-07T18:15:00.000,I 85,I 85 and 17Th St,,Rear End,2,Clear,Dry,Dark-Lighted
2020-01-16T05:56:00.000,I 85,I 85 and 17Th St,,Head On,2,Cloudy,Wet,Dark-Lighted
2020-05-17T01:11:00.000,I 85,I 85 and 17Th St,,Rear End,2,Clear,Dry,Dark-Lighted
2020-11-02T16:34:00.000,I 85,I 85 and 17Th St,,Sideswipe-Same Direction,2,Clear,Dry,Daylight
2020-10-13T14:25:00.000,I 85,I 85 and 17Th St,,Sideswipe-Same Direction,2,Clear,Dry,Daylight
2020-11-29T21:20:00.000,I 85,I 85 and 17Th St,,Head On,5,Rain,Wet,Daylight
2020-11-25T19:30:00.000,I 85,I 85 and 17Th St,,Rear End,4,Rain,Wet,Dark-Lighted
2020-02-12T18:29:00.000,I 85,I 85 and 17Th St,,Sideswipe-Same Direction,2,Cloudy,Dry,Dark-Not Lighted
2020-08-30T00:22:00.000,I 85,I 85 and 17Th St,,Rear End,2,Cloudy,Dry,Dark-Lighted
2020-02-10T14:45:00.000,I 85,I 85 and 17Th St,,Rear End,2,Rain,Wet,Daylight
2020-01-23T16:30:00.000,I 85,I 85 and 17Th St,,Rear End,2,Rain,Wet,Daylight
2020-05-27T11:05:00.000,I 85,I 85 and 17Th St,,Sideswipe-Opposite Direction,1,Rain,Wet,Daylight
2020-01-19T23:04:00.000,I 85,I 85 and 17Th St,,Angle Crash,2,Clear,Dry,Dark-Not Lighted
2020-12-13T23:33:00.000,I 85,I 85 and 17Th St,,Sideswipe-Same Direction,2,Rain,Wet,Dark-Lighted
2020-04-29T17:38:00.000,I 85,I 85 and 17Th St,,Sideswipe-Same Direction,3,Rain,Wet,Daylight
2020-07-06T19:29:00.000,I 85,I 85 and 17Th St,,Not a Collision with Motor Vehicle,1,Rain,Wet,Daylight
2020-07-03T15:20:00.000,I 85,I 85 and 17Th St,,Rear End,2,Clear,Dry,Daylight
2020-07-03T10:20:00.000,I 85,I 85 and 17Th St,,Sideswipe-Same Direction,2,Clear,Dry,Daylight
2020-07-21T08:10:00.000,I 85,I 85 and 17Th St,,Not a Collision with Motor Vehicle,1,Clear,Dry,Daylight
2020-02-04T20:47:00.000,I 85,I 85 and 17Th St,,Rear End,3,Clear,Dry,Dark-Lighted
2020-07-06T10:05:00.000,I 85,I 85 and 17Th St,,Sideswipe-Same Direction,2,Cloudy,Dry,Daylight
2020-01-14T09:30:00.000,I 85,I 85 and 17Th St,,Sideswipe-Same Direction,2,Cloudy,Dry,Daylight
2020-08-03T15:20:00.000,I 85,I 85 and 17Th St,,Rear End,3,Cloudy,Wet,Daylight
2020-06-10T17:20:00.000,I 85,I 85 and 17Th St,,Rear End,3,Cloudy,Dry,Daylight
2020-01-29T18:25:00.000,I 85,I 85 and 17Th St,,Sideswipe-Same Direction,2,Clear,Dry,Dark-Lighted
2020-11-24T10:20:00.000,I 85,I 85 and 17Th St,,Sideswipe-Same Direction,2,Clear,Dry,Daylight
2020-10-28T06:15:00.000,I 85,I 85 and 17Th St,,Rear End,2,Rain,Wet,Dark-Lighted
2020-09-18T18:40:00.000,I 85,I 85 and 17Th St,,Sideswipe-Same Direction,2,Clear,Dry,Daylight
2020-02-07T12:10:00.000,I 85,I 85 and 17Th St,,Rear End,2,Clear,Dry,Daylight
2020-02-20T17:45:00.000,I 85,I 85 and 17Th St,,Sideswipe-Same Direction,3,Cloudy,Wet,Dark-Lighted
2020-02-18T10:50:00.000,I 85,I 85 and 17Th St,,Rear End,2,Rain,Wet,Daylight
2020-12-13T15:15:00.000,I 85,I 85 and 17Th St,,Rear End,2,Clear,Dry,Daylight
2020-08-25T20:25:00.000,I 85,I 85 and 17Th St,,Not a Collision with Motor Vehicle,1,Clear,Dry,Dark-Lighted
2020-09-11T18:55:00.000,I 85,I 85 and 17Th St,,Sideswipe-Same Direction,3,Clear,Dry,Daylight
2020-01-31T10:16:00.000,I 85,I 85 and 17Th St,,Rear End,2,Cloudy,Wet,Daylight
2020-02-18T22:12:00.000,I 85,I 85 and 17Th St,,Sideswipe-Same Direction,3,Rain,Wet,Dark-Not Lighted
2020-01-13T18:37:00.000,I 85,I 85 and 17Th St,,Rear End,2,Cloudy,Dry,Dark-Lighted
2020-11-23T11:43:00.000,I 85,I 85 and 17Th St,,Rear End,2,Clear,Dry,Daylight
2020-12-05T23:33:00.000,I 85,I 85 and 17Th St,,Not a Collision with Motor Vehicle,1,Clear,Dry,Dark-Lighted
2020-09-26T03:13:00.000,I 85,I 85 and 17Th St,,Rear End,2,Clear,Dry,Dark-Lighted
2020-02-25T05:51:00.000,I 85,I 85 and 17Th St,,Not a Collision with Motor Vehicle,2,Rain,Wet,Daylight
2020-10-01T09:30:00.000,I 85,I 85 and 17Th St,,Sideswipe-Same Direction,2,Clear,Dry,Daylight
2020-08-11T17:59:00.000,I 85,I 85 and 17Th St,,Rear End,2,Clear,Dry,Daylight
2020-02-24T15:58:00.000,I 85,I 85 and 17Th St,,Rear End,2,Rain,Wet,Daylight
2020-06-09T15:25:00.000,I 85,I 85 and 17Th St,,Rear End,2,Cloudy,Dry,Daylight
2020-10-14T16:00:00.000,I 85,I 85 and 17Th St,,Rear End,2,Clear,Dry,Daylight
2020-11-03T10:00:00.000,I 85,I 85 and 17Th St,,Sideswipe-Same Direction,2,Clear,Dry,Daylight
2020-12-14T01:08:00.000,I 85,I 85 and 17Th St,,Rear End,2,Rain,Wet,Dark-Lighted
2020-11-07T18:07:00.000,I 85,I 85 and 17Th St,,Rear End,2,Clear,Dry,Dark-Lighted
2020-01-08T18:48:00.000,I 85,I 85 and 17Th St,,Angle Crash,2,Clear,Dry,Dark-Lighted
2020-11-11T12:30:00.000,I 85,I 85 and 17Th St,,Rear End,2,Rain,Wet,Daylight
2020-01-05T18:47:00.000,I 85,I 85 and 17Th St,,Rear End,2,Clear,Dry,Dark-Lighted
2020-12-18T08:37:00.000,I 85,I 85 and 17Th St,,Rear End,2,Clear,Wet,Daylight
2020-02-22T13:10:00.000,I 85,I 85 and 17Th St,,Rear End,4,Clear,Dry,Daylight
2020-07-01T23:23:00.000,I 85,I 85 and 17Th St,,Rear End,3,Clear,Dry,Dark-Lighted
2020-01-10T11:55:00.000,I 85,I 85 and 17Th St,,Rear End,2,Clear,Dry,Daylight
2020-06-22T16:45:00.000,I 85,I 85 and 17Th St,,Rear End,2,Cloudy,Wet,Daylight
2020-09-12T00:09:00.000,I 85,I 85 and 17Th St,,Rear End,2,Clear,Dry,Dark-Lighted
2020-07-22T18:50:00.000,I 85,I 85 and 17Th St,,Rear End,2,Clear,Dry,Daylight
2020-11-11T22:35:00.000,I 85,I 85 and 17Th St,,Not a Collision with Motor Vehicle,1,Rain,Wet,Dark-Lighted
2020-07-22T18:30:00.000,I 85,I 85 and 17Th St,,Sideswipe-Same Direction,2,Clear,Dry,Daylight
2020-01-09T10:36:00.000,I 85,I 85 and 17Th St,,Rear End,2,Clear,Dry,Daylight
2020-02-19T13:04:00.000,I 85,I 85 and 17Th St,,Rear End,2,Cloudy,Dry,Daylight
2020-02-18T18:50:00.000,I 85,I 85 and 17Th St,,Rear End,2,Rain,Wet,Dark-Lighted
2020-09-07T02:23:00.000,I 85,I 85 and 17Th St,,Rear End,2,Clear,Dry,Dark-Lighted
2020-01-18T19:04:00.000,I 85,I 85 and 17Th St,,Rear End,2,Rain,Wet,Daylight
2020-09-25T07:39:00.000,I 85,I 85 and 17Th St,,Not a Collision with Motor Vehicle,1,Rain,Wet,Daylight
2020-08-10T17:11:00.000,I 85,I 85 and 17Th St,,Rear End,2,Cloudy,Dry,Daylight
2020-10-06T16:00:00.000,I 85,I 85 and 17Th St,,Rear End,2,Clear,Dry,Daylight
2020-01-08T09:20:00.000,I 85,I 85 and 17Th St,,Sideswipe-Same Direction,3,Clear,Dry,Daylight
2020-09-02T12:46:00.000,I 85,I 85 and 17Th St,,Angle Crash,2,Clear,Dry,Daylight
2020-07-21T08:06:00.000,I 85,I 85 and 17Th St,,Not a Collision with Motor Vehicle,1,Clear,Dry,Daylight
2020-10-25T13:19:00.000,I 85,I 85 and 17Th St,,Rear End,2,Clear,Dry,Daylight
2020-01-28T16:41:00.000,I 85,I 85 and 17Th St,,Angle Crash,2,Clear,Dry,Daylight