Date and Time,Roadway (From Crash Report),Intersection Name (from Crash Report),KABCO Severity,Manner of Collision (Crash Level) ,# of Vehicles per crash ,Weather Conditions (Crash Level),Surface Condition (Crash Level) ,Light Conditions (Crash Level)
2020-06-30T15:30:00.000,I 85,I 85 and 17Th St,,Rear End,3,Clear,Dry,Daylight
2020-10-23T19:05:00.000,I 85,I 85 and 17Th St,,Sideswipe-Same Direction,2,Clear,Dry,Daylight
2020-03-04T16:24:00.000,I 85,I 85 and 17Th St,,Rear End,2,Rain,Wet,Daylight
2020-02-10T21:40:00.000,I 85,I 85 and 17Th St,,Rear End,2,Rain,Wet,Dark-Lighted
2020-07-16T16:10:00.000,I 85,I 85 and 17Th St,,Rear End,2,Clear,Dry,Daylight
2020-02-03T00:57:00.000,I 85,I 85 and 17Th St,,Not a Collision with Motor Vehicle,1,Clear,Dry,Dark-Not Lighted
2020-10-19T14:31:00.000,I 85,I 85 and 17Th St,,Rear End,2,Clear,Dry,Daylight
2020-02-10T15:13:00.000,I 85,I 85 and 17Th St,,Rear End,2,Rain,Wet,Daylight
2020-04-29T18:32:00.000,I 85,I 85 and 17Th St,,Angle Crash,2,Rain,Wet,Daylight
2020-12-09T18:35:00.000,I 85,I 85 and 17Th St,,Rear End,2,Clear,Dry,Dark-Lighted
2020-12-14T00:53:00.000,I 85,I 85 and 17Th St,,Rear End,2,Rain,Wet,Dark-Lighted
2020-10-28T06:40:00.000,I 85,I 85 and 17Th St,,Sideswipe-Same Direction,2,Rain,Wet,Dark-Lighted
2020-02-28T19:15:00.000,I 85,I 85 and 17Th St,,Rear End,2,Clear,Dry,Dark-Not Lighted
2021-05-24T17:30:00.000,I 85,I 85 and 17Th St,,Sideswipe-Same Direction,2,Clear,Dry,Daylight
2021-04-12T07:04:00.000,I 85,I 85 and 17Th St,,Rear End,2,Clear,Dry,Daylight
2021-03-18T06:15:00.000,I 85,I 85 and 17Th St,,Angle Crash,2,Rain,Wet,Dark-Not Lighted
2021-05-08T17:30:00.000,I 85,I 85 and 17Th St,,Rear End,2,Cloudy,Dry,Daylight
2021-06-29T07:10:00.000,I 85,I 85 and 17Th St,,Sideswipe-Same Direction,2,Rain,Wet,Daylight
2021-05-24T12:10:00.000,I 85,I 85 and 17Th St,,Sideswipe-Same Direction,2,Clear,Dry,Daylight
2021-02-04T18:20:00.000,I 85,I 85 and 17Th St,,Rear End,2,Clear,Dry,Dark-Lighted
2021-02-26T10:54:00.000,I 85,I 85 and 17Th St,,Sideswipe-Same Direction,2,Rain,Wet,Daylight
2021-06-07T15:45:00.000,I 85,I 85 and 17Th St,,Rear End,2,Cloudy,Wet,Daylight
2021-03-16T18:50:00.000,I 85,I 85 and 17Th St,,Sideswipe-Same Direction,2,Rain,Wet,Dark-Lighted
2021-03-07T19:25:00.000,I 85,I 85 and 17Th St,,Rear End,3,Clear,Dry,Dark-Lighted
2021-03-10T13:36:00.000,I 85,I 85 and 17Th St,,Rear End,2,Clear,Dry,Daylight
2021-02-14T15:35:00.000,I 85,I 85 and 17Th St,,Rear End,2,Clear,Dry,Daylight
2021-04-30T06:30:00.000,I 85,I 85 and 17Th St,,Sideswipe-Same Direction,2,Cloudy,Dry,Daylight
2021-03-04T06:45:00.000,I 85,I 85 and 17Th St,,Rear End,3,Clear,Dry,Dark-Lighted
2021-02-06T03:05:00.000,I 85,I 85 and 17Th St,,Rear End,2,Clear,Dry,Dark-Lighted
2021-03-04T17:27:00.000,I 85,I 85 and 17Th St,,Sideswipe-Same Direction,2,Clear,Dry,Daylight
2021-01-07T16:05:00.000,I 85,I 85 and 17Th St,,Sideswipe-Same Direction,2,Rain,Wet,Daylight
2021-02-12T00:37:00.000,I 85,I 85 and 17Th St,,Angle Crash,2,Clear,Wet,Dark-Lighted
2021-02-22T19:14:00.000,I 85,I 85 and 17Th St,,Sideswipe-Same Direction,2,Clear,Dry,Dark-Lighted
2021-03-03T16:40:00.000,I 85,I 85 and 17Th St,,Rear End,2,Clear,Dry,Daylight
2021-06-29T19:00:00.000,I 85,I 85 and 17Th St,,Rear End,3,Clear,Dry,Daylight
2021-01-07T19:00:00.000,I 85,I 85 and 17Th St,,Sideswipe-Same Direction,3,Cloudy,Wet,Dark-Lighted
2021-06-24T19:00:00.000,I 85,I 85 and 17Th St,,Angle Crash,2,Clear,Dry,Daylight
2021-07-15T09:35:00.000,I 85,I 85 and 17Th St,,Rear End,2,Clear,Dry,Daylight
2021-09-21T06:45:00.000,I 85,I 85 and 17Th St,,Rear End,2,Cloudy,Wet,Dark-Lighted
2021-10-11T00:00:00.000,I 85,I 85 and 17Th St,,Rear End,3,Cloudy,Dry,Daylight
2021-07-20T10:01:00.000,I 85,I 85 and 17Th St,,Rear End,4,Cloudy,Wet,Daylight
2021-12-09T14:45:00.000,I 85,I 85 and 17Th St,,Rear End,3,Clear,Dry,Daylight
2021-10-27T15:00:00.000,I 85,I 85 and 17Th St,,Sideswipe-Same Direction,2,Clear,Dry,Daylight
2021-12-06T17:49:00.000,I 85,I 85 and 17Th St,,Sideswipe-Same Direction,2,Rain,Wet,Dark-Lighted
2021-11-16T16:50:00.000,I 85,I 85 and 17Th St,,Rear End,2,Clear,Dry,Daylight
2021-12-06T06:50:00.000,I 85,I 85 and 17Th St,,Rear End,3,Clear,Dry,Dark-Lighted
2021-10-28T19:55:00.000,I 85,I 85 and 17Th St,,Angle Crash,2,Rain,Wet,Dark-Lighted
2021-09-23T14:15:00.000,I 85,I 85 and 17Th St,,Rear End,2,Clear,Dry,Daylight
2021-08-20T13:05:00.000,I 85,I 85 and 17Th St,,Rear End,3,Clear,Dry,Daylight
2021-08-26T08:00:00.000,I 85,I 85 and 17Th St,,Rear End,2,Clear,Dry,Daylight
2021-12-06T17:45:00.000,I 85,I 85 and 17Th St,,Rear End,2,Rain,Wet,Dark-Lighted
2021-10-19T09:40:00.000,I 85,I 85 and 17Th St,,Angle Crash,2,Clear,Dry,Daylight
2021-07-09T10:35:00.000,I 85,I 85 and 17Th St,,Sideswipe-Same Direction,2,Clear,Dry,Daylight
2021-12-10T12:40:00.000,I 85,I 85 and 17Th St,,Rear End,3,Cloudy,Wet,Daylight
2021-10-28T17:30:00.000,I 85,I 85 and 17Th St,,Rear End,2,Rain,Wet,Daylight
2021-09-05T18:00:00.000,I 85,I 85 and 17Th St,,Sideswipe-Same Direction,2,Clear,Dry,Daylight
2021-11-10T07:25:00.000,I 85,I 85 and 17Th St,,Sideswipe-Same Direction,3,Clear,Dry,Daylight
2022-05-23T18:05:00.000,I 85,I 85 and 17Th St,,Rear End,2,Clear,Dry,Daylight
2022-12-13T18:59:00.000,I 85,I 85 and 17Th St,,Rear End,2,Cloudy,Wet,Dark-Not Lighted
2022-03-22T08:48:00.000,I 85,I 85 and 17Th St,,Sideswipe-Same Direction,2,Clear,Dry,Daylight
2022-01-04T10:20:00.000,I 85,I 85 and 17Th St,,Rear End,2,Clear,Dry,Daylight
2022-12-06T09:12:00.000,I 85,I 85 and 17Th St,,Rear End,3,Cloudy,Wet,Daylight
2022-07-15T15:25:00.000,I 85,I 85 and 17Th St,,Rear End,2,Clear,Dry,Daylight
2022-05-12T19:30:00.000,I 85,I 85 and 17Th St,,Rear End,2,Clear,Dry,Daylight
2021-10-22T19:20:00.000,I 85,I 85 and 17Th St,,Sideswipe-Same Direction,2,Clear,Dry,Daylight
2021-08-17T16:15:00.000,I 85,I 85 and 17Th St,,Rear End,2,Rain,Wet,Daylight
2021-10-25T15:53:00.000,I 85,I 85 and 17Th St,,Rear End,2,Cloudy,Dry,Daylight
2021-07-02T15:00:00.000,I 85,I 85 and 17Th St,,Rear End,2,Clear,Dry,Daylight
2021-09-16T06:30:00.000,I 85,I 85 and 17Th St,,Sideswipe-Same Direction,2,Rain,Wet,Dark-Lighted
2021-11-27T18:55:00.000,I 85,I 85 and 17Th St,,Rear End,2,Clear,Dry,Dark-Not Lighted
2021-12-08T06:40:00.000,I 85,I 85 and 17Th St,,Not a Collision with Motor Vehicle,1,Rain,Wet,Dark-Lighted
2021-07-20T07:01:00.000,I 85,I 85 and 17Th St,,Rear End,2,Clear,Dry,Daylight
2021-09-09T16:00:00.000,I 85,I 85 and 17Th St,,Rear End,2,Clear,Dry,Daylight
2022-12-15T07:20:00.000,I 85,I 85 and 17Th St,,Sideswipe-Same Direction,2,Rain,Wet,Dark-Not Lighted
2022-11-11T08:26:00.000,I 85,I 85 and 17Th St,,Rear End,2,Clear,Dry,Daylight
2022-02-25T10:00:00.000,I 85,I 85 and 17Th St,,Rear End,2,Rain,Wet,Daylight
2022-12-02T19:25:00.000,I 85,I 85 and 17Th St,,Rear End,2,Clear,Dry,Dark-Lighted
2022-02-03T17:20:00.000,I 85,I 85 and 17Th St,,Rear End,2,Rain,Wet,Daylight
2022-08-08T15:40:00.000,I 85,I 85 and 17Th St,,Rear End,2,Cloudy,Dry,Daylight
2022-12-20T18:40:00.000,I 85,I 85 and 17Th St,,Sideswipe-Same Direction,2,Cloudy,Wet,Dark-Lighted
2022-04-25T06:44:00.000,I 85,I 85 and 17Th St,,Rear End,2,Clear,Dry,Daylight
2022-11-08T15:54:00.000,I 85,I 85 and 17Th St,,Sideswipe-Same Direction,3,Clear,Dry,Daylight
2022-11-15T19:50:00.000,I 85,I 85 and 17Th St,,Sideswipe-Same Direction,3,Cloudy,Wet,Dark-Lighted
2022-04-29T10:00:00.000,I 85,I 85 and 17Th St,,Sideswipe-Same Direction,2,Clear,Dry,Daylight
2022-09-01T22:59:00.000,I 85,I 85 and 17Th St,,Rear End,2,Cloudy,Dry,Dark-Not Lighted
2022-03-15T08:25:00.000,I 85,I 85 and 17Th St,,Sideswipe-Same Direction,2,Clear,Dry,Daylight
2022-01-12T17:13:00.000,I 85,I 85 and 17Th St,,Rear End,2,Clear,Dry,Daylight
2022-05-26T09:05:00.000,I 85,I 85 and 17Th St,,Not a Collision with Motor Vehicle,3,Cloudy,Dry,Daylight
2022-12-15T06:58:00.000,I 85,I 85 and 17Th St,,Rear End,2,Rain,Wet,Dark-Not Lighted
2022-07-18T13:26:00.000,I 85,I 85 and 17Th St,,Sideswipe-Same Direction,2,Cloudy,Dry,Daylight
2022-03-24T11:40:00.000,I 85,I 85 and 17Th St,,Sideswipe-Same Direction,2,Clear,Dry,Daylight
2022-05-16T06:05:00.000,I 85,I 85 and 17Th St,,Rear End,2,Clear,Dry,Daylight
2022-09-01T22:54:00.000,I 85,I 85 and 17Th St,,Rear End,2,Cloudy,Dry,Dark-Not Lighted
2022-02-08T13:40:00.000,I 85,I 85 and 17Th St,,Rear End,3,Clear,Dry,Daylight
2021-07-20T08:55:00.000,I 85,I 85 and 17Th St,,Angle Crash,2,Cloudy,Wet,Daylight
2021-07-09T10:35:00.000,I 85,I 85 and 17Th St,,Rear End,2,Clear,Dry,Daylight
2021-11-12T11:19:00.000,I 85,I 85 and 17Th St,,Rear End,2,Clear,Dry,Daylight
2021-12-21T13:00:00.000,I 85,I 85 and 17Th St,,Rear End,2,Rain,Wet,Daylight
2022-06-09T15:05:00.000,I 85,I 85 and 17Th St,,Sideswipe-Same Direction,2,Clear,Dry,Daylight
2022-08-12T06:10:00.000,I 85,I 85 and 17Th St,,Sideswipe-Same Direction,3,Cloudy,Wet,Dawn
2022-05-16T05:50:00.000,I 85,I 85 and 17Th St,,Sideswipe-Same Direction,2,Clear,Dry,Dark-Lighted
2022-10-11T13:52:00.000,I 85,I 85 and 17Th St,,Rear End,2,Clear,Dry,Daylight
2022-12-20T13:10:00.000,I 85,I 85 and 17Th St,,Sideswipe-Same Direction,3,Rain,Wet,Daylight
2022-05-10T08:20:00.000,I 85,I 85 and 17Th St,,Sideswipe-Same Direction,2,Clear,Dry,Daylight
2022-08-02T13:30:00.000,I 85,I 85 and 17Th St,,Rear End,2,Clear,Dry,Daylight
2022-09-13T08:30:00.000,I 85,I 85 and 17Th St,,Rear End,2,Clear,Dry,Daylight
2022-06-10T07:00:00.000,I 85,I 85 and 17Th St,,Rear End,4,Clear,Dry,Daylight
2022-03-11T19:30:00.000,I 85,I 85 and 17Th St,,Rear End,2,Cloudy,Wet,Daylight
2022-01-31T16:30:00.000,I 85,I 85 and 17Th St,,Rear End,2,Clear,Dry,Daylight
2022-12-15T08:33:00.000,I 85,I 85 and 17Th St,,Sideswipe-Same Direction,2,Rain,Wet,Daylight
2022-08-08T06:20:00.000,I 85,I 85 and 17Th St,,Rear End,2,Clear,Dry,Daylight
2022-09-20T08:50:00.000,I 85,I 85 and 17Th St,,Rear End,2,Clear,Dry,Daylight
2022-11-11T18:35:00.000,I 85,I 85 and 17Th St,,Rear End,2,Cloudy,Wet,Dark-Lighted
2022-10-07T08:40:00.000,I 85,I 85 and 17Th St,,Rear End,2,Clear,Dry,Daylight
2022-06-16T16:13:00.000,I 85,I 85 and 17Th St,,Rear End,2,Cloudy,Dry,Daylight
2022-01-06T07:30:00.000,I 85,I 85 and 17Th St,,Sideswipe-Same Direction,3,Clear,Dry,Dawn
2022-03-03T15:50:00.000,I 85,I 85 and 17Th St,,Angle Crash,2,Clear,Dry,Daylight
2022-01-03T08:00:00.000,I 85,I 85 and 17Th St,,Not a Collision with Motor Vehicle,1,Cloudy,Wet,Daylight
2022-07-28T08:00:00.000,I 85,I 85 and 17Th St,,Sideswipe-Same Direction,2,Clear,Dry,Daylight
2022-09-22T07:40:00.000,I 85,I 85 and 17Th St,,Sideswipe-Same Direction,2,Clear,Dry,Daylight
2022-10-24T17:20:00.000,I 85,I 85 and 17Th St,,Rear End,2,Clear,Dry,Daylight
2022-07-14T13:10:00.000,I 85,I 85 and 17Th St,,Rear End,2,Clear,Dry,Daylight
2022-06-27T07:40:00.000,I 85,I 85 and 17Th St,,Sideswipe-Same Direction,2,Clear,Dry,Daylight
2022-05-16T06:00:00.000,I 85,I 85 and 17Th St,,Sideswipe-Same Direction,2,Clear,Dry,Dark-Lighted
2022-12-29T10:35:00.000,I 85,I 85 and 17Th St,,Rear End,2,Clear,Dry,Daylight
2022-01-31T16:00:00.000,I 85,I 85 and 17Th St,,Rear End,2,Clear,Dry,Daylight
2022-09-01T22:54:00.000,I 85,I 85 and 17Th St,,Rear End,2,Cloudy,Dry,Dark-Not Lighted
2022-08-16T13:20:00.000,I 85,I 85 and 17Th St,,Rear End,2,Clear,Dry,Daylight
2022-10-24T15:45:00.000,I 85,I 85 and 17Th St,,Rear End,2,Clear,Dry,Daylight
2022-09-08T18:20:00.000,I 85,I 85 and 17Th St,,Rear End,2,Clear,Dry,Daylight
2022-03-25T17:02:00.000,I 85,I 85 and 17Th St,,Sideswipe-Same Direction,2,Cloudy,Dry,Daylight
2022-08-02T16:00:00.000,I 85,I 85 and 17Th St,,Sideswipe-Same Direction,2,Clear,Dry,Daylight
2022-12-27T10:50:00.000,I 85,I 85 and 17Th St,,Sideswipe-Same Direction,2,Clear,Dry,Daylight
2022-03-15T19:28:00.000,I 85,I 85 and 17Th St,,Sideswipe-Same Direction,2,Cloudy,Wet,Daylight
2022-01-20T19:00:00.000,I 85,I 85 and 17Th St,,Rear End,2,Cloudy,Dry,Dark-Lighted
2022-12-19T16:30:00.000,I 85,I 85 and 17Th St,,Rear End,2,Cloudy,Dry,Daylight
2022-02-08T08:20:00.000,I 85,I 85 and 17Th St,,Rear End,2,Clear,Dry,Daylight
2022-07-22T16:45:00.000,I 85,I 85 and 17Th St,,Rear End,2,Clear,Dry,Daylight
2022-09-01T22:54:00.000,I 85,I 85 and 17Th St,,Rear End,3,Cloudy,Dry,Dark-Not Lighted
2023-03-31T19:10:00.000,I 85,I 85 and 17Th St,,Rear End,2,Cloudy,Dry,Daylight
2023-08-15T15:02:00.000,I 85,I 85 and 17Th St,,Sideswipe-Same Direction,2,Cloudy,Wet,Daylight
2023-03-24T10:15:00.000,I 85,I 85 and 17Th St,,Rear End,2,Clear,Dry,Daylight
2024-05-10T14:00:00.000,I 85,I 85 and 17Th St,,Rear End,2,Clear,Dry,Daylight
2024-08-17T15:20:00.000,I 85,I 85 and 17Th St,,Rear End,2,Cloudy,Dry,Daylight
2024-10-04T11:47:00.000,I 85,I 85 and 17Th St,,Rear End,2,Clear,Dry,Daylight
2024-07-08T17:20:00.000,I 85,I 85 and 17Th St,,Rear End,3,Clear,Dry,Daylight
2024-04-16T16:43:00.000,I 85,I 85 and 17Th St,,Rear End,2,Clear,Dry,Daylight
2024-09-26T12:45:00.000,I 85,I 85 and 17Th St,,Rear End,2,Rain,Wet,Daylight
2024-02-15T08:20:00.000,I 85,I 85 and 17Th St,,Sideswipe-Same Direction,2,Clear,Dry,Daylight
2024-05-07T08:28:00.000,I 85,I 85 and 17Th St,,Sideswipe-Same Direction,2,Clear,Dry,Daylight
2024-10-22T16:50:00.000,I 85,I 85 and 17Th St,,Rear End,2,Clear,Dry,Daylight
2024-11-04T06:28:00.000,I 85,I 85 and 17Th St,,Rear End,2,Clear,Dry,Daylight
2024-07-12T10:20:00.000,I 85,I 85 and 17Th St,,Rear End,3,Clear,Dry,Daylight
2024-11-15T14:36:00.000,I 85,I 85 and 17Th St,,Rear End,2,Clear,Dry,Daylight
2024-12-19T00:32:00.000,I 85,I 85 and 17Th St,,Sideswipe-Same Direction,2,Clear,Dry,Daylight
2024-04-09T11:50:00.000,I 85,I 85 and 17Th St,,Rear End,4,Cloudy,Wet,Daylight
2024-11-04T06:45:00.000,I 85,I 85 and 17Th St,,Rear End,2,Clear,Dry,Daylight
2024-01-16T17:30:00.000,I 85,I 85 and 17Th St,,Rear End,2,Clear,Dry,Daylight
2023-08-14T17:20:00.000,I 85,I 85 and 17Th St,,Rear End,2,Clear,Dry,Daylight
2023-07-03T09:54:00.000,I 85,I 85 and 17Th St,,Sideswipe-Same Direction,2,Clear,Dry,Daylight
2024-06-12T09:40:00.000,I 85,I 85 and 17Th St,,Rear End,2,Clear,Dry,Daylight
2024-03-27T23:52:00.000,I 85,I 85 and 17Th St,,Sideswipe-Same Direction,2,Clear,Dry,Dark-Lighted
2024-04-29T11:17:00.000,I 85,I 85 and 17Th St,,Rear End,2,Clear,Dry,Daylight
2023-06-23T13:35:00.000,I 85,I 85 and 17Th St,,Rear End,2,Cloudy,Dry,Daylight
2023-05-25T13:15:00.000,I 85,I 85 and 17Th St,,Rear End,3,Clear,Dry,Daylight
2023-03-03T07:19:00.000,I 85,I 85 and 17Th St,,Rear End,3,Rain,Wet,Daylight
2023-02-19T14:30:00.000,I 85,I 85 and 17Th St,,Sideswipe-Same Direction,2,Clear,Dry,Daylight
2023-03-10T13:45:00.000,I 85,I 85 and 17Th St,,Rear End,2,Clear,Dry,Daylight
2023-10-03T07:08:00.000,I 85,I 85 and 17Th St,,Rear End,2,Clear,Dry,Daylight
2023-08-15T14:47:00.000,I 85,I 85 and 17Th St,,Rear End,3,Rain,Wet,Daylight
2023-08-14T12:49:00.000,I 85,I 85 and 17Th St,,Rear End,2,Clear,Dry,Daylight
2023-09-16T12:50:00.000,I 85,I 85 and 17Th St,,Rear End,2,Rain,Wet,Daylight
2023-03-27T09:30:00.000,I 85,I 85 and 17Th St,,Not a Collision with Motor Vehicle,1,Rain,Wet,Daylight
2023-11-21T17:50:00.000,I 85,I 85 and 17Th St,,Rear End,2,Rain,Wet,Dark-Lighted
2023-09-14T19:55:00.000,I 85,I 85 and 17Th St,,Rear End,2,Cloudy,Wet,Dusk
2023-12-18T14:45:00.000,I 85,I 85 and 17Th St,,Rear End,2,Clear,Dry,Daylight
2023-09-16T12:50:00.000,I 85,I 85 and 17Th St,,Rear End,2,Rain,Wet,Daylight
2023-08-06T22:33:00.000,I 85,I 85 and 17Th St,,Rear End,2,Cloudy,Wet,Daylight
2023-06-12T06:47:00.000,I 85,I 85 and 17Th St,,Rear End,2,Clear,Dry,Daylight
2023-08-29T07:16:00.000,I 85,I 85 and 17Th St,,Not a Collision with Motor Vehicle,1,Cloudy,Wet,Daylight
2023-10-09T10:50:00.000,I 85,I 85 and 17Th St,,Rear End,3,Clear,Dry,Daylight
2023-08-22T11:40:00.000,I 85,I 85 and 17Th St,,Sideswipe-Same Direction,3,Clear,Dry,Daylight
2024-05-24T18:30:00.000,I 85,I 85 and 17Th St,,Rear End,2,Clear,Dry,Daylight
2024-09-19T15:33:00.000,I 85,I 85 and 17Th St,,Rear End,2,Clear,Dry,Daylight
2024-08-26T13:12:00.000,I 85,I 85 and 17Th St,,Rear End,4,Clear,Dry,Daylight
2024-02-08T09:31:00.000,I 85,I 85 and 17Th St,,Rear End,2,Clear,Dry,Daylight
2024-12-21T17:53:00.000,I 85,I 85 and 17Th St,,Rear End,2,Clear,Dry,Dark-Not Lighted
2024-03-29T11:06:00.000,I 85,I 85 and 17Th St,,Rear End,2,Clear,Dry,Daylight
2024-01-19T19:24:00.000,I 85,I 85 and 17Th St,,Rear End,2,Clear,Dry,Dark-Lighted
2024-03-01T12:20:00.000,I 85,I 85 and 17Th St,,Rear End,2,Clear,Dry,Daylight
2024-11-18T17:30:00.000,I 85,I 85 and 17Th St,,Rear End,2,Clear,Dry,Daylight
2024-04-22T09:05:00.000,I 85,I 85 and 17Th St,,Sideswipe-Same Direction,2,Clear,Dry,Daylight
2024-09-29T01:42:00.000,I 85,I 85 and 17Th St,,Angle Crash,2,Clear,Dry,Dark-Not Lighted
2024-12-10T10:54:00.000,I 85,I 85 and 17Th St,,Rear End,2,Rain,Wet,Daylight
2024-09-09T11:00:00.000,I 85,I 85 and 17Th St,,Rear End,2,Clear,Dry,Daylight
2024-11-01T17:40:00.000,I 85,I 85 and 17Th St,,Rear End,2,Cloudy,Dry,Daylight
2024-03-18T14:45:00.000,I 85,I 85 and 17Th St,,Rear End,2,Clear,Dry,Daylight
2024-07-01T14:35:00.000,I 85,I 85 and 17Th St,,Rear End,2,Clear,Dry,Daylight
2024-12-02T16:40:00.000,I 85,I 85 and 17Th St,,Rear End,2,Clear,Dry,Daylight
2024-01-25T11:40:00.000,I 85,I 85 and 17Th St,,Rear End,2,Rain,Wet,Daylight
2024-01-01T15:54:00.000,I 85,I 85 and 17Th St,,Rear End,2,Clear,Dry,Daylight
2024-12-12T18:15:00.000,I 85,I 85 and 17Th St,,Rear End,2,Clear,Dry,Dark-Lighted
2024-04-22T17:50:00.000,I 85,I 85 and 17Th St,,Rear End,2,Clear,Dry,Daylight
2024-06-25T17:50:00.000,I 85,I 85 and 17Th St,,Sideswipe-Same Direction,2,Clear,Dry,Daylight
2024-04-22T13:58:00.000,I 85,I 85 and 17Th St,,Rear End,2,Clear,Dry,Daylight
2024-11-26T10:05:00.000,I 85,I 85 and 17Th St,,Sideswipe-Same Direction,2,Cloudy,Dry,Daylight
2024-06-18T12:00:00.000,I 85,I 85 and 17Th St,,Rear End,2,Clear,Dry,Daylight
2024-08-16T08:14:00.000,I 85,I 85 and 17Th St,,Sideswipe-Same Direction,2,Clear,Dry,Daylight
2024-02-19T12:25:00.000,I 85,I 85 and 17Th St,,Rear End,2,Clear,Dry,Daylight
2024-08-26T13:12:00.000,I 85,I 85 and 17Th St,,Rear End,2,Clear,Dry,Daylight
2024-08-19T06:34:00.000,I 85,I 85 and 17Th St,,Rear End,2,Clear,Dry,Daylight
2024-06-18T15:47:00.000,I 85,I 85 and 17Th St,,Sideswipe-Same Direction,2,Cloudy,Dry,Daylight
2024-01-11T19:00:00.000,I 85,I 85 and 17Th St,,Sideswipe-Same Direction,2,Clear,Dry,Dark-Lighted
2024-04-02T06:00:00.000,I 85,I 85 and 17Th St,,Not a Collision with Motor Vehicle,1,Clear,Dry,Dark-Lighted
2024-04-01T09:15:00.000,I 85,I 85 and 17Th St,,Sideswipe-Same Direction,3,Clear,Dry,Daylight
2024-09-17T16:29:00.000,I 85,I 85 and 17Th St,,Rear End,2,Cloudy,Dry,Daylight
2024-10-04T08:46:00.000,I 85,I 85 and 17Th St,,Rear End,2,Clear,Dry,Daylight
2024-11-19T06:10:00.000,I 85,I 85 and 17Th St,,Rear End,2,Rain,Wet,Dark-Not Lighted
2024-01-22T17:20:00.000,I 85,I 85 and 17Th St,,Rear End,2,Clear,Dry,Dark-Lighted
2024-07-25T17:55:00.000,I 85,I 85 and 17Th St,,Rear End,2,Cloudy,Dry,Daylight
2024-04-09T08:05:00.000,I 85,I 85 and 17Th St,,Sideswipe-Same Direction,2,Clear,Dry,Daylight
2024-12-13T18:50:00.000,I 85,I 85 and 17Th St,,Sideswipe-Same Direction,2,Clear,Dry,Dark-Not Lighted
2024-01-11T14:40:00.000,I 85,I 85 and 17Th St,,Sideswipe-Same Direction,2,Clear,Dry,Daylight
2024-12-23T17:30:00.000,I 85,I 85 and 17Th St,,Rear End,2,Clear,Dry,Dusk
2024-09-04T19:15:00.000,I 85,I 85 and 17Th St,,Rear End,2,Clear,Dry,Daylight
2024-02-20T09:20:00.000,I 85,I 85 and 17Th St,,Sideswipe-Same Direction,2,Clear,Dry,Daylight
2024-06-21T15:04:00.000,I 85,I 85 and 17Th St,,Rear End,2,Clear,Dry,Daylight
2024-12-10T10:54:00.000,I 85,I 85 and 17Th St,,Rear End,3,Rain,Wet,Daylight
2024-06-13T10:35:00.000,I 85,I 85 and 17Th St,,Rear End,2,Clear,Dry,Daylight
2024-01-05T13:50:00.000,I 85,I 85 and 17Th St,,Not a Collision with Motor Vehicle,1,Clear,Dry,Daylight
2024-03-21T18:10:00.000,I 85,I 85 and 17Th St,,Rear End,2,Cloudy,Dry,Daylight
2024-05-31T15:12:00.000,I 85,I 85 and 17Th St,,Rear End,2,Clear,Dry,Daylight
2024-07-30T19:00:00.000,I 85,I 85 and 17Th St,,Angle Crash,2,Clear,Dry,Daylight
2024-09-20T15:22:00.000,I 85,I 85 and 17Th St,,Rear End,2,Clear,Dry,Daylight
2024-08-02T03:52:00.000,I 85,I 85 and 17Th St,,Rear End,2,Clear,Dry,Daylight
2021-01-01T13:00:00.000,I 85,I 85 and 174 Mile Marker,,Not a Collision with Motor Vehicle,1,Rain,Wet,Daylight
2024-05-01T07:03:00.000,I 85,I 85 and 173 Exit,,Rear End,2,Clear,Dry,Daylight
2020-10-12T18:10:00.000,I 85,I 85 and 171 Mile Marker,,Rear End,2,Clear,Dry,Daylight
2024-11-04T17:51:00.000,I 85,I 85 and 17 Th St,,Rear End,2,Cloudy,Dry,Dark-Lighted
2020-01-13T05:15:00.000,I 85,I 85 and 17 St,,Not a Collision with Motor Vehicle,1,Rain,Wet,Dark-Lighted
2023-11-03T17:17:00.000,I 85,I 85 and 16Th Sttreet,,Rear End,2,Clear,Dry,Daylight
2021-03-09T15:30:00.000,I 85,I 85 and 16Th St,,Rear End,2,Clear,Dry,Daylight
2021-05-06T17:03:00.000,I 85,I 85 and 16Th St,,Sideswipe-Same Direction,2,Clear,Dry,Daylight
2021-06-10T14:13:00.000,I 85,I 85 and 16Th St,,Rear End,2,Cloudy,Dry,Daylight
2021-04-20T13:15:00.000,I 85,I 85 and 16Th St,,Sideswipe-Same Direction,2,Clear,Dry,Daylight
2021-01-26T17:01:00.000,I 85,I 85 and 16Th St,,Rear End,2,Cloudy,Dry,Daylight
2021-06-08T18:07:00.000,I 85,I 85 and 16Th St,,Sideswipe-Same Direction,2,Cloudy,Dry,Daylight
2021-06-21T19:30:00.000,I 85,I 85 and 16Th St,,Rear End,2,Cloudy,Dry,Dusk
2021-04-16T12:12:00.000,I 85,I 85 and 16Th St,,Sideswipe-Same Direction,2,Clear,Dry,Daylight
2021-09-07T09:35:00.000,I 85,I 85 and 16Th St,,Rear End,2,Rain,Wet,Daylight
2021-07-16T15:44:00.000,I 85,I 85 and 16Th St,,Angle Crash,5,Cloudy,Dry,Daylight
2020-11-16T07:57:00.000,I 85,I 85 and 16Th St,,Rear End,2,Clear,Dry,Daylight
2020-02-06T13:17:00.000,I 85,I 85 and 16Th St,,Rear End,2,Rain,Wet,Daylight
2020-03-03T07:40:00.000,I 85,I 85 and 16Th St,,Rear End,3,Rain,Wet,Daylight
2020-11-30T01:00:00.000,I 85,I 85 and 16Th St,,Rear End,2,Rain,Wet,Dark-Lighted
2020-10-12T18:50:00.000,I 85,I 85 and 16Th St,,Sideswipe-Same Direction,2,Cloudy,Dry,Daylight
2020-12-03T14:37:00.000,I 85,I 85 and 16Th St,,Sideswipe-Same Direction,2,Clear,Dry,Daylight
2020-03-02T16:54:00.000,I 85,I 85 and 16Th St,,Sideswipe-Same Direction,4,Rain,Wet,Daylight