Date and Time,Roadway (From Crash Report),Intersection Name (from Crash Report),KABCO Severity,Manner of Collision (Crash Level) ,# of Vehicles per crash ,Weather Conditions (Crash Level),Surface Condition (Crash Level) ,Light Conditions (Crash Level)
2020-01-23T18:20:00.000,I 85,I 85 and 16Th St,,Rear End,2,Clear,Dry,Dark-Lighted
2020-02-10T13:25:00.000,I 85,I 85 and 16Th St,,Rear End,3,Rain,Wet,Daylight
2020-08-24T18:00:00.000,I 85,I 85 and 16Th St,,Rear End,3,Rain,Wet,Daylight
2020-11-12T17:38:00.000,I 85,I 85 and 16Th St,,Rear End,2,Clear,Dry,Dusk
2020-01-31T14:30:00.000,I 85,I 85 and 16Th St,,Sideswipe-Same Direction,2,Clear,Dry,Daylight
2020-07-29T12:45:00.000,I 85,I 85 and 16Th St,,Sideswipe-Same Direction,2,Cloudy,Wet,Daylight
2020-11-16T09:49:00.000,I 85,I 85 and 16Th St,,Rear End,2,Clear,Dry,Daylight
2020-01-30T09:38:00.000,I 85,I 85 and 16Th St,,Rear End,3,Clear,Dry,Daylight
2021-05-21T07:30:00.000,I 85,I 85 and 16Th St,,Sideswipe-Same Direction,2,Clear,Dry,Daylight
2021-07-13T15:41:00.000,I 85,I 85 and 16Th St,,Sideswipe-Same Direction,2,Cloudy,Dry,Daylight
2022-12-15T11:03:00.000,I 85,I 85 and 166Mm,,Not a Collision with Motor Vehicle,1,Rain,Wet,Daylight
2022-05-10T14:42:00.000,I 85,I 85 and 161 Mm,,Sideswipe-Same Direction,2,Clear,Dry,Daylight
2024-05-20T16:36:00.000,I 85,I 85 and 158.5Mm,,Sideswipe-Same Direction,2,Clear,Dry,Daylight
2024-02-17T00:00:00.000,I 85,I 85 and 158 Mm,,Sideswipe-Same Direction,2,Clear,Dry,Dark-Not Lighted
2022-12-22T18:45:00.000,I 85,I 85 and 156.5Mm,,Rear End,2,Cloudy,Wet,Dark-Not Lighted
2020-02-03T07:24:00.000,I 85,I 85 and 14Tth,,Sideswipe-Same Direction,3,Clear,Dry,Daylight
2021-03-12T12:50:00.000,I 85,I 85 and 14Th Street Opas,,Rear End,2,Clear,Dry,Daylight
2021-04-29T13:22:00.000,I 85,I 85 and 14Th Street Opas,,Rear End,2,Cloudy,Dry,Daylight
2021-04-15T17:08:00.000,I 85,I 85 and 14Th Street Opas,,Angle Crash,2,Clear,Dry,Daylight
2020-01-13T19:20:00.000,I 85,I 85 and 14Th Street Opas,,Rear End,2,Cloudy,Wet,Dark-Lighted
2021-06-15T14:57:00.000,I 85,I 85 and 14Th St Opas,,Sideswipe-Same Direction,2,Clear,Dry,Daylight
2021-09-21T16:04:00.000,I 85,I 85 and 14Th St Opas,,Rear End,2,Cloudy,Dry,Daylight
2021-03-23T08:23:00.000,I 85,I 85 and 14Th St Opas,,Rear End,2,Cloudy,Dry,Daylight
2021-06-25T19:46:00.000,I 85,I 85 and 14Th St Opas,,Rear End,2,Clear,Dry,Daylight
2021-09-02T08:04:00.000,I 85,I 85 and 14Th St Opas,,Rear End,3,Clear,Dry,Daylight
2021-09-08T13:45:00.000,I 85,I 85 and 14Th St Opas,,Sideswipe-Same Direction,2,Cloudy,Dry,Daylight
2021-04-27T15:17:00.000,I 85,I 85 and 14Th St Opas,,Rear End,2,Cloudy,Dry,Daylight
2021-06-25T15:07:00.000,I 85,I 85 and 14Th St Opas,,Sideswipe-Same Direction,2,Cloudy,Dry,Daylight
2020-10-27T15:47:00.000,I 85,I 85 and 14Th St Opas,,Rear End,3,Cloudy,Dry,Daylight
2020-06-05T16:15:00.000,I 85,I 85 and 14Th St Opas,,Rear End,2,Cloudy,Wet,Daylight
2020-10-30T12:45:00.000,I 85,I 85 and 14Th St Opas,,Rear End,2,Clear,Dry,Daylight
2020-08-06T18:19:00.000,I 85,I 85 and 14Th St Opas,,Sideswipe-Same Direction,2,Cloudy,Wet,Daylight
2020-08-13T14:38:00.000,I 85,I 85 and 14Th St Opas,,Sideswipe-Same Direction,2,Clear,Dry,Daylight
2020-10-12T08:17:00.000,I 85,I 85 and 14Th St Opas,,Sideswipe-Same Direction,2,Cloudy,Wet,Daylight
2020-10-13T06:40:00.000,I 85,I 85 and 14Th St Opas,,Sideswipe-Same Direction,2,Cloudy,Dry,Daylight
2020-01-21T15:47:00.000,I 85,I 85 and 14Th St Opas,,Rear End,2,Clear,Dry,Daylight
2020-07-30T18:18:00.000,I 85,I 85 and 14Th St Opas,,Sideswipe-Same Direction,2,Clear,Dry,Daylight
2020-01-10T18:02:00.000,I 85,I 85 and 14Th St Opas,,Rear End,2,Cloudy,Dry,Dark-Lighted
2020-10-30T14:42:00.000,I 85,I 85 and 14Th St Opas,,Rear End,3,Clear,Dry,Daylight
2020-08-04T15:51:00.000,I 85,I 85 and 14Th St Opas,,Rear End,2,Clear,Dry,Daylight
2020-01-13T10:50:00.000,I 85,I 85 and 14Th St Opas,,Rear End,3,Cloudy,Wet,Daylight
2020-10-30T14:21:00.000,I 85,I 85 and 14Th St Opas,,Rear End,2,Clear,Dry,Daylight
2020-08-12T16:19:00.000,I 85,I 85 and 14Th St Opas,,Sideswipe-Same Direction,2,Cloudy,Dry,Daylight
2020-07-20T17:11:00.000,I 85,I 85 and 14Th St Opas,,Rear End,2,Clear,Dry,Daylight
2020-10-27T16:01:00.000,I 85,I 85 and 14Th St Opas,,Rear End,3,Cloudy,Dry,Daylight
2021-08-16T17:30:00.000,I 85,I 85 and 14Th St Opas,,Sideswipe-Same Direction,2,Cloudy,Wet,Daylight
2021-08-26T15:54:00.000,I 85,I 85 and 14Th St Opas,,Rear End,2,Cloudy,Dry,Daylight
2021-08-16T17:30:00.000,I 85,I 85 and 14Th St Opas,,Sideswipe-Same Direction,2,Cloudy,Wet,Daylight
2020-01-10T18:08:00.000,I 85,I 85 and 14Th St Bridge Opas,,Rear End,2,Cloudy,Dry,Dark-Lighted
2021-01-25T15:00:00.000,I 85,I 85 and 14Th St,,Angle Crash,2,Clear,Dry,Daylight
2021-04-15T19:00:00.000,I 85,I 85 and 14Th St,,Rear End,2,Clear,Dry,Daylight
2021-01-22T13:40:00.000,I 85,I 85 and 14Th St,,Rear End,2,Cloudy,Dry,Daylight
2021-03-18T17:20:00.000,I 85,I 85 and 14Th St,,Rear End,2,Cloudy,Dry,Daylight
2021-09-23T08:41:00.000,I 85,I 85 and 14Th St,,Rear End,2,Clear,Dry,Daylight
2021-08-25T10:20:00.000,I 85,I 85 and 14Th St,,Sideswipe-Same Direction,2,Clear,Dry,Daylight
2021-09-20T16:00:00.000,I 85,I 85 and 14Th St,,Not a Collision with Motor Vehicle,1,Rain,Wet,Daylight
2021-09-16T07:20:00.000,I 85,I 85 and 14Th St,,Rear End,2,Rain,Wet,Daylight
2021-07-29T16:10:00.000,I 85,I 85 and 14Th St,,Sideswipe-Same Direction,2,Clear,Dry,Daylight
2021-05-07T13:35:00.000,I 85,I 85 and 14Th St,,Rear End,2,Clear,Dry,Daylight
2021-01-11T12:00:00.000,I 85,I 85 and 14Th St,,Sideswipe-Same Direction,2,Rain,Wet,Daylight
2021-01-28T17:15:00.000,I 85,I 85 and 14Th St,,Sideswipe-Same Direction,2,Clear,Dry,Dusk
2021-04-12T11:35:00.000,I 85,I 85 and 14Th St,,Not a Collision with Motor Vehicle,2,Clear,Dry,Daylight
2021-01-18T15:05:00.000,I 85,I 85 and 14Th St,,Sideswipe-Same Direction,2,Clear,Dry,Daylight
2021-04-15T19:15:00.000,I 85,I 85 and 14Th St,,Rear End,3,Clear,Dry,Daylight
2021-03-04T13:50:00.000,I 85,I 85 and 14Th St,,Rear End,3,Clear,Dry,Daylight
2021-03-09T17:04:00.000,I 85,I 85 and 14Th St,,Sideswipe-Same Direction,2,Clear,Dry,Daylight
2021-05-11T15:20:00.000,I 85,I 85 and 14Th St,,Rear End,3,Clear,Dry,Daylight
2021-03-05T08:50:00.000,I 85,I 85 and 14Th St,,Sideswipe-Same Direction,4,Clear,Dry,Daylight
2021-05-27T18:15:00.000,I 85,I 85 and 14Th St,,Sideswipe-Same Direction,2,Clear,Dry,Daylight
2021-07-29T17:50:00.000,I 85,I 85 and 14Th St,,Rear End,2,Clear,Dry,Daylight
2021-07-23T13:40:00.000,I 85,I 85 and 14Th St,,Sideswipe-Same Direction,2,Clear,Dry,Daylight
2021-09-07T10:02:00.000,I 85,I 85 and 14Th St,,Rear End,2,Cloudy,Dry,Daylight
2021-04-28T14:15:00.000,I 85,I 85 and 14Th St,,Rear End,2,Clear,Dry,Daylight
2021-03-29T09:45:00.000,I 85,I 85 and 14Th St,,Rear End,3,Clear,Dry,Daylight
2021-08-31T18:50:00.000,I 85,I 85 and 14Th St,,Sideswipe-Same Direction,2,Rain,Wet,Daylight
2021-08-16T09:03:00.000,I 85,I 85 and 14Th St,,Rear End,2,Clear,Dry,Daylight
2021-11-26T10:26:00.000,I 85,I 85 and 14Th St,,Sideswipe-Same Direction,2,Clear,Dry,Daylight
2021-01-21T13:00:00.000,I 85,I 85 and 14Th St,,Sideswipe-Same Direction,2,Cloudy,Wet,Daylight
2021-05-17T13:16:00.000,I 85,I 85 and 14Th St,,Rear End,2,Cloudy,Dry,Daylight
2021-03-22T12:35:00.000,I 85,I 85 and 14Th St,,Sideswipe-Same Direction,2,Clear,Dry,Daylight
2021-01-25T09:25:00.000,I 85,I 85 and 14Th St,,Rear End,2,Cloudy,Dry,Daylight
2021-02-22T15:30:00.000,I 85,I 85 and 14Th St,,Sideswipe-Same Direction,2,Clear,Dry,Daylight
2021-03-12T10:10:00.000,I 85,I 85 and 14Th St,,Sideswipe-Same Direction,2,Clear,Dry,Daylight
2021-09-27T09:35:00.000,I 85,I 85 and 14Th St,,Sideswipe-Same Direction,2,Clear,Dry,Daylight
2021-06-28T15:40:00.000,I 85,I 85 and 14Th St,,Sideswipe-Same Direction,2,Clear,Dry,Daylight
2021-04-26T15:30:00.000,I 85,I 85 and 14Th St,,Rear End,2,Clear,Dry,Daylight
2021-04-26T17:15:00.000,I 85,I 85 and 14Th St,,Sideswipe-Same Direction,2,Clear,Dry,Daylight
2021-04-27T11:45:00.000,I 85,I 85 and 14Th St,,Sideswipe-Same Direction,2,Clear,Dry,Daylight
2021-04-06T16:10:00.000,I 85,I 85 and 14Th St,,Sideswipe-Same Direction,2,Clear,Dry,Daylight
2021-04-26T19:25:00.000,I 85,I 85 and 14Th St,,Rear End,2,Clear,Dry,Daylight
2021-03-31T13:40:00.000,I 85,I 85 and 14Th St,,Rear End,2,Rain,Wet,Daylight
2021-03-22T07:35:00.000,I 85,I 85 and 14Th St,,Rear End,3,Clear,Dry,Daylight
2021-04-16T14:40:00.000,I 85,I 85 and 14Th St,,Sideswipe-Same Direction,2,Clear,Dry,Daylight
2020-11-30T06:42:00.000,I 85,I 85 and 14Th St,,Rear End,3,Cloudy,Wet,Dark-Lighted
2020-02-10T19:00:00.000,I 85,I 85 and 14Th St,,Sideswipe-Same Direction,2,Rain,Wet,Dark-Lighted
2020-08-26T15:00:00.000,I 85,I 85 and 14Th St,,Rear End,2,Clear,Dry,Daylight
2020-08-20T17:00:00.000,I 85,I 85 and 14Th St,,Sideswipe-Same Direction,2,Cloudy,Dry,Daylight
2020-11-06T13:10:00.000,I 85,I 85 and 14Th St,,Rear End,2,Clear,Dry,Daylight
2020-09-14T15:55:00.000,I 85,I 85 and 14Th St,,Sideswipe-Same Direction,3,Cloudy,Wet,Daylight
2020-11-02T18:05:00.000,I 85,I 85 and 14Th St,,Rear End,2,Clear,Dry,Daylight
2020-12-07T11:35:00.000,I 85,I 85 and 14Th St,,Sideswipe-Same Direction,2,Clear,Dry,Daylight
2023-03-31T13:25:00.000,I 85,I 85 and 14Th St,,Rear End,4,Cloudy,Dry,Daylight
2022-08-25T10:40:00.000,I 85,I 85 and 14Th St,,Sideswipe-Same Direction,2,Cloudy,Dry,Daylight
2020-12-17T16:20:00.000,I 85,I 85 and 14Th St,,Sideswipe-Same Direction,2,Clear,Dry,Daylight
2021-01-07T16:30:00.000,I 85,I 85 and 14Th St,,Sideswipe-Same Direction,2,Rain,Wet,Daylight
2020-01-08T18:25:00.000,I 85,I 85 and 14Th St,,Sideswipe-Same Direction,2,Clear,Dry,Dark-Lighted
2020-01-21T15:50:00.000,I 85,I 85 and 14Th St,,Sideswipe-Same Direction,2,Clear,Dry,Daylight
2020-02-14T19:30:00.000,I 85,I 85 and 14Th St,,Sideswipe-Same Direction,2,Clear,Dry,Dark-Lighted
2020-05-14T17:20:00.000,I 85,I 85 and 14Th St,,Rear End,2,Clear,Dry,Daylight
2020-01-21T18:34:00.000,I 85,I 85 and 14Th St,,Rear End,2,Clear,Dry,Dark-Lighted
2020-09-15T16:28:00.000,I 85,I 85 and 14Th St,,Rear End,2,Cloudy,Dry,Daylight
2020-01-03T17:52:00.000,I 85,I 85 and 14Th St,,Rear End,2,Clear,Dry,Dark-Not Lighted
2020-06-10T18:40:00.000,I 85,I 85 and 14Th St,,Rear End,2,Cloudy,Wet,Daylight
2020-05-29T13:00:00.000,I 85,I 85 and 14Th St,,Rear End,2,Rain,Wet,Daylight
2020-05-27T15:35:00.000,I 85,I 85 and 14Th St,,Sideswipe-Same Direction,2,Cloudy,Wet,Daylight
2020-07-22T16:49:00.000,I 85,I 85 and 14Th St,,Rear End,2,Clear,Dry,Daylight
2020-10-01T16:40:00.000,I 85,I 85 and 14Th St,,Rear End,2,Clear,Dry,Daylight
2020-09-04T12:55:00.000,I 85,I 85 and 14Th St,,Sideswipe-Same Direction,2,Clear,Dry,Daylight
2020-01-21T15:45:00.000,I 85,I 85 and 14Th St,,Rear End,2,Clear,Dry,Daylight
2020-09-22T17:55:00.000,I 85,I 85 and 14Th St,,Sideswipe-Same Direction,2,Clear,Dry,Daylight
2020-10-01T14:30:00.000,I 85,I 85 and 14Th St,,Sideswipe-Same Direction,2,Clear,Dry,Daylight
2020-02-06T19:39:00.000,I 85,I 85 and 14Th St,,Rear End,2,Rain,Wet,Dark-Not Lighted
2020-12-31T17:25:00.000,I 85,I 85 and 14Th St,,Rear End,2,Rain,Wet,Daylight
2020-08-11T15:15:00.000,I 85,I 85 and 14Th St,,Rear End,2,Clear,Dry,Daylight
2020-09-04T16:00:00.000,I 85,I 85 and 14Th St,,Rear End,2,Clear,Dry,Daylight
2020-08-13T14:55:00.000,I 85,I 85 and 14Th St,,Sideswipe-Same Direction,3,Clear,Dry,Daylight
2020-01-13T00:00:00.000,I 85,I 85 and 14Th St,,Rear End,2,Rain,Wet,Dark-Not Lighted
2020-01-13T18:15:00.000,I 85,I 85 and 14Th St,,Rear End,2,Cloudy,Wet,Daylight
2020-01-14T08:33:00.000,I 85,I 85 and 14Th St,,Rear End,2,Cloudy,Wet,Daylight
2020-01-21T18:10:00.000,I 85,I 85 and 14Th St,,Rear End,2,Clear,Dry,Dark-Lighted
2020-02-04T19:05:00.000,I 85,I 85 and 14Th St,,Rear End,2,Cloudy,Dry,Dark-Lighted
2020-10-08T13:15:00.000,I 85,I 85 and 14Th St,,Rear End,4,Clear,Dry,Daylight
2020-11-02T18:40:00.000,I 85,I 85 and 14Th St,,Sideswipe-Same Direction,2,Clear,Dry,Dark-Lighted
2020-01-09T07:00:00.000,I 85,I 85 and 14Th St,,Sideswipe-Same Direction,2,Clear,Dry,Dark-Lighted
2020-02-03T18:15:00.000,I 85,I 85 and 14Th St,,Rear End,2,Cloudy,Dry,Dark-Lighted
2020-08-12T15:25:00.000,I 85,I 85 and 14Th St,,Sideswipe-Same Direction,2,Clear,Dry,Daylight
2020-01-13T07:25:00.000,I 85,I 85 and 14Th St,,Rear End,2,Rain,Wet,Daylight
2020-02-03T07:55:00.000,I 85,I 85 and 14Th St,,Rear End,2,Clear,Dry,Daylight
2020-01-14T07:57:00.000,I 85,I 85 and 14Th St,,Rear End,2,Cloudy,Wet,Daylight
2020-05-15T16:00:00.000,I 85,I 85 and 14Th St,,Rear End,2,Clear,Dry,Daylight
2020-01-07T17:26:00.000,I 85,I 85 and 14Th St,,Sideswipe-Same Direction,2,Clear,Dry,Daylight
2020-08-20T18:30:00.000,I 85,I 85 and 14Th St,,Rear End,4,Rain,Wet,Daylight
2020-01-06T19:05:00.000,I 85,I 85 and 14Th St,,Sideswipe-Same Direction,2,Clear,Dry,Daylight
2020-12-22T07:41:00.000,I 85,I 85 and 14Th St,,Sideswipe-Same Direction,2,Clear,Dry,Daylight
2020-02-03T07:55:00.000,I 85,I 85 and 14Th St,,Rear End,2,Clear,Dry,Daylight
2020-02-26T21:11:00.000,I 85,I 85 and 14Th St,,Angle Crash,2,Clear,Dry,Dark-Lighted
2020-07-21T16:00:00.000,I 85,I 85 and 14Th St,,Sideswipe-Same Direction,2,Clear,Dry,Daylight
2020-10-15T16:50:00.000,I 85,I 85 and 14Th St,,Rear End,2,Clear,Dry,Daylight
2020-11-03T18:06:00.000,I 85,I 85 and 14Th St,,Rear End,2,Clear,Dry,Dark-Lighted
2020-09-21T14:09:00.000,I 85,I 85 and 14Th St,,Rear End,2,Clear,Dry,Daylight
2020-07-21T10:35:00.000,I 85,I 85 and 14Th St,,Sideswipe-Same Direction,2,Clear,Dry,Daylight
2020-04-03T20:52:00.000,I 85,I 85 and 14Th St,,Not a Collision with Motor Vehicle,1,Clear,Dry,Dark-Lighted
2020-07-09T16:15:00.000,I 85,I 85 and 14Th St,,Rear End,3,Clear,Dry,Daylight
2020-02-06T19:05:00.000,I 85,I 85 and 14Th St,,Rear End,2,Rain,Wet,Dark-Lighted
2020-03-12T21:45:00.000,I 85,I 85 and 14Th St,,Angle Crash,2,Clear,Dry,Dark-Lighted
2020-07-16T19:10:00.000,I 85,I 85 and 14Th St,,Sideswipe-Same Direction,2,Clear,Dry,Daylight
2020-01-30T09:07:00.000,I 85,I 85 and 14Th St,,Angle Crash,3,Clear,Dry,Daylight
2020-07-17T12:05:00.000,I 85,I 85 and 14Th St,,Rear End,2,Clear,Dry,Daylight
2020-08-17T16:00:00.000,I 85,I 85 and 14Th St,,Sideswipe-Same Direction,2,Clear,Dry,Daylight
2020-01-02T17:47:00.000,I 85,I 85 and 14Th St,,Sideswipe-Same Direction,2,Rain,Wet,Daylight
2020-02-10T14:40:00.000,I 85,I 85 and 14Th St,,Rear End,2,Rain,Wet,Daylight
2020-09-22T14:50:00.000,I 85,I 85 and 14Th St,,Rear End,2,Clear,Dry,Daylight
2020-10-30T13:55:00.000,I 85,I 85 and 14Th St,,Rear End,2,Clear,Dry,Daylight
2020-01-08T08:40:00.000,I 85,I 85 and 14Th St,,Rear End,2,Clear,Dry,Daylight
2020-07-17T16:25:00.000,I 85,I 85 and 14Th St,,Sideswipe-Same Direction,2,Clear,Dry,Daylight
2020-03-17T17:07:00.000,I 85,I 85 and 14Th St,,Sideswipe-Same Direction,2,Clear,Dry,Daylight
2020-02-12T13:00:00.000,I 85,I 85 and 14Th St,,Sideswipe-Same Direction,2,Cloudy,Dry,Daylight
2020-11-19T11:55:00.000,I 85,I 85 and 14Th St,,Rear End,2,Clear,Dry,Daylight
2020-07-06T20:55:00.000,I 85,I 85 and 14Th St,,Rear End,2,Rain,Wet,Daylight
2020-09-22T14:50:00.000,I 85,I 85 and 14Th St,,Rear End,2,Clear,Dry,Daylight
2020-01-06T17:40:00.000,I 85,I 85 and 14Th St,,Rear End,2,Clear,Dry,Dark-Lighted
2020-07-02T16:35:00.000,I 85,I 85 and 14Th St,,Sideswipe-Same Direction,2,Rain,Wet,Daylight
2020-08-11T12:10:00.000,I 85,I 85 and 14Th St,,Sideswipe-Same Direction,2,Clear,Dry,Daylight
2020-10-02T14:40:00.000,I 85,I 85 and 14Th St,,Rear End,2,Clear,Dry,Daylight
2020-12-08T08:52:00.000,I 85,I 85 and 14Th St,,Rear End,2,Clear,Dry,Daylight
2020-11-24T17:46:00.000,I 85,I 85 and 14Th St,,Rear End,3,Clear,Dry,Dark-Lighted
2020-08-28T12:20:00.000,I 85,I 85 and 14Th St,,Rear End,2,Clear,Dry,Daylight
2020-12-07T14:35:00.000,I 85,I 85 and 14Th St,,Sideswipe-Same Direction,2,Cloudy,Dry,Daylight
2020-07-17T16:35:00.000,I 85,I 85 and 14Th St,,Rear End,2,Clear,Dry,Daylight
2020-01-26T13:20:00.000,I 85,I 85 and 14Th St,,Head On,2,Clear,Dry,Daylight
2020-09-23T17:30:00.000,I 85,I 85 and 14Th St,,Rear End,3,Clear,Dry,Daylight
2020-08-12T15:51:00.000,I 85,I 85 and 14Th St,,Rear End,2,Clear,Dry,Daylight
2020-02-26T17:55:00.000,I 85,I 85 and 14Th St,,Sideswipe-Same Direction,2,Clear,Wet,Daylight
2020-09-04T13:02:00.000,I 85,I 85 and 14Th St,,Rear End,2,Clear,Dry,Daylight
2020-10-30T13:45:00.000,I 85,I 85 and 14Th St,,Sideswipe-Same Direction,2,Clear,Dry,Daylight
2020-06-10T12:53:00.000,I 85,I 85 and 14Th St,,Rear End,2,Rain,Wet,Daylight
2020-11-30T13:04:00.000,I 85,I 85 and 14Th St,,Sideswipe-Same Direction,2,Cloudy,Dry,Daylight
2020-03-11T11:15:00.000,I 85,I 85 and 14Th St,,Rear End,2,Clear,Dry,Daylight
2020-09-18T09:55:00.000,I 85,I 85 and 14Th St,,Sideswipe-Same Direction,2,Clear,Dry,Daylight
2020-07-22T16:30:00.000,I 85,I 85 and 14Th St,,Rear End,2,Clear,Dry,Daylight
2020-12-22T12:36:00.000,I 85,I 85 and 14Th St,,Rear End,2,Clear,Dry,Daylight
2020-02-03T19:15:00.000,I 85,I 85 and 14Th St,,Rear End,3,Clear,Dry,Dark-Lighted
2020-01-02T17:45:00.000,I 85,I 85 and 14Th St,,Rear End,2,Rain,Wet,Daylight
2020-03-03T09:45:00.000,I 85,I 85 and 14Th St,,Rear End,2,Rain,Wet,Daylight
2020-12-29T17:20:00.000,I 85,I 85 and 14Th St,,Sideswipe-Same Direction,2,Clear,Dry,Daylight
2020-11-17T07:34:00.000,I 85,I 85 and 14Th St,,Sideswipe-Same Direction,2,Clear,Dry,Daylight
2020-10-15T17:00:00.000,I 85,I 85 and 14Th St,,Rear End,2,Clear,Dry,Daylight
2020-08-31T16:30:00.000,I 85,I 85 and 14Th St,,Rear End,2,Cloudy,Dry,Daylight
2020-01-06T15:10:00.000,I 85,I 85 and 14Th St,,Rear End,2,Clear,Dry,Daylight
2020-04-10T08:45:00.000,I 85,I 85 and 14Th St,,Rear End,3,Clear,Dry,Daylight
2020-02-25T07:38:00.000,I 85,I 85 and 14Th St,,Rear End,3,Cloudy,Wet,Daylight
2020-03-11T21:02:00.000,I 85,I 85 and 14Th St,,Angle Crash,2,Clear,Water (standing or moving),Dark-Lighted
2020-01-24T19:58:00.000,I 85,I 85 and 14Th St,,Rear End,2,Cloudy,Wet,Dark-Not Lighted
2020-10-06T17:10:00.000,I 85,I 85 and 14Th St,,Not a Collision with Motor Vehicle,1,Clear,Dry,Daylight
2020-02-11T09:38:00.000,I 85,I 85 and 14Th St,,Rear End,4,Rain,Wet,Daylight
2020-01-29T07:30:00.000,I 85,I 85 and 14Th St,,Rear End,2,Clear,Dry,Daylight
2020-11-16T13:30:00.000,I 85,I 85 and 14Th St,,Sideswipe-Same Direction,2,Clear,Dry,Daylight
2020-09-15T16:42:00.000,I 85,I 85 and 14Th St,,Rear End,3,Cloudy,Dry,Daylight
2020-11-03T19:00:00.000,I 85,I 85 and 14Th St,,Sideswipe-Same Direction,2,Clear,Dry,Dark-Lighted
2020-02-03T19:15:00.000,I 85,I 85 and 14Th St,,Rear End,2,Clear,Dry,Dark-Lighted
2020-10-06T18:00:00.000,I 85,I 85 and 14Th St,,Rear End,2,Clear,Dry,Daylight
2021-02-11T19:35:00.000,I 85,I 85 and 14Th St,,Rear End,2,Rain,Wet,Dark-Lighted
2021-05-31T11:55:00.000,I 85,I 85 and 14Th St,,Rear End,2,Clear,Dry,Daylight
2021-05-11T14:00:00.000,I 85,I 85 and 14Th St,,Rear End,3,Clear,Dry,Daylight
2021-05-12T14:45:00.000,I 85,I 85 and 14Th St,,Rear End,2,Cloudy,Wet,Daylight
2021-06-29T08:20:00.000,I 85,I 85 and 14Th St,,Rear End,2,Cloudy,Dry,Daylight
2021-01-04T13:25:00.000,I 85,I 85 and 14Th St,,Sideswipe-Same Direction,2,Clear,Dry,Daylight
2021-05-13T00:00:00.000,I 85,I 85 and 14Th St,,Sideswipe-Same Direction,2,Clear,Dry,Daylight
2021-03-08T14:35:00.000,I 85,I 85 and 14Th St,,Sideswipe-Same Direction,3,Clear,Dry,Daylight
2021-06-22T09:40:00.000,I 85,I 85 and 14Th St,,Sideswipe-Same Direction,2,Rain,Wet,Daylight
2021-03-30T16:57:00.000,I 85,I 85 and 14Th St,,Sideswipe-Same Direction,2,Clear,Dry,Daylight
2021-05-17T13:16:00.000,I 85,I 85 and 14Th St,,Rear End,3,Cloudy,Dry,Daylight
2021-02-08T16:10:00.000,I 85,I 85 and 14Th St,,Rear End,2,Clear,Dry,Daylight
2021-02-25T12:15:00.000,I 85,I 85 and 14Th St,,Rear End,4,Clear,Dry,Daylight
2021-01-28T14:54:00.000,I 85,I 85 and 14Th St,,Sideswipe-Same Direction,2,Clear,Dry,Daylight
2021-02-05T12:00:00.000,I 85,I 85 and 14Th St,,Rear End,3,Cloudy,Wet,Daylight
2021-01-21T12:15:00.000,I 85,I 85 and 14Th St,,Rear End,3,Rain,Wet,Daylight
2021-08-06T11:40:00.000,I 85,I 85 and 14Th St,,Sideswipe-Same Direction,2,Clear,Dry,Daylight
2021-10-25T15:40:00.000,I 85,I 85 and 14Th St,,Sideswipe-Same Direction,2,Cloudy,Dry,Daylight
2021-09-07T18:25:00.000,I 85,I 85 and 14Th St,,Rear End,2,Clear,Dry,Daylight
2021-07-20T10:17:00.000,I 85,I 85 and 14Th St,,Rear End,2,Cloudy,Wet,Daylight
2021-09-02T09:20:00.000,I 85,I 85 and 14Th St,,Rear End,2,Clear,Dry,Daylight
2021-07-29T17:50:00.000,I 85,I 85 and 14Th St,,Rear End,2,Clear,Dry,Daylight
2021-08-06T12:30:00.000,I 85,I 85 and 14Th St,,Rear End,2,Clear,Dry,Daylight
2021-09-17T08:00:00.000,I 85,I 85 and 14Th St,,Sideswipe-Same Direction,2,Rain,Wet,Daylight
2021-08-27T15:00:00.000,I 85,I 85 and 14Th St,,Rear End,2,Clear,Dry,Daylight
2021-11-08T11:10:00.000,I 85,I 85 and 14Th St,,Sideswipe-Same Direction,2,Clear,Dry,Daylight
2021-07-20T16:45:00.000,I 85,I 85 and 14Th St,,Rear End,2,Rain,Wet,Daylight
2021-09-17T18:25:00.000,I 85,I 85 and 14Th St,,Sideswipe-Same Direction,2,Clear,Dry,Daylight
2021-07-20T16:35:00.000,I 85,I 85 and 14Th St,,Rear End,2,Rain,Wet,Daylight
2021-08-11T19:30:00.000,I 85,I 85 and 14Th St,,Sideswipe-Same Direction,4,Clear,Dry,Daylight
2021-09-02T09:02:00.000,I 85,I 85 and 14Th St,,Rear End,2,Clear,Dry,Daylight
2021-09-07T06:45:00.000,I 85,I 85 and 14Th St,,Sideswipe-Same Direction,2,Clear,Dry,Dark-Lighted
2021-09-14T15:50:00.000,I 85,I 85 and 14Th St,,Sideswipe-Same Direction,2,Clear,Dry,Daylight
2021-09-10T11:50:00.000,I 85,I 85 and 14Th St,,Rear End,2,Clear,Dry,Daylight
2021-07-08T07:33:00.000,I 85,I 85 and 14Th St,,Rear End,2,Cloudy,Dry,Daylight
2021-09-14T17:00:00.000,I 85,I 85 and 14Th St,,Rear End,2,Clear,Dry,Daylight
2021-07-30T16:39:00.000,I 85,I 85 and 14Th St,,Rear End,2,Clear,Dry,Daylight
2021-08-31T14:08:00.000,I 85,I 85 and 14Th St,,Rear End,2,Cloudy,Wet,Daylight
2021-09-09T12:15:00.000,I 85,I 85 and 14Th St,,Sideswipe-Same Direction,2,Clear,Dry,Daylight
2021-07-27T18:40:00.000,I 85,I 85 and 14Th St,,Sideswipe-Same Direction,2,Rain,Wet,Daylight
2021-08-17T12:45:00.000,I 85,I 85 and 14Th St,,Rear End,2,Cloudy,Dry,Daylight