Date and Time,Roadway (From Crash Report),Intersection Name (from Crash Report),KABCO Severity,Manner of Collision (Crash Level) ,# of Vehicles per crash ,Weather Conditions (Crash Level),Surface Condition (Crash Level) ,Light Conditions (Crash Level)
2021-07-09T17:38:00.000,I 85,I 85 and 14Th St,,Rear End,2,Cloudy,Wet,Daylight
2022-02-03T13:00:00.000,I 85,I 85 and 14Th St,,Rear End,2,Rain,Wet,Daylight
2024-05-17T14:25:00.000,I 85,I 85 and 14Th St,,Sideswipe-Same Direction,2,Cloudy,Dry,Daylight
2023-03-09T20:50:00.000,I 85,I 85 and 148 Mm,,Angle Crash,2,Clear,Dry,Dark-Lighted
2023-05-11T23:15:00.000,I 85,I 85 and 147.5 N Mm,,Sideswipe-Same Direction,2,Clear,Dry,Dark-Not Lighted
2022-06-26T18:05:00.000,I 85,I 85 and 147.5 Miles,,Rear End,3,Clear,Dry,Daylight
2022-07-04T14:23:00.000,I 85,I 85 and 147 S Exit,,Sideswipe-Same Direction,2,Clear,Dry,Daylight
2021-12-18T11:10:00.000,I 85,I 85 and 147 Exit Rp,,Sideswipe-Same Direction,2,Clear,Dry,Daylight
2023-08-28T11:00:00.000,I 85,I 85 and 146.5,,Sideswipe-Same Direction,1,Clear,Dry,Daylight
2021-10-26T13:37:00.000,I 85,I 85 and 146 Mile Marker,,Sideswipe-Same Direction,2,Clear,Dry,Daylight
2022-09-07T05:35:00.000,I 85,I 85 and 146 Mile Marker,,Angle Crash,1,Clear,Dry,Dark-Not Lighted
2022-09-16T16:47:00.000,I 85,I 85 and 146 Mile Marker,,Sideswipe-Same Direction,2,Clear,Dry,Daylight
2024-02-08T15:48:00.000,I 85,I 85 and 145Mm,,Sideswipe-Same Direction,2,Clear,Dry,Daylight
2021-03-15T15:20:00.000,I 85,I 85 and 145 Mm,,Sideswipe-Same Direction,2,Clear,Dry,Daylight
2024-10-30T05:51:00.000,I 85,I 85 and 141Mm,,Sideswipe-Same Direction,2,Clear,Dry,Dark-Not Lighted
2020-04-25T15:57:00.000,I 85,I 85 and 140Jimmy Carter Blvd,,Angle Crash,2,Clear,Dry,Daylight
2020-11-29T04:44:00.000,I 85,I 85 and 140 Mile Marker,,Not a Collision with Motor Vehicle,1,Clear,Dry,Dark-Not Lighted
2023-03-09T14:20:00.000,I 85,I 85 and 140 Exit Rp,,Sideswipe-Same Direction,2,Cloudy,Dry,Daylight
2022-05-12T09:30:00.000,I 85,I 85 and 13S Exit Rp,,Rear End,2,Clear,Dry,Daylight
2024-04-24T22:42:00.000,I 85,I 85 and 138Mm,,Rear End,2,Clear,Dry,Dark-Not Lighted
2022-09-15T18:33:00.000,I 85,I 85 and 138 Mm,,Rear End,2,Clear,Dry,Daylight
2022-10-09T21:50:00.000,I 85,I 85 and 138 Mm,,Rear End,1,Clear,Dry,Daylight
2023-05-19T21:20:00.000,I 85,I 85 and 137Mm,,Sideswipe-Same Direction,2,Clear,Dry,Dark-Not Lighted
2023-02-12T19:03:00.000,I 85,I 85 and 137Mm,,Rear End,1,Clear,Dry,Dark-Not Lighted
2023-03-31T18:20:00.000,I 85,I 85 and 137Mm,,Rear End,2,Clear,Dry,Daylight
2022-09-22T16:44:00.000,I 85,I 85 and 137 S Bound On Rp,,Rear End,2,Cloudy,Dry,Daylight
2022-06-05T16:17:00.000,I 85,I 85 and 137 Opas,,Rear End,5,Clear,Dry,Daylight
2022-12-11T17:21:00.000,I 85,I 85 and 137 On Rp,,Sideswipe-Same Direction,3,Rain,Wet,Dark-Not Lighted
2022-03-18T18:10:00.000,I 85,I 85 and 137 On Rp,,Angle Crash,2,Cloudy,Wet,Daylight
2022-11-23T02:45:00.000,I 85,I 85 and 137 N Exit Rp,,Rear End,2,Clear,Dry,Dark-Not Lighted
2021-02-27T16:17:00.000,I 85,I 85 and 137 N Bound On Rp,,Sideswipe-Same Direction,2,Clear,Dry,Daylight
2023-04-09T18:23:00.000,I 85,I 85 and 137 Mm,,Rear End,2,Clear,Dry,Daylight
2023-04-21T22:13:00.000,I 85,I 85 and 137 Mm,,Rear End,2,Clear,Dry,Dark-Not Lighted
2020-09-04T17:25:00.000,I 85,I 85 and 137 Mm,,Sideswipe-Same Direction,2,Clear,Dry,Daylight
2021-04-20T23:50:00.000,I 85,I 85 and 137 Mm,,Not a Collision with Motor Vehicle,1,Clear,Dry,Dark-Lighted
2021-07-05T12:09:00.000,I 85,I 85 and 137 Mm,,Rear End,2,Clear,Dry,Daylight
2022-03-13T21:30:00.000,I 85,I 85 and 137 Mm,,Rear End,2,Clear,Dry,Dark-Lighted
2022-05-12T04:30:00.000,I 85,I 85 and 137 Mm,,Sideswipe-Same Direction,1,Clear,Dry,Dark-Lighted
2022-03-12T00:15:00.000,I 85,I 85 and 137 Mm,,(None),2,(None),(None),(None)
2023-04-28T18:15:00.000,I 85,I 85 and 137 Mm,,Sideswipe-Same Direction,2,Clear,Dry,Daylight
2023-12-08T01:11:00.000,I 85,I 85 and 137 Mm,,Not a Collision with Motor Vehicle,1,Clear,Dry,Dark-Not Lighted
2021-10-31T18:00:00.000,I 85,I 85 and 137 Mile Marker,,Rear End,2,Clear,Dry,Daylight
2024-02-03T16:45:00.000,I 85,I 85 and 137 Exit Rp,,Rear End,2,Clear,Dry,Daylight
2023-07-29T22:10:00.000,I 85,I 85 and 137 Exit Rp,,Rear End,2,Clear,Dry,Dark-Not Lighted
2024-05-07T08:12:00.000,I 85,I 85 and 137 Exit Rp,,Rear End,2,Clear,Dry,Daylight
2021-03-23T15:08:00.000,I 85,I 85 and 137 Entrance Rp,,Sideswipe-Same Direction,2,Clear,Dry,Daylight
2020-11-25T17:26:00.000,I 85,I 85 and 1365 Mm,,Rear End,2,Rain,Wet,Dark-Not Lighted
2023-12-06T18:47:00.000,I 85,I 85 and 136.5Mm,,Sideswipe-Same Direction,2,Clear,Dry,Dark-Not Lighted
2023-02-22T15:09:00.000,I 85,I 85 and 136.5 Mm,,Sideswipe-Same Direction,2,Cloudy,Dry,Daylight
2022-07-15T06:14:00.000,I 85,I 85 and 136.5 Mm,,Sideswipe-Same Direction,2,Clear,Dry,Daylight
2022-04-28T17:25:00.000,I 85,I 85 and 136.5 Mm,,Not a Collision with Motor Vehicle,2,Clear,Dry,Daylight
2022-07-15T06:35:00.000,I 85,I 85 and 136.5 Mm,,Rear End,2,Clear,Dry,Daylight
2022-04-09T08:30:00.000,I 85,I 85 and 136.5 Mm,,Not a Collision with Motor Vehicle,1,Cloudy,Dry,Daylight
2023-08-31T18:01:00.000,I 85,I 85 and 136.5 Mm,,Angle Crash,3,Clear,Dry,Daylight
2023-02-07T01:42:00.000,I 85,I 85 and 136 Mm,,Rear End,2,Clear,Dry,Dark-Not Lighted
2023-06-17T01:18:00.000,I 85,I 85 and 136 Mm,,Rear End,3,Clear,Dry,Dark-Lighted
2022-06-13T18:00:00.000,I 85,I 85 and 136 Mm,,Sideswipe-Same Direction,2,Clear,Dry,Daylight
2022-05-11T22:34:00.000,I 85,I 85 and 136 Mm,,Sideswipe-Same Direction,2,Clear,Dry,Dark-Lighted
2022-02-21T18:30:00.000,I 85,I 85 and 136 Mm,,Angle Crash,2,Rain,Wet,Dark-Not Lighted
2022-04-14T18:15:00.000,I 85,I 85 and 136 Mm,,Angle Crash,2,Clear,Dry,Daylight
2024-06-26T15:01:00.000,I 85,I 85 and 136 Mm,,Sideswipe-Same Direction,2,Clear,Dry,Daylight
2021-09-08T05:24:00.000,I 85,I 85 and 136 Milemarker,,Sideswipe-Same Direction,2,Cloudy,Wet,Dark-Not Lighted
2021-09-28T18:09:00.000,I 85,I 85 and 136 Mile Marker,,Rear End,2,Clear,Dry,Daylight
2024-07-11T08:47:00.000,I 85,I 85 and 135Mm,,Sideswipe-Same Direction,2,Clear,Dry,Daylight
2024-03-12T13:32:00.000,I 85,I 85 and 135.4 Mm,,Sideswipe-Same Direction,2,Clear,Dry,Daylight
2024-09-19T12:10:00.000,I 85,I 85 and 132.5Mm,,Rear End,3,Clear,Dry,Daylight
2021-03-24T07:10:00.000,I 85,I 85 and 12Th St,,Sideswipe-Same Direction,2,Clear,Dry,Daylight
2021-04-16T17:50:00.000,I 85,I 85 and 129 N Brg,,Rear End,2,Clear,Dry,Daylight
2022-09-12T14:56:00.000,I 85,I 85 and 127.5 Mile Marker,,Not a Collision with Motor Vehicle,1,Clear,Dry,Daylight
2024-03-10T06:51:00.000,I 85,I 85 and 127.5,,Not a Collision with Motor Vehicle,1,Clear,Dry,Dark-Not Lighted
2023-03-31T22:45:00.000,I 85,I 85 and 126 Mm,,Sideswipe-Same Direction,2,Clear,Dry,Dark-Lighted
2022-09-25T15:02:00.000,I 85,I 85 and 124 Mm,,Rear End,2,Clear,Dry,Daylight
2021-11-07T09:15:00.000,I 85,I 85 and 123 Mm,,Not a Collision with Motor Vehicle,1,Clear,Dry,Daylight
2021-01-02T14:55:00.000,I 85,I 85 and 120Duluth Hwy,,Angle Crash,2,Clear,Dry,Daylight
2024-02-11T15:11:00.000,I 85,I 85 and 118 Mile Marker,,Sideswipe-Same Direction,3,Cloudy,Dry,Daylight
2022-11-06T13:45:00.000,I 85,I 85 and 113 Mm,,Rear End,2,Clear,Dry,Daylight
2021-06-22T09:50:00.000,I 85,I 85 and 10Th Street Opas,,Rear End,2,Rain,Wet,Daylight
2020-11-25T17:55:00.000,I 85,I 85 and 10Th Street Opas,,Rear End,2,Rain,Wet,Daylight
2020-07-06T20:45:00.000,I 85,I 85 and 10Th Street Opas,,Rear End,2,Rain,Wet,Daylight
2020-02-18T08:15:00.000,I 85,I 85 and 10Th Street Opas,,Sideswipe-Same Direction,2,Rain,Wet,Daylight
2020-11-06T15:36:00.000,I 85,I 85 and 10Th Street Opas,,Sideswipe-Same Direction,2,Clear,Dry,Daylight
2020-10-13T13:17:00.000,I 85,I 85 and 10Th St Opas,,Rear End,2,Clear,Dry,Daylight
2020-02-11T11:03:00.000,I 85,I 85 and 10Th St Opas,,Rear End,2,Cloudy,Wet,Daylight
2020-07-02T11:20:00.000,I 85,I 85 and 10Th St Opas,,Rear End,2,Clear,Dry,Daylight
2021-04-27T16:03:00.000,I 85,I 85 and 10Th St,,Rear End,2,Clear,Dry,Daylight
2021-01-26T14:30:00.000,I 85,I 85 and 10Th St,,Rear End,2,Cloudy,Dry,Daylight
2021-09-30T14:45:00.000,I 85,I 85 and 10Th St,,Rear End,2,Clear,Dry,Daylight
2021-09-09T15:10:00.000,I 85,I 85 and 10Th St,,Sideswipe-Same Direction,2,Clear,Dry,Daylight
2021-03-16T12:00:00.000,I 85,I 85 and 10Th St,,Sideswipe-Same Direction,2,Cloudy,Dry,Daylight
2021-01-28T16:56:00.000,I 85,I 85 and 10Th St,,Rear End,4,Clear,Dry,Daylight
2021-06-07T13:42:00.000,I 85,I 85 and 10Th St,,Rear End,2,Cloudy,Dry,Daylight
2021-03-24T14:21:00.000,I 85,I 85 and 10Th St,,Rear End,2,Clear,Dry,Daylight
2021-06-29T09:55:00.000,I 85,I 85 and 10Th St,,Sideswipe-Same Direction,2,Cloudy,Dry,Daylight
2021-06-15T10:40:00.000,I 85,I 85 and 10Th St,,Rear End,2,Clear,Dry,Daylight
2021-03-10T13:51:00.000,I 85,I 85 and 10Th St,,Sideswipe-Same Direction,2,Clear,Dry,Daylight
2021-01-29T19:50:00.000,I 85,I 85 and 10Th St,,Rear End,2,Clear,Dry,Dark-Lighted
2021-04-02T11:57:00.000,I 85,I 85 and 10Th St,,Sideswipe-Same Direction,2,Clear,Dry,Daylight
2021-03-25T12:45:00.000,I 85,I 85 and 10Th St,,Rear End,2,Clear,Dry,Daylight
2021-04-02T10:20:00.000,I 85,I 85 and 10Th St,,Rear End,2,Clear,Dry,Daylight
2021-05-17T08:35:00.000,I 85,I 85 and 10Th St,,Rear End,3,Clear,Dry,Daylight
2021-07-20T10:30:00.000,I 85,I 85 and 10Th St,,Rear End,2,Cloudy,Wet,Daylight
2021-09-14T18:51:00.000,I 85,I 85 and 10Th St,,Sideswipe-Same Direction,2,Cloudy,Dry,Daylight
2021-08-17T18:14:00.000,I 85,I 85 and 10Th St,,Sideswipe-Same Direction,3,Clear,Dry,Daylight
2021-08-20T15:00:00.000,I 85,I 85 and 10Th St,,Rear End,3,Clear,Dry,Daylight
2021-09-24T12:10:00.000,I 85,I 85 and 10Th St,,Rear End,2,Clear,Dry,Daylight
2021-07-20T16:25:00.000,I 85,I 85 and 10Th St,,Rear End,2,Cloudy,Wet,Daylight
2021-05-11T13:30:00.000,I 85,I 85 and 10Th St,,Rear End,2,Clear,Dry,Daylight
2021-05-12T11:00:00.000,I 85,I 85 and 10Th St,,Rear End,3,Rain,Wet,Daylight
2021-08-23T11:30:00.000,I 85,I 85 and 10Th St,,Rear End,2,Clear,Dry,Daylight
2021-05-07T14:58:00.000,I 85,I 85 and 10Th St,,Rear End,2,Clear,Dry,Daylight
2021-04-28T16:11:00.000,I 85,I 85 and 10Th St,,Sideswipe-Same Direction,2,Clear,Dry,Daylight
2021-06-15T10:40:00.000,I 85,I 85 and 10Th St,,Rear End,2,Clear,Dry,Daylight
2021-05-13T19:30:00.000,I 85,I 85 and 10Th St,,Sideswipe-Same Direction,4,Clear,Dry,Daylight
2021-04-27T16:32:00.000,I 85,I 85 and 10Th St,,Rear End,3,Clear,Dry,Daylight
2021-04-06T17:45:00.000,I 85,I 85 and 10Th St,,Rear End,2,Clear,Dry,Daylight
2021-09-07T17:40:00.000,I 85,I 85 and 10Th St,,Sideswipe-Same Direction,2,Clear,Dry,Daylight
2021-08-24T14:58:00.000,I 85,I 85 and 10Th St,,Sideswipe-Same Direction,2,Cloudy,Dry,Daylight
2021-08-24T15:50:00.000,I 85,I 85 and 10Th St,,Rear End,2,Cloudy,Dry,Daylight
2021-07-08T07:07:00.000,I 85,I 85 and 10Th St,,Rear End,2,Clear,Dry,Daylight
2021-07-20T16:35:00.000,I 85,I 85 and 10Th St,,Rear End,2,Rain,Wet,Daylight
2021-07-05T10:50:00.000,I 85,I 85 and 10Th St,,Angle Crash,2,Clear,Dry,Daylight
2021-04-02T06:30:00.000,I 85,I 85 and 10Th St,,Rear End,2,Clear,Dry,Daylight
2021-01-21T14:40:00.000,I 85,I 85 and 10Th St,,Not a Collision with Motor Vehicle,1,Rain,Wet,Daylight
2021-03-18T18:57:00.000,I 85,I 85 and 10Th St,,Sideswipe-Same Direction,2,Cloudy,Dry,Daylight
2020-07-24T17:39:00.000,I 85,I 85 and 10Th St,,Rear End,2,Clear,Dry,Daylight
2020-11-27T14:43:00.000,I 85,I 85 and 10Th St,,Rear End,2,Clear,Dry,Daylight
2020-03-10T10:45:00.000,I 85,I 85 and 10Th St,,Rear End,3,Rain,Wet,Daylight
2020-01-03T12:55:00.000,I 85,I 85 and 10Th St,,Rear End,3,Rain,Wet,Daylight
2020-03-02T15:25:00.000,I 85,I 85 and 10Th St,,Rear End,2,Rain,Wet,Daylight
2021-02-23T10:55:00.000,I 85,I 85 and 10Th St,,Sideswipe-Same Direction,2,Clear,Dry,Daylight
2020-01-28T15:28:00.000,I 85,I 85 and 10Th St,,Rear End,4,Clear,Dry,Daylight
2020-08-21T15:54:00.000,I 85,I 85 and 10Th St,,Rear End,2,Cloudy,Dry,Daylight
2020-08-25T07:45:00.000,I 85,I 85 and 10Th St,,Rear End,4,Rain,Wet,Daylight
2020-09-01T17:45:00.000,I 85,I 85 and 10Th St,,Rear End,2,Cloudy,Dry,Daylight
2020-02-04T15:10:00.000,I 85,I 85 and 10Th St,,Rear End,2,Cloudy,Dry,Daylight
2020-02-20T07:21:00.000,I 85,I 85 and 10Th St,,Rear End,3,Rain,Wet,Daylight
2020-03-27T13:25:00.000,I 85,I 85 and 10Th St,,Sideswipe-Same Direction,2,Clear,Dry,Daylight
2020-11-25T19:53:00.000,I 85,I 85 and 10Th St,,Rear End,2,Rain,Wet,Dark-Not Lighted
2020-08-21T15:43:00.000,I 85,I 85 and 10Th St,,Sideswipe-Same Direction,2,Cloudy,Dry,Daylight
2020-07-08T19:32:00.000,I 85,I 85 and 10Th St,,Rear End,4,Cloudy,Dry,Daylight
2020-02-12T18:30:00.000,I 85,I 85 and 10Th St,,Rear End,3,Clear,Dry,Dark-Lighted
2020-01-30T08:45:00.000,I 85,I 85 and 10Th St,,Rear End,2,Cloudy,Dry,Daylight
2020-09-04T19:05:00.000,I 85,I 85 and 10Th St,,Rear End,2,Clear,Dry,Daylight
2020-08-03T18:00:00.000,I 85,I 85 and 10Th St,,Rear End,2,Clear,Dry,Daylight
2020-11-25T19:53:00.000,I 85,I 85 and 10Th St,,Rear End,2,Rain,Wet,Dark-Not Lighted
2020-12-09T15:45:00.000,I 85,I 85 and 10Th St,,Sideswipe-Same Direction,2,Clear,Dry,Daylight
2020-03-13T16:30:00.000,I 85,I 85 and 10Th St,,Sideswipe-Same Direction,2,Cloudy,Dry,Daylight
2020-10-20T14:46:00.000,I 85,I 85 and 10Th St,,Angle Crash,2,Clear,Dry,Daylight
2020-08-13T14:05:00.000,I 85,I 85 and 10Th St,,Rear End,3,Clear,Dry,Daylight
2020-01-10T14:29:00.000,I 85,I 85 and 10Th St,,Rear End,2,Cloudy,Dry,Daylight
2020-11-08T11:19:00.000,I 85,I 85 and 10Th St,,Sideswipe-Same Direction,2,Clear,Dry,Daylight
2020-10-14T15:30:00.000,I 85,I 85 and 10Th St,,Rear End,2,Clear,Dry,Daylight
2020-06-24T15:07:00.000,I 85,I 85 and 10Th St,,Rear End,3,Cloudy,Wet,Daylight
2020-06-24T16:25:00.000,I 85,I 85 and 10Th St,,Rear End,3,Cloudy,Dry,Daylight
2020-11-05T09:00:00.000,I 85,I 85 and 10Th St,,Rear End,2,Clear,Dry,Daylight
2020-08-11T09:40:00.000,I 85,I 85 and 10Th St,,Rear End,2,Rain,Wet,Daylight
2020-10-10T19:43:00.000,I 85,I 85 and 10Th St,,Rear End,2,Rain,Wet,Daylight
2020-05-29T12:45:00.000,I 85,I 85 and 10Th St,,Rear End,2,Rain,Wet,Daylight
2020-01-30T09:18:00.000,I 85,I 85 and 10Th St,,Rear End,2,Clear,Dry,Daylight
2020-01-30T19:31:00.000,I 85,I 85 and 10Th St,,Rear End,2,Clear,Dry,Dark-Lighted
2020-07-28T15:40:00.000,I 85,I 85 and 10Th St,,Rear End,2,Clear,Dry,Daylight
2020-09-11T22:15:00.000,I 85,I 85 and 10Th St,,Rear End,2,Clear,Dry,Dark-Lighted
2020-11-27T17:51:00.000,I 85,I 85 and 10Th St,,Rear End,2,Cloudy,Dry,Daylight
2020-03-09T15:08:00.000,I 85,I 85 and 10Th St,,Sideswipe-Same Direction,2,Clear,Dry,Daylight
2020-08-21T06:45:00.000,I 85,I 85 and 10Th St,,Rear End,2,Cloudy,Dry,Dusk
2020-08-10T18:25:00.000,I 85,I 85 and 10Th St,,Rear End,3,Cloudy,Dry,Daylight
2020-06-09T18:55:00.000,I 85,I 85 and 10Th St,,Sideswipe-Same Direction,2,Cloudy,Dry,Daylight
2020-05-19T07:06:00.000,I 85,I 85 and 10Th St,,Angle Crash,2,Cloudy,Wet,Daylight
2020-01-21T15:30:00.000,I 85,I 85 and 10Th St,,Rear End,2,Clear,Dry,Daylight
2020-02-25T18:45:00.000,I 85,I 85 and 10Th St,,Rear End,4,Clear,Dry,Daylight
2020-02-13T10:15:00.000,I 85,I 85 and 10Th St,,Rear End,3,Clear,Dry,Dark-Lighted
2020-02-12T14:35:00.000,I 85,I 85 and 10Th St,,Rear End,2,Clear,Dry,Daylight
2020-09-24T14:02:00.000,I 85,I 85 and 10Th St,,Sideswipe-Same Direction,2,Rain,Wet,Daylight
2020-01-21T18:24:00.000,I 85,I 85 and 10Th St,,Rear End,4,Clear,Dry,Dark-Lighted
2020-12-28T06:30:00.000,I 85,I 85 and 10Th St,,Sideswipe-Same Direction,3,Clear,Dry,Dark-Lighted
2020-08-25T08:00:00.000,I 85,I 85 and 10Th St,,Rear End,2,Rain,Wet,Daylight
2020-06-05T15:20:00.000,I 85,I 85 and 10Th St,,Rear End,2,Rain,Wet,Daylight
2020-02-26T09:37:00.000,I 85,I 85 and 10Th St,,Rear End,2,Clear,Dry,Daylight
2020-08-03T14:30:00.000,I 85,I 85 and 10Th St,,Rear End,3,Rain,Wet,Daylight
2020-09-18T16:35:00.000,I 85,I 85 and 10Th St,,Rear End,2,Clear,Dry,Daylight
2020-11-25T16:55:00.000,I 85,I 85 and 10Th St,,Sideswipe-Same Direction,2,Rain,Wet,Daylight
2020-07-15T14:22:00.000,I 85,I 85 and 10Th St,,Rear End,3,Rain,Wet,Daylight
2020-12-14T17:39:00.000,I 85,I 85 and 10Th St,,Rear End,2,Clear,Dry,Dark-Lighted
2020-11-25T12:39:00.000,I 85,I 85 and 10Th St,,Rear End,2,Cloudy,Dry,Daylight
2020-02-24T08:15:00.000,I 85,I 85 and 10Th St,,Rear End,2,Rain,Wet,Daylight
2020-06-08T16:40:00.000,I 85,I 85 and 10Th St,,Sideswipe-Same Direction,2,Cloudy,Dry,Daylight
2020-02-27T14:45:00.000,I 85,I 85 and 10Th St,,Rear End,3,Clear,Dry,Daylight
2020-07-06T12:10:00.000,I 85,I 85 and 10Th St,,Sideswipe-Same Direction,2,Clear,Wet,Daylight
2020-09-11T22:16:00.000,I 85,I 85 and 10Th St,,Rear End,3,Clear,Dry,Dark-Lighted
2020-01-07T06:45:00.000,I 85,I 85 and 10Th St,,Rear End,2,Cloudy,Wet,Dark-Lighted
2020-08-25T08:05:00.000,I 85,I 85 and 10Th St,,Angle Crash,5,Rain,Wet,Daylight
2020-02-05T14:29:00.000,I 85,I 85 and 10Th St,,Rear End,2,Cloudy,Dry,Daylight
2020-03-02T17:20:00.000,I 85,I 85 and 10Th St,,Rear End,2,Rain,Wet,Daylight
2020-10-20T14:00:00.000,I 85,I 85 and 10Th St,,Rear End,3,Clear,Dry,Daylight
2020-10-13T15:55:00.000,I 85,I 85 and 10Th St,,Rear End,2,Clear,Dry,Daylight
2020-02-10T09:00:00.000,I 85,I 85 and 10Th St,,Rear End,2,Cloudy,Dry,Daylight
2020-08-11T16:50:00.000,I 85,I 85 and 10Th St,,Sideswipe-Same Direction,2,Clear,Dry,Daylight
2020-08-24T20:23:00.000,I 85,I 85 and 10Th St,,Rear End,2,Rain,Wet,Dark-Lighted
2020-10-20T18:18:00.000,I 85,I 85 and 10Th St,,Rear End,2,Clear,Dry,Daylight
2020-06-23T16:06:00.000,I 85,I 85 and 10Th St,,Rear End,2,Clear,Dry,Daylight
2020-10-22T15:53:00.000,I 85,I 85 and 10Th St,,Rear End,2,Clear,Dry,Daylight
2020-01-14T17:33:00.000,I 85,I 85 and 10Th St,,Rear End,2,Rain,Wet,Dark-Lighted
2020-02-25T07:04:00.000,I 85,I 85 and 10Th St,,Rear End,2,Rain,Wet,Daylight
2020-12-04T16:37:00.000,I 85,I 85 and 10Th St,,Rear End,2,Rain,Wet,Daylight
2020-01-07T06:45:00.000,I 85,I 85 and 10Th St,,Rear End,3,Cloudy,Wet,Dark-Lighted
2020-11-18T13:20:00.000,I 85,I 85 and 10Th St,,Rear End,2,Clear,Dry,Daylight
2020-07-20T09:12:00.000,I 85,I 85 and 10Th St,,Sideswipe-Same Direction,3,Clear,Dry,Daylight
2020-01-22T19:36:00.000,I 85,I 85 and 10Th St,,Rear End,2,Clear,Dry,Dark-Lighted
2020-06-29T14:20:00.000,I 85,I 85 and 10Th St,,Rear End,3,Clear,Dry,Daylight
2020-02-06T19:04:00.000,I 85,I 85 and 10Th St,,Rear End,2,Rain,Wet,Dark-Lighted
2020-07-06T19:48:00.000,I 85,I 85 and 10Th St,,Angle Crash,3,Rain,Wet,Daylight
2020-08-06T14:12:00.000,I 85,I 85 and 10Th St,,Sideswipe-Same Direction,2,Clear,Wet,Daylight
2020-07-27T12:32:00.000,I 85,I 85 and 10Th St,,Rear End,2,Clear,Dry,Daylight
2020-01-21T11:27:00.000,I 85,I 85 and 10Th St,,Sideswipe-Same Direction,2,Clear,Dry,Daylight
2020-10-20T13:50:00.000,I 85,I 85 and 10Th St,,Sideswipe-Same Direction,4,Clear,Dry,Daylight
2020-06-22T14:49:00.000,I 85,I 85 and 10Th St,,Sideswipe-Same Direction,2,Clear,Dry,Daylight
2020-10-14T16:37:00.000,I 85,I 85 and 10Th St,,Rear End,2,Clear,Dry,Daylight
2020-01-14T11:39:00.000,I 85,I 85 and 10Th St,,Rear End,2,Cloudy,Wet,Daylight
2020-11-25T19:53:00.000,I 85,I 85 and 10Th St,,Rear End,2,Rain,Wet,Dark-Not Lighted
2020-10-13T09:50:00.000,I 85,I 85 and 10Th St,,Sideswipe-Same Direction,2,Clear,Dry,Daylight
2020-01-28T15:45:00.000,I 85,I 85 and 10Th St,,Sideswipe-Same Direction,2,Clear,Dry,Daylight
2020-12-14T10:35:00.000,I 85,I 85 and 10Th St,,Sideswipe-Same Direction,2,Clear,Wet,Daylight
2020-01-08T09:40:00.000,I 85,I 85 and 10Th St,,Rear End,2,Clear,Dry,Daylight
2020-06-18T11:20:00.000,I 85,I 85 and 10Th St,,Sideswipe-Same Direction,3,Clear,Dry,Daylight
2020-07-15T14:16:00.000,I 85,I 85 and 10Th St,,Rear End,2,Rain,Wet,Daylight
2020-12-15T19:00:00.000,I 85,I 85 and 10Th St,,Rear End,2,Clear,Dry,Dark-Lighted
2020-08-21T15:54:00.000,I 85,I 85 and 10Th St,,Rear End,3,Cloudy,Dry,Daylight
2021-01-08T12:55:00.000,I 85,I 85 and 10Th St,,Rear End,2,Rain,Wet,Daylight
2021-03-04T16:20:00.000,I 85,I 85 and 10Th St,,Rear End,2,Clear,Dry,Daylight
2021-06-01T17:45:00.000,I 85,I 85 and 10Th St,,Rear End,2,Clear,Dry,Daylight
2021-05-11T13:50:00.000,I 85,I 85 and 10Th St,,Rear End,2,Clear,Dry,Daylight
2021-04-20T17:45:00.000,I 85,I 85 and 10Th St,,Rear End,2,Clear,Dry,Daylight
2021-06-07T06:56:00.000,I 85,I 85 and 10Th St,,Sideswipe-Same Direction,2,Cloudy,Dry,Daylight
2021-03-10T11:00:00.000,I 85,I 85 and 10Th St,,Rear End,3,Clear,Dry,Daylight
2021-05-12T17:41:00.000,I 85,I 85 and 10Th St,,Rear End,2,Cloudy,Wet,Daylight
2021-05-25T16:05:00.000,I 85,I 85 and 10Th St,,Rear End,2,Clear,Dry,Daylight
2021-05-26T19:40:00.000,I 85,I 85 and 10Th St,,Rear End,2,Clear,Dry,Daylight
2021-03-30T17:25:00.000,I 85,I 85 and 10Th St,,Sideswipe-Same Direction,2,Clear,Dry,Daylight
2021-03-25T07:25:00.000,I 85,I 85 and 10Th St,,Rear End,2,Rain,Wet,Daylight
2021-02-09T17:45:00.000,I 85,I 85 and 10Th St,,Rear End,3,Clear,Dry,Daylight
2021-05-10T11:00:00.000,I 85,I 85 and 10Th St,,Not a Collision with Motor Vehicle,1,Cloudy,Dry,Daylight
2021-02-09T15:45:00.000,I 85,I 85 and 10Th St,,Not a Collision with Motor Vehicle,2,Cloudy,Dry,Daylight
2021-09-16T06:30:00.000,I 85,I 85 and 10Th St,,Rear End,2,Rain,Wet,Daylight
2021-09-28T11:45:00.000,I 85,I 85 and 10Th St,,Sideswipe-Same Direction,2,Clear,Dry,Daylight
2021-08-16T17:43:00.000,I 85,I 85 and 10Th St,,Rear End,2,Rain,Wet,Daylight
2021-08-20T18:55:00.000,I 85,I 85 and 10Th St,,Rear End,2,Clear,Dry,Daylight
2021-08-27T13:55:00.000,I 85,I 85 and 10Th St,,Sideswipe-Same Direction,2,Clear,Dry,Daylight
2021-08-17T12:06:00.000,I 85,I 85 and 10Th St,,Sideswipe-Same Direction,2,Cloudy,Wet,Daylight
2021-08-24T11:21:00.000,I 85,I 85 and 10Th St,,Rear End,2,Clear,Dry,Daylight
2021-07-22T15:20:00.000,I 85,I 85 and 10Th St,,Rear End,2,Clear,Dry,Daylight
2021-08-25T09:20:00.000,I 85,I 85 and 10Th St,,Sideswipe-Same Direction,3,Clear,Dry,Daylight
2021-09-16T09:36:00.000,I 85,I 85 and 10Th St,,Rear End,2,Rain,Wet,Daylight
2021-07-12T14:15:00.000,I 85,I 85 and 10Th St,,Rear End,3,Rain,Wet,Daylight
2021-07-20T16:50:00.000,I 85,I 85 and 10Th St,,Rear End,2,Cloudy,Wet,Daylight