Date and Time,Roadway (From Crash Report),Intersection Name (from Crash Report),KABCO Severity,Manner of Collision (Crash Level) ,# of Vehicles per crash ,Weather Conditions (Crash Level),Surface Condition (Crash Level) ,Light Conditions (Crash Level)
2021-09-09T16:30:00.000,I 85,I 85 and 10Th St,,Rear End,2,Clear,Dry,Daylight
2021-08-17T11:36:00.000,I 85,I 85 and 10Th St,,Rear End,3,Cloudy,Wet,Daylight
2024-04-11T07:26:00.000,I 85,I 85 and 10Th St,,Rear End,2,Cloudy,Wet,Daylight
2020-08-14T19:20:00.000,I 85,I 85 and 10H St,,Sideswipe-Same Direction,2,Rain,Wet,Dawn
2021-01-03T12:00:00.000,I 85,I 85 and 10 Th St,,Sideswipe-Same Direction,2,Clear,Dry,Daylight
2023-11-21T15:45:00.000,I 85,I 85 and 1-185,,Not a Collision with Motor Vehicle,1,Rain,Wet,Daylight
2023-09-16T11:20:00.000,I 85,I 85 and 1-185,,Not a Collision with Motor Vehicle,1,Rain,Wet,Daylight
2021-08-24T10:21:00.000,I 85,I 85 and 02 Mi S Of Decatur St Ov,,Sideswipe-Same Direction,2,Clear,Dry,Daylight
2023-01-09T16:18:00.000,I 85,I 85 and (To I 85 N Rp) Rp,,Sideswipe-Same Direction,2,Clear,Dry,Daylight
2020-09-29T10:18:00.000,I 85,I 85 and  Pine,,Rear End,2,Rain,Wet,Daylight
2024-05-11T00:00:00.000,I 85,I 85 and  Loop,,Angle Crash,2,Clear,Dry,Dark-Not Lighted
2023-10-02T06:12:00.000,I 85,I 85 and  Blvd,,Rear End,2,Clear,Dry,Dawn
2023-07-14T15:30:00.000,I 285,I 78 and I 285,,Rear End,2,Clear,Dry,Daylight
2021-06-23T18:03:00.000,I 75,I 75 and ]Canton Road Conn,,Rear End,2,Cloudy,Dry,Daylight
2021-11-25T16:16:00.000,I 75,I 75 and Zebulon Rd,,Sideswipe-Same Direction,2,Clear,Dry,Daylight
2022-03-30T06:43:00.000,I 75,I 75 and Zebulon Rd,,Not a Collision with Motor Vehicle,1,Clear,Dry,Dark-Lighted
2023-07-21T23:50:00.000,I 75,I 75 and X 252,,Sideswipe-Same Direction,1,Cloudy,Wet,Dark-Lighted
2024-07-17T17:07:00.000,I 75,I 75 and Wray Pl,,Not a Collision with Motor Vehicle,1,Severe Thunderstorm or Tornadic,Water (standing or moving),Daylight
2024-09-10T08:40:00.000,I 75,I 75 and Wray Pl,,Sideswipe-Same Direction,2,Clear,Dry,Daylight
2020-02-25T19:37:00.000,I 75,I 75 and Wpaces Ferry Rd,,Not a Collision with Motor Vehicle,1,Clear,Dry,Dark-Not Lighted
2020-06-24T07:49:00.000,I 75,I 75 and Wpaces Ferry Rd,,Not a Collision with Motor Vehicle,1,Clear,Dry,Daylight
2023-08-29T13:44:00.000,I 75,I 75 and Woodstock Rd.,,Not a Collision with Motor Vehicle,1,Cloudy,Dry,Daylight
2022-11-17T11:50:00.000,I 75,I 75 and Woodstock Rd Opas,,Angle Crash,2,Clear,Dry,Daylight
2023-08-03T11:03:00.000,I 75,I 75 and Woodstock Rd Opas,,Not a Collision with Motor Vehicle,1,Cloudy,Wet,Daylight
2021-12-14T04:50:00.000,I 75,I 75 and Woodstock Rd,,Sideswipe-Same Direction,2,Clear,Dry,Dark-Not Lighted
2020-08-18T00:24:00.000,I 75,I 75 and Woodstock Rd,,Sideswipe-Same Direction,2,Clear,Dry,Dark-Lighted
2023-10-07T03:00:00.000,I 75,I 75 and Woodstock Rd,,Sideswipe-Same Direction,2,Cloudy,Dry,Dark-Not Lighted
2023-05-24T03:15:00.000,I 75,I 75 and Woodstock Rd,,Not a Collision with Motor Vehicle,1,Cloudy,Dry,Dark-Not Lighted
2023-07-01T08:05:00.000,I 75,I 75 and Woodstock Rd,,Rear End,2,Clear,Dry,Daylight
2023-07-31T17:00:00.000,I 75,I 75 and Woodstock Rd,,Not a Collision with Motor Vehicle,2,Clear,Dry,Daylight
2023-12-25T23:00:00.000,I 75,I 75 and Woodstock Rd,,Not a Collision with Motor Vehicle,1,Rain,Wet,Dark-Not Lighted
2023-08-08T21:56:00.000,I 75,I 75 and Woodstock Rd,,Rear End,2,Clear,Dry,Dark-Not Lighted
2023-06-09T19:03:00.000,I 75,I 75 and Woodstock Rd,,Rear End,2,Clear,Dry,Daylight
2022-01-01T00:55:00.000,I 75,I 75 and Woodstock Rd,,Not a Collision with Motor Vehicle,1,Clear,Dry,Dark-Not Lighted
2021-11-11T07:15:00.000,I 75,I 75 and Woodstock Rd,,Rear End,2,Clear,Dry,Daylight
2022-05-01T17:42:00.000,I 75,I 75 and Woodstock Rd,,Rear End,3,Clear,Dry,Daylight
2022-08-14T18:02:00.000,I 75,I 75 and Woodstock Rd,,Rear End,2,Clear,Dry,Daylight
2022-09-11T23:42:00.000,I 75,I 75 and Woodstock Rd,,Not a Collision with Motor Vehicle,1,Rain,Wet,Dark-Not Lighted
2022-03-19T19:21:00.000,I 75,I 75 and Woodstock Rd,,Rear End,2,Cloudy,Dry,Daylight
2022-06-15T18:11:00.000,I 75,I 75 and Woodstock Rd,,Sideswipe-Same Direction,2,Clear,Dry,Daylight
2022-12-15T01:15:00.000,I 75,I 75 and Woodstock Rd,,Not a Collision with Motor Vehicle,1,Rain,Wet,Dark-Not Lighted
2022-12-24T16:10:00.000,I 75,I 75 and Woodstock Rd,,Not a Collision with Motor Vehicle,1,Clear,Dry,Daylight
2022-09-05T17:00:00.000,I 75,I 75 and Woodstock Rd,,Rear End,2,Cloudy,Wet,Daylight
2022-05-10T08:59:00.000,I 75,I 75 and Woodstock Rd,,Rear End,3,Clear,Dry,Daylight
2022-07-20T17:44:00.000,I 75,I 75 and Woodstock Rd,,Rear End,2,Cloudy,Dry,Daylight
2022-03-23T02:53:00.000,I 75,I 75 and Woodstock Rd,,Not a Collision with Motor Vehicle,1,Rain,Wet,Dark-Not Lighted
2022-03-19T19:21:00.000,I 75,I 75 and Woodstock Rd,,Rear End,2,Cloudy,Dry,Daylight
2022-01-01T00:55:00.000,I 75,I 75 and Woodstock Rd,,Not a Collision with Motor Vehicle,1,Clear,Dry,Dark-Not Lighted
2024-12-08T20:58:00.000,I 75,I 75 and Woodstock Rd,,Not a Collision with Motor Vehicle,1,Rain,Wet,Dark-Not Lighted
2024-07-30T16:43:00.000,I 75,I 75 and Woodstock Rd,,Rear End,2,Clear,Dry,Daylight
2024-03-18T11:24:00.000,I 75,I 75 and Woodstock Rd,,Not a Collision with Motor Vehicle,1,Cloudy,Dry,Daylight
2024-11-10T18:40:00.000,I 75,I 75 and Woodstock Rd,,Rear End,2,Rain,Wet,Dark-Not Lighted
2024-11-19T17:26:00.000,I 75,I 75 and Woodstock Rd,,Rear End,2,Cloudy,Wet,Daylight
2024-09-20T02:00:00.000,I 75,I 75 and Woodstock Rd,,Rear End,2,Clear,Dry,Dark-Not Lighted
2024-01-18T12:31:00.000,I 75,I 75 and Woodstock Rd,,Rear End,2,Clear,Dry,Daylight
2024-06-10T21:05:00.000,I 75,I 75 and Woodstock Rd,,Sideswipe-Same Direction,2,Clear,Dry,Dark-Lighted
2024-05-13T17:11:00.000,I 75,I 75 and Woodstock Rd,,Sideswipe-Same Direction,2,Clear,Dry,Daylight
2023-03-25T17:40:00.000,I 75,I 75 and Woodstock Rd,,Not a Collision with Motor Vehicle,1,Clear,Dry,Daylight
2023-09-11T10:01:00.000,I 75,I 75 and Woodstock Rd,,Sideswipe-Same Direction,2,Clear,Dry,Daylight
2023-06-24T19:31:00.000,I 75,I 75 and Woodstock Rd,,Sideswipe-Same Direction,2,Clear,Dry,Daylight
2023-12-10T06:17:00.000,I 75,I 75 and Woodstock Rd,,Not a Collision with Motor Vehicle,1,Rain,Wet,Dark-Not Lighted
2023-11-20T13:00:00.000,I 75,I 75 and Woodstock Rd,,Rear End,2,Clear,Dry,Daylight
2023-05-11T16:40:00.000,I 75,I 75 and Woodstock Rd,,Rear End,2,Clear,Dry,Daylight
2023-11-02T18:03:00.000,I 75,I 75 and Woodstock Rd,,Rear End,2,Cloudy,Dry,Daylight
2024-02-23T18:37:00.000,I 75,I 75 and Woodstock Rd,,Rear End,2,Cloudy,Dry,Daylight
2024-06-06T18:22:00.000,I 75,I 75 and Woodstock Rd,,Rear End,2,Clear,Dry,Daylight
2024-04-07T16:54:00.000,I 75,I 75 and Woodstock Rd,,Rear End,2,Clear,Dry,Daylight
2024-04-05T16:03:00.000,I 75,I 75 and Woodstock Rd,,Rear End,2,Clear,Dry,Daylight
2024-01-30T13:26:00.000,I 75,I 75 and Woodstock Rd,,Rear End,2,Clear,Dry,Daylight
2024-07-23T07:44:00.000,I 75,I 75 and Woodstock Rd,,Sideswipe-Same Direction,2,Clear,Dry,Daylight
2024-05-13T08:59:00.000,I 75,I 75 and Woodstock Rd,,Rear End,2,Cloudy,Wet,Daylight
2024-01-15T13:19:00.000,I 75,I 75 and Woodstock Rd,,Sideswipe-Same Direction,2,Cloudy,Dry,Daylight
2024-12-14T10:58:00.000,I 75,I 75 and Woodstock Rd,,Rear End,3,Cloudy,Dry,Daylight
2024-07-10T13:10:00.000,I 75,I 75 and Woodstock Rd,,Sideswipe-Same Direction,2,Clear,Dry,Daylight
2024-06-17T19:24:00.000,I 75,I 75 and Woodstock,,Sideswipe-Same Direction,2,Clear,Dry,Daylight
2024-09-19T16:36:00.000,I 75,I 75 and Woodstck Rd,,Sideswipe-Same Direction,3,Clear,Dry,Daylight
2023-04-22T02:45:00.000,I 75,I 75 and Woodcreek Way,,Not a Collision with Motor Vehicle,1,Rain,Wet,Dark-Not Lighted
2023-02-26T00:40:00.000,I 75,I 75 and Woodcreek Way,,Not a Collision with Motor Vehicle,1,Clear,Dry,Dark-Not Lighted
2022-12-26T08:35:00.000,I 75,I 75 and Woodcreek Way,,Angle Crash,2,Clear,Dry,Dawn
2023-02-17T04:07:00.000,I 75,I 75 and Woodcreek Way,,Not a Collision with Motor Vehicle,1,Rain,Wet,Dark-Not Lighted
2021-03-03T16:04:00.000,I 75,I 75 and Windyhill Rd,,Rear End,2,Clear,Dry,Daylight
2021-03-03T17:56:00.000,I 75,I 75 and Windyhill Rd,,Rear End,2,Clear,Dry,Daylight
2023-03-22T17:58:00.000,I 75,I 75 and Windyg Hill Rd,,Angle Crash,2,Clear,Dry,Daylight
2020-09-17T07:25:00.000,I 75,I 75 and Windy Ridge Rd,,Angle Crash,2,Rain,Wet,Daylight
2022-03-04T17:18:00.000,I 75,I 75 and Windy Ridge Rd,,Sideswipe-Same Direction,2,Clear,Dry,Daylight
2022-10-24T13:27:00.000,I 75,I 75 and Windy Ridge Rd,,Sideswipe-Same Direction,2,Clear,Dry,Daylight
2023-04-21T11:17:00.000,I 75,I 75 and Windy Ridge Rd,,Sideswipe-Same Direction,2,Clear,Dry,Daylight
2023-04-04T15:40:00.000,I 75,I 75 and Windy Ridge Rd,,Not a Collision with Motor Vehicle,1,Cloudy,Dry,Daylight
2024-12-10T16:08:00.000,I 75,I 75 and Windy Ridge Pkwy Over Pass,,Not a Collision with Motor Vehicle,1,Clear,Wet,Daylight
2021-02-19T16:39:00.000,I 75,I 75 and Windy Ridge Pkwy Opas,,Sideswipe-Same Direction,2,Clear,Dry,Daylight
2020-11-28T15:56:00.000,I 75,I 75 and Windy Ridge Pkwy Opas,,Sideswipe-Same Direction,2,Clear,Dry,Daylight
2021-06-27T20:15:00.000,I 75,I 75 and Windy Ridge Pkwy Opas,,Not a Collision with Motor Vehicle,1,Cloudy,Dry,Daylight
2024-12-10T09:25:00.000,I 75,I 75 and Windy Ridge Pkwy Opas,,Sideswipe-Same Direction,2,Cloudy,Wet,Daylight
2024-10-03T07:15:00.000,I 75,I 75 and Windy Ridge Pkwy Opas,,Rear End,2,Clear,Dry,Daylight
2021-05-02T19:54:00.000,I 75,I 75 and Windy Ridge Pkwy,,Rear End,2,Clear,Dry,Daylight
2021-11-03T09:30:00.000,I 75,I 75 and Windy Ridge Pkwy,,Rear End,3,Clear,Dry,Daylight
2021-10-26T10:20:00.000,I 75,I 75 and Windy Ridge Pkwy,,Rear End,2,Cloudy,Dry,Daylight
2021-12-14T10:17:00.000,I 75,I 75 and Windy Ridge Pkwy,,Sideswipe-Same Direction,2,Clear,Dry,Daylight
2021-10-22T12:15:00.000,I 75,I 75 and Windy Ridge Pkwy,,Sideswipe-Same Direction,2,Clear,Dry,Daylight
2021-02-28T15:55:00.000,I 75,I 75 and Windy Ridge Pkwy,,Not a Collision with Motor Vehicle,1,Clear,Dry,Daylight
2020-07-07T18:54:00.000,I 75,I 75 and Windy Ridge Pkwy,,Sideswipe-Same Direction,2,Cloudy,Dry,Daylight
2023-03-20T22:20:00.000,I 75,I 75 and Windy Ridge Pkwy,,Sideswipe-Same Direction,3,Clear,Dry,Dark-Not Lighted
2023-03-13T11:19:00.000,I 75,I 75 and Windy Ridge Pkwy,,Sideswipe-Same Direction,2,Clear,Dry,Daylight
2023-05-13T21:21:00.000,I 75,I 75 and Windy Ridge Pkwy,,Sideswipe-Same Direction,2,Cloudy,Dry,Dark-Not Lighted
2023-12-15T23:04:00.000,I 75,I 75 and Windy Ridge Pkwy,,Sideswipe-Same Direction,2,Clear,Dry,Dark-Lighted
2023-02-11T17:45:00.000,I 75,I 75 and Windy Ridge Pkwy,,Sideswipe-Same Direction,2,Rain,Wet,Daylight
2023-04-20T08:38:00.000,I 75,I 75 and Windy Ridge Pkwy,,Sideswipe-Same Direction,2,Clear,Dry,Daylight
2023-04-18T09:21:00.000,I 75,I 75 and Windy Ridge Pkwy,,Sideswipe-Same Direction,2,Clear,Dry,Daylight
2023-05-17T12:45:00.000,I 75,I 75 and Windy Ridge Pkwy,,Sideswipe-Same Direction,2,Clear,Dry,Daylight
2023-05-17T16:47:00.000,I 75,I 75 and Windy Ridge Pkwy,,Sideswipe-Same Direction,2,Cloudy,Wet,Daylight
2023-08-29T20:32:00.000,I 75,I 75 and Windy Ridge Pkwy,,Sideswipe-Same Direction,2,Rain,Wet,Dark-Not Lighted
2022-07-17T18:03:00.000,I 75,I 75 and Windy Ridge Pkwy,,Sideswipe-Same Direction,2,Clear,Dry,Daylight
2022-10-02T03:23:00.000,I 75,I 75 and Windy Ridge Pkwy,,Not a Collision with Motor Vehicle,1,Clear,Dry,Dark-Lighted
2020-09-16T18:18:00.000,I 75,I 75 and Windy Ridge Pkwy,,Sideswipe-Same Direction,2,Rain,Dry,Daylight
2020-01-05T13:24:00.000,I 75,I 75 and Windy Ridge Pkwy,,Rear End,2,Clear,Dry,Daylight
2020-04-16T16:07:00.000,I 75,I 75 and Windy Ridge Pkwy,,Not a Collision with Motor Vehicle,2,Clear,Dry,Daylight
2020-04-15T18:30:00.000,I 75,I 75 and Windy Ridge Pkwy,,Not a Collision with Motor Vehicle,1,Clear,Dry,Daylight
2020-03-25T17:12:00.000,I 75,I 75 and Windy Ridge Pkwy,,Sideswipe-Same Direction,2,Clear,Dry,Daylight
2020-09-16T17:43:00.000,I 75,I 75 and Windy Ridge Pkwy,,Angle Crash,2,Rain,Wet,Daylight
2020-01-09T04:18:00.000,I 75,I 75 and Windy Ridge Pkwy,,Not a Collision with Motor Vehicle,1,Clear,Dry,Dark-Lighted
2021-04-07T13:28:00.000,I 75,I 75 and Windy Ridge Pkwy,,Sideswipe-Same Direction,2,Clear,Dry,Daylight
2021-04-22T04:55:00.000,I 75,I 75 and Windy Ridge Pkwy,,Sideswipe-Same Direction,2,Clear,Dry,Dark-Lighted
2021-12-18T04:15:00.000,I 75,I 75 and Windy Ridge Pkwy,,Rear End,2,Cloudy,Wet,Dark-Not Lighted
2021-08-17T15:25:00.000,I 75,I 75 and Windy Ridge Pkwy,,Rear End,2,Cloudy,Wet,Daylight
2022-06-22T16:11:00.000,I 75,I 75 and Windy Ridge Pkwy,,Sideswipe-Same Direction,2,Clear,Dry,Daylight
2022-08-30T08:42:00.000,I 75,I 75 and Windy Ridge Pkwy,,Rear End,2,Cloudy,Dry,Daylight
2021-09-26T04:29:00.000,I 75,I 75 and Windy Ridge Pkwy,,Not a Collision with Motor Vehicle,1,Clear,Dry,Dark-Lighted
2022-07-19T06:45:00.000,I 75,I 75 and Windy Ridge Pkwy,,Sideswipe-Same Direction,2,Rain,Wet,Daylight
2022-09-04T18:45:00.000,I 75,I 75 and Windy Ridge Pkwy,,Rear End,2,Rain,Wet,Daylight
2022-02-05T14:38:00.000,I 75,I 75 and Windy Ridge Pkwy,,Rear End,2,Clear,Dry,Daylight
2022-06-22T16:11:00.000,I 75,I 75 and Windy Ridge Pkwy,,Sideswipe-Same Direction,2,Clear,Dry,Daylight
2022-04-02T06:35:00.000,I 75,I 75 and Windy Ridge Pkwy,,Not a Collision with Motor Vehicle,1,Cloudy,Dry,Dawn
2022-02-12T12:12:00.000,I 75,I 75 and Windy Ridge Pkwy,,Angle Crash,2,Clear,Dry,Daylight
2022-08-19T11:18:00.000,I 75,I 75 and Windy Ridge Pkwy,,Rear End,2,Clear,Wet,Daylight
2022-10-28T06:52:00.000,I 75,I 75 and Windy Ridge Pkwy,,Sideswipe-Same Direction,2,Clear,Dry,Dark-Not Lighted
2022-09-30T06:39:00.000,I 75,I 75 and Windy Ridge Pkwy,,Rear End,2,Clear,Dry,Dark-Not Lighted
2021-11-29T14:17:00.000,I 75,I 75 and Windy Ridge Pkwy,,Sideswipe-Same Direction,2,Clear,Dry,Daylight
2022-02-26T14:53:00.000,I 75,I 75 and Windy Ridge Pkwy,,Sideswipe-Same Direction,2,Cloudy,Dry,Daylight
2022-06-22T17:35:00.000,I 75,I 75 and Windy Ridge Pkwy,,Rear End,2,Clear,Dry,Daylight
2022-02-12T12:12:00.000,I 75,I 75 and Windy Ridge Pkwy,,Angle Crash,1,Clear,Dry,Daylight
2022-11-13T01:00:00.000,I 75,I 75 and Windy Ridge Pkwy,,Sideswipe-Same Direction,2,Clear,Dry,Dark-Lighted
2022-11-21T10:15:00.000,I 75,I 75 and Windy Ridge Pkwy,,Sideswipe-Same Direction,2,Clear,Dry,Daylight
2022-09-01T15:19:00.000,I 75,I 75 and Windy Ridge Pkwy,,Sideswipe-Same Direction,2,Cloudy,Dry,Daylight
2022-05-21T20:38:00.000,I 75,I 75 and Windy Ridge Pkwy,,Rear End,2,Clear,Dry,Daylight
2022-11-30T18:59:00.000,I 75,I 75 and Windy Ridge Pkwy,,Sideswipe-Same Direction,2,Clear,Dry,Dark-Not Lighted
2023-01-26T10:55:00.000,I 75,I 75 and Windy Ridge Pkwy,,Sideswipe-Same Direction,2,Clear,Dry,Daylight
2024-12-21T20:33:00.000,I 75,I 75 and Windy Ridge Pkwy,,Sideswipe-Same Direction,2,Clear,Dry,Dark-Lighted
2024-10-10T13:00:00.000,I 75,I 75 and Windy Ridge Pkwy,,Rear End,3,Clear,Dry,Daylight
2024-02-26T20:30:00.000,I 75,I 75 and Windy Ridge Pkwy,,Angle Crash,2,Clear,Dry,Dark-Lighted
2024-02-23T00:45:00.000,I 75,I 75 and Windy Ridge Pkwy,,Not a Collision with Motor Vehicle,3,Clear,Dry,Dark-Not Lighted
2024-11-01T03:26:00.000,I 75,I 75 and Windy Ridge Pkwy,,Not a Collision with Motor Vehicle,1,Clear,Dry,Dark-Not Lighted
2024-11-15T15:45:00.000,I 75,I 75 and Windy Ridge Pkwy,,Sideswipe-Same Direction,2,Clear,Dry,Daylight
2024-04-18T10:35:00.000,I 75,I 75 and Windy Ridge Pkwy,,Not a Collision with Motor Vehicle,1,Clear,Dry,Daylight
2023-06-11T10:46:00.000,I 75,I 75 and Windy Ridge Pkwy,,Sideswipe-Same Direction,2,Rain,Wet,Daylight
2023-12-07T13:40:00.000,I 75,I 75 and Windy Ridge Pkwy,,Sideswipe-Same Direction,2,Clear,Dry,Daylight
2023-09-26T16:29:00.000,I 75,I 75 and Windy Ridge Pkwy,,Rear End,2,Clear,Dry,Daylight
2023-05-17T15:50:00.000,I 75,I 75 and Windy Ridge Pkwy,,Sideswipe-Same Direction,2,Clear,Dry,Daylight
2023-04-17T07:16:00.000,I 75,I 75 and Windy Ridge Pkwy,,Sideswipe-Same Direction,2,Clear,Dry,Daylight
2023-01-27T20:15:00.000,I 75,I 75 and Windy Ridge Pkwy,,Rear End,2,Clear,Dry,Dark-Not Lighted
2023-10-11T12:07:00.000,I 75,I 75 and Windy Ridge Pkwy,,Rear End,3,Cloudy,Dry,Daylight
2023-11-01T17:07:00.000,I 75,I 75 and Windy Ridge Pkwy,,Angle Crash,2,Clear,Dry,Daylight
2023-09-17T16:47:00.000,I 75,I 75 and Windy Ridge Pkwy,,Angle Crash,2,Clear,Dry,Daylight
2023-07-11T08:40:00.000,I 75,I 75 and Windy Ridge Pkwy,,Rear End,3,Clear,Dry,Daylight
2024-08-07T22:00:00.000,I 75,I 75 and Windy Ridge Pkwy,,Rear End,2,Clear,Dry,Dark-Not Lighted
2024-12-23T18:32:00.000,I 75,I 75 and Windy Ridge Pkwy,,Rear End,3,Clear,Dry,Dark-Lighted
2024-05-02T18:15:00.000,I 75,I 75 and Windy Ridge Pkwy,,Rear End,2,Clear,Dry,Daylight
2024-02-23T05:37:00.000,I 75,I 75 and Windy Ridge Pkwy,,Not a Collision with Motor Vehicle,1,Rain,Wet,Dark-Not Lighted
2024-07-29T05:30:00.000,I 75,I 75 and Windy Ridge Pkwy,,Rear End,2,Cloudy,Wet,Dark-Not Lighted
2024-01-24T22:30:00.000,I 75,I 75 and Windy Ridge Pkwy,,Not a Collision with Motor Vehicle,1,Rain,Water (standing or moving),Dark-Lighted
2024-01-20T16:31:00.000,I 75,I 75 and Windy Ridge Pkwy,,Angle Crash,2,Clear,Dry,Daylight
2024-10-10T13:00:00.000,I 75,I 75 and Windy Ridge Pkwy,,Rear End,2,Clear,Dry,Daylight
2024-06-01T18:50:00.000,I 75,I 75 and Windy Ridge Pkwy,,Angle Crash,2,Cloudy,Dry,Dark-Not Lighted
2024-12-23T18:42:00.000,I 75,I 75 and Windy Ridge Pkwy,,Sideswipe-Same Direction,2,Clear,Dry,Dark-Lighted
2024-10-11T21:28:00.000,I 75,I 75 and Windy Ridge Pkwy,,Rear End,3,Clear,Dry,Dark-Lighted
2024-03-21T08:58:00.000,I 75,I 75 and Windy Ridge Pkwy,,Rear End,2,Clear,Dry,Daylight
2024-03-07T08:10:00.000,I 75,I 75 and Windy Ridge Parkway Opas,,Angle Crash,2,Clear,Dry,Daylight
2021-12-30T12:55:00.000,I 75,I 75 and Windy Ridge Opas,,Sideswipe-Same Direction,2,Rain,Wet,Daylight
2021-12-31T13:12:00.000,I 75,I 75 and Windy Ridge Opas,,Sideswipe-Same Direction,2,Cloudy,Wet,Daylight
2021-07-21T21:43:00.000,I 75,I 75 and Windy Rdg,,Rear End,2,Rain,Water (standing or moving),Dark-Lighted
2021-06-18T17:03:00.000,I 75,I 75 and Windy Hl,,Rear End,2,Clear,Dry,Daylight
2021-07-27T18:46:00.000,I 75,I 75 and Windy Hl,,Sideswipe-Same Direction,2,Cloudy,Wet,Daylight
2023-10-04T20:26:00.000,I 75,I 75 and Windy Hl,,Sideswipe-Same Direction,2,Clear,Dry,Dark-Not Lighted
2023-04-26T14:55:00.000,I 75,I 75 and Windy Hl,,Sideswipe-Same Direction,2,Rain,Wet,Daylight
2023-04-05T05:45:00.000,I 75,I 75 and Windy Hl,,Sideswipe-Same Direction,2,Clear,Dry,Dark-Lighted
2020-11-16T05:39:00.000,I 75,I 75 and Windy Hl,,Sideswipe-Same Direction,2,Clear,Dry,Dark-Not Lighted
2021-06-18T17:03:00.000,I 75,I 75 and Windy Hl,,Rear End,2,Clear,Dry,Daylight
2021-10-19T22:16:00.000,I 75,I 75 and Windy Hl,,Sideswipe-Same Direction,2,Clear,Dry,Dark-Not Lighted
2022-01-22T23:22:00.000,I 75,I 75 and Windy Hl,,Sideswipe-Same Direction,2,Cloudy,Dry,Dark-Not Lighted
2024-10-14T13:12:00.000,I 75,I 75 and Windy Hl,,Sideswipe-Same Direction,2,Clear,Dry,Daylight
2024-11-18T06:14:00.000,I 75,I 75 and Windy Hl,,Sideswipe-Same Direction,2,Clear,Dry,Daylight
2024-11-08T13:59:00.000,I 75,I 75 and Windy Hl,,Sideswipe-Same Direction,2,Clear,Dry,Daylight
2023-11-02T19:20:00.000,I 75,I 75 and Windy Hill Road Southeast,,Rear End,2,Clear,Dry,Dusk
2023-10-16T14:30:00.000,I 75,I 75 and Windy Hill Road Southeast,,Sideswipe-Same Direction,2,Cloudy,Dry,Daylight
2023-10-26T12:50:00.000,I 75,I 75 and Windy Hill Road Southeast,,Rear End,2,Clear,Dry,Daylight
2024-01-18T12:50:00.000,I 75,I 75 and Windy Hill Road Southeast,,Rear End,3,Clear,Dry,Daylight
2022-08-15T18:36:00.000,I 75,I 75 and Windy Hill Road Rp,,Rear End,2,Cloudy,Dry,Daylight
2023-06-20T17:14:00.000,I 75,I 75 and Windy Hill Road Rp,,Sideswipe-Same Direction,2,Cloudy,Dry,Daylight
2021-01-21T19:19:00.000,I 75,I 75 and Windy Hill Road Opas,,Sideswipe-Same Direction,2,Cloudy,Wet,Dark-Not Lighted
2022-05-19T18:20:00.000,I 75,I 75 and Windy Hill Road Opas,,Angle Crash,2,Clear,Dry,Daylight
2024-11-01T08:47:00.000,I 75,I 75 and Windy Hill Road Opas,,Sideswipe-Same Direction,2,Cloudy,Dry,Daylight
2020-09-22T13:56:00.000,I 75,I 75 and Windy Hill Road Exit Rp,,Rear End,2,Clear,Dry,Daylight
2020-06-08T09:00:00.000,I 75,I 75 and Windy Hill Road Exit Rp,,Rear End,2,Cloudy,Dry,Daylight
2023-06-15T06:23:00.000,I 75,I 75 and Windy Hill Rd.,,Sideswipe-Same Direction,2,Cloudy,Dry,Daylight
2023-10-10T06:56:00.000,I 75,I 75 and Windy Hill Rd.,,Sideswipe-Same Direction,2,Clear,Dry,Daylight
2023-04-20T17:21:00.000,I 75,I 75 and Windy Hill Rd.,,Sideswipe-Same Direction,2,Clear,Dry,Daylight
2022-04-07T06:10:00.000,I 75,I 75 and Windy Hill Rd.,,Rear End,2,Cloudy,Wet,Dark-Not Lighted
2022-11-18T14:49:00.000,I 75,I 75 and Windy Hill Rd.,,Rear End,2,Clear,Dry,Daylight
2022-12-15T08:53:00.000,I 75,I 75 and Windy Hill Rd.,,Sideswipe-Same Direction,2,Cloudy,Wet,Daylight
2022-11-17T18:37:00.000,I 75,I 75 and Windy Hill Rd.,,Sideswipe-Same Direction,2,Clear,Dry,Dark-Not Lighted
2022-11-21T11:32:00.000,I 75,I 75 and Windy Hill Rd.,,Sideswipe-Same Direction,2,Clear,Dry,Daylight
2022-09-09T00:25:00.000,I 75,I 75 and Windy Hill Rd.,,Sideswipe-Same Direction,2,Cloudy,Dry,Daylight
2023-02-23T06:06:00.000,I 75,I 75 and Windy Hill Rd.,,Rear End,2,Clear,Dry,Dark-Not Lighted
2023-10-05T14:55:00.000,I 75,I 75 and Windy Hill Rd.,,Sideswipe-Same Direction,2,Clear,Dry,Daylight
2023-09-25T06:03:00.000,I 75,I 75 and Windy Hill Rd.,,Sideswipe-Same Direction,2,Clear,Dry,Dark-Not Lighted
2023-09-01T17:31:00.000,I 75,I 75 and Windy Hill Rd.,,Rear End,2,Cloudy,Dry,Daylight
2023-08-08T12:13:00.000,I 75,I 75 and Windy Hill Rd.,,Sideswipe-Same Direction,3,Clear,Dry,Daylight
2023-09-14T12:02:00.000,I 75,I 75 and Windy Hill Rd.,,Sideswipe-Same Direction,2,Cloudy,Dry,Daylight
2023-06-06T17:19:00.000,I 75,I 75 and Windy Hill Rd.,,Sideswipe-Same Direction,2,Cloudy,Dry,Daylight
2021-07-07T15:40:00.000,I 75,I 75 and Windy Hill Rd Exit Rp,,Sideswipe-Same Direction,2,Cloudy,Dry,Daylight
2021-02-11T18:35:00.000,I 75,I 75 and Windy Hill Rd Entrance Rp,,Sideswipe-Same Direction,2,Cloudy,Wet,Dark-Lighted