Date and Time,Roadway (From Crash Report),Intersection Name (from Crash Report),KABCO Severity,Manner of Collision (Crash Level) ,# of Vehicles per crash ,Weather Conditions (Crash Level),Surface Condition (Crash Level) ,Light Conditions (Crash Level)
2021-01-06T11:18:00.000,I 75,I 75 and Windy Hill Rd,,Sideswipe-Same Direction,2,Clear,Dry,Daylight
2021-04-20T00:00:00.000,I 75,I 75 and Windy Hill Rd,,Rear End,2,Clear,Dry,Daylight
2021-05-06T00:50:00.000,I 75,I 75 and Windy Hill Rd,,Rear End,2,Clear,Dry,Dark-Lighted
2021-04-19T11:42:00.000,I 75,I 75 and Windy Hill Rd,,Sideswipe-Same Direction,2,Cloudy,Dry,Daylight
2021-04-28T10:05:00.000,I 75,I 75 and Windy Hill Rd,,Rear End,2,Cloudy,Dry,Daylight
2021-04-13T21:53:00.000,I 75,I 75 and Windy Hill Rd,,Sideswipe-Same Direction,2,Clear,Dry,Dark-Not Lighted
2021-01-23T06:16:00.000,I 75,I 75 and Windy Hill Rd,,Sideswipe-Same Direction,2,Clear,Dry,Dark-Not Lighted
2021-06-16T15:45:00.000,I 75,I 75 and Windy Hill Rd,,Rear End,3,Clear,Dry,Daylight
2021-06-13T22:15:00.000,I 75,I 75 and Windy Hill Rd,,Sideswipe-Same Direction,2,Clear,Dry,Dark-Lighted
2021-03-16T22:31:00.000,I 75,I 75 and Windy Hill Rd,,Sideswipe-Same Direction,2,Clear,Wet,Dark-Not Lighted
2021-05-08T15:30:00.000,I 75,I 75 and Windy Hill Rd,,Sideswipe-Same Direction,2,Clear,Dry,Daylight
2021-05-04T15:10:00.000,I 75,I 75 and Windy Hill Rd,,Rear End,2,Rain,Wet,Daylight
2021-05-09T12:00:00.000,I 75,I 75 and Windy Hill Rd,,Sideswipe-Same Direction,2,Clear,Dry,Daylight
2021-04-20T12:45:00.000,I 75,I 75 and Windy Hill Rd,,Sideswipe-Same Direction,2,Clear,Dry,Daylight
2021-01-22T12:45:00.000,I 75,I 75 and Windy Hill Rd,,Rear End,2,Clear,Dry,Daylight
2021-07-29T15:18:00.000,I 75,I 75 and Windy Hill Rd,,Sideswipe-Same Direction,2,Cloudy,Dry,Daylight
2021-11-12T13:56:00.000,I 75,I 75 and Windy Hill Rd,,Sideswipe-Same Direction,2,Clear,Dry,Daylight
2021-08-17T14:35:00.000,I 75,I 75 and Windy Hill Rd,,Not a Collision with Motor Vehicle,2,Rain,Wet,Daylight
2021-10-21T07:30:00.000,I 75,I 75 and Windy Hill Rd,,Sideswipe-Same Direction,3,Cloudy,Dry,Daylight
2021-11-30T18:34:00.000,I 75,I 75 and Windy Hill Rd,,Sideswipe-Same Direction,2,Clear,Dry,Dark-Not Lighted
2021-09-18T18:00:00.000,I 75,I 75 and Windy Hill Rd,,Rear End,3,Rain,Wet,Daylight
2021-12-01T10:34:00.000,I 75,I 75 and Windy Hill Rd,,Sideswipe-Same Direction,2,Clear,Dry,Daylight
2021-07-27T09:15:00.000,I 75,I 75 and Windy Hill Rd,,Rear End,2,Clear,Dry,Daylight
2021-12-31T21:37:00.000,I 75,I 75 and Windy Hill Rd,,Sideswipe-Same Direction,2,Clear,Wet,Dark-Not Lighted
2021-07-21T10:38:00.000,I 75,I 75 and Windy Hill Rd,,Rear End,2,Clear,Dry,Daylight
2021-07-30T14:28:00.000,I 75,I 75 and Windy Hill Rd,,Sideswipe-Same Direction,2,Clear,Dry,Daylight
2021-07-18T16:44:00.000,I 75,I 75 and Windy Hill Rd,,Rear End,3,Cloudy,Wet,Daylight
2021-11-14T10:40:00.000,I 75,I 75 and Windy Hill Rd,,Rear End,2,Clear,Dry,Daylight
2021-09-26T15:30:00.000,I 75,I 75 and Windy Hill Rd,,Sideswipe-Same Direction,3,Clear,Dry,Daylight
2021-10-13T14:50:00.000,I 75,I 75 and Windy Hill Rd,,Sideswipe-Same Direction,2,Cloudy,Dry,Daylight
2021-07-28T22:18:00.000,I 75,I 75 and Windy Hill Rd,,Sideswipe-Same Direction,2,Clear,Dry,Dark-Lighted
2021-02-21T19:07:00.000,I 75,I 75 and Windy Hill Rd,,Sideswipe-Same Direction,2,Clear,Dry,Dark-Lighted
2021-01-05T08:50:00.000,I 75,I 75 and Windy Hill Rd,,Sideswipe-Same Direction,2,Clear,Dry,Daylight
2021-05-05T17:25:00.000,I 75,I 75 and Windy Hill Rd,,Sideswipe-Same Direction,2,Clear,Dry,Daylight
2021-03-19T09:50:00.000,I 75,I 75 and Windy Hill Rd,,Sideswipe-Same Direction,2,Clear,Dry,Daylight
2021-02-27T14:37:00.000,I 75,I 75 and Windy Hill Rd,,Sideswipe-Same Direction,2,Cloudy,Dry,Daylight
2021-06-06T13:49:00.000,I 75,I 75 and Windy Hill Rd,,Rear End,2,Cloudy,Dry,Daylight
2021-05-31T15:14:00.000,I 75,I 75 and Windy Hill Rd,,Sideswipe-Same Direction,2,Clear,Dry,Daylight
2021-02-13T13:10:00.000,I 75,I 75 and Windy Hill Rd,,Not a Collision with Motor Vehicle,1,Rain,Wet,Daylight
2021-03-21T00:08:00.000,I 75,I 75 and Windy Hill Rd,,Sideswipe-Same Direction,2,Clear,Dry,Dark-Lighted
2021-01-27T08:22:00.000,I 75,I 75 and Windy Hill Rd,,Angle Crash,2,Rain,Wet,Daylight
2021-02-17T12:33:00.000,I 75,I 75 and Windy Hill Rd,,Sideswipe-Same Direction,2,Clear,Dry,Daylight
2021-06-15T15:24:00.000,I 75,I 75 and Windy Hill Rd,,Sideswipe-Same Direction,2,Clear,Dry,Daylight
2021-06-04T08:15:00.000,I 75,I 75 and Windy Hill Rd,,Sideswipe-Same Direction,2,Clear,Dry,Daylight
2021-01-14T18:30:00.000,I 75,I 75 and Windy Hill Rd,,Rear End,2,Clear,Dry,Dark-Not Lighted
2021-03-05T07:25:00.000,I 75,I 75 and Windy Hill Rd,,Rear End,2,Clear,Dry,Daylight
2021-03-20T14:30:00.000,I 75,I 75 and Windy Hill Rd,,Angle Crash,2,Clear,Dry,Daylight
2021-05-07T10:28:00.000,I 75,I 75 and Windy Hill Rd,,Rear End,3,Clear,Dry,Daylight
2021-02-16T13:30:00.000,I 75,I 75 and Windy Hill Rd,,Sideswipe-Same Direction,2,Cloudy,Wet,Daylight
2021-04-28T19:43:00.000,I 75,I 75 and Windy Hill Rd,,Sideswipe-Same Direction,2,Clear,Dry,Daylight
2021-03-12T09:35:00.000,I 75,I 75 and Windy Hill Rd,,Rear End,2,Clear,Dry,Daylight
2021-04-24T09:15:00.000,I 75,I 75 and Windy Hill Rd,,Angle Crash,4,Rain,Water (standing or moving),Daylight
2021-04-20T00:50:00.000,I 75,I 75 and Windy Hill Rd,,Angle Crash,2,Cloudy,Dry,Dark-Not Lighted
2021-05-05T15:20:00.000,I 75,I 75 and Windy Hill Rd,,Rear End,3,Clear,Dry,Daylight
2021-06-26T20:59:00.000,I 75,I 75 and Windy Hill Rd,,Angle Crash,2,Clear,Dry,Dark-Not Lighted
2021-05-18T07:43:00.000,I 75,I 75 and Windy Hill Rd,,Rear End,2,Cloudy,Dry,Daylight
2021-02-25T08:07:00.000,I 75,I 75 and Windy Hill Rd,,Not a Collision with Motor Vehicle,1,Clear,Dry,Daylight
2021-05-19T15:05:00.000,I 75,I 75 and Windy Hill Rd,,Sideswipe-Opposite Direction,2,Clear,Dry,Daylight
2021-05-19T16:10:00.000,I 75,I 75 and Windy Hill Rd,,Rear End,2,Clear,Dry,Daylight
2021-05-24T08:45:00.000,I 75,I 75 and Windy Hill Rd,,Sideswipe-Same Direction,2,Clear,Dry,Daylight
2021-02-07T15:32:00.000,I 75,I 75 and Windy Hill Rd,,Rear End,3,Clear,Dry,Daylight
2021-06-18T12:21:00.000,I 75,I 75 and Windy Hill Rd,,Rear End,2,Clear,Dry,Daylight
2021-05-07T18:09:00.000,I 75,I 75 and Windy Hill Rd,,Sideswipe-Same Direction,2,Clear,Dry,Daylight
2021-05-31T12:39:00.000,I 75,I 75 and Windy Hill Rd,,Sideswipe-Same Direction,3,Cloudy,Dry,Daylight
2021-02-24T13:10:00.000,I 75,I 75 and Windy Hill Rd,,Angle Crash,2,Clear,Dry,Daylight
2021-06-19T18:23:00.000,I 75,I 75 and Windy Hill Rd,,Sideswipe-Same Direction,2,Rain,Wet,Daylight
2021-04-09T11:44:00.000,I 75,I 75 and Windy Hill Rd,,Rear End,2,Cloudy,Dry,Daylight
2021-06-07T13:10:00.000,I 75,I 75 and Windy Hill Rd,,Sideswipe-Same Direction,2,Cloudy,Wet,Daylight
2021-03-27T19:52:00.000,I 75,I 75 and Windy Hill Rd,,Sideswipe-Same Direction,2,Clear,Dry,Dusk
2021-02-25T09:30:00.000,I 75,I 75 and Windy Hill Rd,,Sideswipe-Same Direction,2,Clear,Dry,Daylight
2021-04-01T08:50:00.000,I 75,I 75 and Windy Hill Rd,,Rear End,2,Clear,Dry,Daylight
2021-06-26T13:45:00.000,I 75,I 75 and Windy Hill Rd,,Angle Crash,2,Cloudy,Dry,Daylight
2021-05-02T14:15:00.000,I 75,I 75 and Windy Hill Rd,,Rear End,2,Cloudy,Dry,Daylight
2021-04-24T19:00:00.000,I 75,I 75 and Windy Hill Rd,,Not a Collision with Motor Vehicle,1,Cloudy,Wet,Daylight
2021-04-07T20:40:00.000,I 75,I 75 and Windy Hill Rd,,Rear End,2,Clear,Dry,Dark-Lighted
2021-07-06T10:55:00.000,I 75,I 75 and Windy Hill Rd,,Rear End,2,Clear,Dry,Daylight
2021-09-25T12:38:00.000,I 75,I 75 and Windy Hill Rd,,Rear End,2,Clear,Dry,Daylight
2021-11-19T17:25:00.000,I 75,I 75 and Windy Hill Rd,,Sideswipe-Same Direction,2,Clear,Dry,Dusk
2021-12-12T14:20:00.000,I 75,I 75 and Windy Hill Rd,,Sideswipe-Same Direction,2,Clear,Dry,Daylight
2021-10-10T00:26:00.000,I 75,I 75 and Windy Hill Rd,,Rear End,2,Clear,Dry,Dark-Not Lighted
2021-11-04T21:30:00.000,I 75,I 75 and Windy Hill Rd,,Sideswipe-Same Direction,2,Clear,Dry,Dark-Lighted
2021-11-19T16:45:00.000,I 75,I 75 and Windy Hill Rd,,Sideswipe-Same Direction,2,Clear,Dry,Daylight
2021-02-12T18:30:00.000,I 75,I 75 and Windy Hill Rd,,Rear End,2,Rain,Wet,Dark-Not Lighted
2021-12-12T15:35:00.000,I 75,I 75 and Windy Hill Rd,,Rear End,2,Clear,Dry,Daylight
2021-11-05T16:37:00.000,I 75,I 75 and Windy Hill Rd,,Rear End,2,Cloudy,Dry,Daylight
2021-10-06T13:15:00.000,I 75,I 75 and Windy Hill Rd,,Rear End,2,Clear,Dry,Daylight
2021-08-13T09:40:00.000,I 75,I 75 and Windy Hill Rd,,Sideswipe-Same Direction,2,Clear,Dry,Daylight
2021-11-06T10:59:00.000,I 75,I 75 and Windy Hill Rd,,Angle Crash,1,Clear,Dry,Daylight
2021-08-16T16:25:00.000,I 75,I 75 and Windy Hill Rd,,Sideswipe-Same Direction,2,Rain,Wet,Daylight
2021-07-05T10:30:00.000,I 75,I 75 and Windy Hill Rd,,Sideswipe-Same Direction,2,Clear,Dry,Daylight
2021-11-02T16:35:00.000,I 75,I 75 and Windy Hill Rd,,Sideswipe-Same Direction,2,Clear,Dry,Daylight
2021-11-04T07:55:00.000,I 75,I 75 and Windy Hill Rd,,Sideswipe-Same Direction,2,Rain,Wet,Dusk
2021-08-07T22:05:00.000,I 75,I 75 and Windy Hill Rd,,Sideswipe-Same Direction,2,Clear,Dry,Dark-Lighted
2021-03-04T12:46:00.000,I 75,I 75 and Windy Hill Rd,,Sideswipe-Same Direction,2,Cloudy,Dry,Daylight
2021-03-20T21:57:00.000,I 75,I 75 and Windy Hill Rd,,Sideswipe-Same Direction,2,Clear,Dry,Dark-Lighted
2021-06-29T13:25:00.000,I 75,I 75 and Windy Hill Rd,,Sideswipe-Same Direction,2,Cloudy,Dry,Daylight
2021-02-13T16:29:00.000,I 75,I 75 and Windy Hill Rd,,Rear End,2,Cloudy,Wet,Daylight
2021-06-15T14:28:00.000,I 75,I 75 and Windy Hill Rd,,Rear End,2,Clear,Dry,Daylight
2021-06-05T23:08:00.000,I 75,I 75 and Windy Hill Rd,,Rear End,2,Clear,Dry,Dark-Not Lighted
2021-03-25T08:28:00.000,I 75,I 75 and Windy Hill Rd,,Rear End,2,Rain,Wet,Daylight
2021-02-20T16:25:00.000,I 75,I 75 and Windy Hill Rd,,Sideswipe-Same Direction,2,Clear,Dry,Daylight
2021-01-28T11:32:00.000,I 75,I 75 and Windy Hill Rd,,Rear End,3,Clear,Dry,Daylight
2021-06-04T17:05:00.000,I 75,I 75 and Windy Hill Rd,,Sideswipe-Same Direction,2,Clear,Dry,Daylight
2021-06-29T09:30:00.000,I 75,I 75 and Windy Hill Rd,,Not a Collision with Motor Vehicle,1,Cloudy,Wet,Daylight
2021-02-24T20:27:00.000,I 75,I 75 and Windy Hill Rd,,Sideswipe-Same Direction,2,Clear,Dry,Dark-Lighted
2021-02-05T09:17:00.000,I 75,I 75 and Windy Hill Rd,,Rear End,2,Cloudy,Wet,Daylight
2021-06-12T11:50:00.000,I 75,I 75 and Windy Hill Rd,,Sideswipe-Same Direction,1,Clear,Dry,Daylight
2021-02-07T00:10:00.000,I 75,I 75 and Windy Hill Rd,,Rear End,2,Rain,Wet,Dark-Lighted
2021-03-18T10:03:00.000,I 75,I 75 and Windy Hill Rd,,Rear End,2,Cloudy,Wet,Daylight
2021-04-09T14:40:00.000,I 75,I 75 and Windy Hill Rd,,Rear End,2,Cloudy,Dry,Daylight
2021-11-01T13:43:00.000,I 75,I 75 and Windy Hill Rd,,Sideswipe-Same Direction,2,Clear,Dry,Daylight
2021-11-03T07:20:00.000,I 75,I 75 and Windy Hill Rd,,Sideswipe-Same Direction,2,Clear,Dry,Daylight
2021-11-05T16:12:00.000,I 75,I 75 and Windy Hill Rd,,Sideswipe-Same Direction,2,Clear,Dry,Daylight
2021-12-03T12:25:00.000,I 75,I 75 and Windy Hill Rd,,Sideswipe-Same Direction,2,Clear,Dry,Daylight
2021-11-24T06:55:00.000,I 75,I 75 and Windy Hill Rd,,Not a Collision with Motor Vehicle,1,Clear,Dry,Dawn
2021-07-05T14:20:00.000,I 75,I 75 and Windy Hill Rd,,Rear End,2,Cloudy,Dry,Daylight
2021-10-12T18:50:00.000,I 75,I 75 and Windy Hill Rd,,Rear End,2,Clear,Dry,Daylight
2021-07-17T19:04:00.000,I 75,I 75 and Windy Hill Rd,,Rear End,2,Clear,Dry,Daylight
2021-11-15T07:30:00.000,I 75,I 75 and Windy Hill Rd,,Rear End,2,Clear,Dry,Dawn
2021-11-06T16:55:00.000,I 75,I 75 and Windy Hill Rd,,Rear End,2,Cloudy,Dry,Daylight
2021-10-02T23:17:00.000,I 75,I 75 and Windy Hill Rd,,Rear End,2,Clear,Dry,Dark-Lighted
2021-07-06T06:00:00.000,I 75,I 75 and Windy Hill Rd,,Sideswipe-Same Direction,2,Clear,Dry,Daylight
2021-08-18T17:39:00.000,I 75,I 75 and Windy Hill Rd,,Sideswipe-Same Direction,2,Clear,Dry,Daylight
2021-09-13T19:20:00.000,I 75,I 75 and Windy Hill Rd,,Rear End,2,Clear,Dry,Daylight
2021-10-24T16:45:00.000,I 75,I 75 and Windy Hill Rd,,Rear End,2,Clear,Dry,Daylight
2021-08-26T07:38:00.000,I 75,I 75 and Windy Hill Rd,,Sideswipe-Same Direction,2,Cloudy,Dry,Daylight
2021-07-27T18:53:00.000,I 75,I 75 and Windy Hill Rd,,Rear End,3,Cloudy,Wet,Daylight
2021-05-06T16:10:00.000,I 75,I 75 and Windy Hill Rd,,Rear End,2,Clear,Dry,Daylight
2021-04-26T12:35:00.000,I 75,I 75 and Windy Hill Rd,,Sideswipe-Same Direction,3,Clear,Dry,Daylight
2021-06-25T12:32:00.000,I 75,I 75 and Windy Hill Rd,,Sideswipe-Same Direction,2,Cloudy,Dry,Daylight
2021-02-22T15:40:00.000,I 75,I 75 and Windy Hill Rd,,Sideswipe-Same Direction,2,Clear,Dry,Daylight
2021-01-26T08:30:00.000,I 75,I 75 and Windy Hill Rd,,Sideswipe-Same Direction,2,Cloudy,Wet,Daylight
2021-04-17T19:20:00.000,I 75,I 75 and Windy Hill Rd,,Sideswipe-Same Direction,2,Clear,Dry,Daylight
2021-01-10T11:35:00.000,I 75,I 75 and Windy Hill Rd,,Sideswipe-Same Direction,2,Cloudy,Dry,Daylight
2021-03-13T02:20:00.000,I 75,I 75 and Windy Hill Rd,,Sideswipe-Same Direction,2,Clear,Dry,Dark-Not Lighted
2021-02-22T09:35:00.000,I 75,I 75 and Windy Hill Rd,,Rear End,2,Cloudy,Wet,Daylight
2021-06-23T12:23:00.000,I 75,I 75 and Windy Hill Rd,,Sideswipe-Same Direction,2,Cloudy,Dry,Daylight
2021-02-10T17:45:00.000,I 75,I 75 and Windy Hill Rd,,Not a Collision with Motor Vehicle,1,Clear,Dry,Daylight
2021-04-01T14:20:00.000,I 75,I 75 and Windy Hill Rd,,Rear End,2,Clear,Dry,Daylight
2020-01-13T09:50:00.000,I 75,I 75 and Windy Hill Rd,,Not a Collision with Motor Vehicle,1,Rain,Wet,Daylight
2020-08-09T17:15:00.000,I 75,I 75 and Windy Hill Rd,,Rear End,2,Clear,Dry,Daylight
2020-12-13T18:36:00.000,I 75,I 75 and Windy Hill Rd,,Sideswipe-Same Direction,2,Clear,Dry,Dark-Lighted
2020-02-21T06:24:00.000,I 75,I 75 and Windy Hill Rd,,Rear End,2,Cloudy,Dry,Dawn
2020-06-09T09:42:00.000,I 75,I 75 and Windy Hill Rd,,Sideswipe-Same Direction,5,Cloudy,Dry,Daylight
2020-09-14T16:20:00.000,I 75,I 75 and Windy Hill Rd,,Rear End,4,Cloudy,Wet,Daylight
2023-04-08T14:30:00.000,I 75,I 75 and Windy Hill Rd,,Rear End,2,Rain,Water (standing or moving),Daylight
2023-12-10T16:20:00.000,I 75,I 75 and Windy Hill Rd,,Rear End,2,Rain,Wet,Daylight
2023-01-10T10:25:00.000,I 75,I 75 and Windy Hill Rd,,Sideswipe-Same Direction,2,Clear,Dry,Daylight
2023-05-20T16:14:00.000,I 75,I 75 and Windy Hill Rd,,Angle Crash,2,Cloudy,Dry,Daylight
2023-02-05T15:50:00.000,I 75,I 75 and Windy Hill Rd,,Rear End,3,Clear,Dry,Daylight
2023-10-23T07:15:00.000,I 75,I 75 and Windy Hill Rd,,Sideswipe-Same Direction,3,Clear,Dry,Daylight
2023-01-04T18:06:00.000,I 75,I 75 and Windy Hill Rd,,Sideswipe-Same Direction,2,Clear,Dry,Dark-Lighted
2023-01-24T16:30:00.000,I 75,I 75 and Windy Hill Rd,,Sideswipe-Same Direction,2,Clear,Dry,Daylight
2023-01-25T12:29:00.000,I 75,I 75 and Windy Hill Rd,,Angle Crash,2,Cloudy,Dry,Daylight
2023-11-13T19:17:00.000,I 75,I 75 and Windy Hill Rd,,Sideswipe-Same Direction,2,Clear,Dry,Dark-Lighted
2023-07-10T06:30:00.000,I 75,I 75 and Windy Hill Rd,,Angle Crash,3,Rain,Wet,Dawn
2023-04-04T13:25:00.000,I 75,I 75 and Windy Hill Rd,,Sideswipe-Same Direction,2,Cloudy,Dry,Daylight
2023-06-10T15:00:00.000,I 75,I 75 and Windy Hill Rd,,Rear End,2,Clear,Dry,Daylight
2023-06-18T16:05:00.000,I 75,I 75 and Windy Hill Rd,,Sideswipe-Same Direction,2,Clear,Dry,Daylight
2023-09-18T17:29:00.000,I 75,I 75 and Windy Hill Rd,,Sideswipe-Same Direction,2,Cloudy,Dry,Daylight
2023-08-05T19:08:00.000,I 75,I 75 and Windy Hill Rd,,Rear End,3,Clear,Dry,Daylight
2023-12-02T12:44:00.000,I 75,I 75 and Windy Hill Rd,,Rear End,2,Clear,Dry,Daylight
2023-05-23T18:40:00.000,I 75,I 75 and Windy Hill Rd,,Sideswipe-Same Direction,2,Cloudy,Dry,Daylight
2023-07-12T18:59:00.000,I 75,I 75 and Windy Hill Rd,,Not a Collision with Motor Vehicle,2,Clear,Dry,Dark-Not Lighted
2023-12-06T09:30:00.000,I 75,I 75 and Windy Hill Rd,,Rear End,2,Clear,Dry,Daylight
2023-09-02T14:00:00.000,I 75,I 75 and Windy Hill Rd,,Rear End,2,Clear,Dry,Daylight
2023-11-03T14:00:00.000,I 75,I 75 and Windy Hill Rd,,Sideswipe-Same Direction,2,Clear,Dry,Daylight
2023-04-18T06:38:00.000,I 75,I 75 and Windy Hill Rd,,Rear End,2,Clear,Dry,Dawn
2023-05-25T15:20:00.000,I 75,I 75 and Windy Hill Rd,,Rear End,2,Clear,Dry,Daylight
2023-03-28T10:48:00.000,I 75,I 75 and Windy Hill Rd,,Sideswipe-Same Direction,2,Clear,Dry,Daylight
2023-11-11T03:55:00.000,I 75,I 75 and Windy Hill Rd,,Not a Collision with Motor Vehicle,1,Rain,Wet,Dark-Not Lighted
2023-07-20T09:53:00.000,I 75,I 75 and Windy Hill Rd,,Rear End,2,Clear,Dry,Daylight
2023-06-09T13:00:00.000,I 75,I 75 and Windy Hill Rd,,Sideswipe-Same Direction,2,Clear,Dry,Daylight
2023-12-02T20:23:00.000,I 75,I 75 and Windy Hill Rd,,Sideswipe-Same Direction,2,Cloudy,Dry,Dark-Lighted
2023-09-26T16:16:00.000,I 75,I 75 and Windy Hill Rd,,Angle Crash,2,Clear,Dry,Daylight
2023-07-24T07:21:00.000,I 75,I 75 and Windy Hill Rd,,Rear End,2,Clear,Dry,Daylight
2023-05-04T17:03:00.000,I 75,I 75 and Windy Hill Rd,,Sideswipe-Same Direction,2,Clear,Dry,Daylight
2023-06-05T06:49:00.000,I 75,I 75 and Windy Hill Rd,,Sideswipe-Same Direction,2,Clear,Dry,Daylight
2023-02-01T10:46:00.000,I 75,I 75 and Windy Hill Rd,,Angle Crash,2,Cloudy,Dry,Daylight
2023-01-31T19:11:00.000,I 75,I 75 and Windy Hill Rd,,Not a Collision with Motor Vehicle,1,Rain,Dry,Dark-Lighted
2023-07-08T17:13:00.000,I 75,I 75 and Windy Hill Rd,,Sideswipe-Same Direction,2,Clear,Dry,Daylight
2023-01-06T16:03:00.000,I 75,I 75 and Windy Hill Rd,,Rear End,3,Clear,Dry,Daylight
2023-02-17T00:36:00.000,I 75,I 75 and Windy Hill Rd,,Sideswipe-Same Direction,1,Rain,Wet,Dark-Lighted
2023-07-28T11:00:00.000,I 75,I 75 and Windy Hill Rd,,Rear End,2,Clear,Dry,Daylight
2023-03-27T00:48:00.000,I 75,I 75 and Windy Hill Rd,,Not a Collision with Motor Vehicle,1,Rain,Water (standing or moving),Dark-Not Lighted
2023-06-10T09:15:00.000,I 75,I 75 and Windy Hill Rd,,Angle Crash,2,Clear,Dry,Daylight
2023-08-29T15:27:00.000,I 75,I 75 and Windy Hill Rd,,Sideswipe-Same Direction,2,Cloudy,Dry,Daylight
2023-11-03T17:40:00.000,I 75,I 75 and Windy Hill Rd,,Rear End,2,Clear,Dry,Daylight
2023-08-05T03:45:00.000,I 75,I 75 and Windy Hill Rd,,Sideswipe-Same Direction,2,Cloudy,Dry,Dark-Not Lighted
2023-06-03T17:08:00.000,I 75,I 75 and Windy Hill Rd,,Rear End,2,Clear,Dry,Daylight
2023-10-08T12:37:00.000,I 75,I 75 and Windy Hill Rd,,Angle Crash,2,Clear,Dry,Daylight
2023-12-12T20:40:00.000,I 75,I 75 and Windy Hill Rd,,Rear End,2,Clear,Dry,Dark-Not Lighted
2023-05-14T12:55:00.000,I 75,I 75 and Windy Hill Rd,,Rear End,3,Clear,Dry,Daylight
2023-12-17T21:30:00.000,I 75,I 75 and Windy Hill Rd,,Rear End,2,Cloudy,Wet,Dark-Lighted
2023-04-02T12:50:00.000,I 75,I 75 and Windy Hill Rd,,Rear End,2,Clear,Dry,Daylight
2023-05-09T10:03:00.000,I 75,I 75 and Windy Hill Rd,,Rear End,2,Clear,Dry,Daylight
2023-04-23T15:09:00.000,I 75,I 75 and Windy Hill Rd,,Angle Crash,4,Clear,Dry,Daylight
2023-01-28T21:57:00.000,I 75,I 75 and Windy Hill Rd,,Angle Crash,3,Cloudy,Dry,Dark-Not Lighted
2023-03-26T12:03:00.000,I 75,I 75 and Windy Hill Rd,,Rear End,2,Cloudy,Wet,Daylight
2023-07-29T16:05:00.000,I 75,I 75 and Windy Hill Rd,,Sideswipe-Same Direction,3,Clear,Dry,Daylight
2023-01-19T07:43:00.000,I 75,I 75 and Windy Hill Rd,,Sideswipe-Same Direction,2,Cloudy,Wet,Daylight
2023-04-08T16:03:00.000,I 75,I 75 and Windy Hill Rd,,Sideswipe-Same Direction,2,Rain,Water (standing or moving),Daylight
2023-06-21T13:54:00.000,I 75,I 75 and Windy Hill Rd,,Sideswipe-Same Direction,2,Rain,Wet,Daylight
2023-11-19T02:10:00.000,I 75,I 75 and Windy Hill Rd,,Sideswipe-Same Direction,2,Clear,Dry,Dark-Lighted
2023-06-03T12:36:00.000,I 75,I 75 and Windy Hill Rd,,Sideswipe-Same Direction,2,Clear,Dry,Daylight
2023-11-18T16:20:00.000,I 75,I 75 and Windy Hill Rd,,Rear End,3,Clear,Dry,Daylight
2023-12-30T17:10:00.000,I 75,I 75 and Windy Hill Rd,,Rear End,2,Clear,Dry,Daylight
2023-04-17T15:44:00.000,I 75,I 75 and Windy Hill Rd,,Sideswipe-Same Direction,2,Clear,Dry,Daylight
2023-08-07T15:48:00.000,I 75,I 75 and Windy Hill Rd,,Rear End,2,Cloudy,Dry,Daylight
2023-09-05T06:28:00.000,I 75,I 75 and Windy Hill Rd,,Rear End,2,Clear,Dry,Daylight
2023-09-09T17:21:00.000,I 75,I 75 and Windy Hill Rd,,Sideswipe-Same Direction,2,Cloudy,Dry,Daylight
2023-06-15T23:04:00.000,I 75,I 75 and Windy Hill Rd,,Angle Crash,2,Clear,Dry,Dark-Not Lighted
2023-02-21T16:13:00.000,I 75,I 75 and Windy Hill Rd,,Sideswipe-Same Direction,2,Cloudy,Wet,Daylight
2023-11-28T17:30:00.000,I 75,I 75 and Windy Hill Rd,,Sideswipe-Same Direction,2,Cloudy,Dry,Dusk
2023-06-22T11:55:00.000,I 75,I 75 and Windy Hill Rd,,Rear End,2,Cloudy,Dry,Daylight
2023-11-19T03:33:00.000,I 75,I 75 and Windy Hill Rd,,Sideswipe-Same Direction,3,Cloudy,Dry,Dark-Not Lighted
2023-01-15T12:20:00.000,I 75,I 75 and Windy Hill Rd,,Rear End,2,Clear,Dry,Daylight
2023-05-14T17:27:00.000,I 75,I 75 and Windy Hill Rd,,Rear End,2,Clear,Dry,Daylight
2023-06-06T08:01:00.000,I 75,I 75 and Windy Hill Rd,,Rear End,2,Clear,Dry,Daylight
2023-05-21T02:44:00.000,I 75,I 75 and Windy Hill Rd,,Rear End,2,Cloudy,Wet,Dark-Not Lighted
2023-03-09T20:16:00.000,I 75,I 75 and Windy Hill Rd,,Rear End,2,Cloudy,Wet,Dark-Not Lighted
2023-09-20T12:30:00.000,I 75,I 75 and Windy Hill Rd,,Sideswipe-Same Direction,3,Clear,Dry,Daylight
2023-08-05T17:11:00.000,I 75,I 75 and Windy Hill Rd,,Rear End,2,Clear,Dry,Daylight
2023-08-07T04:52:00.000,I 75,I 75 and Windy Hill Rd,,Angle Crash,3,Clear,Wet,Dark-Not Lighted
2023-08-21T23:50:00.000,I 75,I 75 and Windy Hill Rd,,Rear End,2,Clear,Dry,Dark-Not Lighted
2023-06-25T14:31:00.000,I 75,I 75 and Windy Hill Rd,,Angle Crash,2,Clear,Dry,Daylight
2023-04-22T18:44:00.000,I 75,I 75 and Windy Hill Rd,,Rear End,2,Clear,Dry,Daylight
2023-02-03T19:29:00.000,I 75,I 75 and Windy Hill Rd,,Sideswipe-Same Direction,2,Clear,Dry,Dark-Not Lighted
2023-02-17T16:20:00.000,I 75,I 75 and Windy Hill Rd,,Sideswipe-Same Direction,2,Clear,Dry,Daylight