Date and Time,Roadway (From Crash Report),Intersection Name (from Crash Report),KABCO Severity,Manner of Collision (Crash Level) ,# of Vehicles per crash ,Weather Conditions (Crash Level),Surface Condition (Crash Level) ,Light Conditions (Crash Level)
2023-10-18T12:54:00.000,I 75,I 75 and Windy Hill Rd,,Angle Crash,2,Clear,Dry,Daylight
2023-11-15T13:58:00.000,I 75,I 75 and Windy Hill Rd,,Sideswipe-Same Direction,2,Cloudy,Dry,Daylight
2023-08-08T15:10:00.000,I 75,I 75 and Windy Hill Rd,,Sideswipe-Same Direction,2,Cloudy,Dry,Daylight
2023-02-05T15:08:00.000,I 75,I 75 and Windy Hill Rd,,Sideswipe-Same Direction,2,Clear,Dry,Daylight
2023-03-23T13:30:00.000,I 75,I 75 and Windy Hill Rd,,Sideswipe-Same Direction,2,Clear,Dry,Daylight
2023-08-02T22:18:00.000,I 75,I 75 and Windy Hill Rd,,Sideswipe-Same Direction,2,Cloudy,Dry,Dark-Not Lighted
2023-05-21T04:42:00.000,I 75,I 75 and Windy Hill Rd,,Not a Collision with Motor Vehicle,1,Clear,Dry,Dark-Not Lighted
2023-02-06T16:42:00.000,I 75,I 75 and Windy Hill Rd,,Rear End,2,Clear,Dry,Daylight
2023-04-08T14:35:00.000,I 75,I 75 and Windy Hill Rd,,Sideswipe-Same Direction,2,Rain,Water (standing or moving),Daylight
2023-01-30T13:00:00.000,I 75,I 75 and Windy Hill Rd,,Rear End,2,Rain,Wet,Daylight
2023-10-08T17:20:00.000,I 75,I 75 and Windy Hill Rd,,Sideswipe-Same Direction,3,Clear,Dry,Daylight
2023-04-22T17:20:00.000,I 75,I 75 and Windy Hill Rd,,Sideswipe-Same Direction,2,Clear,Dry,Daylight
2023-12-10T12:30:00.000,I 75,I 75 and Windy Hill Rd,,Rear End,3,Rain,Wet,Daylight
2023-03-30T09:13:00.000,I 75,I 75 and Windy Hill Rd,,Rear End,2,Clear,Dry,Daylight
2023-11-29T19:05:00.000,I 75,I 75 and Windy Hill Rd,,Sideswipe-Same Direction,2,Clear,Dry,Dark-Not Lighted
2023-03-31T17:07:00.000,I 75,I 75 and Windy Hill Rd,,Sideswipe-Same Direction,2,Cloudy,Dry,Daylight
2023-02-24T10:24:00.000,I 75,I 75 and Windy Hill Rd,,Rear End,2,Clear,Dry,Daylight
2023-04-06T18:35:00.000,I 75,I 75 and Windy Hill Rd,,Angle Crash,2,Clear,Dry,Daylight
2023-03-12T14:00:00.000,I 75,I 75 and Windy Hill Rd,,Rear End,2,Cloudy,Wet,Daylight
2023-08-26T17:43:00.000,I 75,I 75 and Windy Hill Rd,,Sideswipe-Same Direction,2,Rain,Wet,Daylight
2023-10-27T07:39:00.000,I 75,I 75 and Windy Hill Rd,,Sideswipe-Same Direction,2,Cloudy,Dry,Daylight
2023-05-09T10:54:00.000,I 75,I 75 and Windy Hill Rd,,Sideswipe-Same Direction,2,Clear,Dry,Daylight
2023-05-25T09:01:00.000,I 75,I 75 and Windy Hill Rd,,Sideswipe-Same Direction,2,Clear,Dry,Daylight
2023-08-09T21:06:00.000,I 75,I 75 and Windy Hill Rd,,Sideswipe-Same Direction,2,Cloudy,Dry,Dark-Lighted
2023-03-20T11:19:00.000,I 75,I 75 and Windy Hill Rd,,Sideswipe-Same Direction,2,Clear,Dry,Daylight
2023-01-07T10:39:00.000,I 75,I 75 and Windy Hill Rd,,Rear End,2,Clear,Dry,Daylight
2023-08-30T13:28:00.000,I 75,I 75 and Windy Hill Rd,,Rear End,2,Cloudy,Dry,Daylight
2023-11-14T14:58:00.000,I 75,I 75 and Windy Hill Rd,,Rear End,2,Clear,Dry,Daylight
2023-11-10T18:00:00.000,I 75,I 75 and Windy Hill Rd,,Rear End,2,Clear,Wet,Dark-Not Lighted
2023-08-31T16:20:00.000,I 75,I 75 and Windy Hill Rd,,Sideswipe-Same Direction,2,Clear,Dry,Daylight
2023-07-12T19:48:00.000,I 75,I 75 and Windy Hill Rd,,Rear End,2,Clear,Dry,Daylight
2023-07-29T13:12:00.000,I 75,I 75 and Windy Hill Rd,,Sideswipe-Same Direction,2,Cloudy,Dry,Daylight
2023-06-26T07:52:00.000,I 75,I 75 and Windy Hill Rd,,Sideswipe-Same Direction,2,Cloudy,Dry,Daylight
2023-06-12T07:50:00.000,I 75,I 75 and Windy Hill Rd,,Sideswipe-Same Direction,2,Cloudy,Wet,Daylight
2023-10-01T12:00:00.000,I 75,I 75 and Windy Hill Rd,,Rear End,2,Cloudy,Dry,Daylight
2023-06-02T08:34:00.000,I 75,I 75 and Windy Hill Rd,,Sideswipe-Same Direction,2,Clear,Dry,Daylight
2023-01-09T20:02:00.000,I 75,I 75 and Windy Hill Rd,,Sideswipe-Same Direction,3,Clear,Dry,Dark-Not Lighted
2023-06-29T03:30:00.000,I 75,I 75 and Windy Hill Rd,,Sideswipe-Same Direction,2,Clear,Dry,Dark-Not Lighted
2023-03-25T14:10:00.000,I 75,I 75 and Windy Hill Rd,,Angle Crash,3,Clear,Dry,Daylight
2023-12-27T09:59:00.000,I 75,I 75 and Windy Hill Rd,,Sideswipe-Same Direction,2,Clear,Wet,Daylight
2023-12-03T08:45:00.000,I 75,I 75 and Windy Hill Rd,,Not a Collision with Motor Vehicle,1,Clear,Wet,Daylight
2023-02-22T13:54:00.000,I 75,I 75 and Windy Hill Rd,,Sideswipe-Same Direction,2,Clear,Dry,Daylight
2023-05-11T20:50:00.000,I 75,I 75 and Windy Hill Rd,,Rear End,2,Clear,Dry,Dark-Not Lighted
2023-08-13T13:35:00.000,I 75,I 75 and Windy Hill Rd,,Rear End,2,Clear,Dry,Daylight
2023-01-06T16:10:00.000,I 75,I 75 and Windy Hill Rd,,Rear End,2,Clear,Dry,Daylight
2023-05-06T09:03:00.000,I 75,I 75 and Windy Hill Rd,,Not a Collision with Motor Vehicle,1,Cloudy,Dry,Daylight
2023-07-07T10:35:00.000,I 75,I 75 and Windy Hill Rd,,Rear End,3,Cloudy,Dry,Daylight
2023-03-09T07:06:00.000,I 75,I 75 and Windy Hill Rd,,Sideswipe-Same Direction,3,Cloudy,Dry,Daylight
2023-09-08T22:08:00.000,I 75,I 75 and Windy Hill Rd,,Sideswipe-Same Direction,2,Clear,Dry,Dark-Lighted
2023-08-07T16:44:00.000,I 75,I 75 and Windy Hill Rd,,Rear End,3,Cloudy,Dry,Daylight
2023-05-12T22:50:00.000,I 75,I 75 and Windy Hill Rd,,Rear End,2,Clear,Dry,Dark-Lighted
2023-08-21T14:59:00.000,I 75,I 75 and Windy Hill Rd,,Rear End,2,Clear,Dry,Daylight
2023-06-01T12:11:00.000,I 75,I 75 and Windy Hill Rd,,Sideswipe-Same Direction,2,Cloudy,Dry,Daylight
2023-02-09T18:20:00.000,I 75,I 75 and Windy Hill Rd,,Rear End,3,Rain,Wet,Dusk
2023-04-09T18:17:00.000,I 75,I 75 and Windy Hill Rd,,Rear End,3,Clear,Dry,Daylight
2023-02-22T18:11:00.000,I 75,I 75 and Windy Hill Rd,,Sideswipe-Same Direction,2,Clear,Dry,Daylight
2023-10-18T14:32:00.000,I 75,I 75 and Windy Hill Rd,,Rear End,2,Clear,Dry,Daylight
2023-04-18T08:53:00.000,I 75,I 75 and Windy Hill Rd,,Sideswipe-Same Direction,2,Clear,Dry,Daylight
2023-12-02T14:47:00.000,I 75,I 75 and Windy Hill Rd,,Sideswipe-Same Direction,1,Cloudy,Other,Daylight
2023-12-06T18:24:00.000,I 75,I 75 and Windy Hill Rd,,Sideswipe-Same Direction,2,Clear,Dry,Dark-Lighted
2023-05-16T01:43:00.000,I 75,I 75 and Windy Hill Rd,,Rear End,2,Clear,Dry,Dark-Lighted
2023-06-15T22:39:00.000,I 75,I 75 and Windy Hill Rd,,Rear End,4,Clear,Dry,Dark-Not Lighted
2023-12-02T12:30:00.000,I 75,I 75 and Windy Hill Rd,,Angle Crash,2,Cloudy,Wet,Daylight
2023-05-02T14:30:00.000,I 75,I 75 and Windy Hill Rd,,Rear End,2,Clear,Dry,Daylight
2023-01-29T16:40:00.000,I 75,I 75 and Windy Hill Rd,,Rear End,2,Rain,Wet,Daylight
2023-05-29T12:43:00.000,I 75,I 75 and Windy Hill Rd,,Rear End,3,Clear,Dry,Daylight
2023-03-21T22:40:00.000,I 75,I 75 and Windy Hill Rd,,Sideswipe-Same Direction,2,Clear,Dry,Dark-Lighted
2023-09-09T15:17:00.000,I 75,I 75 and Windy Hill Rd,,Rear End,2,Clear,Dry,Daylight
2023-05-02T09:30:00.000,I 75,I 75 and Windy Hill Rd,,Sideswipe-Same Direction,2,Clear,Dry,Daylight
2023-11-25T13:25:00.000,I 75,I 75 and Windy Hill Rd,,Rear End,3,Clear,Dry,Daylight
2023-10-29T13:30:00.000,I 75,I 75 and Windy Hill Rd,,Rear End,2,Clear,Dry,Daylight
2023-12-10T08:29:00.000,I 75,I 75 and Windy Hill Rd,,Not a Collision with Motor Vehicle,1,Rain,Wet,Daylight
2023-06-07T17:17:00.000,I 75,I 75 and Windy Hill Rd,,Sideswipe-Same Direction,2,Clear,Dry,Daylight
2023-01-24T14:26:00.000,I 75,I 75 and Windy Hill Rd,,Rear End,3,Cloudy,Wet,Daylight
2023-04-11T22:03:00.000,I 75,I 75 and Windy Hill Rd,,Angle Crash,2,Clear,Dry,Dark-Lighted
2023-08-28T12:17:00.000,I 75,I 75 and Windy Hill Rd,,Sideswipe-Same Direction,2,Cloudy,Dry,Daylight
2023-06-21T18:57:00.000,I 75,I 75 and Windy Hill Rd,,Not a Collision with Motor Vehicle,1,Rain,Wet,Daylight
2023-12-06T19:21:00.000,I 75,I 75 and Windy Hill Rd,,Rear End,2,Clear,Dry,Dark-Lighted
2023-11-19T13:47:00.000,I 75,I 75 and Windy Hill Rd,,Sideswipe-Same Direction,2,Clear,Dry,Daylight
2023-03-10T09:41:00.000,I 75,I 75 and Windy Hill Rd,,Sideswipe-Same Direction,2,Cloudy,Wet,Daylight
2023-10-27T16:55:00.000,I 75,I 75 and Windy Hill Rd,,Rear End,2,Clear,Dry,Daylight
2023-07-01T16:06:00.000,I 75,I 75 and Windy Hill Rd,,Rear End,2,Clear,Dry,Daylight
2023-01-24T16:39:00.000,I 75,I 75 and Windy Hill Rd,,Sideswipe-Same Direction,2,Clear,Dry,Daylight
2023-06-05T08:00:00.000,I 75,I 75 and Windy Hill Rd,,Sideswipe-Same Direction,2,Clear,Dry,Daylight
2022-05-29T16:00:00.000,I 75,I 75 and Windy Hill Rd,,Rear End,2,Clear,Dry,Daylight
2022-12-23T09:50:00.000,I 75,I 75 and Windy Hill Rd,,Sideswipe-Same Direction,2,Clear,Dry,Daylight
2022-02-15T18:45:00.000,I 75,I 75 and Windy Hill Rd,,Sideswipe-Same Direction,3,Clear,Dry,Dark-Not Lighted
2022-06-09T08:05:00.000,I 75,I 75 and Windy Hill Rd,,Sideswipe-Same Direction,2,Clear,Wet,Daylight
2022-10-08T12:22:00.000,I 75,I 75 and Windy Hill Rd,,Rear End,2,Clear,Dry,Daylight
2022-08-12T03:30:00.000,I 75,I 75 and Windy Hill Rd,,Not a Collision with Motor Vehicle,1,Clear,Dry,Dark-Lighted
2022-06-07T14:50:00.000,I 75,I 75 and Windy Hill Rd,,Rear End,2,Clear,Dry,Daylight
2022-06-11T19:58:00.000,I 75,I 75 and Windy Hill Rd,,Sideswipe-Same Direction,2,Clear,Dry,Daylight
2022-08-14T13:30:00.000,I 75,I 75 and Windy Hill Rd,,Rear End,2,Clear,Dry,Daylight
2022-01-08T14:00:00.000,I 75,I 75 and Windy Hill Rd,,Rear End,2,Clear,Dry,Daylight
2022-10-20T14:52:00.000,I 75,I 75 and Windy Hill Rd,,Angle Crash,2,Clear,Dry,Daylight
2022-08-22T12:47:00.000,I 75,I 75 and Windy Hill Rd,,Not a Collision with Motor Vehicle,2,Cloudy,Dry,Daylight
2022-04-27T11:20:00.000,I 75,I 75 and Windy Hill Rd,,Rear End,2,Clear,Dry,Daylight
2022-09-11T19:26:00.000,I 75,I 75 and Windy Hill Rd,,Rear End,4,Clear,Dry,Daylight
2022-05-20T16:30:00.000,I 75,I 75 and Windy Hill Rd,,Rear End,2,Clear,Dry,Daylight
2022-02-20T16:58:00.000,I 75,I 75 and Windy Hill Rd,,Sideswipe-Same Direction,2,Clear,Dry,Daylight
2022-04-10T00:53:00.000,I 75,I 75 and Windy Hill Rd,,Sideswipe-Same Direction,2,Clear,Dry,Dark-Not Lighted
2022-11-07T08:25:00.000,I 75,I 75 and Windy Hill Rd,,Sideswipe-Same Direction,2,Cloudy,Dry,Daylight
2023-01-24T14:57:00.000,I 75,I 75 and Windy Hill Rd,,Sideswipe-Same Direction,2,Clear,Dry,Daylight
2022-07-04T23:19:00.000,I 75,I 75 and Windy Hill Rd,,Not a Collision with Motor Vehicle,1,Rain,Water (standing or moving),Dark-Not Lighted
2022-02-17T14:23:00.000,I 75,I 75 and Windy Hill Rd,,Sideswipe-Same Direction,2,Cloudy,Dry,Daylight
2022-08-13T14:20:00.000,I 75,I 75 and Windy Hill Rd,,Angle Crash,5,Clear,Dry,Daylight
2021-01-11T04:30:00.000,I 75,I 75 and Windy Hill Rd,,Not a Collision with Motor Vehicle,1,Clear,Dry,Dark-Lighted
2021-04-17T17:50:00.000,I 75,I 75 and Windy Hill Rd,,Rear End,2,Clear,Dry,Daylight
2021-12-12T18:15:00.000,I 75,I 75 and Windy Hill Rd,,Rear End,2,Clear,Dry,Dark-Lighted
2021-01-08T14:22:00.000,I 75,I 75 and Windy Hill Rd,,Rear End,2,Clear,Wet,Daylight
2020-09-25T08:52:00.000,I 75,I 75 and Windy Hill Rd,,Rear End,2,Rain,Wet,Daylight
2020-11-03T10:42:00.000,I 75,I 75 and Windy Hill Rd,,Sideswipe-Same Direction,2,Clear,Dry,Daylight
2020-01-24T06:20:00.000,I 75,I 75 and Windy Hill Rd,,Rear End,3,Rain,Wet,Dark-Lighted
2020-09-01T06:43:00.000,I 75,I 75 and Windy Hill Rd,,Angle Crash,3,Clear,Dry,Dawn
2020-05-22T02:10:00.000,I 75,I 75 and Windy Hill Rd,,Sideswipe-Same Direction,2,Clear,Dry,Dark-Not Lighted
2020-08-04T07:08:00.000,I 75,I 75 and Windy Hill Rd,,Sideswipe-Same Direction,2,Clear,Dry,Daylight
2020-03-04T17:45:00.000,I 75,I 75 and Windy Hill Rd,,Sideswipe-Same Direction,2,Rain,Wet,Daylight
2020-09-18T11:42:00.000,I 75,I 75 and Windy Hill Rd,,Rear End,2,Clear,Dry,Daylight
2020-07-10T13:50:00.000,I 75,I 75 and Windy Hill Rd,,Not a Collision with Motor Vehicle,2,Clear,Dry,Daylight
2020-10-11T14:45:00.000,I 75,I 75 and Windy Hill Rd,,Not a Collision with Motor Vehicle,1,Rain,Wet,Daylight
2020-10-11T15:35:00.000,I 75,I 75 and Windy Hill Rd,,Rear End,3,Rain,Wet,Daylight
2020-12-19T14:46:00.000,I 75,I 75 and Windy Hill Rd,,Sideswipe-Same Direction,2,Clear,Dry,Daylight
2020-12-23T08:27:00.000,I 75,I 75 and Windy Hill Rd,,Rear End,2,Clear,Dry,Daylight
2020-08-14T21:20:00.000,I 75,I 75 and Windy Hill Rd,,Angle Crash,2,Cloudy,Dry,Dark-Not Lighted
2020-06-27T13:29:00.000,I 75,I 75 and Windy Hill Rd,,Angle Crash,1,Clear,Dry,Daylight
2020-08-29T16:25:00.000,I 75,I 75 and Windy Hill Rd,,Angle Crash,3,Clear,Dry,Daylight
2020-01-26T20:25:00.000,I 75,I 75 and Windy Hill Rd,,Sideswipe-Same Direction,2,Clear,Dry,Dark-Lighted
2020-10-09T20:20:00.000,I 75,I 75 and Windy Hill Rd,,Not a Collision with Motor Vehicle,1,Rain,Wet,Dark-Not Lighted
2020-01-30T00:15:00.000,I 75,I 75 and Windy Hill Rd,,Not a Collision with Motor Vehicle,1,Clear,Dry,Dark-Not Lighted
2020-10-17T14:15:00.000,I 75,I 75 and Windy Hill Rd,,Not a Collision with Motor Vehicle,1,Clear,Dry,Daylight
2020-07-19T14:09:00.000,I 75,I 75 and Windy Hill Rd,,Sideswipe-Same Direction,2,Clear,Dry,Daylight
2020-07-29T06:22:00.000,I 75,I 75 and Windy Hill Rd,,Angle Crash,3,Clear,Dry,Dawn
2020-08-14T22:30:00.000,I 75,I 75 and Windy Hill Rd,,Sideswipe-Same Direction,2,Clear,Dry,Dark-Lighted
2020-08-30T08:10:00.000,I 75,I 75 and Windy Hill Rd,,Sideswipe-Same Direction,2,Clear,Dry,Daylight
2020-10-17T13:35:00.000,I 75,I 75 and Windy Hill Rd,,Rear End,2,Clear,Dry,Daylight
2020-08-21T06:48:00.000,I 75,I 75 and Windy Hill Rd,,Rear End,3,Cloudy,Wet,Daylight
2020-02-13T20:57:00.000,I 75,I 75 and Windy Hill Rd,,Rear End,2,Cloudy,Dry,Dark-Lighted
2020-07-19T02:42:00.000,I 75,I 75 and Windy Hill Rd,,Sideswipe-Same Direction,2,Clear,Dry,Dark-Lighted
2020-11-05T06:50:00.000,I 75,I 75 and Windy Hill Rd,,Sideswipe-Same Direction,2,Clear,Dry,Dawn
2020-07-26T15:05:00.000,I 75,I 75 and Windy Hill Rd,,Rear End,2,Clear,Dry,Daylight
2020-01-28T04:32:00.000,I 75,I 75 and Windy Hill Rd,,Not a Collision with Motor Vehicle,1,Clear,Dry,Dark-Not Lighted
2020-12-21T14:08:00.000,I 75,I 75 and Windy Hill Rd,,Sideswipe-Same Direction,2,Clear,Dry,Daylight
2020-09-04T10:44:00.000,I 75,I 75 and Windy Hill Rd,,Sideswipe-Same Direction,2,Clear,Dry,Daylight
2020-09-14T08:20:00.000,I 75,I 75 and Windy Hill Rd,,Rear End,2,Clear,Dry,Daylight
2020-11-06T06:40:00.000,I 75,I 75 and Windy Hill Rd,,Rear End,2,Clear,Dry,Dawn
2020-08-03T18:04:00.000,I 75,I 75 and Windy Hill Rd,,Sideswipe-Same Direction,2,Clear,Dry,Dusk
2020-11-11T12:46:00.000,I 75,I 75 and Windy Hill Rd,,Sideswipe-Same Direction,2,Cloudy,Wet,Daylight
2020-06-27T17:05:00.000,I 75,I 75 and Windy Hill Rd,,Rear End,2,Rain,Wet,Daylight
2020-11-09T21:10:00.000,I 75,I 75 and Windy Hill Rd,,Sideswipe-Same Direction,2,Clear,Dry,Dark-Not Lighted
2020-07-04T22:20:00.000,I 75,I 75 and Windy Hill Rd,,Rear End,2,Clear,Dry,Dark-Lighted
2020-03-23T17:12:00.000,I 75,I 75 and Windy Hill Rd,,Rear End,2,Rain,Wet,Daylight
2020-01-05T16:10:00.000,I 75,I 75 and Windy Hill Rd,,Rear End,2,Clear,Dry,Daylight
2020-12-03T22:10:00.000,I 75,I 75 and Windy Hill Rd,,Sideswipe-Same Direction,2,Clear,Other,Dark-Lighted
2020-01-02T18:28:00.000,I 75,I 75 and Windy Hill Rd,,Rear End,2,Rain,Wet,Dark-Not Lighted
2020-06-23T10:35:00.000,I 75,I 75 and Windy Hill Rd,,Sideswipe-Same Direction,4,Cloudy,Dry,Daylight
2020-09-28T08:30:00.000,I 75,I 75 and Windy Hill Rd,,Rear End,2,Cloudy,Wet,Daylight
2020-07-10T13:50:00.000,I 75,I 75 and Windy Hill Rd,,Not a Collision with Motor Vehicle,2,Clear,Dry,Daylight
2020-12-18T10:15:00.000,I 75,I 75 and Windy Hill Rd,,Sideswipe-Same Direction,2,Clear,Dry,Daylight
2020-10-11T14:45:00.000,I 75,I 75 and Windy Hill Rd,,Not a Collision with Motor Vehicle,1,Rain,Wet,Daylight
2020-10-27T09:30:00.000,I 75,I 75 and Windy Hill Rd,,Sideswipe-Same Direction,2,Clear,Dry,Daylight
2020-08-13T11:45:00.000,I 75,I 75 and Windy Hill Rd,,Sideswipe-Same Direction,2,Cloudy,Dry,Daylight
2020-12-31T17:45:00.000,I 75,I 75 and Windy Hill Rd,,Rear End,2,Cloudy,Wet,Dark-Not Lighted
2020-06-08T10:48:00.000,I 75,I 75 and Windy Hill Rd,,Sideswipe-Same Direction,2,Cloudy,Dry,Daylight
2020-09-27T20:30:00.000,I 75,I 75 and Windy Hill Rd,,Rear End,2,Clear,Dry,Daylight
2020-06-04T15:15:00.000,I 75,I 75 and Windy Hill Rd,,Sideswipe-Same Direction,2,Cloudy,Dry,Daylight
2020-01-23T22:30:00.000,I 75,I 75 and Windy Hill Rd,,Rear End,1,Rain,Wet,Dark-Not Lighted
2020-07-15T11:08:00.000,I 75,I 75 and Windy Hill Rd,,Rear End,2,Clear,Dry,Daylight
2020-01-15T13:23:00.000,I 75,I 75 and Windy Hill Rd,,Sideswipe-Same Direction,2,Cloudy,Dry,Daylight
2020-02-15T19:30:00.000,I 75,I 75 and Windy Hill Rd,,Rear End,2,Clear,Dry,Dark-Lighted
2020-10-01T10:03:00.000,I 75,I 75 and Windy Hill Rd,,Rear End,2,Clear,Dry,Daylight
2020-06-30T14:42:00.000,I 75,I 75 and Windy Hill Rd,,Rear End,2,Cloudy,Dry,Daylight
2020-01-12T03:48:00.000,I 75,I 75 and Windy Hill Rd,,Sideswipe-Same Direction,2,Cloudy,Wet,Dark-Not Lighted
2020-10-09T03:52:00.000,I 75,I 75 and Windy Hill Rd,,Not a Collision with Motor Vehicle,1,Clear,Dry,Dark-Lighted
2020-09-14T11:55:00.000,I 75,I 75 and Windy Hill Rd,,Sideswipe-Same Direction,2,Cloudy,Dry,Daylight
2020-11-30T12:09:00.000,I 75,I 75 and Windy Hill Rd,,Sideswipe-Same Direction,2,Cloudy,Wet,Daylight
2020-09-13T13:52:00.000,I 75,I 75 and Windy Hill Rd,,Angle Crash,2,Clear,Dry,Daylight
2020-02-23T22:25:00.000,I 75,I 75 and Windy Hill Rd,,Rear End,2,Clear,Dry,Dark-Not Lighted
2020-11-25T13:45:00.000,I 75,I 75 and Windy Hill Rd,,Sideswipe-Same Direction,2,Cloudy,Dry,Daylight
2020-01-07T07:08:00.000,I 75,I 75 and Windy Hill Rd,,Sideswipe-Same Direction,2,Cloudy,Wet,Daylight
2020-08-09T17:15:00.000,I 75,I 75 and Windy Hill Rd,,Rear End,3,Clear,Dry,Daylight
2020-06-12T10:40:00.000,I 75,I 75 and Windy Hill Rd,,Sideswipe-Same Direction,2,Clear,Dry,Daylight
2020-07-27T14:29:00.000,I 75,I 75 and Windy Hill Rd,,Sideswipe-Same Direction,2,Clear,Dry,Daylight
2020-07-10T12:03:00.000,I 75,I 75 and Windy Hill Rd,,Not a Collision with Motor Vehicle,2,Clear,Dry,Daylight
2020-08-10T08:30:00.000,I 75,I 75 and Windy Hill Rd,,Not a Collision with Motor Vehicle,1,Clear,Dry,Daylight
2020-12-30T12:48:00.000,I 75,I 75 and Windy Hill Rd,,Sideswipe-Same Direction,2,Cloudy,Dry,Daylight
2020-01-24T06:25:00.000,I 75,I 75 and Windy Hill Rd,,Rear End,3,Rain,Wet,Dark-Lighted
2020-08-24T17:38:00.000,I 75,I 75 and Windy Hill Rd,,Rear End,2,Cloudy,Dry,Daylight
2020-04-25T15:51:00.000,I 75,I 75 and Windy Hill Rd,,Sideswipe-Same Direction,2,Clear,Dry,Daylight
2020-09-14T07:42:00.000,I 75,I 75 and Windy Hill Rd,,Angle Crash,3,Clear,Dry,Daylight
2020-02-23T15:48:00.000,I 75,I 75 and Windy Hill Rd,,Angle Crash,2,Cloudy,Dry,Daylight
2020-12-02T08:55:00.000,I 75,I 75 and Windy Hill Rd,,Sideswipe-Same Direction,2,Cloudy,Dry,Daylight
2020-08-03T08:16:00.000,I 75,I 75 and Windy Hill Rd,,Rear End,2,Clear,Dry,Daylight
2020-03-04T15:20:00.000,I 75,I 75 and Windy Hill Rd,,Sideswipe-Same Direction,2,Rain,Wet,Daylight
2020-07-07T21:22:00.000,I 75,I 75 and Windy Hill Rd,,Rear End,2,Clear,Dry,Dark-Lighted
2020-01-27T13:05:00.000,I 75,I 75 and Windy Hill Rd,,Rear End,2,Cloudy,Wet,Daylight
2020-11-11T14:15:00.000,I 75,I 75 and Windy Hill Rd,,Rear End,3,Cloudy,Wet,Daylight
2020-03-15T09:49:00.000,I 75,I 75 and Windy Hill Rd,,Sideswipe-Same Direction,2,Cloudy,Wet,Daylight
2020-12-09T18:18:00.000,I 75,I 75 and Windy Hill Rd,,Sideswipe-Same Direction,2,Clear,Dry,Dark-Lighted
2020-03-23T20:20:00.000,I 75,I 75 and Windy Hill Rd,,Not a Collision with Motor Vehicle,1,Rain,Wet,Dark-Not Lighted
2020-12-09T18:49:00.000,I 75,I 75 and Windy Hill Rd,,Rear End,2,Clear,Dry,Dark-Not Lighted
2020-12-10T09:05:00.000,I 75,I 75 and Windy Hill Rd,,Sideswipe-Same Direction,2,Cloudy,Dry,Daylight
2020-06-25T08:49:00.000,I 75,I 75 and Windy Hill Rd,,Sideswipe-Same Direction,2,Cloudy,Dry,Daylight
2020-09-29T18:35:00.000,I 75,I 75 and Windy Hill Rd,,Angle Crash,2,Cloudy,Dry,Daylight
2020-10-02T06:56:00.000,I 75,I 75 and Windy Hill Rd,,Not a Collision with Motor Vehicle,1,Clear,Dry,Dawn
2020-09-01T12:11:00.000,I 75,I 75 and Windy Hill Rd,,Sideswipe-Same Direction,2,Cloudy,Dry,Daylight
2020-10-25T08:36:00.000,I 75,I 75 and Windy Hill Rd,,Not a Collision with Motor Vehicle,1,Cloudy,Wet,Daylight
2020-10-12T07:50:00.000,I 75,I 75 and Windy Hill Rd,,Not a Collision with Motor Vehicle,1,Cloudy,Dry,Daylight
2020-11-25T19:00:00.000,I 75,I 75 and Windy Hill Rd,,Sideswipe-Same Direction,3,Rain,Wet,Daylight
2020-12-12T18:07:00.000,I 75,I 75 and Windy Hill Rd,,Angle Crash,2,Rain,Wet,Dark-Not Lighted
2020-11-01T12:10:00.000,I 75,I 75 and Windy Hill Rd,,Rear End,2,Cloudy,Dry,Daylight
2020-10-15T12:40:00.000,I 75,I 75 and Windy Hill Rd,,Sideswipe-Same Direction,2,Cloudy,Dry,Daylight
2020-11-19T22:22:00.000,I 75,I 75 and Windy Hill Rd,,Sideswipe-Same Direction,2,Clear,Dry,Dark-Lighted
2020-07-07T21:22:00.000,I 75,I 75 and Windy Hill Rd,,Rear End,2,Clear,Dry,Dark-Lighted
2020-10-16T09:39:00.000,I 75,I 75 and Windy Hill Rd,,Rear End,2,Clear,Dry,Daylight
2020-02-23T22:14:00.000,I 75,I 75 and Windy Hill Rd,,Not a Collision with Motor Vehicle,1,Clear,Dry,Dark-Lighted
2020-02-04T22:52:00.000,I 75,I 75 and Windy Hill Rd,,Sideswipe-Same Direction,2,Clear,Dry,Dark-Not Lighted
2020-07-10T12:59:00.000,I 75,I 75 and Windy Hill Rd,,Not a Collision with Motor Vehicle,2,Clear,Dry,Daylight
2020-10-19T13:30:00.000,I 75,I 75 and Windy Hill Rd,,Rear End,2,Clear,Dry,Daylight
2020-01-05T11:56:00.000,I 75,I 75 and Windy Hill Rd,,Rear End,4,Clear,Dry,Daylight
2020-11-13T13:10:00.000,I 75,I 75 and Windy Hill Rd,,Rear End,3,Clear,Dry,Daylight
2020-08-06T05:18:00.000,I 75,I 75 and Windy Hill Rd,,Angle Crash,2,Cloudy,Dry,Dark-Lighted
2020-07-01T11:40:00.000,I 75,I 75 and Windy Hill Rd,,Rear End,2,Cloudy,Dry,Daylight
2020-10-03T16:50:00.000,I 75,I 75 and Windy Hill Rd,,Not a Collision with Motor Vehicle,2,Clear,Dry,Daylight
2020-02-22T16:45:00.000,I 75,I 75 and Windy Hill Rd,,Sideswipe-Same Direction,2,Clear,Dry,Daylight
2020-10-08T14:08:00.000,I 75,I 75 and Windy Hill Rd,,Rear End,2,Clear,Dry,Daylight
2020-06-01T21:00:00.000,I 75,I 75 and Windy Hill Rd,,Not a Collision with Motor Vehicle,1,Clear,Dry,Dark-Not Lighted
2020-07-22T03:50:00.000,I 75,I 75 and Windy Hill Rd,,Sideswipe-Same Direction,2,Clear,Wet,Dark-Not Lighted