Date and Time,Roadway (From Crash Report),Intersection Name (from Crash Report),KABCO Severity,Manner of Collision (Crash Level) ,# of Vehicles per crash ,Weather Conditions (Crash Level),Surface Condition (Crash Level) ,Light Conditions (Crash Level)
2020-09-03T16:35:00.000,I 75,I 75 and Windy Hill Rd,,Sideswipe-Same Direction,2,Clear,Dry,Daylight
2020-10-25T06:29:00.000,I 75,I 75 and Windy Hill Rd,,Not a Collision with Motor Vehicle,1,Cloudy,Wet,Dark-Not Lighted
2020-02-22T11:16:00.000,I 75,I 75 and Windy Hill Rd,,Angle Crash,3,Clear,Dry,Daylight
2020-02-10T19:55:00.000,I 75,I 75 and Windy Hill Rd,,Rear End,2,Rain,Wet,Dark-Not Lighted
2020-05-20T14:40:00.000,I 75,I 75 and Windy Hill Rd,,Rear End,3,Cloudy,Dry,Daylight
2020-11-26T02:00:00.000,I 75,I 75 and Windy Hill Rd,,Not a Collision with Motor Vehicle,1,Rain,Wet,Dark-Lighted
2020-06-13T12:18:00.000,I 75,I 75 and Windy Hill Rd,,Rear End,2,Cloudy,Dry,Daylight
2020-06-08T21:37:00.000,I 75,I 75 and Windy Hill Rd,,Not a Collision with Motor Vehicle,1,Clear,Dry,Dark-Not Lighted
2020-03-04T17:25:00.000,I 75,I 75 and Windy Hill Rd,,Rear End,2,Rain,Wet,Daylight
2020-01-05T16:10:00.000,I 75,I 75 and Windy Hill Rd,,Rear End,2,Clear,Dry,Daylight
2020-04-03T11:55:00.000,I 75,I 75 and Windy Hill Rd,,Sideswipe-Same Direction,2,Clear,Dry,Daylight
2020-10-17T00:00:00.000,I 75,I 75 and Windy Hill Rd,,Rear End,3,Clear,Dry,Dark-Not Lighted
2020-12-18T09:54:00.000,I 75,I 75 and Windy Hill Rd,,Rear End,2,Clear,Dry,Daylight
2020-03-06T20:15:00.000,I 75,I 75 and Windy Hill Rd,,Sideswipe-Same Direction,2,Clear,Dry,Dark-Lighted
2020-03-01T19:50:00.000,I 75,I 75 and Windy Hill Rd,,Sideswipe-Same Direction,2,Clear,Dry,Dark-Not Lighted
2020-09-16T15:46:00.000,I 75,I 75 and Windy Hill Rd,,Sideswipe-Same Direction,2,Rain,Wet,Daylight
2020-10-28T23:20:00.000,I 75,I 75 and Windy Hill Rd,,Rear End,2,Rain,Wet,Dark-Not Lighted
2020-08-22T01:44:00.000,I 75,I 75 and Windy Hill Rd,,Rear End,3,Clear,Dry,Dark-Lighted
2020-10-18T19:00:00.000,I 75,I 75 and Windy Hill Rd,,Rear End,2,Clear,Dry,Daylight
2020-12-21T14:04:00.000,I 75,I 75 and Windy Hill Rd,,Sideswipe-Same Direction,2,Cloudy,Dry,Daylight
2020-03-30T10:12:00.000,I 75,I 75 and Windy Hill Rd,,Sideswipe-Same Direction,2,Cloudy,Dry,Daylight
2020-10-09T19:48:00.000,I 75,I 75 and Windy Hill Rd,,Sideswipe-Same Direction,2,Rain,Wet,Dark-Lighted
2020-10-22T09:06:00.000,I 75,I 75 and Windy Hill Rd,,Sideswipe-Same Direction,2,Cloudy,Dry,Daylight
2020-06-23T12:36:00.000,I 75,I 75 and Windy Hill Rd,,Rear End,2,Cloudy,Wet,Daylight
2020-09-10T00:10:00.000,I 75,I 75 and Windy Hill Rd,,Angle Crash,2,Clear,Dry,Dark-Not Lighted
2020-12-05T06:00:00.000,I 75,I 75 and Windy Hill Rd,,Rear End,3,Clear,Dry,Dark-Lighted
2020-12-24T14:31:00.000,I 75,I 75 and Windy Hill Rd,,Angle Crash,2,Rain,Wet,Daylight
2020-08-24T20:35:00.000,I 75,I 75 and Windy Hill Rd,,Sideswipe-Same Direction,2,Cloudy,Dry,Dark-Lighted
2020-07-01T16:35:00.000,I 75,I 75 and Windy Hill Rd,,Rear End,2,Clear,Dry,Daylight
2020-12-13T04:10:00.000,I 75,I 75 and Windy Hill Rd,,Not a Collision with Motor Vehicle,1,Clear,Dry,Dark-Not Lighted
2020-09-22T15:00:00.000,I 75,I 75 and Windy Hill Rd,,Sideswipe-Same Direction,2,Clear,Dry,Daylight
2020-10-26T06:12:00.000,I 75,I 75 and Windy Hill Rd,,Sideswipe-Same Direction,2,Cloudy,Dry,Dark-Not Lighted
2020-11-07T12:21:00.000,I 75,I 75 and Windy Hill Rd,,Sideswipe-Same Direction,2,Cloudy,Dry,Daylight
2020-02-01T21:25:00.000,I 75,I 75 and Windy Hill Rd,,Rear End,2,Clear,Dry,Dark-Lighted
2020-04-03T08:21:00.000,I 75,I 75 and Windy Hill Rd,,Sideswipe-Same Direction,3,Clear,Dry,Daylight
2020-12-31T00:03:00.000,I 75,I 75 and Windy Hill Rd,,Not a Collision with Motor Vehicle,1,Clear,Dry,Dark-Lighted
2020-09-25T15:15:00.000,I 75,I 75 and Windy Hill Rd,,Rear End,2,Clear,Dry,Daylight
2020-12-21T12:30:00.000,I 75,I 75 and Windy Hill Rd,,Rear End,2,Clear,Dry,Daylight
2020-12-19T09:43:00.000,I 75,I 75 and Windy Hill Rd,,Sideswipe-Same Direction,1,Clear,Dry,Daylight
2020-01-24T16:43:00.000,I 75,I 75 and Windy Hill Rd,,Rear End,2,Cloudy,Wet,Daylight
2020-09-25T11:41:00.000,I 75,I 75 and Windy Hill Rd,,Rear End,2,Cloudy,Dry,Daylight
2020-06-13T12:21:00.000,I 75,I 75 and Windy Hill Rd,,Rear End,2,Clear,Dry,Daylight
2021-04-11T15:45:00.000,I 75,I 75 and Windy Hill Rd,,Rear End,2,Clear,Dry,Daylight
2021-02-04T22:40:00.000,I 75,I 75 and Windy Hill Rd,,Sideswipe-Same Direction,2,Clear,Dry,Dark-Lighted
2021-06-06T11:41:00.000,I 75,I 75 and Windy Hill Rd,,Rear End,2,Cloudy,Dry,Daylight
2021-03-28T17:55:00.000,I 75,I 75 and Windy Hill Rd,,Rear End,2,Cloudy,Dry,Daylight
2021-03-31T17:35:00.000,I 75,I 75 and Windy Hill Rd,,Rear End,2,Cloudy,Wet,Daylight
2021-04-04T15:20:00.000,I 75,I 75 and Windy Hill Rd,,Rear End,2,Clear,Dry,Daylight
2021-05-13T10:20:00.000,I 75,I 75 and Windy Hill Rd,,Rear End,4,Clear,Dry,Daylight
2021-02-06T16:30:00.000,I 75,I 75 and Windy Hill Rd,,Rear End,3,Sleet,Wet,Daylight
2021-01-15T07:21:00.000,I 75,I 75 and Windy Hill Rd,,Sideswipe-Same Direction,2,Clear,Dry,Dawn
2021-06-10T06:56:00.000,I 75,I 75 and Windy Hill Rd,,Sideswipe-Same Direction,2,Cloudy,Dry,Daylight
2021-02-20T20:40:00.000,I 75,I 75 and Windy Hill Rd,,Sideswipe-Same Direction,2,Clear,Dry,Dark-Not Lighted
2021-04-18T14:26:00.000,I 75,I 75 and Windy Hill Rd,,Sideswipe-Same Direction,2,Clear,Dry,Daylight
2021-03-06T13:31:00.000,I 75,I 75 and Windy Hill Rd,,Sideswipe-Same Direction,2,Clear,Dry,Daylight
2021-02-14T19:05:00.000,I 75,I 75 and Windy Hill Rd,,Rear End,2,Rain,Wet,Dark-Lighted
2021-01-12T15:15:00.000,I 75,I 75 and Windy Hill Rd,,Sideswipe-Same Direction,2,Cloudy,Dry,Daylight
2021-04-21T14:30:00.000,I 75,I 75 and Windy Hill Rd,,Rear End,2,Clear,Dry,Daylight
2021-03-31T06:20:00.000,I 75,I 75 and Windy Hill Rd,,Sideswipe-Same Direction,2,Cloudy,Wet,Dark-Not Lighted
2021-03-18T16:36:00.000,I 75,I 75 and Windy Hill Rd,,Not a Collision with Motor Vehicle,1,Cloudy,Dry,Daylight
2021-04-24T16:10:00.000,I 75,I 75 and Windy Hill Rd,,Sideswipe-Same Direction,2,Clear,Dry,Daylight
2021-01-29T09:18:00.000,I 75,I 75 and Windy Hill Rd,,Sideswipe-Same Direction,2,Clear,Dry,Daylight
2021-01-26T14:17:00.000,I 75,I 75 and Windy Hill Rd,,Angle Crash,2,Cloudy,Dry,Daylight
2021-01-18T12:44:00.000,I 75,I 75 and Windy Hill Rd,,Rear End,2,Clear,Dry,Daylight
2021-05-03T12:22:00.000,I 75,I 75 and Windy Hill Rd,,Sideswipe-Same Direction,2,Rain,Wet,Daylight
2021-06-29T09:26:00.000,I 75,I 75 and Windy Hill Rd,,Not a Collision with Motor Vehicle,1,Cloudy,Wet,Daylight
2021-06-21T16:39:00.000,I 75,I 75 and Windy Hill Rd,,Sideswipe-Same Direction,3,Cloudy,Wet,Daylight
2021-05-09T22:47:00.000,I 75,I 75 and Windy Hill Rd,,Sideswipe-Same Direction,2,Rain,Wet,Dark-Lighted
2021-01-02T17:20:00.000,I 75,I 75 and Windy Hill Rd,,Sideswipe-Same Direction,2,Clear,Dry,Daylight
2021-06-28T09:01:00.000,I 75,I 75 and Windy Hill Rd,,Rear End,3,Clear,Dry,Daylight
2021-05-27T23:25:00.000,I 75,I 75 and Windy Hill Rd,,Sideswipe-Same Direction,2,Clear,Wet,Dark-Lighted
2021-03-28T15:00:00.000,I 75,I 75 and Windy Hill Rd,,Rear End,2,Cloudy,Wet,Daylight
2021-03-06T03:15:00.000,I 75,I 75 and Windy Hill Rd,,Sideswipe-Same Direction,2,Clear,Dry,Dark-Not Lighted
2021-06-21T08:03:00.000,I 75,I 75 and Windy Hill Rd,,Sideswipe-Same Direction,3,Clear,Dry,Daylight
2021-06-24T13:01:00.000,I 75,I 75 and Windy Hill Rd,,Rear End,2,Cloudy,Dry,Daylight
2021-02-17T12:10:00.000,I 75,I 75 and Windy Hill Rd,,Rear End,2,Clear,Dry,Daylight
2021-05-01T02:17:00.000,I 75,I 75 and Windy Hill Rd,,Not a Collision with Motor Vehicle,1,Clear,Dry,Dark-Lighted
2021-10-18T09:55:00.000,I 75,I 75 and Windy Hill Rd,,Sideswipe-Same Direction,2,Clear,Dry,Daylight
2021-10-23T13:29:00.000,I 75,I 75 and Windy Hill Rd,,Rear End,2,Clear,Dry,Daylight
2021-11-28T18:00:00.000,I 75,I 75 and Windy Hill Rd,,Rear End,2,Clear,Dry,Dark-Lighted
2021-12-30T17:37:00.000,I 75,I 75 and Windy Hill Rd,,Sideswipe-Same Direction,2,Cloudy,Dry,Daylight
2021-12-27T13:50:00.000,I 75,I 75 and Windy Hill Rd,,Rear End,3,Cloudy,Dry,Daylight
2021-10-26T10:18:00.000,I 75,I 75 and Windy Hill Rd,,Sideswipe-Same Direction,2,Cloudy,Dry,Daylight
2021-11-03T08:14:00.000,I 75,I 75 and Windy Hill Rd,,Angle Crash,2,Clear,Dry,Daylight
2021-12-26T14:17:00.000,I 75,I 75 and Windy Hill Rd,,Rear End,4,Cloudy,Dry,Daylight
2021-08-06T23:30:00.000,I 75,I 75 and Windy Hill Rd,,Rear End,2,Clear,Dry,Dark-Not Lighted
2021-08-31T23:41:00.000,I 75,I 75 and Windy Hill Rd,,Not a Collision with Motor Vehicle,1,Rain,Wet,Dark-Not Lighted
2021-08-04T17:50:00.000,I 75,I 75 and Windy Hill Rd,,Rear End,2,Clear,Dry,Daylight
2021-11-09T20:11:00.000,I 75,I 75 and Windy Hill Rd,,Rear End,2,Clear,Dry,Dark-Lighted
2021-09-15T12:40:00.000,I 75,I 75 and Windy Hill Rd,,Rear End,2,Cloudy,Dry,Daylight
2021-10-09T18:30:00.000,I 75,I 75 and Windy Hill Rd,,Sideswipe-Same Direction,1,Clear,Dry,Dark-Not Lighted
2021-09-11T21:15:00.000,I 75,I 75 and Windy Hill Rd,,Not a Collision with Motor Vehicle,1,Clear,Dry,Dark-Lighted
2021-07-20T15:22:00.000,I 75,I 75 and Windy Hill Rd,,Rear End,2,Rain,Wet,Daylight
2021-11-08T10:00:00.000,I 75,I 75 and Windy Hill Rd,,Rear End,2,Clear,Dry,Daylight
2021-12-30T15:15:00.000,I 75,I 75 and Windy Hill Rd,,Rear End,2,Cloudy,Wet,Daylight
2021-08-16T11:05:00.000,I 75,I 75 and Windy Hill Rd,,Rear End,2,Clear,Dry,Daylight
2021-10-26T14:40:00.000,I 75,I 75 and Windy Hill Rd,,Sideswipe-Same Direction,2,Clear,Dry,Daylight
2021-07-09T14:13:00.000,I 75,I 75 and Windy Hill Rd,,Rear End,3,Rain,Wet,Daylight
2021-08-08T01:17:00.000,I 75,I 75 and Windy Hill Rd,,Sideswipe-Same Direction,2,Clear,Dry,Dark-Lighted
2021-09-20T11:08:00.000,I 75,I 75 and Windy Hill Rd,,Not a Collision with Motor Vehicle,1,Cloudy,Wet,Daylight
2021-08-22T16:10:00.000,I 75,I 75 and Windy Hill Rd,,Angle Crash,2,Clear,Dry,Daylight
2021-11-15T10:40:00.000,I 75,I 75 and Windy Hill Rd,,Sideswipe-Same Direction,2,Clear,Dry,Daylight
2021-07-22T13:30:00.000,I 75,I 75 and Windy Hill Rd,,Sideswipe-Same Direction,2,Cloudy,Dry,Daylight
2021-12-08T06:10:00.000,I 75,I 75 and Windy Hill Rd,,Sideswipe-Same Direction,2,Rain,Wet,Dark-Not Lighted
2021-08-12T07:25:00.000,I 75,I 75 and Windy Hill Rd,,Rear End,2,Clear,Wet,Daylight
2021-10-28T19:40:00.000,I 75,I 75 and Windy Hill Rd,,Rear End,2,Clear,Wet,Dark-Not Lighted
2021-07-15T11:40:00.000,I 75,I 75 and Windy Hill Rd,,Sideswipe-Same Direction,2,Clear,Dry,Daylight
2021-10-13T12:15:00.000,I 75,I 75 and Windy Hill Rd,,Sideswipe-Same Direction,2,Clear,Dry,Daylight
2021-07-10T14:33:00.000,I 75,I 75 and Windy Hill Rd,,Rear End,2,Rain,Wet,Daylight
2021-12-04T10:30:00.000,I 75,I 75 and Windy Hill Rd,,Rear End,2,Cloudy,Dry,Daylight
2021-07-22T11:12:00.000,I 75,I 75 and Windy Hill Rd,,Sideswipe-Same Direction,2,Cloudy,Dry,Daylight
2021-10-20T06:55:00.000,I 75,I 75 and Windy Hill Rd,,Rear End,2,Cloudy,Dry,Dark-Not Lighted
2021-08-18T18:53:00.000,I 75,I 75 and Windy Hill Rd,,Sideswipe-Same Direction,2,Clear,Dry,Daylight
2021-11-12T06:25:00.000,I 75,I 75 and Windy Hill Rd,,Rear End,2,Clear,Dry,Dawn
2021-09-03T11:10:00.000,I 75,I 75 and Windy Hill Rd,,Rear End,2,Cloudy,Dry,Daylight
2021-10-07T14:32:00.000,I 75,I 75 and Windy Hill Rd,,Not a Collision with Motor Vehicle,2,Cloudy,Dry,Daylight
2021-07-13T13:20:00.000,I 75,I 75 and Windy Hill Rd,,Not a Collision with Motor Vehicle,1,Cloudy,Dry,Daylight
2021-12-18T03:10:00.000,I 75,I 75 and Windy Hill Rd,,Sideswipe-Same Direction,2,Clear,Wet,Dark-Lighted
2021-12-15T15:00:00.000,I 75,I 75 and Windy Hill Rd,,Angle Crash,2,Cloudy,Dry,Daylight
2021-11-19T20:18:00.000,I 75,I 75 and Windy Hill Rd,,Sideswipe-Same Direction,2,Clear,Dry,Dark-Not Lighted
2021-12-02T12:48:00.000,I 75,I 75 and Windy Hill Rd,,Sideswipe-Same Direction,2,Clear,Dry,Daylight
2021-10-28T08:58:00.000,I 75,I 75 and Windy Hill Rd,,Sideswipe-Same Direction,2,Rain,Wet,Daylight
2021-11-30T12:55:00.000,I 75,I 75 and Windy Hill Rd,,Sideswipe-Same Direction,2,Clear,Dry,Daylight
2021-09-16T07:20:00.000,I 75,I 75 and Windy Hill Rd,,Rear End,3,Rain,Wet,Daylight
2021-10-21T16:21:00.000,I 75,I 75 and Windy Hill Rd,,Angle Crash,2,Cloudy,Wet,Daylight
2021-08-13T12:30:00.000,I 75,I 75 and Windy Hill Rd,,Sideswipe-Same Direction,2,Clear,Dry,Daylight
2021-08-06T09:30:00.000,I 75,I 75 and Windy Hill Rd,,Sideswipe-Same Direction,2,Clear,Dry,Daylight
2021-07-31T03:22:00.000,I 75,I 75 and Windy Hill Rd,,Sideswipe-Same Direction,2,Clear,Dry,Dark-Lighted
2021-07-01T05:49:00.000,I 75,I 75 and Windy Hill Rd,,Not a Collision with Motor Vehicle,1,Clear,Dry,Daylight
2021-11-02T07:05:00.000,I 75,I 75 and Windy Hill Rd,,Angle Crash,2,Clear,Dry,Dark-Not Lighted
2021-10-31T12:38:00.000,I 75,I 75 and Windy Hill Rd,,Sideswipe-Same Direction,2,Clear,Dry,Daylight
2022-01-01T15:00:00.000,I 75,I 75 and Windy Hill Rd,,Sideswipe-Same Direction,2,Cloudy,Dry,Daylight
2022-09-15T09:29:00.000,I 75,I 75 and Windy Hill Rd,,Sideswipe-Same Direction,2,Clear,Dry,Daylight
2022-10-07T11:14:00.000,I 75,I 75 and Windy Hill Rd,,Sideswipe-Same Direction,2,Clear,Dry,Daylight
2022-04-07T21:04:00.000,I 75,I 75 and Windy Hill Rd,,Angle Crash,2,Cloudy,Dry,Dark-Not Lighted
2022-10-12T15:19:00.000,I 75,I 75 and Windy Hill Rd,,Rear End,2,Rain,Wet,Daylight
2022-02-04T20:46:00.000,I 75,I 75 and Windy Hill Rd,,Sideswipe-Same Direction,2,Clear,Dry,Dark-Lighted
2022-10-03T16:13:00.000,I 75,I 75 and Windy Hill Rd,,Sideswipe-Same Direction,2,Clear,Dry,Daylight
2022-05-28T10:01:00.000,I 75,I 75 and Windy Hill Rd,,Not a Collision with Motor Vehicle,1,Clear,Dry,Daylight
2022-12-14T08:40:00.000,I 75,I 75 and Windy Hill Rd,,Not a Collision with Motor Vehicle,2,Cloudy,Dry,Daylight
2022-10-20T05:00:00.000,I 75,I 75 and Windy Hill Rd,,Not a Collision with Motor Vehicle,1,Cloudy,Dry,Dark-Not Lighted
2022-05-21T23:46:00.000,I 75,I 75 and Windy Hill Rd,,Sideswipe-Same Direction,2,Clear,Dry,Dark-Lighted
2022-11-27T17:14:00.000,I 75,I 75 and Windy Hill Rd,,Rear End,2,Clear,Dry,Daylight
2022-01-15T11:30:00.000,I 75,I 75 and Windy Hill Rd,,Angle Crash,2,Cloudy,Dry,Daylight
2022-03-13T15:13:00.000,I 75,I 75 and Windy Hill Rd,,Sideswipe-Same Direction,2,Clear,Dry,Daylight
2022-03-31T10:32:00.000,I 75,I 75 and Windy Hill Rd,,Sideswipe-Same Direction,2,Cloudy,Dry,Daylight
2022-11-19T09:38:00.000,I 75,I 75 and Windy Hill Rd,,Rear End,2,Clear,Dry,Daylight
2022-12-02T11:24:00.000,I 75,I 75 and Windy Hill Rd,,Rear End,2,Clear,Dry,Daylight
2022-11-08T11:32:00.000,I 75,I 75 and Windy Hill Rd,,Sideswipe-Same Direction,2,Clear,Dry,Daylight
2022-08-15T06:37:00.000,I 75,I 75 and Windy Hill Rd,,Sideswipe-Same Direction,2,Clear,Dry,Daylight
2022-05-12T12:03:00.000,I 75,I 75 and Windy Hill Rd,,Rear End,2,Clear,Dry,Daylight
2022-03-12T00:53:00.000,I 75,I 75 and Windy Hill Rd,,Rear End,2,Rain,Wet,Dark-Lighted
2022-08-31T08:42:00.000,I 75,I 75 and Windy Hill Rd,,Sideswipe-Same Direction,2,Clear,Dry,Daylight
2021-09-16T10:58:00.000,I 75,I 75 and Windy Hill Rd,,Sideswipe-Same Direction,2,Rain,Wet,Daylight
2021-09-18T22:56:00.000,I 75,I 75 and Windy Hill Rd,,Rear End,4,Rain,Wet,Dark-Lighted
2021-12-03T17:26:00.000,I 75,I 75 and Windy Hill Rd,,Sideswipe-Same Direction,2,Clear,Dry,Daylight
2021-08-03T17:40:00.000,I 75,I 75 and Windy Hill Rd,,Rear End,2,Cloudy,Wet,Daylight
2021-07-15T17:53:00.000,I 75,I 75 and Windy Hill Rd,,Rear End,2,Cloudy,Dry,Daylight
2021-12-03T12:35:00.000,I 75,I 75 and Windy Hill Rd,,Rear End,2,Clear,Dry,Daylight
2021-11-21T17:49:00.000,I 75,I 75 and Windy Hill Rd,,Angle Crash,2,Clear,Dry,Dark-Lighted
2021-11-20T11:50:00.000,I 75,I 75 and Windy Hill Rd,,Rear End,2,Clear,Dry,Daylight
2021-08-26T15:35:00.000,I 75,I 75 and Windy Hill Rd,,Rear End,3,Cloudy,Dry,Daylight
2021-09-18T23:18:00.000,I 75,I 75 and Windy Hill Rd,,Rear End,2,Rain,Wet,Dark-Not Lighted
2021-10-18T12:06:00.000,I 75,I 75 and Windy Hill Rd,,Rear End,2,Clear,Dry,Daylight
2021-12-23T10:45:00.000,I 75,I 75 and Windy Hill Rd,,Rear End,2,Clear,Dry,Daylight
2021-10-13T17:25:00.000,I 75,I 75 and Windy Hill Rd,,Rear End,3,Clear,Dry,Daylight
2021-08-27T22:50:00.000,I 75,I 75 and Windy Hill Rd,,Rear End,2,Clear,Dry,Dark-Lighted
2022-04-27T17:06:00.000,I 75,I 75 and Windy Hill Rd,,Sideswipe-Same Direction,2,Clear,Dry,Daylight
2022-08-01T23:48:00.000,I 75,I 75 and Windy Hill Rd,,Rear End,2,Clear,Dry,Dark-Lighted
2022-01-20T03:00:00.000,I 75,I 75 and Windy Hill Rd,,Rear End,2,Rain,Wet,Dark-Lighted
2022-09-08T16:40:00.000,I 75,I 75 and Windy Hill Rd,,Sideswipe-Same Direction,2,Clear,Dry,Daylight
2022-02-26T16:46:00.000,I 75,I 75 and Windy Hill Rd,,Sideswipe-Same Direction,2,Cloudy,Dry,Daylight
2022-03-18T17:06:00.000,I 75,I 75 and Windy Hill Rd,,Rear End,2,Cloudy,Wet,Daylight
2022-11-27T14:24:00.000,I 75,I 75 and Windy Hill Rd,,Sideswipe-Same Direction,2,Clear,Dry,Daylight
2022-08-07T03:39:00.000,I 75,I 75 and Windy Hill Rd,,Rear End,3,Clear,Dry,Dark-Not Lighted
2022-03-27T14:30:00.000,I 75,I 75 and Windy Hill Rd,,Rear End,2,Clear,Dry,Daylight
2022-05-22T18:19:00.000,I 75,I 75 and Windy Hill Rd,,Angle Crash,2,Clear,Dry,Daylight
2022-12-06T07:42:00.000,I 75,I 75 and Windy Hill Rd,,Rear End,2,Rain,Wet,Daylight
2022-09-08T08:47:00.000,I 75,I 75 and Windy Hill Rd,,Sideswipe-Same Direction,2,Cloudy,Dry,Daylight
2022-11-08T10:41:00.000,I 75,I 75 and Windy Hill Rd,,Rear End,2,Clear,Dry,Daylight
2022-06-19T18:35:00.000,I 75,I 75 and Windy Hill Rd,,Rear End,2,Clear,Dry,Daylight
2022-07-22T15:01:00.000,I 75,I 75 and Windy Hill Rd,,Sideswipe-Same Direction,2,Cloudy,Dry,Daylight
2022-12-06T18:50:00.000,I 75,I 75 and Windy Hill Rd,,Sideswipe-Same Direction,2,Cloudy,Wet,Dark-Not Lighted
2022-02-27T02:57:00.000,I 75,I 75 and Windy Hill Rd,,Sideswipe-Same Direction,2,Rain,Wet,Dark-Lighted
2022-10-07T16:21:00.000,I 75,I 75 and Windy Hill Rd,,Sideswipe-Same Direction,3,Clear,Dry,Daylight
2022-04-30T13:00:00.000,I 75,I 75 and Windy Hill Rd,,Rear End,2,Clear,Dry,Daylight
2022-05-10T08:30:00.000,I 75,I 75 and Windy Hill Rd,,Angle Crash,2,Clear,Dry,Daylight
2022-12-03T16:36:00.000,I 75,I 75 and Windy Hill Rd,,Angle Crash,2,Cloudy,Wet,Daylight
2022-11-21T19:20:00.000,I 75,I 75 and Windy Hill Rd,,Sideswipe-Same Direction,2,Clear,Dry,Dark-Not Lighted
2022-10-02T13:39:00.000,I 75,I 75 and Windy Hill Rd,,Sideswipe-Same Direction,2,Clear,Dry,Daylight
2022-09-04T18:50:00.000,I 75,I 75 and Windy Hill Rd,,Rear End,2,Rain,Wet,Dark-Not Lighted
2022-09-29T08:19:00.000,I 75,I 75 and Windy Hill Rd,,Sideswipe-Same Direction,2,Clear,Dry,Daylight
2022-11-12T18:40:00.000,I 75,I 75 and Windy Hill Rd,,Rear End,2,Clear,Dry,Dark-Lighted
2022-02-24T16:19:00.000,I 75,I 75 and Windy Hill Rd,,Rear End,2,Cloudy,Dry,Daylight
2022-02-05T19:00:00.000,I 75,I 75 and Windy Hill Rd,,Angle Crash,2,Clear,Dry,Dawn
2022-11-29T06:45:00.000,I 75,I 75 and Windy Hill Rd,,Rear End,2,Clear,Dry,Daylight
2022-04-30T20:00:00.000,I 75,I 75 and Windy Hill Rd,,Sideswipe-Same Direction,2,Clear,Dry,Daylight
2022-08-10T14:40:00.000,I 75,I 75 and Windy Hill Rd,,Sideswipe-Same Direction,2,Cloudy,Dry,Daylight
2022-03-17T07:30:00.000,I 75,I 75 and Windy Hill Rd,,Rear End,2,Cloudy,Dry,Daylight
2022-12-05T06:40:00.000,I 75,I 75 and Windy Hill Rd,,Sideswipe-Same Direction,2,Cloudy,Dry,Dark-Not Lighted
2022-12-15T01:30:00.000,I 75,I 75 and Windy Hill Rd,,Not a Collision with Motor Vehicle,1,Rain,Wet,Dark-Lighted
2022-02-23T09:00:00.000,I 75,I 75 and Windy Hill Rd,,Rear End,2,Rain,Wet,Daylight
2022-01-12T19:48:00.000,I 75,I 75 and Windy Hill Rd,,Sideswipe-Same Direction,1,Clear,Dry,Dark-Not Lighted
2022-05-26T16:35:00.000,I 75,I 75 and Windy Hill Rd,,Rear End,2,Cloudy,Wet,Daylight
2022-01-15T16:43:00.000,I 75,I 75 and Windy Hill Rd,,Rear End,2,Clear,Dry,Daylight
2022-02-23T02:00:00.000,I 75,I 75 and Windy Hill Rd,,Sideswipe-Same Direction,3,Clear,Dry,Dark-Lighted
2022-12-26T10:59:00.000,I 75,I 75 and Windy Hill Rd,,Rear End,2,Clear,Dry,Daylight
2022-03-16T14:53:00.000,I 75,I 75 and Windy Hill Rd,,Rear End,2,Clear,Dry,Daylight
2022-08-19T14:50:00.000,I 75,I 75 and Windy Hill Rd,,Sideswipe-Same Direction,2,Rain,Wet,Daylight
2022-06-14T14:48:00.000,I 75,I 75 and Windy Hill Rd,,Rear End,2,Clear,Dry,Daylight
2022-08-04T16:07:00.000,I 75,I 75 and Windy Hill Rd,,Rear End,2,Cloudy,Dry,Daylight
2022-03-10T01:50:00.000,I 75,I 75 and Windy Hill Rd,,Sideswipe-Same Direction,2,Cloudy,Dry,Dark-Lighted
2022-12-20T05:53:00.000,I 75,I 75 and Windy Hill Rd,,Sideswipe-Same Direction,2,Rain,Wet,Daylight
2022-05-27T21:43:00.000,I 75,I 75 and Windy Hill Rd,,Rear End,3,Clear,Dry,Daylight
2022-12-06T20:00:00.000,I 75,I 75 and Windy Hill Rd,,Sideswipe-Same Direction,2,Fog,Dry,Dark-Lighted
2022-01-15T08:31:00.000,I 75,I 75 and Windy Hill Rd,,Sideswipe-Same Direction,2,Cloudy,Dry,Daylight
2022-12-11T18:24:00.000,I 75,I 75 and Windy Hill Rd,,Sideswipe-Same Direction,2,Rain,Wet,Daylight
2022-03-27T16:45:00.000,I 75,I 75 and Windy Hill Rd,,Rear End,2,Clear,Dry,Daylight
2022-08-01T17:48:00.000,I 75,I 75 and Windy Hill Rd,,Angle Crash,2,Cloudy,Dry,Daylight
2022-11-08T14:30:00.000,I 75,I 75 and Windy Hill Rd,,Sideswipe-Same Direction,2,Clear,Dry,Daylight
2022-03-10T17:35:00.000,I 75,I 75 and Windy Hill Rd,,Rear End,2,Clear,Dry,Daylight
2022-05-15T13:50:00.000,I 75,I 75 and Windy Hill Rd,,Rear End,3,Cloudy,Dry,Daylight
2022-01-22T13:38:00.000,I 75,I 75 and Windy Hill Rd,,Rear End,2,Clear,Dry,Daylight
2022-07-04T11:43:00.000,I 75,I 75 and Windy Hill Rd,,Not a Collision with Motor Vehicle,1,Clear,Dry,Daylight
2022-12-21T17:23:00.000,I 75,I 75 and Windy Hill Rd,,Rear End,2,Cloudy,Dry,Dark-Lighted
2022-05-31T11:45:00.000,I 75,I 75 and Windy Hill Rd,,Rear End,2,Clear,Dry,Daylight
2022-06-25T04:13:00.000,I 75,I 75 and Windy Hill Rd,,Not a Collision with Motor Vehicle,1,Cloudy,Dry,Dark-Not Lighted
2022-06-23T03:51:00.000,I 75,I 75 and Windy Hill Rd,,Sideswipe-Same Direction,2,Clear,Dry,Dark-Not Lighted
2022-04-10T21:02:00.000,I 75,I 75 and Windy Hill Rd,,Sideswipe-Same Direction,4,Clear,Dry,Dark-Not Lighted