Date and Time,Roadway (From Crash Report),Intersection Name (from Crash Report),KABCO Severity,Manner of Collision (Crash Level) ,# of Vehicles per crash ,Weather Conditions (Crash Level),Surface Condition (Crash Level) ,Light Conditions (Crash Level)
2022-01-10T14:09:00.000,I 75,I 75 and Windy Hill Rd,,Rear End,2,Clear,Dry,Daylight
2022-04-28T11:12:00.000,I 75,I 75 and Windy Hill Rd,,Sideswipe-Same Direction,2,Clear,Dry,Daylight
2022-08-19T13:10:00.000,I 75,I 75 and Windy Hill Rd,,Sideswipe-Same Direction,2,Cloudy,Dry,Daylight
2022-10-11T19:36:00.000,I 75,I 75 and Windy Hill Rd,,Rear End,2,Clear,Dry,Dark-Not Lighted
2022-10-14T12:00:00.000,I 75,I 75 and Windy Hill Rd,,Rear End,2,Clear,Dry,Daylight
2022-04-05T00:00:00.000,I 75,I 75 and Windy Hill Rd,,Sideswipe-Same Direction,2,Clear,Dry,Dark-Lighted
2022-05-20T22:00:00.000,I 75,I 75 and Windy Hill Rd,,Rear End,2,Clear,Dry,Dark-Not Lighted
2022-05-23T16:10:00.000,I 75,I 75 and Windy Hill Rd,,Sideswipe-Same Direction,2,Clear,Dry,Daylight
2022-05-11T06:35:00.000,I 75,I 75 and Windy Hill Rd,,Sideswipe-Same Direction,2,Clear,Dry,Daylight
2022-12-10T21:06:00.000,I 75,I 75 and Windy Hill Rd,,Rear End,2,Cloudy,Dry,Dark-Lighted
2022-11-14T11:21:00.000,I 75,I 75 and Windy Hill Rd,,Sideswipe-Same Direction,2,Clear,Dry,Daylight
2022-05-08T14:14:00.000,I 75,I 75 and Windy Hill Rd,,Angle Crash,2,Clear,Dry,Daylight
2022-01-19T15:38:00.000,I 75,I 75 and Windy Hill Rd,,Sideswipe-Same Direction,2,Clear,Dry,Daylight
2022-09-28T10:43:00.000,I 75,I 75 and Windy Hill Rd,,Sideswipe-Same Direction,2,Clear,Dry,Daylight
2022-12-11T09:56:00.000,I 75,I 75 and Windy Hill Rd,,Sideswipe-Same Direction,2,Cloudy,Dry,Daylight
2022-01-29T12:39:00.000,I 75,I 75 and Windy Hill Rd,,Rear End,1,Clear,Dry,Daylight
2022-08-20T14:04:00.000,I 75,I 75 and Windy Hill Rd,,Rear End,2,Cloudy,Wet,Daylight
2022-07-09T14:05:00.000,I 75,I 75 and Windy Hill Rd,,Rear End,2,Cloudy,Dry,Daylight
2022-07-13T05:11:00.000,I 75,I 75 and Windy Hill Rd,,Angle Crash,2,Clear,Dry,Dark-Lighted
2022-03-20T17:50:00.000,I 75,I 75 and Windy Hill Rd,,Sideswipe-Same Direction,2,Clear,Dry,Daylight
2022-12-03T21:08:00.000,I 75,I 75 and Windy Hill Rd,,Sideswipe-Same Direction,2,Cloudy,Dry,Dark-Not Lighted
2022-03-22T13:48:00.000,I 75,I 75 and Windy Hill Rd,,Sideswipe-Same Direction,2,Cloudy,Dry,Daylight
2022-09-05T20:35:00.000,I 75,I 75 and Windy Hill Rd,,Not a Collision with Motor Vehicle,1,Cloudy,Wet,Dark-Not Lighted
2022-06-11T16:32:00.000,I 75,I 75 and Windy Hill Rd,,Rear End,2,Clear,Dry,Daylight
2022-08-31T18:54:00.000,I 75,I 75 and Windy Hill Rd,,Angle Crash,2,Clear,Dry,Daylight
2022-08-30T15:14:00.000,I 75,I 75 and Windy Hill Rd,,Angle Crash,3,Cloudy,Dry,Daylight
2022-10-07T08:46:00.000,I 75,I 75 and Windy Hill Rd,,Sideswipe-Same Direction,2,Clear,Dry,Daylight
2022-12-20T15:18:00.000,I 75,I 75 and Windy Hill Rd,,Sideswipe-Same Direction,2,Cloudy,Wet,Daylight
2022-03-04T11:41:00.000,I 75,I 75 and Windy Hill Rd,,Sideswipe-Same Direction,2,Clear,Dry,Daylight
2022-12-30T19:50:00.000,I 75,I 75 and Windy Hill Rd,,Rear End,2,Cloudy,Wet,Dark-Not Lighted
2022-02-15T10:55:00.000,I 75,I 75 and Windy Hill Rd,,Rear End,2,Clear,Dry,Daylight
2022-03-26T12:41:00.000,I 75,I 75 and Windy Hill Rd,,Rear End,2,Clear,Dry,Daylight
2021-11-27T12:12:00.000,I 75,I 75 and Windy Hill Rd,,Rear End,2,Clear,Dry,Daylight
2021-07-31T15:57:00.000,I 75,I 75 and Windy Hill Rd,,Rear End,2,Cloudy,Dry,Daylight
2021-08-16T12:05:00.000,I 75,I 75 and Windy Hill Rd,,Rear End,2,Cloudy,Dry,Daylight
2021-07-30T11:58:00.000,I 75,I 75 and Windy Hill Rd,,Sideswipe-Same Direction,2,Clear,Dry,Daylight
2021-07-28T18:15:00.000,I 75,I 75 and Windy Hill Rd,,Sideswipe-Same Direction,2,Clear,Dry,Daylight
2021-12-18T17:20:00.000,I 75,I 75 and Windy Hill Rd,,Rear End,2,Rain,Wet,Dark-Not Lighted
2022-07-17T16:12:00.000,I 75,I 75 and Windy Hill Rd,,Rear End,2,Clear,Dry,Daylight
2022-03-12T00:53:00.000,I 75,I 75 and Windy Hill Rd,,Not a Collision with Motor Vehicle,1,Rain,Wet,Dark-Not Lighted
2022-04-23T13:15:00.000,I 75,I 75 and Windy Hill Rd,,Sideswipe-Same Direction,2,Clear,Dry,Daylight
2022-08-01T12:22:00.000,I 75,I 75 and Windy Hill Rd,,Sideswipe-Same Direction,2,Clear,Dry,Daylight
2022-08-02T09:20:00.000,I 75,I 75 and Windy Hill Rd,,Rear End,2,Cloudy,Dry,Daylight
2022-10-31T02:20:00.000,I 75,I 75 and Windy Hill Rd,,Sideswipe-Same Direction,1,Rain,Water (standing or moving),Dark-Lighted
2022-01-23T15:42:00.000,I 75,I 75 and Windy Hill Rd,,Rear End,2,Clear,Dry,Daylight
2022-05-21T04:00:00.000,I 75,I 75 and Windy Hill Rd,,Angle Crash,2,Clear,Dry,Dark-Lighted
2022-05-08T16:43:00.000,I 75,I 75 and Windy Hill Rd,,Rear End,2,Cloudy,Dry,Daylight
2022-08-17T07:48:00.000,I 75,I 75 and Windy Hill Rd,,Rear End,2,Cloudy,Dry,Daylight
2022-01-25T07:51:00.000,I 75,I 75 and Windy Hill Rd,,Sideswipe-Same Direction,2,Cloudy,Dry,Daylight
2022-09-04T15:31:00.000,I 75,I 75 and Windy Hill Rd,,Not a Collision with Motor Vehicle,1,Rain,Wet,Daylight
2022-10-12T10:07:00.000,I 75,I 75 and Windy Hill Rd,,Rear End,2,Cloudy,Dry,Daylight
2022-10-30T16:54:00.000,I 75,I 75 and Windy Hill Rd,,Rear End,2,Cloudy,Dry,Daylight
2022-11-12T14:18:00.000,I 75,I 75 and Windy Hill Rd,,Rear End,2,Clear,Dry,Daylight
2022-09-25T12:53:00.000,I 75,I 75 and Windy Hill Rd,,Angle Crash,2,Clear,Dry,Daylight
2022-04-22T12:45:00.000,I 75,I 75 and Windy Hill Rd,,Sideswipe-Same Direction,2,Clear,Dry,Daylight
2022-03-31T10:05:00.000,I 75,I 75 and Windy Hill Rd,,Rear End,2,Cloudy,Dry,Daylight
2022-03-13T15:13:00.000,I 75,I 75 and Windy Hill Rd,,Sideswipe-Same Direction,2,Clear,Dry,Daylight
2022-06-09T13:33:00.000,I 75,I 75 and Windy Hill Rd,,Sideswipe-Same Direction,2,Cloudy,Dry,Daylight
2022-10-27T17:58:00.000,I 75,I 75 and Windy Hill Rd,,Rear End,2,Clear,Dry,Daylight
2022-02-03T18:53:00.000,I 75,I 75 and Windy Hill Rd,,Sideswipe-Same Direction,2,Rain,Wet,Dark-Not Lighted
2022-04-12T07:52:00.000,I 75,I 75 and Windy Hill Rd,,Head On,1,Cloudy,Dry,Daylight
2022-08-02T07:15:00.000,I 75,I 75 and Windy Hill Rd,,Rear End,2,Cloudy,Dry,Daylight
2022-05-21T16:00:00.000,I 75,I 75 and Windy Hill Rd,,Rear End,2,Clear,Dry,Daylight
2022-10-13T10:48:00.000,I 75,I 75 and Windy Hill Rd,,Rear End,2,Cloudy,Dry,Daylight
2022-07-20T15:30:00.000,I 75,I 75 and Windy Hill Rd,,Rear End,2,Clear,Dry,Daylight
2022-02-14T12:30:00.000,I 75,I 75 and Windy Hill Rd,,Rear End,2,Clear,Dry,Daylight
2022-05-05T01:40:00.000,I 75,I 75 and Windy Hill Rd,,Not a Collision with Motor Vehicle,1,Clear,Dry,Dark-Not Lighted
2022-07-13T15:40:00.000,I 75,I 75 and Windy Hill Rd,,Sideswipe-Same Direction,2,Cloudy,Dry,Daylight
2022-09-09T19:35:00.000,I 75,I 75 and Windy Hill Rd,,Rear End,2,Cloudy,Dry,Dusk
2022-02-05T12:46:00.000,I 75,I 75 and Windy Hill Rd,,Rear End,2,Clear,Dry,Daylight
2022-10-16T20:22:00.000,I 75,I 75 and Windy Hill Rd,,Sideswipe-Same Direction,2,Clear,Dry,Dark-Not Lighted
2022-01-22T20:10:00.000,I 75,I 75 and Windy Hill Rd,,Angle Crash,2,Clear,Dry,Daylight
2022-07-04T22:29:00.000,I 75,I 75 and Windy Hill Rd,,Not a Collision with Motor Vehicle,1,Rain,Water (standing or moving),Dark-Not Lighted
2022-05-02T16:04:00.000,I 75,I 75 and Windy Hill Rd,,Rear End,2,Cloudy,Dry,Daylight
2022-06-27T10:49:00.000,I 75,I 75 and Windy Hill Rd,,Sideswipe-Same Direction,2,Cloudy,Wet,Daylight
2022-04-07T09:17:00.000,I 75,I 75 and Windy Hill Rd,,Sideswipe-Same Direction,2,Clear,Dry,Daylight
2022-06-15T00:30:00.000,I 75,I 75 and Windy Hill Rd,,Sideswipe-Same Direction,2,Clear,Dry,Dark-Not Lighted
2022-02-13T16:30:00.000,I 75,I 75 and Windy Hill Rd,,Rear End,3,Clear,Dry,Daylight
2022-03-14T20:58:00.000,I 75,I 75 and Windy Hill Rd,,Sideswipe-Same Direction,2,Clear,Dry,Daylight
2022-08-12T16:29:00.000,I 75,I 75 and Windy Hill Rd,,Sideswipe-Same Direction,2,Clear,Dry,Daylight
2022-06-15T15:46:00.000,I 75,I 75 and Windy Hill Rd,,Sideswipe-Same Direction,2,Clear,Dry,Daylight
2022-02-25T06:30:00.000,I 75,I 75 and Windy Hill Rd,,Rear End,2,Cloudy,Dry,Dark-Lighted
2022-06-04T22:30:00.000,I 75,I 75 and Windy Hill Rd,,Sideswipe-Same Direction,2,Clear,Dry,Dark-Lighted
2022-09-21T11:10:00.000,I 75,I 75 and Windy Hill Rd,,Sideswipe-Same Direction,2,Clear,Dry,Daylight
2022-04-23T19:19:00.000,I 75,I 75 and Windy Hill Rd,,Sideswipe-Same Direction,2,Clear,Dry,Daylight
2022-09-16T09:24:00.000,I 75,I 75 and Windy Hill Rd,,Rear End,2,Clear,Dry,Daylight
2022-12-03T15:08:00.000,I 75,I 75 and Windy Hill Rd,,Rear End,2,Rain,Wet,Daylight
2022-05-13T13:40:00.000,I 75,I 75 and Windy Hill Rd,,Sideswipe-Same Direction,2,Cloudy,Dry,Daylight
2022-08-02T07:41:00.000,I 75,I 75 and Windy Hill Rd,,Rear End,2,Cloudy,Dry,Daylight
2022-07-06T12:20:00.000,I 75,I 75 and Windy Hill Rd,,Sideswipe-Same Direction,2,Cloudy,Dry,Daylight
2022-02-05T11:32:00.000,I 75,I 75 and Windy Hill Rd,,Rear End,2,Clear,Dry,Daylight
2022-02-13T20:30:00.000,I 75,I 75 and Windy Hill Rd,,Rear End,2,Clear,Dry,Dark-Not Lighted
2022-03-26T17:50:00.000,I 75,I 75 and Windy Hill Rd,,Sideswipe-Same Direction,2,Clear,Dry,Daylight
2022-11-29T11:05:00.000,I 75,I 75 and Windy Hill Rd,,Rear End,2,Clear,Dry,Daylight
2022-01-06T18:30:00.000,I 75,I 75 and Windy Hill Rd,,Sideswipe-Same Direction,2,Rain,Wet,Dark-Lighted
2022-09-22T17:40:00.000,I 75,I 75 and Windy Hill Rd,,Rear End,3,Clear,Dry,Daylight
2022-05-09T14:30:00.000,I 75,I 75 and Windy Hill Rd,,Rear End,3,Clear,Dry,Daylight
2022-03-29T13:10:00.000,I 75,I 75 and Windy Hill Rd,,Rear End,2,Clear,Dry,Daylight
2022-09-23T13:30:00.000,I 75,I 75 and Windy Hill Rd,,Rear End,2,Clear,Dry,Daylight
2022-06-06T17:15:00.000,I 75,I 75 and Windy Hill Rd,,Rear End,2,Clear,Dry,Daylight
2022-10-23T10:20:00.000,I 75,I 75 and Windy Hill Rd,,Sideswipe-Same Direction,2,Clear,Dry,Daylight
2022-12-11T18:29:00.000,I 75,I 75 and Windy Hill Rd,,Rear End,2,Cloudy,Wet,Dark-Lighted
2022-06-01T06:28:00.000,I 75,I 75 and Windy Hill Rd,,Sideswipe-Same Direction,2,Clear,Dry,Daylight
2022-05-07T17:00:00.000,I 75,I 75 and Windy Hill Rd,,Sideswipe-Same Direction,2,Cloudy,Dry,Daylight
2022-11-28T16:45:00.000,I 75,I 75 and Windy Hill Rd,,Sideswipe-Same Direction,2,Clear,Dry,Daylight
2022-11-30T04:24:00.000,I 75,I 75 and Windy Hill Rd,,Not a Collision with Motor Vehicle,1,Cloudy,Wet,Dark-Not Lighted
2022-05-03T09:38:00.000,I 75,I 75 and Windy Hill Rd,,Sideswipe-Same Direction,2,Clear,Dry,Daylight
2022-09-04T21:03:00.000,I 75,I 75 and Windy Hill Rd,,Angle Crash,2,Rain,Wet,Dark-Not Lighted
2022-02-25T11:17:00.000,I 75,I 75 and Windy Hill Rd,,Rear End,2,Cloudy,Dry,Daylight
2022-02-15T18:45:00.000,I 75,I 75 and Windy Hill Rd,,Sideswipe-Same Direction,2,Clear,Dry,Dark-Lighted
2022-10-15T11:20:00.000,I 75,I 75 and Windy Hill Rd,,Rear End,2,Clear,Dry,Daylight
2022-09-29T10:06:00.000,I 75,I 75 and Windy Hill Rd,,Not a Collision with Motor Vehicle,2,Clear,Dry,Daylight
2022-12-27T08:25:00.000,I 75,I 75 and Windy Hill Rd,,Rear End,3,Clear,Dry,Daylight
2022-08-02T17:48:00.000,I 75,I 75 and Windy Hill Rd,,Rear End,2,Cloudy,Dry,Daylight
2022-03-08T14:30:00.000,I 75,I 75 and Windy Hill Rd,,Not a Collision with Motor Vehicle,2,Cloudy,Wet,Daylight
2022-06-08T18:21:00.000,I 75,I 75 and Windy Hill Rd,,Sideswipe-Same Direction,2,Cloudy,Dry,Daylight
2022-10-17T00:22:00.000,I 75,I 75 and Windy Hill Rd,,Rear End,3,Clear,Dry,Dark-Not Lighted
2022-06-03T17:10:00.000,I 75,I 75 and Windy Hill Rd,,Sideswipe-Same Direction,2,Clear,Dry,Daylight
2022-11-09T08:45:00.000,I 75,I 75 and Windy Hill Rd,,Rear End,2,Clear,Dry,Daylight
2022-02-13T22:48:00.000,I 75,I 75 and Windy Hill Rd,,Rear End,2,Cloudy,Dry,Dark-Lighted
2022-11-09T09:57:00.000,I 75,I 75 and Windy Hill Rd,,Rear End,2,Clear,Dry,Daylight
2022-07-21T16:45:00.000,I 75,I 75 and Windy Hill Rd,,Rear End,2,Cloudy,Dry,Daylight
2022-06-19T21:25:00.000,I 75,I 75 and Windy Hill Rd,,Sideswipe-Same Direction,2,Clear,Dry,Dark-Lighted
2022-06-17T12:51:00.000,I 75,I 75 and Windy Hill Rd,,Rear End,2,Clear,Dry,Daylight
2022-05-22T13:50:00.000,I 75,I 75 and Windy Hill Rd,,Rear End,2,Clear,Dry,Daylight
2022-03-17T07:15:00.000,I 75,I 75 and Windy Hill Rd,,Rear End,2,Cloudy,Dry,Daylight
2022-05-20T11:03:00.000,I 75,I 75 and Windy Hill Rd,,Sideswipe-Same Direction,2,Clear,Dry,Daylight
2022-10-24T08:30:00.000,I 75,I 75 and Windy Hill Rd,,Sideswipe-Same Direction,4,Clear,Dry,Daylight
2022-12-08T07:55:00.000,I 75,I 75 and Windy Hill Rd,,Sideswipe-Same Direction,2,Cloudy,Wet,Daylight
2022-05-24T07:20:00.000,I 75,I 75 and Windy Hill Rd,,Sideswipe-Same Direction,2,Cloudy,Dry,Daylight
2022-02-20T12:27:00.000,I 75,I 75 and Windy Hill Rd,,Rear End,2,Clear,Dry,Daylight
2022-09-26T15:11:00.000,I 75,I 75 and Windy Hill Rd,,Rear End,2,Clear,Dry,Daylight
2022-05-01T14:51:00.000,I 75,I 75 and Windy Hill Rd,,Rear End,2,Cloudy,Dry,Daylight
2022-09-08T13:00:00.000,I 75,I 75 and Windy Hill Rd,,Rear End,2,Cloudy,Dry,Daylight
2022-03-31T14:59:00.000,I 75,I 75 and Windy Hill Rd,,Sideswipe-Same Direction,2,Clear,Dry,Daylight
2022-02-02T12:30:00.000,I 75,I 75 and Windy Hill Rd,,Sideswipe-Same Direction,2,Cloudy,Dry,Daylight
2022-07-10T14:59:00.000,I 75,I 75 and Windy Hill Rd,,Sideswipe-Same Direction,2,Clear,Dry,Daylight
2022-03-18T07:05:00.000,I 75,I 75 and Windy Hill Rd,,Angle Crash,2,Cloudy,Dry,Dark-Not Lighted
2022-08-27T11:30:00.000,I 75,I 75 and Windy Hill Rd,,Rear End,2,Cloudy,Dry,Daylight
2022-02-12T15:33:00.000,I 75,I 75 and Windy Hill Rd,,Angle Crash,2,Clear,Dry,Daylight
2022-03-19T00:15:00.000,I 75,I 75 and Windy Hill Rd,,Not a Collision with Motor Vehicle,1,Cloudy,Wet,Dark-Lighted
2022-01-24T15:42:00.000,I 75,I 75 and Windy Hill Rd,,Sideswipe-Same Direction,2,Clear,Dry,Daylight
2022-08-04T10:20:00.000,I 75,I 75 and Windy Hill Rd,,Rear End,2,Clear,Dry,Daylight
2022-05-31T18:49:00.000,I 75,I 75 and Windy Hill Rd,,Rear End,2,Clear,Dry,Daylight
2022-08-02T07:13:00.000,I 75,I 75 and Windy Hill Rd,,Sideswipe-Same Direction,2,Clear,Dry,Daylight
2022-10-30T15:52:00.000,I 75,I 75 and Windy Hill Rd,,Rear End,2,Rain,Wet,Daylight
2022-02-03T09:33:00.000,I 75,I 75 and Windy Hill Rd,,Rear End,2,Cloudy,Wet,Daylight
2022-09-04T17:24:00.000,I 75,I 75 and Windy Hill Rd,,Not a Collision with Motor Vehicle,1,Rain,Wet,Daylight
2022-07-28T12:25:00.000,I 75,I 75 and Windy Hill Rd,,Rear End,3,Clear,Dry,Daylight
2022-08-02T15:52:00.000,I 75,I 75 and Windy Hill Rd,,Rear End,2,Clear,Dry,Daylight
2022-11-30T19:20:00.000,I 75,I 75 and Windy Hill Rd,,Rear End,2,Clear,Dry,Dark-Not Lighted
2022-10-07T19:55:00.000,I 75,I 75 and Windy Hill Rd,,Rear End,4,Clear,Dry,Daylight
2022-07-20T01:25:00.000,I 75,I 75 and Windy Hill Rd,,Angle Crash,3,Clear,Dry,Dark-Not Lighted
2022-07-04T23:00:00.000,I 75,I 75 and Windy Hill Rd,,Rear End,2,Rain,Water (standing or moving),Dark-Not Lighted
2022-08-15T17:36:00.000,I 75,I 75 and Windy Hill Rd,,Rear End,2,Cloudy,Dry,Daylight
2022-09-05T21:32:00.000,I 75,I 75 and Windy Hill Rd,,Angle Crash,2,Cloudy,Wet,Dark-Lighted
2022-05-18T19:07:00.000,I 75,I 75 and Windy Hill Rd,,Sideswipe-Same Direction,2,Clear,Dry,Daylight
2022-10-01T21:38:00.000,I 75,I 75 and Windy Hill Rd,,Sideswipe-Same Direction,2,Clear,Dry,Daylight
2022-02-08T13:20:00.000,I 75,I 75 and Windy Hill Rd,,Rear End,2,Clear,Dry,Daylight
2022-07-30T12:44:00.000,I 75,I 75 and Windy Hill Rd,,Sideswipe-Same Direction,2,Cloudy,Dry,Daylight
2022-09-04T17:30:00.000,I 75,I 75 and Windy Hill Rd,,Sideswipe-Same Direction,2,Rain,Wet,Daylight
2022-06-27T07:12:00.000,I 75,I 75 and Windy Hill Rd,,Sideswipe-Same Direction,2,Clear,Dry,Daylight
2022-03-17T07:22:00.000,I 75,I 75 and Windy Hill Rd,,Rear End,2,Cloudy,Dry,Daylight
2022-07-04T22:27:00.000,I 75,I 75 and Windy Hill Rd,,Rear End,3,Severe Thunderstorm or Tornadic,Water (standing or moving),Dark-Not Lighted
2022-09-22T17:11:00.000,I 75,I 75 and Windy Hill Rd,,Sideswipe-Same Direction,3,Clear,Wet,Daylight
2022-06-27T10:04:00.000,I 75,I 75 and Windy Hill Rd,,Sideswipe-Same Direction,2,Cloudy,Dry,Daylight
2022-02-26T19:20:00.000,I 75,I 75 and Windy Hill Rd,,Rear End,2,Clear,Dry,Dark-Not Lighted
2022-06-21T17:00:00.000,I 75,I 75 and Windy Hill Rd,,Sideswipe-Same Direction,2,Clear,Dry,Daylight
2022-05-12T10:00:00.000,I 75,I 75 and Windy Hill Rd,,Rear End,2,Clear,Dry,Daylight
2022-09-28T18:40:00.000,I 75,I 75 and Windy Hill Rd,,Rear End,2,Clear,Dry,Daylight
2022-09-17T21:47:00.000,I 75,I 75 and Windy Hill Rd,,Sideswipe-Same Direction,2,Clear,Dry,Dark-Not Lighted
2022-02-25T20:46:00.000,I 75,I 75 and Windy Hill Rd,,Sideswipe-Same Direction,1,Clear,Dry,Dark-Not Lighted
2022-06-21T18:07:00.000,I 75,I 75 and Windy Hill Rd,,Sideswipe-Same Direction,2,Clear,Dry,Daylight
2022-07-16T11:35:00.000,I 75,I 75 and Windy Hill Rd,,Sideswipe-Same Direction,2,Cloudy,Dry,Daylight
2022-03-04T19:55:00.000,I 75,I 75 and Windy Hill Rd,,Rear End,2,Clear,Dry,Dark-Lighted
2022-09-08T09:06:00.000,I 75,I 75 and Windy Hill Rd,,Rear End,2,Clear,Dry,Daylight
2022-09-04T16:20:00.000,I 75,I 75 and Windy Hill Rd,,Sideswipe-Same Direction,2,Rain,Wet,Daylight
2022-11-23T13:31:00.000,I 75,I 75 and Windy Hill Rd,,Sideswipe-Same Direction,3,Clear,Dry,Daylight
2022-10-11T14:41:00.000,I 75,I 75 and Windy Hill Rd,,Sideswipe-Same Direction,2,Clear,Dry,Daylight
2022-05-11T09:19:00.000,I 75,I 75 and Windy Hill Rd,,Sideswipe-Same Direction,2,Clear,Dry,Daylight
2022-10-18T07:11:00.000,I 75,I 75 and Windy Hill Rd,,Rear End,2,Clear,Dry,Dawn
2022-05-21T06:14:00.000,I 75,I 75 and Windy Hill Rd,,Sideswipe-Same Direction,2,Cloudy,Dry,Dark-Lighted
2022-07-22T19:44:00.000,I 75,I 75 and Windy Hill Rd,,Rear End,2,Cloudy,Dry,Daylight
2022-08-15T07:15:00.000,I 75,I 75 and Windy Hill Rd,,Rear End,3,Clear,Dry,Daylight
2022-02-13T15:16:00.000,I 75,I 75 and Windy Hill Rd,,Sideswipe-Same Direction,2,Clear,Dry,Daylight
2022-09-09T14:45:00.000,I 75,I 75 and Windy Hill Rd,,Rear End,3,Cloudy,Dry,Daylight
2022-06-29T20:36:00.000,I 75,I 75 and Windy Hill Rd,,Sideswipe-Same Direction,2,Rain,Wet,Daylight
2022-03-22T12:35:00.000,I 75,I 75 and Windy Hill Rd,,Sideswipe-Same Direction,2,Clear,Dry,Daylight
2022-06-21T19:08:00.000,I 75,I 75 and Windy Hill Rd,,Rear End,4,Clear,Dry,Daylight
2022-05-21T19:22:00.000,I 75,I 75 and Windy Hill Rd,,Rear End,2,Clear,Dry,Daylight
2022-12-22T07:20:00.000,I 75,I 75 and Windy Hill Rd,,Not a Collision with Motor Vehicle,1,Cloudy,Dry,Dawn
2022-06-12T13:07:00.000,I 75,I 75 and Windy Hill Rd,,Angle Crash,3,Clear,Dry,Daylight
2022-05-24T16:00:00.000,I 75,I 75 and Windy Hill Rd,,Sideswipe-Same Direction,2,Clear,Dry,Daylight
2022-11-30T20:45:00.000,I 75,I 75 and Windy Hill Rd,,Rear End,2,Cloudy,Dry,Dark-Not Lighted
2022-11-30T00:13:00.000,I 75,I 75 and Windy Hill Rd,,Not a Collision with Motor Vehicle,1,Cloudy,Wet,Dark-Lighted
2022-02-04T19:30:00.000,I 75,I 75 and Windy Hill Rd,,Sideswipe-Same Direction,2,Clear,Dry,Dark-Lighted
2022-10-27T10:06:00.000,I 75,I 75 and Windy Hill Rd,,Sideswipe-Same Direction,2,Clear,Dry,Daylight
2022-03-23T20:33:00.000,I 75,I 75 and Windy Hill Rd,,Not a Collision with Motor Vehicle,1,Clear,Dry,Dark-Lighted
2022-01-01T19:59:00.000,I 75,I 75 and Windy Hill Rd,,Sideswipe-Same Direction,2,Cloudy,Dry,Dark-Lighted
2022-07-11T11:54:00.000,I 75,I 75 and Windy Hill Rd,,Sideswipe-Same Direction,4,Cloudy,Dry,Daylight
2022-11-29T06:45:00.000,I 75,I 75 and Windy Hill Rd,,Rear End,3,Clear,Dry,Daylight
2022-11-11T20:24:00.000,I 75,I 75 and Windy Hill Rd,,Not a Collision with Motor Vehicle,1,Clear,Dry,Daylight
2022-04-09T17:45:00.000,I 75,I 75 and Windy Hill Rd,,Sideswipe-Same Direction,2,Clear,Dry,Daylight
2022-01-15T03:14:00.000,I 75,I 75 and Windy Hill Rd,,Angle Crash,2,Cloudy,Dry,Dark-Not Lighted
2022-02-28T12:24:00.000,I 75,I 75 and Windy Hill Rd,,Sideswipe-Same Direction,2,Clear,Dry,Daylight
2022-01-23T16:25:00.000,I 75,I 75 and Windy Hill Rd,,Not a Collision with Motor Vehicle,1,Clear,Dry,Daylight
2022-05-28T19:49:00.000,I 75,I 75 and Windy Hill Rd,,Not a Collision with Motor Vehicle,1,Clear,Dry,Daylight
2022-09-04T17:43:00.000,I 75,I 75 and Windy Hill Rd,,Not a Collision with Motor Vehicle,1,Rain,Wet,Daylight
2022-11-16T12:07:00.000,I 75,I 75 and Windy Hill Rd,,Sideswipe-Opposite Direction,2,Cloudy,Dry,Daylight
2022-10-27T13:10:00.000,I 75,I 75 and Windy Hill Rd,,Sideswipe-Same Direction,2,Clear,Dry,Daylight
2022-10-01T12:49:00.000,I 75,I 75 and Windy Hill Rd,,Rear End,2,Clear,Dry,Daylight
2022-02-22T21:17:00.000,I 75,I 75 and Windy Hill Rd,,Sideswipe-Same Direction,2,Clear,Dry,Dark-Not Lighted
2022-01-12T10:40:00.000,I 75,I 75 and Windy Hill Rd,,Sideswipe-Same Direction,2,Clear,Dry,Daylight
2022-04-16T12:20:00.000,I 75,I 75 and Windy Hill Rd,,Rear End,3,Clear,Dry,Daylight
2022-05-20T23:03:00.000,I 75,I 75 and Windy Hill Rd,,Sideswipe-Same Direction,2,Clear,Dry,Dark-Lighted
2022-10-11T19:17:00.000,I 75,I 75 and Windy Hill Rd,,Rear End,2,Clear,Dry,Dark-Not Lighted
2022-06-24T18:44:00.000,I 75,I 75 and Windy Hill Rd,,Rear End,2,Clear,Dry,Daylight
2022-11-11T23:32:00.000,I 75,I 75 and Windy Hill Rd,,Sideswipe-Same Direction,2,Clear,Dry,Dark-Not Lighted
2022-01-12T13:15:00.000,I 75,I 75 and Windy Hill Rd,,Sideswipe-Same Direction,2,Clear,Dry,Daylight
2022-05-26T10:50:00.000,I 75,I 75 and Windy Hill Rd,,Sideswipe-Same Direction,2,Cloudy,Dry,Daylight
2022-07-01T07:44:00.000,I 75,I 75 and Windy Hill Rd,,Rear End,2,Clear,Dry,Daylight
2022-07-29T08:33:00.000,I 75,I 75 and Windy Hill Rd,,Sideswipe-Same Direction,2,Clear,Dry,Daylight
2022-11-12T20:38:00.000,I 75,I 75 and Windy Hill Rd,,Sideswipe-Same Direction,2,Clear,Dry,Dark-Lighted
2022-07-29T06:42:00.000,I 75,I 75 and Windy Hill Rd,,Not a Collision with Motor Vehicle,1,Clear,Dry,Daylight
2022-03-11T13:23:00.000,I 75,I 75 and Windy Hill Rd,,Sideswipe-Same Direction,2,Cloudy,Dry,Daylight
2022-03-14T16:57:00.000,I 75,I 75 and Windy Hill Rd,,Rear End,3,Clear,Dry,Daylight
2022-07-19T06:02:00.000,I 75,I 75 and Windy Hill Rd,,Not a Collision with Motor Vehicle,1,Rain,Wet,Dark-Not Lighted
2022-02-19T17:05:00.000,I 75,I 75 and Windy Hill Rd,,Rear End,2,Clear,Dry,Daylight
2022-12-01T13:10:00.000,I 75,I 75 and Windy Hill Rd,,Rear End,3,Cloudy,Dry,Daylight