Date and Time,Roadway (From Crash Report),Intersection Name (from Crash Report),KABCO Severity,Manner of Collision (Crash Level) ,# of Vehicles per crash ,Weather Conditions (Crash Level),Surface Condition (Crash Level) ,Light Conditions (Crash Level)
2022-10-19T19:12:00.000,I 75,I 75 and Windy Hill Rd,,Sideswipe-Same Direction,2,Clear,Dry,Daylight
2022-01-12T19:03:00.000,I 75,I 75 and Windy Hill Rd,,Rear End,1,Clear,Dry,Dark-Not Lighted
2022-06-24T15:20:00.000,I 75,I 75 and Windy Hill Rd,,Sideswipe-Same Direction,2,Clear,Dry,Daylight
2022-01-01T04:30:00.000,I 75,I 75 and Windy Hill Rd,,Rear End,2,Cloudy,Wet,Dark-Not Lighted
2022-05-07T23:05:00.000,I 75,I 75 and Windy Hill Rd,,Rear End,2,Clear,Dry,Dark-Lighted
2022-06-09T08:45:00.000,I 75,I 75 and Windy Hill Rd,,Sideswipe-Same Direction,2,Clear,Wet,Daylight
2022-09-06T07:07:00.000,I 75,I 75 and Windy Hill Rd,,Rear End,3,Cloudy,Dry,Daylight
2022-04-22T11:10:00.000,I 75,I 75 and Windy Hill Rd,,Sideswipe-Same Direction,2,Clear,Dry,Daylight
2022-01-04T10:10:00.000,I 75,I 75 and Windy Hill Rd,,Sideswipe-Same Direction,2,Cloudy,Dry,Daylight
2022-06-21T18:07:00.000,I 75,I 75 and Windy Hill Rd,,Sideswipe-Same Direction,2,Clear,Dry,Daylight
2022-11-25T14:44:00.000,I 75,I 75 and Windy Hill Rd,,Rear End,3,Cloudy,Dry,Daylight
2022-04-24T13:49:00.000,I 75,I 75 and Windy Hill Rd,,Rear End,2,Cloudy,Dry,Daylight
2022-09-11T19:26:00.000,I 75,I 75 and Windy Hill Rd,,Angle Crash,3,Clear,Dry,Daylight
2022-05-03T12:54:00.000,I 75,I 75 and Windy Hill Rd,,Sideswipe-Same Direction,2,Clear,Dry,Daylight
2022-07-18T00:31:00.000,I 75,I 75 and Windy Hill Rd,,Sideswipe-Same Direction,2,Clear,Dry,Dark-Not Lighted
2022-05-20T21:15:00.000,I 75,I 75 and Windy Hill Rd,,Sideswipe-Same Direction,2,Clear,Dry,Dark-Not Lighted
2022-10-08T19:04:00.000,I 75,I 75 and Windy Hill Rd,,Rear End,2,Clear,Dry,Daylight
2022-10-13T06:15:00.000,I 75,I 75 and Windy Hill Rd,,Sideswipe-Same Direction,3,Rain,Wet,Dark-Not Lighted
2022-06-27T16:30:00.000,I 75,I 75 and Windy Hill Rd,,Sideswipe-Same Direction,2,Cloudy,Dry,Daylight
2022-09-22T14:53:00.000,I 75,I 75 and Windy Hill Rd,,Sideswipe-Same Direction,2,Clear,Dry,Daylight
2023-03-25T14:10:00.000,I 75,I 75 and Windy Hill Rd,,Angle Crash,3,Clear,Dry,Daylight
2023-03-24T02:40:00.000,I 75,I 75 and Windy Hill Rd,,Angle Crash,2,Clear,Dry,Dark-Lighted
2023-09-07T15:30:00.000,I 75,I 75 and Windy Hill Rd,,Rear End,3,Cloudy,Dry,Daylight
2023-10-11T17:50:00.000,I 75,I 75 and Windy Hill Rd,,Angle Crash,2,Rain,Wet,Daylight
2023-12-22T15:45:00.000,I 75,I 75 and Windy Hill Rd,,Sideswipe-Same Direction,2,Clear,Dry,Daylight
2023-09-20T08:16:00.000,I 75,I 75 and Windy Hill Rd,,Sideswipe-Same Direction,2,Clear,Dry,Daylight
2023-07-07T10:00:00.000,I 75,I 75 and Windy Hill Rd,,Sideswipe-Same Direction,2,Clear,Dry,Daylight
2023-06-19T04:15:00.000,I 75,I 75 and Windy Hill Rd,,Not a Collision with Motor Vehicle,1,Rain,Wet,Dark-Lighted
2023-02-21T16:13:00.000,I 75,I 75 and Windy Hill Rd,,Sideswipe-Same Direction,2,Cloudy,Wet,Daylight
2023-05-19T05:42:00.000,I 75,I 75 and Windy Hill Rd,,Sideswipe-Same Direction,1,Clear,Dry,Dark-Lighted
2023-04-02T14:00:00.000,I 75,I 75 and Windy Hill Rd,,Angle Crash,2,Clear,Dry,Daylight
2024-04-08T21:45:00.000,I 75,I 75 and Windy Hill Rd,,Sideswipe-Same Direction,2,Clear,Dry,Dark-Lighted
2024-12-19T20:50:00.000,I 75,I 75 and Windy Hill Rd,,Sideswipe-Same Direction,2,Clear,Dry,Dark-Not Lighted
2024-12-28T20:20:00.000,I 75,I 75 and Windy Hill Rd,,Not a Collision with Motor Vehicle,1,Cloudy,Wet,Dark-Lighted
2024-06-07T11:55:00.000,I 75,I 75 and Windy Hill Rd,,Sideswipe-Same Direction,2,Clear,Dry,Daylight
2024-03-08T11:54:00.000,I 75,I 75 and Windy Hill Rd,,Rear End,2,Cloudy,Dry,Daylight
2024-11-22T19:18:00.000,I 75,I 75 and Windy Hill Rd,,Rear End,2,Clear,Dry,Dark-Not Lighted
2024-02-01T22:35:00.000,I 75,I 75 and Windy Hill Rd,,Rear End,2,Clear,Dry,Dark-Not Lighted
2024-06-21T18:06:00.000,I 75,I 75 and Windy Hill Rd,,Rear End,2,Clear,Dry,Daylight
2024-04-16T08:40:00.000,I 75,I 75 and Windy Hill Rd,,Sideswipe-Same Direction,2,Clear,Dry,Daylight
2024-03-01T17:00:00.000,I 75,I 75 and Windy Hill Rd,,Rear End,2,Rain,Wet,Daylight
2024-10-10T00:00:00.000,I 75,I 75 and Windy Hill Rd,,Rear End,2,Clear,Dry,Daylight
2024-08-13T11:18:00.000,I 75,I 75 and Windy Hill Rd,,Sideswipe-Same Direction,3,Clear,Dry,Daylight
2024-01-11T10:40:00.000,I 75,I 75 and Windy Hill Rd,,Angle Crash,2,Clear,Dry,Daylight
2024-09-05T08:20:00.000,I 75,I 75 and Windy Hill Rd,,Sideswipe-Same Direction,2,Clear,Dry,Daylight
2024-04-22T06:34:00.000,I 75,I 75 and Windy Hill Rd,,Rear End,2,Clear,Dry,Dawn
2024-01-03T16:56:00.000,I 75,I 75 and Windy Hill Rd,,Rear End,2,Clear,Dry,Daylight
2024-05-07T18:17:00.000,I 75,I 75 and Windy Hill Rd,,Sideswipe-Same Direction,2,Clear,Dry,Daylight
2024-03-18T16:39:00.000,I 75,I 75 and Windy Hill Rd,,Sideswipe-Same Direction,2,Clear,Dry,Daylight
2024-12-17T08:20:00.000,I 75,I 75 and Windy Hill Rd,,Rear End,2,Clear,Dry,Daylight
2024-02-05T08:39:00.000,I 75,I 75 and Windy Hill Rd,,Not a Collision with Motor Vehicle,1,Cloudy,Dry,Daylight
2024-01-10T15:46:00.000,I 75,I 75 and Windy Hill Rd,,Rear End,2,Clear,Dry,Daylight
2024-03-13T07:45:00.000,I 75,I 75 and Windy Hill Rd,,Sideswipe-Same Direction,1,Clear,Dry,Daylight
2024-01-13T17:29:00.000,I 75,I 75 and Windy Hill Rd,,Sideswipe-Same Direction,2,Clear,Dry,Dark-Lighted
2024-12-18T09:25:00.000,I 75,I 75 and Windy Hill Rd,,Sideswipe-Same Direction,2,Clear,Dry,Daylight
2024-04-30T10:08:00.000,I 75,I 75 and Windy Hill Rd,,Sideswipe-Same Direction,2,Cloudy,Wet,Daylight
2024-02-05T17:34:00.000,I 75,I 75 and Windy Hill Rd,,Rear End,2,Rain,Wet,Dark-Not Lighted
2024-01-23T10:25:00.000,I 75,I 75 and Windy Hill Rd,,Sideswipe-Same Direction,2,Cloudy,Wet,Daylight
2024-03-28T07:30:00.000,I 75,I 75 and Windy Hill Rd,,Sideswipe-Same Direction,2,Clear,Dry,Daylight
2024-05-12T17:35:00.000,I 75,I 75 and Windy Hill Rd,,Rear End,2,Cloudy,Dry,Daylight
2024-02-09T09:23:00.000,I 75,I 75 and Windy Hill Rd,,Sideswipe-Same Direction,2,Cloudy,Dry,Daylight
2024-11-05T12:41:00.000,I 75,I 75 and Windy Hill Rd,,Sideswipe-Same Direction,2,Clear,Dry,Daylight
2024-06-15T11:46:00.000,I 75,I 75 and Windy Hill Rd,,Sideswipe-Same Direction,4,Clear,Dry,Daylight
2024-06-19T14:02:00.000,I 75,I 75 and Windy Hill Rd,,Rear End,3,Clear,Dry,Daylight
2024-12-23T08:35:00.000,I 75,I 75 and Windy Hill Rd,,Sideswipe-Same Direction,2,Clear,Dry,Daylight
2024-06-17T00:30:00.000,I 75,I 75 and Windy Hill Rd,,Rear End,2,Clear,Dry,Dark-Lighted
2024-05-25T19:53:00.000,I 75,I 75 and Windy Hill Rd,,Sideswipe-Same Direction,2,Clear,Dry,Daylight
2024-08-22T09:27:00.000,I 75,I 75 and Windy Hill Rd,,Sideswipe-Same Direction,2,Clear,Dry,Daylight
2024-03-25T06:49:00.000,I 75,I 75 and Windy Hill Rd,,Sideswipe-Same Direction,2,Clear,Dry,Daylight
2024-04-21T08:32:00.000,I 75,I 75 and Windy Hill Rd,,Not a Collision with Motor Vehicle,1,Rain,Wet,Daylight
2024-09-12T21:30:00.000,I 75,I 75 and Windy Hill Rd,,Sideswipe-Same Direction,2,Cloudy,Wet,Dark-Not Lighted
2024-06-07T19:06:00.000,I 75,I 75 and Windy Hill Rd,,Sideswipe-Same Direction,2,Clear,Dry,Daylight
2024-12-23T11:56:00.000,I 75,I 75 and Windy Hill Rd,,Rear End,2,Clear,Dry,Daylight
2024-10-24T18:11:00.000,I 75,I 75 and Windy Hill Rd,,Sideswipe-Same Direction,2,Clear,Dry,Daylight
2024-06-15T04:15:00.000,I 75,I 75 and Windy Hill Rd,,Not a Collision with Motor Vehicle,1,Cloudy,Dry,Dark-Not Lighted
2024-09-06T13:40:00.000,I 75,I 75 and Windy Hill Rd,,Sideswipe-Same Direction,2,Cloudy,Dry,Daylight
2024-10-31T13:25:00.000,I 75,I 75 and Windy Hill Rd,,Rear End,3,Clear,Dry,Daylight
2024-04-21T12:33:00.000,I 75,I 75 and Windy Hill Rd,,Rear End,2,Rain,Wet,Daylight
2024-11-24T14:43:00.000,I 75,I 75 and Windy Hill Rd,,Sideswipe-Same Direction,2,Clear,Dry,Daylight
2024-07-02T19:44:00.000,I 75,I 75 and Windy Hill Rd,,Sideswipe-Same Direction,2,Clear,Dry,Daylight
2024-02-08T14:12:00.000,I 75,I 75 and Windy Hill Rd,,Angle Crash,2,Cloudy,Dry,Daylight
2024-06-10T17:39:00.000,I 75,I 75 and Windy Hill Rd,,Rear End,2,Clear,Dry,Daylight
2024-08-26T08:30:00.000,I 75,I 75 and Windy Hill Rd,,Sideswipe-Same Direction,2,Clear,Dry,Daylight
2024-01-24T12:20:00.000,I 75,I 75 and Windy Hill Rd,,Sideswipe-Same Direction,2,Rain,Wet,Daylight
2024-09-26T06:00:00.000,I 75,I 75 and Windy Hill Rd,,Sideswipe-Same Direction,2,Rain,Wet,Dark-Lighted
2024-01-20T16:08:00.000,I 75,I 75 and Windy Hill Rd,,Sideswipe-Same Direction,2,Clear,Dry,Daylight
2023-12-19T06:02:00.000,I 75,I 75 and Windy Hill Rd,,Sideswipe-Same Direction,2,Clear,Dry,Dark-Not Lighted
2023-12-12T16:40:00.000,I 75,I 75 and Windy Hill Rd,,Rear End,2,Clear,Dry,Daylight
2023-02-09T21:25:00.000,I 75,I 75 and Windy Hill Rd,,Angle Crash,2,Rain,Wet,Dark-Lighted
2023-09-16T21:51:00.000,I 75,I 75 and Windy Hill Rd,,Sideswipe-Same Direction,2,Clear,Dry,Dark-Lighted
2023-04-16T15:05:00.000,I 75,I 75 and Windy Hill Rd,,Rear End,2,Clear,Dry,Daylight
2023-07-09T03:12:00.000,I 75,I 75 and Windy Hill Rd,,Rear End,2,Clear,Dry,Dark-Lighted
2023-12-28T08:25:00.000,I 75,I 75 and Windy Hill Rd,,Sideswipe-Same Direction,2,Clear,Dry,Daylight
2023-06-01T12:26:00.000,I 75,I 75 and Windy Hill Rd,,Sideswipe-Same Direction,3,Clear,Dry,Daylight
2023-12-19T18:05:00.000,I 75,I 75 and Windy Hill Rd,,Rear End,4,Clear,Dry,Daylight
2023-10-10T11:15:00.000,I 75,I 75 and Windy Hill Rd,,Sideswipe-Same Direction,2,Clear,Dry,Daylight
2023-03-10T22:05:00.000,I 75,I 75 and Windy Hill Rd,,Sideswipe-Same Direction,2,Clear,Dry,Dark-Not Lighted
2023-12-14T20:32:00.000,I 75,I 75 and Windy Hill Rd,,Rear End,2,Clear,Dry,Dark-Not Lighted
2024-10-24T16:42:00.000,I 75,I 75 and Windy Hill Rd,,Sideswipe-Same Direction,2,Clear,Dry,Daylight
2024-03-10T15:05:00.000,I 75,I 75 and Windy Hill Rd,,Sideswipe-Same Direction,3,Clear,Dry,Daylight
2024-10-31T12:41:00.000,I 75,I 75 and Windy Hill Rd,,Rear End,2,Clear,Dry,Daylight
2024-05-07T09:46:00.000,I 75,I 75 and Windy Hill Rd,,Sideswipe-Same Direction,2,Cloudy,Dry,Daylight
2024-09-25T15:57:00.000,I 75,I 75 and Windy Hill Rd,,Sideswipe-Same Direction,2,Rain,Wet,Daylight
2024-11-13T17:30:00.000,I 75,I 75 and Windy Hill Rd,,Sideswipe-Same Direction,2,Cloudy,Dry,Daylight
2024-12-03T19:38:00.000,I 75,I 75 and Windy Hill Rd,,Angle Crash,2,Clear,Dry,Dark-Lighted
2024-10-26T23:04:00.000,I 75,I 75 and Windy Hill Rd,,Rear End,2,Clear,Dry,Dark-Not Lighted
2024-10-27T12:00:00.000,I 75,I 75 and Windy Hill Rd,,Sideswipe-Same Direction,2,Cloudy,Dry,Daylight
2024-07-18T10:52:00.000,I 75,I 75 and Windy Hill Rd,,Sideswipe-Same Direction,2,Cloudy,Dry,Daylight
2024-03-17T00:45:00.000,I 75,I 75 and Windy Hill Rd,,Not a Collision with Motor Vehicle,1,Cloudy,Dry,Dark-Not Lighted
2023-07-11T14:19:00.000,I 75,I 75 and Windy Hill Rd,,Sideswipe-Same Direction,2,Clear,Dry,Daylight
2023-01-17T13:30:00.000,I 75,I 75 and Windy Hill Rd,,Sideswipe-Same Direction,2,Cloudy,Wet,Daylight
2023-08-07T09:00:00.000,I 75,I 75 and Windy Hill Rd,,Sideswipe-Same Direction,2,Cloudy,Dry,Daylight
2023-03-20T08:58:00.000,I 75,I 75 and Windy Hill Rd,,Rear End,2,Clear,Dry,Daylight
2023-09-08T18:18:00.000,I 75,I 75 and Windy Hill Rd,,Rear End,2,Clear,Dry,Daylight
2023-11-14T14:12:00.000,I 75,I 75 and Windy Hill Rd,,Sideswipe-Same Direction,10,Cloudy,Dry,Daylight
2023-03-26T16:10:00.000,I 75,I 75 and Windy Hill Rd,,Not a Collision with Motor Vehicle,1,Cloudy,Wet,Daylight
2023-09-03T15:45:00.000,I 75,I 75 and Windy Hill Rd,,Rear End,2,Cloudy,Dry,Daylight
2023-03-04T11:22:00.000,I 75,I 75 and Windy Hill Rd,,Rear End,4,Clear,Dry,Daylight
2023-08-04T15:01:00.000,I 75,I 75 and Windy Hill Rd,,Sideswipe-Same Direction,2,Cloudy,Dry,Daylight
2023-08-17T23:15:00.000,I 75,I 75 and Windy Hill Rd,,Not a Collision with Motor Vehicle,1,Clear,Dry,Dark-Not Lighted
2023-02-15T15:30:00.000,I 75,I 75 and Windy Hill Rd,,Not a Collision with Motor Vehicle,1,Cloudy,Dry,Daylight
2023-10-07T12:38:00.000,I 75,I 75 and Windy Hill Rd,,Sideswipe-Same Direction,2,Clear,Dry,Daylight
2023-09-14T17:58:00.000,I 75,I 75 and Windy Hill Rd,,Sideswipe-Same Direction,2,Rain,Wet,Daylight
2023-09-09T23:43:00.000,I 75,I 75 and Windy Hill Rd,,Sideswipe-Same Direction,2,Clear,Dry,Dark-Lighted
2023-12-10T03:13:00.000,I 75,I 75 and Windy Hill Rd,,Rear End,2,Rain,Wet,Dark-Lighted
2023-04-13T14:11:00.000,I 75,I 75 and Windy Hill Rd,,Rear End,2,Rain,Wet,Daylight
2023-04-13T17:45:00.000,I 75,I 75 and Windy Hill Rd,,Rear End,2,Rain,Wet,Daylight
2023-08-27T04:00:00.000,I 75,I 75 and Windy Hill Rd,,Not a Collision with Motor Vehicle,1,Clear,Dry,Dark-Lighted
2023-08-20T12:36:00.000,I 75,I 75 and Windy Hill Rd,,Rear End,2,Clear,Dry,Daylight
2023-05-26T16:10:00.000,I 75,I 75 and Windy Hill Rd,,Sideswipe-Same Direction,2,Clear,Dry,Daylight
2023-11-26T15:46:00.000,I 75,I 75 and Windy Hill Rd,,(None),4,(None),(None),(None)
2023-07-18T12:04:00.000,I 75,I 75 and Windy Hill Rd,,Sideswipe-Same Direction,2,Cloudy,Dry,Daylight
2023-04-26T14:38:00.000,I 75,I 75 and Windy Hill Rd,,Sideswipe-Same Direction,3,Clear,Dry,Daylight
2023-10-14T09:48:00.000,I 75,I 75 and Windy Hill Rd,,Rear End,2,Cloudy,Wet,Daylight
2023-05-13T16:09:00.000,I 75,I 75 and Windy Hill Rd,,Rear End,2,Clear,Dry,Daylight
2023-03-24T07:06:00.000,I 75,I 75 and Windy Hill Rd,,Sideswipe-Same Direction,2,Clear,Dry,Daylight
2023-02-05T17:27:00.000,I 75,I 75 and Windy Hill Rd,,Rear End,3,Clear,Dry,Daylight
2023-04-01T22:12:00.000,I 75,I 75 and Windy Hill Rd,,Angle Crash,2,Cloudy,Dry,Dark-Not Lighted
2023-12-25T18:45:00.000,I 75,I 75 and Windy Hill Rd,,Not a Collision with Motor Vehicle,1,Clear,Dry,Dark-Not Lighted
2023-04-23T03:30:00.000,I 75,I 75 and Windy Hill Rd,,Sideswipe-Same Direction,2,Clear,Dry,Dark-Not Lighted
2023-01-01T16:11:00.000,I 75,I 75 and Windy Hill Rd,,Sideswipe-Same Direction,2,Clear,Dry,Daylight
2023-04-01T15:34:00.000,I 75,I 75 and Windy Hill Rd,,Rear End,2,Clear,Dry,Daylight
2023-12-15T14:25:00.000,I 75,I 75 and Windy Hill Rd,,Rear End,2,Clear,Dry,Daylight
2023-08-17T23:15:00.000,I 75,I 75 and Windy Hill Rd,,Not a Collision with Motor Vehicle,1,Clear,Dry,Dark-Not Lighted
2023-08-21T17:31:00.000,I 75,I 75 and Windy Hill Rd,,Rear End,2,Clear,Dry,Daylight
2023-04-08T23:24:00.000,I 75,I 75 and Windy Hill Rd,,Angle Crash,2,Cloudy,Dry,Dark-Lighted
2023-04-06T09:09:00.000,I 75,I 75 and Windy Hill Rd,,Rear End,2,Clear,Dry,Daylight
2023-09-17T07:47:00.000,I 75,I 75 and Windy Hill Rd,,Sideswipe-Same Direction,2,Cloudy,Wet,Daylight
2023-04-23T11:12:00.000,I 75,I 75 and Windy Hill Rd,,Sideswipe-Same Direction,2,Clear,Dry,Daylight
2023-07-29T21:43:00.000,I 75,I 75 and Windy Hill Rd,,Angle Crash,2,Clear,Dry,Dark-Not Lighted
2023-10-22T14:00:00.000,I 75,I 75 and Windy Hill Rd,,Rear End,3,Clear,Dry,Daylight
2023-06-17T16:51:00.000,I 75,I 75 and Windy Hill Rd,,Rear End,2,Clear,Dry,Daylight
2023-07-30T01:36:00.000,I 75,I 75 and Windy Hill Rd,,Rear End,2,Clear,Dry,Dark-Lighted
2023-07-06T15:40:00.000,I 75,I 75 and Windy Hill Rd,,Rear End,2,Clear,Dry,Daylight
2023-04-30T02:55:00.000,I 75,I 75 and Windy Hill Rd,,Rear End,2,Rain,Wet,Dark-Lighted
2023-07-30T11:26:00.000,I 75,I 75 and Windy Hill Rd,,Sideswipe-Same Direction,2,Clear,Dry,Daylight
2023-06-13T18:17:00.000,I 75,I 75 and Windy Hill Rd,,Sideswipe-Same Direction,2,Clear,Dry,Daylight
2023-11-25T13:00:00.000,I 75,I 75 and Windy Hill Rd,,Sideswipe-Same Direction,2,Clear,Dry,Daylight
2023-08-14T13:30:00.000,I 75,I 75 and Windy Hill Rd,,Rear End,2,Clear,Dry,Daylight
2023-10-21T13:20:00.000,I 75,I 75 and Windy Hill Rd,,Rear End,3,Clear,Dry,Daylight
2023-11-16T17:51:00.000,I 75,I 75 and Windy Hill Rd,,Rear End,2,Clear,Dry,Dark-Not Lighted
2023-08-22T14:11:00.000,I 75,I 75 and Windy Hill Rd,,Rear End,2,Clear,Dry,Daylight
2023-04-24T19:55:00.000,I 75,I 75 and Windy Hill Rd,,Rear End,2,Clear,Dry,Daylight
2023-11-19T00:50:00.000,I 75,I 75 and Windy Hill Rd,,Not a Collision with Motor Vehicle,1,Clear,Dry,Daylight
2023-11-08T05:53:00.000,I 75,I 75 and Windy Hill Rd,,Rear End,2,Clear,Dry,Dark-Lighted
2023-03-07T12:00:00.000,I 75,I 75 and Windy Hill Rd,,Sideswipe-Same Direction,2,Clear,Dry,Daylight
2023-06-15T17:20:00.000,I 75,I 75 and Windy Hill Rd,,Sideswipe-Same Direction,2,Clear,Dry,Daylight
2023-11-26T18:05:00.000,I 75,I 75 and Windy Hill Rd,,Rear End,2,Rain,Wet,Dark-Not Lighted
2023-05-15T12:49:00.000,I 75,I 75 and Windy Hill Rd,,Rear End,2,Clear,Dry,Daylight
2023-04-17T13:28:00.000,I 75,I 75 and Windy Hill Rd,,Sideswipe-Same Direction,2,Clear,Dry,Daylight
2023-03-19T14:20:00.000,I 75,I 75 and Windy Hill Rd,,Sideswipe-Same Direction,2,Clear,Dry,Daylight
2023-12-03T08:58:00.000,I 75,I 75 and Windy Hill Rd,,Sideswipe-Same Direction,2,Cloudy,Wet,Daylight
2023-09-30T17:22:00.000,I 75,I 75 and Windy Hill Rd,,Rear End,2,Clear,Dry,Daylight
2023-12-11T11:21:00.000,I 75,I 75 and Windy Hill Rd,,Rear End,2,Clear,Dry,Daylight
2023-07-19T11:15:00.000,I 75,I 75 and Windy Hill Rd,,Angle Crash,2,Clear,Dry,Daylight
2023-10-20T18:22:00.000,I 75,I 75 and Windy Hill Rd,,(None),2,(None),(None),(None)
2023-09-14T17:59:00.000,I 75,I 75 and Windy Hill Rd,,Sideswipe-Same Direction,2,Clear,Wet,Daylight
2023-06-14T18:29:00.000,I 75,I 75 and Windy Hill Rd,,Rear End,2,Clear,Dry,Daylight
2023-04-18T08:43:00.000,I 75,I 75 and Windy Hill Rd,,Rear End,2,Clear,Dry,Daylight
2023-08-11T15:20:00.000,I 75,I 75 and Windy Hill Rd,,Rear End,2,Cloudy,Dry,Daylight
2023-11-17T08:24:00.000,I 75,I 75 and Windy Hill Rd,,Sideswipe-Same Direction,2,Clear,Dry,Daylight
2023-02-24T03:00:00.000,I 75,I 75 and Windy Hill Rd,,Not a Collision with Motor Vehicle,1,Cloudy,Wet,Dark-Not Lighted
2023-01-18T21:51:00.000,I 75,I 75 and Windy Hill Rd,,Sideswipe-Same Direction,2,Cloudy,Dry,Dark-Not Lighted
2023-09-08T16:04:00.000,I 75,I 75 and Windy Hill Rd,,Sideswipe-Same Direction,2,Clear,Dry,Daylight
2023-10-27T15:02:00.000,I 75,I 75 and Windy Hill Rd,,Sideswipe-Same Direction,2,Clear,Dry,Daylight
2023-02-28T08:00:00.000,I 75,I 75 and Windy Hill Rd,,Rear End,3,Clear,Dry,Daylight
2023-02-26T16:36:00.000,I 75,I 75 and Windy Hill Rd,,Sideswipe-Same Direction,2,Clear,Dry,Daylight
2023-12-03T16:25:00.000,I 75,I 75 and Windy Hill Rd,,Rear End,3,Clear,Dry,Daylight
2023-02-08T11:50:00.000,I 75,I 75 and Windy Hill Rd,,Angle Crash,2,Cloudy,Dry,Daylight
2023-02-06T22:10:00.000,I 75,I 75 and Windy Hill Rd,,Sideswipe-Same Direction,3,Clear,Dry,Dark-Not Lighted
2023-07-28T23:54:00.000,I 75,I 75 and Windy Hill Rd,,Sideswipe-Same Direction,2,Cloudy,Dry,Dark-Not Lighted
2023-06-19T12:12:00.000,I 75,I 75 and Windy Hill Rd,,Rear End,2,Clear,Dry,Daylight
2023-04-25T18:23:00.000,I 75,I 75 and Windy Hill Rd,,Sideswipe-Same Direction,2,Clear,Dry,Daylight
2023-08-24T06:51:00.000,I 75,I 75 and Windy Hill Rd,,Rear End,3,Clear,Dry,Daylight
2023-03-28T09:06:00.000,I 75,I 75 and Windy Hill Rd,,Sideswipe-Same Direction,2,Clear,Dry,Daylight
2023-06-11T14:58:00.000,I 75,I 75 and Windy Hill Rd,,Rear End,2,Cloudy,Dry,Daylight
2023-05-30T15:08:00.000,I 75,I 75 and Windy Hill Rd,,Sideswipe-Same Direction,2,Cloudy,Dry,Daylight
2023-08-16T22:18:00.000,I 75,I 75 and Windy Hill Rd,,Sideswipe-Same Direction,2,Clear,Dry,Dark-Lighted
2023-09-30T14:12:00.000,I 75,I 75 and Windy Hill Rd,,Rear End,3,Clear,Dry,Daylight
2023-06-30T18:35:00.000,I 75,I 75 and Windy Hill Rd,,Sideswipe-Same Direction,2,Clear,Dry,Daylight
2023-10-26T19:15:00.000,I 75,I 75 and Windy Hill Rd,,Rear End,2,Clear,Dry,Daylight
2023-08-13T14:00:00.000,I 75,I 75 and Windy Hill Rd,,Angle Crash,3,Clear,Dry,Daylight
2023-09-25T13:20:00.000,I 75,I 75 and Windy Hill Rd,,Sideswipe-Same Direction,2,Clear,Dry,Daylight
2023-12-09T13:05:00.000,I 75,I 75 and Windy Hill Rd,,Sideswipe-Same Direction,2,Rain,Wet,Daylight
2023-01-25T10:30:00.000,I 75,I 75 and Windy Hill Rd,,Sideswipe-Same Direction,2,Clear,Dry,Daylight
2023-08-18T15:40:00.000,I 75,I 75 and Windy Hill Rd,,Sideswipe-Same Direction,2,Clear,Dry,Daylight
2023-07-14T21:00:00.000,I 75,I 75 and Windy Hill Rd,,Sideswipe-Same Direction,2,Clear,Dry,Dark-Lighted
2023-01-13T11:00:00.000,I 75,I 75 and Windy Hill Rd,,Rear End,2,Cloudy,Dry,Daylight
2023-04-08T15:38:00.000,I 75,I 75 and Windy Hill Rd,,Angle Crash,2,Rain,Wet,Daylight
2023-07-15T15:10:00.000,I 75,I 75 and Windy Hill Rd,,Sideswipe-Same Direction,2,Clear,Dry,Daylight
2023-07-06T20:36:00.000,I 75,I 75 and Windy Hill Rd,,Not a Collision with Motor Vehicle,1,Clear,Dry,Dark-Not Lighted
2023-03-04T01:22:00.000,I 75,I 75 and Windy Hill Rd,,Head On,2,Cloudy,Dry,Dark-Lighted
2023-04-18T13:44:00.000,I 75,I 75 and Windy Hill Rd,,Sideswipe-Same Direction,2,Clear,Dry,Daylight
2023-02-17T16:20:00.000,I 75,I 75 and Windy Hill Rd,,Angle Crash,2,Cloudy,Dry,Daylight
2023-09-08T14:24:00.000,I 75,I 75 and Windy Hill Rd,,Sideswipe-Same Direction,2,Clear,Dry,Daylight
2023-12-23T18:38:00.000,I 75,I 75 and Windy Hill Rd,,Sideswipe-Same Direction,2,Clear,Dry,Dark-Lighted
2023-08-11T14:04:00.000,I 75,I 75 and Windy Hill Rd,,Sideswipe-Same Direction,2,Cloudy,Dry,Daylight
2023-02-12T16:45:00.000,I 75,I 75 and Windy Hill Rd,,Rear End,2,Cloudy,Wet,Daylight
2023-08-08T13:08:00.000,I 75,I 75 and Windy Hill Rd,,Sideswipe-Same Direction,2,Clear,Dry,Daylight
2023-10-31T13:22:00.000,I 75,I 75 and Windy Hill Rd,,Rear End,2,Cloudy,Dry,Daylight
2023-06-30T16:34:00.000,I 75,I 75 and Windy Hill Rd,,Rear End,2,Cloudy,Wet,Daylight
2023-05-30T15:15:00.000,I 75,I 75 and Windy Hill Rd,,Sideswipe-Same Direction,2,Cloudy,Dry,Daylight
2023-09-04T15:00:00.000,I 75,I 75 and Windy Hill Rd,,Sideswipe-Same Direction,2,Clear,Dry,Daylight
2024-07-09T11:02:00.000,I 75,I 75 and Windy Hill Rd,,Sideswipe-Same Direction,2,Cloudy,Dry,Daylight
2024-05-31T13:19:00.000,I 75,I 75 and Windy Hill Rd,,Rear End,3,Clear,Dry,Daylight
2024-03-12T15:54:00.000,I 75,I 75 and Windy Hill Rd,,Sideswipe-Same Direction,2,Clear,Dry,Daylight
2024-09-16T07:14:00.000,I 75,I 75 and Windy Hill Rd,,Sideswipe-Same Direction,2,Clear,Dry,Daylight