Date and Time,Roadway (From Crash Report),Intersection Name (from Crash Report),KABCO Severity,Manner of Collision (Crash Level) ,# of Vehicles per crash ,Weather Conditions (Crash Level),Surface Condition (Crash Level) ,Light Conditions (Crash Level)
2024-10-17T13:19:00.000,I 75,I 75 and Windy Hill Rd,,Sideswipe-Same Direction,2,Clear,Dry,Daylight
2024-02-05T07:39:00.000,I 75,I 75 and Windy Hill Rd,,Sideswipe-Same Direction,2,Cloudy,Dry,Daylight
2024-01-11T17:45:00.000,I 75,I 75 and Windy Hill Rd,,Sideswipe-Same Direction,2,Clear,Dry,Dusk
2024-06-18T10:58:00.000,I 75,I 75 and Windy Hill Rd,,Sideswipe-Same Direction,2,Cloudy,Dry,Daylight
2024-09-09T06:00:00.000,I 75,I 75 and Windy Hill Rd,,Sideswipe-Same Direction,2,Clear,Dry,Dark-Not Lighted
2024-09-29T20:24:00.000,I 75,I 75 and Windy Hill Rd,,Rear End,3,Clear,Dry,Dark-Not Lighted
2024-10-09T15:13:00.000,I 75,I 75 and Windy Hill Rd,,Sideswipe-Same Direction,2,Clear,Dry,Daylight
2024-07-25T12:50:00.000,I 75,I 75 and Windy Hill Rd,,Sideswipe-Same Direction,2,Cloudy,Dry,Daylight
2024-10-21T09:21:00.000,I 75,I 75 and Windy Hill Rd,,Sideswipe-Same Direction,2,Clear,Dry,Daylight
2024-11-21T17:58:00.000,I 75,I 75 and Windy Hill Rd,,Sideswipe-Same Direction,2,Clear,Dry,Dark-Not Lighted
2024-04-15T19:16:00.000,I 75,I 75 and Windy Hill Rd,,Sideswipe-Same Direction,2,Clear,Dry,Daylight
2024-07-08T11:38:00.000,I 75,I 75 and Windy Hill Rd,,Not a Collision with Motor Vehicle,1,Clear,Dry,Daylight
2024-09-17T15:10:00.000,I 75,I 75 and Windy Hill Rd,,Sideswipe-Same Direction,2,Cloudy,Dry,Daylight
2024-03-22T14:30:00.000,I 75,I 75 and Windy Hill Rd,,Rear End,2,Rain,Wet,Daylight
2024-10-10T07:00:00.000,I 75,I 75 and Windy Hill Rd,,Rear End,2,Clear,Dry,Dark-Not Lighted
2024-11-05T15:15:00.000,I 75,I 75 and Windy Hill Rd,,Not a Collision with Motor Vehicle,2,Clear,Dry,Daylight
2024-01-19T19:22:00.000,I 75,I 75 and Windy Hill Rd,,Rear End,4,Clear,Dry,Dark-Not Lighted
2024-07-06T13:00:00.000,I 75,I 75 and Windy Hill Rd,,Angle Crash,2,Clear,Dry,Daylight
2024-06-19T15:48:00.000,I 75,I 75 and Windy Hill Rd,,Rear End,2,Clear,Dry,Daylight
2024-02-07T06:30:00.000,I 75,I 75 and Windy Hill Rd,,Rear End,2,Cloudy,Dry,Dark-Not Lighted
2024-10-28T14:00:00.000,I 75,I 75 and Windy Hill Rd,,Not a Collision with Motor Vehicle,1,Clear,Dry,Daylight
2024-11-18T22:24:00.000,I 75,I 75 and Windy Hill Rd,,Sideswipe-Same Direction,2,Clear,Dry,Dark-Not Lighted
2024-01-13T23:30:00.000,I 75,I 75 and Windy Hill Rd,,Rear End,1,Clear,Dry,Dark-Not Lighted
2024-04-09T19:41:00.000,I 75,I 75 and Windy Hill Rd,,Rear End,2,Rain,Wet,Dark-Lighted
2024-12-07T21:30:00.000,I 75,I 75 and Windy Hill Rd,,Angle Crash,2,Clear,Dry,Dark-Lighted
2024-07-06T22:30:00.000,I 75,I 75 and Windy Hill Rd,,Sideswipe-Same Direction,2,Clear,Wet,Dark-Lighted
2024-03-13T11:05:00.000,I 75,I 75 and Windy Hill Rd,,Rear End,2,Clear,Dry,Daylight
2024-03-13T05:15:00.000,I 75,I 75 and Windy Hill Rd,,Rear End,2,Clear,Dry,Dark-Lighted
2024-10-05T11:29:00.000,I 75,I 75 and Windy Hill Rd,,Rear End,2,Clear,Dry,Daylight
2024-04-19T13:37:00.000,I 75,I 75 and Windy Hill Rd,,Sideswipe-Same Direction,2,Cloudy,Dry,Daylight
2024-06-15T11:00:00.000,I 75,I 75 and Windy Hill Rd,,Rear End,2,Clear,Dry,Daylight
2024-06-26T18:18:00.000,I 75,I 75 and Windy Hill Rd,,Sideswipe-Same Direction,2,Clear,Dry,Daylight
2024-12-06T07:20:00.000,I 75,I 75 and Windy Hill Rd,,Sideswipe-Same Direction,2,Clear,Dry,Daylight
2024-04-18T19:54:00.000,I 75,I 75 and Windy Hill Rd,,Angle Crash,2,Clear,Dry,Daylight
2024-04-20T15:18:00.000,I 75,I 75 and Windy Hill Rd,,Sideswipe-Same Direction,2,Clear,Dry,Daylight
2024-06-29T13:29:00.000,I 75,I 75 and Windy Hill Rd,,Rear End,2,Clear,Dry,Daylight
2024-05-20T15:49:00.000,I 75,I 75 and Windy Hill Rd,,Rear End,2,Clear,Dry,Daylight
2024-02-29T08:14:00.000,I 75,I 75 and Windy Hill Rd,,Sideswipe-Same Direction,2,Clear,Dry,Daylight
2024-05-07T18:17:00.000,I 75,I 75 and Windy Hill Rd,,Sideswipe-Same Direction,2,Clear,Dry,Daylight
2024-08-08T12:27:00.000,I 75,I 75 and Windy Hill Rd,,Sideswipe-Same Direction,2,Clear,Dry,Daylight
2024-05-21T13:12:00.000,I 75,I 75 and Windy Hill Rd,,Sideswipe-Same Direction,2,Clear,Dry,Daylight
2024-11-04T17:30:00.000,I 75,I 75 and Windy Hill Rd,,Rear End,2,Cloudy,Dry,Dark-Not Lighted
2024-03-12T21:25:00.000,I 75,I 75 and Windy Hill Rd,,Not a Collision with Motor Vehicle,1,Clear,Dry,Dark-Not Lighted
2024-07-01T19:41:00.000,I 75,I 75 and Windy Hill Rd,,Sideswipe-Same Direction,2,Clear,Dry,Daylight
2024-10-08T12:11:00.000,I 75,I 75 and Windy Hill Rd,,Sideswipe-Same Direction,2,Clear,Dry,Daylight
2024-09-22T18:45:00.000,I 75,I 75 and Windy Hill Rd,,Sideswipe-Same Direction,2,Clear,Dry,Daylight
2024-05-07T08:18:00.000,I 75,I 75 and Windy Hill Rd,,Rear End,2,Clear,Dry,Daylight
2024-11-23T09:09:00.000,I 75,I 75 and Windy Hill Rd,,Rear End,2,Clear,Dry,Daylight
2024-03-26T03:47:00.000,I 75,I 75 and Windy Hill Rd,,Not a Collision with Motor Vehicle,1,Clear,Dry,Dark-Lighted
2024-07-11T04:59:00.000,I 75,I 75 and Windy Hill Rd,,Sideswipe-Same Direction,3,Clear,Dry,Dark-Not Lighted
2024-07-25T09:26:00.000,I 75,I 75 and Windy Hill Rd,,Sideswipe-Same Direction,2,Clear,Dry,Daylight
2024-03-18T14:34:00.000,I 75,I 75 and Windy Hill Rd,,Sideswipe-Same Direction,2,Clear,Dry,Daylight
2024-08-19T14:20:00.000,I 75,I 75 and Windy Hill Rd,,Sideswipe-Same Direction,2,Clear,Dry,Daylight
2024-01-07T03:20:00.000,I 75,I 75 and Windy Hill Rd,,Not a Collision with Motor Vehicle,1,Clear,Dry,Dark-Not Lighted
2024-02-11T15:30:00.000,I 75,I 75 and Windy Hill Rd,,Rear End,2,Cloudy,Dry,Daylight
2024-06-16T17:50:00.000,I 75,I 75 and Windy Hill Rd,,Rear End,2,Clear,Dry,Daylight
2024-08-15T19:24:00.000,I 75,I 75 and Windy Hill Rd,,Sideswipe-Same Direction,2,Clear,Dry,Daylight
2024-05-20T19:55:00.000,I 75,I 75 and Windy Hill Rd,,Sideswipe-Same Direction,2,Clear,Dry,Daylight
2024-01-24T18:50:00.000,I 75,I 75 and Windy Hill Rd,,Sideswipe-Same Direction,2,Rain,Wet,Daylight
2024-04-26T19:10:00.000,I 75,I 75 and Windy Hill Rd,,Sideswipe-Same Direction,2,Clear,Dry,Daylight
2024-07-06T17:10:00.000,I 75,I 75 and Windy Hill Rd,,Sideswipe-Same Direction,2,Cloudy,Dry,Daylight
2024-04-03T15:43:00.000,I 75,I 75 and Windy Hill Rd,,Sideswipe-Same Direction,2,Clear,Dry,Daylight
2024-05-24T15:25:00.000,I 75,I 75 and Windy Hill Rd,,Sideswipe-Same Direction,2,Cloudy,Dry,Daylight
2024-08-05T12:50:00.000,I 75,I 75 and Windy Hill Rd,,Sideswipe-Same Direction,2,Clear,Dry,Daylight
2024-02-18T18:50:00.000,I 75,I 75 and Windy Hill Rd,,Rear End,2,Cloudy,Dry,Dark-Not Lighted
2024-05-02T15:42:00.000,I 75,I 75 and Windy Hill Rd,,Sideswipe-Same Direction,2,Clear,Dry,Daylight
2024-03-17T16:47:00.000,I 75,I 75 and Windy Hill Rd,,Rear End,2,Cloudy,Dry,Daylight
2024-12-10T17:41:00.000,I 75,I 75 and Windy Hill Rd,,Rear End,2,Clear,Wet,Daylight
2024-06-11T08:55:00.000,I 75,I 75 and Windy Hill Rd,,Sideswipe-Same Direction,2,Clear,Dry,Daylight
2024-10-08T06:11:00.000,I 75,I 75 and Windy Hill Rd,,Sideswipe-Same Direction,2,Clear,Dry,Dark-Lighted
2024-07-06T13:05:00.000,I 75,I 75 and Windy Hill Rd,,Rear End,2,Cloudy,Dry,Daylight
2024-05-01T14:40:00.000,I 75,I 75 and Windy Hill Rd,,Sideswipe-Same Direction,2,Clear,Dry,Daylight
2024-10-27T00:05:00.000,I 75,I 75 and Windy Hill Rd,,Rear End,3,Clear,Dry,Dark-Lighted
2024-05-09T06:58:00.000,I 75,I 75 and Windy Hill Rd,,Rear End,2,Clear,Dry,Dawn
2024-10-29T18:45:00.000,I 75,I 75 and Windy Hill Rd,,Rear End,2,Clear,Dry,Daylight
2024-09-02T10:25:00.000,I 75,I 75 and Windy Hill Rd,,Sideswipe-Same Direction,2,Clear,Dry,Daylight
2024-03-02T21:49:00.000,I 75,I 75 and Windy Hill Rd,,Sideswipe-Same Direction,2,Cloudy,Dry,Dark-Not Lighted
2024-05-05T23:17:00.000,I 75,I 75 and Windy Hill Rd,,Rear End,3,Cloudy,Dry,Dark-Not Lighted
2024-02-22T17:55:00.000,I 75,I 75 and Windy Hill Rd,,Rear End,2,Cloudy,Dry,Daylight
2024-03-17T01:22:00.000,I 75,I 75 and Windy Hill Rd,,Not a Collision with Motor Vehicle,2,Cloudy,Dry,Dark-Not Lighted
2024-06-27T18:30:00.000,I 75,I 75 and Windy Hill Rd,,Rear End,2,Clear,Dry,Daylight
2024-12-13T14:00:00.000,I 75,I 75 and Windy Hill Rd,,Sideswipe-Same Direction,2,Clear,Dry,Daylight
2024-04-17T18:05:00.000,I 75,I 75 and Windy Hill Rd,,Sideswipe-Same Direction,2,Cloudy,Dry,Daylight
2024-02-12T15:55:00.000,I 75,I 75 and Windy Hill Rd,,Rear End,2,Cloudy,Wet,Daylight
2024-02-05T07:14:00.000,I 75,I 75 and Windy Hill Rd,,Sideswipe-Same Direction,2,Cloudy,Wet,Daylight
2024-12-21T16:12:00.000,I 75,I 75 and Windy Hill Rd,,Rear End,2,Clear,Dry,Daylight
2024-07-03T10:31:00.000,I 75,I 75 and Windy Hill Rd,,Rear End,2,Cloudy,Dry,Daylight
2024-11-08T15:57:00.000,I 75,I 75 and Windy Hill Rd,,Angle Crash,2,Clear,Dry,Daylight
2024-03-12T22:45:00.000,I 75,I 75 and Windy Hill Rd,,Rear End,2,Clear,Dry,Dark-Not Lighted
2024-06-04T18:40:00.000,I 75,I 75 and Windy Hill Rd,,Sideswipe-Same Direction,3,Clear,Dry,Daylight
2024-04-19T07:38:00.000,I 75,I 75 and Windy Hill Rd,,Sideswipe-Same Direction,2,Rain,Wet,Daylight
2024-08-05T13:18:00.000,I 75,I 75 and Windy Hill Rd,,Rear End,2,Clear,Dry,Daylight
2024-10-07T18:32:00.000,I 75,I 75 and Windy Hill Rd,,Rear End,2,Clear,Dry,Daylight
2024-08-29T07:28:00.000,I 75,I 75 and Windy Hill Rd,,Rear End,2,Clear,Dry,Daylight
2024-12-13T08:14:00.000,I 75,I 75 and Windy Hill Rd,,Sideswipe-Same Direction,2,Clear,Dry,Daylight
2024-02-10T13:12:00.000,I 75,I 75 and Windy Hill Rd,,Sideswipe-Same Direction,2,Cloudy,Dry,Daylight
2024-09-24T22:38:00.000,I 75,I 75 and Windy Hill Rd,,Sideswipe-Same Direction,2,Clear,Dry,Dark-Not Lighted
2024-08-07T09:05:00.000,I 75,I 75 and Windy Hill Rd,,Sideswipe-Same Direction,2,Clear,Dry,Daylight
2024-10-24T17:02:00.000,I 75,I 75 and Windy Hill Rd,,Angle Crash,2,Clear,Dry,Daylight
2024-08-08T11:10:00.000,I 75,I 75 and Windy Hill Rd,,Sideswipe-Same Direction,2,Clear,Dry,Daylight
2024-03-25T01:43:00.000,I 75,I 75 and Windy Hill Rd,,Sideswipe-Same Direction,2,Clear,Dry,Dark-Not Lighted
2024-03-18T14:40:00.000,I 75,I 75 and Windy Hill Rd,,Rear End,4,Clear,Dry,Daylight
2024-06-13T12:34:00.000,I 75,I 75 and Windy Hill Rd,,Rear End,2,Clear,Dry,Daylight
2024-04-14T17:10:00.000,I 75,I 75 and Windy Hill Rd,,Rear End,2,Clear,Dry,Daylight
2024-12-17T16:20:00.000,I 75,I 75 and Windy Hill Rd,,Sideswipe-Same Direction,2,Clear,Dry,Daylight
2024-02-07T09:00:00.000,I 75,I 75 and Windy Hill Rd,,Rear End,2,Clear,Dry,Daylight
2024-02-26T09:22:00.000,I 75,I 75 and Windy Hill Rd,,Angle Crash,3,Clear,Dry,Daylight
2024-02-06T20:05:00.000,I 75,I 75 and Windy Hill Rd,,Sideswipe-Same Direction,2,Clear,Dry,Dark-Lighted
2024-11-10T18:36:00.000,I 75,I 75 and Windy Hill Rd,,Rear End,2,Cloudy,Wet,Dark-Lighted
2024-12-08T17:44:00.000,I 75,I 75 and Windy Hill Rd,,Rear End,2,Cloudy,Dry,Dark-Lighted
2024-10-13T02:30:00.000,I 75,I 75 and Windy Hill Rd,,Not a Collision with Motor Vehicle,1,Clear,Dry,Dark-Lighted
2024-07-09T11:58:00.000,I 75,I 75 and Windy Hill Rd,,Rear End,2,Clear,Dry,Daylight
2024-10-29T18:20:00.000,I 75,I 75 and Windy Hill Rd,,Sideswipe-Same Direction,2,Clear,Dry,Daylight
2024-11-21T17:40:00.000,I 75,I 75 and Windy Hill Rd,,Rear End,2,Clear,Dry,Dusk
2024-02-10T19:41:00.000,I 75,I 75 and Windy Hill Rd,,Rear End,2,Rain,Wet,Dark-Lighted
2024-05-12T14:27:00.000,I 75,I 75 and Windy Hill Rd,,Sideswipe-Same Direction,2,Clear,Dry,Daylight
2024-05-08T17:42:00.000,I 75,I 75 and Windy Hill Rd,,Rear End,2,Cloudy,Dry,Daylight
2024-01-13T14:28:00.000,I 75,I 75 and Windy Hill Rd,,Rear End,2,Clear,Dry,Daylight
2024-06-28T20:48:00.000,I 75,I 75 and Windy Hill Rd,,Sideswipe-Same Direction,2,Cloudy,Dry,Daylight
2024-01-26T12:15:00.000,I 75,I 75 and Windy Hill Rd,,Rear End,2,Cloudy,Dry,Daylight
2024-09-12T13:41:00.000,I 75,I 75 and Windy Hill Rd,,Sideswipe-Same Direction,2,Rain,Wet,Daylight
2024-12-18T15:30:00.000,I 75,I 75 and Windy Hill Rd,,Sideswipe-Same Direction,2,Cloudy,Dry,Daylight
2024-08-09T13:25:00.000,I 75,I 75 and Windy Hill Rd,,Sideswipe-Same Direction,2,Clear,Dry,Daylight
2024-04-28T11:58:00.000,I 75,I 75 and Windy Hill Rd,,Angle Crash,2,Clear,Dry,Daylight
2024-12-09T13:38:00.000,I 75,I 75 and Windy Hill Rd,,Sideswipe-Same Direction,2,Rain,Wet,Daylight
2024-05-05T20:00:00.000,I 75,I 75 and Windy Hill Rd,,Sideswipe-Same Direction,2,Clear,Dry,Daylight
2024-04-16T08:38:00.000,I 75,I 75 and Windy Hill Rd,,Rear End,5,Cloudy,Dry,Daylight
2024-06-16T21:00:00.000,I 75,I 75 and Windy Hill Rd,,Rear End,2,Clear,Dry,Dark-Lighted
2024-11-15T20:27:00.000,I 75,I 75 and Windy Hill Rd,,Sideswipe-Opposite Direction,2,Clear,Dry,Dark-Lighted
2024-05-12T12:18:00.000,I 75,I 75 and Windy Hill Rd,,Angle Crash,2,Clear,Dry,Daylight
2024-07-01T15:03:00.000,I 75,I 75 and Windy Hill Rd,,Sideswipe-Same Direction,2,Clear,Dry,Daylight
2024-07-06T18:10:00.000,I 75,I 75 and Windy Hill Rd,,Rear End,2,Rain,Wet,Daylight
2024-06-18T22:54:00.000,I 75,I 75 and Windy Hill Rd,,Sideswipe-Same Direction,3,Cloudy,Dry,Dark-Lighted
2024-07-19T11:09:00.000,I 75,I 75 and Windy Hill Rd,,Sideswipe-Same Direction,2,Cloudy,Dry,Daylight
2024-06-20T08:15:00.000,I 75,I 75 and Windy Hill Rd,,Not a Collision with Motor Vehicle,2,Clear,Dry,Daylight
2024-01-31T15:48:00.000,I 75,I 75 and Windy Hill Rd,,Sideswipe-Same Direction,2,Clear,Dry,Daylight
2024-06-20T17:04:00.000,I 75,I 75 and Windy Hill Rd,,Rear End,2,Clear,Dry,Daylight
2024-10-15T18:48:00.000,I 75,I 75 and Windy Hill Rd,,Rear End,3,Clear,Dry,Daylight
2024-12-03T12:30:00.000,I 75,I 75 and Windy Hill Rd,,Sideswipe-Same Direction,2,Clear,Dry,Daylight
2024-02-25T18:00:00.000,I 75,I 75 and Windy Hill Rd,,Rear End,2,Clear,Dry,Daylight
2024-10-18T16:06:00.000,I 75,I 75 and Windy Hill Rd,,Sideswipe-Same Direction,2,Clear,Dry,Daylight
2024-04-27T22:15:00.000,I 75,I 75 and Windy Hill Rd,,Sideswipe-Same Direction,3,Clear,Dry,Dark-Not Lighted
2024-05-30T20:19:00.000,I 75,I 75 and Windy Hill Rd,,Sideswipe-Same Direction,2,Clear,Dry,Daylight
2024-01-05T03:02:00.000,I 75,I 75 and Windy Hill Rd,,Not a Collision with Motor Vehicle,1,Cloudy,Dry,Dark-Lighted
2024-05-15T06:54:00.000,I 75,I 75 and Windy Hill Rd,,Rear End,2,Clear,Dry,Daylight
2024-12-12T13:49:00.000,I 75,I 75 and Windy Hill Rd,,Sideswipe-Same Direction,2,Clear,Dry,Daylight
2024-11-20T05:30:00.000,I 75,I 75 and Windy Hill Rd,,Sideswipe-Same Direction,2,Rain,Wet,Dark-Not Lighted
2024-06-28T11:28:00.000,I 75,I 75 and Windy Hill Rd,,Sideswipe-Same Direction,2,Clear,Dry,Daylight
2024-12-02T15:57:00.000,I 75,I 75 and Windy Hill Rd,,Sideswipe-Same Direction,2,Clear,Dry,Daylight
2024-06-17T08:43:00.000,I 75,I 75 and Windy Hill Rd,,Sideswipe-Same Direction,2,Clear,Dry,Daylight
2024-12-16T14:49:00.000,I 75,I 75 and Windy Hill Rd,,Sideswipe-Same Direction,2,Clear,Dry,Daylight
2024-02-23T02:30:00.000,I 75,I 75 and Windy Hill Rd,,Not a Collision with Motor Vehicle,1,Rain,Wet,Dark-Not Lighted
2024-06-23T19:11:00.000,I 75,I 75 and Windy Hill Rd,,Sideswipe-Same Direction,2,Clear,Dry,Daylight
2024-01-02T17:18:00.000,I 75,I 75 and Windy Hill Rd,,Rear End,2,Clear,Dry,Daylight
2024-09-23T15:24:00.000,I 75,I 75 and Windy Hill Rd,,Sideswipe-Same Direction,2,Cloudy,Dry,Daylight
2024-09-11T13:00:00.000,I 75,I 75 and Windy Hill Rd,,Angle Crash,4,Cloudy,Dry,Daylight
2024-07-02T17:15:00.000,I 75,I 75 and Windy Hill Rd,,Rear End,2,Clear,Dry,Daylight
2024-07-11T16:10:00.000,I 75,I 75 and Windy Hill Rd,,Rear End,2,Clear,Dry,Daylight
2024-04-18T15:10:00.000,I 75,I 75 and Windy Hill Rd,,Sideswipe-Same Direction,2,Clear,Dry,Daylight
2024-09-13T18:47:00.000,I 75,I 75 and Windy Hill Rd,,Sideswipe-Same Direction,2,Cloudy,Dry,Daylight
2024-02-11T18:40:00.000,I 75,I 75 and Windy Hill Rd,,Angle Crash,2,Cloudy,Wet,Dark-Not Lighted
2024-09-15T00:48:00.000,I 75,I 75 and Windy Hill Rd,,Not a Collision with Motor Vehicle,1,Clear,Wet,Dark-Not Lighted
2024-07-22T08:18:00.000,I 75,I 75 and Windy Hill Rd,,Rear End,2,Clear,Dry,Daylight
2024-04-11T09:42:00.000,I 75,I 75 and Windy Hill Rd,,Sideswipe-Same Direction,2,Clear,Dry,Daylight
2024-10-03T12:35:00.000,I 75,I 75 and Windy Hill Rd,,Rear End,2,Clear,Dry,Daylight
2024-11-28T11:56:00.000,I 75,I 75 and Windy Hill Rd,,Rear End,2,Cloudy,Dry,Daylight
2024-02-01T17:50:00.000,I 75,I 75 and Windy Hill Rd,,Sideswipe-Same Direction,2,Cloudy,Dry,Daylight
2024-11-20T13:15:00.000,I 75,I 75 and Windy Hill Rd,,Rear End,2,Clear,Dry,Daylight
2024-04-11T18:51:00.000,I 75,I 75 and Windy Hill Rd,,Sideswipe-Same Direction,3,Cloudy,Wet,Daylight
2024-08-02T08:19:00.000,I 75,I 75 and Windy Hill Rd,,Sideswipe-Same Direction,3,Clear,Dry,Daylight
2024-02-27T21:12:00.000,I 75,I 75 and Windy Hill Rd,,Sideswipe-Same Direction,2,Cloudy,Dry,Dark-Not Lighted
2024-08-21T12:14:00.000,I 75,I 75 and Windy Hill Rd,,Sideswipe-Same Direction,2,Clear,Dry,Daylight
2024-07-31T06:07:00.000,I 75,I 75 and Windy Hill Rd,,Rear End,2,Cloudy,Dry,Dark-Not Lighted
2024-04-27T15:35:00.000,I 75,I 75 and Windy Hill Rd,,Rear End,2,Clear,Dry,Daylight
2024-04-06T16:00:00.000,I 75,I 75 and Windy Hill Rd,,Rear End,2,Clear,Dry,Daylight
2024-03-08T16:25:00.000,I 75,I 75 and Windy Hill Rd,,Rear End,2,Cloudy,Dry,Daylight
2024-07-11T04:59:00.000,I 75,I 75 and Windy Hill Rd,,Angle Crash,2,Cloudy,Dry,Dark-Not Lighted
2024-07-25T13:45:00.000,I 75,I 75 and Windy Hill Rd,,Sideswipe-Same Direction,2,Cloudy,Dry,Daylight
2024-04-10T14:01:00.000,I 75,I 75 and Windy Hill Rd,,Rear End,2,Cloudy,Dry,Daylight
2024-10-01T19:10:00.000,I 75,I 75 and Windy Hill Rd,,Sideswipe-Same Direction,2,Clear,Dry,Daylight
2024-12-06T20:25:00.000,I 75,I 75 and Windy Hill Rd,,Sideswipe-Same Direction,2,Clear,Dry,Dark-Not Lighted
2024-01-25T18:30:00.000,I 75,I 75 and Windy Hill Rd,,Rear End,2,Rain,Wet,Daylight
2024-08-08T11:30:00.000,I 75,I 75 and Windy Hill Rd,,Sideswipe-Same Direction,2,Clear,Dry,Daylight
2024-03-27T14:30:00.000,I 75,I 75 and Windy Hill Rd,,Sideswipe-Same Direction,2,Clear,Dry,Daylight
2024-05-17T07:10:00.000,I 75,I 75 and Windy Hill Rd,,Rear End,2,Rain,Wet,Daylight
2024-11-18T05:35:00.000,I 75,I 75 and Windy Hill Rd,,Rear End,3,Clear,Dry,Dark-Lighted
2024-02-19T18:35:00.000,I 75,I 75 and Windy Hill Rd,,Sideswipe-Same Direction,3,Cloudy,Dry,Dark-Not Lighted
2024-12-19T21:19:00.000,I 75,I 75 and Windy Hill Rd,,Sideswipe-Same Direction,2,Clear,Dry,Dark-Lighted
2024-03-30T03:45:00.000,I 75,I 75 and Windy Hill Rd,,Rear End,2,Cloudy,Dry,Dark-Not Lighted
2024-05-25T11:29:00.000,I 75,I 75 and Windy Hill Rd,,Rear End,2,Rain,Wet,Daylight
2024-12-12T15:06:00.000,I 75,I 75 and Windy Hill Rd,,Angle Crash,3,Clear,Dry,Daylight
2024-02-28T10:10:00.000,I 75,I 75 and Windy Hill Rd,,Not a Collision with Motor Vehicle,1,Clear,Dry,Daylight
2024-02-23T01:37:00.000,I 75,I 75 and Windy Hill Rd,,Sideswipe-Same Direction,2,Rain,Wet,Dark-Not Lighted
2024-02-20T12:00:00.000,I 75,I 75 and Windy Hill Rd,,Sideswipe-Same Direction,2,Cloudy,Dry,Daylight
2024-04-08T23:28:00.000,I 75,I 75 and Windy Hill Rd,,Rear End,3,Rain,Wet,Dark-Lighted
2024-10-09T15:00:00.000,I 75,I 75 and Windy Hill Rd,,Rear End,3,Clear,Dry,Daylight
2024-06-09T18:31:00.000,I 75,I 75 and Windy Hill Rd,,Sideswipe-Same Direction,2,Clear,Dry,Daylight
2024-07-09T12:20:00.000,I 75,I 75 and Windy Hill Rd,,Rear End,2,Clear,Dry,Daylight
2024-04-19T22:35:00.000,I 75,I 75 and Windy Hill Rd,,Sideswipe-Same Direction,2,Clear,Dry,Dark-Lighted
2021-11-04T06:55:00.000,I 75,I 75 and Windy Hill Rad,,Rear End,2,Rain,Wet,Dark-Not Lighted
2024-11-12T17:05:00.000,I 75,I 75 and Windy Hill Pkwy,,Sideswipe-Same Direction,2,Cloudy,Dry,Daylight
2022-09-23T11:12:00.000,I 75,I 75 and Windy Hill Exit Rp,,Sideswipe-Same Direction,2,Clear,Dry,Daylight
2022-03-29T17:15:00.000,I 75,I 75 and Windy Hill Entrance Rp,,Sideswipe-Same Direction,2,Clear,Dry,Daylight
2023-09-01T14:10:00.000,I 75,I 75 and Windy Hill,,Not a Collision with Motor Vehicle,2,Cloudy,Dry,Daylight
2023-09-24T04:36:00.000,I 75,I 75 and Windy Hill,,Sideswipe-Same Direction,3,Clear,Dry,Dark-Lighted
2023-06-20T22:07:00.000,I 75,I 75 and Windy Hill,,Sideswipe-Same Direction,2,Cloudy,Wet,Dark-Not Lighted
2024-10-15T05:21:00.000,I 75,I 75 and Windy Hill,,Sideswipe-Same Direction,3,Clear,Dry,Dark-Not Lighted
2024-11-21T13:29:00.000,I 75,I 75 and Windy Hill,,Angle Crash,3,Clear,Dry,Daylight
2023-05-03T20:16:00.000,I 75,I 75 and Windy Hill,,Angle Crash,2,Clear,Dry,Daylight
2024-10-16T12:05:00.000,I 75,I 75 and Windy Hill,,Rear End,3,Clear,Dry,Daylight
2024-07-05T11:26:00.000,I 75,I 75 and Windy Hill,,Rear End,2,Clear,Dry,Daylight
2024-09-30T14:02:00.000,I 75,I 75 and Windy Hill,,Angle Crash,2,Cloudy,Dry,Daylight
2022-05-11T16:12:00.000,I 75,I 75 and Windy  Hill Rd,,Sideswipe-Same Direction,2,Clear,Dry,Daylight
2023-02-27T15:16:00.000,I 75,I 75 and Windy  Hill Rd,,Sideswipe-Same Direction,2,Cloudy,Dry,Daylight
2023-03-15T22:35:00.000,I 75,I 75 and Willis Still Road Exit 71,,Sideswipe-Same Direction,2,Clear,Dry,Dark-Not Lighted
2023-07-10T23:10:00.000,I 75,I 75 and Willis Still Road Exit 71,,Rear End,2,Cloudy,Wet,Dark-Not Lighted
2023-03-08T17:50:00.000,I 75,I 75 and Willis Still Road Exit 71,,Sideswipe-Same Direction,2,Clear,Dry,Daylight
2024-02-29T15:20:00.000,I 75,I 75 and Willis Still Road Exit 71,,Sideswipe-Same Direction,2,Cloudy,Dry,Daylight
2024-04-20T10:50:00.000,I 75,I 75 and Willis Still Road Exit 71,,Angle Crash,4,Clear,Dry,Daylight
2024-09-14T14:20:00.000,I 75,I 75 and Willis Still Road Exit 71,,Not a Collision with Motor Vehicle,1,Rain,Wet,Daylight
2021-07-10T11:52:00.000,I 75,I 75 and Willis Still Rd,,Not a Collision with Motor Vehicle,5,Clear,Dry,Daylight
2021-03-21T00:00:00.000,I 75,I 75 and Willis Still Rd,,Sideswipe-Same Direction,2,Clear,Dry,Dark-Not Lighted
2021-02-03T16:05:00.000,I 75,I 75 and Willis Still Rd,,Not a Collision with Motor Vehicle,1,Clear,Dry,Daylight
2021-03-08T11:02:00.000,I 75,I 75 and Willis Still Rd,,Not a Collision with Motor Vehicle,1,Clear,Dry,Daylight
2021-07-11T16:20:00.000,I 75,I 75 and Willis Still Rd,,Not a Collision with Motor Vehicle,1,Cloudy,Dry,Daylight