Date and Time,Roadway (From Crash Report),Intersection Name (from Crash Report),KABCO Severity,Manner of Collision (Crash Level) ,# of Vehicles per crash ,Weather Conditions (Crash Level),Surface Condition (Crash Level) ,Light Conditions (Crash Level)
2021-12-29T21:10:00.000,I 75,I 75 and Willis Still Rd,,Not a Collision with Motor Vehicle,1,Rain,Wet,Dark-Not Lighted
2021-05-19T08:51:00.000,I 75,I 75 and Willis Still Rd,,Sideswipe-Same Direction,2,Clear,Dry,Daylight
2021-07-05T15:25:00.000,I 75,I 75 and Willis Still Rd,,Rear End,2,Cloudy,Dry,Daylight
2021-09-18T08:50:00.000,I 75,I 75 and Willis Still Rd,,Angle Crash,2,Cloudy,Dry,Daylight
2021-04-11T08:08:00.000,I 75,I 75 and Willis Still Rd,,Sideswipe-Same Direction,2,Cloudy,Dry,Daylight
2021-01-01T14:00:00.000,I 75,I 75 and Willis Still Rd,,Angle Crash,2,Clear,Dry,Daylight
2023-11-14T13:54:00.000,I 75,I 75 and Willis Still Rd,,Sideswipe-Same Direction,2,Cloudy,Dry,Daylight
2023-06-30T21:30:00.000,I 75,I 75 and Willis Still Rd,,Not a Collision with Motor Vehicle,3,Cloudy,Dry,Dark-Not Lighted
2023-11-26T19:13:00.000,I 75,I 75 and Willis Still Rd,,Not a Collision with Motor Vehicle,1,Cloudy,Wet,Dark-Not Lighted
2022-04-05T09:57:00.000,I 75,I 75 and Willis Still Rd,,Sideswipe-Same Direction,2,Cloudy,Dry,Daylight
2020-02-24T14:45:00.000,I 75,I 75 and Willis Still Rd,,Not a Collision with Motor Vehicle,1,Cloudy,Dry,Daylight
2020-07-26T18:40:00.000,I 75,I 75 and Willis Still Rd,,Not a Collision with Motor Vehicle,1,Clear,Dry,Daylight
2020-01-02T19:21:00.000,I 75,I 75 and Willis Still Rd,,Sideswipe-Same Direction,2,Clear,Dry,Dark-Not Lighted
2020-02-13T01:35:00.000,I 75,I 75 and Willis Still Rd,,Not a Collision with Motor Vehicle,1,Clear,Wet,Dark-Not Lighted
2020-05-05T18:00:00.000,I 75,I 75 and Willis Still Rd,,Not a Collision with Motor Vehicle,1,Clear,Dry,Daylight
2020-03-01T20:03:00.000,I 75,I 75 and Willis Still Rd,,Sideswipe-Same Direction,2,Clear,Dry,Dark-Not Lighted
2020-01-13T14:47:00.000,I 75,I 75 and Willis Still Rd,,Not a Collision with Motor Vehicle,1,Clear,Dry,Daylight
2020-03-20T06:18:00.000,I 75,I 75 and Willis Still Rd,,Not a Collision with Motor Vehicle,2,Clear,Dry,Dark-Lighted
2020-10-03T21:30:00.000,I 75,I 75 and Willis Still Rd,,Not a Collision with Motor Vehicle,1,Clear,Dry,Dark-Not Lighted
2020-07-28T16:45:00.000,I 75,I 75 and Willis Still Rd,,Not a Collision with Motor Vehicle,1,Rain,Wet,Daylight
2021-07-25T16:00:00.000,I 75,I 75 and Willis Still Rd,,Sideswipe-Same Direction,2,Clear,Dry,Daylight
2021-09-21T15:24:00.000,I 75,I 75 and Willis Still Rd,,Not a Collision with Motor Vehicle,1,Clear,Dry,Daylight
2021-07-20T21:34:00.000,I 75,I 75 and Willis Still Rd,,Angle Crash,2,Clear,Dry,Dark-Not Lighted
2022-08-16T13:54:00.000,I 75,I 75 and Willis Still Rd,,Rear End,2,Clear,Dry,Daylight
2022-04-07T00:10:00.000,I 75,I 75 and Willis Still Rd,,Not a Collision with Motor Vehicle,1,Rain,Wet,Dark-Not Lighted
2022-05-19T01:10:00.000,I 75,I 75 and Willis Still Rd,,Not a Collision with Motor Vehicle,1,Clear,Dry,Dark-Not Lighted
2022-07-16T09:45:00.000,I 75,I 75 and Willis Still Rd,,Rear End,2,Clear,Dry,Daylight
2022-01-27T11:52:00.000,I 75,I 75 and Willis Still Rd,,Not a Collision with Motor Vehicle,1,Clear,Dry,Daylight
2022-11-08T15:30:00.000,I 75,I 75 and Willis Still Rd,,Not a Collision with Motor Vehicle,1,Clear,Dry,Daylight
2022-01-03T23:28:00.000,I 75,I 75 and Willis Still Rd,,Sideswipe-Same Direction,2,Clear,Dry,Dark-Not Lighted
2022-07-18T13:48:00.000,I 75,I 75 and Willis Still Rd,,Not a Collision with Motor Vehicle,1,Cloudy,Wet,Daylight
2024-11-30T01:35:00.000,I 75,I 75 and Willis Still Rd,,Not a Collision with Motor Vehicle,1,Clear,Dry,Dark-Not Lighted
2024-12-10T09:36:00.000,I 75,I 75 and Willis Still Rd,,Not a Collision with Motor Vehicle,1,Cloudy,Dry,Daylight
2023-10-13T15:09:00.000,I 75,I 75 and Willis Still Rd,,Sideswipe-Same Direction,2,Cloudy,Wet,Daylight
2023-01-23T13:00:00.000,I 75,I 75 and Willis Still Rd,,Not a Collision with Motor Vehicle,1,Clear,Dry,Daylight
2024-07-12T12:22:00.000,I 75,I 75 and Willis Still Rd,,Not a Collision with Motor Vehicle,1,Cloudy,Dry,Daylight
2024-03-19T14:21:00.000,I 75,I 75 and Willis Still Rd,,Sideswipe-Same Direction,2,Clear,Dry,Daylight
2024-05-24T07:41:00.000,I 75,I 75 and Willis Still Rd,,Angle Crash,2,Clear,Dry,Daylight
2024-07-18T13:30:00.000,I 75,I 75 and Willis Still Rd,,Not a Collision with Motor Vehicle,3,Clear,Dry,Daylight
2024-05-26T12:01:00.000,I 75,I 75 and Willis Still Rd,,Not a Collision with Motor Vehicle,1,Cloudy,Dry,Daylight
2024-12-29T19:26:00.000,I 75,I 75 and Willis Still Rd,,Not a Collision with Motor Vehicle,1,Fog,Dry,Dark-Not Lighted
2023-12-26T15:30:00.000,I 75,I 75 and Williiam St,,Rear End,2,Rain,Wet,Daylight
2024-02-05T14:20:00.000,I 75,I 75 and Williams St Hov Rp,,Sideswipe-Same Direction,2,Cloudy,Dry,Daylight
2024-02-20T16:30:00.000,I 75,I 75 and Williams St Hov Entrance Rp,,Sideswipe-Same Direction,2,Clear,Dry,Daylight
2023-02-06T18:20:00.000,I 75,I 75 and Williams St Entrance Rp,,Sideswipe-Same Direction,2,Clear,Dry,Dark-Lighted
2021-03-31T11:31:00.000,I 75,I 75 and Williams St,,Sideswipe-Same Direction,2,Rain,Wet,Daylight
2021-02-25T12:54:00.000,I 75,I 75 and Williams St,,Angle Crash,3,Clear,Dry,Daylight
2021-10-05T10:15:00.000,I 75,I 75 and Williams St,,Rear End,3,Rain,Wet,Daylight
2021-09-29T17:40:00.000,I 75,I 75 and Williams St,,Sideswipe-Same Direction,2,Clear,Dry,Daylight
2021-10-18T07:00:00.000,I 75,I 75 and Williams St,,Rear End,2,Clear,Dry,Dark-Lighted
2021-01-01T02:56:00.000,I 75,I 75 and Williams St,,Rear End,2,Rain,Wet,Dark-Lighted
2021-12-06T16:19:00.000,I 75,I 75 and Williams St,,Rear End,2,Rain,Wet,Daylight
2021-12-08T10:43:00.000,I 75,I 75 and Williams St,,Sideswipe-Same Direction,4,Clear,Wet,Daylight
2023-06-30T18:04:00.000,I 75,I 75 and Williams St,,Rear End,2,Cloudy,Wet,Daylight
2023-07-07T17:10:00.000,I 75,I 75 and Williams St,,Rear End,2,Rain,Wet,Daylight
2023-03-30T10:24:00.000,I 75,I 75 and Williams St,,Sideswipe-Same Direction,2,Clear,Dry,Daylight
2023-08-29T07:20:00.000,I 75,I 75 and Williams St,,Rear End,2,Clear,Dry,Daylight
2023-06-19T10:51:00.000,I 75,I 75 and Williams St,,Rear End,2,Cloudy,Dry,Daylight
2023-08-29T07:40:00.000,I 75,I 75 and Williams St,,Rear End,2,Clear,Dry,Daylight
2023-08-15T10:00:00.000,I 75,I 75 and Williams St,,Rear End,2,Clear,Dry,Daylight
2023-09-04T11:41:00.000,I 75,I 75 and Williams St,,Rear End,2,Clear,Dry,Daylight
2023-04-30T12:42:00.000,I 75,I 75 and Williams St,,Rear End,2,Clear,Dry,Daylight
2023-08-15T10:00:00.000,I 75,I 75 and Williams St,,Rear End,3,Clear,Dry,Daylight
2023-12-05T14:10:00.000,I 75,I 75 and Williams St,,Rear End,2,Clear,Dry,Daylight
2023-12-19T08:50:00.000,I 75,I 75 and Williams St,,Sideswipe-Same Direction,2,Clear,Dry,Daylight
2023-09-15T11:55:00.000,I 75,I 75 and Williams St,,Rear End,2,Cloudy,Wet,Daylight
2023-12-01T06:22:00.000,I 75,I 75 and Williams St,,Sideswipe-Same Direction,2,Rain,Wet,Daylight
2023-10-26T13:50:00.000,I 75,I 75 and Williams St,,Rear End,2,Clear,Dry,Daylight
2023-07-31T11:09:00.000,I 75,I 75 and Williams St,,Rear End,2,Clear,Dry,Daylight
2023-05-26T18:30:00.000,I 75,I 75 and Williams St,,Sideswipe-Same Direction,2,Clear,Dry,Daylight
2023-03-09T14:25:00.000,I 75,I 75 and Williams St,,Sideswipe-Same Direction,2,Clear,Wet,Daylight
2023-08-31T17:48:00.000,I 75,I 75 and Williams St,,Rear End,2,Clear,Dry,Daylight
2023-03-30T10:44:00.000,I 75,I 75 and Williams St,,Rear End,2,Clear,Dry,Daylight
2023-12-21T16:05:00.000,I 75,I 75 and Williams St,,Rear End,2,Clear,Dry,Daylight
2020-03-06T06:50:00.000,I 75,I 75 and Williams St,,Rear End,2,Clear,Dry,Daylight
2020-09-10T12:55:00.000,I 75,I 75 and Williams St,,Rear End,3,Cloudy,Dry,Daylight
2020-02-04T12:12:00.000,I 75,I 75 and Williams St,,Rear End,3,Cloudy,Dry,Daylight
2020-08-25T06:21:00.000,I 75,I 75 and Williams St,,Rear End,3,Rain,Wet,Daylight
2020-02-28T13:45:00.000,I 75,I 75 and Williams St,,Rear End,3,Cloudy,Dry,Daylight
2020-09-10T12:21:00.000,I 75,I 75 and Williams St,,Rear End,2,Cloudy,Dry,Daylight
2020-02-26T16:50:00.000,I 75,I 75 and Williams St,,Rear End,3,Cloudy,Wet,Daylight
2020-05-12T16:31:00.000,I 75,I 75 and Williams St,,Rear End,2,Cloudy,Dry,Daylight
2020-03-13T12:11:00.000,I 75,I 75 and Williams St,,Sideswipe-Same Direction,2,Cloudy,Dry,Daylight
2020-09-09T07:05:00.000,I 75,I 75 and Williams St,,Sideswipe-Same Direction,2,Cloudy,Dry,Daylight
2021-06-22T17:00:00.000,I 75,I 75 and Williams St,,Sideswipe-Same Direction,2,Cloudy,Dry,Daylight
2021-10-25T08:35:00.000,I 75,I 75 and Williams St,,Rear End,2,Clear,Dry,Daylight
2021-12-06T14:50:00.000,I 75,I 75 and Williams St,,Rear End,2,Rain,Wet,Daylight
2021-10-04T07:53:00.000,I 75,I 75 and Williams St,,Rear End,2,Rain,Wet,Daylight
2021-11-04T09:11:00.000,I 75,I 75 and Williams St,,Rear End,2,Rain,Wet,Daylight
2021-11-25T10:45:00.000,I 75,I 75 and Williams St,,Sideswipe-Same Direction,2,Clear,Dry,Daylight
2022-12-08T06:55:00.000,I 75,I 75 and Williams St,,Rear End,2,Cloudy,Wet,Daylight
2022-11-03T09:25:00.000,I 75,I 75 and Williams St,,Sideswipe-Same Direction,2,Clear,Dry,Daylight
2021-10-19T18:52:00.000,I 75,I 75 and Williams St,,Sideswipe-Same Direction,2,Clear,Dry,Daylight
2021-12-06T14:00:00.000,I 75,I 75 and Williams St,,Rear End,2,Rain,Wet,Daylight
2021-12-09T17:40:00.000,I 75,I 75 and Williams St,,Rear End,3,Clear,Dry,Dark-Lighted
2022-11-10T13:00:00.000,I 75,I 75 and Williams St,,Rear End,2,Clear,Dry,Daylight
2022-04-08T08:00:00.000,I 75,I 75 and Williams St,,Sideswipe-Same Direction,2,Clear,Dry,Daylight
2022-08-23T07:30:00.000,I 75,I 75 and Williams St,,Sideswipe-Same Direction,2,Clear,Dry,Daylight
2022-12-05T07:54:00.000,I 75,I 75 and Williams St,,Sideswipe-Same Direction,2,Cloudy,Wet,Daylight
2022-09-12T13:27:00.000,I 75,I 75 and Williams St,,Rear End,2,Clear,Dry,Daylight
2022-10-13T06:08:00.000,I 75,I 75 and Williams St,,Angle Crash,2,Rain,Wet,Dark-Lighted
2022-10-31T08:15:00.000,I 75,I 75 and Williams St,,Sideswipe-Same Direction,2,Rain,Wet,Daylight
2022-10-17T17:30:00.000,I 75,I 75 and Williams St,,Rear End,2,Clear,Dry,Daylight
2022-07-05T00:14:00.000,I 75,I 75 and Williams St,,Not a Collision with Motor Vehicle,1,Clear,Wet,Dark-Lighted
2022-03-29T11:00:00.000,I 75,I 75 and Williams St,,Rear End,4,Clear,Dry,Daylight
2022-08-26T18:42:00.000,I 75,I 75 and Williams St,,Rear End,2,Cloudy,Dry,Daylight
2021-12-31T14:47:00.000,I 75,I 75 and Williams St,,Rear End,2,Cloudy,Dry,Daylight
2021-08-31T13:09:00.000,I 75,I 75 and Williams St,,Sideswipe-Same Direction,2,Cloudy,Wet,Daylight
2021-09-03T13:15:00.000,I 75,I 75 and Williams St,,Rear End,2,Cloudy,Dry,Daylight
2022-05-03T11:45:00.000,I 75,I 75 and Williams St,,Rear End,2,Clear,Dry,Daylight
2022-01-25T06:17:00.000,I 75,I 75 and Williams St,,Sideswipe-Same Direction,2,Clear,Dry,Dark-Lighted
2022-01-03T07:48:00.000,I 75,I 75 and Williams St,,Rear End,2,Cloudy,Dry,Daylight
2022-03-21T07:05:00.000,I 75,I 75 and Williams St,,Sideswipe-Same Direction,2,Clear,Dry,Daylight
2022-11-29T08:45:00.000,I 75,I 75 and Williams St,,Rear End,2,Clear,Dry,Daylight
2022-11-25T09:08:00.000,I 75,I 75 and Williams St,,Angle Crash,2,Cloudy,Wet,Daylight
2022-07-01T13:40:00.000,I 75,I 75 and Williams St,,Rear End,2,Rain,Wet,Daylight
2022-11-25T07:52:00.000,I 75,I 75 and Williams St,,Not a Collision with Motor Vehicle,1,Cloudy,Wet,Daylight
2022-02-15T12:38:00.000,I 75,I 75 and Williams St,,Sideswipe-Same Direction,2,Clear,Dry,Daylight
2022-05-05T04:40:00.000,I 75,I 75 and Williams St,,Not a Collision with Motor Vehicle,1,Clear,Dry,Dark-Lighted
2022-09-08T10:55:00.000,I 75,I 75 and Williams St,,Rear End,2,Clear,Dry,Daylight
2022-08-25T07:57:00.000,I 75,I 75 and Williams St,,Sideswipe-Same Direction,2,Rain,Wet,Daylight
2022-10-04T13:25:00.000,I 75,I 75 and Williams St,,Sideswipe-Same Direction,4,Cloudy,Dry,Daylight
2022-10-13T05:40:00.000,I 75,I 75 and Williams St,,Angle Crash,1,Rain,Wet,Dark-Lighted
2022-11-25T07:41:00.000,I 75,I 75 and Williams St,,Sideswipe-Same Direction,3,Cloudy,Wet,Daylight
2022-02-03T16:35:00.000,I 75,I 75 and Williams St,,Sideswipe-Same Direction,2,Rain,Wet,Daylight
2023-08-31T00:23:00.000,I 75,I 75 and Williams St,,Sideswipe-Same Direction,2,Clear,Dry,Dark-Not Lighted
2023-06-19T08:55:00.000,I 75,I 75 and Williams St,,Sideswipe-Same Direction,2,Cloudy,Wet,Daylight
2024-10-11T15:02:00.000,I 75,I 75 and Williams St,,Sideswipe-Same Direction,2,Clear,Dry,Daylight
2024-07-26T23:28:00.000,I 75,I 75 and Williams St,,Rear End,2,Clear,Dry,Dark-Lighted
2024-12-23T07:36:00.000,I 75,I 75 and Williams St,,Not a Collision with Motor Vehicle,1,Clear,Dry,Daylight
2024-07-05T16:05:00.000,I 75,I 75 and Williams St,,Rear End,2,Cloudy,Wet,Daylight
2024-07-30T17:05:00.000,I 75,I 75 and Williams St,,Sideswipe-Same Direction,2,Clear,Dry,Daylight
2024-10-07T07:40:00.000,I 75,I 75 and Williams St,,Sideswipe-Same Direction,2,Clear,Dry,Daylight
2024-10-08T17:52:00.000,I 75,I 75 and Williams St,,Sideswipe-Same Direction,2,Clear,Dry,Daylight
2024-09-16T06:42:00.000,I 75,I 75 and Williams St,,Rear End,3,Clear,Dry,Daylight
2024-09-27T07:10:00.000,I 75,I 75 and Williams St,,Not a Collision with Motor Vehicle,1,Rain,Water (standing or moving),Dark-Lighted
2024-02-08T11:55:00.000,I 75,I 75 and Williams St,,Sideswipe-Same Direction,2,Clear,Dry,Daylight
2024-03-23T22:27:00.000,I 75,I 75 and Williams St,,Rear End,2,Clear,Dry,Dark-Lighted
2023-06-27T08:45:00.000,I 75,I 75 and Williams St,,Rear End,3,Clear,Dry,Daylight
2023-03-09T14:40:00.000,I 75,I 75 and Williams St,,Sideswipe-Same Direction,2,Cloudy,Wet,Daylight
2023-05-02T15:15:00.000,I 75,I 75 and Williams St,,Sideswipe-Same Direction,2,Clear,Dry,Daylight
2023-07-25T19:30:00.000,I 75,I 75 and Williams St,,Rear End,2,Clear,Dry,Daylight
2023-10-05T10:15:00.000,I 75,I 75 and Williams St,,Rear End,2,Clear,Dry,Daylight
2023-01-30T11:00:00.000,I 75,I 75 and Williams St,,Rear End,2,Cloudy,Wet,Daylight
2023-12-01T13:25:00.000,I 75,I 75 and Williams St,,Rear End,3,Cloudy,Wet,Daylight
2023-03-29T18:30:00.000,I 75,I 75 and Williams St,,Sideswipe-Same Direction,2,Clear,Dry,Daylight
2023-08-29T06:20:00.000,I 75,I 75 and Williams St,,Angle Crash,2,Cloudy,Wet,Dark-Lighted
2023-06-19T09:42:00.000,I 75,I 75 and Williams St,,Sideswipe-Same Direction,4,Clear,Wet,Daylight
2023-12-23T03:20:00.000,I 75,I 75 and Williams St,,Sideswipe-Same Direction,2,Clear,Dry,Dark-Lighted
2023-03-21T14:18:00.000,I 75,I 75 and Williams St,,Sideswipe-Same Direction,2,Clear,Dry,Daylight
2023-10-16T11:40:00.000,I 75,I 75 and Williams St,,Rear End,2,Clear,Dry,Daylight
2023-05-16T16:21:00.000,I 75,I 75 and Williams St,,Rear End,2,Rain,Wet,Daylight
2023-07-07T18:20:00.000,I 75,I 75 and Williams St,,Rear End,3,Cloudy,Wet,Daylight
2024-10-17T06:18:00.000,I 75,I 75 and Williams St,,Sideswipe-Same Direction,2,Clear,Dry,Dark-Lighted
2024-09-09T18:08:00.000,I 75,I 75 and Williams St,,Rear End,3,Clear,Dry,Daylight
2024-05-28T14:45:00.000,I 75,I 75 and Williams St,,Sideswipe-Same Direction,2,Clear,Dry,Daylight
2024-11-01T14:35:00.000,I 75,I 75 and Williams St,,Rear End,3,Cloudy,Dry,Daylight
2024-12-31T13:34:00.000,I 75,I 75 and Williams St,,Rear End,3,Clear,Dry,Daylight
2024-01-02T11:40:00.000,I 75,I 75 and Williams St,,Rear End,2,Clear,Dry,Daylight
2024-09-14T01:00:00.000,I 75,I 75 and Williams St,,Not a Collision with Motor Vehicle,1,Clear,Dry,Dark-Not Lighted
2024-11-01T01:25:00.000,I 75,I 75 and Williams St,,Rear End,2,Clear,Dry,Dark-Lighted
2024-10-03T01:06:00.000,I 75,I 75 and Williams St,,Not a Collision with Motor Vehicle,1,Clear,Dry,Dark-Not Lighted
2024-01-11T16:50:00.000,I 75,I 75 and Williams St,,Rear End,2,Clear,Dry,Daylight
2024-12-12T07:15:00.000,I 75,I 75 and Williams St,,Not a Collision with Motor Vehicle,1,Clear,Dry,Daylight
2024-04-23T10:32:00.000,I 75,I 75 and Williams St,,Rear End,3,Clear,Dry,Daylight
2024-04-26T09:29:00.000,I 75,I 75 and Williams St,,Sideswipe-Same Direction,3,Clear,Dry,Daylight
2024-09-02T14:05:00.000,I 75,I 75 and Williams St,,Rear End,2,Clear,Dry,Daylight
2024-07-25T13:50:00.000,I 75,I 75 and Williams St,,Sideswipe-Same Direction,2,Cloudy,Dry,Daylight
2024-09-16T11:51:00.000,I 75,I 75 and Williams St,,Sideswipe-Same Direction,2,Clear,Dry,Daylight
2024-05-29T14:23:00.000,I 75,I 75 and Williams St,,Rear End,3,Clear,Dry,Daylight
2024-06-28T11:49:00.000,I 75,I 75 and Williams St,,Rear End,3,Clear,Dry,Daylight
2024-01-18T08:40:00.000,I 75,I 75 and Williams St,,Rear End,2,Clear,Dry,Daylight
2024-01-09T16:08:00.000,I 75,I 75 and Williams St,,Sideswipe-Same Direction,2,Cloudy,Dry,Daylight
2024-10-17T10:33:00.000,I 75,I 75 and Williams St,,Rear End,2,Clear,Dry,Daylight
2024-01-16T12:45:00.000,I 75,I 75 and Williams St,,Sideswipe-Same Direction,3,Clear,Dry,Daylight
2024-02-02T13:50:00.000,I 75,I 75 and Williams St,,Rear End,2,Clear,Dry,Daylight
2024-11-12T15:45:00.000,I 75,I 75 and Williams St,,Rear End,2,Clear,Dry,Daylight
2024-12-05T19:30:00.000,I 75,I 75 and Williams St,,Rear End,2,Clear,Dry,Dark-Lighted
2024-10-10T17:40:00.000,I 75,I 75 and Williams St,,Rear End,2,Clear,Dry,Daylight
2024-05-14T08:20:00.000,I 75,I 75 and Williams St,,Sideswipe-Same Direction,2,Cloudy,Wet,Daylight
2024-12-10T08:08:00.000,I 75,I 75 and Williams St,,Rear End,2,Cloudy,Wet,Daylight
2024-05-07T18:09:00.000,I 75,I 75 and Williams St,,Rear End,2,Clear,Dry,Daylight
2024-07-02T16:00:00.000,I 75,I 75 and Williams St,,Rear End,2,Clear,Dry,Daylight
2023-01-14T15:39:00.000,I 75,I 75 and Williams Rd,,Sideswipe-Same Direction,2,Clear,Dry,Daylight
2021-12-22T07:45:00.000,I 75,I 75 and William Street Opas,,Sideswipe-Same Direction,2,Clear,Dry,Daylight
2022-12-20T13:08:00.000,I 75,I 75 and William Street Opas,,Sideswipe-Same Direction,2,Rain,Wet,Daylight
2022-06-13T16:42:00.000,I 75,I 75 and William Street Opas,,Sideswipe-Same Direction,2,Clear,Dry,Daylight
2022-06-21T19:32:00.000,I 75,I 75 and William Street Opas,,Sideswipe-Same Direction,2,Clear,Dry,Daylight
2023-02-02T10:15:00.000,I 75,I 75 and William St,,Rear End,2,Rain,Wet,Daylight
2023-08-14T15:09:00.000,I 75,I 75 and William St,,Sideswipe-Same Direction,2,Clear,Dry,Daylight
2022-10-20T13:50:00.000,I 75,I 75 and William St,,Rear End,2,Clear,Dry,Daylight
2024-10-04T14:50:00.000,I 75,I 75 and William St,,Sideswipe-Same Direction,2,Clear,Dry,Daylight
2023-03-14T13:52:00.000,I 75,I 75 and William St,,Rear End,2,Clear,Dry,Daylight
2024-04-23T15:56:00.000,I 75,I 75 and William St,,Rear End,2,Clear,Dry,Daylight
2024-01-18T19:40:00.000,I 75,I 75 and William St,,Rear End,2,Clear,Dry,Dark-Lighted
2024-03-28T14:28:00.000,I 75,I 75 and William St,,Sideswipe-Same Direction,2,Clear,Dry,Daylight
2024-06-11T17:40:00.000,I 75,I 75 and William St,,Rear End,2,Clear,Dry,Daylight
2021-08-30T17:20:00.000,I 75,I 75 and Whitfield Gordon Line,,Sideswipe-Same Direction,2,Rain,Wet,Dusk
2020-02-03T13:33:00.000,I 75,I 75 and Whitfield Gordon County Line,,Not a Collision with Motor Vehicle,1,Clear,Dry,Daylight
2022-10-01T15:26:00.000,I 75,I 75 and Whitfield Gordon County Laine,,Rear End,2,Clear,Dry,Daylight
2020-12-04T14:40:00.000,I 75,I 75 and Whitfield County Line,,Not a Collision with Motor Vehicle,1,Rain,Wet,Daylight
2020-12-04T16:05:00.000,I 75,I 75 and Whitfield County Line,,Sideswipe-Same Direction,2,Rain,Wet,Daylight
2022-01-25T07:01:00.000,I 75,I 75 and Whitfield - Gordon County Line,,Angle Crash,3,Clear,Dry,Daylight
2022-08-25T14:16:00.000,I 75,I 75 and White Road Opas,,Not a Collision with Motor Vehicle,1,Rain,Wet,Daylight
2021-04-01T17:40:00.000,I 75,I 75 and White Rd,,(None),2,(None),(None),(None)
2021-10-18T17:50:00.000,I 75,I 75 and White Rd,,Sideswipe-Same Direction,2,Clear,Dry,Daylight
2023-04-03T13:05:00.000,I 75,I 75 and White Rd,,Sideswipe-Same Direction,2,Cloudy,Wet,Daylight
2023-10-19T17:11:00.000,I 75,I 75 and White Rd,,Sideswipe-Same Direction,2,Clear,Dry,Daylight
2020-07-06T11:40:00.000,I 75,I 75 and White Rd,,Not a Collision with Motor Vehicle,2,Cloudy,Dry,Daylight
2020-07-20T15:15:00.000,I 75,I 75 and White Rd,,Head On,1,Clear,Dry,Daylight
2020-05-29T19:10:00.000,I 75,I 75 and White Rd,,Not a Collision with Motor Vehicle,1,Rain,Wet,Daylight
2020-04-23T18:31:00.000,I 75,I 75 and White Rd,,Not a Collision with Motor Vehicle,1,Rain,Wet,Daylight
2020-06-08T11:44:00.000,I 75,I 75 and White Rd,,Not a Collision with Motor Vehicle,1,Cloudy,Dry,Daylight
2021-06-25T13:43:00.000,I 75,I 75 and White Rd,,Sideswipe-Same Direction,1,Clear,Dry,Daylight
2021-02-18T19:01:00.000,I 75,I 75 and White Rd,,Not a Collision with Motor Vehicle,1,Rain,Wet,Dark-Lighted
2022-03-23T22:26:00.000,I 75,I 75 and White Rd,,Rear End,2,Clear,Dry,Dark-Not Lighted
2022-07-06T15:10:00.000,I 75,I 75 and White Rd,,Head On,3,Rain,Water (standing or moving),Daylight
2021-09-22T09:48:00.000,I 75,I 75 and White Rd,,Not a Collision with Motor Vehicle,2,Cloudy,Dry,Daylight
2022-10-21T13:11:00.000,I 75,I 75 and White Rd,,Angle Crash,1,Clear,Dry,Daylight
2022-07-03T17:16:00.000,I 75,I 75 and White Rd,,Not a Collision with Motor Vehicle,1,Rain,Wet,Daylight
2023-03-10T08:47:00.000,I 75,I 75 and White Rd,,Sideswipe-Same Direction,2,Rain,Wet,Daylight
2023-11-09T23:18:00.000,I 75,I 75 and White Rd,,Sideswipe-Same Direction,2,Clear,Dry,Dark-Lighted
2023-11-27T11:34:00.000,I 75,I 75 and White Rd,,Rear End,1,Clear,Dry,Daylight
2024-10-17T15:06:00.000,I 75,I 75 and White Rd,,Rear End,3,Clear,Dry,Daylight
2024-06-11T20:19:00.000,I 75,I 75 and White Rd,,Angle Crash,2,Clear,Dry,Dusk
2024-06-03T22:46:00.000,I 75,I 75 and White Rd,,Rear End,2,Cloudy,Dry,Dark-Not Lighted
2024-06-01T10:24:00.000,I 75,I 75 and White Rd,,Sideswipe-Same Direction,2,Clear,Dry,Daylight
2024-02-18T20:41:00.000,I 75,I 75 and White Rd,,Sideswipe-Same Direction,2,Clear,Dry,Dark-Not Lighted
2024-11-11T04:40:00.000,I 75,I 75 and Whistler Park Ln,,Sideswipe-Same Direction,2,Cloudy,Wet,Dark-Lighted
2020-02-02T11:14:00.000,I 75,I 75 and Whiddon Mill Rd,,Sideswipe-Same Direction,2,Clear,Dry,Daylight