Date and Time,Roadway (From Crash Report),Intersection Name (from Crash Report),KABCO Severity,Manner of Collision (Crash Level) ,# of Vehicles per crash ,Weather Conditions (Crash Level),Surface Condition (Crash Level) ,Light Conditions (Crash Level)
2020-08-09T13:14:00.000,I 75,I 75 and Whiddon Mill Rd,,Not a Collision with Motor Vehicle,1,Clear,Dry,Daylight
2024-03-05T19:05:00.000,I 75,I 75 and Wesleyan Dr,,Not a Collision with Motor Vehicle,1,Rain,Wet,Dark-Lighted
2020-12-17T12:45:00.000,I 75,I 75 and Wesley Rigdon Rd,,Angle Crash,2,Clear,Dry,Daylight
2022-04-24T14:52:00.000,I 75,I 75 and Wesley Rigdon Rd,,Sideswipe-Same Direction,2,Clear,Dry,Daylight
2022-10-10T15:14:00.000,I 75,I 75 and Wesley Rigdon Rd,,Sideswipe-Same Direction,2,Clear,Dry,Daylight
2024-03-16T21:35:00.000,I 75,I 75 and Wesley Rigdon Rd,,Not a Collision with Motor Vehicle,2,Clear,Dry,Dark-Not Lighted
2024-03-16T21:35:00.000,I 75,I 75 and Wesley Rigdon Rd,,Not a Collision with Motor Vehicle,1,Clear,Dry,Dark-Not Lighted
2021-09-01T17:35:00.000,I 75,I 75 and Wesley Rigdon,,Not a Collision with Motor Vehicle,1,Rain,Wet,Daylight
2023-10-10T08:30:00.000,I 75,I 75 and Wesley Rd,,Rear End,2,Clear,Dry,Daylight
2023-11-05T11:41:00.000,I 75,I 75 and Wendy Hill Rd,,Sideswipe-Same Direction,2,Clear,Dry,Daylight
2021-09-18T15:40:00.000,I 75,I 75 and Welcome Ctr,,Sideswipe-Same Direction,2,Rain,Wet,Daylight
2021-01-25T12:04:00.000,I 75,I 75 and Welcome Ctr,,Not a Collision with Motor Vehicle,1,Rain,Wet,Daylight
2020-12-05T21:38:00.000,I 75,I 75 and Welcome Ctr,,Not a Collision with Motor Vehicle,1,Clear,Dry,Dark-Lighted
2022-02-23T06:53:00.000,I 75,I 75 and Welcome Ctr,,Rear End,1,Rain,Wet,Dark-Not Lighted
2020-11-19T18:27:00.000,I 75,I 75 and Welcome Center Parking Lot,,Sideswipe-Same Direction,2,Clear,Dry,Daylight
2022-02-21T22:45:00.000,I 75,I 75 and Welcome Center Entranc,,Sideswipe-Same Direction,2,Rain,Wet,Dark-Not Lighted
2024-05-18T18:17:00.000,I 75,I 75 and Weight Sta,,(None),1,(None),(None),(None)
2024-03-30T15:00:00.000,I 75,I 75 and Watson Blvd,,Rear End,4,Clear,Dry,Daylight
2024-04-13T13:27:00.000,I 75,I 75 and Watson Blvd,,Not a Collision with Motor Vehicle,1,Clear,Dry,Daylight
2022-05-30T22:17:00.000,I 75,I 75 and Washington St,,Sideswipe-Same Direction,2,Clear,Dry,Dark-Lighted
2021-10-10T14:00:00.000,I 75,I 75 and Washington St,,Not a Collision with Motor Vehicle,1,Clear,Dry,Daylight
2022-06-12T10:35:00.000,I 75,I 75 and Washington St,,Not a Collision with Motor Vehicle,1,Clear,Dry,Daylight
2023-02-27T06:41:00.000,I 75,I 75 and Washington St,,Not a Collision with Motor Vehicle,1,Cloudy,Dry,Daylight
2024-02-20T15:57:00.000,I 75,I 75 and Washington St,,Angle Crash,2,Clear,Dry,Daylight
2020-10-30T16:45:00.000,I 75,I 75 and Wardlow Rd,,Sideswipe-Same Direction,2,Clear,Dry,Daylight
2020-02-14T18:42:00.000,I 75,I 75 and Wardlow Rd,,Sideswipe-Same Direction,2,Clear,Dry,Dark-Not Lighted
2020-12-24T14:57:00.000,I 75,I 75 and Wardlow Rd,,Sideswipe-Same Direction,2,Rain,Wet,Daylight
2020-04-01T19:32:00.000,I 75,I 75 and Wardlow Rd,,Sideswipe-Same Direction,2,Clear,Dry,Daylight
2020-07-31T09:53:00.000,I 75,I 75 and Wardlow Rd,,Sideswipe-Same Direction,2,Cloudy,Dry,Daylight
2020-03-02T07:28:00.000,I 75,I 75 and Wardlow Rd,,Rear End,2,Clear,Dry,Daylight
2024-03-31T12:00:00.000,I 75,I 75 and Wardlow Rd,,Sideswipe-Same Direction,2,Clear,Dry,Daylight
2024-05-22T15:15:00.000,I 75,I 75 and Wardlow Rd,,Angle Crash,2,Clear,Dry,Daylight
2021-09-19T10:00:00.000,I 75,I 75 and Waltstephens Rd,,Sideswipe-Same Direction,2,Rain,Wet,Daylight
2022-12-09T06:27:00.000,I 75,I 75 and Waltstephens Rd,,Not a Collision with Motor Vehicle,2,Clear,Dry,Daylight
2020-08-20T17:59:00.000,I 75,I 75 and Walt-Stephens Rd,,Rear End,2,Rain,Wet,Daylight
2021-08-11T06:40:00.000,I 75,I 75 and Walt Stevens,,Rear End,2,Clear,Dry,Daylight
2021-08-11T06:40:00.000,I 75,I 75 and Walt Stevens,,Rear End,2,Clear,Dry,Daylight
2021-03-09T20:31:00.000,I 75,I 75 and Walt Stephens Road Opas,,Sideswipe-Same Direction,2,Clear,Dry,Dark-Lighted
2022-06-23T14:51:00.000,I 75,I 75 and Walt Stephens Rd.,,Rear End,2,Clear,Dry,Daylight
2022-04-28T09:50:00.000,I 75,I 75 and Walt Stephens Rd Opas,,Not a Collision with Motor Vehicle,1,Clear,Dry,Daylight
2022-03-31T07:07:00.000,I 75,I 75 and Walt Stephens Rd Opas,,Sideswipe-Same Direction,2,Rain,Wet,Dawn
2022-10-20T12:35:00.000,I 75,I 75 and Walt Stephens Rd Opas,,Rear End,2,Clear,Dry,Daylight
2021-09-17T10:22:00.000,I 75,I 75 and Walt Stephens Rd Brg,,Sideswipe-Same Direction,2,Cloudy,Dry,Daylight
2021-09-10T06:31:00.000,I 75,I 75 and Walt Stephens Rd,,Sideswipe-Same Direction,2,Clear,Dry,Dark-Not Lighted
2021-12-01T16:42:00.000,I 75,I 75 and Walt Stephens Rd,,Rear End,3,Clear,Dry,Daylight
2021-08-07T17:06:00.000,I 75,I 75 and Walt Stephens Rd,,Not a Collision with Motor Vehicle,1,Rain,Wet,Daylight
2021-10-16T11:41:00.000,I 75,I 75 and Walt Stephens Rd,,Rear End,2,Cloudy,Dry,Daylight
2021-11-01T23:19:00.000,I 75,I 75 and Walt Stephens Rd,,Sideswipe-Same Direction,2,Clear,Dry,Dark-Not Lighted
2021-10-08T11:59:00.000,I 75,I 75 and Walt Stephens Rd,,Rear End,2,Cloudy,Dry,Daylight
2021-05-08T10:34:00.000,I 75,I 75 and Walt Stephens Rd,,Rear End,2,Cloudy,Dry,Daylight
2021-12-19T12:02:00.000,I 75,I 75 and Walt Stephens Rd,,Rear End,4,Clear,Dry,Daylight
2021-09-04T16:02:00.000,I 75,I 75 and Walt Stephens Rd,,Not a Collision with Motor Vehicle,1,Clear,Dry,Daylight
2021-11-23T14:43:00.000,I 75,I 75 and Walt Stephens Rd,,Sideswipe-Same Direction,2,Clear,Dry,Daylight
2020-07-07T05:18:00.000,I 75,I 75 and Walt Stephens Rd,,Sideswipe-Same Direction,2,Rain,Wet,Dark-Not Lighted
2020-01-09T05:47:00.000,I 75,I 75 and Walt Stephens Rd,,Angle Crash,2,Clear,Dry,Dark-Not Lighted
2020-02-06T00:04:00.000,I 75,I 75 and Walt Stephens Rd,,Angle Crash,2,Rain,Water (standing or moving),Dark-Not Lighted
2020-04-19T20:59:00.000,I 75,I 75 and Walt Stephens Rd,,Not a Collision with Motor Vehicle,1,Rain,Wet,Dark-Lighted
2020-06-10T13:43:00.000,I 75,I 75 and Walt Stephens Rd,,Not a Collision with Motor Vehicle,1,Rain,Wet,Daylight
2020-03-05T08:06:00.000,I 75,I 75 and Walt Stephens Rd,,Rear End,2,Rain,Wet,Daylight
2020-07-09T17:00:00.000,I 75,I 75 and Walt Stephens Rd,,Not a Collision with Motor Vehicle,1,Cloudy,Dry,Daylight
2020-04-24T16:24:00.000,I 75,I 75 and Walt Stephens Rd,,Sideswipe-Same Direction,2,Cloudy,Dry,Daylight
2020-11-29T22:44:00.000,I 75,I 75 and Walt Stephens Rd,,Not a Collision with Motor Vehicle,1,Rain,Water (standing or moving),Dark-Not Lighted
2020-03-23T17:54:00.000,I 75,I 75 and Walt Stephens Rd,,Sideswipe-Same Direction,2,Rain,Wet,Daylight
2021-11-30T17:04:00.000,I 75,I 75 and Walt Stephens Rd,,Rear End,2,Clear,Dry,Dark-Lighted
2021-09-02T15:09:00.000,I 75,I 75 and Walt Stephens Rd,,Rear End,2,Clear,Dry,Daylight
2021-10-27T15:01:00.000,I 75,I 75 and Walt Stephens Rd,,Angle Crash,2,Clear,Dry,Daylight
2021-12-02T12:22:00.000,I 75,I 75 and Walt Stephens Rd,,Rear End,2,Clear,Dry,Daylight
2021-10-27T12:44:00.000,I 75,I 75 and Walt Stephens Rd,,Rear End,2,Clear,Dry,Daylight
2021-08-17T15:00:00.000,I 75,I 75 and Walt Stephens Rd,,Sideswipe-Same Direction,2,Rain,Wet,Daylight
2021-12-02T10:20:00.000,I 75,I 75 and Walt Stephens Rd,,Sideswipe-Same Direction,2,Clear,Dry,Daylight
2021-12-22T09:39:00.000,I 75,I 75 and Walt Stephens Rd,,Rear End,4,Clear,Dry,Daylight
2022-06-29T12:34:00.000,I 75,I 75 and Walt Stephens Rd,,Sideswipe-Same Direction,2,Cloudy,Dry,Daylight
2022-05-12T07:31:00.000,I 75,I 75 and Walt Stephens Rd,,Not a Collision with Motor Vehicle,2,Clear,Dry,Dawn
2021-08-16T16:20:00.000,I 75,I 75 and Walt Stephens Rd,,Rear End,2,Rain,Wet,Daylight
2021-11-18T11:54:00.000,I 75,I 75 and Walt Stephens Rd,,Sideswipe-Same Direction,2,Clear,Dry,Daylight
2022-01-13T18:50:00.000,I 75,I 75 and Walt Stephens Rd,,Rear End,3,Clear,Dry,Dark-Lighted
2022-05-01T16:38:00.000,I 75,I 75 and Walt Stephens Rd,,Rear End,3,Clear,Dry,Daylight
2022-12-17T13:32:00.000,I 75,I 75 and Walt Stephens Rd,,Rear End,3,Cloudy,Dry,Daylight
2022-05-09T08:25:00.000,I 75,I 75 and Walt Stephens Rd,,Rear End,3,Clear,Dry,Dark-Lighted
2022-08-03T21:45:00.000,I 75,I 75 and Walt Stephens Rd,,Sideswipe-Same Direction,2,Rain,Wet,Dark-Not Lighted
2022-10-23T12:45:00.000,I 75,I 75 and Walt Stephens Rd,,Rear End,2,Clear,Dry,Daylight
2022-03-09T11:27:00.000,I 75,I 75 and Walt Stephens Rd,,Rear End,2,Cloudy,Wet,Daylight
2022-02-06T15:52:00.000,I 75,I 75 and Walt Stephens Rd,,Sideswipe-Same Direction,2,Clear,Dry,Daylight
2022-10-03T15:53:00.000,I 75,I 75 and Walt Stephens Rd,,Rear End,2,Clear,Dry,Daylight
2022-07-08T17:13:00.000,I 75,I 75 and Walt Stephens Rd,,Rear End,2,Cloudy,Dry,Daylight
2022-03-28T09:20:00.000,I 75,I 75 and Walt Stephens Rd,,Not a Collision with Motor Vehicle,1,Clear,Dry,Daylight
2022-07-19T10:58:00.000,I 75,I 75 and Walt Stephens Rd,,Sideswipe-Same Direction,2,Cloudy,Dry,Daylight
2022-02-18T08:51:00.000,I 75,I 75 and Walt Stephens Rd,,Rear End,2,Cloudy,Wet,Daylight
2022-11-05T13:55:00.000,I 75,I 75 and Walt Stephens Rd,,Rear End,2,Clear,Dry,Daylight
2022-12-21T10:00:00.000,I 75,I 75 and Walt Stephens Rd,,Rear End,2,Clear,Dry,Daylight
2021-12-10T06:50:00.000,I 75,I 75 and Walt Stephens Rd,,Sideswipe-Same Direction,2,Rain,Wet,Dark-Not Lighted
2021-09-01T09:07:00.000,I 75,I 75 and Walt Stephens Rd,,Sideswipe-Same Direction,2,Cloudy,Dry,Daylight
2022-01-21T18:38:00.000,I 75,I 75 and Walt Stephens Rd,,Sideswipe-Same Direction,2,Rain,Wet,Dark-Not Lighted
2022-04-16T13:02:00.000,I 75,I 75 and Walt Stephens Rd,,Sideswipe-Same Direction,2,Cloudy,Dry,Daylight
2022-10-17T10:40:00.000,I 75,I 75 and Walt Stephens Rd,,Rear End,2,Clear,Dry,Daylight
2022-05-16T09:54:00.000,I 75,I 75 and Walt Stephens Rd,,Sideswipe-Same Direction,2,Clear,Dry,Daylight
2022-02-19T07:23:00.000,I 75,I 75 and Walt Stephens Rd,,Not a Collision with Motor Vehicle,3,Clear,Dry,Daylight
2022-10-28T14:36:00.000,I 75,I 75 and Walt Stephens Rd,,Rear End,3,Clear,Dry,Daylight
2022-04-15T12:35:00.000,I 75,I 75 and Walt Stephens Rd,,Rear End,3,Clear,Dry,Daylight
2022-07-16T11:37:00.000,I 75,I 75 and Walt Stephens Rd,,Not a Collision with Motor Vehicle,1,Cloudy,Dry,Daylight
2022-01-27T10:20:00.000,I 75,I 75 and Walt Stephens Rd,,Rear End,2,Clear,Dry,Daylight
2022-12-19T13:16:00.000,I 75,I 75 and Walt Stephens Rd,,Angle Crash,2,Cloudy,Dry,Daylight
2022-08-23T06:00:00.000,I 75,I 75 and Walt Stephens Rd,,Sideswipe-Same Direction,2,Cloudy,Dry,Dark-Lighted
2022-04-04T12:51:00.000,I 75,I 75 and Walt Stephens Rd,,Rear End,2,Clear,Dry,Daylight
2022-07-01T19:38:00.000,I 75,I 75 and Walt Stephens Rd,,Rear End,2,Clear,Dry,Daylight
2022-12-18T17:57:00.000,I 75,I 75 and Walt Stephens Rd,,Rear End,2,Clear,Dry,Dark-Lighted
2022-08-20T15:18:00.000,I 75,I 75 and Walt Stephens Rd,,Not a Collision with Motor Vehicle,1,Clear,Dry,Daylight
2022-03-18T13:19:00.000,I 75,I 75 and Walt Stephens Rd,,Rear End,2,Rain,Wet,Daylight
2022-10-19T12:55:00.000,I 75,I 75 and Walt Stephens Rd,,Sideswipe-Same Direction,2,Clear,Dry,Daylight
2022-08-05T15:16:00.000,I 75,I 75 and Walt Stephens Rd,,Sideswipe-Same Direction,2,Cloudy,Dry,Daylight
2022-12-06T12:52:00.000,I 75,I 75 and Walt Stephens Rd,,Rear End,3,Fog,Wet,Daylight
2022-07-25T08:45:00.000,I 75,I 75 and Walt Stephens Rd,,Sideswipe-Same Direction,2,Clear,Dry,Daylight
2022-03-18T07:56:00.000,I 75,I 75 and Walt Stephens Rd,,Rear End,2,Cloudy,Dry,Daylight
2022-06-30T11:43:00.000,I 75,I 75 and Walt Stephens Rd,,Not a Collision with Motor Vehicle,1,Cloudy,Dry,Daylight
2024-07-31T12:21:00.000,I 75,I 75 and Walt Stephens Rd,,Rear End,2,Clear,Dry,Daylight
2024-12-29T14:50:00.000,I 75,I 75 and Walt Stephens Rd,,Sideswipe-Same Direction,2,Clear,Dry,Daylight
2024-10-12T12:45:00.000,I 75,I 75 and Walt Stephens Rd,,Rear End,2,Clear,Dry,Daylight
2024-11-22T07:29:00.000,I 75,I 75 and Walt Stephens Rd,,Rear End,2,Clear,Dry,Daylight
2024-06-27T06:46:00.000,I 75,I 75 and Walt Stephens Rd,,Rear End,2,Clear,Dry,Daylight
2024-04-29T11:10:00.000,I 75,I 75 and Walt Stephens Rd,,Rear End,2,Cloudy,Dry,Daylight
2024-04-06T14:33:00.000,I 75,I 75 and Walt Stephens Rd,,Not a Collision with Motor Vehicle,1,Clear,Dry,Daylight
2024-07-10T11:32:00.000,I 75,I 75 and Walt Stephens Rd,,Not a Collision with Motor Vehicle,1,Clear,Dry,Daylight
2021-05-07T09:52:00.000,I 75,I 75 and Walt Stephens Opas,,Angle Crash,2,Clear,Dry,Daylight
2022-04-20T19:45:00.000,I 75,I 75 and Walt Stephens,,Sideswipe-Same Direction,2,Clear,Dry,Dark-Lighted
2021-09-29T07:55:00.000,I 75,I 75 and Walt Stephens,,Sideswipe-Same Direction,2,Clear,Dry,Daylight
2022-06-02T10:59:00.000,I 75,I 75 and Walt Stephens,,Sideswipe-Same Direction,2,Clear,Dry,Daylight
2022-06-12T00:26:00.000,I 75,I 75 and Walt Stephens,,Not a Collision with Motor Vehicle,1,Clear,Dry,Dark-Lighted
2024-07-11T15:02:00.000,I 75,I 75 and Walt Stephens,,Rear End,2,Clear,Dry,Daylight
2024-04-01T16:17:00.000,I 75,I 75 and Walt Stephens,,Sideswipe-Same Direction,2,Cloudy,Dry,Daylight
2021-06-15T05:22:00.000,I 75,I 75 and Walt Stephen Rd,,Sideswipe-Same Direction,2,Clear,Dry,Dark-Lighted
2021-10-20T04:55:00.000,I 75,I 75 and Walt Stephen Rd,,Sideswipe-Opposite Direction,2,Clear,Dry,Dark-Not Lighted
2021-08-29T13:13:00.000,I 75,I 75 and Walt Stepehsn Rd,,Rear End,5,Clear,Dry,Daylight
2021-02-11T16:48:00.000,I 75,I 75 and Walnut St,,Angle Crash,3,Rain,Wet,Daylight
2020-01-17T15:25:00.000,I 75,I 75 and Walnut St,,Sideswipe-Same Direction,2,Clear,Dry,Daylight
2020-12-17T17:16:00.000,I 75,I 75 and Walnut St,,Rear End,3,Clear,Dry,Daylight
2020-02-18T16:33:00.000,I 75,I 75 and Walnut St,,Not a Collision with Motor Vehicle,1,Rain,Wet,Daylight
2022-07-30T15:45:00.000,I 75,I 75 and Walnut St,,Not a Collision with Motor Vehicle,1,Cloudy,Dry,Daylight
2022-08-18T09:26:00.000,I 75,I 75 and Walnut St,,Sideswipe-Same Direction,2,Clear,Dry,Daylight
2022-03-24T11:48:00.000,I 75,I 75 and Walnut St,,Sideswipe-Same Direction,2,Clear,Dry,Daylight
2021-07-03T23:03:00.000,I 75,I 75 and Walnut Ave,,Rear End,2,Clear,Dry,Dark-Lighted
2020-09-21T21:41:00.000,I 75,I 75 and Walnut Ave,,Rear End,2,Clear,Dry,Dark-Not Lighted
2021-04-19T16:17:00.000,I 75,I 75 and Walnut Ave,,Not a Collision with Motor Vehicle,1,Clear,Dry,Daylight
2022-08-19T21:02:00.000,I 75,I 75 and Walnut Ave,,Rear End,2,Cloudy,Dry,Dark-Not Lighted
2022-04-21T04:09:00.000,I 75,I 75 and Walnut Ave,,Not a Collision with Motor Vehicle,1,Clear,Dry,Dark-Not Lighted
2024-06-19T19:30:00.000,I 75,I 75 and Walnut Ave,,Rear End,2,Clear,Dry,Daylight
2024-05-14T20:53:00.000,I 75,I 75 and Walnut Ave,,Sideswipe-Same Direction,2,Clear,Dry,Dark-Not Lighted
2024-04-05T23:54:00.000,I 75,I 75 and Walnut Ave,,Sideswipe-Same Direction,2,Clear,Dry,Dark-Not Lighted
2024-12-30T13:05:00.000,I 75,I 75 and Walnut Ave,,Sideswipe-Same Direction,2,Clear,Dry,Daylight
2024-06-13T11:05:00.000,I 75,I 75 and Walnut Ave,,Sideswipe-Same Direction,2,Clear,Dry,Daylight
2021-06-11T05:34:00.000,I 75,I 75 and Wagon Wheel Road Opas,,Sideswipe-Same Direction,1,Clear,Dry,Dark-Not Lighted
2021-09-02T15:17:00.000,I 75,I 75 and Wagon Wheel Rd,,Sideswipe-Same Direction,2,Rain,Wet,Daylight
2020-07-08T16:00:00.000,I 75,I 75 and Wagon Wheel Rd,,Angle Crash,2,Rain,Wet,Daylight
2020-11-29T14:05:00.000,I 75,I 75 and Wagon Wheel Rd,,Sideswipe-Same Direction,2,Cloudy,Dry,Daylight
2021-11-13T02:30:00.000,I 75,I 75 and Wagon Wheel Rd,,Rear End,2,Clear,Dry,Dark-Not Lighted
2021-10-17T01:40:00.000,I 75,I 75 and Wagon Wheel Rd,,Angle Crash,3,Clear,Dry,Dark-Not Lighted
2023-12-13T22:33:00.000,I 75,I 75 and Wagon Wheel Rd,,Sideswipe-Same Direction,2,Clear,Dry,Dark-Not Lighted
2023-04-16T09:21:00.000,I 75,I 75 and Wagon Wheel Rd,,Sideswipe-Same Direction,3,Cloudy,Dry,Daylight
2021-10-20T02:45:00.000,I 75,I 75 and Wagon Wheel Opas,,Rear End,2,Clear,Dry,Dark-Not Lighted
2022-03-14T21:52:00.000,I 75,I 75 and Wagon Wheel Opas,,Not a Collision with Motor Vehicle,1,Clear,Dry,Dark-Not Lighted
2023-01-27T14:57:00.000,I 75,I 75 and Wadw Green Rd,,Rear End,3,Clear,Dry,Daylight
2021-06-13T15:00:00.000,I 75,I 75 and Wade Grn,,Rear End,2,Clear,Dry,Daylight
2023-01-26T13:51:00.000,I 75,I 75 and Wade Grn,,Angle Crash,2,Clear,Dry,Daylight
2020-03-02T07:42:00.000,I 75,I 75 and Wade Grn,,Rear End,3,Cloudy,Dry,Daylight
2020-06-30T16:00:00.000,I 75,I 75 and Wade Grn,,Rear End,2,Cloudy,Dry,Daylight
2020-05-14T00:45:00.000,I 75,I 75 and Wade Grn,,Rear End,2,Clear,Dry,Dark-Lighted
2021-06-24T17:40:00.000,I 75,I 75 and Wade Grn,,Sideswipe-Same Direction,2,Clear,Dry,Daylight
2021-06-27T20:00:00.000,I 75,I 75 and Wade Grn,,Not a Collision with Motor Vehicle,1,Clear,Dry,Daylight
2021-02-27T19:40:00.000,I 75,I 75 and Wade Grn,,Rear End,2,Clear,Dry,Dark-Lighted
2022-06-13T22:36:00.000,I 75,I 75 and Wade Grn,,Not a Collision with Motor Vehicle,2,Cloudy,Dry,Dark-Not Lighted
2022-03-31T01:23:00.000,I 75,I 75 and Wade Grn,,Not a Collision with Motor Vehicle,1,Cloudy,Dry,Dark-Not Lighted
2021-11-13T09:58:00.000,I 75,I 75 and Wade Grn,,Rear End,2,Clear,Dry,Daylight
2022-05-25T18:00:00.000,I 75,I 75 and Wade Grn,,Rear End,2,Rain,Wet,Daylight
2024-09-13T09:24:00.000,I 75,I 75 and Wade Grn,,Sideswipe-Same Direction,2,Cloudy,Dry,Daylight
2023-12-25T23:45:00.000,I 75,I 75 and Wade Grn,,Not a Collision with Motor Vehicle,1,Rain,Wet,Dark-Not Lighted
2022-05-30T11:57:00.000,I 75,I 75 and Wade Green Roasd,,Not a Collision with Motor Vehicle,1,Clear,Dry,Daylight
2022-03-28T17:40:00.000,I 75,I 75 and Wade Green Road Opas,,Rear End,2,Clear,Dry,Daylight
2024-12-08T21:02:00.000,I 75,I 75 and Wade Green Road Exit 273,,Not a Collision with Motor Vehicle,1,Rain,Wet,Dark-Not Lighted
2022-05-23T16:12:00.000,I 75,I 75 and Wade Green Rd.,,Rear End,3,Cloudy,Wet,Daylight
2022-05-20T07:28:00.000,I 75,I 75 and Wade Green Rd.,,Sideswipe-Same Direction,2,Clear,Dry,Daylight
2022-12-22T19:09:00.000,I 75,I 75 and Wade Green Rd.,,Rear End,3,Cloudy,Wet,Dark-Not Lighted
2023-06-20T16:27:00.000,I 75,I 75 and Wade Green Rd.,,Rear End,3,Cloudy,Dry,Daylight
2022-09-09T15:47:00.000,I 75,I 75 and Wade Green Rd Entrance Rp,,Sideswipe-Same Direction,2,Cloudy,Dry,Daylight
2020-09-03T07:26:00.000,I 75,I 75 and Wade Green Rd  Mile Marker 273,,Sideswipe-Same Direction,2,Clear,Dry,Daylight
2021-02-12T18:31:00.000,I 75,I 75 and Wade Green Rd,,Rear End,3,Rain,Wet,Dark-Not Lighted
2021-04-14T15:00:00.000,I 75,I 75 and Wade Green Rd,,Rear End,2,Clear,Dry,Daylight
2021-05-11T09:55:00.000,I 75,I 75 and Wade Green Rd,,Sideswipe-Same Direction,2,Clear,Dry,Daylight
2021-04-17T11:55:00.000,I 75,I 75 and Wade Green Rd,,Rear End,2,Cloudy,Dry,Daylight
2021-05-04T13:30:00.000,I 75,I 75 and Wade Green Rd,,Angle Crash,2,Rain,Wet,Daylight
2021-03-29T14:30:00.000,I 75,I 75 and Wade Green Rd,,Not a Collision with Motor Vehicle,2,Clear,Dry,Daylight
2021-05-03T05:05:00.000,I 75,I 75 and Wade Green Rd,,Not a Collision with Motor Vehicle,1,Rain,Water (standing or moving),Dark-Lighted
2021-08-04T22:13:00.000,I 75,I 75 and Wade Green Rd,,Rear End,2,Cloudy,Dry,Dark-Lighted
2021-08-22T14:20:00.000,I 75,I 75 and Wade Green Rd,,Rear End,2,Rain,Wet,Daylight
2021-12-22T18:00:00.000,I 75,I 75 and Wade Green Rd,,Rear End,2,Clear,Dry,Dark-Lighted
2021-12-20T09:38:00.000,I 75,I 75 and Wade Green Rd,,Not a Collision with Motor Vehicle,1,Clear,Dry,Daylight
2021-09-26T16:50:00.000,I 75,I 75 and Wade Green Rd,,Angle Crash,2,Cloudy,Dry,Daylight
2021-03-29T09:06:00.000,I 75,I 75 and Wade Green Rd,,Not a Collision with Motor Vehicle,2,Clear,Dry,Daylight
2021-02-28T20:05:00.000,I 75,I 75 and Wade Green Rd,,Sideswipe-Same Direction,2,Cloudy,Dry,Dark-Not Lighted
2021-06-01T16:45:00.000,I 75,I 75 and Wade Green Rd,,Not a Collision with Motor Vehicle,1,Clear,Dry,Daylight
2021-02-17T15:26:00.000,I 75,I 75 and Wade Green Rd,,Sideswipe-Same Direction,2,Clear,Dry,Daylight
2021-04-29T07:44:00.000,I 75,I 75 and Wade Green Rd,,Angle Crash,2,Cloudy,Dry,Daylight
2021-06-10T06:50:00.000,I 75,I 75 and Wade Green Rd,,Rear End,2,Cloudy,Dry,Daylight
2021-03-06T11:36:00.000,I 75,I 75 and Wade Green Rd,,Rear End,2,Cloudy,Dry,Daylight
2021-05-12T09:10:00.000,I 75,I 75 and Wade Green Rd,,Rear End,2,Rain,Wet,Daylight
2021-01-16T20:31:00.000,I 75,I 75 and Wade Green Rd,,Rear End,2,Clear,Dry,Dark-Not Lighted
2021-05-11T11:41:00.000,I 75,I 75 and Wade Green Rd,,Not a Collision with Motor Vehicle,1,Clear,Dry,Daylight
2021-05-24T12:28:00.000,I 75,I 75 and Wade Green Rd,,Rear End,2,Clear,Dry,Daylight
2021-01-18T09:04:00.000,I 75,I 75 and Wade Green Rd,,Not a Collision with Motor Vehicle,1,Clear,Dry,Daylight
2021-04-06T12:55:00.000,I 75,I 75 and Wade Green Rd,,Not a Collision with Motor Vehicle,2,Clear,Dry,Daylight
2021-03-29T06:40:00.000,I 75,I 75 and Wade Green Rd,,Sideswipe-Same Direction,2,Clear,Dry,Dark-Not Lighted
2021-07-04T13:56:00.000,I 75,I 75 and Wade Green Rd,,Rear End,2,Cloudy,Dry,Daylight
2021-07-29T19:19:00.000,I 75,I 75 and Wade Green Rd,,Angle Crash,2,Clear,Dry,Daylight
2021-12-20T09:21:00.000,I 75,I 75 and Wade Green Rd,,Sideswipe-Same Direction,2,Cloudy,Dry,Daylight
2021-09-12T06:36:00.000,I 75,I 75 and Wade Green Rd,,Rear End,2,Clear,Dry,Dark-Lighted
2021-10-15T06:32:00.000,I 75,I 75 and Wade Green Rd,,Rear End,2,Cloudy,Dry,Dark-Not Lighted
2021-11-22T00:07:00.000,I 75,I 75 and Wade Green Rd,,Not a Collision with Motor Vehicle,1,Rain,Wet,Dark-Not Lighted
2021-09-10T15:40:00.000,I 75,I 75 and Wade Green Rd,,Rear End,3,Clear,Dry,Daylight
2021-07-30T13:00:00.000,I 75,I 75 and Wade Green Rd,,Rear End,2,Clear,Dry,Daylight
2021-10-06T13:25:00.000,I 75,I 75 and Wade Green Rd,,Rear End,2,Cloudy,Dry,Daylight
2021-11-16T14:30:00.000,I 75,I 75 and Wade Green Rd,,Rear End,3,Clear,Dry,Daylight
2021-10-20T10:43:00.000,I 75,I 75 and Wade Green Rd,,Rear End,2,Clear,Dry,Daylight
2021-08-27T21:10:00.000,I 75,I 75 and Wade Green Rd,,Sideswipe-Same Direction,2,Clear,Dry,Dark-Lighted
2021-09-26T19:25:00.000,I 75,I 75 and Wade Green Rd,,Rear End,2,Clear,Dry,Daylight