Date and Time,Roadway (From Crash Report),Intersection Name (from Crash Report),KABCO Severity,Manner of Collision (Crash Level) ,# of Vehicles per crash ,Weather Conditions (Crash Level),Surface Condition (Crash Level) ,Light Conditions (Crash Level)
2021-11-27T20:45:00.000,I 75,I 75 and Wade Green Rd,,Rear End,2,Clear,Dry,Dark-Lighted
2021-10-06T06:41:00.000,I 75,I 75 and Wade Green Rd,,Not a Collision with Motor Vehicle,1,Clear,Wet,Dark-Lighted
2021-01-14T17:32:00.000,I 75,I 75 and Wade Green Rd,,Rear End,2,Clear,Dry,Daylight
2021-03-17T07:10:00.000,I 75,I 75 and Wade Green Rd,,Rear End,2,Cloudy,Wet,Dark-Not Lighted
2021-05-04T06:33:00.000,I 75,I 75 and Wade Green Rd,,Sideswipe-Same Direction,2,Cloudy,Dry,Daylight
2021-03-13T18:10:00.000,I 75,I 75 and Wade Green Rd,,Angle Crash,3,Clear,Dry,Daylight
2021-06-23T12:35:00.000,I 75,I 75 and Wade Green Rd,,Rear End,2,Clear,Dry,Daylight
2021-05-04T20:09:00.000,I 75,I 75 and Wade Green Rd,,Rear End,1,Rain,Wet,Dark-Not Lighted
2021-02-27T19:20:00.000,I 75,I 75 and Wade Green Rd,,Rear End,2,Clear,Dry,Daylight
2021-05-03T18:37:00.000,I 75,I 75 and Wade Green Rd,,Rear End,2,Rain,Wet,Daylight
2021-05-25T13:19:00.000,I 75,I 75 and Wade Green Rd,,Rear End,2,Cloudy,Dry,Daylight
2021-03-31T10:02:00.000,I 75,I 75 and Wade Green Rd,,Not a Collision with Motor Vehicle,1,Rain,Wet,Daylight
2021-08-06T17:40:00.000,I 75,I 75 and Wade Green Rd,,Not a Collision with Motor Vehicle,1,Clear,Dry,Daylight
2021-08-26T12:00:00.000,I 75,I 75 and Wade Green Rd,,Rear End,2,Clear,Dry,Daylight
2021-12-08T19:11:00.000,I 75,I 75 and Wade Green Rd,,Rear End,2,Clear,Dry,Dark-Lighted
2021-07-14T17:45:00.000,I 75,I 75 and Wade Green Rd,,Sideswipe-Same Direction,2,Clear,Dry,Daylight
2021-12-06T17:50:00.000,I 75,I 75 and Wade Green Rd,,Rear End,2,Cloudy,Wet,Dark-Not Lighted
2021-10-03T18:00:00.000,I 75,I 75 and Wade Green Rd,,Not a Collision with Motor Vehicle,1,Rain,Wet,Daylight
2021-12-02T13:30:00.000,I 75,I 75 and Wade Green Rd,,Rear End,2,Clear,Dry,Daylight
2021-09-13T12:22:00.000,I 75,I 75 and Wade Green Rd,,Sideswipe-Same Direction,2,Clear,Dry,Daylight
2021-11-16T17:29:00.000,I 75,I 75 and Wade Green Rd,,Rear End,2,Clear,Dry,Dark-Not Lighted
2021-09-19T13:14:00.000,I 75,I 75 and Wade Green Rd,,Sideswipe-Same Direction,2,Cloudy,Dry,Daylight
2021-08-01T19:34:00.000,I 75,I 75 and Wade Green Rd,,Rear End,2,Clear,Dry,Daylight
2021-11-22T07:11:00.000,I 75,I 75 and Wade Green Rd,,Sideswipe-Same Direction,2,Rain,Wet,Daylight
2021-05-01T07:42:00.000,I 75,I 75 and Wade Green Rd,,Not a Collision with Motor Vehicle,1,Clear,Dry,Daylight
2020-01-14T12:17:00.000,I 75,I 75 and Wade Green Rd,,Rear End,2,Rain,Wet,Daylight
2020-09-16T19:39:00.000,I 75,I 75 and Wade Green Rd,,Rear End,2,Rain,Wet,Daylight
2020-01-21T09:18:00.000,I 75,I 75 and Wade Green Rd,,Sideswipe-Same Direction,2,Clear,Dry,Daylight
2023-08-02T21:33:00.000,I 75,I 75 and Wade Green Rd,,Not a Collision with Motor Vehicle,1,Clear,Dry,Dark-Not Lighted
2023-07-13T06:45:00.000,I 75,I 75 and Wade Green Rd,,Sideswipe-Same Direction,2,Clear,Dry,Dawn
2023-09-15T16:30:00.000,I 75,I 75 and Wade Green Rd,,Rear End,2,Clear,Dry,Daylight
2023-05-19T13:28:00.000,I 75,I 75 and Wade Green Rd,,Sideswipe-Same Direction,2,Cloudy,Dry,Daylight
2023-03-14T07:23:00.000,I 75,I 75 and Wade Green Rd,,Sideswipe-Same Direction,3,Clear,Dry,Dawn
2023-06-30T19:03:00.000,I 75,I 75 and Wade Green Rd,,Rear End,2,Clear,Dry,Daylight
2023-12-22T23:41:00.000,I 75,I 75 and Wade Green Rd,,Rear End,2,Clear,Dry,Dark-Not Lighted
2023-04-05T14:55:00.000,I 75,I 75 and Wade Green Rd,,Not a Collision with Motor Vehicle,1,Clear,Dry,Daylight
2023-04-13T16:35:00.000,I 75,I 75 and Wade Green Rd,,Sideswipe-Same Direction,2,Rain,Wet,Daylight
2023-01-12T16:55:00.000,I 75,I 75 and Wade Green Rd,,Sideswipe-Same Direction,2,Cloudy,Wet,Daylight
2023-03-23T20:40:00.000,I 75,I 75 and Wade Green Rd,,Sideswipe-Same Direction,2,Clear,Dry,Dark-Lighted
2023-10-20T05:31:00.000,I 75,I 75 and Wade Green Rd,,Sideswipe-Same Direction,3,Rain,Wet,Dark-Not Lighted
2023-12-03T13:05:00.000,I 75,I 75 and Wade Green Rd,,Angle Crash,3,Clear,Dry,Daylight
2023-01-11T09:45:00.000,I 75,I 75 and Wade Green Rd,,Sideswipe-Same Direction,2,Cloudy,Dry,Daylight
2023-01-26T14:30:00.000,I 75,I 75 and Wade Green Rd,,Sideswipe-Same Direction,2,Clear,Dry,Daylight
2023-10-18T07:31:00.000,I 75,I 75 and Wade Green Rd,,Rear End,2,Clear,Dry,Daylight
2023-03-06T19:23:00.000,I 75,I 75 and Wade Green Rd,,Rear End,2,Clear,Dry,Dark-Not Lighted
2023-12-05T09:19:00.000,I 75,I 75 and Wade Green Rd,,Not a Collision with Motor Vehicle,1,Clear,Dry,Daylight
2023-10-05T09:11:00.000,I 75,I 75 and Wade Green Rd,,Sideswipe-Same Direction,2,Clear,Dry,Daylight
2023-05-23T06:55:00.000,I 75,I 75 and Wade Green Rd,,Rear End,2,Rain,Wet,Dawn
2023-04-19T14:27:00.000,I 75,I 75 and Wade Green Rd,,Sideswipe-Same Direction,4,Clear,Dry,Daylight
2023-03-25T21:10:00.000,I 75,I 75 and Wade Green Rd,,Sideswipe-Same Direction,1,Clear,Dry,Dark-Not Lighted
2023-11-07T08:44:00.000,I 75,I 75 and Wade Green Rd,,Rear End,2,Clear,Dry,Daylight
2023-03-12T06:37:00.000,I 75,I 75 and Wade Green Rd,,Not a Collision with Motor Vehicle,1,Rain,Wet,Dawn
2023-04-16T01:39:00.000,I 75,I 75 and Wade Green Rd,,Rear End,1,Cloudy,Dry,Dark-Not Lighted
2023-12-09T12:05:00.000,I 75,I 75 and Wade Green Rd,,Sideswipe-Same Direction,2,Rain,Wet,Daylight
2023-09-25T09:18:00.000,I 75,I 75 and Wade Green Rd,,Rear End,2,Clear,Dry,Daylight
2023-02-13T22:55:00.000,I 75,I 75 and Wade Green Rd,,Not a Collision with Motor Vehicle,1,Clear,Dry,Dark-Not Lighted
2023-10-06T14:29:00.000,I 75,I 75 and Wade Green Rd,,Rear End,2,Cloudy,Dry,Daylight
2023-11-02T02:17:00.000,I 75,I 75 and Wade Green Rd,,Sideswipe-Same Direction,2,Clear,Dry,Dark-Lighted
2023-12-15T17:36:00.000,I 75,I 75 and Wade Green Rd,,Rear End,2,Clear,Dry,Dawn
2023-03-01T12:47:00.000,I 75,I 75 and Wade Green Rd,,Rear End,2,Clear,Dry,Daylight
2023-09-06T18:00:00.000,I 75,I 75 and Wade Green Rd,,Rear End,2,Clear,Dry,Daylight
2023-09-21T09:05:00.000,I 75,I 75 and Wade Green Rd,,Sideswipe-Same Direction,2,Clear,Dry,Daylight
2023-09-20T16:53:00.000,I 75,I 75 and Wade Green Rd,,Sideswipe-Same Direction,2,Clear,Dry,Daylight
2023-12-12T18:00:00.000,I 75,I 75 and Wade Green Rd,,Not a Collision with Motor Vehicle,1,Clear,Dry,Dark-Not Lighted
2023-09-08T19:38:00.000,I 75,I 75 and Wade Green Rd,,Rear End,2,Clear,Dry,Daylight
2023-03-31T23:31:00.000,I 75,I 75 and Wade Green Rd,,Sideswipe-Same Direction,2,Clear,Dry,Dark-Not Lighted
2023-10-04T18:12:00.000,I 75,I 75 and Wade Green Rd,,Rear End,2,Clear,Dry,Daylight
2023-09-14T09:00:00.000,I 75,I 75 and Wade Green Rd,,Sideswipe-Same Direction,2,Clear,Dry,Daylight
2023-04-10T04:33:00.000,I 75,I 75 and Wade Green Rd,,Sideswipe-Same Direction,1,Clear,Dry,Dark-Not Lighted
2023-08-11T21:45:00.000,I 75,I 75 and Wade Green Rd,,Sideswipe-Same Direction,2,Clear,Dry,Dark-Lighted
2023-10-21T13:30:00.000,I 75,I 75 and Wade Green Rd,,Sideswipe-Same Direction,2,Clear,Dry,Daylight
2023-12-10T19:30:00.000,I 75,I 75 and Wade Green Rd,,Sideswipe-Same Direction,2,Clear,Dry,Dark-Not Lighted
2023-09-23T17:47:00.000,I 75,I 75 and Wade Green Rd,,Rear End,2,Clear,Dry,Daylight
2023-08-12T12:31:00.000,I 75,I 75 and Wade Green Rd,,Rear End,2,Clear,Dry,Daylight
2023-11-22T14:13:00.000,I 75,I 75 and Wade Green Rd,,Sideswipe-Same Direction,2,Cloudy,Dry,Daylight
2023-11-10T06:45:00.000,I 75,I 75 and Wade Green Rd,,Not a Collision with Motor Vehicle,1,Clear,Dry,Dark-Not Lighted
2023-09-28T10:45:00.000,I 75,I 75 and Wade Green Rd,,Rear End,2,Clear,Dry,Daylight
2023-06-21T07:01:00.000,I 75,I 75 and Wade Green Rd,,Angle Crash,2,Cloudy,Dry,Daylight
2023-10-11T17:43:00.000,I 75,I 75 and Wade Green Rd,,Rear End,2,Rain,Wet,Daylight
2023-06-27T15:17:00.000,I 75,I 75 and Wade Green Rd,,Rear End,2,Clear,Dry,Daylight
2023-10-06T19:55:00.000,I 75,I 75 and Wade Green Rd,,Rear End,2,Rain,Wet,Dark-Not Lighted
2023-09-12T16:00:00.000,I 75,I 75 and Wade Green Rd,,Sideswipe-Same Direction,2,Clear,Dry,Daylight
2023-08-15T11:20:00.000,I 75,I 75 and Wade Green Rd,,Sideswipe-Same Direction,2,Cloudy,Dry,Daylight
2023-07-13T10:00:00.000,I 75,I 75 and Wade Green Rd,,Sideswipe-Same Direction,2,Clear,Dry,Daylight
2023-08-22T17:13:00.000,I 75,I 75 and Wade Green Rd,,Sideswipe-Same Direction,2,Clear,Dry,Daylight
2023-01-18T19:40:00.000,I 75,I 75 and Wade Green Rd,,Rear End,2,Cloudy,Wet,Dark-Not Lighted
2023-07-20T12:54:00.000,I 75,I 75 and Wade Green Rd,,Not a Collision with Motor Vehicle,1,Cloudy,Dry,Daylight
2022-12-16T13:30:00.000,I 75,I 75 and Wade Green Rd,,Rear End,2,Clear,Dry,Daylight
2022-06-21T18:57:00.000,I 75,I 75 and Wade Green Rd,,Rear End,2,Clear,Dry,Daylight
2022-09-09T06:47:00.000,I 75,I 75 and Wade Green Rd,,Rear End,2,Cloudy,Dry,Daylight
2022-07-27T19:30:00.000,I 75,I 75 and Wade Green Rd,,Rear End,2,Clear,Dry,Daylight
2022-12-09T15:18:00.000,I 75,I 75 and Wade Green Rd,,Rear End,2,Rain,Wet,Daylight
2023-12-16T05:36:00.000,I 75,I 75 and Wade Green Rd,,Not a Collision with Motor Vehicle,1,Clear,Dry,Dark-Not Lighted
2022-07-16T16:50:00.000,I 75,I 75 and Wade Green Rd,,Rear End,3,Clear,Dry,Daylight
2022-08-27T17:49:00.000,I 75,I 75 and Wade Green Rd,,Sideswipe-Same Direction,2,Clear,Dry,Daylight
2023-02-17T13:00:00.000,I 75,I 75 and Wade Green Rd,,Sideswipe-Same Direction,2,Clear,Dry,Daylight
2023-07-02T00:05:00.000,I 75,I 75 and Wade Green Rd,,Rear End,2,Cloudy,Dry,Dark-Not Lighted
2023-09-06T08:03:00.000,I 75,I 75 and Wade Green Rd,,Angle Crash,2,Cloudy,Dry,Daylight
2024-12-28T12:40:00.000,I 75,I 75 and Wade Green Rd,,Rear End,2,Cloudy,Wet,Daylight
2020-06-19T22:50:00.000,I 75,I 75 and Wade Green Rd,,Not a Collision with Motor Vehicle,1,Cloudy,Dry,Dark-Not Lighted
2020-08-28T16:40:00.000,I 75,I 75 and Wade Green Rd,,Rear End,2,Cloudy,Dry,Daylight
2020-12-19T19:10:00.000,I 75,I 75 and Wade Green Rd,,Sideswipe-Same Direction,2,Cloudy,Dry,Dark-Not Lighted
2020-11-14T13:30:00.000,I 75,I 75 and Wade Green Rd,,Sideswipe-Same Direction,2,Clear,Dry,Daylight
2020-09-08T01:20:00.000,I 75,I 75 and Wade Green Rd,,Sideswipe-Same Direction,2,Clear,Dry,Dark-Lighted
2020-07-09T20:30:00.000,I 75,I 75 and Wade Green Rd,,Not a Collision with Motor Vehicle,1,Rain,Water (standing or moving),Daylight
2020-12-22T21:52:00.000,I 75,I 75 and Wade Green Rd,,Rear End,2,Clear,Dry,Dark-Lighted
2020-02-08T05:01:00.000,I 75,I 75 and Wade Green Rd,,Sideswipe-Same Direction,2,Clear,Dry,Dark-Not Lighted
2020-09-30T17:28:00.000,I 75,I 75 and Wade Green Rd,,Rear End,2,Clear,Dry,Daylight
2020-08-01T09:18:00.000,I 75,I 75 and Wade Green Rd,,Sideswipe-Same Direction,2,Cloudy,Dry,Daylight
2020-01-15T09:10:00.000,I 75,I 75 and Wade Green Rd,,Not a Collision with Motor Vehicle,1,Clear,Dry,Daylight
2020-12-09T18:00:00.000,I 75,I 75 and Wade Green Rd,,Rear End,2,Clear,Dry,Dark-Not Lighted
2020-07-31T22:36:00.000,I 75,I 75 and Wade Green Rd,,Rear End,2,Clear,Dry,Dark-Lighted
2020-01-17T17:36:00.000,I 75,I 75 and Wade Green Rd,,Rear End,2,Cloudy,Dry,Daylight
2020-01-09T07:09:00.000,I 75,I 75 and Wade Green Rd,,Rear End,2,Cloudy,Dry,Daylight
2020-01-29T15:09:00.000,I 75,I 75 and Wade Green Rd,,Sideswipe-Same Direction,1,Cloudy,Dry,Daylight
2020-10-31T13:05:00.000,I 75,I 75 and Wade Green Rd,,Not a Collision with Motor Vehicle,1,Clear,Dry,Daylight
2020-07-26T15:24:00.000,I 75,I 75 and Wade Green Rd,,Sideswipe-Same Direction,2,Cloudy,Dry,Daylight
2020-03-15T01:05:00.000,I 75,I 75 and Wade Green Rd,,Not a Collision with Motor Vehicle,1,Cloudy,Dry,Dark-Not Lighted
2020-05-03T09:00:00.000,I 75,I 75 and Wade Green Rd,,Rear End,2,Clear,Dry,Daylight
2020-09-21T10:50:00.000,I 75,I 75 and Wade Green Rd,,Sideswipe-Same Direction,2,Clear,Dry,Daylight
2020-08-31T16:05:00.000,I 75,I 75 and Wade Green Rd,,Head On,2,Cloudy,Dry,Daylight
2020-07-31T22:32:00.000,I 75,I 75 and Wade Green Rd,,Rear End,3,Clear,Dry,Dark-Not Lighted
2020-11-22T11:42:00.000,I 75,I 75 and Wade Green Rd,,Angle Crash,2,Clear,Dry,Daylight
2020-06-28T13:41:00.000,I 75,I 75 and Wade Green Rd,,Rear End,2,Clear,Dry,Daylight
2020-02-14T17:47:00.000,I 75,I 75 and Wade Green Rd,,Sideswipe-Same Direction,2,Clear,Dry,Daylight
2020-11-16T10:23:00.000,I 75,I 75 and Wade Green Rd,,Not a Collision with Motor Vehicle,1,Clear,Dry,Daylight
2020-02-07T20:07:00.000,I 75,I 75 and Wade Green Rd,,Sideswipe-Same Direction,2,Cloudy,Dry,Dark-Not Lighted
2020-11-21T21:54:00.000,I 75,I 75 and Wade Green Rd,,Sideswipe-Same Direction,1,Clear,Dry,Dark-Lighted
2020-12-13T14:15:00.000,I 75,I 75 and Wade Green Rd,,Sideswipe-Same Direction,2,Clear,Dry,Daylight
2020-07-15T12:45:00.000,I 75,I 75 and Wade Green Rd,,Rear End,2,Clear,Dry,Daylight
2020-01-26T17:40:00.000,I 75,I 75 and Wade Green Rd,,Angle Crash,2,Cloudy,Dry,Dusk
2020-02-29T13:51:00.000,I 75,I 75 and Wade Green Rd,,Sideswipe-Same Direction,2,Clear,Dry,Daylight
2020-09-19T14:48:00.000,I 75,I 75 and Wade Green Rd,,Rear End,2,Clear,Dry,Daylight
2020-10-04T17:09:00.000,I 75,I 75 and Wade Green Rd,,Sideswipe-Same Direction,2,Clear,Dry,Daylight
2020-08-19T19:35:00.000,I 75,I 75 and Wade Green Rd,,Not a Collision with Motor Vehicle,1,Rain,Wet,Daylight
2020-05-01T19:28:00.000,I 75,I 75 and Wade Green Rd,,Sideswipe-Same Direction,4,Clear,Dry,Daylight
2020-12-16T15:00:00.000,I 75,I 75 and Wade Green Rd,,Sideswipe-Same Direction,2,Rain,Wet,Daylight
2020-06-11T05:36:00.000,I 75,I 75 and Wade Green Rd,,Rear End,2,Clear,Dry,Dawn
2020-07-09T20:18:00.000,I 75,I 75 and Wade Green Rd,,Angle Crash,2,Rain,Wet,Daylight
2020-11-05T10:50:00.000,I 75,I 75 and Wade Green Rd,,Not a Collision with Motor Vehicle,2,Clear,Dry,Daylight
2020-11-13T13:24:00.000,I 75,I 75 and Wade Green Rd,,Sideswipe-Same Direction,2,Cloudy,Dry,Daylight
2020-12-12T19:23:00.000,I 75,I 75 and Wade Green Rd,,Rear End,2,Rain,Wet,Dark-Lighted
2020-07-21T16:39:00.000,I 75,I 75 and Wade Green Rd,,Angle Crash,3,Cloudy,Dry,Daylight
2020-08-30T13:26:00.000,I 75,I 75 and Wade Green Rd,,Angle Crash,2,Clear,Dry,Daylight
2020-11-13T16:51:00.000,I 75,I 75 and Wade Green Rd,,Sideswipe-Same Direction,2,Clear,Dry,Daylight
2020-12-21T15:40:00.000,I 75,I 75 and Wade Green Rd,,Sideswipe-Same Direction,2,Clear,Dry,Daylight
2020-03-01T16:50:00.000,I 75,I 75 and Wade Green Rd,,Angle Crash,2,Clear,Dry,Daylight
2020-07-09T12:32:00.000,I 75,I 75 and Wade Green Rd,,Sideswipe-Same Direction,2,Clear,Dry,Daylight
2020-05-03T19:28:00.000,I 75,I 75 and Wade Green Rd,,Rear End,2,Clear,Dry,Daylight
2020-11-24T02:37:00.000,I 75,I 75 and Wade Green Rd,,Not a Collision with Motor Vehicle,1,Clear,Dry,Dark-Lighted
2020-03-06T20:23:00.000,I 75,I 75 and Wade Green Rd,,Angle Crash,3,Clear,Dry,Daylight
2020-10-31T14:27:00.000,I 75,I 75 and Wade Green Rd,,Rear End,2,Clear,Dry,Daylight
2020-10-04T17:15:00.000,I 75,I 75 and Wade Green Rd,,Rear End,2,Clear,Dry,Daylight
2020-07-29T16:05:00.000,I 75,I 75 and Wade Green Rd,,Sideswipe-Same Direction,2,Clear,Dry,Daylight
2020-09-04T04:06:00.000,I 75,I 75 and Wade Green Rd,,Sideswipe-Same Direction,2,Clear,Dry,Dark-Lighted
2020-01-30T04:10:00.000,I 75,I 75 and Wade Green Rd,,Not a Collision with Motor Vehicle,1,Cloudy,Dry,Dark-Not Lighted
2020-08-29T10:24:00.000,I 75,I 75 and Wade Green Rd,,Rear End,2,Cloudy,Dry,Daylight
2020-12-21T08:45:00.000,I 75,I 75 and Wade Green Rd,,Rear End,2,Cloudy,Dry,Daylight
2020-02-22T09:38:00.000,I 75,I 75 and Wade Green Rd,,Not a Collision with Motor Vehicle,1,Clear,Dry,Daylight
2020-12-13T12:15:00.000,I 75,I 75 and Wade Green Rd,,Rear End,2,Clear,Dry,Daylight
2020-09-15T15:00:00.000,I 75,I 75 and Wade Green Rd,,Sideswipe-Same Direction,3,Clear,Dry,Daylight
2020-12-11T22:28:00.000,I 75,I 75 and Wade Green Rd,,Not a Collision with Motor Vehicle,1,Clear,Dry,Dark-Lighted
2020-08-31T17:21:00.000,I 75,I 75 and Wade Green Rd,,Rear End,2,Cloudy,Dry,Daylight
2020-05-23T02:52:00.000,I 75,I 75 and Wade Green Rd,,Not a Collision with Motor Vehicle,1,Cloudy,Dry,Dark-Lighted
2020-01-06T12:40:00.000,I 75,I 75 and Wade Green Rd,,Not a Collision with Motor Vehicle,1,Clear,Dry,Daylight
2020-01-08T09:40:00.000,I 75,I 75 and Wade Green Rd,,Sideswipe-Same Direction,2,Clear,Dry,Daylight
2020-12-15T17:04:00.000,I 75,I 75 and Wade Green Rd,,Rear End,2,Cloudy,Dry,Daylight
2020-05-01T19:28:00.000,I 75,I 75 and Wade Green Rd,,Sideswipe-Same Direction,4,Clear,Dry,Daylight
2020-11-18T19:57:00.000,I 75,I 75 and Wade Green Rd,,Rear End,2,Clear,Dry,Dark-Not Lighted
2020-05-22T15:50:00.000,I 75,I 75 and Wade Green Rd,,Sideswipe-Same Direction,3,Cloudy,Dry,Daylight
2020-12-14T14:13:00.000,I 75,I 75 and Wade Green Rd,,Angle Crash,2,Cloudy,Dry,Daylight
2021-05-11T16:50:00.000,I 75,I 75 and Wade Green Rd,,Sideswipe-Same Direction,2,Cloudy,Dry,Daylight
2021-03-03T07:10:00.000,I 75,I 75 and Wade Green Rd,,Rear End,2,Clear,Wet,Daylight
2021-06-17T23:09:00.000,I 75,I 75 and Wade Green Rd,,Sideswipe-Same Direction,2,Clear,Dry,Dark-Lighted
2021-02-27T17:23:00.000,I 75,I 75 and Wade Green Rd,,Rear End,3,Clear,Dry,Daylight
2021-02-27T12:30:00.000,I 75,I 75 and Wade Green Rd,,Sideswipe-Same Direction,2,Cloudy,Dry,Daylight
2021-02-10T22:06:00.000,I 75,I 75 and Wade Green Rd,,Sideswipe-Same Direction,2,Clear,Dry,Dark-Lighted
2021-02-28T14:45:00.000,I 75,I 75 and Wade Green Rd,,Sideswipe-Same Direction,2,Cloudy,Dry,Daylight
2021-02-28T16:20:00.000,I 75,I 75 and Wade Green Rd,,Rear End,2,Cloudy,Dry,Daylight
2021-01-19T10:20:00.000,I 75,I 75 and Wade Green Rd,,Not a Collision with Motor Vehicle,1,Cloudy,Dry,Daylight
2021-03-09T17:23:00.000,I 75,I 75 and Wade Green Rd,,Rear End,2,Cloudy,Dry,Daylight
2021-02-27T12:02:00.000,I 75,I 75 and Wade Green Rd,,Sideswipe-Same Direction,2,Cloudy,Dry,Daylight
2021-05-03T14:06:00.000,I 75,I 75 and Wade Green Rd,,Not a Collision with Motor Vehicle,1,Rain,Wet,Daylight
2021-04-23T15:21:00.000,I 75,I 75 and Wade Green Rd,,Rear End,2,Clear,Dry,Daylight
2021-04-11T19:57:00.000,I 75,I 75 and Wade Green Rd,,Sideswipe-Same Direction,2,Clear,Dry,Dusk
2021-05-19T07:50:00.000,I 75,I 75 and Wade Green Rd,,Rear End,2,Cloudy,Dry,Daylight
2021-05-08T00:05:00.000,I 75,I 75 and Wade Green Rd,,Rear End,2,Clear,Dry,Dark-Not Lighted
2021-04-18T11:10:00.000,I 75,I 75 and Wade Green Rd,,Not a Collision with Motor Vehicle,1,Clear,Dry,Daylight
2021-04-28T16:56:00.000,I 75,I 75 and Wade Green Rd,,Sideswipe-Same Direction,2,Clear,Dry,Daylight
2021-03-05T09:57:00.000,I 75,I 75 and Wade Green Rd,,Sideswipe-Same Direction,2,Clear,Dry,Daylight
2021-08-11T18:15:00.000,I 75,I 75 and Wade Green Rd,,Rear End,2,Rain,Wet,Daylight
2021-09-23T11:21:00.000,I 75,I 75 and Wade Green Rd,,Sideswipe-Same Direction,2,Clear,Dry,Daylight
2021-09-07T07:30:00.000,I 75,I 75 and Wade Green Rd,,Sideswipe-Same Direction,2,Cloudy,Dry,Daylight
2021-12-16T15:42:00.000,I 75,I 75 and Wade Green Rd,,Sideswipe-Same Direction,2,Cloudy,Dry,Daylight
2021-09-21T16:00:00.000,I 75,I 75 and Wade Green Rd,,Sideswipe-Same Direction,2,Clear,Dry,Daylight
2021-12-02T18:35:00.000,I 75,I 75 and Wade Green Rd,,Rear End,2,Clear,Dry,Dark-Not Lighted
2021-09-08T14:20:00.000,I 75,I 75 and Wade Green Rd,,Rear End,2,Cloudy,Wet,Daylight
2021-08-13T09:54:00.000,I 75,I 75 and Wade Green Rd,,Rear End,2,Clear,Dry,Daylight
2021-08-19T17:01:00.000,I 75,I 75 and Wade Green Rd,,Rear End,2,Rain,Wet,Daylight
2021-11-11T18:10:00.000,I 75,I 75 and Wade Green Rd,,Sideswipe-Same Direction,2,Rain,Wet,Dark-Not Lighted
2021-07-29T01:33:00.000,I 75,I 75 and Wade Green Rd,,Sideswipe-Same Direction,2,Clear,Dry,Dark-Not Lighted
2021-11-20T08:36:00.000,I 75,I 75 and Wade Green Rd,,Angle Crash,2,Clear,Dry,Daylight
2021-11-28T18:51:00.000,I 75,I 75 and Wade Green Rd,,Sideswipe-Same Direction,2,Clear,Dry,Dark-Lighted
2021-09-03T16:59:00.000,I 75,I 75 and Wade Green Rd,,Rear End,2,Cloudy,Dry,Daylight
2021-11-22T14:30:00.000,I 75,I 75 and Wade Green Rd,,Sideswipe-Same Direction,2,Clear,Dry,Daylight
2022-05-20T16:40:00.000,I 75,I 75 and Wade Green Rd,,Sideswipe-Same Direction,2,Clear,Dry,Daylight
2022-07-17T13:25:00.000,I 75,I 75 and Wade Green Rd,,Rear End,3,Clear,Dry,Daylight
2022-10-10T18:29:00.000,I 75,I 75 and Wade Green Rd,,Rear End,2,Clear,Dry,Daylight
2022-04-23T08:05:00.000,I 75,I 75 and Wade Green Rd,,Sideswipe-Same Direction,2,Clear,Dry,Daylight
2021-11-12T18:06:00.000,I 75,I 75 and Wade Green Rd,,Rear End,2,Clear,Dry,Dark-Not Lighted
2021-10-06T16:20:00.000,I 75,I 75 and Wade Green Rd,,Rear End,2,Cloudy,Dry,Daylight
2021-11-12T18:57:00.000,I 75,I 75 and Wade Green Rd,,Rear End,2,Clear,Dry,Dark-Not Lighted
2021-11-19T14:04:00.000,I 75,I 75 and Wade Green Rd,,Head On,2,Clear,Dry,Daylight
2021-08-01T17:34:00.000,I 75,I 75 and Wade Green Rd,,Angle Crash,2,Clear,Dry,Daylight
2021-09-25T06:20:00.000,I 75,I 75 and Wade Green Rd,,Rear End,2,Clear,Dry,Daylight
2021-07-23T22:05:00.000,I 75,I 75 and Wade Green Rd,,Sideswipe-Same Direction,2,Clear,Dry,Dark-Not Lighted
2021-10-08T17:15:00.000,I 75,I 75 and Wade Green Rd,,Rear End,2,Clear,Dry,Daylight
2021-09-28T22:40:00.000,I 75,I 75 and Wade Green Rd,,Not a Collision with Motor Vehicle,2,Clear,Dry,Dark-Not Lighted
2022-04-23T10:12:00.000,I 75,I 75 and Wade Green Rd,,Sideswipe-Same Direction,2,Clear,Dry,Daylight
2022-01-02T13:26:00.000,I 75,I 75 and Wade Green Rd,,Angle Crash,3,Rain,Wet,Daylight
2022-03-28T14:05:00.000,I 75,I 75 and Wade Green Rd,,Rear End,2,Clear,Dry,Daylight
2022-07-16T09:00:00.000,I 75,I 75 and Wade Green Rd,,Rear End,2,Clear,Dry,Daylight
2022-02-09T17:05:00.000,I 75,I 75 and Wade Green Rd,,Rear End,3,Clear,Dry,Daylight
2022-10-27T14:24:00.000,I 75,I 75 and Wade Green Rd,,Sideswipe-Same Direction,2,Clear,Dry,Daylight
2022-03-19T17:00:00.000,I 75,I 75 and Wade Green Rd,,Rear End,2,Clear,Dry,Daylight
2022-06-18T02:36:00.000,I 75,I 75 and Wade Green Rd,,Not a Collision with Motor Vehicle,1,Clear,Dry,Dark-Not Lighted
2022-03-07T09:01:00.000,I 75,I 75 and Wade Green Rd,,Sideswipe-Same Direction,2,Cloudy,Dry,Daylight