Date and Time,Roadway (From Crash Report),Intersection Name (from Crash Report),KABCO Severity,Manner of Collision (Crash Level) ,# of Vehicles per crash ,Weather Conditions (Crash Level),Surface Condition (Crash Level) ,Light Conditions (Crash Level)
2024-10-26T06:20:00.000,I 75,I 75 and Wade Green Rd,,Angle Crash,2,Clear,Dry,Daylight
2024-09-06T16:14:00.000,I 75,I 75 and Wade Green Rd,,Rear End,2,Cloudy,Dry,Daylight
2024-12-04T08:27:00.000,I 75,I 75 and Wade Green Rd,,Angle Crash,2,Clear,Dry,Daylight
2024-09-05T17:48:00.000,I 75,I 75 and Wade Green Rd,,Sideswipe-Same Direction,2,Cloudy,Dry,Daylight
2024-10-05T00:04:00.000,I 75,I 75 and Wade Green Rd,,Not a Collision with Motor Vehicle,1,Clear,Dry,Dark-Not Lighted
2024-03-23T17:17:00.000,I 75,I 75 and Wade Green Rd,,Not a Collision with Motor Vehicle,1,Cloudy,Dry,Daylight
2024-01-29T12:23:00.000,I 75,I 75 and Wade Green Rd,,Rear End,2,Clear,Dry,Daylight
2024-10-15T09:31:00.000,I 75,I 75 and Wade Green Rd,,Sideswipe-Same Direction,2,Clear,Dry,Daylight
2024-10-18T16:20:00.000,I 75,I 75 and Wade Green Rd,,Rear End,2,Clear,Dry,Daylight
2024-11-16T16:25:00.000,I 75,I 75 and Wade Green Rd,,Sideswipe-Same Direction,2,Clear,Dry,Daylight
2024-08-22T15:20:00.000,I 75,I 75 and Wade Green Rd,,Rear End,3,Clear,Dry,Daylight
2024-02-22T15:08:00.000,I 75,I 75 and Wade Green Rd,,Rear End,2,Cloudy,Dry,Daylight
2024-10-31T08:17:00.000,I 75,I 75 and Wade Green Rd,,Rear End,2,Clear,Dry,Daylight
2024-06-10T20:00:00.000,I 75,I 75 and Wade Green Rd,,Sideswipe-Same Direction,2,Clear,Dry,Daylight
2024-06-30T09:35:00.000,I 75,I 75 and Wade Green Rd,,Rear End,2,Clear,Dry,Daylight
2024-11-22T06:30:00.000,I 75,I 75 and Wade Green Rd,,Rear End,2,Clear,Dry,Dark-Not Lighted
2024-10-06T03:13:00.000,I 75,I 75 and Wade Green Rd,,Angle Crash,2,Clear,Dry,Dark-Lighted
2024-07-26T17:40:00.000,I 75,I 75 and Wade Green Rd,,Rear End,2,Clear,Dry,Daylight
2024-02-10T23:04:00.000,I 75,I 75 and Wade Green Rd,,Rear End,2,Rain,Wet,Dark-Not Lighted
2024-04-14T15:03:00.000,I 75,I 75 and Wade Green Rd,,Angle Crash,2,Clear,Dry,Dark-Not Lighted
2024-02-08T15:01:00.000,I 75,I 75 and Wade Green Rd,,Rear End,2,Clear,Dry,Daylight
2024-01-30T15:59:00.000,I 75,I 75 and Wade Green Rd,,Sideswipe-Same Direction,2,Clear,Dry,Daylight
2024-02-08T01:33:00.000,I 75,I 75 and Wade Green Rd,,Rear End,2,Clear,Dry,Dark-Not Lighted
2024-12-10T17:00:00.000,I 75,I 75 and Wade Green Rd,,Rear End,2,Rain,Wet,Daylight
2024-03-07T06:51:00.000,I 75,I 75 and Wade Green Rd,,Sideswipe-Same Direction,2,Clear,Wet,Daylight
2024-03-12T17:32:00.000,I 75,I 75 and Wade Green Rd,,Sideswipe-Same Direction,2,Clear,Dry,Daylight
2024-04-03T08:05:00.000,I 75,I 75 and Wade Green Rd,,Not a Collision with Motor Vehicle,1,Cloudy,Dry,Daylight
2024-05-29T11:45:00.000,I 75,I 75 and Wade Green Rd,,Rear End,2,Clear,Dry,Daylight
2024-12-11T23:21:00.000,I 75,I 75 and Wade Green Rd,,Rear End,2,Clear,Dry,Dark-Not Lighted
2024-05-08T13:53:00.000,I 75,I 75 and Wade Green Rd,,Sideswipe-Same Direction,2,Clear,Dry,Daylight
2024-05-11T20:11:00.000,I 75,I 75 and Wade Green Rd,,Not a Collision with Motor Vehicle,1,Clear,Dry,Daylight
2024-11-15T09:57:00.000,I 75,I 75 and Wade Green Rd,,Rear End,2,Cloudy,Dry,Daylight
2024-06-12T03:56:00.000,I 75,I 75 and Wade Green Rd,,Not a Collision with Motor Vehicle,1,Clear,Dry,Dark-Not Lighted
2024-05-05T06:00:00.000,I 75,I 75 and Wade Green Rd,,Not a Collision with Motor Vehicle,1,Rain,Wet,Dark-Not Lighted
2024-04-03T08:27:00.000,I 75,I 75 and Wade Green Rd,,Sideswipe-Same Direction,2,Cloudy,Dry,Daylight
2024-12-11T14:44:00.000,I 75,I 75 and Wade Green Rd,,Sideswipe-Same Direction,2,Clear,Dry,Daylight
2024-12-06T03:54:00.000,I 75,I 75 and Wade Green Rd,,Not a Collision with Motor Vehicle,2,Clear,Dry,Dark-Not Lighted
2024-11-27T18:27:00.000,I 75,I 75 and Wade Green Rd,,Rear End,2,Clear,Dry,Dark-Not Lighted
2024-09-24T18:01:00.000,I 75,I 75 and Wade Green Rd,,Rear End,2,Clear,Dry,Daylight
2024-01-31T09:38:00.000,I 75,I 75 and Wade Green Rd,,Sideswipe-Same Direction,2,Clear,Dry,Daylight
2024-04-24T08:00:00.000,I 75,I 75 and Wade Green Rd,,Rear End,2,Cloudy,Dry,Daylight
2024-02-02T09:26:00.000,I 75,I 75 and Wade Green Rd,,Rear End,2,Clear,Dry,Daylight
2024-06-05T19:22:00.000,I 75,I 75 and Wade Green Rd,,Sideswipe-Same Direction,2,Clear,Dry,Daylight
2024-05-14T02:30:00.000,I 75,I 75 and Wade Green Rd,,Sideswipe-Same Direction,2,Rain,Wet,Dark-Not Lighted
2024-10-08T11:36:00.000,I 75,I 75 and Wade Green Rd,,Rear End,2,Clear,Dry,Daylight
2024-09-03T16:11:00.000,I 75,I 75 and Wade Green Rd,,Sideswipe-Same Direction,3,Clear,Dry,Daylight
2024-04-13T09:57:00.000,I 75,I 75 and Wade Green Rd,,Rear End,2,Clear,Dry,Daylight
2024-05-11T03:23:00.000,I 75,I 75 and Wade Green Rd,,Rear End,3,Clear,Dry,Dark-Not Lighted
2024-04-20T19:00:00.000,I 75,I 75 and Wade Green Rd,,Sideswipe-Same Direction,2,Clear,Dry,Daylight
2024-06-25T11:11:00.000,I 75,I 75 and Wade Green Rd,,Sideswipe-Same Direction,2,Clear,Dry,Daylight
2024-02-28T09:00:00.000,I 75,I 75 and Wade Green Rd,,Sideswipe-Same Direction,2,Cloudy,Dry,Daylight
2024-12-06T18:07:00.000,I 75,I 75 and Wade Green Rd,,Rear End,3,Clear,Dry,Dark-Not Lighted
2024-12-19T11:30:00.000,I 75,I 75 and Wade Green Rd,,Rear End,3,Clear,Dry,Daylight
2024-12-04T09:29:00.000,I 75,I 75 and Wade Green Rd,,Rear End,2,Clear,Dry,Daylight
2024-04-19T16:03:00.000,I 75,I 75 and Wade Green Rd,,Rear End,2,Clear,Dry,Daylight
2024-10-26T16:36:00.000,I 75,I 75 and Wade Green Rd,,Angle Crash,2,Cloudy,Dry,Daylight
2024-03-13T17:33:00.000,I 75,I 75 and Wade Green Rd,,Rear End,2,Clear,Dry,Daylight
2024-05-24T19:00:00.000,I 75,I 75 and Wade Green Rd,,Sideswipe-Same Direction,2,Clear,Dry,Daylight
2024-11-13T08:16:00.000,I 75,I 75 and Wade Green Rd,,Rear End,2,Clear,Dry,Daylight
2024-07-15T07:50:00.000,I 75,I 75 and Wade Green Rd,,Rear End,2,Clear,Dry,Daylight
2021-03-21T01:49:00.000,I 75,I 75 and Wade Green Exit 273,,Not a Collision with Motor Vehicle,1,Clear,Dry,Dark-Not Lighted
2024-06-20T07:20:00.000,I 75,I 75 and Wade Green,,Rear End,3,Clear,Dry,Daylight
2023-04-13T17:40:00.000,I 75,I 75 and Wade Green,,Angle Crash,2,Rain,Wet,Daylight
2022-08-20T11:15:00.000,I 75,I 75 and Wade Greeen Rd,,Rear End,5,Cloudy,Dry,Daylight
2022-01-04T08:10:00.000,I 75,I 75 and W.Paces Ferry Rd,,Sideswipe-Same Direction,2,Clear,Dry,Daylight
2022-02-15T14:16:00.000,I 75,I 75 and W.Paces Ferry Rd,,Rear End,2,Clear,Dry,Daylight
2024-06-30T15:52:00.000,I 75,I 75 and W.Belmont Dr,,Rear End,2,Clear,Dry,Daylight
2022-11-29T08:20:00.000,I 75,I 75 and W. Paces Ferry Rd,,Rear End,3,Clear,Dry,Daylight
2023-04-04T14:40:00.000,I 75,I 75 and W. Mitchell St  Approx.,,Sideswipe-Same Direction,2,Cloudy,Dry,Daylight
2022-11-13T11:48:00.000,I 75,I 75 and W. Hill Ave,,Rear End,2,Clear,Dry,Daylight
2023-11-15T19:20:00.000,I 75,I 75 and W. Colquitt St,,Angle Crash,3,Rain,Wet,Dark-Not Lighted
2024-01-11T06:20:00.000,I 75,I 75 and W. Belmont Dr,,Rear End,2,Clear,Dry,Dark-Lighted
2024-11-22T14:20:00.000,I 75,I 75 and W. Belmont Dr,,Rear End,2,Cloudy,Dry,Daylight
2024-01-18T14:20:00.000,I 75,I 75 and W. Belmont Dr,,Rear End,2,Cloudy,Dry,Daylight
2022-05-17T04:00:00.000,I 75,I 75 and W White Rd. Over Pass,,Not a Collision with Motor Vehicle,1,Clear,Dry,Dark-Not Lighted
2023-10-07T13:20:00.000,I 75,I 75 and W White Rd. Over Pass,,Rear End,2,Clear,Dry,Daylight
2023-02-24T15:15:00.000,I 75,I 75 and W White Rd Over Pass,,Not a Collision with Motor Vehicle,1,Cloudy,Dry,Daylight
2023-05-30T00:20:00.000,I 75,I 75 and W White Rd Opas,,Angle Crash,2,Clear,Dry,Daylight
2023-06-22T09:00:00.000,I 75,I 75 and W White Rd,,Sideswipe-Same Direction,2,Cloudy,Wet,Daylight
2023-04-15T17:23:00.000,I 75,I 75 and W White Rd,,Sideswipe-Same Direction,2,Clear,Dry,Daylight
2023-08-04T07:09:00.000,I 75,I 75 and W White Rd,,Not a Collision with Motor Vehicle,1,Rain,Wet,Daylight
2023-05-14T05:30:00.000,I 75,I 75 and W White Rd,,Angle Crash,2,Clear,Dry,Dark-Lighted
2023-06-17T10:40:00.000,I 75,I 75 and W Whie Rd Over Pass,,Rear End,2,Clear,Dry,Daylight
2023-09-07T07:36:00.000,I 75,I 75 and W Wesley Rd,,Rear End,3,Clear,Dry,Daylight
2022-10-10T12:47:00.000,I 75,I 75 and W Wesley Rd,,Sideswipe-Same Direction,2,Clear,Dry,Daylight
2023-10-12T17:14:00.000,I 75,I 75 and W Wesley Rd,,Rear End,2,Clear,Dry,Daylight
2023-03-27T07:03:00.000,I 75,I 75 and W Wesley,,Not a Collision with Motor Vehicle,1,Rain,Wet,Dark-Not Lighted
2021-09-23T07:25:00.000,I 75,I 75 and W Walnut Ave,,Rear End,2,Clear,Dry,Daylight
2022-07-14T07:30:00.000,I 75,I 75 and W Walnut Ave,,Sideswipe-Same Direction,2,Clear,Dry,Daylight
2021-11-19T22:10:00.000,I 75,I 75 and W Walnut Ave,,Rear End,2,Clear,Dry,Dark-Not Lighted
2022-12-19T12:45:00.000,I 75,I 75 and W Walnut Ave,,Sideswipe-Same Direction,2,Cloudy,Dry,Daylight
2024-09-02T05:48:00.000,I 75,I 75 and W Walnut Ave,,Sideswipe-Same Direction,2,Clear,Dry,Dark-Not Lighted
2024-10-02T16:33:00.000,I 75,I 75 and W Walnut Ave,,Sideswipe-Same Direction,2,Clear,Dry,Daylight
2024-12-06T11:46:00.000,I 75,I 75 and W Walnut Ave,,Rear End,2,Clear,Dry,Daylight
2023-12-29T20:15:00.000,I 75,I 75 and W Perry Pkwy,,Sideswipe-Same Direction,2,Clear,Dry,Dark-Lighted
2023-03-21T07:40:00.000,I 75,I 75 and W Perry Pkwy,,Rear End,2,Clear,Dry,Daylight
2024-12-17T15:19:00.000,I 75,I 75 and W Perachtree St,,Rear End,2,Clear,Dry,Daylight
2023-10-30T17:10:00.000,I 75,I 75 and W Peachtree St Opas,,Sideswipe-Same Direction,2,Cloudy,Dry,Daylight
2024-10-06T17:03:00.000,I 75,I 75 and W Peachtree St Opas,,Sideswipe-Same Direction,2,Clear,Dry,Daylight
2024-04-11T07:48:00.000,I 75,I 75 and W Peachtree St Opas,,Rear End,2,Cloudy,Wet,Daylight
2021-01-07T14:45:00.000,I 75,I 75 and W Peachtree St,,Rear End,4,Cloudy,Dry,Daylight
2023-07-28T13:15:00.000,I 75,I 75 and W Peachtree St,,Sideswipe-Same Direction,2,Clear,Dry,Daylight
2023-09-11T17:20:00.000,I 75,I 75 and W Peachtree St,,Rear End,2,Clear,Dry,Daylight
2022-10-18T09:10:00.000,I 75,I 75 and W Peachtree St,,Rear End,2,Clear,Dry,Daylight
2022-09-06T13:00:00.000,I 75,I 75 and W Peachtree St,,Rear End,2,Clear,Dry,Daylight
2022-07-25T19:00:00.000,I 75,I 75 and W Peachtree St,,Rear End,2,Clear,Dry,Daylight
2022-03-29T16:30:00.000,I 75,I 75 and W Peachtree St,,Sideswipe-Same Direction,2,Clear,Dry,Daylight
2022-05-10T15:36:00.000,I 75,I 75 and W Peachtree St,,Rear End,2,Clear,Dry,Daylight
2022-10-18T08:46:00.000,I 75,I 75 and W Peachtree St,,Rear End,2,Clear,Dry,Daylight
2024-06-07T15:55:00.000,I 75,I 75 and W Peachtree St,,Sideswipe-Same Direction,2,Clear,Dry,Daylight
2024-06-09T03:51:00.000,I 75,I 75 and W Peachtree St,,Not a Collision with Motor Vehicle,2,Clear,Dry,Dark-Lighted
2024-04-05T13:45:00.000,I 75,I 75 and W Peachtree St,,Rear End,2,Clear,Dry,Daylight
2024-07-09T16:50:00.000,I 75,I 75 and W Peachtree St,,Rear End,3,Rain,Wet,Daylight
2023-06-29T07:07:00.000,I 75,I 75 and W Peachtree St,,Sideswipe-Same Direction,2,Clear,Dry,Daylight
2023-02-13T20:31:00.000,I 75,I 75 and W Peachtree St,,Sideswipe-Same Direction,2,Clear,Dry,Dark-Not Lighted
2024-08-26T12:48:00.000,I 75,I 75 and W Peachtree St,,Rear End,2,Clear,Dry,Daylight
2023-02-17T07:07:00.000,I 75,I 75 and W Peachtree Opas,,Sideswipe-Same Direction,2,Rain,Wet,Daylight
2023-04-07T14:52:00.000,I 75,I 75 and W Peachtree Opas,,Rear End,2,Clear,Dry,Daylight
2024-05-07T08:58:00.000,I 75,I 75 and W Peachtree,,Sideswipe-Same Direction,2,Clear,Dry,Daylight
2022-07-25T08:40:00.000,I 75,I 75 and W Paces Fry,,Sideswipe-Same Direction,3,Cloudy,Dry,Daylight
2022-01-27T10:50:00.000,I 75,I 75 and W Paces Fry,,Sideswipe-Same Direction,2,Clear,Dry,Daylight
2023-05-09T15:50:00.000,I 75,I 75 and W Paces Fry,,Rear End,2,Clear,Dry,Daylight
2023-07-11T17:10:00.000,I 75,I 75 and W Paces Fry,,Rear End,2,Clear,Dry,Daylight
2023-03-09T14:20:00.000,I 75,I 75 and W Paces Fry,,Rear End,2,Cloudy,Wet,Daylight
2024-01-09T16:10:00.000,I 75,I 75 and W Paces Fry,,Not a Collision with Motor Vehicle,1,Cloudy,Dry,Daylight
2024-11-19T08:48:00.000,I 75,I 75 and W Paces Fry,,Not a Collision with Motor Vehicle,1,Cloudy,Wet,Daylight
2024-03-14T07:50:00.000,I 75,I 75 and W Paces Fry,,Rear End,2,Clear,Dry,Daylight
2022-05-19T16:35:00.000,I 75,I 75 and W Paces Ferry Road Opas,,Angle Crash,2,Clear,Dry,Daylight
2022-05-19T16:25:00.000,I 75,I 75 and W Paces Ferry Road Opas,,Rear End,2,Clear,Dry,Daylight
2023-02-21T10:50:00.000,I 75,I 75 and W Paces Ferry Rd.,,Sideswipe-Same Direction,2,Rain,Wet,Daylight
2023-09-18T17:02:00.000,I 75,I 75 and W Paces Ferry Rd.,,Rear End,2,Clear,Dry,Daylight
2021-06-09T18:10:00.000,I 75,I 75 and W Paces Ferry Rd,,Sideswipe-Same Direction,2,Cloudy,Wet,Daylight
2021-09-10T09:10:00.000,I 75,I 75 and W Paces Ferry Rd,,Sideswipe-Same Direction,2,Clear,Dry,Daylight
2021-07-14T09:03:00.000,I 75,I 75 and W Paces Ferry Rd,,Not a Collision with Motor Vehicle,1,Clear,Dry,Daylight
2021-06-10T08:35:00.000,I 75,I 75 and W Paces Ferry Rd,,Rear End,2,Cloudy,Dry,Daylight
2021-06-10T08:48:00.000,I 75,I 75 and W Paces Ferry Rd,,Rear End,2,Cloudy,Dry,Daylight
2021-06-10T16:11:00.000,I 75,I 75 and W Paces Ferry Rd,,Sideswipe-Same Direction,2,Cloudy,Dry,Daylight
2021-04-13T07:47:00.000,I 75,I 75 and W Paces Ferry Rd,,Sideswipe-Same Direction,3,Clear,Dry,Daylight
2021-11-22T07:15:00.000,I 75,I 75 and W Paces Ferry Rd,,Not a Collision with Motor Vehicle,1,Cloudy,Wet,Daylight
2021-10-28T08:40:00.000,I 75,I 75 and W Paces Ferry Rd,,Rear End,2,Rain,Wet,Daylight
2021-12-20T18:03:00.000,I 75,I 75 and W Paces Ferry Rd,,Rear End,2,Cloudy,Dry,Dark-Not Lighted
2021-09-23T08:20:00.000,I 75,I 75 and W Paces Ferry Rd,,Rear End,2,Clear,Dry,Daylight
2021-01-09T19:29:00.000,I 75,I 75 and W Paces Ferry Rd,,Sideswipe-Same Direction,2,Clear,Dry,Dark-Lighted
2021-06-09T17:22:00.000,I 75,I 75 and W Paces Ferry Rd,,Sideswipe-Same Direction,2,Rain,Wet,Daylight
2021-05-31T00:03:00.000,I 75,I 75 and W Paces Ferry Rd,,Head On,2,Clear,Dry,Dark-Not Lighted
2021-05-18T10:30:00.000,I 75,I 75 and W Paces Ferry Rd,,Not a Collision with Motor Vehicle,2,Cloudy,Dry,Daylight
2020-03-25T09:18:00.000,I 75,I 75 and W Paces Ferry Rd,,Rear End,2,Clear,Dry,Daylight
2020-03-18T16:42:00.000,I 75,I 75 and W Paces Ferry Rd,,Sideswipe-Same Direction,2,Clear,Dry,Daylight
2020-06-27T22:35:00.000,I 75,I 75 and W Paces Ferry Rd,,Rear End,2,Clear,Wet,Dark-Lighted
2023-07-25T16:19:00.000,I 75,I 75 and W Paces Ferry Rd,,Sideswipe-Same Direction,2,Clear,Dry,Daylight
2023-10-03T09:10:00.000,I 75,I 75 and W Paces Ferry Rd,,Not a Collision with Motor Vehicle,1,Clear,Dry,Daylight
2023-04-18T17:20:00.000,I 75,I 75 and W Paces Ferry Rd,,Rear End,2,Clear,Dry,Daylight
2023-05-19T18:42:00.000,I 75,I 75 and W Paces Ferry Rd,,Sideswipe-Same Direction,2,Clear,Dry,Daylight
2023-11-02T14:02:00.000,I 75,I 75 and W Paces Ferry Rd,,Sideswipe-Same Direction,3,Clear,Dry,Daylight
2023-01-27T11:16:00.000,I 75,I 75 and W Paces Ferry Rd,,Sideswipe-Same Direction,2,Clear,Dry,Daylight
2023-12-05T14:30:00.000,I 75,I 75 and W Paces Ferry Rd,,Sideswipe-Same Direction,2,Clear,Dry,Daylight
2023-06-01T08:52:00.000,I 75,I 75 and W Paces Ferry Rd,,Sideswipe-Same Direction,3,Clear,Dry,Daylight
2023-06-22T13:00:00.000,I 75,I 75 and W Paces Ferry Rd,,Not a Collision with Motor Vehicle,1,Cloudy,Wet,Daylight
2023-12-19T08:49:00.000,I 75,I 75 and W Paces Ferry Rd,,Rear End,2,Clear,Dry,Daylight
2023-09-05T16:56:00.000,I 75,I 75 and W Paces Ferry Rd,,Rear End,2,Clear,Dry,Daylight
2023-07-18T14:35:00.000,I 75,I 75 and W Paces Ferry Rd,,Sideswipe-Same Direction,2,Cloudy,Dry,Daylight
2023-03-21T17:00:00.000,I 75,I 75 and W Paces Ferry Rd,,Rear End,2,Clear,Dry,Daylight
2023-01-10T17:34:00.000,I 75,I 75 and W Paces Ferry Rd,,Rear End,2,Cloudy,Dry,Dusk
2023-02-07T12:40:00.000,I 75,I 75 and W Paces Ferry Rd,,Sideswipe-Same Direction,2,Clear,Dry,Daylight
2023-03-13T19:00:00.000,I 75,I 75 and W Paces Ferry Rd,,Not a Collision with Motor Vehicle,1,Clear,Dry,Daylight
2022-10-13T17:51:00.000,I 75,I 75 and W Paces Ferry Rd,,Rear End,2,Clear,Dry,Daylight
2022-10-13T19:19:00.000,I 75,I 75 and W Paces Ferry Rd,,Sideswipe-Same Direction,2,Clear,Dry,Dark-Not Lighted
2022-08-08T17:28:00.000,I 75,I 75 and W Paces Ferry Rd,,Rear End,2,Cloudy,Dry,Daylight
2022-12-30T17:14:00.000,I 75,I 75 and W Paces Ferry Rd,,Not a Collision with Motor Vehicle,1,Cloudy,Dry,Dark-Not Lighted
2020-12-07T09:30:00.000,I 75,I 75 and W Paces Ferry Rd,,Sideswipe-Same Direction,2,Clear,Dry,Daylight
2020-08-19T15:51:00.000,I 75,I 75 and W Paces Ferry Rd,,Rear End,2,Clear,Dry,Daylight
2020-10-09T19:36:00.000,I 75,I 75 and W Paces Ferry Rd,,Not a Collision with Motor Vehicle,1,Rain,Wet,Dark-Lighted
2020-02-19T09:15:00.000,I 75,I 75 and W Paces Ferry Rd,,Rear End,2,Cloudy,Wet,Daylight
2020-10-06T20:27:00.000,I 75,I 75 and W Paces Ferry Rd,,Sideswipe-Same Direction,2,Clear,Dry,Dark-Lighted
2020-03-24T13:26:00.000,I 75,I 75 and W Paces Ferry Rd,,Rear End,2,Cloudy,Wet,Daylight
2020-02-06T08:45:00.000,I 75,I 75 and W Paces Ferry Rd,,Rear End,2,Rain,Wet,Daylight
2020-02-19T09:56:00.000,I 75,I 75 and W Paces Ferry Rd,,Rear End,3,Cloudy,Wet,Daylight
2020-03-14T21:39:00.000,I 75,I 75 and W Paces Ferry Rd,,Sideswipe-Same Direction,2,Clear,Dry,Dark-Lighted
2020-12-05T14:23:00.000,I 75,I 75 and W Paces Ferry Rd,,Sideswipe-Same Direction,2,Clear,Dry,Daylight
2020-11-20T14:36:00.000,I 75,I 75 and W Paces Ferry Rd,,Not a Collision with Motor Vehicle,1,Clear,Dry,Daylight
2020-02-19T07:27:00.000,I 75,I 75 and W Paces Ferry Rd,,Rear End,2,Rain,Wet,Daylight
2020-12-13T13:30:00.000,I 75,I 75 and W Paces Ferry Rd,,Sideswipe-Same Direction,2,Clear,Dry,Daylight
2020-03-13T16:56:00.000,I 75,I 75 and W Paces Ferry Rd,,Rear End,2,Cloudy,Wet,Daylight
2020-09-25T05:26:00.000,I 75,I 75 and W Paces Ferry Rd,,Not a Collision with Motor Vehicle,1,Rain,Wet,Dark-Lighted
2020-09-01T06:20:00.000,I 75,I 75 and W Paces Ferry Rd,,Angle Crash,2,Clear,Dry,Dusk
2020-11-14T19:08:00.000,I 75,I 75 and W Paces Ferry Rd,,Rear End,2,Clear,Dry,Dark-Lighted
2020-11-02T13:56:00.000,I 75,I 75 and W Paces Ferry Rd,,Sideswipe-Same Direction,2,Clear,Dry,Daylight
2020-10-14T23:28:00.000,I 75,I 75 and W Paces Ferry Rd,,Rear End,2,Clear,Dry,Dark-Lighted
2020-07-07T16:00:00.000,I 75,I 75 and W Paces Ferry Rd,,Sideswipe-Same Direction,3,Clear,Dry,Daylight
2020-08-04T02:29:00.000,I 75,I 75 and W Paces Ferry Rd,,Rear End,2,Clear,Dry,Dark-Lighted
2020-09-04T07:28:00.000,I 75,I 75 and W Paces Ferry Rd,,Sideswipe-Same Direction,2,Clear,Dry,Daylight
2020-08-12T13:45:00.000,I 75,I 75 and W Paces Ferry Rd,,Angle Crash,2,Rain,Wet,Daylight
2020-10-12T17:57:00.000,I 75,I 75 and W Paces Ferry Rd,,Angle Crash,3,Clear,Dry,Daylight
2020-03-04T08:02:00.000,I 75,I 75 and W Paces Ferry Rd,,Sideswipe-Same Direction,2,Cloudy,Dry,Daylight
2020-10-24T16:58:00.000,I 75,I 75 and W Paces Ferry Rd,,Rear End,2,Rain,Wet,Dusk
2020-02-15T12:06:00.000,I 75,I 75 and W Paces Ferry Rd,,Rear End,2,Clear,Dry,Daylight
2020-01-29T19:44:00.000,I 75,I 75 and W Paces Ferry Rd,,Sideswipe-Same Direction,2,Clear,Dry,Dark-Lighted
2020-03-09T07:51:00.000,I 75,I 75 and W Paces Ferry Rd,,Rear End,2,Clear,Dry,Daylight
2020-08-13T20:32:00.000,I 75,I 75 and W Paces Ferry Rd,,Not a Collision with Motor Vehicle,1,Rain,Wet,Dark-Lighted
2020-07-01T19:17:00.000,I 75,I 75 and W Paces Ferry Rd,,Sideswipe-Same Direction,2,Clear,Dry,Daylight
2020-07-26T19:03:00.000,I 75,I 75 and W Paces Ferry Rd,,Angle Crash,1,Clear,Dry,Daylight
2020-06-10T00:03:00.000,I 75,I 75 and W Paces Ferry Rd,,Angle Crash,2,Cloudy,Wet,Dark-Lighted
2020-10-09T20:06:00.000,I 75,I 75 and W Paces Ferry Rd,,Rear End,2,Rain,Wet,Dark-Lighted
2020-10-09T20:07:00.000,I 75,I 75 and W Paces Ferry Rd,,Not a Collision with Motor Vehicle,1,Rain,Wet,Dark-Lighted
2021-10-26T17:24:00.000,I 75,I 75 and W Paces Ferry Rd,,Rear End,3,Clear,Dry,Daylight
2021-10-05T08:57:00.000,I 75,I 75 and W Paces Ferry Rd,,Angle Crash,2,Rain,Wet,Daylight
2021-08-13T15:47:00.000,I 75,I 75 and W Paces Ferry Rd,,Rear End,2,Clear,Dry,Daylight
2021-10-26T07:30:00.000,I 75,I 75 and W Paces Ferry Rd,,Rear End,4,Clear,Dry,Dawn
2021-10-01T11:40:00.000,I 75,I 75 and W Paces Ferry Rd,,Sideswipe-Same Direction,2,Cloudy,Dry,Daylight
2021-10-21T12:50:00.000,I 75,I 75 and W Paces Ferry Rd,,Not a Collision with Motor Vehicle,1,Clear,Dry,Daylight
2021-10-05T09:15:00.000,I 75,I 75 and W Paces Ferry Rd,,Rear End,3,Rain,Wet,Daylight
2021-07-27T17:56:00.000,I 75,I 75 and W Paces Ferry Rd,,Rear End,3,Cloudy,Dry,Daylight
2022-04-28T08:29:00.000,I 75,I 75 and W Paces Ferry Rd,,Rear End,2,Clear,Dry,Daylight
2022-07-28T06:44:00.000,I 75,I 75 and W Paces Ferry Rd,,Not a Collision with Motor Vehicle,1,Clear,Dry,Daylight
2022-05-10T09:05:00.000,I 75,I 75 and W Paces Ferry Rd,,Rear End,2,Clear,Dry,Daylight
2022-07-07T17:38:00.000,I 75,I 75 and W Paces Ferry Rd,,Rear End,2,Cloudy,Dry,Daylight
2022-04-25T18:59:00.000,I 75,I 75 and W Paces Ferry Rd,,Rear End,2,Clear,Dry,Daylight
2022-03-04T07:48:00.000,I 75,I 75 and W Paces Ferry Rd,,Rear End,3,Clear,Dry,Daylight
2022-12-02T16:00:00.000,I 75,I 75 and W Paces Ferry Rd,,Rear End,3,Clear,Wet,Daylight
2022-09-20T17:57:00.000,I 75,I 75 and W Paces Ferry Rd,,Rear End,3,Clear,Dry,Daylight
2022-02-18T13:19:00.000,I 75,I 75 and W Paces Ferry Rd,,Rear End,2,Cloudy,Dry,Daylight
2022-06-21T19:10:00.000,I 75,I 75 and W Paces Ferry Rd,,Not a Collision with Motor Vehicle,2,Clear,Dry,Daylight
2022-05-17T09:30:00.000,I 75,I 75 and W Paces Ferry Rd,,Rear End,2,Clear,Dry,Daylight
2022-07-15T15:28:00.000,I 75,I 75 and W Paces Ferry Rd,,Sideswipe-Same Direction,2,Cloudy,Dry,Daylight
2022-04-28T08:47:00.000,I 75,I 75 and W Paces Ferry Rd,,Rear End,2,Clear,Dry,Daylight
2022-05-19T16:49:00.000,I 75,I 75 and W Paces Ferry Rd,,Rear End,2,Clear,Dry,Daylight
2022-06-06T08:35:00.000,I 75,I 75 and W Paces Ferry Rd,,Rear End,2,Clear,Dry,Daylight
2022-03-21T07:24:00.000,I 75,I 75 and W Paces Ferry Rd,,Rear End,2,Clear,Dry,Daylight