Date and Time,Roadway (From Crash Report),Intersection Name (from Crash Report),KABCO Severity,Manner of Collision (Crash Level) ,# of Vehicles per crash ,Weather Conditions (Crash Level),Surface Condition (Crash Level) ,Light Conditions (Crash Level)
2022-11-17T13:59:00.000,I 75,I 75 and University Avenue On Rp,,Sideswipe-Same Direction,2,Clear,Dry,Daylight
2022-04-12T09:18:00.000,I 75,I 75 and University Avenue On Rp,,Rear End,2,Clear,Dry,Daylight
2022-02-18T13:23:00.000,I 75,I 75 and University Avenue On Rp,,Angle Crash,2,Clear,Dry,Daylight
2022-03-03T15:17:00.000,I 75,I 75 and University Avenue On Rp,,Angle Crash,2,Clear,Dry,Daylight
2022-12-08T11:51:00.000,I 75,I 75 and University Avenue On Rp,,Rear End,2,Clear,Dry,Daylight
2022-02-22T09:20:00.000,I 75,I 75 and University Avenue On Rp,,Rear End,2,Clear,Dry,Daylight
2022-11-29T14:34:00.000,I 75,I 75 and University Avenue On Rp,,Rear End,2,Clear,Dry,Daylight
2022-06-09T09:41:00.000,I 75,I 75 and University Avenue On Rp,,Angle Crash,2,Clear,Dry,Daylight
2022-04-19T18:36:00.000,I 75,I 75 and University Avenue On Rp,,Rear End,2,Clear,Dry,Daylight
2023-02-23T08:56:00.000,I 75,I 75 and University Avenue On Rp,,Rear End,2,Clear,Dry,Daylight
2021-10-22T07:24:00.000,I 75,I 75 and University Avenue Off Rp,,Rear End,2,Clear,Dry,Daylight
2021-10-04T18:47:00.000,I 75,I 75 and University Avenue Off Rp,,Angle Crash,2,Cloudy,Dry,Daylight
2023-01-17T08:32:00.000,I 75,I 75 and University Avenue Off Rp,,Angle Crash,2,Rain,Wet,Daylight
2023-02-21T17:29:00.000,I 75,I 75 and University Avenue Off Rp,,Rear End,2,Clear,Dry,Daylight
2020-02-26T08:12:00.000,I 75,I 75 and University Avenue Off Rp,,Rear End,2,Clear,Dry,Daylight
2021-10-04T14:39:00.000,I 75,I 75 and University Avenue Off Rp,,Rear End,2,Cloudy,Dry,Daylight
2021-10-13T10:15:00.000,I 75,I 75 and University Avenue Off Rp,,Rear End,2,Clear,Dry,Daylight
2021-12-10T09:56:00.000,I 75,I 75 and University Avenue Off Rp,,Rear End,2,Clear,Dry,Daylight
2022-04-01T19:39:00.000,I 75,I 75 and University Avenue Off Rp,,Rear End,2,Clear,Dry,Daylight
2022-08-22T15:24:00.000,I 75,I 75 and University Avenue Off Rp,,Rear End,3,Cloudy,Wet,Daylight
2022-06-27T10:28:00.000,I 75,I 75 and University Avenue Off Rp,,Sideswipe-Same Direction,2,Clear,Dry,Daylight
2022-10-03T17:16:00.000,I 75,I 75 and University Avenue Off Rp,,Rear End,3,Clear,Dry,Daylight
2022-06-24T07:41:00.000,I 75,I 75 and University Avenue Off Rp,,Rear End,2,Clear,Dry,Daylight
2022-05-17T17:45:00.000,I 75,I 75 and University Avenue Off Rp,,Rear End,2,Clear,Dry,Daylight
2022-08-22T15:24:00.000,I 75,I 75 and University Avenue Off Rp,,Angle Crash,2,Cloudy,Wet,Daylight
2022-05-10T14:14:00.000,I 75,I 75 and University Avenue Off Rp,,Rear End,2,Clear,Dry,Daylight
2022-06-09T10:53:00.000,I 75,I 75 and University Avenue Off Rp,,Rear End,3,Clear,Dry,Daylight
2022-10-04T14:45:00.000,I 75,I 75 and University Avenue Off Rp,,Angle Crash,2,Clear,Dry,Daylight
2022-08-15T12:30:00.000,I 75,I 75 and University Avenue Off Rp,,Angle Crash,2,Clear,Dry,Daylight
2022-07-25T07:45:00.000,I 75,I 75 and University Avenue Off Rp,,Rear End,2,Clear,Dry,Daylight
2022-11-11T09:00:00.000,I 75,I 75 and University Avenue Off Rp,,Rear End,2,Rain,Wet,Daylight
2022-04-29T10:01:00.000,I 75,I 75 and University Avenue Off Rp,,Sideswipe-Same Direction,2,Clear,Dry,Daylight
2022-12-09T06:56:00.000,I 75,I 75 and University Avenue Off Rp,,Rear End,2,Clear,Dry,Daylight
2023-01-05T20:20:00.000,I 75,I 75 and University Avenue Off Rp,,Not a Collision with Motor Vehicle,2,Clear,Dry,Dark-Not Lighted
2024-02-01T10:30:00.000,I 75,I 75 and University Avenue Mile Marker,,Rear End,2,Clear,Dry,Daylight
2021-09-30T15:36:00.000,I 75,I 75 and University Avenue Exit Rp,,Rear End,2,Cloudy,Dry,Daylight
2024-08-12T17:08:00.000,I 75,I 75 and University Avenue Entrance Ram,,Sideswipe-Same Direction,2,Clear,Dry,Daylight
2024-11-19T10:07:00.000,I 75,I 75 and University Avenue Entrance Ram,,Not a Collision with Motor Vehicle,1,Rain,Wet,Daylight
2024-10-17T17:30:00.000,I 75,I 75 and University Avene,,Sideswipe-Same Direction,4,Clear,Dry,Daylight
2024-07-16T18:01:00.000,I 75,I 75 and University Ave`,,Rear End,2,Clear,Dry,Daylight
2022-07-26T07:44:00.000,I 75,I 75 and University Ave.,,Rear End,2,Clear,Dry,Daylight
2022-11-17T07:57:00.000,I 75,I 75 and University Ave.,,Sideswipe-Same Direction,2,Clear,Dry,Daylight
2022-08-23T08:30:00.000,I 75,I 75 and University Ave.,,Sideswipe-Same Direction,2,Clear,Dry,Daylight
2022-05-20T15:35:00.000,I 75,I 75 and University Ave.,,Rear End,2,Clear,Dry,Daylight
2022-05-26T14:10:00.000,I 75,I 75 and University Ave.,,Rear End,2,Clear,Dry,Daylight
2022-08-04T18:14:00.000,I 75,I 75 and University Ave.,,Rear End,2,Clear,Wet,Daylight
2022-04-29T12:57:00.000,I 75,I 75 and University Ave.,,Rear End,2,Clear,Dry,Daylight
2022-08-25T06:54:00.000,I 75,I 75 and University Ave.,,Rear End,2,Rain,Wet,Dark-Lighted
2022-08-25T09:56:00.000,I 75,I 75 and University Ave.,,Rear End,2,Cloudy,Wet,Daylight
2022-11-04T09:52:00.000,I 75,I 75 and University Ave.,,Rear End,2,Clear,Dry,Daylight
2022-08-25T10:27:00.000,I 75,I 75 and University Ave.,,Rear End,2,Cloudy,Wet,Daylight
2022-09-26T15:25:00.000,I 75,I 75 and University Ave.,,Rear End,3,Clear,Dry,Daylight
2022-11-03T06:39:00.000,I 75,I 75 and University Ave.,,Sideswipe-Same Direction,2,Clear,Dry,Dark-Lighted
2024-01-09T10:03:00.000,I 75,I 75 and University Ave.,,Rear End,2,Rain,Wet,Daylight
2022-04-22T17:52:00.000,I 75,I 75 and University Ave On Rp,,Rear End,2,Clear,Dry,Daylight
2021-12-13T08:55:00.000,I 75,I 75 and University Ave,,Rear End,3,Clear,Dry,Daylight
2021-07-26T15:45:00.000,I 75,I 75 and University Ave,,Rear End,2,Clear,Dry,Daylight
2021-08-31T14:48:00.000,I 75,I 75 and University Ave,,Rear End,2,Cloudy,Dry,Daylight
2021-10-07T16:31:00.000,I 75,I 75 and University Ave,,Rear End,2,Rain,Wet,Daylight
2021-12-06T06:40:00.000,I 75,I 75 and University Ave,,Rear End,2,Fog,Dry,Dark-Not Lighted
2021-11-11T18:15:00.000,I 75,I 75 and University Ave,,Rear End,2,Cloudy,Dry,Dark-Lighted
2021-10-22T19:50:00.000,I 75,I 75 and University Ave,,Sideswipe-Same Direction,2,Clear,Dry,Daylight
2021-10-28T08:30:00.000,I 75,I 75 and University Ave,,Rear End,2,Cloudy,Wet,Daylight
2021-10-19T12:34:00.000,I 75,I 75 and University Ave,,Rear End,2,Clear,Dry,Daylight
2021-08-03T08:25:00.000,I 75,I 75 and University Ave,,Rear End,2,Clear,Dry,Daylight
2021-10-28T10:13:00.000,I 75,I 75 and University Ave,,Rear End,5,Rain,Wet,Daylight
2021-10-08T18:08:00.000,I 75,I 75 and University Ave,,Angle Crash,2,Clear,Dry,Daylight
2021-10-21T14:35:00.000,I 75,I 75 and University Ave,,Sideswipe-Same Direction,2,Cloudy,Dry,Daylight
2021-03-06T00:19:00.000,I 75,I 75 and University Ave,,Sideswipe-Same Direction,2,Clear,Dry,Dark-Lighted
2021-06-12T02:59:00.000,I 75,I 75 and University Ave,,Rear End,2,Cloudy,Dry,Dark-Lighted
2021-12-22T07:00:00.000,I 75,I 75 and University Ave,,Rear End,2,Clear,Dry,Dawn
2021-10-14T15:50:00.000,I 75,I 75 and University Ave,,Rear End,3,Clear,Dry,Daylight
2021-12-07T07:21:00.000,I 75,I 75 and University Ave,,Rear End,2,Clear,Dry,Daylight
2021-12-13T06:15:00.000,I 75,I 75 and University Ave,,Angle Crash,2,Clear,Dry,Dark-Not Lighted
2021-07-26T15:45:00.000,I 75,I 75 and University Ave,,Rear End,2,Clear,Dry,Daylight
2021-12-23T09:30:00.000,I 75,I 75 and University Ave,,Angle Crash,2,Clear,Dry,Daylight
2021-12-21T12:20:00.000,I 75,I 75 and University Ave,,Rear End,2,Rain,Wet,Daylight
2021-10-04T07:20:00.000,I 75,I 75 and University Ave,,Rear End,2,Rain,Wet,Daylight
2021-11-16T06:50:00.000,I 75,I 75 and University Ave,,Rear End,2,Clear,Dry,Dawn
2021-11-12T18:20:00.000,I 75,I 75 and University Ave,,Rear End,2,Clear,Dry,Dark-Lighted
2021-10-15T18:00:00.000,I 75,I 75 and University Ave,,Rear End,2,Clear,Dry,Daylight
2021-10-21T17:00:00.000,I 75,I 75 and University Ave,,Rear End,2,Cloudy,Dry,Daylight
2021-11-12T09:40:00.000,I 75,I 75 and University Ave,,Sideswipe-Same Direction,2,Clear,Dry,Daylight
2021-10-08T12:30:00.000,I 75,I 75 and University Ave,,Sideswipe-Same Direction,2,Clear,Dry,Daylight
2021-07-12T18:20:00.000,I 75,I 75 and University Ave,,Rear End,3,Clear,Dry,Daylight
2021-12-16T19:20:00.000,I 75,I 75 and University Ave,,Rear End,3,Clear,Dry,Dark-Not Lighted
2021-11-29T15:52:00.000,I 75,I 75 and University Ave,,Sideswipe-Same Direction,2,Clear,Dry,Daylight
2021-11-16T17:43:00.000,I 75,I 75 and University Ave,,Rear End,2,Clear,Dry,Dusk
2021-07-26T15:42:00.000,I 75,I 75 and University Ave,,Sideswipe-Same Direction,3,Cloudy,Dry,Daylight
2021-12-28T19:08:00.000,I 75,I 75 and University Ave,,Sideswipe-Same Direction,3,Clear,Dry,Dark-Lighted
2021-06-24T15:37:00.000,I 75,I 75 and University Ave,,Sideswipe-Same Direction,2,Cloudy,Dry,Daylight
2021-09-02T00:11:00.000,I 75,I 75 and University Ave,,Sideswipe-Same Direction,3,Clear,Dry,Dark-Lighted
2021-12-17T12:15:00.000,I 75,I 75 and University Ave,,Rear End,2,Cloudy,Dry,Daylight
2021-11-04T13:42:00.000,I 75,I 75 and University Ave,,Sideswipe-Same Direction,2,Cloudy,Wet,Daylight
2021-09-30T14:56:00.000,I 75,I 75 and University Ave,,Sideswipe-Same Direction,2,Cloudy,Dry,Daylight
2021-10-11T12:10:00.000,I 75,I 75 and University Ave,,Rear End,2,Cloudy,Dry,Daylight
2021-07-25T05:20:00.000,I 75,I 75 and University Ave,,Sideswipe-Same Direction,2,Clear,Dry,Dark-Lighted
2021-12-23T18:25:00.000,I 75,I 75 and University Ave,,Rear End,2,Clear,Dry,Dark-Not Lighted
2021-10-28T20:00:00.000,I 75,I 75 and University Ave,,Rear End,2,Cloudy,Wet,Dark-Not Lighted
2021-10-07T08:28:00.000,I 75,I 75 and University Ave,,Rear End,3,Rain,Wet,Daylight
2021-01-28T16:20:00.000,I 75,I 75 and University Ave,,Not a Collision with Motor Vehicle,2,Clear,Dry,Daylight
2023-06-05T17:48:00.000,I 75,I 75 and University Ave,,Sideswipe-Same Direction,2,Clear,Dry,Daylight
2023-11-09T09:50:00.000,I 75,I 75 and University Ave,,Not a Collision with Motor Vehicle,2,Cloudy,Dry,Daylight
2023-09-23T19:22:00.000,I 75,I 75 and University Ave,,Rear End,2,Clear,Dry,Daylight
2023-10-28T22:11:00.000,I 75,I 75 and University Ave,,Angle Crash,3,Clear,Dry,Dark-Lighted
2023-09-21T07:25:00.000,I 75,I 75 and University Ave,,Sideswipe-Same Direction,2,Clear,Dry,Daylight
2023-06-13T07:00:00.000,I 75,I 75 and University Ave,,Sideswipe-Same Direction,2,Clear,Dry,Daylight
2023-03-10T10:00:00.000,I 75,I 75 and University Ave,,Sideswipe-Same Direction,2,Cloudy,Wet,Daylight
2023-09-30T19:13:00.000,I 75,I 75 and University Ave,,Rear End,2,Clear,Dry,Daylight
2023-07-29T22:55:00.000,I 75,I 75 and University Ave,,Rear End,2,Clear,Dry,Dark-Lighted
2023-04-21T08:33:00.000,I 75,I 75 and University Ave,,Sideswipe-Same Direction,2,Clear,Dry,Daylight
2023-04-21T07:15:00.000,I 75,I 75 and University Ave,,Sideswipe-Same Direction,2,Cloudy,Dry,Daylight
2023-04-13T14:48:00.000,I 75,I 75 and University Ave,,Rear End,2,Rain,Wet,Daylight
2023-03-24T11:27:00.000,I 75,I 75 and University Ave,,Rear End,2,Clear,Dry,Daylight
2023-05-12T16:14:00.000,I 75,I 75 and University Ave,,Rear End,2,Clear,Dry,Daylight
2023-11-06T12:55:00.000,I 75,I 75 and University Ave,,Sideswipe-Same Direction,3,Clear,Dry,Daylight
2023-10-28T22:13:00.000,I 75,I 75 and University Ave,,Angle Crash,2,Clear,Dry,Dark-Lighted
2023-07-21T13:59:00.000,I 75,I 75 and University Ave,,Rear End,2,Clear,Dry,Daylight
2023-03-27T06:30:00.000,I 75,I 75 and University Ave,,Rear End,2,Rain,Water (standing or moving),Dawn
2023-07-10T08:25:00.000,I 75,I 75 and University Ave,,Sideswipe-Same Direction,2,Rain,Wet,Daylight
2023-01-27T15:20:00.000,I 75,I 75 and University Ave,,Sideswipe-Same Direction,3,Clear,Dry,Daylight
2023-08-14T09:35:00.000,I 75,I 75 and University Ave,,Rear End,4,Clear,Dry,Daylight
2023-10-03T06:55:00.000,I 75,I 75 and University Ave,,Sideswipe-Same Direction,2,Clear,Dry,Daylight
2023-07-27T09:29:00.000,I 75,I 75 and University Ave,,Rear End,2,Clear,Dry,Daylight
2023-09-12T09:43:00.000,I 75,I 75 and University Ave,,Rear End,2,Clear,Dry,Daylight
2023-05-26T13:16:00.000,I 75,I 75 and University Ave,,Sideswipe-Same Direction,2,Clear,Dry,Daylight
2023-10-13T16:12:00.000,I 75,I 75 and University Ave,,Sideswipe-Same Direction,2,Rain,Wet,Daylight
2023-06-16T08:30:00.000,I 75,I 75 and University Ave,,Not a Collision with Motor Vehicle,1,Clear,Dry,Daylight
2023-07-31T15:29:00.000,I 75,I 75 and University Ave,,Rear End,2,Clear,Dry,Daylight
2023-08-03T07:40:00.000,I 75,I 75 and University Ave,,Rear End,2,Cloudy,Dry,Daylight
2023-09-01T06:53:00.000,I 75,I 75 and University Ave,,Rear End,2,Clear,Dry,Daylight
2023-08-07T07:49:00.000,I 75,I 75 and University Ave,,Rear End,3,Clear,Wet,Daylight
2023-10-12T09:56:00.000,I 75,I 75 and University Ave,,Angle Crash,2,Rain,Wet,Daylight
2023-10-28T23:02:00.000,I 75,I 75 and University Ave,,Not a Collision with Motor Vehicle,1,Clear,Dry,Dark-Lighted
2023-04-18T09:41:00.000,I 75,I 75 and University Ave,,Sideswipe-Same Direction,2,Clear,Dry,Daylight
2023-01-16T13:28:00.000,I 75,I 75 and University Ave,,Not a Collision with Motor Vehicle,2,Clear,Dry,Daylight
2023-03-11T03:17:00.000,I 75,I 75 and University Ave,,Sideswipe-Same Direction,2,Clear,Dry,Dark-Lighted
2023-12-01T08:50:00.000,I 75,I 75 and University Ave,,Rear End,2,Rain,Wet,Daylight
2023-02-10T15:40:00.000,I 75,I 75 and University Ave,,Rear End,2,Cloudy,Dry,Daylight
2023-09-29T08:48:00.000,I 75,I 75 and University Ave,,Rear End,2,Clear,Dry,Daylight
2023-07-25T14:29:00.000,I 75,I 75 and University Ave,,Rear End,2,Clear,Dry,Daylight
2023-03-23T08:20:00.000,I 75,I 75 and University Ave,,Rear End,2,Cloudy,Dry,Daylight
2023-02-28T15:09:00.000,I 75,I 75 and University Ave,,Not a Collision with Motor Vehicle,1,Clear,Dry,Daylight
2023-04-25T17:30:00.000,I 75,I 75 and University Ave,,Rear End,2,Clear,Dry,Daylight
2023-04-14T06:18:00.000,I 75,I 75 and University Ave,,Sideswipe-Same Direction,2,Cloudy,Wet,Dark-Lighted
2023-01-09T14:50:00.000,I 75,I 75 and University Ave,,Rear End,3,Cloudy,Dry,Daylight
2023-08-25T17:52:00.000,I 75,I 75 and University Ave,,Rear End,2,Clear,Dry,Daylight
2023-04-25T08:36:00.000,I 75,I 75 and University Ave,,Rear End,2,Clear,Dry,Daylight
2023-01-05T10:45:00.000,I 75,I 75 and University Ave,,Sideswipe-Same Direction,2,Clear,Dry,Daylight
2023-06-09T15:21:00.000,I 75,I 75 and University Ave,,Rear End,2,Clear,Dry,Daylight
2023-03-31T15:06:00.000,I 75,I 75 and University Ave,,Rear End,2,Clear,Dry,Daylight
2023-09-07T12:25:00.000,I 75,I 75 and University Ave,,Sideswipe-Same Direction,2,Clear,Dry,Daylight
2023-03-30T16:51:00.000,I 75,I 75 and University Ave,,Rear End,2,Clear,Dry,Daylight
2023-10-13T16:26:00.000,I 75,I 75 and University Ave,,Rear End,2,Cloudy,Other,Daylight
2023-07-24T16:42:00.000,I 75,I 75 and University Ave,,Rear End,2,Clear,Dry,Daylight
2023-05-11T10:15:00.000,I 75,I 75 and University Ave,,Rear End,2,Cloudy,Dry,Daylight
2023-05-25T07:20:00.000,I 75,I 75 and University Ave,,Sideswipe-Same Direction,3,Clear,Dry,Daylight
2023-04-13T13:04:00.000,I 75,I 75 and University Ave,,Rear End,2,Rain,Wet,Daylight
2023-04-27T08:58:00.000,I 75,I 75 and University Ave,,Sideswipe-Same Direction,2,Rain,Wet,Daylight
2023-11-24T13:58:00.000,I 75,I 75 and University Ave,,Sideswipe-Same Direction,2,Clear,Dry,Daylight
2023-09-29T15:32:00.000,I 75,I 75 and University Ave,,Rear End,2,Clear,Dry,Daylight
2023-02-20T14:52:00.000,I 75,I 75 and University Ave,,Rear End,2,Clear,Dry,Daylight
2023-07-24T15:32:00.000,I 75,I 75 and University Ave,,Sideswipe-Same Direction,2,Clear,Dry,Daylight
2023-10-26T07:15:00.000,I 75,I 75 and University Ave,,Rear End,2,Clear,Dry,Daylight
2023-07-14T10:45:00.000,I 75,I 75 and University Ave,,Rear End,3,Cloudy,Dry,Daylight
2023-08-04T14:15:00.000,I 75,I 75 and University Ave,,Sideswipe-Same Direction,2,Cloudy,Dry,Daylight
2023-07-17T06:45:00.000,I 75,I 75 and University Ave,,Rear End,2,Cloudy,Dry,Daylight
2023-08-14T06:27:00.000,I 75,I 75 and University Ave,,Sideswipe-Same Direction,2,Clear,Dry,Daylight
2023-07-11T07:25:00.000,I 75,I 75 and University Ave,,Rear End,2,Clear,Dry,Daylight
2023-08-23T07:15:00.000,I 75,I 75 and University Ave,,Rear End,3,Clear,Dry,Daylight
2023-11-27T17:38:00.000,I 75,I 75 and University Ave,,Rear End,2,Clear,Dry,Dark-Lighted
2023-12-16T12:00:00.000,I 75,I 75 and University Ave,,Rear End,2,Clear,Dry,Daylight
2023-10-23T06:20:00.000,I 75,I 75 and University Ave,,Sideswipe-Same Direction,2,Clear,Dry,Dawn
2023-05-29T06:25:00.000,I 75,I 75 and University Ave,,Not a Collision with Motor Vehicle,1,Clear,Dry,Daylight
2023-07-14T13:00:00.000,I 75,I 75 and University Ave,,Rear End,3,Cloudy,Dry,Daylight
2023-12-07T14:47:00.000,I 75,I 75 and University Ave,,Sideswipe-Same Direction,2,Clear,Dry,Daylight
2023-11-16T12:05:00.000,I 75,I 75 and University Ave,,Rear End,2,Clear,Dry,Daylight
2023-09-01T17:04:00.000,I 75,I 75 and University Ave,,Rear End,2,Clear,Dry,Daylight
2023-11-03T16:00:00.000,I 75,I 75 and University Ave,,Rear End,2,Clear,Dry,Daylight
2023-01-23T14:30:00.000,I 75,I 75 and University Ave,,Sideswipe-Same Direction,2,Clear,Dry,Daylight
2023-03-10T06:52:00.000,I 75,I 75 and University Ave,,Rear End,3,Rain,Wet,Daylight
2023-07-13T12:45:00.000,I 75,I 75 and University Ave,,Rear End,4,Cloudy,Dry,Daylight
2023-07-18T16:35:00.000,I 75,I 75 and University Ave,,Rear End,3,Clear,Dry,Daylight
2023-10-09T15:10:00.000,I 75,I 75 and University Ave,,Sideswipe-Same Direction,2,Clear,Dry,Daylight
2023-08-22T10:25:00.000,I 75,I 75 and University Ave,,Rear End,2,Clear,Dry,Daylight
2023-05-26T13:29:00.000,I 75,I 75 and University Ave,,Rear End,2,Cloudy,Dry,Daylight
2023-10-28T22:11:00.000,I 75,I 75 and University Ave,,Angle Crash,2,Clear,Dry,Dark-Not Lighted
2023-01-31T07:30:00.000,I 75,I 75 and University Ave,,Sideswipe-Same Direction,2,Cloudy,Dry,Dawn
2023-11-27T18:13:00.000,I 75,I 75 and University Ave,,Rear End,3,Clear,Dry,Daylight
2023-08-15T13:40:00.000,I 75,I 75 and University Ave,,Sideswipe-Same Direction,2,Clear,Dry,Daylight
2023-02-06T09:50:00.000,I 75,I 75 and University Ave,,Rear End,2,Clear,Dry,Daylight
2023-08-11T08:54:00.000,I 75,I 75 and University Ave,,Rear End,2,Rain,Wet,Daylight
2023-01-13T18:30:00.000,I 75,I 75 and University Ave,,Rear End,2,Cloudy,Dry,Dark-Lighted
2023-09-01T15:30:00.000,I 75,I 75 and University Ave,,Rear End,3,Clear,Dry,Daylight
2023-03-07T09:03:00.000,I 75,I 75 and University Ave,,Sideswipe-Same Direction,2,Clear,Dry,Daylight
2023-04-28T13:22:00.000,I 75,I 75 and University Ave,,Rear End,2,Cloudy,Dry,Daylight
2023-05-25T13:35:00.000,I 75,I 75 and University Ave,,Rear End,2,Clear,Dry,Daylight
2023-06-30T12:19:00.000,I 75,I 75 and University Ave,,Rear End,4,Cloudy,Dry,Daylight
2023-09-15T14:55:00.000,I 75,I 75 and University Ave,,Sideswipe-Same Direction,2,Cloudy,Wet,Daylight
2023-08-29T07:00:00.000,I 75,I 75 and University Ave,,Rear End,2,Cloudy,Wet,Dark-Lighted
2023-01-26T17:00:00.000,I 75,I 75 and University Ave,,Sideswipe-Same Direction,2,Clear,Dry,Daylight
2023-06-20T10:15:00.000,I 75,I 75 and University Ave,,Sideswipe-Same Direction,2,Clear,Dry,Daylight
2023-08-29T07:30:00.000,I 75,I 75 and University Ave,,Sideswipe-Same Direction,2,Cloudy,Wet,Daylight
2023-10-10T08:26:00.000,I 75,I 75 and University Ave,,Rear End,2,Clear,Dry,Daylight
2023-09-15T08:57:00.000,I 75,I 75 and University Ave,,Rear End,2,Cloudy,Wet,Daylight
2023-01-02T18:55:00.000,I 75,I 75 and University Ave,,Rear End,2,Cloudy,Dry,Dark-Lighted
2023-04-07T13:45:00.000,I 75,I 75 and University Ave,,Sideswipe-Same Direction,2,Cloudy,Dry,Daylight
2023-12-12T09:59:00.000,I 75,I 75 and University Ave,,Rear End,2,Clear,Dry,Daylight
2023-06-19T14:00:00.000,I 75,I 75 and University Ave,,Angle Crash,2,Cloudy,Dry,Daylight
2023-11-02T13:04:00.000,I 75,I 75 and University Ave,,Sideswipe-Same Direction,2,Clear,Dry,Daylight
2023-03-07T10:50:00.000,I 75,I 75 and University Ave,,Sideswipe-Same Direction,2,Clear,Dry,Daylight
2023-01-17T18:26:00.000,I 75,I 75 and University Ave,,Rear End,2,Cloudy,Wet,Dark-Lighted
2023-10-30T08:37:00.000,I 75,I 75 and University Ave,,Rear End,2,Clear,Dry,Daylight
2023-03-24T17:53:00.000,I 75,I 75 and University Ave,,Sideswipe-Same Direction,2,Clear,Dry,Daylight
2023-03-06T07:45:00.000,I 75,I 75 and University Ave,,Rear End,2,Clear,Dry,Daylight
2023-08-29T06:42:00.000,I 75,I 75 and University Ave,,Rear End,3,Cloudy,Wet,Dark-Not Lighted
2023-03-13T08:37:00.000,I 75,I 75 and University Ave,,Rear End,2,Clear,Dry,Daylight
2023-08-07T06:23:00.000,I 75,I 75 and University Ave,,Not a Collision with Motor Vehicle,1,Rain,Wet,Dark-Lighted
2023-03-17T18:30:00.000,I 75,I 75 and University Ave,,Sideswipe-Same Direction,2,Rain,Wet,Daylight
2023-10-06T14:39:00.000,I 75,I 75 and University Ave,,Rear End,2,Cloudy,Dry,Daylight
2022-02-25T13:54:00.000,I 75,I 75 and University Ave,,Sideswipe-Same Direction,2,Cloudy,Dry,Daylight
2022-03-11T19:55:00.000,I 75,I 75 and University Ave,,Rear End,2,Cloudy,Wet,Dark-Lighted
2022-11-04T14:18:00.000,I 75,I 75 and University Ave,,Rear End,2,Clear,Dry,Daylight
2022-07-21T10:11:00.000,I 75,I 75 and University Ave,,Rear End,3,Cloudy,Wet,Daylight
2022-09-06T17:35:00.000,I 75,I 75 and University Ave,,Rear End,2,Clear,Dry,Daylight
2022-05-26T15:50:00.000,I 75,I 75 and University Ave,,Sideswipe-Same Direction,2,Clear,Wet,Daylight
2022-05-24T17:30:00.000,I 75,I 75 and University Ave,,Rear End,2,Cloudy,Dry,Daylight
2022-08-16T14:48:00.000,I 75,I 75 and University Ave,,Sideswipe-Same Direction,2,Clear,Dry,Daylight
2022-04-14T07:05:00.000,I 75,I 75 and University Ave,,Rear End,3,Cloudy,Wet,Daylight
2022-11-17T09:06:00.000,I 75,I 75 and University Ave,,Sideswipe-Same Direction,5,Clear,Dry,Daylight
2022-04-22T17:07:00.000,I 75,I 75 and University Ave,,Rear End,3,Clear,Dry,Daylight
2022-01-07T16:35:00.000,I 75,I 75 and University Ave,,Rear End,2,Cloudy,Dry,Daylight
2022-10-03T17:20:00.000,I 75,I 75 and University Ave,,Rear End,2,Clear,Dry,Daylight
2022-12-26T14:12:00.000,I 75,I 75 and University Ave,,Sideswipe-Same Direction,2,Clear,Dry,Daylight