Date and Time,Roadway (From Crash Report),Intersection Name (from Crash Report),KABCO Severity,Manner of Collision (Crash Level) ,# of Vehicles per crash ,Weather Conditions (Crash Level),Surface Condition (Crash Level) ,Light Conditions (Crash Level)
2022-11-11T19:50:00.000,I 75,I 75 and University Ave,,Sideswipe-Same Direction,2,Cloudy,Wet,Dark-Not Lighted
2022-08-12T18:55:00.000,I 75,I 75 and University Ave,,Rear End,2,Clear,Dry,Daylight
2023-03-03T12:43:00.000,I 75,I 75 and University Ave,,Rear End,2,Cloudy,Wet,Daylight
2022-09-22T05:55:00.000,I 75,I 75 and University Ave,,Rear End,4,Clear,Dry,Dark-Lighted
2020-02-22T17:54:00.000,I 75,I 75 and University Ave,,Rear End,2,Clear,Dry,Dusk
2020-07-02T16:49:00.000,I 75,I 75 and University Ave,,Sideswipe-Same Direction,2,Rain,Wet,Daylight
2020-02-23T03:51:00.000,I 75,I 75 and University Ave,,Sideswipe-Same Direction,2,Clear,Dry,Dark-Lighted
2021-12-02T16:30:00.000,I 75,I 75 and University Ave,,Rear End,2,Clear,Dry,Daylight
2021-11-15T18:27:00.000,I 75,I 75 and University Ave,,Head On,2,Clear,Dry,Daylight
2021-10-04T11:20:00.000,I 75,I 75 and University Ave,,Sideswipe-Same Direction,2,Cloudy,Wet,Daylight
2021-12-10T14:15:00.000,I 75,I 75 and University Ave,,Rear End,2,Cloudy,Wet,Daylight
2021-09-30T13:10:00.000,I 75,I 75 and University Ave,,Rear End,3,Clear,Dry,Daylight
2021-11-22T11:52:00.000,I 75,I 75 and University Ave,,Rear End,4,Cloudy,Dry,Daylight
2021-12-30T09:32:00.000,I 75,I 75 and University Ave,,Rear End,2,Rain,Wet,Daylight
2021-11-08T16:45:00.000,I 75,I 75 and University Ave,,Rear End,2,Clear,Dry,Daylight
2021-10-26T17:07:00.000,I 75,I 75 and University Ave,,Sideswipe-Same Direction,2,Clear,Dry,Daylight
2021-11-10T18:06:00.000,I 75,I 75 and University Ave,,Sideswipe-Same Direction,2,Clear,Dry,Dark-Not Lighted
2021-11-19T17:15:00.000,I 75,I 75 and University Ave,,Rear End,2,Clear,Dry,Dusk
2021-10-28T10:20:00.000,I 75,I 75 and University Ave,,Sideswipe-Same Direction,2,Rain,Wet,Daylight
2021-11-19T18:07:00.000,I 75,I 75 and University Ave,,Rear End,2,Clear,Dry,Daylight
2021-10-28T16:19:00.000,I 75,I 75 and University Ave,,Rear End,2,Cloudy,Wet,Daylight
2021-11-04T11:26:00.000,I 75,I 75 and University Ave,,Rear End,2,Rain,Wet,Daylight
2021-12-30T17:10:00.000,I 75,I 75 and University Ave,,Sideswipe-Same Direction,2,Cloudy,Wet,Daylight
2021-12-17T14:32:00.000,I 75,I 75 and University Ave,,Rear End,2,Cloudy,Dry,Daylight
2021-10-28T11:05:00.000,I 75,I 75 and University Ave,,Sideswipe-Same Direction,2,Rain,Wet,Daylight
2021-10-28T09:24:00.000,I 75,I 75 and University Ave,,Rear End,3,Rain,Wet,Daylight
2021-11-24T12:00:00.000,I 75,I 75 and University Ave,,Rear End,2,Clear,Dry,Daylight
2021-11-15T18:31:00.000,I 75,I 75 and University Ave,,Sideswipe-Same Direction,2,Clear,Dry,Dark-Lighted
2021-09-21T08:36:00.000,I 75,I 75 and University Ave,,Rear End,2,Cloudy,Wet,Daylight
2021-11-24T17:50:00.000,I 75,I 75 and University Ave,,Rear End,3,Clear,Dry,Dark-Lighted
2021-10-11T09:55:00.000,I 75,I 75 and University Ave,,Rear End,2,Clear,Dry,Daylight
2021-12-02T19:20:00.000,I 75,I 75 and University Ave,,Sideswipe-Same Direction,2,Clear,Dry,Dark-Not Lighted
2021-10-28T16:20:00.000,I 75,I 75 and University Ave,,Rear End,4,Cloudy,Wet,Daylight
2022-09-12T13:42:00.000,I 75,I 75 and University Ave,,Sideswipe-Same Direction,2,Clear,Dry,Daylight
2022-01-31T13:38:00.000,I 75,I 75 and University Ave,,Sideswipe-Same Direction,5,Clear,Dry,Daylight
2022-11-22T12:49:00.000,I 75,I 75 and University Ave,,Sideswipe-Same Direction,3,Clear,Dry,Daylight
2022-09-12T07:10:00.000,I 75,I 75 and University Ave,,Rear End,2,Clear,Dry,Dark-Not Lighted
2022-12-03T17:09:00.000,I 75,I 75 and University Ave,,Sideswipe-Same Direction,3,Cloudy,Wet,Daylight
2022-02-18T17:56:00.000,I 75,I 75 and University Ave,,Rear End,2,Clear,Dry,Daylight
2022-03-24T13:20:00.000,I 75,I 75 and University Ave,,Sideswipe-Same Direction,3,Clear,Dry,Daylight
2022-08-25T07:10:00.000,I 75,I 75 and University Ave,,Rear End,3,Rain,Wet,Dawn
2022-08-12T17:00:00.000,I 75,I 75 and University Ave,,Rear End,3,Clear,Dry,Daylight
2022-06-23T13:09:00.000,I 75,I 75 and University Ave,,Rear End,2,Clear,Dry,Daylight
2022-04-01T07:12:00.000,I 75,I 75 and University Ave,,Rear End,2,Clear,Dry,Daylight
2022-02-21T18:43:00.000,I 75,I 75 and University Ave,,Rear End,3,Rain,Wet,Dark-Lighted
2022-09-27T16:34:00.000,I 75,I 75 and University Ave,,Rear End,2,Clear,Dry,Daylight
2022-06-06T17:00:00.000,I 75,I 75 and University Ave,,Rear End,2,Rain,Wet,Daylight
2022-04-07T16:45:00.000,I 75,I 75 and University Ave,,Angle Crash,2,Clear,Dry,Daylight
2022-11-07T10:21:00.000,I 75,I 75 and University Ave,,Not a Collision with Motor Vehicle,1,Clear,Dry,Daylight
2021-11-18T09:58:00.000,I 75,I 75 and University Ave,,Rear End,2,Clear,Dry,Daylight
2021-10-07T14:07:00.000,I 75,I 75 and University Ave,,Rear End,2,Cloudy,Wet,Daylight
2021-11-25T11:28:00.000,I 75,I 75 and University Ave,,Sideswipe-Same Direction,4,Clear,Dry,Daylight
2021-10-08T16:14:00.000,I 75,I 75 and University Ave,,Rear End,2,Cloudy,Dry,Daylight
2021-10-22T15:00:00.000,I 75,I 75 and University Ave,,Rear End,2,Clear,Dry,Daylight
2021-11-22T16:20:00.000,I 75,I 75 and University Ave,,Rear End,2,Clear,Dry,Daylight
2021-11-19T17:42:00.000,I 75,I 75 and University Ave,,Sideswipe-Same Direction,2,Clear,Dry,Dusk
2022-06-21T15:40:00.000,I 75,I 75 and University Ave,,Rear End,2,Clear,Dry,Daylight
2022-11-14T14:50:00.000,I 75,I 75 and University Ave,,Sideswipe-Same Direction,2,Clear,Dry,Daylight
2022-04-29T14:10:00.000,I 75,I 75 and University Ave,,Rear End,2,Cloudy,Dry,Daylight
2022-11-14T09:37:00.000,I 75,I 75 and University Ave,,Rear End,2,Clear,Dry,Daylight
2022-05-03T09:55:00.000,I 75,I 75 and University Ave,,Sideswipe-Same Direction,2,Clear,Dry,Daylight
2022-01-28T18:38:00.000,I 75,I 75 and University Ave,,Rear End,2,Clear,Wet,Dark-Lighted
2022-04-01T17:47:00.000,I 75,I 75 and University Ave,,Sideswipe-Same Direction,2,Clear,Dry,Daylight
2022-03-04T19:10:00.000,I 75,I 75 and University Ave,,Rear End,2,Clear,Dry,Dark-Lighted
2022-07-08T18:50:00.000,I 75,I 75 and University Ave,,Sideswipe-Same Direction,2,Cloudy,Dry,Daylight
2022-01-27T14:10:00.000,I 75,I 75 and University Ave,,Rear End,2,Clear,Dry,Daylight
2022-03-14T18:17:00.000,I 75,I 75 and University Ave,,Rear End,2,Clear,Dry,Daylight
2022-11-04T06:50:00.000,I 75,I 75 and University Ave,,Sideswipe-Opposite Direction,1,Clear,Dry,Dawn
2022-02-03T15:25:00.000,I 75,I 75 and University Ave,,Not a Collision with Motor Vehicle,1,Rain,Wet,Daylight
2022-05-27T19:20:00.000,I 75,I 75 and University Ave,,Rear End,2,Cloudy,Dry,Daylight
2022-02-25T15:20:00.000,I 75,I 75 and University Ave,,Sideswipe-Same Direction,2,Clear,Dry,Daylight
2022-01-28T16:01:00.000,I 75,I 75 and University Ave,,Rear End,2,Clear,Dry,Daylight
2022-10-31T08:00:00.000,I 75,I 75 and University Ave,,Sideswipe-Same Direction,2,Clear,Dry,Daylight
2022-10-08T23:43:00.000,I 75,I 75 and University Ave,,Rear End,2,Clear,Dry,Dark-Not Lighted
2022-01-28T17:51:00.000,I 75,I 75 and University Ave,,Rear End,2,Clear,Dry,Dark-Lighted
2022-04-11T07:22:00.000,I 75,I 75 and University Ave,,Sideswipe-Same Direction,2,Clear,Dry,Dawn
2022-05-30T14:34:00.000,I 75,I 75 and University Ave,,Angle Crash,3,Clear,Dry,Daylight
2022-10-03T06:50:00.000,I 75,I 75 and University Ave,,Rear End,2,Clear,Dry,Dark-Lighted
2022-08-09T06:45:00.000,I 75,I 75 and University Ave,,Rear End,3,Clear,Dry,Daylight
2022-04-19T09:59:00.000,I 75,I 75 and University Ave,,Rear End,2,Clear,Dry,Daylight
2022-08-29T07:30:00.000,I 75,I 75 and University Ave,,Rear End,3,Clear,Dry,Daylight
2022-09-30T16:20:00.000,I 75,I 75 and University Ave,,Rear End,2,Clear,Dry,Daylight
2022-07-08T18:16:00.000,I 75,I 75 and University Ave,,Sideswipe-Same Direction,2,Clear,Dry,Daylight
2022-09-08T18:57:00.000,I 75,I 75 and University Ave,,Sideswipe-Same Direction,2,Clear,Dry,Daylight
2022-01-07T18:19:00.000,I 75,I 75 and University Ave,,Rear End,2,Clear,Dry,Dark-Lighted
2022-05-30T14:54:00.000,I 75,I 75 and University Ave,,Rear End,2,Clear,Dry,Daylight
2022-02-15T07:45:00.000,I 75,I 75 and University Ave,,Rear End,2,Clear,Dry,Daylight
2022-12-13T09:30:00.000,I 75,I 75 and University Ave,,Rear End,2,Clear,Dry,Daylight
2022-12-06T18:41:00.000,I 75,I 75 and University Ave,,Sideswipe-Same Direction,2,Cloudy,Wet,Dark-Not Lighted
2022-11-18T08:03:00.000,I 75,I 75 and University Ave,,Rear End,2,Clear,Dry,Daylight
2022-12-08T15:40:00.000,I 75,I 75 and University Ave,,Rear End,3,Clear,Dry,Daylight
2022-03-29T08:48:00.000,I 75,I 75 and University Ave,,Sideswipe-Same Direction,2,Clear,Dry,Daylight
2022-08-11T14:12:00.000,I 75,I 75 and University Ave,,Rear End,3,Cloudy,Dry,Daylight
2022-06-21T18:14:00.000,I 75,I 75 and University Ave,,Sideswipe-Same Direction,3,Clear,Dry,Daylight
2022-09-29T07:09:00.000,I 75,I 75 and University Ave,,Rear End,2,Clear,Dry,Daylight
2022-04-29T19:20:00.000,I 75,I 75 and University Ave,,Sideswipe-Same Direction,2,Cloudy,Dry,Daylight
2022-04-22T07:33:00.000,I 75,I 75 and University Ave,,Rear End,2,Clear,Dry,Daylight
2022-08-12T19:00:00.000,I 75,I 75 and University Ave,,Rear End,3,Clear,Dry,Daylight
2022-04-24T00:00:00.000,I 75,I 75 and University Ave,,Rear End,2,Cloudy,Dry,Daylight
2022-01-12T18:40:00.000,I 75,I 75 and University Ave,,Sideswipe-Same Direction,2,Clear,Dry,Dark-Lighted
2022-06-02T07:28:00.000,I 75,I 75 and University Ave,,Rear End,2,Clear,Dry,Daylight
2022-09-23T14:00:00.000,I 75,I 75 and University Ave,,Sideswipe-Same Direction,2,Clear,Dry,Daylight
2022-09-22T17:30:00.000,I 75,I 75 and University Ave,,Sideswipe-Same Direction,2,Clear,Dry,Daylight
2022-10-18T16:55:00.000,I 75,I 75 and University Ave,,Sideswipe-Same Direction,2,Clear,Dry,Daylight
2022-05-14T21:00:00.000,I 75,I 75 and University Ave,,Sideswipe-Same Direction,2,Clear,Dry,Dark-Lighted
2022-08-05T11:43:00.000,I 75,I 75 and University Ave,,Rear End,2,Clear,Dry,Daylight
2022-02-18T15:20:00.000,I 75,I 75 and University Ave,,Rear End,2,Clear,Dry,Daylight
2022-02-25T19:30:00.000,I 75,I 75 and University Ave,,Rear End,2,Clear,Dry,Dark-Lighted
2022-10-21T07:15:00.000,I 75,I 75 and University Ave,,Rear End,2,Clear,Dry,Daylight
2022-09-15T09:49:00.000,I 75,I 75 and University Ave,,Rear End,2,Clear,Dry,Daylight
2021-11-08T16:03:00.000,I 75,I 75 and University Ave,,Sideswipe-Same Direction,2,Clear,Dry,Daylight
2021-12-14T15:30:00.000,I 75,I 75 and University Ave,,Rear End,2,Clear,Dry,Daylight
2021-11-30T17:53:00.000,I 75,I 75 and University Ave,,Rear End,3,Clear,Dry,Dusk
2021-11-30T17:50:00.000,I 75,I 75 and University Ave,,Rear End,2,Clear,Dry,Dusk
2022-10-20T11:10:00.000,I 75,I 75 and University Ave,,Rear End,2,Clear,Dry,Daylight
2022-10-12T12:02:00.000,I 75,I 75 and University Ave,,Rear End,2,Clear,Dry,Daylight
2022-08-01T07:45:00.000,I 75,I 75 and University Ave,,Sideswipe-Same Direction,2,Clear,Dry,Daylight
2022-04-14T15:07:00.000,I 75,I 75 and University Ave,,Sideswipe-Same Direction,4,Clear,Dry,Daylight
2022-10-18T09:45:00.000,I 75,I 75 and University Ave,,Rear End,2,Clear,Dry,Daylight
2022-06-17T13:25:00.000,I 75,I 75 and University Ave,,Sideswipe-Same Direction,2,Clear,Dry,Daylight
2022-08-25T16:29:00.000,I 75,I 75 and University Ave,,Rear End,2,Clear,Dry,Daylight
2022-02-07T08:02:00.000,I 75,I 75 and University Ave,,Sideswipe-Same Direction,2,Clear,Dry,Daylight
2022-03-07T19:35:00.000,I 75,I 75 and University Ave,,Not a Collision with Motor Vehicle,2,Cloudy,Wet,Dark-Lighted
2022-05-17T15:18:00.000,I 75,I 75 and University Ave,,Rear End,2,Clear,Dry,Daylight
2022-02-08T17:21:00.000,I 75,I 75 and University Ave,,Sideswipe-Same Direction,3,Clear,Dry,Daylight
2022-03-24T09:55:00.000,I 75,I 75 and University Ave,,Rear End,2,Clear,Dry,Daylight
2022-04-15T10:26:00.000,I 75,I 75 and University Ave,,Rear End,2,Clear,Dry,Daylight
2022-11-11T09:03:00.000,I 75,I 75 and University Ave,,Not a Collision with Motor Vehicle,1,Rain,Wet,Daylight
2022-03-24T16:30:00.000,I 75,I 75 and University Ave,,Rear End,2,Clear,Dry,Daylight
2022-12-30T18:11:00.000,I 75,I 75 and University Ave,,Rear End,2,Cloudy,Dry,Dark-Lighted
2022-05-16T14:37:00.000,I 75,I 75 and University Ave,,Rear End,2,Clear,Dry,Daylight
2022-07-05T08:45:00.000,I 75,I 75 and University Ave,,Rear End,2,Clear,Wet,Daylight
2022-10-21T16:00:00.000,I 75,I 75 and University Ave,,Rear End,2,Clear,Dry,Daylight
2022-01-21T18:40:00.000,I 75,I 75 and University Ave,,Angle Crash,2,Cloudy,Dry,Dark-Lighted
2022-03-29T17:22:00.000,I 75,I 75 and University Ave,,Rear End,3,Clear,Dry,Daylight
2022-08-22T13:45:00.000,I 75,I 75 and University Ave,,Not a Collision with Motor Vehicle,1,Cloudy,Dry,Daylight
2022-01-20T06:59:00.000,I 75,I 75 and University Ave,,Not a Collision with Motor Vehicle,1,Rain,Wet,Dark-Lighted
2022-11-11T10:15:00.000,I 75,I 75 and University Ave,,Rear End,2,Rain,Wet,Daylight
2022-10-06T09:45:00.000,I 75,I 75 and University Ave,,Sideswipe-Same Direction,2,Clear,Dry,Daylight
2022-01-27T16:36:00.000,I 75,I 75 and University Ave,,Rear End,2,Clear,Dry,Daylight
2022-04-08T14:05:00.000,I 75,I 75 and University Ave,,Rear End,2,Cloudy,Dry,Daylight
2022-03-06T02:00:00.000,I 75,I 75 and University Ave,,Sideswipe-Same Direction,2,Clear,Dry,Dark-Lighted
2022-02-18T11:50:00.000,I 75,I 75 and University Ave,,Rear End,2,Clear,Dry,Daylight
2022-02-10T08:48:00.000,I 75,I 75 and University Ave,,Rear End,2,Clear,Dry,Daylight
2022-01-20T07:55:00.000,I 75,I 75 and University Ave,,Sideswipe-Same Direction,2,Rain,Wet,Dawn
2022-08-02T11:02:00.000,I 75,I 75 and University Ave,,Rear End,2,Cloudy,Dry,Daylight
2022-08-02T16:58:00.000,I 75,I 75 and University Ave,,Sideswipe-Same Direction,2,Clear,Dry,Daylight
2022-01-26T19:40:00.000,I 75,I 75 and University Ave,,Rear End,2,Cloudy,Dry,Dark-Lighted
2022-07-07T15:40:00.000,I 75,I 75 and University Ave,,Rear End,2,Clear,Dry,Daylight
2022-03-04T19:44:00.000,I 75,I 75 and University Ave,,Sideswipe-Same Direction,3,Clear,Dry,Dark-Lighted
2022-03-31T17:40:00.000,I 75,I 75 and University Ave,,Rear End,3,Clear,Dry,Daylight
2022-01-24T12:48:00.000,I 75,I 75 and University Ave,,Rear End,2,Clear,Dry,Daylight
2022-05-16T13:00:00.000,I 75,I 75 and University Ave,,Rear End,2,Clear,Dry,Daylight
2022-03-31T15:42:00.000,I 75,I 75 and University Ave,,Rear End,3,Clear,Dry,Daylight
2022-10-31T15:30:00.000,I 75,I 75 and University Ave,,Sideswipe-Same Direction,2,Clear,Dry,Daylight
2022-12-16T14:33:00.000,I 75,I 75 and University Ave,,Rear End,2,Clear,Dry,Daylight
2022-05-06T14:50:00.000,I 75,I 75 and University Ave,,Rear End,2,Cloudy,Dry,Daylight
2022-10-25T08:36:00.000,I 75,I 75 and University Ave,,Rear End,2,Clear,Dry,Daylight
2022-05-12T16:00:00.000,I 75,I 75 and University Ave,,Rear End,2,Clear,Dry,Daylight
2022-09-27T14:55:00.000,I 75,I 75 and University Ave,,Rear End,2,Clear,Dry,Daylight
2022-10-17T16:14:00.000,I 75,I 75 and University Ave,,Sideswipe-Same Direction,2,Clear,Dry,Daylight
2022-01-31T14:43:00.000,I 75,I 75 and University Ave,,Not a Collision with Motor Vehicle,1,Clear,Dry,Daylight
2022-09-23T11:51:00.000,I 75,I 75 and University Ave,,Rear End,3,Clear,Dry,Daylight
2022-12-06T17:37:00.000,I 75,I 75 and University Ave,,Angle Crash,2,Rain,Wet,Dark-Not Lighted
2022-07-31T13:45:00.000,I 75,I 75 and University Ave,,Rear End,2,Clear,Dry,Daylight
2022-07-25T14:59:00.000,I 75,I 75 and University Ave,,Rear End,2,Clear,Dry,Daylight
2022-01-20T09:16:00.000,I 75,I 75 and University Ave,,Sideswipe-Same Direction,3,Rain,Wet,Daylight
2022-08-04T08:53:00.000,I 75,I 75 and University Ave,,Rear End,2,Clear,Dry,Daylight
2022-09-23T17:49:00.000,I 75,I 75 and University Ave,,Rear End,3,Clear,Dry,Daylight
2022-03-14T16:13:00.000,I 75,I 75 and University Ave,,Angle Crash,2,Clear,Dry,Daylight
2022-11-04T11:45:00.000,I 75,I 75 and University Ave,,Rear End,2,Clear,Dry,Daylight
2022-11-15T06:54:00.000,I 75,I 75 and University Ave,,Sideswipe-Same Direction,5,Rain,Wet,Dark-Lighted
2022-11-07T09:30:00.000,I 75,I 75 and University Ave,,Rear End,2,Clear,Dry,Daylight
2022-11-07T19:00:00.000,I 75,I 75 and University Ave,,Sideswipe-Same Direction,3,Clear,Dry,Dark-Lighted
2022-03-15T06:38:00.000,I 75,I 75 and University Ave,,Rear End,2,Clear,Dry,Dark-Lighted
2022-07-11T15:50:00.000,I 75,I 75 and University Ave,,Sideswipe-Same Direction,2,Clear,Dry,Daylight
2022-07-11T18:10:00.000,I 75,I 75 and University Ave,,Rear End,3,Cloudy,Dry,Daylight
2022-07-11T18:05:00.000,I 75,I 75 and University Ave,,Sideswipe-Same Direction,2,Cloudy,Dry,Daylight
2022-01-23T04:08:00.000,I 75,I 75 and University Ave,,Rear End,2,Clear,Dry,Dark-Not Lighted
2022-10-31T08:01:00.000,I 75,I 75 and University Ave,,Rear End,2,Rain,Wet,Dawn
2022-12-08T10:16:00.000,I 75,I 75 and University Ave,,Rear End,2,Cloudy,Wet,Daylight
2022-03-14T17:34:00.000,I 75,I 75 and University Ave,,Rear End,2,Clear,Dry,Daylight
2022-06-06T11:00:00.000,I 75,I 75 and University Ave,,Rear End,4,Clear,Dry,Daylight
2022-12-09T16:08:00.000,I 75,I 75 and University Ave,,Rear End,2,Rain,Wet,Daylight
2022-12-30T12:30:00.000,I 75,I 75 and University Ave,,Sideswipe-Same Direction,2,Cloudy,Dry,Daylight
2022-10-24T19:15:00.000,I 75,I 75 and University Ave,,Sideswipe-Same Direction,2,Clear,Dry,Dark-Lighted
2022-11-14T09:13:00.000,I 75,I 75 and University Ave,,Rear End,3,Clear,Dry,Daylight
2022-05-06T12:22:00.000,I 75,I 75 and University Ave,,Sideswipe-Same Direction,2,Cloudy,Wet,Daylight
2022-06-03T17:20:00.000,I 75,I 75 and University Ave,,Sideswipe-Same Direction,2,Clear,Dry,Daylight
2022-10-13T06:22:00.000,I 75,I 75 and University Ave,,Sideswipe-Same Direction,2,Rain,Wet,Dark-Not Lighted
2022-05-27T10:22:00.000,I 75,I 75 and University Ave,,Rear End,2,Clear,Dry,Daylight
2022-03-23T15:45:00.000,I 75,I 75 and University Ave,,Rear End,2,Cloudy,Dry,Daylight
2022-11-11T13:00:00.000,I 75,I 75 and University Ave,,Sideswipe-Same Direction,2,Rain,Wet,Daylight
2022-07-05T07:05:00.000,I 75,I 75 and University Ave,,Rear End,2,Clear,Wet,Daylight
2022-10-09T17:37:00.000,I 75,I 75 and University Ave,,Rear End,2,Clear,Dry,Daylight
2022-04-14T15:07:00.000,I 75,I 75 and University Ave,,Sideswipe-Same Direction,2,Clear,Dry,Daylight
2022-05-26T19:03:00.000,I 75,I 75 and University Ave,,Sideswipe-Same Direction,2,Clear,Dry,Daylight
2022-07-21T07:02:00.000,I 75,I 75 and University Ave,,Rear End,2,Cloudy,Dry,Daylight
2022-05-19T19:00:00.000,I 75,I 75 and University Ave,,Sideswipe-Same Direction,2,Clear,Dry,Daylight
2022-11-22T14:02:00.000,I 75,I 75 and University Ave,,Rear End,2,Clear,Dry,Daylight
2022-01-21T15:00:00.000,I 75,I 75 and University Ave,,Sideswipe-Same Direction,2,Cloudy,Wet,Daylight
2022-02-25T18:34:00.000,I 75,I 75 and University Ave,,Rear End,2,Clear,Dry,Daylight
2022-03-24T14:14:00.000,I 75,I 75 and University Ave,,Rear End,2,Clear,Dry,Daylight
2022-08-11T16:00:00.000,I 75,I 75 and University Ave,,Rear End,2,Rain,Wet,Daylight
2022-06-23T18:06:00.000,I 75,I 75 and University Ave,,Rear End,2,Clear,Dry,Daylight
2022-11-11T17:30:00.000,I 75,I 75 and University Ave,,Rear End,2,Cloudy,Wet,Daylight
2022-04-25T10:49:00.000,I 75,I 75 and University Ave,,Sideswipe-Same Direction,2,Clear,Dry,Daylight
2022-06-30T17:46:00.000,I 75,I 75 and University Ave,,Rear End,2,Clear,Dry,Daylight
2022-06-09T19:09:00.000,I 75,I 75 and University Ave,,Rear End,2,Clear,Dry,Daylight
2022-02-27T23:28:00.000,I 75,I 75 and University Ave,,Rear End,2,Cloudy,Wet,Dark-Lighted
2022-05-03T11:10:00.000,I 75,I 75 and University Ave,,Rear End,4,Clear,Dry,Daylight
2022-05-31T08:25:00.000,I 75,I 75 and University Ave,,Sideswipe-Same Direction,2,Cloudy,Dry,Daylight
2022-03-08T08:40:00.000,I 75,I 75 and University Ave,,Rear End,2,Cloudy,Dry,Daylight
2022-11-28T07:10:00.000,I 75,I 75 and University Ave,,Rear End,2,Clear,Dry,Dark-Lighted
2022-06-02T07:58:00.000,I 75,I 75 and University Ave,,Rear End,2,Clear,Dry,Daylight
2022-10-27T12:01:00.000,I 75,I 75 and University Ave,,Rear End,2,Clear,Dry,Daylight
2022-11-22T11:48:00.000,I 75,I 75 and University Ave,,Rear End,2,Clear,Dry,Daylight
2022-12-05T12:53:00.000,I 75,I 75 and University Ave,,Rear End,2,Rain,Wet,Daylight
2022-09-30T07:45:00.000,I 75,I 75 and University Ave,,Rear End,2,Clear,Dry,Daylight
2022-12-06T07:12:00.000,I 75,I 75 and University Ave,,Sideswipe-Same Direction,3,Rain,Wet,Daylight
2022-04-01T15:38:00.000,I 75,I 75 and University Ave,,Rear End,3,Clear,Dry,Daylight
2022-08-25T16:00:00.000,I 75,I 75 and University Ave,,Rear End,2,Rain,Wet,Daylight
2022-10-03T13:15:00.000,I 75,I 75 and University Ave,,Rear End,2,Clear,Dry,Daylight
2022-12-08T08:08:00.000,I 75,I 75 and University Ave,,Angle Crash,2,Cloudy,Wet,Daylight
2022-07-01T17:39:00.000,I 75,I 75 and University Ave,,Rear End,2,Clear,Dry,Daylight
2022-07-25T17:08:00.000,I 75,I 75 and University Ave,,Rear End,2,Cloudy,Dry,Daylight
2022-12-05T12:53:00.000,I 75,I 75 and University Ave,,Rear End,2,Rain,Wet,Daylight
2022-03-25T21:04:00.000,I 75,I 75 and University Ave,,Sideswipe-Same Direction,3,Clear,Dry,Dark-Lighted
2022-02-11T17:55:00.000,I 75,I 75 and University Ave,,Rear End,2,Clear,Dry,Daylight
2022-05-17T18:16:00.000,I 75,I 75 and University Ave,,Rear End,2,Clear,Dry,Daylight
2022-06-09T06:45:00.000,I 75,I 75 and University Ave,,Rear End,2,Clear,Dry,Daylight
2022-08-26T13:57:00.000,I 75,I 75 and University Ave,,Rear End,2,Clear,Dry,Daylight
2022-09-21T18:03:00.000,I 75,I 75 and University Ave,,Rear End,2,Clear,Dry,Daylight
2022-11-17T11:10:00.000,I 75,I 75 and University Ave,,Rear End,4,Clear,Dry,Daylight
2022-01-20T08:45:00.000,I 75,I 75 and University Ave,,Rear End,3,Rain,Wet,Daylight
2022-06-23T18:02:00.000,I 75,I 75 and University Ave,,Rear End,2,Clear,Dry,Daylight
2022-10-31T08:00:00.000,I 75,I 75 and University Ave,,Sideswipe-Same Direction,2,Clear,Dry,Daylight
2023-06-15T19:11:00.000,I 75,I 75 and University Ave,,Not a Collision with Motor Vehicle,1,Clear,Dry,Daylight