Date and Time,Roadway (From Crash Report),Intersection Name (from Crash Report),KABCO Severity,Manner of Collision (Crash Level) ,# of Vehicles per crash ,Weather Conditions (Crash Level),Surface Condition (Crash Level) ,Light Conditions (Crash Level)
2024-08-22T04:40:00.000,I 75,I 75 and Todd Rd Opas,,Sideswipe-Same Direction,2,Clear,Dry,Dark-Not Lighted
2024-09-23T11:56:00.000,I 75,I 75 and Todd Rd Opas,,Rear End,2,Clear,Dry,Daylight
2022-12-19T12:48:00.000,I 75,I 75 and Todd Rd,,Rear End,5,Clear,Dry,Daylight
2023-12-16T17:45:00.000,I 75,I 75 and Todd Rd,,Not a Collision with Motor Vehicle,1,Rain,Wet,Dark-Not Lighted
2024-01-06T18:45:00.000,I 75,I 75 and Todd Rd,,Rear End,2,Clear,Dry,Dark-Not Lighted
2023-01-19T14:42:00.000,I 75,I 75 and To W Paces Ferry Rd,,Rear End,2,Clear,Dry,Daylight
2022-10-24T17:17:00.000,I 75,I 75 and To I16 E  I75 N Split,,Rear End,2,Clear,Dry,Daylight
2022-12-13T19:10:00.000,I 75,I 75 and To Cumberland Blvd,,Rear End,2,Clear,Dry,Dark-Not Lighted
2022-09-29T12:51:00.000,I 75,I 75 and To Barrett Pkwy,,Rear End,2,Clear,Dry,Daylight
2020-08-06T22:45:00.000,I 75,I 75 and Tn Line,,Rear End,2,Cloudy,Dry,Dark-Not Lighted
2021-01-16T17:40:00.000,I 75,I 75 and Tifton Eldorado Rd,,Not a Collision with Motor Vehicle,1,Clear,Dry,Daylight
2022-10-13T00:01:00.000,I 75,I 75 and Tifton Eldorado Rd,,Angle Crash,2,Rain,Wet,Dark-Not Lighted
2022-05-06T12:23:00.000,I 75,I 75 and Tifton Eldorado Rd,,Not a Collision with Motor Vehicle,1,Cloudy,Dry,Daylight
2022-01-02T19:48:00.000,I 75,I 75 and Tifton Eldorado Rd,,Not a Collision with Motor Vehicle,1,Rain,Wet,Dark-Not Lighted
2022-10-12T23:05:00.000,I 75,I 75 and Tifton Eldorado Rd,,Not a Collision with Motor Vehicle,1,Rain,Wet,Dark-Not Lighted
2024-02-12T11:55:00.000,I 75,I 75 and Tifton Eldorado Rd,,Rear End,2,Rain,Wet,Daylight
2023-02-25T09:25:00.000,I 75,I 75 and Tifton Eldorado Rd,,Not a Collision with Motor Vehicle,1,Cloudy,Dry,Daylight
2024-06-30T02:18:00.000,I 75,I 75 and Tifton Eldorado Rd,,Not a Collision with Motor Vehicle,1,Cloudy,Dry,Dark-Not Lighted
2023-06-15T10:35:00.000,I 75,I 75 and Tifton El Dorado Rd,,Not a Collision with Motor Vehicle,1,Rain,Wet,Daylight
2023-09-21T14:40:00.000,I 75,I 75 and Tift County Line,,Not a Collision with Motor Vehicle,1,Clear,Dry,Daylight
2020-12-04T23:15:00.000,I 75,I 75 and Tift College Dr,,Rear End,2,Cloudy,Dry,Dark-Lighted
2024-06-25T17:42:00.000,I 75,I 75 and Tift College Dr,,Rear End,2,Clear,Dry,Daylight
2022-01-09T14:15:00.000,I 75,I 75 and Tift   Turner County Line,,Not a Collision with Motor Vehicle,1,Clear,Dry,Daylight
2020-11-19T18:38:00.000,I 75,I 75 and Three Notch Rd,,Rear End,3,Clear,Dry,Dark-Not Lighted
2021-01-07T11:10:00.000,I 75,I 75 and Thomaston Rd,,Rear End,2,Cloudy,Dry,Daylight
2024-06-16T18:52:00.000,I 75,I 75 and The 187 On Rp,,Sideswipe-Same Direction,2,Clear,Dry,Daylight
2021-02-07T17:00:00.000,I 75,I 75 and Terrll Mill Rd,,Not a Collision with Motor Vehicle,1,Clear,Dry,Daylight
2022-04-29T00:00:00.000,I 75,I 75 and Terrell Ml,,Rear End,2,Cloudy,Dry,Daylight
2024-06-20T15:27:00.000,I 75,I 75 and Terrell Ml,,Sideswipe-Same Direction,2,Clear,Dry,Daylight
2021-07-28T12:10:00.000,I 75,I 75 and Terrell Mill Road Underpass,,Rear End,2,Clear,Dry,Daylight
2023-11-06T09:30:00.000,I 75,I 75 and Terrell Mill Road S,,Sideswipe-Same Direction,2,Clear,Dry,Daylight
2023-05-11T07:16:00.000,I 75,I 75 and Terrell Mill Rd.,,Rear End,2,Cloudy,Dry,Daylight
2021-03-27T14:00:00.000,I 75,I 75 and Terrell Mill Rd Underpass,,Sideswipe-Same Direction,2,Cloudy,Dry,Daylight
2021-10-19T18:50:00.000,I 75,I 75 and Terrell Mill Rd Underpass,,Rear End,3,Clear,Dry,Dusk
2020-07-01T16:28:00.000,I 75,I 75 and Terrell Mill Rd Opas,,Angle Crash,2,Clear,Dry,Daylight
2021-07-11T13:00:00.000,I 75,I 75 and Terrell Mill Rd,,Rear End,2,Cloudy,Wet,Daylight
2021-03-17T08:11:00.000,I 75,I 75 and Terrell Mill Rd,,Sideswipe-Same Direction,2,Rain,Wet,Daylight
2021-03-21T18:05:00.000,I 75,I 75 and Terrell Mill Rd,,Rear End,2,Cloudy,Dry,Daylight
2021-01-15T14:45:00.000,I 75,I 75 and Terrell Mill Rd,,Angle Crash,2,Clear,Dry,Daylight
2021-06-21T07:49:00.000,I 75,I 75 and Terrell Mill Rd,,Rear End,2,Cloudy,Dry,Daylight
2021-07-29T20:45:00.000,I 75,I 75 and Terrell Mill Rd,,Angle Crash,2,Clear,Dry,Dusk
2021-11-27T01:19:00.000,I 75,I 75 and Terrell Mill Rd,,Not a Collision with Motor Vehicle,1,Clear,Dry,Dark-Lighted
2021-04-27T05:32:00.000,I 75,I 75 and Terrell Mill Rd,,Sideswipe-Same Direction,2,Clear,Dry,Dark-Lighted
2021-10-30T16:00:00.000,I 75,I 75 and Terrell Mill Rd,,Sideswipe-Same Direction,2,Rain,Wet,Daylight
2021-09-01T06:15:00.000,I 75,I 75 and Terrell Mill Rd,,Sideswipe-Same Direction,3,Clear,Dry,Daylight
2021-03-03T07:42:00.000,I 75,I 75 and Terrell Mill Rd,,Sideswipe-Same Direction,2,Clear,Wet,Daylight
2021-02-18T20:00:00.000,I 75,I 75 and Terrell Mill Rd,,Rear End,2,Clear,Dry,Dark-Lighted
2021-04-04T15:42:00.000,I 75,I 75 and Terrell Mill Rd,,Sideswipe-Same Direction,2,Clear,Dry,Daylight
2021-02-11T12:55:00.000,I 75,I 75 and Terrell Mill Rd,,Sideswipe-Same Direction,2,Rain,Wet,Daylight
2021-08-07T18:42:00.000,I 75,I 75 and Terrell Mill Rd,,Rear End,2,Cloudy,Wet,Daylight
2021-09-19T04:04:00.000,I 75,I 75 and Terrell Mill Rd,,Not a Collision with Motor Vehicle,1,Rain,Wet,Dark-Lighted
2021-09-15T07:40:00.000,I 75,I 75 and Terrell Mill Rd,,Angle Crash,2,Cloudy,Dry,Daylight
2021-03-13T15:10:00.000,I 75,I 75 and Terrell Mill Rd,,Sideswipe-Same Direction,2,Cloudy,Dry,Daylight
2020-09-15T06:55:00.000,I 75,I 75 and Terrell Mill Rd,,Sideswipe-Same Direction,2,Cloudy,Dry,Dark-Not Lighted
2023-11-14T14:00:00.000,I 75,I 75 and Terrell Mill Rd,,Sideswipe-Same Direction,2,Clear,Dry,Daylight
2023-10-25T22:47:00.000,I 75,I 75 and Terrell Mill Rd,,Sideswipe-Same Direction,2,Clear,Dry,Dark-Lighted
2023-03-25T13:46:00.000,I 75,I 75 and Terrell Mill Rd,,Rear End,2,Clear,Dry,Daylight
2023-04-05T18:04:00.000,I 75,I 75 and Terrell Mill Rd,,Rear End,2,Clear,Dry,Daylight
2023-07-02T22:16:00.000,I 75,I 75 and Terrell Mill Rd,,Sideswipe-Same Direction,2,Cloudy,Dry,Dark-Lighted
2023-04-01T12:12:00.000,I 75,I 75 and Terrell Mill Rd,,Angle Crash,2,Clear,Dry,Daylight
2023-03-29T13:34:00.000,I 75,I 75 and Terrell Mill Rd,,Sideswipe-Same Direction,2,Clear,Dry,Daylight
2023-01-13T22:50:00.000,I 75,I 75 and Terrell Mill Rd,,Angle Crash,2,Clear,Dry,Dark-Lighted
2023-10-18T10:37:00.000,I 75,I 75 and Terrell Mill Rd,,Angle Crash,2,Clear,Dry,Daylight
2023-03-15T08:41:00.000,I 75,I 75 and Terrell Mill Rd,,Rear End,2,Clear,Dry,Daylight
2023-02-18T22:13:00.000,I 75,I 75 and Terrell Mill Rd,,Rear End,2,Clear,Dry,Dark-Not Lighted
2023-12-21T18:45:00.000,I 75,I 75 and Terrell Mill Rd,,Sideswipe-Same Direction,2,Clear,Dry,Dark-Not Lighted
2023-01-09T09:21:00.000,I 75,I 75 and Terrell Mill Rd,,Rear End,2,Clear,Dry,Daylight
2023-12-05T13:52:00.000,I 75,I 75 and Terrell Mill Rd,,Rear End,2,Clear,Dry,Daylight
2023-08-26T15:13:00.000,I 75,I 75 and Terrell Mill Rd,,Sideswipe-Same Direction,2,Clear,Dry,Daylight
2023-05-21T14:50:00.000,I 75,I 75 and Terrell Mill Rd,,Rear End,2,Clear,Dry,Daylight
2023-04-17T12:00:00.000,I 75,I 75 and Terrell Mill Rd,,Not a Collision with Motor Vehicle,1,Clear,Dry,Daylight
2023-04-12T10:47:00.000,I 75,I 75 and Terrell Mill Rd,,Sideswipe-Same Direction,2,Clear,Dry,Daylight
2023-12-30T14:00:00.000,I 75,I 75 and Terrell Mill Rd,,Angle Crash,2,Clear,Dry,Daylight
2023-03-15T15:05:00.000,I 75,I 75 and Terrell Mill Rd,,Angle Crash,2,Cloudy,Dry,Daylight
2023-04-12T13:56:00.000,I 75,I 75 and Terrell Mill Rd,,Angle Crash,3,Clear,Dry,Daylight
2022-10-28T14:32:00.000,I 75,I 75 and Terrell Mill Rd,,Rear End,2,Clear,Dry,Daylight
2022-01-14T16:27:00.000,I 75,I 75 and Terrell Mill Rd,,Rear End,2,Clear,Dry,Daylight
2020-02-22T14:45:00.000,I 75,I 75 and Terrell Mill Rd,,Rear End,2,Clear,Dry,Daylight
2020-05-29T14:45:00.000,I 75,I 75 and Terrell Mill Rd,,Rear End,1,Cloudy,Dry,Daylight
2020-03-08T15:20:00.000,I 75,I 75 and Terrell Mill Rd,,Sideswipe-Same Direction,1,Clear,Dry,Daylight
2020-10-25T00:01:00.000,I 75,I 75 and Terrell Mill Rd,,Not a Collision with Motor Vehicle,1,Rain,Wet,Dark-Not Lighted
2020-10-08T21:27:00.000,I 75,I 75 and Terrell Mill Rd,,Rear End,2,Clear,Dry,Dark-Not Lighted
2020-12-16T13:23:00.000,I 75,I 75 and Terrell Mill Rd,,Sideswipe-Same Direction,2,Rain,Wet,Daylight
2020-10-17T17:10:00.000,I 75,I 75 and Terrell Mill Rd,,Rear End,2,Clear,Dry,Daylight
2020-11-18T17:40:00.000,I 75,I 75 and Terrell Mill Rd,,Rear End,2,Clear,Dry,Dusk
2020-10-15T20:20:00.000,I 75,I 75 and Terrell Mill Rd,,Angle Crash,2,Clear,Dry,Dark-Not Lighted
2020-07-08T13:20:00.000,I 75,I 75 and Terrell Mill Rd,,Angle Crash,2,Cloudy,Dry,Daylight
2020-05-22T13:51:00.000,I 75,I 75 and Terrell Mill Rd,,Rear End,2,Clear,Dry,Daylight
2020-07-05T13:21:00.000,I 75,I 75 and Terrell Mill Rd,,Sideswipe-Same Direction,2,Cloudy,Dry,Daylight
2020-11-14T12:25:00.000,I 75,I 75 and Terrell Mill Rd,,Rear End,3,Clear,Dry,Daylight
2020-03-14T15:18:00.000,I 75,I 75 and Terrell Mill Rd,,Rear End,2,Cloudy,Dry,Daylight
2020-02-03T07:41:00.000,I 75,I 75 and Terrell Mill Rd,,Rear End,2,Clear,Dry,Daylight
2020-02-02T16:15:00.000,I 75,I 75 and Terrell Mill Rd,,Sideswipe-Same Direction,2,Clear,Dry,Daylight
2020-09-25T17:25:00.000,I 75,I 75 and Terrell Mill Rd,,Rear End,2,Cloudy,Dry,Daylight
2021-06-20T13:13:00.000,I 75,I 75 and Terrell Mill Rd,,Angle Crash,3,Cloudy,Dry,Daylight
2021-06-07T14:20:00.000,I 75,I 75 and Terrell Mill Rd,,Rear End,2,Clear,Dry,Daylight
2021-01-30T13:47:00.000,I 75,I 75 and Terrell Mill Rd,,Rear End,2,Clear,Dry,Daylight
2021-04-04T15:00:00.000,I 75,I 75 and Terrell Mill Rd,,Sideswipe-Same Direction,2,Clear,Dry,Daylight
2021-12-18T17:43:00.000,I 75,I 75 and Terrell Mill Rd,,Rear End,2,Rain,Wet,Dark-Lighted
2021-08-18T07:30:00.000,I 75,I 75 and Terrell Mill Rd,,Rear End,4,Cloudy,Dry,Daylight
2021-09-15T07:41:00.000,I 75,I 75 and Terrell Mill Rd,,Angle Crash,2,Cloudy,Dry,Daylight
2022-05-24T15:20:00.000,I 75,I 75 and Terrell Mill Rd,,Sideswipe-Same Direction,2,Clear,Dry,Daylight
2022-10-13T15:45:00.000,I 75,I 75 and Terrell Mill Rd,,Rear End,2,Clear,Dry,Daylight
2022-10-05T16:23:00.000,I 75,I 75 and Terrell Mill Rd,,Sideswipe-Same Direction,2,Clear,Dry,Daylight
2022-05-14T12:30:00.000,I 75,I 75 and Terrell Mill Rd,,Sideswipe-Same Direction,2,Clear,Dry,Daylight
2022-08-06T15:15:00.000,I 75,I 75 and Terrell Mill Rd,,Sideswipe-Same Direction,3,Clear,Dry,Daylight
2022-11-16T09:58:00.000,I 75,I 75 and Terrell Mill Rd,,Rear End,3,Cloudy,Dry,Daylight
2022-12-25T16:07:00.000,I 75,I 75 and Terrell Mill Rd,,Not a Collision with Motor Vehicle,1,Clear,Dry,Daylight
2022-01-12T19:45:00.000,I 75,I 75 and Terrell Mill Rd,,Sideswipe-Same Direction,2,Clear,Dry,Dark-Not Lighted
2022-10-09T12:59:00.000,I 75,I 75 and Terrell Mill Rd,,Rear End,2,Clear,Dry,Daylight
2022-03-04T13:20:00.000,I 75,I 75 and Terrell Mill Rd,,Not a Collision with Motor Vehicle,1,Clear,Dry,Daylight
2022-01-14T16:25:00.000,I 75,I 75 and Terrell Mill Rd,,Rear End,2,Clear,Dry,Daylight
2022-05-04T12:02:00.000,I 75,I 75 and Terrell Mill Rd,,Rear End,2,Cloudy,Dry,Daylight
2022-06-15T12:40:00.000,I 75,I 75 and Terrell Mill Rd,,Rear End,2,Clear,Dry,Daylight
2022-05-05T09:53:00.000,I 75,I 75 and Terrell Mill Rd,,Sideswipe-Same Direction,2,Clear,Dry,Daylight
2022-01-23T03:05:00.000,I 75,I 75 and Terrell Mill Rd,,Rear End,2,Cloudy,Dry,Dark-Not Lighted
2022-10-05T15:11:00.000,I 75,I 75 and Terrell Mill Rd,,Rear End,2,Clear,Dry,Daylight
2022-07-18T21:20:00.000,I 75,I 75 and Terrell Mill Rd,,Angle Crash,4,Clear,Dry,Dark-Lighted
2022-04-10T12:57:00.000,I 75,I 75 and Terrell Mill Rd,,Sideswipe-Same Direction,3,Clear,Dry,Daylight
2022-02-26T13:59:00.000,I 75,I 75 and Terrell Mill Rd,,Rear End,2,Cloudy,Dry,Daylight
2022-10-09T12:15:00.000,I 75,I 75 and Terrell Mill Rd,,Rear End,4,Clear,Dry,Daylight
2022-11-30T11:43:00.000,I 75,I 75 and Terrell Mill Rd,,Sideswipe-Same Direction,2,Cloudy,Dry,Daylight
2022-11-17T09:00:00.000,I 75,I 75 and Terrell Mill Rd,,Rear End,2,Cloudy,Dry,Daylight
2022-10-26T00:10:00.000,I 75,I 75 and Terrell Mill Rd,,Angle Crash,2,Rain,Wet,Dark-Not Lighted
2022-06-08T12:00:00.000,I 75,I 75 and Terrell Mill Rd,,Rear End,2,Cloudy,Dry,Daylight
2022-09-10T11:43:00.000,I 75,I 75 and Terrell Mill Rd,,Rear End,2,Cloudy,Wet,Daylight
2022-01-12T18:43:00.000,I 75,I 75 and Terrell Mill Rd,,Sideswipe-Same Direction,2,Clear,Dry,Dark-Not Lighted
2022-11-29T11:00:00.000,I 75,I 75 and Terrell Mill Rd,,Rear End,2,Clear,Dry,Daylight
2022-03-26T17:12:00.000,I 75,I 75 and Terrell Mill Rd,,Rear End,2,Clear,Dry,Daylight
2022-05-13T07:37:00.000,I 75,I 75 and Terrell Mill Rd,,Angle Crash,2,Cloudy,Dry,Daylight
2022-10-01T12:18:00.000,I 75,I 75 and Terrell Mill Rd,,Rear End,3,Clear,Dry,Daylight
2022-11-11T00:05:00.000,I 75,I 75 and Terrell Mill Rd,,Angle Crash,3,Clear,Dry,Dark-Not Lighted
2022-03-16T09:30:00.000,I 75,I 75 and Terrell Mill Rd,,Rear End,2,Clear,Dry,Daylight
2022-06-29T10:27:00.000,I 75,I 75 and Terrell Mill Rd,,Sideswipe-Same Direction,2,Cloudy,Dry,Daylight
2022-09-02T10:52:00.000,I 75,I 75 and Terrell Mill Rd,,Rear End,2,Cloudy,Dry,Daylight
2022-05-08T18:15:00.000,I 75,I 75 and Terrell Mill Rd,,Rear End,3,Clear,Dry,Daylight
2022-04-27T09:15:00.000,I 75,I 75 and Terrell Mill Rd,,Rear End,3,Clear,Dry,Daylight
2022-10-09T05:40:00.000,I 75,I 75 and Terrell Mill Rd,,Rear End,2,Clear,Dry,Dark-Not Lighted
2022-06-27T22:46:00.000,I 75,I 75 and Terrell Mill Rd,,Not a Collision with Motor Vehicle,1,Clear,Dry,Dark-Lighted
2022-12-25T07:54:00.000,I 75,I 75 and Terrell Mill Rd,,Rear End,2,Clear,Dry,Daylight
2022-08-09T12:13:00.000,I 75,I 75 and Terrell Mill Rd,,Not a Collision with Motor Vehicle,1,Cloudy,Dry,Daylight
2022-11-02T19:40:00.000,I 75,I 75 and Terrell Mill Rd,,Sideswipe-Same Direction,2,Cloudy,Dry,Dark-Not Lighted
2022-09-02T18:17:00.000,I 75,I 75 and Terrell Mill Rd,,Rear End,2,Cloudy,Dry,Daylight
2022-10-15T11:19:00.000,I 75,I 75 and Terrell Mill Rd,,Rear End,2,Clear,Dry,Daylight
2022-08-09T12:13:00.000,I 75,I 75 and Terrell Mill Rd,,Not a Collision with Motor Vehicle,1,Cloudy,Dry,Daylight
2022-10-09T12:13:00.000,I 75,I 75 and Terrell Mill Rd,,Angle Crash,5,Clear,Dry,Daylight
2022-11-12T00:05:00.000,I 75,I 75 and Terrell Mill Rd,,Sideswipe-Same Direction,3,Clear,Dry,Dark-Not Lighted
2023-05-07T14:25:00.000,I 75,I 75 and Terrell Mill Rd,,Sideswipe-Same Direction,2,Clear,Dry,Daylight
2023-10-28T12:42:00.000,I 75,I 75 and Terrell Mill Rd,,Rear End,1,Clear,Dry,Daylight
2024-11-09T17:43:00.000,I 75,I 75 and Terrell Mill Rd,,Rear End,3,Cloudy,Dry,Dusk
2024-12-16T06:43:00.000,I 75,I 75 and Terrell Mill Rd,,Sideswipe-Same Direction,2,Cloudy,Wet,Dark-Not Lighted
2024-11-23T09:17:00.000,I 75,I 75 and Terrell Mill Rd,,Sideswipe-Same Direction,2,Clear,Dry,Daylight
2024-05-15T16:50:00.000,I 75,I 75 and Terrell Mill Rd,,Sideswipe-Same Direction,2,Clear,Dry,Daylight
2024-05-18T16:00:00.000,I 75,I 75 and Terrell Mill Rd,,Sideswipe-Same Direction,2,Clear,Dry,Daylight
2024-12-13T13:30:00.000,I 75,I 75 and Terrell Mill Rd,,Sideswipe-Same Direction,2,Clear,Dry,Daylight
2024-09-14T14:17:00.000,I 75,I 75 and Terrell Mill Rd,,Sideswipe-Same Direction,2,Cloudy,Wet,Daylight
2024-10-05T11:23:00.000,I 75,I 75 and Terrell Mill Rd,,Rear End,2,Clear,Dry,Daylight
2024-02-09T06:46:00.000,I 75,I 75 and Terrell Mill Rd,,Sideswipe-Same Direction,2,Cloudy,Dry,Dark-Not Lighted
2024-10-26T18:25:00.000,I 75,I 75 and Terrell Mill Rd,,Sideswipe-Same Direction,2,Clear,Dry,Daylight
2023-08-06T19:09:00.000,I 75,I 75 and Terrell Mill Rd,,Not a Collision with Motor Vehicle,1,Rain,Wet,Daylight
2023-04-22T13:53:00.000,I 75,I 75 and Terrell Mill Rd,,Sideswipe-Same Direction,2,Clear,Dry,Daylight
2023-08-10T09:30:00.000,I 75,I 75 and Terrell Mill Rd,,Rear End,2,Rain,Wet,Daylight
2023-02-22T10:41:00.000,I 75,I 75 and Terrell Mill Rd,,Rear End,2,Cloudy,Dry,Daylight
2023-12-03T06:20:00.000,I 75,I 75 and Terrell Mill Rd,,Not a Collision with Motor Vehicle,1,Rain,Wet,Dark-Lighted
2023-01-27T19:41:00.000,I 75,I 75 and Terrell Mill Rd,,Sideswipe-Same Direction,2,Cloudy,Dry,Dark-Lighted
2023-10-07T16:07:00.000,I 75,I 75 and Terrell Mill Rd,,Rear End,2,Clear,Dry,Daylight
2023-06-23T14:21:00.000,I 75,I 75 and Terrell Mill Rd,,Sideswipe-Same Direction,2,Rain,Wet,Daylight
2023-10-28T12:40:00.000,I 75,I 75 and Terrell Mill Rd,,Rear End,3,Clear,Dry,Daylight
2023-03-15T11:31:00.000,I 75,I 75 and Terrell Mill Rd,,Rear End,2,Clear,Dry,Daylight
2023-07-20T08:00:00.000,I 75,I 75 and Terrell Mill Rd,,Angle Crash,2,Cloudy,Dry,Daylight
2023-10-11T17:31:00.000,I 75,I 75 and Terrell Mill Rd,,Rear End,2,Rain,Wet,Daylight
2023-04-03T13:48:00.000,I 75,I 75 and Terrell Mill Rd,,Sideswipe-Same Direction,2,Cloudy,Dry,Daylight
2023-07-29T14:40:00.000,I 75,I 75 and Terrell Mill Rd,,Rear End,2,Clear,Dry,Daylight
2023-02-04T16:00:00.000,I 75,I 75 and Terrell Mill Rd,,Rear End,2,Clear,Dry,Daylight
2023-08-06T12:47:00.000,I 75,I 75 and Terrell Mill Rd,,Rear End,4,Cloudy,Dry,Daylight
2023-03-15T08:41:00.000,I 75,I 75 and Terrell Mill Rd,,Rear End,2,Clear,Dry,Daylight
2023-05-20T11:23:00.000,I 75,I 75 and Terrell Mill Rd,,Sideswipe-Same Direction,2,Cloudy,Dry,Daylight
2023-04-02T14:45:00.000,I 75,I 75 and Terrell Mill Rd,,Sideswipe-Same Direction,2,Clear,Dry,Daylight
2024-02-25T13:53:00.000,I 75,I 75 and Terrell Mill Rd,,Rear End,4,Cloudy,Dry,Daylight
2024-03-30T10:30:00.000,I 75,I 75 and Terrell Mill Rd,,Angle Crash,2,Clear,Dry,Daylight
2024-06-25T15:21:00.000,I 75,I 75 and Terrell Mill Rd,,Rear End,2,Clear,Dry,Daylight
2024-02-18T12:52:00.000,I 75,I 75 and Terrell Mill Rd,,Sideswipe-Same Direction,2,Clear,Dry,Daylight
2024-05-04T06:27:00.000,I 75,I 75 and Terrell Mill Rd,,Rear End,2,Rain,Wet,Dark-Lighted
2024-02-10T18:24:00.000,I 75,I 75 and Terrell Mill Rd,,Rear End,2,Rain,Wet,Dark-Not Lighted
2024-01-10T07:10:00.000,I 75,I 75 and Terrell Mill Rd,,Rear End,2,Cloudy,Dry,Dawn
2024-05-18T20:48:00.000,I 75,I 75 and Terrell Mill Rd,,Angle Crash,3,Cloudy,Dry,Dark-Lighted
2024-06-26T09:59:00.000,I 75,I 75 and Terrell Mill Rd,,Sideswipe-Same Direction,2,Clear,Dry,Daylight
2024-12-21T01:41:00.000,I 75,I 75 and Terrell Mill Rd,,Rear End,2,Clear,Dry,Dark-Lighted
2024-05-25T15:40:00.000,I 75,I 75 and Terrell Mill Rd,,Rear End,3,Clear,Dry,Daylight
2024-12-18T16:58:00.000,I 75,I 75 and Terrell Mill Rd,,Rear End,2,Clear,Dry,Daylight
2024-12-13T19:53:00.000,I 75,I 75 and Terrell Mill Rd,,Sideswipe-Same Direction,2,Clear,Dry,Dark-Lighted
2024-10-24T10:40:00.000,I 75,I 75 and Terrell Mill Rd,,Rear End,2,Clear,Dry,Daylight
2024-06-14T13:12:00.000,I 75,I 75 and Terrell Mill Rd,,Rear End,2,Clear,Dry,Daylight
2024-03-25T08:57:00.000,I 75,I 75 and Terrell Mill Rd,,Rear End,2,Clear,Dry,Daylight
2024-10-04T15:45:00.000,I 75,I 75 and Terrell Mill Rd,,Sideswipe-Same Direction,2,Clear,Dry,Daylight
2024-12-28T16:00:00.000,I 75,I 75 and Terrell Mill Rd,,Sideswipe-Same Direction,2,Rain,Wet,Daylight
2024-09-20T12:35:00.000,I 75,I 75 and Terrell Mill Rd,,Angle Crash,2,Clear,Dry,Daylight
2024-05-25T16:30:00.000,I 75,I 75 and Terrell Mill Rd,,Rear End,2,Clear,Dry,Daylight
2024-09-15T17:16:00.000,I 75,I 75 and Terrell Mill Rd,,Sideswipe-Same Direction,2,Cloudy,Dry,Daylight
2024-12-21T13:36:00.000,I 75,I 75 and Terrell Mill Rd,,Rear End,2,Clear,Dry,Daylight
2024-10-16T13:24:00.000,I 75,I 75 and Terrell Mill Rd,,Sideswipe-Same Direction,2,Clear,Dry,Daylight
2024-10-31T06:13:00.000,I 75,I 75 and Terrell Mill Rd,,Sideswipe-Same Direction,2,Cloudy,Dry,Dark-Not Lighted
2024-04-24T14:09:00.000,I 75,I 75 and Terrell Mill Rd,,Sideswipe-Same Direction,2,Cloudy,Dry,Daylight
2024-05-25T15:11:00.000,I 75,I 75 and Terrell Mill Rd,,Rear End,4,Clear,Dry,Daylight
2024-12-10T20:50:00.000,I 75,I 75 and Terrell Mill Rd,,Not a Collision with Motor Vehicle,1,Rain,Water (standing or moving),Dark-Not Lighted
2024-08-20T08:00:00.000,I 75,I 75 and Terrell Mill Rd,,Rear End,2,Clear,Dry,Daylight
2024-09-28T05:45:00.000,I 75,I 75 and Terrell Mill Rd,,Sideswipe-Same Direction,2,Cloudy,Dry,Dark-Not Lighted
2024-10-30T18:30:00.000,I 75,I 75 and Terrell Mill Rd,,Sideswipe-Same Direction,2,Clear,Dry,Daylight
2024-09-29T17:20:00.000,I 75,I 75 and Terrell Mill Rd,,Rear End,2,Clear,Dry,Daylight
2024-10-24T16:00:00.000,I 75,I 75 and Terrell Mill Rd,,Rear End,2,Clear,Dry,Daylight
2024-07-16T16:10:00.000,I 75,I 75 and Terrell Mill Rd,,Sideswipe-Same Direction,2,Clear,Dry,Daylight
2024-05-01T12:03:00.000,I 75,I 75 and Terrell Mill Rd,,Sideswipe-Same Direction,2,Clear,Dry,Daylight
2021-06-16T19:05:00.000,I 75,I 75 and Terrell Mill Opas,,Sideswipe-Same Direction,2,Clear,Dry,Daylight
2023-07-15T20:50:00.000,I 75,I 75 and Terrell Mill,,Angle Crash,2,Clear,Dry,Dark-Lighted
2024-09-23T09:08:00.000,I 75,I 75 and Terrell Mill,,Rear End,2,Clear,Dry,Daylight
2022-08-07T14:50:00.000,I 75,I 75 and Terrel Ml,,Sideswipe-Same Direction,2,Cloudy,Dry,Daylight
2024-01-07T11:45:00.000,I 75,I 75 and Terrel Ml,,Sideswipe-Same Direction,2,Cloudy,Dry,Daylight
2024-05-21T06:09:00.000,I 75,I 75 and Tenth St,,Sideswipe-Same Direction,2,Clear,Dry,Dawn
2020-06-12T17:34:00.000,I 75,I 75 and Tennessee State Line,,Rear End,2,Cloudy,Dry,Daylight
2020-09-13T15:50:00.000,I 75,I 75 and Tennessee State Line,,Angle Crash,2,Clear,Dry,Daylight
2020-10-08T11:47:00.000,I 75,I 75 and Tennessee State Line,,Rear End,2,Clear,Dry,Daylight
2021-03-05T11:25:00.000,I 75,I 75 and Tennessee State Line,,Sideswipe-Same Direction,2,Cloudy,Dry,Daylight
2021-03-21T17:59:00.000,I 75,I 75 and Tennessee State Line,,Rear End,2,Cloudy,Dry,Daylight
2021-05-21T12:20:00.000,I 75,I 75 and Tennessee State Line,,Rear End,2,Clear,Dry,Daylight
2022-08-20T17:42:00.000,I 75,I 75 and Tennessee State Line,,Rear End,2,Rain,Wet,Daylight
2024-02-23T13:05:00.000,I 75,I 75 and Tennessee State Line,,Rear End,2,Cloudy,Dry,Daylight
2024-07-11T16:28:00.000,I 75,I 75 and Tennessee State Line,,(None),2,(None),(None),(None)