Date and Time,Roadway (From Crash Report),Intersection Name (from Crash Report),KABCO Severity,Manner of Collision (Crash Level) ,# of Vehicles per crash ,Weather Conditions (Crash Level),Surface Condition (Crash Level) ,Light Conditions (Crash Level)
2024-11-12T08:00:00.000,I 75,I 75 and Tennessee State Line,,Rear End,2,Clear,Dry,Daylight
2020-06-04T22:55:00.000,I 75,I 75 and Tennessee Line,,Rear End,2,Clear,Dry,Dark-Not Lighted
2020-12-11T03:20:00.000,I 75,I 75 and Tennessee   State Line,,Sideswipe-Same Direction,2,Clear,Dry,Dark-Not Lighted
2022-05-25T07:55:00.000,I 75,I 75 and Tennessee,,Rear End,2,Cloudy,Wet,Daylight
2021-10-26T15:06:00.000,I 75,I 75 and Ted Turner Dr,,Rear End,2,Clear,Dry,Daylight
2022-05-03T13:45:00.000,I 75,I 75 and Ted Turner Dr,,Rear End,2,Cloudy,Dry,Daylight
2023-05-01T07:40:00.000,I 75,I 75 and Ted Turner,,Sideswipe-Same Direction,2,Clear,Dry,Daylight
2022-02-10T15:53:00.000,I 75,I 75 and Ted Turner,,Sideswipe-Same Direction,2,Clear,Dry,Daylight
2024-07-30T15:40:00.000,I 75,I 75 and Techwood Dr,,Sideswipe-Same Direction,3,Clear,Dry,Daylight
2023-03-22T14:40:00.000,I 75,I 75 and Taylor Rd,,Angle Crash,2,Clear,Dry,Daylight
2020-10-11T00:00:00.000,I 75,I 75 and Tara Bvld,,Sideswipe-Same Direction,2,Cloudy,Wet,Daylight
2022-06-27T19:24:00.000,I 75,I 75 and Tara Blvd.,,Sideswipe-Same Direction,2,Clear,Wet,Daylight
2023-05-21T20:15:00.000,I 75,I 75 and Tara Blvd Rp,,Sideswipe-Same Direction,2,Clear,Dry,Dark-Not Lighted
2024-11-25T22:46:00.000,I 75,I 75 and Tara Blvd Rp,,Sideswipe-Same Direction,2,Clear,Dry,Dark-Lighted
2023-06-02T23:20:00.000,I 75,I 75 and Tara Blvd Exit,,Sideswipe-Same Direction,2,Clear,Dry,Dark-Lighted
2022-07-04T13:49:00.000,I 75,I 75 and Tara Blvd Conn Opas,,Rear End,3,Clear,Dry,Daylight
2021-04-29T17:47:00.000,I 75,I 75 and Tara Blvd Conn,,Sideswipe-Same Direction,2,Clear,Dry,Daylight
2021-09-13T13:40:00.000,I 75,I 75 and Tara Blvd Conn,,Sideswipe-Same Direction,2,Clear,Dry,Daylight
2021-11-10T11:40:00.000,I 75,I 75 and Tara Blvd Conn,,Rear End,2,Clear,Dry,Daylight
2021-05-24T13:43:00.000,I 75,I 75 and Tara Blvd Conn,,Sideswipe-Same Direction,2,Clear,Dry,Daylight
2021-05-21T13:46:00.000,I 75,I 75 and Tara Blvd Conn,,Sideswipe-Same Direction,2,Clear,Dry,Daylight
2021-10-29T06:14:00.000,I 75,I 75 and Tara Blvd Conn,,Rear End,2,Rain,Wet,Dark-Not Lighted
2021-07-14T16:46:00.000,I 75,I 75 and Tara Blvd Conn,,Sideswipe-Same Direction,2,Clear,Dry,Daylight
2021-12-07T22:45:00.000,I 75,I 75 and Tara Blvd Conn,,Not a Collision with Motor Vehicle,1,Cloudy,Wet,Dark-Not Lighted
2021-05-11T04:18:00.000,I 75,I 75 and Tara Blvd Conn,,Angle Crash,2,Clear,Dry,Dark-Lighted
2021-02-10T17:07:00.000,I 75,I 75 and Tara Blvd Conn,,Rear End,2,Clear,Dry,Daylight
2021-09-21T08:32:00.000,I 75,I 75 and Tara Blvd Conn,,Rear End,3,Rain,Wet,Daylight
2021-11-30T13:28:00.000,I 75,I 75 and Tara Blvd Conn,,Not a Collision with Motor Vehicle,1,Clear,Dry,Daylight
2021-09-25T00:00:00.000,I 75,I 75 and Tara Blvd Conn,,Sideswipe-Same Direction,2,Clear,Dry,Dark-Not Lighted
2021-05-12T02:03:00.000,I 75,I 75 and Tara Blvd Conn,,Not a Collision with Motor Vehicle,1,Clear,Dry,Dark-Not Lighted
2023-11-01T08:40:00.000,I 75,I 75 and Tara Blvd Conn,,Rear End,2,Clear,Dry,Daylight
2023-05-11T08:10:00.000,I 75,I 75 and Tara Blvd Conn,,Sideswipe-Same Direction,2,Clear,Dry,Daylight
2023-01-01T00:38:00.000,I 75,I 75 and Tara Blvd Conn,,Rear End,2,Clear,Dry,Dark-Not Lighted
2023-01-08T18:26:00.000,I 75,I 75 and Tara Blvd Conn,,Angle Crash,2,Rain,Wet,Dark-Lighted
2023-04-19T18:50:00.000,I 75,I 75 and Tara Blvd Conn,,Not a Collision with Motor Vehicle,2,Clear,Dry,Daylight
2023-08-10T19:00:00.000,I 75,I 75 and Tara Blvd Conn,,Sideswipe-Same Direction,2,Clear,Dry,Daylight
2023-02-20T17:03:00.000,I 75,I 75 and Tara Blvd Conn,,Angle Crash,2,Cloudy,Dry,Daylight
2023-04-30T19:00:00.000,I 75,I 75 and Tara Blvd Conn,,Sideswipe-Same Direction,2,Clear,Dry,Daylight
2023-05-14T11:20:00.000,I 75,I 75 and Tara Blvd Conn,,Sideswipe-Same Direction,2,Clear,Dry,Daylight
2023-01-19T07:02:00.000,I 75,I 75 and Tara Blvd Conn,,Rear End,2,Rain,Wet,Dark-Not Lighted
2023-07-22T08:07:00.000,I 75,I 75 and Tara Blvd Conn,,Angle Crash,2,Cloudy,Dry,Dawn
2022-05-22T06:35:00.000,I 75,I 75 and Tara Blvd Conn,,Sideswipe-Same Direction,2,Clear,Dry,Dawn
2020-05-24T14:15:00.000,I 75,I 75 and Tara Blvd Conn,,Not a Collision with Motor Vehicle,1,Clear,Dry,Daylight
2020-04-09T20:42:00.000,I 75,I 75 and Tara Blvd Conn,,Not a Collision with Motor Vehicle,1,Clear,Dry,Dark-Not Lighted
2020-12-08T07:06:00.000,I 75,I 75 and Tara Blvd Conn,,Sideswipe-Same Direction,3,Clear,Dry,Daylight
2020-12-19T16:20:00.000,I 75,I 75 and Tara Blvd Conn,,Rear End,2,Clear,Dry,Daylight
2020-06-20T12:21:00.000,I 75,I 75 and Tara Blvd Conn,,Not a Collision with Motor Vehicle,1,Clear,Dry,Daylight
2020-01-03T17:37:00.000,I 75,I 75 and Tara Blvd Conn,,Rear End,2,Clear,Wet,Dark-Lighted
2020-01-13T06:53:00.000,I 75,I 75 and Tara Blvd Conn,,Angle Crash,2,Rain,Wet,Dawn
2020-05-11T20:50:00.000,I 75,I 75 and Tara Blvd Conn,,Rear End,2,Clear,Dry,Daylight
2020-08-20T12:15:00.000,I 75,I 75 and Tara Blvd Conn,,Sideswipe-Same Direction,2,Cloudy,Dry,Daylight
2020-09-14T10:10:00.000,I 75,I 75 and Tara Blvd Conn,,Rear End,2,Cloudy,Dry,Daylight
2020-11-24T06:55:00.000,I 75,I 75 and Tara Blvd Conn,,Rear End,3,Cloudy,Dry,Daylight
2020-09-19T17:06:00.000,I 75,I 75 and Tara Blvd Conn,,Sideswipe-Same Direction,2,Clear,Dry,Daylight
2020-11-22T04:38:00.000,I 75,I 75 and Tara Blvd Conn,,Not a Collision with Motor Vehicle,1,Clear,Dry,Dark-Not Lighted
2020-08-14T04:35:00.000,I 75,I 75 and Tara Blvd Conn,,Sideswipe-Same Direction,2,Cloudy,Wet,Dark-Not Lighted
2020-05-13T13:40:00.000,I 75,I 75 and Tara Blvd Conn,,Sideswipe-Same Direction,2,Clear,Dry,Daylight
2020-06-14T11:46:00.000,I 75,I 75 and Tara Blvd Conn,,Rear End,2,Clear,Dry,Daylight
2020-06-25T16:19:00.000,I 75,I 75 and Tara Blvd Conn,,Rear End,2,Rain,Wet,Daylight
2020-03-23T14:30:00.000,I 75,I 75 and Tara Blvd Conn,,Not a Collision with Motor Vehicle,1,Rain,Wet,Daylight
2020-02-20T19:09:00.000,I 75,I 75 and Tara Blvd Conn,,Sideswipe-Same Direction,2,Rain,Wet,Dark-Not Lighted
2020-11-08T02:56:00.000,I 75,I 75 and Tara Blvd Conn,,Not a Collision with Motor Vehicle,1,Clear,Dry,Dark-Not Lighted
2020-11-02T01:12:00.000,I 75,I 75 and Tara Blvd Conn,,Not a Collision with Motor Vehicle,1,Clear,Dry,Dark-Lighted
2021-01-04T19:30:00.000,I 75,I 75 and Tara Blvd Conn,,Rear End,2,Clear,Dry,Dark-Not Lighted
2021-03-23T03:20:00.000,I 75,I 75 and Tara Blvd Conn,,Sideswipe-Same Direction,3,Clear,Dry,Dark-Not Lighted
2021-03-12T20:39:00.000,I 75,I 75 and Tara Blvd Conn,,Rear End,2,Clear,Dry,Dark-Lighted
2021-07-02T11:31:00.000,I 75,I 75 and Tara Blvd Conn,,Sideswipe-Same Direction,2,Cloudy,Dry,Daylight
2021-09-24T10:45:00.000,I 75,I 75 and Tara Blvd Conn,,Rear End,2,Clear,Dry,Daylight
2021-07-06T04:10:00.000,I 75,I 75 and Tara Blvd Conn,,Rear End,2,Clear,Dry,Dark-Not Lighted
2021-12-09T11:30:00.000,I 75,I 75 and Tara Blvd Conn,,Not a Collision with Motor Vehicle,1,Clear,Dry,Daylight
2021-10-31T12:16:00.000,I 75,I 75 and Tara Blvd Conn,,Angle Crash,3,Cloudy,Dry,Daylight
2022-08-26T01:04:00.000,I 75,I 75 and Tara Blvd Conn,,Sideswipe-Same Direction,2,Cloudy,Wet,Dark-Not Lighted
2021-08-31T10:45:00.000,I 75,I 75 and Tara Blvd Conn,,Angle Crash,2,Rain,Wet,Daylight
2022-05-03T07:55:00.000,I 75,I 75 and Tara Blvd Conn,,Sideswipe-Same Direction,2,Clear,Dry,Daylight
2022-01-02T22:15:00.000,I 75,I 75 and Tara Blvd Conn,,Not a Collision with Motor Vehicle,1,Rain,Wet,Dark-Not Lighted
2022-06-18T12:28:00.000,I 75,I 75 and Tara Blvd Conn,,Sideswipe-Same Direction,2,Clear,Dry,Daylight
2022-04-13T01:10:00.000,I 75,I 75 and Tara Blvd Conn,,Sideswipe-Same Direction,2,Clear,Dry,Dark-Not Lighted
2022-10-29T19:04:00.000,I 75,I 75 and Tara Blvd Conn,,Sideswipe-Same Direction,3,Clear,Dry,Dark-Lighted
2022-07-31T01:39:00.000,I 75,I 75 and Tara Blvd Conn,,Sideswipe-Same Direction,2,Clear,Dry,Dark-Lighted
2022-11-10T07:00:00.000,I 75,I 75 and Tara Blvd Conn,,Rear End,2,Cloudy,Dry,Daylight
2022-11-03T10:20:00.000,I 75,I 75 and Tara Blvd Conn,,Sideswipe-Same Direction,2,Clear,Dry,Daylight
2022-01-16T07:21:00.000,I 75,I 75 and Tara Blvd Conn,,Sideswipe-Same Direction,3,Clear,Dry,Daylight
2022-08-09T22:23:00.000,I 75,I 75 and Tara Blvd Conn,,Rear End,2,Clear,Dry,Dark-Not Lighted
2022-04-13T23:31:00.000,I 75,I 75 and Tara Blvd Conn,,Not a Collision with Motor Vehicle,1,Clear,Dry,Dark-Not Lighted
2022-11-10T07:00:00.000,I 75,I 75 and Tara Blvd Conn,,Rear End,2,Cloudy,Dry,Daylight
2022-07-16T10:19:00.000,I 75,I 75 and Tara Blvd Conn,,Angle Crash,2,Cloudy,Dry,Daylight
2022-02-24T06:45:00.000,I 75,I 75 and Tara Blvd Conn,,Rear End,2,Cloudy,Dry,Daylight
2022-12-21T20:45:00.000,I 75,I 75 and Tara Blvd Conn,,Sideswipe-Same Direction,2,Clear,Dry,Dark-Not Lighted
2022-06-05T02:10:00.000,I 75,I 75 and Tara Blvd Conn,,Not a Collision with Motor Vehicle,3,Clear,Dry,Dark-Not Lighted
2022-02-06T16:50:00.000,I 75,I 75 and Tara Blvd Conn,,Sideswipe-Same Direction,2,Clear,Dry,Daylight
2022-12-16T13:00:00.000,I 75,I 75 and Tara Blvd Conn,,Sideswipe-Same Direction,2,Clear,Dry,Daylight
2022-09-17T13:01:00.000,I 75,I 75 and Tara Blvd Conn,,Sideswipe-Same Direction,2,Clear,Dry,Daylight
2022-04-07T21:50:00.000,I 75,I 75 and Tara Blvd Conn,,Rear End,2,Clear,Dry,Dark-Not Lighted
2022-10-28T16:00:00.000,I 75,I 75 and Tara Blvd Conn,,Sideswipe-Same Direction,2,Clear,Dry,Daylight
2022-07-19T09:26:00.000,I 75,I 75 and Tara Blvd Conn,,Not a Collision with Motor Vehicle,1,Rain,Wet,Daylight
2022-11-25T00:34:00.000,I 75,I 75 and Tara Blvd Conn,,Rear End,2,Cloudy,Wet,Dark-Not Lighted
2024-01-04T21:35:00.000,I 75,I 75 and Tara Blvd Conn,,Rear End,2,Clear,Dry,Dark-Not Lighted
2023-07-10T06:00:00.000,I 75,I 75 and Tara Blvd Conn,,Sideswipe-Same Direction,2,Rain,Wet,Dawn
2023-09-15T12:20:00.000,I 75,I 75 and Tara Blvd Conn,,Rear End,2,Clear,Dry,Daylight
2023-04-04T20:21:00.000,I 75,I 75 and Tara Blvd Conn,,Not a Collision with Motor Vehicle,1,Clear,Dry,Dark-Not Lighted
2023-10-01T14:47:00.000,I 75,I 75 and Tara Blvd Conn,,Rear End,2,Clear,Dry,Daylight
2023-11-01T06:49:00.000,I 75,I 75 and Tara Blvd Conn,,Rear End,3,Clear,Dry,Daylight
2023-02-25T19:20:00.000,I 75,I 75 and Tara Blvd Conn,,Angle Crash,2,Cloudy,Dry,Daylight
2023-07-30T04:29:00.000,I 75,I 75 and Tara Blvd Conn,,Angle Crash,2,Clear,Dry,Dark-Lighted
2023-12-06T20:02:00.000,I 75,I 75 and Tara Blvd Conn,,Not a Collision with Motor Vehicle,1,Clear,Dry,Dark-Lighted
2023-08-18T08:20:00.000,I 75,I 75 and Tara Blvd Conn,,Not a Collision with Motor Vehicle,2,Clear,Dry,Daylight
2023-01-10T06:40:00.000,I 75,I 75 and Tara Blvd Conn,,Sideswipe-Opposite Direction,2,Clear,Dry,Dark-Lighted
2023-08-16T19:50:00.000,I 75,I 75 and Tara Blvd Conn,,Rear End,7,Clear,Dry,Daylight
2023-02-11T23:30:00.000,I 75,I 75 and Tara Blvd Conn,,Sideswipe-Same Direction,2,Clear,Dry,Dark-Lighted
2023-03-15T04:45:00.000,I 75,I 75 and Tara Blvd Conn,,Not a Collision with Motor Vehicle,1,Clear,Dry,Dark-Not Lighted
2023-03-15T19:08:00.000,I 75,I 75 and Tara Blvd Conn,,Rear End,2,Clear,Dry,Daylight
2024-05-01T23:21:00.000,I 75,I 75 and Tara Blvd Conn,,Not a Collision with Motor Vehicle,1,Clear,Dry,Dark-Not Lighted
2024-06-04T21:42:00.000,I 75,I 75 and Tara Blvd Conn,,Rear End,2,Clear,Dry,Dark-Lighted
2024-07-08T13:05:00.000,I 75,I 75 and Tara Blvd Conn,,Sideswipe-Same Direction,2,Clear,Dry,Daylight
2024-06-05T22:25:00.000,I 75,I 75 and Tara Blvd Conn,,Rear End,2,Clear,Dry,Dark-Not Lighted
2024-09-04T00:00:00.000,I 75,I 75 and Tara Blvd Conn,,Rear End,2,Clear,Dry,Dark-Lighted
2024-04-06T17:28:00.000,I 75,I 75 and Tara Blvd Conn,,Sideswipe-Same Direction,2,Clear,Dry,Daylight
2024-11-08T06:36:00.000,I 75,I 75 and Tara Blvd Conn,,Rear End,2,Clear,Wet,Dusk
2024-04-29T05:45:00.000,I 75,I 75 and Tara Blvd Conn,,Angle Crash,2,Clear,Dry,Dark-Not Lighted
2021-12-03T10:15:00.000,I 75,I 75 and Tara Blvd,,Sideswipe-Same Direction,2,Clear,Dry,Daylight
2021-09-14T23:30:00.000,I 75,I 75 and Tara Blvd,,Angle Crash,2,Clear,Dry,Dark-Lighted
2021-11-06T03:45:00.000,I 75,I 75 and Tara Blvd,,Not a Collision with Motor Vehicle,1,Clear,Dry,Dark-Not Lighted
2021-11-13T04:28:00.000,I 75,I 75 and Tara Blvd,,Not a Collision with Motor Vehicle,1,Clear,Dry,Dark-Not Lighted
2021-05-22T15:50:00.000,I 75,I 75 and Tara Blvd,,Sideswipe-Same Direction,2,Clear,Dry,Daylight
2021-05-14T21:09:00.000,I 75,I 75 and Tara Blvd,,Not a Collision with Motor Vehicle,1,Clear,Dry,Dark-Not Lighted
2021-03-13T23:33:00.000,I 75,I 75 and Tara Blvd,,Sideswipe-Same Direction,2,Clear,Dry,Dark-Not Lighted
2021-02-14T15:32:00.000,I 75,I 75 and Tara Blvd,,Rear End,2,Clear,Dry,Daylight
2021-05-04T10:35:00.000,I 75,I 75 and Tara Blvd,,Not a Collision with Motor Vehicle,1,Clear,Dry,Daylight
2021-05-05T00:00:00.000,I 75,I 75 and Tara Blvd,,Rear End,3,Clear,Dry,Dark-Not Lighted
2021-09-18T03:24:00.000,I 75,I 75 and Tara Blvd,,Not a Collision with Motor Vehicle,1,Clear,Dry,Dark-Lighted
2021-03-08T18:52:00.000,I 75,I 75 and Tara Blvd,,Sideswipe-Same Direction,2,Clear,Dry,Dark-Not Lighted
2021-01-29T16:00:00.000,I 75,I 75 and Tara Blvd,,Rear End,2,Clear,Dry,Daylight
2021-04-24T22:30:00.000,I 75,I 75 and Tara Blvd,,Not a Collision with Motor Vehicle,2,Cloudy,Wet,Dark-Lighted
2021-05-15T15:22:00.000,I 75,I 75 and Tara Blvd,,Rear End,2,Clear,Dry,Daylight
2021-08-16T10:00:00.000,I 75,I 75 and Tara Blvd,,Sideswipe-Same Direction,2,Clear,Dry,Dark-Lighted
2021-08-05T09:10:00.000,I 75,I 75 and Tara Blvd,,Rear End,2,Clear,Dry,Daylight
2021-03-10T00:00:00.000,I 75,I 75 and Tara Blvd,,Sideswipe-Same Direction,2,Clear,Dry,Dark-Not Lighted
2021-02-17T19:00:00.000,I 75,I 75 and Tara Blvd,,Rear End,2,Clear,Dry,Dark-Lighted
2020-11-15T00:15:00.000,I 75,I 75 and Tara Blvd,,Sideswipe-Same Direction,2,Clear,Dry,Dark-Lighted
2023-09-28T06:06:00.000,I 75,I 75 and Tara Blvd,,Rear End,2,Clear,Dry,Dark-Not Lighted
2023-09-17T11:50:00.000,I 75,I 75 and Tara Blvd,,Angle Crash,2,Clear,Dry,Daylight
2023-09-23T14:32:00.000,I 75,I 75 and Tara Blvd,,Sideswipe-Same Direction,2,Clear,Dry,Daylight
2023-03-15T20:58:00.000,I 75,I 75 and Tara Blvd,,Angle Crash,2,Clear,Dry,Dark-Lighted
2023-05-09T00:00:00.000,I 75,I 75 and Tara Blvd,,Sideswipe-Same Direction,2,Clear,Dry,Daylight
2023-01-11T07:20:00.000,I 75,I 75 and Tara Blvd,,Rear End,2,Clear,Dry,Daylight
2023-02-25T02:05:00.000,I 75,I 75 and Tara Blvd,,Rear End,2,Clear,Dry,Dark-Not Lighted
2023-03-09T11:10:00.000,I 75,I 75 and Tara Blvd,,Sideswipe-Same Direction,2,Cloudy,Dry,Daylight
2023-03-05T00:35:00.000,I 75,I 75 and Tara Blvd,,Rear End,2,Clear,Dry,Dark-Lighted
2023-06-26T02:00:00.000,I 75,I 75 and Tara Blvd,,Not a Collision with Motor Vehicle,2,Cloudy,Dry,Dark-Lighted
2023-06-06T05:34:00.000,I 75,I 75 and Tara Blvd,,Sideswipe-Same Direction,3,Clear,Ice/Frost,Dark-Not Lighted
2022-05-02T22:58:00.000,I 75,I 75 and Tara Blvd,,Sideswipe-Same Direction,2,Clear,Dry,Dark-Lighted
2022-03-16T19:28:00.000,I 75,I 75 and Tara Blvd,,Sideswipe-Same Direction,2,Clear,Wet,Daylight
2022-01-09T00:00:00.000,I 75,I 75 and Tara Blvd,,Rear End,2,Clear,Dry,Dark-Lighted
2020-03-07T00:00:00.000,I 75,I 75 and Tara Blvd,,Sideswipe-Same Direction,2,Clear,Dry,Daylight
2020-06-03T13:35:00.000,I 75,I 75 and Tara Blvd,,Not a Collision with Motor Vehicle,1,Clear,Dry,Daylight
2020-04-14T18:02:00.000,I 75,I 75 and Tara Blvd,,Rear End,2,Clear,Dry,Daylight
2020-02-16T15:31:00.000,I 75,I 75 and Tara Blvd,,Rear End,3,Cloudy,Dry,Daylight
2020-12-28T10:43:00.000,I 75,I 75 and Tara Blvd,,Rear End,2,Clear,Dry,Daylight
2020-12-23T19:57:00.000,I 75,I 75 and Tara Blvd,,Sideswipe-Same Direction,2,Clear,Dry,Dark-Lighted
2020-04-24T21:53:00.000,I 75,I 75 and Tara Blvd,,Rear End,3,Clear,Dry,Dark-Not Lighted
2020-05-06T15:07:00.000,I 75,I 75 and Tara Blvd,,Not a Collision with Motor Vehicle,1,Clear,Dry,Daylight
2020-08-14T21:40:00.000,I 75,I 75 and Tara Blvd,,Sideswipe-Same Direction,2,Rain,Wet,Daylight
2020-07-16T17:35:00.000,I 75,I 75 and Tara Blvd,,Rear End,2,Cloudy,Dry,Daylight
2020-08-17T10:00:00.000,I 75,I 75 and Tara Blvd,,Sideswipe-Same Direction,2,Clear,Dry,Daylight
2020-03-28T08:12:00.000,I 75,I 75 and Tara Blvd,,Rear End,2,Clear,Dry,Daylight
2020-05-06T17:56:00.000,I 75,I 75 and Tara Blvd,,Sideswipe-Same Direction,2,Clear,Dry,Daylight
2020-05-22T12:45:00.000,I 75,I 75 and Tara Blvd,,Sideswipe-Opposite Direction,2,Cloudy,Dry,Daylight
2020-01-10T07:40:00.000,I 75,I 75 and Tara Blvd,,Rear End,3,Clear,Dry,Dark-Not Lighted
2020-12-02T22:45:00.000,I 75,I 75 and Tara Blvd,,Rear End,2,Clear,Dry,Dark-Not Lighted
2020-04-29T18:10:00.000,I 75,I 75 and Tara Blvd,,Not a Collision with Motor Vehicle,1,Cloudy,Wet,Daylight
2020-05-01T14:32:00.000,I 75,I 75 and Tara Blvd,,Sideswipe-Same Direction,2,Clear,Dry,Daylight
2020-06-13T12:30:00.000,I 75,I 75 and Tara Blvd,,Rear End,2,Clear,Dry,Daylight
2020-08-13T01:55:00.000,I 75,I 75 and Tara Blvd,,Angle Crash,2,Clear,Dry,Dark-Lighted
2020-03-26T16:10:00.000,I 75,I 75 and Tara Blvd,,Sideswipe-Same Direction,2,Clear,Dry,Daylight
2021-06-23T09:03:00.000,I 75,I 75 and Tara Blvd,,Sideswipe-Same Direction,2,Clear,Dry,Daylight
2021-03-07T15:38:00.000,I 75,I 75 and Tara Blvd,,Sideswipe-Same Direction,2,Clear,Dry,Daylight
2021-11-12T18:58:00.000,I 75,I 75 and Tara Blvd,,Rear End,2,Clear,Dry,Dark-Not Lighted
2021-07-11T21:28:00.000,I 75,I 75 and Tara Blvd,,Not a Collision with Motor Vehicle,1,Clear,Dry,Dark-Not Lighted
2022-04-29T23:27:00.000,I 75,I 75 and Tara Blvd,,Sideswipe-Same Direction,2,Clear,Dry,Dark-Not Lighted
2022-08-28T02:40:00.000,I 75,I 75 and Tara Blvd,,Angle Crash,2,Clear,Dry,Dark-Not Lighted
2022-05-14T09:53:00.000,I 75,I 75 and Tara Blvd,,Sideswipe-Same Direction,2,Clear,Dry,Daylight
2022-11-13T07:25:00.000,I 75,I 75 and Tara Blvd,,Not a Collision with Motor Vehicle,1,Clear,Dry,Daylight
2022-07-23T17:55:00.000,I 75,I 75 and Tara Blvd,,Rear End,2,Clear,Dry,Daylight
2022-06-09T22:40:00.000,I 75,I 75 and Tara Blvd,,Sideswipe-Same Direction,2,Clear,Dry,Dark-Not Lighted
2022-12-19T18:50:00.000,I 75,I 75 and Tara Blvd,,Sideswipe-Same Direction,2,Clear,Dry,Daylight
2022-11-09T10:13:00.000,I 75,I 75 and Tara Blvd,,Rear End,2,Clear,Dry,Daylight
2022-01-12T18:27:00.000,I 75,I 75 and Tara Blvd,,Not a Collision with Motor Vehicle,1,Clear,Dry,Dark-Not Lighted
2022-09-18T20:00:00.000,I 75,I 75 and Tara Blvd,,Sideswipe-Same Direction,2,Clear,Dry,Dark-Lighted
2022-06-01T16:38:00.000,I 75,I 75 and Tara Blvd,,Rear End,2,Clear,Dry,Daylight
2022-03-27T00:00:00.000,I 75,I 75 and Tara Blvd,,Sideswipe-Same Direction,2,Clear,Dry,Dark-Lighted
2022-05-04T07:51:00.000,I 75,I 75 and Tara Blvd,,Rear End,2,Clear,Wet,Daylight
2022-02-01T08:00:00.000,I 75,I 75 and Tara Blvd,,Rear End,2,Clear,Dry,Daylight
2022-07-01T15:20:00.000,I 75,I 75 and Tara Blvd,,Rear End,3,Cloudy,Dry,Daylight
2022-07-20T07:51:00.000,I 75,I 75 and Tara Blvd,,Sideswipe-Same Direction,2,Cloudy,Dry,Daylight
2022-12-14T19:40:00.000,I 75,I 75 and Tara Blvd,,Angle Crash,2,Rain,Dry,Dark-Not Lighted
2022-11-25T00:48:00.000,I 75,I 75 and Tara Blvd,,Not a Collision with Motor Vehicle,1,Rain,Wet,Dark-Lighted
2022-08-06T15:51:00.000,I 75,I 75 and Tara Blvd,,Sideswipe-Same Direction,2,Clear,Dry,Daylight
2022-03-01T17:48:00.000,I 75,I 75 and Tara Blvd,,Rear End,2,Clear,Dry,Daylight
2022-05-10T19:25:00.000,I 75,I 75 and Tara Blvd,,Sideswipe-Same Direction,2,Clear,Dry,Daylight
2022-02-01T18:45:00.000,I 75,I 75 and Tara Blvd,,Rear End,2,Clear,Dry,Dark-Not Lighted
2022-03-26T23:25:00.000,I 75,I 75 and Tara Blvd,,Sideswipe-Same Direction,2,Clear,Dry,Dark-Lighted
2022-10-22T04:14:00.000,I 75,I 75 and Tara Blvd,,Rear End,2,Clear,Dry,Dark-Lighted
2022-02-08T17:07:00.000,I 75,I 75 and Tara Blvd,,Angle Crash,2,Clear,Dry,Daylight
2022-10-28T12:55:00.000,I 75,I 75 and Tara Blvd,,Sideswipe-Same Direction,2,Clear,Dry,Daylight
2022-06-05T03:42:00.000,I 75,I 75 and Tara Blvd,,Rear End,2,Clear,Dry,Dark-Lighted
2022-03-07T18:32:00.000,I 75,I 75 and Tara Blvd,,Sideswipe-Same Direction,2,Clear,Wet,Dark-Lighted
2022-08-09T17:30:00.000,I 75,I 75 and Tara Blvd,,Rear End,2,Cloudy,Dry,Daylight
2022-05-27T14:23:00.000,I 75,I 75 and Tara Blvd,,Not a Collision with Motor Vehicle,1,Clear,Dry,Daylight
2022-11-25T08:35:00.000,I 75,I 75 and Tara Blvd,,Sideswipe-Same Direction,2,Rain,Wet,Daylight
2022-11-04T11:40:00.000,I 75,I 75 and Tara Blvd,,Sideswipe-Same Direction,2,Clear,Dry,Daylight
2022-10-14T14:50:00.000,I 75,I 75 and Tara Blvd,,Sideswipe-Same Direction,2,Clear,Dry,Daylight
2022-10-22T04:46:00.000,I 75,I 75 and Tara Blvd,,Not a Collision with Motor Vehicle,1,Clear,Dry,Dark-Not Lighted
2022-05-29T18:46:00.000,I 75,I 75 and Tara Blvd,,Rear End,2,Clear,Dry,Daylight
2022-11-03T21:00:00.000,I 75,I 75 and Tara Blvd,,Sideswipe-Same Direction,2,Clear,Dry,Dark-Lighted
2023-06-06T19:14:00.000,I 75,I 75 and Tara Blvd,,Angle Crash,2,Clear,Dry,Daylight
2024-01-02T03:52:00.000,I 75,I 75 and Tara Blvd,,Not a Collision with Motor Vehicle,1,Clear,Dry,Dark-Lighted
2024-01-28T04:47:00.000,I 75,I 75 and Tara Blvd,,Rear End,2,Clear,Dry,Dark-Not Lighted
2024-09-01T21:50:00.000,I 75,I 75 and Tara Blvd,,Rear End,3,Clear,Dry,Dark-Not Lighted
2024-09-17T16:46:00.000,I 75,I 75 and Tara Blvd,,Angle Crash,3,Cloudy,Dry,Daylight
2024-06-08T19:15:00.000,I 75,I 75 and Tara Blvd,,Angle Crash,3,Clear,Dry,Daylight
2024-05-09T15:45:00.000,I 75,I 75 and Tara Blvd,,Sideswipe-Same Direction,2,Clear,Dry,Daylight
2023-11-20T20:30:00.000,I 75,I 75 and Tara Blvd,,Sideswipe-Same Direction,2,Clear,Dry,Dark-Lighted
2023-10-29T04:51:00.000,I 75,I 75 and Tara Blvd,,Sideswipe-Same Direction,2,Clear,Dry,Dark-Not Lighted
2023-02-25T00:01:00.000,I 75,I 75 and Tara Blvd,,Rear End,2,Clear,Dry,Dark-Lighted
2023-01-01T04:22:00.000,I 75,I 75 and Tara Blvd,,Rear End,2,Clear,Dry,Dark-Lighted
2023-12-31T16:30:00.000,I 75,I 75 and Tara Blvd,,Rear End,2,Clear,Dry,Daylight