Date and Time,Roadway (From Crash Report),Intersection Name (from Crash Report),KABCO Severity,Manner of Collision (Crash Level) ,# of Vehicles per crash ,Weather Conditions (Crash Level),Surface Condition (Crash Level) ,Light Conditions (Crash Level)
2020-10-17T07:30:00.000,I 75,I 75 and Sr 54,,Rear End,2,Clear,Dry,Dawn
2020-05-05T15:55:00.000,I 75,I 75 and Sr 54,,Angle Crash,2,Clear,Dry,Daylight
2020-06-19T12:05:00.000,I 75,I 75 and Sr 54,,Sideswipe-Same Direction,2,Clear,Dry,Daylight
2020-09-17T16:00:00.000,I 75,I 75 and Sr 54,,Rear End,2,Rain,Wet,Daylight
2020-04-19T05:24:00.000,I 75,I 75 and Sr 54,,Rear End,2,Clear,Dry,Dark-Lighted
2020-11-17T08:50:00.000,I 75,I 75 and Sr 54,,Not a Collision with Motor Vehicle,3,Clear,Dry,Daylight
2020-10-09T13:35:00.000,I 75,I 75 and Sr 54,,Angle Crash,2,Rain,Wet,Daylight
2020-12-01T13:13:00.000,I 75,I 75 and Sr 54,,Rear End,2,Clear,Dry,Daylight
2020-10-28T09:15:00.000,I 75,I 75 and Sr 54,,Angle Crash,2,Clear,Wet,Daylight
2020-07-08T12:28:00.000,I 75,I 75 and Sr 54,,Sideswipe-Same Direction,3,Clear,Dry,Daylight
2020-07-18T03:32:00.000,I 75,I 75 and Sr 54,,Rear End,2,Clear,Dry,Dark-Not Lighted
2020-09-27T13:35:00.000,I 75,I 75 and Sr 54,,Angle Crash,2,Clear,Dry,Daylight
2020-11-30T18:36:00.000,I 75,I 75 and Sr 54,,Rear End,2,Sleet,Dry,Dark-Lighted
2020-12-23T12:13:00.000,I 75,I 75 and Sr 54,,Rear End,2,Clear,Dry,Daylight
2020-11-25T19:34:00.000,I 75,I 75 and Sr 54,,Rear End,2,Rain,Wet,Dark-Lighted
2020-09-27T17:36:00.000,I 75,I 75 and Sr 54,,Sideswipe-Same Direction,2,Rain,Wet,Daylight
2021-05-01T16:28:00.000,I 75,I 75 and Sr 54,,Sideswipe-Same Direction,2,Clear,Dry,Daylight
2021-04-15T06:45:00.000,I 75,I 75 and Sr 54,,Sideswipe-Same Direction,2,Clear,Dry,Dark-Lighted
2021-01-29T18:17:00.000,I 75,I 75 and Sr 54,,Sideswipe-Same Direction,1,Clear,Dry,Dark-Lighted
2021-02-16T09:27:00.000,I 75,I 75 and Sr 54,,Rear End,2,Cloudy,Dry,Daylight
2021-01-07T11:00:00.000,I 75,I 75 and Sr 54,,Sideswipe-Same Direction,2,Clear,Dry,Daylight
2021-02-24T06:48:00.000,I 75,I 75 and Sr 54,,Sideswipe-Same Direction,2,Clear,Dry,Daylight
2021-08-07T12:00:00.000,I 75,I 75 and Sr 54,,Sideswipe-Same Direction,2,Clear,Dry,Daylight
2021-10-07T11:10:00.000,I 75,I 75 and Sr 54,,Not a Collision with Motor Vehicle,1,Cloudy,Wet,Daylight
2021-07-28T15:25:00.000,I 75,I 75 and Sr 54,,Rear End,2,Clear,Dry,Daylight
2021-07-21T16:20:00.000,I 75,I 75 and Sr 54,,Rear End,2,Clear,Dry,Daylight
2021-08-23T15:27:00.000,I 75,I 75 and Sr 54,,Rear End,2,Clear,Dry,Daylight
2022-03-24T20:55:00.000,I 75,I 75 and Sr 54,,Angle Crash,3,Clear,Dry,Dark-Lighted
2022-12-17T11:05:00.000,I 75,I 75 and Sr 54,,Rear End,2,Cloudy,Dry,Daylight
2022-05-06T00:20:00.000,I 75,I 75 and Sr 54,,Rear End,2,Cloudy,Dry,Dark-Not Lighted
2021-10-27T04:30:00.000,I 75,I 75 and Sr 54,,Head On,1,Clear,Dry,Dark-Lighted
2021-10-15T13:10:00.000,I 75,I 75 and Sr 54,,Rear End,2,Clear,Dry,Daylight
2021-11-13T02:45:00.000,I 75,I 75 and Sr 54,,Rear End,2,Clear,Dry,Dark-Lighted
2022-05-31T15:10:00.000,I 75,I 75 and Sr 54,,Rear End,2,Clear,Dry,Daylight
2022-05-30T07:00:00.000,I 75,I 75 and Sr 54,,Not a Collision with Motor Vehicle,1,Clear,Dry,Daylight
2022-10-13T13:30:00.000,I 75,I 75 and Sr 54,,Sideswipe-Same Direction,2,Clear,Dry,Daylight
2022-01-22T19:45:00.000,I 75,I 75 and Sr 54,,Sideswipe-Same Direction,2,Clear,Dry,Dark-Lighted
2022-05-14T03:15:00.000,I 75,I 75 and Sr 54,,Not a Collision with Motor Vehicle,2,Clear,Dry,Dark-Lighted
2022-05-14T02:22:00.000,I 75,I 75 and Sr 54,,Sideswipe-Same Direction,2,Clear,Dry,Dark-Lighted
2022-01-12T19:50:00.000,I 75,I 75 and Sr 54,,Not a Collision with Motor Vehicle,1,Clear,Dry,Dark-Lighted
2022-08-22T06:40:00.000,I 75,I 75 and Sr 54,,Angle Crash,3,Cloudy,Dry,Dark-Lighted
2022-10-03T16:40:00.000,I 75,I 75 and Sr 54,,Sideswipe-Same Direction,3,Clear,Dry,Daylight
2022-07-12T08:30:00.000,I 75,I 75 and Sr 54,,Rear End,2,Cloudy,Dry,Daylight
2022-05-17T19:30:00.000,I 75,I 75 and Sr 54,,Not a Collision with Motor Vehicle,1,Clear,Dry,Daylight
2022-12-19T14:30:00.000,I 75,I 75 and Sr 54,,Rear End,2,Cloudy,Dry,Daylight
2022-07-21T17:30:00.000,I 75,I 75 and Sr 54,,Rear End,2,Cloudy,Dry,Daylight
2022-05-01T17:35:00.000,I 75,I 75 and Sr 54,,Rear End,2,Clear,Dry,Daylight
2022-10-18T08:15:00.000,I 75,I 75 and Sr 54,,Rear End,2,Clear,Dry,Daylight
2022-11-11T13:20:00.000,I 75,I 75 and Sr 54,,Rear End,2,Rain,Wet,Daylight
2022-07-12T13:00:00.000,I 75,I 75 and Sr 54,,Sideswipe-Same Direction,2,Cloudy,Dry,Daylight
2022-04-24T03:05:00.000,I 75,I 75 and Sr 54,,Sideswipe-Same Direction,2,Clear,Dry,Dark-Lighted
2022-06-23T11:15:00.000,I 75,I 75 and Sr 54,,Not a Collision with Motor Vehicle,1,Clear,Dry,Daylight
2022-11-03T15:20:00.000,I 75,I 75 and Sr 54,,Not a Collision with Motor Vehicle,1,Clear,Dry,Daylight
2022-06-05T19:20:00.000,I 75,I 75 and Sr 54,,Sideswipe-Same Direction,2,Clear,Dry,Daylight
2022-11-04T19:00:00.000,I 75,I 75 and Sr 54,,Not a Collision with Motor Vehicle,1,Clear,Dry,Dark-Lighted
2022-11-02T14:41:00.000,I 75,I 75 and Sr 54,,Rear End,2,Clear,Dry,Daylight
2022-11-09T14:50:00.000,I 75,I 75 and Sr 54,,Sideswipe-Same Direction,2,Clear,Dry,Daylight
2022-01-27T20:25:00.000,I 75,I 75 and Sr 54,,Sideswipe-Same Direction,2,Clear,Dry,Dark-Lighted
2022-09-26T09:45:00.000,I 75,I 75 and Sr 54,,Rear End,2,Clear,Dry,Daylight
2022-11-01T10:45:00.000,I 75,I 75 and Sr 54,,Sideswipe-Same Direction,2,Clear,Dry,Daylight
2022-01-15T21:15:00.000,I 75,I 75 and Sr 54,,Angle Crash,2,Rain,Wet,Dark-Not Lighted
2022-02-05T21:00:00.000,I 75,I 75 and Sr 54,,Sideswipe-Same Direction,2,Clear,Dry,Dark-Lighted
2022-02-10T06:40:00.000,I 75,I 75 and Sr 54,,Sideswipe-Same Direction,2,Clear,Dry,Daylight
2022-04-12T01:16:00.000,I 75,I 75 and Sr 54,,Sideswipe-Same Direction,2,Clear,Dry,Dark-Lighted
2022-09-14T16:00:00.000,I 75,I 75 and Sr 54,,Rear End,2,Clear,Dry,Daylight
2022-02-07T23:12:00.000,I 75,I 75 and Sr 54,,Rear End,2,Clear,Dry,Dark-Lighted
2023-08-09T17:36:00.000,I 75,I 75 and Sr 54,,Rear End,3,Clear,Dry,Daylight
2024-02-12T21:12:00.000,I 75,I 75 and Sr 54,,Not a Collision with Motor Vehicle,1,Rain,Wet,Dark-Lighted
2024-12-14T09:13:00.000,I 75,I 75 and Sr 54,,Sideswipe-Same Direction,2,Clear,Dry,Daylight
2024-08-18T04:10:00.000,I 75,I 75 and Sr 54,,Not a Collision with Motor Vehicle,1,Clear,Dry,Dark-Lighted
2024-05-03T22:28:00.000,I 75,I 75 and Sr 54,,Sideswipe-Same Direction,2,Cloudy,Dry,Dark-Lighted
2024-11-06T11:19:00.000,I 75,I 75 and Sr 54,,Sideswipe-Same Direction,4,Cloudy,Wet,Daylight
2024-02-19T14:10:00.000,I 75,I 75 and Sr 54,,Sideswipe-Same Direction,2,Clear,Dry,Daylight
2024-04-22T15:43:00.000,I 75,I 75 and Sr 54,,Rear End,2,Clear,Dry,Daylight
2024-01-22T19:07:00.000,I 75,I 75 and Sr 54,,Rear End,2,Clear,Dry,Dark-Not Lighted
2024-04-23T12:20:00.000,I 75,I 75 and Sr 54,,Sideswipe-Same Direction,2,Clear,Dry,Daylight
2023-11-18T13:42:00.000,I 75,I 75 and Sr 54,,Rear End,2,Clear,Dry,Daylight
2023-08-30T17:36:00.000,I 75,I 75 and Sr 54,,Not a Collision with Motor Vehicle,2,Clear,Dry,Daylight
2023-10-01T01:18:00.000,I 75,I 75 and Sr 54,,Sideswipe-Same Direction,2,Clear,Dry,Dark-Lighted
2023-06-25T04:40:00.000,I 75,I 75 and Sr 54,,Rear End,1,Clear,Dry,Dark-Lighted
2023-01-21T12:00:00.000,I 75,I 75 and Sr 54,,Sideswipe-Same Direction,2,Cloudy,Dry,Daylight
2023-08-12T10:00:00.000,I 75,I 75 and Sr 54,,Sideswipe-Same Direction,2,Cloudy,Wet,Dark-Not Lighted
2023-08-13T03:40:00.000,I 75,I 75 and Sr 54,,Rear End,2,Clear,Dry,Dark-Lighted
2023-06-01T17:34:00.000,I 75,I 75 and Sr 54,,Angle Crash,2,Clear,Dry,Daylight
2023-03-27T16:15:00.000,I 75,I 75 and Sr 54,,Sideswipe-Same Direction,2,Clear,Dry,Daylight
2023-08-06T16:00:00.000,I 75,I 75 and Sr 54,,Angle Crash,2,Rain,Wet,Daylight
2024-02-03T04:15:00.000,I 75,I 75 and Sr 54,,Not a Collision with Motor Vehicle,1,Clear,Dry,Dark-Lighted
2024-01-06T23:18:00.000,I 75,I 75 and Sr 54,,Sideswipe-Same Direction,2,Clear,Dry,Dark-Lighted
2024-06-08T18:21:00.000,I 75,I 75 and Sr 54,,Rear End,2,Clear,Dry,Daylight
2024-11-08T11:03:00.000,I 75,I 75 and Sr 54,,Sideswipe-Same Direction,2,Clear,Dry,Daylight
2024-08-31T01:58:00.000,I 75,I 75 and Sr 54,,Rear End,2,Clear,Dry,Dark-Not Lighted
2024-06-27T19:54:00.000,I 75,I 75 and Sr 54,,Not a Collision with Motor Vehicle,1,Clear,Dry,Daylight
2024-07-10T16:27:00.000,I 75,I 75 and Sr 54,,Sideswipe-Same Direction,2,Clear,Dry,Daylight
2024-08-07T19:07:00.000,I 75,I 75 and Sr 54,,Rear End,4,Clear,Dry,Daylight
2024-08-30T13:22:00.000,I 75,I 75 and Sr 54,,Angle Crash,2,Clear,Dry,Daylight
2024-04-25T13:47:00.000,I 75,I 75 and Sr 54,,Sideswipe-Same Direction,2,Clear,Dry,Daylight
2024-02-16T00:12:00.000,I 75,I 75 and Sr 54,,Not a Collision with Motor Vehicle,1,Clear,Dry,Dark-Not Lighted
2024-04-17T20:51:00.000,I 75,I 75 and Sr 54,,Not a Collision with Motor Vehicle,1,Clear,Dry,Dark-Lighted
2024-07-08T15:46:00.000,I 75,I 75 and Sr 54,,Rear End,2,Clear,Dry,Daylight
2024-07-05T20:19:00.000,I 75,I 75 and Sr 54,,Rear End,2,Clear,Dry,Daylight
2024-02-11T00:34:00.000,I 75,I 75 and Sr 54,,Not a Collision with Motor Vehicle,1,Rain,Wet,Dark-Not Lighted
2024-04-13T18:21:00.000,I 75,I 75 and Sr 54,,Rear End,2,Clear,Dry,Daylight
2021-03-05T23:52:00.000,I 75,I 75 and Sr 53,,Not a Collision with Motor Vehicle,2,Cloudy,Dry,Dark-Not Lighted
2021-06-18T16:55:00.000,I 75,I 75 and Sr 53,,Not a Collision with Motor Vehicle,1,Clear,Dry,Daylight
2021-02-15T09:10:00.000,I 75,I 75 and Sr 53,,Rear End,2,Rain,Wet,Daylight
2021-02-26T07:35:00.000,I 75,I 75 and Sr 53,,Rear End,2,Rain,Wet,Dawn
2021-05-19T17:40:00.000,I 75,I 75 and Sr 53,,Rear End,2,Cloudy,Dry,Daylight
2021-03-05T11:12:00.000,I 75,I 75 and Sr 53,,Not a Collision with Motor Vehicle,1,Clear,Dry,Daylight
2021-05-22T01:45:00.000,I 75,I 75 and Sr 53,,Not a Collision with Motor Vehicle,1,Clear,Dry,Dark-Not Lighted
2021-05-18T18:15:00.000,I 75,I 75 and Sr 53,,Rear End,2,Clear,Dry,Daylight
2021-06-17T14:24:00.000,I 75,I 75 and Sr 53,,Rear End,2,Clear,Dry,Daylight
2021-02-08T07:55:00.000,I 75,I 75 and Sr 53,,Sideswipe-Same Direction,2,Clear,Dry,Daylight
2021-09-21T12:15:00.000,I 75,I 75 and Sr 53,,Rear End,2,Cloudy,Dry,Daylight
2021-09-18T09:39:00.000,I 75,I 75 and Sr 53,,Sideswipe-Same Direction,2,Rain,Wet,Daylight
2021-11-25T19:40:00.000,I 75,I 75 and Sr 53,,Rear End,2,Rain,Wet,Dark-Not Lighted
2021-09-26T16:53:00.000,I 75,I 75 and Sr 53,,Rear End,2,Cloudy,Dry,Daylight
2021-08-12T19:24:00.000,I 75,I 75 and Sr 53,,Not a Collision with Motor Vehicle,1,Clear,Dry,Daylight
2021-03-14T04:27:00.000,I 75,I 75 and Sr 53,,Not a Collision with Motor Vehicle,1,Clear,Dry,Dark-Lighted
2021-01-13T23:27:00.000,I 75,I 75 and Sr 53,,Sideswipe-Same Direction,2,Cloudy,Wet,Dark-Lighted
2021-03-25T09:50:00.000,I 75,I 75 and Sr 53,,Not a Collision with Motor Vehicle,1,Rain,Wet,Daylight
2021-11-24T17:25:00.000,I 75,I 75 and Sr 53,,Sideswipe-Same Direction,2,Clear,Dry,Daylight
2021-11-02T08:13:00.000,I 75,I 75 and Sr 53,,Rear End,2,Clear,Dry,Daylight
2021-09-17T16:44:00.000,I 75,I 75 and Sr 53,,Not a Collision with Motor Vehicle,2,Cloudy,Dry,Daylight
2021-10-24T18:14:00.000,I 75,I 75 and Sr 53,,Rear End,2,Cloudy,Dry,Daylight
2021-04-20T07:06:00.000,I 75,I 75 and Sr 53,,Rear End,2,Clear,Dry,Daylight
2021-01-02T23:05:00.000,I 75,I 75 and Sr 53,,Sideswipe-Same Direction,2,Cloudy,Wet,Dark-Not Lighted
2020-12-15T08:47:00.000,I 75,I 75 and Sr 53,,Rear End,2,Clear,Dry,Daylight
2020-10-08T09:34:00.000,I 75,I 75 and Sr 53,,Rear End,3,Clear,Dry,Daylight
2023-06-13T10:15:00.000,I 75,I 75 and Sr 53,,Not a Collision with Motor Vehicle,2,Clear,Dry,Daylight
2023-08-02T06:20:00.000,I 75,I 75 and Sr 53,,Rear End,2,Clear,Dry,Daylight
2023-07-19T12:30:00.000,I 75,I 75 and Sr 53,,Not a Collision with Motor Vehicle,1,Clear,Dry,Daylight
2023-10-21T18:25:00.000,I 75,I 75 and Sr 53,,Rear End,2,Clear,Dry,Daylight
2023-09-01T17:30:00.000,I 75,I 75 and Sr 53,,Rear End,2,Cloudy,Dry,Daylight
2023-04-25T17:05:00.000,I 75,I 75 and Sr 53,,Rear End,2,Cloudy,Dry,Daylight
2023-09-28T21:00:00.000,I 75,I 75 and Sr 53,,Not a Collision with Motor Vehicle,1,Clear,Dry,Dark-Not Lighted
2023-08-31T13:12:00.000,I 75,I 75 and Sr 53,,Rear End,2,Cloudy,Dry,Daylight
2023-03-16T05:45:00.000,I 75,I 75 and Sr 53,,Rear End,2,Clear,Dry,Dark-Not Lighted
2023-10-22T09:00:00.000,I 75,I 75 and Sr 53,,Rear End,2,Clear,Dry,Daylight
2023-06-07T10:10:00.000,I 75,I 75 and Sr 53,,Rear End,2,Clear,Dry,Daylight
2023-05-26T10:50:00.000,I 75,I 75 and Sr 53,,Rear End,2,Clear,Dry,Daylight
2023-02-04T12:51:00.000,I 75,I 75 and Sr 53,,Rear End,2,Clear,Dry,Daylight
2023-05-23T06:30:00.000,I 75,I 75 and Sr 53,,Angle Crash,2,Clear,Wet,Daylight
2023-02-08T11:40:00.000,I 75,I 75 and Sr 53,,Rear End,2,Clear,Dry,Daylight
2023-08-17T12:58:00.000,I 75,I 75 and Sr 53,,Rear End,2,Clear,Dry,Daylight
2023-05-27T14:47:00.000,I 75,I 75 and Sr 53,,Angle Crash,2,Cloudy,Dry,Daylight
2023-03-04T14:15:00.000,I 75,I 75 and Sr 53,,Rear End,2,Clear,Dry,Daylight
2023-08-31T21:23:00.000,I 75,I 75 and Sr 53,,Rear End,3,Clear,Dry,Dark-Not Lighted
2023-03-13T12:58:00.000,I 75,I 75 and Sr 53,,Rear End,2,Cloudy,Dry,Daylight
2023-02-15T09:09:00.000,I 75,I 75 and Sr 53,,Not a Collision with Motor Vehicle,1,Cloudy,Wet,Daylight
2023-06-12T06:50:00.000,I 75,I 75 and Sr 53,,Sideswipe-Same Direction,2,Cloudy,Dry,Daylight
2023-12-26T17:30:00.000,I 75,I 75 and Sr 53,,Rear End,2,Rain,Wet,Dusk
2022-03-23T05:55:00.000,I 75,I 75 and Sr 53,,Angle Crash,2,Rain,Wet,Dark-Not Lighted
2022-02-25T23:50:00.000,I 75,I 75 and Sr 53,,Sideswipe-Same Direction,2,Clear,Dry,Dark-Lighted
2022-10-17T12:50:00.000,I 75,I 75 and Sr 53,,Not a Collision with Motor Vehicle,2,Clear,Dry,Daylight
2022-04-14T05:41:00.000,I 75,I 75 and Sr 53,,Rear End,2,Cloudy,Wet,Dark-Lighted
2023-08-28T15:30:00.000,I 75,I 75 and Sr 53,,Sideswipe-Same Direction,2,Rain,Wet,Daylight
2021-01-19T08:35:00.000,I 75,I 75 and Sr 53,,Rear End,2,Clear,Dry,Daylight
2021-09-17T08:30:00.000,I 75,I 75 and Sr 53,,Rear End,2,Cloudy,Dry,Daylight
2021-01-28T15:00:00.000,I 75,I 75 and Sr 53,,Rear End,2,Clear,Dry,Daylight
2020-06-29T12:00:00.000,I 75,I 75 and Sr 53,,Rear End,2,Clear,Dry,Daylight
2020-08-14T22:45:00.000,I 75,I 75 and Sr 53,,Rear End,2,Rain,Wet,Dark-Not Lighted
2020-07-28T11:12:00.000,I 75,I 75 and Sr 53,,Not a Collision with Motor Vehicle,1,Clear,Dry,Daylight
2020-01-31T23:20:00.000,I 75,I 75 and Sr 53,,Not a Collision with Motor Vehicle,1,Clear,Dry,Dark-Not Lighted
2020-02-26T18:40:00.000,I 75,I 75 and Sr 53,,Sideswipe-Same Direction,2,Cloudy,Wet,Dark-Not Lighted
2020-01-12T11:33:00.000,I 75,I 75 and Sr 53,,Sideswipe-Same Direction,2,Cloudy,Dry,Daylight
2020-08-24T12:40:00.000,I 75,I 75 and Sr 53,,Rear End,2,Cloudy,Dry,Daylight
2020-11-06T11:50:00.000,I 75,I 75 and Sr 53,,Rear End,2,Clear,Dry,Daylight
2020-08-26T16:43:00.000,I 75,I 75 and Sr 53,,Rear End,2,Clear,Wet,Daylight
2020-06-27T00:15:00.000,I 75,I 75 and Sr 53,,Sideswipe-Same Direction,2,Cloudy,Wet,Dark-Not Lighted
2020-12-27T17:48:00.000,I 75,I 75 and Sr 53,,Rear End,2,Clear,Dry,Dusk
2020-10-28T08:20:00.000,I 75,I 75 and Sr 53,,Rear End,2,Rain,Wet,Daylight
2020-08-07T06:39:00.000,I 75,I 75 and Sr 53,,Rear End,2,Clear,Dry,Daylight
2020-07-22T16:07:00.000,I 75,I 75 and Sr 53,,Not a Collision with Motor Vehicle,1,Rain,Wet,Daylight
2020-08-20T11:35:00.000,I 75,I 75 and Sr 53,,Sideswipe-Same Direction,2,Cloudy,Wet,Daylight
2020-12-01T06:09:00.000,I 75,I 75 and Sr 53,,Rear End,2,Cloudy,Dry,Dark-Lighted
2020-06-15T18:15:00.000,I 75,I 75 and Sr 53,,Not a Collision with Motor Vehicle,1,Cloudy,Dry,Daylight
2020-12-11T06:48:00.000,I 75,I 75 and Sr 53,,Rear End,2,Clear,Dry,Dark-Not Lighted
2020-06-27T13:00:00.000,I 75,I 75 and Sr 53,,Rear End,2,Cloudy,Dry,Daylight
2020-10-08T09:34:00.000,I 75,I 75 and Sr 53,,Head On,1,Clear,Dry,Daylight
2020-02-04T19:30:00.000,I 75,I 75 and Sr 53,,Sideswipe-Same Direction,2,Cloudy,Wet,Dark-Not Lighted
2020-06-03T18:04:00.000,I 75,I 75 and Sr 53,,Rear End,2,Cloudy,Dry,Daylight
2020-06-19T10:45:00.000,I 75,I 75 and Sr 53,,Rear End,2,Clear,Dry,Daylight
2020-07-19T14:15:00.000,I 75,I 75 and Sr 53,,Rear End,2,Clear,Dry,Daylight
2020-12-18T12:30:00.000,I 75,I 75 and Sr 53,,Rear End,2,Clear,Dry,Daylight
2020-06-26T10:30:00.000,I 75,I 75 and Sr 53,,Sideswipe-Same Direction,2,Cloudy,Dry,Daylight
2020-01-23T21:35:00.000,I 75,I 75 and Sr 53,,Sideswipe-Same Direction,2,Rain,Wet,Dark-Not Lighted
2020-06-16T14:56:00.000,I 75,I 75 and Sr 53,,Sideswipe-Same Direction,2,Clear,Dry,Daylight
2020-07-30T16:30:00.000,I 75,I 75 and Sr 53,,Rear End,2,Cloudy,Dry,Daylight
2020-09-17T12:16:00.000,I 75,I 75 and Sr 53,,Rear End,2,Cloudy,Dry,Daylight
2020-06-15T18:15:00.000,I 75,I 75 and Sr 53,,Not a Collision with Motor Vehicle,1,Cloudy,Dry,Daylight
2020-08-01T16:25:00.000,I 75,I 75 and Sr 53,,Not a Collision with Motor Vehicle,2,Clear,Dry,Daylight
2020-10-29T00:41:00.000,I 75,I 75 and Sr 53,,Sideswipe-Same Direction,2,Rain,Wet,Dark-Not Lighted
2020-11-05T15:50:00.000,I 75,I 75 and Sr 53,,Rear End,2,Cloudy,Dry,Daylight
2020-01-07T04:59:00.000,I 75,I 75 and Sr 53,,Sideswipe-Same Direction,2,Clear,Wet,Dark-Lighted
2020-10-05T06:55:00.000,I 75,I 75 and Sr 53,,Rear End,2,Clear,Dry,Dark-Lighted
2020-08-23T15:55:00.000,I 75,I 75 and Sr 53,,Not a Collision with Motor Vehicle,1,Cloudy,Wet,Daylight
2020-06-18T12:58:00.000,I 75,I 75 and Sr 53,,Rear End,2,Clear,Dry,Daylight
2020-12-23T08:25:00.000,I 75,I 75 and Sr 53,,Rear End,2,Clear,Dry,Daylight
2021-03-20T13:15:00.000,I 75,I 75 and Sr 53,,Rear End,2,Clear,Dry,Daylight
2021-03-25T11:44:00.000,I 75,I 75 and Sr 53,,Sideswipe-Same Direction,2,Rain,Wet,Daylight
2021-03-08T08:00:00.000,I 75,I 75 and Sr 53,,Rear End,2,Clear,Dry,Daylight
2021-06-24T09:26:00.000,I 75,I 75 and Sr 53,,Not a Collision with Motor Vehicle,1,Clear,Dry,Daylight
2021-01-27T06:35:00.000,I 75,I 75 and Sr 53,,Not a Collision with Motor Vehicle,1,Cloudy,Wet,Dark-Lighted
2021-02-06T09:55:00.000,I 75,I 75 and Sr 53,,Rear End,2,Cloudy,Dry,Daylight
2021-10-06T07:00:00.000,I 75,I 75 and Sr 53,,Rear End,2,Cloudy,Dry,Dark-Not Lighted
2021-12-19T08:25:00.000,I 75,I 75 and Sr 53,,Rear End,2,Cloudy,Wet,Daylight
2021-12-04T18:25:00.000,I 75,I 75 and Sr 53,,Sideswipe-Same Direction,2,Clear,Dry,Dark-Lighted
2021-07-14T19:20:00.000,I 75,I 75 and Sr 53,,Angle Crash,1,Clear,Dry,Daylight
2022-09-14T15:45:00.000,I 75,I 75 and Sr 53,,Not a Collision with Motor Vehicle,1,Clear,Dry,Daylight
2022-07-15T15:00:00.000,I 75,I 75 and Sr 53,,Rear End,2,Clear,Dry,Daylight
2021-11-09T18:13:00.000,I 75,I 75 and Sr 53,,Sideswipe-Same Direction,2,Clear,Dry,Dark-Lighted
2021-12-02T11:49:00.000,I 75,I 75 and Sr 53,,Sideswipe-Same Direction,2,Clear,Dry,Daylight
2021-12-11T12:50:00.000,I 75,I 75 and Sr 53,,Sideswipe-Same Direction,3,Rain,Wet,Daylight
2021-12-02T14:45:00.000,I 75,I 75 and Sr 53,,Sideswipe-Same Direction,2,Clear,Dry,Daylight
2022-09-14T10:40:00.000,I 75,I 75 and Sr 53,,Rear End,2,Clear,Dry,Daylight
2022-05-23T02:20:00.000,I 75,I 75 and Sr 53,,Rear End,2,Cloudy,Wet,Dark-Lighted
2022-09-18T13:50:00.000,I 75,I 75 and Sr 53,,Rear End,2,Clear,Dry,Daylight
2022-08-16T07:57:00.000,I 75,I 75 and Sr 53,,Rear End,2,Clear,Dry,Daylight
2022-01-17T18:15:00.000,I 75,I 75 and Sr 53,,Rear End,2,Cloudy,Wet,Dark-Not Lighted
2022-08-02T02:45:00.000,I 75,I 75 and Sr 53,,Sideswipe-Same Direction,2,Clear,Dry,Dark-Lighted
2021-10-23T13:25:00.000,I 75,I 75 and Sr 53,,Rear End,2,Clear,Dry,Daylight
2022-11-06T10:41:00.000,I 75,I 75 and Sr 53,,Sideswipe-Same Direction,2,Cloudy,Dry,Daylight
2022-02-02T15:00:00.000,I 75,I 75 and Sr 53,,Not a Collision with Motor Vehicle,1,Cloudy,Dry,Daylight
2022-06-23T14:49:00.000,I 75,I 75 and Sr 53,,Rear End,2,Clear,Dry,Daylight
2022-05-08T16:55:00.000,I 75,I 75 and Sr 53,,Rear End,2,Clear,Dry,Daylight
2022-08-03T06:34:00.000,I 75,I 75 and Sr 53,,Angle Crash,2,Clear,Dry,Dawn
2022-01-17T22:33:00.000,I 75,I 75 and Sr 53,,Sideswipe-Same Direction,2,Clear,Dry,Dark-Not Lighted
2022-04-19T01:09:00.000,I 75,I 75 and Sr 53,,Sideswipe-Same Direction,2,Clear,Dry,Dark-Not Lighted
2022-09-08T08:23:00.000,I 75,I 75 and Sr 53,,Rear End,2,Clear,Dry,Daylight
2022-02-21T18:15:00.000,I 75,I 75 and Sr 53,,Sideswipe-Same Direction,2,Rain,Wet,Daylight
2022-09-14T16:00:00.000,I 75,I 75 and Sr 53,,Not a Collision with Motor Vehicle,1,Clear,Dry,Daylight
2022-03-17T06:15:00.000,I 75,I 75 and Sr 53,,Sideswipe-Same Direction,2,Cloudy,Dry,Dark-Not Lighted
2022-12-25T17:08:00.000,I 75,I 75 and Sr 53,,Rear End,2,Clear,Dry,Daylight
2022-04-19T19:11:00.000,I 75,I 75 and Sr 53,,Sideswipe-Same Direction,2,Clear,Dry,Daylight
2022-07-10T02:30:00.000,I 75,I 75 and Sr 53,,Not a Collision with Motor Vehicle,1,Cloudy,Wet,Dark-Lighted
2022-11-01T10:56:00.000,I 75,I 75 and Sr 53,,Rear End,2,Cloudy,Dry,Daylight
2022-12-27T16:30:00.000,I 75,I 75 and Sr 53,,Rear End,2,Clear,Dry,Daylight
2022-04-07T16:53:00.000,I 75,I 75 and Sr 53,,Sideswipe-Same Direction,2,Clear,Dry,Daylight
2023-08-02T17:45:00.000,I 75,I 75 and Sr 53,,Rear End,2,Clear,Dry,Daylight
2024-11-26T14:10:00.000,I 75,I 75 and Sr 53,,Sideswipe-Same Direction,2,Clear,Dry,Daylight
2024-06-22T22:22:00.000,I 75,I 75 and Sr 53,,Sideswipe-Same Direction,2,Clear,Dry,Dark-Not Lighted
2024-12-16T19:05:00.000,I 75,I 75 and Sr 53,,Rear End,2,Cloudy,Dry,Dark-Lighted
2024-01-11T15:40:00.000,I 75,I 75 and Sr 53,,Rear End,2,Clear,Dry,Daylight
2024-03-31T12:23:00.000,I 75,I 75 and Sr 53,,Sideswipe-Same Direction,2,Clear,Dry,Daylight
2024-12-05T23:00:00.000,I 75,I 75 and Sr 53,,Rear End,2,Clear,Dry,Dark-Not Lighted
2024-04-21T21:29:00.000,I 75,I 75 and Sr 53,,Rear End,3,Clear,Dry,Dark-Not Lighted
2024-11-22T09:15:00.000,I 75,I 75 and Sr 53,,Sideswipe-Same Direction,2,Clear,Dry,Daylight
2024-03-17T11:56:00.000,I 75,I 75 and Sr 53,,Rear End,2,Clear,Dry,Daylight
2024-07-19T19:08:00.000,I 75,I 75 and Sr 53,,Sideswipe-Same Direction,2,Rain,Wet,Daylight
2024-10-12T17:55:00.000,I 75,I 75 and Sr 53,,Rear End,2,Clear,Dry,Daylight
2024-10-11T14:42:00.000,I 75,I 75 and Sr 53,,Rear End,2,Clear,Dry,Daylight