Date and Time,Roadway (From Crash Report),Intersection Name (from Crash Report),KABCO Severity,Manner of Collision (Crash Level) ,# of Vehicles per crash ,Weather Conditions (Crash Level),Surface Condition (Crash Level) ,Light Conditions (Crash Level)
2023-05-04T23:55:00.000,I 75,I 75 and Sr 53,,Sideswipe-Same Direction,2,Clear,Dry,Dark-Not Lighted
2024-02-17T22:50:00.000,I 75,I 75 and Sr 53,,Rear End,4,Clear,Dry,Dark-Not Lighted
2023-11-10T17:30:00.000,I 75,I 75 and Sr 53,,Rear End,2,Cloudy,Dry,Dusk
2023-02-11T00:30:00.000,I 75,I 75 and Sr 53,,Rear End,2,Clear,Dry,Dark-Not Lighted
2023-12-18T09:40:00.000,I 75,I 75 and Sr 53,,Rear End,2,Clear,Dry,Daylight
2023-04-01T06:30:00.000,I 75,I 75 and Sr 53,,Rear End,2,Rain,Wet,Dark-Not Lighted
2023-07-20T22:21:00.000,I 75,I 75 and Sr 53,,Sideswipe-Same Direction,2,Clear,Wet,Dark-Lighted
2023-12-30T14:36:00.000,I 75,I 75 and Sr 53,,Not a Collision with Motor Vehicle,1,Clear,Dry,Daylight
2023-05-19T13:00:00.000,I 75,I 75 and Sr 53,,Rear End,2,Cloudy,Dry,Daylight
2023-01-03T08:02:00.000,I 75,I 75 and Sr 53,,Rear End,2,Rain,Wet,Dawn
2023-08-21T08:16:00.000,I 75,I 75 and Sr 53,,Sideswipe-Same Direction,2,Clear,Dry,Daylight
2023-01-13T19:51:00.000,I 75,I 75 and Sr 53,,Sideswipe-Same Direction,2,Cloudy,Dry,Dark-Not Lighted
2023-08-29T22:39:00.000,I 75,I 75 and Sr 53,,Not a Collision with Motor Vehicle,1,Cloudy,Dry,Dark-Not Lighted
2023-03-04T20:11:00.000,I 75,I 75 and Sr 53,,Not a Collision with Motor Vehicle,1,Clear,Dry,Dark-Lighted
2023-06-20T18:15:00.000,I 75,I 75 and Sr 53,,Rear End,2,Cloudy,Wet,Daylight
2023-12-05T16:35:00.000,I 75,I 75 and Sr 53,,Rear End,2,Clear,Dry,Daylight
2023-03-07T18:12:00.000,I 75,I 75 and Sr 53,,Sideswipe-Same Direction,2,Clear,Dry,Daylight
2023-12-07T07:45:00.000,I 75,I 75 and Sr 53,,Sideswipe-Same Direction,2,Clear,Dry,Daylight
2023-09-13T15:55:00.000,I 75,I 75 and Sr 53,,Rear End,2,Cloudy,Dry,Daylight
2023-09-25T06:10:00.000,I 75,I 75 and Sr 53,,Rear End,2,Clear,Dry,Dark-Lighted
2023-04-13T11:46:00.000,I 75,I 75 and Sr 53,,Rear End,2,Cloudy,Dry,Daylight
2023-04-13T09:00:00.000,I 75,I 75 and Sr 53,,Rear End,2,Cloudy,Dry,Daylight
2023-11-19T12:40:00.000,I 75,I 75 and Sr 53,,Rear End,2,Clear,Dry,Daylight
2023-12-04T13:50:00.000,I 75,I 75 and Sr 53,,Sideswipe-Same Direction,2,Clear,Dry,Daylight
2023-02-06T07:21:00.000,I 75,I 75 and Sr 53,,Sideswipe-Same Direction,2,Clear,Dry,Dawn
2023-03-09T19:43:00.000,I 75,I 75 and Sr 53,,Rear End,2,Cloudy,Dry,Dark-Not Lighted
2024-08-18T17:15:00.000,I 75,I 75 and Sr 53,,Angle Crash,2,Clear,Dry,Daylight
2024-02-07T08:19:00.000,I 75,I 75 and Sr 53,,Rear End,2,Clear,Dry,Daylight
2024-04-16T14:35:00.000,I 75,I 75 and Sr 53,,Rear End,2,Cloudy,Dry,Daylight
2024-03-07T13:00:00.000,I 75,I 75 and Sr 53,,Sideswipe-Same Direction,2,Clear,Dry,Daylight
2024-04-05T17:30:00.000,I 75,I 75 and Sr 53,,Sideswipe-Same Direction,2,Clear,Dry,Daylight
2024-03-01T22:00:00.000,I 75,I 75 and Sr 53,,Sideswipe-Same Direction,2,Clear,Dry,Dark-Lighted
2024-11-21T15:45:00.000,I 75,I 75 and Sr 53,,Rear End,2,Clear,Dry,Daylight
2024-10-30T13:10:00.000,I 75,I 75 and Sr 53,,Rear End,2,Cloudy,Dry,Daylight
2024-06-17T13:29:00.000,I 75,I 75 and Sr 53,,Rear End,2,Clear,Dry,Daylight
2024-06-08T00:15:00.000,I 75,I 75 and Sr 53,,Sideswipe-Same Direction,2,Clear,Dry,Dark-Not Lighted
2024-02-29T23:34:00.000,I 75,I 75 and Sr 53,,Angle Crash,2,Clear,Dry,Dark-Lighted
2024-12-15T18:15:00.000,I 75,I 75 and Sr 53,,Angle Crash,2,Cloudy,Wet,Dark-Not Lighted
2024-05-14T16:30:00.000,I 75,I 75 and Sr 53,,Rear End,2,Clear,Dry,Daylight
2024-02-23T12:35:00.000,I 75,I 75 and Sr 53,,Rear End,2,Clear,Dry,Daylight
2024-01-31T07:35:00.000,I 75,I 75 and Sr 53,,Rear End,2,Clear,Dry,Daylight
2024-08-14T07:20:00.000,I 75,I 75 and Sr 53,,Rear End,2,Clear,Dry,Daylight
2024-02-26T19:50:00.000,I 75,I 75 and Sr 53,,Rear End,2,Clear,Dry,Dark-Not Lighted
2024-09-23T08:05:00.000,I 75,I 75 and Sr 53,,Rear End,2,Clear,Dry,Daylight
2024-05-29T11:12:00.000,I 75,I 75 and Sr 53,,Rear End,2,Clear,Dry,Daylight
2024-12-25T13:27:00.000,I 75,I 75 and Sr 53,,Rear End,2,Clear,Dry,Daylight
2024-10-22T06:51:00.000,I 75,I 75 and Sr 53,,Rear End,2,Clear,Dry,Dark-Not Lighted
2024-10-01T04:55:00.000,I 75,I 75 and Sr 53,,Sideswipe-Same Direction,2,Clear,Dry,Dark-Not Lighted
2024-04-04T14:55:00.000,I 75,I 75 and Sr 53,,Rear End,2,Clear,Dry,Daylight
2024-06-09T09:05:00.000,I 75,I 75 and Sr 53,,Rear End,2,Cloudy,Wet,Daylight
2024-05-20T06:50:00.000,I 75,I 75 and Sr 53,,Rear End,2,Clear,Dry,Daylight
2024-02-08T07:30:00.000,I 75,I 75 and Sr 53,,Rear End,2,Clear,Dry,Daylight
2024-06-25T20:10:00.000,I 75,I 75 and Sr 53,,Sideswipe-Same Direction,2,Clear,Dry,Daylight
2024-04-17T13:28:00.000,I 75,I 75 and Sr 53,,Sideswipe-Same Direction,2,Cloudy,Dry,Daylight
2024-03-14T14:11:00.000,I 75,I 75 and Sr 53,,Rear End,2,Clear,Dry,Daylight
2024-07-18T16:45:00.000,I 75,I 75 and Sr 53,,Rear End,2,Clear,Dry,Daylight
2024-05-08T06:40:00.000,I 75,I 75 and Sr 53,,Rear End,2,Cloudy,Dry,Daylight
2024-06-27T12:21:00.000,I 75,I 75 and Sr 53,,Rear End,2,Clear,Dry,Daylight
2024-04-01T20:55:00.000,I 75,I 75 and Sr 53,,Rear End,2,Clear,Dry,Dark-Not Lighted
2024-03-05T16:08:00.000,I 75,I 75 and Sr 53,,Not a Collision with Motor Vehicle,2,Rain,Wet,Daylight
2024-05-23T16:45:00.000,I 75,I 75 and Sr 53,,Rear End,2,Rain,Wet,Daylight
2024-05-27T19:15:00.000,I 75,I 75 and Sr 53,,Not a Collision with Motor Vehicle,1,Clear,Dry,Daylight
2024-04-26T14:13:00.000,I 75,I 75 and Sr 53,,Sideswipe-Same Direction,2,Clear,Dry,Daylight
2024-10-05T00:33:00.000,I 75,I 75 and Sr 53,,Angle Crash,2,Clear,Dry,Dark-Not Lighted
2024-03-07T07:27:00.000,I 75,I 75 and Sr 53,,Rear End,2,Clear,Dry,Daylight
2023-10-06T13:20:00.000,I 75,I 75 and Sr 520,,Sideswipe-Same Direction,3,Clear,Dry,Daylight
2023-12-29T12:21:00.000,I 75,I 75 and Sr 520,,Not a Collision with Motor Vehicle,1,Clear,Dry,Daylight
2022-09-01T17:25:00.000,I 75,I 75 and Sr 520,,Not a Collision with Motor Vehicle,1,Rain,Wet,Daylight
2020-10-09T23:00:00.000,I 75,I 75 and Sr 520,,Not a Collision with Motor Vehicle,2,Cloudy,Wet,Dark-Lighted
2022-09-01T17:25:00.000,I 75,I 75 and Sr 520,,Rear End,3,Rain,Wet,Daylight
2024-08-10T17:22:00.000,I 75,I 75 and Sr 520,,Sideswipe-Same Direction,3,Cloudy,Dry,Daylight
2024-07-01T19:38:00.000,I 75,I 75 and Sr 520,,Not a Collision with Motor Vehicle,1,Clear,Dry,Daylight
2021-11-26T12:45:00.000,I 75,I 75 and Sr 52,,Rear End,2,Clear,Dry,Daylight
2021-04-27T16:51:00.000,I 75,I 75 and Sr 52,,Rear End,2,Cloudy,Dry,Daylight
2021-02-24T09:04:00.000,I 75,I 75 and Sr 52,,Rear End,2,Clear,Dry,Daylight
2023-03-31T22:00:00.000,I 75,I 75 and Sr 52,,Rear End,2,Cloudy,Dry,Dark-Not Lighted
2020-07-07T10:59:00.000,I 75,I 75 and Sr 52,,Sideswipe-Same Direction,2,Cloudy,Dry,Daylight
2020-01-15T13:43:00.000,I 75,I 75 and Sr 52,,Angle Crash,2,Cloudy,Wet,Daylight
2020-10-14T17:10:00.000,I 75,I 75 and Sr 52,,Angle Crash,2,Clear,Dry,Daylight
2020-01-22T19:02:00.000,I 75,I 75 and Sr 52,,Rear End,2,Clear,Dry,Dark-Lighted
2020-01-17T10:00:00.000,I 75,I 75 and Sr 52,,Not a Collision with Motor Vehicle,2,Cloudy,Dry,Daylight
2020-08-19T09:55:00.000,I 75,I 75 and Sr 52,,Angle Crash,2,Clear,Dry,Daylight
2020-09-08T10:36:00.000,I 75,I 75 and Sr 52,,Rear End,2,Clear,Dry,Daylight
2020-11-17T12:15:00.000,I 75,I 75 and Sr 52,,Rear End,2,Clear,Dry,Daylight
2020-05-01T18:35:00.000,I 75,I 75 and Sr 52,,Sideswipe-Same Direction,2,Clear,Dry,Daylight
2021-02-26T04:32:00.000,I 75,I 75 and Sr 52,,Angle Crash,2,Rain,Wet,Dark-Not Lighted
2022-09-08T10:35:00.000,I 75,I 75 and Sr 52,,Rear End,2,Clear,Dry,Daylight
2021-02-03T08:55:00.000,I 75,I 75 and Sr 49,,Sideswipe-Same Direction,2,Clear,Dry,Daylight
2021-01-02T17:28:00.000,I 75,I 75 and Sr 49,,Rear End,2,Rain,Wet,Dark-Lighted
2021-01-23T04:18:00.000,I 75,I 75 and Sr 49,,Not a Collision with Motor Vehicle,4,Clear,Dry,Dark-Not Lighted
2021-05-13T06:38:00.000,I 75,I 75 and Sr 49,,Sideswipe-Same Direction,2,Cloudy,Dry,Dawn
2021-01-08T13:10:00.000,I 75,I 75 and Sr 49,,Sideswipe-Same Direction,2,Clear,Dry,Daylight
2021-10-15T09:34:00.000,I 75,I 75 and Sr 49,,Rear End,2,Clear,Dry,Daylight
2021-10-30T11:17:00.000,I 75,I 75 and Sr 49,,Not a Collision with Motor Vehicle,1,Clear,Dry,Daylight
2021-12-08T08:08:00.000,I 75,I 75 and Sr 49,,Not a Collision with Motor Vehicle,1,Rain,Wet,Daylight
2021-12-09T17:44:00.000,I 75,I 75 and Sr 49,,Not a Collision with Motor Vehicle,1,Cloudy,Dry,Dark-Not Lighted
2021-10-23T02:15:00.000,I 75,I 75 and Sr 49,,Not a Collision with Motor Vehicle,1,Clear,Dry,Dark-Not Lighted
2021-08-05T15:38:00.000,I 75,I 75 and Sr 49,,Rear End,2,Clear,Dry,Daylight
2021-05-09T18:30:00.000,I 75,I 75 and Sr 49,,Sideswipe-Same Direction,2,Clear,Dry,Daylight
2021-06-09T07:02:00.000,I 75,I 75 and Sr 49,,Sideswipe-Same Direction,2,Clear,Dry,Daylight
2021-03-12T13:03:00.000,I 75,I 75 and Sr 49,,Sideswipe-Same Direction,2,Clear,Dry,Daylight
2021-04-27T18:08:00.000,I 75,I 75 and Sr 49,,Rear End,2,Clear,Dry,Daylight
2021-01-22T06:25:00.000,I 75,I 75 and Sr 49,,Rear End,2,Rain,Wet,Dark-Not Lighted
2021-04-11T15:37:00.000,I 75,I 75 and Sr 49,,Rear End,2,Clear,Dry,Daylight
2021-03-24T19:26:00.000,I 75,I 75 and Sr 49,,Not a Collision with Motor Vehicle,1,Cloudy,Dry,Dusk
2021-08-15T17:58:00.000,I 75,I 75 and Sr 49,,Not a Collision with Motor Vehicle,1,Clear,Dry,Daylight
2021-09-26T16:16:00.000,I 75,I 75 and Sr 49,,Not a Collision with Motor Vehicle,1,Clear,Dry,Daylight
2021-12-11T20:45:00.000,I 75,I 75 and Sr 49,,Angle Crash,2,Rain,Wet,Dark-Lighted
2021-10-23T03:12:00.000,I 75,I 75 and Sr 49,,Rear End,2,Clear,Dry,Dark-Not Lighted
2021-12-14T11:30:00.000,I 75,I 75 and Sr 49,,Sideswipe-Same Direction,2,Clear,Dry,Daylight
2021-08-02T08:11:00.000,I 75,I 75 and Sr 49,,Not a Collision with Motor Vehicle,1,Clear,Dry,Daylight
2021-09-14T08:56:00.000,I 75,I 75 and Sr 49,,Rear End,2,Clear,Dry,Daylight
2021-06-05T18:16:00.000,I 75,I 75 and Sr 49,,Not a Collision with Motor Vehicle,2,Cloudy,Dry,Daylight
2021-08-24T23:14:00.000,I 75,I 75 and Sr 49,,Sideswipe-Same Direction,2,Cloudy,Dry,Dark-Lighted
2021-11-27T18:48:00.000,I 75,I 75 and Sr 49,,(None),2,(None),(None),(None)
2021-10-15T12:28:00.000,I 75,I 75 and Sr 49,,(None),2,(None),(None),(None)
2021-10-18T17:44:00.000,I 75,I 75 and Sr 49,,Rear End,2,Clear,Dry,Daylight
2021-09-29T17:05:00.000,I 75,I 75 and Sr 49,,Rear End,2,Clear,Dry,Daylight
2021-08-25T18:00:00.000,I 75,I 75 and Sr 49,,Sideswipe-Same Direction,2,Clear,Dry,Daylight
2021-11-19T16:18:00.000,I 75,I 75 and Sr 49,,Sideswipe-Same Direction,2,Clear,Dry,Daylight
2021-09-24T15:15:00.000,I 75,I 75 and Sr 49,,Rear End,2,Clear,Dry,Daylight
2021-08-15T18:41:00.000,I 75,I 75 and Sr 49,,Rear End,2,Clear,Dry,Daylight
2021-01-02T18:57:00.000,I 75,I 75 and Sr 49,,Not a Collision with Motor Vehicle,1,Rain,Water (standing or moving),Dark-Not Lighted
2021-11-18T15:35:00.000,I 75,I 75 and Sr 49,,Not a Collision with Motor Vehicle,1,Clear,Dry,Daylight
2021-09-26T01:05:00.000,I 75,I 75 and Sr 49,,Sideswipe-Opposite Direction,2,Clear,Dry,Dark-Lighted
2021-10-15T19:25:00.000,I 75,I 75 and Sr 49,,Sideswipe-Same Direction,2,Clear,Dry,Dark-Not Lighted
2021-10-17T23:24:00.000,I 75,I 75 and Sr 49,,Sideswipe-Same Direction,2,Clear,Dry,Dark-Not Lighted
2021-01-26T11:15:00.000,I 75,I 75 and Sr 49,,Not a Collision with Motor Vehicle,1,Rain,Wet,Daylight
2021-05-06T18:42:00.000,I 75,I 75 and Sr 49,,Sideswipe-Same Direction,2,Clear,Dry,Daylight
2021-06-15T18:56:00.000,I 75,I 75 and Sr 49,,Not a Collision with Motor Vehicle,2,Clear,Dry,Daylight
2021-05-12T07:10:00.000,I 75,I 75 and Sr 49,,Sideswipe-Same Direction,2,Rain,Wet,Daylight
2021-02-16T15:50:00.000,I 75,I 75 and Sr 49,,Rear End,2,Clear,Dry,Daylight
2020-12-15T08:00:00.000,I 75,I 75 and Sr 49,,Sideswipe-Same Direction,2,Clear,Dry,Daylight
2023-01-12T18:35:00.000,I 75,I 75 and Sr 49,,Not a Collision with Motor Vehicle,1,Rain,Wet,Dark-Lighted
2023-08-31T09:42:00.000,I 75,I 75 and Sr 49,,Sideswipe-Same Direction,2,Clear,Dry,Daylight
2023-07-01T16:43:00.000,I 75,I 75 and Sr 49,,Sideswipe-Same Direction,2,Clear,Dry,Daylight
2023-06-10T22:00:00.000,I 75,I 75 and Sr 49,,Rear End,2,Clear,Dry,Dark-Not Lighted
2023-10-09T23:13:00.000,I 75,I 75 and Sr 49,,Rear End,2,Clear,Dry,Daylight
2023-07-19T22:33:00.000,I 75,I 75 and Sr 49,,Angle Crash,2,Clear,Dry,Dark-Lighted
2023-10-27T09:26:00.000,I 75,I 75 and Sr 49,,Sideswipe-Same Direction,2,Clear,Dry,Daylight
2023-07-20T10:38:00.000,I 75,I 75 and Sr 49,,Sideswipe-Same Direction,2,Clear,Dry,Daylight
2023-03-11T16:47:00.000,I 75,I 75 and Sr 49,,Sideswipe-Same Direction,2,Clear,Dry,Daylight
2023-10-26T20:50:00.000,I 75,I 75 and Sr 49,,Rear End,2,Clear,Dry,Dark-Not Lighted
2023-11-08T11:20:00.000,I 75,I 75 and Sr 49,,Sideswipe-Same Direction,3,Clear,Dry,Daylight
2023-07-14T16:18:00.000,I 75,I 75 and Sr 49,,Sideswipe-Same Direction,1,Clear,Dry,Daylight
2023-04-14T21:20:00.000,I 75,I 75 and Sr 49,,Sideswipe-Same Direction,2,Clear,Dry,Dark-Lighted
2023-04-01T21:13:00.000,I 75,I 75 and Sr 49,,Rear End,2,Clear,Dry,Dark-Not Lighted
2023-09-13T20:50:00.000,I 75,I 75 and Sr 49,,Not a Collision with Motor Vehicle,1,Clear,Dry,Dark-Not Lighted
2023-04-12T22:53:00.000,I 75,I 75 and Sr 49,,Sideswipe-Same Direction,2,Clear,Dry,Dark-Lighted
2023-03-10T22:51:00.000,I 75,I 75 and Sr 49,,Angle Crash,2,Clear,Dry,Dark-Not Lighted
2023-01-01T18:44:00.000,I 75,I 75 and Sr 49,,Rear End,2,Clear,Dry,Dark-Not Lighted
2023-08-25T15:50:00.000,I 75,I 75 and Sr 49,,Not a Collision with Motor Vehicle,2,Clear,Dry,Daylight
2023-06-18T15:06:00.000,I 75,I 75 and Sr 49,,Rear End,4,Clear,Dry,Daylight
2023-08-14T18:51:00.000,I 75,I 75 and Sr 49,,Rear End,2,Clear,Dry,Daylight
2023-12-16T11:41:00.000,I 75,I 75 and Sr 49,,Rear End,3,Clear,Dry,Daylight
2023-10-11T06:40:00.000,I 75,I 75 and Sr 49,,Rear End,2,Cloudy,Dry,Dark-Not Lighted
2023-04-15T08:58:00.000,I 75,I 75 and Sr 49,,Rear End,2,Clear,Dry,Daylight
2023-05-04T13:51:00.000,I 75,I 75 and Sr 49,,Not a Collision with Motor Vehicle,2,Clear,Dry,Daylight
2023-01-17T22:59:00.000,I 75,I 75 and Sr 49,,Not a Collision with Motor Vehicle,1,Cloudy,Wet,Dark-Lighted
2023-06-17T10:05:00.000,I 75,I 75 and Sr 49,,Rear End,2,Clear,Dry,Daylight
2023-04-14T22:25:00.000,I 75,I 75 and Sr 49,,Rear End,3,Clear,Dry,Dark-Lighted
2023-08-02T10:30:00.000,I 75,I 75 and Sr 49,,Rear End,2,Clear,Dry,Daylight
2023-12-20T19:15:00.000,I 75,I 75 and Sr 49,,Sideswipe-Same Direction,2,Clear,Dry,Dark-Lighted
2023-09-12T05:49:00.000,I 75,I 75 and Sr 49,,Sideswipe-Same Direction,2,Clear,Dry,Dark-Lighted
2023-10-28T05:06:00.000,I 75,I 75 and Sr 49,,Not a Collision with Motor Vehicle,1,Clear,Dry,Dark-Not Lighted
2023-02-05T20:26:00.000,I 75,I 75 and Sr 49,,Rear End,2,Clear,Dry,Dark-Lighted
2023-07-21T02:20:00.000,I 75,I 75 and Sr 49,,Rear End,2,Clear,Dry,Dark-Lighted
2023-05-01T16:51:00.000,I 75,I 75 and Sr 49,,Sideswipe-Same Direction,2,Clear,Dry,Daylight
2023-12-21T19:37:00.000,I 75,I 75 and Sr 49,,Sideswipe-Same Direction,2,Clear,Dry,Dark-Not Lighted
2023-04-30T17:11:00.000,I 75,I 75 and Sr 49,,Rear End,2,Clear,Dry,Daylight
2023-09-19T21:24:00.000,I 75,I 75 and Sr 49,,Rear End,2,Clear,Dry,Dark-Not Lighted
2023-03-08T06:35:00.000,I 75,I 75 and Sr 49,,Rear End,2,Clear,Dry,Daylight
2023-03-25T12:04:00.000,I 75,I 75 and Sr 49,,Rear End,2,Cloudy,Dry,Daylight
2022-09-27T03:44:00.000,I 75,I 75 and Sr 49,,Rear End,2,Clear,Dry,Dark-Not Lighted
2022-02-01T09:00:00.000,I 75,I 75 and Sr 49,,Rear End,3,Clear,Dry,Daylight
2022-09-06T06:52:00.000,I 75,I 75 and Sr 49,,Sideswipe-Same Direction,2,Clear,Dry,Dark-Not Lighted
2022-10-06T16:17:00.000,I 75,I 75 and Sr 49,,Not a Collision with Motor Vehicle,1,Clear,Dry,Daylight
2023-02-24T20:40:00.000,I 75,I 75 and Sr 49,,Sideswipe-Same Direction,2,Clear,Dry,Dark-Not Lighted
2020-08-25T14:25:00.000,I 75,I 75 and Sr 49,,Not a Collision with Motor Vehicle,1,Cloudy,Dry,Daylight
2020-01-24T13:02:00.000,I 75,I 75 and Sr 49,,Rear End,2,Cloudy,Wet,Daylight
2020-10-26T12:56:00.000,I 75,I 75 and Sr 49,,(None),2,(None),(None),(None)
2020-04-19T12:45:00.000,I 75,I 75 and Sr 49,,Not a Collision with Motor Vehicle,1,Rain,Wet,Daylight
2020-12-24T18:32:00.000,I 75,I 75 and Sr 49,,Rear End,2,Rain,Wet,Dark-Not Lighted
2020-12-24T15:51:00.000,I 75,I 75 and Sr 49,,Angle Crash,2,Rain,Wet,Daylight
2020-09-06T05:08:00.000,I 75,I 75 and Sr 49,,Not a Collision with Motor Vehicle,1,Clear,Dry,Dark-Lighted
2020-12-10T14:47:00.000,I 75,I 75 and Sr 49,,Sideswipe-Same Direction,2,Clear,Dry,Daylight
2020-09-25T18:36:00.000,I 75,I 75 and Sr 49,,Sideswipe-Same Direction,2,Clear,Dry,Daylight
2020-01-13T18:10:00.000,I 75,I 75 and Sr 49,,Sideswipe-Same Direction,2,Cloudy,Wet,Dusk
2020-02-21T08:15:00.000,I 75,I 75 and Sr 49,,Rear End,2,Clear,Dry,Daylight
2020-06-02T01:31:00.000,I 75,I 75 and Sr 49,,Head On,1,Clear,Dry,Dark-Not Lighted
2020-10-30T11:23:00.000,I 75,I 75 and Sr 49,,Sideswipe-Same Direction,2,Clear,Dry,Daylight
2020-08-31T16:28:00.000,I 75,I 75 and Sr 49,,Rear End,2,Cloudy,Dry,Daylight
2020-12-14T07:37:00.000,I 75,I 75 and Sr 49,,Sideswipe-Same Direction,2,Rain,Wet,Daylight
2020-06-29T12:00:00.000,I 75,I 75 and Sr 49,,Angle Crash,1,Clear,Dry,Daylight
2020-07-30T15:54:00.000,I 75,I 75 and Sr 49,,Rear End,2,Clear,Dry,Daylight
2020-09-13T16:40:00.000,I 75,I 75 and Sr 49,,Not a Collision with Motor Vehicle,1,Rain,Dry,Daylight
2020-02-15T11:40:00.000,I 75,I 75 and Sr 49,,Sideswipe-Same Direction,2,Clear,Dry,Daylight
2020-12-21T00:30:00.000,I 75,I 75 and Sr 49,,Not a Collision with Motor Vehicle,1,Cloudy,Wet,Dark-Lighted
2020-02-05T17:35:00.000,I 75,I 75 and Sr 49,,Angle Crash,2,Rain,Wet,Daylight
2020-01-03T17:36:00.000,I 75,I 75 and Sr 49,,Rear End,3,Rain,Wet,Dusk
2020-12-01T15:35:00.000,I 75,I 75 and Sr 49,,Head On,2,Clear,Dry,Daylight
2020-08-05T18:34:00.000,I 75,I 75 and Sr 49,,Not a Collision with Motor Vehicle,1,Rain,Wet,Daylight
2020-06-18T10:10:00.000,I 75,I 75 and Sr 49,,Rear End,2,Clear,Dry,Daylight
2020-10-26T17:34:00.000,I 75,I 75 and Sr 49,,Rear End,2,Clear,Dry,Daylight
2020-05-13T16:14:00.000,I 75,I 75 and Sr 49,,Sideswipe-Same Direction,2,Clear,Dry,Daylight
2020-10-23T17:13:00.000,I 75,I 75 and Sr 49,,Rear End,2,Clear,Dry,Daylight
2020-04-23T23:19:00.000,I 75,I 75 and Sr 49,,Not a Collision with Motor Vehicle,1,Cloudy,Wet,Dark-Lighted
2020-03-21T13:20:00.000,I 75,I 75 and Sr 49,,Rear End,2,Clear,Dry,Daylight
2020-07-27T21:13:00.000,I 75,I 75 and Sr 49,,Rear End,2,Clear,Dry,Dark-Lighted
2020-12-01T15:07:00.000,I 75,I 75 and Sr 49,,Not a Collision with Motor Vehicle,1,Clear,Dry,Daylight
2020-09-08T17:43:00.000,I 75,I 75 and Sr 49,,Not a Collision with Motor Vehicle,3,Clear,Dry,Daylight
2020-12-26T06:52:00.000,I 75,I 75 and Sr 49,,Not a Collision with Motor Vehicle,2,Clear,Dry,Dark-Not Lighted
2020-12-12T07:15:00.000,I 75,I 75 and Sr 49,,Sideswipe-Same Direction,2,Clear,Dry,Daylight
2020-01-03T17:30:00.000,I 75,I 75 and Sr 49,,Rear End,2,Rain,Wet,Dusk
2020-03-26T20:57:00.000,I 75,I 75 and Sr 49,,Rear End,2,Clear,Dry,Dark-Lighted
2020-02-21T19:45:00.000,I 75,I 75 and Sr 49,,Sideswipe-Same Direction,2,Clear,Dry,Dark-Not Lighted
2020-02-21T18:41:00.000,I 75,I 75 and Sr 49,,Sideswipe-Same Direction,2,Clear,Dry,Dark-Lighted
2020-09-18T22:26:00.000,I 75,I 75 and Sr 49,,Not a Collision with Motor Vehicle,1,Cloudy,Dry,Daylight
2020-01-16T19:18:00.000,I 75,I 75 and Sr 49,,Sideswipe-Same Direction,2,Clear,Dry,Dark-Lighted
2020-10-26T12:35:00.000,I 75,I 75 and Sr 49,,Sideswipe-Same Direction,2,Cloudy,Dry,Daylight
2020-06-09T17:26:00.000,I 75,I 75 and Sr 49,,Rear End,2,Cloudy,Dry,Daylight
2020-10-26T04:19:00.000,I 75,I 75 and Sr 49,,Angle Crash,2,Clear,Dry,Dark-Lighted
2020-04-24T01:51:00.000,I 75,I 75 and Sr 49,,Not a Collision with Motor Vehicle,1,Clear,Wet,Dark-Not Lighted
2020-01-11T02:45:00.000,I 75,I 75 and Sr 49,,Rear End,2,Cloudy,Wet,Dark-Not Lighted
2020-04-24T09:51:00.000,I 75,I 75 and Sr 49,,Sideswipe-Same Direction,2,Clear,Dry,Daylight
2020-10-04T00:00:00.000,I 75,I 75 and Sr 49,,Sideswipe-Same Direction,2,Clear,Dry,Daylight
2020-11-25T23:38:00.000,I 75,I 75 and Sr 49,,Sideswipe-Same Direction,2,Clear,Dry,Dark-Not Lighted
2021-04-10T10:52:00.000,I 75,I 75 and Sr 49,,Rear End,2,Rain,Wet,Daylight
2021-06-12T12:51:00.000,I 75,I 75 and Sr 49,,Rear End,2,Clear,Dry,Daylight
2021-04-01T16:20:00.000,I 75,I 75 and Sr 49,,Rear End,3,Clear,Dry,Daylight
2021-04-06T14:56:00.000,I 75,I 75 and Sr 49,,Sideswipe-Same Direction,2,Clear,Dry,Daylight
2021-06-11T16:50:00.000,I 75,I 75 and Sr 49,,Rear End,4,Rain,Wet,Daylight
2021-03-24T11:45:00.000,I 75,I 75 and Sr 49,,Rear End,2,Cloudy,Dry,Daylight
2021-03-23T08:52:00.000,I 75,I 75 and Sr 49,,Sideswipe-Same Direction,2,Clear,Dry,Daylight
2021-05-16T13:27:00.000,I 75,I 75 and Sr 49,,Sideswipe-Same Direction,2,Clear,Dry,Daylight
2021-02-10T14:48:00.000,I 75,I 75 and Sr 49,,Rear End,2,Clear,Dry,Daylight
2021-01-26T10:56:00.000,I 75,I 75 and Sr 49,,Rear End,2,Rain,Wet,Daylight
2021-04-02T13:50:00.000,I 75,I 75 and Sr 49,,Rear End,3,Clear,Dry,Daylight
2021-09-06T14:30:00.000,I 75,I 75 and Sr 49,,Sideswipe-Same Direction,2,Clear,Dry,Daylight
2021-11-27T15:11:00.000,I 75,I 75 and Sr 49,,(None),2,(None),(None),(None)
2021-11-28T18:35:00.000,I 75,I 75 and Sr 49,,Rear End,2,Clear,Dry,Dark-Not Lighted
2021-11-22T16:25:00.000,I 75,I 75 and Sr 49,,Rear End,2,Clear,Dry,Daylight
2021-09-18T09:19:00.000,I 75,I 75 and Sr 49,,(None),2,(None),(None),(None)
2021-07-15T15:52:00.000,I 75,I 75 and Sr 49,,Not a Collision with Motor Vehicle,1,Cloudy,Dry,Daylight
2021-09-20T02:15:00.000,I 75,I 75 and Sr 49,,Sideswipe-Same Direction,2,Rain,Wet,Dark-Lighted
2021-12-23T14:34:00.000,I 75,I 75 and Sr 49,,Rear End,2,Clear,Dry,Daylight
2021-11-10T07:19:00.000,I 75,I 75 and Sr 49,,Not a Collision with Motor Vehicle,1,Clear,Dry,Daylight
2021-12-09T18:17:00.000,I 75,I 75 and Sr 49,,Not a Collision with Motor Vehicle,1,Cloudy,Dry,Dark-Not Lighted