Date and Time,Roadway (From Crash Report),Intersection Name (from Crash Report),KABCO Severity,Manner of Collision (Crash Level) ,# of Vehicles per crash ,Weather Conditions (Crash Level),Surface Condition (Crash Level) ,Light Conditions (Crash Level)
2021-12-07T20:37:00.000,I 75,I 75 and Sr 49,,Angle Crash,2,Cloudy,Dry,Dark-Not Lighted
2021-10-15T15:16:00.000,I 75,I 75 and Sr 49,,Not a Collision with Motor Vehicle,1,Clear,Dry,Daylight
2021-11-02T09:22:00.000,I 75,I 75 and Sr 49,,Sideswipe-Same Direction,2,Clear,Dry,Daylight
2021-07-17T15:18:00.000,I 75,I 75 and Sr 49,,Rear End,2,Clear,Dry,Daylight
2021-09-07T11:40:00.000,I 75,I 75 and Sr 49,,Sideswipe-Same Direction,2,Cloudy,Dry,Daylight
2021-08-14T15:52:00.000,I 75,I 75 and Sr 49,,Sideswipe-Same Direction,2,Rain,Wet,Daylight
2021-10-10T23:51:00.000,I 75,I 75 and Sr 49,,Sideswipe-Same Direction,2,Clear,Dry,Dark-Not Lighted
2021-08-17T08:30:00.000,I 75,I 75 and Sr 49,,Not a Collision with Motor Vehicle,2,Cloudy,Dry,Daylight
2021-08-14T20:03:00.000,I 75,I 75 and Sr 49,,Rear End,2,Rain,Wet,Daylight
2021-07-29T15:52:00.000,I 75,I 75 and Sr 49,,Rear End,2,Clear,Dry,Daylight
2021-08-04T00:34:00.000,I 75,I 75 and Sr 49,,Not a Collision with Motor Vehicle,1,Clear,Dry,Dark-Not Lighted
2022-04-01T13:35:00.000,I 75,I 75 and Sr 49,,Rear End,2,Clear,Dry,Daylight
2022-12-06T17:48:00.000,I 75,I 75 and Sr 49,,Rear End,2,Clear,Dry,Dusk
2021-11-17T09:52:00.000,I 75,I 75 and Sr 49,,Sideswipe-Same Direction,2,Clear,Dry,Daylight
2021-10-15T11:10:00.000,I 75,I 75 and Sr 49,,Rear End,2,Clear,Dry,Daylight
2021-07-30T02:00:00.000,I 75,I 75 and Sr 49,,Not a Collision with Motor Vehicle,1,Clear,Dry,Dark-Lighted
2021-09-15T15:00:00.000,I 75,I 75 and Sr 49,,Not a Collision with Motor Vehicle,1,Rain,Wet,Daylight
2022-09-08T15:46:00.000,I 75,I 75 and Sr 49,,Rear End,2,Cloudy,Dry,Daylight
2022-01-02T15:48:00.000,I 75,I 75 and Sr 49,,Rear End,2,Rain,Wet,Daylight
2022-04-09T11:40:00.000,I 75,I 75 and Sr 49,,Rear End,2,Cloudy,Dry,Daylight
2022-12-17T17:29:00.000,I 75,I 75 and Sr 49,,Rear End,2,Clear,Dry,Dawn
2022-05-13T17:08:00.000,I 75,I 75 and Sr 49,,Not a Collision with Motor Vehicle,1,Rain,Wet,Daylight
2022-04-24T01:30:00.000,I 75,I 75 and Sr 49,,Not a Collision with Motor Vehicle,1,Clear,Dry,Dark-Not Lighted
2022-09-08T16:54:00.000,I 75,I 75 and Sr 49,,Rear End,2,Cloudy,Dry,Daylight
2022-11-27T15:55:00.000,I 75,I 75 and Sr 49,,Rear End,4,Clear,Dry,Daylight
2022-10-21T14:25:00.000,I 75,I 75 and Sr 49,,Not a Collision with Motor Vehicle,1,Clear,Dry,Daylight
2022-08-12T07:30:00.000,I 75,I 75 and Sr 49,,Sideswipe-Same Direction,2,Clear,Dry,Dusk
2022-07-04T21:21:00.000,I 75,I 75 and Sr 49,,Rear End,2,Rain,Wet,Dark-Lighted
2022-03-11T12:31:00.000,I 75,I 75 and Sr 49,,Sideswipe-Same Direction,2,Cloudy,Dry,Daylight
2022-04-05T15:00:00.000,I 75,I 75 and Sr 49,,Not a Collision with Motor Vehicle,1,Rain,Wet,Daylight
2022-06-24T15:19:00.000,I 75,I 75 and Sr 49,,Rear End,3,Clear,Dry,Daylight
2022-05-26T13:50:00.000,I 75,I 75 and Sr 49,,Rear End,2,Rain,Wet,Daylight
2022-05-21T11:22:00.000,I 75,I 75 and Sr 49,,Rear End,2,Clear,Dry,Daylight
2022-04-07T17:47:00.000,I 75,I 75 and Sr 49,,Sideswipe-Same Direction,3,Clear,Dry,Daylight
2022-10-21T15:16:00.000,I 75,I 75 and Sr 49,,Rear End,2,Clear,Dry,Daylight
2022-04-09T21:30:00.000,I 75,I 75 and Sr 49,,Not a Collision with Motor Vehicle,1,Clear,Dry,Dark-Not Lighted
2022-05-29T17:37:00.000,I 75,I 75 and Sr 49,,Not a Collision with Motor Vehicle,1,Clear,Dry,Daylight
2022-08-04T13:10:00.000,I 75,I 75 and Sr 49,,(None),2,(None),(None),(None)
2022-10-31T19:30:00.000,I 75,I 75 and Sr 49,,Not a Collision with Motor Vehicle,2,Clear,Dry,Dark-Not Lighted
2022-04-28T12:41:00.000,I 75,I 75 and Sr 49,,Not a Collision with Motor Vehicle,2,Clear,Dry,Daylight
2021-08-13T12:44:00.000,I 75,I 75 and Sr 49,,Rear End,2,Clear,Dry,Daylight
2021-07-17T10:12:00.000,I 75,I 75 and Sr 49,,Rear End,2,Clear,Dry,Daylight
2022-09-05T10:58:00.000,I 75,I 75 and Sr 49,,Rear End,2,Cloudy,Dry,Daylight
2022-07-06T15:00:00.000,I 75,I 75 and Sr 49,,Not a Collision with Motor Vehicle,1,Rain,Wet,Daylight
2022-08-10T19:31:00.000,I 75,I 75 and Sr 49,,Not a Collision with Motor Vehicle,1,Cloudy,Dry,Daylight
2022-06-11T13:54:00.000,I 75,I 75 and Sr 49,,Rear End,4,Clear,Dry,Daylight
2022-02-01T09:16:00.000,I 75,I 75 and Sr 49,,Rear End,3,Clear,Dry,Daylight
2022-11-09T11:01:00.000,I 75,I 75 and Sr 49,,Rear End,2,Clear,Dry,Daylight
2022-02-01T09:13:00.000,I 75,I 75 and Sr 49,,Rear End,2,Clear,Dry,Daylight
2022-12-02T17:31:00.000,I 75,I 75 and Sr 49,,Rear End,3,Clear,Dry,Dusk
2022-08-09T01:17:00.000,I 75,I 75 and Sr 49,,Rear End,2,Clear,Dry,Dark-Lighted
2022-11-10T21:15:00.000,I 75,I 75 and Sr 49,,Not a Collision with Motor Vehicle,1,Rain,Wet,Dark-Lighted
2022-09-30T18:47:00.000,I 75,I 75 and Sr 49,,Sideswipe-Same Direction,1,Clear,Dry,Daylight
2022-01-29T22:35:00.000,I 75,I 75 and Sr 49,,Rear End,2,Clear,Dry,Dark-Not Lighted
2022-09-26T14:37:00.000,I 75,I 75 and Sr 49,,Not a Collision with Motor Vehicle,1,Clear,Dry,Daylight
2022-11-04T23:52:00.000,I 75,I 75 and Sr 49,,Sideswipe-Same Direction,2,Clear,Dry,Dark-Not Lighted
2022-02-21T19:24:00.000,I 75,I 75 and Sr 49,,Sideswipe-Same Direction,2,Rain,Wet,Dark-Not Lighted
2022-12-30T13:27:00.000,I 75,I 75 and Sr 49,,Not a Collision with Motor Vehicle,1,Clear,Dry,Daylight
2022-03-19T11:58:00.000,I 75,I 75 and Sr 49,,Rear End,2,Clear,Dry,Daylight
2022-12-21T18:10:00.000,I 75,I 75 and Sr 49,,Rear End,2,Rain,Wet,Dark-Lighted
2022-12-23T13:46:00.000,I 75,I 75 and Sr 49,,Rear End,2,Clear,Dry,Daylight
2022-07-14T23:36:00.000,I 75,I 75 and Sr 49,,Not a Collision with Motor Vehicle,1,Clear,Dry,Dark-Lighted
2022-09-25T16:14:00.000,I 75,I 75 and Sr 49,,Sideswipe-Same Direction,2,Clear,Dry,Daylight
2022-08-05T14:44:00.000,I 75,I 75 and Sr 49,,Sideswipe-Same Direction,2,Clear,Dry,Daylight
2022-11-21T15:52:00.000,I 75,I 75 and Sr 49,,Angle Crash,2,Clear,Dry,Daylight
2022-04-05T14:27:00.000,I 75,I 75 and Sr 49,,Sideswipe-Same Direction,2,Rain,Wet,Daylight
2022-12-02T18:29:00.000,I 75,I 75 and Sr 49,,Rear End,3,Clear,Dry,Dark-Not Lighted
2022-03-04T12:22:00.000,I 75,I 75 and Sr 49,,Rear End,2,Clear,Dry,Daylight
2022-05-17T16:14:00.000,I 75,I 75 and Sr 49,,Rear End,2,Clear,Dry,Daylight
2022-08-12T07:00:00.000,I 75,I 75 and Sr 49,,Rear End,2,Cloudy,Dry,Daylight
2022-03-30T13:19:00.000,I 75,I 75 and Sr 49,,Rear End,2,Clear,Dry,Daylight
2022-12-23T10:07:00.000,I 75,I 75 and Sr 49,,Rear End,4,Clear,Dry,Daylight
2022-03-03T18:27:00.000,I 75,I 75 and Sr 49,,Rear End,2,Clear,Dry,Dusk
2022-10-29T12:57:00.000,I 75,I 75 and Sr 49,,Rear End,1,Cloudy,Dry,Daylight
2022-04-05T14:12:00.000,I 75,I 75 and Sr 49,,Not a Collision with Motor Vehicle,1,Rain,Wet,Daylight
2022-12-02T18:25:00.000,I 75,I 75 and Sr 49,,Rear End,6,Clear,Dry,Dark-Lighted
2022-12-23T13:43:00.000,I 75,I 75 and Sr 49,,Rear End,4,Clear,Dry,Daylight
2022-10-17T20:55:00.000,I 75,I 75 and Sr 49,,Not a Collision with Motor Vehicle,1,Clear,Dry,Dark-Not Lighted
2022-01-14T09:00:00.000,I 75,I 75 and Sr 49,,Angle Crash,2,Clear,Dry,Daylight
2022-04-10T14:00:00.000,I 75,I 75 and Sr 49,,Rear End,2,Clear,Dry,Daylight
2022-05-03T08:00:00.000,I 75,I 75 and Sr 49,,Angle Crash,2,Clear,Dry,Daylight
2022-08-12T11:39:00.000,I 75,I 75 and Sr 49,,Not a Collision with Motor Vehicle,1,Clear,Dry,Daylight
2022-06-13T13:50:00.000,I 75,I 75 and Sr 49,,Rear End,2,Clear,Dry,Daylight
2022-07-15T16:11:00.000,I 75,I 75 and Sr 49,,Sideswipe-Same Direction,2,Clear,Dry,Daylight
2022-09-08T15:59:00.000,I 75,I 75 and Sr 49,,Rear End,2,Clear,Dry,Daylight
2022-07-14T10:40:00.000,I 75,I 75 and Sr 49,,Not a Collision with Motor Vehicle,1,Cloudy,Wet,Daylight
2022-01-04T17:08:00.000,I 75,I 75 and Sr 49,,Not a Collision with Motor Vehicle,1,Clear,Dry,Daylight
2022-09-03T03:02:00.000,I 75,I 75 and Sr 49,,Not a Collision with Motor Vehicle,1,Clear,Dry,Dark-Lighted
2022-09-27T21:22:00.000,I 75,I 75 and Sr 49,,Sideswipe-Same Direction,2,Clear,Dry,Dark-Not Lighted
2022-08-12T07:14:00.000,I 75,I 75 and Sr 49,,Rear End,2,Cloudy,Dry,Daylight
2022-12-23T14:04:00.000,I 75,I 75 and Sr 49,,Rear End,2,Clear,Dry,Daylight
2022-01-17T09:57:00.000,I 75,I 75 and Sr 49,,Not a Collision with Motor Vehicle,1,Cloudy,Dry,Daylight
2022-11-05T06:40:00.000,I 75,I 75 and Sr 49,,Angle Crash,2,Clear,Dry,Dark-Lighted
2022-03-30T13:02:00.000,I 75,I 75 and Sr 49,,Rear End,2,Clear,Dry,Daylight
2022-11-05T06:40:00.000,I 75,I 75 and Sr 49,,Angle Crash,2,Clear,Dry,Dark-Lighted
2022-06-09T17:36:00.000,I 75,I 75 and Sr 49,,Sideswipe-Same Direction,2,Clear,Dry,Daylight
2022-08-12T17:16:00.000,I 75,I 75 and Sr 49,,Rear End,3,Rain,Wet,Daylight
2022-04-08T14:24:00.000,I 75,I 75 and Sr 49,,Rear End,3,Clear,Dry,Daylight
2022-09-05T10:30:00.000,I 75,I 75 and Sr 49,,Sideswipe-Same Direction,3,Cloudy,Dry,Daylight
2022-02-20T17:13:00.000,I 75,I 75 and Sr 49,,Not a Collision with Motor Vehicle,1,Clear,Dry,Daylight
2022-10-20T09:35:00.000,I 75,I 75 and Sr 49,,Sideswipe-Same Direction,2,Clear,Dry,Daylight
2022-02-01T08:46:00.000,I 75,I 75 and Sr 49,,Angle Crash,2,Clear,Dry,Daylight
2023-03-09T02:30:00.000,I 75,I 75 and Sr 49,,Rear End,3,Clear,Dry,Dark-Not Lighted
2023-10-23T17:26:00.000,I 75,I 75 and Sr 49,,Rear End,2,Clear,Dry,Daylight
2023-03-13T23:30:00.000,I 75,I 75 and Sr 49,,Not a Collision with Motor Vehicle,2,Clear,Dry,Dark-Lighted
2023-06-01T21:53:00.000,I 75,I 75 and Sr 49,,Sideswipe-Same Direction,2,Clear,Dry,Dark-Not Lighted
2024-12-21T11:40:00.000,I 75,I 75 and Sr 49,,Rear End,2,Clear,Dry,Daylight
2024-03-30T17:23:00.000,I 75,I 75 and Sr 49,,Rear End,2,Clear,Dry,Daylight
2024-10-19T01:45:00.000,I 75,I 75 and Sr 49,,Not a Collision with Motor Vehicle,1,Clear,Dry,Dark-Not Lighted
2024-03-30T17:05:00.000,I 75,I 75 and Sr 49,,Rear End,2,Clear,Dry,Daylight
2024-02-16T00:27:00.000,I 75,I 75 and Sr 49,,Sideswipe-Same Direction,2,Clear,Dry,Dark-Not Lighted
2024-02-12T10:23:00.000,I 75,I 75 and Sr 49,,Angle Crash,2,Rain,Wet,Daylight
2023-01-12T15:19:00.000,I 75,I 75 and Sr 49,,Not a Collision with Motor Vehicle,2,Rain,Wet,Daylight
2023-06-18T17:03:00.000,I 75,I 75 and Sr 49,,Rear End,2,Rain,Wet,Daylight
2023-10-19T15:31:00.000,I 75,I 75 and Sr 49,,Rear End,3,Clear,Dry,Daylight
2024-07-13T19:15:00.000,I 75,I 75 and Sr 49,,Not a Collision with Motor Vehicle,1,Clear,Dry,Daylight
2024-10-15T08:45:00.000,I 75,I 75 and Sr 49,,Sideswipe-Same Direction,2,Clear,Dry,Daylight
2024-08-13T16:45:00.000,I 75,I 75 and Sr 49,,Sideswipe-Same Direction,2,Clear,Dry,Daylight
2023-05-23T17:00:00.000,I 75,I 75 and Sr 49,,Not a Collision with Motor Vehicle,1,Cloudy,Dry,Daylight
2023-07-01T14:01:00.000,I 75,I 75 and Sr 49,,Rear End,3,Clear,Dry,Daylight
2023-08-06T15:49:00.000,I 75,I 75 and Sr 49,,Not a Collision with Motor Vehicle,2,Cloudy,Wet,Daylight
2023-07-16T00:54:00.000,I 75,I 75 and Sr 49,,Rear End,2,Clear,Dry,Dark-Not Lighted
2023-03-27T14:44:00.000,I 75,I 75 and Sr 49,,Rear End,2,Rain,Wet,Daylight
2023-10-29T01:27:00.000,I 75,I 75 and Sr 49,,Not a Collision with Motor Vehicle,1,Clear,Dry,Dark-Not Lighted
2023-10-07T14:18:00.000,I 75,I 75 and Sr 49,,Rear End,2,Clear,Dry,Daylight
2023-11-10T15:02:00.000,I 75,I 75 and Sr 49,,Angle Crash,2,Clear,Dry,Daylight
2023-06-21T15:36:00.000,I 75,I 75 and Sr 49,,Sideswipe-Same Direction,2,Cloudy,Dry,Daylight
2023-07-01T17:15:00.000,I 75,I 75 and Sr 49,,Rear End,2,Clear,Dry,Daylight
2023-12-08T22:31:00.000,I 75,I 75 and Sr 49,,Rear End,2,Clear,Dry,Dark-Not Lighted
2023-02-27T05:05:00.000,I 75,I 75 and Sr 49,,Not a Collision with Motor Vehicle,1,Clear,Dry,Dark-Not Lighted
2023-04-05T00:00:00.000,I 75,I 75 and Sr 49,,Sideswipe-Same Direction,2,Clear,Dry,Dark-Lighted
2023-10-08T09:48:00.000,I 75,I 75 and Sr 49,,Sideswipe-Same Direction,2,Clear,Dry,Daylight
2023-12-14T18:02:00.000,I 75,I 75 and Sr 49,,Rear End,3,Clear,Dry,Dark-Not Lighted
2023-05-03T15:07:00.000,I 75,I 75 and Sr 49,,Not a Collision with Motor Vehicle,3,Clear,Dry,Daylight
2023-04-29T13:02:00.000,I 75,I 75 and Sr 49,,Angle Crash,3,Clear,Dry,Daylight
2023-09-02T01:26:00.000,I 75,I 75 and Sr 49,,Sideswipe-Same Direction,2,Clear,Dry,Dark-Not Lighted
2023-02-14T16:09:00.000,I 75,I 75 and Sr 49,,Rear End,2,Clear,Dry,Daylight
2023-10-08T11:30:00.000,I 75,I 75 and Sr 49,,Sideswipe-Same Direction,2,Clear,Dry,Daylight
2023-10-11T23:20:00.000,I 75,I 75 and Sr 49,,Not a Collision with Motor Vehicle,1,Rain,Wet,Dark-Not Lighted
2023-12-19T05:58:00.000,I 75,I 75 and Sr 49,,Rear End,2,Clear,Dry,Dark-Not Lighted
2023-10-20T20:58:00.000,I 75,I 75 and Sr 49,,Sideswipe-Same Direction,1,Clear,Dry,Dark-Lighted
2023-02-15T20:10:00.000,I 75,I 75 and Sr 49,,Sideswipe-Same Direction,2,Clear,Dry,Dark-Not Lighted
2023-06-12T04:52:00.000,I 75,I 75 and Sr 49,,Not a Collision with Motor Vehicle,1,Rain,Wet,Dark-Not Lighted
2023-02-24T16:01:00.000,I 75,I 75 and Sr 49,,Rear End,2,Cloudy,Dry,Daylight
2023-01-17T21:40:00.000,I 75,I 75 and Sr 49,,Not a Collision with Motor Vehicle,1,Clear,Dry,Dark-Not Lighted
2023-11-10T06:11:00.000,I 75,I 75 and Sr 49,,Rear End,2,Clear,Dry,Daylight
2023-06-03T22:05:00.000,I 75,I 75 and Sr 49,,Rear End,2,Clear,Dry,Dark-Not Lighted
2023-01-17T07:24:00.000,I 75,I 75 and Sr 49,,Rear End,2,Cloudy,Dry,Daylight
2023-07-07T23:50:00.000,I 75,I 75 and Sr 49,,Rear End,2,Clear,Dry,Dark-Not Lighted
2023-06-18T16:45:00.000,I 75,I 75 and Sr 49,,Rear End,2,Rain,Wet,Daylight
2024-10-28T15:45:00.000,I 75,I 75 and Sr 49,,Rear End,2,Clear,Dry,Daylight
2024-09-24T16:46:00.000,I 75,I 75 and Sr 49,,Sideswipe-Same Direction,2,Clear,Dry,Daylight
2024-02-21T19:35:00.000,I 75,I 75 and Sr 49,,Sideswipe-Same Direction,2,Clear,Dry,Daylight
2024-04-21T19:27:00.000,I 75,I 75 and Sr 49,,Sideswipe-Same Direction,2,Clear,Dry,Daylight
2024-09-27T17:21:00.000,I 75,I 75 and Sr 49,,Rear End,2,Clear,Dry,Daylight
2024-09-15T23:56:00.000,I 75,I 75 and Sr 49,,Angle Crash,1,Clear,Dry,Dark-Lighted
2024-12-21T17:32:00.000,I 75,I 75 and Sr 49,,Not a Collision with Motor Vehicle,2,Clear,Dry,Dark-Not Lighted
2024-02-07T21:13:00.000,I 75,I 75 and Sr 49,,Rear End,2,Clear,Dry,Dark-Not Lighted
2024-02-12T13:51:00.000,I 75,I 75 and Sr 49,,Not a Collision with Motor Vehicle,1,Rain,Wet,Daylight
2024-02-11T19:32:00.000,I 75,I 75 and Sr 49,,Sideswipe-Same Direction,2,Rain,Wet,Dark-Lighted
2024-02-23T08:25:00.000,I 75,I 75 and Sr 49,,Sideswipe-Same Direction,2,Rain,Wet,Daylight
2024-05-04T11:07:00.000,I 75,I 75 and Sr 49,,Not a Collision with Motor Vehicle,1,Cloudy,Dry,Daylight
2024-03-17T10:49:00.000,I 75,I 75 and Sr 49,,Sideswipe-Same Direction,2,Cloudy,Wet,Daylight
2024-10-20T18:10:00.000,I 75,I 75 and Sr 49,,Rear End,2,Clear,Dry,Daylight
2024-08-11T13:42:00.000,I 75,I 75 and Sr 49,,Not a Collision with Motor Vehicle,1,Clear,Dry,Daylight
2024-10-07T15:06:00.000,I 75,I 75 and Sr 49,,Sideswipe-Same Direction,2,Clear,Dry,Daylight
2024-03-16T14:56:00.000,I 75,I 75 and Sr 49,,Sideswipe-Same Direction,2,Clear,Dry,Daylight
2024-07-31T02:04:00.000,I 75,I 75 and Sr 49,,Head On,1,Cloudy,Wet,Dark-Not Lighted
2024-05-01T07:05:00.000,I 75,I 75 and Sr 49,,Not a Collision with Motor Vehicle,1,Clear,Dry,Daylight
2024-03-22T14:28:00.000,I 75,I 75 and Sr 49,,Rear End,2,Rain,Wet,Daylight
2024-03-28T12:51:00.000,I 75,I 75 and Sr 49,,Sideswipe-Same Direction,1,Clear,Dry,Daylight
2024-03-30T01:25:00.000,I 75,I 75 and Sr 49,,Rear End,2,Clear,Dry,Dark-Lighted
2024-03-18T12:19:00.000,I 75,I 75 and Sr 49,,Sideswipe-Same Direction,2,Clear,Dry,Daylight
2024-07-25T17:01:00.000,I 75,I 75 and Sr 49,,Rear End,2,Clear,Dry,Daylight
2024-01-18T08:45:00.000,I 75,I 75 and Sr 49,,Sideswipe-Same Direction,2,Clear,Dry,Daylight
2024-02-19T07:08:00.000,I 75,I 75 and Sr 49,,Not a Collision with Motor Vehicle,1,Clear,Dry,Daylight
2024-10-28T18:17:00.000,I 75,I 75 and Sr 49,,Sideswipe-Same Direction,2,Clear,Dry,Daylight
2024-10-08T10:27:00.000,I 75,I 75 and Sr 49,,Angle Crash,2,Clear,Dry,Daylight
2024-06-07T13:43:00.000,I 75,I 75 and Sr 49,,Sideswipe-Same Direction,2,Clear,Dry,Daylight
2024-08-10T05:40:00.000,I 75,I 75 and Sr 49,,Sideswipe-Same Direction,2,Clear,Dry,Dark-Not Lighted
2024-11-19T16:58:00.000,I 75,I 75 and Sr 49,,Not a Collision with Motor Vehicle,1,Rain,Wet,Daylight
2024-11-29T14:48:00.000,I 75,I 75 and Sr 49,,Rear End,2,Clear,Dry,Daylight
2024-02-13T14:10:00.000,I 75,I 75 and Sr 49,,Angle Crash,2,Clear,Dry,Daylight
2024-04-17T07:56:00.000,I 75,I 75 and Sr 49,,Rear End,2,Cloudy,Dry,Daylight
2024-03-23T21:26:00.000,I 75,I 75 and Sr 49,,Not a Collision with Motor Vehicle,1,Clear,Dry,Dark-Not Lighted
2024-07-23T12:22:00.000,I 75,I 75 and Sr 49,,Sideswipe-Same Direction,2,Clear,Dry,Daylight
2024-09-16T15:07:00.000,I 75,I 75 and Sr 49,,Not a Collision with Motor Vehicle,1,Clear,Dry,Daylight
2024-07-30T21:15:00.000,I 75,I 75 and Sr 49,,Angle Crash,2,Clear,Dry,Dark-Not Lighted
2024-01-19T16:56:00.000,I 75,I 75 and Sr 49,,Rear End,2,Clear,Dry,Daylight
2024-03-13T22:56:00.000,I 75,I 75 and Sr 49,,Sideswipe-Same Direction,2,Clear,Dry,Dark-Not Lighted
2024-04-01T09:25:00.000,I 75,I 75 and Sr 49,,Rear End,2,Clear,Dry,Daylight
2024-05-22T07:42:00.000,I 75,I 75 and Sr 49,,Rear End,2,Clear,Dry,Daylight
2024-12-06T15:36:00.000,I 75,I 75 and Sr 49,,Rear End,2,Clear,Dry,Daylight
2024-08-18T12:38:00.000,I 75,I 75 and Sr 49,,Sideswipe-Same Direction,2,Clear,Dry,Daylight
2024-05-31T15:30:00.000,I 75,I 75 and Sr 49,,Rear End,2,Clear,Dry,Daylight
2024-04-30T07:16:00.000,I 75,I 75 and Sr 49,,Sideswipe-Same Direction,2,Clear,Dry,Daylight
2024-02-16T13:12:00.000,I 75,I 75 and Sr 49,,Rear End,2,Clear,Dry,Daylight
2024-12-19T22:21:00.000,I 75,I 75 and Sr 49,,Sideswipe-Same Direction,2,Clear,Dry,Daylight
2024-05-03T16:37:00.000,I 75,I 75 and Sr 49,,Rear End,2,Clear,Dry,Daylight
2021-07-19T04:25:00.000,I 75,I 75 and Sr 42,,Not a Collision with Motor Vehicle,1,Clear,Dry,Dark-Lighted
2021-07-29T19:26:00.000,I 75,I 75 and Sr 42,,Sideswipe-Same Direction,2,Cloudy,Dry,Daylight
2021-05-08T06:47:00.000,I 75,I 75 and Sr 42,,Sideswipe-Same Direction,2,Clear,Dry,Daylight
2020-10-22T21:25:00.000,I 75,I 75 and Sr 42,,Sideswipe-Same Direction,2,Clear,Dry,Dark-Not Lighted
2022-11-11T09:29:00.000,I 75,I 75 and Sr 42,,Sideswipe-Same Direction,1,Rain,Wet,Daylight
2022-03-19T15:51:00.000,I 75,I 75 and Sr 42,,Sideswipe-Same Direction,2,Clear,Dry,Daylight
2021-06-23T15:46:00.000,I 75,I 75 and Sr 41,,Sideswipe-Same Direction,2,Cloudy,Dry,Daylight
2020-01-24T08:34:00.000,I 75,I 75 and Sr 41,,Not a Collision with Motor Vehicle,1,Rain,Wet,Daylight
2024-11-18T08:46:00.000,I 75,I 75 and Sr 41,,Rear End,2,Clear,Dry,Daylight
2021-03-24T01:01:00.000,I 75,I 75 and Sr 38,,Sideswipe-Same Direction,1,Clear,Dry,Dark-Not Lighted
2021-06-15T10:10:00.000,I 75,I 75 and Sr 38,,Not a Collision with Motor Vehicle,2,Clear,Dry,Daylight
2021-02-21T10:40:00.000,I 75,I 75 and Sr 38,,Sideswipe-Same Direction,2,Clear,Dry,Daylight
2021-06-16T09:45:00.000,I 75,I 75 and Sr 38,,Not a Collision with Motor Vehicle,1,Clear,Dry,Daylight
2021-05-29T00:10:00.000,I 75,I 75 and Sr 38,,Angle Crash,3,Clear,Dry,Dark-Lighted
2021-06-11T15:05:00.000,I 75,I 75 and Sr 38,,Rear End,2,Clear,Dry,Daylight
2021-07-02T18:00:00.000,I 75,I 75 and Sr 38,,Rear End,3,Cloudy,Wet,Daylight
2021-11-16T23:15:00.000,I 75,I 75 and Sr 38,,Not a Collision with Motor Vehicle,1,Clear,Dry,Dark-Not Lighted
2021-02-09T16:40:00.000,I 75,I 75 and Sr 38,,Sideswipe-Same Direction,2,Cloudy,Wet,Daylight
2021-07-09T10:50:00.000,I 75,I 75 and Sr 38,,Rear End,2,Cloudy,Dry,Daylight
2021-10-26T10:30:00.000,I 75,I 75 and Sr 38,,Sideswipe-Same Direction,2,Clear,Dry,Daylight
2021-11-16T23:18:00.000,I 75,I 75 and Sr 38,,Angle Crash,2,Clear,Dry,Dark-Not Lighted
2021-01-26T08:00:00.000,I 75,I 75 and Sr 38,,Not a Collision with Motor Vehicle,1,Clear,Dry,Daylight
2023-04-16T13:45:00.000,I 75,I 75 and Sr 38,,Sideswipe-Same Direction,2,Clear,Dry,Daylight
2023-01-15T06:04:00.000,I 75,I 75 and Sr 38,,Not a Collision with Motor Vehicle,1,Clear,Dry,Dark-Lighted
2023-12-22T16:14:00.000,I 75,I 75 and Sr 38,,Angle Crash,2,Clear,Dry,Daylight
2023-12-22T15:00:00.000,I 75,I 75 and Sr 38,,Rear End,2,Cloudy,Dry,Daylight
2023-11-11T22:15:00.000,I 75,I 75 and Sr 38,,Angle Crash,2,Clear,Dry,Dark-Lighted
2023-03-18T00:15:00.000,I 75,I 75 and Sr 38,,Sideswipe-Same Direction,7,Rain,Wet,Dark-Not Lighted
2023-11-11T22:15:00.000,I 75,I 75 and Sr 38,,Angle Crash,2,Clear,Dry,Dark-Lighted
2023-04-27T13:55:00.000,I 75,I 75 and Sr 38,,Rear End,3,Clear,Dry,Daylight
2023-12-20T13:18:00.000,I 75,I 75 and Sr 38,,Rear End,3,Clear,Dry,Daylight
2023-03-13T10:35:00.000,I 75,I 75 and Sr 38,,Not a Collision with Motor Vehicle,1,Cloudy,Wet,Daylight
2022-01-12T16:00:00.000,I 75,I 75 and Sr 38,,Not a Collision with Motor Vehicle,1,Clear,Dry,Daylight
2022-12-11T13:04:00.000,I 75,I 75 and Sr 38,,Not a Collision with Motor Vehicle,1,Cloudy,Dry,Daylight
2023-02-28T11:00:00.000,I 75,I 75 and Sr 38,,Angle Crash,2,Clear,Dry,Daylight
2020-01-10T18:54:00.000,I 75,I 75 and Sr 38,,Rear End,2,Clear,Dry,Dark-Not Lighted
2020-07-07T00:25:00.000,I 75,I 75 and Sr 38,,Angle Crash,2,Cloudy,Wet,Dark-Not Lighted
2020-10-14T07:40:00.000,I 75,I 75 and Sr 38,,Angle Crash,2,Clear,Dry,Daylight
2020-06-15T15:17:00.000,I 75,I 75 and Sr 38,,Sideswipe-Same Direction,2,Clear,Dry,Daylight
2020-12-20T15:39:00.000,I 75,I 75 and Sr 38,,Not a Collision with Motor Vehicle,1,Rain,Wet,Dark-Not Lighted
2020-04-28T07:42:00.000,I 75,I 75 and Sr 38,,Sideswipe-Same Direction,3,Clear,Dry,Daylight
2020-11-21T16:30:00.000,I 75,I 75 and Sr 38,,Not a Collision with Motor Vehicle,1,Clear,Dry,Daylight
2020-06-12T23:11:00.000,I 75,I 75 and Sr 38,,Not a Collision with Motor Vehicle,1,Clear,Wet,Dark-Not Lighted
2020-10-17T15:16:00.000,I 75,I 75 and Sr 38,,Rear End,2,Clear,Dry,Daylight
2020-02-20T18:30:00.000,I 75,I 75 and Sr 38,,Not a Collision with Motor Vehicle,1,Rain,Wet,Daylight
2020-09-06T21:55:00.000,I 75,I 75 and Sr 38,,Angle Crash,2,Clear,Dry,Dark-Not Lighted