Date and Time,Roadway (From Crash Report),Intersection Name (from Crash Report),KABCO Severity,Manner of Collision (Crash Level) ,# of Vehicles per crash ,Weather Conditions (Crash Level),Surface Condition (Crash Level) ,Light Conditions (Crash Level)
2020-07-25T22:15:00.000,I 75,I 75 and Sr 38,,Head On,1,Clear,Dry,Dark-Lighted
2020-02-16T20:32:00.000,I 75,I 75 and Sr 38,,Not a Collision with Motor Vehicle,1,Clear,Wet,Dark-Not Lighted
2020-01-18T18:28:00.000,I 75,I 75 and Sr 38,,Sideswipe-Same Direction,1,Clear,Dry,Dark-Not Lighted
2020-07-06T11:58:00.000,I 75,I 75 and Sr 38,,Rear End,2,Cloudy,Wet,Daylight
2020-02-14T07:48:00.000,I 75,I 75 and Sr 38,,Rear End,3,Rain,Wet,Daylight
2020-08-19T18:35:00.000,I 75,I 75 and Sr 38,,Not a Collision with Motor Vehicle,1,Rain,Wet,Daylight
2020-06-05T10:22:00.000,I 75,I 75 and Sr 38,,Not a Collision with Motor Vehicle,1,Cloudy,Dry,Daylight
2021-06-05T13:50:00.000,I 75,I 75 and Sr 38,,Not a Collision with Motor Vehicle,1,Clear,Dry,Daylight
2021-06-27T13:50:00.000,I 75,I 75 and Sr 38,,Rear End,2,Rain,Wet,Daylight
2021-06-11T14:45:00.000,I 75,I 75 and Sr 38,,Not a Collision with Motor Vehicle,1,Clear,Dry,Daylight
2021-03-15T12:30:00.000,I 75,I 75 and Sr 38,,Rear End,2,Clear,Dry,Daylight
2021-06-15T09:59:00.000,I 75,I 75 and Sr 38,,Not a Collision with Motor Vehicle,2,Clear,Dry,Daylight
2021-03-07T13:23:00.000,I 75,I 75 and Sr 38,,Rear End,2,Clear,Dry,Daylight
2021-12-06T15:39:00.000,I 75,I 75 and Sr 38,,Angle Crash,2,Cloudy,Dry,Daylight
2021-09-19T12:55:00.000,I 75,I 75 and Sr 38,,Not a Collision with Motor Vehicle,1,Cloudy,Wet,Daylight
2021-12-23T22:50:00.000,I 75,I 75 and Sr 38,,Sideswipe-Same Direction,2,Clear,Dry,Dark-Not Lighted
2021-07-05T16:45:00.000,I 75,I 75 and Sr 38,,Rear End,2,Rain,Wet,Daylight
2021-11-19T16:40:00.000,I 75,I 75 and Sr 38,,Sideswipe-Same Direction,2,Clear,Dry,Daylight
2021-10-30T21:24:00.000,I 75,I 75 and Sr 38,,Not a Collision with Motor Vehicle,1,Cloudy,Dry,Dark-Lighted
2021-12-28T19:05:00.000,I 75,I 75 and Sr 38,,Sideswipe-Same Direction,2,Clear,Dry,Dark-Not Lighted
2022-10-24T07:45:00.000,I 75,I 75 and Sr 38,,Not a Collision with Motor Vehicle,2,Clear,Dry,Daylight
2021-12-29T14:10:00.000,I 75,I 75 and Sr 38,,Not a Collision with Motor Vehicle,1,Clear,Dry,Daylight
2021-11-21T07:37:00.000,I 75,I 75 and Sr 38,,Not a Collision with Motor Vehicle,1,Cloudy,Dry,Daylight
2021-12-07T18:31:00.000,I 75,I 75 and Sr 38,,Not a Collision with Motor Vehicle,1,Rain,Wet,Dark-Lighted
2022-04-14T13:07:00.000,I 75,I 75 and Sr 38,,Sideswipe-Same Direction,2,Cloudy,Dry,Daylight
2022-10-21T01:25:00.000,I 75,I 75 and Sr 38,,Not a Collision with Motor Vehicle,1,Clear,Dry,Dark-Not Lighted
2021-10-30T21:14:00.000,I 75,I 75 and Sr 38,,Rear End,2,Clear,Dry,Dark-Not Lighted
2021-11-22T16:00:00.000,I 75,I 75 and Sr 38,,Not a Collision with Motor Vehicle,2,Clear,Dry,Daylight
2022-04-03T13:15:00.000,I 75,I 75 and Sr 38,,Sideswipe-Same Direction,2,Clear,Dry,Daylight
2022-05-06T20:25:00.000,I 75,I 75 and Sr 38,,Not a Collision with Motor Vehicle,1,Clear,Dry,Dark-Not Lighted
2022-09-10T14:41:00.000,I 75,I 75 and Sr 38,,Not a Collision with Motor Vehicle,1,Rain,Wet,Daylight
2022-03-13T04:05:00.000,I 75,I 75 and Sr 38,,Not a Collision with Motor Vehicle,1,Clear,Dry,Dark-Lighted
2022-11-19T10:50:00.000,I 75,I 75 and Sr 38,,Sideswipe-Same Direction,2,Clear,Dry,Daylight
2022-03-20T21:40:00.000,I 75,I 75 and Sr 38,,Sideswipe-Same Direction,2,Clear,Dry,Dark-Not Lighted
2022-02-23T13:58:00.000,I 75,I 75 and Sr 38,,Rear End,2,Clear,Dry,Daylight
2022-06-30T12:08:00.000,I 75,I 75 and Sr 38,,Not a Collision with Motor Vehicle,1,Cloudy,Dry,Daylight
2022-12-23T23:00:00.000,I 75,I 75 and Sr 38,,Rear End,3,Clear,Dry,Dark-Not Lighted
2022-12-18T11:15:00.000,I 75,I 75 and Sr 38,,Not a Collision with Motor Vehicle,1,Clear,Dry,Daylight
2022-09-19T18:30:00.000,I 75,I 75 and Sr 38,,Not a Collision with Motor Vehicle,1,Clear,Dry,Daylight
2022-05-28T17:09:00.000,I 75,I 75 and Sr 38,,Rear End,2,Clear,Dry,Daylight
2022-02-11T13:07:00.000,I 75,I 75 and Sr 38,,Rear End,2,Clear,Dry,Daylight
2022-04-28T14:20:00.000,I 75,I 75 and Sr 38,,Sideswipe-Same Direction,3,Clear,Dry,Daylight
2022-04-21T07:27:00.000,I 75,I 75 and Sr 38,,Not a Collision with Motor Vehicle,1,Clear,Dry,Dark-Not Lighted
2022-01-05T10:33:00.000,I 75,I 75 and Sr 38,,Rear End,2,Cloudy,Dry,Daylight
2022-12-18T11:15:00.000,I 75,I 75 and Sr 38,,Not a Collision with Motor Vehicle,1,Clear,Dry,Daylight
2022-05-08T13:05:00.000,I 75,I 75 and Sr 38,,Rear End,2,Clear,Dry,Daylight
2022-04-22T14:43:00.000,I 75,I 75 and Sr 38,,Not a Collision with Motor Vehicle,2,Clear,Dry,Daylight
2022-07-31T12:30:00.000,I 75,I 75 and Sr 38,,Not a Collision with Motor Vehicle,1,Clear,Dry,Daylight
2022-03-26T20:40:00.000,I 75,I 75 and Sr 38,,Not a Collision with Motor Vehicle,3,Clear,Dry,Dark-Not Lighted
2022-07-18T09:00:00.000,I 75,I 75 and Sr 38,,Not a Collision with Motor Vehicle,1,Rain,Wet,Daylight
2022-04-21T04:00:00.000,I 75,I 75 and Sr 38,,Rear End,2,Clear,Dry,Dark-Not Lighted
2022-07-28T22:18:00.000,I 75,I 75 and Sr 38,,Sideswipe-Same Direction,2,Clear,Dry,Dark-Lighted
2024-12-24T01:18:00.000,I 75,I 75 and Sr 38,,Rear End,2,Clear,Dry,Dark-Not Lighted
2024-09-03T03:05:00.000,I 75,I 75 and Sr 38,,Not a Collision with Motor Vehicle,1,Clear,Dry,Dark-Not Lighted
2024-03-25T12:00:00.000,I 75,I 75 and Sr 38,,Not a Collision with Motor Vehicle,1,Clear,Dry,Daylight
2024-07-07T16:50:00.000,I 75,I 75 and Sr 38,,Not a Collision with Motor Vehicle,1,Rain,Wet,Daylight
2024-02-17T18:20:00.000,I 75,I 75 and Sr 38,,Sideswipe-Same Direction,3,Rain,Wet,Dark-Lighted
2024-08-05T06:35:00.000,I 75,I 75 and Sr 38,,Angle Crash,2,Rain,Wet,Daylight
2023-03-15T17:00:00.000,I 75,I 75 and Sr 38,,Not a Collision with Motor Vehicle,2,Clear,Dry,Daylight
2023-10-03T06:24:00.000,I 75,I 75 and Sr 38,,Sideswipe-Same Direction,2,Clear,Dry,Dark-Not Lighted
2023-11-26T15:35:00.000,I 75,I 75 and Sr 38,,Rear End,3,Rain,Wet,Daylight
2023-03-27T19:42:00.000,I 75,I 75 and Sr 38,,Not a Collision with Motor Vehicle,1,Rain,Wet,Dark-Not Lighted
2023-11-26T15:25:00.000,I 75,I 75 and Sr 38,,Rear End,2,Rain,Wet,Daylight
2023-10-06T16:45:00.000,I 75,I 75 and Sr 38,,Sideswipe-Same Direction,2,Clear,Dry,Daylight
2023-12-16T17:10:00.000,I 75,I 75 and Sr 38,,Sideswipe-Same Direction,2,Rain,Wet,Dusk
2023-05-01T15:10:00.000,I 75,I 75 and Sr 38,,Not a Collision with Motor Vehicle,1,Clear,Dry,Daylight
2023-12-05T18:30:00.000,I 75,I 75 and Sr 38,,Not a Collision with Motor Vehicle,1,Clear,Dry,Dark-Not Lighted
2023-09-25T14:50:00.000,I 75,I 75 and Sr 38,,Sideswipe-Same Direction,2,Clear,Dry,Daylight
2023-03-17T23:42:00.000,I 75,I 75 and Sr 38,,Not a Collision with Motor Vehicle,1,Rain,Wet,Dark-Not Lighted
2023-11-26T16:20:00.000,I 75,I 75 and Sr 38,,Angle Crash,3,Rain,Wet,Daylight
2023-10-02T15:20:00.000,I 75,I 75 and Sr 38,,Sideswipe-Same Direction,2,Clear,Dry,Daylight
2024-02-08T23:45:00.000,I 75,I 75 and Sr 38,,Angle Crash,2,Clear,Dry,Dark-Not Lighted
2024-03-30T13:00:00.000,I 75,I 75 and Sr 38,,Sideswipe-Same Direction,2,Clear,Dry,Daylight
2024-04-03T00:20:00.000,I 75,I 75 and Sr 38,,Sideswipe-Same Direction,2,Clear,Dry,Dark-Not Lighted
2024-05-27T16:45:00.000,I 75,I 75 and Sr 38,,Not a Collision with Motor Vehicle,1,Clear,Dry,Daylight
2024-01-09T13:48:00.000,I 75,I 75 and Sr 38,,Sideswipe-Same Direction,2,Rain,Wet,Daylight
2024-07-07T17:09:00.000,I 75,I 75 and Sr 38,,Rear End,2,Rain,Wet,Daylight
2024-07-18T14:00:00.000,I 75,I 75 and Sr 38,,Rear End,2,Clear,Dry,Daylight
2024-12-19T01:49:00.000,I 75,I 75 and Sr 38,,Angle Crash,2,Clear,Dry,Dark-Not Lighted
2024-02-03T10:05:00.000,I 75,I 75 and Sr 38,,Rear End,2,Clear,Dry,Daylight
2024-02-17T20:00:00.000,I 75,I 75 and Sr 38,,Sideswipe-Same Direction,2,Rain,Wet,Dark-Lighted
2024-07-01T06:14:00.000,I 75,I 75 and Sr 38,,Not a Collision with Motor Vehicle,1,Fog,Wet,Daylight
2024-12-24T02:32:00.000,I 75,I 75 and Sr 38,,Angle Crash,2,Clear,Dry,Dark-Not Lighted
2024-12-18T14:15:00.000,I 75,I 75 and Sr 38,,Rear End,2,Clear,Dry,Daylight
2024-01-03T10:00:00.000,I 75,I 75 and Sr 38,,Sideswipe-Same Direction,2,Clear,Dry,Daylight
2024-11-16T13:35:00.000,I 75,I 75 and Sr 38,,Angle Crash,2,Clear,Dry,Daylight
2024-10-18T17:31:00.000,I 75,I 75 and Sr 38,,Not a Collision with Motor Vehicle,1,Clear,Dry,Daylight
2024-12-09T18:15:00.000,I 75,I 75 and Sr 38,,Sideswipe-Same Direction,2,Cloudy,Dry,Dark-Not Lighted
2024-01-09T12:30:00.000,I 75,I 75 and Sr 38,,Angle Crash,1,Severe Thunderstorm or Tornadic,Wet,Daylight
2024-02-23T08:40:00.000,I 75,I 75 and Sr 38,,Sideswipe-Same Direction,2,Rain,Wet,Daylight
2021-02-03T09:45:00.000,I 75,I 75 and Sr 376,,Rear End,2,Clear,Dry,Daylight
2021-01-04T19:01:00.000,I 75,I 75 and Sr 376,,Not a Collision with Motor Vehicle,1,Clear,Dry,Dark-Not Lighted
2021-02-16T19:10:00.000,I 75,I 75 and Sr 376,,Rear End,2,Clear,Dry,Dark-Lighted
2021-10-29T05:52:00.000,I 75,I 75 and Sr 376,,Angle Crash,2,Clear,Dry,Dark-Not Lighted
2021-09-23T12:52:00.000,I 75,I 75 and Sr 376,,Sideswipe-Same Direction,2,Clear,Dry,Daylight
2021-04-03T11:10:00.000,I 75,I 75 and Sr 376,,Rear End,1,Clear,Dry,Daylight
2021-06-22T13:42:00.000,I 75,I 75 and Sr 376,,Rear End,2,Rain,Wet,Daylight
2021-04-02T22:22:00.000,I 75,I 75 and Sr 376,,Not a Collision with Motor Vehicle,1,Clear,Dry,Dark-Lighted
2021-04-02T19:51:00.000,I 75,I 75 and Sr 376,,Angle Crash,2,Clear,Dry,Dusk
2021-11-06T10:27:00.000,I 75,I 75 and Sr 376,,Angle Crash,2,Rain,Wet,Daylight
2021-10-04T14:50:00.000,I 75,I 75 and Sr 376,,Sideswipe-Same Direction,2,Clear,Dry,Daylight
2021-11-14T16:50:00.000,I 75,I 75 and Sr 376,,Angle Crash,2,Clear,Dry,Daylight
2021-06-03T01:10:00.000,I 75,I 75 and Sr 376,,Sideswipe-Same Direction,2,Clear,Dry,Dark-Lighted
2021-11-26T18:06:00.000,I 75,I 75 and Sr 376,,Sideswipe-Same Direction,2,Clear,Dry,Dark-Lighted
2020-06-09T12:25:00.000,I 75,I 75 and Sr 376,,Rear End,2,Rain,Wet,Daylight
2020-03-24T19:12:00.000,I 75,I 75 and Sr 376,,Sideswipe-Same Direction,2,Clear,Dry,Daylight
2020-02-21T13:19:00.000,I 75,I 75 and Sr 376,,Sideswipe-Same Direction,2,Clear,Dry,Daylight
2020-11-10T18:25:00.000,I 75,I 75 and Sr 376,,Rear End,2,Cloudy,Wet,Dark-Not Lighted
2020-07-11T16:58:00.000,I 75,I 75 and Sr 376,,Not a Collision with Motor Vehicle,1,Clear,Dry,Daylight
2023-12-18T13:50:00.000,I 75,I 75 and Sr 376,,Not a Collision with Motor Vehicle,1,Clear,Dry,Daylight
2023-03-12T17:00:00.000,I 75,I 75 and Sr 376,,Rear End,5,Cloudy,Wet,Daylight
2023-02-10T20:44:00.000,I 75,I 75 and Sr 376,,Not a Collision with Motor Vehicle,1,Rain,Wet,Dark-Not Lighted
2023-10-06T17:50:00.000,I 75,I 75 and Sr 376,,Rear End,2,Clear,Dry,Daylight
2023-03-11T00:55:00.000,I 75,I 75 and Sr 376,,Rear End,2,Clear,Dry,Dark-Not Lighted
2023-10-30T15:25:00.000,I 75,I 75 and Sr 376,,Rear End,2,Clear,Dry,Daylight
2023-01-25T10:50:00.000,I 75,I 75 and Sr 376,,Sideswipe-Same Direction,2,Cloudy,Dry,Daylight
2023-03-31T21:05:00.000,I 75,I 75 and Sr 376,,Sideswipe-Same Direction,2,Clear,Dry,Dark-Not Lighted
2023-01-06T07:15:00.000,I 75,I 75 and Sr 376,,Rear End,2,Clear,Dry,Daylight
2023-01-06T15:20:00.000,I 75,I 75 and Sr 376,,Sideswipe-Same Direction,6,Clear,Dry,Daylight
2023-12-10T14:35:00.000,I 75,I 75 and Sr 376,,Not a Collision with Motor Vehicle,1,Rain,Wet,Daylight
2023-12-07T11:28:00.000,I 75,I 75 and Sr 376,,Not a Collision with Motor Vehicle,2,Clear,Dry,Daylight
2023-08-29T17:33:00.000,I 75,I 75 and Sr 376,,Head On,2,Clear,Dry,Daylight
2023-03-12T17:30:00.000,I 75,I 75 and Sr 376,,Rear End,2,Cloudy,Wet,Daylight
2023-07-26T16:23:00.000,I 75,I 75 and Sr 376,,Rear End,2,Clear,Dry,Daylight
2023-09-01T13:50:00.000,I 75,I 75 and Sr 376,,Angle Crash,2,Cloudy,Dry,Daylight
2023-10-21T08:16:00.000,I 75,I 75 and Sr 376,,Sideswipe-Same Direction,2,Clear,Dry,Daylight
2023-01-19T16:50:00.000,I 75,I 75 and Sr 376,,Sideswipe-Same Direction,2,Clear,Dry,Daylight
2023-03-11T14:54:00.000,I 75,I 75 and Sr 376,,Not a Collision with Motor Vehicle,1,Clear,Dry,Daylight
2022-02-16T07:30:00.000,I 75,I 75 and Sr 376,,Not a Collision with Motor Vehicle,1,Clear,Dry,Daylight
2022-12-31T13:05:00.000,I 75,I 75 and Sr 376,,Rear End,2,Cloudy,Wet,Daylight
2020-11-21T21:45:00.000,I 75,I 75 and Sr 376,,Not a Collision with Motor Vehicle,1,Clear,Dry,Dark-Not Lighted
2020-03-14T15:21:00.000,I 75,I 75 and Sr 376,,Not a Collision with Motor Vehicle,1,Clear,Dry,Daylight
2020-11-10T23:09:00.000,I 75,I 75 and Sr 376,,Sideswipe-Same Direction,2,Cloudy,Dry,Dark-Not Lighted
2020-12-27T20:10:00.000,I 75,I 75 and Sr 376,,Not a Collision with Motor Vehicle,1,Clear,Dry,Dark-Lighted
2020-04-28T21:35:00.000,I 75,I 75 and Sr 376,,Sideswipe-Same Direction,3,Clear,Dry,Dark-Not Lighted
2020-04-07T06:15:00.000,I 75,I 75 and Sr 376,,Sideswipe-Same Direction,2,Clear,Dry,Dark-Not Lighted
2020-02-16T14:17:00.000,I 75,I 75 and Sr 376,,Rear End,2,Rain,Wet,Daylight
2020-11-21T03:21:00.000,I 75,I 75 and Sr 376,,Not a Collision with Motor Vehicle,1,Clear,Dry,Dark-Not Lighted
2020-07-16T10:40:00.000,I 75,I 75 and Sr 376,,Sideswipe-Same Direction,3,Clear,Dry,Daylight
2020-08-31T19:34:00.000,I 75,I 75 and Sr 376,,Not a Collision with Motor Vehicle,1,Clear,Dry,Dusk
2020-01-04T09:45:00.000,I 75,I 75 and Sr 376,,Not a Collision with Motor Vehicle,1,Clear,Wet,Daylight
2020-02-29T10:35:00.000,I 75,I 75 and Sr 376,,Rear End,3,Clear,Dry,Daylight
2020-06-01T15:25:00.000,I 75,I 75 and Sr 376,,Angle Crash,2,Clear,Dry,Daylight
2020-08-13T14:55:00.000,I 75,I 75 and Sr 376,,Not a Collision with Motor Vehicle,1,Clear,Wet,Daylight
2020-12-05T18:22:00.000,I 75,I 75 and Sr 376,,Rear End,2,Clear,Dry,Dark-Lighted
2020-05-05T18:25:00.000,I 75,I 75 and Sr 376,,Not a Collision with Motor Vehicle,1,Clear,Dry,Daylight
2020-02-05T17:54:00.000,I 75,I 75 and Sr 376,,Rear End,2,Clear,Dry,Daylight
2020-05-06T23:35:00.000,I 75,I 75 and Sr 376,,Rear End,2,Clear,Dry,Dark-Not Lighted
2020-07-16T05:35:00.000,I 75,I 75 and Sr 376,,Not a Collision with Motor Vehicle,1,Clear,Dry,Dark-Not Lighted
2020-06-28T16:40:00.000,I 75,I 75 and Sr 376,,Not a Collision with Motor Vehicle,1,Cloudy,Dry,Daylight
2020-11-29T22:28:00.000,I 75,I 75 and Sr 376,,Not a Collision with Motor Vehicle,1,Clear,Wet,Daylight
2020-10-13T20:04:00.000,I 75,I 75 and Sr 376,,Sideswipe-Same Direction,2,Clear,Dry,Dark-Not Lighted
2020-11-24T18:55:00.000,I 75,I 75 and Sr 376,,Angle Crash,2,Clear,Dry,Dark-Not Lighted
2020-07-21T01:20:00.000,I 75,I 75 and Sr 376,,Not a Collision with Motor Vehicle,2,Clear,Dry,Dark-Not Lighted
2020-10-09T13:56:00.000,I 75,I 75 and Sr 376,,Sideswipe-Same Direction,2,Clear,Dry,Daylight
2020-10-02T15:29:00.000,I 75,I 75 and Sr 376,,Rear End,3,Clear,Dry,Daylight
2020-09-11T12:10:00.000,I 75,I 75 and Sr 376,,Not a Collision with Motor Vehicle,1,Cloudy,Dry,Daylight
2020-04-02T19:35:00.000,I 75,I 75 and Sr 376,,Not a Collision with Motor Vehicle,1,Clear,Dry,Daylight
2020-07-18T12:06:00.000,I 75,I 75 and Sr 376,,Rear End,3,Clear,Dry,Daylight
2020-11-21T03:25:00.000,I 75,I 75 and Sr 376,,Angle Crash,2,Clear,Dry,Dark-Not Lighted
2020-06-02T23:35:00.000,I 75,I 75 and Sr 376,,Angle Crash,2,Cloudy,Dry,Dark-Not Lighted
2020-02-16T13:10:00.000,I 75,I 75 and Sr 376,,Sideswipe-Same Direction,2,Rain,Wet,Daylight
2021-06-08T20:10:00.000,I 75,I 75 and Sr 376,,Not a Collision with Motor Vehicle,1,Clear,Dry,Daylight
2021-03-21T00:00:00.000,I 75,I 75 and Sr 376,,Rear End,2,Cloudy,Wet,Daylight
2021-04-16T05:04:00.000,I 75,I 75 and Sr 376,,Sideswipe-Same Direction,3,Clear,Dry,Dark-Not Lighted
2021-04-02T13:30:00.000,I 75,I 75 and Sr 376,,Not a Collision with Motor Vehicle,2,Clear,Dry,Daylight
2021-06-18T00:50:00.000,I 75,I 75 and Sr 376,,Not a Collision with Motor Vehicle,1,Clear,Dry,Dark-Not Lighted
2021-05-29T08:20:00.000,I 75,I 75 and Sr 376,,Not a Collision with Motor Vehicle,1,Cloudy,Dry,Daylight
2021-03-25T07:06:00.000,I 75,I 75 and Sr 376,,Rear End,3,Clear,Dry,Dark-Not Lighted
2021-05-11T22:45:00.000,I 75,I 75 and Sr 376,,Not a Collision with Motor Vehicle,1,Rain,Wet,Dark-Lighted
2021-12-27T11:00:00.000,I 75,I 75 and Sr 376,,Sideswipe-Same Direction,2,Fog,Dry,Daylight
2021-12-08T09:10:00.000,I 75,I 75 and Sr 376,,Not a Collision with Motor Vehicle,1,Cloudy,Wet,Daylight
2021-10-04T23:15:00.000,I 75,I 75 and Sr 376,,Sideswipe-Same Direction,2,Clear,Dry,Dark-Not Lighted
2022-04-22T16:40:00.000,I 75,I 75 and Sr 376,,Not a Collision with Motor Vehicle,1,Clear,Dry,Daylight
2021-07-16T01:00:00.000,I 75,I 75 and Sr 376,,Rear End,3,Clear,Dry,Daylight
2022-09-17T03:10:00.000,I 75,I 75 and Sr 376,,Sideswipe-Same Direction,3,Clear,Dry,Dark-Not Lighted
2022-03-29T22:36:00.000,I 75,I 75 and Sr 376,,Sideswipe-Same Direction,2,Clear,Dry,Dark-Not Lighted
2022-07-14T13:15:00.000,I 75,I 75 and Sr 376,,Not a Collision with Motor Vehicle,1,Clear,Dry,Daylight
2022-02-26T08:37:00.000,I 75,I 75 and Sr 376,,Rear End,2,Clear,Dry,Daylight
2021-12-29T10:10:00.000,I 75,I 75 and Sr 376,,Sideswipe-Same Direction,2,Cloudy,Dry,Daylight
2021-12-04T20:59:00.000,I 75,I 75 and Sr 376,,Rear End,2,Cloudy,Dry,Dark-Not Lighted
2022-08-01T12:31:00.000,I 75,I 75 and Sr 376,,Angle Crash,2,Clear,Dry,Daylight
2022-11-25T09:02:00.000,I 75,I 75 and Sr 376,,Rear End,2,Clear,Wet,Daylight
2022-05-02T15:45:00.000,I 75,I 75 and Sr 376,,Not a Collision with Motor Vehicle,2,Clear,Dry,Daylight
2022-08-01T10:39:00.000,I 75,I 75 and Sr 376,,Not a Collision with Motor Vehicle,1,Clear,Dry,Daylight
2022-07-09T16:54:00.000,I 75,I 75 and Sr 376,,Not a Collision with Motor Vehicle,1,Cloudy,Wet,Daylight
2022-10-21T12:20:00.000,I 75,I 75 and Sr 376,,Not a Collision with Motor Vehicle,2,Clear,Dry,Daylight
2022-07-23T13:05:00.000,I 75,I 75 and Sr 376,,Rear End,2,Clear,Dry,Daylight
2022-02-11T20:04:00.000,I 75,I 75 and Sr 376,,Sideswipe-Same Direction,1,Clear,Dry,Dark-Not Lighted
2022-06-07T06:25:00.000,I 75,I 75 and Sr 376,,Not a Collision with Motor Vehicle,1,Fog,Dry,Daylight
2022-04-03T12:36:00.000,I 75,I 75 and Sr 376,,Rear End,2,Clear,Dry,Daylight
2022-07-01T10:43:00.000,I 75,I 75 and Sr 376,,Rear End,2,Clear,Dry,Daylight
2022-01-31T15:45:00.000,I 75,I 75 and Sr 376,,Rear End,2,Clear,Dry,Daylight
2022-02-25T20:20:00.000,I 75,I 75 and Sr 376,,Rear End,2,Clear,Dry,Dark-Not Lighted
2022-04-01T06:45:00.000,I 75,I 75 and Sr 376,,Sideswipe-Same Direction,2,Clear,Dry,Dusk
2022-11-06T11:52:00.000,I 75,I 75 and Sr 376,,Rear End,2,Clear,Dry,Daylight
2022-02-07T03:15:00.000,I 75,I 75 and Sr 376,,Not a Collision with Motor Vehicle,1,Clear,Dry,Dark-Not Lighted
2022-11-11T15:45:00.000,I 75,I 75 and Sr 376,,Sideswipe-Same Direction,2,Clear,Dry,Daylight
2022-04-15T11:14:00.000,I 75,I 75 and Sr 376,,Rear End,2,Clear,Dry,Daylight
2022-05-06T06:45:00.000,I 75,I 75 and Sr 376,,Rear End,2,Fog,Dry,Daylight
2023-09-07T13:25:00.000,I 75,I 75 and Sr 376,,Sideswipe-Same Direction,2,Clear,Dry,Daylight
2023-03-10T14:54:00.000,I 75,I 75 and Sr 376,,Not a Collision with Motor Vehicle,1,Clear,Dry,Daylight
2023-06-21T06:29:00.000,I 75,I 75 and Sr 376,,Rear End,2,Clear,Dry,Daylight
2024-07-13T12:00:00.000,I 75,I 75 and Sr 376,,Not a Collision with Motor Vehicle,1,Clear,Dry,Daylight
2024-07-02T22:15:00.000,I 75,I 75 and Sr 376,,Angle Crash,2,Rain,Wet,Dark-Not Lighted
2024-10-08T15:06:00.000,I 75,I 75 and Sr 376,,Rear End,2,Clear,Dry,Daylight
2024-01-19T14:00:00.000,I 75,I 75 and Sr 376,,Sideswipe-Same Direction,2,Clear,Dry,Daylight
2023-12-28T15:51:00.000,I 75,I 75 and Sr 376,,Not a Collision with Motor Vehicle,1,Clear,Dry,Daylight
2023-08-29T15:24:00.000,I 75,I 75 and Sr 376,,Angle Crash,3,Clear,Dry,Daylight
2023-04-29T17:45:00.000,I 75,I 75 and Sr 376,,Not a Collision with Motor Vehicle,1,Rain,Wet,Daylight
2023-03-23T14:35:00.000,I 75,I 75 and Sr 376,,Not a Collision with Motor Vehicle,1,Clear,Dry,Daylight
2023-12-26T14:00:00.000,I 75,I 75 and Sr 376,,Rear End,3,Clear,Dry,Daylight
2023-11-13T11:10:00.000,I 75,I 75 and Sr 376,,Sideswipe-Same Direction,2,Clear,Dry,Daylight
2023-03-31T18:30:00.000,I 75,I 75 and Sr 376,,Rear End,3,Clear,Dry,Daylight
2023-01-07T19:04:00.000,I 75,I 75 and Sr 376,,Not a Collision with Motor Vehicle,1,Clear,Dry,Dark-Not Lighted
2023-07-16T14:55:00.000,I 75,I 75 and Sr 376,,Rear End,2,Clear,Dry,Daylight
2023-09-30T07:05:00.000,I 75,I 75 and Sr 376,,Sideswipe-Same Direction,2,Clear,Dry,Dawn
2023-01-04T10:25:00.000,I 75,I 75 and Sr 376,,Not a Collision with Motor Vehicle,1,Cloudy,Dry,Daylight
2024-03-31T05:00:00.000,I 75,I 75 and Sr 376,,Not a Collision with Motor Vehicle,1,Clear,Dry,Dark-Not Lighted
2024-09-11T16:36:00.000,I 75,I 75 and Sr 376,,Sideswipe-Same Direction,3,Cloudy,Wet,Daylight
2024-09-19T08:50:00.000,I 75,I 75 and Sr 376,,Sideswipe-Same Direction,2,Clear,Dry,Daylight
2024-11-12T07:00:00.000,I 75,I 75 and Sr 376,,Sideswipe-Same Direction,2,Clear,Dry,Daylight
2024-07-13T18:31:00.000,I 75,I 75 and Sr 376,,Not a Collision with Motor Vehicle,1,Clear,Dry,Daylight
2024-06-30T20:44:00.000,I 75,I 75 and Sr 376,,Not a Collision with Motor Vehicle,1,Cloudy,Wet,Dark-Lighted
2024-05-15T13:00:00.000,I 75,I 75 and Sr 376,,Sideswipe-Same Direction,2,Clear,Dry,Daylight
2024-08-20T10:00:00.000,I 75,I 75 and Sr 376,,Not a Collision with Motor Vehicle,1,Clear,Dry,Daylight
2024-05-02T22:00:00.000,I 75,I 75 and Sr 376,,Not a Collision with Motor Vehicle,1,Cloudy,Wet,Dark-Not Lighted
2024-10-18T17:03:00.000,I 75,I 75 and Sr 376,,Not a Collision with Motor Vehicle,3,Clear,Dry,Daylight
2024-05-10T07:55:00.000,I 75,I 75 and Sr 376,,Sideswipe-Same Direction,2,Rain,Wet,Daylight
2024-06-26T09:30:00.000,I 75,I 75 and Sr 376,,Rear End,2,Clear,Dry,Daylight
2024-08-31T23:04:00.000,I 75,I 75 and Sr 376,,Sideswipe-Same Direction,2,Clear,Dry,Daylight
2024-08-06T07:15:00.000,I 75,I 75 and Sr 376,,Sideswipe-Same Direction,2,Cloudy,Wet,Daylight
2024-09-03T13:53:00.000,I 75,I 75 and Sr 376,,Not a Collision with Motor Vehicle,1,Cloudy,Dry,Daylight
2024-02-17T05:59:00.000,I 75,I 75 and Sr 376,,Sideswipe-Same Direction,2,Cloudy,Wet,Dusk