Date and Time,Roadway (From Crash Report),Intersection Name (from Crash Report),KABCO Severity,Manner of Collision (Crash Level) ,# of Vehicles per crash ,Weather Conditions (Crash Level),Surface Condition (Crash Level) ,Light Conditions (Crash Level)
2024-11-06T22:05:00.000,I 75,I 75 and Sr 376,,Angle Crash,2,Rain,Wet,Dark-Not Lighted
2020-04-29T16:13:00.000,I 75,I 75 and Sr 375,,Sideswipe-Same Direction,2,Clear,Dry,Daylight
2021-01-31T18:15:00.000,I 75,I 75 and Sr 37,,Angle Crash,2,Rain,Wet,Dark-Not Lighted
2023-05-20T10:54:00.000,I 75,I 75 and Sr 37,,Angle Crash,2,Clear,Dry,Daylight
2020-01-18T02:34:00.000,I 75,I 75 and Sr 37,,Not a Collision with Motor Vehicle,1,Clear,Dry,Dark-Not Lighted
2020-11-24T14:18:00.000,I 75,I 75 and Sr 37,,Angle Crash,2,Clear,Dry,Daylight
2021-01-27T11:51:00.000,I 75,I 75 and Sr 37,,Not a Collision with Motor Vehicle,1,Rain,Wet,Daylight
2022-05-03T13:40:00.000,I 75,I 75 and Sr 37,,Sideswipe-Same Direction,2,Clear,Dry,Daylight
2022-11-01T17:30:00.000,I 75,I 75 and Sr 37,,Sideswipe-Same Direction,2,Clear,Dry,Daylight
2022-11-30T10:30:00.000,I 75,I 75 and Sr 37,,Not a Collision with Motor Vehicle,1,Rain,Wet,Daylight
2024-09-06T18:20:00.000,I 75,I 75 and Sr 37,,Not a Collision with Motor Vehicle,1,Rain,Wet,Daylight
2024-07-29T04:40:00.000,I 75,I 75 and Sr 37,,Rear End,2,Clear,Dry,Dark-Not Lighted
2021-04-08T13:00:00.000,I 75,I 75 and Sr 36,,Rear End,2,Clear,Dry,Daylight
2021-11-14T18:13:00.000,I 75,I 75 and Sr 36,,Sideswipe-Same Direction,2,Clear,Dry,Dark-Not Lighted
2021-12-12T12:44:00.000,I 75,I 75 and Sr 36,,Rear End,2,Clear,Dry,Daylight
2023-04-04T13:45:00.000,I 75,I 75 and Sr 36,,Head On,2,Clear,Dry,Daylight
2023-04-04T13:45:00.000,I 75,I 75 and Sr 36,,Rear End,2,Clear,Dry,Daylight
2020-02-22T14:16:00.000,I 75,I 75 and Sr 36,,Rear End,2,Clear,Dry,Daylight
2020-01-07T07:29:00.000,I 75,I 75 and Sr 36,,Not a Collision with Motor Vehicle,1,Cloudy,Wet,Daylight
2020-02-04T16:30:00.000,I 75,I 75 and Sr 36,,Not a Collision with Motor Vehicle,1,Clear,Dry,Daylight
2020-10-31T16:41:00.000,I 75,I 75 and Sr 36,,Not a Collision with Motor Vehicle,1,Clear,Dry,Daylight
2021-12-30T18:19:00.000,I 75,I 75 and Sr 36,,Angle Crash,5,Cloudy,Wet,Dark-Not Lighted
2021-11-23T18:43:00.000,I 75,I 75 and Sr 36,,Sideswipe-Same Direction,2,Clear,Dry,Dark-Not Lighted
2021-12-15T19:49:00.000,I 75,I 75 and Sr 36,,Sideswipe-Same Direction,2,Clear,Dry,Dark-Not Lighted
2022-04-21T13:11:00.000,I 75,I 75 and Sr 36,,Head On,2,Clear,Dry,Daylight
2022-01-02T16:49:00.000,I 75,I 75 and Sr 36,,Rear End,2,Rain,Wet,Dusk
2022-07-13T14:50:00.000,I 75,I 75 and Sr 36,,Rear End,2,Cloudy,Dry,Daylight
2024-08-23T16:20:00.000,I 75,I 75 and Sr 36,,Rear End,2,Clear,Dry,Daylight
2023-05-26T20:20:00.000,I 75,I 75 and Sr 36,,Rear End,2,Clear,Dry,Daylight
2023-01-30T07:25:00.000,I 75,I 75 and Sr 36,,Rear End,2,Cloudy,Wet,Daylight
2024-05-25T16:40:00.000,I 75,I 75 and Sr 36,,Sideswipe-Same Direction,2,Clear,Dry,Daylight
2024-07-06T14:11:00.000,I 75,I 75 and Sr 36,,Rear End,2,Clear,Dry,Daylight
2020-03-09T18:20:00.000,I 75,I 75 and Sr 35,,Angle Crash,2,Clear,Dry,Daylight
2021-09-14T05:20:00.000,I 75,I 75 and Sr 35,,Rear End,3,Clear,Dry,Dark-Lighted
2022-09-02T18:33:00.000,I 75,I 75 and Sr 35,,Rear End,2,Clear,Dry,Daylight
2021-06-27T14:08:00.000,I 75,I 75 and Sr 331,,Sideswipe-Same Direction,2,Clear,Dry,Daylight
2020-07-26T20:33:00.000,I 75,I 75 and Sr 331,,Rear End,2,Clear,Dry,Dusk
2021-02-02T20:50:00.000,I 75,I 75 and Sr 331,,Rear End,2,Clear,Dry,Dark-Not Lighted
2021-09-19T14:05:00.000,I 75,I 75 and Sr 331,,Rear End,3,Cloudy,Wet,Daylight
2021-02-28T22:05:00.000,I 75,I 75 and Sr 33,,Not a Collision with Motor Vehicle,1,Cloudy,Dry,Dark-Not Lighted
2022-05-24T17:35:00.000,I 75,I 75 and Sr 33,,Not a Collision with Motor Vehicle,1,Rain,Wet,Daylight
2022-05-24T19:35:00.000,I 75,I 75 and Sr 33,,Not a Collision with Motor Vehicle,1,Cloudy,Wet,Daylight
2021-03-30T13:05:00.000,I 75,I 75 and Sr 32,,Not a Collision with Motor Vehicle,1,Cloudy,Dry,Daylight
2020-12-12T11:38:00.000,I 75,I 75 and Sr 32,,Rear End,2,Clear,Dry,Daylight
2023-05-24T10:18:00.000,I 75,I 75 and Sr 32,,Sideswipe-Same Direction,2,Cloudy,Dry,Daylight
2023-12-24T21:40:00.000,I 75,I 75 and Sr 32,,Angle Crash,2,Clear,Dry,Dark-Not Lighted
2022-05-14T00:10:00.000,I 75,I 75 and Sr 32,,Not a Collision with Motor Vehicle,1,Clear,Dry,Dark-Not Lighted
2020-11-06T08:15:00.000,I 75,I 75 and Sr 32,,Not a Collision with Motor Vehicle,1,Clear,Dry,Daylight
2020-11-06T12:44:00.000,I 75,I 75 and Sr 32,,Not a Collision with Motor Vehicle,1,Clear,Dry,Daylight
2021-05-03T05:06:00.000,I 75,I 75 and Sr 32,,Not a Collision with Motor Vehicle,1,Clear,Dry,Dark-Not Lighted
2021-01-18T01:11:00.000,I 75,I 75 and Sr 32,,Not a Collision with Motor Vehicle,1,Clear,Dry,Dark-Not Lighted
2021-10-13T06:20:00.000,I 75,I 75 and Sr 32,,Sideswipe-Same Direction,2,Clear,Dry,Dark-Not Lighted
2021-10-09T12:26:00.000,I 75,I 75 and Sr 32,,Rear End,2,Clear,Dry,Daylight
2021-10-08T20:30:00.000,I 75,I 75 and Sr 32,,Not a Collision with Motor Vehicle,1,Clear,Dry,Dark-Not Lighted
2021-11-13T11:20:00.000,I 75,I 75 and Sr 32,,Angle Crash,2,Clear,Dry,Daylight
2021-11-13T10:20:00.000,I 75,I 75 and Sr 32,,Rear End,2,Clear,Dry,Daylight
2022-03-05T20:04:00.000,I 75,I 75 and Sr 32,,Not a Collision with Motor Vehicle,1,Clear,Dry,Dark-Not Lighted
2022-05-01T06:25:00.000,I 75,I 75 and Sr 32,,Not a Collision with Motor Vehicle,1,Clear,Dry,Daylight
2022-10-14T06:49:00.000,I 75,I 75 and Sr 32,,Not a Collision with Motor Vehicle,1,Clear,Dry,Daylight
2022-09-26T00:00:00.000,I 75,I 75 and Sr 32,,Rear End,2,Clear,Dry,Daylight
2022-10-13T22:25:00.000,I 75,I 75 and Sr 32,,Sideswipe-Same Direction,2,Clear,Dry,Dark-Not Lighted
2022-07-29T10:45:00.000,I 75,I 75 and Sr 32,,Not a Collision with Motor Vehicle,2,Clear,Dry,Daylight
2022-12-26T18:55:00.000,I 75,I 75 and Sr 32,,Angle Crash,1,Clear,Dry,Dark-Not Lighted
2022-11-14T13:33:00.000,I 75,I 75 and Sr 32,,Not a Collision with Motor Vehicle,1,Cloudy,Dry,Daylight
2024-05-05T00:00:00.000,I 75,I 75 and Sr 32,,Not a Collision with Motor Vehicle,1,Clear,Dry,Dark-Not Lighted
2024-10-11T14:14:00.000,I 75,I 75 and Sr 32,,Rear End,2,Clear,Dry,Daylight
2024-12-26T11:45:00.000,I 75,I 75 and Sr 32,,Not a Collision with Motor Vehicle,1,Cloudy,Dry,Daylight
2023-11-09T22:55:00.000,I 75,I 75 and Sr 32,,Rear End,2,Clear,Dry,Dark-Not Lighted
2023-01-22T05:37:00.000,I 75,I 75 and Sr 32,,Rear End,2,Rain,Wet,Dark-Not Lighted
2023-12-09T14:30:00.000,I 75,I 75 and Sr 32,,Sideswipe-Same Direction,2,Clear,Dry,Daylight
2024-01-22T00:21:00.000,I 75,I 75 and Sr 32,,Not a Collision with Motor Vehicle,1,Clear,Dry,Dark-Not Lighted
2024-04-08T12:48:00.000,I 75,I 75 and Sr 32,,Sideswipe-Same Direction,2,Clear,Dry,Daylight
2024-03-08T06:30:00.000,I 75,I 75 and Sr 32,,Sideswipe-Same Direction,2,Cloudy,Dry,Dark-Not Lighted
2024-01-04T12:27:00.000,I 75,I 75 and Sr 32,,Sideswipe-Same Direction,2,Clear,Dry,Daylight
2024-03-11T09:14:00.000,I 75,I 75 and Sr 32,,Rear End,2,Clear,Dry,Daylight
2024-10-13T15:20:00.000,I 75,I 75 and Sr 32,,Sideswipe-Same Direction,2,Clear,Dry,Daylight
2024-09-10T14:30:00.000,I 75,I 75 and Sr 32,,Not a Collision with Motor Vehicle,1,Clear,Dry,Daylight
2021-01-12T17:35:00.000,I 75,I 75 and Sr 31,,Head On,2,Clear,Dry,Daylight
2021-04-20T17:38:00.000,I 75,I 75 and Sr 31,,Sideswipe-Same Direction,2,Clear,Dry,Daylight
2021-06-03T15:54:00.000,I 75,I 75 and Sr 31,,Rear End,2,Cloudy,Dry,Daylight
2021-09-10T16:23:00.000,I 75,I 75 and Sr 31,,Rear End,2,Clear,Dry,Daylight
2021-03-01T14:05:00.000,I 75,I 75 and Sr 31,,Head On,1,Cloudy,Dry,Daylight
2021-05-15T15:45:00.000,I 75,I 75 and Sr 31,,Angle Crash,2,Clear,Dry,Daylight
2021-06-26T18:48:00.000,I 75,I 75 and Sr 31,,Rear End,1,Clear,Dry,Daylight
2021-01-02T02:05:00.000,I 75,I 75 and Sr 31,,Angle Crash,2,Rain,Wet,Dark-Not Lighted
2021-06-22T07:57:00.000,I 75,I 75 and Sr 31,,Not a Collision with Motor Vehicle,1,Rain,Wet,Daylight
2021-11-05T11:40:00.000,I 75,I 75 and Sr 31,,Not a Collision with Motor Vehicle,1,Rain,Wet,Daylight
2021-07-02T12:10:00.000,I 75,I 75 and Sr 31,,Sideswipe-Same Direction,2,Cloudy,Dry,Daylight
2021-11-19T08:40:00.000,I 75,I 75 and Sr 31,,Rear End,2,Clear,Dry,Daylight
2021-10-31T17:31:00.000,I 75,I 75 and Sr 31,,Rear End,2,Clear,Dry,Daylight
2021-07-28T11:19:00.000,I 75,I 75 and Sr 31,,Rear End,2,Cloudy,Wet,Daylight
2021-11-28T03:02:00.000,I 75,I 75 and Sr 31,,Sideswipe-Same Direction,2,Clear,Dry,Daylight
2021-04-11T18:40:00.000,I 75,I 75 and Sr 31,,Not a Collision with Motor Vehicle,1,Cloudy,Dry,Daylight
2021-01-27T10:54:00.000,I 75,I 75 and Sr 31,,Sideswipe-Same Direction,2,Rain,Wet,Daylight
2021-01-31T23:32:00.000,I 75,I 75 and Sr 31,,Sideswipe-Same Direction,2,Cloudy,Wet,Dark-Not Lighted
2021-11-05T10:52:00.000,I 75,I 75 and Sr 31,,Not a Collision with Motor Vehicle,1,Rain,Wet,Daylight
2021-08-17T08:35:00.000,I 75,I 75 and Sr 31,,Not a Collision with Motor Vehicle,1,Cloudy,Wet,Daylight
2021-08-23T02:35:00.000,I 75,I 75 and Sr 31,,Not a Collision with Motor Vehicle,1,Cloudy,Wet,Dark-Not Lighted
2020-01-23T20:05:00.000,I 75,I 75 and Sr 31,,Not a Collision with Motor Vehicle,1,Cloudy,Dry,Dark-Lighted
2023-01-06T09:30:00.000,I 75,I 75 and Sr 31,,Not a Collision with Motor Vehicle,1,Clear,Dry,Daylight
2023-02-24T17:20:00.000,I 75,I 75 and Sr 31,,Not a Collision with Motor Vehicle,1,Clear,Dry,Daylight
2023-03-10T15:55:00.000,I 75,I 75 and Sr 31,,Rear End,3,Rain,Wet,Daylight
2023-11-26T13:40:00.000,I 75,I 75 and Sr 31,,Rear End,2,Rain,Wet,Daylight
2023-06-15T15:41:00.000,I 75,I 75 and Sr 31,,Not a Collision with Motor Vehicle,1,Rain,Dry,Daylight
2023-10-08T15:00:00.000,I 75,I 75 and Sr 31,,Rear End,3,Clear,Dry,Daylight
2023-11-18T07:15:00.000,I 75,I 75 and Sr 31,,Rear End,2,Clear,Dry,Daylight
2023-04-10T12:15:00.000,I 75,I 75 and Sr 31,,Not a Collision with Motor Vehicle,1,Clear,Dry,Daylight
2023-12-23T10:48:00.000,I 75,I 75 and Sr 31,,Rear End,2,Clear,Dry,Daylight
2023-03-21T07:40:00.000,I 75,I 75 and Sr 31,,Sideswipe-Same Direction,2,Clear,Dry,Daylight
2023-04-05T15:41:00.000,I 75,I 75 and Sr 31,,Sideswipe-Same Direction,2,Clear,Dry,Daylight
2023-11-26T16:33:00.000,I 75,I 75 and Sr 31,,Angle Crash,2,Rain,Wet,Daylight
2023-03-12T14:50:00.000,I 75,I 75 and Sr 31,,Sideswipe-Same Direction,2,Cloudy,Dry,Daylight
2023-09-01T00:00:00.000,I 75,I 75 and Sr 31,,Sideswipe-Same Direction,2,Clear,Dry,Daylight
2023-11-25T16:05:00.000,I 75,I 75 and Sr 31,,Angle Crash,2,Clear,Dry,Daylight
2023-09-01T10:35:00.000,I 75,I 75 and Sr 31,,Sideswipe-Same Direction,2,Clear,Dry,Daylight
2023-08-07T17:08:00.000,I 75,I 75 and Sr 31,,Not a Collision with Motor Vehicle,2,Clear,Dry,Daylight
2023-03-20T16:05:00.000,I 75,I 75 and Sr 31,,Sideswipe-Same Direction,2,Clear,Dry,Daylight
2023-10-08T13:49:00.000,I 75,I 75 and Sr 31,,Sideswipe-Same Direction,2,Clear,Dry,Daylight
2023-04-01T15:05:00.000,I 75,I 75 and Sr 31,,Rear End,3,Clear,Dry,Daylight
2023-03-02T16:20:00.000,I 75,I 75 and Sr 31,,Sideswipe-Same Direction,2,Clear,Dry,Daylight
2021-09-03T14:58:00.000,I 75,I 75 and Sr 31,,Rear End,2,Clear,Dry,Daylight
2020-12-06T02:40:00.000,I 75,I 75 and Sr 31,,Angle Crash,2,Clear,Dry,Dark-Not Lighted
2020-01-09T09:30:00.000,I 75,I 75 and Sr 31,,Rear End,3,Clear,Dry,Daylight
2020-11-27T11:45:00.000,I 75,I 75 and Sr 31,,Rear End,2,Cloudy,Dry,Daylight
2020-09-14T17:00:00.000,I 75,I 75 and Sr 31,,Rear End,2,Cloudy,Wet,Daylight
2020-09-29T16:37:00.000,I 75,I 75 and Sr 31,,Not a Collision with Motor Vehicle,1,Rain,Wet,Daylight
2020-01-31T08:12:00.000,I 75,I 75 and Sr 31,,Sideswipe-Same Direction,2,Clear,Dry,Daylight
2020-01-27T15:21:00.000,I 75,I 75 and Sr 31,,Angle Crash,2,Cloudy,Dry,Daylight
2020-01-27T23:00:00.000,I 75,I 75 and Sr 31,,Not a Collision with Motor Vehicle,1,Clear,Dry,Dark-Not Lighted
2020-06-12T15:36:00.000,I 75,I 75 and Sr 31,,Not a Collision with Motor Vehicle,1,Rain,Wet,Daylight
2020-02-17T11:40:00.000,I 75,I 75 and Sr 31,,Not a Collision with Motor Vehicle,1,Cloudy,Dry,Daylight
2020-12-06T03:00:00.000,I 75,I 75 and Sr 31,,Not a Collision with Motor Vehicle,1,Clear,Dry,Dark-Not Lighted
2020-10-03T11:10:00.000,I 75,I 75 and Sr 31,,Rear End,3,Cloudy,Dry,Daylight
2020-02-10T15:40:00.000,I 75,I 75 and Sr 31,,Rear End,2,Clear,Dry,Daylight
2021-01-07T22:35:00.000,I 75,I 75 and Sr 31,,Not a Collision with Motor Vehicle,2,Cloudy,Wet,Dark-Not Lighted
2021-01-12T09:30:00.000,I 75,I 75 and Sr 31,,Not a Collision with Motor Vehicle,1,Clear,Dry,Daylight
2021-05-29T12:45:00.000,I 75,I 75 and Sr 31,,Rear End,2,Cloudy,Dry,Daylight
2021-06-07T18:35:00.000,I 75,I 75 and Sr 31,,Not a Collision with Motor Vehicle,1,Cloudy,Wet,Daylight
2021-09-22T14:21:00.000,I 75,I 75 and Sr 31,,Sideswipe-Same Direction,2,Clear,Dry,Daylight
2021-07-13T20:15:00.000,I 75,I 75 and Sr 31,,Not a Collision with Motor Vehicle,1,Clear,Dry,Daylight
2021-11-27T14:00:00.000,I 75,I 75 and Sr 31,,Rear End,2,Clear,Dry,Daylight
2021-07-15T14:07:00.000,I 75,I 75 and Sr 31,,Not a Collision with Motor Vehicle,1,Clear,Dry,Daylight
2021-11-01T16:00:00.000,I 75,I 75 and Sr 31,,Angle Crash,2,Clear,Dry,Daylight
2021-10-22T23:20:00.000,I 75,I 75 and Sr 31,,Rear End,2,Clear,Dry,Dark-Not Lighted
2021-10-20T20:30:00.000,I 75,I 75 and Sr 31,,Not a Collision with Motor Vehicle,1,Clear,Dry,Daylight
2022-07-23T09:45:00.000,I 75,I 75 and Sr 31,,Rear End,2,Clear,Dry,Daylight
2021-07-25T05:00:00.000,I 75,I 75 and Sr 31,,Not a Collision with Motor Vehicle,1,Clear,Dry,Dark-Not Lighted
2021-12-23T05:00:00.000,I 75,I 75 and Sr 31,,Sideswipe-Same Direction,2,Clear,Dry,Daylight
2022-07-24T12:43:00.000,I 75,I 75 and Sr 31,,Rear End,3,Clear,Dry,Daylight
2022-07-08T08:00:00.000,I 75,I 75 and Sr 31,,Angle Crash,2,Clear,Dry,Daylight
2022-05-02T02:02:00.000,I 75,I 75 and Sr 31,,Not a Collision with Motor Vehicle,1,Clear,Dry,Dark-Not Lighted
2022-06-18T10:29:00.000,I 75,I 75 and Sr 31,,Not a Collision with Motor Vehicle,1,Cloudy,Wet,Daylight
2022-07-19T19:29:00.000,I 75,I 75 and Sr 31,,Not a Collision with Motor Vehicle,1,Cloudy,Wet,Daylight
2022-07-17T19:28:00.000,I 75,I 75 and Sr 31,,Rear End,2,Cloudy,Dry,Daylight
2021-10-24T12:30:00.000,I 75,I 75 and Sr 31,,Sideswipe-Same Direction,2,Clear,Dry,Daylight
2022-10-17T15:55:00.000,I 75,I 75 and Sr 31,,Sideswipe-Same Direction,2,Clear,Dry,Daylight
2022-12-17T19:00:00.000,I 75,I 75 and Sr 31,,Sideswipe-Same Direction,2,Clear,Dry,Dark-Not Lighted
2022-08-30T00:40:00.000,I 75,I 75 and Sr 31,,Not a Collision with Motor Vehicle,1,Clear,Dry,Dark-Not Lighted
2022-06-17T17:24:00.000,I 75,I 75 and Sr 31,,Angle Crash,2,Clear,Dry,Daylight
2022-03-03T20:50:00.000,I 75,I 75 and Sr 31,,Rear End,2,Clear,Dry,Dark-Lighted
2022-12-21T14:25:00.000,I 75,I 75 and Sr 31,,Angle Crash,2,Clear,Dry,Daylight
2022-03-02T16:05:00.000,I 75,I 75 and Sr 31,,Rear End,2,Clear,Dry,Daylight
2022-10-20T17:15:00.000,I 75,I 75 and Sr 31,,Rear End,2,Clear,Dry,Daylight
2022-07-12T14:05:00.000,I 75,I 75 and Sr 31,,Sideswipe-Same Direction,2,Cloudy,Dry,Daylight
2022-09-25T17:40:00.000,I 75,I 75 and Sr 31,,Rear End,2,Clear,Dry,Daylight
2022-10-29T04:21:00.000,I 75,I 75 and Sr 31,,Not a Collision with Motor Vehicle,1,Cloudy,Dry,Dark-Not Lighted
2022-05-26T13:51:00.000,I 75,I 75 and Sr 31,,Rear End,2,Clear,Dry,Daylight
2022-01-07T11:25:00.000,I 75,I 75 and Sr 31,,Sideswipe-Same Direction,2,Clear,Dry,Daylight
2022-08-31T17:00:00.000,I 75,I 75 and Sr 31,,Angle Crash,2,Rain,Wet,Daylight
2022-02-28T13:04:00.000,I 75,I 75 and Sr 31,,Rear End,2,Clear,Dry,Daylight
2022-01-25T15:00:00.000,I 75,I 75 and Sr 31,,Angle Crash,2,Cloudy,Dry,Daylight
2022-07-30T11:20:00.000,I 75,I 75 and Sr 31,,Sideswipe-Same Direction,2,Clear,Dry,Daylight
2023-12-27T11:35:00.000,I 75,I 75 and Sr 31,,Not a Collision with Motor Vehicle,1,Clear,Dry,Daylight
2023-11-26T16:21:00.000,I 75,I 75 and Sr 31,,Rear End,2,Rain,Wet,Daylight
2023-11-07T12:14:00.000,I 75,I 75 and Sr 31,,Not a Collision with Motor Vehicle,1,Clear,Dry,Daylight
2024-04-17T11:35:00.000,I 75,I 75 and Sr 31,,Sideswipe-Same Direction,2,Clear,Dry,Daylight
2024-12-02T01:20:00.000,I 75,I 75 and Sr 31,,Rear End,2,Clear,Dry,Dark-Not Lighted
2024-12-29T14:05:00.000,I 75,I 75 and Sr 31,,Sideswipe-Same Direction,2,Cloudy,Wet,Daylight
2024-10-08T04:26:00.000,I 75,I 75 and Sr 31,,Sideswipe-Same Direction,2,Clear,Dry,Dark-Lighted
2024-02-20T16:35:00.000,I 75,I 75 and Sr 31,,Not a Collision with Motor Vehicle,1,Clear,Dry,Daylight
2023-02-16T09:30:00.000,I 75,I 75 and Sr 31,,Rear End,2,Clear,Dry,Daylight
2023-07-19T03:30:00.000,I 75,I 75 and Sr 31,,Rear End,2,Clear,Dry,Dark-Not Lighted
2023-03-27T07:45:00.000,I 75,I 75 and Sr 31,,Not a Collision with Motor Vehicle,1,Clear,Dry,Daylight
2023-03-12T11:10:00.000,I 75,I 75 and Sr 31,,Rear End,2,Clear,Dry,Daylight
2023-12-22T14:05:00.000,I 75,I 75 and Sr 31,,Sideswipe-Same Direction,2,Clear,Dry,Daylight
2023-03-08T16:20:00.000,I 75,I 75 and Sr 31,,Angle Crash,2,Clear,Dry,Daylight
2023-10-29T17:03:00.000,I 75,I 75 and Sr 31,,Not a Collision with Motor Vehicle,1,Clear,Dry,Daylight
2023-08-24T14:45:00.000,I 75,I 75 and Sr 31,,Sideswipe-Same Direction,2,Clear,Dry,Daylight
2023-11-26T12:25:00.000,I 75,I 75 and Sr 31,,Not a Collision with Motor Vehicle,1,Rain,Wet,Daylight
2023-10-17T13:10:00.000,I 75,I 75 and Sr 31,,Angle Crash,4,Clear,Dry,Daylight
2023-10-30T16:15:00.000,I 75,I 75 and Sr 31,,Rear End,2,Clear,Dry,Daylight
2023-08-24T17:18:00.000,I 75,I 75 and Sr 31,,Sideswipe-Same Direction,2,Clear,Dry,Daylight
2023-07-06T14:55:00.000,I 75,I 75 and Sr 31,,Sideswipe-Same Direction,2,Clear,Dry,Daylight
2023-03-31T10:03:00.000,I 75,I 75 and Sr 31,,Rear End,2,Clear,Dry,Daylight
2023-06-23T16:15:00.000,I 75,I 75 and Sr 31,,Sideswipe-Same Direction,2,Rain,Wet,Daylight
2024-10-08T14:03:00.000,I 75,I 75 and Sr 31,,Rear End,2,Clear,Dry,Daylight
2024-04-22T15:25:00.000,I 75,I 75 and Sr 31,,Rear End,2,Clear,Dry,Daylight
2024-03-10T13:50:00.000,I 75,I 75 and Sr 31,,Not a Collision with Motor Vehicle,1,Clear,Dry,Daylight
2024-09-08T18:40:00.000,I 75,I 75 and Sr 31,,Sideswipe-Same Direction,2,Cloudy,Dry,Daylight
2024-07-16T08:15:00.000,I 75,I 75 and Sr 31,,Rear End,1,Clear,Dry,Daylight
2024-11-10T01:51:00.000,I 75,I 75 and Sr 31,,Not a Collision with Motor Vehicle,1,Clear,Dry,Dark-Not Lighted
2024-04-03T06:20:00.000,I 75,I 75 and Sr 31,,Not a Collision with Motor Vehicle,1,Cloudy,Dry,Dark-Not Lighted
2024-06-08T09:00:00.000,I 75,I 75 and Sr 31,,Sideswipe-Same Direction,2,Clear,Dry,Daylight
2021-07-01T12:45:00.000,I 75,I 75 and Sr 300,,Sideswipe-Same Direction,2,Clear,Dry,Daylight
2021-09-22T07:25:00.000,I 75,I 75 and Sr 300,,Sideswipe-Same Direction,2,Fog,Dry,Dusk
2021-10-15T20:38:00.000,I 75,I 75 and Sr 300,,Rear End,2,Clear,Dry,Dark-Lighted
2021-12-18T01:55:00.000,I 75,I 75 and Sr 300,,Rear End,2,Clear,Dry,Dark-Not Lighted
2021-06-04T07:34:00.000,I 75,I 75 and Sr 300,,Angle Crash,2,Clear,Dry,Daylight
2020-05-04T23:40:00.000,I 75,I 75 and Sr 300,,Sideswipe-Same Direction,2,Clear,Dry,Dark-Not Lighted
2020-09-20T23:18:00.000,I 75,I 75 and Sr 300,,Rear End,2,Clear,Dry,Dark-Not Lighted
2023-12-17T13:20:00.000,I 75,I 75 and Sr 300,,Not a Collision with Motor Vehicle,1,Cloudy,Dry,Daylight
2023-06-19T19:35:00.000,I 75,I 75 and Sr 300,,Rear End,2,Clear,Dry,Daylight
2023-07-02T22:50:00.000,I 75,I 75 and Sr 300,,Sideswipe-Same Direction,2,Cloudy,Dry,Dark-Not Lighted
2020-03-05T07:00:00.000,I 75,I 75 and Sr 300,,Not a Collision with Motor Vehicle,1,Rain,Wet,Dark-Not Lighted
2020-06-08T05:38:00.000,I 75,I 75 and Sr 300,,Rear End,3,Cloudy,Dry,Dark-Lighted
2020-06-30T12:36:00.000,I 75,I 75 and Sr 300,,Sideswipe-Same Direction,2,Clear,Dry,Daylight
2020-08-08T12:51:00.000,I 75,I 75 and Sr 300,,Sideswipe-Same Direction,2,Clear,Dry,Daylight
2021-04-05T21:50:00.000,I 75,I 75 and Sr 300,,Not a Collision with Motor Vehicle,1,Clear,Dry,Dark-Not Lighted
2021-04-15T11:56:00.000,I 75,I 75 and Sr 300,,Sideswipe-Same Direction,2,Cloudy,Wet,Daylight
2021-03-04T06:43:00.000,I 75,I 75 and Sr 300,,Not a Collision with Motor Vehicle,1,Clear,Dry,Daylight
2021-07-05T15:37:00.000,I 75,I 75 and Sr 300,,Angle Crash,3,Rain,Wet,Daylight
2022-06-14T10:05:00.000,I 75,I 75 and Sr 300,,Angle Crash,2,Clear,Dry,Daylight
2022-12-10T09:10:00.000,I 75,I 75 and Sr 300,,Rear End,2,Cloudy,Dry,Daylight
2022-08-26T23:44:00.000,I 75,I 75 and Sr 300,,Rear End,2,Clear,Dry,Dark-Not Lighted
2024-06-04T00:07:00.000,I 75,I 75 and Sr 300,,Not a Collision with Motor Vehicle,2,Cloudy,Dry,Dark-Not Lighted
2024-07-12T09:20:00.000,I 75,I 75 and Sr 300,,Rear End,2,Cloudy,Dry,Daylight
2023-05-17T15:50:00.000,I 75,I 75 and Sr 300,,Sideswipe-Same Direction,2,Clear,Dry,Daylight
2023-10-02T15:50:00.000,I 75,I 75 and Sr 300,,Rear End,2,Clear,Dry,Daylight
2023-06-17T19:04:00.000,I 75,I 75 and Sr 300,,Rear End,2,Clear,Dry,Daylight
2024-11-30T05:18:00.000,I 75,I 75 and Sr 300,,Angle Crash,2,Clear,Dry,Dark-Not Lighted
2024-06-28T14:21:00.000,I 75,I 75 and Sr 300,,Not a Collision with Motor Vehicle,1,Rain,Wet,Daylight
2024-11-24T05:30:00.000,I 75,I 75 and Sr 300,,Not a Collision with Motor Vehicle,1,Clear,Dry,Dark-Lighted
2023-04-05T11:24:00.000,I 75,I 75 and Sr 30,,Sideswipe-Same Direction,2,Clear,Dry,Daylight
2020-07-02T12:48:00.000,I 75,I 75 and Sr 30,,Rear End,2,Clear,Dry,Daylight
2020-02-02T06:41:00.000,I 75,I 75 and Sr 30,,Not a Collision with Motor Vehicle,1,Clear,Dry,Dark-Not Lighted
2020-12-25T22:08:00.000,I 75,I 75 and Sr 30,,Sideswipe-Same Direction,2,Clear,Dry,Dark-Not Lighted
2024-03-21T10:30:00.000,I 75,I 75 and Sr 30,,Sideswipe-Same Direction,2,Clear,Dry,Daylight
2024-03-21T10:30:00.000,I 75,I 75 and Sr 30,,Sideswipe-Same Direction,2,Clear,Dry,Daylight
2024-06-29T17:00:00.000,I 75,I 75 and Sr 30,,Sideswipe-Same Direction,3,Clear,Dry,Daylight
2024-03-21T10:30:00.000,I 75,I 75 and Sr 30,,Angle Crash,2,Clear,Dry,Daylight
2024-03-21T10:30:00.000,I 75,I 75 and Sr 30,,Sideswipe-Opposite Direction,2,Clear,Dry,Daylight