Date and Time,Roadway (From Crash Report),Intersection Name (from Crash Report),KABCO Severity,Manner of Collision (Crash Level) ,# of Vehicles per crash ,Weather Conditions (Crash Level),Surface Condition (Crash Level) ,Light Conditions (Crash Level)
2020-01-20T14:17:00.000,I 75,I 75 and Sr 20,,Rear End,3,Clear,Dry,Daylight
2020-07-23T18:05:00.000,I 75,I 75 and Sr 20,,Rear End,2,Clear,Dry,Daylight
2020-05-04T16:35:00.000,I 75,I 75 and Sr 20,,Rear End,2,Cloudy,Dry,Daylight
2020-09-20T14:55:00.000,I 75,I 75 and Sr 20,,Rear End,2,Clear,Dry,Daylight
2020-07-01T10:36:00.000,I 75,I 75 and Sr 20,,Rear End,2,Clear,Dry,Daylight
2020-06-10T19:15:00.000,I 75,I 75 and Sr 20,,Rear End,1,Cloudy,Wet,Daylight
2020-10-29T17:54:00.000,I 75,I 75 and Sr 20,,Rear End,2,Clear,Dry,Daylight
2020-11-25T14:40:00.000,I 75,I 75 and Sr 20,,Rear End,2,Rain,Wet,Daylight
2020-05-22T13:15:00.000,I 75,I 75 and Sr 20,,Rear End,2,Cloudy,Dry,Daylight
2020-05-26T14:22:00.000,I 75,I 75 and Sr 20,,Not a Collision with Motor Vehicle,1,Cloudy,Dry,Daylight
2020-03-05T11:18:00.000,I 75,I 75 and Sr 20,,Not a Collision with Motor Vehicle,2,Fog,Ice/Frost,Dark-Lighted
2020-11-16T05:23:00.000,I 75,I 75 and Sr 20,,Angle Crash,4,Clear,Dry,Dark-Not Lighted
2020-04-07T08:35:00.000,I 75,I 75 and Sr 20,,Rear End,2,Cloudy,Dry,Daylight
2020-09-14T08:02:00.000,I 75,I 75 and Sr 20,,Not a Collision with Motor Vehicle,2,Clear,Dry,Daylight
2020-11-11T18:43:00.000,I 75,I 75 and Sr 20,,Sideswipe-Same Direction,2,Rain,Water (standing or moving),Dark-Not Lighted
2021-03-03T09:30:00.000,I 75,I 75 and Sr 20,,Sideswipe-Same Direction,2,Clear,Dry,Daylight
2021-02-06T00:10:00.000,I 75,I 75 and Sr 20,,Sideswipe-Same Direction,2,Clear,Dry,Dark-Not Lighted
2021-04-18T12:50:00.000,I 75,I 75 and Sr 20,,Rear End,2,Clear,Dry,Daylight
2021-06-20T15:00:00.000,I 75,I 75 and Sr 20,,Rear End,2,Cloudy,Dry,Daylight
2021-03-03T17:24:00.000,I 75,I 75 and Sr 20,,Sideswipe-Same Direction,2,Clear,Dry,Daylight
2021-06-18T17:38:00.000,I 75,I 75 and Sr 20,,Rear End,2,Clear,Dry,Daylight
2021-09-07T07:53:00.000,I 75,I 75 and Sr 20,,Not a Collision with Motor Vehicle,1,Cloudy,Wet,Daylight
2021-11-27T13:21:00.000,I 75,I 75 and Sr 20,,Rear End,3,Clear,Dry,Daylight
2021-09-06T01:43:00.000,I 75,I 75 and Sr 20,,Rear End,3,Clear,Dry,Dark-Not Lighted
2021-07-31T21:22:00.000,I 75,I 75 and Sr 20,,Rear End,2,Clear,Dry,Dark-Not Lighted
2021-12-06T08:36:00.000,I 75,I 75 and Sr 20,,Rear End,2,Cloudy,Dry,Daylight
2021-12-02T11:00:00.000,I 75,I 75 and Sr 20,,Rear End,2,Clear,Dry,Daylight
2021-11-15T08:15:00.000,I 75,I 75 and Sr 20,,Sideswipe-Same Direction,2,Clear,Dry,Daylight
2021-12-11T12:10:00.000,I 75,I 75 and Sr 20,,Rear End,2,Clear,Wet,Daylight
2021-11-17T15:00:00.000,I 75,I 75 and Sr 20,,Rear End,2,Clear,Dry,Daylight
2021-08-30T18:16:00.000,I 75,I 75 and Sr 20,,Sideswipe-Same Direction,2,Rain,Wet,Daylight
2021-12-22T11:56:00.000,I 75,I 75 and Sr 20,,Rear End,2,Clear,Dry,Daylight
2021-11-18T23:11:00.000,I 75,I 75 and Sr 20,,Sideswipe-Same Direction,2,Clear,Dry,Dark-Lighted
2021-12-06T17:45:00.000,I 75,I 75 and Sr 20,,Rear End,2,Cloudy,Wet,Daylight
2021-11-28T15:00:00.000,I 75,I 75 and Sr 20,,Rear End,2,Clear,Dry,Daylight
2021-11-15T07:23:00.000,I 75,I 75 and Sr 20,,Sideswipe-Same Direction,2,Clear,Dry,Daylight
2022-11-10T19:35:00.000,I 75,I 75 and Sr 20,,Rear End,2,Cloudy,Wet,Dark-Not Lighted
2022-03-22T14:15:00.000,I 75,I 75 and Sr 20,,Rear End,2,Clear,Dry,Daylight
2022-07-01T11:57:00.000,I 75,I 75 and Sr 20,,Angle Crash,2,Rain,Wet,Daylight
2022-03-06T20:31:00.000,I 75,I 75 and Sr 20,,Rear End,4,Clear,Dry,Dark-Not Lighted
2022-03-30T06:20:00.000,I 75,I 75 and Sr 20,,Sideswipe-Same Direction,2,Clear,Dry,Dark-Not Lighted
2022-03-04T12:45:00.000,I 75,I 75 and Sr 20,,Rear End,2,Clear,Dry,Dark-Lighted
2022-07-10T16:52:00.000,I 75,I 75 and Sr 20,,Rear End,2,Clear,Dry,Daylight
2022-09-10T09:35:00.000,I 75,I 75 and Sr 20,,Rear End,2,Rain,Wet,Daylight
2022-05-31T19:04:00.000,I 75,I 75 and Sr 20,,Rear End,2,Clear,Dry,Daylight
2022-05-05T14:52:00.000,I 75,I 75 and Sr 20,,Rear End,2,Clear,Dry,Daylight
2021-08-10T14:55:00.000,I 75,I 75 and Sr 20,,Sideswipe-Same Direction,2,Clear,Dry,Daylight
2021-12-30T07:05:00.000,I 75,I 75 and Sr 20,,Rear End,2,Rain,Wet,Dark-Lighted
2022-03-23T14:44:00.000,I 75,I 75 and Sr 20,,Rear End,2,Clear,Dry,Daylight
2022-09-12T09:35:00.000,I 75,I 75 and Sr 20,,Sideswipe-Same Direction,2,Clear,Wet,Daylight
2022-05-18T17:28:00.000,I 75,I 75 and Sr 20,,Rear End,4,Clear,Dry,Daylight
2022-07-30T15:00:00.000,I 75,I 75 and Sr 20,,Rear End,2,Clear,Dry,Daylight
2022-03-22T11:42:00.000,I 75,I 75 and Sr 20,,Rear End,2,Clear,Dry,Daylight
2022-08-01T17:23:00.000,I 75,I 75 and Sr 20,,Rear End,2,Cloudy,Dry,Daylight
2022-10-06T20:52:00.000,I 75,I 75 and Sr 20,,Rear End,2,Clear,Dry,Dark-Not Lighted
2022-06-07T18:01:00.000,I 75,I 75 and Sr 20,,Rear End,2,Clear,Dry,Daylight
2022-09-10T11:40:00.000,I 75,I 75 and Sr 20,,Rear End,2,Cloudy,Wet,Daylight
2022-08-14T22:15:00.000,I 75,I 75 and Sr 20,,Rear End,2,Clear,Dry,Dark-Not Lighted
2022-10-22T15:12:00.000,I 75,I 75 and Sr 20,,Sideswipe-Same Direction,2,Clear,Dry,Daylight
2022-12-14T16:30:00.000,I 75,I 75 and Sr 20,,Sideswipe-Same Direction,2,Cloudy,Wet,Daylight
2022-07-17T20:57:00.000,I 75,I 75 and Sr 20,,Sideswipe-Same Direction,2,Clear,Dry,Dusk
2022-10-06T16:25:00.000,I 75,I 75 and Sr 20,,Sideswipe-Same Direction,2,Clear,Dry,Daylight
2022-08-04T06:45:00.000,I 75,I 75 and Sr 20,,Rear End,2,Clear,Dry,Daylight
2022-02-19T16:37:00.000,I 75,I 75 and Sr 20,,Rear End,3,Clear,Dry,Daylight
2022-06-23T17:21:00.000,I 75,I 75 and Sr 20,,Rear End,2,Clear,Dry,Daylight
2023-12-04T17:08:00.000,I 75,I 75 and Sr 20,,Rear End,2,Clear,Dry,Dusk
2023-12-17T15:02:00.000,I 75,I 75 and Sr 20,,Rear End,2,Rain,Wet,Daylight
2023-03-29T16:12:00.000,I 75,I 75 and Sr 20,,Rear End,2,Clear,Dry,Daylight
2024-09-04T12:47:00.000,I 75,I 75 and Sr 20,,Not a Collision with Motor Vehicle,1,Clear,Dry,Daylight
2024-07-28T14:09:00.000,I 75,I 75 and Sr 20,,Not a Collision with Motor Vehicle,1,Rain,Wet,Daylight
2024-05-21T11:56:00.000,I 75,I 75 and Sr 20,,Sideswipe-Same Direction,2,Clear,Dry,Daylight
2024-03-02T07:13:00.000,I 75,I 75 and Sr 20,,Not a Collision with Motor Vehicle,1,Cloudy,Wet,Daylight
2024-12-08T18:46:00.000,I 75,I 75 and Sr 20,,Sideswipe-Same Direction,2,Clear,Dry,Dark-Not Lighted
2024-07-03T09:10:00.000,I 75,I 75 and Sr 20,,Sideswipe-Same Direction,2,Cloudy,Dry,Daylight
2024-11-21T13:30:00.000,I 75,I 75 and Sr 20,,Rear End,2,Clear,Dry,Daylight
2024-08-13T13:02:00.000,I 75,I 75 and Sr 20,,Sideswipe-Same Direction,2,Clear,Dry,Daylight
2024-09-27T09:20:00.000,I 75,I 75 and Sr 20,,Not a Collision with Motor Vehicle,1,Rain,Wet,Daylight
2024-05-22T03:32:00.000,I 75,I 75 and Sr 20,,Not a Collision with Motor Vehicle,1,Clear,Dry,Dark-Not Lighted
2024-07-20T12:39:00.000,I 75,I 75 and Sr 20,,Rear End,2,Rain,Wet,Daylight
2024-02-15T19:26:00.000,I 75,I 75 and Sr 20,,Sideswipe-Same Direction,2,Clear,Dry,Dark-Not Lighted
2024-11-18T08:00:00.000,I 75,I 75 and Sr 20,,Rear End,3,Clear,Dry,Daylight
2023-02-17T06:35:00.000,I 75,I 75 and Sr 20,,Rear End,2,Rain,Wet,Dark-Not Lighted
2023-11-07T21:42:00.000,I 75,I 75 and Sr 20,,Sideswipe-Same Direction,2,Clear,Dry,Dark-Not Lighted
2024-02-09T13:43:00.000,I 75,I 75 and Sr 20,,Rear End,2,Cloudy,Dry,Daylight
2024-09-11T08:05:00.000,I 75,I 75 and Sr 20,,Rear End,2,Clear,Dry,Daylight
2024-05-10T10:49:00.000,I 75,I 75 and Sr 20,,Sideswipe-Same Direction,2,Clear,Dry,Daylight
2024-06-23T06:28:00.000,I 75,I 75 and Sr 20,,Rear End,2,Clear,Dry,Daylight
2023-06-21T07:10:00.000,I 75,I 75 and Sr 20,,Angle Crash,2,Cloudy,Wet,Daylight
2023-12-30T19:35:00.000,I 75,I 75 and Sr 20,,Not a Collision with Motor Vehicle,1,Clear,Dry,Dark-Not Lighted
2023-09-17T16:13:00.000,I 75,I 75 and Sr 20,,Rear End,2,Clear,Dry,Daylight
2023-06-25T17:58:00.000,I 75,I 75 and Sr 20,,Not a Collision with Motor Vehicle,1,Severe Thunderstorm or Tornadic,Wet,Daylight
2023-09-09T14:40:00.000,I 75,I 75 and Sr 20,,Rear End,2,Rain,Wet,Daylight
2023-11-12T23:03:00.000,I 75,I 75 and Sr 20,,Rear End,2,Clear,Dry,Dark-Not Lighted
2023-11-21T10:29:00.000,I 75,I 75 and Sr 20,,Rear End,2,Rain,Wet,Daylight
2023-08-27T07:30:00.000,I 75,I 75 and Sr 20,,Rear End,2,Clear,Dry,Daylight
2023-12-23T08:39:00.000,I 75,I 75 and Sr 20,,Not a Collision with Motor Vehicle,2,Clear,Dry,Daylight
2023-12-30T19:12:00.000,I 75,I 75 and Sr 20,,Rear End,2,Clear,Dry,Dark-Lighted
2023-01-14T16:55:00.000,I 75,I 75 and Sr 20,,Rear End,2,Clear,Dry,Daylight
2023-07-04T03:20:00.000,I 75,I 75 and Sr 20,,Sideswipe-Same Direction,2,Clear,Dry,Dark-Not Lighted
2023-12-21T17:06:00.000,I 75,I 75 and Sr 20,,Angle Crash,2,Clear,Dry,Daylight
2023-06-04T13:00:00.000,I 75,I 75 and Sr 20,,Rear End,2,Clear,Dry,Daylight
2023-11-22T13:43:00.000,I 75,I 75 and Sr 20,,Rear End,2,Cloudy,Dry,Daylight
2024-07-23T12:46:00.000,I 75,I 75 and Sr 20,,Sideswipe-Same Direction,2,Cloudy,Dry,Daylight
2024-05-19T19:55:00.000,I 75,I 75 and Sr 20,,Rear End,2,Clear,Dry,Daylight
2024-03-14T11:29:00.000,I 75,I 75 and Sr 20,,Not a Collision with Motor Vehicle,1,Clear,Dry,Daylight
2024-05-28T17:12:00.000,I 75,I 75 and Sr 20,,Sideswipe-Same Direction,2,Clear,Dry,Daylight
2024-04-24T14:24:00.000,I 75,I 75 and Sr 20,,Sideswipe-Same Direction,2,Cloudy,Dry,Daylight
2024-09-25T18:50:00.000,I 75,I 75 and Sr 20,,Rear End,2,Rain,Wet,Daylight
2024-11-27T19:06:00.000,I 75,I 75 and Sr 20,,Sideswipe-Same Direction,2,Clear,Dry,Dark-Not Lighted
2024-06-17T07:38:00.000,I 75,I 75 and Sr 20,,Sideswipe-Same Direction,1,Clear,Dry,Daylight
2024-05-19T19:00:00.000,I 75,I 75 and Sr 20,,Rear End,3,Clear,Dry,Daylight
2024-03-10T16:03:00.000,I 75,I 75 and Sr 20,,Sideswipe-Same Direction,2,Clear,Dry,Daylight
2024-05-23T04:53:00.000,I 75,I 75 and Sr 20,,Sideswipe-Same Direction,2,Clear,Dry,Dark-Not Lighted
2024-10-30T12:10:00.000,I 75,I 75 and Sr 20,,Rear End,4,Clear,Dry,Daylight
2024-08-13T09:21:00.000,I 75,I 75 and Sr 20,,Rear End,2,Clear,Dry,Daylight
2024-02-09T19:25:00.000,I 75,I 75 and Sr 20,,Sideswipe-Same Direction,2,Cloudy,Dry,Dark-Not Lighted
2024-02-07T06:30:00.000,I 75,I 75 and Sr 20,,Not a Collision with Motor Vehicle,2,Clear,Dry,Dark-Not Lighted
2024-12-18T19:55:00.000,I 75,I 75 and Sr 20,,Rear End,2,Clear,Dry,Dark-Not Lighted
2024-07-19T21:52:00.000,I 75,I 75 and Sr 20,,Sideswipe-Same Direction,2,Cloudy,Wet,Dark-Not Lighted
2024-02-14T06:31:00.000,I 75,I 75 and Sr 20,,Sideswipe-Same Direction,2,Clear,Dry,Dark-Not Lighted
2024-04-23T16:45:00.000,I 75,I 75 and Sr 20,,Rear End,2,Clear,Dry,Daylight
2024-06-23T13:16:00.000,I 75,I 75 and Sr 20,,Sideswipe-Same Direction,2,Clear,Dry,Daylight
2024-08-04T21:15:00.000,I 75,I 75 and Sr 20,,Rear End,2,Cloudy,Dry,Dark-Not Lighted
2024-08-25T16:52:00.000,I 75,I 75 and Sr 20,,Rear End,2,Clear,Dry,Daylight
2024-08-31T01:10:00.000,I 75,I 75 and Sr 20,,Not a Collision with Motor Vehicle,1,Clear,Dry,Dark-Not Lighted
2024-03-15T21:53:00.000,I 75,I 75 and Sr 20,,Not a Collision with Motor Vehicle,1,Clear,Dry,Dark-Not Lighted
2024-09-09T20:50:00.000,I 75,I 75 and Sr 20,,Rear End,2,Clear,Dry,Dark-Not Lighted
2024-11-05T13:38:00.000,I 75,I 75 and Sr 20,,Rear End,2,Cloudy,Dry,Daylight
2024-10-29T20:04:00.000,I 75,I 75 and Sr 20,,Sideswipe-Same Direction,2,Clear,Dry,Dark-Not Lighted
2024-10-14T14:00:00.000,I 75,I 75 and Sr 20,,Sideswipe-Same Direction,2,Clear,Dry,Daylight
2024-03-13T15:20:00.000,I 75,I 75 and Sr 20,,Sideswipe-Same Direction,2,Clear,Dry,Daylight
2024-04-23T15:50:00.000,I 75,I 75 and Sr 20,,Sideswipe-Same Direction,2,Clear,Dry,Daylight
2024-05-02T05:15:00.000,I 75,I 75 and Sr 20,,Sideswipe-Same Direction,2,Clear,Dry,Dark-Not Lighted
2024-11-18T15:45:00.000,I 75,I 75 and Sr 20,,Rear End,2,Clear,Dry,Daylight
2024-11-13T21:19:00.000,I 75,I 75 and Sr 20,,Sideswipe-Same Direction,2,Rain,Wet,Dark-Not Lighted
2024-09-25T17:00:00.000,I 75,I 75 and Sr 20,,Angle Crash,2,Rain,Wet,Daylight
2024-05-17T16:12:00.000,I 75,I 75 and Sr 20,,Rear End,2,Cloudy,Wet,Daylight
2024-07-11T16:39:00.000,I 75,I 75 and Sr 20,,Sideswipe-Same Direction,2,Clear,Dry,Daylight
2024-05-17T19:00:00.000,I 75,I 75 and Sr 20,,Sideswipe-Same Direction,2,Clear,Dry,Daylight
2024-03-15T10:46:00.000,I 75,I 75 and Sr 20,,Rear End,2,Rain,Wet,Daylight
2024-01-24T21:14:00.000,I 75,I 75 and Sr 20,,Rear End,2,Rain,Wet,Dark-Not Lighted
2024-08-27T22:32:00.000,I 75,I 75 and Sr 20,,Sideswipe-Same Direction,2,Clear,Dry,Dark-Not Lighted
2024-06-13T14:21:00.000,I 75,I 75 and Sr 20,,Sideswipe-Same Direction,2,Clear,Dry,Daylight
2024-03-29T17:56:00.000,I 75,I 75 and Sr 20,,Sideswipe-Same Direction,2,Clear,Dry,Daylight
2024-09-06T16:28:00.000,I 75,I 75 and Sr 20,,Rear End,2,Clear,Dry,Daylight
2024-10-16T08:41:00.000,I 75,I 75 and Sr 20,,Sideswipe-Same Direction,2,Clear,Dry,Daylight
2024-03-14T19:55:00.000,I 75,I 75 and Sr 20,,Rear End,2,Clear,Dry,Dark-Not Lighted
2024-08-15T14:31:00.000,I 75,I 75 and Sr 20,,Rear End,2,Clear,Dry,Daylight
2024-09-09T17:29:00.000,I 75,I 75 and Sr 20,,Rear End,2,Clear,Dry,Daylight
2024-03-14T14:55:00.000,I 75,I 75 and Sr 20,,Sideswipe-Same Direction,2,Clear,Dry,Daylight
2024-04-28T18:59:00.000,I 75,I 75 and Sr 20,,Rear End,2,Clear,Dry,Daylight
2024-06-13T10:06:00.000,I 75,I 75 and Sr 20,,Rear End,2,Clear,Dry,Daylight
2020-02-25T14:47:00.000,I 75,I 75 and Sr 19,,Rear End,2,Clear,Dry,Daylight
2020-06-21T00:00:00.000,I 75,I 75 and Sr 18,,Sideswipe-Same Direction,2,Rain,Wet,Daylight
2020-09-07T16:05:00.000,I 75,I 75 and Sr 18,,Rear End,2,Clear,Dry,Daylight
2021-12-10T06:25:00.000,I 75,I 75 and Sr 166,,Rear End,2,Rain,Wet,Dark-Lighted
2021-02-26T19:38:00.000,I 75,I 75 and Sr 166,,Rear End,2,Cloudy,Dry,Dark-Lighted
2021-05-25T08:51:00.000,I 75,I 75 and Sr 166,,Angle Crash,2,Cloudy,Dry,Daylight
2021-10-07T19:48:00.000,I 75,I 75 and Sr 166,,Sideswipe-Same Direction,2,Clear,Dry,Dark-Not Lighted
2021-11-23T19:23:00.000,I 75,I 75 and Sr 166,,Rear End,2,Clear,Dry,Dark-Lighted
2021-12-13T07:42:00.000,I 75,I 75 and Sr 166,,Angle Crash,5,Clear,Dry,Daylight
2021-12-22T18:30:00.000,I 75,I 75 and Sr 166,,Rear End,2,Clear,Dry,Dark-Lighted
2021-01-29T15:40:00.000,I 75,I 75 and Sr 166,,Rear End,2,Clear,Dry,Daylight
2023-12-25T09:00:00.000,I 75,I 75 and Sr 166,,Angle Crash,2,Rain,Wet,Daylight
2023-07-20T17:13:00.000,I 75,I 75 and Sr 166,,Rear End,2,Cloudy,Dry,Daylight
2023-10-27T17:40:00.000,I 75,I 75 and Sr 166,,Sideswipe-Same Direction,2,Clear,Dry,Daylight
2023-11-23T01:01:00.000,I 75,I 75 and Sr 166,,Angle Crash,2,Clear,Dry,Dark-Lighted
2023-01-17T09:21:00.000,I 75,I 75 and Sr 166,,Rear End,2,Rain,Wet,Daylight
2023-08-07T08:35:00.000,I 75,I 75 and Sr 166,,Rear End,2,Clear,Wet,Daylight
2023-05-16T08:17:00.000,I 75,I 75 and Sr 166,,Not a Collision with Motor Vehicle,1,Cloudy,Dry,Daylight
2023-05-12T17:42:00.000,I 75,I 75 and Sr 166,,Sideswipe-Same Direction,2,Cloudy,Dry,Daylight
2023-01-17T08:55:00.000,I 75,I 75 and Sr 166,,Rear End,2,Rain,Wet,Daylight
2023-11-17T06:03:00.000,I 75,I 75 and Sr 166,,Rear End,3,Cloudy,Dry,Dark-Not Lighted
2023-08-25T15:53:00.000,I 75,I 75 and Sr 166,,Rear End,2,Clear,Dry,Daylight
2023-07-10T14:42:00.000,I 75,I 75 and Sr 166,,Sideswipe-Same Direction,2,Clear,Dry,Daylight
2023-05-23T08:25:00.000,I 75,I 75 and Sr 166,,Rear End,2,Clear,Dry,Daylight
2023-10-03T18:05:00.000,I 75,I 75 and Sr 166,,Sideswipe-Same Direction,2,Clear,Dry,Daylight
2023-11-02T17:45:00.000,I 75,I 75 and Sr 166,,Rear End,2,Clear,Dry,Daylight
2023-04-27T14:40:00.000,I 75,I 75 and Sr 166,,Rear End,2,Rain,Wet,Daylight
2023-03-07T07:53:00.000,I 75,I 75 and Sr 166,,Rear End,2,Clear,Dry,Daylight
2023-11-29T14:49:00.000,I 75,I 75 and Sr 166,,Sideswipe-Same Direction,2,Clear,Dry,Daylight
2023-12-07T18:00:00.000,I 75,I 75 and Sr 166,,Rear End,4,Clear,Dry,Dark-Lighted
2023-07-13T12:30:00.000,I 75,I 75 and Sr 166,,Rear End,3,Clear,Dry,Daylight
2023-08-29T18:50:00.000,I 75,I 75 and Sr 166,,Not a Collision with Motor Vehicle,1,Cloudy,Dry,Daylight
2023-05-19T19:32:00.000,I 75,I 75 and Sr 166,,Angle Crash,2,Clear,Dry,Daylight
2023-10-23T17:16:00.000,I 75,I 75 and Sr 166,,Sideswipe-Same Direction,2,Clear,Dry,Daylight
2023-02-03T07:07:00.000,I 75,I 75 and Sr 166,,Sideswipe-Same Direction,2,Clear,Dry,Daylight
2023-06-23T13:26:00.000,I 75,I 75 and Sr 166,,Sideswipe-Same Direction,2,Clear,Dry,Daylight
2023-12-29T19:45:00.000,I 75,I 75 and Sr 166,,Not a Collision with Motor Vehicle,1,Cloudy,Dry,Dark-Lighted
2023-10-12T17:17:00.000,I 75,I 75 and Sr 166,,Rear End,2,Clear,Dry,Daylight
2023-07-01T16:15:00.000,I 75,I 75 and Sr 166,,Sideswipe-Same Direction,2,Cloudy,Dry,Daylight
2022-04-29T19:20:00.000,I 75,I 75 and Sr 166,,Rear End,3,Clear,Dry,Daylight
2022-09-30T18:10:00.000,I 75,I 75 and Sr 166,,Angle Crash,2,Clear,Dry,Daylight
2020-02-03T06:40:00.000,I 75,I 75 and Sr 166,,Sideswipe-Same Direction,2,Clear,Dry,Dark-Lighted
2020-06-25T06:08:00.000,I 75,I 75 and Sr 166,,Not a Collision with Motor Vehicle,1,Rain,Wet,Daylight
2020-08-24T19:33:00.000,I 75,I 75 and Sr 166,,Not a Collision with Motor Vehicle,1,Rain,Wet,Daylight
2020-04-24T06:48:00.000,I 75,I 75 and Sr 166,,Sideswipe-Same Direction,2,Clear,Dry,Daylight
2020-09-21T18:14:00.000,I 75,I 75 and Sr 166,,Sideswipe-Same Direction,2,Clear,Dry,Daylight
2020-07-21T19:51:00.000,I 75,I 75 and Sr 166,,Angle Crash,2,Clear,Dry,Daylight
2020-02-21T06:58:00.000,I 75,I 75 and Sr 166,,Rear End,2,Clear,Dry,Dark-Lighted
2020-11-11T06:06:00.000,I 75,I 75 and Sr 166,,Sideswipe-Same Direction,2,Cloudy,Wet,Dark-Lighted
2020-03-13T18:38:00.000,I 75,I 75 and Sr 166,,Sideswipe-Same Direction,3,Clear,Dry,Daylight
2021-01-27T14:13:00.000,I 75,I 75 and Sr 166,,Not a Collision with Motor Vehicle,1,Cloudy,Dry,Daylight
2021-02-05T15:45:00.000,I 75,I 75 and Sr 166,,Rear End,2,Clear,Dry,Daylight
2021-02-26T19:40:00.000,I 75,I 75 and Sr 166,,Rear End,2,Cloudy,Dry,Dark-Lighted
2021-11-15T14:13:00.000,I 75,I 75 and Sr 166,,Sideswipe-Same Direction,2,Clear,Dry,Daylight
2021-10-12T19:31:00.000,I 75,I 75 and Sr 166,,Sideswipe-Same Direction,2,Cloudy,Dry,Dark-Not Lighted
2022-11-15T07:00:00.000,I 75,I 75 and Sr 166,,Rear End,2,Rain,Wet,Dawn
2022-07-21T10:20:00.000,I 75,I 75 and Sr 166,,Not a Collision with Motor Vehicle,2,Rain,Wet,Daylight
2022-02-04T06:20:00.000,I 75,I 75 and Sr 166,,Sideswipe-Same Direction,3,Rain,Wet,Dark-Lighted
2022-12-16T15:17:00.000,I 75,I 75 and Sr 166,,Rear End,2,Clear,Dry,Daylight
2021-09-17T07:30:00.000,I 75,I 75 and Sr 166,,Sideswipe-Same Direction,4,Cloudy,Wet,Daylight
2021-12-14T19:00:00.000,I 75,I 75 and Sr 166,,Sideswipe-Same Direction,2,Clear,Dry,Dark-Lighted
2021-10-08T16:25:00.000,I 75,I 75 and Sr 166,,Rear End,2,Clear,Dry,Daylight
2021-11-09T16:19:00.000,I 75,I 75 and Sr 166,,Rear End,2,Clear,Dry,Daylight
2022-08-05T07:30:00.000,I 75,I 75 and Sr 166,,Sideswipe-Same Direction,2,Clear,Dry,Daylight
2022-02-24T14:06:00.000,I 75,I 75 and Sr 166,,Angle Crash,2,Clear,Dry,Daylight
2022-10-04T14:19:00.000,I 75,I 75 and Sr 166,,Not a Collision with Motor Vehicle,1,Clear,Dry,Daylight
2022-10-13T07:09:00.000,I 75,I 75 and Sr 166,,Rear End,3,Rain,Wet,Dawn
2022-09-20T11:39:00.000,I 75,I 75 and Sr 166,,Angle Crash,2,Clear,Dry,Daylight
2022-10-07T16:45:00.000,I 75,I 75 and Sr 166,,Sideswipe-Same Direction,2,Clear,Dry,Dark-Lighted
2022-10-31T07:31:00.000,I 75,I 75 and Sr 166,,Rear End,3,Clear,Wet,Daylight
2022-01-02T11:50:00.000,I 75,I 75 and Sr 166,,Sideswipe-Same Direction,2,Rain,Wet,Daylight
2022-05-10T08:59:00.000,I 75,I 75 and Sr 166,,Rear End,2,Clear,Dry,Daylight
2022-11-18T14:16:00.000,I 75,I 75 and Sr 166,,Rear End,2,Clear,Dry,Daylight
2022-08-18T11:20:00.000,I 75,I 75 and Sr 166,,Angle Crash,2,Clear,Dry,Daylight
2022-09-02T06:20:00.000,I 75,I 75 and Sr 166,,Rear End,2,Clear,Dry,Dark-Not Lighted
2022-12-18T23:40:00.000,I 75,I 75 and Sr 166,,Rear End,2,Clear,Dry,Dark-Lighted
2021-10-07T15:49:00.000,I 75,I 75 and Sr 166,,Rear End,3,Rain,Wet,Daylight
2022-02-04T06:20:00.000,I 75,I 75 and Sr 166,,Rear End,2,Rain,Wet,Dark-Lighted
2022-05-02T20:30:00.000,I 75,I 75 and Sr 166,,Angle Crash,2,Clear,Dry,Daylight
2022-11-15T09:35:00.000,I 75,I 75 and Sr 166,,Sideswipe-Same Direction,2,Rain,Wet,Daylight
2022-07-21T09:45:00.000,I 75,I 75 and Sr 166,,Not a Collision with Motor Vehicle,1,Rain,Wet,Daylight
2022-10-07T16:42:00.000,I 75,I 75 and Sr 166,,Rear End,3,Clear,Dry,Daylight
2022-10-24T09:36:00.000,I 75,I 75 and Sr 166,,Rear End,2,Clear,Dry,Daylight
2022-09-30T17:45:00.000,I 75,I 75 and Sr 166,,Not a Collision with Motor Vehicle,2,Clear,Dry,Daylight
2022-09-19T11:51:00.000,I 75,I 75 and Sr 166,,Rear End,3,Cloudy,Dry,Daylight
2022-12-12T07:33:00.000,I 75,I 75 and Sr 166,,Sideswipe-Same Direction,2,Cloudy,Wet,Daylight
2022-03-31T18:40:00.000,I 75,I 75 and Sr 166,,Rear End,2,Clear,Dry,Daylight
2022-01-02T11:56:00.000,I 75,I 75 and Sr 166,,Not a Collision with Motor Vehicle,1,Rain,Wet,Daylight
2022-07-19T07:29:00.000,I 75,I 75 and Sr 166,,Rear End,2,Cloudy,Wet,Daylight
2022-12-02T14:00:00.000,I 75,I 75 and Sr 166,,Sideswipe-Same Direction,2,Clear,Dry,Daylight
2022-09-19T11:51:00.000,I 75,I 75 and Sr 166,,Rear End,2,Cloudy,Dry,Daylight
2022-08-04T19:00:00.000,I 75,I 75 and Sr 166,,Sideswipe-Same Direction,3,Rain,Wet,Daylight
2022-06-02T13:34:00.000,I 75,I 75 and Sr 166,,Sideswipe-Same Direction,2,Clear,Dry,Daylight
2022-12-18T23:32:00.000,I 75,I 75 and Sr 166,,Angle Crash,2,Clear,Dry,Dark-Lighted
2022-08-11T06:54:00.000,I 75,I 75 and Sr 166,,Rear End,2,Clear,Dry,Daylight
2022-11-15T09:16:00.000,I 75,I 75 and Sr 166,,Not a Collision with Motor Vehicle,1,Rain,Wet,Daylight
2022-03-24T14:19:00.000,I 75,I 75 and Sr 166,,Rear End,2,Clear,Dry,Daylight
2022-12-09T12:53:00.000,I 75,I 75 and Sr 166,,Not a Collision with Motor Vehicle,1,Rain,Wet,Daylight
2022-12-29T16:00:00.000,I 75,I 75 and Sr 166,,Angle Crash,2,Clear,Dry,Daylight
2022-02-04T06:20:00.000,I 75,I 75 and Sr 166,,Sideswipe-Same Direction,2,Rain,Wet,Dark-Lighted
2022-03-10T06:15:00.000,I 75,I 75 and Sr 166,,Angle Crash,2,Clear,Dry,Daylight