Date and Time,Roadway (From Crash Report),Intersection Name (from Crash Report),KABCO Severity,Manner of Collision (Crash Level) ,# of Vehicles per crash ,Weather Conditions (Crash Level),Surface Condition (Crash Level) ,Light Conditions (Crash Level)
2022-02-11T12:17:00.000,I 75,I 75 and Sr 166,,Angle Crash,6,Clear,Dry,Daylight
2022-09-12T06:45:00.000,I 75,I 75 and Sr 166,,Rear End,2,Cloudy,Dry,Daylight
2022-10-07T16:42:00.000,I 75,I 75 and Sr 166,,Rear End,4,Clear,Dry,Daylight
2022-07-26T08:00:00.000,I 75,I 75 and Sr 166,,Sideswipe-Same Direction,2,Clear,Dry,Daylight
2022-05-12T10:01:00.000,I 75,I 75 and Sr 166,,Sideswipe-Same Direction,7,Clear,Dry,Daylight
2022-11-18T18:31:00.000,I 75,I 75 and Sr 166,,Rear End,2,Clear,Dry,Dark-Lighted
2022-08-25T07:34:00.000,I 75,I 75 and Sr 166,,Rear End,2,Cloudy,Wet,Daylight
2022-12-06T06:50:00.000,I 75,I 75 and Sr 166,,Not a Collision with Motor Vehicle,1,Rain,Wet,Dawn
2023-07-11T17:55:00.000,I 75,I 75 and Sr 166,,Sideswipe-Same Direction,2,Clear,Dry,Daylight
2024-01-26T06:25:00.000,I 75,I 75 and Sr 166,,Rear End,2,Fog,Wet,Dark-Lighted
2024-01-08T07:38:00.000,I 75,I 75 and Sr 166,,Rear End,2,Clear,Dry,Daylight
2024-09-12T16:30:00.000,I 75,I 75 and Sr 166,,Rear End,3,Cloudy,Dry,Daylight
2023-07-10T09:53:00.000,I 75,I 75 and Sr 166,,Not a Collision with Motor Vehicle,1,Cloudy,Wet,Daylight
2023-12-22T18:20:00.000,I 75,I 75 and Sr 166,,Rear End,2,Clear,Dry,Dark-Lighted
2023-06-13T09:05:00.000,I 75,I 75 and Sr 166,,Rear End,2,Clear,Dry,Daylight
2023-03-10T06:50:00.000,I 75,I 75 and Sr 166,,Rear End,2,Rain,Wet,Dawn
2023-11-03T15:55:00.000,I 75,I 75 and Sr 166,,Sideswipe-Same Direction,2,Clear,Dry,Daylight
2024-03-04T06:30:00.000,I 75,I 75 and Sr 166,,Sideswipe-Same Direction,2,Cloudy,Dry,Dawn
2024-06-13T16:30:00.000,I 75,I 75 and Sr 166,,Rear End,2,Clear,Dry,Daylight
2024-01-11T10:46:00.000,I 75,I 75 and Sr 166,,Rear End,2,Clear,Dry,Daylight
2024-07-29T06:15:00.000,I 75,I 75 and Sr 166,,Not a Collision with Motor Vehicle,1,Cloudy,Wet,Dawn
2024-11-19T19:17:00.000,I 75,I 75 and Sr 166,,Not a Collision with Motor Vehicle,2,Rain,Wet,Dark-Lighted
2024-03-05T06:30:00.000,I 75,I 75 and Sr 166,,Sideswipe-Same Direction,2,Cloudy,Dry,Dawn
2024-01-01T19:05:00.000,I 75,I 75 and Sr 166,,Sideswipe-Same Direction,2,Clear,Dry,Dark-Lighted
2024-12-05T01:44:00.000,I 75,I 75 and Sr 166,,Rear End,2,Cloudy,Dry,Dark-Not Lighted
2024-03-18T11:15:00.000,I 75,I 75 and Sr 166,,Sideswipe-Same Direction,2,Cloudy,Dry,Daylight
2024-04-01T09:30:00.000,I 75,I 75 and Sr 166,,Not a Collision with Motor Vehicle,1,Cloudy,Dry,Daylight
2024-05-17T08:35:00.000,I 75,I 75 and Sr 166,,Sideswipe-Same Direction,2,Cloudy,Dry,Daylight
2024-02-02T16:10:00.000,I 75,I 75 and Sr 166,,Rear End,2,Clear,Dry,Daylight
2024-07-30T09:11:00.000,I 75,I 75 and Sr 166,,Rear End,2,Cloudy,Dry,Daylight
2024-10-04T09:45:00.000,I 75,I 75 and Sr 166,,Sideswipe-Same Direction,2,Cloudy,Dry,Daylight
2024-05-24T18:30:00.000,I 75,I 75 and Sr 166,,Sideswipe-Same Direction,2,Clear,Dry,Daylight
2021-08-15T13:27:00.000,I 75,I 75 and Sr 16,,Rear End,2,Cloudy,Dry,Daylight
2021-12-16T11:25:00.000,I 75,I 75 and Sr 16,,Rear End,2,Cloudy,Wet,Daylight
2021-09-17T18:21:00.000,I 75,I 75 and Sr 16,,Rear End,2,Clear,Dry,Daylight
2021-12-07T10:46:00.000,I 75,I 75 and Sr 16,,Sideswipe-Same Direction,2,Clear,Dry,Daylight
2021-09-27T10:11:00.000,I 75,I 75 and Sr 16,,Rear End,2,Clear,Dry,Daylight
2021-09-13T11:12:00.000,I 75,I 75 and Sr 16,,Rear End,2,Clear,Dry,Daylight
2021-10-26T10:45:00.000,I 75,I 75 and Sr 16,,Sideswipe-Same Direction,2,Clear,Dry,Daylight
2023-03-16T18:25:00.000,I 75,I 75 and Sr 16,,Rear End,2,Cloudy,Dry,Daylight
2023-07-17T10:00:00.000,I 75,I 75 and Sr 16,,Rear End,2,Cloudy,Dry,Daylight
2023-08-15T16:25:00.000,I 75,I 75 and Sr 16,,Rear End,2,Severe Thunderstorm or Tornadic,Wet,Daylight
2023-08-22T11:10:00.000,I 75,I 75 and Sr 16,,Rear End,2,Clear,Dry,Daylight
2022-08-11T18:15:00.000,I 75,I 75 and Sr 16,,Rear End,2,Clear,Dry,Daylight
2022-01-08T21:26:00.000,I 75,I 75 and Sr 16,,Sideswipe-Same Direction,2,Clear,Dry,Dark-Not Lighted
2020-06-05T10:08:00.000,I 75,I 75 and Sr 16,,Angle Crash,2,Clear,Dry,Daylight
2020-11-28T18:25:00.000,I 75,I 75 and Sr 16,,Rear End,2,Cloudy,Dry,Dark-Lighted
2021-10-15T12:55:00.000,I 75,I 75 and Sr 16,,Rear End,2,Clear,Dry,Daylight
2022-12-22T17:04:00.000,I 75,I 75 and Sr 16,,Sideswipe-Same Direction,2,Clear,Dry,Daylight
2022-09-27T18:50:00.000,I 75,I 75 and Sr 16,,Rear End,2,Clear,Dry,Daylight
2022-07-26T14:13:00.000,I 75,I 75 and Sr 16,,Not a Collision with Motor Vehicle,2,Clear,Dry,Daylight
2022-08-24T18:45:00.000,I 75,I 75 and Sr 16,,Rear End,2,Rain,Wet,Daylight
2022-03-04T15:05:00.000,I 75,I 75 and Sr 16,,Rear End,2,Clear,Dry,Daylight
2024-10-15T07:52:00.000,I 75,I 75 and Sr 16,,Sideswipe-Same Direction,2,Clear,Dry,Daylight
2024-05-11T14:45:00.000,I 75,I 75 and Sr 16,,Rear End,2,Clear,Dry,Daylight
2023-03-17T09:55:00.000,I 75,I 75 and Sr 16,,Rear End,2,Cloudy,Wet,Daylight
2023-06-08T07:00:00.000,I 75,I 75 and Sr 16,,Rear End,2,Clear,Dry,Daylight
2024-06-12T14:16:00.000,I 75,I 75 and Sr 16,,Not a Collision with Motor Vehicle,2,Clear,Dry,Daylight
2024-05-29T15:06:00.000,I 75,I 75 and Sr 16,,Sideswipe-Same Direction,2,Clear,Dry,Daylight
2024-10-26T09:25:00.000,I 75,I 75 and Sr 16,,Head On,3,Clear,Dry,Daylight
2024-09-24T17:26:00.000,I 75,I 75 and Sr 16,,Not a Collision with Motor Vehicle,1,Clear,Dry,Daylight
2024-08-02T16:18:00.000,I 75,I 75 and Sr 16,,Rear End,2,Clear,Dry,Daylight
2024-01-24T16:48:00.000,I 75,I 75 and Sr 16,,(None),2,(None),(None),(None)
2024-03-05T06:39:00.000,I 75,I 75 and Sr 16,,Angle Crash,2,Cloudy,Dry,Daylight
2024-05-15T08:40:00.000,I 75,I 75 and Sr 16,,Rear End,2,Clear,Dry,Daylight
2024-03-22T23:49:00.000,I 75,I 75 and Sr 16,,Sideswipe-Same Direction,2,Cloudy,Wet,Dark-Not Lighted
2024-03-08T22:47:00.000,I 75,I 75 and Sr 16,,Not a Collision with Motor Vehicle,1,Rain,Dry,Dark-Not Lighted
2021-04-24T17:19:00.000,I 75,I 75 and Sr 159,,Angle Crash,2,Rain,Wet,Daylight
2021-03-28T08:29:00.000,I 75,I 75 and Sr 159,,Not a Collision with Motor Vehicle,1,Cloudy,Dry,Daylight
2021-02-22T11:44:00.000,I 75,I 75 and Sr 159,,Angle Crash,2,Cloudy,Wet,Daylight
2021-07-18T02:13:00.000,I 75,I 75 and Sr 159,,Sideswipe-Same Direction,2,Clear,Dry,Dark-Not Lighted
2021-07-14T20:35:00.000,I 75,I 75 and Sr 159,,Sideswipe-Same Direction,2,Clear,Dry,Daylight
2021-06-14T16:16:00.000,I 75,I 75 and Sr 159,,Sideswipe-Same Direction,2,Clear,Dry,Daylight
2023-06-25T09:03:00.000,I 75,I 75 and Sr 159,,Not a Collision with Motor Vehicle,2,Clear,Dry,Daylight
2023-10-16T07:55:00.000,I 75,I 75 and Sr 159,,Angle Crash,2,Clear,Dry,Daylight
2023-01-24T05:52:00.000,I 75,I 75 and Sr 159,,Sideswipe-Same Direction,2,Clear,Dry,Dark-Not Lighted
2023-12-16T19:10:00.000,I 75,I 75 and Sr 159,,Not a Collision with Motor Vehicle,1,Rain,Wet,Dark-Not Lighted
2023-08-11T09:30:00.000,I 75,I 75 and Sr 159,,Not a Collision with Motor Vehicle,1,Clear,Dry,Daylight
2023-02-16T21:35:00.000,I 75,I 75 and Sr 159,,Not a Collision with Motor Vehicle,2,Cloudy,Dry,Dark-Not Lighted
2022-08-23T08:48:00.000,I 75,I 75 and Sr 159,,Angle Crash,2,Clear,Dry,Daylight
2022-05-04T11:30:00.000,I 75,I 75 and Sr 159,,Angle Crash,2,Clear,Dry,Daylight
2021-04-23T18:48:00.000,I 75,I 75 and Sr 159,,Sideswipe-Same Direction,2,Clear,Dry,Daylight
2024-03-15T19:05:00.000,I 75,I 75 and Sr 159,,Not a Collision with Motor Vehicle,1,Rain,Wet,Daylight
2024-04-05T05:18:00.000,I 75,I 75 and Sr 159,,Sideswipe-Same Direction,2,Clear,Dry,Dark-Not Lighted
2020-01-23T12:14:00.000,I 75,I 75 and Sr 159,,Not a Collision with Motor Vehicle,1,Cloudy,Dry,Daylight
2020-03-01T13:53:00.000,I 75,I 75 and Sr 159,,Sideswipe-Same Direction,2,Clear,Dry,Daylight
2020-10-20T22:17:00.000,I 75,I 75 and Sr 159,,Not a Collision with Motor Vehicle,1,Clear,Dry,Dark-Not Lighted
2020-07-16T16:05:00.000,I 75,I 75 and Sr 159,,Sideswipe-Same Direction,2,Clear,Dry,Daylight
2020-01-14T06:19:00.000,I 75,I 75 and Sr 159,,Sideswipe-Same Direction,2,Fog,Wet,Dark-Not Lighted
2020-08-23T15:49:00.000,I 75,I 75 and Sr 159,,Not a Collision with Motor Vehicle,1,Rain,Wet,Daylight
2021-01-03T08:05:00.000,I 75,I 75 and Sr 159,,Not a Collision with Motor Vehicle,1,Cloudy,Dry,Daylight
2021-07-08T14:30:00.000,I 75,I 75 and Sr 159,,Sideswipe-Same Direction,2,Clear,Dry,Daylight
2021-12-14T08:50:00.000,I 75,I 75 and Sr 159,,Not a Collision with Motor Vehicle,1,Clear,Dry,Daylight
2021-07-18T02:13:00.000,I 75,I 75 and Sr 159,,Not a Collision with Motor Vehicle,1,Clear,Dry,Dark-Not Lighted
2021-10-19T06:37:00.000,I 75,I 75 and Sr 159,,Not a Collision with Motor Vehicle,1,Clear,Dry,Dark-Not Lighted
2022-11-13T12:52:00.000,I 75,I 75 and Sr 159,,Rear End,2,Clear,Dry,Daylight
2022-11-29T09:37:00.000,I 75,I 75 and Sr 159,,Angle Crash,1,Clear,Dry,Daylight
2021-10-01T16:30:00.000,I 75,I 75 and Sr 159,,Not a Collision with Motor Vehicle,1,Clear,Dry,Daylight
2022-10-13T01:23:00.000,I 75,I 75 and Sr 159,,Angle Crash,2,Cloudy,Wet,Dark-Not Lighted
2022-03-03T23:53:00.000,I 75,I 75 and Sr 159,,Rear End,2,Clear,Dry,Dark-Lighted
2022-07-25T14:10:00.000,I 75,I 75 and Sr 159,,Sideswipe-Same Direction,2,Clear,Dry,Daylight
2022-12-23T20:36:00.000,I 75,I 75 and Sr 159,,Not a Collision with Motor Vehicle,1,Clear,Dry,Dark-Not Lighted
2022-06-22T06:45:00.000,I 75,I 75 and Sr 159,,Rear End,2,Clear,Dry,Daylight
2022-11-23T08:00:00.000,I 75,I 75 and Sr 159,,Sideswipe-Same Direction,2,Cloudy,Dry,Daylight
2022-05-15T16:13:00.000,I 75,I 75 and Sr 159,,Not a Collision with Motor Vehicle,1,Clear,Dry,Daylight
2021-07-18T02:13:00.000,I 75,I 75 and Sr 159,,Not a Collision with Motor Vehicle,1,Clear,Dry,Dark-Not Lighted
2022-03-26T10:30:00.000,I 75,I 75 and Sr 159,,Sideswipe-Same Direction,2,Clear,Dry,Daylight
2022-09-04T14:35:00.000,I 75,I 75 and Sr 159,,Not a Collision with Motor Vehicle,2,Clear,Dry,Dark-Not Lighted
2022-01-02T13:18:00.000,I 75,I 75 and Sr 159,,Rear End,2,Clear,Dry,Daylight
2024-09-23T03:46:00.000,I 75,I 75 and Sr 159,,Sideswipe-Same Direction,2,Clear,Dry,Dark-Not Lighted
2024-03-29T04:44:00.000,I 75,I 75 and Sr 159,,Rear End,2,Clear,Dry,Dark-Not Lighted
2024-10-27T14:00:00.000,I 75,I 75 and Sr 159,,Rear End,2,Clear,Dry,Daylight
2023-02-05T12:30:00.000,I 75,I 75 and Sr 159,,Sideswipe-Same Direction,2,Clear,Dry,Daylight
2023-11-18T14:30:00.000,I 75,I 75 and Sr 159,,Sideswipe-Same Direction,2,Clear,Dry,Daylight
2023-09-08T15:16:00.000,I 75,I 75 and Sr 159,,Rear End,2,Clear,Dry,Daylight
2023-04-05T13:28:00.000,I 75,I 75 and Sr 159,,Not a Collision with Motor Vehicle,1,Clear,Dry,Daylight
2023-10-01T05:10:00.000,I 75,I 75 and Sr 159,,Rear End,2,Clear,Dry,Dark-Not Lighted
2023-10-30T12:46:00.000,I 75,I 75 and Sr 159,,Sideswipe-Same Direction,2,Clear,Dry,Daylight
2024-10-13T22:30:00.000,I 75,I 75 and Sr 159,,Rear End,2,Clear,Dry,Dark-Not Lighted
2024-12-05T09:15:00.000,I 75,I 75 and Sr 159,,Rear End,2,Cloudy,Dry,Daylight
2024-10-07T21:30:00.000,I 75,I 75 and Sr 159,,Sideswipe-Same Direction,2,Clear,Dry,Dark-Not Lighted
2024-04-25T00:20:00.000,I 75,I 75 and Sr 159,,Not a Collision with Motor Vehicle,1,Clear,Dry,Dark-Not Lighted
2024-03-06T22:10:00.000,I 75,I 75 and Sr 159,,Angle Crash,2,Clear,Dry,Dark-Not Lighted
2024-11-14T22:03:00.000,I 75,I 75 and Sr 159,,Not a Collision with Motor Vehicle,1,Cloudy,Dry,Dark-Not Lighted
2024-03-29T17:25:00.000,I 75,I 75 and Sr 159,,Rear End,2,Clear,Dry,Daylight
2024-04-22T08:35:00.000,I 75,I 75 and Sr 159,,Rear End,2,Clear,Dry,Daylight
2024-11-24T10:16:00.000,I 75,I 75 and Sr 159,,Sideswipe-Same Direction,2,Clear,Dry,Daylight
2024-02-02T10:25:00.000,I 75,I 75 and Sr 159,,Not a Collision with Motor Vehicle,2,Clear,Dry,Daylight
2024-10-13T23:58:00.000,I 75,I 75 and Sr 159,,Sideswipe-Same Direction,2,Clear,Dry,Dark-Not Lighted
2024-04-01T18:10:00.000,I 75,I 75 and Sr 159,,Sideswipe-Same Direction,2,Cloudy,Dry,Daylight
2021-01-29T11:20:00.000,I 75,I 75 and Sr 156,,Sideswipe-Same Direction,3,Clear,Dry,Daylight
2021-05-28T10:26:00.000,I 75,I 75 and Sr 156,,Sideswipe-Same Direction,2,Cloudy,Dry,Daylight
2021-02-28T21:03:00.000,I 75,I 75 and Sr 156,,Not a Collision with Motor Vehicle,2,Cloudy,Dry,Dark-Not Lighted
2021-03-27T06:05:00.000,I 75,I 75 and Sr 156,,Sideswipe-Same Direction,2,Cloudy,Dry,Dark-Not Lighted
2021-06-13T12:43:00.000,I 75,I 75 and Sr 156,,Not a Collision with Motor Vehicle,1,Clear,Dry,Daylight
2021-02-25T17:50:00.000,I 75,I 75 and Sr 156,,Rear End,2,Clear,Dry,Daylight
2021-10-13T17:30:00.000,I 75,I 75 and Sr 156,,Rear End,2,Clear,Dry,Daylight
2021-11-24T18:00:00.000,I 75,I 75 and Sr 156,,Rear End,3,Clear,Dry,Dark-Not Lighted
2021-12-31T12:44:00.000,I 75,I 75 and Sr 156,,Rear End,2,Cloudy,Wet,Daylight
2021-04-26T08:14:00.000,I 75,I 75 and Sr 156,,Rear End,2,Clear,Dry,Daylight
2021-02-23T17:12:00.000,I 75,I 75 and Sr 156,,Rear End,2,Clear,Dry,Daylight
2021-01-05T10:51:00.000,I 75,I 75 and Sr 156,,Rear End,2,Clear,Dry,Daylight
2020-10-28T07:04:00.000,I 75,I 75 and Sr 156,,Not a Collision with Motor Vehicle,1,Rain,Wet,Dark-Not Lighted
2020-05-22T21:45:00.000,I 75,I 75 and Sr 156,,Sideswipe-Same Direction,2,Cloudy,Dry,Daylight
2020-12-08T15:22:00.000,I 75,I 75 and Sr 156,,Rear End,2,Clear,Dry,Daylight
2023-08-26T23:00:00.000,I 75,I 75 and Sr 156,,Not a Collision with Motor Vehicle,1,Clear,Dry,Dark-Lighted
2023-06-01T22:10:00.000,I 75,I 75 and Sr 156,,Head On,1,Cloudy,Wet,Dark-Lighted
2023-02-22T13:30:00.000,I 75,I 75 and Sr 156,,Not a Collision with Motor Vehicle,1,Clear,Dry,Daylight
2023-09-14T14:52:00.000,I 75,I 75 and Sr 156,,Rear End,2,Cloudy,Dry,Daylight
2023-09-01T18:40:00.000,I 75,I 75 and Sr 156,,Rear End,2,Cloudy,Dry,Daylight
2023-08-04T21:15:00.000,I 75,I 75 and Sr 156,,Not a Collision with Motor Vehicle,2,Clear,Dry,Dusk
2023-04-24T20:30:00.000,I 75,I 75 and Sr 156,,Sideswipe-Same Direction,2,Clear,Dry,Dark-Lighted
2023-08-21T15:25:00.000,I 75,I 75 and Sr 156,,Rear End,2,Clear,Dry,Daylight
2023-08-25T15:37:00.000,I 75,I 75 and Sr 156,,Rear End,2,Clear,Dry,Daylight
2023-03-20T22:33:00.000,I 75,I 75 and Sr 156,,Rear End,2,Cloudy,Dry,Dark-Not Lighted
2023-06-26T17:00:00.000,I 75,I 75 and Sr 156,,Sideswipe-Same Direction,2,Clear,Dry,Daylight
2023-09-06T16:15:00.000,I 75,I 75 and Sr 156,,Not a Collision with Motor Vehicle,2,Cloudy,Dry,Daylight
2022-09-23T07:56:00.000,I 75,I 75 and Sr 156,,Rear End,2,Cloudy,Dry,Daylight
2020-03-25T07:48:00.000,I 75,I 75 and Sr 156,,Rear End,2,Clear,Wet,Daylight
2020-03-13T16:03:00.000,I 75,I 75 and Sr 156,,Rear End,2,Cloudy,Dry,Daylight
2020-12-10T18:03:00.000,I 75,I 75 and Sr 156,,Rear End,2,Clear,Dry,Dark-Lighted
2020-12-24T11:17:00.000,I 75,I 75 and Sr 156,,Sideswipe-Same Direction,2,Cloudy,Wet,Daylight
2020-06-04T11:39:00.000,I 75,I 75 and Sr 156,,Rear End,2,Cloudy,Dry,Daylight
2020-12-13T16:54:00.000,I 75,I 75 and Sr 156,,Rear End,2,Cloudy,Dry,Daylight
2020-11-24T15:40:00.000,I 75,I 75 and Sr 156,,Rear End,2,Clear,Dry,Daylight
2020-07-09T09:40:00.000,I 75,I 75 and Sr 156,,Not a Collision with Motor Vehicle,1,Clear,Dry,Daylight
2020-06-08T21:49:00.000,I 75,I 75 and Sr 156,,Rear End,2,Cloudy,Dry,Dark-Lighted
2020-10-14T14:00:00.000,I 75,I 75 and Sr 156,,Rear End,2,Clear,Dry,Daylight
2020-08-08T22:50:00.000,I 75,I 75 and Sr 156,,Not a Collision with Motor Vehicle,1,Clear,Dry,Dark-Not Lighted
2020-08-27T17:29:00.000,I 75,I 75 and Sr 156,,Rear End,2,Cloudy,Dry,Daylight
2020-11-01T14:24:00.000,I 75,I 75 and Sr 156,,Not a Collision with Motor Vehicle,1,Clear,Dry,Daylight
2020-03-09T17:15:00.000,I 75,I 75 and Sr 156,,Rear End,2,Cloudy,Dry,Daylight
2020-01-31T10:45:00.000,I 75,I 75 and Sr 156,,Sideswipe-Same Direction,2,Cloudy,Dry,Daylight
2020-06-19T19:30:00.000,I 75,I 75 and Sr 156,,Not a Collision with Motor Vehicle,1,Clear,Dry,Daylight
2020-11-07T18:19:00.000,I 75,I 75 and Sr 156,,Rear End,2,Cloudy,Dry,Dark-Not Lighted
2020-03-11T17:30:00.000,I 75,I 75 and Sr 156,,Rear End,2,Cloudy,Dry,Daylight
2020-03-20T20:25:00.000,I 75,I 75 and Sr 156,,Rear End,2,Rain,Wet,Dark-Not Lighted
2020-06-25T10:20:00.000,I 75,I 75 and Sr 156,,Rear End,2,Cloudy,Dry,Daylight
2020-07-02T07:14:00.000,I 75,I 75 and Sr 156,,Rear End,2,Clear,Dry,Daylight
2020-07-20T20:34:00.000,I 75,I 75 and Sr 156,,Rear End,2,Clear,Dry,Dusk
2020-05-19T07:10:00.000,I 75,I 75 and Sr 156,,Rear End,2,Cloudy,Dry,Daylight
2020-06-30T13:35:00.000,I 75,I 75 and Sr 156,,Rear End,2,Cloudy,Dry,Daylight
2021-01-29T18:34:00.000,I 75,I 75 and Sr 156,,Not a Collision with Motor Vehicle,1,Clear,Dry,Dark-Not Lighted
2021-02-19T16:49:00.000,I 75,I 75 and Sr 156,,Rear End,2,Clear,Dry,Daylight
2021-05-19T13:50:00.000,I 75,I 75 and Sr 156,,Rear End,2,Cloudy,Dry,Daylight
2021-03-19T05:00:00.000,I 75,I 75 and Sr 156,,Rear End,2,Cloudy,Dry,Dark-Not Lighted
2021-09-05T15:05:00.000,I 75,I 75 and Sr 156,,Not a Collision with Motor Vehicle,1,Clear,Wet,Daylight
2021-11-04T07:50:00.000,I 75,I 75 and Sr 156,,Rear End,2,Rain,Wet,Dawn
2021-11-09T08:14:00.000,I 75,I 75 and Sr 156,,Rear End,2,Clear,Dry,Daylight
2022-10-25T09:15:00.000,I 75,I 75 and Sr 156,,Rear End,2,Clear,Dry,Daylight
2022-12-10T04:31:00.000,I 75,I 75 and Sr 156,,Sideswipe-Same Direction,2,Cloudy,Wet,Dark-Not Lighted
2022-05-04T18:41:00.000,I 75,I 75 and Sr 156,,Not a Collision with Motor Vehicle,3,Clear,Dry,Daylight
2022-03-08T09:00:00.000,I 75,I 75 and Sr 156,,Not a Collision with Motor Vehicle,2,Cloudy,Dry,Daylight
2022-01-20T11:50:00.000,I 75,I 75 and Sr 156,,Rear End,2,Cloudy,Wet,Daylight
2022-03-08T08:10:00.000,I 75,I 75 and Sr 156,,Rear End,2,Cloudy,Dry,Daylight
2022-09-14T17:47:00.000,I 75,I 75 and Sr 156,,Rear End,2,Clear,Dry,Daylight
2022-09-18T13:40:00.000,I 75,I 75 and Sr 156,,Rear End,2,Clear,Dry,Daylight
2022-07-12T16:05:00.000,I 75,I 75 and Sr 156,,Rear End,2,Clear,Dry,Daylight
2022-11-27T09:40:00.000,I 75,I 75 and Sr 156,,Rear End,2,Clear,Wet,Daylight
2022-02-08T15:59:00.000,I 75,I 75 and Sr 156,,Rear End,2,Clear,Dry,Daylight
2022-11-02T20:49:00.000,I 75,I 75 and Sr 156,,Rear End,2,Cloudy,Dry,Dark-Not Lighted
2022-06-12T01:48:00.000,I 75,I 75 and Sr 156,,Sideswipe-Same Direction,2,Clear,Dry,Dark-Not Lighted
2022-05-11T17:20:00.000,I 75,I 75 and Sr 156,,Rear End,2,Clear,Dry,Daylight
2022-02-08T18:35:00.000,I 75,I 75 and Sr 156,,Rear End,2,Clear,Dry,Daylight
2022-02-24T06:20:00.000,I 75,I 75 and Sr 156,,Sideswipe-Same Direction,2,Clear,Dry,Dark-Not Lighted
2022-03-10T08:06:00.000,I 75,I 75 and Sr 156,,Rear End,2,Cloudy,Dry,Daylight
2022-08-16T17:23:00.000,I 75,I 75 and Sr 156,,Rear End,2,Cloudy,Dry,Daylight
2022-12-15T19:15:00.000,I 75,I 75 and Sr 156,,Rear End,4,Clear,Dry,Dark-Not Lighted
2022-11-25T03:18:00.000,I 75,I 75 and Sr 156,,Sideswipe-Same Direction,2,Rain,Wet,Dark-Not Lighted
2022-03-31T15:51:00.000,I 75,I 75 and Sr 156,,Rear End,2,Clear,Dry,Daylight
2022-04-10T14:27:00.000,I 75,I 75 and Sr 156,,Rear End,2,Clear,Dry,Daylight
2022-03-09T17:42:00.000,I 75,I 75 and Sr 156,,Rear End,2,Cloudy,Dry,Daylight
2022-02-09T22:00:00.000,I 75,I 75 and Sr 156,,Not a Collision with Motor Vehicle,1,Clear,Dry,Daylight
2022-07-25T08:27:00.000,I 75,I 75 and Sr 156,,Not a Collision with Motor Vehicle,1,Clear,Dry,Daylight
2022-07-28T09:20:00.000,I 75,I 75 and Sr 156,,Not a Collision with Motor Vehicle,1,Clear,Dry,Daylight
2022-03-03T08:41:00.000,I 75,I 75 and Sr 156,,Not a Collision with Motor Vehicle,1,Clear,Dry,Daylight
2022-06-20T16:15:00.000,I 75,I 75 and Sr 156,,Rear End,2,Clear,Dry,Daylight
2023-08-24T07:57:00.000,I 75,I 75 and Sr 156,,Rear End,2,Clear,Dry,Daylight
2023-07-19T11:53:00.000,I 75,I 75 and Sr 156,,Angle Crash,2,Clear,Dry,Daylight
2024-01-09T07:00:00.000,I 75,I 75 and Sr 156,,Not a Collision with Motor Vehicle,1,Rain,Wet,Dark-Not Lighted
2024-08-20T17:12:00.000,I 75,I 75 and Sr 156,,Rear End,2,Clear,Dry,Daylight
2024-03-21T10:50:00.000,I 75,I 75 and Sr 156,,Not a Collision with Motor Vehicle,2,Clear,Dry,Daylight
2024-03-06T09:45:00.000,I 75,I 75 and Sr 156,,Not a Collision with Motor Vehicle,1,Rain,Wet,Daylight
2024-10-14T12:50:00.000,I 75,I 75 and Sr 156,,Sideswipe-Same Direction,2,Clear,Dry,Daylight
2024-11-10T19:57:00.000,I 75,I 75 and Sr 156,,Not a Collision with Motor Vehicle,1,Cloudy,Dry,Dark-Not Lighted
2024-04-21T21:30:00.000,I 75,I 75 and Sr 156,,Angle Crash,2,Clear,Dry,Dark-Not Lighted
2024-08-06T15:24:00.000,I 75,I 75 and Sr 156,,Rear End,2,Clear,Dry,Daylight
2024-04-02T14:23:00.000,I 75,I 75 and Sr 156,,Rear End,2,Cloudy,Dry,Daylight
2024-04-12T08:40:00.000,I 75,I 75 and Sr 156,,Rear End,2,Clear,Dry,Daylight
2024-12-03T11:42:00.000,I 75,I 75 and Sr 156,,Sideswipe-Same Direction,2,Clear,Dry,Daylight
2024-12-31T12:18:00.000,I 75,I 75 and Sr 156,,Rear End,2,Clear,Dry,Daylight
2023-12-04T12:35:00.000,I 75,I 75 and Sr 156,,Not a Collision with Motor Vehicle,2,Clear,Dry,Daylight
2023-03-09T20:41:00.000,I 75,I 75 and Sr 156,,Rear End,2,Cloudy,Dry,Dark-Lighted
2023-07-08T10:50:00.000,I 75,I 75 and Sr 156,,Sideswipe-Same Direction,2,Clear,Dry,Daylight
2023-03-29T12:40:00.000,I 75,I 75 and Sr 156,,Angle Crash,2,Clear,Dry,Daylight
2023-05-30T18:30:00.000,I 75,I 75 and Sr 156,,Angle Crash,2,Clear,Dry,Daylight
2023-09-23T13:00:00.000,I 75,I 75 and Sr 156,,Angle Crash,2,Clear,Dry,Daylight
2023-05-10T01:09:00.000,I 75,I 75 and Sr 156,,Rear End,2,Cloudy,Dry,Dark-Not Lighted
2023-02-10T11:40:00.000,I 75,I 75 and Sr 156,,Sideswipe-Same Direction,2,Clear,Dry,Daylight
2023-02-22T12:30:00.000,I 75,I 75 and Sr 156,,Not a Collision with Motor Vehicle,1,Clear,Dry,Daylight
2023-08-11T09:00:00.000,I 75,I 75 and Sr 156,,Sideswipe-Same Direction,2,Clear,Dry,Daylight
2023-07-21T15:21:00.000,I 75,I 75 and Sr 156,,Rear End,2,Clear,Dry,Daylight
2023-10-20T09:00:00.000,I 75,I 75 and Sr 156,,Sideswipe-Same Direction,1,Clear,Dry,Daylight
2023-10-01T15:00:00.000,I 75,I 75 and Sr 156,,Rear End,2,Clear,Dry,Daylight
2023-05-18T11:30:00.000,I 75,I 75 and Sr 156,,Not a Collision with Motor Vehicle,1,Clear,Dry,Daylight