Date and Time,Roadway (From Crash Report),Intersection Name (from Crash Report),KABCO Severity,Manner of Collision (Crash Level) ,# of Vehicles per crash ,Weather Conditions (Crash Level),Surface Condition (Crash Level) ,Light Conditions (Crash Level)
2023-08-16T07:30:00.000,I 75,I 75 and Sr 156,,Rear End,2,Clear,Dry,Daylight
2023-08-04T21:15:00.000,I 75,I 75 and Sr 156,,Not a Collision with Motor Vehicle,1,Clear,Dry,Dusk
2023-12-15T08:20:00.000,I 75,I 75 and Sr 156,,Rear End,2,Clear,Dry,Daylight
2023-04-05T08:00:00.000,I 75,I 75 and Sr 156,,Sideswipe-Same Direction,2,Clear,Dry,Daylight
2024-12-20T16:44:00.000,I 75,I 75 and Sr 156,,Rear End,2,Clear,Dry,Daylight
2024-01-25T21:45:00.000,I 75,I 75 and Sr 156,,Sideswipe-Same Direction,2,Cloudy,Wet,Dark-Not Lighted
2024-02-03T11:40:00.000,I 75,I 75 and Sr 156,,Sideswipe-Same Direction,2,Clear,Dry,Daylight
2024-10-14T16:35:00.000,I 75,I 75 and Sr 156,,Rear End,2,Clear,Dry,Daylight
2024-02-19T16:50:00.000,I 75,I 75 and Sr 156,,Sideswipe-Same Direction,2,Clear,Dry,Daylight
2024-09-09T16:30:00.000,I 75,I 75 and Sr 156,,Rear End,2,Clear,Dry,Daylight
2024-03-23T18:16:00.000,I 75,I 75 and Sr 156,,Angle Crash,2,Clear,Dry,Daylight
2024-05-21T19:00:00.000,I 75,I 75 and Sr 156,,Not a Collision with Motor Vehicle,1,Clear,Dry,Daylight
2024-02-27T08:38:00.000,I 75,I 75 and Sr 156,,Sideswipe-Same Direction,2,Cloudy,Dry,Daylight
2024-06-07T15:40:00.000,I 75,I 75 and Sr 156,,Rear End,2,Clear,Dry,Daylight
2024-03-22T13:15:00.000,I 75,I 75 and Sr 156,,Rear End,2,Clear,Dry,Daylight
2024-05-01T08:15:00.000,I 75,I 75 and Sr 156,,Rear End,2,Clear,Dry,Daylight
2024-03-01T05:06:00.000,I 75,I 75 and Sr 156,,Not a Collision with Motor Vehicle,1,Cloudy,Wet,Dark-Lighted
2024-06-07T14:30:00.000,I 75,I 75 and Sr 156,,Sideswipe-Same Direction,2,Clear,Dry,Daylight
2024-01-21T07:15:00.000,I 75,I 75 and Sr 156,,Sideswipe-Same Direction,2,Clear,Dry,Dawn
2024-08-27T08:20:00.000,I 75,I 75 and Sr 156,,Rear End,2,Clear,Dry,Daylight
2024-05-15T13:18:00.000,I 75,I 75 and Sr 156,,Rear End,2,Clear,Dry,Daylight
2024-03-25T21:20:00.000,I 75,I 75 and Sr 156,,Sideswipe-Same Direction,2,Clear,Dry,Dark-Not Lighted
2024-05-21T07:00:00.000,I 75,I 75 and Sr 156,,Rear End,2,Clear,Dry,Daylight
2024-08-23T16:25:00.000,I 75,I 75 and Sr 156,,Not a Collision with Motor Vehicle,3,Clear,Dry,Daylight
2024-06-01T08:35:00.000,I 75,I 75 and Sr 156,,Sideswipe-Same Direction,2,Clear,Dry,Daylight
2024-02-26T14:00:00.000,I 75,I 75 and Sr 156,,Angle Crash,2,Clear,Dry,Daylight
2024-12-29T07:38:00.000,I 75,I 75 and Sr 156,,Not a Collision with Motor Vehicle,1,Cloudy,Wet,Dark-Lighted
2024-04-25T14:12:00.000,I 75,I 75 and Sr 156,,Rear End,2,Clear,Dry,Daylight
2024-09-25T19:51:00.000,I 75,I 75 and Sr 156,,Sideswipe-Same Direction,2,Cloudy,Wet,Dark-Not Lighted
2024-03-06T07:00:00.000,I 75,I 75 and Sr 156,,Not a Collision with Motor Vehicle,1,Cloudy,Wet,Daylight
2024-01-25T16:35:00.000,I 75,I 75 and Sr 156,,Rear End,2,Rain,Wet,Daylight
2024-05-31T15:10:00.000,I 75,I 75 and Sr 156,,Sideswipe-Same Direction,2,Clear,Dry,Daylight
2024-12-05T15:45:00.000,I 75,I 75 and Sr 156,,Sideswipe-Same Direction,3,Clear,Dry,Daylight
2024-01-26T23:30:00.000,I 75,I 75 and Sr 156,,Not a Collision with Motor Vehicle,1,Clear,Dry,Dark-Not Lighted
2024-02-14T08:00:00.000,I 75,I 75 and Sr 156,,Rear End,2,Clear,Dry,Daylight
2024-08-31T12:56:00.000,I 75,I 75 and Sr 156,,Sideswipe-Same Direction,2,Clear,Dry,Daylight
2024-01-31T08:20:00.000,I 75,I 75 and Sr 156,,Rear End,2,Clear,Dry,Daylight
2024-06-06T17:21:00.000,I 75,I 75 and Sr 156,,Rear End,2,Clear,Dry,Daylight
2021-05-28T14:30:00.000,I 75,I 75 and Sr 155,,Not a Collision with Motor Vehicle,1,Cloudy,Dry,Daylight
2021-12-25T02:42:00.000,I 75,I 75 and Sr 155,,Not a Collision with Motor Vehicle,1,Clear,Dry,Dark-Not Lighted
2021-12-10T14:40:00.000,I 75,I 75 and Sr 155,,Sideswipe-Same Direction,4,Fog,Wet,Daylight
2021-11-02T15:35:00.000,I 75,I 75 and Sr 155,,Not a Collision with Motor Vehicle,1,Clear,Dry,Daylight
2021-11-25T20:25:00.000,I 75,I 75 and Sr 155,,Rear End,2,Clear,Dry,Dark-Not Lighted
2021-12-10T10:40:00.000,I 75,I 75 and Sr 155,,Angle Crash,2,Rain,Wet,Daylight
2023-09-08T15:15:00.000,I 75,I 75 and Sr 155,,Rear End,2,Clear,Dry,Daylight
2020-07-17T08:53:00.000,I 75,I 75 and Sr 155,,Rear End,2,Clear,Dry,Daylight
2020-06-07T12:30:00.000,I 75,I 75 and Sr 155,,Rear End,2,Cloudy,Dry,Daylight
2020-03-19T15:38:00.000,I 75,I 75 and Sr 155,,Rear End,2,Cloudy,Dry,Daylight
2020-06-25T18:37:00.000,I 75,I 75 and Sr 155,,Sideswipe-Same Direction,2,Cloudy,Wet,Daylight
2020-04-23T07:03:00.000,I 75,I 75 and Sr 155,,Rear End,2,Cloudy,Wet,Daylight
2020-01-20T15:17:00.000,I 75,I 75 and Sr 155,,Sideswipe-Same Direction,2,Clear,Dry,Daylight
2020-09-09T12:58:00.000,I 75,I 75 and Sr 155,,Sideswipe-Same Direction,2,Cloudy,Dry,Daylight
2020-09-09T06:51:00.000,I 75,I 75 and Sr 155,,Rear End,2,Clear,Dry,Daylight
2020-09-04T13:25:00.000,I 75,I 75 and Sr 155,,Angle Crash,2,Clear,Dry,Daylight
2020-01-21T16:45:00.000,I 75,I 75 and Sr 155,,Rear End,2,Clear,Dry,Daylight
2020-05-22T13:31:00.000,I 75,I 75 and Sr 155,,Rear End,2,Cloudy,Dry,Daylight
2020-06-10T14:11:00.000,I 75,I 75 and Sr 155,,Rear End,4,Rain,Wet,Daylight
2020-07-10T11:31:00.000,I 75,I 75 and Sr 155,,Not a Collision with Motor Vehicle,2,Clear,Dry,Daylight
2020-06-20T17:26:00.000,I 75,I 75 and Sr 155,,Rear End,2,Clear,Dry,Daylight
2020-06-19T18:42:00.000,I 75,I 75 and Sr 155,,Rear End,2,Clear,Dry,Daylight
2020-04-08T16:31:00.000,I 75,I 75 and Sr 155,,Sideswipe-Same Direction,2,Cloudy,Dry,Daylight
2020-09-16T08:30:00.000,I 75,I 75 and Sr 155,,Angle Crash,2,Cloudy,Dry,Daylight
2020-08-04T15:33:00.000,I 75,I 75 and Sr 155,,Sideswipe-Same Direction,2,Clear,Dry,Daylight
2020-03-05T11:00:00.000,I 75,I 75 and Sr 155,,Not a Collision with Motor Vehicle,1,Rain,Wet,Daylight
2020-07-22T13:23:00.000,I 75,I 75 and Sr 155,,Rear End,2,Clear,Dry,Daylight
2020-03-27T13:41:00.000,I 75,I 75 and Sr 155,,Angle Crash,2,Clear,Dry,Daylight
2020-01-21T19:02:00.000,I 75,I 75 and Sr 155,,Sideswipe-Same Direction,2,Clear,Dry,Dark-Not Lighted
2020-03-18T12:01:00.000,I 75,I 75 and Sr 155,,Not a Collision with Motor Vehicle,1,Cloudy,Dry,Daylight
2020-05-08T09:43:00.000,I 75,I 75 and Sr 155,,Not a Collision with Motor Vehicle,1,Cloudy,Dry,Daylight
2020-06-03T08:00:00.000,I 75,I 75 and Sr 155,,Rear End,2,Clear,Dry,Daylight
2020-05-11T22:20:00.000,I 75,I 75 and Sr 155,,Not a Collision with Motor Vehicle,1,Clear,Dry,Dark-Not Lighted
2020-06-23T23:50:00.000,I 75,I 75 and Sr 155,,Not a Collision with Motor Vehicle,1,Clear,Dry,Dark-Lighted
2020-08-24T16:43:00.000,I 75,I 75 and Sr 155,,Rear End,2,Rain,Wet,Daylight
2020-07-31T19:41:00.000,I 75,I 75 and Sr 155,,Rear End,2,Clear,Dry,Daylight
2020-01-29T13:30:00.000,I 75,I 75 and Sr 155,,Rear End,2,Cloudy,Dry,Daylight
2020-03-21T10:32:00.000,I 75,I 75 and Sr 155,,Not a Collision with Motor Vehicle,1,Cloudy,Dry,Daylight
2020-02-07T20:19:00.000,I 75,I 75 and Sr 155,,Not a Collision with Motor Vehicle,1,Clear,Dry,Dark-Not Lighted
2020-08-28T13:11:00.000,I 75,I 75 and Sr 155,,Not a Collision with Motor Vehicle,1,Cloudy,Dry,Daylight
2021-11-26T15:59:00.000,I 75,I 75 and Sr 155,,Sideswipe-Same Direction,2,Clear,Dry,Daylight
2021-12-06T06:06:00.000,I 75,I 75 and Sr 155,,Rear End,2,Clear,Dry,Dark-Lighted
2021-11-19T05:31:00.000,I 75,I 75 and Sr 155,,Sideswipe-Same Direction,2,Clear,Dry,Dark-Not Lighted
2021-11-16T20:00:00.000,I 75,I 75 and Sr 155,,Sideswipe-Same Direction,3,Clear,Dry,Dark-Not Lighted
2022-04-03T17:40:00.000,I 75,I 75 and Sr 155,,Rear End,2,Clear,Dry,Daylight
2022-01-14T16:26:00.000,I 75,I 75 and Sr 155,,Rear End,2,Clear,Dry,Daylight
2021-08-04T09:04:00.000,I 75,I 75 and Sr 155,,Rear End,2,Clear,Dry,Daylight
2021-10-28T17:40:00.000,I 75,I 75 and Sr 155,,Rear End,2,Fog,Wet,Daylight
2022-05-04T06:24:00.000,I 75,I 75 and Sr 155,,Sideswipe-Same Direction,2,Cloudy,Wet,Daylight
2022-07-14T18:42:00.000,I 75,I 75 and Sr 155,,Rear End,2,Cloudy,Dry,Daylight
2022-05-19T15:28:00.000,I 75,I 75 and Sr 155,,Rear End,2,Clear,Dry,Daylight
2022-02-04T15:47:00.000,I 75,I 75 and Sr 155,,Rear End,2,Cloudy,Dry,Daylight
2022-01-09T18:22:00.000,I 75,I 75 and Sr 155,,Rear End,2,Clear,Dry,Dark-Not Lighted
2022-05-06T16:41:00.000,I 75,I 75 and Sr 155,,Sideswipe-Same Direction,2,Cloudy,Dry,Daylight
2024-10-15T04:41:00.000,I 75,I 75 and Sr 155,,Rear End,2,Clear,Dry,Dark-Not Lighted
2021-03-25T06:35:00.000,I 75,I 75 and Sr 151,,Not a Collision with Motor Vehicle,1,Rain,Wet,Dark-Not Lighted
2020-06-05T18:30:00.000,I 75,I 75 and Sr 151,,Rear End,2,Clear,Dry,Daylight
2020-11-26T15:07:00.000,I 75,I 75 and Sr 151,,Rear End,2,Clear,Dry,Daylight
2020-02-08T08:50:00.000,I 75,I 75 and Sr 151,,Rear End,2,Snow,Snow,Daylight
2023-10-18T07:20:00.000,I 75,I 75 and Sr 151,,Rear End,2,Clear,Dry,Dark-Lighted
2020-07-11T14:02:00.000,I 75,I 75 and Sr 151,,Sideswipe-Same Direction,2,Cloudy,Dry,Daylight
2020-07-17T15:45:00.000,I 75,I 75 and Sr 151,,Angle Crash,2,Clear,Dry,Daylight
2020-07-25T09:56:00.000,I 75,I 75 and Sr 151,,Rear End,2,Clear,Dry,Daylight
2020-02-08T09:20:00.000,I 75,I 75 and Sr 151,,Rear End,2,Snow,Ice/Frost,Daylight
2020-06-29T09:59:00.000,I 75,I 75 and Sr 151,,Rear End,2,Clear,Dry,Daylight
2020-10-15T05:31:00.000,I 75,I 75 and Sr 151,,Not a Collision with Motor Vehicle,1,Clear,Dry,Dark-Not Lighted
2020-04-28T17:22:00.000,I 75,I 75 and Sr 151,,Rear End,2,Clear,Dry,Daylight
2020-07-12T04:53:00.000,I 75,I 75 and Sr 151,,Not a Collision with Motor Vehicle,1,Clear,Dry,Dusk
2020-07-04T11:13:00.000,I 75,I 75 and Sr 151,,Rear End,2,Clear,Dry,Daylight
2020-10-15T11:55:00.000,I 75,I 75 and Sr 151,,Rear End,2,Clear,Dry,Daylight
2020-02-08T09:00:00.000,I 75,I 75 and Sr 151,,Rear End,2,Snow,Snow,Daylight
2020-10-23T00:19:00.000,I 75,I 75 and Sr 151,,Not a Collision with Motor Vehicle,1,Clear,Dry,Dark-Not Lighted
2020-02-08T08:20:00.000,I 75,I 75 and Sr 151,,Sideswipe-Same Direction,2,Snow,Snow,Daylight
2020-11-20T00:31:00.000,I 75,I 75 and Sr 151,,Sideswipe-Same Direction,2,Clear,Dry,Dark-Not Lighted
2020-08-08T17:18:00.000,I 75,I 75 and Sr 151,,Not a Collision with Motor Vehicle,2,Clear,Dry,Daylight
2020-06-06T03:25:00.000,I 75,I 75 and Sr 151,,Rear End,2,Clear,Dry,Dark-Not Lighted
2020-10-14T21:57:00.000,I 75,I 75 and Sr 151,,Not a Collision with Motor Vehicle,2,Clear,Dry,Dark-Not Lighted
2020-08-22T13:50:00.000,I 75,I 75 and Sr 151,,Rear End,2,Clear,Dry,Daylight
2020-12-16T18:20:00.000,I 75,I 75 and Sr 151,,Angle Crash,2,Cloudy,Wet,Dark-Not Lighted
2020-03-07T10:11:00.000,I 75,I 75 and Sr 151,,Not a Collision with Motor Vehicle,2,Clear,Dry,Daylight
2020-12-05T03:50:00.000,I 75,I 75 and Sr 151,,Rear End,2,Clear,Dry,Dark-Not Lighted
2020-02-01T10:20:00.000,I 75,I 75 and Sr 151,,Not a Collision with Motor Vehicle,1,Cloudy,Wet,Daylight
2020-02-08T09:00:00.000,I 75,I 75 and Sr 151,,Rear End,2,Snow,Snow,Daylight
2020-11-29T20:24:00.000,I 75,I 75 and Sr 151,,Not a Collision with Motor Vehicle,2,Rain,Wet,Dark-Not Lighted
2020-06-29T09:59:00.000,I 75,I 75 and Sr 151,,Rear End,3,Clear,Dry,Daylight
2022-10-17T12:36:00.000,I 75,I 75 and Sr 151,,Rear End,2,Clear,Dry,Daylight
2024-03-07T19:40:00.000,I 75,I 75 and Sr 151,,Rear End,3,Clear,Dry,Dark-Not Lighted
2024-05-02T16:09:00.000,I 75,I 75 and Sr 151,,(None),2,(None),(None),(None)
2024-01-14T16:43:00.000,I 75,I 75 and Sr 151,,Rear End,2,Cloudy,Dry,Daylight
2024-12-12T09:48:00.000,I 75,I 75 and Sr 151,,Sideswipe-Same Direction,2,Clear,Dry,Daylight
2021-03-07T19:24:00.000,I 75,I 75 and Sr 146,,Rear End,2,Clear,Dry,Dark-Not Lighted
2021-02-14T06:30:00.000,I 75,I 75 and Sr 146,,Not a Collision with Motor Vehicle,1,Rain,Wet,Dark-Not Lighted
2021-03-18T11:17:00.000,I 75,I 75 and Sr 146,,Rear End,2,Clear,Dry,Daylight
2021-02-23T07:42:00.000,I 75,I 75 and Sr 146,,Sideswipe-Same Direction,2,Clear,Dry,Daylight
2021-06-16T21:52:00.000,I 75,I 75 and Sr 146,,Rear End,2,Clear,Dry,Daylight
2021-02-12T16:20:00.000,I 75,I 75 and Sr 146,,Rear End,3,Rain,Wet,Daylight
2021-04-20T10:46:00.000,I 75,I 75 and Sr 146,,Rear End,2,Clear,Dry,Daylight
2021-04-11T17:37:00.000,I 75,I 75 and Sr 146,,Rear End,2,Cloudy,Dry,Daylight
2021-06-16T21:52:00.000,I 75,I 75 and Sr 146,,Not a Collision with Motor Vehicle,2,Cloudy,Dry,Dark-Not Lighted
2021-04-17T17:04:00.000,I 75,I 75 and Sr 146,,Rear End,2,Clear,Dry,Daylight
2020-10-25T18:13:00.000,I 75,I 75 and Sr 146,,Sideswipe-Same Direction,2,Clear,Dry,Daylight
2020-06-10T15:13:00.000,I 75,I 75 and Sr 146,,Rear End,2,Clear,Dry,Daylight
2020-01-30T13:41:00.000,I 75,I 75 and Sr 146,,Sideswipe-Same Direction,3,Clear,Dry,Daylight
2020-10-28T16:52:00.000,I 75,I 75 and Sr 146,,Rear End,2,Rain,Wet,Daylight
2020-10-28T16:15:00.000,I 75,I 75 and Sr 146,,Rear End,2,Rain,Wet,Daylight
2023-07-03T07:47:00.000,I 75,I 75 and Sr 146,,Sideswipe-Same Direction,2,Cloudy,Wet,Daylight
2023-04-01T06:10:00.000,I 75,I 75 and Sr 146,,Not a Collision with Motor Vehicle,1,Rain,Wet,Dawn
2023-12-02T14:05:00.000,I 75,I 75 and Sr 146,,Not a Collision with Motor Vehicle,1,Rain,Wet,Daylight
2023-09-28T13:52:00.000,I 75,I 75 and Sr 146,,(None),2,(None),(None),(None)
2023-03-01T11:31:00.000,I 75,I 75 and Sr 146,,Sideswipe-Same Direction,2,Cloudy,Dry,Daylight
2023-11-10T19:10:00.000,I 75,I 75 and Sr 146,,Sideswipe-Same Direction,2,Clear,Dry,Dark-Not Lighted
2020-09-10T10:03:00.000,I 75,I 75 and Sr 146,,Rear End,2,Clear,Dry,Daylight
2020-02-13T07:23:00.000,I 75,I 75 and Sr 146,,Rear End,2,Rain,Wet,Daylight
2020-11-05T09:00:00.000,I 75,I 75 and Sr 146,,Rear End,2,Clear,Dry,Daylight
2020-12-20T13:14:00.000,I 75,I 75 and Sr 146,,Rear End,2,Cloudy,Dry,Daylight
2020-10-09T09:38:00.000,I 75,I 75 and Sr 146,,Rear End,2,Rain,Wet,Daylight
2020-08-25T01:50:00.000,I 75,I 75 and Sr 146,,Sideswipe-Same Direction,2,Clear,Dry,Dark-Not Lighted
2020-08-22T20:04:00.000,I 75,I 75 and Sr 146,,Not a Collision with Motor Vehicle,1,Cloudy,Dry,Dark-Not Lighted
2020-08-01T14:00:00.000,I 75,I 75 and Sr 146,,Rear End,3,Cloudy,Dry,Daylight
2020-05-29T13:08:00.000,I 75,I 75 and Sr 146,,Sideswipe-Same Direction,2,Clear,Dry,Daylight
2020-05-21T16:20:00.000,I 75,I 75 and Sr 146,,Sideswipe-Same Direction,2,Clear,Dry,Daylight
2020-04-27T15:29:00.000,I 75,I 75 and Sr 146,,Rear End,2,Clear,Dry,Daylight
2020-08-20T22:10:00.000,I 75,I 75 and Sr 146,,Rear End,2,Cloudy,Dry,Dark-Not Lighted
2020-08-30T18:02:00.000,I 75,I 75 and Sr 146,,Not a Collision with Motor Vehicle,1,Rain,Wet,Daylight
2020-11-14T14:50:00.000,I 75,I 75 and Sr 146,,Rear End,2,Clear,Dry,Daylight
2020-08-11T12:58:00.000,I 75,I 75 and Sr 146,,Rear End,2,Clear,Dry,Daylight
2020-09-11T11:45:00.000,I 75,I 75 and Sr 146,,Rear End,3,Cloudy,Dry,Daylight
2020-03-13T17:37:00.000,I 75,I 75 and Sr 146,,Rear End,2,Cloudy,Dry,Daylight
2020-10-11T13:55:00.000,I 75,I 75 and Sr 146,,Rear End,3,Rain,Wet,Daylight
2020-11-19T18:25:00.000,I 75,I 75 and Sr 146,,Head On,2,Clear,Dry,Daylight
2020-03-17T09:46:00.000,I 75,I 75 and Sr 146,,Not a Collision with Motor Vehicle,1,Rain,Water (standing or moving),Daylight
2020-11-09T21:03:00.000,I 75,I 75 and Sr 146,,Not a Collision with Motor Vehicle,1,Clear,Dry,Dark-Not Lighted
2020-02-10T13:36:00.000,I 75,I 75 and Sr 146,,Not a Collision with Motor Vehicle,1,Rain,Wet,Daylight
2020-01-04T16:05:00.000,I 75,I 75 and Sr 146,,Rear End,2,Cloudy,Dry,Daylight
2020-02-09T15:07:00.000,I 75,I 75 and Sr 146,,Rear End,2,Clear,Dry,Daylight
2020-05-06T21:24:00.000,I 75,I 75 and Sr 146,,Sideswipe-Same Direction,2,Clear,Dry,Dark-Not Lighted
2020-05-18T22:47:00.000,I 75,I 75 and Sr 146,,Not a Collision with Motor Vehicle,1,Rain,Wet,Dark-Not Lighted
2020-01-30T13:21:00.000,I 75,I 75 and Sr 146,,Not a Collision with Motor Vehicle,1,Clear,Dry,Daylight
2020-08-14T17:38:00.000,I 75,I 75 and Sr 146,,Not a Collision with Motor Vehicle,1,Rain,Wet,Daylight
2020-01-20T15:45:00.000,I 75,I 75 and Sr 146,,Rear End,2,Cloudy,Dry,Daylight
2020-04-06T10:10:00.000,I 75,I 75 and Sr 146,,Angle Crash,2,Cloudy,Dry,Daylight
2020-10-04T14:58:00.000,I 75,I 75 and Sr 146,,Sideswipe-Same Direction,2,Clear,Dry,Daylight
2020-09-25T09:04:00.000,I 75,I 75 and Sr 146,,Rear End,2,Rain,Wet,Daylight
2020-01-23T13:31:00.000,I 75,I 75 and Sr 146,,Rear End,2,Rain,Wet,Daylight
2020-09-28T20:53:00.000,I 75,I 75 and Sr 146,,Not a Collision with Motor Vehicle,1,Rain,Wet,Dark-Not Lighted
2020-10-11T13:55:00.000,I 75,I 75 and Sr 146,,Rear End,2,Rain,Wet,Daylight
2020-05-19T00:22:00.000,I 75,I 75 and Sr 146,,Rear End,2,Rain,Wet,Dark-Not Lighted
2020-11-15T16:06:00.000,I 75,I 75 and Sr 146,,Angle Crash,2,Clear,Dry,Daylight
2020-09-01T18:49:00.000,I 75,I 75 and Sr 146,,Not a Collision with Motor Vehicle,1,Rain,Wet,Daylight
2020-01-12T13:11:00.000,I 75,I 75 and Sr 146,,Sideswipe-Same Direction,2,Cloudy,Dry,Daylight
2020-02-03T05:43:00.000,I 75,I 75 and Sr 146,,Sideswipe-Same Direction,2,Cloudy,Dry,Dark-Not Lighted
2020-02-20T08:13:00.000,I 75,I 75 and Sr 146,,Rear End,2,Rain,Wet,Daylight
2020-05-22T15:00:00.000,I 75,I 75 and Sr 146,,Rear End,2,Cloudy,Dry,Daylight
2020-08-06T14:17:00.000,I 75,I 75 and Sr 146,,Sideswipe-Same Direction,2,Clear,Dry,Daylight
2020-01-28T07:15:00.000,I 75,I 75 and Sr 146,,Rear End,2,Clear,Dry,Dawn
2020-08-31T19:30:00.000,I 75,I 75 and Sr 146,,Not a Collision with Motor Vehicle,1,Rain,Wet,Daylight
2020-07-13T07:14:00.000,I 75,I 75 and Sr 146,,Not a Collision with Motor Vehicle,1,Clear,Dry,Daylight
2020-05-20T19:20:00.000,I 75,I 75 and Sr 146,,Not a Collision with Motor Vehicle,1,Rain,Wet,Daylight
2020-04-29T18:35:00.000,I 75,I 75 and Sr 146,,Not a Collision with Motor Vehicle,1,Rain,Wet,Daylight
2020-11-19T18:21:00.000,I 75,I 75 and Sr 146,,Rear End,2,Clear,Dry,Dark-Not Lighted
2020-02-29T09:26:00.000,I 75,I 75 and Sr 146,,Angle Crash,2,Cloudy,Dry,Daylight
2020-09-07T13:13:00.000,I 75,I 75 and Sr 146,,Not a Collision with Motor Vehicle,1,Clear,Dry,Daylight
2020-01-14T07:37:00.000,I 75,I 75 and Sr 146,,Not a Collision with Motor Vehicle,1,Rain,Water (standing or moving),Daylight
2020-03-26T16:55:00.000,I 75,I 75 and Sr 146,,Rear End,3,Cloudy,Dry,Daylight
2020-02-06T19:50:00.000,I 75,I 75 and Sr 146,,Sideswipe-Same Direction,2,Cloudy,Wet,Dark-Not Lighted
2020-05-05T16:18:00.000,I 75,I 75 and Sr 146,,Not a Collision with Motor Vehicle,1,Rain,Wet,Daylight
2020-11-13T14:10:00.000,I 75,I 75 and Sr 146,,Not a Collision with Motor Vehicle,2,Clear,Dry,Daylight
2020-11-15T18:23:00.000,I 75,I 75 and Sr 146,,Sideswipe-Same Direction,2,Clear,Dry,Dark-Not Lighted
2020-07-30T10:15:00.000,I 75,I 75 and Sr 146,,Not a Collision with Motor Vehicle,1,Rain,Wet,Daylight
2020-03-01T16:00:00.000,I 75,I 75 and Sr 146,,Rear End,2,Clear,Dry,Daylight
2021-02-12T17:20:00.000,I 75,I 75 and Sr 146,,Rear End,2,Cloudy,Wet,Daylight
2021-01-25T07:56:00.000,I 75,I 75 and Sr 146,,Rear End,2,Rain,Wet,Daylight
2021-02-12T19:40:00.000,I 75,I 75 and Sr 146,,Angle Crash,1,Rain,Wet,Dark-Not Lighted
2021-02-14T06:35:00.000,I 75,I 75 and Sr 146,,Angle Crash,2,Rain,Wet,Dark-Not Lighted
2021-03-07T19:24:00.000,I 75,I 75 and Sr 146,,Rear End,2,Clear,Dry,Dark-Lighted
2021-04-03T12:23:00.000,I 75,I 75 and Sr 146,,Rear End,2,Clear,Dry,Daylight
2021-03-25T10:06:00.000,I 75,I 75 and Sr 146,,Not a Collision with Motor Vehicle,1,Rain,Water (standing or moving),Daylight
2021-08-09T13:43:00.000,I 75,I 75 and Sr 146,,Not a Collision with Motor Vehicle,1,Rain,Wet,Daylight
2021-08-09T13:44:00.000,I 75,I 75 and Sr 146,,Not a Collision with Motor Vehicle,1,Rain,Wet,Daylight
2021-07-08T13:32:00.000,I 75,I 75 and Sr 146,,Rear End,2,Cloudy,Dry,Daylight
2021-10-28T14:15:00.000,I 75,I 75 and Sr 146,,Rear End,2,Cloudy,Wet,Daylight
2022-07-31T19:48:00.000,I 75,I 75 and Sr 146,,Not a Collision with Motor Vehicle,1,Rain,Wet,Dusk
2022-06-23T19:45:00.000,I 75,I 75 and Sr 146,,Not a Collision with Motor Vehicle,1,Clear,Dry,Daylight
2022-04-03T13:36:00.000,I 75,I 75 and Sr 146,,Rear End,2,Clear,Dry,Daylight
2022-08-02T08:10:00.000,I 75,I 75 and Sr 146,,Angle Crash,2,Clear,Dry,Daylight
2022-10-21T13:10:00.000,I 75,I 75 and Sr 146,,Rear End,2,Clear,Dry,Daylight
2022-01-12T07:37:00.000,I 75,I 75 and Sr 146,,Sideswipe-Same Direction,2,Clear,Dry,Daylight
2022-04-13T06:39:00.000,I 75,I 75 and Sr 146,,Sideswipe-Same Direction,2,Clear,Dry,Dawn
2022-02-21T21:55:00.000,I 75,I 75 and Sr 146,,Not a Collision with Motor Vehicle,1,Rain,Wet,Dark-Not Lighted
2022-05-23T07:40:00.000,I 75,I 75 and Sr 146,,Angle Crash,2,Rain,Wet,Daylight
2022-02-23T06:40:00.000,I 75,I 75 and Sr 146,,Not a Collision with Motor Vehicle,1,Rain,Wet,Dark-Not Lighted
2022-11-07T07:39:00.000,I 75,I 75 and Sr 146,,Angle Crash,2,Rain,Wet,Daylight
2024-12-07T18:00:00.000,I 75,I 75 and Sr 146,,Angle Crash,2,Clear,Dry,Dark-Not Lighted
2024-01-24T21:30:00.000,I 75,I 75 and Sr 146,,Sideswipe-Same Direction,2,Rain,Wet,Dark-Not Lighted
2024-07-11T09:13:00.000,I 75,I 75 and Sr 146,,Sideswipe-Same Direction,2,Clear,Dry,Daylight
2024-10-02T17:40:00.000,I 75,I 75 and Sr 146,,Angle Crash,2,Clear,Dry,Daylight
2023-08-04T13:27:00.000,I 75,I 75 and Sr 146,,Rear End,2,Cloudy,Dry,Daylight
2024-04-17T15:47:00.000,I 75,I 75 and Sr 146,,(None),1,(None),(None),(None)
2024-03-11T13:41:00.000,I 75,I 75 and Sr 146,,(None),2,(None),(None),(None)
2024-11-01T14:00:00.000,I 75,I 75 and Sr 146,,Rear End,2,Rain,Wet,Daylight
2024-05-02T08:04:00.000,I 75,I 75 and Sr 146,,(None),2,(None),(None),(None)
2024-09-01T11:50:00.000,I 75,I 75 and Sr 146,,Rear End,2,Clear,Dry,Daylight
2024-11-01T14:00:00.000,I 75,I 75 and Sr 146,,Rear End,2,Rain,Wet,Daylight
2024-10-01T15:00:00.000,I 75,I 75 and Sr 146,,Angle Crash,2,Cloudy,Dry,Daylight
2024-12-06T19:38:00.000,I 75,I 75 and Sr 146,,Rear End,2,Clear,Dry,Dark-Not Lighted
2024-09-11T05:15:00.000,I 75,I 75 and Sr 146,,Not a Collision with Motor Vehicle,1,Clear,Dry,Dark-Not Lighted
2024-10-25T07:05:00.000,I 75,I 75 and Sr 146,,Rear End,2,Clear,Dry,Dark-Not Lighted
2024-02-12T13:20:00.000,I 75,I 75 and Sr 146,,(None),1,(None),(None),(None)