Date and Time,Roadway (From Crash Report),Intersection Name (from Crash Report),KABCO Severity,Manner of Collision (Crash Level) ,# of Vehicles per crash ,Weather Conditions (Crash Level),Surface Condition (Crash Level) ,Light Conditions (Crash Level)
2024-06-13T07:35:00.000,I 75,I 75 and Sr 146,,Rear End,3,Clear,Dry,Daylight
2024-02-24T22:00:00.000,I 75,I 75 and Sr 146,,Rear End,2,Cloudy,Dry,Dark-Not Lighted
2021-12-18T00:00:00.000,I 75,I 75 and Sr 140,,Rear End,2,Clear,Dry,Dark-Not Lighted
2021-06-07T05:15:00.000,I 75,I 75 and Sr 140,,Sideswipe-Same Direction,2,Cloudy,Wet,Dark-Not Lighted
2021-06-18T12:06:00.000,I 75,I 75 and Sr 140,,Sideswipe-Same Direction,3,Clear,Dry,Daylight
2021-12-14T13:40:00.000,I 75,I 75 and Sr 140,,Sideswipe-Same Direction,2,Clear,Dry,Daylight
2021-06-15T10:10:00.000,I 75,I 75 and Sr 140,,Sideswipe-Same Direction,2,Clear,Dry,Daylight
2021-09-08T23:50:00.000,I 75,I 75 and Sr 140,,Sideswipe-Same Direction,2,Clear,Wet,Dark-Not Lighted
2021-10-28T15:06:00.000,I 75,I 75 and Sr 140,,Not a Collision with Motor Vehicle,1,Cloudy,Wet,Daylight
2020-08-25T12:52:00.000,I 75,I 75 and Sr 140,,Not a Collision with Motor Vehicle,1,Rain,Wet,Daylight
2023-08-08T14:30:00.000,Sr 140,I 75 and Sr 140,,Rear End,2,Cloudy,Dry,Daylight
2023-12-05T21:50:00.000,I 75,I 75 and Sr 140,,Sideswipe-Same Direction,2,Clear,Dry,Dark-Not Lighted
2023-12-26T13:34:00.000,I 75,I 75 and Sr 140,,Rear End,2,Rain,Wet,Daylight
2023-01-03T07:41:00.000,I 75,I 75 and Sr 140,,Not a Collision with Motor Vehicle,1,Cloudy,Wet,Daylight
2020-08-29T01:45:00.000,I 75,I 75 and Sr 140,,Head On,1,Cloudy,Wet,Dark-Not Lighted
2020-06-09T17:20:00.000,I 75,I 75 and Sr 140,,Rear End,2,Rain,Wet,Daylight
2020-10-26T02:30:00.000,I 75,I 75 and Sr 140,,Not a Collision with Motor Vehicle,1,Clear,Dry,Dark-Lighted
2020-03-13T07:25:00.000,I 75,I 75 and Sr 140,,Sideswipe-Same Direction,2,Rain,Wet,Dawn
2020-10-17T14:13:00.000,I 75,I 75 and Sr 140,,Sideswipe-Same Direction,1,Clear,Dry,Daylight
2020-01-31T12:22:00.000,I 75,I 75 and Sr 140,,Sideswipe-Same Direction,2,Cloudy,Dry,Daylight
2020-12-17T10:49:00.000,I 75,I 75 and Sr 140,,Angle Crash,2,Cloudy,Wet,Daylight
2020-12-15T15:29:00.000,Sr 140,I 75 and Sr 140,,Angle Crash,2,Clear,Dry,Daylight
2021-06-10T05:59:00.000,I 75,I 75 and Sr 140,,Sideswipe-Same Direction,2,Cloudy,Wet,Dark-Not Lighted
2021-09-13T01:30:00.000,I 75,I 75 and Sr 140,,Rear End,2,Clear,Dry,Dark-Not Lighted
2022-12-03T22:08:00.000,Sr 140,I 75 and Sr 140,,Angle Crash,2,Clear,Dry,Dark-Lighted
2022-02-15T08:23:00.000,I 75,I 75 and Sr 140,,Rear End,2,Clear,Dry,Daylight
2022-04-24T11:52:00.000,I 75,I 75 and Sr 140,,Not a Collision with Motor Vehicle,1,Clear,Dry,Daylight
2022-04-28T12:55:00.000,I 75,I 75 and Sr 140,,Sideswipe-Same Direction,2,Clear,Dry,Daylight
2021-08-30T14:30:00.000,I 75,I 75 and Sr 140,,Sideswipe-Same Direction,2,Cloudy,Dry,Daylight
2022-04-13T23:16:00.000,I 75,I 75 and Sr 140,,Sideswipe-Same Direction,2,Clear,Dry,Dark-Lighted
2022-07-09T09:00:00.000,I 75,I 75 and Sr 140,,Rear End,2,Rain,Wet,Daylight
2022-05-22T14:15:00.000,I 75,I 75 and Sr 140,,Rear End,2,Clear,Dry,Daylight
2022-06-06T05:00:00.000,I 75,I 75 and Sr 140,,Sideswipe-Same Direction,2,Clear,Dry,Dark-Not Lighted
2022-07-14T11:30:00.000,I 75,I 75 and Sr 140,,Not a Collision with Motor Vehicle,1,Clear,Dry,Daylight
2023-03-18T08:51:00.000,I 75,I 75 and Sr 140,,Sideswipe-Same Direction,2,Cloudy,Dry,Daylight
2024-12-17T11:45:00.000,I 75,I 75 and Sr 140,,Rear End,2,Cloudy,Dry,Daylight
2024-06-12T08:20:00.000,I 75,I 75 and Sr 140,,Rear End,2,Clear,Dry,Daylight
2024-03-29T21:26:00.000,I 75,I 75 and Sr 140,,Rear End,2,Clear,Dry,Dark-Not Lighted
2024-11-02T04:49:00.000,I 75,I 75 and Sr 140,,Sideswipe-Same Direction,2,Clear,Dry,Dark-Not Lighted
2024-06-08T20:09:00.000,I 75,I 75 and Sr 140,,Rear End,2,Clear,Dry,Daylight
2024-08-11T17:10:00.000,I 75,I 75 and Sr 140,,Angle Crash,2,Clear,Dry,Daylight
2024-02-29T22:01:00.000,I 75,I 75 and Sr 140,,Sideswipe-Same Direction,2,Clear,Dry,Dark-Not Lighted
2024-11-19T18:20:00.000,I 75,I 75 and Sr 140,,Sideswipe-Same Direction,2,Rain,Wet,Dark-Not Lighted
2024-08-20T18:06:00.000,I 75,I 75 and Sr 140,,Not a Collision with Motor Vehicle,1,Cloudy,Dry,Daylight
2024-11-02T03:43:00.000,I 75,I 75 and Sr 140,,Not a Collision with Motor Vehicle,1,Clear,Dry,Dark-Not Lighted
2024-02-09T07:31:00.000,I 75,I 75 and Sr 140,,Rear End,3,Clear,Dry,Daylight
2024-09-05T07:00:00.000,I 75,I 75 and Sr 140,,Not a Collision with Motor Vehicle,1,Cloudy,Dry,Dark-Not Lighted
2024-03-15T23:22:00.000,I 75,I 75 and Sr 140,,Rear End,3,Clear,Dry,Daylight
2024-10-29T08:45:00.000,I 75,I 75 and Sr 140,,Sideswipe-Same Direction,2,Clear,Dry,Daylight
2024-03-31T11:40:00.000,I 75,I 75 and Sr 140,,Rear End,3,Clear,Dry,Daylight
2024-03-01T09:52:00.000,I 75,I 75 and Sr 140,,Not a Collision with Motor Vehicle,1,Rain,Wet,Daylight
2024-07-03T07:30:00.000,I 75,I 75 and Sr 140,,Rear End,2,Cloudy,Dry,Daylight
2024-10-03T17:22:00.000,Sr 140,I 75 and Sr 140,,Rear End,2,Clear,Dry,Daylight
2024-04-01T06:15:00.000,I 75,I 75 and Sr 140,,Not a Collision with Motor Vehicle,1,Clear,Dry,Dark-Not Lighted
2023-03-31T15:51:00.000,I 75,I 75 and Sr 140,,Sideswipe-Same Direction,2,Cloudy,Dry,Daylight
2023-02-23T15:44:00.000,I 75,I 75 and Sr 140,,Not a Collision with Motor Vehicle,1,Rain,Wet,Daylight
2023-06-25T18:09:00.000,I 75,I 75 and Sr 140,,Not a Collision with Motor Vehicle,1,Rain,Wet,Daylight
2023-11-03T18:18:00.000,I 75,I 75 and Sr 140,,Not a Collision with Motor Vehicle,2,Clear,Dry,Daylight
2024-08-30T17:19:00.000,Sr 140,I 75 and Sr 140,,Angle Crash,2,Severe Thunderstorm or Tornadic,Water (standing or moving),Daylight
2024-02-22T22:18:00.000,I 75,I 75 and Sr 140,,Sideswipe-Same Direction,2,Rain,Wet,Dark-Not Lighted
2024-12-15T18:47:00.000,I 75,I 75 and Sr 140,,Not a Collision with Motor Vehicle,1,Rain,Wet,Dark-Not Lighted
2024-07-02T17:28:00.000,I 75,I 75 and Sr 140,,Sideswipe-Same Direction,2,Clear,Dry,Daylight
2024-11-13T17:20:00.000,Sr 140,I 75 and Sr 140,,Rear End,2,Clear,Dry,Dusk
2024-11-23T01:50:00.000,I 75,I 75 and Sr 140,,Rear End,2,Clear,Dry,Dark-Not Lighted
2024-10-05T14:14:00.000,I 75,I 75 and Sr 140,,Sideswipe-Same Direction,2,Clear,Dry,Daylight
2024-12-08T02:25:00.000,I 75,I 75 and Sr 140,,Not a Collision with Motor Vehicle,1,Clear,Dry,Dark-Not Lighted
2024-09-02T14:25:00.000,I 75,I 75 and Sr 140,,Not a Collision with Motor Vehicle,1,Clear,Dry,Daylight
2024-10-28T17:57:00.000,Sr 140,I 75 and Sr 140,,Not a Collision with Motor Vehicle,1,Cloudy,Dry,Daylight
2024-06-01T12:41:00.000,I 75,I 75 and Sr 140,,Sideswipe-Same Direction,2,Clear,Dry,Daylight
2024-02-05T19:30:00.000,I 75,I 75 and Sr 140,,Not a Collision with Motor Vehicle,1,Clear,Dry,Dark-Not Lighted
2024-12-06T00:41:00.000,I 75,I 75 and Sr 140,,Sideswipe-Same Direction,2,Clear,Dry,Dark-Not Lighted
2024-07-01T21:10:00.000,I 75,I 75 and Sr 140,,Sideswipe-Same Direction,2,Clear,Dry,Daylight
2024-05-01T10:30:00.000,I 75,I 75 and Sr 140,,Not a Collision with Motor Vehicle,2,Clear,Dry,Daylight
2024-10-20T22:52:00.000,I 75,I 75 and Sr 140,,Not a Collision with Motor Vehicle,1,Clear,Dry,Dark-Not Lighted
2024-09-14T22:52:00.000,I 75,I 75 and Sr 140,,Sideswipe-Same Direction,2,Clear,Dry,Dark-Not Lighted
2024-01-23T16:49:00.000,I 75,I 75 and Sr 140,,Rear End,2,Clear,Dry,Daylight
2024-12-17T11:45:00.000,I 75,I 75 and Sr 140,,Sideswipe-Same Direction,2,Cloudy,Dry,Daylight
2024-09-25T12:33:00.000,I 75,I 75 and Sr 140,,Not a Collision with Motor Vehicle,1,Rain,Water (standing or moving),Daylight
2024-12-20T20:20:00.000,I 75,I 75 and Sr 140,,Sideswipe-Same Direction,2,Clear,Dry,Dark-Not Lighted
2024-09-09T07:22:00.000,I 75,I 75 and Sr 140,,Not a Collision with Motor Vehicle,1,Clear,Dry,Daylight
2024-12-04T18:23:00.000,I 75,I 75 and Sr 140,,Rear End,2,Clear,Dry,Dark-Not Lighted
2024-10-06T01:23:00.000,I 75,I 75 and Sr 140,,Angle Crash,2,Clear,Dry,Dark-Not Lighted
2024-03-08T14:59:00.000,I 75,I 75 and Sr 140,,Not a Collision with Motor Vehicle,1,Rain,Wet,Daylight
2024-11-01T13:40:00.000,I 75,I 75 and Sr 140,,Not a Collision with Motor Vehicle,1,Cloudy,Wet,Daylight
2024-02-29T20:54:00.000,I 75,I 75 and Sr 140,,Sideswipe-Same Direction,2,Clear,Dry,Dark-Not Lighted
2024-03-09T23:07:00.000,I 75,I 75 and Sr 140,,Sideswipe-Same Direction,2,Clear,Dry,Dark-Not Lighted
2024-11-29T11:31:00.000,I 75,I 75 and Sr 140,,Not a Collision with Motor Vehicle,1,Clear,Dry,Daylight
2024-02-16T18:18:00.000,Sr 140,I 75 and Sr 140,,Rear End,2,Clear,Dry,Daylight
2024-03-15T23:17:00.000,I 75,I 75 and Sr 140,,Not a Collision with Motor Vehicle,1,Cloudy,Dry,Dark-Not Lighted
2024-08-15T05:20:00.000,I 75,I 75 and Sr 140,,Sideswipe-Same Direction,2,Clear,Dry,Dark-Not Lighted
2024-07-02T21:10:00.000,I 75,I 75 and Sr 140,,Not a Collision with Motor Vehicle,1,Clear,Dry,Daylight
2024-03-29T20:25:00.000,I 75,I 75 and Sr 140,,Sideswipe-Same Direction,2,Clear,Dry,Dark-Not Lighted
2024-04-01T05:55:00.000,I 75,I 75 and Sr 140,,Angle Crash,5,Cloudy,Dry,Dark-Not Lighted
2024-09-27T06:50:00.000,I 75,I 75 and Sr 140,,Not a Collision with Motor Vehicle,1,Severe Thunderstorm or Tornadic,Wet,Dark-Not Lighted
2024-06-20T20:57:00.000,Sr 140,I 75 and Sr 140,,Angle Crash,2,Cloudy,Dry,Dusk
2024-09-02T08:10:00.000,I 75,I 75 and Sr 140,,Not a Collision with Motor Vehicle,1,Cloudy,Dry,Daylight
2024-03-05T19:21:00.000,I 75,I 75 and Sr 140,,Sideswipe-Same Direction,2,Rain,Wet,Dark-Lighted
2024-03-14T20:06:00.000,I 75,I 75 and Sr 140,,Rear End,2,Clear,Dry,Dark-Not Lighted
2024-04-01T06:15:00.000,I 75,I 75 and Sr 140,,Not a Collision with Motor Vehicle,1,Clear,Dry,Dark-Not Lighted
2024-12-02T14:48:00.000,I 75,I 75 and Sr 140,,Sideswipe-Same Direction,2,Clear,Dry,Daylight
2024-12-19T16:00:00.000,I 75,I 75 and Sr 140,,Sideswipe-Same Direction,2,Clear,Dry,Daylight
2024-03-06T07:36:00.000,Sr 140,I 75 and Sr 140,,Rear End,2,Rain,Wet,Daylight
2024-02-15T09:02:00.000,I 75,I 75 and Sr 140,,Sideswipe-Same Direction,2,Clear,Dry,Daylight
2024-12-08T16:11:00.000,I 75,I 75 and Sr 140,,Sideswipe-Same Direction,2,Clear,Dry,Daylight
2024-04-02T21:05:00.000,I 75,I 75 and Sr 140,,Not a Collision with Motor Vehicle,1,Clear,Dry,Dark-Not Lighted
2024-07-18T12:45:00.000,I 75,I 75 and Sr 140,,Sideswipe-Same Direction,2,Cloudy,Dry,Daylight
2024-04-07T15:11:00.000,I 75,I 75 and Sr 140,,Sideswipe-Same Direction,2,Clear,Dry,Daylight
2024-02-29T20:34:00.000,I 75,I 75 and Sr 140,,Not a Collision with Motor Vehicle,1,Cloudy,Dry,Dark-Not Lighted
2024-11-24T11:47:00.000,I 75,I 75 and Sr 140,,Not a Collision with Motor Vehicle,1,Clear,Dry,Daylight
2024-05-30T15:12:00.000,I 75,I 75 and Sr 140,,Not a Collision with Motor Vehicle,1,Clear,Dry,Daylight
2024-10-12T15:58:00.000,I 75,I 75 and Sr 140,,Rear End,2,Clear,Dry,Daylight
2024-02-10T11:36:00.000,I 75,I 75 and Sr 140,,Not a Collision with Motor Vehicle,1,Cloudy,Dry,Daylight
2024-03-21T12:58:00.000,Sr 140,I 75 and Sr 140,,Rear End,2,Clear,Dry,Daylight
2021-03-18T11:10:00.000,I 75,I 75 and Sr 138,,Rear End,2,Clear,Dry,Daylight
2021-03-19T12:08:00.000,I 75,I 75 and Sr 138,,Angle Crash,2,Clear,Dry,Daylight
2021-04-29T10:56:00.000,I 75,I 75 and Sr 138,,Not a Collision with Motor Vehicle,2,Clear,Dry,Daylight
2021-11-22T05:27:00.000,I 75,I 75 and Sr 138,,Sideswipe-Same Direction,2,Rain,Wet,Dark-Lighted
2021-07-07T00:06:00.000,I 75,I 75 and Sr 138,,Not a Collision with Motor Vehicle,1,Clear,Wet,Dark-Lighted
2021-10-08T16:24:00.000,I 75,I 75 and Sr 138,,Sideswipe-Same Direction,2,Clear,Dry,Daylight
2021-08-26T17:15:00.000,I 75,I 75 and Sr 138,,Sideswipe-Same Direction,2,Clear,Dry,Daylight
2021-09-30T14:18:00.000,I 75,I 75 and Sr 138,,Sideswipe-Opposite Direction,2,Clear,Dry,Daylight
2021-07-23T11:52:00.000,I 75,I 75 and Sr 138,,Sideswipe-Same Direction,2,Clear,Dry,Daylight
2021-06-17T05:39:00.000,I 75,I 75 and Sr 138,,Sideswipe-Same Direction,3,Clear,Dry,Dawn
2021-06-13T15:59:00.000,I 75,I 75 and Sr 138,,Rear End,2,Clear,Dry,Daylight
2021-11-13T00:20:00.000,I 75,I 75 and Sr 138,,Rear End,2,Clear,Dry,Dark-Not Lighted
2021-11-14T16:53:00.000,I 75,I 75 and Sr 138,,Rear End,2,Clear,Dry,Daylight
2021-12-23T12:45:00.000,I 75,I 75 and Sr 138,,Rear End,2,Clear,Dry,Daylight
2021-11-19T00:00:00.000,I 75,I 75 and Sr 138,,Rear End,2,Clear,Dry,Daylight
2021-12-10T01:16:00.000,I 75,I 75 and Sr 138,,Rear End,2,Rain,Wet,Dark-Lighted
2021-12-08T08:00:00.000,I 75,I 75 and Sr 138,,Not a Collision with Motor Vehicle,1,Rain,Wet,Daylight
2021-10-02T17:41:00.000,I 75,I 75 and Sr 138,,Sideswipe-Same Direction,2,Clear,Dry,Daylight
2021-04-22T20:33:00.000,I 75,I 75 and Sr 138,,Rear End,2,Clear,Dry,Daylight
2021-06-03T23:41:00.000,I 75,I 75 and Sr 138,,Rear End,2,Clear,Dry,Dark-Lighted
2021-05-16T23:25:00.000,I 75,I 75 and Sr 138,,Angle Crash,2,Clear,Dry,Dark-Not Lighted
2021-10-19T23:39:00.000,I 75,I 75 and Sr 138,,Rear End,2,Clear,Dry,Dark-Not Lighted
2021-11-22T05:27:00.000,I 75,I 75 and Sr 138,,Head On,2,Rain,Wet,Dark-Lighted
2021-12-08T06:33:00.000,I 75,I 75 and Sr 138,,Not a Collision with Motor Vehicle,1,Rain,Wet,Dark-Not Lighted
2021-03-24T16:00:00.000,I 75,I 75 and Sr 138,,Sideswipe-Same Direction,2,Clear,Dry,Daylight
2021-05-14T12:13:00.000,I 75,I 75 and Sr 138,,Rear End,2,Clear,Dry,Daylight
2020-05-06T14:45:00.000,I 75,I 75 and Sr 138,,Sideswipe-Same Direction,2,Clear,Dry,Daylight
2023-04-08T16:20:00.000,I 75,I 75 and Sr 138,,Sideswipe-Same Direction,2,Rain,Wet,Daylight
2023-12-26T13:40:00.000,I 75,I 75 and Sr 138,,Sideswipe-Same Direction,2,Rain,Wet,Dark-Lighted
2023-01-30T01:26:00.000,I 75,I 75 and Sr 138,,Head On,2,Rain,Wet,Dark-Lighted
2023-12-17T11:50:00.000,I 75,I 75 and Sr 138,,Rear End,2,Rain,Wet,Daylight
2023-03-27T05:40:00.000,I 75,I 75 and Sr 138,,Not a Collision with Motor Vehicle,1,Rain,Water (standing or moving),Dark-Not Lighted
2022-09-08T15:24:00.000,I 75,I 75 and Sr 138,,Rear End,3,Clear,Dry,Daylight
2022-03-05T12:24:00.000,I 75,I 75 and Sr 138,,Rear End,2,Clear,Dry,Daylight
2020-04-23T08:48:00.000,I 75,I 75 and Sr 138,,Not a Collision with Motor Vehicle,1,Rain,Wet,Daylight
2020-09-14T13:33:00.000,I 75,I 75 and Sr 138,,Not a Collision with Motor Vehicle,1,Cloudy,Dry,Daylight
2020-12-18T12:09:00.000,I 75,I 75 and Sr 138,,Rear End,4,Clear,Dry,Daylight
2020-07-27T12:35:00.000,I 75,I 75 and Sr 138,,Rear End,2,Clear,Dry,Daylight
2020-08-13T22:40:00.000,I 75,I 75 and Sr 138,,Not a Collision with Motor Vehicle,1,Rain,Wet,Dark-Not Lighted
2020-03-04T09:50:00.000,I 75,I 75 and Sr 138,,Rear End,2,Rain,Wet,Daylight
2020-03-20T08:16:00.000,I 75,I 75 and Sr 138,,Rear End,2,Clear,Dry,Daylight
2020-09-14T14:28:00.000,I 75,I 75 and Sr 138,,Angle Crash,2,Cloudy,Dry,Daylight
2020-05-27T11:38:00.000,I 75,I 75 and Sr 138,,Not a Collision with Motor Vehicle,1,Rain,Wet,Daylight
2020-02-05T23:38:00.000,I 75,I 75 and Sr 138,,Rear End,2,Rain,Wet,Dark-Not Lighted
2020-09-21T10:10:00.000,I 75,I 75 and Sr 138,,Sideswipe-Same Direction,2,Clear,Dry,Daylight
2020-02-06T11:58:00.000,I 75,I 75 and Sr 138,,Rear End,2,Rain,Wet,Daylight
2020-03-03T09:19:00.000,I 75,I 75 and Sr 138,,Not a Collision with Motor Vehicle,1,Rain,Wet,Daylight
2020-05-27T11:43:00.000,I 75,I 75 and Sr 138,,Rear End,3,Rain,Wet,Daylight
2020-01-29T18:50:00.000,I 75,I 75 and Sr 138,,Not a Collision with Motor Vehicle,1,Clear,Dry,Dark-Lighted
2020-03-04T10:23:00.000,I 75,I 75 and Sr 138,,Not a Collision with Motor Vehicle,1,Fog,Ice/Frost,Dark-Lighted
2020-06-10T14:40:00.000,I 75,I 75 and Sr 138,,Rear End,2,Rain,Wet,Daylight
2020-01-19T23:50:00.000,I 75,I 75 and Sr 138,,Rear End,2,Clear,Dry,Dark-Lighted
2020-04-06T15:07:00.000,I 75,I 75 and Sr 138,,Rear End,2,Clear,Dry,Daylight
2020-11-22T15:20:00.000,I 75,I 75 and Sr 138,,Rear End,2,Clear,Dry,Daylight
2020-03-23T14:00:00.000,I 75,I 75 and Sr 138,,Not a Collision with Motor Vehicle,1,Rain,Wet,Daylight
2020-08-14T13:30:00.000,I 75,I 75 and Sr 138,,Sideswipe-Same Direction,2,Clear,Dry,Daylight
2020-02-06T04:27:00.000,I 75,I 75 and Sr 138,,Not a Collision with Motor Vehicle,1,Rain,Water (standing or moving),Dark-Not Lighted
2020-07-21T10:48:00.000,I 75,I 75 and Sr 138,,Sideswipe-Same Direction,2,Clear,Dry,Daylight
2020-03-27T15:25:00.000,I 75,I 75 and Sr 138,,Sideswipe-Same Direction,2,Clear,Dry,Daylight
2020-10-05T11:00:00.000,I 75,I 75 and Sr 138,,Sideswipe-Same Direction,2,Clear,Dry,Daylight
2020-01-19T05:10:00.000,I 75,I 75 and Sr 138,,Rear End,4,Cloudy,Wet,Dark-Not Lighted
2020-02-06T14:27:00.000,I 75,I 75 and Sr 138,,Rear End,2,Rain,Wet,Daylight
2020-07-04T16:21:00.000,I 75,I 75 and Sr 138,,Rear End,2,Rain,Wet,Daylight
2020-03-04T11:41:00.000,I 75,I 75 and Sr 138,,Rear End,2,Rain,Wet,Daylight
2020-09-11T11:29:00.000,I 75,I 75 and Sr 138,,Sideswipe-Same Direction,2,Cloudy,Dry,Daylight
2020-03-04T10:23:00.000,I 75,I 75 and Sr 138,,Rear End,2,Rain,Wet,Daylight
2020-12-16T10:28:00.000,I 75,I 75 and Sr 138,,Sideswipe-Same Direction,2,Cloudy,Wet,Dark-Not Lighted
2020-11-30T13:09:00.000,I 75,I 75 and Sr 138,,Sideswipe-Same Direction,2,Cloudy,Dry,Daylight
2020-09-16T07:04:00.000,I 75,I 75 and Sr 138,,Angle Crash,2,Cloudy,Dry,Daylight
2020-04-09T13:25:00.000,I 75,I 75 and Sr 138,,Rear End,2,Clear,Dry,Daylight
2020-12-19T00:11:00.000,I 75,I 75 and Sr 138,,Rear End,2,Clear,Dry,Dark-Lighted
2020-05-22T22:40:00.000,I 75,I 75 and Sr 138,,Sideswipe-Same Direction,2,Cloudy,Wet,Dark-Not Lighted
2020-08-07T04:30:00.000,I 75,I 75 and Sr 138,,Not a Collision with Motor Vehicle,1,Clear,Dry,Dark-Not Lighted
2020-04-13T03:10:00.000,I 75,I 75 and Sr 138,,Not a Collision with Motor Vehicle,1,Rain,Wet,Dark-Not Lighted
2021-05-23T09:53:00.000,I 75,I 75 and Sr 138,,Rear End,2,Clear,Dry,Daylight
2021-03-12T08:38:00.000,I 75,I 75 and Sr 138,,Rear End,2,Clear,Dry,Daylight
2021-04-10T11:31:00.000,I 75,I 75 and Sr 138,,Angle Crash,2,Rain,Water (standing or moving),Daylight
2021-10-12T23:08:00.000,I 75,I 75 and Sr 138,,Rear End,2,Clear,Dry,Dark-Lighted
2021-09-16T17:24:00.000,I 75,I 75 and Sr 138,,Rear End,3,Rain,Wet,Daylight
2021-07-28T09:30:00.000,I 75,I 75 and Sr 138,,Rear End,2,Clear,Dry,Daylight
2021-10-06T06:43:00.000,I 75,I 75 and Sr 138,,Not a Collision with Motor Vehicle,1,Clear,Dry,Dark-Not Lighted
2021-11-04T12:10:00.000,I 75,I 75 and Sr 138,,Rear End,2,Rain,Wet,Daylight
2021-10-28T12:43:00.000,I 75,I 75 and Sr 138,,Not a Collision with Motor Vehicle,1,Rain,Wet,Daylight
2021-11-28T10:34:00.000,I 75,I 75 and Sr 138,,Rear End,4,Clear,Dry,Daylight
2021-08-07T12:39:00.000,I 75,I 75 and Sr 138,,Rear End,2,Cloudy,Dry,Daylight
2021-12-11T16:51:00.000,I 75,I 75 and Sr 138,,Not a Collision with Motor Vehicle,1,Rain,Water (standing or moving),Dark-Not Lighted
2021-11-08T09:20:00.000,I 75,I 75 and Sr 138,,Not a Collision with Motor Vehicle,1,Clear,Dry,Daylight
2021-11-21T21:55:00.000,I 75,I 75 and Sr 138,,Sideswipe-Same Direction,2,Clear,Dry,Dark-Not Lighted
2021-10-15T21:15:00.000,I 75,I 75 and Sr 138,,Sideswipe-Same Direction,2,Clear,Dry,Dark-Lighted
2021-10-02T16:59:00.000,I 75,I 75 and Sr 138,,Sideswipe-Same Direction,2,Clear,Dry,Daylight
2021-11-24T15:20:00.000,I 75,I 75 and Sr 138,,Rear End,2,Clear,Dry,Dawn
2021-10-10T11:51:00.000,I 75,I 75 and Sr 138,,Rear End,2,Clear,Dry,Daylight
2021-09-26T17:20:00.000,I 75,I 75 and Sr 138,,Rear End,2,Clear,Dry,Daylight
2022-09-27T00:00:00.000,I 75,I 75 and Sr 138,,Rear End,3,Clear,Dry,Daylight
2022-04-24T14:58:00.000,I 75,I 75 and Sr 138,,Rear End,2,Clear,Dry,Daylight
2022-11-04T13:20:00.000,I 75,I 75 and Sr 138,,Sideswipe-Same Direction,2,Clear,Dry,Daylight
2022-12-05T11:48:00.000,I 75,I 75 and Sr 138,,Rear End,2,Rain,Wet,Daylight
2022-02-03T17:06:00.000,I 75,I 75 and Sr 138,,Not a Collision with Motor Vehicle,1,Clear,Dry,Dark-Not Lighted
2022-01-02T08:00:00.000,I 75,I 75 and Sr 138,,Not a Collision with Motor Vehicle,1,Rain,Wet,Daylight
2022-02-11T20:44:00.000,I 75,I 75 and Sr 138,,Rear End,2,Clear,Dry,Dark-Lighted
2022-09-07T13:01:00.000,I 75,I 75 and Sr 138,,Not a Collision with Motor Vehicle,1,Clear,Dry,Daylight
2022-04-16T14:14:00.000,I 75,I 75 and Sr 138,,Rear End,2,Clear,Dry,Daylight
2022-04-01T12:00:00.000,I 75,I 75 and Sr 138,,Not a Collision with Motor Vehicle,1,Clear,Dry,Daylight
2022-10-31T00:29:00.000,I 75,I 75 and Sr 138,,Not a Collision with Motor Vehicle,1,Rain,Wet,Dark-Not Lighted
2021-11-22T05:27:00.000,I 75,I 75 and Sr 138,,Head On,2,Rain,Wet,Dark-Lighted
2021-10-08T00:50:00.000,I 75,I 75 and Sr 138,,Not a Collision with Motor Vehicle,1,Rain,Wet,Dark-Lighted
2022-01-13T08:02:00.000,I 75,I 75 and Sr 138,,Angle Crash,2,Clear,Dry,Daylight
2022-06-12T18:34:00.000,I 75,I 75 and Sr 138,,Rear End,2,Clear,Dry,Daylight
2022-12-05T18:00:00.000,I 75,I 75 and Sr 138,,Rear End,2,Rain,Wet,Dark-Lighted
2022-10-13T06:35:00.000,I 75,I 75 and Sr 138,,Not a Collision with Motor Vehicle,1,Rain,Wet,Dark-Not Lighted
2022-01-20T04:59:00.000,I 75,I 75 and Sr 138,,Not a Collision with Motor Vehicle,1,Rain,Wet,Dark-Lighted
2022-01-26T22:56:00.000,I 75,I 75 and Sr 138,,Rear End,2,Clear,Dry,Dark-Not Lighted
2022-08-26T20:41:00.000,I 75,I 75 and Sr 138,,Rear End,2,Clear,Dry,Dark-Not Lighted
2022-01-02T08:00:00.000,I 75,I 75 and Sr 138,,Not a Collision with Motor Vehicle,1,Rain,Wet,Daylight
2022-01-16T00:58:00.000,I 75,I 75 and Sr 138,,Not a Collision with Motor Vehicle,1,Rain,Wet,Dark-Lighted
2022-04-27T18:55:00.000,I 75,I 75 and Sr 138,,Sideswipe-Same Direction,3,Clear,Dry,Daylight
2022-06-12T13:45:00.000,I 75,I 75 and Sr 138,,Rear End,2,Clear,Dry,Daylight
2022-04-08T17:40:00.000,I 75,I 75 and Sr 138,,Sideswipe-Same Direction,2,Cloudy,Dry,Daylight
2022-12-23T13:08:00.000,I 75,I 75 and Sr 138,,Rear End,3,Clear,Dry,Daylight
2022-06-07T23:45:00.000,I 75,I 75 and Sr 138,,Not a Collision with Motor Vehicle,1,Rain,Wet,Dark-Lighted
2023-06-17T13:15:00.000,I 75,I 75 and Sr 138,,Rear End,2,Clear,Dry,Daylight
2024-04-25T11:31:00.000,I 75,I 75 and Sr 138,,Not a Collision with Motor Vehicle,1,Clear,Dry,Daylight