Date and Time,Roadway (From Crash Report),Intersection Name (from Crash Report),KABCO Severity,Manner of Collision (Crash Level) ,# of Vehicles per crash ,Weather Conditions (Crash Level),Surface Condition (Crash Level) ,Light Conditions (Crash Level)
2023-04-30T15:03:00.000,I 75,I 75 and Sr 138,,Rear End,2,Clear,Dry,Daylight
2023-02-24T23:12:00.000,I 75,I 75 and Sr 138,,Not a Collision with Motor Vehicle,1,Rain,Wet,Dark-Not Lighted
2023-11-11T02:03:00.000,I 75,I 75 and Sr 138,,Not a Collision with Motor Vehicle,1,Rain,Wet,Dark-Not Lighted
2023-02-16T14:48:00.000,I 75,I 75 and Sr 138,,Rear End,2,Clear,Dry,Daylight
2024-11-30T22:07:00.000,I 75,I 75 and Sr 138,,Sideswipe-Same Direction,2,Clear,Dry,Dark-Not Lighted
2024-04-02T06:00:00.000,I 75,I 75 and Sr 138,,Sideswipe-Same Direction,2,Clear,Dry,Daylight
2024-12-15T02:24:00.000,I 75,I 75 and Sr 138,,Not a Collision with Motor Vehicle,1,Clear,Dry,Dark-Not Lighted
2024-11-26T04:45:00.000,I 75,I 75 and Sr 138,,Rear End,4,Rain,Wet,Dark-Lighted
2024-01-25T13:09:00.000,I 75,I 75 and Sr 138,,Not a Collision with Motor Vehicle,1,Cloudy,Wet,Daylight
2024-11-16T11:18:00.000,I 75,I 75 and Sr 138,,Sideswipe-Same Direction,2,Clear,Dry,Daylight
2021-01-25T16:57:00.000,I 75,I 75 and Sr 136,,Not a Collision with Motor Vehicle,1,Cloudy,Wet,Daylight
2021-03-07T09:35:00.000,I 75,I 75 and Sr 136,,Sideswipe-Same Direction,2,Clear,Dry,Daylight
2021-06-22T15:10:00.000,I 75,I 75 and Sr 136,,Sideswipe-Same Direction,2,Clear,Dry,Daylight
2021-02-03T13:13:00.000,I 75,I 75 and Sr 136,,Sideswipe-Same Direction,2,Clear,Dry,Daylight
2021-10-29T20:18:00.000,I 75,I 75 and Sr 136,,Not a Collision with Motor Vehicle,1,Cloudy,Wet,Dark-Not Lighted
2021-05-10T02:34:00.000,I 75,I 75 and Sr 136,,Not a Collision with Motor Vehicle,2,Rain,Wet,Dark-Not Lighted
2021-07-04T01:57:00.000,I 75,I 75 and Sr 136,,Not a Collision with Motor Vehicle,1,Clear,Dry,Dark-Not Lighted
2021-02-10T01:48:00.000,I 75,I 75 and Sr 136,,Sideswipe-Same Direction,2,Clear,Dry,Dark-Not Lighted
2021-03-31T22:03:00.000,I 75,I 75 and Sr 136,,Sideswipe-Same Direction,2,Rain,Wet,Dark-Not Lighted
2021-04-14T02:03:00.000,I 75,I 75 and Sr 136,,Sideswipe-Same Direction,2,Clear,Dry,Daylight
2020-06-28T13:35:00.000,I 75,I 75 and Sr 136,,Rear End,3,Cloudy,Wet,Daylight
2020-11-28T18:15:00.000,I 75,I 75 and Sr 136,,Sideswipe-Same Direction,2,Cloudy,Dry,Dark-Not Lighted
2023-06-21T08:00:00.000,I 75,I 75 and Sr 136,,Rear End,2,Cloudy,Wet,Daylight
2023-11-09T03:44:00.000,I 75,I 75 and Sr 136,,Head On,1,Clear,Dry,Dark-Not Lighted
2023-07-23T14:50:00.000,I 75,I 75 and Sr 136,,Sideswipe-Same Direction,2,Clear,Dry,Daylight
2023-04-05T20:55:00.000,I 75,I 75 and Sr 136,,Rear End,2,Clear,Dry,Dark-Not Lighted
2023-07-14T12:15:00.000,I 75,I 75 and Sr 136,,Rear End,2,Clear,Dry,Daylight
2023-08-11T21:50:00.000,I 75,I 75 and Sr 136,,Not a Collision with Motor Vehicle,1,Cloudy,Wet,Dark-Not Lighted
2023-11-07T11:00:00.000,I 75,I 75 and Sr 136,,Sideswipe-Same Direction,2,Clear,Dry,Daylight
2023-05-10T19:00:00.000,I 75,I 75 and Sr 136,,Sideswipe-Same Direction,2,Clear,Dry,Daylight
2023-08-20T07:20:00.000,I 75,I 75 and Sr 136,,Sideswipe-Same Direction,2,Clear,Dry,Daylight
2023-12-25T14:30:00.000,I 75,I 75 and Sr 136,,Sideswipe-Same Direction,3,Rain,Wet,Daylight
2023-01-31T05:56:00.000,I 75,I 75 and Sr 136,,Rear End,2,Cloudy,Dry,Dark-Not Lighted
2020-10-10T21:02:00.000,I 75,I 75 and Sr 136,,Not a Collision with Motor Vehicle,1,Rain,Wet,Dark-Not Lighted
2020-10-10T10:25:00.000,I 75,I 75 and Sr 136,,Sideswipe-Same Direction,2,Cloudy,Wet,Daylight
2020-10-24T04:20:00.000,I 75,I 75 and Sr 136,,Angle Crash,1,Rain,Wet,Dark-Not Lighted
2020-11-19T17:55:00.000,I 75,I 75 and Sr 136,,Rear End,2,Clear,Dry,Dark-Not Lighted
2020-07-13T13:50:00.000,I 75,I 75 and Sr 136,,Not a Collision with Motor Vehicle,2,Clear,Dry,Daylight
2020-04-03T14:29:00.000,I 75,I 75 and Sr 136,,Not a Collision with Motor Vehicle,1,Clear,Dry,Daylight
2020-02-08T01:38:00.000,I 75,I 75 and Sr 136,,Not a Collision with Motor Vehicle,1,Clear,Dry,Daylight
2020-06-15T23:16:00.000,I 75,I 75 and Sr 136,,Not a Collision with Motor Vehicle,1,Cloudy,Dry,Dark-Not Lighted
2020-05-29T04:25:00.000,I 75,I 75 and Sr 136,,Not a Collision with Motor Vehicle,2,Clear,Dry,Dark-Not Lighted
2020-07-05T20:18:00.000,I 75,I 75 and Sr 136,,Sideswipe-Same Direction,2,Cloudy,Dry,Daylight
2020-06-14T23:44:00.000,I 75,I 75 and Sr 136,,Sideswipe-Same Direction,2,Cloudy,Dry,Dark-Not Lighted
2020-06-17T06:15:00.000,I 75,I 75 and Sr 136,,Sideswipe-Same Direction,2,Cloudy,Dry,Dawn
2020-10-11T17:36:00.000,I 75,I 75 and Sr 136,,Sideswipe-Same Direction,3,Cloudy,Wet,Daylight
2020-07-17T19:29:00.000,I 75,I 75 and Sr 136,,Not a Collision with Motor Vehicle,1,Clear,Dry,Daylight
2020-05-18T23:59:00.000,I 75,I 75 and Sr 136,,Sideswipe-Same Direction,2,Cloudy,Wet,Dark-Not Lighted
2020-07-17T19:53:00.000,I 75,I 75 and Sr 136,,Not a Collision with Motor Vehicle,1,Cloudy,Dry,Daylight
2020-07-17T19:29:00.000,I 75,I 75 and Sr 136,,Not a Collision with Motor Vehicle,1,Clear,Dry,Daylight
2020-07-17T19:51:00.000,I 75,I 75 and Sr 136,,Not a Collision with Motor Vehicle,1,Cloudy,Dry,Daylight
2020-10-17T03:35:00.000,I 75,I 75 and Sr 136,,Rear End,2,Clear,Dry,Dark-Not Lighted
2020-07-17T19:29:00.000,I 75,I 75 and Sr 136,,Not a Collision with Motor Vehicle,1,Clear,Dry,Daylight
2020-05-23T05:27:00.000,I 75,I 75 and Sr 136,,Rear End,2,Clear,Dry,Dark-Not Lighted
2020-07-17T19:52:00.000,I 75,I 75 and Sr 136,,Not a Collision with Motor Vehicle,1,Cloudy,Dry,Daylight
2020-05-05T12:10:00.000,I 75,I 75 and Sr 136,,Not a Collision with Motor Vehicle,1,Cloudy,Dry,Daylight
2020-08-15T22:53:00.000,I 75,I 75 and Sr 136,,Angle Crash,2,Clear,Dry,Dark-Not Lighted
2020-08-27T16:15:00.000,I 75,I 75 and Sr 136,,Not a Collision with Motor Vehicle,1,Cloudy,Wet,Daylight
2020-05-18T01:04:00.000,I 75,I 75 and Sr 136,,Sideswipe-Same Direction,2,Cloudy,Wet,Dark-Not Lighted
2020-07-17T19:51:00.000,I 75,I 75 and Sr 136,,Not a Collision with Motor Vehicle,1,Cloudy,Dry,Daylight
2020-07-22T16:23:00.000,I 75,I 75 and Sr 136,,Sideswipe-Same Direction,2,Rain,Wet,Daylight
2021-03-25T15:36:00.000,I 75,I 75 and Sr 136,,Sideswipe-Same Direction,2,Rain,Wet,Daylight
2021-06-19T22:46:00.000,I 75,I 75 and Sr 136,,Not a Collision with Motor Vehicle,1,Rain,Wet,Dark-Not Lighted
2021-05-12T22:22:00.000,I 75,I 75 and Sr 136,,Sideswipe-Same Direction,2,Clear,Dry,Dark-Not Lighted
2021-07-05T03:02:00.000,I 75,I 75 and Sr 136,,Not a Collision with Motor Vehicle,1,Clear,Dry,Dark-Not Lighted
2021-10-02T15:44:00.000,I 75,I 75 and Sr 136,,Not a Collision with Motor Vehicle,1,Cloudy,Dry,Daylight
2021-12-20T09:55:00.000,I 75,I 75 and Sr 136,,Not a Collision with Motor Vehicle,5,Clear,Dry,Daylight
2021-11-11T08:33:00.000,I 75,I 75 and Sr 136,,Not a Collision with Motor Vehicle,2,Cloudy,Dry,Daylight
2021-10-31T09:57:00.000,I 75,I 75 and Sr 136,,Sideswipe-Same Direction,2,Cloudy,Wet,Dark-Not Lighted
2021-12-20T15:00:00.000,I 75,I 75 and Sr 136,,Rear End,2,Cloudy,Dry,Daylight
2021-11-05T21:25:00.000,I 75,I 75 and Sr 136,,Rear End,3,Clear,Dry,Dark-Not Lighted
2021-09-15T16:00:00.000,I 75,I 75 and Sr 136,,Not a Collision with Motor Vehicle,1,Rain,Wet,Daylight
2022-01-14T08:15:00.000,I 75,I 75 and Sr 136,,Sideswipe-Same Direction,2,Clear,Dry,Daylight
2022-12-31T10:00:00.000,I 75,I 75 and Sr 136,,Not a Collision with Motor Vehicle,1,Cloudy,Wet,Daylight
2021-10-09T02:03:00.000,I 75,I 75 and Sr 136,,Not a Collision with Motor Vehicle,1,Clear,Dry,Dark-Lighted
2021-09-27T09:00:00.000,I 75,I 75 and Sr 136,,Not a Collision with Motor Vehicle,1,Clear,Dry,Daylight
2022-08-20T15:28:00.000,I 75,I 75 and Sr 136,,Sideswipe-Same Direction,2,Rain,Wet,Daylight
2022-07-26T21:00:00.000,I 75,I 75 and Sr 136,,Angle Crash,2,Clear,Dry,Dark-Not Lighted
2022-07-06T21:25:00.000,I 75,I 75 and Sr 136,,Sideswipe-Same Direction,2,Cloudy,Dry,Dark-Not Lighted
2022-07-06T18:25:00.000,I 75,I 75 and Sr 136,,Not a Collision with Motor Vehicle,2,Cloudy,Dry,Daylight
2022-08-15T15:00:00.000,I 75,I 75 and Sr 136,,Sideswipe-Same Direction,2,Clear,Dry,Daylight
2022-07-27T22:50:00.000,I 75,I 75 and Sr 136,,Not a Collision with Motor Vehicle,1,Clear,Dry,Dark-Not Lighted
2021-09-13T09:14:00.000,I 75,I 75 and Sr 136,,Sideswipe-Same Direction,2,Clear,Dry,Daylight
2022-12-08T23:03:00.000,I 75,I 75 and Sr 136,,Sideswipe-Same Direction,2,Cloudy,Wet,Dark-Lighted
2022-06-08T20:00:00.000,I 75,I 75 and Sr 136,,Not a Collision with Motor Vehicle,1,Rain,Wet,Dusk
2022-09-09T10:12:00.000,I 75,I 75 and Sr 136,,Sideswipe-Same Direction,2,Cloudy,Dry,Daylight
2022-02-17T22:05:00.000,I 75,I 75 and Sr 136,,Not a Collision with Motor Vehicle,1,Rain,Wet,Dark-Not Lighted
2022-04-08T12:50:00.000,I 75,I 75 and Sr 136,,Not a Collision with Motor Vehicle,3,Cloudy,Wet,Daylight
2022-06-13T09:35:00.000,I 75,I 75 and Sr 136,,Not a Collision with Motor Vehicle,1,Clear,Dry,Daylight
2022-11-01T13:36:00.000,I 75,I 75 and Sr 136,,Sideswipe-Same Direction,2,Cloudy,Dry,Daylight
2022-09-22T23:12:00.000,I 75,I 75 and Sr 136,,Sideswipe-Same Direction,2,Clear,Dry,Dark-Not Lighted
2022-10-15T11:00:00.000,I 75,I 75 and Sr 136,,Head On,2,Clear,Dry,Daylight
2022-03-08T12:25:00.000,I 75,I 75 and Sr 136,,Sideswipe-Same Direction,2,Cloudy,Dry,Daylight
2023-10-20T23:15:00.000,I 75,I 75 and Sr 136,,Not a Collision with Motor Vehicle,1,Clear,Dry,Dark-Not Lighted
2024-05-25T19:35:00.000,I 75,I 75 and Sr 136,,Not a Collision with Motor Vehicle,1,Clear,Dry,Daylight
2024-11-22T08:20:00.000,I 75,I 75 and Sr 136,,Sideswipe-Same Direction,2,Cloudy,Dry,Daylight
2024-10-07T22:50:00.000,I 75,I 75 and Sr 136,,Not a Collision with Motor Vehicle,1,Clear,Dry,Dark-Not Lighted
2024-06-27T14:16:00.000,I 75,I 75 and Sr 136,,Rear End,3,Clear,Dry,Daylight
2024-02-12T16:35:00.000,I 75,I 75 and Sr 136,,Not a Collision with Motor Vehicle,1,Cloudy,Wet,Daylight
2024-10-16T06:55:00.000,I 75,I 75 and Sr 136,,Not a Collision with Motor Vehicle,1,Clear,Dry,Dark-Not Lighted
2024-11-05T19:48:00.000,I 75,I 75 and Sr 136,,Sideswipe-Same Direction,2,Clear,Dry,Dark-Not Lighted
2024-07-18T07:35:00.000,I 75,I 75 and Sr 136,,Rear End,2,Clear,Dry,Daylight
2024-09-30T10:10:00.000,I 75,I 75 and Sr 136,,Not a Collision with Motor Vehicle,1,Clear,Dry,Daylight
2024-05-03T15:50:00.000,I 75,I 75 and Sr 136,,Sideswipe-Same Direction,2,Rain,Wet,Daylight
2024-10-11T06:45:00.000,I 75,I 75 and Sr 136,,Sideswipe-Same Direction,3,Clear,Dry,Dark-Not Lighted
2024-03-13T06:05:00.000,I 75,I 75 and Sr 136,,Rear End,2,Clear,Dry,Daylight
2024-10-11T20:40:00.000,I 75,I 75 and Sr 136,,Sideswipe-Same Direction,2,Clear,Dry,Dark-Not Lighted
2023-04-29T10:03:00.000,I 75,I 75 and Sr 136,,Sideswipe-Same Direction,2,Clear,Dry,Daylight
2023-11-04T16:00:00.000,I 75,I 75 and Sr 136,,Rear End,2,Clear,Dry,Daylight
2023-02-16T14:18:00.000,I 75,I 75 and Sr 136,,Rear End,2,Cloudy,Dry,Daylight
2023-02-16T14:00:00.000,I 75,I 75 and Sr 136,,Not a Collision with Motor Vehicle,2,Clear,Dry,Daylight
2023-01-31T05:56:00.000,I 75,I 75 and Sr 136,,Rear End,3,Cloudy,Dry,Dark-Not Lighted
2023-01-31T05:56:00.000,I 75,I 75 and Sr 136,,Rear End,2,Cloudy,Dry,Dark-Not Lighted
2023-10-20T13:19:00.000,I 75,I 75 and Sr 136,,Sideswipe-Same Direction,2,Cloudy,Dry,Daylight
2023-07-06T08:29:00.000,I 75,I 75 and Sr 136,,Sideswipe-Same Direction,2,Clear,Dry,Daylight
2023-10-01T05:15:00.000,I 75,I 75 and Sr 136,,Sideswipe-Same Direction,2,Clear,Dry,Dark-Not Lighted
2023-10-01T05:15:00.000,I 75,I 75 and Sr 136,,Rear End,2,Clear,Dry,Dark-Not Lighted
2023-08-16T10:30:00.000,I 75,I 75 and Sr 136,,Sideswipe-Same Direction,2,Clear,Dry,Daylight
2023-04-26T23:22:00.000,I 75,I 75 and Sr 136,,Not a Collision with Motor Vehicle,1,Rain,Wet,Dark-Not Lighted
2023-05-14T21:00:00.000,I 75,I 75 and Sr 136,,Not a Collision with Motor Vehicle,1,Clear,Dry,Dark-Lighted
2023-11-21T16:45:00.000,I 75,I 75 and Sr 136,,Rear End,3,Cloudy,Wet,Daylight
2024-09-13T10:18:00.000,I 75,I 75 and Sr 136,,Sideswipe-Same Direction,2,Rain,Wet,Daylight
2024-09-19T13:40:00.000,I 75,I 75 and Sr 136,,Angle Crash,3,Clear,Dry,Daylight
2024-07-14T10:26:00.000,I 75,I 75 and Sr 136,,Sideswipe-Same Direction,2,Clear,Dry,Daylight
2024-11-11T15:00:00.000,I 75,I 75 and Sr 136,,Rear End,2,Clear,Dry,Daylight
2024-03-18T16:45:00.000,I 75,I 75 and Sr 136,,Not a Collision with Motor Vehicle,2,Clear,Dry,Daylight
2024-09-15T13:10:00.000,I 75,I 75 and Sr 136,,Rear End,2,Clear,Dry,Daylight
2024-01-25T07:30:00.000,I 75,I 75 and Sr 136,,Sideswipe-Same Direction,2,Rain,Wet,Daylight
2024-05-24T10:15:00.000,I 75,I 75 and Sr 136,,Sideswipe-Same Direction,2,Clear,Dry,Daylight
2024-07-23T14:10:00.000,I 75,I 75 and Sr 136,,Rear End,2,Rain,Wet,Daylight
2024-08-23T18:00:00.000,I 75,I 75 and Sr 136,,Rear End,2,Clear,Dry,Daylight
2024-09-22T16:04:00.000,I 75,I 75 and Sr 136,,Sideswipe-Same Direction,2,Clear,Dry,Daylight
2024-10-22T13:40:00.000,I 75,I 75 and Sr 136,,Sideswipe-Same Direction,2,Clear,Dry,Daylight
2024-03-07T08:42:00.000,I 75,I 75 and Sr 136,,Head On,2,Clear,Dry,Daylight
2024-05-07T21:09:00.000,I 75,I 75 and Sr 136,,Angle Crash,2,Cloudy,Dry,Dark-Not Lighted
2024-03-02T15:00:00.000,I 75,I 75 and Sr 136,,Not a Collision with Motor Vehicle,1,Cloudy,Dry,Daylight
2024-07-12T18:50:00.000,I 75,I 75 and Sr 136,,Not a Collision with Motor Vehicle,1,Clear,Dry,Daylight
2024-12-30T20:35:00.000,I 75,I 75 and Sr 136,,Rear End,2,Clear,Dry,Dark-Not Lighted
2024-09-07T14:00:00.000,I 75,I 75 and Sr 136,,Not a Collision with Motor Vehicle,1,Clear,Dry,Daylight
2024-04-17T16:15:00.000,I 75,I 75 and Sr 136,,Not a Collision with Motor Vehicle,1,Rain,Wet,Daylight
2024-03-16T07:30:00.000,I 75,I 75 and Sr 136,,Angle Crash,2,Clear,Dry,Daylight
2024-11-30T21:02:00.000,I 75,I 75 and Sr 136,,Sideswipe-Same Direction,2,Clear,Dry,Dark-Not Lighted
2024-06-13T11:55:00.000,I 75,I 75 and Sr 136,,Not a Collision with Motor Vehicle,2,Clear,Dry,Daylight
2024-12-01T20:25:00.000,I 75,I 75 and Sr 136,,Sideswipe-Same Direction,2,Clear,Dry,Dark-Not Lighted
2024-04-05T18:15:00.000,I 75,I 75 and Sr 136,,Not a Collision with Motor Vehicle,1,Clear,Dry,Daylight
2024-12-28T11:15:00.000,I 75,I 75 and Sr 136,,Not a Collision with Motor Vehicle,1,Cloudy,Dry,Daylight
2024-01-27T16:15:00.000,I 75,I 75 and Sr 136,,Rear End,2,Cloudy,Wet,Daylight
2024-08-19T11:30:00.000,I 75,I 75 and Sr 136,,Sideswipe-Same Direction,2,Clear,Dry,Daylight
2024-05-09T17:17:00.000,I 75,I 75 and Sr 136,,Angle Crash,2,Clear,Dry,Daylight
2024-03-13T06:00:00.000,I 75,I 75 and Sr 136,,Sideswipe-Same Direction,2,Clear,Dry,Dark-Not Lighted
2024-12-28T11:34:00.000,I 75,I 75 and Sr 136,,Rear End,3,Clear,Dry,Daylight
2024-06-17T13:35:00.000,I 75,I 75 and Sr 136,,Head On,1,Clear,Dry,Daylight
2024-07-23T14:22:00.000,I 75,I 75 and Sr 136,,Sideswipe-Same Direction,2,Cloudy,Wet,Daylight
2024-07-23T18:20:00.000,I 75,I 75 and Sr 136,,Sideswipe-Same Direction,2,Rain,Wet,Daylight
2024-03-06T14:05:00.000,I 75,I 75 and Sr 136,,Angle Crash,2,Rain,Wet,Daylight
2021-03-26T08:28:00.000,I 75,I 75 and Sr 133,,Sideswipe-Same Direction,2,Clear,Dry,Daylight
2021-03-27T01:40:00.000,I 75,I 75 and Sr 133,,Not a Collision with Motor Vehicle,1,Clear,Dry,Dark-Lighted
2021-06-19T00:55:00.000,I 75,I 75 and Sr 133,,Rear End,2,Cloudy,Wet,Dark-Lighted
2021-11-18T00:27:00.000,I 75,I 75 and Sr 133,,Sideswipe-Same Direction,2,Clear,Dry,Dark-Not Lighted
2021-12-27T11:47:00.000,I 75,I 75 and Sr 133,,Rear End,2,Cloudy,Dry,Daylight
2021-12-27T12:48:00.000,I 75,I 75 and Sr 133,,Sideswipe-Same Direction,2,Clear,Dry,Daylight
2021-02-09T07:31:00.000,I 75,I 75 and Sr 133,,Not a Collision with Motor Vehicle,1,Cloudy,Wet,Daylight
2021-02-11T01:25:00.000,I 75,I 75 and Sr 133,,Rear End,2,Fog,Wet,Dark-Not Lighted
2021-01-10T21:31:00.000,I 75,I 75 and Sr 133,,Rear End,2,Clear,Dry,Dark-Not Lighted
2021-05-30T22:31:00.000,I 75,I 75 and Sr 133,,Not a Collision with Motor Vehicle,1,Clear,Dry,Dark-Not Lighted
2021-06-04T18:20:00.000,I 75,I 75 and Sr 133,,Not a Collision with Motor Vehicle,1,Clear,Dry,Daylight
2021-12-18T11:11:00.000,I 75,I 75 and Sr 133,,Rear End,2,Clear,Dry,Daylight
2021-12-19T12:40:00.000,I 75,I 75 and Sr 133,,Rear End,2,Rain,Wet,Daylight
2021-07-05T14:15:00.000,I 75,I 75 and Sr 133,,Sideswipe-Same Direction,2,Cloudy,Dry,Daylight
2021-05-28T19:20:00.000,I 75,I 75 and Sr 133,,Sideswipe-Same Direction,2,Clear,Dry,Dusk
2021-02-01T00:03:00.000,I 75,I 75 and Sr 133,,Not a Collision with Motor Vehicle,1,Cloudy,Wet,Dark-Lighted
2021-03-11T12:30:00.000,I 75,I 75 and Sr 133,,Sideswipe-Same Direction,3,Clear,Dry,Daylight
2021-05-21T21:02:00.000,I 75,I 75 and Sr 133,,Sideswipe-Same Direction,2,Clear,Dry,Dark-Lighted
2021-04-14T21:40:00.000,I 75,I 75 and Sr 133,,Sideswipe-Same Direction,2,Clear,Dry,Daylight
2021-06-25T16:15:00.000,I 75,I 75 and Sr 133,,Not a Collision with Motor Vehicle,1,Cloudy,Dry,Daylight
2021-10-26T07:55:00.000,I 75,I 75 and Sr 133,,Sideswipe-Same Direction,2,Clear,Dry,Daylight
2021-11-23T13:50:00.000,I 75,I 75 and Sr 133,,Rear End,2,Clear,Dry,Daylight
2021-07-20T06:05:00.000,I 75,I 75 and Sr 133,,Not a Collision with Motor Vehicle,1,Clear,Dry,Dawn
2021-01-02T14:31:00.000,I 75,I 75 and Sr 133,,Rear End,2,Rain,Wet,Daylight
2021-01-16T06:50:00.000,I 75,I 75 and Sr 133,,Rear End,2,Clear,Dry,Dark-Not Lighted
2023-11-07T07:47:00.000,I 75,I 75 and Sr 133,,Angle Crash,5,Clear,Dry,Daylight
2023-08-10T07:35:00.000,I 75,I 75 and Sr 133,,Sideswipe-Same Direction,3,Clear,Dry,Daylight
2023-04-16T15:18:00.000,I 75,I 75 and Sr 133,,Not a Collision with Motor Vehicle,1,Clear,Dry,Daylight
2023-07-22T04:20:00.000,I 75,I 75 and Sr 133,,Not a Collision with Motor Vehicle,1,Clear,Dry,Dark-Lighted
2023-03-06T07:30:00.000,I 75,I 75 and Sr 133,,Not a Collision with Motor Vehicle,1,Clear,Dry,Daylight
2023-08-07T07:27:00.000,I 75,I 75 and Sr 133,,Sideswipe-Same Direction,2,Clear,Wet,Daylight
2023-02-11T19:47:00.000,I 75,I 75 and Sr 133,,Rear End,2,Rain,Wet,Dark-Not Lighted
2023-01-31T07:35:00.000,I 75,I 75 and Sr 133,,Rear End,2,Fog,Wet,Daylight
2023-11-20T01:20:00.000,I 75,I 75 and Sr 133,,Sideswipe-Same Direction,2,Clear,Dry,Dark-Not Lighted
2023-02-19T12:15:00.000,I 75,I 75 and Sr 133,,Not a Collision with Motor Vehicle,2,Clear,Dry,Daylight
2023-02-10T19:52:00.000,I 75,I 75 and Sr 133,,Rear End,2,Rain,Wet,Dark-Not Lighted
2023-10-23T15:30:00.000,I 75,I 75 and Sr 133,,Not a Collision with Motor Vehicle,1,Clear,Dry,Daylight
2023-04-14T20:30:00.000,I 75,I 75 and Sr 133,,Rear End,2,Clear,Dry,Dark-Not Lighted
2023-01-28T22:23:00.000,I 75,I 75 and Sr 133,,Sideswipe-Same Direction,2,Clear,Dry,Dark-Not Lighted
2020-10-07T11:25:00.000,I 75,I 75 and Sr 133,,Sideswipe-Same Direction,2,Clear,Dry,Daylight
2020-12-02T07:53:00.000,I 75,I 75 and Sr 133,,Not a Collision with Motor Vehicle,1,Clear,Dry,Daylight
2020-02-16T14:25:00.000,I 75,I 75 and Sr 133,,Sideswipe-Same Direction,2,Rain,Wet,Daylight
2020-07-09T09:30:00.000,I 75,I 75 and Sr 133,,Rear End,2,Clear,Dry,Daylight
2020-07-30T16:20:00.000,I 75,I 75 and Sr 133,,Rear End,2,Rain,Wet,Daylight
2020-07-15T07:09:00.000,I 75,I 75 and Sr 133,,Rear End,2,Cloudy,Dry,Daylight
2020-12-10T15:00:00.000,I 75,I 75 and Sr 133,,Sideswipe-Same Direction,2,Clear,Dry,Daylight
2020-01-30T14:43:00.000,I 75,I 75 and Sr 133,,Rear End,2,Clear,Dry,Daylight
2020-10-18T15:30:00.000,I 75,I 75 and Sr 133,,Sideswipe-Same Direction,3,Clear,Dry,Daylight
2020-04-03T15:42:00.000,I 75,I 75 and Sr 133,,Not a Collision with Motor Vehicle,1,Clear,Dry,Daylight
2020-01-20T08:45:00.000,I 75,I 75 and Sr 133,,Not a Collision with Motor Vehicle,1,Clear,Dry,Daylight
2020-02-16T11:45:00.000,I 75,I 75 and Sr 133,,Not a Collision with Motor Vehicle,1,Rain,Wet,Daylight
2020-11-28T01:18:00.000,I 75,I 75 and Sr 133,,Not a Collision with Motor Vehicle,1,Clear,Dry,Dark-Not Lighted
2020-03-17T20:23:00.000,I 75,I 75 and Sr 133,,Sideswipe-Same Direction,2,Rain,Dry,Dark-Lighted
2020-01-20T16:29:00.000,I 75,I 75 and Sr 133,,Rear End,2,Clear,Dry,Daylight
2020-10-09T05:01:00.000,I 75,I 75 and Sr 133,,Rear End,2,Clear,Dry,Dark-Not Lighted
2020-07-30T16:55:00.000,I 75,I 75 and Sr 133,,Rear End,2,Rain,Wet,Daylight
2020-12-11T15:15:00.000,I 75,I 75 and Sr 133,,Rear End,2,Clear,Dry,Daylight
2020-09-28T22:10:00.000,I 75,I 75 and Sr 133,,Sideswipe-Same Direction,2,Clear,Dry,Dark-Not Lighted
2020-11-02T01:15:00.000,I 75,I 75 and Sr 133,,Rear End,2,Clear,Dry,Dark-Not Lighted
2020-01-20T08:45:00.000,I 75,I 75 and Sr 133,,Not a Collision with Motor Vehicle,1,Clear,Dry,Daylight
2020-10-08T17:15:00.000,I 75,I 75 and Sr 133,,Rear End,2,Clear,Dry,Daylight
2020-03-22T21:56:00.000,I 75,I 75 and Sr 133,,Not a Collision with Motor Vehicle,1,Clear,Dry,Dark-Not Lighted
2020-10-10T03:00:00.000,I 75,I 75 and Sr 133,,Not a Collision with Motor Vehicle,1,Cloudy,Wet,Dark-Lighted
2021-05-06T10:05:00.000,I 75,I 75 and Sr 133,,Sideswipe-Same Direction,2,Clear,Dry,Daylight
2021-06-30T09:24:00.000,I 75,I 75 and Sr 133,,Not a Collision with Motor Vehicle,1,Clear,Dry,Daylight
2021-06-16T01:40:00.000,I 75,I 75 and Sr 133,,Sideswipe-Same Direction,2,Clear,Dry,Dark-Lighted
2021-02-14T00:43:00.000,I 75,I 75 and Sr 133,,Not a Collision with Motor Vehicle,1,Rain,Wet,Dark-Not Lighted
2021-03-02T14:55:00.000,I 75,I 75 and Sr 133,,Not a Collision with Motor Vehicle,2,Cloudy,Wet,Daylight
2021-06-06T07:53:00.000,I 75,I 75 and Sr 133,,Not a Collision with Motor Vehicle,1,Clear,Dry,Daylight
2021-03-31T02:52:00.000,I 75,I 75 and Sr 133,,Not a Collision with Motor Vehicle,1,Cloudy,Dry,Dark-Not Lighted
2021-12-10T10:17:00.000,I 75,I 75 and Sr 133,,Not a Collision with Motor Vehicle,1,Cloudy,Dry,Daylight
2021-07-13T14:25:00.000,I 75,I 75 and Sr 133,,Rear End,2,Clear,Dry,Daylight
2021-12-18T17:00:00.000,I 75,I 75 and Sr 133,,Rear End,2,Clear,Dry,Daylight
2021-08-13T10:35:00.000,I 75,I 75 and Sr 133,,Angle Crash,2,Clear,Dry,Daylight
2021-10-30T12:45:00.000,I 75,I 75 and Sr 133,,Not a Collision with Motor Vehicle,1,Clear,Dry,Daylight