Date and Time,Roadway (From Crash Report),Intersection Name (from Crash Report),KABCO Severity,Manner of Collision (Crash Level) ,# of Vehicles per crash ,Weather Conditions (Crash Level),Surface Condition (Crash Level) ,Light Conditions (Crash Level)
2022-11-03T18:11:00.000,I 75,I 75 and Sr 133,,Angle Crash,2,Clear,Dry,Daylight
2022-04-11T08:05:00.000,I 75,I 75 and Sr 133,,Sideswipe-Same Direction,2,Clear,Dry,Daylight
2021-10-22T16:50:00.000,I 75,I 75 and Sr 133,,Rear End,2,Clear,Dry,Daylight
2021-11-04T09:30:00.000,I 75,I 75 and Sr 133,,Angle Crash,1,Clear,Dry,Daylight
2022-02-17T08:45:00.000,I 75,I 75 and Sr 133,,Not a Collision with Motor Vehicle,2,Clear,Dry,Daylight
2022-07-05T15:20:00.000,I 75,I 75 and Sr 133,,Sideswipe-Same Direction,2,Clear,Dry,Daylight
2022-03-24T09:00:00.000,I 75,I 75 and Sr 133,,Sideswipe-Same Direction,2,Rain,Wet,Daylight
2022-10-15T10:50:00.000,I 75,I 75 and Sr 133,,Sideswipe-Same Direction,2,Clear,Dry,Daylight
2022-12-03T14:22:00.000,I 75,I 75 and Sr 133,,Angle Crash,2,Clear,Dry,Daylight
2022-07-02T09:00:00.000,I 75,I 75 and Sr 133,,Not a Collision with Motor Vehicle,1,Clear,Dry,Daylight
2022-08-16T02:34:00.000,I 75,I 75 and Sr 133,,Not a Collision with Motor Vehicle,1,Clear,Dry,Dark-Not Lighted
2022-08-09T10:02:00.000,I 75,I 75 and Sr 133,,Not a Collision with Motor Vehicle,1,Clear,Dry,Daylight
2022-09-11T15:06:00.000,I 75,I 75 and Sr 133,,Not a Collision with Motor Vehicle,1,Rain,Wet,Daylight
2022-07-18T09:40:00.000,I 75,I 75 and Sr 133,,Not a Collision with Motor Vehicle,1,Rain,Wet,Daylight
2022-06-30T18:06:00.000,I 75,I 75 and Sr 133,,Sideswipe-Same Direction,2,Clear,Dry,Daylight
2022-01-06T19:45:00.000,I 75,I 75 and Sr 133,,Rear End,2,Clear,Dry,Dark-Not Lighted
2023-08-29T14:40:00.000,I 75,I 75 and Sr 133,,Not a Collision with Motor Vehicle,1,Rain,Wet,Daylight
2023-09-11T16:54:00.000,I 75,I 75 and Sr 133,,Not a Collision with Motor Vehicle,1,Clear,Dry,Daylight
2024-06-23T17:50:00.000,I 75,I 75 and Sr 133,,Not a Collision with Motor Vehicle,1,Clear,Dry,Daylight
2024-05-16T01:05:00.000,I 75,I 75 and Sr 133,,Not a Collision with Motor Vehicle,1,Clear,Dry,Dark-Not Lighted
2024-02-03T14:00:00.000,I 75,I 75 and Sr 133,,Not a Collision with Motor Vehicle,2,Clear,Dry,Daylight
2024-12-29T13:05:00.000,I 75,I 75 and Sr 133,,Rear End,2,Clear,Wet,Daylight
2024-11-15T00:15:00.000,I 75,I 75 and Sr 133,,Rear End,2,Clear,Wet,Dark-Lighted
2024-02-06T10:50:00.000,I 75,I 75 and Sr 133,,Rear End,2,Clear,Dry,Daylight
2024-06-04T12:33:00.000,I 75,I 75 and Sr 133,,Angle Crash,2,Clear,Dry,Daylight
2023-02-12T17:53:00.000,I 75,I 75 and Sr 133,,Sideswipe-Same Direction,2,Cloudy,Dry,Daylight
2023-11-19T11:50:00.000,I 75,I 75 and Sr 133,,Not a Collision with Motor Vehicle,1,Clear,Dry,Daylight
2023-10-27T03:50:00.000,I 75,I 75 and Sr 133,,Not a Collision with Motor Vehicle,1,Clear,Dry,Dark-Lighted
2023-12-19T16:29:00.000,I 75,I 75 and Sr 133,,Sideswipe-Same Direction,2,Clear,Dry,Daylight
2024-11-06T22:00:00.000,I 75,I 75 and Sr 133,,Not a Collision with Motor Vehicle,1,Rain,Wet,Dark-Not Lighted
2024-12-18T06:10:00.000,I 75,I 75 and Sr 133,,Sideswipe-Same Direction,3,Fog,Dry,Dark-Lighted
2024-02-01T21:34:00.000,I 75,I 75 and Sr 133,,Angle Crash,2,Clear,Dry,Dark-Not Lighted
2024-04-02T19:40:00.000,I 75,I 75 and Sr 133,,Not a Collision with Motor Vehicle,1,Clear,Dry,Daylight
2024-12-11T07:05:00.000,I 75,I 75 and Sr 133,,Sideswipe-Opposite Direction,4,Rain,Wet,Daylight
2024-04-09T09:26:00.000,I 75,I 75 and Sr 133,,Not a Collision with Motor Vehicle,1,Clear,Dry,Daylight
2024-05-13T13:25:00.000,I 75,I 75 and Sr 133,,Sideswipe-Same Direction,5,Rain,Wet,Daylight
2024-12-26T15:45:00.000,I 75,I 75 and Sr 133,,Sideswipe-Same Direction,2,Clear,Dry,Daylight
2024-11-06T21:55:00.000,I 75,I 75 and Sr 133,,Not a Collision with Motor Vehicle,1,Rain,Wet,Dark-Not Lighted
2024-11-12T13:50:00.000,I 75,I 75 and Sr 133,,Sideswipe-Same Direction,2,Clear,Dry,Daylight
2024-12-20T17:50:00.000,I 75,I 75 and Sr 133,,Rear End,3,Clear,Dry,Daylight
2024-01-25T21:30:00.000,I 75,I 75 and Sr 133,,Sideswipe-Same Direction,2,Rain,Wet,Dark-Not Lighted
2024-01-03T07:30:00.000,I 75,I 75 and Sr 133,,Sideswipe-Same Direction,2,Clear,Dry,Daylight
2024-12-29T13:45:00.000,I 75,I 75 and Sr 133,,Rear End,4,Clear,Wet,Daylight
2024-11-18T22:30:00.000,I 75,I 75 and Sr 133,,Not a Collision with Motor Vehicle,1,Clear,Dry,Dark-Lighted
2024-10-17T04:32:00.000,I 75,I 75 and Sr 133,,Angle Crash,1,Clear,Dry,Dark-Not Lighted
2024-12-11T07:55:00.000,I 75,I 75 and Sr 133,,Rear End,2,Rain,Wet,Dawn
2024-03-05T08:00:00.000,I 75,I 75 and Sr 133,,Sideswipe-Same Direction,2,Rain,Wet,Daylight
2024-05-03T20:11:00.000,I 75,I 75 and Sr 133,,Not a Collision with Motor Vehicle,1,Cloudy,Wet,Dark-Not Lighted
2024-03-18T16:32:00.000,I 75,I 75 and Sr 133,,Rear End,2,Clear,Dry,Daylight
2024-06-29T18:10:00.000,I 75,I 75 and Sr 133,,Angle Crash,2,Rain,Wet,Daylight
2024-12-11T08:15:00.000,I 75,I 75 and Sr 133,,Rear End,2,Rain,Wet,Daylight
2024-06-04T11:50:00.000,I 75,I 75 and Sr 133,,Rear End,3,Clear,Dry,Daylight
2020-02-20T12:02:00.000,I 75,I 75 and Sr 127,,Not a Collision with Motor Vehicle,1,Rain,Wet,Daylight
2020-11-11T07:55:00.000,I 75,I 75 and Sr 127,,Sideswipe-Same Direction,2,Rain,Wet,Daylight
2022-01-16T14:55:00.000,I 75,I 75 and Sr 127,,Not a Collision with Motor Vehicle,1,Cloudy,Wet,Daylight
2023-03-12T12:20:00.000,I 75,I 75 and Sr 127,,Rear End,2,Rain,Wet,Daylight
2023-10-02T14:01:00.000,I 75,I 75 and Sr 127,,Rear End,2,Clear,Dry,Daylight
2024-01-12T08:43:00.000,I 75,I 75 and Sr 127,,Sideswipe-Same Direction,2,Clear,Dry,Daylight
2021-04-20T21:45:00.000,I 75,I 75 and Sr 122,,Angle Crash,2,Clear,Dry,Dark-Not Lighted
2021-10-15T01:51:00.000,I 75,I 75 and Sr 122,,Rear End,2,Clear,Dry,Dark-Lighted
2021-10-17T05:10:00.000,I 75,I 75 and Sr 122,,Rear End,2,Clear,Dry,Dark-Not Lighted
2021-07-15T12:50:00.000,I 75,I 75 and Sr 122,,Rear End,2,Clear,Dry,Daylight
2021-06-23T14:25:00.000,I 75,I 75 and Sr 122,,Not a Collision with Motor Vehicle,1,Clear,Dry,Daylight
2021-10-01T11:50:00.000,I 75,I 75 and Sr 122,,Sideswipe-Same Direction,2,Clear,Dry,Daylight
2021-12-17T06:20:00.000,I 75,I 75 and Sr 122,,Sideswipe-Same Direction,3,Fog,Dry,Dark-Not Lighted
2021-08-09T19:56:00.000,I 75,I 75 and Sr 122,,Not a Collision with Motor Vehicle,1,Rain,Wet,Dark-Not Lighted
2021-02-17T12:50:00.000,I 75,I 75 and Sr 122,,Angle Crash,2,Clear,Dry,Daylight
2021-07-06T19:50:00.000,I 75,I 75 and Sr 122,,Not a Collision with Motor Vehicle,1,Rain,Wet,Daylight
2021-06-19T10:02:00.000,I 75,I 75 and Sr 122,,Sideswipe-Same Direction,2,Cloudy,Wet,Daylight
2021-06-22T08:45:00.000,I 75,I 75 and Sr 122,,Not a Collision with Motor Vehicle,1,Rain,Water (standing or moving),Daylight
2021-03-15T14:10:00.000,I 75,I 75 and Sr 122,,Sideswipe-Same Direction,1,Clear,Dry,Daylight
2021-09-01T21:56:00.000,I 75,I 75 and Sr 122,,Not a Collision with Motor Vehicle,1,Rain,Wet,Dark-Not Lighted
2021-08-06T16:08:00.000,I 75,I 75 and Sr 122,,Angle Crash,2,Clear,Dry,Daylight
2021-01-01T01:50:00.000,I 75,I 75 and Sr 122,,Rear End,2,Cloudy,Wet,Dark-Lighted
2023-07-29T08:26:00.000,I 75,I 75 and Sr 122,,Sideswipe-Same Direction,2,Clear,Dry,Daylight
2023-08-08T19:00:00.000,I 75,I 75 and Sr 122,,Not a Collision with Motor Vehicle,1,Rain,Wet,Daylight
2023-05-19T10:20:00.000,I 75,I 75 and Sr 122,,Not a Collision with Motor Vehicle,1,Clear,Dry,Daylight
2023-12-04T23:05:00.000,I 75,I 75 and Sr 122,,Sideswipe-Same Direction,2,Clear,Dry,Dark-Not Lighted
2023-05-04T07:30:00.000,I 75,I 75 and Sr 122,,Sideswipe-Same Direction,2,Clear,Dry,Daylight
2023-12-29T16:00:00.000,I 75,I 75 and Sr 122,,Sideswipe-Same Direction,2,Clear,Dry,Daylight
2023-06-23T21:38:00.000,I 75,I 75 and Sr 122,,Rear End,5,Cloudy,Wet,Dark-Not Lighted
2023-11-16T00:00:00.000,I 75,I 75 and Sr 122,,Sideswipe-Same Direction,2,Clear,Dry,Dark-Lighted
2023-10-22T20:01:00.000,I 75,I 75 and Sr 122,,Angle Crash,2,Clear,Dry,Dark-Not Lighted
2023-05-25T05:06:00.000,I 75,I 75 and Sr 122,,Not a Collision with Motor Vehicle,1,Clear,Dry,Dark-Not Lighted
2023-12-04T21:20:00.000,I 75,I 75 and Sr 122,,Rear End,2,Clear,Dry,Dark-Not Lighted
2023-01-19T14:55:00.000,I 75,I 75 and Sr 122,,Sideswipe-Same Direction,2,Clear,Wet,Daylight
2023-06-28T16:00:00.000,I 75,I 75 and Sr 122,,Not a Collision with Motor Vehicle,1,Clear,Dry,Daylight
2022-12-17T19:12:00.000,I 75,I 75 and Sr 122,,Not a Collision with Motor Vehicle,1,Cloudy,Dry,Dark-Lighted
2020-10-02T05:30:00.000,I 75,I 75 and Sr 122,,Not a Collision with Motor Vehicle,1,Clear,Dry,Dark-Not Lighted
2020-01-03T11:45:00.000,I 75,I 75 and Sr 122,,Rear End,2,Cloudy,Dry,Daylight
2020-12-20T13:22:00.000,I 75,I 75 and Sr 122,,Sideswipe-Same Direction,2,Rain,Wet,Daylight
2020-01-28T14:22:00.000,I 75,I 75 and Sr 122,,Not a Collision with Motor Vehicle,1,Clear,Dry,Daylight
2020-09-27T16:35:00.000,I 75,I 75 and Sr 122,,Sideswipe-Same Direction,2,Rain,Wet,Daylight
2020-01-18T15:59:00.000,I 75,I 75 and Sr 122,,Rear End,2,Clear,Dry,Daylight
2020-02-27T03:55:00.000,I 75,I 75 and Sr 122,,Angle Crash,2,Clear,Dry,Dark-Not Lighted
2020-01-03T12:25:00.000,I 75,I 75 and Sr 122,,Rear End,2,Cloudy,Dry,Daylight
2020-05-16T21:24:00.000,I 75,I 75 and Sr 122,,Sideswipe-Same Direction,2,Clear,Dry,Dark-Not Lighted
2020-02-20T23:20:00.000,I 75,I 75 and Sr 122,,Rear End,2,Clear,Wet,Dark-Not Lighted
2020-11-09T16:10:00.000,I 75,I 75 and Sr 122,,Not a Collision with Motor Vehicle,1,Cloudy,Dry,Daylight
2020-10-02T12:25:00.000,I 75,I 75 and Sr 122,,Not a Collision with Motor Vehicle,1,Clear,Dry,Daylight
2020-05-01T18:40:00.000,I 75,I 75 and Sr 122,,Sideswipe-Same Direction,2,Clear,Dry,Daylight
2020-12-14T17:48:00.000,I 75,I 75 and Sr 122,,Rear End,2,Cloudy,Dry,Dark-Lighted
2020-10-14T06:45:00.000,I 75,I 75 and Sr 122,,Not a Collision with Motor Vehicle,1,Clear,Dry,Dark-Not Lighted
2020-01-09T16:54:00.000,I 75,I 75 and Sr 122,,Not a Collision with Motor Vehicle,1,Clear,Dry,Daylight
2020-06-09T12:29:00.000,I 75,I 75 and Sr 122,,Sideswipe-Same Direction,2,Rain,Wet,Daylight
2020-10-30T20:14:00.000,I 75,I 75 and Sr 122,,Sideswipe-Same Direction,2,Cloudy,Dry,Dark-Not Lighted
2020-02-29T15:47:00.000,I 75,I 75 and Sr 122,,Not a Collision with Motor Vehicle,1,Clear,Dry,Daylight
2020-12-06T17:57:00.000,I 75,I 75 and Sr 122,,Rear End,2,Clear,Dry,Dark-Not Lighted
2020-04-19T18:30:00.000,I 75,I 75 and Sr 122,,Not a Collision with Motor Vehicle,1,Rain,Wet,Daylight
2020-12-22T17:57:00.000,I 75,I 75 and Sr 122,,Sideswipe-Same Direction,2,Clear,Dry,Daylight
2021-05-04T22:26:00.000,I 75,I 75 and Sr 122,,Rear End,2,Cloudy,Dry,Dark-Not Lighted
2021-06-13T19:28:00.000,I 75,I 75 and Sr 122,,Sideswipe-Same Direction,1,Clear,Dry,Daylight
2021-09-10T13:41:00.000,I 75,I 75 and Sr 122,,Sideswipe-Same Direction,2,Clear,Dry,Daylight
2021-11-18T15:04:00.000,I 75,I 75 and Sr 122,,Sideswipe-Same Direction,2,Clear,Dry,Daylight
2021-12-01T14:24:00.000,I 75,I 75 and Sr 122,,Not a Collision with Motor Vehicle,1,Clear,Dry,Daylight
2021-07-29T17:50:00.000,I 75,I 75 and Sr 122,,Not a Collision with Motor Vehicle,1,Clear,Dry,Daylight
2021-08-12T04:05:00.000,I 75,I 75 and Sr 122,,Not a Collision with Motor Vehicle,1,Clear,Dry,Dark-Not Lighted
2021-09-05T04:51:00.000,I 75,I 75 and Sr 122,,Not a Collision with Motor Vehicle,1,Clear,Dry,Dark-Not Lighted
2022-07-09T04:30:00.000,I 75,I 75 and Sr 122,,Not a Collision with Motor Vehicle,1,Clear,Dry,Dark-Not Lighted
2022-11-16T18:40:00.000,I 75,I 75 and Sr 122,,Not a Collision with Motor Vehicle,2,Clear,Dry,Dark-Not Lighted
2022-09-14T14:45:00.000,I 75,I 75 and Sr 122,,Not a Collision with Motor Vehicle,1,Clear,Dry,Daylight
2022-02-26T08:45:00.000,I 75,I 75 and Sr 122,,Sideswipe-Same Direction,2,Clear,Dry,Daylight
2022-01-25T14:45:00.000,I 75,I 75 and Sr 122,,Rear End,2,Cloudy,Dry,Daylight
2021-08-03T13:31:00.000,I 75,I 75 and Sr 122,,Not a Collision with Motor Vehicle,1,Cloudy,Dry,Daylight
2022-06-01T08:08:00.000,I 75,I 75 and Sr 122,,Not a Collision with Motor Vehicle,1,Clear,Dry,Daylight
2022-03-25T18:28:00.000,I 75,I 75 and Sr 122,,Rear End,3,Clear,Dry,Dusk
2022-04-08T04:11:00.000,I 75,I 75 and Sr 122,,Not a Collision with Motor Vehicle,1,Clear,Dry,Dark-Not Lighted
2022-12-29T23:22:00.000,I 75,I 75 and Sr 122,,Rear End,2,Cloudy,Dry,Dark-Not Lighted
2022-04-08T07:15:00.000,I 75,I 75 and Sr 122,,Sideswipe-Same Direction,2,Clear,Dry,Daylight
2022-11-16T18:40:00.000,I 75,I 75 and Sr 122,,Not a Collision with Motor Vehicle,2,Clear,Dry,Dark-Not Lighted
2022-11-16T18:40:00.000,I 75,I 75 and Sr 122,,Not a Collision with Motor Vehicle,2,Clear,Dry,Dark-Not Lighted
2022-09-23T17:25:00.000,I 75,I 75 and Sr 122,,Angle Crash,2,Clear,Dry,Daylight
2022-08-30T05:07:00.000,I 75,I 75 and Sr 122,,Not a Collision with Motor Vehicle,1,Cloudy,Dry,Dark-Not Lighted
2022-11-10T08:45:00.000,I 75,I 75 and Sr 122,,Rear End,2,Cloudy,Dry,Daylight
2022-05-29T22:09:00.000,I 75,I 75 and Sr 122,,Rear End,2,Clear,Dry,Dark-Not Lighted
2022-07-03T17:56:00.000,I 75,I 75 and Sr 122,,Not a Collision with Motor Vehicle,1,Clear,Dry,Daylight
2022-04-28T17:15:00.000,I 75,I 75 and Sr 122,,Not a Collision with Motor Vehicle,1,Clear,Dry,Daylight
2022-05-22T15:30:00.000,I 75,I 75 and Sr 122,,Not a Collision with Motor Vehicle,2,Cloudy,Dry,Daylight
2022-11-30T11:21:00.000,I 75,I 75 and Sr 122,,Rear End,2,Rain,Wet,Daylight
2022-06-13T03:45:00.000,I 75,I 75 and Sr 122,,Rear End,2,Clear,Dry,Dark-Not Lighted
2024-05-06T17:55:00.000,I 75,I 75 and Sr 122,,Not a Collision with Motor Vehicle,1,Rain,Wet,Daylight
2024-01-29T14:30:00.000,I 75,I 75 and Sr 122,,Angle Crash,3,Clear,Dry,Daylight
2024-03-21T13:05:00.000,I 75,I 75 and Sr 122,,Sideswipe-Same Direction,2,Clear,Dry,Daylight
2023-04-24T11:35:00.000,I 75,I 75 and Sr 122,,Rear End,3,Clear,Dry,Daylight
2023-05-14T08:50:00.000,I 75,I 75 and Sr 122,,Not a Collision with Motor Vehicle,1,Clear,Dry,Daylight
2023-08-07T13:45:00.000,I 75,I 75 and Sr 122,,Sideswipe-Same Direction,2,Clear,Dry,Daylight
2023-05-14T11:14:00.000,I 75,I 75 and Sr 122,,Angle Crash,2,Clear,Dry,Daylight
2023-12-02T15:55:00.000,I 75,I 75 and Sr 122,,Not a Collision with Motor Vehicle,1,Rain,Wet,Daylight
2023-03-12T12:45:00.000,I 75,I 75 and Sr 122,,Rear End,2,Clear,Dry,Daylight
2023-01-09T20:50:00.000,I 75,I 75 and Sr 122,,Not a Collision with Motor Vehicle,1,Clear,Dry,Dark-Not Lighted
2023-06-22T10:10:00.000,I 75,I 75 and Sr 122,,Sideswipe-Same Direction,2,Severe Thunderstorm or Tornadic,Wet,Daylight
2023-12-04T21:45:00.000,I 75,I 75 and Sr 122,,Angle Crash,2,Clear,Dry,Dark-Not Lighted
2024-04-19T23:50:00.000,I 75,I 75 and Sr 122,,Not a Collision with Motor Vehicle,1,Clear,Dry,Dark-Not Lighted
2024-04-07T23:35:00.000,I 75,I 75 and Sr 122,,Not a Collision with Motor Vehicle,2,Clear,Dry,Dark-Not Lighted
2024-08-30T11:40:00.000,I 75,I 75 and Sr 122,,Not a Collision with Motor Vehicle,1,Clear,Dry,Daylight
2024-10-18T12:00:00.000,I 75,I 75 and Sr 122,,Not a Collision with Motor Vehicle,1,Clear,Dry,Daylight
2024-06-17T18:56:00.000,I 75,I 75 and Sr 122,,Angle Crash,2,Clear,Dry,Daylight
2024-07-08T07:20:00.000,I 75,I 75 and Sr 122,,Sideswipe-Same Direction,2,Clear,Dry,Daylight
2024-09-07T08:30:00.000,I 75,I 75 and Sr 122,,Not a Collision with Motor Vehicle,1,Fog,Wet,Daylight
2024-07-17T09:10:00.000,I 75,I 75 and Sr 122,,Not a Collision with Motor Vehicle,2,Clear,Dry,Daylight
2024-05-20T20:35:00.000,I 75,I 75 and Sr 122,,Rear End,2,Clear,Dry,Dark-Not Lighted
2024-03-01T07:00:00.000,I 75,I 75 and Sr 122,,Sideswipe-Same Direction,2,Clear,Dry,Dawn
2020-06-10T06:39:00.000,I 75,I 75 and Sr 120,,Rear End,2,Cloudy,Wet,Daylight
2020-10-29T14:14:00.000,I 75,I 75 and Sr 120,,Sideswipe-Same Direction,2,Clear,Dry,Daylight
2022-05-17T17:30:00.000,I 75,I 75 and Sr 120,,Rear End,2,Clear,Dry,Daylight
2022-10-14T22:57:00.000,I 75,I 75 and Sr 120,,Sideswipe-Same Direction,2,Clear,Dry,Dark-Not Lighted
2022-12-14T13:30:00.000,I 75,I 75 and Sr 120,,Rear End,2,Rain,Wet,Daylight
2024-09-12T19:25:00.000,I 75,I 75 and Sr 120,,Rear End,2,Rain,Wet,Daylight
2023-06-30T09:04:00.000,I 75,I 75 and Sr 120,,Rear End,2,Clear,Dry,Daylight
2023-06-09T18:09:00.000,I 75,I 75 and Sr 120,,Rear End,2,Clear,Dry,Daylight
2024-09-12T15:35:00.000,I 75,I 75 and Sr 120,,Rear End,2,Cloudy,Dry,Daylight
2024-04-19T17:45:00.000,Sr 120,I 75 and Sr 120,,Rear End,2,Clear,Dry,Daylight
2024-10-03T07:55:00.000,I 75,I 75 and Sr 120,,Rear End,2,Clear,Dry,Daylight
2024-10-01T12:00:00.000,Sr 120,I 75 and Sr 120,,Sideswipe-Same Direction,2,Clear,Dry,Daylight
2021-03-10T18:33:00.000,I 75,I 75 and Sr 113,,Angle Crash,2,Clear,Dry,Daylight
2021-01-04T12:49:00.000,I 75,I 75 and Sr 113,,Sideswipe-Same Direction,2,Clear,Dry,Daylight
2021-04-28T02:45:00.000,I 75,I 75 and Sr 113,,Sideswipe-Same Direction,2,Clear,Dry,Dark-Not Lighted
2021-08-17T13:23:00.000,I 75,I 75 and Sr 113,,Not a Collision with Motor Vehicle,1,Rain,Wet,Daylight
2021-08-23T07:25:00.000,I 75,I 75 and Sr 113,,Sideswipe-Same Direction,2,Clear,Dry,Daylight
2021-09-13T11:21:00.000,I 75,I 75 and Sr 113,,Not a Collision with Motor Vehicle,1,Clear,Dry,Daylight
2021-06-18T12:45:00.000,I 75,I 75 and Sr 113,,Rear End,2,Clear,Dry,Daylight
2021-06-25T17:04:00.000,I 75,I 75 and Sr 113,,Rear End,2,Clear,Dry,Daylight
2021-01-07T18:14:00.000,I 75,I 75 and Sr 113,,Rear End,2,Rain,Wet,Dark-Not Lighted
2021-12-13T15:02:00.000,I 75,I 75 and Sr 113,,Sideswipe-Same Direction,2,Clear,Dry,Daylight
2021-12-22T17:31:00.000,I 75,I 75 and Sr 113,,Sideswipe-Same Direction,2,Clear,Dry,Dusk
2021-06-09T15:58:00.000,I 75,I 75 and Sr 113,,Rear End,2,Rain,Wet,Dark-Lighted
2021-12-03T22:39:00.000,I 75,I 75 and Sr 113,,Sideswipe-Same Direction,2,Clear,Dry,Dark-Not Lighted
2021-06-17T09:24:00.000,I 75,I 75 and Sr 113,,Sideswipe-Same Direction,2,Clear,Dry,Daylight
2023-12-26T15:54:00.000,I 75,I 75 and Sr 113,,Sideswipe-Same Direction,2,Rain,Wet,Daylight
2023-09-11T11:23:00.000,I 75,I 75 and Sr 113,,Rear End,2,Clear,Dry,Daylight
2023-04-03T06:13:00.000,I 75,I 75 and Sr 113,,Sideswipe-Same Direction,2,Clear,Dry,Dusk
2023-02-27T03:30:00.000,I 75,I 75 and Sr 113,,Not a Collision with Motor Vehicle,1,Clear,Dry,Dark-Not Lighted
2023-01-18T17:35:00.000,I 75,I 75 and Sr 113,,Rear End,2,Clear,Dry,Dark-Lighted
2023-10-19T07:13:00.000,I 75,I 75 and Sr 113,,Sideswipe-Same Direction,2,Clear,Dry,Dark-Not Lighted
2023-10-21T03:13:00.000,I 75,I 75 and Sr 113,,Sideswipe-Same Direction,2,Clear,Dry,Dark-Not Lighted
2023-07-29T15:50:00.000,I 75,I 75 and Sr 113,,Rear End,2,Cloudy,Wet,Daylight
2023-04-01T19:53:00.000,I 75,I 75 and Sr 113,,Sideswipe-Same Direction,2,Clear,Dry,Daylight
2023-11-09T05:03:00.000,I 75,I 75 and Sr 113,,Sideswipe-Same Direction,2,Clear,Dry,Dark-Not Lighted
2023-02-07T10:08:00.000,I 75,I 75 and Sr 113,,Rear End,2,Clear,Dry,Daylight
2022-06-17T19:31:00.000,I 75,I 75 and Sr 113,,Rear End,3,Clear,Dry,Daylight
2022-10-17T06:15:00.000,I 75,I 75 and Sr 113,,Sideswipe-Same Direction,2,Clear,Dry,Dark-Not Lighted
2020-09-09T14:14:00.000,I 75,I 75 and Sr 113,,Sideswipe-Same Direction,2,Clear,Dry,Daylight
2020-12-22T21:38:00.000,I 75,I 75 and Sr 113,,Angle Crash,2,Clear,Dry,Dark-Not Lighted
2020-08-15T12:29:00.000,I 75,I 75 and Sr 113,,Not a Collision with Motor Vehicle,1,Rain,Wet,Daylight
2020-09-23T15:07:00.000,I 75,I 75 and Sr 113,,Not a Collision with Motor Vehicle,1,Clear,Dry,Daylight
2020-02-11T07:35:00.000,I 75,I 75 and Sr 113,,Rear End,2,Cloudy,Wet,Dawn
2020-11-06T18:46:00.000,I 75,I 75 and Sr 113,,Angle Crash,2,Clear,Dry,Dark-Not Lighted
2020-11-16T06:43:00.000,I 75,I 75 and Sr 113,,Sideswipe-Same Direction,2,Clear,Dry,Daylight
2020-08-08T18:32:00.000,I 75,I 75 and Sr 113,,Head On,4,Clear,Dry,Daylight
2020-06-27T15:09:00.000,I 75,I 75 and Sr 113,,Not a Collision with Motor Vehicle,1,Cloudy,Dry,Daylight
2020-12-15T11:15:00.000,I 75,I 75 and Sr 113,,Sideswipe-Same Direction,2,Clear,Dry,Daylight
2020-01-15T16:37:00.000,I 75,I 75 and Sr 113,,Rear End,3,Cloudy,Dry,Daylight
2020-09-16T21:19:00.000,I 75,I 75 and Sr 113,,Angle Crash,2,Rain,Wet,Dark-Not Lighted
2020-07-18T06:00:00.000,I 75,I 75 and Sr 113,,Sideswipe-Same Direction,2,Clear,Wet,Dawn
2020-02-06T03:27:00.000,I 75,I 75 and Sr 113,,Rear End,3,Rain,Wet,Dark-Not Lighted
2021-02-12T23:34:00.000,I 75,I 75 and Sr 113,,Sideswipe-Same Direction,2,Rain,Wet,Dark-Not Lighted
2021-05-01T17:23:00.000,I 75,I 75 and Sr 113,,Sideswipe-Same Direction,2,Clear,Dry,Daylight
2021-12-18T11:56:00.000,I 75,I 75 and Sr 113,,Rear End,3,Rain,Wet,Daylight
2021-12-09T07:00:00.000,I 75,I 75 and Sr 113,,Sideswipe-Same Direction,2,Clear,Dry,Dawn
2021-10-14T20:06:00.000,I 75,I 75 and Sr 113,,Sideswipe-Same Direction,2,Clear,Dry,Dark-Not Lighted
2021-12-19T10:43:00.000,I 75,I 75 and Sr 113,,Sideswipe-Same Direction,2,Clear,Dry,Daylight
2021-11-03T20:34:00.000,I 75,I 75 and Sr 113,,Rear End,2,Rain,Wet,Dark-Not Lighted
2021-08-17T08:39:00.000,I 75,I 75 and Sr 113,,Sideswipe-Same Direction,2,Rain,Wet,Daylight
2022-04-27T17:43:00.000,I 75,I 75 and Sr 113,,Sideswipe-Same Direction,3,Clear,Dry,Daylight
2022-05-01T15:04:00.000,I 75,I 75 and Sr 113,,Angle Crash,2,Clear,Dry,Daylight
2022-06-16T17:32:00.000,I 75,I 75 and Sr 113,,Sideswipe-Same Direction,2,Clear,Dry,Daylight
2022-04-05T00:44:00.000,I 75,I 75 and Sr 113,,Not a Collision with Motor Vehicle,2,Clear,Dry,Dark-Not Lighted
2022-04-08T21:37:00.000,I 75,I 75 and Sr 113,,Sideswipe-Same Direction,2,Clear,Dry,Dark-Not Lighted
2022-07-26T17:34:00.000,I 75,I 75 and Sr 113,,Sideswipe-Same Direction,2,Clear,Dry,Daylight
2022-01-03T11:03:00.000,I 75,I 75 and Sr 113,,Not a Collision with Motor Vehicle,1,Cloudy,Dry,Daylight
2022-02-16T20:53:00.000,I 75,I 75 and Sr 113,,Sideswipe-Same Direction,2,Clear,Dry,Dark-Not Lighted
2022-07-07T10:45:00.000,I 75,I 75 and Sr 113,,Not a Collision with Motor Vehicle,1,Clear,Dry,Daylight
2022-03-22T16:43:00.000,I 75,I 75 and Sr 113,,Sideswipe-Same Direction,2,Clear,Dry,Daylight