Date and Time,Roadway (From Crash Report),Intersection Name (from Crash Report),KABCO Severity,Manner of Collision (Crash Level) ,# of Vehicles per crash ,Weather Conditions (Crash Level),Surface Condition (Crash Level) ,Light Conditions (Crash Level)
2021-06-28T22:10:00.000,I 75,I 75 and Sparks Cutoff Rd,,Angle Crash,2,Clear,Dry,Dark-Not Lighted
2023-07-15T21:25:00.000,I 75,I 75 and Sparks Cutoff Rd,,Not a Collision with Motor Vehicle,1,Rain,Wet,Dark-Not Lighted
2023-05-24T10:30:00.000,I 75,I 75 and Sparks Cutoff Rd,,Rear End,2,Cloudy,Dry,Daylight
2023-10-18T14:07:00.000,I 75,I 75 and Sparks Cutoff Rd,,Not a Collision with Motor Vehicle,1,Clear,Dry,Daylight
2023-10-27T23:40:00.000,I 75,I 75 and Sparks Cutoff Rd,,Not a Collision with Motor Vehicle,1,Clear,Dry,Dark-Not Lighted
2023-08-17T11:47:00.000,I 75,I 75 and Sparks Cutoff Rd,,Sideswipe-Same Direction,2,Clear,Dry,Daylight
2020-12-28T04:30:00.000,I 75,I 75 and Sparks Cutoff Rd,,Rear End,2,Clear,Dry,Dark-Not Lighted
2020-04-19T17:44:00.000,I 75,I 75 and Sparks Cutoff Rd,,Angle Crash,2,Rain,Wet,Daylight
2020-07-22T22:11:00.000,I 75,I 75 and Sparks Cutoff Rd,,Rear End,2,Clear,Dry,Dark-Not Lighted
2020-09-16T17:00:00.000,I 75,I 75 and Sparks Cutoff Rd,,Not a Collision with Motor Vehicle,1,Rain,Wet,Daylight
2021-05-25T19:37:00.000,I 75,I 75 and Sparks Cutoff Rd,,Rear End,2,Clear,Dry,Daylight
2021-06-10T16:21:00.000,I 75,I 75 and Sparks Cutoff Rd,,Sideswipe-Same Direction,2,Clear,Dry,Daylight
2022-09-20T16:30:00.000,I 75,I 75 and Sparks Cutoff Rd,,Rear End,2,Clear,Dry,Daylight
2022-03-24T16:48:00.000,I 75,I 75 and Sparks Cutoff Rd,,Angle Crash,2,Cloudy,Dry,Daylight
2022-07-18T10:30:00.000,I 75,I 75 and Sparks Cutoff Rd,,Angle Crash,2,Rain,Wet,Daylight
2022-09-07T05:15:00.000,I 75,I 75 and Sparks Cutoff Rd,,Sideswipe-Same Direction,2,Clear,Dry,Dark-Not Lighted
2022-07-02T16:45:00.000,I 75,I 75 and Sparks Cutoff Rd,,Not a Collision with Motor Vehicle,1,Rain,Wet,Daylight
2022-08-27T08:40:00.000,I 75,I 75 and Sparks Cutoff Rd,,Angle Crash,2,Cloudy,Dry,Daylight
2023-08-16T17:55:00.000,I 75,I 75 and Sparks Cutoff Rd,,Not a Collision with Motor Vehicle,1,Clear,Dry,Daylight
2023-11-13T19:50:00.000,I 75,I 75 and Sparks Cutoff Rd,,Not a Collision with Motor Vehicle,1,Clear,Dry,Dark-Not Lighted
2023-03-17T22:29:00.000,I 75,I 75 and Sparks Cutoff Rd,,Not a Collision with Motor Vehicle,1,Rain,Wet,Dark-Not Lighted
2024-03-02T10:55:00.000,I 75,I 75 and Sparks Cutoff Rd,,Sideswipe-Same Direction,2,Fog,Dry,Daylight
2023-10-02T03:15:00.000,I 75,I 75 and Sparks Cutoff Rd,,Sideswipe-Same Direction,2,Clear,Dry,Dark-Not Lighted
2023-03-13T02:30:00.000,I 75,I 75 and Sparks Cutoff Rd,,Sideswipe-Same Direction,2,Cloudy,Wet,Dark-Not Lighted
2023-12-31T09:50:00.000,I 75,I 75 and Sparks Cutoff Rd,,Sideswipe-Same Direction,2,Clear,Dry,Daylight
2023-01-22T17:24:00.000,I 75,I 75 and Sparks Cutoff Rd,,Not a Collision with Motor Vehicle,1,Severe Thunderstorm or Tornadic,Wet,Daylight
2023-05-26T15:20:00.000,I 75,I 75 and Sparks Cutoff Rd,,Not a Collision with Motor Vehicle,1,Cloudy,Dry,Daylight
2023-01-07T18:43:00.000,I 75,I 75 and Sparks Cutoff Rd,,Rear End,2,Clear,Dry,Dark-Not Lighted
2024-07-27T21:00:00.000,I 75,I 75 and Sparks Cutoff Rd,,Not a Collision with Motor Vehicle,1,Rain,Wet,Dark-Not Lighted
2024-04-15T13:48:00.000,I 75,I 75 and Sparks Cutoff Rd,,Not a Collision with Motor Vehicle,1,Clear,Dry,Daylight
2024-06-13T12:32:00.000,I 75,I 75 and Sparks Cutoff Rd,,Not a Collision with Motor Vehicle,1,Clear,Dry,Daylight
2024-06-23T13:05:00.000,I 75,I 75 and Sparks Cutoff Rd,,Sideswipe-Same Direction,2,Cloudy,Dry,Daylight
2020-10-28T18:10:00.000,I 75,I 75 and Sparks Cut Off Rd,,Not a Collision with Motor Vehicle,2,Clear,Dry,Daylight
2020-01-03T15:03:00.000,I 75,I 75 and Sparks Cut Off Rd,,Sideswipe-Same Direction,2,Cloudy,Dry,Daylight
2020-07-28T14:40:00.000,I 75,I 75 and Sparks Cut Off Rd,,Not a Collision with Motor Vehicle,1,Rain,Wet,Daylight
2024-01-30T12:54:00.000,I 75,I 75 and Sparks Cut Off,,Not a Collision with Motor Vehicle,2,Clear,Dry,Daylight
2021-09-10T21:30:00.000,I 75,I 75 and Spalding County Line,,Not a Collision with Motor Vehicle,1,Clear,Dry,Dark-Not Lighted
2022-06-21T11:33:00.000,I 75,I 75 and Spalding County Line,,Sideswipe-Same Direction,2,Clear,Dry,Daylight
2023-12-10T13:50:00.000,I 75,I 75 and Southwell Boulivard,,Angle Crash,2,Rain,Wet,Daylight
2024-02-26T17:10:00.000,I 75,I 75 and Southwell Boulivard,,Not a Collision with Motor Vehicle,1,Clear,Dry,Daylight
2023-01-22T20:30:00.000,I 75,I 75 and Southwell Boulevard Mm59,,Not a Collision with Motor Vehicle,1,Rain,Wet,Dark-Lighted
2023-11-26T21:42:00.000,I 75,I 75 and Southwell Boulevard Mm59,,Rear End,2,Cloudy,Dry,Dark-Not Lighted
2022-06-05T09:24:00.000,I 75,I 75 and Southwell Boulevard Mm59,,Sideswipe-Same Direction,2,Clear,Dry,Daylight
2022-06-03T10:24:00.000,I 75,I 75 and Southwell Boulevard Mm 59,,Not a Collision with Motor Vehicle,2,Clear,Dry,Daylight
2022-05-28T20:08:00.000,I 75,I 75 and Southwell Boulevard Mm 59,,Sideswipe-Same Direction,2,Clear,Dry,Daylight
2023-03-14T23:10:00.000,I 75,I 75 and Southwell Boulevard Exit 59,,Not a Collision with Motor Vehicle,2,Clear,Dry,Dark-Not Lighted
2023-05-06T18:00:00.000,I 75,I 75 and Southwell Boulavard,,Rear End,2,Cloudy,Dry,Daylight
2024-07-27T15:55:00.000,I 75,I 75 and Southwell Blvd Exit 59,,Sideswipe-Same Direction,2,Rain,Wet,Daylight
2024-07-02T17:55:00.000,I 75,I 75 and Southwell Blvd Exit 59,,Sideswipe-Same Direction,2,Rain,Wet,Daylight
2021-05-04T09:43:00.000,I 75,I 75 and Southwell Blvd,,Not a Collision with Motor Vehicle,1,Cloudy,Dry,Daylight
2021-04-24T10:48:00.000,I 75,I 75 and Southwell Blvd,,Not a Collision with Motor Vehicle,1,Rain,Wet,Daylight
2021-06-16T08:15:00.000,I 75,I 75 and Southwell Blvd,,Sideswipe-Same Direction,1,Clear,Dry,Daylight
2021-07-05T13:10:00.000,I 75,I 75 and Southwell Blvd,,Rear End,3,Rain,Wet,Daylight
2021-12-11T21:57:00.000,I 75,I 75 and Southwell Blvd,,Not a Collision with Motor Vehicle,1,Rain,Wet,Dark-Not Lighted
2021-04-27T13:40:00.000,I 75,I 75 and Southwell Blvd,,Sideswipe-Same Direction,2,Clear,Dry,Daylight
2021-02-15T17:48:00.000,I 75,I 75 and Southwell Blvd,,Not a Collision with Motor Vehicle,1,Rain,Wet,Dark-Not Lighted
2021-12-10T02:30:00.000,I 75,I 75 and Southwell Blvd,,Sideswipe-Opposite Direction,1,Fog,Wet,Dark-Lighted
2021-02-07T05:14:00.000,I 75,I 75 and Southwell Blvd,,Not a Collision with Motor Vehicle,1,Cloudy,Wet,Dark-Lighted
2021-01-09T04:13:00.000,I 75,I 75 and Southwell Blvd,,Rear End,3,Clear,Dry,Dark-Not Lighted
2021-10-03T14:35:00.000,I 75,I 75 and Southwell Blvd,,Rear End,3,Cloudy,Dry,Daylight
2021-07-12T22:15:00.000,I 75,I 75 and Southwell Blvd,,Not a Collision with Motor Vehicle,1,Rain,Wet,Dark-Not Lighted
2021-10-01T15:00:00.000,I 75,I 75 and Southwell Blvd,,Not a Collision with Motor Vehicle,2,Clear,Dry,Daylight
2021-02-05T19:00:00.000,I 75,I 75 and Southwell Blvd,,Angle Crash,2,Rain,Wet,Dark-Not Lighted
2023-06-11T15:40:00.000,I 75,I 75 and Southwell Blvd,,Rear End,2,Clear,Dry,Daylight
2023-08-03T15:45:00.000,I 75,I 75 and Southwell Blvd,,Sideswipe-Same Direction,2,Clear,Dry,Daylight
2023-01-22T15:02:00.000,I 75,I 75 and Southwell Blvd,,Not a Collision with Motor Vehicle,1,Severe Thunderstorm or Tornadic,Wet,Daylight
2023-12-16T19:13:00.000,I 75,I 75 and Southwell Blvd,,Rear End,3,Rain,Wet,Dark-Not Lighted
2023-02-16T06:55:00.000,I 75,I 75 and Southwell Blvd,,Rear End,2,Clear,Dry,Dawn
2023-03-17T22:35:00.000,I 75,I 75 and Southwell Blvd,,Rear End,2,Rain,Wet,Dark-Not Lighted
2023-05-14T02:05:00.000,I 75,I 75 and Southwell Blvd,,Sideswipe-Same Direction,1,Clear,Dry,Dark-Not Lighted
2023-12-16T18:41:00.000,I 75,I 75 and Southwell Blvd,,Not a Collision with Motor Vehicle,1,Rain,Wet,Dark-Not Lighted
2023-01-22T15:03:00.000,I 75,I 75 and Southwell Blvd,,Not a Collision with Motor Vehicle,1,Rain,Wet,Daylight
2023-05-12T17:00:00.000,I 75,I 75 and Southwell Blvd,,Sideswipe-Same Direction,1,Rain,Wet,Daylight
2023-10-12T06:04:00.000,I 75,I 75 and Southwell Blvd,,Not a Collision with Motor Vehicle,1,Rain,Dry,Dark-Not Lighted
2023-10-02T12:07:00.000,I 75,I 75 and Southwell Blvd,,Angle Crash,5,Clear,Dry,Daylight
2022-08-01T21:10:00.000,I 75,I 75 and Southwell Blvd,,Not a Collision with Motor Vehicle,1,Clear,Dry,Dark-Not Lighted
2024-04-24T15:19:00.000,I 75,I 75 and Southwell Blvd,,Not a Collision with Motor Vehicle,1,Cloudy,Dry,Daylight
2020-03-19T18:56:00.000,I 75,I 75 and Southwell Blvd,,Sideswipe-Same Direction,2,Clear,Dry,Daylight
2020-12-31T12:23:00.000,I 75,I 75 and Southwell Blvd,,Not a Collision with Motor Vehicle,1,Rain,Wet,Daylight
2020-12-04T05:45:00.000,I 75,I 75 and Southwell Blvd,,Not a Collision with Motor Vehicle,1,Clear,Dry,Dark-Not Lighted
2020-09-15T17:12:00.000,I 75,I 75 and Southwell Blvd,,Not a Collision with Motor Vehicle,1,Rain,Wet,Daylight
2020-01-27T17:35:00.000,I 75,I 75 and Southwell Blvd,,Sideswipe-Same Direction,2,Clear,Dry,Daylight
2020-11-11T05:39:00.000,I 75,I 75 and Southwell Blvd,,Angle Crash,1,Rain,Wet,Dark-Lighted
2020-10-17T19:50:00.000,I 75,I 75 and Southwell Blvd,,Not a Collision with Motor Vehicle,2,Clear,Dry,Dark-Not Lighted
2020-10-23T02:53:00.000,I 75,I 75 and Southwell Blvd,,Rear End,2,Clear,Dry,Dark-Lighted
2020-12-24T13:33:00.000,I 75,I 75 and Southwell Blvd,,Not a Collision with Motor Vehicle,1,Rain,Wet,Daylight
2020-08-23T17:30:00.000,I 75,I 75 and Southwell Blvd,,Sideswipe-Same Direction,2,Rain,Wet,Daylight
2020-04-23T16:49:00.000,I 75,I 75 and Southwell Blvd,,Not a Collision with Motor Vehicle,1,Rain,Wet,Daylight
2020-06-12T11:42:00.000,I 75,I 75 and Southwell Blvd,,Not a Collision with Motor Vehicle,1,Cloudy,Dry,Daylight
2020-12-24T15:34:00.000,I 75,I 75 and Southwell Blvd,,Not a Collision with Motor Vehicle,1,Rain,Wet,Daylight
2020-01-04T04:12:00.000,I 75,I 75 and Southwell Blvd,,Angle Crash,1,Rain,Wet,Dark-Lighted
2020-08-17T12:25:00.000,I 75,I 75 and Southwell Blvd,,Sideswipe-Same Direction,2,Clear,Dry,Daylight
2020-04-02T21:17:00.000,I 75,I 75 and Southwell Blvd,,Not a Collision with Motor Vehicle,1,Clear,Dry,Dark-Lighted
2020-01-22T10:45:00.000,I 75,I 75 and Southwell Blvd,,Rear End,2,Clear,Dry,Daylight
2021-06-30T21:15:00.000,I 75,I 75 and Southwell Blvd,,Sideswipe-Same Direction,2,Rain,Wet,Dark-Lighted
2021-01-10T07:18:00.000,I 75,I 75 and Southwell Blvd,,Not a Collision with Motor Vehicle,1,Clear,Dry,Daylight
2021-01-09T04:13:00.000,I 75,I 75 and Southwell Blvd,,Sideswipe-Same Direction,2,Clear,Dry,Dark-Not Lighted
2021-02-28T17:28:00.000,I 75,I 75 and Southwell Blvd,,Sideswipe-Same Direction,2,Clear,Dry,Daylight
2021-03-11T17:50:00.000,I 75,I 75 and Southwell Blvd,,Not a Collision with Motor Vehicle,1,Clear,Dry,Daylight
2021-05-13T05:27:00.000,I 75,I 75 and Southwell Blvd,,Not a Collision with Motor Vehicle,1,Rain,Wet,Dark-Lighted
2021-03-18T10:50:00.000,I 75,I 75 and Southwell Blvd,,Not a Collision with Motor Vehicle,1,Rain,Wet,Daylight
2021-10-08T09:40:00.000,I 75,I 75 and Southwell Blvd,,Sideswipe-Same Direction,1,Rain,Wet,Daylight
2021-12-19T11:56:00.000,I 75,I 75 and Southwell Blvd,,Sideswipe-Same Direction,2,Cloudy,Wet,Daylight
2021-07-06T17:27:00.000,I 75,I 75 and Southwell Blvd,,Not a Collision with Motor Vehicle,1,Rain,Wet,Daylight
2022-12-28T05:12:00.000,I 75,I 75 and Southwell Blvd,,Not a Collision with Motor Vehicle,1,Clear,Dry,Dark-Lighted
2022-11-27T07:54:00.000,I 75,I 75 and Southwell Blvd,,Not a Collision with Motor Vehicle,1,Rain,Wet,Daylight
2021-09-20T00:35:00.000,I 75,I 75 and Southwell Blvd,,Not a Collision with Motor Vehicle,1,Clear,Wet,Dark-Not Lighted
2021-07-18T20:06:00.000,I 75,I 75 and Southwell Blvd,,Not a Collision with Motor Vehicle,1,Rain,Wet,Daylight
2022-08-08T19:27:00.000,I 75,I 75 and Southwell Blvd,,Angle Crash,2,Rain,Wet,Daylight
2022-09-05T13:40:00.000,I 75,I 75 and Southwell Blvd,,Sideswipe-Same Direction,2,Clear,Dry,Daylight
2022-11-04T01:03:00.000,I 75,I 75 and Southwell Blvd,,Angle Crash,1,Clear,Dry,Dark-Lighted
2022-04-06T23:35:00.000,I 75,I 75 and Southwell Blvd,,Not a Collision with Motor Vehicle,1,Rain,Wet,Dark-Not Lighted
2022-12-10T06:00:00.000,I 75,I 75 and Southwell Blvd,,Sideswipe-Same Direction,2,Fog,Dry,Dark-Lighted
2021-12-06T22:38:00.000,I 75,I 75 and Southwell Blvd,,Not a Collision with Motor Vehicle,1,Clear,Wet,Dark-Lighted
2021-10-28T08:30:00.000,I 75,I 75 and Southwell Blvd,,Not a Collision with Motor Vehicle,1,Rain,Wet,Daylight
2022-09-25T00:02:00.000,I 75,I 75 and Southwell Blvd,,Not a Collision with Motor Vehicle,2,Clear,Dry,Dark-Lighted
2022-02-04T09:47:00.000,I 75,I 75 and Southwell Blvd,,Not a Collision with Motor Vehicle,1,Rain,Wet,Daylight
2022-12-23T09:39:00.000,I 75,I 75 and Southwell Blvd,,Rear End,3,Clear,Dry,Daylight
2022-11-27T07:53:00.000,I 75,I 75 and Southwell Blvd,,Not a Collision with Motor Vehicle,1,Rain,Wet,Daylight
2022-11-25T01:50:00.000,I 75,I 75 and Southwell Blvd,,Head On,1,Fog,Wet,Dark-Lighted
2022-07-14T14:12:00.000,I 75,I 75 and Southwell Blvd,,Not a Collision with Motor Vehicle,1,Rain,Wet,Daylight
2022-07-29T21:20:00.000,I 75,I 75 and Southwell Blvd,,Sideswipe-Same Direction,2,Clear,Dry,Dark-Lighted
2024-09-05T13:32:00.000,I 75,I 75 and Southwell Blvd,,Not a Collision with Motor Vehicle,2,Cloudy,Dry,Daylight
2023-03-01T15:13:00.000,I 75,I 75 and Southwell Blvd,,Sideswipe-Same Direction,2,Cloudy,Dry,Daylight
2023-01-24T13:01:00.000,I 75,I 75 and Southwell Blvd,,Rear End,2,Clear,Dry,Daylight
2023-07-30T13:45:00.000,I 75,I 75 and Southwell Blvd,,Not a Collision with Motor Vehicle,1,Clear,Dry,Daylight
2023-09-11T14:10:00.000,I 75,I 75 and Southwell Blvd,,Not a Collision with Motor Vehicle,2,Cloudy,Dry,Daylight
2023-01-07T05:10:00.000,I 75,I 75 and Southwell Blvd,,Sideswipe-Same Direction,1,Clear,Dry,Dark-Lighted
2023-10-02T12:07:00.000,I 75,I 75 and Southwell Blvd,,Not a Collision with Motor Vehicle,1,Clear,Dry,Daylight
2023-06-22T08:32:00.000,I 75,I 75 and Southwell Blvd,,Not a Collision with Motor Vehicle,1,Rain,Wet,Daylight
2023-12-10T18:55:00.000,I 75,I 75 and Southwell Blvd,,Not a Collision with Motor Vehicle,1,Rain,Wet,Dark-Not Lighted
2023-06-05T18:50:00.000,I 75,I 75 and Southwell Blvd,,Rear End,2,Clear,Dry,Daylight
2023-07-07T12:00:00.000,I 75,I 75 and Southwell Blvd,,Angle Crash,2,Clear,Dry,Daylight
2023-04-30T07:29:00.000,I 75,I 75 and Southwell Blvd,,Not a Collision with Motor Vehicle,1,Cloudy,Wet,Daylight
2024-07-31T07:30:00.000,I 75,I 75 and Southwell Blvd,,Angle Crash,2,Clear,Dry,Daylight
2024-05-01T12:58:00.000,I 75,I 75 and Southwell Blvd,,Rear End,2,Cloudy,Dry,Daylight
2024-07-02T17:30:00.000,I 75,I 75 and Southwell Blvd,,Not a Collision with Motor Vehicle,1,Rain,Wet,Daylight
2024-09-08T17:38:00.000,I 75,I 75 and Southwell Blvd,,Rear End,2,Rain,Wet,Daylight
2024-04-02T21:15:00.000,I 75,I 75 and Southwell Blvd,,Sideswipe-Same Direction,2,Clear,Dry,Dark-Not Lighted
2024-09-26T20:00:00.000,I 75,I 75 and Southwell Blvd,,Not a Collision with Motor Vehicle,1,Severe Thunderstorm or Tornadic,Wet,Dark-Not Lighted
2024-07-27T15:52:00.000,I 75,I 75 and Southwell Blvd,,Rear End,2,Rain,Wet,Daylight
2024-03-24T21:15:00.000,I 75,I 75 and Southwell Blvd,,Not a Collision with Motor Vehicle,2,Clear,Dry,Dark-Not Lighted
2024-08-28T13:26:00.000,I 75,I 75 and Southwell Blvd,,Sideswipe-Same Direction,2,Clear,Dry,Daylight
2024-08-21T17:40:00.000,I 75,I 75 and Southwell Blvd,,Sideswipe-Same Direction,2,Clear,Dry,Daylight
2024-05-04T16:35:00.000,I 75,I 75 and Southwell Blvd,,Not a Collision with Motor Vehicle,1,Rain,Wet,Daylight
2022-07-28T15:32:00.000,I 75,I 75 and Southof Mm 281,,Rear End,2,Clear,Dry,Daylight
2023-11-11T13:00:00.000,I 75,I 75 and Southfield Pkwy,,Sideswipe-Same Direction,4,Clear,Dry,Daylight
2020-07-20T00:52:00.000,I 75,I 75 and Southfield Pkwy,,Sideswipe-Same Direction,2,Clear,Dry,Dark-Not Lighted
2021-09-08T07:30:00.000,I 75,I 75 and Southfield Pkwy,,Rear End,3,Clear,Dry,Daylight
2022-04-29T23:55:00.000,I 75,I 75 and Southfield Pkwy,,Sideswipe-Same Direction,3,Clear,Dry,Dark-Not Lighted
2024-08-02T11:25:00.000,I 75,I 75 and Southfield Pkwy,,Angle Crash,2,Clear,Dry,Daylight
2024-12-30T00:00:00.000,I 75,I 75 and Southfield Pkwy,,Sideswipe-Same Direction,3,Clear,Dry,Dawn
2024-12-20T08:55:00.000,I 75,I 75 and Southfield Pkwy,,Rear End,2,Clear,Dry,Daylight
2022-08-20T20:28:00.000,I 75,I 75 and Sommers Dr,,Rear End,4,Rain,Wet,Dark-Not Lighted
2021-04-13T07:50:00.000,I 75,I 75 and Smarietta Pkwy,,Sideswipe-Same Direction,2,Clear,Dry,Daylight
2021-05-06T17:13:00.000,I 75,I 75 and Smarietta Pkwy,,Rear End,2,Clear,Dry,Daylight
2021-01-13T06:05:00.000,I 75,I 75 and Smarietta Pkwy,,Not a Collision with Motor Vehicle,1,Clear,Dry,Dark-Not Lighted
2021-05-25T09:22:00.000,I 75,I 75 and Smarietta Pkwy,,Rear End,2,Clear,Dry,Daylight
2021-07-13T18:50:00.000,I 75,I 75 and Smarietta Pkwy,,Rear End,2,Rain,Wet,Daylight
2020-09-03T11:05:00.000,I 75,I 75 and Smarietta Pkwy,,Sideswipe-Same Direction,2,Clear,Dry,Daylight
2020-12-17T16:15:00.000,I 75,I 75 and Smarietta Pkwy,,Sideswipe-Same Direction,2,Clear,Dry,Daylight
2020-07-24T00:45:00.000,I 75,I 75 and Smarietta Pkwy,,Head On,2,Cloudy,Dry,Daylight
2020-02-28T13:02:00.000,I 75,I 75 and Smarietta Pkwy,,Rear End,2,Cloudy,Dry,Daylight
2020-07-02T15:35:00.000,I 75,I 75 and Smarietta Pkwy,,Rear End,2,Cloudy,Dry,Daylight
2021-02-11T16:58:00.000,I 75,I 75 and Smarietta Pkwy,,Rear End,4,Rain,Wet,Daylight
2021-01-22T18:50:00.000,I 75,I 75 and Smarietta Pkwy,,Rear End,2,Clear,Dry,Dark-Not Lighted
2021-03-12T15:57:00.000,I 75,I 75 and Smarietta Pkwy,,Rear End,2,Clear,Dry,Daylight
2021-06-14T16:00:00.000,I 75,I 75 and Smarietta Pkwy,,Rear End,2,Clear,Dry,Daylight
2021-03-10T13:45:00.000,I 75,I 75 and Smarietta Pkwy,,Rear End,2,Clear,Dry,Daylight
2021-07-14T17:14:00.000,I 75,I 75 and Smarietta Pkwy,,Rear End,2,Cloudy,Dry,Daylight
2023-03-22T14:10:00.000,I 75,I 75 and Skipper Rd,,Rear End,2,Clear,Dry,Daylight
2024-12-10T13:10:00.000,I 75,I 75 and Skip Spann Connector,,Rear End,3,Rain,Wet,Daylight
2024-12-10T13:10:00.000,I 75,I 75 and Skip Spann Connector,,Rear End,3,Rain,Wet,Daylight
2021-06-19T16:40:00.000,I 75,I 75 and Skip Spann Conn,,Not a Collision with Motor Vehicle,1,Rain,Water (standing or moving),Daylight
2023-06-03T14:02:00.000,I 75,I 75 and Skip Spann Conn,,Rear End,2,Clear,Dry,Daylight
2020-06-06T10:40:00.000,I 75,I 75 and Skip Spann Conn,,Rear End,2,Clear,Dry,Daylight
2020-07-05T14:00:00.000,I 75,I 75 and Skip Spann Conn,,Rear End,2,Clear,Dry,Daylight
2021-03-14T15:40:00.000,I 75,I 75 and Skip Spann Conn,,Rear End,2,Cloudy,Dry,Daylight
2022-02-23T09:26:00.000,I 75,I 75 and Skip Spann Conn,,Rear End,2,Rain,Wet,Daylight
2022-11-05T12:00:00.000,I 75,I 75 and Skip Spann Conn,,Not a Collision with Motor Vehicle,1,Cloudy,Dry,Daylight
2022-04-21T23:00:00.000,I 75,I 75 and Skip Spann Conn,,Not a Collision with Motor Vehicle,1,Cloudy,Dry,Dark-Not Lighted
2024-03-27T17:19:00.000,I 75,I 75 and Skip Spann Conn,,Sideswipe-Same Direction,2,Clear,Dry,Daylight
2023-12-10T15:32:00.000,I 75,I 75 and Skip Spann Conn,,Sideswipe-Same Direction,2,Rain,Wet,Daylight
2023-10-20T18:33:00.000,I 75,I 75 and Skip Spann Conn,,Rear End,2,Clear,Dry,Daylight
2024-03-13T12:06:00.000,I 75,I 75 and Skip Spann Conn,,Sideswipe-Same Direction,2,Cloudy,Dry,Daylight
2023-01-30T19:25:00.000,I 75,I 75 and Shoiloh Rd,,Rear End,2,Clear,Dry,Dark-Not Lighted
2023-07-13T16:11:00.000,I 75,I 75 and Shiloh Road Opas,,Rear End,2,Clear,Dry,Daylight
2024-10-31T14:21:00.000,I 75,I 75 and Shiloh Road Opas,,Rear End,2,Clear,Dry,Daylight
2024-10-31T14:48:00.000,I 75,I 75 and Shiloh Road Opas,,Rear End,2,Clear,Dry,Daylight
2021-03-15T11:39:00.000,I 75,I 75 and Shiloh Rd,,Rear End,2,Clear,Dry,Daylight
2021-05-16T12:50:00.000,I 75,I 75 and Shiloh Rd,,Not a Collision with Motor Vehicle,1,Clear,Dry,Daylight
2021-07-25T16:05:00.000,I 75,I 75 and Shiloh Rd,,Sideswipe-Same Direction,2,Clear,Dry,Daylight
2021-05-19T18:02:00.000,I 75,I 75 and Shiloh Rd,,Sideswipe-Same Direction,2,Clear,Dry,Daylight
2021-06-13T11:27:00.000,I 75,I 75 and Shiloh Rd,,Sideswipe-Same Direction,2,Clear,Dry,Daylight
2021-03-07T12:38:00.000,I 75,I 75 and Shiloh Rd,,Angle Crash,2,Clear,Dry,Daylight
2021-09-11T08:59:00.000,I 75,I 75 and Shiloh Rd,,Sideswipe-Same Direction,2,Clear,Dry,Daylight
2021-12-06T23:13:00.000,I 75,I 75 and Shiloh Rd,,Not a Collision with Motor Vehicle,1,Cloudy,Wet,Dark-Not Lighted
2020-03-10T17:10:00.000,I 75,I 75 and Shiloh Rd,,Rear End,2,Clear,Dry,Daylight
2023-03-11T13:14:00.000,I 75,I 75 and Shiloh Rd,,Rear End,2,Clear,Dry,Daylight
2023-07-28T03:02:00.000,I 75,I 75 and Shiloh Rd,,Not a Collision with Motor Vehicle,1,Clear,Dry,Dark-Not Lighted
2023-03-07T15:05:00.000,I 75,I 75 and Shiloh Rd,,Angle Crash,2,Clear,Dry,Daylight
2023-08-17T15:00:00.000,I 75,I 75 and Shiloh Rd,,Rear End,2,Clear,Dry,Daylight
2020-10-14T04:36:00.000,I 75,I 75 and Shiloh Rd,,Sideswipe-Same Direction,2,Clear,Dry,Dark-Not Lighted
2020-05-06T22:07:00.000,I 75,I 75 and Shiloh Rd,,Not a Collision with Motor Vehicle,1,Cloudy,Dry,Dark-Lighted
2020-07-01T15:25:00.000,I 75,I 75 and Shiloh Rd,,Rear End,3,Clear,Dry,Daylight
2020-08-24T12:50:00.000,I 75,I 75 and Shiloh Rd,,Not a Collision with Motor Vehicle,1,Rain,Wet,Daylight
2020-09-14T06:55:00.000,I 75,I 75 and Shiloh Rd,,Rear End,2,Clear,Dry,Dark-Lighted
2020-03-06T13:35:00.000,I 75,I 75 and Shiloh Rd,,Not a Collision with Motor Vehicle,1,Clear,Dry,Daylight
2020-10-11T15:45:00.000,I 75,I 75 and Shiloh Rd,,Sideswipe-Same Direction,2,Clear,Dry,Daylight
2020-09-24T14:55:00.000,I 75,I 75 and Shiloh Rd,,Rear End,2,Cloudy,Dry,Daylight
2020-12-09T08:17:00.000,I 75,I 75 and Shiloh Rd,,Rear End,2,Clear,Dry,Daylight
2020-12-13T10:15:00.000,I 75,I 75 and Shiloh Rd,,Sideswipe-Same Direction,2,Clear,Dry,Daylight
2020-07-02T23:51:00.000,I 75,I 75 and Shiloh Rd,,Angle Crash,3,Clear,Dry,Dark-Not Lighted