Date and Time,Roadway (From Crash Report),Intersection Name (from Crash Report),KABCO Severity,Manner of Collision (Crash Level) ,# of Vehicles per crash ,Weather Conditions (Crash Level),Surface Condition (Crash Level) ,Light Conditions (Crash Level)
2020-02-27T05:46:00.000,I 75,I 75 and Shiloh Rd,,Sideswipe-Same Direction,1,Cloudy,Dry,Dark-Not Lighted
2020-11-28T01:15:00.000,I 75,I 75 and Shiloh Rd,,Angle Crash,2,Cloudy,Dry,Dark-Not Lighted
2020-12-31T20:44:00.000,I 75,I 75 and Shiloh Rd,,Not a Collision with Motor Vehicle,1,Cloudy,Wet,Dark-Lighted
2021-04-27T07:36:00.000,I 75,I 75 and Shiloh Rd,,Rear End,2,Clear,Dry,Daylight
2021-01-20T13:00:00.000,I 75,I 75 and Shiloh Rd,,Rear End,2,Clear,Dry,Daylight
2021-04-17T22:02:00.000,I 75,I 75 and Shiloh Rd,,Rear End,2,Rain,Wet,Dark-Lighted
2021-05-23T17:35:00.000,I 75,I 75 and Shiloh Rd,,Not a Collision with Motor Vehicle,2,Clear,Dry,Daylight
2021-11-12T09:25:00.000,I 75,I 75 and Shiloh Rd,,Not a Collision with Motor Vehicle,1,Clear,Dry,Daylight
2021-10-01T12:50:00.000,I 75,I 75 and Shiloh Rd,,Not a Collision with Motor Vehicle,1,Clear,Dry,Daylight
2021-10-03T03:00:00.000,I 75,I 75 and Shiloh Rd,,Not a Collision with Motor Vehicle,1,Clear,Dry,Dark-Not Lighted
2022-10-01T15:40:00.000,I 75,I 75 and Shiloh Rd,,Rear End,2,Clear,Dry,Daylight
2022-08-26T16:50:00.000,I 75,I 75 and Shiloh Rd,,Rear End,2,Clear,Dry,Daylight
2021-11-07T20:00:00.000,I 75,I 75 and Shiloh Rd,,Not a Collision with Motor Vehicle,1,Clear,Dry,Dusk
2022-04-11T09:40:00.000,I 75,I 75 and Shiloh Rd,,Not a Collision with Motor Vehicle,1,Clear,Dry,Daylight
2022-05-29T12:53:00.000,I 75,I 75 and Shiloh Rd,,Sideswipe-Same Direction,3,Clear,Dry,Daylight
2022-01-16T01:40:00.000,I 75,I 75 and Shiloh Rd,,Angle Crash,2,Rain,Wet,Dark-Not Lighted
2022-02-04T10:00:00.000,I 75,I 75 and Shiloh Rd,,Angle Crash,2,Clear,Dry,Daylight
2022-02-11T14:40:00.000,I 75,I 75 and Shiloh Rd,,Angle Crash,2,Clear,Dry,Daylight
2022-08-06T16:55:00.000,I 75,I 75 and Shiloh Rd,,Sideswipe-Same Direction,2,Clear,Dry,Daylight
2022-02-10T13:20:00.000,I 75,I 75 and Shiloh Rd,,Not a Collision with Motor Vehicle,3,Clear,Dry,Daylight
2022-07-31T18:10:00.000,I 75,I 75 and Shiloh Rd,,Sideswipe-Same Direction,2,Clear,Dry,Daylight
2023-06-02T07:35:00.000,I 75,I 75 and Shiloh Rd,,Rear End,2,Clear,Dry,Daylight
2024-10-13T19:15:00.000,I 75,I 75 and Shiloh Rd,,Rear End,2,Clear,Dry,Dusk
2024-12-02T17:38:00.000,I 75,I 75 and Shiloh Rd,,Rear End,2,Clear,Dry,Daylight
2024-11-19T11:50:00.000,I 75,I 75 and Shiloh Rd,,Not a Collision with Motor Vehicle,1,Rain,Wet,Daylight
2024-02-02T20:06:00.000,I 75,I 75 and Shiloh Rd,,Rear End,2,Clear,Dry,Dark-Not Lighted
2023-09-26T13:08:00.000,I 75,I 75 and Shiloh Rd,,Not a Collision with Motor Vehicle,1,Rain,Wet,Daylight
2023-01-29T13:32:00.000,I 75,I 75 and Shiloh Rd,,Sideswipe-Same Direction,2,Clear,Dry,Daylight
2023-06-22T16:10:00.000,I 75,I 75 and Shiloh Rd,,Not a Collision with Motor Vehicle,2,Clear,Dry,Daylight
2023-11-13T13:33:00.000,I 75,I 75 and Shiloh Rd,,Rear End,2,Clear,Dry,Daylight
2023-08-23T07:50:00.000,I 75,I 75 and Shiloh Rd,,Rear End,2,Clear,Dry,Daylight
2023-03-11T11:59:00.000,I 75,I 75 and Shiloh Rd,,Sideswipe-Same Direction,2,Clear,Dry,Daylight
2023-10-30T16:39:00.000,I 75,I 75 and Shiloh Rd,,Not a Collision with Motor Vehicle,1,Clear,Dry,Daylight
2023-07-07T08:35:00.000,I 75,I 75 and Shiloh Rd,,Rear End,2,Clear,Dry,Daylight
2023-10-03T07:50:00.000,I 75,I 75 and Shiloh Rd,,Rear End,2,Clear,Dry,Daylight
2024-11-28T19:00:00.000,I 75,I 75 and Shiloh Rd,,Sideswipe-Same Direction,2,Clear,Wet,Dark-Lighted
2024-02-04T16:35:00.000,I 75,I 75 and Shiloh Rd,,Not a Collision with Motor Vehicle,1,Rain,Wet,Daylight
2024-10-30T17:00:00.000,I 75,I 75 and Shiloh Rd,,Rear End,2,Clear,Dry,Daylight
2024-11-15T09:07:00.000,I 75,I 75 and Shiloh Rd,,Rear End,2,Clear,Dry,Daylight
2024-07-10T04:50:00.000,I 75,I 75 and Shiloh Rd,,Rear End,2,Clear,Dry,Dark-Not Lighted
2024-12-18T14:05:00.000,I 75,I 75 and Shiloh Rd,,Rear End,4,Clear,Dry,Daylight
2024-12-29T15:18:00.000,I 75,I 75 and Shiloh Rd,,Rear End,2,Clear,Dry,Daylight
2024-11-12T05:50:00.000,I 75,I 75 and Shiloh Rd,,Sideswipe-Same Direction,2,Clear,Dry,Dark-Lighted
2024-10-12T20:20:00.000,I 75,I 75 and Shiloh Rd,,Sideswipe-Same Direction,2,Clear,Dry,Dark-Not Lighted
2024-05-03T19:55:00.000,I 75,I 75 and Shiloh Rd,,Not a Collision with Motor Vehicle,1,Rain,Wet,Dark-Lighted
2024-12-10T11:57:00.000,I 75,I 75 and Shiloh Rd,,Not a Collision with Motor Vehicle,1,Clear,Dry,Daylight
2024-07-09T15:51:00.000,I 75,I 75 and Shiloh Rd,,Rear End,2,Clear,Dry,Daylight
2024-10-08T19:02:00.000,I 75,I 75 and Shiloh Rd,,Rear End,3,Clear,Dry,Dark-Lighted
2024-11-19T07:40:00.000,I 75,I 75 and Shiloh Rd,,Sideswipe-Same Direction,2,Clear,Dry,Daylight
2023-08-29T07:48:00.000,I 75,I 75 and Shiloh,,Rear End,2,Clear,Dry,Daylight
2023-09-05T11:40:00.000,I 75,I 75 and Shilo Rd,,Rear End,2,Clear,Dry,Daylight
2021-12-01T06:31:00.000,I 75,I 75 and Shilo Rd,,Sideswipe-Same Direction,2,Clear,Dry,Daylight
2023-11-21T19:00:00.000,I 75,I 75 and Sheraton Dr,,Sideswipe-Same Direction,2,Rain,Wet,Dark-Lighted
2021-11-11T16:54:00.000,I 75,I 75 and Sheraton Dr,,Rear End,2,Clear,Dry,Daylight
2024-04-25T12:50:00.000,I 75,I 75 and See Narrative,,Sideswipe-Same Direction,2,Clear,Dry,Daylight
2024-10-02T07:45:00.000,I 75,I 75 and Second St,,Sideswipe-Same Direction,2,Clear,Dry,Daylight
2021-04-16T12:04:00.000,I 75,I 75 and Scruggs Rd,,Rear End,2,Clear,Dry,Daylight
2020-11-08T13:05:00.000,I 75,I 75 and Scruggs Rd,,Rear End,2,Clear,Dry,Daylight
2022-08-20T17:42:00.000,I 75,I 75 and Scruggs Rd,,Rear End,2,Rain,Wet,Daylight
2022-07-03T17:14:00.000,I 75,I 75 and Schofield St,,Not a Collision with Motor Vehicle,1,Rain,Wet,Daylight
2023-09-07T15:56:00.000,I 75,I 75 and Schofield Ln,,Rear End,2,Clear,Dry,Daylight
2022-09-19T12:27:00.000,I 75,I 75 and Saudis Church Rd,,Not a Collision with Motor Vehicle,2,Clear,Dry,Daylight
2020-11-23T15:00:00.000,I 75,I 75 and Sardis Church Road Opas,,Not a Collision with Motor Vehicle,1,Clear,Dry,Daylight
2020-09-26T08:18:00.000,I 75,I 75 and Sardis Church Road On Rp,,Angle Crash,2,Cloudy,Dry,Daylight
2023-07-30T16:30:00.000,I 75,I 75 and Sardis Church Road Exit,,Rear End,2,Cloudy,Wet,Daylight
2022-01-16T05:41:00.000,I 75,I 75 and Sardis Church Rd.,,Not a Collision with Motor Vehicle,1,Rain,Wet,Dark-Not Lighted
2022-05-17T07:56:00.000,I 75,I 75 and Sardis Church Rd.,,Sideswipe-Same Direction,2,Clear,Dry,Daylight
2023-09-07T13:03:00.000,I 75,I 75 and Sardis Church Rd-Exit 153,,Rear End,2,Cloudy,Dry,Daylight
2022-12-23T16:14:00.000,I 75,I 75 and Sardis Church Rd Rp,,Not a Collision with Motor Vehicle,1,Clear,Dry,Dark-Not Lighted
2020-06-17T18:00:00.000,I 75,I 75 and Sardis Church Rd Exit Rp,,Angle Crash,2,Clear,Dry,Daylight
2022-10-03T14:19:00.000,I 75,I 75 and Sardis Church Rd Exit Rp,,Sideswipe-Same Direction,2,Cloudy,Dry,Daylight
2023-03-18T21:38:00.000,I 75,I 75 and Sardis Church Rd Exit Rp,,Rear End,2,Clear,Dry,Dark-Not Lighted
2023-07-18T21:39:00.000,I 75,I 75 and Sardis Church Rd Exit Rp,,Sideswipe-Same Direction,2,Clear,Dry,Dark-Not Lighted
2024-06-09T16:16:00.000,I 75,I 75 and Sardis Church Rd Exit Rp,,Not a Collision with Motor Vehicle,1,Clear,Dry,Daylight
2024-03-18T06:49:00.000,I 75,I 75 and Sardis Church Rd Exit 153 Loop,,Rear End,2,Clear,Dry,Dawn
2021-04-19T06:00:00.000,I 75,I 75 and Sardis Church Rd Exit 153 00,,Not a Collision with Motor Vehicle,1,Clear,Dry,Daylight
2021-10-19T14:09:00.000,I 75,I 75 and Sardis Church Rd Exit,,Sideswipe-Same Direction,2,Clear,Dry,Daylight
2020-02-08T20:55:00.000,I 75,I 75 and Sardis Church Rd Exit,,Not a Collision with Motor Vehicle,1,Clear,Dry,Dark-Lighted
2022-02-22T09:00:00.000,I 75,I 75 and Sardis Church Rd Exit,,Not a Collision with Motor Vehicle,1,Clear,Dry,Daylight
2021-03-03T00:26:00.000,I 75,I 75 and Sardis Church Rd,,Not a Collision with Motor Vehicle,1,Rain,Wet,Dark-Not Lighted
2021-12-03T07:11:00.000,I 75,I 75 and Sardis Church Rd,,Sideswipe-Same Direction,2,Clear,Dry,Daylight
2021-12-12T04:47:00.000,I 75,I 75 and Sardis Church Rd,,Not a Collision with Motor Vehicle,1,Clear,Dry,Dark-Not Lighted
2021-08-22T03:30:00.000,I 75,I 75 and Sardis Church Rd,,Not a Collision with Motor Vehicle,1,Clear,Dry,Dark-Lighted
2021-12-06T18:04:00.000,I 75,I 75 and Sardis Church Rd,,Sideswipe-Same Direction,2,Rain,Wet,Dark-Lighted
2021-03-12T00:00:00.000,I 75,I 75 and Sardis Church Rd,,Sideswipe-Same Direction,2,Clear,Dry,Daylight
2021-02-19T11:34:00.000,I 75,I 75 and Sardis Church Rd,,Sideswipe-Same Direction,2,Clear,Dry,Daylight
2021-09-21T18:30:00.000,I 75,I 75 and Sardis Church Rd,,Not a Collision with Motor Vehicle,1,Rain,Wet,Daylight
2021-11-13T14:02:00.000,I 75,I 75 and Sardis Church Rd,,Rear End,2,Clear,Dry,Daylight
2020-01-25T03:32:00.000,I 75,I 75 and Sardis Church Rd,,Not a Collision with Motor Vehicle,1,Clear,Dry,Dark-Lighted
2020-04-04T12:03:00.000,I 75,I 75 and Sardis Church Rd,,Sideswipe-Same Direction,2,Cloudy,Dry,Daylight
2023-11-26T14:06:00.000,I 75,I 75 and Sardis Church Rd,,Rear End,2,Rain,Wet,Daylight
2023-02-11T16:26:00.000,I 75,I 75 and Sardis Church Rd,,Sideswipe-Same Direction,2,Rain,Wet,Daylight
2023-05-28T19:25:00.000,I 75,I 75 and Sardis Church Rd,,Not a Collision with Motor Vehicle,2,Clear,Dry,Daylight
2023-05-31T22:11:00.000,I 75,I 75 and Sardis Church Rd,,Rear End,2,Clear,Dry,Dark-Lighted
2023-05-18T03:00:00.000,I 75,I 75 and Sardis Church Rd,,Not a Collision with Motor Vehicle,1,Cloudy,Wet,Dark-Not Lighted
2023-05-30T17:11:00.000,I 75,I 75 and Sardis Church Rd,,Not a Collision with Motor Vehicle,1,Clear,Dry,Daylight
2023-06-02T14:05:00.000,I 75,I 75 and Sardis Church Rd,,Not a Collision with Motor Vehicle,1,Clear,Dry,Daylight
2023-06-29T22:09:00.000,I 75,I 75 and Sardis Church Rd,,Rear End,3,Clear,Dry,Dark-Lighted
2023-02-18T07:13:00.000,I 75,I 75 and Sardis Church Rd,,Rear End,5,Clear,Dry,Daylight
2023-06-25T10:06:00.000,I 75,I 75 and Sardis Church Rd,,Rear End,3,Clear,Dry,Daylight
2023-11-01T21:52:00.000,I 75,I 75 and Sardis Church Rd,,Rear End,3,Clear,Dry,Dark-Not Lighted
2023-01-20T14:08:00.000,I 75,I 75 and Sardis Church Rd,,Not a Collision with Motor Vehicle,1,Clear,Dry,Daylight
2022-09-30T23:07:00.000,I 75,I 75 and Sardis Church Rd,,Not a Collision with Motor Vehicle,1,Clear,Dry,Dark-Not Lighted
2020-04-01T17:14:00.000,I 75,I 75 and Sardis Church Rd,,Sideswipe-Same Direction,2,Clear,Dry,Daylight
2020-03-15T06:00:00.000,I 75,I 75 and Sardis Church Rd,,Rear End,2,Clear,Dry,Dark-Not Lighted
2020-12-08T16:17:00.000,I 75,I 75 and Sardis Church Rd,,Rear End,2,Clear,Dry,Daylight
2020-01-05T16:23:00.000,I 75,I 75 and Sardis Church Rd,,Not a Collision with Motor Vehicle,1,Clear,Dry,Daylight
2020-06-09T00:00:00.000,I 75,I 75 and Sardis Church Rd,,Not a Collision with Motor Vehicle,1,Rain,Wet,Daylight
2020-04-01T09:33:00.000,I 75,I 75 and Sardis Church Rd,,Not a Collision with Motor Vehicle,2,Clear,Dry,Daylight
2020-01-19T16:06:00.000,I 75,I 75 and Sardis Church Rd,,Not a Collision with Motor Vehicle,1,Clear,Dry,Daylight
2020-05-11T14:37:00.000,I 75,I 75 and Sardis Church Rd,,Rear End,2,Clear,Dry,Daylight
2020-08-25T16:57:00.000,I 75,I 75 and Sardis Church Rd,,Angle Crash,2,Cloudy,Dry,Daylight
2020-07-01T16:00:00.000,I 75,I 75 and Sardis Church Rd,,Not a Collision with Motor Vehicle,2,Cloudy,Dry,Daylight
2020-09-23T21:57:00.000,I 75,I 75 and Sardis Church Rd,,Rear End,4,Clear,Dry,Dark-Not Lighted
2020-07-20T18:40:00.000,I 75,I 75 and Sardis Church Rd,,Sideswipe-Same Direction,2,Clear,Dry,Daylight
2020-12-27T04:40:00.000,I 75,I 75 and Sardis Church Rd,,Rear End,2,Clear,Dry,Dark-Lighted
2020-02-09T05:35:00.000,I 75,I 75 and Sardis Church Rd,,Not a Collision with Motor Vehicle,1,Fog,Dry,Dark-Not Lighted
2020-09-10T04:45:00.000,I 75,I 75 and Sardis Church Rd,,Not a Collision with Motor Vehicle,1,Clear,Dry,Dark-Not Lighted
2020-03-04T13:01:00.000,I 75,I 75 and Sardis Church Rd,,Rear End,2,Rain,Wet,Daylight
2020-05-22T15:57:00.000,I 75,I 75 and Sardis Church Rd,,Sideswipe-Same Direction,2,Clear,Dry,Daylight
2020-01-09T13:17:00.000,I 75,I 75 and Sardis Church Rd,,Not a Collision with Motor Vehicle,2,Clear,Dry,Daylight
2020-05-07T11:30:00.000,I 75,I 75 and Sardis Church Rd,,Not a Collision with Motor Vehicle,2,Clear,Dry,Daylight
2020-09-02T15:04:00.000,I 75,I 75 and Sardis Church Rd,,Rear End,2,Clear,Dry,Daylight
2020-01-08T07:29:00.000,I 75,I 75 and Sardis Church Rd,,Rear End,2,Clear,Dry,Daylight
2020-10-29T06:56:00.000,I 75,I 75 and Sardis Church Rd,,Rear End,2,Rain,Wet,Dawn
2021-02-15T22:05:00.000,I 75,I 75 and Sardis Church Rd,,Not a Collision with Motor Vehicle,1,Clear,Dry,Dark-Not Lighted
2021-02-25T15:10:00.000,I 75,I 75 and Sardis Church Rd,,Not a Collision with Motor Vehicle,1,Clear,Dry,Daylight
2021-08-24T09:51:00.000,I 75,I 75 and Sardis Church Rd,,Not a Collision with Motor Vehicle,2,Cloudy,Dry,Daylight
2021-07-20T04:25:00.000,I 75,I 75 and Sardis Church Rd,,Not a Collision with Motor Vehicle,1,Rain,Wet,Dark-Lighted
2021-09-25T22:08:00.000,I 75,I 75 and Sardis Church Rd,,Sideswipe-Same Direction,4,Clear,Dry,Dark-Lighted
2022-01-04T18:03:00.000,I 75,I 75 and Sardis Church Rd,,Rear End,2,Clear,Dry,Dark-Lighted
2022-10-03T04:25:00.000,I 75,I 75 and Sardis Church Rd,,Not a Collision with Motor Vehicle,1,Clear,Dry,Dark-Lighted
2022-09-16T12:40:00.000,I 75,I 75 and Sardis Church Rd,,Rear End,2,Clear,Dry,Daylight
2022-08-07T16:36:00.000,I 75,I 75 and Sardis Church Rd,,Not a Collision with Motor Vehicle,2,Clear,Dry,Daylight
2022-10-14T19:33:00.000,I 75,I 75 and Sardis Church Rd,,Rear End,2,Clear,Dry,Dark-Lighted
2021-10-10T14:54:00.000,I 75,I 75 and Sardis Church Rd,,Rear End,3,Clear,Dry,Daylight
2021-11-02T00:40:00.000,I 75,I 75 and Sardis Church Rd,,Rear End,2,Clear,Dry,Dark-Lighted
2021-12-29T14:42:00.000,I 75,I 75 and Sardis Church Rd,,Rear End,4,Cloudy,Wet,Daylight
2022-07-04T19:05:00.000,I 75,I 75 and Sardis Church Rd,,Rear End,2,Clear,Dry,Daylight
2022-06-27T15:42:00.000,I 75,I 75 and Sardis Church Rd,,Sideswipe-Same Direction,2,Cloudy,Dry,Daylight
2022-11-21T15:47:00.000,I 75,I 75 and Sardis Church Rd,,Rear End,2,Clear,Dry,Daylight
2022-01-04T08:06:00.000,I 75,I 75 and Sardis Church Rd,,Sideswipe-Same Direction,2,Clear,Dry,Daylight
2022-05-10T15:17:00.000,I 75,I 75 and Sardis Church Rd,,Rear End,2,Clear,Dry,Daylight
2022-08-11T18:22:00.000,I 75,I 75 and Sardis Church Rd,,Rear End,2,Clear,Dry,Daylight
2022-09-06T16:48:00.000,I 75,I 75 and Sardis Church Rd,,Not a Collision with Motor Vehicle,1,Clear,Dry,Daylight
2022-08-09T21:26:00.000,I 75,I 75 and Sardis Church Rd,,Not a Collision with Motor Vehicle,1,Cloudy,Wet,Dark-Lighted
2022-05-03T05:54:00.000,I 75,I 75 and Sardis Church Rd,,Not a Collision with Motor Vehicle,1,Clear,Dry,Dark-Not Lighted
2022-01-27T12:58:00.000,I 75,I 75 and Sardis Church Rd,,Rear End,2,Clear,Dry,Daylight
2022-04-12T12:36:00.000,I 75,I 75 and Sardis Church Rd,,Rear End,3,Clear,Dry,Daylight
2023-06-04T08:32:00.000,I 75,I 75 and Sardis Church Rd,,Rear End,2,Cloudy,Dry,Daylight
2023-08-06T17:19:00.000,I 75,I 75 and Sardis Church Rd,,Sideswipe-Same Direction,2,Rain,Wet,Daylight
2024-03-10T00:00:00.000,I 75,I 75 and Sardis Church Rd,,Not a Collision with Motor Vehicle,1,Clear,Dry,Daylight
2024-04-08T08:10:00.000,I 75,I 75 and Sardis Church Rd,,Rear End,2,Clear,Dry,Daylight
2024-05-07T00:24:00.000,I 75,I 75 and Sardis Church Rd,,Sideswipe-Same Direction,2,Clear,Dry,Dark-Not Lighted
2024-12-12T18:10:00.000,I 75,I 75 and Sardis Church Rd,,Rear End,2,Clear,Dry,Dark-Lighted
2024-07-30T23:44:00.000,I 75,I 75 and Sardis Church Rd,,Not a Collision with Motor Vehicle,1,Rain,Wet,Dark-Not Lighted
2023-01-07T00:37:00.000,I 75,I 75 and Sardis Church Rd,,Angle Crash,2,Clear,Dry,Dark-Lighted
2023-04-01T07:10:00.000,I 75,I 75 and Sardis Church Rd,,Sideswipe-Same Direction,2,Clear,Dry,Daylight
2023-04-07T22:25:00.000,I 75,I 75 and Sardis Church Rd,,Angle Crash,2,Rain,Wet,Dark-Not Lighted
2023-07-22T16:15:00.000,I 75,I 75 and Sardis Church Rd,,Angle Crash,2,Clear,Dry,Daylight
2023-07-07T23:12:00.000,I 75,I 75 and Sardis Church Rd,,Not a Collision with Motor Vehicle,1,Clear,Dry,Dark-Not Lighted
2023-04-05T14:37:00.000,I 75,I 75 and Sardis Church Rd,,Sideswipe-Same Direction,2,Clear,Dry,Daylight
2023-07-04T02:33:00.000,I 75,I 75 and Sardis Church Rd,,Sideswipe-Same Direction,2,Clear,Dry,Dark-Not Lighted
2024-07-18T11:09:00.000,I 75,I 75 and Sardis Church Rd,,Sideswipe-Same Direction,2,Clear,Dry,Daylight
2024-09-16T23:00:00.000,I 75,I 75 and Sardis Church Rd,,Sideswipe-Same Direction,2,Clear,Dry,Dark-Lighted
2024-11-19T15:23:00.000,I 75,I 75 and Sardis Church Rd,,Angle Crash,2,Rain,Wet,Daylight
2024-02-03T04:48:00.000,I 75,I 75 and Sardis Church Rd,,Rear End,2,Clear,Dry,Dark-Not Lighted
2024-10-17T13:45:00.000,I 75,I 75 and Sardis Church Rd,,Not a Collision with Motor Vehicle,2,Clear,Dry,Daylight
2024-01-24T06:45:00.000,I 75,I 75 and Sardis Church Rd,,Rear End,2,Cloudy,Wet,Daylight
2024-01-23T17:14:00.000,I 75,I 75 and Sardis Church Rd,,Sideswipe-Same Direction,2,Clear,Dry,Daylight
2021-03-25T10:05:00.000,I 75,I 75 and Sardis Church,,Sideswipe-Same Direction,2,Clear,Dry,Daylight
2023-11-09T19:31:00.000,I 75,I 75 and Sardis Church,,Sideswipe-Same Direction,2,Clear,Dry,Dark-Not Lighted
2021-08-27T06:50:00.000,I 75,I 75 and Sardis Church,,Sideswipe-Same Direction,2,Cloudy,Dry,Daylight
2024-01-28T13:00:00.000,I 75,I 75 and Sardis Chruch Rd Exit 153,,Sideswipe-Same Direction,2,Clear,Dry,Daylight
2020-09-25T15:44:00.000,I 75,I 75 and Sardis Ch Rd,,Rear End,2,Clear,Dry,Daylight
2023-09-29T12:33:00.000,I 75,I 75 and Sandtown Rd Underpass,,Not a Collision with Motor Vehicle,2,Clear,Dry,Daylight
2021-01-31T11:50:00.000,I 75,I 75 and Sandtown Rd,,Not a Collision with Motor Vehicle,1,Cloudy,Wet,Daylight
2023-12-27T15:42:00.000,I 75,I 75 and Sandtown Rd,,Rear End,3,Cloudy,Dry,Daylight
2024-02-21T03:25:00.000,I 75,I 75 and Sandtown Rd,,Not a Collision with Motor Vehicle,1,Clear,Dry,Dark-Not Lighted
2024-04-23T08:19:00.000,I 75,I 75 and Sandtown Rd,,Sideswipe-Same Direction,2,Clear,Dry,Daylight
2024-03-01T10:26:00.000,I 75,I 75 and Sandtown Rd,,Sideswipe-Same Direction,2,Rain,Wet,Daylight
2024-11-11T14:00:00.000,I 75,I 75 and Sandra Fay Dr,,Not a Collision with Motor Vehicle,2,Clear,Dry,Daylight
2024-06-03T05:32:00.000,I 75,I 75 and San Juan St,,Sideswipe-Same Direction,3,Clear,Dry,Dawn
2024-09-11T07:10:00.000,I 75,I 75 and San Juan St,,Rear End,2,Cloudy,Dry,Dawn
2024-03-06T09:40:00.000,I 75,I 75 and Samm Nunn Blvd,,Rear End,2,Clear,Dry,Daylight
2023-03-15T09:45:00.000,I 75,I 75 and Sam Nunn Blvd,,Rear End,2,Clear,Dry,Daylight
2020-09-25T19:20:00.000,I 75,I 75 and Sam Nunn Blvd,,Rear End,2,Clear,Dry,Dusk
2020-01-03T13:45:00.000,I 75,I 75 and Sam Nunn Blvd,,Rear End,2,Rain,Wet,Daylight
2020-02-14T14:00:00.000,I 75,I 75 and Sam Nunn Blvd,,Rear End,3,Clear,Dry,Daylight
2022-09-01T15:05:00.000,I 75,I 75 and Sam Nunn Blvd,,Not a Collision with Motor Vehicle,1,Rain,Wet,Daylight
2023-10-15T21:10:00.000,I 75,I 75 and Sam Nunn Blvd,,Sideswipe-Same Direction,2,Clear,Dry,Dark-Lighted
2023-01-05T08:30:00.000,I 75,I 75 and Sam Nunn Blvd,,Rear End,2,Clear,Dry,Daylight
2023-06-10T13:50:00.000,I 75,I 75 and Sam Nunn Blvd,,Rear End,2,Clear,Dry,Daylight
2024-09-13T11:58:00.000,I 75,I 75 and Sam Nunn Blvd,,Not a Collision with Motor Vehicle,1,Rain,Wet,Daylight
2024-09-13T12:26:00.000,I 75,I 75 and Sam Nunn Blvd,,Not a Collision with Motor Vehicle,1,Rain,Wet,Daylight
2024-01-08T19:48:00.000,I 75,I 75 and Sam Nunn,,Rear End,4,Rain,Wet,Dark-Not Lighted
2024-09-11T15:35:00.000,I 75,I 75 and Sam Nun Blvd,,Rear End,2,Clear,Dry,Daylight
2020-04-30T06:08:00.000,I 75,I 75 and Saint Augustine Rd,,Sideswipe-Same Direction,2,Clear,Dry,Dawn
2020-04-30T06:08:00.000,I 75,I 75 and Saint Augustine Rd,,Sideswipe-Same Direction,2,Clear,Dry,Dawn
2023-04-19T02:41:00.000,I 75,I 75 and S.R. 20 81,,Sideswipe-Same Direction,2,Clear,Dry,Dark-Lighted
2024-03-13T18:54:00.000,I 75,I 75 and S.R. 138,,Rear End,2,Clear,Dry,Daylight
2024-04-07T22:49:00.000,I 75,I 75 and S.R. 138,,Rear End,2,Clear,Dry,Dark-Lighted
2021-12-17T19:20:00.000,I 75,I 75 and S.Marietta Pkwy,,Rear End,2,Cloudy,Dry,Dark-Not Lighted
2021-12-16T14:38:00.000,I 75,I 75 and S.Marietta Pkwy,,Rear End,2,Cloudy,Dry,Daylight
2021-11-18T14:40:00.000,I 75,I 75 and S.Marietta Pkwy,,Rear End,2,Cloudy,Dry,Daylight
2022-01-28T13:42:00.000,I 75,I 75 and S.Marietta Pkwy,,Rear End,2,Cloudy,Dry,Daylight
2022-04-04T19:38:00.000,I 75,I 75 and S.Marietta Pkwy,,Sideswipe-Same Direction,2,Clear,Dry,Daylight
2023-12-27T14:27:00.000,I 75,I 75 and S. Perry Pkwy,,Rear End,3,Clear,Dry,Daylight
2022-06-20T16:07:00.000,I 75,I 75 and S. Martietta Pkwy,,Rear End,2,Clear,Dry,Daylight
2021-11-18T10:30:00.000,I 75,I 75 and S. Marietta Pkwy,,Sideswipe-Same Direction,2,Clear,Dry,Daylight
2021-12-31T15:50:00.000,I 75,I 75 and S. Marietta Pkwy,,Rear End,2,Cloudy,Wet,Daylight
2021-10-22T10:00:00.000,I 75,I 75 and S. Marietta Pkwy,,Rear End,3,Clear,Dry,Daylight
2023-07-21T11:32:00.000,I 75,I 75 and S. Marietta Pkwy,,Sideswipe-Same Direction,2,Clear,Dry,Daylight
2023-01-03T14:25:00.000,I 75,I 75 and S. Marietta Pkwy,,Sideswipe-Same Direction,2,Rain,Wet,Daylight
2023-10-26T14:00:00.000,I 75,I 75 and S. Marietta Pkwy,,Rear End,2,Clear,Dry,Daylight
2023-05-19T14:58:00.000,I 75,I 75 and S. Marietta Pkwy,,Rear End,2,Clear,Dry,Daylight
2023-02-10T14:35:00.000,I 75,I 75 and S. Marietta Pkwy,,Rear End,3,Cloudy,Dry,Daylight
2023-05-08T15:17:00.000,I 75,I 75 and S. Marietta Pkwy,,Sideswipe-Same Direction,2,Clear,Dry,Daylight
2023-07-13T10:24:00.000,I 75,I 75 and S. Marietta Pkwy,,Not a Collision with Motor Vehicle,1,Clear,Dry,Daylight
2022-02-02T11:29:00.000,I 75,I 75 and S. Marietta Pkwy,,Angle Crash,2,Clear,Dry,Daylight
2022-12-20T16:55:00.000,I 75,I 75 and S. Marietta Pkwy,,Rear End,2,Cloudy,Wet,Daylight