Date and Time,Roadway (From Crash Report),Intersection Name (from Crash Report),KABCO Severity,Manner of Collision (Crash Level) ,# of Vehicles per crash ,Weather Conditions (Crash Level),Surface Condition (Crash Level) ,Light Conditions (Crash Level)
2022-08-12T10:55:00.000,I 75,I 75 and S. Marietta Pkwy,,Not a Collision with Motor Vehicle,1,Clear,Dry,Daylight
2021-11-24T12:00:00.000,I 75,I 75 and S. Marietta Pkwy,,Rear End,3,Clear,Dry,Daylight
2022-08-25T08:48:00.000,I 75,I 75 and S. Marietta Pkwy,,Sideswipe-Same Direction,3,Cloudy,Wet,Daylight
2022-04-22T08:10:00.000,I 75,I 75 and S. Marietta Pkwy,,Sideswipe-Same Direction,2,Clear,Dry,Daylight
2022-10-14T14:15:00.000,I 75,I 75 and S. Marietta Pkwy,,Sideswipe-Same Direction,2,Clear,Dry,Daylight
2022-08-25T09:07:00.000,I 75,I 75 and S. Marietta Pkwy,,Rear End,3,Cloudy,Wet,Daylight
2022-11-15T16:40:00.000,I 75,I 75 and S. Marietta Pkwy,,Sideswipe-Same Direction,2,Cloudy,Dry,Daylight
2022-11-25T08:15:00.000,I 75,I 75 and S. Marietta Pkwy,,Not a Collision with Motor Vehicle,1,Cloudy,Wet,Daylight
2022-08-25T08:54:00.000,I 75,I 75 and S. Marietta Pkwy,,Rear End,2,Clear,Wet,Daylight
2022-09-16T15:10:00.000,I 75,I 75 and S. Marietta Pkwy,,Rear End,2,Clear,Dry,Daylight
2022-01-27T08:25:00.000,I 75,I 75 and S. Marietta Pkwy,,Sideswipe-Same Direction,2,Clear,Dry,Daylight
2022-02-23T13:35:00.000,I 75,I 75 and S. Marietta Pkwy,,Angle Crash,2,Clear,Dry,Daylight
2022-06-20T16:01:00.000,I 75,I 75 and S. Marietta Pkwy,,Rear End,2,Clear,Dry,Daylight
2022-02-24T02:34:00.000,I 75,I 75 and S. Marietta Pkwy,,Not a Collision with Motor Vehicle,1,Clear,Dry,Dark-Not Lighted
2023-04-19T10:45:00.000,I 75,I 75 and S. Marietta Pkwy,,Sideswipe-Same Direction,2,Clear,Dry,Daylight
2023-03-30T14:15:00.000,I 75,I 75 and S. Marietta Pkwy,,Sideswipe-Same Direction,2,Clear,Dry,Daylight
2023-09-28T09:50:00.000,I 75,I 75 and S. Marietta Pkwy,,Sideswipe-Same Direction,2,Cloudy,Dry,Daylight
2023-09-25T06:50:00.000,I 75,I 75 and S. Marietta Pkwy,,Sideswipe-Same Direction,2,Clear,Dry,Daylight
2024-05-24T15:00:00.000,I 75,I 75 and S. Marietta Pkwy,,Sideswipe-Same Direction,2,Clear,Dry,Daylight
2024-07-26T08:44:00.000,I 75,I 75 and S. Marietta Pkwy,,Rear End,6,Cloudy,Dry,Daylight
2024-05-23T15:40:00.000,I 75,I 75 and S. Marietta Pkwy,,Rear End,2,Clear,Dry,Daylight
2024-03-28T15:10:00.000,I 75,I 75 and S. Marietta Pkwy,,Sideswipe-Same Direction,2,Clear,Dry,Daylight
2023-06-20T07:29:00.000,I 75,I 75 and S. Marietta Pkwy,,Rear End,2,Clear,Dry,Daylight
2023-03-10T07:30:00.000,I 75,I 75 and S. Marietta Pkwy,,Sideswipe-Same Direction,2,Rain,Wet,Daylight
2024-01-22T09:05:00.000,I 75,I 75 and S. Marietta Pkwy,,Rear End,2,Clear,Dry,Daylight
2024-01-25T07:09:00.000,I 75,I 75 and S. Marietta Pkwy,,Sideswipe-Same Direction,2,Rain,Wet,Daylight
2024-10-22T15:33:00.000,I 75,I 75 and S. Marietta Pkwy,,Rear End,2,Clear,Dry,Daylight
2024-11-15T10:13:00.000,I 75,I 75 and S. Marietta Pkwy,,Rear End,2,Clear,Dry,Daylight
2024-01-08T10:06:00.000,I 75,I 75 and S. Marietta Pkwy,,Angle Crash,2,Clear,Dry,Daylight
2024-10-01T14:34:00.000,I 75,I 75 and S. Marietta Pkwy,,Rear End,3,Clear,Dry,Daylight
2024-04-11T11:54:00.000,I 75,I 75 and S. Marietta Pkwy,,Rear End,2,Cloudy,Wet,Daylight
2024-01-16T09:40:00.000,I 75,I 75 and S. Marietta Pkwy,,Not a Collision with Motor Vehicle,1,Clear,Wet,Daylight
2024-07-25T18:00:00.000,I 75,I 75 and S. Marietta,,Rear End,2,Cloudy,Dry,Daylight
2024-05-20T08:00:00.000,I 75,I 75 and S. Marietta,,Rear End,2,Clear,Dry,Daylight
2024-02-12T04:52:00.000,I 75,I 75 and S. Central Ave,,Head On,1,Cloudy,Wet,Dark-Lighted
2021-04-23T14:25:00.000,I 75,I 75 and S Perry Pky Opas,,Rear End,3,Clear,Dry,Daylight
2021-01-01T17:00:00.000,I 75,I 75 and S Perry Pky,,Not a Collision with Motor Vehicle,1,Rain,Wet,Daylight
2021-11-21T16:05:00.000,I 75,I 75 and S Perry Pkwy Opas,,Sideswipe-Same Direction,2,Clear,Dry,Daylight
2021-05-21T16:50:00.000,I 75,I 75 and S Perry Pkwy Opas,,Not a Collision with Motor Vehicle,2,Cloudy,Dry,Daylight
2023-10-19T13:35:00.000,I 75,I 75 and S Perry Pkwy Opas,,Not a Collision with Motor Vehicle,2,Clear,Dry,Daylight
2023-12-23T17:30:00.000,I 75,I 75 and S Perry Pkwy Opas,,Not a Collision with Motor Vehicle,1,Clear,Dry,Daylight
2022-09-16T09:15:00.000,I 75,I 75 and S Perry Pkwy Opas,,Rear End,2,Clear,Dry,Daylight
2024-10-12T13:09:00.000,I 75,I 75 and S Perry Pkwy Opas,,Angle Crash,2,Clear,Dry,Daylight
2021-05-27T18:09:00.000,I 75,I 75 and S Perry Pkwy,,Rear End,2,Clear,Dry,Daylight
2023-12-27T13:30:00.000,I 75,I 75 and S Perry Pkwy,,Not a Collision with Motor Vehicle,1,Clear,Dry,Daylight
2023-08-04T07:40:00.000,I 75,I 75 and S Perry Pkwy,,Not a Collision with Motor Vehicle,1,Rain,Wet,Daylight
2023-12-15T14:00:00.000,I 75,I 75 and S Perry Pkwy,,Not a Collision with Motor Vehicle,2,Clear,Dry,Daylight
2023-12-21T15:10:00.000,I 75,I 75 and S Perry Pkwy,,Sideswipe-Same Direction,2,Clear,Dry,Daylight
2020-08-09T15:45:00.000,I 75,I 75 and S Perry Pkwy,,Rear End,2,Clear,Dry,Daylight
2020-07-01T13:15:00.000,I 75,I 75 and S Perry Pkwy,,Not a Collision with Motor Vehicle,2,Clear,Dry,Daylight
2020-05-15T20:25:00.000,I 75,I 75 and S Perry Pkwy,,Not a Collision with Motor Vehicle,1,Clear,Dry,Daylight
2020-04-19T19:06:00.000,I 75,I 75 and S Perry Pkwy,,Not a Collision with Motor Vehicle,1,Rain,Wet,Daylight
2020-06-09T15:35:00.000,I 75,I 75 and S Perry Pkwy,,Not a Collision with Motor Vehicle,1,Clear,Dry,Daylight
2022-04-23T13:38:00.000,I 75,I 75 and S Perry Pkwy,,Rear End,2,Clear,Dry,Daylight
2022-03-27T20:59:00.000,I 75,I 75 and S Perry Pkwy,,Sideswipe-Same Direction,2,Clear,Dry,Dark-Not Lighted
2022-06-19T13:00:00.000,I 75,I 75 and S Perry Pkwy,,Sideswipe-Same Direction,2,Clear,Dry,Daylight
2022-02-14T16:28:00.000,I 75,I 75 and S Perry Pkwy,,Not a Collision with Motor Vehicle,1,Clear,Dry,Daylight
2024-02-22T16:27:00.000,I 75,I 75 and S Perry Pkwy,,Sideswipe-Same Direction,2,Clear,Dry,Daylight
2024-10-18T09:30:00.000,I 75,I 75 and S Perry Pkwy,,Not a Collision with Motor Vehicle,1,Clear,Dry,Daylight
2024-01-28T12:50:00.000,I 75,I 75 and S Perry Pkwy,,Not a Collision with Motor Vehicle,1,Clear,Dry,Daylight
2023-12-07T17:50:00.000,I 75,I 75 and S Perry Pkwy,,Angle Crash,2,Clear,Dry,Dark-Not Lighted
2024-12-01T11:35:00.000,I 75,I 75 and S Perry Pkwy,,Rear End,2,Clear,Dry,Daylight
2024-09-26T07:44:00.000,I 75,I 75 and S Perry Pkwy,,Not a Collision with Motor Vehicle,1,Rain,Wet,Daylight
2024-02-27T16:45:00.000,I 75,I 75 and S Perry Pkwy,,Rear End,2,Cloudy,Dry,Daylight
2024-12-29T16:41:00.000,I 75,I 75 and S Perry Pkwy,,Not a Collision with Motor Vehicle,1,Clear,Wet,Daylight
2024-04-28T11:11:00.000,I 75,I 75 and S Perry Pkwy,,Sideswipe-Same Direction,2,Clear,Dry,Daylight
2024-12-01T11:25:00.000,I 75,I 75 and S Perry Pkwy,,Sideswipe-Same Direction,2,Clear,Dry,Daylight
2024-10-18T15:28:00.000,I 75,I 75 and S Perry Pkwy,,Not a Collision with Motor Vehicle,1,Clear,Dry,Daylight
2024-08-17T14:00:00.000,I 75,I 75 and S Perry Pkwy,,Not a Collision with Motor Vehicle,1,Clear,Dry,Daylight
2024-08-08T16:45:00.000,I 75,I 75 and S Perry Pkwy,,Not a Collision with Motor Vehicle,2,Clear,Dry,Daylight
2024-04-28T11:10:00.000,I 75,I 75 and S Perry Pkwy,,Rear End,3,Clear,Dry,Daylight
2024-12-01T11:25:00.000,I 75,I 75 and S Perry Pkwy,,Not a Collision with Motor Vehicle,6,Clear,Dry,Daylight
2021-08-13T20:14:00.000,I 75,I 75 and S Perry Parkway Opas,,Not a Collision with Motor Vehicle,2,Clear,Dry,Daylight
2022-11-03T15:24:00.000,I 75,I 75 and S Perry Parkway Opas,,Angle Crash,2,Clear,Dry,Daylight
2022-09-20T16:31:00.000,I 75,I 75 and S Of Windy Hill Rd,,Sideswipe-Same Direction,2,Cloudy,Dry,Daylight
2022-09-19T16:20:00.000,I 75,I 75 and S Of Windy Hill Rd,,Sideswipe-Same Direction,2,Clear,Dry,Daylight
2022-04-15T17:11:00.000,I 75,I 75 and S Of University Ave,,Rear End,2,Clear,Dry,Daylight
2021-12-22T11:57:00.000,I 75,I 75 and S Of University Ave,,Rear End,2,Clear,Dry,Daylight
2020-01-23T11:15:00.000,I 75,I 75 and S Of S Marietta Pkwy,,Not a Collision with Motor Vehicle,1,Cloudy,Wet,Daylight
2022-12-15T13:30:00.000,I 75,I 75 and S Of S Marietta Pkwy,,Sideswipe-Same Direction,2,Clear,Dry,Daylight
2022-11-22T15:53:00.000,I 75,I 75 and S Of S Marietta Pkwy,,Rear End,2,Cloudy,Dry,Daylight
2023-09-21T17:13:00.000,I 75,I 75 and S Of S Marietta Pkwy,,Sideswipe-Same Direction,2,Clear,Dry,Daylight
2022-12-19T13:43:00.000,I 75,I 75 and S Of Roswell Rd,,Rear End,2,Cloudy,Dry,Daylight
2023-02-16T07:03:00.000,I 75,I 75 and S Of Roswell Rd,,Not a Collision with Motor Vehicle,1,Cloudy,Dry,Daylight
2021-11-26T11:35:00.000,I 75,I 75 and S Of Ralph David Abernathy,,Rear End,4,Clear,Dry,Daylight
2023-04-18T13:56:00.000,I 75,I 75 and S Of Porsche Ave,,Not a Collision with Motor Vehicle,1,Clear,Dry,Daylight
2020-02-11T10:05:00.000,I 75,I 75 and S Of Peachtree Battle Ave,,Rear End,2,Cloudy,Wet,Daylight
2023-02-07T06:57:00.000,I 75,I 75 and S Of Northside Dr,,Rear End,9,Cloudy,Dry,Dawn
2020-01-29T18:13:00.000,I 75,I 75 and S Of Northside Dr,,Sideswipe-Same Direction,2,Cloudy,Dry,Dark-Lighted
2023-07-26T09:30:00.000,I 75,I 75 and S Of Northside Dr,,Rear End,2,Clear,Dry,Daylight
2023-01-23T14:10:00.000,I 75,I 75 and S Of N Marietta Pkwy,,Rear End,2,Clear,Dry,Daylight
2022-07-28T15:44:00.000,I 75,I 75 and S Of Mm281,,Sideswipe-Same Direction,2,Clear,Dry,Daylight
2022-07-28T18:42:00.000,I 75,I 75 and S Of Mm278,,Rear End,2,Clear,Dry,Daylight
2023-05-16T17:45:00.000,I 75,I 75 and S Of Langford Pkwy,,Rear End,2,Rain,Wet,Daylight
2021-09-20T10:05:00.000,I 75,I 75 and S Of Langford Pkwy,,Not a Collision with Motor Vehicle,1,Rain,Wet,Daylight
2020-08-27T12:43:00.000,I 75,I 75 and S Of I575,,Rear End,2,Clear,Dry,Daylight
2021-10-04T10:49:00.000,I 75,I 75 and S Of I575,,Sideswipe-Same Direction,3,Clear,Dry,Daylight
2021-04-10T20:20:00.000,I 75,I 75 and S Of I475 Opas,,Rear End,2,Clear,Dry,Dark-Not Lighted
2023-05-11T15:52:00.000,I 75,I 75 and S Of I285,,Sideswipe-Same Direction,2,Clear,Dry,Daylight
2021-12-29T15:05:00.000,I 75,I 75 and S Of Fulton St,,Rear End,2,Cloudy,Wet,Daylight
2021-03-14T14:08:00.000,I 75,I 75 and S Of Forest Pkwy,,Rear End,2,Clear,Dry,Daylight
2022-05-04T09:40:00.000,I 75,I 75 and S Of Delk Rd Exit,,Sideswipe-Same Direction,2,Clear,Dry,Daylight
2021-10-22T06:40:00.000,I 75,I 75 and S Of Delk Rd,,Rear End,3,Clear,Wet,Dark-Not Lighted
2020-01-28T15:45:00.000,I 75,I 75 and S Of Delk Rd,,Sideswipe-Same Direction,2,Clear,Dry,Daylight
2020-02-25T14:00:00.000,I 75,I 75 and S Of Delk Rd,,Not a Collision with Motor Vehicle,2,Cloudy,Dry,Daylight
2020-01-03T17:50:00.000,I 75,I 75 and S Of Delk Rd,,Rear End,2,Rain,Wet,Dark-Not Lighted
2020-01-14T15:30:00.000,I 75,I 75 and S Of Delk Rd,,Rear End,2,Rain,Wet,Daylight
2022-12-20T14:36:00.000,I 75,I 75 and S Of Delk Rd,,Rear End,2,Rain,Wet,Daylight
2022-09-13T17:21:00.000,I 75,I 75 and S Of Delk Rd,,Sideswipe-Same Direction,2,Clear,Dry,Daylight
2022-11-28T15:27:00.000,I 75,I 75 and S Of Delk Rd,,Sideswipe-Same Direction,3,Clear,Dry,Daylight
2023-10-06T12:23:00.000,I 75,I 75 and S Of Delk Rd,,Sideswipe-Same Direction,3,Cloudy,Dry,Daylight
2024-04-08T08:30:00.000,I 75,I 75 and S Of Delk Rd,,Sideswipe-Same Direction,2,Clear,Dry,Daylight
2020-01-07T06:00:00.000,I 75,I 75 and S Of Cumberland Blvd,,Not a Collision with Motor Vehicle,1,Cloudy,Wet,Dark-Not Lighted
2020-01-23T07:44:00.000,I 75,I 75 and S Of Cumberland Blvd,,Rear End,2,Cloudy,Dry,Daylight
2021-12-20T18:59:00.000,I 75,I 75 and S Of Cumberland Blvd,,Rear End,2,Cloudy,Dry,Dark-Lighted
2023-01-25T17:13:00.000,I 75,I 75 and S Of Cumberland Blvd,,Not a Collision with Motor Vehicle,2,Cloudy,Dry,Daylight
2020-01-30T16:30:00.000,I 75,I 75 and S Of Canton Rd,,Rear End,2,Clear,Dry,Daylight
2021-12-02T11:40:00.000,I 75,I 75 and S Marrietta Pkwy,,Sideswipe-Same Direction,2,Clear,Dry,Daylight
2021-03-18T14:51:00.000,I 75,I 75 and S Marrietta Pkwy,,Rear End,4,Cloudy,Dry,Daylight
2023-07-03T09:10:00.000,I 75,I 75 and S Mariette Pkwy,,Sideswipe-Same Direction,2,Clear,Dry,Daylight
2021-01-15T21:20:00.000,I 75,I 75 and S Marietta Pwky,,Sideswipe-Same Direction,2,Clear,Dry,Dark-Lighted
2021-12-07T17:50:00.000,I 75,I 75 and S Marietta Prkway,,Rear End,2,Clear,Dry,Dark-Not Lighted
2024-12-03T19:00:00.000,I 75,I 75 and S Marietta Prkway,,Angle Crash,2,Clear,Dry,Dark-Not Lighted
2021-03-03T16:27:00.000,I 75,I 75 and S Marietta Pky,,Sideswipe-Same Direction,3,Clear,Dry,Daylight
2024-11-01T19:43:00.000,I 75,I 75 and S Marietta Pky,,Rear End,2,Clear,Dry,Dark-Lighted
2023-07-08T14:33:00.000,I 75,I 75 and S Marietta Pkwy`,,Angle Crash,2,Cloudy,Dry,Daylight
2023-06-13T10:50:00.000,I 75,I 75 and S Marietta Pkwy.,,Rear End,2,Clear,Dry,Daylight
2023-06-08T16:09:00.000,I 75,I 75 and S Marietta Pkwy.,,Rear End,3,Clear,Dry,Daylight
2023-01-06T12:46:00.000,I 75,I 75 and S Marietta Pkwy.,,Sideswipe-Same Direction,2,Clear,Dry,Daylight
2023-10-12T12:16:00.000,I 75,I 75 and S Marietta Pkwy.,,Rear End,2,Cloudy,Wet,Daylight
2022-11-11T09:38:00.000,I 75,I 75 and S Marietta Pkwy.,,Rear End,2,Rain,Wet,Daylight
2023-09-28T10:15:00.000,I 75,I 75 and S Marietta Pkwy.,,Not a Collision with Motor Vehicle,1,Clear,Dry,Daylight
2023-06-12T08:31:00.000,I 75,I 75 and S Marietta Pkwy.,,Rear End,2,Cloudy,Wet,Daylight
2023-02-28T12:36:00.000,I 75,I 75 and S Marietta Pkwy.,,Rear End,2,Clear,Dry,Daylight
2023-03-01T14:16:00.000,I 75,I 75 and S Marietta Pkwy Rp,,Sideswipe-Same Direction,2,Cloudy,Dry,Daylight
2020-02-06T12:35:00.000,I 75,I 75 and S Marietta Pkwy Opas,,Rear End,2,Rain,Wet,Daylight
2020-05-13T20:10:00.000,I 75,I 75 and S Marietta Pkwy Opas,,Angle Crash,3,Cloudy,Dry,Daylight
2021-12-13T21:28:00.000,I 75,I 75 and S Marietta Pkwy Ext,,Rear End,2,Cloudy,Dry,Dark-Not Lighted
2021-05-05T12:44:00.000,I 75,I 75 and S Marietta Pkwy Ext,,Angle Crash,2,Cloudy,Dry,Daylight
2020-05-16T18:01:00.000,I 75,I 75 and S Marietta Pkwy Ext,,Sideswipe-Same Direction,2,Clear,Dry,Daylight
2023-12-14T21:20:00.000,I 75,I 75 and S Marietta Pkwy Ext,,(None),2,(None),(None),(None)
2020-12-18T19:53:00.000,I 75,I 75 and S Marietta Pkwy Ext,,Rear End,2,Cloudy,Dry,Dark-Not Lighted
2020-04-06T19:24:00.000,I 75,I 75 and S Marietta Pkwy Ext,,Not a Collision with Motor Vehicle,2,Cloudy,Dry,Dusk
2023-03-24T00:58:00.000,I 75,I 75 and S Marietta Pkwy Ext,,Sideswipe-Same Direction,2,Clear,Dry,Dark-Not Lighted
2023-06-04T09:58:00.000,I 75,I 75 and S Marietta Pkwy Ext,,Not a Collision with Motor Vehicle,1,Cloudy,Dry,Daylight
2020-05-07T05:07:00.000,I 75,I 75 and S Marietta Pkwy Exit Rp,,Rear End,2,Clear,Dry,Dark-Not Lighted
2024-03-08T23:05:00.000,I 75,I 75 and S Marietta Pkwy Exit Rp,,Sideswipe-Same Direction,2,Rain,Wet,Dark-Not Lighted
2020-06-18T06:23:00.000,I 75,I 75 and S Marietta Pkwy Exit 263,,Not a Collision with Motor Vehicle,1,Cloudy,Dry,Dark-Not Lighted
2021-11-30T12:50:00.000,I 75,I 75 and S Marietta Pkwy Exit 263,,Rear End,1,Clear,Dry,Daylight
2023-08-20T16:34:00.000,I 75,I 75 and S Marietta Pkwy Exit 263,,Sideswipe-Same Direction,2,Clear,Dry,Daylight
2021-07-21T07:51:00.000,I 75,I 75 and S Marietta Pkwy Exit,,Rear End,2,Cloudy,Dry,Daylight
2021-07-22T11:00:00.000,I 75,I 75 and S Marietta Pkwy Exit,,Sideswipe-Same Direction,2,Clear,Dry,Daylight
2020-03-04T18:30:00.000,I 75,I 75 and S Marietta Pkwy Exit,,Rear End,2,Rain,Wet,Dark-Not Lighted
2020-03-04T18:30:00.000,I 75,I 75 and S Marietta Pkwy Exit,,Rear End,2,Rain,Wet,Dark-Not Lighted
2020-09-05T21:46:00.000,I 75,I 75 and S Marietta Pkwy Entrance R,,Rear End,2,Clear,Dry,Dark-Not Lighted
2020-07-20T20:35:00.000,I 75,I 75 and S Marietta Pkwy Ent Rp,,Not a Collision with Motor Vehicle,1,Clear,Dry,Daylight
2021-07-20T00:31:00.000,I 75,I 75 and S Marietta Pkwy Ent Rp,,Not a Collision with Motor Vehicle,1,Rain,Wet,Dark-Lighted
2021-02-21T15:34:00.000,I 75,I 75 and S Marietta Pkwy Ent,,Angle Crash,3,Clear,Dry,Daylight
2022-07-03T22:44:00.000,I 75,I 75 and S Marietta Pkwy Ent,,Not a Collision with Motor Vehicle,1,Cloudy,Dry,Dark-Not Lighted
2022-02-27T13:06:00.000,I 75,I 75 and S Marietta Pkwy Ent,,Not a Collision with Motor Vehicle,1,Rain,Wet,Daylight
2022-12-19T04:22:00.000,I 75,I 75 and S Marietta Pkwy Ent,,Rear End,2,Clear,Dry,Dark-Not Lighted
2022-06-15T00:05:00.000,I 75,I 75 and S Marietta Pkwy Ent,,Rear End,2,Clear,Dry,Dark-Not Lighted
2022-04-23T16:04:00.000,I 75,I 75 and S Marietta Pkwy Ent,,Angle Crash,2,Clear,Dry,Daylight
2022-02-13T20:37:00.000,I 75,I 75 and S Marietta Pkwy Ent,,Rear End,2,Cloudy,Dry,Dark-Not Lighted
2021-06-06T14:35:00.000,I 75,I 75 and S Marietta Pkwy Brdge,,Rear End,2,Cloudy,Dry,Daylight
2021-05-23T03:34:00.000,I 75,I 75 and S Marietta Pkwy,,Not a Collision with Motor Vehicle,1,Cloudy,Dry,Dark-Not Lighted
2021-02-17T16:00:00.000,I 75,I 75 and S Marietta Pkwy,,Sideswipe-Same Direction,2,Clear,Dry,Daylight
2021-03-09T18:54:00.000,I 75,I 75 and S Marietta Pkwy,,Angle Crash,2,Cloudy,Dry,Dark-Not Lighted
2021-06-05T21:57:00.000,I 75,I 75 and S Marietta Pkwy,,Rear End,2,Cloudy,Wet,Dark-Not Lighted
2021-04-25T13:30:00.000,I 75,I 75 and S Marietta Pkwy,,Rear End,2,Clear,Dry,Daylight
2021-04-04T13:56:00.000,I 75,I 75 and S Marietta Pkwy,,Sideswipe-Same Direction,2,Cloudy,Dry,Daylight
2021-01-29T13:35:00.000,I 75,I 75 and S Marietta Pkwy,,Rear End,3,Clear,Dry,Daylight
2021-04-08T21:14:00.000,I 75,I 75 and S Marietta Pkwy,,Angle Crash,2,Clear,Dry,Dark-Lighted
2021-02-07T13:11:00.000,I 75,I 75 and S Marietta Pkwy,,Rear End,3,Cloudy,Dry,Daylight
2021-03-26T16:48:00.000,I 75,I 75 and S Marietta Pkwy,,Rear End,2,Cloudy,Dry,Daylight
2021-05-02T07:00:00.000,I 75,I 75 and S Marietta Pkwy,,Sideswipe-Same Direction,2,Clear,Dry,Daylight
2021-04-18T15:32:00.000,I 75,I 75 and S Marietta Pkwy,,Sideswipe-Same Direction,2,Clear,Dry,Daylight
2021-05-19T20:55:00.000,I 75,I 75 and S Marietta Pkwy,,Sideswipe-Same Direction,2,Clear,Dry,Dark-Not Lighted
2021-04-24T06:00:00.000,I 75,I 75 and S Marietta Pkwy,,Angle Crash,3,Rain,Wet,Dark-Not Lighted
2021-04-12T17:20:00.000,I 75,I 75 and S Marietta Pkwy,,Rear End,3,Clear,Dry,Daylight
2021-04-01T17:45:00.000,I 75,I 75 and S Marietta Pkwy,,Rear End,5,Clear,Dry,Daylight
2021-10-25T10:36:00.000,I 75,I 75 and S Marietta Pkwy,,Not a Collision with Motor Vehicle,1,Clear,Dry,Dark-Not Lighted
2021-10-03T03:00:00.000,I 75,I 75 and S Marietta Pkwy,,Not a Collision with Motor Vehicle,1,Clear,Dry,Dark-Not Lighted
2021-12-07T05:54:00.000,I 75,I 75 and S Marietta Pkwy,,Sideswipe-Same Direction,2,Clear,Dry,Dark-Not Lighted
2021-08-16T16:00:00.000,I 75,I 75 and S Marietta Pkwy,,Sideswipe-Same Direction,2,Rain,Wet,Daylight
2021-08-24T03:12:00.000,I 75,I 75 and S Marietta Pkwy,,Rear End,2,Cloudy,Dry,Dark-Not Lighted
2021-12-20T12:19:00.000,I 75,I 75 and S Marietta Pkwy,,Rear End,2,Cloudy,Dry,Daylight
2021-09-23T13:10:00.000,I 75,I 75 and S Marietta Pkwy,,Rear End,2,Clear,Dry,Daylight
2021-11-23T14:39:00.000,I 75,I 75 and S Marietta Pkwy,,Rear End,2,Clear,Dry,Daylight
2021-07-02T01:33:00.000,I 75,I 75 and S Marietta Pkwy,,Rear End,2,Clear,Dry,Dark-Not Lighted
2021-11-24T23:45:00.000,I 75,I 75 and S Marietta Pkwy,,Sideswipe-Same Direction,2,Cloudy,Dry,Dark-Not Lighted
2021-07-17T12:00:00.000,I 75,I 75 and S Marietta Pkwy,,Sideswipe-Same Direction,2,Clear,Dry,Daylight
2021-09-01T09:03:00.000,I 75,I 75 and S Marietta Pkwy,,Rear End,2,Cloudy,Wet,Daylight
2021-02-07T09:30:00.000,I 75,I 75 and S Marietta Pkwy,,Sideswipe-Same Direction,2,Cloudy,Dry,Daylight
2021-04-14T07:52:00.000,I 75,I 75 and S Marietta Pkwy,,Rear End,3,Clear,Dry,Daylight
2021-05-14T14:15:00.000,I 75,I 75 and S Marietta Pkwy,,Rear End,2,Clear,Dry,Daylight
2021-03-03T08:35:00.000,I 75,I 75 and S Marietta Pkwy,,Sideswipe-Same Direction,2,Clear,Dry,Daylight
2021-03-08T03:51:00.000,I 75,I 75 and S Marietta Pkwy,,Rear End,4,Clear,Dry,Daylight
2021-04-18T10:35:00.000,I 75,I 75 and S Marietta Pkwy,,Rear End,2,Clear,Dry,Daylight
2021-03-30T06:48:00.000,I 75,I 75 and S Marietta Pkwy,,Rear End,3,Clear,Dry,Daylight
2021-03-12T17:25:00.000,I 75,I 75 and S Marietta Pkwy,,Rear End,4,Clear,Dry,Daylight
2021-01-01T18:40:00.000,I 75,I 75 and S Marietta Pkwy,,Angle Crash,2,Cloudy,Wet,Dark-Lighted
2021-01-27T14:27:00.000,I 75,I 75 and S Marietta Pkwy,,Not a Collision with Motor Vehicle,2,Cloudy,Wet,Daylight
2021-06-05T22:53:00.000,I 75,I 75 and S Marietta Pkwy,,Rear End,5,Cloudy,Dry,Dark-Not Lighted
2021-02-17T15:26:00.000,I 75,I 75 and S Marietta Pkwy,,Rear End,3,Cloudy,Dry,Daylight
2021-03-17T15:47:00.000,I 75,I 75 and S Marietta Pkwy,,Rear End,3,Rain,Wet,Daylight
2021-01-22T13:55:00.000,I 75,I 75 and S Marietta Pkwy,,Not a Collision with Motor Vehicle,1,Clear,Dry,Daylight
2021-06-05T22:45:00.000,I 75,I 75 and S Marietta Pkwy,,Angle Crash,2,Clear,Wet,Dark-Lighted
2021-05-03T11:14:00.000,I 75,I 75 and S Marietta Pkwy,,Sideswipe-Same Direction,3,Rain,Wet,Daylight
2021-05-23T16:15:00.000,I 75,I 75 and S Marietta Pkwy,,Rear End,2,Clear,Dry,Daylight
2021-03-23T16:56:00.000,I 75,I 75 and S Marietta Pkwy,,Sideswipe-Same Direction,2,Cloudy,Dry,Daylight
2021-03-02T17:00:00.000,I 75,I 75 and S Marietta Pkwy,,Rear End,2,Cloudy,Dry,Daylight
2021-04-12T17:40:00.000,I 75,I 75 and S Marietta Pkwy,,Rear End,2,Clear,Dry,Daylight
2021-05-14T17:00:00.000,I 75,I 75 and S Marietta Pkwy,,Sideswipe-Same Direction,2,Clear,Dry,Daylight
2021-06-01T22:29:00.000,I 75,I 75 and S Marietta Pkwy,,Angle Crash,2,Clear,Dry,Dark-Lighted
2021-05-28T10:15:00.000,I 75,I 75 and S Marietta Pkwy,,Sideswipe-Same Direction,2,Cloudy,Dry,Daylight
2021-06-03T13:48:00.000,I 75,I 75 and S Marietta Pkwy,,Sideswipe-Same Direction,2,Cloudy,Dry,Daylight
2021-02-06T18:42:00.000,I 75,I 75 and S Marietta Pkwy,,Angle Crash,2,Rain,Water (standing or moving),Dark-Not Lighted
2021-06-15T20:00:00.000,I 75,I 75 and S Marietta Pkwy,,Rear End,3,Cloudy,Dry,Daylight
2021-01-13T09:52:00.000,I 75,I 75 and S Marietta Pkwy,,Sideswipe-Same Direction,2,Clear,Dry,Daylight
2021-02-19T17:15:00.000,I 75,I 75 and S Marietta Pkwy,,Angle Crash,2,Clear,Dry,Daylight