Date and Time,Roadway (From Crash Report),Intersection Name (from Crash Report),KABCO Severity,Manner of Collision (Crash Level) ,# of Vehicles per crash ,Weather Conditions (Crash Level),Surface Condition (Crash Level) ,Light Conditions (Crash Level)
2021-06-24T18:55:00.000,I 75,I 75 and S Marietta Pkwy,,Angle Crash,2,Clear,Dry,Daylight
2021-02-08T11:38:00.000,I 75,I 75 and S Marietta Pkwy,,Sideswipe-Same Direction,3,Clear,Dry,Daylight
2021-05-21T05:21:00.000,I 75,I 75 and S Marietta Pkwy,,Sideswipe-Same Direction,2,Clear,Dry,Dark-Not Lighted
2021-04-29T02:27:00.000,I 75,I 75 and S Marietta Pkwy,,Rear End,2,Clear,Dry,Dark-Lighted
2021-04-03T22:33:00.000,I 75,I 75 and S Marietta Pkwy,,Rear End,2,Clear,Dry,Dark-Not Lighted
2021-06-28T15:35:00.000,I 75,I 75 and S Marietta Pkwy,,Sideswipe-Same Direction,2,Cloudy,Dry,Daylight
2021-12-19T18:44:00.000,I 75,I 75 and S Marietta Pkwy,,Rear End,2,Clear,Dry,Dark-Lighted
2021-09-23T17:21:00.000,I 75,I 75 and S Marietta Pkwy,,Rear End,2,Clear,Dry,Daylight
2021-07-01T17:05:00.000,I 75,I 75 and S Marietta Pkwy,,Rear End,2,Clear,Dry,Daylight
2021-10-20T17:00:00.000,I 75,I 75 and S Marietta Pkwy,,Rear End,2,Clear,Dry,Daylight
2021-10-01T10:18:00.000,I 75,I 75 and S Marietta Pkwy,,Not a Collision with Motor Vehicle,1,Cloudy,Dry,Daylight
2021-09-18T11:17:00.000,I 75,I 75 and S Marietta Pkwy,,Angle Crash,2,Cloudy,Dry,Daylight
2021-11-04T14:58:00.000,I 75,I 75 and S Marietta Pkwy,,Rear End,3,Cloudy,Wet,Daylight
2021-11-05T10:07:00.000,I 75,I 75 and S Marietta Pkwy,,Rear End,2,Cloudy,Dry,Daylight
2021-08-12T13:00:00.000,I 75,I 75 and S Marietta Pkwy,,Rear End,2,Clear,Dry,Daylight
2021-08-21T08:09:00.000,I 75,I 75 and S Marietta Pkwy,,Rear End,2,Cloudy,Dry,Dawn
2021-12-03T13:50:00.000,I 75,I 75 and S Marietta Pkwy,,Rear End,2,Clear,Dry,Daylight
2021-09-16T17:38:00.000,I 75,I 75 and S Marietta Pkwy,,Rear End,4,Cloudy,Dry,Daylight
2021-12-24T11:45:00.000,I 75,I 75 and S Marietta Pkwy,,Not a Collision with Motor Vehicle,1,Clear,Dry,Daylight
2021-10-02T13:15:00.000,I 75,I 75 and S Marietta Pkwy,,Angle Crash,2,Clear,Dry,Daylight
2021-11-22T21:23:00.000,I 75,I 75 and S Marietta Pkwy,,Sideswipe-Same Direction,2,Cloudy,Dry,Dark-Lighted
2021-11-30T18:49:00.000,I 75,I 75 and S Marietta Pkwy,,Rear End,2,Clear,Dry,Dark-Not Lighted
2021-11-18T14:55:00.000,I 75,I 75 and S Marietta Pkwy,,Rear End,2,Clear,Dry,Daylight
2021-10-12T06:05:00.000,I 75,I 75 and S Marietta Pkwy,,Not a Collision with Motor Vehicle,2,Cloudy,Dry,Dark-Not Lighted
2021-12-02T10:05:00.000,I 75,I 75 and S Marietta Pkwy,,Rear End,2,Clear,Dry,Daylight
2021-08-21T07:10:00.000,I 75,I 75 and S Marietta Pkwy,,Angle Crash,2,Clear,Dry,Dawn
2021-10-15T19:59:00.000,I 75,I 75 and S Marietta Pkwy,,Sideswipe-Same Direction,2,Clear,Dry,Dark-Not Lighted
2021-07-22T08:20:00.000,I 75,I 75 and S Marietta Pkwy,,Rear End,2,Cloudy,Dry,Daylight
2021-07-01T17:50:00.000,I 75,I 75 and S Marietta Pkwy,,Rear End,2,Clear,Dry,Daylight
2021-11-24T15:53:00.000,I 75,I 75 and S Marietta Pkwy,,Not a Collision with Motor Vehicle,2,Clear,Dry,Daylight
2021-09-03T22:30:00.000,I 75,I 75 and S Marietta Pkwy,,Sideswipe-Same Direction,2,Clear,Dry,Dark-Not Lighted
2021-07-08T14:25:00.000,I 75,I 75 and S Marietta Pkwy,,Rear End,2,Cloudy,Dry,Daylight
2021-11-01T11:05:00.000,I 75,I 75 and S Marietta Pkwy,,Not a Collision with Motor Vehicle,1,Clear,Dry,Dark-Lighted
2021-08-13T16:28:00.000,I 75,I 75 and S Marietta Pkwy,,Sideswipe-Same Direction,3,Cloudy,Dry,Daylight
2021-12-01T10:54:00.000,I 75,I 75 and S Marietta Pkwy,,Rear End,2,Clear,Dry,Daylight
2021-11-08T11:50:00.000,I 75,I 75 and S Marietta Pkwy,,Angle Crash,2,Clear,Dry,Daylight
2021-08-17T07:08:00.000,I 75,I 75 and S Marietta Pkwy,,Rear End,2,Rain,Wet,Daylight
2021-07-22T08:41:00.000,I 75,I 75 and S Marietta Pkwy,,Rear End,3,Cloudy,Wet,Daylight
2021-08-14T13:50:00.000,I 75,I 75 and S Marietta Pkwy,,Rear End,2,Clear,Dry,Daylight
2021-08-10T08:28:00.000,I 75,I 75 and S Marietta Pkwy,,Angle Crash,2,Clear,Dry,Daylight
2021-11-10T09:30:00.000,I 75,I 75 and S Marietta Pkwy,,Rear End,2,Clear,Dry,Daylight
2021-07-23T08:00:00.000,I 75,I 75 and S Marietta Pkwy,,Rear End,3,Clear,Dry,Daylight
2021-10-15T20:08:00.000,I 75,I 75 and S Marietta Pkwy,,Rear End,3,Clear,Dry,Dark-Not Lighted
2021-11-06T23:12:00.000,I 75,I 75 and S Marietta Pkwy,,Rear End,2,Clear,Dry,Dark-Not Lighted
2021-12-02T16:34:00.000,I 75,I 75 and S Marietta Pkwy,,Rear End,2,Clear,Dry,Daylight
2021-09-11T13:00:00.000,I 75,I 75 and S Marietta Pkwy,,Rear End,2,Clear,Dry,Daylight
2021-09-10T08:03:00.000,I 75,I 75 and S Marietta Pkwy,,Rear End,2,Clear,Dry,Daylight
2021-10-28T16:21:00.000,I 75,I 75 and S Marietta Pkwy,,Rear End,2,Cloudy,Wet,Daylight
2021-03-12T10:20:00.000,I 75,I 75 and S Marietta Pkwy,,Sideswipe-Same Direction,2,Clear,Dry,Daylight
2021-06-23T12:52:00.000,I 75,I 75 and S Marietta Pkwy,,Not a Collision with Motor Vehicle,2,Cloudy,Dry,Daylight
2021-04-25T15:54:00.000,I 75,I 75 and S Marietta Pkwy,,Rear End,2,Clear,Dry,Daylight
2021-03-08T13:55:00.000,I 75,I 75 and S Marietta Pkwy,,Sideswipe-Same Direction,2,Clear,Dry,Daylight
2021-02-11T12:24:00.000,I 75,I 75 and S Marietta Pkwy,,Rear End,3,Rain,Wet,Daylight
2021-04-14T15:15:00.000,I 75,I 75 and S Marietta Pkwy,,Not a Collision with Motor Vehicle,1,Cloudy,Dry,Daylight
2021-03-29T22:10:00.000,I 75,I 75 and S Marietta Pkwy,,Rear End,2,Clear,Dry,Dark-Lighted
2021-05-06T04:17:00.000,I 75,I 75 and S Marietta Pkwy,,Sideswipe-Same Direction,2,Cloudy,Dry,Dark-Not Lighted
2021-05-18T09:38:00.000,I 75,I 75 and S Marietta Pkwy,,Sideswipe-Same Direction,2,Cloudy,Dry,Daylight
2021-03-12T12:35:00.000,I 75,I 75 and S Marietta Pkwy,,Rear End,2,Cloudy,Dry,Daylight
2021-06-01T22:29:00.000,I 75,I 75 and S Marietta Pkwy,,Angle Crash,2,Clear,Dry,Dark-Lighted
2021-06-26T22:27:00.000,I 75,I 75 and S Marietta Pkwy,,Angle Crash,3,Cloudy,Wet,Dark-Lighted
2021-03-09T19:35:00.000,I 75,I 75 and S Marietta Pkwy,,Sideswipe-Same Direction,2,Clear,Dry,Dark-Not Lighted
2021-01-14T18:24:00.000,I 75,I 75 and S Marietta Pkwy,,Rear End,2,Clear,Dry,Dark-Not Lighted
2021-03-11T13:31:00.000,I 75,I 75 and S Marietta Pkwy,,Angle Crash,2,Clear,Dry,Daylight
2021-06-26T15:01:00.000,I 75,I 75 and S Marietta Pkwy,,Rear End,2,Clear,Dry,Daylight
2021-06-16T15:00:00.000,I 75,I 75 and S Marietta Pkwy,,Rear End,2,Clear,Dry,Daylight
2021-06-17T16:56:00.000,I 75,I 75 and S Marietta Pkwy,,Not a Collision with Motor Vehicle,1,Clear,Dry,Daylight
2021-06-15T20:00:00.000,I 75,I 75 and S Marietta Pkwy,,Sideswipe-Same Direction,2,Clear,Dry,Daylight
2021-05-20T13:35:00.000,I 75,I 75 and S Marietta Pkwy,,Sideswipe-Same Direction,2,Clear,Dry,Daylight
2021-04-21T03:58:00.000,I 75,I 75 and S Marietta Pkwy,,Rear End,2,Clear,Dry,Dark-Not Lighted
2021-03-21T12:00:00.000,I 75,I 75 and S Marietta Pkwy,,Sideswipe-Same Direction,3,Clear,Dry,Daylight
2021-03-01T06:37:00.000,I 75,I 75 and S Marietta Pkwy,,Angle Crash,2,Rain,Wet,Dark-Not Lighted
2021-04-17T14:45:00.000,I 75,I 75 and S Marietta Pkwy,,Rear End,2,Clear,Dry,Daylight
2021-06-22T09:15:00.000,I 75,I 75 and S Marietta Pkwy,,Rear End,2,Cloudy,Wet,Daylight
2021-03-25T15:44:00.000,I 75,I 75 and S Marietta Pkwy,,Rear End,3,Cloudy,Wet,Daylight
2021-06-20T13:57:00.000,I 75,I 75 and S Marietta Pkwy,,Sideswipe-Same Direction,2,Clear,Wet,Daylight
2021-09-10T08:26:00.000,I 75,I 75 and S Marietta Pkwy,,Not a Collision with Motor Vehicle,1,Clear,Dry,Daylight
2021-07-18T14:00:00.000,I 75,I 75 and S Marietta Pkwy,,Rear End,3,Clear,Dry,Daylight
2021-11-14T14:58:00.000,I 75,I 75 and S Marietta Pkwy,,Rear End,2,Clear,Dry,Daylight
2021-11-10T09:30:00.000,I 75,I 75 and S Marietta Pkwy,,Rear End,2,Clear,Dry,Daylight
2021-10-28T18:48:00.000,I 75,I 75 and S Marietta Pkwy,,Rear End,2,Rain,Wet,Daylight
2021-10-30T19:12:00.000,I 75,I 75 and S Marietta Pkwy,,Rear End,2,Cloudy,Wet,Dark-Not Lighted
2021-08-24T03:12:00.000,I 75,I 75 and S Marietta Pkwy,,Not a Collision with Motor Vehicle,1,Clear,Dry,Dark-Lighted
2021-09-29T07:28:00.000,I 75,I 75 and S Marietta Pkwy,,Sideswipe-Same Direction,2,Clear,Dry,Daylight
2021-07-28T12:56:00.000,I 75,I 75 and S Marietta Pkwy,,Rear End,2,Clear,Dry,Daylight
2021-11-14T13:55:00.000,I 75,I 75 and S Marietta Pkwy,,Rear End,4,Clear,Dry,Daylight
2021-07-02T09:22:00.000,I 75,I 75 and S Marietta Pkwy,,Rear End,2,Rain,Wet,Daylight
2021-07-30T07:00:00.000,I 75,I 75 and S Marietta Pkwy,,Sideswipe-Same Direction,4,Cloudy,Dry,Daylight
2021-12-05T14:41:00.000,I 75,I 75 and S Marietta Pkwy,,Angle Crash,3,Clear,Dry,Daylight
2021-10-27T16:10:00.000,I 75,I 75 and S Marietta Pkwy,,Rear End,2,Clear,Dry,Daylight
2021-08-28T21:55:00.000,I 75,I 75 and S Marietta Pkwy,,Rear End,2,Cloudy,Dry,Dark-Lighted
2021-05-23T14:30:00.000,I 75,I 75 and S Marietta Pkwy,,Rear End,2,Clear,Dry,Daylight
2021-06-18T14:23:00.000,I 75,I 75 and S Marietta Pkwy,,Rear End,4,Cloudy,Dry,Daylight
2021-06-05T23:00:00.000,I 75,I 75 and S Marietta Pkwy,,Rear End,3,Clear,Dry,Dark-Lighted
2021-06-18T15:20:00.000,I 75,I 75 and S Marietta Pkwy,,Rear End,2,Cloudy,Dry,Daylight
2021-06-07T14:00:00.000,I 75,I 75 and S Marietta Pkwy,,Rear End,2,Rain,Wet,Daylight
2021-04-10T22:08:00.000,I 75,I 75 and S Marietta Pkwy,,Sideswipe-Same Direction,2,Clear,Dry,Dark-Lighted
2021-05-26T16:09:00.000,I 75,I 75 and S Marietta Pkwy,,Sideswipe-Same Direction,2,Cloudy,Dry,Daylight
2021-05-11T18:00:00.000,I 75,I 75 and S Marietta Pkwy,,Rear End,2,Cloudy,Dry,Daylight
2021-04-05T07:30:00.000,I 75,I 75 and S Marietta Pkwy,,Rear End,2,Clear,Dry,Daylight
2021-03-29T17:05:00.000,I 75,I 75 and S Marietta Pkwy,,Sideswipe-Same Direction,2,Clear,Dry,Daylight
2021-06-01T14:22:00.000,I 75,I 75 and S Marietta Pkwy,,Not a Collision with Motor Vehicle,2,Clear,Dry,Daylight
2021-05-05T16:00:00.000,I 75,I 75 and S Marietta Pkwy,,Angle Crash,4,Clear,Dry,Daylight
2021-06-29T17:36:00.000,I 75,I 75 and S Marietta Pkwy,,Not a Collision with Motor Vehicle,2,Cloudy,Dry,Daylight
2021-05-07T10:24:00.000,I 75,I 75 and S Marietta Pkwy,,Rear End,2,Cloudy,Dry,Daylight
2020-12-22T14:06:00.000,I 75,I 75 and S Marietta Pkwy,,Rear End,2,Clear,Dry,Daylight
2020-12-28T15:15:00.000,I 75,I 75 and S Marietta Pkwy,,Rear End,2,Cloudy,Dry,Daylight
2020-11-24T17:35:00.000,I 75,I 75 and S Marietta Pkwy,,Rear End,2,Clear,Dry,Daylight
2020-09-06T00:36:00.000,I 75,I 75 and S Marietta Pkwy,,Rear End,4,Cloudy,Dry,Dark-Not Lighted
2020-11-17T11:00:00.000,I 75,I 75 and S Marietta Pkwy,,Not a Collision with Motor Vehicle,1,Clear,Dry,Daylight
2020-10-09T05:38:00.000,I 75,I 75 and S Marietta Pkwy,,Sideswipe-Same Direction,2,Cloudy,Dry,Dark-Not Lighted
2020-10-27T19:30:00.000,I 75,I 75 and S Marietta Pkwy,,Sideswipe-Same Direction,2,Clear,Dry,Daylight
2020-03-11T18:20:00.000,I 75,I 75 and S Marietta Pkwy,,Rear End,3,Cloudy,Dry,Daylight
2020-11-11T10:40:00.000,I 75,I 75 and S Marietta Pkwy,,Not a Collision with Motor Vehicle,1,Cloudy,Wet,Daylight
2020-12-02T12:45:00.000,I 75,I 75 and S Marietta Pkwy,,Rear End,2,Cloudy,Dry,Daylight
2023-03-11T10:15:00.000,I 75,I 75 and S Marietta Pkwy,,Not a Collision with Motor Vehicle,1,Clear,Dry,Daylight
2023-05-31T17:15:00.000,I 75,I 75 and S Marietta Pkwy,,Rear End,2,Clear,Dry,Daylight
2023-02-05T05:30:00.000,I 75,I 75 and S Marietta Pkwy,,Not a Collision with Motor Vehicle,1,Cloudy,Dry,Dark-Not Lighted
2023-09-07T09:45:00.000,I 75,I 75 and S Marietta Pkwy,,Sideswipe-Same Direction,2,Clear,Dry,Daylight
2023-07-30T05:40:00.000,I 75,I 75 and S Marietta Pkwy,,Sideswipe-Same Direction,3,Clear,Dry,Dark-Not Lighted
2023-10-11T07:25:00.000,I 75,I 75 and S Marietta Pkwy,,(None),3,(None),(None),(None)
2023-07-11T07:35:00.000,I 75,I 75 and S Marietta Pkwy,,Sideswipe-Same Direction,2,Clear,Dry,Daylight
2023-11-16T19:49:00.000,I 75,I 75 and S Marietta Pkwy,,Sideswipe-Same Direction,2,Clear,Dry,Dark-Not Lighted
2023-05-21T03:53:00.000,I 75,I 75 and S Marietta Pkwy,,Not a Collision with Motor Vehicle,1,Cloudy,Dry,Dark-Lighted
2023-08-21T12:04:00.000,I 75,I 75 and S Marietta Pkwy,,Rear End,2,Clear,Dry,Daylight
2023-06-22T03:30:00.000,I 75,I 75 and S Marietta Pkwy,,Not a Collision with Motor Vehicle,1,Cloudy,Wet,Dark-Not Lighted
2023-04-27T13:30:00.000,I 75,I 75 and S Marietta Pkwy,,Rear End,2,Rain,Wet,Daylight
2023-09-09T18:07:00.000,I 75,I 75 and S Marietta Pkwy,,Rear End,2,Clear,Dry,Daylight
2023-07-22T15:26:00.000,I 75,I 75 and S Marietta Pkwy,,Rear End,2,Cloudy,Dry,Daylight
2023-03-02T15:25:00.000,I 75,I 75 and S Marietta Pkwy,,Rear End,2,Rain,Wet,Daylight
2023-06-25T13:00:00.000,I 75,I 75 and S Marietta Pkwy,,Rear End,3,Clear,Dry,Daylight
2023-06-15T13:35:00.000,I 75,I 75 and S Marietta Pkwy,,Sideswipe-Same Direction,3,Clear,Dry,Daylight
2023-01-23T13:42:00.000,I 75,I 75 and S Marietta Pkwy,,Not a Collision with Motor Vehicle,3,Cloudy,Dry,Daylight
2023-06-20T11:15:00.000,I 75,I 75 and S Marietta Pkwy,,Rear End,3,Cloudy,Dry,Daylight
2023-03-10T10:30:00.000,I 75,I 75 and S Marietta Pkwy,,Rear End,2,Cloudy,Wet,Daylight
2023-06-14T17:54:00.000,I 75,I 75 and S Marietta Pkwy,,Rear End,2,Cloudy,Dry,Daylight
2023-01-07T17:31:00.000,I 75,I 75 and S Marietta Pkwy,,Sideswipe-Same Direction,2,Clear,Dry,Daylight
2023-11-30T18:56:00.000,I 75,I 75 and S Marietta Pkwy,,Rear End,2,Clear,Dry,Dark-Not Lighted
2023-11-26T05:00:00.000,I 75,I 75 and S Marietta Pkwy,,(None),2,(None),(None),(None)
2023-04-13T18:11:00.000,I 75,I 75 and S Marietta Pkwy,,Rear End,3,Rain,Wet,Daylight
2023-02-21T11:46:00.000,I 75,I 75 and S Marietta Pkwy,,Rear End,3,Rain,Wet,Daylight
2023-11-03T09:00:00.000,I 75,I 75 and S Marietta Pkwy,,Rear End,2,Clear,Dry,Daylight
2023-03-14T23:08:00.000,I 75,I 75 and S Marietta Pkwy,,Sideswipe-Same Direction,2,Cloudy,Dry,Dark-Not Lighted
2023-04-29T22:38:00.000,I 75,I 75 and S Marietta Pkwy,,Rear End,2,Rain,Wet,Dark-Lighted
2023-02-10T16:24:00.000,I 75,I 75 and S Marietta Pkwy,,Rear End,2,Cloudy,Dry,Daylight
2023-10-03T06:51:00.000,I 75,I 75 and S Marietta Pkwy,,Rear End,2,Clear,Dry,Dark-Not Lighted
2023-02-18T21:55:00.000,I 75,I 75 and S Marietta Pkwy,,Sideswipe-Same Direction,2,Cloudy,Dry,Dark-Lighted
2023-09-25T15:57:00.000,I 75,I 75 and S Marietta Pkwy,,Rear End,2,Clear,Dry,Daylight
2023-02-25T18:08:00.000,I 75,I 75 and S Marietta Pkwy,,Sideswipe-Same Direction,2,Cloudy,Wet,Dark-Not Lighted
2023-09-01T11:16:00.000,I 75,I 75 and S Marietta Pkwy,,Rear End,3,Cloudy,Dry,Daylight
2023-12-07T00:37:00.000,I 75,I 75 and S Marietta Pkwy,,(None),1,(None),(None),(None)
2023-11-29T10:30:00.000,I 75,I 75 and S Marietta Pkwy,,(None),2,(None),(None),(None)
2023-08-13T14:05:00.000,I 75,I 75 and S Marietta Pkwy,,Sideswipe-Same Direction,2,Clear,Dry,Daylight
2023-05-30T16:37:00.000,I 75,I 75 and S Marietta Pkwy,,Sideswipe-Same Direction,2,Clear,Dry,Daylight
2023-06-30T12:00:00.000,I 75,I 75 and S Marietta Pkwy,,Rear End,2,Cloudy,Dry,Daylight
2023-08-03T11:40:00.000,I 75,I 75 and S Marietta Pkwy,,Rear End,3,Cloudy,Dry,Daylight
2023-10-14T18:19:00.000,I 75,I 75 and S Marietta Pkwy,,(None),2,(None),(None),(None)
2023-11-11T00:43:00.000,I 75,I 75 and S Marietta Pkwy,,(None),2,(None),(None),(None)
2023-03-27T07:35:00.000,I 75,I 75 and S Marietta Pkwy,,Rear End,2,Rain,Wet,Daylight
2023-08-21T08:01:00.000,I 75,I 75 and S Marietta Pkwy,,Sideswipe-Same Direction,2,Clear,Dry,Daylight
2023-12-01T13:34:00.000,I 75,I 75 and S Marietta Pkwy,,Rear End,2,Clear,Wet,Daylight
2023-12-28T19:21:00.000,I 75,I 75 and S Marietta Pkwy,,Rear End,2,Clear,Dry,Dark-Not Lighted
2023-08-25T17:45:00.000,I 75,I 75 and S Marietta Pkwy,,Sideswipe-Same Direction,2,Clear,Dry,Daylight
2023-06-19T16:00:00.000,I 75,I 75 and S Marietta Pkwy,,Sideswipe-Same Direction,2,Clear,Dry,Daylight
2023-07-01T15:23:00.000,I 75,I 75 and S Marietta Pkwy,,Sideswipe-Same Direction,2,Cloudy,Dry,Daylight
2023-06-03T17:00:00.000,I 75,I 75 and S Marietta Pkwy,,Rear End,2,Clear,Dry,Daylight
2023-12-21T22:39:00.000,I 75,I 75 and S Marietta Pkwy,,(None),1,(None),(None),(None)
2023-08-11T13:31:00.000,I 75,I 75 and S Marietta Pkwy,,Sideswipe-Same Direction,2,Cloudy,Dry,Daylight
2023-01-02T20:21:00.000,I 75,I 75 and S Marietta Pkwy,,Sideswipe-Same Direction,2,Cloudy,Wet,Dark-Not Lighted
2023-04-18T05:14:00.000,I 75,I 75 and S Marietta Pkwy,,Sideswipe-Opposite Direction,4,Clear,Dry,Dark-Not Lighted
2023-03-01T16:00:00.000,I 75,I 75 and S Marietta Pkwy,,Sideswipe-Same Direction,2,Clear,Dry,Daylight
2023-06-19T16:05:00.000,I 75,I 75 and S Marietta Pkwy,,Rear End,2,Cloudy,Dry,Daylight
2023-06-07T15:32:00.000,I 75,I 75 and S Marietta Pkwy,,Rear End,2,Clear,Dry,Daylight
2023-08-29T16:23:00.000,I 75,I 75 and S Marietta Pkwy,,Sideswipe-Same Direction,2,Cloudy,Dry,Daylight
2023-02-23T07:34:00.000,I 75,I 75 and S Marietta Pkwy,,Sideswipe-Same Direction,2,Clear,Dry,Daylight
2023-03-26T17:06:00.000,I 75,I 75 and S Marietta Pkwy,,Sideswipe-Same Direction,2,Cloudy,Wet,Daylight
2023-12-28T19:15:00.000,I 75,I 75 and S Marietta Pkwy,,Rear End,2,Clear,Dry,Dark-Not Lighted
2023-03-03T06:33:00.000,I 75,I 75 and S Marietta Pkwy,,Sideswipe-Same Direction,2,Cloudy,Wet,Daylight
2023-05-02T19:10:00.000,I 75,I 75 and S Marietta Pkwy,,Rear End,2,Clear,Dry,Daylight
2023-11-29T14:58:00.000,I 75,I 75 and S Marietta Pkwy,,Rear End,2,Clear,Dry,Daylight
2023-02-21T15:30:00.000,I 75,I 75 and S Marietta Pkwy,,Rear End,3,Cloudy,Dry,Daylight
2023-08-23T05:49:00.000,I 75,I 75 and S Marietta Pkwy,,Not a Collision with Motor Vehicle,1,Clear,Dry,Dark-Not Lighted
2023-07-05T23:45:00.000,I 75,I 75 and S Marietta Pkwy,,Sideswipe-Same Direction,3,Cloudy,Dry,Dark-Not Lighted
2023-04-04T15:30:00.000,I 75,I 75 and S Marietta Pkwy,,Not a Collision with Motor Vehicle,2,Clear,Dry,Daylight
2023-03-14T16:01:00.000,I 75,I 75 and S Marietta Pkwy,,Rear End,2,Clear,Dry,Daylight
2023-11-26T05:00:00.000,I 75,I 75 and S Marietta Pkwy,,(None),2,(None),(None),(None)
2023-01-01T19:25:00.000,I 75,I 75 and S Marietta Pkwy,,Sideswipe-Same Direction,2,Clear,Dry,Dark-Lighted
2023-05-16T19:03:00.000,I 75,I 75 and S Marietta Pkwy,,Rear End,2,Rain,Wet,Daylight
2023-01-10T22:22:00.000,I 75,I 75 and S Marietta Pkwy,,Rear End,2,Clear,Dry,Dark-Not Lighted
2023-04-10T03:01:00.000,I 75,I 75 and S Marietta Pkwy,,Rear End,2,Clear,Dry,Dark-Not Lighted
2023-11-27T12:12:00.000,I 75,I 75 and S Marietta Pkwy,,(None),2,(None),(None),(None)
2023-12-08T13:25:00.000,I 75,I 75 and S Marietta Pkwy,,Rear End,2,Cloudy,Dry,Daylight
2023-05-13T01:14:00.000,I 75,I 75 and S Marietta Pkwy,,Not a Collision with Motor Vehicle,1,Clear,Dry,Dark-Not Lighted
2023-10-26T07:15:00.000,I 75,I 75 and S Marietta Pkwy,,(None),2,(None),(None),(None)
2023-05-26T11:30:00.000,I 75,I 75 and S Marietta Pkwy,,Rear End,2,Clear,Dry,Daylight
2023-04-27T15:15:00.000,I 75,I 75 and S Marietta Pkwy,,Rear End,2,Rain,Wet,Daylight
2023-12-14T14:15:00.000,I 75,I 75 and S Marietta Pkwy,,Sideswipe-Same Direction,2,Clear,Dry,Daylight
2023-06-01T14:00:00.000,I 75,I 75 and S Marietta Pkwy,,Not a Collision with Motor Vehicle,1,Cloudy,Dry,Daylight
2023-01-20T15:30:00.000,I 75,I 75 and S Marietta Pkwy,,Rear End,2,Clear,Dry,Daylight
2023-12-22T15:25:00.000,I 75,I 75 and S Marietta Pkwy,,Rear End,2,Clear,Dry,Daylight
2023-11-21T18:17:00.000,I 75,I 75 and S Marietta Pkwy,,Rear End,2,Rain,Wet,Dark-Not Lighted
2023-07-22T01:16:00.000,I 75,I 75 and S Marietta Pkwy,,Rear End,2,Cloudy,Wet,Dark-Not Lighted
2023-11-18T08:50:00.000,I 75,I 75 and S Marietta Pkwy,,(None),2,(None),(None),(None)
2023-11-03T06:58:00.000,I 75,I 75 and S Marietta Pkwy,,Sideswipe-Same Direction,2,Clear,Dry,Daylight
2023-06-09T15:55:00.000,I 75,I 75 and S Marietta Pkwy,,Rear End,2,Clear,Dry,Daylight
2023-11-01T18:32:00.000,I 75,I 75 and S Marietta Pkwy,,(None),2,(None),(None),(None)
2023-06-11T16:50:00.000,I 75,I 75 and S Marietta Pkwy,,Sideswipe-Same Direction,3,Clear,Dry,Daylight
2023-06-19T15:25:00.000,I 75,I 75 and S Marietta Pkwy,,Sideswipe-Same Direction,2,Cloudy,Dry,Daylight
2023-08-09T12:00:00.000,I 75,I 75 and S Marietta Pkwy,,Rear End,2,Cloudy,Dry,Daylight
2023-02-19T14:00:00.000,I 75,I 75 and S Marietta Pkwy,,Angle Crash,2,Clear,Dry,Daylight
2023-12-05T11:25:00.000,I 75,I 75 and S Marietta Pkwy,,Sideswipe-Same Direction,2,Clear,Dry,Daylight
2023-11-15T00:38:00.000,I 75,I 75 and S Marietta Pkwy,,(None),2,(None),(None),(None)
2023-11-14T08:50:00.000,I 75,I 75 and S Marietta Pkwy,,Rear End,2,Clear,Dry,Daylight
2023-10-16T17:51:00.000,I 75,I 75 and S Marietta Pkwy,,Sideswipe-Same Direction,2,Cloudy,Dry,Daylight
2023-05-03T08:39:00.000,I 75,I 75 and S Marietta Pkwy,,Rear End,2,Cloudy,Dry,Daylight
2023-09-16T12:34:00.000,I 75,I 75 and S Marietta Pkwy,,Rear End,2,Rain,Wet,Daylight
2023-11-21T18:03:00.000,I 75,I 75 and S Marietta Pkwy,,Not a Collision with Motor Vehicle,1,Rain,Wet,Dark-Not Lighted
2023-07-21T23:00:00.000,I 75,I 75 and S Marietta Pkwy,,Rear End,2,Rain,Wet,Dark-Lighted
2023-05-20T12:44:00.000,I 75,I 75 and S Marietta Pkwy,,Not a Collision with Motor Vehicle,1,Cloudy,Dry,Daylight
2023-12-22T17:15:00.000,I 75,I 75 and S Marietta Pkwy,,Rear End,3,Clear,Dry,Dusk
2023-11-21T19:34:00.000,I 75,I 75 and S Marietta Pkwy,,Rear End,2,Rain,Wet,Dark-Not Lighted
2022-08-01T13:26:00.000,I 75,I 75 and S Marietta Pkwy,,Sideswipe-Same Direction,2,Cloudy,Dry,Daylight
2022-06-13T14:12:00.000,I 75,I 75 and S Marietta Pkwy,,Rear End,2,Clear,Dry,Daylight
2022-05-25T18:49:00.000,I 75,I 75 and S Marietta Pkwy,,Not a Collision with Motor Vehicle,1,Cloudy,Wet,Daylight
2022-06-22T11:58:00.000,I 75,I 75 and S Marietta Pkwy,,Rear End,2,Clear,Dry,Daylight
2022-01-14T13:35:00.000,I 75,I 75 and S Marietta Pkwy,,Rear End,2,Clear,Dry,Daylight
2022-04-02T16:15:00.000,I 75,I 75 and S Marietta Pkwy,,Angle Crash,2,Cloudy,Dry,Daylight
2022-08-06T11:34:00.000,I 75,I 75 and S Marietta Pkwy,,Rear End,2,Cloudy,Dry,Daylight
2022-03-23T04:00:00.000,I 75,I 75 and S Marietta Pkwy,,Not a Collision with Motor Vehicle,1,Rain,Wet,Dark-Lighted
2022-12-07T13:53:00.000,I 75,I 75 and S Marietta Pkwy,,Rear End,2,Cloudy,Wet,Daylight