Date and Time,Roadway (From Crash Report),Intersection Name (from Crash Report),KABCO Severity,Manner of Collision (Crash Level) ,# of Vehicles per crash ,Weather Conditions (Crash Level),Surface Condition (Crash Level) ,Light Conditions (Crash Level)
2022-02-01T17:15:00.000,I 75,I 75 and S Marietta Pkwy,,Sideswipe-Same Direction,2,Clear,Dry,Daylight
2022-06-25T21:45:00.000,I 75,I 75 and S Marietta Pkwy,,Sideswipe-Same Direction,2,Clear,Dry,Dark-Not Lighted
2022-12-20T10:23:00.000,I 75,I 75 and S Marietta Pkwy,,Sideswipe-Same Direction,2,Cloudy,Wet,Daylight
2022-05-04T10:00:00.000,I 75,I 75 and S Marietta Pkwy,,Angle Crash,2,Cloudy,Dry,Daylight
2022-02-18T13:10:00.000,I 75,I 75 and S Marietta Pkwy,,Rear End,2,Clear,Dry,Daylight
2022-11-15T20:14:00.000,I 75,I 75 and S Marietta Pkwy,,Rear End,2,Cloudy,Wet,Dark-Not Lighted
2022-06-30T23:30:00.000,I 75,I 75 and S Marietta Pkwy,,Not a Collision with Motor Vehicle,2,Clear,Dry,Dark-Lighted
2022-08-03T09:04:00.000,I 75,I 75 and S Marietta Pkwy,,Sideswipe-Same Direction,2,Clear,Dry,Daylight
2022-06-04T14:39:00.000,I 75,I 75 and S Marietta Pkwy,,Angle Crash,3,Clear,Dry,Daylight
2022-02-04T17:53:00.000,I 75,I 75 and S Marietta Pkwy,,Rear End,2,Cloudy,Dry,Daylight
2021-01-09T16:00:00.000,I 75,I 75 and S Marietta Pkwy,,Angle Crash,2,Cloudy,Dry,Daylight
2021-03-30T17:30:00.000,I 75,I 75 and S Marietta Pkwy,,Not a Collision with Motor Vehicle,3,Cloudy,Dry,Daylight
2023-08-19T16:45:00.000,I 75,I 75 and S Marietta Pkwy,,Rear End,2,Clear,Dry,Daylight
2020-10-23T22:53:00.000,I 75,I 75 and S Marietta Pkwy,,Rear End,2,Cloudy,Dry,Dark-Not Lighted
2020-11-02T12:00:00.000,I 75,I 75 and S Marietta Pkwy,,Not a Collision with Motor Vehicle,1,Cloudy,Dry,Daylight
2020-07-21T17:18:00.000,I 75,I 75 and S Marietta Pkwy,,Rear End,2,Rain,Wet,Daylight
2020-10-01T09:35:00.000,I 75,I 75 and S Marietta Pkwy,,Sideswipe-Same Direction,2,Clear,Dry,Daylight
2020-03-08T13:04:00.000,I 75,I 75 and S Marietta Pkwy,,Rear End,2,Cloudy,Dry,Daylight
2020-02-11T11:30:00.000,I 75,I 75 and S Marietta Pkwy,,Rear End,2,Cloudy,Dry,Daylight
2020-10-16T22:45:00.000,I 75,I 75 and S Marietta Pkwy,,Rear End,2,Clear,Dry,Dark-Lighted
2020-10-31T09:51:00.000,I 75,I 75 and S Marietta Pkwy,,Rear End,2,Cloudy,Dry,Daylight
2020-11-18T19:25:00.000,I 75,I 75 and S Marietta Pkwy,,Sideswipe-Same Direction,2,Clear,Dry,Dark-Lighted
2020-07-10T22:40:00.000,I 75,I 75 and S Marietta Pkwy,,Not a Collision with Motor Vehicle,1,Clear,Dry,Dark-Lighted
2020-01-15T08:37:00.000,I 75,I 75 and S Marietta Pkwy,,Rear End,4,Cloudy,Wet,Daylight
2020-12-16T06:13:00.000,I 75,I 75 and S Marietta Pkwy,,Sideswipe-Same Direction,2,Rain,Wet,Dark-Lighted
2020-11-24T09:00:00.000,I 75,I 75 and S Marietta Pkwy,,Rear End,1,Clear,Dry,Daylight
2020-02-08T00:27:00.000,I 75,I 75 and S Marietta Pkwy,,Not a Collision with Motor Vehicle,1,Cloudy,Dry,Dark-Not Lighted
2020-05-07T14:00:00.000,I 75,I 75 and S Marietta Pkwy,,Not a Collision with Motor Vehicle,1,Clear,Dry,Daylight
2020-01-15T19:30:00.000,I 75,I 75 and S Marietta Pkwy,,Rear End,2,Clear,Dry,Daylight
2020-11-03T17:13:00.000,I 75,I 75 and S Marietta Pkwy,,Sideswipe-Same Direction,2,Clear,Dry,Daylight
2020-01-05T13:58:00.000,I 75,I 75 and S Marietta Pkwy,,Rear End,2,Cloudy,Dry,Daylight
2020-07-22T11:47:00.000,I 75,I 75 and S Marietta Pkwy,,Sideswipe-Same Direction,2,Clear,Dry,Daylight
2020-09-01T08:11:00.000,I 75,I 75 and S Marietta Pkwy,,Rear End,3,Clear,Dry,Daylight
2020-10-18T03:10:00.000,I 75,I 75 and S Marietta Pkwy,,Not a Collision with Motor Vehicle,1,Cloudy,Dry,Dark-Lighted
2020-04-27T12:27:00.000,I 75,I 75 and S Marietta Pkwy,,Sideswipe-Same Direction,3,Clear,Dry,Daylight
2020-06-05T16:00:00.000,I 75,I 75 and S Marietta Pkwy,,Rear End,3,Cloudy,Dry,Daylight
2020-10-17T01:22:00.000,I 75,I 75 and S Marietta Pkwy,,Rear End,2,Clear,Dry,Dark-Lighted
2020-03-06T21:50:00.000,I 75,I 75 and S Marietta Pkwy,,Sideswipe-Same Direction,2,Clear,Dry,Dark-Lighted
2020-08-24T02:45:00.000,I 75,I 75 and S Marietta Pkwy,,Sideswipe-Same Direction,2,Cloudy,Dry,Dark-Not Lighted
2020-12-22T13:50:00.000,I 75,I 75 and S Marietta Pkwy,,Rear End,2,Clear,Dry,Daylight
2020-11-13T15:20:00.000,I 75,I 75 and S Marietta Pkwy,,Sideswipe-Same Direction,3,Clear,Dry,Daylight
2020-10-06T05:54:00.000,I 75,I 75 and S Marietta Pkwy,,Angle Crash,3,Clear,Dry,Dark-Not Lighted
2020-12-18T13:13:00.000,I 75,I 75 and S Marietta Pkwy,,Rear End,2,Clear,Dry,Daylight
2020-02-19T16:45:00.000,I 75,I 75 and S Marietta Pkwy,,Rear End,2,Cloudy,Dry,Daylight
2020-10-23T23:40:00.000,I 75,I 75 and S Marietta Pkwy,,Sideswipe-Same Direction,2,Clear,Dry,Dark-Lighted
2020-12-22T13:20:00.000,I 75,I 75 and S Marietta Pkwy,,Rear End,4,Clear,Dry,Daylight
2020-11-23T00:00:00.000,I 75,I 75 and S Marietta Pkwy,,Sideswipe-Same Direction,2,Clear,Dry,Dark-Not Lighted
2020-09-01T08:15:00.000,I 75,I 75 and S Marietta Pkwy,,Rear End,4,Clear,Dry,Daylight
2020-09-12T18:09:00.000,I 75,I 75 and S Marietta Pkwy,,Sideswipe-Same Direction,2,Clear,Dry,Daylight
2020-11-25T12:25:00.000,I 75,I 75 and S Marietta Pkwy,,Rear End,2,Clear,Dry,Daylight
2020-03-18T22:29:00.000,I 75,I 75 and S Marietta Pkwy,,Rear End,2,Cloudy,Dry,Dark-Not Lighted
2020-12-28T18:55:00.000,I 75,I 75 and S Marietta Pkwy,,Sideswipe-Same Direction,2,Clear,Dry,Dark-Not Lighted
2020-02-05T11:30:00.000,I 75,I 75 and S Marietta Pkwy,,Angle Crash,3,Cloudy,Dry,Daylight
2020-01-03T17:25:00.000,I 75,I 75 and S Marietta Pkwy,,Rear End,2,Cloudy,Wet,Dark-Lighted
2020-09-23T20:23:00.000,I 75,I 75 and S Marietta Pkwy,,Rear End,2,Clear,Dry,Dark-Lighted
2020-01-15T07:40:00.000,I 75,I 75 and S Marietta Pkwy,,Rear End,3,Clear,Wet,Daylight
2020-05-02T14:00:00.000,I 75,I 75 and S Marietta Pkwy,,Rear End,2,Clear,Dry,Daylight
2020-08-31T18:40:00.000,I 75,I 75 and S Marietta Pkwy,,Sideswipe-Same Direction,1,Cloudy,Dry,Daylight
2020-07-13T01:51:00.000,I 75,I 75 and S Marietta Pkwy,,Not a Collision with Motor Vehicle,1,Clear,Dry,Dark-Not Lighted
2020-01-15T08:36:00.000,I 75,I 75 and S Marietta Pkwy,,Rear End,3,Cloudy,Wet,Daylight
2020-09-11T05:37:00.000,I 75,I 75 and S Marietta Pkwy,,Rear End,2,Clear,Dry,Dark-Not Lighted
2020-11-24T08:43:00.000,I 75,I 75 and S Marietta Pkwy,,Angle Crash,2,Clear,Dry,Daylight
2020-09-08T17:50:00.000,I 75,I 75 and S Marietta Pkwy,,Rear End,2,Clear,Dry,Daylight
2020-11-24T20:30:00.000,I 75,I 75 and S Marietta Pkwy,,Sideswipe-Same Direction,2,Clear,Dry,Dark-Lighted
2020-10-19T00:46:00.000,I 75,I 75 and S Marietta Pkwy,,Rear End,2,Clear,Dry,Dark-Not Lighted
2020-11-19T12:56:00.000,I 75,I 75 and S Marietta Pkwy,,Sideswipe-Same Direction,3,Clear,Dry,Daylight
2020-12-15T17:40:00.000,I 75,I 75 and S Marietta Pkwy,,Sideswipe-Same Direction,2,Clear,Dry,Dusk
2020-10-16T23:35:00.000,I 75,I 75 and S Marietta Pkwy,,Rear End,2,Clear,Dry,Dark-Lighted
2020-09-18T13:03:00.000,I 75,I 75 and S Marietta Pkwy,,Rear End,2,Clear,Dry,Daylight
2020-03-04T17:30:00.000,I 75,I 75 and S Marietta Pkwy,,Rear End,2,Clear,Wet,Dusk
2020-12-22T12:15:00.000,I 75,I 75 and S Marietta Pkwy,,Rear End,2,Clear,Dry,Daylight
2020-06-22T16:15:00.000,I 75,I 75 and S Marietta Pkwy,,Rear End,2,Cloudy,Dry,Daylight
2020-10-17T00:05:00.000,I 75,I 75 and S Marietta Pkwy,,Rear End,2,Cloudy,Dry,Dark-Not Lighted
2020-11-01T02:07:00.000,I 75,I 75 and S Marietta Pkwy,,Not a Collision with Motor Vehicle,1,Rain,Wet,Dark-Not Lighted
2020-10-11T11:30:00.000,I 75,I 75 and S Marietta Pkwy,,Rear End,2,Clear,Dry,Daylight
2020-12-09T15:59:00.000,I 75,I 75 and S Marietta Pkwy,,Rear End,2,Clear,Dry,Daylight
2020-07-13T01:50:00.000,I 75,I 75 and S Marietta Pkwy,,Not a Collision with Motor Vehicle,1,Clear,Dry,Dark-Not Lighted
2020-12-15T17:40:00.000,I 75,I 75 and S Marietta Pkwy,,Sideswipe-Same Direction,2,Cloudy,Dry,Dusk
2020-03-08T05:27:00.000,I 75,I 75 and S Marietta Pkwy,,Rear End,2,Clear,Dry,Dark-Not Lighted
2020-09-25T13:00:00.000,I 75,I 75 and S Marietta Pkwy,,Rear End,6,Clear,Dry,Daylight
2020-10-16T23:45:00.000,I 75,I 75 and S Marietta Pkwy,,Rear End,2,Clear,Dry,Dark-Lighted
2020-09-24T23:09:00.000,I 75,I 75 and S Marietta Pkwy,,Not a Collision with Motor Vehicle,1,Rain,Wet,Dark-Not Lighted
2020-11-10T06:45:00.000,I 75,I 75 and S Marietta Pkwy,,Sideswipe-Same Direction,2,Cloudy,Dry,Dawn
2020-09-12T01:20:00.000,I 75,I 75 and S Marietta Pkwy,,Not a Collision with Motor Vehicle,1,Clear,Dry,Dark-Not Lighted
2020-03-29T01:25:00.000,I 75,I 75 and S Marietta Pkwy,,Not a Collision with Motor Vehicle,1,Clear,Dry,Dark-Not Lighted
2020-02-05T11:30:00.000,I 75,I 75 and S Marietta Pkwy,,Angle Crash,3,Cloudy,Dry,Daylight
2020-01-28T13:08:00.000,I 75,I 75 and S Marietta Pkwy,,Sideswipe-Same Direction,2,Clear,Dry,Daylight
2020-10-23T23:00:00.000,I 75,I 75 and S Marietta Pkwy,,Rear End,2,Clear,Dry,Dark-Lighted
2020-09-04T18:27:00.000,I 75,I 75 and S Marietta Pkwy,,Sideswipe-Same Direction,2,Clear,Dry,Daylight
2020-02-06T12:48:00.000,I 75,I 75 and S Marietta Pkwy,,Sideswipe-Same Direction,2,Rain,Wet,Daylight
2020-03-03T07:45:00.000,I 75,I 75 and S Marietta Pkwy,,Rear End,2,Rain,Wet,Daylight
2020-02-03T23:37:00.000,I 75,I 75 and S Marietta Pkwy,,Sideswipe-Same Direction,2,Rain,Wet,Dark-Not Lighted
2020-11-04T16:35:00.000,I 75,I 75 and S Marietta Pkwy,,Rear End,3,Clear,Dry,Daylight
2020-10-28T05:34:00.000,I 75,I 75 and S Marietta Pkwy,,Angle Crash,2,Rain,Wet,Dark-Not Lighted
2020-10-16T10:35:00.000,I 75,I 75 and S Marietta Pkwy,,Rear End,2,Cloudy,Dry,Daylight
2020-08-21T22:30:00.000,I 75,I 75 and S Marietta Pkwy,,Not a Collision with Motor Vehicle,1,Cloudy,Wet,Dark-Lighted
2020-11-13T19:13:00.000,I 75,I 75 and S Marietta Pkwy,,Rear End,2,Cloudy,Dry,Dark-Lighted
2020-08-29T18:45:00.000,I 75,I 75 and S Marietta Pkwy,,Angle Crash,2,Clear,Dry,Daylight
2020-02-08T11:51:00.000,I 75,I 75 and S Marietta Pkwy,,Not a Collision with Motor Vehicle,1,Snow,Snow,Daylight
2020-10-06T07:38:00.000,I 75,I 75 and S Marietta Pkwy,,Rear End,2,Clear,Dry,Daylight
2020-01-11T15:19:00.000,I 75,I 75 and S Marietta Pkwy,,Rear End,2,Cloudy,Wet,Daylight
2020-08-16T19:15:00.000,I 75,I 75 and S Marietta Pkwy,,Rear End,2,Clear,Dry,Daylight
2020-06-29T15:20:00.000,I 75,I 75 and S Marietta Pkwy,,Rear End,3,Cloudy,Dry,Daylight
2020-05-06T19:36:00.000,I 75,I 75 and S Marietta Pkwy,,Sideswipe-Same Direction,2,Cloudy,Dry,Dusk
2020-02-02T23:46:00.000,I 75,I 75 and S Marietta Pkwy,,Sideswipe-Same Direction,2,Cloudy,Dry,Dark-Not Lighted
2020-05-25T20:30:00.000,I 75,I 75 and S Marietta Pkwy,,Angle Crash,2,Rain,Wet,Daylight
2020-11-24T17:35:00.000,I 75,I 75 and S Marietta Pkwy,,Rear End,2,Clear,Dry,Daylight
2020-12-21T17:00:00.000,I 75,I 75 and S Marietta Pkwy,,Not a Collision with Motor Vehicle,1,Clear,Dry,Daylight
2020-08-13T13:18:00.000,I 75,I 75 and S Marietta Pkwy,,Rear End,2,Cloudy,Dry,Daylight
2020-10-23T22:56:00.000,I 75,I 75 and S Marietta Pkwy,,Angle Crash,2,Cloudy,Dry,Dark-Not Lighted
2020-11-18T16:06:00.000,I 75,I 75 and S Marietta Pkwy,,Angle Crash,2,Clear,Dry,Daylight
2020-08-11T21:59:00.000,I 75,I 75 and S Marietta Pkwy,,Sideswipe-Same Direction,2,Clear,Dry,Daylight
2020-01-04T01:52:00.000,I 75,I 75 and S Marietta Pkwy,,Angle Crash,2,Rain,Wet,Dark-Lighted
2020-03-04T12:28:00.000,I 75,I 75 and S Marietta Pkwy,,Rear End,2,Rain,Wet,Daylight
2020-09-16T19:59:00.000,I 75,I 75 and S Marietta Pkwy,,Rear End,7,Rain,Dry,Dark-Not Lighted
2020-10-07T11:30:00.000,I 75,I 75 and S Marietta Pkwy,,Not a Collision with Motor Vehicle,1,Clear,Dry,Daylight
2020-07-24T11:54:00.000,I 75,I 75 and S Marietta Pkwy,,Not a Collision with Motor Vehicle,2,Clear,Dry,Daylight
2020-08-25T08:45:00.000,I 75,I 75 and S Marietta Pkwy,,Rear End,2,Rain,Wet,Daylight
2020-11-16T10:43:00.000,I 75,I 75 and S Marietta Pkwy,,Rear End,2,Clear,Dry,Daylight
2020-10-15T13:30:00.000,I 75,I 75 and S Marietta Pkwy,,Not a Collision with Motor Vehicle,2,Cloudy,Dry,Daylight
2020-12-08T06:50:00.000,I 75,I 75 and S Marietta Pkwy,,Angle Crash,2,Cloudy,Dry,Dark-Not Lighted
2020-02-17T12:25:00.000,I 75,I 75 and S Marietta Pkwy,,Not a Collision with Motor Vehicle,1,Cloudy,Dry,Daylight
2020-03-01T04:22:00.000,I 75,I 75 and S Marietta Pkwy,,Angle Crash,2,Cloudy,Dry,Dark-Lighted
2020-09-17T08:26:00.000,I 75,I 75 and S Marietta Pkwy,,Rear End,2,Rain,Wet,Daylight
2020-02-14T15:26:00.000,I 75,I 75 and S Marietta Pkwy,,Rear End,2,Clear,Dry,Daylight
2020-10-16T23:21:00.000,I 75,I 75 and S Marietta Pkwy,,Rear End,2,Clear,Dry,Dark-Lighted
2020-06-05T17:46:00.000,I 75,I 75 and S Marietta Pkwy,,Rear End,3,Cloudy,Dry,Daylight
2020-09-14T08:12:00.000,I 75,I 75 and S Marietta Pkwy,,Sideswipe-Same Direction,2,Clear,Dry,Daylight
2020-08-25T16:40:00.000,I 75,I 75 and S Marietta Pkwy,,Angle Crash,1,Rain,Wet,Daylight
2021-03-17T15:04:00.000,I 75,I 75 and S Marietta Pkwy,,Rear End,2,Rain,Wet,Daylight
2021-05-01T21:47:00.000,I 75,I 75 and S Marietta Pkwy,,Sideswipe-Same Direction,2,Cloudy,Dry,Dark-Lighted
2021-05-08T12:00:00.000,I 75,I 75 and S Marietta Pkwy,,Rear End,2,Clear,Dry,Daylight
2021-01-24T17:00:00.000,I 75,I 75 and S Marietta Pkwy,,Sideswipe-Same Direction,2,Cloudy,Dry,Dark-Not Lighted
2021-06-22T09:15:00.000,I 75,I 75 and S Marietta Pkwy,,Rear End,2,Cloudy,Wet,Daylight
2021-04-20T22:38:00.000,I 75,I 75 and S Marietta Pkwy,,Sideswipe-Same Direction,2,Cloudy,Dry,Dark-Not Lighted
2021-01-30T12:54:00.000,I 75,I 75 and S Marietta Pkwy,,Rear End,2,Cloudy,Dry,Daylight
2021-01-22T17:15:00.000,I 75,I 75 and S Marietta Pkwy,,Sideswipe-Same Direction,2,Clear,Dry,Daylight
2021-02-02T03:45:00.000,I 75,I 75 and S Marietta Pkwy,,Not a Collision with Motor Vehicle,1,Clear,Dry,Dark-Not Lighted
2021-01-13T10:44:00.000,I 75,I 75 and S Marietta Pkwy,,Sideswipe-Same Direction,2,Clear,Dry,Daylight
2021-02-13T12:49:00.000,I 75,I 75 and S Marietta Pkwy,,Sideswipe-Same Direction,2,Rain,Wet,Daylight
2021-05-31T23:31:00.000,I 75,I 75 and S Marietta Pkwy,,Not a Collision with Motor Vehicle,1,Clear,Dry,Dark-Not Lighted
2021-01-15T16:03:00.000,I 75,I 75 and S Marietta Pkwy,,Sideswipe-Same Direction,2,Clear,Dry,Daylight
2021-03-31T00:33:00.000,I 75,I 75 and S Marietta Pkwy,,Sideswipe-Same Direction,2,Rain,Wet,Dark-Not Lighted
2021-06-15T19:07:00.000,I 75,I 75 and S Marietta Pkwy,,Rear End,2,Clear,Dry,Daylight
2021-03-05T11:45:00.000,I 75,I 75 and S Marietta Pkwy,,Rear End,2,Clear,Dry,Daylight
2021-05-06T14:28:00.000,I 75,I 75 and S Marietta Pkwy,,Sideswipe-Same Direction,2,Clear,Dry,Daylight
2021-02-11T18:23:00.000,I 75,I 75 and S Marietta Pkwy,,Angle Crash,2,Rain,Wet,Daylight
2021-01-02T16:54:00.000,I 75,I 75 and S Marietta Pkwy,,Rear End,2,Clear,Dry,Daylight
2021-05-09T03:37:00.000,I 75,I 75 and S Marietta Pkwy,,Sideswipe-Same Direction,2,Cloudy,Dry,Dark-Not Lighted
2021-06-29T15:05:00.000,I 75,I 75 and S Marietta Pkwy,,Sideswipe-Same Direction,2,Clear,Dry,Daylight
2021-05-06T15:04:00.000,I 75,I 75 and S Marietta Pkwy,,Rear End,2,Clear,Dry,Daylight
2021-06-26T22:27:00.000,I 75,I 75 and S Marietta Pkwy,,Rear End,2,Cloudy,Wet,Dark-Lighted
2021-02-11T14:44:00.000,I 75,I 75 and S Marietta Pkwy,,Rear End,2,Rain,Wet,Daylight
2021-03-19T12:32:00.000,I 75,I 75 and S Marietta Pkwy,,Rear End,2,Cloudy,Dry,Daylight
2021-04-08T21:14:00.000,I 75,I 75 and S Marietta Pkwy,,Angle Crash,2,Cloudy,Dry,Dark-Lighted
2021-05-08T12:45:00.000,I 75,I 75 and S Marietta Pkwy,,Rear End,2,Cloudy,Dry,Daylight
2021-02-07T18:45:00.000,I 75,I 75 and S Marietta Pkwy,,Not a Collision with Motor Vehicle,1,Clear,Dry,Dark-Not Lighted
2021-06-19T12:15:00.000,I 75,I 75 and S Marietta Pkwy,,Sideswipe-Same Direction,2,Clear,Dry,Daylight
2021-02-14T03:30:00.000,I 75,I 75 and S Marietta Pkwy,,Rear End,2,Rain,Wet,Dark-Not Lighted
2021-02-19T12:05:00.000,I 75,I 75 and S Marietta Pkwy,,Not a Collision with Motor Vehicle,1,Clear,Dry,Daylight
2021-05-22T17:57:00.000,I 75,I 75 and S Marietta Pkwy,,Rear End,2,Cloudy,Dry,Daylight
2021-03-29T08:00:00.000,I 75,I 75 and S Marietta Pkwy,,Rear End,2,Clear,Dry,Daylight
2021-05-23T03:34:00.000,I 75,I 75 and S Marietta Pkwy,,Rear End,2,Clear,Dry,Dark-Not Lighted
2021-02-26T13:57:00.000,I 75,I 75 and S Marietta Pkwy,,Rear End,2,Cloudy,Wet,Daylight
2021-03-12T12:44:00.000,I 75,I 75 and S Marietta Pkwy,,Rear End,2,Cloudy,Dry,Daylight
2021-10-02T14:45:00.000,I 75,I 75 and S Marietta Pkwy,,Sideswipe-Same Direction,2,Clear,Dry,Daylight
2021-08-17T14:00:00.000,I 75,I 75 and S Marietta Pkwy,,Rear End,2,Rain,Wet,Daylight
2021-08-05T15:25:00.000,I 75,I 75 and S Marietta Pkwy,,Rear End,2,Clear,Dry,Daylight
2021-11-22T11:10:00.000,I 75,I 75 and S Marietta Pkwy,,Rear End,2,Clear,Dry,Daylight
2021-11-06T15:31:00.000,I 75,I 75 and S Marietta Pkwy,,Rear End,5,Clear,Dry,Daylight
2021-10-26T21:35:00.000,I 75,I 75 and S Marietta Pkwy,,Sideswipe-Same Direction,2,Clear,Dry,Dark-Not Lighted
2021-08-06T14:35:00.000,I 75,I 75 and S Marietta Pkwy,,Rear End,2,Clear,Dry,Daylight
2021-11-30T14:40:00.000,I 75,I 75 and S Marietta Pkwy,,Rear End,2,Clear,Dry,Daylight
2021-08-24T03:12:00.000,I 75,I 75 and S Marietta Pkwy,,Rear End,2,Clear,Dry,Dark-Lighted
2021-09-04T13:55:00.000,I 75,I 75 and S Marietta Pkwy,,Sideswipe-Same Direction,2,Clear,Dry,Daylight
2021-11-07T00:45:00.000,I 75,I 75 and S Marietta Pkwy,,Angle Crash,2,Cloudy,Dry,Dark-Not Lighted
2021-07-22T08:41:00.000,I 75,I 75 and S Marietta Pkwy,,Rear End,2,Cloudy,Wet,Daylight
2021-12-03T22:00:00.000,I 75,I 75 and S Marietta Pkwy,,Rear End,2,Clear,Dry,Daylight
2021-09-14T00:00:00.000,I 75,I 75 and S Marietta Pkwy,,Sideswipe-Same Direction,2,Cloudy,Dry,Daylight
2021-12-03T17:39:00.000,I 75,I 75 and S Marietta Pkwy,,Sideswipe-Same Direction,2,Clear,Dry,Dark-Not Lighted
2021-12-30T05:00:00.000,I 75,I 75 and S Marietta Pkwy,,Rear End,2,Rain,Wet,Dark-Not Lighted
2021-09-22T21:30:00.000,I 75,I 75 and S Marietta Pkwy,,Rear End,2,Clear,Dry,Dark-Not Lighted
2021-11-02T15:03:00.000,I 75,I 75 and S Marietta Pkwy,,Rear End,2,Clear,Dry,Daylight
2021-08-15T14:01:00.000,I 75,I 75 and S Marietta Pkwy,,Angle Crash,2,Clear,Dry,Daylight
2021-09-30T10:30:00.000,I 75,I 75 and S Marietta Pkwy,,Rear End,4,Cloudy,Dry,Daylight
2021-09-02T17:00:00.000,I 75,I 75 and S Marietta Pkwy,,Rear End,3,Cloudy,Dry,Daylight
2021-11-04T16:05:00.000,I 75,I 75 and S Marietta Pkwy,,Rear End,3,Cloudy,Wet,Daylight
2021-09-29T11:22:00.000,I 75,I 75 and S Marietta Pkwy,,Sideswipe-Same Direction,2,Cloudy,Dry,Daylight
2021-12-06T07:20:00.000,I 75,I 75 and S Marietta Pkwy,,Sideswipe-Same Direction,2,Cloudy,Dry,Dawn
2021-07-20T16:15:00.000,I 75,I 75 and S Marietta Pkwy,,Sideswipe-Same Direction,2,Cloudy,Wet,Daylight
2021-09-02T15:40:00.000,I 75,I 75 and S Marietta Pkwy,,Rear End,3,Cloudy,Dry,Daylight
2021-08-24T03:12:00.000,I 75,I 75 and S Marietta Pkwy,,Angle Crash,2,Clear,Dry,Dark-Not Lighted
2021-12-23T06:30:00.000,I 75,I 75 and S Marietta Pkwy,,Sideswipe-Same Direction,2,Clear,Dry,Dark-Not Lighted
2021-12-13T08:50:00.000,I 75,I 75 and S Marietta Pkwy,,Rear End,2,Clear,Dry,Daylight
2021-07-02T08:05:00.000,I 75,I 75 and S Marietta Pkwy,,Angle Crash,2,Rain,Wet,Daylight
2021-10-20T20:00:00.000,I 75,I 75 and S Marietta Pkwy,,Sideswipe-Same Direction,2,Clear,Dry,Dark-Not Lighted
2021-10-01T11:13:00.000,I 75,I 75 and S Marietta Pkwy,,Not a Collision with Motor Vehicle,2,Clear,Dry,Daylight
2021-08-05T07:58:00.000,I 75,I 75 and S Marietta Pkwy,,Not a Collision with Motor Vehicle,1,Clear,Dry,Daylight
2021-10-15T20:30:00.000,I 75,I 75 and S Marietta Pkwy,,Sideswipe-Same Direction,2,Clear,Dry,Dark-Not Lighted
2021-08-17T10:38:00.000,I 75,I 75 and S Marietta Pkwy,,Rear End,3,Rain,Wet,Daylight
2021-12-17T15:07:00.000,I 75,I 75 and S Marietta Pkwy,,Sideswipe-Same Direction,2,Cloudy,Dry,Daylight
2021-10-28T18:12:00.000,I 75,I 75 and S Marietta Pkwy,,Rear End,2,Rain,Wet,Daylight
2021-09-12T14:09:00.000,I 75,I 75 and S Marietta Pkwy,,Angle Crash,2,Clear,Dry,Daylight
2021-12-29T12:44:00.000,I 75,I 75 and S Marietta Pkwy,,Rear End,3,Cloudy,Wet,Daylight
2021-10-30T22:16:00.000,I 75,I 75 and S Marietta Pkwy,,Angle Crash,2,Clear,Dry,Dark-Lighted
2021-11-10T11:39:00.000,I 75,I 75 and S Marietta Pkwy,,Not a Collision with Motor Vehicle,1,Clear,Dry,Daylight
2021-07-06T23:50:00.000,I 75,I 75 and S Marietta Pkwy,,Rear End,2,Rain,Wet,Dark-Not Lighted
2021-08-18T13:53:00.000,I 75,I 75 and S Marietta Pkwy,,Rear End,2,Clear,Dry,Daylight
2021-07-15T07:57:00.000,I 75,I 75 and S Marietta Pkwy,,Rear End,2,Clear,Dry,Daylight
2022-12-30T00:00:00.000,I 75,I 75 and S Marietta Pkwy,,Not a Collision with Motor Vehicle,1,Cloudy,Dry,Dark-Not Lighted
2022-08-17T09:51:00.000,I 75,I 75 and S Marietta Pkwy,,Rear End,2,Cloudy,Wet,Daylight
2022-10-30T21:51:00.000,I 75,I 75 and S Marietta Pkwy,,Sideswipe-Same Direction,2,Cloudy,Dry,Daylight
2022-04-15T01:49:00.000,I 75,I 75 and S Marietta Pkwy,,Not a Collision with Motor Vehicle,1,Cloudy,Dry,Dark-Not Lighted
2022-11-25T22:00:00.000,I 75,I 75 and S Marietta Pkwy,,Rear End,2,Clear,Dry,Dark-Lighted
2022-01-21T11:48:00.000,I 75,I 75 and S Marietta Pkwy,,Sideswipe-Same Direction,2,Clear,Dry,Daylight
2022-03-04T12:10:00.000,I 75,I 75 and S Marietta Pkwy,,Rear End,2,Clear,Dry,Daylight
2022-03-20T17:00:00.000,I 75,I 75 and S Marietta Pkwy,,Rear End,2,Clear,Dry,Daylight
2022-07-28T14:38:00.000,I 75,I 75 and S Marietta Pkwy,,Rear End,3,Clear,Dry,Daylight
2022-02-15T13:15:00.000,I 75,I 75 and S Marietta Pkwy,,Rear End,2,Clear,Dry,Daylight
2022-05-04T13:00:00.000,I 75,I 75 and S Marietta Pkwy,,Rear End,3,Cloudy,Dry,Daylight
2022-11-05T15:35:00.000,I 75,I 75 and S Marietta Pkwy,,Rear End,2,Cloudy,Dry,Daylight
2022-10-20T17:25:00.000,I 75,I 75 and S Marietta Pkwy,,Rear End,2,Clear,Dry,Daylight
2022-08-13T09:00:00.000,I 75,I 75 and S Marietta Pkwy,,Sideswipe-Same Direction,2,Cloudy,Dry,Daylight
2022-08-23T16:15:00.000,I 75,I 75 and S Marietta Pkwy,,Rear End,2,Clear,Dry,Daylight
2021-08-24T15:33:00.000,I 75,I 75 and S Marietta Pkwy,,Rear End,2,Cloudy,Dry,Daylight
2021-07-27T14:57:00.000,I 75,I 75 and S Marietta Pkwy,,Rear End,2,Cloudy,Dry,Daylight
2021-11-18T15:06:00.000,I 75,I 75 and S Marietta Pkwy,,Rear End,2,Cloudy,Dry,Daylight