Date and Time,Roadway (From Crash Report),Intersection Name (from Crash Report),KABCO Severity,Manner of Collision (Crash Level) ,# of Vehicles per crash ,Weather Conditions (Crash Level),Surface Condition (Crash Level) ,Light Conditions (Crash Level)
2021-10-11T15:55:00.000,I 75,I 75 and S Marietta Pkwy,,Rear End,4,Clear,Dry,Daylight
2021-12-02T18:50:00.000,I 75,I 75 and S Marietta Pkwy,,Sideswipe-Same Direction,2,Clear,Dry,Dark-Not Lighted
2021-08-07T18:13:00.000,I 75,I 75 and S Marietta Pkwy,,Rear End,2,Cloudy,Wet,Daylight
2021-08-23T20:18:00.000,I 75,I 75 and S Marietta Pkwy,,Not a Collision with Motor Vehicle,1,Clear,Dry,Dark-Lighted
2021-11-06T11:16:00.000,I 75,I 75 and S Marietta Pkwy,,Angle Crash,2,Clear,Dry,Daylight
2021-10-12T14:54:00.000,I 75,I 75 and S Marietta Pkwy,,Rear End,2,Cloudy,Dry,Daylight
2021-12-16T12:00:00.000,I 75,I 75 and S Marietta Pkwy,,Rear End,2,Clear,Dry,Daylight
2021-07-07T17:03:00.000,I 75,I 75 and S Marietta Pkwy,,Rear End,2,Rain,Wet,Daylight
2021-11-05T21:21:00.000,I 75,I 75 and S Marietta Pkwy,,Sideswipe-Same Direction,2,Cloudy,Dry,Dark-Lighted
2021-10-04T14:02:00.000,I 75,I 75 and S Marietta Pkwy,,Rear End,2,Cloudy,Wet,Daylight
2021-07-20T16:36:00.000,I 75,I 75 and S Marietta Pkwy,,Rear End,2,Cloudy,Dry,Daylight
2021-09-16T07:50:00.000,I 75,I 75 and S Marietta Pkwy,,Rear End,2,Rain,Wet,Daylight
2022-04-01T05:44:00.000,I 75,I 75 and S Marietta Pkwy,,Sideswipe-Same Direction,3,Clear,Dry,Dark-Lighted
2022-07-19T09:18:00.000,I 75,I 75 and S Marietta Pkwy,,Not a Collision with Motor Vehicle,1,Rain,Wet,Daylight
2022-12-14T16:10:00.000,I 75,I 75 and S Marietta Pkwy,,Rear End,2,Rain,Water (standing or moving),Daylight
2022-04-20T15:30:00.000,I 75,I 75 and S Marietta Pkwy,,Rear End,2,Clear,Dry,Daylight
2022-02-04T06:22:00.000,I 75,I 75 and S Marietta Pkwy,,Sideswipe-Same Direction,2,Rain,Wet,Dark-Not Lighted
2022-01-19T07:55:00.000,I 75,I 75 and S Marietta Pkwy,,Rear End,2,Clear,Dry,Daylight
2022-10-10T21:44:00.000,I 75,I 75 and S Marietta Pkwy,,Angle Crash,2,Clear,Dry,Dark-Not Lighted
2022-09-07T12:33:00.000,I 75,I 75 and S Marietta Pkwy,,Sideswipe-Same Direction,2,Cloudy,Dry,Daylight
2022-09-20T17:06:00.000,I 75,I 75 and S Marietta Pkwy,,Sideswipe-Same Direction,2,Rain,Wet,Daylight
2022-03-13T20:57:00.000,I 75,I 75 and S Marietta Pkwy,,Sideswipe-Same Direction,2,Clear,Dry,Dark-Lighted
2022-10-16T01:16:00.000,I 75,I 75 and S Marietta Pkwy,,Sideswipe-Same Direction,2,Clear,Dry,Dark-Not Lighted
2022-05-09T08:52:00.000,I 75,I 75 and S Marietta Pkwy,,Sideswipe-Same Direction,2,Clear,Dry,Daylight
2022-01-08T03:38:00.000,I 75,I 75 and S Marietta Pkwy,,Not a Collision with Motor Vehicle,1,Clear,Dry,Dark-Not Lighted
2022-11-03T12:52:00.000,I 75,I 75 and S Marietta Pkwy,,Rear End,2,Clear,Dry,Daylight
2022-09-14T17:00:00.000,I 75,I 75 and S Marietta Pkwy,,Rear End,2,Clear,Dry,Daylight
2022-09-30T11:31:00.000,I 75,I 75 and S Marietta Pkwy,,Sideswipe-Same Direction,2,Clear,Dry,Daylight
2022-10-22T23:20:00.000,I 75,I 75 and S Marietta Pkwy,,Sideswipe-Same Direction,2,Clear,Dry,Dark-Not Lighted
2022-06-21T19:45:00.000,I 75,I 75 and S Marietta Pkwy,,Rear End,2,Clear,Dry,Daylight
2022-04-23T20:00:00.000,I 75,I 75 and S Marietta Pkwy,,Rear End,2,Clear,Dry,Daylight
2022-05-24T14:15:00.000,I 75,I 75 and S Marietta Pkwy,,Sideswipe-Same Direction,2,Clear,Dry,Daylight
2022-06-15T00:44:00.000,I 75,I 75 and S Marietta Pkwy,,Rear End,2,Clear,Dry,Dark-Lighted
2022-12-21T19:38:00.000,I 75,I 75 and S Marietta Pkwy,,Angle Crash,2,Cloudy,Dry,Dark-Lighted
2022-06-03T10:30:00.000,I 75,I 75 and S Marietta Pkwy,,Rear End,2,Clear,Dry,Daylight
2022-10-08T03:46:00.000,I 75,I 75 and S Marietta Pkwy,,Rear End,2,Clear,Dry,Dark-Not Lighted
2022-07-27T19:24:00.000,I 75,I 75 and S Marietta Pkwy,,Angle Crash,2,Clear,Dry,Daylight
2022-02-25T14:51:00.000,I 75,I 75 and S Marietta Pkwy,,Sideswipe-Same Direction,2,Clear,Dry,Daylight
2022-10-30T22:45:00.000,I 75,I 75 and S Marietta Pkwy,,Angle Crash,3,Rain,Wet,Dark-Lighted
2022-11-29T18:35:00.000,I 75,I 75 and S Marietta Pkwy,,Sideswipe-Same Direction,2,Cloudy,Dry,Dark-Not Lighted
2022-12-11T17:52:00.000,I 75,I 75 and S Marietta Pkwy,,Sideswipe-Same Direction,2,Rain,Wet,Dark-Lighted
2022-07-25T09:20:00.000,I 75,I 75 and S Marietta Pkwy,,Rear End,2,Clear,Dry,Daylight
2022-11-07T16:24:00.000,I 75,I 75 and S Marietta Pkwy,,Not a Collision with Motor Vehicle,2,Clear,Dry,Daylight
2022-05-31T16:30:00.000,I 75,I 75 and S Marietta Pkwy,,Sideswipe-Same Direction,2,Cloudy,Dry,Daylight
2022-02-23T11:34:00.000,I 75,I 75 and S Marietta Pkwy,,Sideswipe-Same Direction,2,Clear,Dry,Daylight
2022-01-22T04:26:00.000,I 75,I 75 and S Marietta Pkwy,,Rear End,2,Cloudy,Dry,Dark-Lighted
2022-09-23T19:56:00.000,I 75,I 75 and S Marietta Pkwy,,Rear End,3,Clear,Dry,Dark-Not Lighted
2022-06-20T13:28:00.000,I 75,I 75 and S Marietta Pkwy,,Not a Collision with Motor Vehicle,2,Clear,Dry,Daylight
2022-12-28T18:08:00.000,I 75,I 75 and S Marietta Pkwy,,Rear End,3,Clear,Dry,Dark-Lighted
2022-11-05T15:03:00.000,I 75,I 75 and S Marietta Pkwy,,Sideswipe-Same Direction,2,Cloudy,Dry,Daylight
2022-09-13T17:29:00.000,I 75,I 75 and S Marietta Pkwy,,Rear End,2,Clear,Dry,Daylight
2022-10-14T23:36:00.000,I 75,I 75 and S Marietta Pkwy,,Not a Collision with Motor Vehicle,1,Clear,Dry,Dark-Not Lighted
2022-11-07T14:05:00.000,I 75,I 75 and S Marietta Pkwy,,Rear End,2,Clear,Dry,Daylight
2022-08-13T16:56:00.000,I 75,I 75 and S Marietta Pkwy,,Sideswipe-Same Direction,2,Clear,Dry,Daylight
2022-10-28T14:56:00.000,I 75,I 75 and S Marietta Pkwy,,Rear End,2,Cloudy,Dry,Daylight
2022-05-12T12:00:00.000,I 75,I 75 and S Marietta Pkwy,,Rear End,2,Clear,Dry,Daylight
2022-10-25T16:50:00.000,I 75,I 75 and S Marietta Pkwy,,Rear End,2,Clear,Dry,Daylight
2022-11-16T18:12:00.000,I 75,I 75 and S Marietta Pkwy,,Rear End,2,Cloudy,Dry,Daylight
2022-09-15T10:00:00.000,I 75,I 75 and S Marietta Pkwy,,Rear End,2,Clear,Dry,Daylight
2022-02-16T09:10:00.000,I 75,I 75 and S Marietta Pkwy,,Rear End,2,Clear,Dry,Daylight
2022-01-14T14:16:00.000,I 75,I 75 and S Marietta Pkwy,,Rear End,2,Clear,Dry,Daylight
2022-02-12T13:48:00.000,I 75,I 75 and S Marietta Pkwy,,Rear End,3,Clear,Dry,Daylight
2022-03-12T06:10:00.000,I 75,I 75 and S Marietta Pkwy,,Not a Collision with Motor Vehicle,1,Sleet,Wet,Dark-Lighted
2022-07-08T13:04:00.000,I 75,I 75 and S Marietta Pkwy,,Sideswipe-Same Direction,2,Clear,Dry,Daylight
2022-09-23T12:30:00.000,I 75,I 75 and S Marietta Pkwy,,Sideswipe-Same Direction,2,Clear,Dry,Daylight
2022-07-26T17:46:00.000,I 75,I 75 and S Marietta Pkwy,,Rear End,4,Clear,Dry,Daylight
2022-10-04T07:00:00.000,I 75,I 75 and S Marietta Pkwy,,Sideswipe-Same Direction,2,Clear,Dry,Dark-Lighted
2022-08-15T15:30:00.000,I 75,I 75 and S Marietta Pkwy,,Not a Collision with Motor Vehicle,2,Clear,Dry,Daylight
2021-11-14T21:59:00.000,I 75,I 75 and S Marietta Pkwy,,Sideswipe-Same Direction,3,Cloudy,Dry,Dark-Lighted
2021-12-01T10:21:00.000,I 75,I 75 and S Marietta Pkwy,,Rear End,4,Clear,Dry,Daylight
2021-08-25T11:06:00.000,I 75,I 75 and S Marietta Pkwy,,Rear End,2,Clear,Dry,Daylight
2021-07-28T21:00:00.000,I 75,I 75 and S Marietta Pkwy,,Rear End,1,Clear,Dry,Dark-Lighted
2021-12-06T14:35:00.000,I 75,I 75 and S Marietta Pkwy,,Rear End,4,Cloudy,Wet,Daylight
2021-10-20T17:00:00.000,I 75,I 75 and S Marietta Pkwy,,Rear End,2,Clear,Dry,Daylight
2021-07-21T05:21:00.000,I 75,I 75 and S Marietta Pkwy,,Rear End,3,Cloudy,Wet,Dark-Not Lighted
2021-10-20T08:49:00.000,I 75,I 75 and S Marietta Pkwy,,Rear End,3,Clear,Dry,Daylight
2022-10-13T12:19:00.000,I 75,I 75 and S Marietta Pkwy,,Rear End,2,Clear,Dry,Daylight
2022-12-05T16:55:00.000,I 75,I 75 and S Marietta Pkwy,,Sideswipe-Same Direction,2,Rain,Wet,Daylight
2022-11-10T15:14:00.000,I 75,I 75 and S Marietta Pkwy,,Rear End,2,Cloudy,Dry,Daylight
2022-09-19T14:00:00.000,I 75,I 75 and S Marietta Pkwy,,Sideswipe-Same Direction,2,Clear,Dry,Daylight
2022-09-17T12:07:00.000,I 75,I 75 and S Marietta Pkwy,,Rear End,2,Cloudy,Dry,Daylight
2022-08-13T18:30:00.000,I 75,I 75 and S Marietta Pkwy,,Rear End,2,Clear,Dry,Daylight
2022-05-04T18:00:00.000,I 75,I 75 and S Marietta Pkwy,,Rear End,2,Cloudy,Dry,Daylight
2022-02-14T17:44:00.000,I 75,I 75 and S Marietta Pkwy,,Sideswipe-Same Direction,2,Clear,Dry,Daylight
2022-09-14T08:50:00.000,I 75,I 75 and S Marietta Pkwy,,Sideswipe-Same Direction,2,Cloudy,Dry,Daylight
2022-10-22T22:19:00.000,I 75,I 75 and S Marietta Pkwy,,Sideswipe-Same Direction,3,Cloudy,Dry,Dark-Lighted
2022-10-14T15:05:00.000,I 75,I 75 and S Marietta Pkwy,,Rear End,3,Clear,Dry,Daylight
2022-01-10T21:28:00.000,I 75,I 75 and S Marietta Pkwy,,Rear End,2,Clear,Dry,Daylight
2022-09-25T12:09:00.000,I 75,I 75 and S Marietta Pkwy,,Rear End,2,Cloudy,Dry,Daylight
2022-08-17T09:51:00.000,I 75,I 75 and S Marietta Pkwy,,Rear End,3,Cloudy,Wet,Daylight
2022-04-01T05:47:00.000,I 75,I 75 and S Marietta Pkwy,,Rear End,2,Cloudy,Dry,Dark-Lighted
2022-03-20T17:00:00.000,I 75,I 75 and S Marietta Pkwy,,Rear End,4,Clear,Dry,Daylight
2022-03-15T16:47:00.000,I 75,I 75 and S Marietta Pkwy,,Rear End,2,Cloudy,Dry,Daylight
2022-05-09T15:33:00.000,I 75,I 75 and S Marietta Pkwy,,Sideswipe-Same Direction,2,Clear,Dry,Daylight
2022-05-09T14:08:00.000,I 75,I 75 and S Marietta Pkwy,,Sideswipe-Same Direction,2,Clear,Dry,Daylight
2022-04-06T15:00:00.000,I 75,I 75 and S Marietta Pkwy,,Rear End,3,Clear,Dry,Daylight
2022-02-16T07:35:00.000,I 75,I 75 and S Marietta Pkwy,,Rear End,2,Clear,Dry,Daylight
2022-10-19T07:04:00.000,I 75,I 75 and S Marietta Pkwy,,Rear End,2,Clear,Dry,Dusk
2022-10-05T14:16:00.000,I 75,I 75 and S Marietta Pkwy,,Rear End,2,Clear,Dry,Daylight
2022-06-29T17:35:00.000,I 75,I 75 and S Marietta Pkwy,,Rear End,2,Clear,Dry,Daylight
2022-08-22T14:20:00.000,I 75,I 75 and S Marietta Pkwy,,Not a Collision with Motor Vehicle,1,Clear,Dry,Daylight
2022-06-18T14:51:00.000,I 75,I 75 and S Marietta Pkwy,,Rear End,2,Clear,Dry,Daylight
2022-05-29T16:00:00.000,I 75,I 75 and S Marietta Pkwy,,Sideswipe-Same Direction,2,Clear,Dry,Daylight
2022-09-24T11:30:00.000,I 75,I 75 and S Marietta Pkwy,,Rear End,2,Cloudy,Dry,Daylight
2022-05-12T00:19:00.000,I 75,I 75 and S Marietta Pkwy,,Sideswipe-Same Direction,2,Clear,Dry,Dark-Not Lighted
2022-09-02T08:31:00.000,I 75,I 75 and S Marietta Pkwy,,Not a Collision with Motor Vehicle,1,Clear,Dry,Daylight
2022-03-19T07:12:00.000,I 75,I 75 and S Marietta Pkwy,,Not a Collision with Motor Vehicle,1,Cloudy,Wet,Dark-Lighted
2022-09-09T15:44:00.000,I 75,I 75 and S Marietta Pkwy,,Rear End,3,Cloudy,Dry,Daylight
2022-05-03T14:38:00.000,I 75,I 75 and S Marietta Pkwy,,Sideswipe-Same Direction,2,Clear,Dry,Daylight
2022-09-16T23:44:00.000,I 75,I 75 and S Marietta Pkwy,,Sideswipe-Same Direction,2,Clear,Dry,Dark-Not Lighted
2022-11-15T16:32:00.000,I 75,I 75 and S Marietta Pkwy,,Sideswipe-Same Direction,2,Cloudy,Wet,Daylight
2022-02-12T08:58:00.000,I 75,I 75 and S Marietta Pkwy,,Angle Crash,2,Clear,Dry,Daylight
2022-02-22T08:06:00.000,I 75,I 75 and S Marietta Pkwy,,Rear End,2,Cloudy,Wet,Daylight
2022-10-31T01:20:00.000,I 75,I 75 and S Marietta Pkwy,,Not a Collision with Motor Vehicle,1,Rain,Wet,Dark-Not Lighted
2022-08-06T12:36:00.000,I 75,I 75 and S Marietta Pkwy,,Rear End,2,Cloudy,Dry,Daylight
2022-08-31T16:00:00.000,I 75,I 75 and S Marietta Pkwy,,Rear End,2,Clear,Dry,Daylight
2022-11-29T20:00:00.000,I 75,I 75 and S Marietta Pkwy,,Rear End,3,Clear,Dry,Dark-Not Lighted
2022-10-18T12:50:00.000,I 75,I 75 and S Marietta Pkwy,,Sideswipe-Same Direction,2,Clear,Dry,Daylight
2022-05-03T15:30:00.000,I 75,I 75 and S Marietta Pkwy,,Rear End,2,Clear,Dry,Daylight
2022-03-03T19:00:00.000,I 75,I 75 and S Marietta Pkwy,,Sideswipe-Same Direction,2,Cloudy,Dry,Dark-Lighted
2022-03-13T06:25:00.000,I 75,I 75 and S Marietta Pkwy,,Rear End,2,Clear,Dry,Dark-Lighted
2022-06-15T01:44:00.000,I 75,I 75 and S Marietta Pkwy,,Rear End,2,Clear,Dry,Dark-Not Lighted
2022-07-18T10:44:00.000,I 75,I 75 and S Marietta Pkwy,,Not a Collision with Motor Vehicle,1,Cloudy,Wet,Daylight
2022-02-02T15:03:00.000,I 75,I 75 and S Marietta Pkwy,,Angle Crash,2,Clear,Dry,Daylight
2022-02-18T09:40:00.000,I 75,I 75 and S Marietta Pkwy,,Sideswipe-Same Direction,2,Cloudy,Dry,Daylight
2022-10-10T16:42:00.000,I 75,I 75 and S Marietta Pkwy,,Rear End,2,Clear,Dry,Daylight
2022-02-24T04:48:00.000,I 75,I 75 and S Marietta Pkwy,,Sideswipe-Same Direction,2,Cloudy,Dry,Dark-Lighted
2022-07-24T14:07:00.000,I 75,I 75 and S Marietta Pkwy,,Rear End,3,Cloudy,Dry,Daylight
2022-10-26T11:28:00.000,I 75,I 75 and S Marietta Pkwy,,Angle Crash,4,Cloudy,Dry,Daylight
2022-05-11T12:51:00.000,I 75,I 75 and S Marietta Pkwy,,Angle Crash,3,Clear,Dry,Daylight
2022-07-28T15:07:00.000,I 75,I 75 and S Marietta Pkwy,,Rear End,2,Cloudy,Dry,Daylight
2022-09-15T13:41:00.000,I 75,I 75 and S Marietta Pkwy,,Not a Collision with Motor Vehicle,1,Clear,Dry,Daylight
2022-06-15T00:41:00.000,I 75,I 75 and S Marietta Pkwy,,Rear End,2,Clear,Dry,Dark-Lighted
2022-02-18T16:44:00.000,I 75,I 75 and S Marietta Pkwy,,Rear End,2,Clear,Dry,Daylight
2022-12-23T17:55:00.000,I 75,I 75 and S Marietta Pkwy,,Sideswipe-Same Direction,2,Clear,Dry,Dark-Not Lighted
2022-12-23T09:28:00.000,I 75,I 75 and S Marietta Pkwy,,Sideswipe-Same Direction,2,Clear,Dry,Daylight
2022-04-16T13:15:00.000,I 75,I 75 and S Marietta Pkwy,,Sideswipe-Same Direction,2,Cloudy,Dry,Daylight
2022-06-17T12:56:00.000,I 75,I 75 and S Marietta Pkwy,,Rear End,2,Clear,Dry,Daylight
2022-09-17T17:04:00.000,I 75,I 75 and S Marietta Pkwy,,Rear End,2,Cloudy,Dry,Daylight
2022-03-15T00:02:00.000,I 75,I 75 and S Marietta Pkwy,,Not a Collision with Motor Vehicle,1,Clear,Dry,Daylight
2022-11-29T09:57:00.000,I 75,I 75 and S Marietta Pkwy,,Angle Crash,2,Clear,Dry,Daylight
2022-09-21T16:34:00.000,I 75,I 75 and S Marietta Pkwy,,Rear End,2,Clear,Dry,Daylight
2022-10-15T14:37:00.000,I 75,I 75 and S Marietta Pkwy,,Rear End,2,Clear,Dry,Daylight
2022-04-11T17:29:00.000,I 75,I 75 and S Marietta Pkwy,,Rear End,3,Clear,Dry,Daylight
2022-11-16T12:34:00.000,I 75,I 75 and S Marietta Pkwy,,Sideswipe-Same Direction,2,Clear,Dry,Daylight
2022-12-04T18:52:00.000,I 75,I 75 and S Marietta Pkwy,,Angle Crash,2,Cloudy,Dry,Dark-Not Lighted
2022-10-17T16:40:00.000,I 75,I 75 and S Marietta Pkwy,,Rear End,2,Clear,Dry,Daylight
2022-12-04T03:00:00.000,I 75,I 75 and S Marietta Pkwy,,Sideswipe-Same Direction,2,Cloudy,Dry,Dark-Not Lighted
2022-03-17T07:08:00.000,I 75,I 75 and S Marietta Pkwy,,Rear End,3,Cloudy,Dry,Daylight
2022-01-18T15:00:00.000,I 75,I 75 and S Marietta Pkwy,,Sideswipe-Same Direction,2,Clear,Dry,Daylight
2022-09-09T07:30:00.000,I 75,I 75 and S Marietta Pkwy,,Sideswipe-Same Direction,2,Cloudy,Dry,Daylight
2022-08-11T07:43:00.000,I 75,I 75 and S Marietta Pkwy,,Rear End,2,Cloudy,Dry,Daylight
2022-03-15T16:02:00.000,I 75,I 75 and S Marietta Pkwy,,Rear End,2,Cloudy,Dry,Daylight
2022-07-19T13:19:00.000,I 75,I 75 and S Marietta Pkwy,,Rear End,3,Rain,Wet,Daylight
2022-10-23T00:01:00.000,I 75,I 75 and S Marietta Pkwy,,Rear End,2,Clear,Dry,Dark-Not Lighted
2022-06-16T15:16:00.000,I 75,I 75 and S Marietta Pkwy,,Rear End,3,Clear,Dry,Daylight
2022-02-10T09:30:00.000,I 75,I 75 and S Marietta Pkwy,,Sideswipe-Same Direction,2,Clear,Dry,Daylight
2022-09-14T16:17:00.000,I 75,I 75 and S Marietta Pkwy,,Angle Crash,2,Cloudy,Dry,Daylight
2022-12-09T06:39:00.000,I 75,I 75 and S Marietta Pkwy,,Sideswipe-Same Direction,2,Cloudy,Dry,Dark-Lighted
2022-07-22T03:57:00.000,I 75,I 75 and S Marietta Pkwy,,Not a Collision with Motor Vehicle,1,Cloudy,Dry,Dark-Not Lighted
2022-11-04T00:12:00.000,I 75,I 75 and S Marietta Pkwy,,Rear End,2,Clear,Dry,Dark-Lighted
2022-04-28T12:35:00.000,I 75,I 75 and S Marietta Pkwy,,Rear End,2,Clear,Dry,Daylight
2022-09-17T14:50:00.000,I 75,I 75 and S Marietta Pkwy,,Rear End,2,Clear,Dry,Daylight
2022-02-06T14:38:00.000,I 75,I 75 and S Marietta Pkwy,,Angle Crash,2,Clear,Dry,Daylight
2022-08-23T06:51:00.000,I 75,I 75 and S Marietta Pkwy,,Rear End,3,Cloudy,Dry,Daylight
2022-01-15T04:34:00.000,I 75,I 75 and S Marietta Pkwy,,Rear End,3,Clear,Dry,Dark-Not Lighted
2022-08-24T18:06:00.000,I 75,I 75 and S Marietta Pkwy,,Sideswipe-Same Direction,2,Rain,Wet,Daylight
2022-09-15T09:29:00.000,I 75,I 75 and S Marietta Pkwy,,Rear End,3,Clear,Dry,Daylight
2022-02-12T10:03:00.000,I 75,I 75 and S Marietta Pkwy,,Sideswipe-Same Direction,2,Clear,Dry,Daylight
2022-03-13T08:59:00.000,I 75,I 75 and S Marietta Pkwy,,Not a Collision with Motor Vehicle,2,Clear,Dry,Daylight
2022-03-19T20:37:00.000,I 75,I 75 and S Marietta Pkwy,,Angle Crash,2,Clear,Dry,Dark-Lighted
2022-05-21T10:40:00.000,I 75,I 75 and S Marietta Pkwy,,Angle Crash,3,Clear,Dry,Daylight
2022-06-03T14:45:00.000,I 75,I 75 and S Marietta Pkwy,,Rear End,3,Clear,Dry,Daylight
2022-03-18T10:57:00.000,I 75,I 75 and S Marietta Pkwy,,Sideswipe-Same Direction,2,Rain,Wet,Daylight
2022-08-31T15:51:00.000,I 75,I 75 and S Marietta Pkwy,,Rear End,2,Clear,Dry,Daylight
2022-09-25T12:38:00.000,I 75,I 75 and S Marietta Pkwy,,Rear End,2,Cloudy,Dry,Daylight
2022-06-04T11:30:00.000,I 75,I 75 and S Marietta Pkwy,,Rear End,3,Clear,Dry,Daylight
2022-04-26T06:20:00.000,I 75,I 75 and S Marietta Pkwy,,Rear End,2,Clear,Dry,Dark-Not Lighted
2022-05-10T11:59:00.000,I 75,I 75 and S Marietta Pkwy,,Angle Crash,3,Clear,Dry,Daylight
2022-08-31T09:56:00.000,I 75,I 75 and S Marietta Pkwy,,Sideswipe-Same Direction,2,Clear,Dry,Daylight
2022-09-08T13:10:00.000,I 75,I 75 and S Marietta Pkwy,,Rear End,2,Clear,Dry,Daylight
2022-10-23T11:47:00.000,I 75,I 75 and S Marietta Pkwy,,Rear End,6,Clear,Dry,Daylight
2022-09-08T17:20:00.000,I 75,I 75 and S Marietta Pkwy,,Rear End,2,Clear,Dry,Daylight
2022-12-27T08:24:00.000,I 75,I 75 and S Marietta Pkwy,,Not a Collision with Motor Vehicle,1,Clear,Dry,Daylight
2022-10-24T13:30:00.000,I 75,I 75 and S Marietta Pkwy,,Rear End,2,Clear,Dry,Daylight
2022-02-09T16:04:00.000,I 75,I 75 and S Marietta Pkwy,,Rear End,3,Clear,Dry,Daylight
2022-10-22T17:40:00.000,I 75,I 75 and S Marietta Pkwy,,Sideswipe-Same Direction,2,Clear,Dry,Daylight
2022-03-26T17:02:00.000,I 75,I 75 and S Marietta Pkwy,,Rear End,2,Cloudy,Dry,Daylight
2022-09-12T08:05:00.000,I 75,I 75 and S Marietta Pkwy,,Sideswipe-Same Direction,3,Cloudy,Dry,Daylight
2022-08-12T15:49:00.000,I 75,I 75 and S Marietta Pkwy,,Sideswipe-Same Direction,2,Clear,Dry,Daylight
2022-11-28T04:45:00.000,I 75,I 75 and S Marietta Pkwy,,Sideswipe-Same Direction,2,Clear,Dry,Dark-Lighted
2022-08-13T18:31:00.000,I 75,I 75 and S Marietta Pkwy,,Rear End,3,Clear,Dry,Daylight
2022-11-18T17:15:00.000,I 75,I 75 and S Marietta Pkwy,,Sideswipe-Same Direction,2,Clear,Dry,Dusk
2022-11-29T20:00:00.000,I 75,I 75 and S Marietta Pkwy,,Rear End,2,Clear,Dry,Dark-Not Lighted
2022-11-21T13:15:00.000,I 75,I 75 and S Marietta Pkwy,,Rear End,2,Clear,Dry,Daylight
2022-08-20T05:55:00.000,I 75,I 75 and S Marietta Pkwy,,Sideswipe-Same Direction,2,Cloudy,Dry,Dark-Lighted
2022-03-19T21:05:00.000,I 75,I 75 and S Marietta Pkwy,,Sideswipe-Same Direction,2,Clear,Dry,Dark-Lighted
2022-10-05T06:16:00.000,I 75,I 75 and S Marietta Pkwy,,Angle Crash,2,Clear,Dry,Dark-Lighted
2022-10-15T06:47:00.000,I 75,I 75 and S Marietta Pkwy,,Rear End,3,Clear,Dry,Daylight
2022-10-08T19:20:00.000,I 75,I 75 and S Marietta Pkwy,,Rear End,2,Clear,Dry,Dark-Not Lighted
2022-10-31T09:18:00.000,I 75,I 75 and S Marietta Pkwy,,Rear End,2,Cloudy,Wet,Daylight
2022-10-22T17:22:00.000,I 75,I 75 and S Marietta Pkwy,,Rear End,2,Cloudy,Dry,Daylight
2022-04-26T19:20:00.000,I 75,I 75 and S Marietta Pkwy,,Not a Collision with Motor Vehicle,2,Clear,Dry,Daylight
2022-10-17T11:46:00.000,I 75,I 75 and S Marietta Pkwy,,Rear End,2,Cloudy,Dry,Daylight
2022-07-18T18:40:00.000,I 75,I 75 and S Marietta Pkwy,,Sideswipe-Same Direction,3,Clear,Wet,Daylight
2022-09-20T10:03:00.000,I 75,I 75 and S Marietta Pkwy,,Sideswipe-Same Direction,2,Clear,Dry,Daylight
2022-10-09T16:51:00.000,I 75,I 75 and S Marietta Pkwy,,Rear End,2,Clear,Dry,Daylight
2022-10-05T05:24:00.000,I 75,I 75 and S Marietta Pkwy,,Sideswipe-Same Direction,2,Clear,Dry,Dark-Not Lighted
2022-11-11T16:10:00.000,I 75,I 75 and S Marietta Pkwy,,Rear End,2,Rain,Wet,Daylight
2022-11-03T16:35:00.000,I 75,I 75 and S Marietta Pkwy,,Not a Collision with Motor Vehicle,2,Clear,Dry,Daylight
2022-08-24T13:36:00.000,I 75,I 75 and S Marietta Pkwy,,Angle Crash,2,Cloudy,Dry,Daylight
2022-11-05T15:08:00.000,I 75,I 75 and S Marietta Pkwy,,Angle Crash,2,Clear,Dry,Daylight
2022-10-27T08:09:00.000,I 75,I 75 and S Marietta Pkwy,,Rear End,2,Clear,Dry,Daylight
2022-06-17T22:55:00.000,I 75,I 75 and S Marietta Pkwy,,Not a Collision with Motor Vehicle,2,Cloudy,Dry,Dark-Lighted
2022-11-29T20:06:00.000,I 75,I 75 and S Marietta Pkwy,,Rear End,2,Cloudy,Dry,Dark-Not Lighted
2022-01-28T18:32:00.000,I 75,I 75 and S Marietta Pkwy,,Rear End,2,Cloudy,Dry,Dark-Not Lighted
2022-11-17T08:42:00.000,I 75,I 75 and S Marietta Pkwy,,Sideswipe-Same Direction,2,Clear,Dry,Daylight
2023-01-21T16:58:00.000,I 75,I 75 and S Marietta Pkwy,,Rear End,2,Cloudy,Dry,Daylight
2023-07-11T17:09:00.000,I 75,I 75 and S Marietta Pkwy,,Not a Collision with Motor Vehicle,1,Clear,Dry,Daylight
2023-10-12T00:11:00.000,I 75,I 75 and S Marietta Pkwy,,(None),2,(None),(None),(None)
2023-12-16T03:39:00.000,I 75,I 75 and S Marietta Pkwy,,(None),2,(None),(None),(None)
2023-11-28T11:36:00.000,I 75,I 75 and S Marietta Pkwy,,(None),2,(None),(None),(None)
2023-08-29T08:50:00.000,I 75,I 75 and S Marietta Pkwy,,Sideswipe-Same Direction,2,Cloudy,Dry,Daylight
2023-06-03T09:15:00.000,I 75,I 75 and S Marietta Pkwy,,Angle Crash,2,Clear,Dry,Daylight
2023-03-29T20:07:00.000,I 75,I 75 and S Marietta Pkwy,,Sideswipe-Same Direction,3,Cloudy,Dry,Dark-Not Lighted
2023-01-26T10:00:00.000,I 75,I 75 and S Marietta Pkwy,,Rear End,2,Cloudy,Dry,Daylight
2023-04-26T08:13:00.000,I 75,I 75 and S Marietta Pkwy,,Rear End,2,Cloudy,Dry,Daylight
2023-10-10T16:04:00.000,I 75,I 75 and S Marietta Pkwy,,Sideswipe-Same Direction,2,Cloudy,Dry,Daylight