Date and Time,Roadway (From Crash Report),Intersection Name (from Crash Report),KABCO Severity,Manner of Collision (Crash Level) ,# of Vehicles per crash ,Weather Conditions (Crash Level),Surface Condition (Crash Level) ,Light Conditions (Crash Level)
2023-10-06T09:04:00.000,I 75,I 75 and S Marietta Pkwy,,(None),2,(None),(None),(None)
2023-07-24T14:30:00.000,I 75,I 75 and S Marietta Pkwy,,Sideswipe-Same Direction,4,Clear,Dry,Daylight
2023-05-23T13:31:00.000,I 75,I 75 and S Marietta Pkwy,,Sideswipe-Same Direction,2,Cloudy,Dry,Daylight
2023-09-28T17:09:00.000,I 75,I 75 and S Marietta Pkwy,,Sideswipe-Same Direction,2,Clear,Dry,Daylight
2024-02-17T14:40:00.000,I 75,I 75 and S Marietta Pkwy,,Rear End,3,Cloudy,Dry,Daylight
2024-10-29T16:13:00.000,I 75,I 75 and S Marietta Pkwy,,Rear End,2,Clear,Dry,Daylight
2024-05-17T15:40:00.000,I 75,I 75 and S Marietta Pkwy,,Rear End,2,Clear,Wet,Daylight
2024-01-05T22:40:00.000,I 75,I 75 and S Marietta Pkwy,,(None),2,(None),(None),(None)
2024-04-12T16:00:00.000,I 75,I 75 and S Marietta Pkwy,,Not a Collision with Motor Vehicle,1,Clear,Dry,Daylight
2024-04-12T16:30:00.000,I 75,I 75 and S Marietta Pkwy,,Rear End,2,Clear,Dry,Daylight
2024-01-10T18:03:00.000,I 75,I 75 and S Marietta Pkwy,,(None),2,(None),(None),(None)
2024-09-24T16:26:00.000,I 75,I 75 and S Marietta Pkwy,,Sideswipe-Same Direction,2,Clear,Dry,Daylight
2024-10-17T12:27:00.000,I 75,I 75 and S Marietta Pkwy,,Rear End,2,Clear,Dry,Daylight
2024-01-21T22:45:00.000,I 75,I 75 and S Marietta Pkwy,,(None),2,(None),(None),(None)
2024-01-17T14:28:00.000,I 75,I 75 and S Marietta Pkwy,,(None),2,(None),(None),(None)
2024-07-26T19:31:00.000,I 75,I 75 and S Marietta Pkwy,,Not a Collision with Motor Vehicle,2,Clear,Dry,Daylight
2024-12-03T16:26:00.000,I 75,I 75 and S Marietta Pkwy,,Sideswipe-Same Direction,2,Clear,Dry,Daylight
2024-02-07T18:46:00.000,I 75,I 75 and S Marietta Pkwy,,Sideswipe-Same Direction,2,Clear,Dry,Dark-Lighted
2024-02-28T14:55:00.000,I 75,I 75 and S Marietta Pkwy,,Rear End,2,Rain,Wet,Daylight
2024-05-21T04:05:00.000,I 75,I 75 and S Marietta Pkwy,,Rear End,2,Clear,Dry,Dark-Lighted
2024-11-14T18:47:00.000,I 75,I 75 and S Marietta Pkwy,,Sideswipe-Same Direction,2,Clear,Dry,Dark-Not Lighted
2024-07-26T15:00:00.000,I 75,I 75 and S Marietta Pkwy,,Rear End,2,Clear,Dry,Daylight
2024-04-16T08:24:00.000,I 75,I 75 and S Marietta Pkwy,,Rear End,2,Cloudy,Dry,Daylight
2024-02-17T18:42:00.000,I 75,I 75 and S Marietta Pkwy,,Rear End,2,Cloudy,Dry,Dark-Lighted
2024-08-30T05:45:00.000,I 75,I 75 and S Marietta Pkwy,,Angle Crash,2,Clear,Dry,Dark-Not Lighted
2024-04-18T12:30:00.000,I 75,I 75 and S Marietta Pkwy,,Rear End,2,Clear,Dry,Daylight
2024-12-06T19:30:00.000,I 75,I 75 and S Marietta Pkwy,,Rear End,2,Clear,Dry,Dark-Not Lighted
2024-02-22T17:32:00.000,I 75,I 75 and S Marietta Pkwy,,Sideswipe-Same Direction,2,Cloudy,Dry,Daylight
2024-11-06T08:53:00.000,I 75,I 75 and S Marietta Pkwy,,Rear End,2,Clear,Dry,Daylight
2024-09-24T19:03:00.000,I 75,I 75 and S Marietta Pkwy,,Rear End,2,Clear,Dry,Daylight
2024-12-19T16:15:00.000,I 75,I 75 and S Marietta Pkwy,,Rear End,3,Clear,Dry,Daylight
2024-05-29T08:39:00.000,I 75,I 75 and S Marietta Pkwy,,Rear End,2,Clear,Dry,Daylight
2024-06-11T09:39:00.000,I 75,I 75 and S Marietta Pkwy,,Rear End,2,Clear,Dry,Daylight
2024-10-05T08:00:00.000,I 75,I 75 and S Marietta Pkwy,,Sideswipe-Same Direction,1,Cloudy,Dry,Daylight
2024-09-04T10:12:00.000,I 75,I 75 and S Marietta Pkwy,,Rear End,2,Clear,Dry,Daylight
2024-04-10T23:28:00.000,I 75,I 75 and S Marietta Pkwy,,Not a Collision with Motor Vehicle,1,Clear,Dry,Dark-Lighted
2024-07-05T13:15:00.000,I 75,I 75 and S Marietta Pkwy,,Sideswipe-Same Direction,2,Cloudy,Wet,Daylight
2024-11-15T17:52:00.000,I 75,I 75 and S Marietta Pkwy,,Rear End,2,Clear,Dry,Dark-Lighted
2024-12-14T22:55:00.000,I 75,I 75 and S Marietta Pkwy,,Sideswipe-Same Direction,2,Cloudy,Dry,Dark-Not Lighted
2023-08-23T06:00:00.000,I 75,I 75 and S Marietta Pkwy,,Not a Collision with Motor Vehicle,1,Clear,Dry,Daylight
2023-04-18T09:19:00.000,I 75,I 75 and S Marietta Pkwy,,Rear End,2,Clear,Dry,Daylight
2023-03-28T23:21:00.000,I 75,I 75 and S Marietta Pkwy,,Not a Collision with Motor Vehicle,2,Clear,Dry,Dark-Lighted
2023-11-02T13:58:00.000,I 75,I 75 and S Marietta Pkwy,,Sideswipe-Same Direction,2,Clear,Dry,Daylight
2023-08-03T11:22:00.000,I 75,I 75 and S Marietta Pkwy,,Rear End,3,Clear,Dry,Daylight
2023-11-17T09:08:00.000,I 75,I 75 and S Marietta Pkwy,,Rear End,2,Cloudy,Dry,Daylight
2023-06-27T08:49:00.000,I 75,I 75 and S Marietta Pkwy,,Rear End,2,Clear,Dry,Daylight
2023-12-14T09:00:00.000,I 75,I 75 and S Marietta Pkwy,,Rear End,2,Clear,Dry,Daylight
2024-03-15T09:05:00.000,I 75,I 75 and S Marietta Pkwy,,Sideswipe-Same Direction,2,Cloudy,Dry,Daylight
2024-04-03T23:10:00.000,I 75,I 75 and S Marietta Pkwy,,Rear End,2,Clear,Dry,Dark-Not Lighted
2024-11-13T18:50:00.000,I 75,I 75 and S Marietta Pkwy,,Rear End,2,Cloudy,Dry,Dark-Lighted
2024-11-19T06:30:00.000,I 75,I 75 and S Marietta Pkwy,,Sideswipe-Same Direction,2,Rain,Wet,Dark-Not Lighted
2024-03-05T17:31:00.000,I 75,I 75 and S Marietta Pkwy,,Rear End,2,Rain,Wet,Daylight
2024-02-12T08:36:00.000,I 75,I 75 and S Marietta Pkwy,,Sideswipe-Same Direction,3,Rain,Wet,Daylight
2024-04-16T10:24:00.000,I 75,I 75 and S Marietta Pkwy,,Rear End,2,Cloudy,Dry,Daylight
2024-01-05T15:43:00.000,I 75,I 75 and S Marietta Pkwy,,Rear End,2,Cloudy,Dry,Daylight
2024-05-10T15:35:00.000,I 75,I 75 and S Marietta Pkwy,,Not a Collision with Motor Vehicle,1,Clear,Dry,Daylight
2024-05-04T14:03:00.000,I 75,I 75 and S Marietta Pkwy,,Angle Crash,2,Clear,Dry,Daylight
2024-12-19T14:35:00.000,I 75,I 75 and S Marietta Pkwy,,Not a Collision with Motor Vehicle,1,Clear,Dry,Daylight
2023-03-30T18:39:00.000,I 75,I 75 and S Marietta Pkwy,,Sideswipe-Same Direction,2,Clear,Dry,Daylight
2023-04-10T14:34:00.000,I 75,I 75 and S Marietta Pkwy,,Sideswipe-Same Direction,2,Clear,Dry,Daylight
2023-10-19T16:03:00.000,I 75,I 75 and S Marietta Pkwy,,Sideswipe-Same Direction,2,Cloudy,Dry,Daylight
2023-05-06T16:34:00.000,I 75,I 75 and S Marietta Pkwy,,Rear End,2,Cloudy,Dry,Daylight
2023-03-03T06:25:00.000,I 75,I 75 and S Marietta Pkwy,,Angle Crash,2,Cloudy,Wet,Dark-Not Lighted
2023-10-10T13:34:00.000,I 75,I 75 and S Marietta Pkwy,,Rear End,2,Cloudy,Dry,Daylight
2023-03-06T11:43:00.000,I 75,I 75 and S Marietta Pkwy,,Angle Crash,2,Clear,Dry,Daylight
2023-09-05T17:00:00.000,I 75,I 75 and S Marietta Pkwy,,Rear End,2,Clear,Dry,Daylight
2023-03-03T06:33:00.000,I 75,I 75 and S Marietta Pkwy,,Not a Collision with Motor Vehicle,1,Cloudy,Wet,Daylight
2023-11-08T10:52:00.000,I 75,I 75 and S Marietta Pkwy,,(None),2,(None),(None),(None)
2023-10-01T14:07:00.000,I 75,I 75 and S Marietta Pkwy,,(None),3,(None),(None),(None)
2023-10-18T14:17:00.000,I 75,I 75 and S Marietta Pkwy,,(None),2,(None),(None),(None)
2023-10-06T14:10:00.000,I 75,I 75 and S Marietta Pkwy,,Rear End,3,Cloudy,Dry,Daylight
2023-03-25T00:42:00.000,I 75,I 75 and S Marietta Pkwy,,Sideswipe-Same Direction,2,Clear,Dry,Dark-Not Lighted
2023-04-18T05:14:00.000,I 75,I 75 and S Marietta Pkwy,,Rear End,2,Clear,Dry,Dark-Not Lighted
2023-01-07T19:12:00.000,I 75,I 75 and S Marietta Pkwy,,Rear End,2,Cloudy,Dry,Dark-Lighted
2023-08-11T18:30:00.000,I 75,I 75 and S Marietta Pkwy,,Not a Collision with Motor Vehicle,1,Clear,Dry,Daylight
2023-10-20T12:50:00.000,I 75,I 75 and S Marietta Pkwy,,Rear End,2,Cloudy,Dry,Daylight
2023-04-08T18:43:00.000,I 75,I 75 and S Marietta Pkwy,,Rear End,2,Cloudy,Wet,Daylight
2023-03-03T06:33:00.000,I 75,I 75 and S Marietta Pkwy,,Rear End,3,Cloudy,Wet,Daylight
2023-11-14T15:22:00.000,I 75,I 75 and S Marietta Pkwy,,(None),2,(None),(None),(None)
2023-12-07T13:20:00.000,I 75,I 75 and S Marietta Pkwy,,Sideswipe-Same Direction,2,Clear,Dry,Daylight
2023-02-09T18:55:00.000,I 75,I 75 and S Marietta Pkwy,,Rear End,3,Rain,Wet,Dark-Lighted
2023-07-06T11:40:00.000,I 75,I 75 and S Marietta Pkwy,,Sideswipe-Same Direction,2,Clear,Dry,Daylight
2023-04-15T19:18:00.000,I 75,I 75 and S Marietta Pkwy,,Sideswipe-Same Direction,2,Cloudy,Dry,Daylight
2023-11-17T01:50:00.000,I 75,I 75 and S Marietta Pkwy,,Rear End,2,Clear,Dry,Daylight
2023-09-15T02:00:00.000,I 75,I 75 and S Marietta Pkwy,,Sideswipe-Same Direction,2,Clear,Dry,Dark-Not Lighted
2023-08-07T07:30:00.000,I 75,I 75 and S Marietta Pkwy,,Rear End,3,Clear,Dry,Daylight
2023-07-20T16:35:00.000,I 75,I 75 and S Marietta Pkwy,,Rear End,3,Cloudy,Dry,Daylight
2023-11-01T12:27:00.000,I 75,I 75 and S Marietta Pkwy,,(None),4,(None),(None),(None)
2023-02-20T08:45:00.000,I 75,I 75 and S Marietta Pkwy,,Not a Collision with Motor Vehicle,3,Clear,Dry,Daylight
2023-07-07T14:40:00.000,I 75,I 75 and S Marietta Pkwy,,Rear End,2,Clear,Dry,Daylight
2023-11-03T10:29:00.000,I 75,I 75 and S Marietta Pkwy,,Sideswipe-Same Direction,2,Clear,Dry,Daylight
2023-12-28T14:04:00.000,I 75,I 75 and S Marietta Pkwy,,Sideswipe-Same Direction,2,Cloudy,Dry,Daylight
2023-12-10T16:59:00.000,I 75,I 75 and S Marietta Pkwy,,(None),2,(None),(None),(None)
2023-02-17T21:17:00.000,I 75,I 75 and S Marietta Pkwy,,Not a Collision with Motor Vehicle,1,Cloudy,Dry,Dark-Lighted
2023-08-22T14:35:00.000,I 75,I 75 and S Marietta Pkwy,,Rear End,2,Clear,Dry,Daylight
2023-11-16T20:04:00.000,I 75,I 75 and S Marietta Pkwy,,(None),2,(None),(None),(None)
2023-01-07T08:37:00.000,I 75,I 75 and S Marietta Pkwy,,Angle Crash,3,Cloudy,Dry,Daylight
2023-02-13T08:47:00.000,I 75,I 75 and S Marietta Pkwy,,Sideswipe-Same Direction,2,Clear,Dry,Daylight
2023-08-11T18:24:00.000,I 75,I 75 and S Marietta Pkwy,,Rear End,3,Clear,Dry,Daylight
2023-02-17T09:55:00.000,I 75,I 75 and S Marietta Pkwy,,Sideswipe-Same Direction,2,Cloudy,Wet,Daylight
2023-08-31T01:45:00.000,I 75,I 75 and S Marietta Pkwy,,Not a Collision with Motor Vehicle,1,Rain,Wet,Dark-Lighted
2023-02-09T19:29:00.000,I 75,I 75 and S Marietta Pkwy,,Rear End,3,Rain,Wet,Dark-Lighted
2023-11-01T09:30:00.000,I 75,I 75 and S Marietta Pkwy,,(None),2,(None),(None),(None)
2023-02-04T09:53:00.000,I 75,I 75 and S Marietta Pkwy,,Not a Collision with Motor Vehicle,1,Cloudy,Dry,Daylight
2023-04-01T05:10:00.000,I 75,I 75 and S Marietta Pkwy,,Angle Crash,2,Cloudy,Dry,Dark-Not Lighted
2023-01-21T15:24:00.000,I 75,I 75 and S Marietta Pkwy,,Rear End,2,Cloudy,Dry,Daylight
2023-06-22T17:20:00.000,I 75,I 75 and S Marietta Pkwy,,Rear End,3,Cloudy,Dry,Daylight
2023-06-20T15:25:00.000,I 75,I 75 and S Marietta Pkwy,,Rear End,3,Cloudy,Wet,Daylight
2023-12-05T07:18:00.000,I 75,I 75 and S Marietta Pkwy,,Angle Crash,3,Clear,Dry,Daylight
2023-09-14T13:11:00.000,I 75,I 75 and S Marietta Pkwy,,Sideswipe-Same Direction,2,Cloudy,Dry,Daylight
2023-02-23T06:46:00.000,I 75,I 75 and S Marietta Pkwy,,Rear End,2,Clear,Dry,Daylight
2023-07-31T12:15:00.000,I 75,I 75 and S Marietta Pkwy,,Sideswipe-Same Direction,2,Cloudy,Dry,Daylight
2023-08-25T07:34:00.000,I 75,I 75 and S Marietta Pkwy,,Sideswipe-Same Direction,2,Cloudy,Dry,Daylight
2023-02-25T08:00:00.000,I 75,I 75 and S Marietta Pkwy,,Rear End,2,Cloudy,Dry,Daylight
2023-04-20T09:10:00.000,I 75,I 75 and S Marietta Pkwy,,Not a Collision with Motor Vehicle,1,Clear,Dry,Daylight
2023-11-21T19:34:00.000,I 75,I 75 and S Marietta Pkwy,,Rear End,3,Rain,Wet,Dark-Not Lighted
2023-01-07T09:58:00.000,I 75,I 75 and S Marietta Pkwy,,Rear End,2,Cloudy,Dry,Daylight
2023-12-14T16:59:00.000,I 75,I 75 and S Marietta Pkwy,,Rear End,2,Clear,Dry,Daylight
2023-06-25T02:59:00.000,I 75,I 75 and S Marietta Pkwy,,Angle Crash,2,Cloudy,Dry,Dark-Lighted
2023-02-02T14:57:00.000,I 75,I 75 and S Marietta Pkwy,,Sideswipe-Same Direction,2,Rain,Wet,Daylight
2023-10-07T13:00:00.000,I 75,I 75 and S Marietta Pkwy,,(None),3,(None),(None),(None)
2023-04-29T19:05:00.000,I 75,I 75 and S Marietta Pkwy,,Rear End,2,Cloudy,Dry,Daylight
2023-05-17T15:15:00.000,I 75,I 75 and S Marietta Pkwy,,Rear End,2,Cloudy,Wet,Daylight
2023-06-29T16:06:00.000,I 75,I 75 and S Marietta Pkwy,,Rear End,3,Cloudy,Dry,Daylight
2023-03-10T16:40:00.000,I 75,I 75 and S Marietta Pkwy,,Rear End,3,Clear,Dry,Daylight
2023-12-19T18:59:00.000,I 75,I 75 and S Marietta Pkwy,,Rear End,2,Clear,Dry,Dark-Not Lighted
2023-10-17T15:52:00.000,I 75,I 75 and S Marietta Pkwy,,Rear End,4,Clear,Dry,Daylight
2023-03-06T08:18:00.000,I 75,I 75 and S Marietta Pkwy,,Sideswipe-Same Direction,2,Clear,Dry,Daylight
2023-06-20T09:31:00.000,I 75,I 75 and S Marietta Pkwy,,Rear End,4,Clear,Dry,Daylight
2023-05-04T14:11:00.000,I 75,I 75 and S Marietta Pkwy,,Rear End,2,Clear,Dry,Daylight
2023-02-27T09:15:00.000,I 75,I 75 and S Marietta Pkwy,,Not a Collision with Motor Vehicle,1,Clear,Dry,Daylight
2023-08-16T17:37:00.000,I 75,I 75 and S Marietta Pkwy,,Rear End,2,Clear,Dry,Daylight
2023-10-27T15:30:00.000,I 75,I 75 and S Marietta Pkwy,,Rear End,2,Clear,Dry,Daylight
2023-02-25T13:00:00.000,I 75,I 75 and S Marietta Pkwy,,Rear End,3,Clear,Wet,Daylight
2023-02-21T11:46:00.000,I 75,I 75 and S Marietta Pkwy,,Rear End,2,Rain,Wet,Daylight
2023-01-07T15:50:00.000,I 75,I 75 and S Marietta Pkwy,,Rear End,2,Clear,Dry,Daylight
2023-10-19T16:31:00.000,I 75,I 75 and S Marietta Pkwy,,Rear End,2,Cloudy,Dry,Daylight
2023-01-04T15:30:00.000,I 75,I 75 and S Marietta Pkwy,,Sideswipe-Same Direction,2,Clear,Dry,Daylight
2023-02-17T14:56:00.000,I 75,I 75 and S Marietta Pkwy,,Rear End,2,Clear,Dry,Daylight
2023-07-24T14:50:00.000,I 75,I 75 and S Marietta Pkwy,,Sideswipe-Same Direction,2,Clear,Dry,Daylight
2023-11-28T15:59:00.000,I 75,I 75 and S Marietta Pkwy,,(None),2,(None),(None),(None)
2023-02-03T22:35:00.000,I 75,I 75 and S Marietta Pkwy,,Sideswipe-Same Direction,2,Clear,Dry,Dark-Lighted
2024-07-19T18:47:00.000,I 75,I 75 and S Marietta Pkwy,,Not a Collision with Motor Vehicle,1,Rain,Wet,Daylight
2024-02-22T10:55:00.000,I 75,I 75 and S Marietta Pkwy,,Sideswipe-Same Direction,2,Clear,Dry,Daylight
2024-10-31T17:50:00.000,I 75,I 75 and S Marietta Pkwy,,Sideswipe-Same Direction,2,Clear,Dry,Daylight
2024-09-30T06:55:00.000,I 75,I 75 and S Marietta Pkwy,,Rear End,2,Clear,Dry,Dawn
2024-07-08T11:31:00.000,I 75,I 75 and S Marietta Pkwy,,Sideswipe-Same Direction,2,Clear,Dry,Daylight
2024-10-30T10:25:00.000,I 75,I 75 and S Marietta Pkwy,,Sideswipe-Same Direction,2,Clear,Dry,Daylight
2024-06-06T17:13:00.000,I 75,I 75 and S Marietta Pkwy,,Rear End,2,Clear,Dry,Daylight
2024-05-23T12:38:00.000,I 75,I 75 and S Marietta Pkwy,,Rear End,2,Cloudy,Dry,Daylight
2024-06-10T08:27:00.000,I 75,I 75 and S Marietta Pkwy,,Rear End,2,Cloudy,Dry,Daylight
2024-12-06T00:00:00.000,I 75,I 75 and S Marietta Pkwy,,Rear End,2,Clear,Dry,Daylight
2024-03-06T08:58:00.000,I 75,I 75 and S Marietta Pkwy,,Rear End,2,Rain,Wet,Daylight
2024-06-03T10:20:00.000,I 75,I 75 and S Marietta Pkwy,,Sideswipe-Same Direction,2,Clear,Dry,Daylight
2024-05-06T07:20:00.000,I 75,I 75 and S Marietta Pkwy,,Sideswipe-Same Direction,2,Clear,Dry,Daylight
2024-10-14T13:44:00.000,I 75,I 75 and S Marietta Pkwy,,Not a Collision with Motor Vehicle,2,Clear,Dry,Daylight
2024-08-30T07:55:00.000,I 75,I 75 and S Marietta Pkwy,,Rear End,2,Clear,Dry,Daylight
2024-09-22T12:48:00.000,I 75,I 75 and S Marietta Pkwy,,Sideswipe-Same Direction,3,Clear,Dry,Daylight
2024-01-18T00:00:00.000,I 75,I 75 and S Marietta Pkwy,,Sideswipe-Same Direction,2,Clear,Dry,Daylight
2024-12-03T20:59:00.000,I 75,I 75 and S Marietta Pkwy,,Sideswipe-Same Direction,2,Cloudy,Dry,Dark-Lighted
2024-06-23T06:25:00.000,I 75,I 75 and S Marietta Pkwy,,Rear End,2,Clear,Dry,Dark-Lighted
2024-12-22T16:50:00.000,I 75,I 75 and S Marietta Pkwy,,Sideswipe-Same Direction,2,Clear,Dry,Daylight
2024-03-22T17:30:00.000,I 75,I 75 and S Marietta Pkwy,,Rear End,2,Rain,Wet,Daylight
2024-03-06T15:12:00.000,I 75,I 75 and S Marietta Pkwy,,Rear End,3,Rain,Wet,Daylight
2024-12-03T15:36:00.000,I 75,I 75 and S Marietta Pkwy,,Sideswipe-Same Direction,2,Clear,Dry,Daylight
2024-09-12T13:40:00.000,I 75,I 75 and S Marietta Pkwy,,Sideswipe-Same Direction,2,Cloudy,Wet,Daylight
2024-04-23T21:50:00.000,I 75,I 75 and S Marietta Pkwy,,Sideswipe-Same Direction,2,Cloudy,Dry,Dark-Lighted
2024-08-16T09:29:00.000,I 75,I 75 and S Marietta Pkwy,,Rear End,2,Clear,Dry,Daylight
2024-04-11T16:33:00.000,I 75,I 75 and S Marietta Pkwy,,Sideswipe-Same Direction,2,Rain,Wet,Daylight
2024-12-04T15:37:00.000,I 75,I 75 and S Marietta Pkwy,,Rear End,3,Cloudy,Dry,Daylight
2024-08-08T09:05:00.000,I 75,I 75 and S Marietta Pkwy,,Rear End,2,Clear,Dry,Daylight
2024-04-06T05:26:00.000,I 75,I 75 and S Marietta Pkwy,,Rear End,2,Clear,Dry,Dark-Not Lighted
2024-05-20T11:55:00.000,I 75,I 75 and S Marietta Pkwy,,Not a Collision with Motor Vehicle,1,Clear,Dry,Daylight
2024-05-04T15:39:00.000,I 75,I 75 and S Marietta Pkwy,,Rear End,2,Clear,Dry,Daylight
2024-03-16T20:41:00.000,I 75,I 75 and S Marietta Pkwy,,Sideswipe-Same Direction,2,Cloudy,Dry,Dark-Not Lighted
2024-12-10T18:50:00.000,I 75,I 75 and S Marietta Pkwy,,Sideswipe-Same Direction,2,Rain,Wet,Dark-Not Lighted
2024-05-31T23:00:00.000,I 75,I 75 and S Marietta Pkwy,,Rear End,2,Clear,Dry,Dark-Not Lighted
2024-05-11T03:43:00.000,I 75,I 75 and S Marietta Pkwy,,Rear End,2,Cloudy,Dry,Dark-Not Lighted
2024-06-08T00:28:00.000,I 75,I 75 and S Marietta Pkwy,,Not a Collision with Motor Vehicle,1,Clear,Dry,Daylight
2024-01-01T16:16:00.000,I 75,I 75 and S Marietta Pkwy,,(None),2,(None),(None),(None)
2024-11-27T12:00:00.000,I 75,I 75 and S Marietta Pkwy,,Sideswipe-Same Direction,2,Clear,Dry,Daylight
2024-04-30T12:03:00.000,I 75,I 75 and S Marietta Pkwy,,Rear End,2,Cloudy,Wet,Daylight
2024-06-21T17:45:00.000,I 75,I 75 and S Marietta Pkwy,,Sideswipe-Same Direction,2,Clear,Dry,Daylight
2024-08-03T13:45:00.000,I 75,I 75 and S Marietta Pkwy,,Rear End,2,Clear,Dry,Daylight
2024-10-19T10:15:00.000,I 75,I 75 and S Marietta Pkwy,,Rear End,2,Clear,Dry,Daylight
2024-07-22T08:43:00.000,I 75,I 75 and S Marietta Pkwy,,Rear End,2,Cloudy,Dry,Daylight
2024-11-26T06:46:00.000,I 75,I 75 and S Marietta Pkwy,,Angle Crash,2,Rain,Wet,Dark-Not Lighted
2024-05-30T14:00:00.000,I 75,I 75 and S Marietta Pkwy,,Rear End,2,Clear,Dry,Daylight
2024-09-03T10:20:00.000,I 75,I 75 and S Marietta Pkwy,,Sideswipe-Same Direction,2,Clear,Dry,Daylight
2024-09-10T15:51:00.000,I 75,I 75 and S Marietta Pkwy,,Rear End,2,Clear,Dry,Daylight
2024-03-13T19:19:00.000,I 75,I 75 and S Marietta Pkwy,,Angle Crash,2,Cloudy,Dry,Daylight
2024-03-09T02:14:00.000,I 75,I 75 and S Marietta Pkwy,,Angle Crash,3,Rain,Wet,Dark-Not Lighted
2024-07-18T14:10:00.000,I 75,I 75 and S Marietta Pkwy,,Sideswipe-Same Direction,2,Rain,Wet,Daylight
2024-05-16T22:13:00.000,I 75,I 75 and S Marietta Pkwy,,Rear End,2,Cloudy,Dry,Dark-Not Lighted
2024-03-09T02:14:00.000,I 75,I 75 and S Marietta Pkwy,,Rear End,2,Rain,Wet,Dark-Not Lighted
2024-10-14T16:00:00.000,I 75,I 75 and S Marietta Pkwy,,Rear End,2,Clear,Dry,Daylight
2024-05-29T14:54:00.000,I 75,I 75 and S Marietta Pkwy,,Not a Collision with Motor Vehicle,1,Clear,Dry,Daylight
2024-03-03T05:46:00.000,I 75,I 75 and S Marietta Pkwy,,Rear End,2,Fog,Wet,Dark-Not Lighted
2024-01-26T02:22:00.000,I 75,I 75 and S Marietta Pkwy,,(None),2,(None),(None),(None)
2024-09-19T06:55:00.000,I 75,I 75 and S Marietta Pkwy,,Rear End,2,Clear,Dry,Daylight
2024-05-20T12:30:00.000,I 75,I 75 and S Marietta Pkwy,,Rear End,2,Clear,Dry,Daylight
2024-03-31T04:46:00.000,I 75,I 75 and S Marietta Pkwy,,Sideswipe-Same Direction,2,Clear,Dry,Dark-Not Lighted
2024-08-23T10:16:00.000,I 75,I 75 and S Marietta Pkwy,,Rear End,3,Clear,Dry,Daylight
2024-04-22T14:30:00.000,I 75,I 75 and S Marietta Pkwy,,Not a Collision with Motor Vehicle,2,Clear,Dry,Daylight
2024-01-25T07:00:00.000,I 75,I 75 and S Marietta Pkwy,,Sideswipe-Same Direction,3,Rain,Wet,Dark-Not Lighted
2024-10-09T04:25:00.000,I 75,I 75 and S Marietta Pkwy,,Sideswipe-Same Direction,2,Clear,Dry,Dark-Not Lighted
2024-08-23T08:34:00.000,I 75,I 75 and S Marietta Pkwy,,Sideswipe-Same Direction,2,Clear,Dry,Daylight
2024-12-11T13:08:00.000,I 75,I 75 and S Marietta Pkwy,,Rear End,4,Clear,Dry,Daylight
2024-12-11T22:20:00.000,I 75,I 75 and S Marietta Pkwy,,Angle Crash,2,Clear,Dry,Dark-Not Lighted
2024-08-02T13:25:00.000,I 75,I 75 and S Marietta Pkwy,,Sideswipe-Same Direction,2,Clear,Dry,Daylight
2024-09-17T08:40:00.000,I 75,I 75 and S Marietta Pkwy,,Sideswipe-Same Direction,3,Clear,Dry,Daylight
2024-03-15T14:20:00.000,I 75,I 75 and S Marietta Pkwy,,Rear End,2,Cloudy,Dry,Daylight
2024-06-21T15:10:00.000,I 75,I 75 and S Marietta Pkwy,,Rear End,2,Clear,Dry,Daylight
2024-02-23T13:10:00.000,I 75,I 75 and S Marietta Pkwy,,Sideswipe-Same Direction,2,Clear,Dry,Daylight
2024-10-18T19:48:00.000,I 75,I 75 and S Marietta Pkwy,,Angle Crash,2,Clear,Dry,Dark-Lighted
2024-06-20T13:50:00.000,I 75,I 75 and S Marietta Pkwy,,Rear End,3,Clear,Dry,Daylight
2024-06-17T07:05:00.000,I 75,I 75 and S Marietta Pkwy,,Sideswipe-Same Direction,2,Clear,Dry,Daylight
2024-03-08T18:28:00.000,I 75,I 75 and S Marietta Pkwy,,Sideswipe-Same Direction,2,Rain,Wet,Dark-Lighted
2024-01-04T09:58:00.000,I 75,I 75 and S Marietta Pkwy,,Sideswipe-Same Direction,2,Clear,Dry,Daylight
2024-01-28T21:03:00.000,I 75,I 75 and S Marietta Pkwy,,(None),2,(None),(None),(None)
2024-09-30T14:57:00.000,I 75,I 75 and S Marietta Pkwy,,Rear End,2,Cloudy,Dry,Daylight
2024-12-14T17:34:00.000,I 75,I 75 and S Marietta Pkwy,,Rear End,2,Clear,Dry,Dark-Lighted
2024-05-09T22:25:00.000,I 75,I 75 and S Marietta Pkwy,,Not a Collision with Motor Vehicle,1,Cloudy,Dry,Dark-Lighted
2024-12-22T16:05:00.000,I 75,I 75 and S Marietta Pkwy,,Sideswipe-Same Direction,2,Cloudy,Dry,Daylight
2024-08-08T16:29:00.000,I 75,I 75 and S Marietta Pkwy,,Rear End,2,Clear,Dry,Daylight
2024-05-09T16:05:00.000,I 75,I 75 and S Marietta Pkwy,,Rear End,3,Clear,Dry,Daylight
2024-03-08T13:20:00.000,I 75,I 75 and S Marietta Pkwy,,Sideswipe-Same Direction,2,Clear,Dry,Daylight
2024-08-02T07:22:00.000,I 75,I 75 and S Marietta Pkwy,,Sideswipe-Same Direction,2,Clear,Dry,Daylight
2024-05-24T12:15:00.000,I 75,I 75 and S Marietta Pkwy,,Rear End,3,Cloudy,Dry,Daylight