Date and Time,Roadway (From Crash Report),Intersection Name (from Crash Report),KABCO Severity,Manner of Collision (Crash Level) ,# of Vehicles per crash ,Weather Conditions (Crash Level),Surface Condition (Crash Level) ,Light Conditions (Crash Level)
2024-08-15T18:41:00.000,I 75,I 75 and S Marietta Pkwy,,Rear End,2,Cloudy,Dry,Daylight
2024-05-03T13:30:00.000,I 75,I 75 and S Marietta Pkwy,,Rear End,2,Clear,Dry,Daylight
2024-10-29T07:50:00.000,I 75,I 75 and S Marietta Pkwy,,Rear End,2,Clear,Dry,Daylight
2024-01-04T17:05:00.000,I 75,I 75 and S Marietta Pkwy,,Rear End,2,Clear,Dry,Daylight
2024-01-29T07:16:00.000,I 75,I 75 and S Marietta Pkwy,,(None),2,(None),(None),(None)
2024-12-06T16:00:00.000,I 75,I 75 and S Marietta Pkwy,,Rear End,2,Clear,Dry,Daylight
2024-12-13T14:48:00.000,I 75,I 75 and S Marietta Pkwy,,Sideswipe-Same Direction,2,Clear,Dry,Daylight
2024-12-29T10:12:00.000,I 75,I 75 and S Marietta Pkwy,,Rear End,2,Cloudy,Wet,Daylight
2024-10-14T17:28:00.000,I 75,I 75 and S Marietta Pkwy,,Rear End,2,Clear,Dry,Daylight
2024-12-02T12:30:00.000,I 75,I 75 and S Marietta Pkwy,,Sideswipe-Same Direction,2,Clear,Dry,Daylight
2024-03-20T13:26:00.000,I 75,I 75 and S Marietta Pkwy,,Rear End,2,Cloudy,Dry,Daylight
2024-09-30T06:05:00.000,I 75,I 75 and S Marietta Pkwy,,Sideswipe-Same Direction,3,Clear,Dry,Dark-Not Lighted
2024-04-15T06:40:00.000,I 75,I 75 and S Marietta Pkwy,,Rear End,2,Clear,Dry,Dark-Not Lighted
2024-01-18T14:53:00.000,I 75,I 75 and S Marietta Pkwy,,Rear End,3,Cloudy,Dry,Daylight
2024-08-30T06:14:00.000,I 75,I 75 and S Marietta Pkwy,,Rear End,2,Clear,Dry,Dark-Not Lighted
2024-03-05T15:42:00.000,I 75,I 75 and S Marietta Pkwy,,Rear End,3,Rain,Wet,Daylight
2024-06-04T16:05:00.000,I 75,I 75 and S Marietta Pkwy,,Sideswipe-Same Direction,2,Clear,Dry,Daylight
2024-09-20T13:15:00.000,I 75,I 75 and S Marietta Pkwy,,Rear End,2,Clear,Dry,Daylight
2024-12-07T17:12:00.000,I 75,I 75 and S Marietta Pkwy,,Rear End,2,Cloudy,Dry,Daylight
2024-05-09T14:27:00.000,I 75,I 75 and S Marietta Pkwy,,Rear End,2,Rain,Wet,Daylight
2024-07-25T13:40:00.000,I 75,I 75 and S Marietta Pkwy,,Sideswipe-Same Direction,2,Clear,Dry,Daylight
2024-06-11T18:02:00.000,I 75,I 75 and S Marietta Pkwy,,Rear End,2,Clear,Dry,Daylight
2024-12-13T18:40:00.000,I 75,I 75 and S Marietta Pkwy,,Sideswipe-Same Direction,2,Clear,Dry,Dark-Not Lighted
2024-03-21T17:53:00.000,I 75,I 75 and S Marietta Pkwy,,Sideswipe-Same Direction,2,Clear,Dry,Daylight
2024-03-06T19:46:00.000,I 75,I 75 and S Marietta Pkwy,,Sideswipe-Same Direction,2,Cloudy,Wet,Dark-Not Lighted
2024-08-23T10:10:00.000,I 75,I 75 and S Marietta Pkwy,,Rear End,2,Clear,Dry,Daylight
2024-10-07T20:00:00.000,I 75,I 75 and S Marietta Pkwy,,Sideswipe-Same Direction,2,Cloudy,Dry,Daylight
2024-10-01T06:16:00.000,I 75,I 75 and S Marietta Pkwy,,Sideswipe-Same Direction,3,Clear,Dry,Dawn
2024-03-09T02:14:00.000,I 75,I 75 and S Marietta Pkwy,,Angle Crash,2,Clear,Dry,Dark-Not Lighted
2024-03-10T17:40:00.000,I 75,I 75 and S Marietta Pkwy,,Sideswipe-Same Direction,2,Clear,Dry,Daylight
2024-07-09T17:27:00.000,I 75,I 75 and S Marietta Pkwy,,Rear End,2,Rain,Wet,Daylight
2024-03-06T11:54:00.000,I 75,I 75 and S Marietta Pkwy,,Sideswipe-Same Direction,2,Clear,Dry,Daylight
2024-12-12T10:18:00.000,I 75,I 75 and S Marietta Pkwy,,Rear End,3,Clear,Dry,Daylight
2024-06-17T13:45:00.000,I 75,I 75 and S Marietta Pkwy,,Rear End,2,Clear,Dry,Daylight
2024-06-17T12:00:00.000,I 75,I 75 and S Marietta Pkwy,,Not a Collision with Motor Vehicle,2,Clear,Dry,Daylight
2024-02-06T09:20:00.000,I 75,I 75 and S Marietta Pkwy,,Sideswipe-Same Direction,2,Clear,Dry,Daylight
2024-04-16T10:02:00.000,I 75,I 75 and S Marietta Pkwy,,Sideswipe-Same Direction,2,Cloudy,Dry,Daylight
2024-03-10T05:28:00.000,I 75,I 75 and S Marietta Pkwy,,Sideswipe-Same Direction,2,Clear,Dry,Dark-Lighted
2024-01-31T12:34:00.000,I 75,I 75 and S Marietta Pkwy,,(None),3,(None),(None),(None)
2024-10-25T17:38:00.000,I 75,I 75 and S Marietta Pkwy,,Rear End,2,Clear,Dry,Daylight
2024-05-07T10:13:00.000,I 75,I 75 and S Marietta Pkwy,,Rear End,4,Clear,Dry,Daylight
2024-11-19T14:17:00.000,I 75,I 75 and S Marietta Pkwy,,Rear End,2,Rain,Wet,Daylight
2024-01-18T06:20:00.000,I 75,I 75 and S Marietta Pkwy,,Rear End,2,Clear,Dry,Dark-Not Lighted
2024-07-23T16:46:00.000,I 75,I 75 and S Marietta Pkwy,,Rear End,2,Clear,Dry,Daylight
2024-10-25T07:18:00.000,I 75,I 75 and S Marietta Pkwy,,Rear End,2,Clear,Dry,Daylight
2024-07-02T18:10:00.000,I 75,I 75 and S Marietta Pkwy,,Rear End,4,Clear,Dry,Daylight
2024-10-31T12:45:00.000,I 75,I 75 and S Marietta Pkwy,,Rear End,2,Clear,Dry,Daylight
2024-02-28T15:45:00.000,I 75,I 75 and S Marietta Pkwy,,Rear End,2,Rain,Wet,Daylight
2024-03-09T03:26:00.000,I 75,I 75 and S Marietta Pkwy,,Angle Crash,2,Rain,Wet,Dark-Not Lighted
2024-03-24T13:27:00.000,I 75,I 75 and S Marietta Pkwy,,Rear End,2,Cloudy,Dry,Daylight
2024-06-14T15:20:00.000,I 75,I 75 and S Marietta Pkwy,,Rear End,2,Cloudy,Dry,Daylight
2024-01-05T17:00:00.000,I 75,I 75 and S Marietta Pkwy,,Sideswipe-Same Direction,2,Cloudy,Dry,Daylight
2024-06-17T12:10:00.000,I 75,I 75 and S Marietta Pkwy,,Rear End,3,Clear,Dry,Daylight
2024-11-14T06:32:00.000,I 75,I 75 and S Marietta Pkwy,,Angle Crash,2,Rain,Wet,Dark-Not Lighted
2024-12-10T17:22:00.000,I 75,I 75 and S Marietta Pkwy,,Rear End,2,Clear,Wet,Dark-Not Lighted
2024-11-15T19:31:00.000,I 75,I 75 and S Marietta Pkwy,,Angle Crash,2,Cloudy,Dry,Dark-Lighted
2024-06-12T18:30:00.000,I 75,I 75 and S Marietta Pkwy,,Rear End,2,Cloudy,Dry,Daylight
2024-10-10T12:54:00.000,I 75,I 75 and S Marietta Pkwy,,Rear End,2,Clear,Dry,Daylight
2024-10-25T13:54:00.000,I 75,I 75 and S Marietta Pkwy,,Sideswipe-Same Direction,2,Clear,Dry,Daylight
2022-09-25T20:47:00.000,I 75,I 75 and S Marietta Pkwky,,Rear End,2,Clear,Dry,Dark-Lighted
2021-10-18T09:00:00.000,I 75,I 75 and S Marietta Pkway,,Rear End,2,Clear,Dry,Daylight
2021-10-08T05:00:00.000,I 75,I 75 and S Marietta Pk E - I75 N Expy,,Not a Collision with Motor Vehicle,1,Cloudy,Dry,Dark-Lighted
2022-09-30T13:09:00.000,I 75,I 75 and S Marietta Parway,,Rear End,2,Cloudy,Dry,Daylight
2023-12-12T18:32:00.000,I 75,I 75 and S Marietta Parkway Southea,,Sideswipe-Same Direction,2,Clear,Dry,Daylight
2024-01-25T12:40:00.000,I 75,I 75 and S Marietta Parkway Southea,,Rear End,2,Rain,Wet,Daylight
2020-08-11T12:56:00.000,I 75,I 75 and S Marietta Parkway Exit Ra,,Rear End,2,Clear,Dry,Daylight
2023-04-24T11:31:00.000,I 75,I 75 and S Marietta,,Rear End,2,Clear,Dry,Daylight
2023-07-22T00:00:00.000,I 75,I 75 and S Marietta,,Sideswipe-Same Direction,2,Clear,Dry,Dark-Lighted
2023-06-24T17:44:00.000,I 75,I 75 and S Marietta,,Angle Crash,4,Cloudy,Dry,Daylight
2023-06-27T08:41:00.000,I 75,I 75 and S Marietta,,Rear End,5,Cloudy,Dry,Daylight
2023-04-18T02:56:00.000,I 75,I 75 and S Marietta,,Angle Crash,2,Clear,Dry,Dark-Not Lighted
2020-03-12T09:26:00.000,I 75,I 75 and S Marietta,,Rear End,2,Cloudy,Dry,Daylight
2020-04-24T15:15:00.000,I 75,I 75 and S Marietta,,Sideswipe-Same Direction,3,Cloudy,Dry,Daylight
2023-04-28T22:35:00.000,I 75,I 75 and S Marietta,,Not a Collision with Motor Vehicle,1,Rain,Wet,Dark-Not Lighted
2023-06-19T23:14:00.000,I 75,I 75 and S Marietta,,Sideswipe-Same Direction,4,Cloudy,Dry,Dark-Not Lighted
2023-04-27T21:11:00.000,I 75,I 75 and S Marietta,,Sideswipe-Same Direction,2,Cloudy,Wet,Dark-Lighted
2023-05-23T06:16:00.000,I 75,I 75 and S Marietta,,Rear End,3,Rain,Wet,Dawn
2024-09-19T12:40:00.000,I 75,I 75 and S Marietta,,Rear End,3,Clear,Dry,Daylight
2024-10-09T04:25:00.000,I 75,I 75 and S Marietta,,Sideswipe-Same Direction,3,Clear,Dry,Dark-Not Lighted
2023-12-17T03:05:00.000,I 75,I 75 and S Marieta Pkwy Exit 263,,(None),1,(None),(None),(None)
2022-01-15T04:03:00.000,I 75,I 75 and S Maretta Pkwy,,Rear End,2,Clear,Dry,Dark-Not Lighted
2024-03-03T13:31:00.000,I 75,I 75 and S Maretta Pkwy,,Rear End,2,Cloudy,Dry,Daylight
2024-01-21T23:15:00.000,I 75,I 75 and S Mareitta Pkwy,,(None),2,(None),(None),(None)
2024-12-18T17:05:00.000,I 75,I 75 and S Mar Pkwy,,Rear End,2,Rain,Wet,Daylight
2021-07-29T21:54:00.000,I 75,I 75 and S Loop,,Sideswipe-Same Direction,2,Cloudy,Dry,Dark-Not Lighted
2022-10-03T10:22:00.000,I 75,I 75 and S Loop,,Rear End,2,Clear,Dry,Daylight
2024-05-03T02:50:00.000,I 75,I 75 and S Lee St,,Angle Crash,3,Clear,Dry,Dark-Lighted
2024-03-01T12:50:00.000,I 75,I 75 and S Hwy 85 Rp,,Rear End,2,Rain,Wet,Daylight
2023-04-18T06:34:00.000,I 75,I 75 and S Highway 85 Rp,,Angle Crash,2,Clear,Dry,Daylight
2022-10-29T00:35:00.000,I 75,I 75 and S Highway 85 Rp,,Sideswipe-Same Direction,3,Clear,Dry,Dark-Not Lighted
2022-10-17T15:36:00.000,I 75,I 75 and S Highway 85 Rp,,Rear End,2,Clear,Dry,Daylight
2023-01-15T22:39:00.000,I 75,I 75 and S Highway 85 Rp,,Sideswipe-Same Direction,2,Clear,Dry,Dark-Not Lighted
2022-10-21T15:48:00.000,I 75,I 75 and S Highway 82 Rp,,Rear End,3,Clear,Dry,Daylight
2021-08-26T11:45:00.000,I 75,I 75 and S Expy,,Rear End,2,Clear,Dry,Daylight
2020-11-12T11:51:00.000,I 75,I 75 and S Expy,,Sideswipe-Same Direction,2,Clear,Dry,Daylight
2020-01-02T15:39:00.000,I 75,I 75 and S Expy,,Rear End,2,Rain,Wet,Daylight
2020-12-09T14:40:00.000,I 75,I 75 and S Expy,,Sideswipe-Same Direction,2,Clear,Dry,Daylight
2021-03-03T06:49:00.000,I 75,I 75 and S Expressway Access Rd,,Not a Collision with Motor Vehicle,1,Clear,Wet,Dawn
2021-09-28T13:36:00.000,I 75,I 75 and S Expressway Access Rd,,Not a Collision with Motor Vehicle,1,Clear,Dry,Daylight
2021-06-24T19:40:00.000,I 75,I 75 and S Expressway Access Rd,,Rear End,2,Clear,Dry,Daylight
2022-12-15T07:32:00.000,I 75,I 75 and S Expressway Access Rd,,Not a Collision with Motor Vehicle,1,Cloudy,Wet,Daylight
2022-02-20T19:31:00.000,I 75,I 75 and S Expressway Access Rd,,Sideswipe-Same Direction,2,Clear,Dry,Daylight
2023-07-28T01:06:00.000,I 75,I 75 and S Expressway Access Rd,,Rear End,2,Clear,Dry,Dark-Not Lighted
2021-08-17T18:25:00.000,I 75,I 75 and S Dug Gap Rd,,Sideswipe-Same Direction,2,Clear,Dry,Daylight
2020-03-10T07:35:00.000,I 75,I 75 and S Cloud Springs Rd,,Not a Collision with Motor Vehicle,1,Rain,Wet,Dark-Not Lighted
2022-04-20T08:39:00.000,I 75,I 75 and S Centrl Ave,,Sideswipe-Same Direction,2,Clear,Dry,Daylight
2021-10-27T15:50:00.000,I 75,I 75 and S Centrel Ave,,Not a Collision with Motor Vehicle,2,Clear,Dry,Daylight
2022-06-16T20:15:00.000,I 75,I 75 and S Central Ave Mm60,,Sideswipe-Same Direction,2,Clear,Dry,Daylight
2023-12-03T00:20:00.000,I 75,I 75 and S Central Ave Exit 60,,Not a Collision with Motor Vehicle,1,Rain,Wet,Dark-Lighted
2024-01-01T14:35:00.000,I 75,I 75 and S Central Ave Exit 60,,Sideswipe-Same Direction,3,Clear,Dry,Daylight
2021-02-17T02:09:00.000,I 75,I 75 and S Central Ave,,Rear End,2,Clear,Dry,Dark-Lighted
2021-02-17T01:04:00.000,I 75,I 75 and S Central Ave,,Rear End,2,Clear,Dry,Dark-Lighted
2021-12-03T20:45:00.000,I 75,I 75 and S Central Ave,,Rear End,2,Clear,Dry,Dark-Lighted
2020-02-19T22:22:00.000,I 75,I 75 and S Central Ave,,Sideswipe-Same Direction,2,Clear,Dry,Dark-Lighted
2020-04-22T18:37:00.000,I 75,I 75 and S Central Ave,,Angle Crash,2,Clear,Dry,Daylight
2020-09-25T03:46:00.000,I 75,I 75 and S Central Ave,,Not a Collision with Motor Vehicle,1,Clear,Dry,Dark-Not Lighted
2020-03-04T00:30:00.000,I 75,I 75 and S Central Ave,,Sideswipe-Same Direction,2,Cloudy,Wet,Dark-Lighted
2020-03-09T19:19:00.000,I 75,I 75 and S Central Ave,,Rear End,2,Clear,Dry,Daylight
2020-02-16T13:10:00.000,I 75,I 75 and S Central Ave,,Not a Collision with Motor Vehicle,1,Cloudy,Wet,Daylight
2020-02-19T12:20:00.000,I 75,I 75 and S Central Ave,,Sideswipe-Same Direction,2,Clear,Dry,Daylight
2020-10-03T06:24:00.000,I 75,I 75 and S Central Ave,,Head On,1,Clear,Dry,Dark-Lighted
2020-11-11T05:57:00.000,I 75,I 75 and S Central Ave,,Not a Collision with Motor Vehicle,1,Cloudy,Wet,Dark-Lighted
2020-07-25T05:08:00.000,I 75,I 75 and S Central Ave,,Not a Collision with Motor Vehicle,1,Clear,Dry,Dark-Lighted
2020-03-02T22:10:00.000,I 75,I 75 and S Central Ave,,Sideswipe-Same Direction,2,Clear,Dry,Dark-Not Lighted
2020-06-26T21:05:00.000,I 75,I 75 and S Central Ave,,Head On,1,Clear,Dry,Dark-Lighted
2022-11-10T21:05:00.000,I 75,I 75 and S Central Ave,,Not a Collision with Motor Vehicle,1,Rain,Wet,Dark-Not Lighted
2022-12-07T08:50:00.000,I 75,I 75 and S Central Ave,,Sideswipe-Same Direction,3,Clear,Dry,Daylight
2023-11-30T18:54:00.000,I 75,I 75 and S Central Ave,,Sideswipe-Same Direction,2,Clear,Dry,Dark-Lighted
2021-05-12T18:48:00.000,I 75,I 75 and S Calhoun Byp,,Sideswipe-Same Direction,2,Cloudy,Wet,Daylight
2021-12-16T05:39:00.000,I 75,I 75 and S Calhoun Byp,,Sideswipe-Same Direction,2,Cloudy,Dry,Dark-Not Lighted
2021-11-20T14:44:00.000,I 75,I 75 and S Calhoun Byp,,Sideswipe-Same Direction,2,Clear,Dry,Daylight
2022-01-01T01:19:00.000,I 75,I 75 and S Bound Exit Rp,,Head On,2,Clear,Dry,Dark-Lighted
2022-01-07T16:10:00.000,I 75,I 75 and S Bound Exit Ramp Exit 353,,Sideswipe-Same Direction,2,Clear,Dry,Daylight
2024-11-13T08:12:00.000,I 75,I 75 and S Bound Exit  350,,Rear End,2,Clear,Dry,Daylight
2020-12-07T16:35:00.000,I 75,I 75 and S  Marietta Pkwy,,Rear End,2,Cloudy,Dry,Daylight
2021-02-26T15:35:00.000,I 75,I 75 and S  Marietta Pkwy,,Sideswipe-Same Direction,2,Cloudy,Wet,Daylight
2022-03-31T13:38:00.000,I 75,I 75 and S  Marietta Pkwy,,Sideswipe-Same Direction,2,Clear,Dry,Daylight
2022-07-12T17:36:00.000,I 75,I 75 and S  I75 Expy,,Angle Crash,2,Clear,Dry,Daylight
2024-10-01T15:37:00.000,I 75,I 75 and Russell Pkwy Opas,,Sideswipe-Same Direction,2,Clear,Dry,Daylight
2021-03-04T12:30:00.000,I 75,I 75 and Russell Pkwy,,Sideswipe-Same Direction,2,Clear,Dry,Daylight
2023-07-01T15:35:00.000,I 75,I 75 and Russell Pkwy,,Angle Crash,2,Clear,Dry,Daylight
2023-04-02T14:48:00.000,I 75,I 75 and Russell Pkwy,,Rear End,2,Clear,Dry,Daylight
2022-12-09T19:34:00.000,I 75,I 75 and Russell Pkwy,,Rear End,2,Clear,Dry,Dark-Not Lighted
2022-07-26T17:25:00.000,I 75,I 75 and Russell Pkwy,,Rear End,2,Clear,Dry,Daylight
2022-02-20T19:11:00.000,I 75,I 75 and Russell Pkwy,,Sideswipe-Same Direction,2,Clear,Dry,Dark-Not Lighted
2022-12-09T00:15:00.000,I 75,I 75 and Russell Pkwy,,Not a Collision with Motor Vehicle,1,Cloudy,Dry,Dark-Not Lighted
2023-07-29T16:37:00.000,I 75,I 75 and Russell Pkwy,,Rear End,2,Clear,Dry,Daylight
2023-05-07T19:11:00.000,I 75,I 75 and Russell Pkwy,,Rear End,2,Clear,Dry,Daylight
2023-08-05T18:12:00.000,I 75,I 75 and Russell Pkwy,,Not a Collision with Motor Vehicle,1,Clear,Dry,Daylight
2024-06-22T16:25:00.000,I 75,I 75 and Russell Pkwy,,Rear End,2,Clear,Dry,Daylight
2024-12-21T12:31:00.000,I 75,I 75 and Russell Pkwy,,Rear End,2,Clear,Dry,Daylight
2021-03-14T15:48:00.000,I 75,I 75 and Russell Parkway Opas,,Rear End,3,Clear,Dry,Daylight
2021-01-01T00:17:00.000,I 75,I 75 and Rumble Rd,,Rear End,2,Fog,Wet,Dark-Not Lighted
2021-06-10T21:10:00.000,I 75,I 75 and Rumble Rd,,Not a Collision with Motor Vehicle,2,Clear,Dry,Dark-Lighted
2021-11-24T08:17:00.000,I 75,I 75 and Rumble Rd,,Rear End,4,Clear,Dry,Daylight
2024-12-12T14:55:00.000,I 75,I 75 and Rudys Ln,,Sideswipe-Same Direction,2,Clear,Dry,Daylight
2021-09-22T06:00:00.000,I 75,I 75 and Route 3,,Not a Collision with Motor Vehicle,1,Clear,Dry,Daylight
2023-03-10T14:05:00.000,I 75,I 75 and Rountree Bridge Road Exit 41,,Not a Collision with Motor Vehicle,1,Rain,Wet,Daylight
2023-06-03T10:45:00.000,I 75,I 75 and Rountree Bridge Road Exit 41,,Rear End,2,Clear,Dry,Daylight
2024-06-23T11:50:00.000,I 75,I 75 and Rountree Bridge Rd Exit 41,,Sideswipe-Same Direction,2,Clear,Dry,Daylight
2020-05-24T06:00:00.000,I 75,I 75 and Rountree Bridge Rd,,Not a Collision with Motor Vehicle,1,Clear,Dry,Daylight
2020-12-20T13:45:00.000,I 75,I 75 and Rountree Bridge Rd,,Not a Collision with Motor Vehicle,2,Rain,Wet,Daylight
2021-08-15T15:20:00.000,I 75,I 75 and Rountree Bridge Rd,,Rear End,4,Rain,Wet,Daylight
2022-03-29T13:47:00.000,I 75,I 75 and Rountree Bridge Rd,,Sideswipe-Same Direction,2,Clear,Dry,Daylight
2024-07-06T13:50:00.000,I 75,I 75 and Rountree Bridge Rd,,Not a Collision with Motor Vehicle,1,Cloudy,Dry,Daylight
2024-08-09T19:00:00.000,I 75,I 75 and Rountree Bridge Rd,,Not a Collision with Motor Vehicle,1,Rain,Wet,Daylight
2024-04-03T22:32:00.000,I 75,I 75 and Roundtree Bridge Road Exit 41,,Rear End,2,Clear,Dry,Dark-Not Lighted
2024-03-26T17:30:00.000,I 75,I 75 and Roundtree Bridge Road Exit 41,,Not a Collision with Motor Vehicle,2,Cloudy,Wet,Daylight
2021-05-18T01:30:00.000,I 75,I 75 and Roundtree Bridge Rd,,Sideswipe-Same Direction,1,Clear,Dry,Dark-Not Lighted
2022-03-23T10:55:00.000,I 75,I 75 and Roundtree Bridge Rd,,Not a Collision with Motor Vehicle,1,Rain,Wet,Daylight
2022-07-29T23:21:00.000,I 75,I 75 and Roundtree Bridge Rd,,Not a Collision with Motor Vehicle,1,Clear,Dry,Dark-Not Lighted
2024-05-21T11:50:00.000,I 75,I 75 and Roundtree Bridge Rd,,Sideswipe-Same Direction,2,Clear,Dry,Daylight
2023-10-07T14:20:00.000,I 75,I 75 and Roundtree Bridge,,Sideswipe-Same Direction,2,Clear,Dry,Daylight
2023-10-26T14:40:00.000,I 75,I 75 and Roswell Street Northeast,,Rear End,2,Cloudy,Dry,Daylight
2023-01-12T16:46:00.000,I 75,I 75 and Roswell St,,Rear End,2,Cloudy,Wet,Dusk
2023-02-14T09:02:00.000,I 75,I 75 and Roswell St,,Rear End,2,Clear,Dry,Daylight
2023-02-10T08:23:00.000,I 75,I 75 and Roswell Road Underpass,,Rear End,2,Clear,Dry,Daylight
2024-09-23T09:11:00.000,I 75,I 75 and Roswell Road Underpass,,Rear End,3,Clear,Dry,Daylight
2024-10-07T15:44:00.000,I 75,I 75 and Roswell Road Underpass,,Rear End,2,Clear,Dry,Daylight
2023-12-11T06:25:00.000,I 75,I 75 and Roswell Road Southeast,,Sideswipe-Same Direction,3,Cloudy,Dry,Dark-Not Lighted
2023-10-31T18:20:00.000,I 75,I 75 and Roswell Road Northeast,,Rear End,2,Clear,Dry,Daylight
2024-09-25T12:35:00.000,I 75,I 75 and Roswell Road Brg,,Sideswipe-Same Direction,2,Cloudy,Dry,Daylight
2024-07-29T02:56:00.000,I 75,I 75 and Roswell Rd. Brg,,Not a Collision with Motor Vehicle,1,Cloudy,Wet,Dark-Not Lighted
2021-02-11T17:43:00.000,I 75,I 75 and Roswell Rd Underpass,,Head On,2,Rain,Wet,Daylight
2023-02-17T09:05:00.000,I 75,I 75 and Roswell Rd Underpass,,Sideswipe-Same Direction,2,Rain,Wet,Daylight
2021-08-12T13:01:00.000,I 75,I 75 and Roswell Rd Underpass,,Rear End,2,Cloudy,Dry,Daylight
2022-06-17T11:28:00.000,I 75,I 75 and Roswell Rd Opas,,Rear End,2,Clear,Dry,Daylight
2022-07-30T02:39:00.000,I 75,I 75 and Roswell Rd Brdg,,Rear End,3,Clear,Wet,Dark-Not Lighted
2021-03-06T12:10:00.000,I 75,I 75 and Roswell Rd,,Sideswipe-Same Direction,2,Cloudy,Dry,Daylight
2021-04-21T15:53:00.000,I 75,I 75 and Roswell Rd,,Sideswipe-Same Direction,2,Cloudy,Dry,Daylight
2021-03-22T23:49:00.000,I 75,I 75 and Roswell Rd,,Sideswipe-Same Direction,2,Clear,Dry,Dark-Not Lighted
2021-02-02T17:26:00.000,I 75,I 75 and Roswell Rd,,Sideswipe-Same Direction,2,Clear,Dry,Daylight
2021-06-30T02:58:00.000,I 75,I 75 and Roswell Rd,,Rear End,2,Clear,Dry,Dark-Lighted
2021-05-11T17:50:00.000,I 75,I 75 and Roswell Rd,,Sideswipe-Same Direction,2,Cloudy,Dry,Daylight
2021-02-07T13:50:00.000,I 75,I 75 and Roswell Rd,,Rear End,2,Cloudy,Dry,Daylight
2021-09-24T17:03:00.000,I 75,I 75 and Roswell Rd,,Rear End,2,Clear,Dry,Daylight
2021-08-13T18:10:00.000,I 75,I 75 and Roswell Rd,,Rear End,2,Clear,Dry,Daylight
2021-09-09T13:25:00.000,I 75,I 75 and Roswell Rd,,Rear End,2,Clear,Dry,Daylight
2021-02-06T11:10:00.000,I 75,I 75 and Roswell Rd,,Rear End,2,Clear,Dry,Daylight
2021-01-23T16:40:00.000,I 75,I 75 and Roswell Rd,,Rear End,2,Clear,Dry,Daylight
2021-07-21T16:25:00.000,I 75,I 75 and Roswell Rd,,Sideswipe-Same Direction,2,Cloudy,Dry,Daylight
2020-01-17T03:12:00.000,I 75,I 75 and Roswell Rd,,Rear End,2,Clear,Dry,Dark-Lighted
2023-11-29T18:20:00.000,I 75,I 75 and Roswell Rd,,Sideswipe-Same Direction,3,Clear,Dry,Daylight
2023-11-21T19:08:00.000,I 75,I 75 and Roswell Rd,,Sideswipe-Same Direction,2,Rain,Wet,Dark-Lighted
2023-02-21T11:47:00.000,I 75,I 75 and Roswell Rd,,Rear End,3,Rain,Wet,Daylight
2023-03-17T13:20:00.000,I 75,I 75 and Roswell Rd,,Sideswipe-Same Direction,2,Rain,Wet,Daylight
2023-08-07T15:43:00.000,I 75,I 75 and Roswell Rd,,Rear End,3,Clear,Dry,Daylight
2023-02-01T15:39:00.000,I 75,I 75 and Roswell Rd,,Not a Collision with Motor Vehicle,1,Cloudy,Dry,Daylight
2023-07-22T17:39:00.000,I 75,I 75 and Roswell Rd,,Rear End,2,Clear,Dry,Daylight
2023-12-14T10:07:00.000,I 75,I 75 and Roswell Rd,,(None),2,(None),(None),(None)
2023-02-14T09:02:00.000,I 75,I 75 and Roswell Rd,,Rear End,2,Clear,Dry,Daylight
2023-07-21T16:55:00.000,I 75,I 75 and Roswell Rd,,Rear End,2,Cloudy,Dry,Daylight
2022-08-20T05:06:00.000,I 75,I 75 and Roswell Rd,,Angle Crash,2,Clear,Dry,Dark-Not Lighted
2022-07-30T16:05:00.000,I 75,I 75 and Roswell Rd,,Rear End,2,Cloudy,Dry,Daylight
2022-12-28T15:16:00.000,I 75,I 75 and Roswell Rd,,Sideswipe-Same Direction,2,Clear,Dry,Daylight
2022-11-22T18:45:00.000,I 75,I 75 and Roswell Rd,,Not a Collision with Motor Vehicle,1,Clear,Dry,Dark-Not Lighted
2022-05-14T16:53:00.000,I 75,I 75 and Roswell Rd,,Sideswipe-Same Direction,2,Cloudy,Dry,Daylight
2022-11-14T08:38:00.000,I 75,I 75 and Roswell Rd,,Not a Collision with Motor Vehicle,1,Clear,Dry,Daylight
2023-05-21T23:12:00.000,I 75,I 75 and Roswell Rd,,Sideswipe-Same Direction,2,Clear,Dry,Dark-Not Lighted
2020-08-14T05:00:00.000,I 75,I 75 and Roswell Rd,,Sideswipe-Same Direction,2,Clear,Dry,Dark-Lighted
2020-09-25T13:11:00.000,I 75,I 75 and Roswell Rd,,Rear End,2,Cloudy,Wet,Daylight
2020-01-23T08:33:00.000,I 75,I 75 and Roswell Rd,,Rear End,3,Rain,Wet,Daylight
2020-02-25T06:48:00.000,I 75,I 75 and Roswell Rd,,Rear End,2,Cloudy,Wet,Dark-Not Lighted
2020-10-16T15:21:00.000,I 75,I 75 and Roswell Rd,,Rear End,2,Clear,Dry,Daylight
2020-09-01T09:00:00.000,I 75,I 75 and Roswell Rd,,Rear End,3,Clear,Dry,Daylight
2020-02-13T21:59:00.000,I 75,I 75 and Roswell Rd,,Sideswipe-Same Direction,2,Cloudy,Dry,Dark-Not Lighted
2020-05-27T15:20:00.000,I 75,I 75 and Roswell Rd,,Rear End,3,Rain,Wet,Daylight