Date and Time,Roadway (From Crash Report),Intersection Name (from Crash Report),KABCO Severity,Manner of Collision (Crash Level) ,# of Vehicles per crash ,Weather Conditions (Crash Level),Surface Condition (Crash Level) ,Light Conditions (Crash Level)
2021-01-09T12:18:00.000,I 75,I 75 and Roswell Rd,,Rear End,2,Cloudy,Dry,Daylight
2021-04-23T08:15:00.000,I 75,I 75 and Roswell Rd,,Not a Collision with Motor Vehicle,2,Cloudy,Dry,Daylight
2021-04-24T22:06:00.000,I 75,I 75 and Roswell Rd,,Angle Crash,2,Rain,Wet,Dark-Lighted
2021-06-26T13:56:00.000,I 75,I 75 and Roswell Rd,,Rear End,2,Clear,Dry,Daylight
2021-05-24T17:04:00.000,I 75,I 75 and Roswell Rd,,Rear End,2,Cloudy,Dry,Daylight
2021-06-15T13:45:00.000,I 75,I 75 and Roswell Rd,,Rear End,2,Clear,Dry,Daylight
2021-10-21T07:50:00.000,I 75,I 75 and Roswell Rd,,Sideswipe-Same Direction,2,Cloudy,Dry,Daylight
2021-07-26T16:42:00.000,I 75,I 75 and Roswell Rd,,Not a Collision with Motor Vehicle,1,Cloudy,Dry,Daylight
2021-12-17T14:35:00.000,I 75,I 75 and Roswell Rd,,Sideswipe-Same Direction,2,Cloudy,Dry,Daylight
2022-04-05T09:10:00.000,I 75,I 75 and Roswell Rd,,Not a Collision with Motor Vehicle,1,Rain,Water (standing or moving),Dusk
2021-09-01T09:30:00.000,I 75,I 75 and Roswell Rd,,Rear End,3,Clear,Dry,Daylight
2022-06-23T17:35:00.000,I 75,I 75 and Roswell Rd,,Rear End,2,Clear,Dry,Daylight
2022-10-08T02:38:00.000,I 75,I 75 and Roswell Rd,,Rear End,2,Clear,Dry,Dark-Lighted
2022-06-08T15:15:00.000,I 75,I 75 and Roswell Rd,,Sideswipe-Same Direction,2,Cloudy,Dry,Daylight
2022-04-22T11:18:00.000,I 75,I 75 and Roswell Rd,,Rear End,2,Clear,Dry,Daylight
2021-07-21T20:00:00.000,I 75,I 75 and Roswell Rd,,Angle Crash,2,Cloudy,Dry,Daylight
2022-07-18T08:56:00.000,I 75,I 75 and Roswell Rd,,Sideswipe-Same Direction,2,Clear,Dry,Daylight
2022-11-14T08:38:00.000,I 75,I 75 and Roswell Rd,,Not a Collision with Motor Vehicle,1,Clear,Dry,Daylight
2022-06-29T17:02:00.000,I 75,I 75 and Roswell Rd,,Rear End,2,Clear,Dry,Daylight
2022-11-14T08:38:00.000,I 75,I 75 and Roswell Rd,,Not a Collision with Motor Vehicle,1,Clear,Dry,Daylight
2022-08-05T17:45:00.000,I 75,I 75 and Roswell Rd,,Sideswipe-Same Direction,2,Clear,Wet,Daylight
2022-10-13T16:50:00.000,I 75,I 75 and Roswell Rd,,Sideswipe-Same Direction,2,Clear,Dry,Daylight
2022-05-10T22:52:00.000,I 75,I 75 and Roswell Rd,,Sideswipe-Same Direction,2,Clear,Dry,Dark-Not Lighted
2022-05-19T15:20:00.000,I 75,I 75 and Roswell Rd,,Sideswipe-Same Direction,2,Clear,Dry,Daylight
2022-12-12T17:50:00.000,I 75,I 75 and Roswell Rd,,Rear End,2,Cloudy,Dry,Dusk
2022-11-25T08:05:00.000,I 75,I 75 and Roswell Rd,,Sideswipe-Same Direction,2,Cloudy,Wet,Daylight
2022-10-07T12:46:00.000,I 75,I 75 and Roswell Rd,,Rear End,2,Clear,Dry,Daylight
2022-06-15T00:11:00.000,I 75,I 75 and Roswell Rd,,Rear End,2,Clear,Dry,Dark-Not Lighted
2022-12-06T15:31:00.000,I 75,I 75 and Roswell Rd,,Sideswipe-Same Direction,3,Cloudy,Wet,Daylight
2022-02-10T17:55:00.000,I 75,I 75 and Roswell Rd,,Angle Crash,2,Clear,Dry,Daylight
2022-03-26T15:58:00.000,I 75,I 75 and Roswell Rd,,Rear End,2,Clear,Dry,Daylight
2022-03-06T01:30:00.000,I 75,I 75 and Roswell Rd,,Sideswipe-Same Direction,2,Cloudy,Dry,Dark-Lighted
2024-09-18T22:47:00.000,I 75,I 75 and Roswell Rd,,Sideswipe-Same Direction,2,Clear,Dry,Dark-Lighted
2024-04-21T05:29:00.000,I 75,I 75 and Roswell Rd,,Sideswipe-Same Direction,2,Cloudy,Wet,Dark-Not Lighted
2024-10-15T19:10:00.000,I 75,I 75 and Roswell Rd,,Sideswipe-Same Direction,2,Clear,Dry,Dark-Lighted
2024-04-17T09:13:00.000,I 75,I 75 and Roswell Rd,,Not a Collision with Motor Vehicle,1,Cloudy,Dry,Daylight
2024-05-09T17:12:00.000,I 75,I 75 and Roswell Rd,,Rear End,2,Clear,Dry,Daylight
2024-01-14T11:45:00.000,I 75,I 75 and Roswell Rd,,(None),2,(None),(None),(None)
2024-07-29T00:50:00.000,I 75,I 75 and Roswell Rd,,Not a Collision with Motor Vehicle,1,Clear,Wet,Dark-Not Lighted
2024-07-23T15:23:00.000,I 75,I 75 and Roswell Rd,,Sideswipe-Same Direction,2,Cloudy,Dry,Daylight
2024-08-06T18:20:00.000,I 75,I 75 and Roswell Rd,,Not a Collision with Motor Vehicle,1,Clear,Dry,Daylight
2024-11-15T16:02:00.000,I 75,I 75 and Roswell Rd,,Rear End,2,Clear,Dry,Daylight
2023-10-10T12:32:00.000,I 75,I 75 and Roswell Rd,,Rear End,3,Clear,Dry,Daylight
2023-10-26T07:02:00.000,I 75,I 75 and Roswell Rd,,(None),2,(None),(None),(None)
2023-02-03T18:24:00.000,I 75,I 75 and Roswell Rd,,Rear End,2,Cloudy,Dry,Daylight
2023-12-01T16:44:00.000,I 75,I 75 and Roswell Rd,,Rear End,3,Cloudy,Wet,Daylight
2023-05-10T14:26:00.000,I 75,I 75 and Roswell Rd,,Angle Crash,3,Clear,Dry,Daylight
2023-09-22T18:43:00.000,I 75,I 75 and Roswell Rd,,Rear End,2,Clear,Dry,Daylight
2023-02-28T19:13:00.000,I 75,I 75 and Roswell Rd,,Rear End,2,Cloudy,Dry,Dark-Not Lighted
2023-07-22T17:39:00.000,I 75,I 75 and Roswell Rd,,Rear End,2,Clear,Dry,Daylight
2023-06-30T14:43:00.000,I 75,I 75 and Roswell Rd,,Rear End,2,Rain,Wet,Daylight
2023-09-22T17:09:00.000,I 75,I 75 and Roswell Rd,,Sideswipe-Same Direction,2,Clear,Dry,Daylight
2024-05-16T08:53:00.000,I 75,I 75 and Roswell Rd,,Rear End,3,Clear,Dry,Daylight
2024-08-29T16:27:00.000,I 75,I 75 and Roswell Rd,,Sideswipe-Same Direction,2,Clear,Dry,Daylight
2024-03-28T23:54:00.000,I 75,I 75 and Roswell Rd,,Sideswipe-Same Direction,2,Clear,Dry,Dark-Not Lighted
2024-07-15T14:44:00.000,I 75,I 75 and Roswell Rd,,Not a Collision with Motor Vehicle,1,Clear,Dry,Daylight
2024-08-13T16:45:00.000,I 75,I 75 and Roswell Rd,,Rear End,2,Clear,Dry,Daylight
2024-01-16T10:23:00.000,I 75,I 75 and Roswell Rd,,Sideswipe-Same Direction,2,Clear,Wet,Daylight
2024-06-28T23:00:00.000,I 75,I 75 and Roswell Rd,,Not a Collision with Motor Vehicle,1,Clear,Dry,Dark-Not Lighted
2024-06-18T14:04:00.000,I 75,I 75 and Roswell Rd,,Head On,1,Clear,Dry,Daylight
2024-06-26T16:33:00.000,I 75,I 75 and Roswell Rd,,Sideswipe-Same Direction,2,Cloudy,Dry,Daylight
2024-02-19T17:50:00.000,I 75,I 75 and Roswell Rd,,Rear End,2,Clear,Dry,Daylight
2024-06-06T08:52:00.000,I 75,I 75 and Roswell Rd,,Rear End,2,Clear,Dry,Daylight
2024-10-22T08:24:00.000,I 75,I 75 and Roswell Rd,,Rear End,2,Clear,Dry,Daylight
2024-06-13T18:37:00.000,I 75,I 75 and Roswell Rd,,Rear End,2,Clear,Dry,Daylight
2024-07-13T18:53:00.000,I 75,I 75 and Roswell Rd,,Sideswipe-Same Direction,2,Cloudy,Dry,Daylight
2024-11-18T07:36:00.000,I 75,I 75 and Roswell Rd,,Rear End,2,Clear,Dry,Daylight
2024-03-29T18:36:00.000,I 75,I 75 and Roswell Rd,,Rear End,2,Clear,Dry,Daylight
2024-11-21T15:51:00.000,I 75,I 75 and Roswell,,Sideswipe-Same Direction,2,Clear,Dry,Daylight
2024-11-17T12:45:00.000,I 75,I 75 and Roswell,,Sideswipe-Same Direction,2,Clear,Dry,Daylight
2023-01-09T05:07:00.000,I 75,I 75 and Rosewell Rd,,Sideswipe-Same Direction,2,Cloudy,Dry,Dark-Lighted
2021-02-13T16:50:00.000,I 75,I 75 and Rome Rd,,Not a Collision with Motor Vehicle,1,Cloudy,Wet,Daylight
2022-06-09T09:35:00.000,I 75,I 75 and Rocky Creek Rp,,Rear End,2,Clear,Dry,Daylight
2022-07-30T14:00:00.000,I 75,I 75 and Rocky Creek Rd.,,Not a Collision with Motor Vehicle,1,Rain,Water (standing or moving),Daylight
2021-12-27T20:24:00.000,I 75,I 75 and Rocky Creek Rd Opas,,Sideswipe-Same Direction,2,Clear,Dry,Dark-Not Lighted
2022-03-31T08:58:00.000,I 75,I 75 and Rocky Creek Rd Mile Marker 160 B,,Not a Collision with Motor Vehicle,1,Rain,Wet,Daylight
2023-03-27T00:00:00.000,I 75,I 75 and Rocky Creek Rd Exit Rp,,Not a Collision with Motor Vehicle,1,Rain,Wet,Daylight
2020-11-29T21:55:00.000,I 75,I 75 and Rocky Creek Rd Entrance Rmp,,Not a Collision with Motor Vehicle,1,Rain,Wet,Dark-Lighted
2021-04-19T07:16:00.000,I 75,I 75 and Rocky Creek Rd,,Sideswipe-Same Direction,2,Clear,Dry,Dark-Not Lighted
2021-06-23T01:00:00.000,I 75,I 75 and Rocky Creek Rd,,Angle Crash,2,Clear,Dry,Dark-Lighted
2021-10-26T00:00:00.000,I 75,I 75 and Rocky Creek Rd,,Rear End,2,Clear,Dry,Dark-Not Lighted
2021-09-21T19:02:00.000,I 75,I 75 and Rocky Creek Rd,,Not a Collision with Motor Vehicle,1,Rain,Wet,Dark-Lighted
2021-06-12T23:00:00.000,I 75,I 75 and Rocky Creek Rd,,Not a Collision with Motor Vehicle,1,Rain,Wet,Dark-Not Lighted
2021-02-24T13:18:00.000,I 75,I 75 and Rocky Creek Rd,,Rear End,2,Clear,Dry,Daylight
2023-02-07T13:10:00.000,I 75,I 75 and Rocky Creek Rd,,Angle Crash,2,Clear,Dry,Daylight
2023-06-08T18:22:00.000,I 75,I 75 and Rocky Creek Rd,,Rear End,2,Clear,Dry,Daylight
2020-07-02T17:28:00.000,I 75,I 75 and Rocky Creek Rd,,Rear End,3,Rain,Wet,Daylight
2020-11-09T12:48:00.000,I 75,I 75 and Rocky Creek Rd,,Not a Collision with Motor Vehicle,1,Clear,Dry,Daylight
2022-08-21T19:59:00.000,I 75,I 75 and Rocky Creek Rd,,Not a Collision with Motor Vehicle,1,Rain,Wet,Dark-Not Lighted
2022-08-01T21:13:00.000,I 75,I 75 and Rocky Creek Rd,,Not a Collision with Motor Vehicle,1,Rain,Water (standing or moving),Dark-Lighted
2021-07-06T20:15:00.000,I 75,I 75 and Rocky Creek Rd,,Not a Collision with Motor Vehicle,1,Rain,Water (standing or moving),Dark-Not Lighted
2022-05-20T09:15:00.000,I 75,I 75 and Rocky Creek Rd,,Sideswipe-Same Direction,2,Clear,Dry,Daylight
2022-01-15T08:20:00.000,I 75,I 75 and Rocky Creek Rd,,Not a Collision with Motor Vehicle,1,Clear,Dry,Daylight
2022-08-21T00:55:00.000,I 75,I 75 and Rocky Creek Rd,,Not a Collision with Motor Vehicle,1,Rain,Wet,Dark-Not Lighted
2022-11-05T19:20:00.000,I 75,I 75 and Rocky Creek Rd,,Rear End,2,Clear,Wet,Dark-Lighted
2023-06-09T10:15:00.000,I 75,I 75 and Rocky Creek Rd,,Sideswipe-Same Direction,2,Clear,Dry,Daylight
2023-02-21T15:01:00.000,I 75,I 75 and Rocky Creek Rd,,Sideswipe-Same Direction,3,Clear,Dry,Daylight
2023-01-29T15:02:00.000,I 75,I 75 and Rocky Creek Rd,,Sideswipe-Same Direction,2,Clear,Dry,Daylight
2023-10-09T21:55:00.000,I 75,I 75 and Rocky Creek Rd,,Sideswipe-Same Direction,2,Clear,Dry,Dark-Lighted
2024-03-06T15:24:00.000,I 75,I 75 and Rocky Creek Rd,,Not a Collision with Motor Vehicle,1,Rain,Water (standing or moving),Daylight
2020-08-19T22:00:00.000,I 75,I 75 and Rocky Creek Exit 160B,,Not a Collision with Motor Vehicle,1,Rain,Wet,Dark-Not Lighted
2023-04-21T22:09:00.000,I 75,I 75 and Rocky Creek Exit,,Not a Collision with Motor Vehicle,1,Clear,Dry,Dark-Lighted
2021-11-06T09:54:00.000,I 75,I 75 and Rockhouse Rd,,Angle Crash,2,Cloudy,Dry,Daylight
2023-02-22T09:33:00.000,I 75,I 75 and Rockhouse Rd,,Rear End,2,Clear,Dry,Daylight
2020-07-24T00:00:00.000,I 75,I 75 and Rockhouse Rd,,Rear End,2,Cloudy,Dry,Daylight
2021-01-14T20:52:00.000,I 75,I 75 and Rockhouse Rd,,Sideswipe-Same Direction,2,Clear,Dry,Dark-Not Lighted
2022-02-06T19:42:00.000,I 75,I 75 and Rockhouse Rd,,Not a Collision with Motor Vehicle,1,Clear,Dry,Dark-Lighted
2022-11-24T12:50:00.000,I 75,I 75 and Rockhouse Rd,,Sideswipe-Same Direction,2,Clear,Dry,Daylight
2022-04-20T14:58:00.000,I 75,I 75 and Rockhouse Rd,,Not a Collision with Motor Vehicle,1,Clear,Dry,Daylight
2023-09-09T16:34:00.000,I 75,I 75 and Rockhouse Rd,,Not a Collision with Motor Vehicle,1,Cloudy,Dry,Daylight
2024-08-10T18:25:00.000,I 75,I 75 and Rockhouse Rd,,Not a Collision with Motor Vehicle,1,Clear,Dry,Daylight
2024-01-02T11:12:00.000,I 75,I 75 and Rockhouse Rd,,Not a Collision with Motor Vehicle,1,Clear,Dry,Daylight
2024-06-14T11:00:00.000,I 75,I 75 and Rockhouse Rd,,Not a Collision with Motor Vehicle,2,Clear,Dry,Daylight
2023-03-31T15:04:00.000,I 75,I 75 and Rockhouse Rd,,Not a Collision with Motor Vehicle,1,Clear,Dry,Daylight
2023-06-12T02:40:00.000,I 75,I 75 and Rockhouse Rd,,Rear End,2,Cloudy,Dry,Dark-Not Lighted
2023-10-02T20:03:00.000,I 75,I 75 and Rockhouse Rd,,Sideswipe-Same Direction,2,Clear,Dry,Dark-Not Lighted
2023-04-10T15:40:00.000,I 75,I 75 and Rockhouse Rd,,Not a Collision with Motor Vehicle,1,Clear,Dry,Daylight
2023-04-25T16:20:00.000,I 75,I 75 and Rockhouse Rd,,Sideswipe-Same Direction,2,Clear,Dry,Daylight
2024-07-02T11:00:00.000,I 75,I 75 and Rockhouse Rd,,Not a Collision with Motor Vehicle,1,Rain,Wet,Daylight
2024-06-28T15:15:00.000,I 75,I 75 and Rockhouse Rd,,Not a Collision with Motor Vehicle,1,Rain,Wet,Daylight
2024-01-02T07:25:00.000,I 75,I 75 and Rockhouse Rd,,Not a Collision with Motor Vehicle,1,Clear,Dry,Daylight
2024-03-14T10:45:00.000,I 75,I 75 and Rockhouse Rd,,Sideswipe-Same Direction,2,Clear,Dry,Daylight
2024-07-19T09:05:00.000,I 75,I 75 and Rockhouse Rd,,Not a Collision with Motor Vehicle,3,Clear,Dry,Daylight
2024-12-18T05:20:00.000,I 75,I 75 and Rockhouse Rd,,Rear End,3,Fog,Wet,Dark-Not Lighted
2024-07-25T03:36:00.000,I 75,I 75 and Rockhouse Rd,,Rear End,2,Cloudy,Dry,Dark-Not Lighted
2023-03-06T16:05:00.000,I 75,I 75 and Rock House Rd,,Rear End,2,Clear,Dry,Daylight
2022-12-31T20:30:00.000,I 75,I 75 and Rock House Rd,,Not a Collision with Motor Vehicle,1,Cloudy,Wet,Dark-Not Lighted
2021-04-15T18:42:00.000,I 75,I 75 and Robert Davis Rd,,Sideswipe-Same Direction,2,Cloudy,Wet,Daylight
2020-12-08T00:00:00.000,I 75,I 75 and Robert Davis Rd,,Not a Collision with Motor Vehicle,1,Clear,Dry,Daylight
2020-10-24T06:01:00.000,I 75,I 75 and Robert Davis Rd,,Rear End,2,Cloudy,Dry,Dark-Not Lighted
2020-09-09T11:10:00.000,I 75,I 75 and Robert Davis Rd,,Not a Collision with Motor Vehicle,1,Cloudy,Dry,Daylight
2020-07-05T11:56:00.000,I 75,I 75 and Robert Davis Rd,,Not a Collision with Motor Vehicle,2,Cloudy,Dry,Daylight
2023-10-12T20:50:00.000,I 75,I 75 and Riverview Rd,,Rear End,5,Cloudy,Dry,Dark-Not Lighted
2020-07-10T12:33:00.000,I 75,I 75 and Riverview Rd,,Angle Crash,3,Clear,Dry,Daylight
2020-12-24T09:44:00.000,I 75,I 75 and Riverside Exit Rp,,Not a Collision with Motor Vehicle,2,Rain,Wet,Daylight
2022-08-10T00:00:00.000,I 75,I 75 and Riverside Exit Rp,,Not a Collision with Motor Vehicle,2,Clear,Dry,Daylight
2021-04-01T12:11:00.000,I 75,I 75 and Riverside Dr Opas,,Rear End,3,Clear,Dry,Daylight
2020-09-11T15:52:00.000,I 75,I 75 and Riverside Dr Opas,,Rear End,2,Clear,Dry,Daylight
2024-10-03T12:30:00.000,I 75,I 75 and Riverside Dr Opas,,Sideswipe-Same Direction,2,Cloudy,Dry,Daylight
2020-02-20T15:01:00.000,I 75,I 75 and Riverside Dr Mile Marker 171,,Sideswipe-Same Direction,2,Rain,Wet,Daylight
2022-05-05T13:43:00.000,I 75,I 75 and Riverside Dr Mile Marker 171,,Rear End,2,Clear,Dry,Daylight
2022-11-25T07:47:00.000,I 75,I 75 and Riverside Dr Exit Rp,,Not a Collision with Motor Vehicle,1,Rain,Wet,Daylight
2022-01-05T06:42:00.000,I 75,I 75 and Riverside Dr Exit Rp,,Not a Collision with Motor Vehicle,1,Clear,Dry,Daylight
2021-12-04T07:07:00.000,I 75,I 75 and Riverside Dr Entry Rap,,Sideswipe-Opposite Direction,2,Clear,Dry,Daylight
2023-08-12T19:15:00.000,I 75,I 75 and Riverside Dr Entrance Rp,,Angle Crash,2,Rain,Water (standing or moving),Daylight
2022-03-15T09:24:00.000,I 75,I 75 and Riverside Dr Entrance Ramp Mm 171,,Sideswipe-Same Direction,2,Cloudy,Dry,Daylight
2021-02-09T09:51:00.000,I 75,I 75 and Riverside Dr,,Rear End,2,Cloudy,Dry,Daylight
2021-04-11T21:18:00.000,I 75,I 75 and Riverside Dr,,Rear End,6,Clear,Dry,Dark-Not Lighted
2021-03-09T15:38:00.000,I 75,I 75 and Riverside Dr,,Rear End,2,Clear,Dry,Daylight
2021-07-13T15:25:00.000,I 75,I 75 and Riverside Dr,,Rear End,2,Cloudy,Dry,Daylight
2021-06-24T22:26:00.000,I 75,I 75 and Riverside Dr,,Not a Collision with Motor Vehicle,1,Clear,Dry,Dark-Lighted
2021-02-06T13:48:00.000,I 75,I 75 and Riverside Dr,,Rear End,2,Rain,Wet,Daylight
2021-02-24T08:32:00.000,I 75,I 75 and Riverside Dr,,Not a Collision with Motor Vehicle,2,Clear,Dry,Daylight
2021-04-01T18:06:00.000,I 75,I 75 and Riverside Dr,,Rear End,2,Clear,Dry,Daylight
2021-11-11T09:48:00.000,I 75,I 75 and Riverside Dr,,Rear End,2,Clear,Wet,Daylight
2021-09-16T01:26:00.000,I 75,I 75 and Riverside Dr,,Not a Collision with Motor Vehicle,1,Rain,Wet,Dark-Lighted
2021-01-28T15:53:00.000,I 75,I 75 and Riverside Dr,,Rear End,2,Clear,Dry,Daylight
2021-05-08T18:30:00.000,I 75,I 75 and Riverside Dr,,Sideswipe-Same Direction,2,Clear,Dry,Daylight
2021-09-22T16:03:00.000,I 75,I 75 and Riverside Dr,,Rear End,2,Cloudy,Dry,Daylight
2021-02-06T12:42:00.000,I 75,I 75 and Riverside Dr,,Rear End,2,Rain,Wet,Daylight
2020-01-17T13:01:00.000,I 75,I 75 and Riverside Dr,,Rear End,2,Clear,Dry,Daylight
2020-07-29T17:53:00.000,I 75,I 75 and Riverside Dr,,Rear End,3,Clear,Dry,Daylight
2020-06-18T14:45:00.000,I 75,I 75 and Riverside Dr,,Sideswipe-Same Direction,3,Cloudy,Dry,Daylight
2023-08-20T02:05:00.000,I 75,I 75 and Riverside Dr,,Angle Crash,2,Clear,Dry,Dark-Lighted
2023-06-14T14:32:00.000,I 75,I 75 and Riverside Dr,,Angle Crash,2,Rain,Wet,Daylight
2023-05-22T09:22:00.000,I 75,I 75 and Riverside Dr,,Not a Collision with Motor Vehicle,1,Rain,Water (standing or moving),Dawn
2023-04-08T00:00:00.000,I 75,I 75 and Riverside Dr,,Not a Collision with Motor Vehicle,1,Rain,Wet,Daylight
2023-02-11T16:02:00.000,I 75,I 75 and Riverside Dr,,Not a Collision with Motor Vehicle,1,Rain,Wet,Daylight
2023-12-22T00:00:00.000,I 75,I 75 and Riverside Dr,,Sideswipe-Same Direction,2,Clear,Dry,Daylight
2023-11-26T18:01:00.000,I 75,I 75 and Riverside Dr,,Not a Collision with Motor Vehicle,2,Rain,Wet,Dark-Lighted
2023-04-03T21:08:00.000,I 75,I 75 and Riverside Dr,,Not a Collision with Motor Vehicle,1,Rain,Wet,Dark-Not Lighted
2023-03-27T06:39:00.000,I 75,I 75 and Riverside Dr,,Not a Collision with Motor Vehicle,1,Severe Thunderstorm or Tornadic,Water (standing or moving),Dark-Not Lighted
2023-05-24T21:10:00.000,I 75,I 75 and Riverside Dr,,Not a Collision with Motor Vehicle,2,Clear,Dry,Dark-Not Lighted
2023-03-12T11:35:00.000,I 75,I 75 and Riverside Dr,,Not a Collision with Motor Vehicle,1,Rain,Wet,Daylight
2023-11-01T07:47:00.000,I 75,I 75 and Riverside Dr,,Not a Collision with Motor Vehicle,1,Clear,Dry,Daylight
2023-10-03T17:07:00.000,I 75,I 75 and Riverside Dr,,Angle Crash,3,Clear,Dry,Daylight
2023-01-04T19:05:00.000,I 75,I 75 and Riverside Dr,,Rear End,2,Clear,Dry,Dark-Not Lighted
2023-05-12T06:11:00.000,I 75,I 75 and Riverside Dr,,Not a Collision with Motor Vehicle,1,Rain,Water (standing or moving),Dawn
2023-04-08T14:02:00.000,I 75,I 75 and Riverside Dr,,Not a Collision with Motor Vehicle,1,Rain,Wet,Daylight
2022-03-31T08:15:00.000,I 75,I 75 and Riverside Dr,,Not a Collision with Motor Vehicle,1,Rain,Wet,Daylight
2022-12-12T06:59:00.000,I 75,I 75 and Riverside Dr,,Not a Collision with Motor Vehicle,1,Rain,Wet,Dark-Lighted
2022-07-09T13:23:00.000,I 75,I 75 and Riverside Dr,,Not a Collision with Motor Vehicle,1,Rain,Wet,Daylight
2022-12-09T15:43:00.000,I 75,I 75 and Riverside Dr,,Rear End,2,Cloudy,Dry,Daylight
2020-09-28T17:12:00.000,I 75,I 75 and Riverside Dr,,Rear End,2,Cloudy,Dry,Daylight
2020-11-24T09:48:00.000,I 75,I 75 and Riverside Dr,,Sideswipe-Same Direction,2,Clear,Dry,Daylight
2020-11-18T15:43:00.000,I 75,I 75 and Riverside Dr,,Rear End,2,Clear,Dry,Daylight
2020-02-18T15:59:00.000,I 75,I 75 and Riverside Dr,,Not a Collision with Motor Vehicle,1,Rain,Wet,Daylight
2020-12-22T16:43:00.000,I 75,I 75 and Riverside Dr,,Rear End,2,Clear,Dry,Daylight
2020-01-22T16:15:00.000,I 75,I 75 and Riverside Dr,,Rear End,2,Cloudy,Dry,Daylight
2020-06-16T16:05:00.000,I 75,I 75 and Riverside Dr,,Not a Collision with Motor Vehicle,1,Clear,Dry,Daylight
2020-03-24T09:05:00.000,I 75,I 75 and Riverside Dr,,Sideswipe-Same Direction,2,Rain,Wet,Daylight
2020-02-18T08:10:00.000,I 75,I 75 and Riverside Dr,,Angle Crash,5,Rain,Wet,Daylight
2020-12-09T11:42:00.000,I 75,I 75 and Riverside Dr,,Sideswipe-Same Direction,2,Clear,Dry,Daylight
2020-09-04T16:12:00.000,I 75,I 75 and Riverside Dr,,Rear End,3,Clear,Dry,Daylight
2020-01-21T12:44:00.000,I 75,I 75 and Riverside Dr,,Sideswipe-Same Direction,2,Clear,Dry,Daylight
2020-11-05T12:52:00.000,I 75,I 75 and Riverside Dr,,Rear End,2,Clear,Dry,Daylight
2020-05-28T11:27:00.000,I 75,I 75 and Riverside Dr,,Rear End,2,Clear,Dry,Daylight
2020-12-16T13:04:00.000,I 75,I 75 and Riverside Dr,,Rear End,2,Cloudy,Wet,Daylight
2020-11-26T09:57:00.000,I 75,I 75 and Riverside Dr,,Not a Collision with Motor Vehicle,1,Rain,Wet,Daylight
2020-09-04T16:07:00.000,I 75,I 75 and Riverside Dr,,Rear End,2,Clear,Dry,Daylight
2020-11-26T12:03:00.000,I 75,I 75 and Riverside Dr,,Not a Collision with Motor Vehicle,1,Rain,Wet,Daylight
2021-02-13T10:52:00.000,I 75,I 75 and Riverside Dr,,Not a Collision with Motor Vehicle,1,Rain,Wet,Daylight
2021-05-22T06:23:00.000,I 75,I 75 and Riverside Dr,,Not a Collision with Motor Vehicle,1,Clear,Dry,Daylight
2021-04-09T17:18:00.000,I 75,I 75 and Riverside Dr,,Sideswipe-Same Direction,2,Cloudy,Dry,Daylight
2021-01-12T18:38:00.000,I 75,I 75 and Riverside Dr,,Rear End,2,Cloudy,Dry,Dark-Lighted
2021-11-30T17:32:00.000,I 75,I 75 and Riverside Dr,,Sideswipe-Same Direction,2,Clear,Dry,Daylight
2022-02-18T14:00:00.000,I 75,I 75 and Riverside Dr,,Rear End,2,Clear,Dry,Daylight
2021-10-31T16:37:00.000,I 75,I 75 and Riverside Dr,,Not a Collision with Motor Vehicle,1,Clear,Dry,Daylight
2022-08-22T15:03:00.000,I 75,I 75 and Riverside Dr,,Rear End,2,Rain,Wet,Daylight
2022-06-17T19:07:00.000,I 75,I 75 and Riverside Dr,,Rear End,3,Clear,Dry,Daylight
2022-02-16T08:11:00.000,I 75,I 75 and Riverside Dr,,Rear End,2,Clear,Dry,Daylight
2022-07-10T13:30:00.000,I 75,I 75 and Riverside Dr,,Not a Collision with Motor Vehicle,1,Clear,Dry,Daylight
2021-09-06T12:59:00.000,I 75,I 75 and Riverside Dr,,Rear End,2,Clear,Dry,Daylight
2022-05-22T13:19:00.000,I 75,I 75 and Riverside Dr,,Not a Collision with Motor Vehicle,1,Clear,Dry,Daylight
2022-11-18T14:46:00.000,I 75,I 75 and Riverside Dr,,Rear End,2,Clear,Dry,Daylight
2022-07-16T20:37:00.000,I 75,I 75 and Riverside Dr,,Not a Collision with Motor Vehicle,1,Clear,Dry,Daylight
2022-03-13T17:00:00.000,I 75,I 75 and Riverside Dr,,Rear End,2,Clear,Dry,Daylight
2022-05-03T06:20:00.000,I 75,I 75 and Riverside Dr,,Not a Collision with Motor Vehicle,1,Cloudy,Dry,Dawn
2022-03-31T07:23:00.000,I 75,I 75 and Riverside Dr,,Not a Collision with Motor Vehicle,1,Rain,Wet,Daylight
2022-08-27T13:14:00.000,I 75,I 75 and Riverside Dr,,Angle Crash,2,Rain,Water (standing or moving),Daylight
2022-04-29T14:46:00.000,I 75,I 75 and Riverside Dr,,Rear End,2,Clear,Dry,Daylight