Date and Time,Roadway (From Crash Report),Intersection Name (from Crash Report),KABCO Severity,Manner of Collision (Crash Level) ,# of Vehicles per crash ,Weather Conditions (Crash Level),Surface Condition (Crash Level) ,Light Conditions (Crash Level)
2022-09-04T14:48:00.000,I 75,I 75 and Riverside Dr,,Rear End,2,Rain,Wet,Daylight
2022-11-24T10:33:00.000,I 75,I 75 and Riverside Dr,,Rear End,2,Cloudy,Dry,Daylight
2022-02-04T15:25:00.000,I 75,I 75 and Riverside Dr,,Rear End,2,Rain,Wet,Daylight
2022-04-06T17:11:00.000,I 75,I 75 and Riverside Dr,,Angle Crash,2,Rain,Wet,Daylight
2022-07-07T18:39:00.000,I 75,I 75 and Riverside Dr,,Rear End,2,Cloudy,Dry,Daylight
2023-03-25T09:42:00.000,I 75,I 75 and Riverside Dr,,Not a Collision with Motor Vehicle,1,Rain,Wet,Daylight
2024-10-07T21:39:00.000,I 75,I 75 and Riverside Dr,,Rear End,3,Clear,Dry,Dark-Lighted
2024-11-06T15:17:00.000,I 75,I 75 and Riverside Dr,,Not a Collision with Motor Vehicle,1,Rain,Water (standing or moving),Daylight
2024-11-21T11:17:00.000,I 75,I 75 and Riverside Dr,,Rear End,2,Clear,Dry,Daylight
2024-12-07T13:34:00.000,I 75,I 75 and Riverside Dr,,Sideswipe-Same Direction,2,Clear,Dry,Daylight
2024-08-06T14:35:00.000,I 75,I 75 and Riverside Dr,,Head On,2,Clear,Dry,Daylight
2024-11-19T14:53:00.000,I 75,I 75 and Riverside Dr,,Not a Collision with Motor Vehicle,1,Rain,Water (standing or moving),Daylight
2023-10-11T21:16:00.000,I 75,I 75 and Riverside Dr,,Not a Collision with Motor Vehicle,1,Rain,Water (standing or moving),Dark-Not Lighted
2023-05-18T22:45:00.000,I 75,I 75 and Riverside Dr,,Not a Collision with Motor Vehicle,1,Clear,Dry,Dark-Not Lighted
2023-02-28T13:54:00.000,I 75,I 75 and Riverside Dr,,Rear End,2,Clear,Dry,Daylight
2023-10-12T07:45:00.000,I 75,I 75 and Riverside Dr,,Not a Collision with Motor Vehicle,1,Rain,Wet,Daylight
2023-02-13T12:41:00.000,I 75,I 75 and Riverside Dr,,Rear End,2,Clear,Dry,Daylight
2023-03-08T16:46:00.000,I 75,I 75 and Riverside Dr,,Rear End,2,Cloudy,Dry,Daylight
2023-05-22T07:49:00.000,I 75,I 75 and Riverside Dr,,Not a Collision with Motor Vehicle,1,Rain,Wet,Daylight
2023-08-02T17:03:00.000,I 75,I 75 and Riverside Dr,,Rear End,2,Clear,Dry,Daylight
2023-12-07T12:56:00.000,I 75,I 75 and Riverside Dr,,Rear End,2,Clear,Dry,Daylight
2024-03-26T18:22:00.000,I 75,I 75 and Riverside Dr,,Not a Collision with Motor Vehicle,1,Rain,Wet,Daylight
2024-01-09T08:20:00.000,I 75,I 75 and Riverside Dr,,Rear End,2,Severe Thunderstorm or Tornadic,Water (standing or moving),Daylight
2024-08-17T16:59:00.000,I 75,I 75 and Riverside Dr,,Not a Collision with Motor Vehicle,1,Rain,Wet,Daylight
2024-02-12T09:44:00.000,I 75,I 75 and Riverside Dr,,Angle Crash,2,Rain,Wet,Daylight
2024-03-01T20:00:00.000,I 75,I 75 and Riverside Dr,,Not a Collision with Motor Vehicle,1,Rain,Water (standing or moving),Dark-Lighted
2024-11-29T14:53:00.000,I 75,I 75 and Riverside Dr,,Rear End,2,Clear,Dry,Daylight
2024-05-06T04:02:00.000,I 75,I 75 and Riverside Dr,,Not a Collision with Motor Vehicle,1,Rain,Wet,Dark-Not Lighted
2024-03-22T15:54:00.000,I 75,I 75 and Riverside Dr,,Not a Collision with Motor Vehicle,1,Rain,Wet,Daylight
2024-02-09T20:56:00.000,I 75,I 75 and Riverside Dr,,Not a Collision with Motor Vehicle,1,Clear,Dry,Dark-Lighted
2024-12-13T18:26:00.000,I 75,I 75 and Riverside Dr,,Sideswipe-Same Direction,2,Clear,Dry,Dark-Lighted
2024-06-24T04:00:00.000,I 75,I 75 and Riverside Dr,,Not a Collision with Motor Vehicle,2,Clear,Dry,Dark-Lighted
2024-02-04T21:30:00.000,I 75,I 75 and Riverside Dr,,Not a Collision with Motor Vehicle,1,Rain,Wet,Dark-Not Lighted
2024-11-16T19:15:00.000,I 75,I 75 and Riverside Dr,,Angle Crash,2,Clear,Dry,Dark-Lighted
2024-10-03T09:41:00.000,I 75,I 75 and Riverside Dr,,Sideswipe-Same Direction,2,Cloudy,Dry,Daylight
2020-02-20T11:06:00.000,I 75,I 75 and Riverside,,Not a Collision with Motor Vehicle,1,Rain,Wet,Daylight
2020-02-20T11:35:00.000,I 75,I 75 and Riverside,,Rear End,3,Rain,Wet,Daylight
2021-07-20T20:49:00.000,I 75,I 75 and Riverdale Rd,,Rear End,2,Clear,Dry,Dark-Not Lighted
2021-07-11T04:05:00.000,I 75,I 75 and Riverdale Rd,,Rear End,2,Clear,Wet,Dark-Lighted
2024-03-14T16:56:00.000,I 75,I 75 and Riverdale Rd,,Rear End,2,Clear,Dry,Daylight
2024-08-16T13:15:00.000,I 75,I 75 and Riverdale Rd,,Rear End,2,Clear,Dry,Daylight
2022-02-16T16:20:00.000,I 75,I 75 and Riverdale Exit,,Rear End,2,Clear,Dry,Daylight
2023-10-22T21:25:00.000,I 75,I 75 and Riverdale,,Rear End,2,Clear,Dry,Dark-Lighted
2021-12-19T02:20:00.000,I 75,I 75 and Riverdale,,Sideswipe-Same Direction,2,Clear,Dry,Dawn
2020-08-18T23:07:00.000,I 75,I 75 and Ringgold Rd,,Sideswipe-Same Direction,2,Clear,Dry,Dark-Not Lighted
2020-03-13T13:54:00.000,I 75,I 75 and Ringgold Rd,,Rear End,2,Cloudy,Dry,Daylight
2022-10-05T07:45:00.000,I 75,I 75 and Ringgold Rd,,Rear End,4,Clear,Dry,Daylight
2022-04-24T13:45:00.000,I 75,I 75 and Ringgold Rd,,Angle Crash,2,Clear,Dry,Daylight
2022-04-18T03:00:00.000,I 75,I 75 and Ringgold Rd,,Angle Crash,2,Cloudy,Dry,Dark-Lighted
2024-12-24T08:05:00.000,I 75,I 75 and Richard Russell Pkwy,,Not a Collision with Motor Vehicle,1,Cloudy,Dry,Daylight
2022-07-22T09:48:00.000,I 75,I 75 and Rest Area On Rp,,Sideswipe-Same Direction,3,Cloudy,Dry,Daylight
2022-10-19T02:36:00.000,I 75,I 75 and Rest Area 34,,Rear End,3,Clear,Dry,Dark-Not Lighted
2023-01-22T15:38:00.000,I 75,I 75 and Rest Area 14,,Rear End,2,Rain,Wet,Daylight
2023-01-22T00:00:00.000,I 75,I 75 and Rest Area 14,,Not a Collision with Motor Vehicle,3,Rain,Wet,Daylight
2023-01-22T15:38:00.000,I 75,I 75 and Rest Area 14,,Not a Collision with Motor Vehicle,1,Rain,Wet,Daylight
2024-02-12T16:45:00.000,I 75,I 75 and Rest Area   9 Entrance,,Not a Collision with Motor Vehicle,1,Rain,Wet,Daylight
2020-03-06T03:35:00.000,I 75,I 75 and Resaca-Lafayette Road Hwy 136,,Rear End,2,Clear,Dry,Dark-Not Lighted
2020-09-05T19:07:00.000,I 75,I 75 and Resaca Lafayette Rd,,Angle Crash,2,Clear,Dry,Daylight
2024-11-23T02:09:00.000,I 75,I 75 and Resaca Lafayette,,Angle Crash,1,Clear,Dry,Dark-Not Lighted
2023-09-22T00:58:00.000,I 75,I 75 and Resaca Beach Blvd,,(None),2,(None),(None),(None)
2024-08-17T01:19:00.000,I 75,I 75 and Resaca Beach Blvd,,Not a Collision with Motor Vehicle,1,Severe Thunderstorm or Tornadic,Wet,Dark-Lighted
2022-02-07T16:18:00.000,I 75,I 75 and Redtop Mountain Rd,,Sideswipe-Same Direction,2,Clear,Dry,Daylight
2021-09-23T18:44:00.000,I 75,I 75 and Redbud Rd,,Rear End,2,Clear,Dry,Daylight
2020-06-24T17:49:00.000,I 75,I 75 and Redbud Rd,,Rear End,2,Cloudy,Wet,Daylight
2022-05-24T15:55:00.000,I 75,I 75 and Redbud Rd,,Rear End,2,Clear,Dry,Daylight
2020-05-29T11:57:00.000,I 75,I 75 and Redbud Rd,,Rear End,2,Clear,Dry,Daylight
2020-12-29T17:50:00.000,I 75,I 75 and Redbud Rd,,Rear End,2,Clear,Dry,Dark-Not Lighted
2020-12-24T18:50:00.000,I 75,I 75 and Redbud Rd,,Rear End,2,Cloudy,Wet,Dark-Not Lighted
2020-08-03T15:10:00.000,I 75,I 75 and Redbud Rd,,Not a Collision with Motor Vehicle,2,Cloudy,Wet,Daylight
2020-04-06T09:55:00.000,I 75,I 75 and Redbud Rd,,Sideswipe-Same Direction,2,Clear,Dry,Daylight
2020-02-14T14:30:00.000,I 75,I 75 and Redbud Rd,,Rear End,2,Clear,Dry,Daylight
2020-01-09T16:00:00.000,I 75,I 75 and Redbud Rd,,Rear End,2,Clear,Dry,Daylight
2020-08-03T15:10:00.000,I 75,I 75 and Redbud Rd,,Not a Collision with Motor Vehicle,2,Cloudy,Wet,Daylight
2022-02-17T10:50:00.000,I 75,I 75 and Redbud Rd,,Rear End,2,Cloudy,Dry,Daylight
2024-02-09T23:00:00.000,I 75,I 75 and Redbud Rd,,Rear End,1,Clear,Dry,Dark-Not Lighted
2024-03-01T08:20:00.000,I 75,I 75 and Redbud Rd,,Angle Crash,2,Rain,Wet,Daylight
2021-04-05T19:14:00.000,I 75,I 75 and Red Top Mtn Rd,,Sideswipe-Same Direction,2,Clear,Dry,Daylight
2020-08-28T11:26:00.000,I 75,I 75 and Red Top Mtn Rd,,Not a Collision with Motor Vehicle,1,Clear,Dry,Daylight
2020-11-19T13:30:00.000,I 75,I 75 and Red Top Mtn Rd,,Not a Collision with Motor Vehicle,1,Clear,Dry,Daylight
2020-02-16T04:03:00.000,I 75,I 75 and Red Top Mtn Rd,,Sideswipe-Same Direction,2,Cloudy,Dry,Dark-Not Lighted
2021-01-26T02:29:00.000,I 75,I 75 and Red Top Mtn Rd,,Angle Crash,2,Rain,Water (standing or moving),Dark-Not Lighted
2021-01-26T02:29:00.000,I 75,I 75 and Red Top Mtn Rd,,Not a Collision with Motor Vehicle,1,Rain,Water (standing or moving),Dark-Not Lighted
2022-07-20T18:42:00.000,I 75,I 75 and Red Top Mtn Rd,,Not a Collision with Motor Vehicle,1,Clear,Dry,Daylight
2022-04-23T17:05:00.000,I 75,I 75 and Red Top Mtn Rd,,Rear End,2,Clear,Dry,Daylight
2022-05-02T20:18:00.000,I 75,I 75 and Red Top Mtn Rd,,Sideswipe-Same Direction,3,Rain,Wet,Dark-Not Lighted
2024-05-19T17:50:00.000,I 75,I 75 and Red Top Mtn Rd,,Head On,5,Clear,Dry,Daylight
2024-11-20T13:30:00.000,I 75,I 75 and Red Top Mtn Rd,,Angle Crash,2,Clear,Dry,Daylight
2020-09-01T07:00:00.000,I 75,I 75 and Red Top Mtn,,Not a Collision with Motor Vehicle,2,Clear,Dry,Dark-Not Lighted
2024-11-01T06:01:00.000,I 75,I 75 and Red Top Mountian,,Rear End,2,Cloudy,Dry,Dark-Not Lighted
2023-03-17T10:38:00.000,I 75,I 75 and Red Top Mountain Rd,,Rear End,2,Rain,Wet,Daylight
2023-05-13T11:45:00.000,I 75,I 75 and Red Top Mountain Rd,,Not a Collision with Motor Vehicle,1,Clear,Dry,Daylight
2023-07-14T16:45:00.000,I 75,I 75 and Red Top Mountain Rd,,Rear End,2,Clear,Dry,Daylight
2023-10-20T07:17:00.000,I 75,I 75 and Red Top Mountain Rd,,Not a Collision with Motor Vehicle,1,Cloudy,Wet,Dark-Not Lighted
2023-11-07T07:45:00.000,I 75,I 75 and Red Top Mountain Rd,,Rear End,2,Clear,Dry,Daylight
2023-12-19T13:04:00.000,I 75,I 75 and Red Top Mountain Rd,,Rear End,2,Clear,Dry,Daylight
2023-06-24T14:35:00.000,I 75,I 75 and Red Top Mountain Rd,,Rear End,2,Clear,Dry,Daylight
2023-12-15T14:51:00.000,I 75,I 75 and Red Top Mountain Rd,,Rear End,2,Clear,Dry,Daylight
2022-12-31T11:36:00.000,I 75,I 75 and Red Top Mountain Rd,,Sideswipe-Same Direction,2,Cloudy,Wet,Daylight
2020-08-03T21:32:00.000,I 75,I 75 and Red Top Mountain Rd,,Not a Collision with Motor Vehicle,1,Clear,Dry,Dark-Not Lighted
2020-05-15T14:33:00.000,I 75,I 75 and Red Top Mountain Rd,,Sideswipe-Same Direction,2,Clear,Dry,Daylight
2020-08-07T15:22:00.000,I 75,I 75 and Red Top Mountain Rd,,Rear End,2,Clear,Dry,Daylight
2020-08-19T18:04:00.000,I 75,I 75 and Red Top Mountain Rd,,Rear End,2,Rain,Wet,Daylight
2020-02-26T19:38:00.000,I 75,I 75 and Red Top Mountain Rd,,Rear End,2,Cloudy,Dry,Dark-Not Lighted
2020-09-19T11:03:00.000,I 75,I 75 and Red Top Mountain Rd,,Rear End,2,Cloudy,Dry,Daylight
2020-04-01T12:57:00.000,I 75,I 75 and Red Top Mountain Rd,,Not a Collision with Motor Vehicle,1,Cloudy,Dry,Daylight
2020-01-12T17:44:00.000,I 75,I 75 and Red Top Mountain Rd,,Sideswipe-Same Direction,2,Clear,Dry,Daylight
2020-07-09T11:17:00.000,I 75,I 75 and Red Top Mountain Rd,,Sideswipe-Same Direction,2,Clear,Dry,Daylight
2020-11-17T12:02:00.000,I 75,I 75 and Red Top Mountain Rd,,Sideswipe-Same Direction,2,Clear,Dry,Daylight
2022-03-25T13:31:00.000,I 75,I 75 and Red Top Mountain Rd,,Rear End,3,Clear,Dry,Daylight
2022-12-20T09:59:00.000,I 75,I 75 and Red Top Mountain Rd,,Sideswipe-Same Direction,2,Rain,Wet,Daylight
2023-05-09T15:16:00.000,I 75,I 75 and Red Top Mountain Rd,,Sideswipe-Same Direction,2,Clear,Dry,Daylight
2024-08-15T17:19:00.000,I 75,I 75 and Red Top Mountain Rd,,Rear End,2,Clear,Dry,Daylight
2024-08-15T16:34:00.000,I 75,I 75 and Red Top Mountain Rd,,Rear End,2,Clear,Dry,Daylight
2024-05-08T08:00:00.000,I 75,I 75 and Red Top Mountain Rd,,Rear End,2,Cloudy,Dry,Daylight
2023-12-14T16:24:00.000,I 75,I 75 and Red Top Mountain Rd,,Rear End,2,Clear,Dry,Daylight
2023-05-16T22:22:00.000,I 75,I 75 and Red Top Mountain Rd,,Not a Collision with Motor Vehicle,1,Rain,Wet,Dark-Not Lighted
2023-10-19T12:52:00.000,I 75,I 75 and Red Top Mountain Rd,,Rear End,2,Clear,Dry,Daylight
2023-12-16T18:10:00.000,I 75,I 75 and Red Top Mountain Rd,,Angle Crash,2,Cloudy,Wet,Dark-Not Lighted
2023-04-05T17:14:00.000,I 75,I 75 and Red Top Mountain Rd,,Rear End,2,Clear,Dry,Daylight
2023-03-11T12:40:00.000,I 75,I 75 and Red Top Mountain Rd,,Rear End,2,Clear,Dry,Daylight
2023-10-20T16:53:00.000,I 75,I 75 and Red Top Mountain Rd,,Rear End,2,Clear,Dry,Daylight
2024-07-31T16:57:00.000,I 75,I 75 and Red Top Mountain Rd,,Rear End,2,Clear,Dry,Daylight
2024-06-03T15:30:00.000,I 75,I 75 and Red Top Mountain Rd,,Rear End,2,Clear,Dry,Daylight
2024-05-24T07:10:00.000,I 75,I 75 and Red Top Mountain Rd,,Sideswipe-Same Direction,2,Cloudy,Dry,Daylight
2024-11-30T12:44:00.000,I 75,I 75 and Red Top Mountain Rd,,Angle Crash,5,Clear,Dry,Daylight
2024-06-29T16:15:00.000,I 75,I 75 and Red Top Mountain Rd,,Rear End,2,Cloudy,Dry,Daylight
2024-10-14T07:12:00.000,I 75,I 75 and Red Top Mountain Rd,,Rear End,2,Clear,Dry,Dawn
2024-06-01T08:29:00.000,I 75,I 75 and Red Top Mountain Rd,,Rear End,2,Clear,Dry,Daylight
2024-07-28T16:13:00.000,I 75,I 75 and Red Top Mountain Rd,,Rear End,4,Rain,Wet,Daylight
2024-08-03T14:34:00.000,I 75,I 75 and Red Top Mountain Rd,,Rear End,2,Clear,Dry,Daylight
2024-06-20T08:30:00.000,I 75,I 75 and Red Top Mountain Rd,,Rear End,2,Clear,Dry,Daylight
2024-06-10T02:55:00.000,I 75,I 75 and Red Top Mountain Rd,,Rear End,2,Cloudy,Wet,Dark-Not Lighted
2024-05-02T08:40:00.000,I 75,I 75 and Red Top Mountain Rd,,Rear End,2,Cloudy,Dry,Daylight
2024-05-28T17:11:00.000,I 75,I 75 and Red Top Mountain Rd,,Rear End,2,Clear,Dry,Daylight
2024-03-27T08:15:00.000,I 75,I 75 and Red Top Mountain Rd,,Rear End,2,Cloudy,Dry,Daylight
2021-01-21T16:34:00.000,I 75,I 75 and Red Oak Dr,,Sideswipe-Same Direction,2,Rain,Wet,Daylight
2020-10-10T09:15:00.000,I 75,I 75 and Red Oak Dr,,Rear End,2,Cloudy,Wet,Daylight
2023-06-20T07:43:00.000,I 75,I 75 and Red Oak Dr,,Sideswipe-Same Direction,2,Cloudy,Dry,Daylight
2024-05-31T17:56:00.000,I 75,I 75 and Red Oak Brg,,Rear End,3,Clear,Dry,Daylight
2020-09-19T13:35:00.000,I 75,I 75 and Red Dirt Rd,,Rear End,3,Cloudy,Dry,Daylight
2020-10-10T13:40:00.000,I 75,I 75 and Red Dirt Rd,,Rear End,2,Cloudy,Dry,Daylight
2020-08-03T15:10:00.000,I 75,I 75 and Red Bud Rd,,Not a Collision with Motor Vehicle,2,Cloudy,Wet,Daylight
2020-10-28T16:15:00.000,I 75,I 75 and Red Bud Rd,,Rear End,2,Cloudy,Wet,Daylight
2022-04-28T17:39:00.000,I 75,I 75 and Red Bud Rd,,Rear End,2,Clear,Dry,Daylight
2022-07-29T15:25:00.000,I 75,I 75 and Red Bud Rd,,Sideswipe-Same Direction,2,Rain,Wet,Daylight
2022-06-12T04:25:00.000,I 75,I 75 and Red Bud Rd,,Rear End,2,Clear,Dry,Dark-Lighted
2024-05-24T13:08:00.000,I 75,I 75 and Red Bud Rd,,Rear End,2,Cloudy,Dry,Daylight
2024-03-31T15:00:00.000,I 75,I 75 and Red Bud Rd,,Angle Crash,2,Cloudy,Dry,Daylight
2024-10-25T09:57:00.000,I 75,I 75 and Red Bud Rd,,Not a Collision with Motor Vehicle,1,Clear,Dry,Daylight
2024-01-26T17:50:00.000,I 75,I 75 and Red Bud Rd,,Rear End,2,Cloudy,Dry,Dusk
2024-09-02T15:53:00.000,I 75,I 75 and Rda Opas,,Sideswipe-Same Direction,2,Clear,Dry,Daylight
2023-05-24T10:39:00.000,I 75,I 75 and Rda Blvd,,Rear End,2,Clear,Dry,Daylight
2023-05-23T17:55:00.000,I 75,I 75 and Rda Blvd,,Rear End,2,Clear,Dry,Daylight
2024-08-30T13:35:00.000,I 75,I 75 and Rda Blvd,,Rear End,2,Cloudy,Dry,Daylight
2023-09-01T13:10:00.000,I 75,I 75 and Ramps To I20,,Sideswipe-Same Direction,2,Cloudy,Dry,Daylight
2022-06-02T08:00:00.000,I 75,I 75 and Ramp To Wade Green Rd,,Rear End,2,Clear,Dry,Daylight
2023-04-14T14:07:00.000,I 75,I 75 and Ramp To University Ave,,Sideswipe-Same Direction,2,Clear,Wet,Daylight
2020-05-07T15:36:00.000,I 75,I 75 and Ramp To Sr166,,Sideswipe-Same Direction,3,Clear,Dry,Daylight
2022-02-21T15:18:00.000,I 75,I 75 and Ramp To Pierce Ave,,Not a Collision with Motor Vehicle,1,Rain,Wet,Daylight
2024-03-22T07:14:00.000,I 75,I 75 and Ramp To I85,,Not a Collision with Motor Vehicle,1,Cloudy,Dry,Dawn
2022-11-20T18:07:00.000,I 75,I 75 and Ramp To I75,,Rear End,2,Clear,Dry,Dark-Not Lighted
2023-08-08T18:10:00.000,I 75,I 75 and Ramp To I285,,Angle Crash,2,Cloudy,Dry,Daylight
2020-09-28T12:38:00.000,I 75,I 75 and Ramp To I285,,Sideswipe-Same Direction,2,Clear,Dry,Daylight
2021-11-08T07:45:00.000,I 75,I 75 and Ramp To I285,,Sideswipe-Same Direction,2,Clear,Dry,Daylight
2024-10-18T10:02:00.000,I 75,I 75 and Ramp To I285,,Sideswipe-Same Direction,2,Clear,Dry,Daylight
2021-11-01T11:42:00.000,I 75,I 75 and Ramp To Howell Mill Rd,,Rear End,2,Clear,Dry,Daylight
2020-09-04T18:24:00.000,I 75,I 75 and Ramp To Delk Rd,,Not a Collision with Motor Vehicle,1,Clear,Dry,Daylight
2024-12-31T12:43:00.000,I 75,I 75 and Ramp To Cw Grant Pkwy,,Not a Collision with Motor Vehicle,1,Clear,Dry,Daylight
2023-06-08T14:40:00.000,I 75,I 75 and Ramp To Central Ave,,Sideswipe-Same Direction,2,Clear,Dry,Daylight
2024-09-02T15:51:00.000,I 75,I 75 and Ramp To Capitol Ave,,Rear End,2,Clear,Dry,Daylight
2024-11-14T12:00:00.000,I 75,I 75 and Ramp To Capitol Ave,,Rear End,2,Cloudy,Wet,Daylight
2021-12-08T06:45:00.000,I 75,I 75 and Ramp To 17Th St,,Rear End,2,Rain,Wet,Dark-Lighted
2024-02-16T14:20:00.000,I 75,I 75 and Ramp Mt. Zion Blvd,,Sideswipe-Same Direction,2,Cloudy,Dry,Daylight
2022-02-14T18:56:00.000,I 75,I 75 and Ramp From Wade Green Rd,,Sideswipe-Same Direction,2,Clear,Dry,Daylight
2021-12-22T15:30:00.000,I 75,I 75 and Ramp From N. Marietta Pkwy,,Sideswipe-Same Direction,2,Clear,Dry,Daylight
2023-12-21T06:30:00.000,I 75,I 75 and Ramp From Langford Parkway Mm,,Sideswipe-Same Direction,2,Clear,Dry,Dawn
2024-07-05T07:10:00.000,I 75,I 75 and Ramp From I85,,Sideswipe-Same Direction,2,Clear,Dry,Daylight
2021-06-29T06:14:00.000,I 75,I 75 and Ramp From I75 To I285 Eb Cd,,Rear End,2,Cloudy,Wet,Daylight
2021-01-08T19:15:00.000,I 75,I 75 and Ramp From I75 To I285 Eb Cd,,Rear End,2,Cloudy,Wet,Dark-Not Lighted
2021-10-06T21:02:00.000,I 75,I 75 and Ramp From I75 To I285 Eb Cd,,Not a Collision with Motor Vehicle,1,Clear,Dry,Dark-Lighted
2020-03-24T04:45:00.000,I 75,I 75 and Ramp From I75 To I285 Eb Cd,,Sideswipe-Same Direction,2,Cloudy,Wet,Dark-Not Lighted
2020-06-15T00:00:00.000,I 75,I 75 and Ramp From I75 To I285 Eb Cd,,Sideswipe-Same Direction,2,Cloudy,Wet,Dark-Lighted
2023-05-27T01:25:00.000,I 75,I 75 and Ramp From I75 To I285 Eb Cd,,Not a Collision with Motor Vehicle,1,Clear,Dry,Dark-Not Lighted
2020-08-14T12:07:00.000,I 75,I 75 and Ramp From I75 To I285 Eb Cd,,Rear End,2,Cloudy,Dry,Daylight
2020-11-25T06:38:00.000,I 75,I 75 and Ramp From I75 To I285 Eb Cd,,Rear End,2,Clear,Dry,Dark-Not Lighted
2020-05-01T19:12:00.000,I 75,I 75 and Ramp From I75 To I285 Eb Cd,,Angle Crash,2,Clear,Dry,Daylight
2020-09-07T06:20:00.000,I 75,I 75 and Ramp From I75 To I285 Eb Cd,,Rear End,2,Clear,Dry,Daylight
2020-03-29T21:04:00.000,I 75,I 75 and Ramp From I75 To I285 Eb Cd,,Rear End,2,Clear,Dry,Dark-Lighted
2020-11-12T06:10:00.000,I 75,I 75 and Ramp From I75 To I285 Eb Cd,,Sideswipe-Same Direction,2,Clear,Ice/Frost,Dawn
2020-09-11T11:15:00.000,I 75,I 75 and Ramp From I75 To I285 Eb Cd,,Rear End,2,Clear,Dry,Daylight
2020-09-19T22:37:00.000,I 75,I 75 and Ramp From I75 To I285 Eb Cd,,Sideswipe-Same Direction,2,Clear,Dry,Dark-Not Lighted
2020-09-03T19:00:00.000,I 75,I 75 and Ramp From I75 To I285 Eb Cd,,Rear End,2,Clear,Dry,Daylight
2020-10-08T12:03:00.000,I 75,I 75 and Ramp From I75 To I285 Eb Cd,,Rear End,2,Clear,Dry,Daylight
2020-11-10T21:15:00.000,I 75,I 75 and Ramp From I75 To I285 Eb Cd,,Rear End,4,Rain,Wet,Dark-Lighted
2020-03-22T19:34:00.000,I 75,I 75 and Ramp From I75 To I285 Eb Cd,,Sideswipe-Same Direction,2,Clear,Dry,Dark-Lighted
2020-05-26T14:03:00.000,I 75,I 75 and Ramp From I75 To I285 Eb Cd,,Sideswipe-Same Direction,2,Rain,Wet,Daylight
2020-06-30T09:45:00.000,I 75,I 75 and Ramp From I75 To I285 Eb Cd,,Sideswipe-Same Direction,2,Clear,Dry,Daylight
2020-07-30T16:16:00.000,I 75,I 75 and Ramp From I75 To I285 Eb Cd,,Sideswipe-Same Direction,2,Rain,Wet,Daylight
2020-06-26T04:50:00.000,I 75,I 75 and Ramp From I75 To I285 Eb Cd,,Sideswipe-Same Direction,2,Clear,Dry,Dark-Not Lighted
2020-12-14T10:31:00.000,I 75,I 75 and Ramp From I75 To I285 Eb Cd,,Rear End,2,Clear,Dry,Daylight
2020-09-08T05:45:00.000,I 75,I 75 and Ramp From I75 To I285 Eb Cd,,Sideswipe-Same Direction,2,Clear,Dry,Dark-Not Lighted
2020-01-04T00:00:00.000,I 75,I 75 and Ramp From I75 To I285 Eb Cd,,Rear End,2,Clear,Dry,Daylight
2020-07-31T12:00:00.000,I 75,I 75 and Ramp From I75 To I285 Eb Cd,,Not a Collision with Motor Vehicle,1,Clear,Dry,Daylight
2020-10-17T12:22:00.000,I 75,I 75 and Ramp From I75 To I285 Eb Cd,,Sideswipe-Same Direction,2,Clear,Dry,Daylight
2021-06-28T10:35:00.000,I 75,I 75 and Ramp From I75 To I285 Eb Cd,,Sideswipe-Same Direction,2,Clear,Dry,Daylight
2021-12-30T16:29:00.000,I 75,I 75 and Ramp From I75 To I285 Eb Cd,,Angle Crash,2,Cloudy,Wet,Daylight
2021-08-20T14:17:00.000,I 75,I 75 and Ramp From I75 To I285 Eb Cd,,Rear End,2,Clear,Dry,Daylight
2021-09-23T00:00:00.000,I 75,I 75 and Ramp From I75 To I285 Eb Cd,,Sideswipe-Same Direction,2,Clear,Dry,Dark-Not Lighted
2021-10-15T06:05:00.000,I 75,I 75 and Ramp From I75 To I285 Eb Cd,,Sideswipe-Same Direction,2,Clear,Dry,Dark-Not Lighted
2022-04-25T12:45:00.000,I 75,I 75 and Ramp From I75 To I285 Eb Cd,,Sideswipe-Same Direction,2,Clear,Dry,Daylight
2022-04-04T14:36:00.000,I 75,I 75 and Ramp From I75 To I285 Eb Cd,,Sideswipe-Same Direction,2,Clear,Dry,Daylight
2022-05-24T06:00:00.000,I 75,I 75 and Ramp From I75 To I285 Eb Cd,,Sideswipe-Same Direction,2,Cloudy,Dry,Dark-Lighted
2022-07-21T22:35:00.000,I 75,I 75 and Ramp From I75 To I285 Eb Cd,,Sideswipe-Same Direction,2,Cloudy,Dry,Dark-Lighted
2024-04-07T22:50:00.000,I 75,I 75 and Ramp From I75 To I285 Eb Cd,,Sideswipe-Same Direction,2,Clear,Dry,Dark-Lighted
2023-10-10T07:43:00.000,I 75,I 75 and Ramp From I75 To I285 Eb Cd,,Sideswipe-Same Direction,2,Clear,Dry,Daylight
2023-01-23T07:20:00.000,I 75,I 75 and Ramp From I75 To I285 Eb Cd,,Rear End,2,Clear,Dry,Daylight
2024-12-09T04:38:00.000,I 75,I 75 and Ramp From I75 To I285 Eb Cd,,Sideswipe-Same Direction,2,Clear,Wet,Dark-Lighted
2021-11-11T18:07:00.000,I 75,I 75 and Ramp From I75,,Rear End,3,Clear,Dry,Dark-Not Lighted