Date and Time,Roadway (From Crash Report),Intersection Name (from Crash Report),KABCO Severity,Manner of Collision (Crash Level) ,# of Vehicles per crash ,Weather Conditions (Crash Level),Surface Condition (Crash Level) ,Light Conditions (Crash Level)
2023-10-09T11:40:00.000,I 75,I 75 and Ramp From   To I75,,Rear End,2,Clear,Dry,Daylight
2024-07-12T13:45:00.000,I 75,I 75 and Ramp 285 Split,,Sideswipe-Same Direction,2,Clear,Dry,Daylight
2023-06-28T13:55:00.000,I 75,I 75 and Ralph Mvgill Blvd,,Rear End,3,Cloudy,Dry,Daylight
2023-11-10T12:00:00.000,I 75,I 75 and Ralph Mcgill Prky,,Rear End,3,Rain,Wet,Daylight
2024-07-02T14:13:00.000,I 75,I 75 and Ralph Mcgill Opas,,Rear End,4,Clear,Dry,Daylight
2024-07-05T17:48:00.000,I 75,I 75 and Ralph Mcgill Opas,,Rear End,2,Clear,Dry,Daylight
2024-07-02T14:13:00.000,I 75,I 75 and Ralph Mcgill Opas,,Rear End,3,Clear,Dry,Daylight
2022-02-25T10:50:00.000,I 75,I 75 and Ralph Mcgill Boulevard Overpas,,Sideswipe-Same Direction,2,Cloudy,Wet,Daylight
2021-11-04T13:44:00.000,I 75,I 75 and Ralph Mcgill Blvd.,,Rear End,3,Cloudy,Wet,Daylight
2023-06-13T15:58:00.000,I 75,I 75 and Ralph Mcgill Blvd Opas,,Rear End,2,Clear,Dry,Daylight
2022-03-25T19:45:00.000,I 75,I 75 and Ralph Mcgill Blvd Opas,,Rear End,2,Clear,Dry,Daylight
2024-11-25T17:58:00.000,I 75,I 75 and Ralph Mcgill Blvd Courtland,,Sideswipe-Same Direction,2,Cloudy,Dry,Dark-Lighted
2021-11-12T15:12:00.000,I 75,I 75 and Ralph Mcgill Blvd,,Rear End,2,Clear,Dry,Daylight
2021-01-08T17:50:00.000,I 75,I 75 and Ralph Mcgill Blvd,,Rear End,2,Clear,Dry,Dark-Lighted
2023-09-30T19:52:00.000,I 75,I 75 and Ralph Mcgill Blvd,,Rear End,3,Clear,Dry,Dark-Lighted
2023-03-14T13:58:00.000,I 75,I 75 and Ralph Mcgill Blvd,,Rear End,4,Clear,Dry,Daylight
2023-02-20T15:05:00.000,I 75,I 75 and Ralph Mcgill Blvd,,Rear End,2,Clear,Dry,Daylight
2023-04-07T14:42:00.000,I 75,I 75 and Ralph Mcgill Blvd,,Rear End,2,Clear,Dry,Daylight
2022-03-01T17:30:00.000,I 75,I 75 and Ralph Mcgill Blvd,,Sideswipe-Same Direction,2,Clear,Dry,Daylight
2021-01-07T16:22:00.000,I 75,I 75 and Ralph Mcgill Blvd,,Rear End,2,Rain,Wet,Daylight
2022-03-07T16:48:00.000,I 75,I 75 and Ralph Mcgill Blvd,,Rear End,2,Rain,Wet,Daylight
2022-10-21T08:55:00.000,I 75,I 75 and Ralph Mcgill Blvd,,Rear End,2,Clear,Dry,Daylight
2022-04-21T02:53:00.000,I 75,I 75 and Ralph Mcgill Blvd,,Angle Crash,2,Clear,Dry,Dark-Lighted
2022-02-10T07:56:00.000,I 75,I 75 and Ralph Mcgill Blvd,,Rear End,2,Clear,Dry,Daylight
2022-03-10T18:25:00.000,I 75,I 75 and Ralph Mcgill Blvd,,Rear End,3,Clear,Dry,Daylight
2022-09-27T13:25:00.000,I 75,I 75 and Ralph Mcgill Blvd,,Rear End,3,Clear,Dry,Daylight
2023-04-28T20:46:00.000,I 75,I 75 and Ralph Mcgill Blvd,,Rear End,2,Clear,Dry,Dark-Lighted
2023-02-28T10:15:00.000,I 75,I 75 and Ralph Mcgill Blvd,,Sideswipe-Same Direction,2,Clear,Dry,Daylight
2023-05-04T06:30:00.000,I 75,I 75 and Ralph Mcgill Blvd,,Rear End,2,Clear,Dry,Daylight
2023-03-14T15:18:00.000,I 75,I 75 and Ralph Mcgill Blvd,,Rear End,2,Clear,Dry,Daylight
2023-04-07T15:22:00.000,I 75,I 75 and Ralph Mcgill Blvd,,Rear End,2,Clear,Dry,Daylight
2023-11-24T09:28:00.000,I 75,I 75 and Ralph Mcgill Blvd,,Rear End,2,Clear,Dry,Daylight
2023-07-28T14:55:00.000,I 75,I 75 and Ralph Mcgill Blvd,,Rear End,2,Clear,Dry,Daylight
2024-11-14T12:08:00.000,I 75,I 75 and Ralph Mcgill Blvd,,Sideswipe-Same Direction,2,Cloudy,Wet,Daylight
2024-06-25T18:40:00.000,I 75,I 75 and Ralph Mcgill Blvd,,Rear End,2,Clear,Dry,Daylight
2024-05-16T09:45:00.000,I 75,I 75 and Ralph Mcgill Blvd,,Rear End,3,Clear,Dry,Daylight
2024-08-22T10:10:00.000,I 75,I 75 and Ralph Mcgill Ave,,Rear End,3,Clear,Dry,Daylight
2024-10-18T13:12:00.000,I 75,I 75 and Ralph Mcgill Ave,,Sideswipe-Same Direction,2,Clear,Dry,Daylight
2024-10-18T13:35:00.000,I 75,I 75 and Ralph Mcgill Ave,,Rear End,2,Clear,Dry,Daylight
2023-05-26T13:50:00.000,I 75,I 75 and Ralph Mcgill,,Rear End,2,Clear,Dry,Daylight
2024-10-01T13:19:00.000,I 75,I 75 and Ralph Mcgill,,Rear End,2,Cloudy,Dry,Daylight
2022-02-28T17:34:00.000,I 75,I 75 and Ralph David Abernathy Off Rp,,Sideswipe-Same Direction,2,Clear,Dry,Dusk
2021-10-25T12:30:00.000,I 75,I 75 and Ralph David Abernathy Boulevar,,Rear End,2,Cloudy,Dry,Daylight
2021-10-11T11:15:00.000,I 75,I 75 and Ralph David Abernathy Boulevar,,Rear End,2,Cloudy,Dry,Daylight
2021-12-16T13:30:00.000,I 75,I 75 and Ralph David Abernathy Boulevar,,Sideswipe-Same Direction,2,Cloudy,Dry,Daylight
2023-03-03T12:35:00.000,I 75,I 75 and Ralph David Abernathy Boulevar,,Sideswipe-Same Direction,2,Clear,Dry,Daylight
2022-08-09T10:13:00.000,I 75,I 75 and Ralph David Abernathy Boulevar,,Rear End,2,Clear,Dry,Daylight
2023-12-08T15:48:00.000,I 75,I 75 and Ralph David Abernathy Boulevar,,Rear End,2,Cloudy,Dry,Daylight
2022-01-10T13:07:00.000,I 75,I 75 and Ralph David Abernathy Boulevar,,Sideswipe-Same Direction,2,Clear,Dry,Daylight
2022-10-28T13:40:00.000,I 75,I 75 and Ralph David Abernathy Boulevar,,Rear End,2,Clear,Dry,Daylight
2021-11-08T06:45:00.000,I 75,I 75 and Ralph David Abernathy Boulevar,,Sideswipe-Same Direction,2,Clear,Dry,Dawn
2022-05-17T11:40:00.000,I 75,I 75 and Ralph David Abernathy Boulevar,,Rear End,2,Clear,Dry,Daylight
2022-06-06T16:55:00.000,I 75,I 75 and Ralph David Abernathy Boulevar,,Rear End,2,Rain,Wet,Daylight
2022-05-30T17:08:00.000,I 75,I 75 and Ralph David Abernathy Boulevar,,Rear End,2,Clear,Dry,Daylight
2022-06-06T15:20:00.000,I 75,I 75 and Ralph David Abernathy Boulevar,,Sideswipe-Same Direction,2,Cloudy,Wet,Daylight
2022-09-02T14:00:00.000,I 75,I 75 and Ralph David Abernathy Boulevar,,Rear End,2,Cloudy,Dry,Daylight
2022-02-01T09:40:00.000,I 75,I 75 and Ralph David Abernathy Boulevar,,Rear End,2,Clear,Dry,Daylight
2023-08-10T16:24:00.000,I 75,I 75 and Ralph David Abernathy Boulevar,,Rear End,3,Clear,Dry,Daylight
2023-04-13T13:05:00.000,I 75,I 75 and Ralph David Abernathy Boulevar,,Rear End,2,Rain,Wet,Daylight
2023-09-21T11:48:00.000,I 75,I 75 and Ralph David Abernathy Boulevar,,Rear End,2,Clear,Dry,Daylight
2023-04-21T09:10:00.000,I 75,I 75 and Ralph David Abernathy Boulevar,,Rear End,4,Clear,Dry,Daylight
2024-01-22T11:45:00.000,I 75,I 75 and Ralph David Abernathy Boulevar,,Angle Crash,2,Cloudy,Dry,Daylight
2021-10-27T15:47:00.000,I 75,I 75 and Ralph David Abernathy Blvd,,Sideswipe-Same Direction,2,Clear,Dry,Daylight
2021-06-24T13:15:00.000,I 75,I 75 and Ralph David Abernathy Blvd,,Rear End,2,Clear,Dry,Daylight
2021-11-26T16:36:00.000,I 75,I 75 and Ralph David Abernathy Blvd,,Sideswipe-Same Direction,2,Clear,Dry,Daylight
2021-12-09T14:07:00.000,I 75,I 75 and Ralph David Abernathy Blvd,,Rear End,3,Clear,Dry,Daylight
2021-10-04T07:45:00.000,I 75,I 75 and Ralph David Abernathy Blvd,,Rear End,3,Rain,Wet,Dawn
2021-12-06T17:06:00.000,I 75,I 75 and Ralph David Abernathy Blvd,,Rear End,2,Rain,Wet,Daylight
2021-10-08T15:02:00.000,I 75,I 75 and Ralph David Abernathy Blvd,,Rear End,2,Clear,Dry,Daylight
2021-09-28T09:41:00.000,I 75,I 75 and Ralph David Abernathy Blvd,,Sideswipe-Same Direction,2,Clear,Dry,Daylight
2021-11-23T08:50:00.000,I 75,I 75 and Ralph David Abernathy Blvd,,Rear End,3,Clear,Dry,Daylight
2021-12-06T16:45:00.000,I 75,I 75 and Ralph David Abernathy Blvd,,Rear End,2,Rain,Wet,Daylight
2023-07-27T17:15:00.000,I 75,I 75 and Ralph David Abernathy Blvd,,Rear End,2,Clear,Dry,Daylight
2023-01-10T14:00:00.000,I 75,I 75 and Ralph David Abernathy Blvd,,Sideswipe-Same Direction,2,Clear,Dry,Daylight
2023-03-13T16:12:00.000,I 75,I 75 and Ralph David Abernathy Blvd,,Sideswipe-Same Direction,2,Clear,Dry,Daylight
2023-05-19T15:58:00.000,I 75,I 75 and Ralph David Abernathy Blvd,,Sideswipe-Same Direction,2,Clear,Dry,Daylight
2023-03-21T15:10:00.000,I 75,I 75 and Ralph David Abernathy Blvd,,Rear End,3,Clear,Dry,Daylight
2023-07-13T13:05:00.000,I 75,I 75 and Ralph David Abernathy Blvd,,Rear End,3,Clear,Dry,Daylight
2022-06-13T14:30:00.000,I 75,I 75 and Ralph David Abernathy Blvd,,Rear End,2,Clear,Dry,Daylight
2022-09-02T13:30:00.000,I 75,I 75 and Ralph David Abernathy Blvd,,Rear End,3,Clear,Dry,Daylight
2022-09-05T13:00:00.000,I 75,I 75 and Ralph David Abernathy Blvd,,Rear End,2,Cloudy,Dry,Daylight
2022-11-29T15:03:00.000,I 75,I 75 and Ralph David Abernathy Blvd,,Rear End,2,Clear,Dry,Daylight
2021-10-18T12:53:00.000,I 75,I 75 and Ralph David Abernathy Blvd,,Sideswipe-Same Direction,2,Clear,Dry,Daylight
2021-10-13T12:15:00.000,I 75,I 75 and Ralph David Abernathy Blvd,,Rear End,3,Clear,Dry,Daylight
2021-12-03T18:19:00.000,I 75,I 75 and Ralph David Abernathy Blvd,,Sideswipe-Same Direction,2,Clear,Dry,Dark-Lighted
2022-11-17T18:29:00.000,I 75,I 75 and Ralph David Abernathy Blvd,,Sideswipe-Same Direction,2,Clear,Dry,Dark-Lighted
2022-09-19T07:00:00.000,I 75,I 75 and Ralph David Abernathy Blvd,,Rear End,2,Clear,Dry,Daylight
2021-10-13T12:15:00.000,I 75,I 75 and Ralph David Abernathy Blvd,,Rear End,2,Clear,Dry,Daylight
2022-11-29T15:03:00.000,I 75,I 75 and Ralph David Abernathy Blvd,,Rear End,2,Clear,Dry,Daylight
2022-06-03T18:48:00.000,I 75,I 75 and Ralph David Abernathy Blvd,,Rear End,2,Clear,Dry,Daylight
2022-10-04T15:05:00.000,I 75,I 75 and Ralph David Abernathy Blvd,,Rear End,3,Clear,Dry,Daylight
2022-01-06T16:00:00.000,I 75,I 75 and Ralph David Abernathy Blvd,,Rear End,2,Cloudy,Wet,Daylight
2022-12-15T18:23:00.000,I 75,I 75 and Ralph David Abernathy Blvd,,Rear End,2,Clear,Dry,Dark-Lighted
2022-12-19T13:57:00.000,I 75,I 75 and Ralph David Abernathy Blvd,,Rear End,2,Cloudy,Dry,Daylight
2022-12-15T09:45:00.000,I 75,I 75 and Ralph David Abernathy Blvd,,Rear End,2,Cloudy,Wet,Daylight
2022-06-14T16:56:00.000,I 75,I 75 and Ralph David Abernathy Blvd,,Rear End,2,Clear,Dry,Daylight
2022-10-06T14:52:00.000,I 75,I 75 and Ralph David Abernathy Blvd,,Sideswipe-Same Direction,2,Clear,Dry,Daylight
2022-11-15T18:21:00.000,I 75,I 75 and Ralph David Abernathy Blvd,,Rear End,2,Cloudy,Wet,Dark-Lighted
2022-01-20T07:13:00.000,I 75,I 75 and Ralph David Abernathy Blvd,,Rear End,2,Rain,Wet,Dark-Not Lighted
2022-01-04T13:44:00.000,I 75,I 75 and Ralph David Abernathy Blvd,,Sideswipe-Same Direction,2,Clear,Dry,Daylight
2022-04-01T09:55:00.000,I 75,I 75 and Ralph David Abernathy Blvd,,Rear End,2,Clear,Dry,Daylight
2022-08-05T12:15:00.000,I 75,I 75 and Ralph David Abernathy Blvd,,Sideswipe-Same Direction,2,Clear,Dry,Daylight
2022-11-01T06:50:00.000,I 75,I 75 and Ralph David Abernathy Blvd,,Sideswipe-Same Direction,2,Clear,Dry,Dawn
2022-12-30T15:27:00.000,I 75,I 75 and Ralph David Abernathy Blvd,,Sideswipe-Same Direction,2,Cloudy,Dry,Daylight
2022-08-02T08:00:00.000,I 75,I 75 and Ralph David Abernathy Blvd,,Rear End,2,Clear,Dry,Daylight
2022-03-25T11:59:00.000,I 75,I 75 and Ralph David Abernathy Blvd,,Rear End,2,Clear,Dry,Daylight
2022-11-01T16:34:00.000,I 75,I 75 and Ralph David Abernathy Blvd,,Rear End,2,Clear,Dry,Daylight
2022-09-12T10:20:00.000,I 75,I 75 and Ralph David Abernathy Blvd,,Not a Collision with Motor Vehicle,2,Cloudy,Dry,Daylight
2022-11-17T19:38:00.000,I 75,I 75 and Ralph David Abernathy Blvd,,Rear End,3,Clear,Dry,Dark-Lighted
2022-03-18T09:31:00.000,I 75,I 75 and Ralph David Abernathy Blvd,,Rear End,3,Cloudy,Dry,Daylight
2023-07-27T17:15:00.000,I 75,I 75 and Ralph David Abernathy Blvd,,Sideswipe-Same Direction,2,Clear,Dry,Daylight
2023-10-05T12:56:00.000,I 75,I 75 and Ralph David Abernathy Blvd,,Rear End,2,Clear,Dry,Daylight
2024-09-17T16:11:00.000,I 75,I 75 and Ralph David Abernathy Blvd,,Rear End,2,Cloudy,Dry,Daylight
2024-03-14T14:30:00.000,I 75,I 75 and Ralph David Abernathy Blvd,,Rear End,2,Clear,Dry,Daylight
2024-04-09T07:30:00.000,I 75,I 75 and Ralph David Abernathy Blvd,,Sideswipe-Same Direction,2,Rain,Wet,Dawn
2023-07-10T15:02:00.000,I 75,I 75 and Ralph David Abernathy Blvd,,Rear End,2,Clear,Dry,Daylight
2023-07-06T13:44:00.000,I 75,I 75 and Ralph David Abernathy Blvd,,Rear End,3,Clear,Dry,Daylight
2023-01-27T19:00:00.000,I 75,I 75 and Ralph David Abernathy Blvd,,Rear End,2,Clear,Dry,Dark-Lighted
2023-03-27T10:50:00.000,I 75,I 75 and Ralph David Abernathy Blvd,,Sideswipe-Same Direction,2,Rain,Wet,Daylight
2023-07-11T13:30:00.000,I 75,I 75 and Ralph David Abernathy Blvd,,Rear End,2,Clear,Dry,Daylight
2023-04-25T16:35:00.000,I 75,I 75 and Ralph David Abernathy Blvd,,Sideswipe-Same Direction,2,Clear,Dry,Daylight
2023-09-11T16:29:00.000,I 75,I 75 and Ralph David Abernathy Blvd,,Angle Crash,4,Clear,Dry,Daylight
2024-05-09T10:00:00.000,I 75,I 75 and Ralph David Abernathy Blvd,,Rear End,2,Rain,Wet,Daylight
2024-08-08T12:00:00.000,I 75,I 75 and Ralph David Abernathy Blvd,,Sideswipe-Same Direction,2,Clear,Dry,Daylight
2024-12-10T12:10:00.000,I 75,I 75 and Ralph David Abernathy Blvd,,Rear End,4,Rain,Wet,Daylight
2024-05-03T17:30:00.000,I 75,I 75 and Ralph David Abernathy Blvd,,Rear End,2,Clear,Dry,Daylight
2024-02-08T11:20:00.000,I 75,I 75 and Ralph David Abernathy Blvd,,Angle Crash,2,Cloudy,Dry,Daylight
2024-02-22T15:34:00.000,I 75,I 75 and Ralph David Abernathy Blvd,,Sideswipe-Same Direction,2,Cloudy,Dry,Daylight
2024-12-19T09:45:00.000,I 75,I 75 and Ralph David Abernathy Blvd,,Rear End,2,Clear,Dry,Daylight
2024-06-27T14:46:00.000,I 75,I 75 and Ralph David Abernathy Blvd,,Sideswipe-Same Direction,2,Cloudy,Dry,Daylight
2023-06-22T07:10:00.000,I 75,I 75 and Ralph David Abernathy,,Rear End,2,Cloudy,Wet,Daylight
2023-01-10T08:50:00.000,I 75,I 75 and Ralph David Abernathy,,Rear End,2,Clear,Dry,Daylight
2023-06-15T13:37:00.000,I 75,I 75 and Ralph David Abernathy,,Rear End,2,Clear,Dry,Daylight
2023-09-12T13:54:00.000,I 75,I 75 and Ralph David Abernathy,,Rear End,2,Cloudy,Dry,Daylight
2023-08-15T12:27:00.000,I 75,I 75 and Ralph David Abernathy,,Rear End,3,Clear,Dry,Daylight
2021-06-14T08:20:00.000,I 75,I 75 and Ralph David Abernathy,,Rear End,2,Clear,Dry,Daylight
2022-09-15T07:13:00.000,I 75,I 75 and Ralph David Abernathy,,Rear End,2,Clear,Dry,Daylight
2022-02-10T16:55:00.000,I 75,I 75 and Ralph David Abernathy,,Sideswipe-Same Direction,2,Clear,Dry,Daylight
2022-01-20T14:00:00.000,I 75,I 75 and Ralph David Abernathy,,Rear End,2,Rain,Wet,Daylight
2024-03-05T16:34:00.000,I 75,I 75 and Ralph David Abernathy,,Not a Collision with Motor Vehicle,1,Rain,Wet,Daylight
2023-06-12T16:57:00.000,I 75,I 75 and Ralph David Abernathy,,Rear End,4,Clear,Dry,Daylight
2024-06-27T14:43:00.000,I 75,I 75 and Ralph David Abernathy,,Sideswipe-Same Direction,2,Clear,Dry,Daylight
2021-10-29T07:40:00.000,I 75,I 75 and Ralph David Abernathey Blvd,,Rear End,2,Cloudy,Wet,Daylight
2024-04-22T16:09:00.000,I 75,I 75 and Ralph David Abernathery Blvd,,Rear End,3,Clear,Dry,Daylight
2023-06-23T16:11:00.000,I 75,I 75 and Ralph David Aberbathy Blvd,,Sideswipe-Same Direction,2,Clear,Dry,Daylight
2023-04-04T15:02:00.000,I 75,I 75 and Ralph D. Abernathy Blvd,,Angle Crash,2,Clear,Dry,Daylight
2022-03-24T10:45:00.000,I 75,I 75 and Ralph D. Abernathy,,Sideswipe-Same Direction,2,Clear,Dry,Daylight
2020-11-07T18:50:00.000,I 75,I 75 and Ralph D Abernathy Blvd,,Rear End,3,Clear,Dry,Dark-Lighted
2023-08-04T07:32:00.000,I 75,I 75 and Ralph D Abernathy Blvd,,Rear End,2,Cloudy,Dry,Daylight
2024-09-13T13:55:00.000,I 75,I 75 and Ralpd David Abernathy Blvd,,Rear End,2,Cloudy,Dry,Daylight
2024-05-07T06:31:00.000,I 75,I 75 and Pyror Street Opas,,Rear End,2,Clear,Dry,Daylight
2023-06-16T14:45:00.000,I 75,I 75 and Pyror Road Opas,,Rear End,3,Clear,Dry,Daylight
2022-10-21T09:32:00.000,I 75,I 75 and Pyror Rd,,Rear End,2,Clear,Dry,Daylight
2020-06-13T22:40:00.000,I 75,I 75 and Pulliam Street Entrance Rp,,Angle Crash,2,Clear,Dry,Dark-Not Lighted
2024-01-25T14:50:00.000,I 75,I 75 and Pryor Street Over Pass Mile 2,,Sideswipe-Same Direction,2,Cloudy,Wet,Daylight
2023-08-10T10:00:00.000,I 75,I 75 and Pryor Street Over Pass,,Sideswipe-Same Direction,2,Rain,Wet,Daylight
2022-08-29T07:00:00.000,I 75,I 75 and Pryor Street Over Pass,,Rear End,2,Clear,Dry,Daylight
2021-12-08T14:04:00.000,I 75,I 75 and Pryor Street Opas,,Angle Crash,2,Clear,Dry,Daylight
2021-04-12T06:54:00.000,I 75,I 75 and Pryor Street Opas,,Angle Crash,2,Cloudy,Dry,Dawn
2021-12-08T14:05:00.000,I 75,I 75 and Pryor Street Opas,,Rear End,2,Clear,Dry,Daylight
2022-07-28T12:11:00.000,I 75,I 75 and Pryor Street Opas,,Rear End,3,Clear,Dry,Daylight
2022-05-16T18:36:00.000,I 75,I 75 and Pryor Street Opas,,Angle Crash,3,Clear,Dry,Daylight
2022-08-01T13:15:00.000,I 75,I 75 and Pryor Street Opas,,Rear End,3,Cloudy,Dry,Daylight
2022-08-30T16:02:00.000,I 75,I 75 and Pryor Street Opas,,Rear End,2,Cloudy,Wet,Daylight
2022-09-08T13:27:00.000,I 75,I 75 and Pryor Street Opas,,Angle Crash,2,Clear,Dry,Daylight
2023-12-01T12:00:00.000,I 75,I 75 and Pryor Street Opas,,Rear End,2,Cloudy,Wet,Daylight
2023-10-23T15:07:00.000,I 75,I 75 and Pryor Street Opas,,Rear End,2,Clear,Dry,Daylight
2024-01-16T18:00:00.000,I 75,I 75 and Pryor Street Opas,,Sideswipe-Same Direction,2,Clear,Dry,Dark-Not Lighted
2023-11-14T17:55:00.000,I 75,I 75 and Pryor St Opas,,Rear End,2,Cloudy,Dry,Dark-Lighted
2024-08-19T10:05:00.000,I 75,I 75 and Pryor St Opas,,Sideswipe-Same Direction,2,Clear,Dry,Daylight
2024-03-01T19:17:00.000,I 75,I 75 and Pryor St Opas,,Sideswipe-Same Direction,2,Rain,Wet,Dark-Lighted
2021-12-16T19:00:00.000,I 75,I 75 and Pryor St,,Sideswipe-Same Direction,2,Clear,Dry,Dark-Lighted
2023-02-14T15:50:00.000,I 75,I 75 and Pryor St,,Sideswipe-Same Direction,2,Clear,Dry,Daylight
2023-02-09T19:30:00.000,I 75,I 75 and Pryor St,,Rear End,2,Rain,Wet,Dark-Lighted
2023-01-19T14:00:00.000,I 75,I 75 and Pryor St,,Sideswipe-Same Direction,2,Clear,Dry,Daylight
2023-02-21T06:30:00.000,I 75,I 75 and Pryor St,,Rear End,2,Clear,Dry,Dawn
2023-06-02T19:00:00.000,I 75,I 75 and Pryor St,,Rear End,2,Clear,Dry,Daylight
2023-03-07T09:20:00.000,I 75,I 75 and Pryor St,,Sideswipe-Same Direction,2,Clear,Dry,Daylight
2023-05-05T13:50:00.000,I 75,I 75 and Pryor St,,Rear End,2,Rain,Wet,Daylight
2023-03-02T15:00:00.000,I 75,I 75 and Pryor St,,Sideswipe-Same Direction,2,Rain,Wet,Daylight
2023-07-11T15:20:00.000,I 75,I 75 and Pryor St,,Sideswipe-Same Direction,2,Cloudy,Dry,Daylight
2022-09-16T07:05:00.000,I 75,I 75 and Pryor St,,Rear End,3,Clear,Dry,Dusk
2022-12-05T18:20:00.000,I 75,I 75 and Pryor St,,Rear End,2,Rain,Wet,Dark-Lighted
2022-09-29T07:30:00.000,I 75,I 75 and Pryor St,,Rear End,2,Clear,Dry,Daylight
2022-03-22T14:55:00.000,I 75,I 75 and Pryor St,,Rear End,2,Clear,Dry,Daylight
2022-09-16T17:50:00.000,I 75,I 75 and Pryor St,,Sideswipe-Same Direction,2,Clear,Dry,Daylight
2022-07-22T11:30:00.000,I 75,I 75 and Pryor St,,Rear End,2,Clear,Dry,Daylight
2022-03-28T17:25:00.000,I 75,I 75 and Pryor St,,Rear End,2,Clear,Dry,Daylight
2022-09-29T12:20:00.000,I 75,I 75 and Pryor St,,Rear End,2,Clear,Dry,Daylight
2022-09-16T07:05:00.000,I 75,I 75 and Pryor St,,Rear End,2,Clear,Dry,Dawn
2022-09-05T19:15:00.000,I 75,I 75 and Pryor St,,Rear End,2,Cloudy,Dry,Daylight
2022-09-08T13:30:00.000,I 75,I 75 and Pryor St,,Rear End,3,Cloudy,Dry,Daylight
2022-09-06T16:20:00.000,I 75,I 75 and Pryor St,,Sideswipe-Same Direction,3,Clear,Dry,Daylight
2022-11-21T12:45:00.000,I 75,I 75 and Pryor St,,Rear End,2,Clear,Dry,Daylight
2022-08-22T14:30:00.000,I 75,I 75 and Pryor St,,Rear End,2,Rain,Wet,Daylight
2022-08-05T17:50:00.000,I 75,I 75 and Pryor St,,Rear End,2,Rain,Wet,Daylight
2022-09-23T08:55:00.000,I 75,I 75 and Pryor St,,Rear End,2,Clear,Dry,Daylight
2022-12-20T16:00:00.000,I 75,I 75 and Pryor St,,Rear End,2,Rain,Wet,Daylight
2023-08-14T09:10:00.000,I 75,I 75 and Pryor St,,Rear End,2,Clear,Dry,Daylight
2024-06-13T16:15:00.000,I 75,I 75 and Pryor St,,Rear End,2,Clear,Dry,Daylight
2024-04-11T08:00:00.000,I 75,I 75 and Pryor St,,Sideswipe-Same Direction,2,Cloudy,Wet,Daylight
2024-09-09T08:15:00.000,I 75,I 75 and Pryor St,,Rear End,2,Clear,Dry,Daylight
2024-02-01T15:55:00.000,I 75,I 75 and Pryor St,,Sideswipe-Same Direction,2,Clear,Dry,Daylight
2024-04-02T09:45:00.000,I 75,I 75 and Pryor St,,Sideswipe-Same Direction,3,Clear,Dry,Daylight
2023-02-17T09:50:00.000,I 75,I 75 and Pryor St,,Sideswipe-Same Direction,2,Rain,Wet,Daylight
2023-05-29T18:00:00.000,I 75,I 75 and Pryor St,,Rear End,2,Clear,Dry,Daylight
2023-02-09T07:15:00.000,I 75,I 75 and Pryor St,,Rear End,3,Clear,Dry,Dawn
2023-02-21T16:05:00.000,I 75,I 75 and Pryor St,,Rear End,2,Clear,Wet,Daylight
2023-04-20T09:20:00.000,I 75,I 75 and Pryor St,,Rear End,3,Clear,Dry,Daylight
2024-04-11T11:54:00.000,I 75,I 75 and Pryor St,,Rear End,2,Cloudy,Wet,Daylight
2024-04-04T15:35:00.000,I 75,I 75 and Pryor St,,Sideswipe-Same Direction,2,Clear,Dry,Daylight
2024-12-12T13:00:00.000,I 75,I 75 and Pryor St,,Rear End,2,Clear,Dry,Daylight
2024-07-01T10:58:00.000,I 75,I 75 and Pryor St,,Sideswipe-Same Direction,3,Clear,Dry,Daylight
2024-12-20T11:50:00.000,I 75,I 75 and Pryor St,,Rear End,2,Clear,Dry,Daylight
2024-02-16T13:15:00.000,I 75,I 75 and Pryor St,,Rear End,3,Cloudy,Dry,Daylight
2024-07-22T13:45:00.000,I 75,I 75 and Pryor St,,Rear End,2,Cloudy,Dry,Daylight
2024-02-29T18:20:00.000,I 75,I 75 and Pryor St,,Rear End,2,Cloudy,Dry,Dark-Lighted
2024-04-04T14:50:00.000,I 75,I 75 and Pryor St,,Rear End,2,Clear,Dry,Daylight
2024-04-09T08:00:00.000,I 75,I 75 and Pryor St,,Rear End,2,Rain,Wet,Daylight
2023-09-16T21:20:00.000,I 75,I 75 and Pryor Road Southwest,,Sideswipe-Same Direction,2,Cloudy,Dry,Dark-Lighted
2023-05-09T12:05:00.000,I 75,I 75 and Pryor Road Overapss,,Rear End,2,Cloudy,Dry,Daylight
2021-04-23T13:31:00.000,I 75,I 75 and Pryor Road Opas,,Rear End,2,Clear,Dry,Daylight
2023-07-24T08:50:00.000,I 75,I 75 and Pryor Road Opas,,Rear End,2,Cloudy,Dry,Daylight
2023-04-11T15:53:00.000,I 75,I 75 and Pryor Road Opas,,Rear End,2,Clear,Dry,Daylight
2023-06-19T15:34:00.000,I 75,I 75 and Pryor Road Opas,,Rear End,3,Rain,Wet,Daylight
2023-04-10T08:16:00.000,I 75,I 75 and Pryor Road Opas,,Rear End,2,Clear,Dry,Daylight
2023-05-01T07:34:00.000,I 75,I 75 and Pryor Road Opas,,Angle Crash,2,Clear,Dry,Daylight
2023-12-07T14:31:00.000,I 75,I 75 and Pryor Road Opas,,Rear End,3,Clear,Dry,Daylight