Date and Time,Roadway (From Crash Report),Intersection Name (from Crash Report),KABCO Severity,Manner of Collision (Crash Level) ,# of Vehicles per crash ,Weather Conditions (Crash Level),Surface Condition (Crash Level) ,Light Conditions (Crash Level)
2023-10-16T08:21:00.000,I 75,I 75 and Pryor Road Opas,,Sideswipe-Same Direction,2,Clear,Dry,Daylight
2023-10-30T11:06:00.000,I 75,I 75 and Pryor Road Opas,,Sideswipe-Same Direction,2,Clear,Dry,Daylight
2023-05-16T07:29:00.000,I 75,I 75 and Pryor Road Opas,,Angle Crash,2,Cloudy,Dry,Daylight
2021-06-07T17:24:00.000,I 75,I 75 and Pryor Road Opas,,Rear End,2,Cloudy,Dry,Daylight
2021-10-25T15:56:00.000,I 75,I 75 and Pryor Road Opas,,Rear End,2,Clear,Dry,Daylight
2024-08-16T17:45:00.000,I 75,I 75 and Pryor Road Opas,,Rear End,2,Clear,Dry,Daylight
2023-04-20T09:30:00.000,I 75,I 75 and Pryor Road Opas,,Sideswipe-Same Direction,2,Clear,Dry,Daylight
2023-05-16T09:57:00.000,I 75,I 75 and Pryor Road Opas,,Sideswipe-Same Direction,2,Cloudy,Dry,Daylight
2023-09-12T10:40:00.000,I 75,I 75 and Pryor Road Opas,,Rear End,2,Cloudy,Dry,Daylight
2023-03-30T07:25:00.000,I 75,I 75 and Pryor Road Opas,,Rear End,2,Clear,Dry,Daylight
2023-10-16T10:55:00.000,I 75,I 75 and Pryor Road Opas,,Rear End,2,Cloudy,Dry,Daylight
2023-07-27T10:37:00.000,I 75,I 75 and Pryor Road Opas,,Rear End,2,Cloudy,Dry,Daylight
2023-06-06T08:00:00.000,I 75,I 75 and Pryor Road Opas,,Sideswipe-Same Direction,3,Cloudy,Dry,Daylight
2023-06-23T12:51:00.000,I 75,I 75 and Pryor Road Opas,,Rear End,2,Cloudy,Dry,Daylight
2024-02-28T15:25:00.000,I 75,I 75 and Pryor Road Opas,,Rear End,2,Cloudy,Dry,Daylight
2024-02-15T14:44:00.000,I 75,I 75 and Pryor Road Opas,,Angle Crash,2,Clear,Dry,Daylight
2023-01-23T18:02:00.000,I 75,I 75 and Pryor Rd Opas,,Sideswipe-Same Direction,4,Clear,Dry,Dawn
2024-07-02T17:20:00.000,I 75,I 75 and Pryor Rd Opas,,Rear End,2,Clear,Dry,Daylight
2021-12-07T09:04:00.000,I 75,I 75 and Pryor Rd,,Rear End,3,Clear,Dry,Daylight
2021-10-28T18:58:00.000,I 75,I 75 and Pryor Rd,,Rear End,2,Cloudy,Wet,Dusk
2021-11-08T17:31:00.000,I 75,I 75 and Pryor Rd,,Sideswipe-Same Direction,2,Clear,Dry,Dusk
2021-11-19T14:10:00.000,I 75,I 75 and Pryor Rd,,Rear End,2,Clear,Dry,Daylight
2021-11-16T16:30:00.000,I 75,I 75 and Pryor Rd,,Sideswipe-Same Direction,2,Clear,Dry,Daylight
2023-10-10T15:00:00.000,I 75,I 75 and Pryor Rd,,Rear End,2,Clear,Dry,Daylight
2023-03-28T10:05:00.000,I 75,I 75 and Pryor Rd,,Rear End,2,Cloudy,Dry,Daylight
2023-06-15T14:37:00.000,I 75,I 75 and Pryor Rd,,Rear End,3,Clear,Dry,Daylight
2023-04-20T07:50:00.000,I 75,I 75 and Pryor Rd,,Rear End,2,Clear,Dry,Daylight
2023-06-12T17:00:00.000,I 75,I 75 and Pryor Rd,,Sideswipe-Same Direction,2,Clear,Dry,Daylight
2023-12-04T07:35:00.000,I 75,I 75 and Pryor Rd,,Rear End,2,Clear,Dry,Daylight
2023-09-08T11:00:00.000,I 75,I 75 and Pryor Rd,,Rear End,3,Clear,Dry,Daylight
2023-09-14T16:31:00.000,I 75,I 75 and Pryor Rd,,Rear End,2,Cloudy,Wet,Daylight
2023-03-23T15:40:00.000,I 75,I 75 and Pryor Rd,,Rear End,2,Clear,Dry,Daylight
2023-04-18T15:35:00.000,I 75,I 75 and Pryor Rd,,Rear End,2,Clear,Dry,Daylight
2022-06-07T19:11:00.000,I 75,I 75 and Pryor Rd,,Rear End,2,Cloudy,Dry,Daylight
2021-12-09T18:27:00.000,I 75,I 75 and Pryor Rd,,Sideswipe-Same Direction,2,Clear,Dry,Dark-Lighted
2021-10-07T11:54:00.000,I 75,I 75 and Pryor Rd,,Sideswipe-Same Direction,2,Rain,Wet,Daylight
2022-06-02T16:34:00.000,I 75,I 75 and Pryor Rd,,Angle Crash,2,Clear,Dry,Daylight
2021-10-28T18:27:00.000,I 75,I 75 and Pryor Rd,,Rear End,2,Cloudy,Wet,Daylight
2022-12-01T08:50:00.000,I 75,I 75 and Pryor Rd,,Rear End,2,Clear,Dry,Daylight
2022-03-04T11:59:00.000,I 75,I 75 and Pryor Rd,,Rear End,2,Clear,Dry,Daylight
2022-11-29T07:54:00.000,I 75,I 75 and Pryor Rd,,Rear End,2,Clear,Dry,Daylight
2022-10-27T07:57:00.000,I 75,I 75 and Pryor Rd,,Sideswipe-Same Direction,2,Clear,Dry,Daylight
2022-12-08T16:20:00.000,I 75,I 75 and Pryor Rd,,Sideswipe-Same Direction,2,Clear,Dry,Daylight
2022-11-28T13:14:00.000,I 75,I 75 and Pryor Rd,,Rear End,2,Clear,Dry,Daylight
2022-05-23T08:52:00.000,I 75,I 75 and Pryor Rd,,Sideswipe-Same Direction,2,Rain,Wet,Daylight
2022-01-11T15:52:00.000,I 75,I 75 and Pryor Rd,,Rear End,2,Clear,Dry,Daylight
2022-11-17T16:53:00.000,I 75,I 75 and Pryor Rd,,Rear End,2,Clear,Dry,Dusk
2022-05-10T08:37:00.000,I 75,I 75 and Pryor Rd,,Rear End,2,Clear,Dry,Daylight
2022-07-28T08:40:00.000,I 75,I 75 and Pryor Rd,,Rear End,2,Clear,Dry,Daylight
2022-09-02T19:38:00.000,I 75,I 75 and Pryor Rd,,Not a Collision with Motor Vehicle,3,Cloudy,Dry,Daylight
2021-11-22T09:30:00.000,I 75,I 75 and Pryor Rd,,Rear End,2,Cloudy,Wet,Daylight
2022-11-18T15:57:00.000,I 75,I 75 and Pryor Rd,,Rear End,2,Clear,Dry,Daylight
2022-08-15T08:25:00.000,I 75,I 75 and Pryor Rd,,Sideswipe-Same Direction,2,Cloudy,Dry,Daylight
2022-12-01T14:19:00.000,I 75,I 75 and Pryor Rd,,Sideswipe-Same Direction,2,Clear,Dry,Daylight
2022-02-21T13:10:00.000,I 75,I 75 and Pryor Rd,,Sideswipe-Same Direction,2,Rain,Wet,Daylight
2022-11-01T16:57:00.000,I 75,I 75 and Pryor Rd,,Rear End,2,Clear,Dry,Daylight
2022-05-31T14:03:00.000,I 75,I 75 and Pryor Rd,,Rear End,2,Clear,Dry,Daylight
2022-03-18T10:23:00.000,I 75,I 75 and Pryor Rd,,Rear End,2,Cloudy,Dry,Daylight
2022-10-20T11:53:00.000,I 75,I 75 and Pryor Rd,,Rear End,2,Clear,Dry,Daylight
2022-12-09T18:34:00.000,I 75,I 75 and Pryor Rd,,Sideswipe-Same Direction,2,Rain,Wet,Dark-Lighted
2022-11-21T17:15:00.000,I 75,I 75 and Pryor Rd,,Rear End,2,Clear,Dry,Daylight
2022-10-21T09:31:00.000,I 75,I 75 and Pryor Rd,,Rear End,2,Clear,Dry,Daylight
2022-08-19T15:45:00.000,I 75,I 75 and Pryor Rd,,Rear End,2,Rain,Wet,Daylight
2022-07-25T16:50:00.000,I 75,I 75 and Pryor Rd,,Rear End,2,Cloudy,Dry,Daylight
2022-04-12T13:12:00.000,I 75,I 75 and Pryor Rd,,Sideswipe-Same Direction,2,Clear,Dry,Daylight
2022-02-04T11:43:00.000,I 75,I 75 and Pryor Rd,,Rear End,2,Cloudy,Wet,Daylight
2022-09-23T17:15:00.000,I 75,I 75 and Pryor Rd,,Sideswipe-Same Direction,2,Clear,Dry,Daylight
2022-05-30T14:31:00.000,I 75,I 75 and Pryor Rd,,Sideswipe-Same Direction,2,Clear,Dry,Daylight
2022-12-01T13:46:00.000,I 75,I 75 and Pryor Rd,,Sideswipe-Same Direction,2,Clear,Dry,Daylight
2022-12-05T12:45:00.000,I 75,I 75 and Pryor Rd,,Rear End,2,Rain,Dry,Daylight
2022-12-13T07:25:00.000,I 75,I 75 and Pryor Rd,,Rear End,2,Cloudy,Dry,Daylight
2022-02-04T14:30:00.000,I 75,I 75 and Pryor Rd,,Rear End,2,Cloudy,Wet,Daylight
2022-01-10T16:20:00.000,I 75,I 75 and Pryor Rd,,Rear End,2,Clear,Dry,Daylight
2022-03-22T06:36:00.000,I 75,I 75 and Pryor Rd,,Rear End,4,Clear,Dry,Dark-Lighted
2023-01-05T17:26:00.000,I 75,I 75 and Pryor Rd,,Sideswipe-Same Direction,2,Clear,Dry,Dusk
2023-01-05T17:39:00.000,I 75,I 75 and Pryor Rd,,Sideswipe-Same Direction,2,Clear,Dry,Dusk
2023-11-21T18:35:00.000,I 75,I 75 and Pryor Rd,,Rear End,2,Rain,Wet,Dark-Lighted
2024-06-03T12:52:00.000,I 75,I 75 and Pryor Rd,,Angle Crash,2,Clear,Dry,Daylight
2023-02-24T14:12:00.000,I 75,I 75 and Pryor Rd,,Sideswipe-Same Direction,2,Cloudy,Wet,Daylight
2023-12-11T19:25:00.000,I 75,I 75 and Pryor Rd,,Rear End,2,Clear,Dry,Dark-Lighted
2023-09-29T17:05:00.000,I 75,I 75 and Pryor Rd,,Sideswipe-Same Direction,2,Clear,Dry,Daylight
2023-06-22T08:35:00.000,I 75,I 75 and Pryor Rd,,Rear End,2,Rain,Wet,Daylight
2023-06-09T18:22:00.000,I 75,I 75 and Pryor Rd,,Rear End,2,Clear,Dry,Daylight
2023-08-07T17:30:00.000,I 75,I 75 and Pryor Rd,,Rear End,2,Cloudy,Wet,Daylight
2023-11-29T07:45:00.000,I 75,I 75 and Pryor Rd,,Rear End,2,Clear,Dry,Daylight
2023-10-02T09:05:00.000,I 75,I 75 and Pryor Rd,,Rear End,2,Clear,Dry,Daylight
2023-03-17T19:14:00.000,I 75,I 75 and Pryor Rd,,Sideswipe-Same Direction,2,Rain,Wet,Daylight
2024-06-28T13:25:00.000,I 75,I 75 and Pryor Rd,,Rear End,2,Cloudy,Dry,Daylight
2024-03-04T13:55:00.000,I 75,I 75 and Pryor Rd,,Sideswipe-Same Direction,2,Cloudy,Dry,Daylight
2024-04-05T19:00:00.000,I 75,I 75 and Pryor Rd,,Angle Crash,2,Clear,Dry,Daylight
2024-03-12T08:50:00.000,I 75,I 75 and Pryor Rd,,Sideswipe-Same Direction,2,Clear,Dry,Daylight
2024-05-17T07:20:00.000,I 75,I 75 and Pryor Rd,,Sideswipe-Same Direction,2,Cloudy,Dry,Daylight
2024-09-02T15:48:00.000,I 75,I 75 and Pryor Rd,,Rear End,2,Clear,Dry,Daylight
2024-07-29T00:00:00.000,I 75,I 75 and Pryor Rd,,Sideswipe-Same Direction,2,Cloudy,Wet,Daylight
2024-09-13T19:55:00.000,I 75,I 75 and Pryor Rd,,Rear End,3,Clear,Dry,Daylight
2024-05-24T12:05:00.000,I 75,I 75 and Pryor Rd,,Rear End,2,Clear,Dry,Daylight
2024-12-06T07:45:00.000,I 75,I 75 and Pryor Rd,,Rear End,2,Clear,Dry,Daylight
2024-12-19T12:28:00.000,I 75,I 75 and Pryor Rd,,Sideswipe-Same Direction,2,Clear,Dry,Daylight
2024-08-05T08:40:00.000,I 75,I 75 and Pryor Rd,,Rear End,2,Clear,Dry,Daylight
2024-07-16T10:19:00.000,I 75,I 75 and Pryor Rd,,Rear End,2,Clear,Dry,Daylight
2024-07-31T18:05:00.000,I 75,I 75 and Pryor Rd,,Not a Collision with Motor Vehicle,2,Cloudy,Dry,Daylight
2024-05-07T17:34:00.000,I 75,I 75 and Pryor Rd,,Rear End,2,Cloudy,Dry,Daylight
2022-07-19T06:50:00.000,I 75,I 75 and Prior St,,Rear End,2,Rain,Wet,Daylight
2022-04-21T16:15:00.000,I 75,I 75 and Prior Rd Opas,,Rear End,2,Clear,Dry,Daylight
2021-05-31T16:25:00.000,I 75,I 75 and Priest Rd,,Rear End,2,Clear,Dry,Daylight
2023-03-03T17:30:00.000,I 75,I 75 and Priest Rd,,Rear End,2,Clear,Dry,Dark-Lighted
2023-03-21T18:31:00.000,I 75,I 75 and Priest Rd,,Rear End,2,Clear,Dry,Daylight
2023-05-19T17:04:00.000,I 75,I 75 and Priest Rd,,Rear End,2,Clear,Dry,Daylight
2023-06-02T13:27:00.000,I 75,I 75 and Priest Rd,,Rear End,3,Clear,Dry,Daylight
2023-11-20T12:57:00.000,I 75,I 75 and Priest Rd,,Angle Crash,2,Cloudy,Dry,Daylight
2023-02-25T23:29:00.000,I 75,I 75 and Priest Rd,,Angle Crash,2,Cloudy,Wet,Dark-Not Lighted
2023-03-20T07:40:00.000,I 75,I 75 and Priest Rd,,Rear End,3,Clear,Dry,Dawn
2023-07-19T10:08:00.000,I 75,I 75 and Priest Rd,,Not a Collision with Motor Vehicle,1,Clear,Dry,Dark-Lighted
2023-09-06T11:52:00.000,I 75,I 75 and Priest Rd,,Sideswipe-Same Direction,2,Clear,Dry,Daylight
2023-09-22T20:00:00.000,I 75,I 75 and Priest Rd,,Rear End,2,Clear,Dry,Dark-Not Lighted
2020-07-19T00:00:00.000,I 75,I 75 and Priest Rd,,Sideswipe-Same Direction,2,Clear,Dry,Daylight
2020-01-03T13:40:00.000,I 75,I 75 and Priest Rd,,Rear End,3,Cloudy,Dry,Daylight
2020-05-22T15:27:00.000,I 75,I 75 and Priest Rd,,Rear End,2,Clear,Dry,Daylight
2020-09-14T23:06:00.000,I 75,I 75 and Priest Rd,,Sideswipe-Same Direction,2,Cloudy,Dry,Dark-Not Lighted
2022-10-18T07:46:00.000,I 75,I 75 and Priest Rd,,Rear End,2,Clear,Dry,Daylight
2022-12-27T19:51:00.000,I 75,I 75 and Priest Rd,,Rear End,2,Clear,Dry,Dark-Not Lighted
2022-04-10T13:04:00.000,I 75,I 75 and Priest Rd,,Rear End,2,Clear,Dry,Daylight
2022-09-05T06:40:00.000,I 75,I 75 and Priest Rd,,Not a Collision with Motor Vehicle,1,Cloudy,Dry,Dark-Not Lighted
2022-12-31T18:21:00.000,I 75,I 75 and Priest Rd,,Angle Crash,2,Cloudy,Dry,Dark-Not Lighted
2024-12-29T13:31:00.000,I 75,I 75 and Priest Rd,,Sideswipe-Same Direction,2,Cloudy,Dry,Daylight
2024-06-06T08:45:00.000,I 75,I 75 and Priest Rd,,Not a Collision with Motor Vehicle,1,Rain,Wet,Daylight
2024-05-03T18:48:00.000,I 75,I 75 and Priest Rd,,Rear End,2,Cloudy,Dry,Daylight
2024-09-12T09:01:00.000,I 75,I 75 and Priest Rd,,Rear End,2,Clear,Dry,Daylight
2023-12-28T14:31:00.000,I 75,I 75 and Priest Rd,,Sideswipe-Same Direction,2,Clear,Dry,Daylight
2023-07-26T16:50:00.000,I 75,I 75 and Priest Rd,,Sideswipe-Same Direction,2,Clear,Dry,Daylight
2023-09-06T12:30:00.000,I 75,I 75 and Priest Rd,,Rear End,2,Clear,Dry,Daylight
2024-06-07T19:10:00.000,I 75,I 75 and Priest Rd,,Rear End,4,Clear,Dry,Daylight
2024-06-03T05:45:00.000,I 75,I 75 and Priest Rd,,Not a Collision with Motor Vehicle,1,Clear,Dry,Dawn
2024-12-07T12:39:00.000,I 75,I 75 and Priest Rd,,Rear End,3,Clear,Dry,Daylight
2024-06-14T19:40:00.000,I 75,I 75 and Priest Rd,,Head On,2,Clear,Dry,Daylight
2024-10-23T09:45:00.000,I 75,I 75 and Priest Rd,,Rear End,2,Clear,Dry,Daylight
2024-10-03T13:25:00.000,I 75,I 75 and Priest Rd,,Sideswipe-Same Direction,2,Clear,Dry,Daylight
2024-08-09T06:27:00.000,I 75,I 75 and Priest Rd,,Not a Collision with Motor Vehicle,1,Clear,Dry,Dawn
2024-07-27T00:00:00.000,I 75,I 75 and Priest Rd,,Sideswipe-Same Direction,2,Clear,Dry,Daylight
2024-05-21T07:55:00.000,I 75,I 75 and Priest Rd,,Sideswipe-Same Direction,2,Clear,Dry,Dawn
2024-05-11T00:00:00.000,I 75,I 75 and Priest Rd,,Rear End,3,Clear,Dry,Daylight
2024-07-21T17:20:00.000,I 75,I 75 and Priest Rd,,Rear End,2,Cloudy,Dry,Daylight
2024-05-13T18:05:00.000,I 75,I 75 and Priest Rd,,Rear End,2,Cloudy,Dry,Daylight
2024-09-13T11:35:00.000,I 75,I 75 and Priest Rd,,Sideswipe-Same Direction,2,Cloudy,Dry,Daylight
2024-10-02T13:40:00.000,I 75,I 75 and Priest Rd,,Angle Crash,3,Clear,Dry,Daylight
2024-04-29T15:28:00.000,I 75,I 75 and Priest Rd,,Angle Crash,2,Clear,Dry,Daylight
2024-04-20T16:47:00.000,I 75,I 75 and Priest Rd,,Angle Crash,2,Clear,Dry,Daylight
2024-07-25T16:00:00.000,I 75,I 75 and Priest Rd,,Rear End,2,Cloudy,Wet,Daylight
2024-08-13T07:13:00.000,I 75,I 75 and Priest Rd,,Rear End,3,Clear,Dry,Daylight
2024-08-26T09:10:00.000,I 75,I 75 and Priest Rd,,Not a Collision with Motor Vehicle,3,Clear,Dry,Daylight
2024-05-30T09:13:00.000,I 75,I 75 and Priest Rd,,Rear End,3,Clear,Dry,Daylight
2024-12-11T15:34:00.000,I 75,I 75 and Priest Rd,,Rear End,2,Clear,Dry,Daylight
2024-09-25T10:20:00.000,I 75,I 75 and Preist Road Opas,,Not a Collision with Motor Vehicle,1,Cloudy,Wet,Daylight
2024-12-09T19:06:00.000,I 75,I 75 and Powers Ferry Rd,,Angle Crash,2,Rain,Wet,Dark-Not Lighted
2020-01-16T09:45:00.000,I 75,I 75 and Porshe Ave,,Not a Collision with Motor Vehicle,1,Cloudy,Wet,Daylight
2023-01-30T08:00:00.000,I 75,I 75 and Porshe Ave,,Rear End,2,Cloudy,Wet,Daylight
2020-01-28T17:25:00.000,I 75,I 75 and Porshe Ave,,Sideswipe-Same Direction,2,Clear,Dry,Daylight
2022-10-17T19:20:00.000,I 75,I 75 and Porshe Ave,,Not a Collision with Motor Vehicle,1,Cloudy,Dry,Dark-Lighted
2022-04-14T05:45:00.000,I 75,I 75 and Porshe Ave,,Sideswipe-Same Direction,2,Cloudy,Wet,Dark-Lighted
2022-12-09T16:30:00.000,I 75,I 75 and Porshe Ave,,Rear End,2,Rain,Wet,Daylight
2023-03-09T17:10:00.000,I 75,I 75 and Porshe Ave,,Rear End,2,Cloudy,Dry,Daylight
2023-07-27T17:35:00.000,I 75,I 75 and Porsche Avenue Opas,,Sideswipe-Same Direction,2,Clear,Dry,Daylight
2022-09-01T13:04:00.000,I 75,I 75 and Porsche Ave.,,Sideswipe-Same Direction,2,Clear,Dry,Daylight
2021-02-27T06:13:00.000,I 75,I 75 and Porsche Ave,,Not a Collision with Motor Vehicle,1,Cloudy,Dry,Dark-Lighted
2021-07-30T14:50:00.000,I 75,I 75 and Porsche Ave,,Rear End,2,Clear,Dry,Daylight
2021-10-01T15:30:00.000,I 75,I 75 and Porsche Ave,,Sideswipe-Same Direction,2,Clear,Dry,Daylight
2021-09-17T16:30:00.000,I 75,I 75 and Porsche Ave,,Rear End,3,Cloudy,Wet,Daylight
2021-10-21T18:40:00.000,I 75,I 75 and Porsche Ave,,Rear End,3,Clear,Dry,Daylight
2021-03-23T17:25:00.000,I 75,I 75 and Porsche Ave,,Rear End,3,Clear,Dry,Daylight
2021-02-25T19:35:00.000,I 75,I 75 and Porsche Ave,,Sideswipe-Same Direction,2,Clear,Dry,Dark-Not Lighted
2020-02-17T08:22:00.000,I 75,I 75 and Porsche Ave,,Sideswipe-Same Direction,2,Fog,Dry,Daylight
2023-06-12T16:20:00.000,I 75,I 75 and Porsche Ave,,Rear End,2,Cloudy,Dry,Daylight
2023-06-30T15:16:00.000,I 75,I 75 and Porsche Ave,,Sideswipe-Same Direction,2,Rain,Wet,Daylight
2023-04-13T16:21:00.000,I 75,I 75 and Porsche Ave,,Rear End,2,Rain,Wet,Daylight
2023-04-18T17:50:00.000,I 75,I 75 and Porsche Ave,,Rear End,5,Clear,Dry,Daylight
2023-11-20T14:24:00.000,I 75,I 75 and Porsche Ave,,Angle Crash,3,Cloudy,Dry,Daylight
2023-09-05T16:48:00.000,I 75,I 75 and Porsche Ave,,Rear End,2,Clear,Dry,Daylight
2020-11-06T15:58:00.000,I 75,I 75 and Porsche Ave,,Rear End,2,Clear,Dry,Daylight
2020-08-30T20:57:00.000,I 75,I 75 and Porsche Ave,,Rear End,2,Rain,Wet,Dark-Not Lighted
2020-01-24T16:31:00.000,I 75,I 75 and Porsche Ave,,Rear End,3,Clear,Wet,Daylight
2020-10-07T17:58:00.000,I 75,I 75 and Porsche Ave,,Sideswipe-Same Direction,2,Clear,Dry,Daylight
2020-08-28T12:13:00.000,I 75,I 75 and Porsche Ave,,Sideswipe-Same Direction,2,Clear,Dry,Daylight
2020-09-29T14:00:00.000,I 75,I 75 and Porsche Ave,,Sideswipe-Same Direction,2,Rain,Wet,Daylight
2020-01-30T16:56:00.000,I 75,I 75 and Porsche Ave,,Rear End,2,Clear,Dry,Daylight
2020-12-29T15:52:00.000,I 75,I 75 and Porsche Ave,,Sideswipe-Same Direction,2,Clear,Dry,Daylight
2020-02-13T16:29:00.000,I 75,I 75 and Porsche Ave,,Rear End,2,Cloudy,Wet,Daylight
2020-12-16T16:27:00.000,I 75,I 75 and Porsche Ave,,Angle Crash,2,Clear,Dry,Daylight
2020-01-30T16:25:00.000,I 75,I 75 and Porsche Ave,,Sideswipe-Same Direction,2,Clear,Dry,Daylight
2020-11-09T19:30:00.000,I 75,I 75 and Porsche Ave,,Rear End,2,Clear,Dry,Dark-Not Lighted
2021-04-06T18:32:00.000,I 75,I 75 and Porsche Ave,,Angle Crash,2,Clear,Dry,Daylight
2021-03-24T16:52:00.000,I 75,I 75 and Porsche Ave,,Rear End,2,Clear,Dry,Daylight
2021-04-12T08:47:00.000,I 75,I 75 and Porsche Ave,,Not a Collision with Motor Vehicle,2,Cloudy,Dry,Daylight
2021-12-08T16:16:00.000,I 75,I 75 and Porsche Ave,,Sideswipe-Same Direction,2,Clear,Dry,Daylight
2021-09-17T16:30:00.000,I 75,I 75 and Porsche Ave,,Sideswipe-Same Direction,2,Cloudy,Wet,Daylight
2021-10-21T17:45:00.000,I 75,I 75 and Porsche Ave,,Rear End,2,Clear,Dry,Daylight
2022-10-14T17:20:00.000,I 75,I 75 and Porsche Ave,,Rear End,3,Clear,Dry,Daylight
2022-08-11T17:48:00.000,I 75,I 75 and Porsche Ave,,Rear End,2,Cloudy,Dry,Daylight
2022-07-01T19:11:00.000,I 75,I 75 and Porsche Ave,,Rear End,2,Clear,Dry,Daylight
2022-10-28T08:01:00.000,I 75,I 75 and Porsche Ave,,Sideswipe-Same Direction,2,Clear,Dry,Daylight
2022-05-31T14:01:00.000,I 75,I 75 and Porsche Ave,,Sideswipe-Same Direction,2,Clear,Dry,Daylight
2022-11-15T17:22:00.000,I 75,I 75 and Porsche Ave,,Rear End,2,Rain,Wet,Daylight
2022-02-21T19:50:00.000,I 75,I 75 and Porsche Ave,,Sideswipe-Same Direction,2,Rain,Wet,Dark-Lighted
2022-11-08T02:50:00.000,I 75,I 75 and Porsche Ave,,Rear End,2,Clear,Dry,Daylight
2022-11-25T12:40:00.000,I 75,I 75 and Porsche Ave,,Not a Collision with Motor Vehicle,1,Cloudy,Wet,Daylight
2022-12-08T17:05:00.000,I 75,I 75 and Porsche Ave,,Rear End,2,Cloudy,Dry,Daylight
2022-11-15T17:15:00.000,I 75,I 75 and Porsche Ave,,Rear End,2,Cloudy,Wet,Daylight
2022-05-31T09:05:00.000,I 75,I 75 and Porsche Ave,,Rear End,2,Cloudy,Dry,Daylight
2023-04-13T16:17:00.000,I 75,I 75 and Porsche Ave,,Rear End,2,Rain,Wet,Daylight
2024-01-30T16:54:00.000,I 75,I 75 and Porsche Ave,,Rear End,3,Clear,Dry,Daylight
2023-07-25T14:34:00.000,I 75,I 75 and Porsche Ave,,Sideswipe-Same Direction,2,Clear,Dry,Daylight
2023-09-07T12:10:00.000,I 75,I 75 and Porsche Ave,,Rear End,2,Clear,Dry,Daylight
2023-03-23T10:38:00.000,I 75,I 75 and Porsche Ave,,Not a Collision with Motor Vehicle,1,Clear,Dry,Daylight
2023-05-05T08:06:00.000,I 75,I 75 and Porsche Ave,,Not a Collision with Motor Vehicle,1,Cloudy,Dry,Daylight
2023-06-19T15:32:00.000,I 75,I 75 and Porsche Ave,,Sideswipe-Same Direction,2,Cloudy,Dry,Daylight
2023-08-19T01:37:00.000,I 75,I 75 and Porsche Ave,,Angle Crash,2,Clear,Dry,Dark-Lighted
2023-03-23T10:57:00.000,I 75,I 75 and Porsche Ave,,Not a Collision with Motor Vehicle,1,Clear,Dry,Daylight
2024-03-01T19:00:00.000,I 75,I 75 and Porsche Ave,,Rear End,3,Rain,Wet,Dark-Lighted
2024-11-28T16:40:00.000,I 75,I 75 and Porsche Ave,,Not a Collision with Motor Vehicle,1,Cloudy,Dry,Dusk
2024-11-25T11:10:00.000,I 75,I 75 and Porsche Ave,,Sideswipe-Same Direction,2,Clear,Dry,Daylight
2024-02-02T11:42:00.000,I 75,I 75 and Porsche Ave,,Sideswipe-Same Direction,2,Clear,Dry,Daylight
2024-11-19T19:06:00.000,I 75,I 75 and Porsche Ave,,Rear End,3,Cloudy,Wet,Dark-Not Lighted
2024-01-02T19:06:00.000,I 75,I 75 and Porsche Ave,,Rear End,3,Clear,Dry,Dark-Not Lighted
2024-01-11T18:00:00.000,I 75,I 75 and Porsche  Avenue Mile249,,Rear End,2,Clear,Dry,Dark-Lighted
2020-12-21T18:18:00.000,I 75,I 75 and Porche Ave,,Rear End,2,Clear,Dry,Dark-Not Lighted
2024-02-08T11:12:00.000,I 75,I 75 and Porche Ave,,Sideswipe-Same Direction,2,Clear,Dry,Daylight
2024-02-15T09:06:00.000,I 75,I 75 and Pleasant Valley Rd Opas,,Not a Collision with Motor Vehicle,1,Clear,Dry,Daylight
2022-02-26T09:15:00.000,I 75,I 75 and Pleasant Valley Rd,,Not a Collision with Motor Vehicle,2,Cloudy,Dry,Daylight
2024-04-21T11:04:00.000,I 75,I 75 and Pleasant Valley Rd,,Rear End,2,Rain,Wet,Daylight
2024-03-07T01:54:00.000,I 75,I 75 and Pleasant Valley Rd,,Not a Collision with Motor Vehicle,1,Cloudy,Dry,Dark-Not Lighted
2024-04-27T09:25:00.000,I 75,I 75 and Pleasant Valley Rd,,Rear End,2,Cloudy,Dry,Daylight
2024-02-02T17:53:00.000,I 75,I 75 and Pleasant Valley Rd,,Not a Collision with Motor Vehicle,2,Clear,Dry,Daylight
2024-04-21T11:43:00.000,I 75,I 75 and Pleasant Valley Rd,,Rear End,3,Rain,Wet,Daylight
2024-02-16T10:40:00.000,I 75,I 75 and Pleasant Valley Rd,,Rear End,2,Cloudy,Dry,Daylight
2024-03-01T10:05:00.000,I 75,I 75 and Pleasant Valley Rd,,Rear End,3,Rain,Wet,Daylight
2024-02-19T12:15:00.000,I 75,I 75 and Pleasant Valley Rd,,Not a Collision with Motor Vehicle,1,Clear,Dry,Daylight
2024-11-05T12:53:00.000,I 75,I 75 and Pleasant Valley Opas,,Not a Collision with Motor Vehicle,1,Cloudy,Snow,Daylight
2024-07-19T23:32:00.000,I 75,I 75 and Pleasant Valley,,Rear End,2,Rain,Wet,Dark-Not Lighted
2020-11-11T19:05:00.000,I 75,I 75 and Pionono Exit Rp,,Not a Collision with Motor Vehicle,1,Rain,Water (standing or moving),Dark-Lighted
2021-04-06T10:48:00.000,I 75,I 75 and Pionono Ave,,Not a Collision with Motor Vehicle,2,Clear,Dry,Daylight
2021-03-31T17:09:00.000,I 75,I 75 and Pionono Ave,,Not a Collision with Motor Vehicle,1,Rain,Wet,Daylight
2020-08-21T10:47:00.000,I 75,I 75 and Pionono Ave,,Sideswipe-Same Direction,2,Cloudy,Dry,Daylight
2022-02-06T16:34:00.000,I 75,I 75 and Pionono Ave,,Not a Collision with Motor Vehicle,2,Cloudy,Dry,Daylight