Date and Time,Roadway (From Crash Report),Intersection Name (from Crash Report),KABCO Severity,Manner of Collision (Crash Level) ,# of Vehicles per crash ,Weather Conditions (Crash Level),Surface Condition (Crash Level) ,Light Conditions (Crash Level)
2021-01-15T10:38:00.000,I 75,I 75 and Pio Nono Exit,,Sideswipe-Same Direction,2,Clear,Dry,Daylight
2021-05-09T06:10:00.000,I 75,I 75 and Pio Nono Exit,,Sideswipe-Same Direction,2,Clear,Dry,Dark-Lighted
2021-06-26T21:00:00.000,I 75,I 75 and Pio Nono Entrance Rp,,Not a Collision with Motor Vehicle,1,Rain,Wet,Dark-Lighted
2023-04-21T17:15:00.000,I 75,I 75 and Pio Nono Ave. Exit,,Rear End,2,Clear,Dry,Daylight
2022-08-12T16:42:00.000,I 75,I 75 and Pio Nono Ave.,,Not a Collision with Motor Vehicle,1,Rain,Wet,Daylight
2020-07-28T15:06:00.000,I 75,I 75 and Pio Nono Ave On Ramp To I75,,Sideswipe-Same Direction,2,Clear,Dry,Daylight
2023-03-28T16:09:00.000,I 75,I 75 and Pio Nono Ave Exit,,Sideswipe-Same Direction,2,Clear,Dry,Daylight
2024-05-16T18:28:00.000,I 75,I 75 and Pio Nono Ave Exit,,Sideswipe-Opposite Direction,2,Clear,Dry,Daylight
2023-04-08T23:39:00.000,I 75,I 75 and Pio Nono Ave Entry Ramp To 75,,Angle Crash,2,Clear,Wet,Dark-Not Lighted
2021-06-10T07:54:00.000,I 75,I 75 and Pio Nono Ave,,Sideswipe-Same Direction,2,Clear,Dry,Daylight
2021-07-28T23:20:00.000,I 75,I 75 and Pio Nono Ave,,Not a Collision with Motor Vehicle,1,Clear,Dry,Dark-Not Lighted
2021-01-31T10:58:00.000,I 75,I 75 and Pio Nono Ave,,Not a Collision with Motor Vehicle,1,Rain,Wet,Daylight
2021-08-11T19:32:00.000,I 75,I 75 and Pio Nono Ave,,Sideswipe-Same Direction,2,Cloudy,Dry,Daylight
2021-12-10T15:30:00.000,I 75,I 75 and Pio Nono Ave,,Rear End,2,Fog,Wet,Daylight
2021-12-19T13:51:00.000,I 75,I 75 and Pio Nono Ave,,Sideswipe-Same Direction,2,Clear,Dry,Daylight
2021-03-13T16:03:00.000,I 75,I 75 and Pio Nono Ave,,Sideswipe-Same Direction,2,Clear,Dry,Daylight
2023-04-11T21:14:00.000,I 75,I 75 and Pio Nono Ave,,Rear End,3,Clear,Dry,Dark-Lighted
2023-06-07T00:55:00.000,I 75,I 75 and Pio Nono Ave,,Sideswipe-Same Direction,2,Clear,Dry,Dark-Not Lighted
2022-09-03T17:58:00.000,I 75,I 75 and Pio Nono Ave,,Not a Collision with Motor Vehicle,1,Clear,Dry,Daylight
2020-05-20T18:51:00.000,I 75,I 75 and Pio Nono Ave,,Not a Collision with Motor Vehicle,1,Cloudy,Dry,Daylight
2020-11-28T02:14:00.000,I 75,I 75 and Pio Nono Ave,,Not a Collision with Motor Vehicle,1,Rain,Water (standing or moving),Dark-Not Lighted
2020-05-20T16:30:00.000,I 75,I 75 and Pio Nono Ave,,Sideswipe-Same Direction,2,Cloudy,Dry,Daylight
2020-06-22T16:59:00.000,I 75,I 75 and Pio Nono Ave,,Not a Collision with Motor Vehicle,1,Cloudy,Dry,Daylight
2020-12-23T10:01:00.000,I 75,I 75 and Pio Nono Ave,,Sideswipe-Same Direction,2,Clear,Dry,Daylight
2020-11-28T01:50:00.000,I 75,I 75 and Pio Nono Ave,,Not a Collision with Motor Vehicle,1,Rain,Water (standing or moving),Dark-Not Lighted
2020-11-19T03:21:00.000,I 75,I 75 and Pio Nono Ave,,Not a Collision with Motor Vehicle,1,Clear,Dry,Dark-Not Lighted
2020-07-20T23:16:00.000,I 75,I 75 and Pio Nono Ave,,Rear End,2,Clear,Dry,Dark-Not Lighted
2021-06-09T16:04:00.000,I 75,I 75 and Pio Nono Ave,,Angle Crash,2,Clear,Dry,Daylight
2021-12-06T00:09:00.000,I 75,I 75 and Pio Nono Ave,,Not a Collision with Motor Vehicle,1,Clear,Dry,Dark-Lighted
2021-11-13T19:25:00.000,I 75,I 75 and Pio Nono Ave,,Sideswipe-Same Direction,2,Clear,Dry,Dark-Lighted
2022-03-19T00:15:00.000,I 75,I 75 and Pio Nono Ave,,Not a Collision with Motor Vehicle,1,Cloudy,Dry,Dark-Not Lighted
2022-04-15T22:31:00.000,I 75,I 75 and Pio Nono Ave,,Rear End,2,Clear,Dry,Dark-Not Lighted
2021-09-28T08:50:00.000,I 75,I 75 and Pio Nono Ave,,Rear End,2,Clear,Dry,Daylight
2022-05-10T17:58:00.000,I 75,I 75 and Pio Nono Ave,,Sideswipe-Same Direction,2,Clear,Dry,Daylight
2022-02-25T07:34:00.000,I 75,I 75 and Pio Nono Ave,,Rear End,2,Clear,Dry,Daylight
2022-03-14T17:55:00.000,I 75,I 75 and Pio Nono Ave,,Not a Collision with Motor Vehicle,2,Clear,Dry,Dark-Not Lighted
2024-07-02T17:44:00.000,I 75,I 75 and Pio Nono Ave,,Rear End,2,Clear,Dry,Daylight
2024-02-06T17:13:00.000,I 75,I 75 and Pio Nono Ave,,Rear End,2,Clear,Dry,Daylight
2023-09-12T17:13:00.000,I 75,I 75 and Pio Nono Ave,,Not a Collision with Motor Vehicle,1,Rain,Wet,Daylight
2023-02-08T17:35:00.000,I 75,I 75 and Pio Nono Ave,,Sideswipe-Same Direction,2,Clear,Dry,Daylight
2024-08-23T17:53:00.000,I 75,I 75 and Pio Nono Ave,,Not a Collision with Motor Vehicle,1,Clear,Dry,Daylight
2024-06-10T14:27:00.000,I 75,I 75 and Pio Nono Ave,,Not a Collision with Motor Vehicle,1,Clear,Dry,Daylight
2024-10-28T07:19:00.000,I 75,I 75 and Pio Nono Ave,,Not a Collision with Motor Vehicle,2,Clear,Dry,Dawn
2023-10-10T18:45:00.000,I 75,I 75 and Pio Nono  Ave On Rp,,Not a Collision with Motor Vehicle,1,Clear,Dry,Daylight
2020-03-12T16:01:00.000,I 75,I 75 and Pio Nono,,Rear End,2,Cloudy,Dry,Daylight
2022-10-12T16:30:00.000,I 75,I 75 and Pinhurst-Hawkinsville Rd,,Rear End,2,Cloudy,Dry,Daylight
2021-05-15T03:06:00.000,I 75,I 75 and Pinhurst Hawkinsville Rd,,Sideswipe-Same Direction,2,Clear,Dry,Dark-Lighted
2023-12-13T11:58:00.000,I 75,I 75 and Pineview-Hawkinsville Rd,,Sideswipe-Same Direction,2,Clear,Dry,Daylight
2020-06-07T07:40:00.000,I 75,I 75 and Pinesville Hawkinsville Rd,,Angle Crash,2,Cloudy,Dry,Daylight
2020-06-13T23:54:00.000,I 75,I 75 and Pinehursthawkinsville Rd,,Rear End,2,Clear,Dry,Dark-Not Lighted
2020-07-07T12:34:00.000,I 75,I 75 and Pinehursthawkinsville Rd,,Not a Collision with Motor Vehicle,1,Rain,Wet,Daylight
2024-06-28T11:12:00.000,I 75,I 75 and Pinehurst-Hawkoinsville,,Sideswipe-Same Direction,2,Clear,Dry,Daylight
2024-07-05T23:35:00.000,I 75,I 75 and Pinehurst-Hawkinsvillle Rd,,Angle Crash,2,Rain,Wet,Dark-Not Lighted
2022-07-09T14:40:00.000,I 75,I 75 and Pinehurst-Hawkinsville Road Ov,,Angle Crash,2,Rain,Wet,Daylight
2021-06-19T20:10:00.000,I 75,I 75 and Pinehurst-Hawkinsville Rd,,Angle Crash,2,Rain,Wet,Dark-Not Lighted
2021-12-07T18:05:00.000,I 75,I 75 and Pinehurst-Hawkinsville Rd,,Not a Collision with Motor Vehicle,1,Cloudy,Dry,Dark-Not Lighted
2023-07-27T19:45:00.000,I 75,I 75 and Pinehurst-Hawkinsville Rd,,Rear End,2,Clear,Dry,Daylight
2020-01-18T13:40:00.000,I 75,I 75 and Pinehurst-Hawkinsville Rd,,Not a Collision with Motor Vehicle,1,Clear,Dry,Daylight
2021-06-12T14:35:00.000,I 75,I 75 and Pinehurst-Hawkinsville Rd,,Not a Collision with Motor Vehicle,3,Cloudy,Dry,Daylight
2021-08-30T05:47:00.000,I 75,I 75 and Pinehurst-Hawkinsville Rd,,Not a Collision with Motor Vehicle,1,Cloudy,Dry,Dark-Lighted
2022-03-13T09:31:00.000,I 75,I 75 and Pinehurst-Hawkinsville Rd,,Not a Collision with Motor Vehicle,1,Clear,Dry,Daylight
2022-07-17T17:29:00.000,I 75,I 75 and Pinehurst-Hawkinsville Rd,,Not a Collision with Motor Vehicle,1,Cloudy,Dry,Daylight
2022-04-27T18:00:00.000,I 75,I 75 and Pinehurst-Hawkinsville Rd,,Sideswipe-Same Direction,2,Clear,Dry,Daylight
2024-05-29T20:48:00.000,I 75,I 75 and Pinehurst-Hawkinsville Rd,,Rear End,2,Cloudy,Dry,Dark-Not Lighted
2024-07-26T14:35:00.000,I 75,I 75 and Pinehurst-Hawkinsville Rd,,Not a Collision with Motor Vehicle,1,Clear,Dry,Daylight
2024-08-06T08:41:00.000,I 75,I 75 and Pinehurst-Hawkinsville Rd,,Sideswipe-Same Direction,2,Cloudy,Dry,Daylight
2024-08-03T17:31:00.000,I 75,I 75 and Pinehurst-Hawkinsville Rd,,Not a Collision with Motor Vehicle,1,Rain,Wet,Daylight
2021-08-21T15:55:00.000,I 75,I 75 and Pinehurst-Hawkinsville Hwy,,Not a Collision with Motor Vehicle,1,Rain,Wet,Daylight
2021-08-21T15:55:00.000,I 75,I 75 and Pinehurst-Hawkinsville Hwy,,Not a Collision with Motor Vehicle,1,Rain,Wet,Daylight
2021-10-21T16:29:00.000,I 75,I 75 and Pinehurst-Hawkinsvile Rd,,Sideswipe-Same Direction,2,Clear,Dry,Daylight
2023-08-03T16:15:00.000,I 75,I 75 and Pinehurst- Hawkinsville Rd,,Rear End,2,Clear,Dry,Daylight
2022-07-20T14:10:00.000,I 75,I 75 and Pinehurst- Hawkinsville Rd,,Rear End,2,Rain,Wet,Daylight
2020-07-15T15:12:00.000,I 75,I 75 and Pinehurst Rd Opas,,Not a Collision with Motor Vehicle,1,Rain,Wet,Daylight
2020-07-29T19:03:00.000,I 75,I 75 and Pinehurst Rd,,Not a Collision with Motor Vehicle,1,Rain,Wet,Daylight
2021-04-24T15:29:00.000,I 75,I 75 and Pinehurst Rd,,Not a Collision with Motor Vehicle,1,Rain,Wet,Daylight
2022-09-19T15:20:00.000,I 75,I 75 and Pinehurst Rd,,Sideswipe-Same Direction,2,Clear,Dry,Daylight
2021-05-26T09:16:00.000,I 75,I 75 and Pinehurst Hawkinville Rd,,Rear End,2,Clear,Dry,Daylight
2023-04-14T05:49:00.000,I 75,I 75 and Pinehurst Hawkinville Rd,,Head On,2,Clear,Dry,Dark-Not Lighted
2022-02-17T04:44:00.000,I 75,I 75 and Pinehurst Hawkinville Rd,,Rear End,2,Clear,Dry,Dark-Not Lighted
2022-04-14T05:49:00.000,I 75,I 75 and Pinehurst Hawkinville Rd,,Not a Collision with Motor Vehicle,1,Clear,Dry,Dark-Not Lighted
2022-10-17T20:11:00.000,I 75,I 75 and Pinehurst Hawkinville Rd,,Angle Crash,2,Clear,Dry,Daylight
2024-02-12T07:40:00.000,I 75,I 75 and Pinehurst Hawkinville Rd,,Not a Collision with Motor Vehicle,1,Rain,Wet,Daylight
2023-08-11T21:30:00.000,I 75,I 75 and Pinehurst Hawkinville Rd,,Sideswipe-Same Direction,2,Clear,Dry,Dark-Not Lighted
2021-04-24T16:51:00.000,I 75,I 75 and Pinehurst Hawkinsville Rd,,Not a Collision with Motor Vehicle,1,Rain,Wet,Daylight
2021-11-18T18:22:00.000,I 75,I 75 and Pinehurst Hawkinsville Rd,,Not a Collision with Motor Vehicle,2,Clear,Dry,Dark-Not Lighted
2021-06-19T04:00:00.000,I 75,I 75 and Pinehurst Hawkinsville Rd,,Not a Collision with Motor Vehicle,1,Cloudy,Dry,Dark-Not Lighted
2020-11-25T13:00:00.000,I 75,I 75 and Pinehurst Hawkinsville Rd,,Not a Collision with Motor Vehicle,1,Clear,Dry,Daylight
2023-06-14T10:15:00.000,I 75,I 75 and Pinehurst Hawkinsville Rd,,Not a Collision with Motor Vehicle,1,Rain,Wet,Daylight
2023-05-19T15:00:00.000,I 75,I 75 and Pinehurst Hawkinsville Rd,,Sideswipe-Same Direction,2,Cloudy,Dry,Daylight
2023-06-20T22:45:00.000,I 75,I 75 and Pinehurst Hawkinsville Rd,,Angle Crash,2,Rain,Wet,Dark-Not Lighted
2023-05-13T15:10:00.000,I 75,I 75 and Pinehurst Hawkinsville Rd,,Sideswipe-Same Direction,2,Clear,Dry,Daylight
2023-10-25T17:44:00.000,I 75,I 75 and Pinehurst Hawkinsville Rd,,Angle Crash,2,Clear,Dry,Daylight
2023-01-19T13:23:00.000,I 75,I 75 and Pinehurst Hawkinsville Rd,,Not a Collision with Motor Vehicle,1,Clear,Dry,Daylight
2022-07-14T14:41:00.000,I 75,I 75 and Pinehurst Hawkinsville Rd,,Rear End,2,Cloudy,Wet,Daylight
2020-07-31T17:08:00.000,I 75,I 75 and Pinehurst Hawkinsville Rd,,Rear End,2,Clear,Dry,Daylight
2020-09-16T19:45:00.000,I 75,I 75 and Pinehurst Hawkinsville Rd,,Not a Collision with Motor Vehicle,1,Rain,Wet,Dark-Not Lighted
2020-03-06T20:32:00.000,I 75,I 75 and Pinehurst Hawkinsville Rd,,Sideswipe-Same Direction,2,Clear,Dry,Daylight
2020-08-20T19:56:00.000,I 75,I 75 and Pinehurst Hawkinsville Rd,,Not a Collision with Motor Vehicle,1,Rain,Wet,Daylight
2020-07-06T17:12:00.000,I 75,I 75 and Pinehurst Hawkinsville Rd,,Not a Collision with Motor Vehicle,1,Rain,Wet,Daylight
2020-01-17T06:35:00.000,I 75,I 75 and Pinehurst Hawkinsville Rd,,Not a Collision with Motor Vehicle,1,Clear,Dry,Daylight
2020-08-24T13:45:00.000,I 75,I 75 and Pinehurst Hawkinsville Rd,,Not a Collision with Motor Vehicle,1,Rain,Wet,Daylight
2021-10-08T06:35:00.000,I 75,I 75 and Pinehurst Hawkinsville Rd,,Angle Crash,2,Rain,Water (standing or moving),Dark-Not Lighted
2021-10-08T03:50:00.000,I 75,I 75 and Pinehurst Hawkinsville Rd,,Not a Collision with Motor Vehicle,1,Rain,Wet,Dark-Not Lighted
2021-09-26T22:43:00.000,I 75,I 75 and Pinehurst Hawkinsville Rd,,Angle Crash,2,Clear,Dry,Dark-Not Lighted
2022-12-26T11:00:00.000,I 75,I 75 and Pinehurst Hawkinsville Rd,,Angle Crash,2,Clear,Dry,Daylight
2022-05-09T00:30:00.000,I 75,I 75 and Pinehurst Hawkinsville Rd,,Not a Collision with Motor Vehicle,1,Clear,Dry,Dark-Not Lighted
2022-12-06T12:13:00.000,I 75,I 75 and Pinehurst Hawkinsville Rd,,Not a Collision with Motor Vehicle,1,Cloudy,Dry,Daylight
2022-10-05T11:29:00.000,I 75,I 75 and Pinehurst Hawkinsville Rd,,Sideswipe-Same Direction,2,Clear,Dry,Daylight
2022-05-15T19:04:00.000,I 75,I 75 and Pinehurst Hawkinsville Rd,,Not a Collision with Motor Vehicle,1,Rain,Wet,Daylight
2022-07-05T20:49:00.000,I 75,I 75 and Pinehurst Hawkinsville Rd,,Not a Collision with Motor Vehicle,1,Rain,Wet,Daylight
2022-07-05T20:07:00.000,I 75,I 75 and Pinehurst Hawkinsville Rd,,Not a Collision with Motor Vehicle,1,Rain,Wet,Daylight
2022-04-16T09:42:00.000,I 75,I 75 and Pinehurst Hawkinsville Rd,,Not a Collision with Motor Vehicle,1,Rain,Wet,Daylight
2022-04-16T07:49:00.000,I 75,I 75 and Pinehurst Hawkinsville Rd,,Rear End,2,Rain,Wet,Daylight
2024-07-26T06:48:00.000,I 75,I 75 and Pinehurst Hawkinsville Rd,,Sideswipe-Same Direction,2,Clear,Dry,Daylight
2024-08-18T06:40:00.000,I 75,I 75 and Pinehurst Hawkinsville Rd,,Sideswipe-Same Direction,2,Clear,Dry,Daylight
2024-02-26T23:00:00.000,I 75,I 75 and Pinehurst Hawkinsville Rd,,Not a Collision with Motor Vehicle,1,Clear,Dry,Dark-Not Lighted
2024-07-06T07:39:00.000,I 75,I 75 and Pinehurst Hawkinsville Rd,,Not a Collision with Motor Vehicle,1,Clear,Dry,Daylight
2023-11-14T07:24:00.000,I 75,I 75 and Pinehurst Hawkinsville Rd,,Sideswipe-Same Direction,2,Clear,Dry,Daylight
2023-12-23T08:20:00.000,I 75,I 75 and Pinehurst Hawkinsville Rd,,Rear End,2,Clear,Dry,Daylight
2023-05-31T07:15:00.000,I 75,I 75 and Pinehurst Hawkinsville Rd,,Sideswipe-Same Direction,1,Cloudy,Dry,Daylight
2023-12-18T11:08:00.000,I 75,I 75 and Pinehurst Hawkinsville Rd,,Sideswipe-Same Direction,2,Clear,Dry,Daylight
2023-06-19T09:24:00.000,I 75,I 75 and Pinehurst Hawkinsville Rd,,Not a Collision with Motor Vehicle,1,Rain,Wet,Daylight
2023-01-30T07:40:00.000,I 75,I 75 and Pinehurst Hawkinsville Rd,,Not a Collision with Motor Vehicle,1,Rain,Wet,Daylight
2024-04-06T13:04:00.000,I 75,I 75 and Pinehurst Hawkinsville Rd,,Angle Crash,2,Clear,Dry,Daylight
2024-03-13T20:45:00.000,I 75,I 75 and Pinehurst Hawkinsville Rd,,Sideswipe-Same Direction,2,Clear,Dry,Dark-Not Lighted
2024-12-22T03:39:00.000,I 75,I 75 and Pinehurst Hawkinsville Rd,,Not a Collision with Motor Vehicle,1,Clear,Dry,Dark-Not Lighted
2024-07-17T15:07:00.000,I 75,I 75 and Pinehurst Hawkinsville Rd,,Not a Collision with Motor Vehicle,1,Rain,Wet,Daylight
2024-07-28T02:10:00.000,I 75,I 75 and Pinehurst Hawkinsville Rd,,Not a Collision with Motor Vehicle,1,Clear,Dry,Dark-Not Lighted
2024-02-12T09:13:00.000,I 75,I 75 and Pinehurst Hawkinsville Rd,,Not a Collision with Motor Vehicle,1,Rain,Wet,Daylight
2024-10-18T19:30:00.000,I 75,I 75 and Pinehurst Hawkinsville Rd,,Not a Collision with Motor Vehicle,1,Clear,Dry,Dark-Lighted
2024-12-22T03:39:00.000,I 75,I 75 and Pinehurst Hawkinsville Rd,,Angle Crash,2,Clear,Dry,Dark-Not Lighted
2024-01-24T18:20:00.000,I 75,I 75 and Pinehurst Hawkinsville Rd,,Sideswipe-Same Direction,2,Clear,Dry,Daylight
2024-06-19T14:00:00.000,I 75,I 75 and Pinehurst Hawkinsville Rd,,Sideswipe-Same Direction,2,Clear,Dry,Daylight
2024-04-28T02:44:00.000,I 75,I 75 and Pinehurst Hawkinsville Rd,,Rear End,2,Clear,Dry,Dark-Lighted
2023-06-20T23:00:00.000,I 75,I 75 and Pinehurst Hawkinsville Hwy,,Not a Collision with Motor Vehicle,1,Rain,Wet,Dark-Not Lighted
2020-04-07T02:55:00.000,I 75,I 75 and Pinehurst Hawkinsville Hwy,,Sideswipe-Same Direction,3,Clear,Dry,Dark-Not Lighted
2020-01-04T13:28:00.000,I 75,I 75 and Pinehurst Hawkinsville Hwy,,Rear End,2,Clear,Dry,Daylight
2024-04-02T17:10:00.000,I 75,I 75 and Pinehurst Hawkinsville Hwy,,Sideswipe-Same Direction,2,Clear,Dry,Daylight
2022-03-22T20:15:00.000,I 75,I 75 and Pinehurst Hawkinsvile,,Sideswipe-Same Direction,2,Clear,Dry,Dark-Not Lighted
2021-08-02T19:20:00.000,I 75,I 75 and Pinehurst Hawkinsivlle Rd,,Not a Collision with Motor Vehicle,1,Cloudy,Wet,Dusk
2023-11-18T09:20:00.000,I 75,I 75 and Pinehurst Hawkensville Rd,,Sideswipe-Same Direction,2,Clear,Dry,Daylight
2024-09-14T07:59:00.000,I 75,I 75 and Pinehurst  Hawkinsville Rd,,Not a Collision with Motor Vehicle,1,Rain,Wet,Daylight
2021-11-24T13:10:00.000,I 75,I 75 and Pine Street Opas,,Rear End,2,Clear,Dry,Daylight
2023-02-13T09:24:00.000,I 75,I 75 and Pine Street Opas,,Sideswipe-Same Direction,2,Clear,Dry,Daylight
2021-01-28T06:06:00.000,I 75,I 75 and Pine St Exit Rp,,Not a Collision with Motor Vehicle,1,Clear,Dry,Dark-Lighted
2021-12-03T09:06:00.000,I 75,I 75 and Pine St,,Rear End,2,Clear,Dry,Daylight
2021-12-08T08:13:00.000,I 75,I 75 and Pine St,,Rear End,2,Clear,Wet,Daylight
2021-10-29T17:05:00.000,I 75,I 75 and Pine St,,Sideswipe-Same Direction,2,Rain,Wet,Daylight
2023-09-07T10:41:00.000,I 75,I 75 and Pine St,,Angle Crash,2,Clear,Dry,Daylight
2023-05-06T19:48:00.000,I 75,I 75 and Pine St,,Sideswipe-Same Direction,3,Clear,Dry,Daylight
2023-05-07T11:30:00.000,I 75,I 75 and Pine St,,Not a Collision with Motor Vehicle,1,Clear,Dry,Daylight
2023-07-29T03:53:00.000,I 75,I 75 and Pine St,,Sideswipe-Same Direction,2,Clear,Dry,Dark-Not Lighted
2023-10-12T12:20:00.000,I 75,I 75 and Pine St,,Rear End,2,Clear,Dry,Daylight
2023-08-19T19:30:00.000,I 75,I 75 and Pine St,,Rear End,3,Cloudy,Dry,Daylight
2023-05-23T16:00:00.000,I 75,I 75 and Pine St,,Rear End,2,Clear,Dry,Daylight
2023-04-06T02:08:00.000,I 75,I 75 and Pine St,,Sideswipe-Same Direction,2,Clear,Dry,Dark-Not Lighted
2023-12-12T17:43:00.000,I 75,I 75 and Pine St,,Rear End,2,Clear,Dry,Dark-Lighted
2023-06-15T09:00:00.000,I 75,I 75 and Pine St,,Rear End,2,Cloudy,Dry,Daylight
2023-04-27T11:30:00.000,I 75,I 75 and Pine St,,Sideswipe-Same Direction,2,Cloudy,Dry,Daylight
2023-10-30T11:52:00.000,I 75,I 75 and Pine St,,Sideswipe-Same Direction,2,Clear,Dry,Daylight
2023-12-29T15:40:00.000,I 75,I 75 and Pine St,,Rear End,2,Clear,Dry,Daylight
2023-07-29T14:35:00.000,I 75,I 75 and Pine St,,Rear End,2,Clear,Dry,Daylight
2023-05-28T08:30:00.000,I 75,I 75 and Pine St,,Rear End,2,Clear,Dry,Dark-Lighted
2023-04-18T18:45:00.000,I 75,I 75 and Pine St,,Sideswipe-Same Direction,2,Clear,Dry,Daylight
2022-10-31T08:10:00.000,I 75,I 75 and Pine St,,Sideswipe-Same Direction,2,Rain,Wet,Daylight
2022-04-22T15:40:00.000,I 75,I 75 and Pine St,,Rear End,2,Clear,Dry,Daylight
2020-08-01T12:47:00.000,I 75,I 75 and Pine St,,Not a Collision with Motor Vehicle,1,Clear,Dry,Daylight
2021-08-10T17:00:00.000,I 75,I 75 and Pine St,,Rear End,3,Clear,Dry,Daylight
2022-05-06T15:30:00.000,I 75,I 75 and Pine St,,Rear End,2,Cloudy,Dry,Daylight
2022-12-06T17:26:00.000,I 75,I 75 and Pine St,,Rear End,2,Fog,Wet,Dusk
2022-08-09T15:00:00.000,I 75,I 75 and Pine St,,Rear End,2,Clear,Dry,Daylight
2022-11-15T17:32:00.000,I 75,I 75 and Pine St,,Rear End,2,Clear,Dry,Daylight
2022-01-21T15:28:00.000,I 75,I 75 and Pine St,,Sideswipe-Same Direction,2,Cloudy,Dry,Daylight
2021-12-08T08:13:00.000,I 75,I 75 and Pine St,,Rear End,4,Cloudy,Wet,Daylight
2022-12-08T07:50:00.000,I 75,I 75 and Pine St,,Rear End,2,Cloudy,Dry,Daylight
2022-10-31T08:40:00.000,I 75,I 75 and Pine St,,Rear End,2,Rain,Wet,Daylight
2022-11-07T16:09:00.000,I 75,I 75 and Pine St,,Rear End,2,Clear,Dry,Daylight
2022-11-21T18:30:00.000,I 75,I 75 and Pine St,,Rear End,4,Clear,Dry,Dark-Lighted
2022-09-30T09:18:00.000,I 75,I 75 and Pine St,,Sideswipe-Same Direction,2,Cloudy,Dry,Daylight
2022-03-29T07:07:00.000,I 75,I 75 and Pine St,,Rear End,2,Clear,Dry,Daylight
2022-11-15T17:31:00.000,I 75,I 75 and Pine St,,Rear End,4,Cloudy,Wet,Dark-Lighted
2022-11-21T19:26:00.000,I 75,I 75 and Pine St,,Rear End,3,Clear,Dry,Dark-Lighted
2022-12-29T09:00:00.000,I 75,I 75 and Pine St,,Rear End,4,Clear,Dry,Daylight
2022-03-03T16:09:00.000,I 75,I 75 and Pine St,,Rear End,2,Clear,Dry,Daylight
2022-02-18T10:10:00.000,I 75,I 75 and Pine St,,Rear End,2,Clear,Dry,Daylight
2022-02-20T05:49:00.000,I 75,I 75 and Pine St,,Sideswipe-Same Direction,2,Clear,Dry,Dark-Not Lighted
2022-03-14T06:41:00.000,I 75,I 75 and Pine St,,Rear End,2,Clear,Dry,Daylight
2022-07-08T12:50:00.000,I 75,I 75 and Pine St,,Rear End,2,Clear,Dry,Daylight
2022-12-08T07:44:00.000,I 75,I 75 and Pine St,,Rear End,3,Clear,Wet,Daylight
2023-12-15T00:00:00.000,I 75,I 75 and Pine St,,Rear End,2,Clear,Dry,Daylight
2024-04-02T19:35:00.000,I 75,I 75 and Pine St,,Rear End,2,Cloudy,Dry,Daylight
2024-11-11T15:25:00.000,I 75,I 75 and Pine St,,Sideswipe-Same Direction,2,Clear,Dry,Daylight
2024-10-10T07:30:00.000,I 75,I 75 and Pine St,,Rear End,2,Clear,Dry,Daylight
2024-06-02T03:45:00.000,I 75,I 75 and Pine St,,Rear End,2,Clear,Dry,Dark-Lighted
2024-03-05T11:03:00.000,I 75,I 75 and Pine St,,Rear End,3,Rain,Wet,Daylight
2023-06-01T15:40:00.000,I 75,I 75 and Pine St,,Rear End,2,Clear,Dry,Daylight
2024-12-17T14:50:00.000,I 75,I 75 and Pine St,,Rear End,2,Clear,Dry,Daylight
2023-07-01T09:55:00.000,I 75,I 75 and Pine St,,Not a Collision with Motor Vehicle,1,Clear,Dry,Daylight
2023-08-01T16:05:00.000,I 75,I 75 and Pine St,,Sideswipe-Same Direction,2,Clear,Dry,Daylight
2023-07-10T06:29:00.000,I 75,I 75 and Pine St,,Rear End,2,Rain,Wet,Dawn
2023-09-07T10:41:00.000,I 75,I 75 and Pine St,,Angle Crash,2,Clear,Dry,Daylight
2023-02-02T11:10:00.000,I 75,I 75 and Pine St,,Rear End,2,Rain,Wet,Daylight
2023-10-01T20:53:00.000,I 75,I 75 and Pine St,,Sideswipe-Same Direction,2,Clear,Dry,Dark-Lighted
2023-09-25T16:10:00.000,I 75,I 75 and Pine St,,Sideswipe-Same Direction,2,Clear,Dry,Daylight
2023-05-02T14:27:00.000,I 75,I 75 and Pine St,,Rear End,2,Clear,Dry,Daylight
2023-01-12T07:30:00.000,I 75,I 75 and Pine St,,Rear End,2,Clear,Wet,Daylight
2023-09-14T11:10:00.000,I 75,I 75 and Pine St,,Sideswipe-Same Direction,2,Clear,Dry,Daylight
2023-03-17T12:20:00.000,I 75,I 75 and Pine St,,Rear End,3,Cloudy,Wet,Daylight
2023-05-11T14:00:00.000,I 75,I 75 and Pine St,,Rear End,2,Clear,Dry,Daylight
2023-05-01T08:18:00.000,I 75,I 75 and Pine St,,Rear End,2,Clear,Dry,Daylight
2024-07-05T17:03:00.000,I 75,I 75 and Pine St,,Rear End,2,Clear,Dry,Daylight
2024-05-24T10:03:00.000,I 75,I 75 and Pine St,,Sideswipe-Same Direction,2,Cloudy,Dry,Daylight
2024-03-05T19:48:00.000,I 75,I 75 and Pine St,,Rear End,2,Rain,Wet,Dawn