Date and Time,Roadway (From Crash Report),Intersection Name (from Crash Report),KABCO Severity,Manner of Collision (Crash Level) ,# of Vehicles per crash ,Weather Conditions (Crash Level),Surface Condition (Crash Level) ,Light Conditions (Crash Level)
2024-12-17T16:40:00.000,I 75,I 75 and Pine St,,Rear End,2,Clear,Dry,Daylight
2024-09-30T17:00:00.000,I 75,I 75 and Pine St,,Rear End,3,Clear,Dry,Daylight
2024-11-08T19:05:00.000,I 75,I 75 and Pine St,,Sideswipe-Same Direction,2,Clear,Dry,Dark-Lighted
2024-05-10T08:55:00.000,I 75,I 75 and Pine St,,Rear End,3,Clear,Dry,Daylight
2024-08-20T17:29:00.000,I 75,I 75 and Pine St,,Sideswipe-Same Direction,2,Clear,Dry,Daylight
2024-10-21T07:30:00.000,I 75,I 75 and Pine St,,Rear End,2,Clear,Dry,Daylight
2024-02-02T13:19:00.000,I 75,I 75 and Pine St,,Rear End,2,Clear,Dry,Daylight
2024-09-30T19:43:00.000,I 75,I 75 and Pine St,,Rear End,2,Cloudy,Dry,Dark-Lighted
2024-07-30T14:26:00.000,I 75,I 75 and Pine St,,Rear End,2,Cloudy,Wet,Daylight
2024-07-26T09:40:00.000,I 75,I 75 and Pine St,,Sideswipe-Same Direction,2,Cloudy,Dry,Daylight
2024-05-14T12:30:00.000,I 75,I 75 and Pine St,,Rear End,2,Clear,Dry,Daylight
2024-09-16T18:55:00.000,I 75,I 75 and Pine St,,Angle Crash,3,Cloudy,Dry,Daylight
2024-03-25T06:26:00.000,I 75,I 75 and Pine St,,Rear End,2,Clear,Dry,Daylight
2024-10-08T16:11:00.000,I 75,I 75 and Pine St,,Rear End,2,Clear,Dry,Daylight
2024-11-18T16:16:00.000,I 75,I 75 and Pine St,,Rear End,2,Clear,Dry,Daylight
2024-09-10T14:15:00.000,I 75,I 75 and Pine St,,Rear End,2,Clear,Dry,Daylight
2024-12-27T18:56:00.000,I 75,I 75 and Pine St,,Rear End,2,Rain,Wet,Dark-Lighted
2024-10-22T18:09:00.000,I 75,I 75 and Pine St,,Rear End,2,Clear,Dry,Daylight
2024-03-26T18:19:00.000,I 75,I 75 and Pine St,,Rear End,2,Rain,Wet,Daylight
2024-01-22T17:52:00.000,I 75,I 75 and Pine St,,Rear End,2,Clear,Dry,Dark-Lighted
2022-11-11T11:52:00.000,I 75,I 75 and Pine Grove Rd,,Head On,1,Rain,Wet,Daylight
2020-11-19T18:17:00.000,I 75,I 75 and Pine Grove Rd,,Sideswipe-Same Direction,2,Clear,Dry,Dark-Not Lighted
2020-07-16T18:10:00.000,I 75,I 75 and Pine Grove Rd,,Rear End,3,Clear,Dry,Daylight
2024-10-09T01:06:00.000,I 75,I 75 and Pierce St,,Not a Collision with Motor Vehicle,1,Clear,Dry,Dark-Lighted
2020-11-11T06:12:00.000,I 75,I 75 and Pierce Rd Exit Rp,,Not a Collision with Motor Vehicle,1,Rain,Water (standing or moving),Dawn
2022-07-25T13:55:00.000,I 75,I 75 and Pierce Ave To I75 Entrance Rp,,Rear End,2,Clear,Dry,Daylight
2023-05-20T17:23:00.000,I 75,I 75 and Pierce Ave On Rp,,Sideswipe-Same Direction,2,Clear,Dry,Daylight
2024-08-06T07:58:00.000,I 75,I 75 and Pierce Ave I75 Entrance Rp,,Rear End,2,Clear,Dry,Daylight
2021-04-11T16:56:00.000,I 75,I 75 and Pierce Ave Exit Rp,,Rear End,6,Clear,Dry,Daylight
2021-02-11T15:55:00.000,I 75,I 75 and Pierce Ave,,Rear End,2,Rain,Wet,Daylight
2021-04-23T17:46:00.000,I 75,I 75 and Pierce Ave,,Rear End,2,Clear,Dry,Daylight
2020-01-17T12:48:00.000,I 75,I 75 and Pierce Ave,,Rear End,2,Clear,Dry,Daylight
2023-10-12T06:53:00.000,I 75,I 75 and Pierce Ave,,Rear End,2,Rain,Wet,Dark-Lighted
2023-03-27T08:47:00.000,I 75,I 75 and Pierce Ave,,Rear End,2,Severe Thunderstorm or Tornadic,Water (standing or moving),Daylight
2020-01-24T07:20:00.000,I 75,I 75 and Pierce Ave,,Rear End,2,Rain,Wet,Daylight
2020-07-03T12:18:00.000,I 75,I 75 and Pierce Ave,,Rear End,3,Clear,Dry,Daylight
2020-08-15T11:30:00.000,I 75,I 75 and Pierce Ave,,Rear End,2,Cloudy,Dry,Daylight
2020-04-10T11:20:00.000,I 75,I 75 and Pierce Ave,,Sideswipe-Same Direction,2,Clear,Dry,Daylight
2020-01-10T12:25:00.000,I 75,I 75 and Pierce Ave,,Rear End,2,Cloudy,Dry,Daylight
2020-01-04T16:30:00.000,I 75,I 75 and Pierce Ave,,Rear End,3,Cloudy,Dry,Daylight
2020-10-10T07:51:00.000,I 75,I 75 and Pierce Ave,,Not a Collision with Motor Vehicle,1,Clear,Wet,Daylight
2020-02-21T20:29:00.000,I 75,I 75 and Pierce Ave,,Sideswipe-Same Direction,2,Clear,Dry,Dark-Not Lighted
2020-02-14T14:40:00.000,I 75,I 75 and Pierce Ave,,Not a Collision with Motor Vehicle,1,Clear,Dry,Daylight
2021-03-19T07:43:00.000,I 75,I 75 and Pierce Ave,,Sideswipe-Same Direction,2,Clear,Dry,Daylight
2021-11-24T09:58:00.000,I 75,I 75 and Pierce Ave,,Sideswipe-Same Direction,2,Clear,Dry,Daylight
2021-11-09T10:40:00.000,I 75,I 75 and Pierce Ave,,Not a Collision with Motor Vehicle,1,Clear,Dry,Daylight
2022-02-21T14:56:00.000,I 75,I 75 and Pierce Ave,,Rear End,2,Rain,Wet,Daylight
2021-08-18T12:09:00.000,I 75,I 75 and Pierce Ave,,Rear End,2,Clear,Dry,Daylight
2022-02-15T08:43:00.000,I 75,I 75 and Pierce Ave,,Rear End,2,Clear,Dry,Daylight
2022-07-30T17:25:00.000,I 75,I 75 and Pierce Ave,,Rear End,2,Clear,Dry,Daylight
2022-01-05T09:12:00.000,I 75,I 75 and Pierce Ave,,Sideswipe-Same Direction,2,Clear,Dry,Daylight
2022-05-23T09:35:00.000,I 75,I 75 and Pierce Ave,,Angle Crash,2,Rain,Water (standing or moving),Daylight
2023-02-19T00:47:00.000,I 75,I 75 and Pierce Ave,,Head On,2,Clear,Dry,Dark-Not Lighted
2024-11-15T14:36:00.000,I 75,I 75 and Pierce Ave,,Not a Collision with Motor Vehicle,1,Cloudy,Dry,Daylight
2023-07-30T15:06:00.000,I 75,I 75 and Pierce Ave,,Sideswipe-Same Direction,2,Clear,Dry,Daylight
2024-11-07T00:05:00.000,I 75,I 75 and Pierce Ave,,Rear End,2,Clear,Dry,Dark-Lighted
2024-10-05T21:47:00.000,I 75,I 75 and Pierce Ave,,Rear End,2,Clear,Dry,Daylight
2024-12-10T06:46:00.000,I 75,I 75 and Pierce Ave,,Sideswipe-Same Direction,2,Rain,Wet,Dawn
2021-12-28T14:29:00.000,I 75,I 75 and Piedmont Road Opas,,Rear End,3,Clear,Dry,Daylight
2023-04-21T14:42:00.000,I 75,I 75 and Piedmont Road Opas,,Rear End,3,Clear,Dry,Daylight
2023-02-03T14:46:00.000,I 75,I 75 and Piedmont Road Opas,,Rear End,2,Clear,Dry,Daylight
2022-12-09T15:14:00.000,I 75,I 75 and Piedmont Road Opas,,Rear End,2,Rain,Wet,Daylight
2023-07-25T17:34:00.000,I 75,I 75 and Piedmont Road Opas,,Sideswipe-Same Direction,2,Clear,Dry,Daylight
2023-01-19T14:08:00.000,I 75,I 75 and Piedmont Road Opas,,Sideswipe-Same Direction,2,Clear,Dry,Daylight
2021-01-12T15:06:00.000,I 75,I 75 and Piedmont Rd Opas,,Rear End,4,Cloudy,Dry,Daylight
2021-09-16T10:50:00.000,I 75,I 75 and Piedmont Rd,,Rear End,2,Rain,Wet,Daylight
2023-04-21T14:00:00.000,I 75,I 75 and Piedmont Rd,,Rear End,2,Clear,Dry,Daylight
2023-07-28T16:44:00.000,I 75,I 75 and Piedmont Rd,,Rear End,2,Cloudy,Dry,Daylight
2021-08-05T16:20:00.000,I 75,I 75 and Piedmont Rd,,Rear End,3,Cloudy,Dry,Daylight
2022-07-12T15:50:00.000,I 75,I 75 and Piedmont Rd,,Rear End,2,Clear,Dry,Daylight
2022-05-31T18:00:00.000,I 75,I 75 and Piedmont Rd,,Rear End,4,Clear,Dry,Daylight
2022-02-01T16:20:00.000,I 75,I 75 and Piedmont Rd,,Rear End,4,Clear,Dry,Daylight
2024-03-21T11:00:00.000,I 75,I 75 and Piedmont Rd,,Rear End,2,Clear,Dry,Daylight
2022-05-14T00:00:00.000,I 75,I 75 and Piedmont Avenue Hov Exit Rp,,Not a Collision with Motor Vehicle,1,Clear,Dry,Dark-Lighted
2023-10-13T20:10:00.000,I 75,I 75 and Piedmont Ave Opas,,Rear End,2,Rain,Wet,Dark-Lighted
2022-09-26T09:43:00.000,I 75,I 75 and Piedmont Ave Opas,,Sideswipe-Same Direction,2,Clear,Dry,Daylight
2021-11-04T16:27:00.000,I 75,I 75 and Piedmont Ave,,Rear End,2,Cloudy,Wet,Daylight
2021-12-02T15:40:00.000,I 75,I 75 and Piedmont Ave,,Rear End,2,Clear,Dry,Daylight
2021-04-06T12:30:00.000,I 75,I 75 and Piedmont Ave,,Rear End,2,Clear,Dry,Daylight
2021-06-22T14:40:00.000,I 75,I 75 and Piedmont Ave,,Sideswipe-Same Direction,2,Cloudy,Dry,Daylight
2021-10-28T19:24:00.000,I 75,I 75 and Piedmont Ave,,Rear End,2,Cloudy,Wet,Daylight
2021-12-03T17:06:00.000,I 75,I 75 and Piedmont Ave,,Sideswipe-Same Direction,2,Clear,Dry,Daylight
2021-05-03T07:15:00.000,I 75,I 75 and Piedmont Ave,,Sideswipe-Same Direction,2,Cloudy,Dry,Daylight
2021-03-15T11:30:00.000,I 75,I 75 and Piedmont Ave,,Rear End,2,Clear,Dry,Daylight
2021-07-08T16:00:00.000,I 75,I 75 and Piedmont Ave,,Rear End,2,Cloudy,Dry,Daylight
2021-11-16T15:45:00.000,I 75,I 75 and Piedmont Ave,,Rear End,3,Clear,Dry,Daylight
2023-01-24T14:59:00.000,I 75,I 75 and Piedmont Ave,,Sideswipe-Same Direction,2,Clear,Dry,Daylight
2023-10-10T12:39:00.000,I 75,I 75 and Piedmont Ave,,Sideswipe-Same Direction,2,Clear,Dry,Daylight
2023-06-06T08:00:00.000,I 75,I 75 and Piedmont Ave,,Sideswipe-Same Direction,2,Clear,Dry,Daylight
2023-02-23T16:00:00.000,I 75,I 75 and Piedmont Ave,,Rear End,2,Cloudy,Dry,Daylight
2023-05-30T18:08:00.000,I 75,I 75 and Piedmont Ave,,Rear End,2,Cloudy,Dry,Daylight
2023-05-04T18:22:00.000,I 75,I 75 and Piedmont Ave,,Rear End,2,Clear,Dry,Daylight
2023-03-20T19:10:00.000,I 75,I 75 and Piedmont Ave,,Rear End,2,Clear,Dry,Daylight
2023-07-28T15:34:00.000,I 75,I 75 and Piedmont Ave,,Sideswipe-Same Direction,2,Clear,Dry,Daylight
2023-04-14T13:50:00.000,I 75,I 75 and Piedmont Ave,,Sideswipe-Same Direction,2,Clear,Dry,Daylight
2023-02-14T19:40:00.000,I 75,I 75 and Piedmont Ave,,Rear End,2,Clear,Dry,Dark-Lighted
2023-04-11T15:00:00.000,I 75,I 75 and Piedmont Ave,,Rear End,2,Clear,Dry,Daylight
2023-04-17T12:55:00.000,I 75,I 75 and Piedmont Ave,,Rear End,3,Clear,Dry,Daylight
2023-03-09T18:10:00.000,I 75,I 75 and Piedmont Ave,,Sideswipe-Same Direction,2,Cloudy,Wet,Dark-Lighted
2023-09-14T19:33:00.000,I 75,I 75 and Piedmont Ave,,Rear End,3,Cloudy,Wet,Dusk
2023-10-30T06:40:00.000,I 75,I 75 and Piedmont Ave,,Sideswipe-Same Direction,2,Clear,Dry,Daylight
2023-08-29T15:40:00.000,I 75,I 75 and Piedmont Ave,,Rear End,3,Clear,Dry,Daylight
2020-12-03T13:40:00.000,I 75,I 75 and Piedmont Ave,,Rear End,2,Clear,Dry,Daylight
2021-06-04T15:30:00.000,I 75,I 75 and Piedmont Ave,,Rear End,3,Cloudy,Dry,Daylight
2021-03-16T13:10:00.000,I 75,I 75 and Piedmont Ave,,Sideswipe-Same Direction,2,Rain,Wet,Daylight
2021-11-29T15:10:00.000,I 75,I 75 and Piedmont Ave,,Sideswipe-Same Direction,2,Clear,Dry,Daylight
2021-12-16T12:30:00.000,I 75,I 75 and Piedmont Ave,,Rear End,2,Clear,Dry,Daylight
2021-10-19T07:30:00.000,I 75,I 75 and Piedmont Ave,,Sideswipe-Same Direction,2,Clear,Dry,Daylight
2022-12-30T19:45:00.000,I 75,I 75 and Piedmont Ave,,Rear End,2,Clear,Dry,Dark-Lighted
2021-10-28T16:18:00.000,I 75,I 75 and Piedmont Ave,,Rear End,2,Cloudy,Wet,Daylight
2022-09-30T11:00:00.000,I 75,I 75 and Piedmont Ave,,Rear End,2,Clear,Dry,Daylight
2022-03-18T18:00:00.000,I 75,I 75 and Piedmont Ave,,Rear End,2,Cloudy,Wet,Daylight
2022-03-01T16:40:00.000,I 75,I 75 and Piedmont Ave,,Rear End,2,Clear,Dry,Daylight
2022-05-17T08:15:00.000,I 75,I 75 and Piedmont Ave,,Rear End,2,Clear,Dry,Daylight
2022-02-04T13:50:00.000,I 75,I 75 and Piedmont Ave,,Rear End,6,Cloudy,Dry,Daylight
2022-09-09T13:40:00.000,I 75,I 75 and Piedmont Ave,,Rear End,2,Rain,Wet,Daylight
2022-05-19T18:24:00.000,I 75,I 75 and Piedmont Ave,,Rear End,3,Clear,Dry,Daylight
2022-11-01T06:20:00.000,I 75,I 75 and Piedmont Ave,,Rear End,3,Clear,Dry,Dark-Lighted
2022-07-21T08:10:00.000,I 75,I 75 and Piedmont Ave,,Rear End,2,Rain,Wet,Daylight
2022-09-22T11:20:00.000,I 75,I 75 and Piedmont Ave,,Rear End,3,Clear,Wet,Daylight
2022-09-22T19:00:00.000,I 75,I 75 and Piedmont Ave,,Rear End,2,Clear,Wet,Daylight
2022-08-14T12:15:00.000,I 75,I 75 and Piedmont Ave,,Rear End,2,Clear,Dry,Daylight
2022-11-01T06:27:00.000,I 75,I 75 and Piedmont Ave,,Rear End,2,Cloudy,Dry,Dark-Lighted
2022-02-18T17:59:00.000,I 75,I 75 and Piedmont Ave,,Rear End,2,Clear,Dry,Daylight
2022-05-19T18:08:00.000,I 75,I 75 and Piedmont Ave,,Rear End,2,Clear,Dry,Daylight
2022-09-08T15:31:00.000,I 75,I 75 and Piedmont Ave,,Rear End,2,Clear,Dry,Daylight
2022-11-28T07:50:00.000,I 75,I 75 and Piedmont Ave,,Sideswipe-Same Direction,4,Clear,Dry,Daylight
2022-09-27T09:30:00.000,I 75,I 75 and Piedmont Ave,,Rear End,2,Clear,Dry,Daylight
2022-11-01T06:27:00.000,I 75,I 75 and Piedmont Ave,,Rear End,2,Cloudy,Dry,Dark-Lighted
2022-08-18T13:49:00.000,I 75,I 75 and Piedmont Ave,,Rear End,2,Clear,Dry,Daylight
2022-12-27T15:30:00.000,I 75,I 75 and Piedmont Ave,,Rear End,4,Clear,Dry,Daylight
2022-08-26T17:18:00.000,I 75,I 75 and Piedmont Ave,,Rear End,2,Clear,Dry,Daylight
2024-04-02T14:55:00.000,I 75,I 75 and Piedmont Ave,,Rear End,3,Cloudy,Dry,Daylight
2024-06-25T16:40:00.000,I 75,I 75 and Piedmont Ave,,Rear End,2,Clear,Dry,Daylight
2024-03-12T16:05:00.000,I 75,I 75 and Piedmont Ave,,Sideswipe-Same Direction,2,Clear,Dry,Daylight
2024-03-15T14:05:00.000,I 75,I 75 and Piedmont Ave,,Rear End,2,Rain,Wet,Daylight
2024-11-19T18:00:00.000,I 75,I 75 and Piedmont Ave,,Rear End,2,Cloudy,Wet,Dusk
2024-08-22T18:30:00.000,I 75,I 75 and Piedmont Ave,,Sideswipe-Same Direction,2,Cloudy,Dry,Daylight
2024-12-17T14:00:00.000,I 75,I 75 and Piedmont Ave,,Rear End,2,Clear,Dry,Daylight
2024-05-17T07:30:00.000,I 75,I 75 and Piedmont Ave,,Sideswipe-Same Direction,2,Cloudy,Dry,Daylight
2024-10-25T18:00:00.000,I 75,I 75 and Piedmont Ave,,Rear End,2,Clear,Dry,Daylight
2024-10-03T15:00:00.000,I 75,I 75 and Piedmont Ave,,Sideswipe-Same Direction,2,Clear,Dry,Daylight
2024-09-12T14:40:00.000,I 75,I 75 and Piedmont Ave,,Rear End,3,Cloudy,Wet,Daylight
2023-09-29T19:12:00.000,I 75,I 75 and Piedmont Ave,,Rear End,2,Clear,Dry,Dark-Lighted
2023-04-11T07:21:00.000,I 75,I 75 and Piedmont Ave,,Rear End,2,Clear,Dry,Daylight
2023-04-25T14:34:00.000,I 75,I 75 and Piedmont Ave,,Rear End,2,Clear,Dry,Daylight
2023-09-14T18:19:00.000,I 75,I 75 and Piedmont Ave,,Rear End,2,Cloudy,Wet,Daylight
2024-01-12T12:50:00.000,I 75,I 75 and Piedmont Ave,,Rear End,2,Rain,Wet,Daylight
2024-04-30T14:01:00.000,I 75,I 75 and Piedmont Ave,,Rear End,2,Cloudy,Wet,Daylight
2024-03-12T21:00:00.000,I 75,I 75 and Piedmont Ave,,Sideswipe-Same Direction,2,Cloudy,Dry,Dark-Lighted
2024-09-05T19:21:00.000,I 75,I 75 and Piedmont Ave,,Rear End,2,Clear,Dry,Daylight
2024-06-20T07:30:00.000,I 75,I 75 and Piedmont Ave,,Rear End,2,Clear,Dry,Daylight
2024-08-13T15:20:00.000,I 75,I 75 and Piedmont Ave,,Rear End,3,Clear,Dry,Daylight
2024-04-05T18:30:00.000,I 75,I 75 and Piedmont Ave,,Rear End,2,Clear,Dry,Daylight
2024-09-05T09:00:00.000,I 75,I 75 and Piedmont Ave,,Rear End,2,Cloudy,Dry,Daylight
2024-11-26T08:15:00.000,I 75,I 75 and Piedmont Ave,,Sideswipe-Same Direction,2,Cloudy,Dry,Daylight
2024-07-01T19:41:00.000,I 75,I 75 and Piedmont Ave,,Rear End,2,Cloudy,Dry,Daylight
2024-10-22T06:47:00.000,I 75,I 75 and Piedmont Ave,,Rear End,2,Clear,Dry,Dawn
2024-08-02T12:10:00.000,I 75,I 75 and Piedmont Ave,,Sideswipe-Same Direction,2,Clear,Dry,Daylight
2024-11-08T12:20:00.000,I 75,I 75 and Piedmont Ave,,Rear End,2,Cloudy,Dry,Daylight
2024-03-25T14:35:00.000,I 75,I 75 and Perry Pkwy Opas,,Sideswipe-Same Direction,2,Clear,Dry,Daylight
2023-03-08T21:13:00.000,I 75,I 75 and Perry Pkwy,,Rear End,2,Cloudy,Dry,Dark-Not Lighted
2020-10-30T13:43:00.000,I 75,I 75 and Perry Pkwy,,Sideswipe-Same Direction,2,Clear,Dry,Daylight
2022-05-31T17:58:00.000,I 75,I 75 and Perry Pkwy,,Not a Collision with Motor Vehicle,1,Clear,Dry,Daylight
2022-12-19T15:25:00.000,I 75,I 75 and Perry Pkwy,,Rear End,4,Cloudy,Dry,Daylight
2022-10-06T12:20:00.000,I 75,I 75 and Perry Pkwy,,Rear End,2,Clear,Dry,Daylight
2022-12-19T16:45:00.000,I 75,I 75 and Perry Pkwy,,Angle Crash,2,Clear,Dry,Daylight
2024-08-14T12:32:00.000,I 75,I 75 and Perry Pkwy,,Sideswipe-Same Direction,2,Cloudy,Dry,Daylight
2024-11-30T12:45:00.000,I 75,I 75 and Perry Pkwy,,Not a Collision with Motor Vehicle,1,Clear,Dry,Daylight
2023-10-14T08:04:00.000,I 75,I 75 and Perry Pkwy,,Not a Collision with Motor Vehicle,1,Cloudy,Wet,Daylight
2023-01-04T07:18:00.000,I 75,I 75 and Perry Pkwy,,Not a Collision with Motor Vehicle,1,Rain,Wet,Dark-Not Lighted
2023-11-29T18:30:00.000,I 75,I 75 and Perry Pkwy,,Not a Collision with Motor Vehicle,1,Clear,Dry,Dark-Not Lighted
2024-04-23T16:14:00.000,I 75,I 75 and Perry Pkwy,,Rear End,3,Clear,Dry,Daylight
2024-04-11T10:22:00.000,I 75,I 75 and Perry Pkwy,,Sideswipe-Same Direction,2,Cloudy,Wet,Daylight
2024-12-15T00:28:00.000,I 75,I 75 and Perry Pkwy,,Not a Collision with Motor Vehicle,1,Clear,Dry,Dark-Not Lighted
2024-11-13T13:31:00.000,I 75,I 75 and Perry Pkwy,,Sideswipe-Same Direction,2,Cloudy,Dry,Daylight
2021-03-29T16:51:00.000,I 75,I 75 and Perry Parkway Opas,,Not a Collision with Motor Vehicle,1,Clear,Dry,Daylight
2022-06-22T15:14:00.000,I 75,I 75 and Perry Parkway Opas,,Rear End,2,Clear,Dry,Daylight
2022-10-08T19:25:00.000,I 75,I 75 and Perry Hwy,,Sideswipe-Same Direction,2,Clear,Dry,Dark-Not Lighted
2021-12-23T13:15:00.000,I 75,I 75 and Penney Rd,,Angle Crash,3,Clear,Dry,Daylight
2023-12-09T05:36:00.000,I 75,I 75 and Penney Rd,,Rear End,2,Rain,Wet,Dark-Not Lighted
2023-04-06T14:40:00.000,I 75,I 75 and Penney Rd,,Sideswipe-Same Direction,2,Clear,Dry,Daylight
2023-12-09T05:36:00.000,I 75,I 75 and Penney Rd,,Rear End,2,Rain,Wet,Dark-Not Lighted
2023-02-18T12:20:00.000,I 75,I 75 and Penney Rd,,Sideswipe-Same Direction,3,Clear,Dry,Daylight
2023-06-03T14:40:00.000,I 75,I 75 and Penney Rd,,Rear End,2,Clear,Dry,Daylight
2022-07-01T02:52:00.000,I 75,I 75 and Penney Rd,,Rear End,2,Clear,Dry,Dark-Not Lighted
2022-03-11T08:12:00.000,I 75,I 75 and Penney Rd,,Angle Crash,2,Cloudy,Dry,Daylight
2024-01-09T23:54:00.000,I 75,I 75 and Penney Rd,,Not a Collision with Motor Vehicle,1,Clear,Dry,Dark-Not Lighted
2024-08-16T22:07:00.000,I 75,I 75 and Penney Rd,,Sideswipe-Same Direction,2,Rain,Wet,Dark-Lighted
2024-11-07T08:36:00.000,I 75,I 75 and Penney Rd,,Angle Crash,2,Cloudy,Dry,Daylight
2024-08-28T13:30:00.000,I 75,I 75 and Penney Rd,,Sideswipe-Same Direction,2,Clear,Dry,Daylight
2024-09-10T16:50:00.000,I 75,I 75 and Penney Rd,,Rear End,2,Clear,Dry,Daylight
2023-03-16T14:29:00.000,I 75,I 75 and Peidmont Ave Ne Opas,,Sideswipe-Same Direction,2,Clear,Dry,Daylight
2020-01-14T11:25:00.000,I 75,I 75 and Peidmont Ave,,Rear End,2,Cloudy,Wet,Daylight
2020-01-14T11:25:00.000,I 75,I 75 and Peidmont Ave,,Rear End,2,Cloudy,Wet,Daylight
2023-10-28T21:13:00.000,I 75,I 75 and Peidmont Ave,,Sideswipe-Same Direction,2,Clear,Dry,Dark-Lighted
2024-10-07T16:00:00.000,I 75,I 75 and Peidmont Ave,,Rear End,3,Clear,Dry,Daylight
2024-07-18T18:00:00.000,I 75,I 75 and Peidmont Ave,,Rear End,2,Cloudy,Wet,Daylight
2021-04-19T17:38:00.000,I 75,I 75 and Peachtrree Battle,,Sideswipe-Same Direction,2,Clear,Dry,Daylight
2023-07-11T12:10:00.000,I 75,I 75 and Peachtree Street Opas,,Rear End,2,Clear,Dry,Daylight
2022-05-20T14:40:00.000,I 75,I 75 and Peachtree Street Opas,,Rear End,2,Clear,Dry,Daylight
2024-12-09T17:36:00.000,I 75,I 75 and Peachtree St Opas,,Sideswipe-Same Direction,2,Rain,Wet,Dark-Lighted
2024-01-12T09:35:00.000,I 75,I 75 and Peachtree St Opas,,Rear End,2,Cloudy,Dry,Daylight
2023-10-24T17:00:00.000,I 75,I 75 and Peachtree St Mm 249B,,Rear End,2,Clear,Dry,Daylight
2021-04-20T13:01:00.000,I 75,I 75 and Peachtree St,,Sideswipe-Same Direction,2,Cloudy,Dry,Daylight
2021-09-28T07:00:00.000,I 75,I 75 and Peachtree St,,Rear End,2,Clear,Dry,Daylight
2021-10-12T16:40:00.000,I 75,I 75 and Peachtree St,,Rear End,2,Clear,Dry,Daylight
2021-12-08T07:15:00.000,I 75,I 75 and Peachtree St,,Rear End,2,Clear,Wet,Daylight
2021-12-21T18:25:00.000,I 75,I 75 and Peachtree St,,Rear End,2,Clear,Dry,Daylight
2021-12-29T13:20:00.000,I 75,I 75 and Peachtree St,,Rear End,2,Clear,Dry,Daylight
2021-03-06T20:00:00.000,I 75,I 75 and Peachtree St,,Rear End,2,Clear,Dry,Daylight
2023-07-17T08:00:00.000,I 75,I 75 and Peachtree St,,Rear End,2,Cloudy,Dry,Daylight
2023-12-07T14:55:00.000,I 75,I 75 and Peachtree St,,Rear End,2,Clear,Dry,Daylight
2023-01-05T17:50:00.000,I 75,I 75 and Peachtree St,,Rear End,2,Clear,Dry,Dusk
2023-04-11T10:50:00.000,I 75,I 75 and Peachtree St,,Rear End,3,Clear,Dry,Daylight
2023-05-23T14:20:00.000,I 75,I 75 and Peachtree St,,Sideswipe-Same Direction,2,Cloudy,Dry,Daylight
2023-07-10T10:59:00.000,I 75,I 75 and Peachtree St,,Rear End,3,Cloudy,Wet,Daylight
2023-07-10T10:59:00.000,I 75,I 75 and Peachtree St,,Rear End,2,Cloudy,Wet,Daylight
2023-01-30T15:40:00.000,I 75,I 75 and Peachtree St,,Rear End,2,Cloudy,Wet,Daylight
2023-12-29T13:55:00.000,I 75,I 75 and Peachtree St,,Sideswipe-Same Direction,2,Clear,Dry,Daylight
2023-05-01T18:57:00.000,I 75,I 75 and Peachtree St,,Sideswipe-Same Direction,2,Clear,Dry,Daylight
2023-08-31T14:45:00.000,I 75,I 75 and Peachtree St,,Sideswipe-Same Direction,2,Clear,Dry,Daylight
2023-02-02T17:30:00.000,I 75,I 75 and Peachtree St,,Sideswipe-Same Direction,2,Rain,Wet,Dusk
2023-10-16T17:32:00.000,I 75,I 75 and Peachtree St,,Rear End,2,Clear,Dry,Daylight
2023-08-22T17:20:00.000,I 75,I 75 and Peachtree St,,Sideswipe-Same Direction,2,Clear,Dry,Daylight
2023-05-26T22:22:00.000,I 75,I 75 and Peachtree St,,Angle Crash,2,Clear,Dry,Dark-Lighted
2023-04-13T13:58:00.000,I 75,I 75 and Peachtree St,,Rear End,3,Rain,Wet,Daylight
2023-05-20T05:15:00.000,I 75,I 75 and Peachtree St,,Sideswipe-Same Direction,2,Cloudy,Wet,Dark-Lighted
2023-02-02T08:30:00.000,I 75,I 75 and Peachtree St,,Rear End,2,Rain,Wet,Daylight
2023-08-15T15:18:00.000,I 75,I 75 and Peachtree St,,Rear End,2,Rain,Wet,Daylight
2023-08-11T07:50:00.000,I 75,I 75 and Peachtree St,,Angle Crash,3,Rain,Wet,Daylight
2023-07-18T07:59:00.000,I 75,I 75 and Peachtree St,,Sideswipe-Same Direction,2,Clear,Dry,Daylight
2022-02-21T16:50:00.000,I 75,I 75 and Peachtree St,,Rear End,2,Rain,Wet,Daylight
2022-01-25T07:00:00.000,I 75,I 75 and Peachtree St,,Rear End,2,Clear,Dry,Dawn
2022-02-25T15:50:00.000,I 75,I 75 and Peachtree St,,Rear End,2,Clear,Dry,Daylight
2022-10-17T17:10:00.000,I 75,I 75 and Peachtree St,,Rear End,3,Clear,Dry,Daylight
2020-01-22T15:00:00.000,I 75,I 75 and Peachtree St,,Rear End,2,Clear,Dry,Daylight
2020-01-14T08:06:00.000,I 75,I 75 and Peachtree St,,Rear End,2,Cloudy,Wet,Daylight
2020-01-17T10:12:00.000,I 75,I 75 and Peachtree St,,Sideswipe-Same Direction,2,Cloudy,Dry,Daylight
2020-09-03T14:06:00.000,I 75,I 75 and Peachtree St,,Rear End,3,Clear,Dry,Daylight
2020-08-25T08:52:00.000,I 75,I 75 and Peachtree St,,Sideswipe-Same Direction,2,Rain,Wet,Daylight
2021-03-16T14:23:00.000,I 75,I 75 and Peachtree St,,Sideswipe-Same Direction,2,Rain,Wet,Daylight
2021-02-18T14:50:00.000,I 75,I 75 and Peachtree St,,Rear End,2,Cloudy,Wet,Daylight