Date and Time,Roadway (From Crash Report),Intersection Name (from Crash Report),KABCO Severity,Manner of Collision (Crash Level) ,# of Vehicles per crash ,Weather Conditions (Crash Level),Surface Condition (Crash Level) ,Light Conditions (Crash Level)
2021-03-02T14:20:00.000,I 75,I 75 and Peachtree St,,Rear End,2,Rain,Wet,Daylight
2021-03-06T20:00:00.000,I 75,I 75 and Peachtree St,,Angle Crash,3,Clear,Dry,Daylight
2021-01-01T17:50:00.000,I 75,I 75 and Peachtree St,,Angle Crash,2,Rain,Wet,Dark-Lighted
2021-09-16T07:00:00.000,I 75,I 75 and Peachtree St,,Rear End,2,Rain,Wet,Dusk
2021-07-20T10:40:00.000,I 75,I 75 and Peachtree St,,Rear End,2,Rain,Wet,Daylight
2021-10-25T07:25:00.000,I 75,I 75 and Peachtree St,,Sideswipe-Same Direction,2,Cloudy,Dry,Dawn
2021-10-19T18:30:00.000,I 75,I 75 and Peachtree St,,Sideswipe-Same Direction,2,Clear,Dry,Daylight
2022-12-23T16:15:00.000,I 75,I 75 and Peachtree St,,Rear End,3,Clear,Dry,Daylight
2021-12-19T21:31:00.000,I 75,I 75 and Peachtree St,,Sideswipe-Same Direction,3,Clear,Dry,Dark-Lighted
2021-07-20T08:40:00.000,I 75,I 75 and Peachtree St,,Rear End,3,Rain,Wet,Daylight
2021-07-30T10:30:00.000,I 75,I 75 and Peachtree St,,Rear End,2,Clear,Dry,Daylight
2021-08-19T13:28:00.000,I 75,I 75 and Peachtree St,,Sideswipe-Same Direction,2,Cloudy,Dry,Daylight
2022-06-06T18:00:00.000,I 75,I 75 and Peachtree St,,Rear End,2,Clear,Wet,Daylight
2022-08-12T08:15:00.000,I 75,I 75 and Peachtree St,,Rear End,2,Cloudy,Wet,Daylight
2022-09-08T14:00:00.000,I 75,I 75 and Peachtree St,,Sideswipe-Same Direction,2,Cloudy,Dry,Daylight
2022-09-19T17:15:00.000,I 75,I 75 and Peachtree St,,Sideswipe-Same Direction,2,Clear,Dry,Daylight
2022-04-25T17:40:00.000,I 75,I 75 and Peachtree St,,Rear End,3,Clear,Dry,Daylight
2022-04-18T19:45:00.000,I 75,I 75 and Peachtree St,,Rear End,2,Clear,Dry,Daylight
2022-12-19T14:40:00.000,I 75,I 75 and Peachtree St,,Rear End,2,Cloudy,Dry,Daylight
2022-04-29T19:00:00.000,I 75,I 75 and Peachtree St,,Rear End,2,Clear,Dry,Daylight
2022-08-16T07:10:00.000,I 75,I 75 and Peachtree St,,Sideswipe-Same Direction,2,Clear,Dry,Daylight
2022-01-31T12:45:00.000,I 75,I 75 and Peachtree St,,Rear End,3,Clear,Dry,Daylight
2022-07-01T13:41:00.000,I 75,I 75 and Peachtree St,,Rear End,2,Rain,Wet,Daylight
2022-11-04T13:50:00.000,I 75,I 75 and Peachtree St,,Sideswipe-Same Direction,2,Clear,Dry,Daylight
2022-12-26T18:00:00.000,I 75,I 75 and Peachtree St,,Rear End,2,Clear,Dry,Dark-Lighted
2021-12-13T16:07:00.000,I 75,I 75 and Peachtree St,,Rear End,2,Clear,Dry,Daylight
2022-05-31T15:52:00.000,I 75,I 75 and Peachtree St,,Rear End,2,Clear,Dry,Daylight
2022-06-16T14:00:00.000,I 75,I 75 and Peachtree St,,Rear End,2,Clear,Dry,Daylight
2022-10-25T12:15:00.000,I 75,I 75 and Peachtree St,,Rear End,2,Clear,Dry,Daylight
2022-02-22T08:20:00.000,I 75,I 75 and Peachtree St,,Rear End,3,Cloudy,Dry,Daylight
2022-12-03T18:20:00.000,I 75,I 75 and Peachtree St,,Rear End,2,Clear,Wet,Dark-Lighted
2022-04-01T14:12:00.000,I 75,I 75 and Peachtree St,,Not a Collision with Motor Vehicle,1,Clear,Dry,Daylight
2022-06-09T19:40:00.000,I 75,I 75 and Peachtree St,,Rear End,2,Clear,Dry,Daylight
2022-09-20T08:20:00.000,I 75,I 75 and Peachtree St,,Sideswipe-Same Direction,2,Clear,Dry,Daylight
2022-01-31T12:45:00.000,I 75,I 75 and Peachtree St,,Rear End,2,Clear,Dry,Daylight
2022-05-17T10:40:00.000,I 75,I 75 and Peachtree St,,Rear End,2,Clear,Dry,Daylight
2022-09-27T18:30:00.000,I 75,I 75 and Peachtree St,,Rear End,2,Clear,Dry,Daylight
2022-07-28T09:34:00.000,I 75,I 75 and Peachtree St,,Sideswipe-Same Direction,2,Clear,Dry,Daylight
2022-12-15T06:52:00.000,I 75,I 75 and Peachtree St,,Sideswipe-Same Direction,3,Rain,Wet,Dark-Not Lighted
2022-11-25T14:30:00.000,I 75,I 75 and Peachtree St,,Sideswipe-Same Direction,2,Cloudy,Dry,Daylight
2022-07-12T18:50:00.000,I 75,I 75 and Peachtree St,,Sideswipe-Same Direction,2,Clear,Dry,Daylight
2022-10-07T18:02:00.000,I 75,I 75 and Peachtree St,,Sideswipe-Same Direction,3,Clear,Dry,Daylight
2022-03-03T18:58:00.000,I 75,I 75 and Peachtree St,,Rear End,2,Clear,Dry,Dark-Lighted
2022-09-08T17:10:00.000,I 75,I 75 and Peachtree St,,Sideswipe-Same Direction,2,Clear,Dry,Daylight
2022-08-13T22:14:00.000,I 75,I 75 and Peachtree St,,Rear End,2,Clear,Dry,Dark-Lighted
2022-01-04T11:10:00.000,I 75,I 75 and Peachtree St,,Rear End,2,Clear,Dry,Daylight
2022-01-04T11:10:00.000,I 75,I 75 and Peachtree St,,Rear End,3,Clear,Dry,Daylight
2022-05-31T07:14:00.000,I 75,I 75 and Peachtree St,,Sideswipe-Same Direction,2,Cloudy,Dry,Daylight
2022-07-08T14:00:00.000,I 75,I 75 and Peachtree St,,Rear End,2,Clear,Dry,Daylight
2022-02-01T13:42:00.000,I 75,I 75 and Peachtree St,,Sideswipe-Same Direction,2,Clear,Dry,Daylight
2022-02-08T07:00:00.000,I 75,I 75 and Peachtree St,,Sideswipe-Same Direction,2,Clear,Dry,Daylight
2022-12-01T10:40:00.000,I 75,I 75 and Peachtree St,,Sideswipe-Same Direction,2,Clear,Dry,Daylight
2022-12-26T13:53:00.000,I 75,I 75 and Peachtree St,,Rear End,2,Clear,Dry,Daylight
2022-06-30T17:11:00.000,I 75,I 75 and Peachtree St,,Rear End,2,Cloudy,Dry,Daylight
2023-10-12T11:55:00.000,I 75,I 75 and Peachtree St,,Rear End,2,Cloudy,Wet,Daylight
2024-01-25T15:20:00.000,I 75,I 75 and Peachtree St,,Rear End,3,Cloudy,Wet,Daylight
2024-07-18T07:00:00.000,I 75,I 75 and Peachtree St,,Sideswipe-Same Direction,2,Clear,Dry,Daylight
2023-04-10T10:45:00.000,I 75,I 75 and Peachtree St,,Sideswipe-Same Direction,2,Clear,Dry,Daylight
2023-08-15T15:09:00.000,I 75,I 75 and Peachtree St,,Sideswipe-Same Direction,2,Rain,Dry,Daylight
2023-05-25T18:15:00.000,I 75,I 75 and Peachtree St,,Rear End,2,Clear,Dry,Daylight
2024-02-15T16:30:00.000,I 75,I 75 and Peachtree St,,Rear End,2,Clear,Dry,Daylight
2024-07-23T09:00:00.000,I 75,I 75 and Peachtree St,,Sideswipe-Same Direction,2,Clear,Dry,Daylight
2023-01-10T15:50:00.000,I 75,I 75 and Peachtree St,,Rear End,4,Clear,Dry,Daylight
2023-12-21T06:45:00.000,I 75,I 75 and Peachtree St,,Not a Collision with Motor Vehicle,1,Clear,Dry,Dark-Lighted
2023-10-16T17:20:00.000,I 75,I 75 and Peachtree St,,Sideswipe-Same Direction,2,Cloudy,Dry,Daylight
2023-09-07T16:25:00.000,I 75,I 75 and Peachtree St,,Sideswipe-Same Direction,2,Clear,Dry,Daylight
2023-01-03T07:30:00.000,I 75,I 75 and Peachtree St,,Sideswipe-Same Direction,2,Cloudy,Wet,Daylight
2023-12-02T00:00:00.000,I 75,I 75 and Peachtree St,,Sideswipe-Same Direction,3,Clear,Dry,Daylight
2023-03-28T13:40:00.000,I 75,I 75 and Peachtree St,,Sideswipe-Same Direction,2,Clear,Dry,Daylight
2023-05-05T16:36:00.000,I 75,I 75 and Peachtree St,,Sideswipe-Same Direction,2,Cloudy,Wet,Daylight
2023-01-02T16:52:00.000,I 75,I 75 and Peachtree St,,Sideswipe-Same Direction,2,Rain,Wet,Daylight
2023-10-16T00:00:00.000,I 75,I 75 and Peachtree St,,Rear End,3,Cloudy,Dry,Daylight
2023-03-17T17:20:00.000,I 75,I 75 and Peachtree St,,Sideswipe-Same Direction,2,Rain,Wet,Daylight
2024-03-21T09:15:00.000,I 75,I 75 and Peachtree St,,Sideswipe-Same Direction,2,Clear,Dry,Daylight
2024-11-11T17:55:00.000,I 75,I 75 and Peachtree St,,Rear End,2,Clear,Dry,Daylight
2024-07-11T11:15:00.000,I 75,I 75 and Peachtree St,,Rear End,2,Clear,Dry,Daylight
2024-02-18T18:05:00.000,I 75,I 75 and Peachtree St,,Rear End,3,Clear,Dry,Daylight
2024-01-13T20:10:00.000,I 75,I 75 and Peachtree St,,Not a Collision with Motor Vehicle,1,Clear,Dry,Dark-Lighted
2024-08-22T09:32:00.000,I 75,I 75 and Peachtree St,,Rear End,2,Clear,Dry,Daylight
2024-12-17T17:40:00.000,I 75,I 75 and Peachtree St,,Rear End,2,Clear,Dry,Dusk
2024-10-10T19:09:00.000,I 75,I 75 and Peachtree St,,Sideswipe-Same Direction,2,Clear,Dry,Dusk
2024-03-22T17:45:00.000,I 75,I 75 and Peachtree St,,Sideswipe-Same Direction,2,Rain,Wet,Daylight
2024-05-09T11:49:00.000,I 75,I 75 and Peachtree St,,Rear End,2,Rain,Wet,Daylight
2024-04-12T08:54:00.000,I 75,I 75 and Peachtree St,,Rear End,2,Clear,Dry,Daylight
2024-11-01T07:25:00.000,I 75,I 75 and Peachtree St,,Rear End,2,Cloudy,Dry,Daylight
2024-01-08T14:00:00.000,I 75,I 75 and Peachtree St,,Not a Collision with Motor Vehicle,2,Clear,Dry,Daylight
2024-08-27T09:09:00.000,I 75,I 75 and Peachtree St,,Sideswipe-Same Direction,2,Clear,Dry,Daylight
2024-03-14T06:40:00.000,I 75,I 75 and Peachtree St,,Sideswipe-Same Direction,2,Clear,Dry,Dark-Lighted
2024-11-04T10:31:00.000,I 75,I 75 and Peachtree St,,Sideswipe-Same Direction,2,Cloudy,Dry,Daylight
2024-05-28T16:21:00.000,I 75,I 75 and Peachtree St,,Sideswipe-Same Direction,2,Clear,Dry,Daylight
2023-06-28T09:40:00.000,I 75,I 75 and Peachtree Road Opas,,Rear End,3,Clear,Dry,Daylight
2022-05-07T22:00:00.000,I 75,I 75 and Peachtree Rd Ne Opas,,Rear End,2,Cloudy,Dry,Dark-Lighted
2024-03-15T19:21:00.000,I 75,I 75 and Peachtree Rd,,Rear End,4,Cloudy,Wet,Daylight
2023-08-24T15:50:00.000,I 75,I 75 and Peachtree Battles,,Angle Crash,2,Clear,Dry,Daylight
2021-04-30T15:35:00.000,I 75,I 75 and Peachtree Battle Rd,,Sideswipe-Same Direction,3,Clear,Dry,Daylight
2021-05-20T11:50:00.000,I 75,I 75 and Peachtree Battle Rd,,Sideswipe-Same Direction,2,Clear,Dry,Daylight
2023-02-13T09:55:00.000,I 75,I 75 and Peachtree Battle Rd,,Rear End,2,Clear,Dry,Daylight
2023-09-21T19:18:00.000,I 75,I 75 and Peachtree Battle Rd,,Rear End,2,Clear,Dry,Daylight
2023-11-13T08:03:00.000,I 75,I 75 and Peachtree Battle Rd,,Rear End,2,Clear,Dry,Daylight
2022-12-05T19:25:00.000,I 75,I 75 and Peachtree Battle Rd,,Not a Collision with Motor Vehicle,1,Rain,Wet,Dark-Lighted
2022-12-05T19:30:00.000,I 75,I 75 and Peachtree Battle Rd,,Head On,2,Rain,Wet,Dark-Lighted
2024-11-14T18:50:00.000,I 75,I 75 and Peachtree Battle Rd,,Rear End,2,Cloudy,Dry,Dark-Lighted
2023-05-25T15:50:00.000,I 75,I 75 and Peachtree Battle Rd,,Rear End,3,Clear,Dry,Daylight
2024-11-19T11:55:00.000,I 75,I 75 and Peachtree Battle Rd,,Not a Collision with Motor Vehicle,1,Rain,Wet,Daylight
2024-12-12T08:45:00.000,I 75,I 75 and Peachtree Battle Rd,,Rear End,2,Clear,Dry,Daylight
2024-06-24T07:55:00.000,I 75,I 75 and Peachtree Battle Rd,,Rear End,2,Clear,Dry,Daylight
2024-10-03T16:15:00.000,I 75,I 75 and Peachtree Battle Rd,,Rear End,2,Clear,Dry,Daylight
2021-03-12T15:16:00.000,I 75,I 75 and Peachtree Battle Opas,,Rear End,3,Cloudy,Dry,Daylight
2021-09-07T15:28:00.000,I 75,I 75 and Peachtree Battle Opas,,Rear End,2,Rain,Wet,Daylight
2023-07-31T15:00:00.000,I 75,I 75 and Peachtree Battle Opas,,Rear End,2,Clear,Dry,Daylight
2023-07-10T08:14:00.000,I 75,I 75 and Peachtree Battle Opas,,Sideswipe-Same Direction,2,Rain,Wet,Daylight
2024-09-20T17:50:00.000,I 75,I 75 and Peachtree Battle Dr,,Sideswipe-Same Direction,2,Clear,Dry,Daylight
2024-08-08T17:05:00.000,I 75,I 75 and Peachtree Battle Dr,,Rear End,2,Clear,Dry,Daylight
2023-03-17T15:53:00.000,I 75,I 75 and Peachtree Battle Ave Opas,,Sideswipe-Same Direction,3,Rain,Wet,Daylight
2021-08-20T11:05:00.000,I 75,I 75 and Peachtree Battle Ave,,Sideswipe-Same Direction,6,Clear,Dry,Daylight
2021-03-05T21:38:00.000,I 75,I 75 and Peachtree Battle Ave,,Sideswipe-Same Direction,2,Clear,Dry,Dark-Lighted
2023-07-21T19:16:00.000,I 75,I 75 and Peachtree Battle Ave,,Not a Collision with Motor Vehicle,1,Rain,Wet,Daylight
2023-01-17T12:02:00.000,I 75,I 75 and Peachtree Battle Ave,,Angle Crash,2,Rain,Wet,Daylight
2023-04-23T20:12:00.000,I 75,I 75 and Peachtree Battle Ave,,Sideswipe-Same Direction,2,Cloudy,Dry,Daylight
2020-10-15T15:41:00.000,I 75,I 75 and Peachtree Battle Ave,,Not a Collision with Motor Vehicle,1,Cloudy,Dry,Daylight
2020-02-17T08:42:00.000,I 75,I 75 and Peachtree Battle Ave,,Sideswipe-Same Direction,2,Fog,Dry,Daylight
2020-11-23T09:30:00.000,I 75,I 75 and Peachtree Battle Ave,,Not a Collision with Motor Vehicle,1,Clear,Dry,Daylight
2020-03-04T16:19:00.000,I 75,I 75 and Peachtree Battle Ave,,Not a Collision with Motor Vehicle,1,Rain,Wet,Daylight
2020-03-04T17:15:00.000,I 75,I 75 and Peachtree Battle Ave,,Rear End,2,Rain,Dry,Daylight
2022-06-17T09:37:00.000,I 75,I 75 and Peachtree Battle Ave,,Not a Collision with Motor Vehicle,1,Clear,Dry,Daylight
2022-11-17T17:45:00.000,I 75,I 75 and Peachtree Battle Ave,,Rear End,2,Clear,Dry,Dark-Not Lighted
2022-09-02T14:17:00.000,I 75,I 75 and Peachtree Battle Ave,,Rear End,2,Cloudy,Dry,Daylight
2022-04-15T19:44:00.000,I 75,I 75 and Peachtree Battle Ave,,Rear End,2,Clear,Dry,Dusk
2022-10-06T16:26:00.000,I 75,I 75 and Peachtree Battle Ave,,Rear End,2,Clear,Dry,Daylight
2022-12-20T13:51:00.000,I 75,I 75 and Peachtree Battle Ave,,Rear End,3,Rain,Wet,Daylight
2022-11-17T17:38:00.000,I 75,I 75 and Peachtree Battle Ave,,Rear End,2,Clear,Dry,Dark-Not Lighted
2023-12-25T07:05:00.000,I 75,I 75 and Peachtree Battle Ave,,Sideswipe-Same Direction,2,Rain,Wet,Dark-Lighted
2023-06-15T17:50:00.000,I 75,I 75 and Peachtree Battle Ave,,Angle Crash,3,Cloudy,Dry,Daylight
2024-04-16T16:41:00.000,I 75,I 75 and Peachtree Battle Ave,,Rear End,2,Clear,Dry,Daylight
2024-08-30T15:24:00.000,I 75,I 75 and Peachtree Battle Ave,,Rear End,2,Cloudy,Dry,Daylight
2024-10-17T09:00:00.000,I 75,I 75 and Peachtree Battle Ave,,Rear End,3,Clear,Dry,Daylight
2024-01-11T10:00:00.000,I 75,I 75 and Peachtree Battle Ave,,Sideswipe-Same Direction,2,Clear,Dry,Daylight
2024-07-16T11:40:00.000,I 75,I 75 and Peachtree Battle Ave,,Sideswipe-Same Direction,2,Clear,Dry,Daylight
2024-09-06T18:25:00.000,I 75,I 75 and Peachtree Battle Ave,,Rear End,2,Rain,Wet,Daylight
2024-05-14T07:00:00.000,I 75,I 75 and Peachtree Battle Ave,,Sideswipe-Same Direction,2,Cloudy,Wet,Daylight
2024-04-15T08:40:00.000,I 75,I 75 and Peachtree Battle Ave,,Rear End,2,Clear,Dry,Daylight
2021-02-26T16:55:00.000,I 75,I 75 and Peachtree Battle,,Not a Collision with Motor Vehicle,1,Clear,Dry,Daylight
2023-07-11T17:20:00.000,I 75,I 75 and Peachtree Battle,,Rear End,2,Clear,Dry,Daylight
2023-03-02T16:40:00.000,I 75,I 75 and Peachtree Battle,,Rear End,2,Rain,Wet,Daylight
2020-02-05T06:53:00.000,I 75,I 75 and Peachtree Battle,,Rear End,2,Cloudy,Wet,Dark-Not Lighted
2022-03-08T19:45:00.000,I 75,I 75 and Peachtree Battle,,Not a Collision with Motor Vehicle,1,Rain,Wet,Dark-Lighted
2024-05-16T14:18:00.000,I 75,I 75 and Peachtree Battle,,Sideswipe-Same Direction,2,Clear,Dry,Daylight
2023-09-07T08:43:00.000,I 75,I 75 and Peachtree Battle,,Sideswipe-Same Direction,2,Clear,Dry,Daylight
2023-07-11T08:21:00.000,I 75,I 75 and Peachtree Battle,,Not a Collision with Motor Vehicle,1,Clear,Dry,Daylight
2023-03-24T16:58:00.000,I 75,I 75 and Peachtree Battle,,Rear End,2,Clear,Dry,Daylight
2023-07-11T08:15:00.000,I 75,I 75 and Peachtree Battle,,Rear End,2,Clear,Dry,Daylight
2024-01-11T19:20:00.000,I 75,I 75 and Peachtree Battle,,Rear End,2,Clear,Dry,Dark-Lighted
2024-10-25T09:25:00.000,I 75,I 75 and Peachtree Battle,,Sideswipe-Same Direction,3,Clear,Dry,Daylight
2024-01-11T19:20:00.000,I 75,I 75 and Peachtree Battle,,Rear End,3,Clear,Dry,Dark-Lighted
2024-11-21T07:57:00.000,I 75,I 75 and Peachtree Battle,,Rear End,2,Clear,Dry,Daylight
2024-07-29T13:59:00.000,I 75,I 75 and Peachtree Battle,,Not a Collision with Motor Vehicle,1,Rain,Wet,Daylight
2024-05-30T08:10:00.000,I 75,I 75 and Peachtree Battle,,Sideswipe-Same Direction,3,Clear,Dry,Daylight
2024-07-19T19:00:00.000,I 75,I 75 and Peachtree Battle,,Not a Collision with Motor Vehicle,1,Rain,Wet,Daylight
2024-05-23T09:25:00.000,I 75,I 75 and Peachtree Battle,,Rear End,2,Clear,Dry,Daylight
2024-03-29T15:54:00.000,I 75,I 75 and Peachtree Battle,,Sideswipe-Same Direction,2,Clear,Dry,Daylight
2021-11-23T15:39:00.000,I 75,I 75 and Peachtree,,Rear End,2,Clear,Dry,Daylight
2024-06-03T07:38:00.000,I 75,I 75 and Peach6Tree St,,Rear End,2,Clear,Dry,Daylight
2022-05-27T19:45:00.000,I 75,I 75 and Peach Houston County Line,,Rear End,2,Clear,Dry,Daylight
2024-03-15T14:25:00.000,I 75,I 75 and Peach County Line,,Rear End,2,Rain,Wet,Daylight
2023-05-05T20:29:00.000,I 75,I 75 and Peach   Bibb County Line,,Not a Collision with Motor Vehicle,1,Clear,Dry,Dark-Not Lighted
2024-12-11T07:47:00.000,I 75,I 75 and Pass Exit 228 Hwy 138,,Rear End,2,Clear,Wet,Daylight
2024-12-09T00:00:00.000,I 75,I 75 and Parliament Garden Way,,Rear End,2,Rain,Wet,Dark-Lighted
2021-07-19T17:18:00.000,I 75,I 75 and Paces Ferry Rd,,Not a Collision with Motor Vehicle,1,Rain,Wet,Daylight
2022-01-10T08:48:00.000,I 75,I 75 and Paces Ferry Rd,,Rear End,2,Clear,Dry,Daylight
2022-10-06T17:11:00.000,I 75,I 75 and Paces Ferry Rd,,Sideswipe-Same Direction,2,Clear,Dry,Daylight
2022-06-21T13:33:00.000,I 75,I 75 and Paces Ferry Rd,,Sideswipe-Same Direction,2,Clear,Dry,Daylight
2024-02-02T14:42:00.000,I 75,I 75 and Paces Ferry Rd,,Sideswipe-Same Direction,2,Clear,Dry,Daylight
2021-11-22T17:00:00.000,I 75,I 75 and Ormond St,,Rear End,2,Clear,Dry,Dusk
2022-06-14T17:30:00.000,I 75,I 75 and Ormond St,,Rear End,2,Cloudy,Dry,Daylight
2021-08-08T13:45:00.000,I 75,I 75 and On-Ramp From Jonesboro Rd,,Rear End,2,Clear,Dry,Daylight
2021-08-08T17:00:00.000,I 75,I 75 and On-Ramp From Jonesboro Rd,,Sideswipe-Same Direction,3,Clear,Dry,Daylight
2022-06-07T23:15:00.000,I 75,I 75 and On-Ramp From Jonesboro Rd,,Not a Collision with Motor Vehicle,1,Rain,Wet,Dark-Lighted
2021-01-31T14:31:00.000,I 75,I 75 and On-Ramp From Hartley Bridge Rd,,Angle Crash,2,Rain,Wet,Daylight
2021-09-15T17:21:00.000,I 75,I 75 and On-Ramp From Hartley Bridge Rd,,Not a Collision with Motor Vehicle,1,Rain,Wet,Daylight
2021-09-16T15:38:00.000,I 75,I 75 and On-Ramp From Hartley Bridge Rd,,Sideswipe-Same Direction,2,Rain,Water (standing or moving),Daylight
2020-08-27T15:49:00.000,I 75,I 75 and On-Ramp From Hartley Bridge Rd,,Angle Crash,2,Clear,Dry,Daylight
2020-02-22T09:04:00.000,I 75,I 75 and On-Ramp From Hartley Bridge Rd,,Sideswipe-Same Direction,2,Clear,Dry,Daylight
2020-11-16T16:56:00.000,I 75,I 75 and On-Ramp From Hartley Bridge Rd,,Sideswipe-Same Direction,2,Clear,Dry,Daylight
2021-06-28T14:22:00.000,I 75,I 75 and On-Ramp From Hartley Bridge Rd,,Not a Collision with Motor Vehicle,4,Cloudy,Dry,Daylight
2022-01-15T17:33:00.000,I 75,I 75 and On-Ramp From Hartley Bridge Rd,,Not a Collision with Motor Vehicle,1,Clear,Dry,Daylight
2022-05-31T05:34:00.000,I 75,I 75 and On-Ramp From Hartley Bridge Rd,,Rear End,4,Cloudy,Dry,Dusk
2024-09-24T09:40:00.000,I 75,I 75 and On-Ramp From Hartley Bridge Rd,,Not a Collision with Motor Vehicle,1,Rain,Wet,Daylight
2020-02-03T12:51:00.000,I 75,I 75 and On-Ramp From Hartley Brg,,Sideswipe-Same Direction,2,Clear,Dry,Daylight
2020-03-30T10:28:00.000,I 75,I 75 and On-Ramp From Hartley Brg,,Not a Collision with Motor Vehicle,1,Clear,Dry,Daylight
2023-04-29T13:17:00.000,I 75,I 75 and On-Ramp From Cabiniss Road Highway 83,,Angle Crash,2,Clear,Dry,Daylight
2022-07-08T18:15:00.000,I 75,I 75 and On The Ramp From 267A,,Rear End,2,Cloudy,Dry,Daylight
2024-11-11T17:59:00.000,I 75,I 75 and On Ramp To Jonesboro Rd,,Rear End,2,Clear,Dry,Dark-Lighted
2024-05-04T10:13:00.000,I 75,I 75 and On Ramp Of Exit 216,,Angle Crash,2,Clear,Dry,Daylight
2021-08-10T14:22:00.000,I 75,I 75 and On Ramp From Sardis Church Rd,,Not a Collision with Motor Vehicle,1,Rain,Wet,Daylight
2024-06-19T16:55:00.000,I 75,I 75 and On Ramp From Pio Nono Ave,,Rear End,2,Clear,Dry,Daylight
2021-06-20T13:52:00.000,I 75,I 75 and On Ramp From Pierce Ave To I75,,Not a Collision with Motor Vehicle,1,Rain,Wet,Daylight
2022-10-08T14:04:00.000,I 75,I 75 and On Ramp For I75 Pierce Ave,,Sideswipe-Same Direction,2,Clear,Dry,Daylight
2020-02-02T16:50:00.000,I 75,I 75 and On Ramp 341,,Not a Collision with Motor Vehicle,1,Clear,Dry,Daylight
2021-03-02T19:32:00.000,I 75,I 75 and Omega-Eldorado Rd,,Not a Collision with Motor Vehicle,1,Rain,Wet,Dark-Not Lighted
2020-03-27T07:35:00.000,I 75,I 75 and Omega-Eldorado Rd,,Not a Collision with Motor Vehicle,1,Clear,Dry,Daylight
2022-05-05T08:35:00.000,I 75,I 75 and Omega Elorado Road Opas,,Not a Collision with Motor Vehicle,1,Clear,Dry,Daylight
2022-05-10T19:00:00.000,I 75,I 75 and Omega Eldorado Road Opas,,Sideswipe-Same Direction,2,Clear,Dry,Daylight
2023-01-25T13:03:00.000,I 75,I 75 and Omega Eldorado Road Mm55,,Rear End,2,Rain,Wet,Daylight
2023-06-04T08:45:00.000,I 75,I 75 and Omega Eldorado Road Exit 55,,Sideswipe-Same Direction,2,Cloudy,Dry,Daylight
2022-09-14T10:50:00.000,I 75,I 75 and Omega Eldorado Road Exit 55,,Not a Collision with Motor Vehicle,2,Clear,Dry,Daylight
2022-11-17T05:40:00.000,I 75,I 75 and Omega Eldorado Road Exit 55,,Sideswipe-Same Direction,2,Clear,Dry,Dark-Not Lighted
2021-07-05T12:00:00.000,I 75,I 75 and Omega Eldorado Rd,,Not a Collision with Motor Vehicle,1,Cloudy,Dry,Daylight
2021-05-21T08:10:00.000,I 75,I 75 and Omega Eldorado Rd,,Rear End,2,Clear,Dry,Daylight
2021-07-09T17:40:00.000,I 75,I 75 and Omega Eldorado Rd,,Not a Collision with Motor Vehicle,1,Cloudy,Dry,Daylight
2021-10-22T15:48:00.000,I 75,I 75 and Omega Eldorado Rd,,Not a Collision with Motor Vehicle,1,Clear,Dry,Daylight
2021-10-22T14:55:00.000,I 75,I 75 and Omega Eldorado Rd,,Sideswipe-Same Direction,2,Clear,Dry,Daylight
2021-09-02T14:18:00.000,I 75,I 75 and Omega Eldorado Rd,,Not a Collision with Motor Vehicle,1,Rain,Wet,Daylight
2021-11-13T20:15:00.000,I 75,I 75 and Omega Eldorado Rd,,Not a Collision with Motor Vehicle,1,Clear,Dry,Dark-Not Lighted
2021-07-27T20:00:00.000,I 75,I 75 and Omega Eldorado Rd,,Not a Collision with Motor Vehicle,1,Rain,Wet,Daylight
2021-05-28T20:57:00.000,I 75,I 75 and Omega Eldorado Rd,,Not a Collision with Motor Vehicle,1,Clear,Dry,Dark-Not Lighted
2023-03-31T20:48:00.000,I 75,I 75 and Omega Eldorado Rd,,Sideswipe-Same Direction,2,Clear,Dry,Dark-Not Lighted
2023-07-23T15:40:00.000,I 75,I 75 and Omega Eldorado Rd,,Not a Collision with Motor Vehicle,1,Rain,Wet,Daylight
2023-10-21T12:40:00.000,I 75,I 75 and Omega Eldorado Rd,,Sideswipe-Same Direction,2,Clear,Dry,Daylight
2023-07-31T23:40:00.000,I 75,I 75 and Omega Eldorado Rd,,Angle Crash,2,Clear,Dry,Dark-Not Lighted
2023-01-16T16:15:00.000,I 75,I 75 and Omega Eldorado Rd,,Sideswipe-Same Direction,2,Clear,Dry,Daylight
2023-06-04T20:15:00.000,I 75,I 75 and Omega Eldorado Rd,,Sideswipe-Same Direction,2,Cloudy,Dry,Daylight