Date and Time,Roadway (From Crash Report),Intersection Name (from Crash Report),KABCO Severity,Manner of Collision (Crash Level) ,# of Vehicles per crash ,Weather Conditions (Crash Level),Surface Condition (Crash Level) ,Light Conditions (Crash Level)
2023-02-04T10:45:00.000,I 75,I 75 and Omega Eldorado Rd,,Sideswipe-Same Direction,2,Clear,Dry,Daylight
2023-10-20T18:57:00.000,I 75,I 75 and Omega Eldorado Rd,,Not a Collision with Motor Vehicle,1,Clear,Dry,Daylight
2023-11-13T06:43:00.000,I 75,I 75 and Omega Eldorado Rd,,Head On,1,Cloudy,Dry,Daylight
2023-02-13T00:50:00.000,I 75,I 75 and Omega Eldorado Rd,,Sideswipe-Same Direction,2,Clear,Dry,Dark-Lighted
2020-03-17T17:40:00.000,I 75,I 75 and Omega Eldorado Rd,,Not a Collision with Motor Vehicle,1,Rain,Wet,Daylight
2020-04-14T19:00:00.000,I 75,I 75 and Omega Eldorado Rd,,Not a Collision with Motor Vehicle,1,Rain,Wet,Daylight
2020-09-20T03:15:00.000,I 75,I 75 and Omega Eldorado Rd,,Angle Crash,2,Clear,Dry,Dark-Not Lighted
2020-08-27T14:10:00.000,I 75,I 75 and Omega Eldorado Rd,,Not a Collision with Motor Vehicle,1,Clear,Dry,Daylight
2020-10-22T14:55:00.000,I 75,I 75 and Omega Eldorado Rd,,Not a Collision with Motor Vehicle,1,Clear,Dry,Daylight
2020-11-17T12:55:00.000,I 75,I 75 and Omega Eldorado Rd,,Sideswipe-Same Direction,1,Clear,Dry,Daylight
2021-03-02T20:34:00.000,I 75,I 75 and Omega Eldorado Rd,,Angle Crash,2,Rain,Wet,Dark-Not Lighted
2021-04-12T15:35:00.000,I 75,I 75 and Omega Eldorado Rd,,Sideswipe-Same Direction,2,Clear,Dry,Daylight
2021-04-25T17:02:00.000,I 75,I 75 and Omega Eldorado Rd,,Not a Collision with Motor Vehicle,1,Clear,Dry,Daylight
2021-03-19T18:54:00.000,I 75,I 75 and Omega Eldorado Rd,,Not a Collision with Motor Vehicle,1,Cloudy,Dry,Daylight
2021-11-13T09:40:00.000,I 75,I 75 and Omega Eldorado Rd,,Sideswipe-Same Direction,2,Clear,Dry,Daylight
2022-04-03T07:15:00.000,I 75,I 75 and Omega Eldorado Rd,,Not a Collision with Motor Vehicle,1,Clear,Dry,Daylight
2021-10-22T15:47:00.000,I 75,I 75 and Omega Eldorado Rd,,Not a Collision with Motor Vehicle,1,Clear,Dry,Daylight
2022-10-03T13:04:00.000,I 75,I 75 and Omega Eldorado Rd,,Sideswipe-Same Direction,2,Clear,Dry,Daylight
2022-01-25T09:05:00.000,I 75,I 75 and Omega Eldorado Rd,,Rear End,2,Clear,Dry,Daylight
2022-10-02T14:07:00.000,I 75,I 75 and Omega Eldorado Rd,,Not a Collision with Motor Vehicle,1,Clear,Dry,Daylight
2022-07-11T20:35:00.000,I 75,I 75 and Omega Eldorado Rd,,Rear End,2,Cloudy,Wet,Dark-Not Lighted
2022-03-18T18:05:00.000,I 75,I 75 and Omega Eldorado Rd,,Not a Collision with Motor Vehicle,1,Rain,Wet,Daylight
2024-08-05T15:15:00.000,I 75,I 75 and Omega Eldorado Rd,,Not a Collision with Motor Vehicle,1,Rain,Wet,Daylight
2024-12-29T07:55:00.000,I 75,I 75 and Omega Eldorado Rd,,Not a Collision with Motor Vehicle,1,Cloudy,Wet,Daylight
2024-02-02T15:07:00.000,I 75,I 75 and Omega Eldorado Rd,,Sideswipe-Same Direction,2,Clear,Dry,Daylight
2024-05-09T15:50:00.000,I 75,I 75 and Omega Eldorado Rd,,Not a Collision with Motor Vehicle,1,Rain,Wet,Daylight
2023-09-08T20:10:00.000,I 75,I 75 and Omega Eldorado Rd,,Not a Collision with Motor Vehicle,1,Rain,Wet,Dark-Not Lighted
2023-03-31T17:20:00.000,I 75,I 75 and Omega Eldorado Rd,,Not a Collision with Motor Vehicle,2,Clear,Dry,Daylight
2024-09-06T13:06:00.000,I 75,I 75 and Omega Eldorado Rd,,Angle Crash,2,Rain,Wet,Daylight
2024-02-07T04:02:00.000,I 75,I 75 and Omega Eldorado Rd,,Not a Collision with Motor Vehicle,1,Clear,Dry,Dark-Not Lighted
2024-03-22T21:35:00.000,I 75,I 75 and Omega Eldorado Rd,,Not a Collision with Motor Vehicle,4,Cloudy,Dry,Dark-Not Lighted
2024-07-10T15:10:00.000,I 75,I 75 and Omega Eldorado Rd,,Not a Collision with Motor Vehicle,2,Cloudy,Dry,Daylight
2024-04-26T18:30:00.000,I 75,I 75 and Omega Eldorado Rd,,Not a Collision with Motor Vehicle,2,Clear,Dry,Daylight
2024-07-17T08:48:00.000,I 75,I 75 and Omega Eldorado Rd,,Sideswipe-Same Direction,2,Cloudy,Dry,Daylight
2024-08-16T21:07:00.000,I 75,I 75 and Omega Eldorado Rd,,Sideswipe-Same Direction,2,Clear,Dry,Dark-Not Lighted
2024-07-02T20:40:00.000,I 75,I 75 and Omega Eldorado Rd,,Not a Collision with Motor Vehicle,1,Cloudy,Dry,Dusk
2024-11-01T18:05:00.000,I 75,I 75 and Omega Eldorado Rd,,Not a Collision with Motor Vehicle,1,Clear,Dry,Daylight
2024-09-17T02:20:00.000,I 75,I 75 and Omega Eldorado Rd,,Rear End,2,Clear,Dry,Dark-Not Lighted
2024-05-09T15:45:00.000,I 75,I 75 and Omega Eldorado Rd,,Angle Crash,2,Rain,Wet,Daylight
2024-01-23T18:00:00.000,I 75,I 75 and Omega Eldorado Rd,,Not a Collision with Motor Vehicle,2,Clear,Dry,Dark-Not Lighted
2024-11-19T06:18:00.000,I 75,I 75 and Omega Eldorado Rd,,Sideswipe-Same Direction,2,Clear,Dry,Dark-Not Lighted
2024-09-11T16:58:00.000,I 75,I 75 and Omega Eldorado Rd,,Not a Collision with Motor Vehicle,1,Rain,Wet,Daylight
2023-03-24T19:30:00.000,I 75,I 75 and Omega Elderado Road Exit 55,,Rear End,2,Clear,Dry,Dusk
2023-11-13T06:43:00.000,I 75,I 75 and Omega Eldarado Rd,,Head On,1,Cloudy,Dry,Dawn
2020-06-29T01:00:00.000,I 75,I 75 and Omega  Eldorado Rd,,Not a Collision with Motor Vehicle,1,Clear,Dry,Dark-Not Lighted
2020-12-03T00:00:00.000,I 75,I 75 and Omega  Eldorado Rd,,Not a Collision with Motor Vehicle,1,Clear,Dry,Dark-Not Lighted
2023-01-04T05:50:00.000,I 75,I 75 and Olympic Way,,Not a Collision with Motor Vehicle,1,Rain,Water (standing or moving),Dark-Not Lighted
2024-01-19T14:13:00.000,I 75,I 75 and Olympic Way,,Rear End,2,Clear,Dry,Daylight
2024-03-25T11:45:00.000,I 75,I 75 and Olympic Way,,Sideswipe-Same Direction,3,Clear,Dry,Daylight
2022-02-02T06:37:00.000,I 75,I 75 and Oldquitman Rd,,Not a Collision with Motor Vehicle,1,Clear,Dry,Dawn
2023-10-20T16:05:00.000,I 75,I 75 and Old Valdosta Rd,,Rear End,2,Cloudy,Dry,Daylight
2024-12-10T11:37:00.000,I 75,I 75 and Old River Rd,,Not a Collision with Motor Vehicle,1,Rain,Wet,Daylight
2024-09-27T14:30:00.000,I 75,I 75 and Old Quittman Rd,,Not a Collision with Motor Vehicle,1,Clear,Dry,Daylight
2023-10-24T21:00:00.000,I 75,I 75 and Old Quitman Road Exit 37,,Not a Collision with Motor Vehicle,1,Clear,Dry,Dark-Not Lighted
2023-01-21T00:40:00.000,I 75,I 75 and Old Quitman Road Exit 37,,Not a Collision with Motor Vehicle,1,Clear,Dry,Dark-Not Lighted
2023-03-10T15:05:00.000,I 75,I 75 and Old Quitman Road Exit 37,,Sideswipe-Same Direction,2,Rain,Wet,Daylight
2023-08-14T12:15:00.000,I 75,I 75 and Old Quitman Road 37 Mile Mark,,Sideswipe-Same Direction,2,Clear,Dry,Daylight
2021-02-08T16:51:00.000,I 75,I 75 and Old Quitman Rd,,Sideswipe-Same Direction,2,Clear,Dry,Daylight
2021-02-14T11:50:00.000,I 75,I 75 and Old Quitman Rd,,Not a Collision with Motor Vehicle,1,Rain,Wet,Daylight
2021-04-05T00:45:00.000,I 75,I 75 and Old Quitman Rd,,Not a Collision with Motor Vehicle,1,Clear,Dry,Dark-Not Lighted
2021-02-14T11:50:00.000,I 75,I 75 and Old Quitman Rd,,Rear End,2,Rain,Wet,Daylight
2021-05-07T19:47:00.000,I 75,I 75 and Old Quitman Rd,,Not a Collision with Motor Vehicle,1,Clear,Dry,Dusk
2021-10-17T07:48:00.000,I 75,I 75 and Old Quitman Rd,,Sideswipe-Same Direction,3,Clear,Dry,Daylight
2021-02-14T11:50:00.000,I 75,I 75 and Old Quitman Rd,,Not a Collision with Motor Vehicle,1,Rain,Wet,Daylight
2020-08-30T17:25:00.000,I 75,I 75 and Old Quitman Rd,,Not a Collision with Motor Vehicle,1,Rain,Wet,Daylight
2023-01-31T19:20:00.000,I 75,I 75 and Old Quitman Rd,,Not a Collision with Motor Vehicle,2,Cloudy,Wet,Dark-Not Lighted
2023-01-31T19:20:00.000,I 75,I 75 and Old Quitman Rd,,Angle Crash,2,Cloudy,Wet,Dark-Not Lighted
2023-07-23T11:30:00.000,I 75,I 75 and Old Quitman Rd,,Not a Collision with Motor Vehicle,1,Rain,Wet,Daylight
2023-01-01T03:40:00.000,I 75,I 75 and Old Quitman Rd,,Rear End,2,Clear,Dry,Dark-Not Lighted
2020-08-15T19:31:00.000,I 75,I 75 and Old Quitman Rd,,Sideswipe-Same Direction,2,Clear,Dry,Daylight
2020-05-12T17:25:00.000,I 75,I 75 and Old Quitman Rd,,Sideswipe-Same Direction,1,Clear,Dry,Daylight
2020-07-02T09:07:00.000,I 75,I 75 and Old Quitman Rd,,Not a Collision with Motor Vehicle,2,Clear,Dry,Daylight
2020-11-18T07:50:00.000,I 75,I 75 and Old Quitman Rd,,Rear End,2,Clear,Dry,Daylight
2020-10-09T09:00:00.000,I 75,I 75 and Old Quitman Rd,,Rear End,2,Clear,Dry,Daylight
2020-12-18T13:40:00.000,I 75,I 75 and Old Quitman Rd,,Sideswipe-Same Direction,2,Clear,Dry,Daylight
2021-05-30T03:25:00.000,I 75,I 75 and Old Quitman Rd,,Not a Collision with Motor Vehicle,1,Clear,Dry,Dark-Not Lighted
2021-05-01T23:15:00.000,I 75,I 75 and Old Quitman Rd,,Rear End,2,Clear,Dry,Dark-Not Lighted
2021-03-11T22:48:00.000,I 75,I 75 and Old Quitman Rd,,Sideswipe-Same Direction,2,Clear,Dry,Dark-Not Lighted
2021-05-07T20:34:00.000,I 75,I 75 and Old Quitman Rd,,Rear End,2,Clear,Dry,Dark-Not Lighted
2021-12-26T17:10:00.000,I 75,I 75 and Old Quitman Rd,,Not a Collision with Motor Vehicle,1,Clear,Dry,Daylight
2022-11-27T15:54:00.000,I 75,I 75 and Old Quitman Rd,,Sideswipe-Same Direction,4,Clear,Dry,Daylight
2021-10-17T07:47:00.000,I 75,I 75 and Old Quitman Rd,,Rear End,2,Clear,Dry,Daylight
2022-03-31T11:50:00.000,I 75,I 75 and Old Quitman Rd,,Not a Collision with Motor Vehicle,2,Cloudy,Wet,Daylight
2022-05-31T22:50:00.000,I 75,I 75 and Old Quitman Rd,,Not a Collision with Motor Vehicle,1,Clear,Dry,Dark-Not Lighted
2022-09-25T16:00:00.000,I 75,I 75 and Old Quitman Rd,,Not a Collision with Motor Vehicle,2,Clear,Dry,Daylight
2022-07-10T12:00:00.000,I 75,I 75 and Old Quitman Rd,,Not a Collision with Motor Vehicle,1,Rain,Wet,Daylight
2022-12-16T16:30:00.000,I 75,I 75 and Old Quitman Rd,,Rear End,2,Clear,Dry,Daylight
2022-11-28T09:35:00.000,I 75,I 75 and Old Quitman Rd,,Sideswipe-Same Direction,2,Clear,Dry,Daylight
2022-04-08T10:20:00.000,I 75,I 75 and Old Quitman Rd,,Not a Collision with Motor Vehicle,1,Clear,Dry,Dark-Not Lighted
2022-05-22T18:45:00.000,I 75,I 75 and Old Quitman Rd,,Not a Collision with Motor Vehicle,1,Rain,Wet,Daylight
2022-10-18T19:25:00.000,I 75,I 75 and Old Quitman Rd,,Rear End,2,Clear,Dry,Dark-Not Lighted
2022-08-16T11:15:00.000,I 75,I 75 and Old Quitman Rd,,Sideswipe-Same Direction,2,Clear,Dry,Daylight
2022-08-26T21:58:00.000,I 75,I 75 and Old Quitman Rd,,Not a Collision with Motor Vehicle,1,Rain,Wet,Dark-Not Lighted
2022-05-22T18:45:00.000,I 75,I 75 and Old Quitman Rd,,Not a Collision with Motor Vehicle,1,Rain,Wet,Daylight
2022-10-14T15:20:00.000,I 75,I 75 and Old Quitman Rd,,Not a Collision with Motor Vehicle,1,Clear,Dry,Daylight
2022-09-14T00:08:00.000,I 75,I 75 and Old Quitman Rd,,Sideswipe-Same Direction,2,Clear,Dry,Dark-Lighted
2024-12-17T16:35:00.000,I 75,I 75 and Old Quitman Rd,,Not a Collision with Motor Vehicle,2,Clear,Dry,Daylight
2024-10-14T07:59:00.000,I 75,I 75 and Old Quitman Rd,,Angle Crash,2,Clear,Dry,Daylight
2024-05-18T12:20:00.000,I 75,I 75 and Old Quitman Rd,,Rear End,2,Rain,Wet,Daylight
2023-07-31T11:25:00.000,I 75,I 75 and Old Quitman Rd,,Rear End,3,Cloudy,Dry,Daylight
2023-04-07T22:28:00.000,I 75,I 75 and Old Quitman Rd,,Not a Collision with Motor Vehicle,2,Clear,Dry,Dark-Not Lighted
2023-10-14T05:47:00.000,I 75,I 75 and Old Quitman Rd,,Sideswipe-Same Direction,3,Clear,Dry,Dark-Not Lighted
2023-05-04T01:05:00.000,I 75,I 75 and Old Quitman Rd,,Not a Collision with Motor Vehicle,1,Clear,Dry,Dark-Not Lighted
2024-05-10T16:28:00.000,I 75,I 75 and Old Quitman Rd,,Rear End,2,Cloudy,Dry,Daylight
2024-04-21T15:00:00.000,I 75,I 75 and Old Quitman Rd,,Not a Collision with Motor Vehicle,1,Rain,Wet,Daylight
2024-03-02T10:19:00.000,I 75,I 75 and Old Quitman Rd,,Rear End,2,Clear,Dry,Daylight
2024-04-25T09:05:00.000,I 75,I 75 and Old Quitman Rd,,Sideswipe-Same Direction,2,Clear,Dry,Daylight
2024-07-27T10:57:00.000,I 75,I 75 and Old Quitman Rd,,Rear End,2,Clear,Dry,Daylight
2024-06-07T21:31:00.000,I 75,I 75 and Old Quitman Rd,,Sideswipe-Same Direction,3,Clear,Dry,Dark-Not Lighted
2024-07-01T19:05:00.000,I 75,I 75 and Old Quitman Hwy,,Sideswipe-Same Direction,2,Rain,Wet,Daylight
2024-05-03T21:50:00.000,I 75,I 75 and Old Quitman Hwy,,Angle Crash,2,Cloudy,Wet,Dark-Not Lighted
2020-08-15T20:00:00.000,I 75,I 75 and Old Qitman Rd,,Rear End,2,Clear,Dry,Daylight
2020-08-23T00:15:00.000,I 75,I 75 and Old Omgea Rd,,Rear End,2,Clear,Dry,Dark-Not Lighted
2024-04-10T22:40:00.000,I 75,I 75 and Old Omega Road Exit 61,,Not a Collision with Motor Vehicle,1,Rain,Wet,Dark-Not Lighted
2021-11-12T11:16:00.000,I 75,I 75 and Old Omega Rd,,Sideswipe-Same Direction,2,Clear,Dry,Daylight
2021-07-28T16:38:00.000,I 75,I 75 and Old Omega Rd,,Sideswipe-Same Direction,2,Clear,Dry,Daylight
2023-04-01T11:15:00.000,I 75,I 75 and Old Omega Rd,,Not a Collision with Motor Vehicle,2,Clear,Dry,Daylight
2023-03-14T07:18:00.000,I 75,I 75 and Old Omega Rd,,Sideswipe-Same Direction,2,Clear,Dry,Dawn
2023-10-08T09:15:00.000,I 75,I 75 and Old Omega Rd,,Rear End,2,Clear,Dry,Daylight
2020-03-12T16:40:00.000,I 75,I 75 and Old Omega Rd,,Angle Crash,2,Clear,Dry,Daylight
2020-12-04T12:10:00.000,I 75,I 75 and Old Omega Rd,,Rear End,2,Clear,Dry,Daylight
2020-08-19T11:38:00.000,I 75,I 75 and Old Omega Rd,,Not a Collision with Motor Vehicle,1,Clear,Dry,Daylight
2020-11-10T08:09:00.000,I 75,I 75 and Old Omega Rd,,Not a Collision with Motor Vehicle,1,Cloudy,Wet,Daylight
2021-03-18T13:57:00.000,I 75,I 75 and Old Omega Rd,,Sideswipe-Same Direction,2,Clear,Dry,Daylight
2022-09-18T13:53:00.000,I 75,I 75 and Old Omega Rd,,Sideswipe-Same Direction,2,Cloudy,Dry,Daylight
2022-03-19T23:22:00.000,I 75,I 75 and Old Omega Rd,,Rear End,2,Clear,Wet,Dark-Not Lighted
2022-12-31T14:00:00.000,I 75,I 75 and Old Omega Rd,,Rear End,2,Clear,Dry,Daylight
2022-04-08T17:10:00.000,I 75,I 75 and Old Omega Rd,,Angle Crash,2,Clear,Dry,Daylight
2022-12-08T16:28:00.000,I 75,I 75 and Old Omega Rd,,Sideswipe-Same Direction,2,Clear,Dry,Daylight
2022-04-10T13:20:00.000,I 75,I 75 and Old Omega Rd,,Sideswipe-Same Direction,2,Clear,Dry,Daylight
2022-10-10T17:05:00.000,I 75,I 75 and Old Omega Rd,,Rear End,2,Clear,Dry,Daylight
2023-03-07T12:17:00.000,I 75,I 75 and Old Omega Rd,,Not a Collision with Motor Vehicle,1,Cloudy,Dry,Daylight
2023-02-03T12:45:00.000,I 75,I 75 and Old Omega Rd,,Not a Collision with Motor Vehicle,2,Clear,Dry,Daylight
2024-01-13T16:00:00.000,I 75,I 75 and Old Omega Rd,,Not a Collision with Motor Vehicle,1,Clear,Dry,Daylight
2024-10-30T13:20:00.000,I 75,I 75 and Old Omega  Rd Exit 61,,Not a Collision with Motor Vehicle,1,Clear,Dry,Daylight
2022-10-15T20:31:00.000,I 75,I 75 and Old Hatley Road Opas,,Angle Crash,2,Clear,Dry,Dark-Not Lighted
2023-11-17T23:11:00.000,I 75,I 75 and Old Hatley Rd,,Angle Crash,2,Cloudy,Dry,Dark-Not Lighted
2021-12-01T10:05:00.000,I 75,I 75 and Old Grassdale Road Opas,,Not a Collision with Motor Vehicle,3,Clear,Dry,Daylight
2024-07-30T11:23:00.000,I 75,I 75 and Old Grassdale Rd,,Sideswipe-Same Direction,2,Cloudy,Dry,Daylight
2024-12-06T12:21:00.000,I 75,I 75 and Old Grassdale Rd,,Sideswipe-Same Direction,3,Clear,Dry,Daylight
2024-10-08T17:11:00.000,I 75,I 75 and Old Grassdale Rd,,Sideswipe-Same Direction,2,Clear,Dry,Daylight
2024-10-22T11:36:00.000,I 75,I 75 and Old Grassdale Rd,,Sideswipe-Same Direction,2,Clear,Dry,Daylight
2024-12-25T04:13:00.000,I 75,I 75 and Old Grassdale,,Sideswipe-Same Direction,2,Clear,Dry,Dark-Not Lighted
2021-09-07T21:10:00.000,I 75,I 75 and Old Dixie Way,,Not a Collision with Motor Vehicle,2,Rain,Wet,Dark-Not Lighted
2021-07-12T16:00:00.000,I 75,I 75 and Old Dixie Way,,Sideswipe-Same Direction,2,Rain,Wet,Daylight
2021-05-20T21:54:00.000,I 75,I 75 and Old Dixie Way,,Rear End,2,Clear,Dry,Dark-Lighted
2021-06-01T16:07:00.000,I 75,I 75 and Old Dixie Way,,Sideswipe-Same Direction,2,Clear,Dry,Daylight
2021-06-09T15:21:00.000,I 75,I 75 and Old Dixie Way,,Sideswipe-Same Direction,3,Clear,Dry,Daylight
2021-05-03T17:45:00.000,I 75,I 75 and Old Dixie Way,,Not a Collision with Motor Vehicle,1,Rain,Wet,Daylight
2023-07-17T15:42:00.000,I 75,I 75 and Old Dixie Way,,Rear End,2,Clear,Dry,Daylight
2023-09-08T18:12:00.000,I 75,I 75 and Old Dixie Way,,Not a Collision with Motor Vehicle,2,Clear,Dry,Daylight
2023-03-01T07:37:00.000,I 75,I 75 and Old Dixie Way,,Rear End,2,Cloudy,Dry,Daylight
2022-04-16T08:00:00.000,I 75,I 75 and Old Dixie Way,,Not a Collision with Motor Vehicle,1,Rain,Wet,Daylight
2020-07-04T03:00:00.000,I 75,I 75 and Old Dixie Way,,Sideswipe-Same Direction,2,Clear,Dry,Dark-Not Lighted
2020-06-06T12:20:00.000,I 75,I 75 and Old Dixie Way,,Rear End,2,Clear,Dry,Daylight
2020-11-17T19:23:00.000,I 75,I 75 and Old Dixie Way,,Sideswipe-Same Direction,2,Clear,Dry,Dark-Lighted
2020-06-12T14:04:00.000,I 75,I 75 and Old Dixie Way,,Sideswipe-Same Direction,2,Clear,Dry,Daylight
2021-03-14T15:00:00.000,I 75,I 75 and Old Dixie Way,,Rear End,2,Clear,Dry,Daylight
2021-10-17T10:55:00.000,I 75,I 75 and Old Dixie Way,,Rear End,3,Clear,Dry,Daylight
2021-08-13T07:31:00.000,I 75,I 75 and Old Dixie Way,,Angle Crash,2,Clear,Wet,Daylight
2022-07-03T17:33:00.000,I 75,I 75 and Old Dixie Way,,Sideswipe-Same Direction,2,Cloudy,Wet,Daylight
2022-05-14T15:15:00.000,I 75,I 75 and Old Dixie Way,,Not a Collision with Motor Vehicle,1,Clear,Dry,Daylight
2022-10-10T18:00:00.000,I 75,I 75 and Old Dixie Way,,Sideswipe-Same Direction,2,Clear,Dry,Daylight
2021-08-24T09:50:00.000,I 75,I 75 and Old Dixie Way,,Sideswipe-Same Direction,2,Cloudy,Dry,Daylight
2022-05-04T07:44:00.000,I 75,I 75 and Old Dixie Way,,Rear End,2,Clear,Dry,Daylight
2022-08-23T07:50:00.000,I 75,I 75 and Old Dixie Way,,Rear End,2,Cloudy,Dry,Daylight
2022-06-29T15:17:00.000,I 75,I 75 and Old Dixie Way,,Sideswipe-Same Direction,2,Clear,Dry,Daylight
2022-09-05T05:50:00.000,I 75,I 75 and Old Dixie Way,,Angle Crash,2,Clear,Dry,Dawn
2022-05-08T12:42:00.000,I 75,I 75 and Old Dixie Way,,Not a Collision with Motor Vehicle,2,Cloudy,Dry,Daylight
2023-06-01T13:00:00.000,I 75,I 75 and Old Dixie Way,,Rear End,2,Clear,Dry,Daylight
2024-01-04T22:20:00.000,I 75,I 75 and Old Dixie Way,,Sideswipe-Opposite Direction,2,Clear,Dry,Dark-Lighted
2024-05-21T18:55:00.000,I 75,I 75 and Old Dixie Way,,Head On,2,Clear,Dry,Daylight
2023-05-06T00:47:00.000,I 75,I 75 and Old Dixie Way,,Not a Collision with Motor Vehicle,1,Clear,Dry,Dark-Lighted
2023-01-17T07:29:00.000,I 75,I 75 and Old Dixie Way,,Rear End,2,Rain,Wet,Dark-Lighted
2023-10-08T20:32:00.000,I 75,I 75 and Old Dixie Way,,Not a Collision with Motor Vehicle,1,Clear,Dry,Dark-Not Lighted
2023-05-27T23:48:00.000,I 75,I 75 and Old Dixie Way,,Sideswipe-Same Direction,2,Clear,Dry,Dark-Not Lighted
2023-01-17T07:44:00.000,I 75,I 75 and Old Dixie Way,,Rear End,2,Rain,Wet,Dark-Lighted
2024-12-04T05:35:00.000,I 75,I 75 and Old Dixie Way,,Rear End,2,Clear,Dry,Dusk
2024-11-19T00:00:00.000,I 75,I 75 and Old Dixie Way,,Sideswipe-Same Direction,2,Rain,Wet,Daylight
2024-03-04T07:42:00.000,I 75,I 75 and Old Dixie Way,,Rear End,2,Cloudy,Dry,Daylight
2024-06-04T18:00:00.000,I 75,I 75 and Old Dixie Way,,Rear End,2,Clear,Dry,Daylight
2024-04-03T02:40:00.000,I 75,I 75 and Old Dixie Way,,Not a Collision with Motor Vehicle,1,Rain,Wet,Dark-Not Lighted
2024-06-15T15:55:00.000,I 75,I 75 and Old Dixie Way,,Rear End,2,Clear,Dry,Daylight
2024-04-10T07:30:00.000,I 75,I 75 and Old Dixie Way,,Rear End,2,Cloudy,Wet,Daylight
2023-06-21T07:40:00.000,I 75,I 75 and Old Dixie Rd Opass,,Rear End,2,Cloudy,Wet,Daylight
2020-01-28T08:20:00.000,I 75,I 75 and Old Dixie Rd Opas,,Rear End,2,Clear,Dry,Daylight
2023-07-08T13:58:00.000,I 75,I 75 and Old Dixie Rd Off Rp,,Rear End,2,Clear,Dry,Daylight
2020-07-11T20:31:00.000,I 75,I 75 and Old Dixie Rd Exit Rp,,Sideswipe-Same Direction,2,Clear,Dry,Daylight
2020-04-25T06:06:00.000,I 75,I 75 and Old Dixie Rd Exit,,Rear End,2,Clear,Dry,Dark-Lighted
2021-01-08T11:13:00.000,I 75,I 75 and Old Dixie Rd,,Rear End,2,Rain,Wet,Daylight
2021-04-17T05:00:00.000,I 75,I 75 and Old Dixie Rd,,Rear End,3,Rain,Wet,Dark-Lighted
2021-01-08T11:50:00.000,I 75,I 75 and Old Dixie Rd,,Sideswipe-Same Direction,2,Rain,Wet,Daylight
2021-02-18T15:10:00.000,I 75,I 75 and Old Dixie Rd,,Not a Collision with Motor Vehicle,1,Rain,Wet,Dusk
2021-06-03T12:19:00.000,I 75,I 75 and Old Dixie Rd,,Rear End,2,Clear,Dry,Daylight
2021-12-11T04:43:00.000,I 75,I 75 and Old Dixie Rd,,Rear End,2,Fog,Wet,Dark-Not Lighted
2021-10-20T17:01:00.000,I 75,I 75 and Old Dixie Rd,,Rear End,2,Clear,Dry,Daylight
2021-06-23T13:07:00.000,I 75,I 75 and Old Dixie Rd,,Sideswipe-Same Direction,2,Clear,Dry,Daylight
2021-04-11T20:48:00.000,I 75,I 75 and Old Dixie Rd,,Rear End,2,Clear,Dry,Dark-Not Lighted
2021-03-26T07:50:00.000,I 75,I 75 and Old Dixie Rd,,Sideswipe-Same Direction,2,Cloudy,Wet,Dawn
2021-06-11T06:14:00.000,I 75,I 75 and Old Dixie Rd,,Rear End,2,Rain,Dry,Daylight
2021-10-30T11:37:00.000,I 75,I 75 and Old Dixie Rd,,Not a Collision with Motor Vehicle,1,Rain,Wet,Dark-Not Lighted
2021-12-19T08:08:00.000,I 75,I 75 and Old Dixie Rd,,Not a Collision with Motor Vehicle,1,Rain,Wet,Daylight
2021-07-01T00:25:00.000,I 75,I 75 and Old Dixie Rd,,Not a Collision with Motor Vehicle,1,Clear,Dry,Dark-Lighted
2021-10-26T07:40:00.000,I 75,I 75 and Old Dixie Rd,,Rear End,2,Clear,Dry,Daylight
2021-08-22T15:41:00.000,I 75,I 75 and Old Dixie Rd,,Sideswipe-Same Direction,2,Cloudy,Dry,Daylight
2021-03-12T00:00:00.000,I 75,I 75 and Old Dixie Rd,,Sideswipe-Same Direction,2,Clear,Dry,Dark-Not Lighted
2021-04-26T07:33:00.000,I 75,I 75 and Old Dixie Rd,,Rear End,2,Clear,Dry,Daylight
2021-05-20T07:53:00.000,I 75,I 75 and Old Dixie Rd,,Sideswipe-Same Direction,2,Clear,Dry,Daylight
2021-04-01T08:49:00.000,I 75,I 75 and Old Dixie Rd,,Angle Crash,2,Clear,Dry,Daylight
2021-05-04T15:47:00.000,I 75,I 75 and Old Dixie Rd,,Not a Collision with Motor Vehicle,1,Rain,Wet,Daylight
2021-08-30T17:24:00.000,I 75,I 75 and Old Dixie Rd,,Rear End,2,Clear,Dry,Daylight
2021-11-17T13:30:00.000,I 75,I 75 and Old Dixie Rd,,Angle Crash,2,Clear,Dry,Daylight
2021-10-07T15:25:00.000,I 75,I 75 and Old Dixie Rd,,Rear End,2,Cloudy,Wet,Daylight
2020-01-14T07:00:00.000,I 75,I 75 and Old Dixie Rd,,Rear End,3,Clear,Dry,Dawn