Date and Time,Roadway (From Crash Report),Intersection Name (from Crash Report),KABCO Severity,Manner of Collision (Crash Level) ,# of Vehicles per crash ,Weather Conditions (Crash Level),Surface Condition (Crash Level) ,Light Conditions (Crash Level)
2020-05-11T13:38:00.000,I 75,I 75 and Old Dixie Rd,,Rear End,2,Clear,Dry,Daylight
2020-07-11T23:12:00.000,I 75,I 75 and Old Dixie Rd,,Rear End,2,Clear,Dry,Dark-Not Lighted
2020-02-17T05:33:00.000,I 75,I 75 and Old Dixie Rd,,Not a Collision with Motor Vehicle,2,Clear,Dry,Dark-Not Lighted
2020-02-05T17:29:00.000,I 75,I 75 and Old Dixie Rd,,Sideswipe-Same Direction,2,Rain,Wet,Daylight
2023-08-11T08:10:00.000,I 75,I 75 and Old Dixie Rd,,Rear End,2,Rain,Wet,Daylight
2023-09-09T17:29:00.000,I 75,I 75 and Old Dixie Rd,,Not a Collision with Motor Vehicle,1,Rain,Wet,Daylight
2023-07-01T13:21:00.000,I 75,I 75 and Old Dixie Rd,,Rear End,2,Clear,Dry,Daylight
2023-11-18T18:40:00.000,I 75,I 75 and Old Dixie Rd,,Angle Crash,2,Clear,Dry,Dark-Not Lighted
2023-10-17T10:02:00.000,I 75,I 75 and Old Dixie Rd,,Not a Collision with Motor Vehicle,2,Clear,Dry,Daylight
2023-10-12T11:55:00.000,I 75,I 75 and Old Dixie Rd,,Rear End,2,Cloudy,Wet,Daylight
2023-02-14T08:11:00.000,I 75,I 75 and Old Dixie Rd,,Rear End,7,Clear,Dry,Daylight
2023-03-16T06:54:00.000,I 75,I 75 and Old Dixie Rd,,Rear End,2,Clear,Dry,Dark-Not Lighted
2023-08-28T11:30:00.000,I 75,I 75 and Old Dixie Rd,,Sideswipe-Same Direction,2,Clear,Dry,Daylight
2023-04-01T09:41:00.000,I 75,I 75 and Old Dixie Rd,,Rear End,2,Rain,Wet,Daylight
2023-08-23T06:52:00.000,I 75,I 75 and Old Dixie Rd,,Rear End,2,Clear,Dry,Daylight
2023-05-16T16:40:00.000,I 75,I 75 and Old Dixie Rd,,Sideswipe-Same Direction,2,Cloudy,Dry,Daylight
2023-03-16T08:06:00.000,I 75,I 75 and Old Dixie Rd,,Rear End,2,Clear,Dry,Daylight
2023-02-20T17:40:00.000,I 75,I 75 and Old Dixie Rd,,Angle Crash,2,Cloudy,Dry,Daylight
2023-11-14T19:38:00.000,I 75,I 75 and Old Dixie Rd,,Rear End,2,Cloudy,Dry,Dark-Not Lighted
2023-04-19T06:03:00.000,I 75,I 75 and Old Dixie Rd,,Sideswipe-Same Direction,2,Clear,Dry,Dark-Not Lighted
2023-07-15T19:40:00.000,I 75,I 75 and Old Dixie Rd,,Rear End,2,Clear,Dry,Daylight
2023-04-20T21:00:00.000,I 75,I 75 and Old Dixie Rd,,Rear End,2,Clear,Dry,Dark-Lighted
2023-01-24T08:23:00.000,I 75,I 75 and Old Dixie Rd,,Rear End,2,Clear,Dry,Daylight
2023-12-21T13:20:00.000,I 75,I 75 and Old Dixie Rd,,Sideswipe-Same Direction,2,Clear,Dry,Daylight
2023-08-20T14:24:00.000,I 75,I 75 and Old Dixie Rd,,Sideswipe-Same Direction,2,Clear,Dry,Daylight
2023-03-16T07:22:00.000,I 75,I 75 and Old Dixie Rd,,Rear End,4,Clear,Dry,Daylight
2023-06-07T15:43:00.000,I 75,I 75 and Old Dixie Rd,,Angle Crash,3,Clear,Dry,Daylight
2023-06-21T07:33:00.000,I 75,I 75 and Old Dixie Rd,,Rear End,2,Rain,Wet,Daylight
2023-08-08T19:00:00.000,I 75,I 75 and Old Dixie Rd,,Not a Collision with Motor Vehicle,2,Cloudy,Dry,Daylight
2023-09-21T06:40:00.000,I 75,I 75 and Old Dixie Rd,,Rear End,2,Clear,Dry,Dawn
2023-12-15T07:09:00.000,I 75,I 75 and Old Dixie Rd,,Head On,2,Clear,Wet,Daylight
2023-11-01T07:43:00.000,I 75,I 75 and Old Dixie Rd,,Rear End,2,Clear,Dry,Daylight
2023-07-25T09:28:00.000,I 75,I 75 and Old Dixie Rd,,Rear End,2,Clear,Dry,Daylight
2023-06-29T09:33:00.000,I 75,I 75 and Old Dixie Rd,,Rear End,2,Clear,Dry,Daylight
2023-07-25T09:35:00.000,I 75,I 75 and Old Dixie Rd,,Rear End,2,Clear,Dry,Daylight
2023-11-01T10:36:00.000,I 75,I 75 and Old Dixie Rd,,Rear End,2,Clear,Dry,Daylight
2023-03-23T17:20:00.000,I 75,I 75 and Old Dixie Rd,,Sideswipe-Opposite Direction,2,Clear,Dry,Daylight
2023-10-03T15:09:00.000,I 75,I 75 and Old Dixie Rd,,Rear End,2,Clear,Dry,Daylight
2023-02-18T09:06:00.000,I 75,I 75 and Old Dixie Rd,,Rear End,2,Clear,Dry,Daylight
2023-01-06T02:00:00.000,I 75,I 75 and Old Dixie Rd,,Angle Crash,2,Cloudy,Ice/Frost,Dark-Not Lighted
2022-09-22T13:05:00.000,I 75,I 75 and Old Dixie Rd,,Sideswipe-Same Direction,2,Clear,Dry,Daylight
2022-09-21T07:18:00.000,I 75,I 75 and Old Dixie Rd,,Rear End,3,Clear,Dry,Daylight
2022-12-05T19:10:00.000,I 75,I 75 and Old Dixie Rd,,Sideswipe-Same Direction,2,Rain,Wet,Dark-Not Lighted
2020-09-11T18:00:00.000,I 75,I 75 and Old Dixie Rd,,Rear End,2,Clear,Dry,Daylight
2020-02-06T19:45:00.000,I 75,I 75 and Old Dixie Rd,,Not a Collision with Motor Vehicle,1,Rain,Wet,Dark-Not Lighted
2020-05-27T13:42:00.000,I 75,I 75 and Old Dixie Rd,,Rear End,2,Clear,Dry,Daylight
2020-02-12T07:15:00.000,I 75,I 75 and Old Dixie Rd,,Rear End,3,Cloudy,Wet,Daylight
2020-09-28T13:00:00.000,I 75,I 75 and Old Dixie Rd,,Angle Crash,2,Clear,Dry,Daylight
2020-08-03T06:00:00.000,I 75,I 75 and Old Dixie Rd,,Sideswipe-Same Direction,2,Clear,Dry,Dark-Not Lighted
2020-10-22T00:00:00.000,I 75,I 75 and Old Dixie Rd,,Not a Collision with Motor Vehicle,1,Clear,Dry,Dark-Not Lighted
2020-02-22T07:20:00.000,I 75,I 75 and Old Dixie Rd,,Rear End,2,Cloudy,Dry,Dawn
2020-11-03T11:37:00.000,I 75,I 75 and Old Dixie Rd,,Sideswipe-Same Direction,2,Clear,Dry,Daylight
2020-11-17T19:51:00.000,I 75,I 75 and Old Dixie Rd,,Sideswipe-Same Direction,2,Clear,Dry,Dark-Not Lighted
2020-11-06T13:34:00.000,I 75,I 75 and Old Dixie Rd,,Not a Collision with Motor Vehicle,1,Clear,Dry,Daylight
2020-03-03T07:51:00.000,I 75,I 75 and Old Dixie Rd,,Rear End,2,Rain,Wet,Daylight
2020-07-11T18:00:00.000,I 75,I 75 and Old Dixie Rd,,Rear End,2,Clear,Dry,Daylight
2020-01-21T08:25:00.000,I 75,I 75 and Old Dixie Rd,,Rear End,2,Clear,Dry,Daylight
2020-02-13T02:50:00.000,I 75,I 75 and Old Dixie Rd,,Not a Collision with Motor Vehicle,1,Clear,Dry,Dark-Not Lighted
2020-02-25T00:00:00.000,I 75,I 75 and Old Dixie Rd,,Rear End,2,Fog,Wet,Daylight
2020-02-18T07:02:00.000,I 75,I 75 and Old Dixie Rd,,Sideswipe-Same Direction,2,Rain,Wet,Daylight
2020-01-23T07:45:00.000,I 75,I 75 and Old Dixie Rd,,Rear End,2,Cloudy,Wet,Daylight
2020-03-05T07:01:00.000,I 75,I 75 and Old Dixie Rd,,Rear End,3,Rain,Wet,Daylight
2020-10-06T00:00:00.000,I 75,I 75 and Old Dixie Rd,,Rear End,2,Clear,Dry,Daylight
2020-03-07T15:58:00.000,I 75,I 75 and Old Dixie Rd,,Sideswipe-Same Direction,2,Clear,Dry,Daylight
2020-11-14T14:21:00.000,I 75,I 75 and Old Dixie Rd,,Sideswipe-Same Direction,2,Clear,Dry,Daylight
2020-03-05T07:23:00.000,I 75,I 75 and Old Dixie Rd,,Sideswipe-Same Direction,2,Rain,Wet,Daylight
2020-01-29T07:39:00.000,I 75,I 75 and Old Dixie Rd,,Rear End,2,Clear,Dry,Daylight
2020-02-27T07:10:00.000,I 75,I 75 and Old Dixie Rd,,Sideswipe-Same Direction,2,Clear,Dry,Daylight
2020-01-23T00:00:00.000,I 75,I 75 and Old Dixie Rd,,Rear End,2,Cloudy,Wet,Daylight
2020-09-28T16:01:00.000,I 75,I 75 and Old Dixie Rd,,Sideswipe-Same Direction,2,Clear,Dry,Daylight
2020-10-27T22:30:00.000,I 75,I 75 and Old Dixie Rd,,Not a Collision with Motor Vehicle,1,Clear,Dry,Dark-Lighted
2020-02-13T15:12:00.000,I 75,I 75 and Old Dixie Rd,,Rear End,2,Clear,Dry,Daylight
2020-12-18T14:10:00.000,I 75,I 75 and Old Dixie Rd,,Rear End,2,Clear,Dry,Daylight
2020-09-17T02:49:00.000,I 75,I 75 and Old Dixie Rd,,Not a Collision with Motor Vehicle,1,Rain,Wet,Dark-Not Lighted
2020-07-04T16:12:00.000,I 75,I 75 and Old Dixie Rd,,Not a Collision with Motor Vehicle,1,Rain,Wet,Daylight
2020-04-16T12:49:00.000,I 75,I 75 and Old Dixie Rd,,Angle Crash,2,Clear,Dry,Daylight
2020-08-14T16:37:00.000,I 75,I 75 and Old Dixie Rd,,Rear End,2,Rain,Wet,Daylight
2020-06-06T00:00:00.000,I 75,I 75 and Old Dixie Rd,,Angle Crash,2,Cloudy,Dry,Daylight
2020-07-11T18:24:00.000,I 75,I 75 and Old Dixie Rd,,Sideswipe-Same Direction,2,Clear,Dry,Daylight
2020-09-04T00:00:00.000,I 75,I 75 and Old Dixie Rd,,Sideswipe-Same Direction,2,Clear,Dry,Dark-Not Lighted
2020-01-12T04:02:00.000,I 75,I 75 and Old Dixie Rd,,Sideswipe-Same Direction,2,Cloudy,Wet,Dark-Not Lighted
2020-11-23T20:55:00.000,I 75,I 75 and Old Dixie Rd,,Rear End,2,Clear,Dry,Dark-Not Lighted
2020-08-31T00:23:00.000,I 75,I 75 and Old Dixie Rd,,Sideswipe-Same Direction,2,Clear,Wet,Dark-Not Lighted
2020-10-31T23:45:00.000,I 75,I 75 and Old Dixie Rd,,Sideswipe-Same Direction,2,Clear,Dry,Dark-Not Lighted
2020-10-16T01:00:00.000,I 75,I 75 and Old Dixie Rd,,Angle Crash,2,Clear,Dry,Dark-Lighted
2020-02-27T07:36:00.000,I 75,I 75 and Old Dixie Rd,,Rear End,4,Clear,Dry,Daylight
2020-03-03T08:00:00.000,I 75,I 75 and Old Dixie Rd,,Sideswipe-Same Direction,2,Rain,Wet,Daylight
2020-09-06T20:28:00.000,I 75,I 75 and Old Dixie Rd,,Sideswipe-Same Direction,2,Clear,Dry,Daylight
2020-01-14T00:23:00.000,I 75,I 75 and Old Dixie Rd,,Not a Collision with Motor Vehicle,1,Rain,Water (standing or moving),Dark-Not Lighted
2020-10-28T04:10:00.000,I 75,I 75 and Old Dixie Rd,,Rear End,2,Rain,Wet,Dark-Not Lighted
2020-02-07T07:58:00.000,I 75,I 75 and Old Dixie Rd,,Rear End,2,Cloudy,Wet,Daylight
2021-06-19T22:23:00.000,I 75,I 75 and Old Dixie Rd,,Sideswipe-Same Direction,2,Rain,Wet,Dark-Lighted
2021-02-22T06:27:00.000,I 75,I 75 and Old Dixie Rd,,Sideswipe-Same Direction,2,Rain,Wet,Dark-Not Lighted
2021-02-17T01:48:00.000,I 75,I 75 and Old Dixie Rd,,Not a Collision with Motor Vehicle,1,Clear,Ice/Frost,Dark-Lighted
2021-02-15T17:15:00.000,I 75,I 75 and Old Dixie Rd,,Angle Crash,2,Rain,Water (standing or moving),Dusk
2021-02-18T16:20:00.000,I 75,I 75 and Old Dixie Rd,,Sideswipe-Same Direction,2,Cloudy,Wet,Daylight
2021-02-11T14:50:00.000,I 75,I 75 and Old Dixie Rd,,Not a Collision with Motor Vehicle,1,Clear,Wet,Daylight
2021-08-30T15:23:00.000,I 75,I 75 and Old Dixie Rd,,Not a Collision with Motor Vehicle,1,Rain,Wet,Daylight
2021-09-26T00:38:00.000,I 75,I 75 and Old Dixie Rd,,Sideswipe-Same Direction,2,Clear,Dry,Dark-Not Lighted
2021-09-21T09:29:00.000,I 75,I 75 and Old Dixie Rd,,Rear End,2,Cloudy,Dry,Daylight
2021-10-26T07:07:00.000,I 75,I 75 and Old Dixie Rd,,Rear End,4,Clear,Dry,Dark-Not Lighted
2021-07-08T07:45:00.000,I 75,I 75 and Old Dixie Rd,,Rear End,2,Cloudy,Dry,Daylight
2021-09-07T22:50:00.000,I 75,I 75 and Old Dixie Rd,,Sideswipe-Same Direction,2,Clear,Dry,Dark-Lighted
2021-08-31T07:25:00.000,I 75,I 75 and Old Dixie Rd,,Rear End,2,Clear,Dry,Daylight
2021-10-05T08:33:00.000,I 75,I 75 and Old Dixie Rd,,Sideswipe-Same Direction,2,Rain,Wet,Daylight
2022-07-06T08:55:00.000,I 75,I 75 and Old Dixie Rd,,Rear End,2,Clear,Dry,Daylight
2022-08-17T18:02:00.000,I 75,I 75 and Old Dixie Rd,,Rear End,2,Clear,Dry,Daylight
2022-03-08T17:54:00.000,I 75,I 75 and Old Dixie Rd,,Rear End,2,Rain,Wet,Dusk
2022-09-21T08:23:00.000,I 75,I 75 and Old Dixie Rd,,Rear End,2,Clear,Dry,Daylight
2022-11-06T20:11:00.000,I 75,I 75 and Old Dixie Rd,,Sideswipe-Same Direction,2,Clear,Dry,Dark-Lighted
2022-06-05T00:00:00.000,I 75,I 75 and Old Dixie Rd,,Rear End,2,Clear,Dry,Dark-Lighted
2021-10-21T07:04:00.000,I 75,I 75 and Old Dixie Rd,,Rear End,3,Clear,Dry,Dark-Not Lighted
2021-08-22T17:30:00.000,I 75,I 75 and Old Dixie Rd,,Sideswipe-Same Direction,2,Clear,Dry,Daylight
2021-07-29T15:56:00.000,I 75,I 75 and Old Dixie Rd,,Sideswipe-Same Direction,2,Clear,Dry,Daylight
2022-05-04T08:49:00.000,I 75,I 75 and Old Dixie Rd,,Angle Crash,2,Clear,Dry,Daylight
2022-03-19T14:07:00.000,I 75,I 75 and Old Dixie Rd,,Rear End,2,Clear,Dry,Daylight
2022-07-29T03:00:00.000,I 75,I 75 and Old Dixie Rd,,Sideswipe-Same Direction,2,Clear,Dry,Dark-Not Lighted
2022-04-25T10:23:00.000,I 75,I 75 and Old Dixie Rd,,Sideswipe-Same Direction,2,Clear,Dry,Daylight
2022-06-03T08:28:00.000,I 75,I 75 and Old Dixie Rd,,Sideswipe-Same Direction,2,Clear,Dry,Daylight
2022-11-20T19:55:00.000,I 75,I 75 and Old Dixie Rd,,Sideswipe-Same Direction,2,Clear,Dry,Dark-Not Lighted
2022-01-14T14:28:00.000,I 75,I 75 and Old Dixie Rd,,Sideswipe-Same Direction,2,Clear,Dry,Daylight
2022-02-15T13:43:00.000,I 75,I 75 and Old Dixie Rd,,Rear End,2,Clear,Dry,Daylight
2022-08-04T12:52:00.000,I 75,I 75 and Old Dixie Rd,,Sideswipe-Same Direction,2,Clear,Dry,Daylight
2022-05-04T09:55:00.000,I 75,I 75 and Old Dixie Rd,,Rear End,2,Clear,Dry,Daylight
2022-03-02T08:33:00.000,I 75,I 75 and Old Dixie Rd,,Rear End,2,Clear,Dry,Daylight
2022-05-04T08:45:00.000,I 75,I 75 and Old Dixie Rd,,Rear End,2,Cloudy,Dry,Daylight
2022-06-06T06:12:00.000,I 75,I 75 and Old Dixie Rd,,Sideswipe-Same Direction,2,Clear,Dry,Dawn
2022-03-09T14:03:00.000,I 75,I 75 and Old Dixie Rd,,Rear End,2,Cloudy,Dry,Daylight
2022-05-21T19:12:00.000,I 75,I 75 and Old Dixie Rd,,Rear End,4,Clear,Dry,Daylight
2022-08-09T08:45:00.000,I 75,I 75 and Old Dixie Rd,,Rear End,2,Clear,Dry,Daylight
2022-11-04T06:40:00.000,I 75,I 75 and Old Dixie Rd,,Rear End,2,Clear,Dry,Dawn
2022-09-28T06:48:00.000,I 75,I 75 and Old Dixie Rd,,Sideswipe-Same Direction,2,Clear,Dry,Dark-Lighted
2022-09-02T13:10:00.000,I 75,I 75 and Old Dixie Rd,,Sideswipe-Same Direction,2,Clear,Dry,Daylight
2022-09-05T01:54:00.000,I 75,I 75 and Old Dixie Rd,,Not a Collision with Motor Vehicle,1,Clear,Wet,Dark-Not Lighted
2022-06-01T07:04:00.000,I 75,I 75 and Old Dixie Rd,,Not a Collision with Motor Vehicle,3,Clear,Dry,Daylight
2022-06-18T00:00:00.000,I 75,I 75 and Old Dixie Rd,,Rear End,3,Clear,Dry,Dark-Not Lighted
2021-10-08T11:25:00.000,I 75,I 75 and Old Dixie Rd,,Sideswipe-Opposite Direction,2,Cloudy,Dry,Daylight
2021-07-16T20:45:00.000,I 75,I 75 and Old Dixie Rd,,Rear End,6,Clear,Dry,Dark-Lighted
2021-12-30T02:32:00.000,I 75,I 75 and Old Dixie Rd,,Not a Collision with Motor Vehicle,1,Rain,Wet,Dark-Lighted
2021-07-11T12:11:00.000,I 75,I 75 and Old Dixie Rd,,Sideswipe-Same Direction,2,Clear,Dry,Daylight
2022-11-08T06:47:00.000,I 75,I 75 and Old Dixie Rd,,Rear End,4,Clear,Dry,Daylight
2022-11-10T08:15:00.000,I 75,I 75 and Old Dixie Rd,,Rear End,2,Cloudy,Dry,Daylight
2022-04-18T11:43:00.000,I 75,I 75 and Old Dixie Rd,,Not a Collision with Motor Vehicle,1,Cloudy,Dry,Daylight
2022-08-22T17:53:00.000,I 75,I 75 and Old Dixie Rd,,Rear End,2,Cloudy,Dry,Daylight
2022-09-10T06:57:00.000,I 75,I 75 and Old Dixie Rd,,Not a Collision with Motor Vehicle,1,Rain,Wet,Daylight
2022-06-01T16:37:00.000,I 75,I 75 and Old Dixie Rd,,Rear End,2,Clear,Dry,Daylight
2022-10-13T05:00:00.000,I 75,I 75 and Old Dixie Rd,,Rear End,2,Rain,Wet,Dark-Lighted
2022-12-09T12:30:00.000,I 75,I 75 and Old Dixie Rd,,Angle Crash,2,Clear,Dry,Daylight
2022-04-04T09:15:00.000,I 75,I 75 and Old Dixie Rd,,Rear End,2,Clear,Dry,Daylight
2022-02-03T22:35:00.000,I 75,I 75 and Old Dixie Rd,,Sideswipe-Same Direction,2,Rain,Wet,Dark-Lighted
2022-10-18T07:15:00.000,I 75,I 75 and Old Dixie Rd,,Rear End,2,Clear,Dry,Daylight
2022-07-19T09:32:00.000,I 75,I 75 and Old Dixie Rd,,Sideswipe-Same Direction,2,Rain,Water (standing or moving),Daylight
2022-10-22T19:38:00.000,I 75,I 75 and Old Dixie Rd,,Rear End,2,Clear,Dry,Dark-Lighted
2022-09-26T00:45:00.000,I 75,I 75 and Old Dixie Rd,,Sideswipe-Same Direction,2,Clear,Dry,Dark-Not Lighted
2022-06-26T13:25:00.000,I 75,I 75 and Old Dixie Rd,,Not a Collision with Motor Vehicle,4,Clear,Dry,Daylight
2022-05-18T12:36:00.000,I 75,I 75 and Old Dixie Rd,,Rear End,2,Clear,Dry,Daylight
2022-11-02T06:17:00.000,I 75,I 75 and Old Dixie Rd,,Rear End,2,Clear,Dry,Daylight
2022-04-07T04:20:00.000,I 75,I 75 and Old Dixie Rd,,Sideswipe-Same Direction,2,Clear,Wet,Dark-Not Lighted
2022-03-26T00:00:00.000,I 75,I 75 and Old Dixie Rd,,Sideswipe-Same Direction,2,Clear,Dry,Daylight
2022-05-11T14:15:00.000,I 75,I 75 and Old Dixie Rd,,Sideswipe-Same Direction,2,Clear,Dry,Daylight
2022-11-15T10:32:00.000,I 75,I 75 and Old Dixie Rd,,Rear End,3,Rain,Wet,Daylight
2022-12-06T14:35:00.000,I 75,I 75 and Old Dixie Rd,,Sideswipe-Same Direction,2,Cloudy,Wet,Daylight
2022-09-20T07:13:00.000,I 75,I 75 and Old Dixie Rd,,Rear End,3,Clear,Dry,Daylight
2022-11-24T14:45:00.000,I 75,I 75 and Old Dixie Rd,,Not a Collision with Motor Vehicle,2,Cloudy,Dry,Daylight
2022-11-11T08:00:00.000,I 75,I 75 and Old Dixie Rd,,Rear End,2,Rain,Wet,Daylight
2022-08-03T18:02:00.000,I 75,I 75 and Old Dixie Rd,,Not a Collision with Motor Vehicle,1,Rain,Wet,Daylight
2022-02-03T00:06:00.000,I 75,I 75 and Old Dixie Rd,,Not a Collision with Motor Vehicle,1,Clear,Water (standing or moving),Dark-Lighted
2022-09-27T07:03:00.000,I 75,I 75 and Old Dixie Rd,,Rear End,2,Clear,Dry,Daylight
2022-08-23T20:08:00.000,I 75,I 75 and Old Dixie Rd,,Sideswipe-Same Direction,2,Clear,Dry,Dark-Lighted
2022-08-22T16:25:00.000,I 75,I 75 and Old Dixie Rd,,Sideswipe-Same Direction,2,Clear,Dry,Daylight
2022-07-16T07:33:00.000,I 75,I 75 and Old Dixie Rd,,Not a Collision with Motor Vehicle,1,Clear,Dry,Daylight
2022-05-09T16:16:00.000,I 75,I 75 and Old Dixie Rd,,Rear End,2,Clear,Dry,Daylight
2022-10-18T17:00:00.000,I 75,I 75 and Old Dixie Rd,,Rear End,2,Cloudy,Dry,Daylight
2022-04-23T13:29:00.000,I 75,I 75 and Old Dixie Rd,,Rear End,2,Clear,Dry,Daylight
2022-03-14T15:08:00.000,I 75,I 75 and Old Dixie Rd,,Rear End,2,Clear,Dry,Daylight
2022-12-22T07:20:00.000,I 75,I 75 and Old Dixie Rd,,Not a Collision with Motor Vehicle,2,Rain,Wet,Daylight
2022-01-25T06:46:00.000,I 75,I 75 and Old Dixie Rd,,Rear End,2,Clear,Dry,Dark-Not Lighted
2022-05-17T09:30:00.000,I 75,I 75 and Old Dixie Rd,,Not a Collision with Motor Vehicle,1,Clear,Dry,Daylight
2022-09-05T01:54:00.000,I 75,I 75 and Old Dixie Rd,,Angle Crash,2,Clear,Wet,Dark-Not Lighted
2022-08-07T17:45:00.000,I 75,I 75 and Old Dixie Rd,,Sideswipe-Same Direction,2,Clear,Dry,Daylight
2022-09-27T07:32:00.000,I 75,I 75 and Old Dixie Rd,,Rear End,2,Clear,Dry,Daylight
2022-08-25T06:38:00.000,I 75,I 75 and Old Dixie Rd,,Rear End,2,Cloudy,Wet,Daylight
2022-05-28T03:22:00.000,I 75,I 75 and Old Dixie Rd,,Rear End,2,Clear,Dry,Dark-Not Lighted
2022-06-23T17:55:00.000,I 75,I 75 and Old Dixie Rd,,Rear End,2,Clear,Dry,Daylight
2022-11-30T09:18:00.000,I 75,I 75 and Old Dixie Rd,,Rear End,2,Clear,Dry,Daylight
2022-02-18T10:18:00.000,I 75,I 75 and Old Dixie Rd,,Rear End,2,Cloudy,Dry,Daylight
2022-10-18T07:50:00.000,I 75,I 75 and Old Dixie Rd,,Rear End,2,Clear,Dry,Daylight
2022-11-16T08:15:00.000,I 75,I 75 and Old Dixie Rd,,Rear End,2,Clear,Dry,Daylight
2022-09-15T16:04:00.000,I 75,I 75 and Old Dixie Rd,,Sideswipe-Same Direction,2,Clear,Dry,Daylight
2022-04-20T11:09:00.000,I 75,I 75 and Old Dixie Rd,,Rear End,3,Clear,Dry,Daylight
2022-11-03T07:26:00.000,I 75,I 75 and Old Dixie Rd,,Sideswipe-Same Direction,2,Clear,Dry,Dawn
2022-03-11T13:15:00.000,I 75,I 75 and Old Dixie Rd,,Sideswipe-Same Direction,2,Cloudy,Dry,Daylight
2022-12-17T03:47:00.000,I 75,I 75 and Old Dixie Rd,,Angle Crash,2,Clear,Dry,Dark-Not Lighted
2022-09-07T07:37:00.000,I 75,I 75 and Old Dixie Rd,,Rear End,3,Clear,Dry,Daylight
2022-05-02T18:03:00.000,I 75,I 75 and Old Dixie Rd,,Rear End,2,Clear,Dry,Daylight
2023-01-11T07:06:00.000,I 75,I 75 and Old Dixie Rd,,Rear End,2,Clear,Dry,Daylight
2023-06-20T18:30:00.000,I 75,I 75 and Old Dixie Rd,,Rear End,2,Rain,Wet,Daylight
2024-03-30T14:44:00.000,I 75,I 75 and Old Dixie Rd,,Rear End,2,Clear,Dry,Daylight
2024-05-02T08:20:00.000,I 75,I 75 and Old Dixie Rd,,Not a Collision with Motor Vehicle,3,Clear,Dry,Daylight
2024-07-27T13:00:00.000,I 75,I 75 and Old Dixie Rd,,Angle Crash,2,Clear,Dry,Daylight
2024-09-03T14:00:00.000,I 75,I 75 and Old Dixie Rd,,Rear End,2,Clear,Dry,Daylight
2024-12-12T00:00:00.000,I 75,I 75 and Old Dixie Rd,,Sideswipe-Same Direction,2,Clear,Dry,Daylight
2024-03-06T07:02:00.000,I 75,I 75 and Old Dixie Rd,,Sideswipe-Same Direction,2,Cloudy,Wet,Daylight
2024-12-13T16:18:00.000,I 75,I 75 and Old Dixie Rd,,Sideswipe-Same Direction,2,Clear,Dry,Daylight
2024-05-16T13:50:00.000,I 75,I 75 and Old Dixie Rd,,Rear End,2,Clear,Dry,Daylight
2024-07-06T18:15:00.000,I 75,I 75 and Old Dixie Rd,,Rear End,2,Clear,Dry,Daylight
2024-02-06T08:26:00.000,I 75,I 75 and Old Dixie Rd,,Rear End,2,Clear,Dry,Daylight
2024-05-16T00:00:00.000,I 75,I 75 and Old Dixie Rd,,Rear End,2,Clear,Dry,Daylight
2024-01-12T15:40:00.000,I 75,I 75 and Old Dixie Rd,,Sideswipe-Same Direction,2,Rain,Wet,Daylight
2024-06-04T00:00:00.000,I 75,I 75 and Old Dixie Rd,,Rear End,2,Clear,Dry,Daylight
2024-12-01T09:12:00.000,I 75,I 75 and Old Dixie Rd,,Not a Collision with Motor Vehicle,1,Clear,Dry,Daylight
2024-05-16T16:05:00.000,I 75,I 75 and Old Dixie Rd,,Rear End,2,Clear,Dry,Daylight
2024-04-17T06:52:00.000,I 75,I 75 and Old Dixie Rd,,Rear End,3,Clear,Dry,Daylight
2023-08-10T08:10:00.000,I 75,I 75 and Old Dixie Rd,,Rear End,3,Cloudy,Wet,Daylight
2023-08-15T06:50:00.000,I 75,I 75 and Old Dixie Rd,,Rear End,2,Clear,Dry,Daylight
2023-04-20T19:25:00.000,I 75,I 75 and Old Dixie Rd,,Sideswipe-Same Direction,2,Clear,Dry,Dark-Not Lighted
2023-09-07T07:40:00.000,I 75,I 75 and Old Dixie Rd,,Rear End,3,Clear,Dry,Daylight
2023-02-26T21:53:00.000,I 75,I 75 and Old Dixie Rd,,Rear End,2,Clear,Dry,Dark-Not Lighted
2023-03-14T07:05:00.000,I 75,I 75 and Old Dixie Rd,,Sideswipe-Same Direction,2,Clear,Dry,Dark-Not Lighted
2023-02-14T09:50:00.000,I 75,I 75 and Old Dixie Rd,,Not a Collision with Motor Vehicle,3,Clear,Dry,Daylight
2023-11-22T11:03:00.000,I 75,I 75 and Old Dixie Rd,,Not a Collision with Motor Vehicle,1,Clear,Dry,Daylight
2023-11-01T00:00:00.000,I 75,I 75 and Old Dixie Rd,,Rear End,2,Clear,Dry,Daylight
2023-02-22T00:07:00.000,I 75,I 75 and Old Dixie Rd,,Sideswipe-Same Direction,2,Clear,Dry,Dark-Not Lighted
2023-11-29T08:00:00.000,I 75,I 75 and Old Dixie Rd,,Rear End,2,Clear,Dry,Daylight
2023-06-21T08:00:00.000,I 75,I 75 and Old Dixie Rd,,Rear End,3,Clear,Wet,Dark-Lighted
2023-10-24T00:03:00.000,I 75,I 75 and Old Dixie Rd,,Sideswipe-Same Direction,2,Clear,Dry,Dark-Lighted
2023-08-26T10:17:00.000,I 75,I 75 and Old Dixie Rd,,Sideswipe-Same Direction,2,Clear,Dry,Daylight
2023-05-17T16:30:00.000,I 75,I 75 and Old Dixie Rd,,Sideswipe-Same Direction,2,Cloudy,Dry,Daylight
2023-11-27T19:34:00.000,I 75,I 75 and Old Dixie Rd,,Sideswipe-Same Direction,2,Clear,Dry,Dark-Lighted
2023-04-28T07:26:00.000,I 75,I 75 and Old Dixie Rd,,Rear End,2,Clear,Dry,Daylight
2023-06-18T17:26:00.000,I 75,I 75 and Old Dixie Rd,,Head On,2,Cloudy,Dry,Daylight
2023-01-19T06:00:00.000,I 75,I 75 and Old Dixie Rd,,Angle Crash,2,Rain,Wet,Dark-Lighted