Date and Time,Roadway (From Crash Report),Intersection Name (from Crash Report),KABCO Severity,Manner of Collision (Crash Level) ,# of Vehicles per crash ,Weather Conditions (Crash Level),Surface Condition (Crash Level) ,Light Conditions (Crash Level)
2023-10-21T07:54:00.000,I 75,I 75 and Old Dixie Rd,,Sideswipe-Same Direction,2,Clear,Dry,Daylight
2023-08-06T15:20:00.000,I 75,I 75 and Old Dixie Rd,,Angle Crash,2,Rain,Wet,Daylight
2023-01-06T10:37:00.000,I 75,I 75 and Old Dixie Rd,,Rear End,2,Clear,Dry,Daylight
2023-05-13T13:10:00.000,I 75,I 75 and Old Dixie Rd,,Rear End,3,Cloudy,Dry,Daylight
2023-07-27T08:52:00.000,I 75,I 75 and Old Dixie Rd,,Rear End,2,Clear,Dry,Daylight
2023-01-09T08:03:00.000,I 75,I 75 and Old Dixie Rd,,Rear End,3,Clear,Dry,Daylight
2023-01-30T13:50:00.000,I 75,I 75 and Old Dixie Rd,,Rear End,2,Cloudy,Dry,Daylight
2023-01-25T12:43:00.000,I 75,I 75 and Old Dixie Rd,,Not a Collision with Motor Vehicle,1,Clear,Dry,Daylight
2023-02-19T22:59:00.000,I 75,I 75 and Old Dixie Rd,,Sideswipe-Same Direction,2,Clear,Dry,Dark-Not Lighted
2023-12-07T16:24:00.000,I 75,I 75 and Old Dixie Rd,,Rear End,2,Clear,Dry,Dark-Not Lighted
2023-07-22T08:43:00.000,I 75,I 75 and Old Dixie Rd,,Sideswipe-Same Direction,4,Cloudy,Wet,Dark-Lighted
2023-03-04T16:48:00.000,I 75,I 75 and Old Dixie Rd,,Angle Crash,4,Clear,Dry,Daylight
2023-02-03T14:56:00.000,I 75,I 75 and Old Dixie Rd,,Sideswipe-Same Direction,2,Clear,Dry,Daylight
2023-08-08T06:49:00.000,I 75,I 75 and Old Dixie Rd,,Sideswipe-Same Direction,2,Clear,Dry,Daylight
2023-05-25T07:49:00.000,I 75,I 75 and Old Dixie Rd,,Sideswipe-Same Direction,2,Clear,Dry,Daylight
2023-10-11T17:50:00.000,I 75,I 75 and Old Dixie Rd,,Rear End,2,Rain,Wet,Daylight
2023-02-28T07:57:00.000,I 75,I 75 and Old Dixie Rd,,Rear End,2,Clear,Dry,Daylight
2023-02-14T09:09:00.000,I 75,I 75 and Old Dixie Rd,,Rear End,2,Clear,Dry,Daylight
2023-03-16T23:03:00.000,I 75,I 75 and Old Dixie Rd,,Not a Collision with Motor Vehicle,1,Clear,Dry,Dark-Not Lighted
2023-05-23T08:28:00.000,I 75,I 75 and Old Dixie Rd,,Rear End,2,Cloudy,Dry,Daylight
2023-02-23T20:34:00.000,I 75,I 75 and Old Dixie Rd,,Rear End,2,Clear,Dry,Dark-Lighted
2023-09-27T14:00:00.000,I 75,I 75 and Old Dixie Rd,,Sideswipe-Same Direction,2,Cloudy,Dry,Daylight
2023-04-23T18:15:00.000,I 75,I 75 and Old Dixie Rd,,Not a Collision with Motor Vehicle,1,Clear,Dry,Daylight
2023-07-07T18:44:00.000,I 75,I 75 and Old Dixie Rd,,Rear End,2,Cloudy,Wet,Daylight
2023-01-30T19:00:00.000,I 75,I 75 and Old Dixie Rd,,Rear End,2,Cloudy,Dry,Dark-Not Lighted
2023-08-10T08:24:00.000,I 75,I 75 and Old Dixie Rd,,Sideswipe-Same Direction,2,Clear,Dry,Daylight
2023-01-01T19:52:00.000,I 75,I 75 and Old Dixie Rd,,Rear End,4,Clear,Dry,Dark-Not Lighted
2023-08-11T08:58:00.000,I 75,I 75 and Old Dixie Rd,,Rear End,2,Rain,Wet,Daylight
2023-01-12T07:30:00.000,I 75,I 75 and Old Dixie Rd,,Rear End,3,Clear,Dry,Daylight
2023-01-19T00:00:00.000,I 75,I 75 and Old Dixie Rd,,Sideswipe-Same Direction,2,Clear,Wet,Daylight
2023-06-15T07:37:00.000,I 75,I 75 and Old Dixie Rd,,Rear End,2,Clear,Dry,Daylight
2024-09-12T06:18:00.000,I 75,I 75 and Old Dixie Rd,,Rear End,3,Cloudy,Wet,Dark-Not Lighted
2024-10-20T13:01:00.000,I 75,I 75 and Old Dixie Rd,,Rear End,2,Clear,Dry,Daylight
2024-11-13T05:43:00.000,I 75,I 75 and Old Dixie Rd,,Sideswipe-Same Direction,2,Clear,Dry,Daylight
2024-07-22T10:35:00.000,I 75,I 75 and Old Dixie Rd,,Rear End,4,Clear,Dry,Daylight
2024-01-05T18:00:00.000,I 75,I 75 and Old Dixie Rd,,Sideswipe-Same Direction,2,Clear,Dry,Daylight
2024-09-25T07:00:00.000,I 75,I 75 and Old Dixie Rd,,Sideswipe-Same Direction,2,Clear,Dry,Dusk
2024-04-03T02:50:00.000,I 75,I 75 and Old Dixie Rd,,Not a Collision with Motor Vehicle,1,Rain,Wet,Dark-Lighted
2024-01-25T07:55:00.000,I 75,I 75 and Old Dixie Rd,,Rear End,2,Rain,Wet,Dawn
2024-11-22T13:30:00.000,I 75,I 75 and Old Dixie Rd,,Rear End,2,Clear,Dry,Daylight
2024-05-22T08:10:00.000,I 75,I 75 and Old Dixie Rd,,Angle Crash,2,Clear,Dry,Daylight
2024-03-12T07:42:00.000,I 75,I 75 and Old Dixie Rd,,Rear End,2,Clear,Dry,Daylight
2024-10-16T17:10:00.000,I 75,I 75 and Old Dixie Rd,,Not a Collision with Motor Vehicle,1,Clear,Dry,Daylight
2024-10-30T06:54:00.000,I 75,I 75 and Old Dixie Rd,,Rear End,3,Clear,Dry,Dark-Lighted
2024-08-22T08:30:00.000,I 75,I 75 and Old Dixie Rd,,Rear End,2,Clear,Dry,Daylight
2024-09-01T21:03:00.000,I 75,I 75 and Old Dixie Rd,,Angle Crash,2,Clear,Dry,Dark-Lighted
2024-11-21T08:43:00.000,I 75,I 75 and Old Dixie Rd,,Rear End,2,Clear,Dry,Daylight
2024-03-31T04:20:00.000,I 75,I 75 and Old Dixie Rd,,Rear End,3,Clear,Dry,Dark-Lighted
2024-11-19T09:33:00.000,I 75,I 75 and Old Dixie Rd,,Sideswipe-Same Direction,2,Rain,Wet,Daylight
2024-07-31T16:45:00.000,I 75,I 75 and Old Dixie Rd,,Sideswipe-Same Direction,2,Clear,Dry,Daylight
2024-12-30T07:20:00.000,I 75,I 75 and Old Dixie Rd,,Angle Crash,3,Clear,Dry,Daylight
2024-12-05T22:18:00.000,I 75,I 75 and Old Dixie Rd,,Rear End,2,Clear,Dry,Dark-Lighted
2024-04-26T04:13:00.000,I 75,I 75 and Old Dixie Rd,,Angle Crash,2,Clear,Dry,Dark-Not Lighted
2024-01-30T07:05:00.000,I 75,I 75 and Old Dixie Rd,,Rear End,2,Clear,Dry,Daylight
2024-06-11T15:40:00.000,I 75,I 75 and Old Dixie Rd,,Sideswipe-Same Direction,2,Clear,Dry,Daylight
2024-10-18T00:00:00.000,I 75,I 75 and Old Dixie Rd,,Sideswipe-Same Direction,2,Clear,Dry,Daylight
2024-01-30T08:28:00.000,I 75,I 75 and Old Dixie Rd,,Rear End,2,Clear,Dry,Daylight
2024-02-28T09:35:00.000,I 75,I 75 and Old Dixie Rd,,Rear End,2,Cloudy,Dry,Daylight
2024-04-16T16:38:00.000,I 75,I 75 and Old Dixie Rd,,Rear End,2,Clear,Dry,Daylight
2024-02-05T07:07:00.000,I 75,I 75 and Old Dixie Rd,,Sideswipe-Same Direction,2,Clear,Dry,Daylight
2024-03-19T08:40:00.000,I 75,I 75 and Old Dixie Rd,,Rear End,2,Clear,Dry,Daylight
2024-10-08T06:35:00.000,I 75,I 75 and Old Dixie Rd,,Rear End,2,Clear,Dry,Dark-Lighted
2024-01-23T21:25:00.000,I 75,I 75 and Old Dixie Rd,,Angle Crash,3,Cloudy,Dry,Dark-Not Lighted
2024-07-19T22:18:00.000,I 75,I 75 and Old Dixie Rd,,Rear End,2,Clear,Dry,Dark-Not Lighted
2024-09-26T14:00:00.000,I 75,I 75 and Old Dixie Rd,,Not a Collision with Motor Vehicle,1,Rain,Water (standing or moving),Daylight
2024-01-17T06:57:00.000,I 75,I 75 and Old Dixie Rd,,Sideswipe-Same Direction,4,Clear,Dry,Dark-Not Lighted
2024-07-30T16:20:00.000,I 75,I 75 and Old Dixie Rd,,Not a Collision with Motor Vehicle,1,Cloudy,Dry,Daylight
2024-04-01T08:45:00.000,I 75,I 75 and Old Dixie Rd,,Sideswipe-Same Direction,2,Clear,Dry,Daylight
2024-09-11T16:27:00.000,I 75,I 75 and Old Dixie Rd,,Angle Crash,2,Clear,Dry,Daylight
2024-03-05T21:22:00.000,I 75,I 75 and Old Dixie Rd,,Rear End,2,Rain,Wet,Dark-Lighted
2024-10-21T08:15:00.000,I 75,I 75 and Old Dixie Rd,,Rear End,2,Clear,Dry,Daylight
2024-02-19T12:45:00.000,I 75,I 75 and Old Dixie Rd,,Rear End,2,Clear,Dry,Daylight
2024-05-16T07:13:00.000,I 75,I 75 and Old Dixie Rd,,Rear End,2,Clear,Dry,Daylight
2024-11-08T06:50:00.000,I 75,I 75 and Old Dixie Rd,,Rear End,2,Cloudy,Wet,Dawn
2024-04-18T16:25:00.000,I 75,I 75 and Old Dixie Rd,,Angle Crash,2,Clear,Dry,Daylight
2024-01-23T16:30:00.000,I 75,I 75 and Old Dixie Rd,,Angle Crash,2,Clear,Dry,Daylight
2024-01-27T15:48:00.000,I 75,I 75 and Old Dixie Rd,,Not a Collision with Motor Vehicle,1,Rain,Wet,Daylight
2024-07-21T23:53:00.000,I 75,I 75 and Old Dixie Rd,,Sideswipe-Same Direction,2,Clear,Dry,Dark-Not Lighted
2024-09-12T06:37:00.000,I 75,I 75 and Old Dixie Rd,,Sideswipe-Same Direction,2,Cloudy,Wet,Dawn
2024-02-07T07:13:00.000,I 75,I 75 and Old Dixie Rd,,Sideswipe-Same Direction,2,Clear,Dry,Daylight
2020-10-22T15:14:00.000,I 75,I 75 and Old Dixie Opas,,Sideswipe-Same Direction,2,Clear,Dry,Daylight
2022-11-03T07:00:00.000,I 75,I 75 and Old Dixie Hwy Rp,,Rear End,2,Clear,Dry,Dawn
2021-04-09T00:24:00.000,I 75,I 75 and Old Dixie Hwy Rd,,Rear End,2,Clear,Dry,Dark-Not Lighted
2021-01-02T18:55:00.000,I 75,I 75 and Old Dixie Hwy,,Rear End,2,Clear,Dry,Dark-Not Lighted
2021-09-16T00:00:00.000,I 75,I 75 and Old Dixie Hwy,,Rear End,2,Rain,Wet,Dark-Lighted
2023-06-22T18:50:00.000,I 75,I 75 and Old Dixie Hwy,,Rear End,2,Cloudy,Dry,Daylight
2023-08-10T12:25:00.000,I 75,I 75 and Old Dixie Hwy,,Not a Collision with Motor Vehicle,1,Cloudy,Wet,Daylight
2023-03-18T23:45:00.000,I 75,I 75 and Old Dixie Hwy,,Angle Crash,2,Clear,Dry,Dark-Lighted
2023-05-05T00:15:00.000,I 75,I 75 and Old Dixie Hwy,,Not a Collision with Motor Vehicle,1,Clear,Dry,Dark-Lighted
2020-02-18T08:12:00.000,I 75,I 75 and Old Dixie Hwy,,Rear End,5,Rain,Wet,Daylight
2020-03-03T08:13:00.000,I 75,I 75 and Old Dixie Hwy,,Rear End,3,Rain,Wet,Daylight
2020-11-12T07:25:00.000,I 75,I 75 and Old Dixie Hwy,,Rear End,2,Cloudy,Wet,Dawn
2020-05-13T18:00:00.000,I 75,I 75 and Old Dixie Hwy,,Rear End,4,Clear,Dry,Daylight
2020-12-19T02:02:00.000,I 75,I 75 and Old Dixie Hwy,,Rear End,3,Clear,Dry,Dark-Lighted
2020-01-29T07:10:00.000,I 75,I 75 and Old Dixie Hwy,,Rear End,2,Cloudy,Dry,Dark-Not Lighted
2020-08-07T12:14:00.000,I 75,I 75 and Old Dixie Hwy,,Not a Collision with Motor Vehicle,1,Clear,Dry,Daylight
2021-02-23T08:04:00.000,I 75,I 75 and Old Dixie Hwy,,Rear End,2,Clear,Dry,Daylight
2021-03-15T21:37:00.000,I 75,I 75 and Old Dixie Hwy,,Angle Crash,2,Clear,Dry,Dark-Not Lighted
2021-09-21T10:58:00.000,I 75,I 75 and Old Dixie Hwy,,Not a Collision with Motor Vehicle,1,Clear,Dry,Daylight
2022-08-21T19:20:00.000,I 75,I 75 and Old Dixie Hwy,,Sideswipe-Same Direction,2,Clear,Dry,Daylight
2022-03-22T21:30:00.000,I 75,I 75 and Old Dixie Hwy,,Not a Collision with Motor Vehicle,2,Clear,Dry,Dark-Lighted
2022-08-06T16:00:00.000,I 75,I 75 and Old Dixie Hwy,,Rear End,2,Clear,Dry,Daylight
2022-01-29T18:45:00.000,I 75,I 75 and Old Dixie Hwy,,Not a Collision with Motor Vehicle,4,Clear,Dry,Dark-Not Lighted
2022-03-05T15:24:00.000,I 75,I 75 and Old Dixie Hwy,,Sideswipe-Same Direction,2,Clear,Dry,Daylight
2022-03-09T07:48:00.000,I 75,I 75 and Old Dixie Hwy,,Rear End,2,Rain,Water (standing or moving),Daylight
2022-09-05T01:54:00.000,I 75,I 75 and Old Dixie Hwy,,Not a Collision with Motor Vehicle,1,Clear,Wet,Dark-Not Lighted
2022-06-13T00:00:00.000,I 75,I 75 and Old Dixie Hwy,,Rear End,2,Clear,Dry,Daylight
2022-08-25T06:45:00.000,I 75,I 75 and Old Dixie Hwy,,Rear End,2,Cloudy,Wet,Dark-Lighted
2022-03-30T13:25:00.000,I 75,I 75 and Old Dixie Hwy,,Sideswipe-Same Direction,2,Cloudy,Dry,Daylight
2024-05-09T14:05:00.000,I 75,I 75 and Old Dixie Hwy,,Rear End,2,Clear,Dry,Daylight
2024-04-12T21:55:00.000,I 75,I 75 and Old Dixie Hwy,,Sideswipe-Same Direction,2,Cloudy,Dry,Dark-Not Lighted
2024-09-23T08:24:00.000,I 75,I 75 and Old Dixie Hwy,,Rear End,2,Clear,Dry,Daylight
2024-09-18T20:42:00.000,I 75,I 75 and Old Dixie Hwy,,Sideswipe-Same Direction,2,Clear,Dry,Daylight
2024-09-26T00:00:00.000,I 75,I 75 and Old Dixie Hwy,,Not a Collision with Motor Vehicle,1,Rain,Water (standing or moving),Dark-Lighted
2024-11-12T06:20:00.000,I 75,I 75 and Old Dixie Hwy,,Sideswipe-Same Direction,2,Clear,Dry,Dark-Not Lighted
2024-10-11T17:12:00.000,I 75,I 75 and Old Dixie Hwy,,Angle Crash,2,Clear,Dry,Daylight
2024-12-10T08:17:00.000,I 75,I 75 and Old Dixie Hwy,,Rear End,2,Rain,Wet,Daylight
2024-01-30T00:20:00.000,I 75,I 75 and Old Dixie Hwy,,Rear End,3,Clear,Dry,Dark-Not Lighted
2024-09-20T15:43:00.000,I 75,I 75 and Old Dixie Hwy,,Rear End,2,Clear,Dry,Daylight
2023-07-24T12:55:00.000,I 75,I 75 and Old Dixie Hwy,,Sideswipe-Same Direction,2,Clear,Dry,Daylight
2024-12-17T00:00:00.000,I 75,I 75 and Old Dixie Hwy,,Rear End,2,Cloudy,Dry,Dawn
2024-03-13T07:10:00.000,I 75,I 75 and Old Dixie Hwy,,Rear End,2,Clear,Dry,Dawn
2024-04-01T12:23:00.000,I 75,I 75 and Old Dixie Hwy,,Sideswipe-Same Direction,2,Clear,Dry,Daylight
2024-09-12T13:10:00.000,I 75,I 75 and Old Dixie Hwy,,Rear End,2,Cloudy,Wet,Daylight
2024-05-07T21:48:00.000,I 75,I 75 and Old Dixie Hwy,,Sideswipe-Same Direction,2,Clear,Dry,Dark-Not Lighted
2024-04-17T07:15:00.000,I 75,I 75 and Old Dixie Hwy,,Rear End,3,Clear,Dry,Daylight
2024-09-24T13:55:00.000,I 75,I 75 and Old Dixie Hwy,,Rear End,3,Clear,Dry,Daylight
2024-04-03T03:15:00.000,I 75,I 75 and Old Dixie Hwy,,Not a Collision with Motor Vehicle,1,Cloudy,Wet,Dark-Not Lighted
2024-11-18T17:05:00.000,I 75,I 75 and Old Dixie Hwy,,Sideswipe-Same Direction,2,Clear,Dry,Daylight
2024-10-20T12:33:00.000,I 75,I 75 and Old Dixie Hwy,,Rear End,2,Clear,Dry,Daylight
2024-11-19T14:41:00.000,I 75,I 75 and Old Dixie Hwy,,Rear End,3,Rain,Wet,Dark-Lighted
2024-10-21T15:57:00.000,I 75,I 75 and Old Dixie Hwy,,Sideswipe-Same Direction,2,Clear,Dry,Daylight
2024-08-29T07:10:00.000,I 75,I 75 and Old Dixie Hwy,,Rear End,2,Clear,Dry,Dusk
2024-08-22T07:09:00.000,I 75,I 75 and Old Dixie Hwy,,Head On,2,Clear,Dry,Daylight
2024-03-26T07:06:00.000,I 75,I 75 and Old Dixie Hwy,,Rear End,2,Cloudy,Wet,Dusk
2024-01-17T14:45:00.000,I 75,I 75 and Old Dixie Blvd,,Sideswipe-Same Direction,3,Clear,Dry,Daylight
2020-07-27T21:56:00.000,I 75,I 75 and Old Dixie,,Sideswipe-Same Direction,2,Clear,Dry,Dark-Not Lighted
2020-07-27T21:56:00.000,I 75,I 75 and Old Dixie,,Rear End,2,Clear,Dry,Dark-Not Lighted
2020-01-31T07:45:00.000,I 75,I 75 and Old Dixie,,Rear End,3,Rain,Wet,Daylight
2021-08-15T02:19:00.000,I 75,I 75 and Old Dixie,,Rear End,2,Clear,Dry,Dark-Not Lighted
2021-12-09T07:24:00.000,I 75,I 75 and Old Dixie,,Sideswipe-Same Direction,2,Clear,Dry,Daylight
2021-12-05T02:56:00.000,I 75,I 75 and Old Dixie,,Not a Collision with Motor Vehicle,1,Clear,Dry,Dark-Lighted
2022-09-16T05:08:00.000,I 75,I 75 and Old Dixie,,Sideswipe-Same Direction,2,Clear,Dry,Dark-Lighted
2024-07-29T14:36:00.000,I 75,I 75 and Old Dixie,,Angle Crash,2,Rain,Wet,Daylight
2023-08-21T00:01:00.000,I 75,I 75 and Old Dixie,,Sideswipe-Same Direction,2,Clear,Dry,Dark-Lighted
2024-12-18T19:40:00.000,I 75,I 75 and Old Dixie,,Sideswipe-Same Direction,2,Clear,Dry,Dark-Not Lighted
2024-01-18T07:51:00.000,I 75,I 75 and Old Dixie,,Sideswipe-Same Direction,2,Clear,Dry,Dark-Lighted
2023-03-10T10:27:00.000,I 75,I 75 and Old Dixe Rd,,Rear End,2,Rain,Wet,Daylight
2020-08-25T12:50:00.000,I 75,I 75 and Old Dexie,,Sideswipe-Same Direction,2,Rain,Wet,Daylight
2020-07-03T15:59:00.000,I 75,I 75 and Old Cylattville Rd,,Rear End,2,Rain,Wet,Daylight
2020-06-19T16:04:00.000,I 75,I 75 and Old Cylattville Rd,,Not a Collision with Motor Vehicle,1,Clear,Dry,Daylight
2022-12-22T18:55:00.000,I 75,I 75 and Old Coffee Road Mm32,,Angle Crash,2,Rain,Wet,Dark-Not Lighted
2023-11-26T08:40:00.000,I 75,I 75 and Old Coffee Road Exit 32,,Not a Collision with Motor Vehicle,1,Rain,Wet,Daylight
2024-03-23T04:00:00.000,I 75,I 75 and Old Coffee Road Exit 32,,Not a Collision with Motor Vehicle,1,Rain,Wet,Dark-Not Lighted
2024-06-08T10:40:00.000,I 75,I 75 and Old Coffee Road Exit 32,,Rear End,2,Clear,Dry,Daylight
2024-10-25T09:40:00.000,I 75,I 75 and Old Coffee Road Exit 32,,Not a Collision with Motor Vehicle,1,Clear,Dry,Daylight
2021-04-17T07:23:00.000,I 75,I 75 and Old Coffee Rd,,Not a Collision with Motor Vehicle,1,Cloudy,Wet,Daylight
2021-05-05T02:46:00.000,I 75,I 75 and Old Coffee Rd,,Not a Collision with Motor Vehicle,1,Cloudy,Dry,Dark-Not Lighted
2021-01-27T11:23:00.000,I 75,I 75 and Old Coffee Rd,,Not a Collision with Motor Vehicle,1,Rain,Wet,Daylight
2021-05-05T04:06:00.000,I 75,I 75 and Old Coffee Rd,,Not a Collision with Motor Vehicle,1,Cloudy,Dry,Dark-Not Lighted
2021-01-25T19:30:00.000,I 75,I 75 and Old Coffee Rd,,Rear End,2,Clear,Dry,Dark-Not Lighted
2021-04-10T13:37:00.000,I 75,I 75 and Old Coffee Rd,,Not a Collision with Motor Vehicle,1,Rain,Wet,Daylight
2021-08-11T23:00:00.000,I 75,I 75 and Old Coffee Rd,,Sideswipe-Same Direction,2,Rain,Wet,Dark-Not Lighted
2021-09-19T18:30:00.000,I 75,I 75 and Old Coffee Rd,,Not a Collision with Motor Vehicle,1,Rain,Wet,Daylight
2021-11-07T14:16:00.000,I 75,I 75 and Old Coffee Rd,,Angle Crash,2,Clear,Dry,Daylight
2021-06-28T22:11:00.000,I 75,I 75 and Old Coffee Rd,,Sideswipe-Same Direction,2,Clear,Dry,Dark-Not Lighted
2021-06-16T06:41:00.000,I 75,I 75 and Old Coffee Rd,,Sideswipe-Same Direction,2,Clear,Dry,Daylight
2021-04-08T15:41:00.000,I 75,I 75 and Old Coffee Rd,,Sideswipe-Same Direction,2,Cloudy,Dry,Daylight
2021-03-23T05:55:00.000,I 75,I 75 and Old Coffee Rd,,Not a Collision with Motor Vehicle,1,Clear,Dry,Dark-Not Lighted
2021-06-30T16:47:00.000,I 75,I 75 and Old Coffee Rd,,Not a Collision with Motor Vehicle,1,Rain,Wet,Daylight
2021-04-09T12:28:00.000,I 75,I 75 and Old Coffee Rd,,Rear End,2,Rain,Wet,Daylight
2021-12-31T15:17:00.000,I 75,I 75 and Old Coffee Rd,,Not a Collision with Motor Vehicle,1,Rain,Wet,Daylight
2021-11-22T20:33:00.000,I 75,I 75 and Old Coffee Rd,,Not a Collision with Motor Vehicle,1,Clear,Dry,Dark-Not Lighted
2021-04-24T22:01:00.000,I 75,I 75 and Old Coffee Rd,,Not a Collision with Motor Vehicle,1,Rain,Wet,Dark-Not Lighted
2021-03-18T09:09:00.000,I 75,I 75 and Old Coffee Rd,,Rear End,2,Cloudy,Dry,Daylight
2021-05-05T02:46:00.000,I 75,I 75 and Old Coffee Rd,,Not a Collision with Motor Vehicle,1,Cloudy,Dry,Dark-Not Lighted
2021-02-07T20:55:00.000,I 75,I 75 and Old Coffee Rd,,Sideswipe-Same Direction,1,Clear,Dry,Dark-Not Lighted
2021-07-02T12:25:00.000,I 75,I 75 and Old Coffee Rd,,Sideswipe-Same Direction,2,Clear,Dry,Daylight
2021-11-05T20:00:00.000,I 75,I 75 and Old Coffee Rd,,(None),1,(None),(None),(None)
2020-09-25T16:45:00.000,I 75,I 75 and Old Coffee Rd,,Not a Collision with Motor Vehicle,1,Cloudy,Wet,Daylight
2020-08-31T06:17:00.000,I 75,I 75 and Old Coffee Rd,,Rear End,2,Cloudy,Wet,Dark-Not Lighted
2023-09-01T05:29:00.000,I 75,I 75 and Old Coffee Rd,,Not a Collision with Motor Vehicle,1,Rain,Wet,Dark-Not Lighted
2023-06-20T02:28:00.000,I 75,I 75 and Old Coffee Rd,,Not a Collision with Motor Vehicle,1,Rain,Water (standing or moving),Dark-Lighted
2023-08-23T19:10:00.000,I 75,I 75 and Old Coffee Rd,,Not a Collision with Motor Vehicle,1,Rain,Wet,Daylight
2023-03-01T10:09:00.000,I 75,I 75 and Old Coffee Rd,,Not a Collision with Motor Vehicle,1,Clear,Dry,Daylight
2023-12-21T00:00:00.000,I 75,I 75 and Old Coffee Rd,,Sideswipe-Same Direction,2,Clear,Dry,Dark-Not Lighted
2023-07-09T15:53:00.000,I 75,I 75 and Old Coffee Rd,,Sideswipe-Same Direction,2,Clear,Dry,Daylight
2023-02-11T16:00:00.000,I 75,I 75 and Old Coffee Rd,,Not a Collision with Motor Vehicle,1,Rain,Wet,Daylight
2023-03-07T17:00:00.000,I 75,I 75 and Old Coffee Rd,,Angle Crash,2,Rain,Wet,Daylight
2023-04-26T05:55:00.000,I 75,I 75 and Old Coffee Rd,,Sideswipe-Same Direction,5,Cloudy,Dry,Dark-Not Lighted
2023-04-09T17:50:00.000,I 75,I 75 and Old Coffee Rd,,Sideswipe-Same Direction,2,Cloudy,Dry,Daylight
2023-01-30T19:55:00.000,I 75,I 75 and Old Coffee Rd,,Angle Crash,2,Rain,Wet,Dark-Not Lighted
2023-04-14T14:10:00.000,I 75,I 75 and Old Coffee Rd,,Not a Collision with Motor Vehicle,1,Rain,Wet,Daylight
2023-09-17T15:48:00.000,I 75,I 75 and Old Coffee Rd,,Not a Collision with Motor Vehicle,1,Rain,Wet,Daylight
2023-10-12T19:26:00.000,I 75,I 75 and Old Coffee Rd,,Sideswipe-Same Direction,2,Clear,Dry,Dark-Lighted
2020-11-29T22:08:00.000,I 75,I 75 and Old Coffee Rd,,Not a Collision with Motor Vehicle,1,Rain,Wet,Dark-Not Lighted
2020-07-29T14:23:00.000,I 75,I 75 and Old Coffee Rd,,Not a Collision with Motor Vehicle,1,Rain,Wet,Daylight
2020-05-28T15:00:00.000,I 75,I 75 and Old Coffee Rd,,Not a Collision with Motor Vehicle,1,Rain,Wet,Daylight
2020-10-28T11:08:00.000,I 75,I 75 and Old Coffee Rd,,Sideswipe-Same Direction,2,Clear,Dry,Daylight
2020-07-29T16:03:00.000,I 75,I 75 and Old Coffee Rd,,Not a Collision with Motor Vehicle,1,Rain,Wet,Daylight
2020-10-30T19:55:00.000,I 75,I 75 and Old Coffee Rd,,Sideswipe-Same Direction,2,Clear,Dry,Dark-Not Lighted
2020-03-26T13:55:00.000,I 75,I 75 and Old Coffee Rd,,Not a Collision with Motor Vehicle,1,Clear,Dry,Daylight
2020-09-29T13:15:00.000,I 75,I 75 and Old Coffee Rd,,Not a Collision with Motor Vehicle,1,Rain,Wet,Daylight
2020-05-12T05:17:00.000,I 75,I 75 and Old Coffee Rd,,Not a Collision with Motor Vehicle,1,Clear,Dry,Dark-Not Lighted
2020-01-22T18:46:00.000,I 75,I 75 and Old Coffee Rd,,Not a Collision with Motor Vehicle,1,Clear,Dry,Dark-Not Lighted
2020-04-08T21:00:00.000,I 75,I 75 and Old Coffee Rd,,Not a Collision with Motor Vehicle,1,Rain,Wet,Dark-Not Lighted
2020-06-12T01:40:00.000,I 75,I 75 and Old Coffee Rd,,Not a Collision with Motor Vehicle,1,Rain,Wet,Dark-Not Lighted
2020-04-11T23:40:00.000,I 75,I 75 and Old Coffee Rd,,Not a Collision with Motor Vehicle,1,Clear,Dry,Dark-Not Lighted
2020-03-04T12:37:00.000,I 75,I 75 and Old Coffee Rd,,Not a Collision with Motor Vehicle,1,Rain,Wet,Daylight
2020-11-13T18:16:00.000,I 75,I 75 and Old Coffee Rd,,Not a Collision with Motor Vehicle,1,Clear,Dry,Dark-Not Lighted
2020-09-20T18:58:00.000,I 75,I 75 and Old Coffee Rd,,Rear End,3,Clear,Dry,Daylight
2020-01-27T18:39:00.000,I 75,I 75 and Old Coffee Rd,,Rear End,2,Clear,Dry,Daylight
2020-02-13T14:58:00.000,I 75,I 75 and Old Coffee Rd,,Sideswipe-Same Direction,2,Rain,Wet,Daylight
2020-09-24T08:52:00.000,I 75,I 75 and Old Coffee Rd,,Angle Crash,2,Clear,Dry,Daylight
2020-07-29T15:40:00.000,I 75,I 75 and Old Coffee Rd,,Not a Collision with Motor Vehicle,1,Rain,Wet,Daylight
2020-03-28T09:22:00.000,I 75,I 75 and Old Coffee Rd,,Sideswipe-Same Direction,2,Clear,Dry,Daylight
2020-12-14T16:26:00.000,I 75,I 75 and Old Coffee Rd,,Not a Collision with Motor Vehicle,1,Cloudy,Dry,Daylight
2021-01-26T18:20:00.000,I 75,I 75 and Old Coffee Rd,,Not a Collision with Motor Vehicle,1,Rain,Wet,Dark-Not Lighted
2021-02-12T17:50:00.000,I 75,I 75 and Old Coffee Rd,,Angle Crash,2,Rain,Wet,Daylight
2021-06-27T14:15:00.000,I 75,I 75 and Old Coffee Rd,,Not a Collision with Motor Vehicle,1,Rain,Wet,Daylight
2021-01-10T05:35:00.000,I 75,I 75 and Old Coffee Rd,,Not a Collision with Motor Vehicle,1,Clear,Dry,Dark-Not Lighted
2021-01-26T18:56:00.000,I 75,I 75 and Old Coffee Rd,,Not a Collision with Motor Vehicle,1,Rain,Wet,Dark-Not Lighted
2021-01-02T13:42:00.000,I 75,I 75 and Old Coffee Rd,,Angle Crash,2,Rain,Wet,Daylight