Date and Time,Roadway (From Crash Report),Intersection Name (from Crash Report),KABCO Severity,Manner of Collision (Crash Level) ,# of Vehicles per crash ,Weather Conditions (Crash Level),Surface Condition (Crash Level) ,Light Conditions (Crash Level)
2024-11-07T08:40:00.000,I 75,I 75 and Old All Atoona Rd,,Rear End,2,Cloudy,Dry,Daylight
2024-07-29T14:04:00.000,I 75,I 75 and Old Alatoona Rd,,Sideswipe-Same Direction,2,Cloudy,Wet,Daylight
2024-11-28T13:59:00.000,I 75,I 75 and Ogeechee Ovlk,,Rear End,2,Clear,Dry,Daylight
2021-05-08T05:45:00.000,I 75,I 75 and Off-Ramp To Hartley Bridge Rd,,Sideswipe-Same Direction,2,Clear,Dry,Dark-Not Lighted
2020-08-14T10:52:00.000,I 75,I 75 and Off-Ramp To Hartley Bridge Rd,,Not a Collision with Motor Vehicle,4,Clear,Dry,Daylight
2020-06-11T08:36:00.000,I 75,I 75 and Off-Ramp To Hartley Bridge Rd,,Sideswipe-Same Direction,2,Clear,Dry,Daylight
2020-08-18T13:52:00.000,I 75,I 75 and Off-Ramp To Hartley Bridge Rd,,Sideswipe-Same Direction,2,Clear,Dry,Daylight
2021-02-11T16:26:00.000,I 75,I 75 and Off-Ramp To Hartley Brg,,Not a Collision with Motor Vehicle,1,Rain,Wet,Daylight
2020-02-06T17:22:00.000,I 75,I 75 and Off-Ramp To Hartley Brg,,Not a Collision with Motor Vehicle,1,Rain,Wet,Daylight
2021-06-23T17:33:00.000,I 75,I 75 and Off-Ramp To Hartley Brg,,Not a Collision with Motor Vehicle,1,Clear,Dry,Daylight
2020-01-16T19:50:00.000,I 75,I 75 and Off Ramp To Barneyville,,Head On,1,Cloudy,Dry,Dark-Not Lighted
2020-01-16T19:50:00.000,I 75,I 75 and Off Ramp To Barneyville,,Head On,1,Cloudy,Dry,Dark-Not Lighted
2023-09-26T17:45:00.000,I 75,I 75 and Of The Enterance To The Welcome Ctr,,(None),2,(None),(None),(None)
2024-07-05T11:25:00.000,I 75,I 75 and Of Mm353 Over Pass,,(None),1,(None),(None),(None)
2022-04-20T12:00:00.000,I 75,I 75 and Od Dixie Rd,,Sideswipe-Same Direction,2,Clear,Dry,Daylight
2021-12-28T14:05:00.000,I 75,I 75 and Oakridge Church Rd,,Sideswipe-Same Direction,3,Clear,Dry,Daylight
2023-03-25T08:55:00.000,I 75,I 75 and Oakridge Church Rd,,Rear End,2,Cloudy,Dry,Daylight
2020-01-22T06:15:00.000,I 75,I 75 and Oakridge Church Rd,,Rear End,2,Clear,Dry,Dark-Not Lighted
2020-01-22T06:15:00.000,I 75,I 75 and Oakridge Church Rd,,Angle Crash,2,Clear,Dry,Daylight
2021-01-31T17:35:00.000,I 75,I 75 and Oakridge Church Rd,,Not a Collision with Motor Vehicle,1,Rain,Wet,Daylight
2021-03-08T13:55:00.000,I 75,I 75 and Oakridge Church Rd,,Rear End,2,Clear,Dry,Daylight
2021-10-15T13:02:00.000,I 75,I 75 and Oakridge Church Rd,,Sideswipe-Same Direction,1,Clear,Dry,Daylight
2022-10-21T05:05:00.000,I 75,I 75 and Oakridge Church Rd,,Sideswipe-Same Direction,2,Cloudy,Dry,Dark-Not Lighted
2023-07-24T15:20:00.000,I 75,I 75 and Oakridge Church Rd,,Sideswipe-Same Direction,3,Clear,Dry,Daylight
2023-04-09T12:23:00.000,I 75,I 75 and Oakridge Church Rd,,Sideswipe-Same Direction,2,Cloudy,Dry,Daylight
2023-11-27T04:58:00.000,I 75,I 75 and Oakridge Church Rd,,Rear End,2,Clear,Dry,Dark-Not Lighted
2024-03-29T18:33:00.000,I 75,I 75 and Oak St,,Rear End,3,Clear,Dry,Daylight
2024-03-22T18:30:00.000,I 75,I 75 and Oak St,,Rear End,4,Rain,Wet,Daylight
2024-11-07T08:12:00.000,I 75,I 75 and Oak St,,Rear End,2,Clear,Dry,Daylight
2024-12-20T11:45:00.000,I 75,I 75 and Oak St,,Rear End,2,Clear,Dry,Daylight
2020-07-15T16:37:00.000,I 75,I 75 and Oak Ridge Rd,,Sideswipe-Same Direction,3,Clear,Dry,Daylight
2020-03-02T23:31:00.000,I 75,I 75 and Nw Corridor Rp,,Rear End,2,Rain,Wet,Dark-Not Lighted
2020-03-02T23:31:00.000,I 75,I 75 and Nw Corridor Rp,,Rear End,2,Rain,Wet,Dark-Not Lighted
2020-10-14T09:45:00.000,I 75,I 75 and Nt Zion Blbd,,Sideswipe-Same Direction,2,Clear,Dry,Daylight
2024-12-16T19:11:00.000,I 75,I 75 and Nothside Dr,,Rear End,3,Clear,Dry,Daylight
2021-09-21T17:35:00.000,I 75,I 75 and Noth Ave,,Rear End,2,Cloudy,Dry,Daylight
2021-09-11T01:11:00.000,I 75,I 75 and Northside Pkwy Nw Mm255,,Sideswipe-Same Direction,2,Clear,Dry,Dark-Not Lighted
2021-09-11T01:28:00.000,I 75,I 75 and Northside Pkwy,,Sideswipe-Same Direction,2,Clear,Dry,Dark-Not Lighted
2021-02-20T13:14:00.000,I 75,I 75 and Northside Pkwy,,Not a Collision with Motor Vehicle,1,Clear,Dry,Daylight
2023-05-20T23:35:00.000,I 75,I 75 and Northside Pkwy,,Not a Collision with Motor Vehicle,1,Rain,Wet,Dark-Lighted
2023-05-20T23:35:00.000,I 75,I 75 and Northside Pkwy,,Rear End,2,Rain,Wet,Dark-Lighted
2023-02-02T08:20:00.000,I 75,I 75 and Northside Pkwy,,Sideswipe-Same Direction,2,Rain,Wet,Daylight
2023-05-16T19:17:00.000,I 75,I 75 and Northside Pkwy,,Sideswipe-Same Direction,2,Rain,Wet,Dusk
2020-10-09T20:46:00.000,I 75,I 75 and Northside Pkwy,,Rear End,2,Rain,Wet,Dark-Lighted
2020-02-13T11:00:00.000,I 75,I 75 and Northside Pkwy,,Not a Collision with Motor Vehicle,1,Rain,Wet,Daylight
2020-02-19T15:59:00.000,I 75,I 75 and Northside Pkwy,,Rear End,2,Clear,Dry,Daylight
2020-07-20T18:06:00.000,I 75,I 75 and Northside Pkwy,,Sideswipe-Same Direction,2,Clear,Dry,Daylight
2020-08-21T21:30:00.000,I 75,I 75 and Northside Pkwy,,Sideswipe-Same Direction,2,Rain,Dry,Dark-Lighted
2020-08-22T10:20:00.000,I 75,I 75 and Northside Pkwy,,Rear End,2,Clear,Dry,Daylight
2020-02-07T18:11:00.000,I 75,I 75 and Northside Pkwy,,Not a Collision with Motor Vehicle,2,Clear,Dry,Dark-Not Lighted
2020-10-11T16:28:00.000,I 75,I 75 and Northside Pkwy,,Not a Collision with Motor Vehicle,1,Rain,Water (standing or moving),Daylight
2020-11-25T16:58:00.000,I 75,I 75 and Northside Pkwy,,Rear End,2,Rain,Wet,Dark-Lighted
2020-01-23T08:08:00.000,I 75,I 75 and Northside Pkwy,,Rear End,2,Rain,Wet,Daylight
2020-02-09T08:58:00.000,I 75,I 75 and Northside Pkwy,,Not a Collision with Motor Vehicle,2,Fog,Wet,Daylight
2020-11-25T16:54:00.000,I 75,I 75 and Northside Pkwy,,Sideswipe-Same Direction,2,Rain,Wet,Dark-Lighted
2020-02-16T05:44:00.000,I 75,I 75 and Northside Pkwy,,Sideswipe-Same Direction,1,Clear,Dry,Dark-Lighted
2020-02-03T06:57:00.000,I 75,I 75 and Northside Pkwy,,Sideswipe-Same Direction,2,Cloudy,Dry,Dawn
2020-10-24T22:53:00.000,I 75,I 75 and Northside Pkwy,,Angle Crash,3,Rain,Wet,Dark-Lighted
2021-09-11T01:24:00.000,I 75,I 75 and Northside Pkwy,,Rear End,2,Clear,Dry,Dark-Not Lighted
2022-10-20T11:54:00.000,I 75,I 75 and Northside Pkwy,,Sideswipe-Same Direction,2,Clear,Dry,Daylight
2021-11-20T06:21:00.000,I 75,I 75 and Northside Pkwy,,Not a Collision with Motor Vehicle,1,Clear,Dry,Daylight
2022-06-06T16:43:00.000,I 75,I 75 and Northside Pkwy,,Rear End,3,Rain,Wet,Daylight
2022-02-01T17:21:00.000,I 75,I 75 and Northside Pkwy,,Rear End,2,Clear,Dry,Daylight
2022-02-10T09:15:00.000,I 75,I 75 and Northside Pkwy,,Rear End,2,Clear,Dry,Daylight
2022-08-23T08:29:00.000,I 75,I 75 and Northside Pkwy,,Sideswipe-Same Direction,2,Cloudy,Dry,Daylight
2022-12-05T17:56:00.000,I 75,I 75 and Northside Pkwy,,Rear End,2,Rain,Wet,Dark-Lighted
2022-11-01T19:32:00.000,I 75,I 75 and Northside Pkwy,,Sideswipe-Same Direction,2,Clear,Dry,Dark-Lighted
2024-02-02T06:45:00.000,I 75,I 75 and Northside Pkwy,,Rear End,2,Clear,Dry,Dawn
2024-07-18T18:15:00.000,I 75,I 75 and Northside Pkwy,,Rear End,3,Rain,Wet,Daylight
2023-04-24T18:19:00.000,I 75,I 75 and Northside Pkwy,,Rear End,2,Clear,Dry,Daylight
2023-10-05T08:20:00.000,I 75,I 75 and Northside Pkwy,,Rear End,2,Clear,Dry,Daylight
2024-09-03T16:13:00.000,I 75,I 75 and Northside Pkwy,,Sideswipe-Same Direction,2,Clear,Dry,Daylight
2023-04-18T15:28:00.000,I 75,I 75 and Northside Driver,,Rear End,2,Clear,Dry,Daylight
2024-09-13T16:50:00.000,I 75,I 75 and Northside Driver,,Rear End,2,Clear,Wet,Daylight
2021-08-20T17:34:00.000,I 75,I 75 and Northside Drive Opas,,Rear End,2,Clear,Dry,Daylight
2021-08-20T17:34:00.000,I 75,I 75 and Northside Drive Opas,,Rear End,3,Clear,Dry,Daylight
2023-11-08T07:20:00.000,I 75,I 75 and Northside Drive Opas,,Rear End,2,Clear,Dry,Daylight
2020-09-11T16:23:00.000,I 75,I 75 and Northside Drive Opas,,Rear End,2,Clear,Dry,Daylight
2021-12-29T10:00:00.000,I 75,I 75 and Northside Drive Opas,,Sideswipe-Same Direction,2,Rain,Wet,Daylight
2022-05-20T17:30:00.000,I 75,I 75 and Northside Drive Opas,,Rear End,2,Clear,Dry,Daylight
2023-01-05T19:19:00.000,I 75,I 75 and Northside Dr.,,Rear End,2,Clear,Dry,Dark-Lighted
2024-11-27T14:35:00.000,I 75,I 75 and Northside Dr Opas,,Sideswipe-Same Direction,2,Cloudy,Dry,Daylight
2020-01-15T06:48:00.000,I 75,I 75 and Northside Dr Nw Exit,,Rear End,2,Clear,Dry,Dark-Lighted
2021-04-16T17:07:00.000,I 75,I 75 and Northside Dr,,Rear End,2,Cloudy,Dry,Daylight
2021-05-21T12:15:00.000,I 75,I 75 and Northside Dr,,Rear End,2,Clear,Dry,Daylight
2021-03-08T20:58:00.000,I 75,I 75 and Northside Dr,,Sideswipe-Same Direction,2,Clear,Dry,Daylight
2021-04-08T11:12:00.000,I 75,I 75 and Northside Dr,,Sideswipe-Same Direction,2,Cloudy,Dry,Daylight
2021-05-14T17:40:00.000,I 75,I 75 and Northside Dr,,Sideswipe-Same Direction,2,Cloudy,Dry,Daylight
2021-01-23T04:00:00.000,I 75,I 75 and Northside Dr,,Rear End,2,Clear,Dry,Dark-Lighted
2021-03-31T11:42:00.000,I 75,I 75 and Northside Dr,,Angle Crash,2,Cloudy,Wet,Daylight
2021-10-13T11:58:00.000,I 75,I 75 and Northside Dr,,Angle Crash,2,Cloudy,Dry,Daylight
2021-09-03T12:43:00.000,I 75,I 75 and Northside Dr,,Rear End,3,Cloudy,Dry,Daylight
2021-07-10T20:30:00.000,I 75,I 75 and Northside Dr,,Not a Collision with Motor Vehicle,1,Cloudy,Wet,Daylight
2021-12-09T18:15:00.000,I 75,I 75 and Northside Dr,,Rear End,2,Clear,Dry,Dark-Not Lighted
2021-08-27T16:55:00.000,I 75,I 75 and Northside Dr,,Rear End,2,Cloudy,Dry,Daylight
2021-11-12T08:10:00.000,I 75,I 75 and Northside Dr,,Sideswipe-Same Direction,2,Clear,Dry,Daylight
2021-06-25T18:00:00.000,I 75,I 75 and Northside Dr,,Sideswipe-Same Direction,2,Clear,Dry,Daylight
2021-03-10T19:45:00.000,I 75,I 75 and Northside Dr,,Not a Collision with Motor Vehicle,1,Cloudy,Dry,Dark-Lighted
2021-03-16T20:39:00.000,I 75,I 75 and Northside Dr,,Sideswipe-Same Direction,2,Rain,Wet,Dusk
2021-04-23T18:57:00.000,I 75,I 75 and Northside Dr,,Rear End,2,Clear,Dry,Daylight
2021-03-12T15:00:00.000,I 75,I 75 and Northside Dr,,Rear End,2,Clear,Dry,Daylight
2021-04-13T14:04:00.000,I 75,I 75 and Northside Dr,,Rear End,2,Clear,Dry,Daylight
2021-05-05T07:52:00.000,I 75,I 75 and Northside Dr,,Rear End,2,Cloudy,Wet,Daylight
2021-01-22T07:58:00.000,I 75,I 75 and Northside Dr,,Rear End,2,Cloudy,Wet,Daylight
2021-02-13T19:27:00.000,I 75,I 75 and Northside Dr,,Rear End,2,Clear,Dry,Dark-Lighted
2021-04-08T11:12:00.000,I 75,I 75 and Northside Dr,,Sideswipe-Same Direction,2,Cloudy,Dry,Daylight
2021-03-05T15:25:00.000,I 75,I 75 and Northside Dr,,Rear End,2,Clear,Dry,Daylight
2021-03-16T18:40:00.000,I 75,I 75 and Northside Dr,,Not a Collision with Motor Vehicle,1,Rain,Wet,Dawn
2021-01-27T18:52:00.000,I 75,I 75 and Northside Dr,,Rear End,3,Clear,Wet,Dark-Lighted
2021-03-20T18:17:00.000,I 75,I 75 and Northside Dr,,Rear End,2,Clear,Dry,Daylight
2021-07-01T13:14:00.000,I 75,I 75 and Northside Dr,,Rear End,2,Cloudy,Dry,Daylight
2021-12-16T18:53:00.000,I 75,I 75 and Northside Dr,,Sideswipe-Same Direction,2,Cloudy,Dry,Dark-Not Lighted
2021-12-10T06:19:00.000,I 75,I 75 and Northside Dr,,Rear End,3,Rain,Wet,Dark-Lighted
2021-07-01T08:00:00.000,I 75,I 75 and Northside Dr,,Rear End,2,Clear,Dry,Daylight
2021-10-01T16:00:00.000,I 75,I 75 and Northside Dr,,Rear End,2,Clear,Dry,Daylight
2021-05-03T12:54:00.000,I 75,I 75 and Northside Dr,,Sideswipe-Same Direction,2,Rain,Wet,Daylight
2021-06-15T13:30:00.000,I 75,I 75 and Northside Dr,,Rear End,2,Clear,Dry,Daylight
2021-12-10T06:19:00.000,I 75,I 75 and Northside Dr,,Rear End,2,Rain,Wet,Dark-Lighted
2021-09-14T16:00:00.000,I 75,I 75 and Northside Dr,,Sideswipe-Same Direction,2,Clear,Dry,Daylight
2021-12-10T06:19:00.000,I 75,I 75 and Northside Dr,,Rear End,2,Rain,Wet,Dark-Lighted
2021-11-09T15:57:00.000,I 75,I 75 and Northside Dr,,Rear End,2,Clear,Dry,Daylight
2021-11-16T08:36:00.000,I 75,I 75 and Northside Dr,,Sideswipe-Same Direction,2,Clear,Dry,Daylight
2021-12-03T16:10:00.000,I 75,I 75 and Northside Dr,,Sideswipe-Same Direction,2,Clear,Dry,Daylight
2021-07-09T12:20:00.000,I 75,I 75 and Northside Dr,,Rear End,3,Cloudy,Dry,Daylight
2021-02-17T15:45:00.000,I 75,I 75 and Northside Dr,,Angle Crash,2,Clear,Dry,Daylight
2021-04-22T14:25:00.000,I 75,I 75 and Northside Dr,,Rear End,2,Clear,Dry,Daylight
2021-01-08T13:25:00.000,I 75,I 75 and Northside Dr,,Sideswipe-Same Direction,3,Cloudy,Wet,Daylight
2021-02-26T12:49:00.000,I 75,I 75 and Northside Dr,,Rear End,2,Rain,Wet,Daylight
2021-05-25T13:00:00.000,I 75,I 75 and Northside Dr,,Angle Crash,2,Clear,Dry,Daylight
2021-01-04T13:55:00.000,I 75,I 75 and Northside Dr,,Sideswipe-Same Direction,2,Clear,Dry,Daylight
2021-01-14T16:05:00.000,I 75,I 75 and Northside Dr,,Sideswipe-Same Direction,2,Clear,Dry,Daylight
2021-02-15T13:05:00.000,I 75,I 75 and Northside Dr,,Angle Crash,3,Rain,Wet,Daylight
2021-02-13T19:07:00.000,I 75,I 75 and Northside Dr,,Head On,2,Cloudy,Dry,Dark-Lighted
2021-01-06T21:22:00.000,I 75,I 75 and Northside Dr,,Not a Collision with Motor Vehicle,2,Clear,Dry,Dark-Lighted
2021-02-11T06:00:00.000,I 75,I 75 and Northside Dr,,Sideswipe-Same Direction,2,Cloudy,Dry,Dark-Lighted
2021-03-31T16:45:00.000,I 75,I 75 and Northside Dr,,Rear End,2,Cloudy,Wet,Daylight
2021-03-26T15:50:00.000,I 75,I 75 and Northside Dr,,Rear End,3,Clear,Dry,Daylight
2021-05-13T10:00:00.000,I 75,I 75 and Northside Dr,,Sideswipe-Same Direction,2,Clear,Dry,Daylight
2021-12-02T09:30:00.000,I 75,I 75 and Northside Dr,,Rear End,2,Clear,Dry,Daylight
2021-07-16T12:30:00.000,I 75,I 75 and Northside Dr,,Sideswipe-Same Direction,2,Cloudy,Dry,Daylight
2021-08-06T10:11:00.000,I 75,I 75 and Northside Dr,,Sideswipe-Same Direction,3,Clear,Dry,Daylight
2021-09-21T17:38:00.000,I 75,I 75 and Northside Dr,,Rear End,3,Clear,Dry,Daylight
2021-05-20T18:42:00.000,I 75,I 75 and Northside Dr,,Rear End,2,Clear,Dry,Daylight
2021-01-30T16:02:00.000,I 75,I 75 and Northside Dr,,Rear End,2,Clear,Dry,Daylight
2021-01-21T15:20:00.000,I 75,I 75 and Northside Dr,,Sideswipe-Same Direction,3,Rain,Wet,Daylight
2021-03-18T18:19:00.000,I 75,I 75 and Northside Dr,,Sideswipe-Same Direction,2,Clear,Dry,Daylight
2020-04-02T16:05:00.000,I 75,I 75 and Northside Dr,,Sideswipe-Same Direction,2,Clear,Dry,Daylight
2020-01-15T16:08:00.000,I 75,I 75 and Northside Dr,,Sideswipe-Same Direction,2,Clear,Dry,Daylight
2020-10-07T20:54:00.000,I 75,I 75 and Northside Dr,,Rear End,2,Clear,Dry,Dark-Lighted
2020-05-18T10:00:00.000,I 75,I 75 and Northside Dr,,Rear End,2,Cloudy,Wet,Daylight
2020-02-10T19:17:00.000,I 75,I 75 and Northside Dr,,Rear End,2,Rain,Wet,Dark-Lighted
2020-08-23T02:34:00.000,I 75,I 75 and Northside Dr,,Rear End,3,Clear,Dry,Dark-Lighted
2020-01-18T21:21:00.000,I 75,I 75 and Northside Dr,,Rear End,2,Rain,Wet,Dark-Lighted
2020-02-06T17:10:00.000,I 75,I 75 and Northside Dr,,Rear End,2,Rain,Wet,Daylight
2020-11-02T10:26:00.000,I 75,I 75 and Northside Dr,,Not a Collision with Motor Vehicle,1,Clear,Dry,Daylight
2023-09-22T18:45:00.000,I 75,I 75 and Northside Dr,,Sideswipe-Same Direction,2,Clear,Dry,Daylight
2023-03-10T17:50:00.000,I 75,I 75 and Northside Dr,,Rear End,2,Cloudy,Dry,Dawn
2023-03-20T13:30:00.000,I 75,I 75 and Northside Dr,,Sideswipe-Same Direction,2,Clear,Dry,Daylight
2023-01-02T15:05:00.000,I 75,I 75 and Northside Dr,,Rear End,2,Rain,Wet,Daylight
2023-09-28T14:20:00.000,I 75,I 75 and Northside Dr,,Rear End,2,Clear,Dry,Daylight
2023-03-09T01:46:00.000,I 75,I 75 and Northside Dr,,Sideswipe-Same Direction,2,Rain,Wet,Dark-Lighted
2023-03-07T16:50:00.000,I 75,I 75 and Northside Dr,,Rear End,2,Clear,Dry,Daylight
2023-04-17T08:15:00.000,I 75,I 75 and Northside Dr,,Rear End,2,Clear,Dry,Daylight
2023-02-07T10:37:00.000,I 75,I 75 and Northside Dr,,Rear End,2,Clear,Dry,Daylight
2023-09-19T16:48:00.000,I 75,I 75 and Northside Dr,,Rear End,2,Clear,Dry,Daylight
2023-03-30T18:40:00.000,I 75,I 75 and Northside Dr,,Sideswipe-Same Direction,2,Clear,Dry,Daylight
2023-01-24T10:20:00.000,I 75,I 75 and Northside Dr,,Sideswipe-Same Direction,2,Clear,Dry,Daylight
2023-08-03T15:48:00.000,I 75,I 75 and Northside Dr,,Rear End,2,Clear,Dry,Daylight
2023-03-24T19:02:00.000,I 75,I 75 and Northside Dr,,Rear End,2,Clear,Dry,Daylight
2023-05-04T16:37:00.000,I 75,I 75 and Northside Dr,,Rear End,2,Cloudy,Dry,Daylight
2023-05-11T09:00:00.000,I 75,I 75 and Northside Dr,,Rear End,2,Clear,Dry,Daylight
2023-05-08T17:40:00.000,I 75,I 75 and Northside Dr,,Rear End,3,Clear,Dry,Daylight
2023-09-19T18:36:00.000,I 75,I 75 and Northside Dr,,Rear End,2,Clear,Dry,Daylight
2023-09-28T14:47:00.000,I 75,I 75 and Northside Dr,,Rear End,2,Clear,Dry,Daylight
2023-02-03T15:32:00.000,I 75,I 75 and Northside Dr,,Sideswipe-Same Direction,2,Clear,Dry,Daylight
2023-10-06T18:00:00.000,I 75,I 75 and Northside Dr,,Sideswipe-Same Direction,4,Cloudy,Dry,Dark-Not Lighted
2023-09-11T07:05:00.000,I 75,I 75 and Northside Dr,,Rear End,2,Clear,Dry,Daylight
2023-07-14T12:34:00.000,I 75,I 75 and Northside Dr,,Sideswipe-Same Direction,3,Cloudy,Dry,Daylight
2023-01-05T19:19:00.000,I 75,I 75 and Northside Dr,,Rear End,2,Clear,Dry,Dark-Lighted
2023-11-09T18:35:00.000,I 75,I 75 and Northside Dr,,Rear End,2,Clear,Dry,Dark-Lighted
2023-11-10T18:25:00.000,I 75,I 75 and Northside Dr,,Rear End,2,Cloudy,Wet,Dark-Not Lighted
2023-03-02T09:19:00.000,I 75,I 75 and Northside Dr,,Not a Collision with Motor Vehicle,2,Rain,Wet,Daylight
2023-09-12T18:30:00.000,I 75,I 75 and Northside Dr,,Rear End,2,Cloudy,Dry,Daylight
2023-05-30T06:47:00.000,I 75,I 75 and Northside Dr,,Not a Collision with Motor Vehicle,1,Cloudy,Dry,Daylight
2023-06-23T12:45:00.000,I 75,I 75 and Northside Dr,,Rear End,3,Clear,Dry,Daylight
2023-02-17T10:10:00.000,I 75,I 75 and Northside Dr,,Sideswipe-Same Direction,2,Cloudy,Wet,Daylight
2023-12-25T07:00:00.000,I 75,I 75 and Northside Dr,,Sideswipe-Same Direction,2,Rain,Wet,Dark-Lighted
2023-04-25T13:52:00.000,I 75,I 75 and Northside Dr,,Rear End,2,Clear,Dry,Daylight
2023-06-12T08:02:00.000,I 75,I 75 and Northside Dr,,Angle Crash,2,Cloudy,Wet,Daylight
2023-03-16T17:40:00.000,I 75,I 75 and Northside Dr,,Sideswipe-Same Direction,2,Clear,Dry,Daylight
2023-09-11T07:09:00.000,I 75,I 75 and Northside Dr,,Rear End,3,Clear,Dry,Daylight
2023-02-07T17:42:00.000,I 75,I 75 and Northside Dr,,Sideswipe-Same Direction,2,Cloudy,Dry,Daylight
2023-06-23T15:50:00.000,I 75,I 75 and Northside Dr,,Sideswipe-Same Direction,2,Clear,Dry,Daylight
2023-06-21T07:30:00.000,I 75,I 75 and Northside Dr,,Rear End,3,Cloudy,Wet,Daylight
2023-09-28T14:50:00.000,I 75,I 75 and Northside Dr,,Rear End,3,Clear,Dry,Daylight
2023-01-17T15:50:00.000,I 75,I 75 and Northside Dr,,Sideswipe-Same Direction,2,Cloudy,Wet,Daylight
2023-12-12T13:50:00.000,I 75,I 75 and Northside Dr,,Sideswipe-Same Direction,2,Clear,Dry,Daylight
2023-11-13T14:30:00.000,I 75,I 75 and Northside Dr,,Rear End,3,Clear,Dry,Daylight
2022-09-13T12:51:00.000,I 75,I 75 and Northside Dr,,Sideswipe-Same Direction,3,Clear,Dry,Daylight
2022-08-05T17:10:00.000,I 75,I 75 and Northside Dr,,Rear End,2,Cloudy,Dry,Daylight
2022-07-18T19:50:00.000,I 75,I 75 and Northside Dr,,Rear End,3,Cloudy,Wet,Daylight
2022-04-15T19:02:00.000,I 75,I 75 and Northside Dr,,Rear End,2,Clear,Dry,Daylight
2022-11-03T19:28:00.000,I 75,I 75 and Northside Dr,,Rear End,2,Clear,Dry,Dark-Not Lighted
2022-07-15T14:12:00.000,I 75,I 75 and Northside Dr,,Rear End,2,Cloudy,Dry,Daylight
2023-02-07T07:00:00.000,I 75,I 75 and Northside Dr,,Rear End,3,Clear,Dry,Daylight
2023-10-27T15:50:00.000,I 75,I 75 and Northside Dr,,Rear End,2,Clear,Dry,Daylight
2021-02-22T11:58:00.000,I 75,I 75 and Northside Dr,,Rear End,3,Cloudy,Wet,Daylight
2021-10-22T13:22:00.000,I 75,I 75 and Northside Dr,,Sideswipe-Same Direction,2,Clear,Dry,Daylight
2021-12-23T14:40:00.000,I 75,I 75 and Northside Dr,,Rear End,2,Clear,Dry,Daylight
2020-01-06T11:00:00.000,I 75,I 75 and Northside Dr,,Rear End,2,Clear,Dry,Daylight
2020-01-17T17:50:00.000,I 75,I 75 and Northside Dr,,Sideswipe-Same Direction,2,Clear,Dry,Daylight
2020-01-16T16:05:00.000,I 75,I 75 and Northside Dr,,Rear End,3,Clear,Dry,Daylight
2020-03-07T01:11:00.000,I 75,I 75 and Northside Dr,,Rear End,2,Clear,Dry,Daylight
2020-10-21T14:01:00.000,I 75,I 75 and Northside Dr,,Not a Collision with Motor Vehicle,1,Clear,Dry,Daylight
2020-01-24T14:30:00.000,I 75,I 75 and Northside Dr,,Rear End,2,Clear,Dry,Daylight
2020-07-17T14:38:00.000,I 75,I 75 and Northside Dr,,Rear End,2,Cloudy,Dry,Daylight
2020-11-04T10:04:00.000,I 75,I 75 and Northside Dr,,Rear End,2,Clear,Dry,Daylight
2020-01-10T16:12:00.000,I 75,I 75 and Northside Dr,,Rear End,2,Cloudy,Dry,Daylight
2020-03-04T19:40:00.000,I 75,I 75 and Northside Dr,,Rear End,2,Rain,Wet,Dark-Lighted
2020-01-24T19:49:00.000,I 75,I 75 and Northside Dr,,Rear End,2,Cloudy,Wet,Dark-Not Lighted
2020-12-23T13:46:00.000,I 75,I 75 and Northside Dr,,Rear End,2,Cloudy,Dry,Daylight
2020-06-12T16:04:00.000,I 75,I 75 and Northside Dr,,Sideswipe-Same Direction,2,Clear,Dry,Daylight
2020-02-29T13:12:00.000,I 75,I 75 and Northside Dr,,Sideswipe-Same Direction,2,Clear,Dry,Daylight
2020-03-04T19:59:00.000,I 75,I 75 and Northside Dr,,Rear End,3,Rain,Wet,Dark-Lighted
2020-06-25T20:06:00.000,I 75,I 75 and Northside Dr,,Angle Crash,2,Clear,Dry,Daylight
2020-06-26T21:50:00.000,I 75,I 75 and Northside Dr,,Rear End,3,Clear,Dry,Dark-Lighted
2020-01-21T18:42:00.000,I 75,I 75 and Northside Dr,,Rear End,2,Clear,Dry,Dark-Lighted
2020-12-09T17:55:00.000,I 75,I 75 and Northside Dr,,Sideswipe-Same Direction,2,Clear,Dry,Dark-Lighted
2020-12-05T19:26:00.000,I 75,I 75 and Northside Dr,,Not a Collision with Motor Vehicle,1,Clear,Dry,Dark-Not Lighted
2020-05-18T11:00:00.000,I 75,I 75 and Northside Dr,,Sideswipe-Same Direction,2,Cloudy,Dry,Daylight
2020-09-28T17:45:00.000,I 75,I 75 and Northside Dr,,Rear End,2,Clear,Dry,Daylight
2020-08-14T16:40:00.000,I 75,I 75 and Northside Dr,,Sideswipe-Same Direction,2,Clear,Dry,Daylight
2020-12-13T00:56:00.000,I 75,I 75 and Northside Dr,,Not a Collision with Motor Vehicle,1,Clear,Dry,Dark-Lighted