Date and Time,Roadway (From Crash Report),Intersection Name (from Crash Report),KABCO Severity,Manner of Collision (Crash Level) ,# of Vehicles per crash ,Weather Conditions (Crash Level),Surface Condition (Crash Level) ,Light Conditions (Crash Level)
2020-02-20T18:55:00.000,I 75,I 75 and Northside Dr,,Rear End,3,Rain,Wet,Dark-Lighted
2020-04-20T15:00:00.000,I 75,I 75 and Northside Dr,,Sideswipe-Same Direction,2,Cloudy,Dry,Daylight
2020-02-29T13:00:00.000,I 75,I 75 and Northside Dr,,Rear End,2,Clear,Dry,Daylight
2020-06-02T06:17:00.000,I 75,I 75 and Northside Dr,,Sideswipe-Same Direction,2,Clear,Dry,Daylight
2020-01-04T19:24:00.000,I 75,I 75 and Northside Dr,,Sideswipe-Same Direction,2,Clear,Dry,Dark-Lighted
2020-01-08T18:10:00.000,I 75,I 75 and Northside Dr,,Rear End,2,Clear,Dry,Daylight
2020-01-15T01:22:00.000,I 75,I 75 and Northside Dr,,Not a Collision with Motor Vehicle,1,Clear,Dry,Dark-Lighted
2020-02-18T08:00:00.000,I 75,I 75 and Northside Dr,,Rear End,2,Cloudy,Wet,Daylight
2020-12-15T09:48:00.000,I 75,I 75 and Northside Dr,,Sideswipe-Same Direction,2,Clear,Dry,Daylight
2020-06-10T15:44:00.000,I 75,I 75 and Northside Dr,,Angle Crash,2,Clear,Dry,Daylight
2020-11-21T14:00:00.000,I 75,I 75 and Northside Dr,,Rear End,2,Clear,Dry,Daylight
2020-05-06T09:45:00.000,I 75,I 75 and Northside Dr,,Sideswipe-Same Direction,7,Clear,Dry,Daylight
2020-11-04T10:17:00.000,I 75,I 75 and Northside Dr,,Rear End,2,Clear,Dry,Daylight
2020-03-02T10:20:00.000,I 75,I 75 and Northside Dr,,Rear End,2,Rain,Wet,Daylight
2020-07-14T11:28:00.000,I 75,I 75 and Northside Dr,,Sideswipe-Same Direction,2,Cloudy,Dry,Daylight
2020-05-19T17:18:00.000,I 75,I 75 and Northside Dr,,Sideswipe-Same Direction,2,Clear,Dry,Daylight
2020-10-20T12:19:00.000,I 75,I 75 and Northside Dr,,Sideswipe-Same Direction,2,Clear,Wet,Daylight
2020-11-13T03:17:00.000,I 75,I 75 and Northside Dr,,Rear End,2,Clear,Dry,Daylight
2020-01-21T15:12:00.000,I 75,I 75 and Northside Dr,,Sideswipe-Same Direction,2,Clear,Dry,Daylight
2020-11-13T19:36:00.000,I 75,I 75 and Northside Dr,,Sideswipe-Same Direction,2,Clear,Dry,Dark-Not Lighted
2020-01-10T16:12:00.000,I 75,I 75 and Northside Dr,,Rear End,3,Cloudy,Dry,Daylight
2020-06-07T14:05:00.000,I 75,I 75 and Northside Dr,,Rear End,2,Clear,Dry,Daylight
2020-01-24T17:50:00.000,I 75,I 75 and Northside Dr,,Sideswipe-Same Direction,2,Cloudy,Wet,Daylight
2020-02-20T20:26:00.000,I 75,I 75 and Northside Dr,,Sideswipe-Same Direction,2,Rain,Wet,Dark-Lighted
2020-11-12T02:52:00.000,I 75,I 75 and Northside Dr,,Rear End,2,Clear,Dry,Dark-Lighted
2020-03-11T16:00:00.000,I 75,I 75 and Northside Dr,,Rear End,2,Rain,Wet,Daylight
2020-01-28T23:46:00.000,I 75,I 75 and Northside Dr,,Rear End,2,Clear,Dry,Dark-Lighted
2020-03-12T10:15:00.000,I 75,I 75 and Northside Dr,,Sideswipe-Same Direction,2,Cloudy,Wet,Daylight
2020-11-16T03:09:00.000,I 75,I 75 and Northside Dr,,Rear End,2,Clear,Dry,Dark-Lighted
2020-02-14T11:05:00.000,I 75,I 75 and Northside Dr,,Sideswipe-Same Direction,2,Clear,Dry,Daylight
2020-10-21T15:25:00.000,I 75,I 75 and Northside Dr,,Sideswipe-Same Direction,3,Clear,Dry,Daylight
2020-10-30T17:20:00.000,I 75,I 75 and Northside Dr,,Rear End,2,Clear,Dry,Daylight
2020-04-21T13:01:00.000,I 75,I 75 and Northside Dr,,Not a Collision with Motor Vehicle,1,Clear,Dry,Daylight
2020-01-21T14:00:00.000,I 75,I 75 and Northside Dr,,Sideswipe-Same Direction,2,Clear,Dry,Daylight
2020-10-26T19:10:00.000,I 75,I 75 and Northside Dr,,Sideswipe-Same Direction,2,Clear,Dry,Dark-Lighted
2020-03-02T09:38:00.000,I 75,I 75 and Northside Dr,,Angle Crash,4,Cloudy,Dry,Daylight
2020-03-10T08:49:00.000,I 75,I 75 and Northside Dr,,Rear End,2,Rain,Wet,Dawn
2020-11-04T09:05:00.000,I 75,I 75 and Northside Dr,,Angle Crash,2,Clear,Dry,Daylight
2020-11-04T10:44:00.000,I 75,I 75 and Northside Dr,,Rear End,2,Clear,Dry,Daylight
2020-09-23T23:08:00.000,I 75,I 75 and Northside Dr,,Rear End,2,Clear,Dry,Dark-Lighted
2020-02-24T07:00:00.000,I 75,I 75 and Northside Dr,,Rear End,2,Rain,Wet,Daylight
2020-09-26T14:54:00.000,I 75,I 75 and Northside Dr,,Rear End,4,Clear,Dry,Daylight
2020-10-10T11:04:00.000,I 75,I 75 and Northside Dr,,Sideswipe-Same Direction,2,Cloudy,Wet,Daylight
2020-02-18T19:06:00.000,I 75,I 75 and Northside Dr,,Rear End,2,Rain,Wet,Dark-Lighted
2020-06-24T07:43:00.000,I 75,I 75 and Northside Dr,,Rear End,2,Cloudy,Dry,Daylight
2020-11-13T09:00:00.000,I 75,I 75 and Northside Dr,,Not a Collision with Motor Vehicle,1,Clear,Dry,Daylight
2020-10-09T19:35:00.000,I 75,I 75 and Northside Dr,,Rear End,2,Rain,Wet,Dark-Not Lighted
2020-02-13T15:05:00.000,I 75,I 75 and Northside Dr,,Rear End,2,Cloudy,Dry,Daylight
2020-12-13T02:12:00.000,I 75,I 75 and Northside Dr,,Rear End,2,Clear,Dry,Dark-Lighted
2020-12-04T16:15:00.000,I 75,I 75 and Northside Dr,,Rear End,2,Rain,Wet,Daylight
2020-09-11T16:25:00.000,I 75,I 75 and Northside Dr,,Rear End,2,Clear,Dry,Daylight
2020-02-22T07:07:00.000,I 75,I 75 and Northside Dr,,Not a Collision with Motor Vehicle,1,Other,Ice/Frost,Daylight
2020-01-14T18:40:00.000,I 75,I 75 and Northside Dr,,Rear End,2,Rain,Wet,Dark-Lighted
2020-01-28T09:32:00.000,I 75,I 75 and Northside Dr,,Sideswipe-Same Direction,2,Clear,Dry,Daylight
2020-07-09T20:58:00.000,I 75,I 75 and Northside Dr,,Rear End,2,Rain,Wet,Dark-Not Lighted
2020-11-20T15:00:00.000,I 75,I 75 and Northside Dr,,Sideswipe-Same Direction,2,Clear,Dry,Daylight
2020-03-19T22:28:00.000,I 75,I 75 and Northside Dr,,Rear End,3,Clear,Dry,Dark-Lighted
2020-03-04T18:44:00.000,I 75,I 75 and Northside Dr,,Rear End,2,Rain,Wet,Dark-Lighted
2020-10-17T09:19:00.000,I 75,I 75 and Northside Dr,,Rear End,2,Clear,Dry,Daylight
2020-02-28T16:15:00.000,I 75,I 75 and Northside Dr,,Sideswipe-Same Direction,3,Clear,Dry,Daylight
2020-02-15T00:57:00.000,I 75,I 75 and Northside Dr,,Rear End,2,Clear,Dry,Dark-Lighted
2020-02-02T14:41:00.000,I 75,I 75 and Northside Dr,,Angle Crash,2,Clear,Dry,Daylight
2020-02-21T18:00:00.000,I 75,I 75 and Northside Dr,,Sideswipe-Same Direction,4,Clear,Dry,Daylight
2020-10-11T02:14:00.000,I 75,I 75 and Northside Dr,,Not a Collision with Motor Vehicle,1,Rain,Wet,Dawn
2020-01-24T14:10:00.000,I 75,I 75 and Northside Dr,,Rear End,3,Clear,Dry,Daylight
2020-10-03T12:17:00.000,I 75,I 75 and Northside Dr,,Angle Crash,2,Clear,Dry,Daylight
2020-10-28T07:20:00.000,I 75,I 75 and Northside Dr,,Rear End,3,Rain,Wet,Daylight
2020-01-23T20:23:00.000,I 75,I 75 and Northside Dr,,Rear End,2,Rain,Wet,Dark-Lighted
2020-01-02T15:25:00.000,I 75,I 75 and Northside Dr,,Rear End,2,Rain,Wet,Daylight
2020-08-24T10:45:00.000,I 75,I 75 and Northside Dr,,Sideswipe-Same Direction,3,Cloudy,Wet,Daylight
2020-12-31T01:11:00.000,I 75,I 75 and Northside Dr,,Rear End,2,Clear,Dry,Dark-Lighted
2020-01-06T09:20:00.000,I 75,I 75 and Northside Dr,,Sideswipe-Same Direction,3,Clear,Dry,Daylight
2020-07-21T20:40:00.000,I 75,I 75 and Northside Dr,,Rear End,2,Clear,Dry,Daylight
2020-01-19T03:55:00.000,I 75,I 75 and Northside Dr,,Not a Collision with Motor Vehicle,1,Rain,Water (standing or moving),Dark-Lighted
2020-11-25T15:30:00.000,I 75,I 75 and Northside Dr,,Sideswipe-Same Direction,2,Clear,Dry,Daylight
2020-12-26T02:12:00.000,I 75,I 75 and Northside Dr,,Rear End,2,Clear,Dry,Dark-Lighted
2020-03-07T12:48:00.000,I 75,I 75 and Northside Dr,,Rear End,2,Clear,Dry,Daylight
2020-02-06T22:31:00.000,I 75,I 75 and Northside Dr,,Sideswipe-Same Direction,3,Rain,Wet,Dark-Lighted
2020-02-13T07:00:00.000,I 75,I 75 and Northside Dr,,Sideswipe-Same Direction,2,Rain,Wet,Dark-Lighted
2020-12-13T01:28:00.000,I 75,I 75 and Northside Dr,,Rear End,3,Cloudy,Wet,Dark-Lighted
2020-02-04T19:12:00.000,I 75,I 75 and Northside Dr,,Sideswipe-Same Direction,2,Clear,Dry,Dark-Lighted
2020-01-31T14:30:00.000,I 75,I 75 and Northside Dr,,Sideswipe-Same Direction,2,Cloudy,Wet,Daylight
2020-08-05T16:36:00.000,I 75,I 75 and Northside Dr,,Rear End,2,Clear,Dry,Daylight
2020-02-20T17:45:00.000,I 75,I 75 and Northside Dr,,Rear End,4,Cloudy,Wet,Daylight
2020-10-16T21:03:00.000,I 75,I 75 and Northside Dr,,Not a Collision with Motor Vehicle,1,Clear,Dry,Dark-Lighted
2020-01-06T19:18:00.000,I 75,I 75 and Northside Dr,,Rear End,2,Clear,Dry,Dark-Not Lighted
2020-01-15T16:08:00.000,I 75,I 75 and Northside Dr,,Rear End,2,Clear,Dry,Daylight
2020-08-28T06:14:00.000,I 75,I 75 and Northside Dr,,Rear End,2,Cloudy,Dry,Daylight
2020-01-24T10:10:00.000,I 75,I 75 and Northside Dr,,Rear End,2,Clear,Dry,Daylight
2020-06-22T21:58:00.000,I 75,I 75 and Northside Dr,,Not a Collision with Motor Vehicle,1,Cloudy,Wet,Dark-Lighted
2020-01-10T16:10:00.000,I 75,I 75 and Northside Dr,,Sideswipe-Same Direction,3,Cloudy,Dry,Daylight
2020-08-25T13:58:00.000,I 75,I 75 and Northside Dr,,Not a Collision with Motor Vehicle,1,Rain,Wet,Daylight
2020-11-25T15:33:00.000,I 75,I 75 and Northside Dr,,Sideswipe-Same Direction,2,Rain,Wet,Daylight
2020-08-26T09:15:00.000,I 75,I 75 and Northside Dr,,Rear End,3,Cloudy,Dry,Daylight
2020-07-17T00:46:00.000,I 75,I 75 and Northside Dr,,Not a Collision with Motor Vehicle,1,Clear,Dry,Dark-Lighted
2020-11-23T17:10:00.000,I 75,I 75 and Northside Dr,,Sideswipe-Same Direction,2,Clear,Dry,Daylight
2020-01-30T08:39:00.000,I 75,I 75 and Northside Dr,,Sideswipe-Opposite Direction,2,Clear,Dry,Daylight
2020-01-28T16:45:00.000,I 75,I 75 and Northside Dr,,Rear End,2,Clear,Dry,Daylight
2021-01-10T02:21:00.000,I 75,I 75 and Northside Dr,,Head On,3,Clear,(None),Dark-Lighted
2021-03-26T11:15:00.000,I 75,I 75 and Northside Dr,,Rear End,2,Clear,Wet,Daylight
2021-02-17T08:41:00.000,I 75,I 75 and Northside Dr,,Rear End,4,Clear,Dry,Daylight
2021-02-13T18:49:00.000,I 75,I 75 and Northside Dr,,Rear End,2,Clear,Dry,Dark-Not Lighted
2021-05-14T17:58:00.000,I 75,I 75 and Northside Dr,,Rear End,2,Cloudy,Dry,Daylight
2021-01-24T09:00:00.000,I 75,I 75 and Northside Dr,,Sideswipe-Same Direction,2,Clear,Dry,Daylight
2021-03-26T13:00:00.000,I 75,I 75 and Northside Dr,,Sideswipe-Same Direction,2,Cloudy,Dry,Daylight
2021-02-15T23:00:00.000,I 75,I 75 and Northside Dr,,Sideswipe-Same Direction,2,Cloudy,Wet,Dark-Lighted
2021-02-13T10:37:00.000,I 75,I 75 and Northside Dr,,Sideswipe-Same Direction,2,Rain,Wet,Daylight
2021-02-17T09:04:00.000,I 75,I 75 and Northside Dr,,Sideswipe-Same Direction,2,Clear,Dry,Daylight
2021-02-04T00:00:00.000,I 75,I 75 and Northside Dr,,Sideswipe-Same Direction,2,Cloudy,Dry,Daylight
2021-04-09T12:30:00.000,I 75,I 75 and Northside Dr,,Sideswipe-Same Direction,2,Clear,Dry,Daylight
2021-06-17T15:35:00.000,I 75,I 75 and Northside Dr,,Sideswipe-Same Direction,2,Clear,Dry,Daylight
2021-02-18T21:47:00.000,I 75,I 75 and Northside Dr,,Sideswipe-Same Direction,2,Rain,Wet,Dark-Lighted
2021-02-02T17:40:00.000,I 75,I 75 and Northside Dr,,Rear End,2,Clear,Dry,Daylight
2021-04-16T17:20:00.000,I 75,I 75 and Northside Dr,,Rear End,2,Cloudy,Dry,Daylight
2021-05-13T15:08:00.000,I 75,I 75 and Northside Dr,,Rear End,2,Clear,Dry,Daylight
2021-02-12T08:22:00.000,I 75,I 75 and Northside Dr,,Not a Collision with Motor Vehicle,1,Rain,Wet,Daylight
2021-05-06T09:10:00.000,I 75,I 75 and Northside Dr,,Rear End,2,Clear,Dry,Daylight
2021-01-22T17:20:00.000,I 75,I 75 and Northside Dr,,Rear End,2,Clear,Dry,Daylight
2021-03-25T12:52:00.000,I 75,I 75 and Northside Dr,,Rear End,3,Clear,Dry,Daylight
2021-06-25T14:57:00.000,I 75,I 75 and Northside Dr,,Sideswipe-Same Direction,2,Cloudy,Dry,Daylight
2021-06-22T07:48:00.000,I 75,I 75 and Northside Dr,,Sideswipe-Same Direction,2,Rain,Wet,Daylight
2021-02-08T12:18:00.000,I 75,I 75 and Northside Dr,,Angle Crash,2,Clear,Dry,Daylight
2021-02-06T00:56:00.000,I 75,I 75 and Northside Dr,,Rear End,2,Clear,Dry,Dark-Lighted
2021-04-09T18:00:00.000,I 75,I 75 and Northside Dr,,Rear End,2,Clear,Dry,Daylight
2021-09-21T18:02:00.000,I 75,I 75 and Northside Dr,,Rear End,2,Clear,Dry,Daylight
2021-12-30T16:34:00.000,I 75,I 75 and Northside Dr,,Angle Crash,2,Cloudy,Wet,Daylight
2021-10-13T14:05:00.000,I 75,I 75 and Northside Dr,,Rear End,3,Clear,Dry,Daylight
2021-08-31T16:00:00.000,I 75,I 75 and Northside Dr,,Not a Collision with Motor Vehicle,1,Rain,Wet,Daylight
2021-12-13T17:35:00.000,I 75,I 75 and Northside Dr,,Rear End,2,Clear,Dry,Daylight
2021-12-17T14:03:00.000,I 75,I 75 and Northside Dr,,Rear End,3,Clear,Dry,Daylight
2021-09-29T08:26:00.000,I 75,I 75 and Northside Dr,,Rear End,2,Clear,Dry,Daylight
2021-07-06T14:00:00.000,I 75,I 75 and Northside Dr,,Rear End,2,Clear,Dry,Daylight
2021-07-06T16:37:00.000,I 75,I 75 and Northside Dr,,Sideswipe-Same Direction,2,Cloudy,Dry,Daylight
2021-09-10T17:21:00.000,I 75,I 75 and Northside Dr,,Rear End,2,Cloudy,Dry,Daylight
2021-07-23T18:57:00.000,I 75,I 75 and Northside Dr,,Rear End,2,Cloudy,Wet,Daylight
2021-12-03T19:40:00.000,I 75,I 75 and Northside Dr,,Rear End,2,Clear,Dry,Dark-Not Lighted
2021-08-27T15:40:00.000,I 75,I 75 and Northside Dr,,Rear End,2,Clear,Dry,Daylight
2021-09-22T08:31:00.000,I 75,I 75 and Northside Dr,,Rear End,2,Cloudy,Dry,Daylight
2021-09-20T08:00:00.000,I 75,I 75 and Northside Dr,,Rear End,2,Rain,Wet,Daylight
2021-11-10T10:34:00.000,I 75,I 75 and Northside Dr,,Rear End,3,Cloudy,Dry,Daylight
2021-08-24T17:25:00.000,I 75,I 75 and Northside Dr,,Sideswipe-Same Direction,2,Clear,Dry,Daylight
2021-10-13T07:07:00.000,I 75,I 75 and Northside Dr,,Sideswipe-Same Direction,2,Clear,Dry,Daylight
2021-12-16T08:02:00.000,I 75,I 75 and Northside Dr,,Rear End,2,Cloudy,Dry,Daylight
2021-12-22T15:40:00.000,I 75,I 75 and Northside Dr,,Rear End,2,Clear,Dry,Daylight
2021-07-28T16:45:00.000,I 75,I 75 and Northside Dr,,Rear End,2,Cloudy,Wet,Daylight
2021-07-16T19:30:00.000,I 75,I 75 and Northside Dr,,Sideswipe-Same Direction,2,Rain,Wet,Daylight
2021-08-12T18:10:00.000,I 75,I 75 and Northside Dr,,Rear End,2,Cloudy,Dry,Daylight
2021-08-16T08:10:00.000,I 75,I 75 and Northside Dr,,Rear End,2,Clear,Dry,Daylight
2022-02-24T17:40:00.000,I 75,I 75 and Northside Dr,,Rear End,2,Clear,Dry,Daylight
2022-03-31T15:40:00.000,I 75,I 75 and Northside Dr,,Rear End,2,Clear,Dry,Daylight
2022-08-29T08:40:00.000,I 75,I 75 and Northside Dr,,Rear End,2,Clear,Dry,Daylight
2022-06-02T19:02:00.000,I 75,I 75 and Northside Dr,,Rear End,2,Cloudy,Dry,Daylight
2022-01-26T09:15:00.000,I 75,I 75 and Northside Dr,,Rear End,2,Clear,Dry,Daylight
2022-08-12T17:21:00.000,I 75,I 75 and Northside Dr,,Sideswipe-Same Direction,2,Clear,Dry,Daylight
2022-04-28T18:00:00.000,I 75,I 75 and Northside Dr,,Rear End,2,Clear,Dry,Daylight
2022-05-12T16:12:00.000,I 75,I 75 and Northside Dr,,Sideswipe-Same Direction,2,Clear,Dry,Daylight
2021-09-10T17:15:00.000,I 75,I 75 and Northside Dr,,Sideswipe-Same Direction,2,Cloudy,Dry,Daylight
2021-08-30T17:00:00.000,I 75,I 75 and Northside Dr,,Rear End,2,Cloudy,Dry,Daylight
2021-07-09T19:22:00.000,I 75,I 75 and Northside Dr,,Rear End,2,Cloudy,Wet,Daylight
2021-10-07T17:44:00.000,I 75,I 75 and Northside Dr,,Rear End,2,Cloudy,Wet,Daylight
2021-10-29T09:10:00.000,I 75,I 75 and Northside Dr,,Sideswipe-Same Direction,2,Rain,Wet,Daylight
2021-10-28T18:44:00.000,I 75,I 75 and Northside Dr,,Sideswipe-Same Direction,2,Cloudy,Wet,Daylight
2022-03-24T14:30:00.000,I 75,I 75 and Northside Dr,,Rear End,2,Clear,Dry,Daylight
2022-08-16T08:15:00.000,I 75,I 75 and Northside Dr,,Rear End,2,Clear,Dry,Daylight
2022-05-12T11:50:00.000,I 75,I 75 and Northside Dr,,Rear End,2,Clear,Dry,Daylight
2022-05-13T15:00:00.000,I 75,I 75 and Northside Dr,,Rear End,2,Clear,Dry,Daylight
2022-03-31T14:20:00.000,I 75,I 75 and Northside Dr,,Rear End,2,Clear,Dry,Daylight
2022-03-21T17:50:00.000,I 75,I 75 and Northside Dr,,Angle Crash,2,Clear,Dry,Daylight
2022-11-08T11:08:00.000,I 75,I 75 and Northside Dr,,Sideswipe-Same Direction,2,Clear,Dry,Daylight
2022-05-13T11:50:00.000,I 75,I 75 and Northside Dr,,Rear End,2,Cloudy,Dry,Daylight
2022-10-07T09:36:00.000,I 75,I 75 and Northside Dr,,Rear End,2,Clear,Dry,Daylight
2022-06-13T17:40:00.000,I 75,I 75 and Northside Dr,,Sideswipe-Same Direction,2,Clear,Dry,Daylight
2022-05-13T22:52:00.000,I 75,I 75 and Northside Dr,,Rear End,3,Clear,Dry,Dark-Lighted
2022-04-26T12:05:00.000,I 75,I 75 and Northside Dr,,Rear End,2,Cloudy,Wet,Daylight
2022-12-15T19:06:00.000,I 75,I 75 and Northside Dr,,Rear End,2,Clear,Dry,Dark-Lighted
2022-10-06T09:58:00.000,I 75,I 75 and Northside Dr,,Rear End,2,Clear,Dry,Daylight
2022-12-15T20:05:00.000,I 75,I 75 and Northside Dr,,Rear End,2,Clear,Dry,Dark-Lighted
2022-02-11T10:35:00.000,I 75,I 75 and Northside Dr,,Sideswipe-Same Direction,2,Clear,Dry,Daylight
2022-04-29T10:28:00.000,I 75,I 75 and Northside Dr,,Sideswipe-Same Direction,2,Cloudy,Dry,Daylight
2022-11-29T12:13:00.000,I 75,I 75 and Northside Dr,,Sideswipe-Same Direction,4,Clear,Dry,Daylight
2022-08-30T16:33:00.000,I 75,I 75 and Northside Dr,,Rear End,2,Rain,Wet,Daylight
2022-02-28T07:29:00.000,I 75,I 75 and Northside Dr,,Not a Collision with Motor Vehicle,2,Clear,Dry,Daylight
2022-08-09T09:25:00.000,I 75,I 75 and Northside Dr,,Rear End,2,Cloudy,Dry,Daylight
2022-02-24T15:00:00.000,I 75,I 75 and Northside Dr,,Sideswipe-Same Direction,2,Clear,Dry,Daylight
2022-08-30T19:29:00.000,I 75,I 75 and Northside Dr,,Sideswipe-Same Direction,2,Cloudy,Wet,Daylight
2022-04-21T18:00:00.000,I 75,I 75 and Northside Dr,,Rear End,3,Clear,Dry,Daylight
2021-08-12T18:00:00.000,I 75,I 75 and Northside Dr,,Rear End,2,Clear,Dry,Daylight
2021-08-31T09:19:00.000,I 75,I 75 and Northside Dr,,Not a Collision with Motor Vehicle,1,Rain,Wet,Daylight
2021-11-02T18:15:00.000,I 75,I 75 and Northside Dr,,Rear End,2,Clear,Dry,Daylight
2021-10-21T10:50:00.000,I 75,I 75 and Northside Dr,,Sideswipe-Same Direction,2,Rain,Wet,Daylight
2021-07-23T19:28:00.000,I 75,I 75 and Northside Dr,,Rear End,2,Cloudy,Wet,Daylight
2021-07-23T19:28:00.000,I 75,I 75 and Northside Dr,,Rear End,2,Cloudy,Wet,Daylight
2021-10-15T08:57:00.000,I 75,I 75 and Northside Dr,,Sideswipe-Same Direction,3,Clear,Dry,Daylight
2022-03-15T18:00:00.000,I 75,I 75 and Northside Dr,,Rear End,2,Rain,Wet,Daylight
2022-07-19T07:05:00.000,I 75,I 75 and Northside Dr,,Rear End,2,Rain,Wet,Daylight
2022-03-11T14:45:00.000,I 75,I 75 and Northside Dr,,Sideswipe-Same Direction,3,Clear,Dry,Daylight
2022-11-03T18:15:00.000,I 75,I 75 and Northside Dr,,Rear End,2,Clear,Dry,Daylight
2022-08-26T11:14:00.000,I 75,I 75 and Northside Dr,,Sideswipe-Same Direction,2,Cloudy,Dry,Daylight
2022-06-17T16:07:00.000,I 75,I 75 and Northside Dr,,Rear End,2,Cloudy,Dry,Daylight
2022-04-28T07:30:00.000,I 75,I 75 and Northside Dr,,Rear End,3,Clear,Dry,Daylight
2022-05-10T06:58:00.000,I 75,I 75 and Northside Dr,,Sideswipe-Same Direction,2,Clear,Dry,Daylight
2022-10-07T10:40:00.000,I 75,I 75 and Northside Dr,,Rear End,3,Clear,Dry,Daylight
2022-04-19T08:20:00.000,I 75,I 75 and Northside Dr,,Rear End,2,Clear,Dry,Daylight
2022-12-08T19:00:00.000,I 75,I 75 and Northside Dr,,Rear End,2,Rain,Wet,Dark-Lighted
2022-12-06T16:10:00.000,I 75,I 75 and Northside Dr,,Rear End,2,Cloudy,Wet,Daylight
2022-08-09T09:28:00.000,I 75,I 75 and Northside Dr,,Rear End,2,Cloudy,Dry,Daylight
2022-02-03T17:20:00.000,I 75,I 75 and Northside Dr,,Rear End,2,Rain,Wet,Dusk
2022-05-13T14:43:00.000,I 75,I 75 and Northside Dr,,Rear End,2,Cloudy,Dry,Daylight
2022-07-18T08:50:00.000,I 75,I 75 and Northside Dr,,Sideswipe-Same Direction,2,Clear,Dry,Daylight
2022-08-18T10:40:00.000,I 75,I 75 and Northside Dr,,Rear End,2,Cloudy,Dry,Daylight
2022-08-12T13:10:00.000,I 75,I 75 and Northside Dr,,Rear End,2,Clear,Dry,Daylight
2022-12-12T15:21:00.000,I 75,I 75 and Northside Dr,,Sideswipe-Same Direction,2,Clear,Dry,Daylight
2022-12-23T12:50:00.000,I 75,I 75 and Northside Dr,,Rear End,2,Clear,Dry,Daylight
2022-03-04T06:30:00.000,I 75,I 75 and Northside Dr,,Rear End,2,Clear,Dry,Dawn
2022-04-19T08:20:00.000,I 75,I 75 and Northside Dr,,Rear End,2,Clear,Dry,Daylight
2022-04-25T08:23:00.000,I 75,I 75 and Northside Dr,,Rear End,3,Clear,Dry,Daylight
2022-01-10T10:20:00.000,I 75,I 75 and Northside Dr,,Sideswipe-Same Direction,2,Clear,Dry,Daylight
2022-09-23T12:57:00.000,I 75,I 75 and Northside Dr,,Rear End,2,Clear,Dry,Daylight
2022-07-29T14:50:00.000,I 75,I 75 and Northside Dr,,Rear End,3,Cloudy,Dry,Daylight
2022-04-12T17:10:00.000,I 75,I 75 and Northside Dr,,Rear End,2,Clear,Dry,Daylight
2022-09-20T16:10:00.000,I 75,I 75 and Northside Dr,,Sideswipe-Same Direction,2,Clear,Dry,Daylight
2022-03-31T11:50:00.000,I 75,I 75 and Northside Dr,,Rear End,2,Clear,Dry,Daylight
2022-09-09T16:10:00.000,I 75,I 75 and Northside Dr,,Sideswipe-Same Direction,2,Cloudy,Wet,Daylight
2022-01-06T09:27:00.000,I 75,I 75 and Northside Dr,,Sideswipe-Same Direction,3,Clear,Dry,Daylight
2022-10-17T14:50:00.000,I 75,I 75 and Northside Dr,,Not a Collision with Motor Vehicle,1,Clear,Dry,Daylight
2022-02-14T18:32:00.000,I 75,I 75 and Northside Dr,,Rear End,2,Clear,Dry,Daylight
2022-07-03T01:30:00.000,I 75,I 75 and Northside Dr,,Rear End,2,Clear,Dry,Dark-Lighted
2022-08-04T07:41:00.000,I 75,I 75 and Northside Dr,,Rear End,2,Clear,Dry,Daylight
2022-10-14T16:38:00.000,I 75,I 75 and Northside Dr,,Sideswipe-Same Direction,2,Clear,Dry,Daylight
2022-05-26T09:07:00.000,I 75,I 75 and Northside Dr,,Sideswipe-Same Direction,2,Clear,Dry,Daylight
2022-03-31T17:47:00.000,I 75,I 75 and Northside Dr,,Rear End,2,Cloudy,Dry,Daylight
2022-09-01T09:40:00.000,I 75,I 75 and Northside Dr,,Rear End,2,Clear,Dry,Daylight
2022-06-02T17:37:00.000,I 75,I 75 and Northside Dr,,Rear End,2,Clear,Dry,Daylight
2022-10-14T14:00:00.000,I 75,I 75 and Northside Dr,,Rear End,2,Clear,Dry,Daylight
2022-02-28T15:43:00.000,I 75,I 75 and Northside Dr,,Sideswipe-Same Direction,2,Clear,Dry,Daylight
2022-09-23T16:51:00.000,I 75,I 75 and Northside Dr,,Rear End,2,Clear,Dry,Daylight
2022-11-11T14:34:00.000,I 75,I 75 and Northside Dr,,Sideswipe-Same Direction,2,Cloudy,Wet,Daylight
2022-04-28T00:00:00.000,I 75,I 75 and Northside Dr,,Not a Collision with Motor Vehicle,1,Clear,Dry,Daylight
2022-10-11T19:12:00.000,I 75,I 75 and Northside Dr,,Rear End,2,Clear,Dry,Dark-Not Lighted