Date and Time,Roadway (From Crash Report),Intersection Name (from Crash Report),KABCO Severity,Manner of Collision (Crash Level) ,# of Vehicles per crash ,Weather Conditions (Crash Level),Surface Condition (Crash Level) ,Light Conditions (Crash Level)
2022-03-18T15:40:00.000,I 75,I 75 and Northside Dr,,Sideswipe-Same Direction,2,Rain,Wet,Daylight
2022-12-30T15:00:00.000,I 75,I 75 and Northside Dr,,Sideswipe-Same Direction,2,Clear,Dry,Daylight
2022-01-24T12:24:00.000,I 75,I 75 and Northside Dr,,Sideswipe-Same Direction,2,Clear,Dry,Daylight
2022-08-26T14:00:00.000,I 75,I 75 and Northside Dr,,Sideswipe-Same Direction,2,Clear,Dry,Daylight
2022-08-15T18:50:00.000,I 75,I 75 and Northside Dr,,Sideswipe-Same Direction,2,Clear,Dry,Daylight
2022-03-03T11:30:00.000,I 75,I 75 and Northside Dr,,Sideswipe-Same Direction,2,Clear,Dry,Daylight
2022-06-24T12:50:00.000,I 75,I 75 and Northside Dr,,Not a Collision with Motor Vehicle,2,Clear,Dry,Daylight
2022-04-08T15:30:00.000,I 75,I 75 and Northside Dr,,Rear End,2,Clear,Dry,Daylight
2022-07-21T17:30:00.000,I 75,I 75 and Northside Dr,,Rear End,2,Cloudy,Dry,Daylight
2022-05-13T21:00:00.000,I 75,I 75 and Northside Dr,,Rear End,3,Clear,Dry,Dark-Lighted
2022-02-07T14:50:00.000,I 75,I 75 and Northside Dr,,Sideswipe-Same Direction,2,Cloudy,Dry,Daylight
2022-05-27T11:20:00.000,I 75,I 75 and Northside Dr,,Sideswipe-Same Direction,4,Cloudy,Dry,Daylight
2022-06-28T19:32:00.000,I 75,I 75 and Northside Dr,,Sideswipe-Same Direction,2,Rain,Wet,Daylight
2022-07-29T17:55:00.000,I 75,I 75 and Northside Dr,,Rear End,2,Clear,Dry,Daylight
2022-03-03T15:01:00.000,I 75,I 75 and Northside Dr,,Angle Crash,3,Clear,Dry,Daylight
2022-12-08T07:29:00.000,I 75,I 75 and Northside Dr,,Sideswipe-Same Direction,2,Cloudy,Dry,Daylight
2022-01-11T16:15:00.000,I 75,I 75 and Northside Dr,,Sideswipe-Same Direction,2,Clear,Dry,Daylight
2022-08-01T09:40:00.000,I 75,I 75 and Northside Dr,,Sideswipe-Same Direction,2,Clear,Dry,Daylight
2022-05-20T14:20:00.000,I 75,I 75 and Northside Dr,,Sideswipe-Same Direction,2,Clear,Dry,Daylight
2022-11-18T08:52:00.000,I 75,I 75 and Northside Dr,,Rear End,2,Clear,Dry,Daylight
2022-09-01T09:50:00.000,I 75,I 75 and Northside Dr,,Rear End,2,Clear,Dry,Daylight
2022-05-20T14:20:00.000,I 75,I 75 and Northside Dr,,Sideswipe-Same Direction,2,Clear,Dry,Daylight
2022-10-18T09:10:00.000,I 75,I 75 and Northside Dr,,Sideswipe-Same Direction,2,Clear,Dry,Daylight
2022-03-18T14:00:00.000,I 75,I 75 and Northside Dr,,Rear End,2,Rain,Wet,Daylight
2022-02-15T15:18:00.000,I 75,I 75 and Northside Dr,,Sideswipe-Same Direction,2,Clear,Dry,Daylight
2022-06-20T16:25:00.000,I 75,I 75 and Northside Dr,,Sideswipe-Same Direction,2,Clear,Dry,Daylight
2022-09-01T10:14:00.000,I 75,I 75 and Northside Dr,,Sideswipe-Same Direction,2,Clear,Dry,Daylight
2022-06-02T17:37:00.000,I 75,I 75 and Northside Dr,,Rear End,2,Cloudy,Dry,Daylight
2022-10-03T10:40:00.000,I 75,I 75 and Northside Dr,,Rear End,2,Clear,Dry,Daylight
2022-08-12T15:50:00.000,I 75,I 75 and Northside Dr,,Rear End,2,Clear,Dry,Daylight
2022-01-06T09:00:00.000,I 75,I 75 and Northside Dr,,Sideswipe-Same Direction,2,Clear,Dry,Daylight
2022-12-02T20:00:00.000,I 75,I 75 and Northside Dr,,Rear End,2,Clear,Dry,Dark-Lighted
2022-06-30T08:15:00.000,I 75,I 75 and Northside Dr,,Rear End,2,Clear,Dry,Daylight
2023-09-28T14:50:00.000,I 75,I 75 and Northside Dr,,Rear End,2,Clear,Dry,Daylight
2024-11-21T20:34:00.000,I 75,I 75 and Northside Dr,,Rear End,2,Clear,Dry,Dark-Lighted
2024-08-29T07:45:00.000,I 75,I 75 and Northside Dr,,Sideswipe-Same Direction,2,Clear,Dry,Daylight
2024-01-23T07:50:00.000,I 75,I 75 and Northside Dr,,Rear End,2,Rain,Wet,Daylight
2024-04-26T15:46:00.000,I 75,I 75 and Northside Dr,,Rear End,2,Clear,Dry,Daylight
2024-09-19T08:01:00.000,I 75,I 75 and Northside Dr,,Sideswipe-Same Direction,2,Clear,Dry,Daylight
2024-12-17T08:40:00.000,I 75,I 75 and Northside Dr,,Rear End,2,Clear,Dry,Daylight
2024-06-10T08:50:00.000,I 75,I 75 and Northside Dr,,Rear End,2,Cloudy,Wet,Daylight
2024-05-10T12:54:00.000,I 75,I 75 and Northside Dr,,Rear End,2,Clear,Dry,Daylight
2024-03-18T15:03:00.000,I 75,I 75 and Northside Dr,,Rear End,2,Clear,Dry,Daylight
2024-12-03T18:46:00.000,I 75,I 75 and Northside Dr,,Sideswipe-Same Direction,2,Clear,Dry,Dark-Not Lighted
2024-06-11T16:07:00.000,I 75,I 75 and Northside Dr,,Sideswipe-Same Direction,2,Clear,Dry,Daylight
2024-01-25T08:01:00.000,I 75,I 75 and Northside Dr,,Rear End,2,Rain,Wet,Daylight
2024-04-18T16:47:00.000,I 75,I 75 and Northside Dr,,Sideswipe-Same Direction,2,Clear,Dry,Daylight
2024-07-30T12:46:00.000,I 75,I 75 and Northside Dr,,Rear End,2,Cloudy,Dry,Daylight
2024-01-08T18:00:00.000,I 75,I 75 and Northside Dr,,Rear End,2,Cloudy,Dry,Dark-Lighted
2024-07-11T17:45:00.000,I 75,I 75 and Northside Dr,,Rear End,2,Clear,Dry,Daylight
2024-06-11T15:49:00.000,I 75,I 75 and Northside Dr,,Rear End,3,Clear,Dry,Daylight
2024-12-27T19:13:00.000,I 75,I 75 and Northside Dr,,Sideswipe-Same Direction,2,Rain,Wet,Dark-Lighted
2024-09-27T12:58:00.000,I 75,I 75 and Northside Dr,,Not a Collision with Motor Vehicle,1,Clear,Wet,Daylight
2024-08-23T17:45:00.000,I 75,I 75 and Northside Dr,,Rear End,2,Clear,Dry,Daylight
2024-11-15T10:27:00.000,I 75,I 75 and Northside Dr,,Sideswipe-Same Direction,3,Clear,Dry,Daylight
2024-04-05T12:00:00.000,I 75,I 75 and Northside Dr,,Sideswipe-Same Direction,2,Clear,Dry,Daylight
2024-03-29T07:11:00.000,I 75,I 75 and Northside Dr,,Rear End,2,Clear,Dry,Daylight
2024-05-20T07:45:00.000,I 75,I 75 and Northside Dr,,Rear End,3,Clear,Dry,Daylight
2024-03-29T10:25:00.000,I 75,I 75 and Northside Dr,,Rear End,2,Clear,Dry,Daylight
2024-03-14T19:40:00.000,I 75,I 75 and Northside Dr,,Sideswipe-Same Direction,2,Clear,Dry,Dark-Lighted
2023-08-29T11:10:00.000,I 75,I 75 and Northside Dr,,Rear End,2,Cloudy,Wet,Daylight
2023-02-03T19:50:00.000,I 75,I 75 and Northside Dr,,Rear End,2,Clear,Dry,Dark-Lighted
2024-06-11T06:02:00.000,I 75,I 75 and Northside Dr,,Sideswipe-Same Direction,2,Clear,Dry,Dark-Lighted
2024-12-20T18:20:00.000,I 75,I 75 and Northside Dr,,Sideswipe-Same Direction,2,Cloudy,Dry,Dark-Lighted
2024-09-27T13:24:00.000,I 75,I 75 and Northside Dr,,Rear End,7,Clear,Dry,Daylight
2024-08-09T11:40:00.000,I 75,I 75 and Northside Dr,,Rear End,2,Clear,Dry,Daylight
2024-03-01T18:46:00.000,I 75,I 75 and Northside Dr,,Rear End,2,Cloudy,Wet,Dark-Lighted
2023-11-17T20:50:00.000,I 75,I 75 and Northside Dr,,Rear End,2,Clear,Dry,Dark-Lighted
2023-04-17T19:00:00.000,I 75,I 75 and Northside Dr,,Rear End,2,Clear,Dry,Daylight
2023-03-30T12:56:00.000,I 75,I 75 and Northside Dr,,Sideswipe-Same Direction,2,Clear,Dry,Daylight
2023-12-11T14:20:00.000,I 75,I 75 and Northside Dr,,Sideswipe-Same Direction,2,Clear,Dry,Daylight
2023-11-06T18:45:00.000,I 75,I 75 and Northside Dr,,Rear End,2,Clear,Dry,Daylight
2023-05-01T06:37:00.000,I 75,I 75 and Northside Dr,,Angle Crash,2,Clear,Dry,Daylight
2023-12-05T17:00:00.000,I 75,I 75 and Northside Dr,,Sideswipe-Same Direction,2,Clear,Dry,Daylight
2023-12-05T16:18:00.000,I 75,I 75 and Northside Dr,,Rear End,2,Clear,Dry,Daylight
2023-10-19T14:35:00.000,I 75,I 75 and Northside Dr,,Rear End,3,Clear,Dry,Daylight
2023-09-07T09:55:00.000,I 75,I 75 and Northside Dr,,Sideswipe-Same Direction,2,Clear,Dry,Daylight
2023-02-10T15:45:00.000,I 75,I 75 and Northside Dr,,Rear End,2,Clear,Dry,Daylight
2023-07-18T17:45:00.000,I 75,I 75 and Northside Dr,,Rear End,2,Cloudy,Dry,Daylight
2023-05-06T01:31:00.000,I 75,I 75 and Northside Dr,,Rear End,2,Clear,Dry,Dark-Not Lighted
2023-09-08T13:50:00.000,I 75,I 75 and Northside Dr,,Sideswipe-Same Direction,4,Clear,Dry,Daylight
2023-06-02T16:36:00.000,I 75,I 75 and Northside Dr,,Sideswipe-Same Direction,2,Cloudy,Dry,Daylight
2023-10-17T17:10:00.000,I 75,I 75 and Northside Dr,,Rear End,3,Clear,Dry,Daylight
2023-08-10T10:22:00.000,I 75,I 75 and Northside Dr,,Rear End,3,Clear,Dry,Daylight
2023-11-13T08:19:00.000,I 75,I 75 and Northside Dr,,Sideswipe-Same Direction,2,Clear,Dry,Daylight
2023-12-03T01:03:00.000,I 75,I 75 and Northside Dr,,Not a Collision with Motor Vehicle,1,Cloudy,Wet,Dark-Lighted
2023-11-20T15:02:00.000,I 75,I 75 and Northside Dr,,Sideswipe-Same Direction,2,Cloudy,Dry,Daylight
2023-11-06T18:30:00.000,I 75,I 75 and Northside Dr,,Rear End,2,Clear,Dry,Daylight
2023-08-15T17:52:00.000,I 75,I 75 and Northside Dr,,Rear End,3,Cloudy,Dry,Daylight
2023-09-01T13:35:00.000,I 75,I 75 and Northside Dr,,Angle Crash,2,Clear,Dry,Daylight
2023-11-14T18:39:00.000,I 75,I 75 and Northside Dr,,Rear End,2,Clear,Dry,Daylight
2023-03-27T06:30:00.000,I 75,I 75 and Northside Dr,,Not a Collision with Motor Vehicle,1,Rain,Wet,Dark-Lighted
2023-07-14T07:00:00.000,I 75,I 75 and Northside Dr,,Sideswipe-Same Direction,2,Cloudy,Dry,Daylight
2023-10-23T16:15:00.000,I 75,I 75 and Northside Dr,,Rear End,2,Clear,Dry,Daylight
2023-06-12T15:45:00.000,I 75,I 75 and Northside Dr,,Sideswipe-Same Direction,2,Clear,Dry,Daylight
2023-07-07T15:35:00.000,I 75,I 75 and Northside Dr,,Sideswipe-Same Direction,2,Clear,Dry,Daylight
2023-06-16T15:40:00.000,I 75,I 75 and Northside Dr,,Rear End,2,Clear,Dry,Daylight
2023-08-26T19:40:00.000,I 75,I 75 and Northside Dr,,Rear End,2,Clear,Wet,Daylight
2023-06-02T13:45:00.000,I 75,I 75 and Northside Dr,,Rear End,2,Clear,Dry,Daylight
2023-10-13T19:18:00.000,I 75,I 75 and Northside Dr,,Sideswipe-Same Direction,3,Rain,Wet,Dark-Not Lighted
2023-04-28T15:15:00.000,I 75,I 75 and Northside Dr,,Rear End,2,Clear,Dry,Daylight
2023-04-28T18:05:00.000,I 75,I 75 and Northside Dr,,Rear End,2,Clear,Dry,Daylight
2023-05-22T19:36:00.000,I 75,I 75 and Northside Dr,,Not a Collision with Motor Vehicle,1,Rain,Wet,Daylight
2023-08-03T13:49:00.000,I 75,I 75 and Northside Dr,,Rear End,2,Clear,Dry,Daylight
2023-03-09T01:47:00.000,I 75,I 75 and Northside Dr,,Sideswipe-Same Direction,2,Rain,Wet,Dark-Lighted
2023-01-26T07:10:00.000,I 75,I 75 and Northside Dr,,Sideswipe-Same Direction,3,Clear,Dry,Dusk
2023-12-11T18:55:00.000,I 75,I 75 and Northside Dr,,Sideswipe-Same Direction,2,Clear,Dry,Dark-Lighted
2023-06-28T16:10:00.000,I 75,I 75 and Northside Dr,,Rear End,2,Clear,Dry,Daylight
2023-02-27T15:30:00.000,I 75,I 75 and Northside Dr,,Sideswipe-Same Direction,2,Clear,Dry,Daylight
2023-08-17T09:08:00.000,I 75,I 75 and Northside Dr,,Rear End,3,Clear,Dry,Daylight
2023-08-24T13:41:00.000,I 75,I 75 and Northside Dr,,Sideswipe-Same Direction,2,Cloudy,Dry,Daylight
2024-09-10T17:10:00.000,I 75,I 75 and Northside Dr,,Rear End,2,Cloudy,Dry,Daylight
2024-07-25T18:15:00.000,I 75,I 75 and Northside Dr,,Sideswipe-Same Direction,2,Clear,Dry,Daylight
2024-05-30T19:48:00.000,I 75,I 75 and Northside Dr,,Rear End,2,Clear,Dry,Daylight
2024-10-18T09:34:00.000,I 75,I 75 and Northside Dr,,Rear End,2,Clear,Dry,Daylight
2024-05-17T13:24:00.000,I 75,I 75 and Northside Dr,,Sideswipe-Same Direction,2,Cloudy,Dry,Daylight
2024-08-30T13:00:00.000,I 75,I 75 and Northside Dr,,Rear End,2,Clear,Dry,Daylight
2024-10-29T17:02:00.000,I 75,I 75 and Northside Dr,,Rear End,3,Clear,Dry,Daylight
2024-03-27T15:37:00.000,I 75,I 75 and Northside Dr,,Sideswipe-Same Direction,2,Clear,Dry,Daylight
2024-11-12T10:55:00.000,I 75,I 75 and Northside Dr,,Sideswipe-Same Direction,2,Clear,Dry,Daylight
2024-03-21T07:20:00.000,I 75,I 75 and Northside Dr,,Sideswipe-Same Direction,6,Clear,Dry,Daylight
2024-06-11T15:32:00.000,I 75,I 75 and Northside Dr,,Rear End,2,Clear,Dry,Daylight
2024-11-12T17:37:00.000,I 75,I 75 and Northside Dr,,Rear End,2,Clear,Dry,Daylight
2024-12-17T19:32:00.000,I 75,I 75 and Northside Dr,,Rear End,3,Clear,Dry,Dark-Lighted
2024-10-04T12:35:00.000,I 75,I 75 and Northside Dr,,Rear End,2,Cloudy,Other,Daylight
2024-07-29T15:40:00.000,I 75,I 75 and Northside Dr,,Rear End,3,Cloudy,Wet,Daylight
2024-11-18T17:30:00.000,I 75,I 75 and Northside Dr,,Rear End,2,Clear,Dry,Dark-Lighted
2024-11-08T09:30:00.000,I 75,I 75 and Northside Dr,,Sideswipe-Same Direction,2,Clear,Dry,Daylight
2024-08-09T11:35:00.000,I 75,I 75 and Northside Dr,,Rear End,2,Clear,Dry,Daylight
2024-09-13T19:10:00.000,I 75,I 75 and Northside Dr,,Rear End,3,Cloudy,Dry,Dusk
2024-08-29T17:00:00.000,I 75,I 75 and Northside Dr,,Sideswipe-Same Direction,2,Clear,Dry,Daylight
2024-06-20T09:50:00.000,I 75,I 75 and Northside Dr,,Sideswipe-Same Direction,2,Clear,Dry,Daylight
2024-04-26T16:29:00.000,I 75,I 75 and Northside Dr,,Sideswipe-Same Direction,2,Clear,Dry,Daylight
2024-09-19T17:00:00.000,I 75,I 75 and Northside Dr,,Not a Collision with Motor Vehicle,1,Cloudy,Dry,Daylight
2024-04-11T16:00:00.000,I 75,I 75 and Northside Dr,,Rear End,2,Clear,Dry,Daylight
2024-10-07T12:30:00.000,I 75,I 75 and Northside Dr,,Sideswipe-Same Direction,2,Clear,Dry,Daylight
2024-07-15T08:20:00.000,I 75,I 75 and Northside Dr,,Sideswipe-Same Direction,2,Cloudy,Dry,Daylight
2024-05-16T19:57:00.000,I 75,I 75 and Northside Dr,,Sideswipe-Same Direction,2,Clear,Dry,Daylight
2024-03-08T12:08:00.000,I 75,I 75 and Northside Dr,,Rear End,2,Clear,Dry,Daylight
2024-04-20T23:02:00.000,I 75,I 75 and Northside Dr,,Sideswipe-Same Direction,2,Rain,Dry,Dark-Lighted
2024-08-06T08:45:00.000,I 75,I 75 and Northside Dr,,Rear End,2,Clear,Dry,Daylight
2024-10-03T14:30:00.000,I 75,I 75 and Northside Dr,,Rear End,2,Clear,Dry,Daylight
2024-08-20T15:50:00.000,I 75,I 75 and Northside Dr,,Rear End,3,Clear,Dry,Daylight
2024-01-15T17:10:00.000,I 75,I 75 and Northside Dr,,Sideswipe-Same Direction,2,Clear,Dry,Daylight
2024-09-30T17:10:00.000,I 75,I 75 and Northside Dr,,Rear End,2,Cloudy,Wet,Daylight
2024-05-20T07:19:00.000,I 75,I 75 and Northside Dr,,Rear End,2,Clear,Dry,Daylight
2024-11-21T10:04:00.000,I 75,I 75 and Northside Dr,,Sideswipe-Same Direction,2,Clear,Dry,Daylight
2024-02-15T10:59:00.000,I 75,I 75 and Northside Dr,,Angle Crash,2,Clear,Dry,Daylight
2024-03-21T14:05:00.000,I 75,I 75 and Northside Dr,,Sideswipe-Same Direction,2,Clear,Dry,Daylight
2024-09-03T09:56:00.000,I 75,I 75 and Northside Dr,,Rear End,2,Cloudy,Dry,Daylight
2024-11-07T18:20:00.000,I 75,I 75 and Northside Dr,,Sideswipe-Same Direction,2,Cloudy,Dry,Dark-Lighted
2024-05-24T13:00:00.000,I 75,I 75 and Northside Dr,,Angle Crash,2,Rain,Wet,Daylight
2024-01-18T17:00:00.000,I 75,I 75 and Northside Dr,,Rear End,2,Clear,Dry,Daylight
2024-12-03T08:48:00.000,I 75,I 75 and Northside Dr,,Sideswipe-Same Direction,2,Clear,Dry,Daylight
2024-05-09T09:44:00.000,I 75,I 75 and Northside Dr,,Sideswipe-Same Direction,2,Rain,Wet,Daylight
2024-05-21T17:11:00.000,I 75,I 75 and Northside Dr,,Rear End,2,Clear,Dry,Daylight
2024-07-29T08:10:00.000,I 75,I 75 and Northside Dr,,Sideswipe-Same Direction,2,Cloudy,Wet,Daylight
2024-11-07T08:02:00.000,I 75,I 75 and Northside Dr,,Rear End,2,Cloudy,Dry,Daylight
2024-03-22T14:55:00.000,I 75,I 75 and Northside Dr,,Rear End,2,Rain,Wet,Daylight
2024-11-13T16:40:00.000,I 75,I 75 and Northside Dr,,Sideswipe-Same Direction,2,Cloudy,Dry,Daylight
2024-05-10T12:35:00.000,I 75,I 75 and Northside Dr,,Rear End,3,Clear,Dry,Daylight
2024-10-10T11:40:00.000,I 75,I 75 and Northside Dr,,Rear End,3,Clear,Dry,Daylight
2024-03-05T07:59:00.000,I 75,I 75 and Northside Dr,,Sideswipe-Same Direction,2,Clear,Dry,Daylight
2024-11-15T19:49:00.000,I 75,I 75 and Northside Dr,,Rear End,4,Clear,Dry,Dark-Not Lighted
2024-01-29T17:25:00.000,I 75,I 75 and Northside Dr,,Rear End,2,Clear,Dry,Daylight
2024-12-16T18:45:00.000,I 75,I 75 and Northside Dr,,Rear End,2,Clear,Dry,Dark-Lighted
2024-09-09T18:28:00.000,I 75,I 75 and Northside Dr,,Rear End,2,Cloudy,Dry,Daylight
2024-04-16T17:50:00.000,I 75,I 75 and Northside Dr,,Rear End,2,Clear,Dry,Daylight
2024-06-06T15:50:00.000,I 75,I 75 and Northside Dr,,Rear End,3,Clear,Dry,Daylight
2024-08-12T13:50:00.000,I 75,I 75 and Northside Dr,,Sideswipe-Same Direction,2,Clear,Dry,Daylight
2024-02-19T16:55:00.000,I 75,I 75 and Northside Dr,,Sideswipe-Same Direction,2,Clear,Dry,Daylight
2024-03-26T16:55:00.000,I 75,I 75 and Northside Dr,,Rear End,2,Rain,Wet,Daylight
2022-11-10T16:45:00.000,I 75,I 75 and Northside Ave,,Rear End,2,Cloudy,Wet,Daylight
2022-10-25T16:26:00.000,I 75,I 75 and Northside Ave,,Not a Collision with Motor Vehicle,1,Cloudy,Dry,Daylight
2023-05-19T12:20:00.000,I 75,I 75 and Northside,,Sideswipe-Same Direction,2,Cloudy,Dry,Daylight
2023-04-20T13:40:00.000,I 75,I 75 and Northside,,Rear End,2,Clear,Dry,Daylight
2020-02-04T07:07:00.000,I 75,I 75 and Northside,,Rear End,2,Cloudy,Wet,Daylight
2020-03-02T16:00:00.000,I 75,I 75 and Northside,,Sideswipe-Same Direction,2,Rain,Wet,Daylight
2020-02-11T18:59:00.000,I 75,I 75 and Northside,,Rear End,4,Rain,Wet,Dark-Lighted
2020-01-27T08:50:00.000,I 75,I 75 and Northside,,Sideswipe-Same Direction,3,Cloudy,Dry,Daylight
2020-02-07T17:27:00.000,I 75,I 75 and Northside,,Rear End,2,Clear,Dry,Daylight
2022-03-07T07:20:00.000,I 75,I 75 and Northside,,Rear End,2,Clear,Dry,Daylight
2023-09-11T07:30:00.000,I 75,I 75 and Northside,,Rear End,3,Clear,Dry,Daylight
2024-04-30T17:30:00.000,I 75,I 75 and Northside,,Rear End,3,Clear,Dry,Daylight
2024-05-30T17:06:00.000,I 75,I 75 and Northe Ave,,Rear End,2,Clear,Dry,Daylight
2022-06-15T14:35:00.000,I 75,I 75 and No Intersection,,Rear End,3,Clear,Dry,Daylight
2021-04-28T11:56:00.000,I 75,I 75 and Nmarietta Pkwy,,Sideswipe-Same Direction,2,Cloudy,Dry,Daylight
2021-06-15T15:52:00.000,I 75,I 75 and Nmarietta Pkwy,,Not a Collision with Motor Vehicle,2,Clear,Dry,Daylight
2021-03-26T17:02:00.000,I 75,I 75 and Nmarietta Pkwy,,Rear End,2,Clear,Dry,Daylight
2021-04-08T16:11:00.000,I 75,I 75 and Nmarietta Pkwy,,Rear End,2,Clear,Dry,Daylight
2021-01-13T11:19:00.000,I 75,I 75 and Nmarietta Pkwy,,Rear End,2,Clear,Dry,Daylight
2020-05-27T08:28:00.000,I 75,I 75 and Nmarietta Pkwy,,Sideswipe-Same Direction,2,Cloudy,Dry,Daylight
2020-08-27T16:08:00.000,I 75,I 75 and Nmarietta Pkwy,,Rear End,2,Clear,Dry,Daylight
2020-07-28T15:44:00.000,I 75,I 75 and Nmarietta Pkwy,,Not a Collision with Motor Vehicle,1,Cloudy,Dry,Daylight
2020-09-09T17:15:00.000,I 75,I 75 and Nmarietta Pkwy,,Rear End,2,Clear,Dry,Daylight
2020-08-28T19:02:00.000,I 75,I 75 and Nmarietta Pkwy,,Sideswipe-Same Direction,4,Cloudy,Dry,Daylight
2020-07-29T14:40:00.000,I 75,I 75 and Nmarietta Pkwy,,Rear End,2,Rain,Wet,Daylight
2020-12-14T15:22:00.000,I 75,I 75 and Nmarietta Pkwy,,Sideswipe-Same Direction,2,Clear,Dry,Daylight
2021-06-22T09:21:00.000,I 75,I 75 and Nmarietta Pkwy,,Rear End,2,Rain,Wet,Daylight
2021-04-15T08:08:00.000,I 75,I 75 and Nmarietta Pkwy,,Sideswipe-Same Direction,2,Cloudy,Dry,Daylight
2021-08-31T08:02:00.000,I 75,I 75 and Nmarietta Pkwy,,Rear End,2,Cloudy,Dry,Daylight
2021-09-09T10:32:00.000,I 75,I 75 and Nmarietta Pkwy,,Sideswipe-Same Direction,2,Clear,Dry,Daylight
2021-08-26T14:10:00.000,I 75,I 75 and Nmarietta Pkwy,,Rear End,3,Clear,Dry,Daylight
2021-07-23T13:25:00.000,I 75,I 75 and Nmarietta Pkwy,,Rear End,2,Cloudy,Dry,Daylight
2024-05-21T13:17:00.000,I 75,I 75 and Newtown Rd,,Sideswipe-Same Direction,2,Clear,Dry,Daylight
2024-09-10T06:55:00.000,I 75,I 75 and Newberg Ave,,Sideswipe-Same Direction,2,Clear,Dry,Daylight
2024-04-09T09:29:00.000,I 75,I 75 and New Hope Rd,,Angle Crash,2,Rain,Wet,Daylight
2020-06-09T12:14:00.000,I 75,I 75 and Near Windy Hill Rd,,Rear End,2,Cloudy,Dry,Daylight
2020-01-06T17:11:00.000,I 75,I 75 and Near Windy Hill Rd,,Rear End,3,Cloudy,Dry,Daylight
2020-01-31T07:21:00.000,I 75,I 75 and Near Windy Hill Rd,,Sideswipe-Same Direction,1,Rain,Wet,Dark-Not Lighted
2023-06-23T06:09:00.000,I 75,I 75 and Near Windy Hill Rd,,Sideswipe-Same Direction,2,Cloudy,Dry,Daylight
2023-06-19T10:57:00.000,I 75,I 75 and Near Wade Green Rd,,Sideswipe-Same Direction,2,Cloudy,Dry,Daylight
2020-01-31T07:39:00.000,I 75,I 75 and Near N Marietta Pkwy,,Rear End,1,Cloudy,Wet,Daylight
2024-07-31T18:20:00.000,I 75,I 75 and Near Mm249,,Sideswipe-Same Direction,2,Clear,Dry,Daylight
2023-07-07T14:30:00.000,I 75,I 75 and Near Mm 288,,Sideswipe-Same Direction,2,Clear,Dry,Daylight
2020-06-11T12:12:00.000,I 75,I 75 and Near Mm 269,,Sideswipe-Same Direction,2,Clear,Dry,Daylight
2020-06-11T13:06:00.000,I 75,I 75 and Near Mm 269,,Sideswipe-Same Direction,2,Clear,Dry,Daylight
2020-06-10T11:06:00.000,I 75,I 75 and Near Mm 263,,Not a Collision with Motor Vehicle,1,Cloudy,Dry,Daylight
2020-06-10T13:10:00.000,I 75,I 75 and Near Mm 260,,Rear End,2,Clear,Dry,Daylight
2021-10-27T18:40:00.000,I 75,I 75 and Near Mile Marker 264,,Sideswipe-Same Direction,2,Clear,Dry,Dusk
2020-01-07T08:31:00.000,I 75,I 75 and Near Mile Marker 253,,Rear End,3,Cloudy,Wet,Daylight
2024-12-26T15:03:00.000,I 75,I 75 and Near Mile Mark 227,,Rear End,2,Clear,Dry,Daylight
2022-11-21T15:53:00.000,I 75,I 75 and Near Marietta Pkwy,,Rear End,2,Clear,Dry,Daylight
2023-06-12T14:08:00.000,I 75,I 75 and Near Delk Rd,,Sideswipe-Same Direction,2,Cloudy,Dry,Daylight
2020-02-20T15:24:00.000,I 75,I 75 and Near Chastain Rd,,Sideswipe-Same Direction,2,Rain,Wet,Daylight
2022-12-30T08:49:00.000,I 75,I 75 and Near Chastain Rd,,Sideswipe-Same Direction,2,Cloudy,Dry,Daylight
2022-04-18T14:21:00.000,I 75,I 75 and Napier Ave,,Sideswipe-Same Direction,3,Clear,Dry,Daylight
2021-06-20T02:55:00.000,I 75,I 75 and Nance Springs Rd,,Sideswipe-Same Direction,2,Rain,Wet,Dark-Not Lighted
2020-07-13T17:19:00.000,I 75,I 75 and Nance Springs Rd,,Sideswipe-Same Direction,2,Clear,Dry,Daylight
2021-05-04T22:35:00.000,I 75,I 75 and Nance Springs Rd,,Not a Collision with Motor Vehicle,1,Clear,Wet,Dark-Not Lighted
2021-12-09T11:08:00.000,I 75,I 75 and N.Marietta Pkwy,,Sideswipe-Same Direction,2,Cloudy,Dry,Daylight
2021-11-08T13:09:00.000,I 75,I 75 and N.Marietta Pkwy,,Sideswipe-Same Direction,2,Clear,Dry,Daylight
2021-11-08T14:18:00.000,I 75,I 75 and N.Marietta Pkwy,,Rear End,3,Clear,Dry,Daylight
2021-12-16T18:20:00.000,I 75,I 75 and N.Marietta Pkwy,,Rear End,3,Cloudy,Dry,Dark-Not Lighted
2021-11-05T15:35:00.000,I 75,I 75 and N.Marietta Pkwy,,Rear End,3,Clear,Dry,Daylight
2021-11-30T15:25:00.000,I 75,I 75 and N.Marietta Pkwy,,Sideswipe-Same Direction,2,Clear,Dry,Daylight