Date and Time,Roadway (From Crash Report),Intersection Name (from Crash Report),KABCO Severity,Manner of Collision (Crash Level) ,# of Vehicles per crash ,Weather Conditions (Crash Level),Surface Condition (Crash Level) ,Light Conditions (Crash Level)
2022-03-14T08:50:00.000,I 75,I 75 and N.Marietta Pkwy,,Sideswipe-Same Direction,2,Clear,Dry,Daylight
2022-03-08T18:40:00.000,I 75,I 75 and N.Marietta Pkwy,,Rear End,3,Rain,Wet,Dark-Not Lighted
2022-04-25T07:10:00.000,I 75,I 75 and N.Marietta Pkwy,,Rear End,2,Clear,Dry,Daylight
2023-10-18T07:03:00.000,I 75,I 75 and N. Varnell Rd,,Rear End,2,Clear,Dry,Dusk
2022-04-01T17:44:00.000,I 75,I 75 and N. Varnell Rd,,Sideswipe-Same Direction,2,Clear,Dry,Daylight
2023-12-19T09:15:00.000,I 75,I 75 and N. Valdosta Rd,,Rear End,2,Clear,Dry,Daylight
2023-09-19T17:15:00.000,I 75,I 75 and N. Valdosta Rd,,Rear End,2,Clear,Dry,Daylight
2024-04-25T09:28:00.000,I 75,I 75 and N. Valdosta Rd,,Rear End,1,Cloudy,Dry,Daylight
2024-11-06T22:20:00.000,I 75,I 75 and N. Valdosta Rd,,Sideswipe-Same Direction,2,Rain,Wet,Dark-Not Lighted
2024-11-03T05:30:00.000,I 75,I 75 and N. Valdosta Rd,,Sideswipe-Same Direction,2,Clear,Dry,Dark-Lighted
2021-10-28T20:00:00.000,I 75,I 75 and N. Of University Ave,,Rear End,2,Cloudy,Dry,Dark-Not Lighted
2021-11-11T19:00:00.000,I 75,I 75 and N. Of University Ave,,Sideswipe-Same Direction,2,Rain,Wet,Dark-Not Lighted
2023-12-23T13:04:00.000,I 75,I 75 and N. Mcdonough Rd,,Rear End,2,Clear,Dry,Daylight
2023-08-21T14:30:00.000,I 75,I 75 and N. Marietta Pkwy,,Rear End,2,Clear,Dry,Daylight
2023-07-27T14:05:00.000,I 75,I 75 and N. Marietta Pkwy,,Rear End,2,Clear,Dry,Daylight
2023-10-16T13:04:00.000,I 75,I 75 and N. Marietta Pkwy,,Rear End,2,Clear,Dry,Daylight
2023-05-11T06:36:00.000,I 75,I 75 and N. Marietta Pkwy,,Rear End,2,Clear,Dry,Daylight
2023-06-02T13:56:00.000,I 75,I 75 and N. Marietta Pkwy,,Rear End,2,Clear,Dry,Daylight
2022-11-17T13:45:00.000,I 75,I 75 and N. Marietta Pkwy,,Rear End,2,Clear,Dry,Daylight
2021-12-02T18:19:00.000,I 75,I 75 and N. Marietta Pkwy,,Rear End,2,Clear,Dry,Dark-Not Lighted
2021-10-17T04:17:00.000,I 75,I 75 and N. Marietta Pkwy,,Sideswipe-Same Direction,2,Clear,Dry,Dark-Not Lighted
2021-10-22T10:30:00.000,I 75,I 75 and N. Marietta Pkwy,,Rear End,2,Clear,Dry,Daylight
2022-12-05T09:00:00.000,I 75,I 75 and N. Marietta Pkwy,,Rear End,3,Rain,Wet,Daylight
2022-09-18T11:42:00.000,I 75,I 75 and N. Marietta Pkwy,,Rear End,2,Cloudy,Dry,Daylight
2022-06-16T13:10:00.000,I 75,I 75 and N. Marietta Pkwy,,Rear End,2,Clear,Dry,Daylight
2022-11-03T17:10:00.000,I 75,I 75 and N. Marietta Pkwy,,Sideswipe-Same Direction,2,Clear,Dry,Daylight
2022-11-03T17:50:00.000,I 75,I 75 and N. Marietta Pkwy,,Sideswipe-Same Direction,2,Clear,Dry,Daylight
2022-01-15T05:40:00.000,I 75,I 75 and N. Marietta Pkwy,,Not a Collision with Motor Vehicle,1,Clear,Dry,Dark-Not Lighted
2022-03-14T10:15:00.000,I 75,I 75 and N. Marietta Pkwy,,Not a Collision with Motor Vehicle,2,Clear,Dry,Daylight
2022-10-14T13:45:00.000,I 75,I 75 and N. Marietta Pkwy,,Rear End,2,Clear,Dry,Daylight
2022-02-28T16:39:00.000,I 75,I 75 and N. Marietta Pkwy,,Rear End,2,Clear,Dry,Daylight
2022-11-23T11:45:00.000,I 75,I 75 and N. Marietta Pkwy,,Sideswipe-Same Direction,2,Cloudy,Dry,Daylight
2022-09-09T16:15:00.000,I 75,I 75 and N. Marietta Pkwy,,Sideswipe-Same Direction,2,Cloudy,Dry,Daylight
2022-10-18T18:00:00.000,I 75,I 75 and N. Marietta Pkwy,,Sideswipe-Same Direction,2,Clear,Dry,Daylight
2022-06-16T13:25:00.000,I 75,I 75 and N. Marietta Pkwy,,Rear End,2,Clear,Dry,Daylight
2022-11-04T15:40:00.000,I 75,I 75 and N. Marietta Pkwy,,Rear End,2,Clear,Dry,Daylight
2022-12-16T15:00:00.000,I 75,I 75 and N. Marietta Pkwy,,Sideswipe-Same Direction,2,Clear,Dry,Daylight
2023-12-07T14:10:00.000,I 75,I 75 and N. Marietta Pkwy,,Sideswipe-Same Direction,2,Clear,Dry,Daylight
2024-07-11T12:55:00.000,I 75,I 75 and N. Marietta Pkwy,,Rear End,2,Clear,Dry,Daylight
2024-08-05T17:59:00.000,I 75,I 75 and N. Marietta Pkwy,,Angle Crash,2,Clear,Dry,Daylight
2024-02-01T16:15:00.000,I 75,I 75 and N. Marietta Pkwy,,Rear End,3,Clear,Dry,Daylight
2024-09-30T16:05:00.000,I 75,I 75 and N. Marietta Pkwy,,Sideswipe-Same Direction,2,Cloudy,Dry,Daylight
2023-06-27T09:08:00.000,I 75,I 75 and N. Marietta Pkwy,,Rear End,2,Clear,Dry,Daylight
2023-01-10T16:30:00.000,I 75,I 75 and N. Marietta Pkwy,,Rear End,2,Clear,Dry,Daylight
2023-06-21T08:13:00.000,I 75,I 75 and N. Marietta Pkwy,,Rear End,2,Cloudy,Wet,Daylight
2023-06-21T17:27:00.000,I 75,I 75 and N. Marietta Pkwy,,Rear End,3,Rain,Wet,Daylight
2023-07-13T07:30:00.000,I 75,I 75 and N. Marietta Pkwy,,Sideswipe-Same Direction,2,Clear,Dry,Daylight
2023-08-18T11:00:00.000,I 75,I 75 and N. Marietta Pkwy,,Rear End,3,Clear,Dry,Daylight
2023-07-31T12:33:00.000,I 75,I 75 and N. Marietta Pkwy,,Sideswipe-Same Direction,2,Clear,Dry,Daylight
2023-06-03T15:56:00.000,I 75,I 75 and N. Marietta Pkwy,,Angle Crash,2,Clear,Dry,Daylight
2024-04-30T11:23:00.000,I 75,I 75 and N. Marietta Pkwy,,Sideswipe-Same Direction,2,Rain,Wet,Daylight
2024-03-09T12:49:00.000,I 75,I 75 and N. Marietta Pkwy,,Rear End,2,Rain,Wet,Daylight
2024-09-12T14:45:00.000,I 75,I 75 and N. Marietta Pkwy,,Rear End,3,Cloudy,Dry,Daylight
2024-05-03T18:02:00.000,I 75,I 75 and N. Marietta Pkwy,,Rear End,2,Cloudy,Dry,Daylight
2024-09-10T16:57:00.000,I 75,I 75 and N. Marietta Pkwy,,Rear End,2,Clear,Dry,Daylight
2024-07-08T13:19:00.000,I 75,I 75 and N. Marietta Pkwy,,Sideswipe-Same Direction,2,Clear,Dry,Daylight
2024-07-08T18:30:00.000,I 75,I 75 and N. Marietta Pkwy,,Rear End,2,Clear,Dry,Daylight
2024-04-18T18:43:00.000,I 75,I 75 and N. Marietta Pkwy,,Rear End,2,Clear,Dry,Daylight
2024-07-12T13:45:00.000,I 75,I 75 and N. Marietta Pkwy,,Rear End,2,Clear,Dry,Daylight
2024-04-19T15:30:00.000,I 75,I 75 and N. Marietta Pkwy,,Rear End,2,Clear,Dry,Daylight
2022-03-08T21:30:00.000,I 75,I 75 and N. Marietta Exit,,Sideswipe-Same Direction,2,Clear,Dry,Dark-Not Lighted
2022-01-20T13:19:00.000,I 75,I 75 and N. Ave,,Rear End,2,Rain,Wet,Daylight
2021-10-08T20:50:00.000,I 75,I 75 and N Varnell Rd,,Rear End,2,Clear,Dry,Dark-Not Lighted
2020-02-20T17:45:00.000,I 75,I 75 and N Varnell Rd,,(None),2,(None),(None),(None)
2021-08-10T17:26:00.000,I 75,I 75 and N Varnell,,Rear End,2,Clear,Dry,Daylight
2023-12-10T16:07:00.000,I 75,I 75 and N Valdosta Road Exit 22,,Sideswipe-Same Direction,2,Rain,Wet,Daylight
2021-03-02T16:40:00.000,I 75,I 75 and N Valdosta Rd,,Rear End,2,Rain,Wet,Daylight
2021-09-22T17:13:00.000,I 75,I 75 and N Valdosta Rd,,Rear End,2,Cloudy,Wet,Daylight
2021-12-01T16:17:00.000,I 75,I 75 and N Valdosta Rd,,Rear End,2,Clear,Dry,Daylight
2021-02-04T03:15:00.000,I 75,I 75 and N Valdosta Rd,,Rear End,2,Clear,Dry,Dark-Not Lighted
2021-09-13T07:36:00.000,I 75,I 75 and N Valdosta Rd,,Angle Crash,2,Clear,Dry,Daylight
2021-03-24T08:00:00.000,I 75,I 75 and N Valdosta Rd,,Rear End,2,Cloudy,Dry,Daylight
2021-04-10T15:42:00.000,I 75,I 75 and N Valdosta Rd,,Rear End,2,Clear,Dry,Daylight
2021-03-16T14:30:00.000,I 75,I 75 and N Valdosta Rd,,Angle Crash,2,Clear,Dry,Daylight
2021-08-18T13:33:00.000,I 75,I 75 and N Valdosta Rd,,Not a Collision with Motor Vehicle,1,Clear,Dry,Daylight
2021-08-03T08:25:00.000,I 75,I 75 and N Valdosta Rd,,Rear End,2,Cloudy,Dry,Daylight
2021-12-02T16:45:00.000,I 75,I 75 and N Valdosta Rd,,Rear End,2,Clear,Dry,Daylight
2021-07-05T13:10:00.000,I 75,I 75 and N Valdosta Rd,,Rear End,2,Clear,Dry,Daylight
2023-05-05T17:00:00.000,I 75,I 75 and N Valdosta Rd,,Rear End,2,Cloudy,Dry,Daylight
2023-04-02T09:51:00.000,I 75,I 75 and N Valdosta Rd,,Rear End,2,Cloudy,Dry,Daylight
2023-10-11T07:00:00.000,I 75,I 75 and N Valdosta Rd,,Rear End,2,Clear,Dry,Daylight
2023-01-03T13:10:00.000,I 75,I 75 and N Valdosta Rd,,Not a Collision with Motor Vehicle,2,Clear,Dry,Daylight
2023-11-26T18:26:00.000,I 75,I 75 and N Valdosta Rd,,Rear End,2,Clear,Wet,Daylight
2023-11-26T21:42:00.000,I 75,I 75 and N Valdosta Rd,,Sideswipe-Same Direction,2,Clear,Wet,Dark-Lighted
2023-08-07T17:00:00.000,I 75,I 75 and N Valdosta Rd,,Rear End,2,Clear,Dry,Daylight
2023-12-02T13:10:00.000,I 75,I 75 and N Valdosta Rd,,Not a Collision with Motor Vehicle,1,Rain,Wet,Daylight
2023-10-11T17:38:00.000,I 75,I 75 and N Valdosta Rd,,Rear End,2,Cloudy,Dry,Daylight
2023-05-12T18:30:00.000,I 75,I 75 and N Valdosta Rd,,Rear End,2,Rain,Wet,Daylight
2023-05-01T15:00:00.000,I 75,I 75 and N Valdosta Rd,,Rear End,2,Clear,Dry,Daylight
2023-06-23T17:30:00.000,I 75,I 75 and N Valdosta Rd,,Not a Collision with Motor Vehicle,1,Rain,Wet,Daylight
2023-10-24T16:05:00.000,I 75,I 75 and N Valdosta Rd,,Rear End,2,Clear,Dry,Daylight
2023-10-24T16:00:00.000,I 75,I 75 and N Valdosta Rd,,Rear End,2,Clear,Dry,Daylight
2022-01-12T07:52:00.000,I 75,I 75 and N Valdosta Rd,,Rear End,2,Clear,Dry,Daylight
2020-10-27T16:55:00.000,I 75,I 75 and N Valdosta Rd,,Not a Collision with Motor Vehicle,1,Cloudy,Dry,Daylight
2020-02-27T17:15:00.000,I 75,I 75 and N Valdosta Rd,,Angle Crash,2,Clear,Dry,Daylight
2020-04-12T01:23:00.000,I 75,I 75 and N Valdosta Rd,,Rear End,1,Clear,Dry,Dark-Not Lighted
2020-09-28T15:55:00.000,I 75,I 75 and N Valdosta Rd,,Rear End,2,Rain,Wet,Daylight
2020-09-19T20:01:00.000,I 75,I 75 and N Valdosta Rd,,Rear End,2,Cloudy,Dry,Dark-Not Lighted
2020-07-28T07:43:00.000,I 75,I 75 and N Valdosta Rd,,Not a Collision with Motor Vehicle,1,Cloudy,Dry,Daylight
2020-12-18T12:41:00.000,I 75,I 75 and N Valdosta Rd,,Rear End,2,Clear,Dry,Daylight
2020-10-30T17:52:00.000,I 75,I 75 and N Valdosta Rd,,Rear End,2,Clear,Dry,Daylight
2020-10-10T14:26:00.000,I 75,I 75 and N Valdosta Rd,,Rear End,2,Clear,Dry,Daylight
2020-12-16T21:43:00.000,I 75,I 75 and N Valdosta Rd,,Not a Collision with Motor Vehicle,1,Cloudy,Wet,Dark-Not Lighted
2020-09-18T12:14:00.000,I 75,I 75 and N Valdosta Rd,,Rear End,2,Clear,Dry,Daylight
2020-03-24T07:55:00.000,I 75,I 75 and N Valdosta Rd,,Rear End,2,Clear,Dry,Daylight
2020-09-20T17:40:00.000,I 75,I 75 and N Valdosta Rd,,Rear End,2,Clear,Dry,Daylight
2020-05-15T15:55:00.000,I 75,I 75 and N Valdosta Rd,,Rear End,2,Clear,Dry,Daylight
2021-06-30T07:55:00.000,I 75,I 75 and N Valdosta Rd,,Rear End,2,Cloudy,Dry,Daylight
2021-02-15T15:56:00.000,I 75,I 75 and N Valdosta Rd,,Angle Crash,2,Rain,Wet,Daylight
2021-06-14T18:51:00.000,I 75,I 75 and N Valdosta Rd,,Rear End,2,Clear,Dry,Daylight
2021-03-21T15:19:00.000,I 75,I 75 and N Valdosta Rd,,Rear End,2,Clear,Dry,Daylight
2021-03-16T19:08:00.000,I 75,I 75 and N Valdosta Rd,,Sideswipe-Same Direction,2,Clear,Dry,Daylight
2021-04-17T21:07:00.000,I 75,I 75 and N Valdosta Rd,,Angle Crash,2,Rain,Wet,Dark-Not Lighted
2021-02-09T07:29:00.000,I 75,I 75 and N Valdosta Rd,,Rear End,2,Cloudy,Wet,Daylight
2021-09-01T18:30:00.000,I 75,I 75 and N Valdosta Rd,,Not a Collision with Motor Vehicle,1,Clear,Dry,Daylight
2021-11-22T06:29:00.000,I 75,I 75 and N Valdosta Rd,,Rear End,2,Clear,Dry,Dark-Lighted
2021-09-19T21:39:00.000,I 75,I 75 and N Valdosta Rd,,Not a Collision with Motor Vehicle,2,Rain,Wet,Dark-Not Lighted
2022-08-12T12:47:00.000,I 75,I 75 and N Valdosta Rd,,Not a Collision with Motor Vehicle,1,Cloudy,Dry,Daylight
2022-09-29T18:25:00.000,I 75,I 75 and N Valdosta Rd,,Not a Collision with Motor Vehicle,1,Clear,Dry,Dusk
2021-08-30T16:51:00.000,I 75,I 75 and N Valdosta Rd,,Rear End,2,Cloudy,Dry,Daylight
2022-11-07T07:45:00.000,I 75,I 75 and N Valdosta Rd,,Rear End,2,Clear,Dry,Daylight
2022-08-24T08:36:00.000,I 75,I 75 and N Valdosta Rd,,Rear End,2,Clear,Dry,Daylight
2022-11-16T08:13:00.000,I 75,I 75 and N Valdosta Rd,,Not a Collision with Motor Vehicle,1,Clear,Dry,Daylight
2022-04-29T00:00:00.000,I 75,I 75 and N Valdosta Rd,,Not a Collision with Motor Vehicle,1,Cloudy,Dry,Daylight
2022-03-20T03:25:00.000,I 75,I 75 and N Valdosta Rd,,Not a Collision with Motor Vehicle,1,Clear,Wet,Dark-Lighted
2021-11-19T08:55:00.000,I 75,I 75 and N Valdosta Rd,,Not a Collision with Motor Vehicle,1,Cloudy,Dry,Daylight
2022-01-10T14:35:00.000,I 75,I 75 and N Valdosta Rd,,Rear End,2,Cloudy,Dry,Daylight
2022-04-05T23:30:00.000,I 75,I 75 and N Valdosta Rd,,Not a Collision with Motor Vehicle,1,Clear,Wet,Dark-Not Lighted
2022-06-04T05:01:00.000,I 75,I 75 and N Valdosta Rd,,Not a Collision with Motor Vehicle,2,Clear,Dry,Dark-Lighted
2022-10-05T10:20:00.000,I 75,I 75 and N Valdosta Rd,,Not a Collision with Motor Vehicle,1,Clear,Dry,Daylight
2022-10-13T16:39:00.000,I 75,I 75 and N Valdosta Rd,,Rear End,2,Cloudy,Dry,Daylight
2022-07-18T11:05:00.000,I 75,I 75 and N Valdosta Rd,,Not a Collision with Motor Vehicle,1,Rain,Wet,Daylight
2022-10-06T16:35:00.000,I 75,I 75 and N Valdosta Rd,,Rear End,2,Clear,Dry,Daylight
2022-06-06T16:10:00.000,I 75,I 75 and N Valdosta Rd,,Rear End,2,Cloudy,Dry,Daylight
2022-11-12T15:35:00.000,I 75,I 75 and N Valdosta Rd,,Rear End,2,Clear,Dry,Daylight
2022-09-27T15:37:00.000,I 75,I 75 and N Valdosta Rd,,Rear End,2,Cloudy,Dry,Daylight
2022-10-16T11:50:00.000,I 75,I 75 and N Valdosta Rd,,Rear End,2,Clear,Dry,Daylight
2022-12-09T18:54:00.000,I 75,I 75 and N Valdosta Rd,,Rear End,2,Clear,Dry,Dark-Lighted
2022-09-11T13:45:00.000,I 75,I 75 and N Valdosta Rd,,Not a Collision with Motor Vehicle,1,Rain,Wet,Daylight
2022-07-07T19:06:00.000,I 75,I 75 and N Valdosta Rd,,Not a Collision with Motor Vehicle,1,Clear,Dry,Daylight
2022-04-24T00:05:00.000,I 75,I 75 and N Valdosta Rd,,Not a Collision with Motor Vehicle,1,Clear,Dry,Dark-Lighted
2022-12-09T15:05:00.000,I 75,I 75 and N Valdosta Rd,,Rear End,2,Clear,Dry,Daylight
2022-09-10T04:55:00.000,I 75,I 75 and N Valdosta Rd,,Not a Collision with Motor Vehicle,1,Rain,Wet,Dark-Not Lighted
2022-02-08T11:40:00.000,I 75,I 75 and N Valdosta Rd,,Rear End,2,Clear,Dry,Daylight
2022-09-02T05:31:00.000,I 75,I 75 and N Valdosta Rd,,Rear End,2,Clear,Dry,Dawn
2022-08-20T08:40:00.000,I 75,I 75 and N Valdosta Rd,,Rear End,2,Clear,Dry,Daylight
2022-08-18T15:34:00.000,I 75,I 75 and N Valdosta Rd,,Rear End,2,Clear,Dry,Daylight
2022-11-10T18:30:00.000,I 75,I 75 and N Valdosta Rd,,Rear End,2,Rain,Wet,Dawn
2022-02-28T10:42:00.000,I 75,I 75 and N Valdosta Rd,,Rear End,2,Cloudy,Dry,Daylight
2022-02-16T09:30:00.000,I 75,I 75 and N Valdosta Rd,,Not a Collision with Motor Vehicle,1,Clear,Dry,Daylight
2022-11-07T18:03:00.000,I 75,I 75 and N Valdosta Rd,,Sideswipe-Same Direction,2,Clear,Dry,Dusk
2022-01-18T17:35:00.000,I 75,I 75 and N Valdosta Rd,,Rear End,2,Clear,Dry,Daylight
2022-09-16T15:15:00.000,I 75,I 75 and N Valdosta Rd,,Head On,2,Cloudy,Dry,Daylight
2024-09-27T17:20:00.000,I 75,I 75 and N Valdosta Rd,,Rear End,2,Clear,Dry,Daylight
2024-10-15T16:17:00.000,I 75,I 75 and N Valdosta Rd,,Rear End,2,Clear,Dry,Daylight
2024-03-10T18:20:00.000,I 75,I 75 and N Valdosta Rd,,Angle Crash,2,Clear,Dry,Daylight
2024-11-19T07:21:00.000,I 75,I 75 and N Valdosta Rd,,Not a Collision with Motor Vehicle,1,Clear,Dry,Daylight
2024-03-26T17:30:00.000,I 75,I 75 and N Valdosta Rd,,Rear End,2,Cloudy,Dry,Daylight
2024-07-02T20:15:00.000,I 75,I 75 and N Valdosta Rd,,Not a Collision with Motor Vehicle,1,Rain,Wet,Daylight
2024-12-03T09:50:00.000,I 75,I 75 and N Valdosta Rd,,Rear End,2,Clear,Dry,Daylight
2024-09-01T15:35:00.000,I 75,I 75 and N Valdosta Rd,,Rear End,2,Clear,Dry,Daylight
2024-12-29T12:30:00.000,I 75,I 75 and N Valdosta Rd,,Rear End,2,Cloudy,Wet,Daylight
2023-06-22T09:23:00.000,I 75,I 75 and N Valdosta Rd,,Not a Collision with Motor Vehicle,1,Rain,Wet,Daylight
2023-02-07T17:30:00.000,I 75,I 75 and N Valdosta Rd,,Sideswipe-Same Direction,2,Clear,Dry,Daylight
2023-12-14T18:25:00.000,I 75,I 75 and N Valdosta Rd,,Rear End,2,Clear,Dry,Dark-Lighted
2023-11-01T18:05:00.000,I 75,I 75 and N Valdosta Rd,,Rear End,2,Clear,Dry,Daylight
2023-06-11T15:40:00.000,I 75,I 75 and N Valdosta Rd,,Rear End,2,Clear,Dry,Daylight
2023-05-15T13:05:00.000,I 75,I 75 and N Valdosta Rd,,Rear End,2,Clear,Dry,Daylight
2023-08-05T17:28:00.000,I 75,I 75 and N Valdosta Rd,,Rear End,2,Clear,Dry,Daylight
2023-05-09T09:40:00.000,I 75,I 75 and N Valdosta Rd,,Rear End,2,Clear,Dry,Daylight
2023-05-01T08:10:00.000,I 75,I 75 and N Valdosta Rd,,Not a Collision with Motor Vehicle,1,Clear,Dry,Daylight
2023-04-24T15:25:00.000,I 75,I 75 and N Valdosta Rd,,Rear End,2,Cloudy,Dry,Daylight
2023-12-12T16:56:00.000,I 75,I 75 and N Valdosta Rd,,Rear End,2,Cloudy,Dry,Daylight
2023-10-05T07:40:00.000,I 75,I 75 and N Valdosta Rd,,Rear End,2,Clear,Dry,Daylight
2024-04-04T20:00:00.000,I 75,I 75 and N Valdosta Rd,,Rear End,2,Clear,Dry,Dark-Not Lighted
2024-11-29T13:55:00.000,I 75,I 75 and N Valdosta Rd,,Rear End,2,Cloudy,Wet,Daylight
2024-12-18T18:09:00.000,I 75,I 75 and N Valdosta Rd,,Rear End,2,Clear,Dry,Dark-Lighted
2024-12-01T16:58:00.000,I 75,I 75 and N Valdosta Rd,,Rear End,4,Clear,Dry,Daylight
2024-04-17T10:05:00.000,I 75,I 75 and N Valdosta Rd,,Rear End,2,Clear,Dry,Daylight
2024-12-24T11:37:00.000,I 75,I 75 and N Valdosta Rd,,Sideswipe-Same Direction,2,Cloudy,Dry,Daylight
2024-05-30T21:47:00.000,I 75,I 75 and N Valdosta Rd,,Sideswipe-Same Direction,2,Clear,Dry,Dark-Not Lighted
2024-08-21T11:30:00.000,I 75,I 75 and N Valdosta Rd,,Rear End,2,Clear,Dry,Daylight
2024-03-14T17:39:00.000,I 75,I 75 and N Valdosta Rd,,Rear End,2,Clear,Dry,Daylight
2024-09-24T15:30:00.000,I 75,I 75 and N Valdosta Rd,,Rear End,2,Clear,Dry,Daylight
2024-09-30T13:55:00.000,I 75,I 75 and N Valdosta Rd,,Rear End,2,Clear,Dry,Daylight
2024-03-27T12:15:00.000,I 75,I 75 and N Valdosta Rd,,Rear End,2,Clear,Dry,Daylight
2024-01-11T19:30:00.000,I 75,I 75 and N Valdosta Rd,,Rear End,2,Clear,Dry,Dark-Not Lighted
2024-12-11T08:25:00.000,I 75,I 75 and N Valdosta Rd,,Rear End,2,Rain,Wet,Daylight
2024-10-17T08:02:00.000,I 75,I 75 and N Valdosta Rd,,Rear End,2,Clear,Dry,Daylight
2024-12-26T11:54:00.000,I 75,I 75 and N Valdosta Rd,,Sideswipe-Same Direction,2,Cloudy,Dry,Daylight
2024-08-09T06:58:00.000,I 75,I 75 and N Valdosta Rd,,Not a Collision with Motor Vehicle,1,Fog,Dry,Daylight
2024-11-06T21:10:00.000,I 75,I 75 and N Valdosta Rd,,Not a Collision with Motor Vehicle,1,Rain,Wet,Dark-Not Lighted
2024-11-11T15:24:00.000,I 75,I 75 and N Valdosta Rd,,Rear End,2,Clear,Dry,Daylight
2024-12-27T17:23:00.000,I 75,I 75 and N Valdosta Rd,,Rear End,2,Clear,Dry,Daylight
2024-10-03T09:15:00.000,I 75,I 75 and N Valdosta Rd,,Rear End,2,Clear,Dry,Daylight
2024-08-06T14:20:00.000,I 75,I 75 and N Valdosta Rd,,Sideswipe-Same Direction,2,Clear,Dry,Daylight
2024-07-30T07:45:00.000,I 75,I 75 and N Valdosta Rd,,Angle Crash,2,Clear,Dry,Daylight
2024-07-01T18:30:00.000,I 75,I 75 and N Valdosta Rd,,Not a Collision with Motor Vehicle,1,Rain,Wet,Daylight
2024-10-31T22:03:00.000,I 75,I 75 and N Valdosta Rd,,Sideswipe-Same Direction,2,Clear,Dry,Dark-Lighted
2024-10-28T10:19:00.000,I 75,I 75 and N Valdosta Rd,,Rear End,2,Clear,Dry,Daylight
2024-11-18T11:23:00.000,I 75,I 75 and N Valdosta Rd,,Not a Collision with Motor Vehicle,1,Clear,Dry,Daylight
2024-02-27T12:48:00.000,I 75,I 75 and N Valdosta Rd,,Rear End,2,Clear,Dry,Daylight
2024-12-31T11:16:00.000,I 75,I 75 and N Valdosta Rd,,Rear End,2,Clear,Dry,Daylight
2024-12-17T15:30:00.000,I 75,I 75 and N Valdosta Rd,,Sideswipe-Same Direction,2,Clear,Dry,Daylight
2024-09-25T15:29:00.000,I 75,I 75 and N Valdosta Rd,,Rear End,2,Cloudy,Dry,Daylight
2024-10-11T16:50:00.000,I 75,I 75 and N Valdosta Rd,,Rear End,2,Clear,Dry,Daylight
2024-11-27T11:50:00.000,I 75,I 75 and N Valdosta Rd,,Not a Collision with Motor Vehicle,1,Cloudy,Dry,Daylight
2024-09-05T12:40:00.000,I 75,I 75 and N Valdosta Rd,,Rear End,2,Clear,Dry,Daylight
2024-04-18T09:15:00.000,I 75,I 75 and N Valdosta Rd,,Rear End,2,Clear,Dry,Daylight
2021-05-25T14:38:00.000,I 75,I 75 and N Valdosta Raod,,Angle Crash,2,Clear,Dry,Daylight
2024-01-12T07:33:00.000,I 75,I 75 and N Valdosta  Road Sr7,,Not a Collision with Motor Vehicle,1,Clear,Dry,Daylight
2023-10-11T17:20:00.000,I 75,I 75 and N Valdoats Rd,,Rear End,2,Cloudy,Dry,Daylight
2021-03-27T19:06:00.000,I 75,I 75 and N St Augustine Rd,,Rear End,2,Clear,Dry,Daylight
2023-04-19T07:35:00.000,I 75,I 75 and N St Augustine Rd,,Angle Crash,2,Clear,Dry,Daylight
2020-07-29T07:30:00.000,I 75,I 75 and N St Augustine Rd,,Sideswipe-Same Direction,2,Cloudy,Dry,Daylight
2022-04-05T01:46:00.000,I 75,I 75 and N St Augustine Rd,,Not a Collision with Motor Vehicle,1,Clear,Dry,Dark-Lighted
2022-11-20T02:29:00.000,I 75,I 75 and N St Augustine Rd,,Not a Collision with Motor Vehicle,1,Rain,Wet,Dark-Lighted
2024-12-26T13:23:00.000,I 75,I 75 and N St Augustine Rd,,Sideswipe-Same Direction,2,Cloudy,Dry,Daylight
2023-10-12T14:04:00.000,I 75,I 75 and N St Augustine Rd,,Rear End,2,Cloudy,Wet,Daylight
2024-11-13T11:16:00.000,I 75,I 75 and N St Augustine Rd,,Rear End,2,Clear,Dry,Daylight
2024-08-14T15:02:00.000,I 75,I 75 and N St Augustine Rd,,Rear End,2,Clear,Dry,Daylight
2023-07-23T13:39:00.000,I 75,I 75 and N St Augustine,,Sideswipe-Same Direction,2,Rain,Wet,Daylight
2022-07-11T15:46:00.000,I 75,I 75 and N Saint Augustine Rd,,Rear End,2,Rain,Wet,Daylight
2022-03-24T11:00:00.000,I 75,I 75 and N Saint Augustine Rd,,Rear End,2,Rain,Wet,Daylight
2023-07-02T17:20:00.000,I 75,I 75 and N Saint Augustine Rd,,Rear End,2,Clear,Dry,Daylight
2024-06-01T09:40:00.000,I 75,I 75 and N Saint Augustine Rd,,Angle Crash,2,Clear,Dry,Daylight
2024-10-31T20:58:00.000,I 75,I 75 and N Saint Augustine Rd,,Sideswipe-Same Direction,2,Clear,Dry,Dark-Lighted
2024-09-21T12:20:00.000,I 75,I 75 and N Saint Augustine Rd,,Head On,1,Clear,Dry,Daylight
2024-09-22T09:35:00.000,I 75,I 75 and N Saint Augustine Rd,,Rear End,2,Clear,Dry,Daylight
2022-12-22T18:26:00.000,I 75,I 75 and N Pkwy,,Sideswipe-Same Direction,2,Rain,Wet,Dark-Lighted
2023-05-05T15:08:00.000,I 75,I 75 and N Pierce Ave,,Not a Collision with Motor Vehicle,1,Cloudy,Dry,Daylight
2023-10-21T12:13:00.000,I 75,I 75 and N Pierce Ave,,Rear End,2,Clear,Dry,Daylight
2022-11-03T11:55:00.000,I 75,I 75 and N Pierce Ave,,Sideswipe-Same Direction,2,Clear,Dry,Daylight
2022-09-16T13:51:00.000,I 75,I 75 and N Pierce Ave,,Sideswipe-Same Direction,2,Clear,Dry,Daylight