Date and Time,Roadway (From Crash Report),Intersection Name (from Crash Report),KABCO Severity,Manner of Collision (Crash Level) ,# of Vehicles per crash ,Weather Conditions (Crash Level),Surface Condition (Crash Level) ,Light Conditions (Crash Level)
2021-11-07T15:08:00.000,I 75,I 75 and N Marietta Pkwy,,Rear End,2,Clear,Dry,Daylight
2021-10-07T17:05:00.000,I 75,I 75 and N Marietta Pkwy,,Rear End,3,Clear,Dry,Daylight
2021-08-26T11:45:00.000,I 75,I 75 and N Marietta Pkwy,,Angle Crash,3,Cloudy,Dry,Daylight
2021-12-28T14:00:00.000,I 75,I 75 and N Marietta Pkwy,,Rear End,3,Clear,Dry,Daylight
2021-06-12T05:45:00.000,I 75,I 75 and N Marietta Pkwy,,Rear End,2,Clear,Dry,Dawn
2021-04-30T13:18:00.000,I 75,I 75 and N Marietta Pkwy,,Rear End,2,Cloudy,Dry,Daylight
2021-06-04T11:00:00.000,I 75,I 75 and N Marietta Pkwy,,Sideswipe-Same Direction,3,Clear,Dry,Daylight
2021-04-21T14:14:00.000,I 75,I 75 and N Marietta Pkwy,,Rear End,2,Cloudy,Dry,Daylight
2021-01-09T13:36:00.000,I 75,I 75 and N Marietta Pkwy,,Sideswipe-Same Direction,2,Cloudy,Dry,Daylight
2021-02-07T11:44:00.000,I 75,I 75 and N Marietta Pkwy,,Sideswipe-Same Direction,2,Cloudy,Dry,Daylight
2021-02-05T23:39:00.000,I 75,I 75 and N Marietta Pkwy,,Not a Collision with Motor Vehicle,1,Clear,Dry,Dark-Not Lighted
2021-05-26T00:01:00.000,I 75,I 75 and N Marietta Pkwy,,Head On,2,Clear,Dry,Dark-Lighted
2021-05-25T15:15:00.000,I 75,I 75 and N Marietta Pkwy,,Sideswipe-Same Direction,2,Clear,Dry,Daylight
2021-01-01T23:28:00.000,I 75,I 75 and N Marietta Pkwy,,Rear End,4,Cloudy,Wet,Dark-Not Lighted
2021-03-03T13:05:00.000,I 75,I 75 and N Marietta Pkwy,,Sideswipe-Same Direction,2,Clear,Dry,Daylight
2021-01-21T21:33:00.000,I 75,I 75 and N Marietta Pkwy,,Rear End,2,Clear,Dry,Dark-Not Lighted
2021-02-23T08:56:00.000,I 75,I 75 and N Marietta Pkwy,,Rear End,2,Cloudy,Dry,Daylight
2021-04-21T21:40:00.000,I 75,I 75 and N Marietta Pkwy,,Sideswipe-Same Direction,2,Cloudy,Dry,Dark-Lighted
2021-01-16T16:02:00.000,I 75,I 75 and N Marietta Pkwy,,Rear End,2,Clear,Dry,Daylight
2021-06-16T13:45:00.000,I 75,I 75 and N Marietta Pkwy,,Angle Crash,2,Clear,Dry,Daylight
2021-02-05T12:35:00.000,I 75,I 75 and N Marietta Pkwy,,Sideswipe-Same Direction,2,Clear,Dry,Daylight
2021-06-03T17:23:00.000,I 75,I 75 and N Marietta Pkwy,,Rear End,2,Cloudy,Dry,Daylight
2021-03-28T21:13:00.000,I 75,I 75 and N Marietta Pkwy,,Rear End,2,Clear,Dry,Dark-Not Lighted
2021-04-13T00:10:00.000,I 75,I 75 and N Marietta Pkwy,,Angle Crash,3,Clear,Dry,Dark-Lighted
2021-05-14T21:36:00.000,I 75,I 75 and N Marietta Pkwy,,Rear End,2,Clear,Dry,Dark-Lighted
2021-03-12T08:13:00.000,I 75,I 75 and N Marietta Pkwy,,Rear End,2,Cloudy,Dry,Daylight
2021-02-06T18:46:00.000,I 75,I 75 and N Marietta Pkwy,,Rear End,2,Rain,Wet,Dark-Not Lighted
2021-11-12T16:20:00.000,I 75,I 75 and N Marietta Pkwy,,Angle Crash,2,Clear,Dry,Daylight
2021-07-08T12:55:00.000,I 75,I 75 and N Marietta Pkwy,,Rear End,2,Cloudy,Dry,Daylight
2021-07-08T12:55:00.000,I 75,I 75 and N Marietta Pkwy,,Rear End,2,Cloudy,Dry,Daylight
2021-09-01T15:32:00.000,I 75,I 75 and N Marietta Pkwy,,Rear End,2,Clear,Dry,Daylight
2021-09-24T12:41:00.000,I 75,I 75 and N Marietta Pkwy,,Sideswipe-Same Direction,2,Clear,Dry,Daylight
2021-07-28T18:48:00.000,I 75,I 75 and N Marietta Pkwy,,Rear End,2,Clear,Dry,Daylight
2021-11-19T22:00:00.000,I 75,I 75 and N Marietta Pkwy,,Angle Crash,2,Clear,Dry,Dark-Not Lighted
2021-09-14T13:38:00.000,I 75,I 75 and N Marietta Pkwy,,Rear End,2,Cloudy,Dry,Daylight
2021-09-18T16:53:00.000,I 75,I 75 and N Marietta Pkwy,,Sideswipe-Same Direction,2,Clear,Dry,Daylight
2021-08-13T11:02:00.000,I 75,I 75 and N Marietta Pkwy,,Sideswipe-Same Direction,2,Clear,Dry,Daylight
2021-11-05T14:24:00.000,I 75,I 75 and N Marietta Pkwy,,Sideswipe-Same Direction,2,Cloudy,Dry,Daylight
2021-11-30T14:08:00.000,I 75,I 75 and N Marietta Pkwy,,Rear End,3,Clear,Dry,Daylight
2021-10-22T17:54:00.000,I 75,I 75 and N Marietta Pkwy,,Not a Collision with Motor Vehicle,2,Clear,Dry,Daylight
2021-07-25T10:30:00.000,I 75,I 75 and N Marietta Pkwy,,Not a Collision with Motor Vehicle,1,Clear,Dry,Daylight
2021-08-19T08:13:00.000,I 75,I 75 and N Marietta Pkwy,,Rear End,2,Cloudy,Dry,Daylight
2021-10-24T16:13:00.000,I 75,I 75 and N Marietta Pkwy,,Rear End,3,Cloudy,Dry,Daylight
2021-08-24T20:13:00.000,I 75,I 75 and N Marietta Pkwy,,Sideswipe-Same Direction,2,Clear,Dry,Dusk
2021-07-22T17:34:00.000,I 75,I 75 and N Marietta Pkwy,,Rear End,3,Clear,Dry,Daylight
2021-12-08T14:25:00.000,I 75,I 75 and N Marietta Pkwy,,Sideswipe-Same Direction,5,Cloudy,Dry,Daylight
2021-11-15T16:45:00.000,I 75,I 75 and N Marietta Pkwy,,Rear End,2,Clear,Dry,Daylight
2021-10-21T16:03:00.000,I 75,I 75 and N Marietta Pkwy,,Rear End,4,Cloudy,Dry,Daylight
2021-11-08T13:55:00.000,I 75,I 75 and N Marietta Pkwy,,Rear End,2,Clear,Dry,Daylight
2021-04-09T12:30:00.000,I 75,I 75 and N Marietta Pkwy,,Sideswipe-Same Direction,2,Cloudy,Dry,Daylight
2021-05-20T11:00:00.000,I 75,I 75 and N Marietta Pkwy,,Not a Collision with Motor Vehicle,1,Clear,Dry,Daylight
2021-05-06T09:00:00.000,I 75,I 75 and N Marietta Pkwy,,Rear End,2,Clear,Dry,Daylight
2021-06-04T23:04:00.000,I 75,I 75 and N Marietta Pkwy,,Rear End,2,Clear,Dry,Dark-Lighted
2021-01-23T12:00:00.000,I 75,I 75 and N Marietta Pkwy,,Rear End,2,Clear,Dry,Daylight
2021-02-16T16:50:00.000,I 75,I 75 and N Marietta Pkwy,,Sideswipe-Same Direction,3,Clear,Dry,Daylight
2021-06-16T14:33:00.000,I 75,I 75 and N Marietta Pkwy,,Rear End,2,Clear,Dry,Daylight
2021-04-09T15:35:00.000,I 75,I 75 and N Marietta Pkwy,,Rear End,2,Cloudy,Dry,Daylight
2021-01-05T17:43:00.000,I 75,I 75 and N Marietta Pkwy,,Rear End,3,Clear,Dry,Dark-Not Lighted
2021-02-21T17:15:00.000,I 75,I 75 and N Marietta Pkwy,,Sideswipe-Same Direction,2,Clear,Dry,Daylight
2020-11-23T03:25:00.000,I 75,I 75 and N Marietta Pkwy,,Sideswipe-Same Direction,2,Clear,Dry,Dark-Not Lighted
2020-07-24T20:34:00.000,I 75,I 75 and N Marietta Pkwy,,Angle Crash,2,Cloudy,Wet,Dusk
2020-07-16T03:45:00.000,I 75,I 75 and N Marietta Pkwy,,Sideswipe-Same Direction,2,Clear,Dry,Dark-Lighted
2020-08-25T05:42:00.000,I 75,I 75 and N Marietta Pkwy,,Rear End,2,Rain,Wet,Dark-Not Lighted
2020-05-19T06:58:00.000,I 75,I 75 and N Marietta Pkwy,,Sideswipe-Same Direction,2,Cloudy,Wet,Daylight
2020-06-06T00:11:00.000,I 75,I 75 and N Marietta Pkwy,,Angle Crash,2,Cloudy,Dry,Dark-Not Lighted
2023-10-25T15:10:00.000,I 75,I 75 and N Marietta Pkwy,,(None),2,(None),(None),(None)
2023-01-07T16:44:00.000,I 75,I 75 and N Marietta Pkwy,,Angle Crash,2,Clear,Dry,Daylight
2023-01-27T17:42:00.000,I 75,I 75 and N Marietta Pkwy,,Rear End,2,Clear,Dry,Daylight
2023-06-30T11:55:00.000,I 75,I 75 and N Marietta Pkwy,,Rear End,2,Cloudy,Dry,Daylight
2023-04-21T10:57:00.000,I 75,I 75 and N Marietta Pkwy,,Sideswipe-Same Direction,2,Clear,Dry,Daylight
2023-03-13T07:40:00.000,I 75,I 75 and N Marietta Pkwy,,Sideswipe-Same Direction,2,Clear,Dry,Dark-Not Lighted
2023-09-26T18:51:00.000,I 75,I 75 and N Marietta Pkwy,,Rear End,2,Clear,Dry,Daylight
2023-08-14T07:26:00.000,I 75,I 75 and N Marietta Pkwy,,Rear End,2,Cloudy,Wet,Daylight
2023-12-01T13:58:00.000,I 75,I 75 and N Marietta Pkwy,,Rear End,2,Clear,Wet,Daylight
2023-09-13T11:02:00.000,I 75,I 75 and N Marietta Pkwy,,Rear End,3,Cloudy,Dry,Daylight
2023-03-20T12:25:00.000,I 75,I 75 and N Marietta Pkwy,,Rear End,3,Clear,Dry,Daylight
2023-07-27T15:36:00.000,I 75,I 75 and N Marietta Pkwy,,Sideswipe-Same Direction,2,Cloudy,Dry,Daylight
2023-04-05T16:49:00.000,I 75,I 75 and N Marietta Pkwy,,Rear End,2,Cloudy,Dry,Daylight
2023-07-09T23:51:00.000,I 75,I 75 and N Marietta Pkwy,,Sideswipe-Same Direction,2,Rain,Wet,Dark-Lighted
2023-11-11T01:56:00.000,I 75,I 75 and N Marietta Pkwy,,(None),2,(None),(None),(None)
2023-10-07T15:14:00.000,I 75,I 75 and N Marietta Pkwy,,(None),3,(None),(None),(None)
2023-02-18T16:27:00.000,I 75,I 75 and N Marietta Pkwy,,Rear End,2,Clear,Dry,Daylight
2023-07-18T17:24:00.000,I 75,I 75 and N Marietta Pkwy,,Rear End,2,Cloudy,Dry,Daylight
2023-01-28T16:43:00.000,I 75,I 75 and N Marietta Pkwy,,Sideswipe-Same Direction,2,Clear,Dry,Dusk
2023-03-09T16:45:00.000,I 75,I 75 and N Marietta Pkwy,,Rear End,2,Rain,Wet,Daylight
2023-03-13T06:35:00.000,I 75,I 75 and N Marietta Pkwy,,Rear End,3,Clear,Dry,Dark-Not Lighted
2023-02-13T12:51:00.000,I 75,I 75 and N Marietta Pkwy,,Rear End,2,Clear,Dry,Daylight
2023-05-12T11:20:00.000,I 75,I 75 and N Marietta Pkwy,,Rear End,2,Cloudy,Dry,Daylight
2023-06-29T15:42:00.000,I 75,I 75 and N Marietta Pkwy,,Rear End,2,Cloudy,Dry,Daylight
2023-08-28T06:31:00.000,I 75,I 75 and N Marietta Pkwy,,Rear End,3,Cloudy,Wet,Daylight
2023-03-13T08:22:00.000,I 75,I 75 and N Marietta Pkwy,,Rear End,2,Clear,Dry,Daylight
2023-02-24T16:00:00.000,I 75,I 75 and N Marietta Pkwy,,Rear End,2,Rain,Wet,Daylight
2023-08-28T07:35:00.000,I 75,I 75 and N Marietta Pkwy,,Head On,2,Cloudy,Wet,Daylight
2023-10-19T11:46:00.000,I 75,I 75 and N Marietta Pkwy,,Rear End,2,Cloudy,Dry,Daylight
2023-10-17T14:55:00.000,I 75,I 75 and N Marietta Pkwy,,Sideswipe-Same Direction,2,Clear,Dry,Daylight
2023-02-27T17:00:00.000,I 75,I 75 and N Marietta Pkwy,,Sideswipe-Same Direction,2,Clear,Dry,Daylight
2023-02-07T16:00:00.000,I 75,I 75 and N Marietta Pkwy,,Rear End,2,Clear,Dry,Daylight
2023-06-08T15:15:00.000,I 75,I 75 and N Marietta Pkwy,,Sideswipe-Same Direction,2,Clear,Dry,Daylight
2023-07-28T01:45:00.000,I 75,I 75 and N Marietta Pkwy,,Sideswipe-Same Direction,2,Cloudy,Dry,Dark-Not Lighted
2023-11-06T10:31:00.000,I 75,I 75 and N Marietta Pkwy,,Rear End,2,Clear,Dry,Daylight
2023-03-23T16:15:00.000,I 75,I 75 and N Marietta Pkwy,,Rear End,2,Clear,Dry,Daylight
2023-03-09T15:25:00.000,I 75,I 75 and N Marietta Pkwy,,Sideswipe-Same Direction,2,Cloudy,Dry,Daylight
2023-09-18T08:25:00.000,I 75,I 75 and N Marietta Pkwy,,Rear End,2,Clear,Dry,Daylight
2023-01-07T08:48:00.000,I 75,I 75 and N Marietta Pkwy,,Rear End,2,Clear,Dry,Daylight
2023-02-20T14:33:00.000,I 75,I 75 and N Marietta Pkwy,,Rear End,2,Cloudy,Dry,Daylight
2023-01-26T07:30:00.000,I 75,I 75 and N Marietta Pkwy,,Rear End,2,Clear,Dry,Daylight
2023-12-17T14:03:00.000,I 75,I 75 and N Marietta Pkwy,,(None),2,(None),(None),(None)
2023-08-15T12:45:00.000,I 75,I 75 and N Marietta Pkwy,,Rear End,2,Cloudy,Dry,Daylight
2023-04-17T18:30:00.000,I 75,I 75 and N Marietta Pkwy,,Rear End,2,Clear,Dry,Daylight
2023-12-05T13:07:00.000,I 75,I 75 and N Marietta Pkwy,,Not a Collision with Motor Vehicle,1,Clear,Dry,Daylight
2023-04-08T22:50:00.000,I 75,I 75 and N Marietta Pkwy,,Rear End,2,Clear,Dry,Dark-Lighted
2023-05-17T11:53:00.000,I 75,I 75 and N Marietta Pkwy,,Not a Collision with Motor Vehicle,1,Cloudy,Dry,Daylight
2023-05-19T13:50:00.000,I 75,I 75 and N Marietta Pkwy,,Rear End,2,Cloudy,Dry,Daylight
2023-10-07T18:55:00.000,I 75,I 75 and N Marietta Pkwy,,(None),2,(None),(None),(None)
2023-05-26T14:13:00.000,I 75,I 75 and N Marietta Pkwy,,Rear End,2,Clear,Dry,Daylight
2023-10-19T12:52:00.000,I 75,I 75 and N Marietta Pkwy,,Rear End,2,Cloudy,Dry,Daylight
2023-02-01T07:41:00.000,I 75,I 75 and N Marietta Pkwy,,Rear End,4,Cloudy,Wet,Daylight
2023-01-21T18:18:00.000,I 75,I 75 and N Marietta Pkwy,,Sideswipe-Same Direction,2,Cloudy,Dry,Dark-Not Lighted
2023-10-20T11:57:00.000,I 75,I 75 and N Marietta Pkwy,,Sideswipe-Same Direction,7,Clear,Dry,Daylight
2023-02-09T07:17:00.000,I 75,I 75 and N Marietta Pkwy,,Rear End,2,Cloudy,Dry,Daylight
2023-07-08T12:57:00.000,I 75,I 75 and N Marietta Pkwy,,Sideswipe-Same Direction,2,Clear,Dry,Daylight
2023-03-23T12:24:00.000,I 75,I 75 and N Marietta Pkwy,,Rear End,2,Clear,Dry,Daylight
2023-12-26T13:01:00.000,I 75,I 75 and N Marietta Pkwy,,Rear End,2,Rain,Wet,Daylight
2023-01-02T14:37:00.000,I 75,I 75 and N Marietta Pkwy,,Rear End,2,Rain,Wet,Daylight
2023-09-27T10:22:00.000,I 75,I 75 and N Marietta Pkwy,,Sideswipe-Same Direction,2,Cloudy,Dry,Daylight
2023-06-16T22:41:00.000,I 75,I 75 and N Marietta Pkwy,,Rear End,3,Cloudy,Dry,Dark-Not Lighted
2023-07-18T16:40:00.000,I 75,I 75 and N Marietta Pkwy,,Rear End,2,Cloudy,Dry,Daylight
2023-05-01T08:13:00.000,I 75,I 75 and N Marietta Pkwy,,Rear End,2,Clear,Dry,Daylight
2023-09-18T13:41:00.000,I 75,I 75 and N Marietta Pkwy,,Sideswipe-Same Direction,2,Cloudy,Dry,Daylight
2023-04-04T14:55:00.000,I 75,I 75 and N Marietta Pkwy,,Rear End,3,Clear,Dry,Daylight
2023-09-28T17:25:00.000,I 75,I 75 and N Marietta Pkwy,,Rear End,2,Clear,Dry,Daylight
2023-11-04T21:00:00.000,I 75,I 75 and N Marietta Pkwy,,Sideswipe-Same Direction,2,Clear,Dry,Dark-Lighted
2023-07-07T16:38:00.000,I 75,I 75 and N Marietta Pkwy,,Rear End,2,Clear,Dry,Daylight
2023-10-13T17:50:00.000,I 75,I 75 and N Marietta Pkwy,,Rear End,2,Rain,Wet,Daylight
2023-04-08T22:50:00.000,I 75,I 75 and N Marietta Pkwy,,Sideswipe-Same Direction,2,Clear,Dry,Dark-Lighted
2023-02-01T08:00:00.000,I 75,I 75 and N Marietta Pkwy,,Rear End,2,Cloudy,Wet,Daylight
2023-12-12T08:40:00.000,I 75,I 75 and N Marietta Pkwy,,Rear End,2,Clear,Dry,Daylight
2023-06-01T02:16:00.000,I 75,I 75 and N Marietta Pkwy,,Not a Collision with Motor Vehicle,1,Clear,Dry,Dark-Not Lighted
2023-08-01T15:45:00.000,I 75,I 75 and N Marietta Pkwy,,Rear End,2,Clear,Dry,Daylight
2023-02-17T12:14:00.000,I 75,I 75 and N Marietta Pkwy,,Rear End,3,Clear,Dry,Daylight
2023-01-25T18:43:00.000,I 75,I 75 and N Marietta Pkwy,,Angle Crash,2,Clear,Dry,Dark-Not Lighted
2023-06-22T17:51:00.000,I 75,I 75 and N Marietta Pkwy,,Rear End,2,Cloudy,Dry,Daylight
2023-05-23T16:35:00.000,I 75,I 75 and N Marietta Pkwy,,Rear End,2,Clear,Dry,Daylight
2023-02-21T12:20:00.000,I 75,I 75 and N Marietta Pkwy,,Rear End,4,Clear,Wet,Daylight
2023-02-09T19:29:00.000,I 75,I 75 and N Marietta Pkwy,,Angle Crash,2,Rain,Wet,Dark-Not Lighted
2023-06-01T13:30:00.000,I 75,I 75 and N Marietta Pkwy,,Sideswipe-Same Direction,2,Clear,Dry,Daylight
2023-03-09T17:30:00.000,I 75,I 75 and N Marietta Pkwy,,Rear End,2,Cloudy,Wet,Daylight
2023-12-06T09:30:00.000,I 75,I 75 and N Marietta Pkwy,,(None),2,(None),(None),(None)
2023-10-07T15:56:00.000,I 75,I 75 and N Marietta Pkwy,,(None),3,(None),(None),(None)
2023-02-03T16:00:00.000,I 75,I 75 and N Marietta Pkwy,,Rear End,3,Clear,Dry,Daylight
2023-07-06T13:09:00.000,I 75,I 75 and N Marietta Pkwy,,Rear End,2,Clear,Dry,Daylight
2023-06-15T15:42:00.000,I 75,I 75 and N Marietta Pkwy,,Angle Crash,2,Clear,Dry,Daylight
2023-04-06T23:15:00.000,I 75,I 75 and N Marietta Pkwy,,Rear End,2,Clear,Dry,Dark-Not Lighted
2023-03-13T05:53:00.000,I 75,I 75 and N Marietta Pkwy,,Sideswipe-Same Direction,3,Cloudy,Dry,Dark-Not Lighted
2023-09-01T09:48:00.000,I 75,I 75 and N Marietta Pkwy,,Not a Collision with Motor Vehicle,1,Cloudy,Dry,Daylight
2023-10-10T16:13:00.000,I 75,I 75 and N Marietta Pkwy,,Sideswipe-Same Direction,2,Cloudy,Dry,Daylight
2023-12-03T08:34:00.000,I 75,I 75 and N Marietta Pkwy,,(None),2,(None),(None),(None)
2023-03-11T07:00:00.000,I 75,I 75 and N Marietta Pkwy,,Sideswipe-Same Direction,2,Clear,Dry,Daylight
2023-07-27T00:00:00.000,I 75,I 75 and N Marietta Pkwy,,Rear End,3,Clear,Dry,Daylight
2023-01-27T16:23:00.000,I 75,I 75 and N Marietta Pkwy,,Rear End,2,Clear,Dry,Daylight
2023-05-09T18:44:00.000,I 75,I 75 and N Marietta Pkwy,,Rear End,2,Clear,Dry,Daylight
2023-04-03T10:52:00.000,I 75,I 75 and N Marietta Pkwy,,Rear End,2,Rain,Wet,Daylight
2023-09-12T11:37:00.000,I 75,I 75 and N Marietta Pkwy,,Sideswipe-Same Direction,2,Cloudy,Dry,Daylight
2023-02-28T17:43:00.000,I 75,I 75 and N Marietta Pkwy,,Sideswipe-Same Direction,2,Clear,Dry,Daylight
2023-02-20T02:20:00.000,I 75,I 75 and N Marietta Pkwy,,Head On,2,Clear,Dry,Dark-Not Lighted
2023-03-24T07:15:00.000,I 75,I 75 and N Marietta Pkwy,,Rear End,3,Clear,Dry,Daylight
2023-01-21T09:57:00.000,I 75,I 75 and N Marietta Pkwy,,Rear End,2,Cloudy,Dry,Daylight
2023-10-13T19:30:00.000,I 75,I 75 and N Marietta Pkwy,,Rear End,3,Rain,Wet,Dark-Lighted
2023-01-18T12:51:00.000,I 75,I 75 and N Marietta Pkwy,,Rear End,2,Cloudy,Dry,Daylight
2023-02-11T00:00:00.000,I 75,I 75 and N Marietta Pkwy,,Sideswipe-Same Direction,2,Clear,Dry,Dark-Not Lighted
2023-01-04T17:01:00.000,I 75,I 75 and N Marietta Pkwy,,Rear End,2,Clear,Dry,Daylight
2022-10-24T06:48:00.000,I 75,I 75 and N Marietta Pkwy,,Rear End,2,Clear,Dry,Dark-Not Lighted
2022-09-23T14:50:00.000,I 75,I 75 and N Marietta Pkwy,,Rear End,2,Clear,Dry,Daylight
2022-04-09T20:46:00.000,I 75,I 75 and N Marietta Pkwy,,Sideswipe-Same Direction,2,Clear,Dry,Dark-Not Lighted
2022-06-22T15:34:00.000,I 75,I 75 and N Marietta Pkwy,,Rear End,2,Clear,Dry,Daylight
2022-11-30T02:00:00.000,I 75,I 75 and N Marietta Pkwy,,Rear End,2,Clear,Dry,Daylight
2022-11-16T09:20:00.000,I 75,I 75 and N Marietta Pkwy,,Rear End,2,Cloudy,Dry,Daylight
2022-05-27T12:25:00.000,I 75,I 75 and N Marietta Pkwy,,Rear End,2,Clear,Dry,Daylight
2022-05-26T10:45:00.000,I 75,I 75 and N Marietta Pkwy,,Rear End,2,Cloudy,Dry,Daylight
2022-11-30T16:19:00.000,I 75,I 75 and N Marietta Pkwy,,Rear End,2,Clear,Dry,Daylight
2022-04-25T06:51:00.000,I 75,I 75 and N Marietta Pkwy,,Rear End,3,Clear,Dry,Daylight
2022-07-18T18:54:00.000,I 75,I 75 and N Marietta Pkwy,,Rear End,2,Cloudy,Wet,Daylight
2022-07-30T07:43:00.000,I 75,I 75 and N Marietta Pkwy,,Rear End,2,Cloudy,Dry,Daylight
2023-08-11T11:45:00.000,I 75,I 75 and N Marietta Pkwy,,Rear End,2,Clear,Wet,Daylight
2021-07-30T01:22:00.000,I 75,I 75 and N Marietta Pkwy,,Angle Crash,2,Clear,Dry,Dark-Not Lighted
2022-05-15T14:00:00.000,I 75,I 75 and N Marietta Pkwy,,Rear End,3,Clear,Dry,Daylight
2022-04-09T10:41:00.000,I 75,I 75 and N Marietta Pkwy,,Rear End,3,Cloudy,Dry,Daylight
2022-03-18T20:12:00.000,I 75,I 75 and N Marietta Pkwy,,Sideswipe-Same Direction,2,Clear,Dry,Dark-Lighted
2022-06-10T14:20:00.000,I 75,I 75 and N Marietta Pkwy,,Rear End,2,Clear,Dry,Daylight
2023-06-23T12:03:00.000,I 75,I 75 and N Marietta Pkwy,,Rear End,2,Clear,Dry,Daylight
2021-09-17T17:00:00.000,I 75,I 75 and N Marietta Pkwy,,Rear End,3,Cloudy,Dry,Daylight
2020-03-25T01:47:00.000,I 75,I 75 and N Marietta Pkwy,,Not a Collision with Motor Vehicle,1,Rain,Wet,Dark-Lighted
2020-07-13T06:18:00.000,I 75,I 75 and N Marietta Pkwy,,Sideswipe-Same Direction,2,Cloudy,Dry,Dark-Not Lighted
2020-10-16T23:33:00.000,I 75,I 75 and N Marietta Pkwy,,Rear End,2,Cloudy,Dry,Dark-Not Lighted
2020-10-09T19:41:00.000,I 75,I 75 and N Marietta Pkwy,,Sideswipe-Same Direction,2,Rain,Wet,Dark-Lighted
2020-08-25T15:23:00.000,I 75,I 75 and N Marietta Pkwy,,Rear End,2,Rain,Wet,Daylight
2020-10-04T03:40:00.000,I 75,I 75 and N Marietta Pkwy,,Sideswipe-Same Direction,2,Cloudy,Dry,Dark-Lighted
2020-02-10T20:35:00.000,I 75,I 75 and N Marietta Pkwy,,Rear End,2,Rain,Wet,Dark-Lighted
2020-02-08T16:54:00.000,I 75,I 75 and N Marietta Pkwy,,Rear End,3,Clear,Wet,Daylight
2020-12-04T03:38:00.000,I 75,I 75 and N Marietta Pkwy,,Sideswipe-Same Direction,2,Cloudy,Dry,Dark-Not Lighted
2020-10-06T07:14:00.000,I 75,I 75 and N Marietta Pkwy,,Not a Collision with Motor Vehicle,2,Clear,Dry,Daylight
2020-07-25T16:34:00.000,I 75,I 75 and N Marietta Pkwy,,Rear End,2,Clear,Dry,Daylight
2020-12-24T13:48:00.000,I 75,I 75 and N Marietta Pkwy,,Rear End,2,Rain,Wet,Daylight
2020-12-15T00:50:00.000,I 75,I 75 and N Marietta Pkwy,,Sideswipe-Same Direction,2,Cloudy,Dry,Dark-Not Lighted
2020-09-29T19:15:00.000,I 75,I 75 and N Marietta Pkwy,,Not a Collision with Motor Vehicle,1,Cloudy,Wet,Daylight
2020-11-23T02:50:00.000,I 75,I 75 and N Marietta Pkwy,,Sideswipe-Same Direction,2,Clear,Dry,Dark-Not Lighted
2020-12-01T17:20:00.000,I 75,I 75 and N Marietta Pkwy,,Rear End,2,Clear,Dry,Daylight
2020-08-18T15:48:00.000,I 75,I 75 and N Marietta Pkwy,,Rear End,2,Clear,Dry,Daylight
2020-04-23T21:17:00.000,I 75,I 75 and N Marietta Pkwy,,Rear End,2,Rain,Wet,Dark-Not Lighted
2020-07-25T16:49:00.000,I 75,I 75 and N Marietta Pkwy,,Rear End,2,Clear,Dry,Daylight
2020-11-08T18:23:00.000,I 75,I 75 and N Marietta Pkwy,,Sideswipe-Same Direction,2,Cloudy,Dry,Dawn
2020-06-18T02:40:00.000,I 75,I 75 and N Marietta Pkwy,,Sideswipe-Same Direction,2,Clear,Dry,Dark-Lighted
2020-08-23T17:39:00.000,I 75,I 75 and N Marietta Pkwy,,Rear End,2,Clear,Dry,Daylight
2020-02-05T07:26:00.000,I 75,I 75 and N Marietta Pkwy,,Rear End,2,Rain,Wet,Daylight
2020-02-25T05:40:00.000,I 75,I 75 and N Marietta Pkwy,,Rear End,2,Clear,Dry,Dark-Lighted
2020-04-12T02:07:00.000,I 75,I 75 and N Marietta Pkwy,,Not a Collision with Motor Vehicle,1,Clear,Dry,Dark-Lighted
2020-07-19T17:39:00.000,I 75,I 75 and N Marietta Pkwy,,Angle Crash,3,Rain,Wet,Daylight
2020-06-04T14:56:00.000,I 75,I 75 and N Marietta Pkwy,,Rear End,2,Clear,Dry,Daylight
2020-08-07T21:42:00.000,I 75,I 75 and N Marietta Pkwy,,Sideswipe-Same Direction,2,Clear,Dry,Dark-Lighted
2020-07-27T17:50:00.000,I 75,I 75 and N Marietta Pkwy,,Rear End,2,Clear,Dry,Daylight
2020-06-19T00:26:00.000,I 75,I 75 and N Marietta Pkwy,,Angle Crash,2,Clear,Dry,Dark-Not Lighted
2020-12-04T13:00:00.000,I 75,I 75 and N Marietta Pkwy,,Rear End,2,Rain,Wet,Daylight
2020-07-30T08:00:00.000,I 75,I 75 and N Marietta Pkwy,,Rear End,2,Rain,Wet,Daylight
2020-02-08T10:20:00.000,I 75,I 75 and N Marietta Pkwy,,Rear End,2,Snow,Snow,Daylight
2020-02-22T18:44:00.000,I 75,I 75 and N Marietta Pkwy,,Rear End,3,Clear,Dry,Dark-Not Lighted
2020-08-17T23:01:00.000,I 75,I 75 and N Marietta Pkwy,,Rear End,2,Clear,Dry,Dark-Not Lighted
2020-08-20T01:00:00.000,I 75,I 75 and N Marietta Pkwy,,Not a Collision with Motor Vehicle,1,Cloudy,Wet,Dark-Lighted
2020-07-19T17:30:00.000,I 75,I 75 and N Marietta Pkwy,,Not a Collision with Motor Vehicle,1,Rain,Water (standing or moving),Daylight
2020-12-04T15:27:00.000,I 75,I 75 and N Marietta Pkwy,,Sideswipe-Same Direction,2,Rain,Wet,Daylight
2020-08-22T05:04:00.000,I 75,I 75 and N Marietta Pkwy,,Not a Collision with Motor Vehicle,1,Cloudy,Wet,Dark-Not Lighted
2020-06-09T00:34:00.000,I 75,I 75 and N Marietta Pkwy,,Not a Collision with Motor Vehicle,1,Cloudy,Dry,Dark-Lighted
2020-11-18T03:57:00.000,I 75,I 75 and N Marietta Pkwy,,Angle Crash,3,Clear,Dry,Dark-Not Lighted
2020-09-21T15:10:00.000,I 75,I 75 and N Marietta Pkwy,,Sideswipe-Same Direction,2,Clear,Dry,Daylight