Date and Time,Roadway (From Crash Report),Intersection Name (from Crash Report),KABCO Severity,Manner of Collision (Crash Level) ,# of Vehicles per crash ,Weather Conditions (Crash Level),Surface Condition (Crash Level) ,Light Conditions (Crash Level)
2020-08-20T17:50:00.000,I 75,I 75 and N Marietta Pkwy,,Rear End,2,Cloudy,Dry,Daylight
2020-10-02T12:53:00.000,I 75,I 75 and N Marietta Pkwy,,Angle Crash,2,Clear,Dry,Daylight
2020-11-28T18:05:00.000,I 75,I 75 and N Marietta Pkwy,,Sideswipe-Same Direction,2,Cloudy,Dry,Dark-Lighted
2020-06-23T15:28:00.000,I 75,I 75 and N Marietta Pkwy,,Rear End,2,Clear,Dry,Daylight
2020-11-23T02:46:00.000,I 75,I 75 and N Marietta Pkwy,,Not a Collision with Motor Vehicle,1,Clear,Dry,Dark-Not Lighted
2020-02-21T11:49:00.000,I 75,I 75 and N Marietta Pkwy,,Rear End,2,Clear,Dry,Daylight
2020-11-02T18:25:00.000,I 75,I 75 and N Marietta Pkwy,,Sideswipe-Same Direction,2,Cloudy,Dry,Dark-Not Lighted
2020-02-09T11:04:00.000,I 75,I 75 and N Marietta Pkwy,,Rear End,2,Cloudy,Dry,Daylight
2020-06-21T16:40:00.000,I 75,I 75 and N Marietta Pkwy,,Rear End,2,Cloudy,Dry,Daylight
2020-06-10T06:30:00.000,I 75,I 75 and N Marietta Pkwy,,Rear End,2,Cloudy,Wet,Daylight
2020-06-11T05:46:00.000,I 75,I 75 and N Marietta Pkwy,,Rear End,2,Cloudy,Dry,Dark-Lighted
2020-11-13T18:22:00.000,I 75,I 75 and N Marietta Pkwy,,Rear End,2,Clear,Dry,Dark-Not Lighted
2020-02-19T19:17:00.000,I 75,I 75 and N Marietta Pkwy,,Rear End,2,Rain,Wet,Dark-Lighted
2020-10-08T17:09:00.000,I 75,I 75 and N Marietta Pkwy,,Rear End,2,Cloudy,Dry,Daylight
2020-11-30T04:40:00.000,I 75,I 75 and N Marietta Pkwy,,Sideswipe-Same Direction,2,Rain,Wet,Dark-Not Lighted
2020-10-07T10:22:00.000,I 75,I 75 and N Marietta Pkwy,,Angle Crash,2,Cloudy,Dry,Daylight
2020-10-13T05:51:00.000,I 75,I 75 and N Marietta Pkwy,,Sideswipe-Same Direction,2,Clear,Dry,Dark-Lighted
2020-11-05T14:03:00.000,I 75,I 75 and N Marietta Pkwy,,Rear End,2,Clear,Dry,Daylight
2020-11-18T05:26:00.000,I 75,I 75 and N Marietta Pkwy,,Rear End,2,Clear,Dry,Dark-Not Lighted
2020-07-27T18:43:00.000,I 75,I 75 and N Marietta Pkwy,,Rear End,2,Clear,Dry,Daylight
2020-10-05T23:27:00.000,I 75,I 75 and N Marietta Pkwy,,Sideswipe-Same Direction,2,Cloudy,Dry,Dark-Lighted
2020-08-30T13:45:00.000,I 75,I 75 and N Marietta Pkwy,,Angle Crash,2,Cloudy,Dry,Daylight
2020-11-20T18:30:00.000,I 75,I 75 and N Marietta Pkwy,,Rear End,3,Cloudy,Dry,Dark-Lighted
2020-06-24T12:13:00.000,I 75,I 75 and N Marietta Pkwy,,Angle Crash,3,Cloudy,Dry,Daylight
2020-02-19T18:30:00.000,I 75,I 75 and N Marietta Pkwy,,Rear End,2,Rain,Wet,Dusk
2020-10-24T18:11:00.000,I 75,I 75 and N Marietta Pkwy,,Rear End,2,Rain,Wet,Dark-Lighted
2020-10-30T13:13:00.000,I 75,I 75 and N Marietta Pkwy,,Rear End,2,Clear,Dry,Daylight
2020-02-08T10:25:00.000,I 75,I 75 and N Marietta Pkwy,,Rear End,2,Clear,Dry,Daylight
2020-10-15T12:09:00.000,I 75,I 75 and N Marietta Pkwy,,Rear End,2,Clear,Dry,Daylight
2020-01-17T05:03:00.000,I 75,I 75 and N Marietta Pkwy,,Not a Collision with Motor Vehicle,1,Clear,Dry,Dark-Not Lighted
2020-09-12T19:40:00.000,I 75,I 75 and N Marietta Pkwy,,Rear End,2,Clear,Dry,Daylight
2020-10-20T22:30:00.000,I 75,I 75 and N Marietta Pkwy,,Sideswipe-Same Direction,2,Clear,Dry,Dark-Lighted
2020-07-26T08:43:00.000,I 75,I 75 and N Marietta Pkwy,,Rear End,2,Cloudy,Dry,Daylight
2020-09-30T18:00:00.000,I 75,I 75 and N Marietta Pkwy,,Sideswipe-Same Direction,2,Clear,Dry,Daylight
2020-09-25T17:56:00.000,I 75,I 75 and N Marietta Pkwy,,Angle Crash,3,Cloudy,Dry,Dusk
2020-09-04T05:55:00.000,I 75,I 75 and N Marietta Pkwy,,Not a Collision with Motor Vehicle,3,Clear,Dry,Dark-Not Lighted
2020-07-31T08:00:00.000,I 75,I 75 and N Marietta Pkwy,,Rear End,3,Clear,Dry,Daylight
2020-03-12T16:43:00.000,I 75,I 75 and N Marietta Pkwy,,Rear End,2,Cloudy,Dry,Daylight
2020-08-26T21:44:00.000,I 75,I 75 and N Marietta Pkwy,,Sideswipe-Same Direction,2,Clear,Dry,Dark-Not Lighted
2020-10-27T11:46:00.000,I 75,I 75 and N Marietta Pkwy,,Not a Collision with Motor Vehicle,1,Cloudy,Dry,Daylight
2020-02-05T08:20:00.000,I 75,I 75 and N Marietta Pkwy,,Angle Crash,2,Cloudy,Wet,Daylight
2020-11-18T06:20:00.000,I 75,I 75 and N Marietta Pkwy,,Rear End,2,Clear,Dry,Daylight
2020-11-22T13:30:00.000,I 75,I 75 and N Marietta Pkwy,,Rear End,3,Cloudy,Dry,Daylight
2020-11-20T19:00:00.000,I 75,I 75 and N Marietta Pkwy,,Sideswipe-Same Direction,2,Cloudy,Dry,Dark-Lighted
2020-02-23T11:09:00.000,I 75,I 75 and N Marietta Pkwy,,Angle Crash,2,Clear,Dry,Daylight
2020-10-02T11:30:00.000,I 75,I 75 and N Marietta Pkwy,,Not a Collision with Motor Vehicle,1,Clear,Dry,Daylight
2020-12-22T14:09:00.000,I 75,I 75 and N Marietta Pkwy,,Rear End,2,Clear,Dry,Daylight
2020-12-21T15:20:00.000,I 75,I 75 and N Marietta Pkwy,,Sideswipe-Same Direction,2,Clear,Dry,Daylight
2020-12-23T14:00:00.000,I 75,I 75 and N Marietta Pkwy,,Rear End,3,Clear,Dry,Daylight
2020-02-03T00:36:00.000,I 75,I 75 and N Marietta Pkwy,,Not a Collision with Motor Vehicle,1,Clear,Dry,Dark-Not Lighted
2020-05-22T12:50:00.000,I 75,I 75 and N Marietta Pkwy,,Rear End,2,Clear,Dry,Daylight
2020-01-11T17:30:00.000,I 75,I 75 and N Marietta Pkwy,,Rear End,2,Rain,Wet,Dark-Not Lighted
2020-11-13T14:45:00.000,I 75,I 75 and N Marietta Pkwy,,Rear End,4,Clear,Dry,Daylight
2020-10-24T14:00:00.000,I 75,I 75 and N Marietta Pkwy,,Sideswipe-Same Direction,2,Rain,Wet,Daylight
2020-09-29T00:00:00.000,I 75,I 75 and N Marietta Pkwy,,Rear End,2,Clear,Wet,Daylight
2020-04-21T16:20:00.000,I 75,I 75 and N Marietta Pkwy,,Sideswipe-Same Direction,1,Clear,Dry,Daylight
2020-06-21T14:00:00.000,I 75,I 75 and N Marietta Pkwy,,Rear End,2,Cloudy,Dry,Daylight
2020-08-07T21:26:00.000,I 75,I 75 and N Marietta Pkwy,,Rear End,3,Clear,Wet,Dark-Lighted
2020-10-23T16:52:00.000,I 75,I 75 and N Marietta Pkwy,,Rear End,2,Clear,Dry,Daylight
2020-10-15T04:27:00.000,I 75,I 75 and N Marietta Pkwy,,Not a Collision with Motor Vehicle,1,Clear,Dry,Dark-Not Lighted
2020-09-03T06:59:00.000,I 75,I 75 and N Marietta Pkwy,,Sideswipe-Same Direction,2,Clear,Dry,Daylight
2020-07-07T21:30:00.000,I 75,I 75 and N Marietta Pkwy,,Sideswipe-Same Direction,2,Clear,Dry,Daylight
2020-08-02T02:00:00.000,I 75,I 75 and N Marietta Pkwy,,Angle Crash,2,Clear,Dry,Dark-Lighted
2020-09-14T16:47:00.000,I 75,I 75 and N Marietta Pkwy,,Rear End,2,Clear,Dry,Daylight
2020-08-04T15:00:00.000,I 75,I 75 and N Marietta Pkwy,,Not a Collision with Motor Vehicle,1,Clear,Dry,Daylight
2020-10-25T04:43:00.000,I 75,I 75 and N Marietta Pkwy,,Rear End,2,Rain,Wet,Dark-Lighted
2020-11-18T05:39:00.000,I 75,I 75 and N Marietta Pkwy,,Not a Collision with Motor Vehicle,2,Clear,Dry,Dark-Lighted
2020-02-23T14:12:00.000,I 75,I 75 and N Marietta Pkwy,,Not a Collision with Motor Vehicle,2,Clear,Dry,Daylight
2020-12-12T23:00:00.000,I 75,I 75 and N Marietta Pkwy,,Rear End,2,Rain,Wet,Dark-Not Lighted
2020-02-25T15:25:00.000,I 75,I 75 and N Marietta Pkwy,,Rear End,4,Cloudy,Dry,Daylight
2020-08-16T03:50:00.000,I 75,I 75 and N Marietta Pkwy,,Rear End,2,Clear,Dry,Dark-Not Lighted
2020-06-09T13:52:00.000,I 75,I 75 and N Marietta Pkwy,,Not a Collision with Motor Vehicle,1,Cloudy,Dry,Daylight
2020-08-08T16:04:00.000,I 75,I 75 and N Marietta Pkwy,,Rear End,2,Clear,Dry,Daylight
2020-02-22T16:08:00.000,I 75,I 75 and N Marietta Pkwy,,Rear End,8,Clear,Dry,Daylight
2020-08-17T22:45:00.000,I 75,I 75 and N Marietta Pkwy,,Rear End,2,Clear,Dry,Dark-Lighted
2021-04-24T15:10:00.000,I 75,I 75 and N Marietta Pkwy,,Rear End,4,Cloudy,Dry,Daylight
2021-04-16T05:53:00.000,I 75,I 75 and N Marietta Pkwy,,Sideswipe-Same Direction,2,Cloudy,Dry,Dark-Not Lighted
2021-01-05T19:12:00.000,I 75,I 75 and N Marietta Pkwy,,Head On,2,Clear,Dry,Dark-Not Lighted
2021-06-08T23:05:00.000,I 75,I 75 and N Marietta Pkwy,,Sideswipe-Same Direction,2,Rain,Wet,Dark-Not Lighted
2021-03-28T17:44:00.000,I 75,I 75 and N Marietta Pkwy,,Rear End,3,Cloudy,Dry,Daylight
2021-02-20T11:20:00.000,I 75,I 75 and N Marietta Pkwy,,Rear End,2,Clear,Dry,Daylight
2021-04-15T08:04:00.000,I 75,I 75 and N Marietta Pkwy,,Rear End,2,Cloudy,Dry,Daylight
2021-01-29T14:00:00.000,I 75,I 75 and N Marietta Pkwy,,Rear End,3,Clear,Dry,Daylight
2021-03-15T15:00:00.000,I 75,I 75 and N Marietta Pkwy,,Rear End,2,Clear,Dry,Daylight
2021-05-28T21:43:00.000,I 75,I 75 and N Marietta Pkwy,,Rear End,2,Rain,Wet,Dark-Lighted
2021-04-09T14:32:00.000,I 75,I 75 and N Marietta Pkwy,,Sideswipe-Same Direction,2,Cloudy,Dry,Daylight
2021-01-24T04:23:00.000,I 75,I 75 and N Marietta Pkwy,,Not a Collision with Motor Vehicle,1,Cloudy,Dry,Dark-Not Lighted
2021-06-12T15:35:00.000,I 75,I 75 and N Marietta Pkwy,,Rear End,2,Clear,Dry,Daylight
2021-02-06T14:33:00.000,I 75,I 75 and N Marietta Pkwy,,Rear End,2,Cloudy,Dry,Daylight
2021-05-05T09:19:00.000,I 75,I 75 and N Marietta Pkwy,,Rear End,2,Cloudy,Dry,Daylight
2021-03-24T12:10:00.000,I 75,I 75 and N Marietta Pkwy,,Sideswipe-Same Direction,2,Cloudy,Dry,Daylight
2021-03-05T19:57:00.000,I 75,I 75 and N Marietta Pkwy,,Rear End,3,Clear,Dry,Dark-Lighted
2021-01-07T22:57:00.000,I 75,I 75 and N Marietta Pkwy,,Angle Crash,2,Rain,Wet,Dark-Lighted
2021-04-13T15:10:00.000,I 75,I 75 and N Marietta Pkwy,,Rear End,2,Clear,Dry,Daylight
2021-06-06T14:30:00.000,I 75,I 75 and N Marietta Pkwy,,Rear End,2,Cloudy,Dry,Daylight
2021-06-13T15:30:00.000,I 75,I 75 and N Marietta Pkwy,,Rear End,2,Clear,Dry,Daylight
2021-06-16T07:30:00.000,I 75,I 75 and N Marietta Pkwy,,Rear End,2,Clear,Dry,Daylight
2021-02-22T18:00:00.000,I 75,I 75 and N Marietta Pkwy,,Sideswipe-Same Direction,2,Clear,Dry,Daylight
2021-01-02T18:59:00.000,I 75,I 75 and N Marietta Pkwy,,Angle Crash,2,Cloudy,Dry,Dark-Lighted
2021-06-17T14:25:00.000,I 75,I 75 and N Marietta Pkwy,,Rear End,2,Clear,Dry,Daylight
2021-01-07T22:57:00.000,I 75,I 75 and N Marietta Pkwy,,Rear End,2,Rain,Wet,Dark-Not Lighted
2021-05-11T08:43:00.000,I 75,I 75 and N Marietta Pkwy,,Not a Collision with Motor Vehicle,1,Cloudy,Dry,Daylight
2021-05-06T05:56:00.000,I 75,I 75 and N Marietta Pkwy,,Sideswipe-Same Direction,2,Clear,Dry,Dark-Lighted
2021-06-22T16:41:00.000,I 75,I 75 and N Marietta Pkwy,,Rear End,2,Clear,Dry,Daylight
2021-05-17T16:35:00.000,I 75,I 75 and N Marietta Pkwy,,Rear End,3,Clear,Dry,Daylight
2021-01-05T18:43:00.000,I 75,I 75 and N Marietta Pkwy,,Rear End,3,Cloudy,Dry,Dark-Not Lighted
2021-04-08T11:35:00.000,I 75,I 75 and N Marietta Pkwy,,Sideswipe-Same Direction,1,Cloudy,Dry,Daylight
2021-03-29T12:36:00.000,I 75,I 75 and N Marietta Pkwy,,Sideswipe-Same Direction,2,Clear,Dry,Daylight
2021-04-02T18:00:00.000,I 75,I 75 and N Marietta Pkwy,,Rear End,2,Clear,Dry,Daylight
2021-03-07T00:12:00.000,I 75,I 75 and N Marietta Pkwy,,Not a Collision with Motor Vehicle,1,Clear,Dry,Dark-Lighted
2021-01-09T14:30:00.000,I 75,I 75 and N Marietta Pkwy,,Sideswipe-Same Direction,2,Cloudy,Dry,Daylight
2021-01-11T23:35:00.000,I 75,I 75 and N Marietta Pkwy,,Rear End,2,Cloudy,Wet,Dark-Lighted
2021-06-04T17:05:00.000,I 75,I 75 and N Marietta Pkwy,,Sideswipe-Same Direction,2,Clear,Dry,Daylight
2021-11-05T15:55:00.000,I 75,I 75 and N Marietta Pkwy,,Rear End,4,Cloudy,Dry,Daylight
2021-07-07T00:15:00.000,I 75,I 75 and N Marietta Pkwy,,Not a Collision with Motor Vehicle,1,Rain,Wet,Dark-Not Lighted
2021-10-13T09:54:00.000,I 75,I 75 and N Marietta Pkwy,,Rear End,3,Clear,Dry,Daylight
2021-08-17T11:07:00.000,I 75,I 75 and N Marietta Pkwy,,Rear End,2,Rain,Wet,Daylight
2021-07-22T19:45:00.000,I 75,I 75 and N Marietta Pkwy,,Rear End,3,Clear,Dry,Daylight
2021-10-07T11:46:00.000,I 75,I 75 and N Marietta Pkwy,,Rear End,3,Cloudy,Dry,Daylight
2021-08-03T13:17:00.000,I 75,I 75 and N Marietta Pkwy,,Sideswipe-Same Direction,2,Cloudy,Dry,Daylight
2021-07-22T13:20:00.000,I 75,I 75 and N Marietta Pkwy,,Sideswipe-Same Direction,2,Clear,Dry,Daylight
2021-11-12T10:00:00.000,I 75,I 75 and N Marietta Pkwy,,Rear End,2,Clear,Dry,Daylight
2021-11-14T04:09:00.000,I 75,I 75 and N Marietta Pkwy,,Sideswipe-Same Direction,2,Clear,Dry,Dark-Lighted
2021-07-30T17:35:00.000,I 75,I 75 and N Marietta Pkwy,,Rear End,2,Clear,Dry,Daylight
2021-12-18T12:15:00.000,I 75,I 75 and N Marietta Pkwy,,Rear End,2,Rain,Wet,Daylight
2021-07-16T16:27:00.000,I 75,I 75 and N Marietta Pkwy,,Rear End,2,Cloudy,Dry,Daylight
2021-09-24T14:55:00.000,I 75,I 75 and N Marietta Pkwy,,Rear End,2,Clear,Dry,Daylight
2021-10-20T06:30:00.000,I 75,I 75 and N Marietta Pkwy,,Sideswipe-Same Direction,2,Cloudy,Dry,Dark-Not Lighted
2021-09-30T17:40:00.000,I 75,I 75 and N Marietta Pkwy,,Rear End,2,Cloudy,Dry,Daylight
2021-11-12T16:05:00.000,I 75,I 75 and N Marietta Pkwy,,Angle Crash,2,Clear,Dry,Daylight
2021-09-25T22:00:00.000,I 75,I 75 and N Marietta Pkwy,,Sideswipe-Same Direction,2,Clear,Dry,Dark-Lighted
2021-11-08T14:31:00.000,I 75,I 75 and N Marietta Pkwy,,Rear End,2,Clear,Dry,Daylight
2021-10-13T17:30:00.000,I 75,I 75 and N Marietta Pkwy,,Rear End,2,Clear,Dry,Daylight
2021-10-28T19:45:00.000,I 75,I 75 and N Marietta Pkwy,,Rear End,3,Cloudy,Wet,Dark-Not Lighted
2021-12-30T06:38:00.000,I 75,I 75 and N Marietta Pkwy,,Sideswipe-Same Direction,3,Rain,Wet,Dark-Not Lighted
2021-10-03T02:11:00.000,I 75,I 75 and N Marietta Pkwy,,Not a Collision with Motor Vehicle,1,Clear,Dry,Dark-Lighted
2021-09-28T16:06:00.000,I 75,I 75 and N Marietta Pkwy,,Rear End,2,Clear,Dry,Daylight
2021-11-30T18:01:00.000,I 75,I 75 and N Marietta Pkwy,,Rear End,2,Clear,Dry,Daylight
2021-09-09T21:20:00.000,I 75,I 75 and N Marietta Pkwy,,Sideswipe-Same Direction,2,Clear,Dry,Dark-Not Lighted
2021-09-03T13:25:00.000,I 75,I 75 and N Marietta Pkwy,,Rear End,2,Clear,Dry,Daylight
2021-11-13T19:13:00.000,I 75,I 75 and N Marietta Pkwy,,Sideswipe-Same Direction,2,Clear,Dry,Dark-Not Lighted
2021-11-01T07:19:00.000,I 75,I 75 and N Marietta Pkwy,,Rear End,2,Clear,Dry,Daylight
2021-07-21T07:55:00.000,I 75,I 75 and N Marietta Pkwy,,Rear End,2,Cloudy,Wet,Daylight
2021-09-28T11:35:00.000,I 75,I 75 and N Marietta Pkwy,,Sideswipe-Same Direction,2,Clear,Dry,Daylight
2021-10-04T16:09:00.000,I 75,I 75 and N Marietta Pkwy,,Rear End,2,Cloudy,Wet,Daylight
2021-09-02T14:36:00.000,I 75,I 75 and N Marietta Pkwy,,Rear End,2,Cloudy,Dry,Daylight
2021-11-08T14:00:00.000,I 75,I 75 and N Marietta Pkwy,,Sideswipe-Same Direction,2,Clear,Dry,Daylight
2021-09-17T15:00:00.000,I 75,I 75 and N Marietta Pkwy,,Angle Crash,2,Cloudy,Dry,Daylight
2021-09-28T14:43:00.000,I 75,I 75 and N Marietta Pkwy,,Rear End,2,Clear,Dry,Daylight
2021-07-21T08:41:00.000,I 75,I 75 and N Marietta Pkwy,,Rear End,3,Cloudy,Wet,Daylight
2021-07-03T15:00:00.000,I 75,I 75 and N Marietta Pkwy,,Rear End,2,Clear,Dry,Daylight
2021-10-28T19:05:00.000,I 75,I 75 and N Marietta Pkwy,,Rear End,2,Rain,Wet,Dark-Not Lighted
2021-12-21T18:53:00.000,I 75,I 75 and N Marietta Pkwy,,Sideswipe-Same Direction,2,Cloudy,Wet,Dark-Not Lighted
2021-09-24T15:30:00.000,I 75,I 75 and N Marietta Pkwy,,Rear End,4,Clear,Dry,Daylight
2021-09-18T11:17:00.000,I 75,I 75 and N Marietta Pkwy,,Rear End,2,Clear,Dry,Daylight
2021-12-30T05:54:00.000,I 75,I 75 and N Marietta Pkwy,,Rear End,2,Cloudy,Wet,Dark-Lighted
2021-09-19T16:00:00.000,I 75,I 75 and N Marietta Pkwy,,Sideswipe-Same Direction,2,Rain,Wet,Daylight
2021-09-17T15:31:00.000,I 75,I 75 and N Marietta Pkwy,,Angle Crash,5,Cloudy,Dry,Daylight
2021-09-08T17:10:00.000,I 75,I 75 and N Marietta Pkwy,,Rear End,3,Cloudy,Dry,Daylight
2021-07-19T15:56:00.000,I 75,I 75 and N Marietta Pkwy,,Rear End,2,Cloudy,Wet,Daylight
2021-12-03T13:40:00.000,I 75,I 75 and N Marietta Pkwy,,Rear End,2,Clear,Dry,Daylight
2021-08-18T15:00:00.000,I 75,I 75 and N Marietta Pkwy,,Rear End,2,Cloudy,Dry,Daylight
2021-07-29T21:10:00.000,I 75,I 75 and N Marietta Pkwy,,Rear End,2,Clear,Dry,Dark-Lighted
2021-10-07T13:05:00.000,I 75,I 75 and N Marietta Pkwy,,Rear End,2,Rain,Wet,Daylight
2021-10-24T01:34:00.000,I 75,I 75 and N Marietta Pkwy,,Head On,2,Clear,Dry,Dark-Not Lighted
2021-07-21T17:30:00.000,I 75,I 75 and N Marietta Pkwy,,Rear End,2,Cloudy,Dry,Daylight
2022-10-16T18:00:00.000,I 75,I 75 and N Marietta Pkwy,,Rear End,2,Clear,Dry,Daylight
2022-08-18T18:10:00.000,I 75,I 75 and N Marietta Pkwy,,Sideswipe-Same Direction,2,Cloudy,Dry,Daylight
2022-09-18T11:00:00.000,I 75,I 75 and N Marietta Pkwy,,Rear End,3,Clear,Dry,Daylight
2022-03-20T13:59:00.000,I 75,I 75 and N Marietta Pkwy,,Rear End,2,Clear,Dry,Daylight
2022-10-15T00:14:00.000,I 75,I 75 and N Marietta Pkwy,,Sideswipe-Same Direction,2,Clear,Dry,Dark-Lighted
2022-05-09T17:00:00.000,I 75,I 75 and N Marietta Pkwy,,Rear End,3,Clear,Dry,Daylight
2022-12-28T20:23:00.000,I 75,I 75 and N Marietta Pkwy,,Rear End,2,Clear,Dry,Dark-Not Lighted
2022-11-15T08:59:00.000,I 75,I 75 and N Marietta Pkwy,,Sideswipe-Same Direction,2,Rain,Wet,Daylight
2022-10-05T07:16:00.000,I 75,I 75 and N Marietta Pkwy,,Rear End,3,Clear,Dry,Dark-Lighted
2022-02-19T22:38:00.000,I 75,I 75 and N Marietta Pkwy,,Sideswipe-Same Direction,2,Cloudy,Dry,Dark-Lighted
2022-10-31T09:21:00.000,I 75,I 75 and N Marietta Pkwy,,Sideswipe-Same Direction,2,Rain,Wet,Daylight
2022-04-26T16:23:00.000,I 75,I 75 and N Marietta Pkwy,,Not a Collision with Motor Vehicle,2,Clear,Dry,Daylight
2022-12-09T06:40:00.000,I 75,I 75 and N Marietta Pkwy,,Sideswipe-Same Direction,2,Cloudy,Dry,Dark-Lighted
2022-09-21T17:07:00.000,I 75,I 75 and N Marietta Pkwy,,Rear End,2,Clear,Dry,Daylight
2022-01-21T11:10:00.000,I 75,I 75 and N Marietta Pkwy,,Rear End,2,Cloudy,Dry,Daylight
2022-10-18T01:20:00.000,I 75,I 75 and N Marietta Pkwy,,Sideswipe-Same Direction,2,Other,Dry,Dark-Not Lighted
2022-03-16T08:00:00.000,I 75,I 75 and N Marietta Pkwy,,Rear End,5,Rain,Wet,Daylight
2022-11-01T13:04:00.000,I 75,I 75 and N Marietta Pkwy,,Sideswipe-Same Direction,2,Clear,Dry,Daylight
2022-08-10T17:39:00.000,I 75,I 75 and N Marietta Pkwy,,Head On,2,Cloudy,Dry,Daylight
2022-04-02T14:49:00.000,I 75,I 75 and N Marietta Pkwy,,Rear End,4,Cloudy,Dry,Daylight
2021-12-14T17:25:00.000,I 75,I 75 and N Marietta Pkwy,,Rear End,2,Clear,Dry,Dusk
2021-10-15T16:43:00.000,I 75,I 75 and N Marietta Pkwy,,Rear End,2,Clear,Dry,Daylight
2021-10-13T09:25:00.000,I 75,I 75 and N Marietta Pkwy,,Rear End,2,Clear,Dry,Daylight
2021-11-12T09:10:00.000,I 75,I 75 and N Marietta Pkwy,,Rear End,2,Clear,Dry,Daylight
2021-12-05T03:25:00.000,I 75,I 75 and N Marietta Pkwy,,Not a Collision with Motor Vehicle,1,Clear,Dry,Dark-Not Lighted
2021-11-01T07:19:00.000,I 75,I 75 and N Marietta Pkwy,,Rear End,2,Clear,Dry,Daylight
2021-07-11T12:56:00.000,I 75,I 75 and N Marietta Pkwy,,Rear End,3,Rain,Wet,Daylight
2021-09-08T11:15:00.000,I 75,I 75 and N Marietta Pkwy,,Rear End,2,Clear,Wet,Daylight
2021-12-18T16:44:00.000,I 75,I 75 and N Marietta Pkwy,,Rear End,2,Clear,Dry,Daylight
2021-11-01T01:30:00.000,I 75,I 75 and N Marietta Pkwy,,Sideswipe-Same Direction,2,Clear,Dry,Dark-Lighted
2021-08-13T12:35:00.000,I 75,I 75 and N Marietta Pkwy,,Rear End,2,Clear,Dry,Daylight
2021-08-12T09:00:00.000,I 75,I 75 and N Marietta Pkwy,,Sideswipe-Same Direction,2,Clear,Dry,Daylight
2021-10-13T09:25:00.000,I 75,I 75 and N Marietta Pkwy,,Rear End,2,Clear,Dry,Daylight
2021-09-10T11:27:00.000,I 75,I 75 and N Marietta Pkwy,,Sideswipe-Same Direction,2,Clear,Dry,Daylight
2022-11-27T18:03:00.000,I 75,I 75 and N Marietta Pkwy,,Rear End,2,Clear,Dry,Dark-Not Lighted
2022-11-22T20:45:00.000,I 75,I 75 and N Marietta Pkwy,,Sideswipe-Same Direction,2,Clear,Dry,Dark-Not Lighted
2022-05-22T07:10:00.000,I 75,I 75 and N Marietta Pkwy,,Not a Collision with Motor Vehicle,1,Cloudy,Dry,Daylight
2022-04-03T17:05:00.000,I 75,I 75 and N Marietta Pkwy,,Sideswipe-Same Direction,2,Clear,Dry,Daylight
2022-01-28T18:05:00.000,I 75,I 75 and N Marietta Pkwy,,Rear End,2,Cloudy,Dry,Dark-Not Lighted
2022-08-13T13:30:00.000,I 75,I 75 and N Marietta Pkwy,,Rear End,2,Clear,Dry,Daylight
2022-07-06T19:29:00.000,I 75,I 75 and N Marietta Pkwy,,Angle Crash,3,Clear,Dry,Daylight
2022-09-15T16:20:00.000,I 75,I 75 and N Marietta Pkwy,,Rear End,2,Clear,Dry,Daylight
2022-06-20T11:31:00.000,I 75,I 75 and N Marietta Pkwy,,Not a Collision with Motor Vehicle,2,Clear,Dry,Daylight
2022-09-24T08:56:00.000,I 75,I 75 and N Marietta Pkwy,,Rear End,2,Clear,Dry,Daylight
2022-03-30T07:50:00.000,I 75,I 75 and N Marietta Pkwy,,Rear End,2,Clear,Dry,Daylight
2022-12-15T19:24:00.000,I 75,I 75 and N Marietta Pkwy,,Rear End,2,Clear,Dry,Daylight
2022-10-12T07:10:00.000,I 75,I 75 and N Marietta Pkwy,,Rear End,3,Rain,Wet,Daylight
2022-01-15T17:07:00.000,I 75,I 75 and N Marietta Pkwy,,Not a Collision with Motor Vehicle,1,Clear,Dry,Daylight
2022-11-21T12:52:00.000,I 75,I 75 and N Marietta Pkwy,,Rear End,2,Cloudy,Dry,Daylight
2022-11-03T12:00:00.000,I 75,I 75 and N Marietta Pkwy,,Rear End,3,Clear,Dry,Daylight
2022-03-19T16:57:00.000,I 75,I 75 and N Marietta Pkwy,,Rear End,2,Clear,Dry,Daylight
2022-10-24T05:59:00.000,I 75,I 75 and N Marietta Pkwy,,Rear End,2,Clear,Dry,Dark-Not Lighted
2022-03-19T15:05:00.000,I 75,I 75 and N Marietta Pkwy,,Sideswipe-Same Direction,2,Clear,Dry,Daylight
2022-10-13T07:25:00.000,I 75,I 75 and N Marietta Pkwy,,Rear End,2,Cloudy,Wet,Dawn
2022-01-14T20:26:00.000,I 75,I 75 and N Marietta Pkwy,,Sideswipe-Same Direction,2,Clear,Dry,Dark-Not Lighted
2022-02-26T18:33:00.000,I 75,I 75 and N Marietta Pkwy,,Rear End,2,Cloudy,Dry,Dark-Not Lighted
2022-09-18T13:15:00.000,I 75,I 75 and N Marietta Pkwy,,Rear End,2,Clear,Dry,Daylight
2022-01-18T18:24:00.000,I 75,I 75 and N Marietta Pkwy,,Angle Crash,2,Clear,Dry,Daylight
2022-10-03T05:52:00.000,I 75,I 75 and N Marietta Pkwy,,Rear End,2,Clear,Dry,Dark-Not Lighted
2022-10-21T22:31:00.000,I 75,I 75 and N Marietta Pkwy,,Sideswipe-Same Direction,2,Clear,Dry,Dark-Not Lighted
2022-10-03T16:20:00.000,I 75,I 75 and N Marietta Pkwy,,Rear End,3,Clear,Dry,Daylight
2022-12-11T15:03:00.000,I 75,I 75 and N Marietta Pkwy,,Rear End,2,Rain,Wet,Daylight
2022-06-12T04:36:00.000,I 75,I 75 and N Marietta Pkwy,,Not a Collision with Motor Vehicle,1,Clear,Dry,Dark-Not Lighted
2022-11-02T07:40:00.000,I 75,I 75 and N Marietta Pkwy,,Rear End,3,Clear,Dry,Daylight