Date and Time,Roadway (From Crash Report),Intersection Name (from Crash Report),KABCO Severity,Manner of Collision (Crash Level) ,# of Vehicles per crash ,Weather Conditions (Crash Level),Surface Condition (Crash Level) ,Light Conditions (Crash Level)
2022-07-30T18:08:00.000,I 75,I 75 and N Marietta Pkwy,,Rear End,2,Rain,Wet,Daylight
2022-10-15T06:40:00.000,I 75,I 75 and N Marietta Pkwy,,Rear End,3,Clear,Dry,Dark-Lighted
2022-10-12T07:00:00.000,I 75,I 75 and N Marietta Pkwy,,Rear End,2,Cloudy,Wet,Daylight
2022-11-15T07:15:00.000,I 75,I 75 and N Marietta Pkwy,,Rear End,3,Rain,Wet,Dawn
2022-05-02T17:45:00.000,I 75,I 75 and N Marietta Pkwy,,Rear End,2,Clear,Dry,Daylight
2022-10-16T17:30:00.000,I 75,I 75 and N Marietta Pkwy,,Rear End,3,Clear,Dry,Daylight
2022-04-22T06:47:00.000,I 75,I 75 and N Marietta Pkwy,,Sideswipe-Same Direction,2,Clear,Dry,Daylight
2022-10-26T07:45:00.000,I 75,I 75 and N Marietta Pkwy,,Rear End,2,Clear,Dry,Daylight
2022-02-18T18:35:00.000,I 75,I 75 and N Marietta Pkwy,,Rear End,2,Cloudy,Dry,Dark-Not Lighted
2022-03-16T09:28:00.000,I 75,I 75 and N Marietta Pkwy,,Rear End,2,Rain,Wet,Daylight
2022-12-09T06:40:00.000,I 75,I 75 and N Marietta Pkwy,,Rear End,2,Cloudy,Dry,Dark-Lighted
2022-10-24T16:05:00.000,I 75,I 75 and N Marietta Pkwy,,Sideswipe-Same Direction,2,Clear,Dry,Daylight
2022-05-10T16:37:00.000,I 75,I 75 and N Marietta Pkwy,,Rear End,3,Clear,Dry,Daylight
2022-01-14T14:54:00.000,I 75,I 75 and N Marietta Pkwy,,Rear End,2,Clear,Dry,Daylight
2022-11-10T18:00:00.000,I 75,I 75 and N Marietta Pkwy,,Rear End,2,Rain,Wet,Dark-Lighted
2022-10-12T18:33:00.000,I 75,I 75 and N Marietta Pkwy,,Rear End,2,Cloudy,Wet,Dark-Lighted
2022-03-19T03:11:00.000,I 75,I 75 and N Marietta Pkwy,,Sideswipe-Same Direction,2,Rain,Wet,Dark-Lighted
2022-09-16T21:56:00.000,I 75,I 75 and N Marietta Pkwy,,Rear End,2,Clear,Dry,Dark-Not Lighted
2022-10-09T00:56:00.000,I 75,I 75 and N Marietta Pkwy,,Sideswipe-Same Direction,3,Clear,Dry,Dark-Not Lighted
2022-01-15T18:12:00.000,I 75,I 75 and N Marietta Pkwy,,Rear End,4,Clear,Dry,Dark-Lighted
2022-01-01T03:18:00.000,I 75,I 75 and N Marietta Pkwy,,Not a Collision with Motor Vehicle,1,Cloudy,Wet,Dark-Not Lighted
2022-11-10T08:55:00.000,I 75,I 75 and N Marietta Pkwy,,Sideswipe-Same Direction,2,Cloudy,Dry,Daylight
2022-05-27T17:30:00.000,I 75,I 75 and N Marietta Pkwy,,Rear End,2,Clear,Dry,Daylight
2022-09-11T16:58:00.000,I 75,I 75 and N Marietta Pkwy,,Rear End,2,Clear,Dry,Daylight
2022-07-01T14:34:00.000,I 75,I 75 and N Marietta Pkwy,,Sideswipe-Same Direction,2,Cloudy,Dry,Daylight
2022-06-24T23:05:00.000,I 75,I 75 and N Marietta Pkwy,,Rear End,2,Clear,Dry,Dark-Not Lighted
2022-06-01T16:29:00.000,I 75,I 75 and N Marietta Pkwy,,Rear End,2,Cloudy,Dry,Daylight
2022-07-31T18:48:00.000,I 75,I 75 and N Marietta Pkwy,,Rear End,2,Cloudy,Dry,Daylight
2022-02-03T13:55:00.000,I 75,I 75 and N Marietta Pkwy,,Rear End,4,Clear,Dry,Daylight
2022-12-20T12:44:00.000,I 75,I 75 and N Marietta Pkwy,,Rear End,2,Rain,Wet,Daylight
2022-05-17T15:45:00.000,I 75,I 75 and N Marietta Pkwy,,Rear End,2,Clear,Dry,Daylight
2022-10-25T07:22:00.000,I 75,I 75 and N Marietta Pkwy,,Rear End,2,Clear,Dry,Daylight
2022-03-18T14:06:00.000,I 75,I 75 and N Marietta Pkwy,,Rear End,3,Rain,Wet,Daylight
2022-10-12T10:48:00.000,I 75,I 75 and N Marietta Pkwy,,Rear End,2,Cloudy,Dry,Daylight
2022-10-23T12:16:00.000,I 75,I 75 and N Marietta Pkwy,,Rear End,2,Cloudy,Dry,Daylight
2022-08-10T17:19:00.000,I 75,I 75 and N Marietta Pkwy,,Rear End,2,Cloudy,Dry,Daylight
2022-06-17T18:14:00.000,I 75,I 75 and N Marietta Pkwy,,Rear End,2,Clear,Dry,Daylight
2022-10-06T06:59:00.000,I 75,I 75 and N Marietta Pkwy,,Rear End,2,Clear,Dry,Daylight
2022-06-17T16:07:00.000,I 75,I 75 and N Marietta Pkwy,,Sideswipe-Same Direction,2,Clear,Dry,Daylight
2022-07-29T13:30:00.000,I 75,I 75 and N Marietta Pkwy,,Sideswipe-Same Direction,2,Clear,Dry,Daylight
2022-07-12T15:28:00.000,I 75,I 75 and N Marietta Pkwy,,Sideswipe-Same Direction,2,Cloudy,Dry,Daylight
2022-05-05T17:16:00.000,I 75,I 75 and N Marietta Pkwy,,Rear End,2,Clear,Dry,Daylight
2022-03-18T18:00:00.000,I 75,I 75 and N Marietta Pkwy,,Rear End,3,Cloudy,Wet,Daylight
2022-05-13T18:15:00.000,I 75,I 75 and N Marietta Pkwy,,Rear End,2,Clear,Dry,Daylight
2022-02-11T16:29:00.000,I 75,I 75 and N Marietta Pkwy,,Rear End,2,Clear,Dry,Daylight
2022-11-02T08:01:00.000,I 75,I 75 and N Marietta Pkwy,,Sideswipe-Same Direction,2,Cloudy,Dry,Daylight
2022-10-15T13:37:00.000,I 75,I 75 and N Marietta Pkwy,,Rear End,2,Clear,Dry,Daylight
2022-08-24T09:43:00.000,I 75,I 75 and N Marietta Pkwy,,Sideswipe-Same Direction,2,Clear,Dry,Daylight
2022-10-02T20:22:00.000,I 75,I 75 and N Marietta Pkwy,,Angle Crash,2,Clear,Dry,Dark-Not Lighted
2022-08-06T15:25:00.000,I 75,I 75 and N Marietta Pkwy,,Rear End,2,Clear,Dry,Daylight
2022-06-20T15:19:00.000,I 75,I 75 and N Marietta Pkwy,,Sideswipe-Same Direction,3,Clear,Dry,Daylight
2022-01-18T20:50:00.000,I 75,I 75 and N Marietta Pkwy,,Sideswipe-Same Direction,2,Clear,Dry,Dark-Lighted
2022-03-12T02:15:00.000,I 75,I 75 and N Marietta Pkwy,,Not a Collision with Motor Vehicle,1,Rain,Wet,Dark-Not Lighted
2022-12-16T14:00:00.000,I 75,I 75 and N Marietta Pkwy,,Rear End,2,Clear,Dry,Daylight
2022-01-28T16:25:00.000,I 75,I 75 and N Marietta Pkwy,,Sideswipe-Same Direction,2,Clear,Dry,Daylight
2021-07-24T01:40:00.000,I 75,I 75 and N Marietta Pkwy,,Not a Collision with Motor Vehicle,1,Clear,Dry,Dark-Lighted
2021-10-18T10:45:00.000,I 75,I 75 and N Marietta Pkwy,,Sideswipe-Same Direction,2,Clear,Dry,Daylight
2021-09-14T14:19:00.000,I 75,I 75 and N Marietta Pkwy,,Rear End,2,Clear,Dry,Daylight
2021-09-05T12:45:00.000,I 75,I 75 and N Marietta Pkwy,,Not a Collision with Motor Vehicle,1,Clear,Dry,Daylight
2021-10-15T09:35:00.000,I 75,I 75 and N Marietta Pkwy,,Sideswipe-Same Direction,2,Clear,Dry,Daylight
2021-12-02T12:45:00.000,I 75,I 75 and N Marietta Pkwy,,Rear End,2,Clear,Dry,Daylight
2021-11-29T10:44:00.000,I 75,I 75 and N Marietta Pkwy,,Sideswipe-Same Direction,2,Clear,Dry,Daylight
2021-11-27T18:51:00.000,I 75,I 75 and N Marietta Pkwy,,Sideswipe-Same Direction,2,Clear,Dry,Daylight
2021-07-19T13:40:00.000,I 75,I 75 and N Marietta Pkwy,,Angle Crash,2,Cloudy,Dry,Daylight
2021-10-07T21:45:00.000,I 75,I 75 and N Marietta Pkwy,,Angle Crash,2,Clear,Dry,Dark-Lighted
2021-08-24T12:50:00.000,I 75,I 75 and N Marietta Pkwy,,Rear End,2,Clear,Dry,Daylight
2021-10-18T07:45:00.000,I 75,I 75 and N Marietta Pkwy,,Rear End,2,Clear,Dry,Daylight
2022-04-25T06:51:00.000,I 75,I 75 and N Marietta Pkwy,,Rear End,2,Clear,Dry,Daylight
2022-07-12T06:51:00.000,I 75,I 75 and N Marietta Pkwy,,Sideswipe-Same Direction,4,Clear,Dry,Daylight
2022-12-27T12:00:00.000,I 75,I 75 and N Marietta Pkwy,,Rear End,3,Clear,Dry,Daylight
2022-11-25T09:15:00.000,I 75,I 75 and N Marietta Pkwy,,Sideswipe-Same Direction,2,Cloudy,Wet,Daylight
2022-12-21T12:09:00.000,I 75,I 75 and N Marietta Pkwy,,Not a Collision with Motor Vehicle,2,Clear,Dry,Daylight
2022-09-15T07:18:00.000,I 75,I 75 and N Marietta Pkwy,,Rear End,2,Clear,Dry,Daylight
2022-03-19T16:40:00.000,I 75,I 75 and N Marietta Pkwy,,Rear End,2,Clear,Dry,Daylight
2022-03-24T11:04:00.000,I 75,I 75 and N Marietta Pkwy,,Rear End,2,Clear,Dry,Daylight
2022-02-21T09:42:00.000,I 75,I 75 and N Marietta Pkwy,,Sideswipe-Same Direction,2,Clear,Dry,Daylight
2022-03-30T06:06:00.000,I 75,I 75 and N Marietta Pkwy,,Angle Crash,3,Clear,Dry,Dark-Not Lighted
2022-03-13T23:33:00.000,I 75,I 75 and N Marietta Pkwy,,Rear End,2,Clear,Dry,Dark-Lighted
2022-03-19T08:16:00.000,I 75,I 75 and N Marietta Pkwy,,Rear End,2,Cloudy,Dry,Daylight
2022-09-20T06:05:00.000,I 75,I 75 and N Marietta Pkwy,,Angle Crash,2,Cloudy,Dry,Dark-Lighted
2022-12-30T22:41:00.000,I 75,I 75 and N Marietta Pkwy,,Angle Crash,2,Cloudy,Wet,Dark-Not Lighted
2022-05-29T15:40:00.000,I 75,I 75 and N Marietta Pkwy,,Rear End,2,Clear,Dry,Daylight
2022-04-22T16:05:00.000,I 75,I 75 and N Marietta Pkwy,,Rear End,2,Clear,Dry,Daylight
2022-11-04T15:05:00.000,I 75,I 75 and N Marietta Pkwy,,Rear End,2,Clear,Dry,Daylight
2022-11-11T09:22:00.000,I 75,I 75 and N Marietta Pkwy,,Not a Collision with Motor Vehicle,1,Rain,Wet,Daylight
2022-01-20T19:30:00.000,I 75,I 75 and N Marietta Pkwy,,Sideswipe-Same Direction,3,Cloudy,Wet,Dark-Not Lighted
2022-08-06T18:22:00.000,I 75,I 75 and N Marietta Pkwy,,Rear End,2,Clear,Dry,Daylight
2022-05-13T18:10:00.000,I 75,I 75 and N Marietta Pkwy,,Sideswipe-Same Direction,2,Clear,Dry,Daylight
2022-10-24T12:50:00.000,I 75,I 75 and N Marietta Pkwy,,Sideswipe-Same Direction,4,Clear,Dry,Daylight
2022-08-13T09:57:00.000,I 75,I 75 and N Marietta Pkwy,,Sideswipe-Same Direction,2,Clear,Dry,Daylight
2022-05-12T12:13:00.000,I 75,I 75 and N Marietta Pkwy,,Rear End,2,Clear,Dry,Daylight
2022-11-22T20:04:00.000,I 75,I 75 and N Marietta Pkwy,,Rear End,2,Clear,Dry,Dark-Not Lighted
2022-09-14T11:44:00.000,I 75,I 75 and N Marietta Pkwy,,Rear End,2,Clear,Dry,Daylight
2022-01-22T10:45:00.000,I 75,I 75 and N Marietta Pkwy,,Angle Crash,2,Clear,Dry,Daylight
2022-10-24T08:50:00.000,I 75,I 75 and N Marietta Pkwy,,Sideswipe-Same Direction,2,Clear,Dry,Daylight
2022-05-18T15:20:00.000,I 75,I 75 and N Marietta Pkwy,,Rear End,2,Clear,Dry,Daylight
2022-07-06T20:42:00.000,I 75,I 75 and N Marietta Pkwy,,Sideswipe-Same Direction,2,Cloudy,Dry,Dark-Not Lighted
2022-11-29T21:34:00.000,I 75,I 75 and N Marietta Pkwy,,Rear End,2,Rain,Water (standing or moving),Dark-Not Lighted
2022-05-13T19:58:00.000,I 75,I 75 and N Marietta Pkwy,,Rear End,2,Clear,Dry,Dusk
2022-04-12T23:05:00.000,I 75,I 75 and N Marietta Pkwy,,Sideswipe-Same Direction,2,Clear,Dry,Dark-Not Lighted
2022-04-01T16:33:00.000,I 75,I 75 and N Marietta Pkwy,,Rear End,2,Clear,Dry,Daylight
2022-04-22T13:58:00.000,I 75,I 75 and N Marietta Pkwy,,Rear End,2,Clear,Dry,Daylight
2022-11-10T16:50:00.000,I 75,I 75 and N Marietta Pkwy,,Rear End,2,Rain,Wet,Daylight
2022-05-10T17:20:00.000,I 75,I 75 and N Marietta Pkwy,,Rear End,2,Clear,Dry,Daylight
2022-05-05T14:10:00.000,I 75,I 75 and N Marietta Pkwy,,Rear End,2,Clear,Dry,Daylight
2022-02-16T06:20:00.000,I 75,I 75 and N Marietta Pkwy,,Rear End,2,Clear,Dry,Dark-Lighted
2022-10-13T09:20:00.000,I 75,I 75 and N Marietta Pkwy,,Rear End,2,Clear,Wet,Daylight
2022-02-28T10:27:00.000,I 75,I 75 and N Marietta Pkwy,,Rear End,3,Clear,Dry,Daylight
2022-01-26T16:49:00.000,I 75,I 75 and N Marietta Pkwy,,Rear End,2,Clear,Dry,Daylight
2022-12-14T21:54:00.000,I 75,I 75 and N Marietta Pkwy,,Not a Collision with Motor Vehicle,1,Cloudy,Wet,Dark-Not Lighted
2022-07-14T17:20:00.000,I 75,I 75 and N Marietta Pkwy,,Rear End,2,Cloudy,Dry,Daylight
2022-05-07T17:04:00.000,I 75,I 75 and N Marietta Pkwy,,Rear End,2,Clear,Dry,Daylight
2022-11-10T17:24:00.000,I 75,I 75 and N Marietta Pkwy,,Rear End,2,Rain,Wet,Daylight
2022-07-25T17:39:00.000,I 75,I 75 and N Marietta Pkwy,,Rear End,2,Cloudy,Dry,Daylight
2022-03-16T15:57:00.000,I 75,I 75 and N Marietta Pkwy,,Sideswipe-Same Direction,2,Cloudy,Dry,Daylight
2022-10-15T08:46:00.000,I 75,I 75 and N Marietta Pkwy,,Rear End,2,Clear,Dry,Daylight
2022-11-22T19:02:00.000,I 75,I 75 and N Marietta Pkwy,,Sideswipe-Same Direction,2,Cloudy,Dry,Dark-Not Lighted
2022-08-13T18:40:00.000,I 75,I 75 and N Marietta Pkwy,,Angle Crash,2,Clear,Dry,Daylight
2022-11-15T11:10:00.000,I 75,I 75 and N Marietta Pkwy,,Sideswipe-Same Direction,3,Rain,Wet,Daylight
2022-09-16T20:00:00.000,I 75,I 75 and N Marietta Pkwy,,Not a Collision with Motor Vehicle,1,Clear,Dry,Daylight
2022-05-13T16:20:00.000,I 75,I 75 and N Marietta Pkwy,,Rear End,2,Clear,Dry,Daylight
2022-07-07T15:59:00.000,I 75,I 75 and N Marietta Pkwy,,Rear End,2,Cloudy,Dry,Daylight
2022-10-26T12:52:00.000,I 75,I 75 and N Marietta Pkwy,,Rear End,2,Clear,Dry,Daylight
2022-09-08T08:36:00.000,I 75,I 75 and N Marietta Pkwy,,Sideswipe-Same Direction,2,Clear,Dry,Daylight
2022-06-19T13:45:00.000,I 75,I 75 and N Marietta Pkwy,,Rear End,3,Clear,Dry,Daylight
2022-04-25T12:35:00.000,I 75,I 75 and N Marietta Pkwy,,Not a Collision with Motor Vehicle,1,Cloudy,Dry,Daylight
2022-01-11T08:45:00.000,I 75,I 75 and N Marietta Pkwy,,Rear End,2,Clear,Dry,Daylight
2022-06-23T14:33:00.000,I 75,I 75 and N Marietta Pkwy,,Rear End,2,Clear,Dry,Daylight
2022-09-23T14:05:00.000,I 75,I 75 and N Marietta Pkwy,,Rear End,2,Clear,Dry,Daylight
2022-10-13T13:08:00.000,I 75,I 75 and N Marietta Pkwy,,Rear End,2,Cloudy,Dry,Daylight
2022-10-15T14:58:00.000,I 75,I 75 and N Marietta Pkwy,,Rear End,2,Clear,Dry,Daylight
2022-09-08T13:55:00.000,I 75,I 75 and N Marietta Pkwy,,Rear End,3,Clear,Dry,Daylight
2022-08-31T14:40:00.000,I 75,I 75 and N Marietta Pkwy,,Not a Collision with Motor Vehicle,1,Cloudy,Dry,Daylight
2022-10-08T14:29:00.000,I 75,I 75 and N Marietta Pkwy,,Rear End,2,Clear,Dry,Daylight
2022-01-20T23:45:00.000,I 75,I 75 and N Marietta Pkwy,,Rear End,2,Cloudy,Dry,Dark-Lighted
2022-02-24T17:30:00.000,I 75,I 75 and N Marietta Pkwy,,Sideswipe-Same Direction,2,Clear,Dry,Daylight
2022-06-07T08:50:00.000,I 75,I 75 and N Marietta Pkwy,,Not a Collision with Motor Vehicle,1,Cloudy,Dry,Daylight
2022-03-31T05:09:00.000,I 75,I 75 and N Marietta Pkwy,,Not a Collision with Motor Vehicle,1,Rain,Wet,Dark-Not Lighted
2022-03-31T16:53:00.000,I 75,I 75 and N Marietta Pkwy,,Rear End,2,Clear,Dry,Daylight
2022-10-22T22:32:00.000,I 75,I 75 and N Marietta Pkwy,,Rear End,3,Cloudy,Dry,Dark-Lighted
2022-08-22T07:35:00.000,I 75,I 75 and N Marietta Pkwy,,Rear End,2,Cloudy,Dry,Daylight
2022-04-12T15:07:00.000,I 75,I 75 and N Marietta Pkwy,,Rear End,2,Clear,Dry,Daylight
2022-06-07T16:19:00.000,I 75,I 75 and N Marietta Pkwy,,Rear End,2,Cloudy,Dry,Daylight
2022-10-24T14:40:00.000,I 75,I 75 and N Marietta Pkwy,,Rear End,2,Clear,Dry,Daylight
2022-11-04T15:05:00.000,I 75,I 75 and N Marietta Pkwy,,Rear End,4,Clear,Dry,Daylight
2022-12-23T23:42:00.000,I 75,I 75 and N Marietta Pkwy,,Sideswipe-Same Direction,2,Clear,Dry,Dark-Not Lighted
2022-06-11T18:33:00.000,I 75,I 75 and N Marietta Pkwy,,Rear End,2,Cloudy,Dry,Daylight
2022-09-18T15:00:00.000,I 75,I 75 and N Marietta Pkwy,,Rear End,3,Clear,Dry,Daylight
2022-08-06T15:30:00.000,I 75,I 75 and N Marietta Pkwy,,Sideswipe-Same Direction,2,Clear,Dry,Daylight
2022-08-08T14:46:00.000,I 75,I 75 and N Marietta Pkwy,,Not a Collision with Motor Vehicle,2,Rain,Snow,Daylight
2022-03-16T10:00:00.000,I 75,I 75 and N Marietta Pkwy,,Rear End,2,Rain,Wet,Daylight
2022-11-27T18:50:00.000,I 75,I 75 and N Marietta Pkwy,,Rear End,2,Clear,Dry,Dark-Not Lighted
2022-12-15T13:15:00.000,I 75,I 75 and N Marietta Pkwy,,Rear End,2,Clear,Dry,Daylight
2022-05-13T17:09:00.000,I 75,I 75 and N Marietta Pkwy,,Sideswipe-Same Direction,2,Clear,Dry,Daylight
2022-03-14T17:00:00.000,I 75,I 75 and N Marietta Pkwy,,Rear End,2,Clear,Dry,Daylight
2022-11-23T11:39:00.000,I 75,I 75 and N Marietta Pkwy,,Rear End,2,Clear,Dry,Daylight
2022-08-29T12:15:00.000,I 75,I 75 and N Marietta Pkwy,,Sideswipe-Same Direction,2,Clear,Dry,Daylight
2022-07-02T10:00:00.000,I 75,I 75 and N Marietta Pkwy,,Sideswipe-Same Direction,2,Clear,Dry,Daylight
2022-05-29T15:53:00.000,I 75,I 75 and N Marietta Pkwy,,Sideswipe-Same Direction,2,Cloudy,Dry,Daylight
2022-12-15T19:24:00.000,I 75,I 75 and N Marietta Pkwy,,Rear End,2,Clear,Dry,Dark-Not Lighted
2022-10-26T07:00:00.000,I 75,I 75 and N Marietta Pkwy,,Rear End,2,Clear,Dry,Dawn
2022-08-31T17:00:00.000,I 75,I 75 and N Marietta Pkwy,,Rear End,2,Clear,Dry,Daylight
2022-04-28T17:28:00.000,I 75,I 75 and N Marietta Pkwy,,Rear End,2,Clear,Dry,Daylight
2022-06-09T11:35:00.000,I 75,I 75 and N Marietta Pkwy,,Rear End,2,Cloudy,Dry,Daylight
2022-06-07T09:00:00.000,I 75,I 75 and N Marietta Pkwy,,Rear End,2,Cloudy,Dry,Daylight
2022-10-22T23:50:00.000,I 75,I 75 and N Marietta Pkwy,,Sideswipe-Same Direction,2,Clear,Dry,Dark-Not Lighted
2022-06-21T09:36:00.000,I 75,I 75 and N Marietta Pkwy,,Rear End,2,Clear,Dry,Daylight
2022-11-22T19:36:00.000,I 75,I 75 and N Marietta Pkwy,,Sideswipe-Same Direction,2,Cloudy,Dry,Dark-Not Lighted
2022-10-20T14:19:00.000,I 75,I 75 and N Marietta Pkwy,,Sideswipe-Same Direction,2,Clear,Dry,Daylight
2022-07-07T05:30:00.000,I 75,I 75 and N Marietta Pkwy,,Sideswipe-Same Direction,2,Clear,Dry,Dark-Not Lighted
2022-06-29T17:15:00.000,I 75,I 75 and N Marietta Pkwy,,Rear End,2,Clear,Dry,Daylight
2022-02-08T19:00:00.000,I 75,I 75 and N Marietta Pkwy,,Sideswipe-Same Direction,2,Clear,Dry,Dark-Not Lighted
2022-04-03T15:30:00.000,I 75,I 75 and N Marietta Pkwy,,Rear End,2,Clear,Dry,Daylight
2022-11-07T19:08:00.000,I 75,I 75 and N Marietta Pkwy,,Rear End,2,Clear,Dry,Dark-Lighted
2022-03-16T19:37:00.000,I 75,I 75 and N Marietta Pkwy,,Angle Crash,2,Rain,Wet,Dark-Lighted
2022-08-01T20:02:00.000,I 75,I 75 and N Marietta Pkwy,,Angle Crash,2,Cloudy,Dry,Dusk
2022-06-08T13:55:00.000,I 75,I 75 and N Marietta Pkwy,,Sideswipe-Same Direction,2,Clear,Dry,Daylight
2022-12-11T14:30:00.000,I 75,I 75 and N Marietta Pkwy,,Angle Crash,2,Rain,Wet,Daylight
2022-09-12T11:49:00.000,I 75,I 75 and N Marietta Pkwy,,Not a Collision with Motor Vehicle,1,Clear,Dry,Daylight
2022-03-26T16:58:00.000,I 75,I 75 and N Marietta Pkwy,,Rear End,2,Clear,Dry,Daylight
2022-07-28T16:25:00.000,I 75,I 75 and N Marietta Pkwy,,Rear End,4,Clear,Dry,Daylight
2022-06-01T01:10:00.000,I 75,I 75 and N Marietta Pkwy,,Rear End,2,Clear,Dry,Dark-Not Lighted
2022-03-10T15:08:00.000,I 75,I 75 and N Marietta Pkwy,,Rear End,2,Clear,Dry,Daylight
2022-06-01T17:02:00.000,I 75,I 75 and N Marietta Pkwy,,Rear End,2,Clear,Dry,Daylight
2022-05-09T11:05:00.000,I 75,I 75 and N Marietta Pkwy,,Rear End,2,Clear,Dry,Daylight
2022-06-28T08:00:00.000,I 75,I 75 and N Marietta Pkwy,,Sideswipe-Same Direction,2,Cloudy,Dry,Daylight
2022-03-18T15:42:00.000,I 75,I 75 and N Marietta Pkwy,,Rear End,2,Cloudy,Wet,Daylight
2022-07-28T14:35:00.000,I 75,I 75 and N Marietta Pkwy,,Rear End,2,Clear,Dry,Daylight
2022-05-04T17:55:00.000,I 75,I 75 and N Marietta Pkwy,,Angle Crash,2,Clear,Dry,Daylight
2022-04-16T04:28:00.000,I 75,I 75 and N Marietta Pkwy,,Sideswipe-Same Direction,2,Rain,Wet,Dark-Not Lighted
2022-05-07T16:00:00.000,I 75,I 75 and N Marietta Pkwy,,Rear End,2,Clear,Dry,Daylight
2022-09-24T12:31:00.000,I 75,I 75 and N Marietta Pkwy,,Sideswipe-Same Direction,2,Cloudy,Dry,Daylight
2022-06-24T23:05:00.000,I 75,I 75 and N Marietta Pkwy,,Not a Collision with Motor Vehicle,1,Clear,Dry,Dark-Not Lighted
2022-11-11T17:40:00.000,I 75,I 75 and N Marietta Pkwy,,Rear End,2,Rain,Wet,Dark-Not Lighted
2022-06-14T11:45:00.000,I 75,I 75 and N Marietta Pkwy,,Rear End,2,Clear,Dry,Dark-Not Lighted
2022-11-28T06:57:00.000,I 75,I 75 and N Marietta Pkwy,,Rear End,3,Clear,Dry,Daylight
2022-10-12T07:20:00.000,I 75,I 75 and N Marietta Pkwy,,Rear End,2,Cloudy,Wet,Daylight
2022-05-27T14:45:00.000,I 75,I 75 and N Marietta Pkwy,,Sideswipe-Same Direction,2,Clear,Dry,Daylight
2022-11-02T07:18:00.000,I 75,I 75 and N Marietta Pkwy,,Rear End,2,Clear,Dry,Daylight
2022-08-19T13:55:00.000,I 75,I 75 and N Marietta Pkwy,,Rear End,2,Cloudy,Wet,Daylight
2022-12-06T00:56:00.000,I 75,I 75 and N Marietta Pkwy,,Not a Collision with Motor Vehicle,1,Rain,Wet,Dark-Not Lighted
2022-06-01T16:08:00.000,I 75,I 75 and N Marietta Pkwy,,Sideswipe-Same Direction,3,Clear,Dry,Daylight
2022-03-22T14:15:00.000,I 75,I 75 and N Marietta Pkwy,,Sideswipe-Same Direction,2,Clear,Dry,Daylight
2022-03-07T16:15:00.000,I 75,I 75 and N Marietta Pkwy,,Sideswipe-Same Direction,2,Rain,Wet,Daylight
2022-10-31T21:00:00.000,I 75,I 75 and N Marietta Pkwy,,Angle Crash,2,Clear,Dry,Dark-Not Lighted
2022-12-14T06:45:00.000,I 75,I 75 and N Marietta Pkwy,,Rear End,2,Cloudy,Dry,Dark-Not Lighted
2022-04-25T09:56:00.000,I 75,I 75 and N Marietta Pkwy,,Rear End,2,Clear,Dry,Daylight
2022-12-27T16:12:00.000,I 75,I 75 and N Marietta Pkwy,,Rear End,2,Clear,Dry,Daylight
2022-03-10T10:39:00.000,I 75,I 75 and N Marietta Pkwy,,Rear End,2,Clear,Dry,Daylight
2022-11-17T14:13:00.000,I 75,I 75 and N Marietta Pkwy,,Rear End,2,Clear,Dry,Daylight
2022-08-24T13:15:00.000,I 75,I 75 and N Marietta Pkwy,,Rear End,2,Clear,Dry,Daylight
2022-07-16T04:55:00.000,I 75,I 75 and N Marietta Pkwy,,Rear End,2,Cloudy,Dry,Dark-Lighted
2022-07-12T08:13:00.000,I 75,I 75 and N Marietta Pkwy,,Sideswipe-Same Direction,2,Cloudy,Dry,Daylight
2022-06-18T16:27:00.000,I 75,I 75 and N Marietta Pkwy,,Rear End,2,Clear,Dry,Dark-Not Lighted
2022-10-09T06:45:00.000,I 75,I 75 and N Marietta Pkwy,,Sideswipe-Same Direction,2,Clear,Dry,Dark-Lighted
2022-10-17T20:56:00.000,I 75,I 75 and N Marietta Pkwy,,Angle Crash,2,Clear,Dry,Dark-Not Lighted
2022-10-15T19:56:00.000,I 75,I 75 and N Marietta Pkwy,,Sideswipe-Same Direction,2,Clear,Dry,Dark-Not Lighted
2022-02-26T14:48:00.000,I 75,I 75 and N Marietta Pkwy,,Not a Collision with Motor Vehicle,1,Cloudy,Dry,Daylight
2022-06-04T22:10:00.000,I 75,I 75 and N Marietta Pkwy,,Sideswipe-Same Direction,2,Cloudy,Dry,Dark-Lighted
2022-06-26T16:31:00.000,I 75,I 75 and N Marietta Pkwy,,Rear End,2,Cloudy,Dry,Daylight
2022-01-29T12:47:00.000,I 75,I 75 and N Marietta Pkwy,,Rear End,2,Clear,Dry,Daylight
2022-10-25T22:13:00.000,I 75,I 75 and N Marietta Pkwy,,Angle Crash,2,Rain,Water (standing or moving),Dark-Not Lighted
2022-02-04T16:40:00.000,I 75,I 75 and N Marietta Pkwy,,Rear End,2,Cloudy,Dry,Daylight
2022-05-26T07:28:00.000,I 75,I 75 and N Marietta Pkwy,,Rear End,2,Cloudy,Dry,Daylight
2022-10-15T02:00:00.000,I 75,I 75 and N Marietta Pkwy,,Rear End,2,Clear,Dry,Dark-Not Lighted
2022-06-17T19:20:00.000,I 75,I 75 and N Marietta Pkwy,,Rear End,2,Clear,Wet,Daylight
2022-11-10T17:40:00.000,I 75,I 75 and N Marietta Pkwy,,Rear End,2,Cloudy,Wet,Dusk
2022-05-10T07:47:00.000,I 75,I 75 and N Marietta Pkwy,,Rear End,2,Clear,Dry,Daylight
2022-10-12T11:45:00.000,I 75,I 75 and N Marietta Pkwy,,Not a Collision with Motor Vehicle,1,Cloudy,Dry,Daylight
2022-12-12T16:25:00.000,I 75,I 75 and N Marietta Pkwy,,Rear End,2,Clear,Dry,Daylight
2022-04-01T14:15:00.000,I 75,I 75 and N Marietta Pkwy,,Sideswipe-Same Direction,3,Clear,Dry,Daylight