Date and Time,Roadway (From Crash Report),Intersection Name (from Crash Report),KABCO Severity,Manner of Collision (Crash Level) ,# of Vehicles per crash ,Weather Conditions (Crash Level),Surface Condition (Crash Level) ,Light Conditions (Crash Level)
2022-11-10T17:00:00.000,I 75,I 75 and N Marietta Pkwy,,Rear End,2,Rain,Wet,Daylight
2022-04-08T16:22:00.000,I 75,I 75 and N Marietta Pkwy,,Rear End,2,Cloudy,Dry,Daylight
2022-11-11T11:15:00.000,I 75,I 75 and N Marietta Pkwy,,Rear End,2,Rain,Wet,Daylight
2022-10-03T20:52:00.000,I 75,I 75 and N Marietta Pkwy,,Rear End,2,Cloudy,Dry,Dark-Not Lighted
2022-05-07T16:59:00.000,I 75,I 75 and N Marietta Pkwy,,Rear End,3,Cloudy,Dry,Daylight
2022-11-24T12:25:00.000,I 75,I 75 and N Marietta Pkwy,,Sideswipe-Same Direction,2,Cloudy,Dry,Daylight
2022-07-13T06:48:00.000,I 75,I 75 and N Marietta Pkwy,,Sideswipe-Same Direction,2,Clear,Dry,Daylight
2022-07-18T19:15:00.000,I 75,I 75 and N Marietta Pkwy,,Rear End,2,Cloudy,Wet,Daylight
2022-11-15T11:24:00.000,I 75,I 75 and N Marietta Pkwy,,Sideswipe-Same Direction,2,Cloudy,Wet,Daylight
2022-09-01T15:49:00.000,I 75,I 75 and N Marietta Pkwy,,Rear End,2,Cloudy,Dry,Daylight
2022-06-20T13:55:00.000,I 75,I 75 and N Marietta Pkwy,,Rear End,2,Clear,Dry,Daylight
2022-06-01T19:01:00.000,I 75,I 75 and N Marietta Pkwy,,Rear End,2,Clear,Dry,Daylight
2022-11-06T08:00:00.000,I 75,I 75 and N Marietta Pkwy,,Sideswipe-Same Direction,2,Clear,Dry,Daylight
2022-06-10T11:31:00.000,I 75,I 75 and N Marietta Pkwy,,Sideswipe-Same Direction,2,Clear,Dry,Daylight
2022-06-29T19:58:00.000,I 75,I 75 and N Marietta Pkwy,,Rear End,3,Rain,Wet,Dusk
2022-10-30T21:22:00.000,I 75,I 75 and N Marietta Pkwy,,Sideswipe-Same Direction,2,Rain,Water (standing or moving),Dark-Not Lighted
2023-10-20T23:18:00.000,I 75,I 75 and N Marietta Pkwy,,(None),3,(None),(None),(None)
2023-04-21T15:46:00.000,I 75,I 75 and N Marietta Pkwy,,Rear End,2,Clear,Dry,Daylight
2023-03-26T16:52:00.000,I 75,I 75 and N Marietta Pkwy,,Angle Crash,2,Clear,Dry,Daylight
2023-04-04T12:47:00.000,I 75,I 75 and N Marietta Pkwy,,Not a Collision with Motor Vehicle,1,Clear,Dry,Daylight
2023-10-08T16:15:00.000,I 75,I 75 and N Marietta Pkwy,,(None),1,(None),(None),(None)
2023-07-14T16:34:00.000,I 75,I 75 and N Marietta Pkwy,,Rear End,2,Clear,Dry,Daylight
2023-01-18T09:15:00.000,I 75,I 75 and N Marietta Pkwy,,Rear End,3,Clear,Dry,Daylight
2023-10-22T13:43:00.000,I 75,I 75 and N Marietta Pkwy,,(None),2,(None),(None),(None)
2023-09-28T17:10:00.000,I 75,I 75 and N Marietta Pkwy,,Sideswipe-Same Direction,2,Clear,Dry,Daylight
2023-12-01T21:29:00.000,I 75,I 75 and N Marietta Pkwy,,(None),2,(None),(None),(None)
2023-03-28T06:46:00.000,I 75,I 75 and N Marietta Pkwy,,Rear End,2,Clear,Dry,Daylight
2024-02-11T22:30:00.000,I 75,I 75 and N Marietta Pkwy,,Not a Collision with Motor Vehicle,1,Rain,Wet,Dark-Not Lighted
2024-02-23T16:02:00.000,I 75,I 75 and N Marietta Pkwy,,Sideswipe-Same Direction,2,Clear,Dry,Daylight
2024-07-11T09:55:00.000,I 75,I 75 and N Marietta Pkwy,,Rear End,2,Clear,Dry,Daylight
2024-06-21T08:15:00.000,I 75,I 75 and N Marietta Pkwy,,Sideswipe-Same Direction,2,Clear,Dry,Daylight
2024-04-21T14:08:00.000,I 75,I 75 and N Marietta Pkwy,,Sideswipe-Same Direction,2,Clear,Dry,Daylight
2024-11-12T09:55:00.000,I 75,I 75 and N Marietta Pkwy,,Rear End,2,Clear,Dry,Daylight
2024-11-15T15:55:00.000,I 75,I 75 and N Marietta Pkwy,,Rear End,2,Clear,Dry,Daylight
2024-03-24T23:48:00.000,I 75,I 75 and N Marietta Pkwy,,Not a Collision with Motor Vehicle,1,Clear,Dry,Dark-Not Lighted
2024-05-21T18:15:00.000,I 75,I 75 and N Marietta Pkwy,,Rear End,2,Clear,Dry,Daylight
2024-08-12T12:20:00.000,I 75,I 75 and N Marietta Pkwy,,Rear End,3,Clear,Dry,Daylight
2024-11-12T09:00:00.000,I 75,I 75 and N Marietta Pkwy,,Rear End,2,Clear,Dry,Daylight
2024-11-25T11:05:00.000,I 75,I 75 and N Marietta Pkwy,,Rear End,2,Clear,Dry,Daylight
2024-10-31T06:50:00.000,I 75,I 75 and N Marietta Pkwy,,Not a Collision with Motor Vehicle,1,Clear,Dry,Dark-Not Lighted
2024-09-23T09:26:00.000,I 75,I 75 and N Marietta Pkwy,,Sideswipe-Same Direction,2,Clear,Dry,Daylight
2024-01-31T10:39:00.000,I 75,I 75 and N Marietta Pkwy,,Sideswipe-Same Direction,2,Clear,Dry,Daylight
2024-12-28T22:35:00.000,I 75,I 75 and N Marietta Pkwy,,Not a Collision with Motor Vehicle,1,Rain,Wet,Dark-Not Lighted
2024-08-23T11:09:00.000,I 75,I 75 and N Marietta Pkwy,,Rear End,2,Clear,Dry,Daylight
2024-02-02T13:03:00.000,I 75,I 75 and N Marietta Pkwy,,Sideswipe-Same Direction,2,Clear,Dry,Daylight
2024-12-03T18:31:00.000,I 75,I 75 and N Marietta Pkwy,,Rear End,2,Clear,Dry,Dark-Not Lighted
2024-10-11T07:54:00.000,I 75,I 75 and N Marietta Pkwy,,Sideswipe-Same Direction,2,Clear,Dry,Daylight
2024-11-01T13:13:00.000,I 75,I 75 and N Marietta Pkwy,,Rear End,2,Clear,Dry,Daylight
2024-02-06T09:12:00.000,I 75,I 75 and N Marietta Pkwy,,Rear End,2,Clear,Dry,Daylight
2024-12-16T06:00:00.000,I 75,I 75 and N Marietta Pkwy,,Sideswipe-Same Direction,2,Fog,Dry,Dark-Not Lighted
2024-03-22T16:24:00.000,I 75,I 75 and N Marietta Pkwy,,Rear End,2,Rain,Wet,Daylight
2024-02-02T14:49:00.000,I 75,I 75 and N Marietta Pkwy,,Rear End,2,Clear,Dry,Daylight
2024-10-03T08:00:00.000,I 75,I 75 and N Marietta Pkwy,,Rear End,2,Clear,Dry,Daylight
2024-03-20T17:37:00.000,I 75,I 75 and N Marietta Pkwy,,Rear End,2,Clear,Dry,Daylight
2024-11-18T06:20:00.000,I 75,I 75 and N Marietta Pkwy,,Sideswipe-Same Direction,2,Clear,Dry,Dark-Not Lighted
2024-05-05T12:38:00.000,I 75,I 75 and N Marietta Pkwy,,Rear End,2,Cloudy,Dry,Daylight
2024-04-05T07:58:00.000,I 75,I 75 and N Marietta Pkwy,,Sideswipe-Same Direction,2,Clear,Wet,Daylight
2024-08-23T12:00:00.000,I 75,I 75 and N Marietta Pkwy,,Rear End,3,Clear,Dry,Daylight
2024-05-01T16:24:00.000,I 75,I 75 and N Marietta Pkwy,,Rear End,2,Cloudy,Dry,Daylight
2024-01-15T16:25:00.000,I 75,I 75 and N Marietta Pkwy,,Not a Collision with Motor Vehicle,1,Clear,Dry,Daylight
2024-05-24T22:30:00.000,I 75,I 75 and N Marietta Pkwy,,Sideswipe-Same Direction,2,Clear,Dry,Dark-Not Lighted
2024-11-29T09:30:00.000,I 75,I 75 and N Marietta Pkwy,,Angle Crash,1,Clear,Dry,Daylight
2024-03-20T15:15:00.000,I 75,I 75 and N Marietta Pkwy,,Angle Crash,2,Clear,Dry,Daylight
2024-08-12T13:23:00.000,I 75,I 75 and N Marietta Pkwy,,Sideswipe-Same Direction,2,Clear,Dry,Daylight
2024-05-12T17:07:00.000,I 75,I 75 and N Marietta Pkwy,,Rear End,2,Cloudy,Dry,Daylight
2024-09-18T16:48:00.000,I 75,I 75 and N Marietta Pkwy,,Rear End,3,Cloudy,Dry,Daylight
2024-01-22T15:38:00.000,I 75,I 75 and N Marietta Pkwy,,Rear End,2,Clear,Dry,Daylight
2023-01-06T11:29:00.000,I 75,I 75 and N Marietta Pkwy,,Rear End,2,Clear,Dry,Daylight
2023-03-06T13:28:00.000,I 75,I 75 and N Marietta Pkwy,,Rear End,3,Clear,Dry,Daylight
2023-07-31T00:33:00.000,I 75,I 75 and N Marietta Pkwy,,Angle Crash,2,Clear,Dry,Dark-Not Lighted
2023-10-10T17:32:00.000,I 75,I 75 and N Marietta Pkwy,,Rear End,3,Cloudy,Dry,Daylight
2023-01-06T16:05:00.000,I 75,I 75 and N Marietta Pkwy,,Sideswipe-Same Direction,2,Clear,Dry,Daylight
2023-11-02T15:33:00.000,I 75,I 75 and N Marietta Pkwy,,Rear End,2,Clear,Dry,Daylight
2023-12-01T17:45:00.000,I 75,I 75 and N Marietta Pkwy,,Rear End,2,Rain,Wet,Dark-Not Lighted
2023-08-03T13:17:00.000,I 75,I 75 and N Marietta Pkwy,,Rear End,2,Clear,Dry,Daylight
2024-01-29T16:00:00.000,I 75,I 75 and N Marietta Pkwy,,(None),2,(None),(None),(None)
2024-05-24T16:27:00.000,I 75,I 75 and N Marietta Pkwy,,Rear End,2,Clear,Dry,Daylight
2024-10-08T16:29:00.000,I 75,I 75 and N Marietta Pkwy,,Sideswipe-Same Direction,2,Clear,Dry,Daylight
2023-10-17T18:36:00.000,I 75,I 75 and N Marietta Pkwy,,Rear End,3,Cloudy,Dry,Daylight
2023-02-04T10:04:00.000,I 75,I 75 and N Marietta Pkwy,,Sideswipe-Same Direction,2,Clear,Dry,Daylight
2023-12-15T22:45:00.000,I 75,I 75 and N Marietta Pkwy,,(None),2,(None),(None),(None)
2023-07-28T18:30:00.000,I 75,I 75 and N Marietta Pkwy,,Sideswipe-Same Direction,2,Cloudy,Dry,Daylight
2023-06-19T12:58:00.000,I 75,I 75 and N Marietta Pkwy,,Rear End,2,Cloudy,Dry,Daylight
2023-01-27T14:00:00.000,I 75,I 75 and N Marietta Pkwy,,Angle Crash,2,Clear,Dry,Dark-Not Lighted
2023-04-08T16:42:00.000,I 75,I 75 and N Marietta Pkwy,,Rear End,2,Rain,Wet,Daylight
2023-12-18T16:45:00.000,I 75,I 75 and N Marietta Pkwy,,Rear End,2,Clear,Dry,Daylight
2023-01-19T15:12:00.000,I 75,I 75 and N Marietta Pkwy,,Rear End,2,Clear,Dry,Daylight
2023-11-14T13:00:00.000,I 75,I 75 and N Marietta Pkwy,,Sideswipe-Same Direction,2,Clear,Dry,Daylight
2023-06-24T11:45:00.000,I 75,I 75 and N Marietta Pkwy,,Angle Crash,2,Cloudy,Dry,Daylight
2023-05-06T23:26:00.000,I 75,I 75 and N Marietta Pkwy,,Sideswipe-Same Direction,2,Clear,Dry,Dark-Not Lighted
2023-08-28T06:41:00.000,I 75,I 75 and N Marietta Pkwy,,Rear End,3,Cloudy,Wet,Daylight
2023-09-07T11:00:00.000,I 75,I 75 and N Marietta Pkwy,,Sideswipe-Same Direction,2,Clear,Dry,Daylight
2023-03-31T17:59:00.000,I 75,I 75 and N Marietta Pkwy,,Angle Crash,3,Cloudy,Dry,Daylight
2023-12-14T18:22:00.000,I 75,I 75 and N Marietta Pkwy,,Rear End,2,Clear,Dry,Dark-Lighted
2023-10-13T13:30:00.000,I 75,I 75 and N Marietta Pkwy,,Rear End,3,Cloudy,Dry,Daylight
2023-11-29T18:41:00.000,I 75,I 75 and N Marietta Pkwy,,Rear End,2,Clear,Dry,Dark-Not Lighted
2023-04-23T20:53:00.000,I 75,I 75 and N Marietta Pkwy,,Angle Crash,2,Clear,Dry,Dark-Lighted
2023-11-15T18:54:00.000,I 75,I 75 and N Marietta Pkwy,,(None),2,(None),(None),(None)
2023-10-07T21:56:00.000,I 75,I 75 and N Marietta Pkwy,,(None),2,(None),(None),(None)
2023-12-01T16:57:00.000,I 75,I 75 and N Marietta Pkwy,,(None),2,(None),(None),(None)
2023-02-21T19:20:00.000,I 75,I 75 and N Marietta Pkwy,,Sideswipe-Same Direction,2,Cloudy,Wet,Dark-Lighted
2023-10-22T05:20:00.000,I 75,I 75 and N Marietta Pkwy,,(None),1,(None),(None),(None)
2023-08-15T16:52:00.000,I 75,I 75 and N Marietta Pkwy,,Rear End,2,Cloudy,Dry,Daylight
2023-09-19T17:30:00.000,I 75,I 75 and N Marietta Pkwy,,Rear End,2,Clear,Dry,Daylight
2023-05-12T14:53:00.000,I 75,I 75 and N Marietta Pkwy,,Not a Collision with Motor Vehicle,1,Clear,Dry,Daylight
2023-09-20T18:05:00.000,I 75,I 75 and N Marietta Pkwy,,Rear End,2,Clear,Dry,Daylight
2023-04-21T13:36:00.000,I 75,I 75 and N Marietta Pkwy,,Sideswipe-Same Direction,2,Clear,Dry,Daylight
2023-06-02T00:27:00.000,I 75,I 75 and N Marietta Pkwy,,Sideswipe-Same Direction,2,Clear,Dry,Dark-Lighted
2023-08-14T09:27:00.000,I 75,I 75 and N Marietta Pkwy,,Rear End,2,Cloudy,Dry,Daylight
2023-03-02T13:08:00.000,I 75,I 75 and N Marietta Pkwy,,Sideswipe-Same Direction,2,Cloudy,Wet,Daylight
2023-03-26T05:19:00.000,I 75,I 75 and N Marietta Pkwy,,Not a Collision with Motor Vehicle,1,Cloudy,Dry,Dark-Not Lighted
2023-07-10T12:20:00.000,I 75,I 75 and N Marietta Pkwy,,Rear End,2,Clear,Dry,Daylight
2023-12-11T08:20:00.000,I 75,I 75 and N Marietta Pkwy,,Rear End,2,Clear,Dry,Daylight
2023-12-04T17:49:00.000,I 75,I 75 and N Marietta Pkwy,,Sideswipe-Same Direction,2,Clear,Dry,Daylight
2023-02-20T11:18:00.000,I 75,I 75 and N Marietta Pkwy,,Rear End,2,Clear,Dry,Daylight
2023-06-17T19:08:00.000,I 75,I 75 and N Marietta Pkwy,,Rear End,2,Clear,Dry,Daylight
2023-04-03T17:46:00.000,I 75,I 75 and N Marietta Pkwy,,Not a Collision with Motor Vehicle,1,Cloudy,Dry,Daylight
2023-09-13T23:32:00.000,I 75,I 75 and N Marietta Pkwy,,Rear End,2,Clear,Dry,Dark-Not Lighted
2023-03-17T11:20:00.000,I 75,I 75 and N Marietta Pkwy,,Rear End,2,Rain,Wet,Daylight
2023-03-13T06:00:00.000,I 75,I 75 and N Marietta Pkwy,,Sideswipe-Same Direction,3,Cloudy,Dry,Dark-Lighted
2023-03-10T14:11:00.000,I 75,I 75 and N Marietta Pkwy,,Rear End,2,Clear,Dry,Daylight
2023-05-25T17:50:00.000,I 75,I 75 and N Marietta Pkwy,,Rear End,2,Clear,Dry,Daylight
2023-02-01T13:53:00.000,I 75,I 75 and N Marietta Pkwy,,Rear End,2,Clear,Dry,Daylight
2023-08-03T17:20:00.000,I 75,I 75 and N Marietta Pkwy,,Rear End,2,Cloudy,Wet,Daylight
2023-08-01T07:18:00.000,I 75,I 75 and N Marietta Pkwy,,Rear End,2,Clear,Dry,Daylight
2023-09-12T18:30:00.000,I 75,I 75 and N Marietta Pkwy,,Rear End,2,Clear,Wet,Daylight
2023-04-21T16:06:00.000,I 75,I 75 and N Marietta Pkwy,,Sideswipe-Same Direction,2,Clear,Dry,Daylight
2023-04-20T21:04:00.000,I 75,I 75 and N Marietta Pkwy,,Sideswipe-Same Direction,2,Clear,Dry,Dark-Not Lighted
2023-10-10T16:11:00.000,I 75,I 75 and N Marietta Pkwy,,Rear End,2,Cloudy,Dry,Daylight
2023-03-13T07:34:00.000,I 75,I 75 and N Marietta Pkwy,,Rear End,2,Clear,Dry,Daylight
2023-12-28T14:15:00.000,I 75,I 75 and N Marietta Pkwy,,Rear End,2,Clear,Dry,Daylight
2023-07-07T18:35:00.000,I 75,I 75 and N Marietta Pkwy,,Rear End,2,Clear,Dry,Daylight
2023-06-04T11:55:00.000,I 75,I 75 and N Marietta Pkwy,,Rear End,2,Cloudy,Dry,Daylight
2023-02-20T09:45:00.000,I 75,I 75 and N Marietta Pkwy,,Rear End,2,Clear,Dry,Daylight
2023-11-10T13:55:00.000,I 75,I 75 and N Marietta Pkwy,,Rear End,2,Cloudy,Wet,Daylight
2023-03-02T15:30:00.000,I 75,I 75 and N Marietta Pkwy,,Rear End,2,Rain,Wet,Daylight
2023-12-04T17:25:00.000,I 75,I 75 and N Marietta Pkwy,,Sideswipe-Same Direction,2,Clear,Dry,Dusk
2023-12-04T12:30:00.000,I 75,I 75 and N Marietta Pkwy,,Sideswipe-Same Direction,2,Clear,Dry,Daylight
2023-07-25T06:28:00.000,I 75,I 75 and N Marietta Pkwy,,Rear End,2,Clear,Dry,Daylight
2023-01-26T15:16:00.000,I 75,I 75 and N Marietta Pkwy,,Rear End,3,Clear,Dry,Daylight
2023-10-28T02:26:00.000,I 75,I 75 and N Marietta Pkwy,,(None),2,(None),(None),(None)
2023-12-06T18:26:00.000,I 75,I 75 and N Marietta Pkwy,,(None),4,(None),(None),(None)
2023-04-12T17:19:00.000,I 75,I 75 and N Marietta Pkwy,,Sideswipe-Same Direction,2,Cloudy,Dry,Daylight
2023-08-21T17:29:00.000,I 75,I 75 and N Marietta Pkwy,,Rear End,2,Clear,Dry,Daylight
2023-02-21T19:20:00.000,I 75,I 75 and N Marietta Pkwy,,Sideswipe-Same Direction,2,Cloudy,Wet,Dark-Lighted
2023-04-12T15:20:00.000,I 75,I 75 and N Marietta Pkwy,,Rear End,2,Clear,Dry,Daylight
2023-04-05T22:43:00.000,I 75,I 75 and N Marietta Pkwy,,Sideswipe-Same Direction,2,Cloudy,Dry,Dark-Not Lighted
2023-06-13T08:24:00.000,I 75,I 75 and N Marietta Pkwy,,Sideswipe-Same Direction,3,Clear,Dry,Daylight
2023-09-07T10:40:00.000,I 75,I 75 and N Marietta Pkwy,,Sideswipe-Same Direction,2,Clear,Dry,Daylight
2023-05-25T13:00:00.000,I 75,I 75 and N Marietta Pkwy,,Rear End,2,Clear,Dry,Daylight
2023-10-20T07:50:00.000,I 75,I 75 and N Marietta Pkwy,,Rear End,2,Cloudy,Wet,Daylight
2023-05-04T22:18:00.000,I 75,I 75 and N Marietta Pkwy,,Rear End,2,Clear,Dry,Dark-Lighted
2023-12-01T18:18:00.000,I 75,I 75 and N Marietta Pkwy,,Rear End,4,Cloudy,Wet,Dark-Not Lighted
2024-04-11T13:15:00.000,I 75,I 75 and N Marietta Pkwy,,Rear End,2,Cloudy,Dry,Daylight
2024-04-04T15:30:00.000,I 75,I 75 and N Marietta Pkwy,,Rear End,2,Clear,Dry,Daylight
2023-08-11T13:39:00.000,I 75,I 75 and N Marietta Pkwy,,Rear End,2,Cloudy,Dry,Daylight
2024-09-04T07:12:00.000,I 75,I 75 and N Marietta Pkwy,,Angle Crash,3,Clear,Dry,Daylight
2024-02-12T13:42:00.000,I 75,I 75 and N Marietta Pkwy,,Rear End,2,Rain,Wet,Daylight
2024-10-31T17:38:00.000,I 75,I 75 and N Marietta Pkwy,,Rear End,2,Clear,Dry,Daylight
2024-10-05T15:35:00.000,I 75,I 75 and N Marietta Pkwy,,Rear End,2,Clear,Dry,Daylight
2024-01-11T10:40:00.000,I 75,I 75 and N Marietta Pkwy,,Not a Collision with Motor Vehicle,2,Clear,Dry,Daylight
2024-01-15T19:11:00.000,I 75,I 75 and N Marietta Pkwy,,Rear End,3,Clear,Dry,Dark-Not Lighted
2024-11-14T07:25:00.000,I 75,I 75 and N Marietta Pkwy,,Rear End,2,Rain,Wet,Dawn
2024-09-30T13:15:00.000,I 75,I 75 and N Marietta Pkwy,,Rear End,2,Cloudy,Dry,Daylight
2024-12-05T09:29:00.000,I 75,I 75 and N Marietta Pkwy,,Not a Collision with Motor Vehicle,1,Clear,Dry,Daylight
2024-12-13T12:39:00.000,I 75,I 75 and N Marietta Pkwy,,Rear End,2,Clear,Dry,Daylight
2024-04-06T01:57:00.000,I 75,I 75 and N Marietta Pkwy,,Sideswipe-Same Direction,2,Clear,Dry,Dark-Not Lighted
2024-10-12T13:50:00.000,I 75,I 75 and N Marietta Pkwy,,Rear End,2,Clear,Dry,Daylight
2024-11-15T11:35:00.000,I 75,I 75 and N Marietta Pkwy,,Sideswipe-Same Direction,2,Clear,Dry,Daylight
2024-12-21T19:20:00.000,I 75,I 75 and N Marietta Pkwy,,Rear End,2,Clear,Dry,Dark-Lighted
2024-10-04T14:51:00.000,I 75,I 75 and N Marietta Pkwy,,Sideswipe-Same Direction,2,Clear,Dry,Daylight
2024-10-10T15:30:00.000,I 75,I 75 and N Marietta Pkwy,,Rear End,2,Clear,Dry,Daylight
2024-10-22T17:22:00.000,I 75,I 75 and N Marietta Pkwy,,Rear End,2,Clear,Dry,Daylight
2024-04-17T03:46:00.000,I 75,I 75 and N Marietta Pkwy,,Sideswipe-Same Direction,2,Clear,Dry,Dark-Lighted
2024-08-23T12:03:00.000,I 75,I 75 and N Marietta Pkwy,,Rear End,3,Clear,Dry,Daylight
2024-12-10T17:35:00.000,I 75,I 75 and N Marietta Pkwy,,Rear End,2,Rain,Wet,Dark-Not Lighted
2024-04-09T08:15:00.000,I 75,I 75 and N Marietta Pkwy,,Sideswipe-Same Direction,3,Rain,Wet,Daylight
2024-05-21T19:14:00.000,I 75,I 75 and N Marietta Pkwy,,Sideswipe-Same Direction,2,Clear,Dry,Daylight
2024-04-27T21:30:00.000,I 75,I 75 and N Marietta Pkwy,,Sideswipe-Same Direction,2,Cloudy,Dry,Dark-Lighted
2024-05-09T11:17:00.000,I 75,I 75 and N Marietta Pkwy,,Sideswipe-Same Direction,2,Rain,Wet,Daylight
2024-08-15T12:37:00.000,I 75,I 75 and N Marietta Pkwy,,Rear End,2,Clear,Dry,Daylight
2024-06-17T12:08:00.000,I 75,I 75 and N Marietta Pkwy,,Not a Collision with Motor Vehicle,1,Clear,Dry,Daylight
2024-03-21T18:45:00.000,I 75,I 75 and N Marietta Pkwy,,Rear End,3,Cloudy,Dry,Daylight
2024-01-12T17:50:00.000,I 75,I 75 and N Marietta Pkwy,,Rear End,2,Rain,Wet,Dark-Not Lighted
2024-06-19T00:30:00.000,I 75,I 75 and N Marietta Pkwy,,Not a Collision with Motor Vehicle,1,Clear,Dry,Dark-Not Lighted
2024-12-16T06:45:00.000,I 75,I 75 and N Marietta Pkwy,,Sideswipe-Same Direction,2,Fog,Dry,Dark-Not Lighted
2024-04-12T17:56:00.000,I 75,I 75 and N Marietta Pkwy,,Rear End,2,Clear,Dry,Daylight
2024-11-19T16:07:00.000,I 75,I 75 and N Marietta Pkwy,,Angle Crash,2,Rain,Wet,Daylight
2024-04-15T08:15:00.000,I 75,I 75 and N Marietta Pkwy,,Rear End,2,Clear,Dry,Daylight
2024-05-01T16:23:00.000,I 75,I 75 and N Marietta Pkwy,,Rear End,2,Cloudy,Dry,Daylight
2024-08-23T12:21:00.000,I 75,I 75 and N Marietta Pkwy,,Rear End,3,Clear,Dry,Daylight
2024-04-08T10:17:00.000,I 75,I 75 and N Marietta Pkwy,,Rear End,2,Clear,Dry,Daylight
2024-01-31T16:54:00.000,I 75,I 75 and N Marietta Pkwy,,(None),2,(None),(None),(None)
2024-10-11T13:13:00.000,I 75,I 75 and N Marietta Pkwy,,Sideswipe-Same Direction,2,Clear,Dry,Daylight
2024-01-12T12:30:00.000,I 75,I 75 and N Marietta Pkwy,,Rear End,3,Rain,Wet,Daylight
2024-01-24T22:09:00.000,I 75,I 75 and N Marietta Pkwy,,(None),2,(None),(None),(None)
2024-02-23T14:56:00.000,I 75,I 75 and N Marietta Pkwy,,Sideswipe-Same Direction,2,Clear,Dry,Daylight
2024-09-17T06:50:00.000,I 75,I 75 and N Marietta Pkwy,,Rear End,2,Clear,Dry,Daylight
2024-03-08T21:43:00.000,I 75,I 75 and N Marietta Pkwy,,Rear End,2,Clear,Dry,Dark-Not Lighted
2024-05-04T17:30:00.000,I 75,I 75 and N Marietta Pkwy,,Angle Crash,2,Clear,Dry,Daylight
2024-05-10T00:24:00.000,I 75,I 75 and N Marietta Pkwy,,Sideswipe-Same Direction,2,Cloudy,Dry,Dark-Not Lighted
2024-04-11T13:15:00.000,I 75,I 75 and N Marietta Pkwy,,Sideswipe-Same Direction,2,Cloudy,Dry,Daylight
2024-06-11T22:17:00.000,I 75,I 75 and N Marietta Pkwy,,Angle Crash,2,Clear,Dry,Dark-Not Lighted
2024-04-02T12:42:00.000,I 75,I 75 and N Marietta Pkwy,,Rear End,2,Cloudy,Dry,Daylight
2024-03-28T14:19:00.000,I 75,I 75 and N Marietta Pkwy,,Sideswipe-Same Direction,2,Clear,Dry,Daylight
2024-01-05T21:48:00.000,I 75,I 75 and N Marietta Pkwy,,(None),2,(None),(None),(None)
2024-07-15T17:32:00.000,I 75,I 75 and N Marietta Pkwy,,Sideswipe-Same Direction,2,Rain,Wet,Daylight
2024-09-30T06:00:00.000,I 75,I 75 and N Marietta Pkwy,,Rear End,2,Cloudy,Dry,Dark-Not Lighted
2024-05-09T15:58:00.000,I 75,I 75 and N Marietta Pkwy,,Rear End,2,Cloudy,Wet,Daylight
2024-06-22T18:25:00.000,I 75,I 75 and N Marietta Pkwy,,Rear End,3,Clear,Dry,Daylight
2024-09-30T12:24:00.000,I 75,I 75 and N Marietta Pkwy,,Rear End,2,Cloudy,Wet,Daylight
2024-10-17T17:30:00.000,I 75,I 75 and N Marietta Pkwy,,Rear End,2,Clear,Dry,Daylight
2024-08-30T15:15:00.000,I 75,I 75 and N Marietta Pkwy,,Rear End,2,Cloudy,Dry,Daylight
2024-09-19T13:17:00.000,I 75,I 75 and N Marietta Pkwy,,Rear End,2,Clear,Dry,Daylight
2024-03-08T10:40:00.000,I 75,I 75 and N Marietta Pkwy,,Rear End,3,Cloudy,Dry,Daylight
2024-09-09T07:50:00.000,I 75,I 75 and N Marietta Pkwy,,Rear End,2,Clear,Dry,Daylight
2024-05-24T17:29:00.000,I 75,I 75 and N Marietta Pkwy,,Rear End,2,Clear,Dry,Daylight
2024-04-03T16:40:00.000,I 75,I 75 and N Marietta Pkwy,,Rear End,2,Cloudy,Dry,Daylight
2024-05-21T16:59:00.000,I 75,I 75 and N Marietta Pkwy,,Rear End,3,Clear,Dry,Daylight
2024-07-11T16:25:00.000,I 75,I 75 and N Marietta Pkwy,,Rear End,7,Clear,Dry,Daylight
2024-01-06T02:11:00.000,I 75,I 75 and N Marietta Pkwy,,(None),1,(None),(None),(None)
2024-10-03T10:50:00.000,I 75,I 75 and N Marietta Pkwy,,Rear End,2,Clear,Dry,Daylight
2024-06-21T12:40:00.000,I 75,I 75 and N Marietta Pkwy,,Rear End,2,Clear,Dry,Daylight
2024-05-18T15:27:00.000,I 75,I 75 and N Marietta Pkwy,,Rear End,2,Rain,Wet,Daylight
2024-02-19T09:25:00.000,I 75,I 75 and N Marietta Pkwy,,Rear End,2,Clear,Dry,Daylight
2024-02-17T15:44:00.000,I 75,I 75 and N Marietta Pkwy,,Rear End,3,Cloudy,Dry,Daylight
2024-02-22T14:00:00.000,I 75,I 75 and N Marietta Pkwy,,Rear End,2,Clear,Dry,Daylight
2024-08-26T19:03:00.000,I 75,I 75 and N Marietta Pkwy,,Sideswipe-Same Direction,2,Clear,Dry,Daylight
2024-01-15T16:05:00.000,I 75,I 75 and N Marietta Pkwy,,Rear End,2,Clear,Dry,Daylight
2024-11-15T18:41:00.000,I 75,I 75 and N Marietta Pkwy,,Rear End,3,Clear,Dry,Daylight
2024-02-29T06:46:00.000,I 75,I 75 and N Marietta Pkwy,,Rear End,4,Clear,Dry,Dawn
2024-07-11T06:35:00.000,I 75,I 75 and N Marietta Pkwy,,Not a Collision with Motor Vehicle,1,Clear,Dry,Dawn
2024-10-21T13:42:00.000,I 75,I 75 and N Marietta Pkwy,,Rear End,2,Clear,Dry,Daylight
2024-02-17T20:12:00.000,I 75,I 75 and N Marietta Pkwy,,Rear End,2,Cloudy,Dry,Dark-Lighted