Date and Time,Roadway (From Crash Report),Intersection Name (from Crash Report),KABCO Severity,Manner of Collision (Crash Level) ,# of Vehicles per crash ,Weather Conditions (Crash Level),Surface Condition (Crash Level) ,Light Conditions (Crash Level)
2024-06-09T04:04:00.000,I 75,I 75 and N Marietta Pkwy,,Not a Collision with Motor Vehicle,1,Clear,Dry,Dark-Not Lighted
2024-12-17T18:33:00.000,I 75,I 75 and N Marietta Pkwy,,Sideswipe-Same Direction,2,Clear,Dry,Daylight
2024-11-19T07:53:00.000,I 75,I 75 and N Marietta Pkwy,,Sideswipe-Same Direction,2,Cloudy,Wet,Daylight
2024-10-10T00:00:00.000,I 75,I 75 and N Marietta Pkwy,,Rear End,2,Clear,Dry,Daylight
2024-03-23T16:30:00.000,I 75,I 75 and N Marietta Pkwy,,Sideswipe-Same Direction,2,Cloudy,Dry,Daylight
2024-01-08T09:52:00.000,I 75,I 75 and N Marietta Pkwy,,Rear End,2,Cloudy,Dry,Daylight
2024-10-21T14:31:00.000,I 75,I 75 and N Marietta Pkwy,,Sideswipe-Same Direction,2,Clear,Dry,Daylight
2024-03-12T13:58:00.000,I 75,I 75 and N Marietta Pkwy,,Rear End,2,Clear,Dry,Daylight
2024-05-02T15:45:00.000,I 75,I 75 and N Marietta Pkwy,,Rear End,2,Clear,Dry,Daylight
2024-06-17T08:30:00.000,I 75,I 75 and N Marietta Pkwy,,Rear End,3,Clear,Dry,Daylight
2024-08-19T17:05:00.000,I 75,I 75 and N Marietta Pkwy,,Sideswipe-Same Direction,2,Clear,Dry,Daylight
2024-12-07T15:01:00.000,I 75,I 75 and N Marietta Pkwy,,Rear End,4,Clear,Dry,Daylight
2024-04-20T16:24:00.000,I 75,I 75 and N Marietta Pkwy,,Sideswipe-Same Direction,2,Clear,Dry,Daylight
2024-07-01T16:52:00.000,I 75,I 75 and N Marietta Pkwy,,Rear End,2,Clear,Dry,Daylight
2024-04-09T14:34:00.000,I 75,I 75 and N Marietta Pkwy,,Rear End,2,Rain,Wet,Daylight
2024-11-27T11:44:00.000,I 75,I 75 and N Marietta Pkwy,,Rear End,2,Clear,Dry,Daylight
2024-12-17T17:40:00.000,I 75,I 75 and N Marietta Pkwy,,Rear End,2,Clear,Dry,Daylight
2024-11-02T15:25:00.000,I 75,I 75 and N Marietta Pkwy,,Sideswipe-Same Direction,2,Clear,Dry,Daylight
2024-02-01T16:39:00.000,I 75,I 75 and N Marietta Pkwy,,Sideswipe-Same Direction,2,Clear,Dry,Daylight
2024-07-27T01:35:00.000,I 75,I 75 and N Marietta Pkwy,,Rear End,2,Cloudy,Dry,Dark-Not Lighted
2024-05-01T16:23:00.000,I 75,I 75 and N Marietta Pkwy,,Rear End,2,Cloudy,Dry,Daylight
2024-07-14T05:55:00.000,I 75,I 75 and N Marietta Pkwy,,Not a Collision with Motor Vehicle,1,Clear,Dry,Daylight
2024-11-05T13:40:00.000,I 75,I 75 and N Marietta Pkwy,,Rear End,2,Clear,Dry,Daylight
2024-07-15T17:13:00.000,I 75,I 75 and N Marietta Pkwy,,Rear End,2,Rain,Wet,Daylight
2024-03-08T10:40:00.000,I 75,I 75 and N Marietta Pkwy,,Rear End,2,Cloudy,Dry,Daylight
2024-03-28T15:12:00.000,I 75,I 75 and N Marietta Pkwy,,Rear End,3,Clear,Dry,Daylight
2024-08-12T06:09:00.000,I 75,I 75 and N Marietta Pkwy,,Rear End,2,Clear,Dry,Dark-Lighted
2024-10-08T15:38:00.000,I 75,I 75 and N Marietta Pkwy,,Rear End,2,Clear,Dry,Daylight
2024-08-16T23:42:00.000,I 75,I 75 and N Marietta Pkwy,,Rear End,2,Rain,Wet,Dark-Not Lighted
2024-04-26T06:20:00.000,I 75,I 75 and N Marietta Pkwy,,Rear End,4,Clear,Dry,Daylight
2024-05-07T13:17:00.000,I 75,I 75 and N Marietta Pkwy,,Rear End,2,Cloudy,Dry,Daylight
2024-11-15T17:16:00.000,I 75,I 75 and N Marietta Pkwy,,Rear End,3,Clear,Dry,Daylight
2024-11-17T19:10:00.000,I 75,I 75 and N Marietta Pkwy,,Sideswipe-Same Direction,2,Clear,Dry,Daylight
2024-06-04T17:07:00.000,I 75,I 75 and N Marietta Pkwy,,Rear End,2,Cloudy,Dry,Daylight
2024-07-22T09:56:00.000,I 75,I 75 and N Marietta Pkwy,,Sideswipe-Same Direction,3,Clear,Dry,Daylight
2024-07-29T17:13:00.000,I 75,I 75 and N Marietta Pkwy,,Rear End,2,Clear,Dry,Daylight
2024-11-12T15:28:00.000,I 75,I 75 and N Marietta Pkwy,,Rear End,2,Clear,Dry,Daylight
2024-09-12T11:20:00.000,I 75,I 75 and N Marietta Pkwy,,Sideswipe-Same Direction,2,Rain,Wet,Daylight
2024-04-26T06:09:00.000,I 75,I 75 and N Marietta Pkwy,,Rear End,2,Clear,Dry,Daylight
2024-04-16T16:15:00.000,I 75,I 75 and N Marietta Pkwy,,Rear End,2,Clear,Dry,Daylight
2024-02-19T13:06:00.000,I 75,I 75 and N Marietta Pkwy,,Rear End,2,Clear,Dry,Daylight
2024-05-30T09:30:00.000,I 75,I 75 and N Marietta Pkwy,,Rear End,2,Clear,Dry,Daylight
2024-04-26T16:37:00.000,I 75,I 75 and N Marietta Pkwy,,Rear End,2,Cloudy,Dry,Daylight
2024-08-08T09:40:00.000,I 75,I 75 and N Marietta Pkwy,,Rear End,2,Clear,Dry,Daylight
2024-12-19T10:10:00.000,I 75,I 75 and N Marietta Pkwy,,Not a Collision with Motor Vehicle,1,Clear,Dry,Daylight
2024-02-22T10:57:00.000,I 75,I 75 and N Marietta Pkwy,,Rear End,2,Cloudy,Dry,Daylight
2024-11-27T14:31:00.000,I 75,I 75 and N Marietta Pkwy,,Rear End,2,Clear,Dry,Daylight
2024-01-04T07:41:00.000,I 75,I 75 and N Marietta Pkwy,,Rear End,2,Clear,Dry,Daylight
2024-09-28T22:11:00.000,I 75,I 75 and N Marietta Pkwy,,Sideswipe-Same Direction,2,Rain,Wet,Dark-Lighted
2024-04-11T18:33:00.000,I 75,I 75 and N Marietta Pkwy,,Sideswipe-Same Direction,2,Cloudy,Dry,Daylight
2024-03-29T17:07:00.000,I 75,I 75 and N Marietta Pkwy,,Rear End,2,Clear,Dry,Daylight
2024-12-15T11:37:00.000,I 75,I 75 and N Marietta Pkwy,,Rear End,3,Clear,Dry,Daylight
2024-02-11T21:59:00.000,I 75,I 75 and N Marietta Pkwy,,Not a Collision with Motor Vehicle,1,Rain,Water (standing or moving),Dark-Not Lighted
2022-11-04T23:59:00.000,I 75,I 75 and N Marietta Pkwt Ext,,Angle Crash,2,Clear,Dry,Dark-Not Lighted
2022-02-11T15:06:00.000,I 75,I 75 and N Marietta Parway,,Sideswipe-Same Direction,2,Clear,Dry,Daylight
2021-06-13T13:10:00.000,I 75,I 75 and N Marietta Parkway Underpa,,Rear End,2,Cloudy,Dry,Daylight
2021-07-02T11:40:00.000,I 75,I 75 and N Marietta Parkway Under Pass,,Rear End,2,Rain,Wet,Daylight
2021-12-30T18:47:00.000,I 75,I 75 and N Marietta Parkway Rp,,Sideswipe-Same Direction,3,Cloudy,Dry,Dark-Not Lighted
2023-06-16T08:06:00.000,I 75,I 75 and N Marietta Parkway Rp,,Rear End,2,Clear,Dry,Daylight
2021-07-02T11:40:00.000,I 75,I 75 and N Marietta Parkway Opas,,Rear End,2,Rain,Wet,Daylight
2020-06-29T12:12:00.000,I 75,I 75 and N Marietta Parkway Exit,,Not a Collision with Motor Vehicle,1,Cloudy,Dry,Daylight
2024-08-08T09:28:00.000,I 75,I 75 and N Marietta Parkwa,,Sideswipe-Same Direction,2,Clear,Dry,Daylight
2021-08-18T12:06:00.000,I 75,I 75 and N Marietta Ent Rp,,Rear End,2,Clear,Dry,Daylight
2021-07-06T03:44:00.000,I 75,I 75 and N Marietta,,Angle Crash,2,Cloudy,Dry,Dark-Not Lighted
2023-04-27T09:25:00.000,I 75,I 75 and N Marietta,,Angle Crash,2,Rain,Wet,Daylight
2023-05-31T14:21:00.000,I 75,I 75 and N Marietta,,Angle Crash,4,Clear,Dry,Daylight
2023-08-16T22:06:00.000,I 75,I 75 and N Marietta,,Sideswipe-Same Direction,2,Cloudy,Dry,Dark-Not Lighted
2024-11-21T17:52:00.000,I 75,I 75 and N Marietta,,Rear End,2,Clear,Dry,Dark-Not Lighted
2021-01-26T07:15:00.000,I 75,I 75 and N Mariett Pkwy,,Rear End,2,Cloudy,Wet,Daylight
2022-09-21T08:50:00.000,I 75,I 75 and N Marietaa Pkwy,,Rear End,2,Clear,Dry,Daylight
2022-12-09T16:48:00.000,I 75,I 75 and N Marieta Pkwy.,,Sideswipe-Same Direction,2,Rain,Wet,Daylight
2021-06-12T15:55:00.000,I 75,I 75 and N Marieta Pkwy,,Rear End,2,Clear,Dry,Daylight
2023-03-05T17:27:00.000,I 75,I 75 and N Marieeta Pkwy,,Rear End,2,Clear,Dry,Daylight
2023-01-14T10:40:00.000,I 75,I 75 and N Mareitta Pkwy,,Sideswipe-Same Direction,2,Clear,Dry,Daylight
2021-12-01T18:45:00.000,I 75,I 75 and N Mareitta Pkwy,,Rear End,2,Clear,Dry,Dark-Not Lighted
2021-04-26T16:25:00.000,I 75,I 75 and N Mairetta Pkwy,,Sideswipe-Same Direction,2,Clear,Dry,Daylight
2022-01-26T12:04:00.000,I 75,I 75 and N Lee St,,Head On,1,Clear,Dry,Daylight
2022-07-28T18:25:00.000,I 75,I 75 and N Lee St,,Rear End,2,Clear,Dry,Daylight
2022-05-17T08:30:00.000,I 75,I 75 and N Henry Blvd,,Sideswipe-Same Direction,2,Clear,Dry,Daylight
2020-11-24T15:45:00.000,I 75,I 75 and N Entrance Ramp 353,,Rear End,2,Cloudy,Dry,Daylight
2024-03-11T18:59:00.000,I 75,I 75 and N Dalton Byp,,Sideswipe-Same Direction,2,Cloudy,Dry,Daylight
2020-04-27T18:55:00.000,I 75,I 75 and N County Line Rd Opas,,Not a Collision with Motor Vehicle,2,Clear,Dry,Daylight
2021-10-10T18:44:00.000,I 75,I 75 and N County Line Rd,,Sideswipe-Same Direction,1,Cloudy,Dry,Daylight
2021-02-11T11:22:00.000,I 75,I 75 and N County Line Rd,,Sideswipe-Same Direction,2,Clear,Dry,Daylight
2021-10-08T15:48:00.000,I 75,I 75 and N County Line Rd,,Rear End,2,Cloudy,Dry,Daylight
2022-11-15T15:15:00.000,I 75,I 75 and N County Line Rd,,Rear End,2,Clear,Dry,Daylight
2022-10-10T05:15:00.000,I 75,I 75 and N County Line Rd,,Rear End,2,Clear,Dry,Dark-Not Lighted
2024-10-12T00:50:00.000,I 75,I 75 and N County Line Rd,,Rear End,2,Clear,Dry,Dark-Not Lighted
2023-05-12T12:50:00.000,I 75,I 75 and N Central Ave,,Sideswipe-Same Direction,2,Cloudy,Wet,Daylight
2020-03-04T16:50:00.000,I 75,I 75 and N Central Ave,,Rear End,2,Rain,Wet,Daylight
2020-10-18T18:19:00.000,I 75,I 75 and N Central Ave,,Sideswipe-Same Direction,2,Clear,Dry,Daylight
2020-02-19T08:28:00.000,I 75,I 75 and N Central Ave,,Sideswipe-Same Direction,2,Cloudy,Wet,Daylight
2020-11-17T00:51:00.000,I 75,I 75 and N Central Ave,,Rear End,2,Clear,Dry,Dark-Lighted
2020-01-01T04:22:00.000,I 75,I 75 and N Central Ave,,Rear End,2,Clear,Dry,Dark-Lighted
2020-01-12T16:09:00.000,I 75,I 75 and N Central Ave,,Sideswipe-Same Direction,2,Clear,Dry,Daylight
2020-02-09T00:03:00.000,I 75,I 75 and N Central Ave,,Rear End,3,Rain,Wet,Dark-Lighted
2020-02-20T07:01:00.000,I 75,I 75 and N Central Ave,,Rear End,2,Rain,Wet,Daylight
2020-08-12T05:38:00.000,I 75,I 75 and N Central Ave,,Rear End,2,Clear,Dry,Dark-Lighted
2020-08-16T12:30:00.000,I 75,I 75 and N Central Ave,,Rear End,2,Clear,Dry,Daylight
2020-07-01T17:26:00.000,I 75,I 75 and N Central Ave,,Rear End,2,Clear,Dry,Daylight
2020-01-22T22:12:00.000,I 75,I 75 and N Central Ave,,Sideswipe-Same Direction,2,Clear,Dry,Dark-Lighted
2022-10-07T07:00:00.000,I 75,I 75 and N Central Ave,,Rear End,2,Clear,Dry,Daylight
2024-02-15T15:00:00.000,I 75,I 75 and N Central Ave,,Not a Collision with Motor Vehicle,2,Clear,Dry,Daylight
2024-10-10T17:50:00.000,I 75,I 75 and N Central Ave,,Rear End,2,Clear,Dry,Daylight
2023-01-17T16:50:00.000,I 75,I 75 and N Central Ave,,Rear End,2,Rain,Wet,Daylight
2024-03-23T16:56:00.000,I 75,I 75 and N Central Ave,,Sideswipe-Same Direction,2,Clear,Dry,Daylight
2024-12-06T16:15:00.000,I 75,I 75 and N Central Ave,,Sideswipe-Same Direction,3,Clear,Dry,Daylight
2023-07-05T14:01:00.000,I 75,I 75 and N Bound On Ramp Exit 353,,Rear End,2,Cloudy,Wet,Daylight
2023-04-17T17:28:00.000,I 75,I 75 and N Bound On Ramp Exit 345,,Not a Collision with Motor Vehicle,1,Clear,Dry,Daylight
2021-04-09T16:55:00.000,I 75,I 75 and N Bound Exit Ramp 353,,Rear End,2,Cloudy,Dry,Daylight
2024-06-12T16:05:00.000,I 75,I 75 and N Bound Exit Ramp 353,,(None),2,(None),(None),(None)
2024-01-25T15:30:00.000,I 75,I 75 and N Avenue Overpass Mile 24,,Rear End,2,Cloudy,Wet,Daylight
2022-12-20T14:30:00.000,I 75,I 75 and N Avenue Opas,,Rear End,4,Rain,Wet,Daylight
2022-12-20T14:30:00.000,I 75,I 75 and N Avenue Opas,,Rear End,2,Rain,Wet,Daylight
2022-10-03T19:00:00.000,I 75,I 75 and N Avenue Opas,,Sideswipe-Same Direction,2,Clear,Dry,Daylight
2022-12-20T14:30:00.000,I 75,I 75 and N Avenue Opas,,Rear End,3,Rain,Wet,Daylight
2023-01-27T07:30:00.000,I 75,I 75 and N Avenue Opas,,Rear End,2,Clear,Dry,Daylight
2024-01-18T15:41:00.000,I 75,I 75 and N Avenue Opas,,Rear End,2,Clear,Dry,Daylight
2024-03-08T11:44:00.000,I 75,I 75 and N Avenue Opas,,Rear End,2,Cloudy,Dry,Daylight
2023-11-27T14:49:00.000,I 75,I 75 and N Ave.,,Rear End,2,Clear,Dry,Daylight
2024-09-02T11:49:00.000,I 75,I 75 and N Ave.,,Rear End,2,Clear,Dry,Daylight
2021-12-08T12:07:00.000,I 75,I 75 and N Ave Opas,,Rear End,2,Cloudy,Wet,Daylight
2022-05-16T06:51:00.000,I 75,I 75 and N Ave Opas,,Rear End,2,Clear,Dry,Daylight
2022-03-22T09:13:00.000,I 75,I 75 and N Ave Opas,,Rear End,2,Clear,Dry,Daylight
2022-03-07T16:24:00.000,I 75,I 75 and N Ave Opas,,Rear End,2,Cloudy,Dry,Daylight
2021-01-01T19:45:00.000,I 75,I 75 and N Ave,,Rear End,3,Rain,Wet,Dark-Lighted
2021-11-24T10:30:00.000,I 75,I 75 and N Ave,,Sideswipe-Same Direction,2,Clear,Dry,Daylight
2021-12-02T18:50:00.000,I 75,I 75 and N Ave,,Sideswipe-Same Direction,2,Clear,Dry,Dark-Not Lighted
2021-11-04T08:17:00.000,I 75,I 75 and N Ave,,Rear End,2,Cloudy,Wet,Daylight
2021-10-13T18:09:00.000,I 75,I 75 and N Ave,,Rear End,2,Cloudy,Dry,Daylight
2021-11-10T19:20:00.000,I 75,I 75 and N Ave,,Rear End,2,Clear,Dry,Dark-Lighted
2021-09-02T19:25:00.000,I 75,I 75 and N Ave,,Rear End,2,Clear,Dry,Daylight
2021-10-19T09:13:00.000,I 75,I 75 and N Ave,,Rear End,2,Clear,Dry,Daylight
2021-07-06T08:09:00.000,I 75,I 75 and N Ave,,Sideswipe-Same Direction,2,Clear,Dry,Daylight
2021-09-29T15:00:00.000,I 75,I 75 and N Ave,,Sideswipe-Same Direction,2,Clear,Dry,Daylight
2021-12-02T18:40:00.000,I 75,I 75 and N Ave,,Sideswipe-Same Direction,2,Clear,Dry,Dark-Lighted
2021-08-16T10:05:00.000,I 75,I 75 and N Ave,,Rear End,2,Rain,Wet,Daylight
2021-10-05T14:40:00.000,I 75,I 75 and N Ave,,Rear End,2,Rain,Wet,Daylight
2021-12-08T07:40:00.000,I 75,I 75 and N Ave,,Rear End,3,Cloudy,Dry,Daylight
2021-01-26T08:45:00.000,I 75,I 75 and N Ave,,Rear End,3,Clear,Dry,Daylight
2021-03-11T12:40:00.000,I 75,I 75 and N Ave,,Rear End,2,Clear,Dry,Daylight
2021-06-01T13:14:00.000,I 75,I 75 and N Ave,,Rear End,2,Clear,Dry,Daylight
2021-03-16T14:20:00.000,I 75,I 75 and N Ave,,Rear End,2,Rain,Wet,Daylight
2021-06-30T10:55:00.000,I 75,I 75 and N Ave,,Rear End,2,Clear,Dry,Daylight
2021-06-29T08:20:00.000,I 75,I 75 and N Ave,,Rear End,2,Cloudy,Wet,Daylight
2021-02-03T15:56:00.000,I 75,I 75 and N Ave,,Rear End,2,Clear,Dry,Daylight
2021-09-09T15:20:00.000,I 75,I 75 and N Ave,,Sideswipe-Opposite Direction,2,Cloudy,Dry,Daylight
2021-11-19T13:35:00.000,I 75,I 75 and N Ave,,Rear End,3,Clear,Dry,Daylight
2021-09-28T11:30:00.000,I 75,I 75 and N Ave,,Rear End,2,Clear,Dry,Daylight
2021-11-30T15:16:00.000,I 75,I 75 and N Ave,,Rear End,2,Clear,Dry,Daylight
2021-09-14T18:45:00.000,I 75,I 75 and N Ave,,Rear End,2,Cloudy,Dry,Daylight
2021-10-22T12:51:00.000,I 75,I 75 and N Ave,,Rear End,3,Clear,Dry,Daylight
2021-12-02T08:48:00.000,I 75,I 75 and N Ave,,Rear End,2,Clear,Dry,Daylight
2021-12-06T10:42:00.000,I 75,I 75 and N Ave,,Rear End,2,Rain,Wet,Daylight
2021-10-04T13:05:00.000,I 75,I 75 and N Ave,,Sideswipe-Same Direction,2,Clear,Wet,Daylight
2021-08-17T10:48:00.000,I 75,I 75 and N Ave,,Sideswipe-Same Direction,5,Rain,Wet,Daylight
2021-07-14T18:00:00.000,I 75,I 75 and N Ave,,Rear End,2,Clear,Dry,Daylight
2021-10-11T14:59:00.000,I 75,I 75 and N Ave,,Sideswipe-Same Direction,2,Clear,Dry,Daylight
2021-12-22T11:30:00.000,I 75,I 75 and N Ave,,Sideswipe-Same Direction,2,Clear,Dry,Daylight
2021-11-22T10:30:00.000,I 75,I 75 and N Ave,,Rear End,2,Clear,Dry,Daylight
2021-03-04T11:20:00.000,I 75,I 75 and N Ave,,Rear End,2,Clear,Dry,Daylight
2021-08-11T10:50:00.000,I 75,I 75 and N Ave,,Sideswipe-Same Direction,2,Clear,Dry,Daylight
2021-12-30T18:55:00.000,I 75,I 75 and N Ave,,Rear End,2,Cloudy,Wet,Dark-Lighted
2021-11-26T19:22:00.000,I 75,I 75 and N Ave,,Sideswipe-Same Direction,2,Clear,Dry,Dark-Lighted
2021-11-19T10:35:00.000,I 75,I 75 and N Ave,,Rear End,2,Clear,Dry,Daylight
2021-10-21T10:00:00.000,I 75,I 75 and N Ave,,Rear End,2,Clear,Dry,Daylight
2021-12-09T11:28:00.000,I 75,I 75 and N Ave,,Rear End,2,Cloudy,Dry,Daylight
2021-12-27T18:40:00.000,I 75,I 75 and N Ave,,Rear End,3,Clear,Dry,Dark-Lighted
2021-01-01T08:17:00.000,I 75,I 75 and N Ave,,Sideswipe-Same Direction,2,Rain,Wet,Daylight
2021-04-08T08:20:00.000,I 75,I 75 and N Ave,,Angle Crash,2,Clear,Dry,Daylight
2021-02-04T18:53:00.000,I 75,I 75 and N Ave,,Rear End,2,Cloudy,Dry,Daylight
2023-10-30T19:08:00.000,I 75,I 75 and N Ave,,Rear End,4,Clear,Dry,Dark-Lighted
2023-06-28T15:20:00.000,I 75,I 75 and N Ave,,Sideswipe-Same Direction,2,Clear,Dry,Daylight
2023-07-05T13:35:00.000,I 75,I 75 and N Ave,,Rear End,3,Rain,Wet,Daylight
2023-10-10T09:34:00.000,I 75,I 75 and N Ave,,Rear End,2,Clear,Dry,Daylight
2023-10-17T18:30:00.000,I 75,I 75 and N Ave,,Sideswipe-Same Direction,2,Clear,Dry,Daylight
2023-08-21T11:53:00.000,I 75,I 75 and N Ave,,Rear End,3,Clear,Dry,Daylight
2023-08-29T06:30:00.000,I 75,I 75 and N Ave,,Rear End,2,Clear,Dry,Dark-Lighted
2023-09-05T12:50:00.000,I 75,I 75 and N Ave,,Sideswipe-Same Direction,2,Clear,Dry,Daylight
2023-10-13T09:39:00.000,I 75,I 75 and N Ave,,Sideswipe-Same Direction,3,Cloudy,Dry,Daylight
2023-11-30T06:40:00.000,I 75,I 75 and N Ave,,Sideswipe-Same Direction,2,Clear,Dry,Daylight
2023-01-17T07:45:00.000,I 75,I 75 and N Ave,,Rear End,2,Rain,Wet,Daylight
2023-10-09T18:55:00.000,I 75,I 75 and N Ave,,Rear End,3,Clear,Dry,Daylight
2023-12-18T18:00:00.000,I 75,I 75 and N Ave,,Rear End,2,Clear,Dry,Daylight
2023-08-01T15:46:00.000,I 75,I 75 and N Ave,,Rear End,2,Clear,Dry,Daylight
2023-03-20T11:06:00.000,I 75,I 75 and N Ave,,Rear End,3,Clear,Dry,Daylight
2023-07-21T12:20:00.000,I 75,I 75 and N Ave,,Sideswipe-Same Direction,2,Clear,Dry,Daylight
2023-07-11T09:13:00.000,I 75,I 75 and N Ave,,Rear End,2,Clear,Dry,Daylight
2023-10-23T14:45:00.000,I 75,I 75 and N Ave,,Rear End,2,Clear,Dry,Daylight
2023-05-15T17:30:00.000,I 75,I 75 and N Ave,,Rear End,2,Clear,Dry,Daylight
2023-12-14T17:32:00.000,I 75,I 75 and N Ave,,Sideswipe-Same Direction,2,Clear,Dry,Dark-Lighted
2023-04-28T14:39:00.000,I 75,I 75 and N Ave,,Rear End,2,Clear,Dry,Daylight
2023-08-29T08:44:00.000,I 75,I 75 and N Ave,,Rear End,2,Cloudy,Wet,Daylight
2023-02-10T14:51:00.000,I 75,I 75 and N Ave,,Rear End,2,Clear,Dry,Daylight
2023-02-21T08:45:00.000,I 75,I 75 and N Ave,,Rear End,2,Clear,Dry,Daylight
2023-02-16T08:01:00.000,I 75,I 75 and N Ave,,Sideswipe-Same Direction,2,Cloudy,Dry,Daylight
2023-05-22T10:20:00.000,I 75,I 75 and N Ave,,Sideswipe-Same Direction,2,Clear,Dry,Daylight
2023-09-29T13:30:00.000,I 75,I 75 and N Ave,,Sideswipe-Same Direction,2,Clear,Dry,Daylight
2023-02-28T07:20:00.000,I 75,I 75 and N Ave,,Rear End,2,Clear,Dry,Daylight
2023-12-10T18:00:00.000,I 75,I 75 and N Ave,,Rear End,2,Rain,Wet,Dark-Lighted
2023-01-10T07:40:00.000,I 75,I 75 and N Ave,,Rear End,2,Clear,Dry,Daylight
2023-08-04T16:36:00.000,I 75,I 75 and N Ave,,Sideswipe-Same Direction,2,Clear,Dry,Daylight
2023-05-19T15:30:00.000,I 75,I 75 and N Ave,,Rear End,2,Cloudy,Dry,Daylight
2023-02-27T16:35:00.000,I 75,I 75 and N Ave,,Rear End,2,Clear,Dry,Daylight
2023-01-24T15:00:00.000,I 75,I 75 and N Ave,,Rear End,2,Clear,Dry,Daylight
2023-07-28T13:30:00.000,I 75,I 75 and N Ave,,Rear End,2,Clear,Dry,Daylight
2023-06-08T10:00:00.000,I 75,I 75 and N Ave,,Rear End,3,Clear,Dry,Daylight
2023-03-29T13:02:00.000,I 75,I 75 and N Ave,,Sideswipe-Same Direction,2,Clear,Dry,Daylight
2023-09-12T17:35:00.000,I 75,I 75 and N Ave,,Rear End,2,Clear,Dry,Daylight
2023-10-31T15:46:00.000,I 75,I 75 and N Ave,,Rear End,2,Clear,Dry,Daylight
2023-10-20T19:30:00.000,I 75,I 75 and N Ave,,Sideswipe-Same Direction,2,Clear,Dry,Dark-Lighted
2023-01-26T16:50:00.000,I 75,I 75 and N Ave,,Rear End,2,Clear,Dry,Daylight
2023-10-23T11:15:00.000,I 75,I 75 and N Ave,,Rear End,2,Clear,Dry,Daylight
2023-02-04T00:00:00.000,I 75,I 75 and N Ave,,Rear End,2,Clear,Dry,Dark-Lighted
2023-05-25T16:57:00.000,I 75,I 75 and N Ave,,Sideswipe-Same Direction,2,Cloudy,Dry,Daylight
2023-08-04T12:44:00.000,I 75,I 75 and N Ave,,Rear End,2,Cloudy,Dry,Daylight
2023-09-12T16:55:00.000,I 75,I 75 and N Ave,,Sideswipe-Same Direction,2,Clear,Dry,Daylight
2023-05-02T09:22:00.000,I 75,I 75 and N Ave,,Rear End,2,Clear,Dry,Daylight
2023-08-29T19:20:00.000,I 75,I 75 and N Ave,,Rear End,3,Rain,Wet,Daylight
2023-02-09T09:21:00.000,I 75,I 75 and N Ave,,Rear End,2,Cloudy,Dry,Daylight
2023-06-09T12:31:00.000,I 75,I 75 and N Ave,,Rear End,2,Clear,Dry,Daylight
2023-06-20T17:30:00.000,I 75,I 75 and N Ave,,Rear End,2,Cloudy,Dry,Daylight
2023-01-26T14:36:00.000,I 75,I 75 and N Ave,,Rear End,2,Cloudy,Dry,Daylight
2023-11-16T08:10:00.000,I 75,I 75 and N Ave,,Sideswipe-Same Direction,2,Clear,Dry,Daylight
2023-06-23T18:05:00.000,I 75,I 75 and N Ave,,Sideswipe-Same Direction,2,Clear,Dry,Daylight
2023-01-03T09:30:00.000,I 75,I 75 and N Ave,,Rear End,2,Cloudy,Wet,Daylight
2023-01-16T11:22:00.000,I 75,I 75 and N Ave,,Rear End,2,Cloudy,Dry,Daylight
2023-07-31T11:25:00.000,I 75,I 75 and N Ave,,Sideswipe-Same Direction,2,Cloudy,Dry,Daylight
2023-06-22T12:40:00.000,I 75,I 75 and N Ave,,Rear End,2,Cloudy,Wet,Daylight
2023-07-18T16:18:00.000,I 75,I 75 and N Ave,,Sideswipe-Same Direction,2,Cloudy,Dry,Daylight
2023-07-13T18:12:00.000,I 75,I 75 and N Ave,,Rear End,2,Cloudy,Dry,Daylight
2023-02-20T07:57:00.000,I 75,I 75 and N Ave,,Sideswipe-Same Direction,2,Cloudy,Dry,Daylight
2023-05-04T19:30:00.000,I 75,I 75 and N Ave,,Sideswipe-Same Direction,2,Clear,Dry,Daylight
2023-03-17T08:08:00.000,I 75,I 75 and N Ave,,Rear End,2,Rain,Wet,Daylight
2023-01-16T08:50:00.000,I 75,I 75 and N Ave,,Rear End,2,Clear,Dry,Daylight
2022-10-04T18:40:00.000,I 75,I 75 and N Ave,,Rear End,2,Clear,Dry,Daylight
2022-11-10T14:30:00.000,I 75,I 75 and N Ave,,Rear End,2,Cloudy,Wet,Daylight
2022-07-28T17:30:00.000,I 75,I 75 and N Ave,,Sideswipe-Same Direction,2,Clear,Dry,Daylight
2022-02-24T11:35:00.000,I 75,I 75 and N Ave,,Sideswipe-Same Direction,2,Clear,Dry,Daylight
2022-05-27T07:50:00.000,I 75,I 75 and N Ave,,Sideswipe-Same Direction,3,Clear,Dry,Daylight
2022-07-21T08:24:00.000,I 75,I 75 and N Ave,,Rear End,2,Rain,Wet,Daylight
2022-10-14T06:46:00.000,I 75,I 75 and N Ave,,Sideswipe-Same Direction,2,Clear,Dry,Dark-Not Lighted
2022-01-24T15:10:00.000,I 75,I 75 and N Ave,,Rear End,2,Clear,Dry,Daylight
2022-04-16T22:45:00.000,I 75,I 75 and N Ave,,Rear End,2,Clear,Dry,Dark-Lighted
2022-07-21T15:06:00.000,I 75,I 75 and N Ave,,Rear End,2,Cloudy,Dry,Daylight
2022-02-17T09:02:00.000,I 75,I 75 and N Ave,,Rear End,3,Rain,Wet,Daylight
2023-03-27T14:30:00.000,I 75,I 75 and N Ave,,Rear End,2,Clear,Dry,Daylight
2022-02-17T09:20:00.000,I 75,I 75 and N Ave,,Rear End,2,Rain,Wet,Daylight
2020-01-13T19:34:00.000,I 75,I 75 and N Ave,,Rear End,2,Cloudy,Wet,Dark-Lighted