Date and Time,Roadway (From Crash Report),Intersection Name (from Crash Report),KABCO Severity,Manner of Collision (Crash Level) ,# of Vehicles per crash ,Weather Conditions (Crash Level),Surface Condition (Crash Level) ,Light Conditions (Crash Level)
2023-01-09T12:28:00.000,I 75,I 75 and N Ave,,Sideswipe-Same Direction,2,Clear,Dry,Daylight
2023-01-24T10:00:00.000,I 75,I 75 and N Ave,,Sideswipe-Same Direction,2,Clear,Dry,Daylight
2023-08-22T14:30:00.000,I 75,I 75 and N Ave,,Rear End,2,Clear,Dry,Daylight
2023-07-31T15:00:00.000,I 75,I 75 and N Ave,,Rear End,2,Clear,Dry,Daylight
2023-07-07T10:28:00.000,I 75,I 75 and N Ave,,Rear End,3,Clear,Dry,Daylight
2023-06-08T17:13:00.000,I 75,I 75 and N Ave,,Sideswipe-Same Direction,2,Clear,Dry,Daylight
2023-04-03T07:00:00.000,I 75,I 75 and N Ave,,Sideswipe-Same Direction,2,Cloudy,Dry,Daylight
2023-05-19T18:00:00.000,I 75,I 75 and N Ave,,Sideswipe-Same Direction,2,Clear,Dry,Daylight
2023-04-13T16:58:00.000,I 75,I 75 and N Ave,,Sideswipe-Same Direction,2,Clear,Dry,Daylight
2023-04-18T08:00:00.000,I 75,I 75 and N Ave,,Rear End,2,Clear,Dry,Daylight
2023-11-27T17:20:00.000,I 75,I 75 and N Ave,,Sideswipe-Same Direction,2,Clear,Dry,Daylight
2023-09-04T18:40:00.000,I 75,I 75 and N Ave,,Rear End,2,Clear,Dry,Daylight
2023-02-28T08:25:00.000,I 75,I 75 and N Ave,,Rear End,2,Clear,Dry,Daylight
2023-10-19T11:07:00.000,I 75,I 75 and N Ave,,Sideswipe-Same Direction,2,Clear,Dry,Daylight
2023-08-17T06:10:00.000,I 75,I 75 and N Ave,,Sideswipe-Same Direction,2,Clear,Dry,Daylight
2023-11-24T18:20:00.000,I 75,I 75 and N Ave,,Sideswipe-Same Direction,2,Clear,Dry,Daylight
2024-06-14T19:34:00.000,I 75,I 75 and N Ave,,Rear End,3,Clear,Dry,Daylight
2024-05-14T12:30:00.000,I 75,I 75 and N Ave,,Sideswipe-Same Direction,2,Cloudy,Wet,Daylight
2024-03-25T06:40:00.000,I 75,I 75 and N Ave,,Sideswipe-Same Direction,2,Clear,Dry,Dark-Lighted
2024-01-18T07:00:00.000,I 75,I 75 and N Ave,,Rear End,2,Clear,Dry,Daylight
2024-08-27T08:20:00.000,I 75,I 75 and N Ave,,Sideswipe-Same Direction,2,Clear,Dry,Daylight
2024-01-08T14:55:00.000,I 75,I 75 and N Ave,,Sideswipe-Same Direction,2,Clear,Dry,Daylight
2024-03-18T11:40:00.000,I 75,I 75 and N Ave,,Sideswipe-Same Direction,2,Clear,Dry,Daylight
2024-08-01T13:18:00.000,I 75,I 75 and N Ave,,Rear End,2,Clear,Dry,Daylight
2024-09-19T08:01:00.000,I 75,I 75 and N Ave,,Sideswipe-Same Direction,2,Clear,Dry,Daylight
2024-10-29T17:46:00.000,I 75,I 75 and N Ave,,Rear End,2,Clear,Dry,Daylight
2024-06-07T10:20:00.000,I 75,I 75 and N Ave,,Sideswipe-Same Direction,2,Clear,Dry,Daylight
2024-11-21T08:00:00.000,I 75,I 75 and N Ave,,Sideswipe-Same Direction,2,Clear,Dry,Daylight
2024-11-12T19:13:00.000,I 75,I 75 and N Ave,,Sideswipe-Same Direction,2,Clear,Dry,Dark-Lighted
2024-10-07T08:33:00.000,I 75,I 75 and N Ave,,Sideswipe-Same Direction,2,Clear,Dry,Daylight
2024-09-23T10:32:00.000,I 75,I 75 and N Ave,,Rear End,3,Clear,Dry,Daylight
2024-08-13T14:43:00.000,I 75,I 75 and N Ave,,Sideswipe-Same Direction,2,Clear,Dry,Daylight
2024-07-09T16:20:00.000,I 75,I 75 and N Ave,,Sideswipe-Same Direction,3,Rain,Wet,Daylight
2024-09-26T07:45:00.000,I 75,I 75 and N Ave,,Rear End,2,Rain,Wet,Daylight
2024-08-26T10:10:00.000,I 75,I 75 and N Ave,,Rear End,2,Clear,Dry,Daylight
2024-09-05T09:59:00.000,I 75,I 75 and N Ave,,Rear End,2,Clear,Dry,Daylight
2024-01-02T16:10:00.000,I 75,I 75 and N Ave,,Rear End,2,Clear,Dry,Daylight
2024-11-21T20:20:00.000,I 75,I 75 and N Ave,,Sideswipe-Same Direction,2,Clear,Dry,Dark-Lighted
2024-01-29T12:15:00.000,I 75,I 75 and N Ave,,Sideswipe-Same Direction,2,Clear,Dry,Daylight
2024-06-14T14:28:00.000,I 75,I 75 and N Ave,,Rear End,2,Cloudy,Dry,Daylight
2024-03-21T13:54:00.000,I 75,I 75 and N Ave,,Sideswipe-Same Direction,2,Clear,Dry,Daylight
2024-04-15T06:14:00.000,I 75,I 75 and N Ave,,Sideswipe-Same Direction,2,Clear,Dry,Dark-Lighted
2024-03-18T08:58:00.000,I 75,I 75 and N Ave,,Sideswipe-Same Direction,2,Clear,Dry,Daylight
2024-01-02T14:38:00.000,I 75,I 75 and N Ave,,Sideswipe-Same Direction,2,Clear,Dry,Daylight
2024-06-11T18:50:00.000,I 75,I 75 and N Ave,,Rear End,2,Clear,Dry,Daylight
2024-11-21T08:45:00.000,I 75,I 75 and N Ave,,Rear End,2,Clear,Dry,Daylight
2024-03-26T17:54:00.000,I 75,I 75 and N Ave,,Sideswipe-Same Direction,2,Clear,Wet,Daylight
2024-02-20T14:00:00.000,I 75,I 75 and N Ave,,Rear End,2,Clear,Dry,Daylight
2024-03-22T17:22:00.000,I 75,I 75 and N Ave,,Rear End,2,Clear,Dry,Daylight
2024-04-04T14:14:00.000,I 75,I 75 and N Ave,,Rear End,2,Clear,Dry,Daylight
2024-04-04T09:15:00.000,I 75,I 75 and N Ave,,Rear End,2,Clear,Dry,Daylight
2024-12-23T13:30:00.000,I 75,I 75 and N Ave,,Sideswipe-Same Direction,3,Clear,Dry,Daylight
2024-06-04T14:28:00.000,I 75,I 75 and N Ave,,Rear End,3,Rain,Wet,Daylight
2024-08-01T13:18:00.000,I 75,I 75 and N Ave,,Rear End,2,Clear,Dry,Daylight
2024-04-15T12:45:00.000,I 75,I 75 and N Ave,,Sideswipe-Same Direction,2,Clear,Dry,Daylight
2024-06-25T18:10:00.000,I 75,I 75 and N Ave,,Rear End,2,Clear,Dry,Daylight
2024-05-14T08:00:00.000,I 75,I 75 and N Ave,,Sideswipe-Same Direction,2,Cloudy,Wet,Daylight
2024-03-22T10:20:00.000,I 75,I 75 and N Ave,,Rear End,2,Cloudy,Dry,Daylight
2024-06-10T14:24:00.000,I 75,I 75 and N Ave,,Rear End,2,Clear,Dry,Daylight
2024-10-14T13:21:00.000,I 75,I 75 and N Ave,,Rear End,2,Clear,Dry,Daylight
2024-11-30T22:00:00.000,I 75,I 75 and N Ave,,Rear End,2,Clear,Dry,Dark-Lighted
2024-11-05T10:59:00.000,I 75,I 75 and N Ave,,Sideswipe-Same Direction,2,Clear,Dry,Daylight
2024-09-19T08:53:00.000,I 75,I 75 and N Ave,,Rear End,2,Clear,Dry,Daylight
2024-11-25T14:18:00.000,I 75,I 75 and N Ave,,Rear End,2,Clear,Dry,Daylight
2024-07-09T18:40:00.000,I 75,I 75 and N Ave,,Sideswipe-Same Direction,2,Cloudy,Wet,Daylight
2024-09-17T08:49:00.000,I 75,I 75 and N Ave,,Rear End,2,Clear,Dry,Daylight
2024-08-08T08:30:00.000,I 75,I 75 and N Ave,,Sideswipe-Same Direction,2,Clear,Dry,Daylight
2024-04-11T12:30:00.000,I 75,I 75 and N Ave,,Rear End,2,Rain,Wet,Daylight
2024-12-24T18:15:00.000,I 75,I 75 and N Ave,,Rear End,2,Clear,Dry,Dark-Lighted
2024-04-09T13:01:00.000,I 75,I 75 and N Ave,,Rear End,3,Clear,Dry,Daylight
2024-09-26T06:30:00.000,I 75,I 75 and N Ave,,Rear End,3,Rain,Wet,Dark-Lighted
2024-07-23T15:00:00.000,I 75,I 75 and N Ave,,Rear End,2,Clear,Dry,Daylight
2024-08-02T07:40:00.000,I 75,I 75 and N Ave,,Rear End,2,Clear,Dry,Daylight
2024-02-08T11:40:00.000,I 75,I 75 and N Ave,,Not a Collision with Motor Vehicle,1,Clear,Dry,Daylight
2024-07-02T17:05:00.000,I 75,I 75 and N Ave,,Rear End,2,Clear,Dry,Daylight
2024-12-27T11:21:00.000,I 75,I 75 and N Ave,,Sideswipe-Same Direction,2,Clear,Dry,Daylight
2024-05-06T08:10:00.000,I 75,I 75 and N Ave,,Rear End,2,Clear,Dry,Daylight
2024-07-08T05:45:00.000,I 75,I 75 and N Ave,,Rear End,2,Clear,Dry,Dark-Lighted
2024-07-08T05:45:00.000,I 75,I 75 and N Ave,,Rear End,2,Clear,Dry,Dark-Lighted
2024-01-26T18:50:00.000,I 75,I 75 and N Ave,,Rear End,2,Clear,Dry,Dark-Lighted
2024-08-16T09:10:00.000,I 75,I 75 and N Ave,,Rear End,2,Clear,Dry,Daylight
2024-11-05T17:04:00.000,I 75,I 75 and N Ave,,Rear End,2,Cloudy,Dry,Daylight
2024-11-18T17:35:00.000,I 75,I 75 and N Ave,,Rear End,3,Clear,Dry,Daylight
2024-09-03T13:40:00.000,I 75,I 75 and N Ave,,Rear End,2,Clear,Dry,Daylight
2024-04-01T13:04:00.000,I 75,I 75 and N Ave,,Rear End,3,Cloudy,Dry,Daylight
2024-03-12T16:40:00.000,I 75,I 75 and N Ave,,Rear End,2,Clear,Dry,Daylight
2024-02-23T06:32:00.000,I 75,I 75 and N Ave,,Angle Crash,2,Rain,Wet,Dawn
2024-09-13T19:10:00.000,I 75,I 75 and N Ave,,Rear End,3,Cloudy,Dry,Dusk
2024-05-09T14:25:00.000,I 75,I 75 and N Ave,,Rear End,2,Cloudy,Wet,Daylight
2024-11-08T10:00:00.000,I 75,I 75 and N Ave,,Sideswipe-Same Direction,2,Clear,Dry,Daylight
2024-11-21T19:33:00.000,I 75,I 75 and N Ave,,Rear End,2,Clear,Dry,Daylight
2024-01-26T19:48:00.000,I 75,I 75 and N Ave,,Rear End,2,Clear,Dry,Dark-Lighted
2024-01-26T18:00:00.000,I 75,I 75 and N Ave,,Rear End,2,Clear,Dry,Daylight
2024-07-05T13:05:00.000,I 75,I 75 and N Ave,,Rear End,2,Rain,Dry,Daylight
2024-03-12T17:18:00.000,I 75,I 75 and N Ave,,Sideswipe-Same Direction,2,Clear,Dry,Daylight
2024-11-19T19:38:00.000,I 75,I 75 and N Ave,,Sideswipe-Same Direction,2,Clear,Dry,Daylight
2024-01-18T18:21:00.000,I 75,I 75 and N Ave,,Sideswipe-Same Direction,2,Clear,Dry,Dark-Lighted
2024-11-29T14:24:00.000,I 75,I 75 and N Ave,,Rear End,2,Clear,Dry,Daylight
2024-12-12T07:00:00.000,I 75,I 75 and N Ave,,Rear End,2,Clear,Dry,Daylight
2024-01-26T19:47:00.000,I 75,I 75 and N Ave,,Rear End,2,Clear,Dry,Dark-Lighted
2024-11-01T09:59:00.000,I 75,I 75 and N Ave,,Rear End,3,Cloudy,Dry,Daylight
2024-11-21T19:46:00.000,I 75,I 75 and N Ave,,Sideswipe-Same Direction,2,Clear,Dry,Dark-Lighted
2024-02-02T14:18:00.000,I 75,I 75 and N Ave,,Sideswipe-Same Direction,2,Clear,Dry,Daylight
2024-01-04T06:50:00.000,I 75,I 75 and N Ave,,Sideswipe-Same Direction,2,Clear,Dry,Daylight
2024-03-18T15:00:00.000,I 75,I 75 and N Ave,,Sideswipe-Same Direction,2,Clear,Dry,Daylight
2024-02-01T18:10:00.000,I 75,I 75 and N Ave,,Rear End,2,Clear,Dry,Dark-Lighted
2024-09-30T13:13:00.000,I 75,I 75 and N Ave,,Rear End,2,Cloudy,Dry,Daylight
2024-06-27T14:22:00.000,I 75,I 75 and N Ave,,Rear End,2,Cloudy,Dry,Daylight
2024-06-27T15:52:00.000,I 75,I 75 and N Ave,,Rear End,2,Rain,Wet,Daylight
2024-10-04T12:00:00.000,I 75,I 75 and N Ave,,Sideswipe-Same Direction,2,Clear,Dry,Daylight
2024-11-13T08:00:00.000,I 75,I 75 and N Ave,,Rear End,2,Clear,Dry,Daylight
2024-12-20T19:03:00.000,I 75,I 75 and N Ave,,Rear End,2,Clear,Dry,Dark-Lighted
2024-09-03T14:17:00.000,I 75,I 75 and N Ave,,Rear End,2,Clear,Dry,Daylight
2024-11-14T18:10:00.000,I 75,I 75 and N Ave,,Sideswipe-Same Direction,2,Cloudy,Dry,Daylight
2024-01-16T09:20:00.000,I 75,I 75 and N Ave,,Sideswipe-Same Direction,2,Rain,Wet,Daylight
2023-12-15T12:21:00.000,I 75,I 75 and N 120 Loop,,Rear End,4,Clear,Dry,Daylight
2021-03-12T10:45:00.000,I 75,I 75 and N  Marietta Pkwy,,Rear End,2,Clear,Dry,Daylight
2021-01-05T17:41:00.000,I 75,I 75 and N  Marietta Pkwy,,Rear End,2,Clear,Dry,Daylight
2022-06-28T19:24:00.000,I 75,I 75 and N  Marietta Pkwy,,Not a Collision with Motor Vehicle,1,Cloudy,Wet,Daylight
2021-12-27T11:45:00.000,I 75,I 75 and My Zion Pkwy,,Rear End,2,Cloudy,Dry,Daylight
2020-07-19T11:29:00.000,I 75,I 75 and Musselwhite Rd,,Sideswipe-Same Direction,2,Cloudy,Dry,Daylight
2023-11-26T17:35:00.000,I 75,I 75 and Musclewhite Rd,,Not a Collision with Motor Vehicle,1,Clear,Wet,Daylight
2021-07-24T09:06:00.000,I 75,I 75 and Musclewhite Rd,,Not a Collision with Motor Vehicle,1,Clear,Dry,Daylight
2021-06-21T12:59:00.000,I 75,I 75 and Mtzion Blvd,,Rear End,2,Rain,Wet,Daylight
2021-07-02T11:42:00.000,I 75,I 75 and Mtzion Blvd,,Not a Collision with Motor Vehicle,1,Clear,Dry,Daylight
2021-09-21T02:30:00.000,I 75,I 75 and Mtzion Blvd,,Rear End,2,Rain,Wet,Dark-Lighted
2021-05-26T11:04:00.000,I 75,I 75 and Mtparan Rd,,Sideswipe-Same Direction,2,Clear,Dry,Daylight
2021-06-15T14:20:00.000,I 75,I 75 and Mtparan Rd,,Not a Collision with Motor Vehicle,1,Clear,Dry,Daylight
2021-08-03T08:30:00.000,I 75,I 75 and Mtparan Rd,,Rear End,2,Cloudy,Dry,Daylight
2020-03-05T09:20:00.000,I 75,I 75 and Mtparan Rd,,Rear End,2,Rain,Wet,Daylight
2021-06-21T06:15:00.000,I 75,I 75 and Mtparan Rd,,Head On,2,Cloudy,Dry,Dawn
2021-08-20T10:55:00.000,I 75,I 75 and Mtparan Rd,,Rear End,2,Cloudy,Dry,Daylight
2022-04-18T09:16:00.000,I 75,I 75 and Mt.Paran Rd,,Sideswipe-Same Direction,2,Cloudy,Wet,Daylight
2021-11-08T16:30:00.000,I 75,I 75 and Mt.Paran Rd,,Sideswipe-Same Direction,2,Clear,Dry,Daylight
2022-02-21T18:25:00.000,I 75,I 75 and Mt.Paran Rd,,Angle Crash,2,Rain,Wet,Daylight
2022-03-10T16:54:00.000,I 75,I 75 and Mt.Paran Rd,,Sideswipe-Same Direction,2,Clear,Dry,Daylight
2021-12-06T13:46:00.000,I 75,I 75 and Mt.Paran Rd,,Sideswipe-Same Direction,2,Rain,Wet,Daylight
2022-02-24T17:30:00.000,I 75,I 75 and Mt.Paran Rd,,Rear End,2,Clear,Dry,Daylight
2022-02-11T13:50:00.000,I 75,I 75 and Mt.Paran Rd,,Sideswipe-Same Direction,2,Clear,Dry,Daylight
2023-11-11T13:00:00.000,I 75,I 75 and Mt. Zion Rd,,Angle Crash,2,Clear,Dry,Daylight
2024-01-13T12:43:00.000,I 75,I 75 and Mt. Zion Rd,,Not a Collision with Motor Vehicle,1,Clear,Dry,Daylight
2023-05-19T13:40:00.000,I 75,I 75 and Mt. Zion Pkwy,,Rear End,2,Cloudy,Dry,Daylight
2023-11-06T06:50:00.000,I 75,I 75 and Mt. Zion Pkwy,,Angle Crash,2,Clear,Dry,Daylight
2023-08-30T19:07:00.000,I 75,I 75 and Mt. Zion Blvd,,Rear End,2,Cloudy,Dry,Daylight
2023-06-27T18:31:00.000,I 75,I 75 and Mt. Zion Blvd,,Rear End,2,Clear,Dry,Daylight
2023-08-11T10:17:00.000,I 75,I 75 and Mt. Zion Blvd,,Not a Collision with Motor Vehicle,1,Rain,Wet,Daylight
2023-05-12T10:51:00.000,I 75,I 75 and Mt. Zion Blvd,,Rear End,2,Rain,Wet,Daylight
2023-08-12T20:00:00.000,I 75,I 75 and Mt. Zion Blvd,,Sideswipe-Same Direction,2,Cloudy,Wet,Dusk
2023-08-19T00:54:00.000,I 75,I 75 and Mt. Zion Blvd,,Angle Crash,4,Clear,Dry,Dark-Not Lighted
2023-08-29T15:30:00.000,I 75,I 75 and Mt. Zion Blvd,,Rear End,2,Clear,Dry,Daylight
2023-07-10T00:00:00.000,I 75,I 75 and Mt. Zion Blvd,,Not a Collision with Motor Vehicle,1,Rain,Wet,Dark-Not Lighted
2022-05-31T11:06:00.000,I 75,I 75 and Mt. Zion Blvd,,Rear End,2,Clear,Dry,Daylight
2022-03-26T13:41:00.000,I 75,I 75 and Mt. Zion Blvd,,Sideswipe-Same Direction,2,Clear,Dry,Daylight
2022-03-21T22:38:00.000,I 75,I 75 and Mt. Zion Blvd,,Not a Collision with Motor Vehicle,1,Clear,Dry,Dark-Not Lighted
2022-08-24T11:06:00.000,I 75,I 75 and Mt. Zion Blvd,,Not a Collision with Motor Vehicle,2,Clear,Dry,Daylight
2022-03-22T16:56:00.000,I 75,I 75 and Mt. Zion Blvd,,Not a Collision with Motor Vehicle,2,Cloudy,Dry,Daylight
2022-07-02T00:19:00.000,I 75,I 75 and Mt. Zion Blvd,,Sideswipe-Same Direction,2,Clear,Dry,Dark-Not Lighted
2022-05-06T23:18:00.000,I 75,I 75 and Mt. Zion Blvd,,Sideswipe-Same Direction,2,Clear,Dry,Dark-Not Lighted
2022-04-07T00:00:00.000,I 75,I 75 and Mt. Zion Blvd,,Rear End,2,Clear,Dry,Daylight
2023-06-05T16:56:00.000,I 75,I 75 and Mt. Zion Blvd,,Not a Collision with Motor Vehicle,2,Clear,Dry,Daylight
2024-12-28T23:09:00.000,I 75,I 75 and Mt. Zion Blvd,,Not a Collision with Motor Vehicle,1,Rain,Wet,Dark-Lighted
2024-08-22T09:00:00.000,I 75,I 75 and Mt. Zion Blvd,,Rear End,2,Clear,Dry,Daylight
2023-10-01T11:50:00.000,I 75,I 75 and Mt. Zion Blvd,,Rear End,2,Clear,Dry,Daylight
2023-04-30T06:19:00.000,I 75,I 75 and Mt. Zion Blvd,,Not a Collision with Motor Vehicle,1,Rain,Wet,Dark-Lighted
2023-11-02T10:15:00.000,I 75,I 75 and Mt. Zion Blvd,,Sideswipe-Same Direction,2,Clear,Dry,Daylight
2023-12-10T07:28:00.000,I 75,I 75 and Mt. Zion Blvd,,Angle Crash,2,Rain,Wet,Daylight
2024-03-31T08:45:00.000,I 75,I 75 and Mt. Zion Blvd,,Sideswipe-Same Direction,2,Clear,Dry,Daylight
2024-04-03T07:30:00.000,I 75,I 75 and Mt. Zion Blvd,,Sideswipe-Same Direction,2,Clear,Dry,Daylight
2024-11-14T13:22:00.000,I 75,I 75 and Mt. Zion Blvd,,Rear End,2,Rain,Wet,Daylight
2024-01-15T07:30:00.000,I 75,I 75 and Mt. Zion Blvd,,Rear End,2,Clear,Ice/Frost,Daylight
2024-05-01T10:25:00.000,I 75,I 75 and Mt. Zion Blvd,,Sideswipe-Same Direction,2,Clear,Dry,Daylight
2024-03-24T12:21:00.000,I 75,I 75 and Mt. Zion Blvd,,Rear End,2,Clear,Dry,Daylight
2024-07-22T21:13:00.000,I 75,I 75 and Mt. Zion Blvd,,Angle Crash,2,Clear,Dry,Dark-Not Lighted
2024-08-13T10:57:00.000,I 75,I 75 and Mt. Zion Blvd,,Angle Crash,2,Clear,Dry,Daylight
2024-12-28T23:25:00.000,I 75,I 75 and Mt. Zion Blvd,,Rear End,2,Rain,Wet,Dark-Not Lighted
2024-11-14T09:35:00.000,I 75,I 75 and Mt. Zion Blvd,,Angle Crash,3,Rain,Water (standing or moving),Daylight
2023-04-07T15:11:00.000,I 75,I 75 and Mt. Paran Rd.,,Not a Collision with Motor Vehicle,1,Cloudy,Dry,Daylight
2022-04-12T14:05:00.000,I 75,I 75 and Mt. Paran Rd.,,Sideswipe-Same Direction,2,Clear,Dry,Daylight
2023-04-21T18:00:00.000,I 75,I 75 and Mt. Paran Rd.,,Sideswipe-Same Direction,2,Cloudy,Dry,Daylight
2023-09-28T07:59:00.000,I 75,I 75 and Mt. Paran Rd.,,Rear End,2,Clear,Dry,Daylight
2024-08-22T17:57:00.000,I 75,I 75 and Mt. Paran Rd.,,Rear End,2,Cloudy,Dry,Daylight
2021-10-26T08:45:00.000,I 75,I 75 and Mt. Paran Rd,,Rear End,2,Clear,Dry,Daylight
2023-06-06T16:25:00.000,I 75,I 75 and Mt. Paran Rd,,Rear End,2,Cloudy,Dry,Daylight
2023-06-01T16:57:00.000,I 75,I 75 and Mt. Paran Rd,,Rear End,2,Clear,Dry,Daylight
2023-06-19T16:25:00.000,I 75,I 75 and Mt. Paran Rd,,Rear End,2,Cloudy,Dry,Daylight
2021-12-09T08:27:00.000,I 75,I 75 and Mt. Paran Rd,,Rear End,2,Cloudy,Dry,Daylight
2022-11-08T07:27:00.000,I 75,I 75 and Mt. Paran Rd,,Not a Collision with Motor Vehicle,1,Cloudy,Dry,Daylight
2022-06-21T17:11:00.000,I 75,I 75 and Mt. Paran Rd,,Sideswipe-Same Direction,3,Clear,Dry,Daylight
2022-01-20T18:58:00.000,I 75,I 75 and Mt. Paran Rd,,Rear End,2,Clear,Wet,Daylight
2022-06-27T17:20:00.000,I 75,I 75 and Mt. Paran Rd,,Sideswipe-Same Direction,2,Clear,Dry,Daylight
2022-11-17T16:55:00.000,I 75,I 75 and Mt. Paran Rd,,Rear End,3,Clear,Dry,Daylight
2022-01-20T18:11:00.000,I 75,I 75 and Mt. Paran Rd,,Rear End,2,Cloudy,Wet,Dark-Lighted
2022-08-23T11:52:00.000,I 75,I 75 and Mt. Paran Rd,,Sideswipe-Same Direction,2,Cloudy,Dry,Daylight
2022-05-25T16:44:00.000,I 75,I 75 and Mt. Paran Rd,,Rear End,2,Cloudy,Dry,Daylight
2022-06-06T19:40:00.000,I 75,I 75 and Mt. Paran Rd,,Sideswipe-Same Direction,2,Clear,Wet,Daylight
2022-08-05T15:42:00.000,I 75,I 75 and Mt. Paran Rd,,Rear End,4,Clear,Dry,Daylight
2023-10-06T16:32:00.000,I 75,I 75 and Mt. Paran Rd,,Rear End,2,Clear,Dry,Daylight
2024-09-24T08:45:00.000,I 75,I 75 and Mt. Paran Rd,,Sideswipe-Same Direction,2,Cloudy,Dry,Daylight
2023-10-21T21:10:00.000,I 75,I 75 and Mt. Paran Rd,,Rear End,2,Clear,Dry,Dark-Lighted
2023-09-12T10:12:00.000,I 75,I 75 and Mt. Paran Rd,,Rear End,2,Clear,Dry,Daylight
2024-07-09T17:50:00.000,I 75,I 75 and Mt. Paran Rd,,Rear End,3,Clear,Dry,Daylight
2024-10-08T14:30:00.000,I 75,I 75 and Mt. Paran Rd,,Rear End,2,Clear,Dry,Daylight
2023-05-04T16:15:00.000,I 75,I 75 and Mt. Paran,,Rear End,2,Clear,Dry,Daylight
2023-09-12T16:30:00.000,I 75,I 75 and Mt. Paran,,Rear End,2,Clear,Wet,Daylight
2024-07-08T16:20:00.000,I 75,I 75 and Mt. Paran,,Rear End,2,Clear,Dry,Daylight
2022-01-07T14:02:00.000,I 75,I 75 and Mt. Carmel Rd.,,Not a Collision with Motor Vehicle,1,Clear,Dry,Daylight
2024-11-07T06:40:00.000,I 75,I 75 and Mt. Carmel Rd,,Rear End,2,Rain,Wet,Dark-Not Lighted
2023-08-16T09:19:00.000,I 75,I 75 and Mt. Carmel Rd,,Not a Collision with Motor Vehicle,1,Clear,Dry,Daylight
2023-11-08T09:27:00.000,I 75,I 75 and Mt. Carmel Rd,,Rear End,2,Clear,Dry,Daylight
2024-10-07T11:24:00.000,I 75,I 75 and Mt. Carmel Rd,,Sideswipe-Same Direction,2,Clear,Dry,Daylight
2024-08-12T13:11:00.000,I 75,I 75 and Mt. Carmel Rd,,Rear End,2,Clear,Dry,Daylight
2024-05-22T13:37:00.000,I 75,I 75 and Mt. Carmel Rd,,Rear End,2,Cloudy,Dry,Daylight
2021-05-23T00:00:00.000,I 75,I 75 and Mt Zon Blvd,,Rear End,2,Clear,Dry,Daylight
2021-08-09T09:19:00.000,I 75,I 75 and Mt Zion Road Under Pass,,Rear End,2,Clear,Dry,Daylight
2021-10-02T22:16:00.000,I 75,I 75 and Mt Zion Rd Exit,,Sideswipe-Same Direction,2,Clear,Dry,Dark-Not Lighted
2021-03-18T01:40:00.000,I 75,I 75 and Mt Zion Rd,,Not a Collision with Motor Vehicle,2,Rain,Wet,Dark-Not Lighted
2021-07-02T11:42:00.000,I 75,I 75 and Mt Zion Rd,,Angle Crash,2,Cloudy,Wet,Daylight
2023-12-01T14:15:00.000,I 75,I 75 and Mt Zion Rd,,Sideswipe-Same Direction,2,Cloudy,Dry,Daylight
2023-07-09T23:20:00.000,I 75,I 75 and Mt Zion Rd,,Sideswipe-Same Direction,2,Rain,Wet,Dark-Lighted
2023-08-06T20:31:00.000,I 75,I 75 and Mt Zion Rd,,Not a Collision with Motor Vehicle,1,Cloudy,Wet,Daylight
2022-03-15T16:10:00.000,I 75,I 75 and Mt Zion Rd,,Sideswipe-Same Direction,2,Clear,Wet,Daylight
2020-01-02T17:16:00.000,I 75,I 75 and Mt Zion Rd,,Rear End,2,Rain,Wet,Dusk
2020-01-01T07:00:00.000,I 75,I 75 and Mt Zion Rd,,Rear End,2,Clear,Dry,Daylight
2021-05-18T14:50:00.000,I 75,I 75 and Mt Zion Rd,,Rear End,2,Clear,Dry,Daylight
2021-04-10T10:43:00.000,I 75,I 75 and Mt Zion Rd,,Sideswipe-Same Direction,2,Rain,Water (standing or moving),Daylight
2021-02-14T03:00:00.000,I 75,I 75 and Mt Zion Rd,,Sideswipe-Same Direction,2,Cloudy,Wet,Dark-Lighted
2021-10-21T22:30:00.000,I 75,I 75 and Mt Zion Rd,,Sideswipe-Same Direction,2,Clear,Dry,Dark-Lighted
2022-08-17T19:30:00.000,I 75,I 75 and Mt Zion Rd,,Rear End,2,Clear,Dry,Daylight
2022-08-04T11:50:00.000,I 75,I 75 and Mt Zion Rd,,Sideswipe-Same Direction,2,Clear,Dry,Daylight
2021-08-30T16:46:00.000,I 75,I 75 and Mt Zion Rd,,Sideswipe-Same Direction,2,Cloudy,Wet,Daylight
2022-11-02T13:20:00.000,I 75,I 75 and Mt Zion Rd,,Rear End,2,Cloudy,Dry,Daylight
2022-04-04T10:02:00.000,I 75,I 75 and Mt Zion Rd,,Not a Collision with Motor Vehicle,1,Clear,Dry,Daylight
2022-03-17T07:52:00.000,I 75,I 75 and Mt Zion Rd,,Not a Collision with Motor Vehicle,1,Fog,Wet,Daylight
2022-12-11T17:35:00.000,I 75,I 75 and Mt Zion Rd,,Not a Collision with Motor Vehicle,1,Rain,Wet,Dark-Lighted
2022-03-31T05:48:00.000,I 75,I 75 and Mt Zion Rd,,Not a Collision with Motor Vehicle,1,Rain,Wet,Dark-Not Lighted
2022-08-30T11:20:00.000,I 75,I 75 and Mt Zion Rd,,Sideswipe-Same Direction,2,Clear,Dry,Daylight
2023-11-15T20:05:00.000,I 75,I 75 and Mt Zion Rd,,Rear End,2,Cloudy,Dry,Dark-Not Lighted
2023-10-24T14:40:00.000,I 75,I 75 and Mt Zion Rd,,Rear End,2,Clear,Dry,Daylight
2023-07-31T12:06:00.000,I 75,I 75 and Mt Zion Rd,,Rear End,2,Clear,Dry,Daylight
2023-03-07T14:15:00.000,I 75,I 75 and Mt Zion Rd,,Sideswipe-Same Direction,2,Clear,Dry,Daylight
2023-05-28T02:00:00.000,I 75,I 75 and Mt Zion Rd,,Not a Collision with Motor Vehicle,1,Clear,Dry,Dark-Lighted
2023-03-20T18:10:00.000,I 75,I 75 and Mt Zion Rd,,Rear End,2,Clear,Dry,Daylight
2023-11-11T13:34:00.000,I 75,I 75 and Mt Zion Rd,,Sideswipe-Same Direction,2,Rain,Wet,Daylight
2024-02-21T20:50:00.000,I 75,I 75 and Mt Zion Rd,,Rear End,2,Clear,Dry,Daylight
2024-05-29T18:50:00.000,I 75,I 75 and Mt Zion Rd,,Rear End,2,Clear,Dry,Daylight