Date and Time,Roadway (From Crash Report),Intersection Name (from Crash Report),KABCO Severity,Manner of Collision (Crash Level) ,# of Vehicles per crash ,Weather Conditions (Crash Level),Surface Condition (Crash Level) ,Light Conditions (Crash Level)
2024-01-04T16:00:00.000,I 75,I 75 and Mt Zion Rd,,Sideswipe-Same Direction,2,Clear,Dry,Daylight
2024-05-10T21:35:00.000,I 75,I 75 and Mt Zion Rd,,Sideswipe-Same Direction,2,Clear,Dry,Dark-Not Lighted
2024-08-15T22:33:00.000,I 75,I 75 and Mt Zion Rd,,Not a Collision with Motor Vehicle,1,Clear,Dry,Dark-Not Lighted
2021-11-22T05:27:00.000,I 75,I 75 and Mt Zion Pkwy,,Rear End,2,Rain,Wet,Dark-Lighted
2023-02-10T21:41:00.000,I 75,I 75 and Mt Zion Pkwy,,Sideswipe-Same Direction,2,Clear,Dry,Dark-Not Lighted
2023-09-13T17:25:00.000,I 75,I 75 and Mt Zion Pkwy,,Rear End,2,Cloudy,Dry,Daylight
2023-11-25T23:18:00.000,I 75,I 75 and Mt Zion Pkwy,,Not a Collision with Motor Vehicle,1,Clear,Dry,Dark-Lighted
2020-02-28T00:00:00.000,I 75,I 75 and Mt Zion Pkwy,,Not a Collision with Motor Vehicle,1,Clear,Dry,Daylight
2020-06-06T23:08:00.000,I 75,I 75 and Mt Zion Pkwy,,Angle Crash,2,Clear,Dry,Dark-Not Lighted
2020-12-21T00:00:00.000,I 75,I 75 and Mt Zion Pkwy,,Rear End,2,Clear,Dry,Dark-Not Lighted
2024-01-30T11:50:00.000,I 75,I 75 and Mt Zion Pkwy,,Not a Collision with Motor Vehicle,1,Clear,Dry,Daylight
2020-01-10T13:40:00.000,I 75,I 75 and Mt Zion Opas,,Sideswipe-Same Direction,2,Clear,Dry,Daylight
2021-12-20T22:34:00.000,I 75,I 75 and Mt Zion Bvld,,Rear End,2,Clear,Dry,Dark-Not Lighted
2023-06-23T01:10:00.000,I 75,I 75 and Mt Zion Blvd.,,Rear End,2,Clear,Dry,Dark-Not Lighted
2020-03-31T12:06:00.000,I 75,I 75 and Mt Zion Blvd Opas,,Angle Crash,2,Rain,Wet,Daylight
2021-06-21T13:29:00.000,I 75,I 75 and Mt Zion Blvd,,Not a Collision with Motor Vehicle,1,Rain,Wet,Daylight
2021-05-16T20:30:00.000,I 75,I 75 and Mt Zion Blvd,,Rear End,2,Clear,Dry,Dark-Not Lighted
2021-10-04T14:44:00.000,I 75,I 75 and Mt Zion Blvd,,Rear End,2,Cloudy,Dry,Daylight
2021-12-11T21:20:00.000,I 75,I 75 and Mt Zion Blvd,,Not a Collision with Motor Vehicle,1,Rain,Wet,Dawn
2021-12-30T10:19:00.000,I 75,I 75 and Mt Zion Blvd,,Sideswipe-Same Direction,3,Severe Thunderstorm or Tornadic,Wet,Daylight
2021-09-19T09:04:00.000,I 75,I 75 and Mt Zion Blvd,,Angle Crash,2,Rain,Water (standing or moving),Daylight
2021-12-23T18:27:00.000,I 75,I 75 and Mt Zion Blvd,,Angle Crash,2,Clear,Dry,Dark-Not Lighted
2021-01-09T18:30:00.000,I 75,I 75 and Mt Zion Blvd,,Angle Crash,2,Cloudy,Dry,Dawn
2021-02-22T12:19:00.000,I 75,I 75 and Mt Zion Blvd,,Sideswipe-Same Direction,2,Cloudy,Wet,Daylight
2021-05-08T17:40:00.000,I 75,I 75 and Mt Zion Blvd,,Rear End,2,Clear,Dry,Daylight
2021-06-10T00:00:00.000,I 75,I 75 and Mt Zion Blvd,,Not a Collision with Motor Vehicle,2,Clear,Dry,Daylight
2021-02-20T14:25:00.000,I 75,I 75 and Mt Zion Blvd,,Rear End,2,Clear,Dry,Daylight
2021-01-09T13:05:00.000,I 75,I 75 and Mt Zion Blvd,,Angle Crash,2,Clear,Dry,Daylight
2021-06-14T12:11:00.000,I 75,I 75 and Mt Zion Blvd,,Sideswipe-Same Direction,2,Clear,Dry,Daylight
2021-05-23T15:30:00.000,I 75,I 75 and Mt Zion Blvd,,Rear End,2,Clear,Dry,Daylight
2021-04-22T17:25:00.000,I 75,I 75 and Mt Zion Blvd,,Rear End,2,Clear,Dry,Daylight
2021-11-04T15:12:00.000,I 75,I 75 and Mt Zion Blvd,,Rear End,2,Cloudy,Wet,Daylight
2021-12-11T17:13:00.000,I 75,I 75 and Mt Zion Blvd,,Not a Collision with Motor Vehicle,1,Rain,Wet,Dark-Lighted
2021-09-19T09:04:00.000,I 75,I 75 and Mt Zion Blvd,,Angle Crash,2,Rain,Wet,Daylight
2021-09-22T18:20:00.000,I 75,I 75 and Mt Zion Blvd,,Rear End,2,Clear,Dry,Daylight
2021-08-08T18:22:00.000,I 75,I 75 and Mt Zion Blvd,,Rear End,2,Clear,Dry,Daylight
2021-08-12T17:47:00.000,I 75,I 75 and Mt Zion Blvd,,Rear End,2,Clear,Dry,Daylight
2021-12-22T11:45:00.000,I 75,I 75 and Mt Zion Blvd,,Rear End,2,Clear,Dry,Daylight
2021-09-16T04:34:00.000,I 75,I 75 and Mt Zion Blvd,,Sideswipe-Same Direction,2,Rain,Wet,Dark-Not Lighted
2021-09-16T04:49:00.000,I 75,I 75 and Mt Zion Blvd,,Not a Collision with Motor Vehicle,1,Rain,Wet,Dark-Not Lighted
2021-04-12T00:01:00.000,I 75,I 75 and Mt Zion Blvd,,Rear End,2,Clear,Dry,Dark-Not Lighted
2021-03-02T13:47:00.000,I 75,I 75 and Mt Zion Blvd,,Rear End,2,Clear,Dry,Daylight
2021-05-09T20:55:00.000,I 75,I 75 and Mt Zion Blvd,,Sideswipe-Same Direction,2,Clear,Dry,Dark-Not Lighted
2021-02-20T16:55:00.000,I 75,I 75 and Mt Zion Blvd,,Rear End,2,Clear,Dry,Daylight
2021-03-20T23:18:00.000,I 75,I 75 and Mt Zion Blvd,,Not a Collision with Motor Vehicle,1,Clear,Dry,Dark-Not Lighted
2021-12-10T01:16:00.000,I 75,I 75 and Mt Zion Blvd,,Angle Crash,2,Clear,Wet,Dark-Not Lighted
2021-09-28T02:40:00.000,I 75,I 75 and Mt Zion Blvd,,Rear End,2,Clear,Dry,Dark-Lighted
2021-09-19T09:10:00.000,I 75,I 75 and Mt Zion Blvd,,Not a Collision with Motor Vehicle,1,Rain,Wet,Daylight
2021-02-25T23:25:00.000,I 75,I 75 and Mt Zion Blvd,,Rear End,2,Clear,Dry,Dark-Lighted
2020-08-14T18:42:00.000,I 75,I 75 and Mt Zion Blvd,,Rear End,2,Cloudy,Wet,Daylight
2023-04-01T09:39:00.000,I 75,I 75 and Mt Zion Blvd,,Sideswipe-Same Direction,2,Rain,Wet,Daylight
2023-12-28T13:45:00.000,I 75,I 75 and Mt Zion Blvd,,Rear End,2,Clear,Dry,Daylight
2023-11-21T09:35:00.000,I 75,I 75 and Mt Zion Blvd,,Sideswipe-Same Direction,2,Clear,Wet,Daylight
2023-04-05T14:55:00.000,I 75,I 75 and Mt Zion Blvd,,Rear End,2,Clear,Dry,Daylight
2023-08-12T20:35:00.000,I 75,I 75 and Mt Zion Blvd,,Rear End,3,Rain,Wet,Daylight
2023-07-29T14:01:00.000,I 75,I 75 and Mt Zion Blvd,,Rear End,2,Clear,Dry,Daylight
2023-08-12T19:33:00.000,I 75,I 75 and Mt Zion Blvd,,Not a Collision with Motor Vehicle,1,Rain,Wet,Dusk
2023-07-10T07:01:00.000,I 75,I 75 and Mt Zion Blvd,,Rear End,3,Rain,Wet,Dark-Lighted
2023-10-22T08:09:00.000,I 75,I 75 and Mt Zion Blvd,,Rear End,2,Clear,Dry,Daylight
2023-08-30T00:00:00.000,I 75,I 75 and Mt Zion Blvd,,Not a Collision with Motor Vehicle,2,Clear,Dry,Daylight
2023-08-09T06:55:00.000,I 75,I 75 and Mt Zion Blvd,,Rear End,2,Clear,Dry,Daylight
2023-04-28T16:55:00.000,I 75,I 75 and Mt Zion Blvd,,Rear End,2,Clear,Dry,Daylight
2023-08-02T06:22:00.000,I 75,I 75 and Mt Zion Blvd,,Sideswipe-Same Direction,2,Clear,Dry,Dawn
2023-09-26T15:46:00.000,I 75,I 75 and Mt Zion Blvd,,Rear End,2,Cloudy,Dry,Daylight
2023-03-22T23:55:00.000,I 75,I 75 and Mt Zion Blvd,,Not a Collision with Motor Vehicle,1,Clear,Dry,Dark-Lighted
2023-03-12T05:50:00.000,I 75,I 75 and Mt Zion Blvd,,Not a Collision with Motor Vehicle,1,Rain,Wet,Dark-Lighted
2023-03-25T18:31:00.000,I 75,I 75 and Mt Zion Blvd,,Rear End,2,Clear,Dry,Daylight
2023-05-31T17:15:00.000,I 75,I 75 and Mt Zion Blvd,,Rear End,2,Clear,Dry,Daylight
2023-11-11T19:45:00.000,I 75,I 75 and Mt Zion Blvd,,Sideswipe-Same Direction,2,Rain,Wet,Dark-Not Lighted
2023-10-12T12:12:00.000,I 75,I 75 and Mt Zion Blvd,,Sideswipe-Same Direction,2,Clear,Wet,Daylight
2023-12-10T08:01:00.000,I 75,I 75 and Mt Zion Blvd,,Not a Collision with Motor Vehicle,1,Rain,Wet,Daylight
2023-06-09T14:30:00.000,I 75,I 75 and Mt Zion Blvd,,Sideswipe-Same Direction,2,Clear,Dry,Daylight
2023-06-02T12:59:00.000,I 75,I 75 and Mt Zion Blvd,,Angle Crash,2,Clear,Dry,Daylight
2023-12-29T11:30:00.000,I 75,I 75 and Mt Zion Blvd,,Rear End,3,Clear,Dry,Daylight
2023-10-13T19:50:00.000,I 75,I 75 and Mt Zion Blvd,,Rear End,2,Rain,Wet,Dark-Not Lighted
2022-03-29T16:44:00.000,I 75,I 75 and Mt Zion Blvd,,Rear End,2,Clear,Dry,Daylight
2021-09-16T15:05:00.000,I 75,I 75 and Mt Zion Blvd,,Angle Crash,2,Rain,Wet,Daylight
2022-07-21T11:37:00.000,I 75,I 75 and Mt Zion Blvd,,Rear End,4,Cloudy,Wet,Daylight
2020-02-13T19:36:00.000,I 75,I 75 and Mt Zion Blvd,,Rear End,2,Clear,Dry,Dark-Lighted
2021-07-02T13:15:00.000,I 75,I 75 and Mt Zion Blvd,,Not a Collision with Motor Vehicle,1,Cloudy,Wet,Daylight
2020-03-13T00:30:00.000,I 75,I 75 and Mt Zion Blvd,,Angle Crash,2,Clear,Dry,Dark-Not Lighted
2020-05-29T18:01:00.000,I 75,I 75 and Mt Zion Blvd,,Rear End,2,Clear,Wet,Daylight
2020-01-13T09:59:00.000,I 75,I 75 and Mt Zion Blvd,,Angle Crash,2,Rain,Wet,Daylight
2020-05-27T12:42:00.000,I 75,I 75 and Mt Zion Blvd,,Angle Crash,2,Rain,Wet,Daylight
2020-05-29T16:20:00.000,I 75,I 75 and Mt Zion Blvd,,Rear End,2,Clear,Dry,Daylight
2020-09-08T17:29:00.000,I 75,I 75 and Mt Zion Blvd,,Rear End,2,Clear,Dry,Daylight
2020-01-01T00:00:00.000,I 75,I 75 and Mt Zion Blvd,,Sideswipe-Opposite Direction,2,Clear,Dry,Dark-Lighted
2020-01-13T07:00:00.000,I 75,I 75 and Mt Zion Blvd,,Not a Collision with Motor Vehicle,1,Rain,Wet,Daylight
2020-10-19T07:51:00.000,I 75,I 75 and Mt Zion Blvd,,Rear End,2,Clear,Dry,Daylight
2020-01-13T05:10:00.000,I 75,I 75 and Mt Zion Blvd,,Not a Collision with Motor Vehicle,1,Severe Thunderstorm or Tornadic,Water (standing or moving),Dark-Not Lighted
2020-09-17T05:40:00.000,I 75,I 75 and Mt Zion Blvd,,Sideswipe-Same Direction,3,Rain,Wet,Daylight
2020-03-28T12:56:00.000,I 75,I 75 and Mt Zion Blvd,,Rear End,2,Clear,Dry,Daylight
2020-09-02T14:48:00.000,I 75,I 75 and Mt Zion Blvd,,Rear End,2,Clear,Dry,Daylight
2020-01-23T23:57:00.000,I 75,I 75 and Mt Zion Blvd,,Not a Collision with Motor Vehicle,1,Rain,Wet,Dark-Not Lighted
2020-05-22T15:00:00.000,I 75,I 75 and Mt Zion Blvd,,Rear End,2,Clear,Dry,Daylight
2020-06-25T10:35:00.000,I 75,I 75 and Mt Zion Blvd,,Sideswipe-Same Direction,2,Cloudy,Dry,Daylight
2020-08-28T14:20:00.000,I 75,I 75 and Mt Zion Blvd,,Not a Collision with Motor Vehicle,2,Clear,Dry,Daylight
2020-01-23T09:56:00.000,I 75,I 75 and Mt Zion Blvd,,Rear End,2,Rain,Wet,Daylight
2020-12-19T08:52:00.000,I 75,I 75 and Mt Zion Blvd,,Rear End,5,Clear,Dry,Daylight
2020-10-19T11:52:00.000,I 75,I 75 and Mt Zion Blvd,,Not a Collision with Motor Vehicle,1,Clear,Dry,Dawn
2020-09-14T10:55:00.000,I 75,I 75 and Mt Zion Blvd,,Angle Crash,2,Clear,Dry,Daylight
2020-01-16T04:32:00.000,I 75,I 75 and Mt Zion Blvd,,Not a Collision with Motor Vehicle,1,Rain,Wet,Dark-Not Lighted
2020-09-30T14:30:00.000,I 75,I 75 and Mt Zion Blvd,,Rear End,2,Clear,Dry,Daylight
2020-05-27T13:56:00.000,I 75,I 75 and Mt Zion Blvd,,Not a Collision with Motor Vehicle,1,Rain,Wet,Daylight
2020-08-07T17:00:00.000,I 75,I 75 and Mt Zion Blvd,,Rear End,2,Clear,Dry,Daylight
2020-06-19T12:50:00.000,I 75,I 75 and Mt Zion Blvd,,Rear End,2,Clear,Dry,Daylight
2020-09-30T18:33:00.000,I 75,I 75 and Mt Zion Blvd,,Rear End,2,Clear,Dry,Daylight
2020-06-09T11:00:00.000,I 75,I 75 and Mt Zion Blvd,,Rear End,2,Cloudy,Dry,Daylight
2020-02-28T00:00:00.000,I 75,I 75 and Mt Zion Blvd,,Rear End,2,Clear,Dry,Daylight
2020-04-02T17:59:00.000,I 75,I 75 and Mt Zion Blvd,,Rear End,2,Clear,Dry,Daylight
2020-06-26T00:00:00.000,I 75,I 75 and Mt Zion Blvd,,Angle Crash,3,Clear,Dry,Daylight
2020-06-18T17:37:00.000,I 75,I 75 and Mt Zion Blvd,,Rear End,3,Clear,Dry,Daylight
2020-05-12T11:52:00.000,I 75,I 75 and Mt Zion Blvd,,Rear End,2,Clear,Dry,Daylight
2021-05-15T07:14:00.000,I 75,I 75 and Mt Zion Blvd,,Sideswipe-Same Direction,2,Clear,Dry,Daylight
2021-04-10T20:40:00.000,I 75,I 75 and Mt Zion Blvd,,Rear End,2,Clear,Dry,Dark-Lighted
2021-03-31T17:24:00.000,I 75,I 75 and Mt Zion Blvd,,Rear End,2,Rain,Wet,Daylight
2021-03-13T12:41:00.000,I 75,I 75 and Mt Zion Blvd,,Angle Crash,2,Clear,Dry,Daylight
2021-03-26T18:40:00.000,I 75,I 75 and Mt Zion Blvd,,Sideswipe-Same Direction,2,Clear,Dry,Daylight
2021-08-08T16:35:00.000,I 75,I 75 and Mt Zion Blvd,,Sideswipe-Same Direction,3,Clear,Dry,Daylight
2021-12-11T16:25:00.000,I 75,I 75 and Mt Zion Blvd,,Rear End,2,Rain,Wet,Daylight
2021-11-29T15:11:00.000,I 75,I 75 and Mt Zion Blvd,,Angle Crash,2,Clear,Dry,Daylight
2021-10-30T00:47:00.000,I 75,I 75 and Mt Zion Blvd,,Not a Collision with Motor Vehicle,1,Rain,Wet,Dark-Not Lighted
2021-11-22T05:42:00.000,I 75,I 75 and Mt Zion Blvd,,Rear End,2,Rain,Wet,Dark-Not Lighted
2021-08-16T18:44:00.000,I 75,I 75 and Mt Zion Blvd,,Not a Collision with Motor Vehicle,1,Rain,Wet,Daylight
2021-09-08T01:20:00.000,I 75,I 75 and Mt Zion Blvd,,Not a Collision with Motor Vehicle,1,Clear,Dry,Dark-Lighted
2021-07-29T20:05:00.000,I 75,I 75 and Mt Zion Blvd,,Rear End,2,Clear,Dry,Daylight
2021-08-11T23:50:00.000,I 75,I 75 and Mt Zion Blvd,,Sideswipe-Same Direction,2,Clear,Dry,Dark-Lighted
2021-12-30T16:13:00.000,I 75,I 75 and Mt Zion Blvd,,Not a Collision with Motor Vehicle,1,Cloudy,Wet,Daylight
2021-12-29T18:16:00.000,I 75,I 75 and Mt Zion Blvd,,Rear End,2,Cloudy,Dry,Dark-Not Lighted
2021-07-22T14:50:00.000,I 75,I 75 and Mt Zion Blvd,,Rear End,2,Clear,Dry,Daylight
2021-12-22T14:43:00.000,I 75,I 75 and Mt Zion Blvd,,Rear End,2,Clear,Dry,Daylight
2021-11-06T13:43:00.000,I 75,I 75 and Mt Zion Blvd,,Rear End,2,Clear,Dry,Daylight
2021-12-06T14:55:00.000,I 75,I 75 and Mt Zion Blvd,,Not a Collision with Motor Vehicle,1,Clear,Wet,Daylight
2021-08-19T12:33:00.000,I 75,I 75 and Mt Zion Blvd,,Rear End,2,Clear,Dry,Daylight
2021-08-15T21:55:00.000,I 75,I 75 and Mt Zion Blvd,,Rear End,2,Clear,Dry,Dark-Not Lighted
2021-09-28T15:08:00.000,I 75,I 75 and Mt Zion Blvd,,Rear End,2,Clear,Dry,Daylight
2021-12-11T21:20:00.000,I 75,I 75 and Mt Zion Blvd,,Angle Crash,2,Rain,Wet,Dawn
2021-07-09T16:57:00.000,I 75,I 75 and Mt Zion Blvd,,Not a Collision with Motor Vehicle,1,Clear,Wet,Daylight
2022-11-11T03:27:00.000,I 75,I 75 and Mt Zion Blvd,,Not a Collision with Motor Vehicle,1,Rain,Water (standing or moving),Dark-Lighted
2022-09-29T17:29:00.000,I 75,I 75 and Mt Zion Blvd,,Rear End,2,Clear,Dry,Daylight
2021-09-25T15:05:00.000,I 75,I 75 and Mt Zion Blvd,,Rear End,2,Clear,Dry,Daylight
2021-11-22T05:45:00.000,I 75,I 75 and Mt Zion Blvd,,Rear End,2,Rain,Wet,Dark-Not Lighted
2021-10-05T06:08:00.000,I 75,I 75 and Mt Zion Blvd,,Sideswipe-Same Direction,2,Rain,Wet,Dark-Not Lighted
2022-10-16T12:53:00.000,I 75,I 75 and Mt Zion Blvd,,Not a Collision with Motor Vehicle,1,Clear,Dry,Daylight
2022-02-03T14:39:00.000,I 75,I 75 and Mt Zion Blvd,,Angle Crash,2,Rain,Wet,Daylight
2022-08-30T17:12:00.000,I 75,I 75 and Mt Zion Blvd,,Not a Collision with Motor Vehicle,1,Rain,Wet,Daylight
2022-10-14T07:35:00.000,I 75,I 75 and Mt Zion Blvd,,Sideswipe-Same Direction,2,Clear,Dry,Daylight
2022-12-28T13:43:00.000,I 75,I 75 and Mt Zion Blvd,,Rear End,2,Clear,Dry,Daylight
2022-02-04T13:22:00.000,I 75,I 75 and Mt Zion Blvd,,Rear End,2,Cloudy,Wet,Daylight
2022-04-07T11:14:00.000,I 75,I 75 and Mt Zion Blvd,,Rear End,2,Clear,Dry,Daylight
2022-12-19T16:55:00.000,I 75,I 75 and Mt Zion Blvd,,Rear End,2,Clear,Dry,Daylight
2022-12-05T15:50:00.000,I 75,I 75 and Mt Zion Blvd,,Not a Collision with Motor Vehicle,1,Rain,Wet,Daylight
2022-06-22T17:20:00.000,I 75,I 75 and Mt Zion Blvd,,Rear End,2,Clear,Dry,Daylight
2022-02-17T10:00:00.000,I 75,I 75 and Mt Zion Blvd,,Rear End,2,Clear,Dry,Daylight
2022-10-04T11:35:00.000,I 75,I 75 and Mt Zion Blvd,,Rear End,2,Cloudy,Dry,Daylight
2022-11-07T17:22:00.000,I 75,I 75 and Mt Zion Blvd,,Rear End,2,Clear,Dry,Daylight
2022-12-23T12:01:00.000,I 75,I 75 and Mt Zion Blvd,,Rear End,2,Clear,Dry,Daylight
2022-07-25T19:40:00.000,I 75,I 75 and Mt Zion Blvd,,Rear End,2,Rain,Wet,Daylight
2022-07-19T10:37:00.000,I 75,I 75 and Mt Zion Blvd,,Not a Collision with Motor Vehicle,1,Rain,Wet,Daylight
2022-12-27T17:09:00.000,I 75,I 75 and Mt Zion Blvd,,Rear End,2,Clear,Dry,Dusk
2022-09-04T16:35:00.000,I 75,I 75 and Mt Zion Blvd,,Not a Collision with Motor Vehicle,1,Rain,Wet,Daylight
2022-05-30T14:22:00.000,I 75,I 75 and Mt Zion Blvd,,Rear End,2,Clear,Dry,Daylight
2022-10-17T16:30:00.000,I 75,I 75 and Mt Zion Blvd,,Sideswipe-Same Direction,2,Clear,Dry,Daylight
2022-08-19T14:30:00.000,I 75,I 75 and Mt Zion Blvd,,Sideswipe-Same Direction,2,Rain,Wet,Daylight
2022-12-05T19:50:00.000,I 75,I 75 and Mt Zion Blvd,,Not a Collision with Motor Vehicle,1,Rain,Wet,Dark-Lighted
2022-07-07T08:05:00.000,I 75,I 75 and Mt Zion Blvd,,Rear End,2,Clear,Dry,Daylight
2022-09-09T20:46:00.000,I 75,I 75 and Mt Zion Blvd,,Rear End,2,Clear,Dry,Dark-Not Lighted
2022-02-04T15:49:00.000,I 75,I 75 and Mt Zion Blvd,,Rear End,2,Cloudy,Wet,Daylight
2022-05-14T02:47:00.000,I 75,I 75 and Mt Zion Blvd,,Not a Collision with Motor Vehicle,1,Clear,Dry,Dark-Not Lighted
2022-04-05T10:06:00.000,I 75,I 75 and Mt Zion Blvd,,Angle Crash,2,Severe Thunderstorm or Tornadic,Wet,Daylight
2022-06-10T03:15:00.000,I 75,I 75 and Mt Zion Blvd,,Sideswipe-Same Direction,2,Clear,Dry,Dark-Lighted
2022-05-28T03:42:00.000,I 75,I 75 and Mt Zion Blvd,,Sideswipe-Same Direction,2,Clear,Dry,Dark-Not Lighted
2022-08-11T13:04:00.000,I 75,I 75 and Mt Zion Blvd,,Rear End,2,Clear,Dry,Daylight
2022-11-10T20:58:00.000,I 75,I 75 and Mt Zion Blvd,,Not a Collision with Motor Vehicle,1,Rain,Water (standing or moving),Dark-Not Lighted
2022-01-16T10:11:00.000,I 75,I 75 and Mt Zion Blvd,,Not a Collision with Motor Vehicle,1,Snow,Wet,Daylight
2022-02-04T00:25:00.000,I 75,I 75 and Mt Zion Blvd,,Not a Collision with Motor Vehicle,1,Rain,Wet,Dark-Not Lighted
2022-02-21T22:20:00.000,I 75,I 75 and Mt Zion Blvd,,Angle Crash,2,Rain,Water (standing or moving),Dark-Not Lighted
2022-08-10T16:03:00.000,I 75,I 75 and Mt Zion Blvd,,Angle Crash,2,Cloudy,Wet,Daylight
2022-03-20T12:39:00.000,I 75,I 75 and Mt Zion Blvd,,Rear End,2,Clear,Dry,Daylight
2022-11-15T09:50:00.000,I 75,I 75 and Mt Zion Blvd,,Not a Collision with Motor Vehicle,1,Rain,Wet,Daylight
2022-09-04T15:32:00.000,I 75,I 75 and Mt Zion Blvd,,Sideswipe-Same Direction,2,Rain,Wet,Daylight
2022-11-29T13:20:00.000,I 75,I 75 and Mt Zion Blvd,,Rear End,2,Clear,Dry,Daylight
2022-05-11T07:53:00.000,I 75,I 75 and Mt Zion Blvd,,Sideswipe-Same Direction,2,Clear,Dry,Daylight
2022-07-12T01:20:00.000,I 75,I 75 and Mt Zion Blvd,,Not a Collision with Motor Vehicle,1,Clear,Dry,Dark-Lighted
2022-06-04T21:50:00.000,I 75,I 75 and Mt Zion Blvd,,Not a Collision with Motor Vehicle,1,Clear,Dry,Dark-Not Lighted
2022-09-19T16:25:00.000,I 75,I 75 and Mt Zion Blvd,,Sideswipe-Same Direction,2,Clear,Dry,Daylight
2022-12-28T15:14:00.000,I 75,I 75 and Mt Zion Blvd,,Rear End,2,Clear,Dry,Daylight
2022-03-05T08:38:00.000,I 75,I 75 and Mt Zion Blvd,,Sideswipe-Same Direction,2,Clear,Dry,Daylight
2022-12-28T16:40:00.000,I 75,I 75 and Mt Zion Blvd,,Rear End,2,Clear,Dry,Daylight
2022-11-22T14:22:00.000,I 75,I 75 and Mt Zion Blvd,,Rear End,2,Clear,Dry,Daylight
2022-11-15T11:05:00.000,I 75,I 75 and Mt Zion Blvd,,Angle Crash,2,Clear,Dry,Daylight
2022-10-17T09:07:00.000,I 75,I 75 and Mt Zion Blvd,,Rear End,2,Clear,Dry,Daylight
2022-08-06T03:17:00.000,I 75,I 75 and Mt Zion Blvd,,Rear End,2,Clear,Dry,Dark-Not Lighted
2022-12-29T20:30:00.000,I 75,I 75 and Mt Zion Blvd,,Rear End,2,Clear,Dry,Dark-Not Lighted
2022-07-07T07:00:00.000,I 75,I 75 and Mt Zion Blvd,,Rear End,3,Clear,Dry,Daylight
2022-09-09T23:14:00.000,I 75,I 75 and Mt Zion Blvd,,Rear End,2,Clear,Dry,Dark-Not Lighted
2022-12-29T15:45:00.000,I 75,I 75 and Mt Zion Blvd,,Rear End,3,Clear,Dry,Daylight
2022-06-27T19:41:00.000,I 75,I 75 and Mt Zion Blvd,,Rear End,2,Cloudy,Wet,Daylight
2022-06-10T02:58:00.000,I 75,I 75 and Mt Zion Blvd,,Rear End,2,Clear,Dry,Dark-Lighted
2022-10-31T00:15:00.000,I 75,I 75 and Mt Zion Blvd,,Rear End,2,Rain,Wet,Dark-Lighted
2022-11-27T05:30:00.000,I 75,I 75 and Mt Zion Blvd,,Not a Collision with Motor Vehicle,1,Rain,Wet,Dawn
2022-07-13T16:57:00.000,I 75,I 75 and Mt Zion Blvd,,Rear End,2,Cloudy,Wet,Daylight
2022-05-17T22:10:00.000,I 75,I 75 and Mt Zion Blvd,,Not a Collision with Motor Vehicle,1,Clear,Dry,Dark-Not Lighted
2023-06-19T07:54:00.000,I 75,I 75 and Mt Zion Blvd,,Not a Collision with Motor Vehicle,1,Cloudy,Wet,Daylight
2023-05-12T14:40:00.000,I 75,I 75 and Mt Zion Blvd,,Angle Crash,3,Cloudy,Wet,Daylight
2023-08-28T08:29:00.000,I 75,I 75 and Mt Zion Blvd,,Rear End,2,Clear,Dry,Daylight
2023-04-17T17:40:00.000,I 75,I 75 and Mt Zion Blvd,,Rear End,2,Clear,Dry,Daylight
2024-05-10T21:35:00.000,I 75,I 75 and Mt Zion Blvd,,Sideswipe-Same Direction,3,Cloudy,Dry,Dark-Not Lighted
2024-07-14T19:36:00.000,I 75,I 75 and Mt Zion Blvd,,Rear End,2,Clear,Dry,Daylight
2024-07-25T17:35:00.000,I 75,I 75 and Mt Zion Blvd,,Not a Collision with Motor Vehicle,1,Cloudy,Wet,Daylight
2024-06-12T14:45:00.000,I 75,I 75 and Mt Zion Blvd,,Rear End,2,Cloudy,Dry,Daylight
2024-03-09T07:07:00.000,I 75,I 75 and Mt Zion Blvd,,Not a Collision with Motor Vehicle,1,Rain,Wet,Daylight
2024-08-13T14:42:00.000,I 75,I 75 and Mt Zion Blvd,,Sideswipe-Same Direction,2,Clear,Dry,Daylight
2024-07-04T13:55:00.000,I 75,I 75 and Mt Zion Blvd,,Rear End,2,Clear,Dry,Daylight
2024-03-09T05:39:00.000,I 75,I 75 and Mt Zion Blvd,,Not a Collision with Motor Vehicle,1,Rain,Water (standing or moving),Dark-Not Lighted
2024-07-24T18:02:00.000,I 75,I 75 and Mt Zion Blvd,,Sideswipe-Same Direction,2,Rain,Water (standing or moving),Dark-Lighted
2024-08-06T13:47:00.000,I 75,I 75 and Mt Zion Blvd,,Rear End,2,Cloudy,Dry,Daylight
2024-09-12T16:48:00.000,I 75,I 75 and Mt Zion Blvd,,Rear End,2,Cloudy,Dry,Daylight
2024-11-19T15:31:00.000,I 75,I 75 and Mt Zion Blvd,,Not a Collision with Motor Vehicle,1,Rain,Water (standing or moving),Daylight
2024-08-16T18:25:00.000,I 75,I 75 and Mt Zion Blvd,,Rear End,2,Clear,Dry,Daylight
2023-04-06T14:25:00.000,I 75,I 75 and Mt Zion Blvd,,Rear End,2,Clear,Dry,Daylight
2023-10-10T18:20:00.000,I 75,I 75 and Mt Zion Blvd,,Rear End,2,Clear,Dry,Daylight
2024-02-12T07:26:00.000,I 75,I 75 and Mt Zion Blvd,,Sideswipe-Same Direction,2,Rain,Wet,Daylight
2024-10-14T17:35:00.000,I 75,I 75 and Mt Zion Blvd,,Rear End,2,Clear,Dry,Daylight
2024-02-09T19:30:00.000,I 75,I 75 and Mt Zion Blvd,,Rear End,2,Cloudy,Dry,Dark-Not Lighted
2023-01-04T09:45:00.000,I 75,I 75 and Mt Zion Blvd,,Angle Crash,2,Cloudy,Wet,Daylight
2023-04-25T16:45:00.000,I 75,I 75 and Mt Zion Blvd,,Rear End,2,Clear,Dry,Daylight
2023-01-29T23:35:00.000,I 75,I 75 and Mt Zion Blvd,,Not a Collision with Motor Vehicle,1,Rain,Water (standing or moving),Dark-Not Lighted
2023-11-01T20:23:00.000,I 75,I 75 and Mt Zion Blvd,,Sideswipe-Same Direction,2,Clear,Dry,Dark-Lighted