Date and Time,Roadway (From Crash Report),Intersection Name (from Crash Report),KABCO Severity,Manner of Collision (Crash Level) ,# of Vehicles per crash ,Weather Conditions (Crash Level),Surface Condition (Crash Level) ,Light Conditions (Crash Level)
2023-05-25T09:00:00.000,I 75,I 75 and Mt Paran,,Rear End,2,Clear,Dry,Daylight
2023-03-10T19:10:00.000,I 75,I 75 and Mt Paran,,Sideswipe-Same Direction,2,Clear,Dry,Dark-Lighted
2023-10-06T18:07:00.000,I 75,I 75 and Mt Paran,,Rear End,3,Clear,Dry,Dark-Not Lighted
2022-08-05T17:03:00.000,I 75,I 75 and Mt Paran,,Sideswipe-Same Direction,2,Cloudy,Dry,Daylight
2022-08-29T16:20:00.000,I 75,I 75 and Mt Paran,,Not a Collision with Motor Vehicle,1,Clear,Dry,Daylight
2022-08-05T17:49:00.000,I 75,I 75 and Mt Paran,,Not a Collision with Motor Vehicle,1,Rain,Wet,Daylight
2020-03-12T07:12:00.000,I 75,I 75 and Mt Paran,,Rear End,3,Cloudy,Wet,Dark-Lighted
2020-04-02T16:52:00.000,I 75,I 75 and Mt Paran,,Not a Collision with Motor Vehicle,1,Clear,Dry,Daylight
2020-02-14T07:31:00.000,I 75,I 75 and Mt Paran,,Rear End,2,Clear,Dry,Daylight
2021-10-04T08:34:00.000,I 75,I 75 and Mt Paran,,Rear End,3,Cloudy,Wet,Daylight
2021-09-09T08:47:00.000,I 75,I 75 and Mt Paran,,Rear End,5,Cloudy,Dry,Daylight
2022-04-08T17:44:00.000,I 75,I 75 and Mt Paran,,Rear End,2,Cloudy,Dry,Daylight
2022-09-04T21:50:00.000,I 75,I 75 and Mt Paran,,Sideswipe-Same Direction,2,Rain,Wet,Dark-Lighted
2022-04-12T15:52:00.000,I 75,I 75 and Mt Paran,,Rear End,4,Clear,Dry,Daylight
2022-03-23T07:45:00.000,I 75,I 75 and Mt Paran,,Rear End,3,Rain,Wet,Dusk
2022-05-20T08:00:00.000,I 75,I 75 and Mt Paran,,Rear End,3,Clear,Dry,Daylight
2022-07-01T10:57:00.000,I 75,I 75 and Mt Paran,,Rear End,2,Clear,Wet,Daylight
2022-02-25T18:00:00.000,I 75,I 75 and Mt Paran,,Angle Crash,2,Clear,Dry,Daylight
2024-01-11T19:12:00.000,I 75,I 75 and Mt Paran,,Rear End,2,Clear,Dry,Dark-Lighted
2024-05-13T08:00:00.000,I 75,I 75 and Mt Paran,,Rear End,3,Rain,Wet,Daylight
2023-06-23T18:52:00.000,I 75,I 75 and Mt Paran,,Rear End,3,Cloudy,Wet,Daylight
2023-10-24T16:08:00.000,I 75,I 75 and Mt Paran,,Rear End,2,Clear,Dry,Daylight
2024-05-31T08:00:00.000,I 75,I 75 and Mt Paran,,Sideswipe-Same Direction,2,Clear,Dry,Daylight
2023-11-02T13:45:00.000,I 75,I 75 and Mt Paran,,Sideswipe-Same Direction,2,Clear,Dry,Daylight
2023-04-06T08:38:00.000,I 75,I 75 and Mt Paran,,Sideswipe-Same Direction,2,Cloudy,Dry,Daylight
2023-06-23T16:40:00.000,I 75,I 75 and Mt Paran,,Rear End,2,Cloudy,Wet,Daylight
2023-06-01T18:00:00.000,I 75,I 75 and Mt Paran,,Rear End,2,Clear,Dry,Daylight
2024-08-01T08:44:00.000,I 75,I 75 and Mt Paran,,Rear End,3,Clear,Dry,Daylight
2024-06-03T08:45:00.000,I 75,I 75 and Mt Paran,,Angle Crash,2,Clear,Dry,Daylight
2024-09-30T09:18:00.000,I 75,I 75 and Mt Paran,,Sideswipe-Same Direction,2,Clear,Dry,Daylight
2024-11-12T09:59:00.000,I 75,I 75 and Mt Paran,,Rear End,2,Clear,Dry,Daylight
2021-12-21T18:08:00.000,I 75,I 75 and Mt Carmel Rd,,Rear End,3,Rain,Wet,Dark-Not Lighted
2021-05-12T10:39:00.000,I 75,I 75 and Mt Carmel Rd,,Rear End,2,Rain,Wet,Daylight
2023-10-03T07:03:00.000,I 75,I 75 and Mt Carmel Rd,,Rear End,2,Clear,Dry,Daylight
2023-03-08T08:50:00.000,I 75,I 75 and Mt Carmel Rd,,Rear End,2,Clear,Dry,Daylight
2023-07-11T12:57:00.000,I 75,I 75 and Mt Carmel Rd,,Angle Crash,3,Clear,Dry,Daylight
2020-01-03T12:10:00.000,I 75,I 75 and Mt Carmel Rd,,Rear End,3,Rain,Wet,Daylight
2020-07-08T14:15:00.000,I 75,I 75 and Mt Carmel Rd,,Angle Crash,2,Cloudy,Dry,Daylight
2020-09-29T04:00:00.000,I 75,I 75 and Mt Carmel Rd,,Sideswipe-Same Direction,2,Clear,Dry,Dark-Not Lighted
2021-12-21T17:43:00.000,I 75,I 75 and Mt Carmel Rd,,Rear End,2,Rain,Wet,Dark-Not Lighted
2021-10-02T04:10:00.000,I 75,I 75 and Mt Carmel Rd,,Sideswipe-Same Direction,2,Clear,Dry,Dark-Not Lighted
2022-11-11T11:57:00.000,I 75,I 75 and Mt Carmel Rd,,Rear End,3,Rain,Wet,Daylight
2024-06-13T13:36:00.000,I 75,I 75 and Mt Carmel Rd,,Rear End,3,Clear,Dry,Daylight
2024-03-08T07:09:00.000,I 75,I 75 and Mt Carmel Rd,,Rear End,2,Cloudy,Dry,Daylight
2023-01-05T12:44:00.000,I 75,I 75 and Mt Carmel Rd,,Sideswipe-Same Direction,2,Clear,Dry,Daylight
2023-09-12T10:50:00.000,I 75,I 75 and Mt Carmel Rd,,Rear End,2,Clear,Dry,Daylight
2023-03-02T12:16:00.000,I 75,I 75 and Mt Carmel Rd,,Rear End,2,Cloudy,Dry,Daylight
2023-03-22T07:39:00.000,I 75,I 75 and Mt Carmel Rd,,Rear End,2,Cloudy,Dry,Daylight
2023-04-13T11:45:00.000,I 75,I 75 and Mt Carmel Rd,,Rear End,4,Rain,Water (standing or moving),Daylight
2024-10-29T13:20:00.000,I 75,I 75 and Mt Carmel Rd,,Rear End,2,Clear,Dry,Daylight
2024-03-22T13:09:00.000,I 75,I 75 and Mt Carmel Rd,,Rear End,2,Rain,Dry,Daylight
2020-08-09T09:15:00.000,I 75,I 75 and Mt  Zion Blvd,,Angle Crash,2,Clear,Dry,Daylight
2022-04-07T14:21:00.000,I 75,I 75 and Mrtin Luther King Junior Dr,,Rear End,4,Clear,Dry,Daylight
2024-11-30T15:31:00.000,I 75,I 75 and Mp227,,Sideswipe-Same Direction,2,Clear,Dry,Daylight
2021-06-06T18:29:00.000,I 75,I 75 and Mp213,,Rear End,2,Clear,Dry,Daylight
2021-09-26T15:12:00.000,I 75,I 75 and Mp211,,Sideswipe-Same Direction,2,Clear,Dry,Daylight
2023-10-12T06:03:00.000,I 75,I 75 and Mp207,,Not a Collision with Motor Vehicle,1,Rain,Wet,Dark-Not Lighted
2021-01-20T18:18:00.000,I 75,I 75 and Mp202,,Angle Crash,2,Clear,Dry,Dark-Not Lighted
2023-10-08T04:09:00.000,I 75,I 75 and Mp200,,Angle Crash,1,Clear,Dry,Dark-Not Lighted
2024-03-20T16:50:00.000,I 75,I 75 and Mp200,,Rear End,2,Clear,Dry,Daylight
2020-12-02T22:35:00.000,I 75,I 75 and Mp 211,,Not a Collision with Motor Vehicle,2,Clear,Dry,Dark-Not Lighted
2021-03-15T22:50:00.000,I 75,I 75 and Mp 205,,Not a Collision with Motor Vehicle,1,Cloudy,Dry,Dark-Lighted
2022-02-27T14:02:00.000,I 75,I 75 and Mp 201,,Rear End,2,Rain,Wet,Daylight
2021-06-22T09:05:00.000,I 75,I 75 and Mp 200,,Not a Collision with Motor Vehicle,1,Rain,Wet,Daylight
2024-03-17T18:24:00.000,I 75,I 75 and Mp 200,,Rear End,2,Cloudy,Wet,Daylight
2023-09-12T15:46:00.000,I 75,I 75 and Mp 183,,Angle Crash,1,Cloudy,Wet,Daylight
2024-04-11T15:30:00.000,I 75,I 75 and Mp 164,,Sideswipe-Same Direction,2,Clear,Dry,Daylight
2023-10-06T17:37:00.000,I 75,I 75 and Mp 153 At Sardis Church Rd,,Rear End,2,Cloudy,Dry,Daylight
2021-02-08T14:17:00.000,I 75,I 75 and Mountzion Blvd,,Sideswipe-Same Direction,2,Clear,Dry,Daylight
2021-05-03T15:33:00.000,I 75,I 75 and Mount Zion Rd,,Sideswipe-Same Direction,2,Rain,Wet,Daylight
2021-09-18T21:05:00.000,I 75,I 75 and Mount Zion Rd,,Rear End,2,Rain,Wet,Dark-Lighted
2021-07-15T19:15:00.000,I 75,I 75 and Mount Zion Rd,,Rear End,2,Clear,Dry,Daylight
2021-01-13T21:30:00.000,I 75,I 75 and Mount Zion Rd,,Not a Collision with Motor Vehicle,1,Clear,Dry,Dark-Lighted
2021-12-16T08:26:00.000,I 75,I 75 and Mount Zion Rd,,Not a Collision with Motor Vehicle,1,Clear,Dry,Daylight
2021-12-03T08:16:00.000,I 75,I 75 and Mount Zion Rd,,Rear End,2,Clear,Dry,Daylight
2021-02-27T20:29:00.000,I 75,I 75 and Mount Zion Rd,,Sideswipe-Same Direction,2,Clear,Dry,Daylight
2023-03-12T09:20:00.000,I 75,I 75 and Mount Zion Rd,,Not a Collision with Motor Vehicle,1,Rain,Wet,Daylight
2023-01-22T07:32:00.000,I 75,I 75 and Mount Zion Rd,,Rear End,2,Rain,Wet,Dark-Lighted
2023-02-03T06:10:00.000,I 75,I 75 and Mount Zion Rd,,Sideswipe-Same Direction,2,Clear,Dry,Dusk
2023-06-19T08:20:00.000,I 75,I 75 and Mount Zion Rd,,Angle Crash,3,Rain,Wet,Daylight
2020-09-14T14:21:00.000,I 75,I 75 and Mount Zion Rd,,Sideswipe-Same Direction,2,Cloudy,Dry,Daylight
2020-06-10T15:02:00.000,I 75,I 75 and Mount Zion Rd,,Sideswipe-Same Direction,2,Clear,Dry,Daylight
2020-01-08T14:17:00.000,I 75,I 75 and Mount Zion Rd,,Rear End,2,Clear,Dry,Daylight
2020-07-19T17:54:00.000,I 75,I 75 and Mount Zion Rd,,Angle Crash,3,Clear,Wet,Daylight
2020-02-06T09:23:00.000,I 75,I 75 and Mount Zion Rd,,Head On,3,Rain,Wet,Daylight
2020-09-24T16:41:00.000,I 75,I 75 and Mount Zion Rd,,Angle Crash,2,Rain,Wet,Daylight
2020-08-20T18:56:00.000,I 75,I 75 and Mount Zion Rd,,Not a Collision with Motor Vehicle,1,Cloudy,Wet,Daylight
2020-06-10T14:41:00.000,I 75,I 75 and Mount Zion Rd,,Rear End,2,Clear,Dry,Daylight
2020-12-23T06:20:00.000,I 75,I 75 and Mount Zion Rd,,Not a Collision with Motor Vehicle,1,Clear,Dry,Dark-Not Lighted
2021-04-24T10:20:00.000,I 75,I 75 and Mount Zion Rd,,Not a Collision with Motor Vehicle,1,Rain,Wet,Daylight
2021-02-20T05:57:00.000,I 75,I 75 and Mount Zion Rd,,Rear End,2,Clear,Dry,Dusk
2021-02-15T03:59:00.000,I 75,I 75 and Mount Zion Rd,,Rear End,2,Rain,Wet,Dark-Lighted
2021-10-04T11:50:00.000,I 75,I 75 and Mount Zion Rd,,Rear End,3,Cloudy,Wet,Daylight
2021-09-20T12:34:00.000,I 75,I 75 and Mount Zion Rd,,Sideswipe-Same Direction,2,Rain,Wet,Dawn
2022-12-22T14:40:00.000,I 75,I 75 and Mount Zion Rd,,Rear End,2,Other,Wet,Daylight
2022-12-05T23:13:00.000,I 75,I 75 and Mount Zion Rd,,Not a Collision with Motor Vehicle,1,Rain,Wet,Dark-Lighted
2022-05-29T12:31:00.000,I 75,I 75 and Mount Zion Rd,,Rear End,2,Clear,Dry,Daylight
2022-08-26T16:04:00.000,I 75,I 75 and Mount Zion Rd,,Sideswipe-Same Direction,2,Clear,Dry,Daylight
2022-05-07T02:52:00.000,I 75,I 75 and Mount Zion Rd,,Rear End,2,Clear,Dry,Dark-Not Lighted
2022-02-03T22:35:00.000,I 75,I 75 and Mount Zion Rd,,Not a Collision with Motor Vehicle,1,Rain,Wet,Dark-Not Lighted
2022-11-10T23:21:00.000,I 75,I 75 and Mount Zion Rd,,Angle Crash,2,Rain,Wet,Dark-Not Lighted
2022-08-19T14:03:00.000,I 75,I 75 and Mount Zion Rd,,Sideswipe-Same Direction,2,Cloudy,Dry,Daylight
2022-11-06T11:55:00.000,I 75,I 75 and Mount Zion Rd,,Sideswipe-Same Direction,2,Clear,Dry,Daylight
2023-04-06T11:55:00.000,I 75,I 75 and Mount Zion Rd,,Sideswipe-Same Direction,2,Cloudy,Dry,Daylight
2023-11-11T10:00:00.000,I 75,I 75 and Mount Zion Rd,,Sideswipe-Same Direction,2,Rain,Wet,Daylight
2023-03-30T07:52:00.000,I 75,I 75 and Mount Zion Rd,,Sideswipe-Same Direction,3,Clear,Dry,Daylight
2023-10-29T06:57:00.000,I 75,I 75 and Mount Zion Rd,,Sideswipe-Same Direction,2,Clear,Dry,Dark-Lighted
2024-08-17T21:44:00.000,I 75,I 75 and Mount Zion Rd,,Angle Crash,2,Rain,Wet,Dark-Not Lighted
2024-11-19T13:50:00.000,I 75,I 75 and Mount Zion Rd,,Rear End,2,Rain,Wet,Daylight
2024-08-07T17:47:00.000,I 75,I 75 and Mount Zion Rd,,Sideswipe-Same Direction,2,Clear,Dry,Daylight
2023-02-14T09:10:00.000,I 75,I 75 and Mount Zion Rd,,Rear End,2,Clear,Dry,Daylight
2023-03-10T00:59:00.000,I 75,I 75 and Mount Zion Rd,,Not a Collision with Motor Vehicle,1,Rain,Wet,Dark-Lighted
2023-11-28T05:02:00.000,I 75,I 75 and Mount Zion Rd,,Sideswipe-Same Direction,3,Clear,Dry,Dark-Not Lighted
2023-12-18T13:35:00.000,I 75,I 75 and Mount Zion Rd,,Sideswipe-Same Direction,2,Cloudy,Dry,Daylight
2023-05-05T12:02:00.000,I 75,I 75 and Mount Zion Rd,,Rear End,2,Cloudy,Wet,Daylight
2023-09-09T12:47:00.000,I 75,I 75 and Mount Zion Rd,,Not a Collision with Motor Vehicle,1,Clear,Dry,Daylight
2023-12-03T06:08:00.000,I 75,I 75 and Mount Zion Rd,,Rear End,3,Rain,Wet,Dark-Not Lighted
2024-04-02T12:35:00.000,I 75,I 75 and Mount Zion Rd,,Sideswipe-Same Direction,2,Clear,Dry,Daylight
2024-11-01T11:11:00.000,I 75,I 75 and Mount Zion Rd,,Rear End,2,Clear,Dry,Daylight
2024-10-01T10:55:00.000,I 75,I 75 and Mount Zion Rd,,Rear End,2,Clear,Dry,Daylight
2024-12-28T04:41:00.000,I 75,I 75 and Mount Zion Rd,,Not a Collision with Motor Vehicle,1,Rain,Wet,Dark-Lighted
2024-12-29T08:24:00.000,I 75,I 75 and Mount Zion Rd,,Not a Collision with Motor Vehicle,1,Rain,Wet,Dawn
2024-08-01T01:30:00.000,I 75,I 75 and Mount Zion Rd,,Not a Collision with Motor Vehicle,2,Clear,Dry,Dark-Not Lighted
2024-12-29T16:55:00.000,I 75,I 75 and Mount Zion Rd,,Rear End,2,Clear,Dry,Daylight
2024-03-26T18:28:00.000,I 75,I 75 and Mount Zion Rd,,Not a Collision with Motor Vehicle,1,Rain,Wet,Daylight
2021-04-03T08:00:00.000,I 75,I 75 and Mount Zion Pkwy,,Rear End,2,Clear,Dry,Daylight
2021-06-28T08:50:00.000,I 75,I 75 and Mount Zion Pkwy,,Sideswipe-Same Direction,2,Clear,Dry,Daylight
2021-09-20T12:05:00.000,I 75,I 75 and Mount Zion Pkwy,,Not a Collision with Motor Vehicle,1,Rain,Wet,Daylight
2021-12-30T10:33:00.000,I 75,I 75 and Mount Zion Pkwy,,Not a Collision with Motor Vehicle,1,Rain,Wet,Daylight
2020-02-04T08:11:00.000,I 75,I 75 and Mount Zion Pkwy,,Rear End,2,Cloudy,Dry,Daylight
2020-05-06T11:52:00.000,I 75,I 75 and Mount Zion Pkwy,,Not a Collision with Motor Vehicle,2,Clear,Dry,Daylight
2020-06-05T00:00:00.000,I 75,I 75 and Mount Zion Pkwy,,Angle Crash,2,Rain,Wet,Daylight
2020-09-17T00:44:00.000,I 75,I 75 and Mount Zion Pkwy,,Rear End,2,Rain,Wet,Dark-Lighted
2020-07-20T19:30:00.000,I 75,I 75 and Mount Zion Pkwy,,Not a Collision with Motor Vehicle,1,Clear,Wet,Daylight
2020-12-01T17:24:00.000,I 75,I 75 and Mount Zion Pkwy,,Rear End,3,Clear,Dry,Daylight
2021-05-17T10:09:00.000,I 75,I 75 and Mount Zion Pkwy,,Angle Crash,2,Clear,Dry,Daylight
2021-12-29T11:53:00.000,I 75,I 75 and Mount Zion Pkwy,,Rear End,2,Cloudy,Dry,Daylight
2022-07-21T13:25:00.000,I 75,I 75 and Mount Zion Pkwy,,Rear End,2,Clear,Dry,Daylight
2022-01-28T15:15:00.000,I 75,I 75 and Mount Zion Pkwy,,Sideswipe-Same Direction,2,Clear,Dry,Daylight
2022-10-09T23:06:00.000,I 75,I 75 and Mount Zion Pkwy,,Rear End,2,Clear,Dry,Dark-Not Lighted
2022-08-11T22:43:00.000,I 75,I 75 and Mount Zion Pkwy,,Sideswipe-Same Direction,2,Cloudy,Wet,Dark-Not Lighted
2022-08-23T12:07:00.000,I 75,I 75 and Mount Zion Pkwy,,Rear End,2,Clear,Dry,Daylight
2022-08-25T05:45:00.000,I 75,I 75 and Mount Zion Pkwy,,Not a Collision with Motor Vehicle,1,Rain,Wet,Dawn
2022-01-25T21:10:00.000,I 75,I 75 and Mount Zion Pkwy,,Sideswipe-Same Direction,2,Clear,Dry,Dark-Not Lighted
2022-02-02T17:45:00.000,I 75,I 75 and Mount Zion Pkwy,,Rear End,2,Cloudy,Wet,Dark-Lighted
2022-12-19T11:16:00.000,I 75,I 75 and Mount Zion Pkwy,,Rear End,3,Clear,Dry,Daylight
2022-03-16T05:12:00.000,I 75,I 75 and Mount Zion Pkwy,,Not a Collision with Motor Vehicle,1,Rain,Wet,Dark-Not Lighted
2023-01-22T07:16:00.000,I 75,I 75 and Mount Zion Pkwy,,Angle Crash,2,Rain,Wet,Dark-Lighted
2023-12-25T11:12:00.000,I 75,I 75 and Mount Zion Pkwy,,Not a Collision with Motor Vehicle,1,Clear,Wet,Daylight
2024-12-11T07:25:00.000,I 75,I 75 and Mount Zion Pkwy,,Rear End,2,Clear,Water (standing or moving),Dawn
2024-05-04T08:09:00.000,I 75,I 75 and Mount Zion Pkwy,,Not a Collision with Motor Vehicle,1,Rain,Wet,Daylight
2024-11-04T04:28:00.000,I 75,I 75 and Mount Zion Pkwy,,Not a Collision with Motor Vehicle,1,Clear,Dry,Dark-Lighted
2024-11-13T08:00:00.000,I 75,I 75 and Mount Zion Pkwy,,Rear End,3,Clear,Dry,Daylight
2024-01-06T06:45:00.000,I 75,I 75 and Mount Zion Opas,,Not a Collision with Motor Vehicle,1,Rain,Wet,Dark-Not Lighted
2020-12-15T12:54:00.000,I 75,I 75 and Mount Zion Blvd Rp,,Sideswipe-Same Direction,2,Clear,Dry,Daylight
2020-04-29T14:23:00.000,I 75,I 75 and Mount Zion Blvd Opas,,Rear End,2,Rain,Wet,Daylight
2021-03-31T18:10:00.000,I 75,I 75 and Mount Zion Blvd,,Sideswipe-Same Direction,2,Rain,Wet,Dark-Lighted
2021-06-12T12:32:00.000,I 75,I 75 and Mount Zion Blvd,,Rear End,2,Clear,Dry,Daylight
2021-05-26T22:30:00.000,I 75,I 75 and Mount Zion Blvd,,Rear End,2,Clear,Dry,Dark-Not Lighted
2021-10-25T15:49:00.000,I 75,I 75 and Mount Zion Blvd,,Rear End,2,Clear,Dry,Daylight
2021-10-19T16:19:00.000,I 75,I 75 and Mount Zion Blvd,,Sideswipe-Opposite Direction,2,Clear,Dry,Daylight
2021-11-22T06:04:00.000,I 75,I 75 and Mount Zion Blvd,,Not a Collision with Motor Vehicle,1,Rain,Wet,Dark-Not Lighted
2021-03-12T16:09:00.000,I 75,I 75 and Mount Zion Blvd,,Rear End,2,Clear,Dry,Daylight
2021-05-16T13:29:00.000,I 75,I 75 and Mount Zion Blvd,,Rear End,2,Clear,Dry,Daylight
2021-01-15T17:00:00.000,I 75,I 75 and Mount Zion Blvd,,Rear End,2,Clear,Dry,Dusk
2021-06-08T13:10:00.000,I 75,I 75 and Mount Zion Blvd,,Rear End,2,Cloudy,Dry,Daylight
2021-05-04T23:59:00.000,I 75,I 75 and Mount Zion Blvd,,Angle Crash,2,Rain,Wet,Dark-Lighted
2021-09-13T13:00:00.000,I 75,I 75 and Mount Zion Blvd,,Rear End,2,Clear,Dry,Daylight
2021-12-10T02:00:00.000,I 75,I 75 and Mount Zion Blvd,,Sideswipe-Same Direction,2,Rain,Wet,Dark-Lighted
2021-11-13T16:42:00.000,I 75,I 75 and Mount Zion Blvd,,Sideswipe-Same Direction,2,Clear,Dry,Daylight
2021-11-22T13:20:00.000,I 75,I 75 and Mount Zion Blvd,,Rear End,2,Clear,Dry,Daylight
2021-08-19T21:29:00.000,I 75,I 75 and Mount Zion Blvd,,Not a Collision with Motor Vehicle,1,Clear,Dry,Dark-Not Lighted
2021-08-07T08:26:00.000,I 75,I 75 and Mount Zion Blvd,,Rear End,2,Clear,Dry,Daylight
2021-11-24T14:51:00.000,I 75,I 75 and Mount Zion Blvd,,Rear End,2,Clear,Dry,Daylight
2021-10-03T19:23:00.000,I 75,I 75 and Mount Zion Blvd,,Not a Collision with Motor Vehicle,1,Rain,Wet,Dark-Not Lighted
2021-07-20T05:15:00.000,I 75,I 75 and Mount Zion Blvd,,Angle Crash,2,Rain,Wet,Dark-Lighted
2021-10-14T15:27:00.000,I 75,I 75 and Mount Zion Blvd,,Rear End,2,Clear,Dry,Dawn
2021-12-30T13:18:00.000,I 75,I 75 and Mount Zion Blvd,,Not a Collision with Motor Vehicle,1,Rain,Wet,Daylight
2021-04-09T16:27:00.000,I 75,I 75 and Mount Zion Blvd,,Sideswipe-Same Direction,2,Clear,Dry,Daylight
2021-03-12T09:55:00.000,I 75,I 75 and Mount Zion Blvd,,Sideswipe-Same Direction,3,Clear,Dry,Daylight
2021-01-15T17:00:00.000,I 75,I 75 and Mount Zion Blvd,,Rear End,2,Clear,Dry,Daylight
2021-06-06T19:50:00.000,I 75,I 75 and Mount Zion Blvd,,Rear End,2,Clear,Dry,Daylight
2021-02-01T18:37:00.000,I 75,I 75 and Mount Zion Blvd,,Sideswipe-Same Direction,2,Cloudy,Dry,Dark-Not Lighted
2021-05-22T20:54:00.000,I 75,I 75 and Mount Zion Blvd,,Rear End,2,Clear,Dry,Daylight
2021-06-29T04:48:00.000,I 75,I 75 and Mount Zion Blvd,,Not a Collision with Motor Vehicle,1,Rain,Wet,Dark-Not Lighted
2021-07-31T16:59:00.000,I 75,I 75 and Mount Zion Blvd,,Rear End,2,Clear,Dry,Daylight
2021-08-03T19:55:00.000,I 75,I 75 and Mount Zion Blvd,,Rear End,2,Rain,Wet,Dusk
2021-11-30T10:30:00.000,I 75,I 75 and Mount Zion Blvd,,Rear End,2,Clear,Dry,Daylight
2021-11-22T05:20:00.000,I 75,I 75 and Mount Zion Blvd,,Not a Collision with Motor Vehicle,1,Cloudy,Wet,Dark-Not Lighted
2021-08-13T22:17:00.000,I 75,I 75 and Mount Zion Blvd,,Sideswipe-Same Direction,2,Clear,Dry,Dark-Lighted
2021-12-29T12:12:00.000,I 75,I 75 and Mount Zion Blvd,,Not a Collision with Motor Vehicle,1,Rain,Wet,Daylight
2021-05-06T16:16:00.000,I 75,I 75 and Mount Zion Blvd,,Rear End,2,Clear,Dry,Daylight
2021-02-19T07:50:00.000,I 75,I 75 and Mount Zion Blvd,,Rear End,2,Cloudy,Dry,Dark-Lighted
2020-06-25T15:32:00.000,I 75,I 75 and Mount Zion Blvd,,Not a Collision with Motor Vehicle,2,Rain,Wet,Daylight
2023-09-14T10:10:00.000,I 75,I 75 and Mount Zion Blvd,,Rear End,2,Clear,Dry,Daylight
2023-01-28T12:33:00.000,I 75,I 75 and Mount Zion Blvd,,Not a Collision with Motor Vehicle,1,Clear,Dry,Daylight
2023-10-02T10:00:00.000,I 75,I 75 and Mount Zion Blvd,,Not a Collision with Motor Vehicle,1,Clear,Dry,Daylight
2023-10-12T04:46:00.000,I 75,I 75 and Mount Zion Blvd,,Not a Collision with Motor Vehicle,1,Rain,Wet,Dark-Not Lighted
2023-10-12T01:36:00.000,I 75,I 75 and Mount Zion Blvd,,Rear End,2,Rain,Wet,Dark-Not Lighted
2023-06-13T08:49:00.000,I 75,I 75 and Mount Zion Blvd,,Rear End,2,Clear,Dry,Daylight
2023-04-04T01:40:00.000,I 75,I 75 and Mount Zion Blvd,,Rear End,2,Clear,Dry,Daylight
2023-01-25T08:06:00.000,I 75,I 75 and Mount Zion Blvd,,Sideswipe-Same Direction,2,Rain,Wet,Dark-Lighted
2023-08-09T07:44:00.000,I 75,I 75 and Mount Zion Blvd,,Rear End,2,Clear,Dry,Daylight
2023-01-29T21:37:00.000,I 75,I 75 and Mount Zion Blvd,,Not a Collision with Motor Vehicle,1,Cloudy,Wet,Dark-Lighted
2023-04-08T12:32:00.000,I 75,I 75 and Mount Zion Blvd,,Not a Collision with Motor Vehicle,1,Rain,Wet,Daylight
2023-02-05T04:21:00.000,I 75,I 75 and Mount Zion Blvd,,Not a Collision with Motor Vehicle,1,Cloudy,Dry,Dark-Not Lighted
2023-04-18T15:45:00.000,I 75,I 75 and Mount Zion Blvd,,Rear End,2,Clear,Dry,Daylight
2023-11-11T05:55:00.000,I 75,I 75 and Mount Zion Blvd,,Angle Crash,2,Rain,Wet,Dawn
2023-06-14T10:30:00.000,I 75,I 75 and Mount Zion Blvd,,Sideswipe-Same Direction,2,Clear,Wet,Daylight
2023-11-02T09:55:00.000,I 75,I 75 and Mount Zion Blvd,,Rear End,2,Clear,Dry,Daylight
2023-12-25T23:00:00.000,I 75,I 75 and Mount Zion Blvd,,Not a Collision with Motor Vehicle,1,Rain,Water (standing or moving),Dark-Lighted
2023-11-01T05:17:00.000,I 75,I 75 and Mount Zion Blvd,,Not a Collision with Motor Vehicle,1,Clear,Dry,Dark-Not Lighted
2023-03-26T10:49:00.000,I 75,I 75 and Mount Zion Blvd,,Not a Collision with Motor Vehicle,1,Rain,Wet,Daylight
2023-03-12T08:19:00.000,I 75,I 75 and Mount Zion Blvd,,Not a Collision with Motor Vehicle,1,Rain,Water (standing or moving),Daylight
2023-12-13T05:43:00.000,I 75,I 75 and Mount Zion Blvd,,Sideswipe-Same Direction,2,Clear,Dry,Dark-Not Lighted
2023-02-17T06:14:00.000,I 75,I 75 and Mount Zion Blvd,,Not a Collision with Motor Vehicle,1,Clear,Wet,Dark-Not Lighted
2023-11-11T07:32:00.000,I 75,I 75 and Mount Zion Blvd,,Not a Collision with Motor Vehicle,1,Rain,Wet,Daylight
2022-05-03T12:55:00.000,I 75,I 75 and Mount Zion Blvd,,Not a Collision with Motor Vehicle,1,Clear,Dry,Daylight
2022-03-08T14:14:00.000,I 75,I 75 and Mount Zion Blvd,,Not a Collision with Motor Vehicle,1,Rain,Wet,Dark-Lighted
2022-11-12T10:45:00.000,I 75,I 75 and Mount Zion Blvd,,Rear End,2,Cloudy,Dry,Daylight
2020-10-22T21:55:00.000,I 75,I 75 and Mount Zion Blvd,,Sideswipe-Same Direction,2,Clear,Dry,Dark-Lighted
2020-08-17T17:30:00.000,I 75,I 75 and Mount Zion Blvd,,Rear End,2,Cloudy,Dry,Daylight
2020-08-23T00:30:00.000,I 75,I 75 and Mount Zion Blvd,,Rear End,2,Clear,Dry,Dark-Not Lighted
2020-08-07T10:46:00.000,I 75,I 75 and Mount Zion Blvd,,Sideswipe-Same Direction,2,Cloudy,Dry,Daylight
2020-06-19T15:02:00.000,I 75,I 75 and Mount Zion Blvd,,Rear End,2,Cloudy,Dry,Daylight
2020-01-02T12:25:00.000,I 75,I 75 and Mount Zion Blvd,,Rear End,2,Rain,Wet,Daylight
2020-05-27T13:10:00.000,I 75,I 75 and Mount Zion Blvd,,Rear End,2,Rain,Wet,Daylight
2020-10-29T15:00:00.000,I 75,I 75 and Mount Zion Blvd,,Rear End,2,Clear,Dry,Daylight