Date and Time,Roadway (From Crash Report),Intersection Name (from Crash Report),KABCO Severity,Manner of Collision (Crash Level) ,# of Vehicles per crash ,Weather Conditions (Crash Level),Surface Condition (Crash Level) ,Light Conditions (Crash Level)
2020-03-07T09:02:00.000,I 75,I 75 and Moores Mill Rd,,Angle Crash,2,Clear,Dry,Daylight
2020-11-04T04:25:00.000,I 75,I 75 and Moores Mill Rd,,Sideswipe-Same Direction,2,Clear,Dry,Dark-Lighted
2020-04-22T11:12:00.000,I 75,I 75 and Moores Mill Rd,,Not a Collision with Motor Vehicle,1,Cloudy,Dry,Daylight
2020-03-10T18:13:00.000,I 75,I 75 and Moores Mill Rd,,Rear End,3,Cloudy,Dry,Daylight
2020-02-01T02:14:00.000,I 75,I 75 and Moores Mill Rd,,Sideswipe-Same Direction,2,Clear,Dry,Dark-Lighted
2020-09-23T14:30:00.000,I 75,I 75 and Moores Mill Rd,,Rear End,2,Clear,Dry,Daylight
2020-10-10T10:34:00.000,I 75,I 75 and Moores Mill Rd,,Sideswipe-Same Direction,2,Rain,Wet,Daylight
2020-09-29T01:22:00.000,I 75,I 75 and Moores Mill Rd,,Angle Crash,2,Cloudy,Wet,Dark-Lighted
2020-12-23T10:20:00.000,I 75,I 75 and Moores Mill Rd,,Sideswipe-Same Direction,2,Clear,Dry,Daylight
2020-06-26T04:07:00.000,I 75,I 75 and Moores Mill Rd,,Head On,1,Cloudy,Wet,Dark-Lighted
2020-06-27T07:35:00.000,I 75,I 75 and Moores Mill Rd,,Rear End,2,Clear,Dry,Daylight
2020-09-10T20:16:00.000,I 75,I 75 and Moores Mill Rd,,Rear End,3,Cloudy,Wet,Dark-Lighted
2020-11-10T00:31:00.000,I 75,I 75 and Moores Mill Rd,,Not a Collision with Motor Vehicle,1,Clear,Dry,Dark-Lighted
2020-04-14T09:15:00.000,I 75,I 75 and Moores Mill Rd,,Sideswipe-Same Direction,2,Clear,Dry,Daylight
2020-11-24T05:18:00.000,I 75,I 75 and Moores Mill Rd,,Sideswipe-Same Direction,2,Clear,Dry,Dark-Lighted
2020-11-11T21:03:00.000,I 75,I 75 and Moores Mill Rd,,Sideswipe-Same Direction,2,Rain,Wet,Dark-Lighted
2020-08-25T19:00:00.000,I 75,I 75 and Moores Mill Rd,,Rear End,2,Rain,Wet,Daylight
2020-12-17T11:55:00.000,I 75,I 75 and Moores Mill Rd,,Sideswipe-Same Direction,2,Cloudy,Dry,Daylight
2020-01-15T08:23:00.000,I 75,I 75 and Moores Mill Rd,,Rear End,2,Cloudy,Dry,Daylight
2020-01-06T18:26:00.000,I 75,I 75 and Moores Mill Rd,,Rear End,2,Clear,Dry,Dark-Lighted
2020-12-31T17:55:00.000,I 75,I 75 and Moores Mill Rd,,Rear End,2,Cloudy,Wet,Dark-Not Lighted
2020-12-16T06:38:00.000,I 75,I 75 and Moores Mill Rd,,Sideswipe-Same Direction,2,Cloudy,Wet,Daylight
2020-01-08T08:25:00.000,I 75,I 75 and Moores Mill Rd,,Rear End,2,Clear,Dry,Daylight
2020-02-12T15:32:00.000,I 75,I 75 and Moores Mill Rd,,Not a Collision with Motor Vehicle,1,Cloudy,Dry,Daylight
2021-06-29T18:22:00.000,I 75,I 75 and Moores Mill Rd,,Angle Crash,2,Clear,Dry,Daylight
2021-05-27T17:43:00.000,I 75,I 75 and Moores Mill Rd,,Rear End,3,Cloudy,Dry,Daylight
2021-03-04T15:57:00.000,I 75,I 75 and Moores Mill Rd,,Rear End,2,Clear,Dry,Daylight
2021-01-22T20:50:00.000,I 75,I 75 and Moores Mill Rd,,Angle Crash,3,Clear,Dry,Daylight
2021-06-18T18:33:00.000,I 75,I 75 and Moores Mill Rd,,Not a Collision with Motor Vehicle,1,Clear,Dry,Daylight
2021-06-22T10:31:00.000,I 75,I 75 and Moores Mill Rd,,Not a Collision with Motor Vehicle,2,Clear,Dry,Daylight
2021-02-03T19:54:00.000,I 75,I 75 and Moores Mill Rd,,Rear End,2,Clear,Dry,Dark-Lighted
2021-06-11T17:42:00.000,I 75,I 75 and Moores Mill Rd,,Rear End,3,Cloudy,Wet,Daylight
2021-01-16T22:29:00.000,I 75,I 75 and Moores Mill Rd,,Sideswipe-Same Direction,2,Clear,Dry,Dark-Lighted
2021-06-03T19:05:00.000,I 75,I 75 and Moores Mill Rd,,Rear End,2,Cloudy,Dry,Daylight
2021-06-12T00:31:00.000,I 75,I 75 and Moores Mill Rd,,Sideswipe-Same Direction,2,Clear,Dry,Dark-Lighted
2021-03-23T09:14:00.000,I 75,I 75 and Moores Mill Rd,,Sideswipe-Opposite Direction,2,Cloudy,Dry,Daylight
2021-03-05T15:40:00.000,I 75,I 75 and Moores Mill Rd,,Sideswipe-Same Direction,2,Clear,Dry,Daylight
2021-06-25T09:24:00.000,I 75,I 75 and Moores Mill Rd,,Sideswipe-Same Direction,2,Cloudy,Dry,Daylight
2021-02-13T00:26:00.000,I 75,I 75 and Moores Mill Rd,,Not a Collision with Motor Vehicle,1,Rain,Water (standing or moving),Dark-Lighted
2021-05-04T18:45:00.000,I 75,I 75 and Moores Mill Rd,,Rear End,2,Rain,Wet,Daylight
2021-01-10T14:44:00.000,I 75,I 75 and Moores Mill Rd,,Rear End,2,Cloudy,Dry,Daylight
2021-11-04T00:44:00.000,I 75,I 75 and Moores Mill Rd,,Sideswipe-Same Direction,2,Rain,Wet,Daylight
2021-09-21T09:00:00.000,I 75,I 75 and Moores Mill Rd,,Rear End,3,Cloudy,Wet,Daylight
2021-10-13T18:36:00.000,I 75,I 75 and Moores Mill Rd,,Not a Collision with Motor Vehicle,1,Clear,Dry,Daylight
2021-08-09T18:30:00.000,I 75,I 75 and Moores Mill Rd,,Rear End,2,Clear,Dry,Daylight
2021-10-18T08:15:00.000,I 75,I 75 and Moores Mill Rd,,Rear End,2,Clear,Dry,Daylight
2021-10-14T10:10:00.000,I 75,I 75 and Moores Mill Rd,,Sideswipe-Same Direction,2,Cloudy,Dry,Daylight
2021-12-22T15:36:00.000,I 75,I 75 and Moores Mill Rd,,Rear End,3,Clear,Dry,Daylight
2021-10-28T07:00:00.000,I 75,I 75 and Moores Mill Rd,,Rear End,2,Rain,Wet,Dark-Lighted
2021-10-22T16:24:00.000,I 75,I 75 and Moores Mill Rd,,Rear End,3,Clear,Dry,Daylight
2021-11-11T20:35:00.000,I 75,I 75 and Moores Mill Rd,,Sideswipe-Same Direction,2,Rain,Wet,Dark-Not Lighted
2021-11-04T09:34:00.000,I 75,I 75 and Moores Mill Rd,,Rear End,2,Rain,Wet,Daylight
2021-11-23T19:15:00.000,I 75,I 75 and Moores Mill Rd,,Sideswipe-Same Direction,2,Clear,Dry,Dark-Lighted
2021-11-16T09:18:00.000,I 75,I 75 and Moores Mill Rd,,Rear End,2,Cloudy,Dry,Daylight
2021-07-20T15:40:00.000,I 75,I 75 and Moores Mill Rd,,Sideswipe-Same Direction,2,Rain,Wet,Daylight
2021-07-08T17:27:00.000,I 75,I 75 and Moores Mill Rd,,Rear End,2,Cloudy,Wet,Daylight
2022-02-01T08:53:00.000,I 75,I 75 and Moores Mill Rd,,Sideswipe-Same Direction,2,Clear,Dry,Daylight
2022-07-21T19:00:00.000,I 75,I 75 and Moores Mill Rd,,Sideswipe-Same Direction,2,Clear,Dry,Daylight
2022-07-22T23:02:00.000,I 75,I 75 and Moores Mill Rd,,Rear End,2,Clear,Dry,Dark-Lighted
2022-04-05T13:10:00.000,I 75,I 75 and Moores Mill Rd,,Angle Crash,2,Rain,Wet,Daylight
2022-11-07T12:49:00.000,I 75,I 75 and Moores Mill Rd,,Not a Collision with Motor Vehicle,2,Clear,Dry,Daylight
2021-10-13T19:20:00.000,I 75,I 75 and Moores Mill Rd,,Not a Collision with Motor Vehicle,1,Clear,Dry,Daylight
2021-09-03T16:03:00.000,I 75,I 75 and Moores Mill Rd,,Rear End,2,Clear,Dry,Daylight
2022-12-05T11:05:00.000,I 75,I 75 and Moores Mill Rd,,Not a Collision with Motor Vehicle,1,Rain,Wet,Daylight
2022-12-15T16:04:00.000,I 75,I 75 and Moores Mill Rd,,Rear End,2,Clear,Dry,Daylight
2022-12-06T16:57:00.000,I 75,I 75 and Moores Mill Rd,,Rear End,2,Cloudy,Wet,Daylight
2022-02-01T18:45:00.000,I 75,I 75 and Moores Mill Rd,,Rear End,2,Clear,Dry,Dusk
2022-05-03T17:54:00.000,I 75,I 75 and Moores Mill Rd,,Rear End,3,Clear,Dry,Daylight
2022-12-05T11:00:00.000,I 75,I 75 and Moores Mill Rd,,Not a Collision with Motor Vehicle,1,Rain,Wet,Daylight
2022-06-28T10:26:00.000,I 75,I 75 and Moores Mill Rd,,Sideswipe-Same Direction,2,Cloudy,Dry,Daylight
2022-10-13T06:06:00.000,I 75,I 75 and Moores Mill Rd,,Sideswipe-Same Direction,2,Rain,Wet,Dark-Lighted
2022-09-08T17:50:00.000,I 75,I 75 and Moores Mill Rd,,Head On,2,Clear,Dry,Daylight
2022-05-09T09:13:00.000,I 75,I 75 and Moores Mill Rd,,Rear End,2,Clear,Dry,Daylight
2022-07-12T10:13:00.000,I 75,I 75 and Moores Mill Rd,,Sideswipe-Same Direction,2,Cloudy,Dry,Daylight
2022-06-20T08:05:00.000,I 75,I 75 and Moores Mill Rd,,Sideswipe-Same Direction,2,Clear,Dry,Daylight
2022-11-11T10:35:00.000,I 75,I 75 and Moores Mill Rd,,Angle Crash,2,Rain,Wet,Daylight
2021-09-24T18:40:00.000,I 75,I 75 and Moores Mill Rd,,Sideswipe-Same Direction,2,Clear,Dry,Daylight
2022-08-30T18:01:00.000,I 75,I 75 and Moores Mill Rd,,Rear End,2,Rain,Wet,Daylight
2022-06-11T23:04:00.000,I 75,I 75 and Moores Mill Rd,,Not a Collision with Motor Vehicle,1,Clear,Dry,Dark-Not Lighted
2022-10-01T20:19:00.000,I 75,I 75 and Moores Mill Rd,,Sideswipe-Same Direction,2,Clear,Dry,Dark-Lighted
2022-12-01T17:40:00.000,I 75,I 75 and Moores Mill Rd,,Rear End,2,Clear,Dry,Dark-Lighted
2022-07-25T11:02:00.000,I 75,I 75 and Moores Mill Rd,,Sideswipe-Same Direction,2,Cloudy,Dry,Daylight
2022-06-30T11:40:00.000,I 75,I 75 and Moores Mill Rd,,Sideswipe-Same Direction,2,Cloudy,Dry,Daylight
2022-07-24T21:17:00.000,I 75,I 75 and Moores Mill Rd,,Rear End,2,Cloudy,Dry,Dark-Not Lighted
2022-04-18T15:58:00.000,I 75,I 75 and Moores Mill Rd,,Rear End,2,Cloudy,Dry,Daylight
2022-10-13T06:44:00.000,I 75,I 75 and Moores Mill Rd,,Not a Collision with Motor Vehicle,1,Rain,Wet,Dark-Not Lighted
2022-10-13T05:55:00.000,I 75,I 75 and Moores Mill Rd,,Sideswipe-Same Direction,2,Rain,Wet,Dark-Lighted
2022-10-15T23:19:00.000,I 75,I 75 and Moores Mill Rd,,Sideswipe-Same Direction,2,Clear,Dry,Dark-Lighted
2022-12-09T08:10:00.000,I 75,I 75 and Moores Mill Rd,,Rear End,2,Cloudy,Dry,Daylight
2022-10-21T13:00:00.000,I 75,I 75 and Moores Mill Rd,,Sideswipe-Same Direction,2,Clear,Dry,Daylight
2022-08-25T08:43:00.000,I 75,I 75 and Moores Mill Rd,,Rear End,2,Cloudy,Wet,Daylight
2022-11-11T10:35:00.000,I 75,I 75 and Moores Mill Rd,,Sideswipe-Opposite Direction,2,Rain,Wet,Daylight
2022-10-17T19:05:00.000,I 75,I 75 and Moores Mill Rd,,Angle Crash,2,Clear,Dry,Dark-Lighted
2022-12-15T16:00:00.000,I 75,I 75 and Moores Mill Rd,,Rear End,3,Clear,Dry,Daylight
2022-07-05T08:40:00.000,I 75,I 75 and Moores Mill Rd,,Rear End,2,Clear,Dry,Daylight
2022-09-29T07:51:00.000,I 75,I 75 and Moores Mill Rd,,Sideswipe-Same Direction,2,Clear,Dry,Daylight
2022-12-15T14:34:00.000,I 75,I 75 and Moores Mill Rd,,Rear End,2,Clear,Dry,Daylight
2022-08-29T06:55:00.000,I 75,I 75 and Moores Mill Rd,,Not a Collision with Motor Vehicle,1,Clear,Dry,Dawn
2022-01-16T05:10:00.000,I 75,I 75 and Moores Mill Rd,,Not a Collision with Motor Vehicle,1,Rain,Wet,Dark-Lighted
2022-07-21T08:25:00.000,I 75,I 75 and Moores Mill Rd,,Angle Crash,2,Rain,Wet,Daylight
2022-08-19T15:01:00.000,I 75,I 75 and Moores Mill Rd,,Sideswipe-Same Direction,2,Cloudy,Dry,Daylight
2022-05-17T08:20:00.000,I 75,I 75 and Moores Mill Rd,,Rear End,2,Clear,Dry,Daylight
2022-06-10T16:08:00.000,I 75,I 75 and Moores Mill Rd,,Rear End,2,Clear,Dry,Daylight
2022-10-25T11:01:00.000,I 75,I 75 and Moores Mill Rd,,Sideswipe-Same Direction,2,Clear,Dry,Daylight
2022-11-30T06:00:00.000,I 75,I 75 and Moores Mill Rd,,Sideswipe-Same Direction,4,Rain,Wet,Dark-Lighted
2022-01-28T14:30:00.000,I 75,I 75 and Moores Mill Rd,,Rear End,2,Clear,Dry,Daylight
2024-07-23T14:20:00.000,I 75,I 75 and Moores Mill Rd,,Not a Collision with Motor Vehicle,1,Clear,Dry,Daylight
2024-03-22T18:04:00.000,I 75,I 75 and Moores Mill Rd,,Rear End,2,Clear,Wet,Daylight
2024-04-09T08:15:00.000,I 75,I 75 and Moores Mill Rd,,Rear End,2,Rain,Wet,Daylight
2024-02-08T08:00:00.000,I 75,I 75 and Moores Mill Rd,,Rear End,4,Clear,Dry,Daylight
2024-07-01T17:10:00.000,I 75,I 75 and Moores Mill Rd,,Sideswipe-Same Direction,2,Clear,Dry,Daylight
2024-10-22T16:20:00.000,I 75,I 75 and Moores Mill Rd,,Sideswipe-Same Direction,2,Clear,Dry,Daylight
2023-02-17T06:03:00.000,I 75,I 75 and Moores Mill Rd,,Rear End,2,Rain,Wet,Dark-Lighted
2023-08-28T19:20:00.000,I 75,I 75 and Moores Mill Rd,,Not a Collision with Motor Vehicle,1,Rain,Wet,Dark-Lighted
2023-10-03T17:27:00.000,I 75,I 75 and Moores Mill Rd,,Rear End,3,Clear,Dry,Daylight
2023-06-23T16:45:00.000,I 75,I 75 and Moores Mill Rd,,Rear End,2,Clear,Wet,Daylight
2023-02-17T06:19:00.000,I 75,I 75 and Moores Mill Rd,,Rear End,3,Rain,Wet,Dark-Lighted
2024-11-14T09:11:00.000,I 75,I 75 and Moores Mill Rd,,Rear End,2,Rain,Wet,Daylight
2023-06-20T17:30:00.000,I 75,I 75 and Moores Mill Rd,,Rear End,2,Cloudy,Wet,Daylight
2023-05-19T07:37:00.000,I 75,I 75 and Moores Mill Rd,,Rear End,2,Cloudy,Dry,Daylight
2023-10-19T17:07:00.000,I 75,I 75 and Moores Mill Rd,,Rear End,2,Cloudy,Dry,Daylight
2023-08-28T12:14:00.000,I 75,I 75 and Moores Mill Rd,,Sideswipe-Same Direction,2,Cloudy,Dry,Daylight
2023-03-17T16:42:00.000,I 75,I 75 and Moores Mill Rd,,Rear End,2,Rain,Wet,Daylight
2023-12-08T13:10:00.000,I 75,I 75 and Moores Mill Rd,,Not a Collision with Motor Vehicle,1,Clear,Dry,Daylight
2023-03-17T14:14:00.000,I 75,I 75 and Moores Mill Rd,,Not a Collision with Motor Vehicle,1,Rain,Wet,Daylight
2023-09-01T00:05:00.000,I 75,I 75 and Moores Mill Rd,,Angle Crash,2,Clear,Dry,Dark-Not Lighted
2023-06-01T16:50:00.000,I 75,I 75 and Moores Mill Rd,,Sideswipe-Same Direction,2,Clear,Dry,Daylight
2023-02-17T06:03:00.000,I 75,I 75 and Moores Mill Rd,,Rear End,3,Rain,Wet,Dark-Lighted
2023-11-30T11:44:00.000,I 75,I 75 and Moores Mill Rd,,Sideswipe-Same Direction,2,Clear,Dry,Daylight
2023-03-31T16:20:00.000,I 75,I 75 and Moores Mill Rd,,Rear End,2,Clear,Dry,Daylight
2023-10-12T16:59:00.000,I 75,I 75 and Moores Mill Rd,,Rear End,2,Clear,Dry,Daylight
2023-08-11T16:50:00.000,I 75,I 75 and Moores Mill Rd,,Rear End,2,Clear,Dry,Daylight
2023-07-25T17:00:00.000,I 75,I 75 and Moores Mill Rd,,Rear End,2,Clear,Dry,Daylight
2024-06-28T17:30:00.000,I 75,I 75 and Moores Mill Rd,,Rear End,2,Clear,Dry,Daylight
2024-07-16T18:12:00.000,I 75,I 75 and Moores Mill Rd,,Rear End,2,Clear,Dry,Daylight
2024-08-27T17:49:00.000,I 75,I 75 and Moores Mill Rd,,Rear End,2,Clear,Dry,Daylight
2024-06-20T13:01:00.000,I 75,I 75 and Moores Mill Rd,,Sideswipe-Same Direction,2,Clear,Dry,Daylight
2024-03-22T17:41:00.000,I 75,I 75 and Moores Mill Rd,,Rear End,2,Rain,Wet,Daylight
2024-10-01T19:00:00.000,I 75,I 75 and Moores Mill Rd,,Not a Collision with Motor Vehicle,2,Clear,Dry,Daylight
2024-06-10T09:15:00.000,I 75,I 75 and Moores Mill Rd,,Rear End,2,Clear,Dry,Daylight
2024-11-21T18:18:00.000,I 75,I 75 and Moores Mill Rd,,Rear End,2,Clear,Dry,Dark-Not Lighted
2024-03-28T19:11:00.000,I 75,I 75 and Moores Mill Rd,,Rear End,2,Clear,Dry,Dusk
2024-07-30T12:25:00.000,I 75,I 75 and Moores Mill Rd,,Rear End,2,Cloudy,Wet,Daylight
2024-11-14T09:40:00.000,I 75,I 75 and Moores Mill Rd,,Rear End,2,Rain,Wet,Daylight
2024-08-19T10:11:00.000,I 75,I 75 and Moores Mill Rd,,Sideswipe-Same Direction,2,Clear,Dry,Daylight
2024-02-28T08:19:00.000,I 75,I 75 and Moores Mill Rd,,Rear End,2,Clear,Dry,Daylight
2024-04-11T09:12:00.000,I 75,I 75 and Moores Mill Rd,,Rear End,2,Cloudy,Wet,Daylight
2024-12-20T18:45:00.000,I 75,I 75 and Moores Mill Rd,,Rear End,2,Cloudy,Dry,Dark-Lighted
2024-08-23T10:10:00.000,I 75,I 75 and Moores Mill Raod Exit Rp,,Rear End,2,Clear,Dry,Daylight
2024-08-02T09:40:00.000,I 75,I 75 and Moores Mill,,Rear End,5,Clear,Dry,Daylight
2023-05-17T20:31:00.000,I 75,I 75 and Moorers Mill Rd,,Not a Collision with Motor Vehicle,2,Clear,Dry,Daylight
2020-03-11T02:06:00.000,I 75,I 75 and Moore Hwy,,Not a Collision with Motor Vehicle,1,Clear,Dry,Dark-Not Lighted
2020-03-11T07:45:00.000,I 75,I 75 and Moore Hwy,,Angle Crash,1,Cloudy,Dry,Daylight
2024-04-11T18:30:00.000,I 75,I 75 and Mooers Mill Rd,,Rear End,2,Rain,Wet,Daylight
2024-09-24T09:03:00.000,I 75,I 75 and Mooers Mill Rd,,Sideswipe-Same Direction,2,Clear,Dry,Daylight
2024-12-09T17:48:00.000,I 75,I 75 and Mooers Mill Rd,,Rear End,2,Rain,Wet,Dark-Lighted
2024-03-07T15:52:00.000,I 75,I 75 and Mooers Mill Rd,,Rear End,2,Clear,Dry,Daylight
2021-04-03T16:00:00.000,I 75,I 75 and Montpelier Road Opas,,Sideswipe-Same Direction,3,Clear,Dry,Daylight
2023-05-19T12:01:00.000,I 75,I 75 and Montpelier Ave,,Sideswipe-Same Direction,2,Cloudy,Dry,Daylight
2022-02-08T09:00:00.000,I 75,I 75 and Mmm252,,Rear End,2,Cloudy,Dry,Daylight
2022-10-09T12:25:00.000,I 75,I 75 and Mmm 278,,Rear End,3,Clear,Dry,Daylight
2022-03-30T18:25:00.000,I 75,I 75 and Mmile Marker 141,,Not a Collision with Motor Vehicle,1,Clear,Dry,Daylight
2021-11-05T16:07:00.000,I 75,I 75 and Mm:221-Jonesboro Rd,,Rear End,2,Clear,Dry,Daylight
2022-04-29T16:41:00.000,I 75,I 75 and Mm: 216 Mcdonough-Griffin,,Rear End,3,Clear,Dry,Daylight
2021-04-09T16:45:00.000,I 75,I 75 and Mm86 I75,,Not a Collision with Motor Vehicle,1,Cloudy,Wet,Daylight
2021-04-30T12:04:00.000,I 75,I 75 and Mm78 I75,,Rear End,2,Clear,Dry,Daylight
2021-03-06T14:58:00.000,I 75,I 75 and Mm354,,Rear End,2,Clear,Dry,Daylight
2021-01-18T13:30:00.000,I 75,I 75 and Mm354,,Rear End,3,Cloudy,Dry,Daylight
2023-04-20T16:51:00.000,I 75,I 75 and Mm354,,Rear End,3,Clear,Dry,Daylight
2023-10-16T07:33:00.000,I 75,I 75 and Mm354,,(None),2,(None),(None),(None)
2020-11-05T12:00:00.000,I 75,I 75 and Mm354,,Rear End,3,Clear,Dry,Daylight
2020-11-17T19:10:00.000,I 75,I 75 and Mm354,,Rear End,2,Clear,Dry,Dark-Not Lighted
2020-09-18T14:21:00.000,I 75,I 75 and Mm354,,Rear End,2,Cloudy,Dry,Daylight
2021-02-24T16:55:00.000,I 75,I 75 and Mm354,,Angle Crash,2,Clear,Dry,Daylight
2021-04-01T09:21:00.000,I 75,I 75 and Mm354,,Rear End,2,Clear,Dry,Daylight
2024-11-25T23:47:00.000,I 75,I 75 and Mm354,,Sideswipe-Same Direction,2,Clear,Dry,Dark-Not Lighted
2024-02-23T09:55:00.000,I 75,I 75 and Mm354,,Not a Collision with Motor Vehicle,2,Clear,Dry,Daylight
2024-09-24T15:25:00.000,I 75,I 75 and Mm354,,Sideswipe-Same Direction,2,Cloudy,Dry,Daylight
2021-02-03T08:00:00.000,I 75,I 75 and Mm3535,,Rear End,2,Clear,Dry,Daylight
2021-05-19T10:10:00.000,I 75,I 75 and Mm3535,,Rear End,2,Cloudy,Dry,Daylight
2021-06-17T14:45:00.000,I 75,I 75 and Mm353,,Rear End,2,Clear,Dry,Daylight
2021-03-17T16:17:00.000,I 75,I 75 and Mm353,,Not a Collision with Motor Vehicle,1,Rain,Wet,Daylight
2020-03-12T07:40:00.000,I 75,I 75 and Mm353,,Rear End,2,Rain,Wet,Daylight
2023-10-29T20:00:00.000,I 75,I 75 and Mm353,,Not a Collision with Motor Vehicle,1,Clear,Dry,Dark-Not Lighted
2023-10-29T20:00:00.000,I 75,I 75 and Mm353,,Not a Collision with Motor Vehicle,1,Clear,Dry,Dark-Not Lighted
2023-09-24T17:56:00.000,I 75,I 75 and Mm353,,Not a Collision with Motor Vehicle,1,Clear,Dry,Daylight
2020-02-19T21:12:00.000,I 75,I 75 and Mm353,,Sideswipe-Same Direction,2,Cloudy,Dry,Dark-Not Lighted
2020-09-18T17:59:00.000,I 75,I 75 and Mm353,,Rear End,2,Cloudy,Dry,Daylight
2020-02-12T22:10:00.000,I 75,I 75 and Mm353,,Not a Collision with Motor Vehicle,1,Rain,Wet,Dark-Not Lighted
2020-11-27T11:20:00.000,I 75,I 75 and Mm353,,Not a Collision with Motor Vehicle,2,Clear,Dry,Daylight
2021-05-09T16:30:00.000,I 75,I 75 and Mm353,,Rear End,2,Cloudy,Dry,Daylight
2022-03-29T07:35:00.000,I 75,I 75 and Mm353,,Rear End,3,Clear,Dry,Daylight
2024-12-29T00:55:00.000,I 75,I 75 and Mm353,,Not a Collision with Motor Vehicle,1,Rain,Wet,Dark-Not Lighted
2024-12-29T00:58:00.000,I 75,I 75 and Mm353,,Rear End,2,Rain,Wet,Dark-Not Lighted
2023-10-29T20:00:00.000,I 75,I 75 and Mm353,,Not a Collision with Motor Vehicle,1,Clear,Dry,Dark-Not Lighted
2023-05-17T21:02:00.000,I 75,I 75 and Mm353,,Not a Collision with Motor Vehicle,1,Cloudy,Dry,Dark-Not Lighted
2024-09-26T07:40:00.000,I 75,I 75 and Mm353,,Sideswipe-Same Direction,2,Clear,Dry,Daylight
2024-10-23T21:09:00.000,I 75,I 75 and Mm353,,Sideswipe-Same Direction,2,Clear,Dry,Dark-Not Lighted
2024-09-06T22:03:00.000,I 75,I 75 and Mm353,,Sideswipe-Same Direction,2,Clear,Dry,Dark-Not Lighted
2024-03-30T13:47:00.000,I 75,I 75 and Mm353,,Rear End,3,Clear,Dry,Daylight
2024-10-14T09:58:00.000,I 75,I 75 and Mm353,,Sideswipe-Same Direction,2,Clear,Dry,Daylight
2021-01-20T12:00:00.000,I 75,I 75 and Mm352,,Angle Crash,2,Clear,Dry,Daylight
2021-04-16T10:50:00.000,I 75,I 75 and Mm352,,Angle Crash,3,Cloudy,Dry,Daylight
2020-01-02T20:00:00.000,I 75,I 75 and Mm352,,Angle Crash,2,Rain,Wet,Dark-Not Lighted
2020-11-06T00:00:00.000,I 75,I 75 and Mm352,,Angle Crash,2,Clear,Dry,Dark-Not Lighted
2020-03-14T23:00:00.000,I 75,I 75 and Mm352,,Angle Crash,2,Rain,Wet,Dark-Not Lighted
2020-07-10T22:50:00.000,I 75,I 75 and Mm352,,Not a Collision with Motor Vehicle,1,Clear,Dry,Dark-Not Lighted
2021-01-01T09:55:00.000,I 75,I 75 and Mm352,,Not a Collision with Motor Vehicle,1,Rain,Wet,Daylight
2022-04-21T12:13:00.000,I 75,I 75 and Mm352,,Angle Crash,2,Clear,Dry,Daylight
2022-06-06T19:26:00.000,I 75,I 75 and Mm352,,Not a Collision with Motor Vehicle,1,Rain,Wet,Daylight
2022-11-27T01:37:00.000,I 75,I 75 and Mm352,,Angle Crash,2,Rain,Wet,Dark-Not Lighted
2022-12-03T07:29:00.000,I 75,I 75 and Mm352,,Not a Collision with Motor Vehicle,1,Rain,Wet,Dusk
2022-10-03T07:29:00.000,I 75,I 75 and Mm352,,Not a Collision with Motor Vehicle,1,Rain,Wet,Dusk
2024-04-01T14:25:00.000,I 75,I 75 and Mm352,,Rear End,3,Clear,Dry,Daylight
2024-11-26T01:24:00.000,I 75,I 75 and Mm352,,Not a Collision with Motor Vehicle,1,Rain,Wet,Dark-Not Lighted
2024-09-26T17:39:00.000,I 75,I 75 and Mm352,,Not a Collision with Motor Vehicle,1,Rain,Wet,Daylight
2021-01-31T15:50:00.000,I 75,I 75 and Mm351,,Not a Collision with Motor Vehicle,1,Rain,Wet,Daylight
2020-08-08T14:30:00.000,I 75,I 75 and Mm351,,Angle Crash,2,Clear,Dry,Daylight
2020-07-16T17:15:00.000,I 75,I 75 and Mm351,,Not a Collision with Motor Vehicle,3,Cloudy,Dry,Daylight
2020-02-06T12:00:00.000,I 75,I 75 and Mm351,,Angle Crash,2,Rain,Wet,Daylight
2022-04-16T23:09:00.000,I 75,I 75 and Mm351,,Not a Collision with Motor Vehicle,1,Cloudy,Dry,Dark-Not Lighted
2024-01-25T21:19:00.000,I 75,I 75 and Mm351,,Rear End,2,Clear,Dry,Dark-Not Lighted
2024-11-12T17:51:00.000,I 75,I 75 and Mm351,,Sideswipe-Same Direction,2,Clear,Dry,Dark-Not Lighted
2024-08-14T22:07:00.000,I 75,I 75 and Mm350 Exit Rp,,(None),2,(None),(None),(None)
2020-08-24T18:39:00.000,I 75,I 75 and Mm350,,Rear End,2,Cloudy,Dry,Daylight
2020-11-19T17:48:00.000,I 75,I 75 and Mm350,,Rear End,2,Clear,Dry,Dark-Not Lighted
2020-02-17T14:35:00.000,I 75,I 75 and Mm350,,Rear End,2,Clear,Dry,Daylight
2020-06-07T16:10:00.000,I 75,I 75 and Mm350,,Angle Crash,2,Cloudy,Dry,Daylight
2021-01-14T18:50:00.000,I 75,I 75 and Mm350,,Angle Crash,2,Clear,Dry,Dark-Not Lighted
2021-05-08T15:05:00.000,I 75,I 75 and Mm350,,Rear End,2,Cloudy,Dry,Daylight
2024-10-12T15:20:00.000,I 75,I 75 and Mm350,,Rear End,2,Clear,Dry,Daylight
2020-07-12T04:51:00.000,I 75,I 75 and Mm349,,Not a Collision with Motor Vehicle,3,Clear,Dry,Dark-Not Lighted
2021-01-16T08:47:00.000,I 75,I 75 and Mm348,,Sideswipe-Same Direction,2,Snow,Dry,Daylight