Date and Time,Roadway (From Crash Report),Intersection Name (from Crash Report),KABCO Severity,Manner of Collision (Crash Level) ,# of Vehicles per crash ,Weather Conditions (Crash Level),Surface Condition (Crash Level) ,Light Conditions (Crash Level)
2024-11-12T19:46:00.000,I 75,I 75 and Mm348,,Sideswipe-Same Direction,2,Clear,Dry,Dark-Not Lighted
2024-10-02T15:20:00.000,I 75,I 75 and Mm346,,Sideswipe-Same Direction,2,Clear,Dry,Daylight
2024-05-03T21:07:00.000,I 75,I 75 and Mm346,,Sideswipe-Same Direction,2,Rain,Wet,Dark-Not Lighted
2024-08-09T17:09:00.000,I 75,I 75 and Mm346,,Sideswipe-Same Direction,2,Clear,Dry,Daylight
2020-06-07T20:40:00.000,I 75,I 75 and Mm345,,Not a Collision with Motor Vehicle,2,Cloudy,Wet,Daylight
2020-04-23T08:00:00.000,I 75,I 75 and Mm345,,Angle Crash,2,Rain,Wet,Daylight
2020-07-16T18:33:00.000,I 75,I 75 and Mm345,,Sideswipe-Same Direction,2,Cloudy,Dry,Daylight
2024-04-13T08:03:00.000,I 75,I 75 and Mm345,,Sideswipe-Same Direction,2,Clear,Dry,Daylight
2023-05-12T00:39:00.000,I 75,I 75 and Mm345,,Sideswipe-Same Direction,2,Clear,Dry,Dark-Not Lighted
2024-06-13T21:59:00.000,I 75,I 75 and Mm345,,Sideswipe-Same Direction,2,Clear,Dry,Dark-Not Lighted
2024-11-12T20:26:00.000,I 75,I 75 and Mm345,,Rear End,2,Clear,Dry,Dark-Not Lighted
2024-11-24T11:20:00.000,I 75,I 75 and Mm345,,Not a Collision with Motor Vehicle,1,Clear,Dry,Daylight
2021-05-20T13:05:00.000,I 75,I 75 and Mm344,,Angle Crash,2,Cloudy,Dry,Daylight
2020-04-29T05:50:00.000,I 75,I 75 and Mm344,,Rear End,2,Cloudy,Dry,Dark-Not Lighted
2023-06-14T14:15:00.000,I 75,I 75 and Mm344,,Rear End,2,Rain,Wet,Daylight
2021-01-26T09:44:00.000,I 75,I 75 and Mm343,,Sideswipe-Same Direction,2,Clear,Dry,Daylight
2020-07-19T16:16:00.000,I 75,I 75 and Mm343,,Sideswipe-Same Direction,3,Rain,Wet,Daylight
2020-06-18T22:30:00.000,I 75,I 75 and Mm343,,Angle Crash,3,Cloudy,Dry,Dark-Not Lighted
2024-07-19T10:47:00.000,I 75,I 75 and Mm343,,Rear End,2,Clear,Dry,Daylight
2024-05-22T12:56:00.000,I 75,I 75 and Mm343,,Not a Collision with Motor Vehicle,1,Clear,Dry,Daylight
2024-11-13T15:00:00.000,I 75,I 75 and Mm343,,Sideswipe-Same Direction,2,Cloudy,Dry,Daylight
2020-09-30T00:50:00.000,I 75,I 75 and Mm342,,Not a Collision with Motor Vehicle,1,Cloudy,Dry,Dark-Not Lighted
2020-05-29T09:30:00.000,I 75,I 75 and Mm342,,Rear End,2,Clear,Dry,Daylight
2024-03-09T10:41:00.000,I 75,I 75 and Mm342,,Rear End,2,Rain,Wet,Daylight
2024-03-18T14:11:00.000,I 75,I 75 and Mm342,,Sideswipe-Same Direction,2,Clear,Dry,Daylight
2021-03-21T01:10:00.000,I 75,I 75 and Mm341,,Not a Collision with Motor Vehicle,2,Clear,Dry,Dark-Not Lighted
2023-10-25T06:24:00.000,I 75,I 75 and Mm341,,Sideswipe-Same Direction,3,Clear,Dry,Dark-Not Lighted
2024-11-11T12:33:00.000,I 75,I 75 and Mm341,,Sideswipe-Same Direction,2,Clear,Dry,Daylight
2021-01-18T02:11:00.000,I 75,I 75 and Mm340,,Not a Collision with Motor Vehicle,1,Clear,Dry,Dark-Not Lighted
2022-11-04T14:47:00.000,I 75,I 75 and Mm340,,Head On,1,Clear,Dry,Daylight
2023-09-02T17:33:00.000,I 75,I 75 and Mm340,,Not a Collision with Motor Vehicle,1,Clear,Dry,Daylight
2024-07-30T16:58:00.000,I 75,I 75 and Mm340,,Sideswipe-Same Direction,2,Clear,Dry,Daylight
2024-07-24T19:10:00.000,I 75,I 75 and Mm340,,Not a Collision with Motor Vehicle,1,Cloudy,Dry,Daylight
2021-06-09T13:44:00.000,I 75,I 75 and Mm339,,Not a Collision with Motor Vehicle,1,Cloudy,Wet,Daylight
2024-06-03T16:38:00.000,I 75,I 75 and Mm339,,Not a Collision with Motor Vehicle,3,Clear,Dry,Daylight
2021-04-01T14:31:00.000,I 75,I 75 and Mm338,,Sideswipe-Same Direction,2,Clear,Dry,Daylight
2020-06-23T19:21:00.000,I 75,I 75 and Mm338,,Sideswipe-Same Direction,2,Cloudy,Dry,Daylight
2024-09-24T19:45:00.000,I 75,I 75 and Mm338,,Not a Collision with Motor Vehicle,1,Clear,Dry,Dark-Not Lighted
2024-12-28T06:40:00.000,I 75,I 75 and Mm338,,Sideswipe-Same Direction,2,Rain,Wet,Dark-Not Lighted
2023-12-14T07:20:00.000,I 75,I 75 and Mm337,,Angle Crash,2,Clear,Dry,Daylight
2023-09-26T08:35:00.000,I 75,I 75 and Mm337,,Rear End,3,Clear,Dry,Daylight
2021-12-14T07:44:00.000,I 75,I 75 and Mm337,,Not a Collision with Motor Vehicle,1,Clear,Dry,Daylight
2023-12-15T23:28:00.000,I 75,I 75 and Mm337,,Rear End,2,Clear,Dry,Dark-Not Lighted
2021-03-12T14:09:00.000,I 75,I 75 and Mm336,,Sideswipe-Same Direction,2,Cloudy,Dry,Daylight
2021-04-15T13:00:00.000,I 75,I 75 and Mm336,,Angle Crash,2,Clear,Dry,Daylight
2021-09-28T09:13:00.000,I 75,I 75 and Mm336,,Angle Crash,3,Clear,Dry,Daylight
2024-06-10T16:11:00.000,I 75,I 75 and Mm336,,Sideswipe-Same Direction,2,Clear,Dry,Daylight
2023-11-21T15:07:00.000,I 75,I 75 and Mm335,,Rear End,2,Rain,Wet,Daylight
2024-04-20T05:11:00.000,I 75,I 75 and Mm335,,Not a Collision with Motor Vehicle,1,Clear,Dry,Dark-Not Lighted
2022-12-09T19:56:00.000,I 75,I 75 and Mm334,,Sideswipe-Same Direction,2,Cloudy,Wet,Dark-Not Lighted
2024-01-17T17:26:00.000,I 75,I 75 and Mm334,,Sideswipe-Same Direction,2,Clear,Dry,Daylight
2021-02-26T20:42:00.000,I 75,I 75 and Mm333,,Rear End,2,Rain,Wet,Dark-Not Lighted
2023-11-04T06:24:00.000,I 75,I 75 and Mm332,,Not a Collision with Motor Vehicle,1,Cloudy,Dry,Dark-Not Lighted
2022-12-04T02:15:00.000,I 75,I 75 and Mm332,,Sideswipe-Same Direction,2,Clear,Dry,Dark-Not Lighted
2020-03-25T00:40:00.000,I 75,I 75 and Mm332,,Angle Crash,2,Cloudy,Wet,Dark-Not Lighted
2024-11-30T12:25:00.000,I 75,I 75 and Mm332,,Rear End,3,Clear,Dry,Daylight
2023-01-19T06:28:00.000,I 75,I 75 and Mm331,,Angle Crash,3,Rain,Wet,Dark-Not Lighted
2020-07-10T23:37:00.000,I 75,I 75 and Mm331,,Rear End,2,Clear,Dry,Dark-Not Lighted
2020-02-25T19:10:00.000,I 75,I 75 and Mm330,,Rear End,2,Cloudy,Dry,Dark-Not Lighted
2024-01-11T23:25:00.000,I 75,I 75 and Mm330,,Not a Collision with Motor Vehicle,1,Clear,Dry,Dark-Not Lighted
2020-03-02T23:38:00.000,I 75,I 75 and Mm329,,Rear End,2,Clear,Dry,Dark-Not Lighted
2022-05-20T09:00:00.000,I 75,I 75 and Mm329,,Sideswipe-Same Direction,2,Clear,Dry,Daylight
2024-07-14T01:21:00.000,I 75,I 75 and Mm329,,Angle Crash,3,Clear,Dry,Dark-Not Lighted
2021-02-24T07:59:00.000,I 75,I 75 and Mm328,,Not a Collision with Motor Vehicle,2,Clear,Dry,Daylight
2020-03-19T18:03:00.000,I 75,I 75 and Mm328,,Rear End,2,Clear,Dry,Daylight
2020-07-30T02:46:00.000,I 75,I 75 and Mm328,,Not a Collision with Motor Vehicle,1,Clear,Dry,Dark-Not Lighted
2024-08-27T20:08:00.000,I 75,I 75 and Mm328,,Not a Collision with Motor Vehicle,1,Clear,Dry,Dark-Not Lighted
2021-01-25T14:21:00.000,I 75,I 75 and Mm327,,Not a Collision with Motor Vehicle,1,Rain,Wet,Daylight
2023-01-20T13:40:00.000,I 75,I 75 and Mm327,,Not a Collision with Motor Vehicle,1,Clear,Dry,Daylight
2020-06-26T16:43:00.000,I 75,I 75 and Mm327,,Not a Collision with Motor Vehicle,3,Cloudy,Dry,Daylight
2020-08-28T15:50:00.000,I 75,I 75 and Mm327,,Not a Collision with Motor Vehicle,1,Cloudy,Wet,Daylight
2020-02-28T02:53:00.000,I 75,I 75 and Mm327,,Rear End,2,Clear,Dry,Dark-Not Lighted
2024-01-09T03:30:00.000,I 75,I 75 and Mm327,,Sideswipe-Same Direction,2,Rain,Wet,Dark-Not Lighted
2023-12-10T08:10:00.000,I 75,I 75 and Mm327,,Rear End,2,Rain,Wet,Daylight
2024-07-14T22:24:00.000,I 75,I 75 and Mm327,,Not a Collision with Motor Vehicle,2,Clear,Dry,Dark-Not Lighted
2020-03-30T14:29:00.000,I 75,I 75 and Mm326,,Sideswipe-Same Direction,2,Cloudy,Dry,Daylight
2020-03-13T06:42:00.000,I 75,I 75 and Mm326,,Sideswipe-Same Direction,2,Rain,Wet,Dark-Not Lighted
2024-04-07T16:47:00.000,I 75,I 75 and Mm325,,Not a Collision with Motor Vehicle,2,Cloudy,Dry,Daylight
2023-10-25T08:00:00.000,I 75,I 75 and Mm325,,Sideswipe-Same Direction,2,Clear,Dry,Daylight
2020-12-30T21:25:00.000,I 75,I 75 and Mm324,,Not a Collision with Motor Vehicle,1,Cloudy,Dry,Dark-Not Lighted
2020-08-03T04:40:00.000,I 75,I 75 and Mm324,,Not a Collision with Motor Vehicle,1,Cloudy,Dry,Dark-Not Lighted
2024-09-12T20:38:00.000,I 75,I 75 and Mm324,,Sideswipe-Same Direction,2,Clear,Dry,Dark-Not Lighted
2024-05-21T17:56:00.000,I 75,I 75 and Mm324,,Sideswipe-Same Direction,2,Clear,Dry,Daylight
2020-06-17T16:35:00.000,I 75,I 75 and Mm323,,Rear End,2,Clear,Dry,Daylight
2020-07-20T15:25:00.000,I 75,I 75 and Mm323,,Not a Collision with Motor Vehicle,1,Clear,Dry,Daylight
2020-04-15T03:50:00.000,I 75,I 75 and Mm323,,Sideswipe-Same Direction,2,Cloudy,Dry,Dark-Not Lighted
2022-05-22T11:52:00.000,I 75,I 75 and Mm322,,Not a Collision with Motor Vehicle,1,Clear,Dry,Daylight
2021-01-20T13:50:00.000,I 75,I 75 and Mm319,,Rear End,2,Clear,Dry,Daylight
2020-05-22T11:48:00.000,I 75,I 75 and Mm318,,Not a Collision with Motor Vehicle,1,Rain,Wet,Daylight
2020-04-29T20:00:00.000,I 75,I 75 and Mm318,,Sideswipe-Same Direction,2,Rain,Wet,Dark-Not Lighted
2021-01-26T06:09:00.000,I 75,I 75 and Mm318,,Sideswipe-Same Direction,2,Cloudy,Wet,Dark-Not Lighted
2021-02-04T07:30:00.000,I 75,I 75 and Mm318,,Rear End,2,Clear,Dry,Daylight
2022-03-14T18:36:00.000,I 75,I 75 and Mm318,,Not a Collision with Motor Vehicle,1,Clear,Dry,Daylight
2024-12-03T04:45:00.000,I 75,I 75 and Mm318,,Not a Collision with Motor Vehicle,1,Clear,Dry,Dark-Lighted
2020-03-03T06:05:00.000,I 75,I 75 and Mm317,,Not a Collision with Motor Vehicle,3,Rain,Wet,Daylight
2022-10-10T06:58:00.000,I 75,I 75 and Mm317,,Not a Collision with Motor Vehicle,1,Clear,Dry,Dark-Not Lighted
2022-12-08T17:17:00.000,I 75,I 75 and Mm317,,Sideswipe-Same Direction,3,Clear,Dry,Daylight
2020-12-06T09:12:00.000,I 75,I 75 and Mm316,,Sideswipe-Same Direction,2,Clear,Dry,Daylight
2022-10-05T10:18:00.000,I 75,I 75 and Mm316,,Sideswipe-Same Direction,2,Clear,Dry,Daylight
2021-03-23T12:00:00.000,I 75,I 75 and Mm315,,Not a Collision with Motor Vehicle,2,Clear,Dry,Daylight
2022-08-19T14:06:00.000,I 75,I 75 and Mm315,,Sideswipe-Same Direction,3,Clear,Dry,Daylight
2021-05-24T10:20:00.000,I 75,I 75 and Mm314,,Not a Collision with Motor Vehicle,1,Clear,Dry,Daylight
2021-04-30T06:33:00.000,I 75,I 75 and Mm312,,Sideswipe-Same Direction,2,Cloudy,Dry,Dawn
2022-03-05T12:18:00.000,I 75,I 75 and Mm312,,Sideswipe-Same Direction,2,Clear,Dry,Daylight
2020-08-18T09:00:00.000,I 75,I 75 and Mm312,,Sideswipe-Same Direction,3,Clear,Dry,Daylight
2020-10-01T00:01:00.000,I 75,I 75 and Mm312,,Not a Collision with Motor Vehicle,2,Clear,Dry,Dark-Lighted
2020-10-23T16:00:00.000,I 75,I 75 and Mm311,,Sideswipe-Same Direction,3,Clear,Dry,Daylight
2022-03-29T06:25:00.000,I 75,I 75 and Mm311,,Sideswipe-Same Direction,2,Cloudy,Dry,Dark-Not Lighted
2022-11-06T10:41:00.000,I 75,I 75 and Mm311,,Sideswipe-Same Direction,2,Cloudy,Dry,Daylight
2021-03-05T08:52:00.000,I 75,I 75 and Mm310,,Sideswipe-Same Direction,2,Clear,Dry,Daylight
2021-09-22T21:13:00.000,I 75,I 75 and Mm310,,Not a Collision with Motor Vehicle,1,Clear,Dry,Dark-Not Lighted
2021-09-16T06:30:00.000,I 75,I 75 and Mm310,,Angle Crash,2,Cloudy,Wet,Dark-Not Lighted
2021-04-15T11:15:00.000,I 75,I 75 and Mm310,,Sideswipe-Same Direction,2,Clear,Dry,Daylight
2020-10-23T14:30:00.000,I 75,I 75 and Mm310,,Rear End,2,Clear,Dry,Daylight
2021-10-23T17:44:00.000,I 75,I 75 and Mm310,,Not a Collision with Motor Vehicle,3,Clear,Dry,Daylight
2020-10-23T14:45:00.000,I 75,I 75 and Mm309,,Not a Collision with Motor Vehicle,1,Clear,Dry,Daylight
2020-12-22T10:00:00.000,I 75,I 75 and Mm309,,Not a Collision with Motor Vehicle,2,Clear,Dry,Daylight
2022-09-16T23:26:00.000,I 75,I 75 and Mm309,,Rear End,3,Clear,Dry,Dark-Not Lighted
2023-09-25T04:40:00.000,I 75,I 75 and Mm308,,Rear End,2,Clear,Dry,Dark-Not Lighted
2022-05-23T11:29:00.000,I 75,I 75 and Mm308,,Sideswipe-Same Direction,2,Rain,Wet,Daylight
2022-02-11T14:21:00.000,I 75,I 75 and Mm308,,Rear End,2,Clear,Dry,Daylight
2022-07-15T13:05:00.000,I 75,I 75 and Mm308,,Angle Crash,2,Clear,Dry,Daylight
2021-05-31T05:00:00.000,I 75,I 75 and Mm307,,Not a Collision with Motor Vehicle,1,Clear,Dry,Dark-Not Lighted
2023-02-10T08:26:00.000,I 75,I 75 and Mm307,,Not a Collision with Motor Vehicle,2,Clear,Dry,Daylight
2023-02-02T19:40:00.000,I 75,I 75 and Mm307,,Sideswipe-Same Direction,2,Rain,Wet,Dark-Not Lighted
2020-11-17T17:25:00.000,I 75,I 75 and Mm307,,Sideswipe-Same Direction,3,Clear,Dry,Dawn
2020-08-08T16:10:00.000,I 75,I 75 and Mm307,,Not a Collision with Motor Vehicle,2,Cloudy,Dry,Daylight
2020-07-15T09:29:00.000,I 75,I 75 and Mm307,,Not a Collision with Motor Vehicle,2,Clear,Dry,Daylight
2022-07-14T20:36:00.000,I 75,I 75 and Mm307,,Not a Collision with Motor Vehicle,2,Clear,Dry,Dusk
2023-03-03T17:21:00.000,I 75,I 75 and Mm307,,Sideswipe-Same Direction,3,Clear,Wet,Daylight
2021-05-01T21:39:00.000,I 75,I 75 and Mm306,,Sideswipe-Same Direction,2,Clear,Dry,Dark-Not Lighted
2021-06-28T04:20:00.000,I 75,I 75 and Mm306,,Sideswipe-Same Direction,2,Clear,Dry,Dark-Not Lighted
2021-07-20T06:40:00.000,I 75,I 75 and Mm306,,Angle Crash,2,Rain,Wet,Dawn
2021-05-08T23:15:00.000,I 75,I 75 and Mm306,,Sideswipe-Same Direction,2,Clear,Dry,Dark-Not Lighted
2021-05-21T15:14:00.000,I 75,I 75 and Mm306,,Rear End,2,Clear,Dry,Daylight
2020-12-17T13:20:00.000,I 75,I 75 and Mm306,,Not a Collision with Motor Vehicle,1,Cloudy,Dry,Daylight
2023-02-24T17:25:00.000,I 75,I 75 and Mm306,,Sideswipe-Same Direction,2,Rain,Wet,Daylight
2020-03-12T15:00:00.000,I 75,I 75 and Mm306,,Sideswipe-Same Direction,1,Clear,Dry,Dark-Lighted
2020-10-28T06:38:00.000,I 75,I 75 and Mm306,,Not a Collision with Motor Vehicle,1,Rain,Wet,Dark-Not Lighted
2020-08-26T17:17:00.000,I 75,I 75 and Mm306,,Not a Collision with Motor Vehicle,1,Clear,Dry,Daylight
2020-12-17T14:19:00.000,I 75,I 75 and Mm306,,Rear End,2,Clear,Dry,Daylight
2020-08-28T15:40:00.000,I 75,I 75 and Mm306,,Angle Crash,3,Rain,Wet,Daylight
2020-09-20T00:15:00.000,I 75,I 75 and Mm306,,Not a Collision with Motor Vehicle,1,Clear,Dry,Dark-Not Lighted
2020-01-10T01:28:00.000,I 75,I 75 and Mm306,,Rear End,2,Cloudy,Dry,Dark-Not Lighted
2020-01-02T10:48:00.000,I 75,I 75 and Mm306,,Angle Crash,3,Rain,Wet,Daylight
2020-03-09T21:17:00.000,I 75,I 75 and Mm306,,Not a Collision with Motor Vehicle,1,Clear,Dry,Dark-Not Lighted
2020-09-25T20:23:00.000,I 75,I 75 and Mm306,,Sideswipe-Same Direction,1,Clear,Dry,Dark-Not Lighted
2020-12-10T10:20:00.000,I 75,I 75 and Mm306,,Sideswipe-Same Direction,2,Clear,Dry,Daylight
2021-08-16T12:25:00.000,I 75,I 75 and Mm306,,Not a Collision with Motor Vehicle,1,Cloudy,Dry,Daylight
2022-07-23T17:40:00.000,I 75,I 75 and Mm306,,Not a Collision with Motor Vehicle,1,Clear,Dry,Daylight
2022-11-02T16:15:00.000,I 75,I 75 and Mm306,,Sideswipe-Same Direction,2,Clear,Dry,Daylight
2022-04-22T07:10:00.000,I 75,I 75 and Mm306,,Sideswipe-Same Direction,2,Clear,Dry,Daylight
2022-10-19T16:35:00.000,I 75,I 75 and Mm306,,Not a Collision with Motor Vehicle,2,Clear,Dry,Daylight
2022-01-28T17:10:00.000,I 75,I 75 and Mm306,,Not a Collision with Motor Vehicle,1,Cloudy,Dry,Daylight
2022-02-27T15:00:00.000,I 75,I 75 and Mm306,,Sideswipe-Same Direction,2,Cloudy,Wet,Daylight
2022-03-12T14:25:00.000,I 75,I 75 and Mm306,,Not a Collision with Motor Vehicle,1,Clear,Dry,Daylight
2022-11-22T18:06:00.000,I 75,I 75 and Mm306,,Not a Collision with Motor Vehicle,1,Clear,Dry,Dark-Not Lighted
2022-03-10T10:10:00.000,I 75,I 75 and Mm306,,Sideswipe-Same Direction,2,Clear,Dry,Daylight
2022-04-10T17:27:00.000,I 75,I 75 and Mm306,,Not a Collision with Motor Vehicle,2,Clear,Dry,Daylight
2022-01-12T14:10:00.000,I 75,I 75 and Mm306,,Not a Collision with Motor Vehicle,3,Cloudy,Dry,Daylight
2023-08-09T07:05:00.000,I 75,I 75 and Mm306,,Rear End,4,Clear,Dry,Daylight
2023-07-12T17:15:00.000,I 75,I 75 and Mm306,,Sideswipe-Same Direction,2,Clear,Dry,Daylight
2023-09-21T19:50:00.000,I 75,I 75 and Mm306,,Sideswipe-Same Direction,2,Clear,Dry,Dark-Not Lighted
2024-02-15T08:52:00.000,I 75,I 75 and Mm306,,Rear End,2,Clear,Dry,Daylight
2024-01-10T16:05:00.000,I 75,I 75 and Mm306,,Sideswipe-Same Direction,2,Clear,Dry,Daylight
2021-03-25T13:57:00.000,I 75,I 75 and Mm305,,Sideswipe-Same Direction,2,Rain,Wet,Daylight
2021-03-27T16:00:00.000,I 75,I 75 and Mm305,,Sideswipe-Same Direction,2,Cloudy,Dry,Daylight
2021-09-28T23:13:00.000,I 75,I 75 and Mm305,,Sideswipe-Same Direction,2,Clear,Dry,Dark-Not Lighted
2021-11-05T14:25:00.000,I 75,I 75 and Mm305,,Rear End,3,Clear,Dry,Daylight
2023-11-18T14:17:00.000,I 75,I 75 and Mm305,,Not a Collision with Motor Vehicle,1,Clear,Dry,Daylight
2023-07-03T21:31:00.000,I 75,I 75 and Mm305,,Sideswipe-Same Direction,2,Clear,Dry,Dark-Not Lighted
2023-11-28T16:11:00.000,I 75,I 75 and Mm305,,Rear End,2,Clear,Dry,Daylight
2023-02-27T15:30:00.000,I 75,I 75 and Mm305,,Sideswipe-Same Direction,2,Cloudy,Dry,Daylight
2020-03-14T20:32:00.000,I 75,I 75 and Mm305,,Rear End,2,Clear,Dry,Dark-Not Lighted
2020-01-03T18:42:00.000,I 75,I 75 and Mm305,,Rear End,3,Cloudy,Wet,Dark-Not Lighted
2021-11-17T10:35:00.000,I 75,I 75 and Mm305,,Sideswipe-Same Direction,2,Cloudy,Dry,Daylight
2022-09-24T06:00:00.000,I 75,I 75 and Mm305,,Sideswipe-Same Direction,2,Clear,Dry,Dark-Not Lighted
2021-11-30T09:46:00.000,I 75,I 75 and Mm305,,Sideswipe-Same Direction,2,Clear,Dry,Daylight
2021-08-28T11:50:00.000,I 75,I 75 and Mm305,,Angle Crash,2,Clear,Dry,Daylight
2022-01-25T23:44:00.000,I 75,I 75 and Mm305,,Sideswipe-Same Direction,2,Clear,Dry,Dark-Not Lighted
2021-07-13T17:00:00.000,I 75,I 75 and Mm304,,Not a Collision with Motor Vehicle,1,Rain,Wet,Daylight
2021-06-20T08:15:00.000,I 75,I 75 and Mm304,,Not a Collision with Motor Vehicle,1,Rain,Wet,Daylight
2021-12-05T08:27:00.000,I 75,I 75 and Mm304,,Not a Collision with Motor Vehicle,1,Rain,Wet,Daylight
2021-02-24T06:28:00.000,I 75,I 75 and Mm304,,Sideswipe-Same Direction,2,Clear,Dry,Dawn
2020-11-20T00:30:00.000,I 75,I 75 and Mm304,,Rear End,2,Clear,Dry,Dark-Not Lighted
2020-11-20T00:30:00.000,I 75,I 75 and Mm304,,Not a Collision with Motor Vehicle,1,Clear,Dry,Dark-Not Lighted
2020-03-01T00:25:00.000,I 75,I 75 and Mm304,,Not a Collision with Motor Vehicle,1,Clear,Dry,Dark-Not Lighted
2020-09-18T07:12:00.000,I 75,I 75 and Mm304,,Not a Collision with Motor Vehicle,2,Clear,Dry,Dark-Not Lighted
2020-09-10T14:38:00.000,I 75,I 75 and Mm304,,Head On,2,Cloudy,Dry,Daylight
2021-06-20T08:20:00.000,I 75,I 75 and Mm304,,Sideswipe-Opposite Direction,1,Rain,Wet,Daylight
2022-10-08T17:21:00.000,I 75,I 75 and Mm304,,Not a Collision with Motor Vehicle,1,Clear,Dry,Daylight
2022-11-05T01:50:00.000,I 75,I 75 and Mm304,,Not a Collision with Motor Vehicle,1,Clear,Dry,Dark-Not Lighted
2022-10-19T15:00:00.000,I 75,I 75 and Mm304,,Sideswipe-Same Direction,2,Clear,Dry,Daylight
2021-01-22T19:25:00.000,I 75,I 75 and Mm303,,Not a Collision with Motor Vehicle,1,Clear,Dry,Dark-Not Lighted
2021-03-14T17:27:00.000,I 75,I 75 and Mm303,,Rear End,2,Clear,Dry,Daylight
2021-12-30T13:50:00.000,I 75,I 75 and Mm303,,Rear End,2,Cloudy,Wet,Daylight
2021-12-22T19:30:00.000,I 75,I 75 and Mm303,,Sideswipe-Same Direction,2,Clear,Dry,Dark-Not Lighted
2023-10-20T23:30:00.000,I 75,I 75 and Mm303,,Not a Collision with Motor Vehicle,1,Clear,Dry,Dark-Not Lighted
2023-03-25T17:07:00.000,I 75,I 75 and Mm303,,Rear End,3,Clear,Dry,Daylight
2023-10-27T17:48:00.000,I 75,I 75 and Mm303,,Sideswipe-Same Direction,2,Clear,Dry,Daylight
2020-01-03T19:25:00.000,I 75,I 75 and Mm303,,Rear End,2,Rain,Wet,Dark-Not Lighted
2020-12-11T19:37:00.000,I 75,I 75 and Mm303,,Rear End,2,Clear,Dry,Dark-Not Lighted
2021-04-14T08:50:00.000,I 75,I 75 and Mm303,,Rear End,2,Clear,Dry,Daylight
2021-07-29T14:44:00.000,I 75,I 75 and Mm303,,Rear End,3,Clear,Dry,Daylight
2022-01-31T01:03:00.000,I 75,I 75 and Mm303,,Not a Collision with Motor Vehicle,1,Clear,Dry,Dark-Not Lighted
2021-12-30T15:49:00.000,I 75,I 75 and Mm303,,Rear End,2,Cloudy,Wet,Daylight
2021-08-09T12:05:00.000,I 75,I 75 and Mm303,,Angle Crash,2,Cloudy,Dry,Daylight
2022-10-12T13:55:00.000,I 75,I 75 and Mm303,,Rear End,2,Rain,Dry,Daylight
2022-07-19T07:12:00.000,I 75,I 75 and Mm303,,Sideswipe-Same Direction,2,Cloudy,Wet,Daylight
2022-06-18T06:54:00.000,I 75,I 75 and Mm303,,Not a Collision with Motor Vehicle,1,Clear,Dry,Daylight
2022-05-17T13:43:00.000,I 75,I 75 and Mm303,,Not a Collision with Motor Vehicle,1,Clear,Dry,Daylight
2023-01-21T14:25:00.000,I 75,I 75 and Mm303,,Not a Collision with Motor Vehicle,1,Clear,Dry,Daylight
2023-04-22T00:55:00.000,I 75,I 75 and Mm303,,Not a Collision with Motor Vehicle,1,Clear,Dry,Dark-Not Lighted
2023-04-22T00:15:00.000,I 75,I 75 and Mm303,,Not a Collision with Motor Vehicle,1,Clear,Dry,Dark-Not Lighted
2021-03-25T14:29:00.000,I 75,I 75 and Mm302,,Rear End,2,Rain,Wet,Daylight
2021-06-24T22:12:00.000,I 75,I 75 and Mm302,,Sideswipe-Same Direction,2,Clear,Dry,Dark-Not Lighted
2023-06-26T12:40:00.000,I 75,I 75 and Mm302,,Rear End,2,Clear,Dry,Daylight
2023-06-12T12:00:00.000,I 75,I 75 and Mm302,,Sideswipe-Same Direction,2,Cloudy,Wet,Daylight
2023-11-13T10:09:00.000,I 75,I 75 and Mm302,,Rear End,2,Clear,Dry,Daylight
2023-11-13T09:46:00.000,I 75,I 75 and Mm302,,Sideswipe-Same Direction,2,Clear,Dry,Daylight
2020-03-20T02:31:00.000,I 75,I 75 and Mm302,,Sideswipe-Same Direction,1,Clear,Dry,Dark-Not Lighted
2020-08-21T05:03:00.000,I 75,I 75 and Mm302,,Sideswipe-Same Direction,2,Rain,Wet,Dark-Not Lighted
2020-09-09T06:30:00.000,I 75,I 75 and Mm302,,Rear End,2,Clear,Dry,Dark-Not Lighted
2020-04-25T12:38:00.000,I 75,I 75 and Mm302,,Sideswipe-Same Direction,2,Clear,Dry,Daylight
2021-09-14T20:00:00.000,I 75,I 75 and Mm302,,Sideswipe-Same Direction,2,Clear,Dry,Dusk
2021-12-04T00:15:00.000,I 75,I 75 and Mm302,,Rear End,2,Clear,Dry,Dark-Not Lighted
2021-08-11T07:10:00.000,I 75,I 75 and Mm302,,Sideswipe-Same Direction,2,Clear,Dry,Daylight
2022-06-16T16:23:00.000,I 75,I 75 and Mm302,,Not a Collision with Motor Vehicle,1,Clear,Dry,Daylight
2023-07-18T00:30:00.000,I 75,I 75 and Mm302,,Not a Collision with Motor Vehicle,1,Clear,Dry,Dark-Not Lighted
2023-12-06T14:24:00.000,I 75,I 75 and Mm302,,Rear End,2,Clear,Dry,Daylight
2023-04-27T21:04:00.000,I 75,I 75 and Mm302,,Not a Collision with Motor Vehicle,1,Clear,Wet,Dark-Not Lighted
2021-03-03T14:04:00.000,I 75,I 75 and Mm301,,Sideswipe-Same Direction,2,Clear,Dry,Daylight