Date and Time,Roadway (From Crash Report),Intersection Name (from Crash Report),KABCO Severity,Manner of Collision (Crash Level) ,# of Vehicles per crash ,Weather Conditions (Crash Level),Surface Condition (Crash Level) ,Light Conditions (Crash Level)
2021-02-19T10:52:00.000,I 75,I 75 and Mm301,,Sideswipe-Same Direction,2,Cloudy,Dry,Daylight
2021-07-02T08:59:00.000,I 75,I 75 and Mm301,,Rear End,2,Cloudy,Wet,Daylight
2021-08-03T08:45:00.000,I 75,I 75 and Mm301,,Sideswipe-Same Direction,2,Cloudy,Dry,Daylight
2021-05-21T11:40:00.000,I 75,I 75 and Mm301,,Rear End,3,Clear,Dry,Daylight
2023-08-14T22:50:00.000,I 75,I 75 and Mm301,,Rear End,2,Cloudy,Dry,Dark-Not Lighted
2022-10-13T12:57:00.000,I 75,I 75 and Mm301,,Sideswipe-Same Direction,2,Clear,Dry,Daylight
2020-10-05T15:02:00.000,I 75,I 75 and Mm301,,Not a Collision with Motor Vehicle,1,Clear,Dry,Daylight
2021-05-18T15:31:00.000,I 75,I 75 and Mm301,,Sideswipe-Same Direction,3,Clear,Dry,Daylight
2021-09-16T07:40:00.000,I 75,I 75 and Mm301,,Sideswipe-Same Direction,2,Cloudy,Wet,Daylight
2022-11-30T06:44:00.000,I 75,I 75 and Mm301,,Not a Collision with Motor Vehicle,1,Cloudy,Wet,Dark-Not Lighted
2022-10-18T05:13:00.000,I 75,I 75 and Mm301,,Not a Collision with Motor Vehicle,1,Clear,Dry,Dark-Not Lighted
2023-04-21T19:03:00.000,I 75,I 75 and Mm301,,Sideswipe-Same Direction,2,Clear,Dry,Daylight
2021-01-30T16:40:00.000,I 75,I 75 and Mm300,,Sideswipe-Same Direction,2,Clear,Dry,Daylight
2021-05-11T18:15:00.000,I 75,I 75 and Mm300,,Not a Collision with Motor Vehicle,2,Cloudy,Dry,Daylight
2021-12-02T05:25:00.000,I 75,I 75 and Mm300,,Rear End,2,Clear,Dry,Dark-Not Lighted
2020-09-18T21:26:00.000,I 75,I 75 and Mm300,,Sideswipe-Same Direction,2,Clear,Dry,Dark-Not Lighted
2020-01-07T17:35:00.000,I 75,I 75 and Mm300,,Not a Collision with Motor Vehicle,1,Clear,Dry,Daylight
2020-03-25T12:14:00.000,I 75,I 75 and Mm300,,Not a Collision with Motor Vehicle,2,Clear,Dry,Daylight
2020-09-06T09:03:00.000,I 75,I 75 and Mm300,,Rear End,2,Clear,Dry,Daylight
2020-04-27T07:50:00.000,I 75,I 75 and Mm300,,Rear End,2,Clear,Dry,Daylight
2020-03-14T16:30:00.000,I 75,I 75 and Mm300,,Not a Collision with Motor Vehicle,1,Clear,Dry,Daylight
2021-06-16T14:22:00.000,I 75,I 75 and Mm300,,Not a Collision with Motor Vehicle,2,Clear,Dry,Daylight
2021-11-27T10:25:00.000,I 75,I 75 and Mm300,,Angle Crash,2,Clear,Dry,Daylight
2022-01-11T15:15:00.000,I 75,I 75 and Mm300,,Sideswipe-Same Direction,2,Clear,Dry,Daylight
2022-08-06T17:37:00.000,I 75,I 75 and Mm300,,Sideswipe-Same Direction,2,Clear,Dry,Daylight
2022-07-31T12:04:00.000,I 75,I 75 and Mm300,,Sideswipe-Same Direction,2,Clear,Dry,Daylight
2022-11-04T17:54:00.000,I 75,I 75 and Mm300,,Not a Collision with Motor Vehicle,2,Clear,Dry,Daylight
2022-10-26T02:18:00.000,I 75,I 75 and Mm300,,Sideswipe-Same Direction,2,Clear,Dry,Dark-Not Lighted
2023-10-21T01:00:00.000,I 75,I 75 and Mm300,,Sideswipe-Same Direction,2,Clear,Dry,Dark-Not Lighted
2024-01-15T08:10:00.000,I 75,I 75 and Mm300,,Sideswipe-Same Direction,2,Cloudy,Dry,Daylight
2021-06-18T07:09:00.000,I 75,I 75 and Mm299,,Rear End,2,Clear,Dry,Daylight
2021-05-06T05:53:00.000,I 75,I 75 and Mm299,,Sideswipe-Same Direction,2,Clear,Dry,Dark-Not Lighted
2021-07-21T05:30:00.000,I 75,I 75 and Mm299,,Not a Collision with Motor Vehicle,1,Rain,Wet,Dark-Not Lighted
2023-03-12T10:10:00.000,I 75,I 75 and Mm299,,Not a Collision with Motor Vehicle,1,Rain,Wet,Daylight
2021-11-03T22:29:00.000,I 75,I 75 and Mm299,,Sideswipe-Same Direction,2,Rain,Wet,Dark-Not Lighted
2020-12-08T08:07:00.000,I 75,I 75 and Mm299,,Sideswipe-Same Direction,2,Clear,Dry,Daylight
2020-09-05T13:45:00.000,I 75,I 75 and Mm299,,Not a Collision with Motor Vehicle,1,Clear,Dry,Daylight
2020-08-02T23:20:00.000,I 75,I 75 and Mm299,,Not a Collision with Motor Vehicle,1,Cloudy,Dry,Dark-Not Lighted
2020-10-24T23:30:00.000,I 75,I 75 and Mm299,,Rear End,2,Rain,Wet,Dark-Not Lighted
2020-12-03T16:04:00.000,I 75,I 75 and Mm299,,Rear End,3,Cloudy,Dry,Daylight
2020-11-19T02:30:00.000,I 75,I 75 and Mm299,,Rear End,2,Clear,Dry,Dark-Not Lighted
2020-09-09T05:35:00.000,I 75,I 75 and Mm299,,Rear End,2,Clear,Dry,Dark-Not Lighted
2021-04-28T12:59:00.000,I 75,I 75 and Mm299,,Sideswipe-Same Direction,2,Clear,Dry,Daylight
2021-07-21T07:17:00.000,I 75,I 75 and Mm299,,Not a Collision with Motor Vehicle,1,Rain,Wet,Daylight
2021-09-23T15:38:00.000,I 75,I 75 and Mm299,,Not a Collision with Motor Vehicle,1,Clear,Dry,Daylight
2022-10-13T04:50:00.000,I 75,I 75 and Mm299,,Rear End,2,Rain,Wet,Dark-Not Lighted
2021-07-17T12:47:00.000,I 75,I 75 and Mm299,,Sideswipe-Same Direction,2,Clear,Dry,Daylight
2021-07-11T11:40:00.000,I 75,I 75 and Mm299,,Rear End,2,Cloudy,Wet,Daylight
2024-01-09T05:52:00.000,I 75,I 75 and Mm299,,Not a Collision with Motor Vehicle,1,Rain,Wet,Dark-Not Lighted
2024-01-28T03:18:00.000,I 75,I 75 and Mm299,,Rear End,2,Clear,Dry,Dark-Not Lighted
2023-08-10T08:25:00.000,I 75,I 75 and Mm299,,Rear End,2,Rain,Wet,Daylight
2023-05-08T04:40:00.000,I 75,I 75 and Mm299,,Not a Collision with Motor Vehicle,1,Rain,Wet,Dark-Not Lighted
2023-11-25T22:21:00.000,I 75,I 75 and Mm299,,Sideswipe-Same Direction,2,Clear,Dry,Dark-Not Lighted
2021-05-23T15:53:00.000,I 75,I 75 and Mm298,,Rear End,2,Clear,Dry,Daylight
2021-01-26T06:05:00.000,I 75,I 75 and Mm298,,Not a Collision with Motor Vehicle,1,Rain,Wet,Dark-Not Lighted
2021-12-03T18:30:00.000,I 75,I 75 and Mm298,,Sideswipe-Same Direction,2,Clear,Dry,Dark-Not Lighted
2021-08-28T10:37:00.000,I 75,I 75 and Mm298,,Angle Crash,2,Clear,Dry,Daylight
2023-12-03T05:31:00.000,I 75,I 75 and Mm298,,Sideswipe-Same Direction,2,Cloudy,Wet,Dark-Not Lighted
2020-12-17T18:16:00.000,I 75,I 75 and Mm298,,Rear End,2,Clear,Dry,Dark-Not Lighted
2022-01-08T09:01:00.000,I 75,I 75 and Mm298,,Rear End,2,Clear,Dry,Daylight
2021-08-31T18:18:00.000,I 75,I 75 and Mm298,,Not a Collision with Motor Vehicle,1,Rain,Wet,Daylight
2022-10-13T19:20:00.000,I 75,I 75 and Mm298,,Sideswipe-Same Direction,2,Clear,Dry,Daylight
2022-08-06T13:55:00.000,I 75,I 75 and Mm298,,Sideswipe-Same Direction,2,Clear,Dry,Daylight
2022-05-20T15:31:00.000,I 75,I 75 and Mm298,,Rear End,2,Clear,Dry,Daylight
2022-04-03T22:31:00.000,I 75,I 75 and Mm298,,Not a Collision with Motor Vehicle,1,Cloudy,Dry,Dark-Not Lighted
2022-03-27T06:00:00.000,I 75,I 75 and Mm298,,Sideswipe-Same Direction,2,Clear,Dry,Dark-Not Lighted
2022-01-14T07:50:00.000,I 75,I 75 and Mm298,,Not a Collision with Motor Vehicle,1,Clear,Dry,Daylight
2023-01-26T11:00:00.000,I 75,I 75 and Mm298,,Rear End,2,Clear,Dry,Daylight
2023-10-05T01:02:00.000,I 75,I 75 and Mm298,,Rear End,2,Clear,Dry,Dark-Not Lighted
2023-12-31T09:59:00.000,I 75,I 75 and Mm298,,Not a Collision with Motor Vehicle,1,Clear,Dry,Daylight
2021-07-22T16:25:00.000,I 75,I 75 and Mm297,,Sideswipe-Same Direction,2,Clear,Dry,Daylight
2021-12-07T02:27:00.000,I 75,I 75 and Mm297,,Not a Collision with Motor Vehicle,1,Clear,Dry,Dark-Not Lighted
2021-03-29T19:19:00.000,I 75,I 75 and Mm297,,Sideswipe-Same Direction,2,Clear,Dry,Daylight
2023-11-25T22:52:00.000,I 75,I 75 and Mm297,,Not a Collision with Motor Vehicle,2,Clear,Dry,Dark-Not Lighted
2023-11-17T02:20:00.000,I 75,I 75 and Mm297,,Not a Collision with Motor Vehicle,1,Clear,Dry,Dark-Not Lighted
2020-10-11T07:26:00.000,I 75,I 75 and Mm297,,Not a Collision with Motor Vehicle,1,Rain,Wet,Dark-Not Lighted
2021-10-08T21:06:00.000,I 75,I 75 and Mm297,,Sideswipe-Same Direction,2,Cloudy,Dry,Dark-Not Lighted
2022-06-30T09:05:00.000,I 75,I 75 and Mm297,,Sideswipe-Same Direction,2,Clear,Dry,Daylight
2022-05-19T07:44:00.000,I 75,I 75 and Mm297,,Not a Collision with Motor Vehicle,2,Clear,Dry,Daylight
2022-07-06T05:56:00.000,I 75,I 75 and Mm297,,Rear End,4,Clear,Wet,Dusk
2023-02-10T04:01:00.000,I 75,I 75 and Mm297,,Not a Collision with Motor Vehicle,3,Clear,Dry,Dark-Not Lighted
2023-04-17T18:18:00.000,I 75,I 75 and Mm297,,Rear End,2,Clear,Dry,Daylight
2023-12-05T01:49:00.000,I 75,I 75 and Mm296 Exit Rp,,Not a Collision with Motor Vehicle,1,Clear,Dry,Dark-Not Lighted
2021-01-05T13:04:00.000,I 75,I 75 and Mm296,,Sideswipe-Same Direction,2,Cloudy,Dry,Daylight
2021-06-05T21:39:00.000,I 75,I 75 and Mm296,,Angle Crash,2,Cloudy,Wet,Dark-Lighted
2021-04-10T11:15:00.000,I 75,I 75 and Mm296,,Sideswipe-Same Direction,2,Rain,Wet,Daylight
2021-05-21T14:30:00.000,I 75,I 75 and Mm296,,Rear End,2,Clear,Dry,Daylight
2021-01-05T19:46:00.000,I 75,I 75 and Mm296,,Sideswipe-Same Direction,2,Clear,Dry,Dark-Not Lighted
2021-11-29T17:06:00.000,I 75,I 75 and Mm296,,Sideswipe-Same Direction,2,Clear,Dry,Daylight
2023-06-29T05:22:00.000,I 75,I 75 and Mm296,,Sideswipe-Same Direction,2,Clear,Dry,Dark-Not Lighted
2023-12-01T18:16:00.000,I 75,I 75 and Mm296,,Sideswipe-Same Direction,2,Cloudy,Wet,Daylight
2023-03-03T21:05:00.000,I 75,I 75 and Mm296,,Rear End,2,Clear,Wet,Dark-Not Lighted
2023-08-05T00:11:00.000,I 75,I 75 and Mm296,,Rear End,2,Clear,Dry,Dark-Not Lighted
2023-07-17T22:40:00.000,I 75,I 75 and Mm296,,Sideswipe-Same Direction,2,Clear,Dry,Dark-Not Lighted
2023-12-09T10:40:00.000,I 75,I 75 and Mm296,,Angle Crash,2,Cloudy,Wet,Daylight
2023-10-26T09:52:00.000,I 75,I 75 and Mm296,,Sideswipe-Same Direction,2,Clear,Dry,Daylight
2022-04-09T10:14:00.000,I 75,I 75 and Mm296,,Not a Collision with Motor Vehicle,1,Cloudy,Dry,Daylight
2020-12-30T00:00:00.000,I 75,I 75 and Mm296,,Not a Collision with Motor Vehicle,1,Cloudy,Dry,Dark-Not Lighted
2020-03-16T14:00:00.000,I 75,I 75 and Mm296,,Sideswipe-Same Direction,1,Clear,Dry,Daylight
2021-12-13T19:11:00.000,I 75,I 75 and Mm296,,Not a Collision with Motor Vehicle,1,Clear,Dry,Dark-Not Lighted
2021-12-26T10:35:00.000,I 75,I 75 and Mm296,,Sideswipe-Same Direction,2,Clear,Dry,Daylight
2021-10-03T06:30:00.000,I 75,I 75 and Mm296,,Not a Collision with Motor Vehicle,1,Clear,Dry,Dark-Not Lighted
2021-11-05T16:40:00.000,I 75,I 75 and Mm296,,Rear End,2,Cloudy,Dry,Daylight
2021-12-05T12:54:00.000,I 75,I 75 and Mm296,,Rear End,2,Cloudy,Dry,Daylight
2021-09-30T11:35:00.000,I 75,I 75 and Mm296,,Not a Collision with Motor Vehicle,2,Clear,Dry,Daylight
2021-09-17T00:34:00.000,I 75,I 75 and Mm296,,Sideswipe-Same Direction,2,Clear,Dry,Dark-Not Lighted
2022-01-08T17:40:00.000,I 75,I 75 and Mm296,,Sideswipe-Same Direction,2,Clear,Dry,Daylight
2022-08-08T21:35:00.000,I 75,I 75 and Mm296,,Rear End,2,Clear,Dry,Dark-Not Lighted
2022-04-29T14:50:00.000,I 75,I 75 and Mm296,,Sideswipe-Same Direction,2,Clear,Dry,Daylight
2022-03-10T23:32:00.000,I 75,I 75 and Mm296,,Rear End,2,Cloudy,Dry,Dark-Not Lighted
2021-12-07T07:30:00.000,I 75,I 75 and Mm296,,Sideswipe-Same Direction,3,Clear,Dry,Daylight
2022-10-20T15:42:00.000,I 75,I 75 and Mm296,,Rear End,3,Clear,Dry,Daylight
2022-02-02T06:54:00.000,I 75,I 75 and Mm296,,Sideswipe-Same Direction,2,Clear,Dry,Dawn
2022-07-06T06:15:00.000,I 75,I 75 and Mm296,,Rear End,3,Clear,Dry,Dawn
2022-02-28T15:25:00.000,I 75,I 75 and Mm296,,Rear End,2,Clear,Dry,Daylight
2023-09-19T19:30:00.000,I 75,I 75 and Mm296,,Sideswipe-Same Direction,2,Clear,Dry,Daylight
2023-12-08T19:07:00.000,I 75,I 75 and Mm296,,Sideswipe-Same Direction,3,Clear,Dry,Dark-Not Lighted
2021-09-16T03:00:00.000,I 75,I 75 and Mm295,,Not a Collision with Motor Vehicle,1,Rain,Wet,Dark-Not Lighted
2021-05-09T14:09:00.000,I 75,I 75 and Mm295,,Not a Collision with Motor Vehicle,1,Clear,Dry,Daylight
2021-07-23T23:11:00.000,I 75,I 75 and Mm295,,Angle Crash,2,Clear,Dry,Dark-Not Lighted
2021-10-09T12:02:00.000,I 75,I 75 and Mm295,,Sideswipe-Same Direction,2,Clear,Dry,Daylight
2021-06-13T18:26:00.000,I 75,I 75 and Mm295,,Rear End,2,Clear,Dry,Daylight
2021-07-05T15:57:00.000,I 75,I 75 and Mm295,,Sideswipe-Same Direction,2,Clear,Dry,Daylight
2023-06-05T03:43:00.000,I 75,I 75 and Mm295,,Not a Collision with Motor Vehicle,1,Clear,Dry,Dark-Not Lighted
2022-03-09T17:07:00.000,I 75,I 75 and Mm295,,Sideswipe-Same Direction,2,Cloudy,Dry,Daylight
2020-09-29T22:58:00.000,I 75,I 75 and Mm295,,Sideswipe-Same Direction,2,Clear,Dry,Dark-Not Lighted
2020-11-25T14:34:00.000,I 75,I 75 and Mm295,,Not a Collision with Motor Vehicle,2,Cloudy,Wet,Daylight
2020-08-09T21:33:00.000,I 75,I 75 and Mm295,,Sideswipe-Same Direction,1,Cloudy,Dry,Dark-Not Lighted
2020-08-19T10:00:00.000,I 75,I 75 and Mm295,,Sideswipe-Same Direction,2,Clear,Dry,Daylight
2020-10-23T14:05:00.000,I 75,I 75 and Mm295,,Sideswipe-Same Direction,2,Clear,Dry,Daylight
2020-02-23T15:45:00.000,I 75,I 75 and Mm295,,Sideswipe-Same Direction,2,Cloudy,Dry,Daylight
2021-10-19T06:47:00.000,I 75,I 75 and Mm295,,Not a Collision with Motor Vehicle,1,Clear,Dry,Daylight
2022-03-25T16:47:00.000,I 75,I 75 and Mm295,,Sideswipe-Same Direction,2,Cloudy,Dry,Daylight
2022-07-12T23:27:00.000,I 75,I 75 and Mm295,,Sideswipe-Same Direction,2,Clear,Dry,Dark-Lighted
2022-05-12T16:41:00.000,I 75,I 75 and Mm295,,Rear End,2,Clear,Dry,Daylight
2023-11-13T11:36:00.000,I 75,I 75 and Mm295,,Sideswipe-Same Direction,2,Clear,Dry,Daylight
2023-09-18T04:20:00.000,I 75,I 75 and Mm295,,Angle Crash,2,Clear,Dry,Dark-Not Lighted
2021-04-28T04:40:00.000,I 75,I 75 and Mm294,,Not a Collision with Motor Vehicle,1,Clear,Dry,Dark-Not Lighted
2021-05-24T14:47:00.000,I 75,I 75 and Mm294,,Sideswipe-Same Direction,2,Clear,Dry,Daylight
2021-05-13T15:30:00.000,I 75,I 75 and Mm294,,Sideswipe-Same Direction,2,Clear,Dry,Daylight
2021-08-08T11:44:00.000,I 75,I 75 and Mm294,,Not a Collision with Motor Vehicle,1,Clear,Dry,Daylight
2021-12-07T11:18:00.000,I 75,I 75 and Mm294,,Not a Collision with Motor Vehicle,2,Cloudy,Dry,Daylight
2021-01-07T19:34:00.000,I 75,I 75 and Mm294,,Angle Crash,2,Rain,Wet,Dark-Not Lighted
2021-07-12T11:15:00.000,I 75,I 75 and Mm294,,Sideswipe-Same Direction,2,Clear,Dry,Daylight
2021-11-06T11:54:00.000,I 75,I 75 and Mm294,,Sideswipe-Same Direction,2,Clear,Dry,Daylight
2023-12-16T19:59:00.000,I 75,I 75 and Mm294,,Sideswipe-Same Direction,2,Cloudy,Wet,Dark-Not Lighted
2020-01-08T02:19:00.000,I 75,I 75 and Mm294,,Sideswipe-Same Direction,1,Clear,Dry,Dark-Not Lighted
2020-07-11T22:17:00.000,I 75,I 75 and Mm294,,Angle Crash,2,Clear,Dry,Dark-Not Lighted
2020-02-09T08:14:00.000,I 75,I 75 and Mm294,,Not a Collision with Motor Vehicle,1,Clear,Dry,Daylight
2021-04-24T11:57:00.000,I 75,I 75 and Mm294,,Not a Collision with Motor Vehicle,1,Rain,Wet,Daylight
2021-12-07T12:07:00.000,I 75,I 75 and Mm294,,Not a Collision with Motor Vehicle,1,Cloudy,Dry,Daylight
2022-10-16T01:56:00.000,I 75,I 75 and Mm294,,Sideswipe-Same Direction,2,Clear,Dry,Dark-Lighted
2022-06-19T22:03:00.000,I 75,I 75 and Mm294,,Not a Collision with Motor Vehicle,1,Clear,Dry,Dark-Not Lighted
2021-07-29T21:25:00.000,I 75,I 75 and Mm294,,Sideswipe-Same Direction,2,Clear,Dry,Dark-Not Lighted
2022-11-29T00:10:00.000,I 75,I 75 and Mm294,,Not a Collision with Motor Vehicle,1,Clear,Dry,Daylight
2022-08-13T08:35:00.000,I 75,I 75 and Mm294,,Sideswipe-Same Direction,2,Clear,Dry,Daylight
2023-02-19T17:05:00.000,I 75,I 75 and Mm294,,Not a Collision with Motor Vehicle,1,Clear,Dry,Daylight
2023-10-21T01:55:00.000,I 75,I 75 and Mm294,,Sideswipe-Same Direction,2,Clear,Dry,Dark-Not Lighted
2023-07-17T23:00:00.000,I 75,I 75 and Mm294,,Sideswipe-Same Direction,2,Clear,Dry,Dark-Not Lighted
2024-01-09T05:05:00.000,I 75,I 75 and Mm294,,Not a Collision with Motor Vehicle,1,Rain,Wet,Dark-Not Lighted
2021-03-12T00:36:00.000,I 75,I 75 and Mm293,,Sideswipe-Same Direction,2,Clear,Dry,Dark-Not Lighted
2021-11-17T19:09:00.000,I 75,I 75 and Mm293,,Rear End,2,Clear,Dry,Dark-Not Lighted
2021-05-06T22:54:00.000,I 75,I 75 and Mm293,,Sideswipe-Same Direction,2,Clear,Dry,Dark-Not Lighted
2021-02-13T11:57:00.000,I 75,I 75 and Mm293,,Not a Collision with Motor Vehicle,1,Cloudy,Wet,Daylight
2020-08-28T16:48:00.000,I 75,I 75 and Mm293,,Angle Crash,2,Rain,Wet,Daylight
2020-11-12T13:41:00.000,I 75,I 75 and Mm293,,Sideswipe-Same Direction,3,Clear,Dry,Daylight
2023-01-22T08:20:00.000,I 75,I 75 and Mm293,,Not a Collision with Motor Vehicle,1,Cloudy,Wet,Dark-Not Lighted
2023-09-02T11:49:00.000,I 75,I 75 and Mm293,,Not a Collision with Motor Vehicle,2,Clear,Dry,Daylight
2020-09-04T08:15:00.000,I 75,I 75 and Mm293,,Sideswipe-Same Direction,2,Clear,Dry,Daylight
2020-10-11T08:03:00.000,I 75,I 75 and Mm293,,Not a Collision with Motor Vehicle,1,Rain,Wet,Daylight
2020-08-19T16:06:00.000,I 75,I 75 and Mm293,,Not a Collision with Motor Vehicle,1,Rain,Wet,Daylight
2020-02-25T21:23:00.000,I 75,I 75 and Mm293,,Sideswipe-Same Direction,2,Clear,Dry,Dark-Not Lighted
2020-02-23T15:21:00.000,I 75,I 75 and Mm293,,Rear End,2,Cloudy,Dry,Daylight
2020-08-28T18:00:00.000,I 75,I 75 and Mm293,,Sideswipe-Same Direction,1,Rain,Wet,Daylight
2020-02-25T21:22:00.000,I 75,I 75 and Mm293,,Not a Collision with Motor Vehicle,2,Clear,Dry,Dark-Not Lighted
2020-11-25T20:35:00.000,I 75,I 75 and Mm293,,Not a Collision with Motor Vehicle,1,Clear,Wet,Dark-Not Lighted
2020-03-24T06:20:00.000,I 75,I 75 and Mm293,,Angle Crash,2,Cloudy,Wet,Dark-Not Lighted
2020-11-10T05:16:00.000,I 75,I 75 and Mm293,,Not a Collision with Motor Vehicle,1,Clear,Dry,Dark-Not Lighted
2020-12-04T08:13:00.000,I 75,I 75 and Mm293,,Angle Crash,2,Rain,Wet,Daylight
2021-05-24T22:35:00.000,I 75,I 75 and Mm293,,Sideswipe-Same Direction,2,Clear,Dry,Dark-Not Lighted
2021-10-25T02:19:00.000,I 75,I 75 and Mm293,,Rear End,1,Clear,Dry,Dark-Not Lighted
2021-07-28T14:56:00.000,I 75,I 75 and Mm293,,Sideswipe-Same Direction,2,Clear,Dry,Daylight
2022-09-05T16:55:00.000,I 75,I 75 and Mm293,,Sideswipe-Same Direction,2,Cloudy,Wet,Daylight
2022-04-27T17:25:00.000,I 75,I 75 and Mm293,,Sideswipe-Same Direction,2,Clear,Dry,Daylight
2022-07-29T04:35:00.000,I 75,I 75 and Mm293,,Sideswipe-Same Direction,2,Cloudy,Dry,Dark-Not Lighted
2022-12-23T00:22:00.000,I 75,I 75 and Mm293,,Not a Collision with Motor Vehicle,1,Rain,Wet,Dark-Not Lighted
2021-11-13T06:08:00.000,I 75,I 75 and Mm293,,Sideswipe-Same Direction,2,Clear,Dry,Dark-Not Lighted
2021-12-05T12:45:00.000,I 75,I 75 and Mm293,,Not a Collision with Motor Vehicle,1,Rain,Wet,Daylight
2022-12-12T10:54:00.000,I 75,I 75 and Mm293,,Not a Collision with Motor Vehicle,1,Clear,Dry,Daylight
2022-08-06T00:20:00.000,I 75,I 75 and Mm293,,Sideswipe-Same Direction,2,Clear,Dry,Daylight
2022-09-28T16:35:00.000,I 75,I 75 and Mm293,,Sideswipe-Same Direction,2,Clear,Dry,Daylight
2022-06-30T12:00:00.000,I 75,I 75 and Mm293,,Rear End,5,Cloudy,Dry,Daylight
2023-11-12T06:35:00.000,I 75,I 75 and Mm293,,Sideswipe-Same Direction,2,Clear,Dry,Daylight
2023-03-04T16:40:00.000,I 75,I 75 and Mm293,,Not a Collision with Motor Vehicle,1,Clear,Dry,Daylight
2021-05-22T05:40:00.000,I 75,I 75 and Mm292,,Angle Crash,2,Clear,Dry,Dawn
2021-10-24T01:29:00.000,I 75,I 75 and Mm292,,Not a Collision with Motor Vehicle,1,Clear,Dry,Dark-Not Lighted
2021-02-25T21:15:00.000,I 75,I 75 and Mm292,,Not a Collision with Motor Vehicle,1,Clear,Dry,Dark-Not Lighted
2021-02-11T05:40:00.000,I 75,I 75 and Mm292,,Sideswipe-Same Direction,2,Clear,Dry,Dark-Not Lighted
2021-09-08T19:01:00.000,I 75,I 75 and Mm292,,Not a Collision with Motor Vehicle,2,Cloudy,Dry,Daylight
2023-02-19T07:09:00.000,I 75,I 75 and Mm292,,Rear End,3,Cloudy,Dry,Dawn
2023-10-12T10:54:00.000,I 75,I 75 and Mm292,,Not a Collision with Motor Vehicle,2,Cloudy,Dry,Daylight
2022-09-12T08:45:00.000,I 75,I 75 and Mm292,,Rear End,2,Cloudy,Wet,Daylight
2020-12-09T15:47:00.000,I 75,I 75 and Mm292,,Rear End,2,Clear,Dry,Daylight
2020-01-03T19:54:00.000,I 75,I 75 and Mm292,,Sideswipe-Same Direction,2,Cloudy,Wet,Dark-Not Lighted
2020-11-30T12:15:00.000,I 75,I 75 and Mm292,,Sideswipe-Same Direction,2,Cloudy,Dry,Daylight
2021-05-17T04:28:00.000,I 75,I 75 and Mm292,,Angle Crash,2,Clear,Dry,Dark-Not Lighted
2022-12-22T07:05:00.000,I 75,I 75 and Mm292,,Sideswipe-Same Direction,2,Clear,Dry,Daylight
2022-07-07T06:37:00.000,I 75,I 75 and Mm292,,Rear End,2,Clear,Dry,Daylight
2023-11-15T21:25:00.000,I 75,I 75 and Mm292,,Not a Collision with Motor Vehicle,1,Clear,Dry,Dark-Not Lighted
2023-10-22T00:20:00.000,I 75,I 75 and Mm292,,Not a Collision with Motor Vehicle,1,Clear,Dry,Dark-Not Lighted
2023-04-28T09:49:00.000,I 75,I 75 and Mm292,,Not a Collision with Motor Vehicle,1,Cloudy,Dry,Daylight
2021-12-15T00:16:00.000,I 75,I 75 and Mm291,,Sideswipe-Same Direction,2,Clear,Dry,Dark-Not Lighted
2023-01-09T18:43:00.000,I 75,I 75 and Mm291,,Sideswipe-Same Direction,2,Clear,Dry,Dark-Not Lighted
2023-07-16T22:40:00.000,I 75,I 75 and Mm291,,Not a Collision with Motor Vehicle,1,Clear,Dry,Dark-Not Lighted
2020-08-26T10:40:00.000,I 75,I 75 and Mm291,,Sideswipe-Same Direction,2,Cloudy,Dry,Daylight
2020-08-13T02:15:00.000,I 75,I 75 and Mm291,,Sideswipe-Same Direction,2,Clear,Dry,Dark-Not Lighted
2020-11-28T19:05:00.000,I 75,I 75 and Mm291,,Not a Collision with Motor Vehicle,1,Cloudy,Dry,Dark-Not Lighted
2020-09-04T09:33:00.000,I 75,I 75 and Mm291,,Sideswipe-Same Direction,2,Clear,Dry,Daylight
2020-10-02T09:07:00.000,I 75,I 75 and Mm291,,Not a Collision with Motor Vehicle,1,Clear,Dry,Daylight
2021-05-25T00:00:00.000,I 75,I 75 and Mm291,,Not a Collision with Motor Vehicle,1,Clear,Dry,Dark-Not Lighted
2021-02-14T22:03:00.000,I 75,I 75 and Mm291,,Sideswipe-Same Direction,2,Fog,Wet,Dark-Not Lighted
2021-08-11T02:10:00.000,I 75,I 75 and Mm291,,Rear End,2,Clear,Dry,Dark-Not Lighted
2021-09-25T06:22:00.000,I 75,I 75 and Mm291,,Sideswipe-Same Direction,2,Clear,Dry,Dark-Not Lighted
2021-08-10T11:58:00.000,I 75,I 75 and Mm291,,Sideswipe-Same Direction,2,Cloudy,Dry,Daylight
2021-07-30T18:58:00.000,I 75,I 75 and Mm291,,Sideswipe-Same Direction,2,Rain,Wet,Daylight
2022-05-20T21:08:00.000,I 75,I 75 and Mm291,,Not a Collision with Motor Vehicle,1,Clear,Dry,Dark-Not Lighted
2022-11-29T05:00:00.000,I 75,I 75 and Mm291,,Not a Collision with Motor Vehicle,1,Clear,Dry,Dark-Not Lighted
2022-06-02T17:30:00.000,I 75,I 75 and Mm291,,Not a Collision with Motor Vehicle,3,Cloudy,Dry,Daylight
2022-12-06T21:00:00.000,I 75,I 75 and Mm291,,Sideswipe-Same Direction,2,Clear,Dry,Dark-Not Lighted