Date and Time,Roadway (From Crash Report),Intersection Name (from Crash Report),KABCO Severity,Manner of Collision (Crash Level) ,# of Vehicles per crash ,Weather Conditions (Crash Level),Surface Condition (Crash Level) ,Light Conditions (Crash Level)
2023-01-23T19:10:00.000,I 75,I 75 and Mm291,,Sideswipe-Same Direction,2,Clear,Dry,Dark-Not Lighted
2023-10-15T02:24:00.000,I 75,I 75 and Mm291,,Sideswipe-Same Direction,2,Clear,Dry,Dark-Not Lighted
2023-12-03T17:30:00.000,I 75,I 75 and Mm291,,Sideswipe-Same Direction,2,Clear,Dry,Daylight
2020-07-04T17:50:00.000,I 75,I 75 and Mm290 Exit Rp,,Not a Collision with Motor Vehicle,1,Clear,Dry,Daylight
2021-01-15T06:12:00.000,I 75,I 75 and Mm290 Entrance Rp,,Not a Collision with Motor Vehicle,1,Cloudy,Wet,Dark-Not Lighted
2022-03-08T05:21:00.000,I 75,I 75 and Mm290 Entrance Rp,,Rear End,2,Clear,Dry,Dark-Not Lighted
2021-06-18T11:52:00.000,I 75,I 75 and Mm290,,Rear End,4,Clear,Dry,Daylight
2021-10-03T23:45:00.000,I 75,I 75 and Mm290,,Not a Collision with Motor Vehicle,1,Cloudy,Wet,Dark-Not Lighted
2021-05-08T06:08:00.000,I 75,I 75 and Mm290,,Sideswipe-Same Direction,2,Clear,Dry,Daylight
2021-07-21T22:51:00.000,I 75,I 75 and Mm290,,Sideswipe-Same Direction,2,Clear,Dry,Dark-Not Lighted
2020-08-10T14:37:00.000,I 75,I 75 and Mm290,,Not a Collision with Motor Vehicle,1,Rain,Wet,Daylight
2020-05-14T14:44:00.000,I 75,I 75 and Mm290,,Sideswipe-Same Direction,1,Clear,Dry,Daylight
2023-07-14T18:43:00.000,I 75,I 75 and Mm290,,Rear End,4,Cloudy,Dry,Daylight
2023-01-30T23:54:00.000,I 75,I 75 and Mm290,,Sideswipe-Same Direction,2,Fog,Wet,Dark-Not Lighted
2023-02-02T07:09:00.000,I 75,I 75 and Mm290,,Sideswipe-Same Direction,2,Rain,Wet,Dark-Not Lighted
2020-03-02T13:48:00.000,I 75,I 75 and Mm290,,Not a Collision with Motor Vehicle,1,Rain,Wet,Daylight
2020-08-27T21:02:00.000,I 75,I 75 and Mm290,,Sideswipe-Same Direction,2,Clear,Dry,Dark-Not Lighted
2020-11-24T10:30:00.000,I 75,I 75 and Mm290,,Sideswipe-Same Direction,2,Clear,Dry,Daylight
2020-11-16T07:17:00.000,I 75,I 75 and Mm290,,Not a Collision with Motor Vehicle,2,Clear,Dry,Daylight
2020-05-12T02:50:00.000,I 75,I 75 and Mm290,,Sideswipe-Same Direction,2,Clear,Dry,Dark-Not Lighted
2020-05-19T19:55:00.000,I 75,I 75 and Mm290,,Sideswipe-Same Direction,2,Clear,Dry,Daylight
2020-12-17T17:12:00.000,I 75,I 75 and Mm290,,Sideswipe-Same Direction,2,Clear,Dry,Daylight
2020-03-05T17:31:00.000,I 75,I 75 and Mm290,,Sideswipe-Same Direction,2,Clear,Dry,Daylight
2020-08-12T22:25:00.000,I 75,I 75 and Mm290,,Rear End,2,Clear,Dry,Dark-Not Lighted
2020-07-26T07:31:00.000,I 75,I 75 and Mm290,,Not a Collision with Motor Vehicle,1,Clear,Dry,Daylight
2020-02-29T15:58:00.000,I 75,I 75 and Mm290,,Sideswipe-Same Direction,2,Clear,Dry,Daylight
2020-01-28T14:39:00.000,I 75,I 75 and Mm290,,Sideswipe-Same Direction,1,Clear,Dry,Daylight
2020-03-08T01:30:00.000,I 75,I 75 and Mm290,,Sideswipe-Same Direction,2,Clear,Dry,Dark-Not Lighted
2021-06-18T12:40:00.000,I 75,I 75 and Mm290,,Sideswipe-Same Direction,2,Clear,Dry,Daylight
2021-02-24T15:38:00.000,I 75,I 75 and Mm290,,Not a Collision with Motor Vehicle,1,Clear,Dry,Daylight
2021-01-20T21:04:00.000,I 75,I 75 and Mm290,,Not a Collision with Motor Vehicle,1,Clear,Dry,Dark-Not Lighted
2021-04-22T00:32:00.000,I 75,I 75 and Mm290,,Not a Collision with Motor Vehicle,2,Clear,Dry,Dark-Not Lighted
2021-12-05T23:00:00.000,I 75,I 75 and Mm290,,Rear End,2,Clear,Dry,Dark-Not Lighted
2021-08-31T09:45:00.000,I 75,I 75 and Mm290,,Not a Collision with Motor Vehicle,2,Rain,Wet,Daylight
2022-12-05T14:24:00.000,I 75,I 75 and Mm290,,Sideswipe-Same Direction,2,Rain,Wet,Daylight
2021-10-01T09:45:00.000,I 75,I 75 and Mm290,,Sideswipe-Same Direction,2,Cloudy,Dry,Daylight
2022-12-01T15:24:00.000,I 75,I 75 and Mm290,,Rear End,2,Clear,Dry,Daylight
2022-09-17T16:17:00.000,I 75,I 75 and Mm290,,Not a Collision with Motor Vehicle,2,Clear,Dry,Daylight
2022-03-12T01:14:00.000,I 75,I 75 and Mm290,,Not a Collision with Motor Vehicle,1,Rain,Wet,Dark-Not Lighted
2021-10-31T17:43:00.000,I 75,I 75 and Mm290,,Rear End,2,Clear,Dry,Daylight
2022-04-20T11:42:00.000,I 75,I 75 and Mm290,,Sideswipe-Same Direction,2,Clear,Dry,Daylight
2022-12-12T06:42:00.000,I 75,I 75 and Mm290,,Sideswipe-Same Direction,2,Fog,Wet,Dark-Not Lighted
2022-08-11T06:31:00.000,I 75,I 75 and Mm290,,Sideswipe-Same Direction,2,Cloudy,Wet,Daylight
2022-08-14T22:15:00.000,I 75,I 75 and Mm290,,Rear End,2,Clear,Dry,Dark-Not Lighted
2022-10-13T22:03:00.000,I 75,I 75 and Mm290,,Not a Collision with Motor Vehicle,2,Clear,Dry,Dark-Not Lighted
2022-09-02T04:19:00.000,I 75,I 75 and Mm290,,Not a Collision with Motor Vehicle,1,Clear,Dry,Dark-Not Lighted
2022-07-19T04:55:00.000,I 75,I 75 and Mm290,,Not a Collision with Motor Vehicle,1,Rain,Wet,Dark-Not Lighted
2022-07-09T08:24:00.000,I 75,I 75 and Mm290,,Not a Collision with Motor Vehicle,1,Rain,Wet,Daylight
2023-09-05T08:13:00.000,I 75,I 75 and Mm290,,Not a Collision with Motor Vehicle,2,Cloudy,Dry,Daylight
2023-08-13T19:40:00.000,I 75,I 75 and Mm290,,Not a Collision with Motor Vehicle,1,Rain,Wet,Dawn
2023-09-17T23:56:00.000,I 75,I 75 and Mm290,,Sideswipe-Same Direction,2,Clear,Dry,Dark-Not Lighted
2023-09-05T08:13:00.000,I 75,I 75 and Mm290,,Not a Collision with Motor Vehicle,2,Cloudy,Dry,Daylight
2023-01-24T21:10:00.000,I 75,I 75 and Mm290,,Sideswipe-Same Direction,2,Clear,Dry,Dark-Not Lighted
2023-08-11T23:20:00.000,I 75,I 75 and Mm290,,Sideswipe-Same Direction,2,Clear,Dry,Daylight
2024-01-09T03:05:00.000,I 75,I 75 and Mm290,,Not a Collision with Motor Vehicle,1,Rain,Wet,Dark-Not Lighted
2021-08-17T14:30:00.000,I 75,I 75 and Mm289,,Rear End,3,Rain,Wet,Daylight
2023-03-04T18:39:00.000,I 75,I 75 and Mm289,,Rear End,2,Clear,Dry,Dusk
2022-09-07T14:35:00.000,I 75,I 75 and Mm289,,Rear End,2,Clear,Dry,Daylight
2022-10-09T23:10:00.000,I 75,I 75 and Mm289,,Sideswipe-Same Direction,2,Clear,Dry,Dark-Not Lighted
2023-11-13T17:46:00.000,I 75,I 75 and Mm289,,Sideswipe-Same Direction,2,Clear,Dry,Dark-Not Lighted
2023-10-01T00:56:00.000,I 75,I 75 and Mm289,,Sideswipe-Same Direction,2,Clear,Dry,Dark-Not Lighted
2022-05-10T14:16:00.000,I 75,I 75 and Mm288,,Not a Collision with Motor Vehicle,1,Clear,Dry,Daylight
2021-04-30T17:25:00.000,I 75,I 75 and Mm288,,Sideswipe-Same Direction,2,Clear,Dry,Daylight
2021-04-25T20:01:00.000,I 75,I 75 and Mm288,,Rear End,2,Clear,Dry,Daylight
2021-07-31T18:05:00.000,I 75,I 75 and Mm288,,Sideswipe-Same Direction,2,Cloudy,Dry,Daylight
2022-11-29T22:30:00.000,I 75,I 75 and Mm288,,Sideswipe-Same Direction,2,Rain,Wet,Dark-Not Lighted
2023-12-19T21:43:00.000,I 75,I 75 and Mm288,,Not a Collision with Motor Vehicle,1,Clear,Dry,Dark-Not Lighted
2023-05-08T12:48:00.000,I 75,I 75 and Mm288,,Sideswipe-Same Direction,2,Clear,Dry,Daylight
2023-08-30T17:20:00.000,I 75,I 75 and Mm288,,Not a Collision with Motor Vehicle,1,Rain,Wet,Daylight
2022-08-22T08:44:00.000,I 75,I 75 and Mm287,,Sideswipe-Same Direction,3,Cloudy,Dry,Daylight
2020-11-25T09:05:00.000,I 75,I 75 and Mm286,,Sideswipe-Same Direction,2,Cloudy,Dry,Daylight
2022-08-04T09:50:00.000,I 75,I 75 and Mm286,,Not a Collision with Motor Vehicle,1,Clear,Dry,Daylight
2023-10-16T05:14:00.000,I 75,I 75 and Mm286,,Sideswipe-Same Direction,2,Clear,Dry,Daylight
2021-08-12T13:20:00.000,I 75,I 75 and Mm285,,Sideswipe-Same Direction,2,Clear,Dry,Daylight
2022-11-24T11:00:00.000,I 75,I 75 and Mm285,,Rear End,2,Cloudy,Dry,Daylight
2022-10-14T12:30:00.000,I 75,I 75 and Mm285,,Not a Collision with Motor Vehicle,2,Clear,Dry,Daylight
2020-12-02T00:17:00.000,I 75,I 75 and Mm284,,Not a Collision with Motor Vehicle,1,Clear,Dry,Dark-Not Lighted
2020-01-12T18:34:00.000,I 75,I 75 and Mm284,,Rear End,2,Clear,Dry,Dark-Not Lighted
2020-12-07T06:47:00.000,I 75,I 75 and Mm283,,Rear End,3,Cloudy,Dry,Dark-Not Lighted
2021-06-06T16:25:00.000,I 75,I 75 and Mm283,,Rear End,2,Cloudy,Dry,Daylight
2021-02-17T07:52:00.000,I 75,I 75 and Mm283,,Sideswipe-Same Direction,2,Clear,Dry,Daylight
2023-12-17T19:59:00.000,I 75,I 75 and Mm283,,Sideswipe-Same Direction,2,Rain,Wet,Dark-Not Lighted
2021-03-26T15:02:00.000,I 75,I 75 and Mm282,,Rear End,2,Cloudy,Dry,Daylight
2021-08-17T10:45:00.000,I 75,I 75 and Mm282,,Not a Collision with Motor Vehicle,1,Rain,Wet,Daylight
2020-09-27T10:34:00.000,I 75,I 75 and Mm282,,Rear End,2,Clear,Dry,Daylight
2020-11-15T18:45:00.000,I 75,I 75 and Mm282,,Sideswipe-Same Direction,3,Clear,Dry,Dark-Not Lighted
2022-03-26T08:16:00.000,I 75,I 75 and Mm282,,Not a Collision with Motor Vehicle,2,Clear,Dry,Daylight
2022-11-24T09:45:00.000,I 75,I 75 and Mm282,,Rear End,2,Cloudy,Dry,Daylight
2021-02-12T10:17:00.000,I 75,I 75 and Mm281,,Not a Collision with Motor Vehicle,1,Rain,Wet,Daylight
2021-12-13T15:40:00.000,I 75,I 75 and Mm281,,Sideswipe-Same Direction,2,Clear,Dry,Daylight
2021-05-13T09:58:00.000,I 75,I 75 and Mm281,,Sideswipe-Same Direction,2,Clear,Dry,Daylight
2021-05-06T16:22:00.000,I 75,I 75 and Mm281,,Sideswipe-Same Direction,2,Clear,Dry,Daylight
2021-06-16T09:30:00.000,I 75,I 75 and Mm281,,Not a Collision with Motor Vehicle,2,Clear,Dry,Daylight
2021-05-23T19:30:00.000,I 75,I 75 and Mm281,,Sideswipe-Same Direction,2,Clear,Dry,Daylight
2020-08-03T12:44:00.000,I 75,I 75 and Mm281,,Not a Collision with Motor Vehicle,1,Clear,Dry,Daylight
2020-08-07T19:35:00.000,I 75,I 75 and Mm281,,Not a Collision with Motor Vehicle,1,Rain,Wet,Daylight
2023-12-11T07:25:00.000,I 75,I 75 and Mm281,,Sideswipe-Same Direction,2,Clear,Dry,Daylight
2023-01-28T02:10:00.000,I 75,I 75 and Mm281,,Not a Collision with Motor Vehicle,1,Clear,Dry,Dark-Not Lighted
2023-12-19T22:20:00.000,I 75,I 75 and Mm281,,Not a Collision with Motor Vehicle,2,Clear,Dry,Dark-Not Lighted
2023-04-02T00:33:00.000,I 75,I 75 and Mm281,,Sideswipe-Same Direction,2,Clear,Dry,Dark-Not Lighted
2023-06-19T19:45:00.000,I 75,I 75 and Mm281,,Sideswipe-Same Direction,2,Clear,Dry,Daylight
2022-02-03T20:15:00.000,I 75,I 75 and Mm281,,Not a Collision with Motor Vehicle,1,Rain,Wet,Dark-Not Lighted
2022-07-18T22:48:00.000,I 75,I 75 and Mm281,,Not a Collision with Motor Vehicle,1,Clear,Dry,Dark-Not Lighted
2020-08-10T09:25:00.000,I 75,I 75 and Mm281,,Not a Collision with Motor Vehicle,1,Clear,Dry,Daylight
2020-11-20T18:35:00.000,I 75,I 75 and Mm281,,Sideswipe-Same Direction,2,Clear,Dry,Dark-Not Lighted
2020-05-04T07:21:00.000,I 75,I 75 and Mm281,,Not a Collision with Motor Vehicle,2,Clear,Dry,Daylight
2020-10-01T05:31:00.000,I 75,I 75 and Mm281,,Sideswipe-Same Direction,2,Clear,Dry,Dark-Not Lighted
2020-07-14T09:43:00.000,I 75,I 75 and Mm281,,Sideswipe-Same Direction,2,Clear,Dry,Daylight
2020-07-09T22:39:00.000,I 75,I 75 and Mm281,,Not a Collision with Motor Vehicle,1,Cloudy,Dry,Dark-Not Lighted
2021-03-04T19:44:00.000,I 75,I 75 and Mm281,,Not a Collision with Motor Vehicle,1,Clear,Dry,Dark-Not Lighted
2021-07-28T12:40:00.000,I 75,I 75 and Mm281,,Not a Collision with Motor Vehicle,2,Clear,Dry,Daylight
2021-09-19T09:57:00.000,I 75,I 75 and Mm281,,Not a Collision with Motor Vehicle,1,Rain,Wet,Daylight
2021-07-06T09:40:00.000,I 75,I 75 and Mm281,,Sideswipe-Same Direction,2,Clear,Dry,Daylight
2021-11-28T03:44:00.000,I 75,I 75 and Mm281,,Angle Crash,2,Clear,Dry,Dark-Not Lighted
2021-11-16T17:55:00.000,I 75,I 75 and Mm281,,Not a Collision with Motor Vehicle,1,Clear,Dry,Dark-Not Lighted
2021-09-10T06:20:00.000,I 75,I 75 and Mm281,,Angle Crash,2,Clear,Dry,Dark-Not Lighted
2021-11-14T17:37:00.000,I 75,I 75 and Mm281,,Rear End,2,Clear,Dry,Daylight
2022-09-26T12:05:00.000,I 75,I 75 and Mm281,,Sideswipe-Same Direction,3,Clear,Dry,Daylight
2022-01-02T16:17:00.000,I 75,I 75 and Mm281,,Rear End,2,Cloudy,Wet,Daylight
2022-05-11T07:29:00.000,I 75,I 75 and Mm281,,Not a Collision with Motor Vehicle,1,Clear,Dry,Daylight
2022-03-13T14:35:00.000,I 75,I 75 and Mm281,,Not a Collision with Motor Vehicle,2,Clear,Dry,Daylight
2021-11-07T14:26:00.000,I 75,I 75 and Mm281,,Rear End,2,Clear,Dry,Daylight
2022-01-02T15:18:00.000,I 75,I 75 and Mm281,,Rear End,2,Rain,Wet,Daylight
2023-12-20T05:39:00.000,I 75,I 75 and Mm281,,Sideswipe-Same Direction,2,Clear,Dry,Dark-Not Lighted
2023-06-13T15:10:00.000,I 75,I 75 and Mm281,,Sideswipe-Same Direction,2,Clear,Dry,Daylight
2023-12-22T10:35:00.000,I 75,I 75 and Mm281,,Not a Collision with Motor Vehicle,1,Clear,Dry,Daylight
2023-05-09T18:07:00.000,I 75,I 75 and Mm281,,Not a Collision with Motor Vehicle,1,Rain,Wet,Daylight
2023-12-23T21:45:00.000,I 75,I 75 and Mm281,,Sideswipe-Same Direction,2,Clear,Dry,Dark-Not Lighted
2021-10-27T06:35:00.000,I 75,I 75 and Mm280,,Sideswipe-Same Direction,2,Clear,Dry,Dark-Not Lighted
2021-12-18T11:25:00.000,I 75,I 75 and Mm280,,Rear End,2,Cloudy,Wet,Daylight
2021-06-23T16:20:00.000,I 75,I 75 and Mm280,,Not a Collision with Motor Vehicle,1,Clear,Dry,Daylight
2021-12-22T14:01:00.000,I 75,I 75 and Mm280,,Rear End,2,Clear,Dry,Daylight
2021-12-15T08:10:00.000,I 75,I 75 and Mm280,,Rear End,2,Clear,Dry,Daylight
2021-01-15T06:50:00.000,I 75,I 75 and Mm280,,Angle Crash,2,Clear,Dry,Dark-Not Lighted
2020-11-29T17:14:00.000,I 75,I 75 and Mm280,,Rear End,2,Rain,Wet,Dark-Not Lighted
2023-06-27T13:10:00.000,I 75,I 75 and Mm280,,Sideswipe-Same Direction,2,Clear,Dry,Daylight
2023-11-18T15:30:00.000,I 75,I 75 and Mm280,,Rear End,3,Clear,Dry,Daylight
2023-07-21T19:05:00.000,I 75,I 75 and Mm280,,Rear End,3,Severe Thunderstorm or Tornadic,Wet,Daylight
2023-04-19T18:57:00.000,I 75,I 75 and Mm280,,Not a Collision with Motor Vehicle,1,Clear,Dry,Daylight
2023-10-26T07:00:00.000,I 75,I 75 and Mm280,,Angle Crash,2,Clear,Dry,Dark-Not Lighted
2023-08-16T07:50:00.000,I 75,I 75 and Mm280,,Rear End,2,Clear,Dry,Daylight
2023-04-21T07:34:00.000,I 75,I 75 and Mm280,,Rear End,2,Clear,Dry,Daylight
2023-11-13T18:57:00.000,I 75,I 75 and Mm280,,Sideswipe-Same Direction,3,Clear,Dry,Dark-Not Lighted
2023-05-19T16:00:00.000,I 75,I 75 and Mm280,,Rear End,4,Clear,Dry,Daylight
2020-09-23T17:21:00.000,I 75,I 75 and Mm280,,Rear End,2,Clear,Dry,Daylight
2020-12-30T13:33:00.000,I 75,I 75 and Mm280,,Rear End,2,Clear,Dry,Daylight
2020-08-12T06:00:00.000,I 75,I 75 and Mm280,,Sideswipe-Same Direction,1,Clear,Dry,Dark-Not Lighted
2020-11-25T16:44:00.000,I 75,I 75 and Mm280,,Rear End,3,Rain,Wet,Daylight
2020-01-30T08:16:00.000,I 75,I 75 and Mm280,,Rear End,2,Clear,Dry,Daylight
2020-01-17T15:25:00.000,I 75,I 75 and Mm280,,Rear End,2,Cloudy,Dry,Daylight
2020-11-29T15:56:00.000,I 75,I 75 and Mm280,,Rear End,2,Rain,Wet,Daylight
2020-06-12T16:00:00.000,I 75,I 75 and Mm280,,Not a Collision with Motor Vehicle,1,Clear,Dry,Daylight
2020-09-23T15:48:00.000,I 75,I 75 and Mm280,,Rear End,2,Clear,Dry,Daylight
2021-05-01T11:45:00.000,I 75,I 75 and Mm280,,Rear End,2,Clear,Dry,Daylight
2021-12-23T13:20:00.000,I 75,I 75 and Mm280,,Sideswipe-Same Direction,2,Clear,Dry,Daylight
2021-08-11T15:30:00.000,I 75,I 75 and Mm280,,Not a Collision with Motor Vehicle,2,Clear,Dry,Daylight
2021-12-23T12:25:00.000,I 75,I 75 and Mm280,,Rear End,3,Clear,Dry,Daylight
2021-12-18T15:10:00.000,I 75,I 75 and Mm280,,Rear End,2,Cloudy,Wet,Daylight
2022-07-24T17:05:00.000,I 75,I 75 and Mm280,,Not a Collision with Motor Vehicle,1,Clear,Dry,Daylight
2022-11-03T16:51:00.000,I 75,I 75 and Mm280,,Angle Crash,2,Clear,Dry,Daylight
2022-09-15T08:05:00.000,I 75,I 75 and Mm280,,Rear End,2,Clear,Dry,Daylight
2022-06-16T18:46:00.000,I 75,I 75 and Mm280,,Not a Collision with Motor Vehicle,2,Clear,Dry,Daylight
2022-09-25T14:38:00.000,I 75,I 75 and Mm280,,Rear End,2,Cloudy,Dry,Daylight
2022-10-03T15:05:00.000,I 75,I 75 and Mm280,,Sideswipe-Same Direction,2,Clear,Dry,Daylight
2022-05-10T16:40:00.000,I 75,I 75 and Mm280,,Sideswipe-Same Direction,2,Clear,Dry,Daylight
2022-12-26T15:31:00.000,I 75,I 75 and Mm280,,Rear End,3,Cloudy,Dry,Daylight
2022-04-21T09:26:00.000,I 75,I 75 and Mm280,,Rear End,2,Clear,Dry,Daylight
2022-10-05T08:40:00.000,I 75,I 75 and Mm280,,Sideswipe-Same Direction,2,Clear,Dry,Daylight
2022-06-03T17:41:00.000,I 75,I 75 and Mm280,,Rear End,2,Clear,Dry,Daylight
2022-06-12T16:09:00.000,I 75,I 75 and Mm280,,Rear End,2,Clear,Dry,Daylight
2022-07-18T09:36:00.000,I 75,I 75 and Mm280,,Sideswipe-Same Direction,2,Clear,Dry,Daylight
2022-03-04T12:22:00.000,I 75,I 75 and Mm280,,Rear End,2,Clear,Dry,Daylight
2023-08-10T07:43:00.000,I 75,I 75 and Mm280,,Rear End,2,Rain,Wet,Daylight
2023-02-17T07:24:00.000,I 75,I 75 and Mm280,,Rear End,2,Rain,Wet,Daylight
2023-10-07T15:24:00.000,I 75,I 75 and Mm280,,Rear End,3,Clear,Dry,Daylight
2023-09-11T08:13:00.000,I 75,I 75 and Mm280,,Rear End,4,Clear,Wet,Daylight
2023-07-15T10:30:00.000,I 75,I 75 and Mm280,,Rear End,2,Clear,Dry,Daylight
2024-01-09T10:50:00.000,I 75,I 75 and Mm280,,Sideswipe-Same Direction,2,Rain,Wet,Daylight
2021-05-01T13:46:00.000,I 75,I 75 and Mm279,,Rear End,2,Clear,Dry,Daylight
2021-10-15T16:55:00.000,I 75,I 75 and Mm279,,Rear End,3,Clear,Dry,Daylight
2021-05-10T18:28:00.000,I 75,I 75 and Mm279,,Sideswipe-Same Direction,2,Cloudy,Dry,Daylight
2021-09-23T08:40:00.000,I 75,I 75 and Mm279,,Rear End,2,Clear,Dry,Daylight
2021-11-27T18:05:00.000,I 75,I 75 and Mm279,,Rear End,2,Clear,Dry,Dark-Not Lighted
2021-07-23T15:10:00.000,I 75,I 75 and Mm279,,Not a Collision with Motor Vehicle,2,Clear,Dry,Daylight
2021-02-09T13:50:00.000,I 75,I 75 and Mm279,,Sideswipe-Same Direction,2,Cloudy,Dry,Daylight
2021-06-10T16:55:00.000,I 75,I 75 and Mm279,,Rear End,2,Rain,Wet,Daylight
2023-06-24T16:42:00.000,I 75,I 75 and Mm279,,Rear End,3,Clear,Dry,Daylight
2023-01-25T07:45:00.000,I 75,I 75 and Mm279,,Rear End,2,Rain,Wet,Daylight
2023-06-24T11:40:00.000,I 75,I 75 and Mm279,,Rear End,2,Cloudy,Dry,Daylight
2023-06-25T14:56:00.000,I 75,I 75 and Mm279,,Rear End,2,Clear,Dry,Daylight
2023-12-22T17:06:00.000,I 75,I 75 and Mm279,,Rear End,2,Clear,Dry,Daylight
2023-02-25T16:34:00.000,I 75,I 75 and Mm279,,Rear End,2,Rain,Wet,Daylight
2020-11-24T11:45:00.000,I 75,I 75 and Mm279,,Rear End,2,Clear,Dry,Daylight
2020-12-06T17:38:00.000,I 75,I 75 and Mm279,,Not a Collision with Motor Vehicle,1,Clear,Dry,Dark-Not Lighted
2020-12-06T17:38:00.000,I 75,I 75 and Mm279,,Not a Collision with Motor Vehicle,1,Clear,Dry,Dark-Not Lighted
2020-09-20T17:51:00.000,I 75,I 75 and Mm279,,Rear End,2,Clear,Dry,Daylight
2020-10-06T10:50:00.000,I 75,I 75 and Mm279,,Sideswipe-Same Direction,1,Clear,Dry,Daylight
2020-09-07T13:00:00.000,I 75,I 75 and Mm279,,Sideswipe-Same Direction,1,Clear,Dry,Daylight
2020-11-18T08:03:00.000,I 75,I 75 and Mm279,,Not a Collision with Motor Vehicle,1,Clear,Dry,Daylight
2020-12-06T17:29:00.000,I 75,I 75 and Mm279,,Not a Collision with Motor Vehicle,2,Clear,Dry,Dusk
2020-08-15T13:28:00.000,I 75,I 75 and Mm279,,Rear End,2,Rain,Wet,Daylight
2020-11-18T07:40:00.000,I 75,I 75 and Mm279,,Rear End,2,Clear,Dry,Daylight
2020-05-21T15:46:00.000,I 75,I 75 and Mm279,,Not a Collision with Motor Vehicle,1,Cloudy,Dry,Daylight
2021-12-11T13:47:00.000,I 75,I 75 and Mm279,,Rear End,2,Rain,Wet,Daylight
2021-11-02T06:15:00.000,I 75,I 75 and Mm279,,Not a Collision with Motor Vehicle,1,Clear,Dry,Dark-Not Lighted
2021-12-11T14:05:00.000,I 75,I 75 and Mm279,,Rear End,3,Rain,Wet,Daylight
2022-07-10T19:25:00.000,I 75,I 75 and Mm279,,Rear End,2,Clear,Dry,Daylight
2021-11-04T06:45:00.000,I 75,I 75 and Mm279,,Sideswipe-Same Direction,2,Rain,Wet,Dark-Not Lighted
2021-10-23T18:16:00.000,I 75,I 75 and Mm279,,Rear End,2,Clear,Dry,Daylight
2021-10-15T14:00:00.000,I 75,I 75 and Mm279,,Rear End,4,Clear,Dry,Daylight
2022-07-10T19:25:00.000,I 75,I 75 and Mm279,,Rear End,2,Clear,Dry,Daylight
2022-09-27T08:53:00.000,I 75,I 75 and Mm279,,Rear End,2,Clear,Dry,Daylight
2022-11-26T08:34:00.000,I 75,I 75 and Mm279,,Sideswipe-Same Direction,2,Clear,Dry,Daylight
2022-10-04T07:28:00.000,I 75,I 75 and Mm279,,Rear End,2,Clear,Dry,Daylight
2022-12-30T11:41:00.000,I 75,I 75 and Mm279,,Rear End,3,Clear,Dry,Daylight
2022-07-22T20:05:00.000,I 75,I 75 and Mm279,,Rear End,2,Rain,Wet,Daylight
2022-05-07T15:50:00.000,I 75,I 75 and Mm279,,Rear End,2,Cloudy,Dry,Daylight
2024-01-08T14:01:00.000,I 75,I 75 and Mm279,,Not a Collision with Motor Vehicle,1,Clear,Dry,Daylight
2024-01-18T06:13:00.000,I 75,I 75 and Mm279,,Rear End,3,Clear,Dry,Dark-Not Lighted
2023-09-15T00:43:00.000,I 75,I 75 and Mm279,,Not a Collision with Motor Vehicle,1,Clear,Dry,Dark-Not Lighted
2023-11-18T15:15:00.000,I 75,I 75 and Mm279,,Rear End,2,Clear,Dry,Daylight
2023-09-14T07:54:00.000,I 75,I 75 and Mm279,,Rear End,2,Clear,Dry,Daylight
2023-02-01T20:30:00.000,I 75,I 75 and Mm279,,Sideswipe-Same Direction,2,Clear,Dry,Dark-Not Lighted
2023-12-05T07:13:00.000,I 75,I 75 and Mm279,,Rear End,3,Clear,Dry,Daylight
2023-01-23T08:32:00.000,I 75,I 75 and Mm279,,Rear End,2,Cloudy,Dry,Daylight
2021-12-20T20:28:00.000,I 75,I 75 and Mm278,,Not a Collision with Motor Vehicle,1,Clear,Dry,Dark-Not Lighted
2021-11-14T15:50:00.000,I 75,I 75 and Mm278,,Rear End,2,Clear,Dry,Daylight
2021-10-01T17:10:00.000,I 75,I 75 and Mm278,,Sideswipe-Same Direction,2,Clear,Dry,Daylight
2021-11-14T15:10:00.000,I 75,I 75 and Mm278,,Rear End,3,Clear,Dry,Daylight
2021-09-27T07:35:00.000,I 75,I 75 and Mm278,,Not a Collision with Motor Vehicle,2,Clear,Dry,Daylight
2021-08-13T10:30:00.000,I 75,I 75 and Mm278,,Rear End,2,Clear,Dry,Daylight
2021-05-22T15:32:00.000,I 75,I 75 and Mm278,,Not a Collision with Motor Vehicle,1,Clear,Dry,Daylight
2021-11-03T10:32:00.000,I 75,I 75 and Mm278,,Rear End,3,Cloudy,Dry,Daylight
2021-08-13T08:50:00.000,I 75,I 75 and Mm278,,Rear End,2,Clear,Dry,Daylight
2021-05-28T12:43:00.000,I 75,I 75 and Mm278,,Rear End,2,Cloudy,Dry,Daylight
2021-08-08T16:50:00.000,I 75,I 75 and Mm278,,Rear End,2,Cloudy,Dry,Daylight
2021-07-15T17:49:00.000,I 75,I 75 and Mm278,,Rear End,2,Clear,Dry,Daylight
2021-07-02T12:10:00.000,I 75,I 75 and Mm278,,Rear End,2,Rain,Wet,Daylight
2020-01-17T14:44:00.000,I 75,I 75 and Mm278,,Sideswipe-Same Direction,2,Cloudy,Dry,Daylight
2023-01-27T04:00:00.000,I 75,I 75 and Mm278,,Rear End,2,Clear,Dry,Dark-Not Lighted
2023-12-12T15:59:00.000,I 75,I 75 and Mm278,,Sideswipe-Same Direction,2,Clear,Dry,Daylight