Date and Time,Roadway (From Crash Report),Intersection Name (from Crash Report),KABCO Severity,Manner of Collision (Crash Level) ,# of Vehicles per crash ,Weather Conditions (Crash Level),Surface Condition (Crash Level) ,Light Conditions (Crash Level)
2023-05-26T19:30:00.000,I 75,I 75 and Mm278,,Rear End,2,Clear,Dry,Daylight
2023-09-14T16:10:00.000,I 75,I 75 and Mm278,,Sideswipe-Same Direction,2,Clear,Dry,Daylight
2023-07-19T21:45:00.000,I 75,I 75 and Mm278,,Sideswipe-Same Direction,2,Clear,Dry,Dark-Not Lighted
2023-01-28T04:00:00.000,I 75,I 75 and Mm278,,Rear End,2,Clear,Dry,Dark-Not Lighted
2023-11-19T02:11:00.000,I 75,I 75 and Mm278,,Not a Collision with Motor Vehicle,1,Clear,Dry,Dark-Not Lighted
2023-12-06T01:48:00.000,I 75,I 75 and Mm278,,Not a Collision with Motor Vehicle,1,Clear,Dry,Dark-Not Lighted
2023-03-11T16:50:00.000,I 75,I 75 and Mm278,,Sideswipe-Same Direction,2,Clear,Dry,Daylight
2023-06-24T00:00:00.000,I 75,I 75 and Mm278,,Angle Crash,2,Clear,Dry,Dark-Not Lighted
2022-11-04T22:10:00.000,I 75,I 75 and Mm278,,Sideswipe-Same Direction,2,Clear,Dry,Dark-Not Lighted
2022-01-14T16:40:00.000,I 75,I 75 and Mm278,,Sideswipe-Same Direction,2,Clear,Dry,Daylight
2020-01-30T06:45:00.000,I 75,I 75 and Mm278,,Angle Crash,2,Clear,Dry,Dawn
2020-01-06T11:08:00.000,I 75,I 75 and Mm278,,Rear End,2,Clear,Dry,Daylight
2020-11-29T17:18:00.000,I 75,I 75 and Mm278,,Rear End,3,Rain,Wet,Dusk
2020-08-21T17:15:00.000,I 75,I 75 and Mm278,,Rear End,3,Rain,Wet,Daylight
2020-12-27T23:40:00.000,I 75,I 75 and Mm278,,Rear End,2,Clear,Dry,Dark-Not Lighted
2020-08-24T17:00:00.000,I 75,I 75 and Mm278,,Rear End,2,Rain,Wet,Daylight
2020-07-10T17:20:00.000,I 75,I 75 and Mm278,,Sideswipe-Same Direction,1,Clear,Dry,Daylight
2020-12-30T12:52:00.000,I 75,I 75 and Mm278,,Sideswipe-Same Direction,2,Cloudy,Dry,Daylight
2020-08-28T16:00:00.000,I 75,I 75 and Mm278,,Rear End,3,Rain,Wet,Daylight
2020-02-06T07:46:00.000,I 75,I 75 and Mm278,,Rear End,2,Rain,Wet,Daylight
2020-01-15T06:35:00.000,I 75,I 75 and Mm278,,Rear End,3,Rain,Wet,Dark-Not Lighted
2020-12-26T13:11:00.000,I 75,I 75 and Mm278,,Rear End,2,Clear,Dry,Daylight
2020-04-29T19:12:00.000,I 75,I 75 and Mm278,,Not a Collision with Motor Vehicle,1,Rain,Wet,Daylight
2020-04-18T18:31:00.000,I 75,I 75 and Mm278,,Rear End,2,Clear,Dry,Daylight
2020-12-26T13:22:00.000,I 75,I 75 and Mm278,,Rear End,2,Clear,Dry,Daylight
2021-04-27T16:03:00.000,I 75,I 75 and Mm278,,Not a Collision with Motor Vehicle,1,Clear,Dry,Daylight
2021-05-15T13:15:00.000,I 75,I 75 and Mm278,,Not a Collision with Motor Vehicle,2,Clear,Dry,Daylight
2021-10-12T04:00:00.000,I 75,I 75 and Mm278,,Not a Collision with Motor Vehicle,1,Clear,Dry,Dark-Not Lighted
2021-07-22T14:45:00.000,I 75,I 75 and Mm278,,Sideswipe-Same Direction,2,Clear,Dry,Daylight
2022-07-02T11:55:00.000,I 75,I 75 and Mm278,,Rear End,3,Cloudy,Dry,Daylight
2022-11-21T10:30:00.000,I 75,I 75 and Mm278,,Sideswipe-Same Direction,2,Clear,Dry,Daylight
2022-05-23T06:40:00.000,I 75,I 75 and Mm278,,Rear End,2,Rain,Wet,Daylight
2022-08-01T08:33:00.000,I 75,I 75 and Mm278,,Rear End,2,Cloudy,Dry,Daylight
2021-08-04T19:10:00.000,I 75,I 75 and Mm278,,Not a Collision with Motor Vehicle,1,Rain,Wet,Daylight
2021-08-28T20:53:00.000,I 75,I 75 and Mm278,,Sideswipe-Same Direction,2,Clear,Dry,Dark-Not Lighted
2022-03-24T16:01:00.000,I 75,I 75 and Mm278,,Sideswipe-Same Direction,2,Clear,Dry,Daylight
2022-02-01T15:30:00.000,I 75,I 75 and Mm278,,Sideswipe-Same Direction,2,Clear,Dry,Daylight
2022-05-12T20:00:00.000,I 75,I 75 and Mm278,,Rear End,2,Clear,Dry,Daylight
2022-11-27T15:24:00.000,I 75,I 75 and Mm278,,Rear End,5,Clear,Dry,Daylight
2022-10-13T07:15:00.000,I 75,I 75 and Mm278,,Sideswipe-Same Direction,2,Cloudy,Wet,Dawn
2022-09-20T07:30:00.000,I 75,I 75 and Mm278,,Rear End,3,Rain,Wet,Daylight
2022-08-04T11:25:00.000,I 75,I 75 and Mm278,,Sideswipe-Same Direction,2,Clear,Dry,Daylight
2022-01-02T05:00:00.000,I 75,I 75 and Mm278,,Not a Collision with Motor Vehicle,1,Rain,Wet,Dark-Not Lighted
2022-12-20T18:40:00.000,I 75,I 75 and Mm278,,Rear End,2,Cloudy,Dry,Dark-Not Lighted
2022-06-12T13:47:00.000,I 75,I 75 and Mm278,,Rear End,2,Clear,Dry,Daylight
2022-07-12T15:21:00.000,I 75,I 75 and Mm278,,Sideswipe-Same Direction,2,Clear,Dry,Daylight
2022-04-20T10:22:00.000,I 75,I 75 and Mm278,,Rear End,2,Clear,Dry,Daylight
2022-04-01T08:53:00.000,I 75,I 75 and Mm278,,Rear End,2,Clear,Dry,Daylight
2022-09-20T08:35:00.000,I 75,I 75 and Mm278,,Rear End,2,Cloudy,Wet,Daylight
2022-10-26T07:30:00.000,I 75,I 75 and Mm278,,Not a Collision with Motor Vehicle,2,Cloudy,Dry,Daylight
2022-04-16T17:15:00.000,I 75,I 75 and Mm278,,Not a Collision with Motor Vehicle,1,Cloudy,Dry,Daylight
2022-07-30T23:40:00.000,I 75,I 75 and Mm278,,Not a Collision with Motor Vehicle,1,Rain,Wet,Dark-Not Lighted
2022-11-23T17:30:00.000,I 75,I 75 and Mm278,,Rear End,2,Clear,Dry,Daylight
2022-10-05T07:55:00.000,I 75,I 75 and Mm278,,Rear End,2,Clear,Dry,Daylight
2022-11-03T07:40:00.000,I 75,I 75 and Mm278,,Sideswipe-Same Direction,2,Clear,Dry,Daylight
2022-07-30T06:43:00.000,I 75,I 75 and Mm278,,Rear End,2,Cloudy,Wet,Dawn
2022-11-10T14:40:00.000,I 75,I 75 and Mm278,,Not a Collision with Motor Vehicle,2,Cloudy,Dry,Daylight
2022-12-09T17:13:00.000,I 75,I 75 and Mm278,,Not a Collision with Motor Vehicle,1,Rain,Wet,Dark-Not Lighted
2022-07-14T06:29:00.000,I 75,I 75 and Mm278,,Sideswipe-Same Direction,2,Clear,Dry,Dusk
2022-05-21T15:33:00.000,I 75,I 75 and Mm278,,Rear End,2,Clear,Dry,Daylight
2022-12-28T14:30:00.000,I 75,I 75 and Mm278,,Sideswipe-Same Direction,2,Clear,Dry,Daylight
2022-07-30T16:45:00.000,I 75,I 75 and Mm278,,Rear End,2,Clear,Dry,Daylight
2022-03-10T13:15:00.000,I 75,I 75 and Mm278,,Not a Collision with Motor Vehicle,1,Clear,Dry,Daylight
2023-12-20T22:25:00.000,I 75,I 75 and Mm278,,Sideswipe-Same Direction,2,Clear,Dry,Dark-Not Lighted
2024-01-18T06:03:00.000,I 75,I 75 and Mm278,,Rear End,3,Clear,Dry,Dark-Not Lighted
2024-01-18T06:08:00.000,I 75,I 75 and Mm278,,Rear End,2,Clear,Dry,Dark-Not Lighted
2023-04-07T20:15:00.000,I 75,I 75 and Mm278,,Not a Collision with Motor Vehicle,1,Clear,Dry,Dark-Not Lighted
2023-03-03T15:51:00.000,I 75,I 75 and Mm278,,Sideswipe-Same Direction,2,Rain,Wet,Daylight
2023-01-25T08:39:00.000,I 75,I 75 and Mm278,,Rear End,2,Rain,Wet,Daylight
2023-03-09T16:00:00.000,I 75,I 75 and Mm278,,Sideswipe-Same Direction,3,Rain,Wet,Daylight
2024-01-27T05:41:00.000,I 75,I 75 and Mm278,,Sideswipe-Same Direction,2,Rain,Wet,Dark-Not Lighted
2024-01-18T06:02:00.000,I 75,I 75 and Mm278,,Rear End,2,Clear,Dry,Dark-Not Lighted
2024-01-18T06:04:00.000,I 75,I 75 and Mm278,,Rear End,3,Clear,Dry,Dark-Not Lighted
2021-08-13T09:24:00.000,I 75,I 75 and Mm277,,Rear End,2,Clear,Dry,Daylight
2021-09-22T16:00:00.000,I 75,I 75 and Mm277,,Rear End,2,Clear,Dry,Daylight
2023-06-16T17:55:00.000,I 75,I 75 and Mm277,,Rear End,2,Clear,Dry,Daylight
2023-06-16T15:10:00.000,I 75,I 75 and Mm277,,Rear End,3,Clear,Dry,Daylight
2023-03-11T16:40:00.000,I 75,I 75 and Mm277,,Rear End,2,Clear,Dry,Daylight
2023-07-21T10:11:00.000,I 75,I 75 and Mm277,,Rear End,2,Clear,Dry,Daylight
2023-12-21T17:42:00.000,I 75,I 75 and Mm277,,Rear End,2,Clear,Dry,Dark-Not Lighted
2020-05-29T14:39:00.000,I 75,I 75 and Mm277,,Rear End,2,Clear,Dry,Daylight
2020-10-09T04:42:00.000,I 75,I 75 and Mm277,,Rear End,2,Clear,Dry,Dark-Not Lighted
2020-12-19T15:25:00.000,I 75,I 75 and Mm277,,Rear End,3,Clear,Dry,Daylight
2020-09-07T17:35:00.000,I 75,I 75 and Mm277,,Rear End,3,Clear,Dry,Daylight
2020-12-10T12:51:00.000,I 75,I 75 and Mm277,,Rear End,2,Clear,Dry,Daylight
2021-06-04T12:00:00.000,I 75,I 75 and Mm277,,Sideswipe-Same Direction,2,Clear,Dry,Daylight
2021-06-05T13:28:00.000,I 75,I 75 and Mm277,,Rear End,2,Cloudy,Dry,Daylight
2021-08-13T09:26:00.000,I 75,I 75 and Mm277,,Rear End,2,Clear,Dry,Daylight
2021-07-21T13:58:00.000,I 75,I 75 and Mm277,,Rear End,2,Clear,Dry,Daylight
2021-11-14T13:30:00.000,I 75,I 75 and Mm277,,Rear End,3,Clear,Dry,Daylight
2022-05-15T14:29:00.000,I 75,I 75 and Mm277,,Rear End,3,Clear,Dry,Daylight
2022-07-18T08:04:00.000,I 75,I 75 and Mm277,,Rear End,2,Clear,Dry,Daylight
2022-05-14T10:02:00.000,I 75,I 75 and Mm277,,Sideswipe-Same Direction,2,Clear,Dry,Daylight
2024-03-06T02:19:00.000,I 75,I 75 and Mm277,,Not a Collision with Motor Vehicle,1,Rain,Wet,Dark-Not Lighted
2024-01-05T06:00:00.000,I 75,I 75 and Mm277,,Rear End,2,Clear,Dry,Dark-Not Lighted
2024-02-20T13:14:00.000,I 75,I 75 and Mm276,,Rear End,2,Clear,Dry,Daylight
2023-07-21T18:27:00.000,I 75,I 75 and Mm275,,Not a Collision with Motor Vehicle,1,Rain,Wet,Daylight
2021-12-08T16:30:00.000,I 75,I 75 and Mm273.6,,Rear End,2,Clear,Dry,Daylight
2022-01-07T19:30:00.000,I 75,I 75 and Mm273,,Sideswipe-Same Direction,2,Clear,Dry,Dark-Not Lighted
2022-05-12T16:00:00.000,I 75,I 75 and Mm273,,Rear End,2,Cloudy,Dry,Daylight
2021-02-02T17:10:00.000,I 75,I 75 and Mm271,,Sideswipe-Same Direction,2,Clear,Dry,Daylight
2021-01-22T12:28:00.000,I 75,I 75 and Mm271,,Sideswipe-Same Direction,2,Cloudy,Dry,Daylight
2022-04-01T15:30:00.000,I 75,I 75 and Mm271,,Sideswipe-Same Direction,2,Clear,Dry,Daylight
2024-01-05T16:04:00.000,I 75,I 75 and Mm271,,Rear End,2,Clear,Dry,Daylight
2021-10-18T16:30:00.000,I 75,I 75 and Mm270,,Sideswipe-Same Direction,2,Clear,Dry,Daylight
2020-11-23T14:55:00.000,I 75,I 75 and Mm269,,Rear End,2,Clear,Dry,Daylight
2021-04-30T12:15:00.000,I 75,I 75 and Mm269,,Rear End,3,Cloudy,Dry,Daylight
2021-11-11T18:20:00.000,I 75,I 75 and Mm269,,Sideswipe-Same Direction,2,Rain,Wet,Dark-Lighted
2021-11-18T10:00:00.000,I 75,I 75 and Mm269,,Rear End,2,Clear,Dry,Daylight
2023-05-22T08:58:00.000,I 75,I 75 and Mm269,,Rear End,2,Clear,Dry,Daylight
2023-06-30T16:58:00.000,I 75,I 75 and Mm269,,Sideswipe-Same Direction,2,Clear,Dry,Daylight
2023-11-21T19:19:00.000,I 75,I 75 and Mm268,,Rear End,2,Cloudy,Wet,Daylight
2023-06-16T16:01:00.000,I 75,I 75 and Mm268,,Sideswipe-Same Direction,2,Clear,Dry,Daylight
2023-03-03T17:01:00.000,I 75,I 75 and Mm268,,Not a Collision with Motor Vehicle,1,Rain,Wet,Daylight
2023-09-22T16:36:00.000,I 75,I 75 and Mm268,,Rear End,2,Clear,Dry,Daylight
2023-06-29T17:21:00.000,I 75,I 75 and Mm268,,Sideswipe-Same Direction,2,Clear,Dry,Daylight
2021-11-18T07:15:00.000,I 75,I 75 and Mm268,,Rear End,2,Cloudy,Dry,Daylight
2022-02-01T13:50:00.000,I 75,I 75 and Mm268,,Not a Collision with Motor Vehicle,2,Clear,Dry,Daylight
2022-02-17T16:30:00.000,I 75,I 75 and Mm268,,Rear End,2,Cloudy,Dry,Daylight
2023-09-12T08:52:00.000,I 75,I 75 and Mm267B,,Rear End,4,Clear,Dry,Daylight
2023-10-20T13:12:00.000,I 75,I 75 and Mm267B,,Rear End,3,Clear,Dry,Daylight
2023-05-30T07:59:00.000,I 75,I 75 and Mm267B,,Rear End,2,Clear,Dry,Daylight
2023-07-17T07:30:00.000,I 75,I 75 and Mm267,,Rear End,2,Cloudy,Dry,Daylight
2023-06-15T15:57:00.000,I 75,I 75 and Mm267,,Rear End,2,Clear,Dry,Daylight
2020-12-23T17:50:00.000,I 75,I 75 and Mm267,,Rear End,2,Cloudy,Dry,Dark-Not Lighted
2022-04-11T10:00:00.000,I 75,I 75 and Mm267,,Sideswipe-Same Direction,2,Cloudy,Dry,Daylight
2021-09-08T07:00:00.000,I 75,I 75 and Mm267,,Rear End,2,Cloudy,Wet,Daylight
2022-04-25T17:40:00.000,I 75,I 75 and Mm267,,Sideswipe-Same Direction,3,Cloudy,Dry,Daylight
2022-05-02T08:50:00.000,I 75,I 75 and Mm267,,Rear End,2,Cloudy,Dry,Daylight
2023-09-05T15:26:00.000,I 75,I 75 and Mm267,,Not a Collision with Motor Vehicle,1,Clear,Dry,Daylight
2021-11-30T08:40:00.000,I 75,I 75 and Mm266,,Sideswipe-Same Direction,2,Clear,Dry,Daylight
2021-09-02T14:00:00.000,I 75,I 75 and Mm266,,Rear End,2,Cloudy,Dry,Daylight
2021-10-29T14:20:00.000,I 75,I 75 and Mm266,,Rear End,3,Cloudy,Wet,Daylight
2021-10-21T08:15:00.000,I 75,I 75 and Mm266,,Rear End,2,Cloudy,Dry,Daylight
2021-03-12T09:30:00.000,I 75,I 75 and Mm2658,,Rear End,2,Cloudy,Dry,Daylight
2021-10-13T17:00:00.000,I 75,I 75 and Mm265,,Sideswipe-Same Direction,2,Cloudy,Dry,Daylight
2021-12-10T15:15:00.000,I 75,I 75 and Mm265,,Rear End,2,Rain,Wet,Daylight
2021-12-16T09:30:00.000,I 75,I 75 and Mm265,,Sideswipe-Same Direction,2,Cloudy,Dry,Daylight
2023-10-13T13:35:00.000,I 75,I 75 and Mm265,,Rear End,2,Clear,Dry,Daylight
2023-08-29T08:50:00.000,I 75,I 75 and Mm265,,Not a Collision with Motor Vehicle,1,Cloudy,Wet,Daylight
2023-11-03T13:00:00.000,I 75,I 75 and Mm265,,Rear End,2,Clear,Dry,Daylight
2023-09-21T13:57:00.000,I 75,I 75 and Mm265,,Rear End,2,Clear,Dry,Daylight
2020-12-08T15:00:00.000,I 75,I 75 and Mm265,,Rear End,3,Clear,Dry,Daylight
2020-12-18T13:30:00.000,I 75,I 75 and Mm265,,Rear End,3,Clear,Dry,Daylight
2021-12-16T07:15:00.000,I 75,I 75 and Mm265,,Rear End,2,Cloudy,Dry,Daylight
2021-10-15T18:00:00.000,I 75,I 75 and Mm265,,Rear End,2,Cloudy,Dry,Daylight
2022-04-19T08:00:00.000,I 75,I 75 and Mm265,,Rear End,2,Clear,Dry,Daylight
2023-11-02T12:50:00.000,I 75,I 75 and Mm265,,Rear End,2,Clear,Dry,Daylight
2023-10-16T17:31:00.000,I 75,I 75 and Mm265,,Rear End,2,Clear,Dry,Daylight
2023-09-22T15:07:00.000,I 75,I 75 and Mm265,,Rear End,2,Clear,Dry,Daylight
2023-09-21T18:57:00.000,I 75,I 75 and Mm265,,Rear End,2,Clear,Dry,Daylight
2023-09-25T13:34:00.000,I 75,I 75 and Mm265,,Rear End,3,Clear,Dry,Daylight
2024-12-02T16:20:00.000,I 75,I 75 and Mm265,,Rear End,2,Clear,Dry,Daylight
2024-02-06T08:24:00.000,I 75,I 75 and Mm265,,Sideswipe-Same Direction,2,Clear,Dry,Daylight
2024-01-15T15:34:00.000,I 75,I 75 and Mm265,,Rear End,2,Clear,Dry,Daylight
2021-06-04T09:30:00.000,I 75,I 75 and Mm264,,Rear End,2,Cloudy,Dry,Daylight
2021-02-16T15:30:00.000,I 75,I 75 and Mm264,,Sideswipe-Same Direction,3,Cloudy,Dry,Daylight
2021-06-04T09:30:00.000,I 75,I 75 and Mm264,,Sideswipe-Same Direction,2,Cloudy,Dry,Daylight
2022-03-31T11:30:00.000,I 75,I 75 and Mm264,,Sideswipe-Same Direction,3,Cloudy,Dry,Daylight
2023-09-11T14:39:00.000,I 75,I 75 and Mm264,,Rear End,2,Clear,Dry,Daylight
2023-09-12T10:23:00.000,I 75,I 75 and Mm264,,Not a Collision with Motor Vehicle,1,Clear,Dry,Daylight
2021-08-19T12:30:00.000,I 75,I 75 and Mm263,,Not a Collision with Motor Vehicle,1,Cloudy,Dry,Daylight
2021-03-12T10:03:00.000,I 75,I 75 and Mm263,,Rear End,3,Cloudy,Dry,Daylight
2023-09-05T19:33:00.000,I 75,I 75 and Mm263,,Not a Collision with Motor Vehicle,1,Clear,Dry,Daylight
2023-06-29T18:18:00.000,I 75,I 75 and Mm263,,Rear End,2,Clear,Dry,Daylight
2023-11-02T14:44:00.000,I 75,I 75 and Mm263,,Angle Crash,3,Clear,Dry,Daylight
2023-09-18T11:19:00.000,I 75,I 75 and Mm263,,Sideswipe-Same Direction,2,Clear,Dry,Daylight
2023-05-19T17:38:00.000,I 75,I 75 and Mm263,,Sideswipe-Same Direction,2,Clear,Dry,Daylight
2022-03-17T11:00:00.000,I 75,I 75 and Mm263,,Rear End,2,Clear,Dry,Daylight
2021-12-10T14:20:00.000,I 75,I 75 and Mm263,,Rear End,2,Rain,Wet,Daylight
2021-12-17T08:20:00.000,I 75,I 75 and Mm263,,Rear End,2,Cloudy,Dry,Daylight
2021-11-23T15:46:00.000,I 75,I 75 and Mm263,,Rear End,2,Clear,Dry,Daylight
2021-10-21T09:40:00.000,I 75,I 75 and Mm263,,Rear End,3,Cloudy,Wet,Daylight
2021-07-22T15:20:00.000,I 75,I 75 and Mm263,,Sideswipe-Same Direction,2,Cloudy,Dry,Daylight
2021-12-10T13:50:00.000,I 75,I 75 and Mm263,,Rear End,2,Rain,Wet,Daylight
2022-04-22T07:15:00.000,I 75,I 75 and Mm263,,Sideswipe-Same Direction,2,Cloudy,Dry,Daylight
2022-03-18T18:00:00.000,I 75,I 75 and Mm263,,Rear End,3,Cloudy,Wet,Daylight
2023-09-07T15:20:00.000,I 75,I 75 and Mm263,,Rear End,2,Clear,Dry,Daylight
2024-10-03T12:50:00.000,I 75,I 75 and Mm263,,Rear End,2,Clear,Dry,Daylight
2021-12-20T10:30:00.000,I 75,I 75 and Mm262,,Sideswipe-Same Direction,2,Cloudy,Dry,Daylight
2021-11-10T16:15:00.000,I 75,I 75 and Mm262,,Sideswipe-Same Direction,2,Clear,Dry,Daylight
2021-11-24T10:00:00.000,I 75,I 75 and Mm262,,Rear End,3,Clear,Dry,Daylight
2021-11-24T12:20:00.000,I 75,I 75 and Mm261,,Rear End,4,Clear,Dry,Daylight
2021-11-19T06:40:00.000,I 75,I 75 and Mm261,,Sideswipe-Same Direction,2,Cloudy,Dry,Dark-Lighted
2021-03-11T08:30:00.000,I 75,I 75 and Mm261,,Rear End,2,Cloudy,Dry,Daylight
2023-09-01T07:49:00.000,I 75,I 75 and Mm261,,Sideswipe-Same Direction,2,Clear,Dry,Daylight
2020-11-23T15:00:00.000,I 75,I 75 and Mm261,,Rear End,2,Clear,Dry,Daylight
2020-12-30T09:40:00.000,I 75,I 75 and Mm261,,Sideswipe-Same Direction,2,Cloudy,Dry,Daylight
2021-11-19T06:40:00.000,I 75,I 75 and Mm261,,Sideswipe-Same Direction,2,Clear,Dry,Daylight
2021-10-29T10:00:00.000,I 75,I 75 and Mm261,,Rear End,2,Rain,Wet,Daylight
2021-11-19T06:40:00.000,I 75,I 75 and Mm261,,Sideswipe-Same Direction,2,Cloudy,Dry,Dark-Lighted
2021-11-23T18:00:00.000,I 75,I 75 and Mm261,,Rear End,2,Clear,Dry,Dark-Not Lighted
2021-12-27T11:00:00.000,I 75,I 75 and Mm261,,Not a Collision with Motor Vehicle,2,Cloudy,Dry,Daylight
2022-01-07T14:10:00.000,I 75,I 75 and Mm261,,Rear End,2,Cloudy,Dry,Daylight
2022-04-25T16:40:00.000,I 75,I 75 and Mm261,,Rear End,3,Cloudy,Dry,Daylight
2022-04-05T10:30:00.000,I 75,I 75 and Mm261,,Not a Collision with Motor Vehicle,1,Rain,Wet,Daylight
2023-05-26T16:23:00.000,I 75,I 75 and Mm261,,Sideswipe-Same Direction,2,Clear,Dry,Daylight
2023-05-04T18:09:00.000,I 75,I 75 and Mm261,,Sideswipe-Same Direction,2,Clear,Dry,Daylight
2023-09-07T16:07:00.000,I 75,I 75 and Mm261,,Sideswipe-Same Direction,2,Clear,Dry,Daylight
2024-02-19T13:00:00.000,I 75,I 75 and Mm261,,Rear End,2,Clear,Dry,Daylight
2022-02-21T11:30:00.000,I 75,I 75 and Mm260.2,,Sideswipe-Same Direction,2,Cloudy,Dry,Daylight
2021-11-16T08:30:00.000,I 75,I 75 and Mm260,,Rear End,2,Clear,Dry,Daylight
2021-10-18T15:00:00.000,I 75,I 75 and Mm260,,Rear End,2,Clear,Dry,Daylight
2023-06-30T18:01:00.000,I 75,I 75 and Mm260,,Rear End,2,Clear,Dry,Daylight
2023-04-13T16:04:00.000,I 75,I 75 and Mm260,,Sideswipe-Same Direction,2,Rain,Wet,Daylight
2023-05-23T12:49:00.000,I 75,I 75 and Mm260,,Rear End,2,Rain,Wet,Daylight
2023-10-23T16:24:00.000,I 75,I 75 and Mm260,,Sideswipe-Same Direction,2,Clear,Dry,Daylight
2023-09-22T15:55:00.000,I 75,I 75 and Mm260,,Rear End,2,Clear,Dry,Daylight
2022-03-04T15:20:00.000,I 75,I 75 and Mm260,,Sideswipe-Same Direction,2,Clear,Dry,Daylight
2020-11-12T16:30:00.000,I 75,I 75 and Mm260,,Sideswipe-Same Direction,2,Clear,Dry,Daylight
2020-12-11T16:00:00.000,I 75,I 75 and Mm260,,Sideswipe-Same Direction,3,Cloudy,Dry,Daylight
2021-03-10T08:00:00.000,I 75,I 75 and Mm260,,Sideswipe-Same Direction,2,Cloudy,Dry,Daylight
2023-11-06T18:56:00.000,I 75,I 75 and Mm260,,Sideswipe-Same Direction,2,Clear,Dry,Dark-Not Lighted
2023-09-28T09:01:00.000,I 75,I 75 and Mm260,,Angle Crash,4,Clear,Dry,Daylight
2023-10-09T06:30:00.000,I 75,I 75 and Mm260,,Sideswipe-Same Direction,2,Clear,Dry,Dark-Lighted
2024-01-04T18:45:00.000,I 75,I 75 and Mm260,,Sideswipe-Same Direction,2,Clear,Dry,Dark-Not Lighted
2021-03-04T16:20:00.000,I 75,I 75 and Mm259B,,Rear End,2,Clear,Dry,Daylight
2023-10-10T07:14:00.000,I 75,I 75 and Mm259.6,,Rear End,2,Clear,Dry,Daylight
2023-05-22T06:52:00.000,I 75,I 75 and Mm259,,Angle Crash,2,Clear,Dry,Daylight
2023-10-13T19:22:00.000,I 75,I 75 and Mm259,,Rear End,2,Rain,Wet,Dusk
2023-11-03T15:33:00.000,I 75,I 75 and Mm259,,Not a Collision with Motor Vehicle,1,Clear,Dry,Daylight
2023-07-25T17:26:00.000,I 75,I 75 and Mm259,,Rear End,2,Clear,Dry,Daylight
2021-09-09T11:40:00.000,I 75,I 75 and Mm259,,Sideswipe-Same Direction,2,Cloudy,Dry,Daylight
2022-03-21T11:30:00.000,I 75,I 75 and Mm259,,Sideswipe-Same Direction,2,Clear,Dry,Daylight
2024-01-26T19:20:00.000,I 75,I 75 and Mm259,,Rear End,2,Clear,Dry,Daylight
2023-09-25T18:09:00.000,I 75,I 75 and Mm259,,Sideswipe-Same Direction,2,Clear,Dry,Daylight
2023-05-15T12:57:00.000,I 75,I 75 and Mm258,,Rear End,2,Clear,Dry,Daylight
2021-02-24T10:40:00.000,I 75,I 75 and Mm258,,Not a Collision with Motor Vehicle,2,Clear,Dry,Daylight
2022-05-16T16:20:00.000,I 75,I 75 and Mm258,,Rear End,2,Cloudy,Dry,Daylight
2022-01-31T17:20:00.000,I 75,I 75 and Mm258,,Rear End,3,Cloudy,Dry,Daylight
2022-04-07T18:00:00.000,I 75,I 75 and Mm258,,Sideswipe-Same Direction,4,Cloudy,Dry,Daylight
2022-02-25T10:40:00.000,I 75,I 75 and Mm258,,Not a Collision with Motor Vehicle,1,Cloudy,Wet,Daylight
2021-12-08T18:30:00.000,I 75,I 75 and Mm257.8,,Rear End,3,Cloudy,Dry,Dark-Not Lighted
2021-12-10T16:30:00.000,I 75,I 75 and Mm257,,Rear End,2,Cloudy,Wet,Daylight
2022-02-25T09:00:00.000,I 75,I 75 and Mm257,,Rear End,2,Rain,Wet,Daylight
2022-04-05T12:30:00.000,I 75,I 75 and Mm257,,Sideswipe-Same Direction,2,Rain,Wet,Daylight
2024-03-15T12:10:00.000,I 75,I 75 and Mm257,,Not a Collision with Motor Vehicle,1,Rain,Wet,Daylight
2021-12-10T17:50:00.000,I 75,I 75 and Mm256,,Rear End,5,Fog,Wet,Dark-Lighted
2021-11-01T18:10:00.000,I 75,I 75 and Mm256,,Rear End,2,Clear,Dry,Daylight
2021-10-28T16:00:00.000,I 75,I 75 and Mm256,,Head On,1,Rain,Wet,Daylight
2022-02-14T16:00:00.000,I 75,I 75 and Mm256,,Rear End,3,Clear,Dry,Daylight
2022-02-14T16:00:00.000,I 75,I 75 and Mm256,,Rear End,4,Clear,Dry,Daylight
2022-02-14T16:00:00.000,I 75,I 75 and Mm256,,Rear End,2,Clear,Dry,Daylight
2022-02-01T18:40:00.000,I 75,I 75 and Mm256,,Rear End,2,Clear,Dry,Dark-Not Lighted
2022-02-01T18:40:00.000,I 75,I 75 and Mm256,,Rear End,2,Clear,Dry,Dark-Not Lighted
2022-02-01T18:40:00.000,I 75,I 75 and Mm256,,Rear End,2,Clear,Dry,Dark-Not Lighted
2022-04-14T08:00:00.000,I 75,I 75 and Mm256,,Rear End,2,Cloudy,Wet,Daylight
2022-01-27T07:30:00.000,I 75,I 75 and Mm256,,Rear End,2,Clear,Dry,Daylight
2022-10-05T03:45:00.000,I 75,I 75 and Mm256,,Sideswipe-Same Direction,2,Clear,Dry,Dark-Not Lighted
2022-03-15T15:40:00.000,I 75,I 75 and Mm256,,Rear End,2,Rain,Wet,Daylight
2022-02-17T08:00:00.000,I 75,I 75 and Mm256,,Rear End,2,Cloudy,Dry,Daylight
2021-10-19T08:40:00.000,I 75,I 75 and Mm255.6,,Rear End,2,Clear,Dry,Daylight
2021-12-30T07:20:00.000,I 75,I 75 and Mm255,,Rear End,2,Rain,Dry,Daylight
2021-12-30T07:20:00.000,I 75,I 75 and Mm255,,Rear End,2,Rain,Wet,Daylight
2021-12-23T16:00:00.000,I 75,I 75 and Mm255,,Sideswipe-Same Direction,2,Clear,Dry,Daylight
2022-01-14T14:35:00.000,I 75,I 75 and Mm255,,Sideswipe-Same Direction,2,Clear,Dry,Daylight