Date and Time,Roadway (From Crash Report),Intersection Name (from Crash Report),KABCO Severity,Manner of Collision (Crash Level) ,# of Vehicles per crash ,Weather Conditions (Crash Level),Surface Condition (Crash Level) ,Light Conditions (Crash Level)
2022-02-14T15:43:00.000,I 75,I 75 and Mm255,,Not a Collision with Motor Vehicle,1,Clear,Dry,Daylight
2023-04-21T13:45:00.000,I 75,I 75 and Mm255,,Sideswipe-Same Direction,2,Clear,Dry,Daylight
2021-03-01T15:30:00.000,I 75,I 75 and Mm254,,Sideswipe-Same Direction,2,Rain,Wet,Daylight
2021-10-13T18:30:00.000,I 75,I 75 and Mm254,,Rear End,2,Cloudy,Dry,Daylight
2021-12-09T18:30:00.000,I 75,I 75 and Mm253,,Rear End,2,Cloudy,Dry,Dark-Lighted
2021-07-01T10:50:00.000,I 75,I 75 and Mm253,,Sideswipe-Same Direction,2,Cloudy,Dry,Daylight
2021-01-28T09:00:00.000,I 75,I 75 and Mm253,,Sideswipe-Same Direction,2,Cloudy,Dry,Daylight
2021-10-29T13:00:00.000,I 75,I 75 and Mm253,,Rear End,2,Cloudy,Wet,Daylight
2021-12-09T18:30:00.000,I 75,I 75 and Mm253,,Rear End,2,Cloudy,Dry,Dark-Lighted
2021-09-29T18:15:00.000,I 75,I 75 and Mm253,,Rear End,2,Clear,Dry,Daylight
2021-09-29T18:15:00.000,I 75,I 75 and Mm253,,Rear End,2,Clear,Dry,Daylight
2022-02-07T15:30:00.000,I 75,I 75 and Mm253,,Sideswipe-Same Direction,2,Cloudy,Dry,Daylight
2021-01-01T18:20:00.000,I 75,I 75 and Mm252,,Rear End,2,Rain,Wet,Dark-Lighted
2021-08-16T17:00:00.000,I 75,I 75 and Mm252,,Sideswipe-Same Direction,3,Rain,Wet,Daylight
2021-12-28T12:30:00.000,I 75,I 75 and Mm252,,Sideswipe-Same Direction,2,Rain,Dry,Daylight
2021-10-28T19:30:00.000,I 75,I 75 and Mm252,,Sideswipe-Same Direction,2,Cloudy,Wet,Dark-Lighted
2022-02-28T17:15:00.000,I 75,I 75 and Mm252,,Rear End,2,Clear,Dry,Daylight
2022-01-08T09:00:00.000,I 75,I 75 and Mm252,,Rear End,2,Cloudy,Dry,Daylight
2022-03-04T17:00:00.000,I 75,I 75 and Mm252,,Rear End,2,Clear,Dry,Daylight
2022-03-04T18:29:00.000,I 75,I 75 and Mm252,,Sideswipe-Same Direction,2,Clear,Dry,Daylight
2021-08-31T19:00:00.000,I 75,I 75 and Mm251,,Sideswipe-Same Direction,2,Rain,Wet,Daylight
2021-05-14T20:00:00.000,I 75,I 75 and Mm251,,Head On,2,Cloudy,Dry,Daylight
2022-04-07T12:40:00.000,I 75,I 75 and Mm251,,Sideswipe-Same Direction,2,Clear,Dry,Daylight
2020-11-13T17:00:00.000,I 75,I 75 and Mm251,,Rear End,3,Clear,Dry,Daylight
2022-02-15T08:50:00.000,I 75,I 75 and Mm251,,Sideswipe-Same Direction,2,Clear,Dry,Daylight
2021-12-16T11:54:00.000,I 75,I 75 and Mm249,,Rear End,2,Cloudy,Dry,Daylight
2023-12-07T08:40:00.000,I 75,I 75 and Mm248   Edgewood Ave,,Sideswipe-Same Direction,2,Clear,Dry,Daylight
2021-02-26T08:30:00.000,I 75,I 75 and Mm248,,Rear End,2,Rain,Wet,Daylight
2023-05-22T18:50:00.000,I 75,I 75 and Mm248,,Sideswipe-Same Direction,2,Rain,Wet,Daylight
2024-02-02T18:50:00.000,I 75,I 75 and Mm246 - Central Ave Fulton St,,Rear End,3,Clear,Dry,Dark-Lighted
2022-02-03T22:00:00.000,I 75,I 75 and Mm246,,Sideswipe-Same Direction,2,Rain,Wet,Dark-Lighted
2023-04-13T12:45:00.000,I 75,I 75 and Mm245   Pryor St,,Rear End,3,Rain,Wet,Daylight
2022-09-23T17:51:00.000,I 75,I 75 and Mm245,,Rear End,2,Clear,Dry,Daylight
2023-07-21T14:05:00.000,I 75,I 75 and Mm245,,Sideswipe-Same Direction,2,Clear,Dry,Daylight
2023-06-16T07:45:00.000,I 75,I 75 and Mm244 - University Ave,,Rear End,2,Cloudy,Dry,Daylight
2024-05-27T09:45:00.000,I 75,I 75 and Mm244 - University Ave,,Sideswipe-Same Direction,2,Rain,Wet,Daylight
2023-06-16T10:00:00.000,I 75,I 75 and Mm244  -  University Ave,,Rear End,2,Cloudy,Dry,Daylight
2022-12-05T13:25:00.000,I 75,I 75 and Mm243 Sr166,,Rear End,3,Rain,Wet,Daylight
2023-03-16T14:40:00.000,I 75,I 75 and Mm243 - Fair Dr,,Rear End,2,Clear,Dry,Daylight
2023-04-07T07:30:00.000,I 75,I 75 and Mm243,,Sideswipe-Same Direction,2,Cloudy,Wet,Daylight
2023-09-07T09:40:00.000,I 75,I 75 and Mm243,,Rear End,2,Clear,Dry,Daylight
2023-06-26T16:16:00.000,I 75,I 75 and Mm243,,Sideswipe-Same Direction,2,Clear,Dry,Daylight
2023-06-02T17:20:00.000,I 75,I 75 and Mm239   Porsche Ave,,Rear End,2,Clear,Dry,Daylight
2022-09-08T18:30:00.000,I 75,I 75 and Mm239,,Sideswipe-Same Direction,2,Cloudy,Dry,Dusk
2024-11-30T15:31:00.000,I 75,I 75 and Mm229,,Sideswipe-Same Direction,2,Clear,Dry,Daylight
2020-04-19T18:57:00.000,I 75,I 75 and Mm228,,Sideswipe-Same Direction,1,Rain,Wet,Dawn
2020-11-24T17:12:00.000,I 75,I 75 and Mm228,,Rear End,2,Clear,Dry,Daylight
2021-09-12T06:00:00.000,I 75,I 75 and Mm228,,Not a Collision with Motor Vehicle,1,Clear,Dry,Dark-Not Lighted
2021-03-07T08:10:00.000,I 75,I 75 and Mm227,,Rear End,2,Clear,Dry,Daylight
2020-03-03T23:20:00.000,I 75,I 75 and Mm226,,Angle Crash,3,Clear,Dry,Dark-Not Lighted
2021-01-23T11:44:00.000,I 75,I 75 and Mm225,,Sideswipe-Same Direction,2,Clear,Dry,Daylight
2020-02-05T10:21:00.000,I 75,I 75 and Mm225,,Not a Collision with Motor Vehicle,1,Cloudy,Wet,Daylight
2022-08-01T07:31:00.000,I 75,I 75 and Mm225,,Sideswipe-Same Direction,2,Clear,Dry,Daylight
2021-11-26T14:41:00.000,I 75,I 75 and Mm224 Exit Rp,,Rear End,2,Clear,Dry,Daylight
2021-09-18T16:02:00.000,I 75,I 75 and Mm224,,Rear End,2,Cloudy,Wet,Daylight
2020-12-19T23:54:00.000,I 75,I 75 and Mm224,,Not a Collision with Motor Vehicle,1,Clear,Dry,Dawn
2022-05-26T14:00:00.000,I 75,I 75 and Mm224,,Rear End,2,Cloudy,Dry,Daylight
2022-02-04T05:31:00.000,I 75,I 75 and Mm224,,Not a Collision with Motor Vehicle,1,Rain,Wet,Dark-Not Lighted
2021-09-19T21:40:00.000,I 75,I 75 and Mm222,,Rear End,2,Cloudy,Wet,Dark-Not Lighted
2021-11-05T02:46:00.000,I 75,I 75 and Mm222,,Sideswipe-Same Direction,2,Clear,Dry,Dark-Not Lighted
2021-04-21T19:56:00.000,I 75,I 75 and Mm221 Hot Ln,,Not a Collision with Motor Vehicle,1,Clear,Dry,Daylight
2020-02-19T16:43:00.000,I 75,I 75 and Mm216 Peach Pass Ln,,Sideswipe-Same Direction,2,Clear,Dry,Daylight
2021-01-29T20:29:00.000,I 75,I 75 and Mm216,,Rear End,2,Clear,Dry,Dark-Not Lighted
2023-08-14T17:59:00.000,I 75,I 75 and Mm216,,Rear End,2,Rain,Wet,Daylight
2022-04-06T21:27:00.000,I 75,I 75 and Mm216,,Angle Crash,2,Cloudy,Dry,Dark-Not Lighted
2020-10-30T19:20:00.000,I 75,I 75 and Mm214,,Rear End,3,Clear,Dry,Dark-Not Lighted
2020-11-14T20:25:00.000,I 75,I 75 and Mm214,,Angle Crash,2,Clear,Dry,Dark-Not Lighted
2020-10-30T18:30:00.000,I 75,I 75 and Mm213,,Rear End,2,Clear,Dry,Dark-Not Lighted
2020-12-06T01:47:00.000,I 75,I 75 and Mm212,,Sideswipe-Same Direction,4,Clear,Dry,Dark-Not Lighted
2020-02-27T10:38:00.000,I 75,I 75 and Mm212,,Sideswipe-Same Direction,2,Clear,Dry,Daylight
2021-05-15T15:00:00.000,I 75,I 75 and Mm212,,Not a Collision with Motor Vehicle,1,Clear,Dry,Daylight
2021-03-23T17:38:00.000,I 75,I 75 and Mm210,,Sideswipe-Same Direction,2,Clear,Dry,Daylight
2022-08-07T15:51:00.000,I 75,I 75 and Mm210,,Rear End,2,Clear,Dry,Daylight
2022-08-07T15:52:00.000,I 75,I 75 and Mm210,,Rear End,2,Clear,Dry,Daylight
2023-06-30T19:24:00.000,I 75,I 75 and Mm210,,Sideswipe-Same Direction,2,Clear,Dry,Daylight
2020-11-26T21:29:00.000,I 75,I 75 and Mm208,,Not a Collision with Motor Vehicle,1,Clear,Dry,Dark-Not Lighted
2020-12-27T14:00:00.000,I 75,I 75 and Mm208,,Sideswipe-Same Direction,2,Clear,Dry,Daylight
2021-04-26T08:02:00.000,I 75,I 75 and Mm208,,Angle Crash,2,Clear,Dry,Daylight
2022-09-18T07:39:00.000,I 75,I 75 and Mm208,,Not a Collision with Motor Vehicle,1,Cloudy,Dry,Daylight
2022-12-26T13:24:00.000,I 75,I 75 and Mm208,,Rear End,2,Clear,Dry,Daylight
2024-04-21T08:36:00.000,I 75,I 75 and Mm208,,Sideswipe-Same Direction,2,Rain,Wet,Daylight
2021-03-25T04:30:00.000,I 75,I 75 and Mm207,,Not a Collision with Motor Vehicle,1,Cloudy,Wet,Dark-Not Lighted
2021-05-03T13:25:00.000,I 75,I 75 and Mm207,,Angle Crash,2,Rain,Wet,Daylight
2021-06-14T13:59:00.000,I 75,I 75 and Mm207,,Not a Collision with Motor Vehicle,1,Clear,Dry,Daylight
2023-04-11T18:31:00.000,I 75,I 75 and Mm207,,Not a Collision with Motor Vehicle,1,Clear,Dry,Daylight
2020-09-02T20:54:00.000,I 75,I 75 and Mm207,,Sideswipe-Same Direction,2,Clear,Dry,Dark-Lighted
2020-01-03T15:20:00.000,I 75,I 75 and Mm207,,Rear End,2,Rain,Wet,Daylight
2020-06-10T11:20:00.000,I 75,I 75 and Mm207,,Not a Collision with Motor Vehicle,2,Clear,Dry,Daylight
2020-11-06T06:39:00.000,I 75,I 75 and Mm207,,Sideswipe-Same Direction,2,Clear,Dry,Dawn
2020-09-20T17:50:00.000,I 75,I 75 and Mm207,,Rear End,2,Clear,Dry,Daylight
2021-03-27T09:01:00.000,I 75,I 75 and Mm207,,Rear End,2,Cloudy,Dry,Daylight
2021-02-19T15:50:00.000,I 75,I 75 and Mm207,,Not a Collision with Motor Vehicle,1,Clear,Dry,Daylight
2022-01-17T21:04:00.000,I 75,I 75 and Mm207,,Sideswipe-Same Direction,4,Clear,Dry,Dark-Not Lighted
2022-04-11T09:41:00.000,I 75,I 75 and Mm207,,Rear End,2,Clear,Dry,Daylight
2022-07-18T07:20:00.000,I 75,I 75 and Mm207,,Rear End,1,Clear,Dry,Daylight
2022-08-06T22:01:00.000,I 75,I 75 and Mm207,,Not a Collision with Motor Vehicle,1,Rain,Wet,Dark-Not Lighted
2022-04-10T20:18:00.000,I 75,I 75 and Mm207,,Rear End,3,Clear,Dry,Dark-Not Lighted
2024-12-29T21:06:00.000,I 75,I 75 and Mm207,,Not a Collision with Motor Vehicle,1,Clear,Dry,Dark-Not Lighted
2024-08-30T18:00:00.000,I 75,I 75 and Mm207,,Not a Collision with Motor Vehicle,1,Cloudy,Dry,Daylight
2021-06-17T09:52:00.000,I 75,I 75 and Mm206,,Not a Collision with Motor Vehicle,2,Clear,Dry,Daylight
2020-09-03T14:05:00.000,I 75,I 75 and Mm206,,Rear End,2,Clear,Dry,Daylight
2020-09-20T13:48:00.000,I 75,I 75 and Mm206,,Rear End,2,Clear,Dry,Daylight
2020-12-19T13:08:00.000,I 75,I 75 and Mm206,,Rear End,3,Clear,Dry,Daylight
2020-03-21T15:21:00.000,I 75,I 75 and Mm206,,Not a Collision with Motor Vehicle,1,Clear,Wet,Daylight
2021-06-19T18:19:00.000,I 75,I 75 and Mm206,,Rear End,2,Rain,Wet,Daylight
2022-03-13T14:00:00.000,I 75,I 75 and Mm206,,Rear End,2,Clear,Dry,Daylight
2023-03-11T11:25:00.000,I 75,I 75 and Mm206,,Rear End,2,Clear,Dry,Daylight
2020-03-08T17:28:00.000,I 75,I 75 and Mm205 Exit Rp,,Rear End,2,Clear,Dry,Daylight
2022-01-14T03:56:00.000,I 75,I 75 and Mm205 Exit,,Rear End,2,Clear,Dry,Dark-Lighted
2021-05-11T17:37:00.000,I 75,I 75 and Mm205,,Angle Crash,2,Cloudy,Wet,Daylight
2021-03-14T16:08:00.000,I 75,I 75 and Mm205,,Rear End,2,Clear,Dry,Daylight
2021-12-31T10:54:00.000,I 75,I 75 and Mm205,,Not a Collision with Motor Vehicle,1,Clear,Dry,Daylight
2021-03-24T07:04:00.000,I 75,I 75 and Mm205,,Rear End,2,Clear,Dry,Daylight
2021-01-20T19:15:00.000,I 75,I 75 and Mm205,,Not a Collision with Motor Vehicle,1,Clear,Dry,Dark-Not Lighted
2020-02-25T09:16:00.000,I 75,I 75 and Mm205,,Rear End,2,Clear,Dry,Daylight
2020-11-24T12:05:00.000,I 75,I 75 and Mm205,,Sideswipe-Same Direction,2,Clear,Dry,Daylight
2021-08-22T18:33:00.000,I 75,I 75 and Mm205,,Sideswipe-Same Direction,2,Clear,Dry,Daylight
2022-06-17T14:25:00.000,I 75,I 75 and Mm205,,Angle Crash,3,Clear,Dry,Daylight
2024-04-08T20:58:00.000,I 75,I 75 and Mm205,,Not a Collision with Motor Vehicle,1,Clear,Dry,Dark-Not Lighted
2023-06-30T19:21:00.000,I 75,I 75 and Mm205,,Sideswipe-Same Direction,2,Clear,Dry,Daylight
2023-03-15T15:03:00.000,I 75,I 75 and Mm205,,Rear End,2,Clear,Dry,Daylight
2021-02-17T02:13:00.000,I 75,I 75 and Mm204,,Rear End,2,Clear,Dry,Dark-Not Lighted
2023-06-30T19:20:00.000,I 75,I 75 and Mm204,,Not a Collision with Motor Vehicle,2,Clear,Dry,Daylight
2022-05-12T10:08:00.000,I 75,I 75 and Mm204,,Sideswipe-Same Direction,2,Clear,Dry,Daylight
2022-10-11T13:58:00.000,I 75,I 75 and Mm204,,Sideswipe-Same Direction,2,Clear,Dry,Daylight
2024-11-26T17:57:00.000,I 75,I 75 and Mm204,,Rear End,2,Clear,Dry,Dusk
2024-11-27T11:35:00.000,I 75,I 75 and Mm204,,Rear End,2,Cloudy,Dry,Daylight
2023-06-04T14:40:00.000,I 75,I 75 and Mm203,,Rear End,4,Clear,Dry,Daylight
2020-02-17T20:15:00.000,I 75,I 75 and Mm203,,Sideswipe-Same Direction,2,Cloudy,Wet,Dark-Not Lighted
2020-06-11T15:45:00.000,I 75,I 75 and Mm203,,Not a Collision with Motor Vehicle,1,Clear,Dry,Daylight
2022-11-22T14:44:00.000,I 75,I 75 and Mm203,,Rear End,2,Cloudy,Dry,Daylight
2023-10-13T12:35:00.000,I 75,I 75 and Mm203,,Rear End,4,Cloudy,Dry,Daylight
2021-06-08T14:12:00.000,I 75,I 75 and Mm202,,Not a Collision with Motor Vehicle,1,Clear,Dry,Daylight
2021-06-19T16:52:00.000,I 75,I 75 and Mm202,,Rear End,4,Rain,Wet,Daylight
2020-09-19T21:50:00.000,I 75,I 75 and Mm202,,Rear End,2,Clear,Dry,Dark-Not Lighted
2020-11-29T17:42:00.000,I 75,I 75 and Mm202,,Rear End,2,Rain,Wet,Dark-Not Lighted
2020-08-22T15:40:00.000,I 75,I 75 and Mm202,,Sideswipe-Same Direction,2,Clear,Dry,Daylight
2022-07-06T07:27:00.000,I 75,I 75 and Mm202,,Angle Crash,2,Clear,Dry,Daylight
2020-12-01T12:59:00.000,I 75,I 75 and Mm201,,Rear End,4,Clear,Dry,Daylight
2020-10-25T12:00:00.000,I 75,I 75 and Mm201,,Sideswipe-Same Direction,2,Clear,Dry,Daylight
2020-02-20T16:41:00.000,I 75,I 75 and Mm201,,Sideswipe-Same Direction,4,Rain,Wet,Daylight
2020-09-19T20:04:00.000,I 75,I 75 and Mm201,,Rear End,3,Clear,Dry,Dark-Not Lighted
2020-09-12T11:23:00.000,I 75,I 75 and Mm201,,Rear End,3,Clear,Dry,Daylight
2021-01-24T17:15:00.000,I 75,I 75 and Mm201,,Sideswipe-Same Direction,2,Cloudy,Dry,Daylight
2021-07-21T14:15:00.000,I 75,I 75 and Mm201,,Rear End,2,Clear,Dry,Daylight
2022-10-06T06:54:00.000,I 75,I 75 and Mm201,,Sideswipe-Same Direction,2,Clear,Dry,Dark-Lighted
2021-02-15T23:07:00.000,I 75,I 75 and Mm200,,Angle Crash,2,Rain,Wet,Dark-Not Lighted
2021-10-15T14:30:00.000,I 75,I 75 and Mm200,,Angle Crash,2,Clear,Dry,Daylight
2020-09-26T15:25:00.000,I 75,I 75 and Mm200,,Rear End,2,Clear,Dry,Daylight
2023-07-30T15:02:00.000,I 75,I 75 and Mm200,,Not a Collision with Motor Vehicle,2,Clear,Dry,Daylight
2020-09-26T06:00:00.000,I 75,I 75 and Mm200,,Not a Collision with Motor Vehicle,1,Clear,Dry,Daylight
2020-01-05T14:58:00.000,I 75,I 75 and Mm200,,Angle Crash,2,Clear,Dry,Daylight
2021-05-03T01:08:00.000,I 75,I 75 and Mm200,,Angle Crash,2,Clear,Dry,Dark-Not Lighted
2021-11-18T11:03:00.000,I 75,I 75 and Mm200,,Rear End,3,Clear,Dry,Daylight
2022-10-16T15:05:00.000,I 75,I 75 and Mm200,,Sideswipe-Same Direction,2,Clear,Dry,Daylight
2024-09-21T13:05:00.000,I 75,I 75 and Mm200,,Not a Collision with Motor Vehicle,2,Clear,Dry,Daylight
2020-07-24T14:10:00.000,I 75,I 75 and Mm199,,Rear End,2,Clear,Dry,Daylight
2021-04-30T08:55:00.000,I 75,I 75 and Mm199,,Sideswipe-Same Direction,2,Clear,Dry,Daylight
2020-09-18T14:25:00.000,I 75,I 75 and Mm199,,Rear End,3,Clear,Dry,Daylight
2020-06-26T23:55:00.000,I 75,I 75 and Mm199,,Rear End,2,Cloudy,Dry,Dark-Not Lighted
2024-07-21T17:00:00.000,I 75,I 75 and Mm199,,Rear End,2,Rain,Wet,Daylight
2024-12-18T20:00:00.000,I 75,I 75 and Mm199,,Sideswipe-Same Direction,2,Cloudy,Wet,Dark-Lighted
2022-09-11T19:50:00.000,I 75,I 75 and Mm198.5,,Sideswipe-Same Direction,2,Clear,Dry,Daylight
2023-08-15T16:18:00.000,I 75,I 75 and Mm198,,Angle Crash,3,Rain,Wet,Daylight
2020-11-27T17:22:00.000,I 75,I 75 and Mm198,,Not a Collision with Motor Vehicle,1,Clear,Dry,Dusk
2024-07-21T16:21:00.000,I 75,I 75 and Mm198,,Rear End,2,Rain,Wet,Daylight
2023-04-12T20:00:00.000,I 75,I 75 and Mm197,,Not a Collision with Motor Vehicle,1,Clear,Dry,Daylight
2023-08-27T17:12:00.000,I 75,I 75 and Mm196,,Sideswipe-Same Direction,2,Rain,Wet,Daylight
2020-03-14T15:25:00.000,I 75,I 75 and Mm194,,Not a Collision with Motor Vehicle,1,Clear,Dry,Daylight
2023-06-26T21:17:00.000,I 75,I 75 and Mm191,,Sideswipe-Same Direction,2,Clear,Dry,Dark-Lighted
2023-04-19T19:26:00.000,I 75,I 75 and Mm190,,Angle Crash,4,Clear,Dry,Daylight
2024-07-24T19:47:00.000,I 75,I 75 and Mm188 Off Rp,,Not a Collision with Motor Vehicle,1,Rain,Wet,Daylight
2023-12-26T09:10:00.000,I 75,I 75 and Mm188,,Sideswipe-Same Direction,2,Rain,Wet,Daylight
2023-10-13T20:50:00.000,I 75,I 75 and Mm187,,Rear End,2,Rain,Wet,Dark-Lighted
2023-11-03T17:34:00.000,I 75,I 75 and Mm187,,Not a Collision with Motor Vehicle,1,Clear,Dry,Daylight
2024-07-31T16:01:00.000,I 75,I 75 and Mm186,,Not a Collision with Motor Vehicle,1,Rain,Wet,Daylight
2020-07-05T13:35:00.000,I 75,I 75 and Mm185,,Not a Collision with Motor Vehicle,1,Clear,Dry,Daylight
2024-10-16T20:08:00.000,I 75,I 75 and Mm185,,Rear End,2,Clear,Dry,Dark-Lighted
2021-02-07T11:51:00.000,I 75,I 75 and Mm179,,Sideswipe-Same Direction,2,Clear,Dry,Daylight
2023-04-18T14:00:00.000,I 75,I 75 and Mm172,,Not a Collision with Motor Vehicle,1,Clear,Dry,Daylight
2024-01-09T08:20:00.000,I 75,I 75 and Mm171,,Rear End,6,Severe Thunderstorm or Tornadic,Wet,Daylight
2024-05-21T18:50:00.000,I 75,I 75 and Mm171,,Not a Collision with Motor Vehicle,1,Clear,Dry,Daylight
2021-04-07T14:55:00.000,I 75,I 75 and Mm170,,Rear End,2,Clear,Dry,Daylight
2024-01-29T21:50:00.000,I 75,I 75 and Mm169,,Sideswipe-Same Direction,2,Clear,Dry,Dark-Lighted
2021-05-24T15:45:00.000,I 75,I 75 and Mm168,,Not a Collision with Motor Vehicle,2,Clear,Dry,Daylight
2020-01-30T08:55:00.000,I 75,I 75 and Mm168,,Not a Collision with Motor Vehicle,1,Clear,Dry,Daylight
2024-01-19T21:47:00.000,I 75,I 75 and Mm168,,Not a Collision with Motor Vehicle,1,Clear,Dry,Dark-Lighted
2023-12-05T18:25:00.000,I 75,I 75 and Mm167,,Not a Collision with Motor Vehicle,1,Clear,Dry,Daylight
2023-12-05T18:25:00.000,I 75,I 75 and Mm167,,Not a Collision with Motor Vehicle,1,Clear,Dry,Dark-Lighted
2023-08-07T20:20:00.000,I 75,I 75 and Mm167,,Sideswipe-Same Direction,3,Clear,Wet,Dark-Lighted
2020-02-23T15:40:00.000,I 75,I 75 and Mm166,,Sideswipe-Same Direction,3,Clear,Dry,Daylight
2024-11-08T15:17:00.000,I 75,I 75 and Mm166,,Rear End,2,Cloudy,Dry,Daylight
2021-10-31T14:31:00.000,I 75,I 75 and Mm165,,Rear End,4,Clear,Dry,Daylight
2020-06-28T16:49:00.000,I 75,I 75 and Mm165,,Rear End,2,Clear,Dry,Daylight
2023-01-06T16:00:00.000,I 75,I 75 and Mm164,,Sideswipe-Same Direction,2,Clear,Dry,Daylight
2024-11-30T12:10:00.000,I 75,I 75 and Mm164,,Sideswipe-Same Direction,2,Clear,Dry,Daylight
2024-02-05T18:00:00.000,I 75,I 75 and Mm163,,Rear End,2,Clear,Dry,Daylight
2024-03-19T14:34:00.000,I 75,I 75 and Mm163,,Rear End,2,Clear,Dry,Daylight
2022-08-27T21:45:00.000,I 75,I 75 and Mm159,,Not a Collision with Motor Vehicle,1,Clear,Dry,Dark-Lighted
2020-11-12T06:49:00.000,I 75,I 75 and Mm158,,Not a Collision with Motor Vehicle,1,Rain,Wet,Dark-Lighted
2023-05-22T07:15:00.000,I 75,I 75 and Mm156,,Not a Collision with Motor Vehicle,1,Rain,Wet,Daylight
2023-04-14T08:15:00.000,I 75,I 75 and Mm155,,Sideswipe-Same Direction,2,Fog,Dry,Daylight
2021-07-08T17:14:00.000,I 75,I 75 and Mm152,,Rear End,2,Rain,Wet,Daylight
2020-12-24T14:48:00.000,I 75,I 75 and Mm151,,Angle Crash,2,Rain,Wet,Daylight
2023-12-10T16:15:00.000,I 75,I 75 and Mm151,,Angle Crash,3,Rain,Wet,Daylight
2023-04-21T17:25:00.000,I 75,I 75 and Mm150,,Angle Crash,3,Clear,Dry,Daylight
2021-10-10T16:55:00.000,I 75,I 75 and Mm146,,Rear End,2,Clear,Dry,Daylight
2024-10-11T21:48:00.000,I 75,I 75 and Mm146,,Sideswipe-Same Direction,1,Clear,Dry,Dark-Lighted
2022-02-20T20:30:00.000,I 75,I 75 and Mm144,,Sideswipe-Same Direction,2,Clear,Dry,Dark-Not Lighted
2023-07-01T10:15:00.000,I 75,I 75 and Mm142,,Rear End,3,Clear,Dry,Daylight
2023-08-24T12:28:00.000,I 75,I 75 and Mm142,,Sideswipe-Same Direction,2,Clear,Dry,Daylight
2020-06-11T02:00:00.000,I 75,I 75 and Mm140,,Angle Crash,1,Clear,Dry,Dark-Not Lighted
2020-08-05T16:25:00.000,I 75,I 75 and Mm140,,Sideswipe-Same Direction,1,Clear,Dry,Daylight
2021-03-20T15:05:00.000,I 75,I 75 and Mm139,,Rear End,2,Cloudy,Dry,Daylight
2021-03-20T15:33:00.000,I 75,I 75 and Mm139,,Sideswipe-Same Direction,2,Cloudy,Dry,Daylight
2024-03-24T23:07:00.000,I 75,I 75 and Mm139,,Not a Collision with Motor Vehicle,1,Clear,Dry,Dark-Not Lighted
2024-01-05T19:00:00.000,I 75,I 75 and Mm139,,Not a Collision with Motor Vehicle,1,Clear,Dry,Dark-Lighted
2023-12-30T13:30:00.000,I 75,I 75 and Mm138,,Sideswipe-Same Direction,2,Clear,Dry,Daylight
2021-06-23T16:30:00.000,I 75,I 75 and Mm137,,Not a Collision with Motor Vehicle,1,Clear,Dry,Daylight
2021-06-15T10:10:00.000,I 75,I 75 and Mm134,,Not a Collision with Motor Vehicle,1,Clear,Dry,Daylight
2020-03-03T07:45:00.000,I 75,I 75 and Mm134,,Not a Collision with Motor Vehicle,2,Cloudy,Dry,Daylight
2021-12-29T05:48:00.000,I 75,I 75 and Mm130,,Sideswipe-Same Direction,2,Rain,Wet,Dark-Not Lighted
2022-02-11T12:01:00.000,I 75,I 75 and Mm130,,Sideswipe-Same Direction,2,Clear,Dry,Daylight
2024-05-11T10:20:00.000,I 75,I 75 and Mm130,,Sideswipe-Same Direction,2,Clear,Dry,Daylight
2022-01-14T21:24:00.000,I 75,I 75 and Mm129,,Not a Collision with Motor Vehicle,1,Clear,Dry,Dark-Not Lighted
2023-09-16T08:54:00.000,I 75,I 75 and Mm129,,Rear End,2,Cloudy,Dry,Daylight
2021-09-02T08:30:00.000,I 75,I 75 and Mm128,,Sideswipe-Same Direction,2,Clear,Dry,Daylight
2021-08-23T12:45:00.000,I 75,I 75 and Mm128,,Sideswipe-Same Direction,3,Clear,Dry,Daylight
2021-03-31T07:00:00.000,I 75,I 75 and Mm127,,Not a Collision with Motor Vehicle,1,Cloudy,Dry,Dawn
2020-12-05T23:03:00.000,I 75,I 75 and Mm127,,Angle Crash,4,Clear,Dry,Dark-Not Lighted
2020-12-05T23:03:00.000,I 75,I 75 and Mm127,,Angle Crash,2,Clear,Dry,Dark-Not Lighted
2021-09-29T13:35:00.000,I 75,I 75 and Mm123,,Not a Collision with Motor Vehicle,1,Clear,Dry,Daylight
2020-06-04T19:54:00.000,I 75,I 75 and Mm122,,Not a Collision with Motor Vehicle,1,Cloudy,Dry,Dark-Not Lighted
2021-07-16T15:58:00.000,I 75,I 75 and Mm121,,Not a Collision with Motor Vehicle,2,Clear,Dry,Daylight
2021-05-02T18:09:00.000,I 75,I 75 and Mm120,,Sideswipe-Same Direction,2,Cloudy,Dry,Daylight
2021-05-18T02:57:00.000,I 75,I 75 and Mm119,,Rear End,3,Clear,Dry,Dark-Not Lighted
2021-05-18T03:02:00.000,I 75,I 75 and Mm119,,Angle Crash,2,Clear,Dry,Dark-Not Lighted
2020-03-02T20:45:00.000,I 75,I 75 and Mm119,,Not a Collision with Motor Vehicle,2,Cloudy,Wet,Dark-Not Lighted
2021-04-26T19:55:00.000,I 75,I 75 and Mm118 I75,,Angle Crash,1,Clear,Dry,Dusk
2020-04-19T15:05:00.000,I 75,I 75 and Mm118,,Sideswipe-Same Direction,3,Rain,Wet,Daylight
2020-11-17T18:02:00.000,I 75,I 75 and Mm118,,Angle Crash,2,Clear,Dry,Dark-Not Lighted
2020-05-30T11:59:00.000,I 75,I 75 and Mm118,,Sideswipe-Same Direction,2,Cloudy,Dry,Daylight
2021-02-13T17:06:00.000,I 75,I 75 and Mm117,,Rear End,2,Cloudy,Wet,Daylight