Date and Time,Roadway (From Crash Report),Intersection Name (from Crash Report),KABCO Severity,Manner of Collision (Crash Level) ,# of Vehicles per crash ,Weather Conditions (Crash Level),Surface Condition (Crash Level) ,Light Conditions (Crash Level)
2022-03-04T12:54:00.000,I 75,I 75 and Mm117,,Angle Crash,3,Cloudy,Dry,Daylight
2020-10-08T14:35:00.000,I 75,I 75 and Mm116,,Not a Collision with Motor Vehicle,1,Cloudy,Dry,Daylight
2021-09-06T13:21:00.000,I 75,I 75 and Mm114,,Sideswipe-Same Direction,2,Cloudy,Dry,Daylight
2020-09-06T18:20:00.000,I 75,I 75 and Mm114,,Not a Collision with Motor Vehicle,1,Cloudy,Dry,Daylight
2021-03-28T22:35:00.000,I 75,I 75 and Mm112,,Not a Collision with Motor Vehicle,1,Cloudy,Dry,Dark-Not Lighted
2020-06-17T11:06:00.000,I 75,I 75 and Mm112,,Rear End,2,Cloudy,Dry,Daylight
2022-03-10T04:40:00.000,I 75,I 75 and Mm112,,Not a Collision with Motor Vehicle,1,Cloudy,Dry,Dark-Lighted
2020-01-26T14:54:00.000,I 75,I 75 and Mm109,,Rear End,2,Clear,Dry,Daylight
2021-06-03T18:40:00.000,I 75,I 75 and Mm107,,Rear End,2,Cloudy,Dry,Daylight
2021-05-08T12:16:00.000,I 75,I 75 and Mm106,,Not a Collision with Motor Vehicle,1,Cloudy,Dry,Daylight
2020-07-18T18:17:00.000,I 75,I 75 and Mm106,,Not a Collision with Motor Vehicle,2,Cloudy,Dry,Daylight
2020-04-19T13:15:00.000,I 75,I 75 and Mm106,,Not a Collision with Motor Vehicle,1,Rain,Wet,Daylight
2021-05-01T17:53:00.000,I 75,I 75 and Mm105,,Sideswipe-Same Direction,2,Cloudy,Dry,Daylight
2020-02-21T19:58:00.000,I 75,I 75 and Mm105,,Sideswipe-Same Direction,2,Clear,Dry,Dark-Not Lighted
2020-10-22T15:20:00.000,I 75,I 75 and Mm104,,Not a Collision with Motor Vehicle,2,Clear,Dry,Daylight
2024-02-01T19:15:00.000,I 75,I 75 and Mm-265,,Sideswipe-Same Direction,2,Clear,Dry,Dark-Not Lighted
2022-01-21T18:46:00.000,I 75,I 75 and Mm-228,,Angle Crash,2,Cloudy,Wet,Dark-Lighted
2022-01-02T16:33:00.000,I 75,I 75 and Mm-224,,Rear End,2,Cloudy,Wet,Dusk
2024-03-10T21:28:00.000,I 75,I 75 and Mm Unk,,Rear End,2,Clear,Dry,Dark-Not Lighted
2021-03-13T20:10:00.000,I 75,I 75 and Mm Exit 201,,Sideswipe-Same Direction,2,Clear,Dry,Dark-Lighted
2022-04-01T16:05:00.000,I 75,I 75 and Mm 97,,Not a Collision with Motor Vehicle,1,Cloudy,Dry,Daylight
2020-08-17T13:34:00.000,I 75,I 75 and Mm 96,,Sideswipe-Same Direction,3,Cloudy,Dry,Daylight
2023-11-27T06:55:00.000,I 75,I 75 and Mm 96,,Sideswipe-Opposite Direction,1,Clear,Wet,Dawn
2023-01-12T18:05:00.000,I 75,I 75 and Mm 95,,Sideswipe-Same Direction,2,Cloudy,Dry,Daylight
2021-11-17T20:15:00.000,I 75,I 75 and Mm 94,,Rear End,2,Cloudy,Dry,Dark-Not Lighted
2021-12-11T11:30:00.000,I 75,I 75 and Mm 94,,Sideswipe-Same Direction,2,Cloudy,Dry,Daylight
2022-06-21T15:08:00.000,I 75,I 75 and Mm 93,,Sideswipe-Same Direction,2,Clear,Dry,Daylight
2023-01-12T18:07:00.000,I 75,I 75 and Mm 92,,Angle Crash,2,Cloudy,Dry,Daylight
2020-08-02T08:00:00.000,I 75,I 75 and Mm 90,,Rear End,2,Cloudy,Dry,Daylight
2021-10-13T16:40:00.000,I 75,I 75 and Mm 90,,Rear End,2,Clear,Dry,Daylight
2021-11-26T11:59:00.000,I 75,I 75 and Mm 87,,Not a Collision with Motor Vehicle,2,Cloudy,Dry,Daylight
2021-03-27T12:41:00.000,I 75,I 75 and Mm 87,,Sideswipe-Same Direction,2,Cloudy,Dry,Daylight
2022-04-09T20:46:00.000,I 75,I 75 and Mm 87,,Rear End,2,Clear,Dry,Dark-Not Lighted
2022-04-09T20:40:00.000,I 75,I 75 and Mm 87,,Not a Collision with Motor Vehicle,1,Clear,Dry,Dark-Not Lighted
2021-03-14T13:05:00.000,I 75,I 75 and Mm 85,,Rear End,2,Clear,Dry,Daylight
2022-08-31T18:15:00.000,I 75,I 75 and Mm 84,,Not a Collision with Motor Vehicle,1,Clear,Dry,Daylight
2022-11-06T14:35:00.000,I 75,I 75 and Mm 80,,Not a Collision with Motor Vehicle,1,Clear,Dry,Daylight
2020-01-16T16:20:00.000,I 75,I 75 and Mm 78,,Rear End,2,Clear,Dry,Daylight
2022-06-11T15:50:00.000,I 75,I 75 and Mm 78,,Rear End,2,Clear,Dry,Daylight
2022-11-23T19:53:00.000,I 75,I 75 and Mm 78,,Angle Crash,2,Clear,Dry,Dark-Not Lighted
2022-06-11T11:35:00.000,I 75,I 75 and Mm 77,,Sideswipe-Same Direction,2,Clear,Dry,Daylight
2022-06-11T14:50:00.000,I 75,I 75 and Mm 77,,Not a Collision with Motor Vehicle,1,Clear,Dry,Daylight
2021-01-15T08:49:00.000,I 75,I 75 and Mm 76,,Not a Collision with Motor Vehicle,1,Clear,Dry,Daylight
2020-09-04T08:39:00.000,I 75,I 75 and Mm 76,,Not a Collision with Motor Vehicle,1,Clear,Dry,Daylight
2022-11-23T19:56:00.000,I 75,I 75 and Mm 74,,Angle Crash,3,Clear,Dry,Dark-Not Lighted
2020-08-01T07:59:00.000,I 75,I 75 and Mm 73,,Rear End,2,Cloudy,Dry,Daylight
2021-11-27T09:02:00.000,I 75,I 75 and Mm 73,,Not a Collision with Motor Vehicle,1,Cloudy,Dry,Daylight
2021-12-19T12:35:00.000,I 75,I 75 and Mm 60,,Sideswipe-Same Direction,2,Cloudy,Wet,Daylight
2022-10-05T14:05:00.000,I 75,I 75 and Mm 60,,Rear End,2,Clear,Dry,Daylight
2023-05-17T07:53:00.000,I 75,I 75 and Mm 60,,Sideswipe-Same Direction,2,Clear,Dry,Daylight
2022-11-30T10:28:00.000,I 75,I 75 and Mm 59,,Not a Collision with Motor Vehicle,1,Rain,Wet,Daylight
2022-01-29T06:08:00.000,I 75,I 75 and Mm 59,,Not a Collision with Motor Vehicle,1,Clear,Dry,Dark-Not Lighted
2023-07-23T15:14:00.000,I 75,I 75 and Mm 54,,Angle Crash,2,Clear,Wet,Daylight
2023-04-14T14:00:00.000,I 75,I 75 and Mm 50,,Sideswipe-Same Direction,2,Clear,Dry,Daylight
2021-07-23T17:35:00.000,I 75,I 75 and Mm 48,,Sideswipe-Same Direction,1,Cloudy,Wet,Daylight
2022-12-22T20:00:00.000,I 75,I 75 and Mm 45,,Sideswipe-Same Direction,2,Rain,Wet,Dark-Not Lighted
2023-01-15T06:25:00.000,I 75,I 75 and Mm 44,,Not a Collision with Motor Vehicle,1,Clear,Dry,Dark-Not Lighted
2023-09-14T21:20:00.000,I 75,I 75 and Mm 41,,Sideswipe-Same Direction,2,Clear,Dry,Dark-Not Lighted
2020-05-06T13:56:00.000,I 75,I 75 and Mm 39,,Not a Collision with Motor Vehicle,1,Clear,Dry,Daylight
2021-04-10T18:08:00.000,I 75,I 75 and Mm 354,,Rear End,2,Cloudy,Dry,Daylight
2023-06-25T16:52:00.000,I 75,I 75 and Mm 354,,Not a Collision with Motor Vehicle,1,Rain,Wet,Daylight
2022-03-08T22:06:00.000,I 75,I 75 and Mm 354,,Not a Collision with Motor Vehicle,1,Rain,Wet,Dark-Not Lighted
2020-05-04T17:40:00.000,I 75,I 75 and Mm 354,,Rear End,2,Cloudy,Dry,Daylight
2021-08-14T18:54:00.000,I 75,I 75 and Mm 354,,Angle Crash,2,Cloudy,Dry,Daylight
2022-02-08T10:56:00.000,I 75,I 75 and Mm 354,,Rear End,2,Clear,Dry,Daylight
2022-03-25T12:02:00.000,I 75,I 75 and Mm 354,,Rear End,2,Cloudy,Dry,Daylight
2022-02-02T05:20:00.000,I 75,I 75 and Mm 354,,Sideswipe-Same Direction,1,Clear,Dry,Dark-Not Lighted
2022-07-31T19:51:00.000,I 75,I 75 and Mm 354,,Not a Collision with Motor Vehicle,1,Rain,Wet,Daylight
2023-07-28T15:32:00.000,I 75,I 75 and Mm 354,,Not a Collision with Motor Vehicle,1,Clear,Dry,Daylight
2023-10-03T13:00:00.000,I 75,I 75 and Mm 354,,Rear End,2,Clear,Dry,Daylight
2023-08-11T20:44:00.000,I 75,I 75 and Mm 354,,Not a Collision with Motor Vehicle,1,Clear,Dry,Dusk
2023-12-11T18:09:00.000,I 75,I 75 and Mm 354,,Angle Crash,3,Cloudy,Dry,Dark-Not Lighted
2023-11-23T18:45:00.000,I 75,I 75 and Mm 354,,Sideswipe-Same Direction,2,Cloudy,Dry,Dark-Not Lighted
2024-09-20T12:28:00.000,I 75,I 75 and Mm 354,,Rear End,4,Clear,Dry,Daylight
2021-03-14T16:45:00.000,I 75,I 75 and Mm 3535,,Rear End,3,Clear,Dry,Daylight
2021-02-11T15:00:00.000,I 75,I 75 and Mm 353,,Angle Crash,2,Rain,Wet,Daylight
2021-11-21T17:30:00.000,I 75,I 75 and Mm 353,,Sideswipe-Same Direction,2,Clear,Dry,Dark-Not Lighted
2021-08-31T15:36:00.000,I 75,I 75 and Mm 353,,Not a Collision with Motor Vehicle,1,Rain,Wet,Daylight
2023-09-27T08:02:00.000,I 75,I 75 and Mm 353,,Rear End,4,Clear,Dry,Daylight
2023-06-13T11:48:00.000,I 75,I 75 and Mm 353,,Rear End,2,Clear,Dry,Daylight
2023-12-25T13:59:00.000,I 75,I 75 and Mm 353,,Rear End,2,Rain,Wet,Daylight
2023-05-18T16:30:00.000,I 75,I 75 and Mm 353,,Rear End,2,Cloudy,Dry,Daylight
2020-02-20T16:07:00.000,I 75,I 75 and Mm 353,,Angle Crash,3,Rain,Wet,Daylight
2020-06-27T13:20:00.000,I 75,I 75 and Mm 353,,Not a Collision with Motor Vehicle,1,Rain,Wet,Daylight
2020-01-02T23:23:00.000,I 75,I 75 and Mm 353,,Not a Collision with Motor Vehicle,1,Rain,Wet,Dark-Not Lighted
2020-10-11T16:35:00.000,I 75,I 75 and Mm 353,,Rear End,2,Cloudy,Wet,Daylight
2020-06-28T15:05:00.000,I 75,I 75 and Mm 353,,Angle Crash,2,Clear,Dry,Daylight
2020-10-11T21:38:00.000,I 75,I 75 and Mm 353,,Angle Crash,2,Rain,Wet,Dark-Not Lighted
2020-01-23T22:50:00.000,I 75,I 75 and Mm 353,,Not a Collision with Motor Vehicle,1,Rain,Wet,Dark-Not Lighted
2020-01-11T16:30:00.000,I 75,I 75 and Mm 353,,Not a Collision with Motor Vehicle,1,Rain,Wet,Daylight
2020-11-28T22:08:00.000,I 75,I 75 and Mm 353,,Sideswipe-Same Direction,2,Cloudy,Dry,Dark-Not Lighted
2021-05-07T08:40:00.000,I 75,I 75 and Mm 353,,Rear End,3,Clear,Dry,Daylight
2021-02-07T09:07:00.000,I 75,I 75 and Mm 353,,Sideswipe-Same Direction,2,Cloudy,Dry,Daylight
2021-02-05T21:34:00.000,I 75,I 75 and Mm 353,,Rear End,2,Cloudy,Dry,Dark-Not Lighted
2021-12-29T06:30:00.000,I 75,I 75 and Mm 353,,Not a Collision with Motor Vehicle,2,Rain,Wet,Dark-Not Lighted
2022-09-25T10:24:00.000,I 75,I 75 and Mm 353,,Not a Collision with Motor Vehicle,1,Rain,Wet,Daylight
2022-02-04T19:17:00.000,I 75,I 75 and Mm 353,,Angle Crash,2,Clear,Dry,Dark-Not Lighted
2022-04-01T13:23:00.000,I 75,I 75 and Mm 353,,Rear End,2,Clear,Dry,Daylight
2022-07-31T16:42:00.000,I 75,I 75 and Mm 353,,Not a Collision with Motor Vehicle,2,Cloudy,Wet,Daylight
2022-11-15T09:34:00.000,I 75,I 75 and Mm 353,,Not a Collision with Motor Vehicle,1,Rain,Wet,Daylight
2022-04-08T15:38:00.000,I 75,I 75 and Mm 353,,Rear End,2,Cloudy,Dry,Daylight
2022-03-11T23:40:00.000,I 75,I 75 and Mm 353,,Not a Collision with Motor Vehicle,1,Rain,Wet,Dark-Not Lighted
2023-12-25T13:36:00.000,I 75,I 75 and Mm 353,,Not a Collision with Motor Vehicle,1,Rain,Dry,Daylight
2023-02-26T20:15:00.000,I 75,I 75 and Mm 353,,Angle Crash,1,Clear,Dry,Dark-Not Lighted
2023-12-25T13:34:00.000,I 75,I 75 and Mm 353,,Not a Collision with Motor Vehicle,1,Rain,Wet,Daylight
2023-05-18T14:34:00.000,I 75,I 75 and Mm 353,,Rear End,2,Cloudy,Dry,Daylight
2024-10-03T21:08:00.000,I 75,I 75 and Mm 353,,Not a Collision with Motor Vehicle,1,Clear,Dry,Dark-Not Lighted
2024-10-03T21:09:00.000,I 75,I 75 and Mm 353,,Not a Collision with Motor Vehicle,1,Clear,Dry,Dark-Not Lighted
2024-05-28T13:28:00.000,I 75,I 75 and Mm 353,,Not a Collision with Motor Vehicle,1,Clear,Dry,Daylight
2024-11-02T19:15:00.000,I 75,I 75 and Mm 352.5,,Rear End,3,Clear,Dry,Dark-Not Lighted
2021-02-08T16:32:00.000,I 75,I 75 and Mm 352,,Rear End,2,Cloudy,Dry,Daylight
2020-10-10T17:59:00.000,I 75,I 75 and Mm 352,,Angle Crash,2,Rain,Wet,Daylight
2020-01-21T12:27:00.000,I 75,I 75 and Mm 352,,Rear End,2,Clear,Dry,Daylight
2022-02-21T12:08:00.000,I 75,I 75 and Mm 352,,Rear End,2,Cloudy,Dry,Daylight
2022-07-08T22:28:00.000,I 75,I 75 and Mm 352,,Not a Collision with Motor Vehicle,1,Rain,Wet,Dark-Not Lighted
2022-06-06T19:00:00.000,I 75,I 75 and Mm 352,,Not a Collision with Motor Vehicle,1,Rain,Wet,Daylight
2024-04-17T15:27:00.000,I 75,I 75 and Mm 352,,Angle Crash,2,Rain,Wet,Daylight
2023-12-02T22:07:00.000,I 75,I 75 and Mm 352,,Not a Collision with Motor Vehicle,1,Rain,Wet,Dark-Not Lighted
2023-05-08T04:54:00.000,I 75,I 75 and Mm 352,,Not a Collision with Motor Vehicle,1,Rain,Wet,Dark-Not Lighted
2023-05-20T14:13:00.000,I 75,I 75 and Mm 352,,Not a Collision with Motor Vehicle,2,Clear,Wet,Daylight
2023-09-07T22:09:00.000,I 75,I 75 and Mm 352,,Rear End,2,Clear,Dry,Dark-Not Lighted
2024-01-06T14:18:00.000,I 75,I 75 and Mm 352,,Rear End,2,Clear,Dry,Daylight
2024-03-30T11:43:00.000,I 75,I 75 and Mm 352,,Rear End,3,Clear,Dry,Daylight
2021-10-04T17:22:00.000,I 75,I 75 and Mm 351,,Sideswipe-Same Direction,2,Clear,Dry,Daylight
2021-07-05T05:50:00.000,I 75,I 75 and Mm 351,,Angle Crash,2,Cloudy,Dry,Dark-Not Lighted
2022-05-23T13:47:00.000,I 75,I 75 and Mm 351,,Sideswipe-Same Direction,2,Rain,Wet,Daylight
2024-01-08T14:28:00.000,I 75,I 75 and Mm 351,,Not a Collision with Motor Vehicle,1,Cloudy,Dry,Daylight
2024-05-17T04:10:00.000,I 75,I 75 and Mm 351,,Angle Crash,2,Cloudy,Dry,Dark-Not Lighted
2024-09-27T20:00:00.000,I 75,I 75 and Mm 351,,Not a Collision with Motor Vehicle,1,Rain,Wet,Dark-Not Lighted
2021-10-28T13:33:00.000,I 75,I 75 and Mm 350 Exit Rp,,Sideswipe-Same Direction,2,Cloudy,Wet,Daylight
2020-05-12T19:28:00.000,I 75,I 75 and Mm 350,,Sideswipe-Same Direction,2,Clear,Dry,Dusk
2021-01-25T13:10:00.000,I 75,I 75 and Mm 350,,Sideswipe-Same Direction,2,Rain,Wet,Daylight
2021-11-02T13:52:00.000,I 75,I 75 and Mm 350,,Angle Crash,2,Clear,Dry,Daylight
2021-10-13T14:35:00.000,I 75,I 75 and Mm 350,,Not a Collision with Motor Vehicle,1,Clear,Dry,Daylight
2021-08-05T20:40:00.000,I 75,I 75 and Mm 350,,Rear End,2,Clear,Dry,Dark-Not Lighted
2022-08-27T15:42:00.000,I 75,I 75 and Mm 350,,Sideswipe-Same Direction,3,Clear,Dry,Daylight
2022-03-08T22:31:00.000,I 75,I 75 and Mm 350,,Angle Crash,2,Rain,Wet,Dark-Not Lighted
2022-01-05T10:52:00.000,I 75,I 75 and Mm 350,,Sideswipe-Same Direction,2,Cloudy,Dry,Daylight
2024-10-06T18:20:00.000,I 75,I 75 and Mm 350,,Rear End,2,Clear,Dry,Daylight
2024-09-11T06:34:00.000,I 75,I 75 and Mm 350,,Sideswipe-Same Direction,2,Cloudy,Dry,Dark-Not Lighted
2022-05-08T06:12:00.000,I 75,I 75 and Mm 35,,Sideswipe-Same Direction,2,Clear,Dry,Dark-Not Lighted
2022-05-08T06:02:00.000,I 75,I 75 and Mm 35,,Rear End,2,Clear,Dry,Dark-Not Lighted
2023-07-13T01:30:00.000,I 75,I 75 and Mm 349,,Sideswipe-Same Direction,3,Cloudy,Dry,Dark-Not Lighted
2020-06-16T15:45:00.000,I 75,I 75 and Mm 349,,Not a Collision with Motor Vehicle,1,Cloudy,Dry,Daylight
2020-09-21T16:00:00.000,I 75,I 75 and Mm 349,,Not a Collision with Motor Vehicle,2,Clear,Dry,Daylight
2022-04-07T13:57:00.000,I 75,I 75 and Mm 349,,Sideswipe-Same Direction,2,Cloudy,Dry,Daylight
2024-04-02T06:58:00.000,I 75,I 75 and Mm 349,,Sideswipe-Same Direction,2,Cloudy,Dry,Dawn
2024-02-20T21:16:00.000,I 75,I 75 and Mm 349,,Angle Crash,2,Clear,Dry,Dark-Not Lighted
2021-02-27T16:36:00.000,I 75,I 75 and Mm 348,,Sideswipe-Same Direction,2,Cloudy,Dry,Daylight
2023-08-27T12:05:00.000,I 75,I 75 and Mm 348,,Sideswipe-Same Direction,2,Clear,Dry,Daylight
2020-03-01T04:35:00.000,I 75,I 75 and Mm 348,,Not a Collision with Motor Vehicle,1,Clear,Dry,Dark-Lighted
2021-08-14T17:09:00.000,I 75,I 75 and Mm 348,,Not a Collision with Motor Vehicle,2,Cloudy,Dry,Daylight
2022-04-15T00:31:00.000,I 75,I 75 and Mm 348,,Angle Crash,3,Clear,Dry,Dark-Not Lighted
2024-10-08T18:16:00.000,I 75,I 75 and Mm 348,,Not a Collision with Motor Vehicle,2,Clear,Dry,Daylight
2023-11-14T07:11:00.000,I 75,I 75 and Mm 347,,Angle Crash,2,Clear,Dry,Daylight
2020-05-17T03:46:00.000,I 75,I 75 and Mm 347,,Sideswipe-Same Direction,2,Clear,Dry,Dark-Not Lighted
2021-12-21T21:37:00.000,I 75,I 75 and Mm 347,,Rear End,2,Cloudy,Dry,Dark-Not Lighted
2022-12-18T21:02:00.000,I 75,I 75 and Mm 347,,Sideswipe-Same Direction,2,Clear,Dry,Dark-Not Lighted
2023-09-16T21:25:00.000,I 75,I 75 and Mm 347,,Sideswipe-Same Direction,2,Cloudy,Dry,Dark-Not Lighted
2023-09-01T14:38:00.000,I 75,I 75 and Mm 346,,Angle Crash,2,Cloudy,Dry,Daylight
2023-06-12T18:50:00.000,I 75,I 75 and Mm 346,,Not a Collision with Motor Vehicle,1,Clear,Dry,Daylight
2022-02-19T08:33:00.000,I 75,I 75 and Mm 346,,Angle Crash,2,Clear,Dry,Daylight
2022-09-25T11:51:00.000,I 75,I 75 and Mm 345 Exit Rp,,Not a Collision with Motor Vehicle,1,Cloudy,Wet,Daylight
2021-06-19T18:30:00.000,I 75,I 75 and Mm 345,,Not a Collision with Motor Vehicle,1,Rain,Wet,Daylight
2021-03-23T17:00:00.000,I 75,I 75 and Mm 345,,Angle Crash,3,Rain,Wet,Daylight
2023-05-08T04:56:00.000,I 75,I 75 and Mm 345,,Not a Collision with Motor Vehicle,1,Rain,Wet,Dark-Not Lighted
2021-08-17T08:58:00.000,I 75,I 75 and Mm 345,,Not a Collision with Motor Vehicle,1,Rain,Wet,Daylight
2022-04-13T22:00:00.000,I 75,I 75 and Mm 345,,Angle Crash,2,Cloudy,Dry,Dark-Not Lighted
2022-06-25T18:55:00.000,I 75,I 75 and Mm 345,,Angle Crash,1,Rain,Wet,Daylight
2023-11-25T18:28:00.000,I 75,I 75 and Mm 345,,Sideswipe-Same Direction,2,Cloudy,Dry,Dark-Not Lighted
2024-01-26T00:23:00.000,I 75,I 75 and Mm 345,,Rear End,2,Cloudy,Wet,Dark-Not Lighted
2020-11-19T14:50:00.000,I 75,I 75 and Mm 344 I75 Nothbound,,Sideswipe-Same Direction,2,Clear,Dry,Daylight
2021-10-18T16:43:00.000,I 75,I 75 and Mm 344,,Rear End,2,Clear,Dry,Daylight
2023-12-13T12:22:00.000,I 75,I 75 and Mm 344,,Rear End,3,Clear,Dry,Daylight
2023-12-02T21:17:00.000,I 75,I 75 and Mm 344,,Not a Collision with Motor Vehicle,1,Rain,Wet,Dark-Not Lighted
2024-05-11T13:24:00.000,I 75,I 75 and Mm 344,,Rear End,2,Clear,Dry,Daylight
2024-01-25T03:32:00.000,I 75,I 75 and Mm 343  Weigh Sta,,Sideswipe-Same Direction,2,Rain,Wet,Dark-Not Lighted
2021-10-18T15:55:00.000,I 75,I 75 and Mm 343,,Angle Crash,2,Clear,Dry,Daylight
2021-03-10T11:51:00.000,I 75,I 75 and Mm 343,,Rear End,2,Clear,Dry,Daylight
2021-12-31T20:16:00.000,I 75,I 75 and Mm 343,,Sideswipe-Same Direction,2,Cloudy,Wet,Dark-Not Lighted
2023-03-29T09:13:00.000,I 75,I 75 and Mm 343,,Sideswipe-Same Direction,2,Clear,Dry,Daylight
2023-08-14T10:19:00.000,I 75,I 75 and Mm 343,,Rear End,2,Clear,Dry,Daylight
2022-01-24T14:05:00.000,I 75,I 75 and Mm 343,,Rear End,2,Clear,Dry,Daylight
2023-08-12T14:57:00.000,I 75,I 75 and Mm 343,,Not a Collision with Motor Vehicle,1,Cloudy,Dry,Daylight
2024-03-28T18:20:00.000,I 75,I 75 and Mm 343,,Rear End,2,Clear,Dry,Daylight
2024-04-30T19:54:00.000,I 75,I 75 and Mm 342  Mccd Weigh Sta,,Sideswipe-Same Direction,1,Clear,Dry,Daylight
2020-07-19T16:41:00.000,I 75,I 75 and Mm 342,,Rear End,2,Rain,Wet,Daylight
2022-04-14T23:13:00.000,I 75,I 75 and Mm 342,,Not a Collision with Motor Vehicle,3,Clear,Dry,Dark-Not Lighted
2022-04-04T11:03:00.000,I 75,I 75 and Mm 342,,Rear End,2,Clear,Dry,Daylight
2024-09-11T12:50:00.000,I 75,I 75 and Mm 342,,Sideswipe-Same Direction,2,Clear,Dry,Daylight
2023-08-04T07:52:00.000,I 75,I 75 and Mm 342,,Sideswipe-Same Direction,2,Clear,Dry,Daylight
2021-07-06T20:56:00.000,I 75,I 75 and Mm 341,,Not a Collision with Motor Vehicle,1,Cloudy,Dry,Dark-Not Lighted
2021-10-19T17:03:00.000,I 75,I 75 and Mm 341,,Not a Collision with Motor Vehicle,2,Clear,Dry,Daylight
2022-04-04T15:30:00.000,I 75,I 75 and Mm 341,,Not a Collision with Motor Vehicle,1,Cloudy,Dry,Daylight
2024-02-14T15:18:00.000,I 75,I 75 and Mm 341,,Angle Crash,4,Clear,Dry,Daylight
2023-09-20T00:01:00.000,I 75,I 75 and Mm 340,,Sideswipe-Same Direction,2,Clear,Dry,Dark-Not Lighted
2023-01-21T12:01:00.000,I 75,I 75 and Mm 340,,Sideswipe-Same Direction,2,Clear,Dry,Daylight
2022-06-24T22:01:00.000,I 75,I 75 and Mm 34,,Rear End,2,Clear,Dry,Dark-Not Lighted
2023-06-18T08:51:00.000,I 75,I 75 and Mm 34,,Not a Collision with Motor Vehicle,1,Clear,Dry,Daylight
2021-05-04T14:58:00.000,I 75,I 75 and Mm 339,,Sideswipe-Same Direction,2,Rain,Wet,Daylight
2020-09-27T02:59:00.000,I 75,I 75 and Mm 339,,Not a Collision with Motor Vehicle,1,Clear,Dry,Dark-Not Lighted
2022-07-05T00:38:00.000,I 75,I 75 and Mm 339,,Sideswipe-Same Direction,2,Clear,Dry,Dark-Not Lighted
2022-05-06T22:14:00.000,I 75,I 75 and Mm 339,,Not a Collision with Motor Vehicle,1,Cloudy,Dry,Dark-Not Lighted
2024-12-13T22:19:00.000,I 75,I 75 and Mm 339,,Sideswipe-Same Direction,2,Clear,Dry,Dark-Not Lighted
2024-03-26T13:48:00.000,I 75,I 75 and Mm 339,,Angle Crash,3,Rain,Wet,Daylight
2023-04-01T19:11:00.000,I 75,I 75 and Mm 338,,Angle Crash,2,Clear,Dry,Daylight
2023-09-24T18:55:00.000,I 75,I 75 and Mm 338,,Not a Collision with Motor Vehicle,1,Clear,Dry,Daylight
2022-09-19T07:35:00.000,I 75,I 75 and Mm 338,,Sideswipe-Same Direction,2,Clear,Dry,Daylight
2021-10-26T21:54:00.000,I 75,I 75 and Mm 338,,Sideswipe-Same Direction,2,Clear,Dry,Dark-Not Lighted
2024-02-14T20:03:00.000,I 75,I 75 and Mm 337.5,,Sideswipe-Same Direction,2,Clear,Dry,Dark-Not Lighted
2021-11-30T15:38:00.000,I 75,I 75 and Mm 337,,Sideswipe-Same Direction,2,Clear,Dry,Daylight
2021-03-04T14:10:00.000,I 75,I 75 and Mm 337,,Sideswipe-Same Direction,2,Clear,Dry,Daylight
2021-01-30T23:22:00.000,I 75,I 75 and Mm 337,,Sideswipe-Same Direction,2,Rain,Wet,Dark-Not Lighted
2021-07-05T12:55:00.000,I 75,I 75 and Mm 337,,Sideswipe-Same Direction,2,Clear,Dry,Daylight
2020-12-19T08:50:00.000,I 75,I 75 and Mm 337,,Sideswipe-Same Direction,2,Clear,Dry,Daylight
2023-06-13T07:23:00.000,I 75,I 75 and Mm 337,,Sideswipe-Same Direction,2,Clear,Dry,Daylight
2022-04-17T03:17:00.000,I 75,I 75 and Mm 337,,Angle Crash,2,Cloudy,Dry,Dark-Not Lighted
2022-01-01T20:15:00.000,I 75,I 75 and Mm 337,,Sideswipe-Same Direction,2,Rain,Wet,Dark-Not Lighted
2023-01-29T12:36:00.000,I 75,I 75 and Mm 337,,Sideswipe-Same Direction,2,Rain,Wet,Daylight
2023-12-01T23:39:00.000,I 75,I 75 and Mm 337,,Angle Crash,3,Cloudy,Wet,Dark-Not Lighted
2024-07-29T10:36:00.000,I 75,I 75 and Mm 337,,Head On,2,Rain,Wet,Daylight
2021-10-16T16:37:00.000,I 75,I 75 and Mm 336,,Not a Collision with Motor Vehicle,1,Clear,Dry,Daylight
2021-03-07T03:46:00.000,I 75,I 75 and Mm 336,,Angle Crash,2,Clear,Dry,Dark-Not Lighted
2021-12-19T03:57:00.000,I 75,I 75 and Mm 336,,Not a Collision with Motor Vehicle,1,Rain,Wet,Dark-Not Lighted
2020-11-16T00:10:00.000,I 75,I 75 and Mm 336,,Angle Crash,2,Clear,Dry,Dark-Not Lighted
2020-05-30T22:16:00.000,I 75,I 75 and Mm 336,,Sideswipe-Same Direction,2,Clear,Dry,Dark-Lighted
2020-06-30T13:49:00.000,I 75,I 75 and Mm 336,,Not a Collision with Motor Vehicle,1,Cloudy,Dry,Daylight
2021-06-14T13:45:00.000,I 75,I 75 and Mm 336,,Not a Collision with Motor Vehicle,2,Clear,Dry,Daylight
2021-12-19T00:28:00.000,I 75,I 75 and Mm 336,,Not a Collision with Motor Vehicle,1,Cloudy,Wet,Dark-Lighted
2021-08-31T09:23:00.000,I 75,I 75 and Mm 336,,Not a Collision with Motor Vehicle,1,Rain,Wet,Daylight
2022-01-17T17:32:00.000,I 75,I 75 and Mm 336,,Not a Collision with Motor Vehicle,1,Cloudy,Dry,Dusk
2024-07-29T10:36:00.000,I 75,I 75 and Mm 336,,Rear End,2,Rain,Wet,Daylight
2023-12-30T18:42:00.000,I 75,I 75 and Mm 336,,Not a Collision with Motor Vehicle,1,Cloudy,Dry,Dark-Not Lighted