Date and Time,Roadway (From Crash Report),Intersection Name (from Crash Report),KABCO Severity,Manner of Collision (Crash Level) ,# of Vehicles per crash ,Weather Conditions (Crash Level),Surface Condition (Crash Level) ,Light Conditions (Crash Level)
2023-10-06T12:22:00.000,I 75,I 75 and Mm 335,,Sideswipe-Same Direction,2,Cloudy,Dry,Daylight
2022-03-08T11:45:00.000,I 75,I 75 and Mm 335,,Angle Crash,2,Clear,Dry,Daylight
2024-04-16T13:56:00.000,I 75,I 75 and Mm 335,,Not a Collision with Motor Vehicle,1,Clear,Dry,Daylight
2024-01-12T14:26:00.000,I 75,I 75 and Mm 335,,Sideswipe-Same Direction,2,Rain,Wet,Daylight
2021-12-08T19:57:00.000,I 75,I 75 and Mm 334,,Sideswipe-Same Direction,2,Clear,Dry,Dark-Not Lighted
2021-02-27T18:42:00.000,I 75,I 75 and Mm 334,,Not a Collision with Motor Vehicle,2,Cloudy,Dry,Dark-Not Lighted
2023-04-01T22:57:00.000,I 75,I 75 and Mm 334,,Not a Collision with Motor Vehicle,1,Clear,Dry,Dark-Not Lighted
2021-11-09T12:12:00.000,I 75,I 75 and Mm 334,,Sideswipe-Same Direction,2,Clear,Dry,Daylight
2022-02-04T14:06:00.000,I 75,I 75 and Mm 334,,Angle Crash,2,Clear,Dry,Daylight
2021-11-24T08:31:00.000,I 75,I 75 and Mm 333 Entrance Rp,,Not a Collision with Motor Vehicle,1,Clear,Dry,Daylight
2021-05-03T15:38:00.000,I 75,I 75 and Mm 333,,Sideswipe-Same Direction,2,Clear,Dry,Daylight
2021-06-15T14:00:00.000,I 75,I 75 and Mm 333,,Angle Crash,2,Clear,Dry,Daylight
2023-01-15T11:06:00.000,I 75,I 75 and Mm 332,,Sideswipe-Same Direction,2,Clear,Dry,Daylight
2023-04-02T19:39:00.000,I 75,I 75 and Mm 332,,Sideswipe-Same Direction,3,Cloudy,Dry,Daylight
2020-09-06T14:47:00.000,I 75,I 75 and Mm 332,,Sideswipe-Same Direction,2,Clear,Dry,Daylight
2020-09-30T09:32:00.000,I 75,I 75 and Mm 332,,Rear End,2,Clear,Dry,Daylight
2020-08-09T22:36:00.000,I 75,I 75 and Mm 332,,Not a Collision with Motor Vehicle,1,Clear,Wet,Dark-Not Lighted
2020-08-09T22:36:00.000,I 75,I 75 and Mm 332,,Not a Collision with Motor Vehicle,1,Clear,Wet,Dark-Not Lighted
2021-12-28T21:58:00.000,I 75,I 75 and Mm 332,,Angle Crash,2,Cloudy,Dry,Dark-Not Lighted
2022-10-06T13:22:00.000,I 75,I 75 and Mm 332,,Sideswipe-Same Direction,2,Clear,Dry,Daylight
2023-10-12T13:53:00.000,I 75,I 75 and Mm 332,,Sideswipe-Same Direction,2,Cloudy,Dry,Daylight
2021-02-12T07:23:00.000,I 75,I 75 and Mm 331,,Rear End,2,Cloudy,Wet,Dawn
2023-05-26T07:56:00.000,I 75,I 75 and Mm 331,,Sideswipe-Same Direction,2,Clear,Dry,Daylight
2023-11-28T22:49:00.000,I 75,I 75 and Mm 331,,Sideswipe-Same Direction,2,Clear,Dry,Dark-Not Lighted
2023-12-29T08:43:00.000,I 75,I 75 and Mm 331,,Sideswipe-Same Direction,2,Rain,Wet,Daylight
2024-11-01T19:24:00.000,I 75,I 75 and Mm 331,,Sideswipe-Same Direction,2,Cloudy,Dry,Dark-Not Lighted
2024-06-24T19:20:00.000,I 75,I 75 and Mm 331,,Not a Collision with Motor Vehicle,1,Clear,Dry,Daylight
2022-06-08T14:20:00.000,I 75,I 75 and Mm 330,,Not a Collision with Motor Vehicle,1,Clear,Dry,Daylight
2022-03-08T04:05:00.000,I 75,I 75 and Mm 330,,Not a Collision with Motor Vehicle,1,Clear,Dry,Dark-Not Lighted
2022-03-08T04:05:00.000,I 75,I 75 and Mm 330,,Not a Collision with Motor Vehicle,1,Clear,Dry,Dark-Not Lighted
2024-07-14T02:12:00.000,I 75,I 75 and Mm 330,,Rear End,2,Clear,Dry,Dark-Not Lighted
2021-05-12T03:22:00.000,I 75,I 75 and Mm 329,,Not a Collision with Motor Vehicle,1,Cloudy,Dry,Dark-Not Lighted
2021-02-24T06:34:00.000,I 75,I 75 and Mm 329,,Rear End,2,Clear,Dry,Dark-Not Lighted
2023-07-22T12:22:00.000,I 75,I 75 and Mm 329,,Rear End,2,Clear,Dry,Daylight
2020-10-31T22:15:00.000,I 75,I 75 and Mm 329,,Rear End,6,Clear,Dry,Dark-Not Lighted
2020-07-21T09:23:00.000,I 75,I 75 and Mm 329,,Not a Collision with Motor Vehicle,1,Clear,Dry,Daylight
2021-11-23T20:13:00.000,I 75,I 75 and Mm 329,,Rear End,2,Clear,Dry,Dark-Not Lighted
2021-02-10T11:03:00.000,I 75,I 75 and Mm 328,,Not a Collision with Motor Vehicle,1,Clear,Dry,Daylight
2021-08-05T14:53:00.000,I 75,I 75 and Mm 327,,Sideswipe-Same Direction,2,Clear,Dry,Daylight
2021-03-11T14:30:00.000,I 75,I 75 and Mm 327,,Sideswipe-Same Direction,2,Cloudy,Dry,Daylight
2022-09-28T23:11:00.000,I 75,I 75 and Mm 327,,Head On,2,Clear,Dry,Dark-Lighted
2022-09-28T23:23:00.000,I 75,I 75 and Mm 327,,Rear End,2,Clear,Dry,Dark-Not Lighted
2023-12-03T00:28:00.000,I 75,I 75 and Mm 327,,Sideswipe-Same Direction,2,Rain,Wet,Dark-Not Lighted
2023-10-07T07:30:00.000,I 75,I 75 and Mm 327,,Sideswipe-Same Direction,2,Clear,Dry,Dark-Not Lighted
2024-01-13T09:32:00.000,I 75,I 75 and Mm 327,,Not a Collision with Motor Vehicle,1,Clear,Dry,Daylight
2024-10-27T07:00:00.000,I 75,I 75 and Mm 327,,Not a Collision with Motor Vehicle,1,Clear,Dry,Dark-Lighted
2020-11-03T06:25:00.000,I 75,I 75 and Mm 326 Carbondale Rd,,Rear End,2,Clear,Dry,Dark-Not Lighted
2022-10-11T21:52:00.000,I 75,I 75 and Mm 326,,Not a Collision with Motor Vehicle,2,Clear,Dry,Dark-Not Lighted
2022-09-30T01:40:00.000,I 75,I 75 and Mm 326,,Not a Collision with Motor Vehicle,1,Clear,Dry,Dark-Not Lighted
2024-10-29T07:18:00.000,I 75,I 75 and Mm 326,,Sideswipe-Same Direction,2,Clear,Dry,Dusk
2024-11-01T04:21:00.000,I 75,I 75 and Mm 326,,Sideswipe-Same Direction,3,Rain,Wet,Dark-Not Lighted
2023-05-25T07:35:00.000,I 75,I 75 and Mm 325,,Angle Crash,3,Clear,Dry,Daylight
2023-05-25T07:35:00.000,I 75,I 75 and Mm 325,,Angle Crash,3,Clear,Dry,Daylight
2022-08-22T08:00:00.000,I 75,I 75 and Mm 325,,Sideswipe-Same Direction,2,Clear,Dry,Daylight
2023-12-26T01:12:00.000,I 75,I 75 and Mm 325,,Sideswipe-Same Direction,2,Rain,Wet,Dark-Not Lighted
2024-09-01T21:50:00.000,I 75,I 75 and Mm 325,,Not a Collision with Motor Vehicle,1,Clear,Dry,Dark-Not Lighted
2024-05-19T01:16:00.000,I 75,I 75 and Mm 325,,Not a Collision with Motor Vehicle,1,Clear,Dry,Dark-Not Lighted
2024-02-19T21:53:00.000,I 75,I 75 and Mm 325,,Sideswipe-Same Direction,2,Clear,Dry,Dark-Not Lighted
2024-05-19T01:19:00.000,I 75,I 75 and Mm 325,,Angle Crash,2,Cloudy,Dry,Dark-Not Lighted
2021-04-03T12:20:00.000,I 75,I 75 and Mm 324,,Not a Collision with Motor Vehicle,1,Clear,Dry,Daylight
2020-09-27T06:12:00.000,I 75,I 75 and Mm 324,,Not a Collision with Motor Vehicle,1,Cloudy,Dry,Dark-Not Lighted
2020-08-28T14:55:00.000,I 75,I 75 and Mm 324,,Not a Collision with Motor Vehicle,2,Cloudy,Dry,Daylight
2022-09-12T10:25:00.000,I 75,I 75 and Mm 323,,Sideswipe-Same Direction,2,Clear,Dry,Daylight
2024-06-05T05:06:00.000,I 75,I 75 and Mm 323,,Rear End,2,Cloudy,Dry,Dark-Not Lighted
2021-11-18T21:39:00.000,I 75,I 75 and Mm 322,,Sideswipe-Same Direction,2,Cloudy,Dry,Dark-Not Lighted
2021-03-19T15:56:00.000,I 75,I 75 and Mm 322,,Not a Collision with Motor Vehicle,2,Cloudy,Dry,Daylight
2022-04-09T15:28:00.000,I 75,I 75 and Mm 322,,Rear End,2,Cloudy,Dry,Daylight
2021-06-30T15:23:00.000,I 75,I 75 and Mm 322,,Rear End,3,Clear,Dry,Daylight
2021-12-15T11:22:00.000,I 75,I 75 and Mm 322,,Rear End,2,Clear,Dry,Daylight
2022-06-19T09:07:00.000,I 75,I 75 and Mm 322,,Sideswipe-Same Direction,2,Clear,Dry,Daylight
2022-03-09T07:43:00.000,I 75,I 75 and Mm 322,,Rear End,2,Clear,Dry,Daylight
2022-11-02T21:11:00.000,I 75,I 75 and Mm 322,,Sideswipe-Same Direction,2,Clear,Dry,Dark-Not Lighted
2022-11-03T06:39:00.000,I 75,I 75 and Mm 322,,Not a Collision with Motor Vehicle,2,Clear,Dry,Dark-Not Lighted
2022-11-03T06:41:00.000,I 75,I 75 and Mm 322,,Not a Collision with Motor Vehicle,2,Clear,Dry,Dark-Not Lighted
2021-11-05T11:30:00.000,I 75,I 75 and Mm 321,,Sideswipe-Same Direction,2,Cloudy,Dry,Daylight
2023-12-27T10:54:00.000,I 75,I 75 and Mm 321,,Rear End,3,Clear,Dry,Daylight
2020-08-18T01:19:00.000,I 75,I 75 and Mm 321,,Sideswipe-Same Direction,2,Clear,Dry,Dark-Not Lighted
2021-07-27T06:42:00.000,I 75,I 75 and Mm 321,,Not a Collision with Motor Vehicle,1,Clear,Dry,Daylight
2022-11-29T13:40:00.000,I 75,I 75 and Mm 321,,Not a Collision with Motor Vehicle,2,Clear,Dry,Daylight
2022-12-20T14:44:00.000,I 75,I 75 and Mm 321,,Not a Collision with Motor Vehicle,1,Cloudy,Dry,Daylight
2021-01-16T16:30:00.000,I 75,I 75 and Mm 320,,Sideswipe-Same Direction,2,Clear,Dry,Daylight
2021-08-03T16:21:00.000,I 75,I 75 and Mm 320,,Rear End,2,Clear,Dry,Daylight
2023-09-01T16:44:00.000,I 75,I 75 and Mm 320,,Sideswipe-Same Direction,2,Clear,Dry,Daylight
2020-07-17T19:52:00.000,I 75,I 75 and Mm 320,,Not a Collision with Motor Vehicle,1,Clear,Dry,Daylight
2021-02-14T04:18:00.000,I 75,I 75 and Mm 320,,Not a Collision with Motor Vehicle,1,Clear,Dry,Dark-Not Lighted
2022-10-25T19:31:00.000,I 75,I 75 and Mm 320,,Sideswipe-Same Direction,2,Cloudy,Dry,Dark-Not Lighted
2022-07-03T09:22:00.000,I 75,I 75 and Mm 320,,Sideswipe-Same Direction,5,Clear,Dry,Daylight
2022-02-07T00:10:00.000,I 75,I 75 and Mm 320,,Not a Collision with Motor Vehicle,1,Clear,Dry,Dark-Not Lighted
2022-07-18T13:55:00.000,I 75,I 75 and Mm 320,,Not a Collision with Motor Vehicle,1,Cloudy,Dry,Daylight
2022-07-03T14:21:00.000,I 75,I 75 and Mm 320,,Not a Collision with Motor Vehicle,1,Rain,Wet,Daylight
2022-06-13T10:57:00.000,I 75,I 75 and Mm 320,,Rear End,2,Clear,Dry,Daylight
2023-07-09T15:30:00.000,I 75,I 75 and Mm 320,,Sideswipe-Same Direction,3,Clear,Dry,Daylight
2024-04-16T19:19:00.000,I 75,I 75 and Mm 320,,Rear End,2,Clear,Dry,Daylight
2024-02-17T05:30:00.000,I 75,I 75 and Mm 320,,Not a Collision with Motor Vehicle,1,Clear,Dry,Dark-Not Lighted
2024-11-18T01:25:00.000,I 75,I 75 and Mm 320,,Angle Crash,1,Clear,Dry,Dark-Lighted
2021-10-08T15:55:00.000,I 75,I 75 and Mm 319,,Sideswipe-Same Direction,2,Clear,Dry,Daylight
2021-04-25T23:15:00.000,I 75,I 75 and Mm 319,,Sideswipe-Same Direction,2,Clear,Dry,Dark-Not Lighted
2022-09-25T12:12:00.000,I 75,I 75 and Mm 319,,Not a Collision with Motor Vehicle,1,Cloudy,Dry,Daylight
2022-04-21T15:00:00.000,I 75,I 75 and Mm 319,,Rear End,2,Clear,Dry,Daylight
2022-09-05T21:44:00.000,I 75,I 75 and Mm 319,,Sideswipe-Same Direction,3,Clear,Wet,Dark-Not Lighted
2021-08-31T11:47:00.000,I 75,I 75 and Mm 318,,Rear End,2,Rain,Wet,Daylight
2021-10-14T10:35:00.000,I 75,I 75 and Mm 318,,Sideswipe-Same Direction,2,Clear,Dry,Daylight
2023-05-06T03:11:00.000,I 75,I 75 and Mm 318,,Sideswipe-Same Direction,2,Cloudy,Dry,Dark-Not Lighted
2023-01-25T03:40:00.000,I 75,I 75 and Mm 318,,Sideswipe-Same Direction,2,Rain,Wet,Dark-Not Lighted
2022-01-19T06:48:00.000,I 75,I 75 and Mm 318,,Sideswipe-Same Direction,2,Clear,Dry,Dark-Not Lighted
2020-08-23T20:50:00.000,I 75,I 75 and Mm 318,,Not a Collision with Motor Vehicle,1,Rain,Wet,Dark-Not Lighted
2020-03-18T12:43:00.000,I 75,I 75 and Mm 318,,Rear End,2,Cloudy,Dry,Daylight
2021-01-08T12:18:00.000,I 75,I 75 and Mm 318,,Sideswipe-Same Direction,2,Rain,Wet,Daylight
2021-12-11T12:15:00.000,I 75,I 75 and Mm 318,,Rear End,2,Cloudy,Wet,Daylight
2021-09-18T17:56:00.000,I 75,I 75 and Mm 318,,Not a Collision with Motor Vehicle,1,Rain,Wet,Daylight
2022-09-09T20:29:00.000,I 75,I 75 and Mm 318,,Not a Collision with Motor Vehicle,1,Cloudy,Dry,Dark-Not Lighted
2022-07-19T20:17:00.000,I 75,I 75 and Mm 318,,Sideswipe-Same Direction,2,Rain,Wet,Daylight
2022-12-03T14:10:00.000,I 75,I 75 and Mm 318,,Sideswipe-Same Direction,2,Cloudy,Wet,Daylight
2022-08-20T19:13:00.000,I 75,I 75 and Mm 318,,Sideswipe-Same Direction,2,Clear,Dry,Daylight
2024-12-16T02:25:00.000,I 75,I 75 and Mm 318,,Rear End,3,Cloudy,Wet,Dark-Not Lighted
2023-01-12T15:07:00.000,I 75,I 75 and Mm 317,,Angle Crash,2,Rain,Wet,Daylight
2023-01-22T16:25:00.000,I 75,I 75 and Mm 317,,Not a Collision with Motor Vehicle,2,Rain,Wet,Daylight
2022-11-23T13:55:00.000,I 75,I 75 and Mm 317,,Not a Collision with Motor Vehicle,1,Clear,Dry,Daylight
2022-12-29T13:24:00.000,I 75,I 75 and Mm 317,,Sideswipe-Same Direction,2,Clear,Dry,Daylight
2022-12-23T10:56:00.000,I 75,I 75 and Mm 317,,Sideswipe-Same Direction,2,Clear,Dry,Daylight
2024-10-14T23:47:00.000,I 75,I 75 and Mm 317,,Not a Collision with Motor Vehicle,1,Clear,Dry,Dark-Not Lighted
2023-01-12T20:21:00.000,I 75,I 75 and Mm 316,,Not a Collision with Motor Vehicle,2,Cloudy,Wet,Dark-Not Lighted
2023-01-30T18:22:00.000,I 75,I 75 and Mm 316,,Sideswipe-Same Direction,2,Cloudy,Dry,Dark-Not Lighted
2022-08-28T17:36:00.000,I 75,I 75 and Mm 316,,Sideswipe-Same Direction,2,Clear,Dry,Daylight
2020-11-29T13:48:00.000,I 75,I 75 and Mm 316,,Rear End,2,Cloudy,Dry,Daylight
2022-09-25T15:05:00.000,I 75,I 75 and Mm 316,,Angle Crash,2,Clear,Dry,Daylight
2021-09-03T17:36:00.000,I 75,I 75 and Mm 315,,Head On,1,Clear,Dry,Daylight
2023-01-08T14:10:00.000,I 75,I 75 and Mm 315,,Not a Collision with Motor Vehicle,1,Cloudy,Wet,Daylight
2020-04-29T15:45:00.000,I 75,I 75 and Mm 315,,Sideswipe-Same Direction,2,Clear,Dry,Daylight
2020-02-21T15:25:00.000,I 75,I 75 and Mm 315,,Sideswipe-Same Direction,2,Clear,Dry,Daylight
2020-02-06T07:45:00.000,I 75,I 75 and Mm 315,,Not a Collision with Motor Vehicle,1,Rain,Wet,Dawn
2021-09-03T17:36:00.000,I 75,I 75 and Mm 315,,Not a Collision with Motor Vehicle,1,Clear,Dry,Daylight
2022-11-29T17:10:00.000,I 75,I 75 and Mm 315,,Not a Collision with Motor Vehicle,1,Clear,Dry,Daylight
2021-09-03T15:30:00.000,I 75,I 75 and Mm 314,,Rear End,2,Clear,Dry,Daylight
2021-09-03T15:30:00.000,I 75,I 75 and Mm 314,,Sideswipe-Same Direction,2,Clear,Dry,Daylight
2022-04-18T15:30:00.000,I 75,I 75 and Mm 314,,Sideswipe-Same Direction,2,Clear,Dry,Daylight
2022-10-12T09:55:00.000,I 75,I 75 and Mm 314,,Sideswipe-Same Direction,2,Cloudy,Wet,Daylight
2022-12-11T08:24:00.000,I 75,I 75 and Mm 314,,Sideswipe-Same Direction,2,Rain,Wet,Daylight
2022-04-18T15:30:00.000,I 75,I 75 and Mm 314,,Rear End,3,Clear,Dry,Daylight
2024-10-20T02:50:00.000,I 75,I 75 and Mm 314,,Sideswipe-Same Direction,2,Clear,Dry,Dark-Not Lighted
2023-05-06T03:13:00.000,I 75,I 75 and Mm 313,,Sideswipe-Same Direction,2,Cloudy,Dry,Dark-Not Lighted
2020-04-17T15:47:00.000,I 75,I 75 and Mm 313,,Not a Collision with Motor Vehicle,1,Clear,Dry,Daylight
2022-10-14T12:20:00.000,I 75,I 75 and Mm 313,,Sideswipe-Same Direction,2,Clear,Dry,Daylight
2022-12-05T08:49:00.000,I 75,I 75 and Mm 313,,Not a Collision with Motor Vehicle,2,Rain,Wet,Daylight
2022-12-03T09:30:00.000,I 75,I 75 and Mm 313,,Sideswipe-Same Direction,3,Rain,Wet,Daylight
2022-12-05T18:05:00.000,I 75,I 75 and Mm 313,,Not a Collision with Motor Vehicle,1,Rain,Wet,Dark-Not Lighted
2022-12-28T12:15:00.000,I 75,I 75 and Mm 313,,Angle Crash,2,Clear,Dry,Daylight
2023-01-30T17:48:00.000,I 75,I 75 and Mm 313,,Not a Collision with Motor Vehicle,1,Cloudy,Dry,Daylight
2021-03-25T10:46:00.000,I 75,I 75 and Mm 312,,Rear End,3,Cloudy,Wet,Daylight
2021-03-29T15:45:00.000,I 75,I 75 and Mm 312,,Sideswipe-Same Direction,2,Clear,Dry,Daylight
2021-03-29T15:45:00.000,I 75,I 75 and Mm 312,,Sideswipe-Same Direction,2,Clear,Dry,Daylight
2023-01-13T18:12:00.000,I 75,I 75 and Mm 312,,Not a Collision with Motor Vehicle,1,Cloudy,Dry,Dark-Not Lighted
2023-04-01T08:22:00.000,I 75,I 75 and Mm 312,,Not a Collision with Motor Vehicle,1,Severe Thunderstorm or Tornadic,Wet,Dark-Not Lighted
2020-08-23T17:31:00.000,I 75,I 75 and Mm 312,,Rear End,2,Clear,Dry,Daylight
2020-02-23T04:47:00.000,I 75,I 75 and Mm 312,,Not a Collision with Motor Vehicle,1,Clear,Dry,Dark-Not Lighted
2021-04-17T21:45:00.000,I 75,I 75 and Mm 312,,Sideswipe-Same Direction,2,Clear,Dry,Dark-Not Lighted
2021-04-07T18:40:00.000,I 75,I 75 and Mm 312,,Rear End,2,Clear,Dry,Daylight
2022-10-03T10:10:00.000,I 75,I 75 and Mm 312,,Not a Collision with Motor Vehicle,2,Clear,Dry,Daylight
2022-12-25T01:23:00.000,I 75,I 75 and Mm 312,,Rear End,3,Clear,Dry,Dark-Not Lighted
2021-09-16T11:00:00.000,I 75,I 75 and Mm 312,,Not a Collision with Motor Vehicle,2,Cloudy,Wet,Daylight
2022-05-27T17:01:00.000,I 75,I 75 and Mm 312,,Rear End,2,Clear,Dry,Daylight
2022-06-14T10:08:00.000,I 75,I 75 and Mm 312,,Not a Collision with Motor Vehicle,2,Clear,Dry,Daylight
2022-10-25T22:01:00.000,I 75,I 75 and Mm 312,,Not a Collision with Motor Vehicle,1,Rain,Wet,Dark-Not Lighted
2021-02-08T11:13:00.000,I 75,I 75 and Mm 311,,Not a Collision with Motor Vehicle,1,Clear,Dry,Daylight
2023-01-09T07:08:00.000,I 75,I 75 and Mm 311,,Sideswipe-Same Direction,2,Clear,Dry,Dark-Not Lighted
2020-09-07T16:48:00.000,I 75,I 75 and Mm 311,,Sideswipe-Same Direction,2,Clear,Dry,Daylight
2021-11-03T06:51:00.000,I 75,I 75 and Mm 311,,Not a Collision with Motor Vehicle,2,Clear,Dry,Dark-Not Lighted
2022-06-23T17:51:00.000,I 75,I 75 and Mm 311,,Rear End,2,Clear,Dry,Daylight
2022-05-09T14:09:00.000,I 75,I 75 and Mm 311,,Sideswipe-Same Direction,2,Clear,Dry,Daylight
2022-05-17T17:22:00.000,I 75,I 75 and Mm 311,,Not a Collision with Motor Vehicle,1,Clear,Dry,Daylight
2022-12-15T20:00:00.000,I 75,I 75 and Mm 311,,Sideswipe-Same Direction,2,Clear,Dry,Dark-Lighted
2022-10-07T13:22:00.000,I 75,I 75 and Mm 311,,Not a Collision with Motor Vehicle,1,Clear,Dry,Daylight
2023-01-02T15:40:00.000,I 75,I 75 and Mm 311,,Sideswipe-Same Direction,2,Cloudy,Wet,Daylight
2021-03-03T15:00:00.000,I 75,I 75 and Mm 310,,Not a Collision with Motor Vehicle,3,Clear,Dry,Daylight
2020-10-10T19:30:00.000,I 75,I 75 and Mm 310,,Sideswipe-Same Direction,1,Rain,Wet,Dark-Not Lighted
2021-06-10T18:45:00.000,I 75,I 75 and Mm 310,,Sideswipe-Same Direction,2,Rain,Wet,Daylight
2021-12-28T12:50:00.000,I 75,I 75 and Mm 310,,Not a Collision with Motor Vehicle,1,Cloudy,Wet,Daylight
2021-12-07T07:15:00.000,I 75,I 75 and Mm 310,,Sideswipe-Same Direction,2,Clear,Dry,Daylight
2022-10-26T17:25:00.000,I 75,I 75 and Mm 310,,Sideswipe-Same Direction,2,Cloudy,Dry,Daylight
2022-04-22T09:10:00.000,I 75,I 75 and Mm 310,,Rear End,2,Clear,Dry,Daylight
2022-12-29T17:22:00.000,I 75,I 75 and Mm 310,,Rear End,2,Cloudy,Dry,Dusk
2022-10-27T13:45:00.000,I 75,I 75 and Mm 310,,Rear End,2,Clear,Dry,Daylight
2023-05-21T14:15:00.000,I 75,I 75 and Mm 310,,Not a Collision with Motor Vehicle,2,Clear,Dry,Daylight
2020-06-01T22:35:00.000,I 75,I 75 and Mm 31,,Not a Collision with Motor Vehicle,1,Clear,Dry,Dark-Not Lighted
2021-08-22T14:48:00.000,I 75,I 75 and Mm 31,,Not a Collision with Motor Vehicle,1,Rain,Wet,Daylight
2021-01-25T19:46:00.000,I 75,I 75 and Mm 309,,Sideswipe-Same Direction,2,Cloudy,Dry,Dark-Not Lighted
2021-11-30T07:40:00.000,I 75,I 75 and Mm 309,,Sideswipe-Same Direction,2,Clear,Dry,Dawn
2023-02-10T20:59:00.000,I 75,I 75 and Mm 309,,Not a Collision with Motor Vehicle,1,Clear,Dry,Dark-Not Lighted
2020-11-18T13:35:00.000,I 75,I 75 and Mm 309,,Sideswipe-Same Direction,2,Clear,Dry,Daylight
2021-12-17T15:45:00.000,I 75,I 75 and Mm 309,,Sideswipe-Same Direction,4,Cloudy,Dry,Daylight
2022-01-16T13:30:00.000,I 75,I 75 and Mm 309,,Not a Collision with Motor Vehicle,1,Snow,Wet,Daylight
2020-09-25T10:57:00.000,I 75,I 75 and Mm 308,,Sideswipe-Same Direction,2,Rain,Wet,Daylight
2020-08-28T22:56:00.000,I 75,I 75 and Mm 308,,Angle Crash,2,Cloudy,Wet,Dark-Not Lighted
2021-10-10T19:55:00.000,I 75,I 75 and Mm 308,,Sideswipe-Same Direction,2,Clear,Dry,Dark-Not Lighted
2022-02-18T10:37:00.000,I 75,I 75 and Mm 308,,Not a Collision with Motor Vehicle,1,Cloudy,Dry,Daylight
2022-08-11T18:42:00.000,I 75,I 75 and Mm 308,,Sideswipe-Same Direction,2,Cloudy,Dry,Daylight
2022-05-12T15:09:00.000,I 75,I 75 and Mm 308,,Not a Collision with Motor Vehicle,1,Clear,Dry,Daylight
2022-11-12T11:15:00.000,I 75,I 75 and Mm 308,,Sideswipe-Same Direction,2,Cloudy,Dry,Daylight
2024-12-22T00:00:00.000,I 75,I 75 and Mm 308,,Angle Crash,4,Clear,Dry,Dark-Lighted
2023-09-25T23:34:00.000,I 75,I 75 and Mm 308,,Sideswipe-Same Direction,2,Clear,Dry,Dark-Not Lighted
2023-03-09T20:59:00.000,I 75,I 75 and Mm 308,,Sideswipe-Same Direction,2,Rain,Wet,Dark-Not Lighted
2023-04-29T20:00:00.000,I 75,I 75 and Mm 308,,Not a Collision with Motor Vehicle,1,Clear,Dry,Daylight
2024-12-22T13:28:00.000,I 75,I 75 and Mm 308,,Rear End,2,Clear,Dry,Daylight
2024-02-22T10:55:00.000,I 75,I 75 and Mm 308,,Rear End,4,Clear,Dry,Daylight
2020-08-28T22:55:00.000,I 75,I 75 and Mm 3078,,Angle Crash,2,Cloudy,Wet,Dark-Not Lighted
2021-09-12T15:20:00.000,I 75,I 75 and Mm 307,,Not a Collision with Motor Vehicle,3,Clear,Dry,Daylight
2021-05-27T16:20:00.000,I 75,I 75 and Mm 307,,Sideswipe-Same Direction,2,Clear,Dry,Daylight
2021-07-03T13:35:00.000,I 75,I 75 and Mm 307,,Sideswipe-Same Direction,2,Clear,Dry,Daylight
2023-09-15T21:05:00.000,I 75,I 75 and Mm 307,,Sideswipe-Same Direction,2,Clear,Dry,Dark-Not Lighted
2020-07-15T12:04:00.000,I 75,I 75 and Mm 307,,Angle Crash,4,Clear,Dry,Daylight
2020-10-26T07:55:00.000,I 75,I 75 and Mm 307,,Sideswipe-Same Direction,2,Cloudy,Dry,Daylight
2021-04-06T14:00:00.000,I 75,I 75 and Mm 307,,Not a Collision with Motor Vehicle,1,Cloudy,Dry,Daylight
2021-07-02T07:25:00.000,I 75,I 75 and Mm 307,,Sideswipe-Same Direction,2,Rain,Wet,Daylight
2022-11-14T09:52:00.000,I 75,I 75 and Mm 307,,Rear End,2,Clear,Dry,Dusk
2022-11-14T17:30:00.000,I 75,I 75 and Mm 307,,Rear End,2,Clear,Dry,Dusk
2022-06-21T16:53:00.000,I 75,I 75 and Mm 307,,Not a Collision with Motor Vehicle,1,Clear,Dry,Daylight
2022-05-07T05:20:00.000,I 75,I 75 and Mm 307,,Not a Collision with Motor Vehicle,1,Clear,Dry,Dark-Not Lighted
2022-09-17T01:08:00.000,I 75,I 75 and Mm 307,,Angle Crash,2,Clear,Dry,Dark-Not Lighted
2023-01-27T07:15:00.000,I 75,I 75 and Mm 307,,Not a Collision with Motor Vehicle,2,Clear,Dry,Daylight
2023-12-02T13:40:00.000,I 75,I 75 and Mm 306 Entrance Rp,,Not a Collision with Motor Vehicle,1,Cloudy,Wet,Daylight
2022-02-26T23:51:00.000,I 75,I 75 and Mm 306 Entrance Rp,,Not a Collision with Motor Vehicle,1,Rain,Wet,Dark-Not Lighted
2021-05-27T16:31:00.000,I 75,I 75 and Mm 306,,Rear End,2,Clear,Dry,Daylight
2023-10-13T01:58:00.000,I 75,I 75 and Mm 306,,Rear End,2,Clear,Dry,Dark-Not Lighted
2023-04-04T07:15:00.000,I 75,I 75 and Mm 306,,Angle Crash,2,Cloudy,Dry,Daylight
2023-08-10T15:04:00.000,I 75,I 75 and Mm 306,,Not a Collision with Motor Vehicle,1,Clear,Dry,Daylight
2023-08-01T21:47:00.000,I 75,I 75 and Mm 306,,Sideswipe-Same Direction,2,Clear,Dry,Dark-Not Lighted
2023-08-12T17:44:00.000,I 75,I 75 and Mm 306,,Not a Collision with Motor Vehicle,2,Cloudy,Dry,Daylight
2023-01-19T04:26:00.000,I 75,I 75 and Mm 306,,Sideswipe-Same Direction,2,Clear,Dry,Dark-Not Lighted