Date and Time,Roadway (From Crash Report),Intersection Name (from Crash Report),KABCO Severity,Manner of Collision (Crash Level) ,# of Vehicles per crash ,Weather Conditions (Crash Level),Surface Condition (Crash Level) ,Light Conditions (Crash Level)
2023-08-18T15:20:00.000,I 75,I 75 and Mm 306,,Sideswipe-Same Direction,2,Clear,Dry,Daylight
2023-05-26T16:41:00.000,I 75,I 75 and Mm 306,,Rear End,3,Clear,Dry,Daylight
2022-12-19T15:18:00.000,I 75,I 75 and Mm 306,,Not a Collision with Motor Vehicle,2,Cloudy,Dry,Daylight
2020-02-17T07:00:00.000,I 75,I 75 and Mm 306,,Sideswipe-Same Direction,2,Fog,Dry,Dark-Not Lighted
2020-12-25T13:27:00.000,I 75,I 75 and Mm 306,,Sideswipe-Same Direction,2,Clear,Dry,Daylight
2020-10-14T18:01:00.000,I 75,I 75 and Mm 306,,Sideswipe-Same Direction,2,Clear,Dry,Daylight
2021-09-02T02:28:00.000,I 75,I 75 and Mm 306,,Not a Collision with Motor Vehicle,2,Cloudy,Dry,Dark-Not Lighted
2021-12-20T07:18:00.000,I 75,I 75 and Mm 306,,Angle Crash,2,Clear,Dry,Daylight
2021-10-16T15:07:00.000,I 75,I 75 and Mm 306,,Not a Collision with Motor Vehicle,1,Clear,Dry,Daylight
2022-02-06T04:51:00.000,I 75,I 75 and Mm 306,,Rear End,2,Clear,Dry,Daylight
2022-03-20T16:21:00.000,I 75,I 75 and Mm 306,,Sideswipe-Same Direction,2,Clear,Dry,Daylight
2021-12-10T07:25:00.000,I 75,I 75 and Mm 306,,Not a Collision with Motor Vehicle,1,Cloudy,Wet,Dawn
2021-11-11T14:18:00.000,I 75,I 75 and Mm 306,,Not a Collision with Motor Vehicle,2,Cloudy,Dry,Daylight
2022-02-24T20:50:00.000,I 75,I 75 and Mm 306,,Sideswipe-Same Direction,2,Clear,Wet,Dark-Not Lighted
2022-02-05T11:47:00.000,I 75,I 75 and Mm 306,,Not a Collision with Motor Vehicle,1,Clear,Dry,Daylight
2022-10-21T19:44:00.000,I 75,I 75 and Mm 306,,Not a Collision with Motor Vehicle,1,Clear,Dry,Dark-Lighted
2022-07-24T16:13:00.000,I 75,I 75 and Mm 306,,Not a Collision with Motor Vehicle,1,Clear,Dry,Daylight
2022-05-21T03:25:00.000,I 75,I 75 and Mm 306,,Angle Crash,3,Clear,Dry,Dark-Not Lighted
2022-09-06T16:05:00.000,I 75,I 75 and Mm 306,,Rear End,5,Clear,Dry,Daylight
2023-06-28T17:40:00.000,I 75,I 75 and Mm 306,,Rear End,2,Clear,Dry,Daylight
2023-12-21T16:48:00.000,I 75,I 75 and Mm 306,,Sideswipe-Same Direction,2,Clear,Dry,Daylight
2023-11-09T06:58:00.000,I 75,I 75 and Mm 306,,Sideswipe-Same Direction,2,Clear,Dry,Daylight
2023-11-28T10:04:00.000,I 75,I 75 and Mm 306,,Sideswipe-Same Direction,2,Clear,Dry,Daylight
2023-10-24T09:45:00.000,I 75,I 75 and Mm 306,,Not a Collision with Motor Vehicle,1,Clear,Dry,Daylight
2024-02-11T23:02:00.000,I 75,I 75 and Mm 306,,Sideswipe-Same Direction,2,Rain,Wet,Dark-Not Lighted
2024-02-15T09:37:00.000,I 75,I 75 and Mm 306,,Rear End,2,Clear,Dry,Daylight
2021-09-29T10:15:00.000,I 75,I 75 and Mm 305,,Angle Crash,2,Clear,Dry,Daylight
2021-07-17T09:09:00.000,I 75,I 75 and Mm 305,,Rear End,2,Cloudy,Dry,Daylight
2023-10-14T06:48:00.000,I 75,I 75 and Mm 305,,Not a Collision with Motor Vehicle,1,Cloudy,Wet,Daylight
2022-05-17T18:07:00.000,I 75,I 75 and Mm 305,,Head On,2,Clear,Dry,Daylight
2020-08-20T20:40:00.000,I 75,I 75 and Mm 305,,Angle Crash,3,Rain,Wet,Dark-Not Lighted
2020-06-16T13:00:00.000,I 75,I 75 and Mm 305,,Sideswipe-Same Direction,2,Cloudy,Dry,Daylight
2020-03-14T18:50:00.000,I 75,I 75 and Mm 305,,Not a Collision with Motor Vehicle,1,Clear,Dry,Daylight
2021-09-11T15:20:00.000,I 75,I 75 and Mm 305,,Rear End,2,Clear,Dry,Daylight
2021-10-24T06:03:00.000,I 75,I 75 and Mm 305,,Not a Collision with Motor Vehicle,1,Clear,Dry,Dark-Not Lighted
2022-12-14T18:04:00.000,I 75,I 75 and Mm 305,,Sideswipe-Same Direction,2,Rain,Wet,Dark-Not Lighted
2022-04-17T15:33:00.000,I 75,I 75 and Mm 305,,Not a Collision with Motor Vehicle,1,Cloudy,Dry,Daylight
2022-11-11T13:15:00.000,I 75,I 75 and Mm 305,,Not a Collision with Motor Vehicle,1,Rain,Wet,Daylight
2023-04-24T16:29:00.000,I 75,I 75 and Mm 305,,Sideswipe-Same Direction,2,Clear,Dry,Daylight
2023-06-03T13:12:00.000,I 75,I 75 and Mm 305,,Rear End,2,Clear,Dry,Daylight
2023-11-05T14:29:00.000,I 75,I 75 and Mm 305,,Not a Collision with Motor Vehicle,2,Clear,Dry,Daylight
2024-12-13T20:40:00.000,I 75,I 75 and Mm 305,,Sideswipe-Same Direction,2,Clear,Dry,Dark-Lighted
2021-12-22T06:35:00.000,I 75,I 75 and Mm 304,,Sideswipe-Same Direction,2,Clear,Wet,Dark-Not Lighted
2021-07-25T23:20:00.000,I 75,I 75 and Mm 304,,Sideswipe-Same Direction,2,Clear,Dry,Dark-Not Lighted
2021-08-22T14:00:00.000,I 75,I 75 and Mm 304,,Not a Collision with Motor Vehicle,1,Rain,Wet,Daylight
2021-03-27T13:12:00.000,I 75,I 75 and Mm 304,,Sideswipe-Same Direction,2,Clear,Dry,Daylight
2023-04-03T09:50:00.000,I 75,I 75 and Mm 304,,Sideswipe-Same Direction,2,Rain,Wet,Daylight
2023-07-07T17:42:00.000,I 75,I 75 and Mm 304,,Not a Collision with Motor Vehicle,2,Clear,Dry,Daylight
2023-03-16T15:55:00.000,I 75,I 75 and Mm 304,,Sideswipe-Same Direction,2,Clear,Dry,Daylight
2023-06-19T05:59:00.000,I 75,I 75 and Mm 304,,Sideswipe-Same Direction,2,Rain,Wet,Dark-Not Lighted
2020-10-28T11:00:00.000,I 75,I 75 and Mm 304,,Not a Collision with Motor Vehicle,1,Cloudy,Wet,Daylight
2020-12-21T12:10:00.000,I 75,I 75 and Mm 304,,Sideswipe-Same Direction,2,Clear,Dry,Daylight
2020-01-03T19:09:00.000,I 75,I 75 and Mm 304,,Rear End,2,Rain,Wet,Dark-Not Lighted
2020-05-29T00:35:00.000,I 75,I 75 and Mm 304,,Angle Crash,2,Clear,Dry,Dark-Not Lighted
2020-08-12T12:04:00.000,I 75,I 75 and Mm 304,,Sideswipe-Same Direction,2,Clear,Dry,Daylight
2020-10-09T19:06:00.000,I 75,I 75 and Mm 304,,Not a Collision with Motor Vehicle,1,Rain,Wet,Dark-Not Lighted
2020-07-13T12:35:00.000,I 75,I 75 and Mm 304,,Sideswipe-Same Direction,2,Clear,Dry,Daylight
2020-06-09T17:08:00.000,I 75,I 75 and Mm 304,,Rear End,1,Rain,Wet,Daylight
2021-07-15T10:16:00.000,I 75,I 75 and Mm 304,,Not a Collision with Motor Vehicle,1,Clear,Dry,Daylight
2021-10-30T08:55:00.000,I 75,I 75 and Mm 304,,Sideswipe-Same Direction,2,Cloudy,Wet,Daylight
2022-02-20T15:49:00.000,I 75,I 75 and Mm 304,,Not a Collision with Motor Vehicle,1,Clear,Dry,Daylight
2022-12-18T19:30:00.000,I 75,I 75 and Mm 304,,Not a Collision with Motor Vehicle,1,Clear,Dry,Dark-Not Lighted
2022-02-15T07:12:00.000,I 75,I 75 and Mm 304,,Rear End,2,Clear,Dry,Daylight
2022-08-10T07:58:00.000,I 75,I 75 and Mm 304,,Angle Crash,2,Rain,Wet,Daylight
2022-10-29T11:25:00.000,I 75,I 75 and Mm 304,,Sideswipe-Same Direction,2,Cloudy,Dry,Daylight
2024-01-30T19:59:00.000,I 75,I 75 and Mm 304,,Sideswipe-Same Direction,2,Rain,Wet,Dark-Not Lighted
2021-05-23T23:05:00.000,I 75,I 75 and Mm 303,,Rear End,4,Clear,Dry,Dark-Not Lighted
2021-12-30T11:30:00.000,I 75,I 75 and Mm 303,,Sideswipe-Same Direction,2,Rain,Wet,Daylight
2021-05-10T10:44:00.000,I 75,I 75 and Mm 303,,Sideswipe-Same Direction,3,Clear,Dry,Daylight
2023-05-15T23:15:00.000,I 75,I 75 and Mm 303,,Not a Collision with Motor Vehicle,1,Clear,Dry,Dark-Not Lighted
2023-11-27T14:15:00.000,I 75,I 75 and Mm 303,,Angle Crash,2,Clear,Dry,Daylight
2023-07-22T09:12:00.000,I 75,I 75 and Mm 303,,Sideswipe-Same Direction,2,Cloudy,Wet,Daylight
2022-07-02T16:20:00.000,I 75,I 75 and Mm 303,,Rear End,2,Clear,Dry,Daylight
2020-07-27T13:30:00.000,I 75,I 75 and Mm 303,,Sideswipe-Same Direction,2,Clear,Dry,Daylight
2020-09-14T02:05:00.000,I 75,I 75 and Mm 303,,Not a Collision with Motor Vehicle,1,Clear,Dry,Dark-Not Lighted
2020-07-05T14:23:00.000,I 75,I 75 and Mm 303,,Not a Collision with Motor Vehicle,1,Clear,Dry,Daylight
2020-02-23T21:47:00.000,I 75,I 75 and Mm 303,,Angle Crash,2,Cloudy,Wet,Dark-Not Lighted
2020-09-17T07:06:00.000,I 75,I 75 and Mm 303,,Not a Collision with Motor Vehicle,1,Rain,Wet,Dark-Not Lighted
2020-09-06T15:15:00.000,I 75,I 75 and Mm 303,,Sideswipe-Same Direction,2,Clear,Dry,Daylight
2021-10-29T13:00:00.000,I 75,I 75 and Mm 303,,Sideswipe-Same Direction,2,Cloudy,Wet,Daylight
2021-07-15T00:16:00.000,I 75,I 75 and Mm 303,,Rear End,2,Clear,Dry,Dark-Not Lighted
2022-12-04T14:14:00.000,I 75,I 75 and Mm 303,,Angle Crash,2,Cloudy,Dry,Daylight
2022-07-09T09:28:00.000,I 75,I 75 and Mm 303,,Sideswipe-Same Direction,2,Cloudy,Wet,Daylight
2021-08-17T13:30:00.000,I 75,I 75 and Mm 303,,Angle Crash,2,Rain,Wet,Daylight
2022-10-12T16:00:00.000,I 75,I 75 and Mm 303,,Not a Collision with Motor Vehicle,1,Rain,Wet,Daylight
2022-12-17T11:06:00.000,I 75,I 75 and Mm 303,,Sideswipe-Same Direction,2,Clear,Dry,Daylight
2022-09-13T19:45:00.000,I 75,I 75 and Mm 303,,Rear End,2,Clear,Dry,Daylight
2022-07-02T15:43:00.000,I 75,I 75 and Mm 303,,Not a Collision with Motor Vehicle,1,Rain,Dry,Daylight
2023-01-15T07:35:00.000,I 75,I 75 and Mm 303,,Not a Collision with Motor Vehicle,1,Clear,Dry,Dawn
2023-07-23T07:19:00.000,I 75,I 75 and Mm 303,,Not a Collision with Motor Vehicle,1,Clear,Dry,Dawn
2023-11-14T03:23:00.000,I 75,I 75 and Mm 303,,Not a Collision with Motor Vehicle,1,Clear,Dry,Dark-Not Lighted
2023-04-26T10:58:00.000,I 75,I 75 and Mm 303,,Not a Collision with Motor Vehicle,1,Rain,Wet,Daylight
2023-04-09T07:09:00.000,I 75,I 75 and Mm 303,,Not a Collision with Motor Vehicle,1,Cloudy,Wet,Daylight
2024-11-20T01:22:00.000,I 75,I 75 and Mm 303,,Rear End,1,Rain,Wet,Dark-Not Lighted
2021-05-10T06:49:00.000,I 75,I 75 and Mm 302,,Not a Collision with Motor Vehicle,1,Cloudy,Wet,Dawn
2021-06-22T19:15:00.000,I 75,I 75 and Mm 302,,Not a Collision with Motor Vehicle,1,Clear,Dry,Daylight
2021-04-02T10:03:00.000,I 75,I 75 and Mm 302,,Not a Collision with Motor Vehicle,2,Clear,Dry,Daylight
2021-06-22T20:26:00.000,I 75,I 75 and Mm 302,,Sideswipe-Same Direction,2,Clear,Dry,Daylight
2023-12-11T19:42:00.000,I 75,I 75 and Mm 302,,Sideswipe-Same Direction,2,Clear,Dry,Dark-Not Lighted
2023-01-21T22:20:00.000,I 75,I 75 and Mm 302,,Not a Collision with Motor Vehicle,1,Rain,Wet,Dark-Not Lighted
2023-03-02T22:35:00.000,I 75,I 75 and Mm 302,,Sideswipe-Same Direction,2,Rain,Wet,Dark-Not Lighted
2023-09-30T01:03:00.000,I 75,I 75 and Mm 302,,Sideswipe-Same Direction,2,Clear,Dry,Dark-Not Lighted
2023-04-27T20:51:00.000,I 75,I 75 and Mm 302,,Angle Crash,2,Clear,Dry,Dark-Not Lighted
2023-05-16T00:30:00.000,I 75,I 75 and Mm 302,,Sideswipe-Same Direction,2,Clear,Dry,Dark-Not Lighted
2020-01-03T21:21:00.000,I 75,I 75 and Mm 302,,Rear End,2,Rain,Wet,Dark-Not Lighted
2020-10-19T07:50:00.000,I 75,I 75 and Mm 302,,Sideswipe-Same Direction,1,Clear,Dry,Dawn
2021-10-11T08:11:00.000,I 75,I 75 and Mm 302,,Sideswipe-Same Direction,2,Clear,Dry,Daylight
2021-09-25T09:25:00.000,I 75,I 75 and Mm 302,,Rear End,2,Clear,Dry,Daylight
2021-09-25T09:25:00.000,I 75,I 75 and Mm 302,,Rear End,3,Clear,Dry,Daylight
2021-12-29T16:43:00.000,I 75,I 75 and Mm 302,,Rear End,2,Cloudy,Dry,Daylight
2022-11-12T10:07:00.000,I 75,I 75 and Mm 302,,Rear End,2,Cloudy,Dry,Daylight
2021-08-04T10:30:00.000,I 75,I 75 and Mm 302,,Sideswipe-Same Direction,2,Clear,Dry,Daylight
2022-10-27T23:05:00.000,I 75,I 75 and Mm 302,,Angle Crash,2,Clear,Dry,Dark-Not Lighted
2022-12-16T04:03:00.000,I 75,I 75 and Mm 302,,Not a Collision with Motor Vehicle,1,Clear,Dry,Dark-Not Lighted
2023-03-20T19:13:00.000,I 75,I 75 and Mm 302,,Rear End,2,Clear,Dry,Daylight
2023-03-20T19:43:00.000,I 75,I 75 and Mm 302,,Not a Collision with Motor Vehicle,1,Clear,Dry,Daylight
2023-01-22T22:05:00.000,I 75,I 75 and Mm 302,,Not a Collision with Motor Vehicle,1,Cloudy,Wet,Dark-Not Lighted
2023-04-01T07:05:00.000,I 75,I 75 and Mm 302,,Rear End,4,Rain,Wet,Dark-Not Lighted
2023-05-16T00:25:00.000,I 75,I 75 and Mm 302,,Rear End,2,Clear,Dry,Dark-Not Lighted
2020-06-14T15:03:00.000,I 75,I 75 and Mm 3018,,Rear End,2,Clear,Dry,Daylight
2021-07-17T11:25:00.000,I 75,I 75 and Mm 301,,Rear End,5,Clear,Dry,Daylight
2021-10-05T06:51:00.000,I 75,I 75 and Mm 301,,Not a Collision with Motor Vehicle,1,Rain,Wet,Dark-Not Lighted
2021-09-19T17:50:00.000,I 75,I 75 and Mm 301,,Rear End,2,Rain,Wet,Daylight
2021-07-31T15:43:00.000,I 75,I 75 and Mm 301,,Rear End,4,Clear,Dry,Daylight
2023-01-06T23:10:00.000,I 75,I 75 and Mm 301,,Sideswipe-Same Direction,2,Clear,Dry,Dark-Not Lighted
2023-02-20T12:29:00.000,I 75,I 75 and Mm 301,,Rear End,2,Clear,Dry,Daylight
2023-08-19T12:25:00.000,I 75,I 75 and Mm 301,,Not a Collision with Motor Vehicle,1,Clear,Dry,Daylight
2022-03-29T12:00:00.000,I 75,I 75 and Mm 301,,Sideswipe-Same Direction,2,Clear,Dry,Daylight
2020-06-04T23:19:00.000,I 75,I 75 and Mm 301,,Sideswipe-Same Direction,2,Clear,Dry,Dark-Not Lighted
2020-10-22T06:58:00.000,I 75,I 75 and Mm 301,,Not a Collision with Motor Vehicle,1,Clear,Dry,Dark-Not Lighted
2020-10-19T07:45:00.000,I 75,I 75 and Mm 301,,Not a Collision with Motor Vehicle,1,Clear,Dry,Dawn
2020-06-09T06:05:00.000,I 75,I 75 and Mm 301,,Angle Crash,2,Clear,Dry,Dawn
2020-08-28T17:52:00.000,I 75,I 75 and Mm 301,,Not a Collision with Motor Vehicle,1,Clear,Dry,Daylight
2020-09-01T18:50:00.000,I 75,I 75 and Mm 301,,Angle Crash,2,Rain,Wet,Daylight
2020-10-22T11:08:00.000,I 75,I 75 and Mm 301,,Sideswipe-Same Direction,1,Clear,Dry,Daylight
2020-05-13T15:45:00.000,I 75,I 75 and Mm 301,,Rear End,1,Clear,Dry,Daylight
2021-05-21T13:25:00.000,I 75,I 75 and Mm 301,,Rear End,2,Clear,Dry,Daylight
2022-04-16T15:05:00.000,I 75,I 75 and Mm 301,,Not a Collision with Motor Vehicle,1,Clear,Dry,Daylight
2022-04-16T17:35:00.000,I 75,I 75 and Mm 301,,Not a Collision with Motor Vehicle,1,Cloudy,Dry,Daylight
2022-09-12T08:10:00.000,I 75,I 75 and Mm 301,,Not a Collision with Motor Vehicle,1,Clear,Wet,Daylight
2022-10-12T14:05:00.000,I 75,I 75 and Mm 301,,Rear End,2,Rain,Wet,Daylight
2022-12-19T11:35:00.000,I 75,I 75 and Mm 301,,Sideswipe-Same Direction,2,Clear,Dry,Daylight
2023-08-19T09:00:00.000,I 75,I 75 and Mm 301,,Sideswipe-Same Direction,2,Clear,Dry,Daylight
2021-12-29T06:28:00.000,I 75,I 75 and Mm 300,,Angle Crash,3,Rain,Wet,Dark-Not Lighted
2021-12-04T11:40:00.000,I 75,I 75 and Mm 300,,Rear End,3,Clear,Dry,Daylight
2023-01-24T01:41:00.000,I 75,I 75 and Mm 300,,Sideswipe-Same Direction,2,Clear,Dry,Dark-Not Lighted
2023-06-18T06:20:00.000,I 75,I 75 and Mm 300,,Rear End,2,Clear,Dry,Dawn
2023-04-20T22:22:00.000,I 75,I 75 and Mm 300,,Not a Collision with Motor Vehicle,1,Clear,Dry,Dark-Not Lighted
2023-08-28T12:34:00.000,I 75,I 75 and Mm 300,,Not a Collision with Motor Vehicle,1,Clear,Dry,Daylight
2022-03-01T00:49:00.000,I 75,I 75 and Mm 300,,Sideswipe-Same Direction,2,Clear,Dry,Dark-Not Lighted
2020-09-17T14:47:00.000,I 75,I 75 and Mm 300,,Not a Collision with Motor Vehicle,1,Cloudy,Dry,Daylight
2020-06-09T19:35:00.000,I 75,I 75 and Mm 300,,Not a Collision with Motor Vehicle,1,Rain,Wet,Daylight
2020-04-17T17:59:00.000,I 75,I 75 and Mm 300,,Not a Collision with Motor Vehicle,1,Clear,Dry,Daylight
2021-10-13T16:12:00.000,I 75,I 75 and Mm 300,,Not a Collision with Motor Vehicle,1,Clear,Dry,Daylight
2022-05-20T19:59:00.000,I 75,I 75 and Mm 300,,Sideswipe-Same Direction,2,Clear,Dry,Daylight
2023-08-12T19:45:00.000,I 75,I 75 and Mm 300,,Sideswipe-Same Direction,2,Cloudy,Dry,Daylight
2023-09-22T08:00:00.000,I 75,I 75 and Mm 300,,Not a Collision with Motor Vehicle,2,Clear,Dry,Daylight
2023-04-24T14:49:00.000,I 75,I 75 and Mm 300,,Sideswipe-Same Direction,2,Clear,Dry,Daylight
2023-06-28T09:33:00.000,I 75,I 75 and Mm 300,,Sideswipe-Same Direction,2,Clear,Dry,Daylight
2021-06-19T22:10:00.000,I 75,I 75 and Mm 299,,Not a Collision with Motor Vehicle,1,Rain,Wet,Dark-Not Lighted
2021-08-22T12:40:00.000,I 75,I 75 and Mm 299,,Rear End,2,Rain,Wet,Daylight
2021-08-22T13:14:00.000,I 75,I 75 and Mm 299,,Not a Collision with Motor Vehicle,1,Rain,Wet,Daylight
2023-04-08T08:58:00.000,I 75,I 75 and Mm 299,,Not a Collision with Motor Vehicle,1,Rain,Wet,Daylight
2023-06-26T10:23:00.000,I 75,I 75 and Mm 299,,Not a Collision with Motor Vehicle,3,Clear,Dry,Daylight
2023-01-04T05:27:00.000,I 75,I 75 and Mm 299,,Not a Collision with Motor Vehicle,1,Rain,Wet,Dark-Not Lighted
2023-04-30T07:14:00.000,I 75,I 75 and Mm 299,,Sideswipe-Same Direction,2,Cloudy,Wet,Daylight
2023-03-10T15:27:00.000,I 75,I 75 and Mm 299,,Sideswipe-Same Direction,2,Clear,Dry,Daylight
2023-08-23T14:29:00.000,I 75,I 75 and Mm 299,,Sideswipe-Same Direction,2,Clear,Dry,Daylight
2023-04-30T07:13:00.000,I 75,I 75 and Mm 299,,Not a Collision with Motor Vehicle,1,Rain,Wet,Daylight
2023-09-05T17:06:00.000,I 75,I 75 and Mm 299,,Angle Crash,2,Clear,Dry,Daylight
2023-03-22T12:38:00.000,I 75,I 75 and Mm 299,,Sideswipe-Same Direction,2,Rain,Wet,Daylight
2023-09-14T20:03:00.000,I 75,I 75 and Mm 299,,Rear End,2,Cloudy,Dry,Dark-Not Lighted
2020-07-11T11:18:00.000,I 75,I 75 and Mm 299,,Sideswipe-Same Direction,2,Clear,Dry,Daylight
2020-08-18T06:03:00.000,I 75,I 75 and Mm 299,,Not a Collision with Motor Vehicle,2,Clear,Dry,Dark-Not Lighted
2021-01-14T03:22:00.000,I 75,I 75 and Mm 299,,Not a Collision with Motor Vehicle,1,Clear,Dry,Dark-Not Lighted
2021-12-22T09:53:00.000,I 75,I 75 and Mm 299,,Angle Crash,2,Clear,Dry,Daylight
2021-08-31T18:07:00.000,I 75,I 75 and Mm 299,,Not a Collision with Motor Vehicle,1,Rain,Wet,Daylight
2022-11-16T07:10:00.000,I 75,I 75 and Mm 299,,Rear End,2,Clear,Dry,Daylight
2022-07-07T15:39:00.000,I 75,I 75 and Mm 299,,Not a Collision with Motor Vehicle,1,Rain,Wet,Daylight
2022-07-05T16:20:00.000,I 75,I 75 and Mm 299,,Angle Crash,2,Clear,Dry,Daylight
2022-01-11T16:52:00.000,I 75,I 75 and Mm 299,,Rear End,2,Clear,Dry,Daylight
2022-08-12T19:00:00.000,I 75,I 75 and Mm 299,,Rear End,2,Clear,Dry,Daylight
2022-08-12T18:41:00.000,I 75,I 75 and Mm 299,,Sideswipe-Same Direction,2,Clear,Dry,Daylight
2022-12-04T06:42:00.000,I 75,I 75 and Mm 299,,Rear End,2,Clear,Dry,Dark-Not Lighted
2022-10-13T18:47:00.000,I 75,I 75 and Mm 299,,Angle Crash,2,Clear,Dry,Daylight
2022-12-06T04:20:00.000,I 75,I 75 and Mm 299,,Rear End,2,Rain,Wet,Dark-Not Lighted
2024-01-09T07:56:00.000,I 75,I 75 and Mm 299,,Not a Collision with Motor Vehicle,1,Rain,Wet,Daylight
2020-06-14T13:52:00.000,I 75,I 75 and Mm 2982,,Not a Collision with Motor Vehicle,1,Clear,Dry,Daylight
2021-02-06T15:50:00.000,I 75,I 75 and Mm 298,,Not a Collision with Motor Vehicle,1,Cloudy,Wet,Daylight
2023-04-10T17:57:00.000,I 75,I 75 and Mm 298,,Not a Collision with Motor Vehicle,1,Clear,Dry,Daylight
2022-08-05T16:33:00.000,I 75,I 75 and Mm 298,,Rear End,2,Rain,Wet,Daylight
2020-07-12T12:57:00.000,I 75,I 75 and Mm 298,,Sideswipe-Same Direction,2,Cloudy,Dry,Daylight
2020-03-16T06:48:00.000,I 75,I 75 and Mm 298,,Sideswipe-Same Direction,2,Cloudy,Wet,Dark-Not Lighted
2020-08-25T15:52:00.000,I 75,I 75 and Mm 298,,Rear End,1,Rain,Wet,Daylight
2021-04-25T10:45:00.000,I 75,I 75 and Mm 298,,Not a Collision with Motor Vehicle,2,Clear,Dry,Daylight
2022-05-19T08:14:00.000,I 75,I 75 and Mm 298,,Sideswipe-Same Direction,2,Clear,Dry,Daylight
2021-09-16T17:00:00.000,I 75,I 75 and Mm 298,,Sideswipe-Same Direction,2,Cloudy,Dry,Daylight
2022-12-10T05:19:00.000,I 75,I 75 and Mm 298,,Rear End,3,Cloudy,Wet,Dark-Not Lighted
2022-09-21T04:35:00.000,I 75,I 75 and Mm 298,,Not a Collision with Motor Vehicle,1,Clear,Dry,Dark-Not Lighted
2022-05-05T08:58:00.000,I 75,I 75 and Mm 298,,Sideswipe-Same Direction,2,Clear,Dry,Daylight
2022-04-07T16:27:00.000,I 75,I 75 and Mm 298,,Not a Collision with Motor Vehicle,1,Clear,Dry,Daylight
2022-08-17T16:03:00.000,I 75,I 75 and Mm 298,,Sideswipe-Same Direction,2,Cloudy,Dry,Daylight
2022-06-17T16:35:00.000,I 75,I 75 and Mm 298,,Sideswipe-Same Direction,2,Rain,Wet,Daylight
2022-10-20T15:09:00.000,I 75,I 75 and Mm 298,,Rear End,2,Clear,Dry,Daylight
2023-07-25T17:18:00.000,I 75,I 75 and Mm 298,,Rear End,2,Clear,Dry,Daylight
2023-09-23T17:15:00.000,I 75,I 75 and Mm 298,,Rear End,2,Clear,Dry,Daylight
2023-08-14T09:30:00.000,I 75,I 75 and Mm 298,,Not a Collision with Motor Vehicle,1,Clear,Dry,Daylight
2021-04-27T09:10:00.000,I 75,I 75 and Mm 297,,Rear End,2,Clear,Dry,Daylight
2023-01-12T20:12:00.000,I 75,I 75 and Mm 297,,Not a Collision with Motor Vehicle,1,Cloudy,Wet,Dark-Not Lighted
2023-05-24T07:22:00.000,I 75,I 75 and Mm 297,,Sideswipe-Same Direction,2,Cloudy,Dry,Daylight
2023-01-03T17:58:00.000,I 75,I 75 and Mm 297,,Rear End,2,Rain,Wet,Dark-Not Lighted
2020-08-05T05:55:00.000,I 75,I 75 and Mm 297,,Rear End,2,Clear,Dry,Dark-Not Lighted
2020-02-17T19:12:00.000,I 75,I 75 and Mm 297,,Sideswipe-Same Direction,2,Clear,Dry,Dark-Not Lighted
2021-11-15T09:49:00.000,I 75,I 75 and Mm 297,,Not a Collision with Motor Vehicle,1,Clear,Dry,Daylight
2021-07-08T14:25:00.000,I 75,I 75 and Mm 297,,Not a Collision with Motor Vehicle,1,Clear,Dry,Daylight
2022-11-20T05:00:00.000,I 75,I 75 and Mm 297,,Not a Collision with Motor Vehicle,1,Clear,Dry,Dark-Not Lighted
2022-11-20T05:00:00.000,I 75,I 75 and Mm 297,,Angle Crash,3,Clear,Dry,Dark-Not Lighted
2022-11-20T05:00:00.000,I 75,I 75 and Mm 297,,Angle Crash,3,Clear,Dry,Dark-Not Lighted
2023-01-03T18:17:00.000,I 75,I 75 and Mm 297,,Sideswipe-Same Direction,2,Rain,Wet,Dark-Not Lighted
2023-01-28T10:15:00.000,I 75,I 75 and Mm 297,,Sideswipe-Same Direction,2,Clear,Dry,Daylight
2021-04-18T18:14:00.000,I 75,I 75 and Mm 296,,Rear End,2,Clear,Dry,Daylight
2021-07-30T13:40:00.000,I 75,I 75 and Mm 296,,Sideswipe-Same Direction,2,Clear,Dry,Daylight
2021-10-26T16:29:00.000,I 75,I 75 and Mm 296,,Sideswipe-Same Direction,2,Clear,Dry,Daylight
2020-10-27T05:11:00.000,I 75,I 75 and Mm 296,,Sideswipe-Same Direction,2,Clear,Dry,Dark-Not Lighted
2023-02-15T16:46:00.000,I 75,I 75 and Mm 296,,Angle Crash,2,Cloudy,Wet,Daylight
2023-07-03T11:37:00.000,I 75,I 75 and Mm 296,,Sideswipe-Same Direction,2,Clear,Dry,Daylight
2023-09-13T20:16:00.000,I 75,I 75 and Mm 296,,Not a Collision with Motor Vehicle,1,Clear,Dry,Dark-Not Lighted
2023-03-12T05:20:00.000,I 75,I 75 and Mm 296,,Angle Crash,2,Rain,Wet,Dark-Not Lighted
2023-01-22T15:26:00.000,I 75,I 75 and Mm 296,,Not a Collision with Motor Vehicle,1,Cloudy,Wet,Daylight
2023-09-13T16:24:00.000,I 75,I 75 and Mm 296,,Sideswipe-Same Direction,2,Clear,Dry,Daylight
2023-09-13T16:24:00.000,I 75,I 75 and Mm 296,,Angle Crash,2,Clear,Dry,Daylight
2020-12-11T01:35:00.000,I 75,I 75 and Mm 296,,Not a Collision with Motor Vehicle,1,Cloudy,Dry,Dark-Not Lighted