Date and Time,Roadway (From Crash Report),Intersection Name (from Crash Report),KABCO Severity,Manner of Collision (Crash Level) ,# of Vehicles per crash ,Weather Conditions (Crash Level),Surface Condition (Crash Level) ,Light Conditions (Crash Level)
2020-04-02T15:12:00.000,I 75,I 75 and Mm 296,,Rear End,2,Clear,Dry,Daylight
2020-05-13T18:49:00.000,I 75,I 75 and Mm 296,,Sideswipe-Same Direction,2,Clear,Dry,Daylight
2020-08-19T22:33:00.000,I 75,I 75 and Mm 296,,Sideswipe-Same Direction,2,Cloudy,Wet,Dark-Not Lighted
2020-09-30T11:56:00.000,I 75,I 75 and Mm 296,,Sideswipe-Same Direction,2,Clear,Dry,Daylight
2020-02-28T15:38:00.000,I 75,I 75 and Mm 296,,Not a Collision with Motor Vehicle,1,Clear,Dry,Daylight
2020-03-03T13:50:00.000,I 75,I 75 and Mm 296,,Sideswipe-Same Direction,1,Cloudy,Dry,Daylight
2021-04-10T13:30:00.000,I 75,I 75 and Mm 296,,Not a Collision with Motor Vehicle,2,Rain,Wet,Daylight
2021-03-25T18:56:00.000,I 75,I 75 and Mm 296,,Angle Crash,2,Rain,Wet,Daylight
2021-02-06T12:05:00.000,I 75,I 75 and Mm 296,,Sideswipe-Same Direction,2,Clear,Dry,Daylight
2021-07-30T08:18:00.000,I 75,I 75 and Mm 296,,Sideswipe-Same Direction,2,Clear,Dry,Daylight
2022-06-30T13:25:00.000,I 75,I 75 and Mm 296,,Sideswipe-Same Direction,2,Clear,Dry,Daylight
2022-09-27T18:34:00.000,I 75,I 75 and Mm 296,,Sideswipe-Same Direction,2,Clear,Dry,Daylight
2022-12-11T03:42:00.000,I 75,I 75 and Mm 296,,Not a Collision with Motor Vehicle,1,Rain,Wet,Dark-Not Lighted
2023-03-12T05:10:00.000,I 75,I 75 and Mm 296,,Rear End,2,Rain,Wet,Dark-Not Lighted
2023-10-27T09:22:00.000,I 75,I 75 and Mm 296,,Sideswipe-Same Direction,2,Clear,Dry,Daylight
2023-06-15T09:10:00.000,I 75,I 75 and Mm 296,,Sideswipe-Same Direction,2,Cloudy,Dry,Daylight
2023-03-05T15:38:00.000,I 75,I 75 and Mm 296,,Sideswipe-Same Direction,2,Clear,Dry,Daylight
2023-07-19T21:25:00.000,I 75,I 75 and Mm 296,,Rear End,3,Clear,Dry,Dark-Not Lighted
2023-03-31T04:28:00.000,I 75,I 75 and Mm 296,,Angle Crash,2,Clear,Dry,Dark-Not Lighted
2023-07-27T21:30:00.000,I 75,I 75 and Mm 296,,Rear End,2,Clear,Dry,Dark-Not Lighted
2023-04-27T11:25:00.000,I 75,I 75 and Mm 296,,Rear End,2,Rain,Wet,Daylight
2024-11-13T15:25:00.000,I 75,I 75 and Mm 296,,Sideswipe-Same Direction,2,Cloudy,Dry,Daylight
2020-07-09T19:45:00.000,I 75,I 75 and Mm 2955,,Not a Collision with Motor Vehicle,1,Cloudy,Dry,Daylight
2021-05-28T22:05:00.000,I 75,I 75 and Mm 295,,Sideswipe-Same Direction,3,Cloudy,Wet,Dark-Not Lighted
2021-05-28T19:17:00.000,I 75,I 75 and Mm 295,,Rear End,2,Rain,Wet,Daylight
2021-04-19T16:43:00.000,I 75,I 75 and Mm 295,,Not a Collision with Motor Vehicle,1,Clear,Dry,Daylight
2021-12-18T21:21:00.000,I 75,I 75 and Mm 295,,Rear End,2,Rain,Wet,Dark-Not Lighted
2023-03-19T15:50:00.000,I 75,I 75 and Mm 295,,Not a Collision with Motor Vehicle,1,Clear,Dry,Daylight
2023-01-31T03:28:00.000,I 75,I 75 and Mm 295,,Not a Collision with Motor Vehicle,1,Fog,Wet,Dark-Lighted
2023-08-16T18:32:00.000,I 75,I 75 and Mm 295,,Not a Collision with Motor Vehicle,2,Clear,Dry,Daylight
2022-06-21T22:49:00.000,I 75,I 75 and Mm 295,,Rear End,2,Clear,Dry,Dark-Not Lighted
2023-01-17T15:10:00.000,I 75,I 75 and Mm 295,,Rear End,2,Cloudy,Wet,Daylight
2020-10-18T19:51:00.000,I 75,I 75 and Mm 295,,Rear End,2,Clear,Dry,Dark-Not Lighted
2020-06-15T12:02:00.000,I 75,I 75 and Mm 295,,Not a Collision with Motor Vehicle,2,Cloudy,Dry,Daylight
2020-08-16T19:40:00.000,I 75,I 75 and Mm 295,,Rear End,1,Clear,Dry,Daylight
2020-02-12T15:39:00.000,I 75,I 75 and Mm 295,,Angle Crash,2,Cloudy,Dry,Daylight
2020-07-11T22:17:00.000,I 75,I 75 and Mm 295,,Angle Crash,2,Clear,Dry,Dark-Not Lighted
2021-05-16T11:10:00.000,I 75,I 75 and Mm 295,,Sideswipe-Same Direction,2,Clear,Dry,Daylight
2021-05-28T19:17:00.000,I 75,I 75 and Mm 295,,Rear End,3,Rain,Wet,Daylight
2021-01-05T23:45:00.000,I 75,I 75 and Mm 295,,Rear End,2,Clear,Dry,Dark-Not Lighted
2021-11-24T13:55:00.000,I 75,I 75 and Mm 295,,Rear End,2,Clear,Dry,Daylight
2021-08-28T12:58:00.000,I 75,I 75 and Mm 295,,Sideswipe-Same Direction,2,Clear,Dry,Daylight
2022-03-12T07:13:00.000,I 75,I 75 and Mm 295,,Sideswipe-Same Direction,2,Cloudy,Wet,Daylight
2021-12-18T22:30:00.000,I 75,I 75 and Mm 295,,Rear End,2,Cloudy,Wet,Dark-Not Lighted
2022-02-23T22:40:00.000,I 75,I 75 and Mm 295,,Rear End,2,Clear,Dry,Dark-Not Lighted
2022-01-04T11:20:00.000,I 75,I 75 and Mm 295,,Rear End,2,Clear,Dry,Daylight
2022-08-12T19:14:00.000,I 75,I 75 and Mm 295,,Sideswipe-Same Direction,3,Clear,Dry,Daylight
2022-08-22T08:56:00.000,I 75,I 75 and Mm 295,,Sideswipe-Same Direction,2,Cloudy,Dry,Daylight
2022-04-05T16:13:00.000,I 75,I 75 and Mm 295,,Sideswipe-Same Direction,3,Cloudy,Wet,Daylight
2022-02-27T02:43:00.000,I 75,I 75 and Mm 295,,Rear End,2,Rain,Wet,Dark-Not Lighted
2023-04-30T07:46:00.000,I 75,I 75 and Mm 295,,Angle Crash,2,Rain,Wet,Daylight
2023-05-25T14:37:00.000,I 75,I 75 and Mm 295,,Not a Collision with Motor Vehicle,1,Clear,Dry,Daylight
2023-07-14T01:40:00.000,I 75,I 75 and Mm 295,,Sideswipe-Same Direction,2,Cloudy,Wet,Dark-Not Lighted
2023-01-25T03:46:00.000,I 75,I 75 and Mm 295,,Not a Collision with Motor Vehicle,1,Rain,Wet,Dark-Not Lighted
2023-01-24T14:58:00.000,I 75,I 75 and Mm 295,,Sideswipe-Same Direction,2,Cloudy,Dry,Daylight
2023-07-25T15:45:00.000,I 75,I 75 and Mm 295,,Sideswipe-Same Direction,2,Clear,Dry,Daylight
2021-01-28T22:23:00.000,I 75,I 75 and Mm 294,,Not a Collision with Motor Vehicle,1,Cloudy,Dry,Dark-Not Lighted
2021-04-03T00:00:00.000,I 75,I 75 and Mm 294,,Sideswipe-Same Direction,1,Clear,Dry,Dark-Not Lighted
2020-08-13T21:42:00.000,I 75,I 75 and Mm 294,,Rear End,2,Clear,Dry,Dark-Not Lighted
2023-03-05T00:33:00.000,I 75,I 75 and Mm 294,,Sideswipe-Same Direction,2,Clear,Dry,Dark-Not Lighted
2023-02-10T20:59:00.000,I 75,I 75 and Mm 294,,Not a Collision with Motor Vehicle,2,Cloudy,Dry,Dark-Not Lighted
2023-06-14T14:29:00.000,I 75,I 75 and Mm 294,,Not a Collision with Motor Vehicle,1,Rain,Wet,Daylight
2021-04-20T22:46:00.000,I 75,I 75 and Mm 294,,Angle Crash,2,Clear,Dry,Dark-Not Lighted
2023-07-05T02:28:00.000,I 75,I 75 and Mm 294,,Not a Collision with Motor Vehicle,1,Clear,Wet,Dark-Not Lighted
2020-02-23T23:58:00.000,I 75,I 75 and Mm 294,,Not a Collision with Motor Vehicle,1,Cloudy,Wet,Dark-Not Lighted
2020-11-14T21:12:00.000,I 75,I 75 and Mm 294,,Not a Collision with Motor Vehicle,2,Cloudy,Dry,Daylight
2020-06-18T14:00:00.000,I 75,I 75 and Mm 294,,Sideswipe-Same Direction,2,Cloudy,Dry,Daylight
2020-10-18T20:17:00.000,I 75,I 75 and Mm 294,,Rear End,2,Clear,Dry,Dark-Not Lighted
2020-07-11T22:17:00.000,I 75,I 75 and Mm 294,,Angle Crash,2,Clear,Dry,Dark-Not Lighted
2020-02-07T08:20:00.000,I 75,I 75 and Mm 294,,Sideswipe-Same Direction,2,Cloudy,Dry,Daylight
2021-10-05T21:30:00.000,I 75,I 75 and Mm 294,,Sideswipe-Same Direction,2,Clear,Dry,Dark-Not Lighted
2022-01-08T07:47:00.000,I 75,I 75 and Mm 294,,Rear End,2,Clear,Dry,Daylight
2022-07-13T17:00:00.000,I 75,I 75 and Mm 294,,Rear End,3,Rain,Wet,Daylight
2022-06-01T05:59:00.000,I 75,I 75 and Mm 294,,Sideswipe-Same Direction,2,Clear,Dry,Dark-Not Lighted
2022-06-21T03:27:00.000,I 75,I 75 and Mm 294,,Sideswipe-Same Direction,2,Clear,Dry,Dark-Not Lighted
2023-07-25T15:49:00.000,I 75,I 75 and Mm 294,,Rear End,2,Cloudy,Dry,Daylight
2023-04-22T00:48:00.000,I 75,I 75 and Mm 294,,Not a Collision with Motor Vehicle,1,Cloudy,Dry,Dark-Not Lighted
2023-11-18T17:09:00.000,I 75,I 75 and Mm 294,,Not a Collision with Motor Vehicle,1,Clear,Dry,Daylight
2024-01-25T00:23:00.000,I 75,I 75 and Mm 294,,Not a Collision with Motor Vehicle,1,Rain,Wet,Dark-Not Lighted
2021-09-18T18:01:00.000,I 75,I 75 and Mm 293 Entrance Rp,,Not a Collision with Motor Vehicle,1,Cloudy,Wet,Daylight
2021-09-06T06:31:00.000,I 75,I 75 and Mm 293,,Not a Collision with Motor Vehicle,1,Clear,Dry,Dark-Not Lighted
2021-10-07T19:18:00.000,I 75,I 75 and Mm 293,,Sideswipe-Same Direction,2,Cloudy,Wet,Dusk
2021-06-10T01:07:00.000,I 75,I 75 and Mm 293,,Not a Collision with Motor Vehicle,1,Clear,Wet,Dark-Not Lighted
2021-08-20T17:15:00.000,I 75,I 75 and Mm 293,,Rear End,4,Clear,Dry,Daylight
2021-08-31T11:40:00.000,I 75,I 75 and Mm 293,,Not a Collision with Motor Vehicle,1,Rain,Wet,Daylight
2021-09-06T06:30:00.000,I 75,I 75 and Mm 293,,Rear End,2,Clear,Dry,Dark-Not Lighted
2023-01-06T04:15:00.000,I 75,I 75 and Mm 293,,Not a Collision with Motor Vehicle,1,Clear,Dry,Dark-Not Lighted
2023-04-15T20:21:00.000,I 75,I 75 and Mm 293,,Rear End,2,Clear,Dry,Dark-Not Lighted
2023-01-11T17:32:00.000,I 75,I 75 and Mm 293,,Not a Collision with Motor Vehicle,2,Cloudy,Dry,Daylight
2023-10-16T02:01:00.000,I 75,I 75 and Mm 293,,Not a Collision with Motor Vehicle,1,Clear,Dry,Dark-Not Lighted
2023-01-16T19:40:00.000,I 75,I 75 and Mm 293,,Not a Collision with Motor Vehicle,1,Clear,Dry,Dark-Not Lighted
2023-08-03T15:34:00.000,I 75,I 75 and Mm 293,,Angle Crash,2,Cloudy,Wet,Daylight
2023-06-12T00:45:00.000,I 75,I 75 and Mm 293,,Not a Collision with Motor Vehicle,1,Rain,Wet,Dark-Not Lighted
2023-12-21T11:19:00.000,I 75,I 75 and Mm 293,,Not a Collision with Motor Vehicle,1,Clear,Dry,Daylight
2023-10-09T14:45:00.000,I 75,I 75 and Mm 293,,Rear End,2,Clear,Dry,Daylight
2023-02-12T20:03:00.000,I 75,I 75 and Mm 293,,Not a Collision with Motor Vehicle,1,Cloudy,Wet,Dark-Not Lighted
2022-05-12T18:07:00.000,I 75,I 75 and Mm 293,,Sideswipe-Same Direction,2,Clear,Dry,Daylight
2020-01-21T08:53:00.000,I 75,I 75 and Mm 293,,Not a Collision with Motor Vehicle,2,Cloudy,Dry,Daylight
2020-08-28T18:22:00.000,I 75,I 75 and Mm 293,,Sideswipe-Same Direction,2,Cloudy,Wet,Daylight
2020-09-13T09:20:00.000,I 75,I 75 and Mm 293,,Sideswipe-Same Direction,1,Clear,Dry,Daylight
2020-08-12T07:44:00.000,I 75,I 75 and Mm 293,,Not a Collision with Motor Vehicle,1,Clear,Dry,Daylight
2020-02-13T18:05:00.000,I 75,I 75 and Mm 293,,Rear End,2,Cloudy,Dry,Dusk
2020-10-27T20:14:00.000,I 75,I 75 and Mm 293,,Not a Collision with Motor Vehicle,2,Clear,Dry,Dark-Not Lighted
2021-06-22T16:44:00.000,I 75,I 75 and Mm 293,,Rear End,2,Clear,Dry,Daylight
2021-02-21T21:50:00.000,I 75,I 75 and Mm 293,,Not a Collision with Motor Vehicle,1,Clear,Dry,Dark-Not Lighted
2021-10-19T18:50:00.000,I 75,I 75 and Mm 293,,Rear End,3,Clear,Dry,Dusk
2021-10-26T17:29:00.000,I 75,I 75 and Mm 293,,Rear End,2,Clear,Dry,Daylight
2021-11-13T13:45:00.000,I 75,I 75 and Mm 293,,Not a Collision with Motor Vehicle,2,Clear,Dry,Daylight
2022-03-30T20:36:00.000,I 75,I 75 and Mm 293,,Not a Collision with Motor Vehicle,2,Clear,Dry,Dark-Not Lighted
2022-07-07T15:53:00.000,I 75,I 75 and Mm 293,,Rear End,2,Rain,Wet,Daylight
2022-11-27T09:30:00.000,I 75,I 75 and Mm 293,,Not a Collision with Motor Vehicle,1,Cloudy,Wet,Daylight
2022-10-12T18:41:00.000,I 75,I 75 and Mm 293,,Not a Collision with Motor Vehicle,1,Cloudy,Wet,Daylight
2022-02-27T04:20:00.000,I 75,I 75 and Mm 293,,Not a Collision with Motor Vehicle,1,Rain,Wet,Dark-Not Lighted
2022-02-02T06:54:00.000,I 75,I 75 and Mm 293,,Sideswipe-Same Direction,2,Cloudy,Dry,Dark-Not Lighted
2022-04-15T21:50:00.000,I 75,I 75 and Mm 293,,Sideswipe-Same Direction,2,Clear,Dry,Dark-Not Lighted
2022-12-20T12:13:00.000,I 75,I 75 and Mm 293,,Sideswipe-Same Direction,2,Cloudy,Wet,Daylight
2022-08-31T04:50:00.000,I 75,I 75 and Mm 293,,Sideswipe-Same Direction,2,Clear,Dry,Dark-Not Lighted
2022-12-26T16:10:00.000,I 75,I 75 and Mm 293,,Sideswipe-Same Direction,2,Cloudy,Ice/Frost,Daylight
2023-10-07T04:31:00.000,I 75,I 75 and Mm 293,,Sideswipe-Same Direction,2,Clear,Dry,Dark-Not Lighted
2023-08-02T08:00:00.000,I 75,I 75 and Mm 293,,Sideswipe-Same Direction,2,Clear,Dry,Daylight
2023-05-16T04:05:00.000,I 75,I 75 and Mm 293,,Not a Collision with Motor Vehicle,1,Clear,Dry,Dark-Not Lighted
2023-04-14T19:34:00.000,I 75,I 75 and Mm 293,,Angle Crash,2,Cloudy,Wet,Daylight
2023-07-13T23:12:00.000,I 75,I 75 and Mm 293,,Rear End,2,Clear,Dry,Dark-Not Lighted
2023-12-26T10:56:00.000,I 75,I 75 and Mm 293,,Not a Collision with Motor Vehicle,1,Rain,Wet,Daylight
2023-01-19T08:40:00.000,I 75,I 75 and Mm 293,,Sideswipe-Same Direction,2,Rain,Wet,Daylight
2021-08-11T04:20:00.000,I 75,I 75 and Mm 292,,Rear End,2,Clear,Dry,Dark-Not Lighted
2021-08-08T21:45:00.000,I 75,I 75 and Mm 292,,Sideswipe-Same Direction,2,Clear,Dry,Dark-Lighted
2023-05-31T21:12:00.000,I 75,I 75 and Mm 292,,Sideswipe-Same Direction,2,Cloudy,Dry,Dark-Not Lighted
2023-11-16T12:00:00.000,I 75,I 75 and Mm 292,,Not a Collision with Motor Vehicle,1,Clear,Dry,Daylight
2023-10-24T14:20:00.000,I 75,I 75 and Mm 292,,Sideswipe-Same Direction,2,Clear,Dry,Daylight
2023-07-09T16:19:00.000,I 75,I 75 and Mm 292,,Sideswipe-Same Direction,2,Clear,Dry,Daylight
2020-06-02T14:54:00.000,I 75,I 75 and Mm 292,,Sideswipe-Same Direction,2,Clear,Dry,Daylight
2020-10-28T12:13:00.000,I 75,I 75 and Mm 292,,Sideswipe-Same Direction,1,Clear,Wet,Daylight
2020-07-08T16:10:00.000,I 75,I 75 and Mm 292,,Not a Collision with Motor Vehicle,1,Cloudy,Dry,Daylight
2020-06-10T23:50:00.000,I 75,I 75 and Mm 292,,Sideswipe-Same Direction,2,Clear,Dry,Dark-Not Lighted
2020-02-29T07:20:00.000,I 75,I 75 and Mm 292,,Not a Collision with Motor Vehicle,1,Cloudy,Dry,Dawn
2021-04-24T09:30:00.000,I 75,I 75 and Mm 292,,Not a Collision with Motor Vehicle,1,Rain,Wet,Daylight
2021-02-07T07:00:00.000,I 75,I 75 and Mm 292,,Not a Collision with Motor Vehicle,1,Rain,Wet,Dark-Not Lighted
2022-12-19T09:24:00.000,I 75,I 75 and Mm 292,,Not a Collision with Motor Vehicle,2,Clear,Dry,Daylight
2022-06-25T08:27:00.000,I 75,I 75 and Mm 292,,Sideswipe-Same Direction,2,Cloudy,Dry,Daylight
2022-12-20T18:40:00.000,I 75,I 75 and Mm 292,,Sideswipe-Same Direction,2,Cloudy,Dry,Dark-Not Lighted
2022-10-17T10:37:00.000,I 75,I 75 and Mm 292,,Not a Collision with Motor Vehicle,1,Clear,Dry,Daylight
2022-02-04T19:57:00.000,I 75,I 75 and Mm 292,,Sideswipe-Same Direction,2,Cloudy,Dry,Dark-Not Lighted
2022-05-15T19:46:00.000,I 75,I 75 and Mm 292,,Not a Collision with Motor Vehicle,1,Clear,Dry,Daylight
2022-03-29T16:19:00.000,I 75,I 75 and Mm 292,,Rear End,2,Clear,Dry,Daylight
2022-04-12T06:23:00.000,I 75,I 75 and Mm 292,,Sideswipe-Same Direction,2,Clear,Dry,Dark-Not Lighted
2022-01-05T09:51:00.000,I 75,I 75 and Mm 292,,Not a Collision with Motor Vehicle,1,Cloudy,Dry,Daylight
2022-06-30T22:09:00.000,I 75,I 75 and Mm 292,,Rear End,2,Clear,Dry,Dark-Lighted
2023-04-24T12:50:00.000,I 75,I 75 and Mm 292,,Sideswipe-Same Direction,2,Clear,Dry,Daylight
2023-02-22T12:46:00.000,I 75,I 75 and Mm 292,,Sideswipe-Same Direction,2,Clear,Dry,Daylight
2021-10-15T05:35:00.000,I 75,I 75 and Mm 291,,Sideswipe-Same Direction,2,Clear,Dry,Dark-Not Lighted
2021-10-21T09:10:00.000,I 75,I 75 and Mm 291,,Not a Collision with Motor Vehicle,1,Cloudy,Dry,Daylight
2023-02-02T06:56:00.000,I 75,I 75 and Mm 291,,Not a Collision with Motor Vehicle,1,Rain,Wet,Dawn
2023-02-19T14:13:00.000,I 75,I 75 and Mm 291,,Not a Collision with Motor Vehicle,1,Clear,Dry,Daylight
2023-03-11T17:43:00.000,I 75,I 75 and Mm 291,,Rear End,4,Clear,Dry,Daylight
2023-02-16T20:02:00.000,I 75,I 75 and Mm 291,,Not a Collision with Motor Vehicle,1,Cloudy,Dry,Dark-Not Lighted
2020-12-16T18:22:00.000,I 75,I 75 and Mm 291,,Sideswipe-Same Direction,3,Cloudy,Wet,Dark-Not Lighted
2020-09-16T19:20:00.000,I 75,I 75 and Mm 291,,Rear End,2,Rain,Wet,Dusk
2020-06-26T01:30:00.000,I 75,I 75 and Mm 291,,Angle Crash,2,Clear,Dry,Dark-Not Lighted
2021-02-01T05:27:00.000,I 75,I 75 and Mm 291,,Not a Collision with Motor Vehicle,1,Snow,Wet,Dark-Not Lighted
2022-11-28T09:15:00.000,I 75,I 75 and Mm 291,,Rear End,2,Cloudy,Dry,Daylight
2022-04-29T03:55:00.000,I 75,I 75 and Mm 291,,Sideswipe-Same Direction,2,Clear,Dry,Dark-Not Lighted
2022-08-26T21:55:00.000,I 75,I 75 and Mm 291,,Not a Collision with Motor Vehicle,1,Clear,Dry,Dark-Not Lighted
2022-10-11T14:35:00.000,I 75,I 75 and Mm 291,,Sideswipe-Same Direction,2,Clear,Dry,Daylight
2022-06-30T11:15:00.000,I 75,I 75 and Mm 291,,Sideswipe-Same Direction,2,Cloudy,Dry,Daylight
2022-08-12T17:20:00.000,I 75,I 75 and Mm 291,,Sideswipe-Same Direction,2,Clear,Dry,Daylight
2023-09-22T17:47:00.000,I 75,I 75 and Mm 291,,Not a Collision with Motor Vehicle,2,Clear,Dry,Daylight
2023-05-28T09:59:00.000,I 75,I 75 and Mm 291,,Rear End,2,Clear,Dry,Daylight
2023-03-25T19:14:00.000,I 75,I 75 and Mm 291,,Sideswipe-Same Direction,2,Clear,Dry,Daylight
2021-06-03T06:32:00.000,I 75,I 75 and Mm 290,,Sideswipe-Same Direction,2,Cloudy,Dry,Daylight
2021-11-18T06:10:00.000,I 75,I 75 and Mm 290,,Sideswipe-Same Direction,2,Clear,Dry,Dawn
2021-08-11T14:28:00.000,I 75,I 75 and Mm 290,,Not a Collision with Motor Vehicle,3,Clear,Dry,Daylight
2021-04-30T15:09:00.000,I 75,I 75 and Mm 290,,Not a Collision with Motor Vehicle,1,Clear,Dry,Daylight
2021-06-18T00:31:00.000,I 75,I 75 and Mm 290,,Not a Collision with Motor Vehicle,1,Cloudy,Dry,Dark-Not Lighted
2021-11-05T11:45:00.000,I 75,I 75 and Mm 290,,Angle Crash,2,Clear,Dry,Daylight
2021-01-04T06:35:00.000,I 75,I 75 and Mm 290,,Not a Collision with Motor Vehicle,1,Clear,Dry,Dark-Not Lighted
2021-06-11T18:58:00.000,I 75,I 75 and Mm 290,,Sideswipe-Same Direction,2,Cloudy,Wet,Daylight
2021-05-03T13:00:00.000,I 75,I 75 and Mm 290,,Not a Collision with Motor Vehicle,1,Rain,Wet,Daylight
2021-07-18T07:11:00.000,I 75,I 75 and Mm 290,,Angle Crash,2,Cloudy,Wet,Daylight
2020-02-08T10:42:00.000,I 75,I 75 and Mm 290,,Not a Collision with Motor Vehicle,1,Snow,Snow,Daylight
2023-04-08T02:47:00.000,I 75,I 75 and Mm 290,,Rear End,2,Rain,Wet,Dark-Not Lighted
2023-03-11T17:38:00.000,I 75,I 75 and Mm 290,,Not a Collision with Motor Vehicle,1,Clear,Dry,Daylight
2023-02-25T04:45:00.000,I 75,I 75 and Mm 290,,Sideswipe-Same Direction,2,Cloudy,Wet,Dark-Not Lighted
2020-11-01T14:00:00.000,I 75,I 75 and Mm 290,,Sideswipe-Same Direction,2,Clear,Dry,Daylight
2020-07-19T17:15:00.000,I 75,I 75 and Mm 290,,Sideswipe-Same Direction,2,Clear,Dry,Daylight
2020-04-25T15:12:00.000,I 75,I 75 and Mm 290,,Not a Collision with Motor Vehicle,1,Cloudy,Dry,Daylight
2020-02-01T00:01:00.000,I 75,I 75 and Mm 290,,Not a Collision with Motor Vehicle,2,Clear,Dry,Dark-Not Lighted
2020-08-18T20:15:00.000,I 75,I 75 and Mm 290,,Not a Collision with Motor Vehicle,1,Cloudy,Dry,Dusk
2020-06-25T17:00:00.000,I 75,I 75 and Mm 290,,Not a Collision with Motor Vehicle,1,Clear,Dry,Daylight
2020-08-03T13:18:00.000,I 75,I 75 and Mm 290,,Angle Crash,2,Cloudy,Dry,Daylight
2021-03-20T14:09:00.000,I 75,I 75 and Mm 290,,Angle Crash,2,Clear,Dry,Daylight
2021-04-01T04:57:00.000,I 75,I 75 and Mm 290,,Not a Collision with Motor Vehicle,1,Clear,Dry,Dark-Not Lighted
2021-06-18T13:00:00.000,I 75,I 75 and Mm 290,,Rear End,2,Clear,Dry,Daylight
2021-07-16T18:49:00.000,I 75,I 75 and Mm 290,,Rear End,2,Cloudy,Wet,Daylight
2021-08-20T16:21:00.000,I 75,I 75 and Mm 290,,Rear End,2,Cloudy,Wet,Daylight
2022-09-12T10:05:00.000,I 75,I 75 and Mm 290,,Rear End,2,Clear,Wet,Daylight
2022-11-13T20:41:00.000,I 75,I 75 and Mm 290,,Rear End,2,Clear,Dry,Dark-Not Lighted
2022-09-06T13:15:00.000,I 75,I 75 and Mm 290,,Not a Collision with Motor Vehicle,2,Clear,Dry,Daylight
2021-09-13T10:40:00.000,I 75,I 75 and Mm 290,,Sideswipe-Same Direction,2,Clear,Dry,Daylight
2022-07-12T15:21:00.000,I 75,I 75 and Mm 290,,Not a Collision with Motor Vehicle,1,Clear,Dry,Daylight
2022-03-26T21:47:00.000,I 75,I 75 and Mm 290,,Sideswipe-Same Direction,2,Clear,Dry,Dark-Not Lighted
2022-07-14T16:00:00.000,I 75,I 75 and Mm 290,,Not a Collision with Motor Vehicle,1,Clear,Dry,Daylight
2022-03-19T06:20:00.000,I 75,I 75 and Mm 290,,Not a Collision with Motor Vehicle,1,Cloudy,Dry,Dark-Not Lighted
2022-09-18T07:25:00.000,I 75,I 75 and Mm 290,,Not a Collision with Motor Vehicle,1,Clear,Dry,Daylight
2022-01-04T15:45:00.000,I 75,I 75 and Mm 290,,Sideswipe-Same Direction,2,Clear,Dry,Daylight
2022-04-18T07:22:00.000,I 75,I 75 and Mm 290,,Sideswipe-Same Direction,3,Rain,Wet,Daylight
2023-02-02T21:59:00.000,I 75,I 75 and Mm 290,,Not a Collision with Motor Vehicle,1,Rain,Wet,Dark-Not Lighted
2023-01-11T14:52:00.000,I 75,I 75 and Mm 290,,Not a Collision with Motor Vehicle,1,Cloudy,Dry,Daylight
2023-08-18T14:04:00.000,I 75,I 75 and Mm 290,,Sideswipe-Same Direction,2,Clear,Dry,Daylight
2023-05-10T11:32:00.000,I 75,I 75 and Mm 290,,Sideswipe-Same Direction,2,Clear,Dry,Daylight
2023-01-03T10:02:00.000,I 75,I 75 and Mm 290,,Sideswipe-Same Direction,2,Cloudy,Dry,Daylight
2023-11-17T18:25:00.000,I 75,I 75 and Mm 29,,Rear End,2,Cloudy,Wet,Dark-Lighted
2022-12-28T07:39:00.000,I 75,I 75 and Mm 289,,Not a Collision with Motor Vehicle,1,Clear,Dry,Daylight
2021-08-03T15:10:00.000,I 75,I 75 and Mm 289,,Sideswipe-Same Direction,2,Cloudy,Dry,Daylight
2022-02-18T14:43:00.000,I 75,I 75 and Mm 289,,Sideswipe-Same Direction,2,Cloudy,Dry,Daylight
2022-05-12T15:36:00.000,I 75,I 75 and Mm 289,,Rear End,3,Clear,Dry,Daylight
2023-12-11T17:52:00.000,I 75,I 75 and Mm 289,,Sideswipe-Same Direction,2,Clear,Dry,Dark-Not Lighted
2023-12-11T17:52:00.000,I 75,I 75 and Mm 289,,Not a Collision with Motor Vehicle,1,Clear,Dry,Dark-Not Lighted
2023-03-22T16:45:00.000,I 75,I 75 and Mm 289,,Sideswipe-Same Direction,2,Cloudy,Dry,Daylight
2023-05-14T06:30:00.000,I 75,I 75 and Mm 289,,Sideswipe-Same Direction,1,Clear,Dry,Daylight
2021-10-15T15:57:00.000,I 75,I 75 and Mm 288,,Rear End,2,Clear,Dry,Daylight
2021-03-03T02:50:00.000,I 75,I 75 and Mm 288,,Rear End,2,Cloudy,Dry,Dark-Not Lighted
2023-12-17T18:06:00.000,I 75,I 75 and Mm 288,,Sideswipe-Same Direction,2,Rain,Wet,Dusk
2023-10-23T04:53:00.000,I 75,I 75 and Mm 288,,Sideswipe-Same Direction,3,Clear,Dry,Dark-Not Lighted
2023-05-08T12:48:00.000,I 75,I 75 and Mm 288,,Sideswipe-Same Direction,2,Clear,Dry,Daylight
2020-01-03T17:31:00.000,I 75,I 75 and Mm 288,,Rear End,2,Rain,Wet,Daylight
2020-07-13T17:58:00.000,I 75,I 75 and Mm 288,,Sideswipe-Same Direction,2,Clear,Dry,Daylight
2020-02-19T07:45:00.000,I 75,I 75 and Mm 288,,Not a Collision with Motor Vehicle,1,Cloudy,Wet,Dawn
2021-09-12T08:30:00.000,I 75,I 75 and Mm 288,,Not a Collision with Motor Vehicle,1,Clear,Dry,Daylight