Date and Time,Roadway (From Crash Report),Intersection Name (from Crash Report),KABCO Severity,Manner of Collision (Crash Level) ,# of Vehicles per crash ,Weather Conditions (Crash Level),Surface Condition (Crash Level) ,Light Conditions (Crash Level)
2021-11-28T15:15:00.000,I 75,I 75 and Mm 288,,Rear End,2,Clear,Dry,Daylight
2021-10-07T08:36:00.000,I 75,I 75 and Mm 288,,Angle Crash,2,Cloudy,Dry,Daylight
2022-07-15T02:01:00.000,I 75,I 75 and Mm 288,,Not a Collision with Motor Vehicle,1,Clear,Dry,Dark-Not Lighted
2022-04-26T18:33:00.000,I 75,I 75 and Mm 288,,Sideswipe-Same Direction,2,Clear,Dry,Daylight
2022-12-03T17:51:00.000,I 75,I 75 and Mm 288,,Rear End,2,Cloudy,Dry,Daylight
2022-09-12T06:15:00.000,I 75,I 75 and Mm 288,,Sideswipe-Same Direction,7,Clear,Wet,Dark-Not Lighted
2023-06-15T15:27:00.000,I 75,I 75 and Mm 288,,Sideswipe-Same Direction,2,Clear,Dry,Daylight
2024-08-28T11:07:00.000,I 75,I 75 and Mm 288,,Not a Collision with Motor Vehicle,1,Clear,Dry,Daylight
2024-10-04T16:58:00.000,I 75,I 75 and Mm 288,,Not a Collision with Motor Vehicle,1,Clear,Dry,Daylight
2021-12-08T11:52:00.000,I 75,I 75 and Mm 287,,Sideswipe-Same Direction,2,Clear,Dry,Daylight
2022-05-23T20:05:00.000,I 75,I 75 and Mm 287,,Not a Collision with Motor Vehicle,1,Clear,Dry,Dusk
2023-08-20T04:03:00.000,I 75,I 75 and Mm 286,,Not a Collision with Motor Vehicle,1,Clear,Dry,Dark-Not Lighted
2023-12-10T04:15:00.000,I 75,I 75 and Mm 286,,Rear End,2,Rain,Wet,Dark-Not Lighted
2020-10-25T21:09:00.000,I 75,I 75 and Mm 286,,Angle Crash,3,Clear,Dry,Dark-Not Lighted
2022-03-09T20:00:00.000,I 75,I 75 and Mm 286,,Not a Collision with Motor Vehicle,1,Cloudy,Dry,Dark-Not Lighted
2020-12-17T17:13:00.000,I 75,I 75 and Mm 285,,Sideswipe-Same Direction,2,Clear,Dry,Daylight
2020-01-21T21:55:00.000,I 75,I 75 and Mm 285,,Not a Collision with Motor Vehicle,2,Clear,Dry,Dark-Not Lighted
2020-12-17T17:12:00.000,I 75,I 75 and Mm 285,,Not a Collision with Motor Vehicle,1,Clear,Dry,Daylight
2022-10-22T11:16:00.000,I 75,I 75 and Mm 285,,Sideswipe-Same Direction,2,Clear,Dry,Daylight
2023-01-08T14:43:00.000,I 75,I 75 and Mm 284,,Sideswipe-Same Direction,2,Cloudy,Wet,Daylight
2021-05-15T16:20:00.000,I 75,I 75 and Mm 284,,Sideswipe-Same Direction,2,Clear,Dry,Daylight
2021-05-15T16:20:00.000,I 75,I 75 and Mm 283,,Sideswipe-Same Direction,2,Clear,Dry,Daylight
2023-12-25T11:20:00.000,I 75,I 75 and Mm 283,,Rear End,2,Rain,Wet,Daylight
2020-08-28T16:40:00.000,I 75,I 75 and Mm 283,,Head On,2,Rain,Wet,Daylight
2021-05-14T20:15:00.000,I 75,I 75 and Mm 283,,Sideswipe-Same Direction,3,Clear,Dry,Daylight
2021-11-08T15:12:00.000,I 75,I 75 and Mm 283,,Angle Crash,2,Clear,Dry,Daylight
2022-04-01T15:50:00.000,I 75,I 75 and Mm 283,,Angle Crash,2,Clear,Dry,Daylight
2021-11-11T20:00:00.000,I 75,I 75 and Mm 282,,Sideswipe-Same Direction,2,Rain,Wet,Dark-Not Lighted
2020-05-17T11:40:00.000,I 75,I 75 and Mm 282,,Rear End,2,Clear,Dry,Daylight
2021-07-27T16:35:00.000,I 75,I 75 and Mm 282,,Not a Collision with Motor Vehicle,1,Cloudy,Dry,Daylight
2023-10-05T23:43:00.000,I 75,I 75 and Mm 282,,Sideswipe-Same Direction,2,Cloudy,Dry,Dark-Not Lighted
2024-01-21T16:11:00.000,I 75,I 75 and Mm 282,,Sideswipe-Same Direction,2,Clear,Dry,Daylight
2021-01-01T03:40:00.000,I 75,I 75 and Mm 281,,Not a Collision with Motor Vehicle,1,Cloudy,Wet,Dark-Not Lighted
2021-06-04T15:25:00.000,I 75,I 75 and Mm 281,,Rear End,2,Clear,Dry,Daylight
2021-08-22T00:48:00.000,I 75,I 75 and Mm 281,,Rear End,2,Rain,Wet,Dark-Not Lighted
2021-06-09T00:45:00.000,I 75,I 75 and Mm 281,,Not a Collision with Motor Vehicle,1,Cloudy,Wet,Dark-Not Lighted
2021-03-23T22:53:00.000,I 75,I 75 and Mm 281,,Sideswipe-Same Direction,2,Cloudy,Wet,Dark-Not Lighted
2021-12-04T07:45:00.000,I 75,I 75 and Mm 281,,Not a Collision with Motor Vehicle,1,Clear,Dry,Dawn
2021-07-20T06:30:00.000,I 75,I 75 and Mm 281,,Sideswipe-Same Direction,2,Rain,Wet,Daylight
2023-06-03T03:37:00.000,I 75,I 75 and Mm 281,,Not a Collision with Motor Vehicle,1,Clear,Dry,Dark-Not Lighted
2023-07-21T13:32:00.000,I 75,I 75 and Mm 281,,Not a Collision with Motor Vehicle,1,Cloudy,Dry,Daylight
2023-04-14T14:55:00.000,I 75,I 75 and Mm 281,,Rear End,2,Cloudy,Wet,Daylight
2023-08-30T18:00:00.000,I 75,I 75 and Mm 281,,Sideswipe-Same Direction,2,Rain,Wet,Daylight
2023-01-25T16:25:00.000,I 75,I 75 and Mm 281,,Rear End,2,Cloudy,Dry,Daylight
2023-09-08T11:59:00.000,I 75,I 75 and Mm 281,,Not a Collision with Motor Vehicle,1,Clear,Dry,Daylight
2023-05-15T22:10:00.000,I 75,I 75 and Mm 281,,Sideswipe-Same Direction,1,Clear,Dry,Dark-Not Lighted
2023-07-07T16:18:00.000,I 75,I 75 and Mm 281,,Sideswipe-Same Direction,2,Cloudy,Dry,Daylight
2020-10-11T15:19:00.000,I 75,I 75 and Mm 281,,Rear End,2,Cloudy,Wet,Daylight
2020-10-16T21:25:00.000,I 75,I 75 and Mm 281,,Not a Collision with Motor Vehicle,1,Clear,Dry,Dark-Not Lighted
2020-09-06T16:30:00.000,I 75,I 75 and Mm 281,,Sideswipe-Same Direction,2,Clear,Dry,Daylight
2021-01-01T11:55:00.000,I 75,I 75 and Mm 281,,Not a Collision with Motor Vehicle,1,Rain,Wet,Daylight
2021-01-16T16:55:00.000,I 75,I 75 and Mm 281,,Not a Collision with Motor Vehicle,1,Cloudy,Dry,Daylight
2021-06-05T20:16:00.000,I 75,I 75 and Mm 281,,Not a Collision with Motor Vehicle,2,Cloudy,Wet,Daylight
2021-11-18T08:25:00.000,I 75,I 75 and Mm 281,,Rear End,2,Clear,Dry,Daylight
2021-07-09T14:40:00.000,I 75,I 75 and Mm 281,,Rear End,2,Rain,Wet,Daylight
2021-10-19T17:04:00.000,I 75,I 75 and Mm 281,,Not a Collision with Motor Vehicle,2,Clear,Dry,Daylight
2021-12-04T17:00:00.000,I 75,I 75 and Mm 281,,Sideswipe-Same Direction,2,Clear,Dry,Dusk
2022-11-19T17:17:00.000,I 75,I 75 and Mm 281,,Sideswipe-Same Direction,2,Cloudy,Dry,Dark-Not Lighted
2022-02-10T08:09:00.000,I 75,I 75 and Mm 281,,Not a Collision with Motor Vehicle,1,Clear,Dry,Daylight
2022-12-04T00:23:00.000,I 75,I 75 and Mm 281,,Not a Collision with Motor Vehicle,1,Clear,Wet,Dark-Not Lighted
2021-10-20T16:30:00.000,I 75,I 75 and Mm 281,,Rear End,2,Clear,Dry,Daylight
2021-12-22T08:50:00.000,I 75,I 75 and Mm 281,,Sideswipe-Same Direction,2,Clear,Dry,Daylight
2022-05-30T19:24:00.000,I 75,I 75 and Mm 281,,Not a Collision with Motor Vehicle,1,Rain,Wet,Daylight
2022-11-30T13:00:00.000,I 75,I 75 and Mm 281,,Not a Collision with Motor Vehicle,1,Clear,Dry,Daylight
2022-12-04T00:25:00.000,I 75,I 75 and Mm 281,,Angle Crash,2,Clear,Wet,Dark-Not Lighted
2022-07-01T14:29:00.000,I 75,I 75 and Mm 281,,Rear End,2,Cloudy,Wet,Daylight
2022-06-04T14:09:00.000,I 75,I 75 and Mm 281,,Rear End,2,Clear,Dry,Daylight
2022-11-13T14:31:00.000,I 75,I 75 and Mm 281,,Angle Crash,2,Clear,Dry,Daylight
2022-02-06T05:35:00.000,I 75,I 75 and Mm 281,,Not a Collision with Motor Vehicle,1,Clear,Dry,Dark-Not Lighted
2023-08-03T17:02:00.000,I 75,I 75 and Mm 281,,Sideswipe-Same Direction,2,Cloudy,Dry,Daylight
2023-01-27T21:19:00.000,I 75,I 75 and Mm 281,,Not a Collision with Motor Vehicle,1,Clear,Dry,Dark-Not Lighted
2023-02-16T01:35:00.000,I 75,I 75 and Mm 281,,Sideswipe-Same Direction,2,Clear,Dry,Dark-Lighted
2023-11-26T18:31:00.000,I 75,I 75 and Mm 281,,Not a Collision with Motor Vehicle,1,Clear,Wet,Dark-Not Lighted
2023-07-30T22:00:00.000,I 75,I 75 and Mm 281,,Not a Collision with Motor Vehicle,1,Clear,Dry,Dark-Not Lighted
2023-09-26T14:20:00.000,I 75,I 75 and Mm 281,,Sideswipe-Same Direction,2,Clear,Dry,Daylight
2023-03-02T09:15:00.000,I 75,I 75 and Mm 281,,Not a Collision with Motor Vehicle,1,Rain,Wet,Daylight
2024-01-07T13:48:00.000,I 75,I 75 and Mm 281,,Angle Crash,2,Cloudy,Dry,Daylight
2020-06-24T18:12:00.000,I 75,I 75 and Mm 2805,,Not a Collision with Motor Vehicle,1,Rain,Wet,Daylight
2021-12-31T14:42:00.000,I 75,I 75 and Mm 280,,Rear End,2,Cloudy,Dry,Daylight
2021-07-17T11:16:00.000,I 75,I 75 and Mm 280,,Rear End,2,Clear,Dry,Daylight
2021-07-01T13:45:00.000,I 75,I 75 and Mm 280,,Rear End,2,Clear,Dry,Daylight
2021-11-11T19:02:00.000,I 75,I 75 and Mm 280,,Rear End,3,Rain,Wet,Dark-Not Lighted
2021-06-25T10:36:00.000,I 75,I 75 and Mm 280,,Angle Crash,2,Clear,Dry,Daylight
2023-07-08T17:10:00.000,I 75,I 75 and Mm 280,,Rear End,2,Clear,Dry,Daylight
2023-11-12T05:03:00.000,I 75,I 75 and Mm 280,,Not a Collision with Motor Vehicle,1,Clear,Dry,Dark-Not Lighted
2023-04-30T08:30:00.000,I 75,I 75 and Mm 280,,Not a Collision with Motor Vehicle,2,Cloudy,Wet,Daylight
2023-01-20T07:20:00.000,I 75,I 75 and Mm 280,,Sideswipe-Same Direction,2,Clear,Dry,Daylight
2023-03-17T18:49:00.000,I 75,I 75 and Mm 280,,Rear End,2,Rain,Wet,Daylight
2023-03-19T17:05:00.000,I 75,I 75 and Mm 280,,Not a Collision with Motor Vehicle,2,Clear,Dry,Daylight
2023-01-25T08:08:00.000,I 75,I 75 and Mm 280,,Rear End,3,Cloudy,Wet,Daylight
2023-03-25T05:39:00.000,I 75,I 75 and Mm 280,,Sideswipe-Same Direction,2,Rain,Wet,Dark-Not Lighted
2020-12-23T18:14:00.000,I 75,I 75 and Mm 280,,Rear End,2,Clear,Dry,Dark-Not Lighted
2020-04-18T15:15:00.000,I 75,I 75 and Mm 280,,Not a Collision with Motor Vehicle,1,Clear,Dry,Daylight
2020-11-25T18:21:00.000,I 75,I 75 and Mm 280,,Rear End,2,Cloudy,Wet,Dark-Not Lighted
2020-08-23T15:54:00.000,I 75,I 75 and Mm 280,,Sideswipe-Same Direction,2,Clear,Dry,Daylight
2020-06-16T14:57:00.000,I 75,I 75 and Mm 280,,Rear End,2,Clear,Dry,Daylight
2020-09-14T16:20:00.000,I 75,I 75 and Mm 280,,Not a Collision with Motor Vehicle,1,Rain,Wet,Daylight
2020-08-23T15:15:00.000,I 75,I 75 and Mm 280,,Rear End,2,Clear,Dry,Daylight
2021-06-12T12:45:00.000,I 75,I 75 and Mm 280,,Sideswipe-Same Direction,2,Clear,Dry,Daylight
2021-05-30T14:05:00.000,I 75,I 75 and Mm 280,,Rear End,2,Clear,Dry,Daylight
2021-11-21T17:53:00.000,I 75,I 75 and Mm 280,,Rear End,2,Clear,Dry,Dusk
2021-10-29T17:55:00.000,I 75,I 75 and Mm 280,,Rear End,2,Rain,Wet,Daylight
2021-11-11T20:00:00.000,I 75,I 75 and Mm 280,,Sideswipe-Same Direction,2,Rain,Wet,Dark-Not Lighted
2021-12-30T10:45:00.000,I 75,I 75 and Mm 280,,Rear End,2,Rain,Wet,Daylight
2022-09-30T17:40:00.000,I 75,I 75 and Mm 280,,Rear End,3,Clear,Dry,Daylight
2022-05-12T12:10:00.000,I 75,I 75 and Mm 280,,Sideswipe-Same Direction,2,Clear,Dry,Daylight
2022-12-30T18:26:00.000,I 75,I 75 and Mm 280,,Rear End,2,Clear,Dry,Dark-Not Lighted
2022-11-23T18:19:00.000,I 75,I 75 and Mm 280,,Rear End,2,Clear,Dry,Dark-Not Lighted
2022-06-11T17:11:00.000,I 75,I 75 and Mm 280,,Rear End,2,Clear,Dry,Daylight
2022-03-19T17:00:00.000,I 75,I 75 and Mm 280,,Rear End,3,Clear,Dry,Daylight
2021-10-16T01:52:00.000,I 75,I 75 and Mm 280,,Not a Collision with Motor Vehicle,3,Clear,Dry,Dark-Not Lighted
2021-09-23T22:56:00.000,I 75,I 75 and Mm 280,,Sideswipe-Same Direction,3,Clear,Dry,Dark-Not Lighted
2022-04-05T09:25:00.000,I 75,I 75 and Mm 280,,Not a Collision with Motor Vehicle,2,Rain,Wet,Daylight
2022-07-15T16:48:00.000,I 75,I 75 and Mm 280,,Rear End,2,Clear,Dry,Daylight
2022-05-05T14:58:00.000,I 75,I 75 and Mm 280,,Rear End,2,Clear,Dry,Daylight
2022-03-09T08:41:00.000,I 75,I 75 and Mm 280,,Angle Crash,2,Cloudy,Dry,Daylight
2022-08-30T16:52:00.000,I 75,I 75 and Mm 280,,Rear End,2,Cloudy,Wet,Daylight
2023-04-14T14:00:00.000,I 75,I 75 and Mm 280,,Sideswipe-Same Direction,2,Rain,Wet,Daylight
2023-11-29T08:56:00.000,I 75,I 75 and Mm 280,,Rear End,2,Clear,Dry,Daylight
2023-02-11T13:11:00.000,I 75,I 75 and Mm 280,,Sideswipe-Same Direction,2,Cloudy,Wet,Daylight
2023-06-17T12:41:00.000,I 75,I 75 and Mm 280,,Rear End,3,Clear,Dry,Daylight
2023-12-05T09:14:00.000,I 75,I 75 and Mm 280,,Rear End,2,Clear,Dry,Daylight
2023-06-17T16:38:00.000,I 75,I 75 and Mm 280,,Rear End,2,Clear,Dry,Daylight
2023-09-16T17:57:00.000,I 75,I 75 and Mm 280,,Sideswipe-Same Direction,2,Cloudy,Wet,Daylight
2023-02-11T13:12:00.000,I 75,I 75 and Mm 280,,Not a Collision with Motor Vehicle,1,Cloudy,Wet,Daylight
2024-01-02T11:32:00.000,I 75,I 75 and Mm 280,,Rear End,2,Clear,Dry,Daylight
2023-09-25T07:55:00.000,I 75,I 75 and Mm 28,,Sideswipe-Same Direction,2,Clear,Dry,Daylight
2021-12-20T22:56:00.000,I 75,I 75 and Mm 279,,Angle Crash,2,Clear,Dry,Dark-Not Lighted
2021-07-09T14:49:00.000,I 75,I 75 and Mm 279,,Rear End,2,Rain,Wet,Daylight
2021-12-05T12:00:00.000,I 75,I 75 and Mm 279,,Rear End,3,Rain,Wet,Daylight
2021-11-11T20:00:00.000,I 75,I 75 and Mm 279,,Not a Collision with Motor Vehicle,1,Rain,Wet,Dark-Not Lighted
2021-02-17T11:01:00.000,I 75,I 75 and Mm 279,,Not a Collision with Motor Vehicle,2,Clear,Dry,Daylight
2021-06-11T16:28:00.000,I 75,I 75 and Mm 279,,Rear End,2,Rain,Wet,Daylight
2021-07-08T17:40:00.000,I 75,I 75 and Mm 279,,Rear End,3,Cloudy,Wet,Daylight
2021-04-28T11:24:00.000,I 75,I 75 and Mm 279,,Angle Crash,2,Cloudy,Dry,Daylight
2021-02-25T06:25:00.000,I 75,I 75 and Mm 279,,Angle Crash,2,Clear,Dry,Dark-Not Lighted
2021-01-06T06:45:00.000,I 75,I 75 and Mm 279,,Sideswipe-Same Direction,2,Clear,Dry,Dark-Not Lighted
2023-11-03T15:17:00.000,I 75,I 75 and Mm 279,,Rear End,2,Clear,Dry,Daylight
2023-05-23T10:35:00.000,I 75,I 75 and Mm 279,,Sideswipe-Same Direction,2,Cloudy,Wet,Daylight
2023-01-11T05:08:00.000,I 75,I 75 and Mm 279,,Sideswipe-Same Direction,2,Cloudy,Dry,Dark-Not Lighted
2023-11-30T15:05:00.000,I 75,I 75 and Mm 279,,Rear End,2,Clear,Dry,Daylight
2023-11-09T10:43:00.000,I 75,I 75 and Mm 279,,Rear End,3,Clear,Dry,Daylight
2020-05-30T13:55:00.000,I 75,I 75 and Mm 279,,Not a Collision with Motor Vehicle,1,Clear,Dry,Daylight
2020-06-25T11:40:00.000,I 75,I 75 and Mm 279,,Sideswipe-Same Direction,1,Cloudy,Dry,Daylight
2020-11-16T07:34:00.000,I 75,I 75 and Mm 279,,Sideswipe-Same Direction,3,Clear,Dry,Daylight
2021-12-22T13:31:00.000,I 75,I 75 and Mm 279,,Angle Crash,2,Clear,Dry,Daylight
2021-11-24T19:15:00.000,I 75,I 75 and Mm 279,,Rear End,2,Cloudy,Dry,Dark-Not Lighted
2021-11-24T19:00:00.000,I 75,I 75 and Mm 279,,Sideswipe-Same Direction,2,Cloudy,Dry,Dark-Not Lighted
2021-11-24T19:19:00.000,I 75,I 75 and Mm 279,,Rear End,3,Cloudy,Dry,Dark-Not Lighted
2022-04-01T15:50:00.000,I 75,I 75 and Mm 279,,Rear End,2,Clear,Dry,Daylight
2021-07-31T16:05:00.000,I 75,I 75 and Mm 279,,Sideswipe-Same Direction,2,Cloudy,Dry,Daylight
2022-03-15T18:27:00.000,I 75,I 75 and Mm 279,,Not a Collision with Motor Vehicle,2,Cloudy,Dry,Daylight
2022-07-05T09:06:00.000,I 75,I 75 and Mm 279,,Rear End,2,Clear,Dry,Daylight
2022-12-01T15:15:00.000,I 75,I 75 and Mm 279,,Sideswipe-Same Direction,2,Clear,Dry,Daylight
2022-10-22T11:21:00.000,I 75,I 75 and Mm 279,,Not a Collision with Motor Vehicle,1,Clear,Dry,Daylight
2022-12-29T10:38:00.000,I 75,I 75 and Mm 279,,Rear End,2,Clear,Dry,Daylight
2022-11-15T06:45:00.000,I 75,I 75 and Mm 279,,Rear End,2,Rain,Wet,Dark-Not Lighted
2024-01-18T05:21:00.000,I 75,I 75 and Mm 279,,Not a Collision with Motor Vehicle,1,Clear,Dry,Dark-Not Lighted
2023-04-01T08:46:00.000,I 75,I 75 and Mm 279,,Rear End,2,Cloudy,Wet,Daylight
2023-11-07T18:56:00.000,I 75,I 75 and Mm 279,,Sideswipe-Same Direction,2,Clear,Dry,Dark-Not Lighted
2023-03-02T09:08:00.000,I 75,I 75 and Mm 279,,Rear End,2,Rain,Wet,Daylight
2023-02-22T15:18:00.000,I 75,I 75 and Mm 279,,Not a Collision with Motor Vehicle,2,Clear,Dry,Daylight
2023-06-25T18:59:00.000,I 75,I 75 and Mm 279,,Rear End,4,Cloudy,Wet,Daylight
2023-03-03T14:37:00.000,I 75,I 75 and Mm 279,,Not a Collision with Motor Vehicle,2,Cloudy,Wet,Daylight
2023-10-19T10:07:00.000,I 75,I 75 and Mm 279,,Rear End,2,Clear,Dry,Daylight
2023-03-30T07:50:00.000,I 75,I 75 and Mm 279,,Rear End,2,Clear,Dry,Daylight
2023-05-29T15:00:00.000,I 75,I 75 and Mm 278 Exit Rp,,Rear End,2,Cloudy,Dry,Daylight
2023-12-29T12:49:00.000,I 75,I 75 and Mm 278 Entrance Rp,,Rear End,2,Clear,Dry,Daylight
2023-06-20T14:12:00.000,I 75,I 75 and Mm 278 Entrance Rp,,Sideswipe-Same Direction,2,Rain,Wet,Daylight
2021-04-27T21:22:00.000,I 75,I 75 and Mm 278,,Not a Collision with Motor Vehicle,2,Clear,Dry,Dark-Not Lighted
2021-02-01T04:02:00.000,I 75,I 75 and Mm 278,,Not a Collision with Motor Vehicle,1,Cloudy,Wet,Dark-Not Lighted
2021-05-04T20:00:00.000,I 75,I 75 and Mm 278,,Angle Crash,2,Rain,Wet,Dark-Not Lighted
2021-10-09T11:50:00.000,I 75,I 75 and Mm 278,,Rear End,2,Clear,Dry,Daylight
2021-09-26T16:58:00.000,I 75,I 75 and Mm 278,,Rear End,2,Clear,Dry,Daylight
2021-02-25T07:44:00.000,I 75,I 75 and Mm 278,,Rear End,2,Clear,Dry,Daylight
2021-06-14T00:40:00.000,I 75,I 75 and Mm 278,,Not a Collision with Motor Vehicle,1,Clear,Dry,Dark-Not Lighted
2021-05-15T13:15:00.000,I 75,I 75 and Mm 278,,Not a Collision with Motor Vehicle,2,Clear,Dry,Daylight
2021-05-26T11:37:00.000,I 75,I 75 and Mm 278,,Angle Crash,2,Clear,Dry,Daylight
2021-10-26T14:22:00.000,I 75,I 75 and Mm 278,,Sideswipe-Same Direction,2,Clear,Dry,Daylight
2021-12-06T00:39:00.000,I 75,I 75 and Mm 278,,Not a Collision with Motor Vehicle,1,Cloudy,Wet,Dark-Not Lighted
2021-10-29T07:38:00.000,I 75,I 75 and Mm 278,,Rear End,2,Cloudy,Dry,Dawn
2021-10-10T16:30:00.000,I 75,I 75 and Mm 278,,Sideswipe-Same Direction,2,Clear,Dry,Daylight
2021-04-11T16:46:00.000,I 75,I 75 and Mm 278,,Rear End,2,Clear,Dry,Daylight
2021-06-12T12:45:00.000,I 75,I 75 and Mm 278,,Rear End,2,Clear,Dry,Daylight
2021-03-27T11:14:00.000,I 75,I 75 and Mm 278,,Rear End,2,Cloudy,Dry,Daylight
2021-05-15T13:15:00.000,I 75,I 75 and Mm 278,,Not a Collision with Motor Vehicle,2,Clear,Dry,Daylight
2021-04-14T17:05:00.000,I 75,I 75 and Mm 278,,Rear End,2,Cloudy,Wet,Daylight
2023-02-01T08:15:00.000,I 75,I 75 and Mm 278,,Rear End,2,Cloudy,Wet,Daylight
2023-04-19T15:26:00.000,I 75,I 75 and Mm 278,,Rear End,2,Clear,Dry,Daylight
2023-02-08T15:51:00.000,I 75,I 75 and Mm 278,,Sideswipe-Same Direction,2,Cloudy,Dry,Daylight
2023-09-01T20:35:00.000,I 75,I 75 and Mm 278,,Not a Collision with Motor Vehicle,1,Clear,Dry,Dark-Not Lighted
2023-09-02T17:37:00.000,I 75,I 75 and Mm 278,,Not a Collision with Motor Vehicle,2,Clear,Dry,Daylight
2023-06-10T18:07:00.000,I 75,I 75 and Mm 278,,Rear End,2,Clear,Dry,Daylight
2023-06-24T17:45:00.000,I 75,I 75 and Mm 278,,Rear End,2,Clear,Dry,Daylight
2023-10-13T20:51:00.000,I 75,I 75 and Mm 278,,Sideswipe-Same Direction,2,Rain,Wet,Dark-Not Lighted
2023-12-22T16:36:00.000,I 75,I 75 and Mm 278,,Rear End,3,Clear,Dry,Daylight
2023-09-02T17:37:00.000,I 75,I 75 and Mm 278,,Not a Collision with Motor Vehicle,2,Clear,Dry,Daylight
2023-03-10T10:49:00.000,I 75,I 75 and Mm 278,,Rear End,3,Cloudy,Wet,Daylight
2023-09-02T17:37:00.000,I 75,I 75 and Mm 278,,Not a Collision with Motor Vehicle,2,Clear,Dry,Daylight
2023-10-05T12:42:00.000,I 75,I 75 and Mm 278,,Rear End,2,Clear,Dry,Daylight
2023-12-09T19:55:00.000,I 75,I 75 and Mm 278,,Rear End,2,Cloudy,Wet,Dark-Not Lighted
2023-04-08T10:32:00.000,I 75,I 75 and Mm 278,,Angle Crash,2,Rain,Wet,Daylight
2023-11-25T15:00:00.000,I 75,I 75 and Mm 278,,Rear End,2,Clear,Dry,Daylight
2023-10-22T08:30:00.000,I 75,I 75 and Mm 278,,Not a Collision with Motor Vehicle,1,Clear,Dry,Daylight
2023-10-16T11:54:00.000,I 75,I 75 and Mm 278,,Sideswipe-Same Direction,2,Cloudy,Dry,Daylight
2023-03-24T19:35:00.000,I 75,I 75 and Mm 278,,Sideswipe-Same Direction,2,Cloudy,Dry,Daylight
2020-03-07T15:45:00.000,I 75,I 75 and Mm 278,,Rear End,2,Clear,Dry,Daylight
2020-03-13T15:15:00.000,I 75,I 75 and Mm 278,,Sideswipe-Same Direction,1,Cloudy,Dry,Daylight
2020-07-29T03:44:00.000,I 75,I 75 and Mm 278,,Sideswipe-Same Direction,2,Clear,Dry,Dark-Not Lighted
2020-05-24T14:10:00.000,I 75,I 75 and Mm 278,,Not a Collision with Motor Vehicle,3,Clear,Dry,Daylight
2020-06-07T17:26:00.000,I 75,I 75 and Mm 278,,Angle Crash,2,Cloudy,Dry,Daylight
2020-09-07T16:45:00.000,I 75,I 75 and Mm 278,,Rear End,2,Cloudy,Dry,Daylight
2020-08-14T18:25:00.000,I 75,I 75 and Mm 278,,Sideswipe-Same Direction,1,Rain,Wet,Daylight
2020-03-28T01:03:00.000,I 75,I 75 and Mm 278,,Not a Collision with Motor Vehicle,1,Clear,Dry,Dark-Not Lighted
2020-11-30T19:48:00.000,I 75,I 75 and Mm 278,,Not a Collision with Motor Vehicle,3,Snow,Wet,Dark-Not Lighted
2020-10-30T09:27:00.000,I 75,I 75 and Mm 278,,Rear End,2,Clear,Dry,Daylight
2021-06-12T15:30:00.000,I 75,I 75 and Mm 278,,Rear End,2,Cloudy,Dry,Daylight
2021-05-15T13:15:00.000,I 75,I 75 and Mm 278,,Not a Collision with Motor Vehicle,2,Clear,Dry,Daylight
2021-06-12T18:22:00.000,I 75,I 75 and Mm 278,,Rear End,3,Clear,Dry,Daylight
2021-06-26T11:07:00.000,I 75,I 75 and Mm 278,,Rear End,2,Clear,Dry,Daylight
2021-05-03T18:38:00.000,I 75,I 75 and Mm 278,,Not a Collision with Motor Vehicle,1,Rain,Wet,Daylight
2021-03-15T22:54:00.000,I 75,I 75 and Mm 278,,Angle Crash,2,Rain,Wet,Dark-Not Lighted
2021-05-03T09:31:00.000,I 75,I 75 and Mm 278,,Sideswipe-Same Direction,2,Rain,Wet,Daylight
2021-12-21T12:10:00.000,I 75,I 75 and Mm 278,,Rear End,2,Rain,Wet,Daylight
2021-08-30T19:40:00.000,I 75,I 75 and Mm 278,,Not a Collision with Motor Vehicle,1,Rain,Wet,Dusk
2021-11-12T18:45:00.000,I 75,I 75 and Mm 278,,Sideswipe-Same Direction,2,Clear,Dry,Dark-Not Lighted
2021-09-04T12:40:00.000,I 75,I 75 and Mm 278,,Rear End,2,Clear,Dry,Daylight
2021-10-09T11:55:00.000,I 75,I 75 and Mm 278,,Rear End,2,Clear,Dry,Daylight
2021-10-20T08:48:00.000,I 75,I 75 and Mm 278,,Rear End,2,Clear,Dry,Daylight
2022-04-01T11:55:00.000,I 75,I 75 and Mm 278,,Rear End,2,Clear,Dry,Daylight
2021-10-01T17:21:00.000,I 75,I 75 and Mm 278,,Rear End,2,Clear,Dry,Daylight
2021-10-08T08:46:00.000,I 75,I 75 and Mm 278,,Rear End,3,Cloudy,Wet,Daylight
2021-11-30T21:10:00.000,I 75,I 75 and Mm 278,,Sideswipe-Same Direction,2,Clear,Dry,Dark-Not Lighted
2021-09-04T12:30:00.000,I 75,I 75 and Mm 278,,Rear End,2,Clear,Dry,Daylight
2022-05-30T18:33:00.000,I 75,I 75 and Mm 278,,Sideswipe-Same Direction,2,Cloudy,Dry,Daylight
2022-09-05T17:00:00.000,I 75,I 75 and Mm 278,,Sideswipe-Same Direction,2,Rain,Wet,Daylight
2022-11-18T09:05:00.000,I 75,I 75 and Mm 278,,Rear End,2,Clear,Dry,Daylight
2022-06-04T13:09:00.000,I 75,I 75 and Mm 278,,Sideswipe-Same Direction,2,Clear,Dry,Daylight
2022-11-01T15:58:00.000,I 75,I 75 and Mm 278,,Rear End,3,Clear,Dry,Daylight
2022-10-02T16:32:00.000,I 75,I 75 and Mm 278,,Rear End,2,Clear,Dry,Daylight
2021-11-12T03:41:00.000,I 75,I 75 and Mm 278,,Not a Collision with Motor Vehicle,1,Clear,Dry,Dark-Not Lighted