Date and Time,Roadway (From Crash Report),Intersection Name (from Crash Report),KABCO Severity,Manner of Collision (Crash Level) ,# of Vehicles per crash ,Weather Conditions (Crash Level),Surface Condition (Crash Level) ,Light Conditions (Crash Level)
2021-07-08T17:37:00.000,I 75,I 75 and Mm 278,,Rear End,3,Cloudy,Wet,Daylight
2022-12-22T18:40:00.000,I 75,I 75 and Mm 278,,Rear End,2,Cloudy,Wet,Dark-Not Lighted
2022-12-11T02:08:00.000,I 75,I 75 and Mm 278,,Not a Collision with Motor Vehicle,2,Rain,Wet,Dark-Not Lighted
2022-03-23T02:55:00.000,I 75,I 75 and Mm 278,,Not a Collision with Motor Vehicle,1,Rain,Wet,Dark-Not Lighted
2022-10-01T15:50:00.000,I 75,I 75 and Mm 278,,Sideswipe-Same Direction,2,Clear,Dry,Daylight
2022-01-18T13:37:00.000,I 75,I 75 and Mm 278,,Sideswipe-Same Direction,2,Clear,Dry,Daylight
2022-01-15T09:37:00.000,I 75,I 75 and Mm 278,,Rear End,3,Cloudy,Dry,Daylight
2022-03-19T11:03:00.000,I 75,I 75 and Mm 278,,Rear End,2,Clear,Dry,Daylight
2022-10-02T12:43:00.000,I 75,I 75 and Mm 278,,Rear End,2,Clear,Dry,Daylight
2022-06-04T12:38:00.000,I 75,I 75 and Mm 278,,Rear End,2,Clear,Dry,Daylight
2022-03-19T15:56:00.000,I 75,I 75 and Mm 278,,Rear End,2,Clear,Dry,Daylight
2022-02-28T18:18:00.000,I 75,I 75 and Mm 278,,Not a Collision with Motor Vehicle,1,Clear,Dry,Daylight
2022-05-12T17:30:00.000,I 75,I 75 and Mm 278,,Rear End,2,Clear,Dry,Daylight
2022-12-23T13:31:00.000,I 75,I 75 and Mm 278,,Rear End,3,Clear,Ice/Frost,Daylight
2022-08-26T11:45:00.000,I 75,I 75 and Mm 278,,Sideswipe-Same Direction,2,Clear,Dry,Daylight
2022-12-22T07:51:00.000,I 75,I 75 and Mm 278,,Rear End,2,Rain,Wet,Daylight
2022-10-20T19:40:00.000,I 75,I 75 and Mm 278,,Sideswipe-Same Direction,2,Clear,Dry,Dark-Not Lighted
2022-11-13T14:22:00.000,I 75,I 75 and Mm 278,,Rear End,2,Clear,Dry,Daylight
2022-03-28T18:07:00.000,I 75,I 75 and Mm 278,,Sideswipe-Same Direction,2,Clear,Dry,Daylight
2022-11-01T15:58:00.000,I 75,I 75 and Mm 278,,Rear End,2,Clear,Dry,Daylight
2023-07-01T09:04:00.000,I 75,I 75 and Mm 278,,Rear End,2,Clear,Dry,Daylight
2023-03-19T18:10:00.000,I 75,I 75 and Mm 278,,Sideswipe-Same Direction,2,Clear,Dry,Daylight
2023-11-28T13:13:00.000,I 75,I 75 and Mm 278,,Head On,2,Clear,Dry,Daylight
2023-02-06T07:50:00.000,I 75,I 75 and Mm 278,,Rear End,2,Clear,Dry,Daylight
2023-12-19T12:09:00.000,I 75,I 75 and Mm 278,,Angle Crash,2,Clear,Dry,Daylight
2023-03-19T18:09:00.000,I 75,I 75 and Mm 278,,Rear End,2,Clear,Dry,Daylight
2023-01-09T01:04:00.000,I 75,I 75 and Mm 278,,Not a Collision with Motor Vehicle,1,Cloudy,Wet,Dark-Not Lighted
2023-09-01T06:56:00.000,I 75,I 75 and Mm 278,,Sideswipe-Same Direction,2,Cloudy,Dry,Daylight
2023-03-12T07:20:00.000,I 75,I 75 and Mm 278,,Not a Collision with Motor Vehicle,1,Rain,Wet,Dark-Not Lighted
2023-09-05T07:57:00.000,I 75,I 75 and Mm 278,,Rear End,2,Clear,Dry,Daylight
2024-11-24T12:22:00.000,I 75,I 75 and Mm 278,,Rear End,2,Clear,Dry,Daylight
2024-02-12T21:18:00.000,I 75,I 75 and Mm 278,,Not a Collision with Motor Vehicle,1,Clear,Wet,Dark-Not Lighted
2024-02-12T21:37:00.000,I 75,I 75 and Mm 278,,Not a Collision with Motor Vehicle,1,Clear,Wet,Dark-Not Lighted
2021-12-19T14:19:00.000,I 75,I 75 and Mm 277,,Rear End,2,Cloudy,Dry,Daylight
2021-02-26T05:10:00.000,I 75,I 75 and Mm 277,,Not a Collision with Motor Vehicle,1,Rain,Wet,Dark-Not Lighted
2021-04-18T12:50:00.000,I 75,I 75 and Mm 277,,Rear End,2,Clear,Dry,Daylight
2021-12-21T15:21:00.000,I 75,I 75 and Mm 277,,Rear End,2,Rain,Wet,Daylight
2021-03-22T22:30:00.000,I 75,I 75 and Mm 277,,Rear End,2,Cloudy,Dry,Dark-Not Lighted
2023-10-22T13:03:00.000,I 75,I 75 and Mm 277,,Not a Collision with Motor Vehicle,2,Clear,Dry,Daylight
2023-12-09T23:42:00.000,I 75,I 75 and Mm 277,,Sideswipe-Same Direction,2,Rain,Wet,Dark-Not Lighted
2023-11-28T07:57:00.000,I 75,I 75 and Mm 277,,Angle Crash,4,Clear,Dry,Daylight
2023-11-25T13:45:00.000,I 75,I 75 and Mm 277,,Rear End,3,Clear,Dry,Daylight
2020-12-04T17:30:00.000,I 75,I 75 and Mm 277,,Rear End,2,Cloudy,Wet,Dark-Not Lighted
2021-10-17T13:15:00.000,I 75,I 75 and Mm 277,,Rear End,3,Clear,Dry,Daylight
2021-07-10T10:54:00.000,I 75,I 75 and Mm 277,,Rear End,2,Cloudy,Dry,Daylight
2022-12-03T10:50:00.000,I 75,I 75 and Mm 277,,Rear End,2,Rain,Wet,Daylight
2022-09-30T16:20:00.000,I 75,I 75 and Mm 277,,Rear End,3,Clear,Dry,Daylight
2022-05-26T15:14:00.000,I 75,I 75 and Mm 277,,Angle Crash,2,Rain,Wet,Daylight
2022-04-12T22:10:00.000,I 75,I 75 and Mm 277,,Angle Crash,2,Clear,Dry,Dark-Not Lighted
2022-11-18T09:38:00.000,I 75,I 75 and Mm 277,,Rear End,2,Clear,Dry,Daylight
2022-04-01T14:30:00.000,I 75,I 75 and Mm 277,,Angle Crash,2,Clear,Dry,Daylight
2022-06-01T16:25:00.000,I 75,I 75 and Mm 277,,Rear End,2,Clear,Dry,Daylight
2022-03-03T15:26:00.000,I 75,I 75 and Mm 277,,Angle Crash,2,Clear,Dry,Daylight
2020-08-22T23:39:00.000,I 75,I 75 and Mm 276,,Not a Collision with Motor Vehicle,1,Rain,Wet,Dark-Not Lighted
2024-12-16T12:40:00.000,I 75,I 75 and Mm 276,,Sideswipe-Same Direction,2,Cloudy,Dry,Daylight
2023-11-22T11:30:00.000,I 75,I 75 and Mm 275,,Sideswipe-Same Direction,2,Cloudy,Wet,Daylight
2023-01-31T17:44:00.000,I 75,I 75 and Mm 275,,Sideswipe-Same Direction,2,Cloudy,Dry,Daylight
2024-06-25T14:15:00.000,I 75,I 75 and Mm 275,,Sideswipe-Same Direction,2,Clear,Dry,Daylight
2024-07-02T17:40:00.000,I 75,I 75 and Mm 275,,Rear End,2,Clear,Dry,Daylight
2024-08-01T18:00:00.000,I 75,I 75 and Mm 275,,Rear End,2,Clear,Dry,Daylight
2023-10-03T18:31:00.000,I 75,I 75 and Mm 275,,Rear End,2,Cloudy,Dry,Daylight
2024-07-22T18:15:00.000,I 75,I 75 and Mm 275,,Not a Collision with Motor Vehicle,1,Clear,Dry,Daylight
2021-06-25T06:20:00.000,I 75,I 75 and Mm 2742,,Rear End,2,Cloudy,Dry,Daylight
2023-09-21T17:51:00.000,I 75,I 75 and Mm 274.9,,Rear End,2,Cloudy,Dry,Daylight
2023-12-28T16:00:00.000,I 75,I 75 and Mm 274.2,,Rear End,2,Clear,Dry,Daylight
2023-12-14T16:15:00.000,I 75,I 75 and Mm 274.2,,Rear End,2,Clear,Dry,Daylight
2023-02-05T17:00:00.000,I 75,I 75 and Mm 274,,Not a Collision with Motor Vehicle,1,Clear,Dry,Daylight
2023-05-08T18:40:00.000,I 75,I 75 and Mm 274,,Not a Collision with Motor Vehicle,1,Clear,Dry,Daylight
2023-11-17T16:45:00.000,I 75,I 75 and Mm 274,,Sideswipe-Same Direction,2,Cloudy,Dry,Daylight
2023-07-10T17:11:00.000,I 75,I 75 and Mm 274,,Sideswipe-Same Direction,2,Clear,Dry,Daylight
2023-11-06T17:30:00.000,I 75,I 75 and Mm 274,,Rear End,2,Clear,Dry,Daylight
2021-04-21T09:50:00.000,I 75,I 75 and Mm 274,,Not a Collision with Motor Vehicle,2,Cloudy,Dry,Daylight
2023-11-06T17:15:00.000,I 75,I 75 and Mm 274,,Rear End,2,Clear,Dry,Daylight
2023-11-17T16:20:00.000,I 75,I 75 and Mm 274,,Rear End,3,Cloudy,Dry,Daylight
2024-09-06T16:00:00.000,I 75,I 75 and Mm 274,,Sideswipe-Same Direction,2,Cloudy,Dry,Daylight
2024-08-26T15:45:00.000,I 75,I 75 and Mm 274,,Rear End,2,Clear,Dry,Daylight
2024-05-03T15:00:00.000,I 75,I 75 and Mm 274,,Rear End,2,Cloudy,Dry,Daylight
2024-01-22T17:00:00.000,I 75,I 75 and Mm 274,,Rear End,4,Cloudy,Dry,Daylight
2024-01-25T15:35:00.000,I 75,I 75 and Mm 274,,Rear End,2,Rain,Wet,Daylight
2024-09-09T13:56:00.000,I 75,I 75 and Mm 273.8,,Rear End,2,Clear,Dry,Daylight
2024-07-05T15:40:00.000,I 75,I 75 and Mm 273.5,,Sideswipe-Same Direction,2,Cloudy,Wet,Daylight
2020-03-06T21:10:00.000,I 75,I 75 and Mm 273,,Sideswipe-Same Direction,2,Clear,Dry,Dark-Lighted
2021-05-14T15:45:00.000,I 75,I 75 and Mm 273,,Rear End,2,Cloudy,Dry,Daylight
2021-10-11T14:00:00.000,I 75,I 75 and Mm 273,,Rear End,2,Cloudy,Dry,Daylight
2023-06-15T14:37:00.000,I 75,I 75 and Mm 273,,Sideswipe-Same Direction,2,Clear,Dry,Daylight
2024-01-25T14:15:00.000,I 75,I 75 and Mm 273,,Rear End,2,Rain,Wet,Daylight
2024-08-23T16:00:00.000,I 75,I 75 and Mm 273,,Rear End,3,Clear,Dry,Daylight
2021-10-18T18:20:00.000,I 75,I 75 and Mm 272,,Sideswipe-Same Direction,2,Clear,Dry,Daylight
2024-11-21T13:15:00.000,I 75,I 75 and Mm 272,,Rear End,2,Clear,Dry,Daylight
2024-09-30T17:00:00.000,I 75,I 75 and Mm 272,,Rear End,2,Clear,Dry,Daylight
2024-12-24T07:45:00.000,I 75,I 75 and Mm 272,,Sideswipe-Same Direction,2,Clear,Dry,Daylight
2024-08-20T18:00:00.000,I 75,I 75 and Mm 272,,Angle Crash,3,Clear,Dry,Daylight
2024-08-02T17:35:00.000,I 75,I 75 and Mm 271.2,,Rear End,3,Cloudy,Dry,Daylight
2024-07-09T17:00:00.000,I 75,I 75 and Mm 271.2,,Rear End,2,Rain,Dry,Daylight
2021-03-15T13:15:00.000,I 75,I 75 and Mm 271,,Rear End,2,Cloudy,Dry,Daylight
2021-07-09T17:00:00.000,I 75,I 75 and Mm 271,,Sideswipe-Same Direction,2,Cloudy,Wet,Daylight
2021-09-02T16:54:00.000,I 75,I 75 and Mm 271,,Rear End,2,Cloudy,Dry,Daylight
2024-11-22T12:30:00.000,I 75,I 75 and Mm 271,,Sideswipe-Same Direction,2,Clear,Dry,Daylight
2024-07-25T16:45:00.000,I 75,I 75 and Mm 271,,Rear End,2,Cloudy,Dry,Daylight
2021-01-27T08:00:00.000,I 75,I 75 and Mm 2702,,Not a Collision with Motor Vehicle,1,Rain,Wet,Daylight
2024-09-10T15:25:00.000,I 75,I 75 and Mm 270.4,,Sideswipe-Same Direction,2,Clear,Dry,Daylight
2024-12-09T18:35:00.000,I 75,I 75 and Mm 270,,Sideswipe-Same Direction,2,Rain,Wet,Dark-Not Lighted
2024-09-03T07:30:00.000,I 75,I 75 and Mm 270,,Sideswipe-Same Direction,2,Cloudy,Dry,Daylight
2023-10-10T13:00:00.000,I 75,I 75 and Mm 27,,Not a Collision with Motor Vehicle,1,Clear,Dry,Daylight
2022-11-14T14:57:00.000,I 75,I 75 and Mm 27,,Rear End,2,Clear,Dry,Daylight
2021-03-11T10:00:00.000,I 75,I 75 and Mm 269,,Not a Collision with Motor Vehicle,1,Cloudy,Dry,Daylight
2023-11-07T13:45:00.000,I 75,I 75 and Mm 269,,Rear End,2,Clear,Dry,Daylight
2022-05-10T14:30:00.000,I 75,I 75 and Mm 269,,Rear End,2,Clear,Dry,Daylight
2024-08-22T14:55:00.000,I 75,I 75 and Mm 269,,Rear End,2,Clear,Dry,Daylight
2024-12-17T18:15:00.000,I 75,I 75 and Mm 269,,Rear End,2,Clear,Dry,Dark-Not Lighted
2024-06-25T16:20:00.000,I 75,I 75 and Mm 269,,Rear End,2,Clear,Dry,Daylight
2024-11-29T10:40:00.000,I 75,I 75 and Mm 269,,Not a Collision with Motor Vehicle,1,Clear,Dry,Daylight
2024-08-16T15:35:00.000,I 75,I 75 and Mm 269,,Rear End,2,Clear,Dry,Daylight
2024-03-15T17:10:00.000,I 75,I 75 and Mm 269,,Sideswipe-Same Direction,2,Cloudy,Dry,Daylight
2024-07-23T13:15:00.000,I 75,I 75 and Mm 269,,Rear End,2,Cloudy,Dry,Daylight
2021-06-21T17:30:00.000,I 75,I 75 and Mm 268,,Rear End,3,Rain,Wet,Daylight
2023-08-14T17:51:00.000,I 75,I 75 and Mm 268,,Sideswipe-Same Direction,2,Cloudy,Dry,Daylight
2022-02-25T16:40:00.000,I 75,I 75 and Mm 268,,Rear End,2,Clear,Dry,Daylight
2024-12-09T17:40:00.000,I 75,I 75 and Mm 268,,Sideswipe-Same Direction,2,Rain,Wet,Dark-Not Lighted
2023-04-07T11:49:00.000,I 75,I 75 and Mm 268,,Rear End,2,Clear,Dry,Daylight
2024-04-11T16:00:00.000,I 75,I 75 and Mm 268,,Rear End,3,Cloudy,Dry,Daylight
2024-08-13T11:20:00.000,I 75,I 75 and Mm 268,,Sideswipe-Same Direction,2,Clear,Dry,Daylight
2024-11-14T19:30:00.000,I 75,I 75 and Mm 268,,Sideswipe-Same Direction,2,Cloudy,Dry,Daylight
2024-10-31T17:00:00.000,I 75,I 75 and Mm 268,,Rear End,2,Clear,Dry,Daylight
2024-12-09T18:30:00.000,I 75,I 75 and Mm 268,,Rear End,2,Rain,Wet,Dark-Not Lighted
2024-08-22T16:15:00.000,I 75,I 75 and Mm 268,,Rear End,2,Clear,Dry,Daylight
2024-04-11T12:30:00.000,I 75,I 75 and Mm 268,,Rear End,2,Rain,Wet,Daylight
2024-09-30T15:10:00.000,I 75,I 75 and Mm 268,,Rear End,2,Cloudy,Dry,Daylight
2021-08-06T17:30:00.000,I 75,I 75 and Mm 267B,,Rear End,3,Clear,Dry,Daylight
2022-10-27T16:04:00.000,I 75,I 75 and Mm 267A,,Sideswipe-Same Direction,2,Clear,Dry,Daylight
2024-09-10T16:13:00.000,I 75,I 75 and Mm 267.6,,Rear End,2,Clear,Dry,Daylight
2024-09-10T16:13:00.000,I 75,I 75 and Mm 267.6,,Rear End,2,Clear,Dry,Daylight
2023-07-17T17:00:00.000,I 75,I 75 and Mm 267.3,,Sideswipe-Same Direction,2,Clear,Dry,Daylight
2021-08-23T09:00:00.000,I 75,I 75 and Mm 267,,Sideswipe-Same Direction,2,Cloudy,Dry,Daylight
2021-07-21T09:23:00.000,I 75,I 75 and Mm 267,,Rear End,2,Cloudy,Dry,Daylight
2021-07-09T15:03:00.000,I 75,I 75 and Mm 267,,Not a Collision with Motor Vehicle,1,Rain,Wet,Daylight
2024-05-23T17:40:00.000,I 75,I 75 and Mm 267,,Sideswipe-Same Direction,2,Clear,Dry,Daylight
2024-12-13T13:55:00.000,I 75,I 75 and Mm 267,,Sideswipe-Same Direction,2,Clear,Dry,Daylight
2024-12-06T09:00:00.000,I 75,I 75 and Mm 267,,Angle Crash,3,Clear,Dry,Daylight
2024-11-22T18:25:00.000,I 75,I 75 and Mm 267,,Rear End,2,Clear,Dry,Dark-Not Lighted
2024-07-26T16:15:00.000,I 75,I 75 and Mm 267,,Rear End,2,Clear,Dry,Daylight
2024-08-15T07:55:00.000,I 75,I 75 and Mm 267,,Rear End,2,Clear,Dry,Daylight
2024-08-23T15:15:00.000,I 75,I 75 and Mm 267,,Rear End,2,Clear,Dry,Daylight
2021-12-23T13:50:00.000,I 75,I 75 and Mm 266,,Rear End,3,Clear,Dry,Daylight
2023-11-17T18:10:00.000,I 75,I 75 and Mm 266,,Rear End,2,Cloudy,Dry,Dark-Not Lighted
2021-03-30T08:00:00.000,I 75,I 75 and Mm 266,,Sideswipe-Same Direction,2,Clear,Dry,Daylight
2024-12-20T18:15:00.000,I 75,I 75 and Mm 266,,Sideswipe-Same Direction,2,Clear,Dry,Dark-Not Lighted
2024-12-17T16:15:00.000,I 75,I 75 and Mm 266,,Rear End,2,Clear,Dry,Daylight
2024-03-21T17:10:00.000,I 75,I 75 and Mm 266,,Rear End,2,Clear,Dry,Daylight
2024-10-15T08:34:00.000,I 75,I 75 and Mm 266,,Rear End,2,Clear,Dry,Daylight
2023-03-03T17:45:00.000,I 75,I 75 and Mm 265.8,,Rear End,2,Cloudy,Wet,Daylight
2021-07-09T17:00:00.000,I 75,I 75 and Mm 265,,Rear End,3,Cloudy,Wet,Daylight
2021-08-24T11:00:00.000,I 75,I 75 and Mm 265,,Rear End,2,Cloudy,Dry,Daylight
2021-07-09T14:30:00.000,I 75,I 75 and Mm 265,,Sideswipe-Same Direction,2,Rain,Wet,Daylight
2023-08-22T17:30:00.000,I 75,I 75 and Mm 265,,Rear End,2,Clear,Dry,Daylight
2023-12-26T16:00:00.000,I 75,I 75 and Mm 265,,Rear End,2,Cloudy,Wet,Daylight
2021-08-24T12:50:00.000,I 75,I 75 and Mm 265,,Rear End,2,Cloudy,Dry,Daylight
2021-08-26T11:30:00.000,I 75,I 75 and Mm 265,,Sideswipe-Same Direction,2,Cloudy,Dry,Daylight
2022-02-17T13:30:00.000,I 75,I 75 and Mm 265,,Sideswipe-Same Direction,3,Cloudy,Dry,Daylight
2024-11-18T14:35:00.000,I 75,I 75 and Mm 265,,Sideswipe-Same Direction,2,Clear,Dry,Daylight
2024-02-23T17:50:00.000,I 75,I 75 and Mm 265,,Rear End,2,Clear,Dry,Daylight
2024-11-22T18:15:00.000,I 75,I 75 and Mm 265,,Rear End,2,Clear,Dry,Dark-Not Lighted
2024-09-24T06:15:00.000,I 75,I 75 and Mm 265,,Sideswipe-Same Direction,2,Cloudy,Dry,Dark-Lighted
2024-08-20T15:15:00.000,I 75,I 75 and Mm 265,,Rear End,2,Clear,Dry,Daylight
2024-03-15T15:00:00.000,I 75,I 75 and Mm 265,,Rear End,2,Cloudy,Wet,Daylight
2024-12-09T13:15:00.000,I 75,I 75 and Mm 265,,Rear End,2,Cloudy,Wet,Daylight
2021-08-03T18:00:00.000,I 75,I 75 and Mm 2644,,Rear End,2,Cloudy,Dry,Daylight
2024-12-03T09:20:00.000,I 75,I 75 and Mm 264.1,,Rear End,2,Clear,Dry,Daylight
2021-06-10T15:20:00.000,I 75,I 75 and Mm 264,,Rear End,2,Cloudy,Wet,Daylight
2024-08-08T10:30:00.000,I 75,I 75 and Mm 264,,Sideswipe-Same Direction,3,Clear,Dry,Daylight
2024-04-09T06:35:00.000,I 75,I 75 and Mm 263.4,,Rear End,2,Rain,Wet,Dark-Lighted
2021-08-27T07:30:00.000,I 75,I 75 and Mm 263 Exit Rp,,Rear End,2,Cloudy,Dry,Daylight
2021-10-14T17:15:00.000,I 75,I 75 and Mm 263,,Rear End,3,Cloudy,Dry,Daylight
2021-05-14T14:30:00.000,I 75,I 75 and Mm 263,,Sideswipe-Same Direction,3,Cloudy,Dry,Daylight
2021-10-21T09:40:00.000,I 75,I 75 and Mm 263,,Rear End,3,Cloudy,Wet,Daylight
2021-08-19T17:00:00.000,I 75,I 75 and Mm 263,,Rear End,2,Rain,Wet,Daylight
2024-08-20T17:45:00.000,I 75,I 75 and Mm 263,,Rear End,3,Clear,Dry,Daylight
2024-10-08T10:35:00.000,I 75,I 75 and Mm 263,,Sideswipe-Same Direction,4,Clear,Dry,Daylight
2024-11-25T18:45:00.000,I 75,I 75 and Mm 263,,Rear End,2,Clear,Dry,Dark-Not Lighted
2024-05-28T16:40:00.000,I 75,I 75 and Mm 263,,Rear End,3,Clear,Dry,Daylight
2024-12-05T16:50:00.000,I 75,I 75 and Mm 263,,Sideswipe-Same Direction,2,Clear,Dry,Daylight
2024-11-07T18:40:00.000,I 75,I 75 and Mm 263,,Rear End,2,Clear,Dry,Dark-Not Lighted
2024-09-10T17:55:00.000,I 75,I 75 and Mm 263,,Sideswipe-Same Direction,2,Clear,Dry,Daylight
2024-12-05T15:00:00.000,I 75,I 75 and Mm 263,,Sideswipe-Same Direction,3,Clear,Dry,Daylight
2024-09-24T07:29:00.000,I 75,I 75 and Mm 263,,Sideswipe-Same Direction,2,Clear,Dry,Daylight
2024-12-03T08:40:00.000,I 75,I 75 and Mm 262.7,,Rear End,4,Clear,Dry,Daylight
2021-06-08T15:30:00.000,I 75,I 75 and Mm 262,,Sideswipe-Same Direction,2,Cloudy,Dry,Daylight
2021-07-16T10:45:00.000,I 75,I 75 and Mm 262,,Rear End,2,Cloudy,Dry,Daylight
2024-12-03T08:45:00.000,I 75,I 75 and Mm 262,,Rear End,2,Clear,Dry,Daylight
2023-08-13T16:41:00.000,I 75,I 75 and Mm 261.2,,Not a Collision with Motor Vehicle,2,Clear,Dry,Daylight
2021-01-27T11:30:00.000,I 75,I 75 and Mm 261,,Not a Collision with Motor Vehicle,1,Cloudy,Dry,Daylight
2023-08-31T18:05:00.000,I 75,I 75 and Mm 261,,Sideswipe-Same Direction,2,Clear,Dry,Daylight
2020-12-30T09:40:00.000,I 75,I 75 and Mm 261,,Sideswipe-Same Direction,2,Cloudy,Dry,Daylight
2020-11-16T07:50:00.000,I 75,I 75 and Mm 261,,Rear End,2,Clear,Dry,Daylight
2020-06-25T07:20:00.000,I 75,I 75 and Mm 261,,Not a Collision with Motor Vehicle,1,Cloudy,Wet,Daylight
2024-08-22T14:15:00.000,I 75,I 75 and Mm 261,,Sideswipe-Same Direction,2,Clear,Dry,Daylight
2023-11-07T17:40:00.000,I 75,I 75 and Mm 261,,Sideswipe-Same Direction,2,Clear,Dry,Dusk
2024-11-22T11:30:00.000,I 75,I 75 and Mm 261,,Sideswipe-Same Direction,2,Clear,Dry,Daylight
2024-08-23T19:35:00.000,I 75,I 75 and Mm 261,,Not a Collision with Motor Vehicle,1,Clear,Dry,Daylight
2024-08-19T18:30:00.000,I 75,I 75 and Mm 261,,Not a Collision with Motor Vehicle,1,Clear,Dry,Daylight
2024-12-06T13:15:00.000,I 75,I 75 and Mm 261,,Sideswipe-Same Direction,2,Clear,Dry,Daylight
2024-11-25T14:55:00.000,I 75,I 75 and Mm 261,,Rear End,2,Clear,Dry,Daylight
2020-11-16T09:40:00.000,I 75,I 75 and Mm 2608,,Sideswipe-Same Direction,3,Cloudy,Dry,Daylight
2020-11-10T09:30:00.000,I 75,I 75 and Mm 2606,,Sideswipe-Same Direction,4,Cloudy,Dry,Daylight
2024-09-05T16:30:00.000,I 75,I 75 and Mm 260.8,,Sideswipe-Same Direction,2,Clear,Dry,Daylight
2024-02-01T18:45:00.000,I 75,I 75 and Mm 260.8,,Not a Collision with Motor Vehicle,1,Cloudy,Dry,Dark-Not Lighted
2024-11-14T18:20:00.000,I 75,I 75 and Mm 260.6,,Sideswipe-Same Direction,2,Cloudy,Wet,Dark-Not Lighted
2024-02-19T08:00:00.000,I 75,I 75 and Mm 260.6,,Rear End,2,Clear,Dry,Daylight
2023-11-24T13:45:00.000,I 75,I 75 and Mm 260.6,,Rear End,2,Clear,Dry,Daylight
2024-12-09T15:35:00.000,I 75,I 75 and Mm 260.4,,Sideswipe-Same Direction,2,Rain,Wet,Daylight
2024-05-07T17:10:00.000,I 75,I 75 and Mm 260.2,,Rear End,3,Cloudy,Dry,Daylight
2024-08-15T09:00:00.000,I 75,I 75 and Mm 260.2,,Sideswipe-Same Direction,2,Clear,Dry,Daylight
2024-12-26T14:45:00.000,I 75,I 75 and Mm 260.2,,Rear End,2,Cloudy,Dry,Daylight
2021-09-30T12:30:00.000,I 75,I 75 and Mm 260,,Sideswipe-Same Direction,2,Cloudy,Dry,Daylight
2021-06-09T18:00:00.000,I 75,I 75 and Mm 260,,Sideswipe-Same Direction,2,Rain,Wet,Daylight
2021-09-09T09:30:00.000,I 75,I 75 and Mm 260,,Sideswipe-Same Direction,3,Cloudy,Dry,Daylight
2021-10-07T07:30:00.000,I 75,I 75 and Mm 260,,Sideswipe-Same Direction,2,Cloudy,Wet,Daylight
2021-07-20T13:50:00.000,I 75,I 75 and Mm 260,,Sideswipe-Same Direction,2,Rain,Wet,Daylight
2021-01-15T13:00:00.000,I 75,I 75 and Mm 260,,Rear End,3,Clear,Dry,Daylight
2021-06-09T13:20:00.000,I 75,I 75 and Mm 260,,Sideswipe-Same Direction,2,Cloudy,Dry,Daylight
2023-06-15T13:01:00.000,I 75,I 75 and Mm 260,,Sideswipe-Same Direction,2,Clear,Dry,Daylight
2021-06-17T10:20:00.000,I 75,I 75 and Mm 260,,Rear End,2,Clear,Dry,Daylight
2022-08-23T08:02:00.000,I 75,I 75 and Mm 260,,Rear End,2,Cloudy,Dry,Daylight
2024-09-13T18:15:00.000,I 75,I 75 and Mm 260,,Rear End,2,Cloudy,Dry,Daylight
2024-11-18T16:00:00.000,I 75,I 75 and Mm 260,,Sideswipe-Same Direction,2,Clear,Dry,Daylight
2024-09-27T08:15:00.000,I 75,I 75 and Mm 260,,Sideswipe-Same Direction,2,Rain,Wet,Daylight
2024-08-13T08:45:00.000,I 75,I 75 and Mm 260,,Rear End,2,Clear,Dry,Daylight
2024-02-02T13:45:00.000,I 75,I 75 and Mm 260,,Sideswipe-Same Direction,2,Clear,Dry,Daylight
2024-07-04T23:25:00.000,I 75,I 75 and Mm 26,,Rear End,2,Clear,Dry,Dark-Not Lighted
2024-05-21T15:27:00.000,I 75,I 75 and Mm 26,,Sideswipe-Same Direction,2,Clear,Dry,Daylight
2024-07-12T09:10:00.000,I 75,I 75 and Mm 259B,,Sideswipe-Same Direction,2,Clear,Dry,Daylight
2023-06-13T09:45:00.000,I 75,I 75 and Mm 259.8,,Rear End,2,Clear,Dry,Daylight
2023-06-13T09:45:00.000,I 75,I 75 and Mm 259.8,,Rear End,2,Clear,Dry,Daylight
2024-06-25T08:14:00.000,I 75,I 75 and Mm 259.8,,Rear End,2,Clear,Dry,Daylight
2024-12-10T07:10:00.000,I 75,I 75 and Mm 259.5,,Rear End,2,Rain,Wet,Dark-Not Lighted
2024-09-27T16:00:00.000,I 75,I 75 and Mm 259.4,,Rear End,2,Clear,Dry,Daylight
2021-05-13T15:30:00.000,I 75,I 75 and Mm 259,,Sideswipe-Same Direction,2,Cloudy,Dry,Daylight
2021-09-24T11:15:00.000,I 75,I 75 and Mm 259,,Rear End,2,Clear,Dry,Daylight
2021-06-24T13:10:00.000,I 75,I 75 and Mm 259,,Sideswipe-Same Direction,2,Cloudy,Dry,Daylight
2023-11-09T19:00:00.000,I 75,I 75 and Mm 259,,Not a Collision with Motor Vehicle,1,Clear,Dry,Dark-Not Lighted
2021-07-23T18:50:00.000,I 75,I 75 and Mm 259,,Rear End,2,Rain,Wet,Daylight
2023-10-26T15:15:00.000,I 75,I 75 and Mm 259,,Sideswipe-Same Direction,2,Clear,Dry,Daylight
2023-11-09T19:00:00.000,I 75,I 75 and Mm 259,,Rear End,2,Clear,Dry,Dark-Not Lighted
2024-12-17T17:50:00.000,I 75,I 75 and Mm 259,,Rear End,2,Clear,Dry,Dark-Not Lighted
2024-10-21T10:00:00.000,I 75,I 75 and Mm 259,,Not a Collision with Motor Vehicle,1,Clear,Dry,Daylight
2024-02-05T16:45:00.000,I 75,I 75 and Mm 259,,Angle Crash,2,Clear,Dry,Daylight
2024-12-31T18:45:00.000,I 75,I 75 and Mm 259,,Sideswipe-Same Direction,2,Clear,Dry,Dark-Not Lighted
2024-01-30T18:45:00.000,I 75,I 75 and Mm 259,,Rear End,2,Cloudy,Dry,Dark-Not Lighted
2021-05-12T13:20:00.000,I 75,I 75 and Mm 258,,Not a Collision with Motor Vehicle,1,Cloudy,Wet,Daylight
2024-12-12T16:10:00.000,I 75,I 75 and Mm 258,,Rear End,2,Clear,Dry,Daylight
2023-05-05T14:38:00.000,I 75,I 75 and Mm 258,,Sideswipe-Same Direction,2,Rain,Wet,Daylight