Date and Time,Roadway (From Crash Report),Intersection Name (from Crash Report),KABCO Severity,Manner of Collision (Crash Level) ,# of Vehicles per crash ,Weather Conditions (Crash Level),Surface Condition (Crash Level) ,Light Conditions (Crash Level)
2024-09-05T12:50:00.000,I 75,I 75 and Mm 258,,Sideswipe-Same Direction,2,Clear,Dry,Daylight
2024-07-23T16:20:00.000,I 75,I 75 and Mm 258,,Rear End,2,Cloudy,Dry,Daylight
2024-08-01T18:15:00.000,I 75,I 75 and Mm 257.4,,Rear End,3,Clear,Dry,Daylight
2022-03-24T16:15:00.000,I 75,I 75 and Mm 257,,Rear End,2,Clear,Dry,Daylight
2024-12-16T18:00:00.000,I 75,I 75 and Mm 257,,Rear End,3,Clear,Dry,Dark-Not Lighted
2023-11-09T18:15:00.000,I 75,I 75 and Mm 256.8,,Rear End,2,Clear,Dry,Dark-Not Lighted
2023-09-16T21:00:00.000,I 75,I 75 and Mm 256 Mt Paran Rd,,Rear End,3,Cloudy,Dry,Dark-Not Lighted
2021-05-08T23:02:00.000,I 75,I 75 and Mm 256,,Rear End,2,Clear,Dry,Dark-Not Lighted
2021-08-16T17:00:00.000,I 75,I 75 and Mm 254,,Not a Collision with Motor Vehicle,1,Rain,Wet,Daylight
2021-10-05T08:30:00.000,I 75,I 75 and Mm 254,,Rear End,2,Rain,Wet,Daylight
2021-07-20T18:15:00.000,I 75,I 75 and Mm 254,,Angle Crash,2,Rain,Wet,Daylight
2021-10-05T08:20:00.000,I 75,I 75 and Mm 254,,Rear End,2,Rain,Wet,Daylight
2021-10-05T06:15:00.000,I 75,I 75 and Mm 254,,Sideswipe-Same Direction,2,Rain,Wet,Dark-Lighted
2021-07-09T16:00:00.000,I 75,I 75 and Mm 254,,Rear End,3,Rain,Wet,Daylight
2020-08-21T18:59:00.000,I 75,I 75 and Mm 253,,Not a Collision with Motor Vehicle,1,Rain,Wet,Daylight
2021-01-15T08:00:00.000,I 75,I 75 and Mm 252B,,Sideswipe-Same Direction,2,Cloudy,Dry,Daylight
2021-06-17T09:30:00.000,I 75,I 75 and Mm 252,,Sideswipe-Same Direction,2,Clear,Dry,Daylight
2021-08-19T18:15:00.000,I 75,I 75 and Mm 252,,Rear End,2,Cloudy,Wet,Daylight
2023-08-01T17:30:00.000,I 75,I 75 and Mm 251A - 14Th St,,Rear End,2,Clear,Dry,Daylight
2023-05-10T22:25:00.000,I 75,I 75 and Mm 251 B,,Rear End,3,Clear,Dry,Dark-Not Lighted
2023-07-27T14:15:00.000,I 75,I 75 and Mm 251 - 5Th St,,Rear End,2,Clear,Dry,Daylight
2021-09-07T07:15:00.000,I 75,I 75 and Mm 251,,Rear End,2,Cloudy,Wet,Daylight
2020-11-23T16:03:00.000,I 75,I 75 and Mm 250,,Rear End,3,Cloudy,Dry,Daylight
2021-09-21T06:05:00.000,I 75,I 75 and Mm 250,,Not a Collision with Motor Vehicle,1,Cloudy,Wet,Daylight
2021-07-23T19:20:00.000,I 75,I 75 and Mm 250,,Sideswipe-Same Direction,2,Rain,Wet,Daylight
2023-11-13T07:28:00.000,I 75,I 75 and Mm 25,,Rear End,2,Clear,Dry,Daylight
2021-07-02T17:06:00.000,I 75,I 75 and Mm 25,,Sideswipe-Same Direction,2,Clear,Dry,Daylight
2022-01-03T06:20:00.000,I 75,I 75 and Mm 249D,,Sideswipe-Same Direction,2,Sleet,Wet,Dark-Lighted
2024-02-02T19:00:00.000,I 75,I 75 and Mm 249A  -  Courtland St,,Sideswipe-Same Direction,2,Clear,Dry,Dark-Lighted
2022-04-25T06:37:00.000,I 75,I 75 and Mm 249.2,,Rear End,3,Clear,Dry,Dark-Lighted
2024-06-10T17:50:00.000,I 75,I 75 and Mm 249  - 10Th Street Entrance,,Sideswipe-Same Direction,2,Clear,Dry,Daylight
2020-02-18T17:32:00.000,I 75,I 75 and Mm 249,,Rear End,2,Rain,Wet,Dark-Lighted
2021-08-24T14:25:00.000,I 75,I 75 and Mm 249,,Rear End,4,Cloudy,Dry,Daylight
2024-04-16T14:35:00.000,I 75,I 75 and Mm 249,,Rear End,2,Clear,Dry,Daylight
2024-05-23T15:06:00.000,I 75,I 75 and Mm 249,,Rear End,2,Clear,Dry,Daylight
2021-04-26T16:45:00.000,I 75,I 75 and Mm 248D,,Rear End,2,Clear,Dry,Daylight
2022-08-26T06:44:00.000,I 75,I 75 and Mm 248.4,,Not a Collision with Motor Vehicle,2,Cloudy,Wet,Dark-Lighted
2021-01-04T19:25:00.000,I 75,I 75 and Mm 247,,Sideswipe-Same Direction,2,Clear,Dry,Dark-Lighted
2023-09-12T17:08:00.000,I 75,I 75 and Mm 247,,Rear End,2,Clear,Dry,Daylight
2022-11-04T22:14:00.000,I 75,I 75 and Mm 247,,Angle Crash,2,Clear,Dry,Daylight
2022-12-05T19:35:00.000,I 75,I 75 and Mm 247,,Rear End,2,Rain,Wet,Dark-Lighted
2023-05-26T11:20:00.000,I 75,I 75 and Mm 247,,Rear End,2,Clear,Dry,Daylight
2024-05-10T23:32:00.000,I 75,I 75 and Mm 247,,Rear End,2,Clear,Dry,Dark-Not Lighted
2020-07-02T16:10:00.000,I 75,I 75 and Mm 2466,,Angle Crash,2,Cloudy,Wet,Daylight
2024-02-13T18:45:00.000,I 75,I 75 and Mm 246.5,,Sideswipe-Same Direction,2,Clear,Dry,Dark-Lighted
2024-02-12T17:18:00.000,I 75,I 75 and Mm 246 - Fulton St,,Sideswipe-Same Direction,2,Cloudy,Wet,Daylight
2023-12-08T06:45:00.000,I 75,I 75 and Mm 246 -  Pryor St,,Sideswipe-Same Direction,2,Clear,Dry,Dawn
2021-02-02T14:25:00.000,I 75,I 75 and Mm 246,,Sideswipe-Same Direction,3,Clear,Dry,Daylight
2021-06-06T14:15:00.000,I 75,I 75 and Mm 246,,Sideswipe-Same Direction,2,Cloudy,Dry,Daylight
2024-05-25T15:19:00.000,I 75,I 75 and Mm 246,,Rear End,2,Clear,Dry,Daylight
2023-01-05T18:50:00.000,I 75,I 75 and Mm 245.4,,Rear End,2,Clear,Dry,Dark-Lighted
2023-09-12T12:15:00.000,I 75,I 75 and Mm 245 - Pryor St,,Rear End,3,Clear,Dry,Daylight
2021-09-30T16:50:00.000,I 75,I 75 and Mm 245,,Rear End,2,Clear,Dry,Daylight
2021-09-30T18:40:00.000,I 75,I 75 and Mm 245,,Rear End,2,Clear,Dry,Dusk
2021-10-05T17:30:00.000,I 75,I 75 and Mm 245,,Rear End,2,Cloudy,Wet,Daylight
2023-03-28T17:38:00.000,I 75,I 75 and Mm 245,,Rear End,3,Cloudy,Dry,Daylight
2023-05-02T10:25:00.000,I 75,I 75 and Mm 245,,Rear End,2,Clear,Dry,Daylight
2021-12-07T13:30:00.000,I 75,I 75 and Mm 245,,Rear End,2,Cloudy,Dry,Daylight
2021-12-27T19:40:00.000,I 75,I 75 and Mm 245,,Head On,2,Clear,Dry,Dark-Lighted
2022-02-17T10:00:00.000,I 75,I 75 and Mm 245,,Rear End,3,Cloudy,Wet,Daylight
2022-02-17T09:00:00.000,I 75,I 75 and Mm 245,,Rear End,2,Rain,Wet,Daylight
2022-09-23T15:06:00.000,I 75,I 75 and Mm 245,,Angle Crash,2,Clear,Dry,Daylight
2022-11-25T07:11:00.000,I 75,I 75 and Mm 245,,Not a Collision with Motor Vehicle,1,Cloudy,Wet,Daylight
2024-07-18T12:32:00.000,I 75,I 75 and Mm 245,,Rear End,2,Clear,Dry,Daylight
2023-10-05T16:00:00.000,I 75,I 75 and Mm 244 University Ave,,Rear End,2,Clear,Dry,Daylight
2024-05-21T15:20:00.000,I 75,I 75 and Mm 244 University Ave,,Rear End,2,Clear,Dry,Daylight
2024-05-21T17:40:00.000,I 75,I 75 and Mm 244 University Ave,,Rear End,2,Clear,Dry,Daylight
2024-01-04T06:45:00.000,I 75,I 75 and Mm 244 University Ave,,Rear End,3,Clear,Dry,Daylight
2024-03-04T08:55:00.000,I 75,I 75 and Mm 244 - University Ave,,Sideswipe-Same Direction,2,Cloudy,Dry,Daylight
2023-09-11T17:50:00.000,I 75,I 75 and Mm 244 - University Ave,,Rear End,2,Clear,Dry,Daylight
2023-10-06T17:30:00.000,I 75,I 75 and Mm 244 - University Ave,,Rear End,2,Clear,Dry,Dark-Lighted
2023-09-12T08:50:00.000,I 75,I 75 and Mm 244 - University Ave,,Rear End,3,Clear,Dry,Daylight
2024-05-31T14:15:00.000,I 75,I 75 and Mm 244 - University Ave,,Rear End,2,Clear,Dry,Daylight
2024-05-28T08:20:00.000,I 75,I 75 and Mm 244 - University Ave,,Sideswipe-Same Direction,2,Clear,Dry,Daylight
2023-03-14T16:40:00.000,I 75,I 75 and Mm 244   University Ave,,Rear End,3,Clear,Dry,Daylight
2024-07-05T14:30:00.000,I 75,I 75 and Mm 244   University Ave,,Rear End,2,Clear,Dry,Daylight
2023-04-06T12:55:00.000,I 75,I 75 and Mm 244,,Rear End,2,Cloudy,Dry,Daylight
2023-12-09T22:00:00.000,I 75,I 75 and Mm 244,,Not a Collision with Motor Vehicle,1,Clear,Dry,Dark-Lighted
2023-08-07T09:30:00.000,I 75,I 75 and Mm 244,,Rear End,4,Clear,Wet,Daylight
2024-11-12T16:50:00.000,I 75,I 75 and Mm 244,,Rear End,2,Clear,Dry,Daylight
2023-06-24T19:58:00.000,I 75,I 75 and Mm 244,,Not a Collision with Motor Vehicle,1,Clear,Dry,Daylight
2023-06-13T08:34:00.000,I 75,I 75 and Mm 243.7,,Sideswipe-Same Direction,3,Clear,Dry,Daylight
2023-02-09T17:45:00.000,I 75,I 75 and Mm 243.5,,Rear End,2,Rain,Wet,Dusk
2023-08-18T12:19:00.000,I 75,I 75 and Mm 243,,Rear End,2,Clear,Dry,Daylight
2022-06-05T23:49:00.000,I 75,I 75 and Mm 243,,Rear End,2,Clear,Dry,Dark-Not Lighted
2023-12-29T20:00:00.000,I 75,I 75 and Mm 243,,Sideswipe-Same Direction,2,Cloudy,Dry,Dark-Lighted
2023-08-24T20:40:00.000,I 75,I 75 and Mm 242.8,,Angle Crash,2,Cloudy,Dry,Dark-Lighted
2023-09-10T23:08:00.000,I 75,I 75 and Mm 242,,Sideswipe-Same Direction,2,Clear,Dry,Dark-Not Lighted
2024-01-18T08:15:00.000,I 75,I 75 and Mm 241.5 Cleveland Ave,,Sideswipe-Same Direction,2,Clear,Dry,Daylight
2024-08-12T16:45:00.000,I 75,I 75 and Mm 241.5  Cleveland Ave,,Sideswipe-Same Direction,2,Clear,Dry,Daylight
2023-09-25T19:50:00.000,I 75,I 75 and Mm 241.4,,Rear End,2,Clear,Dry,Dark-Lighted
2020-09-18T11:56:00.000,I 75,I 75 and Mm 241,,Sideswipe-Same Direction,2,Clear,Dry,Daylight
2020-09-18T12:26:00.000,I 75,I 75 and Mm 241,,Not a Collision with Motor Vehicle,2,Clear,Dry,Daylight
2024-08-13T16:45:00.000,I 75,I 75 and Mm 240.7,,Sideswipe-Same Direction,2,Clear,Dry,Daylight
2023-06-23T18:54:00.000,I 75,I 75 and Mm 240.6,,Sideswipe-Same Direction,2,Clear,Dry,Daylight
2023-09-30T23:00:00.000,I 75,I 75 and Mm 240.5,,Rear End,2,Clear,Dry,Dark-Lighted
2023-05-11T14:20:00.000,I 75,I 75 and Mm 240.5,,Sideswipe-Same Direction,2,Clear,Dry,Daylight
2021-08-19T14:22:00.000,I 75,I 75 and Mm 24,,Not a Collision with Motor Vehicle,1,Clear,Dry,Daylight
2023-08-29T13:00:00.000,I 75,I 75 and Mm 239 - Central Ave,,Not a Collision with Motor Vehicle,1,Cloudy,Dry,Daylight
2021-05-26T17:20:00.000,I 75,I 75 and Mm 239,,Rear End,2,Clear,Dry,Daylight
2023-05-11T06:19:00.000,I 75,I 75 and Mm 239,,Not a Collision with Motor Vehicle,1,Clear,Dry,Dark-Not Lighted
2023-10-13T16:55:00.000,I 75,I 75 and Mm 239,,Rear End,2,Rain,Wet,Daylight
2024-04-06T18:15:00.000,I 75,I 75 and Mm 238,,Sideswipe-Same Direction,2,Clear,Dry,Daylight
2023-05-13T06:05:00.000,I 75,I 75 and Mm 235.5,,Sideswipe-Same Direction,2,Cloudy,Dry,Dark-Not Lighted
2021-10-27T17:20:00.000,I 75,I 75 and Mm 235,,Sideswipe-Same Direction,2,Clear,Dry,Daylight
2024-11-12T06:18:00.000,I 75,I 75 and Mm 234,,Rear End,2,Clear,Dry,Dark-Lighted
2020-12-15T10:35:00.000,I 75,I 75 and Mm 230,,Rear End,2,Clear,Dry,Daylight
2020-07-29T17:45:00.000,I 75,I 75 and Mm 23,,Sideswipe-Same Direction,2,Cloudy,Dry,Daylight
2020-08-21T15:15:00.000,I 75,I 75 and Mm 23,,Sideswipe-Same Direction,2,Clear,Dry,Daylight
2020-12-24T06:27:00.000,I 75,I 75 and Mm 23,,Angle Crash,2,Clear,Dry,Dark-Not Lighted
2024-06-16T10:25:00.000,I 75,I 75 and Mm 23,,Sideswipe-Same Direction,2,Clear,Dry,Daylight
2024-04-06T18:09:00.000,I 75,I 75 and Mm 229,,Sideswipe-Same Direction,2,Clear,Dry,Daylight
2023-02-19T15:30:00.000,I 75,I 75 and Mm 228.5,,Rear End,2,Clear,Dry,Daylight
2022-02-04T03:24:00.000,I 75,I 75 and Mm 228,,Sideswipe-Same Direction,2,Rain,Wet,Dark-Not Lighted
2020-07-31T18:00:00.000,I 75,I 75 and Mm 228,,Not a Collision with Motor Vehicle,1,Clear,Dry,Daylight
2020-02-05T22:35:00.000,I 75,I 75 and Mm 228,,Not a Collision with Motor Vehicle,1,Rain,Wet,Dark-Not Lighted
2020-08-12T17:00:00.000,I 75,I 75 and Mm 228,,Rear End,2,Cloudy,Dry,Daylight
2022-11-15T09:45:00.000,I 75,I 75 and Mm 227,,Not a Collision with Motor Vehicle,1,Rain,Wet,Daylight
2022-01-18T20:57:00.000,I 75,I 75 and Mm 227,,Sideswipe-Same Direction,2,Clear,Dry,Dark-Not Lighted
2024-09-19T13:40:00.000,I 75,I 75 and Mm 227,,Not a Collision with Motor Vehicle,1,Clear,Dry,Daylight
2024-01-24T21:36:00.000,I 75,I 75 and Mm 227,,Angle Crash,2,Clear,Wet,Dark-Not Lighted
2020-07-28T22:20:00.000,I 75,I 75 and Mm 226 I75,,Angle Crash,2,Clear,Dry,Dark-Not Lighted
2023-12-16T03:23:00.000,I 75,I 75 and Mm 226,,Rear End,2,Clear,Dry,Daylight
2020-06-01T01:08:00.000,I 75,I 75 and Mm 226,,Rear End,2,Clear,Dry,Dark-Lighted
2023-12-16T01:36:00.000,I 75,I 75 and Mm 226,,Rear End,3,Clear,Dry,Dark-Not Lighted
2023-07-22T02:49:00.000,I 75,I 75 and Mm 225,,Not a Collision with Motor Vehicle,1,Clear,Wet,Dark-Not Lighted
2023-07-22T02:48:00.000,I 75,I 75 and Mm 225,,Rear End,2,Clear,Wet,Daylight
2023-07-22T02:48:00.000,I 75,I 75 and Mm 225,,Angle Crash,2,Clear,Wet,Dark-Not Lighted
2021-12-10T20:52:00.000,I 75,I 75 and Mm 224,,Rear End,2,Cloudy,Wet,Dark-Lighted
2023-10-24T12:14:00.000,I 75,I 75 and Mm 224,,Rear End,3,Clear,Dry,Daylight
2021-09-14T11:17:00.000,I 75,I 75 and Mm 224,,Rear End,2,Clear,Dry,Daylight
2021-11-20T18:36:00.000,I 75,I 75 and Mm 224,,Rear End,3,Clear,Dry,Dark-Lighted
2021-11-13T17:02:00.000,I 75,I 75 and Mm 224,,Rear End,2,Clear,Dry,Daylight
2022-07-14T21:09:00.000,I 75,I 75 and Mm 224,,Not a Collision with Motor Vehicle,1,Cloudy,Dry,Dark-Lighted
2024-11-12T19:12:00.000,I 75,I 75 and Mm 224,,Sideswipe-Same Direction,2,Clear,Dry,Dark-Lighted
2023-07-22T17:23:00.000,I 75,I 75 and Mm 224,,Rear End,2,Clear,Dry,Daylight
2024-10-28T10:13:00.000,I 75,I 75 and Mm 223,,Rear End,2,Cloudy,Dry,Daylight
2021-10-15T00:00:00.000,I 75,I 75 and Mm 222,,Sideswipe-Same Direction,2,Clear,Dry,Dark-Not Lighted
2022-02-11T10:33:00.000,I 75,I 75 and Mm 222,,Rear End,2,Clear,Dry,Daylight
2022-06-30T23:00:00.000,I 75,I 75 and Mm 222,,Sideswipe-Same Direction,2,Clear,Dry,Dark-Not Lighted
2024-09-06T12:45:00.000,I 75,I 75 and Mm 222,,Rear End,2,Cloudy,Dry,Daylight
2020-08-04T16:30:00.000,I 75,I 75 and Mm 221,,Rear End,3,Clear,Dry,Daylight
2021-10-21T00:05:00.000,I 75,I 75 and Mm 221,,Not a Collision with Motor Vehicle,1,Clear,Dry,Dark-Not Lighted
2021-06-20T11:55:00.000,I 75,I 75 and Mm 22,,Sideswipe-Same Direction,2,Clear,Wet,Daylight
2022-11-19T16:37:00.000,I 75,I 75 and Mm 219 Express Lane Entrance,,Not a Collision with Motor Vehicle,1,Clear,Dry,Daylight
2020-11-25T10:55:00.000,I 75,I 75 and Mm 219,,Rear End,2,Clear,Dry,Daylight
2021-10-14T00:56:00.000,I 75,I 75 and Mm 219,,Rear End,2,Clear,Dry,Dark-Not Lighted
2021-06-21T18:39:00.000,I 75,I 75 and Mm 218,,Sideswipe-Same Direction,2,Clear,Dry,Daylight
2021-05-12T23:56:00.000,I 75,I 75 and Mm 218,,Sideswipe-Same Direction,2,Clear,Dry,Dark-Not Lighted
2020-09-17T12:30:00.000,I 75,I 75 and Mm 218,,Not a Collision with Motor Vehicle,1,Rain,Water (standing or moving),Dark-Not Lighted
2024-08-16T18:16:00.000,I 75,I 75 and Mm 218,,Rear End,3,Clear,Dry,Daylight
2024-08-16T18:16:00.000,I 75,I 75 and Mm 218,,Rear End,3,Clear,Dry,Daylight
2024-07-31T01:17:00.000,I 75,I 75 and Mm 218,,Angle Crash,2,Clear,Wet,Dark-Not Lighted
2024-08-29T18:00:00.000,I 75,I 75 and Mm 218,,Not a Collision with Motor Vehicle,2,Clear,Dry,Daylight
2024-02-26T06:05:00.000,I 75,I 75 and Mm 217,,Not a Collision with Motor Vehicle,1,Clear,Dry,Dark-Not Lighted
2024-11-21T18:21:00.000,I 75,I 75 and Mm 217,,Rear End,2,Clear,Dry,Dusk
2023-04-29T11:45:00.000,I 75,I 75 and Mm 216 Exit Rp,,Rear End,2,Clear,Dry,Daylight
2023-04-10T14:10:00.000,I 75,I 75 and Mm 216,,Rear End,3,Clear,Dry,Daylight
2023-11-18T16:13:00.000,I 75,I 75 and Mm 216,,Rear End,2,Clear,Dry,Daylight
2020-11-29T15:48:00.000,I 75,I 75 and Mm 216,,Not a Collision with Motor Vehicle,1,Rain,Wet,Daylight
2022-05-02T15:05:00.000,I 75,I 75 and Mm 216,,Rear End,2,Clear,Dry,Daylight
2022-10-28T13:13:00.000,I 75,I 75 and Mm 216,,Rear End,2,Clear,Dry,Daylight
2024-08-28T16:57:00.000,I 75,I 75 and Mm 216,,Sideswipe-Same Direction,2,Clear,Dry,Daylight
2023-03-07T11:46:00.000,I 75,I 75 and Mm 215,,Sideswipe-Same Direction,2,Clear,Dry,Daylight
2021-05-26T13:00:00.000,I 75,I 75 and Mm 215,,Rear End,2,Clear,Dry,Daylight
2024-11-27T19:57:00.000,I 75,I 75 and Mm 215,,Not a Collision with Motor Vehicle,1,Clear,Dry,Dark-Not Lighted
2023-10-11T00:17:00.000,I 75,I 75 and Mm 215,,Rear End,2,Clear,Dry,Dark-Not Lighted
2023-06-30T19:28:00.000,I 75,I 75 and Mm 215,,Rear End,2,Cloudy,Dry,Daylight
2024-01-19T15:05:00.000,I 75,I 75 and Mm 215,,Rear End,2,Clear,Dry,Daylight
2021-09-30T16:36:00.000,I 75,I 75 and Mm 214,,Rear End,3,Clear,Dry,Daylight
2020-10-02T17:56:00.000,I 75,I 75 and Mm 214,,Rear End,2,Clear,Dry,Daylight
2024-04-17T16:29:00.000,I 75,I 75 and Mm 214,,Rear End,2,Clear,Dry,Daylight
2023-11-20T19:13:00.000,I 75,I 75 and Mm 214,,Rear End,2,Clear,Dry,Dark-Not Lighted
2021-12-17T16:40:00.000,I 75,I 75 and Mm 213,,Rear End,2,Cloudy,Dry,Daylight
2023-06-26T16:55:00.000,I 75,I 75 and Mm 213,,Rear End,4,Clear,Dry,Daylight
2023-04-13T10:50:00.000,I 75,I 75 and Mm 213,,Rear End,2,Rain,Wet,Daylight
2023-09-01T17:10:00.000,I 75,I 75 and Mm 213,,Rear End,2,Cloudy,Dry,Daylight
2023-11-17T15:25:00.000,I 75,I 75 and Mm 213,,Sideswipe-Same Direction,2,Clear,Dry,Daylight
2023-12-30T16:00:00.000,I 75,I 75 and Mm 213,,Not a Collision with Motor Vehicle,1,Clear,Dry,Daylight
2023-10-20T13:18:00.000,I 75,I 75 and Mm 213,,Rear End,2,Clear,Dry,Daylight
2022-04-13T19:03:00.000,I 75,I 75 and Mm 212 Entrance Rp,,Not a Collision with Motor Vehicle,1,Clear,Dry,Daylight
2021-08-19T03:40:00.000,I 75,I 75 and Mm 212,,Not a Collision with Motor Vehicle,2,Clear,Dry,Dark-Not Lighted
2021-05-01T20:40:00.000,I 75,I 75 and Mm 212,,Not a Collision with Motor Vehicle,1,Clear,Dry,Dark-Not Lighted
2023-09-27T22:25:00.000,I 75,I 75 and Mm 212,,Sideswipe-Same Direction,2,Clear,Dry,Dark-Not Lighted
2023-07-07T16:05:00.000,I 75,I 75 and Mm 212,,Sideswipe-Same Direction,2,Rain,Wet,Daylight
2020-09-28T17:00:00.000,I 75,I 75 and Mm 212,,Not a Collision with Motor Vehicle,2,Clear,Dry,Daylight
2021-02-06T20:58:00.000,I 75,I 75 and Mm 212,,Not a Collision with Motor Vehicle,1,Rain,Wet,Dark-Not Lighted
2022-03-02T22:09:00.000,I 75,I 75 and Mm 212,,Rear End,2,Clear,Dry,Dark-Lighted
2022-09-05T14:30:00.000,I 75,I 75 and Mm 212,,Rear End,3,Rain,Wet,Daylight
2022-05-26T17:30:00.000,I 75,I 75 and Mm 212,,Rear End,2,Cloudy,Wet,Daylight
2022-07-16T21:29:00.000,I 75,I 75 and Mm 212,,Rear End,4,Clear,Dry,Dark-Not Lighted
2022-05-26T17:15:00.000,I 75,I 75 and Mm 212,,Rear End,2,Cloudy,Wet,Daylight
2024-04-27T14:40:00.000,I 75,I 75 and Mm 212,,Rear End,3,Cloudy,Dry,Daylight
2024-06-14T17:39:00.000,I 75,I 75 and Mm 212,,Not a Collision with Motor Vehicle,1,Clear,Dry,Daylight
2023-11-21T17:37:00.000,I 75,I 75 and Mm 211,,Rear End,4,Clear,Wet,Daylight
2022-02-06T05:45:00.000,I 75,I 75 and Mm 211,,Rear End,2,Clear,Dry,Dark-Not Lighted
2022-02-06T05:39:00.000,I 75,I 75 and Mm 211,,Angle Crash,2,Clear,Dry,Dark-Not Lighted
2024-05-25T02:07:00.000,I 75,I 75 and Mm 211,,Rear End,2,Clear,Dry,Dark-Not Lighted
2023-08-04T11:50:00.000,I 75,I 75 and Mm 211,,Angle Crash,2,Clear,Dry,Daylight
2023-03-28T08:20:00.000,I 75,I 75 and Mm 210,,Angle Crash,3,Cloudy,Dry,Daylight
2021-09-03T16:00:00.000,I 75,I 75 and Mm 210,,Not a Collision with Motor Vehicle,1,Clear,Dry,Daylight
2024-02-16T15:22:00.000,I 75,I 75 and Mm 210,,Rear End,2,Clear,Dry,Daylight
2021-04-11T07:10:00.000,I 75,I 75 and Mm 21,,Not a Collision with Motor Vehicle,1,Clear,Dry,Daylight
2020-05-23T18:50:00.000,I 75,I 75 and Mm 21,,Sideswipe-Same Direction,2,Clear,Dry,Daylight
2020-11-05T15:43:00.000,I 75,I 75 and Mm 21,,Sideswipe-Same Direction,2,Clear,Dry,Daylight
2020-01-30T05:10:00.000,I 75,I 75 and Mm 209,,Angle Crash,2,Clear,Dry,Dark-Not Lighted
2020-12-18T21:47:00.000,I 75,I 75 and Mm 209,,Not a Collision with Motor Vehicle,1,Clear,Dry,Dark-Not Lighted
2023-03-31T15:39:00.000,I 75,I 75 and Mm 209,,Rear End,2,Clear,Dry,Daylight
2024-06-19T19:10:00.000,I 75,I 75 and Mm 209,,Sideswipe-Same Direction,2,Clear,Dry,Daylight
2024-03-13T19:29:00.000,I 75,I 75 and Mm 209,,Rear End,2,Clear,Dry,Daylight
2024-08-07T17:40:00.000,I 75,I 75 and Mm 209,,Not a Collision with Motor Vehicle,1,Clear,Dry,Daylight
2020-08-30T18:50:00.000,I 75,I 75 and Mm 208,,Angle Crash,2,Rain,Wet,Daylight
2023-08-15T16:20:00.000,I 75,I 75 and Mm 208,,Not a Collision with Motor Vehicle,1,Severe Thunderstorm or Tornadic,Wet,Daylight
2020-09-08T13:25:00.000,I 75,I 75 and Mm 208,,Not a Collision with Motor Vehicle,2,Clear,Dry,Daylight
2022-03-06T15:45:00.000,I 75,I 75 and Mm 208,,Rear End,2,Clear,Dry,Daylight
2022-03-05T19:52:00.000,I 75,I 75 and Mm 208,,Sideswipe-Same Direction,2,Clear,Dry,Dark-Not Lighted
2022-04-04T16:02:00.000,I 75,I 75 and Mm 208,,Rear End,3,Clear,Dry,Daylight
2023-08-22T09:58:00.000,I 75,I 75 and Mm 208,,Angle Crash,3,Clear,Dry,Daylight
2024-04-27T10:30:00.000,I 75,I 75 and Mm 208,,Rear End,3,Cloudy,Dry,Daylight
2024-01-01T12:46:00.000,I 75,I 75 and Mm 208,,Rear End,2,Clear,Dry,Daylight
2024-08-16T21:57:00.000,I 75,I 75 and Mm 208,,Not a Collision with Motor Vehicle,1,Cloudy,Dry,Dark-Not Lighted
2024-04-17T14:46:00.000,I 75,I 75 and Mm 208,,Sideswipe-Same Direction,3,Clear,Dry,Daylight
2024-11-04T19:49:00.000,I 75,I 75 and Mm 208,,Sideswipe-Same Direction,2,Cloudy,Dry,Dark-Not Lighted
2024-07-29T19:10:00.000,I 75,I 75 and Mm 208,,Not a Collision with Motor Vehicle,1,Rain,Wet,Daylight
2024-10-21T16:41:00.000,I 75,I 75 and Mm 208,,Sideswipe-Same Direction,2,Clear,Dry,Daylight
2021-09-08T11:53:00.000,I 75,I 75 and Mm 207,,Rear End,2,Clear,Dry,Daylight
2021-12-30T12:15:00.000,I 75,I 75 and Mm 207,,Rear End,2,Rain,Wet,Daylight
2021-04-16T21:35:00.000,I 75,I 75 and Mm 207,,Sideswipe-Same Direction,2,Clear,Dry,Dark-Not Lighted
2021-11-11T19:00:00.000,I 75,I 75 and Mm 207,,Sideswipe-Same Direction,2,Clear,Dry,Dark-Not Lighted
2021-11-12T07:50:00.000,I 75,I 75 and Mm 207,,Angle Crash,2,Clear,Dry,Daylight
2021-03-24T22:29:00.000,I 75,I 75 and Mm 207,,Rear End,2,Clear,Dry,Daylight
2023-10-10T20:04:00.000,I 75,I 75 and Mm 207,,Not a Collision with Motor Vehicle,1,Clear,Dry,Dark-Not Lighted
2023-08-22T10:30:00.000,I 75,I 75 and Mm 207,,Rear End,2,Clear,Dry,Daylight
2023-10-10T19:47:00.000,I 75,I 75 and Mm 207,,Not a Collision with Motor Vehicle,1,Clear,Dry,Dark-Not Lighted
2023-11-21T10:57:00.000,I 75,I 75 and Mm 207,,Not a Collision with Motor Vehicle,1,Cloudy,Wet,Daylight
2023-06-05T06:03:00.000,I 75,I 75 and Mm 207,,Sideswipe-Same Direction,2,Clear,Dry,Daylight
2023-02-06T10:00:00.000,I 75,I 75 and Mm 207,,Rear End,2,Clear,Dry,Daylight
2020-05-29T13:05:00.000,I 75,I 75 and Mm 207,,Not a Collision with Motor Vehicle,2,Cloudy,Dry,Daylight
2020-08-24T08:22:00.000,I 75,I 75 and Mm 207,,Rear End,2,Rain,Wet,Daylight
2020-08-14T21:10:00.000,I 75,I 75 and Mm 207,,Sideswipe-Same Direction,2,Rain,Wet,Dark-Not Lighted
2021-05-07T21:21:00.000,I 75,I 75 and Mm 207,,Sideswipe-Same Direction,2,Clear,Dry,Dark-Not Lighted
2021-05-11T15:55:00.000,I 75,I 75 and Mm 207,,Rear End,3,Rain,Wet,Daylight
2021-04-11T12:39:00.000,I 75,I 75 and Mm 207,,Angle Crash,3,Clear,Dry,Daylight