Date and Time,Roadway (From Crash Report),Intersection Name (from Crash Report),KABCO Severity,Manner of Collision (Crash Level) ,# of Vehicles per crash ,Weather Conditions (Crash Level),Surface Condition (Crash Level) ,Light Conditions (Crash Level)
2021-03-28T15:00:00.000,I 75,I 75 and Mm 207,,Rear End,2,Cloudy,Wet,Daylight
2021-09-27T14:30:00.000,I 75,I 75 and Mm 207,,Rear End,2,Clear,Dry,Daylight
2021-07-12T19:26:00.000,I 75,I 75 and Mm 207,,Rear End,2,Rain,Wet,Daylight
2021-11-19T18:05:00.000,I 75,I 75 and Mm 207,,Rear End,2,Clear,Dry,Dark-Not Lighted
2022-04-02T15:10:00.000,I 75,I 75 and Mm 207,,Sideswipe-Same Direction,2,Clear,Dry,Daylight
2022-12-26T19:52:00.000,I 75,I 75 and Mm 207,,Sideswipe-Same Direction,2,Clear,Dry,Dark-Not Lighted
2022-08-07T11:40:00.000,I 75,I 75 and Mm 207,,Not a Collision with Motor Vehicle,1,Cloudy,Dry,Daylight
2022-08-10T06:25:00.000,I 75,I 75 and Mm 207,,Angle Crash,3,Cloudy,Wet,Dawn
2022-08-09T05:58:00.000,I 75,I 75 and Mm 207,,Sideswipe-Same Direction,2,Fog,Wet,Daylight
2022-07-26T14:34:00.000,I 75,I 75 and Mm 207,,Not a Collision with Motor Vehicle,1,Clear,Dry,Daylight
2022-08-07T17:16:00.000,I 75,I 75 and Mm 207,,Sideswipe-Same Direction,2,Clear,Dry,Daylight
2022-06-02T18:02:00.000,I 75,I 75 and Mm 207,,Rear End,3,Rain,Wet,Daylight
2024-10-07T21:47:00.000,I 75,I 75 and Mm 207,,Sideswipe-Same Direction,2,Clear,Dry,Dark-Not Lighted
2023-11-21T21:12:00.000,I 75,I 75 and Mm 207,,Rear End,2,Cloudy,Wet,Dark-Not Lighted
2023-10-29T06:43:00.000,I 75,I 75 and Mm 207,,Sideswipe-Same Direction,2,Clear,Dry,Dark-Not Lighted
2023-04-12T17:24:00.000,I 75,I 75 and Mm 207,,Not a Collision with Motor Vehicle,1,Clear,Dry,Daylight
2023-02-01T15:10:00.000,I 75,I 75 and Mm 207,,Rear End,2,Cloudy,Dry,Daylight
2023-07-08T21:35:00.000,I 75,I 75 and Mm 207,,Not a Collision with Motor Vehicle,1,Clear,Dry,Dark-Not Lighted
2023-12-28T12:25:00.000,I 75,I 75 and Mm 207,,Rear End,2,Clear,Dry,Daylight
2024-11-26T15:01:00.000,I 75,I 75 and Mm 207,,Rear End,2,Clear,Dry,Daylight
2024-10-15T08:05:00.000,I 75,I 75 and Mm 207,,Rear End,2,Clear,Dry,Daylight
2024-04-06T10:35:00.000,I 75,I 75 and Mm 207,,Rear End,2,Clear,Dry,Daylight
2024-06-28T16:45:00.000,I 75,I 75 and Mm 207,,Rear End,2,Cloudy,Dry,Daylight
2024-06-18T14:17:00.000,I 75,I 75 and Mm 207,,Sideswipe-Same Direction,2,Clear,Dry,Daylight
2024-04-29T19:47:00.000,I 75,I 75 and Mm 207,,Rear End,2,Clear,Dry,Daylight
2024-06-29T18:38:00.000,I 75,I 75 and Mm 207,,Rear End,2,Rain,Wet,Daylight
2024-05-14T17:02:00.000,I 75,I 75 and Mm 207,,Sideswipe-Same Direction,2,Clear,Dry,Daylight
2021-03-30T16:14:00.000,I 75,I 75 and Mm 206,,Sideswipe-Same Direction,3,Clear,Dry,Daylight
2021-01-03T15:54:00.000,I 75,I 75 and Mm 206,,Rear End,2,Clear,Dry,Daylight
2023-11-21T17:23:00.000,I 75,I 75 and Mm 206,,Rear End,2,Rain,Wet,Dark-Not Lighted
2023-01-24T09:55:00.000,I 75,I 75 and Mm 206,,Angle Crash,2,Clear,Dry,Daylight
2020-02-17T17:50:00.000,I 75,I 75 and Mm 206,,Sideswipe-Same Direction,2,Cloudy,Dry,Dark-Not Lighted
2020-12-02T09:09:00.000,I 75,I 75 and Mm 206,,Angle Crash,2,Clear,Dry,Daylight
2020-12-19T13:00:00.000,I 75,I 75 and Mm 206,,Rear End,3,Clear,Dry,Daylight
2020-03-13T13:20:00.000,I 75,I 75 and Mm 206,,Not a Collision with Motor Vehicle,2,Cloudy,Dry,Daylight
2020-02-22T13:15:00.000,I 75,I 75 and Mm 206,,Angle Crash,3,Clear,Dry,Daylight
2022-11-09T17:00:00.000,I 75,I 75 and Mm 206,,Sideswipe-Same Direction,2,Clear,Dry,Daylight
2022-11-10T18:40:00.000,I 75,I 75 and Mm 206,,Not a Collision with Motor Vehicle,1,Rain,Wet,Dark-Not Lighted
2024-05-29T00:00:00.000,I 75,I 75 and Mm 206,,Not a Collision with Motor Vehicle,2,Clear,Dry,Daylight
2023-11-08T00:01:00.000,I 75,I 75 and Mm 206,,Sideswipe-Same Direction,2,Clear,Dry,Dark-Not Lighted
2023-11-26T19:52:00.000,I 75,I 75 and Mm 206,,Rear End,2,Cloudy,Wet,Dark-Not Lighted
2024-10-11T17:37:00.000,I 75,I 75 and Mm 206,,Rear End,2,Clear,Dry,Daylight
2024-04-01T19:04:00.000,I 75,I 75 and Mm 206,,Angle Crash,3,Clear,Dry,Daylight
2024-06-18T09:56:00.000,I 75,I 75 and Mm 206,,Sideswipe-Same Direction,2,Clear,Dry,Daylight
2024-12-01T12:10:00.000,I 75,I 75 and Mm 206,,Rear End,2,Clear,Dry,Daylight
2024-03-16T15:15:00.000,I 75,I 75 and Mm 206,,Not a Collision with Motor Vehicle,2,Clear,Dry,Daylight
2024-12-26T13:03:00.000,I 75,I 75 and Mm 206,,Rear End,2,Cloudy,Dry,Daylight
2024-04-02T23:00:00.000,I 75,I 75 and Mm 206,,Rear End,2,Cloudy,Dry,Dark-Not Lighted
2024-11-07T07:02:00.000,I 75,I 75 and Mm 205 Off Rp,,Rear End,2,Rain,Wet,Daylight
2022-11-23T17:54:00.000,I 75,I 75 and Mm 205 Exit Rp,,Rear End,2,Clear,Dry,Dark-Lighted
2021-06-20T16:02:00.000,I 75,I 75 and Mm 205,,Rear End,2,Clear,Wet,Daylight
2023-07-30T23:25:00.000,I 75,I 75 and Mm 205,,Sideswipe-Same Direction,2,Clear,Dry,Dark-Not Lighted
2023-10-19T12:40:00.000,I 75,I 75 and Mm 205,,Rear End,2,Clear,Dry,Daylight
2020-06-27T15:58:00.000,I 75,I 75 and Mm 205,,Rear End,2,Cloudy,Dry,Daylight
2020-11-21T13:46:00.000,I 75,I 75 and Mm 205,,Rear End,2,Clear,Dry,Daylight
2020-08-22T18:09:00.000,I 75,I 75 and Mm 205,,Rear End,2,Clear,Dry,Daylight
2021-01-17T23:15:00.000,I 75,I 75 and Mm 205,,Not a Collision with Motor Vehicle,1,Clear,Dry,Dark-Not Lighted
2021-01-03T13:30:00.000,I 75,I 75 and Mm 205,,Sideswipe-Same Direction,2,Cloudy,Dry,Daylight
2021-03-07T20:33:00.000,I 75,I 75 and Mm 205,,Sideswipe-Same Direction,2,Clear,Dry,Dark-Lighted
2021-12-01T12:40:00.000,I 75,I 75 and Mm 205,,(None),1,(None),(None),(None)
2021-10-11T02:15:00.000,I 75,I 75 and Mm 205,,Rear End,2,Clear,Dry,Dark-Lighted
2022-05-24T15:34:00.000,I 75,I 75 and Mm 205,,Sideswipe-Same Direction,2,Cloudy,Dry,Daylight
2022-06-03T16:22:00.000,I 75,I 75 and Mm 205,,Rear End,2,Cloudy,Dry,Daylight
2022-10-14T19:10:00.000,I 75,I 75 and Mm 205,,Not a Collision with Motor Vehicle,1,Clear,Dry,Dusk
2022-01-03T21:12:00.000,I 75,I 75 and Mm 205,,Rear End,2,Clear,Dry,Dark-Not Lighted
2022-06-01T10:20:00.000,I 75,I 75 and Mm 205,,Sideswipe-Same Direction,2,Clear,Dry,Daylight
2022-07-17T22:15:00.000,I 75,I 75 and Mm 205,,Sideswipe-Same Direction,2,Clear,Dry,Dark-Not Lighted
2022-01-12T06:43:00.000,I 75,I 75 and Mm 205,,Angle Crash,4,Clear,Dry,Dark-Not Lighted
2023-11-21T03:07:00.000,I 75,I 75 and Mm 205,,Sideswipe-Same Direction,2,Clear,Wet,Daylight
2024-09-18T06:29:00.000,I 75,I 75 and Mm 205,,Angle Crash,2,Clear,Dry,Dark-Not Lighted
2024-01-25T16:25:00.000,I 75,I 75 and Mm 205,,Not a Collision with Motor Vehicle,1,Clear,Dry,Daylight
2024-01-06T09:20:00.000,I 75,I 75 and Mm 205,,Sideswipe-Same Direction,2,Cloudy,Wet,Daylight
2024-04-24T16:23:00.000,I 75,I 75 and Mm 205,,Rear End,2,Clear,Dry,Daylight
2023-11-21T11:55:00.000,I 75,I 75 and Mm 205,,Rear End,2,Cloudy,Wet,Daylight
2024-12-21T21:50:00.000,I 75,I 75 and Mm 205,,Angle Crash,3,Clear,Dry,Dark-Lighted
2024-10-04T12:41:00.000,I 75,I 75 and Mm 205,,Rear End,2,Cloudy,Dry,Daylight
2024-12-24T21:30:00.000,I 75,I 75 and Mm 205,,Sideswipe-Same Direction,2,Clear,Dry,Dark-Not Lighted
2024-08-07T14:25:00.000,I 75,I 75 and Mm 205,,Rear End,3,Cloudy,Dry,Daylight
2024-10-11T11:47:00.000,I 75,I 75 and Mm 205,,Rear End,2,Clear,Dry,Daylight
2021-03-28T16:58:00.000,I 75,I 75 and Mm 204,,Rear End,4,Cloudy,Wet,Daylight
2023-01-02T10:38:00.000,I 75,I 75 and Mm 204,,Rear End,2,Cloudy,Dry,Daylight
2023-10-29T11:30:00.000,I 75,I 75 and Mm 204,,Rear End,2,Clear,Dry,Daylight
2023-08-20T13:50:00.000,I 75,I 75 and Mm 204,,Rear End,2,Clear,Dry,Daylight
2020-09-04T13:38:00.000,I 75,I 75 and Mm 204,,Sideswipe-Same Direction,2,Clear,Dry,Daylight
2021-06-19T11:25:00.000,I 75,I 75 and Mm 204,,Rear End,3,Rain,Wet,Daylight
2021-04-16T11:45:00.000,I 75,I 75 and Mm 204,,Rear End,2,Cloudy,Dry,Daylight
2022-08-15T02:20:00.000,I 75,I 75 and Mm 204,,Not a Collision with Motor Vehicle,1,Clear,Dry,Dark-Not Lighted
2022-08-11T06:35:00.000,I 75,I 75 and Mm 204,,Rear End,2,Clear,Dry,Dawn
2024-06-17T17:14:00.000,I 75,I 75 and Mm 204,,Rear End,3,Clear,Dry,Daylight
2024-12-28T14:24:00.000,I 75,I 75 and Mm 204,,Not a Collision with Motor Vehicle,1,Cloudy,Wet,Daylight
2023-11-21T14:31:00.000,I 75,I 75 and Mm 204,,Rear End,3,Rain,Wet,Daylight
2024-07-28T13:44:00.000,I 75,I 75 and Mm 204,,Rear End,2,Cloudy,Wet,Daylight
2021-06-01T09:34:00.000,I 75,I 75 and Mm 203,,Not a Collision with Motor Vehicle,2,Clear,Dry,Daylight
2021-12-31T10:39:00.000,I 75,I 75 and Mm 203,,Rear End,2,Cloudy,Dry,Daylight
2023-11-26T17:40:00.000,I 75,I 75 and Mm 203,,Rear End,2,Rain,Wet,Dark-Not Lighted
2022-08-19T18:19:00.000,I 75,I 75 and Mm 203,,Not a Collision with Motor Vehicle,1,Rain,Wet,Daylight
2020-11-20T13:00:00.000,I 75,I 75 and Mm 203,,Rear End,2,Clear,Dry,Daylight
2021-02-05T19:43:00.000,I 75,I 75 and Mm 203,,Sideswipe-Same Direction,2,Clear,Dry,Dark-Not Lighted
2022-01-11T04:00:00.000,I 75,I 75 and Mm 203,,Sideswipe-Same Direction,2,Clear,Dry,Dark-Not Lighted
2022-12-21T11:05:00.000,I 75,I 75 and Mm 203,,Rear End,2,Cloudy,Dry,Daylight
2024-05-27T19:31:00.000,I 75,I 75 and Mm 203,,Sideswipe-Same Direction,2,Rain,Wet,Daylight
2023-11-26T19:00:00.000,I 75,I 75 and Mm 203,,Rear End,2,Rain,Wet,Dark-Not Lighted
2023-04-07T13:48:00.000,I 75,I 75 and Mm 203,,Not a Collision with Motor Vehicle,2,Clear,Dry,Daylight
2023-11-26T02:15:00.000,I 75,I 75 and Mm 203,,Rear End,2,Rain,Wet,Daylight
2024-06-29T18:29:00.000,I 75,I 75 and Mm 203,,Angle Crash,2,Rain,Wet,Daylight
2024-10-07T06:05:00.000,I 75,I 75 and Mm 203,,Not a Collision with Motor Vehicle,1,Clear,Dry,Dark-Not Lighted
2024-08-11T06:34:00.000,I 75,I 75 and Mm 203,,Not a Collision with Motor Vehicle,1,Clear,Dry,Daylight
2024-06-17T23:05:00.000,I 75,I 75 and Mm 203,,Angle Crash,2,Clear,Dry,Dark-Not Lighted
2024-10-07T06:06:00.000,I 75,I 75 and Mm 203,,Sideswipe-Same Direction,2,Clear,Dry,Dark-Not Lighted
2024-10-08T11:54:00.000,I 75,I 75 and Mm 203,,Rear End,3,Clear,Dry,Daylight
2024-03-09T16:05:00.000,I 75,I 75 and Mm 203,,Not a Collision with Motor Vehicle,1,Cloudy,Dry,Daylight
2024-04-24T16:14:00.000,I 75,I 75 and Mm 203,,Angle Crash,2,Cloudy,Dry,Daylight
2021-04-06T22:15:00.000,I 75,I 75 and Mm 202,,Rear End,2,Clear,Dry,Dark-Not Lighted
2021-06-20T16:56:00.000,I 75,I 75 and Mm 202,,Rear End,2,Cloudy,Dry,Daylight
2023-02-21T05:45:00.000,I 75,I 75 and Mm 202,,Sideswipe-Same Direction,2,Cloudy,Dry,Dark-Not Lighted
2020-08-30T20:50:00.000,I 75,I 75 and Mm 202,,Rear End,3,Cloudy,Wet,Dark-Not Lighted
2021-06-20T15:05:00.000,I 75,I 75 and Mm 202,,Not a Collision with Motor Vehicle,1,Rain,Wet,Daylight
2022-06-13T18:29:00.000,I 75,I 75 and Mm 202,,Sideswipe-Same Direction,3,Clear,Dry,Daylight
2022-04-08T08:25:00.000,I 75,I 75 and Mm 202,,Rear End,3,Clear,Dry,Daylight
2022-01-06T18:00:00.000,I 75,I 75 and Mm 202,,Sideswipe-Same Direction,2,Clear,Dry,Dark-Not Lighted
2022-02-28T11:56:00.000,I 75,I 75 and Mm 202,,Sideswipe-Same Direction,2,Clear,Dry,Daylight
2023-10-08T20:23:00.000,I 75,I 75 and Mm 202,,Sideswipe-Same Direction,2,Clear,Dry,Dark-Not Lighted
2024-06-12T23:08:00.000,I 75,I 75 and Mm 202,,Angle Crash,2,Clear,Dry,Dark-Lighted
2024-10-08T07:10:00.000,I 75,I 75 and Mm 202,,Sideswipe-Same Direction,2,Clear,Dry,Dawn
2024-03-17T16:50:00.000,I 75,I 75 and Mm 202,,Rear End,3,Rain,Wet,Daylight
2024-10-08T06:20:00.000,I 75,I 75 and Mm 202,,Rear End,3,Clear,Dry,Dark-Not Lighted
2023-04-24T19:55:00.000,I 75,I 75 and Mm 201 Exit Rp,,Not a Collision with Motor Vehicle,1,Clear,Dry,Dusk
2021-06-19T13:20:00.000,I 75,I 75 and Mm 201,,Angle Crash,2,Rain,Wet,Daylight
2021-02-05T19:20:00.000,I 75,I 75 and Mm 201,,Angle Crash,2,Clear,Dry,Dark-Not Lighted
2021-10-04T22:42:00.000,I 75,I 75 and Mm 201,,Sideswipe-Same Direction,2,Clear,Dry,Dark-Not Lighted
2023-06-08T17:35:00.000,I 75,I 75 and Mm 201,,Rear End,3,Clear,Dry,Daylight
2023-07-09T15:59:00.000,I 75,I 75 and Mm 201,,Rear End,3,Clear,Dry,Daylight
2023-03-18T09:45:00.000,I 75,I 75 and Mm 201,,Sideswipe-Same Direction,3,Clear,Dry,Daylight
2020-06-28T22:20:00.000,I 75,I 75 and Mm 201,,(None),2,(None),(None),(None)
2020-02-16T15:30:00.000,I 75,I 75 and Mm 201,,Rear End,2,Rain,Wet,Daylight
2020-09-02T05:54:00.000,I 75,I 75 and Mm 201,,Sideswipe-Same Direction,3,Cloudy,Dry,Dusk
2020-08-23T18:42:00.000,I 75,I 75 and Mm 201,,Sideswipe-Same Direction,2,Clear,Dry,Daylight
2020-02-16T15:10:00.000,I 75,I 75 and Mm 201,,Rear End,2,Rain,Wet,Daylight
2020-02-20T17:19:00.000,I 75,I 75 and Mm 201,,Rear End,2,Rain,Wet,Daylight
2022-04-05T14:30:00.000,I 75,I 75 and Mm 201,,Sideswipe-Same Direction,2,Rain,Wet,Daylight
2022-02-28T13:48:00.000,I 75,I 75 and Mm 201,,Rear End,2,Clear,Dry,Daylight
2022-06-23T18:25:00.000,I 75,I 75 and Mm 201,,Not a Collision with Motor Vehicle,1,Clear,Dry,Daylight
2022-11-27T18:02:00.000,I 75,I 75 and Mm 201,,Sideswipe-Same Direction,2,Clear,Dry,Dark-Lighted
2024-03-15T23:54:00.000,I 75,I 75 and Mm 201,,Head On,2,Clear,Dry,Dark-Not Lighted
2024-09-08T17:34:00.000,I 75,I 75 and Mm 201,,Sideswipe-Same Direction,2,Cloudy,Dry,Daylight
2023-08-24T21:45:00.000,I 75,I 75 and Mm 201,,Sideswipe-Same Direction,2,Clear,Dry,Dark-Not Lighted
2024-11-10T06:01:00.000,I 75,I 75 and Mm 201,,Rear End,2,Rain,Wet,Dark-Not Lighted
2024-10-13T19:46:00.000,I 75,I 75 and Mm 201,,Rear End,2,Clear,Dry,Dark-Not Lighted
2024-10-04T14:45:00.000,I 75,I 75 and Mm 201,,Not a Collision with Motor Vehicle,1,Clear,Dry,Daylight
2024-01-29T11:54:00.000,I 75,I 75 and Mm 201,,Rear End,2,Clear,Dry,Daylight
2024-06-17T18:07:00.000,I 75,I 75 and Mm 201,,Rear End,2,Clear,Dry,Daylight
2024-11-30T18:30:00.000,I 75,I 75 and Mm 201,,Sideswipe-Same Direction,2,Clear,Dry,Dark-Lighted
2024-10-08T18:26:00.000,I 75,I 75 and Mm 201,,Sideswipe-Same Direction,2,Clear,Dry,Daylight
2024-07-28T01:01:00.000,I 75,I 75 and Mm 201,,Sideswipe-Same Direction,2,Cloudy,Dry,Dark-Not Lighted
2020-11-29T18:55:00.000,I 75,I 75 and Mm 200,,Sideswipe-Same Direction,2,Rain,Wet,Dark-Not Lighted
2023-12-27T11:55:00.000,I 75,I 75 and Mm 200,,Rear End,2,Clear,Dry,Daylight
2023-09-11T23:22:00.000,I 75,I 75 and Mm 200,,Sideswipe-Same Direction,2,Clear,Dry,Dark-Not Lighted
2023-04-09T17:00:00.000,I 75,I 75 and Mm 200,,Rear End,2,Clear,Dry,Daylight
2020-09-25T10:37:00.000,I 75,I 75 and Mm 200,,Not a Collision with Motor Vehicle,1,Cloudy,Dry,Daylight
2020-09-18T14:58:00.000,I 75,I 75 and Mm 200,,Sideswipe-Same Direction,2,Clear,Dry,Dark-Not Lighted
2020-11-11T05:10:00.000,I 75,I 75 and Mm 200,,Rear End,3,Cloudy,Wet,Dark-Not Lighted
2020-11-29T18:50:00.000,I 75,I 75 and Mm 200,,Sideswipe-Same Direction,2,Rain,Wet,Dark-Not Lighted
2020-09-27T21:50:00.000,I 75,I 75 and Mm 200,,Rear End,2,Clear,Dry,Dark-Lighted
2022-11-11T05:46:00.000,I 75,I 75 and Mm 200,,Not a Collision with Motor Vehicle,1,Rain,Wet,Dark-Not Lighted
2023-03-31T09:05:00.000,I 75,I 75 and Mm 200,,Not a Collision with Motor Vehicle,1,Clear,Dry,Daylight
2024-07-16T13:01:00.000,I 75,I 75 and Mm 200,,Not a Collision with Motor Vehicle,1,Clear,Dry,Daylight
2024-06-09T15:10:00.000,I 75,I 75 and Mm 200,,Not a Collision with Motor Vehicle,1,Clear,Dry,Daylight
2024-09-04T21:01:00.000,I 75,I 75 and Mm 200,,Sideswipe-Same Direction,2,Clear,Dry,Dark-Not Lighted
2024-12-11T08:20:00.000,I 75,I 75 and Mm 20,,Rear End,2,Rain,Wet,Daylight
2021-03-30T17:30:00.000,I 75,I 75 and Mm 199,,Rear End,2,Clear,Dry,Daylight
2021-07-02T13:45:00.000,I 75,I 75 and Mm 199,,Rear End,2,Cloudy,Wet,Daylight
2021-12-16T03:20:00.000,I 75,I 75 and Mm 199,,Sideswipe-Same Direction,2,Clear,Dry,Dark-Not Lighted
2020-10-02T22:05:00.000,I 75,I 75 and Mm 199,,Rear End,3,Clear,Dry,Dark-Not Lighted
2020-12-16T04:25:00.000,I 75,I 75 and Mm 199,,Rear End,2,Rain,Wet,Dark-Not Lighted
2020-02-23T18:10:00.000,I 75,I 75 and Mm 199,,Not a Collision with Motor Vehicle,1,Cloudy,Dry,Dusk
2020-01-14T13:50:00.000,I 75,I 75 and Mm 199,,Not a Collision with Motor Vehicle,1,Rain,Wet,Daylight
2021-07-02T13:45:00.000,I 75,I 75 and Mm 199,,Rear End,2,Cloudy,Wet,Daylight
2022-05-12T03:35:00.000,I 75,I 75 and Mm 199,,Rear End,2,Clear,Dry,Dark-Not Lighted
2023-03-11T02:20:00.000,I 75,I 75 and Mm 199,,Sideswipe-Same Direction,2,Clear,Dry,Dark-Not Lighted
2024-11-10T00:54:00.000,I 75,I 75 and Mm 199,,Rear End,2,Cloudy,Wet,Dark-Not Lighted
2024-06-04T15:19:00.000,I 75,I 75 and Mm 199,,Angle Crash,2,Rain,Wet,Daylight
2021-10-01T20:20:00.000,I 75,I 75 and Mm 198,,Not a Collision with Motor Vehicle,1,Clear,Dry,Dark-Not Lighted
2021-04-05T17:05:00.000,I 75,I 75 and Mm 198,,Angle Crash,2,Clear,Dry,Daylight
2023-05-04T13:27:00.000,I 75,I 75 and Mm 198,,Sideswipe-Same Direction,2,Clear,Dry,Daylight
2021-11-02T16:37:00.000,I 75,I 75 and Mm 198,,Sideswipe-Same Direction,2,Clear,Dry,Daylight
2021-11-19T14:53:00.000,I 75,I 75 and Mm 198,,Rear End,2,Clear,Dry,Daylight
2022-02-09T19:40:00.000,I 75,I 75 and Mm 198,,Sideswipe-Same Direction,2,Clear,Dry,Dark-Not Lighted
2023-04-09T18:00:00.000,I 75,I 75 and Mm 198,,Rear End,2,Clear,Dry,Daylight
2020-02-28T14:50:00.000,I 75,I 75 and Mm 191,,Rear End,2,Clear,Dry,Daylight
2023-04-25T17:15:00.000,I 75,I 75 and Mm 189,,Sideswipe-Same Direction,2,Clear,Dry,Daylight
2024-08-23T13:22:00.000,I 75,I 75 and Mm 189,,Rear End,2,Clear,Dry,Daylight
2024-03-01T14:25:00.000,I 75,I 75 and Mm 188 On Rp,,Sideswipe-Same Direction,2,Rain,Wet,Daylight
2020-07-25T14:40:00.000,I 75,I 75 and Mm 188,,Not a Collision with Motor Vehicle,1,Rain,Wet,Daylight
2023-10-12T02:53:00.000,I 75,I 75 and Mm 188,,Not a Collision with Motor Vehicle,1,Rain,Wet,Dark-Not Lighted
2024-02-05T18:43:00.000,I 75,I 75 and Mm 188,,Sideswipe-Same Direction,2,Clear,Dry,Dark-Lighted
2024-07-24T20:09:00.000,I 75,I 75 and Mm 188,,Not a Collision with Motor Vehicle,1,Rain,Wet,Daylight
2024-09-26T22:19:00.000,I 75,I 75 and Mm 187,,Not a Collision with Motor Vehicle,1,Rain,Wet,Dark-Lighted
2023-11-05T02:15:00.000,I 75,I 75 and Mm 186,,Not a Collision with Motor Vehicle,1,Clear,Dry,Dark-Not Lighted
2024-09-26T14:40:00.000,I 75,I 75 and Mm 186,,Angle Crash,2,Rain,Wet,Daylight
2024-11-29T13:05:00.000,I 75,I 75 and Mm 186,,Sideswipe-Same Direction,2,Clear,Dry,Daylight
2020-02-14T20:47:00.000,I 75,I 75 and Mm 185,,Rear End,2,Clear,Dry,Dark-Lighted
2020-02-07T07:27:00.000,I 75,I 75 and Mm 184,,Angle Crash,3,Cloudy,Wet,Daylight
2024-10-10T14:18:00.000,I 75,I 75 and Mm 184,,Sideswipe-Same Direction,2,Clear,Dry,Daylight
2024-08-20T09:15:00.000,I 75,I 75 and Mm 183,,Not a Collision with Motor Vehicle,1,Clear,Dry,Daylight
2020-09-17T08:30:00.000,I 75,I 75 and Mm 181,,Not a Collision with Motor Vehicle,1,Rain,Wet,Daylight
2020-02-25T13:26:00.000,I 75,I 75 and Mm 180,,Not a Collision with Motor Vehicle,1,Cloudy,Dry,Daylight
2023-10-11T03:30:00.000,I 75,I 75 and Mm 18,,Not a Collision with Motor Vehicle,1,Clear,Dry,Dark-Not Lighted
2021-01-20T15:30:00.000,I 75,I 75 and Mm 18,,Not a Collision with Motor Vehicle,2,Clear,Dry,Daylight
2021-02-26T01:05:00.000,I 75,I 75 and Mm 18,,Not a Collision with Motor Vehicle,1,Clear,Dry,Dark-Lighted
2022-03-14T09:33:00.000,I 75,I 75 and Mm 179,,Sideswipe-Same Direction,2,Clear,Dry,Daylight
2020-06-21T20:15:00.000,I 75,I 75 and Mm 178,,Not a Collision with Motor Vehicle,1,Rain,Wet,Daylight
2023-03-23T06:52:00.000,I 75,I 75 and Mm 177,,Rear End,2,Clear,Dry,Dark-Not Lighted
2024-08-21T07:41:00.000,I 75,I 75 and Mm 173.5,,Rear End,2,Clear,Dry,Daylight
2024-05-22T21:38:00.000,I 75,I 75 and Mm 173,,Sideswipe-Same Direction,2,Clear,Dry,Dark-Not Lighted
2022-09-12T20:58:00.000,I 75,I 75 and Mm 172,,Sideswipe-Same Direction,2,Clear,Dry,Dark-Lighted
2024-10-24T13:46:00.000,I 75,I 75 and Mm 171,,Sideswipe-Same Direction,2,Clear,Dry,Daylight
2023-10-12T06:06:00.000,I 75,I 75 and Mm 170,,Not a Collision with Motor Vehicle,1,Rain,Wet,Dark-Lighted
2020-07-30T16:40:00.000,I 75,I 75 and Mm 17,,Not a Collision with Motor Vehicle,1,Rain,Wet,Daylight
2021-06-17T12:41:00.000,I 75,I 75 and Mm 17,,Not a Collision with Motor Vehicle,1,Clear,Dry,Daylight
2021-07-08T16:40:00.000,I 75,I 75 and Mm 17,,Sideswipe-Same Direction,2,Clear,Dry,Daylight
2020-12-12T21:02:00.000,I 75,I 75 and Mm 167,,Rear End,1,Cloudy,Dry,Dark-Lighted
2020-04-24T22:00:00.000,I 75,I 75 and Mm 167,,Rear End,3,Clear,Dry,Dark-Lighted
2020-04-15T17:35:00.000,I 75,I 75 and Mm 166,,Rear End,2,Clear,Dry,Daylight
2020-04-15T17:35:00.000,I 75,I 75 and Mm 166,,Rear End,2,Clear,Dry,Daylight
2021-11-14T02:40:00.000,I 75,I 75 and Mm 165,,Not a Collision with Motor Vehicle,1,Clear,Dry,Dark-Not Lighted
2021-11-14T02:40:00.000,I 75,I 75 and Mm 165,,Not a Collision with Motor Vehicle,1,Clear,Dry,Dark-Not Lighted
2022-11-19T13:25:00.000,I 75,I 75 and Mm 165,,Rear End,2,Clear,Dry,Daylight
2021-11-14T02:40:00.000,I 75,I 75 and Mm 165,,Not a Collision with Motor Vehicle,1,Clear,Dry,Dark-Not Lighted
2021-02-28T01:42:00.000,I 75,I 75 and Mm 162,,Sideswipe-Same Direction,2,Clear,Dry,Dark-Not Lighted
2021-09-06T14:27:00.000,I 75,I 75 and Mm 162,,Angle Crash,2,Clear,Dry,Daylight
2021-09-07T00:00:00.000,I 75,I 75 and Mm 160,,Angle Crash,2,Clear,Dry,Dark-Not Lighted
2020-12-22T18:40:00.000,I 75,I 75 and Mm 16,,Not a Collision with Motor Vehicle,3,Clear,Dry,Dark-Not Lighted
2020-08-11T17:40:00.000,I 75,I 75 and Mm 16,,Not a Collision with Motor Vehicle,1,Severe Thunderstorm or Tornadic,Wet,Daylight
2021-05-12T15:10:00.000,I 75,I 75 and Mm 16,,Sideswipe-Same Direction,2,Cloudy,Dry,Daylight
2023-11-11T20:54:00.000,I 75,I 75 and Mm 16,,Angle Crash,2,Clear,Dry,Dark-Lighted
2021-08-17T23:24:00.000,I 75,I 75 and Mm 156,,Rear End,2,Clear,Dry,Dark-Lighted
2022-09-14T06:30:00.000,I 75,I 75 and Mm 156,,Not a Collision with Motor Vehicle,2,Clear,Dry,Daylight
2024-10-05T22:00:00.000,I 75,I 75 and Mm 156,,Rear End,2,Clear,Dry,Dark-Not Lighted
2021-06-07T16:55:00.000,I 75,I 75 and Mm 155,,Not a Collision with Motor Vehicle,1,Rain,Wet,Daylight
2022-09-22T13:00:00.000,I 75,I 75 and Mm 155,,Sideswipe-Same Direction,2,Clear,Dry,Daylight
2021-08-28T17:56:00.000,I 75,I 75 and Mm 154,,Rear End,2,Cloudy,Dry,Daylight