Date and Time,Roadway (From Crash Report),Intersection Name (from Crash Report),KABCO Severity,Manner of Collision (Crash Level) ,# of Vehicles per crash ,Weather Conditions (Crash Level),Surface Condition (Crash Level) ,Light Conditions (Crash Level)
2022-11-10T19:20:00.000,I 75,I 75 and Mlk Jr Dr,,Rear End,2,Rain,Wet,Dark-Lighted
2022-07-15T18:35:00.000,I 75,I 75 and Mlk Jr Dr,,Rear End,2,Cloudy,Dry,Daylight
2022-03-28T07:00:00.000,I 75,I 75 and Mlk Jr Dr,,Rear End,2,Clear,Dry,Daylight
2022-02-25T17:35:00.000,I 75,I 75 and Mlk Jr Dr,,Rear End,2,Clear,Dry,Daylight
2022-03-07T16:27:00.000,I 75,I 75 and Mlk Jr Dr,,Rear End,2,Rain,Wet,Daylight
2022-01-20T18:35:00.000,I 75,I 75 and Mlk Jr Dr,,Rear End,2,Cloudy,Wet,Dark-Lighted
2022-03-25T07:34:00.000,I 75,I 75 and Mlk Jr Dr,,Rear End,3,Clear,Dry,Daylight
2023-07-09T19:35:00.000,I 75,I 75 and Mlk Jr Dr,,Rear End,2,Clear,Dry,Daylight
2023-04-11T16:10:00.000,I 75,I 75 and Mlk Jr Dr,,Sideswipe-Same Direction,2,Clear,Dry,Daylight
2024-11-01T15:00:00.000,I 75,I 75 and Mlk Jr Dr,,Sideswipe-Same Direction,2,Clear,Dry,Daylight
2024-12-10T06:49:00.000,I 75,I 75 and Mlk Jr Dr,,Sideswipe-Same Direction,2,Cloudy,Wet,Dark-Lighted
2024-02-29T08:00:00.000,I 75,I 75 and Mlk Jr Dr,,Rear End,2,Cloudy,Dry,Daylight
2024-11-01T16:02:00.000,I 75,I 75 and Mlk Jr Dr,,Sideswipe-Same Direction,2,Clear,Dry,Daylight
2024-11-26T16:05:00.000,I 75,I 75 and Mlk Jr Dr,,Sideswipe-Same Direction,2,Clear,Dry,Daylight
2024-12-31T15:59:00.000,I 75,I 75 and Mlk Jr Dr,,Rear End,2,Clear,Dry,Daylight
2024-10-31T16:00:00.000,I 75,I 75 and Mlk Jr Dr,,Rear End,2,Clear,Dry,Daylight
2024-04-30T12:35:00.000,I 75,I 75 and Mlk Jr Dr,,Rear End,2,Rain,Wet,Daylight
2024-11-19T19:39:00.000,I 75,I 75 and Mlk Jr Dr,,Sideswipe-Same Direction,2,Rain,Wet,Dark-Not Lighted
2023-12-18T00:00:00.000,I 75,I 75 and Mlk Jr Dr,,Sideswipe-Same Direction,2,Clear,Dry,Dark-Lighted
2023-06-09T11:13:00.000,I 75,I 75 and Mlk Jr Dr,,Sideswipe-Same Direction,2,Clear,Dry,Daylight
2023-06-29T14:29:00.000,I 75,I 75 and Mlk Jr Dr,,Sideswipe-Same Direction,2,Clear,Dry,Daylight
2023-10-09T18:27:00.000,I 75,I 75 and Mlk Jr Dr,,Rear End,2,Clear,Dry,Daylight
2023-03-14T13:48:00.000,I 75,I 75 and Mlk Jr Dr,,Sideswipe-Same Direction,2,Clear,Dry,Daylight
2023-05-19T14:15:00.000,I 75,I 75 and Mlk Jr Dr,,Rear End,2,Clear,Dry,Daylight
2023-12-05T17:05:00.000,I 75,I 75 and Mlk Jr Dr,,Sideswipe-Same Direction,2,Cloudy,Dry,Daylight
2023-09-11T09:30:00.000,I 75,I 75 and Mlk Jr Dr,,Rear End,2,Clear,Dry,Daylight
2023-04-28T19:12:00.000,I 75,I 75 and Mlk Jr Dr,,Rear End,2,Clear,Dry,Daylight
2024-03-18T07:35:00.000,I 75,I 75 and Mlk Jr Dr,,Sideswipe-Same Direction,2,Clear,Dry,Daylight
2024-08-05T16:17:00.000,I 75,I 75 and Mlk Jr Dr,,Rear End,2,Clear,Dry,Daylight
2024-01-01T14:42:00.000,I 75,I 75 and Mlk Jr Dr,,Sideswipe-Same Direction,2,Clear,Dry,Daylight
2024-05-14T12:10:00.000,I 75,I 75 and Mlk Jr Dr,,Rear End,3,Cloudy,Wet,Daylight
2024-03-19T11:35:00.000,I 75,I 75 and Mlk Jr Dr,,Sideswipe-Same Direction,3,Clear,Dry,Daylight
2024-04-08T13:54:00.000,I 75,I 75 and Mlk Jr Dr,,Rear End,2,Clear,Dry,Daylight
2024-06-21T15:47:00.000,I 75,I 75 and Mlk Jr Dr,,Sideswipe-Same Direction,2,Clear,Dry,Daylight
2024-04-30T12:45:00.000,I 75,I 75 and Mlk Jr Dr,,Rear End,2,Rain,Wet,Daylight
2024-05-14T12:10:00.000,I 75,I 75 and Mlk Jr Dr,,Rear End,2,Cloudy,Wet,Daylight
2024-07-19T18:02:00.000,I 75,I 75 and Mlk Jr Dr,,Rear End,2,Cloudy,Dry,Daylight
2024-01-01T15:42:00.000,I 75,I 75 and Mlk Jr Dr,,Rear End,3,Clear,Dry,Daylight
2024-08-05T06:11:00.000,I 75,I 75 and Mlk Jr Dr,,Sideswipe-Same Direction,4,Clear,Dry,Daylight
2024-12-27T18:50:00.000,I 75,I 75 and Mlk Jr Dr,,Angle Crash,2,Rain,Wet,Dark-Not Lighted
2024-09-26T16:39:00.000,I 75,I 75 and Mlk Jr Dr,,Rear End,2,Rain,Wet,Daylight
2024-11-07T10:08:00.000,I 75,I 75 and Mlk Jr Dr,,Sideswipe-Same Direction,2,Cloudy,Dry,Daylight
2024-05-17T16:48:00.000,I 75,I 75 and Mlk Jr Dr,,Sideswipe-Same Direction,2,Cloudy,Dry,Daylight
2024-06-11T11:32:00.000,I 75,I 75 and Mlk Jr Dr,,Rear End,2,Clear,Dry,Daylight
2024-01-23T15:35:00.000,I 75,I 75 and Mlk Jr Dr,,Rear End,3,Cloudy,Dry,Daylight
2024-01-25T15:56:00.000,I 75,I 75 and Mlk Jr Dr,,Rear End,2,Cloudy,Wet,Daylight
2024-08-30T17:39:00.000,I 75,I 75 and Mlk Jr Dr,,Sideswipe-Same Direction,2,Cloudy,Dry,Daylight
2024-07-12T14:00:00.000,I 75,I 75 and Mlk Jr Dr,,Rear End,3,Clear,Dry,Daylight
2024-03-19T13:16:00.000,I 75,I 75 and Mlk Jr Dr,,Rear End,2,Clear,Dry,Daylight
2024-04-12T15:45:00.000,I 75,I 75 and Mlk Jr Dr,,Sideswipe-Same Direction,2,Clear,Dry,Daylight
2024-01-19T16:35:00.000,I 75,I 75 and Mlk Jr Dr,,Sideswipe-Same Direction,2,Clear,Dry,Daylight
2024-08-05T06:11:00.000,I 75,I 75 and Mlk Jr Dr,,Rear End,2,Cloudy,Dry,Dark-Lighted
2023-08-13T21:02:00.000,I 75,I 75 and Mlk Jr Blvd,,Rear End,3,Clear,Dry,Dark-Lighted
2022-01-07T12:30:00.000,I 75,I 75 and Mlk Jr Blvd,,Rear End,3,Clear,Dry,Daylight
2023-05-22T12:45:00.000,I 75,I 75 and Mlk Jr Blvd,,Sideswipe-Same Direction,2,Rain,Wet,Daylight
2020-08-25T18:08:00.000,I 75,I 75 and Mlk Jr,,Rear End,2,Rain,Wet,Daylight
2021-12-23T14:58:00.000,I 75,I 75 and Mlk Drive Opas,,Angle Crash,2,Clear,Dry,Daylight
2022-08-29T16:41:00.000,I 75,I 75 and Mlk Drive Opas,,Angle Crash,2,Clear,Dry,Daylight
2024-06-12T16:26:00.000,I 75,I 75 and Mlk Drive Opas,,Rear End,2,Cloudy,Dry,Daylight
2022-10-04T18:35:00.000,I 75,I 75 and Mlk Drive On Rp,,Sideswipe-Same Direction,2,Clear,Dry,Daylight
2023-01-15T12:26:00.000,I 75,I 75 and Mlk Dr,,Rear End,2,Clear,Dry,Daylight
2023-01-20T13:15:00.000,I 75,I 75 and Mlk Dr,,Rear End,2,Clear,Dry,Daylight
2024-02-13T07:45:00.000,I 75,I 75 and Mlk Dr,,Rear End,2,Clear,Dry,Daylight
2023-01-19T23:10:00.000,I 75,I 75 and Mlk Blvd.,,Not a Collision with Motor Vehicle,1,Clear,Dry,Dark-Lighted
2023-04-30T21:15:00.000,I 75,I 75 and Mlk Blvd,,Rear End,3,Clear,Dry,Dark-Lighted
2023-02-09T16:15:00.000,I 75,I 75 and Mlk Blvd,,Sideswipe-Same Direction,2,Cloudy,Dry,Daylight
2023-02-21T18:25:00.000,I 75,I 75 and Mlk Blvd,,Rear End,2,Cloudy,Dry,Dusk
2021-12-22T12:00:00.000,I 75,I 75 and Mlk Blvd,,Rear End,2,Clear,Dry,Daylight
2022-05-03T18:25:00.000,I 75,I 75 and Mlk Blvd,,Sideswipe-Same Direction,2,Clear,Dry,Daylight
2022-09-26T12:35:00.000,I 75,I 75 and Mlk Blvd,,Rear End,2,Clear,Dry,Daylight
2023-01-17T17:00:00.000,I 75,I 75 and Mlk Blvd,,Rear End,2,Clear,Dry,Daylight
2024-03-01T17:28:00.000,I 75,I 75 and Mlk Blvd,,Rear End,2,Rain,Wet,Daylight
2024-03-07T13:15:00.000,I 75,I 75 and Mlk Blvd,,Rear End,2,Clear,Dry,Daylight
2024-07-09T19:00:00.000,I 75,I 75 and Mlk Blvd,,Sideswipe-Same Direction,2,Clear,Dry,Daylight
2021-10-14T19:31:00.000,I 75,I 75 and Ml King Jr Dr,,Rear End,2,Clear,Dry,Dark-Lighted
2021-12-06T18:00:00.000,I 75,I 75 and Ml King Jr Dr,,Sideswipe-Same Direction,2,Cloudy,Wet,Dark-Lighted
2021-12-06T19:45:00.000,I 75,I 75 and Ml King Jr Dr,,Angle Crash,3,Cloudy,Wet,Dark-Lighted
2022-12-11T17:15:00.000,I 75,I 75 and Ml King Jr Dr,,Sideswipe-Same Direction,2,Rain,Wet,Dark-Lighted
2023-03-09T11:41:00.000,I 75,I 75 and Ml King Jr Dr,,Rear End,3,Cloudy,Dry,Daylight
2023-01-09T16:10:00.000,I 75,I 75 and Ml King Dr,,Rear End,2,Clear,Dry,Daylight
2023-05-29T16:40:00.000,I 75,I 75 and Ml King Dr,,Sideswipe-Same Direction,2,Cloudy,Dry,Daylight
2023-10-03T13:10:00.000,I 75,I 75 and Ml King Dr,,Rear End,3,Clear,Dry,Daylight
2022-10-05T15:00:00.000,I 75,I 75 and Mitchell St,,Sideswipe-Same Direction,2,Clear,Dry,Daylight
2023-02-03T08:20:00.000,I 75,I 75 and Mitchell St,,Rear End,2,Rain,Wet,Daylight
2023-06-25T15:50:00.000,I 75,I 75 and Mitchell St,,Sideswipe-Same Direction,2,Clear,Dry,Daylight
2023-05-20T10:53:00.000,I 75,I 75 and Mitchell St,,Angle Crash,2,Clear,Dry,Daylight
2024-02-27T20:10:00.000,I 75,I 75 and Mitchell St,,Sideswipe-Same Direction,2,Clear,Dry,Dark-Not Lighted
2024-07-06T08:33:00.000,I 75,I 75 and Mitchell St,,Rear End,2,Clear,Dry,Daylight
2023-09-25T17:15:00.000,I 75,I 75 and Mim 248    Decatur St,,Rear End,2,Clear,Dry,Daylight
2022-09-22T14:15:00.000,I 75,I 75 and Milk Jr Dr,,Rear End,2,Clear,Dry,Daylight
2020-02-06T08:02:00.000,I 75,I 75 and Miler Marker 290,,Not a Collision with Motor Vehicle,1,Rain,Wet,Daylight
2020-03-12T20:07:00.000,I 75,I 75 and Milepost 341,,(None),2,(None),(None),(None)
2020-02-05T00:00:00.000,I 75,I 75 and Milepost 341,,Not a Collision with Motor Vehicle,1,Rain,Wet,Daylight
2022-10-05T14:01:00.000,I 75,I 75 and Milepost 172,,Sideswipe-Same Direction,2,Clear,Dry,Daylight
2020-08-05T15:16:00.000,I 75,I 75 and Milepost 170,,Not a Collision with Motor Vehicle,1,Cloudy,Wet,Daylight
2020-07-13T11:18:00.000,I 75,I 75 and Milepost 169,,Not a Collision with Motor Vehicle,2,Clear,Dry,Daylight
2022-07-20T11:22:00.000,I 75,I 75 and Milepost 168,,Sideswipe-Same Direction,2,Cloudy,Dry,Daylight
2020-08-25T15:41:00.000,I 75,I 75 and Milepost 167,,Not a Collision with Motor Vehicle,1,Cloudy,Dry,Daylight
2020-07-20T17:39:00.000,I 75,I 75 and Milepost 167,,Not a Collision with Motor Vehicle,1,Clear,Dry,Daylight
2020-07-24T15:52:00.000,I 75,I 75 and Milepost 167,,Rear End,2,Clear,Dry,Daylight
2021-02-04T16:44:00.000,I 75,I 75 and Milepost 163,,Not a Collision with Motor Vehicle,1,Cloudy,Dry,Daylight
2020-07-13T12:36:00.000,I 75,I 75 and Milepost 163,,Sideswipe-Same Direction,2,Clear,Dry,Daylight
2020-07-25T15:59:00.000,I 75,I 75 and Milepost 163,,Sideswipe-Same Direction,2,Cloudy,Dry,Daylight
2022-08-26T16:25:00.000,I 75,I 75 and Milepost 161,,Sideswipe-Same Direction,3,Rain,Wet,Daylight
2022-08-25T12:09:00.000,I 75,I 75 and Milepost 156,,Not a Collision with Motor Vehicle,1,Rain,Wet,Daylight
2022-08-22T15:27:00.000,I 75,I 75 and Milepost 155,,Not a Collision with Motor Vehicle,1,Rain,Wet,Daylight
2023-06-21T03:30:00.000,I 75,I 75 and Milemarker 200,,Sideswipe-Same Direction,1,Clear,Dry,Dark-Not Lighted
2022-01-02T18:50:00.000,I 75,I 75 and Milemarker 199,,Rear End,2,Clear,Wet,Dark-Not Lighted
2020-09-08T17:05:00.000,I 75,I 75 and Milemarker 164,,Rear End,2,Clear,Dry,Daylight
2022-08-17T15:40:00.000,I 75,I 75 and Milemarker 155,,Not a Collision with Motor Vehicle,1,Rain,Wet,Daylight
2022-05-04T15:46:00.000,I 75,I 75 and Mile Post 309,,Sideswipe-Same Direction,2,Clear,Dry,Daylight
2021-07-27T19:27:00.000,I 75,I 75 and Mile Post 2103,,Angle Crash,2,Rain,Wet,Daylight
2021-04-23T16:35:00.000,I 75,I 75 and Mile Post 2086,,Not a Collision with Motor Vehicle,1,Clear,Dry,Daylight
2020-11-19T15:07:00.000,I 75,I 75 and Mile Post 207,,Rear End,2,Clear,Dry,Daylight
2021-11-06T12:13:00.000,I 75,I 75 and Mile Post 205,,Not a Collision with Motor Vehicle,1,Clear,Dry,Daylight
2020-11-24T12:05:00.000,I 75,I 75 and Mile Post 205,,Rear End,3,Clear,Dry,Daylight
2020-03-26T06:50:00.000,I 75,I 75 and Mile Post 204,,Sideswipe-Same Direction,2,Clear,Dry,Daylight
2020-11-11T16:27:00.000,I 75,I 75 and Mile Post 203,,Rear End,2,Cloudy,Wet,Daylight
2022-02-28T12:34:00.000,I 75,I 75 and Mile Post 201,,Rear End,2,Clear,Dry,Daylight
2024-12-10T06:38:00.000,I 75,I 75 and Mile Post 200,,Rear End,2,Rain,Wet,Daylight
2022-02-05T07:45:00.000,I 75,I 75 and Mile Post 188,,Rear End,2,Clear,Dry,Daylight
2022-09-27T14:54:00.000,I 75,I 75 and Mile Post 172,,Rear End,2,Clear,Dry,Daylight
2021-08-07T14:09:00.000,I 75,I 75 and Mile Post 171,,Sideswipe-Same Direction,2,Cloudy,Dry,Daylight
2020-09-02T14:27:00.000,I 75,I 75 and Mile Post 170,,Not a Collision with Motor Vehicle,1,Cloudy,Dry,Daylight
2021-08-04T16:41:00.000,I 75,I 75 and Mile Post 170,,Rear End,2,Cloudy,Dry,Daylight
2020-11-18T16:24:00.000,I 75,I 75 and Mile Post 167,,Rear End,2,Clear,Dry,Daylight
2020-01-11T16:53:00.000,I 75,I 75 and Mile Post 167,,Angle Crash,4,Rain,Wet,Daylight
2022-10-24T15:26:00.000,I 75,I 75 and Mile Post 166,,Sideswipe-Same Direction,2,Clear,Dry,Daylight
2022-02-13T20:00:00.000,I 75,I 75 and Mile Post 165,,Not a Collision with Motor Vehicle,1,Clear,Dry,Dark-Not Lighted
2020-11-12T15:49:00.000,I 75,I 75 and Mile Post 164,,Rear End,4,Clear,Dry,Daylight
2020-06-29T11:19:00.000,I 75,I 75 and Mile Post 163,,Not a Collision with Motor Vehicle,2,Clear,Dry,Daylight
2020-08-08T14:07:00.000,I 75,I 75 and Mile Post 160,,Not a Collision with Motor Vehicle,1,Rain,Water (standing or moving),Daylight
2020-01-15T07:49:00.000,I 75,I 75 and Mile Post 159,,Angle Crash,3,Cloudy,Wet,Daylight
2021-07-29T12:24:00.000,I 75,I 75 and Mile Post 158,,Not a Collision with Motor Vehicle,2,Cloudy,Dry,Daylight
2021-09-15T17:21:00.000,I 75,I 75 and Mile Post 155,,Rear End,2,Rain,Wet,Daylight
2021-05-04T08:44:00.000,I 75,I 75 and Mile Post 154,,Not a Collision with Motor Vehicle,1,Cloudy,Dry,Daylight
2022-02-14T13:22:00.000,I 75,I 75 and Mile Post 154,,Rear End,2,Clear,Dry,Daylight
2020-07-28T15:53:00.000,I 75,I 75 and Mile Post 153,,Rear End,2,Cloudy,Dry,Daylight
2020-05-18T12:01:00.000,I 75,I 75 and Mile Post 152,,Not a Collision with Motor Vehicle,2,Cloudy,Dry,Daylight
2021-07-01T12:03:00.000,I 75,I 75 and Mile Post 152,,Not a Collision with Motor Vehicle,1,Cloudy,Dry,Daylight
2023-12-16T12:47:00.000,I 75,I 75 and Mile Post  294,,Head On,2,Cloudy,Dry,Daylight
2020-12-04T13:51:00.000,I 75,I 75 and Mile Markerm 115,,Sideswipe-Same Direction,3,Cloudy,Dry,Daylight
2021-01-10T22:29:00.000,I 75,I 75 and Mile Marker122,,Not a Collision with Motor Vehicle,1,Cloudy,Dry,Dark-Not Lighted
2020-12-24T10:50:00.000,I 75,I 75 and Mile Marker117,,Not a Collision with Motor Vehicle,1,Rain,Wet,Daylight
2021-07-01T15:45:00.000,I 75,I 75 and Mile Marker111,,Angle Crash,3,Cloudy,Dry,Daylight
2021-04-06T23:37:00.000,I 75,I 75 and Mile Marker109,,Rear End,2,Cloudy,Dry,Dark-Not Lighted
2021-03-09T12:22:00.000,I 75,I 75 and Mile Marker101,,Sideswipe-Same Direction,3,Cloudy,Dry,Daylight
2023-05-15T16:38:00.000,I 75,I 75 and Mile Marker 99.8,,Rear End,2,Cloudy,Dry,Daylight
2022-08-26T15:04:00.000,I 75,I 75 and Mile Marker 99,,Not a Collision with Motor Vehicle,1,Rain,Wet,Daylight
2023-01-25T09:35:00.000,I 75,I 75 and Mile Marker 99,,Not a Collision with Motor Vehicle,1,Rain,Wet,Daylight
2021-08-31T23:00:00.000,I 75,I 75 and Mile Marker 98,,Not a Collision with Motor Vehicle,1,Rain,Wet,Dark-Not Lighted
2024-09-03T20:02:00.000,I 75,I 75 and Mile Marker 98,,Sideswipe-Same Direction,2,Cloudy,Dry,Dark-Not Lighted
2024-08-11T10:55:00.000,I 75,I 75 and Mile Marker 97,,Rear End,2,Clear,Dry,Daylight
2024-08-02T07:50:00.000,I 75,I 75 and Mile Marker 96,,Not a Collision with Motor Vehicle,1,Clear,Dry,Daylight
2023-10-16T18:00:00.000,I 75,I 75 and Mile Marker 96,,Angle Crash,2,Cloudy,Dry,Daylight
2021-04-05T21:42:00.000,I 75,I 75 and Mile Marker 95,,Sideswipe-Same Direction,2,Clear,Dry,Dark-Not Lighted
2021-03-12T13:20:00.000,I 75,I 75 and Mile Marker 95,,Sideswipe-Same Direction,2,Clear,Dry,Daylight
2023-01-11T12:58:00.000,I 75,I 75 and Mile Marker 95,,Angle Crash,2,Clear,Dry,Daylight
2021-07-24T09:15:00.000,I 75,I 75 and Mile Marker 95,,Not a Collision with Motor Vehicle,1,Clear,Dry,Daylight
2021-07-24T09:45:00.000,I 75,I 75 and Mile Marker 95,,Not a Collision with Motor Vehicle,1,Clear,Dry,Daylight
2023-03-20T08:38:00.000,I 75,I 75 and Mile Marker 95,,Rear End,2,Cloudy,Dry,Daylight
2023-06-30T13:04:00.000,I 75,I 75 and Mile Marker 95,,Not a Collision with Motor Vehicle,1,Clear,Dry,Daylight
2023-06-09T18:15:00.000,I 75,I 75 and Mile Marker 94,,Sideswipe-Same Direction,2,Clear,Dry,Daylight
2023-08-08T22:20:00.000,I 75,I 75 and Mile Marker 94,,Angle Crash,2,Clear,Dry,Dark-Not Lighted
2022-09-12T10:00:00.000,I 75,I 75 and Mile Marker 94,,Sideswipe-Same Direction,2,Cloudy,Dry,Daylight
2023-10-27T20:13:00.000,I 75,I 75 and Mile Marker 94,,Sideswipe-Same Direction,2,Clear,Dry,Dark-Not Lighted
2021-03-16T20:28:00.000,I 75,I 75 and Mile Marker 93,,Sideswipe-Same Direction,2,Cloudy,Dry,Dark-Not Lighted
2021-03-16T20:28:00.000,I 75,I 75 and Mile Marker 93,,Angle Crash,2,Cloudy,Dry,Dark-Not Lighted
2023-10-27T19:30:00.000,I 75,I 75 and Mile Marker 93,,Not a Collision with Motor Vehicle,1,Clear,Dry,Dark-Not Lighted
2023-10-18T17:38:00.000,I 75,I 75 and Mile Marker 93,,Angle Crash,3,Clear,Dry,Daylight
2023-10-27T19:31:00.000,I 75,I 75 and Mile Marker 93,,Rear End,3,Clear,Dry,Dark-Not Lighted
2023-12-01T08:37:00.000,I 75,I 75 and Mile Marker 92,,Sideswipe-Same Direction,2,Clear,Dry,Daylight
2023-01-23T13:30:00.000,I 75,I 75 and Mile Marker 92,,Sideswipe-Same Direction,2,Clear,Dry,Daylight
2023-10-12T11:46:00.000,I 75,I 75 and Mile Marker 92,,Not a Collision with Motor Vehicle,1,Rain,Wet,Daylight
2023-05-06T16:55:00.000,I 75,I 75 and Mile Marker 92,,Sideswipe-Same Direction,2,Clear,Dry,Daylight
2021-03-30T12:15:00.000,I 75,I 75 and Mile Marker 91,,Rear End,2,Clear,Dry,Daylight
2022-06-23T09:29:00.000,I 75,I 75 and Mile Marker 91,,Sideswipe-Same Direction,3,Cloudy,Dry,Daylight
2023-02-20T17:05:00.000,I 75,I 75 and Mile Marker 91,,Not a Collision with Motor Vehicle,1,Cloudy,Dry,Daylight
2022-10-31T19:40:00.000,I 75,I 75 and Mile Marker 90,,Not a Collision with Motor Vehicle,1,Clear,Dry,Dark-Not Lighted
2024-07-19T16:40:00.000,I 75,I 75 and Mile Marker 90,,Angle Crash,2,Rain,Wet,Daylight
2023-11-21T10:22:00.000,I 75,I 75 and Mile Marker 89,,Not a Collision with Motor Vehicle,1,Rain,Wet,Dark-Not Lighted
2023-04-14T08:39:00.000,I 75,I 75 and Mile Marker 89,,Sideswipe-Same Direction,2,Cloudy,Dry,Daylight
2021-03-14T11:45:00.000,I 75,I 75 and Mile Marker 88,,Rear End,2,Clear,Dry,Daylight
2022-05-06T12:44:00.000,I 75,I 75 and Mile Marker 88,,Rear End,2,Cloudy,Dry,Daylight
2023-11-22T03:05:00.000,I 75,I 75 and Mile Marker 88,,Rear End,2,Cloudy,Wet,Dark-Not Lighted
2023-07-30T12:00:00.000,I 75,I 75 and Mile Marker 87,,Sideswipe-Same Direction,2,Clear,Dry,Daylight
2021-01-12T06:45:00.000,I 75,I 75 and Mile Marker 87,,Sideswipe-Same Direction,2,Rain,Wet,Dark-Not Lighted
2022-07-21T18:46:00.000,I 75,I 75 and Mile Marker 87,,Angle Crash,2,Cloudy,Dry,Daylight
2022-07-21T18:46:00.000,I 75,I 75 and Mile Marker 87,,Angle Crash,2,Cloudy,Dry,Daylight
2022-07-21T18:44:00.000,I 75,I 75 and Mile Marker 86.5,,Rear End,2,Cloudy,Dry,Daylight
2022-07-21T18:43:00.000,I 75,I 75 and Mile Marker 86.5,,Angle Crash,2,Cloudy,Dry,Daylight
2022-07-21T18:43:00.000,I 75,I 75 and Mile Marker 86.5,,Angle Crash,2,Cloudy,Dry,Daylight
2022-07-21T18:45:00.000,I 75,I 75 and Mile Marker 86.5,,Angle Crash,2,Cloudy,Dry,Daylight
2023-11-04T11:04:00.000,I 75,I 75 and Mile Marker 86,,Not a Collision with Motor Vehicle,1,Clear,Dry,Daylight
2021-03-13T15:25:00.000,I 75,I 75 and Mile Marker 86,,Sideswipe-Same Direction,1,Clear,Dry,Daylight
2022-07-21T18:42:00.000,I 75,I 75 and Mile Marker 86,,Angle Crash,2,Cloudy,Dry,Daylight
2022-07-21T18:42:00.000,I 75,I 75 and Mile Marker 86,,Angle Crash,2,Cloudy,Dry,Daylight
2021-10-14T08:13:00.000,I 75,I 75 and Mile Marker 86,,Not a Collision with Motor Vehicle,1,Cloudy,Dry,Daylight
2022-10-31T17:16:00.000,I 75,I 75 and Mile Marker 86,,Sideswipe-Same Direction,2,Cloudy,Dry,Daylight
2022-07-21T18:42:00.000,I 75,I 75 and Mile Marker 86,,Angle Crash,2,Cloudy,Dry,Daylight
2023-06-14T20:31:00.000,I 75,I 75 and Mile Marker 85,,Rear End,2,Rain,Wet,Dark-Not Lighted
2021-03-14T12:45:00.000,I 75,I 75 and Mile Marker 85,,Sideswipe-Same Direction,2,Clear,Dry,Daylight
2021-07-07T21:38:00.000,I 75,I 75 and Mile Marker 85,,Sideswipe-Same Direction,3,Rain,Wet,Dark-Not Lighted
2023-05-06T02:11:00.000,I 75,I 75 and Mile Marker 84.4,,Not a Collision with Motor Vehicle,1,Clear,Dry,Dark-Not Lighted
2021-08-16T12:15:00.000,I 75,I 75 and Mile Marker 84,,Not a Collision with Motor Vehicle,1,Cloudy,Dry,Daylight
2023-01-02T22:02:00.000,I 75,I 75 and Mile Marker 84,,Sideswipe-Same Direction,2,Clear,Dry,Dark-Not Lighted
2023-05-11T13:03:00.000,I 75,I 75 and Mile Marker 84,,Angle Crash,2,Clear,Dry,Daylight
2021-08-27T13:15:00.000,I 75,I 75 and Mile Marker 84,,Sideswipe-Same Direction,2,Clear,Dry,Daylight
2022-04-21T22:25:00.000,I 75,I 75 and Mile Marker 84,,Not a Collision with Motor Vehicle,1,Cloudy,Dry,Dark-Not Lighted
2024-01-08T13:35:00.000,I 75,I 75 and Mile Marker 84,,Rear End,2,Clear,Dry,Daylight
2023-02-23T08:31:00.000,I 75,I 75 and Mile Marker 83,,Sideswipe-Same Direction,2,Cloudy,Dry,Daylight
2024-07-21T01:46:00.000,I 75,I 75 and Mile Marker 83,,Angle Crash,2,Clear,Dry,Dark-Not Lighted
2021-02-09T06:50:00.000,I 75,I 75 and Mile Marker 82,,Sideswipe-Same Direction,1,Rain,Wet,Dark-Not Lighted
2021-09-21T06:19:00.000,I 75,I 75 and Mile Marker 82,,Not a Collision with Motor Vehicle,1,Cloudy,Dry,Dark-Not Lighted
2021-10-22T13:05:00.000,I 75,I 75 and Mile Marker 82,,Rear End,2,Clear,Dry,Daylight
2021-06-19T11:03:00.000,I 75,I 75 and Mile Marker 81,,Sideswipe-Same Direction,2,Rain,Wet,Daylight
2021-03-18T09:00:00.000,I 75,I 75 and Mile Marker 81,,Not a Collision with Motor Vehicle,1,Rain,Wet,Daylight
2023-01-24T15:40:00.000,I 75,I 75 and Mile Marker 81,,Rear End,2,Clear,Dry,Daylight
2023-05-01T13:55:00.000,I 75,I 75 and Mile Marker 81,,Not a Collision with Motor Vehicle,1,Clear,Dry,Daylight
2023-11-10T20:05:00.000,I 75,I 75 and Mile Marker 81,,Rear End,2,Clear,Dry,Dark-Not Lighted
2023-06-23T18:56:00.000,I 75,I 75 and Mile Marker 81,,Not a Collision with Motor Vehicle,1,Cloudy,Dry,Daylight
2022-06-21T10:55:00.000,I 75,I 75 and Mile Marker 80,,Not a Collision with Motor Vehicle,2,Cloudy,Dry,Daylight
2023-10-05T11:15:00.000,I 75,I 75 and Mile Marker 80,,Not a Collision with Motor Vehicle,1,Clear,Dry,Daylight
2022-07-29T10:49:00.000,I 75,I 75 and Mile Marker 78,,Not a Collision with Motor Vehicle,1,Cloudy,Dry,Daylight
2022-07-29T10:49:00.000,I 75,I 75 and Mile Marker 78,,Not a Collision with Motor Vehicle,1,Cloudy,Dry,Daylight
2022-08-29T03:27:00.000,I 75,I 75 and Mile Marker 78,,Not a Collision with Motor Vehicle,1,Clear,Dry,Dark-Not Lighted
2022-09-02T06:15:00.000,I 75,I 75 and Mile Marker 78,,Sideswipe-Same Direction,2,Cloudy,Dry,Dark-Not Lighted