Date and Time,Roadway (From Crash Report),Intersection Name (from Crash Report),KABCO Severity,Manner of Collision (Crash Level) ,# of Vehicles per crash ,Weather Conditions (Crash Level),Surface Condition (Crash Level) ,Light Conditions (Crash Level)
2022-08-29T03:27:00.000,I 75,I 75 and Mile Marker 78,,Not a Collision with Motor Vehicle,1,Cloudy,Dry,Dark-Not Lighted
2024-09-06T13:48:00.000,I 75,I 75 and Mile Marker 78,,Not a Collision with Motor Vehicle,1,Rain,Wet,Daylight
2021-07-20T23:40:00.000,I 75,I 75 and Mile Marker 77`,,Angle Crash,3,Cloudy,Wet,Dark-Not Lighted
2021-05-07T14:00:00.000,I 75,I 75 and Mile Marker 77,,Sideswipe-Same Direction,2,Clear,Dry,Daylight
2022-08-26T08:20:00.000,I 75,I 75 and Mile Marker 77,,Sideswipe-Same Direction,2,Cloudy,Dry,Daylight
2023-11-15T16:48:00.000,I 75,I 75 and Mile Marker 77,,Angle Crash,2,Rain,Wet,Daylight
2022-10-04T12:49:00.000,I 75,I 75 and Mile Marker 76 Rest Area Entra,,Not a Collision with Motor Vehicle,1,Clear,Dry,Daylight
2021-08-30T18:30:00.000,I 75,I 75 and Mile Marker 76,,Not a Collision with Motor Vehicle,1,Rain,Wet,Daylight
2022-09-18T10:51:00.000,I 75,I 75 and Mile Marker 76,,Not a Collision with Motor Vehicle,1,Clear,Dry,Daylight
2021-05-31T10:45:00.000,I 75,I 75 and Mile Marker 75,,Sideswipe-Same Direction,2,Clear,Dry,Daylight
2022-11-23T20:38:00.000,I 75,I 75 and Mile Marker 75,,Angle Crash,2,Cloudy,Dry,Dark-Not Lighted
2023-03-11T00:47:00.000,I 75,I 75 and Mile Marker 74,,Angle Crash,2,Cloudy,Dry,Dark-Not Lighted
2022-06-21T08:15:00.000,I 75,I 75 and Mile Marker 74,,Angle Crash,2,Cloudy,Dry,Daylight
2021-07-15T12:33:00.000,I 75,I 75 and Mile Marker 73,,Not a Collision with Motor Vehicle,1,Cloudy,Dry,Daylight
2022-07-15T19:40:00.000,I 75,I 75 and Mile Marker 73,,Angle Crash,2,Cloudy,Dry,Daylight
2022-01-22T21:58:00.000,I 75,I 75 and Mile Marker 73,,Sideswipe-Same Direction,2,Cloudy,Dry,Dark-Lighted
2022-09-29T00:10:00.000,I 75,I 75 and Mile Marker 65,,Rear End,2,Clear,Dry,Dark-Not Lighted
2024-10-02T09:01:00.000,I 75,I 75 and Mile Marker 542,,Rear End,2,Clear,Dry,Daylight
2022-12-13T17:55:00.000,I 75,I 75 and Mile Marker 51,,Not a Collision with Motor Vehicle,1,Clear,Dry,Dark-Not Lighted
2022-05-28T11:37:00.000,I 75,I 75 and Mile Marker 48,,Not a Collision with Motor Vehicle,1,Clear,Dry,Daylight
2024-05-16T07:20:00.000,I 75,I 75 and Mile Marker 43,,Not a Collision with Motor Vehicle,2,Clear,Dry,Daylight
2022-03-15T11:19:00.000,I 75,I 75 and Mile Marker 36,,Not a Collision with Motor Vehicle,1,Clear,Dry,Daylight
2023-12-28T14:35:00.000,I 75,I 75 and Mile Marker 354,,Rear End,2,Clear,Dry,Daylight
2024-04-17T10:15:00.000,I 75,I 75 and Mile Marker 354,,Sideswipe-Same Direction,2,Cloudy,Dry,Daylight
2022-12-28T13:15:00.000,I 75,I 75 and Mile Marker 352,,Rear End,3,Clear,Dry,Daylight
2023-12-09T07:20:00.000,I 75,I 75 and Mile Marker 352,,Not a Collision with Motor Vehicle,1,Rain,Wet,Dawn
2024-07-16T20:25:00.000,I 75,I 75 and Mile Marker 352,,Not a Collision with Motor Vehicle,2,Cloudy,Dry,Dusk
2024-03-27T13:40:00.000,I 75,I 75 and Mile Marker 352,,Not a Collision with Motor Vehicle,1,Clear,Dry,Daylight
2024-07-08T17:45:00.000,I 75,I 75 and Mile Marker 351,,Rear End,2,Clear,Dry,Daylight
2024-05-01T11:20:00.000,I 75,I 75 and Mile Marker 350,,Sideswipe-Same Direction,2,Clear,Dry,Daylight
2024-08-25T17:05:00.000,I 75,I 75 and Mile Marker 350,,Rear End,2,Clear,Dry,Daylight
2024-02-11T19:30:00.000,I 75,I 75 and Mile Marker 349,,Not a Collision with Motor Vehicle,1,Rain,Wet,Dark-Not Lighted
2024-04-07T14:25:00.000,I 75,I 75 and Mile Marker 349,,Sideswipe-Same Direction,2,Clear,Dry,Daylight
2023-12-17T00:50:00.000,I 75,I 75 and Mile Marker 348,,Not a Collision with Motor Vehicle,1,Rain,Wet,Dark-Not Lighted
2024-06-23T11:30:00.000,I 75,I 75 and Mile Marker 347,,Not a Collision with Motor Vehicle,1,Clear,Dry,Dark-Not Lighted
2023-09-29T07:25:00.000,I 75,I 75 and Mile Marker 345,,(None),2,(None),(None),(None)
2024-03-04T07:00:00.000,I 75,I 75 and Mile Marker 345,,Angle Crash,2,Cloudy,Dry,Daylight
2024-04-10T05:00:00.000,I 75,I 75 and Mile Marker 344,,Sideswipe-Same Direction,2,Rain,Wet,Dark-Not Lighted
2024-06-01T16:45:00.000,I 75,I 75 and Mile Marker 343,,Sideswipe-Same Direction,2,Clear,Dry,Daylight
2024-07-16T21:10:00.000,I 75,I 75 and Mile Marker 342,,Not a Collision with Motor Vehicle,1,Cloudy,Dry,Dark-Not Lighted
2021-12-29T05:12:00.000,I 75,I 75 and Mile Marker 341,,Not a Collision with Motor Vehicle,1,Rain,Wet,Dark-Not Lighted
2021-07-07T06:55:00.000,I 75,I 75 and Mile Marker 341,,Not a Collision with Motor Vehicle,1,Rain,Wet,Dawn
2023-08-04T19:40:00.000,I 75,I 75 and Mile Marker 341,,Sideswipe-Same Direction,2,Clear,Dry,Daylight
2020-05-05T17:08:00.000,I 75,I 75 and Mile Marker 341,,Not a Collision with Motor Vehicle,1,Rain,Wet,Daylight
2020-02-27T00:00:00.000,I 75,I 75 and Mile Marker 341,,Not a Collision with Motor Vehicle,1,(None),(None),(None)
2020-05-05T17:44:00.000,I 75,I 75 and Mile Marker 341,,Rear End,2,Rain,Wet,Daylight
2021-08-05T09:20:00.000,I 75,I 75 and Mile Marker 341,,Sideswipe-Same Direction,1,Clear,Dry,Daylight
2022-06-07T09:42:00.000,I 75,I 75 and Mile Marker 341,,Sideswipe-Same Direction,2,Rain,Wet,Daylight
2022-06-28T11:56:00.000,I 75,I 75 and Mile Marker 341,,Not a Collision with Motor Vehicle,3,Clear,Dry,Daylight
2022-04-25T15:37:00.000,I 75,I 75 and Mile Marker 341,,Not a Collision with Motor Vehicle,2,Clear,Dry,Daylight
2023-04-27T06:11:00.000,I 75,I 75 and Mile Marker 341,,Sideswipe-Same Direction,1,Clear,Dry,Daylight
2023-08-13T12:24:00.000,I 75,I 75 and Mile Marker 341,,Sideswipe-Same Direction,1,Clear,Dry,Daylight
2021-09-25T05:00:00.000,I 75,I 75 and Mile Marker 340,,Not a Collision with Motor Vehicle,1,Clear,Dry,Dark-Not Lighted
2024-10-18T20:00:00.000,I 75,I 75 and Mile Marker 340,,Not a Collision with Motor Vehicle,4,Clear,Dry,Dark-Not Lighted
2020-09-02T13:41:00.000,I 75,I 75 and Mile Marker 339,,Not a Collision with Motor Vehicle,1,Clear,Dry,Daylight
2020-05-26T14:18:00.000,I 75,I 75 and Mile Marker 339,,Sideswipe-Same Direction,2,Cloudy,Dry,Daylight
2024-06-25T05:10:00.000,I 75,I 75 and Mile Marker 339,,Not a Collision with Motor Vehicle,3,Clear,Dry,Dark-Not Lighted
2021-08-12T12:56:00.000,I 75,I 75 and Mile Marker 338,,Not a Collision with Motor Vehicle,1,Clear,Dry,Daylight
2020-08-05T02:57:00.000,I 75,I 75 and Mile Marker 338,,Sideswipe-Opposite Direction,2,Cloudy,Dry,Dark-Lighted
2021-03-25T18:43:00.000,I 75,I 75 and Mile Marker 338,,Sideswipe-Same Direction,2,Rain,Wet,Daylight
2023-12-28T06:00:00.000,I 75,I 75 and Mile Marker 338,,Not a Collision with Motor Vehicle,1,Clear,Dry,Dark-Not Lighted
2021-10-22T18:07:00.000,I 75,I 75 and Mile Marker 337,,Sideswipe-Same Direction,2,Clear,Dry,Daylight
2021-09-03T21:17:00.000,I 75,I 75 and Mile Marker 337,,Sideswipe-Same Direction,3,Clear,Dry,Dark-Not Lighted
2020-10-09T00:18:00.000,I 75,I 75 and Mile Marker 336,,Not a Collision with Motor Vehicle,1,Clear,Dry,Dark-Not Lighted
2020-10-10T00:20:00.000,I 75,I 75 and Mile Marker 336,,Not a Collision with Motor Vehicle,1,Rain,Wet,Dark-Not Lighted
2021-03-03T21:19:00.000,I 75,I 75 and Mile Marker 332,,Sideswipe-Same Direction,2,Clear,Dry,Dark-Not Lighted
2021-07-01T16:05:00.000,I 75,I 75 and Mile Marker 332,,Not a Collision with Motor Vehicle,1,Cloudy,Dry,Daylight
2023-12-09T06:10:00.000,I 75,I 75 and Mile Marker 332,,Angle Crash,2,Rain,Wet,Dark-Not Lighted
2020-09-10T04:46:00.000,I 75,I 75 and Mile Marker 331,,Not a Collision with Motor Vehicle,1,Clear,Dry,Dark-Not Lighted
2021-08-18T04:44:00.000,I 75,I 75 and Mile Marker 330,,Not a Collision with Motor Vehicle,1,Clear,Dry,Dark-Not Lighted
2021-09-26T14:00:00.000,I 75,I 75 and Mile Marker 330,,Sideswipe-Same Direction,2,Clear,Dry,Daylight
2020-02-13T01:52:00.000,I 75,I 75 and Mile Marker 327,,Not a Collision with Motor Vehicle,1,Rain,Wet,Dark-Not Lighted
2020-12-11T14:24:00.000,I 75,I 75 and Mile Marker 327,,Rear End,2,Clear,Dry,Daylight
2024-07-31T12:00:00.000,I 75,I 75 and Mile Marker 327,,Sideswipe-Same Direction,3,Clear,Dry,Daylight
2021-06-13T23:35:00.000,I 75,I 75 and Mile Marker 326,,Angle Crash,2,Clear,Dry,Dark-Not Lighted
2024-11-03T00:34:00.000,I 75,I 75 and Mile Marker 324,,Sideswipe-Same Direction,2,Clear,Dry,Dark-Not Lighted
2023-06-20T14:30:00.000,I 75,I 75 and Mile Marker 320,,Sideswipe-Same Direction,2,Cloudy,Dry,Daylight
2023-02-10T20:54:00.000,I 75,I 75 and Mile Marker 317,,Sideswipe-Same Direction,2,Cloudy,Dry,Dark-Not Lighted
2020-05-07T02:00:00.000,I 75,I 75 and Mile Marker 316,,Rear End,2,Clear,Dry,Dark-Not Lighted
2020-05-19T18:10:00.000,I 75,I 75 and Mile Marker 315,,Not a Collision with Motor Vehicle,2,Cloudy,Dry,Daylight
2022-12-16T18:49:00.000,I 75,I 75 and Mile Marker 312,,Sideswipe-Same Direction,2,Cloudy,Dry,Dark-Not Lighted
2022-12-16T18:11:00.000,I 75,I 75 and Mile Marker 312,,Sideswipe-Same Direction,2,Cloudy,Dry,Dark-Not Lighted
2023-02-10T20:57:00.000,I 75,I 75 and Mile Marker 310,,Sideswipe-Same Direction,2,Cloudy,Dry,Dark-Not Lighted
2023-07-03T20:18:00.000,I 75,I 75 and Mile Marker 308,,Sideswipe-Same Direction,2,Cloudy,Dry,Daylight
2023-08-05T11:07:00.000,I 75,I 75 and Mile Marker 307,,Sideswipe-Same Direction,2,Cloudy,Dry,Daylight
2022-12-05T11:26:00.000,I 75,I 75 and Mile Marker 307,,Not a Collision with Motor Vehicle,1,Rain,Wet,Daylight
2023-06-25T08:17:00.000,I 75,I 75 and Mile Marker 307,,Sideswipe-Same Direction,2,Clear,Dry,Daylight
2023-11-27T23:46:00.000,I 75,I 75 and Mile Marker 307,,Not a Collision with Motor Vehicle,1,Clear,Dry,Dark-Not Lighted
2023-03-25T18:16:00.000,I 75,I 75 and Mile Marker 306,,Rear End,2,Clear,Dry,Daylight
2023-11-20T21:19:00.000,I 75,I 75 and Mile Marker 306,,Rear End,3,Clear,Dry,Dark-Not Lighted
2022-08-14T14:57:00.000,I 75,I 75 and Mile Marker 305,,Sideswipe-Same Direction,2,Cloudy,Dry,Daylight
2023-09-06T23:43:00.000,I 75,I 75 and Mile Marker 304,,Sideswipe-Same Direction,2,Clear,Dry,Dark-Not Lighted
2023-10-19T05:52:00.000,I 75,I 75 and Mile Marker 304,,Not a Collision with Motor Vehicle,1,Clear,Dry,Dark-Not Lighted
2022-03-26T17:20:00.000,I 75,I 75 and Mile Marker 304,,Not a Collision with Motor Vehicle,1,Clear,Dry,Daylight
2023-04-28T11:00:00.000,I 75,I 75 and Mile Marker 304,,Sideswipe-Same Direction,2,Cloudy,Dry,Daylight
2020-05-13T15:29:00.000,I 75,I 75 and Mile Marker 303,,Rear End,2,Cloudy,Dry,Daylight
2022-05-01T12:35:00.000,I 75,I 75 and Mile Marker 303,,Sideswipe-Same Direction,2,Cloudy,Dry,Daylight
2022-09-20T07:44:00.000,I 75,I 75 and Mile Marker 303,,Sideswipe-Same Direction,2,Cloudy,Wet,Daylight
2022-05-26T16:33:00.000,I 75,I 75 and Mile Marker 303,,Rear End,2,Clear,Dry,Daylight
2023-11-03T05:44:00.000,I 75,I 75 and Mile Marker 303,,Angle Crash,2,Clear,Dry,Dark-Not Lighted
2022-07-09T08:00:00.000,I 75,I 75 and Mile Marker 302,,Not a Collision with Motor Vehicle,2,Cloudy,Wet,Daylight
2022-05-17T08:29:00.000,I 75,I 75 and Mile Marker 302,,Sideswipe-Same Direction,2,Clear,Dry,Daylight
2023-07-23T19:10:00.000,I 75,I 75 and Mile Marker 302,,Rear End,3,Clear,Dry,Daylight
2023-05-06T20:48:00.000,I 75,I 75 and Mile Marker 302,,Rear End,2,Cloudy,Dry,Dark-Not Lighted
2023-11-13T09:50:00.000,I 75,I 75 and Mile Marker 302,,Sideswipe-Same Direction,3,Cloudy,Dry,Daylight
2023-06-10T17:41:00.000,I 75,I 75 and Mile Marker 301,,Rear End,2,Cloudy,Dry,Daylight
2023-09-20T17:57:00.000,I 75,I 75 and Mile Marker 301,,Sideswipe-Same Direction,2,Clear,Dry,Daylight
2023-09-24T16:45:00.000,I 75,I 75 and Mile Marker 300,,Sideswipe-Same Direction,2,Clear,Dry,Daylight
2020-10-14T14:45:00.000,I 75,I 75 and Mile Marker 300,,Rear End,2,Clear,Dry,Daylight
2022-11-28T18:42:00.000,I 75,I 75 and Mile Marker 300,,Not a Collision with Motor Vehicle,1,Clear,Dry,Dark-Not Lighted
2023-06-23T10:55:00.000,I 75,I 75 and Mile Marker 300,,Sideswipe-Same Direction,2,Cloudy,Dry,Daylight
2022-06-13T07:13:00.000,I 75,I 75 and Mile Marker 299,,Sideswipe-Same Direction,3,Cloudy,Dry,Daylight
2022-08-08T14:55:00.000,I 75,I 75 and Mile Marker 299,,Not a Collision with Motor Vehicle,1,Cloudy,Dry,Daylight
2023-10-29T21:03:00.000,I 75,I 75 and Mile Marker 298,,Not a Collision with Motor Vehicle,1,Clear,Dry,Dark-Not Lighted
2024-01-27T02:03:00.000,I 75,I 75 and Mile Marker 298,,Sideswipe-Same Direction,2,Clear,Dry,Dark-Not Lighted
2023-03-14T07:16:00.000,I 75,I 75 and Mile Marker 297,,Not a Collision with Motor Vehicle,2,Clear,Dry,Dark-Not Lighted
2022-08-09T16:52:00.000,I 75,I 75 and Mile Marker 297,,Sideswipe-Same Direction,2,Cloudy,Dry,Daylight
2022-06-20T14:27:00.000,I 75,I 75 and Mile Marker 297,,Sideswipe-Same Direction,2,Clear,Dry,Daylight
2024-01-04T09:57:00.000,I 75,I 75 and Mile Marker 297,,Not a Collision with Motor Vehicle,1,Clear,Dry,Daylight
2023-10-09T22:35:00.000,I 75,I 75 and Mile Marker 296,,Angle Crash,2,Clear,Dry,Dark-Not Lighted
2022-08-24T04:35:00.000,I 75,I 75 and Mile Marker 296,,Rear End,2,Cloudy,Dry,Dark-Not Lighted
2022-08-14T18:12:00.000,I 75,I 75 and Mile Marker 296,,Not a Collision with Motor Vehicle,1,Clear,Dry,Daylight
2023-04-20T22:00:00.000,I 75,I 75 and Mile Marker 296,,Not a Collision with Motor Vehicle,1,Clear,Dry,Dark-Not Lighted
2023-03-15T09:42:00.000,I 75,I 75 and Mile Marker 296,,Sideswipe-Same Direction,2,Clear,Dry,Daylight
2023-07-31T14:44:00.000,I 75,I 75 and Mile Marker 295,,Not a Collision with Motor Vehicle,1,Clear,Dry,Daylight
2023-05-31T18:12:00.000,I 75,I 75 and Mile Marker 295,,Not a Collision with Motor Vehicle,1,Clear,Dry,Daylight
2020-01-03T03:45:00.000,I 75,I 75 and Mile Marker 295,,Sideswipe-Same Direction,2,Cloudy,Wet,Dark-Not Lighted
2023-01-08T12:42:00.000,I 75,I 75 and Mile Marker 295,,Not a Collision with Motor Vehicle,1,Rain,Wet,Daylight
2022-03-07T15:00:00.000,I 75,I 75 and Mile Marker 294,,Sideswipe-Same Direction,2,Cloudy,Dry,Daylight
2023-01-20T16:24:00.000,I 75,I 75 and Mile Marker 294,,Sideswipe-Same Direction,2,Clear,Dry,Daylight
2022-05-02T09:30:00.000,I 75,I 75 and Mile Marker 293,,Not a Collision with Motor Vehicle,1,Clear,Dry,Daylight
2020-01-03T22:39:00.000,I 75,I 75 and Mile Marker 293,,Sideswipe-Same Direction,3,Rain,Wet,Dark-Not Lighted
2022-09-05T11:48:00.000,I 75,I 75 and Mile Marker 293,,Not a Collision with Motor Vehicle,1,Cloudy,Wet,Daylight
2022-06-25T21:32:00.000,I 75,I 75 and Mile Marker 293,,Angle Crash,2,Cloudy,Dry,Dark-Not Lighted
2022-10-17T14:24:00.000,I 75,I 75 and Mile Marker 293,,Sideswipe-Same Direction,3,Clear,Dry,Daylight
2020-01-31T21:22:00.000,I 75,I 75 and Mile Marker 292,,Not a Collision with Motor Vehicle,1,Clear,Dry,Dark-Not Lighted
2020-06-15T10:04:00.000,I 75,I 75 and Mile Marker 292,,Not a Collision with Motor Vehicle,1,Cloudy,Dry,Daylight
2022-09-11T05:58:00.000,I 75,I 75 and Mile Marker 292,,Sideswipe-Same Direction,2,Cloudy,Dry,Dark-Not Lighted
2023-11-07T14:06:00.000,I 75,I 75 and Mile Marker 291,,Not a Collision with Motor Vehicle,1,Clear,Dry,Daylight
2023-04-27T19:09:00.000,I 75,I 75 and Mile Marker 291,,Angle Crash,2,Cloudy,Wet,Daylight
2023-03-25T19:14:00.000,I 75,I 75 and Mile Marker 291,,Sideswipe-Same Direction,2,Clear,Dry,Daylight
2022-05-24T06:30:00.000,I 75,I 75 and Mile Marker 291,,Not a Collision with Motor Vehicle,1,Cloudy,Dry,Dark-Not Lighted
2022-06-07T10:29:00.000,I 75,I 75 and Mile Marker 290,,Sideswipe-Same Direction,2,Cloudy,Dry,Daylight
2022-12-12T05:37:00.000,I 75,I 75 and Mile Marker 290,,Rear End,2,Cloudy,Wet,Dark-Not Lighted
2022-09-21T10:04:00.000,I 75,I 75 and Mile Marker 290,,Angle Crash,2,Clear,Dry,Daylight
2023-07-04T18:32:00.000,I 75,I 75 and Mile Marker 289,,Sideswipe-Same Direction,2,Rain,Wet,Daylight
2024-06-12T13:28:00.000,I 75,I 75 and Mile Marker 288,,Angle Crash,2,Clear,Dry,Daylight
2023-08-11T09:51:00.000,I 75,I 75 and Mile Marker 287,,Sideswipe-Same Direction,2,Cloudy,Wet,Daylight
2023-09-25T10:43:00.000,I 75,I 75 and Mile Marker 285,,Sideswipe-Same Direction,2,Clear,Dry,Daylight
2021-03-04T20:44:00.000,I 75,I 75 and Mile Marker 283,,Not a Collision with Motor Vehicle,2,Clear,Dry,Dark-Not Lighted
2020-09-30T15:23:00.000,I 75,I 75 and Mile Marker 283,,Not a Collision with Motor Vehicle,1,Clear,Dry,Daylight
2020-10-19T09:22:00.000,I 75,I 75 and Mile Marker 283,,Not a Collision with Motor Vehicle,1,Clear,Dry,Daylight
2020-10-15T15:12:00.000,I 75,I 75 and Mile Marker 283,,Not a Collision with Motor Vehicle,2,Clear,Dry,Daylight
2021-03-10T23:19:00.000,I 75,I 75 and Mile Marker 282,,Not a Collision with Motor Vehicle,1,Clear,Dry,Dark-Not Lighted
2023-10-13T06:49:00.000,I 75,I 75 and Mile Marker 282,,Not a Collision with Motor Vehicle,1,Cloudy,Dry,Dark-Not Lighted
2022-12-02T07:44:00.000,I 75,I 75 and Mile Marker 282,,Sideswipe-Same Direction,2,Cloudy,Dry,Daylight
2024-11-07T08:05:00.000,I 75,I 75 and Mile Marker 282,,Rear End,2,Cloudy,Dry,Daylight
2020-06-05T09:01:00.000,I 75,I 75 and Mile Marker 281,,Not a Collision with Motor Vehicle,2,Cloudy,Dry,Daylight
2023-11-28T02:39:00.000,I 75,I 75 and Mile Marker 281,,Not a Collision with Motor Vehicle,1,Clear,Dry,Dark-Not Lighted
2023-03-17T13:50:00.000,I 75,I 75 and Mile Marker 281,,Sideswipe-Same Direction,2,Rain,Wet,Daylight
2020-07-16T01:00:00.000,I 75,I 75 and Mile Marker 281,,Sideswipe-Same Direction,2,Clear,Dry,Dark-Not Lighted
2020-01-27T14:25:00.000,I 75,I 75 and Mile Marker 281,,Not a Collision with Motor Vehicle,1,Cloudy,Dry,Daylight
2022-11-23T17:23:00.000,I 75,I 75 and Mile Marker 281,,Not a Collision with Motor Vehicle,1,Clear,Dry,Dusk
2022-04-19T08:25:00.000,I 75,I 75 and Mile Marker 281,,Rear End,2,Clear,Dry,Daylight
2022-09-14T11:12:00.000,I 75,I 75 and Mile Marker 281,,Not a Collision with Motor Vehicle,1,Clear,Dry,Daylight
2020-07-14T04:25:00.000,I 75,I 75 and Mile Marker 280,,Not a Collision with Motor Vehicle,1,Clear,Dry,Dark-Not Lighted
2023-04-18T07:30:00.000,I 75,I 75 and Mile Marker 280,,Rear End,2,Clear,Dry,Daylight
2022-08-23T07:49:00.000,I 75,I 75 and Mile Marker 280,,Rear End,3,Cloudy,Dry,Daylight
2020-06-16T13:48:00.000,I 75,I 75 and Mile Marker 280,,Rear End,2,Clear,Dry,Daylight
2022-03-26T15:09:00.000,I 75,I 75 and Mile Marker 280,,Rear End,2,Clear,Dry,Daylight
2023-07-01T13:33:00.000,I 75,I 75 and Mile Marker 280,,Rear End,2,Clear,Snow,Daylight
2023-07-10T06:53:00.000,I 75,I 75 and Mile Marker 280,,Rear End,2,Rain,Wet,Dark-Not Lighted
2023-06-24T11:07:00.000,I 75,I 75 and Mile Marker 280,,Rear End,2,Cloudy,Dry,Daylight
2023-06-24T11:07:00.000,I 75,I 75 and Mile Marker 280,,Rear End,3,Cloudy,Dry,Daylight
2023-12-06T10:01:00.000,I 75,I 75 and Mile Marker 280,,Rear End,5,Clear,Dry,Daylight
2023-03-18T11:40:00.000,I 75,I 75 and Mile Marker 280,,Rear End,2,Clear,Dry,Daylight
2023-06-06T06:53:00.000,I 75,I 75 and Mile Marker 279,,Sideswipe-Same Direction,2,Cloudy,Dry,Daylight
2020-07-02T05:43:00.000,I 75,I 75 and Mile Marker 279,,Rear End,2,Clear,Dry,Dark-Not Lighted
2022-09-10T11:00:00.000,I 75,I 75 and Mile Marker 279,,Not a Collision with Motor Vehicle,1,Cloudy,Wet,Daylight
2022-06-13T10:44:00.000,I 75,I 75 and Mile Marker 279,,Sideswipe-Same Direction,2,Cloudy,Dry,Daylight
2023-06-19T17:12:00.000,I 75,I 75 and Mile Marker 279,,Rear End,2,Cloudy,Dry,Daylight
2023-05-08T10:04:00.000,I 75,I 75 and Mile Marker 279,,Not a Collision with Motor Vehicle,1,Cloudy,Dry,Daylight
2021-07-28T14:30:00.000,I 75,I 75 and Mile Marker 278,,Rear End,2,Clear,Dry,Daylight
2023-08-14T07:45:00.000,I 75,I 75 and Mile Marker 278,,Rear End,2,Clear,Dry,Daylight
2023-12-15T12:00:00.000,I 75,I 75 and Mile Marker 278,,Sideswipe-Same Direction,2,Clear,Dry,Daylight
2023-10-11T23:50:00.000,I 75,I 75 and Mile Marker 278,,Not a Collision with Motor Vehicle,1,Rain,Wet,Dark-Not Lighted
2023-06-01T07:24:00.000,I 75,I 75 and Mile Marker 278,,Not a Collision with Motor Vehicle,1,Clear,Dry,Daylight
2020-06-15T17:29:00.000,I 75,I 75 and Mile Marker 278,,Not a Collision with Motor Vehicle,1,Cloudy,Dry,Daylight
2020-02-25T15:30:00.000,I 75,I 75 and Mile Marker 278,,Not a Collision with Motor Vehicle,2,Cloudy,Dry,Daylight
2022-09-25T14:04:00.000,I 75,I 75 and Mile Marker 278,,Rear End,3,Clear,Dry,Daylight
2022-09-25T14:04:00.000,I 75,I 75 and Mile Marker 278,,Rear End,4,Clear,Dry,Daylight
2022-08-17T13:05:00.000,I 75,I 75 and Mile Marker 278,,Sideswipe-Same Direction,2,Cloudy,Dry,Daylight
2023-03-27T07:06:00.000,I 75,I 75 and Mile Marker 278,,Rear End,3,Cloudy,Wet,Dark-Not Lighted
2024-01-05T06:39:00.000,I 75,I 75 and Mile Marker 278,,Rear End,2,Clear,Dry,Dark-Not Lighted
2022-06-17T18:02:00.000,I 75,I 75 and Mile Marker 277,,Angle Crash,2,Clear,Dry,Daylight
2020-01-21T06:50:00.000,I 75,I 75 and Mile Marker 276,,Rear End,2,Cloudy,Dry,Dark-Not Lighted
2024-12-16T15:02:00.000,I 75,I 75 and Mile Marker 274.2,,Rear End,3,Clear,Dry,Daylight
2020-04-28T11:35:00.000,I 75,I 75 and Mile Marker 2703,,Not a Collision with Motor Vehicle,2,Cloudy,Dry,Daylight
2020-03-24T14:26:00.000,I 75,I 75 and Mile Marker 269,,Rear End,2,Rain,Wet,Daylight
2023-09-07T11:44:00.000,I 75,I 75 and Mile Marker 268.2,,Sideswipe-Same Direction,2,Cloudy,Dry,Daylight
2023-05-19T15:42:00.000,I 75,I 75 and Mile Marker 267,,Rear End,2,Cloudy,Dry,Daylight
2021-04-27T07:20:00.000,I 75,I 75 and Mile Marker 265,,Rear End,2,Cloudy,Dry,Daylight
2021-05-14T16:40:00.000,I 75,I 75 and Mile Marker 265,,Rear End,2,Clear,Dry,Daylight
2021-04-23T02:53:00.000,I 75,I 75 and Mile Marker 259,,Sideswipe-Same Direction,2,Clear,Dry,Dark-Not Lighted
2021-09-20T08:52:00.000,I 75,I 75 and Mile Marker 2578,,Rear End,4,Rain,Wet,Daylight
2022-04-05T14:50:00.000,I 75,I 75 and Mile Marker 257,,Rear End,2,Rain,Wet,Daylight
2020-08-07T16:00:00.000,I 75,I 75 and Mile Marker 255,,Not a Collision with Motor Vehicle,1,Clear,Dry,Daylight
2020-07-03T10:07:00.000,I 75,I 75 and Mile Marker 2528,,Sideswipe-Same Direction,2,Cloudy,Dry,Daylight
2020-09-14T17:50:00.000,I 75,I 75 and Mile Marker 2522,,Rear End,2,Cloudy,Dry,Daylight
2020-07-09T16:12:00.000,I 75,I 75 and Mile Marker 250,,Rear End,2,Cloudy,Wet,Daylight