Date and Time,Roadway (From Crash Report),Intersection Name (from Crash Report),KABCO Severity,Manner of Collision (Crash Level) ,# of Vehicles per crash ,Weather Conditions (Crash Level),Surface Condition (Crash Level) ,Light Conditions (Crash Level)
2020-04-23T14:30:00.000,I 75,I 75 and Mile Marker 249D,,Not a Collision with Motor Vehicle,1,Cloudy,Wet,Daylight
2024-01-21T19:02:00.000,I 75,I 75 and Mile Marker 249.2,,Sideswipe-Same Direction,2,Clear,Dry,Dark-Lighted
2024-01-11T14:20:00.000,I 75,I 75 and Mile Marker 245 Pryor St,,Rear End,3,Clear,Dry,Daylight
2021-11-12T07:37:00.000,I 75,I 75 and Mile Marker 245,,Rear End,3,Clear,Dry,Daylight
2024-12-28T23:25:00.000,I 75,I 75 and Mile Marker 241,,Not a Collision with Motor Vehicle,1,Clear,Wet,Daylight
2023-11-25T23:14:00.000,I 75,I 75 and Mile Marker 24,,Rear End,2,Clear,Dry,Dark-Not Lighted
2020-02-10T16:05:00.000,I 75,I 75 and Mile Marker 238B,,Rear End,3,Rain,Wet,Daylight
2022-04-20T17:00:00.000,I 75,I 75 and Mile Marker 238,,Sideswipe-Same Direction,1,Clear,Dry,Daylight
2024-07-06T16:13:00.000,I 75,I 75 and Mile Marker 236,,Not a Collision with Motor Vehicle,1,Cloudy,Dry,Daylight
2023-09-13T08:00:00.000,I 75,I 75 and Mile Marker 234,,Rear End,2,Cloudy,Wet,Daylight
2022-01-16T12:33:00.000,I 75,I 75 and Mile Marker 231,,Not a Collision with Motor Vehicle,1,Snow,Wet,Daylight
2020-08-14T13:06:00.000,I 75,I 75 and Mile Marker 228; I75,,Sideswipe-Same Direction,2,Clear,Dry,Daylight
2021-07-30T21:54:00.000,I 75,I 75 and Mile Marker 2288,,Sideswipe-Same Direction,2,Clear,Dry,Dark-Not Lighted
2020-01-24T07:17:00.000,I 75,I 75 and Mile Marker 228,,Rear End,2,Rain,Wet,Daylight
2021-08-21T22:00:00.000,I 75,I 75 and Mile Marker 228,,Rear End,2,Clear,Dry,Dark-Not Lighted
2024-10-31T15:58:00.000,I 75,I 75 and Mile Marker 228,,Angle Crash,2,Clear,Dry,Daylight
2021-11-06T00:54:00.000,I 75,I 75 and Mile Marker 227,,Rear End,2,Clear,Dry,Dark-Lighted
2023-05-20T23:11:00.000,I 75,I 75 and Mile Marker 227,,Rear End,3,Clear,Dry,Dark-Lighted
2020-06-20T13:01:00.000,I 75,I 75 and Mile Marker 227,,Rear End,2,Clear,Dry,Daylight
2021-11-13T13:49:00.000,I 75,I 75 and Mile Marker 227,,Sideswipe-Same Direction,2,Clear,Dry,Daylight
2022-01-27T22:43:00.000,I 75,I 75 and Mile Marker 227,,Angle Crash,2,Clear,Dry,Dark-Not Lighted
2022-06-01T12:50:00.000,I 75,I 75 and Mile Marker 227,,Not a Collision with Motor Vehicle,1,Clear,Dry,Daylight
2024-11-20T19:15:00.000,I 75,I 75 and Mile Marker 227,,Rear End,2,Clear,Dry,Dark-Not Lighted
2024-04-17T16:22:00.000,I 75,I 75 and Mile Marker 227,,Sideswipe-Same Direction,2,Clear,Dry,Daylight
2024-04-21T01:49:00.000,I 75,I 75 and Mile Marker 227,,Not a Collision with Motor Vehicle,2,Rain,Wet,Dark-Lighted
2024-04-03T12:09:00.000,I 75,I 75 and Mile Marker 227,,Angle Crash,2,Clear,Dry,Daylight
2021-12-03T13:30:00.000,I 75,I 75 and Mile Marker 226,,Sideswipe-Same Direction,2,Clear,Dry,Daylight
2020-07-20T07:18:00.000,I 75,I 75 and Mile Marker 226,,Not a Collision with Motor Vehicle,2,Clear,Dry,Daylight
2021-12-19T14:58:00.000,I 75,I 75 and Mile Marker 226,,Rear End,2,Clear,Dry,Daylight
2024-08-06T18:25:00.000,I 75,I 75 and Mile Marker 226,,Not a Collision with Motor Vehicle,2,Cloudy,Dry,Daylight
2024-11-26T13:12:00.000,I 75,I 75 and Mile Marker 226,,Sideswipe-Same Direction,2,Clear,Dry,Daylight
2024-12-05T09:52:00.000,I 75,I 75 and Mile Marker 226,,Sideswipe-Same Direction,2,Clear,Dry,Daylight
2024-05-08T11:12:00.000,I 75,I 75 and Mile Marker 226,,Sideswipe-Same Direction,2,Clear,Dry,Daylight
2024-12-16T13:44:00.000,I 75,I 75 and Mile Marker 226,,Rear End,3,Clear,Dry,Daylight
2021-07-28T23:19:00.000,I 75,I 75 and Mile Marker 225,,Rear End,2,Clear,Dry,Dark-Not Lighted
2022-07-20T17:28:00.000,I 75,I 75 and Mile Marker 225,,Rear End,3,Clear,Dry,Daylight
2022-08-01T06:24:00.000,I 75,I 75 and Mile Marker 225,,Rear End,2,Clear,Dry,Daylight
2022-08-01T06:49:00.000,I 75,I 75 and Mile Marker 225,,Rear End,2,Clear,Dry,Daylight
2024-03-20T11:20:00.000,I 75,I 75 and Mile Marker 225,,Rear End,2,Clear,Dry,Daylight
2024-11-08T12:43:00.000,I 75,I 75 and Mile Marker 225,,Sideswipe-Same Direction,2,Clear,Dry,Daylight
2021-09-03T06:23:00.000,I 75,I 75 and Mile Marker 224; I75 N.,,Rear End,2,Clear,Dry,Dawn
2021-11-22T07:55:00.000,I 75,I 75 and Mile Marker 224.7,,Rear End,2,Cloudy,Dry,Daylight
2023-10-15T05:23:00.000,I 75,I 75 and Mile Marker 224,,Head On,5,Clear,Dry,Dark-Not Lighted
2021-05-12T12:24:00.000,I 75,I 75 and Mile Marker 224,,Rear End,2,Rain,Wet,Daylight
2022-07-10T15:07:00.000,I 75,I 75 and Mile Marker 224,,Rear End,2,Clear,Dry,Daylight
2022-06-03T15:45:00.000,I 75,I 75 and Mile Marker 224,,Rear End,3,Clear,Dry,Daylight
2021-11-09T02:30:00.000,I 75,I 75 and Mile Marker 223,,Rear End,2,Clear,Dry,Dark-Not Lighted
2023-10-16T16:31:00.000,I 75,I 75 and Mile Marker 221,,Sideswipe-Same Direction,4,Cloudy,Dry,Daylight
2020-07-05T13:15:00.000,I 75,I 75 and Mile Marker 22,,Sideswipe-Same Direction,2,Cloudy,Dry,Daylight
2023-10-12T07:05:00.000,I 75,I 75 and Mile Marker 219,,Rear End,2,Rain,Wet,Dark-Not Lighted
2021-09-23T16:48:00.000,I 75,I 75 and Mile Marker 219,,Sideswipe-Same Direction,2,Clear,Dry,Daylight
2021-10-28T13:54:00.000,I 75,I 75 and Mile Marker 218,,Rear End,2,Cloudy,Wet,Daylight
2023-03-18T09:59:00.000,I 75,I 75 and Mile Marker 216,,Rear End,2,Clear,Dry,Daylight
2022-05-01T21:39:00.000,I 75,I 75 and Mile Marker 215,,Sideswipe-Same Direction,3,Clear,Dry,Dark-Lighted
2023-09-23T06:57:00.000,I 75,I 75 and Mile Marker 215,,Head On,2,Clear,Dry,Dark-Lighted
2021-06-14T08:10:00.000,I 75,I 75 and Mile Marker 214,,Sideswipe-Same Direction,2,Clear,Dry,Daylight
2020-11-29T15:20:00.000,I 75,I 75 and Mile Marker 214,,Rear End,2,Rain,Wet,Daylight
2022-05-01T21:39:00.000,I 75,I 75 and Mile Marker 214,,Rear End,2,Clear,Dry,Dark-Lighted
2024-11-22T20:25:00.000,I 75,I 75 and Mile Marker 214,,Rear End,2,Clear,Dry,Dark-Not Lighted
2020-02-10T14:30:00.000,I 75,I 75 and Mile Marker 213,,Not a Collision with Motor Vehicle,2,Cloudy,Wet,Daylight
2020-02-14T16:00:00.000,I 75,I 75 and Mile Marker 213,,Rear End,3,Clear,Dry,Daylight
2022-10-06T09:37:00.000,I 75,I 75 and Mile Marker 213,,Angle Crash,2,Clear,Dry,Daylight
2022-04-20T11:05:00.000,I 75,I 75 and Mile Marker 213,,Rear End,2,Clear,Dry,Daylight
2024-11-18T21:04:00.000,I 75,I 75 and Mile Marker 213,,Sideswipe-Same Direction,3,Clear,Dry,Dark-Not Lighted
2021-04-16T00:45:00.000,I 75,I 75 and Mile Marker 2121,,Angle Crash,2,Clear,Dry,Dark-Not Lighted
2023-10-22T00:48:00.000,I 75,I 75 and Mile Marker 212,,Not a Collision with Motor Vehicle,1,Clear,Dry,Dark-Lighted
2023-08-25T06:20:00.000,I 75,I 75 and Mile Marker 212,,Sideswipe-Same Direction,2,Clear,Dry,Dawn
2024-06-02T12:01:00.000,I 75,I 75 and Mile Marker 212,,Sideswipe-Same Direction,2,Cloudy,Dry,Daylight
2021-07-27T19:11:00.000,I 75,I 75 and Mile Marker 211,,Rear End,2,Rain,Wet,Daylight
2020-11-21T14:18:00.000,I 75,I 75 and Mile Marker 211,,Rear End,2,Clear,Dry,Daylight
2022-05-01T16:15:00.000,I 75,I 75 and Mile Marker 211,,Rear End,2,Clear,Dry,Daylight
2020-03-14T14:58:00.000,I 75,I 75 and Mile Marker 210,,Rear End,2,Clear,Dry,Daylight
2022-07-22T07:35:00.000,I 75,I 75 and Mile Marker 210,,Angle Crash,2,Clear,Dry,Daylight
2020-09-04T14:55:00.000,I 75,I 75 and Mile Marker 209,,Rear End,2,Clear,Dry,Daylight
2021-04-23T14:15:00.000,I 75,I 75 and Mile Marker 209,,Not a Collision with Motor Vehicle,2,Clear,Dry,Daylight
2024-03-25T10:49:00.000,I 75,I 75 and Mile Marker 209,,Angle Crash,2,Clear,Dry,Daylight
2021-12-11T16:10:00.000,I 75,I 75 and Mile Marker 208,,Not a Collision with Motor Vehicle,1,Rain,Wet,Daylight
2021-10-05T07:46:00.000,I 75,I 75 and Mile Marker 208,,Not a Collision with Motor Vehicle,1,Clear,Wet,Daylight
2021-11-07T16:45:00.000,I 75,I 75 and Mile Marker 208,,Not a Collision with Motor Vehicle,1,Clear,Dry,Daylight
2020-09-16T10:30:00.000,I 75,I 75 and Mile Marker 208,,Sideswipe-Same Direction,2,Rain,Wet,Daylight
2021-06-18T14:35:00.000,I 75,I 75 and Mile Marker 208,,Rear End,2,Cloudy,Dry,Daylight
2021-11-23T16:25:00.000,I 75,I 75 and Mile Marker 208,,Rear End,2,Clear,Dry,Daylight
2021-10-16T14:20:00.000,I 75,I 75 and Mile Marker 208,,Rear End,2,Clear,Dry,Daylight
2022-03-07T16:33:00.000,I 75,I 75 and Mile Marker 208,,Not a Collision with Motor Vehicle,1,Clear,Wet,Daylight
2022-11-25T17:41:00.000,I 75,I 75 and Mile Marker 208,,Sideswipe-Same Direction,2,Clear,Wet,Dark-Not Lighted
2022-10-31T06:15:00.000,I 75,I 75 and Mile Marker 208,,Sideswipe-Same Direction,2,Rain,Wet,Dark-Not Lighted
2022-11-16T02:42:00.000,I 75,I 75 and Mile Marker 208,,Not a Collision with Motor Vehicle,3,Cloudy,Wet,Dark-Not Lighted
2023-01-15T14:47:00.000,I 75,I 75 and Mile Marker 208,,Rear End,2,Clear,Dry,Daylight
2023-02-10T23:32:00.000,I 75,I 75 and Mile Marker 208,,Sideswipe-Same Direction,2,Clear,Dry,Dark-Not Lighted
2023-10-09T17:55:00.000,I 75,I 75 and Mile Marker 208,,Not a Collision with Motor Vehicle,1,Clear,Dry,Daylight
2023-01-11T23:13:00.000,I 75,I 75 and Mile Marker 208,,Sideswipe-Same Direction,3,Clear,Dry,Daylight
2021-04-03T16:43:00.000,I 75,I 75 and Mile Marker 207,,Sideswipe-Same Direction,2,Clear,Dry,Daylight
2021-05-28T14:30:00.000,I 75,I 75 and Mile Marker 207,,Rear End,2,Cloudy,Dry,Daylight
2021-07-07T11:57:00.000,I 75,I 75 and Mile Marker 207,,Not a Collision with Motor Vehicle,1,Clear,Dry,Daylight
2021-06-25T16:00:00.000,I 75,I 75 and Mile Marker 207,,Sideswipe-Same Direction,2,Clear,Dry,Daylight
2021-07-02T12:55:00.000,I 75,I 75 and Mile Marker 207,,Rear End,2,Rain,Wet,Daylight
2023-11-03T21:52:00.000,I 75,I 75 and Mile Marker 207,,Sideswipe-Same Direction,2,Clear,Dry,Dark-Not Lighted
2023-02-11T22:17:00.000,I 75,I 75 and Mile Marker 207,,Not a Collision with Motor Vehicle,1,Rain,Wet,Dark-Not Lighted
2023-02-17T08:39:00.000,I 75,I 75 and Mile Marker 207,,Sideswipe-Same Direction,2,Clear,Dry,Dark-Not Lighted
2023-04-05T13:41:00.000,I 75,I 75 and Mile Marker 207,,Not a Collision with Motor Vehicle,1,Clear,Dry,Daylight
2020-11-21T12:14:00.000,I 75,I 75 and Mile Marker 207,,Rear End,2,Clear,Dry,Daylight
2020-05-27T12:00:00.000,I 75,I 75 and Mile Marker 207,,Sideswipe-Same Direction,2,Rain,Wet,Daylight
2021-05-23T12:30:00.000,I 75,I 75 and Mile Marker 207,,Not a Collision with Motor Vehicle,1,Clear,Dry,Daylight
2022-08-23T18:00:00.000,I 75,I 75 and Mile Marker 207,,Sideswipe-Same Direction,2,Clear,Dry,Daylight
2022-08-06T21:51:00.000,I 75,I 75 and Mile Marker 207,,Not a Collision with Motor Vehicle,1,Rain,Wet,Dark-Not Lighted
2022-12-11T20:17:00.000,I 75,I 75 and Mile Marker 207,,Not a Collision with Motor Vehicle,1,Rain,Wet,Dark-Not Lighted
2022-09-06T16:40:00.000,I 75,I 75 and Mile Marker 207,,Sideswipe-Same Direction,1,Clear,Dry,Daylight
2022-02-27T13:15:00.000,I 75,I 75 and Mile Marker 207,,Rear End,2,Rain,Wet,Daylight
2024-05-10T07:00:00.000,I 75,I 75 and Mile Marker 207,,Sideswipe-Same Direction,2,Cloudy,Wet,Daylight
2023-06-13T22:26:00.000,I 75,I 75 and Mile Marker 207,,Sideswipe-Same Direction,2,Clear,Dry,Dark-Not Lighted
2023-03-18T13:59:00.000,I 75,I 75 and Mile Marker 207,,Rear End,2,Clear,Dry,Daylight
2024-02-13T06:01:00.000,I 75,I 75 and Mile Marker 207,,Not a Collision with Motor Vehicle,1,Clear,Dry,Dark-Not Lighted
2022-03-26T15:16:00.000,I 75,I 75 and Mile Marker 206.5,,Rear End,3,Clear,Dry,Daylight
2021-10-08T10:40:00.000,I 75,I 75 and Mile Marker 206,,Rear End,2,Clear,Dry,Daylight
2021-08-25T20:02:00.000,I 75,I 75 and Mile Marker 206,,Sideswipe-Same Direction,2,Clear,Dry,Dark-Not Lighted
2021-10-16T17:00:00.000,I 75,I 75 and Mile Marker 206,,Not a Collision with Motor Vehicle,1,Clear,Dry,Daylight
2021-10-15T16:10:00.000,I 75,I 75 and Mile Marker 206,,Rear End,2,Clear,Dry,Daylight
2021-04-10T13:00:00.000,I 75,I 75 and Mile Marker 206,,Rear End,3,Rain,Wet,Daylight
2023-01-31T17:59:00.000,I 75,I 75 and Mile Marker 206,,Not a Collision with Motor Vehicle,2,Clear,Dry,Dark-Not Lighted
2020-01-09T18:50:00.000,I 75,I 75 and Mile Marker 206,,Angle Crash,2,Clear,Dry,Dark-Not Lighted
2020-07-02T13:00:00.000,I 75,I 75 and Mile Marker 206,,Rear End,1,Cloudy,Dry,Daylight
2021-12-30T20:34:00.000,I 75,I 75 and Mile Marker 206,,Rear End,2,Clear,Wet,Dark-Lighted
2021-07-15T22:51:00.000,I 75,I 75 and Mile Marker 206,,Not a Collision with Motor Vehicle,1,Clear,Dry,Dark-Lighted
2021-08-17T07:00:00.000,I 75,I 75 and Mile Marker 206,,Rear End,2,Rain,Wet,Dark-Not Lighted
2022-09-05T18:33:00.000,I 75,I 75 and Mile Marker 206,,Rear End,3,Rain,Wet,Daylight
2021-07-11T18:44:00.000,I 75,I 75 and Mile Marker 206,,Not a Collision with Motor Vehicle,1,Clear,Dry,Daylight
2021-12-22T13:31:00.000,I 75,I 75 and Mile Marker 206,,Rear End,2,Cloudy,Wet,Daylight
2021-07-25T15:20:00.000,I 75,I 75 and Mile Marker 206,,Rear End,2,Clear,Dry,Daylight
2021-11-23T13:20:00.000,I 75,I 75 and Mile Marker 206,,Rear End,3,Clear,Dry,Daylight
2022-10-16T20:51:00.000,I 75,I 75 and Mile Marker 206,,Sideswipe-Same Direction,2,Clear,Dry,Daylight
2022-09-22T20:10:00.000,I 75,I 75 and Mile Marker 206,,Sideswipe-Same Direction,2,Clear,Dry,Dark-Not Lighted
2022-04-29T14:06:00.000,I 75,I 75 and Mile Marker 206,,Not a Collision with Motor Vehicle,1,Clear,Dry,Daylight
2021-11-20T17:10:00.000,I 75,I 75 and Mile Marker 205 Exit Rp,,Sideswipe-Same Direction,2,Clear,Dry,Daylight
2021-12-31T11:22:00.000,I 75,I 75 and Mile Marker 205,,Rear End,2,Rain,Wet,Daylight
2021-09-05T05:03:00.000,I 75,I 75 and Mile Marker 205,,Not a Collision with Motor Vehicle,1,Clear,Dry,Dark-Not Lighted
2021-07-24T19:45:00.000,I 75,I 75 and Mile Marker 205,,Rear End,2,Clear,Dry,Daylight
2023-02-09T12:43:00.000,I 75,I 75 and Mile Marker 205,,Sideswipe-Same Direction,2,Clear,Dry,Daylight
2021-01-20T18:55:00.000,I 75,I 75 and Mile Marker 205,,Rear End,4,Clear,Dry,Dark-Not Lighted
2021-10-11T03:00:00.000,I 75,I 75 and Mile Marker 205,,Rear End,4,Clear,Dry,Dark-Lighted
2021-12-16T18:31:00.000,I 75,I 75 and Mile Marker 205,,Sideswipe-Same Direction,2,Clear,Dry,Dark-Not Lighted
2021-11-27T17:55:00.000,I 75,I 75 and Mile Marker 205,,Sideswipe-Same Direction,2,Cloudy,Dry,Dark-Not Lighted
2021-07-19T18:43:00.000,I 75,I 75 and Mile Marker 205,,Sideswipe-Same Direction,2,Rain,Wet,Daylight
2021-07-19T18:59:00.000,I 75,I 75 and Mile Marker 205,,Angle Crash,2,Rain,Wet,Daylight
2022-03-24T21:42:00.000,I 75,I 75 and Mile Marker 205,,Angle Crash,2,Clear,Dry,Dark-Not Lighted
2022-05-26T23:30:00.000,I 75,I 75 and Mile Marker 205,,Not a Collision with Motor Vehicle,2,Rain,Wet,Dark-Lighted
2022-05-27T11:17:00.000,I 75,I 75 and Mile Marker 205,,Sideswipe-Same Direction,2,Clear,Dry,Daylight
2021-11-20T12:40:00.000,I 75,I 75 and Mile Marker 205,,Rear End,2,Clear,Dry,Daylight
2022-05-26T23:10:00.000,I 75,I 75 and Mile Marker 205,,Sideswipe-Same Direction,2,Rain,Wet,Dark-Lighted
2022-07-16T13:12:00.000,I 75,I 75 and Mile Marker 205,,Rear End,3,Clear,Dry,Daylight
2023-01-05T13:20:00.000,I 75,I 75 and Mile Marker 205,,Not a Collision with Motor Vehicle,1,Clear,Dry,Daylight
2023-02-06T08:52:00.000,I 75,I 75 and Mile Marker 204,,Sideswipe-Same Direction,2,Clear,Dry,Daylight
2022-10-06T07:56:00.000,I 75,I 75 and Mile Marker 204,,Sideswipe-Same Direction,2,Clear,Dry,Daylight
2022-07-30T11:43:00.000,I 75,I 75 and Mile Marker 204,,Rear End,2,Clear,Dry,Daylight
2022-07-30T11:43:00.000,I 75,I 75 and Mile Marker 204,,Rear End,3,Clear,Dry,Daylight
2021-10-10T01:06:00.000,I 75,I 75 and Mile Marker 203,,Angle Crash,2,Clear,Dry,Dark-Not Lighted
2021-08-15T12:30:00.000,I 75,I 75 and Mile Marker 203,,Not a Collision with Motor Vehicle,1,Clear,Dry,Daylight
2022-06-28T14:23:00.000,I 75,I 75 and Mile Marker 203,,Rear End,2,Clear,Wet,Daylight
2021-12-26T08:45:00.000,I 75,I 75 and Mile Marker 203,,Not a Collision with Motor Vehicle,1,Clear,Dry,Daylight
2022-04-30T06:58:00.000,I 75,I 75 and Mile Marker 203,,Not a Collision with Motor Vehicle,1,Clear,Dry,Daylight
2022-05-23T07:53:00.000,I 75,I 75 and Mile Marker 203,,Not a Collision with Motor Vehicle,1,Rain,Wet,Daylight
2021-04-25T17:02:00.000,I 75,I 75 and Mile Marker 2027,,Not a Collision with Motor Vehicle,1,Clear,Dry,Daylight
2021-06-23T16:00:00.000,I 75,I 75 and Mile Marker 202,,Sideswipe-Same Direction,1,Cloudy,Dry,Daylight
2021-04-09T14:40:00.000,I 75,I 75 and Mile Marker 202,,Rear End,2,Cloudy,Dry,Daylight
2021-09-02T16:54:00.000,I 75,I 75 and Mile Marker 202,,Not a Collision with Motor Vehicle,1,Clear,Dry,Daylight
2023-02-26T18:47:00.000,I 75,I 75 and Mile Marker 202,,Sideswipe-Same Direction,2,Clear,Dry,Dark-Not Lighted
2021-05-29T13:00:00.000,I 75,I 75 and Mile Marker 202,,Sideswipe-Same Direction,2,Clear,Dry,Daylight
2022-04-01T14:07:00.000,I 75,I 75 and Mile Marker 202,,Rear End,2,Clear,Dry,Daylight
2022-12-29T17:03:00.000,I 75,I 75 and Mile Marker 202,,Angle Crash,2,Clear,Dry,Daylight
2022-12-07T21:01:00.000,I 75,I 75 and Mile Marker 202,,Rear End,3,Clear,Dry,Daylight
2022-05-27T00:07:00.000,I 75,I 75 and Mile Marker 202,,Not a Collision with Motor Vehicle,1,Clear,Wet,Dark-Lighted
2022-11-24T22:45:00.000,I 75,I 75 and Mile Marker 202,,Rear End,2,Clear,Dry,Dark-Not Lighted
2022-04-01T14:07:00.000,I 75,I 75 and Mile Marker 202,,Rear End,2,Clear,Dry,Daylight
2022-11-26T05:25:00.000,I 75,I 75 and Mile Marker 202,,Sideswipe-Same Direction,2,Clear,Dry,Dark-Not Lighted
2022-10-05T21:34:00.000,I 75,I 75 and Mile Marker 202,,Not a Collision with Motor Vehicle,1,Clear,Dry,Dark-Not Lighted
2024-12-21T08:32:00.000,I 75,I 75 and Mile Marker 202,,Sideswipe-Same Direction,2,Clear,Dry,Daylight
2021-12-30T18:09:00.000,I 75,I 75 and Mile Marker 201,,Rear End,2,Clear,Wet,Dark-Lighted
2020-01-17T15:01:00.000,I 75,I 75 and Mile Marker 201,,Sideswipe-Same Direction,2,Clear,Dry,Daylight
2023-07-02T12:45:00.000,I 75,I 75 and Mile Marker 201,,Sideswipe-Same Direction,2,Clear,Dry,Daylight
2023-01-08T16:10:00.000,I 75,I 75 and Mile Marker 201,,Not a Collision with Motor Vehicle,1,Cloudy,Dry,Daylight
2020-11-11T00:55:00.000,I 75,I 75 and Mile Marker 201,,Rear End,4,Cloudy,Wet,Dark-Not Lighted
2020-08-18T08:42:00.000,I 75,I 75 and Mile Marker 201,,Sideswipe-Same Direction,2,Clear,Dry,Daylight
2020-11-09T06:20:00.000,I 75,I 75 and Mile Marker 201,,Sideswipe-Same Direction,3,Cloudy,Wet,Dark-Lighted
2021-11-17T14:53:00.000,I 75,I 75 and Mile Marker 201,,Angle Crash,2,Clear,Dry,Daylight
2022-04-26T15:18:00.000,I 75,I 75 and Mile Marker 201,,Sideswipe-Same Direction,4,Clear,Dry,Daylight
2021-08-09T23:46:00.000,I 75,I 75 and Mile Marker 201,,Sideswipe-Same Direction,3,Clear,Dry,Dark-Not Lighted
2022-10-15T22:34:00.000,I 75,I 75 and Mile Marker 201,,Angle Crash,4,Clear,Dry,Dark-Not Lighted
2022-06-04T08:50:00.000,I 75,I 75 and Mile Marker 201,,Sideswipe-Same Direction,2,Cloudy,Dry,Daylight
2022-11-26T15:50:00.000,I 75,I 75 and Mile Marker 201,,Rear End,2,Clear,Dry,Daylight
2023-03-12T14:48:00.000,I 75,I 75 and Mile Marker 201,,Rear End,2,Cloudy,Wet,Daylight
2024-07-30T07:36:00.000,I 75,I 75 and Mile Marker 201,,Sideswipe-Same Direction,3,Cloudy,Dry,Daylight
2024-12-08T13:15:00.000,I 75,I 75 and Mile Marker 201,,Rear End,2,Cloudy,Dry,Daylight
2024-07-06T18:34:00.000,I 75,I 75 and Mile Marker 201,,Not a Collision with Motor Vehicle,1,Clear,Wet,Daylight
2021-04-28T13:51:00.000,I 75,I 75 and Mile Marker 200,,Not a Collision with Motor Vehicle,1,Clear,Dry,Daylight
2021-12-02T18:15:00.000,I 75,I 75 and Mile Marker 200,,Sideswipe-Same Direction,2,Clear,Dry,Dark-Not Lighted
2021-06-12T15:19:00.000,I 75,I 75 and Mile Marker 200,,Not a Collision with Motor Vehicle,1,Cloudy,Dry,Daylight
2021-04-02T17:03:00.000,I 75,I 75 and Mile Marker 200,,Rear End,2,Clear,Dry,Daylight
2021-08-14T16:10:00.000,I 75,I 75 and Mile Marker 200,,Rear End,2,Rain,Wet,Daylight
2020-06-14T17:25:00.000,I 75,I 75 and Mile Marker 200,,Head On,2,Cloudy,Dry,Daylight
2023-09-08T18:57:00.000,I 75,I 75 and Mile Marker 200,,Sideswipe-Same Direction,2,Clear,Dry,Daylight
2020-09-04T17:10:00.000,I 75,I 75 and Mile Marker 200,,Angle Crash,1,Clear,Dry,Daylight
2020-07-01T14:18:00.000,I 75,I 75 and Mile Marker 200,,Sideswipe-Same Direction,2,Rain,Wet,Daylight
2020-10-07T23:37:00.000,I 75,I 75 and Mile Marker 200,,Rear End,2,Clear,Dry,Dark-Not Lighted
2020-11-06T15:00:00.000,I 75,I 75 and Mile Marker 200,,Sideswipe-Same Direction,2,Clear,Dry,Daylight
2021-08-24T15:10:00.000,I 75,I 75 and Mile Marker 200,,Not a Collision with Motor Vehicle,1,Clear,Dry,Daylight
2022-05-12T12:48:00.000,I 75,I 75 and Mile Marker 200,,Angle Crash,2,Clear,Dry,Daylight
2022-02-14T07:34:00.000,I 75,I 75 and Mile Marker 200,,Angle Crash,2,Clear,Dry,Daylight
2023-09-21T21:20:00.000,I 75,I 75 and Mile Marker 200,,Sideswipe-Same Direction,2,Clear,Dry,Dark-Lighted
2023-03-02T06:55:00.000,I 75,I 75 and Mile Marker 200,,Sideswipe-Same Direction,2,Cloudy,Wet,Dawn
2024-10-21T12:44:00.000,I 75,I 75 and Mile Marker 200,,Sideswipe-Same Direction,2,Clear,Dry,Daylight
2024-11-19T15:02:00.000,I 75,I 75 and Mile Marker 200,,Not a Collision with Motor Vehicle,1,Rain,Wet,Daylight
2024-06-07T13:25:00.000,I 75,I 75 and Mile Marker 200,,Rear End,2,Clear,Dry,Daylight
2021-05-25T02:10:00.000,I 75,I 75 and Mile Marker 199,,Not a Collision with Motor Vehicle,1,Clear,Dry,Dark-Not Lighted
2021-01-24T11:43:00.000,I 75,I 75 and Mile Marker 199,,Rear End,2,Cloudy,Dry,Daylight
2023-02-19T21:17:00.000,I 75,I 75 and Mile Marker 199,,Sideswipe-Same Direction,2,Clear,Dry,Daylight
2023-10-08T18:27:00.000,I 75,I 75 and Mile Marker 199,,Rear End,2,Clear,Dry,Daylight
2023-05-12T15:20:00.000,I 75,I 75 and Mile Marker 199,,Rear End,2,Rain,Wet,Daylight
2023-07-25T19:10:00.000,I 75,I 75 and Mile Marker 199,,Sideswipe-Same Direction,2,Clear,Dry,Daylight
2023-07-22T18:55:00.000,I 75,I 75 and Mile Marker 199,,Rear End,2,Rain,Wet,Daylight
2020-08-13T13:21:00.000,I 75,I 75 and Mile Marker 199,,Not a Collision with Motor Vehicle,1,Clear,Dry,Daylight
2020-10-18T16:45:00.000,I 75,I 75 and Mile Marker 199,,Rear End,2,Clear,Dry,Daylight