Date and Time,Roadway (From Crash Report),Intersection Name (from Crash Report),KABCO Severity,Manner of Collision (Crash Level) ,# of Vehicles per crash ,Weather Conditions (Crash Level),Surface Condition (Crash Level) ,Light Conditions (Crash Level)
2020-01-14T11:55:00.000,I 75,I 75 and Mile Marker 199,,Sideswipe-Same Direction,1,Rain,Wet,Daylight
2020-11-22T23:10:00.000,I 75,I 75 and Mile Marker 199,,Rear End,2,Clear,Dry,Dark-Not Lighted
2020-07-25T11:14:00.000,I 75,I 75 and Mile Marker 199,,Rear End,2,Clear,Dry,Daylight
2020-06-13T01:51:00.000,I 75,I 75 and Mile Marker 199,,Not a Collision with Motor Vehicle,1,Cloudy,Dry,Dark-Not Lighted
2020-01-14T12:20:00.000,I 75,I 75 and Mile Marker 199,,Rear End,2,Rain,Wet,Daylight
2020-11-21T09:44:00.000,I 75,I 75 and Mile Marker 199,,Rear End,4,Clear,Dry,Daylight
2020-10-12T19:13:00.000,I 75,I 75 and Mile Marker 199,,Rear End,2,Clear,Dry,Daylight
2021-04-18T09:48:00.000,I 75,I 75 and Mile Marker 199,,Sideswipe-Same Direction,3,Clear,Dry,Daylight
2021-11-19T15:00:00.000,I 75,I 75 and Mile Marker 199,,Rear End,2,Clear,Dry,Daylight
2022-01-04T07:25:00.000,I 75,I 75 and Mile Marker 199,,Not a Collision with Motor Vehicle,1,Clear,Dry,Daylight
2022-04-26T16:43:00.000,I 75,I 75 and Mile Marker 199,,Rear End,2,Clear,Dry,Daylight
2022-01-23T02:15:00.000,I 75,I 75 and Mile Marker 199,,Rear End,2,Cloudy,Dry,Dark-Not Lighted
2022-04-16T14:54:00.000,I 75,I 75 and Mile Marker 199,,Rear End,2,Clear,Dry,Daylight
2023-09-12T01:51:00.000,I 75,I 75 and Mile Marker 199,,Rear End,2,Cloudy,Dry,Dark-Not Lighted
2024-11-28T10:15:00.000,I 75,I 75 and Mile Marker 199,,Rear End,3,Cloudy,Wet,Daylight
2023-03-13T12:30:00.000,I 75,I 75 and Mile Marker 199,,Rear End,2,Clear,Dry,Daylight
2024-11-28T10:15:00.000,I 75,I 75 and Mile Marker 199,,Rear End,2,Cloudy,Wet,Daylight
2024-12-30T17:30:00.000,I 75,I 75 and Mile Marker 199,,Angle Crash,3,Clear,Dry,Dark-Not Lighted
2024-07-20T07:25:00.000,I 75,I 75 and Mile Marker 199,,Not a Collision with Motor Vehicle,1,Clear,Wet,Daylight
2024-07-16T14:20:00.000,I 75,I 75 and Mile Marker 199,,Rear End,2,Clear,Dry,Daylight
2024-06-07T15:04:00.000,I 75,I 75 and Mile Marker 199,,Rear End,2,Clear,Dry,Daylight
2024-07-21T15:20:00.000,I 75,I 75 and Mile Marker 199,,Sideswipe-Same Direction,2,Rain,Wet,Daylight
2021-06-09T14:08:00.000,I 75,I 75 and Mile Marker 198,,Rear End,2,Clear,Dry,Daylight
2020-12-31T10:54:00.000,I 75,I 75 and Mile Marker 198,,Rear End,2,Rain,Wet,Daylight
2020-09-27T08:55:00.000,I 75,I 75 and Mile Marker 198,,Sideswipe-Same Direction,2,Clear,Dry,Daylight
2020-02-11T09:38:00.000,I 75,I 75 and Mile Marker 198,,Rear End,2,Rain,Wet,Daylight
2020-12-27T05:10:00.000,I 75,I 75 and Mile Marker 198,,Rear End,2,Clear,Dry,Dark-Lighted
2021-11-28T14:45:00.000,I 75,I 75 and Mile Marker 198,,Rear End,2,Cloudy,Dry,Daylight
2022-11-27T16:10:00.000,I 75,I 75 and Mile Marker 198,,Rear End,2,Clear,Dry,Daylight
2022-02-11T12:15:00.000,I 75,I 75 and Mile Marker 198,,Sideswipe-Same Direction,2,Clear,Dry,Daylight
2022-04-20T22:37:00.000,I 75,I 75 and Mile Marker 198,,Sideswipe-Same Direction,2,Clear,Dry,Dark-Not Lighted
2021-11-28T19:55:00.000,I 75,I 75 and Mile Marker 197,,Rear End,2,Clear,Dry,Dark-Not Lighted
2024-08-11T19:04:00.000,I 75,I 75 and Mile Marker 197,,Rear End,2,Clear,Dry,Daylight
2020-01-21T18:48:00.000,I 75,I 75 and Mile Marker 196,,Rear End,2,Clear,Dry,Dark-Not Lighted
2020-01-03T15:15:00.000,I 75,I 75 and Mile Marker 193,,Rear End,2,Cloudy,Wet,Daylight
2020-09-09T02:58:00.000,I 75,I 75 and Mile Marker 193,,Sideswipe-Same Direction,2,Clear,Dry,Dark-Not Lighted
2023-11-28T16:52:00.000,I 75,I 75 and Mile Marker 191,,Angle Crash,2,Clear,Dry,Daylight
2020-02-04T16:00:00.000,I 75,I 75 and Mile Marker 191,,Rear End,2,Clear,Dry,Daylight
2024-09-22T15:20:00.000,I 75,I 75 and Mile Marker 191,,Angle Crash,2,Clear,Dry,Daylight
2020-08-13T11:00:00.000,I 75,I 75 and Mile Marker 190,,Not a Collision with Motor Vehicle,1,Clear,Wet,Daylight
2020-10-15T21:50:00.000,I 75,I 75 and Mile Marker 190,,Sideswipe-Same Direction,2,Clear,Dry,Dark-Not Lighted
2021-07-22T15:59:00.000,I 75,I 75 and Mile Marker 189,,Rear End,2,Clear,Dry,Daylight
2023-03-14T08:10:00.000,I 75,I 75 and Mile Marker 188   Collier Rd,,Not a Collision with Motor Vehicle,1,Clear,Dry,Daylight
2024-05-12T16:24:00.000,I 75,I 75 and Mile Marker 188,,Angle Crash,3,Clear,Dry,Daylight
2020-12-14T06:56:00.000,I 75,I 75 and Mile Marker 187,,Angle Crash,1,Rain,Wet,Dark-Lighted
2022-04-05T15:00:00.000,I 75,I 75 and Mile Marker 187,,Not a Collision with Motor Vehicle,1,Rain,Wet,Daylight
2022-12-24T11:03:00.000,I 75,I 75 and Mile Marker 187,,Sideswipe-Same Direction,2,Clear,Dry,Daylight
2020-09-07T16:20:00.000,I 75,I 75 and Mile Marker 186,,Rear End,3,Clear,Dry,Daylight
2020-08-24T17:01:00.000,I 75,I 75 and Mile Marker 186,,Angle Crash,2,Rain,Wet,Daylight
2023-01-28T21:03:00.000,I 75,I 75 and Mile Marker 185,,Sideswipe-Same Direction,2,Clear,Dry,Dark-Lighted
2020-06-20T11:56:00.000,I 75,I 75 and Mile Marker 185,,Angle Crash,2,Clear,Dry,Daylight
2020-08-11T15:13:00.000,I 75,I 75 and Mile Marker 185,,Sideswipe-Same Direction,2,Clear,Dry,Daylight
2020-07-18T12:57:00.000,I 75,I 75 and Mile Marker 185,,Rear End,5,Clear,Dry,Daylight
2020-08-01T16:18:00.000,I 75,I 75 and Mile Marker 185,,Angle Crash,1,Clear,Dry,Daylight
2023-11-25T10:00:00.000,I 75,I 75 and Mile Marker 184.,,Rear End,3,Clear,Dry,Daylight
2023-12-22T17:40:00.000,I 75,I 75 and Mile Marker 184,,Rear End,2,Clear,Dry,Daylight
2021-11-22T14:57:00.000,I 75,I 75 and Mile Marker 183,,Not a Collision with Motor Vehicle,2,Clear,Dry,Daylight
2021-03-13T11:15:00.000,I 75,I 75 and Mile Marker 182,,Rear End,2,Clear,Dry,Daylight
2023-05-30T16:00:00.000,I 75,I 75 and Mile Marker 181,,Sideswipe-Same Direction,2,Clear,Dry,Daylight
2022-07-18T17:58:00.000,I 75,I 75 and Mile Marker 180,,Not a Collision with Motor Vehicle,1,Clear,Dry,Daylight
2024-01-11T15:30:00.000,I 75,I 75 and Mile Marker 180,,Not a Collision with Motor Vehicle,2,Clear,Dry,Daylight
2020-10-10T23:50:00.000,I 75,I 75 and Mile Marker 178,,Not a Collision with Motor Vehicle,1,Rain,Wet,Dark-Not Lighted
2020-03-11T12:30:00.000,I 75,I 75 and Mile Marker 178,,Not a Collision with Motor Vehicle,1,Clear,Dry,Daylight
2024-04-16T11:40:00.000,I 75,I 75 and Mile Marker 178,,Head On,2,Clear,Dry,Daylight
2021-06-06T08:53:00.000,I 75,I 75 and Mile Marker 177,,Sideswipe-Same Direction,2,Clear,Dry,Daylight
2020-07-04T21:43:00.000,I 75,I 75 and Mile Marker 176,,Not a Collision with Motor Vehicle,1,Cloudy,Dry,Dark-Not Lighted
2021-10-21T21:55:00.000,I 75,I 75 and Mile Marker 175,,Not a Collision with Motor Vehicle,1,Clear,Dry,Dark-Not Lighted
2024-05-03T17:00:00.000,I 75,I 75 and Mile Marker 173,,Sideswipe-Same Direction,2,Clear,Dry,Daylight
2022-01-30T16:13:00.000,I 75,I 75 and Mile Marker 172,,Not a Collision with Motor Vehicle,1,Clear,Dry,Daylight
2022-06-07T12:33:00.000,I 75,I 75 and Mile Marker 171 Riverside Dr,,Not a Collision with Motor Vehicle,2,Clear,Dry,Daylight
2021-02-13T12:40:00.000,I 75,I 75 and Mile Marker 171,,Not a Collision with Motor Vehicle,1,Rain,Wet,Daylight
2020-03-04T15:22:00.000,I 75,I 75 and Mile Marker 171,,Not a Collision with Motor Vehicle,1,Rain,Wet,Daylight
2020-03-18T17:24:00.000,I 75,I 75 and Mile Marker 171,,Not a Collision with Motor Vehicle,1,Cloudy,Dry,Daylight
2021-06-07T16:00:00.000,I 75,I 75 and Mile Marker 171,,Not a Collision with Motor Vehicle,1,Rain,Wet,Daylight
2022-05-26T14:31:00.000,I 75,I 75 and Mile Marker 171,,Sideswipe-Same Direction,2,Cloudy,Dry,Daylight
2024-07-23T18:25:00.000,I 75,I 75 and Mile Marker 171,,Rear End,8,Rain,Wet,Daylight
2023-10-12T08:18:00.000,I 75,I 75 and Mile Marker 171,,Not a Collision with Motor Vehicle,1,Rain,Wet,Daylight
2024-09-26T19:05:00.000,I 75,I 75 and Mile Marker 171,,Not a Collision with Motor Vehicle,1,Rain,Wet,Dusk
2024-05-17T15:33:00.000,I 75,I 75 and Mile Marker 171,,Not a Collision with Motor Vehicle,1,Rain,Wet,Daylight
2023-11-27T17:49:00.000,I 75,I 75 and Mile Marker 170,,Rear End,2,Clear,Dry,Dark-Not Lighted
2020-02-08T13:31:00.000,I 75,I 75 and Mile Marker 169,,Not a Collision with Motor Vehicle,4,Rain,Wet,Daylight
2022-01-19T07:45:00.000,I 75,I 75 and Mile Marker 169,,Rear End,3,Cloudy,Dry,Daylight
2024-09-25T18:05:00.000,I 75,I 75 and Mile Marker 169,,Not a Collision with Motor Vehicle,1,Cloudy,Dry,Daylight
2023-03-21T13:15:00.000,I 75,I 75 and Mile Marker 168,,Not a Collision with Motor Vehicle,2,Clear,Dry,Daylight
2021-05-07T15:50:00.000,I 75,I 75 and Mile Marker 167,,Rear End,2,Clear,Dry,Daylight
2021-03-19T18:43:00.000,I 75,I 75 and Mile Marker 167,,Angle Crash,2,Clear,Dry,Dark-Lighted
2020-08-22T01:55:00.000,I 75,I 75 and Mile Marker 167,,Rear End,2,Clear,Dry,Dark-Lighted
2022-04-19T07:28:00.000,I 75,I 75 and Mile Marker 167,,Not a Collision with Motor Vehicle,1,Clear,Dry,Daylight
2024-11-14T15:35:00.000,I 75,I 75 and Mile Marker 167,,Rear End,2,Rain,Wet,Daylight
2024-02-03T12:23:00.000,I 75,I 75 and Mile Marker 167,,Not a Collision with Motor Vehicle,1,Clear,Dry,Daylight
2024-11-19T15:55:00.000,I 75,I 75 and Mile Marker 167,,Rear End,2,Rain,Wet,Daylight
2024-01-02T07:46:00.000,I 75,I 75 and Mile Marker 167,,Rear End,2,Clear,Dry,Daylight
2021-02-13T14:26:00.000,I 75,I 75 and Mile Marker 166,,Sideswipe-Same Direction,2,Other,Wet,Daylight
2021-06-12T11:55:00.000,I 75,I 75 and Mile Marker 166,,Rear End,2,Clear,Dry,Daylight
2020-06-05T16:12:00.000,I 75,I 75 and Mile Marker 166,,Rear End,2,Rain,Water (standing or moving),Daylight
2022-05-25T10:14:00.000,I 75,I 75 and Mile Marker 166,,Not a Collision with Motor Vehicle,1,Cloudy,Dry,Daylight
2022-06-02T10:31:00.000,I 75,I 75 and Mile Marker 166,,Sideswipe-Same Direction,2,Clear,Dry,Daylight
2024-03-19T13:04:00.000,I 75,I 75 and Mile Marker 166,,Rear End,2,Clear,Dry,Daylight
2021-06-12T22:37:00.000,I 75,I 75 and Mile Marker 165,,Not a Collision with Motor Vehicle,1,Rain,Wet,Dark-Not Lighted
2023-08-27T13:00:00.000,I 75,I 75 and Mile Marker 165,,Sideswipe-Same Direction,2,Clear,Dry,Daylight
2022-06-10T20:28:00.000,I 75,I 75 and Mile Marker 165,,Sideswipe-Same Direction,2,Clear,Dry,Dark-Lighted
2020-01-28T16:35:00.000,I 75,I 75 and Mile Marker 165,,Sideswipe-Same Direction,2,Clear,Dry,Daylight
2020-02-05T10:49:00.000,I 75,I 75 and Mile Marker 165,,Not a Collision with Motor Vehicle,1,Cloudy,Wet,Daylight
2022-05-23T13:08:00.000,I 75,I 75 and Mile Marker 165,,Not a Collision with Motor Vehicle,1,Rain,Wet,Daylight
2022-04-22T15:58:00.000,I 75,I 75 and Mile Marker 165,,Rear End,2,Clear,Dry,Daylight
2022-03-29T14:05:00.000,I 75,I 75 and Mile Marker 165,,Sideswipe-Same Direction,2,Clear,Dry,Daylight
2022-07-06T14:57:00.000,I 75,I 75 and Mile Marker 165,,Rear End,2,Cloudy,Dry,Daylight
2022-01-17T17:47:00.000,I 75,I 75 and Mile Marker 165,,Rear End,3,Cloudy,Dry,Daylight
2022-01-26T13:29:00.000,I 75,I 75 and Mile Marker 165,,Rear End,2,Clear,Dry,Daylight
2023-11-23T12:30:00.000,I 75,I 75 and Mile Marker 165,,Rear End,2,Clear,Dry,Daylight
2023-11-09T15:39:00.000,I 75,I 75 and Mile Marker 165,,Rear End,3,Clear,Dry,Daylight
2023-05-30T13:52:00.000,I 75,I 75 and Mile Marker 165,,Rear End,2,Clear,Dry,Daylight
2023-11-26T20:34:00.000,I 75,I 75 and Mile Marker 165,,Rear End,2,Rain,Wet,Dark-Not Lighted
2024-04-30T08:00:00.000,I 75,I 75 and Mile Marker 165,,Rear End,3,Clear,Dry,Daylight
2024-08-16T11:46:00.000,I 75,I 75 and Mile Marker 165,,Rear End,2,Clear,Dry,Daylight
2021-10-17T23:29:00.000,I 75,I 75 and Mile Marker 164 Exit Rp,,Not a Collision with Motor Vehicle,1,Clear,Dry,Dark-Lighted
2020-10-15T17:39:00.000,I 75,I 75 and Mile Marker 164,,Rear End,2,Clear,Dry,Daylight
2021-04-13T17:30:00.000,I 75,I 75 and Mile Marker 164,,Rear End,2,Clear,Dry,Daylight
2022-02-15T10:36:00.000,I 75,I 75 and Mile Marker 164,,Sideswipe-Same Direction,2,Clear,Dry,Daylight
2020-01-26T19:24:00.000,I 75,I 75 and Mile Marker 163,,Sideswipe-Same Direction,2,Clear,Dry,Dark-Not Lighted
2022-12-06T08:47:00.000,I 75,I 75 and Mile Marker 163,,Rear End,2,Cloudy,Dry,Daylight
2022-01-12T13:27:00.000,I 75,I 75 and Mile Marker 163,,Rear End,2,Clear,Dry,Daylight
2024-03-26T18:55:00.000,I 75,I 75 and Mile Marker 163,,Angle Crash,2,Rain,Wet,Daylight
2024-03-26T17:55:00.000,I 75,I 75 and Mile Marker 163,,Rear End,4,Rain,Wet,Daylight
2020-07-04T21:55:00.000,I 75,I 75 and Mile Marker 162,,Angle Crash,2,Clear,Dry,Dark-Lighted
2022-04-26T17:36:00.000,I 75,I 75 and Mile Marker 162,,Sideswipe-Same Direction,2,Clear,Dry,Daylight
2024-03-31T21:06:00.000,I 75,I 75 and Mile Marker 161.2,,Sideswipe-Same Direction,2,Clear,Dry,Dark-Not Lighted
2022-06-01T11:54:00.000,I 75,I 75 and Mile Marker 160A,,Not a Collision with Motor Vehicle,2,Clear,Dry,Daylight
2020-03-07T11:30:00.000,I 75,I 75 and Mile Marker 160 A,,Not a Collision with Motor Vehicle,1,Clear,Dry,Daylight
2021-06-07T14:35:00.000,I 75,I 75 and Mile Marker 160,,Rear End,2,Clear,Dry,Daylight
2024-03-28T18:40:00.000,I 75,I 75 and Mile Marker 160,,Sideswipe-Same Direction,2,Clear,Dry,Daylight
2020-10-20T18:30:00.000,I 75,I 75 and Mile Marker 16,,Sideswipe-Same Direction,2,Rain,Wet,Daylight
2020-05-18T13:12:00.000,I 75,I 75 and Mile Marker 156,,Not a Collision with Motor Vehicle,1,Rain,Wet,Daylight
2022-01-04T06:52:00.000,I 75,I 75 and Mile Marker 156,,Rear End,2,Clear,Dry,Dark-Lighted
2024-12-01T16:26:00.000,I 75,I 75 and Mile Marker 156,,Angle Crash,2,Clear,Dry,Daylight
2023-12-04T15:42:00.000,I 75,I 75 and Mile Marker 155,,Sideswipe-Same Direction,2,Clear,Dry,Daylight
2022-05-19T16:01:00.000,I 75,I 75 and Mile Marker 155,,Sideswipe-Same Direction,2,Clear,Dry,Daylight
2022-05-23T15:24:00.000,I 75,I 75 and Mile Marker 155,,Rear End,2,Rain,Wet,Daylight
2023-12-05T10:24:00.000,I 75,I 75 and Mile Marker 155,,Sideswipe-Same Direction,2,Clear,Dry,Daylight
2021-11-09T17:07:00.000,I 75,I 75 and Mile Marker 154,,Not a Collision with Motor Vehicle,2,Clear,Dry,Daylight
2023-03-18T22:39:00.000,I 75,I 75 and Mile Marker 153 Sardis Church,,Rear End,2,Clear,Dry,Dark-Lighted
2021-05-11T19:39:00.000,I 75,I 75 and Mile Marker 153,,Not a Collision with Motor Vehicle,1,Rain,Wet,Daylight
2021-01-09T08:46:00.000,I 75,I 75 and Mile Marker 153,,Not a Collision with Motor Vehicle,3,Cloudy,Dry,Daylight
2023-06-27T22:36:00.000,I 75,I 75 and Mile Marker 153,,Sideswipe-Same Direction,2,Clear,Dry,Dark-Lighted
2022-06-21T16:17:00.000,I 75,I 75 and Mile Marker 153,,Rear End,2,Clear,Dry,Daylight
2022-12-03T19:07:00.000,I 75,I 75 and Mile Marker 153,,Rear End,2,Clear,Dry,Dark-Not Lighted
2022-01-14T16:46:00.000,I 75,I 75 and Mile Marker 153,,Sideswipe-Same Direction,2,Clear,Dry,Daylight
2022-11-18T13:24:00.000,I 75,I 75 and Mile Marker 153,,Rear End,2,Clear,Dry,Daylight
2024-07-11T10:00:00.000,I 75,I 75 and Mile Marker 153,,Not a Collision with Motor Vehicle,1,Clear,Dry,Daylight
2023-05-19T20:14:00.000,I 75,I 75 and Mile Marker 153,,Sideswipe-Same Direction,2,Clear,Dry,Dark-Lighted
2024-03-21T16:40:00.000,I 75,I 75 and Mile Marker 153,,Sideswipe-Same Direction,2,Clear,Dry,Daylight
2024-10-19T13:20:00.000,I 75,I 75 and Mile Marker 153,,Angle Crash,3,Clear,Dry,Daylight
2023-05-07T15:34:00.000,I 75,I 75 and Mile Marker 152,,Sideswipe-Same Direction,2,Clear,Dry,Daylight
2023-04-29T09:42:00.000,I 75,I 75 and Mile Marker 152,,Not a Collision with Motor Vehicle,1,Clear,Dry,Daylight
2021-06-20T02:20:00.000,I 75,I 75 and Mile Marker 152,,Not a Collision with Motor Vehicle,1,Rain,Wet,Dark-Not Lighted
2022-06-24T13:25:00.000,I 75,I 75 and Mile Marker 152,,Angle Crash,2,Clear,Dry,Daylight
2022-03-12T08:45:00.000,I 75,I 75 and Mile Marker 152,,Rear End,2,Cloudy,Dry,Daylight
2024-01-01T08:30:00.000,I 75,I 75 and Mile Marker 152,,Not a Collision with Motor Vehicle,1,Clear,Dry,Daylight
2021-04-14T22:00:00.000,I 75,I 75 and Mile Marker 151,,Rear End,2,Clear,Dry,Dark-Not Lighted
2021-07-12T18:44:00.000,I 75,I 75 and Mile Marker 151,,Rear End,3,Rain,Wet,Daylight
2020-11-19T05:30:00.000,I 75,I 75 and Mile Marker 151,,Rear End,3,Clear,Dry,Dark-Not Lighted
2020-09-24T23:35:00.000,I 75,I 75 and Mile Marker 151,,Angle Crash,1,Rain,Wet,Dark-Not Lighted
2021-11-02T08:40:00.000,I 75,I 75 and Mile Marker 151,,Rear End,2,Clear,Dry,Daylight
2022-08-13T03:57:00.000,I 75,I 75 and Mile Marker 151,,Not a Collision with Motor Vehicle,1,Clear,Dry,Dark-Not Lighted
2020-02-18T08:03:00.000,I 75,I 75 and Mile Marker 150,,Rear End,2,Rain,Wet,Daylight
2022-11-21T15:30:00.000,I 75,I 75 and Mile Marker 150,,Sideswipe-Same Direction,2,Clear,Dry,Daylight
2020-12-09T14:52:00.000,I 75,I 75 and Mile Marker 149,,Sideswipe-Same Direction,2,Clear,Dry,Daylight
2022-01-14T08:43:00.000,I 75,I 75 and Mile Marker 149,,Rear End,4,Clear,Dry,Daylight
2023-06-19T21:39:00.000,I 75,I 75 and Mile Marker 149,,Angle Crash,2,Cloudy,Dry,Daylight
2023-06-26T16:58:00.000,I 75,I 75 and Mile Marker 148,,Not a Collision with Motor Vehicle,1,Clear,Dry,Daylight
2023-10-09T22:36:00.000,I 75,I 75 and Mile Marker 148,,Rear End,2,Clear,Dry,Dark-Lighted
2021-07-04T17:02:00.000,I 75,I 75 and Mile Marker 148,,Not a Collision with Motor Vehicle,1,Clear,Dry,Daylight
2021-10-20T09:18:00.000,I 75,I 75 and Mile Marker 147,,Not a Collision with Motor Vehicle,1,Clear,Dry,Daylight
2020-03-01T17:20:00.000,I 75,I 75 and Mile Marker 147,,Not a Collision with Motor Vehicle,1,Clear,Dry,Daylight
2021-12-19T00:39:00.000,I 75,I 75 and Mile Marker 147,,Not a Collision with Motor Vehicle,1,Rain,Wet,Dark-Not Lighted
2021-10-20T09:18:00.000,I 75,I 75 and Mile Marker 147,,Not a Collision with Motor Vehicle,1,Clear,Dry,Daylight
2023-05-05T00:00:00.000,I 75,I 75 and Mile Marker 147,,Rear End,2,Clear,Dry,Dark-Lighted
2022-11-18T07:53:00.000,I 75,I 75 and Mile Marker 146 Exit Rp,,Sideswipe-Same Direction,2,Clear,Dry,Daylight
2021-10-20T07:25:00.000,I 75,I 75 and Mile Marker 146,,Rear End,2,Clear,Dry,Daylight
2023-06-28T20:43:00.000,I 75,I 75 and Mile Marker 146,,Rear End,7,Clear,Dry,Daylight
2020-03-09T18:05:00.000,I 75,I 75 and Mile Marker 146,,Sideswipe-Same Direction,2,Cloudy,Dry,Daylight
2021-06-12T18:40:00.000,I 75,I 75 and Mile Marker 146,,Not a Collision with Motor Vehicle,1,Clear,Dry,Daylight
2021-11-23T08:45:00.000,I 75,I 75 and Mile Marker 146,,Sideswipe-Same Direction,2,Clear,Dry,Daylight
2021-08-24T21:33:00.000,I 75,I 75 and Mile Marker 146,,Sideswipe-Same Direction,2,Clear,Dry,Dark-Not Lighted
2024-04-12T22:55:00.000,I 75,I 75 and Mile Marker 145,,Angle Crash,2,Clear,Dry,Dark-Not Lighted
2021-04-20T10:00:00.000,I 75,I 75 and Mile Marker 144,,Not a Collision with Motor Vehicle,1,Cloudy,Dry,Daylight
2023-08-12T08:22:00.000,I 75,I 75 and Mile Marker 144,,Rear End,3,Clear,Dry,Daylight
2022-10-20T06:32:00.000,I 75,I 75 and Mile Marker 144,,Sideswipe-Same Direction,2,Clear,Dry,Dawn
2022-10-17T01:40:00.000,I 75,I 75 and Mile Marker 144,,Sideswipe-Opposite Direction,2,Clear,Dry,Dark-Lighted
2022-08-05T15:02:00.000,I 75,I 75 and Mile Marker 144,,Angle Crash,2,Clear,Dry,Daylight
2024-04-01T07:17:00.000,I 75,I 75 and Mile Marker 144,,Angle Crash,2,Cloudy,Dry,Daylight
2021-05-05T00:19:00.000,I 75,I 75 and Mile Marker 143,,Angle Crash,2,Rain,Wet,Dark-Not Lighted
2021-05-04T22:20:00.000,I 75,I 75 and Mile Marker 143,,Not a Collision with Motor Vehicle,1,Rain,Wet,Dark-Not Lighted
2020-05-06T10:27:00.000,I 75,I 75 and Mile Marker 143,,Not a Collision with Motor Vehicle,1,Clear,Dry,Daylight
2021-10-20T08:51:00.000,I 75,I 75 and Mile Marker 143,,Rear End,2,Clear,Dry,Daylight
2022-11-30T08:49:00.000,I 75,I 75 and Mile Marker 143,,Not a Collision with Motor Vehicle,1,Rain,Wet,Daylight
2022-12-16T21:23:00.000,I 75,I 75 and Mile Marker 143,,Sideswipe-Same Direction,2,Clear,Dry,Dark-Not Lighted
2021-12-18T22:34:00.000,I 75,I 75 and Mile Marker 142,,Not a Collision with Motor Vehicle,1,Rain,Wet,Dark-Not Lighted
2023-06-24T10:34:00.000,I 75,I 75 and Mile Marker 142,,Rear End,2,Clear,Dry,Daylight
2020-09-29T12:25:00.000,I 75,I 75 and Mile Marker 142,,Not a Collision with Motor Vehicle,1,Cloudy,Dry,Daylight
2020-07-05T15:50:00.000,I 75,I 75 and Mile Marker 142,,Rear End,3,Clear,Dry,Daylight
2020-03-23T12:00:00.000,I 75,I 75 and Mile Marker 142,,Not a Collision with Motor Vehicle,3,Cloudy,Dry,Daylight
2020-10-06T16:40:00.000,I 75,I 75 and Mile Marker 142,,Sideswipe-Same Direction,2,Cloudy,Dry,Daylight
2020-11-24T15:40:00.000,I 75,I 75 and Mile Marker 142,,Rear End,3,Clear,Dry,Daylight
2022-03-22T11:07:00.000,I 75,I 75 and Mile Marker 142,,Angle Crash,2,Clear,Dry,Daylight
2022-05-03T17:30:00.000,I 75,I 75 and Mile Marker 142,,Not a Collision with Motor Vehicle,1,Clear,Dry,Daylight
2021-06-19T13:00:00.000,I 75,I 75 and Mile Marker 141,,Not a Collision with Motor Vehicle,1,Rain,Wet,Daylight
2021-07-17T13:45:00.000,I 75,I 75 and Mile Marker 141,,Angle Crash,2,Clear,Dry,Daylight
2021-09-16T10:55:00.000,I 75,I 75 and Mile Marker 141,,Rear End,2,Rain,Wet,Daylight
2020-06-04T16:01:00.000,I 75,I 75 and Mile Marker 141,,Not a Collision with Motor Vehicle,1,Rain,Wet,Daylight
2021-07-07T18:20:00.000,I 75,I 75 and Mile Marker 141,,Not a Collision with Motor Vehicle,1,Rain,Wet,Daylight
2022-03-19T13:30:00.000,I 75,I 75 and Mile Marker 141,,Rear End,2,Clear,Dry,Daylight
2024-08-10T12:03:00.000,I 75,I 75 and Mile Marker 141,,Not a Collision with Motor Vehicle,2,Clear,Dry,Daylight
2021-02-18T12:10:00.000,I 75,I 75 and Mile Marker 140,,Not a Collision with Motor Vehicle,1,Rain,Wet,Daylight
2021-10-18T11:37:00.000,I 75,I 75 and Mile Marker 140,,Not a Collision with Motor Vehicle,1,Clear,Dry,Daylight
2021-02-15T18:00:00.000,I 75,I 75 and Mile Marker 140,,Not a Collision with Motor Vehicle,1,Rain,Wet,Daylight
2021-01-27T07:56:00.000,I 75,I 75 and Mile Marker 140,,Not a Collision with Motor Vehicle,1,Rain,Wet,Daylight
2021-08-28T19:21:00.000,I 75,I 75 and Mile Marker 140,,Not a Collision with Motor Vehicle,1,Rain,Wet,Daylight
2021-10-29T22:15:00.000,I 75,I 75 and Mile Marker 140,,Sideswipe-Same Direction,2,Clear,Dry,Dark-Not Lighted