Date and Time,Roadway (From Crash Report),Intersection Name (from Crash Report),KABCO Severity,Manner of Collision (Crash Level) ,# of Vehicles per crash ,Weather Conditions (Crash Level),Surface Condition (Crash Level) ,Light Conditions (Crash Level)
2023-02-18T15:15:00.000,I 75,I 75 and Mile Marker 115,,Not a Collision with Motor Vehicle,1,Clear,Dry,Daylight
2022-11-08T05:53:00.000,I 75,I 75 and Mile Marker 115,,Not a Collision with Motor Vehicle,2,Cloudy,Dry,Dark-Not Lighted
2022-11-25T03:10:00.000,I 75,I 75 and Mile Marker 115,,Not a Collision with Motor Vehicle,1,Rain,Wet,Dark-Not Lighted
2021-12-23T21:31:00.000,I 75,I 75 and Mile Marker 114,,Angle Crash,2,Cloudy,Dry,Dark-Not Lighted
2023-12-20T12:01:00.000,I 75,I 75 and Mile Marker 114,,Not a Collision with Motor Vehicle,2,Clear,Dry,Daylight
2022-10-03T08:36:00.000,I 75,I 75 and Mile Marker 114,,Angle Crash,2,Cloudy,Dry,Daylight
2022-06-16T10:46:00.000,I 75,I 75 and Mile Marker 114,,Not a Collision with Motor Vehicle,1,Cloudy,Dry,Daylight
2022-03-29T13:56:00.000,I 75,I 75 and Mile Marker 114,,Sideswipe-Same Direction,2,Clear,Dry,Daylight
2022-02-20T11:20:00.000,I 75,I 75 and Mile Marker 114,,Rear End,2,Clear,Dry,Daylight
2022-01-27T12:46:00.000,I 75,I 75 and Mile Marker 114,,Not a Collision with Motor Vehicle,1,Clear,Dry,Daylight
2021-12-06T16:37:00.000,I 75,I 75 and Mile Marker 113,,Sideswipe-Same Direction,2,Rain,Wet,Daylight
2023-02-25T14:30:00.000,I 75,I 75 and Mile Marker 113,,Rear End,4,Clear,Dry,Daylight
2023-04-03T20:58:00.000,I 75,I 75 and Mile Marker 113,,Angle Crash,3,Cloudy,Wet,Dark-Not Lighted
2022-11-30T11:00:00.000,I 75,I 75 and Mile Marker 113,,Sideswipe-Same Direction,2,Cloudy,Wet,Daylight
2022-08-23T21:26:00.000,I 75,I 75 and Mile Marker 113,,Angle Crash,2,Cloudy,Dry,Dark-Not Lighted
2023-04-09T19:00:00.000,I 75,I 75 and Mile Marker 113,,Rear End,2,Clear,Dry,Daylight
2023-04-30T15:05:00.000,I 75,I 75 and Mile Marker 113,,Rear End,2,Clear,Dry,Daylight
2023-05-31T13:20:00.000,I 75,I 75 and Mile Marker 112,,Sideswipe-Same Direction,2,Clear,Dry,Daylight
2023-06-07T14:09:00.000,I 75,I 75 and Mile Marker 112,,Angle Crash,2,Cloudy,Dry,Daylight
2022-09-22T16:33:00.000,I 75,I 75 and Mile Marker 112,,Not a Collision with Motor Vehicle,1,Cloudy,Dry,Daylight
2022-12-03T20:00:00.000,I 75,I 75 and Mile Marker 112,,Rear End,2,Cloudy,Dry,Dark-Not Lighted
2022-08-29T16:45:00.000,I 75,I 75 and Mile Marker 112,,Not a Collision with Motor Vehicle,1,Cloudy,Dry,Daylight
2022-07-08T13:10:00.000,I 75,I 75 and Mile Marker 112,,Rear End,2,Cloudy,Dry,Daylight
2023-05-26T11:25:00.000,I 75,I 75 and Mile Marker 111,,Not a Collision with Motor Vehicle,1,Clear,Dry,Daylight
2023-06-26T07:24:00.000,I 75,I 75 and Mile Marker 110,,Not a Collision with Motor Vehicle,1,Cloudy,Dry,Daylight
2023-02-18T17:23:00.000,I 75,I 75 and Mile Marker 110,,Not a Collision with Motor Vehicle,1,Cloudy,Dry,Daylight
2022-07-11T13:41:00.000,I 75,I 75 and Mile Marker 110,,Not a Collision with Motor Vehicle,1,Cloudy,Dry,Daylight
2023-11-24T17:15:00.000,I 75,I 75 and Mile Marker 110,,Angle Crash,3,Clear,Dry,Daylight
2024-02-13T18:30:00.000,I 75,I 75 and Mile Marker 110,,Not a Collision with Motor Vehicle,1,Clear,Dry,Dark-Not Lighted
2022-01-08T15:30:00.000,I 75,I 75 and Mile Marker 11,,Sideswipe-Same Direction,2,Clear,Dry,Daylight
2021-05-29T10:38:00.000,I 75,I 75 and Mile Marker 109,,Sideswipe-Same Direction,2,Clear,Dry,Daylight
2022-07-06T23:33:00.000,I 75,I 75 and Mile Marker 109,,Not a Collision with Motor Vehicle,1,Cloudy,Dry,Dark-Not Lighted
2022-08-28T14:15:00.000,I 75,I 75 and Mile Marker 109,,Not a Collision with Motor Vehicle,1,Cloudy,Dry,Daylight
2024-01-02T11:00:00.000,I 75,I 75 and Mile Marker 109,,Angle Crash,2,Clear,Dry,Daylight
2021-06-26T04:00:00.000,I 75,I 75 and Mile Marker 108 Restarea,,Angle Crash,1,Clear,Dry,Dark-Lighted
2021-01-27T10:30:00.000,I 75,I 75 and Mile Marker 108,,Sideswipe-Same Direction,2,Rain,Wet,Daylight
2023-01-29T05:04:00.000,I 75,I 75 and Mile Marker 108,,Rear End,2,Clear,Dry,Dark-Not Lighted
2023-03-03T18:00:00.000,I 75,I 75 and Mile Marker 108,,Sideswipe-Same Direction,2,Cloudy,Dry,Daylight
2021-12-26T18:41:00.000,I 75,I 75 and Mile Marker 108,,Angle Crash,2,Cloudy,Dry,Dark-Not Lighted
2022-09-23T23:00:00.000,I 75,I 75 and Mile Marker 108,,Not a Collision with Motor Vehicle,1,Clear,Dry,Dark-Not Lighted
2022-10-27T08:03:00.000,I 75,I 75 and Mile Marker 108,,Sideswipe-Same Direction,2,Cloudy,Dry,Daylight
2021-01-21T01:35:00.000,I 75,I 75 and Mile Marker 107,,Rear End,2,Cloudy,Dry,Dark-Not Lighted
2021-02-23T20:25:00.000,I 75,I 75 and Mile Marker 107,,Not a Collision with Motor Vehicle,1,Clear,Dry,Dark-Not Lighted
2024-04-04T09:28:00.000,I 75,I 75 and Mile Marker 107,,Not a Collision with Motor Vehicle,2,Clear,Dry,Daylight
2023-06-03T15:35:00.000,I 75,I 75 and Mile Marker 107,,Not a Collision with Motor Vehicle,2,Cloudy,Dry,Daylight
2021-05-12T16:35:00.000,I 75,I 75 and Mile Marker 106,,Not a Collision with Motor Vehicle,1,Rain,Wet,Daylight
2022-09-04T21:43:00.000,I 75,I 75 and Mile Marker 106,,Not a Collision with Motor Vehicle,1,Rain,Wet,Daylight
2022-10-05T16:35:00.000,I 75,I 75 and Mile Marker 106,,Sideswipe-Same Direction,2,Clear,Dry,Daylight
2022-12-29T16:05:00.000,I 75,I 75 and Mile Marker 106,,Angle Crash,2,Clear,Dry,Daylight
2024-10-13T11:35:00.000,I 75,I 75 and Mile Marker 106,,Angle Crash,2,Clear,Dry,Daylight
2022-06-05T15:17:00.000,I 75,I 75 and Mile Marker 105.5,,Rear End,3,Cloudy,Dry,Daylight
2022-06-05T15:17:00.000,I 75,I 75 and Mile Marker 105.5,,Rear End,2,Clear,Dry,Daylight
2020-12-10T16:29:00.000,I 75,I 75 and Mile Marker 105,,Angle Crash,2,Clear,Dry,Daylight
2022-11-07T11:29:00.000,I 75,I 75 and Mile Marker 105,,Sideswipe-Same Direction,2,Cloudy,Dry,Daylight
2023-03-05T18:25:00.000,I 75,I 75 and Mile Marker 104,,Not a Collision with Motor Vehicle,1,Clear,Dry,Daylight
2022-02-06T14:39:00.000,I 75,I 75 and Mile Marker 104,,Rear End,2,Cloudy,Wet,Daylight
2022-05-15T13:11:00.000,I 75,I 75 and Mile Marker 104,,Rear End,2,Cloudy,Dry,Daylight
2023-07-06T19:05:00.000,I 75,I 75 and Mile Marker 103,,Sideswipe-Same Direction,2,Clear,Dry,Daylight
2023-01-27T13:35:00.000,I 75,I 75 and Mile Marker 103,,Sideswipe-Same Direction,2,Cloudy,Dry,Daylight
2021-05-11T20:51:00.000,I 75,I 75 and Mile Marker 102,,Angle Crash,2,Cloudy,Dry,Dark-Lighted
2023-03-02T15:30:00.000,I 75,I 75 and Mile Marker 102,,Angle Crash,2,Cloudy,Dry,Daylight
2023-03-30T15:30:00.000,I 75,I 75 and Mile Marker 102,,Angle Crash,2,Cloudy,Dry,Daylight
2022-01-29T03:33:00.000,I 75,I 75 and Mile Marker 102,,Not a Collision with Motor Vehicle,1,Cloudy,Dry,Dark-Not Lighted
2024-09-18T03:08:00.000,I 75,I 75 and Mile Marker 102,,Rear End,2,Clear,Dry,Dark-Not Lighted
2023-09-07T15:44:00.000,I 75,I 75 and Mile Marker 102,,Not a Collision with Motor Vehicle,1,Clear,Dry,Daylight
2023-06-12T17:43:00.000,I 75,I 75 and Mile Marker 102,,Rear End,2,Cloudy,Dry,Daylight
2024-09-18T03:08:00.000,I 75,I 75 and Mile Marker 102,,Angle Crash,2,Clear,Dry,Dark-Not Lighted
2021-08-05T15:33:00.000,I 75,I 75 and Mile Marker 101,,Angle Crash,2,Cloudy,Dry,Daylight
2023-06-22T06:20:00.000,I 75,I 75 and Mile Marker 101,,Not a Collision with Motor Vehicle,1,Rain,Water (standing or moving),Daylight
2024-07-17T14:05:00.000,I 75,I 75 and Mile Marker  200,,Sideswipe-Same Direction,2,Clear,Dry,Daylight
2023-04-25T03:32:00.000,I 75,I 75 and Mile Marker  107,,Angle Crash,2,Clear,Dry,Dark-Not Lighted
2024-11-23T16:45:00.000,I 75,I 75 and Mile Mark 227,,Rear End,2,Clear,Dry,Daylight
2024-11-24T15:32:00.000,I 75,I 75 and Mile Mark 227,,Rear End,2,Clear,Dry,Daylight
2024-12-26T14:12:00.000,I 75,I 75 and Mile Mark 227,,Sideswipe-Same Direction,2,Clear,Dry,Daylight
2024-11-13T07:53:00.000,I 75,I 75 and Mile Mark 227,,Rear End,2,Clear,Dry,Daylight
2024-11-19T13:59:00.000,I 75,I 75 and Mile Mark 226,,Rear End,3,Rain,Wet,Daylight
2024-11-19T13:59:00.000,I 75,I 75 and Mile Mark 226,,Rear End,3,Rain,Water (standing or moving),Dark-Lighted
2024-12-11T07:35:00.000,I 75,I 75 and Mile Mark 226,,Rear End,2,Clear,Dry,Daylight
2024-10-21T12:22:00.000,I 75,I 75 and Mile Mark 225,,Sideswipe-Same Direction,2,Clear,Dry,Daylight
2024-12-17T11:34:00.000,I 75,I 75 and Mile Mark 223,,Sideswipe-Same Direction,2,Clear,Dry,Daylight
2022-02-17T14:44:00.000,I 75,I 75 and Mile Maker 214,,Rear End,2,Clear,Dry,Daylight
2020-07-01T01:59:00.000,I 75,I 75 and Mile Maker 208,,Sideswipe-Same Direction,2,Clear,Dry,Dark-Not Lighted
2023-08-24T00:22:00.000,I 75,I 75 and Mile Maker 199,,Rear End,2,Clear,Dry,Dark-Not Lighted
2020-08-09T17:36:00.000,I 75,I 75 and Mile Maker 142,,Sideswipe-Same Direction,2,Clear,Dry,Daylight
2023-08-14T08:43:00.000,I 75,I 75 and Mile Maarker 278,,Rear End,2,Clear,Dry,Daylight
2023-12-19T18:00:00.000,I 75,I 75 and Mile 247 I20 Over Pass,,Rear End,3,Clear,Dry,Dark-Not Lighted
2024-01-12T13:50:00.000,I 75,I 75 and Mile 246 I20 On Rp,,Rear End,2,Rain,Wet,Daylight
2023-09-11T15:00:00.000,I 75,I 75 and Mile 246 Ave,,Sideswipe-Same Direction,2,Clear,Dry,Daylight
2023-11-06T13:45:00.000,I 75,I 75 and Mile 245- Pryor St,,Rear End,2,Clear,Dry,Daylight
2023-09-01T18:15:00.000,I 75,I 75 and Mile 239.5   Central Ave,,Not a Collision with Motor Vehicle,1,Cloudy,Dry,Daylight
2023-07-01T18:02:00.000,I 75,I 75 and Mile 212,,Not a Collision with Motor Vehicle,1,Clear,Dry,Daylight
2023-07-16T06:55:00.000,I 75,I 75 and Mile 207,,Rear End,2,Clear,Dry,Daylight
2024-04-06T10:27:00.000,I 75,I 75 and Mile 207,,Rear End,2,Clear,Dry,Daylight
2024-04-06T11:08:00.000,I 75,I 75 and Mile 207,,Sideswipe-Same Direction,1,Clear,Dry,Daylight
2022-07-06T14:38:00.000,I 75,I 75 and Mile 206,,Rear End,2,Clear,Dry,Daylight
2024-07-02T10:50:00.000,I 75,I 75 and Mile 206,,Sideswipe-Same Direction,2,Cloudy,Dry,Daylight
2024-05-24T11:22:00.000,I 75,I 75 and Mile 204,,Rear End,2,Cloudy,Dry,Daylight
2021-02-07T13:16:00.000,I 75,I 75 and Mile 202,,Sideswipe-Same Direction,2,Clear,Dry,Daylight
2021-07-19T00:14:00.000,I 75,I 75 and Mile 200,,Sideswipe-Same Direction,2,Clear,Dry,Dark-Not Lighted
2023-11-19T16:30:00.000,I 75,I 75 and Mile 200,,Rear End,2,Clear,Dry,Daylight
2023-11-19T15:35:00.000,I 75,I 75 and Mile 200,,Rear End,2,Clear,Dry,Daylight
2020-05-26T17:30:00.000,I 75,I 75 and Mile 200,,Rear End,2,Rain,Wet,Daylight
2020-11-21T13:56:00.000,I 75,I 75 and Mile 200,,Rear End,2,Clear,Dry,Daylight
2021-05-29T12:30:00.000,I 75,I 75 and Mile 200,,Not a Collision with Motor Vehicle,1,Clear,Dry,Daylight
2022-06-01T09:00:00.000,I 75,I 75 and Mile 200,,Not a Collision with Motor Vehicle,1,Clear,Dry,Daylight
2023-04-30T07:46:00.000,I 75,I 75 and Mile 200,,Not a Collision with Motor Vehicle,1,Rain,Wet,Daylight
2021-05-12T06:25:00.000,I 75,I 75 and Mile 199,,Not a Collision with Motor Vehicle,1,Rain,Wet,Dark-Not Lighted
2020-09-23T20:53:00.000,I 75,I 75 and Mile 199,,Rear End,2,Clear,Dry,Dark-Not Lighted
2021-06-20T11:07:00.000,I 75,I 75 and Mile 199,,Sideswipe-Same Direction,3,Cloudy,Wet,Daylight
2024-05-23T08:16:00.000,I 75,I 75 and Mile 199,,Not a Collision with Motor Vehicle,2,Cloudy,Dry,Daylight
2024-11-28T11:12:00.000,I 75,I 75 and Mile 199,,Rear End,2,Clear,Dry,Daylight
2021-12-15T05:07:00.000,I 75,I 75 and Mile 198,,Angle Crash,2,Clear,Dry,Dark-Not Lighted
2022-08-17T14:57:00.000,I 75,I 75 and Mile 198,,Sideswipe-Same Direction,2,Clear,Dry,Daylight
2021-03-04T00:54:00.000,I 75,I 75 and Mile 189,,Rear End,2,Clear,Dry,Dark-Not Lighted
2021-04-18T11:52:00.000,I 75,I 75 and Mile 184,,Rear End,2,Clear,Dry,Daylight
2021-04-18T11:52:00.000,I 75,I 75 and Mile 184,,Rear End,2,Clear,Dry,Daylight
2022-11-27T14:12:00.000,I 75,I 75 and Mile 183,,Rear End,2,Clear,Dry,Daylight
2020-10-11T20:33:00.000,I 75,I 75 and Mile 180,,Not a Collision with Motor Vehicle,1,Clear,Dry,Dark-Not Lighted
2023-08-19T11:35:00.000,I 75,I 75 and Mile 179,,Not a Collision with Motor Vehicle,1,Clear,Dry,Daylight
2022-11-27T10:37:00.000,I 75,I 75 and Mile 178,,Rear End,2,Clear,Dry,Daylight
2022-11-27T10:37:00.000,I 75,I 75 and Mile 178,,Sideswipe-Same Direction,2,Clear,Dry,Daylight
2021-02-20T20:39:00.000,I 75,I 75 and Mile 177,,Sideswipe-Same Direction,2,Clear,Dry,Daylight
2024-07-18T16:15:00.000,I 75,I 75 and Mile 173,,Not a Collision with Motor Vehicle,2,Clear,Dry,Daylight
2021-12-18T13:20:00.000,I 75,I 75 and Mile 172 Exit Rp,,Rear End,3,Clear,Dry,Daylight
2023-04-11T13:40:00.000,I 75,I 75 and Mile 172,,Angle Crash,2,Clear,Dry,Daylight
2021-06-15T09:24:00.000,I 75,I 75 and Mile 171 Exit Rp,,Rear End,2,Clear,Dry,Daylight
2024-07-31T16:44:00.000,I 75,I 75 and Mile 171 Exit Rp,,Rear End,2,Rain,Wet,Daylight
2024-07-10T11:10:00.000,I 75,I 75 and Mile 170,,Angle Crash,4,Clear,Dry,Daylight
2023-10-07T20:20:00.000,I 75,I 75 and Mile 169 Enterence Rp,,Not a Collision with Motor Vehicle,1,Clear,Dry,Dark-Lighted
2022-12-07T17:30:00.000,I 75,I 75 and Mile 166,,Not a Collision with Motor Vehicle,1,Clear,Dry,Dark-Not Lighted
2022-12-07T17:30:00.000,I 75,I 75 and Mile 166,,Rear End,2,Clear,Dry,Dark-Not Lighted
2022-12-07T17:30:00.000,I 75,I 75 and Mile 166,,Rear End,2,Clear,Dry,Dark-Not Lighted
2024-09-06T21:19:00.000,I 75,I 75 and Mile 166,,Rear End,3,Rain,Wet,Dark-Not Lighted
2024-03-30T12:36:00.000,I 75,I 75 and Mile 165,,Rear End,2,Clear,Dry,Daylight
2024-03-17T17:02:00.000,I 75,I 75 and Mile 165,,Rear End,2,Rain,Wet,Daylight
2021-07-11T19:20:00.000,I 75,I 75 and Mile 164,,Rear End,2,Clear,Dry,Daylight
2022-12-28T12:40:00.000,I 75,I 75 and Mile 163,,Sideswipe-Same Direction,2,Clear,Dry,Daylight
2022-04-04T19:00:00.000,I 75,I 75 and Mile 162,,Not a Collision with Motor Vehicle,1,Clear,Dry,Daylight
2022-11-17T15:00:00.000,I 75,I 75 and Mile 160 Rocky Creek Rd,,Sideswipe-Same Direction,2,Clear,Dry,Daylight
2021-04-25T15:09:00.000,I 75,I 75 and Mile 160,,Angle Crash,2,Clear,Dry,Daylight
2024-03-31T00:11:00.000,I 75,I 75 and Mile  Marker 167,,Sideswipe-Same Direction,2,Clear,Dry,Dark-Lighted
2021-02-18T06:40:00.000,I 75,I 75 and Mercer University Exit,,Not a Collision with Motor Vehicle,1,Rain,Wet,Dark-Lighted
2024-06-17T15:00:00.000,I 75,I 75 and Mercer University Drive   Mile,,Rear End,2,Clear,Dry,Daylight
2022-05-01T04:05:00.000,I 75,I 75 and Mercer University Dr.,,Not a Collision with Motor Vehicle,1,Clear,Dry,Dark-Lighted
2024-08-23T08:50:00.000,I 75,I 75 and Mercer University Dr Exit Ramp 163,,Rear End,2,Clear,Dry,Daylight
2023-03-17T16:52:00.000,I 75,I 75 and Mercer University Dr Exit,,Sideswipe-Same Direction,2,Rain,Wet,Daylight
2024-07-24T18:07:00.000,I 75,I 75 and Mercer University Dr Exit,,Not a Collision with Motor Vehicle,1,Cloudy,Wet,Daylight
2021-10-17T20:50:00.000,I 75,I 75 and Mercer University Dr,,Not a Collision with Motor Vehicle,1,Clear,Dry,Dark-Lighted
2021-05-31T02:27:00.000,I 75,I 75 and Mercer University Dr,,Not a Collision with Motor Vehicle,1,Clear,Dry,Dark-Lighted
2023-05-15T07:30:00.000,I 75,I 75 and Mercer University Dr,,Sideswipe-Same Direction,2,Clear,Dry,Daylight
2021-06-24T11:41:00.000,I 75,I 75 and Mercer University Dr,,Rear End,2,Cloudy,Dry,Daylight
2020-06-13T15:57:00.000,I 75,I 75 and Mercer University Dr,,Rear End,2,Cloudy,Dry,Daylight
2020-12-01T07:30:00.000,I 75,I 75 and Mercer University Dr,,Rear End,2,Clear,Dry,Daylight
2020-01-15T18:19:00.000,I 75,I 75 and Mercer University Dr,,Sideswipe-Same Direction,2,Cloudy,Dry,Dark-Lighted
2020-07-30T17:32:00.000,I 75,I 75 and Mercer University Dr,,Rear End,2,Rain,Wet,Daylight
2020-01-11T20:02:00.000,I 75,I 75 and Mercer University Dr,,Not a Collision with Motor Vehicle,1,Rain,Wet,Dark-Lighted
2020-01-29T15:38:00.000,I 75,I 75 and Mercer University Dr,,Rear End,2,Rain,Wet,Daylight
2020-08-17T17:10:00.000,I 75,I 75 and Mercer University Dr,,Not a Collision with Motor Vehicle,1,Cloudy,Dry,Daylight
2020-09-28T07:01:00.000,I 75,I 75 and Mercer University Dr,,Not a Collision with Motor Vehicle,1,Cloudy,Dry,Dark-Lighted
2020-11-20T00:00:00.000,I 75,I 75 and Mercer University Dr,,Not a Collision with Motor Vehicle,1,Clear,Dry,Dark-Lighted
2020-07-24T20:50:00.000,I 75,I 75 and Mercer University Dr,,Angle Crash,2,Clear,Dry,Dark-Lighted
2020-09-29T05:00:00.000,I 75,I 75 and Mercer University Dr,,Not a Collision with Motor Vehicle,1,Clear,Dry,Dark-Lighted
2021-05-19T20:35:00.000,I 75,I 75 and Mercer University Dr,,Not a Collision with Motor Vehicle,1,Clear,Dry,Dusk
2021-03-16T09:57:00.000,I 75,I 75 and Mercer University Dr,,Rear End,2,Cloudy,Dry,Daylight
2021-01-21T12:23:00.000,I 75,I 75 and Mercer University Dr,,Sideswipe-Same Direction,2,Cloudy,Dry,Daylight
2021-02-28T08:50:00.000,I 75,I 75 and Mercer University Dr,,Not a Collision with Motor Vehicle,1,Clear,Dry,Daylight
2021-06-14T17:55:00.000,I 75,I 75 and Mercer University Dr,,Rear End,2,Clear,Dry,Daylight
2022-07-18T14:09:00.000,I 75,I 75 and Mercer University Dr,,Angle Crash,2,Clear,Dry,Daylight
2022-01-18T08:30:00.000,I 75,I 75 and Mercer University Dr,,Not a Collision with Motor Vehicle,1,Clear,Dry,Daylight
2022-12-21T17:45:00.000,I 75,I 75 and Mercer University Dr,,Not a Collision with Motor Vehicle,1,Rain,Wet,Dark-Not Lighted
2022-03-26T16:27:00.000,I 75,I 75 and Mercer University Dr,,Rear End,2,Clear,Dry,Daylight
2022-06-07T16:06:00.000,I 75,I 75 and Mercer University Dr,,Rear End,2,Clear,Dry,Daylight
2022-05-23T11:37:00.000,I 75,I 75 and Mercer University Dr,,Sideswipe-Same Direction,2,Cloudy,Dry,Daylight
2022-01-06T16:50:00.000,I 75,I 75 and Mercer University Dr,,Rear End,2,Clear,Dry,Daylight
2022-09-22T21:32:00.000,I 75,I 75 and Mercer University Dr,,Not a Collision with Motor Vehicle,1,Clear,Dry,Dark-Lighted
2024-10-06T14:57:00.000,I 75,I 75 and Mercer University Dr,,Rear End,2,Clear,Dry,Daylight
2023-07-01T21:17:00.000,I 75,I 75 and Mercer University Dr,,Sideswipe-Same Direction,3,Cloudy,Wet,Dark-Lighted
2023-06-17T19:14:00.000,I 75,I 75 and Mercer University Dr,,Rear End,2,Clear,Dry,Daylight
2024-08-19T13:11:00.000,I 75,I 75 and Mercer University Dr,,Sideswipe-Same Direction,2,Clear,Dry,Daylight
2024-03-12T20:12:00.000,I 75,I 75 and Mercer University Dr,,Not a Collision with Motor Vehicle,1,Clear,Dry,Dark-Not Lighted
2024-04-25T14:52:00.000,I 75,I 75 and Mercer University Dr,,Sideswipe-Same Direction,2,Clear,Dry,Daylight
2024-05-12T01:48:00.000,I 75,I 75 and Mercer University Dr,,Sideswipe-Same Direction,2,Clear,Dry,Dark-Not Lighted
2024-04-25T15:49:00.000,I 75,I 75 and Mercer University Dr,,Rear End,2,Clear,Dry,Daylight
2024-07-30T15:50:00.000,I 75,I 75 and Mercer University Dr,,Sideswipe-Same Direction,2,Clear,Dry,Daylight
2024-09-18T08:16:00.000,I 75,I 75 and Mercer University Dr,,Not a Collision with Motor Vehicle,1,Cloudy,Dry,Daylight
2020-02-20T08:17:00.000,I 75,I 75 and Mercer University Blvd,,Rear End,2,Rain,Wet,Daylight
2021-04-24T17:22:00.000,I 75,I 75 and Mercer University,,Not a Collision with Motor Vehicle,1,Cloudy,Wet,Daylight
2023-03-16T08:45:00.000,I 75,I 75 and Mercer University,,Rear End,2,Clear,Dry,Daylight
2020-01-09T12:33:00.000,I 75,I 75 and Mercer University,,Rear End,2,Clear,Dry,Daylight
2020-03-14T13:50:00.000,I 75,I 75 and Mercer University,,Rear End,2,Clear,Dry,Daylight
2022-07-13T05:58:00.000,I 75,I 75 and Mercer University,,Rear End,2,Rain,Wet,Dawn
2023-08-30T16:40:00.000,I 75,I 75 and Mercer University,,Not a Collision with Motor Vehicle,1,Rain,Water (standing or moving),Daylight
2023-04-28T19:25:00.000,I 75,I 75 and Mercer University,,Rear End,2,Clear,Dry,Dark-Lighted
2024-08-06T07:53:00.000,I 75,I 75 and Mercer Univ Dr Exit Rp,,Rear End,2,Cloudy,Dry,Daylight
2020-11-14T15:42:00.000,I 75,I 75 and Mercer Univ Dr,,Rear End,2,Clear,Dry,Daylight
2020-04-15T10:57:00.000,I 75,I 75 and Mercer Univ Dr,,Rear End,2,Clear,Dry,Daylight
2020-08-04T17:40:00.000,I 75,I 75 and Mercer Univ Dr,,Sideswipe-Same Direction,2,Clear,Dry,Daylight
2021-10-25T13:43:00.000,I 75,I 75 and Mercer Univ Dr,,Rear End,2,Clear,Dry,Daylight
2022-10-28T12:30:00.000,I 75,I 75 and Mercer Univ Dr,,Sideswipe-Same Direction,2,Clear,Dry,Daylight
2024-05-11T18:20:00.000,I 75,I 75 and Mercer Univ Dr,,Not a Collision with Motor Vehicle,1,Clear,Dry,Daylight
2024-12-30T19:00:00.000,I 75,I 75 and Mercer Univ Dr,,Sideswipe-Opposite Direction,2,Clear,Dry,Dark-Lighted
2020-09-14T18:38:00.000,I 75,I 75 and Mercer Univ,,Not a Collision with Motor Vehicle,1,Cloudy,Dry,Dusk
2020-02-12T00:00:00.000,I 75,I 75 and Mercer,,Not a Collision with Motor Vehicle,1,Clear,Dry,Dark-Lighted
2021-09-27T17:48:00.000,I 75,I 75 and Memorial Driver Opas,,Rear End,2,Clear,Dry,Daylight
2023-08-04T08:53:00.000,I 75,I 75 and Memorial Driver Opas,,Rear End,2,Clear,Dry,Daylight
2020-03-07T15:14:00.000,I 75,I 75 and Memorial Drive Southwest,,Rear End,2,Cloudy,Dry,Daylight
2024-02-12T06:00:00.000,I 75,I 75 and Memorial Drive Over Pass,,Not a Collision with Motor Vehicle,1,Rain,Wet,Dawn
2023-11-09T10:47:00.000,I 75,I 75 and Memorial Drive Opas,,Rear End,2,Cloudy,Dry,Daylight
2021-07-30T12:01:00.000,I 75,I 75 and Memorial Drive Opas,,Rear End,2,Clear,Dry,Daylight
2022-10-18T14:37:00.000,I 75,I 75 and Memorial Drive Opas,,Sideswipe-Same Direction,2,Clear,Dry,Daylight
2021-10-28T07:36:00.000,I 75,I 75 and Memorial Drive Opas,,Sideswipe-Same Direction,2,Rain,Wet,Dark-Lighted
2022-08-22T15:19:00.000,I 75,I 75 and Memorial Drive Opas,,Rear End,2,Rain,Wet,Daylight
2022-12-30T11:57:00.000,I 75,I 75 and Memorial Drive Opas,,Sideswipe-Same Direction,2,Cloudy,Dry,Daylight
2022-07-19T17:28:00.000,I 75,I 75 and Memorial Drive Opas,,Rear End,2,Rain,Wet,Daylight
2022-01-12T14:40:00.000,I 75,I 75 and Memorial Drive Opas,,Rear End,3,Clear,Dry,Daylight
2022-12-01T19:09:00.000,I 75,I 75 and Memorial Drive Opas,,Sideswipe-Same Direction,2,Clear,Dry,Dark-Not Lighted
2022-01-12T14:40:00.000,I 75,I 75 and Memorial Drive Opas,,Rear End,2,Clear,Dry,Daylight
2022-06-03T08:31:00.000,I 75,I 75 and Memorial Drive Opas,,Rear End,2,Cloudy,Dry,Daylight
2022-05-27T14:06:00.000,I 75,I 75 and Memorial Drive Opas,,Sideswipe-Same Direction,2,Clear,Dry,Daylight