Date and Time,Roadway (From Crash Report),Intersection Name (from Crash Report),KABCO Severity,Manner of Collision (Crash Level) ,# of Vehicles per crash ,Weather Conditions (Crash Level),Surface Condition (Crash Level) ,Light Conditions (Crash Level)
2023-01-27T18:16:00.000,I 75,I 75 and Memorial Drive Opas,,Rear End,3,Clear,Dry,Daylight
2023-11-21T07:54:00.000,I 75,I 75 and Memorial Drive Opas,,Rear End,2,Rain,Wet,Daylight
2023-06-19T08:54:00.000,I 75,I 75 and Memorial Drive Hov Opas,,Not a Collision with Motor Vehicle,1,Cloudy,Wet,Daylight
2023-07-27T16:25:00.000,I 75,I 75 and Memorial Drive Capitol Ave Ove,,Sideswipe-Same Direction,2,Clear,Dry,Daylight
2023-07-21T16:54:00.000,I 75,I 75 and Memorial Drive Capitol Ave,,Sideswipe-Same Direction,2,Clear,Dry,Daylight
2022-12-30T13:04:00.000,I 75,I 75 and Memorial Drive Capitol Ave,,Rear End,2,Clear,Dry,Daylight
2021-10-05T11:55:00.000,I 75,I 75 and Memorial Drive   Capitol  Aven,,Rear End,2,Rain,Wet,Daylight
2022-02-11T16:40:00.000,I 75,I 75 and Memorial Drive    Capitol Aven,,Rear End,2,Clear,Dry,Daylight
2021-12-17T10:54:00.000,I 75,I 75 and Memorial Dr Opas,,Rear End,2,Cloudy,Dry,Daylight
2021-12-29T10:44:00.000,I 75,I 75 and Memorial Dr Opas,,Rear End,2,Rain,Wet,Daylight
2023-07-14T16:42:00.000,I 75,I 75 and Memorial Dr Opas,,Rear End,3,Clear,Dry,Daylight
2023-10-16T15:50:00.000,I 75,I 75 and Memorial Dr Opas,,Rear End,3,Clear,Dry,Daylight
2023-12-07T08:57:00.000,I 75,I 75 and Memorial Dr Opas,,Sideswipe-Same Direction,2,Clear,Dry,Daylight
2023-10-05T10:40:00.000,I 75,I 75 and Memorial Dr Opas,,Rear End,3,Clear,Dry,Daylight
2023-08-15T15:14:00.000,I 75,I 75 and Memorial Dr Opas,,Rear End,4,Rain,Wet,Daylight
2022-05-07T22:15:00.000,I 75,I 75 and Memorial Dr Opas,,Rear End,2,Cloudy,Dry,Dark-Lighted
2022-11-21T14:14:00.000,I 75,I 75 and Memorial Dr Opas,,Sideswipe-Same Direction,2,Clear,Dry,Daylight
2022-11-25T14:32:00.000,I 75,I 75 and Memorial Dr Opas,,Rear End,4,Cloudy,Wet,Daylight
2022-07-22T13:22:00.000,I 75,I 75 and Memorial Dr Opas,,Sideswipe-Same Direction,2,Cloudy,Dry,Daylight
2024-02-13T15:11:00.000,I 75,I 75 and Memorial Dr Opas,,Sideswipe-Same Direction,2,Clear,Dry,Daylight
2023-12-12T17:21:00.000,I 75,I 75 and Memorial Dr Opas,,Rear End,2,Clear,Dry,Daylight
2023-02-16T07:18:00.000,I 75,I 75 and Memorial Dr Opas,,Rear End,2,Clear,Dry,Daylight
2023-02-28T08:35:00.000,I 75,I 75 and Memorial Dr Opas,,Rear End,2,Clear,Dry,Daylight
2023-08-29T14:39:00.000,I 75,I 75 and Memorial Dr Opas,,Rear End,2,Clear,Dry,Daylight
2023-02-16T07:18:00.000,I 75,I 75 and Memorial Dr Opas,,Rear End,2,Clear,Dry,Daylight
2024-01-05T16:13:00.000,I 75,I 75 and Memorial Dr Opas,,Rear End,2,Clear,Dry,Daylight
2024-09-16T06:34:00.000,I 75,I 75 and Memorial Dr Opas,,Rear End,2,Clear,Dry,Dark-Lighted
2024-07-30T11:40:00.000,I 75,I 75 and Memorial Dr Opas,,Rear End,3,Clear,Dry,Daylight
2024-04-09T15:10:00.000,I 75,I 75 and Memorial Dr Opas,,Rear End,2,Cloudy,Dry,Daylight
2024-08-29T10:55:00.000,I 75,I 75 and Memorial Dr Opas,,Rear End,3,Clear,Dry,Daylight
2023-10-09T15:36:00.000,I 75,I 75 and Memorial Dr Capitol  Avenue Ov,,Rear End,2,Clear,Dry,Daylight
2021-05-15T13:00:00.000,I 75,I 75 and Memorial Dr,,Rear End,2,Clear,Dry,Daylight
2021-03-22T08:25:00.000,I 75,I 75 and Memorial Dr,,Rear End,2,Clear,Dry,Daylight
2021-10-07T19:59:00.000,I 75,I 75 and Memorial Dr,,Rear End,2,Cloudy,Wet,Dark-Lighted
2021-12-08T16:04:00.000,I 75,I 75 and Memorial Dr,,Rear End,2,Clear,Dry,Daylight
2021-12-30T14:52:00.000,I 75,I 75 and Memorial Dr,,Rear End,2,Rain,Wet,Daylight
2023-08-11T17:40:00.000,I 75,I 75 and Memorial Dr,,Sideswipe-Same Direction,2,Cloudy,Dry,Daylight
2023-10-04T09:00:00.000,I 75,I 75 and Memorial Dr,,Sideswipe-Same Direction,2,Clear,Dry,Daylight
2023-03-10T08:05:00.000,I 75,I 75 and Memorial Dr,,Sideswipe-Same Direction,2,Rain,Wet,Daylight
2023-02-10T08:01:00.000,I 75,I 75 and Memorial Dr,,Rear End,2,Clear,Dry,Daylight
2023-09-01T16:15:00.000,I 75,I 75 and Memorial Dr,,Sideswipe-Same Direction,2,Clear,Dry,Daylight
2023-09-08T10:45:00.000,I 75,I 75 and Memorial Dr,,Rear End,2,Clear,Dry,Daylight
2023-08-21T07:52:00.000,I 75,I 75 and Memorial Dr,,Sideswipe-Same Direction,2,Clear,Dry,Daylight
2023-08-28T08:16:00.000,I 75,I 75 and Memorial Dr,,Sideswipe-Same Direction,2,Clear,Wet,Daylight
2023-06-13T16:48:00.000,I 75,I 75 and Memorial Dr,,Rear End,3,Clear,Dry,Daylight
2023-07-14T17:44:00.000,I 75,I 75 and Memorial Dr,,Sideswipe-Same Direction,2,Clear,Dry,Daylight
2023-08-14T07:33:00.000,I 75,I 75 and Memorial Dr,,Rear End,2,Clear,Dry,Daylight
2020-08-20T16:08:00.000,I 75,I 75 and Memorial Dr,,Rear End,4,Cloudy,Wet,Daylight
2020-10-13T16:05:00.000,I 75,I 75 and Memorial Dr,,Sideswipe-Same Direction,2,Clear,Dry,Daylight
2021-11-22T09:30:00.000,I 75,I 75 and Memorial Dr,,Rear End,3,Cloudy,Wet,Daylight
2021-11-30T07:04:00.000,I 75,I 75 and Memorial Dr,,Sideswipe-Same Direction,2,Clear,Dry,Daylight
2021-11-16T14:51:00.000,I 75,I 75 and Memorial Dr,,Rear End,2,Clear,Dry,Daylight
2021-07-16T09:00:00.000,I 75,I 75 and Memorial Dr,,Rear End,2,Clear,Dry,Daylight
2021-11-18T12:53:00.000,I 75,I 75 and Memorial Dr,,Rear End,3,Clear,Dry,Daylight
2022-07-08T12:30:00.000,I 75,I 75 and Memorial Dr,,Sideswipe-Same Direction,2,Cloudy,Dry,Daylight
2022-11-04T13:30:00.000,I 75,I 75 and Memorial Dr,,Sideswipe-Same Direction,2,Clear,Dry,Daylight
2022-08-02T15:02:00.000,I 75,I 75 and Memorial Dr,,Sideswipe-Same Direction,2,Clear,Dry,Daylight
2022-05-31T16:16:00.000,I 75,I 75 and Memorial Dr,,Rear End,2,Clear,Dry,Daylight
2022-10-13T16:01:00.000,I 75,I 75 and Memorial Dr,,Rear End,2,Clear,Dry,Daylight
2022-07-07T15:39:00.000,I 75,I 75 and Memorial Dr,,Rear End,2,Clear,Dry,Daylight
2022-06-09T07:05:00.000,I 75,I 75 and Memorial Dr,,Rear End,3,Clear,Dry,Daylight
2022-11-08T19:30:00.000,I 75,I 75 and Memorial Dr,,Sideswipe-Same Direction,2,Clear,Dry,Dark-Lighted
2022-01-07T15:37:00.000,I 75,I 75 and Memorial Dr,,Rear End,2,Clear,Dry,Daylight
2022-03-03T12:33:00.000,I 75,I 75 and Memorial Dr,,Rear End,2,Clear,Dry,Daylight
2022-06-28T14:58:00.000,I 75,I 75 and Memorial Dr,,Rear End,3,Cloudy,Dry,Daylight
2022-05-10T15:35:00.000,I 75,I 75 and Memorial Dr,,Sideswipe-Same Direction,2,Clear,Dry,Daylight
2022-03-15T14:54:00.000,I 75,I 75 and Memorial Dr,,Rear End,2,Cloudy,Dry,Daylight
2022-06-28T17:37:00.000,I 75,I 75 and Memorial Dr,,Sideswipe-Same Direction,2,Clear,Dry,Daylight
2022-05-09T11:08:00.000,I 75,I 75 and Memorial Dr,,Sideswipe-Same Direction,2,Clear,Dry,Daylight
2022-08-15T18:30:00.000,I 75,I 75 and Memorial Dr,,Rear End,2,Clear,Dry,Daylight
2022-03-15T16:06:00.000,I 75,I 75 and Memorial Dr,,Rear End,2,Cloudy,Dry,Daylight
2022-03-21T14:00:00.000,I 75,I 75 and Memorial Dr,,Sideswipe-Same Direction,2,Clear,Dry,Daylight
2024-07-25T14:20:00.000,I 75,I 75 and Memorial Dr,,Sideswipe-Same Direction,2,Cloudy,Dry,Daylight
2024-08-12T16:23:00.000,I 75,I 75 and Memorial Dr,,Rear End,2,Clear,Dry,Daylight
2024-08-12T17:45:00.000,I 75,I 75 and Memorial Dr,,Rear End,2,Clear,Dry,Daylight
2023-01-09T18:07:00.000,I 75,I 75 and Memorial Dr,,Sideswipe-Same Direction,2,Clear,Dry,Dark-Lighted
2023-07-20T13:02:00.000,I 75,I 75 and Memorial Dr,,Sideswipe-Same Direction,2,Cloudy,Dry,Daylight
2023-03-06T07:42:00.000,I 75,I 75 and Memorial Dr,,Rear End,2,Clear,Dry,Daylight
2023-03-20T14:04:00.000,I 75,I 75 and Memorial Dr,,Rear End,2,Clear,Dry,Daylight
2023-11-18T11:25:00.000,I 75,I 75 and Memorial Dr,,Rear End,2,Clear,Dry,Daylight
2023-04-03T15:23:00.000,I 75,I 75 and Memorial Dr,,Sideswipe-Same Direction,2,Cloudy,Wet,Daylight
2023-08-08T09:50:00.000,I 75,I 75 and Memorial Dr,,Rear End,3,Clear,Dry,Daylight
2024-05-20T18:30:00.000,I 75,I 75 and Memorial Dr,,Rear End,2,Clear,Dry,Daylight
2024-05-07T09:46:00.000,I 75,I 75 and Memorial Dr,,Sideswipe-Same Direction,2,Clear,Dry,Daylight
2024-06-13T19:55:00.000,I 75,I 75 and Memorial Dr,,Rear End,3,Clear,Dry,Daylight
2024-04-09T17:40:00.000,I 75,I 75 and Memorial Dr,,Sideswipe-Same Direction,2,Cloudy,Dry,Daylight
2024-06-07T16:10:00.000,I 75,I 75 and Memorial Dr,,Sideswipe-Same Direction,2,Clear,Dry,Daylight
2024-04-29T15:00:00.000,I 75,I 75 and Memorial Dr,,Angle Crash,2,Cloudy,Dry,Daylight
2024-05-28T07:50:00.000,I 75,I 75 and Memorial Dr,,Rear End,2,Clear,Dry,Daylight
2024-10-04T09:53:00.000,I 75,I 75 and Memorial Dr,,Rear End,2,Cloudy,Dry,Daylight
2024-08-01T10:00:00.000,I 75,I 75 and Memorial Dr,,Rear End,2,Clear,Dry,Daylight
2024-03-05T12:02:00.000,I 75,I 75 and Memorial Dr,,Rear End,2,Rain,Wet,Daylight
2024-06-04T10:28:00.000,I 75,I 75 and Memorial Dr,,Sideswipe-Same Direction,2,Clear,Dry,Daylight
2024-11-14T07:29:00.000,I 75,I 75 and Memorial Dr,,Rear End,2,Rain,Wet,Daylight
2024-05-24T17:45:00.000,I 75,I 75 and Memorial Dr,,Rear End,2,Cloudy,Dry,Daylight
2021-11-23T13:20:00.000,I 75,I 75 and Memorial Bridge Opas,,Sideswipe-Same Direction,2,Clear,Dry,Daylight
2024-09-12T06:46:00.000,I 75,I 75 and Memorial Ave,,Sideswipe-Same Direction,2,Cloudy,Wet,Daylight
2022-05-17T07:20:00.000,I 75,I 75 and Memorial   Capitol Ave,,Rear End,2,Clear,Dry,Daylight
2023-04-17T11:09:00.000,I 75,I 75 and Memerial Dr,,Sideswipe-Same Direction,3,Clear,Dry,Daylight
2022-05-04T17:21:00.000,I 75,I 75 and Mcdonough-Griffin Rd,,Rear End,2,Cloudy,Dry,Daylight
2024-10-12T15:06:00.000,I 75,I 75 and Mcdonough Pkwy,,Rear End,2,Clear,Dry,Daylight
2024-11-05T18:03:00.000,I 75,I 75 and Mcdonough Hampton Road Exit 218,,Sideswipe-Same Direction,2,Clear,Dry,Dark-Not Lighted
2021-11-16T21:31:00.000,I 75,I 75 and Mcdonough Hampton Rd,,Rear End,2,Clear,Dry,Dark-Not Lighted
2024-12-17T19:13:00.000,I 75,I 75 and Mcdonough Hampton Rd,,Angle Crash,2,Clear,Dry,Dark-Not Lighted
2022-05-25T15:42:00.000,I 75,I 75 and Mcdonough Hampton Exit 218,,Rear End,2,Cloudy,Dry,Daylight
2024-09-09T14:30:00.000,I 75,I 75 and Martn Luther Kung Dr,,Rear End,2,Clear,Dry,Daylight
2023-11-16T19:32:00.000,I 75,I 75 and Marting Luther King Jr Dr,,Sideswipe-Same Direction,2,Clear,Dry,Daylight
2024-09-12T14:49:00.000,I 75,I 75 and Martin Lutherr King Jr Dr,,Sideswipe-Same Direction,2,Clear,Dry,Daylight
2022-02-04T11:36:00.000,I 75,I 75 and Martin Luther King Rd,,Rear End,2,Cloudy,Wet,Daylight
2022-07-18T13:00:00.000,I 75,I 75 and Martin Luther King Opas,,Rear End,2,Clear,Wet,Daylight
2021-10-28T19:22:00.000,I 75,I 75 and Martin Luther King Junior Driv,,Sideswipe-Same Direction,2,Cloudy,Wet,Dark-Lighted
2021-10-26T17:01:00.000,I 75,I 75 and Martin Luther King Junior Driv,,Sideswipe-Same Direction,2,Clear,Dry,Daylight
2021-11-18T07:38:00.000,I 75,I 75 and Martin Luther King Junior Driv,,Rear End,2,Clear,Dry,Daylight
2021-10-08T18:36:00.000,I 75,I 75 and Martin Luther King Junior Driv,,Rear End,2,Clear,Dry,Daylight
2022-01-27T06:49:00.000,I 75,I 75 and Martin Luther King Junior Driv,,Sideswipe-Same Direction,2,Clear,Dry,Daylight
2021-12-14T12:00:00.000,I 75,I 75 and Martin Luther King Junior Driv,,Angle Crash,2,Clear,Dry,Daylight
2021-11-24T06:49:00.000,I 75,I 75 and Martin Luther King Junior Driv,,Sideswipe-Same Direction,2,Clear,Dry,Daylight
2022-02-07T09:29:00.000,I 75,I 75 and Martin Luther King Junior Driv,,Sideswipe-Same Direction,2,Cloudy,Dry,Daylight
2022-04-05T18:49:00.000,I 75,I 75 and Martin Luther King Junior Driv,,Rear End,2,Cloudy,Wet,Daylight
2021-10-26T16:04:00.000,I 75,I 75 and Martin Luther King Junior Driv,,Rear End,2,Clear,Dry,Daylight
2022-02-18T13:05:00.000,I 75,I 75 and Martin Luther King Junior Driv,,Rear End,2,Clear,Dry,Daylight
2021-10-14T06:46:00.000,I 75,I 75 and Martin Luther King Junior Driv,,Rear End,2,Clear,Dry,Dark-Lighted
2022-09-06T17:35:00.000,I 75,I 75 and Martin Luther King Junior Driv,,Sideswipe-Same Direction,2,Cloudy,Dry,Daylight
2022-02-04T10:39:00.000,I 75,I 75 and Martin Luther King Junior Driv,,Rear End,2,Cloudy,Wet,Daylight
2022-04-05T18:51:00.000,I 75,I 75 and Martin Luther King Junior Driv,,Rear End,3,Cloudy,Wet,Daylight
2022-04-04T16:38:00.000,I 75,I 75 and Martin Luther King Junior Driv,,Rear End,2,Clear,Dry,Daylight
2022-03-07T14:44:00.000,I 75,I 75 and Martin Luther King Junior Driv,,Rear End,2,Cloudy,Dry,Daylight
2022-04-18T10:18:00.000,I 75,I 75 and Martin Luther King Junior Driv,,Rear End,2,Cloudy,Dry,Daylight
2022-02-04T11:32:00.000,I 75,I 75 and Martin Luther King Junior Driv,,Rear End,2,Cloudy,Wet,Daylight
2022-06-03T18:43:00.000,I 75,I 75 and Martin Luther King Junior Driv,,Sideswipe-Same Direction,2,Clear,Dry,Daylight
2022-03-03T08:27:00.000,I 75,I 75 and Martin Luther King Junior Driv,,Rear End,2,Clear,Dry,Daylight
2022-01-20T06:54:00.000,I 75,I 75 and Martin Luther King Junior Driv,,Rear End,3,Rain,Wet,Dawn
2024-06-30T18:30:00.000,I 75,I 75 and Martin Luther King Junior Dr,,Rear End,3,Clear,Dry,Daylight
2022-05-09T08:12:00.000,I 75,I 75 and Martin Luther King Junior Blvd,,Rear End,2,Clear,Dry,Daylight
2023-11-07T18:39:00.000,I 75,I 75 and Martin Luther King Jr. Drive O,,Sideswipe-Same Direction,2,Clear,Dry,Dark-Not Lighted
2021-10-05T06:48:00.000,I 75,I 75 and Martin Luther King Jr. Drive O,,Rear End,2,Rain,Wet,Daylight
2022-05-10T15:23:00.000,I 75,I 75 and Martin Luther King Jr. Drive O,,Rear End,3,Clear,Dry,Daylight
2021-11-16T17:10:00.000,I 75,I 75 and Martin Luther King Jr. Drive O,,Rear End,2,Clear,Dry,Dark-Lighted
2024-05-21T18:19:00.000,I 75,I 75 and Martin Luther King Jr. Drive O,,Rear End,3,Clear,Dry,Daylight
2023-12-07T13:25:00.000,I 75,I 75 and Martin Luther King Jr. Dr.,,Rear End,2,Clear,Dry,Daylight
2021-11-01T16:24:00.000,I 75,I 75 and Martin Luther King Jr. Dr.,,Rear End,2,Clear,Dry,Daylight
2021-12-23T14:37:00.000,I 75,I 75 and Martin Luther King Jr. Dr,,Rear End,3,Clear,Dry,Daylight
2021-11-10T11:45:00.000,I 75,I 75 and Martin Luther King Jr. Dr,,Rear End,2,Clear,Dry,Daylight
2021-12-31T14:50:00.000,I 75,I 75 and Martin Luther King Jr. Dr,,Rear End,2,Cloudy,Dry,Daylight
2021-11-10T12:14:00.000,I 75,I 75 and Martin Luther King Jr. Dr,,Rear End,2,Clear,Dry,Daylight
2022-02-11T15:34:00.000,I 75,I 75 and Martin Luther King Jr. Dr,,Sideswipe-Same Direction,2,Clear,Dry,Daylight
2022-03-25T17:24:00.000,I 75,I 75 and Martin Luther King Jr. Dr,,Rear End,2,Clear,Dry,Daylight
2021-12-17T14:41:00.000,I 75,I 75 and Martin Luther King Jr. Dr,,Sideswipe-Same Direction,2,Clear,Dry,Daylight
2022-07-11T19:35:00.000,I 75,I 75 and Martin Luther King Jr. Dr,,Rear End,2,Cloudy,Dry,Daylight
2022-01-25T18:49:00.000,I 75,I 75 and Martin Luther King Jr. Dr,,Rear End,2,Clear,Dry,Daylight
2024-05-24T13:07:00.000,I 75,I 75 and Martin Luther King Jr. Dr,,Sideswipe-Same Direction,2,Cloudy,Dry,Daylight
2024-05-02T19:09:00.000,I 75,I 75 and Martin Luther King Jr. Dr,,Rear End,2,Clear,Dry,Daylight
2023-06-20T13:00:00.000,I 75,I 75 and Martin Luther King Jr. Dr,,Angle Crash,4,Clear,Dry,Daylight
2023-05-02T18:39:00.000,I 75,I 75 and Martin Luther King Jr. Dr,,Sideswipe-Same Direction,2,Clear,Dry,Daylight
2023-06-23T23:00:00.000,I 75,I 75 and Martin Luther King Jr. Dr,,Rear End,3,Clear,Dry,Dark-Lighted
2024-01-26T14:12:00.000,I 75,I 75 and Martin Luther King Jr. Dr,,Sideswipe-Same Direction,2,Clear,Dry,Daylight
2024-04-30T17:33:00.000,I 75,I 75 and Martin Luther King Jr. Dr,,Rear End,2,Clear,Dry,Daylight
2024-01-29T19:27:00.000,I 75,I 75 and Martin Luther King Jr. Dr,,Sideswipe-Same Direction,2,Clear,Dry,Dark-Not Lighted
2024-06-14T14:56:00.000,I 75,I 75 and Martin Luther King Jr.,,Rear End,2,Clear,Dry,Daylight
2023-04-06T07:23:00.000,I 75,I 75 and Martin Luther King Jr Opas,,Sideswipe-Same Direction,3,Clear,Dry,Daylight
2023-05-22T13:51:00.000,I 75,I 75 and Martin Luther King Jr Opas,,Rear End,2,Clear,Dry,Daylight
2023-03-24T16:36:00.000,I 75,I 75 and Martin Luther King Jr Opas,,Rear End,2,Clear,Dry,Daylight
2023-03-06T19:26:00.000,I 75,I 75 and Martin Luther King Jr Opas,,Rear End,2,Clear,Dry,Dark-Lighted
2023-02-16T15:57:00.000,I 75,I 75 and Martin Luther King Jr Opas,,Sideswipe-Same Direction,2,Clear,Dry,Daylight
2024-07-08T17:48:00.000,I 75,I 75 and Martin Luther King Jr Drvie,,Rear End,2,Clear,Dry,Daylight
2022-08-12T06:04:00.000,I 75,I 75 and Martin Luther King Jr Driver,,Rear End,2,Clear,Dry,Daylight
2021-09-29T11:40:00.000,I 75,I 75 and Martin Luther King Jr Drive Ov,,Rear End,3,Clear,Dry,Daylight
2021-12-24T14:53:00.000,I 75,I 75 and Martin Luther King Jr Drive Ov,,Rear End,2,Clear,Dry,Daylight
2023-03-04T22:04:00.000,I 75,I 75 and Martin Luther King Jr Drive Ov,,Rear End,3,Clear,Dry,Dark-Lighted
2022-03-17T16:20:00.000,I 75,I 75 and Martin Luther King Jr Drive Ov,,Sideswipe-Same Direction,2,Clear,Dry,Daylight
2021-10-26T16:10:00.000,I 75,I 75 and Martin Luther King Jr Drive Ov,,Sideswipe-Same Direction,2,Clear,Dry,Daylight
2021-10-21T07:55:00.000,I 75,I 75 and Martin Luther King Jr Drive Ov,,Rear End,2,Clear,Dry,Daylight
2022-02-04T18:35:00.000,I 75,I 75 and Martin Luther King Jr Drive Ov,,Rear End,2,Clear,Dry,Dark-Lighted
2022-08-25T10:01:00.000,I 75,I 75 and Martin Luther King Jr Drive Ov,,Sideswipe-Same Direction,3,Clear,Dry,Daylight
2022-09-19T13:55:00.000,I 75,I 75 and Martin Luther King Jr Drive Ov,,Rear End,3,Clear,Dry,Daylight
2022-07-07T18:00:00.000,I 75,I 75 and Martin Luther King Jr Drive Ov,,Sideswipe-Same Direction,2,Clear,Dry,Daylight
2022-09-20T06:25:00.000,I 75,I 75 and Martin Luther King Jr Drive Ov,,Sideswipe-Same Direction,4,Clear,Dry,Dark-Lighted
2022-06-14T02:41:00.000,I 75,I 75 and Martin Luther King Jr Drive Ov,,Sideswipe-Same Direction,2,Clear,Dry,Daylight
2022-10-03T13:20:00.000,I 75,I 75 and Martin Luther King Jr Drive Ov,,Sideswipe-Same Direction,2,Clear,Dry,Daylight
2022-05-05T15:39:00.000,I 75,I 75 and Martin Luther King Jr Drive Ov,,Sideswipe-Same Direction,2,Clear,Dry,Daylight
2023-06-12T14:43:00.000,I 75,I 75 and Martin Luther King Jr Drive Ov,,Sideswipe-Same Direction,2,Clear,Dry,Daylight
2023-08-08T12:21:00.000,I 75,I 75 and Martin Luther King Jr Drive Ov,,Rear End,3,Cloudy,Dry,Daylight
2022-01-03T16:00:00.000,I 75,I 75 and Martin Luther King Jr Drive Ex,,Rear End,2,Clear,Dry,Daylight
2024-01-16T19:43:00.000,I 75,I 75 and Martin Luther King Jr Drive Ex,,Rear End,3,Clear,Dry,Dark-Not Lighted
2021-12-29T04:04:00.000,I 75,I 75 and Martin Luther King Jr Dr.,,Rear End,2,Cloudy,Dry,Daylight
2022-10-03T08:58:00.000,I 75,I 75 and Martin Luther King Jr Dr.,,Sideswipe-Same Direction,2,Clear,Dry,Daylight
2024-12-01T17:29:00.000,I 75,I 75 and Martin Luther King Jr Dr Se Ov,,Rear End,2,Clear,Dry,Dark-Lighted
2022-05-19T09:40:00.000,I 75,I 75 and Martin Luther King Jr Dr Overp,,Rear End,2,Clear,Dry,Daylight
2022-04-14T08:24:00.000,I 75,I 75 and Martin Luther King Jr Dr Overp,,Sideswipe-Same Direction,2,Cloudy,Dry,Daylight
2022-03-31T11:07:00.000,I 75,I 75 and Martin Luther King Jr Dr Overp,,Rear End,2,Cloudy,Dry,Daylight
2022-08-30T13:00:00.000,I 75,I 75 and Martin Luther King Jr Dr Overp,,Rear End,3,Clear,Dry,Daylight
2022-11-01T06:58:00.000,I 75,I 75 and Martin Luther King Jr Dr Overp,,Rear End,2,Clear,Dry,Dark-Lighted
2024-03-28T14:00:00.000,I 75,I 75 and Martin Luther King Jr Dr Overp,,Rear End,2,Clear,Dry,Daylight
2021-12-21T13:30:00.000,I 75,I 75 and Martin Luther King Jr Dr,,Rear End,2,Cloudy,Wet,Daylight
2021-05-23T19:43:00.000,I 75,I 75 and Martin Luther King Jr Dr,,Sideswipe-Same Direction,2,Clear,Dry,Daylight
2021-12-24T16:01:00.000,I 75,I 75 and Martin Luther King Jr Dr,,Rear End,2,Clear,Dry,Daylight
2021-12-09T14:48:00.000,I 75,I 75 and Martin Luther King Jr Dr,,Rear End,2,Clear,Dry,Daylight
2021-11-15T13:58:00.000,I 75,I 75 and Martin Luther King Jr Dr,,Rear End,2,Clear,Dry,Daylight
2021-11-26T18:30:00.000,I 75,I 75 and Martin Luther King Jr Dr,,Sideswipe-Same Direction,2,Clear,Dry,Dark-Lighted
2021-11-26T18:44:00.000,I 75,I 75 and Martin Luther King Jr Dr,,Rear End,3,Clear,Dry,Dark-Lighted
2021-12-22T14:10:00.000,I 75,I 75 and Martin Luther King Jr Dr,,Sideswipe-Same Direction,2,Clear,Dry,Daylight
2021-10-25T16:44:00.000,I 75,I 75 and Martin Luther King Jr Dr,,Rear End,3,Clear,Dry,Daylight
2023-12-31T00:01:00.000,I 75,I 75 and Martin Luther King Jr Dr,,Rear End,3,Clear,Dry,Dark-Not Lighted
2023-11-07T16:50:00.000,I 75,I 75 and Martin Luther King Jr Dr,,Sideswipe-Same Direction,2,Clear,Dry,Daylight
2023-02-23T15:52:00.000,I 75,I 75 and Martin Luther King Jr Dr,,Rear End,3,Cloudy,Dry,Daylight
2023-02-10T14:53:00.000,I 75,I 75 and Martin Luther King Jr Dr,,Rear End,2,Clear,Dry,Daylight
2023-07-18T17:28:00.000,I 75,I 75 and Martin Luther King Jr Dr,,Sideswipe-Same Direction,2,Cloudy,Dry,Daylight
2023-12-19T14:38:00.000,I 75,I 75 and Martin Luther King Jr Dr,,Rear End,2,Clear,Dry,Daylight
2023-05-08T08:05:00.000,I 75,I 75 and Martin Luther King Jr Dr,,Sideswipe-Same Direction,2,Clear,Wet,Daylight
2023-09-15T10:05:00.000,I 75,I 75 and Martin Luther King Jr Dr,,Rear End,3,Cloudy,Dry,Daylight
2023-03-02T06:30:00.000,I 75,I 75 and Martin Luther King Jr Dr,,Sideswipe-Same Direction,2,Cloudy,Dry,Dark-Lighted
2023-05-25T06:57:00.000,I 75,I 75 and Martin Luther King Jr Dr,,Sideswipe-Same Direction,2,Clear,Dry,Daylight
2023-04-14T12:35:00.000,I 75,I 75 and Martin Luther King Jr Dr,,Sideswipe-Same Direction,2,Clear,Wet,Daylight
2023-07-27T00:00:00.000,I 75,I 75 and Martin Luther King Jr Dr,,Rear End,2,Clear,Dry,Daylight
2023-06-05T13:16:00.000,I 75,I 75 and Martin Luther King Jr Dr,,Sideswipe-Same Direction,2,Clear,Dry,Daylight
2022-07-18T18:00:00.000,I 75,I 75 and Martin Luther King Jr Dr,,Sideswipe-Same Direction,2,Clear,Dry,Daylight
2022-09-12T06:56:00.000,I 75,I 75 and Martin Luther King Jr Dr,,Rear End,2,Cloudy,Dry,Daylight
2022-12-30T10:23:00.000,I 75,I 75 and Martin Luther King Jr Dr,,Sideswipe-Same Direction,2,Clear,Dry,Daylight
2022-08-23T13:38:00.000,I 75,I 75 and Martin Luther King Jr Dr,,Rear End,2,Cloudy,Dry,Daylight
2022-11-03T15:25:00.000,I 75,I 75 and Martin Luther King Jr Dr,,Rear End,2,Clear,Dry,Daylight
2020-10-18T11:20:00.000,I 75,I 75 and Martin Luther King Jr Dr,,Rear End,2,Clear,Dry,Daylight