Date and Time,Roadway (From Crash Report),Intersection Name (from Crash Report),KABCO Severity,Manner of Collision (Crash Level) ,# of Vehicles per crash ,Weather Conditions (Crash Level),Surface Condition (Crash Level) ,Light Conditions (Crash Level)
2024-12-05T07:30:00.000,I 75,I 75 and Langford Pkwy,,Sideswipe-Same Direction,2,Cloudy,Wet,Daylight
2024-01-25T10:32:00.000,I 75,I 75 and Langford Pkwy,,Not a Collision with Motor Vehicle,1,Rain,Wet,Daylight
2024-05-02T06:31:00.000,I 75,I 75 and Langford Pkwy,,Sideswipe-Same Direction,3,Clear,Dry,Daylight
2024-02-19T16:14:00.000,I 75,I 75 and Langford Pkwy,,Sideswipe-Same Direction,2,Clear,Dry,Daylight
2024-07-12T09:43:00.000,I 75,I 75 and Langford Pkwy,,Sideswipe-Same Direction,2,Clear,Dry,Daylight
2024-12-02T09:50:00.000,I 75,I 75 and Langford Pkwy,,Sideswipe-Same Direction,2,Clear,Dry,Daylight
2024-10-29T14:05:00.000,I 75,I 75 and Langford Pkwy,,Sideswipe-Same Direction,2,Clear,Dry,Daylight
2024-09-06T09:10:00.000,I 75,I 75 and Langford Pkwy,,Rear End,3,Clear,Dry,Daylight
2024-07-22T06:30:00.000,I 75,I 75 and Langford Pkwy,,Rear End,2,Clear,Wet,Daylight
2024-11-01T17:23:00.000,I 75,I 75 and Langford Pkwy,,Angle Crash,2,Cloudy,Dry,Dusk
2024-10-07T07:40:00.000,I 75,I 75 and Langford Pkwy,,Sideswipe-Same Direction,2,Clear,Dry,Daylight
2024-05-24T10:01:00.000,I 75,I 75 and Langford Pkwy,,Sideswipe-Same Direction,2,Cloudy,Dry,Daylight
2024-05-30T16:44:00.000,I 75,I 75 and Langford Pkwy,,Sideswipe-Same Direction,2,Clear,Dry,Daylight
2024-06-21T11:39:00.000,I 75,I 75 and Langford Pkwy,,Not a Collision with Motor Vehicle,2,Clear,Dry,Daylight
2024-06-21T18:30:00.000,I 75,I 75 and Langford Pkwy,,Rear End,2,Clear,Dry,Daylight
2024-10-21T15:03:00.000,I 75,I 75 and Langford Pkwy,,Sideswipe-Same Direction,2,Clear,Dry,Daylight
2024-11-18T13:50:00.000,I 75,I 75 and Langford Pkwy,,Sideswipe-Same Direction,2,Clear,Dry,Daylight
2024-01-08T20:36:00.000,I 75,I 75 and Langford Pkwy,,Not a Collision with Motor Vehicle,1,Clear,Dry,Dark-Lighted
2023-11-14T08:13:00.000,I 75,I 75 and Langford Pkwy,,Rear End,2,Clear,Dry,Daylight
2023-05-25T07:55:00.000,I 75,I 75 and Langford Pkwy,,Rear End,2,Clear,Dry,Daylight
2023-11-17T14:00:00.000,I 75,I 75 and Langford Pkwy,,Rear End,2,Clear,Dry,Daylight
2023-11-27T12:56:00.000,I 75,I 75 and Langford Pkwy,,Rear End,2,Clear,Dry,Daylight
2024-04-05T18:49:00.000,I 75,I 75 and Langford Pkwy,,Sideswipe-Same Direction,2,Clear,Dry,Daylight
2024-01-09T15:00:00.000,I 75,I 75 and Langford Pkwy,,Angle Crash,2,Cloudy,Wet,Daylight
2023-09-14T16:20:00.000,I 75,I 75 and Langford Pkwy,,Rear End,2,Rain,Wet,Daylight
2023-01-20T07:00:00.000,I 75,I 75 and Langford Pkwy,,Sideswipe-Same Direction,2,Clear,Dry,Daylight
2023-08-03T16:45:00.000,I 75,I 75 and Langford Pkwy,,Rear End,2,Rain,Wet,Daylight
2023-11-07T16:19:00.000,I 75,I 75 and Langford Pkwy,,Rear End,2,Clear,Dry,Daylight
2023-05-25T08:50:00.000,I 75,I 75 and Langford Pkwy,,Rear End,2,Clear,Dry,Daylight
2023-02-20T13:33:00.000,I 75,I 75 and Langford Pkwy,,Sideswipe-Same Direction,2,Clear,Dry,Daylight
2023-04-20T10:57:00.000,I 75,I 75 and Langford Pkwy,,Rear End,2,Clear,Dry,Daylight
2023-08-21T08:30:00.000,I 75,I 75 and Langford Pkwy,,Sideswipe-Same Direction,3,Clear,Dry,Daylight
2023-07-11T12:08:00.000,I 75,I 75 and Langford Pkwy,,Sideswipe-Same Direction,2,Clear,Dry,Daylight
2023-09-15T17:10:00.000,I 75,I 75 and Langford Pkwy,,Not a Collision with Motor Vehicle,1,Clear,Dry,Daylight
2023-09-05T13:15:00.000,I 75,I 75 and Langford Pkwy,,Angle Crash,2,Clear,Dry,Daylight
2023-07-13T17:40:00.000,I 75,I 75 and Langford Pkwy,,Rear End,2,Clear,Dry,Daylight
2023-06-26T09:19:00.000,I 75,I 75 and Langford Pkwy,,Not a Collision with Motor Vehicle,1,Cloudy,Dry,Daylight
2023-06-05T08:34:00.000,I 75,I 75 and Langford Pkwy,,Sideswipe-Same Direction,2,Clear,Dry,Daylight
2023-08-21T09:20:00.000,I 75,I 75 and Langford Pkwy,,Rear End,2,Clear,Dry,Daylight
2023-06-23T16:35:00.000,I 75,I 75 and Langford Pkwy,,Rear End,3,Cloudy,Dry,Daylight
2024-11-22T19:05:00.000,I 75,I 75 and Langford Pkwy,,Sideswipe-Same Direction,2,Clear,Dry,Dark-Lighted
2024-03-14T15:13:00.000,I 75,I 75 and Langford Pkwy,,Sideswipe-Same Direction,2,Clear,Dry,Daylight
2024-02-06T06:00:00.000,I 75,I 75 and Langford Pkwy,,Sideswipe-Same Direction,2,Cloudy,Dry,Dark-Not Lighted
2024-03-14T07:40:00.000,I 75,I 75 and Langford Pkwy,,Rear End,2,Clear,Dry,Daylight
2024-04-11T07:05:00.000,I 75,I 75 and Langford Pkwy,,Rear End,3,Clear,Dry,Dawn
2024-04-12T06:50:00.000,I 75,I 75 and Langford Pkwy,,Rear End,2,Clear,Dry,Daylight
2024-12-28T22:21:00.000,I 75,I 75 and Langford Pkwy,,Angle Crash,2,Rain,Wet,Dark-Not Lighted
2024-06-17T17:13:00.000,I 75,I 75 and Langford Pkwy,,Sideswipe-Same Direction,2,Clear,Dry,Daylight
2024-05-31T14:22:00.000,I 75,I 75 and Langford Pkwy,,Sideswipe-Same Direction,2,Clear,Dry,Daylight
2024-08-20T08:45:00.000,I 75,I 75 and Langford Pkwy,,Sideswipe-Same Direction,2,Clear,Dry,Daylight
2024-11-19T06:50:00.000,I 75,I 75 and Langford Pkwy,,Sideswipe-Same Direction,3,Rain,Wet,Dark-Not Lighted
2024-02-02T12:48:00.000,I 75,I 75 and Langford Pkwy,,Sideswipe-Same Direction,2,Clear,Dry,Daylight
2024-06-04T09:07:00.000,I 75,I 75 and Langford Pkwy,,Not a Collision with Motor Vehicle,1,Clear,Dry,Daylight
2024-06-07T08:00:00.000,I 75,I 75 and Langford Pkwy,,Rear End,3,Clear,Dry,Daylight
2024-09-17T16:11:00.000,I 75,I 75 and Langford Pkwy,,Rear End,3,Cloudy,Dry,Daylight
2024-04-05T17:50:00.000,I 75,I 75 and Langford Pkwy,,Sideswipe-Same Direction,2,Clear,Dry,Daylight
2024-12-02T08:40:00.000,I 75,I 75 and Langford Pkwy,,Rear End,2,Clear,Dry,Daylight
2024-06-10T19:25:00.000,I 75,I 75 and Langford Pkwy,,Not a Collision with Motor Vehicle,1,Clear,Dry,Daylight
2024-07-26T16:09:00.000,I 75,I 75 and Langford Pkwy,,Rear End,2,Clear,Dry,Daylight
2024-08-16T12:56:00.000,I 75,I 75 and Langford Pkwy,,Sideswipe-Same Direction,2,Cloudy,Dry,Daylight
2024-11-28T14:00:00.000,I 75,I 75 and Langford Pkwy,,Sideswipe-Same Direction,2,Clear,Dry,Daylight
2024-04-30T17:43:00.000,I 75,I 75 and Langford Pkwy,,Sideswipe-Same Direction,2,Clear,Dry,Daylight
2024-11-14T06:37:00.000,I 75,I 75 and Langford Pkwy,,Angle Crash,2,Rain,Wet,Dawn
2024-07-02T19:25:00.000,I 75,I 75 and Langford Pkwy,,Sideswipe-Same Direction,2,Clear,Dry,Daylight
2024-07-29T15:30:00.000,I 75,I 75 and Langford Pkwy,,Angle Crash,2,Cloudy,Wet,Daylight
2024-12-17T14:10:00.000,I 75,I 75 and Langford Pkwy,,Not a Collision with Motor Vehicle,1,Clear,Dry,Daylight
2024-10-03T08:30:00.000,I 75,I 75 and Langford Pkwy,,Rear End,2,Clear,Dry,Daylight
2024-12-05T08:02:00.000,I 75,I 75 and Langford Pkwy,,Sideswipe-Same Direction,2,Clear,Dry,Daylight
2024-06-03T06:55:00.000,I 75,I 75 and Langford Pkwy,,Rear End,2,Clear,Dry,Daylight
2024-05-13T15:48:00.000,I 75,I 75 and Langford Pkwy,,Sideswipe-Same Direction,2,Clear,Dry,Daylight
2024-10-17T14:19:00.000,I 75,I 75 and Langford Pkwy,,Sideswipe-Same Direction,2,Clear,Dry,Daylight
2024-08-26T14:55:00.000,I 75,I 75 and Langford Pkwy,,Rear End,2,Clear,Dry,Daylight
2024-03-15T19:14:00.000,I 75,I 75 and Langford Pkwy,,Rear End,2,Rain,Wet,Daylight
2024-12-19T07:00:00.000,I 75,I 75 and Langford Pkwy,,Sideswipe-Same Direction,2,Clear,Wet,Daylight
2024-10-25T16:10:00.000,I 75,I 75 and Langford Pkwy,,Rear End,2,Clear,Dry,Daylight
2024-10-03T16:40:00.000,I 75,I 75 and Langford Pkwy,,Angle Crash,2,Clear,Dry,Daylight
2024-05-10T10:40:00.000,I 75,I 75 and Langford Pkwy,,Angle Crash,2,Cloudy,Dry,Daylight
2024-11-04T11:46:00.000,I 75,I 75 and Langford Pkwy,,Sideswipe-Same Direction,2,Cloudy,Dry,Daylight
2024-04-18T08:55:00.000,I 75,I 75 and Langford Pkwy,,Not a Collision with Motor Vehicle,1,Clear,Dry,Daylight
2024-04-19T14:32:00.000,I 75,I 75 and Langford Pkwy,,Sideswipe-Same Direction,2,Clear,Dry,Daylight
2024-03-07T15:00:00.000,I 75,I 75 and Langford Pkwy,,Sideswipe-Same Direction,2,Clear,Dry,Daylight
2024-06-03T06:00:00.000,I 75,I 75 and Langford Pkwy,,Rear End,3,Clear,Wet,Daylight
2024-06-27T15:33:00.000,I 75,I 75 and Langford Pkwy,,Angle Crash,2,Rain,Wet,Daylight
2024-05-07T08:35:00.000,I 75,I 75 and Langford Pkwy,,Rear End,2,Clear,Dry,Daylight
2024-04-02T06:55:00.000,I 75,I 75 and Langford Pkwy,,Rear End,2,Clear,Dry,Dawn
2024-12-06T17:55:00.000,I 75,I 75 and Langford Pkwy,,Sideswipe-Same Direction,2,Clear,Dry,Dark-Not Lighted
2024-03-21T07:12:00.000,I 75,I 75 and Langford Pkwy,,Rear End,3,Clear,Dry,Dawn
2024-11-19T12:49:00.000,I 75,I 75 and Langford Pkwy,,Not a Collision with Motor Vehicle,1,Rain,Wet,Daylight
2024-08-05T19:29:00.000,I 75,I 75 and Langford Pkwy,,Rear End,2,Clear,Dry,Daylight
2024-11-14T06:09:00.000,I 75,I 75 and Langford Pkwy,,Not a Collision with Motor Vehicle,1,Rain,Wet,Daylight
2024-03-28T07:12:00.000,I 75,I 75 and Langford Pkwy,,Sideswipe-Same Direction,2,Cloudy,Dry,Daylight
2024-06-21T09:40:00.000,I 75,I 75 and Langford Pkwy,,Not a Collision with Motor Vehicle,1,Clear,Dry,Daylight
2024-09-17T07:30:00.000,I 75,I 75 and Langford Pkwy,,Rear End,2,Clear,Dry,Dawn
2024-06-03T05:55:00.000,I 75,I 75 and Langford Pkwy,,Rear End,3,Clear,Wet,Dark-Not Lighted
2024-07-29T16:27:00.000,I 75,I 75 and Langford Pkwy,,Rear End,2,Clear,Wet,Daylight
2024-08-06T16:20:00.000,I 75,I 75 and Langford Pkwy,,Rear End,2,Clear,Dry,Daylight
2024-09-20T19:28:00.000,I 75,I 75 and Langford Pkwy,,Rear End,2,Clear,Dry,Dawn
2024-09-27T06:39:00.000,I 75,I 75 and Langford Pkwy,,Sideswipe-Same Direction,2,Rain,Wet,Dawn
2024-05-10T08:05:00.000,I 75,I 75 and Langford Pkwy,,Not a Collision with Motor Vehicle,1,Cloudy,Wet,Daylight
2024-06-06T16:50:00.000,I 75,I 75 and Langford Pkwy,,Rear End,2,Clear,Dry,Daylight
2024-07-29T09:53:00.000,I 75,I 75 and Langford Pkwy,,Sideswipe-Same Direction,2,Cloudy,Dry,Daylight
2024-10-08T07:00:00.000,I 75,I 75 and Langford Pkwy,,Rear End,2,Clear,Dry,Daylight
2024-12-27T19:00:00.000,I 75,I 75 and Langford Pkwy,,Sideswipe-Same Direction,2,Rain,Wet,Dark-Lighted
2024-12-27T06:43:00.000,I 75,I 75 and Langford Pkwy,,Sideswipe-Same Direction,3,Rain,Wet,Dark-Not Lighted
2023-06-12T17:20:00.000,I 75,I 75 and Langford Parkway W Rp,,Rear End,2,Clear,Dry,Daylight
2024-02-26T08:20:00.000,I 75,I 75 and Langford Parkway Rp,,Rear End,2,Clear,Dry,Daylight
2024-03-28T09:51:00.000,I 75,I 75 and Langford Parkway Opas,,Rear End,2,Clear,Dry,Daylight
2021-01-08T15:09:00.000,I 75,I 75 and Langford Parkway E Rp,,Sideswipe-Same Direction,2,Cloudy,Dry,Daylight
2022-05-12T16:50:00.000,I 75,I 75 and Langford Parkway 166,,Sideswipe-Same Direction,2,Clear,Dry,Daylight
2020-01-16T14:30:00.000,I 75,I 75 and Langford Opas,,Not a Collision with Motor Vehicle,1,Clear,Dry,Daylight
2020-01-16T13:45:00.000,I 75,I 75 and Langford Opas,,Not a Collision with Motor Vehicle,1,Clear,Dry,Daylight
2021-03-18T09:00:00.000,I 75,I 75 and Lakes Blvd,,Rear End,2,Cloudy,Dry,Daylight
2021-03-28T15:00:00.000,I 75,I 75 and Lakes Blvd,,Rear End,2,Clear,Dry,Daylight
2022-12-12T15:30:00.000,I 75,I 75 and Lakes Blvd,,Not a Collision with Motor Vehicle,1,Clear,Dry,Daylight
2022-07-01T13:00:00.000,I 75,I 75 and Lakes Blvd,,Sideswipe-Same Direction,2,Clear,Dry,Daylight
2024-11-06T17:15:00.000,I 75,I 75 and Lakes Blvd,,Not a Collision with Motor Vehicle,1,Rain,Wet,Dusk
2024-02-16T13:00:00.000,I 75,I 75 and Lakes Blvd,,Not a Collision with Motor Vehicle,1,Clear,Dry,Daylight
2022-03-24T10:42:00.000,I 75,I 75 and Lakepark Belleville Rd,,Sideswipe-Same Direction,2,Rain,Wet,Daylight
2022-11-20T13:50:00.000,I 75,I 75 and Lake Spivey Rd Exit 228,,Rear End,3,Clear,Dry,Daylight
2020-02-25T16:54:00.000,I 75,I 75 and Lake Spivey Pkwy,,Not a Collision with Motor Vehicle,2,Clear,Dry,Daylight
2021-04-29T12:00:00.000,I 75,I 75 and Lake Spivey Pkwy,,Not a Collision with Motor Vehicle,1,Clear,Dry,Daylight
2022-05-05T17:44:00.000,I 75,I 75 and Lake Spivey Pkwy,,Rear End,2,Clear,Dry,Daylight
2023-11-18T11:55:00.000,I 75,I 75 and Lake Spivey Pkwy,,Rear End,2,Clear,Dry,Daylight
2020-06-26T07:50:00.000,I 75,I 75 and Lake Rd,,Sideswipe-Same Direction,2,Cloudy,Dry,Daylight
2022-03-12T14:26:00.000,I 75,I 75 and Lake Park-Bellville Rd,,Rear End,3,Clear,Dry,Daylight
2020-09-11T09:03:00.000,I 75,I 75 and Lake Park Bellville Road Exit,,Not a Collision with Motor Vehicle,1,Cloudy,Dry,Daylight
2020-01-10T14:46:00.000,I 75,I 75 and Lake Park Bellville Road   Ex,,Angle Crash,3,Clear,Dry,Daylight
2021-01-12T11:09:00.000,I 75,I 75 and Lake Park Bellville Rd,,Sideswipe-Same Direction,2,Cloudy,Dry,Daylight
2021-03-02T03:00:00.000,I 75,I 75 and Lake Park Bellville Rd,,Not a Collision with Motor Vehicle,1,Cloudy,Wet,Dark-Not Lighted
2021-03-28T02:25:00.000,I 75,I 75 and Lake Park Bellville Rd,,Not a Collision with Motor Vehicle,1,Clear,Dry,Dark-Not Lighted
2021-01-05T19:03:00.000,I 75,I 75 and Lake Park Bellville Rd,,Angle Crash,2,Clear,Dry,Dark-Not Lighted
2021-09-02T21:50:00.000,I 75,I 75 and Lake Park Bellville Rd,,Not a Collision with Motor Vehicle,4,Clear,Dry,Dark-Lighted
2021-08-05T13:35:00.000,I 75,I 75 and Lake Park Bellville Rd,,Rear End,2,Cloudy,Wet,Daylight
2021-04-04T23:35:00.000,I 75,I 75 and Lake Park Bellville Rd,,Angle Crash,2,Clear,Dry,Dark-Not Lighted
2021-04-28T12:10:00.000,I 75,I 75 and Lake Park Bellville Rd,,Rear End,2,Clear,Dry,Daylight
2021-11-10T11:12:00.000,I 75,I 75 and Lake Park Bellville Rd,,Sideswipe-Same Direction,2,Clear,Dry,Daylight
2020-01-08T14:15:00.000,I 75,I 75 and Lake Park Bellville Rd,,Rear End,2,Clear,Dry,Daylight
2023-04-21T09:45:00.000,I 75,I 75 and Lake Park Bellville Rd,,Rear End,2,Clear,Dry,Daylight
2023-04-07T14:25:00.000,I 75,I 75 and Lake Park Bellville Rd,,Rear End,2,Clear,Dry,Daylight
2023-12-05T17:50:00.000,I 75,I 75 and Lake Park Bellville Rd,,Rear End,2,Clear,Dry,Dark-Not Lighted
2023-07-15T17:00:00.000,I 75,I 75 and Lake Park Bellville Rd,,Angle Crash,2,Rain,Wet,Daylight
2023-12-07T21:12:00.000,I 75,I 75 and Lake Park Bellville Rd,,Not a Collision with Motor Vehicle,3,Clear,Dry,Dark-Not Lighted
2023-03-15T06:45:00.000,I 75,I 75 and Lake Park Bellville Rd,,Sideswipe-Same Direction,2,Clear,Dry,Dawn
2023-11-14T10:30:00.000,I 75,I 75 and Lake Park Bellville Rd,,Not a Collision with Motor Vehicle,1,Clear,Dry,Daylight
2020-04-17T23:16:00.000,I 75,I 75 and Lake Park Bellville Rd,,Angle Crash,2,Clear,Dry,Dark-Not Lighted
2020-04-17T23:05:00.000,I 75,I 75 and Lake Park Bellville Rd,,Angle Crash,2,Clear,Dry,Dark-Not Lighted
2020-10-09T03:24:00.000,I 75,I 75 and Lake Park Bellville Rd,,Rear End,2,Clear,Dry,Dark-Not Lighted
2020-11-25T20:42:00.000,I 75,I 75 and Lake Park Bellville Rd,,Not a Collision with Motor Vehicle,1,Clear,Dry,Dark-Not Lighted
2020-12-04T13:00:00.000,I 75,I 75 and Lake Park Bellville Rd,,Not a Collision with Motor Vehicle,1,Clear,Dry,Daylight
2020-08-29T09:35:00.000,I 75,I 75 and Lake Park Bellville Rd,,Sideswipe-Same Direction,2,Clear,Wet,Daylight
2020-12-17T12:25:00.000,I 75,I 75 and Lake Park Bellville Rd,,Rear End,3,Clear,Dry,Daylight
2020-02-26T19:10:00.000,I 75,I 75 and Lake Park Bellville Rd,,Not a Collision with Motor Vehicle,1,Cloudy,Wet,Dark-Not Lighted
2020-06-07T14:55:00.000,I 75,I 75 and Lake Park Bellville Rd,,Angle Crash,7,Rain,Wet,Daylight
2020-11-25T20:40:00.000,I 75,I 75 and Lake Park Bellville Rd,,Head On,2,Clear,Dry,Dark-Not Lighted
2021-05-20T05:27:00.000,I 75,I 75 and Lake Park Bellville Rd,,Not a Collision with Motor Vehicle,1,Clear,Dry,Dark-Not Lighted
2021-04-11T10:20:00.000,I 75,I 75 and Lake Park Bellville Rd,,Rear End,3,Rain,Wet,Daylight
2021-04-10T14:17:00.000,I 75,I 75 and Lake Park Bellville Rd,,Rear End,2,Rain,Wet,Daylight
2021-12-22T11:30:00.000,I 75,I 75 and Lake Park Bellville Rd,,Not a Collision with Motor Vehicle,2,Clear,Dry,Daylight
2022-05-09T18:55:00.000,I 75,I 75 and Lake Park Bellville Rd,,Sideswipe-Same Direction,2,Clear,Dry,Daylight
2022-06-12T13:01:00.000,I 75,I 75 and Lake Park Bellville Rd,,Rear End,2,Rain,Wet,Daylight
2022-05-22T17:30:00.000,I 75,I 75 and Lake Park Bellville Rd,,Rear End,3,Cloudy,Dry,Daylight
2021-07-11T01:41:00.000,I 75,I 75 and Lake Park Bellville Rd,,Not a Collision with Motor Vehicle,1,Cloudy,Wet,Dark-Not Lighted
2022-09-13T10:51:00.000,I 75,I 75 and Lake Park Bellville Rd,,Angle Crash,2,Clear,Dry,Daylight
2022-07-10T15:13:00.000,I 75,I 75 and Lake Park Bellville Rd,,Rear End,2,Rain,Wet,Daylight
2022-02-01T09:50:00.000,I 75,I 75 and Lake Park Bellville Rd,,Not a Collision with Motor Vehicle,1,Fog,Dry,Daylight
2022-01-15T12:40:00.000,I 75,I 75 and Lake Park Bellville Rd,,Sideswipe-Same Direction,2,Clear,Dry,Daylight
2022-06-19T12:30:00.000,I 75,I 75 and Lake Park Bellville Rd,,Not a Collision with Motor Vehicle,2,Clear,Dry,Daylight
2022-02-02T12:00:00.000,I 75,I 75 and Lake Park Bellville Rd,,Sideswipe-Same Direction,2,Clear,Dry,Daylight
2022-04-02T10:30:00.000,I 75,I 75 and Lake Park Bellville Rd,,Sideswipe-Same Direction,2,Cloudy,Dry,Daylight
2022-06-06T09:35:00.000,I 75,I 75 and Lake Park Bellville Rd,,Sideswipe-Same Direction,2,Clear,Dry,Daylight
2022-09-01T17:00:00.000,I 75,I 75 and Lake Park Bellville Rd,,Sideswipe-Same Direction,2,Rain,Wet,Daylight
2022-11-23T15:20:00.000,I 75,I 75 and Lake Park Bellville Rd,,Not a Collision with Motor Vehicle,1,Clear,Dry,Daylight
2022-05-28T15:35:00.000,I 75,I 75 and Lake Park Bellville Rd,,Not a Collision with Motor Vehicle,1,Clear,Dry,Daylight
2022-03-12T07:45:00.000,I 75,I 75 and Lake Park Bellville Rd,,Angle Crash,2,Clear,Wet,Daylight
2022-10-10T16:55:00.000,I 75,I 75 and Lake Park Bellville Rd,,Angle Crash,2,Clear,Dry,Daylight
2022-07-20T10:30:00.000,I 75,I 75 and Lake Park Bellville Rd,,Sideswipe-Same Direction,2,Cloudy,Dry,Daylight
2022-03-26T21:00:00.000,I 75,I 75 and Lake Park Bellville Rd,,Not a Collision with Motor Vehicle,1,Clear,Dry,Dark-Not Lighted
2022-05-22T17:00:00.000,I 75,I 75 and Lake Park Bellville Rd,,Rear End,1,Cloudy,Dry,Daylight
2022-03-13T11:42:00.000,I 75,I 75 and Lake Park Bellville Rd,,Sideswipe-Same Direction,2,Clear,Dry,Daylight
2024-07-03T14:15:00.000,I 75,I 75 and Lake Park Bellville Rd,,Angle Crash,2,Clear,Dry,Daylight
2024-10-08T16:38:00.000,I 75,I 75 and Lake Park Bellville Rd,,Rear End,2,Clear,Dry,Daylight
2024-03-23T13:32:00.000,I 75,I 75 and Lake Park Bellville Rd,,Rear End,3,Cloudy,Wet,Daylight
2023-06-14T22:01:00.000,I 75,I 75 and Lake Park Bellville Rd,,Not a Collision with Motor Vehicle,1,Rain,Wet,Dark-Not Lighted
2023-06-10T17:00:00.000,I 75,I 75 and Lake Park Bellville Rd,,Not a Collision with Motor Vehicle,1,Rain,Wet,Daylight
2023-05-29T09:50:00.000,I 75,I 75 and Lake Park Bellville Rd,,Sideswipe-Same Direction,2,Clear,Dry,Daylight
2023-07-23T14:15:00.000,I 75,I 75 and Lake Park Bellville Rd,,Angle Crash,2,Cloudy,Wet,Daylight
2023-09-14T11:29:00.000,I 75,I 75 and Lake Park Bellville Rd,,Angle Crash,2,Clear,Dry,Daylight
2024-10-08T17:52:00.000,I 75,I 75 and Lake Park Bellville Rd,,Rear End,2,Clear,Dry,Daylight
2024-10-08T17:52:00.000,I 75,I 75 and Lake Park Bellville Rd,,Rear End,2,Clear,Dry,Daylight
2024-07-24T15:10:00.000,I 75,I 75 and Lake Park Bellville Rd,,Not a Collision with Motor Vehicle,2,Cloudy,Dry,Daylight
2024-04-10T05:50:00.000,I 75,I 75 and Lake Park Bellville Rd,,Not a Collision with Motor Vehicle,1,Clear,Dry,Dark-Lighted
2024-10-08T17:52:00.000,I 75,I 75 and Lake Park Bellville Rd,,Rear End,2,Clear,Dry,Daylight
2024-08-24T23:36:00.000,I 75,I 75 and Lake Park Bellville Rd,,Sideswipe-Same Direction,2,Clear,Dry,Dark-Lighted
2024-09-01T10:00:00.000,I 75,I 75 and Lake Park Bellville Rd,,Not a Collision with Motor Vehicle,1,Clear,Dry,Daylight
2023-05-28T20:05:00.000,I 75,I 75 and Lake Park Bellville,,Rear End,2,Clear,Dry,Daylight
2024-05-09T15:50:00.000,I 75,I 75 and Lake Park Bellville,,Not a Collision with Motor Vehicle,1,Clear,Dry,Daylight
2021-11-06T13:59:00.000,I 75,I 75 and Lake Park Bellview Rd,,Sideswipe-Same Direction,2,Clear,Dry,Daylight
2022-07-16T11:25:00.000,I 75,I 75 and Lake Park Bellview Rd,,Sideswipe-Same Direction,2,Cloudy,Dry,Daylight
2020-11-05T23:20:00.000,I 75,I 75 and Lake Park Belleville Rd,,Not a Collision with Motor Vehicle,1,Clear,Dry,Dark-Not Lighted
2021-01-02T14:40:00.000,I 75,I 75 and Lake Park - Bellville Road Ex,,Sideswipe-Same Direction,2,Rain,Wet,Daylight
2020-06-13T00:12:00.000,I 75,I 75 and Lake Park - Bellville Road Ex,,Sideswipe-Same Direction,2,Cloudy,Wet,Dark-Not Lighted
2022-03-11T14:34:00.000,I 75,I 75 and Lake Park - Bellville Rd,,Not a Collision with Motor Vehicle,1,Rain,Wet,Daylight
2022-06-28T05:54:00.000,I 75,I 75 and Lake Mirror Rd,,Angle Crash,2,Clear,Dry,Dawn
2023-08-18T14:45:00.000,I 75,I 75 and Lake Mirror Rd,,Rear End,2,Clear,Dry,Daylight
2021-11-10T17:33:00.000,I 75,I 75 and L.G. Griffin Rd,,Sideswipe-Same Direction,2,Clear,Dry,Dusk
2022-12-29T16:41:00.000,I 75,I 75 and L G Griffin Rd.,,Sideswipe-Same Direction,2,Clear,Dry,Daylight
2024-02-12T11:30:00.000,I 75,I 75 and Kinnard Bridge Rd,,Not a Collision with Motor Vehicle,1,Rain,Wet,Daylight
2021-03-21T19:38:00.000,I 75,I 75 and King St,,Rear End,2,Clear,Dry,Daylight
2023-03-23T15:45:00.000,I 75,I 75 and King Rd,,Rear End,2,Clear,Dry,Daylight
2023-08-24T21:50:00.000,I 75,I 75 and King Rd,,Sideswipe-Same Direction,2,Clear,Dry,Dark-Lighted
2022-03-27T19:00:00.000,I 75,I 75 and Kinard Brigde Rd,,Not a Collision with Motor Vehicle,2,Clear,Dry,Daylight
2023-01-22T16:00:00.000,I 75,I 75 and Kinard Bridge Road Mm49,,Not a Collision with Motor Vehicle,1,Rain,Wet,Daylight
2022-09-15T09:38:00.000,I 75,I 75 and Kinard Bridge Road Mm49,,Rear End,2,Clear,Dry,Daylight
2023-05-22T21:28:00.000,I 75,I 75 and Kinard Bridge Road Mm49,,Not a Collision with Motor Vehicle,1,Rain,Wet,Dark-Lighted
2023-08-16T15:55:00.000,I 75,I 75 and Kinard Bridge Road Exit 49,,Not a Collision with Motor Vehicle,2,Cloudy,Dry,Daylight
2023-07-14T08:55:00.000,I 75,I 75 and Kinard Bridge Road Exit 49,,Not a Collision with Motor Vehicle,1,Cloudy,Dry,Daylight
2023-07-20T18:30:00.000,I 75,I 75 and Kinard Bridge Road Exit 49,,Sideswipe-Same Direction,3,Clear,Dry,Daylight