Date and Time,Roadway (From Crash Report),Intersection Name (from Crash Report),KABCO Severity,Manner of Collision (Crash Level) ,# of Vehicles per crash ,Weather Conditions (Crash Level),Surface Condition (Crash Level) ,Light Conditions (Crash Level)
2023-11-11T02:13:00.000,I 75,I 75 and Jonesboro Road Sr54,,Sideswipe-Same Direction,2,Rain,Wet,Dark-Lighted
2024-03-12T12:36:00.000,I 75,I 75 and Jonesboro Road Sr54,,Rear End,2,Clear,Dry,Daylight
2024-04-12T08:50:00.000,I 75,I 75 and Jonesboro Road Sr54,,Not a Collision with Motor Vehicle,1,Clear,Dry,Daylight
2024-08-21T07:10:00.000,I 75,I 75 and Jonesboro Road Sr54,,Sideswipe-Same Direction,2,Clear,Dry,Daylight
2024-05-29T13:12:00.000,I 75,I 75 and Jonesboro Road Sr54,,Sideswipe-Same Direction,2,Clear,Dry,Daylight
2024-09-15T06:52:00.000,I 75,I 75 and Jonesboro Road Sr54,,Rear End,2,Clear,Dry,Dawn
2024-09-27T05:13:00.000,I 75,I 75 and Jonesboro Road Sr54,,Not a Collision with Motor Vehicle,1,Rain,Wet,Dark-Not Lighted
2024-02-07T10:19:00.000,I 75,I 75 and Jonesboro Road Sr54,,Sideswipe-Same Direction,2,Clear,Dry,Daylight
2024-06-21T08:10:00.000,I 75,I 75 and Jonesboro Road Sr54,,Sideswipe-Same Direction,2,Clear,Dry,Daylight
2024-01-25T13:30:00.000,I 75,I 75 and Jonesboro Road Sr54,,Sideswipe-Same Direction,2,Rain,Wet,Daylight
2024-06-12T12:08:00.000,I 75,I 75 and Jonesboro Road Sr54,,Rear End,2,Clear,Dry,Daylight
2024-10-03T16:15:00.000,I 75,I 75 and Jonesboro Road Sr54,,Rear End,2,Clear,Dry,Daylight
2021-12-23T09:38:00.000,I 75,I 75 and Jonesboro Road S.R.54,,Not a Collision with Motor Vehicle,1,Clear,Dry,Daylight
2021-11-04T10:29:00.000,I 75,I 75 and Jonesboro Road S.R.54,,Not a Collision with Motor Vehicle,2,Clear,Dry,Dark-Lighted
2021-10-29T18:55:00.000,I 75,I 75 and Jonesboro Road S.R.54,,Sideswipe-Same Direction,2,Clear,Dry,Dark-Lighted
2021-12-08T13:03:00.000,I 75,I 75 and Jonesboro Road S.R.54,,Not a Collision with Motor Vehicle,1,Cloudy,Dry,Daylight
2023-01-22T11:48:00.000,I 75,I 75 and Jonesboro Road S.R.54,,Angle Crash,2,Rain,Wet,Daylight
2023-11-09T16:25:00.000,I 75,I 75 and Jonesboro Road S.R.54,,Angle Crash,2,Clear,Dry,Daylight
2023-04-05T14:17:00.000,I 75,I 75 and Jonesboro Road S.R.54,,Rear End,3,Clear,Dry,Daylight
2023-07-05T13:40:00.000,I 75,I 75 and Jonesboro Road S.R.54,,Rear End,2,Cloudy,Dry,Daylight
2022-08-06T13:40:00.000,I 75,I 75 and Jonesboro Road S.R.54,,Rear End,2,Clear,Dry,Daylight
2022-07-19T11:42:00.000,I 75,I 75 and Jonesboro Road S.R.54,,Rear End,2,Clear,Dry,Daylight
2021-12-08T12:50:00.000,I 75,I 75 and Jonesboro Road S.R.54,,Not a Collision with Motor Vehicle,1,Cloudy,Dry,Daylight
2022-08-25T08:00:00.000,I 75,I 75 and Jonesboro Road S.R.54,,Sideswipe-Same Direction,2,Rain,Wet,Daylight
2022-03-25T10:06:00.000,I 75,I 75 and Jonesboro Road S.R.54,,Sideswipe-Same Direction,2,Clear,Dry,Daylight
2022-05-08T16:27:00.000,I 75,I 75 and Jonesboro Road S.R.54,,Rear End,2,Clear,Dry,Daylight
2024-10-01T15:25:00.000,I 75,I 75 and Jonesboro Road S.R.54,,Sideswipe-Same Direction,2,Clear,Dry,Daylight
2023-06-15T16:34:00.000,I 75,I 75 and Jonesboro Road S.R.54,,Rear End,2,Clear,Dry,Daylight
2023-01-25T18:44:00.000,I 75,I 75 and Jonesboro Road S.R.54,,Rear End,2,Clear,Dry,Dark-Lighted
2024-01-13T09:09:00.000,I 75,I 75 and Jonesboro Road S.R.54,,Sideswipe-Same Direction,2,Clear,Dry,Daylight
2024-11-07T18:45:00.000,I 75,I 75 and Jonesboro Road S.R.54,,Sideswipe-Same Direction,3,Clear,Dry,Daylight
2021-10-03T11:16:00.000,I 75,I 75 and Jonesboro Road S.R. 54,,Rear End,2,Cloudy,Dry,Daylight
2022-12-23T19:30:00.000,I 75,I 75 and Jonesboro Road S.R. 54,,Sideswipe-Same Direction,2,Clear,Dry,Daylight
2023-12-06T08:20:00.000,I 75,I 75 and Jonesboro Road On Rp,,Angle Crash,3,Clear,Dry,Daylight
2024-12-26T23:13:00.000,I 75,I 75 and Jonesboro Road Exit 233,,Rear End,3,Clear,Dry,Dark-Lighted
2023-12-15T18:45:00.000,I 75,I 75 and Jonesboro Road Exit 221,,Rear End,2,Clear,Dry,Dark-Not Lighted
2020-09-01T14:25:00.000,I 75,I 75 and Jonesboro Road  Sr54,,Sideswipe-Same Direction,2,Clear,Dry,Daylight
2020-07-25T15:35:00.000,I 75,I 75 and Jonesboro Road  Sr54,,Not a Collision with Motor Vehicle,1,Rain,Wet,Daylight
2020-09-24T14:55:00.000,I 75,I 75 and Jonesboro Road  Sr54,,Rear End,2,Rain,Wet,Daylight
2020-05-03T11:20:00.000,I 75,I 75 and Jonesboro Road  Sr54,,Rear End,2,Clear,Dry,Daylight
2020-09-01T16:30:00.000,I 75,I 75 and Jonesboro Road  Sr54,,Sideswipe-Same Direction,2,Cloudy,Dry,Daylight
2020-07-15T18:45:00.000,I 75,I 75 and Jonesboro Road  Sr54,,Not a Collision with Motor Vehicle,2,Cloudy,Dry,Daylight
2020-03-12T15:15:00.000,I 75,I 75 and Jonesboro Road  Sr54,,Not a Collision with Motor Vehicle,2,Cloudy,Dry,Daylight
2020-06-23T12:58:00.000,I 75,I 75 and Jonesboro Road  Sr54,,Sideswipe-Same Direction,2,Cloudy,Dry,Daylight
2020-06-04T17:15:00.000,I 75,I 75 and Jonesboro Road  Sr54,,Angle Crash,2,Clear,Dry,Daylight
2021-02-19T17:05:00.000,I 75,I 75 and Jonesboro Road  Sr54,,Rear End,2,Clear,Dry,Daylight
2021-10-08T16:40:00.000,I 75,I 75 and Jonesboro Road  Sr54,,Rear End,2,Clear,Dry,Daylight
2022-06-06T13:43:00.000,I 75,I 75 and Jonesboro Road   Exit 221,,Rear End,2,Clear,Dry,Daylight
2024-09-14T14:18:00.000,I 75,I 75 and Jonesboro Road   Exit 221,,Rear End,2,Cloudy,Wet,Daylight
2021-08-18T07:51:00.000,I 75,I 75 and Jonesboro Rd. Rd,,Sideswipe-Same Direction,2,Clear,Dry,Daylight
2021-05-12T08:21:00.000,I 75,I 75 and Jonesboro Rd. Rd,,Rear End,2,Rain,Wet,Daylight
2021-04-24T11:42:00.000,I 75,I 75 and Jonesboro Rd. Rd,,Rear End,2,Cloudy,Wet,Daylight
2021-08-25T12:29:00.000,I 75,I 75 and Jonesboro Rd. Rd,,Rear End,2,Clear,Dry,Daylight
2022-01-02T19:50:00.000,I 75,I 75 and Jonesboro Rd. Rd,,Rear End,2,Rain,Wet,Dark-Lighted
2021-11-28T18:40:00.000,I 75,I 75 and Jonesboro Rd.,,Rear End,2,Clear,Dry,Dark-Not Lighted
2021-12-17T13:00:00.000,I 75,I 75 and Jonesboro Rd.,,Rear End,2,Cloudy,Dry,Daylight
2021-12-26T20:13:00.000,I 75,I 75 and Jonesboro Rd.,,Rear End,2,Clear,Dry,Dark-Not Lighted
2021-10-19T08:16:00.000,I 75,I 75 and Jonesboro Rd.,,Rear End,2,Clear,Dry,Daylight
2023-04-12T13:14:00.000,I 75,I 75 and Jonesboro Rd.,,Rear End,2,Clear,Dry,Daylight
2021-12-09T13:30:00.000,I 75,I 75 and Jonesboro Rd.,,Sideswipe-Same Direction,2,Clear,Dry,Daylight
2021-12-07T12:37:00.000,I 75,I 75 and Jonesboro Rd.,,Sideswipe-Same Direction,2,Cloudy,Dry,Daylight
2022-05-11T21:40:00.000,I 75,I 75 and Jonesboro Rd.,,Not a Collision with Motor Vehicle,1,Clear,Dry,Dark-Not Lighted
2021-12-30T15:38:00.000,I 75,I 75 and Jonesboro Rd.,,Sideswipe-Same Direction,2,Rain,Wet,Daylight
2021-12-04T14:11:00.000,I 75,I 75 and Jonesboro Rd.,,Angle Crash,2,Clear,Dry,Daylight
2022-07-04T23:58:00.000,I 75,I 75 and Jonesboro Rd.,,Not a Collision with Motor Vehicle,1,Rain,Wet,Dark-Not Lighted
2022-02-17T18:51:00.000,I 75,I 75 and Jonesboro Rd.,,Sideswipe-Same Direction,2,Cloudy,Dry,Dark-Not Lighted
2022-02-04T14:56:00.000,I 75,I 75 and Jonesboro Rd.,,Rear End,2,Cloudy,Wet,Daylight
2022-07-21T08:24:00.000,I 75,I 75 and Jonesboro Rd.,,Rear End,2,Cloudy,Dry,Daylight
2022-04-21T11:31:00.000,I 75,I 75 and Jonesboro Rd.,,Rear End,2,Clear,Dry,Daylight
2022-01-11T10:11:00.000,I 75,I 75 and Jonesboro Rd.,,Rear End,2,Clear,Dry,Daylight
2021-11-19T17:17:00.000,I 75,I 75 and Jonesboro Rd.,,Rear End,2,Clear,Dry,Daylight
2022-09-28T11:48:00.000,I 75,I 75 and Jonesboro Rd.,,Not a Collision with Motor Vehicle,2,Clear,Dry,Daylight
2022-06-23T08:49:00.000,I 75,I 75 and Jonesboro Rd.,,Sideswipe-Same Direction,2,Clear,Dry,Daylight
2022-09-07T08:12:00.000,I 75,I 75 and Jonesboro Rd.,,Rear End,2,Cloudy,Dry,Daylight
2022-02-27T17:36:00.000,I 75,I 75 and Jonesboro Rd.,,Not a Collision with Motor Vehicle,2,Rain,Wet,Daylight
2022-02-17T15:13:00.000,I 75,I 75 and Jonesboro Rd.,,Rear End,3,Cloudy,Dry,Daylight
2022-03-13T14:56:00.000,I 75,I 75 and Jonesboro Rd.,,Rear End,2,Clear,Dry,Daylight
2022-05-14T12:34:00.000,I 75,I 75 and Jonesboro Rd.,,Rear End,2,Clear,Dry,Daylight
2022-11-17T10:57:00.000,I 75,I 75 and Jonesboro Rd.,,Rear End,2,Clear,Dry,Daylight
2022-10-07T13:05:00.000,I 75,I 75 and Jonesboro Rd.,,Rear End,2,Clear,Dry,Daylight
2022-01-31T12:19:00.000,I 75,I 75 and Jonesboro Rd.,,Rear End,2,Clear,Dry,Daylight
2022-01-07T15:47:00.000,I 75,I 75 and Jonesboro Rd.,,Sideswipe-Same Direction,2,Clear,Dry,Daylight
2022-01-06T06:30:00.000,I 75,I 75 and Jonesboro Rd.,,Angle Crash,3,Clear,Dry,Dark-Not Lighted
2022-10-21T08:26:00.000,I 75,I 75 and Jonesboro Rd.,,Rear End,2,Clear,Dry,Daylight
2022-10-07T07:36:00.000,I 75,I 75 and Jonesboro Rd.,,Rear End,2,Clear,Dry,Daylight
2022-05-04T11:48:00.000,I 75,I 75 and Jonesboro Rd.,,Not a Collision with Motor Vehicle,2,Clear,Dry,Daylight
2022-07-31T15:41:00.000,I 75,I 75 and Jonesboro Rd.,,Rear End,2,Clear,Dry,Daylight
2024-12-24T17:06:00.000,I 75,I 75 and Jonesboro Rd.,,Sideswipe-Same Direction,2,Clear,Dry,Daylight
2024-07-12T09:17:00.000,I 75,I 75 and Jonesboro Rd.,,Rear End,2,Clear,Dry,Daylight
2024-07-07T16:42:00.000,I 75,I 75 and Jonesboro Rd.,,Rear End,2,Clear,Dry,Daylight
2024-10-15T11:36:00.000,I 75,I 75 and Jonesboro Rd.,,Not a Collision with Motor Vehicle,1,Clear,Dry,Daylight
2024-10-29T14:00:00.000,I 75,I 75 and Jonesboro Rd.,,Sideswipe-Same Direction,2,Clear,Dry,Daylight
2024-06-04T12:53:00.000,I 75,I 75 and Jonesboro Rd.,,Rear End,2,Cloudy,Dry,Daylight
2024-11-06T16:05:00.000,I 75,I 75 and Jonesboro Rd.,,Rear End,2,Rain,Wet,Daylight
2021-09-15T23:40:00.000,I 75,I 75 and Jonesboro Rd Stockbridge Rd,,Not a Collision with Motor Vehicle,1,Rain,Wet,Dark-Not Lighted
2020-04-20T01:55:00.000,I 75,I 75 and Jonesboro Rd Sr54,,Not a Collision with Motor Vehicle,1,Rain,Wet,Dark-Lighted
2020-01-03T23:17:00.000,I 75,I 75 and Jonesboro Rd Sr54,,Not a Collision with Motor Vehicle,1,Rain,Wet,Dark-Lighted
2020-08-08T13:58:00.000,I 75,I 75 and Jonesboro Rd Sr54,,Rear End,2,Clear,Dry,Daylight
2021-03-22T08:30:00.000,I 75,I 75 and Jonesboro Rd Sr54,,Not a Collision with Motor Vehicle,1,Clear,Dry,Daylight
2021-04-25T12:09:00.000,I 75,I 75 and Jonesboro Rd Sr54,,Rear End,2,Clear,Dry,Daylight
2021-06-23T10:10:00.000,I 75,I 75 and Jonesboro Rd Sr54,,Rear End,2,Clear,Dry,Daylight
2021-03-23T18:50:00.000,I 75,I 75 and Jonesboro Rd Sr54,,Not a Collision with Motor Vehicle,1,Clear,Dry,Daylight
2022-08-24T20:45:00.000,I 75,I 75 and Jonesboro Rd Sr54,,Angle Crash,2,Clear,Dry,Dark-Lighted
2022-03-17T05:35:00.000,I 75,I 75 and Jonesboro Rd Sr54,,Sideswipe-Same Direction,2,Fog,Wet,Dark-Not Lighted
2022-01-20T05:50:00.000,I 75,I 75 and Jonesboro Rd Sr54,,Not a Collision with Motor Vehicle,2,Rain,Wet,Dark-Not Lighted
2022-02-17T02:50:00.000,I 75,I 75 and Jonesboro Rd Sr54,,Angle Crash,2,Clear,Dry,Dark-Not Lighted
2024-07-25T17:20:00.000,I 75,I 75 and Jonesboro Rd Sr54,,Rear End,2,Rain,Wet,Daylight
2024-05-01T16:10:00.000,I 75,I 75 and Jonesboro Rd Sr54,,Angle Crash,2,Clear,Dry,Daylight
2023-07-16T11:08:00.000,I 75,I 75 and Jonesboro Rd S.R. 54,,Not a Collision with Motor Vehicle,1,Clear,Dry,Daylight
2021-11-15T20:30:00.000,I 75,I 75 and Jonesboro Rd On-Ramp,,Angle Crash,2,Clear,Dry,Dark-Lighted
2022-12-09T16:25:00.000,I 75,I 75 and Jonesboro Rd On-Ramp,,Sideswipe-Same Direction,3,Rain,Wet,Daylight
2020-01-13T04:30:00.000,I 75,I 75 and Jonesboro Rd On Rp,,Head On,1,Rain,Wet,Dark-Lighted
2020-10-24T22:00:00.000,I 75,I 75 and Jonesboro Rd Mm 231,,Not a Collision with Motor Vehicle,1,Rain,Wet,Dark-Lighted
2020-07-10T05:25:00.000,I 75,I 75 and Jonesboro Rd Exit Rp,,Head On,1,Fog,Dry,Dark-Lighted
2021-12-27T06:30:00.000,I 75,I 75 and Jonesboro Rd Exit Exit 233,,Sideswipe-Same Direction,2,Cloudy,Wet,Dawn
2024-05-04T07:50:00.000,I 75,I 75 and Jonesboro Rd Exit 233,,Head On,1,Rain,Wet,Daylight
2023-04-15T17:14:00.000,I 75,I 75 and Jonesboro Rd Exit 221,,Rear End,2,Clear,Dry,Daylight
2022-08-19T17:28:00.000,I 75,I 75 and Jonesboro Rd Exit 221,,Rear End,2,Cloudy,Wet,Daylight
2021-11-20T10:07:00.000,I 75,I 75 and Jonesboro Rd Exit 221,,Rear End,2,Clear,Dry,Daylight
2022-01-02T15:11:00.000,I 75,I 75 and Jonesboro Rd Exit 221,,Rear End,3,Rain,Wet,Daylight
2022-06-11T12:47:00.000,I 75,I 75 and Jonesboro Rd Exit 221,,Rear End,3,Clear,Dry,Daylight
2021-04-10T05:25:00.000,I 75,I 75 and Jonesboro Rd Exit,,Rear End,2,Clear,Dry,Dawn
2023-05-06T17:50:00.000,I 75,I 75 and Jonesboro Rd Exit,,Rear End,2,Clear,Dry,Daylight
2021-10-10T13:30:00.000,I 75,I 75 and Jonesboro Rd 221 Exit,,Rear End,2,Clear,Dry,Daylight
2024-04-09T07:20:00.000,I 75,I 75 and Jonesboro Rd  Sr54,,Angle Crash,2,Rain,Wet,Dawn
2021-04-16T17:31:00.000,I 75,I 75 and Jonesboro Rd,,Sideswipe-Same Direction,2,Cloudy,Dry,Daylight
2021-05-19T08:22:00.000,I 75,I 75 and Jonesboro Rd,,Not a Collision with Motor Vehicle,1,Clear,Dry,Daylight
2021-05-04T16:38:00.000,I 75,I 75 and Jonesboro Rd,,Sideswipe-Same Direction,2,Rain,Wet,Daylight
2021-05-12T08:15:00.000,I 75,I 75 and Jonesboro Rd,,Angle Crash,3,Rain,Wet,Daylight
2021-04-30T08:56:00.000,I 75,I 75 and Jonesboro Rd,,Rear End,3,Cloudy,Dry,Daylight
2021-05-30T20:21:00.000,I 75,I 75 and Jonesboro Rd,,Rear End,2,Clear,Dry,Dusk
2021-05-13T21:03:00.000,I 75,I 75 and Jonesboro Rd,,Sideswipe-Same Direction,2,Clear,Dry,Dark-Not Lighted
2021-06-22T22:30:00.000,I 75,I 75 and Jonesboro Rd,,Not a Collision with Motor Vehicle,1,Clear,Dry,Dark-Lighted
2021-05-01T11:17:00.000,I 75,I 75 and Jonesboro Rd,,Rear End,2,Clear,Dry,Daylight
2021-01-08T23:15:00.000,I 75,I 75 and Jonesboro Rd,,Not a Collision with Motor Vehicle,1,Cloudy,Wet,Dark-Lighted
2021-04-28T22:42:00.000,I 75,I 75 and Jonesboro Rd,,Not a Collision with Motor Vehicle,1,Clear,Dry,Dark-Not Lighted
2021-02-17T18:14:00.000,I 75,I 75 and Jonesboro Rd,,Not a Collision with Motor Vehicle,1,Cloudy,Dry,Dark-Not Lighted
2021-08-30T16:00:00.000,I 75,I 75 and Jonesboro Rd,,Rear End,3,Cloudy,Wet,Daylight
2021-09-17T16:16:00.000,I 75,I 75 and Jonesboro Rd,,Rear End,2,Clear,Wet,Daylight
2021-08-09T11:24:00.000,I 75,I 75 and Jonesboro Rd,,Angle Crash,2,Clear,Dry,Daylight
2021-07-23T11:15:00.000,I 75,I 75 and Jonesboro Rd,,Rear End,2,Clear,Dry,Daylight
2021-12-09T19:24:00.000,I 75,I 75 and Jonesboro Rd,,Rear End,2,Clear,Dry,Dark-Not Lighted
2021-09-17T15:38:00.000,I 75,I 75 and Jonesboro Rd,,Rear End,2,Cloudy,Dry,Daylight
2021-08-02T13:35:00.000,I 75,I 75 and Jonesboro Rd,,Rear End,2,Clear,Dry,Daylight
2021-11-16T22:34:00.000,I 75,I 75 and Jonesboro Rd,,Rear End,2,Clear,Dry,Dark-Lighted
2021-08-16T06:17:00.000,I 75,I 75 and Jonesboro Rd,,Angle Crash,3,Clear,Dry,Dawn
2021-07-09T06:35:00.000,I 75,I 75 and Jonesboro Rd,,Sideswipe-Same Direction,2,Clear,Dry,Daylight
2021-12-23T11:03:00.000,I 75,I 75 and Jonesboro Rd,,Rear End,2,Clear,Dry,Daylight
2021-08-02T18:42:00.000,I 75,I 75 and Jonesboro Rd,,Not a Collision with Motor Vehicle,1,Clear,Dry,Daylight
2021-12-07T12:15:00.000,I 75,I 75 and Jonesboro Rd,,Not a Collision with Motor Vehicle,1,Cloudy,Dry,Daylight
2021-11-24T23:00:00.000,I 75,I 75 and Jonesboro Rd,,Rear End,2,Clear,Dry,Dark-Lighted
2021-12-10T17:56:00.000,I 75,I 75 and Jonesboro Rd,,Sideswipe-Same Direction,2,Fog,Wet,Dark-Not Lighted
2021-01-18T17:43:00.000,I 75,I 75 and Jonesboro Rd,,Sideswipe-Same Direction,2,Clear,Dry,Daylight
2021-03-31T15:30:00.000,I 75,I 75 and Jonesboro Rd,,Rear End,2,Rain,Wet,Daylight
2021-02-02T21:10:00.000,I 75,I 75 and Jonesboro Rd,,Sideswipe-Same Direction,2,Clear,Dry,Dark-Lighted
2021-06-22T15:27:00.000,I 75,I 75 and Jonesboro Rd,,Rear End,2,Clear,Dry,Daylight
2021-04-20T10:15:00.000,I 75,I 75 and Jonesboro Rd,,Rear End,2,Clear,Dry,Daylight
2021-06-03T22:55:00.000,I 75,I 75 and Jonesboro Rd,,Rear End,2,Clear,Dry,Dark-Lighted
2021-02-27T17:09:00.000,I 75,I 75 and Jonesboro Rd,,Rear End,2,Clear,Dry,Daylight
2021-05-13T15:35:00.000,I 75,I 75 and Jonesboro Rd,,Not a Collision with Motor Vehicle,1,Clear,Dry,Daylight
2021-06-14T23:05:00.000,I 75,I 75 and Jonesboro Rd,,Sideswipe-Same Direction,2,Clear,Dry,Dark-Lighted
2021-04-21T18:32:00.000,I 75,I 75 and Jonesboro Rd,,Rear End,2,Clear,Dry,Daylight
2021-05-22T22:50:00.000,I 75,I 75 and Jonesboro Rd,,Not a Collision with Motor Vehicle,2,Clear,Dry,Dark-Lighted
2021-04-21T17:00:00.000,I 75,I 75 and Jonesboro Rd,,Rear End,4,Clear,Dry,Daylight
2021-05-04T10:39:00.000,I 75,I 75 and Jonesboro Rd,,Angle Crash,2,Cloudy,Dry,Daylight
2021-02-23T18:26:00.000,I 75,I 75 and Jonesboro Rd,,Not a Collision with Motor Vehicle,2,Clear,Dry,Dusk
2021-05-19T17:24:00.000,I 75,I 75 and Jonesboro Rd,,Rear End,3,Clear,Dry,Daylight
2021-03-13T13:51:00.000,I 75,I 75 and Jonesboro Rd,,Rear End,2,Clear,Dry,Daylight
2021-02-21T16:23:00.000,I 75,I 75 and Jonesboro Rd,,Rear End,2,Clear,Dry,Daylight
2021-03-21T16:48:00.000,I 75,I 75 and Jonesboro Rd,,Rear End,2,Cloudy,Dry,Daylight
2021-03-29T12:11:00.000,I 75,I 75 and Jonesboro Rd,,Rear End,2,Clear,Dry,Daylight
2021-01-30T09:18:00.000,I 75,I 75 and Jonesboro Rd,,Rear End,2,Clear,Dry,Daylight
2021-05-05T14:15:00.000,I 75,I 75 and Jonesboro Rd,,Rear End,2,Cloudy,Dry,Daylight
2021-06-22T18:10:00.000,I 75,I 75 and Jonesboro Rd,,Rear End,2,Clear,Dry,Daylight
2021-10-14T20:50:00.000,I 75,I 75 and Jonesboro Rd,,Not a Collision with Motor Vehicle,1,Clear,Dry,Dark-Not Lighted
2021-11-01T17:35:00.000,I 75,I 75 and Jonesboro Rd,,Rear End,2,Clear,Dry,Daylight
2021-11-16T23:05:00.000,I 75,I 75 and Jonesboro Rd,,Angle Crash,2,Clear,Dry,Dark-Lighted
2021-10-08T01:32:00.000,I 75,I 75 and Jonesboro Rd,,Sideswipe-Same Direction,2,Rain,Wet,Daylight
2021-09-05T16:02:00.000,I 75,I 75 and Jonesboro Rd,,Rear End,2,Cloudy,Dry,Daylight
2021-08-06T07:50:00.000,I 75,I 75 and Jonesboro Rd,,Sideswipe-Same Direction,2,Clear,Dry,Daylight
2021-12-21T15:17:00.000,I 75,I 75 and Jonesboro Rd,,Rear End,2,Cloudy,Wet,Daylight
2021-11-15T15:10:00.000,I 75,I 75 and Jonesboro Rd,,Sideswipe-Opposite Direction,2,Clear,Dry,Daylight
2021-10-07T22:13:00.000,I 75,I 75 and Jonesboro Rd,,Sideswipe-Same Direction,2,Cloudy,Wet,Dark-Not Lighted
2021-11-09T01:55:00.000,I 75,I 75 and Jonesboro Rd,,Sideswipe-Same Direction,2,Clear,Dry,Dark-Not Lighted
2021-09-16T15:08:00.000,I 75,I 75 and Jonesboro Rd,,Sideswipe-Same Direction,2,Clear,Dry,Daylight
2021-07-27T17:53:00.000,I 75,I 75 and Jonesboro Rd,,Rear End,2,Rain,Wet,Daylight
2021-08-02T18:30:00.000,I 75,I 75 and Jonesboro Rd,,Not a Collision with Motor Vehicle,1,Rain,Wet,Dark-Lighted
2021-10-21T16:50:00.000,I 75,I 75 and Jonesboro Rd,,Rear End,2,Clear,Dry,Dark-Lighted
2021-07-30T14:37:00.000,I 75,I 75 and Jonesboro Rd,,Rear End,2,Clear,Dry,Daylight
2021-11-09T13:08:00.000,I 75,I 75 and Jonesboro Rd,,Rear End,2,Clear,Dry,Daylight
2021-12-07T21:00:00.000,I 75,I 75 and Jonesboro Rd,,Rear End,2,Cloudy,Dry,Dark-Lighted
2021-10-12T16:58:00.000,I 75,I 75 and Jonesboro Rd,,Rear End,2,Clear,Dry,Daylight
2021-10-14T17:00:00.000,I 75,I 75 and Jonesboro Rd,,Sideswipe-Same Direction,2,Clear,Dry,Daylight
2021-09-16T15:36:00.000,I 75,I 75 and Jonesboro Rd,,Rear End,2,Rain,Wet,Daylight
2021-08-02T17:28:00.000,I 75,I 75 and Jonesboro Rd,,Rear End,2,Clear,Dry,Daylight
2021-12-31T15:22:00.000,I 75,I 75 and Jonesboro Rd,,Rear End,4,Clear,Dry,Daylight
2021-09-20T10:05:00.000,I 75,I 75 and Jonesboro Rd,,Not a Collision with Motor Vehicle,1,Rain,Wet,Daylight
2021-12-07T12:41:00.000,I 75,I 75 and Jonesboro Rd,,Rear End,3,Cloudy,Dry,Daylight
2021-11-26T20:08:00.000,I 75,I 75 and Jonesboro Rd,,Rear End,2,Clear,Dry,Daylight
2021-09-01T18:08:00.000,I 75,I 75 and Jonesboro Rd,,Rear End,3,Clear,Dry,Daylight
2021-01-03T02:02:00.000,I 75,I 75 and Jonesboro Rd,,Sideswipe-Same Direction,2,Clear,Dry,Dark-Lighted
2021-04-03T06:54:00.000,I 75,I 75 and Jonesboro Rd,,Rear End,2,Clear,Dry,Dark-Lighted
2021-08-17T04:53:00.000,I 75,I 75 and Jonesboro Rd,,Sideswipe-Same Direction,2,Severe Thunderstorm or Tornadic,Water (standing or moving),Dark-Not Lighted
2021-12-09T17:19:00.000,I 75,I 75 and Jonesboro Rd,,Rear End,3,Clear,Dry,Daylight
2021-12-17T09:40:00.000,I 75,I 75 and Jonesboro Rd,,Rear End,2,Fog,Dry,Daylight
2021-11-04T08:00:00.000,I 75,I 75 and Jonesboro Rd,,Rear End,2,Rain,Wet,Daylight
2021-12-06T14:24:00.000,I 75,I 75 and Jonesboro Rd,,Rear End,2,Rain,Wet,Daylight
2021-08-17T11:49:00.000,I 75,I 75 and Jonesboro Rd,,Rear End,2,Rain,Wet,Daylight
2021-09-29T20:12:00.000,I 75,I 75 and Jonesboro Rd,,Rear End,2,Clear,Dry,Dark-Not Lighted
2021-12-21T11:29:00.000,I 75,I 75 and Jonesboro Rd,,Rear End,2,Rain,Wet,Daylight
2021-08-27T16:14:00.000,I 75,I 75 and Jonesboro Rd,,Sideswipe-Same Direction,2,Clear,Dry,Daylight
2021-08-12T16:10:00.000,I 75,I 75 and Jonesboro Rd,,Rear End,2,Clear,Dry,Daylight
2021-10-19T05:08:00.000,I 75,I 75 and Jonesboro Rd,,Sideswipe-Same Direction,2,Clear,Dry,Dark-Not Lighted
2021-11-09T08:05:00.000,I 75,I 75 and Jonesboro Rd,,Rear End,2,Clear,Dry,Daylight
2021-09-26T02:07:00.000,I 75,I 75 and Jonesboro Rd,,Sideswipe-Same Direction,3,Clear,Dry,Dark-Not Lighted
2021-11-02T19:35:00.000,I 75,I 75 and Jonesboro Rd,,Not a Collision with Motor Vehicle,2,Clear,Dry,Dark-Lighted
2021-11-23T19:50:00.000,I 75,I 75 and Jonesboro Rd,,Rear End,2,Clear,Dry,Dark-Lighted
2021-08-01T16:57:00.000,I 75,I 75 and Jonesboro Rd,,Rear End,3,Clear,Dry,Daylight
2021-10-13T14:30:00.000,I 75,I 75 and Jonesboro Rd,,Rear End,2,Clear,Dry,Daylight
2021-07-18T13:58:00.000,I 75,I 75 and Jonesboro Rd,,Rear End,2,Clear,Dry,Daylight
2021-05-28T15:00:00.000,I 75,I 75 and Jonesboro Rd,,Sideswipe-Opposite Direction,2,Cloudy,Dry,Daylight
2021-01-28T20:02:00.000,I 75,I 75 and Jonesboro Rd,,Rear End,3,Clear,Dry,Dark-Not Lighted
2021-05-17T09:55:00.000,I 75,I 75 and Jonesboro Rd,,Rear End,2,Clear,Dry,Daylight
2021-03-20T07:00:00.000,I 75,I 75 and Jonesboro Rd,,Rear End,2,Clear,Dry,Dark-Lighted
2021-02-15T16:17:00.000,I 75,I 75 and Jonesboro Rd,,Rear End,2,Rain,Wet,Daylight
2021-05-12T15:39:00.000,I 75,I 75 and Jonesboro Rd,,Rear End,2,Cloudy,Wet,Daylight
2021-01-23T13:40:00.000,I 75,I 75 and Jonesboro Rd,,Rear End,2,Clear,Dry,Daylight
2021-06-01T19:43:00.000,I 75,I 75 and Jonesboro Rd,,Rear End,2,Clear,Dry,Daylight