Date and Time,Roadway (From Crash Report),Intersection Name (from Crash Report),KABCO Severity,Manner of Collision (Crash Level) ,# of Vehicles per crash ,Weather Conditions (Crash Level),Surface Condition (Crash Level) ,Light Conditions (Crash Level)
2021-06-30T11:42:00.000,I 75,I 75 and Jonesboro Rd,,Angle Crash,2,Clear,Dry,Daylight
2021-05-07T21:03:00.000,I 75,I 75 and Jonesboro Rd,,Rear End,2,Clear,Dry,Dark-Not Lighted
2021-02-05T15:54:00.000,I 75,I 75 and Jonesboro Rd,,Sideswipe-Same Direction,2,Clear,Dry,Daylight
2021-01-16T11:33:00.000,I 75,I 75 and Jonesboro Rd,,Rear End,2,Clear,Dry,Daylight
2021-04-29T11:20:00.000,I 75,I 75 and Jonesboro Rd,,Rear End,2,Cloudy,Dry,Daylight
2021-11-16T09:12:00.000,I 75,I 75 and Jonesboro Rd,,Sideswipe-Same Direction,2,Clear,Dry,Daylight
2021-09-04T12:17:00.000,I 75,I 75 and Jonesboro Rd,,Rear End,2,Clear,Dry,Daylight
2021-07-20T06:15:00.000,I 75,I 75 and Jonesboro Rd,,Not a Collision with Motor Vehicle,1,Clear,Dry,Daylight
2021-09-17T12:12:00.000,I 75,I 75 and Jonesboro Rd,,Not a Collision with Motor Vehicle,1,Cloudy,Dry,Daylight
2021-12-06T08:50:00.000,I 75,I 75 and Jonesboro Rd,,Angle Crash,2,Clear,Dry,Daylight
2021-08-07T12:12:00.000,I 75,I 75 and Jonesboro Rd,,Rear End,2,Clear,Dry,Daylight
2021-11-07T09:53:00.000,I 75,I 75 and Jonesboro Rd,,Sideswipe-Same Direction,2,Clear,Dry,Daylight
2021-10-02T18:36:00.000,I 75,I 75 and Jonesboro Rd,,Rear End,2,Clear,Dry,Daylight
2021-12-11T17:45:00.000,I 75,I 75 and Jonesboro Rd,,Rear End,2,Rain,Wet,Dark-Not Lighted
2021-11-24T19:00:00.000,I 75,I 75 and Jonesboro Rd,,Rear End,2,Clear,Dry,Dark-Lighted
2021-07-27T18:30:00.000,I 75,I 75 and Jonesboro Rd,,Rear End,2,Rain,Wet,Daylight
2021-07-30T05:09:00.000,I 75,I 75 and Jonesboro Rd,,Sideswipe-Same Direction,2,Clear,Dry,Dark-Not Lighted
2021-12-10T18:51:00.000,I 75,I 75 and Jonesboro Rd,,Rear End,2,Clear,Dry,Dark-Lighted
2021-10-16T19:49:00.000,I 75,I 75 and Jonesboro Rd,,Rear End,2,Clear,Dry,Dark-Not Lighted
2021-11-17T19:09:00.000,I 75,I 75 and Jonesboro Rd,,Rear End,2,Clear,Dry,Dark-Not Lighted
2021-12-22T18:58:00.000,I 75,I 75 and Jonesboro Rd,,Sideswipe-Same Direction,2,Clear,Dry,Dark-Lighted
2021-12-31T17:51:00.000,I 75,I 75 and Jonesboro Rd,,Not a Collision with Motor Vehicle,1,Clear,Dry,Dark-Lighted
2021-04-21T19:11:00.000,I 75,I 75 and Jonesboro Rd,,Rear End,2,Clear,Dry,Daylight
2021-02-23T14:08:00.000,I 75,I 75 and Jonesboro Rd,,Rear End,2,Clear,Dry,Daylight
2021-01-05T18:05:00.000,I 75,I 75 and Jonesboro Rd,,Rear End,2,Clear,Dry,Dark-Lighted
2021-02-15T17:22:00.000,I 75,I 75 and Jonesboro Rd,,Rear End,3,Rain,Wet,Dark-Not Lighted
2021-05-25T19:50:00.000,I 75,I 75 and Jonesboro Rd,,Angle Crash,2,Clear,Dry,Daylight
2021-03-25T19:57:00.000,I 75,I 75 and Jonesboro Rd,,Sideswipe-Same Direction,2,Clear,Dry,Dark-Not Lighted
2021-05-05T17:54:00.000,I 75,I 75 and Jonesboro Rd,,Rear End,2,Clear,Dry,Daylight
2021-04-22T21:30:00.000,I 75,I 75 and Jonesboro Rd,,Sideswipe-Same Direction,2,Clear,Dry,Dark-Lighted
2020-06-07T20:45:00.000,I 75,I 75 and Jonesboro Rd,,Sideswipe-Same Direction,2,Clear,Dry,Dark-Lighted
2020-03-28T17:00:00.000,I 75,I 75 and Jonesboro Rd,,Sideswipe-Same Direction,2,Clear,Dry,Daylight
2020-12-31T19:26:00.000,I 75,I 75 and Jonesboro Rd,,Rear End,2,Cloudy,Wet,Dark-Lighted
2020-07-31T13:32:00.000,I 75,I 75 and Jonesboro Rd,,Rear End,2,Rain,Wet,Daylight
2020-09-22T13:30:00.000,I 75,I 75 and Jonesboro Rd,,Angle Crash,5,Clear,Dry,Daylight
2020-09-27T17:11:00.000,I 75,I 75 and Jonesboro Rd,,Angle Crash,2,Rain,Wet,Daylight
2020-05-09T07:30:00.000,I 75,I 75 and Jonesboro Rd,,Sideswipe-Same Direction,2,Clear,Dry,Daylight
2023-09-16T16:02:00.000,I 75,I 75 and Jonesboro Rd,,Not a Collision with Motor Vehicle,2,Rain,Water (standing or moving),Daylight
2023-03-17T11:10:00.000,I 75,I 75 and Jonesboro Rd,,Sideswipe-Same Direction,3,Clear,Dry,Daylight
2023-01-19T11:04:00.000,I 75,I 75 and Jonesboro Rd,,Not a Collision with Motor Vehicle,1,Cloudy,Wet,Daylight
2023-07-06T14:36:00.000,I 75,I 75 and Jonesboro Rd,,Rear End,2,Clear,Dry,Daylight
2023-01-24T09:00:00.000,I 75,I 75 and Jonesboro Rd,,Rear End,2,Clear,Dry,Daylight
2023-08-29T20:18:00.000,I 75,I 75 and Jonesboro Rd,,Sideswipe-Same Direction,2,Rain,Wet,Dark-Lighted
2023-06-20T15:24:00.000,I 75,I 75 and Jonesboro Rd,,Rear End,2,Clear,Dry,Daylight
2023-04-28T01:15:00.000,I 75,I 75 and Jonesboro Rd,,Not a Collision with Motor Vehicle,1,Rain,Wet,Dark-Not Lighted
2023-10-13T14:25:00.000,I 75,I 75 and Jonesboro Rd,,Sideswipe-Same Direction,2,Cloudy,Dry,Daylight
2023-03-31T10:02:00.000,I 75,I 75 and Jonesboro Rd,,Rear End,2,Clear,Dry,Daylight
2023-08-02T02:36:00.000,I 75,I 75 and Jonesboro Rd,,Angle Crash,2,Clear,Dry,Dark-Not Lighted
2023-08-02T01:05:00.000,I 75,I 75 and Jonesboro Rd,,Not a Collision with Motor Vehicle,1,Clear,Dry,Dark-Not Lighted
2023-09-16T14:20:00.000,I 75,I 75 and Jonesboro Rd,,Sideswipe-Same Direction,2,Rain,Wet,Daylight
2023-12-07T18:57:00.000,I 75,I 75 and Jonesboro Rd,,Sideswipe-Same Direction,2,Clear,Dry,Dark-Lighted
2023-06-02T17:35:00.000,I 75,I 75 and Jonesboro Rd,,Rear End,2,Clear,Dry,Daylight
2023-04-10T16:27:00.000,I 75,I 75 and Jonesboro Rd,,Sideswipe-Same Direction,2,Clear,Dry,Daylight
2023-08-06T19:26:00.000,I 75,I 75 and Jonesboro Rd,,Rear End,2,Rain,Wet,Daylight
2023-12-21T08:30:00.000,I 75,I 75 and Jonesboro Rd,,Sideswipe-Same Direction,2,Clear,Dry,Daylight
2023-06-10T17:15:00.000,I 75,I 75 and Jonesboro Rd,,Rear End,2,Clear,Dry,Daylight
2023-06-10T21:13:00.000,I 75,I 75 and Jonesboro Rd,,Rear End,2,Clear,Dry,Daylight
2023-10-28T11:34:00.000,I 75,I 75 and Jonesboro Rd,,Rear End,3,Clear,Dry,Daylight
2023-08-15T20:51:00.000,I 75,I 75 and Jonesboro Rd,,Rear End,2,Clear,Dry,Dark-Not Lighted
2023-03-02T17:47:00.000,I 75,I 75 and Jonesboro Rd,,Angle Crash,2,Rain,Wet,Dusk
2023-01-04T12:10:00.000,I 75,I 75 and Jonesboro Rd,,Not a Collision with Motor Vehicle,1,Rain,Wet,Daylight
2023-06-12T20:23:00.000,I 75,I 75 and Jonesboro Rd,,Rear End,2,Clear,Dry,Daylight
2023-06-22T09:57:00.000,I 75,I 75 and Jonesboro Rd,,Sideswipe-Same Direction,2,Rain,Wet,Daylight
2023-04-26T17:51:00.000,I 75,I 75 and Jonesboro Rd,,Rear End,2,Clear,Dry,Daylight
2023-10-25T16:57:00.000,I 75,I 75 and Jonesboro Rd,,Rear End,2,Clear,Dry,Daylight
2023-05-21T00:48:00.000,I 75,I 75 and Jonesboro Rd,,Angle Crash,1,Rain,Wet,Dark-Lighted
2023-07-08T11:00:00.000,I 75,I 75 and Jonesboro Rd,,Rear End,2,Clear,Dry,Daylight
2023-02-16T01:53:00.000,I 75,I 75 and Jonesboro Rd,,Not a Collision with Motor Vehicle,1,Clear,Dry,Dark-Lighted
2023-11-02T16:33:00.000,I 75,I 75 and Jonesboro Rd,,Rear End,2,Clear,Dry,Daylight
2023-10-26T12:42:00.000,I 75,I 75 and Jonesboro Rd,,Rear End,2,Clear,Dry,Daylight
2023-01-06T19:38:00.000,I 75,I 75 and Jonesboro Rd,,Rear End,3,Clear,Dry,Dark-Not Lighted
2023-08-15T17:27:00.000,I 75,I 75 and Jonesboro Rd,,Sideswipe-Same Direction,2,Clear,Dry,Daylight
2023-07-09T12:02:00.000,I 75,I 75 and Jonesboro Rd,,Sideswipe-Same Direction,2,Clear,Dry,Daylight
2023-08-18T16:52:00.000,I 75,I 75 and Jonesboro Rd,,Rear End,2,Clear,Dry,Daylight
2023-02-21T17:53:00.000,I 75,I 75 and Jonesboro Rd,,Rear End,3,Clear,Dry,Daylight
2023-07-19T16:52:00.000,I 75,I 75 and Jonesboro Rd,,Sideswipe-Same Direction,3,Clear,Dry,Daylight
2023-07-26T23:50:00.000,I 75,I 75 and Jonesboro Rd,,Rear End,2,Clear,Dry,Dark-Lighted
2023-02-20T16:00:00.000,I 75,I 75 and Jonesboro Rd,,Sideswipe-Same Direction,2,Cloudy,Dry,Daylight
2023-11-01T15:00:00.000,I 75,I 75 and Jonesboro Rd,,Not a Collision with Motor Vehicle,1,Clear,Dry,Daylight
2023-06-01T13:31:00.000,I 75,I 75 and Jonesboro Rd,,Angle Crash,2,Clear,Dry,Daylight
2023-04-18T07:50:00.000,I 75,I 75 and Jonesboro Rd,,Rear End,3,Clear,Dry,Daylight
2023-03-31T22:40:00.000,I 75,I 75 and Jonesboro Rd,,Sideswipe-Same Direction,2,Clear,Dry,Dark-Not Lighted
2023-10-17T07:01:00.000,I 75,I 75 and Jonesboro Rd,,Rear End,2,Clear,Dry,Dark-Not Lighted
2023-02-18T07:36:00.000,I 75,I 75 and Jonesboro Rd,,Rear End,2,Clear,Dry,Daylight
2023-12-08T14:32:00.000,I 75,I 75 and Jonesboro Rd,,Sideswipe-Same Direction,2,Clear,Dry,Daylight
2023-11-22T19:03:00.000,I 75,I 75 and Jonesboro Rd,,Rear End,2,Clear,Dry,Dark-Lighted
2023-09-15T15:14:00.000,I 75,I 75 and Jonesboro Rd,,Rear End,2,Cloudy,Dry,Daylight
2023-07-10T08:47:00.000,I 75,I 75 and Jonesboro Rd,,Rear End,2,Rain,Wet,Daylight
2023-04-11T17:36:00.000,I 75,I 75 and Jonesboro Rd,,Rear End,2,Clear,Dry,Daylight
2023-05-26T17:06:00.000,I 75,I 75 and Jonesboro Rd,,Rear End,2,Clear,Dry,Daylight
2023-09-07T17:58:00.000,I 75,I 75 and Jonesboro Rd,,Angle Crash,2,Clear,Dry,Daylight
2023-07-17T08:20:00.000,I 75,I 75 and Jonesboro Rd,,Not a Collision with Motor Vehicle,2,Clear,Dry,Daylight
2023-10-13T14:22:00.000,I 75,I 75 and Jonesboro Rd,,Sideswipe-Same Direction,2,Cloudy,Dry,Daylight
2023-02-15T10:35:00.000,I 75,I 75 and Jonesboro Rd,,Rear End,2,Cloudy,Dry,Daylight
2023-10-24T07:58:00.000,I 75,I 75 and Jonesboro Rd,,Sideswipe-Same Direction,2,Clear,Dry,Daylight
2023-07-05T14:38:00.000,I 75,I 75 and Jonesboro Rd,,Rear End,2,Clear,Dry,Daylight
2023-02-22T17:37:00.000,I 75,I 75 and Jonesboro Rd,,Not a Collision with Motor Vehicle,2,Clear,Dry,Daylight
2023-10-20T07:15:00.000,I 75,I 75 and Jonesboro Rd,,Rear End,2,Rain,Wet,Dark-Lighted
2023-05-02T14:24:00.000,I 75,I 75 and Jonesboro Rd,,Sideswipe-Same Direction,2,Clear,Dry,Daylight
2023-02-03T03:15:00.000,I 75,I 75 and Jonesboro Rd,,Rear End,2,Rain,Wet,Dark-Lighted
2023-12-30T22:07:00.000,I 75,I 75 and Jonesboro Rd,,Not a Collision with Motor Vehicle,1,Clear,Wet,Dark-Lighted
2023-09-16T20:52:00.000,I 75,I 75 and Jonesboro Rd,,Sideswipe-Same Direction,2,Clear,Dry,Dark-Lighted
2023-02-06T10:24:00.000,I 75,I 75 and Jonesboro Rd,,Sideswipe-Same Direction,2,Clear,Dry,Daylight
2023-07-05T11:37:00.000,I 75,I 75 and Jonesboro Rd,,Rear End,2,Clear,Dry,Daylight
2023-10-26T07:32:00.000,I 75,I 75 and Jonesboro Rd,,Rear End,3,Cloudy,Dry,Dark-Lighted
2023-10-14T12:47:00.000,I 75,I 75 and Jonesboro Rd,,Rear End,2,Clear,Dry,Daylight
2023-12-12T11:54:00.000,I 75,I 75 and Jonesboro Rd,,Rear End,2,Clear,Dry,Daylight
2023-04-09T10:10:00.000,I 75,I 75 and Jonesboro Rd,,Sideswipe-Same Direction,2,Clear,Dry,Daylight
2023-01-28T22:10:00.000,I 75,I 75 and Jonesboro Rd,,Sideswipe-Same Direction,2,Clear,Dry,Dark-Lighted
2023-08-19T12:34:00.000,I 75,I 75 and Jonesboro Rd,,Sideswipe-Same Direction,3,Clear,Dry,Daylight
2023-07-25T07:07:00.000,I 75,I 75 and Jonesboro Rd,,Not a Collision with Motor Vehicle,2,Clear,Dry,Daylight
2023-12-22T17:26:00.000,I 75,I 75 and Jonesboro Rd,,Sideswipe-Same Direction,2,Cloudy,Dry,Daylight
2023-06-19T17:56:00.000,I 75,I 75 and Jonesboro Rd,,Rear End,2,Cloudy,Wet,Daylight
2023-06-06T20:56:00.000,I 75,I 75 and Jonesboro Rd,,Not a Collision with Motor Vehicle,1,Clear,Dry,Dark-Not Lighted
2023-09-14T17:03:00.000,I 75,I 75 and Jonesboro Rd,,Rear End,2,Cloudy,Wet,Daylight
2023-08-16T14:29:00.000,I 75,I 75 and Jonesboro Rd,,Sideswipe-Same Direction,2,Clear,Dry,Daylight
2023-07-10T11:25:00.000,I 75,I 75 and Jonesboro Rd,,Not a Collision with Motor Vehicle,1,Cloudy,Wet,Daylight
2023-08-28T18:21:00.000,I 75,I 75 and Jonesboro Rd,,Rear End,3,Rain,Water (standing or moving),Daylight
2023-01-03T17:44:00.000,I 75,I 75 and Jonesboro Rd,,Rear End,2,Rain,Wet,Dark-Not Lighted
2023-07-08T11:04:00.000,I 75,I 75 and Jonesboro Rd,,Rear End,2,Clear,Dry,Daylight
2023-01-18T08:28:00.000,I 75,I 75 and Jonesboro Rd,,Angle Crash,2,Fog,Water (standing or moving),Daylight
2023-01-25T17:13:00.000,I 75,I 75 and Jonesboro Rd,,Rear End,2,Clear,Dry,Daylight
2023-09-08T20:31:00.000,I 75,I 75 and Jonesboro Rd,,Rear End,2,Clear,Dry,Dark-Lighted
2023-01-11T06:39:00.000,I 75,I 75 and Jonesboro Rd,,Sideswipe-Same Direction,2,Clear,Dry,Dark-Lighted
2023-09-12T06:55:00.000,I 75,I 75 and Jonesboro Rd,,Rear End,2,Clear,Dry,Dark-Lighted
2023-02-17T07:00:00.000,I 75,I 75 and Jonesboro Rd,,Sideswipe-Same Direction,3,Rain,Wet,Dark-Lighted
2023-01-03T06:35:00.000,I 75,I 75 and Jonesboro Rd,,Sideswipe-Same Direction,3,Cloudy,Wet,Dark-Lighted
2023-01-26T16:49:00.000,I 75,I 75 and Jonesboro Rd,,Rear End,2,Clear,Dry,Daylight
2023-04-12T16:35:00.000,I 75,I 75 and Jonesboro Rd,,Rear End,2,Clear,Dry,Daylight
2023-08-31T22:00:00.000,I 75,I 75 and Jonesboro Rd,,Sideswipe-Same Direction,2,Cloudy,Dry,Dark-Not Lighted
2023-06-08T14:43:00.000,I 75,I 75 and Jonesboro Rd,,Rear End,2,Clear,Dry,Daylight
2023-06-16T00:28:00.000,I 75,I 75 and Jonesboro Rd,,Not a Collision with Motor Vehicle,1,Cloudy,Dry,Dark-Not Lighted
2023-04-10T18:30:00.000,I 75,I 75 and Jonesboro Rd,,Rear End,2,Clear,Dry,Daylight
2023-02-14T19:30:00.000,I 75,I 75 and Jonesboro Rd,,Rear End,2,Clear,Dry,Dark-Not Lighted
2023-03-17T15:43:00.000,I 75,I 75 and Jonesboro Rd,,Sideswipe-Same Direction,2,Rain,Wet,Daylight
2023-05-26T20:45:00.000,I 75,I 75 and Jonesboro Rd,,Sideswipe-Opposite Direction,2,Clear,Dry,Dark-Lighted
2023-12-14T19:27:00.000,I 75,I 75 and Jonesboro Rd,,Sideswipe-Same Direction,2,Cloudy,Dry,Dark-Lighted
2023-04-16T02:25:00.000,I 75,I 75 and Jonesboro Rd,,Sideswipe-Same Direction,2,Rain,Wet,Dark-Lighted
2023-10-29T15:30:00.000,I 75,I 75 and Jonesboro Rd,,Rear End,2,Clear,Dry,Daylight
2023-06-23T21:00:00.000,I 75,I 75 and Jonesboro Rd,,Sideswipe-Same Direction,2,Clear,Dry,Dark-Lighted
2023-09-15T21:34:00.000,I 75,I 75 and Jonesboro Rd,,Sideswipe-Same Direction,2,Cloudy,Dry,Dark-Not Lighted
2023-03-17T15:13:00.000,I 75,I 75 and Jonesboro Rd,,Sideswipe-Same Direction,2,Rain,Wet,Daylight
2023-10-11T17:50:00.000,I 75,I 75 and Jonesboro Rd,,Sideswipe-Same Direction,2,Rain,Wet,Daylight
2023-12-13T18:28:00.000,I 75,I 75 and Jonesboro Rd,,Rear End,2,Clear,Dry,Dark-Not Lighted
2023-03-22T15:43:00.000,I 75,I 75 and Jonesboro Rd,,Rear End,2,Clear,Dry,Daylight
2023-04-09T07:51:00.000,I 75,I 75 and Jonesboro Rd,,Not a Collision with Motor Vehicle,1,Clear,Dry,Daylight
2023-04-24T16:58:00.000,I 75,I 75 and Jonesboro Rd,,Rear End,2,Clear,Dry,Daylight
2023-11-08T16:20:00.000,I 75,I 75 and Jonesboro Rd,,Sideswipe-Same Direction,2,Clear,Dry,Daylight
2023-10-27T19:56:00.000,I 75,I 75 and Jonesboro Rd,,Rear End,2,Clear,Dry,Dark-Not Lighted
2023-07-24T11:30:00.000,I 75,I 75 and Jonesboro Rd,,Rear End,2,Clear,Dry,Daylight
2023-11-07T16:25:00.000,I 75,I 75 and Jonesboro Rd,,Rear End,2,Clear,Dry,Daylight
2023-10-23T15:05:00.000,I 75,I 75 and Jonesboro Rd,,Rear End,2,Clear,Dry,Daylight
2023-01-24T12:50:00.000,I 75,I 75 and Jonesboro Rd,,Sideswipe-Same Direction,2,Clear,Dry,Daylight
2023-04-13T15:34:00.000,I 75,I 75 and Jonesboro Rd,,Rear End,2,Cloudy,Wet,Daylight
2023-06-16T00:26:00.000,I 75,I 75 and Jonesboro Rd,,Not a Collision with Motor Vehicle,1,Clear,Dry,Dark-Not Lighted
2023-03-30T12:00:00.000,I 75,I 75 and Jonesboro Rd,,Rear End,2,Clear,Dry,Daylight
2023-11-19T18:05:00.000,I 75,I 75 and Jonesboro Rd,,Rear End,5,Clear,Dry,Dark-Lighted
2023-09-30T23:15:00.000,I 75,I 75 and Jonesboro Rd,,Rear End,1,Clear,Dry,Dark-Lighted
2023-08-22T15:19:00.000,I 75,I 75 and Jonesboro Rd,,Rear End,2,Clear,Dry,Daylight
2023-01-27T10:33:00.000,I 75,I 75 and Jonesboro Rd,,Rear End,2,Clear,Dry,Daylight
2023-07-27T13:41:00.000,I 75,I 75 and Jonesboro Rd,,Rear End,2,Clear,Dry,Daylight
2023-10-25T20:40:00.000,I 75,I 75 and Jonesboro Rd,,Rear End,2,Clear,Dry,Dark-Not Lighted
2023-03-25T12:20:00.000,I 75,I 75 and Jonesboro Rd,,Sideswipe-Same Direction,2,Clear,Dry,Daylight
2023-01-01T02:25:00.000,I 75,I 75 and Jonesboro Rd,,Angle Crash,2,Fog,Dry,Dark-Not Lighted
2023-08-28T18:44:00.000,I 75,I 75 and Jonesboro Rd,,Sideswipe-Same Direction,2,Rain,Wet,Daylight
2023-08-17T11:10:00.000,I 75,I 75 and Jonesboro Rd,,Not a Collision with Motor Vehicle,2,Clear,Dry,Daylight
2023-05-18T09:53:00.000,I 75,I 75 and Jonesboro Rd,,Sideswipe-Same Direction,2,Cloudy,Dry,Daylight
2023-09-15T10:58:00.000,I 75,I 75 and Jonesboro Rd,,Rear End,2,Rain,Wet,Daylight
2023-05-15T23:12:00.000,I 75,I 75 and Jonesboro Rd,,Sideswipe-Same Direction,2,Clear,Dry,Dark-Not Lighted
2023-10-17T17:14:00.000,I 75,I 75 and Jonesboro Rd,,Not a Collision with Motor Vehicle,2,Clear,Dry,Daylight
2023-02-06T10:18:00.000,I 75,I 75 and Jonesboro Rd,,Rear End,2,Clear,Dry,Daylight
2023-11-15T07:15:00.000,I 75,I 75 and Jonesboro Rd,,Sideswipe-Same Direction,2,Clear,Dry,Daylight
2023-04-27T17:30:00.000,I 75,I 75 and Jonesboro Rd,,Rear End,2,Cloudy,Wet,Daylight
2023-09-29T19:53:00.000,I 75,I 75 and Jonesboro Rd,,Rear End,2,Clear,Dry,Dark-Not Lighted
2023-05-23T13:04:00.000,I 75,I 75 and Jonesboro Rd,,Rear End,2,Cloudy,Dry,Daylight
2023-10-06T03:54:00.000,I 75,I 75 and Jonesboro Rd,,Rear End,2,Cloudy,Dry,Dark-Not Lighted
2023-03-09T10:16:00.000,I 75,I 75 and Jonesboro Rd,,Sideswipe-Same Direction,2,Clear,Dry,Daylight
2023-11-18T12:35:00.000,I 75,I 75 and Jonesboro Rd,,Sideswipe-Same Direction,2,Clear,Dry,Daylight
2023-01-31T14:00:00.000,I 75,I 75 and Jonesboro Rd,,Rear End,2,Cloudy,Dry,Daylight
2023-11-21T11:44:00.000,I 75,I 75 and Jonesboro Rd,,Rear End,3,Rain,Wet,Daylight
2023-04-30T13:25:00.000,I 75,I 75 and Jonesboro Rd,,Sideswipe-Same Direction,2,Cloudy,Dry,Daylight
2023-08-29T18:18:00.000,I 75,I 75 and Jonesboro Rd,,Rear End,2,Clear,Dry,Daylight
2023-04-13T14:47:00.000,I 75,I 75 and Jonesboro Rd,,Rear End,2,Rain,Wet,Daylight
2023-07-26T14:07:00.000,I 75,I 75 and Jonesboro Rd,,Sideswipe-Same Direction,2,Clear,Dry,Daylight
2023-02-28T15:06:00.000,I 75,I 75 and Jonesboro Rd,,Rear End,2,Clear,Dry,Daylight
2023-12-09T22:24:00.000,I 75,I 75 and Jonesboro Rd,,Sideswipe-Opposite Direction,2,Clear,Dry,Dark-Lighted
2023-05-15T17:35:00.000,I 75,I 75 and Jonesboro Rd,,Rear End,3,Clear,Dry,Daylight
2023-11-16T13:35:00.000,I 75,I 75 and Jonesboro Rd,,Rear End,2,Clear,Dry,Daylight
2023-08-24T15:02:00.000,I 75,I 75 and Jonesboro Rd,,Rear End,3,Clear,Dry,Daylight
2023-05-12T15:00:00.000,I 75,I 75 and Jonesboro Rd,,Rear End,2,Rain,Wet,Daylight
2023-08-08T07:18:00.000,I 75,I 75 and Jonesboro Rd,,Rear End,2,Clear,Dry,Daylight
2023-11-02T13:32:00.000,I 75,I 75 and Jonesboro Rd,,Rear End,2,Clear,Dry,Daylight
2023-06-21T07:42:00.000,I 75,I 75 and Jonesboro Rd,,Rear End,2,Rain,Wet,Daylight
2023-06-20T13:11:00.000,I 75,I 75 and Jonesboro Rd,,Rear End,2,Clear,Dry,Daylight
2022-03-03T21:07:00.000,I 75,I 75 and Jonesboro Rd,,Rear End,2,Clear,Dry,Dark-Lighted
2022-12-13T13:17:00.000,I 75,I 75 and Jonesboro Rd,,Sideswipe-Same Direction,2,Cloudy,Dry,Daylight
2022-12-18T15:11:00.000,I 75,I 75 and Jonesboro Rd,,Sideswipe-Same Direction,2,Clear,Dry,Daylight
2022-11-30T07:10:00.000,I 75,I 75 and Jonesboro Rd,,Rear End,2,Rain,Wet,Daylight
2022-07-27T12:20:00.000,I 75,I 75 and Jonesboro Rd,,Angle Crash,2,Clear,Dry,Daylight
2022-12-08T07:36:00.000,I 75,I 75 and Jonesboro Rd,,Rear End,3,Clear,Dry,Daylight
2022-09-13T18:46:00.000,I 75,I 75 and Jonesboro Rd,,Rear End,2,Clear,Dry,Daylight
2022-06-25T14:13:00.000,I 75,I 75 and Jonesboro Rd,,Rear End,2,Clear,Dry,Daylight
2022-10-14T20:45:00.000,I 75,I 75 and Jonesboro Rd,,Rear End,2,Clear,Dry,Dark-Lighted
2022-12-03T21:34:00.000,I 75,I 75 and Jonesboro Rd,,Sideswipe-Same Direction,2,Clear,Dry,Dark-Lighted
2022-06-22T18:13:00.000,I 75,I 75 and Jonesboro Rd,,Rear End,2,Clear,Dry,Daylight
2022-11-23T08:33:00.000,I 75,I 75 and Jonesboro Rd,,Rear End,2,Cloudy,Dry,Daylight
2022-06-12T15:09:00.000,I 75,I 75 and Jonesboro Rd,,Not a Collision with Motor Vehicle,1,Clear,Dry,Daylight
2023-08-11T17:13:00.000,I 75,I 75 and Jonesboro Rd,,Angle Crash,2,Clear,Dry,Daylight
2023-07-02T03:40:00.000,I 75,I 75 and Jonesboro Rd,,Not a Collision with Motor Vehicle,1,Clear,Dry,Dark-Not Lighted
2022-01-01T12:45:00.000,I 75,I 75 and Jonesboro Rd,,Rear End,3,Cloudy,Wet,Daylight
2023-06-19T16:18:00.000,I 75,I 75 and Jonesboro Rd,,Rear End,2,Rain,Wet,Daylight
2023-03-03T20:43:00.000,I 75,I 75 and Jonesboro Rd,,Sideswipe-Same Direction,2,Cloudy,Dry,Dark-Not Lighted
2020-08-25T05:10:00.000,I 75,I 75 and Jonesboro Rd,,Rear End,2,Rain,Wet,Dark-Lighted
2023-06-17T04:17:00.000,I 75,I 75 and Jonesboro Rd,,Not a Collision with Motor Vehicle,1,Clear,Dry,Dark-Not Lighted
2021-06-23T13:46:00.000,I 75,I 75 and Jonesboro Rd,,Rear End,2,Clear,Dry,Daylight
2020-07-29T15:32:00.000,I 75,I 75 and Jonesboro Rd,,Rear End,2,Cloudy,Dry,Daylight
2020-01-27T17:30:00.000,I 75,I 75 and Jonesboro Rd,,Not a Collision with Motor Vehicle,2,(None),(None),(None)
2020-12-09T13:12:00.000,I 75,I 75 and Jonesboro Rd,,Not a Collision with Motor Vehicle,1,Clear,Dry,Daylight
2020-11-29T20:31:00.000,I 75,I 75 and Jonesboro Rd,,Not a Collision with Motor Vehicle,1,Rain,Water (standing or moving),Dark-Not Lighted
2020-09-28T00:20:00.000,I 75,I 75 and Jonesboro Rd,,Rear End,2,Clear,Dry,Dark-Lighted
2020-09-24T13:35:00.000,I 75,I 75 and Jonesboro Rd,,Rear End,2,Clear,Dry,Daylight
2020-07-22T14:25:00.000,I 75,I 75 and Jonesboro Rd,,Not a Collision with Motor Vehicle,1,Cloudy,Wet,Daylight
2020-06-18T16:31:00.000,I 75,I 75 and Jonesboro Rd,,Rear End,3,Clear,Dry,Daylight
2020-06-12T12:06:00.000,I 75,I 75 and Jonesboro Rd,,Rear End,2,Clear,Dry,Daylight
2020-02-29T16:28:00.000,I 75,I 75 and Jonesboro Rd,,Rear End,2,Clear,Dry,Daylight
2020-07-03T18:05:00.000,I 75,I 75 and Jonesboro Rd,,Sideswipe-Same Direction,2,Clear,Dry,Daylight
2020-11-17T16:10:00.000,I 75,I 75 and Jonesboro Rd,,Sideswipe-Same Direction,2,Clear,Dry,Daylight
2020-08-26T20:50:00.000,I 75,I 75 and Jonesboro Rd,,Rear End,2,Clear,Dry,Dark-Lighted
2020-11-03T16:40:00.000,I 75,I 75 and Jonesboro Rd,,Rear End,2,Clear,Dry,Daylight
2020-01-01T18:37:00.000,I 75,I 75 and Jonesboro Rd,,Rear End,2,Clear,Dry,Dark-Lighted
2020-11-04T19:32:00.000,I 75,I 75 and Jonesboro Rd,,Rear End,2,Clear,Dry,Dark-Not Lighted
2020-10-10T05:30:00.000,I 75,I 75 and Jonesboro Rd,,Rear End,3,Rain,Wet,Dark-Lighted
2020-10-22T17:01:00.000,I 75,I 75 and Jonesboro Rd,,Rear End,3,Clear,Dry,Daylight
2020-10-22T10:25:00.000,I 75,I 75 and Jonesboro Rd,,Rear End,2,Clear,Dry,Daylight