Date and Time,Roadway (From Crash Report),Intersection Name (from Crash Report),KABCO Severity,Manner of Collision (Crash Level) ,# of Vehicles per crash ,Weather Conditions (Crash Level),Surface Condition (Crash Level) ,Light Conditions (Crash Level)
2020-02-07T17:27:00.000,I 75,I 75 and Jonesboro Rd,,Rear End,2,Cloudy,Dry,Daylight
2020-02-08T10:50:00.000,I 75,I 75 and Jonesboro Rd,,Rear End,2,Rain,Wet,Daylight
2020-02-06T05:55:00.000,I 75,I 75 and Jonesboro Rd,,Sideswipe-Same Direction,2,Rain,Wet,Dark-Lighted
2020-06-10T17:46:00.000,I 75,I 75 and Jonesboro Rd,,Rear End,6,Cloudy,Dry,Daylight
2020-03-18T20:18:00.000,I 75,I 75 and Jonesboro Rd,,Rear End,5,Cloudy,Wet,Dark-Lighted
2020-08-31T19:36:00.000,I 75,I 75 and Jonesboro Rd,,Rear End,2,Cloudy,Wet,Daylight
2020-11-08T19:44:00.000,I 75,I 75 and Jonesboro Rd,,Rear End,2,Cloudy,Wet,Dark-Lighted
2020-06-27T12:59:00.000,I 75,I 75 and Jonesboro Rd,,Rear End,2,Cloudy,Dry,Daylight
2020-09-24T04:20:00.000,I 75,I 75 and Jonesboro Rd,,Not a Collision with Motor Vehicle,1,Clear,Dry,Dark-Lighted
2020-09-10T15:37:00.000,I 75,I 75 and Jonesboro Rd,,Rear End,4,Cloudy,Dry,Daylight
2020-02-14T12:36:00.000,I 75,I 75 and Jonesboro Rd,,Rear End,2,Clear,Dry,Daylight
2020-08-17T14:31:00.000,I 75,I 75 and Jonesboro Rd,,Rear End,2,Cloudy,Wet,Daylight
2020-03-14T07:00:00.000,I 75,I 75 and Jonesboro Rd,,Not a Collision with Motor Vehicle,1,Clear,Dry,Dark-Lighted
2020-02-04T11:16:00.000,I 75,I 75 and Jonesboro Rd,,Sideswipe-Same Direction,2,Cloudy,Dry,Daylight
2020-03-05T21:00:00.000,I 75,I 75 and Jonesboro Rd,,Not a Collision with Motor Vehicle,1,Cloudy,Dry,Dark-Lighted
2020-07-25T03:36:00.000,I 75,I 75 and Jonesboro Rd,,Angle Crash,2,Clear,Dry,Dark-Not Lighted
2020-04-20T06:09:00.000,I 75,I 75 and Jonesboro Rd,,Sideswipe-Same Direction,2,Cloudy,Wet,Dark-Not Lighted
2020-09-04T12:00:00.000,I 75,I 75 and Jonesboro Rd,,Not a Collision with Motor Vehicle,1,Clear,Dry,Daylight
2020-07-22T06:15:00.000,I 75,I 75 and Jonesboro Rd,,Sideswipe-Same Direction,2,Clear,Dry,Dawn
2020-10-22T11:45:00.000,I 75,I 75 and Jonesboro Rd,,Not a Collision with Motor Vehicle,1,Clear,Dry,Daylight
2020-04-30T14:32:00.000,I 75,I 75 and Jonesboro Rd,,Rear End,2,Clear,Dry,Daylight
2020-05-28T19:35:00.000,I 75,I 75 and Jonesboro Rd,,Sideswipe-Same Direction,2,Clear,Dry,Daylight
2020-03-01T04:00:00.000,I 75,I 75 and Jonesboro Rd,,Sideswipe-Same Direction,2,Clear,Dry,Dark-Lighted
2020-06-29T07:50:00.000,I 75,I 75 and Jonesboro Rd,,Rear End,3,Clear,Dry,Daylight
2020-03-05T13:30:00.000,I 75,I 75 and Jonesboro Rd,,Rear End,2,Rain,Wet,Daylight
2020-07-21T19:36:00.000,I 75,I 75 and Jonesboro Rd,,Rear End,2,Clear,Dry,Daylight
2020-11-06T18:46:00.000,I 75,I 75 and Jonesboro Rd,,Rear End,2,Clear,Dry,Dark-Lighted
2020-11-28T00:20:00.000,I 75,I 75 and Jonesboro Rd,,Rear End,2,Rain,Wet,Dark-Lighted
2020-03-14T11:12:00.000,I 75,I 75 and Jonesboro Rd,,Angle Crash,2,Clear,Dry,Daylight
2020-10-13T17:17:00.000,I 75,I 75 and Jonesboro Rd,,Rear End,2,Clear,Dry,Daylight
2020-01-03T23:15:00.000,I 75,I 75 and Jonesboro Rd,,Sideswipe-Same Direction,3,Rain,Wet,Dark-Lighted
2020-10-13T16:58:00.000,I 75,I 75 and Jonesboro Rd,,Rear End,2,Clear,Dry,Daylight
2020-11-06T11:28:00.000,I 75,I 75 and Jonesboro Rd,,Rear End,2,Clear,Dry,Daylight
2020-07-21T15:53:00.000,I 75,I 75 and Jonesboro Rd,,Rear End,2,Cloudy,Dry,Daylight
2020-01-17T18:24:00.000,I 75,I 75 and Jonesboro Rd,,Rear End,2,Clear,Dry,Dark-Lighted
2020-08-17T18:18:00.000,I 75,I 75 and Jonesboro Rd,,Rear End,2,Clear,Dry,Daylight
2020-09-15T15:06:00.000,I 75,I 75 and Jonesboro Rd,,Not a Collision with Motor Vehicle,1,Cloudy,Dry,Daylight
2020-09-24T15:00:00.000,I 75,I 75 and Jonesboro Rd,,Rear End,2,Rain,Wet,Daylight
2020-05-04T20:30:00.000,I 75,I 75 and Jonesboro Rd,,Sideswipe-Same Direction,2,Cloudy,Dry,Dusk
2020-12-06T17:50:00.000,I 75,I 75 and Jonesboro Rd,,Sideswipe-Same Direction,3,Cloudy,Dry,Dark-Not Lighted
2020-04-18T16:07:00.000,I 75,I 75 and Jonesboro Rd,,Rear End,2,Clear,Dry,Daylight
2020-01-28T20:04:00.000,I 75,I 75 and Jonesboro Rd,,Sideswipe-Same Direction,2,Clear,Dry,Dark-Not Lighted
2020-07-18T18:25:00.000,I 75,I 75 and Jonesboro Rd,,Rear End,2,Clear,Dry,Daylight
2020-09-27T17:20:00.000,I 75,I 75 and Jonesboro Rd,,Rear End,2,Rain,Wet,Daylight
2020-05-14T19:05:00.000,I 75,I 75 and Jonesboro Rd,,Rear End,2,Clear,Dry,Daylight
2020-07-08T18:00:00.000,I 75,I 75 and Jonesboro Rd,,Not a Collision with Motor Vehicle,2,Cloudy,Dry,Daylight
2020-05-18T03:32:00.000,I 75,I 75 and Jonesboro Rd,,Not a Collision with Motor Vehicle,1,Clear,Dry,Dark-Not Lighted
2020-07-06T15:35:00.000,I 75,I 75 and Jonesboro Rd,,Sideswipe-Same Direction,2,Clear,Dry,Daylight
2020-10-15T19:32:00.000,I 75,I 75 and Jonesboro Rd,,Sideswipe-Same Direction,2,Clear,Dry,Dark-Lighted
2020-11-25T17:04:00.000,I 75,I 75 and Jonesboro Rd,,Rear End,2,Cloudy,Dry,Daylight
2020-06-30T18:05:00.000,I 75,I 75 and Jonesboro Rd,,Not a Collision with Motor Vehicle,1,Rain,Wet,Daylight
2020-11-01T09:47:00.000,I 75,I 75 and Jonesboro Rd,,Sideswipe-Same Direction,2,Cloudy,Dry,Daylight
2020-01-04T20:35:00.000,I 75,I 75 and Jonesboro Rd,,Rear End,2,Clear,Dry,Dark-Lighted
2020-04-28T19:25:00.000,I 75,I 75 and Jonesboro Rd,,Sideswipe-Same Direction,2,Cloudy,Dry,Daylight
2020-01-14T18:09:00.000,I 75,I 75 and Jonesboro Rd,,Rear End,2,Rain,Wet,Dark-Lighted
2020-03-24T15:30:00.000,I 75,I 75 and Jonesboro Rd,,Not a Collision with Motor Vehicle,1,Clear,Dry,Daylight
2020-12-24T16:33:00.000,I 75,I 75 and Jonesboro Rd,,Rear End,2,Rain,Wet,Daylight
2020-12-17T09:08:00.000,I 75,I 75 and Jonesboro Rd,,Angle Crash,2,Cloudy,Dry,Daylight
2020-07-18T16:40:00.000,I 75,I 75 and Jonesboro Rd,,Not a Collision with Motor Vehicle,1,Clear,Dry,Daylight
2020-08-02T01:33:00.000,I 75,I 75 and Jonesboro Rd,,Angle Crash,2,Clear,Dry,Dark-Not Lighted
2020-09-05T19:43:00.000,I 75,I 75 and Jonesboro Rd,,Rear End,2,Clear,Dry,Daylight
2020-12-16T14:00:00.000,I 75,I 75 and Jonesboro Rd,,Not a Collision with Motor Vehicle,1,Cloudy,Wet,Daylight
2020-10-25T23:40:00.000,I 75,I 75 and Jonesboro Rd,,Rear End,2,Clear,Dry,Dark-Lighted
2020-12-04T18:18:00.000,I 75,I 75 and Jonesboro Rd,,Rear End,2,Rain,Wet,Dark-Lighted
2020-12-23T16:14:00.000,I 75,I 75 and Jonesboro Rd,,Angle Crash,2,Clear,Dry,Daylight
2020-03-13T19:00:00.000,I 75,I 75 and Jonesboro Rd,,Rear End,2,Clear,Dry,Daylight
2020-10-26T03:51:00.000,I 75,I 75 and Jonesboro Rd,,Not a Collision with Motor Vehicle,1,Clear,Dry,Dark-Lighted
2020-02-05T23:40:00.000,I 75,I 75 and Jonesboro Rd,,Not a Collision with Motor Vehicle,1,Rain,Wet,Dark-Lighted
2020-08-22T18:16:00.000,I 75,I 75 and Jonesboro Rd,,Rear End,2,Clear,Dry,Daylight
2020-03-12T15:27:00.000,I 75,I 75 and Jonesboro Rd,,Sideswipe-Same Direction,2,Clear,Dry,Daylight
2020-06-23T07:55:00.000,I 75,I 75 and Jonesboro Rd,,Rear End,2,Cloudy,Dry,Daylight
2020-07-31T02:20:00.000,I 75,I 75 and Jonesboro Rd,,Sideswipe-Same Direction,2,Clear,Dry,Dark-Not Lighted
2020-02-10T18:33:00.000,I 75,I 75 and Jonesboro Rd,,Rear End,2,Rain,Wet,Dark-Not Lighted
2020-07-18T16:03:00.000,I 75,I 75 and Jonesboro Rd,,Rear End,2,Clear,Dry,Daylight
2020-02-14T20:41:00.000,I 75,I 75 and Jonesboro Rd,,Rear End,2,Clear,Dry,Dark-Lighted
2020-02-04T14:09:00.000,I 75,I 75 and Jonesboro Rd,,Rear End,2,Cloudy,Dry,Daylight
2020-02-21T16:05:00.000,I 75,I 75 and Jonesboro Rd,,Not a Collision with Motor Vehicle,1,Clear,Dry,Daylight
2020-06-23T22:04:00.000,I 75,I 75 and Jonesboro Rd,,Not a Collision with Motor Vehicle,2,Clear,Dry,Dark-Lighted
2020-03-05T19:43:00.000,I 75,I 75 and Jonesboro Rd,,Rear End,3,Cloudy,Wet,Dark-Not Lighted
2020-06-10T19:55:00.000,I 75,I 75 and Jonesboro Rd,,Rear End,3,Cloudy,Dry,Daylight
2020-08-29T17:10:00.000,I 75,I 75 and Jonesboro Rd,,Sideswipe-Same Direction,2,Cloudy,Dry,Daylight
2020-08-03T17:20:00.000,I 75,I 75 and Jonesboro Rd,,Rear End,2,Clear,Dry,Daylight
2020-10-10T23:06:00.000,I 75,I 75 and Jonesboro Rd,,Not a Collision with Motor Vehicle,1,Rain,Wet,Dark-Lighted
2020-09-14T15:42:00.000,I 75,I 75 and Jonesboro Rd,,Rear End,2,Cloudy,Dry,Daylight
2020-01-31T13:36:00.000,I 75,I 75 and Jonesboro Rd,,Rear End,3,Rain,Wet,Daylight
2020-09-28T07:10:00.000,I 75,I 75 and Jonesboro Rd,,Rear End,2,Clear,Wet,Dark-Not Lighted
2020-08-31T17:30:00.000,I 75,I 75 and Jonesboro Rd,,Rear End,3,Cloudy,Wet,Daylight
2020-08-14T13:30:00.000,I 75,I 75 and Jonesboro Rd,,Rear End,2,Cloudy,Dry,Daylight
2020-04-18T00:00:00.000,I 75,I 75 and Jonesboro Rd,,Sideswipe-Same Direction,2,Clear,Dry,Daylight
2020-07-12T09:15:00.000,I 75,I 75 and Jonesboro Rd,,Not a Collision with Motor Vehicle,1,Clear,Dry,Daylight
2020-10-11T12:06:00.000,I 75,I 75 and Jonesboro Rd,,Rear End,3,Rain,Wet,Daylight
2020-07-01T17:21:00.000,I 75,I 75 and Jonesboro Rd,,Rear End,2,Cloudy,Wet,Daylight
2020-08-15T16:16:00.000,I 75,I 75 and Jonesboro Rd,,Rear End,3,Rain,Wet,Daylight
2020-11-08T20:00:00.000,I 75,I 75 and Jonesboro Rd,,Rear End,2,Cloudy,Wet,Dark-Lighted
2020-06-12T18:33:00.000,I 75,I 75 and Jonesboro Rd,,Rear End,2,Clear,Dry,Daylight
2020-12-24T08:05:00.000,I 75,I 75 and Jonesboro Rd,,Not a Collision with Motor Vehicle,1,Rain,Wet,Daylight
2020-08-14T13:30:00.000,I 75,I 75 and Jonesboro Rd,,Rear End,2,Cloudy,Dry,Daylight
2020-09-16T17:50:00.000,I 75,I 75 and Jonesboro Rd,,Sideswipe-Same Direction,2,Rain,Wet,Daylight
2020-09-16T12:38:00.000,I 75,I 75 and Jonesboro Rd,,Rear End,2,Rain,Wet,Daylight
2020-11-27T01:20:00.000,I 75,I 75 and Jonesboro Rd,,Rear End,2,Clear,Dry,Dark-Lighted
2020-06-03T04:15:00.000,I 75,I 75 and Jonesboro Rd,,Sideswipe-Same Direction,2,Clear,Dry,Dark-Lighted
2020-07-16T07:15:00.000,I 75,I 75 and Jonesboro Rd,,Sideswipe-Same Direction,2,Clear,Dry,Daylight
2020-07-13T09:10:00.000,I 75,I 75 and Jonesboro Rd,,Not a Collision with Motor Vehicle,1,Clear,Dry,Daylight
2020-04-17T12:39:00.000,I 75,I 75 and Jonesboro Rd,,Sideswipe-Same Direction,2,Clear,Dry,Daylight
2020-08-26T15:05:00.000,I 75,I 75 and Jonesboro Rd,,Sideswipe-Same Direction,2,Clear,Dry,Daylight
2020-01-07T07:29:00.000,I 75,I 75 and Jonesboro Rd,,Sideswipe-Same Direction,2,Cloudy,Wet,Daylight
2020-06-04T19:40:00.000,I 75,I 75 and Jonesboro Rd,,Not a Collision with Motor Vehicle,1,Clear,Dry,Daylight
2020-11-22T08:22:00.000,I 75,I 75 and Jonesboro Rd,,Sideswipe-Same Direction,3,Clear,Dry,Daylight
2020-07-02T13:00:00.000,I 75,I 75 and Jonesboro Rd,,Sideswipe-Same Direction,2,Clear,Dry,Daylight
2020-02-23T18:06:00.000,I 75,I 75 and Jonesboro Rd,,Rear End,2,Cloudy,Dry,Dark-Not Lighted
2020-08-07T03:03:00.000,I 75,I 75 and Jonesboro Rd,,Rear End,3,Clear,Dry,Dark-Not Lighted
2020-03-07T13:18:00.000,I 75,I 75 and Jonesboro Rd,,Rear End,2,Clear,Dry,Daylight
2020-06-30T23:07:00.000,I 75,I 75 and Jonesboro Rd,,Sideswipe-Same Direction,2,Clear,Dry,Dark-Lighted
2020-01-27T17:36:00.000,I 75,I 75 and Jonesboro Rd,,Rear End,2,Clear,Dry,Daylight
2020-12-02T19:40:00.000,I 75,I 75 and Jonesboro Rd,,Sideswipe-Same Direction,2,Clear,Dry,Dark-Lighted
2020-08-05T13:44:00.000,I 75,I 75 and Jonesboro Rd,,Rear End,2,Clear,Dry,Daylight
2020-05-12T12:10:00.000,I 75,I 75 and Jonesboro Rd,,Sideswipe-Same Direction,2,Cloudy,Dry,Daylight
2020-06-18T15:12:00.000,I 75,I 75 and Jonesboro Rd,,Rear End,2,Cloudy,Dry,Daylight
2020-05-12T18:39:00.000,I 75,I 75 and Jonesboro Rd,,Rear End,2,Clear,Dry,Daylight
2020-11-05T18:25:00.000,I 75,I 75 and Jonesboro Rd,,Rear End,2,Clear,Dry,Dark-Not Lighted
2020-09-25T20:25:00.000,I 75,I 75 and Jonesboro Rd,,Sideswipe-Same Direction,2,Clear,Dry,Dusk
2020-10-15T07:27:00.000,I 75,I 75 and Jonesboro Rd,,Rear End,2,Rain,Wet,Daylight
2020-06-30T11:03:00.000,I 75,I 75 and Jonesboro Rd,,Rear End,2,Cloudy,Dry,Daylight
2020-02-12T05:50:00.000,I 75,I 75 and Jonesboro Rd,,Sideswipe-Same Direction,2,Clear,Wet,Dark-Lighted
2020-05-29T10:09:00.000,I 75,I 75 and Jonesboro Rd,,Angle Crash,2,Other,Dry,Daylight
2020-01-01T11:40:00.000,I 75,I 75 and Jonesboro Rd,,Sideswipe-Same Direction,2,Clear,Dry,Daylight
2020-09-06T02:40:00.000,I 75,I 75 and Jonesboro Rd,,Angle Crash,2,Clear,Dry,Dark-Not Lighted
2020-03-05T18:45:00.000,I 75,I 75 and Jonesboro Rd,,Not a Collision with Motor Vehicle,1,Cloudy,Dry,Dark-Lighted
2020-08-12T19:09:00.000,I 75,I 75 and Jonesboro Rd,,Not a Collision with Motor Vehicle,2,Cloudy,Wet,Daylight
2020-03-03T07:56:00.000,I 75,I 75 and Jonesboro Rd,,Rear End,2,Rain,Wet,Daylight
2020-07-13T09:40:00.000,I 75,I 75 and Jonesboro Rd,,Rear End,2,Clear,Dry,Daylight
2020-11-06T08:35:00.000,I 75,I 75 and Jonesboro Rd,,Rear End,2,Clear,Dry,Daylight
2020-01-21T03:14:00.000,I 75,I 75 and Jonesboro Rd,,Sideswipe-Same Direction,2,Clear,Dry,Dark-Not Lighted
2020-02-28T20:19:00.000,I 75,I 75 and Jonesboro Rd,,Rear End,3,Clear,Dry,Daylight
2020-09-15T17:38:00.000,I 75,I 75 and Jonesboro Rd,,Head On,1,Clear,Dry,Daylight
2020-01-01T01:45:00.000,I 75,I 75 and Jonesboro Rd,,Angle Crash,2,Clear,(None),(None)
2020-12-11T13:35:00.000,I 75,I 75 and Jonesboro Rd,,Rear End,2,Clear,Dry,Daylight
2020-05-10T11:33:00.000,I 75,I 75 and Jonesboro Rd,,Angle Crash,2,Clear,Dry,Daylight
2020-05-07T11:45:00.000,I 75,I 75 and Jonesboro Rd,,Rear End,2,Clear,Dry,Daylight
2020-04-11T13:36:00.000,I 75,I 75 and Jonesboro Rd,,Angle Crash,2,Clear,Dry,Daylight
2020-02-18T19:30:00.000,I 75,I 75 and Jonesboro Rd,,Sideswipe-Same Direction,2,Rain,Wet,Dark-Lighted
2020-06-24T15:59:00.000,I 75,I 75 and Jonesboro Rd,,Rear End,2,Cloudy,Dry,Daylight
2020-12-16T15:48:00.000,I 75,I 75 and Jonesboro Rd,,Rear End,2,Rain,Wet,Daylight
2020-12-27T16:52:00.000,I 75,I 75 and Jonesboro Rd,,Not a Collision with Motor Vehicle,2,Clear,Dry,Daylight
2020-11-17T18:37:00.000,I 75,I 75 and Jonesboro Rd,,Rear End,2,Clear,Dry,Dark-Not Lighted
2020-03-19T12:49:00.000,I 75,I 75 and Jonesboro Rd,,Rear End,3,Cloudy,Dry,Daylight
2020-06-21T20:30:00.000,I 75,I 75 and Jonesboro Rd,,Rear End,3,Rain,Wet,Daylight
2020-07-13T09:20:00.000,I 75,I 75 and Jonesboro Rd,,Sideswipe-Same Direction,2,Clear,Dry,Daylight
2020-09-27T14:50:00.000,I 75,I 75 and Jonesboro Rd,,Rear End,2,Cloudy,Dry,Daylight
2020-02-13T08:30:00.000,I 75,I 75 and Jonesboro Rd,,Not a Collision with Motor Vehicle,1,Rain,Wet,Daylight
2020-08-24T17:46:00.000,I 75,I 75 and Jonesboro Rd,,Not a Collision with Motor Vehicle,1,Cloudy,Wet,Daylight
2020-08-20T23:20:00.000,I 75,I 75 and Jonesboro Rd,,Not a Collision with Motor Vehicle,1,Clear,Dry,Dark-Lighted
2020-08-14T19:30:00.000,I 75,I 75 and Jonesboro Rd,,Rear End,2,Clear,Dry,Daylight
2020-04-14T00:05:00.000,I 75,I 75 and Jonesboro Rd,,Not a Collision with Motor Vehicle,1,Clear,Dry,Dark-Lighted
2020-02-04T09:12:00.000,I 75,I 75 and Jonesboro Rd,,Not a Collision with Motor Vehicle,1,Cloudy,Dry,Daylight
2020-11-30T19:30:00.000,I 75,I 75 and Jonesboro Rd,,Not a Collision with Motor Vehicle,2,Sleet,Wet,Dark-Not Lighted
2020-10-27T22:00:00.000,I 75,I 75 and Jonesboro Rd,,Sideswipe-Same Direction,2,Clear,Dry,Dark-Not Lighted
2020-11-26T05:30:00.000,I 75,I 75 and Jonesboro Rd,,Not a Collision with Motor Vehicle,1,Rain,Wet,Dark-Lighted
2020-07-02T11:57:00.000,I 75,I 75 and Jonesboro Rd,,Rear End,2,Clear,Dry,Daylight
2020-08-21T13:09:00.000,I 75,I 75 and Jonesboro Rd,,Sideswipe-Same Direction,2,Cloudy,Dry,Daylight
2021-04-13T04:15:00.000,I 75,I 75 and Jonesboro Rd,,Not a Collision with Motor Vehicle,1,Clear,Dry,Dark-Lighted
2021-05-23T12:23:00.000,I 75,I 75 and Jonesboro Rd,,Rear End,4,Clear,Dry,Daylight
2021-04-01T14:36:00.000,I 75,I 75 and Jonesboro Rd,,Sideswipe-Same Direction,2,Clear,Dry,Daylight
2021-05-26T18:16:00.000,I 75,I 75 and Jonesboro Rd,,Rear End,2,Clear,Dry,Daylight
2021-03-25T08:57:00.000,I 75,I 75 and Jonesboro Rd,,Sideswipe-Same Direction,2,Cloudy,Wet,Daylight
2021-01-01T15:41:00.000,I 75,I 75 and Jonesboro Rd,,Rear End,2,Rain,Wet,Daylight
2021-05-02T13:55:00.000,I 75,I 75 and Jonesboro Rd,,Rear End,2,Clear,Dry,Daylight
2021-06-08T12:16:00.000,I 75,I 75 and Jonesboro Rd,,Not a Collision with Motor Vehicle,1,Clear,Dry,Daylight
2021-04-04T05:42:00.000,I 75,I 75 and Jonesboro Rd,,Angle Crash,4,Clear,Dry,Dark-Lighted
2021-03-27T04:33:00.000,I 75,I 75 and Jonesboro Rd,,Sideswipe-Same Direction,2,Fog,Dry,Dark-Not Lighted
2021-04-27T21:19:00.000,I 75,I 75 and Jonesboro Rd,,Not a Collision with Motor Vehicle,2,Clear,Dry,Dark-Not Lighted
2021-03-07T12:50:00.000,I 75,I 75 and Jonesboro Rd,,Sideswipe-Same Direction,2,Clear,Dry,Daylight
2021-04-01T09:57:00.000,I 75,I 75 and Jonesboro Rd,,Sideswipe-Same Direction,2,Clear,Dry,Daylight
2021-03-26T13:30:00.000,I 75,I 75 and Jonesboro Rd,,Rear End,3,Clear,Dry,Daylight
2021-02-25T09:33:00.000,I 75,I 75 and Jonesboro Rd,,Not a Collision with Motor Vehicle,1,Clear,Dry,Daylight
2021-05-09T12:15:00.000,I 75,I 75 and Jonesboro Rd,,Not a Collision with Motor Vehicle,2,Clear,Dry,Daylight
2021-05-11T16:47:00.000,I 75,I 75 and Jonesboro Rd,,Rear End,2,Clear,Dry,Daylight
2021-01-26T01:40:00.000,I 75,I 75 and Jonesboro Rd,,Not a Collision with Motor Vehicle,1,Clear,Dry,Daylight
2021-05-07T21:18:00.000,I 75,I 75 and Jonesboro Rd,,Rear End,2,Clear,Dry,Dark-Lighted
2021-01-18T14:40:00.000,I 75,I 75 and Jonesboro Rd,,Angle Crash,3,Clear,Dry,Daylight
2021-03-11T09:22:00.000,I 75,I 75 and Jonesboro Rd,,Rear End,2,Clear,Dry,Daylight
2021-03-27T15:45:00.000,I 75,I 75 and Jonesboro Rd,,Not a Collision with Motor Vehicle,1,Clear,Dry,Daylight
2021-01-01T14:11:00.000,I 75,I 75 and Jonesboro Rd,,Rear End,2,Rain,Wet,Daylight
2021-01-05T10:07:00.000,I 75,I 75 and Jonesboro Rd,,Rear End,2,Clear,Dry,Daylight
2021-06-09T22:36:00.000,I 75,I 75 and Jonesboro Rd,,Sideswipe-Same Direction,2,Rain,Wet,Dark-Lighted
2021-01-26T06:20:00.000,I 75,I 75 and Jonesboro Rd,,Not a Collision with Motor Vehicle,1,Rain,Wet,Dark-Lighted
2021-04-16T15:21:00.000,I 75,I 75 and Jonesboro Rd,,Rear End,2,Clear,Dry,Daylight
2021-02-13T15:53:00.000,I 75,I 75 and Jonesboro Rd,,Rear End,2,Cloudy,Wet,Daylight
2021-05-01T15:12:00.000,I 75,I 75 and Jonesboro Rd,,Rear End,2,Clear,Dry,Daylight
2021-03-23T22:36:00.000,I 75,I 75 and Jonesboro Rd,,Sideswipe-Same Direction,2,Clear,Dry,Dark-Not Lighted
2021-06-01T11:53:00.000,I 75,I 75 and Jonesboro Rd,,Rear End,2,Clear,Dry,Daylight
2021-03-18T22:10:00.000,I 75,I 75 and Jonesboro Rd,,Not a Collision with Motor Vehicle,3,Clear,Dry,Dark-Not Lighted
2021-01-20T18:15:00.000,I 75,I 75 and Jonesboro Rd,,Rear End,2,Clear,Dry,Dark-Not Lighted
2021-04-29T21:00:00.000,I 75,I 75 and Jonesboro Rd,,Not a Collision with Motor Vehicle,1,Clear,Dry,Dark-Not Lighted
2021-02-06T01:54:00.000,I 75,I 75 and Jonesboro Rd,,Sideswipe-Same Direction,2,Clear,Dry,Dark-Not Lighted
2021-06-18T21:00:00.000,I 75,I 75 and Jonesboro Rd,,Rear End,2,Clear,Dry,Dark-Not Lighted
2021-04-26T17:35:00.000,I 75,I 75 and Jonesboro Rd,,Rear End,2,Clear,Dry,Daylight
2021-05-29T09:30:00.000,I 75,I 75 and Jonesboro Rd,,Rear End,2,Cloudy,Dry,Daylight
2021-10-28T14:48:00.000,I 75,I 75 and Jonesboro Rd,,Sideswipe-Same Direction,2,Rain,Wet,Daylight
2021-08-07T18:17:00.000,I 75,I 75 and Jonesboro Rd,,Rear End,2,Cloudy,Dry,Daylight
2021-07-06T17:33:00.000,I 75,I 75 and Jonesboro Rd,,Sideswipe-Same Direction,2,Clear,Dry,Daylight
2021-07-25T13:21:00.000,I 75,I 75 and Jonesboro Rd,,Rear End,2,Clear,Dry,Daylight
2021-09-17T15:52:00.000,I 75,I 75 and Jonesboro Rd,,Rear End,2,Clear,Dry,Daylight
2021-12-01T16:41:00.000,I 75,I 75 and Jonesboro Rd,,Rear End,2,Clear,Dry,Daylight
2021-07-27T15:55:00.000,I 75,I 75 and Jonesboro Rd,,Rear End,2,Cloudy,Dry,Daylight
2021-08-09T03:55:00.000,I 75,I 75 and Jonesboro Rd,,Rear End,2,Clear,Dry,Dark-Lighted
2021-09-16T16:27:00.000,I 75,I 75 and Jonesboro Rd,,Rear End,2,Rain,Wet,Daylight
2021-12-11T18:21:00.000,I 75,I 75 and Jonesboro Rd,,Rear End,3,Rain,Wet,Dark-Not Lighted
2021-09-26T20:30:00.000,I 75,I 75 and Jonesboro Rd,,Rear End,2,Clear,Dry,Dark-Lighted
2021-08-10T14:27:00.000,I 75,I 75 and Jonesboro Rd,,Not a Collision with Motor Vehicle,1,Clear,Dry,Daylight
2021-10-05T14:19:00.000,I 75,I 75 and Jonesboro Rd,,Not a Collision with Motor Vehicle,1,Cloudy,Water (standing or moving),Daylight
2021-12-28T19:56:00.000,I 75,I 75 and Jonesboro Rd,,Rear End,2,Clear,Dry,Dark-Lighted
2021-09-10T18:19:00.000,I 75,I 75 and Jonesboro Rd,,Rear End,2,Clear,Dry,Daylight
2021-12-22T17:52:00.000,I 75,I 75 and Jonesboro Rd,,Sideswipe-Same Direction,2,Clear,Dry,Dark-Lighted
2021-12-19T21:07:00.000,I 75,I 75 and Jonesboro Rd,,Sideswipe-Same Direction,2,Clear,Dry,Dark-Not Lighted
2021-07-27T18:41:00.000,I 75,I 75 and Jonesboro Rd,,Sideswipe-Same Direction,2,Rain,Wet,Dark-Lighted
2021-10-27T15:28:00.000,I 75,I 75 and Jonesboro Rd,,Rear End,2,Clear,Dry,Daylight
2021-11-10T12:29:00.000,I 75,I 75 and Jonesboro Rd,,Sideswipe-Same Direction,2,Clear,Dry,Daylight
2021-07-25T20:24:00.000,I 75,I 75 and Jonesboro Rd,,Rear End,2,Clear,Dry,Dark-Lighted
2021-12-24T15:24:00.000,I 75,I 75 and Jonesboro Rd,,Rear End,2,Clear,Dry,Daylight
2021-08-17T16:51:00.000,I 75,I 75 and Jonesboro Rd,,Rear End,2,Rain,Water (standing or moving),Daylight
2021-10-16T18:35:00.000,I 75,I 75 and Jonesboro Rd,,Rear End,2,Clear,Dry,Daylight
2021-12-21T11:37:00.000,I 75,I 75 and Jonesboro Rd,,Rear End,2,Rain,Wet,Daylight
2021-07-29T14:04:00.000,I 75,I 75 and Jonesboro Rd,,Not a Collision with Motor Vehicle,1,Clear,Dry,Daylight
2021-10-19T18:11:00.000,I 75,I 75 and Jonesboro Rd,,Rear End,2,Clear,Dry,Daylight
2021-10-05T11:38:00.000,I 75,I 75 and Jonesboro Rd,,Not a Collision with Motor Vehicle,1,Rain,Wet,Daylight
2021-10-04T18:11:00.000,I 75,I 75 and Jonesboro Rd,,Rear End,2,Cloudy,Dry,Dusk
2021-09-07T14:39:00.000,I 75,I 75 and Jonesboro Rd,,Rear End,2,Cloudy,Dry,Daylight
2021-09-14T18:23:00.000,I 75,I 75 and Jonesboro Rd,,Rear End,2,Clear,Dry,Dusk
2021-09-22T08:51:00.000,I 75,I 75 and Jonesboro Rd,,Sideswipe-Same Direction,2,Cloudy,Dry,Daylight
2021-12-07T13:00:00.000,I 75,I 75 and Jonesboro Rd,,Rear End,2,Cloudy,Dry,Daylight
2021-10-11T21:34:00.000,I 75,I 75 and Jonesboro Rd,,Sideswipe-Same Direction,2,Clear,Dry,Dark-Lighted