Date and Time,Roadway (From Crash Report),Intersection Name (from Crash Report),KABCO Severity,Manner of Collision (Crash Level) ,# of Vehicles per crash ,Weather Conditions (Crash Level),Surface Condition (Crash Level) ,Light Conditions (Crash Level)
2021-08-25T08:59:00.000,I 75,I 75 and Jonesboro Rd,,Rear End,2,Clear,Dry,Daylight
2021-12-19T17:25:00.000,I 75,I 75 and Jonesboro Rd,,Rear End,2,Clear,Dry,Daylight
2021-09-28T06:00:00.000,I 75,I 75 and Jonesboro Rd,,Sideswipe-Same Direction,2,Clear,Dry,Dark-Not Lighted
2021-12-01T17:40:00.000,I 75,I 75 and Jonesboro Rd,,Rear End,2,Cloudy,Dry,Dark-Lighted
2021-12-08T22:01:00.000,I 75,I 75 and Jonesboro Rd,,Rear End,2,Clear,Dry,Dark-Lighted
2021-10-06T16:10:00.000,I 75,I 75 and Jonesboro Rd,,Rear End,2,Rain,Wet,Daylight
2021-12-09T21:12:00.000,I 75,I 75 and Jonesboro Rd,,Rear End,2,Cloudy,Wet,Dark-Not Lighted
2021-12-26T16:58:00.000,I 75,I 75 and Jonesboro Rd,,Rear End,2,Clear,Dry,Daylight
2021-11-09T08:31:00.000,I 75,I 75 and Jonesboro Rd,,Rear End,2,Clear,Dry,Daylight
2021-08-12T15:40:00.000,I 75,I 75 and Jonesboro Rd,,Angle Crash,2,Clear,Dry,Daylight
2021-08-09T14:27:00.000,I 75,I 75 and Jonesboro Rd,,Sideswipe-Same Direction,2,Clear,Dry,Daylight
2021-12-14T16:35:00.000,I 75,I 75 and Jonesboro Rd,,Rear End,2,Clear,Dry,Daylight
2022-11-06T08:51:00.000,I 75,I 75 and Jonesboro Rd,,Not a Collision with Motor Vehicle,2,Clear,Dry,Daylight
2022-10-12T18:40:00.000,I 75,I 75 and Jonesboro Rd,,Sideswipe-Same Direction,2,Rain,Wet,Dusk
2022-05-02T17:02:00.000,I 75,I 75 and Jonesboro Rd,,Rear End,1,Clear,Dry,Daylight
2022-03-08T19:00:00.000,I 75,I 75 and Jonesboro Rd,,Rear End,2,Rain,Wet,Dark-Lighted
2022-02-08T16:15:00.000,I 75,I 75 and Jonesboro Rd,,Sideswipe-Same Direction,2,Clear,Dry,Daylight
2022-11-21T20:15:00.000,I 75,I 75 and Jonesboro Rd,,Not a Collision with Motor Vehicle,1,Clear,Dry,Dark-Lighted
2022-09-23T11:40:00.000,I 75,I 75 and Jonesboro Rd,,Rear End,2,Clear,Dry,Daylight
2022-04-20T21:10:00.000,I 75,I 75 and Jonesboro Rd,,Rear End,2,Clear,Dry,Dark-Not Lighted
2022-11-09T15:08:00.000,I 75,I 75 and Jonesboro Rd,,Rear End,2,Clear,Dry,Daylight
2022-05-24T18:01:00.000,I 75,I 75 and Jonesboro Rd,,Rear End,2,Clear,Dry,Daylight
2022-03-01T15:00:00.000,I 75,I 75 and Jonesboro Rd,,Sideswipe-Same Direction,2,Clear,Dry,Daylight
2022-08-15T17:28:00.000,I 75,I 75 and Jonesboro Rd,,Rear End,3,Clear,Dry,Daylight
2022-06-20T10:45:00.000,I 75,I 75 and Jonesboro Rd,,Rear End,2,Clear,Dry,Daylight
2022-08-21T00:23:00.000,I 75,I 75 and Jonesboro Rd,,Sideswipe-Same Direction,2,Clear,Wet,Dark-Lighted
2022-08-06T22:15:00.000,I 75,I 75 and Jonesboro Rd,,Angle Crash,2,Rain,Wet,Dark-Not Lighted
2022-03-30T19:37:00.000,I 75,I 75 and Jonesboro Rd,,Rear End,2,Clear,Dry,Daylight
2022-10-03T13:47:00.000,I 75,I 75 and Jonesboro Rd,,Angle Crash,2,Clear,Dry,Daylight
2022-05-13T05:30:00.000,I 75,I 75 and Jonesboro Rd,,Rear End,2,Rain,Wet,Dark-Lighted
2022-12-27T10:55:00.000,I 75,I 75 and Jonesboro Rd,,Rear End,2,Clear,Dry,Daylight
2022-05-11T14:59:00.000,I 75,I 75 and Jonesboro Rd,,Sideswipe-Same Direction,2,Clear,Dry,Daylight
2022-06-06T19:57:00.000,I 75,I 75 and Jonesboro Rd,,Sideswipe-Same Direction,2,Cloudy,Wet,Daylight
2022-04-15T19:53:00.000,I 75,I 75 and Jonesboro Rd,,Rear End,3,Clear,Dry,Daylight
2022-09-19T16:51:00.000,I 75,I 75 and Jonesboro Rd,,Sideswipe-Same Direction,2,Clear,Dry,Daylight
2022-12-11T16:08:00.000,I 75,I 75 and Jonesboro Rd,,Rear End,2,Rain,Wet,Daylight
2022-07-07T18:42:00.000,I 75,I 75 and Jonesboro Rd,,Sideswipe-Same Direction,2,Cloudy,Dry,Daylight
2022-06-28T17:41:00.000,I 75,I 75 and Jonesboro Rd,,Sideswipe-Same Direction,2,Clear,Dry,Daylight
2022-06-02T14:00:00.000,I 75,I 75 and Jonesboro Rd,,Angle Crash,2,Clear,Dry,Daylight
2022-06-24T14:27:00.000,I 75,I 75 and Jonesboro Rd,,Sideswipe-Same Direction,2,Clear,Dry,Daylight
2022-02-24T09:25:00.000,I 75,I 75 and Jonesboro Rd,,Angle Crash,2,Cloudy,Dry,Daylight
2021-10-11T20:40:00.000,I 75,I 75 and Jonesboro Rd,,Rear End,3,Clear,Dry,Dark-Not Lighted
2021-10-04T20:46:00.000,I 75,I 75 and Jonesboro Rd,,Sideswipe-Opposite Direction,2,Clear,Wet,Dark-Lighted
2021-09-22T19:40:00.000,I 75,I 75 and Jonesboro Rd,,Rear End,2,Clear,Dry,Dusk
2021-09-21T16:30:00.000,I 75,I 75 and Jonesboro Rd,,Sideswipe-Same Direction,2,Cloudy,Wet,Daylight
2021-08-17T05:30:00.000,I 75,I 75 and Jonesboro Rd,,Angle Crash,2,Rain,Water (standing or moving),Dark-Not Lighted
2021-10-05T06:36:00.000,I 75,I 75 and Jonesboro Rd,,Not a Collision with Motor Vehicle,1,Rain,Wet,Dark-Not Lighted
2021-10-07T18:15:00.000,I 75,I 75 and Jonesboro Rd,,Rear End,3,Cloudy,Dry,Daylight
2021-12-08T06:42:00.000,I 75,I 75 and Jonesboro Rd,,Not a Collision with Motor Vehicle,1,Rain,Wet,Dark-Not Lighted
2021-12-24T15:11:00.000,I 75,I 75 and Jonesboro Rd,,Sideswipe-Same Direction,3,Clear,Dry,Daylight
2021-10-23T11:00:00.000,I 75,I 75 and Jonesboro Rd,,Sideswipe-Same Direction,2,Clear,Dry,Daylight
2021-12-20T19:19:00.000,I 75,I 75 and Jonesboro Rd,,Sideswipe-Same Direction,2,Clear,Dry,Dark-Not Lighted
2021-10-28T07:19:00.000,I 75,I 75 and Jonesboro Rd,,Rear End,2,Rain,Wet,Dark-Lighted
2021-12-31T18:08:00.000,I 75,I 75 and Jonesboro Rd,,Rear End,2,Clear,Dry,Dark-Not Lighted
2021-10-20T23:45:00.000,I 75,I 75 and Jonesboro Rd,,Not a Collision with Motor Vehicle,1,Clear,Dry,Dark-Not Lighted
2021-09-17T15:34:00.000,I 75,I 75 and Jonesboro Rd,,Rear End,2,Rain,Wet,Daylight
2021-10-14T19:07:00.000,I 75,I 75 and Jonesboro Rd,,Rear End,4,Clear,Dry,Dusk
2021-08-13T15:01:00.000,I 75,I 75 and Jonesboro Rd,,Rear End,2,Clear,Dry,Daylight
2021-12-06T11:30:00.000,I 75,I 75 and Jonesboro Rd,,Rear End,2,Rain,Wet,Daylight
2021-12-14T17:40:00.000,I 75,I 75 and Jonesboro Rd,,Rear End,3,Clear,Dry,Daylight
2022-02-24T13:11:00.000,I 75,I 75 and Jonesboro Rd,,Sideswipe-Same Direction,2,Clear,Dry,Daylight
2022-12-27T21:10:00.000,I 75,I 75 and Jonesboro Rd,,Sideswipe-Same Direction,2,Clear,Dry,Dark-Lighted
2022-11-10T16:52:00.000,I 75,I 75 and Jonesboro Rd,,Rear End,2,Rain,Wet,Daylight
2022-01-28T18:17:00.000,I 75,I 75 and Jonesboro Rd,,Rear End,3,Cloudy,Dry,Dark-Not Lighted
2022-05-22T19:13:00.000,I 75,I 75 and Jonesboro Rd,,Not a Collision with Motor Vehicle,1,Clear,Dry,Daylight
2022-10-04T13:08:00.000,I 75,I 75 and Jonesboro Rd,,Rear End,2,Clear,Dry,Daylight
2022-03-15T02:34:00.000,I 75,I 75 and Jonesboro Rd,,Sideswipe-Same Direction,3,Clear,Dry,Dark-Lighted
2022-05-31T13:23:00.000,I 75,I 75 and Jonesboro Rd,,Rear End,2,Clear,Dry,Daylight
2022-03-22T07:25:00.000,I 75,I 75 and Jonesboro Rd,,Sideswipe-Same Direction,2,Clear,Dry,Daylight
2022-02-17T17:47:00.000,I 75,I 75 and Jonesboro Rd,,Rear End,2,Clear,Dry,Dusk
2022-04-26T10:57:00.000,I 75,I 75 and Jonesboro Rd,,Not a Collision with Motor Vehicle,1,Cloudy,Dry,Daylight
2022-05-15T16:45:00.000,I 75,I 75 and Jonesboro Rd,,Rear End,2,Clear,Dry,Daylight
2022-12-07T05:40:00.000,I 75,I 75 and Jonesboro Rd,,Sideswipe-Same Direction,2,Fog,Wet,Dark-Not Lighted
2022-10-31T10:02:00.000,I 75,I 75 and Jonesboro Rd,,Not a Collision with Motor Vehicle,1,Rain,Wet,Daylight
2022-08-01T14:48:00.000,I 75,I 75 and Jonesboro Rd,,Rear End,2,Cloudy,Dry,Daylight
2022-08-29T17:36:00.000,I 75,I 75 and Jonesboro Rd,,Sideswipe-Same Direction,2,Clear,Dry,Daylight
2022-08-03T18:40:00.000,I 75,I 75 and Jonesboro Rd,,Rear End,2,Clear,Dry,Daylight
2022-09-26T10:00:00.000,I 75,I 75 and Jonesboro Rd,,Sideswipe-Same Direction,2,Clear,Dry,Daylight
2022-12-13T18:43:00.000,I 75,I 75 and Jonesboro Rd,,Sideswipe-Same Direction,2,Clear,Dry,Dark-Lighted
2022-11-25T13:49:00.000,I 75,I 75 and Jonesboro Rd,,Rear End,2,Rain,Wet,Daylight
2022-11-29T09:42:00.000,I 75,I 75 and Jonesboro Rd,,Rear End,2,Clear,Dry,Daylight
2022-09-03T13:00:00.000,I 75,I 75 and Jonesboro Rd,,Rear End,2,Clear,Dry,Daylight
2022-04-02T14:46:00.000,I 75,I 75 and Jonesboro Rd,,Rear End,2,Cloudy,Dry,Daylight
2022-12-01T20:49:00.000,I 75,I 75 and Jonesboro Rd,,Rear End,2,Clear,Dry,Dark-Not Lighted
2022-10-06T07:56:00.000,I 75,I 75 and Jonesboro Rd,,Rear End,2,Clear,Dry,Daylight
2022-04-29T15:43:00.000,I 75,I 75 and Jonesboro Rd,,Rear End,2,Clear,Dry,Daylight
2022-11-15T16:03:00.000,I 75,I 75 and Jonesboro Rd,,Rear End,2,Cloudy,Wet,Daylight
2022-05-10T07:44:00.000,I 75,I 75 and Jonesboro Rd,,Rear End,2,Clear,Dry,Daylight
2022-04-06T15:05:00.000,I 75,I 75 and Jonesboro Rd,,Rear End,2,Cloudy,Dry,Daylight
2022-10-19T11:30:00.000,I 75,I 75 and Jonesboro Rd,,Not a Collision with Motor Vehicle,2,Clear,Dry,Daylight
2022-05-13T05:00:00.000,I 75,I 75 and Jonesboro Rd,,Angle Crash,2,Rain,Wet,Dark-Not Lighted
2022-11-05T19:56:00.000,I 75,I 75 and Jonesboro Rd,,Not a Collision with Motor Vehicle,1,Clear,Dry,Dark-Not Lighted
2022-12-11T19:25:00.000,I 75,I 75 and Jonesboro Rd,,Sideswipe-Same Direction,3,Cloudy,Wet,Dark-Not Lighted
2022-02-12T19:28:00.000,I 75,I 75 and Jonesboro Rd,,Sideswipe-Same Direction,2,Clear,Dry,Dark-Not Lighted
2022-12-09T12:45:00.000,I 75,I 75 and Jonesboro Rd,,Rear End,2,Cloudy,Dry,Daylight
2022-09-30T18:49:00.000,I 75,I 75 and Jonesboro Rd,,Rear End,2,Clear,Dry,Dusk
2022-09-21T13:25:00.000,I 75,I 75 and Jonesboro Rd,,Not a Collision with Motor Vehicle,1,Clear,Dry,Daylight
2022-09-09T19:28:00.000,I 75,I 75 and Jonesboro Rd,,Rear End,3,Cloudy,Dry,Dusk
2022-02-25T16:56:00.000,I 75,I 75 and Jonesboro Rd,,Sideswipe-Same Direction,2,Clear,Dry,Daylight
2022-02-12T04:21:00.000,I 75,I 75 and Jonesboro Rd,,Not a Collision with Motor Vehicle,1,Clear,Dry,Dark-Not Lighted
2022-10-21T04:10:00.000,I 75,I 75 and Jonesboro Rd,,Sideswipe-Same Direction,2,Clear,Dry,Dark-Lighted
2022-04-02T18:14:00.000,I 75,I 75 and Jonesboro Rd,,Rear End,2,Clear,Dry,Daylight
2022-03-15T12:23:00.000,I 75,I 75 and Jonesboro Rd,,Not a Collision with Motor Vehicle,1,Cloudy,Dry,Daylight
2022-02-10T17:00:00.000,I 75,I 75 and Jonesboro Rd,,Rear End,2,Clear,Dry,Daylight
2022-05-09T20:12:00.000,I 75,I 75 and Jonesboro Rd,,Rear End,2,Clear,Dry,Daylight
2022-01-18T14:53:00.000,I 75,I 75 and Jonesboro Rd,,Rear End,2,Clear,Dry,Daylight
2022-10-04T14:41:00.000,I 75,I 75 and Jonesboro Rd,,Sideswipe-Same Direction,3,Clear,Dry,Daylight
2022-05-21T11:29:00.000,I 75,I 75 and Jonesboro Rd,,Rear End,2,Clear,Dry,Daylight
2022-06-23T12:26:00.000,I 75,I 75 and Jonesboro Rd,,Rear End,2,Clear,Dry,Daylight
2022-07-02T11:53:00.000,I 75,I 75 and Jonesboro Rd,,Rear End,2,Clear,Dry,Daylight
2022-06-29T08:30:00.000,I 75,I 75 and Jonesboro Rd,,Sideswipe-Same Direction,2,Cloudy,Dry,Daylight
2022-05-06T23:15:00.000,I 75,I 75 and Jonesboro Rd,,Rear End,4,Clear,Dry,Dark-Not Lighted
2022-06-02T18:38:00.000,I 75,I 75 and Jonesboro Rd,,Rear End,2,Rain,Wet,Daylight
2022-04-06T13:05:00.000,I 75,I 75 and Jonesboro Rd,,Sideswipe-Same Direction,2,Cloudy,Dry,Daylight
2022-07-06T17:20:00.000,I 75,I 75 and Jonesboro Rd,,Rear End,2,Clear,Dry,Daylight
2022-05-27T19:42:00.000,I 75,I 75 and Jonesboro Rd,,Rear End,2,Clear,Dry,Daylight
2022-02-01T13:05:00.000,I 75,I 75 and Jonesboro Rd,,Rear End,2,Clear,Dry,Daylight
2022-09-20T13:39:00.000,I 75,I 75 and Jonesboro Rd,,Sideswipe-Same Direction,2,Clear,Dry,Daylight
2022-07-09T18:35:00.000,I 75,I 75 and Jonesboro Rd,,Rear End,2,Cloudy,Dry,Daylight
2022-12-20T18:40:00.000,I 75,I 75 and Jonesboro Rd,,Rear End,3,Rain,Wet,Dark-Not Lighted
2022-02-14T15:53:00.000,I 75,I 75 and Jonesboro Rd,,Rear End,2,Clear,Dry,Daylight
2022-01-28T14:01:00.000,I 75,I 75 and Jonesboro Rd,,Rear End,3,Cloudy,Dry,Daylight
2022-12-06T13:46:00.000,I 75,I 75 and Jonesboro Rd,,Rear End,2,Cloudy,Water (standing or moving),Daylight
2022-10-15T10:47:00.000,I 75,I 75 and Jonesboro Rd,,Rear End,4,Clear,Dry,Daylight
2022-07-06T19:58:00.000,I 75,I 75 and Jonesboro Rd,,Angle Crash,2,Clear,Dry,Dusk
2022-09-03T17:12:00.000,I 75,I 75 and Jonesboro Rd,,Rear End,2,Clear,Dry,Daylight
2022-02-26T12:13:00.000,I 75,I 75 and Jonesboro Rd,,Rear End,2,Cloudy,Dry,Daylight
2022-08-26T19:50:00.000,I 75,I 75 and Jonesboro Rd,,Rear End,2,Clear,Dry,Dusk
2022-03-17T07:09:00.000,I 75,I 75 and Jonesboro Rd,,Not a Collision with Motor Vehicle,1,Fog,Dry,Dawn
2022-05-24T14:55:00.000,I 75,I 75 and Jonesboro Rd,,Rear End,2,Clear,Dry,Daylight
2022-12-26T16:11:00.000,I 75,I 75 and Jonesboro Rd,,Rear End,2,Clear,Dry,Daylight
2022-12-15T19:17:00.000,I 75,I 75 and Jonesboro Rd,,Rear End,2,Clear,Dry,Dark-Not Lighted
2022-07-01T21:33:00.000,I 75,I 75 and Jonesboro Rd,,Rear End,2,Clear,Dry,Dark-Not Lighted
2022-08-30T08:32:00.000,I 75,I 75 and Jonesboro Rd,,Rear End,2,Cloudy,Dry,Daylight
2022-11-18T12:26:00.000,I 75,I 75 and Jonesboro Rd,,Rear End,2,Clear,Dry,Daylight
2022-04-17T10:40:00.000,I 75,I 75 and Jonesboro Rd,,Rear End,2,Clear,Dry,Daylight
2022-06-07T10:23:00.000,I 75,I 75 and Jonesboro Rd,,Rear End,2,Clear,Dry,Daylight
2022-05-08T03:04:00.000,I 75,I 75 and Jonesboro Rd,,Sideswipe-Same Direction,4,Clear,Dry,Dark-Not Lighted
2022-12-17T20:12:00.000,I 75,I 75 and Jonesboro Rd,,Sideswipe-Same Direction,2,Clear,Dry,Dark-Not Lighted
2022-03-03T08:28:00.000,I 75,I 75 and Jonesboro Rd,,Rear End,2,Clear,Dry,Daylight
2022-10-13T07:04:00.000,I 75,I 75 and Jonesboro Rd,,Rear End,2,Rain,Water (standing or moving),Dark-Not Lighted
2022-12-02T17:08:00.000,I 75,I 75 and Jonesboro Rd,,Rear End,2,Clear,Dry,Dark-Not Lighted
2022-04-14T20:15:00.000,I 75,I 75 and Jonesboro Rd,,Rear End,2,Clear,Dry,Daylight
2022-11-20T13:49:00.000,I 75,I 75 and Jonesboro Rd,,Rear End,3,Clear,Dry,Daylight
2022-07-31T19:29:00.000,I 75,I 75 and Jonesboro Rd,,Rear End,2,Clear,Dry,Daylight
2022-05-17T13:04:00.000,I 75,I 75 and Jonesboro Rd,,Rear End,2,Clear,Dry,Daylight
2022-06-10T12:32:00.000,I 75,I 75 and Jonesboro Rd,,Rear End,2,Clear,Dry,Daylight
2022-12-31T14:57:00.000,I 75,I 75 and Jonesboro Rd,,Not a Collision with Motor Vehicle,1,Cloudy,Wet,Daylight
2022-08-19T09:56:00.000,I 75,I 75 and Jonesboro Rd,,Angle Crash,2,Clear,Dry,Daylight
2022-06-18T17:05:00.000,I 75,I 75 and Jonesboro Rd,,Rear End,2,Clear,Dry,Daylight
2022-11-08T09:43:00.000,I 75,I 75 and Jonesboro Rd,,Rear End,2,Clear,Dry,Daylight
2022-07-13T09:09:00.000,I 75,I 75 and Jonesboro Rd,,Rear End,3,Cloudy,Dry,Daylight
2022-11-24T23:05:00.000,I 75,I 75 and Jonesboro Rd,,Sideswipe-Same Direction,2,Rain,Wet,Dark-Lighted
2022-12-26T06:16:00.000,I 75,I 75 and Jonesboro Rd,,Sideswipe-Same Direction,2,Clear,Dry,Dark-Lighted
2022-05-28T22:40:00.000,I 75,I 75 and Jonesboro Rd,,Rear End,2,Clear,Dry,Dark-Lighted
2022-04-13T17:33:00.000,I 75,I 75 and Jonesboro Rd,,Rear End,2,Clear,Dry,Daylight
2022-03-19T11:31:00.000,I 75,I 75 and Jonesboro Rd,,Rear End,3,Clear,Dry,Dark-Lighted
2022-12-27T19:05:00.000,I 75,I 75 and Jonesboro Rd,,Rear End,2,Clear,Dry,Dark-Not Lighted
2022-04-03T16:06:00.000,I 75,I 75 and Jonesboro Rd,,Rear End,2,Clear,Dry,Daylight
2022-10-07T06:40:00.000,I 75,I 75 and Jonesboro Rd,,Rear End,2,Clear,Dry,Dawn
2022-02-15T07:55:00.000,I 75,I 75 and Jonesboro Rd,,Rear End,2,Clear,Dry,Daylight
2022-05-24T17:14:00.000,I 75,I 75 and Jonesboro Rd,,Rear End,2,Clear,Dry,Daylight
2022-01-04T15:06:00.000,I 75,I 75 and Jonesboro Rd,,Rear End,2,Clear,Dry,Daylight
2022-08-21T19:51:00.000,I 75,I 75 and Jonesboro Rd,,Sideswipe-Same Direction,2,Rain,Wet,Dark-Lighted
2022-03-01T16:15:00.000,I 75,I 75 and Jonesboro Rd,,Rear End,2,Clear,Dry,Daylight
2022-05-27T20:22:00.000,I 75,I 75 and Jonesboro Rd,,Sideswipe-Same Direction,2,Clear,Dry,Daylight
2022-02-06T12:20:00.000,I 75,I 75 and Jonesboro Rd,,Rear End,2,Clear,Dry,Daylight
2022-07-26T17:15:00.000,I 75,I 75 and Jonesboro Rd,,Rear End,3,Clear,Dry,Daylight
2021-12-03T02:05:00.000,I 75,I 75 and Jonesboro Rd,,Sideswipe-Same Direction,2,Clear,Dry,Dark-Lighted
2021-08-17T14:45:00.000,I 75,I 75 and Jonesboro Rd,,Rear End,2,Cloudy,Dry,Daylight
2021-07-02T20:55:00.000,I 75,I 75 and Jonesboro Rd,,Sideswipe-Same Direction,2,Clear,Dry,Dark-Lighted
2021-12-19T12:00:00.000,I 75,I 75 and Jonesboro Rd,,Rear End,2,Clear,Dry,Daylight
2021-12-02T08:15:00.000,I 75,I 75 and Jonesboro Rd,,Sideswipe-Same Direction,2,Clear,Dry,Daylight
2021-07-14T00:20:00.000,I 75,I 75 and Jonesboro Rd,,Rear End,2,Clear,Dry,Dark-Lighted
2021-09-18T11:00:00.000,I 75,I 75 and Jonesboro Rd,,Sideswipe-Same Direction,2,Cloudy,Dry,Daylight
2021-10-29T14:50:00.000,I 75,I 75 and Jonesboro Rd,,Rear End,2,Cloudy,Dry,Daylight
2021-12-11T09:07:00.000,I 75,I 75 and Jonesboro Rd,,Rear End,2,Cloudy,Wet,Daylight
2021-11-10T01:41:00.000,I 75,I 75 and Jonesboro Rd,,Rear End,3,Clear,Dry,Dark-Lighted
2022-07-15T23:15:00.000,I 75,I 75 and Jonesboro Rd,,Sideswipe-Same Direction,3,Clear,Dry,Dark-Lighted
2022-04-04T13:15:00.000,I 75,I 75 and Jonesboro Rd,,Rear End,2,Clear,Dry,Daylight
2022-12-26T21:26:00.000,I 75,I 75 and Jonesboro Rd,,Rear End,2,Clear,Dry,Dark-Not Lighted
2022-04-15T11:06:00.000,I 75,I 75 and Jonesboro Rd,,Rear End,2,Clear,Dry,Daylight
2022-03-14T01:15:00.000,I 75,I 75 and Jonesboro Rd,,Sideswipe-Same Direction,2,Clear,Dry,Dark-Lighted
2022-04-05T19:13:00.000,I 75,I 75 and Jonesboro Rd,,Rear End,2,Cloudy,Dry,Daylight
2022-01-01T03:25:00.000,I 75,I 75 and Jonesboro Rd,,Rear End,2,Cloudy,Wet,Dark-Not Lighted
2022-08-24T14:51:00.000,I 75,I 75 and Jonesboro Rd,,Rear End,2,Rain,Wet,Daylight
2022-04-15T07:21:00.000,I 75,I 75 and Jonesboro Rd,,Angle Crash,2,Clear,Dry,Daylight
2022-04-12T22:40:00.000,I 75,I 75 and Jonesboro Rd,,Rear End,2,Clear,Dry,Dark-Lighted
2022-12-04T08:00:00.000,I 75,I 75 and Jonesboro Rd,,Sideswipe-Same Direction,2,Clear,Dry,Daylight
2022-07-10T18:38:00.000,I 75,I 75 and Jonesboro Rd,,Not a Collision with Motor Vehicle,1,Clear,Dry,Daylight
2022-11-17T08:44:00.000,I 75,I 75 and Jonesboro Rd,,Not a Collision with Motor Vehicle,1,Clear,Dry,Daylight
2022-10-07T09:04:00.000,I 75,I 75 and Jonesboro Rd,,Rear End,2,Clear,Dry,Daylight
2022-01-31T18:42:00.000,I 75,I 75 and Jonesboro Rd,,Sideswipe-Same Direction,2,Clear,Dry,Dark-Not Lighted
2022-11-14T13:18:00.000,I 75,I 75 and Jonesboro Rd,,Sideswipe-Same Direction,2,Clear,Dry,Daylight
2022-06-26T21:19:00.000,I 75,I 75 and Jonesboro Rd,,Rear End,2,Clear,Dry,Dark-Not Lighted
2022-09-26T09:32:00.000,I 75,I 75 and Jonesboro Rd,,Rear End,2,Clear,Dry,Daylight
2022-10-25T22:48:00.000,I 75,I 75 and Jonesboro Rd,,Sideswipe-Same Direction,2,Rain,Wet,Dark-Lighted
2022-05-24T18:08:00.000,I 75,I 75 and Jonesboro Rd,,Rear End,2,Clear,Dry,Daylight
2022-08-04T02:30:00.000,I 75,I 75 and Jonesboro Rd,,Sideswipe-Same Direction,2,Cloudy,Wet,Dark-Not Lighted
2022-02-14T17:20:00.000,I 75,I 75 and Jonesboro Rd,,Not a Collision with Motor Vehicle,1,Clear,Dry,Daylight
2022-08-23T07:40:00.000,I 75,I 75 and Jonesboro Rd,,Not a Collision with Motor Vehicle,1,Cloudy,Dry,Daylight
2022-12-09T20:30:00.000,I 75,I 75 and Jonesboro Rd,,Rear End,2,Rain,Wet,Dark-Not Lighted
2022-11-08T18:06:00.000,I 75,I 75 and Jonesboro Rd,,Sideswipe-Same Direction,2,Clear,Dry,Daylight
2022-07-30T02:09:00.000,I 75,I 75 and Jonesboro Rd,,Rear End,2,Cloudy,Wet,Dark-Not Lighted
2022-05-05T14:43:00.000,I 75,I 75 and Jonesboro Rd,,Rear End,2,Clear,Dry,Daylight
2022-01-26T14:35:00.000,I 75,I 75 and Jonesboro Rd,,Sideswipe-Same Direction,2,Clear,Dry,Daylight
2022-12-15T01:07:00.000,I 75,I 75 and Jonesboro Rd,,Not a Collision with Motor Vehicle,1,Rain,Wet,Dark-Lighted
2022-06-20T22:50:00.000,I 75,I 75 and Jonesboro Rd,,Sideswipe-Same Direction,2,Clear,Dry,Dark-Not Lighted
2022-10-04T16:19:00.000,I 75,I 75 and Jonesboro Rd,,Rear End,2,Clear,Dry,Daylight
2022-05-26T19:03:00.000,I 75,I 75 and Jonesboro Rd,,Rear End,2,Clear,Dry,Daylight
2022-02-04T16:53:00.000,I 75,I 75 and Jonesboro Rd,,Rear End,2,Clear,Dry,Daylight
2022-03-03T17:41:00.000,I 75,I 75 and Jonesboro Rd,,Rear End,2,Clear,Dry,Daylight
2022-10-28T10:21:00.000,I 75,I 75 and Jonesboro Rd,,Not a Collision with Motor Vehicle,1,Clear,Dry,Dark-Lighted
2022-02-08T09:57:00.000,I 75,I 75 and Jonesboro Rd,,Rear End,2,Clear,Dry,Daylight
2022-07-17T01:45:00.000,I 75,I 75 and Jonesboro Rd,,Rear End,2,Clear,Dry,Dark-Not Lighted
2022-06-21T17:22:00.000,I 75,I 75 and Jonesboro Rd,,Rear End,2,Clear,Dry,Daylight
2022-05-19T18:12:00.000,I 75,I 75 and Jonesboro Rd,,Rear End,2,Clear,Dry,Daylight
2022-04-09T18:56:00.000,I 75,I 75 and Jonesboro Rd,,Rear End,2,Cloudy,Dry,Daylight
2022-02-23T11:00:00.000,I 75,I 75 and Jonesboro Rd,,Rear End,2,Rain,Wet,Daylight
2022-05-08T04:55:00.000,I 75,I 75 and Jonesboro Rd,,Angle Crash,2,Clear,Dry,Dark-Not Lighted
2022-11-23T06:14:00.000,I 75,I 75 and Jonesboro Rd,,Not a Collision with Motor Vehicle,2,Clear,Dry,Daylight
2022-03-08T18:30:00.000,I 75,I 75 and Jonesboro Rd,,Rear End,2,Rain,Wet,Dark-Not Lighted
2022-11-27T06:59:00.000,I 75,I 75 and Jonesboro Rd,,Head On,1,Rain,Wet,Dark-Not Lighted
2022-07-12T12:37:00.000,I 75,I 75 and Jonesboro Rd,,Not a Collision with Motor Vehicle,1,Cloudy,Dry,Daylight
2022-09-30T15:11:00.000,I 75,I 75 and Jonesboro Rd,,Rear End,2,Clear,Dry,Daylight
2022-03-30T14:52:00.000,I 75,I 75 and Jonesboro Rd,,Rear End,2,Clear,Dry,Daylight
2022-10-29T15:02:00.000,I 75,I 75 and Jonesboro Rd,,Not a Collision with Motor Vehicle,1,Cloudy,Dry,Daylight
2022-02-21T18:56:00.000,I 75,I 75 and Jonesboro Rd,,Rear End,2,Rain,Wet,Dark-Not Lighted
2022-02-19T13:42:00.000,I 75,I 75 and Jonesboro Rd,,Rear End,2,Clear,Dry,Daylight
2022-05-15T19:32:00.000,I 75,I 75 and Jonesboro Rd,,Rear End,2,Cloudy,Dry,Daylight
2022-03-17T08:54:00.000,I 75,I 75 and Jonesboro Rd,,Rear End,2,Fog,Dry,Daylight
2022-02-04T08:18:00.000,I 75,I 75 and Jonesboro Rd,,Rear End,2,Cloudy,Wet,Daylight
2022-08-05T09:32:00.000,I 75,I 75 and Jonesboro Rd,,Rear End,2,Clear,Dry,Daylight
2022-11-23T12:46:00.000,I 75,I 75 and Jonesboro Rd,,Sideswipe-Same Direction,2,Clear,Dry,Daylight
2022-09-28T12:47:00.000,I 75,I 75 and Jonesboro Rd,,Rear End,2,Clear,Dry,Daylight
2022-05-21T16:47:00.000,I 75,I 75 and Jonesboro Rd,,Rear End,3,Clear,Dry,Daylight
2022-08-09T06:55:00.000,I 75,I 75 and Jonesboro Rd,,Rear End,2,Cloudy,Dry,Daylight
2022-08-03T07:29:00.000,I 75,I 75 and Jonesboro Rd,,Rear End,2,Cloudy,Dry,Dusk