Date and Time,Roadway (From Crash Report),Intersection Name (from Crash Report),KABCO Severity,Manner of Collision (Crash Level) ,# of Vehicles per crash ,Weather Conditions (Crash Level),Surface Condition (Crash Level) ,Light Conditions (Crash Level)
2024-04-02T16:43:00.000,I 75,I 75 and John Lewis Freedom Pkwy,,Rear End,2,Clear,Dry,Daylight
2024-10-25T18:08:00.000,I 75,I 75 and John Lewis Freedom Pkwy,,Sideswipe-Same Direction,2,Clear,Dry,Daylight
2023-11-21T14:43:00.000,I 75,I 75 and John Lewis Freedom Parkway Ove,,Sideswipe-Same Direction,2,Rain,Wet,Daylight
2023-11-21T16:42:00.000,I 75,I 75 and John Lewis Freedom Parkway Ove,,Rear End,2,Rain,Dry,Daylight
2023-11-21T14:48:00.000,I 75,I 75 and John Lewis Freedom Opas,,Sideswipe-Same Direction,2,Rain,Wet,Daylight
2022-11-29T07:28:00.000,I 75,I 75 and John Lewis Freedom Internation,,Rear End,2,Clear,Dry,Daylight
2022-02-03T10:45:00.000,I 75,I 75 and John Lewis Freedom,,Rear End,2,Rain,Wet,Daylight
2022-01-11T16:06:00.000,I 75,I 75 and John Lewis Freedom,,Sideswipe-Same Direction,2,Clear,Dry,Daylight
2024-09-03T14:00:00.000,I 75,I 75 and John Lewis Freedom,,Angle Crash,2,Clear,Dry,Daylight
2023-07-03T17:30:00.000,I 75,I 75 and John Freedom Pkwy,,Rear End,2,Clear,Dry,Daylight
2023-10-17T13:40:00.000,I 75,I 75 and John Freedom Pkwy,,Rear End,2,Clear,Dry,Daylight
2023-10-05T13:20:00.000,I 75,I 75 and John Freedom Pkwy,,Sideswipe-Same Direction,2,Clear,Dry,Daylight
2024-07-13T11:46:00.000,I 75,I 75 and Joe Stella Rd,,Rear End,2,Clear,Dry,Daylight
2024-02-05T13:10:00.000,I 75,I 75 and Joe Stella Rd,,Sideswipe-Same Direction,2,Clear,Dry,Daylight
2024-09-12T12:23:00.000,I 75,I 75 and Joe Stella Dr,,Sideswipe-Same Direction,2,Cloudy,Wet,Daylight
2024-05-18T06:59:00.000,I 75,I 75 and Joe Stella Dr,,Not a Collision with Motor Vehicle,1,Cloudy,Dry,Daylight
2024-01-24T09:15:00.000,I 75,I 75 and Joe Stella Dr,,Not a Collision with Motor Vehicle,1,Rain,Wet,Daylight
2024-11-13T15:18:00.000,I 75,I 75 and Joe Stella Dr,,Not a Collision with Motor Vehicle,1,Clear,Dry,Daylight
2024-04-25T05:20:00.000,I 75,I 75 and Joe Stella Dr,,Angle Crash,2,Clear,Dry,Dark-Lighted
2024-12-13T19:01:00.000,I 75,I 75 and Joe Stella Dr,,Rear End,2,Clear,Dry,Dark-Not Lighted
2024-08-03T12:33:00.000,I 75,I 75 and Joe Stella Dr,,Rear End,2,Clear,Dry,Daylight
2021-09-17T23:57:00.000,I 75,I 75 and Jodecord,,Sideswipe-Same Direction,2,Clear,Dry,Dark-Not Lighted
2021-11-15T16:38:00.000,I 75,I 75 and Jodeco Road Exit 222,,Rear End,2,Clear,Dry,Daylight
2022-12-03T13:02:00.000,I 75,I 75 and Jodeco Road Exit 222,,Rear End,2,Rain,Wet,Daylight
2021-09-16T08:12:00.000,I 75,I 75 and Jodeco Rd. Rd,,Rear End,2,Cloudy,Wet,Daylight
2021-11-15T11:34:00.000,I 75,I 75 and Jodeco Rd.,,Rear End,2,Clear,Dry,Daylight
2023-04-08T03:35:00.000,I 75,I 75 and Jodeco Rd.,,Rear End,2,Clear,Dry,Dark-Lighted
2022-04-12T23:59:00.000,I 75,I 75 and Jodeco Rd.,,Sideswipe-Same Direction,2,Clear,Dry,Dark-Lighted
2021-11-22T15:13:00.000,I 75,I 75 and Jodeco Rd.,,Rear End,2,Clear,Dry,Daylight
2021-12-07T16:00:00.000,I 75,I 75 and Jodeco Rd.,,Rear End,2,Clear,Dry,Daylight
2022-01-17T09:10:00.000,I 75,I 75 and Jodeco Rd.,,Not a Collision with Motor Vehicle,1,Cloudy,Dry,Daylight
2022-05-11T13:20:00.000,I 75,I 75 and Jodeco Rd.,,Sideswipe-Same Direction,2,Clear,Dry,Daylight
2022-08-31T12:43:00.000,I 75,I 75 and Jodeco Rd.,,Sideswipe-Same Direction,2,Clear,Dry,Daylight
2022-02-27T20:23:00.000,I 75,I 75 and Jodeco Rd.,,Rear End,2,Rain,Wet,Dark-Lighted
2022-01-07T08:45:00.000,I 75,I 75 and Jodeco Rd.,,Rear End,2,Clear,Dry,Daylight
2022-08-25T14:59:00.000,I 75,I 75 and Jodeco Rd.,,Sideswipe-Same Direction,2,Clear,Dry,Daylight
2022-10-01T15:13:00.000,I 75,I 75 and Jodeco Rd.,,Not a Collision with Motor Vehicle,2,Clear,Dry,Daylight
2024-12-29T17:52:00.000,I 75,I 75 and Jodeco Rd.,,Rear End,2,Clear,Dry,Dark-Not Lighted
2023-08-01T08:24:00.000,I 75,I 75 and Jodeco Rd.,,Rear End,2,Clear,Dry,Daylight
2024-07-31T13:32:00.000,I 75,I 75 and Jodeco Rd.,,Rear End,2,Clear,Dry,Daylight
2022-10-09T12:28:00.000,I 75,I 75 and Jodeco Rd To Flippen,,Rear End,2,Clear,Dry,Daylight
2023-03-10T20:26:00.000,I 75,I 75 and Jodeco Rd Exit 222 N I75,,Sideswipe-Same Direction,2,Clear,Dry,Dark-Not Lighted
2022-07-05T12:04:00.000,I 75,I 75 and Jodeco Rd Exit,,Sideswipe-Same Direction,2,Clear,Dry,Daylight
2024-03-06T10:23:00.000,I 75,I 75 and Jodeco Rd Exit,,Sideswipe-Same Direction,2,Clear,Dry,Daylight
2024-07-05T16:40:00.000,I 75,I 75 and Jodeco Rd 222 Exit,,Angle Crash,2,Clear,Dry,Daylight
2020-02-04T11:40:00.000,I 75,I 75 and Jodeco Rd 222,,Rear End,2,Cloudy,Dry,Daylight
2022-01-12T12:30:00.000,I 75,I 75 and Jodeco Rd 222,,Sideswipe-Same Direction,2,Clear,Dry,Daylight
2021-02-26T09:00:00.000,I 75,I 75 and Jodeco Rd,,Not a Collision with Motor Vehicle,2,Cloudy,Dry,Daylight
2021-04-27T14:45:00.000,I 75,I 75 and Jodeco Rd,,Not a Collision with Motor Vehicle,1,Clear,Dry,Daylight
2021-04-17T12:56:00.000,I 75,I 75 and Jodeco Rd,,Rear End,2,Clear,Dry,Daylight
2021-02-09T21:02:00.000,I 75,I 75 and Jodeco Rd,,Not a Collision with Motor Vehicle,1,Clear,Dry,Dark-Not Lighted
2021-03-06T17:28:00.000,I 75,I 75 and Jodeco Rd,,Sideswipe-Same Direction,2,Clear,Dry,Daylight
2021-01-08T05:52:00.000,I 75,I 75 and Jodeco Rd,,Not a Collision with Motor Vehicle,1,Rain,Wet,Dark-Lighted
2021-06-26T21:27:00.000,I 75,I 75 and Jodeco Rd,,Sideswipe-Same Direction,2,Clear,Dry,Dark-Lighted
2021-01-08T14:00:00.000,I 75,I 75 and Jodeco Rd,,Rear End,2,Rain,Wet,Daylight
2021-07-22T09:33:00.000,I 75,I 75 and Jodeco Rd,,Rear End,2,Cloudy,Dry,Daylight
2021-10-15T09:14:00.000,I 75,I 75 and Jodeco Rd,,Not a Collision with Motor Vehicle,1,Clear,Dry,Daylight
2021-10-15T08:45:00.000,I 75,I 75 and Jodeco Rd,,Not a Collision with Motor Vehicle,1,Clear,Dry,Daylight
2021-12-06T07:37:00.000,I 75,I 75 and Jodeco Rd,,Sideswipe-Same Direction,2,Cloudy,Dry,Daylight
2021-06-26T17:26:00.000,I 75,I 75 and Jodeco Rd,,Sideswipe-Same Direction,2,Clear,Dry,Daylight
2021-03-09T06:20:00.000,I 75,I 75 and Jodeco Rd,,Sideswipe-Same Direction,2,Clear,Dry,Daylight
2021-03-23T15:57:00.000,I 75,I 75 and Jodeco Rd,,Rear End,2,Clear,Dry,Daylight
2021-04-18T19:49:00.000,I 75,I 75 and Jodeco Rd,,Rear End,2,Clear,Dry,Daylight
2021-03-01T16:21:00.000,I 75,I 75 and Jodeco Rd,,Rear End,2,Cloudy,Dry,Daylight
2021-03-05T21:18:00.000,I 75,I 75 and Jodeco Rd,,Sideswipe-Same Direction,2,Clear,Dry,Dark-Not Lighted
2021-04-03T02:05:00.000,I 75,I 75 and Jodeco Rd,,Sideswipe-Same Direction,2,Clear,Dry,Dark-Not Lighted
2021-10-15T08:30:00.000,I 75,I 75 and Jodeco Rd,,Not a Collision with Motor Vehicle,1,Clear,Dry,Daylight
2021-08-01T11:18:00.000,I 75,I 75 and Jodeco Rd,,Rear End,2,Clear,Dry,Daylight
2021-10-22T17:21:00.000,I 75,I 75 and Jodeco Rd,,Rear End,2,Clear,Dry,Daylight
2021-10-16T02:25:00.000,I 75,I 75 and Jodeco Rd,,Not a Collision with Motor Vehicle,1,Clear,Dry,Dark-Not Lighted
2021-10-23T12:16:00.000,I 75,I 75 and Jodeco Rd,,Rear End,2,Clear,Dry,Daylight
2021-08-24T12:17:00.000,I 75,I 75 and Jodeco Rd,,Sideswipe-Same Direction,2,Clear,Dry,Daylight
2021-06-13T18:10:00.000,I 75,I 75 and Jodeco Rd,,Not a Collision with Motor Vehicle,1,Clear,Dry,Daylight
2021-10-10T17:27:00.000,I 75,I 75 and Jodeco Rd,,Rear End,2,Clear,Dry,Daylight
2021-12-16T10:35:00.000,I 75,I 75 and Jodeco Rd,,Rear End,2,Cloudy,Dry,Daylight
2021-08-17T15:09:00.000,I 75,I 75 and Jodeco Rd,,Rear End,2,Cloudy,Wet,Daylight
2021-12-22T16:33:00.000,I 75,I 75 and Jodeco Rd,,Rear End,2,Clear,Dry,Daylight
2021-11-23T09:11:00.000,I 75,I 75 and Jodeco Rd,,Rear End,2,Clear,Dry,Daylight
2021-12-31T14:08:00.000,I 75,I 75 and Jodeco Rd,,Sideswipe-Same Direction,2,Cloudy,Dry,Daylight
2021-02-23T14:18:00.000,I 75,I 75 and Jodeco Rd,,Sideswipe-Same Direction,3,Clear,Dry,Daylight
2021-04-30T21:02:00.000,I 75,I 75 and Jodeco Rd,,Rear End,2,Clear,Dry,Dark-Not Lighted
2021-03-29T07:07:00.000,I 75,I 75 and Jodeco Rd,,Rear End,3,Clear,Dry,Daylight
2021-03-01T06:11:00.000,I 75,I 75 and Jodeco Rd,,Sideswipe-Same Direction,2,Rain,Wet,Dawn
2021-06-04T14:50:00.000,I 75,I 75 and Jodeco Rd,,Not a Collision with Motor Vehicle,1,Clear,Dry,Daylight
2021-12-18T17:51:00.000,I 75,I 75 and Jodeco Rd,,Rear End,2,Rain,Wet,Dark-Lighted
2021-10-25T17:45:00.000,I 75,I 75 and Jodeco Rd,,Rear End,2,Clear,Dry,Daylight
2021-10-30T22:30:00.000,I 75,I 75 and Jodeco Rd,,Not a Collision with Motor Vehicle,1,Clear,Dry,Dark-Not Lighted
2021-11-19T15:06:00.000,I 75,I 75 and Jodeco Rd,,Rear End,2,Clear,Dry,Daylight
2021-10-04T09:40:00.000,I 75,I 75 and Jodeco Rd,,Rear End,2,Rain,Wet,Daylight
2021-11-26T20:43:00.000,I 75,I 75 and Jodeco Rd,,Not a Collision with Motor Vehicle,1,Clear,Dry,Dark-Lighted
2021-07-17T21:40:00.000,I 75,I 75 and Jodeco Rd,,Sideswipe-Same Direction,2,Rain,Wet,Dark-Not Lighted
2021-07-20T16:40:00.000,I 75,I 75 and Jodeco Rd,,Rear End,2,Rain,Water (standing or moving),Daylight
2021-02-10T04:55:00.000,I 75,I 75 and Jodeco Rd,,Rear End,2,Cloudy,Dry,Dark-Not Lighted
2021-04-24T09:00:00.000,I 75,I 75 and Jodeco Rd,,Not a Collision with Motor Vehicle,1,Rain,Wet,Daylight
2021-06-09T17:00:00.000,I 75,I 75 and Jodeco Rd,,Rear End,2,Clear,Dry,Daylight
2021-06-22T15:34:00.000,I 75,I 75 and Jodeco Rd,,Angle Crash,2,Cloudy,Dry,Daylight
2020-02-13T02:55:00.000,I 75,I 75 and Jodeco Rd,,Sideswipe-Same Direction,2,Clear,Wet,Dark-Not Lighted
2020-04-21T11:36:00.000,I 75,I 75 and Jodeco Rd,,Not a Collision with Motor Vehicle,2,Clear,Dry,Daylight
2023-03-14T20:34:00.000,I 75,I 75 and Jodeco Rd,,Not a Collision with Motor Vehicle,2,Clear,Dry,Dark-Lighted
2023-01-02T01:08:00.000,I 75,I 75 and Jodeco Rd,,Not a Collision with Motor Vehicle,1,Fog,Dry,Dark-Not Lighted
2023-04-07T02:35:00.000,I 75,I 75 and Jodeco Rd,,Angle Crash,2,Cloudy,Wet,Dark-Lighted
2023-04-12T13:00:00.000,I 75,I 75 and Jodeco Rd,,Rear End,2,Clear,Dry,Daylight
2023-03-22T06:22:00.000,I 75,I 75 and Jodeco Rd,,Rear End,2,Clear,Dry,Dark-Lighted
2023-01-05T18:53:00.000,I 75,I 75 and Jodeco Rd,,Sideswipe-Same Direction,2,Clear,Dry,Dark-Lighted
2023-12-27T13:27:00.000,I 75,I 75 and Jodeco Rd,,Not a Collision with Motor Vehicle,1,Clear,Dry,Daylight
2023-07-20T17:35:00.000,I 75,I 75 and Jodeco Rd,,Sideswipe-Same Direction,2,Clear,Dry,Daylight
2023-10-11T06:16:00.000,I 75,I 75 and Jodeco Rd,,Rear End,2,Clear,Dry,Dark-Lighted
2023-09-12T18:10:00.000,I 75,I 75 and Jodeco Rd,,Rear End,2,Cloudy,Wet,Daylight
2023-12-05T12:13:00.000,I 75,I 75 and Jodeco Rd,,Sideswipe-Same Direction,2,Clear,Dry,Daylight
2023-09-24T13:20:00.000,I 75,I 75 and Jodeco Rd,,Rear End,2,Clear,Dry,Daylight
2023-07-27T11:05:00.000,I 75,I 75 and Jodeco Rd,,Rear End,2,Clear,Dry,Daylight
2023-11-03T08:10:00.000,I 75,I 75 and Jodeco Rd,,Rear End,2,Clear,Dry,Daylight
2023-03-21T16:00:00.000,I 75,I 75 and Jodeco Rd,,Rear End,2,Clear,Dry,Daylight
2023-05-14T10:10:00.000,I 75,I 75 and Jodeco Rd,,Sideswipe-Same Direction,2,Clear,Dry,Daylight
2023-12-27T20:43:00.000,I 75,I 75 and Jodeco Rd,,Angle Crash,2,Clear,Dry,Dark-Not Lighted
2023-06-04T19:36:00.000,I 75,I 75 and Jodeco Rd,,Rear End,2,Clear,Wet,Daylight
2023-01-10T08:24:00.000,I 75,I 75 and Jodeco Rd,,Rear End,2,Clear,Dry,Daylight
2023-06-06T13:39:00.000,I 75,I 75 and Jodeco Rd,,Rear End,2,Clear,Dry,Daylight
2023-06-14T14:30:00.000,I 75,I 75 and Jodeco Rd,,Rear End,2,Cloudy,Wet,Daylight
2023-08-27T23:50:00.000,I 75,I 75 and Jodeco Rd,,Not a Collision with Motor Vehicle,1,Rain,Wet,Dark-Not Lighted
2023-12-30T08:58:00.000,I 75,I 75 and Jodeco Rd,,Not a Collision with Motor Vehicle,1,Clear,Dry,Daylight
2023-10-28T04:01:00.000,I 75,I 75 and Jodeco Rd,,Sideswipe-Opposite Direction,2,Clear,Dry,Dark-Not Lighted
2023-11-16T08:52:00.000,I 75,I 75 and Jodeco Rd,,Sideswipe-Same Direction,2,Cloudy,Dry,Daylight
2023-05-05T10:06:00.000,I 75,I 75 and Jodeco Rd,,Sideswipe-Same Direction,2,Clear,Dry,Daylight
2023-04-04T00:21:00.000,I 75,I 75 and Jodeco Rd,,Sideswipe-Same Direction,2,Rain,Wet,Dark-Not Lighted
2023-01-03T18:21:00.000,I 75,I 75 and Jodeco Rd,,Angle Crash,2,Cloudy,Wet,Dark-Not Lighted
2023-09-04T11:01:00.000,I 75,I 75 and Jodeco Rd,,Rear End,2,Clear,Dry,Daylight
2023-10-20T21:16:00.000,I 75,I 75 and Jodeco Rd,,Rear End,2,Clear,Dry,Dark-Not Lighted
2023-02-06T14:40:00.000,I 75,I 75 and Jodeco Rd,,Rear End,2,Clear,Dry,Daylight
2023-04-10T04:04:00.000,I 75,I 75 and Jodeco Rd,,Rear End,2,Clear,Dry,Dark-Not Lighted
2023-09-11T15:48:00.000,I 75,I 75 and Jodeco Rd,,Sideswipe-Same Direction,2,Clear,Dry,Daylight
2023-09-26T20:32:00.000,I 75,I 75 and Jodeco Rd,,Sideswipe-Same Direction,2,Clear,Dry,Dark-Lighted
2023-09-29T09:39:00.000,I 75,I 75 and Jodeco Rd,,Sideswipe-Same Direction,2,Clear,Dry,Daylight
2023-11-16T19:43:00.000,I 75,I 75 and Jodeco Rd,,Rear End,2,Clear,Dry,Dark-Not Lighted
2023-02-09T20:50:00.000,I 75,I 75 and Jodeco Rd,,Rear End,2,Cloudy,Dry,Dark-Not Lighted
2023-04-10T22:22:00.000,I 75,I 75 and Jodeco Rd,,Rear End,2,Clear,Dry,Dark-Lighted
2023-08-01T07:52:00.000,I 75,I 75 and Jodeco Rd,,Sideswipe-Same Direction,2,Clear,Dry,Daylight
2023-09-05T05:54:00.000,I 75,I 75 and Jodeco Rd,,Sideswipe-Same Direction,2,Clear,Dry,Dark-Lighted
2023-05-30T16:02:00.000,I 75,I 75 and Jodeco Rd,,Sideswipe-Same Direction,2,Clear,Dry,Daylight
2023-06-25T13:15:00.000,I 75,I 75 and Jodeco Rd,,Rear End,2,Clear,Dry,Daylight
2023-07-17T07:00:00.000,I 75,I 75 and Jodeco Rd,,Not a Collision with Motor Vehicle,1,Cloudy,Dry,Daylight
2023-08-19T13:43:00.000,I 75,I 75 and Jodeco Rd,,Rear End,2,Clear,Dry,Daylight
2023-04-08T10:40:00.000,I 75,I 75 and Jodeco Rd,,Not a Collision with Motor Vehicle,1,Rain,Wet,Daylight
2023-02-14T12:55:00.000,I 75,I 75 and Jodeco Rd,,Rear End,2,Clear,Dry,Daylight
2023-08-07T17:27:00.000,I 75,I 75 and Jodeco Rd,,Rear End,2,Cloudy,Dry,Daylight
2023-09-22T04:24:00.000,I 75,I 75 and Jodeco Rd,,Not a Collision with Motor Vehicle,1,Clear,Dry,Dark-Not Lighted
2023-01-16T09:47:00.000,I 75,I 75 and Jodeco Rd,,Angle Crash,3,Clear,Dry,Daylight
2023-06-05T17:25:00.000,I 75,I 75 and Jodeco Rd,,Rear End,2,Clear,Dry,Daylight
2022-04-05T09:33:00.000,I 75,I 75 and Jodeco Rd,,Rear End,2,Rain,Wet,Daylight
2022-10-10T23:05:00.000,I 75,I 75 and Jodeco Rd,,Sideswipe-Same Direction,2,Clear,Dry,Dark-Not Lighted
2022-03-29T17:56:00.000,I 75,I 75 and Jodeco Rd,,Rear End,2,Clear,Dry,Daylight
2023-05-11T22:30:00.000,I 75,I 75 and Jodeco Rd,,Not a Collision with Motor Vehicle,1,Cloudy,Dry,Dark-Not Lighted
2023-11-15T11:24:00.000,I 75,I 75 and Jodeco Rd,,Rear End,2,Clear,Dry,Daylight
2022-12-15T11:24:00.000,I 75,I 75 and Jodeco Rd,,Rear End,2,Clear,Dry,Daylight
2020-09-25T20:30:00.000,I 75,I 75 and Jodeco Rd,,Not a Collision with Motor Vehicle,1,Clear,Wet,Dark-Lighted
2020-06-15T15:39:00.000,I 75,I 75 and Jodeco Rd,,Rear End,2,Cloudy,Dry,Daylight
2020-08-28T12:58:00.000,I 75,I 75 and Jodeco Rd,,Not a Collision with Motor Vehicle,2,Clear,Dry,Daylight
2020-10-21T17:20:00.000,I 75,I 75 and Jodeco Rd,,Sideswipe-Same Direction,2,Clear,Dry,Daylight
2020-11-10T16:49:00.000,I 75,I 75 and Jodeco Rd,,Rear End,2,Cloudy,Dry,Daylight
2020-07-16T22:30:00.000,I 75,I 75 and Jodeco Rd,,Not a Collision with Motor Vehicle,1,Clear,Dry,Dark-Lighted
2020-07-06T16:50:00.000,I 75,I 75 and Jodeco Rd,,Sideswipe-Same Direction,2,Rain,Wet,Daylight
2020-12-31T20:13:00.000,I 75,I 75 and Jodeco Rd,,Not a Collision with Motor Vehicle,1,Cloudy,Wet,Dark-Not Lighted
2020-02-12T13:37:00.000,I 75,I 75 and Jodeco Rd,,Angle Crash,2,Cloudy,Dry,Daylight
2020-08-08T11:11:00.000,I 75,I 75 and Jodeco Rd,,Not a Collision with Motor Vehicle,2,Clear,Dry,Daylight
2020-12-29T09:50:00.000,I 75,I 75 and Jodeco Rd,,Rear End,2,Clear,Dry,Daylight
2020-10-28T13:27:00.000,I 75,I 75 and Jodeco Rd,,Not a Collision with Motor Vehicle,2,Cloudy,Dry,Daylight
2020-10-22T23:40:00.000,I 75,I 75 and Jodeco Rd,,Not a Collision with Motor Vehicle,1,Other,Dry,Dark-Not Lighted
2020-01-07T23:04:00.000,I 75,I 75 and Jodeco Rd,,Not a Collision with Motor Vehicle,1,Clear,Dry,Dark-Lighted
2020-06-29T15:43:00.000,I 75,I 75 and Jodeco Rd,,Rear End,2,Clear,Dry,Daylight
2020-04-28T12:20:00.000,I 75,I 75 and Jodeco Rd,,Not a Collision with Motor Vehicle,1,Clear,Dry,Daylight
2020-05-07T16:42:00.000,I 75,I 75 and Jodeco Rd,,Rear End,2,Clear,Dry,Daylight
2020-06-29T07:43:00.000,I 75,I 75 and Jodeco Rd,,Sideswipe-Same Direction,2,Clear,Dry,Daylight
2020-11-12T19:03:00.000,I 75,I 75 and Jodeco Rd,,Sideswipe-Same Direction,2,Clear,Dry,Dark-Not Lighted
2020-12-23T12:31:00.000,I 75,I 75 and Jodeco Rd,,Rear End,2,Clear,Dry,Daylight
2020-07-13T14:26:00.000,I 75,I 75 and Jodeco Rd,,Not a Collision with Motor Vehicle,1,Clear,Dry,Daylight
2020-07-30T21:00:00.000,I 75,I 75 and Jodeco Rd,,Sideswipe-Same Direction,2,Clear,Dry,Daylight
2020-04-07T18:54:00.000,I 75,I 75 and Jodeco Rd,,Sideswipe-Same Direction,2,Cloudy,Wet,Daylight
2020-04-22T14:43:00.000,I 75,I 75 and Jodeco Rd,,Not a Collision with Motor Vehicle,2,Cloudy,Dry,Daylight
2020-06-10T15:14:00.000,I 75,I 75 and Jodeco Rd,,Rear End,2,Cloudy,Dry,Daylight
2020-08-24T10:25:00.000,I 75,I 75 and Jodeco Rd,,Rear End,2,Cloudy,Wet,Daylight
2020-09-10T20:37:00.000,I 75,I 75 and Jodeco Rd,,Rear End,2,Clear,Dry,Dark-Not Lighted
2020-11-06T16:57:00.000,I 75,I 75 and Jodeco Rd,,Rear End,2,Clear,Dry,Dark-Not Lighted
2020-12-11T12:18:00.000,I 75,I 75 and Jodeco Rd,,Rear End,2,Clear,Dry,Daylight
2020-03-03T16:25:00.000,I 75,I 75 and Jodeco Rd,,Sideswipe-Same Direction,2,Cloudy,Dry,Daylight
2020-07-31T14:32:00.000,I 75,I 75 and Jodeco Rd,,Sideswipe-Same Direction,2,Cloudy,Dry,Daylight
2020-04-01T11:15:00.000,I 75,I 75 and Jodeco Rd,,Not a Collision with Motor Vehicle,1,Clear,Dry,Daylight
2020-11-22T14:40:00.000,I 75,I 75 and Jodeco Rd,,Sideswipe-Same Direction,2,Clear,Dry,Dark-Not Lighted
2020-11-27T21:16:00.000,I 75,I 75 and Jodeco Rd,,Not a Collision with Motor Vehicle,1,Clear,Dry,Daylight
2020-09-13T07:57:00.000,I 75,I 75 and Jodeco Rd,,Sideswipe-Same Direction,2,Cloudy,Dry,Daylight
2020-11-18T07:00:00.000,I 75,I 75 and Jodeco Rd,,Not a Collision with Motor Vehicle,2,Clear,Dry,Daylight
2020-05-22T07:13:00.000,I 75,I 75 and Jodeco Rd,,Rear End,2,Rain,Wet,Daylight
2020-10-17T19:00:00.000,I 75,I 75 and Jodeco Rd,,Rear End,5,Clear,Dry,Daylight
2020-02-12T05:46:00.000,I 75,I 75 and Jodeco Rd,,Sideswipe-Same Direction,2,Cloudy,Water (standing or moving),Dark-Lighted
2020-09-25T08:51:00.000,I 75,I 75 and Jodeco Rd,,Sideswipe-Same Direction,2,Cloudy,Dry,Daylight
2020-08-17T18:36:00.000,I 75,I 75 and Jodeco Rd,,Rear End,2,Cloudy,Dry,Daylight
2020-12-23T14:44:00.000,I 75,I 75 and Jodeco Rd,,Rear End,2,Clear,Dry,Daylight
2020-04-16T15:19:00.000,I 75,I 75 and Jodeco Rd,,Rear End,2,Clear,Dry,Daylight
2020-01-03T16:36:00.000,I 75,I 75 and Jodeco Rd,,Sideswipe-Same Direction,2,Cloudy,Wet,Daylight
2020-10-31T19:37:00.000,I 75,I 75 and Jodeco Rd,,Not a Collision with Motor Vehicle,1,Clear,Dry,Dark-Lighted
2020-12-21T23:17:00.000,I 75,I 75 and Jodeco Rd,,Angle Crash,2,Clear,Dry,Dark-Not Lighted
2020-01-31T14:00:00.000,I 75,I 75 and Jodeco Rd,,Rear End,3,Rain,Wet,Daylight
2020-11-25T13:24:00.000,I 75,I 75 and Jodeco Rd,,Rear End,2,Clear,Dry,Daylight
2020-12-18T01:54:00.000,I 75,I 75 and Jodeco Rd,,Sideswipe-Same Direction,2,Clear,Dry,Dark-Lighted
2020-07-30T14:08:00.000,I 75,I 75 and Jodeco Rd,,Rear End,2,Cloudy,Dry,Daylight
2020-12-06T16:00:00.000,I 75,I 75 and Jodeco Rd,,Rear End,2,Clear,Dry,Daylight
2021-04-05T11:07:00.000,I 75,I 75 and Jodeco Rd,,Sideswipe-Same Direction,2,Clear,Dry,Daylight
2021-05-15T15:13:00.000,I 75,I 75 and Jodeco Rd,,Sideswipe-Same Direction,2,Cloudy,Dry,Daylight
2021-04-23T18:05:00.000,I 75,I 75 and Jodeco Rd,,Sideswipe-Same Direction,2,Clear,Dry,Daylight
2021-03-29T18:27:00.000,I 75,I 75 and Jodeco Rd,,Rear End,2,Clear,Dry,Daylight
2021-02-19T21:45:00.000,I 75,I 75 and Jodeco Rd,,Sideswipe-Same Direction,2,Clear,Dry,Dark-Lighted
2021-04-04T19:26:00.000,I 75,I 75 and Jodeco Rd,,Not a Collision with Motor Vehicle,1,Clear,Dry,Dusk
2021-05-02T12:17:00.000,I 75,I 75 and Jodeco Rd,,Rear End,2,Clear,Dry,Daylight
2021-04-05T14:29:00.000,I 75,I 75 and Jodeco Rd,,Rear End,2,Clear,Dry,Daylight
2021-02-19T20:27:00.000,I 75,I 75 and Jodeco Rd,,Rear End,3,Clear,Dry,Dark-Not Lighted
2021-05-02T15:45:00.000,I 75,I 75 and Jodeco Rd,,Rear End,3,Clear,Dry,Daylight
2021-02-28T17:54:00.000,I 75,I 75 and Jodeco Rd,,Rear End,2,Cloudy,Dry,Daylight
2021-05-31T15:29:00.000,I 75,I 75 and Jodeco Rd,,Sideswipe-Same Direction,2,Clear,Dry,Daylight
2021-02-09T00:37:00.000,I 75,I 75 and Jodeco Rd,,Rear End,2,Clear,Dry,Dark-Lighted
2021-11-02T17:29:00.000,I 75,I 75 and Jodeco Rd,,Rear End,2,Clear,Dry,Daylight
2021-10-21T21:14:00.000,I 75,I 75 and Jodeco Rd,,Not a Collision with Motor Vehicle,1,Clear,Dry,Dark-Not Lighted
2021-08-09T11:51:00.000,I 75,I 75 and Jodeco Rd,,Rear End,2,Clear,Dry,Daylight
2021-09-19T21:20:00.000,I 75,I 75 and Jodeco Rd,,Sideswipe-Same Direction,3,Rain,Wet,Dark-Not Lighted
2021-10-08T15:51:00.000,I 75,I 75 and Jodeco Rd,,Rear End,5,Clear,Dry,Daylight
2021-10-31T21:55:00.000,I 75,I 75 and Jodeco Rd,,Sideswipe-Same Direction,2,Clear,Dry,Dark-Not Lighted
2021-10-22T14:43:00.000,I 75,I 75 and Jodeco Rd,,Sideswipe-Opposite Direction,2,Clear,Dry,Daylight
2021-09-27T16:42:00.000,I 75,I 75 and Jodeco Rd,,Angle Crash,2,Clear,Dry,Daylight
2021-11-16T08:11:00.000,I 75,I 75 and Jodeco Rd,,Rear End,2,Clear,Dry,Daylight
2021-12-14T17:50:00.000,I 75,I 75 and Jodeco Rd,,Rear End,3,Clear,Dry,Dark-Lighted
2021-10-25T17:00:00.000,I 75,I 75 and Jodeco Rd,,Rear End,2,Clear,Dry,Daylight
2021-07-28T14:03:00.000,I 75,I 75 and Jodeco Rd,,Not a Collision with Motor Vehicle,1,Clear,Dry,Daylight
2021-10-25T23:05:00.000,I 75,I 75 and Jodeco Rd,,Sideswipe-Same Direction,2,Clear,Dry,Dark-Lighted
2021-08-08T18:30:00.000,I 75,I 75 and Jodeco Rd,,Rear End,2,Clear,Dry,Daylight
2021-09-03T14:30:00.000,I 75,I 75 and Jodeco Rd,,Rear End,2,Clear,Dry,Daylight