Date and Time,Roadway (From Crash Report),Intersection Name (from Crash Report),KABCO Severity,Manner of Collision (Crash Level) ,# of Vehicles per crash ,Weather Conditions (Crash Level),Surface Condition (Crash Level) ,Light Conditions (Crash Level)
2024-02-13T06:11:00.000,I 75,I 75 and Jodeco Rd,,Sideswipe-Same Direction,2,Clear,Dry,Dark-Lighted
2024-10-11T12:06:00.000,I 75,I 75 and Jodeco Rd,,Rear End,2,Clear,Dry,Dark-Lighted
2024-03-21T20:35:00.000,I 75,I 75 and Jodeco Rd,,Rear End,2,Clear,Dry,Dark-Not Lighted
2024-09-13T16:45:00.000,I 75,I 75 and Jodeco Rd,,Angle Crash,2,Clear,Dry,Daylight
2024-03-06T13:15:00.000,I 75,I 75 and Jodeco Rd,,Rear End,3,Cloudy,Dry,Daylight
2024-07-26T06:11:00.000,I 75,I 75 and Jodeco Rd,,Rear End,2,Clear,Dry,Dark-Not Lighted
2024-11-01T06:46:00.000,I 75,I 75 and Jodeco Rd,,Rear End,3,Clear,Dry,Dawn
2024-10-19T16:39:00.000,I 75,I 75 and Jodeco Rd,,Sideswipe-Same Direction,2,Clear,Dry,Daylight
2024-11-25T15:45:00.000,I 75,I 75 and Jodeco Rd,,Sideswipe-Same Direction,2,Clear,Dry,Daylight
2024-08-02T17:46:00.000,I 75,I 75 and Jodeco Rd,,Rear End,2,Cloudy,Dry,Daylight
2024-01-21T21:17:00.000,I 75,I 75 and Jodeco Rd,,Rear End,2,Clear,Dry,Dark-Not Lighted
2024-10-07T08:20:00.000,I 75,I 75 and Jodeco Rd,,Rear End,2,Clear,Dry,Daylight
2024-04-15T16:26:00.000,I 75,I 75 and Jodeco Rd,,Rear End,2,Clear,Dry,Daylight
2024-06-23T19:13:00.000,I 75,I 75 and Jodeco Rd,,Rear End,2,Cloudy,Dry,Daylight
2024-08-30T16:02:00.000,I 75,I 75 and Jodeco Rd,,Rear End,2,Clear,Dry,Daylight
2024-07-31T07:30:00.000,I 75,I 75 and Jodeco Rd,,Sideswipe-Same Direction,2,Cloudy,Dry,Daylight
2024-09-21T13:54:00.000,I 75,I 75 and Jodeco Rd,,Angle Crash,3,Clear,Dry,Daylight
2024-08-06T12:50:00.000,I 75,I 75 and Jodeco Rd,,Sideswipe-Same Direction,2,Cloudy,Dry,Daylight
2024-11-16T21:48:00.000,I 75,I 75 and Jodeco Rd,,Rear End,2,Clear,Dry,Daylight
2024-05-07T07:52:00.000,I 75,I 75 and Jodeco Rd,,Rear End,2,Cloudy,Dry,Daylight
2024-01-24T08:24:00.000,I 75,I 75 and Jodeco Rd,,Rear End,2,Rain,Dry,Daylight
2024-12-05T12:54:00.000,I 75,I 75 and Jodeco Rd,,Sideswipe-Same Direction,2,Clear,Dry,Daylight
2024-01-15T12:07:00.000,I 75,I 75 and Jodeco Rd,,Rear End,2,Clear,Dry,Daylight
2024-05-14T13:00:00.000,I 75,I 75 and Jodeco Rd,,Rear End,2,Cloudy,Wet,Daylight
2024-05-31T19:08:00.000,I 75,I 75 and Jodeco Rd,,Sideswipe-Same Direction,2,Clear,Dry,Daylight
2024-12-08T18:25:00.000,I 75,I 75 and Jodeco Rd,,Rear End,2,Cloudy,Dry,Dark-Lighted
2024-09-15T18:59:00.000,I 75,I 75 and Jodeco Rd,,Not a Collision with Motor Vehicle,2,Cloudy,Dry,Daylight
2024-12-04T16:50:00.000,I 75,I 75 and Jodeco Rd,,Sideswipe-Same Direction,2,Clear,Dry,Dusk
2024-03-21T15:47:00.000,I 75,I 75 and Jodeco Rd,,Sideswipe-Same Direction,2,Clear,Dry,Daylight
2024-12-30T21:28:00.000,I 75,I 75 and Jodeco Rd,,Sideswipe-Same Direction,2,Clear,Dry,Dark-Lighted
2024-01-26T11:25:00.000,I 75,I 75 and Jodeco Rd,,Sideswipe-Same Direction,2,Cloudy,Wet,Daylight
2024-02-14T06:45:00.000,I 75,I 75 and Jodeco Rd,,Rear End,2,Clear,Dry,Dark-Not Lighted
2024-01-18T10:29:00.000,I 75,I 75 and Jodeco Rd,,Sideswipe-Same Direction,2,Clear,Dry,Daylight
2024-11-07T11:50:00.000,I 75,I 75 and Jodeco Rd,,Rear End,2,Clear,Dry,Daylight
2024-05-23T17:27:00.000,I 75,I 75 and Jodeco Rd,,Rear End,2,Cloudy,Dry,Daylight
2024-09-19T19:35:00.000,I 75,I 75 and Jodeco Rd,,Rear End,2,Clear,Dry,Dawn
2024-01-08T09:40:00.000,I 75,I 75 and Jodeco Rd,,Rear End,2,Cloudy,Dry,Daylight
2024-11-12T13:01:00.000,I 75,I 75 and Jodeco Rd,,Rear End,2,Clear,Dry,Daylight
2021-11-25T03:46:00.000,I 75,I 75 and Jodeco,,Not a Collision with Motor Vehicle,1,Clear,Dry,Dark-Lighted
2020-09-23T11:40:00.000,I 75,I 75 and Jodeco,,Angle Crash,2,Clear,Dry,Daylight
2024-12-14T12:53:00.000,I 75,I 75 and Jodeco,,Sideswipe-Same Direction,2,Clear,Dry,Daylight
2024-08-20T05:38:00.000,I 75,I 75 and Jodeco,,Rear End,2,Clear,Dry,Dark-Lighted
2024-08-12T11:27:00.000,I 75,I 75 and Jodeco,,Angle Crash,2,Clear,Dry,Daylight
2023-09-14T18:40:00.000,I 75,I 75 and Jessie Hl,,Rear End,2,Rain,Wet,Daylight
2024-12-17T17:15:00.000,I 75,I 75 and Jessie Hill Jr Dr,,Rear End,2,Clear,Dry,Daylight
2023-03-03T13:34:00.000,I 75,I 75 and Jessie Hill Dr,,Rear End,2,Clear,Dry,Daylight
2024-09-26T15:30:00.000,I 75,I 75 and Jessie Hill Dr,,Rear End,2,Rain,Wet,Daylight
2022-01-25T13:42:00.000,I 75,I 75 and Jesse Hl,,Sideswipe-Same Direction,2,Clear,Dry,Daylight
2022-03-29T16:51:00.000,I 75,I 75 and Jesse Hl,,Sideswipe-Same Direction,2,Clear,Dry,Daylight
2024-04-25T06:00:00.000,I 75,I 75 and Jesse Hl,,Sideswipe-Same Direction,2,Clear,Dry,Dark-Not Lighted
2024-11-26T14:53:00.000,I 75,I 75 and Jesse Hl,,Sideswipe-Same Direction,2,Clear,Dry,Daylight
2023-06-23T09:14:00.000,I 75,I 75 and Jesse Hill Jr. Dr,,Sideswipe-Same Direction,2,Cloudy,Dry,Daylight
2022-06-03T18:42:00.000,I 75,I 75 and Jesse Hill Jr Dr,,Rear End,2,Clear,Dry,Daylight
2023-10-31T08:34:00.000,I 75,I 75 and Jesse Hill Dr,,Sideswipe-Same Direction,2,Cloudy,Dry,Daylight
2023-10-30T16:20:00.000,I 75,I 75 and Jesse Hill Dr,,Sideswipe-Same Direction,3,Clear,Dry,Daylight
2020-08-25T14:00:00.000,I 75,I 75 and Jesse Hill Dr,,Sideswipe-Same Direction,2,Rain,Wet,Daylight
2021-11-09T13:42:00.000,I 75,I 75 and Jesse Hill Dr,,Sideswipe-Same Direction,2,Clear,Dry,Daylight
2024-11-11T18:10:00.000,I 75,I 75 and Jesse Hill Dr,,Rear End,2,Clear,Dry,Dark-Not Lighted
2023-12-14T18:31:00.000,I 75,I 75 and Jesse Hill Dr,,Rear End,2,Clear,Dry,Dark-Lighted
2023-09-14T13:15:00.000,I 75,I 75 and Jesse Hill Dr,,Rear End,2,Rain,Wet,Daylight
2024-01-24T16:00:00.000,I 75,I 75 and Jesse Hill Dr,,Not a Collision with Motor Vehicle,1,Cloudy,Wet,Daylight
2024-09-27T14:50:00.000,I 75,I 75 and Jesse Hill Dr,,Rear End,2,Cloudy,Wet,Daylight
2024-05-20T15:39:00.000,I 75,I 75 and Jesse Hill Dr,,Rear End,3,Clear,Dry,Daylight
2022-06-11T18:39:00.000,I 75,I 75 and Jennifer Dr Opas,,Not a Collision with Motor Vehicle,1,Cloudy,Dry,Daylight
2023-09-13T17:32:00.000,I 75,I 75 and Jennifer Dr,,Not a Collision with Motor Vehicle,1,Rain,Wet,Daylight
2023-12-26T08:51:00.000,I 75,I 75 and Jennifer Dr,,Rear End,2,Clear,Dry,Daylight
2024-07-28T17:21:00.000,I 75,I 75 and Jennifer Dr,,Angle Crash,2,Rain,Wet,Daylight
2021-06-13T12:33:00.000,I 75,I 75 and Jenkinsburg Road Opas,,Sideswipe-Same Direction,2,Clear,Dry,Daylight
2023-12-26T12:25:00.000,I 75,I 75 and Jenkinsburg Rd Opas,,Rear End,2,Clear,Dry,Daylight
2023-04-09T15:30:00.000,I 75,I 75 and Jenkinsburg Rd Opas,,Rear End,2,Clear,Dry,Daylight
2024-05-23T09:13:00.000,I 75,I 75 and Jenkinsburg Rd Opas,,Not a Collision with Motor Vehicle,1,Clear,Dry,Daylight
2021-06-19T11:57:00.000,I 75,I 75 and Jenkinsburg Rd,,Rear End,2,Rain,Wet,Daylight
2021-08-14T09:31:00.000,I 75,I 75 and Jenkinsburg Rd,,Rear End,2,Clear,Dry,Daylight
2020-01-25T20:45:00.000,I 75,I 75 and Jenkinsburg Rd,,Sideswipe-Same Direction,2,Clear,Dry,Dark-Not Lighted
2021-04-04T10:45:00.000,I 75,I 75 and Jenkinsburg Rd,,Rear End,2,Clear,Dry,Daylight
2024-02-02T16:20:00.000,I 75,I 75 and Jenkinsburg Rd,,Sideswipe-Same Direction,2,Clear,Dry,Daylight
2024-08-07T15:04:00.000,I 75,I 75 and Jenkinsburg Rd,,Sideswipe-Same Direction,2,Clear,Dry,Daylight
2023-11-14T11:06:00.000,I 75,I 75 and J L Freedom Pkwy,,Rear End,2,Cloudy,Dry,Daylight
2020-09-25T22:31:00.000,I 75,I 75 and Ivan Allen Junior Blvd,,Rear End,2,Clear,Dry,Dark-Lighted
2021-05-18T13:50:00.000,I 75,I 75 and Ivan Allen Jr Blvd,,Rear End,2,Cloudy,Dry,Daylight
2021-05-18T13:50:00.000,I 75,I 75 and Ivan Allen Jr Blvd,,Rear End,2,Cloudy,Dry,Daylight
2022-01-10T14:50:00.000,I 75,I 75 and Irwin St,,Rear End,2,Clear,Dry,Daylight
2022-02-14T16:56:00.000,I 75,I 75 and Irwin St,,Sideswipe-Same Direction,2,Clear,Dry,Daylight
2022-01-20T06:03:00.000,I 75,I 75 and Irwin St,,Rear End,2,Rain,Wet,Dark-Lighted
2022-01-20T06:03:00.000,I 75,I 75 and Irwin St,,Sideswipe-Same Direction,2,Rain,Wet,Dark-Lighted
2022-08-09T12:40:00.000,I 75,I 75 and Irwin St,,Sideswipe-Same Direction,2,Clear,Dry,Daylight
2022-08-06T13:15:00.000,I 75,I 75 and Irwin St,,Rear End,2,Clear,Dry,Daylight
2022-01-10T15:55:00.000,I 75,I 75 and Irwin St,,Rear End,4,Clear,Dry,Daylight
2024-05-10T11:56:00.000,I 75,I 75 and Irwin St,,Sideswipe-Same Direction,2,Clear,Dry,Daylight
2023-08-01T09:58:00.000,I 75,I 75 and Irwin St,,Angle Crash,2,Cloudy,Dry,Daylight
2024-01-15T18:30:00.000,I 75,I 75 and Irwin St,,Sideswipe-Same Direction,2,Clear,Dry,Dark-Lighted
2024-03-04T17:30:00.000,I 75,I 75 and Irwin St,,Sideswipe-Same Direction,2,Clear,Dry,Daylight
2024-07-23T09:50:00.000,I 75,I 75 and Irwin St,,Rear End,2,Clear,Dry,Daylight
2024-08-20T19:30:00.000,I 75,I 75 and Irwin St,,Sideswipe-Same Direction,2,Clear,Dry,Daylight
2024-11-05T16:10:00.000,I 75,I 75 and Irwin St,,Rear End,2,Clear,Dry,Daylight
2022-06-25T23:41:00.000,I 75,I 75 and Interstate75 64,,Sideswipe-Same Direction,3,Cloudy,Dry,Dark-Lighted
2023-03-24T01:30:00.000,I 75,I 75 and Interstate75 64,,Head On,1,Clear,Dry,Dark-Lighted
2023-09-19T23:30:00.000,I 75,I 75 and Interstate- 75 212 Exit,,Not a Collision with Motor Vehicle,1,Clear,Dry,Dark-Lighted
2023-04-01T17:20:00.000,I 75,I 75 and Intersrtate 75 Exit,,Sideswipe-Same Direction,2,Clear,Dry,Daylight
2022-09-16T06:56:00.000,I 75,I 75 and Internatonal Pkwy,,Sideswipe-Same Direction,2,Clear,Dry,Daylight
2021-09-23T11:51:00.000,I 75,I 75 and International Pkwy,,Sideswipe-Same Direction,2,Clear,Dry,Daylight
2021-11-07T19:36:00.000,I 75,I 75 and International Pkwy,,Rear End,2,Clear,Dry,Dawn
2021-08-09T05:32:00.000,I 75,I 75 and International Pkwy,,Rear End,2,Clear,Dry,Dark-Not Lighted
2021-03-25T20:25:00.000,I 75,I 75 and International Pkwy,,Angle Crash,2,Clear,Dry,Dark-Not Lighted
2020-03-21T01:10:00.000,I 75,I 75 and International Pkwy,,Sideswipe-Same Direction,2,Rain,Wet,Dark-Not Lighted
2020-08-25T11:40:00.000,I 75,I 75 and International Pkwy,,Sideswipe-Same Direction,4,Cloudy,Wet,Daylight
2020-05-07T15:10:00.000,I 75,I 75 and International Pkwy,,Sideswipe-Same Direction,2,Clear,Dry,Daylight
2020-02-03T15:40:00.000,I 75,I 75 and International Pkwy,,Sideswipe-Same Direction,2,Clear,Dry,Daylight
2021-01-22T07:20:00.000,I 75,I 75 and International Pkwy,,Not a Collision with Motor Vehicle,1,Clear,Wet,Daylight
2021-05-16T20:26:00.000,I 75,I 75 and International Pkwy,,Not a Collision with Motor Vehicle,1,Clear,Dry,Dark-Not Lighted
2021-10-07T08:45:00.000,I 75,I 75 and International Pkwy,,Not a Collision with Motor Vehicle,1,Cloudy,Wet,Daylight
2021-10-08T23:21:00.000,I 75,I 75 and International Pkwy,,Rear End,2,Clear,Dry,Dark-Not Lighted
2022-03-10T14:00:00.000,I 75,I 75 and International Pkwy,,Sideswipe-Same Direction,2,Clear,Dry,Daylight
2022-05-09T19:57:00.000,I 75,I 75 and International Pkwy,,Not a Collision with Motor Vehicle,1,Clear,Dry,Daylight
2022-01-28T18:45:00.000,I 75,I 75 and International Pkwy,,Not a Collision with Motor Vehicle,2,Clear,Dry,Dark-Lighted
2021-08-10T08:29:00.000,I 75,I 75 and International Pkwy,,Not a Collision with Motor Vehicle,2,Clear,Dry,Daylight
2022-12-01T09:00:00.000,I 75,I 75 and International Pkwy,,Not a Collision with Motor Vehicle,1,Clear,Dry,Daylight
2023-04-14T14:35:00.000,I 75,I 75 and International Blvd,,Rear End,2,Cloudy,Wet,Daylight
2020-01-15T01:41:00.000,I 75,I 75 and International,,Not a Collision with Motor Vehicle,1,Cloudy,Wet,Dark-Not Lighted
2021-05-27T12:44:00.000,I 75,I 75 and Int 75 Rp,,Sideswipe-Same Direction,2,Clear,Dry,Daylight
2021-06-28T15:50:00.000,I 75,I 75 and Insterstate 16,,Rear End,3,Clear,Dry,Daylight
2022-06-13T15:04:00.000,I 75,I 75 and Inside Shoulder Of I75 Mm 100,,Sideswipe-Same Direction,2,Clear,Dry,Daylight
2022-04-30T14:20:00.000,I 75,I 75 and Inidian Creek Rd,,Rear End,2,Clear,Dry,Daylight
2024-10-15T12:00:00.000,I 75,I 75 and Inhaha Rd,,Angle Crash,2,Clear,Dry,Daylight
2023-10-25T15:57:00.000,I 75,I 75 and Industrial Blvd,,Rear End,2,Clear,Dry,Daylight
2021-07-03T16:26:00.000,I 75,I 75 and Indian Crk,,Rear End,3,Cloudy,Dry,Daylight
2021-07-02T12:56:00.000,I 75,I 75 and Indian Crk,,Rear End,2,Rain,Wet,Daylight
2022-05-26T14:30:00.000,I 75,I 75 and Indian Crk,,Rear End,2,Cloudy,Wet,Daylight
2021-03-31T16:30:00.000,I 75,I 75 and Indian Creek Road Brg,,Rear End,2,Rain,Wet,Daylight
2023-05-01T22:53:00.000,I 75,I 75 and Indian Creek Rd Brg,,Sideswipe-Same Direction,2,Clear,Dry,Dark-Not Lighted
2021-10-05T07:51:00.000,I 75,I 75 and Indian Creek Rd,,Not a Collision with Motor Vehicle,1,Rain,Wet,Daylight
2021-06-19T16:07:00.000,I 75,I 75 and Indian Creek Rd,,Rear End,2,Rain,Wet,Daylight
2021-11-26T13:00:00.000,I 75,I 75 and Indian Creek Rd,,Not a Collision with Motor Vehicle,2,Clear,Dry,Daylight
2021-11-23T17:20:00.000,I 75,I 75 and Indian Creek Rd,,Sideswipe-Same Direction,2,Clear,Dry,Dark-Lighted
2021-07-26T20:18:00.000,I 75,I 75 and Indian Creek Rd,,Not a Collision with Motor Vehicle,1,Clear,Dry,Daylight
2021-12-17T13:35:00.000,I 75,I 75 and Indian Creek Rd,,Rear End,2,Cloudy,Dry,Daylight
2021-11-22T08:09:00.000,I 75,I 75 and Indian Creek Rd,,Not a Collision with Motor Vehicle,2,Cloudy,Wet,Daylight
2020-02-27T11:00:00.000,I 75,I 75 and Indian Creek Rd,,Rear End,2,Clear,Dry,Daylight
2023-03-26T07:36:00.000,I 75,I 75 and Indian Creek Rd,,Not a Collision with Motor Vehicle,1,Rain,Wet,Daylight
2023-10-01T05:02:00.000,I 75,I 75 and Indian Creek Rd,,Not a Collision with Motor Vehicle,1,Clear,Dry,Dark-Not Lighted
2023-02-24T18:06:00.000,I 75,I 75 and Indian Creek Rd,,Rear End,2,Rain,Wet,Dark-Not Lighted
2023-02-01T07:15:00.000,I 75,I 75 and Indian Creek Rd,,Rear End,2,Rain,Wet,Dawn
2022-03-04T16:20:00.000,I 75,I 75 and Indian Creek Rd,,Rear End,3,Clear,Dry,Daylight
2023-05-27T03:42:00.000,I 75,I 75 and Indian Creek Rd,,Not a Collision with Motor Vehicle,1,Clear,Dry,Dark-Not Lighted
2020-01-03T19:15:00.000,I 75,I 75 and Indian Creek Rd,,Rear End,2,Rain,Wet,Dark-Not Lighted
2020-08-10T07:28:00.000,I 75,I 75 and Indian Creek Rd,,Rear End,2,Cloudy,Wet,Daylight
2020-05-15T09:43:00.000,I 75,I 75 and Indian Creek Rd,,Not a Collision with Motor Vehicle,1,Cloudy,Dry,Daylight
2020-04-10T13:46:00.000,I 75,I 75 and Indian Creek Rd,,Not a Collision with Motor Vehicle,1,Clear,Dry,Daylight
2020-03-20T15:50:00.000,I 75,I 75 and Indian Creek Rd,,Rear End,2,Clear,Dry,Daylight
2020-12-16T22:15:00.000,I 75,I 75 and Indian Creek Rd,,Rear End,2,Rain,Wet,Dark-Not Lighted
2020-04-25T15:14:00.000,I 75,I 75 and Indian Creek Rd,,Not a Collision with Motor Vehicle,1,Clear,Dry,Daylight
2020-04-10T15:20:00.000,I 75,I 75 and Indian Creek Rd,,Sideswipe-Same Direction,2,Clear,Dry,Daylight
2020-09-04T14:00:00.000,I 75,I 75 and Indian Creek Rd,,Rear End,4,Clear,Dry,Daylight
2020-11-19T11:49:00.000,I 75,I 75 and Indian Creek Rd,,Not a Collision with Motor Vehicle,2,Clear,Dry,Daylight
2020-09-29T14:45:00.000,I 75,I 75 and Indian Creek Rd,,Angle Crash,2,Rain,Wet,Daylight
2021-03-19T17:30:00.000,I 75,I 75 and Indian Creek Rd,,Rear End,2,Clear,Dry,Daylight
2021-05-12T09:30:00.000,I 75,I 75 and Indian Creek Rd,,Sideswipe-Opposite Direction,2,Rain,Wet,Daylight
2021-01-01T16:00:00.000,I 75,I 75 and Indian Creek Rd,,Rear End,2,Rain,Wet,Daylight
2021-07-27T21:08:00.000,I 75,I 75 and Indian Creek Rd,,Rear End,2,Rain,Wet,Dark-Not Lighted
2021-07-02T11:57:00.000,I 75,I 75 and Indian Creek Rd,,Rear End,2,Rain,Wet,Daylight
2021-07-02T11:32:00.000,I 75,I 75 and Indian Creek Rd,,Rear End,2,Rain,Wet,Daylight
2021-12-27T14:32:00.000,I 75,I 75 and Indian Creek Rd,,Rear End,2,Cloudy,Dry,Daylight
2021-07-22T16:20:00.000,I 75,I 75 and Indian Creek Rd,,Rear End,2,Clear,Dry,Daylight
2021-07-22T16:20:00.000,I 75,I 75 and Indian Creek Rd,,Rear End,2,Clear,Dry,Daylight
2021-12-28T13:15:00.000,I 75,I 75 and Indian Creek Rd,,Not a Collision with Motor Vehicle,1,Cloudy,Dry,Daylight
2022-05-05T13:21:00.000,I 75,I 75 and Indian Creek Rd,,Not a Collision with Motor Vehicle,2,Clear,Dry,Daylight
2022-02-25T17:02:00.000,I 75,I 75 and Indian Creek Rd,,Rear End,2,Clear,Dry,Daylight
2022-11-19T10:39:00.000,I 75,I 75 and Indian Creek Rd,,Rear End,4,Clear,Dry,Daylight
2022-05-11T18:00:00.000,I 75,I 75 and Indian Creek Rd,,Not a Collision with Motor Vehicle,1,Clear,Dry,Daylight
2022-04-15T15:16:00.000,I 75,I 75 and Indian Creek Rd,,Rear End,2,Clear,Dry,Daylight
2023-12-30T16:57:00.000,I 75,I 75 and Indian Creek Rd,,Rear End,3,Clear,Dry,Daylight
2024-09-01T14:12:00.000,I 75,I 75 and Indian Creek Rd,,Sideswipe-Same Direction,2,Clear,Dry,Daylight
2024-03-30T15:03:00.000,I 75,I 75 and Indian Creek Rd,,Not a Collision with Motor Vehicle,1,Clear,Dry,Daylight
2024-11-09T06:26:00.000,I 75,I 75 and Indian Creek Rd,,Sideswipe-Opposite Direction,2,Fog,Dry,Dark-Lighted
2023-03-07T05:35:00.000,I 75,I 75 and Indian Creek Rd,,Sideswipe-Same Direction,2,Clear,Dry,Dark-Lighted
2024-03-17T17:50:00.000,I 75,I 75 and Indian Creek Rd,,Rear End,2,Rain,Wet,Daylight
2023-02-17T17:59:00.000,I 75,I 75 and Indian Creek Rd,,Angle Crash,2,Clear,Dry,Dusk
2023-06-07T22:07:00.000,I 75,I 75 and Indian Creek Rd,,Sideswipe-Same Direction,2,Clear,Dry,Dark-Not Lighted
2023-05-19T16:25:00.000,I 75,I 75 and Indian Creek Rd,,Rear End,3,Clear,Dry,Daylight
2024-06-29T15:09:00.000,I 75,I 75 and Indian Creek Rd,,Angle Crash,3,Cloudy,Dry,Daylight
2024-11-25T15:16:00.000,I 75,I 75 and Indian Creek Rd,,Rear End,2,Clear,Dry,Daylight
2024-04-04T13:21:00.000,I 75,I 75 and Indian Creek Rd,,Rear End,2,Clear,Dry,Daylight
2024-05-09T10:49:00.000,I 75,I 75 and Indian Creek Rd,,Sideswipe-Same Direction,2,Cloudy,Wet,Daylight
2020-10-16T17:20:00.000,I 75,I 75 and Indian Creek Opas,,Rear End,2,Clear,Dry,Daylight
2024-12-13T22:22:00.000,I 75,I 75 and Indian Creek Brg,,Sideswipe-Opposite Direction,2,Clear,Dry,Dark-Lighted
2024-08-20T06:28:00.000,I 75,I 75 and Indian Creek Brg,,Sideswipe-Same Direction,2,Clear,Dry,Dark-Not Lighted
2022-05-03T14:22:00.000,I 75,I 75 and Indian Cree Rd,,Not a Collision with Motor Vehicle,1,Clear,Dry,Daylight
2021-04-10T17:05:00.000,I 75,I 75 and Inaha Road Exit Rp,,Not a Collision with Motor Vehicle,1,Cloudy,Dry,Daylight
2021-06-19T18:52:00.000,I 75,I 75 and Inaha Rd,,Not a Collision with Motor Vehicle,1,Rain,Wet,Daylight
2021-04-01T01:42:00.000,I 75,I 75 and Inaha Rd,,Not a Collision with Motor Vehicle,1,Rain,Wet,Dark-Not Lighted
2021-11-20T12:08:00.000,I 75,I 75 and Inaha Rd,,Not a Collision with Motor Vehicle,1,Clear,Dry,Daylight
2021-09-04T22:30:00.000,I 75,I 75 and Inaha Rd,,Not a Collision with Motor Vehicle,1,Clear,Dry,Dark-Not Lighted
2023-08-21T07:05:00.000,I 75,I 75 and Inaha Rd,,Sideswipe-Same Direction,2,Clear,Dry,Daylight
2023-12-16T10:20:00.000,I 75,I 75 and Inaha Rd,,Angle Crash,2,Clear,Dry,Daylight
2020-01-01T14:23:00.000,I 75,I 75 and Inaha Rd,,Sideswipe-Same Direction,2,Clear,Dry,Daylight
2020-07-15T14:40:00.000,I 75,I 75 and Inaha Rd,,Sideswipe-Same Direction,2,Clear,Dry,Daylight
2020-01-17T13:00:00.000,I 75,I 75 and Inaha Rd,,Sideswipe-Same Direction,1,Clear,Dry,Daylight
2020-11-18T20:37:00.000,I 75,I 75 and Inaha Rd,,Sideswipe-Same Direction,2,Clear,Dry,Dark-Not Lighted
2020-09-07T13:05:00.000,I 75,I 75 and Inaha Rd,,Not a Collision with Motor Vehicle,1,Clear,Dry,Daylight
2020-04-24T17:57:00.000,I 75,I 75 and Inaha Rd,,Angle Crash,2,Clear,Dry,Daylight
2021-12-02T07:21:00.000,I 75,I 75 and Inaha Rd,,Not a Collision with Motor Vehicle,1,Clear,Dry,Daylight
2021-08-15T12:50:00.000,I 75,I 75 and Inaha Rd,,Not a Collision with Motor Vehicle,2,Cloudy,Dry,Daylight
2021-12-06T16:57:00.000,I 75,I 75 and Inaha Rd,,Angle Crash,2,Cloudy,Dry,Daylight
2022-01-30T19:58:00.000,I 75,I 75 and Inaha Rd,,Rear End,3,Clear,Dry,Dark-Not Lighted
2022-03-08T12:14:00.000,I 75,I 75 and Inaha Rd,,Sideswipe-Same Direction,2,Clear,Dry,Daylight
2021-07-12T16:15:00.000,I 75,I 75 and Inaha Rd,,Sideswipe-Same Direction,2,Rain,Wet,Daylight
2021-09-15T01:22:00.000,I 75,I 75 and Inaha Rd,,Rear End,2,Clear,Dry,Dark-Not Lighted
2021-11-05T16:10:00.000,I 75,I 75 and Inaha Rd,,Sideswipe-Same Direction,2,Cloudy,Dry,Daylight
2022-08-29T13:29:00.000,I 75,I 75 and Inaha Rd,,Not a Collision with Motor Vehicle,1,Clear,Dry,Daylight
2022-02-18T13:30:00.000,I 75,I 75 and Inaha Rd,,Not a Collision with Motor Vehicle,1,Clear,Dry,Daylight
2024-12-29T12:15:00.000,I 75,I 75 and Inaha Rd,,Not a Collision with Motor Vehicle,1,Cloudy,Dry,Daylight
2024-12-05T15:10:00.000,I 75,I 75 and Inaha Rd,,Angle Crash,2,Clear,Dry,Daylight
2024-12-27T14:30:00.000,I 75,I 75 and Inaha Rd,,Sideswipe-Same Direction,2,Cloudy,Wet,Daylight
2024-07-08T07:05:00.000,I 75,I 75 and Inaha Rd,,Not a Collision with Motor Vehicle,1,Clear,Dry,Daylight
2024-02-23T14:05:00.000,I 75,I 75 and Inaha Rd,,Not a Collision with Motor Vehicle,2,Clear,Dry,Daylight
2023-09-20T06:44:00.000,I 75,I 75 and Inaha Rd,,Not a Collision with Motor Vehicle,1,Clear,Dry,Daylight
2023-09-03T18:04:00.000,I 75,I 75 and Inaha Rd,,Sideswipe-Same Direction,2,Clear,Dry,Daylight
2024-09-15T10:10:00.000,I 75,I 75 and Inaha Rd,,Sideswipe-Same Direction,2,Rain,Wet,Daylight
2024-09-06T14:15:00.000,I 75,I 75 and Inaha Rd,,Rear End,2,Rain,Wet,Daylight
2024-04-08T11:25:00.000,I 75,I 75 and Inaha Rd,,Rear End,2,Clear,Dry,Daylight
2024-08-03T18:50:00.000,I 75,I 75 and Inaha Rd,,Rear End,2,Clear,Dry,Daylight
2024-09-13T22:36:00.000,I 75,I 75 and Inaha Rd,,Sideswipe-Same Direction,2,Cloudy,Wet,Dark-Not Lighted
2024-11-02T20:15:00.000,I 75,I 75 and Inaha Rd,,Rear End,2,Clear,Dry,Dark-Not Lighted
2024-11-02T09:45:00.000,I 75,I 75 and Inaha Rd,,Not a Collision with Motor Vehicle,1,Clear,Dry,Daylight
2024-11-25T17:10:00.000,I 75,I 75 and Inaha Rd,,Sideswipe-Same Direction,2,Clear,Dry,Daylight
2021-12-31T00:23:00.000,I 75,I 75 and Inaha,,Not a Collision with Motor Vehicle,1,Rain,Wet,Dark-Not Lighted
2021-03-08T21:43:00.000,I 75,I 75 and In The Weigh Station Mile Mark,,Angle Crash,2,Clear,Dry,Dark-Not Lighted
2021-04-28T14:32:00.000,I 85,I 75 and I 85,,Rear End,2,Cloudy,Dry,Daylight
2021-04-02T10:04:00.000,I 85,I 75 and I 85,,Not a Collision with Motor Vehicle,1,Clear,Dry,Daylight