Date and Time,Roadway (From Crash Report),Intersection Name (from Crash Report),KABCO Severity,Manner of Collision (Crash Level) ,# of Vehicles per crash ,Weather Conditions (Crash Level),Surface Condition (Crash Level) ,Light Conditions (Crash Level)
2021-01-30T17:46:00.000,I 85,I 75 and I 85,,Sideswipe-Same Direction,4,Clear,Dry,Daylight
2021-05-14T16:15:00.000,I 85,I 75 and I 85,,Sideswipe-Same Direction,2,Clear,Dry,Daylight
2021-01-19T10:35:00.000,I 85,I 75 and I 85,,Sideswipe-Same Direction,2,Clear,Dry,Daylight
2021-04-15T11:45:00.000,I 85,I 75 and I 85,,Sideswipe-Same Direction,2,Clear,Dry,Daylight
2021-11-04T11:12:00.000,I 85,I 75 and I 85,,Rear End,3,Rain,Wet,Daylight
2021-07-20T08:30:00.000,I 85,I 75 and I 85,,Rear End,2,Cloudy,Wet,Daylight
2021-09-20T08:57:00.000,I 85,I 75 and I 85,,Rear End,2,Rain,Wet,Daylight
2021-01-27T18:35:00.000,I 85,I 75 and I 85,,Rear End,3,Rain,Wet,Dark-Lighted
2021-01-14T22:27:00.000,I 85,I 75 and I 85,,Not a Collision with Motor Vehicle,1,Clear,Dry,Dark-Lighted
2021-05-17T10:15:00.000,I 85,I 75 and I 85,,Sideswipe-Same Direction,3,Clear,Dry,Daylight
2021-05-26T11:12:00.000,I 85,I 75 and I 85,,Not a Collision with Motor Vehicle,1,Clear,Dry,Daylight
2021-06-07T14:57:00.000,I 85,I 75 and I 85,,Sideswipe-Same Direction,2,Clear,Dry,Daylight
2021-01-24T21:11:00.000,I 85,I 75 and I 85,,Rear End,4,Rain,Wet,Dark-Lighted
2021-01-08T16:58:00.000,I 85,I 75 and I 85,,Rear End,2,Cloudy,Wet,Daylight
2021-04-02T16:55:00.000,I 85,I 75 and I 85,,Sideswipe-Same Direction,2,Clear,Dry,Daylight
2021-01-21T22:46:00.000,I 85,I 75 and I 85,,Sideswipe-Same Direction,2,Clear,Dry,Dark-Lighted
2021-01-21T07:40:00.000,I 85,I 75 and I 85,,Rear End,2,Rain,Wet,Daylight
2021-04-16T16:10:00.000,I 85,I 75 and I 85,,Rear End,2,Clear,Dry,Daylight
2021-01-09T10:03:00.000,I 85,I 75 and I 85,,Sideswipe-Same Direction,2,Cloudy,Dry,Daylight
2021-01-06T20:07:00.000,I 85,I 75 and I 85,,Sideswipe-Same Direction,2,Clear,Dry,Daylight
2021-04-29T14:50:00.000,I 85,I 75 and I 85,,Rear End,2,Clear,Dry,Daylight
2021-11-22T16:50:00.000,I 85,I 75 and I 85,,Rear End,2,Clear,Dry,Daylight
2021-09-16T12:50:00.000,I 85,I 75 and I 85,,Rear End,2,Cloudy,Wet,Daylight
2021-10-08T14:40:00.000,I 85,I 75 and I 85,,Rear End,3,Clear,Dry,Daylight
2021-12-24T21:45:00.000,I 85,I 75 and I 85,,Not a Collision with Motor Vehicle,1,Clear,Dry,Dark-Not Lighted
2021-09-09T07:03:00.000,I 85,I 75 and I 85,,Rear End,2,Cloudy,Dry,Daylight
2021-08-11T13:30:00.000,I 85,I 75 and I 85,,Sideswipe-Same Direction,2,Cloudy,Dry,Daylight
2021-09-09T07:03:00.000,I 85,I 75 and I 85,,Rear End,4,Cloudy,Dry,Dark-Not Lighted
2021-12-21T13:33:00.000,I 85,I 75 and I 85,,Rear End,2,Cloudy,Wet,Daylight
2021-07-05T00:30:00.000,I 85,I 75 and I 85,,Rear End,3,Clear,Dry,Dark-Lighted
2021-10-08T14:40:00.000,I 85,I 75 and I 85,,Rear End,2,Clear,Dry,Daylight
2021-05-20T13:10:00.000,I 85,I 75 and I 85,,Rear End,3,Clear,Dry,Daylight
2021-06-16T11:48:00.000,I 85,I 75 and I 85,,Rear End,2,Clear,Dry,Daylight
2020-11-03T15:45:00.000,I 85,I 75 and I 85,,Rear End,2,Clear,Dry,Daylight
2020-01-14T12:40:00.000,I 85,I 75 and I 85,,Rear End,2,Rain,Wet,Daylight
2020-02-25T01:19:00.000,I 85,I 75 and I 85,,Sideswipe-Same Direction,2,Rain,Wet,Dark-Lighted
2020-01-21T18:15:00.000,I 85,I 75 and I 85,,Rear End,2,Clear,Dry,Dark-Lighted
2020-01-18T15:26:00.000,I 85,I 75 and I 85,,Rear End,3,Cloudy,Wet,Daylight
2020-11-29T19:11:00.000,I 85,I 75 and I 85,,Angle Crash,3,Rain,Wet,Dark-Lighted
2020-03-06T22:02:00.000,I 85,I 75 and I 85,,Rear End,2,Clear,Dry,Dark-Lighted
2020-01-30T18:06:00.000,I 85,I 75 and I 85,,Rear End,2,Clear,Dry,Dark-Lighted
2023-05-05T08:00:00.000,I 85,I 75 and I 85,,Sideswipe-Same Direction,2,Cloudy,Dry,Daylight
2023-06-22T14:45:00.000,I 85,I 75 and I 85,,Rear End,2,Cloudy,Dry,Daylight
2023-07-10T13:30:00.000,I 85,I 75 and I 85,,Rear End,2,Clear,Dry,Daylight
2023-06-28T17:18:00.000,I 85,I 75 and I 85,,Rear End,2,Clear,Dry,Daylight
2023-06-01T11:56:00.000,I 85,I 75 and I 85,,Sideswipe-Same Direction,2,Cloudy,Dry,Daylight
2023-05-18T18:54:00.000,I 85,I 75 and I 85,,Sideswipe-Same Direction,2,Clear,Dry,Daylight
2023-06-19T06:40:00.000,I 85,I 75 and I 85,,Rear End,2,Rain,Wet,Daylight
2023-05-26T22:00:00.000,I 85,I 75 and I 85,,Rear End,2,Clear,Dry,Dark-Lighted
2023-10-19T08:11:00.000,I 85,I 75 and I 85,,Rear End,2,Cloudy,Dry,Daylight
2023-05-22T17:08:00.000,I 85,I 75 and I 85,,Rear End,2,Clear,Dry,Daylight
2023-03-20T17:10:00.000,I 85,I 75 and I 85,,Rear End,2,Clear,Dry,Daylight
2023-10-09T11:40:00.000,I 85,I 75 and I 85,,Rear End,2,Clear,Dry,Daylight
2023-04-07T11:24:00.000,I 85,I 75 and I 85,,Rear End,2,Cloudy,Dry,Daylight
2023-03-03T19:05:00.000,I 85,I 75 and I 85,,Rear End,2,Rain,Wet,Dark-Not Lighted
2023-06-28T08:15:00.000,I 85,I 75 and I 85,,Rear End,2,Clear,Dry,Daylight
2023-01-16T13:59:00.000,I 85,I 75 and I 85,,Rear End,2,Clear,Dry,Daylight
2023-10-31T18:40:00.000,I 85,I 75 and I 85,,Rear End,2,Clear,Dry,Dark-Not Lighted
2023-03-09T01:46:00.000,I 85,I 75 and I 85,,Rear End,2,Rain,Wet,Dark-Lighted
2023-03-13T08:00:00.000,I 85,I 75 and I 85,,Sideswipe-Same Direction,2,Clear,Dry,Daylight
2023-06-12T06:49:00.000,I 85,I 75 and I 85,,Rear End,2,Clear,Wet,Daylight
2023-05-12T17:50:00.000,I 85,I 75 and I 85,,Sideswipe-Same Direction,2,Cloudy,Dry,Daylight
2023-09-25T18:45:00.000,I 85,I 75 and I 85,,Rear End,2,Clear,Dry,Daylight
2023-09-14T07:05:00.000,I 85,I 75 and I 85,,Rear End,2,Clear,Dry,Daylight
2023-01-12T10:23:00.000,I 85,I 75 and I 85,,Rear End,3,Clear,Dry,Daylight
2023-05-14T00:00:00.000,I 85,I 75 and I 85,,Sideswipe-Same Direction,2,Cloudy,Dry,Dark-Lighted
2023-05-08T15:46:00.000,I 85,I 75 and I 85,,Rear End,2,Cloudy,Dry,Daylight
2023-04-27T17:35:00.000,I 85,I 75 and I 85,,Rear End,3,Cloudy,Wet,Daylight
2022-08-16T08:40:00.000,I 85,I 75 and I 85,,Rear End,2,Clear,Dry,Daylight
2022-03-11T07:45:00.000,I 85,I 75 and I 85,,Sideswipe-Same Direction,2,Cloudy,Dry,Daylight
2022-11-22T19:45:00.000,I 85,I 75 and I 85,,Rear End,3,Cloudy,Dry,Dusk
2021-12-08T14:28:00.000,I 85,I 75 and I 85,,Rear End,3,Clear,Wet,Daylight
2020-03-15T13:37:00.000,I 85,I 75 and I 85,,Sideswipe-Same Direction,2,Clear,Dry,Daylight
2020-10-17T15:04:00.000,I 85,I 75 and I 85,,Sideswipe-Same Direction,3,Clear,Dry,Daylight
2020-02-16T13:42:00.000,I 85,I 75 and I 85,,Rear End,2,Cloudy,Wet,Daylight
2020-08-19T16:54:00.000,I 85,I 75 and I 85,,Rear End,2,Clear,Dry,Daylight
2020-12-07T06:36:00.000,I 85,I 75 and I 85,,Sideswipe-Same Direction,2,Clear,Dry,Dark-Lighted
2020-10-28T07:17:00.000,I 85,I 75 and I 85,,Rear End,4,Rain,Wet,Dark-Lighted
2020-01-11T12:14:00.000,I 85,I 75 and I 85,,Sideswipe-Same Direction,2,Clear,Wet,Daylight
2020-09-30T16:10:00.000,I 85,I 75 and I 85,,Rear End,2,Clear,Dry,Daylight
2020-12-31T18:00:00.000,I 85,I 75 and I 85,,Rear End,2,Rain,Wet,Dark-Lighted
2020-02-29T17:48:00.000,I 85,I 75 and I 85,,Rear End,2,Cloudy,Dry,Dark-Lighted
2020-02-19T19:15:00.000,I 85,I 75 and I 85,,Rear End,2,Clear,Dry,Dark-Lighted
2020-12-13T23:06:00.000,I 85,I 75 and I 85,,Angle Crash,5,Rain,Wet,Dark-Lighted
2020-01-14T13:55:00.000,I 85,I 75 and I 85,,Rear End,2,Rain,Wet,Daylight
2020-05-28T07:59:00.000,I 85,I 75 and I 85,,Rear End,2,Cloudy,Wet,Daylight
2020-09-04T11:50:00.000,I 85,I 75 and I 85,,Rear End,2,Clear,Dry,Daylight
2020-01-10T22:45:00.000,I 85,I 75 and I 85,,Rear End,2,Clear,Dry,Dark-Lighted
2020-06-23T16:19:00.000,I 85,I 75 and I 85,,Rear End,2,Cloudy,Dry,Daylight
2020-10-25T12:57:00.000,I 85,I 75 and I 85,,Rear End,2,Cloudy,Dry,Daylight
2020-08-03T23:18:00.000,I 85,I 75 and I 85,,Head On,2,Clear,Dry,Daylight
2020-06-23T16:18:00.000,I 85,I 75 and I 85,,Rear End,2,Cloudy,Dry,Daylight
2020-05-29T15:30:00.000,I 85,I 75 and I 85,,Sideswipe-Same Direction,2,Clear,Dry,Daylight
2020-07-31T14:19:00.000,I 85,I 75 and I 85,,Rear End,2,Clear,Dry,Daylight
2020-02-26T14:35:00.000,I 85,I 75 and I 85,,Rear End,2,Cloudy,Dry,Daylight
2020-05-07T13:37:00.000,I 85,I 75 and I 85,,Sideswipe-Same Direction,2,Clear,Dry,Daylight
2020-10-24T19:37:00.000,I 85,I 75 and I 85,,Rear End,3,Rain,Wet,Dark-Lighted
2020-06-05T11:36:00.000,I 85,I 75 and I 85,,Rear End,2,Rain,Wet,Daylight
2020-01-31T11:45:00.000,I 85,I 75 and I 85,,Rear End,2,Rain,Wet,Daylight
2020-05-07T18:34:00.000,I 85,I 75 and I 85,,Sideswipe-Same Direction,2,Clear,Dry,Daylight
2020-01-27T16:38:00.000,I 85,I 75 and I 85,,Rear End,2,Clear,Dry,Daylight
2020-08-23T03:24:00.000,I 85,I 75 and I 85,,Angle Crash,2,Clear,Dry,Dark-Lighted
2020-02-10T13:00:00.000,I 85,I 75 and I 85,,Rear End,2,Rain,Wet,Daylight
2020-07-16T17:50:00.000,I 85,I 75 and I 85,,Rear End,3,Clear,Dry,Daylight
2020-02-18T08:08:00.000,I 85,I 75 and I 85,,Rear End,2,Rain,Wet,Daylight
2020-12-14T13:15:00.000,I 85,I 75 and I 85,,Sideswipe-Same Direction,2,Clear,Dry,Daylight
2020-06-05T12:40:00.000,I 85,I 75 and I 85,,Rear End,3,Clear,Wet,Daylight
2020-01-17T15:55:00.000,I 85,I 75 and I 85,,Rear End,2,Clear,Dry,Daylight
2020-01-27T17:10:00.000,I 85,I 75 and I 85,,Rear End,2,Clear,Dry,Daylight
2020-05-22T06:56:00.000,I 85,I 75 and I 85,,Angle Crash,2,Clear,Wet,Daylight
2020-05-18T18:54:00.000,I 85,I 75 and I 85,,Rear End,2,Rain,Wet,Daylight
2020-09-02T10:26:00.000,I 85,I 75 and I 85,,Rear End,2,Clear,Dry,Daylight
2020-10-04T19:16:00.000,I 85,I 75 and I 85,,Not a Collision with Motor Vehicle,1,Clear,Dry,Dark-Lighted
2020-02-09T15:12:00.000,I 85,I 75 and I 85,,Rear End,2,Clear,Dry,Daylight
2020-12-28T18:00:00.000,I 85,I 75 and I 85,,Rear End,3,Clear,Dry,Dark-Lighted
2020-12-13T23:48:00.000,I 85,I 75 and I 85,,Sideswipe-Same Direction,2,Rain,Wet,Dark-Lighted
2020-07-23T15:58:00.000,I 85,I 75 and I 85,,Rear End,3,Clear,Dry,Daylight
2020-07-07T06:05:00.000,I 85,I 75 and I 85,,Sideswipe-Same Direction,2,Cloudy,Wet,Dawn
2020-11-20T15:39:00.000,I 85,I 75 and I 85,,Rear End,2,Clear,Dry,Daylight
2020-11-21T12:28:00.000,I 85,I 75 and I 85,,Rear End,2,Clear,Dry,Daylight
2020-02-09T12:42:00.000,I 85,I 75 and I 85,,Rear End,2,Clear,Dry,Daylight
2020-10-03T16:06:00.000,I 85,I 75 and I 85,,Rear End,2,Clear,Dry,Daylight
2020-07-28T15:00:00.000,I 85,I 75 and I 85,,Rear End,2,Rain,Wet,Daylight
2020-11-08T19:02:00.000,I 85,I 75 and I 85,,Rear End,2,Cloudy,Dry,Daylight
2020-10-28T01:51:00.000,I 85,I 75 and I 85,,Sideswipe-Same Direction,2,Rain,Wet,Dark-Lighted
2020-08-25T08:09:00.000,I 85,I 75 and I 85,,Rear End,3,Rain,Wet,Daylight
2020-03-09T15:49:00.000,I 85,I 75 and I 85,,Rear End,2,Cloudy,Dry,Daylight
2020-05-27T07:41:00.000,I 85,I 75 and I 85,,Sideswipe-Same Direction,2,Rain,Wet,Daylight
2020-06-10T13:10:00.000,I 85,I 75 and I 85,,Sideswipe-Same Direction,2,Rain,Wet,Daylight
2020-08-24T20:39:00.000,I 85,I 75 and I 85,,Sideswipe-Same Direction,2,Rain,Wet,Dusk
2020-10-29T04:55:00.000,I 85,I 75 and I 85,,Head On,1,Severe Thunderstorm or Tornadic,Water (standing or moving),Dark-Lighted
2020-10-20T16:19:00.000,I 85,I 75 and I 85,,Rear End,2,Clear,Dry,Daylight
2020-08-25T07:16:00.000,I 85,I 75 and I 85,,Rear End,2,Rain,Wet,Daylight
2020-02-18T11:50:00.000,I 85,I 75 and I 85,,Rear End,3,Rain,Wet,Daylight
2020-06-24T15:15:00.000,I 85,I 75 and I 85,,Rear End,2,Cloudy,Dry,Daylight
2020-01-09T16:13:00.000,I 85,I 75 and I 85,,Rear End,2,Clear,Dry,Daylight
2020-01-31T10:12:00.000,I 85,I 75 and I 85,,Rear End,3,Cloudy,Wet,Daylight
2020-10-19T19:15:00.000,I 85,I 75 and I 85,,Sideswipe-Same Direction,2,Cloudy,Dry,Dark-Not Lighted
2020-12-24T13:31:00.000,I 85,I 75 and I 85,,Sideswipe-Same Direction,2,Cloudy,Wet,Daylight
2020-07-09T18:35:00.000,I 85,I 75 and I 85,,Rear End,4,Rain,Wet,Daylight
2020-02-13T11:00:00.000,I 85,I 75 and I 85,,Not a Collision with Motor Vehicle,1,Rain,Wet,Daylight
2020-03-10T17:15:00.000,I 85,I 75 and I 85,,Sideswipe-Same Direction,2,Cloudy,Dry,Daylight
2020-02-18T12:49:00.000,I 85,I 75 and I 85,,Rear End,4,Rain,Wet,Daylight
2020-07-04T00:00:00.000,I 85,I 75 and I 85,,Rear End,2,Clear,Dry,Dark-Lighted
2020-07-18T22:41:00.000,I 85,I 75 and I 85,,Rear End,3,Clear,Dry,Dark-Lighted
2020-03-04T08:42:00.000,I 85,I 75 and I 85,,Rear End,2,Rain,Wet,Daylight
2020-01-24T09:10:00.000,I 85,I 75 and I 85,,Rear End,2,Cloudy,Wet,Daylight
2020-04-17T19:11:00.000,I 85,I 75 and I 85,,Sideswipe-Same Direction,2,Clear,Dry,Daylight
2020-07-09T16:26:00.000,I 85,I 75 and I 85,,Rear End,2,Cloudy,Wet,Daylight
2020-02-16T14:52:00.000,I 85,I 75 and I 85,,Rear End,3,Cloudy,Dry,Daylight
2020-03-04T19:44:00.000,I 85,I 75 and I 85,,Angle Crash,2,Rain,Wet,Dark-Lighted
2020-12-31T16:00:00.000,I 85,I 75 and I 85,,Rear End,2,Rain,Wet,Daylight
2020-10-08T22:23:00.000,I 85,I 75 and I 85,,Rear End,2,Clear,Dry,Dawn
2020-08-20T19:30:00.000,I 85,I 75 and I 85,,Rear End,2,Rain,Wet,Daylight
2020-09-25T12:30:00.000,I 85,I 75 and I 85,,Rear End,2,Rain,Wet,Daylight
2020-02-29T03:57:00.000,I 85,I 75 and I 85,,Sideswipe-Same Direction,2,Clear,Dry,Dark-Lighted
2020-08-25T17:34:00.000,I 85,I 75 and I 85,,Sideswipe-Same Direction,2,Rain,Wet,Daylight
2020-12-24T13:15:00.000,I 85,I 75 and I 85,,Rear End,2,Cloudy,Wet,Daylight
2020-01-02T15:11:00.000,I 85,I 75 and I 85,,Rear End,2,Rain,Wet,Daylight
2020-12-04T14:30:00.000,I 85,I 75 and I 85,,Rear End,2,Clear,Wet,Daylight
2020-11-22T04:23:00.000,I 85,I 75 and I 85,,Rear End,2,Clear,Dry,Dark-Lighted
2020-12-05T13:45:00.000,I 85,I 75 and I 85,,Rear End,3,Clear,Dry,Daylight
2020-01-26T16:48:00.000,I 85,I 75 and I 85,,Rear End,2,Clear,Dry,Daylight
2020-03-09T18:22:00.000,I 85,I 75 and I 85,,Rear End,2,Cloudy,Dry,Daylight
2020-02-19T09:10:00.000,I 85,I 75 and I 85,,Rear End,2,Cloudy,Dry,Daylight
2020-06-12T13:04:00.000,I 85,I 75 and I 85,,Sideswipe-Same Direction,2,Clear,Dry,Daylight
2020-03-07T11:43:00.000,I 85,I 75 and I 85,,Rear End,2,Clear,Dry,Daylight
2020-08-21T10:55:00.000,I 85,I 75 and I 85,,Rear End,2,Cloudy,Dry,Daylight
2020-07-12T09:44:00.000,I 85,I 75 and I 85,,Sideswipe-Same Direction,2,Clear,Dry,Daylight
2020-03-08T20:50:00.000,I 85,I 75 and I 85,,Rear End,2,Clear,Dry,Dark-Lighted
2020-12-31T19:00:00.000,I 85,I 75 and I 85,,Sideswipe-Same Direction,2,Cloudy,Wet,Dark-Lighted
2020-02-25T00:08:00.000,I 85,I 75 and I 85,,Not a Collision with Motor Vehicle,1,Rain,Wet,Dark-Lighted
2020-12-06T15:44:00.000,I 85,I 75 and I 85,,Sideswipe-Opposite Direction,2,Clear,Dry,Daylight
2020-08-24T10:38:00.000,I 85,I 75 and I 85,,Rear End,2,Cloudy,Wet,Daylight
2020-10-07T09:20:00.000,I 85,I 75 and I 85,,Rear End,2,Clear,Dry,Daylight
2020-02-20T06:27:00.000,I 85,I 75 and I 85,,Rear End,2,Rain,Wet,Dark-Lighted
2020-11-24T12:51:00.000,I 85,I 75 and I 85,,Rear End,2,Clear,Dry,Daylight
2020-02-05T19:23:00.000,I 85,I 75 and I 85,,Rear End,2,Rain,Wet,Dark-Lighted
2020-12-04T14:15:00.000,I 85,I 75 and I 85,,Rear End,2,Rain,Wet,Daylight
2021-04-26T06:15:00.000,I 85,I 75 and I 85,,Sideswipe-Same Direction,2,Clear,Dry,Dusk
2021-04-16T12:00:00.000,I 85,I 75 and I 85,,Rear End,2,Clear,Dry,Daylight
2021-06-29T06:47:00.000,I 85,I 75 and I 85,,Not a Collision with Motor Vehicle,1,Cloudy,Wet,Daylight
2021-03-25T16:59:00.000,I 85,I 75 and I 85,,Rear End,2,Cloudy,Dry,Daylight
2021-01-15T15:24:00.000,I 85,I 75 and I 85,,Sideswipe-Same Direction,2,Clear,Dry,Daylight
2021-02-02T18:41:00.000,I 85,I 75 and I 85,,Sideswipe-Same Direction,2,Clear,Dry,Dark-Lighted
2021-03-17T15:26:00.000,I 85,I 75 and I 85,,Rear End,2,Rain,Wet,Daylight
2021-03-16T15:11:00.000,I 85,I 75 and I 85,,Rear End,2,Rain,Wet,Daylight
2021-03-13T19:04:00.000,I 85,I 75 and I 85,,Rear End,2,Clear,Dry,Dark-Lighted
2021-01-21T16:05:00.000,I 85,I 75 and I 85,,Sideswipe-Same Direction,2,Cloudy,Wet,Daylight
2021-06-15T17:17:00.000,I 85,I 75 and I 85,,Rear End,2,Clear,Dry,Daylight
2021-03-17T17:04:00.000,I 85,I 75 and I 85,,Rear End,2,Clear,Wet,Daylight
2021-06-03T13:52:00.000,I 85,I 75 and I 85,,Rear End,2,Cloudy,Dry,Daylight
2021-01-24T02:43:00.000,I 85,I 75 and I 85,,Not a Collision with Motor Vehicle,1,Clear,Dry,Dark-Lighted
2021-02-24T15:00:00.000,I 85,I 75 and I 85,,Sideswipe-Same Direction,2,Clear,Dry,Daylight
2021-12-08T14:28:00.000,I 85,I 75 and I 85,,Rear End,2,Clear,Wet,Daylight
2021-09-10T12:10:00.000,I 85,I 75 and I 85,,Sideswipe-Same Direction,2,Clear,Dry,Daylight
2021-10-28T10:54:00.000,I 85,I 75 and I 85,,Rear End,2,Cloudy,Wet,Daylight
2021-12-22T15:21:00.000,I 85,I 75 and I 85,,Sideswipe-Same Direction,2,Clear,Dry,Daylight
2021-10-05T07:40:00.000,I 85,I 75 and I 85,,Rear End,2,Rain,Wet,Daylight
2021-11-12T08:45:00.000,I 85,I 75 and I 85,,Rear End,2,Clear,Dry,Daylight
2021-09-09T07:55:00.000,I 85,I 75 and I 85,,Rear End,2,Cloudy,Dry,Daylight
2021-11-22T16:07:00.000,I 85,I 75 and I 85,,Rear End,2,Clear,Dry,Daylight
2021-11-11T07:45:00.000,I 85,I 75 and I 85,,Rear End,2,Clear,Dry,Daylight
2021-09-21T18:24:00.000,I 85,I 75 and I 85,,Not a Collision with Motor Vehicle,1,Cloudy,Dry,Daylight
2021-07-24T16:21:00.000,I 85,I 75 and I 85,,Rear End,2,Clear,Dry,Daylight
2021-09-16T02:34:00.000,I 85,I 75 and I 85,,Not a Collision with Motor Vehicle,1,Rain,Wet,Dark-Not Lighted
2021-10-29T12:59:00.000,I 85,I 75 and I 85,,Rear End,2,Clear,Wet,Daylight
2021-09-20T07:45:00.000,I 85,I 75 and I 85,,Rear End,2,Rain,Wet,Daylight
2022-10-06T13:58:00.000,I 85,I 75 and I 85,,Rear End,3,Clear,Dry,Daylight
2022-01-10T19:10:00.000,I 85,I 75 and I 85,,Sideswipe-Same Direction,2,Clear,Dry,Dark-Not Lighted
2022-03-28T16:45:00.000,I 85,I 75 and I 85,,Rear End,2,Clear,Dry,Daylight
2022-02-15T19:12:00.000,I 85,I 75 and I 85,,Rear End,2,Clear,Dry,Daylight
2022-12-05T10:15:00.000,I 85,I 75 and I 85,,Rear End,2,Rain,Wet,Daylight
2021-12-30T19:07:00.000,I 85,I 75 and I 85,,Angle Crash,2,Cloudy,Wet,Dark-Lighted
2021-10-26T13:10:00.000,I 85,I 75 and I 85,,Rear End,4,Clear,Dry,Daylight
2021-08-31T14:00:00.000,I 85,I 75 and I 85,,Rear End,2,Cloudy,Wet,Daylight
2021-07-20T08:10:00.000,I 85,I 75 and I 85,,Sideswipe-Same Direction,2,Cloudy,Wet,Daylight
2021-09-23T10:00:00.000,I 85,I 75 and I 85,,Sideswipe-Same Direction,2,Clear,Dry,Daylight
2022-01-26T12:50:00.000,I 85,I 75 and I 85,,Rear End,2,Clear,Dry,Daylight
2022-09-02T14:50:00.000,I 85,I 75 and I 85,,Rear End,4,Clear,Dry,Daylight
2022-09-27T15:30:00.000,I 85,I 75 and I 85,,Sideswipe-Same Direction,2,Clear,Dry,Daylight
2022-09-08T12:41:00.000,I 85,I 75 and I 85,,Sideswipe-Same Direction,2,Clear,Dry,Daylight
2022-05-19T11:00:00.000,I 85,I 75 and I 85,,Rear End,3,Clear,Dry,Daylight
2022-11-17T15:27:00.000,I 85,I 75 and I 85,,Sideswipe-Same Direction,2,Clear,Dry,Daylight
2022-03-18T12:40:00.000,I 85,I 75 and I 85,,Rear End,2,Rain,Wet,Daylight
2022-06-28T13:53:00.000,I 85,I 75 and I 85,,Rear End,2,Cloudy,Dry,Daylight
2022-08-23T17:50:00.000,I 85,I 75 and I 85,,Sideswipe-Same Direction,4,Cloudy,Dry,Daylight
2022-06-27T19:30:00.000,I 85,I 75 and I 85,,Rear End,2,Clear,Dry,Daylight
2021-11-10T13:15:00.000,I 85,I 75 and I 85,,Sideswipe-Same Direction,2,Clear,Dry,Daylight
2021-11-15T16:40:00.000,I 85,I 75 and I 85,,Sideswipe-Same Direction,2,Clear,Dry,Daylight
2022-05-31T18:44:00.000,I 85,I 75 and I 85,,Rear End,2,Clear,Dry,Daylight
2022-12-03T14:20:00.000,I 85,I 75 and I 85,,Rear End,2,Rain,Wet,Daylight
2022-11-11T09:42:00.000,I 85,I 75 and I 85,,Rear End,2,Clear,Dry,Daylight
2022-03-31T08:30:00.000,I 85,I 75 and I 85,,Sideswipe-Same Direction,3,Rain,Wet,Daylight
2022-05-03T17:45:00.000,I 85,I 75 and I 85,,Sideswipe-Same Direction,2,Clear,Dry,Daylight
2022-05-26T10:04:00.000,I 85,I 75 and I 85,,Rear End,3,Cloudy,Dry,Daylight
2022-12-03T19:00:00.000,I 85,I 75 and I 85,,Rear End,3,Cloudy,Dry,Dark-Lighted
2022-01-20T18:33:00.000,I 85,I 75 and I 85,,Rear End,4,Clear,Dry,Dark-Lighted
2022-05-26T17:35:00.000,I 85,I 75 and I 85,,Sideswipe-Same Direction,2,Clear,Dry,Daylight
2022-12-16T15:43:00.000,I 85,I 75 and I 85,,Rear End,2,Clear,Dry,Daylight
2022-09-19T16:37:00.000,I 85,I 75 and I 85,,Sideswipe-Same Direction,2,Clear,Dry,Daylight
2022-03-11T13:15:00.000,I 85,I 75 and I 85,,Not a Collision with Motor Vehicle,2,Clear,Dry,Daylight
2022-10-18T08:15:00.000,I 85,I 75 and I 85,,Sideswipe-Same Direction,2,Clear,Dry,Daylight
2022-01-10T18:09:00.000,I 85,I 75 and I 85,,Rear End,2,Clear,Dry,Dark-Not Lighted
2022-08-04T08:00:00.000,I 85,I 75 and I 85,,Rear End,2,Clear,Dry,Daylight
2022-11-03T12:45:00.000,I 85,I 75 and I 85,,Rear End,3,Clear,Dry,Daylight
2022-02-23T11:00:00.000,I 85,I 75 and I 85,,Rear End,4,Cloudy,Wet,Daylight
2022-04-07T18:48:00.000,I 85,I 75 and I 85,,Not a Collision with Motor Vehicle,2,Clear,Dry,Daylight
2022-02-01T16:15:00.000,I 85,I 75 and I 85,,Rear End,2,Clear,Dry,Daylight
2022-03-07T15:00:00.000,I 85,I 75 and I 85,,Rear End,2,Clear,Dry,Daylight
2022-02-08T18:42:00.000,I 85,I 75 and I 85,,Rear End,3,Clear,Dry,Dark-Lighted
2022-09-20T15:30:00.000,I 85,I 75 and I 85,,Rear End,2,Clear,Dry,Daylight
2022-08-05T19:02:00.000,I 85,I 75 and I 85,,Rear End,2,Rain,Wet,Daylight
2022-04-07T07:00:00.000,I 85,I 75 and I 85,,Not a Collision with Motor Vehicle,1,Cloudy,Wet,Daylight
2022-12-03T14:43:00.000,I 85,I 75 and I 85,,Rear End,2,Clear,Wet,Daylight
2022-08-04T19:34:00.000,I 85,I 75 and I 85,,Rear End,3,Cloudy,Wet,Daylight
2022-07-19T11:08:00.000,I 85,I 75 and I 85,,Rear End,2,Cloudy,Wet,Daylight
2022-10-14T10:20:00.000,I 85,I 75 and I 85,,Rear End,2,Clear,Dry,Daylight
2022-04-23T22:09:00.000,I 85,I 75 and I 85,,Rear End,2,Clear,Dry,Dark-Not Lighted
2022-02-01T16:50:00.000,I 85,I 75 and I 85,,Rear End,5,Clear,Dry,Daylight
2022-03-04T12:19:00.000,I 85,I 75 and I 85,,Rear End,2,Clear,Dry,Daylight
2022-02-25T12:30:00.000,I 85,I 75 and I 85,,Rear End,2,Cloudy,Wet,Daylight
2022-12-03T14:20:00.000,I 85,I 75 and I 85,,Rear End,2,Rain,Wet,Daylight
2023-05-08T15:45:00.000,I 85,I 75 and I 85,,Rear End,2,Cloudy,Dry,Daylight
2023-04-24T18:20:00.000,I 85,I 75 and I 85,,Rear End,3,Clear,Dry,Daylight
2024-06-18T13:00:00.000,I 85,I 75 and I 85,,Rear End,2,Clear,Dry,Daylight
2024-11-15T08:33:00.000,I 85,I 75 and I 85,,Sideswipe-Same Direction,2,Clear,Dry,Daylight