Date and Time,Roadway (From Crash Report),Intersection Name (from Crash Report),KABCO Severity,Manner of Collision (Crash Level) ,# of Vehicles per crash ,Weather Conditions (Crash Level),Surface Condition (Crash Level) ,Light Conditions (Crash Level)
2024-10-14T07:11:00.000,I 85,I 75 and I 85,,Rear End,2,Cloudy,Dry,Daylight
2024-12-20T14:17:00.000,I 85,I 75 and I 85,,Rear End,2,Clear,Dry,Daylight
2024-11-19T16:14:00.000,I 85,I 75 and I 85,,Sideswipe-Same Direction,2,Rain,Wet,Daylight
2024-12-19T12:41:00.000,I 85,I 75 and I 85,,Sideswipe-Same Direction,2,Clear,Dry,Daylight
2023-07-24T07:47:00.000,I 85,I 75 and I 85,,Rear End,2,Cloudy,Dry,Daylight
2023-02-09T19:05:00.000,I 85,I 75 and I 85,,Rear End,2,Rain,Wet,Dark-Lighted
2023-01-09T15:27:00.000,I 85,I 75 and I 85,,Sideswipe-Same Direction,2,Clear,Dry,Daylight
2023-04-14T15:23:00.000,I 85,I 75 and I 85,,Rear End,2,Cloudy,Wet,Daylight
2023-03-31T16:21:00.000,I 85,I 75 and I 85,,Rear End,2,Clear,Dry,Daylight
2024-05-28T15:57:00.000,I 85,I 75 and I 85,,Sideswipe-Same Direction,2,Clear,Dry,Daylight
2024-07-12T14:35:00.000,I 85,I 75 and I 85,,Rear End,2,Clear,Dry,Daylight
2023-06-25T01:00:00.000,I 85,I 75 and I 85,,Sideswipe-Same Direction,2,Clear,Dry,Dark-Not Lighted
2023-03-03T19:15:00.000,I 85,I 75 and I 85,,Rear End,2,Rain,Wet,Dark-Not Lighted
2023-03-09T18:39:00.000,I 85,I 75 and I 85,,Rear End,2,Cloudy,Wet,Daylight
2023-03-09T01:46:00.000,I 85,I 75 and I 85,,Sideswipe-Same Direction,2,Rain,Wet,Dark-Lighted
2023-02-17T10:16:00.000,I 85,I 75 and I 85,,Rear End,2,Rain,Wet,Daylight
2023-08-20T01:00:00.000,I 85,I 75 and I 85,,Angle Crash,1,Clear,Dry,Dark-Lighted
2023-07-20T11:27:00.000,I 85,I 75 and I 85,,Angle Crash,2,Cloudy,Dry,Daylight
2023-12-11T16:45:00.000,I 85,I 75 and I 85,,Rear End,2,Clear,Dry,Daylight
2023-06-28T08:15:00.000,I 85,I 75 and I 85,,Rear End,2,Clear,Dry,Daylight
2023-04-20T16:29:00.000,I 85,I 75 and I 85,,Rear End,2,Clear,Dry,Daylight
2023-12-01T09:20:00.000,I 85,I 75 and I 85,,Angle Crash,2,Rain,Wet,Daylight
2024-12-09T04:30:00.000,I 85,I 75 and I 85,,Not a Collision with Motor Vehicle,1,Rain,Wet,Daylight
2024-08-01T17:33:00.000,I 85,I 75 and I 85,,Rear End,2,Clear,Dry,Daylight
2024-07-11T12:00:00.000,I 85,I 75 and I 85,,Rear End,2,Clear,Dry,Daylight
2024-09-23T09:12:00.000,I 85,I 75 and I 85,,Sideswipe-Same Direction,2,Clear,Dry,Daylight
2024-05-12T00:40:00.000,I 85,I 75 and I 85,,Rear End,2,Clear,Dry,Dark-Not Lighted
2024-04-30T12:12:00.000,I 85,I 75 and I 85,,Rear End,2,Cloudy,Wet,Daylight
2024-07-15T09:12:00.000,I 85,I 75 and I 85,,Sideswipe-Same Direction,2,Clear,Dry,Daylight
2024-09-24T17:39:00.000,I 85,I 75 and I 85,,Rear End,2,Cloudy,Dry,Daylight
2024-07-08T07:16:00.000,I 85,I 75 and I 85,,Rear End,2,Clear,Wet,Daylight
2024-05-27T11:00:00.000,I 85,I 75 and I 85,,Rear End,2,Clear,Dry,Daylight
2024-03-16T00:02:00.000,I 85,I 75 and I 85,,Rear End,3,Clear,Wet,Dark-Lighted
2024-01-25T10:00:00.000,I 85,I 75 and I 85,,Rear End,2,Rain,Wet,Daylight
2024-05-20T14:50:00.000,I 85,I 75 and I 85,,Sideswipe-Same Direction,2,Clear,Dry,Daylight
2024-07-25T07:30:00.000,I 85,I 75 and I 85,,Rear End,2,Cloudy,Wet,Daylight
2024-09-23T07:00:00.000,I 85,I 75 and I 85,,Rear End,2,Clear,Dry,Daylight
2024-07-26T20:50:00.000,I 85,I 75 and I 85,,Angle Crash,2,Clear,Dry,Dark-Not Lighted
2024-06-27T19:26:00.000,I 85,I 75 and I 85,,Rear End,2,Cloudy,Dry,Daylight
2024-04-09T06:20:00.000,I 85,I 75 and I 85,,Rear End,4,Rain,Wet,Dark-Lighted
2024-01-22T18:50:00.000,I 85,I 75 and I 85,,Rear End,2,Clear,Dry,Dark-Lighted
2024-03-19T15:30:00.000,I 85,I 75 and I 85,,Rear End,2,Clear,Dry,Daylight
2024-08-23T09:40:00.000,I 85,I 75 and I 85,,Angle Crash,2,Clear,Dry,Daylight
2024-07-25T08:49:00.000,I 85,I 75 and I 85,,Sideswipe-Same Direction,2,Clear,Wet,Daylight
2024-11-04T14:06:00.000,I 85,I 75 and I 85,,Rear End,4,Cloudy,Dry,Daylight
2024-09-23T18:15:00.000,I 85,I 75 and I 85,,Rear End,2,Clear,Dry,Daylight
2024-09-16T07:28:00.000,I 85,I 75 and I 85,,Rear End,2,Clear,Dry,Daylight
2024-04-18T09:17:00.000,I 85,I 75 and I 85,,Rear End,2,Clear,Dry,Daylight
2024-08-09T13:56:00.000,I 85,I 75 and I 85,,Sideswipe-Same Direction,2,Clear,Dry,Daylight
2024-07-12T12:40:00.000,I 85,I 75 and I 85,,Rear End,2,Clear,Dry,Daylight
2024-07-01T17:05:00.000,I 85,I 75 and I 85,,Rear End,2,Clear,Dry,Daylight
2024-08-01T17:16:00.000,I 85,I 75 and I 85,,Rear End,2,Clear,Dry,Daylight
2024-04-06T00:08:00.000,I 85,I 75 and I 85,,Angle Crash,2,Clear,Dry,Dark-Not Lighted
2021-02-05T22:37:00.000,I 75,I 75 and I 7585,,Angle Crash,2,Clear,Dry,Dark-Lighted
2021-03-06T22:23:00.000,I 75,I 75 and I 7585,,Rear End,2,Clear,Dry,Dark-Lighted
2021-01-03T11:52:00.000,I 75,I 75 and I 7585,,Angle Crash,3,Clear,Dry,Daylight
2020-06-27T20:16:00.000,I 75,I 75 and I 7585,,Not a Collision with Motor Vehicle,1,Rain,Wet,Daylight
2020-07-05T13:21:00.000,I 75,I 75 and I 7585,,Rear End,2,Clear,Dry,Daylight
2020-02-19T08:29:00.000,I 75,I 75 and I 7585,,Rear End,2,Cloudy,Dry,Daylight
2020-07-19T03:29:00.000,I 75,I 75 and I 7585,,Sideswipe-Same Direction,2,Clear,Dry,Dark-Lighted
2022-02-03T16:37:00.000,I 75,I 75 and I 75326,,Not a Collision with Motor Vehicle,1,Rain,Wet,Daylight
2021-02-05T05:50:00.000,I 75,I 75 and I 675,,Not a Collision with Motor Vehicle,1,Rain,Wet,Dark-Not Lighted
2021-03-11T14:30:00.000,I 75,I 75 and I 675,,Sideswipe-Same Direction,2,Clear,Dry,Daylight
2021-09-12T00:10:00.000,I 75,I 75 and I 675,,Sideswipe-Same Direction,2,Clear,Dry,Dark-Not Lighted
2021-09-16T11:27:00.000,I 75,I 75 and I 675,,Rear End,3,Cloudy,Dry,Daylight
2021-10-11T17:31:00.000,I 75,I 75 and I 675,,Rear End,2,Clear,Dry,Daylight
2021-11-22T17:30:00.000,I 75,I 75 and I 675,,Sideswipe-Same Direction,2,Clear,Dry,Daylight
2021-07-12T16:45:00.000,I 75,I 75 and I 675,,Rear End,2,Clear,Wet,Daylight
2021-05-12T15:30:00.000,I 75,I 75 and I 675,,Sideswipe-Same Direction,2,Cloudy,Wet,Daylight
2021-05-12T07:38:00.000,I 75,I 75 and I 675,,Not a Collision with Motor Vehicle,1,Rain,Wet,Daylight
2021-01-26T06:26:00.000,I 75,I 75 and I 675,,Not a Collision with Motor Vehicle,1,Rain,Wet,Dark-Lighted
2021-03-08T11:00:00.000,I 75,I 75 and I 675,,Not a Collision with Motor Vehicle,1,Clear,Dry,Daylight
2021-06-22T08:44:00.000,I 75,I 75 and I 675,,Sideswipe-Same Direction,2,Cloudy,Wet,Daylight
2021-04-29T10:04:00.000,I 75,I 75 and I 675,,Rear End,2,Cloudy,Dry,Daylight
2021-08-29T13:37:00.000,I 75,I 75 and I 675,,Sideswipe-Same Direction,2,Cloudy,Dry,Daylight
2021-10-28T15:42:00.000,I 75,I 75 and I 675,,Rear End,2,Rain,Wet,Daylight
2021-11-02T11:26:00.000,I 75,I 75 and I 675,,Sideswipe-Same Direction,2,Clear,Dry,Daylight
2021-09-10T06:30:00.000,I 75,I 75 and I 675,,Sideswipe-Same Direction,2,Clear,Dry,Dark-Not Lighted
2021-10-15T13:00:00.000,I 75,I 75 and I 675,,Rear End,2,Clear,Dry,Daylight
2021-11-01T09:44:00.000,I 75,I 75 and I 675,,Sideswipe-Same Direction,2,Clear,Dry,Daylight
2021-12-28T13:03:00.000,I 75,I 75 and I 675,,Sideswipe-Same Direction,2,Cloudy,Dry,Daylight
2021-08-31T08:49:00.000,I 75,I 75 and I 675,,Sideswipe-Same Direction,2,Cloudy,Wet,Daylight
2021-01-10T13:46:00.000,I 75,I 75 and I 675,,Sideswipe-Same Direction,2,Clear,Dry,Daylight
2021-04-29T09:29:00.000,I 75,I 75 and I 675,,Sideswipe-Same Direction,2,Cloudy,Dry,Daylight
2021-11-04T20:06:00.000,I 75,I 75 and I 675,,Angle Crash,2,Clear,Dry,Dark-Lighted
2021-08-22T17:42:00.000,I 75,I 75 and I 675,,Not a Collision with Motor Vehicle,1,Clear,Dry,Daylight
2021-12-22T12:44:00.000,I 75,I 75 and I 675,,Rear End,2,Clear,Dry,Daylight
2021-10-15T13:19:00.000,I 75,I 75 and I 675,,Sideswipe-Same Direction,2,Cloudy,Dry,Daylight
2021-10-21T00:05:00.000,I 75,I 75 and I 675,,Sideswipe-Same Direction,2,Clear,Dry,Dark-Not Lighted
2021-09-01T21:26:00.000,I 75,I 75 and I 675,,Rear End,2,Clear,Dry,Dark-Lighted
2021-11-27T13:35:00.000,I 75,I 75 and I 675,,Sideswipe-Same Direction,2,Clear,Dry,Daylight
2021-03-12T17:20:00.000,I 75,I 75 and I 675,,Rear End,2,Clear,Dry,Daylight
2021-02-28T06:06:00.000,I 75,I 75 and I 675,,Sideswipe-Same Direction,2,Clear,Dry,Dark-Not Lighted
2020-09-22T16:28:00.000,I 75,I 75 and I 675,,Not a Collision with Motor Vehicle,1,Clear,Dry,Daylight
2020-06-14T20:23:00.000,I 75,I 75 and I 675,,Not a Collision with Motor Vehicle,1,Rain,Wet,Daylight
2023-07-13T16:32:00.000,I 75,I 75 and I 675,,Rear End,2,Clear,Dry,Daylight
2023-03-07T08:40:00.000,I 75,I 75 and I 675,,Not a Collision with Motor Vehicle,1,Clear,Dry,Daylight
2023-01-05T06:00:00.000,I 75,I 75 and I 675,,Sideswipe-Opposite Direction,2,Clear,Dry,Dark-Not Lighted
2023-11-15T22:36:00.000,I 75,I 75 and I 675,,Sideswipe-Same Direction,2,Clear,Dry,Dark-Not Lighted
2023-02-03T09:10:00.000,I 75,I 75 and I 675,,Rear End,2,Clear,Dry,Daylight
2023-03-28T13:10:00.000,I 75,I 75 and I 675,,Sideswipe-Same Direction,2,Cloudy,Dry,Daylight
2023-06-24T07:40:00.000,I 75,I 75 and I 675,,Sideswipe-Same Direction,2,Clear,Dry,Daylight
2023-08-23T23:23:00.000,I 75,I 75 and I 675,,Not a Collision with Motor Vehicle,1,Clear,Dry,Dark-Lighted
2023-06-01T09:05:00.000,I 75,I 75 and I 675,,Sideswipe-Same Direction,2,Clear,Dry,Daylight
2023-03-03T16:04:00.000,I 75,I 75 and I 675,,Rear End,4,Clear,Dry,Daylight
2023-07-15T18:34:00.000,I 75,I 75 and I 675,,Not a Collision with Motor Vehicle,1,Clear,Dry,Daylight
2023-06-07T14:15:00.000,I 75,I 75 and I 675,,Sideswipe-Same Direction,2,Clear,Dry,Daylight
2023-07-15T08:21:00.000,I 75,I 75 and I 675,,Not a Collision with Motor Vehicle,1,Clear,Dry,Daylight
2023-06-10T12:54:00.000,I 75,I 75 and I 675,,Rear End,4,Clear,Dry,Daylight
2023-06-01T07:41:00.000,I 75,I 75 and I 675,,Angle Crash,4,Clear,Dry,Daylight
2023-05-15T07:44:00.000,I 75,I 75 and I 675,,Sideswipe-Same Direction,2,Cloudy,Dry,Daylight
2023-07-09T14:00:00.000,I 75,I 75 and I 675,,Rear End,2,Clear,Dry,Daylight
2023-10-18T09:33:00.000,I 75,I 75 and I 675,,Sideswipe-Same Direction,3,Clear,Dry,Daylight
2023-04-08T12:13:00.000,I 75,I 75 and I 675,,Sideswipe-Same Direction,2,Rain,Wet,Daylight
2023-09-24T16:09:00.000,I 75,I 75 and I 675,,Rear End,2,Clear,Dry,Daylight
2023-04-30T04:30:00.000,I 75,I 75 and I 675,,Not a Collision with Motor Vehicle,1,Rain,Wet,Dark-Lighted
2023-03-13T11:49:00.000,I 75,I 75 and I 675,,Rear End,2,Clear,Dry,Daylight
2023-07-12T16:40:00.000,I 75,I 75 and I 675,,Rear End,2,Clear,Dry,Daylight
2023-10-22T18:30:00.000,I 75,I 75 and I 675,,Rear End,2,Clear,Dry,Daylight
2023-10-26T12:06:00.000,I 75,I 75 and I 675,,Sideswipe-Same Direction,2,Clear,Dry,Daylight
2023-05-14T15:25:00.000,I 75,I 75 and I 675,,Rear End,3,Clear,Dry,Daylight
2023-01-26T14:50:00.000,I 75,I 75 and I 675,,Sideswipe-Same Direction,2,Clear,Dry,Daylight
2023-12-22T13:49:00.000,I 75,I 75 and I 675,,Sideswipe-Same Direction,2,Clear,Dry,Daylight
2023-07-10T04:38:00.000,I 75,I 75 and I 675,,Sideswipe-Same Direction,2,Rain,Wet,Dark-Lighted
2023-04-07T07:49:00.000,I 75,I 75 and I 675,,Sideswipe-Same Direction,3,Clear,Dry,Daylight
2023-08-20T06:18:00.000,I 75,I 75 and I 675,,Angle Crash,3,Clear,Dry,Dark-Not Lighted
2023-02-21T13:58:00.000,I 75,I 75 and I 675,,Sideswipe-Same Direction,2,Clear,Dry,Daylight
2023-10-13T07:45:00.000,I 75,I 75 and I 675,,Sideswipe-Same Direction,2,Rain,Wet,Daylight
2023-06-12T17:51:00.000,I 75,I 75 and I 675,,Not a Collision with Motor Vehicle,1,Clear,Dry,Daylight
2023-04-19T07:00:00.000,I 75,I 75 and I 675,,Sideswipe-Same Direction,2,Clear,Dry,Daylight
2023-07-15T18:11:00.000,I 75,I 75 and I 675,,Rear End,2,Clear,Dry,Daylight
2023-01-07T16:44:00.000,I 75,I 75 and I 675,,Rear End,2,Clear,Dry,Daylight
2023-01-15T15:21:00.000,I 75,I 75 and I 675,,Rear End,2,Clear,Dry,Daylight
2023-10-06T02:55:00.000,I 75,I 75 and I 675,,Rear End,2,Cloudy,Dry,Dark-Lighted
2023-03-16T17:15:00.000,I 75,I 75 and I 675,,Sideswipe-Same Direction,2,Clear,Dry,Daylight
2023-06-12T08:03:00.000,I 75,I 75 and I 675,,Rear End,2,Clear,Dry,Daylight
2023-09-14T16:00:00.000,I 75,I 75 and I 675,,Not a Collision with Motor Vehicle,1,Rain,Wet,Daylight
2023-09-10T14:11:00.000,I 75,I 75 and I 675,,Rear End,2,Clear,Dry,Daylight
2023-05-23T07:00:00.000,I 75,I 75 and I 675,,Sideswipe-Same Direction,2,Clear,Wet,Daylight
2023-01-29T21:09:00.000,I 75,I 75 and I 675,,Rear End,2,Rain,Wet,Dark-Lighted
2023-06-15T08:45:00.000,I 75,I 75 and I 675,,Rear End,2,Cloudy,Dry,Daylight
2023-08-12T21:00:00.000,I 75,I 75 and I 675,,Rear End,2,Rain,Wet,Daylight
2023-04-12T08:51:00.000,I 75,I 75 and I 675,,Sideswipe-Same Direction,2,Clear,Dry,Daylight
2023-08-13T14:55:00.000,I 75,I 75 and I 675,,Rear End,2,Clear,Dry,Daylight
2023-03-30T07:50:00.000,I 75,I 75 and I 675,,Sideswipe-Same Direction,2,Clear,Dry,Daylight
2022-10-03T12:44:00.000,I 75,I 75 and I 675,,Sideswipe-Same Direction,2,Cloudy,Dry,Daylight
2022-06-19T14:28:00.000,I 75,I 75 and I 675,,Rear End,2,Clear,Dry,Daylight
2022-04-15T08:03:00.000,I 75,I 75 and I 675,,Sideswipe-Same Direction,2,Clear,Dry,Daylight
2020-09-29T13:43:00.000,I 75,I 75 and I 675,,Angle Crash,3,Rain,Wet,Daylight
2020-01-05T19:56:00.000,I 75,I 75 and I 675,,Sideswipe-Same Direction,2,Clear,Dry,Dark-Not Lighted
2020-09-24T23:10:00.000,I 75,I 75 and I 675,,Not a Collision with Motor Vehicle,1,Rain,Water (standing or moving),Dark-Not Lighted
2020-10-12T13:38:00.000,I 75,I 75 and I 675,,Sideswipe-Same Direction,2,Clear,Dry,Daylight
2020-02-06T12:33:00.000,I 75,I 75 and I 675,,Not a Collision with Motor Vehicle,1,Rain,Wet,Daylight
2020-02-05T23:47:00.000,I 75,I 75 and I 675,,Angle Crash,3,Rain,Wet,Dark-Not Lighted
2020-02-20T19:50:00.000,I 75,I 75 and I 675,,Sideswipe-Same Direction,2,Cloudy,Dry,Dark-Not Lighted
2020-06-20T11:22:00.000,I 75,I 75 and I 675,,Rear End,2,Clear,Dry,Daylight
2020-11-11T16:45:00.000,I 75,I 75 and I 675,,Sideswipe-Same Direction,2,Cloudy,Dry,Daylight
2020-10-28T04:00:00.000,I 75,I 75 and I 675,,Not a Collision with Motor Vehicle,1,Rain,Wet,Dark-Not Lighted
2020-09-16T21:30:00.000,I 75,I 75 and I 675,,Not a Collision with Motor Vehicle,1,Rain,Wet,Dark-Not Lighted
2020-04-21T03:33:00.000,I 75,I 75 and I 675,,Rear End,2,Clear,Dry,Dark-Not Lighted
2020-03-25T01:50:00.000,I 75,I 75 and I 675,,Not a Collision with Motor Vehicle,1,Rain,Wet,Dark-Not Lighted
2020-06-09T17:17:00.000,I 75,I 75 and I 675,,Not a Collision with Motor Vehicle,1,Cloudy,Wet,Daylight
2020-08-24T07:56:00.000,I 75,I 75 and I 675,,Sideswipe-Same Direction,2,Rain,Wet,Daylight
2020-11-29T21:33:00.000,I 75,I 75 and I 675,,Not a Collision with Motor Vehicle,1,Rain,Wet,Dark-Not Lighted
2020-12-03T12:25:00.000,I 75,I 75 and I 675,,Angle Crash,2,Clear,Dry,Daylight
2020-02-18T23:01:00.000,I 75,I 75 and I 675,,Not a Collision with Motor Vehicle,1,Rain,Wet,Dark-Not Lighted
2020-10-28T01:41:00.000,I 75,I 75 and I 675,,Rear End,2,Rain,Wet,Dark-Lighted
2020-08-29T12:03:00.000,I 75,I 75 and I 675,,Sideswipe-Same Direction,2,Cloudy,Dry,Daylight
2020-08-03T14:01:00.000,I 75,I 75 and I 675,,Not a Collision with Motor Vehicle,1,Rain,Wet,Daylight
2020-08-29T10:17:00.000,I 75,I 75 and I 675,,Sideswipe-Same Direction,2,Cloudy,Dry,Daylight
2020-02-06T00:06:00.000,I 75,I 75 and I 675,,Not a Collision with Motor Vehicle,1,Rain,Wet,Dark-Not Lighted
2020-05-21T18:28:00.000,I 75,I 75 and I 675,,Sideswipe-Same Direction,2,Clear,Dry,Daylight
2020-10-29T04:31:00.000,I 75,I 75 and I 675,,Not a Collision with Motor Vehicle,1,Rain,Wet,Dark-Not Lighted
2020-06-05T14:28:00.000,I 75,I 75 and I 675,,Sideswipe-Same Direction,2,Cloudy,Dry,Daylight
2020-10-09T17:31:00.000,I 75,I 75 and I 675,,Angle Crash,2,Clear,Dry,Daylight
2020-11-06T19:30:00.000,I 75,I 75 and I 675,,Sideswipe-Same Direction,2,Clear,Dry,Dark-Lighted
2020-01-22T14:45:00.000,I 75,I 75 and I 675,,Rear End,2,Clear,Dry,Daylight
2020-03-25T01:20:00.000,I 75,I 75 and I 675,,Not a Collision with Motor Vehicle,1,Rain,Wet,Dark-Not Lighted
2020-10-28T01:27:00.000,I 75,I 75 and I 675,,Not a Collision with Motor Vehicle,1,Rain,Wet,Dark-Not Lighted
2020-02-20T08:01:00.000,I 75,I 75 and I 675,,Rear End,2,Rain,Wet,Daylight
2020-06-04T18:04:00.000,I 75,I 75 and I 675,,Sideswipe-Same Direction,2,Clear,Dry,Daylight
2020-06-09T17:15:00.000,I 75,I 75 and I 675,,Not a Collision with Motor Vehicle,1,Rain,Wet,Daylight
2020-06-04T15:20:00.000,I 75,I 75 and I 675,,Sideswipe-Same Direction,2,Clear,Dry,Daylight
2020-05-26T19:02:00.000,I 75,I 75 and I 675,,Sideswipe-Same Direction,2,Cloudy,Dry,Daylight
2020-03-02T14:48:00.000,I 75,I 75 and I 675,,Rear End,2,Rain,Wet,Daylight
2020-08-24T18:39:00.000,I 75,I 75 and I 675,,Rear End,2,Rain,Wet,Daylight
2020-09-13T13:07:00.000,I 75,I 75 and I 675,,Sideswipe-Same Direction,2,Cloudy,Dry,Daylight
2020-09-14T18:55:00.000,I 75,I 75 and I 675,,Sideswipe-Same Direction,2,Clear,Dry,Daylight
2020-02-05T16:15:00.000,I 75,I 75 and I 675,,Sideswipe-Same Direction,2,Cloudy,Dry,Daylight
2020-11-28T14:32:00.000,I 75,I 75 and I 675,,Rear End,2,Cloudy,Dry,Daylight
2020-03-05T14:02:00.000,I 75,I 75 and I 675,,Rear End,2,Rain,Wet,Daylight
2020-10-25T10:59:00.000,I 75,I 75 and I 675,,Not a Collision with Motor Vehicle,1,Cloudy,Dry,Daylight
2020-10-09T23:05:00.000,I 75,I 75 and I 675,,Rear End,2,Rain,Water (standing or moving),Dark-Lighted
2020-07-28T11:53:00.000,I 75,I 75 and I 675,,Rear End,2,Cloudy,Dry,Daylight
2020-04-23T19:20:00.000,I 75,I 75 and I 675,,Not a Collision with Motor Vehicle,1,Rain,Wet,Daylight
2020-09-16T23:15:00.000,I 75,I 75 and I 675,,Sideswipe-Same Direction,2,Severe Thunderstorm or Tornadic,Water (standing or moving),Dark-Not Lighted
2020-09-17T08:30:00.000,I 75,I 75 and I 675,,Not a Collision with Motor Vehicle,1,Rain,Wet,Daylight
2020-02-06T22:31:00.000,I 75,I 75 and I 675,,Angle Crash,2,Cloudy,Wet,Dark-Not Lighted
2020-01-03T14:50:00.000,I 75,I 75 and I 675,,Rear End,2,Cloudy,Wet,Daylight
2021-02-26T13:04:00.000,I 75,I 75 and I 675,,Rear End,3,Cloudy,Wet,Daylight
2021-01-29T17:40:00.000,I 75,I 75 and I 675,,Angle Crash,2,Clear,Dry,Daylight
2021-05-01T22:50:00.000,I 75,I 75 and I 675,,Rear End,2,Clear,Dry,Dark-Lighted
2021-10-12T14:26:00.000,I 75,I 75 and I 675,,Rear End,3,Cloudy,Dry,Daylight
2021-10-12T14:20:00.000,I 75,I 75 and I 675,,Sideswipe-Same Direction,2,Clear,Dry,Daylight
2021-07-29T15:57:00.000,I 75,I 75 and I 675,,Sideswipe-Same Direction,3,Clear,Dry,Daylight
2021-12-08T09:47:00.000,I 75,I 75 and I 675,,Rear End,2,Cloudy,Dry,Daylight
2021-09-09T21:55:00.000,I 75,I 75 and I 675,,Sideswipe-Same Direction,2,Clear,Dry,Dark-Lighted
2021-11-21T11:30:00.000,I 75,I 75 and I 675,,Sideswipe-Same Direction,2,Clear,Dry,Daylight
2021-12-25T18:26:00.000,I 75,I 75 and I 675,,Sideswipe-Same Direction,2,Clear,Dry,Dark-Not Lighted
2021-12-28T13:42:00.000,I 75,I 75 and I 675,,Sideswipe-Same Direction,2,Cloudy,Dry,Daylight
2021-11-12T13:02:00.000,I 75,I 75 and I 675,,Rear End,2,Clear,Dry,Daylight
2021-10-14T12:00:00.000,I 75,I 75 and I 675,,Sideswipe-Same Direction,2,Cloudy,Dry,Daylight
2021-12-01T10:49:00.000,I 75,I 75 and I 675,,Rear End,2,Clear,Dry,Daylight
2021-10-15T14:03:00.000,I 75,I 75 and I 675,,Sideswipe-Same Direction,2,Clear,Dry,Daylight
2021-11-23T09:30:00.000,I 75,I 75 and I 675,,Not a Collision with Motor Vehicle,1,Clear,Dry,Daylight
2021-12-01T14:09:00.000,I 75,I 75 and I 675,,Rear End,2,Clear,Dry,Daylight
2021-11-05T12:05:00.000,I 75,I 75 and I 675,,Rear End,3,Cloudy,Dry,Daylight
2021-07-27T07:47:00.000,I 75,I 75 and I 675,,Rear End,2,Clear,Dry,Daylight
2021-12-10T20:18:00.000,I 75,I 75 and I 675,,Rear End,2,Cloudy,Wet,Dark-Lighted
2021-08-01T14:16:00.000,I 75,I 75 and I 675,,Rear End,2,Clear,Dry,Daylight
2021-12-22T17:28:00.000,I 75,I 75 and I 675,,Sideswipe-Same Direction,2,Clear,Dry,Dusk
2022-05-13T13:05:00.000,I 75,I 75 and I 675,,Sideswipe-Same Direction,3,Cloudy,Dry,Daylight
2022-07-11T11:09:00.000,I 75,I 75 and I 675,,Rear End,2,Cloudy,Dry,Daylight
2022-04-27T10:08:00.000,I 75,I 75 and I 675,,Sideswipe-Same Direction,2,Clear,Dry,Daylight
2022-06-02T08:01:00.000,I 75,I 75 and I 675,,Not a Collision with Motor Vehicle,2,Clear,Dry,Daylight
2022-08-02T11:26:00.000,I 75,I 75 and I 675,,Sideswipe-Same Direction,2,Clear,Dry,Daylight
2022-10-07T08:11:00.000,I 75,I 75 and I 675,,Sideswipe-Same Direction,2,Clear,Dry,Daylight
2021-11-12T13:02:00.000,I 75,I 75 and I 675,,Sideswipe-Opposite Direction,2,Clear,Dry,Daylight
2021-10-03T12:40:00.000,I 75,I 75 and I 675,,Rear End,2,Cloudy,Dry,Daylight
2021-10-10T18:37:00.000,I 75,I 75 and I 675,,Not a Collision with Motor Vehicle,2,Clear,Dry,Daylight
2021-07-13T11:25:00.000,I 75,I 75 and I 675,,Rear End,2,Cloudy,Dry,Daylight
2021-10-04T19:06:00.000,I 75,I 75 and I 675,,Sideswipe-Same Direction,3,Cloudy,Dry,Dark-Not Lighted
2022-05-15T09:55:00.000,I 75,I 75 and I 675,,Not a Collision with Motor Vehicle,1,Clear,Dry,Daylight
2022-04-22T13:38:00.000,I 75,I 75 and I 675,,Sideswipe-Same Direction,2,Clear,Dry,Daylight
2022-03-23T08:36:00.000,I 75,I 75 and I 675,,Not a Collision with Motor Vehicle,1,Cloudy,Dry,Daylight
2022-05-20T12:25:00.000,I 75,I 75 and I 675,,Rear End,2,Clear,Dry,Daylight
2022-10-16T21:35:00.000,I 75,I 75 and I 675,,Not a Collision with Motor Vehicle,1,Clear,Dry,Dark-Lighted
2022-12-21T10:30:00.000,I 75,I 75 and I 675,,Rear End,2,Cloudy,Dry,Daylight
2022-06-29T08:45:00.000,I 75,I 75 and I 675,,Rear End,2,Cloudy,Dry,Daylight
2022-05-01T12:49:00.000,I 75,I 75 and I 675,,Rear End,3,Clear,Dry,Daylight
2022-11-15T06:19:00.000,I 75,I 75 and I 675,,Sideswipe-Same Direction,2,Rain,Wet,Dark-Not Lighted
2022-08-24T11:45:00.000,I 75,I 75 and I 675,,Rear End,4,Cloudy,Dry,Daylight
2022-03-03T00:10:00.000,I 75,I 75 and I 675,,Angle Crash,2,Clear,Dry,Dark-Not Lighted
2022-03-25T13:11:00.000,I 75,I 75 and I 675,,Rear End,2,Clear,Dry,Daylight
2022-01-27T11:40:00.000,I 75,I 75 and I 675,,Not a Collision with Motor Vehicle,1,Clear,Dry,Daylight
2022-05-10T15:40:00.000,I 75,I 75 and I 675,,Sideswipe-Same Direction,2,Clear,Dry,Dark-Lighted
2022-11-24T14:39:00.000,I 75,I 75 and I 675,,Sideswipe-Same Direction,2,Cloudy,Dry,Daylight
2022-08-23T03:20:00.000,I 75,I 75 and I 675,,Angle Crash,2,Clear,Dry,Dark-Lighted