Date and Time,Roadway (From Crash Report),Intersection Name (from Crash Report),KABCO Severity,Manner of Collision (Crash Level) ,# of Vehicles per crash ,Weather Conditions (Crash Level),Surface Condition (Crash Level) ,Light Conditions (Crash Level)
2021-06-08T09:08:00.000,I 285,I 75 and I 285,,Sideswipe-Same Direction,2,Cloudy,Dry,Daylight
2021-06-15T11:30:00.000,I 75,I 75 and I 285,,Rear End,2,Clear,Dry,Daylight
2021-05-21T02:21:00.000,I 75,I 75 and I 285,,Not a Collision with Motor Vehicle,1,Clear,Dry,Dark-Lighted
2021-04-30T00:54:00.000,I 285,I 75 and I 285,,Rear End,3,Clear,Wet,Dark-Lighted
2021-06-06T11:35:00.000,I 285,I 75 and I 285,,Sideswipe-Same Direction,2,Clear,Dry,Daylight
2021-02-11T07:00:00.000,I 75,I 75 and I 285,,Sideswipe-Same Direction,2,Fog,Wet,Dark-Not Lighted
2021-06-10T16:57:00.000,I 285,I 75 and I 285,,Sideswipe-Same Direction,2,Clear,Dry,Daylight
2021-04-20T15:10:00.000,I 285,I 75 and I 285,,Sideswipe-Same Direction,2,Clear,Dry,Daylight
2021-04-23T00:00:00.000,I 75,I 75 and I 285,,Rear End,2,Clear,Dry,Daylight
2021-03-20T22:55:00.000,I 285,I 75 and I 285,,Not a Collision with Motor Vehicle,1,Clear,Dry,Dark-Lighted
2021-06-10T19:44:00.000,I 75,I 75 and I 285,,Not a Collision with Motor Vehicle,1,Cloudy,Wet,Daylight
2021-10-09T20:55:00.000,I 75,I 75 and I 285,,Rear End,2,Clear,Dry,Dark-Not Lighted
2021-07-22T10:28:00.000,I 285,I 75 and I 285,,Angle Crash,2,Clear,Dry,Daylight
2021-12-31T00:00:00.000,I 285,I 75 and I 285,,Not a Collision with Motor Vehicle,1,Clear,Wet,Dark-Not Lighted
2021-09-05T22:15:00.000,I 285,I 75 and I 285,,Sideswipe-Same Direction,2,Clear,Dry,Dark-Not Lighted
2021-08-11T14:07:00.000,I 285,I 75 and I 285,,Sideswipe-Same Direction,2,Clear,Dry,Daylight
2021-12-18T11:00:00.000,I 285,I 75 and I 285,,Rear End,2,Rain,Wet,Daylight
2021-08-26T00:00:00.000,I 285,I 75 and I 285,,Sideswipe-Same Direction,2,Clear,Dry,Daylight
2021-11-18T20:41:00.000,I 75,I 75 and I 285,,Sideswipe-Same Direction,2,Clear,Dry,Dark-Not Lighted
2021-09-07T16:38:00.000,I 285,I 75 and I 285,,Rear End,2,Clear,Dry,Daylight
2021-07-20T03:18:00.000,I 285,I 75 and I 285,,Not a Collision with Motor Vehicle,1,Rain,Wet,Dark-Not Lighted
2021-11-04T19:15:00.000,I 285,I 75 and I 285,,Rear End,2,Cloudy,Dry,Dark-Not Lighted
2021-12-23T17:58:00.000,I 75,I 75 and I 285,,Angle Crash,2,Clear,Dry,Dark-Not Lighted
2021-09-07T06:23:00.000,I 75,I 75 and I 285,,Rear End,2,Clear,Dry,Daylight
2021-12-31T10:42:00.000,I 75,I 75 and I 285,,Sideswipe-Same Direction,2,Rain,Wet,Dark-Not Lighted
2021-08-12T14:00:00.000,I 75,I 75 and I 285,,Sideswipe-Same Direction,2,Cloudy,Dry,Daylight
2021-07-10T18:35:00.000,I 75,I 75 and I 285,,Rear End,2,Rain,Wet,Daylight
2021-09-08T17:09:00.000,I 75,I 75 and I 285,,Sideswipe-Same Direction,2,Clear,Dry,Daylight
2021-12-29T11:25:00.000,I 75,I 75 and I 285,,Rear End,2,Cloudy,Wet,Daylight
2021-09-28T22:55:00.000,I 285,I 75 and I 285,,Rear End,2,Clear,Dry,Dark-Not Lighted
2021-08-22T02:43:00.000,I 75,I 75 and I 285,,Not a Collision with Motor Vehicle,1,Clear,Wet,Dark-Not Lighted
2021-10-31T01:35:00.000,I 285,I 75 and I 285,,Angle Crash,2,Cloudy,Wet,Dark-Lighted
2021-09-24T21:27:00.000,I 75,I 75 and I 285,,Rear End,2,Clear,Dry,Dark-Not Lighted
2021-12-02T12:09:00.000,I 285,I 75 and I 285,,Sideswipe-Same Direction,2,Clear,Dry,Daylight
2021-08-26T16:46:00.000,I 75,I 75 and I 285,,Rear End,4,Clear,Dry,Daylight
2021-08-17T05:39:00.000,I 285,I 75 and I 285,,Not a Collision with Motor Vehicle,1,Rain,Wet,Dark-Lighted
2021-12-30T18:54:00.000,I 75,I 75 and I 285,,Sideswipe-Same Direction,2,Clear,Wet,Dark-Not Lighted
2021-09-30T07:10:00.000,I 285,I 75 and I 285,,Sideswipe-Same Direction,2,Clear,Dry,Daylight
2021-12-30T02:00:00.000,I 75,I 75 and I 285,,Not a Collision with Motor Vehicle,1,Rain,Wet,Dark-Lighted
2021-08-09T06:08:00.000,I 75,I 75 and I 285,,Rear End,3,Clear,Dry,Dark-Not Lighted
2021-07-12T08:30:00.000,I 285,I 75 and I 285,,Angle Crash,2,Cloudy,Dry,Daylight
2021-11-29T13:56:00.000,I 285,I 75 and I 285,,Not a Collision with Motor Vehicle,1,Clear,Dry,Daylight
2021-09-11T16:30:00.000,I 285,I 75 and I 285,,Angle Crash,2,Clear,Dry,Daylight
2021-11-20T12:15:00.000,I 75,I 75 and I 285,,Rear End,2,Cloudy,Dry,Daylight
2021-08-23T23:22:00.000,I 285,I 75 and I 285,,Rear End,2,Clear,Dry,Dark-Lighted
2021-12-08T07:45:00.000,I 75,I 75 and I 285,,Rear End,2,Cloudy,Wet,Daylight
2021-07-18T23:49:00.000,I 75,I 75 and I 285,,Not a Collision with Motor Vehicle,1,Rain,Wet,Dark-Lighted
2021-10-07T22:35:00.000,I 75,I 75 and I 285,,Sideswipe-Same Direction,2,Clear,Dry,Dark-Not Lighted
2021-12-17T15:58:00.000,I 75,I 75 and I 285,,Sideswipe-Same Direction,2,Clear,Dry,Daylight
2021-08-13T15:30:00.000,I 75,I 75 and I 285,,Sideswipe-Same Direction,2,Clear,Dry,Daylight
2021-07-23T05:22:00.000,I 285,I 75 and I 285,,Not a Collision with Motor Vehicle,1,Clear,Dry,Dark-Lighted
2021-09-13T20:33:00.000,I 75,I 75 and I 285,,Not a Collision with Motor Vehicle,1,Clear,Dry,Dark-Not Lighted
2021-11-01T17:28:00.000,I 285,I 75 and I 285,,Rear End,2,Clear,Dry,Daylight
2021-11-19T18:38:00.000,I 285,I 75 and I 285,,Rear End,2,Clear,Dry,Dark-Not Lighted
2021-11-05T15:17:00.000,I 285,I 75 and I 285,,Sideswipe-Same Direction,2,Cloudy,Dry,Daylight
2021-12-13T17:52:00.000,I 285,I 75 and I 285,,Rear End,2,Clear,Dry,Dark-Lighted
2021-08-26T04:38:00.000,I 285,I 75 and I 285,,Not a Collision with Motor Vehicle,1,Clear,Dry,Dark-Lighted
2021-09-24T18:00:00.000,I 285,I 75 and I 285,,Rear End,2,Clear,Dry,Daylight
2021-11-12T05:28:00.000,I 285,I 75 and I 285,,Not a Collision with Motor Vehicle,1,Clear,Wet,Dark-Not Lighted
2021-10-19T22:18:00.000,I 75,I 75 and I 285,,Not a Collision with Motor Vehicle,1,Clear,Dry,Dark-Not Lighted
2021-09-29T14:20:00.000,I 285,I 75 and I 285,,Sideswipe-Same Direction,2,Cloudy,Dry,Daylight
2021-10-13T00:00:00.000,I 285,I 75 and I 285,,Rear End,2,Clear,Dry,Daylight
2021-09-15T14:58:00.000,I 285,I 75 and I 285,,Angle Crash,2,Cloudy,Wet,Daylight
2021-08-12T17:57:00.000,I 75,I 75 and I 285,,Rear End,2,Clear,Dry,Daylight
2021-09-04T00:52:00.000,I 75,I 75 and I 285,,Rear End,2,Clear,Dry,Dark-Lighted
2021-01-31T15:45:00.000,I 285,I 75 and I 285,,Sideswipe-Same Direction,2,Cloudy,Wet,Daylight
2021-01-26T14:42:00.000,I 285,I 75 and I 285,,Sideswipe-Same Direction,2,Cloudy,Dry,Daylight
2021-05-28T13:40:00.000,I 285,I 75 and I 285,,Sideswipe-Same Direction,2,Clear,Dry,Daylight
2021-01-20T21:36:00.000,I 75,I 75 and I 285,,Sideswipe-Same Direction,2,Clear,Dry,Dark-Lighted
2021-06-27T17:08:00.000,I 285,I 75 and I 285,,Rear End,2,Clear,Dry,Daylight
2021-01-27T08:45:00.000,I 285,I 75 and I 285,,Rear End,2,Rain,Wet,Daylight
2021-01-06T15:30:00.000,I 75,I 75 and I 285,,Sideswipe-Same Direction,2,Clear,Dry,Daylight
2021-03-31T13:56:00.000,I 285,I 75 and I 285,,Sideswipe-Same Direction,2,Rain,Wet,Daylight
2021-03-10T11:10:00.000,I 75,I 75 and I 285,,Sideswipe-Same Direction,2,Clear,Dry,Daylight
2021-05-14T15:00:00.000,I 285,I 75 and I 285,,Sideswipe-Same Direction,2,Clear,Dry,Daylight
2021-01-13T09:27:00.000,I 75,I 75 and I 285,,Rear End,2,Clear,Dry,Daylight
2021-06-12T22:07:00.000,I 285,I 75 and I 285,,Sideswipe-Same Direction,2,Clear,Dry,Dark-Lighted
2021-03-22T02:45:00.000,I 75,I 75 and I 285,,Not a Collision with Motor Vehicle,1,Clear,Dry,Dark-Lighted
2021-05-15T20:03:00.000,I 75,I 75 and I 285,,Sideswipe-Same Direction,2,Clear,Dry,Daylight
2021-06-26T19:30:00.000,I 285,I 75 and I 285,,Rear End,2,Clear,Dry,Daylight
2021-01-19T12:34:00.000,I 75,I 75 and I 285,,Sideswipe-Same Direction,2,Clear,Dry,Daylight
2021-01-31T16:25:00.000,I 285,I 75 and I 285,,Not a Collision with Motor Vehicle,1,Cloudy,Wet,Daylight
2021-05-04T14:00:00.000,I 75,I 75 and I 285,,Sideswipe-Same Direction,2,Rain,Wet,Daylight
2021-06-17T09:35:00.000,I 75,I 75 and I 285,,Rear End,6,Clear,Dry,Daylight
2021-06-29T11:20:00.000,I 75,I 75 and I 285,,Sideswipe-Same Direction,2,Cloudy,Dry,Daylight
2021-03-29T09:06:00.000,I 75,I 75 and I 285,,Rear End,3,Clear,Dry,Daylight
2021-02-11T11:55:00.000,I 285,I 75 and I 285,,Sideswipe-Same Direction,2,Rain,Wet,Daylight
2021-03-30T12:20:00.000,I 285,I 75 and I 285,,Not a Collision with Motor Vehicle,1,Clear,Dry,Daylight
2021-02-04T06:18:00.000,I 285,I 75 and I 285,,Sideswipe-Same Direction,1,Cloudy,Dry,Dark-Not Lighted
2021-04-09T03:47:00.000,I 285,I 75 and I 285,,Not a Collision with Motor Vehicle,1,Clear,Dry,Dark-Not Lighted
2021-04-21T12:15:00.000,I 75,I 75 and I 285,,Sideswipe-Same Direction,2,Clear,Dry,Daylight
2021-03-31T21:30:00.000,I 75,I 75 and I 285,,Angle Crash,2,Clear,Wet,Dawn
2021-03-15T06:36:00.000,I 285,I 75 and I 285,,Sideswipe-Same Direction,2,Clear,Dry,Dark-Not Lighted
2021-02-08T17:21:00.000,I 75,I 75 and I 285,,Angle Crash,3,Clear,Dry,Daylight
2021-03-28T13:48:00.000,I 285,I 75 and I 285,,Rear End,2,Cloudy,Wet,Daylight
2021-04-03T04:15:00.000,I 75,I 75 and I 285,,Not a Collision with Motor Vehicle,1,Clear,Dry,Dark-Not Lighted
2021-05-05T00:00:00.000,I 75,I 75 and I 285,,Rear End,2,Clear,Dry,Daylight
2021-06-24T15:00:00.000,I 75,I 75 and I 285,,Rear End,3,Clear,Dry,Daylight
2021-06-03T15:10:00.000,I 285,I 75 and I 285,,Rear End,2,Cloudy,Dry,Daylight
2021-04-29T13:50:00.000,I 75,I 75 and I 285,,Sideswipe-Same Direction,2,Clear,Dry,Daylight
2021-01-25T23:42:00.000,I 285,I 75 and I 285,,Sideswipe-Same Direction,2,Rain,Wet,Dark-Lighted
2021-01-14T10:02:00.000,I 285,I 75 and I 285,,Rear End,2,Clear,Dry,Daylight
2021-01-13T19:11:00.000,I 285,I 75 and I 285,,Rear End,2,Clear,Dry,Dark-Not Lighted
2021-02-18T06:20:00.000,I 285,I 75 and I 285,,Not a Collision with Motor Vehicle,1,Rain,Wet,Dark-Not Lighted
2021-06-05T23:30:00.000,I 285,I 75 and I 285,,Rear End,4,Cloudy,Wet,Dark-Lighted
2021-03-31T21:30:00.000,I 75,I 75 and I 285,,Angle Crash,2,Clear,Wet,Dawn
2021-04-17T12:05:00.000,I 285,I 75 and I 285,,Angle Crash,2,Cloudy,Dry,Daylight
2021-03-23T08:11:00.000,I 75,I 75 and I 285,,Sideswipe-Same Direction,2,Clear,Dry,Daylight
2021-05-02T14:20:00.000,I 75,I 75 and I 285,,Rear End,2,Cloudy,Dry,Daylight
2021-05-15T11:46:00.000,I 285,I 75 and I 285,,Sideswipe-Same Direction,2,Clear,Dry,Daylight
2021-03-12T08:45:00.000,I 285,I 75 and I 285,,Not a Collision with Motor Vehicle,2,Clear,Dry,Daylight
2021-06-15T13:39:00.000,I 285,I 75 and I 285,,Rear End,2,Clear,Dry,Daylight
2021-02-03T02:47:00.000,I 285,I 75 and I 285,,Sideswipe-Same Direction,2,Clear,Dry,Dark-Not Lighted
2021-05-15T15:52:00.000,I 285,I 75 and I 285,,Rear End,2,Clear,Dry,Daylight
2021-03-31T08:34:00.000,I 75,I 75 and I 285,,Not a Collision with Motor Vehicle,1,Rain,Wet,Daylight
2021-02-02T21:46:00.000,I 75,I 75 and I 285,,Head On,2,Clear,Dry,Dark-Lighted
2021-05-21T22:37:00.000,I 75,I 75 and I 285,,Sideswipe-Same Direction,2,Clear,Dry,Dark-Not Lighted
2021-03-19T14:28:00.000,I 285,I 75 and I 285,,Sideswipe-Same Direction,2,Clear,Dry,Daylight
2021-06-10T12:23:00.000,I 285,I 75 and I 285,,Sideswipe-Same Direction,2,Cloudy,Dry,Daylight
2021-03-04T07:48:00.000,I 75,I 75 and I 285,,Rear End,2,Clear,Dry,Daylight
2021-01-08T14:05:00.000,I 75,I 75 and I 285,,Sideswipe-Same Direction,2,Cloudy,Wet,Daylight
2021-06-27T16:59:00.000,I 285,I 75 and I 285,,Not a Collision with Motor Vehicle,1,Clear,Dry,Daylight
2021-03-08T15:04:00.000,I 75,I 75 and I 285,,Not a Collision with Motor Vehicle,1,Clear,Dry,Daylight
2021-03-14T22:30:00.000,I 75,I 75 and I 285,,Angle Crash,2,Clear,Dry,Dark-Not Lighted
2021-01-21T16:15:00.000,I 285,I 75 and I 285,,Sideswipe-Same Direction,2,Cloudy,Wet,Daylight
2021-04-04T09:55:00.000,I 75,I 75 and I 285,,Sideswipe-Same Direction,2,Clear,Dry,Daylight
2021-02-24T19:41:00.000,I 285,I 75 and I 285,,Sideswipe-Same Direction,2,Clear,Dry,Dark-Not Lighted
2021-01-01T18:10:00.000,I 285,I 75 and I 285,,Sideswipe-Same Direction,2,Rain,Wet,Dark-Lighted
2021-05-01T19:10:00.000,I 285,I 75 and I 285,,Sideswipe-Same Direction,2,Cloudy,Dry,Daylight
2021-03-25T15:28:00.000,I 285,I 75 and I 285,,Rear End,2,Clear,Dry,Dawn
2021-04-21T12:05:00.000,I 285,I 75 and I 285,,Sideswipe-Same Direction,2,Clear,Dry,Daylight
2021-04-22T08:35:00.000,I 285,I 75 and I 285,,Rear End,2,Clear,Dry,Daylight
2021-04-22T09:37:00.000,I 285,I 75 and I 285,,Rear End,2,Clear,Dry,Daylight
2021-02-09T17:15:00.000,I 285,I 75 and I 285,,Sideswipe-Same Direction,2,Cloudy,Dry,Daylight
2021-02-12T14:40:00.000,I 285,I 75 and I 285,,Rear End,2,Cloudy,Dry,Daylight
2021-02-05T05:34:00.000,I 75,I 75 and I 285,,Sideswipe-Same Direction,2,Rain,Wet,Daylight
2021-06-10T07:25:00.000,I 285,I 75 and I 285,,Sideswipe-Same Direction,2,Cloudy,Dry,Daylight
2021-03-17T14:56:00.000,I 75,I 75 and I 285,,Sideswipe-Same Direction,2,Cloudy,Wet,Daylight
2021-05-16T16:30:00.000,I 285,I 75 and I 285,,Sideswipe-Same Direction,2,Clear,Dry,Daylight
2021-04-08T14:14:00.000,I 285,I 75 and I 285,,Not a Collision with Motor Vehicle,1,Cloudy,Dry,Daylight
2021-03-26T07:00:00.000,I 285,I 75 and I 285,,Rear End,2,Other,Wet,Dawn
2021-03-02T20:20:00.000,I 75,I 75 and I 285,,Not a Collision with Motor Vehicle,1,Rain,Wet,Dark-Not Lighted
2021-06-02T15:18:00.000,I 75,I 75 and I 285,,Sideswipe-Same Direction,2,Clear,Dry,Daylight
2021-03-03T05:15:00.000,I 75,I 75 and I 285,,Rear End,2,Clear,Dry,Dark-Lighted
2021-03-26T03:55:00.000,I 75,I 75 and I 285,,Not a Collision with Motor Vehicle,1,Rain,Wet,Dark-Lighted
2021-01-05T17:37:00.000,I 285,I 75 and I 285,,Sideswipe-Same Direction,3,Clear,Dry,Daylight
2021-05-08T01:15:00.000,I 285,I 75 and I 285,,Sideswipe-Same Direction,2,Clear,Dry,Dark-Not Lighted
2021-05-19T14:32:00.000,I 75,I 75 and I 285,,Sideswipe-Same Direction,2,Clear,Dry,Daylight
2021-06-29T11:22:00.000,I 285,I 75 and I 285,,Rear End,3,Clear,Dry,Dark-Not Lighted
2021-05-31T16:09:00.000,I 75,I 75 and I 285,,Sideswipe-Same Direction,2,Clear,Dry,Daylight
2021-03-03T07:26:00.000,I 75,I 75 and I 285,,Not a Collision with Motor Vehicle,1,Clear,Wet,Daylight
2021-03-09T12:40:00.000,I 285,I 75 and I 285,,Rear End,2,Clear,Dry,Daylight
2021-06-11T13:40:00.000,I 75,I 75 and I 285,,Sideswipe-Same Direction,2,Cloudy,Dry,Daylight
2021-03-26T22:16:00.000,I 285,I 75 and I 285,,Rear End,2,Clear,Dry,Dark-Not Lighted
2021-03-27T13:22:00.000,I 285,I 75 and I 285,,Rear End,3,Cloudy,Dry,Daylight
2021-06-12T12:00:00.000,I 285,I 75 and I 285,,Sideswipe-Same Direction,2,Clear,Dry,Daylight
2021-05-09T22:24:00.000,I 285,I 75 and I 285,,Rear End,2,Clear,Dry,Dark-Lighted
2021-01-31T17:10:00.000,I 75,I 75 and I 285,,Not a Collision with Motor Vehicle,1,Cloudy,Wet,Daylight
2021-03-09T15:30:00.000,I 75,I 75 and I 285,,Not a Collision with Motor Vehicle,2,Clear,Dry,Daylight
2021-03-10T07:00:00.000,I 75,I 75 and I 285,,Angle Crash,2,Clear,Dry,Dawn
2021-01-01T19:18:00.000,I 285,I 75 and I 285,,Not a Collision with Motor Vehicle,1,Cloudy,Wet,Dark-Not Lighted
2021-03-18T09:44:00.000,I 285,I 75 and I 285,,Rear End,3,Cloudy,Wet,Daylight
2021-01-05T15:30:00.000,I 285,I 75 and I 285,,Rear End,2,Clear,Dry,Daylight
2021-07-19T16:05:00.000,I 285,I 75 and I 285,,Not a Collision with Motor Vehicle,1,Rain,Wet,Daylight
2021-09-19T03:46:00.000,I 75,I 75 and I 285,,Not a Collision with Motor Vehicle,2,Rain,Wet,Dark-Lighted
2021-11-01T19:56:00.000,I 285,I 75 and I 285,,Sideswipe-Same Direction,2,Clear,Dry,Dark-Lighted
2021-11-16T19:27:00.000,I 285,I 75 and I 285,,Sideswipe-Same Direction,2,Cloudy,Dry,Dark-Not Lighted
2021-08-01T19:18:00.000,I 285,I 75 and I 285,,Sideswipe-Same Direction,2,Clear,Dry,Daylight
2021-07-02T01:34:00.000,I 285,I 75 and I 285,,Not a Collision with Motor Vehicle,1,Clear,Dry,Dark-Not Lighted
2021-07-10T22:24:00.000,I 75,I 75 and I 285,,Rear End,2,Rain,Wet,Dark-Lighted
2021-07-21T20:30:00.000,I 285,I 75 and I 285,,Rear End,2,Cloudy,Wet,Daylight
2021-07-07T17:25:00.000,I 285,I 75 and I 285,,Sideswipe-Same Direction,2,Clear,Dry,Daylight
2021-11-12T05:17:00.000,I 285,I 75 and I 285,,Rear End,2,Clear,Wet,Dark-Not Lighted
2021-10-26T06:20:00.000,I 285,I 75 and I 285,,Sideswipe-Same Direction,2,Clear,Dry,Dark-Lighted
2021-10-12T17:58:00.000,I 285,I 75 and I 285,,Rear End,2,Clear,Dry,Daylight
2021-07-21T19:37:00.000,I 285,I 75 and I 285,,Not a Collision with Motor Vehicle,1,Rain,Wet,Daylight
2021-07-06T22:00:00.000,I 285,I 75 and I 285,,Not a Collision with Motor Vehicle,1,Rain,Wet,Dark-Not Lighted
2021-07-22T00:01:00.000,I 285,I 75 and I 285,,Not a Collision with Motor Vehicle,1,Rain,Wet,Dark-Not Lighted
2021-10-28T08:15:00.000,I 285,I 75 and I 285,,Sideswipe-Same Direction,3,Rain,Wet,Dark-Not Lighted
2021-07-06T08:35:00.000,I 285,I 75 and I 285,,Sideswipe-Same Direction,2,Clear,Dry,Daylight
2021-08-26T14:00:00.000,I 285,I 75 and I 285,,Rear End,3,Clear,Dry,Daylight
2021-10-28T16:09:00.000,I 285,I 75 and I 285,,Rear End,2,Cloudy,Wet,Daylight
2021-11-04T08:00:00.000,I 75,I 75 and I 285,,Rear End,4,Cloudy,Wet,Daylight
2021-09-09T10:00:00.000,I 75,I 75 and I 285,,Rear End,2,Clear,Dry,Daylight
2021-11-24T13:03:00.000,I 285,I 75 and I 285,,Rear End,2,Clear,Dry,Daylight
2021-07-26T20:20:00.000,I 75,I 75 and I 285,,Not a Collision with Motor Vehicle,1,Rain,Wet,Dark-Lighted
2021-08-27T05:18:00.000,I 75,I 75 and I 285,,Rear End,2,Clear,Dry,Dark-Lighted
2021-09-13T18:00:00.000,I 285,I 75 and I 285,,Not a Collision with Motor Vehicle,1,Clear,Dry,Daylight
2021-09-19T17:00:00.000,I 75,I 75 and I 285,,Sideswipe-Same Direction,2,Cloudy,Wet,Daylight
2021-09-18T22:38:00.000,I 285,I 75 and I 285,,Sideswipe-Same Direction,2,Rain,Wet,Dark-Lighted
2021-11-06T00:00:00.000,I 285,I 75 and I 285,,Not a Collision with Motor Vehicle,1,Clear,Dry,Dark-Not Lighted
2021-08-03T17:12:00.000,I 75,I 75 and I 285,,Angle Crash,2,Cloudy,Dry,Daylight
2021-08-15T14:45:00.000,I 75,I 75 and I 285,,Sideswipe-Same Direction,2,Clear,Dry,Daylight
2021-11-04T01:58:00.000,I 75,I 75 and I 285,,Not a Collision with Motor Vehicle,1,Rain,Wet,Dark-Not Lighted
2021-09-17T07:25:00.000,I 75,I 75 and I 285,,Sideswipe-Same Direction,2,Cloudy,Dry,Dawn
2021-12-21T02:30:00.000,I 285,I 75 and I 285,,Not a Collision with Motor Vehicle,1,Clear,Dry,Dark-Lighted
2021-10-03T19:56:00.000,I 75,I 75 and I 285,,Not a Collision with Motor Vehicle,1,Cloudy,Wet,Dark-Lighted
2021-08-07T16:35:00.000,I 75,I 75 and I 285,,Sideswipe-Same Direction,2,Clear,Dry,Daylight
2021-10-10T01:39:00.000,I 75,I 75 and I 285,,Not a Collision with Motor Vehicle,1,Clear,Dry,Dark-Lighted
2021-11-12T00:00:00.000,I 285,I 75 and I 285,,Sideswipe-Same Direction,2,Clear,Dry,Dark-Not Lighted
2021-11-08T15:19:00.000,I 75,I 75 and I 285,,Sideswipe-Same Direction,2,Clear,Dry,Daylight
2021-09-30T10:15:00.000,I 75,I 75 and I 285,,Rear End,2,Clear,Dry,Daylight
2021-09-01T03:15:00.000,I 75,I 75 and I 285,,Not a Collision with Motor Vehicle,1,Cloudy,Wet,Dark-Not Lighted
2021-10-02T18:37:00.000,I 285,I 75 and I 285,,Sideswipe-Same Direction,2,Clear,Dry,Daylight
2021-08-25T21:15:00.000,I 75,I 75 and I 285,,Not a Collision with Motor Vehicle,1,Rain,Water (standing or moving),Dark-Lighted
2021-12-21T21:37:00.000,I 285,I 75 and I 285,,Rear End,2,Clear,Wet,Dark-Not Lighted
2021-08-11T14:30:00.000,I 285,I 75 and I 285,,Sideswipe-Same Direction,2,Cloudy,Dry,Daylight
2021-06-14T14:00:00.000,I 285,I 75 and I 285,,Not a Collision with Motor Vehicle,2,Rain,Wet,Daylight
2021-06-15T07:34:00.000,I 285,I 75 and I 285,,Rear End,4,Clear,Dry,Daylight
2021-08-29T12:30:00.000,I 285,I 75 and I 285,,Rear End,2,Clear,Dry,Daylight
2021-12-23T14:38:00.000,I 75,I 75 and I 285,,Angle Crash,2,Clear,Dry,Daylight
2021-10-21T12:45:00.000,I 285,I 75 and I 285,,Sideswipe-Same Direction,2,Cloudy,Ice/Frost,Daylight
2021-07-31T17:18:00.000,I 285,I 75 and I 285,,Sideswipe-Same Direction,2,Clear,Dry,Daylight
2021-07-24T23:40:00.000,I 285,I 75 and I 285,,Not a Collision with Motor Vehicle,1,Clear,Dry,Dark-Lighted
2021-07-11T22:42:00.000,I 75,I 75 and I 285,,Sideswipe-Same Direction,2,Clear,Dry,Dark-Lighted
2021-08-20T16:53:00.000,I 285,I 75 and I 285,,Rear End,2,Cloudy,Wet,Daylight
2021-12-23T17:58:00.000,I 75,I 75 and I 285,,Angle Crash,2,Clear,Dry,Dark-Not Lighted
2021-10-27T06:30:00.000,I 285,I 75 and I 285,,Angle Crash,2,Clear,Dry,Dark-Not Lighted
2021-08-08T16:00:00.000,I 75,I 75 and I 285,,Rear End,2,Clear,Dry,Daylight
2021-11-29T14:10:00.000,I 285,I 75 and I 285,,Rear End,2,Clear,Dry,Daylight
2021-07-15T10:10:00.000,I 285,I 75 and I 285,,Rear End,2,Clear,Dry,Daylight
2021-10-18T01:25:00.000,I 285,I 75 and I 285,,Sideswipe-Same Direction,2,Clear,Dry,Dark-Lighted
2021-07-28T18:28:00.000,I 285,I 75 and I 285,,Sideswipe-Same Direction,2,Cloudy,Dry,Daylight
2021-11-24T22:10:00.000,I 75,I 75 and I 285,,Sideswipe-Same Direction,2,Clear,Dry,Dark-Lighted
2021-10-21T12:25:00.000,I 285,I 75 and I 285,,Sideswipe-Same Direction,2,Cloudy,Dry,Daylight
2021-09-18T03:44:00.000,I 75,I 75 and I 285,,Rear End,2,Clear,Dry,Dark-Lighted
2021-08-22T14:18:00.000,I 285,I 75 and I 285,,Rear End,2,Cloudy,Wet,Daylight
2021-12-10T21:25:00.000,I 285,I 75 and I 285,,Rear End,2,Clear,Dry,Dawn
2021-12-23T18:55:00.000,I 75,I 75 and I 285,,Angle Crash,2,Clear,Dry,Dark-Not Lighted
2021-11-08T07:45:00.000,I 285,I 75 and I 285,,Rear End,2,Clear,Dry,Daylight
2021-12-23T05:39:00.000,I 285,I 75 and I 285,,Angle Crash,2,Clear,Dry,Dark-Lighted
2021-08-04T10:08:00.000,I 75,I 75 and I 285,,Sideswipe-Same Direction,2,Cloudy,Dry,Daylight
2021-07-20T23:00:00.000,I 285,I 75 and I 285,,Rear End,2,Cloudy,Dry,Dark-Lighted
2021-08-12T17:50:00.000,I 75,I 75 and I 285,,Rear End,2,Clear,Dry,Daylight
2021-08-11T01:50:00.000,I 75,I 75 and I 285,,Rear End,2,Clear,Dry,Dark-Not Lighted
2021-10-17T04:25:00.000,I 75,I 75 and I 285,,Not a Collision with Motor Vehicle,1,Clear,Dry,Dark-Lighted
2021-10-06T13:25:00.000,I 75,I 75 and I 285,,Sideswipe-Same Direction,2,Cloudy,Wet,Daylight
2021-11-04T07:23:00.000,I 75,I 75 and I 285,,Rear End,2,Rain,Wet,Daylight
2021-11-17T16:27:00.000,I 285,I 75 and I 285,,Sideswipe-Same Direction,2,Clear,Dry,Daylight
2021-09-26T00:07:00.000,I 75,I 75 and I 285,,Not a Collision with Motor Vehicle,1,Clear,Dry,Dark-Lighted