Date and Time,Roadway (From Crash Report),Intersection Name (from Crash Report),KABCO Severity,Manner of Collision (Crash Level) ,# of Vehicles per crash ,Weather Conditions (Crash Level),Surface Condition (Crash Level) ,Light Conditions (Crash Level)
2021-08-08T23:12:00.000,I 75,I 75 and I 285,,Sideswipe-Same Direction,2,Clear,Dry,Dark-Not Lighted
2021-12-31T19:11:00.000,I 285,I 75 and I 285,,Sideswipe-Same Direction,2,Clear,Dry,Dark-Not Lighted
2021-07-09T17:30:00.000,I 75,I 75 and I 285,,Sideswipe-Same Direction,2,Cloudy,Dry,Daylight
2021-10-03T18:30:00.000,I 285,I 75 and I 285,,Rear End,2,Rain,Wet,Daylight
2021-09-28T22:57:00.000,I 285,I 75 and I 285,,Rear End,3,Clear,Dry,Dark-Not Lighted
2021-12-17T19:33:00.000,I 285,I 75 and I 285,,Rear End,2,Cloudy,Dry,Dark-Not Lighted
2021-08-11T14:57:00.000,I 75,I 75 and I 285,,Sideswipe-Same Direction,2,Cloudy,Wet,Daylight
2021-07-18T16:30:00.000,I 285,I 75 and I 285,,Rear End,2,Rain,Wet,Daylight
2021-07-19T04:22:00.000,I 75,I 75 and I 285,,Not a Collision with Motor Vehicle,1,Rain,Wet,Dark-Not Lighted
2021-12-19T05:45:00.000,I 75,I 75 and I 285,,Sideswipe-Same Direction,2,Cloudy,Dry,Dark-Lighted
2021-09-04T18:55:00.000,I 75,I 75 and I 285,,Angle Crash,2,Clear,Dry,Daylight
2021-10-17T00:20:00.000,I 285,I 75 and I 285,,Rear End,2,Clear,Dry,Dark-Lighted
2021-09-02T08:55:00.000,I 285,I 75 and I 285,,Sideswipe-Same Direction,2,Clear,Dry,Daylight
2021-12-22T09:32:00.000,I 75,I 75 and I 285,,Rear End,2,Clear,Dry,Daylight
2021-08-10T06:55:00.000,I 285,I 75 and I 285,,Sideswipe-Same Direction,3,Clear,Dry,Daylight
2021-08-03T18:28:00.000,I 285,I 75 and I 285,,Not a Collision with Motor Vehicle,1,Cloudy,Wet,Daylight
2021-09-27T15:10:00.000,I 285,I 75 and I 285,,Rear End,2,Clear,Dry,Daylight
2021-08-23T01:20:00.000,I 75,I 75 and I 285,,Rear End,2,Clear,Dry,Dark-Lighted
2021-10-10T09:30:00.000,I 75,I 75 and I 285,,Not a Collision with Motor Vehicle,1,Clear,Dry,Daylight
2021-11-22T04:59:00.000,I 285,I 75 and I 285,,Angle Crash,2,Rain,Wet,Dark-Not Lighted
2021-04-24T11:54:00.000,I 285,I 75 and I 285,,Sideswipe-Same Direction,2,Rain,Wet,Daylight
2021-03-30T09:00:00.000,I 285,I 75 and I 285,,Sideswipe-Same Direction,2,Cloudy,Dry,Daylight
2021-04-13T15:30:00.000,I 75,I 75 and I 285,,Rear End,2,Clear,Dry,Daylight
2021-05-25T09:04:00.000,I 285,I 75 and I 285,,Rear End,2,Clear,Dry,Daylight
2021-05-13T08:50:00.000,I 75,I 75 and I 285,,Sideswipe-Same Direction,2,Clear,Dry,Daylight
2021-03-23T20:20:00.000,I 285,I 75 and I 285,,Not a Collision with Motor Vehicle,1,Clear,Dry,Dark-Lighted
2021-05-02T15:40:00.000,I 285,I 75 and I 285,,Sideswipe-Same Direction,2,Clear,Dry,Daylight
2021-06-25T09:40:00.000,I 285,I 75 and I 285,,Rear End,2,Clear,Dry,Daylight
2021-06-09T18:40:00.000,I 285,I 75 and I 285,,Rear End,3,Cloudy,Wet,Daylight
2021-06-13T12:29:00.000,I 75,I 75 and I 285,,Rear End,2,Cloudy,Dry,Daylight
2021-06-12T13:22:00.000,I 285,I 75 and I 285,,Sideswipe-Same Direction,2,Clear,Dry,Daylight
2021-05-23T11:45:00.000,I 285,I 75 and I 285,,Rear End,2,Clear,Dry,Daylight
2021-06-09T08:13:00.000,I 285,I 75 and I 285,,Not a Collision with Motor Vehicle,1,Cloudy,Dry,Daylight
2021-06-03T13:05:00.000,I 285,I 75 and I 285,,Rear End,2,Cloudy,Dry,Daylight
2021-03-16T07:18:00.000,I 75,I 75 and I 285,,Sideswipe-Same Direction,2,Cloudy,Wet,Dark-Not Lighted
2021-02-18T05:45:00.000,I 75,I 75 and I 285,,Rear End,2,Rain,Wet,Dark-Not Lighted
2021-03-15T13:45:00.000,I 285,I 75 and I 285,,Sideswipe-Same Direction,2,Cloudy,Dry,Daylight
2021-04-18T22:30:00.000,I 75,I 75 and I 285,,Sideswipe-Same Direction,2,Clear,Dry,Dark-Not Lighted
2021-04-20T17:54:00.000,I 75,I 75 and I 285,,Rear End,2,Clear,Dry,Daylight
2021-04-28T23:04:00.000,I 285,I 75 and I 285,,Not a Collision with Motor Vehicle,2,Clear,Dry,Dark-Lighted
2021-01-05T17:37:00.000,I 285,I 75 and I 285,,Rear End,2,Clear,Dry,Daylight
2021-05-02T04:20:00.000,I 75,I 75 and I 285,,Not a Collision with Motor Vehicle,1,Clear,Dry,Dark-Lighted
2021-04-26T06:35:00.000,I 285,I 75 and I 285,,Sideswipe-Same Direction,2,Clear,Dry,Dawn
2021-01-14T08:00:00.000,I 285,I 75 and I 285,,Rear End,2,Clear,Dry,Daylight
2021-05-22T23:01:00.000,I 75,I 75 and I 285,,Rear End,3,Clear,Dry,Dark-Lighted
2021-06-15T18:20:00.000,I 75,I 75 and I 285,,Sideswipe-Same Direction,2,Clear,Dry,Daylight
2021-06-29T23:45:00.000,I 285,I 75 and I 285,,Rear End,2,Clear,Dry,Dark-Lighted
2021-01-25T15:52:00.000,I 285,I 75 and I 285,,Rear End,1,Cloudy,Wet,Daylight
2021-06-20T09:14:00.000,I 285,I 75 and I 285,,Sideswipe-Same Direction,2,Rain,Wet,Daylight
2021-02-18T05:45:00.000,I 75,I 75 and I 285,,Rear End,2,Rain,Wet,Dark-Not Lighted
2021-06-16T17:05:00.000,I 285,I 75 and I 285,,Sideswipe-Same Direction,2,Clear,Dry,Daylight
2021-05-02T03:50:00.000,I 75,I 75 and I 285,,Angle Crash,2,Clear,Dry,Dark-Lighted
2021-06-20T21:59:00.000,I 285,I 75 and I 285,,Rear End,3,Cloudy,Dry,Dark-Not Lighted
2021-02-05T13:38:00.000,I 285,I 75 and I 285,,Rear End,2,Clear,Dry,Daylight
2021-06-06T00:20:00.000,I 285,I 75 and I 285,,Sideswipe-Same Direction,2,Clear,Dry,Dark-Not Lighted
2021-02-04T17:30:00.000,I 285,I 75 and I 285,,Rear End,2,Clear,Dry,Daylight
2021-02-13T11:05:00.000,I 285,I 75 and I 285,,Angle Crash,2,Rain,Wet,Daylight
2021-06-23T10:10:00.000,I 75,I 75 and I 285,,Sideswipe-Same Direction,2,Cloudy,Dry,Daylight
2021-01-21T23:15:00.000,I 75,I 75 and I 285,,Not a Collision with Motor Vehicle,1,Clear,Dry,Dark-Not Lighted
2021-05-20T13:42:00.000,I 285,I 75 and I 285,,Sideswipe-Same Direction,2,Cloudy,Dry,Daylight
2021-04-24T20:05:00.000,I 285,I 75 and I 285,,Rear End,2,Clear,Dry,Daylight
2021-06-01T14:00:00.000,I 75,I 75 and I 285,,Sideswipe-Same Direction,2,Cloudy,Dry,Daylight
2021-03-15T00:00:00.000,I 285,I 75 and I 285,,Not a Collision with Motor Vehicle,1,Clear,Dry,Dark-Lighted
2021-02-01T08:40:00.000,I 285,I 75 and I 285,,Sideswipe-Same Direction,2,Clear,Dry,Daylight
2021-06-28T14:10:00.000,I 285,I 75 and I 285,,Rear End,2,Clear,Dry,Daylight
2021-02-08T07:51:00.000,I 75,I 75 and I 285,,Sideswipe-Same Direction,2,Cloudy,Dry,Daylight
2021-02-02T07:39:00.000,I 285,I 75 and I 285,,Sideswipe-Same Direction,2,Cloudy,Dry,Daylight
2021-08-13T16:00:00.000,I 285,I 75 and I 285,,Sideswipe-Same Direction,2,Cloudy,Dry,Daylight
2021-07-27T22:34:00.000,I 75,I 75 and I 285,,Rear End,2,Cloudy,Dry,Dark-Not Lighted
2021-09-21T09:45:00.000,I 285,I 75 and I 285,,Rear End,2,Cloudy,Wet,Daylight
2021-07-22T04:43:00.000,I 285,I 75 and I 285,,Sideswipe-Same Direction,2,Cloudy,Wet,Dark-Not Lighted
2021-07-19T09:00:00.000,I 75,I 75 and I 285,,Sideswipe-Same Direction,2,Cloudy,Wet,Daylight
2021-11-17T18:02:00.000,I 285,I 75 and I 285,,Rear End,2,Clear,Dry,Daylight
2021-10-13T02:53:00.000,I 75,I 75 and I 285,,Rear End,2,Clear,Dry,Dark-Not Lighted
2021-12-19T06:37:00.000,I 285,I 75 and I 285,,Not a Collision with Motor Vehicle,1,Rain,Wet,Dark-Not Lighted
2021-10-10T00:05:00.000,I 75,I 75 and I 285,,Not a Collision with Motor Vehicle,1,Clear,Dry,Dark-Not Lighted
2021-12-06T10:45:00.000,I 75,I 75 and I 285,,Sideswipe-Same Direction,2,Cloudy,Wet,Daylight
2021-08-25T10:00:00.000,I 285,I 75 and I 285,,Sideswipe-Same Direction,2,Clear,Dry,Daylight
2021-11-06T19:31:00.000,I 75,I 75 and I 285,,Rear End,3,Clear,Dry,Dark-Lighted
2021-10-31T22:51:00.000,I 75,I 75 and I 285,,Sideswipe-Same Direction,2,Clear,Dry,Dark-Not Lighted
2021-09-12T14:22:00.000,I 75,I 75 and I 285,,Sideswipe-Same Direction,2,Clear,Dry,Daylight
2021-08-12T07:50:00.000,I 75,I 75 and I 285,,Sideswipe-Same Direction,2,Clear,Dry,Daylight
2021-12-09T18:30:00.000,I 285,I 75 and I 285,,Angle Crash,2,Cloudy,Dry,Dark-Not Lighted
2021-09-04T00:10:00.000,I 75,I 75 and I 285,,Sideswipe-Same Direction,2,Clear,Dry,Dark-Lighted
2021-11-07T10:15:00.000,I 285,I 75 and I 285,,Rear End,2,Clear,Dry,Daylight
2021-10-29T20:17:00.000,I 285,I 75 and I 285,,Rear End,2,Rain,Wet,Dark-Not Lighted
2021-07-13T22:21:00.000,I 285,I 75 and I 285,,Not a Collision with Motor Vehicle,1,Cloudy,Wet,Dark-Lighted
2021-08-17T14:15:00.000,I 285,I 75 and I 285,,Not a Collision with Motor Vehicle,1,Rain,Wet,Daylight
2021-10-20T14:00:00.000,I 285,I 75 and I 285,,Not a Collision with Motor Vehicle,1,Clear,Dry,Daylight
2021-12-08T16:47:00.000,I 75,I 75 and I 285,,Rear End,2,Clear,Dry,Daylight
2021-12-01T16:01:00.000,I 285,I 75 and I 285,,Rear End,2,Clear,Dry,Dark-Not Lighted
2021-10-29T04:30:00.000,I 75,I 75 and I 285,,Not a Collision with Motor Vehicle,1,Cloudy,Wet,Dark-Lighted
2021-07-21T21:30:00.000,I 75,I 75 and I 285,,Angle Crash,2,Rain,Water (standing or moving),Dark-Lighted
2021-07-21T20:33:00.000,I 285,I 75 and I 285,,Not a Collision with Motor Vehicle,1,Rain,Wet,Daylight
2021-07-04T02:27:00.000,I 285,I 75 and I 285,,Sideswipe-Same Direction,2,Clear,Dry,Dark-Lighted
2021-08-19T20:56:00.000,I 285,I 75 and I 285,,Rear End,2,Clear,Dry,Dark-Not Lighted
2021-09-19T02:51:00.000,I 285,I 75 and I 285,,Rear End,2,Rain,Wet,Dark-Lighted
2021-07-18T03:39:00.000,I 285,I 75 and I 285,,Sideswipe-Same Direction,2,Clear,Wet,Dark-Lighted
2021-10-23T06:00:00.000,I 75,I 75 and I 285,,Sideswipe-Same Direction,2,Clear,Dry,Dark-Not Lighted
2021-10-01T00:27:00.000,I 75,I 75 and I 285,,Rear End,3,Clear,Dry,Dark-Lighted
2021-12-11T17:45:00.000,I 285,I 75 and I 285,,Rear End,2,Rain,Wet,Dark-Lighted
2021-09-11T21:05:00.000,I 285,I 75 and I 285,,Sideswipe-Same Direction,2,Clear,Dry,Dark-Not Lighted
2021-08-25T21:40:00.000,I 75,I 75 and I 285,,Angle Crash,2,Rain,Wet,Dark-Not Lighted
2021-08-19T15:39:00.000,I 285,I 75 and I 285,,Sideswipe-Same Direction,2,Cloudy,Wet,Daylight
2021-09-21T18:27:00.000,I 285,I 75 and I 285,,Rear End,2,Clear,Dry,Daylight
2021-07-21T20:28:00.000,I 285,I 75 and I 285,,Angle Crash,2,Rain,Wet,Daylight
2021-10-19T01:41:00.000,I 75,I 75 and I 285,,Not a Collision with Motor Vehicle,1,Clear,Dry,Dark-Not Lighted
2021-07-31T21:23:00.000,I 285,I 75 and I 285,,Sideswipe-Same Direction,2,Clear,Dry,Daylight
2021-07-05T02:35:00.000,I 285,I 75 and I 285,,Sideswipe-Same Direction,2,Clear,Dry,Dark-Not Lighted
2021-12-11T09:30:00.000,I 285,I 75 and I 285,,Not a Collision with Motor Vehicle,1,Cloudy,Wet,Daylight
2021-07-28T07:15:00.000,I 75,I 75 and I 285,,Rear End,2,Clear,Dry,Daylight
2021-12-06T06:03:00.000,I 75,I 75 and I 285,,Angle Crash,3,Cloudy,Dry,Dark-Lighted
2021-10-17T00:50:00.000,I 75,I 75 and I 285,,Rear End,2,Clear,Dry,Dark-Not Lighted
2021-08-03T20:12:00.000,I 285,I 75 and I 285,,Sideswipe-Same Direction,2,Cloudy,Dry,Dawn
2021-07-08T14:20:00.000,I 285,I 75 and I 285,,Sideswipe-Same Direction,2,Cloudy,Dry,Daylight
2021-09-19T08:08:00.000,I 285,I 75 and I 285,,Not a Collision with Motor Vehicle,1,Cloudy,Wet,Daylight
2021-09-18T21:36:00.000,I 285,I 75 and I 285,,Not a Collision with Motor Vehicle,1,Rain,Wet,Dark-Not Lighted
2021-08-07T13:31:00.000,I 285,I 75 and I 285,,Angle Crash,2,Cloudy,Dry,Daylight
2021-06-04T21:20:00.000,I 75,I 75 and I 285,,Sideswipe-Same Direction,2,Clear,Dry,Dark-Lighted
2021-03-27T21:22:00.000,I 75,I 75 and I 285,,Sideswipe-Same Direction,2,Clear,Dry,Dark-Lighted
2021-04-24T19:16:00.000,I 285,I 75 and I 285,,Sideswipe-Same Direction,2,Rain,Wet,Dark-Lighted
2021-02-21T22:16:00.000,I 285,I 75 and I 285,,Not a Collision with Motor Vehicle,1,Clear,Dry,Dark-Not Lighted
2021-06-03T15:30:00.000,I 75,I 75 and I 285,,Sideswipe-Same Direction,2,Cloudy,Dry,Daylight
2021-04-03T11:52:00.000,I 285,I 75 and I 285,,Sideswipe-Same Direction,2,Clear,Dry,Daylight
2021-03-29T10:23:00.000,I 285,I 75 and I 285,,Rear End,2,Clear,Dry,Daylight
2021-04-06T16:56:00.000,I 285,I 75 and I 285,,Sideswipe-Same Direction,2,Clear,Dry,Daylight
2021-04-16T23:00:00.000,I 75,I 75 and I 285,,Not a Collision with Motor Vehicle,1,Clear,Dry,Dark-Lighted
2021-02-11T16:20:00.000,I 75,I 75 and I 285,,Rear End,2,Cloudy,Wet,Daylight
2021-03-19T17:10:00.000,I 75,I 75 and I 285,,Rear End,2,Cloudy,Dry,Daylight
2021-03-12T08:15:00.000,I 75,I 75 and I 285,,Sideswipe-Same Direction,2,Clear,Dry,Daylight
2021-04-25T00:21:00.000,I 285,I 75 and I 285,,Not a Collision with Motor Vehicle,1,Rain,Wet,Dark-Lighted
2021-02-05T16:00:00.000,I 75,I 75 and I 285,,Sideswipe-Same Direction,2,Cloudy,Dry,Daylight
2021-05-10T17:52:00.000,I 75,I 75 and I 285,,Rear End,3,Cloudy,Dry,Daylight
2021-04-04T12:40:00.000,I 75,I 75 and I 285,,Sideswipe-Same Direction,2,Clear,Dry,Daylight
2021-03-26T05:53:00.000,I 75,I 75 and I 285,,Angle Crash,3,Rain,Wet,Dark-Lighted
2021-02-18T17:30:00.000,I 285,I 75 and I 285,,Sideswipe-Same Direction,2,Cloudy,Wet,Daylight
2021-02-20T15:25:00.000,I 285,I 75 and I 285,,Sideswipe-Same Direction,2,Clear,Dry,Daylight
2021-05-22T19:18:00.000,I 285,I 75 and I 285,,Angle Crash,2,Clear,Dry,Daylight
2021-04-30T16:47:00.000,I 285,I 75 and I 285,,Rear End,2,Cloudy,Dry,Daylight
2021-03-18T07:23:00.000,I 285,I 75 and I 285,,Not a Collision with Motor Vehicle,1,Rain,Wet,Dark-Not Lighted
2021-05-17T17:26:00.000,I 285,I 75 and I 285,,Rear End,2,Cloudy,Dry,Daylight
2021-06-20T17:00:00.000,I 285,I 75 and I 285,,Sideswipe-Same Direction,2,Clear,Dry,Dusk
2021-02-18T05:45:00.000,I 75,I 75 and I 285,,Sideswipe-Same Direction,2,Rain,Wet,Dark-Not Lighted
2021-06-19T19:20:00.000,I 75,I 75 and I 285,,Sideswipe-Same Direction,2,Rain,Wet,Daylight
2021-05-25T15:28:00.000,I 75,I 75 and I 285,,Sideswipe-Same Direction,2,Clear,Dry,Daylight
2021-04-23T23:00:00.000,I 285,I 75 and I 285,,Rear End,2,Clear,Dry,Dark-Lighted
2021-05-25T09:48:00.000,I 75,I 75 and I 285,,Rear End,2,Cloudy,Dry,Daylight
2021-06-13T14:21:00.000,I 285,I 75 and I 285,,Sideswipe-Same Direction,2,Cloudy,Dry,Daylight
2021-05-03T11:00:00.000,I 75,I 75 and I 285,,Sideswipe-Same Direction,3,Rain,Wet,Daylight
2021-04-21T01:30:00.000,I 285,I 75 and I 285,,Not a Collision with Motor Vehicle,1,Clear,Dry,Dark-Not Lighted
2021-05-05T13:30:00.000,I 75,I 75 and I 285,,Sideswipe-Same Direction,2,Clear,Dry,Daylight
2021-03-08T09:06:00.000,I 285,I 75 and I 285,,Rear End,3,Clear,Dry,Daylight
2020-03-22T10:22:00.000,I 285,I 75 and I 285,,Angle Crash,2,Clear,Dry,Daylight
2020-10-20T16:45:00.000,I 285,I 75 and I 285,,Rear End,3,Clear,Dry,Daylight
2020-02-05T18:30:00.000,I 75,I 75 and I 285,,Rear End,2,Rain,Wet,Dark-Lighted
2020-01-19T13:30:00.000,I 75,I 75 and I 285,,Not a Collision with Motor Vehicle,1,Clear,Dry,Daylight
2020-02-06T07:17:00.000,I 285,I 75 and I 285,,Rear End,3,Rain,Wet,Dawn
2020-02-18T20:17:00.000,I 285,I 75 and I 285,,Sideswipe-Same Direction,2,Rain,Wet,Dark-Lighted
2020-02-10T14:45:00.000,I 75,I 75 and I 285,,Sideswipe-Same Direction,2,Rain,Wet,Daylight
2020-06-25T06:17:00.000,I 285,I 75 and I 285,,Not a Collision with Motor Vehicle,1,Cloudy,Wet,Dawn
2020-07-02T23:10:00.000,I 75,I 75 and I 285,,Sideswipe-Same Direction,2,Clear,Wet,Dark-Lighted
2020-04-21T18:57:00.000,I 285,I 75 and I 285,,Sideswipe-Same Direction,2,Clear,Dry,Daylight
2020-03-16T23:22:00.000,I 75,I 75 and I 285,,Angle Crash,2,Clear,Dry,Dark-Not Lighted
2020-08-22T21:23:00.000,I 75,I 75 and I 285,,Sideswipe-Same Direction,2,Rain,Wet,Dark-Lighted
2020-12-09T13:45:00.000,I 75,I 75 and I 285,,Sideswipe-Same Direction,1,Clear,Dry,Daylight
2020-06-12T03:12:00.000,I 75,I 75 and I 285,,Sideswipe-Same Direction,2,Clear,Dry,Dark-Not Lighted
2020-01-18T00:00:00.000,I 75,I 75 and I 285,,Rear End,2,Rain,Wet,Dark-Lighted
2020-11-01T02:45:00.000,I 75,I 75 and I 285,,Rear End,2,Clear,Dry,Dark-Not Lighted
2020-11-05T07:40:00.000,I 285,I 75 and I 285,,Rear End,3,Clear,Dry,Dawn
2020-09-08T10:46:00.000,I 285,I 75 and I 285,,Angle Crash,2,Clear,Dry,Daylight
2020-06-14T23:50:00.000,I 75,I 75 and I 285,,Rear End,2,Clear,Dry,Dark-Not Lighted
2020-04-17T13:32:00.000,I 75,I 75 and I 285,,Angle Crash,3,Clear,Dry,Daylight
2020-01-18T07:59:00.000,I 75,I 75 and I 285,,Not a Collision with Motor Vehicle,1,Clear,Dry,Daylight
2020-03-26T13:08:00.000,I 75,I 75 and I 285,,Sideswipe-Same Direction,2,Clear,Dry,Daylight
2020-10-31T15:20:00.000,I 285,I 75 and I 285,,Rear End,2,Clear,Dry,Daylight
2020-02-12T13:08:00.000,I 75,I 75 and I 285,,Rear End,2,Cloudy,Dry,Daylight
2020-02-22T20:15:00.000,I 285,I 75 and I 285,,Rear End,2,Clear,Dry,Dark-Not Lighted
2020-06-09T14:41:00.000,I 285,I 75 and I 285,,Rear End,2,Clear,Dry,Daylight
2020-08-12T17:53:00.000,I 75,I 75 and I 285,,Rear End,2,Clear,Dry,Daylight
2020-02-14T22:38:00.000,I 75,I 75 and I 285,,Sideswipe-Same Direction,2,Clear,Dry,Dark-Lighted
2020-10-26T01:58:00.000,I 75,I 75 and I 285,,Angle Crash,2,Clear,Dry,Dark-Lighted
2020-12-13T21:01:00.000,I 285,I 75 and I 285,,Sideswipe-Same Direction,2,Clear,Dry,Dark-Not Lighted
2020-12-01T15:45:00.000,I 285,I 75 and I 285,,Not a Collision with Motor Vehicle,1,Clear,Dry,Daylight
2023-12-10T15:39:00.000,I 75,I 75 and I 285,,Not a Collision with Motor Vehicle,1,Rain,Wet,Daylight
2023-11-14T07:40:00.000,I 285,I 75 and I 285,,Angle Crash,2,Cloudy,Dry,Daylight
2023-11-04T17:09:00.000,I 285,I 75 and I 285,,Angle Crash,2,Clear,Dry,Daylight
2023-08-12T20:18:00.000,I 285,I 75 and I 285,,Not a Collision with Motor Vehicle,1,Rain,Wet,Dark-Not Lighted
2023-06-30T23:01:00.000,I 285,I 75 and I 285,,Rear End,3,Cloudy,Dry,Dark-Not Lighted
2023-01-08T20:40:00.000,I 75,I 75 and I 285,,Not a Collision with Motor Vehicle,1,Rain,Wet,Dark-Lighted
2023-12-10T01:31:00.000,I 285,I 75 and I 285,,Sideswipe-Same Direction,2,Clear,Wet,Dark-Lighted
2023-07-14T22:13:00.000,I 285,I 75 and I 285,,Angle Crash,2,Clear,Dry,Dark-Not Lighted
2023-03-15T08:11:00.000,I 285,I 75 and I 285,,Rear End,2,Clear,Dry,Daylight
2023-03-06T12:00:00.000,I 75,I 75 and I 285,,Sideswipe-Same Direction,2,Clear,Dry,Daylight
2023-03-02T11:23:00.000,I 285,I 75 and I 285,,Sideswipe-Same Direction,2,Cloudy,Wet,Daylight
2023-01-26T08:00:00.000,I 285,I 75 and I 285,,Rear End,2,Cloudy,Dry,Daylight
2023-03-29T16:45:00.000,I 75,I 75 and I 285,,Rear End,2,Clear,Dry,Daylight
2023-04-20T09:53:00.000,I 75,I 75 and I 285,,Rear End,2,Clear,Dry,Daylight
2023-10-09T22:44:00.000,I 285,I 75 and I 285,,Rear End,2,Clear,Dry,Dark-Not Lighted
2023-06-21T08:55:00.000,I 285,I 75 and I 285,,Not a Collision with Motor Vehicle,1,Rain,Wet,Daylight
2023-05-07T16:20:00.000,I 75,I 75 and I 285,,Rear End,2,Cloudy,Dry,Daylight
2023-03-08T16:44:00.000,I 285,I 75 and I 285,,Rear End,2,Clear,Dry,Daylight
2023-08-14T08:17:00.000,I 75,I 75 and I 285,,Sideswipe-Same Direction,2,Clear,Dry,Daylight
2023-08-09T10:00:00.000,I 75,I 75 and I 285,,Rear End,2,Clear,Dry,Daylight
2023-07-30T01:50:00.000,I 75,I 75 and I 285,,Not a Collision with Motor Vehicle,1,Clear,Dry,Dark-Lighted
2023-07-02T16:50:00.000,I 285,I 75 and I 285,,Rear End,2,Clear,Dry,Daylight
2023-01-07T22:23:00.000,I 75,I 75 and I 285,,Sideswipe-Same Direction,2,Clear,Dry,Dark-Not Lighted
2023-06-21T17:04:00.000,I 75,I 75 and I 285,,Rear End,2,Rain,Wet,Daylight
2023-02-19T12:15:00.000,I 75,I 75 and I 285,,Sideswipe-Same Direction,2,Clear,Dry,Daylight
2023-12-10T17:25:00.000,I 285,I 75 and I 285,,Not a Collision with Motor Vehicle,1,Rain,Wet,Dusk
2023-04-05T07:30:00.000,I 285,I 75 and I 285,,Sideswipe-Same Direction,2,Clear,Dry,Daylight
2023-08-30T21:18:00.000,I 285,I 75 and I 285,,Angle Crash,2,Clear,Dry,Daylight
2023-11-12T04:50:00.000,I 75,I 75 and I 285,,Not a Collision with Motor Vehicle,1,Rain,Wet,Dark-Lighted
2023-10-19T20:35:00.000,I 75,I 75 and I 285,,Rear End,2,Cloudy,Dry,Dark-Not Lighted
2023-07-05T07:19:00.000,I 75,I 75 and I 285,,Angle Crash,2,Clear,Dry,Daylight
2023-09-06T07:22:00.000,I 285,I 75 and I 285,,Rear End,2,Cloudy,Dry,Daylight
2023-02-11T13:57:00.000,I 285,I 75 and I 285,,Sideswipe-Same Direction,2,Cloudy,Dry,Daylight
2023-12-02T08:00:00.000,I 285,I 75 and I 285,,Not a Collision with Motor Vehicle,1,Rain,Wet,Dark-Not Lighted
2023-09-13T07:49:00.000,I 285,I 75 and I 285,,Sideswipe-Same Direction,3,Cloudy,Wet,Daylight
2023-06-26T05:05:00.000,I 75,I 75 and I 285,,Sideswipe-Same Direction,2,Clear,Dry,Dark-Lighted
2023-01-01T02:41:00.000,I 75,I 75 and I 285,,Not a Collision with Motor Vehicle,1,Cloudy,Dry,Dark-Not Lighted
2023-10-09T10:17:00.000,I 75,I 75 and I 285,,Sideswipe-Same Direction,2,Clear,Dry,Daylight
2023-06-07T14:40:00.000,I 285,I 75 and I 285,,Angle Crash,2,Clear,Dry,Daylight
2023-09-22T16:48:00.000,I 75,I 75 and I 285,,Rear End,2,Clear,Dry,Daylight
2023-08-27T02:21:00.000,I 285,I 75 and I 285,,Not a Collision with Motor Vehicle,1,Clear,Dry,Dark-Lighted
2023-08-07T22:17:00.000,I 75,I 75 and I 285,,Not a Collision with Motor Vehicle,1,Cloudy,Wet,Dark-Not Lighted
2023-10-21T19:25:00.000,I 285,I 75 and I 285,,Rear End,3,Clear,Dry,Dark-Not Lighted
2023-01-15T02:26:00.000,I 75,I 75 and I 285,,Sideswipe-Same Direction,2,Clear,Dry,Dark-Lighted
2023-12-03T07:35:00.000,I 285,I 75 and I 285,,Not a Collision with Motor Vehicle,1,Rain,Wet,Daylight
2023-11-14T12:06:00.000,I 285,I 75 and I 285,,Sideswipe-Same Direction,2,Clear,Dry,Daylight
2023-07-15T09:59:00.000,I 285,I 75 and I 285,,Sideswipe-Same Direction,2,Clear,Dry,Daylight
2023-12-21T07:40:00.000,I 285,I 75 and I 285,,Not a Collision with Motor Vehicle,1,Clear,Dry,Daylight
2023-05-18T08:00:00.000,I 285,I 75 and I 285,,Sideswipe-Same Direction,2,Clear,Dry,Daylight
2023-02-26T17:00:00.000,I 75,I 75 and I 285,,Sideswipe-Same Direction,2,Clear,Dry,Daylight
2023-06-10T18:24:00.000,I 75,I 75 and I 285,,Angle Crash,2,Clear,Dry,Daylight
2023-03-23T21:20:00.000,I 285,I 75 and I 285,,Sideswipe-Same Direction,2,Clear,Dry,Dark-Not Lighted
2023-02-10T13:31:00.000,I 75,I 75 and I 285,,Sideswipe-Same Direction,2,Cloudy,Dry,Daylight
2023-12-29T11:58:00.000,I 75,I 75 and I 285,,Sideswipe-Same Direction,2,Cloudy,Dry,Daylight
2023-09-21T10:56:00.000,I 285,I 75 and I 285,,Sideswipe-Same Direction,2,Clear,Dry,Daylight
2023-08-28T14:00:00.000,I 75,I 75 and I 285,,Rear End,2,Clear,Wet,Daylight
2023-04-11T17:13:00.000,I 285,I 75 and I 285,,Sideswipe-Same Direction,2,Clear,Dry,Daylight
2023-10-11T17:35:00.000,I 285,I 75 and I 285,,Rear End,2,Rain,Wet,Daylight