Date and Time,Roadway (From Crash Report),Intersection Name (from Crash Report),KABCO Severity,Manner of Collision (Crash Level) ,# of Vehicles per crash ,Weather Conditions (Crash Level),Surface Condition (Crash Level) ,Light Conditions (Crash Level)
2023-05-05T06:00:00.000,I 75,I 75 and I 285,,Not a Collision with Motor Vehicle,1,Clear,Dry,Dark-Not Lighted
2023-10-14T06:35:00.000,I 75,I 75 and I 285,,Not a Collision with Motor Vehicle,1,Rain,Wet,Dark-Lighted
2023-06-28T18:02:00.000,I 285,I 75 and I 285,,Sideswipe-Same Direction,2,Clear,Dry,Daylight
2023-03-03T00:32:00.000,I 285,I 75 and I 285,,Not a Collision with Motor Vehicle,1,Rain,Wet,Dark-Lighted
2023-04-11T08:18:00.000,I 75,I 75 and I 285,,Rear End,2,Clear,Dry,Daylight
2023-03-24T09:59:00.000,I 285,I 75 and I 285,,Not a Collision with Motor Vehicle,1,Clear,Dry,Daylight
2023-03-02T18:10:00.000,I 75,I 75 and I 285,,Rear End,4,Cloudy,Wet,Dark-Not Lighted
2023-02-16T19:07:00.000,I 285,I 75 and I 285,,Sideswipe-Same Direction,2,Cloudy,Dry,Dark-Not Lighted
2023-12-10T14:10:00.000,I 285,I 75 and I 285,,Rear End,2,Rain,Wet,Daylight
2023-02-25T15:32:00.000,I 75,I 75 and I 285,,Angle Crash,2,Cloudy,Wet,Daylight
2023-08-14T17:20:00.000,I 75,I 75 and I 285,,Rear End,2,Clear,Dry,Daylight
2023-11-28T18:07:00.000,I 285,I 75 and I 285,,Sideswipe-Same Direction,2,Clear,Dry,Dark-Not Lighted
2023-02-21T06:24:00.000,I 75,I 75 and I 285,,Sideswipe-Same Direction,2,Clear,Dry,Dark-Lighted
2023-02-12T11:43:00.000,I 285,I 75 and I 285,,Not a Collision with Motor Vehicle,1,Rain,Wet,Daylight
2023-01-16T02:05:00.000,I 285,I 75 and I 285,,Sideswipe-Same Direction,2,Clear,Dry,Dark-Not Lighted
2023-01-17T20:00:00.000,I 75,I 75 and I 285,,Not a Collision with Motor Vehicle,1,Clear,Dry,Dark-Not Lighted
2023-03-09T18:54:00.000,I 285,I 75 and I 285,,Sideswipe-Same Direction,2,Cloudy,Dry,Daylight
2023-04-21T17:37:00.000,I 285,I 75 and I 285,,Sideswipe-Same Direction,2,Cloudy,Dry,Daylight
2023-07-29T14:38:00.000,I 75,I 75 and I 285,,Sideswipe-Same Direction,2,Clear,Dry,Daylight
2023-02-18T11:50:00.000,I 75,I 75 and I 285,,Sideswipe-Same Direction,2,Clear,Dry,Daylight
2023-08-28T00:14:00.000,I 285,I 75 and I 285,,Not a Collision with Motor Vehicle,1,Cloudy,Wet,Dark-Not Lighted
2023-10-11T17:01:00.000,I 285,I 75 and I 285,,Sideswipe-Same Direction,2,Rain,Wet,Daylight
2023-04-06T16:36:00.000,I 285,I 75 and I 285,,Rear End,2,Cloudy,Dry,Daylight
2023-08-03T18:34:00.000,I 285,I 75 and I 285,,Not a Collision with Motor Vehicle,1,Cloudy,Wet,Daylight
2023-06-07T09:32:00.000,I 75,I 75 and I 285,,Sideswipe-Same Direction,2,Clear,Dry,Daylight
2023-01-18T13:20:00.000,I 285,I 75 and I 285,,Sideswipe-Same Direction,2,Cloudy,Dry,Daylight
2023-04-06T23:35:00.000,I 285,I 75 and I 285,,Rear End,2,Cloudy,Dry,Dark-Not Lighted
2023-03-12T12:17:00.000,I 285,I 75 and I 285,,Not a Collision with Motor Vehicle,1,Rain,Wet,Daylight
2023-05-21T04:37:00.000,I 75,I 75 and I 285,,Not a Collision with Motor Vehicle,1,Cloudy,Wet,Dark-Not Lighted
2023-02-22T14:39:00.000,I 75,I 75 and I 285,,Sideswipe-Same Direction,2,Clear,Dry,Daylight
2023-07-05T13:00:00.000,I 285,I 75 and I 285,,Angle Crash,2,Cloudy,Wet,Daylight
2023-07-22T08:51:00.000,I 285,I 75 and I 285,,Rear End,2,Cloudy,Wet,Daylight
2023-11-06T15:38:00.000,I 285,I 75 and I 285,,Sideswipe-Same Direction,2,Clear,Dry,Daylight
2023-09-03T12:00:00.000,I 285,I 75 and I 285,,Sideswipe-Same Direction,2,Clear,Dry,Daylight
2023-12-02T07:30:00.000,I 285,I 75 and I 285,,Not a Collision with Motor Vehicle,1,Rain,Wet,Daylight
2023-04-06T06:52:00.000,I 285,I 75 and I 285,,Rear End,2,Clear,Dry,Daylight
2023-11-02T06:04:00.000,I 285,I 75 and I 285,,Not a Collision with Motor Vehicle,1,Clear,Dry,Dawn
2023-08-26T12:49:00.000,I 285,I 75 and I 285,,Rear End,2,Clear,Dry,Daylight
2023-11-14T10:29:00.000,I 75,I 75 and I 285,,Not a Collision with Motor Vehicle,1,Clear,Dry,Daylight
2023-04-05T15:58:00.000,I 285,I 75 and I 285,,Angle Crash,2,Clear,Dry,Daylight
2023-02-20T11:36:00.000,I 75,I 75 and I 285,,Sideswipe-Same Direction,2,Clear,Dry,Daylight
2023-02-20T21:18:00.000,I 285,I 75 and I 285,,Not a Collision with Motor Vehicle,1,Clear,Dry,Dark-Lighted
2023-11-26T00:05:00.000,I 75,I 75 and I 285,,Rear End,2,Clear,Dry,Dark-Lighted
2023-04-26T08:02:00.000,I 75,I 75 and I 285,,Rear End,3,Cloudy,Dry,Daylight
2023-05-14T02:40:00.000,I 285,I 75 and I 285,,Not a Collision with Motor Vehicle,1,Clear,Dry,Dark-Not Lighted
2023-12-27T12:54:00.000,I 75,I 75 and I 285,,Angle Crash,2,Clear,Dry,Daylight
2023-12-02T23:30:00.000,I 285,I 75 and I 285,,Rear End,2,Cloudy,Wet,Dark-Not Lighted
2023-08-16T08:40:00.000,I 75,I 75 and I 285,,Sideswipe-Same Direction,3,Clear,Dry,Daylight
2023-06-19T06:30:00.000,I 75,I 75 and I 285,,Sideswipe-Same Direction,3,Rain,Wet,Dark-Lighted
2023-10-30T16:45:00.000,I 285,I 75 and I 285,,Rear End,2,Clear,Dry,Daylight
2023-03-26T13:13:00.000,I 75,I 75 and I 285,,Angle Crash,2,Rain,Wet,Daylight
2023-02-02T15:29:00.000,I 285,I 75 and I 285,,Sideswipe-Same Direction,2,Rain,Wet,Daylight
2023-05-12T17:14:00.000,I 285,I 75 and I 285,,Sideswipe-Same Direction,2,Cloudy,Dry,Daylight
2023-02-24T22:50:00.000,I 75,I 75 and I 285,,Not a Collision with Motor Vehicle,1,Clear,Mud,Dark-Not Lighted
2023-10-01T14:53:00.000,I 75,I 75 and I 285,,Sideswipe-Same Direction,2,Clear,Dry,Daylight
2023-01-10T09:35:00.000,I 285,I 75 and I 285,,Rear End,3,Clear,Dry,Daylight
2023-08-14T23:33:00.000,I 285,I 75 and I 285,,Not a Collision with Motor Vehicle,1,Clear,Dry,Dark-Not Lighted
2023-12-12T16:00:00.000,I 285,I 75 and I 285,,Sideswipe-Same Direction,2,Clear,Dry,Daylight
2023-08-14T22:57:00.000,I 285,I 75 and I 285,,Rear End,2,Clear,Dry,Dark-Not Lighted
2023-12-04T00:47:00.000,I 285,I 75 and I 285,,Not a Collision with Motor Vehicle,1,Clear,Dry,Dark-Not Lighted
2023-06-21T18:38:00.000,I 75,I 75 and I 285,,Sideswipe-Same Direction,2,Cloudy,Wet,Daylight
2023-11-21T06:25:00.000,I 75,I 75 and I 285,,Rear End,3,Rain,Wet,Dark-Lighted
2023-04-01T00:06:00.000,I 75,I 75 and I 285,,Sideswipe-Same Direction,2,Clear,Dry,Dark-Not Lighted
2023-04-17T13:41:00.000,I 75,I 75 and I 285,,Not a Collision with Motor Vehicle,2,Clear,Dry,Daylight
2023-06-14T17:30:00.000,I 285,I 75 and I 285,,Rear End,2,Cloudy,Wet,Daylight
2023-07-21T09:55:00.000,I 285,I 75 and I 285,,Sideswipe-Same Direction,2,Clear,Dry,Daylight
2023-02-27T10:56:00.000,I 285,I 75 and I 285,,Sideswipe-Same Direction,2,Cloudy,Dry,Daylight
2023-09-01T12:04:00.000,I 285,I 75 and I 285,,Sideswipe-Same Direction,2,Clear,Dry,Daylight
2023-12-21T13:45:00.000,I 285,I 75 and I 285,,Rear End,2,Clear,Dry,Daylight
2023-10-04T08:20:00.000,I 285,I 75 and I 285,,Angle Crash,2,Clear,Dry,Daylight
2023-08-01T07:30:00.000,I 75,I 75 and I 285,,Sideswipe-Same Direction,2,Clear,Dry,Daylight
2023-11-26T14:33:00.000,I 285,I 75 and I 285,,Sideswipe-Same Direction,2,Rain,Dry,Daylight
2023-12-28T07:15:00.000,I 285,I 75 and I 285,,Rear End,2,Clear,Dry,Daylight
2023-01-22T10:47:00.000,I 75,I 75 and I 285,,Sideswipe-Same Direction,3,Rain,Wet,Daylight
2023-05-30T21:38:00.000,I 75,I 75 and I 285,,Rear End,2,Clear,Dry,Dark-Not Lighted
2023-08-12T22:43:00.000,I 285,I 75 and I 285,,Sideswipe-Same Direction,2,Clear,Dry,Dark-Not Lighted
2023-09-29T09:44:00.000,I 285,I 75 and I 285,,Sideswipe-Same Direction,2,Clear,Dry,Daylight
2023-01-04T21:07:00.000,I 75,I 75 and I 285,,Sideswipe-Same Direction,2,Clear,Dry,Dark-Not Lighted
2023-05-26T23:21:00.000,I 285,I 75 and I 285,,Rear End,4,Clear,Dry,Dark-Lighted
2023-06-19T12:05:00.000,I 285,I 75 and I 285,,Sideswipe-Same Direction,2,Cloudy,Dry,Daylight
2023-06-08T20:56:00.000,I 75,I 75 and I 285,,Sideswipe-Same Direction,2,Clear,Dry,Dark-Not Lighted
2022-05-02T16:06:00.000,I 75,I 75 and I 285,,Rear End,2,Clear,Dry,Daylight
2022-04-28T21:27:00.000,I 285,I 75 and I 285,,Sideswipe-Same Direction,2,Clear,Dry,Dark-Not Lighted
2022-09-21T17:29:00.000,I 285,I 75 and I 285,,Angle Crash,2,Clear,Dry,Daylight
2022-08-20T13:51:00.000,I 285,I 75 and I 285,,Sideswipe-Same Direction,2,Cloudy,Dry,Daylight
2022-01-22T10:16:00.000,I 75,I 75 and I 285,,Sideswipe-Same Direction,2,Cloudy,Dry,Daylight
2022-07-29T06:35:00.000,I 75,I 75 and I 285,,Sideswipe-Same Direction,2,Clear,Dry,Daylight
2022-05-01T02:57:00.000,I 285,I 75 and I 285,,Sideswipe-Same Direction,2,Clear,Dry,Dark-Lighted
2022-01-09T13:37:00.000,I 285,I 75 and I 285,,Sideswipe-Same Direction,2,Cloudy,Dry,Daylight
2022-02-03T07:15:00.000,I 75,I 75 and I 285,,Sideswipe-Same Direction,3,Rain,Wet,Dawn
2022-11-18T10:01:00.000,I 285,I 75 and I 285,,Sideswipe-Same Direction,2,Clear,Dry,Daylight
2022-11-18T09:15:00.000,I 285,I 75 and I 285,,Not a Collision with Motor Vehicle,2,Clear,Dry,Daylight
2022-11-12T12:50:00.000,I 75,I 75 and I 285,,Sideswipe-Same Direction,2,Cloudy,Dry,Daylight
2022-01-20T04:12:00.000,I 285,I 75 and I 285,,Not a Collision with Motor Vehicle,1,Rain,Wet,Dark-Not Lighted
2022-08-08T18:16:00.000,I 75,I 75 and I 285,,Angle Crash,2,Clear,Dry,Daylight
2022-10-01T13:35:00.000,I 75,I 75 and I 285,,Rear End,2,Clear,Dry,Daylight
2022-08-24T16:16:00.000,I 75,I 75 and I 285,,Angle Crash,2,Clear,Dry,Daylight
2022-06-03T22:42:00.000,I 75,I 75 and I 285,,Not a Collision with Motor Vehicle,1,Clear,Dry,Dark-Lighted
2022-09-16T01:17:00.000,I 285,I 75 and I 285,,Rear End,2,Clear,Dry,Dark-Not Lighted
2022-01-11T17:39:00.000,I 285,I 75 and I 285,,Not a Collision with Motor Vehicle,1,Clear,Dry,Daylight
2022-07-07T15:23:00.000,I 285,I 75 and I 285,,Sideswipe-Same Direction,2,Clear,Dry,Daylight
2022-10-19T16:50:00.000,I 75,I 75 and I 285,,Sideswipe-Same Direction,2,Clear,Dry,Daylight
2022-11-06T08:36:00.000,I 285,I 75 and I 285,,Not a Collision with Motor Vehicle,1,Cloudy,Dry,Daylight
2022-12-13T18:55:00.000,I 285,I 75 and I 285,,Rear End,2,Cloudy,Dry,Dark-Not Lighted
2022-12-07T21:16:00.000,I 285,I 75 and I 285,,Angle Crash,2,Rain,Wet,Dark-Lighted
2022-06-09T23:20:00.000,I 285,I 75 and I 285,,Sideswipe-Same Direction,2,Clear,Dry,Dark-Not Lighted
2022-02-24T13:49:00.000,I 285,I 75 and I 285,,Not a Collision with Motor Vehicle,2,Clear,Dry,Daylight
2022-07-18T23:07:00.000,I 285,I 75 and I 285,,Not a Collision with Motor Vehicle,1,Clear,Dry,Dark-Not Lighted
2022-12-10T17:20:00.000,I 285,I 75 and I 285,,Sideswipe-Same Direction,2,Clear,Dry,Daylight
2022-01-13T12:33:00.000,I 75,I 75 and I 285,,Sideswipe-Same Direction,2,Clear,Dry,Daylight
2022-01-11T08:20:00.000,I 75,I 75 and I 285,,Sideswipe-Same Direction,2,Clear,Dry,Daylight
2022-02-13T15:33:00.000,I 285,I 75 and I 285,,Rear End,2,Clear,Dry,Daylight
2022-08-18T15:30:00.000,I 75,I 75 and I 285,,Sideswipe-Same Direction,2,Cloudy,Dry,Daylight
2022-11-03T16:03:00.000,I 75,I 75 and I 285,,Rear End,2,Clear,Dry,Daylight
2022-11-03T14:12:00.000,I 75,I 75 and I 285,,Sideswipe-Same Direction,2,Clear,Dry,Daylight
2022-01-24T12:17:00.000,I 75,I 75 and I 285,,Sideswipe-Same Direction,2,Clear,Dry,Daylight
2022-09-28T16:47:00.000,I 75,I 75 and I 285,,Rear End,2,Clear,Dry,Daylight
2022-04-13T15:45:00.000,I 75,I 75 and I 285,,Sideswipe-Same Direction,2,Clear,Dry,Daylight
2022-12-07T07:52:00.000,I 285,I 75 and I 285,,Rear End,2,Cloudy,Wet,Daylight
2022-11-26T05:05:00.000,I 285,I 75 and I 285,,Not a Collision with Motor Vehicle,1,Clear,Dry,Dawn
2022-07-29T13:46:00.000,I 285,I 75 and I 285,,Sideswipe-Same Direction,2,Cloudy,Dry,Daylight
2022-01-13T13:46:00.000,I 75,I 75 and I 285,,Sideswipe-Same Direction,2,Clear,Dry,Daylight
2022-11-11T10:24:00.000,I 75,I 75 and I 285,,Rear End,2,Rain,Wet,Daylight
2022-01-05T13:30:00.000,I 75,I 75 and I 285,,Sideswipe-Same Direction,3,Cloudy,Dry,Daylight
2022-10-24T10:45:00.000,I 285,I 75 and I 285,,Sideswipe-Same Direction,2,Clear,Dry,Daylight
2023-09-21T16:20:00.000,I 285,I 75 and I 285,,Rear End,3,Cloudy,Dry,Daylight
2023-12-28T00:00:00.000,I 75,I 75 and I 285,,Sideswipe-Same Direction,2,Clear,Dry,Dark-Not Lighted
2024-10-29T20:52:00.000,I 285,I 75 and I 285,,Angle Crash,3,Clear,Dry,Dark-Not Lighted
2022-09-29T13:26:00.000,I 285,I 75 and I 285,,Sideswipe-Same Direction,2,Clear,Dry,Daylight
2022-12-12T23:18:00.000,I 75,I 75 and I 285,,Angle Crash,2,Clear,Dry,Dark-Lighted
2021-02-10T00:00:00.000,I 75,I 75 and I 285,,Rear End,2,Cloudy,Dry,Daylight
2021-03-18T09:50:00.000,I 285,I 75 and I 285,,Rear End,2,Rain,Wet,Daylight
2020-03-21T10:03:00.000,I 75,I 75 and I 285,,Not a Collision with Motor Vehicle,1,Clear,Wet,Daylight
2022-10-25T10:42:00.000,I 75,I 75 and I 285,,Sideswipe-Same Direction,2,Clear,Dry,Daylight
2022-01-19T17:31:00.000,I 75,I 75 and I 285,,Sideswipe-Same Direction,2,Clear,Dry,Dusk
2023-08-28T18:55:00.000,I 75,I 75 and I 285,,Not a Collision with Motor Vehicle,1,Rain,Wet,Daylight
2022-02-27T11:15:00.000,I 75,I 75 and I 285,,Angle Crash,2,Rain,Water (standing or moving),Daylight
2022-06-23T14:35:00.000,I 285,I 75 and I 285,,Angle Crash,2,Clear,Dry,Daylight
2020-01-04T15:18:00.000,I 285,I 75 and I 285,,Rear End,2,Clear,Dry,Daylight
2020-12-06T23:22:00.000,I 285,I 75 and I 285,,Sideswipe-Same Direction,2,Cloudy,Dry,Dark-Lighted
2020-08-31T08:05:00.000,I 285,I 75 and I 285,,Not a Collision with Motor Vehicle,2,Cloudy,Dry,Daylight
2023-01-09T11:51:00.000,I 75,I 75 and I 285,,Sideswipe-Same Direction,2,Clear,Dry,Daylight
2023-06-02T16:20:00.000,I 285,I 75 and I 285,,Rear End,3,Clear,Dry,Daylight
2023-01-29T01:18:00.000,I 285,I 75 and I 285,,Sideswipe-Same Direction,2,Clear,Dry,Dark-Not Lighted
2023-02-20T04:49:00.000,I 285,I 75 and I 285,,Not a Collision with Motor Vehicle,1,Clear,Dry,Dark-Not Lighted
2023-09-07T05:38:00.000,I 285,I 75 and I 285,,Not a Collision with Motor Vehicle,1,Clear,Dry,Dark-Lighted
2021-11-17T18:20:00.000,I 285,I 75 and I 285,,Angle Crash,2,Clear,Dry,Dark-Lighted
2021-01-01T17:47:00.000,I 285,I 75 and I 285,,Not a Collision with Motor Vehicle,2,Rain,Wet,Dark-Not Lighted
2024-10-11T10:19:00.000,I 75,I 75 and I 285,,Sideswipe-Same Direction,2,Clear,Dry,Daylight
2020-09-26T01:20:00.000,I 285,I 75 and I 285,,Sideswipe-Same Direction,2,Clear,Dry,Dark-Lighted
2020-08-22T14:30:00.000,I 285,I 75 and I 285,,Rear End,2,Clear,Dry,Daylight
2020-03-11T17:10:00.000,I 75,I 75 and I 285,,Sideswipe-Same Direction,2,Cloudy,Dry,Daylight
2020-11-26T10:53:00.000,I 75,I 75 and I 285,,Rear End,2,Cloudy,Wet,Daylight
2020-06-15T17:21:00.000,I 75,I 75 and I 285,,Rear End,2,Cloudy,Dry,Daylight
2020-12-07T22:17:00.000,I 75,I 75 and I 285,,Angle Crash,2,Clear,Dry,Dark-Lighted
2020-06-24T18:25:00.000,I 285,I 75 and I 285,,Angle Crash,2,Rain,Wet,Daylight
2020-11-29T15:00:00.000,I 285,I 75 and I 285,,Not a Collision with Motor Vehicle,1,Rain,Wet,Daylight
2020-09-13T13:17:00.000,I 285,I 75 and I 285,,Rear End,2,Clear,Dry,Daylight
2020-01-22T18:11:00.000,I 75,I 75 and I 285,,Rear End,2,Clear,Dry,Dark-Lighted
2020-08-15T14:18:00.000,I 285,I 75 and I 285,,Rear End,2,Rain,Wet,Daylight
2020-10-12T12:43:00.000,I 75,I 75 and I 285,,Sideswipe-Same Direction,1,Cloudy,Dry,Daylight
2020-01-04T13:40:00.000,I 285,I 75 and I 285,,Sideswipe-Same Direction,2,Clear,Dry,Daylight
2020-12-07T21:15:00.000,I 75,I 75 and I 285,,Rear End,2,Clear,Dry,Dark-Lighted
2020-12-31T22:18:00.000,I 75,I 75 and I 285,,Not a Collision with Motor Vehicle,1,Rain,Wet,Dark-Not Lighted
2020-09-03T14:45:00.000,I 285,I 75 and I 285,,Not a Collision with Motor Vehicle,1,Clear,Dry,Daylight
2020-10-26T11:50:00.000,I 285,I 75 and I 285,,Not a Collision with Motor Vehicle,2,Clear,Dry,Daylight
2020-01-10T22:15:00.000,I 75,I 75 and I 285,,Not a Collision with Motor Vehicle,1,Clear,Dry,Dark-Lighted
2020-02-06T06:40:00.000,I 285,I 75 and I 285,,Rear End,2,Rain,Wet,Dark-Not Lighted
2020-01-16T04:55:00.000,I 75,I 75 and I 285,,Sideswipe-Same Direction,2,Clear,Wet,Dark-Lighted
2020-02-25T06:21:00.000,I 75,I 75 and I 285,,Rear End,2,Cloudy,Wet,Dawn
2020-04-10T10:44:00.000,I 75,I 75 and I 285,,Sideswipe-Same Direction,2,Clear,Dry,Daylight
2020-10-24T03:51:00.000,I 75,I 75 and I 285,,Angle Crash,2,Clear,Dry,Dark-Lighted
2020-12-30T12:38:00.000,I 75,I 75 and I 285,,Sideswipe-Same Direction,2,Clear,Dry,Dark-Lighted
2020-02-13T07:25:00.000,I 285,I 75 and I 285,,Rear End,2,Rain,Wet,Dawn
2020-08-09T18:20:00.000,I 75,I 75 and I 285,,Rear End,2,Clear,Dry,Daylight
2020-07-28T10:26:00.000,I 75,I 75 and I 285,,Sideswipe-Same Direction,3,Clear,Dry,Daylight
2020-03-01T15:32:00.000,I 75,I 75 and I 285,,Sideswipe-Same Direction,2,Cloudy,Dry,Daylight
2020-08-02T23:10:00.000,I 285,I 75 and I 285,,Rear End,2,Clear,Dry,Dark-Not Lighted
2020-09-22T15:30:00.000,I 75,I 75 and I 285,,Rear End,2,Clear,Dry,Daylight
2020-04-12T02:15:00.000,I 285,I 75 and I 285,,Not a Collision with Motor Vehicle,1,Clear,Dry,Dark-Not Lighted
2020-02-16T01:23:00.000,I 75,I 75 and I 285,,Not a Collision with Motor Vehicle,1,Clear,Dry,Dark-Not Lighted
2020-03-25T16:52:00.000,I 75,I 75 and I 285,,Rear End,2,Clear,Dry,Daylight
2020-01-13T07:48:00.000,I 75,I 75 and I 285,,Rear End,2,Rain,Wet,Daylight
2020-07-25T02:37:00.000,I 75,I 75 and I 285,,Not a Collision with Motor Vehicle,1,Clear,Dry,Dark-Lighted
2020-02-20T08:11:00.000,I 285,I 75 and I 285,,Rear End,3,Rain,Wet,Daylight
2020-09-16T15:28:00.000,I 75,I 75 and I 285,,Sideswipe-Same Direction,2,Rain,Wet,Daylight
2020-05-27T15:59:00.000,I 285,I 75 and I 285,,Rear End,2,Cloudy,Dry,Daylight
2020-02-15T19:08:00.000,I 75,I 75 and I 285,,Angle Crash,2,Clear,Dry,Dark-Lighted
2020-10-17T14:46:00.000,I 75,I 75 and I 285,,Rear End,2,Clear,Dry,Daylight
2020-01-09T08:55:00.000,I 75,I 75 and I 285,,Sideswipe-Same Direction,2,Clear,Dry,Daylight
2020-07-27T18:00:00.000,I 75,I 75 and I 285,,Rear End,2,Cloudy,Dry,Daylight
2020-10-14T09:50:00.000,I 75,I 75 and I 285,,Rear End,2,Clear,Dry,Daylight
2020-02-25T06:43:00.000,I 285,I 75 and I 285,,Rear End,2,Rain,Wet,Dark-Not Lighted
2020-08-02T23:30:00.000,I 285,I 75 and I 285,,Rear End,2,Cloudy,Dry,Dark-Not Lighted
2020-09-17T02:01:00.000,I 75,I 75 and I 285,,Not a Collision with Motor Vehicle,1,Rain,Water (standing or moving),Dark-Not Lighted
2020-02-06T09:01:00.000,I 75,I 75 and I 285,,Not a Collision with Motor Vehicle,1,Rain,Wet,Daylight
2020-09-15T12:36:00.000,I 75,I 75 and I 285,,Angle Crash,2,Cloudy,Dry,Daylight
2020-05-31T16:04:00.000,I 75,I 75 and I 285,,Sideswipe-Same Direction,2,Clear,Dry,Daylight
2020-05-04T00:00:00.000,I 285,I 75 and I 285,,Not a Collision with Motor Vehicle,1,Clear,Dry,Daylight
2020-09-28T17:47:00.000,I 285,I 75 and I 285,,Rear End,3,Clear,Dry,Daylight
2020-06-24T14:10:00.000,I 75,I 75 and I 285,,Sideswipe-Same Direction,2,Clear,Dry,Daylight
2020-02-04T07:45:00.000,I 285,I 75 and I 285,,Rear End,2,Cloudy,Wet,Daylight
2020-03-12T17:30:00.000,I 285,I 75 and I 285,,Rear End,2,Cloudy,Dry,Daylight
2020-10-10T22:24:00.000,I 285,I 75 and I 285,,Rear End,2,Cloudy,Wet,Dark-Lighted
2020-03-24T13:57:00.000,I 285,I 75 and I 285,,Not a Collision with Motor Vehicle,1,Cloudy,Wet,Daylight
2020-09-12T04:10:00.000,I 285,I 75 and I 285,,Angle Crash,3,Clear,Dry,Dark-Not Lighted
2020-03-02T23:10:00.000,I 75,I 75 and I 285,,Sideswipe-Same Direction,2,Rain,Wet,Dark-Not Lighted
2020-01-18T20:19:00.000,I 75,I 75 and I 285,,Rear End,2,Rain,Wet,Dark-Not Lighted
2020-09-15T07:11:00.000,I 75,I 75 and I 285,,Not a Collision with Motor Vehicle,1,Cloudy,Dry,Daylight
2020-04-19T13:10:00.000,I 75,I 75 and I 285,,Sideswipe-Same Direction,2,Rain,Wet,Daylight
2020-01-31T15:00:00.000,I 285,I 75 and I 285,,Sideswipe-Same Direction,2,Cloudy,Dry,Daylight
2020-09-16T23:40:00.000,I 285,I 75 and I 285,,Sideswipe-Same Direction,2,Rain,Water (standing or moving),Dark-Not Lighted
2020-09-24T14:50:00.000,I 285,I 75 and I 285,,Rear End,2,Rain,Wet,Daylight
2020-01-16T08:25:00.000,I 285,I 75 and I 285,,Angle Crash,2,Clear,Dry,Daylight
2020-12-09T16:12:00.000,I 285,I 75 and I 285,,Rear End,2,Clear,Dry,Daylight
2020-12-11T06:35:00.000,I 75,I 75 and I 285,,Rear End,2,Clear,Dry,Dark-Not Lighted
2020-09-23T06:50:00.000,I 75,I 75 and I 285,,Rear End,2,Clear,Dry,Daylight
2020-02-28T19:52:00.000,I 75,I 75 and I 285,,Sideswipe-Same Direction,2,Clear,Dry,Dark-Lighted
2020-01-30T14:35:00.000,I 285,I 75 and I 285,,Rear End,2,Cloudy,Dry,Daylight
2020-11-11T17:30:00.000,I 285,I 75 and I 285,,Rear End,2,Clear,Dry,Daylight
2020-06-08T18:20:00.000,I 285,I 75 and I 285,,Not a Collision with Motor Vehicle,1,Cloudy,Dry,Daylight
2020-03-02T14:34:00.000,I 75,I 75 and I 285,,Rear End,2,Rain,Wet,Daylight
2020-10-26T04:00:00.000,I 75,I 75 and I 285,,Rear End,2,Clear,Dry,Dark-Not Lighted
2020-09-16T14:48:00.000,I 75,I 75 and I 285,,Rear End,2,Rain,Wet,Daylight
2020-09-02T11:40:00.000,I 75,I 75 and I 285,,Sideswipe-Same Direction,2,Cloudy,Dry,Daylight
2020-06-12T08:50:00.000,I 75,I 75 and I 285,,Sideswipe-Same Direction,2,Clear,Dry,Daylight
2020-05-31T21:28:00.000,I 285,I 75 and I 285,,Angle Crash,3,Clear,Dry,Dark-Lighted
2020-12-22T16:00:00.000,I 285,I 75 and I 285,,Not a Collision with Motor Vehicle,1,Clear,Dry,Daylight
2020-02-28T17:33:00.000,I 75,I 75 and I 285,,Rear End,2,Cloudy,Dry,Daylight
2020-11-20T20:15:00.000,I 75,I 75 and I 285,,Sideswipe-Same Direction,2,Clear,Dry,Dark-Lighted
2020-07-15T08:29:00.000,I 285,I 75 and I 285,,Rear End,2,Cloudy,Wet,Daylight
2020-05-16T14:10:00.000,I 75,I 75 and I 285,,Angle Crash,2,Clear,Dry,Daylight
2020-11-18T08:55:00.000,I 285,I 75 and I 285,,Not a Collision with Motor Vehicle,1,Clear,Dry,Daylight
2020-10-31T21:00:00.000,I 285,I 75 and I 285,,Rear End,2,Clear,Dry,Dusk
2020-12-12T19:00:00.000,I 285,I 75 and I 285,,Not a Collision with Motor Vehicle,1,Rain,Wet,Dark-Not Lighted
2020-02-20T07:15:00.000,I 75,I 75 and I 285,,Angle Crash,2,Rain,Wet,Dawn
2020-07-13T08:15:00.000,I 75,I 75 and I 285,,Sideswipe-Same Direction,2,Clear,Dry,Daylight
2020-12-24T08:25:00.000,I 75,I 75 and I 285,,Not a Collision with Motor Vehicle,1,Rain,Wet,Daylight
2020-07-09T09:50:00.000,I 75,I 75 and I 285,,Angle Crash,2,Clear,Dry,Daylight
2020-11-11T19:43:00.000,I 285,I 75 and I 285,,Not a Collision with Motor Vehicle,1,Rain,Wet,Dark-Not Lighted