Date and Time,Roadway (From Crash Report),Intersection Name (from Crash Report),KABCO Severity,Manner of Collision (Crash Level) ,# of Vehicles per crash ,Weather Conditions (Crash Level),Surface Condition (Crash Level) ,Light Conditions (Crash Level)
2020-12-29T17:50:00.000,I 285,I 75 and I 285,,Angle Crash,3,Clear,Dry,Daylight
2020-12-10T21:07:00.000,I 75,I 75 and I 285,,Not a Collision with Motor Vehicle,1,Clear,Dry,Daylight
2020-11-14T14:12:00.000,I 285,I 75 and I 285,,Not a Collision with Motor Vehicle,1,Clear,Dry,Daylight
2020-08-07T17:08:00.000,I 75,I 75 and I 285,,Rear End,2,Clear,Dry,Daylight
2020-10-24T21:13:00.000,I 75,I 75 and I 285,,Rear End,2,Rain,Wet,Dark-Not Lighted
2020-12-19T14:10:00.000,I 285,I 75 and I 285,,Rear End,2,Clear,Dry,Daylight
2020-10-31T18:07:00.000,I 285,I 75 and I 285,,Sideswipe-Same Direction,2,Clear,Dry,Daylight
2020-10-27T14:35:00.000,I 75,I 75 and I 285,,Not a Collision with Motor Vehicle,1,Clear,Dry,Daylight
2020-11-11T16:30:00.000,I 285,I 75 and I 285,,Rear End,2,Cloudy,Wet,Daylight
2020-09-27T04:45:00.000,I 75,I 75 and I 285,,Not a Collision with Motor Vehicle,1,Clear,Dry,Dark-Lighted
2020-10-24T17:40:00.000,I 75,I 75 and I 285,,Rear End,2,Rain,Wet,Daylight
2020-05-06T13:40:00.000,I 285,I 75 and I 285,,Not a Collision with Motor Vehicle,1,Clear,Dry,Daylight
2020-11-19T18:54:00.000,I 75,I 75 and I 285,,Rear End,2,Clear,Dry,Dark-Lighted
2020-10-12T06:00:00.000,I 285,I 75 and I 285,,Not a Collision with Motor Vehicle,1,Cloudy,Dry,Dark-Not Lighted
2020-01-25T20:42:00.000,I 75,I 75 and I 285,,Sideswipe-Same Direction,2,Clear,Dry,Dark-Not Lighted
2020-10-03T04:01:00.000,I 285,I 75 and I 285,,Sideswipe-Same Direction,2,Clear,Dry,Dark-Lighted
2020-08-25T00:00:00.000,I 285,I 75 and I 285,,Sideswipe-Same Direction,2,Rain,Wet,Dark-Not Lighted
2020-12-09T09:10:00.000,I 285,I 75 and I 285,,Rear End,3,Clear,Dry,Daylight
2020-03-04T13:15:00.000,I 285,I 75 and I 285,,Not a Collision with Motor Vehicle,1,Rain,Wet,Daylight
2020-05-29T12:23:00.000,I 285,I 75 and I 285,,Rear End,2,Cloudy,Wet,Daylight
2020-05-27T06:43:00.000,I 285,I 75 and I 285,,Not a Collision with Motor Vehicle,1,Cloudy,Dry,Daylight
2020-11-20T18:38:00.000,I 75,I 75 and I 285,,Rear End,2,Clear,Dry,Dark-Not Lighted
2020-08-24T08:00:00.000,I 75,I 75 and I 285,,Rear End,2,Clear,Dry,Daylight
2020-01-30T03:44:00.000,I 75,I 75 and I 285,,Head On,1,Clear,Dry,Dark-Lighted
2020-04-27T19:41:00.000,I 285,I 75 and I 285,,Rear End,2,Clear,Dry,Dark-Lighted
2020-03-07T14:39:00.000,I 285,I 75 and I 285,,Sideswipe-Same Direction,2,Clear,Dry,Daylight
2020-10-23T16:29:00.000,I 75,I 75 and I 285,,Rear End,2,Clear,Dry,Daylight
2020-10-11T02:15:00.000,I 285,I 75 and I 285,,Not a Collision with Motor Vehicle,1,Rain,Wet,Dark-Lighted
2020-01-25T05:32:00.000,I 75,I 75 and I 285,,Not a Collision with Motor Vehicle,1,Clear,Wet,Dark-Lighted
2020-12-17T18:28:00.000,I 75,I 75 and I 285,,Sideswipe-Same Direction,2,Clear,Dry,Dark-Lighted
2020-10-06T16:35:00.000,I 285,I 75 and I 285,,Rear End,2,Clear,Dry,Daylight
2020-02-05T22:40:00.000,I 285,I 75 and I 285,,Rear End,2,Rain,Wet,Dark-Not Lighted
2020-01-16T20:04:00.000,I 285,I 75 and I 285,,Sideswipe-Same Direction,2,Clear,Dry,Dark-Lighted
2020-12-22T13:57:00.000,I 75,I 75 and I 285,,Sideswipe-Same Direction,2,Clear,Dry,Daylight
2020-09-24T12:55:00.000,I 75,I 75 and I 285,,Rear End,2,Rain,Wet,Daylight
2020-04-18T08:09:00.000,I 285,I 75 and I 285,,Sideswipe-Same Direction,2,Rain,Wet,Daylight
2020-04-19T11:50:00.000,I 285,I 75 and I 285,,Not a Collision with Motor Vehicle,1,Rain,Wet,Daylight
2020-11-03T07:47:00.000,I 285,I 75 and I 285,,Sideswipe-Same Direction,2,Clear,Dry,Daylight
2020-05-29T22:22:00.000,I 285,I 75 and I 285,,Rear End,2,Rain,Wet,Dark-Not Lighted
2020-12-22T20:58:00.000,I 75,I 75 and I 285,,Sideswipe-Same Direction,2,Clear,Dry,Dark-Lighted
2020-01-31T05:15:00.000,I 75,I 75 and I 285,,Sideswipe-Same Direction,2,Cloudy,Dry,Dark-Not Lighted
2020-11-01T06:46:00.000,I 75,I 75 and I 285,,Sideswipe-Same Direction,2,Cloudy,Dry,Daylight
2020-12-18T14:30:00.000,I 285,I 75 and I 285,,Rear End,3,Clear,Dry,Daylight
2020-10-03T18:09:00.000,I 75,I 75 and I 285,,Sideswipe-Opposite Direction,2,Clear,Dry,Daylight
2020-04-19T13:02:00.000,I 285,I 75 and I 285,,Not a Collision with Motor Vehicle,1,Rain,Wet,Daylight
2020-02-24T06:05:00.000,I 75,I 75 and I 285,,Rear End,2,Rain,Wet,Dawn
2020-07-24T10:58:00.000,I 75,I 75 and I 285,,Sideswipe-Same Direction,3,Clear,Dry,Daylight
2020-11-01T17:52:00.000,I 75,I 75 and I 285,,Angle Crash,2,Clear,Dry,Dark-Lighted
2020-06-08T23:53:00.000,I 285,I 75 and I 285,,Rear End,2,Clear,Dry,Dark-Not Lighted
2020-10-05T06:20:00.000,I 75,I 75 and I 285,,Sideswipe-Same Direction,2,Clear,Dry,Dark-Lighted
2020-03-23T15:27:00.000,I 285,I 75 and I 285,,Not a Collision with Motor Vehicle,1,Rain,Wet,Daylight
2020-01-16T07:00:00.000,I 285,I 75 and I 285,,Sideswipe-Same Direction,3,Rain,Wet,Dark-Not Lighted
2020-10-01T06:35:00.000,I 75,I 75 and I 285,,Rear End,2,Clear,Dry,Dawn
2020-03-15T03:25:00.000,I 285,I 75 and I 285,,Not a Collision with Motor Vehicle,1,Cloudy,Dry,Dark-Not Lighted
2020-06-02T12:56:00.000,I 75,I 75 and I 285,,Angle Crash,2,Clear,Dry,Daylight
2020-02-11T22:11:00.000,I 75,I 75 and I 285,,Not a Collision with Motor Vehicle,1,Clear,Wet,Dark-Not Lighted
2020-12-14T10:58:00.000,I 75,I 75 and I 285,,Rear End,2,Cloudy,Wet,Daylight
2020-05-11T10:04:00.000,I 285,I 75 and I 285,,Not a Collision with Motor Vehicle,1,Clear,Dry,Daylight
2020-06-04T07:50:00.000,I 285,I 75 and I 285,,Sideswipe-Same Direction,2,Clear,Dry,Daylight
2020-06-09T05:05:00.000,I 285,I 75 and I 285,,Not a Collision with Motor Vehicle,1,Clear,Wet,Dark-Not Lighted
2020-10-10T20:08:00.000,I 75,I 75 and I 285,,Rear End,2,Rain,Water (standing or moving),Dark-Lighted
2020-10-16T23:26:00.000,I 75,I 75 and I 285,,Not a Collision with Motor Vehicle,1,Clear,Dry,Dark-Not Lighted
2020-05-09T22:49:00.000,I 285,I 75 and I 285,,Not a Collision with Motor Vehicle,1,Clear,Dry,Dark-Not Lighted
2020-11-14T13:00:00.000,I 75,I 75 and I 285,,Sideswipe-Same Direction,2,Clear,Dry,Daylight
2020-10-22T19:15:00.000,I 285,I 75 and I 285,,Rear End,2,Cloudy,Dry,Dark-Not Lighted
2020-08-06T07:38:00.000,I 285,I 75 and I 285,,Rear End,2,Clear,Dry,Daylight
2020-09-24T17:21:00.000,I 75,I 75 and I 285,,Sideswipe-Same Direction,2,Rain,Wet,Daylight
2020-09-04T11:55:00.000,I 285,I 75 and I 285,,Rear End,3,Clear,Dry,Daylight
2020-04-25T21:00:00.000,I 75,I 75 and I 285,,Rear End,2,Cloudy,Dry,Dark-Lighted
2020-05-27T17:50:00.000,I 285,I 75 and I 285,,Sideswipe-Same Direction,2,Clear,Dry,Daylight
2020-12-04T15:35:00.000,I 75,I 75 and I 285,,Angle Crash,3,Rain,Wet,Daylight
2020-11-24T15:08:00.000,I 285,I 75 and I 285,,Rear End,2,Clear,Dry,Daylight
2020-09-12T14:34:00.000,I 75,I 75 and I 285,,Rear End,2,Cloudy,Dry,Daylight
2020-10-10T15:10:00.000,I 285,I 75 and I 285,,Angle Crash,2,Cloudy,Wet,Daylight
2020-04-30T07:48:00.000,I 75,I 75 and I 285,,Sideswipe-Same Direction,2,Clear,Dry,Daylight
2020-11-22T15:00:00.000,I 75,I 75 and I 285,,Head On,3,Clear,Dry,Daylight
2020-08-13T22:45:00.000,I 75,I 75 and I 285,,Rear End,2,Rain,Wet,Dark-Lighted
2020-10-22T19:14:00.000,I 285,I 75 and I 285,,Rear End,2,Cloudy,Dry,Dark-Not Lighted
2020-06-27T21:44:00.000,I 75,I 75 and I 285,,Rear End,2,Cloudy,Wet,Dark-Lighted
2020-12-22T16:15:00.000,I 285,I 75 and I 285,,Rear End,4,Clear,Dry,Daylight
2020-10-20T07:10:00.000,I 75,I 75 and I 285,,Angle Crash,2,Clear,Dry,Dawn
2020-09-14T16:16:00.000,I 75,I 75 and I 285,,Sideswipe-Same Direction,2,Clear,Dry,Dawn
2020-01-23T00:59:00.000,I 285,I 75 and I 285,,Angle Crash,2,Clear,Dry,Dark-Lighted
2020-01-29T04:10:00.000,I 75,I 75 and I 285,,Sideswipe-Same Direction,2,Clear,Dry,Dark-Not Lighted
2020-07-04T20:05:00.000,I 285,I 75 and I 285,,Not a Collision with Motor Vehicle,1,Clear,Dry,Dawn
2020-11-12T18:15:00.000,I 75,I 75 and I 285,,Rear End,2,Clear,Dry,Daylight
2020-02-29T06:52:00.000,I 75,I 75 and I 285,,Rear End,2,Clear,Dry,Daylight
2020-11-07T13:25:00.000,I 75,I 75 and I 285,,Rear End,2,Clear,Dry,Daylight
2020-11-10T22:56:00.000,I 75,I 75 and I 285,,Angle Crash,2,Rain,Wet,Dark-Not Lighted
2020-02-15T17:17:00.000,I 75,I 75 and I 285,,Sideswipe-Same Direction,2,Clear,Dry,Daylight
2020-11-20T02:55:00.000,I 285,I 75 and I 285,,Not a Collision with Motor Vehicle,1,Clear,Dry,Dark-Not Lighted
2020-10-15T06:52:00.000,I 285,I 75 and I 285,,Not a Collision with Motor Vehicle,1,Cloudy,Dry,Dawn
2020-02-12T14:34:00.000,I 285,I 75 and I 285,,Rear End,2,Cloudy,Dry,Daylight
2020-12-06T00:15:00.000,I 285,I 75 and I 285,,Not a Collision with Motor Vehicle,1,Rain,Wet,Dark-Not Lighted
2020-07-02T03:36:00.000,I 285,I 75 and I 285,,Not a Collision with Motor Vehicle,1,Clear,Dry,Dark-Lighted
2020-08-06T14:03:00.000,I 75,I 75 and I 285,,Sideswipe-Same Direction,2,Clear,Dry,Daylight
2020-10-24T19:27:00.000,I 75,I 75 and I 285,,Not a Collision with Motor Vehicle,1,Rain,Water (standing or moving),Dark-Lighted
2020-09-29T07:55:00.000,I 75,I 75 and I 285,,Rear End,2,Cloudy,Dry,Daylight
2020-07-25T18:35:00.000,I 75,I 75 and I 285,,Rear End,2,Rain,Wet,Dusk
2020-02-07T16:00:00.000,I 285,I 75 and I 285,,Sideswipe-Same Direction,2,Cloudy,Dry,Daylight
2020-06-14T23:51:00.000,I 75,I 75 and I 285,,Angle Crash,3,Clear,Dry,Dark-Not Lighted
2020-08-07T01:25:00.000,I 75,I 75 and I 285,,Rear End,2,Clear,Dry,Dark-Lighted
2020-02-05T09:01:00.000,I 285,I 75 and I 285,,Rear End,3,Cloudy,Wet,Daylight
2020-02-02T21:48:00.000,I 285,I 75 and I 285,,Sideswipe-Same Direction,3,Clear,Dry,Dark-Lighted
2020-06-04T16:05:00.000,I 285,I 75 and I 285,,Sideswipe-Same Direction,2,Clear,Dry,Daylight
2020-03-04T15:42:00.000,I 75,I 75 and I 285,,Rear End,3,Cloudy,Wet,Daylight
2020-07-21T21:23:00.000,I 75,I 75 and I 285,,Not a Collision with Motor Vehicle,1,Rain,Wet,Dark-Not Lighted
2020-11-28T14:00:00.000,I 285,I 75 and I 285,,Not a Collision with Motor Vehicle,1,Cloudy,Dry,Daylight
2020-09-03T22:39:00.000,I 285,I 75 and I 285,,Sideswipe-Opposite Direction,2,Clear,Dry,Dark-Lighted
2020-10-21T13:57:00.000,I 75,I 75 and I 285,,Angle Crash,3,Clear,Dry,Daylight
2020-05-19T14:36:00.000,I 75,I 75 and I 285,,Sideswipe-Same Direction,2,Cloudy,Dry,Daylight
2020-12-02T15:25:00.000,I 285,I 75 and I 285,,Angle Crash,2,Clear,Dry,Daylight
2020-03-06T12:34:00.000,I 75,I 75 and I 285,,Rear End,4,Clear,Dry,Daylight
2020-01-03T16:09:00.000,I 75,I 75 and I 285,,Rear End,2,Rain,Wet,Daylight
2020-11-25T19:50:00.000,I 75,I 75 and I 285,,Rear End,2,Rain,Wet,Dark-Lighted
2020-09-25T16:39:00.000,I 285,I 75 and I 285,,Sideswipe-Same Direction,2,Clear,Dry,Daylight
2020-07-10T19:34:00.000,I 75,I 75 and I 285,,Sideswipe-Same Direction,2,Clear,Dry,Daylight
2020-12-11T06:35:00.000,I 75,I 75 and I 285,,Sideswipe-Same Direction,2,Clear,Dry,Dark-Not Lighted
2020-06-26T08:40:00.000,I 75,I 75 and I 285,,Sideswipe-Same Direction,2,Clear,Dry,Daylight
2020-05-09T22:40:00.000,I 285,I 75 and I 285,,Angle Crash,2,Clear,Dry,Dark-Not Lighted
2020-11-14T03:00:00.000,I 75,I 75 and I 285,,Not a Collision with Motor Vehicle,1,Clear,Dry,Dark-Not Lighted
2020-02-19T11:15:00.000,I 75,I 75 and I 285,,Sideswipe-Same Direction,3,Cloudy,Wet,Daylight
2020-01-10T07:07:00.000,I 75,I 75 and I 285,,Sideswipe-Same Direction,2,Clear,Dry,Dawn
2020-10-04T14:39:00.000,I 75,I 75 and I 285,,Not a Collision with Motor Vehicle,1,Cloudy,Dry,Daylight
2020-08-20T20:00:00.000,I 285,I 75 and I 285,,Not a Collision with Motor Vehicle,1,Rain,Wet,Daylight
2020-12-01T18:38:00.000,I 75,I 75 and I 285,,Sideswipe-Same Direction,2,Clear,Dry,Dark-Not Lighted
2020-09-17T19:45:00.000,I 285,I 75 and I 285,,Angle Crash,2,Cloudy,Wet,Dark-Not Lighted
2020-03-24T06:50:00.000,I 75,I 75 and I 285,,Sideswipe-Same Direction,5,Clear,Wet,Dark-Lighted
2020-03-05T22:21:00.000,I 285,I 75 and I 285,,Not a Collision with Motor Vehicle,1,Clear,Wet,Dark-Not Lighted
2020-03-30T07:00:00.000,I 75,I 75 and I 285,,Sideswipe-Same Direction,1,Cloudy,Dry,Daylight
2020-06-15T18:54:00.000,I 75,I 75 and I 285,,Rear End,3,Clear,Dry,Dark-Lighted
2020-10-11T22:46:00.000,I 285,I 75 and I 285,,Sideswipe-Same Direction,2,Clear,Dry,Dark-Not Lighted
2020-08-15T07:58:00.000,I 75,I 75 and I 285,,Rear End,2,Cloudy,Dry,Daylight
2020-08-31T22:27:00.000,I 75,I 75 and I 285,,Rear End,2,Clear,Dry,Dark-Lighted
2020-12-11T16:37:00.000,I 285,I 75 and I 285,,Rear End,2,Cloudy,Dry,Daylight
2020-07-18T07:30:00.000,I 75,I 75 and I 285,,Angle Crash,2,Clear,Dry,Daylight
2020-07-22T22:42:00.000,I 285,I 75 and I 285,,Sideswipe-Same Direction,2,Clear,Dry,Dark-Lighted
2020-03-07T16:00:00.000,I 75,I 75 and I 285,,Angle Crash,2,Clear,Dry,Daylight
2020-09-14T23:15:00.000,I 75,I 75 and I 285,,Not a Collision with Motor Vehicle,1,Clear,Dry,Dark-Not Lighted
2020-10-11T15:10:00.000,I 75,I 75 and I 285,,Angle Crash,2,Rain,Wet,Daylight
2020-06-22T21:30:00.000,I 75,I 75 and I 285,,Not a Collision with Motor Vehicle,1,Cloudy,Wet,Dark-Lighted
2020-12-04T19:58:00.000,I 285,I 75 and I 285,,Not a Collision with Motor Vehicle,1,Cloudy,Wet,Dark-Not Lighted
2020-08-30T20:30:00.000,I 75,I 75 and I 285,,Rear End,2,Rain,Water (standing or moving),Dark-Not Lighted
2020-12-19T13:35:00.000,I 75,I 75 and I 285,,Sideswipe-Same Direction,2,Clear,Dry,Daylight
2020-12-04T16:35:00.000,I 285,I 75 and I 285,,Angle Crash,2,Rain,Wet,Daylight
2020-05-26T17:31:00.000,I 75,I 75 and I 285,,Not a Collision with Motor Vehicle,1,Rain,Wet,Daylight
2020-09-05T13:48:00.000,I 285,I 75 and I 285,,Sideswipe-Same Direction,2,Clear,Dry,Daylight
2020-09-06T06:38:00.000,I 75,I 75 and I 285,,Not a Collision with Motor Vehicle,1,Clear,Dry,Dark-Lighted
2020-12-07T15:35:00.000,I 75,I 75 and I 285,,Sideswipe-Same Direction,2,Cloudy,Dry,Daylight
2020-08-26T00:00:00.000,I 75,I 75 and I 285,,Not a Collision with Motor Vehicle,1,Cloudy,Wet,Dark-Not Lighted
2020-08-31T08:41:00.000,I 285,I 75 and I 285,,Not a Collision with Motor Vehicle,1,Cloudy,Wet,Daylight
2020-04-23T16:55:00.000,I 75,I 75 and I 285,,Rear End,2,Rain,Wet,Daylight
2020-08-07T11:43:00.000,I 75,I 75 and I 285,,Sideswipe-Same Direction,2,Clear,Dry,Daylight
2020-01-14T10:48:00.000,I 285,I 75 and I 285,,Not a Collision with Motor Vehicle,1,Rain,Wet,Daylight
2020-01-05T23:10:00.000,I 75,I 75 and I 285,,Sideswipe-Same Direction,2,Clear,Dry,Dark-Not Lighted
2020-11-01T02:55:00.000,I 75,I 75 and I 285,,Not a Collision with Motor Vehicle,1,Rain,Wet,Dark-Lighted
2020-01-21T07:00:00.000,I 75,I 75 and I 285,,Rear End,2,Clear,Dry,Dawn
2020-06-17T18:40:00.000,I 285,I 75 and I 285,,Sideswipe-Same Direction,2,Cloudy,Dry,Daylight
2020-07-04T12:00:00.000,I 75,I 75 and I 285,,Sideswipe-Same Direction,2,Clear,Dry,Daylight
2020-09-19T13:55:00.000,I 75,I 75 and I 285,,Sideswipe-Same Direction,2,Cloudy,Dry,Daylight
2020-01-14T01:40:00.000,I 285,I 75 and I 285,,Rear End,2,Rain,Wet,Dark-Not Lighted
2020-05-31T11:02:00.000,I 75,I 75 and I 285,,Sideswipe-Same Direction,2,Clear,Dry,Daylight
2020-02-26T07:31:00.000,I 75,I 75 and I 285,,Rear End,2,Clear,Dry,Daylight
2020-12-02T14:30:00.000,I 75,I 75 and I 285,,Not a Collision with Motor Vehicle,2,Clear,Dry,Daylight
2020-07-30T21:26:00.000,I 75,I 75 and I 285,,Rear End,2,Clear,Dry,Dark-Not Lighted
2020-01-24T02:37:00.000,I 75,I 75 and I 285,,Not a Collision with Motor Vehicle,1,Rain,Wet,Dark-Not Lighted
2020-06-11T22:25:00.000,I 75,I 75 and I 285,,Sideswipe-Same Direction,2,Clear,Dry,Dark-Lighted
2020-07-25T11:33:00.000,I 75,I 75 and I 285,,Not a Collision with Motor Vehicle,1,Clear,Dry,Daylight
2020-10-28T07:29:00.000,I 75,I 75 and I 285,,Rear End,2,Rain,Wet,Dark-Not Lighted
2020-11-28T00:00:00.000,I 285,I 75 and I 285,,Sideswipe-Same Direction,4,Clear,Dry,Daylight
2020-12-15T14:40:00.000,I 285,I 75 and I 285,,Rear End,2,Clear,Dry,Daylight
2020-09-14T16:30:00.000,I 285,I 75 and I 285,,Rear End,2,Rain,Wet,Daylight
2020-02-14T16:26:00.000,I 285,I 75 and I 285,,Sideswipe-Same Direction,2,Cloudy,Dry,Daylight
2020-01-15T18:35:00.000,I 75,I 75 and I 285,,Rear End,2,Clear,Dry,Dark-Lighted
2020-01-15T07:00:00.000,I 75,I 75 and I 285,,Sideswipe-Same Direction,2,Clear,Wet,Dawn
2020-10-29T21:44:00.000,I 75,I 75 and I 285,,Rear End,3,Clear,Dry,Dark-Lighted
2020-09-01T00:35:00.000,I 75,I 75 and I 285,,Rear End,2,Clear,Dry,Dark-Not Lighted
2020-11-22T17:00:00.000,I 75,I 75 and I 285,,Sideswipe-Same Direction,2,Clear,Dry,Daylight
2020-09-16T23:27:00.000,I 75,I 75 and I 285,,Not a Collision with Motor Vehicle,1,Rain,Water (standing or moving),Dark-Lighted
2020-02-05T18:40:00.000,I 75,I 75 and I 285,,Rear End,2,Rain,Wet,Dark-Lighted
2020-11-03T07:00:00.000,I 75,I 75 and I 285,,Angle Crash,2,Clear,Dry,Daylight
2020-01-13T22:04:00.000,I 75,I 75 and I 285,,Not a Collision with Motor Vehicle,1,Rain,Wet,Dark-Lighted
2020-11-24T00:42:00.000,I 75,I 75 and I 285,,Sideswipe-Same Direction,2,Clear,Dry,Dark-Lighted
2020-08-08T11:11:00.000,I 285,I 75 and I 285,,Sideswipe-Same Direction,2,Clear,Dry,Daylight
2020-06-20T02:43:00.000,I 75,I 75 and I 285,,Sideswipe-Same Direction,2,Clear,Dry,Dark-Lighted
2020-02-18T06:45:00.000,I 75,I 75 and I 285,,Rear End,2,Rain,Wet,Daylight
2020-10-24T23:30:00.000,I 75,I 75 and I 285,,Sideswipe-Same Direction,2,Rain,Wet,Dark-Lighted
2020-07-11T12:22:00.000,I 285,I 75 and I 285,,Rear End,2,Clear,Dry,Daylight
2020-06-14T15:50:00.000,I 285,I 75 and I 285,,Angle Crash,2,Clear,Wet,Daylight
2020-03-21T19:46:00.000,I 75,I 75 and I 285,,Sideswipe-Same Direction,2,Clear,Dry,Daylight
2020-09-24T18:43:00.000,I 75,I 75 and I 285,,Sideswipe-Same Direction,2,Rain,Wet,Daylight
2020-06-01T16:24:00.000,I 75,I 75 and I 285,,Sideswipe-Same Direction,2,Clear,Dry,Daylight
2020-12-20T20:05:00.000,I 75,I 75 and I 285,,Not a Collision with Motor Vehicle,1,Cloudy,Dry,Dark-Not Lighted
2020-06-29T16:28:00.000,I 75,I 75 and I 285,,Sideswipe-Same Direction,2,Clear,Dry,Daylight
2020-09-14T16:20:00.000,I 285,I 75 and I 285,,Sideswipe-Same Direction,2,Rain,Wet,Daylight
2020-04-14T12:22:00.000,I 75,I 75 and I 285,,Sideswipe-Same Direction,2,Clear,Dry,Daylight
2020-02-21T04:04:00.000,I 285,I 75 and I 285,,Not a Collision with Motor Vehicle,1,Clear,Dry,Dark-Not Lighted
2020-02-02T06:39:00.000,I 285,I 75 and I 285,,Sideswipe-Same Direction,2,Clear,Dry,Dawn
2020-01-14T22:20:00.000,I 285,I 75 and I 285,,Not a Collision with Motor Vehicle,1,Cloudy,Wet,Dark-Not Lighted
2020-01-09T18:10:00.000,I 75,I 75 and I 285,,Angle Crash,2,Clear,Dry,Daylight
2020-10-02T10:46:00.000,I 75,I 75 and I 285,,Rear End,3,Cloudy,Dry,Daylight
2020-06-11T14:41:00.000,I 285,I 75 and I 285,,Rear End,2,Clear,Dry,Daylight
2020-12-06T18:28:00.000,I 285,I 75 and I 285,,Rear End,2,Rain,Wet,Dark-Lighted
2020-10-10T22:24:00.000,I 285,I 75 and I 285,,Rear End,4,Rain,Wet,Dark-Lighted
2020-08-22T13:40:00.000,I 75,I 75 and I 285,,Sideswipe-Same Direction,2,Clear,Dry,Daylight
2020-05-23T15:15:00.000,I 75,I 75 and I 285,,Sideswipe-Same Direction,2,Clear,Dry,Daylight
2020-09-14T15:50:00.000,I 75,I 75 and I 285,,Sideswipe-Same Direction,2,Clear,Dry,Daylight
2020-06-06T01:00:00.000,I 285,I 75 and I 285,,Not a Collision with Motor Vehicle,1,Clear,Dry,Dark-Not Lighted
2020-09-07T04:42:00.000,I 75,I 75 and I 285,,Not a Collision with Motor Vehicle,1,Clear,Dry,Dark-Not Lighted
2020-07-11T15:49:00.000,I 285,I 75 and I 285,,Sideswipe-Same Direction,2,Clear,Dry,Daylight
2020-05-27T14:28:00.000,I 75,I 75 and I 285,,Sideswipe-Same Direction,2,Clear,Dry,Daylight
2020-05-20T01:22:00.000,I 285,I 75 and I 285,,Sideswipe-Same Direction,2,Rain,Wet,Dark-Not Lighted
2020-08-30T20:35:00.000,I 75,I 75 and I 285,,Rear End,2,Rain,Water (standing or moving),Dark-Not Lighted
2020-12-22T20:31:00.000,I 285,I 75 and I 285,,Sideswipe-Same Direction,2,Clear,Dry,Daylight
2020-03-07T23:05:00.000,I 285,I 75 and I 285,,Rear End,2,Clear,Dry,Dark-Not Lighted
2020-08-08T20:10:00.000,I 285,I 75 and I 285,,Not a Collision with Motor Vehicle,1,Clear,Dry,Dawn
2020-07-30T10:38:00.000,I 75,I 75 and I 285,,Sideswipe-Same Direction,2,Clear,Dry,Daylight
2020-12-08T19:27:00.000,I 75,I 75 and I 285,,Sideswipe-Same Direction,2,Clear,Dry,Dark-Not Lighted
2020-10-09T22:35:00.000,I 285,I 75 and I 285,,Sideswipe-Same Direction,2,Rain,Wet,Dark-Lighted
2020-09-03T22:38:00.000,I 285,I 75 and I 285,,Angle Crash,2,Clear,Dry,Dark-Lighted
2020-06-14T09:15:00.000,I 75,I 75 and I 285,,Rear End,2,Rain,Wet,Dark-Lighted
2020-01-06T07:00:00.000,I 285,I 75 and I 285,,Sideswipe-Same Direction,2,Clear,Dry,Daylight
2020-12-07T22:47:00.000,I 75,I 75 and I 285,,Angle Crash,2,Clear,Dry,Dark-Lighted
2020-12-14T10:49:00.000,I 75,I 75 and I 285,,Not a Collision with Motor Vehicle,1,Cloudy,Wet,Daylight
2020-01-17T07:29:00.000,I 285,I 75 and I 285,,Rear End,2,Clear,Dry,Daylight
2020-02-01T22:51:00.000,I 285,I 75 and I 285,,Not a Collision with Motor Vehicle,1,Clear,Dry,Dark-Not Lighted
2020-02-21T06:55:00.000,I 285,I 75 and I 285,,Rear End,2,Cloudy,Wet,Daylight
2020-06-21T18:50:00.000,I 285,I 75 and I 285,,Not a Collision with Motor Vehicle,1,Rain,Wet,Daylight
2020-05-12T10:53:00.000,I 75,I 75 and I 285,,Sideswipe-Same Direction,2,Cloudy,Dry,Daylight
2020-09-18T02:20:00.000,I 285,I 75 and I 285,,Not a Collision with Motor Vehicle,1,Clear,Dry,Dark-Lighted
2020-02-02T22:18:00.000,I 285,I 75 and I 285,,Sideswipe-Same Direction,2,Clear,Dry,Dark-Not Lighted
2020-07-10T22:30:00.000,I 285,I 75 and I 285,,Not a Collision with Motor Vehicle,1,Clear,Dry,Dark-Lighted
2020-12-28T15:00:00.000,I 285,I 75 and I 285,,Not a Collision with Motor Vehicle,1,Clear,Dry,Daylight
2020-10-20T12:37:00.000,I 75,I 75 and I 285,,Rear End,3,Clear,Dry,Daylight
2020-06-14T16:18:00.000,I 75,I 75 and I 285,,Sideswipe-Same Direction,2,Clear,Dry,Daylight
2020-06-27T19:33:00.000,I 285,I 75 and I 285,,Not a Collision with Motor Vehicle,1,Cloudy,Wet,Daylight
2020-04-25T20:58:00.000,I 75,I 75 and I 285,,Rear End,2,Clear,Dry,Dark-Not Lighted
2020-10-24T03:30:00.000,I 75,I 75 and I 285,,Rear End,2,Rain,Wet,Dark-Not Lighted