Date and Time,Roadway (From Crash Report),Intersection Name (from Crash Report),KABCO Severity,Manner of Collision (Crash Level) ,# of Vehicles per crash ,Weather Conditions (Crash Level),Surface Condition (Crash Level) ,Light Conditions (Crash Level)
2020-06-09T05:00:00.000,I 75,I 75 and I 285,,Sideswipe-Same Direction,2,Clear,Dry,Dark-Lighted
2020-09-08T10:34:00.000,I 285,I 75 and I 285,,Angle Crash,2,Clear,Dry,Daylight
2020-02-13T16:26:00.000,I 285,I 75 and I 285,,Rear End,2,Cloudy,Dry,Daylight
2020-01-30T23:44:00.000,I 285,I 75 and I 285,,Sideswipe-Same Direction,2,Clear,Dry,Dark-Not Lighted
2020-02-07T00:30:00.000,I 285,I 75 and I 285,,Not a Collision with Motor Vehicle,1,Clear,Wet,Dark-Lighted
2020-02-05T07:03:00.000,I 285,I 75 and I 285,,Rear End,2,Cloudy,Wet,Daylight
2020-11-18T20:24:00.000,I 75,I 75 and I 285,,Sideswipe-Same Direction,2,Clear,Dry,Dark-Lighted
2020-08-29T13:11:00.000,I 285,I 75 and I 285,,Sideswipe-Same Direction,2,Clear,Dry,Daylight
2020-05-19T08:45:00.000,I 285,I 75 and I 285,,Rear End,4,Cloudy,Wet,Daylight
2020-03-24T06:57:00.000,I 75,I 75 and I 285,,Angle Crash,3,Rain,Wet,Daylight
2020-02-04T12:11:00.000,I 285,I 75 and I 285,,Not a Collision with Motor Vehicle,1,Cloudy,Dry,Daylight
2020-12-12T16:50:00.000,I 285,I 75 and I 285,,Rear End,2,Clear,Wet,Daylight
2020-04-18T17:55:00.000,I 75,I 75 and I 285,,Sideswipe-Same Direction,2,Clear,Dry,Daylight
2020-07-31T22:30:00.000,I 75,I 75 and I 285,,Not a Collision with Motor Vehicle,1,Clear,Dry,Dark-Lighted
2020-10-10T22:25:00.000,I 285,I 75 and I 285,,Rear End,2,Rain,Water (standing or moving),Dark-Not Lighted
2020-08-16T18:59:00.000,I 285,I 75 and I 285,,Rear End,2,Clear,Dry,Daylight
2020-07-04T03:15:00.000,I 285,I 75 and I 285,,Not a Collision with Motor Vehicle,1,Clear,Dry,Dark-Lighted
2020-12-07T22:09:00.000,I 75,I 75 and I 285,,Sideswipe-Same Direction,2,Clear,Dry,Dark-Lighted
2020-10-05T18:04:00.000,I 285,I 75 and I 285,,Sideswipe-Same Direction,2,Clear,Dry,Daylight
2020-12-17T08:30:00.000,I 75,I 75 and I 285,,Rear End,2,Cloudy,Dry,Daylight
2020-12-13T02:42:00.000,I 285,I 75 and I 285,,Not a Collision with Motor Vehicle,1,Clear,Dry,Dark-Not Lighted
2020-08-07T22:27:00.000,I 75,I 75 and I 285,,Not a Collision with Motor Vehicle,1,Clear,Dry,Dark-Lighted
2020-12-23T00:22:00.000,I 285,I 75 and I 285,,Sideswipe-Same Direction,2,Clear,Dry,Dark-Not Lighted
2020-02-18T16:20:00.000,I 285,I 75 and I 285,,Not a Collision with Motor Vehicle,1,Rain,Wet,Daylight
2020-09-27T07:00:00.000,I 285,I 75 and I 285,,Not a Collision with Motor Vehicle,1,Cloudy,Dry,Dark-Lighted
2020-12-20T21:12:00.000,I 285,I 75 and I 285,,Sideswipe-Same Direction,2,Clear,Dry,Dark-Lighted
2020-10-06T14:55:00.000,I 75,I 75 and I 285,,Rear End,2,Clear,Dry,Daylight
2020-08-16T16:55:00.000,I 285,I 75 and I 285,,Not a Collision with Motor Vehicle,1,Clear,Dry,Daylight
2020-10-28T09:18:00.000,I 285,I 75 and I 285,,Not a Collision with Motor Vehicle,1,Cloudy,Wet,Daylight
2020-07-15T09:46:00.000,I 75,I 75 and I 285,,Rear End,2,Cloudy,Wet,Daylight
2020-09-16T07:01:00.000,I 285,I 75 and I 285,,Sideswipe-Same Direction,2,Clear,Dry,Daylight
2020-11-04T10:30:00.000,I 285,I 75 and I 285,,Sideswipe-Same Direction,2,Clear,Dry,Daylight
2020-02-04T07:45:00.000,I 285,I 75 and I 285,,Sideswipe-Same Direction,2,Cloudy,Wet,Dark-Not Lighted
2020-11-29T15:20:00.000,I 75,I 75 and I 285,,Not a Collision with Motor Vehicle,1,Rain,Wet,Daylight
2020-07-09T23:54:00.000,I 285,I 75 and I 285,,Angle Crash,2,Cloudy,Wet,Dark-Not Lighted
2020-06-25T00:01:00.000,I 285,I 75 and I 285,,Not a Collision with Motor Vehicle,1,Rain,Wet,Dark-Lighted
2020-05-13T14:03:00.000,I 75,I 75 and I 285,,Sideswipe-Same Direction,2,Clear,Dry,Daylight
2020-02-16T01:50:00.000,I 75,I 75 and I 285,,Rear End,2,Clear,Dry,Dark-Not Lighted
2020-08-12T14:00:00.000,I 75,I 75 and I 285,,Sideswipe-Same Direction,2,Cloudy,Dry,Daylight
2020-10-31T09:40:00.000,I 75,I 75 and I 285,,Rear End,2,Clear,Dry,Daylight
2020-10-31T15:20:00.000,I 285,I 75 and I 285,,Rear End,2,Clear,Dry,Daylight
2020-01-03T13:49:00.000,I 75,I 75 and I 285,,Angle Crash,3,Cloudy,Wet,Daylight
2020-02-07T14:33:00.000,I 75,I 75 and I 285,,Rear End,2,Cloudy,Dry,Daylight
2020-02-19T20:30:00.000,I 75,I 75 and I 285,,Sideswipe-Same Direction,2,Cloudy,Dry,Dark-Lighted
2020-11-21T15:50:00.000,I 75,I 75 and I 285,,Angle Crash,2,Clear,Dry,Daylight
2020-09-25T14:40:00.000,I 285,I 75 and I 285,,Sideswipe-Same Direction,2,Clear,Dry,Daylight
2020-12-13T01:30:00.000,I 285,I 75 and I 285,,Sideswipe-Same Direction,6,Clear,Wet,Dark-Not Lighted
2020-08-15T15:02:00.000,I 285,I 75 and I 285,,Rear End,2,Clear,Wet,Daylight
2020-10-06T07:02:00.000,I 75,I 75 and I 285,,Sideswipe-Same Direction,2,Clear,Dry,Dark-Lighted
2020-01-08T15:54:00.000,I 285,I 75 and I 285,,Sideswipe-Same Direction,2,Clear,Dry,Daylight
2020-02-10T19:10:00.000,I 75,I 75 and I 285,,Rear End,2,Rain,Water (standing or moving),Dark-Not Lighted
2020-12-01T18:45:00.000,I 285,I 75 and I 285,,Sideswipe-Same Direction,2,Clear,Dry,Dark-Lighted
2020-10-07T12:05:00.000,I 285,I 75 and I 285,,Sideswipe-Same Direction,2,Clear,Dry,Daylight
2020-01-07T12:18:00.000,I 75,I 75 and I 285,,Sideswipe-Same Direction,2,Clear,Dry,Daylight
2020-12-12T17:23:00.000,I 285,I 75 and I 285,,Sideswipe-Same Direction,2,Rain,Wet,Dark-Lighted
2020-07-30T17:40:00.000,I 285,I 75 and I 285,,Sideswipe-Same Direction,2,Cloudy,Dry,Daylight
2020-01-13T11:00:00.000,I 75,I 75 and I 285,,Rear End,2,Rain,Wet,Daylight
2020-11-01T15:24:00.000,I 285,I 75 and I 285,,Rear End,4,Clear,Dry,Daylight
2020-10-02T06:55:00.000,I 285,I 75 and I 285,,Sideswipe-Same Direction,2,Clear,Dry,Dawn
2020-11-06T13:00:00.000,I 75,I 75 and I 285,,Angle Crash,2,Clear,Dry,Daylight
2020-12-13T23:36:00.000,I 75,I 75 and I 285,,Rear End,2,Clear,Wet,Dark-Not Lighted
2020-01-14T07:54:00.000,I 285,I 75 and I 285,,Rear End,3,Clear,Dry,Daylight
2020-05-16T12:45:00.000,I 75,I 75 and I 285,,Sideswipe-Same Direction,2,Clear,Dry,Daylight
2020-11-30T20:50:00.000,I 75,I 75 and I 285,,Not a Collision with Motor Vehicle,1,Clear,Dry,Dark-Not Lighted
2020-12-17T18:30:00.000,I 75,I 75 and I 285,,Sideswipe-Same Direction,2,Clear,Dry,Dark-Not Lighted
2020-03-03T00:42:00.000,I 285,I 75 and I 285,,Angle Crash,2,Rain,Wet,Dark-Not Lighted
2020-04-16T07:46:00.000,I 285,I 75 and I 285,,Sideswipe-Same Direction,2,Cloudy,Dry,Daylight
2020-03-14T16:25:00.000,I 285,I 75 and I 285,,Angle Crash,2,Clear,Dry,Daylight
2020-02-09T03:24:00.000,I 75,I 75 and I 285,,Angle Crash,2,Fog,Wet,Dark-Not Lighted
2020-06-04T08:00:00.000,I 285,I 75 and I 285,,Sideswipe-Same Direction,2,Clear,Dry,Daylight
2020-11-28T18:50:00.000,I 75,I 75 and I 285,,Sideswipe-Same Direction,2,Clear,Dry,Dark-Not Lighted
2020-07-29T14:48:00.000,I 75,I 75 and I 285,,Sideswipe-Same Direction,2,Cloudy,Wet,Daylight
2020-11-17T21:13:00.000,I 75,I 75 and I 285,,Not a Collision with Motor Vehicle,1,Clear,Dry,Dark-Not Lighted
2020-11-25T15:20:00.000,I 285,I 75 and I 285,,Rear End,2,Rain,Wet,Daylight
2020-02-14T06:15:00.000,I 285,I 75 and I 285,,Sideswipe-Same Direction,2,Clear,Dry,Dark-Not Lighted
2020-08-26T23:00:00.000,I 75,I 75 and I 285,,Sideswipe-Same Direction,2,Clear,Dry,Dark-Lighted
2020-03-07T21:47:00.000,I 285,I 75 and I 285,,Sideswipe-Same Direction,2,Clear,Dry,Dark-Not Lighted
2020-07-23T11:30:00.000,I 75,I 75 and I 285,,Sideswipe-Same Direction,2,Clear,Dry,Daylight
2020-10-18T19:02:00.000,I 75,I 75 and I 285,,Rear End,2,Clear,Dry,Dark-Not Lighted
2020-12-25T00:00:00.000,I 75,I 75 and I 285,,Sideswipe-Same Direction,2,Clear,Dry,Dark-Lighted
2020-04-09T12:05:00.000,I 75,I 75 and I 285,,Not a Collision with Motor Vehicle,1,Clear,Dry,Daylight
2020-06-05T14:53:00.000,I 285,I 75 and I 285,,Sideswipe-Same Direction,2,Cloudy,Dry,Daylight
2020-11-28T23:50:00.000,I 75,I 75 and I 285,,Head On,2,Clear,Dry,Dark-Not Lighted
2020-07-22T13:11:00.000,I 75,I 75 and I 285,,Sideswipe-Same Direction,2,Cloudy,Dry,Daylight
2020-05-16T02:56:00.000,I 75,I 75 and I 285,,Sideswipe-Same Direction,2,Clear,Dry,Dark-Not Lighted
2020-05-14T03:47:00.000,I 75,I 75 and I 285,,Sideswipe-Same Direction,2,Clear,Dry,Dark-Not Lighted
2020-11-10T22:03:00.000,I 75,I 75 and I 285,,Sideswipe-Same Direction,2,Rain,Wet,Dark-Not Lighted
2020-06-26T18:25:00.000,I 75,I 75 and I 285,,Sideswipe-Same Direction,2,Clear,Dry,Daylight
2020-11-18T17:55:00.000,I 285,I 75 and I 285,,Sideswipe-Same Direction,2,Clear,Dry,Dark-Not Lighted
2020-12-23T14:57:00.000,I 285,I 75 and I 285,,Rear End,2,Clear,Dry,Daylight
2020-07-30T07:01:00.000,I 285,I 75 and I 285,,Rear End,2,Cloudy,Wet,Daylight
2020-10-24T17:38:00.000,I 75,I 75 and I 285,,Rear End,2,Rain,Water (standing or moving),Dark-Lighted
2020-11-12T13:30:00.000,I 285,I 75 and I 285,,Sideswipe-Same Direction,2,Clear,Dry,Daylight
2020-09-14T17:35:00.000,I 75,I 75 and I 285,,Rear End,3,Clear,Dry,Daylight
2020-03-05T18:12:00.000,I 75,I 75 and I 285,,Sideswipe-Same Direction,2,Cloudy,Wet,Daylight
2020-02-27T12:45:00.000,I 285,I 75 and I 285,,Sideswipe-Same Direction,2,Clear,Dry,Daylight
2020-11-28T05:30:00.000,I 75,I 75 and I 285,,Not a Collision with Motor Vehicle,1,Clear,Dry,Dark-Not Lighted
2020-08-24T21:35:00.000,I 285,I 75 and I 285,,Rear End,2,Clear,Wet,Dark-Not Lighted
2020-02-14T15:42:00.000,I 285,I 75 and I 285,,Sideswipe-Same Direction,2,Cloudy,Dry,Daylight
2020-12-11T21:29:00.000,I 75,I 75 and I 285,,Not a Collision with Motor Vehicle,1,Clear,Dry,Dark-Not Lighted
2020-07-18T02:33:00.000,I 75,I 75 and I 285,,Not a Collision with Motor Vehicle,1,Cloudy,Dry,Dark-Not Lighted
2020-09-30T10:42:00.000,I 285,I 75 and I 285,,Sideswipe-Same Direction,2,Clear,Dry,Daylight
2020-03-29T18:02:00.000,I 75,I 75 and I 285,,Not a Collision with Motor Vehicle,1,Clear,Dry,Daylight
2020-10-20T13:35:00.000,I 285,I 75 and I 285,,Sideswipe-Same Direction,2,Clear,Dry,Daylight
2020-12-17T17:57:00.000,I 75,I 75 and I 285,,Rear End,3,Clear,Dry,Dark-Lighted
2020-02-20T16:55:00.000,I 285,I 75 and I 285,,Rear End,2,Rain,Wet,Daylight
2020-08-21T23:23:00.000,I 285,I 75 and I 285,,Angle Crash,3,Clear,Wet,Dark-Not Lighted
2020-04-21T03:45:00.000,I 285,I 75 and I 285,,Not a Collision with Motor Vehicle,1,Clear,Dry,Dark-Not Lighted
2020-09-17T05:15:00.000,I 75,I 75 and I 285,,Rear End,2,Rain,Wet,Dark-Lighted
2020-10-09T06:45:00.000,I 75,I 75 and I 285,,Sideswipe-Same Direction,2,Clear,Dry,Dark-Not Lighted
2020-10-06T21:50:00.000,I 75,I 75 and I 285,,Rear End,2,Clear,Dry,Dark-Lighted
2020-10-24T21:33:00.000,I 75,I 75 and I 285,,Not a Collision with Motor Vehicle,1,Rain,Water (standing or moving),Dark-Lighted
2020-08-25T13:30:00.000,I 75,I 75 and I 285,,Rear End,4,Cloudy,Wet,Daylight
2020-06-22T16:26:00.000,I 75,I 75 and I 285,,Angle Crash,2,Clear,Dry,Daylight
2020-10-01T18:28:00.000,I 285,I 75 and I 285,,Sideswipe-Same Direction,2,Clear,Dry,Daylight
2020-08-25T11:45:00.000,I 75,I 75 and I 285,,Not a Collision with Motor Vehicle,1,Rain,Wet,Daylight
2020-12-11T07:05:00.000,I 285,I 75 and I 285,,Not a Collision with Motor Vehicle,1,Clear,Dry,Daylight
2020-11-15T18:59:00.000,I 75,I 75 and I 285,,Rear End,2,Cloudy,Dry,Dark-Lighted
2020-01-31T13:38:00.000,I 285,I 75 and I 285,,Sideswipe-Same Direction,2,Cloudy,Wet,Daylight
2020-04-25T08:17:00.000,I 285,I 75 and I 285,,Not a Collision with Motor Vehicle,1,Cloudy,Wet,Daylight
2020-02-13T03:00:00.000,I 285,I 75 and I 285,,Sideswipe-Same Direction,2,Clear,Dry,Dark-Not Lighted
2020-10-06T10:42:00.000,I 75,I 75 and I 285,,Angle Crash,2,Cloudy,Dry,Daylight
2020-07-11T20:56:00.000,I 285,I 75 and I 285,,Not a Collision with Motor Vehicle,1,Clear,Dry,Daylight
2020-12-17T11:10:00.000,I 75,I 75 and I 285,,Not a Collision with Motor Vehicle,1,Cloudy,Dry,Daylight
2020-07-27T11:35:00.000,I 75,I 75 and I 285,,Sideswipe-Same Direction,2,Clear,Dry,Daylight
2020-08-21T06:07:00.000,I 75,I 75 and I 285,,Sideswipe-Same Direction,2,Cloudy,Wet,Dark-Not Lighted
2020-10-12T00:19:00.000,I 75,I 75 and I 285,,Not a Collision with Motor Vehicle,1,Cloudy,Wet,Dark-Lighted
2020-04-23T06:07:00.000,I 285,I 75 and I 285,,Sideswipe-Same Direction,5,Rain,Wet,Dark-Not Lighted
2020-09-17T07:45:00.000,I 285,I 75 and I 285,,Not a Collision with Motor Vehicle,1,Rain,Wet,Daylight
2020-03-27T20:29:00.000,I 75,I 75 and I 285,,Not a Collision with Motor Vehicle,1,Clear,Dry,Dark-Not Lighted
2020-02-19T09:00:00.000,I 75,I 75 and I 285,,Rear End,2,Cloudy,Wet,Daylight
2020-02-14T19:30:00.000,I 285,I 75 and I 285,,Sideswipe-Same Direction,3,Clear,Dry,Dark-Not Lighted
2020-11-16T05:39:00.000,I 75,I 75 and I 285,,Sideswipe-Same Direction,2,Clear,Dry,Dark-Not Lighted
2020-05-31T23:45:00.000,I 285,I 75 and I 285,,Rear End,3,Clear,Dry,Dark-Not Lighted
2020-05-03T12:00:00.000,I 75,I 75 and I 285,,Sideswipe-Same Direction,2,Clear,Dry,Daylight
2020-10-14T09:20:00.000,I 75,I 75 and I 285,,Sideswipe-Same Direction,2,Clear,Dry,Daylight
2020-03-09T06:33:00.000,I 75,I 75 and I 285,,Sideswipe-Same Direction,2,Clear,Dry,Dark-Not Lighted
2020-08-25T09:20:00.000,I 285,I 75 and I 285,,Sideswipe-Same Direction,2,Rain,Wet,Daylight
2020-12-30T04:08:00.000,I 75,I 75 and I 285,,Rear End,2,Clear,Dry,Dark-Lighted
2020-09-30T11:21:00.000,I 285,I 75 and I 285,,Rear End,3,Clear,Dry,Daylight
2020-09-30T11:30:00.000,I 285,I 75 and I 285,,Sideswipe-Same Direction,2,Clear,Dry,Daylight
2020-02-14T01:43:00.000,I 75,I 75 and I 285,,Sideswipe-Same Direction,2,Clear,Dry,Dark-Not Lighted
2020-08-06T08:18:00.000,I 285,I 75 and I 285,,Rear End,2,Clear,Dry,Daylight
2020-10-23T16:52:00.000,I 75,I 75 and I 285,,Rear End,2,Clear,Dry,Daylight
2020-01-22T12:00:00.000,I 75,I 75 and I 285,,Sideswipe-Same Direction,2,Clear,Dry,Daylight
2020-11-30T21:42:00.000,I 75,I 75 and I 285,,Rear End,4,Snow,Dry,Dark-Not Lighted
2020-03-26T22:35:00.000,I 285,I 75 and I 285,,Not a Collision with Motor Vehicle,1,Clear,Dry,Dark-Not Lighted
2020-07-27T14:52:00.000,I 285,I 75 and I 285,,Rear End,2,Cloudy,Dry,Daylight
2020-01-02T04:35:00.000,I 75,I 75 and I 285,,Not a Collision with Motor Vehicle,1,Clear,Dry,Dark-Lighted
2020-03-12T08:20:00.000,I 285,I 75 and I 285,,Rear End,2,Fog,Wet,Daylight
2020-09-26T10:51:00.000,I 75,I 75 and I 285,,Sideswipe-Same Direction,2,Clear,Dry,Daylight
2020-03-20T21:45:00.000,I 75,I 75 and I 285,,Not a Collision with Motor Vehicle,1,Cloudy,Dry,Dark-Not Lighted
2020-12-31T23:02:00.000,I 285,I 75 and I 285,,Not a Collision with Motor Vehicle,1,Rain,Wet,Dark-Not Lighted
2020-01-21T17:21:00.000,I 285,I 75 and I 285,,Rear End,2,Clear,Dry,Daylight
2020-05-08T16:32:00.000,I 285,I 75 and I 285,,Sideswipe-Same Direction,2,Cloudy,Wet,Daylight
2020-03-23T13:39:00.000,I 285,I 75 and I 285,,Not a Collision with Motor Vehicle,1,Rain,Wet,Daylight
2020-12-31T22:04:00.000,I 75,I 75 and I 285,,Not a Collision with Motor Vehicle,1,Rain,Wet,Dark-Not Lighted
2020-03-26T23:25:00.000,I 285,I 75 and I 285,,Rear End,2,Clear,Dry,Dark-Lighted
2020-09-03T08:03:00.000,I 285,I 75 and I 285,,Sideswipe-Same Direction,2,Clear,Dry,Daylight
2020-11-09T14:44:00.000,I 75,I 75 and I 285,,Rear End,2,Clear,Dry,Daylight
2020-12-12T18:53:00.000,I 75,I 75 and I 285,,Sideswipe-Same Direction,2,Rain,Wet,Dark-Lighted
2020-09-12T10:49:00.000,I 75,I 75 and I 285,,Rear End,2,Cloudy,Dry,Daylight
2020-08-30T19:35:00.000,I 285,I 75 and I 285,,Not a Collision with Motor Vehicle,1,Rain,Wet,Daylight
2020-09-16T21:57:00.000,I 285,I 75 and I 285,,Not a Collision with Motor Vehicle,1,Rain,Wet,Dark-Not Lighted
2020-06-11T21:30:00.000,I 285,I 75 and I 285,,Sideswipe-Same Direction,2,Clear,Dry,Dark-Not Lighted
2020-08-26T07:10:00.000,I 75,I 75 and I 285,,Rear End,4,Clear,Dry,Daylight
2020-08-25T00:01:00.000,I 75,I 75 and I 285,,Sideswipe-Same Direction,2,Rain,Wet,Dark-Not Lighted
2020-03-05T17:28:00.000,I 285,I 75 and I 285,,Sideswipe-Same Direction,2,Cloudy,Wet,Daylight
2020-02-14T21:56:00.000,I 75,I 75 and I 285,,Rear End,2,Clear,Dry,Dark-Not Lighted
2020-09-23T05:01:00.000,I 75,I 75 and I 285,,Angle Crash,2,Clear,Dry,Dawn
2020-11-22T02:46:00.000,I 75,I 75 and I 285,,Not a Collision with Motor Vehicle,1,Clear,Dry,Dark-Not Lighted
2020-04-19T19:25:00.000,I 75,I 75 and I 285,,Not a Collision with Motor Vehicle,1,Rain,Wet,Dark-Lighted
2020-02-11T22:47:00.000,I 75,I 75 and I 285,,Not a Collision with Motor Vehicle,1,Rain,Wet,Dark-Not Lighted
2020-08-20T03:11:00.000,I 285,I 75 and I 285,,Not a Collision with Motor Vehicle,1,Clear,Dry,Dark-Lighted
2020-03-18T15:01:00.000,I 285,I 75 and I 285,,Sideswipe-Same Direction,2,Clear,Dry,Daylight
2020-11-24T06:30:00.000,I 75,I 75 and I 285,,Rear End,2,Clear,Dry,Dark-Lighted
2020-09-22T19:18:00.000,I 75,I 75 and I 285,,Not a Collision with Motor Vehicle,1,Clear,Dry,Dusk
2020-09-02T12:28:00.000,I 75,I 75 and I 285,,Sideswipe-Same Direction,2,Clear,Dry,Daylight
2020-01-31T18:45:00.000,I 285,I 75 and I 285,,Angle Crash,2,Clear,Dry,Dark-Lighted
2020-02-04T08:23:00.000,I 285,I 75 and I 285,,Rear End,2,Cloudy,Wet,Daylight
2020-11-30T21:35:00.000,I 75,I 75 and I 285,,Angle Crash,2,Cloudy,Dry,Dark-Not Lighted
2020-03-04T22:50:00.000,I 75,I 75 and I 285,,Not a Collision with Motor Vehicle,1,Rain,Wet,Dark-Not Lighted
2020-08-08T14:17:00.000,I 285,I 75 and I 285,,Rear End,2,Clear,Dry,Daylight
2020-10-28T19:42:00.000,I 75,I 75 and I 285,,Sideswipe-Same Direction,2,Cloudy,Dry,Dark-Not Lighted
2020-05-26T09:23:00.000,I 75,I 75 and I 285,,Rear End,2,Cloudy,Dry,Daylight
2020-08-13T22:09:00.000,I 75,I 75 and I 285,,Rear End,3,Rain,Wet,Dark-Lighted
2020-11-18T17:33:00.000,I 75,I 75 and I 285,,Not a Collision with Motor Vehicle,1,Clear,Dry,Daylight
2020-03-24T12:35:00.000,I 75,I 75 and I 285,,Sideswipe-Same Direction,2,Cloudy,Wet,Daylight
2020-10-10T13:49:00.000,I 285,I 75 and I 285,,Rear End,2,Cloudy,Wet,Daylight
2020-06-15T03:55:00.000,I 285,I 75 and I 285,,Not a Collision with Motor Vehicle,1,Clear,Dry,Dark-Lighted
2020-06-24T13:40:00.000,I 75,I 75 and I 285,,Sideswipe-Same Direction,2,Clear,Dry,Daylight
2020-10-05T21:00:00.000,I 75,I 75 and I 285,,Not a Collision with Motor Vehicle,1,Clear,Dry,Dark-Not Lighted
2020-02-04T01:23:00.000,I 285,I 75 and I 285,,Sideswipe-Same Direction,2,Clear,Dry,Dark-Lighted
2020-09-04T16:25:00.000,I 285,I 75 and I 285,,Rear End,3,Clear,Dry,Daylight
2020-11-25T19:05:00.000,I 75,I 75 and I 285,,Rear End,2,Rain,Wet,Dark-Lighted
2020-03-03T08:05:00.000,I 75,I 75 and I 285,,Rear End,2,Rain,Wet,Daylight
2020-01-19T08:30:00.000,I 285,I 75 and I 285,,Angle Crash,2,Clear,Dry,Daylight
2020-10-31T14:37:00.000,I 75,I 75 and I 285,,Rear End,2,Clear,Dry,Daylight
2020-10-25T00:03:00.000,I 285,I 75 and I 285,,Not a Collision with Motor Vehicle,1,Rain,Wet,Dark-Not Lighted
2020-09-16T17:20:00.000,I 75,I 75 and I 285,,Rear End,2,Rain,Wet,Daylight
2020-06-27T06:03:00.000,I 285,I 75 and I 285,,Not a Collision with Motor Vehicle,1,Clear,Dry,Dark-Not Lighted
2020-11-07T17:00:00.000,I 285,I 75 and I 285,,Rear End,3,Clear,Dry,Dusk
2020-08-17T14:31:00.000,I 75,I 75 and I 285,,Not a Collision with Motor Vehicle,1,Clear,Dry,Daylight
2020-11-10T19:30:00.000,I 75,I 75 and I 285,,Rear End,3,Rain,Wet,Dark-Lighted
2020-12-13T02:32:00.000,I 285,I 75 and I 285,,Sideswipe-Same Direction,2,Cloudy,Dry,Dark-Lighted
2020-07-20T18:41:00.000,I 285,I 75 and I 285,,Angle Crash,2,Rain,Wet,Daylight
2020-06-24T23:03:00.000,I 285,I 75 and I 285,,Angle Crash,2,Rain,Wet,Dark-Not Lighted
2020-05-31T23:43:00.000,I 285,I 75 and I 285,,Rear End,2,Clear,Dry,Dark-Not Lighted
2020-09-13T11:46:00.000,I 75,I 75 and I 285,,Rear End,2,Clear,Dry,Daylight
2020-11-28T10:15:00.000,I 75,I 75 and I 285,,Angle Crash,3,Cloudy,Dry,Daylight
2020-10-18T14:21:00.000,I 285,I 75 and I 285,,Sideswipe-Same Direction,2,Clear,Dry,Daylight
2020-03-29T14:50:00.000,I 75,I 75 and I 285,,Angle Crash,2,Cloudy,Dry,Daylight
2021-03-04T23:15:00.000,I 285,I 75 and I 285,,Sideswipe-Same Direction,2,Clear,Dry,Dark-Lighted
2021-02-24T14:10:00.000,I 75,I 75 and I 285,,Sideswipe-Same Direction,2,Clear,Dry,Daylight
2021-05-26T07:54:00.000,I 285,I 75 and I 285,,Rear End,2,Clear,Dry,Daylight
2021-04-27T03:21:00.000,I 75,I 75 and I 285,,Sideswipe-Same Direction,2,Clear,Dry,Dark-Lighted
2021-01-15T23:30:00.000,I 75,I 75 and I 285,,Rear End,2,Clear,Dry,Dark-Lighted
2021-01-01T02:00:00.000,I 285,I 75 and I 285,,Angle Crash,2,Rain,Water (standing or moving),Dark-Not Lighted
2021-02-05T09:54:00.000,I 75,I 75 and I 285,,Sideswipe-Same Direction,3,Clear,Dry,Daylight
2021-01-26T17:44:00.000,I 285,I 75 and I 285,,Rear End,2,Cloudy,Dry,Daylight
2021-06-20T21:59:00.000,I 285,I 75 and I 285,,Rear End,2,Cloudy,Dry,Dark-Not Lighted
2021-06-29T07:14:00.000,I 285,I 75 and I 285,,Sideswipe-Same Direction,2,Rain,Wet,Daylight
2021-03-03T13:42:00.000,I 75,I 75 and I 285,,Rear End,2,Clear,Dry,Daylight
2021-05-23T17:08:00.000,I 75,I 75 and I 285,,Angle Crash,2,Clear,Dry,Daylight
2021-02-24T20:05:00.000,I 75,I 75 and I 285,,Rear End,3,Clear,Dry,Dark-Lighted
2021-04-20T22:46:00.000,I 285,I 75 and I 285,,Not a Collision with Motor Vehicle,1,Clear,Dry,Dark-Not Lighted
2021-03-09T22:50:00.000,I 75,I 75 and I 285,,Sideswipe-Same Direction,2,Clear,Dry,Dark-Not Lighted
2021-05-23T22:58:00.000,I 75,I 75 and I 285,,Angle Crash,3,Clear,Dry,Dark-Not Lighted
2021-03-09T18:33:00.000,I 285,I 75 and I 285,,Sideswipe-Same Direction,2,Clear,Dry,Dusk
2021-01-02T08:45:00.000,I 285,I 75 and I 285,,Not a Collision with Motor Vehicle,1,Cloudy,Wet,Daylight
2021-05-02T14:19:00.000,I 75,I 75 and I 285,,Rear End,2,Clear,Dry,Daylight
2021-03-30T21:42:00.000,I 285,I 75 and I 285,,Angle Crash,2,Cloudy,Dry,Dark-Lighted
2021-04-12T00:15:00.000,I 75,I 75 and I 285,,Rear End,2,Clear,Dry,Dark-Not Lighted
2021-02-11T11:53:00.000,I 75,I 75 and I 285,,Not a Collision with Motor Vehicle,1,Rain,Wet,Daylight
2021-01-21T13:00:00.000,I 285,I 75 and I 285,,Sideswipe-Same Direction,2,Rain,Wet,Daylight
2021-06-20T09:15:00.000,I 285,I 75 and I 285,,Not a Collision with Motor Vehicle,1,Rain,Wet,Daylight
2021-04-20T17:24:00.000,I 75,I 75 and I 285,,Rear End,2,Cloudy,Dry,Daylight