Date and Time,Roadway (From Crash Report),Intersection Name (from Crash Report),KABCO Severity,Manner of Collision (Crash Level) ,# of Vehicles per crash ,Weather Conditions (Crash Level),Surface Condition (Crash Level) ,Light Conditions (Crash Level)
2021-04-22T08:56:00.000,I 285,I 75 and I 285,,Rear End,2,Clear,Dry,Daylight
2021-04-28T23:04:00.000,I 285,I 75 and I 285,,Not a Collision with Motor Vehicle,2,Clear,Dry,Dark-Lighted
2021-03-19T00:00:00.000,I 75,I 75 and I 285,,Rear End,2,Clear,Dry,Daylight
2021-04-03T23:40:00.000,I 75,I 75 and I 285,,Head On,2,Clear,Dry,Dark-Not Lighted
2021-03-09T19:48:00.000,I 285,I 75 and I 285,,Sideswipe-Same Direction,2,Clear,Dry,Dark-Not Lighted
2021-01-04T14:54:00.000,I 75,I 75 and I 285,,Sideswipe-Same Direction,2,Clear,Dry,Daylight
2021-05-15T23:20:00.000,I 285,I 75 and I 285,,Not a Collision with Motor Vehicle,1,Clear,Dry,Dark-Lighted
2021-05-18T19:42:00.000,I 285,I 75 and I 285,,Sideswipe-Same Direction,2,Cloudy,Dry,Daylight
2021-05-21T15:34:00.000,I 285,I 75 and I 285,,Not a Collision with Motor Vehicle,3,Cloudy,Dry,Daylight
2021-06-10T07:32:00.000,I 285,I 75 and I 285,,Rear End,2,Cloudy,Dry,Daylight
2021-04-21T05:30:00.000,I 75,I 75 and I 285,,Rear End,2,Clear,Dry,Dark-Lighted
2021-04-06T17:15:00.000,I 75,I 75 and I 285,,Rear End,2,Clear,Dry,Daylight
2021-01-06T21:32:00.000,I 75,I 75 and I 285,,Sideswipe-Same Direction,2,Cloudy,Dry,Dark-Lighted
2021-06-30T23:44:00.000,I 75,I 75 and I 285,,Rear End,2,Clear,Dry,Dark-Lighted
2021-02-08T08:20:00.000,I 75,I 75 and I 285,,Rear End,2,Clear,Dry,Daylight
2021-05-07T13:23:00.000,I 75,I 75 and I 285,,Sideswipe-Same Direction,2,Clear,Dry,Daylight
2021-04-22T08:40:00.000,I 75,I 75 and I 285,,Sideswipe-Same Direction,2,Clear,Dry,Daylight
2021-06-26T06:15:00.000,I 75,I 75 and I 285,,Sideswipe-Same Direction,2,Clear,Dry,Daylight
2021-06-13T11:19:00.000,I 75,I 75 and I 285,,Rear End,2,Clear,Dry,Daylight
2021-03-25T23:45:00.000,I 75,I 75 and I 285,,Not a Collision with Motor Vehicle,1,Rain,Water (standing or moving),Dark-Lighted
2021-03-20T19:04:00.000,I 75,I 75 and I 285,,Rear End,4,Clear,Dry,Daylight
2021-04-25T07:09:00.000,I 75,I 75 and I 285,,Sideswipe-Same Direction,2,Cloudy,Dry,Daylight
2021-01-06T09:59:00.000,I 285,I 75 and I 285,,Sideswipe-Same Direction,2,Clear,Dry,Daylight
2021-05-26T17:58:00.000,I 285,I 75 and I 285,,Rear End,2,Clear,Dry,Daylight
2021-04-10T11:57:00.000,I 285,I 75 and I 285,,Sideswipe-Same Direction,2,Rain,Wet,Daylight
2021-06-28T11:26:00.000,I 285,I 75 and I 285,,Sideswipe-Same Direction,2,Clear,Dry,Daylight
2021-04-15T22:40:00.000,I 285,I 75 and I 285,,Sideswipe-Same Direction,2,Clear,Dry,Dark-Not Lighted
2021-04-21T08:29:00.000,I 75,I 75 and I 285,,Sideswipe-Same Direction,2,Clear,Dry,Daylight
2021-02-01T21:16:00.000,I 285,I 75 and I 285,,Not a Collision with Motor Vehicle,1,Clear,Dry,Dark-Not Lighted
2021-03-25T15:01:00.000,I 285,I 75 and I 285,,Rear End,2,Cloudy,Wet,Daylight
2021-05-24T05:33:00.000,I 75,I 75 and I 285,,Sideswipe-Same Direction,2,Clear,Dry,Daylight
2021-02-25T14:01:00.000,I 285,I 75 and I 285,,Rear End,3,Clear,Dry,Daylight
2021-06-03T15:43:00.000,I 285,I 75 and I 285,,Rear End,2,Cloudy,Dry,Daylight
2021-04-23T13:20:00.000,I 75,I 75 and I 285,,Sideswipe-Same Direction,2,Cloudy,Dry,Daylight
2021-01-31T13:05:00.000,I 285,I 75 and I 285,,Not a Collision with Motor Vehicle,2,Rain,Wet,Daylight
2021-06-03T19:58:00.000,I 75,I 75 and I 285,,Rear End,2,Clear,Wet,Daylight
2021-06-29T10:21:00.000,I 75,I 75 and I 285,,Sideswipe-Same Direction,2,Cloudy,Dry,Daylight
2021-01-02T23:46:00.000,I 285,I 75 and I 285,,Not a Collision with Motor Vehicle,1,Cloudy,Dry,Dark-Not Lighted
2021-06-02T23:21:00.000,I 285,I 75 and I 285,,Rear End,2,Clear,Dry,Dark-Not Lighted
2021-03-10T23:30:00.000,I 75,I 75 and I 285,,Not a Collision with Motor Vehicle,1,Clear,Dry,Dark-Not Lighted
2021-03-02T12:10:00.000,I 75,I 75 and I 285,,Sideswipe-Same Direction,2,Cloudy,Dry,Daylight
2021-06-03T19:00:00.000,I 75,I 75 and I 285,,Rear End,2,Clear,Dry,Daylight
2021-06-23T04:21:00.000,I 75,I 75 and I 285,,Sideswipe-Same Direction,2,Clear,Dry,Dark-Lighted
2021-04-06T12:00:00.000,I 285,I 75 and I 285,,Rear End,2,Clear,Dry,Daylight
2021-06-12T21:57:00.000,I 285,I 75 and I 285,,Not a Collision with Motor Vehicle,2,Clear,Dry,Dark-Not Lighted
2021-01-14T17:05:00.000,I 75,I 75 and I 285,,Angle Crash,2,Cloudy,Dry,Daylight
2021-04-03T22:50:00.000,I 75,I 75 and I 285,,Sideswipe-Same Direction,2,Clear,Dry,Dark-Lighted
2021-05-27T11:48:00.000,I 285,I 75 and I 285,,Rear End,2,Cloudy,Dry,Daylight
2021-05-10T01:00:00.000,I 285,I 75 and I 285,,Angle Crash,2,Rain,Wet,Dark-Lighted
2021-01-15T07:11:00.000,I 285,I 75 and I 285,,Rear End,2,Clear,Dry,Dark-Not Lighted
2021-01-06T14:50:00.000,I 75,I 75 and I 285,,Angle Crash,2,Clear,Dry,Daylight
2021-04-22T10:42:00.000,I 75,I 75 and I 285,,Rear End,2,Clear,Dry,Daylight
2021-01-08T23:45:00.000,I 285,I 75 and I 285,,Sideswipe-Same Direction,2,Clear,Dry,Dark-Not Lighted
2021-04-20T17:24:00.000,I 75,I 75 and I 285,,Rear End,2,Cloudy,Dry,Daylight
2021-06-08T07:49:00.000,I 285,I 75 and I 285,,Not a Collision with Motor Vehicle,1,Cloudy,Dry,Daylight
2021-03-30T07:10:00.000,I 285,I 75 and I 285,,Not a Collision with Motor Vehicle,1,Clear,Dry,Dark-Lighted
2021-04-02T18:00:00.000,I 75,I 75 and I 285,,Sideswipe-Same Direction,2,Clear,Dry,Daylight
2021-04-04T12:54:00.000,I 285,I 75 and I 285,,Sideswipe-Same Direction,2,Clear,Dry,Daylight
2021-05-19T15:42:00.000,I 285,I 75 and I 285,,Rear End,2,Clear,Dry,Daylight
2021-03-28T13:00:00.000,I 75,I 75 and I 285,,Angle Crash,2,Cloudy,Wet,Daylight
2021-02-05T05:22:00.000,I 285,I 75 and I 285,,Not a Collision with Motor Vehicle,1,Rain,Wet,Dark-Not Lighted
2021-06-14T07:00:00.000,I 75,I 75 and I 285,,Not a Collision with Motor Vehicle,2,Cloudy,Dry,Daylight
2021-02-02T00:25:00.000,I 75,I 75 and I 285,,Rear End,2,Clear,Dry,Dark-Not Lighted
2021-01-05T16:54:00.000,I 75,I 75 and I 285,,Rear End,2,Clear,Dry,Daylight
2021-05-11T11:51:00.000,I 75,I 75 and I 285,,Sideswipe-Same Direction,2,Clear,Dry,Daylight
2021-01-07T18:00:00.000,I 285,I 75 and I 285,,Rear End,2,Rain,Wet,Dark-Not Lighted
2021-05-28T10:10:00.000,I 285,I 75 and I 285,,Sideswipe-Same Direction,2,Cloudy,Dry,Daylight
2021-02-08T08:20:00.000,I 75,I 75 and I 285,,Rear End,2,Clear,Dry,Daylight
2021-01-24T02:27:00.000,I 75,I 75 and I 285,,Rear End,2,Clear,Dry,Dark-Lighted
2021-02-03T10:31:00.000,I 75,I 75 and I 285,,Sideswipe-Same Direction,2,Clear,Dry,Daylight
2021-03-11T15:59:00.000,I 75,I 75 and I 285,,Rear End,2,Clear,Dry,Daylight
2021-04-14T08:24:00.000,I 285,I 75 and I 285,,Sideswipe-Same Direction,2,Clear,Dry,Daylight
2021-02-13T14:05:00.000,I 285,I 75 and I 285,,Not a Collision with Motor Vehicle,1,Rain,Wet,Daylight
2021-03-27T23:41:00.000,I 75,I 75 and I 285,,Sideswipe-Same Direction,2,Clear,Dry,Dark-Lighted
2021-06-29T19:37:00.000,I 285,I 75 and I 285,,Sideswipe-Same Direction,2,Clear,Dry,Daylight
2021-04-25T15:43:00.000,I 285,I 75 and I 285,,Rear End,5,Clear,Dry,Daylight
2021-03-27T21:00:00.000,I 75,I 75 and I 285,,Rear End,2,Clear,Dry,Dark-Lighted
2021-01-11T12:57:00.000,I 285,I 75 and I 285,,Not a Collision with Motor Vehicle,1,Rain,Wet,Daylight
2021-05-19T09:00:00.000,I 285,I 75 and I 285,,Sideswipe-Same Direction,2,Clear,Dry,Daylight
2021-06-12T21:57:00.000,I 285,I 75 and I 285,,Not a Collision with Motor Vehicle,3,Clear,Dry,Dark-Not Lighted
2021-03-31T06:44:00.000,I 75,I 75 and I 285,,Sideswipe-Same Direction,2,Clear,Dry,Dark-Not Lighted
2021-06-20T10:52:00.000,I 285,I 75 and I 285,,Not a Collision with Motor Vehicle,1,Cloudy,Wet,Daylight
2021-03-30T12:05:00.000,I 75,I 75 and I 285,,Sideswipe-Same Direction,2,Clear,Dry,Daylight
2021-05-05T14:31:00.000,I 285,I 75 and I 285,,Angle Crash,2,Cloudy,Dry,Daylight
2021-06-17T16:50:00.000,I 285,I 75 and I 285,,Rear End,2,Clear,Dry,Daylight
2021-01-04T06:45:00.000,I 75,I 75 and I 285,,Rear End,2,Clear,Dry,Daylight
2021-06-29T11:24:00.000,I 75,I 75 and I 285,,Sideswipe-Same Direction,2,Cloudy,Wet,Daylight
2021-01-25T10:20:00.000,I 75,I 75 and I 285,,Rear End,2,Rain,Wet,Daylight
2021-04-08T07:42:00.000,I 285,I 75 and I 285,,Not a Collision with Motor Vehicle,3,Cloudy,Dry,Daylight
2021-01-01T00:10:00.000,I 75,I 75 and I 285,,Not a Collision with Motor Vehicle,1,Rain,Wet,Dark-Not Lighted
2021-05-08T22:00:00.000,I 285,I 75 and I 285,,Rear End,2,Clear,Dry,Dark-Not Lighted
2021-03-24T23:52:00.000,I 285,I 75 and I 285,,Sideswipe-Same Direction,2,Clear,Dry,Dark-Not Lighted
2021-04-09T20:25:00.000,I 285,I 75 and I 285,,Rear End,2,Cloudy,Dry,Dark-Not Lighted
2021-04-25T12:50:00.000,I 285,I 75 and I 285,,Rear End,2,Clear,Dry,Daylight
2021-06-30T06:23:00.000,I 285,I 75 and I 285,,Not a Collision with Motor Vehicle,1,Clear,Dry,Daylight
2021-01-16T03:59:00.000,I 285,I 75 and I 285,,Not a Collision with Motor Vehicle,1,Clear,Dry,Dark-Lighted
2021-03-25T08:15:00.000,I 285,I 75 and I 285,,Sideswipe-Same Direction,2,Rain,Wet,Daylight
2021-03-28T13:52:00.000,I 75,I 75 and I 285,,Angle Crash,2,Cloudy,Wet,Daylight
2021-05-09T22:39:00.000,I 285,I 75 and I 285,,Sideswipe-Same Direction,2,Rain,Wet,Dark-Lighted
2021-03-25T12:49:00.000,I 285,I 75 and I 285,,Sideswipe-Same Direction,2,Cloudy,Dry,Daylight
2021-03-13T15:28:00.000,I 285,I 75 and I 285,,Rear End,3,Clear,Dry,Daylight
2021-02-06T02:00:00.000,I 75,I 75 and I 285,,Sideswipe-Same Direction,2,Clear,Dry,Dark-Lighted
2021-05-06T17:15:00.000,I 285,I 75 and I 285,,Sideswipe-Same Direction,2,Clear,Dry,Daylight
2021-04-10T10:52:00.000,I 75,I 75 and I 285,,Not a Collision with Motor Vehicle,1,Rain,Wet,Daylight
2021-03-28T13:40:00.000,I 285,I 75 and I 285,,Rear End,2,Cloudy,Wet,Daylight
2021-07-26T18:30:00.000,I 285,I 75 and I 285,,Sideswipe-Same Direction,2,Cloudy,Dry,Daylight
2021-07-30T17:44:00.000,I 285,I 75 and I 285,,Not a Collision with Motor Vehicle,2,Clear,Dry,Daylight
2021-07-02T07:23:00.000,I 285,I 75 and I 285,,Sideswipe-Same Direction,2,Rain,Wet,Daylight
2021-09-14T09:54:00.000,I 285,I 75 and I 285,,Sideswipe-Same Direction,2,Clear,Dry,Daylight
2021-10-05T10:12:00.000,I 75,I 75 and I 285,,Not a Collision with Motor Vehicle,1,Rain,Wet,Daylight
2021-07-14T19:06:00.000,I 285,I 75 and I 285,,Rear End,2,Cloudy,Dry,Daylight
2021-11-19T09:50:00.000,I 75,I 75 and I 285,,Angle Crash,2,Clear,Dry,Daylight
2021-07-17T23:41:00.000,I 75,I 75 and I 285,,Rear End,5,Clear,Dry,Dark-Not Lighted
2021-08-22T14:00:00.000,I 75,I 75 and I 285,,Sideswipe-Same Direction,2,Clear,Dry,Daylight
2021-07-06T04:38:00.000,I 285,I 75 and I 285,,Rear End,3,Clear,Dry,Dark-Lighted
2021-08-08T18:30:00.000,I 75,I 75 and I 285,,Sideswipe-Same Direction,2,Clear,Dry,Daylight
2021-09-28T22:57:00.000,I 285,I 75 and I 285,,Rear End,2,Clear,Dry,Dark-Not Lighted
2021-09-13T21:00:00.000,I 285,I 75 and I 285,,Sideswipe-Same Direction,2,Clear,Dry,Dark-Lighted
2021-12-10T12:01:00.000,I 285,I 75 and I 285,,Rear End,2,Cloudy,Wet,Daylight
2021-07-08T00:29:00.000,I 75,I 75 and I 285,,Sideswipe-Same Direction,2,Cloudy,Wet,Dark-Not Lighted
2021-08-30T01:10:00.000,I 285,I 75 and I 285,,Not a Collision with Motor Vehicle,1,Clear,Dry,Dark-Not Lighted
2021-11-09T08:30:00.000,I 285,I 75 and I 285,,Rear End,2,Clear,Dry,Daylight
2021-09-18T20:25:00.000,I 75,I 75 and I 285,,Sideswipe-Same Direction,2,Rain,Wet,Dark-Lighted
2021-09-14T17:30:00.000,I 75,I 75 and I 285,,Sideswipe-Same Direction,2,Cloudy,Dry,Daylight
2021-08-25T11:00:00.000,I 75,I 75 and I 285,,Sideswipe-Same Direction,2,Clear,Dry,Daylight
2021-12-19T08:22:00.000,I 285,I 75 and I 285,,Not a Collision with Motor Vehicle,1,Rain,Wet,Daylight
2021-07-18T22:55:00.000,I 75,I 75 and I 285,,Not a Collision with Motor Vehicle,1,Rain,Wet,Dark-Not Lighted
2021-11-15T06:28:00.000,I 285,I 75 and I 285,,Rear End,2,Clear,Dry,Dark-Not Lighted
2021-12-08T14:40:00.000,I 285,I 75 and I 285,,Angle Crash,2,Clear,Dry,Daylight
2021-08-26T00:00:00.000,I 285,I 75 and I 285,,Not a Collision with Motor Vehicle,1,Cloudy,Wet,Dark-Not Lighted
2021-08-10T02:56:00.000,I 285,I 75 and I 285,,Not a Collision with Motor Vehicle,1,Clear,Dry,Dark-Lighted
2021-08-15T19:25:00.000,I 75,I 75 and I 285,,Angle Crash,2,Clear,Dry,Dusk
2021-10-27T01:08:00.000,I 285,I 75 and I 285,,Angle Crash,2,Clear,Dry,Dark-Not Lighted
2021-08-13T16:45:00.000,I 285,I 75 and I 285,,Sideswipe-Same Direction,2,Clear,Dry,Daylight
2021-12-17T12:10:00.000,I 75,I 75 and I 285,,Sideswipe-Same Direction,2,Cloudy,Dry,Daylight
2021-11-09T07:30:00.000,I 75,I 75 and I 285,,Rear End,2,Clear,Dry,Daylight
2021-12-27T19:50:00.000,I 285,I 75 and I 285,,Rear End,2,Clear,Dry,Dark-Not Lighted
2021-09-15T10:01:00.000,I 75,I 75 and I 285,,Sideswipe-Same Direction,2,Cloudy,Dry,Daylight
2021-10-26T18:07:00.000,I 285,I 75 and I 285,,Rear End,2,Clear,Dry,Daylight
2021-11-10T19:30:00.000,I 75,I 75 and I 285,,Rear End,2,Clear,Dry,Dark-Not Lighted
2021-09-19T23:16:00.000,I 285,I 75 and I 285,,Not a Collision with Motor Vehicle,1,Clear,Wet,Dark-Lighted
2021-11-24T18:20:00.000,I 75,I 75 and I 285,,Rear End,2,Clear,Dry,Dark-Lighted
2021-08-10T08:40:00.000,I 285,I 75 and I 285,,Rear End,2,Clear,Dry,Daylight
2021-10-30T00:10:00.000,I 285,I 75 and I 285,,Rear End,3,Clear,Dry,Dark-Lighted
2021-12-21T12:00:00.000,I 75,I 75 and I 285,,Rear End,2,Rain,Wet,Daylight
2021-09-11T04:45:00.000,I 75,I 75 and I 285,,Sideswipe-Same Direction,2,Clear,Dry,Dark-Lighted
2021-08-18T16:41:00.000,I 285,I 75 and I 285,,Not a Collision with Motor Vehicle,1,Clear,Dry,Daylight
2021-12-10T19:20:00.000,I 75,I 75 and I 285,,Sideswipe-Same Direction,2,Clear,Wet,Daylight
2021-08-15T20:35:00.000,I 75,I 75 and I 285,,Rear End,4,Clear,Dry,Dark-Lighted
2021-10-20T11:41:00.000,I 285,I 75 and I 285,,Sideswipe-Same Direction,2,Clear,Dry,Daylight
2021-08-26T16:18:00.000,I 285,I 75 and I 285,,Sideswipe-Same Direction,3,Cloudy,Dry,Daylight
2021-09-18T21:08:00.000,I 285,I 75 and I 285,,Sideswipe-Same Direction,2,Rain,Wet,Dark-Lighted
2021-08-05T13:06:00.000,I 285,I 75 and I 285,,Not a Collision with Motor Vehicle,2,Cloudy,Dry,Daylight
2021-08-09T07:36:00.000,I 75,I 75 and I 285,,Angle Crash,2,Clear,Dry,Daylight
2021-11-26T00:00:00.000,I 285,I 75 and I 285,,Not a Collision with Motor Vehicle,1,Clear,Wet,Dark-Lighted
2021-12-24T10:20:00.000,I 285,I 75 and I 285,,Sideswipe-Same Direction,2,Cloudy,Dry,Daylight
2021-09-12T13:31:00.000,I 75,I 75 and I 285,,Sideswipe-Same Direction,2,Clear,Dry,Daylight
2021-09-19T19:15:00.000,I 285,I 75 and I 285,,Rear End,2,Cloudy,Wet,Daylight
2021-07-08T10:30:00.000,I 285,I 75 and I 285,,Rear End,2,Clear,Dry,Daylight
2021-11-04T14:03:00.000,I 285,I 75 and I 285,,Sideswipe-Same Direction,2,Cloudy,Dry,Daylight
2021-10-20T17:00:00.000,I 285,I 75 and I 285,,Sideswipe-Same Direction,2,Clear,Dry,Daylight
2021-09-19T02:11:00.000,I 285,I 75 and I 285,,Not a Collision with Motor Vehicle,1,Rain,Wet,Dark-Lighted
2021-08-07T21:15:00.000,I 285,I 75 and I 285,,Rear End,2,Clear,Dry,Dark-Lighted
2021-07-03T18:21:00.000,I 285,I 75 and I 285,,Rear End,2,Clear,Dry,Daylight
2021-11-15T12:17:00.000,I 285,I 75 and I 285,,Angle Crash,2,Clear,Dry,Daylight
2021-08-14T18:50:00.000,I 285,I 75 and I 285,,Rear End,2,Clear,Dry,Daylight
2021-11-22T03:25:00.000,I 75,I 75 and I 285,,Rear End,2,Rain,Wet,Dark-Not Lighted
2021-10-29T16:55:00.000,I 285,I 75 and I 285,,Rear End,2,Cloudy,Wet,Daylight
2021-08-11T03:16:00.000,I 75,I 75 and I 285,,Sideswipe-Same Direction,2,Clear,Dry,Dark-Not Lighted
2021-10-31T03:52:00.000,I 285,I 75 and I 285,,Sideswipe-Same Direction,2,Cloudy,Wet,Dark-Not Lighted
2021-07-19T20:50:00.000,I 285,I 75 and I 285,,Rear End,2,Cloudy,Wet,Dark-Lighted
2021-10-18T14:24:00.000,I 285,I 75 and I 285,,Sideswipe-Same Direction,2,Clear,Dry,Daylight
2021-11-20T18:01:00.000,I 285,I 75 and I 285,,Rear End,2,Severe Thunderstorm or Tornadic,Dry,Dark-Lighted
2021-09-18T17:50:00.000,I 285,I 75 and I 285,,Sideswipe-Same Direction,2,Cloudy,Wet,Daylight
2021-07-03T17:43:00.000,I 285,I 75 and I 285,,Angle Crash,2,Clear,Dry,Daylight
2021-09-13T15:57:00.000,I 285,I 75 and I 285,,Rear End,2,Cloudy,Dry,Daylight
2021-08-23T23:12:00.000,I 285,I 75 and I 285,,Rear End,2,Clear,Dry,Dark-Lighted
2021-09-14T08:56:00.000,I 75,I 75 and I 285,,Sideswipe-Same Direction,2,Clear,Dry,Daylight
2021-11-05T18:20:00.000,I 75,I 75 and I 285,,Sideswipe-Same Direction,2,Cloudy,Dry,Daylight
2021-09-07T00:00:00.000,I 75,I 75 and I 285,,Angle Crash,2,Rain,Wet,Daylight
2021-12-06T19:55:00.000,I 285,I 75 and I 285,,Rear End,2,Clear,Dry,Dark-Not Lighted
2021-08-27T09:06:00.000,I 75,I 75 and I 285,,Angle Crash,2,Clear,Dry,Daylight
2021-09-26T00:58:00.000,I 75,I 75 and I 285,,Not a Collision with Motor Vehicle,1,Clear,Dry,Dark-Not Lighted
2021-12-23T07:35:00.000,I 75,I 75 and I 285,,Sideswipe-Same Direction,2,Clear,Dry,Daylight
2021-11-24T02:50:00.000,I 75,I 75 and I 285,,Not a Collision with Motor Vehicle,1,Clear,Dry,Dark-Not Lighted
2021-12-11T18:00:00.000,I 285,I 75 and I 285,,Rear End,2,Clear,Dry,Dark-Lighted
2021-11-05T18:34:00.000,I 285,I 75 and I 285,,Rear End,2,Cloudy,Dry,Dark-Not Lighted
2021-09-21T16:20:00.000,I 285,I 75 and I 285,,Sideswipe-Same Direction,2,Cloudy,Dry,Daylight
2021-11-12T22:13:00.000,I 285,I 75 and I 285,,Sideswipe-Same Direction,2,Clear,Dry,Dark-Not Lighted
2021-11-25T10:18:00.000,I 285,I 75 and I 285,,Not a Collision with Motor Vehicle,1,Clear,Dry,Daylight
2021-07-30T21:31:00.000,I 75,I 75 and I 285,,Sideswipe-Same Direction,2,Cloudy,Wet,Dark-Not Lighted
2021-10-14T00:19:00.000,I 285,I 75 and I 285,,Not a Collision with Motor Vehicle,1,Clear,Dry,Dark-Not Lighted
2021-07-29T00:30:00.000,I 285,I 75 and I 285,,Not a Collision with Motor Vehicle,1,Clear,Wet,Dark-Not Lighted
2021-07-24T18:56:00.000,I 285,I 75 and I 285,,Sideswipe-Same Direction,3,Clear,Dry,Daylight
2021-07-08T11:37:00.000,I 285,I 75 and I 285,,Rear End,2,Clear,Dry,Daylight
2021-11-29T19:55:00.000,I 285,I 75 and I 285,,Sideswipe-Same Direction,2,Clear,Dry,Dark-Not Lighted
2021-08-23T23:12:00.000,I 285,I 75 and I 285,,Rear End,2,Clear,Dry,Dark-Lighted
2021-10-06T12:48:00.000,I 75,I 75 and I 285,,Not a Collision with Motor Vehicle,1,Cloudy,Dry,Daylight
2021-12-07T21:36:00.000,I 285,I 75 and I 285,,Angle Crash,2,Cloudy,Wet,Dark-Lighted
2021-12-25T03:08:00.000,I 75,I 75 and I 285,,Not a Collision with Motor Vehicle,1,Clear,Dry,Dark-Not Lighted
2021-10-16T03:58:00.000,I 285,I 75 and I 285,,Sideswipe-Same Direction,2,Clear,Dry,Dark-Lighted
2021-11-04T06:58:00.000,I 285,I 75 and I 285,,Rear End,2,Rain,Wet,Dark-Not Lighted
2021-12-10T19:20:00.000,I 75,I 75 and I 285,,Sideswipe-Same Direction,2,Clear,Wet,Daylight
2021-07-17T23:41:00.000,I 285,I 75 and I 285,,Not a Collision with Motor Vehicle,1,Clear,Dry,Dark-Lighted
2021-07-15T17:05:00.000,I 285,I 75 and I 285,,Sideswipe-Same Direction,2,Clear,Dry,Daylight
2021-12-10T16:30:00.000,I 285,I 75 and I 285,,Sideswipe-Same Direction,2,Cloudy,Wet,Daylight
2021-11-30T22:40:00.000,I 75,I 75 and I 285,,Sideswipe-Same Direction,2,Clear,Dry,Dark-Lighted
2021-12-01T17:05:00.000,I 75,I 75 and I 285,,Angle Crash,2,Cloudy,Dry,Dusk
2021-09-27T14:22:00.000,I 285,I 75 and I 285,,Not a Collision with Motor Vehicle,2,Clear,Dry,Daylight
2021-10-13T16:23:00.000,I 285,I 75 and I 285,,Rear End,2,Cloudy,Dry,Daylight
2021-08-19T21:53:00.000,I 75,I 75 and I 285,,Rear End,3,Clear,Dry,Dark-Lighted
2021-08-09T05:50:00.000,I 75,I 75 and I 285,,Rear End,2,Clear,Dry,Dark-Not Lighted
2021-07-17T10:00:00.000,I 285,I 75 and I 285,,Rear End,2,Cloudy,Dry,Daylight
2021-07-11T01:00:00.000,I 285,I 75 and I 285,,Not a Collision with Motor Vehicle,1,Cloudy,Dry,Dark-Not Lighted
2021-11-22T03:27:00.000,I 75,I 75 and I 285,,Rear End,2,Rain,Wet,Dark-Lighted
2021-09-15T14:33:00.000,I 75,I 75 and I 285,,Sideswipe-Same Direction,2,Rain,Wet,Daylight
2021-09-25T15:21:00.000,I 285,I 75 and I 285,,Rear End,2,Clear,Dry,Daylight
2021-08-24T21:40:00.000,I 285,I 75 and I 285,,Sideswipe-Same Direction,2,Clear,Dry,Dark-Not Lighted
2021-07-28T23:00:00.000,I 75,I 75 and I 285,,Rear End,2,Clear,Dry,Dark-Not Lighted
2021-07-02T22:41:00.000,I 75,I 75 and I 285,,Sideswipe-Same Direction,2,Clear,Dry,Dark-Lighted
2021-07-01T17:50:00.000,I 285,I 75 and I 285,,Rear End,2,Clear,Dry,Daylight
2021-07-18T16:33:00.000,I 285,I 75 and I 285,,Rear End,2,Rain,Wet,Daylight
2021-10-27T13:09:00.000,I 285,I 75 and I 285,,Sideswipe-Same Direction,2,Clear,Dry,Daylight
2021-10-30T21:02:00.000,I 75,I 75 and I 285,,Sideswipe-Same Direction,2,Clear,Dry,Dark-Not Lighted
2021-10-31T02:00:00.000,I 285,I 75 and I 285,,Sideswipe-Same Direction,2,Cloudy,Wet,Dark-Lighted
2021-12-22T10:48:00.000,I 75,I 75 and I 285,,Sideswipe-Same Direction,2,Clear,Dry,Daylight
2021-07-21T12:40:00.000,I 75,I 75 and I 285,,Rear End,2,Clear,Dry,Daylight
2021-07-04T02:25:00.000,I 75,I 75 and I 285,,Not a Collision with Motor Vehicle,1,Clear,Dry,Dark-Not Lighted
2021-08-09T21:50:00.000,I 285,I 75 and I 285,,Rear End,2,Clear,Dry,Dark-Lighted
2021-07-04T02:35:00.000,I 75,I 75 and I 285,,Sideswipe-Same Direction,2,Clear,Dry,Dark-Not Lighted
2021-10-30T00:16:00.000,I 285,I 75 and I 285,,Rear End,4,Clear,Dry,Dark-Not Lighted
2021-09-12T23:19:00.000,I 75,I 75 and I 285,,Sideswipe-Same Direction,2,Clear,Dry,Dark-Not Lighted
2021-09-02T11:37:00.000,I 75,I 75 and I 285,,Rear End,2,Clear,Dry,Daylight
2021-12-18T02:50:00.000,I 75,I 75 and I 285,,Sideswipe-Same Direction,2,Rain,Wet,Dark-Not Lighted
2021-11-15T10:50:00.000,I 285,I 75 and I 285,,Sideswipe-Same Direction,2,Clear,Dry,Daylight
2021-12-30T22:41:00.000,I 75,I 75 and I 285,,Not a Collision with Motor Vehicle,1,Clear,Dry,Dark-Not Lighted
2021-07-22T11:42:00.000,I 75,I 75 and I 285,,Sideswipe-Same Direction,2,Cloudy,Dry,Daylight
2021-11-22T08:30:00.000,I 75,I 75 and I 285,,Not a Collision with Motor Vehicle,1,Cloudy,Wet,Daylight
2021-08-23T23:12:00.000,I 285,I 75 and I 285,,Rear End,2,Clear,Dry,Dark-Lighted
2021-08-12T15:45:00.000,I 75,I 75 and I 285,,Not a Collision with Motor Vehicle,1,Cloudy,Dry,Daylight