Date and Time,Roadway (From Crash Report),Intersection Name (from Crash Report),KABCO Severity,Manner of Collision (Crash Level) ,# of Vehicles per crash ,Weather Conditions (Crash Level),Surface Condition (Crash Level) ,Light Conditions (Crash Level)
2021-10-11T20:32:00.000,I 75,I 75 and I 285,,Not a Collision with Motor Vehicle,1,Clear,Dry,Dusk
2021-11-22T19:17:00.000,I 285,I 75 and I 285,,Sideswipe-Same Direction,2,Clear,Dry,Dark-Lighted
2021-11-29T13:56:00.000,I 285,I 75 and I 285,,Not a Collision with Motor Vehicle,1,Clear,Dry,Daylight
2021-09-25T13:25:00.000,I 285,I 75 and I 285,,Rear End,2,Clear,Dry,Daylight
2021-10-23T06:30:00.000,I 285,I 75 and I 285,,Not a Collision with Motor Vehicle,1,Clear,Dry,Daylight
2021-09-27T09:24:00.000,I 285,I 75 and I 285,,Rear End,2,Clear,Dry,Daylight
2021-07-26T08:30:00.000,I 285,I 75 and I 285,,Sideswipe-Same Direction,2,Clear,Dry,Daylight
2021-10-13T09:22:00.000,I 75,I 75 and I 285,,Sideswipe-Same Direction,2,Cloudy,Dry,Daylight
2021-10-01T06:25:00.000,I 285,I 75 and I 285,,Sideswipe-Same Direction,2,Clear,Dry,Dark-Not Lighted
2021-08-22T15:15:00.000,I 285,I 75 and I 285,,Rear End,2,Clear,Dry,Daylight
2021-09-09T18:43:00.000,I 285,I 75 and I 285,,Rear End,2,Cloudy,Dry,Daylight
2022-10-02T02:59:00.000,I 285,I 75 and I 285,,Not a Collision with Motor Vehicle,1,Clear,Dry,Dark-Not Lighted
2022-11-09T16:15:00.000,I 285,I 75 and I 285,,Sideswipe-Same Direction,2,Clear,Dry,Daylight
2022-01-26T15:42:00.000,I 285,I 75 and I 285,,Sideswipe-Same Direction,2,Clear,Dry,Daylight
2022-11-15T10:12:00.000,I 285,I 75 and I 285,,Rear End,2,Rain,Wet,Daylight
2022-08-30T17:10:00.000,I 75,I 75 and I 285,,Sideswipe-Same Direction,2,Rain,Wet,Daylight
2022-03-16T08:28:00.000,I 285,I 75 and I 285,,Sideswipe-Same Direction,2,Rain,Wet,Daylight
2022-02-01T21:17:00.000,I 75,I 75 and I 285,,Not a Collision with Motor Vehicle,1,Clear,Dry,Dark-Lighted
2022-08-12T22:35:00.000,I 75,I 75 and I 285,,Rear End,2,Clear,Dry,Dark-Not Lighted
2022-08-09T00:42:00.000,I 285,I 75 and I 285,,Angle Crash,2,Clear,Dry,Dark-Not Lighted
2022-06-12T22:07:00.000,I 75,I 75 and I 285,,Not a Collision with Motor Vehicle,1,Clear,Dry,Dark-Lighted
2022-05-22T23:27:00.000,I 75,I 75 and I 285,,Angle Crash,3,Cloudy,Dry,Dark-Lighted
2022-08-03T15:10:00.000,I 285,I 75 and I 285,,Rear End,2,Clear,Dry,Daylight
2022-04-13T09:57:00.000,I 285,I 75 and I 285,,Sideswipe-Same Direction,2,Cloudy,Dry,Daylight
2022-10-23T12:50:00.000,I 285,I 75 and I 285,,Sideswipe-Same Direction,2,Clear,Dry,Daylight
2022-01-04T12:27:00.000,I 285,I 75 and I 285,,Sideswipe-Same Direction,2,Clear,Dry,Daylight
2022-07-14T16:00:00.000,I 285,I 75 and I 285,,Sideswipe-Same Direction,2,Clear,Dry,Daylight
2022-09-05T18:40:00.000,I 285,I 75 and I 285,,Not a Collision with Motor Vehicle,1,Cloudy,Wet,Daylight
2022-03-19T07:35:00.000,I 75,I 75 and I 285,,Rear End,2,Clear,Wet,Daylight
2022-01-31T08:07:00.000,I 75,I 75 and I 285,,Sideswipe-Same Direction,2,Cloudy,Dry,Daylight
2022-01-13T08:25:00.000,I 285,I 75 and I 285,,Not a Collision with Motor Vehicle,1,Clear,Dry,Daylight
2022-12-08T15:30:00.000,I 75,I 75 and I 285,,Rear End,2,Clear,Dry,Daylight
2022-09-12T07:46:00.000,I 75,I 75 and I 285,,Rear End,2,Clear,Wet,Daylight
2022-10-19T09:03:00.000,I 285,I 75 and I 285,,Not a Collision with Motor Vehicle,1,Clear,Dry,Daylight
2022-08-16T06:20:00.000,I 285,I 75 and I 285,,Rear End,2,Cloudy,Wet,Dark-Not Lighted
2022-05-31T09:10:00.000,I 285,I 75 and I 285,,Rear End,3,Clear,Dry,Daylight
2022-02-25T06:30:00.000,I 285,I 75 and I 285,,Rear End,2,Cloudy,Dry,Dark-Lighted
2022-11-09T10:14:00.000,I 75,I 75 and I 285,,Sideswipe-Same Direction,2,Clear,Dry,Daylight
2022-07-14T00:51:00.000,I 285,I 75 and I 285,,Sideswipe-Same Direction,2,Clear,Dry,Dark-Lighted
2022-10-06T13:40:00.000,I 75,I 75 and I 285,,Sideswipe-Same Direction,2,Clear,Dry,Daylight
2022-05-06T14:40:00.000,I 285,I 75 and I 285,,Not a Collision with Motor Vehicle,2,Clear,Dry,Daylight
2022-04-06T00:00:00.000,I 285,I 75 and I 285,,Rear End,2,Cloudy,Dry,Dark-Not Lighted
2022-12-01T09:29:00.000,I 285,I 75 and I 285,,Rear End,2,Clear,Dry,Daylight
2022-04-06T22:31:00.000,I 285,I 75 and I 285,,Not a Collision with Motor Vehicle,1,Rain,Wet,Dark-Not Lighted
2022-11-15T09:30:00.000,I 75,I 75 and I 285,,Not a Collision with Motor Vehicle,1,Rain,Wet,Daylight
2022-08-04T07:40:00.000,I 75,I 75 and I 285,,Rear End,2,Clear,Dry,Daylight
2022-09-28T21:04:00.000,I 75,I 75 and I 285,,Angle Crash,2,Clear,Dry,Dark-Not Lighted
2022-08-17T00:05:00.000,I 285,I 75 and I 285,,Sideswipe-Same Direction,2,Clear,Dry,Dark-Lighted
2022-11-24T08:41:00.000,I 285,I 75 and I 285,,Sideswipe-Same Direction,2,Cloudy,Dry,Daylight
2022-05-31T22:26:00.000,I 285,I 75 and I 285,,Sideswipe-Same Direction,2,Clear,Dry,Dark-Not Lighted
2022-12-21T08:10:00.000,I 285,I 75 and I 285,,Sideswipe-Same Direction,2,Clear,Dry,Daylight
2022-05-17T00:00:00.000,I 285,I 75 and I 285,,Sideswipe-Same Direction,2,Clear,Dry,Daylight
2022-07-08T17:21:00.000,I 285,I 75 and I 285,,Rear End,2,Clear,Dry,Daylight
2022-03-21T23:20:00.000,I 285,I 75 and I 285,,Sideswipe-Same Direction,2,Clear,Dry,Dark-Not Lighted
2022-04-15T08:33:00.000,I 75,I 75 and I 285,,Sideswipe-Same Direction,2,Clear,Dry,Daylight
2022-01-07T19:46:00.000,I 75,I 75 and I 285,,Rear End,3,Clear,Dry,Dark-Not Lighted
2022-08-30T21:41:00.000,I 75,I 75 and I 285,,Sideswipe-Same Direction,2,Clear,Dry,Dark-Not Lighted
2022-12-07T21:16:00.000,I 285,I 75 and I 285,,Not a Collision with Motor Vehicle,1,Rain,Wet,Dark-Lighted
2021-08-24T23:40:00.000,I 285,I 75 and I 285,,Rear End,1,Clear,Dry,Dark-Not Lighted
2021-10-10T16:20:00.000,I 75,I 75 and I 285,,Rear End,2,Clear,Dry,Daylight
2021-09-21T16:41:00.000,I 75,I 75 and I 285,,Rear End,2,Clear,Dry,Daylight
2021-08-08T19:03:00.000,I 75,I 75 and I 285,,Sideswipe-Same Direction,1,Clear,Dry,Daylight
2021-07-12T08:29:00.000,I 75,I 75 and I 285,,Angle Crash,2,Clear,Dry,Daylight
2021-07-21T10:50:00.000,I 75,I 75 and I 285,,Rear End,2,Cloudy,Wet,Daylight
2021-08-25T22:50:00.000,I 75,I 75 and I 285,,Sideswipe-Same Direction,2,Rain,Wet,Dark-Lighted
2021-10-18T18:12:00.000,I 285,I 75 and I 285,,Sideswipe-Same Direction,2,Clear,Dry,Daylight
2021-11-22T17:00:00.000,I 285,I 75 and I 285,,Rear End,2,Clear,Dry,Dark-Not Lighted
2021-07-18T00:03:00.000,I 285,I 75 and I 285,,Sideswipe-Same Direction,2,Rain,Wet,Dark-Lighted
2021-11-12T14:42:00.000,I 75,I 75 and I 285,,Sideswipe-Same Direction,2,Clear,Dry,Daylight
2021-09-02T09:11:00.000,I 285,I 75 and I 285,,Sideswipe-Same Direction,2,Cloudy,Dry,Daylight
2021-11-04T17:25:00.000,I 75,I 75 and I 285,,Sideswipe-Same Direction,2,Cloudy,Dry,Daylight
2021-09-28T22:00:00.000,I 285,I 75 and I 285,,Rear End,2,Clear,Dry,Dark-Not Lighted
2021-07-21T19:15:00.000,I 75,I 75 and I 285,,Sideswipe-Same Direction,2,Rain,Wet,Daylight
2021-10-16T13:05:00.000,I 285,I 75 and I 285,,Rear End,2,Clear,Dry,Daylight
2021-12-17T18:40:00.000,I 285,I 75 and I 285,,Sideswipe-Same Direction,2,Cloudy,Dry,Dark-Not Lighted
2021-09-17T17:00:00.000,I 285,I 75 and I 285,,Angle Crash,2,Clear,Dry,Daylight
2021-07-13T13:43:00.000,I 285,I 75 and I 285,,Angle Crash,2,Cloudy,Dry,Daylight
2021-11-22T05:15:00.000,I 75,I 75 and I 285,,Rear End,2,Rain,Wet,Dark-Not Lighted
2021-08-18T10:20:00.000,I 75,I 75 and I 285,,Sideswipe-Same Direction,2,Clear,Dry,Daylight
2021-08-08T16:46:00.000,I 285,I 75 and I 285,,Rear End,2,Clear,Dry,Daylight
2021-09-22T17:45:00.000,I 285,I 75 and I 285,,Not a Collision with Motor Vehicle,1,Clear,Dry,Daylight
2021-08-27T19:15:00.000,I 75,I 75 and I 285,,Rear End,2,Cloudy,Dry,Daylight
2021-08-23T22:55:00.000,I 285,I 75 and I 285,,Sideswipe-Same Direction,2,Clear,Dry,Dark-Lighted
2021-12-25T01:23:00.000,I 285,I 75 and I 285,,Not a Collision with Motor Vehicle,1,Clear,Dry,Dark-Lighted
2021-07-25T02:28:00.000,I 75,I 75 and I 285,,Rear End,2,Clear,Dry,Dark-Lighted
2021-09-15T23:33:00.000,I 285,I 75 and I 285,,Not a Collision with Motor Vehicle,1,Rain,Wet,Dark-Lighted
2021-07-21T15:00:00.000,I 285,I 75 and I 285,,Rear End,2,Clear,Dry,Daylight
2021-08-07T20:31:00.000,I 285,I 75 and I 285,,Not a Collision with Motor Vehicle,1,Cloudy,Wet,Dark-Not Lighted
2021-08-15T21:20:00.000,I 75,I 75 and I 285,,Sideswipe-Same Direction,2,Clear,Dry,Dark-Lighted
2021-09-17T03:00:00.000,I 285,I 75 and I 285,,Rear End,2,Rain,Wet,Dark-Lighted
2021-11-03T10:13:00.000,I 75,I 75 and I 285,,Rear End,2,Clear,Dry,Daylight
2021-07-04T14:22:00.000,I 75,I 75 and I 285,,Angle Crash,2,Cloudy,Dry,Daylight
2021-10-08T13:18:00.000,I 75,I 75 and I 285,,Rear End,2,Cloudy,Dry,Daylight
2021-07-22T20:50:00.000,I 285,I 75 and I 285,,Rear End,1,Clear,Dry,Daylight
2021-10-02T22:10:00.000,I 285,I 75 and I 285,,Sideswipe-Same Direction,2,Clear,Dry,Dark-Lighted
2021-10-06T00:34:00.000,I 75,I 75 and I 285,,Rear End,2,Rain,Wet,Dark-Not Lighted
2021-08-01T12:15:00.000,I 75,I 75 and I 285,,Sideswipe-Same Direction,2,Cloudy,Dry,Daylight
2022-05-03T10:47:00.000,I 75,I 75 and I 285,,Sideswipe-Same Direction,2,Clear,Dry,Daylight
2022-01-15T18:59:00.000,I 75,I 75 and I 285,,Rear End,2,Cloudy,Dry,Dark-Lighted
2022-03-19T12:51:00.000,I 285,I 75 and I 285,,Rear End,1,Clear,Dry,Daylight
2022-06-30T22:29:00.000,I 75,I 75 and I 285,,Not a Collision with Motor Vehicle,1,Clear,Dry,Dark-Not Lighted
2022-11-30T10:55:00.000,I 285,I 75 and I 285,,Angle Crash,2,Cloudy,Wet,Daylight
2022-01-10T00:00:00.000,I 285,I 75 and I 285,,Rear End,2,Clear,Dry,Daylight
2022-03-13T16:00:00.000,I 285,I 75 and I 285,,Sideswipe-Same Direction,2,Clear,Dry,Daylight
2022-03-27T15:09:00.000,I 285,I 75 and I 285,,Rear End,2,Clear,Dry,Daylight
2022-12-21T17:20:00.000,I 285,I 75 and I 285,,Rear End,2,Clear,Dry,Dusk
2022-02-02T15:36:00.000,I 285,I 75 and I 285,,Sideswipe-Same Direction,2,Cloudy,Dry,Daylight
2022-01-12T17:40:00.000,I 285,I 75 and I 285,,Angle Crash,3,Clear,Dry,Dusk
2022-01-20T08:55:00.000,I 75,I 75 and I 285,,Rear End,2,Rain,Wet,Daylight
2022-12-29T20:05:00.000,I 75,I 75 and I 285,,Sideswipe-Same Direction,2,Clear,Dry,Dark-Lighted
2022-03-16T07:39:00.000,I 75,I 75 and I 285,,Not a Collision with Motor Vehicle,1,Rain,Wet,Daylight
2022-12-14T18:00:00.000,I 75,I 75 and I 285,,Rear End,2,Rain,Wet,Dark-Not Lighted
2022-03-07T17:56:00.000,I 75,I 75 and I 285,,Sideswipe-Same Direction,2,Cloudy,Wet,Daylight
2022-07-09T03:59:00.000,I 285,I 75 and I 285,,Sideswipe-Same Direction,2,Clear,Water (standing or moving),Dark-Not Lighted
2022-07-12T23:35:00.000,I 285,I 75 and I 285,,Rear End,3,Clear,Dry,Dark-Lighted
2022-08-21T21:42:00.000,I 75,I 75 and I 285,,Rear End,2,Clear,Dry,Dark-Lighted
2022-10-31T06:30:00.000,I 285,I 75 and I 285,,Not a Collision with Motor Vehicle,1,Rain,Wet,Dark-Not Lighted
2022-08-01T06:35:00.000,I 285,I 75 and I 285,,Not a Collision with Motor Vehicle,1,Clear,Dry,Dawn
2022-07-01T01:43:00.000,I 285,I 75 and I 285,,Not a Collision with Motor Vehicle,1,Clear,Dry,Dark-Not Lighted
2022-06-08T14:37:00.000,I 75,I 75 and I 285,,Sideswipe-Same Direction,2,Clear,Dry,Daylight
2022-02-17T23:53:00.000,I 285,I 75 and I 285,,Sideswipe-Same Direction,2,Rain,Wet,Dark-Not Lighted
2022-06-07T22:30:00.000,I 75,I 75 and I 285,,Sideswipe-Same Direction,2,Rain,Wet,Dark-Not Lighted
2022-01-09T21:09:00.000,I 285,I 75 and I 285,,Not a Collision with Motor Vehicle,1,Cloudy,Wet,Dark-Lighted
2022-05-25T10:45:00.000,I 75,I 75 and I 285,,Rear End,2,Cloudy,Dry,Daylight
2022-12-16T17:07:00.000,I 75,I 75 and I 285,,Sideswipe-Same Direction,2,Rain,Wet,Dark-Lighted
2022-10-13T11:08:00.000,I 75,I 75 and I 285,,Rear End,2,Cloudy,Dry,Daylight
2022-09-24T00:52:00.000,I 285,I 75 and I 285,,Rear End,4,Clear,Dry,Dark-Lighted
2022-09-14T16:52:00.000,I 285,I 75 and I 285,,Angle Crash,2,Clear,Dry,Daylight
2022-09-05T00:59:00.000,I 75,I 75 and I 285,,Not a Collision with Motor Vehicle,1,Rain,Wet,Dark-Lighted
2022-12-05T20:00:00.000,I 75,I 75 and I 285,,Not a Collision with Motor Vehicle,1,Rain,Water (standing or moving),Dark-Lighted
2022-01-09T12:45:00.000,I 285,I 75 and I 285,,Not a Collision with Motor Vehicle,1,Rain,Wet,Daylight
2022-11-26T14:03:00.000,I 285,I 75 and I 285,,Sideswipe-Same Direction,2,Clear,Dry,Daylight
2022-07-13T07:30:00.000,I 75,I 75 and I 285,,Sideswipe-Same Direction,2,Clear,Dry,Daylight
2022-08-29T09:40:00.000,I 285,I 75 and I 285,,Sideswipe-Same Direction,2,Clear,Dry,Daylight
2022-10-17T10:30:00.000,I 75,I 75 and I 285,,Sideswipe-Same Direction,2,Clear,Dry,Daylight
2022-07-09T05:55:00.000,I 285,I 75 and I 285,,Angle Crash,2,Rain,Wet,Dark-Not Lighted
2022-06-11T11:30:00.000,I 75,I 75 and I 285,,Not a Collision with Motor Vehicle,1,Clear,Dry,Daylight
2022-04-29T13:25:00.000,I 285,I 75 and I 285,,Sideswipe-Same Direction,2,Clear,Dry,Daylight
2022-11-25T08:19:00.000,I 285,I 75 and I 285,,Not a Collision with Motor Vehicle,1,Cloudy,Wet,Daylight
2022-10-12T15:08:00.000,I 75,I 75 and I 285,,Not a Collision with Motor Vehicle,1,Rain,Wet,Daylight
2022-03-06T19:56:00.000,I 285,I 75 and I 285,,Sideswipe-Same Direction,2,Clear,Dry,Dark-Lighted
2022-07-04T21:26:00.000,I 285,I 75 and I 285,,Not a Collision with Motor Vehicle,1,Rain,Wet,Dark-Not Lighted
2022-06-16T17:23:00.000,I 285,I 75 and I 285,,Rear End,2,Clear,Dry,Daylight
2022-06-09T23:23:00.000,I 285,I 75 and I 285,,Rear End,2,Clear,Dry,Dark-Lighted
2022-04-08T09:00:00.000,I 75,I 75 and I 285,,Rear End,2,Clear,Dry,Daylight
2022-11-14T00:16:00.000,I 75,I 75 and I 285,,Not a Collision with Motor Vehicle,1,Clear,Dry,Dark-Not Lighted
2022-01-29T17:56:00.000,I 75,I 75 and I 285,,Not a Collision with Motor Vehicle,1,Clear,Dry,Daylight
2022-12-11T06:08:00.000,I 285,I 75 and I 285,,Not a Collision with Motor Vehicle,1,Cloudy,Wet,Dark-Not Lighted
2022-07-15T10:00:00.000,I 285,I 75 and I 285,,Rear End,2,Clear,Dry,Daylight
2022-06-08T23:00:00.000,I 285,I 75 and I 285,,Rear End,3,Rain,Wet,Dark-Lighted
2022-04-23T03:18:00.000,I 285,I 75 and I 285,,Rear End,2,Clear,Dry,Dark-Not Lighted
2022-03-22T18:50:00.000,I 285,I 75 and I 285,,Sideswipe-Same Direction,2,Cloudy,Dry,Daylight
2022-10-11T13:41:00.000,I 285,I 75 and I 285,,Sideswipe-Same Direction,2,Clear,Dry,Daylight
2022-02-14T14:58:00.000,I 75,I 75 and I 285,,Rear End,2,Clear,Dry,Daylight
2022-08-19T07:10:00.000,I 75,I 75 and I 285,,Not a Collision with Motor Vehicle,1,Cloudy,Wet,Daylight
2022-08-17T17:20:00.000,I 75,I 75 and I 285,,Rear End,2,Clear,Dry,Daylight
2022-08-29T13:00:00.000,I 285,I 75 and I 285,,Rear End,2,Clear,Dry,Daylight
2022-11-22T22:00:00.000,I 75,I 75 and I 285,,Sideswipe-Same Direction,2,Clear,Dry,Dark-Lighted
2022-03-18T06:40:00.000,I 75,I 75 and I 285,,Sideswipe-Same Direction,2,Clear,Dry,Dark-Not Lighted
2022-08-08T16:45:00.000,I 75,I 75 and I 285,,Not a Collision with Motor Vehicle,1,Cloudy,Wet,Daylight
2022-01-02T11:55:00.000,I 285,I 75 and I 285,,Not a Collision with Motor Vehicle,1,Rain,Wet,Daylight
2022-02-18T08:21:00.000,I 285,I 75 and I 285,,Rear End,2,Cloudy,Dry,Daylight
2022-01-16T11:45:00.000,I 285,I 75 and I 285,,Not a Collision with Motor Vehicle,1,Sleet,Wet,Daylight
2022-02-19T11:53:00.000,I 285,I 75 and I 285,,Sideswipe-Same Direction,2,Clear,Dry,Daylight
2022-12-07T18:13:00.000,I 285,I 75 and I 285,,Rear End,2,Rain,Wet,Dark-Lighted
2022-01-01T02:30:00.000,I 75,I 75 and I 285,,Not a Collision with Motor Vehicle,1,Clear,Wet,Dark-Not Lighted
2022-12-06T21:16:00.000,I 75,I 75 and I 285,,Rear End,4,Fog,Dry,Dark-Lighted
2022-10-31T07:40:00.000,I 285,I 75 and I 285,,Rear End,2,Rain,Wet,Daylight
2022-02-13T09:54:00.000,I 75,I 75 and I 285,,Sideswipe-Same Direction,2,Cloudy,Dry,Daylight
2022-03-14T03:15:00.000,I 285,I 75 and I 285,,Not a Collision with Motor Vehicle,1,Clear,Dry,Dark-Not Lighted
2022-12-04T00:50:00.000,I 285,I 75 and I 285,,Sideswipe-Same Direction,2,Clear,Dry,Dark-Not Lighted
2022-10-09T16:06:00.000,I 75,I 75 and I 285,,Sideswipe-Same Direction,2,Clear,Dry,Daylight
2022-11-29T21:05:00.000,I 75,I 75 and I 285,,Rear End,2,Clear,Dry,Dark-Lighted
2022-02-11T11:09:00.000,I 75,I 75 and I 285,,Sideswipe-Same Direction,2,Clear,Dry,Daylight
2022-09-12T22:02:00.000,I 285,I 75 and I 285,,Rear End,2,Clear,Dry,Dark-Not Lighted
2022-11-08T18:00:00.000,I 285,I 75 and I 285,,Sideswipe-Same Direction,2,Cloudy,Dry,Dusk
2022-01-13T09:50:00.000,I 75,I 75 and I 285,,Rear End,2,Clear,Dry,Daylight
2022-09-19T03:58:00.000,I 285,I 75 and I 285,,Not a Collision with Motor Vehicle,1,Clear,Dry,Dark-Not Lighted
2022-06-09T22:47:00.000,I 285,I 75 and I 285,,Rear End,2,Cloudy,Dry,Dark-Lighted
2022-09-20T17:10:00.000,I 285,I 75 and I 285,,Rear End,2,Cloudy,Wet,Daylight
2022-03-12T06:18:00.000,I 75,I 75 and I 285,,Sideswipe-Same Direction,2,Cloudy,Wet,Dark-Not Lighted
2022-09-07T12:39:00.000,I 285,I 75 and I 285,,Sideswipe-Same Direction,2,Clear,Dry,Daylight
2022-09-03T13:00:00.000,I 285,I 75 and I 285,,Sideswipe-Same Direction,2,Clear,Dry,Daylight
2022-04-07T15:19:00.000,I 285,I 75 and I 285,,Sideswipe-Same Direction,2,Clear,Dry,Daylight
2022-08-04T17:07:00.000,I 75,I 75 and I 285,,Rear End,3,Rain,Wet,Daylight
2022-12-15T08:00:00.000,I 285,I 75 and I 285,,Not a Collision with Motor Vehicle,1,Rain,Wet,Daylight
2022-09-05T18:06:00.000,I 75,I 75 and I 285,,Not a Collision with Motor Vehicle,1,Cloudy,Wet,Daylight
2022-04-10T11:15:00.000,I 75,I 75 and I 285,,Sideswipe-Same Direction,2,Clear,Dry,Daylight
2022-10-07T17:20:00.000,I 285,I 75 and I 285,,Sideswipe-Same Direction,2,Clear,Dry,Daylight
2022-05-18T17:24:00.000,I 75,I 75 and I 285,,Sideswipe-Same Direction,2,Clear,Dry,Daylight
2022-08-10T16:39:00.000,I 75,I 75 and I 285,,Sideswipe-Same Direction,2,Clear,Dry,Daylight
2022-11-27T05:18:00.000,I 285,I 75 and I 285,,Not a Collision with Motor Vehicle,1,Clear,Wet,Dark-Not Lighted
2022-11-03T16:29:00.000,I 285,I 75 and I 285,,Rear End,2,Clear,Dry,Daylight
2022-01-21T10:47:00.000,I 75,I 75 and I 285,,Sideswipe-Same Direction,2,Cloudy,Dry,Daylight
2022-09-10T09:53:00.000,I 285,I 75 and I 285,,Not a Collision with Motor Vehicle,1,Rain,Wet,Daylight
2022-12-02T22:24:00.000,I 75,I 75 and I 285,,Sideswipe-Same Direction,2,Clear,Dry,Dark-Not Lighted
2022-11-08T13:00:00.000,I 75,I 75 and I 285,,Sideswipe-Same Direction,2,Clear,Dry,Daylight
2022-06-07T16:40:00.000,I 285,I 75 and I 285,,Sideswipe-Same Direction,2,Clear,Dry,Daylight
2022-09-12T22:35:00.000,I 285,I 75 and I 285,,Not a Collision with Motor Vehicle,1,Clear,Dry,Dark-Lighted
2022-06-22T17:29:00.000,I 75,I 75 and I 285,,Sideswipe-Same Direction,2,Clear,Dry,Daylight
2022-10-02T04:52:00.000,I 75,I 75 and I 285,,Rear End,7,Cloudy,Dry,Dark-Lighted
2022-01-27T16:20:00.000,I 285,I 75 and I 285,,Rear End,2,Clear,Dry,Daylight
2022-12-18T10:15:00.000,I 75,I 75 and I 285,,Sideswipe-Same Direction,2,Clear,Dry,Daylight
2022-02-27T13:14:00.000,I 285,I 75 and I 285,,Sideswipe-Same Direction,3,Cloudy,Wet,Daylight
2022-12-04T19:30:00.000,I 75,I 75 and I 285,,Angle Crash,2,Clear,Dry,Dark-Lighted
2022-01-12T19:38:00.000,I 75,I 75 and I 285,,Rear End,2,Clear,Dry,Dark-Not Lighted
2022-01-13T18:20:00.000,I 75,I 75 and I 285,,Not a Collision with Motor Vehicle,1,Clear,Dry,Dark-Lighted
2022-11-30T10:28:00.000,I 75,I 75 and I 285,,Rear End,2,Cloudy,Wet,Daylight
2022-08-28T13:22:00.000,I 75,I 75 and I 285,,Sideswipe-Same Direction,2,Clear,Dry,Daylight
2022-04-08T07:30:00.000,I 75,I 75 and I 285,,Sideswipe-Same Direction,2,Clear,Dry,Daylight
2022-07-09T08:39:00.000,I 285,I 75 and I 285,,Not a Collision with Motor Vehicle,1,Cloudy,Wet,Daylight
2022-03-01T19:45:00.000,I 285,I 75 and I 285,,Not a Collision with Motor Vehicle,1,Clear,Dry,Dark-Not Lighted
2022-09-25T15:48:00.000,I 75,I 75 and I 285,,Not a Collision with Motor Vehicle,1,Clear,Dry,Daylight
2022-04-26T11:11:00.000,I 285,I 75 and I 285,,Rear End,2,Rain,Wet,Daylight
2022-10-24T08:52:00.000,I 285,I 75 and I 285,,Sideswipe-Same Direction,2,Clear,Dry,Daylight
2022-04-02T04:55:00.000,I 285,I 75 and I 285,,Sideswipe-Same Direction,2,Clear,Dry,Dark-Not Lighted
2022-09-12T07:46:00.000,I 75,I 75 and I 285,,Rear End,2,Cloudy,Wet,Daylight
2022-06-15T10:40:00.000,I 285,I 75 and I 285,,Rear End,2,Clear,Dry,Daylight
2022-07-25T00:07:00.000,I 75,I 75 and I 285,,Not a Collision with Motor Vehicle,1,Clear,Dry,Dark-Not Lighted
2022-01-09T13:01:00.000,I 285,I 75 and I 285,,Sideswipe-Same Direction,2,Cloudy,Dry,Daylight
2022-02-02T18:45:00.000,I 75,I 75 and I 285,,Rear End,2,Rain,Wet,Dark-Lighted
2022-01-24T07:05:00.000,I 285,I 75 and I 285,,Rear End,2,Clear,Dry,Dawn
2022-11-03T15:55:00.000,I 75,I 75 and I 285,,Rear End,2,Clear,Dry,Daylight
2022-02-28T05:42:00.000,I 285,I 75 and I 285,,Sideswipe-Same Direction,2,Clear,Wet,Dark-Not Lighted
2022-10-21T10:12:00.000,I 75,I 75 and I 285,,Sideswipe-Same Direction,2,Clear,Dry,Daylight
2022-01-15T18:58:00.000,I 75,I 75 and I 285,,Rear End,2,Cloudy,Dry,Dark-Lighted
2022-08-10T16:39:00.000,I 285,I 75 and I 285,,Rear End,2,Cloudy,Dry,Daylight
2022-07-06T11:48:00.000,I 285,I 75 and I 285,,Sideswipe-Same Direction,2,Clear,Dry,Daylight
2022-07-04T22:42:00.000,I 75,I 75 and I 285,,Rear End,2,Severe Thunderstorm or Tornadic,Water (standing or moving),Dark-Not Lighted
2022-09-14T14:14:00.000,I 285,I 75 and I 285,,Sideswipe-Same Direction,2,Clear,Dry,Daylight
2022-09-29T07:59:00.000,I 285,I 75 and I 285,,Rear End,2,Clear,Dry,Daylight
2022-06-28T05:45:00.000,I 285,I 75 and I 285,,Sideswipe-Same Direction,2,Clear,Dry,Dark-Lighted
2022-09-05T05:13:00.000,I 285,I 75 and I 285,,Not a Collision with Motor Vehicle,1,Cloudy,Wet,Dark-Not Lighted
2022-10-20T10:15:00.000,I 75,I 75 and I 285,,Not a Collision with Motor Vehicle,1,Clear,Dry,Daylight
2022-10-05T16:15:00.000,I 285,I 75 and I 285,,Sideswipe-Same Direction,2,Clear,Dry,Daylight
2022-08-13T13:20:00.000,I 285,I 75 and I 285,,Rear End,2,Clear,Dry,Daylight
2022-03-16T11:20:00.000,I 285,I 75 and I 285,,Sideswipe-Same Direction,2,Clear,Dry,Daylight
2022-01-26T04:45:00.000,I 75,I 75 and I 285,,Sideswipe-Same Direction,2,Clear,Dry,Dark-Not Lighted