Date and Time,Roadway (From Crash Report),Intersection Name (from Crash Report),KABCO Severity,Manner of Collision (Crash Level) ,# of Vehicles per crash ,Weather Conditions (Crash Level),Surface Condition (Crash Level) ,Light Conditions (Crash Level)
2022-04-15T20:52:00.000,I 75,I 75 and I 285,,Rear End,2,Clear,Dry,Dark-Not Lighted
2022-10-13T06:00:00.000,I 75,I 75 and I 285,,Sideswipe-Same Direction,2,Rain,Wet,Dark-Not Lighted
2022-09-21T16:14:00.000,I 75,I 75 and I 285,,Sideswipe-Same Direction,2,Clear,Dry,Daylight
2022-02-21T20:14:00.000,I 285,I 75 and I 285,,Rear End,2,Rain,Wet,Dark-Not Lighted
2022-11-28T15:29:00.000,I 75,I 75 and I 285,,Rear End,3,Clear,Dry,Daylight
2022-08-21T00:00:00.000,I 285,I 75 and I 285,,Rear End,2,Rain,Wet,Dark-Lighted
2022-11-30T10:30:00.000,I 285,I 75 and I 285,,Sideswipe-Same Direction,2,Clear,Wet,Daylight
2022-11-12T11:45:00.000,I 75,I 75 and I 285,,Rear End,2,Cloudy,Dry,Daylight
2022-08-21T08:05:00.000,I 285,I 75 and I 285,,Not a Collision with Motor Vehicle,1,Cloudy,Wet,Daylight
2022-04-11T15:33:00.000,I 285,I 75 and I 285,,Sideswipe-Same Direction,2,Cloudy,Dry,Daylight
2022-11-30T03:55:00.000,I 75,I 75 and I 285,,Not a Collision with Motor Vehicle,1,Rain,Wet,Dark-Lighted
2022-02-25T07:26:00.000,I 285,I 75 and I 285,,Sideswipe-Same Direction,2,Rain,Wet,Daylight
2022-12-21T02:52:00.000,I 285,I 75 and I 285,,Not a Collision with Motor Vehicle,1,Clear,Dry,Dark-Lighted
2022-09-30T21:30:00.000,I 75,I 75 and I 285,,Sideswipe-Same Direction,2,Clear,Dry,Dark-Lighted
2022-07-29T17:01:00.000,I 75,I 75 and I 285,,Rear End,2,Rain,Wet,Daylight
2022-10-10T07:34:00.000,I 285,I 75 and I 285,,Sideswipe-Same Direction,2,Clear,Dry,Daylight
2022-01-03T07:05:00.000,I 285,I 75 and I 285,,Not a Collision with Motor Vehicle,1,Cloudy,Dry,Dark-Lighted
2022-06-25T23:25:00.000,I 285,I 75 and I 285,,Rear End,3,Clear,Dry,Dark-Not Lighted
2022-05-27T15:45:00.000,I 75,I 75 and I 285,,Sideswipe-Same Direction,2,Clear,Dry,Daylight
2022-10-16T19:58:00.000,I 285,I 75 and I 285,,Angle Crash,2,Clear,Dry,Dark-Not Lighted
2022-08-05T12:13:00.000,I 285,I 75 and I 285,,Rear End,2,Cloudy,Dry,Daylight
2022-10-15T10:16:00.000,I 75,I 75 and I 285,,Angle Crash,2,Clear,Dry,Daylight
2022-08-31T10:00:00.000,I 75,I 75 and I 285,,Rear End,3,Clear,Dry,Daylight
2022-06-09T04:03:00.000,I 285,I 75 and I 285,,Sideswipe-Same Direction,2,Clear,Dry,Dark-Not Lighted
2022-09-12T01:14:00.000,I 285,I 75 and I 285,,Not a Collision with Motor Vehicle,1,Rain,Wet,Dark-Not Lighted
2022-01-24T07:05:00.000,I 285,I 75 and I 285,,Rear End,2,Clear,Dry,Dawn
2022-01-24T13:31:00.000,I 75,I 75 and I 285,,Sideswipe-Same Direction,2,Clear,Dry,Daylight
2022-12-11T04:57:00.000,I 75,I 75 and I 285,,Rear End,2,Rain,Wet,Dark-Lighted
2022-03-14T17:39:00.000,I 75,I 75 and I 285,,Sideswipe-Same Direction,2,Clear,Dry,Daylight
2021-09-18T19:50:00.000,I 285,I 75 and I 285,,Rear End,2,Rain,Wet,Daylight
2021-07-24T19:56:00.000,I 285,I 75 and I 285,,Sideswipe-Same Direction,2,Cloudy,Dry,Dark-Lighted
2021-07-19T11:39:00.000,I 285,I 75 and I 285,,Not a Collision with Motor Vehicle,2,Rain,Wet,Daylight
2021-12-22T20:48:00.000,I 285,I 75 and I 285,,Sideswipe-Same Direction,2,Clear,Dry,Dark-Not Lighted
2021-09-01T01:10:00.000,I 285,I 75 and I 285,,Not a Collision with Motor Vehicle,1,Rain,Wet,Dark-Not Lighted
2021-12-19T00:00:00.000,I 285,I 75 and I 285,,Not a Collision with Motor Vehicle,1,Rain,Wet,Dark-Not Lighted
2021-09-02T06:00:00.000,I 75,I 75 and I 285,,Rear End,4,Clear,Dry,Dark-Lighted
2021-07-08T07:25:00.000,I 75,I 75 and I 285,,Sideswipe-Same Direction,2,Cloudy,Wet,Daylight
2021-08-04T05:08:00.000,I 285,I 75 and I 285,,Sideswipe-Same Direction,2,Clear,Dry,Dark-Lighted
2021-12-11T19:50:00.000,I 285,I 75 and I 285,,Angle Crash,2,Clear,Wet,Daylight
2021-08-17T15:04:00.000,I 285,I 75 and I 285,,Sideswipe-Same Direction,2,Clear,Dry,Daylight
2021-07-19T21:00:00.000,I 285,I 75 and I 285,,Rear End,2,Rain,Wet,Dark-Lighted
2021-07-02T00:00:00.000,I 285,I 75 and I 285,,Not a Collision with Motor Vehicle,1,Rain,Wet,Daylight
2021-08-04T20:10:00.000,I 285,I 75 and I 285,,Not a Collision with Motor Vehicle,1,Clear,Dry,Daylight
2021-08-17T15:00:00.000,I 285,I 75 and I 285,,Not a Collision with Motor Vehicle,1,Rain,Wet,Daylight
2021-08-18T16:59:00.000,I 285,I 75 and I 285,,Sideswipe-Same Direction,2,Clear,Dry,Daylight
2021-07-01T17:21:00.000,I 75,I 75 and I 285,,Rear End,2,Clear,Dry,Daylight
2021-11-12T00:26:00.000,I 285,I 75 and I 285,,Not a Collision with Motor Vehicle,1,Clear,Dry,Dark-Lighted
2021-09-02T11:45:00.000,I 75,I 75 and I 285,,Sideswipe-Same Direction,2,Clear,Dry,Daylight
2021-12-12T13:31:00.000,I 285,I 75 and I 285,,Sideswipe-Same Direction,2,Clear,Dry,Daylight
2021-12-18T01:35:00.000,I 285,I 75 and I 285,,Not a Collision with Motor Vehicle,1,Rain,Wet,Dark-Not Lighted
2021-11-27T23:04:00.000,I 75,I 75 and I 285,,Angle Crash,2,Clear,Dry,Dark-Lighted
2021-08-09T22:00:00.000,I 285,I 75 and I 285,,Sideswipe-Same Direction,2,Clear,Dry,Dark-Not Lighted
2021-12-19T00:10:00.000,I 285,I 75 and I 285,,Not a Collision with Motor Vehicle,1,Rain,Wet,Dark-Not Lighted
2021-11-19T17:25:00.000,I 285,I 75 and I 285,,Sideswipe-Same Direction,2,Clear,Dry,Daylight
2021-08-20T00:30:00.000,I 75,I 75 and I 285,,Sideswipe-Same Direction,1,Clear,Dry,Dark-Lighted
2021-12-05T00:27:00.000,I 285,I 75 and I 285,,Sideswipe-Same Direction,2,Clear,Dry,Dark-Not Lighted
2021-11-17T18:00:00.000,I 285,I 75 and I 285,,Rear End,2,Clear,Dry,Dark-Lighted
2021-10-24T05:34:00.000,I 285,I 75 and I 285,,Not a Collision with Motor Vehicle,1,Clear,Dry,Dark-Not Lighted
2021-12-01T15:45:00.000,I 285,I 75 and I 285,,Sideswipe-Same Direction,2,Clear,Dry,Daylight
2021-11-18T17:29:00.000,I 285,I 75 and I 285,,Sideswipe-Same Direction,2,Clear,Dry,Daylight
2021-09-04T19:00:00.000,I 285,I 75 and I 285,,Angle Crash,2,Clear,Dry,Daylight
2021-12-23T04:20:00.000,I 285,I 75 and I 285,,Not a Collision with Motor Vehicle,1,Clear,Dry,Dark-Not Lighted
2021-11-10T01:50:00.000,I 75,I 75 and I 285,,Not a Collision with Motor Vehicle,1,Clear,Dry,Dark-Lighted
2021-07-27T23:15:00.000,I 285,I 75 and I 285,,Sideswipe-Same Direction,2,Cloudy,Wet,Dark-Not Lighted
2022-07-13T18:30:00.000,I 285,I 75 and I 285,,Rear End,2,Rain,Wet,Daylight
2022-01-24T12:39:00.000,I 75,I 75 and I 285,,Rear End,2,Clear,Dry,Daylight
2022-01-20T08:20:00.000,I 285,I 75 and I 285,,Rear End,2,Rain,Wet,Daylight
2022-11-02T07:20:00.000,I 285,I 75 and I 285,,Rear End,2,Clear,Dry,Dark-Lighted
2022-12-03T13:05:00.000,I 285,I 75 and I 285,,Not a Collision with Motor Vehicle,1,Cloudy,Wet,Daylight
2022-12-06T20:00:00.000,I 75,I 75 and I 285,,Rear End,4,Cloudy,Wet,Dark-Not Lighted
2022-10-02T06:05:00.000,I 75,I 75 and I 285,,Sideswipe-Same Direction,2,Clear,Dry,Dark-Lighted
2022-06-04T23:03:00.000,I 75,I 75 and I 285,,Sideswipe-Same Direction,2,Clear,Dry,Dark-Lighted
2022-11-30T11:18:00.000,I 75,I 75 and I 285,,Angle Crash,2,Cloudy,Wet,Daylight
2022-02-05T13:50:00.000,I 75,I 75 and I 285,,Rear End,1,Clear,Dry,Daylight
2022-05-14T23:05:00.000,I 285,I 75 and I 285,,Sideswipe-Same Direction,2,Clear,Dry,Dark-Not Lighted
2022-11-28T09:30:00.000,I 75,I 75 and I 285,,Sideswipe-Same Direction,2,Cloudy,Dry,Daylight
2022-09-28T17:15:00.000,I 285,I 75 and I 285,,Sideswipe-Same Direction,2,Clear,Dry,Daylight
2022-03-15T14:24:00.000,I 75,I 75 and I 285,,Sideswipe-Same Direction,2,Clear,Dry,Daylight
2022-12-05T07:35:00.000,I 285,I 75 and I 285,,Sideswipe-Same Direction,2,Cloudy,Dry,Daylight
2022-06-25T12:48:00.000,I 75,I 75 and I 285,,Sideswipe-Same Direction,2,Clear,Dry,Daylight
2022-01-24T07:05:00.000,I 285,I 75 and I 285,,Rear End,2,Clear,Dry,Dawn
2022-04-27T23:51:00.000,I 75,I 75 and I 285,,Not a Collision with Motor Vehicle,1,Clear,Dry,Dark-Not Lighted
2022-01-29T23:40:00.000,I 285,I 75 and I 285,,Not a Collision with Motor Vehicle,1,Clear,Dry,Dark-Not Lighted
2022-12-12T09:44:00.000,I 285,I 75 and I 285,,Rear End,2,Cloudy,Wet,Daylight
2022-04-25T12:12:00.000,I 285,I 75 and I 285,,Sideswipe-Same Direction,2,Clear,Dry,Daylight
2022-06-11T19:00:00.000,I 75,I 75 and I 285,,Sideswipe-Same Direction,2,Clear,Dry,Daylight
2022-01-28T17:38:00.000,I 75,I 75 and I 285,,Sideswipe-Same Direction,2,Clear,Dry,Dark-Lighted
2022-07-19T17:10:00.000,I 285,I 75 and I 285,,Rear End,2,Cloudy,Wet,Daylight
2022-01-28T23:04:00.000,I 75,I 75 and I 285,,Not a Collision with Motor Vehicle,1,Snow,Wet,Dark-Lighted
2022-03-05T20:16:00.000,I 285,I 75 and I 285,,Rear End,2,Clear,Dry,Dark-Not Lighted
2022-05-06T16:00:00.000,I 75,I 75 and I 285,,Sideswipe-Same Direction,2,Clear,Dry,Daylight
2022-04-19T16:44:00.000,I 75,I 75 and I 285,,Sideswipe-Same Direction,2,Clear,Dry,Daylight
2022-06-23T17:20:00.000,I 285,I 75 and I 285,,Rear End,2,Clear,Dry,Daylight
2022-03-16T12:04:00.000,I 285,I 75 and I 285,,Sideswipe-Same Direction,2,Rain,Wet,Daylight
2022-03-29T19:14:00.000,I 285,I 75 and I 285,,Sideswipe-Same Direction,2,Clear,Dry,Daylight
2022-07-18T17:08:00.000,I 285,I 75 and I 285,,Sideswipe-Same Direction,2,Cloudy,Dry,Daylight
2022-02-23T11:00:00.000,I 285,I 75 and I 285,,Not a Collision with Motor Vehicle,1,Rain,Wet,Daylight
2022-07-19T10:54:00.000,I 75,I 75 and I 285,,Not a Collision with Motor Vehicle,1,Cloudy,Wet,Daylight
2022-08-23T00:50:00.000,I 285,I 75 and I 285,,Sideswipe-Same Direction,3,Clear,Dry,Dark-Not Lighted
2022-05-13T12:16:00.000,I 285,I 75 and I 285,,Sideswipe-Same Direction,2,Cloudy,Dry,Daylight
2022-04-09T23:32:00.000,I 285,I 75 and I 285,,Rear End,1,Clear,Dry,Dark-Lighted
2022-02-04T02:03:00.000,I 75,I 75 and I 285,,Not a Collision with Motor Vehicle,1,Rain,Wet,Dark-Lighted
2022-06-20T03:10:00.000,I 285,I 75 and I 285,,Sideswipe-Same Direction,2,Clear,Dry,Dark-Lighted
2022-03-24T18:26:00.000,I 285,I 75 and I 285,,Sideswipe-Same Direction,2,Clear,Dry,Daylight
2022-05-13T07:10:00.000,I 285,I 75 and I 285,,Sideswipe-Same Direction,2,Cloudy,Dry,Dawn
2022-04-03T03:39:00.000,I 285,I 75 and I 285,,Not a Collision with Motor Vehicle,1,Clear,Dry,Dark-Not Lighted
2022-09-30T06:33:00.000,I 75,I 75 and I 285,,Not a Collision with Motor Vehicle,1,Clear,Dry,Dark-Lighted
2022-11-12T10:07:00.000,I 75,I 75 and I 285,,Angle Crash,2,Cloudy,Dry,Daylight
2022-07-19T22:28:00.000,I 285,I 75 and I 285,,Rear End,2,Clear,Dry,Dark-Not Lighted
2022-03-20T18:21:00.000,I 285,I 75 and I 285,,Not a Collision with Motor Vehicle,1,Clear,Dry,Daylight
2022-04-30T15:35:00.000,I 285,I 75 and I 285,,Rear End,2,Clear,Dry,Daylight
2022-12-11T19:30:00.000,I 285,I 75 and I 285,,Not a Collision with Motor Vehicle,1,Cloudy,Wet,Dark-Not Lighted
2022-10-08T12:19:00.000,I 75,I 75 and I 285,,Sideswipe-Same Direction,2,Clear,Dry,Daylight
2022-06-07T22:15:00.000,I 285,I 75 and I 285,,Rear End,2,Rain,Wet,Dark-Not Lighted
2022-03-04T19:22:00.000,I 285,I 75 and I 285,,Angle Crash,2,Clear,Dry,Dark-Not Lighted
2022-08-25T16:40:00.000,I 285,I 75 and I 285,,Sideswipe-Same Direction,2,Clear,Dry,Daylight
2022-08-11T17:30:00.000,I 285,I 75 and I 285,,Sideswipe-Same Direction,2,Cloudy,Dry,Daylight
2022-06-09T22:30:00.000,I 75,I 75 and I 285,,Rear End,2,Clear,Dry,Dark-Not Lighted
2022-09-05T18:35:00.000,I 75,I 75 and I 285,,Not a Collision with Motor Vehicle,1,Cloudy,Wet,Daylight
2022-12-02T23:50:00.000,I 285,I 75 and I 285,,Not a Collision with Motor Vehicle,1,Clear,Dry,Dark-Not Lighted
2022-03-24T17:10:00.000,I 75,I 75 and I 285,,Rear End,3,Clear,Dry,Daylight
2022-01-24T07:09:00.000,I 75,I 75 and I 285,,Rear End,2,Clear,Dry,Daylight
2022-06-17T23:49:00.000,I 285,I 75 and I 285,,Rear End,2,Clear,Dry,Dark-Not Lighted
2022-09-04T01:57:00.000,I 75,I 75 and I 285,,Angle Crash,2,Clear,Dry,Dark-Not Lighted
2022-12-05T10:29:00.000,I 75,I 75 and I 285,,Rear End,2,Rain,Wet,Daylight
2022-05-09T17:23:00.000,I 285,I 75 and I 285,,Sideswipe-Same Direction,2,Clear,Dry,Daylight
2022-03-09T08:20:00.000,I 75,I 75 and I 285,,Rear End,2,Cloudy,Wet,Daylight
2022-02-05T03:13:00.000,I 285,I 75 and I 285,,Sideswipe-Same Direction,2,Clear,Dry,Dark-Lighted
2022-09-16T00:48:00.000,I 75,I 75 and I 285,,Sideswipe-Same Direction,2,Clear,Dry,Dark-Not Lighted
2022-12-18T17:00:00.000,I 285,I 75 and I 285,,Not a Collision with Motor Vehicle,1,Clear,Dry,Daylight
2022-12-02T13:13:00.000,I 75,I 75 and I 285,,Not a Collision with Motor Vehicle,2,Cloudy,Dry,Daylight
2022-07-14T16:00:00.000,I 285,I 75 and I 285,,Rear End,2,Clear,Dry,Daylight
2022-02-17T23:10:00.000,I 75,I 75 and I 285,,Sideswipe-Same Direction,2,Rain,Wet,Dark-Not Lighted
2022-11-12T14:49:00.000,I 285,I 75 and I 285,,Rear End,2,Cloudy,Dry,Daylight
2022-05-23T01:40:00.000,I 285,I 75 and I 285,,Not a Collision with Motor Vehicle,1,Rain,Water (standing or moving),Dark-Lighted
2022-09-27T15:58:00.000,I 285,I 75 and I 285,,Rear End,2,Clear,Dry,Daylight
2022-11-15T18:00:00.000,I 285,I 75 and I 285,,Rear End,2,Cloudy,Wet,Dark-Not Lighted
2022-06-24T23:09:00.000,I 285,I 75 and I 285,,Rear End,2,Clear,Dry,Dark-Lighted
2022-06-17T17:45:00.000,I 285,I 75 and I 285,,Sideswipe-Same Direction,3,Rain,Wet,Daylight
2022-06-10T19:36:00.000,I 285,I 75 and I 285,,Sideswipe-Same Direction,2,Clear,Dry,Daylight
2022-08-26T07:13:00.000,I 285,I 75 and I 285,,Sideswipe-Same Direction,2,Clear,Dry,Daylight
2022-07-03T09:27:00.000,I 75,I 75 and I 285,,Rear End,2,Clear,Dry,Daylight
2022-03-05T01:43:00.000,I 75,I 75 and I 285,,Not a Collision with Motor Vehicle,1,Clear,Dry,Dark-Lighted
2022-11-03T16:37:00.000,I 75,I 75 and I 285,,Sideswipe-Same Direction,2,Clear,Dry,Daylight
2022-04-01T09:45:00.000,I 75,I 75 and I 285,,Not a Collision with Motor Vehicle,1,Clear,Dry,Daylight
2022-08-25T18:45:00.000,I 285,I 75 and I 285,,Rear End,2,Clear,Dry,Daylight
2022-09-02T06:57:00.000,I 285,I 75 and I 285,,Sideswipe-Same Direction,2,Clear,Dry,Daylight
2022-07-21T18:50:00.000,I 285,I 75 and I 285,,Sideswipe-Same Direction,2,Clear,Dry,Daylight
2022-01-30T16:00:00.000,I 75,I 75 and I 285,,Not a Collision with Motor Vehicle,1,Clear,Dry,Daylight
2022-09-09T23:50:00.000,I 285,I 75 and I 285,,Sideswipe-Same Direction,2,Rain,Wet,Dark-Not Lighted
2022-07-20T17:30:00.000,I 285,I 75 and I 285,,Rear End,2,Clear,Dry,Daylight
2022-08-03T09:03:00.000,I 75,I 75 and I 285,,Sideswipe-Same Direction,2,Clear,Dry,Daylight
2022-11-09T22:04:00.000,I 285,I 75 and I 285,,Rear End,2,Clear,Dry,Dark-Not Lighted
2022-10-30T20:08:00.000,I 285,I 75 and I 285,,Sideswipe-Same Direction,2,Rain,Wet,Dark-Not Lighted
2022-05-20T22:50:00.000,I 285,I 75 and I 285,,Rear End,2,Clear,Dry,Dark-Not Lighted
2022-09-23T21:37:00.000,I 75,I 75 and I 285,,Sideswipe-Same Direction,2,Clear,Dry,Dark-Lighted
2022-10-01T17:49:00.000,I 75,I 75 and I 285,,Sideswipe-Same Direction,2,Clear,Dry,Daylight
2022-01-13T00:30:00.000,I 75,I 75 and I 285,,Not a Collision with Motor Vehicle,1,Clear,Dry,Dark-Lighted
2022-01-25T18:58:00.000,I 75,I 75 and I 285,,Sideswipe-Same Direction,2,Clear,Dry,Dark-Not Lighted
2022-01-17T13:15:00.000,I 75,I 75 and I 285,,Angle Crash,2,Cloudy,Dry,Daylight
2022-07-02T18:44:00.000,I 75,I 75 and I 285,,Sideswipe-Same Direction,2,Clear,Dry,Daylight
2022-10-04T11:02:00.000,I 285,I 75 and I 285,,Sideswipe-Same Direction,2,Clear,Dry,Daylight
2022-11-29T18:57:00.000,I 75,I 75 and I 285,,Rear End,2,Cloudy,Dry,Daylight
2022-11-29T18:11:00.000,I 75,I 75 and I 285,,Sideswipe-Same Direction,2,Cloudy,Wet,Dark-Lighted
2022-05-27T07:14:00.000,I 75,I 75 and I 285,,Rear End,3,Cloudy,Wet,Daylight
2022-09-14T17:34:00.000,I 75,I 75 and I 285,,Rear End,2,Clear,Dry,Daylight
2022-07-15T10:15:00.000,I 285,I 75 and I 285,,Sideswipe-Same Direction,2,Clear,Dry,Daylight
2022-11-30T17:09:00.000,I 285,I 75 and I 285,,Rear End,2,Clear,Dry,Dark-Lighted
2022-10-15T15:10:00.000,I 75,I 75 and I 285,,Rear End,2,Clear,Dry,Daylight
2022-01-19T07:31:00.000,I 75,I 75 and I 285,,Not a Collision with Motor Vehicle,1,Cloudy,Wet,Daylight
2022-04-19T13:20:00.000,I 285,I 75 and I 285,,Sideswipe-Same Direction,2,Clear,Dry,Daylight
2022-12-03T18:48:00.000,I 75,I 75 and I 285,,Sideswipe-Same Direction,2,Cloudy,Wet,Dark-Lighted
2022-07-15T14:30:00.000,I 75,I 75 and I 285,,Sideswipe-Same Direction,2,Clear,Dry,Daylight
2022-11-29T20:00:00.000,I 75,I 75 and I 285,,Angle Crash,2,Clear,Dry,Dark-Lighted
2022-12-04T13:20:00.000,I 75,I 75 and I 285,,Sideswipe-Same Direction,2,Cloudy,Dry,Daylight
2022-02-11T23:15:00.000,I 285,I 75 and I 285,,Rear End,2,Clear,Dry,Dark-Not Lighted
2022-10-13T18:50:00.000,I 75,I 75 and I 285,,Sideswipe-Same Direction,2,Clear,Dry,Daylight
2022-12-10T14:01:00.000,I 285,I 75 and I 285,,Sideswipe-Same Direction,2,Clear,Dry,Daylight
2022-09-18T15:38:00.000,I 75,I 75 and I 285,,Not a Collision with Motor Vehicle,2,Clear,Dry,Daylight
2022-12-03T12:55:00.000,I 285,I 75 and I 285,,Not a Collision with Motor Vehicle,1,Rain,Wet,Daylight
2022-09-11T13:35:00.000,I 285,I 75 and I 285,,Not a Collision with Motor Vehicle,1,Rain,Wet,Daylight
2022-09-25T17:50:00.000,I 75,I 75 and I 285,,Sideswipe-Same Direction,2,Clear,Dry,Daylight
2022-05-20T08:51:00.000,I 75,I 75 and I 285,,Sideswipe-Same Direction,2,Clear,Dry,Daylight
2022-06-05T21:30:00.000,I 75,I 75 and I 285,,Sideswipe-Same Direction,2,Clear,Dry,Dark-Not Lighted
2022-07-04T05:14:00.000,I 285,I 75 and I 285,,Sideswipe-Same Direction,2,Clear,Dry,Dark-Lighted
2022-05-14T22:34:00.000,I 75,I 75 and I 285,,Sideswipe-Same Direction,2,Clear,Dry,Dark-Not Lighted
2022-03-24T08:39:00.000,I 285,I 75 and I 285,,Rear End,2,Clear,Dry,Daylight
2022-01-20T18:45:00.000,I 285,I 75 and I 285,,Rear End,2,Cloudy,Dry,Dark-Not Lighted
2022-06-22T22:52:00.000,I 285,I 75 and I 285,,Rear End,8,Clear,Dry,Dark-Not Lighted
2022-08-09T09:10:00.000,I 75,I 75 and I 285,,Rear End,2,Clear,Dry,Daylight
2022-04-07T00:03:00.000,I 285,I 75 and I 285,,Not a Collision with Motor Vehicle,1,Rain,Wet,Dark-Not Lighted
2022-04-18T14:44:00.000,I 75,I 75 and I 285,,Sideswipe-Same Direction,2,Clear,Dry,Daylight
2022-11-06T18:29:00.000,I 285,I 75 and I 285,,Rear End,2,Clear,Dry,Dark-Not Lighted
2022-10-07T12:40:00.000,I 285,I 75 and I 285,,Sideswipe-Same Direction,2,Clear,Dry,Daylight
2022-11-18T10:50:00.000,I 75,I 75 and I 285,,Sideswipe-Same Direction,2,Clear,Dry,Daylight
2022-08-25T08:32:00.000,I 285,I 75 and I 285,,Rear End,2,Cloudy,Wet,Daylight
2022-01-02T11:00:00.000,I 285,I 75 and I 285,,Angle Crash,2,Rain,Wet,Daylight
2022-12-03T23:46:00.000,I 75,I 75 and I 285,,Sideswipe-Same Direction,2,Clear,Dry,Dark-Not Lighted
2022-11-25T06:00:00.000,I 75,I 75 and I 285,,Not a Collision with Motor Vehicle,1,Rain,Water (standing or moving),Dark-Lighted
2022-12-03T17:59:00.000,I 75,I 75 and I 285,,Rear End,2,Cloudy,Wet,Dark-Lighted
2022-12-01T09:47:00.000,I 285,I 75 and I 285,,Rear End,2,Clear,Dry,Daylight
2022-06-20T18:26:00.000,I 285,I 75 and I 285,,Not a Collision with Motor Vehicle,2,Clear,Dry,Daylight
2022-11-30T18:13:00.000,I 285,I 75 and I 285,,Sideswipe-Same Direction,2,Clear,Dry,Dark-Not Lighted
2022-04-30T04:49:00.000,I 285,I 75 and I 285,,Not a Collision with Motor Vehicle,1,Clear,Dry,Dark-Not Lighted
2022-04-26T19:01:00.000,I 285,I 75 and I 285,,Sideswipe-Same Direction,2,Clear,Dry,Daylight
2022-08-04T17:01:00.000,I 285,I 75 and I 285,,Sideswipe-Same Direction,2,Rain,Wet,Daylight
2022-11-24T09:10:00.000,I 285,I 75 and I 285,,Sideswipe-Same Direction,2,Cloudy,Dry,Daylight
2022-08-01T05:01:00.000,I 285,I 75 and I 285,,Sideswipe-Same Direction,2,Clear,Dry,Dark-Not Lighted
2022-09-16T15:44:00.000,I 75,I 75 and I 285,,Sideswipe-Same Direction,2,Clear,Dry,Daylight
2022-01-16T14:55:00.000,I 285,I 75 and I 285,,Rear End,2,Snow,Wet,Daylight
2022-06-14T14:59:00.000,I 75,I 75 and I 285,,Sideswipe-Same Direction,2,Clear,Dry,Daylight
2022-09-29T11:54:00.000,I 75,I 75 and I 285,,Sideswipe-Same Direction,2,Clear,Dry,Daylight
2022-09-10T01:42:00.000,I 75,I 75 and I 285,,Not a Collision with Motor Vehicle,1,Rain,Wet,Dark-Not Lighted
2022-06-12T03:55:00.000,I 285,I 75 and I 285,,Not a Collision with Motor Vehicle,1,Clear,Dry,Dark-Not Lighted
2022-06-17T23:49:00.000,I 285,I 75 and I 285,,Angle Crash,2,Clear,Dry,Dark-Lighted
2022-05-09T07:30:00.000,I 285,I 75 and I 285,,Rear End,2,Clear,Dry,Daylight
2022-11-15T20:57:00.000,I 285,I 75 and I 285,,Not a Collision with Motor Vehicle,1,Cloudy,Wet,Dark-Not Lighted
2022-01-22T12:08:00.000,I 285,I 75 and I 285,,Sideswipe-Same Direction,2,Clear,Dry,Daylight
2022-12-13T00:38:00.000,I 75,I 75 and I 285,,Rear End,2,Clear,Dry,Dark-Lighted
2022-03-16T02:12:00.000,I 285,I 75 and I 285,,Not a Collision with Motor Vehicle,1,Rain,Wet,Dark-Not Lighted
2022-09-02T22:14:00.000,I 285,I 75 and I 285,,Sideswipe-Same Direction,1,Clear,Dry,Dark-Not Lighted
2022-12-27T23:20:00.000,I 285,I 75 and I 285,,Rear End,2,Clear,Dry,Dark-Not Lighted
2022-05-09T22:00:00.000,I 285,I 75 and I 285,,Sideswipe-Same Direction,2,Clear,Dry,Dark-Not Lighted
2022-04-16T08:00:00.000,I 285,I 75 and I 285,,Sideswipe-Same Direction,2,Rain,Wet,Daylight
2022-12-06T09:10:00.000,I 285,I 75 and I 285,,Angle Crash,2,Rain,Wet,Daylight
2022-10-04T13:30:00.000,I 285,I 75 and I 285,,Not a Collision with Motor Vehicle,1,Clear,Dry,Daylight
2022-12-21T17:08:00.000,I 285,I 75 and I 285,,Angle Crash,2,Clear,Dry,Daylight
2022-01-02T22:00:00.000,I 285,I 75 and I 285,,Not a Collision with Motor Vehicle,1,Rain,Wet,Dark-Lighted
2022-02-27T12:03:00.000,I 285,I 75 and I 285,,Sideswipe-Same Direction,2,Cloudy,Wet,Daylight
2022-01-19T05:40:00.000,I 285,I 75 and I 285,,Not a Collision with Motor Vehicle,1,Clear,Dry,Dark-Not Lighted
2022-09-27T15:40:00.000,I 285,I 75 and I 285,,Rear End,2,Clear,Dry,Daylight
2022-11-30T11:15:00.000,I 75,I 75 and I 285,,Rear End,2,Cloudy,Wet,Daylight
2022-08-18T22:49:00.000,I 285,I 75 and I 285,,Rear End,2,Clear,Dry,Dark-Not Lighted
2022-06-09T22:47:00.000,I 285,I 75 and I 285,,Rear End,2,Cloudy,Dry,Dark-Lighted
2022-11-24T16:52:00.000,I 75,I 75 and I 285,,Not a Collision with Motor Vehicle,1,Clear,Dry,Daylight
2022-06-17T01:59:00.000,I 285,I 75 and I 285,,Sideswipe-Same Direction,2,Clear,Dry,Dark-Not Lighted