Date and Time,Roadway (From Crash Report),Intersection Name (from Crash Report),KABCO Severity,Manner of Collision (Crash Level) ,# of Vehicles per crash ,Weather Conditions (Crash Level),Surface Condition (Crash Level) ,Light Conditions (Crash Level)
2022-07-29T14:41:00.000,I 285,I 75 and I 285,,Sideswipe-Same Direction,2,Clear,Dry,Daylight
2022-08-05T06:50:00.000,I 75,I 75 and I 285,,Angle Crash,2,Clear,Dry,Dawn
2022-03-15T17:27:00.000,I 285,I 75 and I 285,,Sideswipe-Same Direction,2,Clear,Wet,Daylight
2022-01-22T10:27:00.000,I 75,I 75 and I 285,,Angle Crash,2,Cloudy,Dry,Daylight
2022-01-29T00:20:00.000,I 75,I 75 and I 285,,Not a Collision with Motor Vehicle,1,Cloudy,Wet,Dark-Not Lighted
2022-06-08T00:08:00.000,I 285,I 75 and I 285,,Rear End,2,Rain,Wet,Dark-Lighted
2022-01-11T10:09:00.000,I 285,I 75 and I 285,,Sideswipe-Same Direction,2,Clear,Dry,Daylight
2022-09-23T13:25:00.000,I 285,I 75 and I 285,,Sideswipe-Same Direction,2,Clear,Dry,Daylight
2022-05-30T10:40:00.000,I 75,I 75 and I 285,,Sideswipe-Same Direction,2,Clear,Dry,Daylight
2022-05-03T15:00:00.000,I 285,I 75 and I 285,,Sideswipe-Same Direction,2,Clear,Dry,Daylight
2022-02-27T18:35:00.000,I 75,I 75 and I 285,,Sideswipe-Same Direction,2,Clear,Dry,Daylight
2022-08-09T00:35:00.000,I 285,I 75 and I 285,,Rear End,3,Clear,Dry,Dark-Not Lighted
2022-12-09T09:32:00.000,I 285,I 75 and I 285,,Not a Collision with Motor Vehicle,1,Rain,Wet,Daylight
2022-12-15T17:02:00.000,I 285,I 75 and I 285,,Rear End,2,Clear,Dry,Daylight
2022-05-20T16:31:00.000,I 285,I 75 and I 285,,Sideswipe-Same Direction,2,Clear,Dry,Daylight
2022-05-27T22:58:00.000,I 285,I 75 and I 285,,Rear End,2,Clear,Dry,Dark-Lighted
2022-01-10T16:08:00.000,I 75,I 75 and I 285,,Sideswipe-Same Direction,2,Clear,Dry,Daylight
2022-09-08T09:30:00.000,I 75,I 75 and I 285,,Sideswipe-Same Direction,2,Clear,Dry,Daylight
2022-10-30T15:36:00.000,I 285,I 75 and I 285,,Not a Collision with Motor Vehicle,1,Rain,Wet,Daylight
2022-04-26T06:00:00.000,I 75,I 75 and I 285,,Sideswipe-Same Direction,2,Clear,Dry,Dark-Lighted
2022-09-29T21:30:00.000,I 285,I 75 and I 285,,Rear End,2,Clear,Dry,Dark-Lighted
2022-10-29T00:28:00.000,I 285,I 75 and I 285,,Not a Collision with Motor Vehicle,1,Clear,Dry,Dark-Not Lighted
2022-11-30T09:31:00.000,I 75,I 75 and I 285,,Angle Crash,2,Rain,Wet,Daylight
2022-01-16T12:00:00.000,I 285,I 75 and I 285,,Not a Collision with Motor Vehicle,1,Snow,Wet,Daylight
2022-08-17T04:12:00.000,I 285,I 75 and I 285,,Sideswipe-Same Direction,2,Clear,Dry,Dark-Not Lighted
2022-08-21T20:45:00.000,I 285,I 75 and I 285,,Sideswipe-Same Direction,2,Rain,Wet,Dark-Not Lighted
2022-08-21T08:52:00.000,I 75,I 75 and I 285,,Not a Collision with Motor Vehicle,1,Cloudy,Wet,Daylight
2022-08-19T05:45:00.000,I 285,I 75 and I 285,,Sideswipe-Same Direction,1,Clear,Dry,Dawn
2022-08-27T19:43:00.000,I 75,I 75 and I 285,,Rear End,2,Clear,Dry,Dark-Lighted
2022-08-21T12:24:00.000,I 75,I 75 and I 285,,Sideswipe-Same Direction,2,Clear,Dry,Daylight
2022-07-13T13:47:00.000,I 285,I 75 and I 285,,Rear End,2,Clear,Dry,Daylight
2022-07-09T21:24:00.000,I 285,I 75 and I 285,,Not a Collision with Motor Vehicle,1,Clear,Dry,Dark-Lighted
2022-12-11T10:40:00.000,I 75,I 75 and I 285,,Not a Collision with Motor Vehicle,1,Rain,Wet,Daylight
2022-12-19T11:07:00.000,I 75,I 75 and I 285,,Sideswipe-Same Direction,2,Clear,Dry,Daylight
2022-06-07T22:18:00.000,I 285,I 75 and I 285,,Rear End,3,Rain,Wet,Dark-Not Lighted
2022-07-13T15:47:00.000,I 285,I 75 and I 285,,Rear End,3,Clear,Dry,Daylight
2022-12-29T13:45:00.000,I 285,I 75 and I 285,,Sideswipe-Same Direction,2,Clear,Dry,Daylight
2022-05-14T06:20:00.000,I 285,I 75 and I 285,,Not a Collision with Motor Vehicle,1,Cloudy,Dry,Daylight
2022-09-04T20:40:00.000,I 285,I 75 and I 285,,Angle Crash,2,Rain,Wet,Dark-Not Lighted
2022-10-16T19:58:00.000,I 285,I 75 and I 285,,Angle Crash,2,Clear,Dry,Dark-Not Lighted
2022-06-05T23:24:00.000,I 75,I 75 and I 285,,Sideswipe-Same Direction,2,Clear,Dry,Dark-Lighted
2022-09-17T00:53:00.000,I 75,I 75 and I 285,,Not a Collision with Motor Vehicle,1,Clear,Dry,Dark-Not Lighted
2022-02-22T00:00:00.000,I 285,I 75 and I 285,,Not a Collision with Motor Vehicle,1,Clear,Wet,Dark-Not Lighted
2022-12-11T10:12:00.000,I 285,I 75 and I 285,,Angle Crash,2,Rain,Wet,Daylight
2022-03-09T17:30:00.000,I 285,I 75 and I 285,,Rear End,2,Clear,Dry,Daylight
2022-08-02T06:29:00.000,I 75,I 75 and I 285,,Rear End,2,Cloudy,Dry,Daylight
2022-06-14T14:59:00.000,I 285,I 75 and I 285,,Sideswipe-Same Direction,2,Clear,Dry,Daylight
2022-12-24T01:30:00.000,I 75,I 75 and I 285,,Not a Collision with Motor Vehicle,1,Clear,Dry,Dark-Not Lighted
2022-07-15T08:10:00.000,I 75,I 75 and I 285,,Sideswipe-Same Direction,2,Clear,Dry,Daylight
2022-03-19T18:48:00.000,I 75,I 75 and I 285,,Rear End,2,Clear,Dry,Daylight
2022-05-31T08:40:00.000,I 75,I 75 and I 285,,Not a Collision with Motor Vehicle,1,Cloudy,Dry,Daylight
2022-04-17T21:40:00.000,I 285,I 75 and I 285,,Not a Collision with Motor Vehicle,1,Cloudy,Dry,Dark-Lighted
2022-03-12T23:30:00.000,I 285,I 75 and I 285,,Sideswipe-Same Direction,1,Clear,Dry,Dark-Lighted
2022-07-02T01:42:00.000,I 285,I 75 and I 285,,Rear End,2,Clear,Dry,Dark-Not Lighted
2022-01-11T09:08:00.000,I 285,I 75 and I 285,,Sideswipe-Same Direction,2,Clear,Dry,Daylight
2022-03-28T20:18:00.000,I 285,I 75 and I 285,,Sideswipe-Same Direction,2,Clear,Dry,Daylight
2022-03-18T16:33:00.000,I 285,I 75 and I 285,,Angle Crash,2,Cloudy,Wet,Daylight
2022-04-09T11:58:00.000,I 75,I 75 and I 285,,Sideswipe-Same Direction,2,Clear,Dry,Daylight
2022-02-24T16:32:00.000,I 75,I 75 and I 285,,Rear End,2,Clear,Dry,Daylight
2022-03-29T18:33:00.000,I 75,I 75 and I 285,,Sideswipe-Same Direction,2,Clear,Dry,Daylight
2022-09-25T18:27:00.000,I 285,I 75 and I 285,,Sideswipe-Same Direction,2,Clear,Dry,Daylight
2022-07-23T23:12:00.000,I 285,I 75 and I 285,,Rear End,2,Clear,Dry,Dark-Lighted
2022-04-15T19:00:00.000,I 75,I 75 and I 285,,Rear End,2,Clear,Dry,Daylight
2022-02-14T10:09:00.000,I 75,I 75 and I 285,,Sideswipe-Same Direction,2,Clear,Dry,Daylight
2022-11-20T16:31:00.000,I 285,I 75 and I 285,,Rear End,3,Clear,Dry,Dusk
2022-10-06T13:48:00.000,I 285,I 75 and I 285,,Sideswipe-Same Direction,2,Clear,Dry,Daylight
2022-06-09T23:16:00.000,I 285,I 75 and I 285,,Rear End,2,Clear,Dry,Dark-Lighted
2022-10-19T13:54:00.000,I 285,I 75 and I 285,,Not a Collision with Motor Vehicle,1,Clear,Dry,Daylight
2022-07-09T04:45:00.000,I 75,I 75 and I 285,,Not a Collision with Motor Vehicle,1,Cloudy,Wet,Dark-Not Lighted
2022-09-17T14:17:00.000,I 285,I 75 and I 285,,Sideswipe-Same Direction,3,Clear,Dry,Daylight
2022-08-06T10:00:00.000,I 285,I 75 and I 285,,Sideswipe-Same Direction,2,Clear,Dry,Daylight
2022-08-27T14:40:00.000,I 285,I 75 and I 285,,Rear End,2,Clear,Dry,Daylight
2022-11-16T14:58:00.000,I 75,I 75 and I 285,,Sideswipe-Same Direction,2,Cloudy,Dry,Daylight
2022-09-02T15:35:00.000,I 285,I 75 and I 285,,Rear End,2,Clear,Dry,Daylight
2022-12-23T05:07:00.000,I 75,I 75 and I 285,,Not a Collision with Motor Vehicle,1,Clear,Dry,Dark-Not Lighted
2022-12-04T03:07:00.000,I 75,I 75 and I 285,,Not a Collision with Motor Vehicle,1,Clear,Dry,Dark-Not Lighted
2022-05-25T01:11:00.000,I 285,I 75 and I 285,,Not a Collision with Motor Vehicle,1,Clear,Dry,Dark-Not Lighted
2022-12-08T08:08:00.000,I 285,I 75 and I 285,,Rear End,2,Cloudy,Wet,Daylight
2022-10-20T00:00:00.000,I 285,I 75 and I 285,,Sideswipe-Same Direction,2,Clear,Dry,Dark-Lighted
2022-07-09T12:40:00.000,I 285,I 75 and I 285,,Not a Collision with Motor Vehicle,1,Rain,Wet,Daylight
2022-07-12T14:28:00.000,I 285,I 75 and I 285,,Rear End,2,Cloudy,Dry,Daylight
2022-02-22T15:21:00.000,I 75,I 75 and I 285,,Not a Collision with Motor Vehicle,2,Cloudy,Dry,Daylight
2022-11-25T06:00:00.000,I 75,I 75 and I 285,,Not a Collision with Motor Vehicle,1,Rain,Wet,Dark-Not Lighted
2022-11-24T17:35:00.000,I 285,I 75 and I 285,,Not a Collision with Motor Vehicle,1,Clear,Dry,Dusk
2022-07-21T22:58:00.000,I 285,I 75 and I 285,,Not a Collision with Motor Vehicle,1,Clear,Dry,Dark-Not Lighted
2022-12-05T20:01:00.000,I 75,I 75 and I 285,,Angle Crash,2,Rain,Wet,Dark-Lighted
2022-01-20T15:48:00.000,I 75,I 75 and I 285,,Sideswipe-Same Direction,2,Clear,Dry,Daylight
2022-09-18T22:56:00.000,I 285,I 75 and I 285,,Not a Collision with Motor Vehicle,1,Clear,Dry,Dark-Not Lighted
2022-09-05T17:50:00.000,I 75,I 75 and I 285,,Sideswipe-Same Direction,2,Rain,Wet,Daylight
2022-12-27T10:05:00.000,I 75,I 75 and I 285,,Sideswipe-Same Direction,2,Clear,Dry,Daylight
2022-07-03T13:14:00.000,I 285,I 75 and I 285,,Rear End,2,Cloudy,Dry,Daylight
2022-11-25T07:26:00.000,I 285,I 75 and I 285,,Not a Collision with Motor Vehicle,1,Cloudy,Wet,Daylight
2022-11-13T00:41:00.000,I 75,I 75 and I 285,,Sideswipe-Same Direction,2,Clear,Dry,Dark-Lighted
2022-09-06T13:00:00.000,I 75,I 75 and I 285,,Sideswipe-Same Direction,2,Cloudy,Dry,Daylight
2022-07-18T18:55:00.000,I 285,I 75 and I 285,,Rear End,2,Clear,Wet,Daylight
2022-02-25T04:15:00.000,I 285,I 75 and I 285,,Not a Collision with Motor Vehicle,1,Clear,Dry,Dark-Lighted
2022-11-27T08:36:00.000,I 75,I 75 and I 285,,Rear End,2,Cloudy,Wet,Daylight
2022-05-18T18:00:00.000,I 75,I 75 and I 285,,Rear End,2,Clear,Dry,Daylight
2022-06-02T16:45:00.000,I 75,I 75 and I 285,,Rear End,2,Clear,Dry,Daylight
2022-06-18T00:01:00.000,I 75,I 75 and I 285,,Sideswipe-Same Direction,2,Clear,Dry,Dark-Not Lighted
2022-11-05T04:43:00.000,I 285,I 75 and I 285,,Not a Collision with Motor Vehicle,1,Clear,Dry,Dark-Not Lighted
2022-11-28T16:56:00.000,I 75,I 75 and I 285,,Angle Crash,2,Clear,Dry,Daylight
2022-12-21T00:28:00.000,I 285,I 75 and I 285,,Sideswipe-Same Direction,2,Cloudy,Dry,Dark-Lighted
2022-06-19T07:00:00.000,I 75,I 75 and I 285,,Not a Collision with Motor Vehicle,1,Clear,Dry,Daylight
2022-02-25T10:10:00.000,I 285,I 75 and I 285,,Sideswipe-Same Direction,2,Clear,Dry,Daylight
2022-04-18T07:56:00.000,I 285,I 75 and I 285,,Sideswipe-Same Direction,2,Cloudy,Wet,Daylight
2022-10-09T03:40:00.000,I 285,I 75 and I 285,,Sideswipe-Same Direction,2,Clear,Dry,Dark-Not Lighted
2022-12-03T00:07:00.000,I 285,I 75 and I 285,,Not a Collision with Motor Vehicle,1,Clear,Dry,Dark-Not Lighted
2022-04-26T05:30:00.000,I 75,I 75 and I 285,,Rear End,2,Clear,Dry,Dark-Not Lighted
2022-08-02T06:40:00.000,I 75,I 75 and I 285,,Sideswipe-Same Direction,2,Clear,Dry,Daylight
2022-01-09T01:46:00.000,I 285,I 75 and I 285,,Not a Collision with Motor Vehicle,1,Clear,Dry,Dark-Not Lighted
2022-05-21T15:13:00.000,I 285,I 75 and I 285,,Rear End,2,Clear,Dry,Daylight
2022-11-25T04:41:00.000,I 75,I 75 and I 285,,Not a Collision with Motor Vehicle,2,Rain,Wet,Dark-Lighted
2022-11-26T23:35:00.000,I 285,I 75 and I 285,,Rear End,1,Rain,Wet,Dark-Lighted
2022-03-01T11:25:00.000,I 285,I 75 and I 285,,Sideswipe-Same Direction,2,Clear,Dry,Daylight
2022-12-26T22:10:00.000,I 75,I 75 and I 285,,Rear End,2,Clear,Dry,Dark-Lighted
2022-09-27T15:35:00.000,I 285,I 75 and I 285,,Rear End,2,Clear,Dry,Daylight
2022-12-31T17:16:00.000,I 75,I 75 and I 285,,Not a Collision with Motor Vehicle,1,Clear,Wet,Daylight
2022-08-17T10:15:00.000,I 75,I 75 and I 285,,Rear End,2,Cloudy,Dry,Daylight
2022-02-14T20:00:00.000,I 285,I 75 and I 285,,Sideswipe-Same Direction,2,Clear,Dry,Dark-Not Lighted
2022-09-22T13:05:00.000,I 75,I 75 and I 285,,Sideswipe-Same Direction,2,Clear,Dry,Daylight
2022-10-30T19:27:00.000,I 285,I 75 and I 285,,Sideswipe-Same Direction,4,Cloudy,Wet,Daylight
2022-04-06T13:11:00.000,I 75,I 75 and I 285,,Sideswipe-Same Direction,2,Rain,Wet,Daylight
2022-07-20T15:55:00.000,I 75,I 75 and I 285,,Sideswipe-Same Direction,2,Clear,Dry,Daylight
2022-08-08T15:01:00.000,I 75,I 75 and I 285,,Not a Collision with Motor Vehicle,1,Rain,Wet,Daylight
2022-10-05T17:37:00.000,I 75,I 75 and I 285,,Rear End,2,Clear,Dry,Daylight
2022-10-07T02:53:00.000,I 285,I 75 and I 285,,Head On,3,Clear,Dry,Dark-Lighted
2022-02-11T14:17:00.000,I 285,I 75 and I 285,,Sideswipe-Same Direction,2,Clear,Dry,Daylight
2022-12-11T12:35:00.000,I 285,I 75 and I 285,,Not a Collision with Motor Vehicle,1,Rain,Wet,Daylight
2022-02-04T11:34:00.000,I 285,I 75 and I 285,,Rear End,2,Cloudy,Wet,Daylight
2022-02-10T05:10:00.000,I 75,I 75 and I 285,,Sideswipe-Same Direction,2,Clear,Dry,Dark-Lighted
2022-09-14T18:00:00.000,I 75,I 75 and I 285,,Angle Crash,2,Clear,Dry,Daylight
2022-12-15T18:36:00.000,I 285,I 75 and I 285,,Sideswipe-Same Direction,2,Clear,Dry,Dark-Not Lighted
2022-04-30T08:39:00.000,I 75,I 75 and I 285,,Sideswipe-Same Direction,2,Clear,Dry,Daylight
2022-10-06T16:00:00.000,I 285,I 75 and I 285,,Sideswipe-Same Direction,2,Clear,Dry,Daylight
2022-10-26T02:55:00.000,I 285,I 75 and I 285,,Angle Crash,2,Clear,Wet,Dark-Lighted
2022-01-16T06:41:00.000,I 75,I 75 and I 285,,Not a Collision with Motor Vehicle,1,Rain,Wet,Dark-Not Lighted
2022-09-02T15:31:00.000,I 285,I 75 and I 285,,Sideswipe-Same Direction,2,Cloudy,Dry,Daylight
2022-08-13T01:00:00.000,I 285,I 75 and I 285,,Rear End,3,Clear,Dry,Dark-Not Lighted
2022-05-16T03:53:00.000,I 285,I 75 and I 285,,Rear End,2,Clear,Dry,Dark-Lighted
2022-03-07T17:16:00.000,I 285,I 75 and I 285,,Rear End,2,Rain,Wet,Daylight
2022-12-10T15:45:00.000,I 75,I 75 and I 285,,Sideswipe-Same Direction,2,Clear,Wet,Daylight
2022-06-07T17:00:00.000,I 75,I 75 and I 285,,Sideswipe-Same Direction,2,Clear,Dry,Daylight
2022-02-26T15:03:00.000,I 285,I 75 and I 285,,Rear End,2,Cloudy,Dry,Daylight
2022-04-29T02:44:00.000,I 285,I 75 and I 285,,Not a Collision with Motor Vehicle,1,Clear,Dry,Dark-Lighted
2022-10-17T00:30:00.000,I 75,I 75 and I 285,,Sideswipe-Same Direction,2,Clear,Dry,Dark-Not Lighted
2022-07-02T00:00:00.000,I 285,I 75 and I 285,,Rear End,2,Clear,Dry,Dark-Not Lighted
2022-12-08T21:32:00.000,I 285,I 75 and I 285,,Sideswipe-Same Direction,2,Clear,Dry,Dark-Not Lighted
2022-08-30T16:20:00.000,I 285,I 75 and I 285,,Rear End,2,Rain,Wet,Daylight
2022-10-11T15:00:00.000,I 285,I 75 and I 285,,Sideswipe-Same Direction,2,Clear,Dry,Daylight
2022-04-04T00:00:00.000,I 75,I 75 and I 285,,Sideswipe-Same Direction,2,Clear,Dry,Daylight
2022-05-07T10:50:00.000,I 285,I 75 and I 285,,Rear End,2,Cloudy,Dry,Daylight
2022-05-27T12:14:00.000,I 285,I 75 and I 285,,Sideswipe-Same Direction,2,Clear,Dry,Daylight
2022-10-17T05:12:00.000,I 285,I 75 and I 285,,Rear End,2,Clear,Dry,Dark-Not Lighted
2022-12-07T18:50:00.000,I 75,I 75 and I 285,,Sideswipe-Same Direction,2,Cloudy,Wet,Dark-Lighted
2022-12-31T11:35:00.000,I 285,I 75 and I 285,,Not a Collision with Motor Vehicle,1,Clear,Wet,Daylight
2022-12-11T18:44:00.000,I 285,I 75 and I 285,,Sideswipe-Same Direction,2,Cloudy,Wet,Dark-Lighted
2022-06-22T16:39:00.000,I 285,I 75 and I 285,,Rear End,3,Clear,Dry,Daylight
2022-12-01T08:30:00.000,I 285,I 75 and I 285,,Rear End,2,Clear,Dry,Daylight
2022-12-23T20:00:00.000,I 75,I 75 and I 285,,Angle Crash,2,Clear,Dry,Dark-Lighted
2022-06-30T08:10:00.000,I 285,I 75 and I 285,,Rear End,2,Cloudy,Dry,Daylight
2022-03-04T05:40:00.000,I 75,I 75 and I 285,,Sideswipe-Same Direction,2,Clear,Dry,Dark-Not Lighted
2022-05-27T23:41:00.000,I 285,I 75 and I 285,,Rear End,2,Clear,Dry,Dark-Lighted
2022-12-10T09:44:00.000,I 75,I 75 and I 285,,Not a Collision with Motor Vehicle,1,Cloudy,Dry,Dark-Lighted
2022-08-21T12:05:00.000,I 75,I 75 and I 285,,Sideswipe-Same Direction,1,Cloudy,Dry,Daylight
2022-09-07T17:43:00.000,I 285,I 75 and I 285,,Angle Crash,2,Clear,Dry,Daylight
2022-08-21T22:02:00.000,I 285,I 75 and I 285,,Sideswipe-Same Direction,2,Clear,Dry,Dark-Lighted
2022-03-28T16:34:00.000,I 75,I 75 and I 285,,Rear End,2,Clear,Dry,Daylight
2022-03-14T17:20:00.000,I 285,I 75 and I 285,,Sideswipe-Same Direction,2,Clear,Dry,Daylight
2022-03-16T08:33:00.000,I 285,I 75 and I 285,,Sideswipe-Same Direction,2,Cloudy,Wet,Daylight
2022-07-17T12:43:00.000,I 285,I 75 and I 285,,Sideswipe-Same Direction,1,Cloudy,Dry,Daylight
2022-03-25T14:49:00.000,I 75,I 75 and I 285,,Sideswipe-Same Direction,2,Cloudy,Dry,Daylight
2022-09-08T17:50:00.000,I 285,I 75 and I 285,,Sideswipe-Same Direction,2,Clear,Dry,Daylight
2022-06-24T22:46:00.000,I 285,I 75 and I 285,,Rear End,2,Clear,Dry,Dark-Not Lighted
2022-01-10T13:00:00.000,I 285,I 75 and I 285,,Rear End,2,Clear,Dry,Daylight
2022-01-21T05:25:00.000,I 75,I 75 and I 285,,Sideswipe-Same Direction,2,Cloudy,Dry,Dark-Lighted
2022-11-14T17:15:00.000,I 75,I 75 and I 285,,Sideswipe-Same Direction,2,Clear,Dry,Daylight
2022-10-28T03:11:00.000,I 75,I 75 and I 285,,Rear End,2,Clear,Dry,Dark-Lighted
2022-04-15T14:39:00.000,I 75,I 75 and I 285,,Sideswipe-Same Direction,2,Clear,Dry,Daylight
2022-12-09T18:38:00.000,I 75,I 75 and I 285,,Sideswipe-Same Direction,2,Clear,Dry,Dark-Lighted
2022-09-19T16:00:00.000,I 285,I 75 and I 285,,Angle Crash,2,Clear,Dry,Dusk
2022-12-07T08:20:00.000,I 75,I 75 and I 285,,Angle Crash,2,Fog,Wet,Daylight
2022-04-29T12:05:00.000,I 285,I 75 and I 285,,Sideswipe-Same Direction,2,Clear,Dry,Daylight
2022-09-07T14:32:00.000,I 285,I 75 and I 285,,Sideswipe-Same Direction,2,Clear,Dry,Daylight
2022-03-08T15:20:00.000,I 285,I 75 and I 285,,Sideswipe-Same Direction,2,Rain,Wet,Daylight
2022-05-16T03:48:00.000,I 75,I 75 and I 285,,Not a Collision with Motor Vehicle,1,Clear,Dry,Dark-Not Lighted
2022-05-10T17:05:00.000,I 285,I 75 and I 285,,Sideswipe-Same Direction,2,Clear,Dry,Daylight
2022-02-15T07:48:00.000,I 75,I 75 and I 285,,Rear End,2,Clear,Dry,Daylight
2022-06-20T19:13:00.000,I 285,I 75 and I 285,,Rear End,3,Clear,Dry,Daylight
2022-12-13T18:29:00.000,I 285,I 75 and I 285,,Sideswipe-Same Direction,2,Cloudy,Dry,Dark-Lighted
2022-07-20T21:23:00.000,I 285,I 75 and I 285,,Sideswipe-Same Direction,3,Clear,Dry,Dark-Not Lighted
2022-04-04T16:40:00.000,I 285,I 75 and I 285,,Sideswipe-Same Direction,2,Clear,Dry,Daylight
2022-01-13T01:47:00.000,I 285,I 75 and I 285,,Not a Collision with Motor Vehicle,1,Clear,Dry,Dark-Lighted
2022-07-21T12:30:00.000,I 285,I 75 and I 285,,Rear End,3,Clear,Wet,Daylight
2022-12-11T12:04:00.000,I 75,I 75 and I 285,,Sideswipe-Same Direction,3,Rain,Wet,Dark-Lighted
2022-06-30T15:05:00.000,I 285,I 75 and I 285,,Sideswipe-Same Direction,2,Clear,Dry,Daylight
2022-04-23T02:25:00.000,I 75,I 75 and I 285,,Sideswipe-Same Direction,2,Clear,Dry,Dark-Not Lighted
2022-12-08T08:03:00.000,I 285,I 75 and I 285,,Rear End,2,Cloudy,Wet,Daylight
2022-12-28T14:25:00.000,I 285,I 75 and I 285,,Rear End,2,Clear,Dry,Daylight
2022-04-12T17:43:00.000,I 285,I 75 and I 285,,Rear End,2,Clear,Dry,Daylight
2022-07-09T01:58:00.000,I 285,I 75 and I 285,,Not a Collision with Motor Vehicle,1,Clear,Dry,Dark-Not Lighted
2022-01-03T21:32:00.000,I 285,I 75 and I 285,,Sideswipe-Same Direction,2,Clear,Dry,Dark-Lighted
2022-02-18T17:47:00.000,I 285,I 75 and I 285,,Rear End,2,Cloudy,Wet,Daylight
2022-03-04T21:48:00.000,I 285,I 75 and I 285,,Not a Collision with Motor Vehicle,1,Clear,Dry,Dark-Not Lighted
2022-01-05T10:46:00.000,I 75,I 75 and I 285,,Sideswipe-Same Direction,2,Clear,Dry,Daylight
2022-11-18T09:00:00.000,I 285,I 75 and I 285,,Not a Collision with Motor Vehicle,1,Clear,Dry,Daylight
2022-04-22T16:28:00.000,I 285,I 75 and I 285,,Sideswipe-Same Direction,2,Clear,Dry,Daylight
2022-10-27T10:42:00.000,I 75,I 75 and I 285,,Sideswipe-Same Direction,2,Clear,Dry,Daylight
2022-08-01T07:15:00.000,I 285,I 75 and I 285,,Sideswipe-Same Direction,2,Clear,Dry,Daylight
2022-06-08T07:20:00.000,I 285,I 75 and I 285,,Sideswipe-Same Direction,1,Cloudy,Dry,Daylight
2022-02-18T08:16:00.000,I 285,I 75 and I 285,,Sideswipe-Same Direction,2,Clear,Dry,Daylight
2022-11-03T17:30:00.000,I 75,I 75 and I 285,,Sideswipe-Same Direction,2,Clear,Dry,Daylight
2022-12-03T13:18:00.000,I 75,I 75 and I 285,,Rear End,2,Cloudy,Wet,Daylight
2022-12-09T22:02:00.000,I 75,I 75 and I 285,,Sideswipe-Same Direction,2,Rain,Wet,Dark-Not Lighted
2022-12-16T12:28:00.000,I 75,I 75 and I 285,,Sideswipe-Same Direction,2,Clear,Dry,Daylight
2022-10-27T04:58:00.000,I 285,I 75 and I 285,,Not a Collision with Motor Vehicle,1,Clear,Dry,Dark-Lighted
2022-02-18T19:36:00.000,I 75,I 75 and I 285,,Sideswipe-Same Direction,2,Clear,Dry,Dark-Not Lighted
2022-11-23T13:42:00.000,I 285,I 75 and I 285,,Sideswipe-Same Direction,2,Clear,Dry,Daylight
2022-02-23T16:25:00.000,I 285,I 75 and I 285,,Rear End,2,Clear,Dry,Daylight
2022-07-15T14:10:00.000,I 285,I 75 and I 285,,Sideswipe-Same Direction,2,Clear,Dry,Daylight
2022-05-28T12:10:00.000,I 285,I 75 and I 285,,Sideswipe-Same Direction,2,Clear,Dry,Daylight
2022-01-18T19:30:00.000,I 75,I 75 and I 285,,Sideswipe-Same Direction,2,Clear,Dry,Dark-Lighted
2022-08-27T17:18:00.000,I 75,I 75 and I 285,,Sideswipe-Same Direction,2,Rain,Wet,Daylight
2022-12-20T19:10:00.000,I 285,I 75 and I 285,,Angle Crash,2,Cloudy,Wet,Dark-Not Lighted
2022-09-18T11:30:00.000,I 75,I 75 and I 285,,Angle Crash,2,Clear,Dry,Daylight
2022-09-10T01:40:00.000,I 285,I 75 and I 285,,Not a Collision with Motor Vehicle,1,Rain,Wet,Dark-Lighted
2022-02-17T22:30:00.000,I 75,I 75 and I 285,,Sideswipe-Same Direction,2,Rain,Wet,Dark-Lighted
2022-06-04T02:40:00.000,I 285,I 75 and I 285,,Not a Collision with Motor Vehicle,2,Clear,Dry,Dark-Lighted
2022-07-11T15:04:00.000,I 285,I 75 and I 285,,Not a Collision with Motor Vehicle,1,Cloudy,Dry,Daylight
2022-07-02T19:00:00.000,I 285,I 75 and I 285,,Sideswipe-Same Direction,2,Rain,Wet,Daylight
2022-11-04T08:25:00.000,I 75,I 75 and I 285,,Sideswipe-Same Direction,2,Clear,Dry,Daylight
2022-04-06T23:09:00.000,I 75,I 75 and I 285,,Not a Collision with Motor Vehicle,1,Rain,Water (standing or moving),Dark-Not Lighted
2022-04-01T20:45:00.000,I 75,I 75 and I 285,,Sideswipe-Same Direction,2,Clear,Dry,Dark-Not Lighted
2022-03-17T07:20:00.000,I 75,I 75 and I 285,,Rear End,2,Fog,Dry,Dawn
2022-03-10T12:50:00.000,I 285,I 75 and I 285,,Rear End,2,Clear,Dry,Daylight
2022-08-28T06:12:00.000,I 75,I 75 and I 285,,Not a Collision with Motor Vehicle,1,Clear,Dry,Dark-Not Lighted
2022-07-09T02:39:00.000,I 285,I 75 and I 285,,Rear End,2,Cloudy,Wet,Dark-Not Lighted