Date and Time,Roadway (From Crash Report),Intersection Name (from Crash Report),KABCO Severity,Manner of Collision (Crash Level) ,# of Vehicles per crash ,Weather Conditions (Crash Level),Surface Condition (Crash Level) ,Light Conditions (Crash Level)
2022-12-24T12:15:00.000,I 75,I 75 and I 285,,Angle Crash,4,Clear,Dry,Daylight
2022-11-11T03:54:00.000,I 75,I 75 and I 285,,Not a Collision with Motor Vehicle,1,Rain,Wet,Dark-Not Lighted
2022-04-03T15:25:00.000,I 285,I 75 and I 285,,Sideswipe-Same Direction,2,Clear,Dry,Daylight
2022-09-10T17:57:00.000,I 285,I 75 and I 285,,Rear End,3,Rain,Wet,Daylight
2022-12-15T02:12:00.000,I 75,I 75 and I 285,,Sideswipe-Same Direction,2,Cloudy,Wet,Dark-Not Lighted
2022-07-21T08:57:00.000,I 285,I 75 and I 285,,Sideswipe-Same Direction,2,Rain,Wet,Daylight
2022-08-19T07:29:00.000,I 285,I 75 and I 285,,Rear End,2,Cloudy,Wet,Daylight
2022-03-03T10:10:00.000,I 285,I 75 and I 285,,Rear End,2,Clear,Dry,Daylight
2022-05-09T16:46:00.000,I 285,I 75 and I 285,,Sideswipe-Same Direction,2,Clear,Dry,Daylight
2022-08-17T11:14:00.000,I 75,I 75 and I 285,,Not a Collision with Motor Vehicle,1,Cloudy,Wet,Daylight
2022-08-12T03:15:00.000,I 75,I 75 and I 285,,Angle Crash,2,Cloudy,Wet,Dark-Lighted
2022-08-02T09:43:00.000,I 75,I 75 and I 285,,Sideswipe-Same Direction,2,Cloudy,Dry,Daylight
2022-08-16T12:50:00.000,I 75,I 75 and I 285,,Rear End,2,Clear,Dry,Daylight
2022-07-07T20:32:00.000,I 285,I 75 and I 285,,Sideswipe-Same Direction,2,Clear,Dry,Daylight
2022-05-31T08:41:00.000,I 285,I 75 and I 285,,Rear End,2,Cloudy,Dry,Daylight
2022-10-06T17:25:00.000,I 285,I 75 and I 285,,Rear End,3,Clear,Dry,Daylight
2022-10-04T07:15:00.000,I 285,I 75 and I 285,,Sideswipe-Same Direction,2,Clear,Dry,Daylight
2022-11-15T10:12:00.000,I 285,I 75 and I 285,,Sideswipe-Same Direction,2,Rain,Wet,Daylight
2022-09-12T12:41:00.000,I 75,I 75 and I 285,,Sideswipe-Same Direction,2,Cloudy,Dry,Daylight
2022-02-08T16:40:00.000,I 75,I 75 and I 285,,Rear End,2,Clear,Dry,Dusk
2022-07-31T22:18:00.000,I 75,I 75 and I 285,,Rear End,1,Clear,Dry,Dark-Lighted
2022-07-12T18:53:00.000,I 285,I 75 and I 285,,Sideswipe-Same Direction,2,Cloudy,Dry,Daylight
2022-01-19T14:04:00.000,I 285,I 75 and I 285,,Sideswipe-Same Direction,2,Clear,Dry,Daylight
2022-12-06T07:45:00.000,I 285,I 75 and I 285,,Rear End,2,Cloudy,Wet,Daylight
2022-08-05T13:28:00.000,I 285,I 75 and I 285,,Not a Collision with Motor Vehicle,1,Clear,Dry,Daylight
2022-05-17T16:31:00.000,I 285,I 75 and I 285,,Rear End,2,Clear,Dry,Daylight
2022-04-07T11:05:00.000,I 75,I 75 and I 285,,Sideswipe-Same Direction,2,Clear,Dry,Daylight
2022-06-28T05:35:00.000,I 75,I 75 and I 285,,Sideswipe-Same Direction,2,Clear,Dry,Dark-Lighted
2022-01-01T02:30:00.000,I 75,I 75 and I 285,,Not a Collision with Motor Vehicle,1,Clear,Wet,Dark-Not Lighted
2022-10-12T15:25:00.000,I 75,I 75 and I 285,,Rear End,1,Rain,Wet,Daylight
2022-01-30T05:35:00.000,I 75,I 75 and I 285,,Sideswipe-Same Direction,2,Clear,Dry,Dark-Not Lighted
2022-06-26T07:29:00.000,I 75,I 75 and I 285,,Not a Collision with Motor Vehicle,1,Clear,Dry,Daylight
2022-12-13T06:51:00.000,I 75,I 75 and I 285,,Rear End,3,Cloudy,Dry,Daylight
2022-10-06T13:40:00.000,I 285,I 75 and I 285,,Angle Crash,2,Clear,Dry,Daylight
2022-07-13T08:40:00.000,I 285,I 75 and I 285,,Sideswipe-Same Direction,2,Cloudy,Dry,Daylight
2022-05-02T16:22:00.000,I 75,I 75 and I 285,,Rear End,2,Cloudy,Dry,Daylight
2022-08-05T21:40:00.000,I 75,I 75 and I 285,,Not a Collision with Motor Vehicle,1,Cloudy,Wet,Dark-Lighted
2022-07-13T18:46:00.000,I 285,I 75 and I 285,,Rear End,3,Cloudy,Wet,Daylight
2022-05-09T16:00:00.000,I 285,I 75 and I 285,,Sideswipe-Same Direction,2,Clear,Dry,Daylight
2022-07-14T14:50:00.000,I 75,I 75 and I 285,,Sideswipe-Same Direction,2,Clear,Dry,Daylight
2022-07-31T01:45:00.000,I 285,I 75 and I 285,,Not a Collision with Motor Vehicle,1,Rain,Wet,Dark-Not Lighted
2022-06-06T09:20:00.000,I 285,I 75 and I 285,,Sideswipe-Same Direction,2,Clear,Dry,Daylight
2022-11-03T13:23:00.000,I 75,I 75 and I 285,,Sideswipe-Same Direction,2,Clear,Dry,Daylight
2022-07-03T18:48:00.000,I 75,I 75 and I 285,,Not a Collision with Motor Vehicle,1,Clear,Wet,Daylight
2023-02-04T19:30:00.000,I 75,I 75 and I 285,,Sideswipe-Same Direction,2,Clear,Dry,Dark-Lighted
2023-02-13T15:15:00.000,I 285,I 75 and I 285,,Angle Crash,2,Clear,Dry,Daylight
2023-05-06T19:40:00.000,I 285,I 75 and I 285,,Sideswipe-Same Direction,2,Clear,Dry,Daylight
2023-09-20T15:59:00.000,I 285,I 75 and I 285,,Sideswipe-Same Direction,2,Clear,Dry,Daylight
2023-11-21T17:26:00.000,I 285,I 75 and I 285,,Rear End,3,Rain,Wet,Daylight
2023-08-11T12:00:00.000,I 75,I 75 and I 285,,Sideswipe-Same Direction,2,Clear,Dry,Daylight
2023-12-26T09:28:00.000,I 285,I 75 and I 285,,Rear End,2,Rain,Wet,Daylight
2023-11-11T02:52:00.000,I 285,I 75 and I 285,,Not a Collision with Motor Vehicle,1,Rain,Wet,Dark-Not Lighted
2023-09-17T03:08:00.000,I 285,I 75 and I 285,,Not a Collision with Motor Vehicle,1,Rain,Wet,Dark-Not Lighted
2023-04-17T09:10:00.000,I 75,I 75 and I 285,,Sideswipe-Same Direction,2,Clear,Dry,Daylight
2023-08-02T08:50:00.000,I 75,I 75 and I 285,,Sideswipe-Same Direction,2,Cloudy,Dry,Daylight
2023-11-02T11:10:00.000,I 285,I 75 and I 285,,Sideswipe-Same Direction,2,Clear,Dry,Daylight
2023-08-23T13:25:00.000,I 75,I 75 and I 285,,Not a Collision with Motor Vehicle,1,Clear,Dry,Daylight
2023-12-03T01:50:00.000,I 285,I 75 and I 285,,Sideswipe-Same Direction,2,Clear,Dry,Dark-Lighted
2023-11-13T15:00:00.000,I 285,I 75 and I 285,,Angle Crash,2,Clear,Dry,Daylight
2023-06-14T14:28:00.000,I 285,I 75 and I 285,,Rear End,2,Rain,Wet,Daylight
2023-06-06T18:51:00.000,I 285,I 75 and I 285,,Rear End,2,Cloudy,Wet,Daylight
2023-08-12T10:03:00.000,I 75,I 75 and I 285,,Sideswipe-Same Direction,2,Clear,Dry,Daylight
2023-02-26T12:26:00.000,I 285,I 75 and I 285,,Not a Collision with Motor Vehicle,1,Cloudy,Wet,Daylight
2023-12-06T11:00:00.000,I 75,I 75 and I 285,,Rear End,2,Clear,Dry,Daylight
2023-07-13T03:35:00.000,I 285,I 75 and I 285,,Sideswipe-Same Direction,2,Clear,Dry,Dark-Lighted
2023-10-30T07:56:00.000,I 75,I 75 and I 285,,Sideswipe-Same Direction,2,Clear,Dry,Daylight
2023-06-18T23:22:00.000,I 285,I 75 and I 285,,Sideswipe-Same Direction,2,Cloudy,Dry,Dark-Not Lighted
2023-11-13T18:37:00.000,I 75,I 75 and I 285,,Rear End,3,Clear,Dry,Dark-Not Lighted
2023-08-08T02:03:00.000,I 285,I 75 and I 285,,Not a Collision with Motor Vehicle,1,Clear,Dry,Dark-Lighted
2023-06-16T10:54:00.000,I 75,I 75 and I 285,,Not a Collision with Motor Vehicle,1,Cloudy,Dry,Daylight
2023-02-12T12:08:00.000,I 285,I 75 and I 285,,Angle Crash,2,Cloudy,Wet,Daylight
2023-03-28T07:46:00.000,I 75,I 75 and I 285,,Rear End,3,Clear,Dry,Daylight
2023-11-12T01:00:00.000,I 285,I 75 and I 285,,Not a Collision with Motor Vehicle,1,Rain,Wet,Dark-Not Lighted
2023-10-23T02:09:00.000,I 285,I 75 and I 285,,Rear End,2,Clear,Dry,Dark-Not Lighted
2024-03-08T16:53:00.000,I 75,I 75 and I 285,,Rear End,2,Cloudy,Dry,Daylight
2024-05-19T00:18:00.000,I 285,I 75 and I 285,,Angle Crash,2,Cloudy,Wet,Dark-Lighted
2024-03-18T17:06:00.000,I 285,I 75 and I 285,,Sideswipe-Same Direction,2,Clear,Dry,Daylight
2024-05-02T16:40:00.000,I 285,I 75 and I 285,,Sideswipe-Same Direction,2,Clear,Dry,Daylight
2024-10-01T13:03:00.000,I 75,I 75 and I 285,,Sideswipe-Same Direction,2,Clear,Dry,Daylight
2024-01-07T14:20:00.000,I 285,I 75 and I 285,,Sideswipe-Same Direction,2,Clear,Dry,Daylight
2024-05-21T17:44:00.000,I 285,I 75 and I 285,,Rear End,2,Clear,Dry,Daylight
2024-01-09T16:03:00.000,I 285,I 75 and I 285,,Rear End,2,Cloudy,Other,Daylight
2024-01-08T19:00:00.000,I 285,I 75 and I 285,,Not a Collision with Motor Vehicle,2,Rain,Wet,Daylight
2024-04-21T05:30:00.000,I 285,I 75 and I 285,,Not a Collision with Motor Vehicle,1,Cloudy,Wet,Dark-Not Lighted
2024-12-18T19:25:00.000,I 75,I 75 and I 285,,Sideswipe-Same Direction,2,Cloudy,Dry,Dark-Lighted
2024-07-19T15:46:00.000,I 285,I 75 and I 285,,Sideswipe-Same Direction,2,Clear,Dry,Daylight
2024-11-09T05:58:00.000,I 75,I 75 and I 285,,Sideswipe-Same Direction,2,Fog,Dry,Daylight
2024-05-18T15:50:00.000,I 75,I 75 and I 285,,Angle Crash,2,Cloudy,Dry,Daylight
2024-06-17T16:40:00.000,I 75,I 75 and I 285,,Sideswipe-Same Direction,2,Clear,Dry,Daylight
2024-07-31T11:45:00.000,I 75,I 75 and I 285,,Not a Collision with Motor Vehicle,2,Clear,Dry,Daylight
2024-08-20T14:30:00.000,I 285,I 75 and I 285,,Sideswipe-Same Direction,2,Clear,Dry,Daylight
2024-01-25T05:00:00.000,I 285,I 75 and I 285,,Sideswipe-Opposite Direction,2,Rain,Wet,Dark-Not Lighted
2024-10-07T01:09:00.000,I 75,I 75 and I 285,,Not a Collision with Motor Vehicle,1,Clear,Dry,Dark-Not Lighted
2024-01-28T14:37:00.000,I 75,I 75 and I 285,,Angle Crash,3,Cloudy,Dry,Daylight
2024-06-12T08:50:00.000,I 285,I 75 and I 285,,Rear End,2,Clear,Dry,Daylight
2024-08-05T13:12:00.000,I 285,I 75 and I 285,,Rear End,2,Clear,Dry,Daylight
2024-05-03T13:30:00.000,I 285,I 75 and I 285,,Not a Collision with Motor Vehicle,1,Clear,Dry,Daylight
2024-02-02T04:23:00.000,I 285,I 75 and I 285,,Not a Collision with Motor Vehicle,2,Clear,Dry,Dark-Not Lighted
2024-09-11T17:58:00.000,I 75,I 75 and I 285,,Angle Crash,2,Clear,Dry,Daylight
2024-06-25T14:57:00.000,I 285,I 75 and I 285,,Sideswipe-Same Direction,2,Clear,Dry,Daylight
2024-05-13T07:10:00.000,I 75,I 75 and I 285,,Sideswipe-Same Direction,2,Cloudy,Wet,Daylight
2024-03-16T21:27:00.000,I 75,I 75 and I 285,,Angle Crash,2,Clear,Dry,Dark-Not Lighted
2024-01-11T19:08:00.000,I 285,I 75 and I 285,,Rear End,3,Clear,Dry,Dark-Not Lighted
2024-09-16T08:50:00.000,I 75,I 75 and I 285,,Rear End,2,Clear,Dry,Daylight
2024-12-17T18:55:00.000,I 285,I 75 and I 285,,Sideswipe-Same Direction,2,Clear,Dry,Dark-Not Lighted
2024-03-12T13:40:00.000,I 75,I 75 and I 285,,Sideswipe-Same Direction,2,Clear,Dry,Daylight
2024-05-26T01:35:00.000,I 285,I 75 and I 285,,Not a Collision with Motor Vehicle,1,Clear,Dry,Dark-Not Lighted
2024-01-12T23:40:00.000,I 285,I 75 and I 285,,Sideswipe-Same Direction,2,Cloudy,Wet,Dark-Not Lighted
2024-01-16T20:06:00.000,I 75,I 75 and I 285,,Sideswipe-Same Direction,2,Clear,Dry,Dark-Lighted
2024-08-08T10:59:00.000,I 75,I 75 and I 285,,Sideswipe-Same Direction,2,Clear,Dry,Daylight
2024-05-20T15:00:00.000,I 285,I 75 and I 285,,Rear End,2,Clear,Dry,Daylight
2024-11-18T16:32:00.000,I 75,I 75 and I 285,,Sideswipe-Same Direction,2,Clear,Dry,Daylight
2024-01-25T00:07:00.000,I 75,I 75 and I 285,,Not a Collision with Motor Vehicle,1,Rain,Wet,Dark-Not Lighted
2024-10-21T08:40:00.000,I 75,I 75 and I 285,,Sideswipe-Same Direction,2,Clear,Dry,Daylight
2024-03-13T13:00:00.000,I 75,I 75 and I 285,,Sideswipe-Same Direction,2,Clear,Dry,Daylight
2024-02-11T17:00:00.000,I 285,I 75 and I 285,,Angle Crash,2,Cloudy,Dry,Daylight
2024-03-05T13:50:00.000,I 285,I 75 and I 285,,Sideswipe-Same Direction,2,Rain,Dry,Daylight
2024-03-23T09:30:00.000,I 285,I 75 and I 285,,Angle Crash,2,Cloudy,Wet,Daylight
2024-09-27T01:20:00.000,I 285,I 75 and I 285,,Not a Collision with Motor Vehicle,1,Rain,Water (standing or moving),Dark-Not Lighted
2024-04-10T07:40:00.000,I 75,I 75 and I 285,,Rear End,2,Cloudy,Wet,Daylight
2024-02-15T18:19:00.000,I 285,I 75 and I 285,,Sideswipe-Same Direction,2,Clear,Dry,Daylight
2024-04-03T11:27:00.000,I 285,I 75 and I 285,,Rear End,2,Clear,Dry,Daylight
2024-12-28T01:52:00.000,I 285,I 75 and I 285,,Not a Collision with Motor Vehicle,1,Rain,Wet,Dark-Not Lighted
2024-04-28T00:45:00.000,I 285,I 75 and I 285,,Not a Collision with Motor Vehicle,1,Cloudy,Dry,Dark-Not Lighted
2024-06-18T22:02:00.000,I 75,I 75 and I 285,,Rear End,2,Clear,Dry,Dark-Not Lighted
2024-06-23T18:52:00.000,I 75,I 75 and I 285,,Not a Collision with Motor Vehicle,1,Clear,Dry,Daylight
2024-11-19T14:07:00.000,I 285,I 75 and I 285,,Sideswipe-Same Direction,2,Cloudy,Wet,Daylight
2024-08-06T09:10:00.000,I 285,I 75 and I 285,,Rear End,2,Clear,Dry,Daylight
2024-03-08T08:00:00.000,I 285,I 75 and I 285,,Sideswipe-Same Direction,2,Cloudy,Dry,Daylight
2024-03-24T08:22:00.000,I 75,I 75 and I 285,,Sideswipe-Same Direction,2,Clear,Dry,Daylight
2024-10-08T16:43:00.000,I 75,I 75 and I 285,,Angle Crash,2,Clear,Dry,Daylight
2024-12-19T00:00:00.000,I 285,I 75 and I 285,,Sideswipe-Same Direction,2,Clear,Dry,Daylight
2024-04-10T05:22:00.000,I 75,I 75 and I 285,,Sideswipe-Same Direction,2,Clear,Wet,Dark-Not Lighted
2024-04-04T00:00:00.000,I 285,I 75 and I 285,,Rear End,3,Clear,Dry,Dark-Not Lighted
2024-06-10T17:50:00.000,I 75,I 75 and I 285,,Rear End,2,Clear,Dry,Daylight
2024-01-25T18:08:00.000,I 75,I 75 and I 285,,Rear End,2,Rain,Wet,Dark-Not Lighted
2024-10-29T21:04:00.000,I 285,I 75 and I 285,,Sideswipe-Same Direction,2,Clear,Dry,Dark-Lighted
2024-11-17T17:10:00.000,I 285,I 75 and I 285,,Rear End,2,Clear,Dry,Daylight
2024-03-02T06:52:00.000,I 285,I 75 and I 285,,Not a Collision with Motor Vehicle,1,Rain,Wet,Dark-Not Lighted
2024-02-08T07:28:00.000,I 285,I 75 and I 285,,Rear End,2,Clear,Dry,Daylight
2024-09-18T21:20:00.000,I 285,I 75 and I 285,,Not a Collision with Motor Vehicle,1,Clear,Dry,Dark-Not Lighted
2024-12-09T17:39:00.000,I 285,I 75 and I 285,,Rear End,3,Rain,Wet,Dark-Not Lighted
2024-09-27T09:40:00.000,I 75,I 75 and I 285,,Not a Collision with Motor Vehicle,1,Cloudy,Wet,Daylight
2024-01-05T19:29:00.000,I 285,I 75 and I 285,,Sideswipe-Same Direction,2,Clear,Dry,Dark-Lighted
2024-09-26T12:19:00.000,I 75,I 75 and I 285,,Sideswipe-Same Direction,2,Rain,Wet,Daylight
2024-09-20T08:30:00.000,I 285,I 75 and I 285,,Rear End,2,Clear,Dry,Daylight
2024-11-22T05:00:00.000,I 75,I 75 and I 285,,Not a Collision with Motor Vehicle,1,Clear,Dry,Dark-Not Lighted
2024-02-06T18:26:00.000,I 285,I 75 and I 285,,Sideswipe-Same Direction,2,Clear,Dry,Dark-Lighted
2024-11-20T05:53:00.000,I 75,I 75 and I 285,,Not a Collision with Motor Vehicle,1,Rain,Water (standing or moving),Dark-Not Lighted
2024-10-21T12:45:00.000,I 285,I 75 and I 285,,Sideswipe-Same Direction,2,Clear,Dry,Daylight
2024-01-21T20:01:00.000,I 285,I 75 and I 285,,Not a Collision with Motor Vehicle,1,Clear,Dry,Dark-Lighted
2024-03-27T17:15:00.000,I 75,I 75 and I 285,,Sideswipe-Same Direction,2,Clear,Dry,Daylight
2024-01-05T11:25:00.000,I 75,I 75 and I 285,,Rear End,4,Clear,Dry,Daylight
2024-01-27T17:07:00.000,I 75,I 75 and I 285,,Sideswipe-Same Direction,2,Clear,Dry,Daylight
2024-12-12T09:32:00.000,I 75,I 75 and I 285,,Sideswipe-Same Direction,2,Clear,Dry,Daylight
2024-03-21T16:44:00.000,I 285,I 75 and I 285,,Sideswipe-Same Direction,2,Clear,Dry,Daylight
2024-03-06T05:27:00.000,I 285,I 75 and I 285,,Head On,2,Rain,Wet,Dark-Not Lighted
2024-06-15T15:13:00.000,I 285,I 75 and I 285,,Angle Crash,2,Clear,Dry,Daylight
2024-06-25T00:22:00.000,I 75,I 75 and I 285,,Not a Collision with Motor Vehicle,1,Clear,Dry,Dark-Not Lighted
2024-12-27T21:00:00.000,I 285,I 75 and I 285,,Angle Crash,2,Rain,Wet,Dark-Not Lighted
2024-03-03T02:21:00.000,I 75,I 75 and I 285,,Rear End,2,Fog,Wet,Dark-Lighted
2024-11-30T10:30:00.000,I 285,I 75 and I 285,,Sideswipe-Same Direction,2,Clear,Dry,Daylight
2024-08-29T10:30:00.000,I 75,I 75 and I 285,,Sideswipe-Same Direction,2,Clear,Dry,Daylight
2024-06-07T06:35:00.000,I 285,I 75 and I 285,,Rear End,2,Clear,Dry,Daylight
2024-04-30T14:45:00.000,I 285,I 75 and I 285,,Sideswipe-Same Direction,2,Clear,Dry,Daylight
2024-02-06T16:09:00.000,I 75,I 75 and I 285,,Angle Crash,2,Clear,Dry,Daylight
2024-07-23T09:32:00.000,I 285,I 75 and I 285,,Not a Collision with Motor Vehicle,1,Clear,Dry,Daylight
2024-09-28T14:13:00.000,I 75,I 75 and I 285,,Sideswipe-Same Direction,2,Clear,Dry,Daylight
2024-05-27T23:39:00.000,I 75,I 75 and I 285,,Rear End,2,Clear,Dry,Dark-Not Lighted
2024-05-22T14:44:00.000,I 285,I 75 and I 285,,Rear End,2,Cloudy,Dry,Daylight
2024-02-15T11:25:00.000,I 75,I 75 and I 285,,Rear End,2,Clear,Dry,Daylight
2024-10-30T07:25:00.000,I 285,I 75 and I 285,,Rear End,2,Rain,Wet,Dark-Not Lighted
2024-05-08T22:40:00.000,I 285,I 75 and I 285,,Rear End,3,Cloudy,Wet,Dark-Not Lighted
2024-10-16T13:05:00.000,I 75,I 75 and I 285,,Sideswipe-Same Direction,2,Clear,Dry,Daylight
2024-06-18T13:13:00.000,I 75,I 75 and I 285,,Sideswipe-Same Direction,2,Clear,Dry,Daylight
2024-02-16T15:15:00.000,I 75,I 75 and I 285,,Rear End,2,Clear,Dry,Daylight
2024-10-31T12:30:00.000,I 285,I 75 and I 285,,Sideswipe-Same Direction,2,Clear,Dry,Daylight
2024-06-14T12:20:00.000,I 75,I 75 and I 285,,Rear End,2,Clear,Dry,Daylight
2024-11-17T19:59:00.000,I 285,I 75 and I 285,,Rear End,3,Clear,Dry,Dark-Not Lighted
2024-03-02T15:44:00.000,I 285,I 75 and I 285,,Angle Crash,2,Cloudy,Dry,Daylight
2024-01-18T20:00:00.000,I 285,I 75 and I 285,,Angle Crash,3,Clear,Dry,Dark-Not Lighted
2024-04-25T09:58:00.000,I 285,I 75 and I 285,,Sideswipe-Same Direction,2,Clear,Dry,Daylight
2024-12-17T08:33:00.000,I 75,I 75 and I 285,,Sideswipe-Same Direction,2,Cloudy,Dry,Daylight
2024-04-10T06:40:00.000,I 285,I 75 and I 285,,Rear End,2,Cloudy,Wet,Dark-Not Lighted
2024-09-10T17:00:00.000,I 75,I 75 and I 285,,Sideswipe-Same Direction,2,Clear,Dry,Daylight
2024-01-17T22:56:00.000,I 285,I 75 and I 285,,Not a Collision with Motor Vehicle,2,Clear,Dry,Dark-Not Lighted
2024-10-29T08:00:00.000,I 285,I 75 and I 285,,Sideswipe-Same Direction,2,Clear,Dry,Daylight
2024-09-14T13:51:00.000,I 285,I 75 and I 285,,Not a Collision with Motor Vehicle,1,Rain,Wet,Daylight
2024-03-15T14:18:00.000,I 285,I 75 and I 285,,Rear End,2,Cloudy,Wet,Daylight
2024-06-02T03:35:00.000,I 285,I 75 and I 285,,Angle Crash,2,Clear,Dry,Dark-Not Lighted
2024-07-15T11:32:00.000,I 285,I 75 and I 285,,Rear End,2,Clear,Dry,Daylight
2024-12-31T23:34:00.000,I 75,I 75 and I 285,,Sideswipe-Same Direction,2,Clear,Dry,Dark-Lighted
2024-09-20T08:00:00.000,I 75,I 75 and I 285,,Sideswipe-Same Direction,2,Clear,Dry,Daylight
2024-11-22T03:50:00.000,I 285,I 75 and I 285,,Not a Collision with Motor Vehicle,1,Cloudy,Dry,Dark-Lighted
2023-05-12T16:13:00.000,I 285,I 75 and I 285,,Sideswipe-Same Direction,2,Clear,Dry,Daylight
2023-04-16T08:05:00.000,I 285,I 75 and I 285,,Angle Crash,2,Cloudy,Wet,Daylight
2023-04-03T23:10:00.000,I 285,I 75 and I 285,,Not a Collision with Motor Vehicle,1,Clear,Dry,Dark-Not Lighted
2023-12-06T23:22:00.000,I 75,I 75 and I 285,,Rear End,2,Clear,Dry,Dark-Not Lighted
2023-12-24T03:03:00.000,I 75,I 75 and I 285,,Not a Collision with Motor Vehicle,1,Clear,Dry,Dark-Not Lighted
2023-03-31T15:30:00.000,I 285,I 75 and I 285,,Rear End,2,Clear,Dry,Daylight
2023-10-18T18:12:00.000,I 285,I 75 and I 285,,Angle Crash,2,Clear,Dry,Daylight
2023-01-27T09:50:00.000,I 75,I 75 and I 285,,Angle Crash,2,Clear,Dry,Daylight
2023-10-21T07:00:00.000,I 75,I 75 and I 285,,Not a Collision with Motor Vehicle,1,Clear,Dry,Dark-Not Lighted
2023-09-07T07:00:00.000,I 285,I 75 and I 285,,Rear End,2,Clear,Dry,Dawn
2023-08-06T00:18:00.000,I 75,I 75 and I 285,,Not a Collision with Motor Vehicle,1,Clear,Dry,Dark-Not Lighted
2023-12-16T20:06:00.000,I 285,I 75 and I 285,,Rear End,2,Cloudy,Dry,Dark-Lighted
2023-04-20T19:20:00.000,I 285,I 75 and I 285,,Rear End,3,Clear,Dry,Daylight
2023-11-05T12:13:00.000,I 75,I 75 and I 285,,Sideswipe-Same Direction,3,Clear,Dry,Daylight
2023-06-01T21:36:00.000,I 75,I 75 and I 285,,Rear End,2,Clear,Dry,Dark-Lighted
2023-05-22T15:15:00.000,I 285,I 75 and I 285,,Angle Crash,2,Rain,Wet,Daylight
2023-02-04T02:11:00.000,I 75,I 75 and I 285,,Sideswipe-Same Direction,2,Clear,Dry,Dark-Not Lighted
2023-04-24T08:17:00.000,I 285,I 75 and I 285,,Sideswipe-Same Direction,2,Clear,Dry,Daylight
2023-02-22T19:40:00.000,I 75,I 75 and I 285,,Sideswipe-Same Direction,2,Clear,Dry,Dark-Not Lighted
2023-11-29T14:45:00.000,I 285,I 75 and I 285,,Rear End,2,Clear,Dry,Daylight
2023-09-27T23:01:00.000,I 285,I 75 and I 285,,Rear End,3,Clear,Dry,Dark-Not Lighted
2023-01-04T05:19:00.000,I 75,I 75 and I 285,,Not a Collision with Motor Vehicle,1,Rain,Water (standing or moving),Dark-Not Lighted
2023-08-06T15:07:00.000,I 75,I 75 and I 285,,Rear End,2,Clear,Wet,Daylight
2023-07-20T21:40:00.000,I 285,I 75 and I 285,,Sideswipe-Same Direction,2,Cloudy,Wet,Dark-Lighted
2023-01-15T07:20:00.000,I 285,I 75 and I 285,,Rear End,2,Cloudy,Dry,Daylight
2023-05-28T16:12:00.000,I 285,I 75 and I 285,,Not a Collision with Motor Vehicle,1,Clear,Dry,Daylight
2024-03-24T16:05:00.000,I 75,I 75 and I 285,,Rear End,2,Clear,Dry,Daylight
2024-05-18T16:50:00.000,I 285,I 75 and I 285,,Rear End,2,Clear,Dry,Daylight
2024-09-07T06:08:00.000,I 285,I 75 and I 285,,Not a Collision with Motor Vehicle,2,Clear,Dry,Daylight
2024-07-29T01:55:00.000,I 285,I 75 and I 285,,Not a Collision with Motor Vehicle,1,Clear,Wet,Dark-Not Lighted
2024-04-16T18:55:00.000,I 75,I 75 and I 285,,Rear End,2,Clear,Dry,Daylight
2024-02-27T12:33:00.000,I 75,I 75 and I 285,,Rear End,2,Cloudy,Dry,Daylight
2024-10-14T06:28:00.000,I 75,I 75 and I 285,,Rear End,3,Clear,Dry,Dark-Not Lighted
2024-01-18T17:21:00.000,I 285,I 75 and I 285,,Rear End,2,Clear,Dry,Daylight
2024-10-08T06:33:00.000,I 75,I 75 and I 285,,Sideswipe-Same Direction,2,Clear,Dry,Dark-Not Lighted
2024-12-27T18:08:00.000,I 75,I 75 and I 285,,Angle Crash,2,Clear,Dry,Dark-Lighted
2024-12-02T20:36:00.000,I 75,I 75 and I 285,,Rear End,2,Clear,Dry,Dark-Not Lighted
2024-09-17T14:58:00.000,I 75,I 75 and I 285,,Rear End,3,Clear,Dry,Daylight
2024-12-27T21:27:00.000,I 285,I 75 and I 285,,Not a Collision with Motor Vehicle,1,Clear,Dry,Daylight
2024-08-08T17:59:00.000,I 285,I 75 and I 285,,Rear End,2,Clear,Dry,Daylight
2024-11-12T08:29:00.000,I 75,I 75 and I 285,,Sideswipe-Same Direction,2,Clear,Dry,Daylight
2024-04-21T22:05:00.000,I 285,I 75 and I 285,,Rear End,2,Clear,Dry,Dark-Not Lighted
2024-03-30T17:50:00.000,I 285,I 75 and I 285,,Sideswipe-Same Direction,2,Clear,Dry,Daylight
2024-01-24T16:46:00.000,I 285,I 75 and I 285,,Rear End,2,Rain,Wet,Daylight
2024-01-06T02:16:00.000,I 75,I 75 and I 285,,Sideswipe-Opposite Direction,2,Rain,Wet,Dark-Not Lighted
2024-09-25T20:49:00.000,I 75,I 75 and I 285,,Sideswipe-Same Direction,2,Rain,Wet,Daylight