Date and Time,Roadway (From Crash Report),Intersection Name (from Crash Report),KABCO Severity,Manner of Collision (Crash Level) ,# of Vehicles per crash ,Weather Conditions (Crash Level),Surface Condition (Crash Level) ,Light Conditions (Crash Level)
2024-12-03T12:00:00.000,I 75,I 75 and I 285,,Not a Collision with Motor Vehicle,1,Clear,Dry,Daylight
2024-10-03T15:08:00.000,I 285,I 75 and I 285,,Angle Crash,2,Cloudy,Dry,Daylight
2024-01-25T07:45:00.000,I 285,I 75 and I 285,,Rear End,3,Rain,Wet,Daylight
2024-10-11T21:30:00.000,I 75,I 75 and I 285,,Rear End,2,Cloudy,Dry,Dark-Not Lighted
2024-02-20T08:18:00.000,I 285,I 75 and I 285,,Rear End,2,Cloudy,Dry,Daylight
2024-06-20T00:20:00.000,I 75,I 75 and I 285,,Sideswipe-Same Direction,3,Clear,Dry,Dark-Lighted
2024-09-11T06:25:00.000,I 285,I 75 and I 285,,Sideswipe-Same Direction,2,Clear,Dry,Daylight
2024-09-25T16:31:00.000,I 285,I 75 and I 285,,Sideswipe-Same Direction,2,Clear,Dry,Daylight
2024-09-12T08:56:00.000,I 285,I 75 and I 285,,Sideswipe-Same Direction,2,Clear,Dry,Daylight
2024-05-16T23:35:00.000,I 75,I 75 and I 285,,Not a Collision with Motor Vehicle,1,Clear,Dry,Dark-Not Lighted
2024-05-18T00:02:00.000,I 285,I 75 and I 285,,Rear End,2,Clear,Dry,Dark-Not Lighted
2024-06-25T17:12:00.000,I 75,I 75 and I 285,,Rear End,3,Clear,Dry,Daylight
2024-04-04T21:45:00.000,I 285,I 75 and I 285,,Sideswipe-Opposite Direction,2,Clear,Dry,Dark-Not Lighted
2024-07-12T13:00:00.000,I 75,I 75 and I 285,,Sideswipe-Same Direction,2,Clear,Dry,Daylight
2024-04-28T17:15:00.000,I 75,I 75 and I 285,,Sideswipe-Same Direction,2,Clear,Dry,Daylight
2024-11-19T10:05:00.000,I 285,I 75 and I 285,,Sideswipe-Same Direction,2,Rain,Wet,Daylight
2024-01-01T09:55:00.000,I 285,I 75 and I 285,,Rear End,3,Clear,Dry,Daylight
2024-03-05T17:12:00.000,I 285,I 75 and I 285,,Rear End,2,Rain,Wet,Daylight
2024-03-03T11:35:00.000,I 75,I 75 and I 285,,Rear End,2,Cloudy,Dry,Daylight
2024-10-01T15:48:00.000,I 285,I 75 and I 285,,Sideswipe-Same Direction,2,Clear,Dry,Daylight
2024-01-24T12:10:00.000,I 285,I 75 and I 285,,Rear End,2,Rain,Wet,Daylight
2024-03-29T17:32:00.000,I 285,I 75 and I 285,,Sideswipe-Same Direction,2,Clear,Dry,Daylight
2024-03-20T16:38:00.000,I 75,I 75 and I 285,,Sideswipe-Same Direction,2,Clear,Dry,Daylight
2024-09-25T22:48:00.000,I 285,I 75 and I 285,,Not a Collision with Motor Vehicle,1,Clear,Wet,Dark-Not Lighted
2024-02-15T09:47:00.000,I 285,I 75 and I 285,,Sideswipe-Same Direction,2,Clear,Dry,Daylight
2024-07-31T15:16:00.000,I 75,I 75 and I 285,,Rear End,2,Clear,Dry,Daylight
2024-03-19T12:24:00.000,I 285,I 75 and I 285,,Sideswipe-Same Direction,2,Clear,Dry,Daylight
2024-12-07T19:32:00.000,I 75,I 75 and I 285,,Sideswipe-Same Direction,2,Clear,Dry,Dark-Lighted
2024-12-13T01:46:00.000,I 75,I 75 and I 285,,Not a Collision with Motor Vehicle,1,Clear,Dry,Dark-Not Lighted
2024-03-04T20:18:00.000,I 285,I 75 and I 285,,Angle Crash,2,Clear,Dry,Dark-Lighted
2024-03-22T15:31:00.000,I 75,I 75 and I 285,,Angle Crash,2,Rain,Wet,Daylight
2024-04-09T09:03:00.000,I 75,I 75 and I 285,,Rear End,2,Cloudy,Wet,Daylight
2024-10-15T15:25:00.000,I 285,I 75 and I 285,,Rear End,2,Clear,Dry,Daylight
2024-02-26T06:11:00.000,I 75,I 75 and I 285,,Not a Collision with Motor Vehicle,1,Clear,Dry,Dark-Not Lighted
2024-05-30T17:01:00.000,I 285,I 75 and I 285,,Sideswipe-Same Direction,2,Clear,Dry,Daylight
2024-05-18T21:30:00.000,I 285,I 75 and I 285,,Rear End,3,Clear,Wet,Dark-Lighted
2024-05-08T14:20:00.000,I 75,I 75 and I 285,,Rear End,3,Cloudy,Dry,Daylight
2024-05-02T15:50:00.000,I 75,I 75 and I 285,,Sideswipe-Same Direction,2,Clear,Dry,Daylight
2024-03-20T16:21:00.000,I 285,I 75 and I 285,,Sideswipe-Same Direction,2,Clear,Dry,Daylight
2024-10-25T07:19:00.000,I 75,I 75 and I 285,,Sideswipe-Same Direction,2,Clear,Dry,Daylight
2024-10-03T20:30:00.000,I 75,I 75 and I 285,,Angle Crash,2,Clear,Dry,Dark-Not Lighted
2024-07-28T15:35:00.000,I 285,I 75 and I 285,,Rear End,2,Clear,Dry,Daylight
2024-10-06T16:00:00.000,I 285,I 75 and I 285,,Angle Crash,2,Clear,Dry,Daylight
2024-12-29T12:10:00.000,I 285,I 75 and I 285,,Sideswipe-Same Direction,2,Clear,Dry,Daylight
2024-05-01T16:05:00.000,I 285,I 75 and I 285,,Rear End,2,Clear,Dry,Daylight
2024-11-09T21:01:00.000,I 75,I 75 and I 285,,Rear End,2,Clear,Dry,Dark-Not Lighted
2024-05-21T08:50:00.000,I 75,I 75 and I 285,,Rear End,2,Clear,Dry,Daylight
2024-07-11T13:47:00.000,I 285,I 75 and I 285,,Sideswipe-Same Direction,2,Clear,Dry,Daylight
2024-11-12T11:39:00.000,I 285,I 75 and I 285,,Not a Collision with Motor Vehicle,4,Clear,Dry,Daylight
2024-07-01T07:14:00.000,I 75,I 75 and I 285,,Sideswipe-Same Direction,2,Clear,Dry,Daylight
2024-08-19T06:56:00.000,I 285,I 75 and I 285,,Not a Collision with Motor Vehicle,1,Clear,Dry,Daylight
2024-02-02T11:44:00.000,I 75,I 75 and I 285,,Sideswipe-Same Direction,2,Cloudy,Dry,Daylight
2024-11-16T18:27:00.000,I 75,I 75 and I 285,,Sideswipe-Same Direction,2,Clear,Dry,Dark-Lighted
2024-06-08T06:20:00.000,I 75,I 75 and I 285,,Angle Crash,2,Clear,Dry,Dawn
2024-06-25T14:00:00.000,I 285,I 75 and I 285,,Rear End,4,Clear,Dry,Daylight
2024-12-29T17:23:00.000,I 75,I 75 and I 285,,Sideswipe-Same Direction,2,Clear,Dry,Daylight
2024-03-12T16:17:00.000,I 285,I 75 and I 285,,Sideswipe-Same Direction,2,Clear,Dry,Daylight
2024-08-22T12:20:00.000,I 285,I 75 and I 285,,Sideswipe-Same Direction,2,Clear,Dry,Daylight
2024-02-19T02:22:00.000,I 75,I 75 and I 285,,Not a Collision with Motor Vehicle,1,Clear,Dry,Dark-Not Lighted
2024-03-03T21:44:00.000,I 285,I 75 and I 285,,Not a Collision with Motor Vehicle,1,Clear,Dry,Dark-Not Lighted
2024-04-06T18:23:00.000,I 75,I 75 and I 285,,Rear End,2,Clear,Dry,Daylight
2024-10-23T08:43:00.000,I 75,I 75 and I 285,,Sideswipe-Same Direction,2,Clear,Dry,Daylight
2024-09-08T00:15:00.000,I 285,I 75 and I 285,,Sideswipe-Same Direction,2,Clear,Dry,Dark-Not Lighted
2024-08-16T23:22:00.000,I 75,I 75 and I 285,,Angle Crash,2,Clear,Wet,Dark-Not Lighted
2024-12-29T00:00:00.000,I 75,I 75 and I 285,,Not a Collision with Motor Vehicle,1,Rain,Wet,Dark-Lighted
2024-12-28T19:14:00.000,I 75,I 75 and I 285,,Not a Collision with Motor Vehicle,1,Other,Wet,Dark-Not Lighted
2024-07-09T09:15:00.000,I 285,I 75 and I 285,,Sideswipe-Same Direction,2,Clear,Dry,Daylight
2024-12-16T16:54:00.000,I 285,I 75 and I 285,,Rear End,2,Clear,Dry,Daylight
2024-07-23T13:05:00.000,I 75,I 75 and I 285,,Rear End,3,Clear,Dry,Daylight
2024-12-28T10:28:00.000,I 285,I 75 and I 285,,Not a Collision with Motor Vehicle,1,Clear,Wet,Daylight
2024-10-23T16:15:00.000,I 285,I 75 and I 285,,Sideswipe-Same Direction,2,Clear,Dry,Daylight
2024-11-22T14:11:00.000,I 75,I 75 and I 285,,Rear End,2,Clear,Dry,Daylight
2024-04-29T18:53:00.000,I 75,I 75 and I 285,,Sideswipe-Same Direction,2,Clear,Dry,Daylight
2024-09-18T07:58:00.000,I 75,I 75 and I 285,,Angle Crash,2,Clear,Dry,Daylight
2024-04-30T16:19:00.000,I 285,I 75 and I 285,,Sideswipe-Same Direction,2,Cloudy,Dry,Daylight
2024-01-29T10:30:00.000,I 285,I 75 and I 285,,Sideswipe-Same Direction,2,Clear,Dry,Daylight
2024-12-01T14:45:00.000,I 285,I 75 and I 285,,Sideswipe-Same Direction,2,Clear,Dry,Daylight
2024-05-04T15:14:00.000,I 285,I 75 and I 285,,Rear End,2,Cloudy,Dry,Daylight
2024-08-13T08:15:00.000,I 285,I 75 and I 285,,Sideswipe-Same Direction,2,Clear,Dry,Daylight
2024-09-20T13:58:00.000,I 285,I 75 and I 285,,Sideswipe-Same Direction,2,Clear,Dry,Daylight
2024-07-03T15:52:00.000,I 75,I 75 and I 285,,Sideswipe-Same Direction,2,Clear,Dry,Daylight
2024-02-17T03:38:00.000,I 75,I 75 and I 285,,Angle Crash,3,Cloudy,Dry,Dark-Lighted
2024-01-11T07:41:00.000,I 75,I 75 and I 285,,Rear End,2,Clear,Dry,Daylight
2024-04-22T00:00:00.000,I 75,I 75 and I 285,,Sideswipe-Same Direction,2,Clear,Dry,Dark-Not Lighted
2024-12-13T19:16:00.000,I 75,I 75 and I 285,,Angle Crash,2,Clear,Dry,Dusk
2024-05-31T11:40:00.000,I 285,I 75 and I 285,,Not a Collision with Motor Vehicle,1,Clear,Dry,Daylight
2024-12-13T10:48:00.000,I 285,I 75 and I 285,,Sideswipe-Same Direction,2,Clear,Dry,Daylight
2024-12-04T17:22:00.000,I 285,I 75 and I 285,,Sideswipe-Same Direction,2,Clear,Dry,Daylight
2024-11-13T18:35:00.000,I 75,I 75 and I 285,,Sideswipe-Same Direction,2,Clear,Dry,Dark-Lighted
2024-11-17T10:20:00.000,I 75,I 75 and I 285,,Angle Crash,2,Clear,Dry,Daylight
2024-05-08T22:38:00.000,I 285,I 75 and I 285,,Rear End,2,Rain,Wet,Dark-Lighted
2024-06-21T04:52:00.000,I 75,I 75 and I 285,,Not a Collision with Motor Vehicle,1,Clear,Dry,Dark-Lighted
2024-07-12T05:41:00.000,I 75,I 75 and I 285,,Sideswipe-Same Direction,2,Clear,Dry,Dark-Lighted
2024-10-30T17:22:00.000,I 285,I 75 and I 285,,Sideswipe-Same Direction,2,Clear,Dry,Daylight
2024-01-26T07:00:00.000,I 285,I 75 and I 285,,Sideswipe-Same Direction,2,Clear,Wet,Daylight
2024-10-09T06:12:00.000,I 75,I 75 and I 285,,Rear End,2,Clear,Dry,Dark-Not Lighted
2024-11-25T18:00:00.000,I 75,I 75 and I 285,,Sideswipe-Same Direction,2,Clear,Dry,Dark-Not Lighted
2024-06-16T17:30:00.000,I 285,I 75 and I 285,,Rear End,2,Clear,Dry,Daylight
2024-05-20T18:34:00.000,I 75,I 75 and I 285,,Rear End,2,Clear,Dry,Daylight
2024-10-18T04:07:00.000,I 75,I 75 and I 285,,Sideswipe-Same Direction,2,Clear,Dry,Dark-Lighted
2024-05-23T12:43:00.000,I 285,I 75 and I 285,,Rear End,3,Cloudy,Dry,Daylight
2024-05-08T03:05:00.000,I 285,I 75 and I 285,,Rear End,2,Cloudy,Wet,Dark-Not Lighted
2024-07-31T10:00:00.000,I 285,I 75 and I 285,,Rear End,2,Cloudy,Dry,Daylight
2024-09-20T02:40:00.000,I 285,I 75 and I 285,,Not a Collision with Motor Vehicle,1,Clear,Dry,Dark-Not Lighted
2024-01-22T00:25:00.000,I 75,I 75 and I 285,,Not a Collision with Motor Vehicle,1,Clear,Dry,Dark-Lighted
2024-05-26T19:49:00.000,I 285,I 75 and I 285,,Sideswipe-Same Direction,2,Clear,Dry,Daylight
2024-04-23T22:01:00.000,I 75,I 75 and I 285,,Sideswipe-Same Direction,2,Clear,Dry,Dark-Lighted
2024-05-04T16:50:00.000,I 285,I 75 and I 285,,Rear End,3,Clear,Dry,Daylight
2024-01-02T00:00:00.000,I 285,I 75 and I 285,,Rear End,2,Clear,Dry,Daylight
2024-02-08T11:30:00.000,I 285,I 75 and I 285,,Angle Crash,2,Cloudy,Dry,Daylight
2024-01-28T03:40:00.000,I 285,I 75 and I 285,,Not a Collision with Motor Vehicle,1,Clear,Wet,Dark-Not Lighted
2024-11-26T21:13:00.000,I 285,I 75 and I 285,,Sideswipe-Same Direction,2,Clear,Dry,Dark-Not Lighted
2024-11-12T19:51:00.000,I 75,I 75 and I 285,,Sideswipe-Same Direction,2,Clear,Dry,Dark-Lighted
2024-11-25T16:19:00.000,I 75,I 75 and I 285,,Sideswipe-Same Direction,2,Clear,Dry,Daylight
2024-11-01T20:05:00.000,I 75,I 75 and I 285,,Sideswipe-Same Direction,2,Clear,Dry,Dark-Not Lighted
2024-02-10T15:12:00.000,I 75,I 75 and I 285,,Angle Crash,2,Cloudy,Wet,Daylight
2024-10-26T19:40:00.000,I 285,I 75 and I 285,,Rear End,2,Clear,Dry,Dark-Lighted
2024-08-05T12:44:00.000,I 75,I 75 and I 285,,Not a Collision with Motor Vehicle,2,Clear,Dry,Daylight
2024-09-05T06:49:00.000,I 75,I 75 and I 285,,Sideswipe-Same Direction,2,Clear,Dry,Daylight
2024-11-11T10:45:00.000,I 285,I 75 and I 285,,Sideswipe-Same Direction,2,Clear,Dry,Daylight
2024-03-14T17:50:00.000,I 285,I 75 and I 285,,Rear End,2,Clear,Dry,Daylight
2024-01-06T08:30:00.000,I 285,I 75 and I 285,,Sideswipe-Same Direction,2,Rain,Wet,Daylight
2024-04-22T16:00:00.000,I 75,I 75 and I 285,,Not a Collision with Motor Vehicle,1,Clear,Dry,Daylight
2024-12-21T19:17:00.000,I 75,I 75 and I 285,,Sideswipe-Opposite Direction,2,Clear,Dry,Dark-Lighted
2024-10-10T10:20:00.000,I 75,I 75 and I 285,,Sideswipe-Same Direction,2,Clear,Dry,Daylight
2024-07-10T08:17:00.000,I 285,I 75 and I 285,,Angle Crash,2,Clear,Dry,Daylight
2024-05-18T06:40:00.000,I 285,I 75 and I 285,,Not a Collision with Motor Vehicle,2,Cloudy,Wet,Daylight
2024-11-16T09:40:00.000,I 75,I 75 and I 285,,Sideswipe-Same Direction,2,Clear,Dry,Daylight
2024-01-04T09:15:00.000,I 75,I 75 and I 285,,Rear End,4,Clear,Dry,Daylight
2024-11-07T19:56:00.000,I 75,I 75 and I 285,,Rear End,2,Clear,Dry,Dark-Not Lighted
2024-07-07T23:45:00.000,I 285,I 75 and I 285,,Not a Collision with Motor Vehicle,1,Rain,Wet,Dark-Not Lighted
2024-02-19T09:45:00.000,I 285,I 75 and I 285,,Sideswipe-Same Direction,2,Clear,Dry,Daylight
2024-11-13T09:25:00.000,I 285,I 75 and I 285,,Rear End,2,Clear,Dry,Daylight
2024-05-07T13:30:00.000,I 285,I 75 and I 285,,Rear End,2,Cloudy,Dry,Daylight
2024-04-10T09:04:00.000,I 285,I 75 and I 285,,Sideswipe-Same Direction,2,Clear,Dry,Daylight
2024-11-11T08:20:00.000,I 285,I 75 and I 285,,Rear End,2,Cloudy,Dry,Daylight
2024-04-02T14:46:00.000,I 285,I 75 and I 285,,Rear End,2,Cloudy,Dry,Daylight
2024-06-27T07:26:00.000,I 285,I 75 and I 285,,Rear End,2,Clear,Dry,Daylight
2024-02-21T19:00:00.000,I 285,I 75 and I 285,,Rear End,2,Clear,Dry,Dark-Not Lighted
2024-03-19T17:18:00.000,I 285,I 75 and I 285,,Sideswipe-Same Direction,2,Clear,Dry,Daylight
2024-08-09T14:43:00.000,I 285,I 75 and I 285,,Angle Crash,2,Clear,Dry,Daylight
2024-01-09T15:36:00.000,I 285,I 75 and I 285,,Rear End,3,Cloudy,Wet,Daylight
2024-03-26T16:00:00.000,I 75,I 75 and I 285,,Sideswipe-Same Direction,2,Rain,Wet,Daylight
2024-01-24T17:39:00.000,I 285,I 75 and I 285,,Rear End,2,Cloudy,Dry,Daylight
2024-02-13T18:54:00.000,I 75,I 75 and I 285,,Sideswipe-Same Direction,2,Clear,Dry,Daylight
2024-05-13T22:50:00.000,I 285,I 75 and I 285,,Rear End,2,Cloudy,Dry,Dark-Not Lighted
2024-07-05T21:10:00.000,I 285,I 75 and I 285,,Not a Collision with Motor Vehicle,1,Cloudy,Wet,Dark-Not Lighted
2024-09-15T15:05:00.000,I 75,I 75 and I 285,,Sideswipe-Same Direction,2,Cloudy,Dry,Daylight
2024-12-10T15:40:00.000,I 75,I 75 and I 285,,Rear End,2,Rain,Wet,Daylight
2024-03-13T12:10:00.000,I 75,I 75 and I 285,,Not a Collision with Motor Vehicle,1,Clear,Dry,Daylight
2024-05-27T07:08:00.000,I 285,I 75 and I 285,,Not a Collision with Motor Vehicle,1,Cloudy,Wet,Daylight
2024-04-26T16:53:00.000,I 285,I 75 and I 285,,Sideswipe-Same Direction,2,Cloudy,Dry,Daylight
2024-07-03T10:51:00.000,I 75,I 75 and I 285,,Sideswipe-Same Direction,2,Clear,Dry,Daylight
2024-09-21T11:47:00.000,I 75,I 75 and I 285,,Rear End,3,Clear,Dry,Daylight
2024-02-12T19:40:00.000,I 285,I 75 and I 285,,Sideswipe-Same Direction,2,Rain,Wet,Dark-Not Lighted
2024-09-20T23:20:00.000,I 285,I 75 and I 285,,Not a Collision with Motor Vehicle,1,Clear,Dry,Dark-Lighted
2024-04-15T07:05:00.000,I 75,I 75 and I 285,,Sideswipe-Same Direction,2,Clear,Dry,Daylight
2024-06-24T05:39:00.000,I 75,I 75 and I 285,,Sideswipe-Same Direction,2,Cloudy,Wet,Dark-Lighted
2024-07-29T06:09:00.000,I 75,I 75 and I 285,,Rear End,2,Clear,Wet,Dark-Lighted
2024-03-31T19:30:00.000,I 75,I 75 and I 285,,Sideswipe-Same Direction,2,Clear,Dry,Daylight
2024-02-10T22:45:00.000,I 285,I 75 and I 285,,Not a Collision with Motor Vehicle,1,Cloudy,Wet,Dark-Lighted
2024-05-15T05:00:00.000,I 75,I 75 and I 285,,Sideswipe-Same Direction,2,Clear,Dry,Dark-Lighted
2024-11-12T22:43:00.000,I 285,I 75 and I 285,,Sideswipe-Same Direction,2,Clear,Dry,Dark-Not Lighted
2024-05-28T22:05:00.000,I 285,I 75 and I 285,,Rear End,2,Clear,Dry,Dark-Not Lighted
2024-11-21T18:30:00.000,I 75,I 75 and I 285,,Sideswipe-Same Direction,2,Clear,Dry,Dark-Not Lighted
2024-04-18T18:50:00.000,I 75,I 75 and I 285,,Rear End,2,Clear,Dry,Daylight
2024-05-28T01:38:00.000,I 75,I 75 and I 285,,Angle Crash,2,Clear,Dry,Dark-Not Lighted
2024-01-06T00:00:00.000,I 285,I 75 and I 285,,Rear End,2,Cloudy,Wet,Daylight
2024-05-20T08:08:00.000,I 75,I 75 and I 285,,Rear End,3,Clear,Dry,Daylight
2024-06-19T21:33:00.000,I 285,I 75 and I 285,,Sideswipe-Same Direction,2,Clear,Dry,Dark-Not Lighted
2024-08-14T20:09:00.000,I 75,I 75 and I 285,,Angle Crash,3,Clear,Dry,Daylight
2024-01-11T18:20:00.000,I 285,I 75 and I 285,,Rear End,3,Clear,Dry,Dark-Not Lighted
2024-10-03T09:10:00.000,I 75,I 75 and I 285,,Sideswipe-Same Direction,2,Clear,Dry,Daylight
2024-12-18T21:53:00.000,I 75,I 75 and I 285,,Rear End,2,Clear,Dry,Dark-Not Lighted
2024-06-02T03:35:00.000,I 285,I 75 and I 285,,Sideswipe-Same Direction,2,Clear,Dry,Dark-Not Lighted
2024-12-22T20:09:00.000,I 75,I 75 and I 285,,Sideswipe-Same Direction,2,Clear,Dry,Dark-Lighted
2024-04-09T18:24:00.000,I 75,I 75 and I 285,,Sideswipe-Same Direction,2,Rain,Wet,Daylight
2024-07-11T14:25:00.000,I 285,I 75 and I 285,,Sideswipe-Same Direction,2,Clear,Dry,Daylight
2024-02-11T08:21:00.000,I 285,I 75 and I 285,,Not a Collision with Motor Vehicle,1,Cloudy,Wet,Daylight
2024-10-31T08:06:00.000,I 285,I 75 and I 285,,Sideswipe-Same Direction,2,Clear,Dry,Daylight
2024-02-08T17:30:00.000,I 285,I 75 and I 285,,Sideswipe-Same Direction,2,Clear,Dry,Daylight
2024-03-11T18:14:00.000,I 285,I 75 and I 285,,Rear End,2,Clear,Dry,Daylight
2024-07-22T14:02:00.000,I 285,I 75 and I 285,,Angle Crash,2,Clear,Dry,Daylight
2024-12-30T15:35:00.000,I 285,I 75 and I 285,,Sideswipe-Same Direction,2,Clear,Dry,Daylight
2024-02-06T18:50:00.000,I 75,I 75 and I 285,,Angle Crash,2,Clear,Dry,Dark-Lighted
2024-06-23T15:40:00.000,I 285,I 75 and I 285,,Rear End,2,Clear,Dry,Daylight
2024-02-15T20:36:00.000,I 285,I 75 and I 285,,Sideswipe-Same Direction,2,Clear,Dry,Dark-Not Lighted
2024-12-29T08:20:00.000,I 285,I 75 and I 285,,Rear End,2,Cloudy,Wet,Daylight
2024-07-09T21:20:00.000,I 285,I 75 and I 285,,Rear End,2,Cloudy,Dry,Dark-Not Lighted
2024-04-11T16:46:00.000,I 75,I 75 and I 285,,Not a Collision with Motor Vehicle,1,Cloudy,Wet,Daylight
2024-12-10T05:14:00.000,I 75,I 75 and I 285,,Angle Crash,2,Rain,Wet,Dark-Not Lighted
2024-02-04T11:52:00.000,I 285,I 75 and I 285,,Sideswipe-Same Direction,2,Cloudy,Dry,Daylight
2024-02-13T07:30:00.000,I 285,I 75 and I 285,,Rear End,2,Clear,Dry,Daylight
2024-10-30T19:21:00.000,I 285,I 75 and I 285,,Sideswipe-Same Direction,2,Clear,Dry,Dark-Lighted
2024-01-15T10:00:00.000,I 285,I 75 and I 285,,Sideswipe-Same Direction,2,Cloudy,Dry,Daylight
2024-04-22T16:11:00.000,I 75,I 75 and I 285,,Not a Collision with Motor Vehicle,2,Clear,Dry,Daylight
2024-08-27T06:38:00.000,I 75,I 75 and I 285,,Rear End,2,Clear,Dry,Daylight
2024-11-27T06:53:00.000,I 285,I 75 and I 285,,Rear End,2,Clear,Dry,Daylight
2024-04-18T20:16:00.000,I 75,I 75 and I 285,,Sideswipe-Same Direction,2,Clear,Dry,Dark-Lighted
2024-05-08T22:31:00.000,I 285,I 75 and I 285,,Rear End,2,Rain,Wet,Dark-Not Lighted
2024-12-11T18:15:00.000,I 75,I 75 and I 285,,Rear End,2,Clear,Dry,Dark-Lighted
2024-02-16T17:30:00.000,I 285,I 75 and I 285,,Rear End,2,Clear,Dry,Daylight
2024-01-17T22:00:00.000,I 285,I 75 and I 285,,Sideswipe-Same Direction,2,Clear,Dry,Dark-Not Lighted
2024-07-29T18:00:00.000,I 285,I 75 and I 285,,Rear End,2,Rain,Wet,Daylight
2024-10-15T14:45:00.000,I 75,I 75 and I 285,,Sideswipe-Same Direction,2,Clear,Dry,Daylight
2024-12-12T18:50:00.000,I 75,I 75 and I 285,,Rear End,2,Clear,Dry,Dark-Not Lighted
2024-07-18T16:42:00.000,I 75,I 75 and I 285,,Sideswipe-Same Direction,2,Clear,Wet,Daylight
2024-01-23T21:39:00.000,I 285,I 75 and I 285,,Sideswipe-Same Direction,2,Clear,Dry,Dark-Not Lighted
2024-03-13T08:07:00.000,I 285,I 75 and I 285,,Rear End,2,Clear,Dry,Daylight
2024-07-18T18:17:00.000,I 285,I 75 and I 285,,Rear End,3,Rain,Wet,Daylight
2024-11-14T18:50:00.000,I 285,I 75 and I 285,,Sideswipe-Opposite Direction,2,Clear,Dry,Dark-Not Lighted
2024-05-17T23:30:00.000,I 285,I 75 and I 285,,Not a Collision with Motor Vehicle,1,Clear,Dry,Dark-Not Lighted
2024-09-24T22:25:00.000,I 285,I 75 and I 285,,Rear End,2,Cloudy,Dry,Dark-Lighted
2024-02-02T09:26:00.000,I 285,I 75 and I 285,,Rear End,2,Cloudy,Dry,Daylight
2024-02-07T09:00:00.000,I 285,I 75 and I 285,,Rear End,2,Clear,Dry,Daylight
2024-05-27T23:39:00.000,I 285,I 75 and I 285,,Not a Collision with Motor Vehicle,1,Clear,Dry,Dark-Not Lighted
2024-03-06T19:34:00.000,I 285,I 75 and I 285,,Sideswipe-Same Direction,2,Cloudy,Other,Dark-Not Lighted
2024-12-08T15:44:00.000,I 75,I 75 and I 285,,Sideswipe-Same Direction,2,Cloudy,Dry,Daylight
2024-12-03T18:08:00.000,I 285,I 75 and I 285,,Sideswipe-Same Direction,2,Clear,Dry,Dark-Lighted
2024-01-09T11:54:00.000,I 285,I 75 and I 285,,Not a Collision with Motor Vehicle,1,Rain,Wet,Daylight
2024-11-20T09:24:00.000,I 285,I 75 and I 285,,Rear End,2,Cloudy,Wet,Daylight
2024-09-05T08:28:00.000,I 285,I 75 and I 285,,Rear End,2,Clear,Dry,Daylight
2024-05-12T09:15:00.000,I 75,I 75 and I 285,,Rear End,2,Clear,Dry,Daylight
2024-09-11T15:46:00.000,I 285,I 75 and I 285,,Sideswipe-Same Direction,2,Clear,Dry,Daylight
2024-11-26T16:32:00.000,I 75,I 75 and I 285,,Angle Crash,2,Clear,Dry,Daylight
2024-04-30T00:56:00.000,I 285,I 75 and I 285,,Not a Collision with Motor Vehicle,1,Clear,Dry,Dark-Not Lighted
2024-01-31T17:40:00.000,I 285,I 75 and I 285,,Rear End,2,Clear,Dry,Daylight
2024-10-13T16:39:00.000,I 285,I 75 and I 285,,Not a Collision with Motor Vehicle,1,Clear,Dry,Daylight
2024-10-07T17:35:00.000,I 75,I 75 and I 285,,Sideswipe-Same Direction,2,Clear,Dry,Daylight
2024-01-27T15:35:00.000,I 285,I 75 and I 285,,Rear End,2,Rain,Wet,Daylight
2024-01-22T09:29:00.000,I 285,I 75 and I 285,,Rear End,2,Clear,Dry,Daylight
2024-05-02T23:55:00.000,I 285,I 75 and I 285,,Sideswipe-Same Direction,2,Clear,Dry,Dark-Not Lighted
2024-01-08T22:51:00.000,I 285,I 75 and I 285,,Rear End,2,Rain,Wet,Dark-Lighted
2024-04-09T15:31:00.000,I 75,I 75 and I 285,,Rear End,2,Cloudy,Wet,Daylight
2024-06-08T17:09:00.000,I 75,I 75 and I 285,,Sideswipe-Same Direction,2,Clear,Dry,Daylight
2024-02-15T19:36:00.000,I 285,I 75 and I 285,,Rear End,2,Clear,Dry,Dark-Not Lighted
2024-05-04T16:50:00.000,I 285,I 75 and I 285,,Rear End,3,Clear,Dry,Daylight
2024-07-03T14:18:00.000,I 75,I 75 and I 285,,Rear End,2,Cloudy,Dry,Daylight
2024-04-05T13:29:00.000,I 285,I 75 and I 285,,Rear End,2,Clear,Dry,Daylight
2024-04-11T09:59:00.000,I 75,I 75 and I 285,,Rear End,3,Cloudy,Wet,Daylight
2024-11-20T10:19:00.000,I 285,I 75 and I 285,,Rear End,2,Cloudy,Wet,Daylight
2024-08-11T06:56:00.000,I 285,I 75 and I 285,,Angle Crash,2,Clear,Dry,Daylight
2024-11-02T22:50:00.000,I 285,I 75 and I 285,,Sideswipe-Same Direction,2,Clear,Dry,Dark-Not Lighted
2024-05-07T23:01:00.000,I 285,I 75 and I 285,,Rear End,2,Clear,Dry,Dark-Lighted