Date and Time,Roadway (From Crash Report),Intersection Name (from Crash Report),KABCO Severity,Manner of Collision (Crash Level) ,# of Vehicles per crash ,Weather Conditions (Crash Level),Surface Condition (Crash Level) ,Light Conditions (Crash Level)
2021-04-26T08:59:00.000,I 16,I 75 and I 16,,Not a Collision with Motor Vehicle,2,Clear,Dry,Daylight
2021-02-25T13:36:00.000,I 16,I 75 and I 16,,Rear End,2,Clear,Dry,Daylight
2023-02-24T13:30:00.000,I 16,I 75 and I 16,,Rear End,2,Cloudy,Dry,Daylight
2023-06-27T07:30:00.000,I 16,I 75 and I 16,,Sideswipe-Same Direction,2,Clear,Dry,Daylight
2023-11-26T18:13:00.000,I 16,I 75 and I 16,,Rear End,2,Rain,Wet,Dark-Not Lighted
2023-02-26T17:51:00.000,I 16,I 75 and I 16,,Sideswipe-Same Direction,2,Clear,Dry,Daylight
2023-10-17T14:36:00.000,I 16,I 75 and I 16,,Rear End,2,Clear,Dry,Daylight
2023-01-16T10:38:00.000,I 16,I 75 and I 16,,Rear End,2,Clear,Dry,Daylight
2023-09-14T13:39:00.000,I 16,I 75 and I 16,,Sideswipe-Same Direction,2,Cloudy,Dry,Daylight
2023-12-01T22:00:00.000,I 16,I 75 and I 16,,Not a Collision with Motor Vehicle,1,Clear,Dry,Dark-Not Lighted
2022-08-21T14:26:00.000,I 16,I 75 and I 16,,Not a Collision with Motor Vehicle,1,Clear,Dry,Daylight
2022-10-29T22:09:00.000,I 16,I 75 and I 16,,Sideswipe-Same Direction,2,Cloudy,Dry,Dark-Not Lighted
2022-06-27T07:54:00.000,I 16,I 75 and I 16,,Not a Collision with Motor Vehicle,1,Clear,Dry,Daylight
2020-10-02T10:45:00.000,I 16,I 75 and I 16,,Not a Collision with Motor Vehicle,1,Clear,Dry,Daylight
2020-08-10T18:10:00.000,I 16,I 75 and I 16,,Rear End,2,Rain,Wet,Daylight
2020-07-11T13:20:00.000,I 16,I 75 and I 16,,Rear End,2,Clear,Dry,Daylight
2020-04-18T03:41:00.000,I 16,I 75 and I 16,,Sideswipe-Same Direction,2,Clear,Dry,Dark-Lighted
2020-11-06T08:45:00.000,I 16,I 75 and I 16,,Rear End,2,Clear,Dry,Daylight
2020-01-09T17:13:00.000,I 16,I 75 and I 16,,Sideswipe-Same Direction,2,Cloudy,Dry,Daylight
2020-09-10T14:55:00.000,I 16,I 75 and I 16,,Rear End,2,Cloudy,Dry,Daylight
2020-02-15T17:45:00.000,I 16,I 75 and I 16,,Rear End,3,Clear,Dry,Daylight
2020-01-22T15:42:00.000,I 16,I 75 and I 16,,Rear End,2,Clear,Dry,Daylight
2020-11-24T09:03:00.000,I 16,I 75 and I 16,,Rear End,2,Clear,Dry,Daylight
2020-05-30T13:23:00.000,I 16,I 75 and I 16,,Sideswipe-Same Direction,2,Clear,Dry,Daylight
2020-01-19T13:08:00.000,I 16,I 75 and I 16,,Rear End,2,Clear,Dry,Daylight
2020-04-22T13:10:00.000,I 16,I 75 and I 16,,Rear End,3,Clear,Dry,Daylight
2020-01-14T15:03:00.000,I 16,I 75 and I 16,,Angle Crash,2,Rain,Wet,Daylight
2020-02-12T05:53:00.000,I 16,I 75 and I 16,,Sideswipe-Same Direction,2,Clear,Dry,Dark-Not Lighted
2020-08-09T23:24:00.000,I 16,I 75 and I 16,,Angle Crash,2,Clear,Dry,Dark-Not Lighted
2020-03-04T16:05:00.000,I 16,I 75 and I 16,,Sideswipe-Same Direction,2,Rain,Wet,Daylight
2020-12-04T08:09:00.000,I 16,I 75 and I 16,,Rear End,2,Clear,Dry,Daylight
2020-11-30T01:40:00.000,I 16,I 75 and I 16,,Not a Collision with Motor Vehicle,1,Clear,Wet,Dark-Not Lighted
2020-03-13T17:01:00.000,I 16,I 75 and I 16,,Rear End,2,Cloudy,Dry,Daylight
2020-09-25T15:19:00.000,I 16,I 75 and I 16,,Rear End,2,Clear,Dry,Daylight
2020-10-25T13:57:00.000,I 16,I 75 and I 16,,Rear End,3,Cloudy,Dry,Daylight
2020-06-29T22:24:00.000,I 16,I 75 and I 16,,Rear End,2,Clear,Dry,Dark-Not Lighted
2020-10-21T16:09:00.000,I 16,I 75 and I 16,,Angle Crash,3,Clear,Dry,Daylight
2020-10-11T14:08:00.000,I 16,I 75 and I 16,,Rear End,2,Cloudy,Wet,Daylight
2020-05-23T14:03:00.000,I 16,I 75 and I 16,,Rear End,2,Clear,Dry,Daylight
2020-10-14T14:18:00.000,I 16,I 75 and I 16,,Sideswipe-Same Direction,2,Clear,Dry,Daylight
2021-06-14T21:17:00.000,I 16,I 75 and I 16,,Rear End,2,Cloudy,Dry,Dark-Not Lighted
2021-06-22T21:44:00.000,I 16,I 75 and I 16,,Rear End,2,Clear,Dry,Dark-Lighted
2021-03-05T12:55:00.000,I 16,I 75 and I 16,,Rear End,2,Clear,Dry,Daylight
2021-10-03T01:10:00.000,I 16,I 75 and I 16,,Not a Collision with Motor Vehicle,1,Clear,Dry,Dark-Not Lighted
2021-11-28T14:03:00.000,I 16,I 75 and I 16,,Rear End,2,Clear,Dry,Daylight
2021-08-26T19:26:00.000,I 16,I 75 and I 16,,Sideswipe-Same Direction,2,Clear,Dry,Dusk
2021-09-07T13:32:00.000,I 16,I 75 and I 16,,Sideswipe-Same Direction,2,Cloudy,Dry,Daylight
2022-04-05T10:59:00.000,I 16,I 75 and I 16,,Sideswipe-Same Direction,2,Rain,Wet,Daylight
2022-11-03T13:50:00.000,I 16,I 75 and I 16,,Rear End,2,Clear,Dry,Daylight
2021-09-06T17:18:00.000,I 16,I 75 and I 16,,Rear End,2,Cloudy,Dry,Daylight
2022-02-25T08:14:00.000,I 16,I 75 and I 16,,Not a Collision with Motor Vehicle,2,Cloudy,Dry,Daylight
2022-07-07T10:58:00.000,I 16,I 75 and I 16,,Sideswipe-Same Direction,2,Clear,Dry,Daylight
2022-08-11T16:32:00.000,I 16,I 75 and I 16,,Sideswipe-Same Direction,2,Cloudy,Dry,Daylight
2022-06-14T01:12:00.000,I 16,I 75 and I 16,,Not a Collision with Motor Vehicle,1,Clear,Dry,Dark-Not Lighted
2022-07-17T13:28:00.000,I 16,I 75 and I 16,,Rear End,2,Clear,Dry,Daylight
2021-09-26T12:51:00.000,I 16,I 75 and I 16,,Angle Crash,2,Clear,Dry,Daylight
2021-09-27T09:08:00.000,I 16,I 75 and I 16,,Sideswipe-Same Direction,2,Clear,Dry,Daylight
2022-03-10T01:38:00.000,I 16,I 75 and I 16,,Not a Collision with Motor Vehicle,1,Clear,Dry,Dark-Not Lighted
2022-12-13T14:01:00.000,I 16,I 75 and I 16,,Not a Collision with Motor Vehicle,1,Cloudy,Dry,Daylight
2022-11-04T07:31:00.000,I 16,I 75 and I 16,,Rear End,2,Clear,Dry,Dawn
2022-08-12T07:35:00.000,I 16,I 75 and I 16,,Sideswipe-Same Direction,2,Clear,Dry,Daylight
2022-11-06T19:01:00.000,I 16,I 75 and I 16,,Sideswipe-Same Direction,2,Clear,Dry,Dark-Not Lighted
2022-06-09T23:42:00.000,I 16,I 75 and I 16,,Not a Collision with Motor Vehicle,1,Clear,Dry,Dark-Lighted
2022-02-15T15:11:00.000,I 16,I 75 and I 16,,Rear End,2,Clear,Dry,Daylight
2022-10-25T19:01:00.000,I 16,I 75 and I 16,,Not a Collision with Motor Vehicle,1,Clear,Dry,Dusk
2022-12-26T18:53:00.000,I 16,I 75 and I 16,,Angle Crash,2,Clear,Dry,Dark-Not Lighted
2022-02-15T14:00:00.000,I 16,I 75 and I 16,,Sideswipe-Same Direction,2,Clear,Dry,Daylight
2022-09-16T15:21:00.000,I 16,I 75 and I 16,,Sideswipe-Same Direction,2,Clear,Dry,Daylight
2022-11-23T07:30:00.000,I 16,I 75 and I 16,,Sideswipe-Same Direction,2,Clear,Dry,Daylight
2024-09-02T00:30:00.000,I 16,I 75 and I 16,,Not a Collision with Motor Vehicle,1,Clear,Dry,Dark-Lighted
2024-10-10T12:51:00.000,I 16,I 75 and I 16,,Sideswipe-Same Direction,2,Clear,Dry,Daylight
2024-11-11T03:20:00.000,I 16,I 75 and I 16,,Rear End,2,Clear,Dry,Dark-Lighted
2024-12-25T04:20:00.000,I 16,I 75 and I 16,,Not a Collision with Motor Vehicle,1,Clear,Dry,Dark-Not Lighted
2024-09-28T18:09:00.000,I 16,I 75 and I 16,,Sideswipe-Opposite Direction,2,Clear,Dry,Daylight
2024-12-01T12:50:00.000,I 16,I 75 and I 16,,Rear End,2,Clear,Dry,Daylight
2023-11-30T18:18:00.000,I 16,I 75 and I 16,,Angle Crash,2,Clear,Dry,Dark-Not Lighted
2023-04-13T13:20:00.000,I 16,I 75 and I 16,,Sideswipe-Same Direction,2,Rain,Wet,Daylight
2023-06-14T23:31:00.000,I 16,I 75 and I 16,,Rear End,2,Cloudy,Dry,Dark-Lighted
2023-05-09T21:15:00.000,I 16,I 75 and I 16,,Sideswipe-Same Direction,2,Clear,Dry,Dark-Not Lighted
2023-08-27T16:07:00.000,I 16,I 75 and I 16,,Sideswipe-Same Direction,2,Clear,Dry,Daylight
2023-05-07T15:45:00.000,I 16,I 75 and I 16,,Sideswipe-Same Direction,2,Clear,Dry,Daylight
2023-11-26T21:15:00.000,I 16,I 75 and I 16,,Rear End,2,Rain,Wet,Dark-Not Lighted
2024-11-11T18:57:00.000,I 16,I 75 and I 16,,Sideswipe-Same Direction,2,Clear,Dry,Dark-Not Lighted
2024-02-23T13:55:00.000,I 16,I 75 and I 16,,Sideswipe-Same Direction,2,Clear,Dry,Daylight
2024-12-15T18:07:00.000,I 16,I 75 and I 16,,Sideswipe-Same Direction,2,Cloudy,Dry,Dark-Lighted
2024-11-08T13:50:00.000,I 16,I 75 and I 16,,Sideswipe-Same Direction,2,Rain,Wet,Daylight
2024-08-12T12:26:00.000,I 16,I 75 and I 16,,Rear End,2,Clear,Dry,Daylight
2024-11-07T11:03:00.000,I 16,I 75 and I 16,,Rear End,2,Cloudy,Dry,Daylight
2024-06-21T17:39:00.000,I 16,I 75 and I 16,,Rear End,2,Clear,Dry,Daylight
2024-04-14T14:15:00.000,I 16,I 75 and I 16,,Sideswipe-Same Direction,2,Clear,Dry,Daylight
2024-12-18T09:04:00.000,I 16,I 75 and I 16,,Sideswipe-Same Direction,2,Cloudy,Wet,Daylight
2024-03-08T21:00:00.000,I 16,I 75 and I 16,,Rear End,2,Rain,Wet,Dark-Lighted
2024-07-03T13:21:00.000,I 16,I 75 and I 16,,Sideswipe-Same Direction,2,Clear,Dry,Daylight
2024-07-10T19:24:00.000,I 16,I 75 and I 16,,Sideswipe-Same Direction,2,Clear,Dry,Daylight
2024-07-23T19:06:00.000,I 16,I 75 and I 16,,Not a Collision with Motor Vehicle,1,Clear,Dry,Daylight
2024-09-03T13:09:00.000,I 16,I 75 and I 16,,Rear End,2,Cloudy,Dry,Daylight
2023-01-24T07:20:00.000,I 75,I 75 and I 120,,Angle Crash,2,Clear,Dry,Daylight
2024-03-29T13:13:00.000,I 75,I 75 and Hwy20 81,,Sideswipe-Same Direction,2,Clear,Dry,Daylight
2024-12-30T13:35:00.000,I 75,I 75 and Hwy155 S Exit 216,,Rear End,2,Clear,Dry,Daylight
2020-02-29T14:09:00.000,I 75,I 75 and Hwy155,,Rear End,2,Clear,Dry,Daylight
2021-02-24T11:04:00.000,I 75,I 75 and Hwy138,,Rear End,2,Clear,Dry,Daylight
2022-06-12T15:11:00.000,I 75,I 75 and Hwy138,,Angle Crash,2,Clear,Dry,Daylight
2023-06-04T14:20:00.000,I 75,I 75 and Hwy138,,Rear End,2,Clear,Dry,Daylight
2023-06-04T15:00:00.000,I 75,I 75 and Hwy138,,Rear End,3,Clear,Dry,Daylight
2022-08-07T00:28:00.000,I 75,I 75 and Hwy-81,,Rear End,2,Cloudy,Wet,Dark-Not Lighted
2022-07-08T07:30:00.000,I 75,I 75 and Hwy-53,,Not a Collision with Motor Vehicle,2,Clear,Dry,Daylight
2023-02-05T17:40:00.000,I 75,I 75 and Hwy-138,,Rear End,2,Clear,Dry,Daylight
2023-04-24T18:00:00.000,I 75,I 75 and Hwy-138,,Sideswipe-Same Direction,2,Clear,Dry,Daylight
2023-10-06T17:55:00.000,I 75,I 75 and Hwy-138,,Rear End,2,Cloudy,Dry,Daylight
2023-02-06T16:45:00.000,I 75,I 75 and Hwy-138,,Rear End,2,Clear,Dry,Daylight
2023-04-21T19:15:00.000,I 75,I 75 and Hwy-138,,Sideswipe-Same Direction,2,Clear,Dry,Daylight
2023-04-24T15:10:00.000,I 75,I 75 and Hwy-138,,Sideswipe-Same Direction,2,Clear,Dry,Daylight
2023-01-08T14:45:00.000,I 75,I 75 and Hwy-138,,Sideswipe-Same Direction,2,Cloudy,Dry,Daylight
2022-05-16T18:55:00.000,I 75,I 75 and Hwy-138,,Rear End,2,Clear,Dry,Daylight
2022-07-20T20:10:00.000,I 75,I 75 and Hwy-138,,Sideswipe-Same Direction,2,Clear,Dry,Daylight
2022-11-13T14:00:00.000,I 75,I 75 and Hwy-138,,Rear End,2,Clear,Dry,Daylight
2022-10-12T15:30:00.000,I 75,I 75 and Hwy-138,,Rear End,3,Rain,Wet,Daylight
2022-04-06T16:35:00.000,I 75,I 75 and Hwy-138,,Sideswipe-Same Direction,2,Rain,Wet,Daylight
2022-09-27T16:50:00.000,I 75,I 75 and Hwy-138,,Rear End,2,Clear,Dry,Daylight
2022-10-12T14:45:00.000,I 75,I 75 and Hwy-138,,Rear End,2,Rain,Wet,Daylight
2022-07-21T15:10:00.000,I 75,I 75 and Hwy-138,,Sideswipe-Same Direction,2,Cloudy,Dry,Daylight
2022-08-09T16:30:00.000,I 75,I 75 and Hwy-138,,Rear End,2,Cloudy,Dry,Daylight
2022-12-27T13:45:00.000,I 75,I 75 and Hwy-138,,Rear End,2,Clear,Dry,Daylight
2023-04-21T16:00:00.000,I 75,I 75 and Hwy-138,,Rear End,2,Clear,Dry,Daylight
2024-02-22T16:45:00.000,I 75,I 75 and Hwy-138,,Rear End,2,Cloudy,Dry,Daylight
2024-02-19T15:30:00.000,I 75,I 75 and Hwy-138,,Rear End,2,Clear,Dry,Daylight
2024-05-16T00:00:00.000,I 75,I 75 and Hwy-138,,Rear End,2,Clear,Dry,Daylight
2023-03-23T13:45:00.000,I 75,I 75 and Hwy-138,,Rear End,2,Clear,Dry,Daylight
2023-03-14T19:50:00.000,I 75,I 75 and Hwy-138,,Rear End,2,Clear,Dry,Daylight
2023-02-06T16:35:00.000,I 75,I 75 and Hwy-138,,Rear End,2,Clear,Dry,Daylight
2023-04-27T15:55:00.000,I 75,I 75 and Hwy-138,,Sideswipe-Same Direction,2,Rain,Wet,Daylight
2023-05-15T18:30:00.000,I 75,I 75 and Hwy-138,,Rear End,2,Clear,Dry,Daylight
2024-01-31T16:45:00.000,I 75,I 75 and Hwy-138,,Rear End,2,Clear,Dry,Daylight
2024-11-19T14:30:00.000,I 75,I 75 and Hwy-138,,Not a Collision with Motor Vehicle,1,Rain,Wet,Daylight
2024-04-24T18:25:00.000,I 75,I 75 and Hwy-138,,Rear End,2,Cloudy,Dry,Daylight
2024-07-26T14:10:00.000,I 75,I 75 and Hwy-138,,Rear End,2,Clear,Dry,Daylight
2024-10-23T20:20:00.000,I 75,I 75 and Hwy-138,,Sideswipe-Same Direction,2,Clear,Dry,Dark-Not Lighted
2024-07-26T14:10:00.000,I 75,I 75 and Hwy-138,,Rear End,2,Clear,Dry,Daylight
2024-02-27T16:20:00.000,I 75,I 75 and Hwy-138,,Rear End,2,Cloudy,Dry,Daylight
2023-03-01T19:15:00.000,I 75,I 75 and Hwy-135,,Rear End,2,Clear,Dry,Dark-Lighted
2022-06-23T00:11:00.000,I 75,I 75 and Hwy 92,,Not a Collision with Motor Vehicle,1,Clear,Dry,Dark-Not Lighted
2022-03-31T05:04:00.000,I 75,I 75 and Hwy 92,,Not a Collision with Motor Vehicle,1,Rain,Water (standing or moving),Dark-Not Lighted
2022-03-16T07:25:00.000,I 75,I 75 and Hwy 92,,Rear End,2,Rain,Wet,Dawn
2022-07-23T12:20:00.000,I 75,I 75 and Hwy 92,,Not a Collision with Motor Vehicle,1,Clear,Dry,Daylight
2022-01-12T16:47:00.000,I 75,I 75 and Hwy 92,,Sideswipe-Same Direction,2,Clear,Dry,Daylight
2023-10-08T16:10:00.000,I 75,I 75 and Hwy 92,,Rear End,2,Clear,Dry,Daylight
2024-07-28T14:43:00.000,I 75,I 75 and Hwy 92,,Rear End,2,Rain,Wet,Daylight
2024-12-18T11:47:00.000,I 75,I 75 and Hwy 92,,Rear End,2,Clear,Dry,Daylight
2024-10-13T11:18:00.000,I 75,I 75 and Hwy 92,,Rear End,2,Clear,Dry,Daylight
2024-04-12T23:26:00.000,I 75,I 75 and Hwy 85 Rp,,Rear End,2,Clear,Dry,Dark-Not Lighted
2024-04-12T23:00:00.000,I 75,I 75 and Hwy 85 Rp,,Rear End,3,Clear,Dry,Dark-Not Lighted
2020-09-11T08:40:00.000,I 75,I 75 and Hwy 85,,Rear End,2,Clear,Dry,Daylight
2020-12-07T12:39:00.000,I 75,I 75 and Hwy 85,,Rear End,2,Clear,Dry,Daylight
2020-02-14T19:15:00.000,I 75,I 75 and Hwy 85,,Rear End,2,Clear,Dry,Dark-Lighted
2020-02-14T17:46:00.000,I 75,I 75 and Hwy 85,,Rear End,2,Clear,Dry,Dark-Lighted
2020-01-18T06:35:00.000,I 75,I 75 and Hwy 85,,Angle Crash,2,Cloudy,Dry,Dark-Not Lighted
2021-04-24T00:00:00.000,I 75,I 75 and Hwy 85,,Rear End,2,Rain,Wet,Dark-Not Lighted
2021-10-30T01:49:00.000,I 75,I 75 and Hwy 85,,Not a Collision with Motor Vehicle,1,Cloudy,Wet,Dark-Not Lighted
2022-05-03T12:10:00.000,I 75,I 75 and Hwy 85,,Sideswipe-Same Direction,2,Clear,Dry,Daylight
2022-02-15T15:30:00.000,I 75,I 75 and Hwy 85,,Rear End,2,Clear,Dry,Daylight
2022-12-07T11:40:00.000,I 75,I 75 and Hwy 85,,Rear End,2,Cloudy,Dry,Daylight
2024-12-31T09:05:00.000,I 75,I 75 and Hwy 85,,Angle Crash,2,Clear,Dry,Daylight
2023-05-29T10:55:00.000,I 75,I 75 and Hwy 85,,Rear End,2,Clear,Dry,Daylight
2023-02-02T19:30:00.000,I 75,I 75 and Hwy 85,,Rear End,2,Clear,Wet,Dark-Lighted
2024-01-02T13:25:00.000,I 75,I 75 and Hwy 85,,Sideswipe-Same Direction,2,Clear,Dry,Daylight
2024-11-14T13:13:00.000,I 75,I 75 and Hwy 83,,Rear End,2,Rain,Wet,Daylight
2020-02-08T09:43:00.000,I 75,I 75 and Hwy 82,,Rear End,2,Clear,Dry,Daylight
2024-08-09T21:30:00.000,I 75,I 75 and Hwy 76,,Rear End,2,Rain,Wet,Dark-Not Lighted
2021-09-07T15:43:00.000,I 75,I 75 and Hwy 75 N Exit 218,,Rear End,2,Cloudy,Dry,Daylight
2020-06-09T08:00:00.000,I 75,I 75 and Hwy 54 Jonesboro Rd,,Not a Collision with Motor Vehicle,2,Clear,Dry,Daylight
2020-04-19T19:15:00.000,I 75,I 75 and Hwy 54 Jonesboro Rd,,Angle Crash,2,Rain,Wet,Dark-Lighted
2020-02-09T16:30:00.000,I 75,I 75 and Hwy 54 Jonesboro Rd,,Angle Crash,2,Clear,Dry,Daylight
2020-09-24T08:25:00.000,I 75,I 75 and Hwy 54 Jonesboro Rd,,Sideswipe-Same Direction,2,Cloudy,Dry,Daylight
2020-02-27T08:20:00.000,I 75,I 75 and Hwy 54 Jonesboro Rd,,Angle Crash,2,Clear,Dry,Daylight
2020-08-21T11:00:00.000,I 75,I 75 and Hwy 54 Jonesboro Rd,,Not a Collision with Motor Vehicle,1,Clear,Dry,Daylight
2020-04-08T13:15:00.000,I 75,I 75 and Hwy 54 Jonesboro Rd,,Angle Crash,1,Clear,Dry,Daylight
2020-06-17T11:50:00.000,I 75,I 75 and Hwy 54 Jonesboro Rd,,Rear End,2,Clear,Dry,Daylight
2020-10-28T05:30:00.000,I 75,I 75 and Hwy 54 Exit 233,,Rear End,3,Rain,Wet,Dark-Lighted
2021-03-11T06:30:00.000,I 75,I 75 and Hwy 54 Brg,,Sideswipe-Same Direction,2,Clear,Dry,Daylight
2020-05-17T23:52:00.000,I 75,I 75 and Hwy 54,,Not a Collision with Motor Vehicle,1,Rain,Wet,Dark-Not Lighted
2021-09-18T01:10:00.000,I 75,I 75 and Hwy 53,,Angle Crash,2,Clear,Dry,Dark-Not Lighted
2021-08-30T16:59:00.000,I 75,I 75 and Hwy 53,,Angle Crash,4,Severe Thunderstorm or Tornadic,Wet,Daylight
2021-01-26T11:28:00.000,I 75,I 75 and Hwy 53,,Rear End,2,Clear,Dry,Daylight
2023-11-16T13:10:00.000,I 75,I 75 and Hwy 53,,Not a Collision with Motor Vehicle,2,Clear,Dry,Daylight
2023-02-28T15:15:00.000,I 75,I 75 and Hwy 53,,Rear End,2,Clear,Dry,Daylight
2020-01-07T02:15:00.000,I 75,I 75 and Hwy 53,,Angle Crash,1,Rain,Wet,Dark-Not Lighted
2022-01-18T08:00:00.000,I 75,I 75 and Hwy 53,,Rear End,2,Clear,Dry,Daylight
2022-01-07T19:25:00.000,I 75,I 75 and Hwy 53,,Angle Crash,2,Clear,Dry,Dark-Lighted
2022-06-29T08:17:00.000,I 75,I 75 and Hwy 53,,Sideswipe-Same Direction,2,Cloudy,Dry,Daylight
2022-11-02T22:10:00.000,I 75,I 75 and Hwy 53,,Rear End,2,Clear,Dry,Dark-Lighted
2024-10-20T04:50:00.000,I 75,I 75 and Hwy 53,,Angle Crash,1,Clear,Dry,Dark-Lighted
2021-12-11T03:33:00.000,I 75,I 75 and Hwy 41,,Angle Crash,2,Rain,Wet,Dark-Not Lighted
2020-12-20T16:10:00.000,I 75,I 75 and Hwy 41,,Not a Collision with Motor Vehicle,1,Cloudy,Dry,Daylight
2021-12-02T15:27:00.000,I 75,I 75 and Hwy 41,,Rear End,2,Clear,Dry,Daylight
2022-06-26T16:20:00.000,I 75,I 75 and Hwy 41,,Rear End,1,Rain,Wet,Daylight
2024-09-28T05:39:00.000,I 75,I 75 and Hwy 41,,Not a Collision with Motor Vehicle,1,Rain,Wet,Dark-Not Lighted
2024-03-21T23:00:00.000,I 75,I 75 and Hwy 41,,Rear End,2,Clear,Dry,Dark-Not Lighted
2021-04-01T13:15:00.000,I 75,I 75 and Hwy 36,,Rear End,2,Clear,Dry,Daylight
2022-12-10T18:57:00.000,I 75,I 75 and Hwy 36,,Rear End,2,Rain,Wet,Dark-Lighted
2020-12-27T15:51:00.000,I 75,I 75 and Hwy 36,,Rear End,2,Clear,Dry,Daylight
2020-07-27T14:15:00.000,I 75,I 75 and Hwy 36,,Not a Collision with Motor Vehicle,1,Clear,Dry,Daylight
2020-09-26T14:12:00.000,I 75,I 75 and Hwy 36,,Rear End,2,Cloudy,Dry,Daylight
2020-12-01T12:30:00.000,I 75,I 75 and Hwy 36,,Rear End,2,Clear,Dry,Daylight
2020-04-01T17:50:00.000,I 75,I 75 and Hwy 36,,Rear End,2,Clear,Dry,Daylight
2021-06-12T19:55:00.000,I 75,I 75 and Hwy 36,,Not a Collision with Motor Vehicle,1,Clear,Dry,Daylight
2021-05-29T20:02:00.000,I 75,I 75 and Hwy 36,,Rear End,2,Clear,Dry,Daylight
2021-08-12T08:46:00.000,I 75,I 75 and Hwy 36,,Sideswipe-Same Direction,2,Clear,Dry,Daylight
2021-07-18T14:51:00.000,I 75,I 75 and Hwy 36,,Rear End,2,Clear,Dry,Daylight
2022-04-08T09:04:00.000,I 75,I 75 and Hwy 36,,Rear End,2,Clear,Dry,Daylight
2022-05-09T01:30:00.000,I 75,I 75 and Hwy 36,,Not a Collision with Motor Vehicle,1,Clear,Dry,Dark-Lighted
2024-02-20T06:45:00.000,I 75,I 75 and Hwy 36,,Sideswipe-Same Direction,2,Clear,Dry,Dark-Lighted
2024-11-01T16:48:00.000,I 75,I 75 and Hwy 36,,Sideswipe-Same Direction,2,Cloudy,Dry,Daylight
2023-05-16T14:43:00.000,I 75,I 75 and Hwy 319,,Head On,1,Clear,Dry,Daylight
2020-09-01T17:15:00.000,I 75,I 75 and Hwy 3000,,(None),2,(None),(None),(None)
2021-02-13T19:17:00.000,I 75,I 75 and Hwy 300,,Rear End,2,Rain,Wet,Dusk
2022-02-11T02:23:00.000,I 75,I 75 and Hwy 300,,Sideswipe-Same Direction,2,Clear,Dry,Dark-Lighted
2024-05-01T08:20:00.000,I 75,I 75 and Hwy 300,,Rear End,2,Clear,Dry,Dawn
2020-03-09T05:28:00.000,I 75,I 75 and Hwy 280,,Head On,2,Clear,Dry,Dark-Not Lighted
2020-01-11T19:50:00.000,I 75,I 75 and Hwy 26,,Not a Collision with Motor Vehicle,1,Severe Thunderstorm or Tornadic,Wet,Dark-Not Lighted
2020-01-11T19:50:00.000,I 75,I 75 and Hwy 26,,Not a Collision with Motor Vehicle,1,Severe Thunderstorm or Tornadic,Wet,Dark-Not Lighted
2020-05-19T05:50:00.000,I 75,I 75 and Hwy 225,,Angle Crash,1,Cloudy,Wet,Dawn
2023-05-02T00:00:00.000,I 75,I 75 and Hwy 225,,Not a Collision with Motor Vehicle,1,Clear,Dry,Dark-Not Lighted
2021-11-10T01:15:00.000,I 75,I 75 and Hwy 215,,Sideswipe-Same Direction,2,Clear,Dry,Dark-Not Lighted
2020-06-16T13:27:00.000,I 75,I 75 and Hwy 20W,,Not a Collision with Motor Vehicle,1,Cloudy,Dry,Daylight
2020-08-11T19:48:00.000,I 75,I 75 and Hwy 20W,,Rear End,2,Cloudy,Dry,Daylight
2020-07-01T19:16:00.000,I 75,I 75 and Hwy 20W,,Rear End,2,Cloudy,Dry,Daylight
2020-04-29T19:31:00.000,I 75,I 75 and Hwy 20W,,Rear End,2,Cloudy,Wet,Daylight
2020-06-09T20:01:00.000,I 75,I 75 and Hwy 20W,,Rear End,2,Cloudy,Dry,Daylight
2020-02-04T18:05:00.000,I 75,I 75 and Hwy 20W,,Sideswipe-Same Direction,2,Cloudy,Dry,Dark-Not Lighted
2020-09-15T16:20:00.000,I 75,I 75 and Hwy 20W,,Sideswipe-Same Direction,2,Cloudy,Dry,Daylight
2024-08-20T13:35:00.000,I 75,I 75 and Hwy 20W,,Sideswipe-Same Direction,2,Cloudy,Dry,Daylight
2020-01-02T16:00:00.000,I 75,I 75 and Hwy 201,,Not a Collision with Motor Vehicle,1,Rain,Wet,Dark-Not Lighted
2023-08-08T17:40:00.000,I 75,I 75 and Hwy 201,,Sideswipe-Same Direction,3,Cloudy,Dry,Daylight
2020-09-27T00:22:00.000,I 75,I 75 and Hwy 201,,Sideswipe-Same Direction,2,Clear,Dry,Dark-Not Lighted
2020-07-16T11:20:00.000,I 75,I 75 and Hwy 201,,Rear End,2,Clear,Dry,Daylight
2021-02-26T12:30:00.000,I 75,I 75 and Hwy 201,,Sideswipe-Same Direction,1,Rain,Wet,Daylight
2021-05-24T17:10:00.000,I 75,I 75 and Hwy 201,,Rear End,3,Clear,Dry,Daylight
2024-09-26T18:30:00.000,I 75,I 75 and Hwy 201,,Angle Crash,1,Rain,Wet,Dusk
2020-09-11T17:50:00.000,I 75,I 75 and Hwy 20-81,,Rear End,2,Clear,Dry,Daylight
2020-08-13T18:00:00.000,I 75,I 75 and Hwy 20-81,,Rear End,2,Clear,Dry,Daylight
2020-07-29T16:20:00.000,I 75,I 75 and Hwy 20-81,,Rear End,2,Clear,Dry,Daylight
2021-11-09T08:30:00.000,I 75,I 75 and Hwy 20 W Exit 218,,Not a Collision with Motor Vehicle,1,Clear,Dry,Daylight
2021-08-10T08:40:00.000,I 75,I 75 and Hwy 20 W Exit 218,,Sideswipe-Same Direction,2,Clear,Dry,Daylight
2021-12-06T09:00:00.000,I 75,I 75 and Hwy 20 W Exit 218,,Not a Collision with Motor Vehicle,2,Cloudy,Dry,Daylight
2022-01-19T06:55:00.000,I 75,I 75 and Hwy 20 W Exit 218,,Rear End,2,Clear,Dry,Dark-Not Lighted
2020-03-11T06:45:00.000,I 75,I 75 and Hwy 20 Exit 218,,Sideswipe-Same Direction,2,Cloudy,Dry,Dark-Lighted
2021-08-03T15:30:00.000,I 75,I 75 and Hwy 20 81W,,Rear End,2,Clear,Dry,Daylight
2023-10-12T06:49:00.000,I 75,I 75 and Hwy 20 81W,,Sideswipe-Same Direction,2,Rain,Wet,Dark-Not Lighted