Date and Time,Roadway (From Crash Report),Intersection Name (from Crash Report),KABCO Severity,Manner of Collision (Crash Level) ,# of Vehicles per crash ,Weather Conditions (Crash Level),Surface Condition (Crash Level) ,Light Conditions (Crash Level)
2020-09-08T14:59:00.000,I 75,I 75 and Hwy 20 81W,,Rear End,2,Clear,Dry,Daylight
2022-01-02T17:03:00.000,I 75,I 75 and Hwy 20 81W,,Rear End,2,Rain,Wet,Dusk
2021-10-01T21:30:00.000,I 75,I 75 and Hwy 20 81 Mile Post 218,,Sideswipe-Same Direction,2,Clear,Dry,Dark-Not Lighted
2021-10-27T15:15:00.000,I 75,I 75 and Hwy 20 81 Mcdonough,,Rear End,2,Clear,Dry,Daylight
2023-08-18T00:55:00.000,I 75,I 75 and Hwy 20 81 Hampton-Mcdonough Rd,,Angle Crash,2,Clear,Dry,Dark-Not Lighted
2021-11-29T15:01:00.000,I 75,I 75 and Hwy 20 81 Exit 218,,Sideswipe-Same Direction,2,Clear,Dry,Daylight
2022-04-09T16:25:00.000,I 75,I 75 and Hwy 20 81 - 218 Entrance Rp,,Sideswipe-Same Direction,2,Clear,Dry,Daylight
2021-11-29T18:12:00.000,I 75,I 75 and Hwy 20 81,,Sideswipe-Same Direction,2,Clear,Dry,Dark-Not Lighted
2021-11-18T14:40:00.000,I 75,I 75 and Hwy 20 81,,Rear End,2,Clear,Dry,Daylight
2021-12-16T18:06:00.000,I 75,I 75 and Hwy 20 81,,Rear End,2,Clear,Dry,Daylight
2021-12-29T11:28:00.000,I 75,I 75 and Hwy 20 81,,Rear End,2,Rain,Water (standing or moving),Daylight
2021-11-02T06:32:00.000,I 75,I 75 and Hwy 20 81,,Sideswipe-Same Direction,2,Clear,Dry,Dark-Not Lighted
2021-12-22T06:25:00.000,I 75,I 75 and Hwy 20 81,,Not a Collision with Motor Vehicle,1,Clear,Dry,Dark-Not Lighted
2021-11-04T18:32:00.000,I 75,I 75 and Hwy 20 81,,Rear End,2,Clear,Dry,Dusk
2023-04-12T06:42:00.000,I 75,I 75 and Hwy 20 81,,Sideswipe-Same Direction,2,Clear,Dry,Dark-Not Lighted
2023-04-06T11:44:00.000,I 75,I 75 and Hwy 20 81,,Rear End,2,Cloudy,Dry,Daylight
2023-03-04T01:05:00.000,I 75,I 75 and Hwy 20 81,,Sideswipe-Same Direction,2,Clear,Dry,Dark-Lighted
2023-09-08T17:42:00.000,I 75,I 75 and Hwy 20 81,,Rear End,2,Clear,Dry,Daylight
2023-07-20T15:09:00.000,I 75,I 75 and Hwy 20 81,,Rear End,2,Clear,Dry,Daylight
2022-02-05T18:00:00.000,I 75,I 75 and Hwy 20 81,,Sideswipe-Same Direction,2,Clear,Dry,Daylight
2022-02-14T18:44:00.000,I 75,I 75 and Hwy 20 81,,Rear End,3,Clear,Dry,Dark-Lighted
2022-10-14T05:42:00.000,I 75,I 75 and Hwy 20 81,,Rear End,5,Clear,Dry,Dark-Not Lighted
2020-02-28T04:15:00.000,I 75,I 75 and Hwy 20 81,,Rear End,2,Clear,Dry,Dark-Lighted
2020-08-12T21:42:00.000,I 75,I 75 and Hwy 20 81,,Rear End,2,Cloudy,Dry,Dark-Lighted
2020-06-15T15:56:00.000,I 75,I 75 and Hwy 20 81,,Rear End,3,Clear,Dry,Daylight
2020-07-25T18:13:00.000,I 75,I 75 and Hwy 20 81,,Rear End,2,Rain,Wet,Daylight
2020-07-22T12:58:00.000,I 75,I 75 and Hwy 20 81,,Not a Collision with Motor Vehicle,2,Cloudy,Dry,Daylight
2020-02-23T19:18:00.000,I 75,I 75 and Hwy 20 81,,Angle Crash,2,Clear,Dry,Dark-Lighted
2020-07-18T15:26:00.000,I 75,I 75 and Hwy 20 81,,Sideswipe-Same Direction,2,Clear,Dry,Daylight
2020-03-21T14:28:00.000,I 75,I 75 and Hwy 20 81,,Rear End,2,Clear,Dry,Daylight
2020-06-29T16:20:00.000,I 75,I 75 and Hwy 20 81,,Sideswipe-Same Direction,2,Clear,Dry,Daylight
2020-01-20T14:30:00.000,I 75,I 75 and Hwy 20 81,,Rear End,2,Clear,Dry,Daylight
2020-07-14T08:52:00.000,I 75,I 75 and Hwy 20 81,,Rear End,2,Clear,Dry,Daylight
2020-06-11T11:57:00.000,I 75,I 75 and Hwy 20 81,,Sideswipe-Same Direction,2,Clear,Dry,Daylight
2020-09-19T20:30:00.000,I 75,I 75 and Hwy 20 81,,Sideswipe-Same Direction,2,Cloudy,Dry,Dark-Not Lighted
2020-01-09T23:43:00.000,I 75,I 75 and Hwy 20 81,,Sideswipe-Same Direction,2,Clear,Dry,Dark-Lighted
2020-07-01T22:20:00.000,I 75,I 75 and Hwy 20 81,,Rear End,2,Clear,Dry,Dark-Lighted
2020-05-07T06:10:00.000,I 75,I 75 and Hwy 20 81,,Angle Crash,2,Clear,Dry,Dawn
2020-02-15T14:27:00.000,I 75,I 75 and Hwy 20 81,,Rear End,2,Clear,Dry,Daylight
2020-01-26T14:35:00.000,I 75,I 75 and Hwy 20 81,,Rear End,2,Cloudy,Dry,Daylight
2020-02-13T05:57:00.000,I 75,I 75 and Hwy 20 81,,Rear End,2,Rain,Wet,Dark-Lighted
2020-08-28T11:48:00.000,I 75,I 75 and Hwy 20 81,,Rear End,2,Clear,Dry,Daylight
2020-09-11T18:51:00.000,I 75,I 75 and Hwy 20 81,,Rear End,2,Clear,Dry,Daylight
2020-06-12T16:28:00.000,I 75,I 75 and Hwy 20 81,,Rear End,2,Clear,Dry,Daylight
2021-05-17T07:20:00.000,I 75,I 75 and Hwy 20 81,,Not a Collision with Motor Vehicle,1,Clear,Dry,Daylight
2021-05-01T11:47:00.000,I 75,I 75 and Hwy 20 81,,Rear End,2,Clear,Dry,Daylight
2021-10-29T20:37:00.000,I 75,I 75 and Hwy 20 81,,Not a Collision with Motor Vehicle,1,Cloudy,Wet,Dark-Not Lighted
2021-09-16T06:11:00.000,I 75,I 75 and Hwy 20 81,,Rear End,2,Rain,Wet,Daylight
2021-08-26T10:40:00.000,I 75,I 75 and Hwy 20 81,,Rear End,2,Clear,Dry,Daylight
2021-12-14T07:50:00.000,I 75,I 75 and Hwy 20 81,,Not a Collision with Motor Vehicle,1,Clear,Dry,Dawn
2021-10-24T07:05:00.000,I 75,I 75 and Hwy 20 81,,Rear End,2,Clear,Dry,Dawn
2021-12-04T17:12:00.000,I 75,I 75 and Hwy 20 81,,Rear End,2,Clear,Dry,Daylight
2021-11-04T11:25:00.000,I 75,I 75 and Hwy 20 81,,Sideswipe-Same Direction,3,Cloudy,Wet,Daylight
2021-08-09T15:00:00.000,I 75,I 75 and Hwy 20 81,,Sideswipe-Same Direction,2,Cloudy,Dry,Daylight
2021-12-14T07:50:00.000,I 75,I 75 and Hwy 20 81,,Not a Collision with Motor Vehicle,1,Clear,Dry,Dawn
2022-03-31T10:29:00.000,I 75,I 75 and Hwy 20 81,,Rear End,2,Cloudy,Dry,Daylight
2022-01-21T05:19:00.000,I 75,I 75 and Hwy 20 81,,Rear End,2,Cloudy,Wet,Dark-Not Lighted
2022-01-29T10:52:00.000,I 75,I 75 and Hwy 20 81,,Sideswipe-Same Direction,2,Clear,Dry,Daylight
2022-02-10T15:05:00.000,I 75,I 75 and Hwy 20 81,,Sideswipe-Same Direction,2,Clear,Dry,Daylight
2022-03-12T11:30:00.000,I 75,I 75 and Hwy 20 81,,Not a Collision with Motor Vehicle,2,Clear,Dry,Daylight
2022-05-05T14:11:00.000,I 75,I 75 and Hwy 20 81,,Sideswipe-Same Direction,2,Clear,Dry,Daylight
2022-01-24T14:44:00.000,I 75,I 75 and Hwy 20 81,,Sideswipe-Same Direction,2,Clear,Dry,Daylight
2022-12-13T17:35:00.000,I 75,I 75 and Hwy 20 81,,Rear End,2,Cloudy,Dry,Dusk
2022-04-28T11:57:00.000,I 75,I 75 and Hwy 20 81,,Not a Collision with Motor Vehicle,1,Clear,Dry,Daylight
2022-06-26T10:27:00.000,I 75,I 75 and Hwy 20 81,,Rear End,2,Clear,Dry,Daylight
2022-02-18T18:53:00.000,I 75,I 75 and Hwy 20 81,,Rear End,2,Clear,Dry,Dark-Not Lighted
2022-10-13T07:09:00.000,I 75,I 75 and Hwy 20 81,,Rear End,2,Rain,Wet,Dark-Not Lighted
2022-06-13T15:32:00.000,I 75,I 75 and Hwy 20 81,,Rear End,2,Clear,Dry,Daylight
2022-04-24T15:26:00.000,I 75,I 75 and Hwy 20 81,,Rear End,2,Clear,Dry,Daylight
2024-10-11T11:20:00.000,I 75,I 75 and Hwy 20 81,,Rear End,2,Clear,Dry,Daylight
2024-07-31T19:22:00.000,I 75,I 75 and Hwy 20 81,,Rear End,2,Clear,Dry,Daylight
2024-09-30T11:16:00.000,I 75,I 75 and Hwy 20 81,,Angle Crash,2,Clear,Dry,Daylight
2024-07-31T19:22:00.000,I 75,I 75 and Hwy 20 81,,Rear End,2,Clear,Dry,Daylight
2024-09-13T14:19:00.000,I 75,I 75 and Hwy 20 81,,Rear End,3,Clear,Dry,Daylight
2023-08-29T15:38:00.000,I 75,I 75 and Hwy 20 81,,Rear End,2,Clear,Dry,Daylight
2023-07-07T17:00:00.000,I 75,I 75 and Hwy 20 81,,Rear End,2,Rain,Wet,Daylight
2023-07-26T18:06:00.000,I 75,I 75 and Hwy 20 81,,Sideswipe-Same Direction,2,Clear,Dry,Daylight
2023-01-28T06:00:00.000,I 75,I 75 and Hwy 20 81,,Sideswipe-Same Direction,2,Clear,Dry,Dark-Not Lighted
2024-09-16T13:15:00.000,I 75,I 75 and Hwy 20 81,,Sideswipe-Same Direction,2,Clear,Dry,Daylight
2024-11-02T11:00:00.000,I 75,I 75 and Hwy 20 81,,Angle Crash,2,Clear,Dry,Daylight
2024-11-06T18:17:00.000,I 75,I 75 and Hwy 20 81,,Angle Crash,3,Rain,Wet,Dark-Lighted
2024-11-22T12:23:00.000,I 75,I 75 and Hwy 20 81,,Rear End,3,Clear,Dry,Daylight
2024-10-21T13:34:00.000,I 75,I 75 and Hwy 20 81,,Rear End,2,Clear,Dry,Daylight
2024-07-31T16:54:00.000,I 75,I 75 and Hwy 20 81,,Rear End,2,Clear,Dry,Daylight
2024-10-14T16:17:00.000,I 75,I 75 and Hwy 20 81,,Rear End,2,Clear,Dry,Daylight
2024-08-14T15:44:00.000,I 75,I 75 and Hwy 20 81,,Rear End,2,Clear,Dry,Daylight
2024-06-18T17:38:00.000,I 75,I 75 and Hwy 20 81,,Rear End,2,Clear,Dry,Daylight
2024-08-20T16:11:00.000,I 75,I 75 and Hwy 20 81,,Sideswipe-Same Direction,2,Clear,Dry,Daylight
2024-11-06T19:50:00.000,I 75,I 75 and Hwy 20 81,,Not a Collision with Motor Vehicle,1,Cloudy,Wet,Dark-Lighted
2024-08-25T09:54:00.000,I 75,I 75 and Hwy 20 81,,Not a Collision with Motor Vehicle,1,Clear,Dry,Daylight
2024-04-10T12:49:00.000,I 75,I 75 and Hwy 20 81,,Rear End,2,Cloudy,Dry,Daylight
2024-12-10T16:53:00.000,I 75,I 75 and Hwy 20 81,,Sideswipe-Same Direction,2,Rain,Wet,Daylight
2021-06-12T09:47:00.000,I 75,I 75 and Hwy 20  81,,Rear End,2,Clear,Dry,Daylight
2022-08-16T04:30:00.000,I 75,I 75 and Hwy 20  81,,Sideswipe-Same Direction,2,Clear,Dry,Dark-Not Lighted
2021-07-23T15:56:00.000,I 75,I 75 and Hwy 20   81,,Rear End,2,Clear,Dry,Daylight
2021-10-29T18:44:00.000,I 75,I 75 and Hwy 20,,Rear End,2,Rain,Wet,Dark-Not Lighted
2021-11-16T08:57:00.000,I 75,I 75 and Hwy 20,,Not a Collision with Motor Vehicle,1,Clear,Dry,Daylight
2021-12-20T17:15:00.000,I 75,I 75 and Hwy 20,,Rear End,2,Clear,Dry,Daylight
2020-11-09T15:04:00.000,I 75,I 75 and Hwy 20,,Rear End,2,Cloudy,Dry,Daylight
2023-11-21T11:34:00.000,I 75,I 75 and Hwy 20,,Rear End,2,Rain,Wet,Daylight
2020-02-07T16:00:00.000,I 75,I 75 and Hwy 20,,Rear End,2,Clear,Dry,Daylight
2020-07-19T08:16:00.000,I 75,I 75 and Hwy 20,,Rear End,2,Clear,Dry,Daylight
2020-06-19T18:30:00.000,I 75,I 75 and Hwy 20,,Rear End,2,Cloudy,Dry,Daylight
2020-09-22T12:30:00.000,I 75,I 75 and Hwy 20,,Sideswipe-Same Direction,3,Cloudy,Dry,Daylight
2020-07-16T12:15:00.000,I 75,I 75 and Hwy 20,,Rear End,2,Clear,Dry,Daylight
2020-03-10T08:07:00.000,I 75,I 75 and Hwy 20,,Sideswipe-Same Direction,2,Rain,Wet,Daylight
2020-06-17T16:29:00.000,I 75,I 75 and Hwy 20,,Rear End,2,Clear,Dry,Daylight
2020-06-28T12:18:00.000,I 75,I 75 and Hwy 20,,Not a Collision with Motor Vehicle,1,Clear,Dry,Daylight
2020-07-06T15:01:00.000,I 75,I 75 and Hwy 20,,Rear End,4,Cloudy,Dry,Daylight
2020-03-04T09:57:00.000,I 75,I 75 and Hwy 20,,Not a Collision with Motor Vehicle,2,Fog,Ice/Frost,Dark-Lighted
2020-01-13T18:20:00.000,I 75,I 75 and Hwy 20,,Rear End,2,Cloudy,Other,Dark-Not Lighted
2020-04-14T08:45:00.000,I 75,I 75 and Hwy 20,,Rear End,2,Clear,Dry,Daylight
2020-01-21T06:20:00.000,I 75,I 75 and Hwy 20,,Sideswipe-Same Direction,2,Clear,Dry,Dark-Not Lighted
2020-02-05T20:33:00.000,I 75,I 75 and Hwy 20,,Sideswipe-Same Direction,2,Rain,Wet,Dark-Not Lighted
2020-02-05T18:30:00.000,I 75,I 75 and Hwy 20,,Rear End,2,Rain,Wet,Dark-Not Lighted
2020-03-02T19:29:00.000,I 75,I 75 and Hwy 20,,Rear End,2,Rain,Wet,Dark-Lighted
2020-06-20T13:59:00.000,I 75,I 75 and Hwy 20,,Sideswipe-Same Direction,2,Clear,Dry,Daylight
2020-03-02T11:35:00.000,I 75,I 75 and Hwy 20,,Sideswipe-Same Direction,2,Rain,Wet,Daylight
2021-12-17T11:41:00.000,I 75,I 75 and Hwy 20,,Rear End,2,Cloudy,Dry,Daylight
2021-11-24T19:45:00.000,I 75,I 75 and Hwy 20,,Rear End,2,Clear,Dry,Dark-Lighted
2021-11-05T14:23:00.000,I 75,I 75 and Hwy 20,,Rear End,2,Clear,Dry,Daylight
2022-09-21T16:55:00.000,I 75,I 75 and Hwy 20,,Rear End,2,Clear,Dry,Daylight
2021-11-24T08:28:00.000,I 75,I 75 and Hwy 20,,Rear End,3,Clear,Dry,Daylight
2022-02-09T15:20:00.000,I 75,I 75 and Hwy 20,,Sideswipe-Same Direction,2,Clear,Dry,Daylight
2022-04-19T13:10:00.000,I 75,I 75 and Hwy 20,,Sideswipe-Same Direction,2,Clear,Dry,Daylight
2021-09-09T17:08:00.000,I 75,I 75 and Hwy 20,,Sideswipe-Same Direction,2,Clear,Dry,Daylight
2022-08-12T18:20:00.000,I 75,I 75 and Hwy 20,,Rear End,2,Clear,Dry,Daylight
2022-08-08T14:18:00.000,I 75,I 75 and Hwy 20,,Sideswipe-Same Direction,2,Clear,Dry,Daylight
2022-01-14T14:14:00.000,I 75,I 75 and Hwy 20,,Angle Crash,2,Clear,Dry,Daylight
2022-08-01T14:00:00.000,I 75,I 75 and Hwy 20,,Rear End,2,Clear,Dry,Daylight
2023-06-09T22:19:00.000,I 75,I 75 and Hwy 20,,Not a Collision with Motor Vehicle,1,Clear,Dry,Dark-Lighted
2023-09-15T23:11:00.000,I 75,I 75 and Hwy 20,,Not a Collision with Motor Vehicle,1,Clear,Dry,Dark-Not Lighted
2024-10-17T11:09:00.000,I 75,I 75 and Hwy 20,,Rear End,2,Clear,Dry,Daylight
2020-02-18T10:13:00.000,I 75,I 75 and Hwy 183,,Not a Collision with Motor Vehicle,1,Rain,Wet,Daylight
2020-06-10T20:44:00.000,I 75,I 75 and Hwy 18,,Not a Collision with Motor Vehicle,1,Cloudy,Wet,Dark-Lighted
2021-10-17T14:59:00.000,I 75,I 75 and Hwy 18,,Angle Crash,2,Clear,Dry,Daylight
2021-04-08T06:22:00.000,I 75,I 75 and Hwy 16W,,Sideswipe-Same Direction,2,Cloudy,Dry,Dark-Lighted
2020-09-21T21:10:00.000,I 75,I 75 and Hwy 16W,,Sideswipe-Same Direction,2,Clear,Dry,Dark-Not Lighted
2021-07-11T18:51:00.000,I 75,I 75 and Hwy 16W,,Rear End,2,Clear,Dry,Daylight
2024-10-07T18:44:00.000,I 75,I 75 and Hwy 16W,,Head On,1,Clear,Dry,Daylight
2020-09-20T18:16:00.000,I 75,I 75 and Hwy 16 Opas,,Sideswipe-Same Direction,3,Clear,Dry,Daylight
2021-03-07T21:00:00.000,I 75,I 75 and Hwy 16,,Rear End,3,Clear,Dry,Dark-Lighted
2021-06-24T05:46:00.000,I 75,I 75 and Hwy 16,,Rear End,2,Clear,Dry,Dawn
2021-05-14T15:45:00.000,I 75,I 75 and Hwy 16,,Not a Collision with Motor Vehicle,1,Clear,Dry,Daylight
2021-04-09T16:45:00.000,I 75,I 75 and Hwy 16,,Rear End,2,Clear,Dry,Daylight
2021-04-11T15:53:00.000,I 75,I 75 and Hwy 16,,Rear End,2,Cloudy,Dry,Daylight
2021-03-23T06:40:00.000,I 75,I 75 and Hwy 16,,Rear End,2,Clear,Dry,Dark-Not Lighted
2021-07-11T18:50:00.000,I 75,I 75 and Hwy 16,,Rear End,2,Clear,Dry,Daylight
2023-01-01T02:55:00.000,I 75,I 75 and Hwy 16,,(None),2,(None),(None),(None)
2022-01-30T17:41:00.000,I 75,I 75 and Hwy 16,,Rear End,2,Clear,Dry,Dusk
2020-09-18T17:10:00.000,I 75,I 75 and Hwy 16,,Rear End,2,Clear,Dry,Daylight
2020-09-21T10:50:00.000,I 75,I 75 and Hwy 16,,Rear End,2,Clear,Dry,Daylight
2020-09-26T13:10:00.000,I 75,I 75 and Hwy 16,,Rear End,2,Cloudy,Dry,Daylight
2020-09-18T00:20:00.000,I 75,I 75 and Hwy 16,,Sideswipe-Same Direction,2,Cloudy,Dry,Dark-Not Lighted
2020-04-01T19:02:00.000,I 75,I 75 and Hwy 16,,Sideswipe-Same Direction,2,Clear,Dry,Daylight
2020-09-27T16:50:00.000,I 75,I 75 and Hwy 16,,(None),3,(None),(None),(None)
2021-03-20T13:15:00.000,I 75,I 75 and Hwy 16,,Rear End,2,Clear,Dry,Daylight
2021-04-11T14:30:00.000,I 75,I 75 and Hwy 16,,Rear End,2,Clear,Dry,Daylight
2021-01-10T03:15:00.000,I 75,I 75 and Hwy 16,,Not a Collision with Motor Vehicle,1,Clear,Dry,Dark-Not Lighted
2021-07-11T22:10:00.000,I 75,I 75 and Hwy 16,,Sideswipe-Same Direction,2,Clear,Dry,Dark-Lighted
2021-10-26T16:10:00.000,I 75,I 75 and Hwy 16,,Rear End,2,Clear,Dry,Daylight
2022-05-27T00:00:00.000,I 75,I 75 and Hwy 16,,Rear End,2,Rain,Wet,Dark-Lighted
2022-05-17T08:17:00.000,I 75,I 75 and Hwy 16,,Rear End,2,Clear,Dry,Daylight
2022-06-03T00:01:00.000,I 75,I 75 and Hwy 16,,Not a Collision with Motor Vehicle,1,Cloudy,Wet,Dark-Lighted
2023-03-29T08:20:00.000,I 75,I 75 and Hwy 16,,Angle Crash,2,Clear,Dry,Daylight
2024-10-13T20:36:00.000,I 75,I 75 and Hwy 16,,Sideswipe-Same Direction,2,Clear,Dry,Dark-Not Lighted
2024-10-20T05:15:00.000,I 75,I 75 and Hwy 16,,Not a Collision with Motor Vehicle,1,Clear,Dry,Dark-Not Lighted
2023-05-19T10:54:00.000,I 75,I 75 and Hwy 16,,Rear End,2,Clear,Dry,Daylight
2024-03-19T07:10:00.000,I 75,I 75 and Hwy 16,,Not a Collision with Motor Vehicle,2,Clear,Dry,Daylight
2024-10-15T08:55:00.000,I 75,I 75 and Hwy 16,,Rear End,2,Clear,Dry,Daylight
2024-10-05T22:00:00.000,I 75,I 75 and Hwy 16,,Rear End,2,Clear,Dry,Dark-Not Lighted
2024-05-23T11:18:00.000,I 75,I 75 and Hwy 16,,Rear End,2,Clear,Dry,Daylight
2024-03-15T19:41:00.000,I 75,I 75 and Hwy 16,,Rear End,3,Rain,Wet,Dark-Lighted
2024-11-17T12:36:00.000,I 75,I 75 and Hwy 16,,Angle Crash,2,Clear,Dry,Daylight
2021-10-12T06:47:00.000,I 75,I 75 and Hwy 156,,Head On,1,Cloudy,Dry,Daylight
2020-03-22T03:06:00.000,I 75,I 75 and Hwy 156,,Angle Crash,2,Clear,Dry,Dark-Not Lighted
2020-08-08T23:40:00.000,I 75,I 75 and Hwy 156,,Angle Crash,2,Clear,Dry,Dark-Lighted
2022-02-10T06:00:00.000,I 75,I 75 and Hwy 156,,Sideswipe-Same Direction,2,Clear,Dry,Dark-Not Lighted
2024-07-30T06:58:00.000,I 75,I 75 and Hwy 155 S.,,Rear End,2,Fog,Dry,Dark-Not Lighted
2024-07-12T08:25:00.000,I 75,I 75 and Hwy 155 S Exit 216,,Rear End,3,Clear,Dry,Daylight
2024-11-01T19:45:00.000,I 75,I 75 and Hwy 155 S Exit 216,,Sideswipe-Same Direction,2,Clear,Dry,Dark-Not Lighted
2024-07-12T13:35:00.000,I 75,I 75 and Hwy 155 S Exit 216,,Sideswipe-Same Direction,2,Clear,Dry,Daylight
2022-08-16T09:20:00.000,I 75,I 75 and Hwy 155 On The On Ramp For I75,,Sideswipe-Same Direction,2,Clear,Dry,Daylight
2021-07-16T12:44:00.000,I 75,I 75 and Hwy 155 Bs,,Rear End,2,Cloudy,Dry,Daylight
2021-04-02T12:15:00.000,I 75,I 75 and Hwy 155,,Sideswipe-Same Direction,2,Clear,Dry,Daylight
2021-10-07T17:49:00.000,I 75,I 75 and Hwy 155,,Sideswipe-Same Direction,2,Cloudy,Dry,Daylight
2021-10-03T21:28:00.000,I 75,I 75 and Hwy 155,,Not a Collision with Motor Vehicle,1,Rain,Wet,Dark-Not Lighted
2021-12-15T19:38:00.000,I 75,I 75 and Hwy 155,,Sideswipe-Same Direction,2,Clear,Dry,Daylight
2021-08-07T09:52:00.000,I 75,I 75 and Hwy 155,,Rear End,2,Clear,Dry,Daylight
2021-12-13T13:00:00.000,I 75,I 75 and Hwy 155,,Rear End,2,Clear,Dry,Daylight
2021-08-06T15:41:00.000,I 75,I 75 and Hwy 155,,Sideswipe-Same Direction,2,Clear,Dry,Daylight
2021-10-31T20:51:00.000,I 75,I 75 and Hwy 155,,Not a Collision with Motor Vehicle,1,Clear,Dry,Dark-Not Lighted
2021-10-06T04:55:00.000,I 75,I 75 and Hwy 155,,Sideswipe-Same Direction,2,Cloudy,Wet,Dark-Not Lighted
2021-11-20T10:40:00.000,I 75,I 75 and Hwy 155,,Rear End,2,Clear,Dry,Daylight
2021-07-16T17:21:00.000,I 75,I 75 and Hwy 155,,Rear End,2,Clear,Dry,Daylight
2021-10-31T20:57:00.000,I 75,I 75 and Hwy 155,,Not a Collision with Motor Vehicle,1,Clear,Dry,Dark-Not Lighted
2021-11-18T08:56:00.000,I 75,I 75 and Hwy 155,,Sideswipe-Same Direction,3,Clear,Dry,Daylight
2021-09-08T15:05:00.000,I 75,I 75 and Hwy 155,,Rear End,4,Cloudy,Dry,Daylight
2021-07-27T13:00:00.000,I 75,I 75 and Hwy 155,,Sideswipe-Same Direction,2,Cloudy,Dry,Daylight
2020-02-18T21:41:00.000,I 75,I 75 and Hwy 155,,Not a Collision with Motor Vehicle,1,Rain,Wet,Dark-Lighted
2020-01-03T05:37:00.000,I 75,I 75 and Hwy 155,,Rear End,2,Cloudy,Wet,Dark-Lighted
2020-08-03T13:40:00.000,I 75,I 75 and Hwy 155,,Sideswipe-Same Direction,2,Cloudy,Dry,Daylight
2023-11-18T11:30:00.000,I 75,I 75 and Hwy 155,,Rear End,2,Clear,Dry,Daylight
2023-01-20T23:10:00.000,I 75,I 75 and Hwy 155,,Rear End,2,Clear,Dry,Dark-Not Lighted
2020-02-24T12:57:00.000,I 75,I 75 and Hwy 155,,Rear End,2,Rain,Wet,Daylight
2020-07-30T15:00:00.000,I 75,I 75 and Hwy 155,,Rear End,2,Rain,Wet,Daylight
2020-09-17T18:10:00.000,I 75,I 75 and Hwy 155,,Rear End,2,Clear,Dry,Daylight
2020-08-05T17:11:00.000,I 75,I 75 and Hwy 155,,Sideswipe-Same Direction,2,Clear,Dry,Daylight
2020-08-08T11:02:00.000,I 75,I 75 and Hwy 155,,Rear End,2,Clear,Dry,Daylight
2020-08-19T09:02:00.000,I 75,I 75 and Hwy 155,,Angle Crash,3,Cloudy,Dry,Daylight
2020-08-06T21:49:00.000,I 75,I 75 and Hwy 155,,Rear End,2,Clear,Dry,Dark-Lighted
2020-07-05T17:00:00.000,I 75,I 75 and Hwy 155,,Rear End,2,Clear,Dry,Daylight
2020-06-10T14:33:00.000,I 75,I 75 and Hwy 155,,Rear End,2,Cloudy,Dry,Daylight
2020-10-27T21:34:00.000,I 75,I 75 and Hwy 155,,Rear End,2,Clear,Dry,Dark-Not Lighted
2020-07-19T10:50:00.000,I 75,I 75 and Hwy 155,,Rear End,2,Clear,Dry,Daylight
2020-03-24T09:50:00.000,I 75,I 75 and Hwy 155,,Not a Collision with Motor Vehicle,1,Cloudy,Wet,Daylight
2020-03-09T16:23:00.000,I 75,I 75 and Hwy 155,,Not a Collision with Motor Vehicle,1,Clear,Dry,Daylight
2020-02-25T07:49:00.000,I 75,I 75 and Hwy 155,,Rear End,2,Rain,Wet,Daylight
2020-04-18T21:40:00.000,I 75,I 75 and Hwy 155,,Rear End,2,Clear,Dry,Dark-Lighted
2020-03-13T19:20:00.000,I 75,I 75 and Hwy 155,,Rear End,2,Clear,Dry,Daylight
2020-07-21T15:30:00.000,I 75,I 75 and Hwy 155,,Sideswipe-Same Direction,2,Clear,Dry,Daylight
2020-07-23T05:53:00.000,I 75,I 75 and Hwy 155,,Rear End,2,Clear,Dry,Dark-Lighted
2020-02-29T14:51:00.000,I 75,I 75 and Hwy 155,,Rear End,2,Clear,Dry,Daylight
2020-07-28T16:52:00.000,I 75,I 75 and Hwy 155,,Sideswipe-Same Direction,2,Cloudy,Dry,Daylight
2020-06-12T16:30:00.000,I 75,I 75 and Hwy 155,,Rear End,2,Clear,Dry,Daylight
2020-09-05T13:50:00.000,I 75,I 75 and Hwy 155,,Sideswipe-Same Direction,2,Clear,Dry,Daylight
2020-01-03T20:30:00.000,I 75,I 75 and Hwy 155,,Rear End,2,Clear,Wet,Dark-Not Lighted
2020-02-17T14:05:00.000,I 75,I 75 and Hwy 155,,Not a Collision with Motor Vehicle,1,Cloudy,Dry,Daylight
2020-02-19T10:10:00.000,I 75,I 75 and Hwy 155,,Not a Collision with Motor Vehicle,2,Cloudy,Wet,Daylight
2020-02-29T16:30:00.000,I 75,I 75 and Hwy 155,,Rear End,2,Clear,Dry,Daylight
2020-07-31T01:30:00.000,I 75,I 75 and Hwy 155,,Rear End,2,Clear,Dry,Dark-Not Lighted
2020-03-05T15:57:00.000,I 75,I 75 and Hwy 155,,Sideswipe-Same Direction,2,Rain,Wet,Daylight
2020-09-14T16:13:00.000,I 75,I 75 and Hwy 155,,Not a Collision with Motor Vehicle,1,Cloudy,Dry,Daylight
2020-05-21T02:10:00.000,I 75,I 75 and Hwy 155,,Not a Collision with Motor Vehicle,1,Clear,Dry,Dark-Not Lighted
2020-03-06T20:25:00.000,I 75,I 75 and Hwy 155,,Not a Collision with Motor Vehicle,1,Clear,Dry,Dark-Lighted
2020-03-31T13:15:00.000,I 75,I 75 and Hwy 155,,Not a Collision with Motor Vehicle,1,Rain,Wet,Daylight
2020-01-10T18:20:00.000,I 75,I 75 and Hwy 155,,Rear End,2,Rain,Wet,Dark-Lighted
2020-09-21T00:01:00.000,I 75,I 75 and Hwy 155,,Rear End,3,Clear,Dry,Dark-Not Lighted
2020-01-25T20:11:00.000,I 75,I 75 and Hwy 155,,Rear End,2,Clear,Dry,Dark-Not Lighted
2020-09-10T18:35:00.000,I 75,I 75 and Hwy 155,,Not a Collision with Motor Vehicle,2,Cloudy,Dry,Daylight
2020-02-02T13:46:00.000,I 75,I 75 and Hwy 155,,Rear End,2,Clear,Dry,Daylight
2020-01-23T19:46:00.000,I 75,I 75 and Hwy 155,,Rear End,2,Clear,Dry,Dark-Not Lighted
2020-03-05T06:03:00.000,I 75,I 75 and Hwy 155,,Rear End,2,Clear,Dry,Dark-Not Lighted
2020-08-18T17:35:00.000,I 75,I 75 and Hwy 155,,Angle Crash,2,Clear,Dry,Daylight
2020-08-07T15:51:00.000,I 75,I 75 and Hwy 155,,Rear End,2,Rain,Wet,Daylight