Date and Time,Roadway (From Crash Report),Intersection Name (from Crash Report),KABCO Severity,Manner of Collision (Crash Level) ,# of Vehicles per crash ,Weather Conditions (Crash Level),Surface Condition (Crash Level) ,Light Conditions (Crash Level)
2020-01-14T15:37:00.000,I 75,I 75 and Hwy 155,,Angle Crash,2,Rain,Wet,Daylight
2020-01-24T23:51:00.000,I 75,I 75 and Hwy 155,,Sideswipe-Same Direction,2,Clear,Dry,Dark-Not Lighted
2020-08-23T13:41:00.000,I 75,I 75 and Hwy 155,,Not a Collision with Motor Vehicle,1,Clear,Dry,Daylight
2020-07-01T04:43:00.000,I 75,I 75 and Hwy 155,,Not a Collision with Motor Vehicle,1,Clear,Dry,Dark-Not Lighted
2020-03-06T11:13:00.000,I 75,I 75 and Hwy 155,,Rear End,4,Clear,Dry,Daylight
2020-08-30T16:40:00.000,I 75,I 75 and Hwy 155,,Not a Collision with Motor Vehicle,1,Clear,Dry,Daylight
2020-07-13T12:55:00.000,I 75,I 75 and Hwy 155,,Rear End,2,Clear,Dry,Daylight
2020-07-25T18:41:00.000,I 75,I 75 and Hwy 155,,Sideswipe-Same Direction,2,Rain,Wet,Daylight
2020-09-22T14:50:00.000,I 75,I 75 and Hwy 155,,Not a Collision with Motor Vehicle,1,Clear,Dry,Daylight
2021-04-29T10:33:00.000,I 75,I 75 and Hwy 155,,Rear End,2,Cloudy,Dry,Daylight
2021-12-30T04:11:00.000,I 75,I 75 and Hwy 155,,Angle Crash,2,Rain,Wet,Dark-Lighted
2021-11-27T15:32:00.000,I 75,I 75 and Hwy 155,,Sideswipe-Opposite Direction,2,Clear,Dry,Daylight
2021-08-13T11:45:00.000,I 75,I 75 and Hwy 155,,Angle Crash,2,Clear,Dry,Daylight
2021-10-30T22:05:00.000,I 75,I 75 and Hwy 155,,Rear End,2,Clear,Dry,Dark-Not Lighted
2021-09-13T09:20:00.000,I 75,I 75 and Hwy 155,,Rear End,2,Clear,Dry,Daylight
2021-11-02T15:21:00.000,I 75,I 75 and Hwy 155,,Not a Collision with Motor Vehicle,1,Clear,Dry,Daylight
2021-12-10T12:18:00.000,I 75,I 75 and Hwy 155,,Sideswipe-Same Direction,2,Rain,Wet,Daylight
2021-07-23T11:21:00.000,I 75,I 75 and Hwy 155,,Rear End,2,Clear,Dry,Daylight
2021-08-14T14:03:00.000,I 75,I 75 and Hwy 155,,Sideswipe-Same Direction,2,Clear,Dry,Daylight
2021-10-25T13:16:00.000,I 75,I 75 and Hwy 155,,Not a Collision with Motor Vehicle,1,Clear,Dry,Daylight
2022-12-23T19:14:00.000,I 75,I 75 and Hwy 155,,Sideswipe-Same Direction,2,Clear,Dry,Dark-Not Lighted
2022-02-17T06:35:00.000,I 75,I 75 and Hwy 155,,Rear End,3,Cloudy,Dry,Dark-Lighted
2021-11-09T13:06:00.000,I 75,I 75 and Hwy 155,,Not a Collision with Motor Vehicle,1,Clear,Dry,Daylight
2021-10-15T16:15:00.000,I 75,I 75 and Hwy 155,,Sideswipe-Same Direction,2,Clear,Dry,Daylight
2022-04-18T15:38:00.000,I 75,I 75 and Hwy 155,,Rear End,2,Clear,Dry,Daylight
2022-02-11T20:55:00.000,I 75,I 75 and Hwy 155,,Rear End,2,Clear,Dry,Dark-Not Lighted
2022-06-16T12:28:00.000,I 75,I 75 and Hwy 155,,Rear End,2,Clear,Dry,Daylight
2022-06-15T17:20:00.000,I 75,I 75 and Hwy 155,,Rear End,2,Clear,Dry,Daylight
2022-02-16T20:20:00.000,I 75,I 75 and Hwy 155,,Rear End,2,Clear,Dry,Dark-Lighted
2022-06-02T15:45:00.000,I 75,I 75 and Hwy 155,,Rear End,2,Clear,Dry,Daylight
2022-05-29T14:29:00.000,I 75,I 75 and Hwy 155,,Sideswipe-Same Direction,2,Clear,Dry,Daylight
2022-06-24T14:30:00.000,I 75,I 75 and Hwy 155,,Not a Collision with Motor Vehicle,2,Clear,Dry,Daylight
2022-03-09T00:03:00.000,I 75,I 75 and Hwy 155,,Not a Collision with Motor Vehicle,1,Cloudy,Wet,Dark-Not Lighted
2022-06-22T00:59:00.000,I 75,I 75 and Hwy 155,,Sideswipe-Opposite Direction,2,Clear,Dry,Dark-Lighted
2023-11-01T15:45:00.000,I 75,I 75 and Hwy 155,,Sideswipe-Same Direction,2,Clear,Dry,Daylight
2024-11-18T17:55:00.000,I 75,I 75 and Hwy 155,,Sideswipe-Same Direction,2,Clear,Dry,Dark-Lighted
2024-12-30T15:22:00.000,I 75,I 75 and Hwy 155,,Rear End,2,Clear,Dry,Daylight
2024-03-18T18:56:00.000,I 75,I 75 and Hwy 155,,Not a Collision with Motor Vehicle,1,Clear,Dry,Daylight
2023-10-11T06:55:00.000,I 75,I 75 and Hwy 155,,Sideswipe-Same Direction,2,Cloudy,Dry,Dark-Not Lighted
2023-03-09T18:48:00.000,I 75,I 75 and Hwy 155,,Rear End,2,Rain,Wet,Dark-Not Lighted
2023-10-09T18:12:00.000,I 75,I 75 and Hwy 155,,Rear End,2,Clear,Dry,Daylight
2023-12-02T20:09:00.000,I 75,I 75 and Hwy 155,,Rear End,2,Clear,Dry,Dark-Lighted
2024-07-27T12:50:00.000,I 75,I 75 and Hwy 155,,Rear End,2,Cloudy,Dry,Daylight
2024-09-12T05:48:00.000,I 75,I 75 and Hwy 155,,Rear End,2,Rain,Wet,Dark-Lighted
2024-08-12T15:25:00.000,I 75,I 75 and Hwy 155,,Not a Collision with Motor Vehicle,2,Clear,Dry,Daylight
2024-05-01T19:09:00.000,I 75,I 75 and Hwy 155,,Rear End,2,Clear,Dry,Dark-Lighted
2024-08-12T15:23:00.000,I 75,I 75 and Hwy 155,,Not a Collision with Motor Vehicle,2,Clear,Dry,Daylight
2024-08-30T14:42:00.000,I 75,I 75 and Hwy 155,,Rear End,2,Clear,Dry,Daylight
2024-08-20T19:20:00.000,I 75,I 75 and Hwy 155,,Not a Collision with Motor Vehicle,2,Clear,Dry,Daylight
2024-10-07T12:49:00.000,I 75,I 75 and Hwy 155,,Rear End,2,Clear,Dry,Daylight
2024-12-28T14:55:00.000,I 75,I 75 and Hwy 155,,Rear End,2,Rain,Wet,Daylight
2024-11-04T14:19:00.000,I 75,I 75 and Hwy 155,,Sideswipe-Same Direction,2,Cloudy,Dry,Daylight
2024-05-13T12:50:00.000,I 75,I 75 and Hwy 155,,Rear End,2,Cloudy,Dry,Daylight
2024-10-28T05:29:00.000,I 75,I 75 and Hwy 155,,Sideswipe-Same Direction,2,Clear,Dry,Dark-Not Lighted
2024-07-03T11:53:00.000,I 75,I 75 and Hwy 155,,Rear End,2,Cloudy,Dry,Daylight
2024-12-30T17:55:00.000,I 75,I 75 and Hwy 155,,Rear End,2,Clear,Dry,Dark-Lighted
2024-07-31T14:52:00.000,I 75,I 75 and Hwy 155,,Rear End,3,Clear,Dry,Daylight
2024-10-04T18:18:00.000,I 75,I 75 and Hwy 155,,Rear End,3,Clear,Dry,Daylight
2024-11-11T12:49:00.000,I 75,I 75 and Hwy 155,,Rear End,2,Clear,Dry,Daylight
2024-12-27T19:46:00.000,I 75,I 75 and Hwy 155,,Rear End,2,Rain,Wet,Dark-Not Lighted
2021-08-25T17:03:00.000,I 75,I 75 and Hwy 140,,Rear End,2,Cloudy,Dry,Daylight
2023-07-02T18:11:00.000,I 75,I 75 and Hwy 140,,Not a Collision with Motor Vehicle,1,Rain,Wet,Daylight
2020-06-20T03:30:00.000,I 75,I 75 and Hwy 140,,Sideswipe-Same Direction,2,Clear,Dry,Dark-Not Lighted
2024-09-20T12:34:00.000,I 75,I 75 and Hwy 140,,Rear End,2,Clear,Dry,Daylight
2024-08-15T17:46:00.000,I 75,I 75 and Hwy 140,,Angle Crash,2,Clear,Dry,Daylight
2022-04-01T12:04:00.000,I 75,I 75 and Hwy 138W.,,Rear End,3,Clear,Dry,Daylight
2020-03-04T07:30:00.000,I 75,I 75 and Hwy 138W,,Sideswipe-Same Direction,2,Rain,Wet,Daylight
2020-09-25T16:38:00.000,I 75,I 75 and Hwy 138W,,Rear End,2,Clear,Dry,Daylight
2022-03-19T16:09:00.000,I 75,I 75 and Hwy 138W,,Rear End,2,Clear,Dry,Daylight
2024-05-17T04:00:00.000,I 75,I 75 and Hwy 138W,,Not a Collision with Motor Vehicle,1,Clear,Dry,Dark-Not Lighted
2022-03-25T11:13:00.000,I 75,I 75 and Hwy 138 W. Opas,,Rear End,2,Clear,Dry,Daylight
2022-06-29T11:13:00.000,I 75,I 75 and Hwy 138 W.,,Rear End,2,Clear,Dry,Daylight
2020-08-08T17:42:00.000,I 75,I 75 and Hwy 138 Se Exit Rp,,Not a Collision with Motor Vehicle,1,Clear,Dry,Daylight
2020-05-18T17:29:00.000,I 75,I 75 and Hwy 138 Exit 228,,Not a Collision with Motor Vehicle,1,Rain,Wet,Daylight
2020-01-18T23:45:00.000,I 75,I 75 and Hwy 138 Exit,,Rear End,2,Rain,Wet,Dark-Lighted
2020-01-20T13:50:00.000,I 75,I 75 and Hwy 138 228,,Rear End,2,Clear,Dry,Daylight
2021-11-06T12:58:00.000,I 75,I 75 and Hwy 138,,Rear End,2,Clear,Dry,Daylight
2021-12-16T14:00:00.000,I 75,I 75 and Hwy 138,,Angle Crash,2,Clear,Dry,Daylight
2021-07-09T13:40:00.000,I 75,I 75 and Hwy 138,,Not a Collision with Motor Vehicle,1,Cloudy,Wet,Daylight
2021-07-22T09:50:00.000,I 75,I 75 and Hwy 138,,Rear End,2,Clear,Dry,Daylight
2021-02-05T06:46:00.000,I 75,I 75 and Hwy 138,,Angle Crash,2,Cloudy,Wet,Dawn
2021-04-24T18:07:00.000,I 75,I 75 and Hwy 138,,Angle Crash,2,Rain,Wet,Daylight
2021-06-12T16:02:00.000,I 75,I 75 and Hwy 138,,Rear End,2,Clear,Dry,Daylight
2021-04-25T05:30:00.000,I 75,I 75 and Hwy 138,,Not a Collision with Motor Vehicle,1,Clear,Dry,Dark-Lighted
2021-08-08T08:18:00.000,I 75,I 75 and Hwy 138,,Not a Collision with Motor Vehicle,2,Clear,Dry,Daylight
2021-08-09T08:00:00.000,I 75,I 75 and Hwy 138,,Rear End,2,Clear,Dry,Daylight
2021-07-30T11:26:00.000,I 75,I 75 and Hwy 138,,Rear End,2,Clear,Dry,Daylight
2021-08-27T14:49:00.000,I 75,I 75 and Hwy 138,,Rear End,3,Clear,Dry,Daylight
2021-10-09T22:48:00.000,I 75,I 75 and Hwy 138,,Rear End,2,Clear,Dry,Dark-Lighted
2021-09-10T00:58:00.000,I 75,I 75 and Hwy 138,,Sideswipe-Same Direction,2,Clear,Dry,Dark-Lighted
2021-10-13T08:45:00.000,I 75,I 75 and Hwy 138,,Not a Collision with Motor Vehicle,2,Cloudy,Dry,Daylight
2021-06-03T13:56:00.000,I 75,I 75 and Hwy 138,,Sideswipe-Same Direction,2,Clear,Dry,Daylight
2021-05-22T13:07:00.000,I 75,I 75 and Hwy 138,,Rear End,2,Clear,Dry,Daylight
2020-05-11T14:15:00.000,I 75,I 75 and Hwy 138,,Rear End,2,Clear,Dry,Daylight
2023-06-19T07:37:00.000,I 75,I 75 and Hwy 138,,Not a Collision with Motor Vehicle,1,Clear,Dry,Daylight
2023-10-08T16:45:00.000,I 75,I 75 and Hwy 138,,Rear End,2,Clear,Dry,Daylight
2023-10-16T08:55:00.000,I 75,I 75 and Hwy 138,,Rear End,2,Clear,Dry,Daylight
2023-06-22T06:51:00.000,I 75,I 75 and Hwy 138,,Angle Crash,2,Rain,Wet,Dusk
2023-06-19T08:20:00.000,I 75,I 75 and Hwy 138,,Not a Collision with Motor Vehicle,1,Rain,Wet,Daylight
2023-01-04T09:43:00.000,I 75,I 75 and Hwy 138,,Not a Collision with Motor Vehicle,1,Rain,Wet,Daylight
2023-03-28T12:44:00.000,I 75,I 75 and Hwy 138,,Rear End,2,Clear,Dry,Daylight
2022-06-19T14:24:00.000,I 75,I 75 and Hwy 138,,Rear End,2,Clear,Dry,Daylight
2022-06-28T17:00:00.000,I 75,I 75 and Hwy 138,,Rear End,2,Cloudy,Dry,Daylight
2020-03-07T16:27:00.000,I 75,I 75 and Hwy 138,,Rear End,2,Clear,Dry,Daylight
2020-07-22T17:46:00.000,I 75,I 75 and Hwy 138,,Rear End,2,Clear,Dry,Daylight
2020-02-25T10:40:00.000,I 75,I 75 and Hwy 138,,Rear End,2,Clear,Dry,Daylight
2020-04-13T00:15:00.000,I 75,I 75 and Hwy 138,,Angle Crash,4,Rain,Wet,Dark-Lighted
2020-06-10T06:15:00.000,I 75,I 75 and Hwy 138,,Rear End,3,Cloudy,Wet,Dawn
2020-08-21T13:45:00.000,I 75,I 75 and Hwy 138,,Rear End,2,Cloudy,Dry,Daylight
2020-02-26T18:14:00.000,I 75,I 75 and Hwy 138,,Rear End,2,Clear,Dry,Daylight
2020-02-13T08:56:00.000,I 75,I 75 and Hwy 138,,Angle Crash,2,Rain,Wet,Daylight
2020-03-13T13:50:00.000,I 75,I 75 and Hwy 138,,Rear End,2,Cloudy,Dry,Daylight
2020-01-31T18:35:00.000,I 75,I 75 and Hwy 138,,Rear End,2,Cloudy,Dry,Dark-Not Lighted
2020-04-09T17:15:00.000,I 75,I 75 and Hwy 138,,Rear End,2,Clear,Dry,Daylight
2020-12-23T11:14:00.000,I 75,I 75 and Hwy 138,,Rear End,3,Clear,Dry,Daylight
2020-07-15T20:00:00.000,I 75,I 75 and Hwy 138,,Not a Collision with Motor Vehicle,1,Rain,Water (standing or moving),Dusk
2020-09-28T10:03:00.000,I 75,I 75 and Hwy 138,,Not a Collision with Motor Vehicle,1,Cloudy,Dry,Daylight
2020-08-11T11:11:00.000,I 75,I 75 and Hwy 138,,Sideswipe-Same Direction,2,Cloudy,Dry,Daylight
2020-05-22T22:10:00.000,I 75,I 75 and Hwy 138,,Sideswipe-Same Direction,2,Rain,Wet,Dark-Lighted
2020-04-19T11:12:00.000,I 75,I 75 and Hwy 138,,Not a Collision with Motor Vehicle,1,Rain,Wet,Daylight
2020-07-15T17:40:00.000,I 75,I 75 and Hwy 138,,Rear End,2,Rain,Wet,Daylight
2020-01-03T00:37:00.000,I 75,I 75 and Hwy 138,,Not a Collision with Motor Vehicle,1,Cloudy,Wet,Dark-Not Lighted
2020-07-27T18:38:00.000,I 75,I 75 and Hwy 138,,Rear End,2,Clear,Dry,Daylight
2020-06-06T22:56:00.000,I 75,I 75 and Hwy 138,,Not a Collision with Motor Vehicle,1,Clear,Dry,Dark-Not Lighted
2020-02-06T16:20:00.000,I 75,I 75 and Hwy 138,,Angle Crash,2,Rain,Wet,Daylight
2020-09-17T04:55:00.000,I 75,I 75 and Hwy 138,,Not a Collision with Motor Vehicle,1,Rain,Wet,Dark-Lighted
2020-04-12T10:40:00.000,I 75,I 75 and Hwy 138,,Not a Collision with Motor Vehicle,1,Rain,Wet,Daylight
2020-05-06T09:40:00.000,I 75,I 75 and Hwy 138,,Rear End,2,Clear,Dry,Daylight
2020-02-18T11:28:00.000,I 75,I 75 and Hwy 138,,Sideswipe-Same Direction,2,Rain,Wet,Daylight
2020-06-19T16:10:00.000,I 75,I 75 and Hwy 138,,Sideswipe-Same Direction,2,Clear,Dry,Daylight
2020-07-03T14:53:00.000,I 75,I 75 and Hwy 138,,Rear End,2,Clear,Dry,Daylight
2020-08-05T01:01:00.000,I 75,I 75 and Hwy 138,,Rear End,2,Cloudy,Dry,Dark-Not Lighted
2020-09-24T13:42:00.000,I 75,I 75 and Hwy 138,,Sideswipe-Same Direction,2,Rain,Wet,Daylight
2020-03-09T16:10:00.000,I 75,I 75 and Hwy 138,,Angle Crash,4,Cloudy,Dry,Daylight
2020-03-27T18:29:00.000,I 75,I 75 and Hwy 138,,Not a Collision with Motor Vehicle,2,Clear,Dry,Daylight
2020-05-06T13:32:00.000,I 75,I 75 and Hwy 138,,Rear End,2,Cloudy,Dry,Daylight
2020-09-09T16:00:00.000,I 75,I 75 and Hwy 138,,Rear End,2,Cloudy,Dry,Daylight
2020-02-06T12:50:00.000,I 75,I 75 and Hwy 138,,Not a Collision with Motor Vehicle,1,Rain,Wet,Daylight
2020-05-22T22:00:00.000,I 75,I 75 and Hwy 138,,Not a Collision with Motor Vehicle,1,Rain,Wet,Dark-Lighted
2020-05-27T10:47:00.000,I 75,I 75 and Hwy 138,,Not a Collision with Motor Vehicle,1,Rain,Water (standing or moving),Daylight
2020-03-09T17:15:00.000,I 75,I 75 and Hwy 138,,Rear End,2,Clear,Dry,Daylight
2020-01-06T05:50:00.000,I 75,I 75 and Hwy 138,,Not a Collision with Motor Vehicle,1,Clear,Dry,Dark-Not Lighted
2020-05-20T23:16:00.000,I 75,I 75 and Hwy 138,,Not a Collision with Motor Vehicle,1,Rain,Wet,Dark-Not Lighted
2020-01-23T12:41:00.000,I 75,I 75 and Hwy 138,,Rear End,2,Cloudy,Dry,Daylight
2020-07-04T16:32:00.000,I 75,I 75 and Hwy 138,,Sideswipe-Same Direction,4,Cloudy,Wet,Daylight
2021-05-14T00:15:00.000,I 75,I 75 and Hwy 138,,Angle Crash,2,Clear,Dry,Dark-Not Lighted
2021-04-24T10:33:00.000,I 75,I 75 and Hwy 138,,Sideswipe-Same Direction,2,Rain,Wet,Daylight
2021-01-25T19:23:00.000,I 75,I 75 and Hwy 138,,Sideswipe-Same Direction,2,Clear,Dry,Dark-Not Lighted
2021-06-18T12:05:00.000,I 75,I 75 and Hwy 138,,Rear End,2,Clear,Dry,Daylight
2021-05-22T20:35:00.000,I 75,I 75 and Hwy 138,,Rear End,2,Clear,Dry,Daylight
2021-06-21T17:26:00.000,I 75,I 75 and Hwy 138,,Rear End,2,Clear,Dry,Daylight
2021-01-27T10:18:00.000,I 75,I 75 and Hwy 138,,Rear End,2,Rain,Wet,Daylight
2021-10-11T15:52:00.000,I 75,I 75 and Hwy 138,,Rear End,2,Clear,Dry,Daylight
2021-11-21T12:59:00.000,I 75,I 75 and Hwy 138,,Rear End,2,Clear,Dry,Daylight
2021-07-01T23:40:00.000,I 75,I 75 and Hwy 138,,Not a Collision with Motor Vehicle,1,Clear,Dry,Dark-Not Lighted
2021-09-07T15:33:00.000,I 75,I 75 and Hwy 138,,Sideswipe-Same Direction,2,Rain,Wet,Daylight
2021-12-30T12:31:00.000,I 75,I 75 and Hwy 138,,Rear End,2,Rain,Wet,Daylight
2021-12-19T13:00:00.000,I 75,I 75 and Hwy 138,,Sideswipe-Same Direction,2,Cloudy,Dry,Daylight
2021-12-23T13:45:00.000,I 75,I 75 and Hwy 138,,Rear End,2,Clear,Dry,Daylight
2021-12-09T08:14:00.000,I 75,I 75 and Hwy 138,,Rear End,2,Cloudy,Dry,Daylight
2022-10-19T13:25:00.000,I 75,I 75 and Hwy 138,,Rear End,2,Clear,Dry,Daylight
2022-05-06T12:21:00.000,I 75,I 75 and Hwy 138,,Rear End,2,Cloudy,Dry,Daylight
2021-09-30T19:21:00.000,I 75,I 75 and Hwy 138,,Sideswipe-Same Direction,2,Clear,Dry,Dark-Not Lighted
2022-02-03T13:04:00.000,I 75,I 75 and Hwy 138,,Rear End,2,Rain,Wet,Daylight
2022-06-11T10:47:00.000,I 75,I 75 and Hwy 138,,Rear End,2,Cloudy,Dry,Daylight
2022-02-01T14:47:00.000,I 75,I 75 and Hwy 138,,Angle Crash,2,Clear,Dry,Daylight
2022-10-23T14:35:00.000,I 75,I 75 and Hwy 138,,Rear End,2,Clear,Dry,Daylight
2022-09-30T20:21:00.000,I 75,I 75 and Hwy 138,,Sideswipe-Same Direction,2,Clear,Dry,Dark-Not Lighted
2022-11-01T14:32:00.000,I 75,I 75 and Hwy 138,,Angle Crash,2,Clear,Dry,Daylight
2022-06-19T16:43:00.000,I 75,I 75 and Hwy 138,,Angle Crash,2,Clear,Dry,Daylight
2022-06-04T12:01:00.000,I 75,I 75 and Hwy 138,,Rear End,3,Cloudy,Dry,Daylight
2022-02-19T14:08:00.000,I 75,I 75 and Hwy 138,,Rear End,2,Clear,Dry,Daylight
2022-10-31T06:59:00.000,I 75,I 75 and Hwy 138,,Rear End,2,Clear,Wet,Dawn
2022-07-04T18:13:00.000,I 75,I 75 and Hwy 138,,Rear End,2,Cloudy,Wet,Daylight
2021-11-17T15:49:00.000,I 75,I 75 and Hwy 138,,Sideswipe-Same Direction,2,Clear,Dry,Daylight
2021-08-09T07:39:00.000,I 75,I 75 and Hwy 138,,Rear End,2,Clear,Dry,Daylight
2022-01-17T13:50:00.000,I 75,I 75 and Hwy 138,,Rear End,2,Cloudy,Dry,Daylight
2022-07-10T14:50:00.000,I 75,I 75 and Hwy 138,,Rear End,3,Clear,Dry,Daylight
2022-04-08T12:03:00.000,I 75,I 75 and Hwy 138,,Rear End,2,Clear,Dry,Daylight
2022-11-27T01:27:00.000,I 75,I 75 and Hwy 138,,Not a Collision with Motor Vehicle,1,Rain,Wet,Dark-Not Lighted
2022-11-15T11:35:00.000,I 75,I 75 and Hwy 138,,Not a Collision with Motor Vehicle,1,Clear,Dry,Daylight
2022-01-16T13:00:00.000,I 75,I 75 and Hwy 138,,Not a Collision with Motor Vehicle,1,Snow,Wet,Daylight
2022-01-02T13:35:00.000,I 75,I 75 and Hwy 138,,Rear End,2,Rain,Wet,Daylight
2022-09-28T16:59:00.000,I 75,I 75 and Hwy 138,,Rear End,2,Clear,Dry,Daylight
2022-01-29T13:38:00.000,I 75,I 75 and Hwy 138,,Rear End,2,Clear,Dry,Daylight
2022-03-03T11:58:00.000,I 75,I 75 and Hwy 138,,Rear End,3,Clear,Dry,Daylight
2022-06-05T15:26:00.000,I 75,I 75 and Hwy 138,,Angle Crash,2,Clear,Dry,Daylight
2022-07-10T21:37:00.000,I 75,I 75 and Hwy 138,,Not a Collision with Motor Vehicle,1,Rain,Wet,Dark-Not Lighted
2022-01-11T07:43:00.000,I 75,I 75 and Hwy 138,,Sideswipe-Same Direction,2,Clear,Dry,Daylight
2022-02-17T12:18:00.000,I 75,I 75 and Hwy 138,,Rear End,2,Cloudy,Dry,Daylight
2022-01-13T20:00:00.000,I 75,I 75 and Hwy 138,,Rear End,2,Clear,Dry,Dark-Not Lighted
2022-06-09T12:35:00.000,I 75,I 75 and Hwy 138,,Rear End,2,Clear,Dry,Daylight
2022-08-25T06:08:00.000,I 75,I 75 and Hwy 138,,Not a Collision with Motor Vehicle,1,Rain,Wet,Dark-Lighted
2022-02-24T19:35:00.000,I 75,I 75 and Hwy 138,,Angle Crash,2,Clear,Dry,Dark-Lighted
2022-01-09T18:35:00.000,I 75,I 75 and Hwy 138,,Not a Collision with Motor Vehicle,1,Cloudy,Wet,Dark-Not Lighted
2022-01-30T12:57:00.000,I 75,I 75 and Hwy 138,,Rear End,2,Clear,Dry,Daylight
2022-03-26T13:36:00.000,I 75,I 75 and Hwy 138,,Rear End,2,Clear,Dry,Daylight
2022-06-17T12:45:00.000,I 75,I 75 and Hwy 138,,Rear End,2,Clear,Dry,Daylight
2022-09-25T20:07:00.000,I 75,I 75 and Hwy 138,,Rear End,2,Clear,Dry,Daylight
2022-11-11T06:30:00.000,I 75,I 75 and Hwy 138,,Sideswipe-Same Direction,2,Rain,Wet,Dawn
2022-09-15T02:15:00.000,I 75,I 75 and Hwy 138,,Angle Crash,2,Clear,Dry,Dark-Not Lighted
2022-06-21T18:50:00.000,I 75,I 75 and Hwy 138,,Rear End,2,Clear,Dry,Daylight
2022-08-17T11:47:00.000,I 75,I 75 and Hwy 138,,Not a Collision with Motor Vehicle,1,Rain,Wet,Daylight
2022-01-31T14:41:00.000,I 75,I 75 and Hwy 138,,Angle Crash,2,Clear,Dry,Daylight
2022-11-16T15:38:00.000,I 75,I 75 and Hwy 138,,Rear End,2,Clear,Dry,Daylight
2024-10-21T15:32:00.000,I 75,I 75 and Hwy 138,,Rear End,2,Clear,Dry,Daylight
2024-01-27T16:15:00.000,I 75,I 75 and Hwy 138,,Angle Crash,2,Rain,Wet,Daylight
2024-09-06T07:40:00.000,I 75,I 75 and Hwy 138,,Rear End,3,Clear,Dry,Daylight
2024-11-30T11:18:00.000,I 75,I 75 and Hwy 138,,Sideswipe-Same Direction,2,Clear,Dry,Daylight
2024-01-21T12:20:00.000,I 75,I 75 and Hwy 138,,Rear End,2,Clear,Dry,Daylight
2024-12-22T19:10:00.000,I 75,I 75 and Hwy 138,,Rear End,3,Clear,Dry,Dark-Lighted
2024-12-30T13:07:00.000,I 75,I 75 and Hwy 138,,Rear End,2,Clear,Dry,Daylight
2023-05-29T13:20:00.000,I 75,I 75 and Hwy 138,,Rear End,2,Clear,Dry,Daylight
2023-06-15T11:25:00.000,I 75,I 75 and Hwy 138,,Rear End,2,Cloudy,Dry,Daylight
2024-11-22T18:00:00.000,I 75,I 75 and Hwy 138,,Rear End,2,Clear,Dry,Dark-Not Lighted
2024-03-10T13:34:00.000,I 75,I 75 and Hwy 138,,Rear End,2,Clear,Dry,Daylight
2024-12-27T14:52:00.000,I 75,I 75 and Hwy 138,,Rear End,2,Cloudy,Dry,Daylight
2024-11-30T10:04:00.000,I 75,I 75 and Hwy 138,,Rear End,2,Clear,Dry,Daylight
2024-10-26T15:09:00.000,I 75,I 75 and Hwy 138,,Rear End,2,Clear,Dry,Daylight
2024-03-31T06:06:00.000,I 75,I 75 and Hwy 138,,Not a Collision with Motor Vehicle,2,Clear,Dry,Dark-Not Lighted
2024-07-15T14:20:00.000,I 75,I 75 and Hwy 138,,Rear End,2,Clear,Dry,Daylight
2024-05-09T11:33:00.000,I 75,I 75 and Hwy 138,,Rear End,2,Rain,Wet,Daylight
2024-07-18T15:30:00.000,I 75,I 75 and Hwy 138,,Rear End,3,Rain,Wet,Daylight
2024-12-19T13:15:00.000,I 75,I 75 and Hwy 138,,Sideswipe-Same Direction,2,Clear,Dry,Daylight
2024-04-07T07:00:00.000,I 75,I 75 and Hwy 138,,Not a Collision with Motor Vehicle,1,Clear,Dry,Daylight
2024-12-18T05:26:00.000,I 75,I 75 and Hwy 138,,Sideswipe-Same Direction,2,Fog,Wet,Dark-Lighted
2024-12-27T10:29:00.000,I 75,I 75 and Hwy 138,,Rear End,2,Cloudy,Dry,Daylight
2024-07-14T15:35:00.000,I 75,I 75 and Hwy 138,,Rear End,2,Clear,Dry,Daylight
2024-03-23T16:34:00.000,I 75,I 75 and Hwy 138,,Sideswipe-Same Direction,2,Cloudy,Dry,Daylight
2024-09-30T10:30:00.000,I 75,I 75 and Hwy 138,,Rear End,2,Clear,Dry,Daylight
2024-05-18T18:19:00.000,I 75,I 75 and Hwy 138,,Rear End,2,Clear,Dry,Daylight
2022-11-09T05:40:00.000,I 75,I 75 and Hwy 136,,Not a Collision with Motor Vehicle,1,Clear,Dry,Dark-Not Lighted
2022-05-28T03:00:00.000,I 75,I 75 and Hwy 136,,Not a Collision with Motor Vehicle,1,Clear,Dry,Dark-Not Lighted
2020-05-17T19:50:00.000,I 75,I 75 and Hwy 113,,Not a Collision with Motor Vehicle,1,Rain,Water (standing or moving),Dusk
2020-12-17T08:14:00.000,I 75,I 75 and Hwy 113,,Sideswipe-Same Direction,2,Cloudy,Dry,Daylight
2023-05-08T00:14:00.000,I 75,I 75 and Hwy 112,,Not a Collision with Motor Vehicle,1,Clear,Dry,Dark-Not Lighted
2020-03-20T18:59:00.000,I 75,I 75 and Hw201,,Rear End,2,Rain,Wet,Daylight
2021-05-22T17:57:00.000,I 75,I 75 and Hw 138,,Rear End,2,Clear,Dry,Daylight
2024-12-22T19:15:00.000,I 75,I 75 and Huntington Dr,,Sideswipe-Same Direction,2,Clear,Dry,Dark-Lighted
2024-05-13T17:07:00.000,I 75,I 75 and Hunson Bridge Rd,,Rear End,2,Cloudy,Dry,Daylight
2022-05-05T14:45:00.000,I 75,I 75 and Hundson Bridge Rd,,Rear End,3,Clear,Dry,Daylight
2020-06-09T19:30:00.000,I 75,I 75 and Hundson Bridge Rd,,Not a Collision with Motor Vehicle,1,Clear,Dry,Daylight
2021-12-18T20:14:00.000,I 75,I 75 and Hudson Bridge Road Exit Rp,,Rear End,2,Rain,Wet,Dark-Lighted
2024-04-14T12:20:00.000,I 75,I 75 and Hudson Bridge Road Exit 224,,Rear End,2,Clear,Dry,Daylight
2021-12-20T19:40:00.000,I 75,I 75 and Hudson Bridge Road   224,,Rear End,2,Clear,Dry,Dark-Not Lighted
2022-03-08T16:53:00.000,I 75,I 75 and Hudson Bridge Rd..,,Not a Collision with Motor Vehicle,1,Rain,Wet,Daylight