Date and Time,Roadway (From Crash Report),Intersection Name (from Crash Report),KABCO Severity,Manner of Collision (Crash Level) ,# of Vehicles per crash ,Weather Conditions (Crash Level),Surface Condition (Crash Level) ,Light Conditions (Crash Level)
2021-09-17T14:47:00.000,I 75,I 75 and Hudson Bridge Rd. Rd,,Rear End,2,Cloudy,Dry,Daylight
2021-08-24T15:25:00.000,I 75,I 75 and Hudson Bridge Rd. Rd,,Angle Crash,4,Clear,Dry,Daylight
2021-09-16T11:14:00.000,I 75,I 75 and Hudson Bridge Rd. Rd,,Sideswipe-Same Direction,2,Cloudy,Wet,Daylight
2021-09-06T21:25:00.000,I 75,I 75 and Hudson Bridge Rd. Rd,,Not a Collision with Motor Vehicle,1,Clear,Wet,Dark-Not Lighted
2021-11-14T16:53:00.000,I 75,I 75 and Hudson Bridge Rd.,,Rear End,2,Clear,Dry,Daylight
2021-11-13T04:21:00.000,I 75,I 75 and Hudson Bridge Rd.,,Rear End,2,Clear,Dry,Dark-Not Lighted
2021-11-16T19:44:00.000,I 75,I 75 and Hudson Bridge Rd.,,Not a Collision with Motor Vehicle,1,Clear,Dry,Dark-Lighted
2021-11-27T18:39:00.000,I 75,I 75 and Hudson Bridge Rd.,,Rear End,2,Clear,Dry,Dark-Lighted
2021-12-21T16:00:00.000,I 75,I 75 and Hudson Bridge Rd.,,Rear End,2,Cloudy,Wet,Daylight
2021-11-14T18:19:00.000,I 75,I 75 and Hudson Bridge Rd.,,Rear End,2,Clear,Dry,Dark-Lighted
2022-05-30T12:31:00.000,I 75,I 75 and Hudson Bridge Rd.,,Not a Collision with Motor Vehicle,1,Clear,Dry,Daylight
2021-10-25T17:33:00.000,I 75,I 75 and Hudson Bridge Rd.,,Sideswipe-Same Direction,2,Clear,Dry,Daylight
2021-10-05T18:17:00.000,I 75,I 75 and Hudson Bridge Rd.,,Rear End,2,Cloudy,Wet,Daylight
2022-01-02T18:55:00.000,I 75,I 75 and Hudson Bridge Rd.,,Rear End,4,Cloudy,Wet,Dark-Lighted
2021-10-08T09:51:00.000,I 75,I 75 and Hudson Bridge Rd.,,Not a Collision with Motor Vehicle,1,Cloudy,Wet,Daylight
2022-05-28T12:48:00.000,I 75,I 75 and Hudson Bridge Rd.,,Sideswipe-Same Direction,2,Clear,Dry,Daylight
2022-06-20T11:51:00.000,I 75,I 75 and Hudson Bridge Rd.,,Rear End,4,Clear,Dry,Daylight
2022-07-01T08:40:00.000,I 75,I 75 and Hudson Bridge Rd.,,Rear End,2,Cloudy,Dry,Daylight
2022-04-15T07:03:00.000,I 75,I 75 and Hudson Bridge Rd.,,Sideswipe-Same Direction,2,Clear,Dry,Daylight
2022-01-02T15:39:00.000,I 75,I 75 and Hudson Bridge Rd.,,Rear End,2,Cloudy,Wet,Daylight
2022-11-06T04:14:00.000,I 75,I 75 and Hudson Bridge Rd.,,Sideswipe-Same Direction,2,Clear,Dry,Dark-Lighted
2022-05-27T08:29:00.000,I 75,I 75 and Hudson Bridge Rd.,,Rear End,2,Clear,Dry,Daylight
2024-04-14T14:56:00.000,I 75,I 75 and Hudson Bridge Rd.,,Sideswipe-Same Direction,2,Clear,Dry,Daylight
2023-05-11T22:45:00.000,I 75,I 75 and Hudson Bridge Rd Mm224,,Not a Collision with Motor Vehicle,1,Clear,Dry,Dark-Lighted
2021-08-23T21:13:00.000,I 75,I 75 and Hudson Bridge Rd Mile Marker 225,,Rear End,2,Clear,Dry,Dark-Lighted
2024-06-27T18:16:00.000,I 75,I 75 and Hudson Bridge Rd Exit 224,,Rear End,4,Cloudy,Dry,Daylight
2024-08-22T16:36:00.000,I 75,I 75 and Hudson Bridge Rd Exit,,Rear End,2,Clear,Dry,Daylight
2021-11-26T13:58:00.000,I 75,I 75 and Hudson Bridge Rd Eagles Lndg Pwky,,Not a Collision with Motor Vehicle,1,Clear,Dry,Daylight
2021-05-03T00:20:00.000,I 75,I 75 and Hudson Bridge Rd,,Sideswipe-Same Direction,2,Clear,Dry,Dark-Lighted
2021-01-19T06:53:00.000,I 75,I 75 and Hudson Bridge Rd,,Sideswipe-Same Direction,2,Clear,Dry,Daylight
2021-03-23T00:19:00.000,I 75,I 75 and Hudson Bridge Rd,,Not a Collision with Motor Vehicle,1,Clear,Dry,Dark-Lighted
2021-01-29T19:53:00.000,I 75,I 75 and Hudson Bridge Rd,,Rear End,3,Clear,Dry,Dark-Lighted
2021-03-28T13:12:00.000,I 75,I 75 and Hudson Bridge Rd,,Rear End,2,Cloudy,Dry,Daylight
2021-01-11T09:10:00.000,I 75,I 75 and Hudson Bridge Rd,,Rear End,2,Cloudy,Dry,Daylight
2021-02-12T12:40:00.000,I 75,I 75 and Hudson Bridge Rd,,Rear End,2,Cloudy,Wet,Daylight
2021-01-22T18:03:00.000,I 75,I 75 and Hudson Bridge Rd,,Sideswipe-Same Direction,2,Clear,Dry,Dark-Not Lighted
2021-02-13T06:14:00.000,I 75,I 75 and Hudson Bridge Rd,,Sideswipe-Same Direction,2,Rain,Wet,Dark-Lighted
2021-03-03T15:58:00.000,I 75,I 75 and Hudson Bridge Rd,,Rear End,3,Clear,Dry,Daylight
2021-01-13T13:35:00.000,I 75,I 75 and Hudson Bridge Rd,,Not a Collision with Motor Vehicle,1,Clear,Dry,Daylight
2021-02-28T12:18:00.000,I 75,I 75 and Hudson Bridge Rd,,Rear End,2,Clear,Dry,Daylight
2021-03-22T18:20:00.000,I 75,I 75 and Hudson Bridge Rd,,Rear End,2,Clear,Dry,Daylight
2021-03-22T11:18:00.000,I 75,I 75 and Hudson Bridge Rd,,Rear End,2,Clear,Dry,Daylight
2021-08-20T16:54:00.000,I 75,I 75 and Hudson Bridge Rd,,Sideswipe-Same Direction,2,Clear,Dry,Daylight
2021-12-16T17:40:00.000,I 75,I 75 and Hudson Bridge Rd,,Rear End,2,Clear,Dry,Dark-Lighted
2021-10-27T17:26:00.000,I 75,I 75 and Hudson Bridge Rd,,Rear End,2,Clear,Dry,Daylight
2021-10-09T21:03:00.000,I 75,I 75 and Hudson Bridge Rd,,Rear End,2,Clear,Dry,Dark-Not Lighted
2021-11-28T18:15:00.000,I 75,I 75 and Hudson Bridge Rd,,Rear End,2,Clear,Dry,Daylight
2021-12-31T23:31:00.000,I 75,I 75 and Hudson Bridge Rd,,Rear End,2,Cloudy,Wet,Dark-Lighted
2021-09-16T16:21:00.000,I 75,I 75 and Hudson Bridge Rd,,Rear End,2,Cloudy,Wet,Daylight
2021-12-30T10:07:00.000,I 75,I 75 and Hudson Bridge Rd,,Rear End,2,Rain,Wet,Daylight
2021-10-08T11:08:00.000,I 75,I 75 and Hudson Bridge Rd,,Sideswipe-Same Direction,2,Clear,Dry,Daylight
2021-10-08T16:14:00.000,I 75,I 75 and Hudson Bridge Rd,,Rear End,2,Clear,Dry,Daylight
2021-09-29T11:15:00.000,I 75,I 75 and Hudson Bridge Rd,,Sideswipe-Same Direction,2,Clear,Dry,Daylight
2021-08-10T14:45:00.000,I 75,I 75 and Hudson Bridge Rd,,Not a Collision with Motor Vehicle,2,Clear,Dry,Daylight
2021-08-30T16:17:00.000,I 75,I 75 and Hudson Bridge Rd,,Rear End,2,Cloudy,Wet,Daylight
2021-07-18T04:21:00.000,I 75,I 75 and Hudson Bridge Rd,,Sideswipe-Same Direction,2,Clear,Dry,Dark-Lighted
2021-03-18T06:00:00.000,I 75,I 75 and Hudson Bridge Rd,,Angle Crash,2,Rain,Water (standing or moving),Dark-Lighted
2021-01-06T17:27:00.000,I 75,I 75 and Hudson Bridge Rd,,Angle Crash,2,Clear,Dry,Dusk
2021-05-11T10:16:00.000,I 75,I 75 and Hudson Bridge Rd,,Rear End,3,Cloudy,Dry,Daylight
2021-04-24T18:45:00.000,I 75,I 75 and Hudson Bridge Rd,,Rear End,2,Rain,Wet,Daylight
2021-05-03T16:29:00.000,I 75,I 75 and Hudson Bridge Rd,,Rear End,2,Rain,Wet,Daylight
2021-05-18T11:38:00.000,I 75,I 75 and Hudson Bridge Rd,,Rear End,2,Cloudy,Dry,Daylight
2021-01-15T13:00:00.000,I 75,I 75 and Hudson Bridge Rd,,Rear End,2,Clear,Dry,Daylight
2021-05-26T14:19:00.000,I 75,I 75 and Hudson Bridge Rd,,Angle Crash,2,Clear,Dry,Daylight
2021-01-17T16:16:00.000,I 75,I 75 and Hudson Bridge Rd,,Not a Collision with Motor Vehicle,2,Clear,Dry,Daylight
2021-04-13T08:16:00.000,I 75,I 75 and Hudson Bridge Rd,,Sideswipe-Same Direction,2,Clear,Dry,Daylight
2021-04-03T21:53:00.000,I 75,I 75 and Hudson Bridge Rd,,Not a Collision with Motor Vehicle,1,Clear,Dry,Dark-Lighted
2021-06-24T12:35:00.000,I 75,I 75 and Hudson Bridge Rd,,Rear End,2,Cloudy,Dry,Daylight
2021-03-07T21:06:00.000,I 75,I 75 and Hudson Bridge Rd,,Not a Collision with Motor Vehicle,1,Clear,Dry,Dark-Not Lighted
2021-03-13T19:19:00.000,I 75,I 75 and Hudson Bridge Rd,,Rear End,2,Clear,Dry,Dark-Not Lighted
2021-05-03T09:40:00.000,I 75,I 75 and Hudson Bridge Rd,,Rear End,2,Rain,Wet,Daylight
2021-04-10T12:25:00.000,I 75,I 75 and Hudson Bridge Rd,,Rear End,2,Rain,Wet,Daylight
2021-01-13T07:30:00.000,I 75,I 75 and Hudson Bridge Rd,,Angle Crash,2,Clear,Dry,Daylight
2021-06-20T11:02:00.000,I 75,I 75 and Hudson Bridge Rd,,Rear End,2,Cloudy,Dry,Daylight
2021-01-27T19:10:00.000,I 75,I 75 and Hudson Bridge Rd,,Angle Crash,2,Rain,Wet,Dark-Not Lighted
2021-01-22T09:07:00.000,I 75,I 75 and Hudson Bridge Rd,,Sideswipe-Same Direction,2,Cloudy,Wet,Daylight
2021-03-16T09:20:00.000,I 75,I 75 and Hudson Bridge Rd,,Not a Collision with Motor Vehicle,1,Rain,Dry,Daylight
2021-03-26T02:22:00.000,I 75,I 75 and Hudson Bridge Rd,,Not a Collision with Motor Vehicle,1,Rain,Wet,Dark-Lighted
2021-02-17T01:16:00.000,I 75,I 75 and Hudson Bridge Rd,,Sideswipe-Same Direction,2,Cloudy,Dry,Dark-Not Lighted
2021-11-17T17:11:00.000,I 75,I 75 and Hudson Bridge Rd,,Rear End,3,Clear,Dry,Daylight
2021-09-28T14:09:00.000,I 75,I 75 and Hudson Bridge Rd,,Sideswipe-Same Direction,2,Clear,Dry,Daylight
2021-08-07T15:08:00.000,I 75,I 75 and Hudson Bridge Rd,,Angle Crash,2,Clear,Dry,Daylight
2021-08-21T20:06:00.000,I 75,I 75 and Hudson Bridge Rd,,Sideswipe-Same Direction,2,Clear,Dry,Daylight
2021-12-18T19:25:00.000,I 75,I 75 and Hudson Bridge Rd,,Sideswipe-Same Direction,2,Rain,Wet,Dark-Lighted
2021-09-17T17:11:00.000,I 75,I 75 and Hudson Bridge Rd,,Rear End,2,Clear,Dry,Daylight
2021-08-23T09:52:00.000,I 75,I 75 and Hudson Bridge Rd,,Sideswipe-Same Direction,2,Clear,Dry,Daylight
2021-08-16T14:08:00.000,I 75,I 75 and Hudson Bridge Rd,,Angle Crash,3,Cloudy,Dry,Daylight
2021-12-24T09:38:00.000,I 75,I 75 and Hudson Bridge Rd,,Rear End,2,Clear,Dry,Dark-Lighted
2021-12-21T12:42:00.000,I 75,I 75 and Hudson Bridge Rd,,Sideswipe-Same Direction,2,Rain,Wet,Daylight
2021-09-05T04:22:00.000,I 75,I 75 and Hudson Bridge Rd,,Sideswipe-Same Direction,2,Clear,Dry,Dark-Lighted
2021-10-21T06:30:00.000,I 75,I 75 and Hudson Bridge Rd,,Not a Collision with Motor Vehicle,1,Clear,Dry,Dark-Not Lighted
2021-12-05T11:23:00.000,I 75,I 75 and Hudson Bridge Rd,,Rear End,2,Cloudy,Dry,Daylight
2021-12-10T10:15:00.000,I 75,I 75 and Hudson Bridge Rd,,Angle Crash,2,Rain,Wet,Daylight
2021-09-18T15:23:00.000,I 75,I 75 and Hudson Bridge Rd,,Rear End,2,Clear,Dry,Daylight
2021-08-22T15:40:00.000,I 75,I 75 and Hudson Bridge Rd,,Rear End,2,Rain,Wet,Daylight
2021-09-30T14:08:00.000,I 75,I 75 and Hudson Bridge Rd,,Sideswipe-Same Direction,2,Clear,Dry,Daylight
2021-09-30T17:34:00.000,I 75,I 75 and Hudson Bridge Rd,,Rear End,2,Clear,Dry,Daylight
2021-02-19T17:59:00.000,I 75,I 75 and Hudson Bridge Rd,,Sideswipe-Same Direction,2,Clear,Dry,Daylight
2021-08-22T07:46:00.000,I 75,I 75 and Hudson Bridge Rd,,Not a Collision with Motor Vehicle,1,Cloudy,Dry,Daylight
2021-10-27T15:21:00.000,I 75,I 75 and Hudson Bridge Rd,,Sideswipe-Same Direction,2,Clear,Dry,Daylight
2021-12-17T12:25:00.000,I 75,I 75 and Hudson Bridge Rd,,Rear End,2,Cloudy,Dry,Daylight
2021-12-17T16:52:00.000,I 75,I 75 and Hudson Bridge Rd,,Rear End,2,Cloudy,Dry,Daylight
2021-12-30T11:36:00.000,I 75,I 75 and Hudson Bridge Rd,,Angle Crash,2,Cloudy,Water (standing or moving),Daylight
2021-12-09T17:14:00.000,I 75,I 75 and Hudson Bridge Rd,,Sideswipe-Same Direction,2,Clear,Dry,Dusk
2021-12-30T05:22:00.000,I 75,I 75 and Hudson Bridge Rd,,Not a Collision with Motor Vehicle,1,Rain,Wet,Dark-Not Lighted
2021-08-30T13:50:00.000,I 75,I 75 and Hudson Bridge Rd,,Rear End,2,Cloudy,Dry,Daylight
2021-11-04T10:24:00.000,I 75,I 75 and Hudson Bridge Rd,,Rear End,3,Rain,Wet,Daylight
2021-11-09T18:42:00.000,I 75,I 75 and Hudson Bridge Rd,,Sideswipe-Same Direction,2,Clear,Dry,Dark-Lighted
2021-07-23T11:56:00.000,I 75,I 75 and Hudson Bridge Rd,,Sideswipe-Same Direction,2,Clear,Dry,Daylight
2021-11-24T22:01:00.000,I 75,I 75 and Hudson Bridge Rd,,Rear End,2,Clear,Dry,Dark-Not Lighted
2021-10-27T20:08:00.000,I 75,I 75 and Hudson Bridge Rd,,Sideswipe-Same Direction,2,Clear,Dry,Daylight
2021-11-18T15:06:00.000,I 75,I 75 and Hudson Bridge Rd,,Rear End,3,Clear,Dry,Daylight
2021-08-21T21:11:00.000,I 75,I 75 and Hudson Bridge Rd,,Rear End,2,Clear,Dry,Dark-Lighted
2021-12-21T20:20:00.000,I 75,I 75 and Hudson Bridge Rd,,Angle Crash,2,Clear,Dry,Dark-Lighted
2021-12-05T11:23:00.000,I 75,I 75 and Hudson Bridge Rd,,Rear End,2,Cloudy,Dry,Daylight
2021-11-02T23:30:00.000,I 75,I 75 and Hudson Bridge Rd,,Sideswipe-Same Direction,2,Clear,Dry,Dark-Not Lighted
2021-07-16T10:24:00.000,I 75,I 75 and Hudson Bridge Rd,,Rear End,2,Clear,Dry,Daylight
2021-11-15T07:55:00.000,I 75,I 75 and Hudson Bridge Rd,,Rear End,2,Cloudy,Dry,Daylight
2021-08-14T16:57:00.000,I 75,I 75 and Hudson Bridge Rd,,Not a Collision with Motor Vehicle,1,Cloudy,Dry,Daylight
2021-10-28T14:13:00.000,I 75,I 75 and Hudson Bridge Rd,,Rear End,2,Cloudy,Dry,Daylight
2021-02-05T10:58:00.000,I 75,I 75 and Hudson Bridge Rd,,Rear End,3,Cloudy,Dry,Daylight
2021-02-02T17:28:00.000,I 75,I 75 and Hudson Bridge Rd,,Angle Crash,2,Cloudy,Dry,Daylight
2021-03-06T09:20:00.000,I 75,I 75 and Hudson Bridge Rd,,Rear End,2,Cloudy,Dry,Daylight
2021-06-04T11:53:00.000,I 75,I 75 and Hudson Bridge Rd,,Sideswipe-Same Direction,2,Cloudy,Dry,Daylight
2021-05-29T13:01:00.000,I 75,I 75 and Hudson Bridge Rd,,Rear End,2,Cloudy,Dry,Daylight
2021-05-11T08:07:00.000,I 75,I 75 and Hudson Bridge Rd,,Rear End,2,Cloudy,Dry,Daylight
2021-01-20T20:45:00.000,I 75,I 75 and Hudson Bridge Rd,,Not a Collision with Motor Vehicle,1,Clear,Dry,Dark-Not Lighted
2021-11-08T00:47:00.000,I 75,I 75 and Hudson Bridge Rd,,Rear End,2,Clear,Dry,Dark-Lighted
2021-10-25T15:28:00.000,I 75,I 75 and Hudson Bridge Rd,,Sideswipe-Same Direction,2,Clear,Dry,Daylight
2021-10-12T16:37:00.000,I 75,I 75 and Hudson Bridge Rd,,Rear End,2,Clear,Dry,Daylight
2021-12-23T12:45:00.000,I 75,I 75 and Hudson Bridge Rd,,Sideswipe-Same Direction,2,Clear,Dry,Daylight
2021-10-20T15:19:00.000,I 75,I 75 and Hudson Bridge Rd,,Rear End,2,Clear,Dry,Daylight
2021-12-14T14:57:00.000,I 75,I 75 and Hudson Bridge Rd,,Rear End,3,Clear,Dry,Daylight
2021-11-20T11:55:00.000,I 75,I 75 and Hudson Bridge Rd,,Sideswipe-Same Direction,2,Clear,Dry,Daylight
2021-12-11T08:09:00.000,I 75,I 75 and Hudson Bridge Rd,,Not a Collision with Motor Vehicle,1,Cloudy,Wet,Daylight
2021-11-22T12:30:00.000,I 75,I 75 and Hudson Bridge Rd,,Sideswipe-Same Direction,2,Clear,Dry,Daylight
2021-08-02T15:07:00.000,I 75,I 75 and Hudson Bridge Rd,,Sideswipe-Same Direction,2,Clear,Dry,Daylight
2021-07-22T16:24:00.000,I 75,I 75 and Hudson Bridge Rd,,Rear End,2,Cloudy,Dry,Daylight
2021-09-10T00:27:00.000,I 75,I 75 and Hudson Bridge Rd,,Head On,3,Clear,Dry,Dark-Not Lighted
2021-11-06T13:51:00.000,I 75,I 75 and Hudson Bridge Rd,,Sideswipe-Same Direction,2,Clear,Dry,Daylight
2021-12-09T17:16:00.000,I 75,I 75 and Hudson Bridge Rd,,Sideswipe-Same Direction,2,Clear,Dry,Dusk
2021-12-13T14:54:00.000,I 75,I 75 and Hudson Bridge Rd,,Rear End,2,Clear,Dry,Daylight
2021-09-21T17:33:00.000,I 75,I 75 and Hudson Bridge Rd,,Rear End,2,Clear,Dry,Daylight
2021-09-25T09:46:00.000,I 75,I 75 and Hudson Bridge Rd,,Rear End,2,Clear,Dry,Daylight
2021-12-09T17:34:00.000,I 75,I 75 and Hudson Bridge Rd,,Angle Crash,2,Clear,Dry,Dark-Lighted
2021-06-07T12:12:00.000,I 75,I 75 and Hudson Bridge Rd,,Sideswipe-Same Direction,3,Clear,Dry,Daylight
2021-03-27T14:28:00.000,I 75,I 75 and Hudson Bridge Rd,,Rear End,2,Clear,Dry,Daylight
2021-01-08T14:34:00.000,I 75,I 75 and Hudson Bridge Rd,,Rear End,3,Rain,Wet,Daylight
2021-03-05T13:32:00.000,I 75,I 75 and Hudson Bridge Rd,,Rear End,2,Clear,Dry,Daylight
2021-02-06T14:59:00.000,I 75,I 75 and Hudson Bridge Rd,,Not a Collision with Motor Vehicle,2,Rain,Wet,Daylight
2021-04-28T06:56:00.000,I 75,I 75 and Hudson Bridge Rd,,Rear End,2,Clear,Dry,Daylight
2021-03-13T13:28:00.000,I 75,I 75 and Hudson Bridge Rd,,Rear End,2,Clear,Dry,Daylight
2021-03-12T12:14:00.000,I 75,I 75 and Hudson Bridge Rd,,Sideswipe-Same Direction,2,Clear,Dry,Daylight
2020-03-25T11:53:00.000,I 75,I 75 and Hudson Bridge Rd,,Sideswipe-Same Direction,2,Clear,Dry,Daylight
2020-10-13T08:20:00.000,I 75,I 75 and Hudson Bridge Rd,,Angle Crash,2,Clear,Dry,Daylight
2020-02-09T13:30:00.000,I 75,I 75 and Hudson Bridge Rd,,Sideswipe-Same Direction,2,Clear,Dry,Daylight
2020-02-05T16:50:00.000,I 75,I 75 and Hudson Bridge Rd,,Rear End,2,Rain,Wet,Daylight
2020-06-20T12:53:00.000,I 75,I 75 and Hudson Bridge Rd,,Rear End,2,Clear,Dry,Daylight
2020-06-24T16:07:00.000,I 75,I 75 and Hudson Bridge Rd,,Rear End,2,Cloudy,Dry,Daylight
2020-06-05T18:00:00.000,I 75,I 75 and Hudson Bridge Rd,,Rear End,3,Cloudy,Dry,Daylight
2020-05-28T15:36:00.000,I 75,I 75 and Hudson Bridge Rd,,Rear End,2,Clear,Dry,Daylight
2023-04-02T00:51:00.000,I 75,I 75 and Hudson Bridge Rd,,Angle Crash,2,Clear,Dry,Dark-Not Lighted
2023-07-31T16:35:00.000,I 75,I 75 and Hudson Bridge Rd,,Rear End,3,Clear,Dry,Daylight
2023-03-23T10:40:00.000,I 75,I 75 and Hudson Bridge Rd,,Rear End,3,Clear,Dry,Daylight
2023-11-28T15:01:00.000,I 75,I 75 and Hudson Bridge Rd,,Rear End,2,Clear,Dry,Daylight
2023-05-10T04:40:00.000,I 75,I 75 and Hudson Bridge Rd,,Sideswipe-Same Direction,2,Clear,Dry,Dawn
2023-07-26T14:13:00.000,I 75,I 75 and Hudson Bridge Rd,,Rear End,2,Clear,Dry,Daylight
2023-12-27T14:41:00.000,I 75,I 75 and Hudson Bridge Rd,,Rear End,2,Clear,Dry,Daylight
2023-02-15T17:32:00.000,I 75,I 75 and Hudson Bridge Rd,,Sideswipe-Same Direction,2,Clear,Dry,Daylight
2023-06-25T14:45:00.000,I 75,I 75 and Hudson Bridge Rd,,Rear End,2,Clear,Dry,Daylight
2023-06-04T15:43:00.000,I 75,I 75 and Hudson Bridge Rd,,Rear End,2,Clear,Dry,Daylight
2023-02-02T11:26:00.000,I 75,I 75 and Hudson Bridge Rd,,Rear End,3,Rain,Wet,Daylight
2023-05-21T13:43:00.000,I 75,I 75 and Hudson Bridge Rd,,Rear End,2,Clear,Dry,Daylight
2023-04-21T15:17:00.000,I 75,I 75 and Hudson Bridge Rd,,Rear End,4,Clear,Dry,Daylight
2023-09-14T05:40:00.000,I 75,I 75 and Hudson Bridge Rd,,Sideswipe-Same Direction,2,Clear,Dry,Dawn
2023-05-30T12:49:00.000,I 75,I 75 and Hudson Bridge Rd,,Rear End,2,Clear,Dry,Daylight
2023-03-15T08:02:00.000,I 75,I 75 and Hudson Bridge Rd,,Sideswipe-Same Direction,2,Clear,Dry,Dark-Lighted
2023-02-11T17:45:00.000,I 75,I 75 and Hudson Bridge Rd,,Rear End,2,Rain,Wet,Daylight
2023-03-05T18:36:00.000,I 75,I 75 and Hudson Bridge Rd,,Rear End,2,Clear,Dry,Dusk
2023-08-23T15:55:00.000,I 75,I 75 and Hudson Bridge Rd,,Sideswipe-Same Direction,2,Clear,Dry,Daylight
2023-11-26T12:50:00.000,I 75,I 75 and Hudson Bridge Rd,,Rear End,2,Rain,Wet,Daylight
2023-02-17T06:50:00.000,I 75,I 75 and Hudson Bridge Rd,,Sideswipe-Same Direction,2,Rain,Wet,Dark-Lighted
2023-11-18T11:09:00.000,I 75,I 75 and Hudson Bridge Rd,,Rear End,2,Clear,Dry,Daylight
2023-07-09T09:00:00.000,I 75,I 75 and Hudson Bridge Rd,,Not a Collision with Motor Vehicle,1,Clear,Dry,Dark-Not Lighted
2023-03-01T15:31:00.000,I 75,I 75 and Hudson Bridge Rd,,Sideswipe-Same Direction,2,Clear,Dry,Daylight
2023-05-15T10:44:00.000,I 75,I 75 and Hudson Bridge Rd,,Rear End,2,Clear,Dry,Daylight
2023-07-13T13:38:00.000,I 75,I 75 and Hudson Bridge Rd,,Rear End,2,Clear,Dry,Daylight
2023-10-21T21:59:00.000,I 75,I 75 and Hudson Bridge Rd,,Sideswipe-Same Direction,3,Clear,Dry,Dark-Not Lighted
2023-04-07T10:47:00.000,I 75,I 75 and Hudson Bridge Rd,,Sideswipe-Same Direction,2,Clear,Dry,Daylight
2023-11-18T09:14:00.000,I 75,I 75 and Hudson Bridge Rd,,Angle Crash,2,Clear,Dry,Daylight
2023-01-22T14:40:00.000,I 75,I 75 and Hudson Bridge Rd,,Rear End,2,Rain,Wet,Daylight
2023-06-29T07:51:00.000,I 75,I 75 and Hudson Bridge Rd,,Rear End,2,Clear,Dry,Daylight
2023-07-09T15:57:00.000,I 75,I 75 and Hudson Bridge Rd,,Rear End,2,Clear,Dry,Daylight
2023-05-10T05:21:00.000,I 75,I 75 and Hudson Bridge Rd,,Sideswipe-Opposite Direction,2,Clear,Dry,Dark-Lighted
2023-06-22T14:56:00.000,I 75,I 75 and Hudson Bridge Rd,,Rear End,2,Rain,Wet,Daylight
2023-03-21T15:45:00.000,I 75,I 75 and Hudson Bridge Rd,,Rear End,2,Clear,Dry,Daylight
2023-08-07T12:49:00.000,I 75,I 75 and Hudson Bridge Rd,,Rear End,2,Clear,Dry,Daylight
2023-05-23T17:12:00.000,I 75,I 75 and Hudson Bridge Rd,,Rear End,2,Clear,Dry,Daylight
2023-08-03T14:56:00.000,I 75,I 75 and Hudson Bridge Rd,,Sideswipe-Same Direction,2,Clear,Dry,Daylight
2023-05-04T08:29:00.000,I 75,I 75 and Hudson Bridge Rd,,Sideswipe-Same Direction,2,Clear,Dry,Daylight
2023-12-11T12:02:00.000,I 75,I 75 and Hudson Bridge Rd,,Angle Crash,2,Clear,Dry,Daylight
2023-08-12T12:57:00.000,I 75,I 75 and Hudson Bridge Rd,,Rear End,2,Clear,Dry,Daylight
2023-01-10T19:12:00.000,I 75,I 75 and Hudson Bridge Rd,,Rear End,2,Clear,Dry,Dark-Lighted
2023-01-21T14:15:00.000,I 75,I 75 and Hudson Bridge Rd,,Rear End,2,Clear,Dry,Daylight
2023-07-06T18:41:00.000,I 75,I 75 and Hudson Bridge Rd,,Rear End,2,Clear,Dry,Daylight
2023-02-09T13:25:00.000,I 75,I 75 and Hudson Bridge Rd,,Rear End,2,Clear,Dry,Daylight
2023-03-10T09:58:00.000,I 75,I 75 and Hudson Bridge Rd,,Rear End,2,Rain,Wet,Daylight
2023-04-27T06:55:00.000,I 75,I 75 and Hudson Bridge Rd,,Rear End,3,Rain,Dry,Daylight
2023-02-09T15:33:00.000,I 75,I 75 and Hudson Bridge Rd,,Rear End,2,Clear,Dry,Daylight
2023-09-04T10:04:00.000,I 75,I 75 and Hudson Bridge Rd,,Angle Crash,2,Clear,Dry,Daylight
2023-07-13T18:00:00.000,I 75,I 75 and Hudson Bridge Rd,,Rear End,2,Clear,Dry,Daylight
2023-11-21T17:41:00.000,I 75,I 75 and Hudson Bridge Rd,,Rear End,2,Rain,Wet,Dark-Lighted
2023-07-28T12:00:00.000,I 75,I 75 and Hudson Bridge Rd,,Rear End,2,Clear,Dry,Daylight
2023-01-18T06:47:00.000,I 75,I 75 and Hudson Bridge Rd,,Rear End,2,Clear,Dry,Daylight
2023-08-13T20:07:00.000,I 75,I 75 and Hudson Bridge Rd,,Rear End,2,Clear,Dry,Dark-Lighted
2023-06-23T10:56:00.000,I 75,I 75 and Hudson Bridge Rd,,Rear End,2,Clear,Dry,Dark-Lighted
2023-12-16T19:21:00.000,I 75,I 75 and Hudson Bridge Rd,,Rear End,2,Rain,Wet,Dark-Not Lighted
2023-04-02T13:45:00.000,I 75,I 75 and Hudson Bridge Rd,,Rear End,2,Clear,Dry,Daylight
2023-05-28T18:40:00.000,I 75,I 75 and Hudson Bridge Rd,,Not a Collision with Motor Vehicle,1,Clear,Dry,Daylight
2023-03-30T18:11:00.000,I 75,I 75 and Hudson Bridge Rd,,Rear End,2,Clear,Dry,Daylight
2023-06-27T17:45:00.000,I 75,I 75 and Hudson Bridge Rd,,Rear End,2,Clear,Dry,Daylight
2023-11-28T18:18:00.000,I 75,I 75 and Hudson Bridge Rd,,Rear End,3,Clear,Dry,Dark-Lighted
2023-06-16T14:00:00.000,I 75,I 75 and Hudson Bridge Rd,,Rear End,2,Clear,Dry,Daylight
2023-06-03T20:48:00.000,I 75,I 75 and Hudson Bridge Rd,,Rear End,2,Clear,Dry,Dark-Lighted
2023-06-05T17:00:00.000,I 75,I 75 and Hudson Bridge Rd,,Rear End,2,Clear,Dry,Daylight
2023-10-20T05:34:00.000,I 75,I 75 and Hudson Bridge Rd,,Rear End,2,Cloudy,Dry,Dark-Not Lighted
2023-08-25T11:19:00.000,I 75,I 75 and Hudson Bridge Rd,,Rear End,2,Clear,Dry,Daylight