Date and Time,Roadway (From Crash Report),Intersection Name (from Crash Report),KABCO Severity,Manner of Collision (Crash Level) ,# of Vehicles per crash ,Weather Conditions (Crash Level),Surface Condition (Crash Level) ,Light Conditions (Crash Level)
2023-05-04T12:00:00.000,I 75,I 75 and Hudson Bridge Rd,,Rear End,2,Clear,Dry,Daylight
2023-05-17T14:45:00.000,I 75,I 75 and Hudson Bridge Rd,,Rear End,2,Cloudy,Dry,Daylight
2023-05-20T13:48:00.000,I 75,I 75 and Hudson Bridge Rd,,Not a Collision with Motor Vehicle,1,Clear,Dry,Daylight
2023-08-05T13:46:00.000,I 75,I 75 and Hudson Bridge Rd,,Rear End,2,Clear,Dry,Daylight
2023-04-11T12:30:00.000,I 75,I 75 and Hudson Bridge Rd,,Rear End,2,Clear,Dry,Daylight
2023-04-02T16:48:00.000,I 75,I 75 and Hudson Bridge Rd,,Rear End,2,Clear,Dry,Daylight
2023-04-08T23:46:00.000,I 75,I 75 and Hudson Bridge Rd,,Rear End,2,Rain,Wet,Dark-Lighted
2023-08-07T11:36:00.000,I 75,I 75 and Hudson Bridge Rd,,Angle Crash,2,Clear,Dry,Daylight
2023-10-12T07:45:00.000,I 75,I 75 and Hudson Bridge Rd,,Rear End,2,Rain,Wet,Dawn
2023-02-05T16:25:00.000,I 75,I 75 and Hudson Bridge Rd,,Rear End,2,Clear,Dry,Daylight
2023-06-23T16:18:00.000,I 75,I 75 and Hudson Bridge Rd,,Rear End,2,Clear,Dry,Daylight
2023-06-27T06:02:00.000,I 75,I 75 and Hudson Bridge Rd,,Sideswipe-Same Direction,2,Clear,Dry,Daylight
2023-12-10T05:42:00.000,I 75,I 75 and Hudson Bridge Rd,,Not a Collision with Motor Vehicle,1,Rain,Wet,Dark-Not Lighted
2023-06-22T17:23:00.000,I 75,I 75 and Hudson Bridge Rd,,Rear End,2,Clear,Dry,Daylight
2023-02-12T13:30:00.000,I 75,I 75 and Hudson Bridge Rd,,Rear End,2,Clear,Dry,Daylight
2023-08-24T14:28:00.000,I 75,I 75 and Hudson Bridge Rd,,Sideswipe-Same Direction,2,Clear,Dry,Daylight
2023-12-30T18:08:00.000,I 75,I 75 and Hudson Bridge Rd,,Rear End,3,Clear,Dry,Dark-Lighted
2023-01-05T16:06:00.000,I 75,I 75 and Hudson Bridge Rd,,Rear End,3,Clear,Dry,Daylight
2023-05-19T18:55:00.000,I 75,I 75 and Hudson Bridge Rd,,Rear End,2,Clear,Dry,Daylight
2023-08-03T15:40:00.000,I 75,I 75 and Hudson Bridge Rd,,Sideswipe-Same Direction,2,Clear,Dry,Daylight
2023-08-24T12:30:00.000,I 75,I 75 and Hudson Bridge Rd,,Sideswipe-Same Direction,2,Clear,Dry,Daylight
2023-05-19T23:24:00.000,I 75,I 75 and Hudson Bridge Rd,,Sideswipe-Same Direction,2,Clear,Dry,Dark-Lighted
2023-05-30T18:05:00.000,I 75,I 75 and Hudson Bridge Rd,,Rear End,2,Clear,Dry,Daylight
2023-05-03T13:15:00.000,I 75,I 75 and Hudson Bridge Rd,,Rear End,2,Clear,Dry,Daylight
2023-12-29T11:03:00.000,I 75,I 75 and Hudson Bridge Rd,,Rear End,2,Clear,Dry,Daylight
2023-07-17T18:38:00.000,I 75,I 75 and Hudson Bridge Rd,,Rear End,2,Clear,Dry,Daylight
2023-08-31T09:21:00.000,I 75,I 75 and Hudson Bridge Rd,,Angle Crash,2,Clear,Dry,Daylight
2023-02-05T12:45:00.000,I 75,I 75 and Hudson Bridge Rd,,Rear End,2,Clear,Dry,Daylight
2023-06-26T08:02:00.000,I 75,I 75 and Hudson Bridge Rd,,Rear End,2,Clear,Dry,Daylight
2023-01-06T18:11:00.000,I 75,I 75 and Hudson Bridge Rd,,Rear End,2,Clear,Dry,Dark-Lighted
2023-10-15T10:46:00.000,I 75,I 75 and Hudson Bridge Rd,,Sideswipe-Same Direction,2,Clear,Dry,Daylight
2023-08-13T12:12:00.000,I 75,I 75 and Hudson Bridge Rd,,Not a Collision with Motor Vehicle,1,Clear,Dry,Daylight
2023-04-10T16:00:00.000,I 75,I 75 and Hudson Bridge Rd,,Rear End,2,Clear,Dry,Daylight
2023-01-31T01:30:00.000,I 75,I 75 and Hudson Bridge Rd,,Rear End,2,Clear,Dry,Dark-Not Lighted
2023-04-09T12:45:00.000,I 75,I 75 and Hudson Bridge Rd,,Sideswipe-Same Direction,2,Clear,Dry,Daylight
2023-04-04T10:45:00.000,I 75,I 75 and Hudson Bridge Rd,,Sideswipe-Same Direction,3,Cloudy,Dry,Daylight
2023-12-10T18:32:00.000,I 75,I 75 and Hudson Bridge Rd,,Rear End,2,Rain,Wet,Dark-Lighted
2023-05-26T12:52:00.000,I 75,I 75 and Hudson Bridge Rd,,Rear End,2,Clear,Dry,Daylight
2023-04-18T14:34:00.000,I 75,I 75 and Hudson Bridge Rd,,Rear End,2,Clear,Dry,Daylight
2023-10-17T05:58:00.000,I 75,I 75 and Hudson Bridge Rd,,Rear End,2,Clear,Dry,Dark-Not Lighted
2023-06-11T08:09:00.000,I 75,I 75 and Hudson Bridge Rd,,Rear End,2,Clear,Dry,Daylight
2023-07-29T21:09:00.000,I 75,I 75 and Hudson Bridge Rd,,Angle Crash,2,Clear,Dry,Dark-Not Lighted
2023-08-09T11:10:00.000,I 75,I 75 and Hudson Bridge Rd,,Rear End,2,Clear,Dry,Daylight
2023-06-24T11:55:00.000,I 75,I 75 and Hudson Bridge Rd,,Rear End,2,Clear,Dry,Daylight
2023-05-05T07:24:00.000,I 75,I 75 and Hudson Bridge Rd,,Sideswipe-Same Direction,2,Cloudy,Dry,Daylight
2023-12-04T11:03:00.000,I 75,I 75 and Hudson Bridge Rd,,Rear End,2,Clear,Dry,Daylight
2023-11-21T14:31:00.000,I 75,I 75 and Hudson Bridge Rd,,Rear End,2,Rain,Wet,Daylight
2023-07-25T06:46:00.000,I 75,I 75 and Hudson Bridge Rd,,Sideswipe-Same Direction,2,Clear,Dry,Daylight
2023-09-24T15:33:00.000,I 75,I 75 and Hudson Bridge Rd,,Rear End,2,Clear,Dry,Daylight
2023-09-15T15:15:00.000,I 75,I 75 and Hudson Bridge Rd,,Rear End,2,Cloudy,Dry,Daylight
2023-02-07T06:51:00.000,I 75,I 75 and Hudson Bridge Rd,,Sideswipe-Same Direction,2,Clear,Dry,Dawn
2023-01-04T00:25:00.000,I 75,I 75 and Hudson Bridge Rd,,Sideswipe-Same Direction,2,Rain,Wet,Dark-Lighted
2023-01-08T14:15:00.000,I 75,I 75 and Hudson Bridge Rd,,Rear End,2,Clear,Dry,Daylight
2023-06-16T11:00:00.000,I 75,I 75 and Hudson Bridge Rd,,Rear End,2,Clear,Dry,Daylight
2023-08-03T07:30:00.000,I 75,I 75 and Hudson Bridge Rd,,Not a Collision with Motor Vehicle,2,Clear,Dry,Daylight
2023-02-28T16:06:00.000,I 75,I 75 and Hudson Bridge Rd,,Sideswipe-Same Direction,2,Clear,Dry,Daylight
2023-02-17T13:45:00.000,I 75,I 75 and Hudson Bridge Rd,,Rear End,2,Clear,Dry,Dark-Not Lighted
2023-01-30T10:55:00.000,I 75,I 75 and Hudson Bridge Rd,,Rear End,3,Cloudy,Dry,Daylight
2023-01-08T17:45:00.000,I 75,I 75 and Hudson Bridge Rd,,Rear End,3,Rain,Wet,Dark-Lighted
2023-04-12T12:52:00.000,I 75,I 75 and Hudson Bridge Rd,,Sideswipe-Same Direction,2,Clear,Dry,Daylight
2023-02-05T02:45:00.000,I 75,I 75 and Hudson Bridge Rd,,Rear End,2,Clear,Dry,Daylight
2023-03-11T16:27:00.000,I 75,I 75 and Hudson Bridge Rd,,Angle Crash,2,Clear,Dry,Daylight
2023-11-03T19:47:00.000,I 75,I 75 and Hudson Bridge Rd,,Rear End,2,Clear,Dry,Dark-Lighted
2023-09-17T02:34:00.000,I 75,I 75 and Hudson Bridge Rd,,Sideswipe-Same Direction,2,Rain,Wet,Dark-Lighted
2023-06-17T16:56:00.000,I 75,I 75 and Hudson Bridge Rd,,Sideswipe-Same Direction,2,Clear,Dry,Daylight
2023-02-08T20:56:00.000,I 75,I 75 and Hudson Bridge Rd,,Sideswipe-Same Direction,2,Clear,Dry,Dark-Lighted
2023-02-11T18:27:00.000,I 75,I 75 and Hudson Bridge Rd,,Rear End,3,Rain,Wet,Dark-Lighted
2023-11-26T11:52:00.000,I 75,I 75 and Hudson Bridge Rd,,Rear End,2,Rain,Dry,Daylight
2023-01-10T16:45:00.000,I 75,I 75 and Hudson Bridge Rd,,Sideswipe-Same Direction,2,Clear,Dry,Daylight
2023-05-07T21:23:00.000,I 75,I 75 and Hudson Bridge Rd,,Not a Collision with Motor Vehicle,1,Clear,Dry,Dark-Lighted
2023-07-10T09:00:00.000,I 75,I 75 and Hudson Bridge Rd,,Rear End,2,Clear,Dry,Daylight
2023-12-08T05:31:00.000,I 75,I 75 and Hudson Bridge Rd,,Angle Crash,2,Clear,Dry,Dark-Not Lighted
2023-10-06T19:06:00.000,I 75,I 75 and Hudson Bridge Rd,,Rear End,3,Clear,Dry,Dark-Lighted
2023-12-19T17:38:00.000,I 75,I 75 and Hudson Bridge Rd,,Rear End,2,Clear,Dry,Dark-Lighted
2023-03-16T12:37:00.000,I 75,I 75 and Hudson Bridge Rd,,Rear End,2,Clear,Dry,Daylight
2023-11-22T18:37:00.000,I 75,I 75 and Hudson Bridge Rd,,Angle Crash,2,Clear,Dry,Dark-Lighted
2023-07-25T06:40:00.000,I 75,I 75 and Hudson Bridge Rd,,Sideswipe-Same Direction,2,Clear,Dry,Dark-Not Lighted
2023-01-03T14:18:00.000,I 75,I 75 and Hudson Bridge Rd,,Rear End,2,Cloudy,Dry,Daylight
2023-01-05T14:02:00.000,I 75,I 75 and Hudson Bridge Rd,,Rear End,2,Clear,Dry,Daylight
2023-12-18T12:53:00.000,I 75,I 75 and Hudson Bridge Rd,,Sideswipe-Same Direction,2,Clear,Dry,Daylight
2023-02-15T10:30:00.000,I 75,I 75 and Hudson Bridge Rd,,Not a Collision with Motor Vehicle,2,Clear,Dry,Daylight
2023-11-28T08:02:00.000,I 75,I 75 and Hudson Bridge Rd,,Sideswipe-Same Direction,2,Clear,Dry,Daylight
2023-08-05T15:44:00.000,I 75,I 75 and Hudson Bridge Rd,,Rear End,2,Clear,Dry,Daylight
2023-04-10T08:25:00.000,I 75,I 75 and Hudson Bridge Rd,,Sideswipe-Same Direction,2,Clear,Dry,Daylight
2023-07-26T21:34:00.000,I 75,I 75 and Hudson Bridge Rd,,Sideswipe-Same Direction,2,Clear,Dry,Dark-Lighted
2023-02-11T18:45:00.000,I 75,I 75 and Hudson Bridge Rd,,Rear End,3,Rain,Wet,Dark-Lighted
2023-01-12T21:30:00.000,I 75,I 75 and Hudson Bridge Rd,,Sideswipe-Same Direction,2,Clear,Dry,Dark-Lighted
2023-03-13T10:53:00.000,I 75,I 75 and Hudson Bridge Rd,,Rear End,2,Clear,Dry,Daylight
2023-02-02T12:46:00.000,I 75,I 75 and Hudson Bridge Rd,,Rear End,2,Cloudy,Dry,Daylight
2023-08-04T10:26:00.000,I 75,I 75 and Hudson Bridge Rd,,Not a Collision with Motor Vehicle,1,Rain,Water (standing or moving),Dark-Lighted
2023-10-14T14:59:00.000,I 75,I 75 and Hudson Bridge Rd,,Rear End,2,Clear,Dry,Daylight
2023-11-09T20:24:00.000,I 75,I 75 and Hudson Bridge Rd,,Rear End,2,Clear,Dry,Dark-Lighted
2023-07-10T16:03:00.000,I 75,I 75 and Hudson Bridge Rd,,Rear End,2,Clear,Dry,Daylight
2022-11-29T16:42:00.000,I 75,I 75 and Hudson Bridge Rd,,Rear End,2,Clear,Dry,Daylight
2022-05-30T14:36:00.000,I 75,I 75 and Hudson Bridge Rd,,Rear End,2,Clear,Dry,Daylight
2022-06-29T15:10:00.000,I 75,I 75 and Hudson Bridge Rd,,Rear End,2,Clear,Dry,Daylight
2022-08-05T21:14:00.000,I 75,I 75 and Hudson Bridge Rd,,Not a Collision with Motor Vehicle,1,Clear,Dry,Dark-Not Lighted
2022-09-21T06:50:00.000,I 75,I 75 and Hudson Bridge Rd,,Rear End,2,Clear,Dry,Daylight
2022-02-19T11:46:00.000,I 75,I 75 and Hudson Bridge Rd,,Rear End,2,Clear,Dry,Daylight
2022-04-21T14:51:00.000,I 75,I 75 and Hudson Bridge Rd,,Angle Crash,2,Clear,Dry,Daylight
2022-10-21T19:47:00.000,I 75,I 75 and Hudson Bridge Rd,,Not a Collision with Motor Vehicle,1,Clear,Dry,Dark-Lighted
2022-01-19T15:56:00.000,I 75,I 75 and Hudson Bridge Rd,,Not a Collision with Motor Vehicle,1,Clear,Dry,Daylight
2022-04-23T16:52:00.000,I 75,I 75 and Hudson Bridge Rd,,Rear End,2,Clear,Dry,Daylight
2022-05-16T16:56:00.000,I 75,I 75 and Hudson Bridge Rd,,Rear End,2,Clear,Dry,Daylight
2022-09-30T12:05:00.000,I 75,I 75 and Hudson Bridge Rd,,Sideswipe-Same Direction,2,Clear,Dry,Daylight
2020-11-24T16:52:00.000,I 75,I 75 and Hudson Bridge Rd,,Rear End,3,Clear,Dry,Daylight
2023-03-15T14:10:00.000,I 75,I 75 and Hudson Bridge Rd,,Rear End,2,Clear,Dry,Daylight
2023-11-17T14:37:00.000,I 75,I 75 and Hudson Bridge Rd,,Sideswipe-Same Direction,2,Clear,Dry,Daylight
2021-08-15T16:09:00.000,I 75,I 75 and Hudson Bridge Rd,,Rear End,2,Clear,Dry,Daylight
2020-12-24T18:02:00.000,I 75,I 75 and Hudson Bridge Rd,,Sideswipe-Same Direction,2,Rain,Wet,Dark-Not Lighted
2020-10-20T19:20:00.000,I 75,I 75 and Hudson Bridge Rd,,Rear End,3,Cloudy,Dry,Dark-Lighted
2020-02-07T17:12:00.000,I 75,I 75 and Hudson Bridge Rd,,Rear End,2,Clear,Dry,Daylight
2020-11-29T19:55:00.000,I 75,I 75 and Hudson Bridge Rd,,Not a Collision with Motor Vehicle,1,Rain,Wet,Dark-Lighted
2020-05-01T11:59:00.000,I 75,I 75 and Hudson Bridge Rd,,Not a Collision with Motor Vehicle,1,Clear,Dry,Daylight
2020-09-02T14:00:00.000,I 75,I 75 and Hudson Bridge Rd,,Sideswipe-Same Direction,2,Clear,Dry,Daylight
2020-11-02T01:17:00.000,I 75,I 75 and Hudson Bridge Rd,,Sideswipe-Same Direction,2,Clear,Dry,Dark-Not Lighted
2020-03-04T08:58:00.000,I 75,I 75 and Hudson Bridge Rd,,Rear End,3,Rain,Wet,Daylight
2020-07-12T02:27:00.000,I 75,I 75 and Hudson Bridge Rd,,Not a Collision with Motor Vehicle,1,Clear,Dry,Dark-Lighted
2020-07-01T18:14:00.000,I 75,I 75 and Hudson Bridge Rd,,Sideswipe-Same Direction,2,Clear,Dry,Daylight
2020-12-27T14:38:00.000,I 75,I 75 and Hudson Bridge Rd,,Rear End,3,Clear,Dry,Daylight
2020-07-30T22:09:00.000,I 75,I 75 and Hudson Bridge Rd,,Sideswipe-Same Direction,2,Cloudy,Dry,Dark-Not Lighted
2020-11-10T05:06:00.000,I 75,I 75 and Hudson Bridge Rd,,Rear End,2,Other,Dry,Dark-Lighted
2020-06-10T03:07:00.000,I 75,I 75 and Hudson Bridge Rd,,Rear End,2,Clear,Dry,Dark-Not Lighted
2020-10-03T01:38:00.000,I 75,I 75 and Hudson Bridge Rd,,Angle Crash,2,Clear,Dry,Dark-Not Lighted
2020-10-16T12:30:00.000,I 75,I 75 and Hudson Bridge Rd,,Rear End,2,Clear,Dry,Daylight
2020-12-30T15:45:00.000,I 75,I 75 and Hudson Bridge Rd,,Sideswipe-Same Direction,2,Cloudy,Dry,Daylight
2020-09-05T09:22:00.000,I 75,I 75 and Hudson Bridge Rd,,Sideswipe-Same Direction,2,Clear,Dry,Daylight
2020-04-01T15:35:00.000,I 75,I 75 and Hudson Bridge Rd,,Sideswipe-Same Direction,2,Clear,Dry,Daylight
2020-09-09T19:25:00.000,I 75,I 75 and Hudson Bridge Rd,,Not a Collision with Motor Vehicle,1,Cloudy,Dry,Daylight
2020-08-04T16:48:00.000,I 75,I 75 and Hudson Bridge Rd,,Sideswipe-Same Direction,3,Clear,Dry,Daylight
2020-05-05T16:14:00.000,I 75,I 75 and Hudson Bridge Rd,,Not a Collision with Motor Vehicle,1,Cloudy,Dry,Daylight
2020-02-16T17:40:00.000,I 75,I 75 and Hudson Bridge Rd,,Rear End,3,Cloudy,Dry,Daylight
2020-06-10T03:10:00.000,I 75,I 75 and Hudson Bridge Rd,,Not a Collision with Motor Vehicle,1,Clear,Dry,Dark-Not Lighted
2020-11-15T13:54:00.000,I 75,I 75 and Hudson Bridge Rd,,Rear End,3,Cloudy,Dry,Daylight
2020-09-03T18:05:00.000,I 75,I 75 and Hudson Bridge Rd,,Rear End,2,Clear,Dry,Daylight
2020-11-23T14:29:00.000,I 75,I 75 and Hudson Bridge Rd,,Sideswipe-Same Direction,2,Clear,Dry,Daylight
2020-02-28T23:35:00.000,I 75,I 75 and Hudson Bridge Rd,,Angle Crash,2,Clear,Dry,Dark-Not Lighted
2020-06-29T08:00:00.000,I 75,I 75 and Hudson Bridge Rd,,Not a Collision with Motor Vehicle,2,Clear,Dry,Daylight
2020-01-28T16:44:00.000,I 75,I 75 and Hudson Bridge Rd,,Rear End,2,Cloudy,Dry,Daylight
2020-04-07T13:10:00.000,I 75,I 75 and Hudson Bridge Rd,,Sideswipe-Same Direction,2,Cloudy,Dry,Daylight
2020-12-08T15:22:00.000,I 75,I 75 and Hudson Bridge Rd,,Sideswipe-Same Direction,2,Clear,Dry,Daylight
2020-10-08T16:41:00.000,I 75,I 75 and Hudson Bridge Rd,,Rear End,2,Clear,Dry,Daylight
2020-04-09T20:46:00.000,I 75,I 75 and Hudson Bridge Rd,,Not a Collision with Motor Vehicle,2,Cloudy,Dry,Dark-Lighted
2020-09-28T10:15:00.000,I 75,I 75 and Hudson Bridge Rd,,Not a Collision with Motor Vehicle,1,Cloudy,Dry,Daylight
2020-03-14T11:36:00.000,I 75,I 75 and Hudson Bridge Rd,,Not a Collision with Motor Vehicle,1,Clear,Dry,Daylight
2020-05-01T11:59:00.000,I 75,I 75 and Hudson Bridge Rd,,Not a Collision with Motor Vehicle,1,Clear,Dry,Daylight
2020-09-26T01:52:00.000,I 75,I 75 and Hudson Bridge Rd,,Sideswipe-Same Direction,3,Clear,Dry,Dark-Not Lighted
2020-10-10T10:30:00.000,I 75,I 75 and Hudson Bridge Rd,,Rear End,2,Rain,Wet,Daylight
2020-08-27T15:53:00.000,I 75,I 75 and Hudson Bridge Rd,,Rear End,2,Clear,Dry,Daylight
2020-11-16T14:53:00.000,I 75,I 75 and Hudson Bridge Rd,,Rear End,2,Clear,Dry,Daylight
2020-09-01T12:09:00.000,I 75,I 75 and Hudson Bridge Rd,,Rear End,2,Clear,Dry,Daylight
2020-03-23T08:20:00.000,I 75,I 75 and Hudson Bridge Rd,,Rear End,2,Rain,Wet,Daylight
2020-06-12T17:52:00.000,I 75,I 75 and Hudson Bridge Rd,,Rear End,2,Clear,Dry,Daylight
2020-06-29T18:30:00.000,I 75,I 75 and Hudson Bridge Rd,,Not a Collision with Motor Vehicle,1,Cloudy,Dry,Dusk
2020-06-10T14:24:00.000,I 75,I 75 and Hudson Bridge Rd,,Angle Crash,2,Cloudy,Wet,Daylight
2020-02-11T16:55:00.000,I 75,I 75 and Hudson Bridge Rd,,Sideswipe-Same Direction,2,Cloudy,Wet,Daylight
2020-02-07T17:12:00.000,I 75,I 75 and Hudson Bridge Rd,,Rear End,2,Clear,Dry,Daylight
2020-11-06T15:12:00.000,I 75,I 75 and Hudson Bridge Rd,,Rear End,2,Clear,Dry,Daylight
2020-06-12T16:00:00.000,I 75,I 75 and Hudson Bridge Rd,,Rear End,4,Clear,Dry,Daylight
2020-03-02T13:29:00.000,I 75,I 75 and Hudson Bridge Rd,,Rear End,2,Rain,Wet,Daylight
2020-05-01T11:59:00.000,I 75,I 75 and Hudson Bridge Rd,,Not a Collision with Motor Vehicle,1,Clear,Dry,Daylight
2020-11-18T12:46:00.000,I 75,I 75 and Hudson Bridge Rd,,Sideswipe-Same Direction,3,Clear,Dry,Daylight
2020-07-28T18:03:00.000,I 75,I 75 and Hudson Bridge Rd,,Angle Crash,2,Cloudy,Dry,Daylight
2020-06-10T03:15:00.000,I 75,I 75 and Hudson Bridge Rd,,Rear End,2,Clear,Dry,Dark-Lighted
2020-12-18T14:50:00.000,I 75,I 75 and Hudson Bridge Rd,,Rear End,2,Clear,Dry,Daylight
2020-08-13T09:04:00.000,I 75,I 75 and Hudson Bridge Rd,,Sideswipe-Same Direction,2,Cloudy,Dry,Daylight
2020-02-13T16:02:00.000,I 75,I 75 and Hudson Bridge Rd,,Sideswipe-Same Direction,3,Cloudy,Dry,Daylight
2020-07-03T14:37:00.000,I 75,I 75 and Hudson Bridge Rd,,Rear End,3,Clear,Dry,Daylight
2020-11-07T10:40:00.000,I 75,I 75 and Hudson Bridge Rd,,Sideswipe-Same Direction,2,Rain,Wet,Daylight
2020-12-21T17:21:00.000,I 75,I 75 and Hudson Bridge Rd,,Rear End,2,Clear,Dry,Dusk
2020-09-07T12:34:00.000,I 75,I 75 and Hudson Bridge Rd,,Rear End,3,Clear,Dry,Daylight
2020-07-31T14:28:00.000,I 75,I 75 and Hudson Bridge Rd,,Rear End,2,Cloudy,Dry,Daylight
2020-04-15T13:05:00.000,I 75,I 75 and Hudson Bridge Rd,,Not a Collision with Motor Vehicle,2,Clear,Dry,Daylight
2020-10-17T21:30:00.000,I 75,I 75 and Hudson Bridge Rd,,Rear End,2,Clear,Dry,Dark-Lighted
2020-07-29T07:54:00.000,I 75,I 75 and Hudson Bridge Rd,,Sideswipe-Same Direction,2,Clear,Dry,Daylight
2020-09-09T19:17:00.000,I 75,I 75 and Hudson Bridge Rd,,Angle Crash,3,Clear,Dry,Daylight
2020-10-10T13:44:00.000,I 75,I 75 and Hudson Bridge Rd,,Rear End,2,Cloudy,Dry,Daylight
2020-07-14T10:48:00.000,I 75,I 75 and Hudson Bridge Rd,,Rear End,2,Clear,Dry,Daylight
2020-02-05T16:47:00.000,I 75,I 75 and Hudson Bridge Rd,,Rear End,2,Rain,Wet,Daylight
2020-01-07T11:32:00.000,I 75,I 75 and Hudson Bridge Rd,,Not a Collision with Motor Vehicle,1,Clear,Dry,Daylight
2020-02-11T16:31:00.000,I 75,I 75 and Hudson Bridge Rd,,Sideswipe-Same Direction,2,Rain,Wet,Daylight
2020-07-11T17:00:00.000,I 75,I 75 and Hudson Bridge Rd,,Rear End,2,Clear,Dry,Daylight
2020-07-24T14:37:00.000,I 75,I 75 and Hudson Bridge Rd,,Rear End,2,Clear,Dry,Daylight
2020-06-04T15:48:00.000,I 75,I 75 and Hudson Bridge Rd,,Sideswipe-Same Direction,2,Clear,Dry,Daylight
2020-07-15T16:46:00.000,I 75,I 75 and Hudson Bridge Rd,,Sideswipe-Same Direction,2,Cloudy,Wet,Daylight
2020-05-28T14:16:00.000,I 75,I 75 and Hudson Bridge Rd,,Rear End,3,Clear,Dry,Daylight
2020-07-20T19:01:00.000,I 75,I 75 and Hudson Bridge Rd,,Not a Collision with Motor Vehicle,1,Rain,Water (standing or moving),Dusk
2020-03-04T06:00:00.000,I 75,I 75 and Hudson Bridge Rd,,Not a Collision with Motor Vehicle,1,Clear,Dry,Dark-Lighted
2020-11-11T14:52:00.000,I 75,I 75 and Hudson Bridge Rd,,Rear End,2,Cloudy,Wet,Daylight
2020-01-09T17:23:00.000,I 75,I 75 and Hudson Bridge Rd,,Rear End,2,Clear,Dry,Dark-Lighted
2020-11-17T22:49:00.000,I 75,I 75 and Hudson Bridge Rd,,Sideswipe-Same Direction,2,Clear,Dry,Dark-Not Lighted
2020-09-03T16:57:00.000,I 75,I 75 and Hudson Bridge Rd,,Rear End,2,Clear,Dry,Daylight
2020-07-17T17:22:00.000,I 75,I 75 and Hudson Bridge Rd,,Rear End,2,Clear,Dry,Daylight
2020-08-24T16:25:00.000,I 75,I 75 and Hudson Bridge Rd,,Rear End,2,Cloudy,Dry,Daylight
2020-01-28T15:26:00.000,I 75,I 75 and Hudson Bridge Rd,,Sideswipe-Same Direction,2,Clear,Dry,Daylight
2020-06-11T18:10:00.000,I 75,I 75 and Hudson Bridge Rd,,Rear End,3,Clear,Dry,Daylight
2020-02-26T14:00:00.000,I 75,I 75 and Hudson Bridge Rd,,Sideswipe-Same Direction,2,Cloudy,Dry,Daylight
2020-05-19T19:00:00.000,I 75,I 75 and Hudson Bridge Rd,,Rear End,2,Clear,Dry,Daylight
2020-04-02T15:00:00.000,I 75,I 75 and Hudson Bridge Rd,,Sideswipe-Same Direction,2,Clear,Dry,Daylight
2020-06-12T19:28:00.000,I 75,I 75 and Hudson Bridge Rd,,Rear End,2,Clear,Dry,Daylight
2020-07-03T20:40:00.000,I 75,I 75 and Hudson Bridge Rd,,Sideswipe-Same Direction,2,Clear,Dry,Daylight
2020-04-01T15:35:00.000,I 75,I 75 and Hudson Bridge Rd,,Rear End,2,Clear,Dry,Daylight
2020-10-09T21:14:00.000,I 75,I 75 and Hudson Bridge Rd,,Sideswipe-Same Direction,2,Rain,Wet,Dark-Not Lighted
2020-08-13T16:01:00.000,I 75,I 75 and Hudson Bridge Rd,,Not a Collision with Motor Vehicle,1,Clear,Dry,Daylight
2020-09-25T17:17:00.000,I 75,I 75 and Hudson Bridge Rd,,Angle Crash,2,Cloudy,Dry,Daylight
2020-07-09T16:00:00.000,I 75,I 75 and Hudson Bridge Rd,,Not a Collision with Motor Vehicle,1,Clear,Dry,Daylight
2020-06-22T17:16:00.000,I 75,I 75 and Hudson Bridge Rd,,Rear End,3,Cloudy,Dry,Dusk
2020-07-19T03:40:00.000,I 75,I 75 and Hudson Bridge Rd,,Rear End,3,Clear,Dry,Dark-Lighted
2020-08-22T13:45:00.000,I 75,I 75 and Hudson Bridge Rd,,Sideswipe-Same Direction,2,Cloudy,Dry,Daylight
2020-01-28T16:50:00.000,I 75,I 75 and Hudson Bridge Rd,,Angle Crash,2,Clear,Dry,Daylight
2020-10-08T21:08:00.000,I 75,I 75 and Hudson Bridge Rd,,Angle Crash,2,Clear,Dry,Dark-Lighted
2020-08-04T17:37:00.000,I 75,I 75 and Hudson Bridge Rd,,Rear End,2,Clear,Dry,Daylight
2020-02-22T19:46:00.000,I 75,I 75 and Hudson Bridge Rd,,Rear End,2,Clear,Dry,Dark-Lighted
2020-02-07T17:12:00.000,I 75,I 75 and Hudson Bridge Rd,,Rear End,2,Clear,Dry,Daylight
2020-07-22T15:58:00.000,I 75,I 75 and Hudson Bridge Rd,,Rear End,2,Clear,Dry,Daylight
2020-09-25T13:52:00.000,I 75,I 75 and Hudson Bridge Rd,,Rear End,2,Cloudy,Dry,Daylight
2020-07-15T16:15:00.000,I 75,I 75 and Hudson Bridge Rd,,Sideswipe-Same Direction,2,Cloudy,Wet,Daylight
2020-01-29T14:27:00.000,I 75,I 75 and Hudson Bridge Rd,,Rear End,2,Cloudy,Dry,Daylight
2020-02-08T19:24:00.000,I 75,I 75 and Hudson Bridge Rd,,Rear End,2,Fog,Dry,Dark-Not Lighted
2020-06-09T06:49:00.000,I 75,I 75 and Hudson Bridge Rd,,Sideswipe-Same Direction,2,Cloudy,Dry,Daylight
2020-09-26T12:22:00.000,I 75,I 75 and Hudson Bridge Rd,,Rear End,2,Clear,Dry,Daylight
2020-07-26T07:28:00.000,I 75,I 75 and Hudson Bridge Rd,,Sideswipe-Same Direction,2,Clear,Dry,Daylight
2020-03-13T15:46:00.000,I 75,I 75 and Hudson Bridge Rd,,Rear End,2,Cloudy,Dry,Daylight
2020-02-15T18:47:00.000,I 75,I 75 and Hudson Bridge Rd,,Rear End,2,Clear,Dry,Dark-Lighted
2020-11-06T15:12:00.000,I 75,I 75 and Hudson Bridge Rd,,Rear End,3,Clear,Dry,Daylight
2020-03-05T14:31:00.000,I 75,I 75 and Hudson Bridge Rd,,Sideswipe-Same Direction,2,Rain,Wet,Daylight