Date and Time,Roadway (From Crash Report),Intersection Name (from Crash Report),KABCO Severity,Manner of Collision (Crash Level) ,# of Vehicles per crash ,Weather Conditions (Crash Level),Surface Condition (Crash Level) ,Light Conditions (Crash Level)
2020-02-13T15:21:00.000,I 75,I 75 and Hudson Bridge Rd,,Rear End,4,Cloudy,Dry,Daylight
2020-07-16T20:40:00.000,I 75,I 75 and Hudson Bridge Rd,,Sideswipe-Same Direction,2,Clear,Dry,Daylight
2020-01-15T21:20:00.000,I 75,I 75 and Hudson Bridge Rd,,Rear End,2,Clear,Dry,Dark-Lighted
2020-03-06T13:05:00.000,I 75,I 75 and Hudson Bridge Rd,,Rear End,2,Clear,Dry,Daylight
2020-10-15T16:25:00.000,I 75,I 75 and Hudson Bridge Rd,,Angle Crash,2,Clear,Dry,Daylight
2020-07-23T17:36:00.000,I 75,I 75 and Hudson Bridge Rd,,Rear End,2,Clear,Dry,Daylight
2020-11-12T18:10:00.000,I 75,I 75 and Hudson Bridge Rd,,Rear End,2,Clear,Dry,Dark-Not Lighted
2020-11-17T13:53:00.000,I 75,I 75 and Hudson Bridge Rd,,Rear End,2,Clear,Dry,Daylight
2020-08-09T16:20:00.000,I 75,I 75 and Hudson Bridge Rd,,Rear End,2,Clear,Dry,Daylight
2020-05-21T18:00:00.000,I 75,I 75 and Hudson Bridge Rd,,Rear End,2,Clear,Dry,Daylight
2020-11-29T14:21:00.000,I 75,I 75 and Hudson Bridge Rd,,Not a Collision with Motor Vehicle,1,Cloudy,Dry,Daylight
2020-07-28T14:47:00.000,I 75,I 75 and Hudson Bridge Rd,,Rear End,2,Cloudy,Dry,Daylight
2020-01-31T07:30:00.000,I 75,I 75 and Hudson Bridge Rd,,Rear End,2,Rain,Wet,Daylight
2020-06-03T11:23:00.000,I 75,I 75 and Hudson Bridge Rd,,Rear End,2,Clear,Dry,Daylight
2020-02-18T09:56:00.000,I 75,I 75 and Hudson Bridge Rd,,Angle Crash,2,Rain,Water (standing or moving),Daylight
2020-11-29T13:46:00.000,I 75,I 75 and Hudson Bridge Rd,,Not a Collision with Motor Vehicle,1,Cloudy,Dry,Daylight
2020-05-05T16:40:00.000,I 75,I 75 and Hudson Bridge Rd,,Rear End,2,Clear,Dry,Daylight
2020-07-11T15:37:00.000,I 75,I 75 and Hudson Bridge Rd,,Rear End,2,Clear,Dry,Daylight
2020-01-04T17:14:00.000,I 75,I 75 and Hudson Bridge Rd,,Sideswipe-Same Direction,2,Cloudy,Dry,Daylight
2020-08-05T17:36:00.000,I 75,I 75 and Hudson Bridge Rd,,Rear End,2,Clear,Dry,Daylight
2020-09-03T16:28:00.000,I 75,I 75 and Hudson Bridge Rd,,Rear End,2,Clear,Dry,Daylight
2020-06-15T13:53:00.000,I 75,I 75 and Hudson Bridge Rd,,Rear End,3,Cloudy,Dry,Daylight
2020-12-13T15:22:00.000,I 75,I 75 and Hudson Bridge Rd,,Rear End,2,Clear,Dry,Daylight
2020-03-12T15:40:00.000,I 75,I 75 and Hudson Bridge Rd,,Rear End,2,Cloudy,Dry,Daylight
2020-02-14T15:43:00.000,I 75,I 75 and Hudson Bridge Rd,,Rear End,2,Clear,Dry,Daylight
2020-10-17T19:45:00.000,I 75,I 75 and Hudson Bridge Rd,,Not a Collision with Motor Vehicle,1,Clear,Dry,Daylight
2020-09-08T16:21:00.000,I 75,I 75 and Hudson Bridge Rd,,Sideswipe-Same Direction,2,Clear,Dry,Daylight
2020-11-20T01:56:00.000,I 75,I 75 and Hudson Bridge Rd,,Rear End,2,Clear,Dry,Dark-Not Lighted
2020-08-23T15:35:00.000,I 75,I 75 and Hudson Bridge Rd,,Sideswipe-Same Direction,2,Cloudy,Dry,Daylight
2020-07-23T18:45:00.000,I 75,I 75 and Hudson Bridge Rd,,Rear End,2,Clear,Dry,Daylight
2020-06-29T18:21:00.000,I 75,I 75 and Hudson Bridge Rd,,Not a Collision with Motor Vehicle,1,Cloudy,Dry,Daylight
2020-08-24T08:41:00.000,I 75,I 75 and Hudson Bridge Rd,,Not a Collision with Motor Vehicle,1,Rain,Wet,Daylight
2020-08-09T18:00:00.000,I 75,I 75 and Hudson Bridge Rd,,Not a Collision with Motor Vehicle,1,Clear,Dry,Dusk
2020-05-24T15:00:00.000,I 75,I 75 and Hudson Bridge Rd,,Not a Collision with Motor Vehicle,1,Cloudy,Dry,Daylight
2020-02-21T15:50:00.000,I 75,I 75 and Hudson Bridge Rd,,Not a Collision with Motor Vehicle,1,Clear,Dry,Daylight
2020-03-01T13:22:00.000,I 75,I 75 and Hudson Bridge Rd,,Rear End,2,Clear,Dry,Daylight
2020-03-12T17:23:00.000,I 75,I 75 and Hudson Bridge Rd,,Rear End,2,Clear,Dry,Daylight
2020-08-24T15:15:00.000,I 75,I 75 and Hudson Bridge Rd,,Rear End,2,Clear,Dry,Daylight
2020-07-10T14:01:00.000,I 75,I 75 and Hudson Bridge Rd,,Rear End,2,Cloudy,Dry,Daylight
2020-03-19T18:30:00.000,I 75,I 75 and Hudson Bridge Rd,,Sideswipe-Same Direction,2,Clear,Dry,Daylight
2020-06-24T18:46:00.000,I 75,I 75 and Hudson Bridge Rd,,Rear End,2,Rain,Wet,Dusk
2020-10-10T16:03:00.000,I 75,I 75 and Hudson Bridge Rd,,Rear End,2,Clear,Dry,Daylight
2020-01-07T07:05:00.000,I 75,I 75 and Hudson Bridge Rd,,Rear End,2,Cloudy,Dry,Daylight
2020-08-21T20:32:00.000,I 75,I 75 and Hudson Bridge Rd,,Rear End,2,Rain,Wet,Dark-Lighted
2020-06-22T15:14:00.000,I 75,I 75 and Hudson Bridge Rd,,Sideswipe-Same Direction,2,Cloudy,Dry,Daylight
2020-11-23T08:15:00.000,I 75,I 75 and Hudson Bridge Rd,,Sideswipe-Same Direction,2,Clear,Dry,Dark-Lighted
2020-11-19T12:30:00.000,I 75,I 75 and Hudson Bridge Rd,,Rear End,2,Clear,Dry,Dark-Lighted
2020-10-06T15:30:00.000,I 75,I 75 and Hudson Bridge Rd,,Rear End,2,Clear,Dry,Daylight
2020-11-10T06:29:00.000,I 75,I 75 and Hudson Bridge Rd,,Rear End,2,Cloudy,Dry,Dawn
2020-02-09T15:35:00.000,I 75,I 75 and Hudson Bridge Rd,,Sideswipe-Same Direction,2,Clear,Dry,Daylight
2020-03-12T15:15:00.000,I 75,I 75 and Hudson Bridge Rd,,Head On,3,Cloudy,Dry,Daylight
2020-07-03T11:22:00.000,I 75,I 75 and Hudson Bridge Rd,,Sideswipe-Same Direction,2,Cloudy,Dry,Daylight
2020-06-11T18:09:00.000,I 75,I 75 and Hudson Bridge Rd,,Not a Collision with Motor Vehicle,1,Clear,Dry,Daylight
2020-02-23T18:00:00.000,I 75,I 75 and Hudson Bridge Rd,,Sideswipe-Same Direction,2,Cloudy,Dry,Dark-Not Lighted
2020-02-21T16:50:00.000,I 75,I 75 and Hudson Bridge Rd,,Rear End,2,Clear,Dry,Daylight
2020-07-11T14:46:00.000,I 75,I 75 and Hudson Bridge Rd,,Rear End,2,Clear,Dry,Daylight
2020-12-24T08:27:00.000,I 75,I 75 and Hudson Bridge Rd,,Rear End,2,Rain,Wet,Daylight
2020-09-25T17:33:00.000,I 75,I 75 and Hudson Bridge Rd,,Rear End,2,Clear,Dry,Daylight
2020-12-31T14:13:00.000,I 75,I 75 and Hudson Bridge Rd,,Rear End,2,Rain,Wet,Daylight
2020-06-07T22:08:00.000,I 75,I 75 and Hudson Bridge Rd,,Not a Collision with Motor Vehicle,1,Cloudy,Dry,Dark-Not Lighted
2020-06-15T17:04:00.000,I 75,I 75 and Hudson Bridge Rd,,Rear End,2,Rain,Wet,Daylight
2020-02-06T12:22:00.000,I 75,I 75 and Hudson Bridge Rd,,Rear End,2,Rain,Wet,Daylight
2020-06-10T03:08:00.000,I 75,I 75 and Hudson Bridge Rd,,Not a Collision with Motor Vehicle,1,Clear,Dry,Dark-Not Lighted
2020-12-14T19:12:00.000,I 75,I 75 and Hudson Bridge Rd,,Rear End,3,Clear,Dry,Dark-Not Lighted
2020-11-29T15:55:00.000,I 75,I 75 and Hudson Bridge Rd,,Rear End,2,Rain,Wet,Daylight
2020-05-09T17:28:00.000,I 75,I 75 and Hudson Bridge Rd,,Rear End,3,Clear,Dry,Daylight
2020-10-27T19:32:00.000,I 75,I 75 and Hudson Bridge Rd,,Sideswipe-Same Direction,2,Clear,Dry,Dark-Lighted
2020-08-27T16:36:00.000,I 75,I 75 and Hudson Bridge Rd,,Rear End,3,Clear,Dry,Daylight
2020-07-24T14:38:00.000,I 75,I 75 and Hudson Bridge Rd,,Sideswipe-Same Direction,2,Clear,Dry,Daylight
2020-09-19T11:06:00.000,I 75,I 75 and Hudson Bridge Rd,,Angle Crash,2,Cloudy,Dry,Daylight
2020-01-08T06:20:00.000,I 75,I 75 and Hudson Bridge Rd,,Not a Collision with Motor Vehicle,1,Clear,Dry,Dark-Not Lighted
2020-05-22T14:56:00.000,I 75,I 75 and Hudson Bridge Rd,,Rear End,2,Clear,Dry,Daylight
2020-08-15T05:30:00.000,I 75,I 75 and Hudson Bridge Rd,,Not a Collision with Motor Vehicle,1,Cloudy,Dry,Dark-Not Lighted
2020-01-05T23:42:00.000,I 75,I 75 and Hudson Bridge Rd,,Sideswipe-Same Direction,2,Clear,Dry,Dark-Lighted
2021-05-30T15:47:00.000,I 75,I 75 and Hudson Bridge Rd,,Rear End,4,Clear,Dry,Daylight
2021-02-27T13:40:00.000,I 75,I 75 and Hudson Bridge Rd,,Rear End,2,Clear,Dry,Daylight
2021-05-13T21:25:00.000,I 75,I 75 and Hudson Bridge Rd,,Rear End,2,Clear,Dry,Dark-Not Lighted
2021-02-19T12:28:00.000,I 75,I 75 and Hudson Bridge Rd,,Rear End,2,Clear,Dry,Daylight
2021-05-05T11:45:00.000,I 75,I 75 and Hudson Bridge Rd,,Rear End,2,Clear,Dry,Daylight
2021-03-08T00:53:00.000,I 75,I 75 and Hudson Bridge Rd,,Not a Collision with Motor Vehicle,1,Cloudy,Dry,Dark-Lighted
2021-03-06T18:24:00.000,I 75,I 75 and Hudson Bridge Rd,,Rear End,2,Clear,Dry,Dusk
2021-06-19T03:00:00.000,I 75,I 75 and Hudson Bridge Rd,,Not a Collision with Motor Vehicle,2,Cloudy,Dry,Dark-Not Lighted
2021-06-04T18:10:00.000,I 75,I 75 and Hudson Bridge Rd,,Sideswipe-Same Direction,2,Clear,Dry,Daylight
2021-02-24T07:50:00.000,I 75,I 75 and Hudson Bridge Rd,,Rear End,2,Clear,Dry,Dark-Not Lighted
2021-03-29T19:25:00.000,I 75,I 75 and Hudson Bridge Rd,,Angle Crash,2,Clear,Dry,Daylight
2021-04-17T08:02:00.000,I 75,I 75 and Hudson Bridge Rd,,Not a Collision with Motor Vehicle,1,Clear,Dry,Daylight
2021-04-15T18:58:00.000,I 75,I 75 and Hudson Bridge Rd,,Sideswipe-Same Direction,2,Clear,Dry,Daylight
2021-05-17T09:48:00.000,I 75,I 75 and Hudson Bridge Rd,,Head On,2,Clear,Dry,Daylight
2021-04-30T18:59:00.000,I 75,I 75 and Hudson Bridge Rd,,Not a Collision with Motor Vehicle,1,Clear,Dry,Dusk
2021-06-19T13:21:00.000,I 75,I 75 and Hudson Bridge Rd,,Sideswipe-Same Direction,2,Rain,Wet,Daylight
2021-03-21T20:42:00.000,I 75,I 75 and Hudson Bridge Rd,,Not a Collision with Motor Vehicle,1,Clear,Dry,Dark-Not Lighted
2021-06-18T08:30:00.000,I 75,I 75 and Hudson Bridge Rd,,Sideswipe-Same Direction,2,Clear,Dry,Daylight
2021-02-19T08:53:00.000,I 75,I 75 and Hudson Bridge Rd,,Rear End,2,Cloudy,Dry,Daylight
2021-02-03T17:12:00.000,I 75,I 75 and Hudson Bridge Rd,,Rear End,2,Clear,Dry,Daylight
2021-06-22T07:01:00.000,I 75,I 75 and Hudson Bridge Rd,,Sideswipe-Same Direction,2,Rain,Wet,Daylight
2021-03-07T13:30:00.000,I 75,I 75 and Hudson Bridge Rd,,Rear End,2,Clear,Dry,Daylight
2021-03-30T08:37:00.000,I 75,I 75 and Hudson Bridge Rd,,Sideswipe-Same Direction,2,Cloudy,Dry,Daylight
2021-05-08T16:14:00.000,I 75,I 75 and Hudson Bridge Rd,,Rear End,2,Clear,Dry,Daylight
2021-06-22T08:00:00.000,I 75,I 75 and Hudson Bridge Rd,,Rear End,2,Rain,Water (standing or moving),Daylight
2021-02-28T06:32:00.000,I 75,I 75 and Hudson Bridge Rd,,Not a Collision with Motor Vehicle,1,Cloudy,Dry,Dark-Lighted
2021-04-24T13:17:00.000,I 75,I 75 and Hudson Bridge Rd,,Rear End,2,Cloudy,Dry,Daylight
2021-06-25T11:10:00.000,I 75,I 75 and Hudson Bridge Rd,,Not a Collision with Motor Vehicle,1,Cloudy,Dry,Daylight
2021-04-03T13:37:00.000,I 75,I 75 and Hudson Bridge Rd,,Sideswipe-Same Direction,2,Clear,Dry,Daylight
2021-05-02T19:55:00.000,I 75,I 75 and Hudson Bridge Rd,,Angle Crash,2,Clear,Dry,Dark-Not Lighted
2021-09-14T12:28:00.000,I 75,I 75 and Hudson Bridge Rd,,Sideswipe-Same Direction,2,Clear,Dry,Daylight
2021-12-08T13:17:00.000,I 75,I 75 and Hudson Bridge Rd,,Rear End,2,Cloudy,Dry,Daylight
2021-11-02T11:26:00.000,I 75,I 75 and Hudson Bridge Rd,,Rear End,2,Clear,Dry,Daylight
2021-08-10T05:52:00.000,I 75,I 75 and Hudson Bridge Rd,,Rear End,2,Clear,Dry,Dark-Not Lighted
2021-10-20T15:17:00.000,I 75,I 75 and Hudson Bridge Rd,,Rear End,2,Clear,Dry,Daylight
2021-07-16T12:45:00.000,I 75,I 75 and Hudson Bridge Rd,,Sideswipe-Same Direction,2,Cloudy,Dry,Daylight
2021-08-23T09:30:00.000,I 75,I 75 and Hudson Bridge Rd,,Not a Collision with Motor Vehicle,1,Clear,Dry,Daylight
2021-10-17T21:33:00.000,I 75,I 75 and Hudson Bridge Rd,,Angle Crash,3,Clear,Dry,Dark-Lighted
2021-11-18T14:33:00.000,I 75,I 75 and Hudson Bridge Rd,,Sideswipe-Same Direction,2,Clear,Dry,Daylight
2021-08-20T21:39:00.000,I 75,I 75 and Hudson Bridge Rd,,Not a Collision with Motor Vehicle,1,Cloudy,Wet,Dark-Not Lighted
2021-10-24T22:32:00.000,I 75,I 75 and Hudson Bridge Rd,,Rear End,2,Clear,Dry,Dark-Not Lighted
2021-08-14T10:30:00.000,I 75,I 75 and Hudson Bridge Rd,,Angle Crash,2,Clear,Dry,Daylight
2021-07-29T15:16:00.000,I 75,I 75 and Hudson Bridge Rd,,Sideswipe-Same Direction,2,Clear,Dry,Daylight
2021-10-12T16:59:00.000,I 75,I 75 and Hudson Bridge Rd,,Rear End,3,Cloudy,Dry,Daylight
2021-07-20T09:06:00.000,I 75,I 75 and Hudson Bridge Rd,,Rear End,2,Cloudy,Wet,Daylight
2021-10-19T19:41:00.000,I 75,I 75 and Hudson Bridge Rd,,Sideswipe-Same Direction,2,Clear,Dry,Dark-Lighted
2021-10-12T13:30:00.000,I 75,I 75 and Hudson Bridge Rd,,Rear End,2,Clear,Dry,Daylight
2021-10-20T12:20:00.000,I 75,I 75 and Hudson Bridge Rd,,Sideswipe-Same Direction,2,Clear,Dry,Daylight
2021-09-17T19:06:00.000,I 75,I 75 and Hudson Bridge Rd,,Not a Collision with Motor Vehicle,1,Clear,Dry,Daylight
2021-10-31T12:15:00.000,I 75,I 75 and Hudson Bridge Rd,,Rear End,2,Cloudy,Dry,Daylight
2021-07-05T11:09:00.000,I 75,I 75 and Hudson Bridge Rd,,Sideswipe-Same Direction,2,Clear,Dry,Daylight
2021-12-18T15:57:00.000,I 75,I 75 and Hudson Bridge Rd,,Rear End,2,Cloudy,Wet,Daylight
2021-10-26T12:35:00.000,I 75,I 75 and Hudson Bridge Rd,,Rear End,2,Clear,Dry,Daylight
2021-09-15T12:58:00.000,I 75,I 75 and Hudson Bridge Rd,,Rear End,2,Rain,Wet,Daylight
2021-10-14T15:24:00.000,I 75,I 75 and Hudson Bridge Rd,,Rear End,8,Clear,Dry,Daylight
2021-09-20T11:03:00.000,I 75,I 75 and Hudson Bridge Rd,,Sideswipe-Same Direction,2,Rain,Wet,Daylight
2021-07-13T15:27:00.000,I 75,I 75 and Hudson Bridge Rd,,Rear End,4,Clear,Dry,Daylight
2021-12-13T09:09:00.000,I 75,I 75 and Hudson Bridge Rd,,Sideswipe-Same Direction,2,Clear,Dry,Daylight
2021-08-27T14:44:00.000,I 75,I 75 and Hudson Bridge Rd,,Rear End,2,Clear,Dry,Daylight
2021-10-12T09:11:00.000,I 75,I 75 and Hudson Bridge Rd,,Not a Collision with Motor Vehicle,1,Clear,Dry,Dark-Lighted
2021-08-11T20:54:00.000,I 75,I 75 and Hudson Bridge Rd,,Sideswipe-Same Direction,2,Clear,Dry,Dark-Not Lighted
2021-12-30T16:36:00.000,I 75,I 75 and Hudson Bridge Rd,,Rear End,2,Cloudy,Wet,Daylight
2021-11-24T12:00:00.000,I 75,I 75 and Hudson Bridge Rd,,Angle Crash,2,Clear,Dry,Daylight
2021-12-05T11:23:00.000,I 75,I 75 and Hudson Bridge Rd,,Not a Collision with Motor Vehicle,3,Cloudy,Dry,Daylight
2021-10-28T11:46:00.000,I 75,I 75 and Hudson Bridge Rd,,Rear End,2,Rain,Wet,Daylight
2021-08-18T11:49:00.000,I 75,I 75 and Hudson Bridge Rd,,Not a Collision with Motor Vehicle,1,Clear,Dry,Daylight
2021-09-09T16:28:00.000,I 75,I 75 and Hudson Bridge Rd,,Rear End,3,Clear,Dry,Daylight
2021-07-06T10:31:00.000,I 75,I 75 and Hudson Bridge Rd,,Rear End,2,Clear,Dry,Daylight
2021-12-03T12:38:00.000,I 75,I 75 and Hudson Bridge Rd,,Rear End,2,Clear,Dry,Daylight
2021-09-07T16:12:00.000,I 75,I 75 and Hudson Bridge Rd,,Rear End,2,Rain,Wet,Daylight
2021-10-17T11:06:00.000,I 75,I 75 and Hudson Bridge Rd,,Rear End,2,Clear,Dry,Daylight
2022-08-29T16:23:00.000,I 75,I 75 and Hudson Bridge Rd,,Rear End,2,Clear,Dry,Daylight
2022-08-22T09:12:00.000,I 75,I 75 and Hudson Bridge Rd,,Rear End,2,Cloudy,Wet,Daylight
2022-02-05T21:30:00.000,I 75,I 75 and Hudson Bridge Rd,,Sideswipe-Same Direction,3,Clear,Dry,Dark-Lighted
2022-11-21T19:42:00.000,I 75,I 75 and Hudson Bridge Rd,,Rear End,2,Clear,Dry,Dark-Lighted
2022-11-30T00:39:00.000,I 75,I 75 and Hudson Bridge Rd,,Angle Crash,2,Rain,Wet,Dark-Lighted
2022-07-13T13:43:00.000,I 75,I 75 and Hudson Bridge Rd,,Not a Collision with Motor Vehicle,1,Clear,Dry,Daylight
2022-05-16T01:34:00.000,I 75,I 75 and Hudson Bridge Rd,,Not a Collision with Motor Vehicle,1,Clear,Dry,Dark-Lighted
2022-12-31T16:00:00.000,I 75,I 75 and Hudson Bridge Rd,,Sideswipe-Same Direction,2,Cloudy,Dry,Daylight
2022-04-10T14:56:00.000,I 75,I 75 and Hudson Bridge Rd,,Rear End,2,Clear,Dry,Daylight
2022-08-14T09:06:00.000,I 75,I 75 and Hudson Bridge Rd,,Angle Crash,2,Clear,Dry,Daylight
2022-12-13T15:56:00.000,I 75,I 75 and Hudson Bridge Rd,,Rear End,2,Clear,Dry,Dawn
2022-02-05T02:12:00.000,I 75,I 75 and Hudson Bridge Rd,,Rear End,3,Clear,Dry,Dark-Lighted
2022-07-16T16:37:00.000,I 75,I 75 and Hudson Bridge Rd,,Rear End,2,Clear,Dry,Daylight
2022-11-23T14:25:00.000,I 75,I 75 and Hudson Bridge Rd,,Rear End,2,Clear,Dry,Daylight
2022-10-08T19:59:00.000,I 75,I 75 and Hudson Bridge Rd,,Rear End,3,Clear,Dry,Dark-Lighted
2022-08-15T05:50:00.000,I 75,I 75 and Hudson Bridge Rd,,Sideswipe-Same Direction,2,Clear,Dry,Dark-Lighted
2022-04-17T14:39:00.000,I 75,I 75 and Hudson Bridge Rd,,Rear End,2,Clear,Dry,Daylight
2022-03-14T20:35:00.000,I 75,I 75 and Hudson Bridge Rd,,Sideswipe-Same Direction,2,Clear,Dry,Dark-Not Lighted
2022-03-17T08:02:00.000,I 75,I 75 and Hudson Bridge Rd,,Rear End,2,Fog,Dry,Daylight
2021-08-24T10:15:00.000,I 75,I 75 and Hudson Bridge Rd,,Sideswipe-Same Direction,3,Clear,Dry,Daylight
2021-08-07T21:00:00.000,I 75,I 75 and Hudson Bridge Rd,,Not a Collision with Motor Vehicle,1,Clear,Dry,Dark-Not Lighted
2021-08-02T06:21:00.000,I 75,I 75 and Hudson Bridge Rd,,Not a Collision with Motor Vehicle,2,Clear,Dry,Dark-Lighted
2021-11-02T10:29:00.000,I 75,I 75 and Hudson Bridge Rd,,Not a Collision with Motor Vehicle,1,Clear,Dry,Daylight
2021-09-26T15:30:00.000,I 75,I 75 and Hudson Bridge Rd,,Rear End,2,Clear,Dry,Daylight
2021-07-20T10:45:00.000,I 75,I 75 and Hudson Bridge Rd,,Rear End,2,Cloudy,Wet,Daylight
2021-10-01T07:53:00.000,I 75,I 75 and Hudson Bridge Rd,,Sideswipe-Same Direction,2,Clear,Dry,Dawn
2021-12-21T19:29:00.000,I 75,I 75 and Hudson Bridge Rd,,Rear End,2,Clear,Wet,Dark-Lighted
2021-09-17T13:20:00.000,I 75,I 75 and Hudson Bridge Rd,,Angle Crash,2,Cloudy,Dry,Daylight
2021-08-13T17:30:00.000,I 75,I 75 and Hudson Bridge Rd,,Rear End,2,Clear,Dry,Daylight
2021-12-21T14:00:00.000,I 75,I 75 and Hudson Bridge Rd,,Rear End,2,Rain,Wet,Daylight
2021-07-08T17:48:00.000,I 75,I 75 and Hudson Bridge Rd,,Rear End,2,Cloudy,Dry,Daylight
2021-08-16T17:41:00.000,I 75,I 75 and Hudson Bridge Rd,,Rear End,2,Rain,Wet,Daylight
2021-07-10T13:34:00.000,I 75,I 75 and Hudson Bridge Rd,,Sideswipe-Same Direction,2,Clear,Dry,Daylight
2022-10-30T19:30:00.000,I 75,I 75 and Hudson Bridge Rd,,Rear End,3,Rain,Water (standing or moving),Dark-Not Lighted
2022-12-14T23:09:00.000,I 75,I 75 and Hudson Bridge Rd,,Rear End,2,Rain,Wet,Dark-Lighted
2022-07-07T15:59:00.000,I 75,I 75 and Hudson Bridge Rd,,Rear End,2,Clear,Dry,Daylight
2022-05-25T10:13:00.000,I 75,I 75 and Hudson Bridge Rd,,Rear End,2,Cloudy,Dry,Daylight
2022-08-15T15:45:00.000,I 75,I 75 and Hudson Bridge Rd,,Rear End,2,Rain,Wet,Daylight
2022-02-11T10:34:00.000,I 75,I 75 and Hudson Bridge Rd,,Rear End,3,Clear,Dry,Daylight
2022-10-14T17:38:00.000,I 75,I 75 and Hudson Bridge Rd,,Rear End,2,Clear,Dry,Daylight
2022-06-03T15:35:00.000,I 75,I 75 and Hudson Bridge Rd,,Rear End,2,Clear,Dry,Daylight
2022-10-18T11:04:00.000,I 75,I 75 and Hudson Bridge Rd,,Rear End,2,Clear,Dry,Daylight
2022-04-28T08:18:00.000,I 75,I 75 and Hudson Bridge Rd,,Not a Collision with Motor Vehicle,2,Clear,Dry,Daylight
2022-08-01T05:37:00.000,I 75,I 75 and Hudson Bridge Rd,,Rear End,2,Clear,Dry,Dark-Not Lighted
2022-02-06T11:30:00.000,I 75,I 75 and Hudson Bridge Rd,,Sideswipe-Same Direction,2,Clear,Dry,Daylight
2022-04-23T14:47:00.000,I 75,I 75 and Hudson Bridge Rd,,Rear End,2,Clear,Dry,Daylight
2022-09-24T15:04:00.000,I 75,I 75 and Hudson Bridge Rd,,Sideswipe-Same Direction,2,Clear,Dry,Daylight
2022-02-27T19:10:00.000,I 75,I 75 and Hudson Bridge Rd,,Rear End,2,Cloudy,Wet,Dark-Lighted
2022-02-18T16:14:00.000,I 75,I 75 and Hudson Bridge Rd,,Sideswipe-Same Direction,3,Clear,Dry,Daylight
2022-08-28T15:59:00.000,I 75,I 75 and Hudson Bridge Rd,,Not a Collision with Motor Vehicle,1,Clear,Dry,Daylight
2022-02-17T06:49:00.000,I 75,I 75 and Hudson Bridge Rd,,Not a Collision with Motor Vehicle,16,Cloudy,Dry,Dawn
2022-04-23T16:52:00.000,I 75,I 75 and Hudson Bridge Rd,,Angle Crash,2,Clear,Dry,Daylight
2022-10-19T15:20:00.000,I 75,I 75 and Hudson Bridge Rd,,Sideswipe-Same Direction,2,Clear,Dry,Daylight
2022-01-01T02:32:00.000,I 75,I 75 and Hudson Bridge Rd,,Sideswipe-Same Direction,2,Fog,Wet,Dark-Not Lighted
2022-03-14T21:23:00.000,I 75,I 75 and Hudson Bridge Rd,,Sideswipe-Same Direction,2,Clear,Dry,Dark-Not Lighted
2022-12-12T16:54:00.000,I 75,I 75 and Hudson Bridge Rd,,Not a Collision with Motor Vehicle,1,Clear,Dry,Dark-Not Lighted
2022-10-18T23:10:00.000,I 75,I 75 and Hudson Bridge Rd,,Sideswipe-Same Direction,2,Clear,Dry,Dark-Not Lighted
2022-10-14T14:34:00.000,I 75,I 75 and Hudson Bridge Rd,,Rear End,2,Clear,Dry,Daylight
2022-09-05T17:30:00.000,I 75,I 75 and Hudson Bridge Rd,,Rear End,3,Clear,Wet,Daylight
2022-09-16T15:38:00.000,I 75,I 75 and Hudson Bridge Rd,,Rear End,4,Clear,Dry,Daylight
2022-11-08T06:29:00.000,I 75,I 75 and Hudson Bridge Rd,,Rear End,2,Clear,Dry,Dawn
2022-04-02T15:38:00.000,I 75,I 75 and Hudson Bridge Rd,,Rear End,2,Clear,Dry,Daylight
2022-06-20T13:21:00.000,I 75,I 75 and Hudson Bridge Rd,,Rear End,2,Clear,Dry,Daylight
2022-02-05T09:30:00.000,I 75,I 75 and Hudson Bridge Rd,,Not a Collision with Motor Vehicle,1,Clear,Dry,Daylight
2022-12-12T16:54:00.000,I 75,I 75 and Hudson Bridge Rd,,Not a Collision with Motor Vehicle,1,Clear,Dry,Dark-Not Lighted
2022-03-19T15:33:00.000,I 75,I 75 and Hudson Bridge Rd,,Rear End,2,Clear,Dry,Daylight
2022-02-02T03:55:00.000,I 75,I 75 and Hudson Bridge Rd,,Not a Collision with Motor Vehicle,1,Clear,Dry,Dark-Not Lighted
2022-11-27T06:23:00.000,I 75,I 75 and Hudson Bridge Rd,,Not a Collision with Motor Vehicle,1,Rain,Wet,Dark-Lighted
2022-03-27T19:58:00.000,I 75,I 75 and Hudson Bridge Rd,,Rear End,2,Clear,Dry,Dark-Lighted
2022-09-13T06:45:00.000,I 75,I 75 and Hudson Bridge Rd,,Rear End,2,Clear,Dry,Daylight
2022-03-27T14:54:00.000,I 75,I 75 and Hudson Bridge Rd,,Not a Collision with Motor Vehicle,1,Clear,Dry,Daylight
2022-12-19T01:29:00.000,I 75,I 75 and Hudson Bridge Rd,,Angle Crash,2,Clear,Dry,Dark-Not Lighted
2022-08-26T17:58:00.000,I 75,I 75 and Hudson Bridge Rd,,Rear End,2,Clear,Dry,Daylight
2022-12-09T09:27:00.000,I 75,I 75 and Hudson Bridge Rd,,Angle Crash,2,Clear,Dry,Daylight
2022-03-10T14:13:00.000,I 75,I 75 and Hudson Bridge Rd,,Sideswipe-Same Direction,3,Clear,Dry,Dark-Lighted
2022-11-18T13:50:00.000,I 75,I 75 and Hudson Bridge Rd,,Sideswipe-Same Direction,2,Clear,Dry,Daylight
2022-11-26T22:22:00.000,I 75,I 75 and Hudson Bridge Rd,,Rear End,2,Clear,Dry,Dark-Not Lighted
2022-12-12T16:54:00.000,I 75,I 75 and Hudson Bridge Rd,,Not a Collision with Motor Vehicle,1,Clear,Dry,Dark-Not Lighted
2022-06-29T13:17:00.000,I 75,I 75 and Hudson Bridge Rd,,Rear End,2,Clear,Dry,Daylight