Date and Time,Roadway (From Crash Report),Intersection Name (from Crash Report),KABCO Severity,Manner of Collision (Crash Level) ,# of Vehicles per crash ,Weather Conditions (Crash Level),Surface Condition (Crash Level) ,Light Conditions (Crash Level)
2022-08-25T00:48:00.000,I 75,I 75 and Hudson Bridge Rd,,Sideswipe-Same Direction,2,Rain,Wet,Dark-Not Lighted
2022-05-10T15:11:00.000,I 75,I 75 and Hudson Bridge Rd,,Rear End,3,Clear,Dry,Daylight
2022-09-03T02:12:00.000,I 75,I 75 and Hudson Bridge Rd,,Rear End,2,Clear,Dry,Dark-Not Lighted
2022-04-07T16:09:00.000,I 75,I 75 and Hudson Bridge Rd,,Angle Crash,2,Clear,Dry,Daylight
2022-03-29T06:48:00.000,I 75,I 75 and Hudson Bridge Rd,,Rear End,3,Clear,Dry,Daylight
2022-02-25T21:33:00.000,I 75,I 75 and Hudson Bridge Rd,,Sideswipe-Same Direction,2,Clear,Dry,Dark-Lighted
2022-01-02T17:24:00.000,I 75,I 75 and Hudson Bridge Rd,,Angle Crash,2,Cloudy,Wet,Dusk
2022-06-23T04:50:00.000,I 75,I 75 and Hudson Bridge Rd,,Not a Collision with Motor Vehicle,3,Clear,Dry,Dark-Not Lighted
2022-03-13T16:35:00.000,I 75,I 75 and Hudson Bridge Rd,,Rear End,2,Clear,Dry,Daylight
2022-03-12T18:40:00.000,I 75,I 75 and Hudson Bridge Rd,,Sideswipe-Same Direction,3,Clear,Dry,Dusk
2022-09-24T22:42:00.000,I 75,I 75 and Hudson Bridge Rd,,Sideswipe-Same Direction,2,Clear,Dry,Dark-Lighted
2022-09-25T20:10:00.000,I 75,I 75 and Hudson Bridge Rd,,Rear End,3,Clear,Dry,Dark-Lighted
2022-11-28T03:15:00.000,I 75,I 75 and Hudson Bridge Rd,,Rear End,3,Clear,Dry,Dark-Not Lighted
2022-09-29T13:40:00.000,I 75,I 75 and Hudson Bridge Rd,,Not a Collision with Motor Vehicle,1,Clear,Dry,Daylight
2022-04-08T18:03:00.000,I 75,I 75 and Hudson Bridge Rd,,Sideswipe-Same Direction,2,Cloudy,Dry,Daylight
2022-02-06T15:13:00.000,I 75,I 75 and Hudson Bridge Rd,,Rear End,2,Clear,Dry,Daylight
2022-04-13T18:49:00.000,I 75,I 75 and Hudson Bridge Rd,,Sideswipe-Same Direction,2,Clear,Dry,Daylight
2022-03-23T13:30:00.000,I 75,I 75 and Hudson Bridge Rd,,Rear End,2,Clear,Wet,Daylight
2022-12-23T09:49:00.000,I 75,I 75 and Hudson Bridge Rd,,Rear End,3,Clear,Dry,Daylight
2022-10-28T21:01:00.000,I 75,I 75 and Hudson Bridge Rd,,Rear End,4,Clear,Dry,Dark-Not Lighted
2022-08-04T17:34:00.000,I 75,I 75 and Hudson Bridge Rd,,Rear End,2,Clear,Dry,Daylight
2022-08-31T17:36:00.000,I 75,I 75 and Hudson Bridge Rd,,Sideswipe-Same Direction,2,Clear,Dry,Daylight
2022-11-14T18:17:00.000,I 75,I 75 and Hudson Bridge Rd,,Not a Collision with Motor Vehicle,1,Clear,Dry,Dark-Not Lighted
2022-11-30T14:32:00.000,I 75,I 75 and Hudson Bridge Rd,,Rear End,2,Clear,Dry,Daylight
2022-12-12T16:54:00.000,I 75,I 75 and Hudson Bridge Rd,,Not a Collision with Motor Vehicle,1,Clear,Dry,Dark-Not Lighted
2022-02-25T16:16:00.000,I 75,I 75 and Hudson Bridge Rd,,Sideswipe-Same Direction,2,Clear,Dry,Daylight
2022-10-07T06:02:00.000,I 75,I 75 and Hudson Bridge Rd,,Sideswipe-Same Direction,7,Clear,Dry,Dark-Lighted
2022-02-02T14:50:00.000,I 75,I 75 and Hudson Bridge Rd,,Sideswipe-Same Direction,2,Cloudy,Dry,Daylight
2022-11-22T10:05:00.000,I 75,I 75 and Hudson Bridge Rd,,Rear End,2,Clear,Dry,Daylight
2022-10-30T17:15:00.000,I 75,I 75 and Hudson Bridge Rd,,Rear End,4,Cloudy,Wet,Daylight
2022-07-29T08:11:00.000,I 75,I 75 and Hudson Bridge Rd,,Sideswipe-Same Direction,1,Clear,Dry,Daylight
2022-12-01T17:36:00.000,I 75,I 75 and Hudson Bridge Rd,,Rear End,2,Cloudy,Dry,Dusk
2022-03-10T16:24:00.000,I 75,I 75 and Hudson Bridge Rd,,Rear End,2,Clear,Dry,Daylight
2022-08-07T11:25:00.000,I 75,I 75 and Hudson Bridge Rd,,Rear End,4,Clear,Dry,Daylight
2022-09-09T13:50:00.000,I 75,I 75 and Hudson Bridge Rd,,Rear End,2,Cloudy,Dry,Daylight
2022-12-20T17:26:00.000,I 75,I 75 and Hudson Bridge Rd,,Not a Collision with Motor Vehicle,1,Rain,Wet,Dusk
2022-04-25T17:04:00.000,I 75,I 75 and Hudson Bridge Rd,,Rear End,2,Clear,Dry,Daylight
2022-03-25T06:10:00.000,I 75,I 75 and Hudson Bridge Rd,,Not a Collision with Motor Vehicle,1,Clear,Dry,Dark-Not Lighted
2022-07-25T16:09:00.000,I 75,I 75 and Hudson Bridge Rd,,Not a Collision with Motor Vehicle,2,Clear,Dry,Daylight
2021-10-15T16:40:00.000,I 75,I 75 and Hudson Bridge Rd,,Sideswipe-Same Direction,2,Clear,Dry,Daylight
2021-10-20T11:12:00.000,I 75,I 75 and Hudson Bridge Rd,,Rear End,2,Clear,Dry,Daylight
2021-11-09T12:17:00.000,I 75,I 75 and Hudson Bridge Rd,,Rear End,2,Clear,Dry,Daylight
2021-10-10T11:56:00.000,I 75,I 75 and Hudson Bridge Rd,,Not a Collision with Motor Vehicle,1,Clear,Dry,Daylight
2021-08-22T14:03:00.000,I 75,I 75 and Hudson Bridge Rd,,Rear End,2,Clear,Dry,Daylight
2021-08-31T09:07:00.000,I 75,I 75 and Hudson Bridge Rd,,Not a Collision with Motor Vehicle,2,Cloudy,Dry,Daylight
2021-10-20T16:06:00.000,I 75,I 75 and Hudson Bridge Rd,,Rear End,2,Clear,Dry,Daylight
2021-10-20T14:20:00.000,I 75,I 75 and Hudson Bridge Rd,,Rear End,2,Clear,Dry,Daylight
2021-08-24T16:28:00.000,I 75,I 75 and Hudson Bridge Rd,,Rear End,2,Clear,Dry,Daylight
2021-11-07T18:59:00.000,I 75,I 75 and Hudson Bridge Rd,,Sideswipe-Same Direction,2,Clear,Dry,Dark-Not Lighted
2021-09-06T15:49:00.000,I 75,I 75 and Hudson Bridge Rd,,Rear End,2,Rain,Wet,Daylight
2021-12-10T12:05:00.000,I 75,I 75 and Hudson Bridge Rd,,Sideswipe-Same Direction,2,Rain,Wet,Daylight
2021-12-02T09:16:00.000,I 75,I 75 and Hudson Bridge Rd,,Rear End,2,Clear,Dry,Daylight
2021-08-20T22:17:00.000,I 75,I 75 and Hudson Bridge Rd,,Angle Crash,2,Cloudy,Wet,Dark-Not Lighted
2021-10-11T16:45:00.000,I 75,I 75 and Hudson Bridge Rd,,Rear End,3,Clear,Dry,Daylight
2022-11-20T18:59:00.000,I 75,I 75 and Hudson Bridge Rd,,Sideswipe-Same Direction,2,Clear,Dry,Dark-Lighted
2022-02-11T20:01:00.000,I 75,I 75 and Hudson Bridge Rd,,Rear End,3,Clear,Dry,Dark-Not Lighted
2022-10-08T08:45:00.000,I 75,I 75 and Hudson Bridge Rd,,Rear End,2,Clear,Dry,Daylight
2022-02-03T20:47:00.000,I 75,I 75 and Hudson Bridge Rd,,Angle Crash,5,Cloudy,Wet,Dark-Lighted
2022-04-07T17:07:00.000,I 75,I 75 and Hudson Bridge Rd,,Rear End,2,Clear,Dry,Daylight
2022-03-22T01:06:00.000,I 75,I 75 and Hudson Bridge Rd,,Not a Collision with Motor Vehicle,1,Clear,Dry,Dark-Lighted
2022-03-17T05:35:00.000,I 75,I 75 and Hudson Bridge Rd,,Sideswipe-Same Direction,2,Fog,Dry,Dark-Lighted
2022-08-12T12:45:00.000,I 75,I 75 and Hudson Bridge Rd,,Rear End,2,Cloudy,Dry,Daylight
2022-11-10T10:33:00.000,I 75,I 75 and Hudson Bridge Rd,,Rear End,2,Clear,Dry,Daylight
2022-09-08T13:32:00.000,I 75,I 75 and Hudson Bridge Rd,,Angle Crash,2,Clear,Dry,Daylight
2022-02-21T20:02:00.000,I 75,I 75 and Hudson Bridge Rd,,Sideswipe-Same Direction,2,Rain,Wet,Dark-Lighted
2022-07-31T15:18:00.000,I 75,I 75 and Hudson Bridge Rd,,Rear End,2,Clear,Dry,Daylight
2022-04-03T08:28:00.000,I 75,I 75 and Hudson Bridge Rd,,Not a Collision with Motor Vehicle,1,Clear,Dry,Daylight
2022-09-16T10:25:00.000,I 75,I 75 and Hudson Bridge Rd,,Sideswipe-Same Direction,2,Clear,Dry,Daylight
2022-04-12T14:25:00.000,I 75,I 75 and Hudson Bridge Rd,,Rear End,2,Clear,Dry,Daylight
2022-09-28T06:02:00.000,I 75,I 75 and Hudson Bridge Rd,,Sideswipe-Same Direction,2,Clear,Dry,Dark-Lighted
2022-03-13T11:53:00.000,I 75,I 75 and Hudson Bridge Rd,,Angle Crash,3,Clear,Dry,Daylight
2022-02-10T11:41:00.000,I 75,I 75 and Hudson Bridge Rd,,Rear End,2,Clear,Dry,Daylight
2022-11-22T11:42:00.000,I 75,I 75 and Hudson Bridge Rd,,Rear End,2,Clear,Dry,Daylight
2022-12-12T20:24:00.000,I 75,I 75 and Hudson Bridge Rd,,Rear End,2,Clear,Dry,Dark-Lighted
2022-07-31T22:11:00.000,I 75,I 75 and Hudson Bridge Rd,,Angle Crash,2,Clear,Dry,Dark-Not Lighted
2022-02-06T12:07:00.000,I 75,I 75 and Hudson Bridge Rd,,Angle Crash,2,Clear,Dry,Daylight
2022-12-20T20:31:00.000,I 75,I 75 and Hudson Bridge Rd,,Rear End,3,Rain,Wet,Dark-Lighted
2022-09-09T10:37:00.000,I 75,I 75 and Hudson Bridge Rd,,Rear End,2,Clear,Dry,Daylight
2022-05-01T11:16:00.000,I 75,I 75 and Hudson Bridge Rd,,Rear End,2,Cloudy,Dry,Daylight
2022-12-14T22:44:00.000,I 75,I 75 and Hudson Bridge Rd,,Not a Collision with Motor Vehicle,1,Rain,Wet,Dark-Lighted
2022-02-21T10:35:00.000,I 75,I 75 and Hudson Bridge Rd,,Rear End,2,Clear,Dry,Daylight
2022-01-19T16:21:00.000,I 75,I 75 and Hudson Bridge Rd,,Sideswipe-Same Direction,2,Clear,Dry,Daylight
2022-11-29T11:47:00.000,I 75,I 75 and Hudson Bridge Rd,,Rear End,3,Clear,Dry,Daylight
2022-06-08T15:15:00.000,I 75,I 75 and Hudson Bridge Rd,,Rear End,2,Clear,Dry,Daylight
2022-05-09T07:32:00.000,I 75,I 75 and Hudson Bridge Rd,,Sideswipe-Same Direction,2,Clear,Dry,Daylight
2022-12-29T19:37:00.000,I 75,I 75 and Hudson Bridge Rd,,Sideswipe-Same Direction,2,Clear,Dry,Dark-Not Lighted
2022-09-20T04:40:00.000,I 75,I 75 and Hudson Bridge Rd,,Sideswipe-Same Direction,2,Clear,Dry,Dark-Lighted
2022-09-15T16:47:00.000,I 75,I 75 and Hudson Bridge Rd,,Rear End,2,Clear,Dry,Daylight
2022-12-22T12:14:00.000,I 75,I 75 and Hudson Bridge Rd,,Rear End,2,Cloudy,Wet,Daylight
2022-04-15T13:00:00.000,I 75,I 75 and Hudson Bridge Rd,,Rear End,2,Clear,Dry,Daylight
2022-03-02T08:52:00.000,I 75,I 75 and Hudson Bridge Rd,,Angle Crash,2,Clear,Dry,Daylight
2022-08-30T10:15:00.000,I 75,I 75 and Hudson Bridge Rd,,Rear End,2,Clear,Dry,Daylight
2022-10-27T15:46:00.000,I 75,I 75 and Hudson Bridge Rd,,Rear End,2,Clear,Dry,Daylight
2022-06-27T19:27:00.000,I 75,I 75 and Hudson Bridge Rd,,Rear End,2,Rain,Wet,Daylight
2022-09-14T21:30:00.000,I 75,I 75 and Hudson Bridge Rd,,Rear End,2,Clear,Dry,Dark-Lighted
2022-10-31T11:19:00.000,I 75,I 75 and Hudson Bridge Rd,,Rear End,2,Clear,Dry,Daylight
2022-08-26T14:14:00.000,I 75,I 75 and Hudson Bridge Rd,,Rear End,2,Clear,Dry,Daylight
2022-03-14T20:11:00.000,I 75,I 75 and Hudson Bridge Rd,,Rear End,2,Clear,Dry,Dark-Lighted
2022-12-23T10:32:00.000,I 75,I 75 and Hudson Bridge Rd,,Rear End,2,Clear,Dry,Daylight
2022-08-21T14:27:00.000,I 75,I 75 and Hudson Bridge Rd,,Rear End,2,Clear,Dry,Daylight
2022-07-15T19:06:00.000,I 75,I 75 and Hudson Bridge Rd,,Rear End,2,Clear,Dry,Daylight
2022-12-22T22:54:00.000,I 75,I 75 and Hudson Bridge Rd,,Rear End,3,Rain,Wet,Dark-Lighted
2022-10-31T16:45:00.000,I 75,I 75 and Hudson Bridge Rd,,Rear End,2,Cloudy,Dry,Daylight
2022-11-05T12:48:00.000,I 75,I 75 and Hudson Bridge Rd,,Rear End,3,Clear,Dry,Daylight
2022-02-25T20:40:00.000,I 75,I 75 and Hudson Bridge Rd,,Sideswipe-Same Direction,2,Clear,Dry,Dark-Not Lighted
2022-05-18T13:30:00.000,I 75,I 75 and Hudson Bridge Rd,,Angle Crash,2,Clear,Dry,Daylight
2022-10-14T03:21:00.000,I 75,I 75 and Hudson Bridge Rd,,Not a Collision with Motor Vehicle,1,Clear,Dry,Dark-Lighted
2022-02-11T19:13:00.000,I 75,I 75 and Hudson Bridge Rd,,Rear End,3,Clear,Dry,Dark-Lighted
2022-05-28T16:09:00.000,I 75,I 75 and Hudson Bridge Rd,,Rear End,2,Clear,Dry,Daylight
2022-02-10T20:13:00.000,I 75,I 75 and Hudson Bridge Rd,,Sideswipe-Same Direction,2,Clear,Dry,Dark-Lighted
2022-10-22T07:35:00.000,I 75,I 75 and Hudson Bridge Rd,,Angle Crash,2,Clear,Dry,Dawn
2022-07-31T22:52:00.000,I 75,I 75 and Hudson Bridge Rd,,Rear End,2,Clear,Dry,Dark-Not Lighted
2022-08-17T12:49:00.000,I 75,I 75 and Hudson Bridge Rd,,Rear End,2,Cloudy,Wet,Daylight
2022-03-22T17:48:00.000,I 75,I 75 and Hudson Bridge Rd,,Sideswipe-Same Direction,2,Clear,Dry,Daylight
2022-07-01T07:51:00.000,I 75,I 75 and Hudson Bridge Rd,,Sideswipe-Same Direction,2,Cloudy,Dry,Daylight
2022-07-31T14:55:00.000,I 75,I 75 and Hudson Bridge Rd,,Angle Crash,2,Clear,Dry,Daylight
2022-01-06T16:00:00.000,I 75,I 75 and Hudson Bridge Rd,,Sideswipe-Same Direction,2,Cloudy,Wet,Dusk
2022-06-21T09:15:00.000,I 75,I 75 and Hudson Bridge Rd,,Rear End,2,Clear,Dry,Daylight
2022-08-20T23:20:00.000,I 75,I 75 and Hudson Bridge Rd,,Not a Collision with Motor Vehicle,1,Rain,Wet,Dark-Not Lighted
2022-12-30T20:57:00.000,I 75,I 75 and Hudson Bridge Rd,,Sideswipe-Same Direction,2,Rain,Wet,Dark-Lighted
2022-06-19T16:17:00.000,I 75,I 75 and Hudson Bridge Rd,,Rear End,2,Clear,Dry,Daylight
2022-03-26T10:25:00.000,I 75,I 75 and Hudson Bridge Rd,,Head On,3,Cloudy,Dry,Daylight
2022-03-07T16:25:00.000,I 75,I 75 and Hudson Bridge Rd,,Rear End,2,Rain,Wet,Daylight
2022-07-31T18:17:00.000,I 75,I 75 and Hudson Bridge Rd,,Rear End,2,Clear,Dry,Daylight
2022-12-11T21:09:00.000,I 75,I 75 and Hudson Bridge Rd,,Not a Collision with Motor Vehicle,2,Clear,Wet,Dark-Lighted
2022-01-09T18:31:00.000,I 75,I 75 and Hudson Bridge Rd,,Angle Crash,3,Rain,Wet,Dark-Lighted
2022-05-26T11:50:00.000,I 75,I 75 and Hudson Bridge Rd,,Rear End,2,Clear,Dry,Daylight
2022-02-11T18:53:00.000,I 75,I 75 and Hudson Bridge Rd,,Rear End,3,Clear,Dry,Dark-Not Lighted
2022-03-24T17:16:00.000,I 75,I 75 and Hudson Bridge Rd,,Not a Collision with Motor Vehicle,1,Clear,Dry,Daylight
2022-11-16T15:42:00.000,I 75,I 75 and Hudson Bridge Rd,,Rear End,2,Clear,Dry,Daylight
2022-04-10T02:37:00.000,I 75,I 75 and Hudson Bridge Rd,,Not a Collision with Motor Vehicle,1,Clear,Dry,Dark-Lighted
2022-12-29T15:33:00.000,I 75,I 75 and Hudson Bridge Rd,,Sideswipe-Same Direction,2,Clear,Dry,Daylight
2022-01-15T17:39:00.000,I 75,I 75 and Hudson Bridge Rd,,Rear End,2,Clear,Dry,Daylight
2022-06-29T13:33:00.000,I 75,I 75 and Hudson Bridge Rd,,Rear End,2,Cloudy,Dry,Daylight
2022-12-31T12:39:00.000,I 75,I 75 and Hudson Bridge Rd,,Not a Collision with Motor Vehicle,1,Rain,Wet,Daylight
2022-05-26T19:44:00.000,I 75,I 75 and Hudson Bridge Rd,,Rear End,2,Cloudy,Dry,Dusk
2022-02-08T15:31:00.000,I 75,I 75 and Hudson Bridge Rd,,Angle Crash,2,Clear,Dry,Daylight
2022-08-03T08:46:00.000,I 75,I 75 and Hudson Bridge Rd,,Sideswipe-Same Direction,2,Cloudy,Dry,Daylight
2022-04-20T01:10:00.000,I 75,I 75 and Hudson Bridge Rd,,Rear End,2,Clear,Dry,Dark-Not Lighted
2022-11-23T14:48:00.000,I 75,I 75 and Hudson Bridge Rd,,Rear End,2,Cloudy,Dry,Daylight
2022-06-15T08:41:00.000,I 75,I 75 and Hudson Bridge Rd,,Sideswipe-Same Direction,3,Clear,Dry,Daylight
2022-01-23T12:30:00.000,I 75,I 75 and Hudson Bridge Rd,,Sideswipe-Same Direction,2,Clear,Dry,Daylight
2022-01-08T07:17:00.000,I 75,I 75 and Hudson Bridge Rd,,Rear End,2,Clear,Dry,Daylight
2022-12-23T11:06:00.000,I 75,I 75 and Hudson Bridge Rd,,Rear End,3,Clear,Dry,Daylight
2022-11-19T08:17:00.000,I 75,I 75 and Hudson Bridge Rd,,Sideswipe-Same Direction,2,Clear,Dry,Daylight
2022-09-19T15:37:00.000,I 75,I 75 and Hudson Bridge Rd,,Rear End,2,Clear,Dry,Daylight
2022-05-23T13:50:00.000,I 75,I 75 and Hudson Bridge Rd,,Rear End,2,Clear,Dry,Daylight
2022-06-22T22:10:00.000,I 75,I 75 and Hudson Bridge Rd,,Sideswipe-Same Direction,2,Clear,Dry,Dark-Lighted
2022-01-14T18:30:00.000,I 75,I 75 and Hudson Bridge Rd,,Sideswipe-Same Direction,2,Clear,Dry,Dark-Not Lighted
2022-04-22T19:58:00.000,I 75,I 75 and Hudson Bridge Rd,,Sideswipe-Same Direction,2,Clear,Dry,Dark-Lighted
2022-11-23T14:24:00.000,I 75,I 75 and Hudson Bridge Rd,,Rear End,2,Clear,Dry,Daylight
2022-10-13T12:45:00.000,I 75,I 75 and Hudson Bridge Rd,,Rear End,2,Clear,Dry,Daylight
2022-03-13T15:50:00.000,I 75,I 75 and Hudson Bridge Rd,,Rear End,2,Clear,Dry,Daylight
2022-12-11T13:00:00.000,I 75,I 75 and Hudson Bridge Rd,,Rear End,2,Clear,Wet,Daylight
2022-01-01T17:28:00.000,I 75,I 75 and Hudson Bridge Rd,,Rear End,2,Clear,Dry,Dark-Lighted
2022-03-02T19:35:00.000,I 75,I 75 and Hudson Bridge Rd,,Angle Crash,2,Clear,Dry,Dark-Lighted
2022-11-21T11:46:00.000,I 75,I 75 and Hudson Bridge Rd,,Rear End,2,Clear,Dry,Daylight
2022-03-01T07:15:00.000,I 75,I 75 and Hudson Bridge Rd,,Rear End,2,Clear,Dry,Daylight
2022-10-10T12:55:00.000,I 75,I 75 and Hudson Bridge Rd,,Rear End,2,Clear,Dry,Daylight
2022-01-03T19:45:00.000,I 75,I 75 and Hudson Bridge Rd,,Rear End,2,Clear,Dry,Dark-Not Lighted
2022-11-05T21:36:00.000,I 75,I 75 and Hudson Bridge Rd,,Rear End,2,Clear,Dry,Dark-Not Lighted
2022-12-06T05:50:00.000,I 75,I 75 and Hudson Bridge Rd,,Sideswipe-Same Direction,2,Clear,Wet,Dark-Lighted
2022-06-14T11:25:00.000,I 75,I 75 and Hudson Bridge Rd,,Rear End,4,Clear,Dry,Daylight
2022-02-25T02:20:00.000,I 75,I 75 and Hudson Bridge Rd,,Rear End,2,Clear,Dry,Dark-Not Lighted
2022-06-18T09:38:00.000,I 75,I 75 and Hudson Bridge Rd,,Rear End,2,Clear,Dry,Daylight
2022-11-28T10:12:00.000,I 75,I 75 and Hudson Bridge Rd,,Rear End,2,Clear,Dry,Daylight
2022-06-01T08:06:00.000,I 75,I 75 and Hudson Bridge Rd,,Angle Crash,2,Clear,Dry,Daylight
2022-11-13T23:46:00.000,I 75,I 75 and Hudson Bridge Rd,,Rear End,2,Clear,Dry,Dark-Lighted
2022-06-27T12:41:00.000,I 75,I 75 and Hudson Bridge Rd,,Sideswipe-Same Direction,2,Cloudy,Dry,Daylight
2022-10-30T19:30:00.000,I 75,I 75 and Hudson Bridge Rd,,Rear End,2,Rain,Wet,Dark-Not Lighted
2022-10-07T07:58:00.000,I 75,I 75 and Hudson Bridge Rd,,Rear End,2,Clear,Dry,Daylight
2022-05-23T14:18:00.000,I 75,I 75 and Hudson Bridge Rd,,Rear End,2,Cloudy,Dry,Daylight
2022-12-22T14:19:00.000,I 75,I 75 and Hudson Bridge Rd,,Sideswipe-Same Direction,2,Cloudy,Dry,Daylight
2022-11-03T12:20:00.000,I 75,I 75 and Hudson Bridge Rd,,Sideswipe-Same Direction,2,Clear,Dry,Daylight
2022-09-05T15:15:00.000,I 75,I 75 and Hudson Bridge Rd,,Rear End,2,Rain,Wet,Daylight
2022-12-30T17:53:00.000,I 75,I 75 and Hudson Bridge Rd,,Rear End,2,Clear,Dry,Dark-Lighted
2022-03-17T16:52:00.000,I 75,I 75 and Hudson Bridge Rd,,Sideswipe-Same Direction,2,Clear,Dry,Daylight
2022-04-10T13:02:00.000,I 75,I 75 and Hudson Bridge Rd,,Rear End,2,Clear,Dry,Daylight
2022-05-30T00:17:00.000,I 75,I 75 and Hudson Bridge Rd,,Not a Collision with Motor Vehicle,1,Clear,Dry,Dark-Lighted
2022-08-07T11:09:00.000,I 75,I 75 and Hudson Bridge Rd,,Rear End,2,Clear,Dry,Daylight
2022-03-03T11:15:00.000,I 75,I 75 and Hudson Bridge Rd,,Sideswipe-Same Direction,2,Clear,Dry,Daylight
2022-10-23T16:37:00.000,I 75,I 75 and Hudson Bridge Rd,,Rear End,2,Clear,Dry,Daylight
2022-12-09T20:15:00.000,I 75,I 75 and Hudson Bridge Rd,,Sideswipe-Same Direction,2,Rain,Wet,Dark-Lighted
2022-11-23T18:44:00.000,I 75,I 75 and Hudson Bridge Rd,,Rear End,2,Clear,Dry,Dark-Lighted
2022-11-14T12:13:00.000,I 75,I 75 and Hudson Bridge Rd,,Rear End,2,Clear,Dry,Daylight
2022-10-13T07:51:00.000,I 75,I 75 and Hudson Bridge Rd,,Rear End,3,Rain,Wet,Daylight
2022-04-09T09:49:00.000,I 75,I 75 and Hudson Bridge Rd,,Not a Collision with Motor Vehicle,1,Cloudy,Dry,Daylight
2022-11-13T01:27:00.000,I 75,I 75 and Hudson Bridge Rd,,Rear End,2,Clear,Dry,Dark-Lighted
2022-06-28T20:09:00.000,I 75,I 75 and Hudson Bridge Rd,,Sideswipe-Same Direction,2,Rain,Wet,Daylight
2022-02-10T11:57:00.000,I 75,I 75 and Hudson Bridge Rd,,Sideswipe-Same Direction,2,Clear,Dry,Daylight
2022-09-11T11:00:00.000,I 75,I 75 and Hudson Bridge Rd,,Sideswipe-Same Direction,2,Clear,Dry,Daylight
2022-06-03T10:16:00.000,I 75,I 75 and Hudson Bridge Rd,,Sideswipe-Opposite Direction,2,Clear,Dry,Daylight
2022-05-31T09:20:00.000,I 75,I 75 and Hudson Bridge Rd,,Sideswipe-Same Direction,2,Cloudy,Dry,Daylight
2022-04-14T15:17:00.000,I 75,I 75 and Hudson Bridge Rd,,Sideswipe-Same Direction,2,Clear,Dry,Daylight
2022-05-23T07:45:00.000,I 75,I 75 and Hudson Bridge Rd,,Rear End,2,Rain,Wet,Daylight
2022-04-01T15:57:00.000,I 75,I 75 and Hudson Bridge Rd,,Rear End,2,Clear,Dry,Daylight
2022-06-29T07:18:00.000,I 75,I 75 and Hudson Bridge Rd,,Rear End,2,Cloudy,Dry,Daylight
2022-07-06T18:30:00.000,I 75,I 75 and Hudson Bridge Rd,,Sideswipe-Same Direction,2,Clear,Dry,Daylight
2022-03-17T12:03:00.000,I 75,I 75 and Hudson Bridge Rd,,Rear End,2,Clear,Dry,Daylight
2022-09-06T15:13:00.000,I 75,I 75 and Hudson Bridge Rd,,Rear End,2,Cloudy,Dry,Daylight
2022-11-11T14:28:00.000,I 75,I 75 and Hudson Bridge Rd,,Rear End,2,Cloudy,Dry,Daylight
2022-03-23T16:53:00.000,I 75,I 75 and Hudson Bridge Rd,,Not a Collision with Motor Vehicle,1,Cloudy,Dry,Daylight
2022-03-13T15:52:00.000,I 75,I 75 and Hudson Bridge Rd,,Rear End,2,Clear,Dry,Daylight
2022-11-09T13:27:00.000,I 75,I 75 and Hudson Bridge Rd,,Sideswipe-Same Direction,2,Clear,Dry,Daylight
2022-03-11T19:30:00.000,I 75,I 75 and Hudson Bridge Rd,,Rear End,2,Clear,Dry,Dark-Lighted
2022-08-05T22:06:00.000,I 75,I 75 and Hudson Bridge Rd,,Sideswipe-Same Direction,2,Clear,Wet,Dark-Not Lighted
2022-02-27T18:56:00.000,I 75,I 75 and Hudson Bridge Rd,,Rear End,2,Cloudy,Wet,Dark-Not Lighted
2022-11-06T12:35:00.000,I 75,I 75 and Hudson Bridge Rd,,Rear End,2,Clear,Dry,Daylight
2022-11-02T10:30:00.000,I 75,I 75 and Hudson Bridge Rd,,Sideswipe-Same Direction,2,Clear,Dry,Daylight
2022-09-25T09:48:00.000,I 75,I 75 and Hudson Bridge Rd,,Sideswipe-Same Direction,2,Clear,Dry,Daylight
2022-10-17T15:00:00.000,I 75,I 75 and Hudson Bridge Rd,,Rear End,3,Clear,Dry,Daylight
2022-07-28T11:49:00.000,I 75,I 75 and Hudson Bridge Rd,,Rear End,2,Clear,Dry,Daylight
2022-12-27T10:55:00.000,I 75,I 75 and Hudson Bridge Rd,,Rear End,2,Clear,Dry,Daylight
2022-05-04T16:14:00.000,I 75,I 75 and Hudson Bridge Rd,,Rear End,2,Clear,Dry,Daylight
2022-10-14T17:06:00.000,I 75,I 75 and Hudson Bridge Rd,,Sideswipe-Same Direction,2,Clear,Dry,Daylight
2022-10-02T16:40:00.000,I 75,I 75 and Hudson Bridge Rd,,Rear End,2,Clear,Dry,Daylight
2022-12-12T16:54:00.000,I 75,I 75 and Hudson Bridge Rd,,Not a Collision with Motor Vehicle,1,Clear,Dry,Dark-Not Lighted
2022-08-12T13:53:00.000,I 75,I 75 and Hudson Bridge Rd,,Sideswipe-Same Direction,2,Clear,Dry,Daylight
2022-08-18T17:30:00.000,I 75,I 75 and Hudson Bridge Rd,,Rear End,2,Cloudy,Dry,Daylight
2022-08-19T18:37:00.000,I 75,I 75 and Hudson Bridge Rd,,Not a Collision with Motor Vehicle,1,Cloudy,Wet,Daylight
2022-08-18T13:35:00.000,I 75,I 75 and Hudson Bridge Rd,,Rear End,2,Cloudy,Dry,Daylight
2022-08-04T11:58:00.000,I 75,I 75 and Hudson Bridge Rd,,Not a Collision with Motor Vehicle,2,Clear,Dry,Daylight
2022-12-30T10:40:00.000,I 75,I 75 and Hudson Bridge Rd,,Sideswipe-Same Direction,2,Clear,Dry,Daylight
2022-02-19T09:45:00.000,I 75,I 75 and Hudson Bridge Rd,,Angle Crash,2,Clear,Dry,Daylight
2022-03-07T17:26:00.000,I 75,I 75 and Hudson Bridge Rd,,Rear End,2,Rain,Wet,Daylight
2022-11-30T11:19:00.000,I 75,I 75 and Hudson Bridge Rd,,Rear End,2,Clear,Wet,Daylight
2022-07-02T10:45:00.000,I 75,I 75 and Hudson Bridge Rd,,Rear End,2,Clear,Dry,Daylight
2022-10-16T20:18:00.000,I 75,I 75 and Hudson Bridge Rd,,Rear End,3,Clear,Dry,Dark-Not Lighted