Date and Time,Roadway (From Crash Report),Intersection Name (from Crash Report),KABCO Severity,Manner of Collision (Crash Level) ,# of Vehicles per crash ,Weather Conditions (Crash Level),Surface Condition (Crash Level) ,Light Conditions (Crash Level)
2022-03-14T09:41:00.000,I 75,I 75 and Hudson Bridge Rd,,Not a Collision with Motor Vehicle,1,Clear,Dry,Daylight
2022-12-01T13:44:00.000,I 75,I 75 and Hudson Bridge Rd,,Rear End,2,Clear,Dry,Daylight
2022-06-23T17:29:00.000,I 75,I 75 and Hudson Bridge Rd,,Sideswipe-Same Direction,2,Clear,Dry,Daylight
2022-02-08T14:13:00.000,I 75,I 75 and Hudson Bridge Rd,,Angle Crash,2,Clear,Dry,Daylight
2022-12-16T17:47:00.000,I 75,I 75 and Hudson Bridge Rd,,Rear End,2,Clear,Dry,Dark-Lighted
2022-07-25T12:25:00.000,I 75,I 75 and Hudson Bridge Rd,,Rear End,3,Clear,Dry,Daylight
2022-06-18T12:57:00.000,I 75,I 75 and Hudson Bridge Rd,,Rear End,2,Clear,Dry,Daylight
2022-09-27T17:03:00.000,I 75,I 75 and Hudson Bridge Rd,,Rear End,3,Clear,Dry,Daylight
2022-05-27T08:55:00.000,I 75,I 75 and Hudson Bridge Rd,,Rear End,2,Clear,Dry,Daylight
2022-06-06T12:03:00.000,I 75,I 75 and Hudson Bridge Rd,,Rear End,2,Cloudy,Dry,Daylight
2022-06-23T13:52:00.000,I 75,I 75 and Hudson Bridge Rd,,Rear End,2,Clear,Dry,Daylight
2022-01-30T20:34:00.000,I 75,I 75 and Hudson Bridge Rd,,Angle Crash,4,Clear,Dry,Dark-Lighted
2022-03-16T14:35:00.000,I 75,I 75 and Hudson Bridge Rd,,Rear End,2,Cloudy,Dry,Daylight
2022-11-08T14:37:00.000,I 75,I 75 and Hudson Bridge Rd,,Angle Crash,2,Clear,Dry,Daylight
2022-03-28T09:59:00.000,I 75,I 75 and Hudson Bridge Rd,,Rear End,2,Clear,Dry,Daylight
2022-08-11T11:09:00.000,I 75,I 75 and Hudson Bridge Rd,,Rear End,2,Cloudy,Dry,Daylight
2022-12-16T15:56:00.000,I 75,I 75 and Hudson Bridge Rd,,Sideswipe-Same Direction,2,Clear,Dry,Daylight
2022-05-07T06:32:00.000,I 75,I 75 and Hudson Bridge Rd,,Not a Collision with Motor Vehicle,1,Clear,Dry,Dusk
2022-08-17T16:58:00.000,I 75,I 75 and Hudson Bridge Rd,,Angle Crash,7,Cloudy,Dry,Daylight
2022-02-24T14:33:00.000,I 75,I 75 and Hudson Bridge Rd,,Rear End,2,Clear,Dry,Daylight
2022-02-05T15:14:00.000,I 75,I 75 and Hudson Bridge Rd,,Rear End,2,Clear,Dry,Daylight
2022-06-12T14:23:00.000,I 75,I 75 and Hudson Bridge Rd,,Rear End,2,Clear,Dry,Daylight
2022-06-28T15:48:00.000,I 75,I 75 and Hudson Bridge Rd,,Rear End,2,Cloudy,Dry,Daylight
2022-04-24T16:36:00.000,I 75,I 75 and Hudson Bridge Rd,,Sideswipe-Same Direction,2,Clear,Dry,Daylight
2022-09-20T04:43:00.000,I 75,I 75 and Hudson Bridge Rd,,Angle Crash,3,Clear,Dry,Dark-Lighted
2022-03-21T08:41:00.000,I 75,I 75 and Hudson Bridge Rd,,Rear End,2,Clear,Dry,Daylight
2022-04-30T16:03:00.000,I 75,I 75 and Hudson Bridge Rd,,Sideswipe-Same Direction,2,Clear,Dry,Daylight
2022-11-06T19:44:00.000,I 75,I 75 and Hudson Bridge Rd,,Rear End,2,Clear,Dry,Dark-Lighted
2022-05-11T18:16:00.000,I 75,I 75 and Hudson Bridge Rd,,Sideswipe-Same Direction,4,Clear,Dry,Daylight
2022-01-27T07:30:00.000,I 75,I 75 and Hudson Bridge Rd,,Rear End,2,Clear,Dry,Daylight
2022-07-27T21:03:00.000,I 75,I 75 and Hudson Bridge Rd,,Sideswipe-Same Direction,2,Clear,Dry,Dark-Not Lighted
2022-12-27T20:17:00.000,I 75,I 75 and Hudson Bridge Rd,,Rear End,2,Clear,Dry,Dark-Lighted
2023-01-26T23:24:00.000,I 75,I 75 and Hudson Bridge Rd,,Sideswipe-Same Direction,2,Clear,Dry,Dark-Lighted
2023-11-29T16:19:00.000,I 75,I 75 and Hudson Bridge Rd,,Rear End,2,Clear,Dry,Daylight
2023-11-19T19:03:00.000,I 75,I 75 and Hudson Bridge Rd,,Rear End,2,Clear,Dry,Dark-Lighted
2023-04-12T13:27:00.000,I 75,I 75 and Hudson Bridge Rd,,Rear End,2,Clear,Dry,Daylight
2023-05-25T20:37:00.000,I 75,I 75 and Hudson Bridge Rd,,Rear End,3,Clear,Dry,Daylight
2023-03-03T13:23:00.000,I 75,I 75 and Hudson Bridge Rd,,Rear End,3,Clear,Dry,Daylight
2023-10-16T08:05:00.000,I 75,I 75 and Hudson Bridge Rd,,Rear End,3,Clear,Dry,Daylight
2023-02-03T23:08:00.000,I 75,I 75 and Hudson Bridge Rd,,Rear End,2,Clear,Dry,Dark-Not Lighted
2023-05-11T19:19:00.000,I 75,I 75 and Hudson Bridge Rd,,Rear End,2,Clear,Dry,Daylight
2023-12-22T18:45:00.000,I 75,I 75 and Hudson Bridge Rd,,Rear End,2,Cloudy,Dry,Dark-Lighted
2023-09-26T21:07:00.000,I 75,I 75 and Hudson Bridge Rd,,Not a Collision with Motor Vehicle,1,Clear,Dry,Dark-Lighted
2023-10-09T17:58:00.000,I 75,I 75 and Hudson Bridge Rd,,Sideswipe-Same Direction,2,Clear,Dry,Daylight
2023-10-19T06:53:00.000,I 75,I 75 and Hudson Bridge Rd,,Sideswipe-Same Direction,2,Clear,Dry,Dark-Lighted
2023-09-17T18:43:00.000,I 75,I 75 and Hudson Bridge Rd,,Not a Collision with Motor Vehicle,1,Clear,Dry,Daylight
2024-01-01T16:09:00.000,I 75,I 75 and Hudson Bridge Rd,,Rear End,2,Clear,Dry,Daylight
2024-06-19T16:05:00.000,I 75,I 75 and Hudson Bridge Rd,,Sideswipe-Same Direction,2,Clear,Dry,Daylight
2024-02-04T13:13:00.000,I 75,I 75 and Hudson Bridge Rd,,Rear End,2,Rain,Wet,Daylight
2024-05-29T03:30:00.000,I 75,I 75 and Hudson Bridge Rd,,Not a Collision with Motor Vehicle,1,Clear,Dry,Dark-Not Lighted
2024-05-25T22:42:00.000,I 75,I 75 and Hudson Bridge Rd,,Sideswipe-Same Direction,2,Cloudy,Dry,Dark-Lighted
2024-12-07T22:25:00.000,I 75,I 75 and Hudson Bridge Rd,,Angle Crash,2,Clear,Dry,Dark-Not Lighted
2024-04-22T11:32:00.000,I 75,I 75 and Hudson Bridge Rd,,Rear End,3,Clear,Dry,Daylight
2024-01-01T15:29:00.000,I 75,I 75 and Hudson Bridge Rd,,Rear End,3,Clear,Dry,Daylight
2024-03-31T05:38:00.000,I 75,I 75 and Hudson Bridge Rd,,Rear End,2,Clear,Dry,Dark-Lighted
2024-05-18T15:49:00.000,I 75,I 75 and Hudson Bridge Rd,,Rear End,2,Cloudy,Dry,Daylight
2024-05-11T15:14:00.000,I 75,I 75 and Hudson Bridge Rd,,Rear End,2,Clear,Dry,Daylight
2024-09-26T15:19:00.000,I 75,I 75 and Hudson Bridge Rd,,Sideswipe-Same Direction,2,Rain,Wet,Daylight
2024-05-14T11:08:00.000,I 75,I 75 and Hudson Bridge Rd,,Rear End,2,Rain,Wet,Daylight
2024-04-05T21:37:00.000,I 75,I 75 and Hudson Bridge Rd,,Rear End,2,Clear,Dry,Dark-Lighted
2024-11-03T19:15:00.000,I 75,I 75 and Hudson Bridge Rd,,Sideswipe-Same Direction,2,Clear,Dry,Dark-Lighted
2024-08-25T17:48:00.000,I 75,I 75 and Hudson Bridge Rd,,Rear End,2,Clear,Dry,Daylight
2024-07-23T12:13:00.000,I 75,I 75 and Hudson Bridge Rd,,Rear End,2,Clear,Dry,Daylight
2024-09-04T09:08:00.000,I 75,I 75 and Hudson Bridge Rd,,Not a Collision with Motor Vehicle,2,Clear,Dry,Daylight
2024-12-21T17:52:00.000,I 75,I 75 and Hudson Bridge Rd,,Sideswipe-Same Direction,2,Clear,Dry,Dark-Lighted
2024-12-29T18:41:00.000,I 75,I 75 and Hudson Bridge Rd,,Rear End,2,Clear,Dry,Dark-Not Lighted
2024-08-16T10:33:00.000,I 75,I 75 and Hudson Bridge Rd,,Sideswipe-Same Direction,2,Clear,Dry,Daylight
2024-07-28T13:09:00.000,I 75,I 75 and Hudson Bridge Rd,,Rear End,3,Rain,Wet,Daylight
2024-02-28T10:47:00.000,I 75,I 75 and Hudson Bridge Rd,,Rear End,2,Clear,Dry,Daylight
2024-04-23T07:21:00.000,I 75,I 75 and Hudson Bridge Rd,,Rear End,2,Clear,Dry,Daylight
2024-08-29T00:37:00.000,I 75,I 75 and Hudson Bridge Rd,,Not a Collision with Motor Vehicle,1,Clear,Dry,Dark-Lighted
2024-04-07T15:40:00.000,I 75,I 75 and Hudson Bridge Rd,,Rear End,2,Clear,Dry,Daylight
2024-07-27T20:17:00.000,I 75,I 75 and Hudson Bridge Rd,,Not a Collision with Motor Vehicle,1,Clear,Dry,Dark-Lighted
2024-05-17T03:47:00.000,I 75,I 75 and Hudson Bridge Rd,,Rear End,2,Clear,Dry,Dark-Lighted
2024-08-03T11:17:00.000,I 75,I 75 and Hudson Bridge Rd,,Rear End,2,Clear,Dry,Daylight
2024-10-11T16:39:00.000,I 75,I 75 and Hudson Bridge Rd,,Sideswipe-Same Direction,2,Clear,Dry,Daylight
2024-07-05T10:41:00.000,I 75,I 75 and Hudson Bridge Rd,,Sideswipe-Same Direction,3,Clear,Dry,Daylight
2024-04-06T21:32:00.000,I 75,I 75 and Hudson Bridge Rd,,Not a Collision with Motor Vehicle,1,Clear,Dry,Daylight
2024-03-03T13:22:00.000,I 75,I 75 and Hudson Bridge Rd,,Angle Crash,2,Cloudy,Dry,Daylight
2024-04-14T18:07:00.000,I 75,I 75 and Hudson Bridge Rd,,Rear End,3,Clear,Dry,Daylight
2024-04-03T17:29:00.000,I 75,I 75 and Hudson Bridge Rd,,Rear End,2,Clear,Dry,Daylight
2024-02-25T16:25:00.000,I 75,I 75 and Hudson Bridge Rd,,Head On,2,Clear,Dry,Daylight
2024-12-21T15:45:00.000,I 75,I 75 and Hudson Bridge Rd,,Rear End,2,Clear,Dry,Daylight
2024-03-20T23:17:00.000,I 75,I 75 and Hudson Bridge Rd,,Angle Crash,2,Clear,Dry,Dusk
2024-03-28T09:22:00.000,I 75,I 75 and Hudson Bridge Rd,,Rear End,2,Clear,Dry,Daylight
2024-05-17T03:42:00.000,I 75,I 75 and Hudson Bridge Rd,,Rear End,2,Clear,Dry,Dark-Lighted
2024-07-02T14:03:00.000,I 75,I 75 and Hudson Bridge Rd,,Rear End,2,Clear,Dry,Daylight
2024-06-04T12:30:00.000,I 75,I 75 and Hudson Bridge Rd,,Rear End,2,Clear,Dry,Daylight
2024-04-16T10:07:00.000,I 75,I 75 and Hudson Bridge Rd,,Rear End,2,Clear,Dry,Daylight
2024-09-04T12:11:00.000,I 75,I 75 and Hudson Bridge Rd,,Sideswipe-Same Direction,2,Clear,Dry,Daylight
2024-12-08T19:11:00.000,I 75,I 75 and Hudson Bridge Rd,,Rear End,2,Clear,Dry,Dark-Not Lighted
2024-11-17T14:40:00.000,I 75,I 75 and Hudson Bridge Rd,,Sideswipe-Same Direction,2,Clear,Dry,Daylight
2024-09-26T16:10:00.000,I 75,I 75 and Hudson Bridge Rd,,Angle Crash,2,Rain,Wet,Daylight
2024-12-07T05:18:00.000,I 75,I 75 and Hudson Bridge Rd,,Not a Collision with Motor Vehicle,1,Clear,Dry,Dark-Lighted
2024-09-10T13:29:00.000,I 75,I 75 and Hudson Bridge Rd,,Sideswipe-Same Direction,2,Clear,Dry,Daylight
2024-06-29T15:51:00.000,I 75,I 75 and Hudson Bridge Rd,,Rear End,5,Clear,Dry,Daylight
2024-05-06T13:12:00.000,I 75,I 75 and Hudson Bridge Rd,,Rear End,3,Clear,Dry,Daylight
2024-04-07T16:59:00.000,I 75,I 75 and Hudson Bridge Rd,,Rear End,2,Clear,Dry,Daylight
2023-12-07T11:00:00.000,I 75,I 75 and Hudson Bridge Rd,,Angle Crash,2,Clear,Dry,Daylight
2023-06-05T00:38:00.000,I 75,I 75 and Hudson Bridge Rd,,Rear End,2,Clear,Dry,Dark-Lighted
2023-04-15T09:28:00.000,I 75,I 75 and Hudson Bridge Rd,,Rear End,2,Clear,Dry,Daylight
2023-08-29T16:25:00.000,I 75,I 75 and Hudson Bridge Rd,,Rear End,2,Clear,Dry,Daylight
2023-04-25T11:53:00.000,I 75,I 75 and Hudson Bridge Rd,,Rear End,2,Clear,Dry,Daylight
2023-06-19T17:19:00.000,I 75,I 75 and Hudson Bridge Rd,,Rear End,2,Cloudy,Dry,Daylight
2023-03-30T11:05:00.000,I 75,I 75 and Hudson Bridge Rd,,Rear End,2,Clear,Dry,Daylight
2023-11-10T05:10:00.000,I 75,I 75 and Hudson Bridge Rd,,Sideswipe-Same Direction,2,Clear,Dry,Dark-Lighted
2023-06-26T12:07:00.000,I 75,I 75 and Hudson Bridge Rd,,Sideswipe-Same Direction,2,Clear,Dry,Daylight
2023-02-26T19:04:00.000,I 75,I 75 and Hudson Bridge Rd,,Rear End,3,Clear,Dry,Dark-Lighted
2023-11-22T19:54:00.000,I 75,I 75 and Hudson Bridge Rd,,Sideswipe-Same Direction,2,Clear,Dry,Dark-Lighted
2023-08-07T07:55:00.000,I 75,I 75 and Hudson Bridge Rd,,Rear End,2,Clear,Dry,Daylight
2024-06-25T21:55:00.000,I 75,I 75 and Hudson Bridge Rd,,Sideswipe-Same Direction,2,Cloudy,Dry,Dark-Lighted
2024-08-30T18:23:00.000,I 75,I 75 and Hudson Bridge Rd,,Rear End,2,Cloudy,Dry,Daylight
2024-05-26T15:26:00.000,I 75,I 75 and Hudson Bridge Rd,,Angle Crash,2,Clear,Dry,Daylight
2024-05-22T08:09:00.000,I 75,I 75 and Hudson Bridge Rd,,Rear End,2,Clear,Dry,Daylight
2024-11-05T10:44:00.000,I 75,I 75 and Hudson Bridge Rd,,Rear End,2,Clear,Dry,Daylight
2024-08-16T16:51:00.000,I 75,I 75 and Hudson Bridge Rd,,Rear End,6,Clear,Dry,Daylight
2024-06-25T10:37:00.000,I 75,I 75 and Hudson Bridge Rd,,Sideswipe-Same Direction,2,Clear,Dry,Daylight
2024-09-07T13:59:00.000,I 75,I 75 and Hudson Bridge Rd,,Rear End,2,Clear,Dry,Daylight
2024-05-06T14:07:00.000,I 75,I 75 and Hudson Bridge Rd,,Sideswipe-Same Direction,2,Clear,Dry,Daylight
2023-08-07T07:55:00.000,I 75,I 75 and Hudson Bridge Rd,,Rear End,2,Clear,Dry,Daylight
2023-07-12T10:00:00.000,I 75,I 75 and Hudson Bridge Rd,,Rear End,2,Clear,Dry,Daylight
2023-08-01T11:59:00.000,I 75,I 75 and Hudson Bridge Rd,,Rear End,2,Clear,Dry,Daylight
2023-03-17T16:37:00.000,I 75,I 75 and Hudson Bridge Rd,,Rear End,2,Rain,Wet,Daylight
2023-10-24T12:45:00.000,I 75,I 75 and Hudson Bridge Rd,,Rear End,2,Clear,Dry,Daylight
2023-03-19T15:22:00.000,I 75,I 75 and Hudson Bridge Rd,,Rear End,2,Clear,Dry,Daylight
2023-07-13T11:32:00.000,I 75,I 75 and Hudson Bridge Rd,,Sideswipe-Same Direction,2,Clear,Dry,Daylight
2023-08-06T17:50:00.000,I 75,I 75 and Hudson Bridge Rd,,Rear End,2,Rain,Wet,Daylight
2023-10-20T11:04:00.000,I 75,I 75 and Hudson Bridge Rd,,Rear End,3,Cloudy,Wet,Daylight
2023-07-02T18:10:00.000,I 75,I 75 and Hudson Bridge Rd,,Rear End,2,Cloudy,Dry,Daylight
2023-11-13T20:38:00.000,I 75,I 75 and Hudson Bridge Rd,,Rear End,2,Clear,Dry,Dark-Lighted
2023-07-17T18:55:00.000,I 75,I 75 and Hudson Bridge Rd,,Sideswipe-Same Direction,2,Clear,Dry,Daylight
2023-03-15T07:00:00.000,I 75,I 75 and Hudson Bridge Rd,,Sideswipe-Same Direction,2,Clear,Dry,Daylight
2023-07-06T12:44:00.000,I 75,I 75 and Hudson Bridge Rd,,Rear End,2,Clear,Dry,Daylight
2023-04-05T11:10:00.000,I 75,I 75 and Hudson Bridge Rd,,Sideswipe-Same Direction,2,Clear,Dry,Daylight
2023-08-30T15:38:00.000,I 75,I 75 and Hudson Bridge Rd,,Sideswipe-Same Direction,2,Rain,Dry,Daylight
2023-04-23T15:10:00.000,I 75,I 75 and Hudson Bridge Rd,,Rear End,2,Clear,Dry,Daylight
2023-01-06T21:42:00.000,I 75,I 75 and Hudson Bridge Rd,,Not a Collision with Motor Vehicle,1,Clear,Dry,Dark-Lighted
2023-06-20T18:48:00.000,I 75,I 75 and Hudson Bridge Rd,,Rear End,3,Clear,Wet,Daylight
2023-07-08T10:57:00.000,I 75,I 75 and Hudson Bridge Rd,,Not a Collision with Motor Vehicle,1,Clear,Dry,Daylight
2023-03-05T16:14:00.000,I 75,I 75 and Hudson Bridge Rd,,Rear End,2,Clear,Dry,Daylight
2023-01-30T23:30:00.000,I 75,I 75 and Hudson Bridge Rd,,Rear End,2,Cloudy,Dry,Dark-Lighted
2023-03-05T16:45:00.000,I 75,I 75 and Hudson Bridge Rd,,Rear End,2,Clear,Dry,Daylight
2023-03-13T13:58:00.000,I 75,I 75 and Hudson Bridge Rd,,Angle Crash,2,Clear,Dry,Daylight
2023-02-11T18:20:00.000,I 75,I 75 and Hudson Bridge Rd,,Rear End,2,Rain,Wet,Dark-Lighted
2023-10-21T22:00:00.000,I 75,I 75 and Hudson Bridge Rd,,Rear End,2,Clear,Dry,Dark-Not Lighted
2023-04-02T19:19:00.000,I 75,I 75 and Hudson Bridge Rd,,Not a Collision with Motor Vehicle,2,Clear,Dry,Dawn
2023-05-13T14:15:00.000,I 75,I 75 and Hudson Bridge Rd,,Rear End,2,Clear,Dry,Dark-Lighted
2023-06-26T13:08:00.000,I 75,I 75 and Hudson Bridge Rd,,Rear End,2,Clear,Dry,Daylight
2023-02-28T11:10:00.000,I 75,I 75 and Hudson Bridge Rd,,Sideswipe-Same Direction,2,Clear,Dry,Dark-Not Lighted
2023-05-07T00:36:00.000,I 75,I 75 and Hudson Bridge Rd,,Not a Collision with Motor Vehicle,1,Clear,Dry,Dark-Lighted
2023-03-13T07:30:00.000,I 75,I 75 and Hudson Bridge Rd,,Sideswipe-Same Direction,2,Clear,Dry,Daylight
2023-10-22T13:13:00.000,I 75,I 75 and Hudson Bridge Rd,,Angle Crash,2,Clear,Dry,Daylight
2023-08-14T12:05:00.000,I 75,I 75 and Hudson Bridge Rd,,Rear End,2,Clear,Dry,Daylight
2023-12-16T20:17:00.000,I 75,I 75 and Hudson Bridge Rd,,Rear End,3,Rain,Wet,Dark-Lighted
2023-05-21T19:21:00.000,I 75,I 75 and Hudson Bridge Rd,,Rear End,2,Clear,Dry,Daylight
2023-01-25T14:33:00.000,I 75,I 75 and Hudson Bridge Rd,,Rear End,2,Clear,Dry,Daylight
2023-10-11T06:30:00.000,I 75,I 75 and Hudson Bridge Rd,,Rear End,2,Clear,Dry,Dark-Lighted
2023-10-09T15:48:00.000,I 75,I 75 and Hudson Bridge Rd,,Rear End,2,Clear,Dry,Daylight
2023-07-16T15:46:00.000,I 75,I 75 and Hudson Bridge Rd,,Rear End,2,Clear,Dry,Daylight
2023-07-07T05:30:00.000,I 75,I 75 and Hudson Bridge Rd,,Rear End,3,Clear,Dry,Dark-Not Lighted
2023-01-14T14:35:00.000,I 75,I 75 and Hudson Bridge Rd,,Rear End,2,Clear,Dry,Daylight
2023-01-19T07:26:00.000,I 75,I 75 and Hudson Bridge Rd,,Rear End,3,Clear,Wet,Dark-Lighted
2023-11-30T14:36:00.000,I 75,I 75 and Hudson Bridge Rd,,Sideswipe-Same Direction,2,Clear,Dry,Daylight
2023-06-21T13:44:00.000,I 75,I 75 and Hudson Bridge Rd,,Rear End,3,Clear,Dry,Daylight
2023-02-17T10:06:00.000,I 75,I 75 and Hudson Bridge Rd,,Rear End,2,Rain,Wet,Daylight
2023-12-19T18:39:00.000,I 75,I 75 and Hudson Bridge Rd,,Rear End,2,Clear,Dry,Dark-Lighted
2023-11-11T10:49:00.000,I 75,I 75 and Hudson Bridge Rd,,Rear End,2,Rain,Wet,Daylight
2023-12-30T11:44:00.000,I 75,I 75 and Hudson Bridge Rd,,Rear End,2,Clear,Dry,Daylight
2023-01-04T13:34:00.000,I 75,I 75 and Hudson Bridge Rd,,Sideswipe-Same Direction,2,Cloudy,Wet,Daylight
2023-01-13T19:43:00.000,I 75,I 75 and Hudson Bridge Rd,,Rear End,2,Clear,Dry,Dark-Lighted
2023-01-17T18:05:00.000,I 75,I 75 and Hudson Bridge Rd,,Rear End,2,Cloudy,Wet,Dark-Lighted
2023-01-16T17:58:00.000,I 75,I 75 and Hudson Bridge Rd,,Rear End,3,Clear,Dry,Dark-Not Lighted
2023-02-11T12:45:00.000,I 75,I 75 and Hudson Bridge Rd,,Rear End,2,Rain,Wet,Daylight
2023-04-02T11:00:00.000,I 75,I 75 and Hudson Bridge Rd,,Rear End,2,Clear,Dry,Daylight
2023-05-05T13:08:00.000,I 75,I 75 and Hudson Bridge Rd,,Rear End,2,Clear,Dry,Daylight
2023-12-04T01:08:00.000,I 75,I 75 and Hudson Bridge Rd,,Not a Collision with Motor Vehicle,1,Clear,Dry,Dark-Lighted
2023-10-24T09:43:00.000,I 75,I 75 and Hudson Bridge Rd,,Rear End,2,Clear,Dry,Daylight
2023-05-15T17:10:00.000,I 75,I 75 and Hudson Bridge Rd,,Sideswipe-Same Direction,4,Clear,Dry,Daylight
2023-04-15T00:13:00.000,I 75,I 75 and Hudson Bridge Rd,,Sideswipe-Same Direction,2,Clear,Dry,Dark-Not Lighted
2023-11-12T06:22:00.000,I 75,I 75 and Hudson Bridge Rd,,Rear End,2,Cloudy,Wet,Dark-Lighted
2023-12-26T17:17:00.000,I 75,I 75 and Hudson Bridge Rd,,Rear End,3,Cloudy,Wet,Dusk
2023-06-01T14:10:00.000,I 75,I 75 and Hudson Bridge Rd,,Rear End,2,Clear,Dry,Daylight
2023-06-20T16:43:00.000,I 75,I 75 and Hudson Bridge Rd,,Rear End,2,Cloudy,Wet,Daylight
2023-01-07T09:35:00.000,I 75,I 75 and Hudson Bridge Rd,,Rear End,2,Clear,Dry,Daylight
2023-09-05T12:36:00.000,I 75,I 75 and Hudson Bridge Rd,,Sideswipe-Same Direction,2,Clear,Dry,Daylight
2023-07-05T19:52:00.000,I 75,I 75 and Hudson Bridge Rd,,Rear End,2,Clear,Dry,Dusk
2023-05-15T08:20:00.000,I 75,I 75 and Hudson Bridge Rd,,Sideswipe-Same Direction,2,Clear,Dry,Daylight
2023-01-07T09:35:00.000,I 75,I 75 and Hudson Bridge Rd,,Rear End,2,Clear,Dry,Daylight
2023-06-10T16:32:00.000,I 75,I 75 and Hudson Bridge Rd,,Rear End,2,Clear,Dry,Daylight
2023-05-21T16:50:00.000,I 75,I 75 and Hudson Bridge Rd,,Rear End,2,Clear,Dry,Daylight
2023-05-05T14:33:00.000,I 75,I 75 and Hudson Bridge Rd,,Rear End,2,Clear,Water (standing or moving),Daylight
2023-08-06T18:37:00.000,I 75,I 75 and Hudson Bridge Rd,,Rear End,3,Rain,Wet,Daylight
2023-11-21T19:10:00.000,I 75,I 75 and Hudson Bridge Rd,,Rear End,2,Rain,Wet,Dark-Lighted
2023-08-28T12:59:00.000,I 75,I 75 and Hudson Bridge Rd,,Rear End,2,Clear,Dry,Daylight
2023-10-09T12:13:00.000,I 75,I 75 and Hudson Bridge Rd,,Sideswipe-Same Direction,2,Clear,Dry,Daylight
2023-04-17T17:02:00.000,I 75,I 75 and Hudson Bridge Rd,,Sideswipe-Same Direction,2,Clear,Dry,Daylight
2023-06-18T11:46:00.000,I 75,I 75 and Hudson Bridge Rd,,Rear End,2,Clear,Dry,Daylight
2023-04-11T17:34:00.000,I 75,I 75 and Hudson Bridge Rd,,Not a Collision with Motor Vehicle,2,Clear,Dry,Daylight
2023-11-18T15:29:00.000,I 75,I 75 and Hudson Bridge Rd,,Angle Crash,2,Clear,Dry,Daylight
2023-05-19T17:00:00.000,I 75,I 75 and Hudson Bridge Rd,,Rear End,3,Clear,Dry,Daylight
2023-08-13T17:28:00.000,I 75,I 75 and Hudson Bridge Rd,,Rear End,3,Clear,Dry,Daylight
2023-05-02T13:43:00.000,I 75,I 75 and Hudson Bridge Rd,,Rear End,2,Clear,Dry,Daylight
2023-10-26T23:30:00.000,I 75,I 75 and Hudson Bridge Rd,,Sideswipe-Same Direction,2,Clear,Dry,Dark-Lighted
2023-03-28T06:10:00.000,I 75,I 75 and Hudson Bridge Rd,,Sideswipe-Same Direction,2,Clear,Dry,Dawn
2023-06-26T18:01:00.000,I 75,I 75 and Hudson Bridge Rd,,Rear End,2,Clear,Dry,Daylight
2023-03-02T20:00:00.000,I 75,I 75 and Hudson Bridge Rd,,Sideswipe-Same Direction,2,Rain,Wet,Dark-Not Lighted
2023-04-01T13:25:00.000,I 75,I 75 and Hudson Bridge Rd,,Rear End,2,Clear,Dry,Daylight
2023-01-11T04:13:00.000,I 75,I 75 and Hudson Bridge Rd,,Rear End,2,Clear,Dry,Daylight
2023-12-05T16:31:00.000,I 75,I 75 and Hudson Bridge Rd,,Rear End,3,Clear,Dry,Daylight
2023-12-27T17:28:00.000,I 75,I 75 and Hudson Bridge Rd,,Rear End,2,Clear,Dry,Dark-Not Lighted
2023-03-01T17:54:00.000,I 75,I 75 and Hudson Bridge Rd,,Rear End,3,Clear,Dry,Daylight
2023-10-20T17:27:00.000,I 75,I 75 and Hudson Bridge Rd,,Angle Crash,2,Clear,Dry,Daylight
2023-04-21T15:22:00.000,I 75,I 75 and Hudson Bridge Rd,,Rear End,2,Clear,Dry,Daylight
2023-10-08T20:03:00.000,I 75,I 75 and Hudson Bridge Rd,,Sideswipe-Same Direction,2,Clear,Dry,Dark-Not Lighted
2023-03-10T09:38:00.000,I 75,I 75 and Hudson Bridge Rd,,Rear End,2,Rain,Wet,Daylight
2023-03-04T00:22:00.000,I 75,I 75 and Hudson Bridge Rd,,Rear End,2,Clear,Dry,Dark-Lighted
2023-05-20T18:21:00.000,I 75,I 75 and Hudson Bridge Rd,,Rear End,3,Clear,Dry,Daylight
2023-01-08T13:38:00.000,I 75,I 75 and Hudson Bridge Rd,,Rear End,4,Clear,Dry,Daylight
2023-11-18T09:50:00.000,I 75,I 75 and Hudson Bridge Rd,,Rear End,2,Clear,Dry,Daylight
2023-01-10T07:00:00.000,I 75,I 75 and Hudson Bridge Rd,,Rear End,2,Clear,Dry,Dawn
2023-05-21T01:56:00.000,I 75,I 75 and Hudson Bridge Rd,,Angle Crash,2,Rain,Wet,Dark-Lighted
2023-02-06T15:41:00.000,I 75,I 75 and Hudson Bridge Rd,,Not a Collision with Motor Vehicle,1,Clear,Dry,Daylight
2023-10-18T16:09:00.000,I 75,I 75 and Hudson Bridge Rd,,Sideswipe-Same Direction,2,Clear,Dry,Daylight
2023-02-13T18:35:00.000,I 75,I 75 and Hudson Bridge Rd,,Sideswipe-Same Direction,2,Clear,Dry,Dark-Lighted
2023-11-05T20:04:00.000,I 75,I 75 and Hudson Bridge Rd,,Sideswipe-Same Direction,2,Clear,Dry,Dark-Lighted
2023-03-13T13:40:00.000,I 75,I 75 and Hudson Bridge Rd,,Rear End,2,Clear,Dry,Daylight
2023-12-20T14:26:00.000,I 75,I 75 and Hudson Bridge Rd,,Rear End,2,Clear,Dry,Daylight
2023-06-02T10:00:00.000,I 75,I 75 and Hudson Bridge Rd,,Not a Collision with Motor Vehicle,1,Clear,Dry,Daylight
2023-03-11T10:46:00.000,I 75,I 75 and Hudson Bridge Rd,,Rear End,2,Clear,Dry,Daylight
2023-05-19T14:18:00.000,I 75,I 75 and Hudson Bridge Rd,,Rear End,2,Clear,Dry,Daylight
2023-06-18T10:31:00.000,I 75,I 75 and Hudson Bridge Rd,,Rear End,2,Clear,Dry,Daylight
2024-05-18T18:45:00.000,I 75,I 75 and Hudson Bridge Rd,,Angle Crash,3,Clear,Dry,Daylight