Date and Time,Roadway (From Crash Report),Intersection Name (from Crash Report),KABCO Severity,Manner of Collision (Crash Level) ,# of Vehicles per crash ,Weather Conditions (Crash Level),Surface Condition (Crash Level) ,Light Conditions (Crash Level)
2021-07-12T15:06:00.000,I 75,I 75 and Howell Mill Rd,,Rear End,2,Rain,Wet,Daylight
2021-09-21T09:29:00.000,I 75,I 75 and Howell Mill Rd,,Angle Crash,2,Cloudy,Wet,Daylight
2021-02-28T06:36:00.000,I 75,I 75 and Howell Mill Rd,,Sideswipe-Same Direction,2,Cloudy,Dry,Daylight
2020-04-26T15:16:00.000,I 75,I 75 and Howell Mill Rd,,Sideswipe-Same Direction,2,Cloudy,Dry,Daylight
2020-10-24T18:08:00.000,I 75,I 75 and Howell Mill Rd,,Sideswipe-Same Direction,2,Rain,Wet,Dark-Not Lighted
2020-11-20T20:39:00.000,I 75,I 75 and Howell Mill Rd,,Sideswipe-Same Direction,2,Clear,Dry,Dark-Lighted
2020-11-12T12:29:00.000,I 75,I 75 and Howell Mill Rd,,Rear End,2,Clear,Dry,Daylight
2020-03-09T17:58:00.000,I 75,I 75 and Howell Mill Rd,,Rear End,2,Cloudy,Dry,Daylight
2020-07-10T11:15:00.000,I 75,I 75 and Howell Mill Rd,,Rear End,2,Cloudy,Dry,Daylight
2020-03-04T17:55:00.000,I 75,I 75 and Howell Mill Rd,,Rear End,3,Rain,Wet,Daylight
2020-01-30T16:26:00.000,I 75,I 75 and Howell Mill Rd,,Sideswipe-Same Direction,2,Clear,Dry,Daylight
2023-01-26T18:45:00.000,I 75,I 75 and Howell Mill Rd,,Rear End,2,Clear,Dry,Dark-Lighted
2023-06-13T19:27:00.000,I 75,I 75 and Howell Mill Rd,,Sideswipe-Same Direction,2,Clear,Dry,Daylight
2023-11-07T18:35:00.000,I 75,I 75 and Howell Mill Rd,,Rear End,2,Clear,Dry,Dark-Lighted
2023-05-19T15:48:00.000,I 75,I 75 and Howell Mill Rd,,Rear End,3,Cloudy,Dry,Daylight
2023-11-07T15:40:00.000,I 75,I 75 and Howell Mill Rd,,Sideswipe-Same Direction,2,Clear,Dry,Daylight
2023-06-08T17:09:00.000,I 75,I 75 and Howell Mill Rd,,Rear End,2,Clear,Dry,Daylight
2023-12-08T17:08:00.000,I 75,I 75 and Howell Mill Rd,,Rear End,2,Clear,Dry,Dark-Lighted
2023-12-26T08:30:00.000,I 75,I 75 and Howell Mill Rd,,Not a Collision with Motor Vehicle,1,Rain,Wet,Daylight
2023-01-09T18:15:00.000,I 75,I 75 and Howell Mill Rd,,Rear End,2,Cloudy,Dry,Daylight
2023-02-02T18:04:00.000,I 75,I 75 and Howell Mill Rd,,Rear End,2,Rain,Wet,Dark-Lighted
2023-02-17T19:00:00.000,I 75,I 75 and Howell Mill Rd,,Rear End,3,Clear,Dry,Dark-Lighted
2023-12-12T17:17:00.000,I 75,I 75 and Howell Mill Rd,,Rear End,2,Clear,Dry,Daylight
2023-05-23T17:48:00.000,I 75,I 75 and Howell Mill Rd,,Sideswipe-Same Direction,3,Cloudy,Dry,Daylight
2023-11-17T19:28:00.000,I 75,I 75 and Howell Mill Rd,,Rear End,3,Clear,Dry,Dark-Lighted
2023-06-13T17:10:00.000,I 75,I 75 and Howell Mill Rd,,Sideswipe-Same Direction,2,Cloudy,Dry,Daylight
2023-12-12T08:45:00.000,I 75,I 75 and Howell Mill Rd,,Rear End,2,Clear,Dry,Daylight
2023-10-12T09:28:00.000,I 75,I 75 and Howell Mill Rd,,Angle Crash,2,Clear,Wet,Daylight
2023-01-02T15:45:00.000,I 75,I 75 and Howell Mill Rd,,Sideswipe-Same Direction,2,Rain,Wet,Daylight
2023-12-19T12:19:00.000,I 75,I 75 and Howell Mill Rd,,Not a Collision with Motor Vehicle,1,Clear,Dry,Daylight
2022-07-26T18:39:00.000,I 75,I 75 and Howell Mill Rd,,Sideswipe-Same Direction,2,Clear,Dry,Daylight
2021-09-10T19:18:00.000,I 75,I 75 and Howell Mill Rd,,Rear End,2,Clear,Dry,Daylight
2020-01-02T16:58:00.000,I 75,I 75 and Howell Mill Rd,,Rear End,2,Rain,Wet,Daylight
2020-02-10T18:45:00.000,I 75,I 75 and Howell Mill Rd,,Rear End,2,Rain,Wet,Dark-Not Lighted
2020-02-05T12:40:00.000,I 75,I 75 and Howell Mill Rd,,Rear End,2,Cloudy,Dry,Daylight
2020-12-01T15:42:00.000,I 75,I 75 and Howell Mill Rd,,Angle Crash,2,Clear,Dry,Daylight
2020-03-09T20:38:00.000,I 75,I 75 and Howell Mill Rd,,Sideswipe-Same Direction,2,Clear,Dry,Dark-Lighted
2020-09-14T21:48:00.000,I 75,I 75 and Howell Mill Rd,,Angle Crash,2,Clear,Dry,Dark-Lighted
2020-08-11T08:52:00.000,I 75,I 75 and Howell Mill Rd,,Not a Collision with Motor Vehicle,1,Cloudy,Wet,Daylight
2020-02-26T20:30:00.000,I 75,I 75 and Howell Mill Rd,,Rear End,2,Clear,Dry,Dark-Lighted
2020-11-05T18:36:00.000,I 75,I 75 and Howell Mill Rd,,Rear End,2,Clear,Dry,(None)
2020-01-04T20:28:00.000,I 75,I 75 and Howell Mill Rd,,Sideswipe-Same Direction,2,Clear,Dry,Dark-Lighted
2020-12-14T11:43:00.000,I 75,I 75 and Howell Mill Rd,,Sideswipe-Same Direction,2,Clear,Dry,Daylight
2020-11-21T15:24:00.000,I 75,I 75 and Howell Mill Rd,,Sideswipe-Same Direction,2,Clear,Dry,Daylight
2020-05-26T04:01:00.000,I 75,I 75 and Howell Mill Rd,,Sideswipe-Same Direction,2,Cloudy,Wet,Dark-Not Lighted
2020-12-09T10:12:00.000,I 75,I 75 and Howell Mill Rd,,Angle Crash,2,Clear,Dry,Daylight
2020-12-08T10:08:00.000,I 75,I 75 and Howell Mill Rd,,Rear End,2,Clear,Dry,Daylight
2020-09-15T08:55:00.000,I 75,I 75 and Howell Mill Rd,,Sideswipe-Same Direction,2,Cloudy,Wet,Daylight
2020-10-18T00:12:00.000,I 75,I 75 and Howell Mill Rd,,Angle Crash,3,Clear,Dry,Dark-Lighted
2020-02-21T05:35:00.000,I 75,I 75 and Howell Mill Rd,,Sideswipe-Same Direction,2,Clear,Dry,Dark-Lighted
2020-02-14T07:18:00.000,I 75,I 75 and Howell Mill Rd,,Rear End,2,Clear,Dry,Daylight
2020-09-03T07:00:00.000,I 75,I 75 and Howell Mill Rd,,Not a Collision with Motor Vehicle,3,Clear,Dry,Daylight
2020-06-15T09:51:00.000,I 75,I 75 and Howell Mill Rd,,Not a Collision with Motor Vehicle,2,Cloudy,Dry,Daylight
2020-10-30T09:16:00.000,I 75,I 75 and Howell Mill Rd,,Not a Collision with Motor Vehicle,2,Cloudy,Dry,Daylight
2020-01-08T09:00:00.000,I 75,I 75 and Howell Mill Rd,,Rear End,2,Clear,Dry,Daylight
2020-10-23T17:40:00.000,I 75,I 75 and Howell Mill Rd,,Angle Crash,2,Clear,Dry,Daylight
2020-01-13T23:46:00.000,I 75,I 75 and Howell Mill Rd,,Angle Crash,2,Rain,Wet,Dark-Not Lighted
2020-09-16T16:04:00.000,I 75,I 75 and Howell Mill Rd,,Sideswipe-Same Direction,2,Rain,Wet,Daylight
2020-12-21T18:30:00.000,I 75,I 75 and Howell Mill Rd,,Rear End,2,Clear,Dry,Dark-Lighted
2020-01-08T18:00:00.000,I 75,I 75 and Howell Mill Rd,,Rear End,2,Clear,Dry,Dark-Not Lighted
2020-12-16T19:09:00.000,I 75,I 75 and Howell Mill Rd,,Rear End,3,Clear,Dry,Dark-Lighted
2020-02-27T07:41:00.000,I 75,I 75 and Howell Mill Rd,,Not a Collision with Motor Vehicle,2,Cloudy,Dry,Daylight
2020-06-26T02:23:00.000,I 75,I 75 and Howell Mill Rd,,Angle Crash,2,Cloudy,Wet,Dark-Lighted
2020-05-04T12:25:00.000,I 75,I 75 and Howell Mill Rd,,Rear End,2,Clear,Dry,Daylight
2020-10-12T19:42:00.000,I 75,I 75 and Howell Mill Rd,,Rear End,2,Clear,Dry,Dark-Not Lighted
2020-11-24T13:02:00.000,I 75,I 75 and Howell Mill Rd,,Sideswipe-Same Direction,2,Clear,Dry,Daylight
2020-08-29T08:32:00.000,I 75,I 75 and Howell Mill Rd,,Sideswipe-Same Direction,2,Cloudy,Dry,Daylight
2020-02-26T11:28:00.000,I 75,I 75 and Howell Mill Rd,,Rear End,2,Cloudy,Dry,Daylight
2020-09-17T15:28:00.000,I 75,I 75 and Howell Mill Rd,,Rear End,3,Rain,Wet,Daylight
2020-10-09T17:54:00.000,I 75,I 75 and Howell Mill Rd,,Rear End,2,Rain,Wet,Daylight
2020-02-05T09:03:00.000,I 75,I 75 and Howell Mill Rd,,Rear End,4,Cloudy,Wet,Daylight
2020-03-04T14:51:00.000,I 75,I 75 and Howell Mill Rd,,Rear End,2,Rain,Dry,Daylight
2020-09-24T17:56:00.000,I 75,I 75 and Howell Mill Rd,,Rear End,2,Rain,Wet,Daylight
2020-02-02T08:47:00.000,I 75,I 75 and Howell Mill Rd,,Angle Crash,3,Clear,Dry,Daylight
2020-02-08T22:07:00.000,I 75,I 75 and Howell Mill Rd,,Angle Crash,2,Fog,Dry,Dark-Lighted
2020-11-28T01:14:00.000,I 75,I 75 and Howell Mill Rd,,Angle Crash,2,Rain,Wet,Dark-Lighted
2020-09-03T10:38:00.000,I 75,I 75 and Howell Mill Rd,,Rear End,2,Cloudy,Dry,Daylight
2020-10-03T16:25:00.000,I 75,I 75 and Howell Mill Rd,,Rear End,2,Clear,Dry,Daylight
2020-02-05T22:24:00.000,I 75,I 75 and Howell Mill Rd,,Rear End,2,Rain,Wet,Dark-Lighted
2020-08-22T02:03:00.000,I 75,I 75 and Howell Mill Rd,,Not a Collision with Motor Vehicle,1,Clear,Dry,Dark-Not Lighted
2020-08-09T15:34:00.000,I 75,I 75 and Howell Mill Rd,,Rear End,2,Clear,Dry,Daylight
2020-12-31T17:44:00.000,I 75,I 75 and Howell Mill Rd,,Sideswipe-Same Direction,2,Cloudy,Wet,Dark-Lighted
2020-08-22T22:02:00.000,I 75,I 75 and Howell Mill Rd,,Head On,2,Cloudy,Wet,Dark-Lighted
2020-01-24T15:32:00.000,I 75,I 75 and Howell Mill Rd,,Not a Collision with Motor Vehicle,2,Clear,Wet,Daylight
2020-02-28T18:59:00.000,I 75,I 75 and Howell Mill Rd,,Rear End,2,Cloudy,Dry,Dark-Lighted
2020-10-24T13:21:00.000,I 75,I 75 and Howell Mill Rd,,Rear End,2,Cloudy,Dry,Daylight
2020-02-07T08:23:00.000,I 75,I 75 and Howell Mill Rd,,Sideswipe-Same Direction,2,Cloudy,Wet,Daylight
2020-03-02T12:31:00.000,I 75,I 75 and Howell Mill Rd,,Rear End,2,Rain,Wet,Daylight
2020-01-30T09:20:00.000,I 75,I 75 and Howell Mill Rd,,Rear End,2,Cloudy,Dry,Daylight
2020-10-15T12:42:00.000,I 75,I 75 and Howell Mill Rd,,Not a Collision with Motor Vehicle,1,Cloudy,Dry,Daylight
2020-01-21T16:00:00.000,I 75,I 75 and Howell Mill Rd,,Rear End,2,Clear,Dry,Daylight
2020-02-05T06:46:00.000,I 75,I 75 and Howell Mill Rd,,Rear End,3,Rain,Wet,Dark-Not Lighted
2020-02-09T05:44:00.000,I 75,I 75 and Howell Mill Rd,,Rear End,2,Clear,Dry,Dark-Lighted
2020-09-18T16:10:00.000,I 75,I 75 and Howell Mill Rd,,Sideswipe-Same Direction,3,Cloudy,Dry,Daylight
2021-05-21T13:12:00.000,I 75,I 75 and Howell Mill Rd,,Sideswipe-Same Direction,2,Clear,Dry,Daylight
2021-02-17T07:45:00.000,I 75,I 75 and Howell Mill Rd,,Sideswipe-Same Direction,2,Clear,Dry,Daylight
2021-02-03T05:30:00.000,I 75,I 75 and Howell Mill Rd,,Rear End,2,Clear,Dry,Dark-Lighted
2021-01-30T13:58:00.000,I 75,I 75 and Howell Mill Rd,,Sideswipe-Same Direction,2,Clear,Dry,Daylight
2021-06-08T12:55:00.000,I 75,I 75 and Howell Mill Rd,,Sideswipe-Same Direction,3,Cloudy,Dry,Daylight
2021-05-21T14:27:00.000,I 75,I 75 and Howell Mill Rd,,Rear End,2,Clear,Dry,Daylight
2021-01-25T08:53:00.000,I 75,I 75 and Howell Mill Rd,,Rear End,2,Cloudy,Wet,Daylight
2021-01-20T12:16:00.000,I 75,I 75 and Howell Mill Rd,,Not a Collision with Motor Vehicle,1,Clear,Dry,Daylight
2021-04-23T13:28:00.000,I 75,I 75 and Howell Mill Rd,,Not a Collision with Motor Vehicle,1,Cloudy,Dry,Daylight
2021-02-15T20:34:00.000,I 75,I 75 and Howell Mill Rd,,Rear End,2,Rain,Wet,Dark-Lighted
2021-02-27T18:45:00.000,I 75,I 75 and Howell Mill Rd,,Not a Collision with Motor Vehicle,1,Cloudy,Dry,Dark-Lighted
2021-01-06T16:26:00.000,I 75,I 75 and Howell Mill Rd,,Sideswipe-Same Direction,2,Clear,Dry,Daylight
2021-08-09T13:37:00.000,I 75,I 75 and Howell Mill Rd,,Sideswipe-Same Direction,2,Clear,Dry,Daylight
2021-12-14T18:24:00.000,I 75,I 75 and Howell Mill Rd,,Rear End,2,Clear,Dry,Dark-Lighted
2021-10-05T13:35:00.000,I 75,I 75 and Howell Mill Rd,,Angle Crash,2,Cloudy,Wet,Daylight
2021-08-24T13:52:00.000,I 75,I 75 and Howell Mill Rd,,Not a Collision with Motor Vehicle,1,Cloudy,Dry,Daylight
2021-09-21T08:55:00.000,I 75,I 75 and Howell Mill Rd,,Rear End,2,Cloudy,Wet,Daylight
2022-12-05T10:59:00.000,I 75,I 75 and Howell Mill Rd,,Sideswipe-Same Direction,2,Cloudy,Wet,Daylight
2022-10-03T15:52:00.000,I 75,I 75 and Howell Mill Rd,,Sideswipe-Same Direction,2,Clear,Dry,Daylight
2022-07-21T09:44:00.000,I 75,I 75 and Howell Mill Rd,,Rear End,2,Cloudy,Wet,Daylight
2022-10-13T07:01:00.000,I 75,I 75 and Howell Mill Rd,,Not a Collision with Motor Vehicle,1,Rain,Wet,Daylight
2021-11-04T09:31:00.000,I 75,I 75 and Howell Mill Rd,,Rear End,3,Rain,Wet,Daylight
2021-11-10T09:17:00.000,I 75,I 75 and Howell Mill Rd,,Rear End,2,Clear,Dry,Daylight
2021-08-27T15:20:00.000,I 75,I 75 and Howell Mill Rd,,Rear End,2,Cloudy,Dry,Daylight
2021-11-08T08:01:00.000,I 75,I 75 and Howell Mill Rd,,Rear End,2,Clear,Dry,Daylight
2021-10-26T17:56:00.000,I 75,I 75 and Howell Mill Rd,,Rear End,2,Clear,Dry,Daylight
2022-06-09T10:25:00.000,I 75,I 75 and Howell Mill Rd,,Rear End,3,Clear,Dry,Daylight
2022-09-29T08:35:00.000,I 75,I 75 and Howell Mill Rd,,Rear End,2,Clear,Dry,Daylight
2022-07-01T14:30:00.000,I 75,I 75 and Howell Mill Rd,,Sideswipe-Same Direction,2,Cloudy,Dry,Daylight
2022-08-25T06:11:00.000,I 75,I 75 and Howell Mill Rd,,Rear End,2,Rain,Wet,Dark-Not Lighted
2022-04-15T13:51:00.000,I 75,I 75 and Howell Mill Rd,,Sideswipe-Same Direction,2,Clear,Dry,Daylight
2022-09-30T15:11:00.000,I 75,I 75 and Howell Mill Rd,,Rear End,2,Cloudy,Dry,Daylight
2022-10-16T00:18:00.000,I 75,I 75 and Howell Mill Rd,,Sideswipe-Same Direction,2,Clear,Dry,Dark-Lighted
2022-03-24T08:25:00.000,I 75,I 75 and Howell Mill Rd,,Sideswipe-Same Direction,2,Clear,Dry,Daylight
2022-10-21T16:19:00.000,I 75,I 75 and Howell Mill Rd,,Rear End,2,Clear,Dry,Daylight
2022-08-25T05:40:00.000,I 75,I 75 and Howell Mill Rd,,Not a Collision with Motor Vehicle,1,Rain,Wet,Dark-Lighted
2022-07-05T17:00:00.000,I 75,I 75 and Howell Mill Rd,,Sideswipe-Same Direction,2,Cloudy,Dry,Daylight
2022-09-01T09:03:00.000,I 75,I 75 and Howell Mill Rd,,Rear End,2,Clear,Dry,Daylight
2021-12-16T19:00:00.000,I 75,I 75 and Howell Mill Rd,,Rear End,2,Clear,Dry,Dark-Lighted
2022-11-30T06:15:00.000,I 75,I 75 and Howell Mill Rd,,Rear End,2,Rain,Wet,Daylight
2022-06-17T12:29:00.000,I 75,I 75 and Howell Mill Rd,,Rear End,2,Clear,Dry,Daylight
2022-09-29T07:13:00.000,I 75,I 75 and Howell Mill Rd,,Rear End,2,Clear,Dry,Daylight
2022-05-16T09:30:00.000,I 75,I 75 and Howell Mill Rd,,Sideswipe-Same Direction,2,Clear,Dry,Daylight
2022-11-11T08:30:00.000,I 75,I 75 and Howell Mill Rd,,Rear End,2,Rain,Wet,Daylight
2022-02-04T10:00:00.000,I 75,I 75 and Howell Mill Rd,,Sideswipe-Same Direction,2,Rain,Dry,Daylight
2022-08-12T16:47:00.000,I 75,I 75 and Howell Mill Rd,,Rear End,2,Clear,Dry,Daylight
2022-03-11T17:59:00.000,I 75,I 75 and Howell Mill Rd,,Sideswipe-Same Direction,2,Cloudy,Dry,Daylight
2022-10-18T17:00:00.000,I 75,I 75 and Howell Mill Rd,,Rear End,4,Clear,Dry,Daylight
2022-11-04T07:09:00.000,I 75,I 75 and Howell Mill Rd,,Sideswipe-Same Direction,2,Clear,Dry,Dark-Not Lighted
2022-04-22T17:15:00.000,I 75,I 75 and Howell Mill Rd,,Rear End,2,Clear,Dry,Daylight
2022-10-21T16:17:00.000,I 75,I 75 and Howell Mill Rd,,Rear End,2,Clear,Dry,Daylight
2022-12-22T15:41:00.000,I 75,I 75 and Howell Mill Rd,,Rear End,2,Cloudy,Dry,Daylight
2022-01-04T08:42:00.000,I 75,I 75 and Howell Mill Rd,,Rear End,2,Clear,Dry,Daylight
2022-07-28T08:20:00.000,I 75,I 75 and Howell Mill Rd,,Sideswipe-Same Direction,2,Clear,Dry,Daylight
2022-06-09T16:24:00.000,I 75,I 75 and Howell Mill Rd,,Rear End,3,Cloudy,Dry,Daylight
2022-12-18T01:54:00.000,I 75,I 75 and Howell Mill Rd,,Sideswipe-Same Direction,2,Clear,Dry,Dark-Lighted
2022-07-25T14:44:00.000,I 75,I 75 and Howell Mill Rd,,Not a Collision with Motor Vehicle,2,Cloudy,Dry,Daylight
2022-12-09T18:01:00.000,I 75,I 75 and Howell Mill Rd,,Angle Crash,2,Rain,Wet,Dark-Lighted
2022-09-19T08:50:00.000,I 75,I 75 and Howell Mill Rd,,Rear End,2,Cloudy,Dry,Daylight
2022-02-10T17:30:00.000,I 75,I 75 and Howell Mill Rd,,Sideswipe-Same Direction,2,Clear,Dry,Daylight
2022-08-22T09:03:00.000,I 75,I 75 and Howell Mill Rd,,Rear End,2,Cloudy,Wet,Daylight
2022-11-11T18:10:00.000,I 75,I 75 and Howell Mill Rd,,Sideswipe-Same Direction,2,Rain,Wet,Dark-Not Lighted
2022-09-29T07:13:00.000,I 75,I 75 and Howell Mill Rd,,Rear End,2,Clear,Dry,Daylight
2022-06-14T15:14:00.000,I 75,I 75 and Howell Mill Rd,,Rear End,2,Cloudy,Dry,Daylight
2022-12-05T14:58:00.000,I 75,I 75 and Howell Mill Rd,,Sideswipe-Same Direction,2,Rain,Wet,Daylight
2022-01-24T09:15:00.000,I 75,I 75 and Howell Mill Rd,,Rear End,2,Clear,Dry,Daylight
2022-07-22T13:34:00.000,I 75,I 75 and Howell Mill Rd,,Rear End,2,Cloudy,Dry,Daylight
2022-09-08T07:00:00.000,I 75,I 75 and Howell Mill Rd,,Rear End,2,Clear,Dry,Dark-Lighted
2022-04-19T08:23:00.000,I 75,I 75 and Howell Mill Rd,,Sideswipe-Same Direction,2,Clear,Dry,Daylight
2022-01-03T07:19:00.000,I 75,I 75 and Howell Mill Rd,,Angle Crash,2,Cloudy,Wet,Dawn
2022-02-18T15:55:00.000,I 75,I 75 and Howell Mill Rd,,Rear End,2,Clear,Dry,Daylight
2022-12-08T15:52:00.000,I 75,I 75 and Howell Mill Rd,,Sideswipe-Same Direction,2,Clear,Dry,Daylight
2023-09-18T17:33:00.000,I 75,I 75 and Howell Mill Rd,,Rear End,4,Clear,Dry,Daylight
2024-12-09T15:10:00.000,I 75,I 75 and Howell Mill Rd,,Rear End,4,Cloudy,Wet,Daylight
2024-10-16T13:17:00.000,I 75,I 75 and Howell Mill Rd,,Rear End,2,Clear,Dry,Daylight
2024-07-16T18:51:00.000,I 75,I 75 and Howell Mill Rd,,Rear End,3,Cloudy,Dry,Daylight
2024-06-10T10:00:00.000,I 75,I 75 and Howell Mill Rd,,Rear End,2,Clear,Dry,Daylight
2024-04-09T17:34:00.000,I 75,I 75 and Howell Mill Rd,,Rear End,2,Clear,Wet,Daylight
2024-11-19T14:00:00.000,I 75,I 75 and Howell Mill Rd,,Sideswipe-Same Direction,2,Rain,Wet,Daylight
2024-03-21T17:31:00.000,I 75,I 75 and Howell Mill Rd,,Sideswipe-Same Direction,2,Clear,Dry,Daylight
2024-04-23T17:29:00.000,I 75,I 75 and Howell Mill Rd,,Rear End,2,Clear,Dry,Daylight
2024-10-10T09:55:00.000,I 75,I 75 and Howell Mill Rd,,Sideswipe-Same Direction,2,Clear,Dry,Daylight
2024-06-03T10:07:00.000,I 75,I 75 and Howell Mill Rd,,Sideswipe-Same Direction,2,Clear,Dry,Daylight
2023-11-30T08:55:00.000,I 75,I 75 and Howell Mill Rd,,Rear End,2,Clear,Dry,Daylight
2024-07-01T13:15:00.000,I 75,I 75 and Howell Mill Rd,,Sideswipe-Same Direction,2,Clear,Dry,Daylight
2023-04-29T00:38:00.000,I 75,I 75 and Howell Mill Rd,,Sideswipe-Same Direction,2,Clear,Dry,Dark-Lighted
2023-10-30T12:40:00.000,I 75,I 75 and Howell Mill Rd,,Rear End,2,Cloudy,Dry,Daylight
2023-09-18T17:30:00.000,I 75,I 75 and Howell Mill Rd,,Rear End,3,Clear,Dry,Daylight
2023-08-03T17:42:00.000,I 75,I 75 and Howell Mill Rd,,Rear End,3,Clear,Dry,Daylight
2023-08-29T16:30:00.000,I 75,I 75 and Howell Mill Rd,,Sideswipe-Same Direction,2,Clear,Dry,Daylight
2023-08-12T17:35:00.000,I 75,I 75 and Howell Mill Rd,,Not a Collision with Motor Vehicle,1,Rain,Wet,Daylight
2023-09-15T14:57:00.000,I 75,I 75 and Howell Mill Rd,,Rear End,2,Cloudy,Wet,Daylight
2023-03-17T17:28:00.000,I 75,I 75 and Howell Mill Rd,,Not a Collision with Motor Vehicle,1,Rain,Wet,Daylight
2023-09-19T16:35:00.000,I 75,I 75 and Howell Mill Rd,,Sideswipe-Same Direction,2,Clear,Dry,Daylight
2023-04-14T14:15:00.000,I 75,I 75 and Howell Mill Rd,,Rear End,2,Rain,Wet,Daylight
2023-09-19T10:16:00.000,I 75,I 75 and Howell Mill Rd,,Rear End,2,Clear,Dry,Daylight
2023-02-02T18:04:00.000,I 75,I 75 and Howell Mill Rd,,Rear End,2,Rain,Wet,Dark-Lighted
2024-09-17T18:17:00.000,I 75,I 75 and Howell Mill Rd,,Not a Collision with Motor Vehicle,1,Cloudy,Dry,Daylight
2024-06-25T18:35:00.000,I 75,I 75 and Howell Mill Rd,,Rear End,2,Clear,Dry,Daylight
2024-06-11T12:20:00.000,I 75,I 75 and Howell Mill Rd,,Not a Collision with Motor Vehicle,1,Clear,Dry,Daylight
2024-01-11T16:20:00.000,I 75,I 75 and Howell Mill Rd,,Sideswipe-Same Direction,2,Clear,Dry,Daylight
2024-10-10T09:08:00.000,I 75,I 75 and Howell Mill Rd,,Rear End,3,Clear,Dry,Daylight
2024-05-09T16:15:00.000,I 75,I 75 and Howell Mill Rd,,Sideswipe-Same Direction,2,Clear,Dry,Daylight
2024-03-12T08:35:00.000,I 75,I 75 and Howell Mill Rd,,Rear End,2,Clear,Dry,Daylight
2024-12-17T10:42:00.000,I 75,I 75 and Howell Mill Rd,,Rear End,2,Clear,Dry,Daylight
2024-05-27T09:00:00.000,I 75,I 75 and Howell Mill Rd,,Angle Crash,2,Rain,Wet,Daylight
2024-07-26T16:23:00.000,I 75,I 75 and Howell Mill Rd,,Rear End,2,Clear,Dry,Daylight
2024-03-07T09:00:00.000,I 75,I 75 and Howell Mill Rd,,Rear End,2,Clear,Dry,Daylight
2024-10-01T08:45:00.000,I 75,I 75 and Howell Mill Rd,,Rear End,2,Clear,Dry,Daylight
2024-05-09T17:05:00.000,I 75,I 75 and Howell Mill Rd,,Rear End,2,Clear,Dry,Daylight
2024-10-22T08:59:00.000,I 75,I 75 and Howell Mill Rd,,Rear End,2,Clear,Dry,Daylight
2024-05-24T17:00:00.000,I 75,I 75 and Howell Mill Rd,,Rear End,2,Cloudy,Dry,Daylight
2024-08-23T08:30:00.000,I 75,I 75 and Howell Mill Rd,,Angle Crash,3,Clear,Dry,Daylight
2024-03-14T14:00:00.000,I 75,I 75 and Howell Mill Rd,,Rear End,2,Clear,Dry,Daylight
2024-06-10T09:45:00.000,I 75,I 75 and Howell Mill Rd,,Rear End,2,Clear,Dry,Daylight
2024-06-20T00:00:00.000,I 75,I 75 and Howell Mill Rd,,Rear End,2,Clear,Dry,Daylight
2024-03-21T19:05:00.000,I 75,I 75 and Howell Mill Rd,,Rear End,2,Clear,Dry,Daylight
2024-10-25T11:55:00.000,I 75,I 75 and Howell Mill Rd,,Sideswipe-Same Direction,2,Clear,Dry,Daylight
2024-06-27T18:20:00.000,I 75,I 75 and Howell Mill Rd,,Rear End,2,Clear,Dry,Daylight
2024-07-16T19:16:00.000,I 75,I 75 and Howell Mill Rd,,Rear End,3,Clear,Dry,Daylight
2024-10-01T09:26:00.000,I 75,I 75 and Howell Mill Rd,,Rear End,2,Clear,Dry,Daylight
2024-08-30T18:12:00.000,I 75,I 75 and Howell Mill Rd,,Rear End,2,Cloudy,Wet,Daylight
2024-10-10T18:35:00.000,I 75,I 75 and Howell Mill Rd,,Rear End,2,Clear,Dry,Dusk
2024-02-20T17:55:00.000,I 75,I 75 and Howell Mill Rd,,Sideswipe-Same Direction,2,Clear,Dry,Daylight
2024-12-12T09:15:00.000,I 75,I 75 and Howell Mill Rd,,Rear End,2,Clear,Dry,Daylight
2024-06-18T10:45:00.000,I 75,I 75 and Howell Mill Rd,,Sideswipe-Same Direction,2,Clear,Dry,Daylight
2024-07-04T19:30:00.000,I 75,I 75 and Howell Mill Rd,,Sideswipe-Same Direction,2,Clear,Wet,Daylight
2021-01-30T13:48:00.000,I 75,I 75 and Howell Mill Dr,,Rear End,2,Clear,Dry,Daylight
2021-11-19T15:30:00.000,I 75,I 75 and Howell Mill Dr,,Rear End,2,Clear,Dry,Daylight
2023-07-27T08:45:00.000,I 75,I 75 and Howell Mill,,Rear End,2,Clear,Dry,Daylight
2024-09-24T07:28:00.000,I 75,I 75 and Howell Mill,,Sideswipe-Same Direction,2,Cloudy,Dry,Dusk
2021-02-22T06:20:00.000,I 75,I 75 and Howell  Mill Rd,,Not a Collision with Motor Vehicle,1,Rain,Wet,Dark-Not Lighted
2021-10-26T07:24:00.000,I 75,I 75 and Hov Exit Ramp To Piedmont Ave,,Rear End,2,Clear,Dry,Dark-Lighted
2023-03-07T15:30:00.000,I 75,I 75 and Houston Peach Line,,Not a Collision with Motor Vehicle,2,Clear,Dry,Daylight
2021-07-09T20:35:00.000,I 75,I 75 and Houston Dooly Line,,Not a Collision with Motor Vehicle,1,Rain,Wet,Dark-Not Lighted
2022-11-12T17:30:00.000,I 75,I 75 and Houston Dooly County Line,,Angle Crash,2,Clear,Dry,Dusk
2023-03-04T13:25:00.000,I 75,I 75 and Houston Dooly County Line,,Sideswipe-Same Direction,2,Clear,Dry,Daylight
2022-10-26T07:30:00.000,I 75,I 75 and Holt Rd,,Rear End,2,Clear,Dry,Daylight