Date and Time,Roadway (From Crash Report),Intersection Name (from Crash Report),KABCO Severity,Manner of Collision (Crash Level) ,# of Vehicles per crash ,Weather Conditions (Crash Level),Surface Condition (Crash Level) ,Light Conditions (Crash Level)
2024-12-12T06:25:00.000,I 75,I 75 and Holt Rd,,Sideswipe-Same Direction,2,Clear,Dry,Dark-Not Lighted
2024-05-22T07:11:00.000,I 75,I 75 and Holt Rd,,Rear End,2,Clear,Dry,Daylight
2022-10-09T18:22:00.000,I 75,I 75 and Holt Industrial Cir,,Rear End,2,Clear,Dry,Daylight
2022-04-16T06:32:00.000,I 75,I 75 and Holt Industrial Cir,,Not a Collision with Motor Vehicle,1,Rain,Water (standing or moving),Dark-Not Lighted
2022-07-29T18:56:00.000,I 75,I 75 and Holt Industrial Cir,,Rear End,2,Clear,Dry,Daylight
2024-11-17T03:49:00.000,I 75,I 75 and Holt Industrial Cir,,Not a Collision with Motor Vehicle,1,Clear,Dry,Dark-Not Lighted
2024-09-26T18:43:00.000,I 75,I 75 and Holt Industrial Cir,,Rear End,2,Rain,Wet,Daylight
2024-10-01T18:22:00.000,I 75,I 75 and Holt Industrial Cir,,Rear End,2,Clear,Dry,Daylight
2020-07-24T12:40:00.000,I 75,I 75 and Hollywood Dr,,Rear End,3,Cloudy,Dry,Daylight
2020-03-09T16:12:00.000,I 75,I 75 and Hollwell Mill Rd,,Not a Collision with Motor Vehicle,1,Cloudy,Dry,Daylight
2022-10-11T10:20:00.000,I 75,I 75 and Holiday Dr,,Sideswipe-Same Direction,2,Clear,Dry,Daylight
2022-11-27T01:44:00.000,I 75,I 75 and Holiday Blvd Underpass Dr,,Rear End,2,Rain,Wet,Dark-Not Lighted
2023-09-28T07:20:00.000,I 75,I 75 and Holiday Blvd Opass,,Rear End,3,Clear,Dry,Daylight
2021-03-16T08:20:00.000,I 75,I 75 and Holiday Blvd,,Sideswipe-Same Direction,2,Cloudy,Wet,Daylight
2021-11-21T07:26:00.000,I 75,I 75 and Holiday Blvd,,Angle Crash,2,Cloudy,Dry,Dawn
2021-08-09T08:43:00.000,I 75,I 75 and Holiday Blvd,,Not a Collision with Motor Vehicle,1,Clear,Dry,Daylight
2023-01-06T10:45:00.000,I 75,I 75 and Holiday Blvd,,Rear End,2,Clear,Dry,Daylight
2022-05-12T21:30:00.000,I 75,I 75 and Holiday Blvd,,Sideswipe-Same Direction,3,Clear,Dry,Dark-Lighted
2022-04-13T13:30:00.000,I 75,I 75 and Holiday Blvd,,Sideswipe-Same Direction,2,Clear,Dry,Daylight
2022-10-19T08:00:00.000,I 75,I 75 and Holiday Blvd,,Rear End,2,Clear,Dry,Daylight
2022-07-09T11:01:00.000,I 75,I 75 and Holiday Blvd,,Not a Collision with Motor Vehicle,1,Rain,Wet,Daylight
2022-07-13T19:10:00.000,I 75,I 75 and Holiday Blvd,,Rear End,2,Rain,Dry,Daylight
2024-10-04T11:42:00.000,I 75,I 75 and Holiday Blvd,,Not a Collision with Motor Vehicle,2,Clear,Dry,Daylight
2023-07-16T23:00:00.000,I 75,I 75 and Holiday Blvd,,Rear End,2,Clear,Dry,Dark-Not Lighted
2023-10-20T12:55:00.000,I 75,I 75 and Holiday Blvd,,Rear End,2,Cloudy,Wet,Daylight
2023-09-26T13:45:00.000,I 75,I 75 and Holiday Blvd,,Rear End,2,Clear,Dry,Daylight
2024-10-17T08:30:00.000,I 75,I 75 and Holiday Blvd,,Angle Crash,2,Clear,Dry,Daylight
2024-01-25T08:25:00.000,I 75,I 75 and Holiday Blvd,,Rear End,2,Rain,Wet,Daylight
2024-12-21T20:54:00.000,I 75,I 75 and Holiday Blvd,,Sideswipe-Same Direction,2,Clear,Dry,Dark-Lighted
2024-12-28T17:45:00.000,I 75,I 75 and Holiday Blvd,,Sideswipe-Same Direction,2,Rain,Wet,Dark-Lighted
2024-02-20T07:30:00.000,I 75,I 75 and Holiday Blvd,,Rear End,2,Cloudy,Dry,Daylight
2024-08-27T06:20:00.000,I 75,I 75 and Hoghway 27,,Rear End,2,Clear,Dry,Dark-Lighted
2024-11-26T15:45:00.000,I 75,I 75 and Hoell Mill Rd,,Rear End,2,Clear,Dry,Daylight
2021-10-29T15:56:00.000,I 75,I 75 and Higwhay 20   Exit 218,,Rear End,2,Clear,Dry,Daylight
2023-08-14T13:02:00.000,I 75,I 75 and Higway 96 Mile Marker,,Not a Collision with Motor Vehicle,1,Clear,Dry,Daylight
2023-09-19T13:05:00.000,I 75,I 75 and Higway 32,,Sideswipe-Same Direction,2,Clear,Dry,Daylight
2023-03-31T15:40:00.000,I 75,I 75 and Higway 215,,Rear End,2,Clear,Dry,Daylight
2022-04-19T16:20:00.000,I 75,I 75 and Higway 16,,Rear End,2,Clear,Dry,Daylight
2024-10-13T15:59:00.000,I 75,I 75 and Highwyay 7,,Rear End,2,Clear,Dry,Daylight
2021-10-02T15:11:00.000,I 75,I 75 and Highway138,,Rear End,2,Clear,Dry,Daylight
2024-05-30T09:28:00.000,I 75,I 75 and Highway138,,Sideswipe-Same Direction,2,Clear,Dry,Daylight
2024-12-20T17:42:00.000,I 75,I 75 and Highway 96,,Angle Crash,2,Clear,Dry,Dark-Lighted
2024-10-05T09:55:00.000,I 75,I 75 and Highway 92 Exit 277,,Not a Collision with Motor Vehicle,2,Clear,Dry,Daylight
2024-12-14T15:30:00.000,I 75,I 75 and Highway 92 Exit 277,,Angle Crash,4,Clear,Dry,Daylight
2020-11-03T08:08:00.000,I 75,I 75 and Highway 92,,Rear End,2,Clear,Dry,Daylight
2020-12-04T13:58:00.000,I 75,I 75 and Highway 92,,Not a Collision with Motor Vehicle,1,Rain,Wet,Daylight
2024-11-14T00:00:00.000,I 75,I 75 and Highway 92,,Rear End,2,Cloudy,Dry,Daylight
2024-05-09T07:25:00.000,I 75,I 75 and Highway 92,,Rear End,2,Cloudy,Dry,Daylight
2024-11-16T13:59:00.000,I 75,I 75 and Highway 92,,Rear End,4,Clear,Dry,Daylight
2024-04-17T18:40:00.000,I 75,I 75 and Highway 92,,Rear End,2,Rain,Wet,Daylight
2023-07-22T08:52:00.000,I 75,I 75 and Highway 92,,Angle Crash,2,Clear,Dry,Daylight
2024-06-15T19:29:00.000,I 75,I 75 and Highway 92,,Sideswipe-Same Direction,2,Clear,Dry,Daylight
2024-01-23T06:14:00.000,I 75,I 75 and Highway 92,,Sideswipe-Same Direction,2,Rain,Wet,Dark-Not Lighted
2024-11-29T12:20:00.000,I 75,I 75 and Highway 92,,Rear End,2,Clear,Dry,Daylight
2024-11-24T14:22:00.000,I 75,I 75 and Highway 92,,Rear End,2,Clear,Dry,Daylight
2024-05-24T19:35:00.000,I 75,I 75 and Highway 92,,Not a Collision with Motor Vehicle,2,Clear,Dry,Daylight
2022-11-19T07:58:00.000,I 75,I 75 and Highway 85 S Rp,,Rear End,2,Clear,Dry,Daylight
2023-12-11T01:35:00.000,I 75,I 75 and Highway 85 Rp,,Rear End,2,Clear,Dry,Dark-Lighted
2022-12-09T22:30:00.000,I 75,I 75 and Highway 85 Rp,,Rear End,2,Rain,Wet,Dark-Not Lighted
2022-07-09T11:57:00.000,I 75,I 75 and Highway 85 Rp,,Sideswipe-Same Direction,2,Cloudy,Wet,Daylight
2022-12-27T20:25:00.000,I 75,I 75 and Highway 85 Rp,,Rear End,2,Clear,Dry,Dark-Not Lighted
2024-06-26T15:59:00.000,I 75,I 75 and Highway 85 Rp,,Rear End,2,Clear,Dry,Daylight
2024-01-31T20:00:00.000,I 75,I 75 and Highway 85 Rp,,Not a Collision with Motor Vehicle,2,Clear,Dry,Dark-Lighted
2024-01-27T22:36:00.000,I 75,I 75 and Highway 85 Rp,,Angle Crash,2,Clear,Ice/Frost,Dark-Lighted
2024-01-01T21:56:00.000,I 75,I 75 and Highway 85 Rp,,Angle Crash,4,Clear,Dry,Dark-Lighted
2023-06-02T03:24:00.000,I 75,I 75 and Highway 85 Rp,,Not a Collision with Motor Vehicle,1,Clear,Dry,Dark-Not Lighted
2023-05-29T13:00:00.000,I 75,I 75 and Highway 85 Rp,,Angle Crash,2,Clear,Dry,Daylight
2023-09-04T22:48:00.000,I 75,I 75 and Highway 85 Rp,,Sideswipe-Same Direction,2,Clear,Dry,Dark-Lighted
2023-10-18T15:40:00.000,I 75,I 75 and Highway 85 Rp,,Angle Crash,2,Cloudy,Dry,Daylight
2024-12-26T18:15:00.000,I 75,I 75 and Highway 85 Rp,,Rear End,2,Clear,Dry,Dark-Lighted
2024-06-07T15:02:00.000,I 75,I 75 and Highway 85 Rp,,Rear End,2,Clear,Dry,Daylight
2024-04-11T00:00:00.000,I 75,I 75 and Highway 85 Rp,,Not a Collision with Motor Vehicle,1,Clear,Dry,Dark-Not Lighted
2024-03-06T00:48:00.000,I 75,I 75 and Highway 85 Rp,,Rear End,2,Rain,Wet,Dawn
2024-02-01T18:13:00.000,I 75,I 75 and Highway 85 Rp,,Sideswipe-Same Direction,2,Clear,Dry,Dark-Lighted
2021-06-19T01:08:00.000,I 75,I 75 and Highway 85 Entrance,,Not a Collision with Motor Vehicle,1,Fog,Dry,Dark-Not Lighted
2021-10-15T16:44:00.000,I 75,I 75 and Highway 85,,Rear End,2,Clear,Dry,Daylight
2021-11-16T21:23:00.000,I 75,I 75 and Highway 85,,Not a Collision with Motor Vehicle,1,Clear,Dry,Dark-Lighted
2021-09-18T22:20:00.000,I 75,I 75 and Highway 85,,Rear End,2,Rain,Wet,Dark-Lighted
2021-12-18T11:10:00.000,I 75,I 75 and Highway 85,,Not a Collision with Motor Vehicle,1,Rain,Wet,Daylight
2023-01-18T15:50:00.000,I 75,I 75 and Highway 85,,Rear End,2,Clear,Dry,Daylight
2023-05-27T05:07:00.000,I 75,I 75 and Highway 85,,Sideswipe-Same Direction,2,Clear,Dry,Dark-Not Lighted
2021-01-15T00:00:00.000,I 75,I 75 and Highway 85,,Rear End,2,Clear,Dry,Daylight
2021-02-20T20:23:00.000,I 75,I 75 and Highway 85,,Not a Collision with Motor Vehicle,2,Clear,Dry,Dark-Lighted
2022-06-04T04:33:00.000,I 75,I 75 and Highway 85,,Not a Collision with Motor Vehicle,1,Clear,Dry,Dark-Not Lighted
2022-12-05T01:32:00.000,I 75,I 75 and Highway 85,,Not a Collision with Motor Vehicle,1,Clear,Dry,Dark-Not Lighted
2022-03-30T05:00:00.000,I 75,I 75 and Highway 85,,Sideswipe-Same Direction,2,Clear,Dry,Dark-Not Lighted
2023-09-20T21:55:00.000,I 75,I 75 and Highway 85,,Sideswipe-Opposite Direction,2,Clear,Dry,Dark-Lighted
2024-12-10T19:56:00.000,I 75,I 75 and Highway 85,,Angle Crash,2,Rain,Wet,Dark-Not Lighted
2024-03-24T20:21:00.000,I 75,I 75 and Highway 85,,Sideswipe-Same Direction,2,Clear,Dry,Dark-Not Lighted
2020-09-17T01:35:00.000,I 75,I 75 and Highway 82,,Angle Crash,1,Rain,Wet,Dark-Lighted
2023-03-25T13:31:00.000,I 75,I 75 and Highway 82,,Rear End,3,Rain,Wet,Daylight
2023-04-03T17:00:00.000,I 75,I 75 and Highway 81 20,,Rear End,2,Cloudy,Dry,Daylight
2023-06-14T10:34:00.000,I 75,I 75 and Highway 7,,Not a Collision with Motor Vehicle,1,Rain,Wet,Daylight
2022-06-30T13:15:00.000,I 75,I 75 and Highway 675,,Rear End,2,Clear,Dry,Daylight
2020-08-08T00:40:00.000,I 75,I 75 and Highway 53 W Bound,,Rear End,2,Clear,Dry,Dark-Not Lighted
2021-02-09T05:30:00.000,I 75,I 75 and Highway 53,,Sideswipe-Same Direction,2,Clear,Dry,Dark-Not Lighted
2021-12-23T14:50:00.000,I 75,I 75 and Highway 53,,Rear End,2,Clear,Dry,Daylight
2022-05-16T09:53:00.000,I 75,I 75 and Highway 53,,Rear End,2,Clear,Dry,Daylight
2024-04-29T16:29:00.000,I 75,I 75 and Highway 53,,Rear End,2,Clear,Dry,Daylight
2024-07-28T04:49:00.000,I 75,I 75 and Highway 53,,Sideswipe-Same Direction,2,Clear,Dry,Dark-Lighted
2021-04-12T19:40:00.000,I 75,I 75 and Highway 41,,Sideswipe-Same Direction,2,Clear,Dry,Daylight
2023-07-24T15:05:00.000,I 75,I 75 and Highway 41,,Rear End,2,Clear,Dry,Daylight
2020-10-10T07:28:00.000,I 75,I 75 and Highway 41,,Head On,1,Rain,Wet,Dark-Not Lighted
2020-07-06T23:30:00.000,I 75,I 75 and Highway 41,,Rear End,3,Clear,Dry,Dusk
2021-07-11T10:45:00.000,I 75,I 75 and Highway 41,,Not a Collision with Motor Vehicle,1,Rain,Wet,Daylight
2021-10-31T09:35:00.000,I 75,I 75 and Highway 41,,Rear End,2,Cloudy,Wet,Daylight
2024-01-05T09:53:00.000,I 75,I 75 and Highway 41,,(None),1,(None),(None),(None)
2022-04-08T09:21:00.000,I 75,I 75 and Highway 36 Exit 201,,Rear End,2,Clear,Dry,Daylight
2024-02-09T14:48:00.000,I 75,I 75 and Highway 36 Exit 201,,Sideswipe-Same Direction,2,Clear,Dry,Daylight
2021-05-19T21:25:00.000,I 75,I 75 and Highway 36,,Angle Crash,2,Clear,Dry,Dark-Lighted
2021-07-29T04:04:00.000,I 75,I 75 and Highway 36,,Sideswipe-Same Direction,2,Clear,Dry,Dark-Not Lighted
2020-06-25T05:44:00.000,I 75,I 75 and Highway 36,,Sideswipe-Same Direction,2,Clear,Dry,Dark-Lighted
2020-06-20T16:15:00.000,I 75,I 75 and Highway 36,,Sideswipe-Same Direction,2,Clear,Dry,Daylight
2021-10-18T12:24:00.000,I 75,I 75 and Highway 36,,Rear End,2,Clear,Dry,Daylight
2021-10-09T14:16:00.000,I 75,I 75 and Highway 36,,Sideswipe-Same Direction,2,Clear,Dry,Daylight
2021-12-28T07:31:00.000,I 75,I 75 and Highway 36,,Sideswipe-Same Direction,2,Cloudy,Wet,Daylight
2022-06-28T14:00:00.000,I 75,I 75 and Highway 36,,Not a Collision with Motor Vehicle,1,Rain,Wet,Daylight
2022-05-27T15:24:00.000,I 75,I 75 and Highway 36,,Rear End,3,Clear,Dry,Daylight
2024-08-20T13:27:00.000,I 75,I 75 and Highway 36,,Not a Collision with Motor Vehicle,1,Clear,Dry,Daylight
2024-12-23T15:22:00.000,I 75,I 75 and Highway 36,,Rear End,2,Clear,Dry,Daylight
2024-08-21T07:53:00.000,I 75,I 75 and Highway 36,,Rear End,2,Clear,Dry,Daylight
2024-07-25T13:18:00.000,I 75,I 75 and Highway 36,,Rear End,2,Clear,Dry,Daylight
2024-09-30T21:26:00.000,I 75,I 75 and Highway 36,,Sideswipe-Same Direction,2,Clear,Dry,Dark-Not Lighted
2020-02-27T19:42:00.000,I 75,I 75 and Highway 300,,Rear End,2,Clear,Dry,Dark-Lighted
2023-03-10T15:44:00.000,I 75,I 75 and Highway 285,,Sideswipe-Same Direction,2,Clear,Dry,Daylight
2020-01-03T18:07:00.000,I 75,I 75 and Highway 225,,Sideswipe-Same Direction,2,Cloudy,Wet,Dusk
2022-07-19T20:09:00.000,I 75,I 75 and Highway 225,,Sideswipe-Same Direction,2,Rain,Wet,Daylight
2021-09-17T11:08:00.000,I 75,I 75 and Highway 215,,Rear End,2,Cloudy,Dry,Daylight
2022-04-02T11:30:00.000,I 75,I 75 and Highway 215,,Angle Crash,3,Clear,Dry,Daylight
2022-08-28T14:40:00.000,I 75,I 75 and Highway 215,,Not a Collision with Motor Vehicle,2,Clear,Dry,Daylight
2022-05-02T11:14:00.000,I 75,I 75 and Highway 20W,,Rear End,2,Cloudy,Dry,Daylight
2024-12-27T15:37:00.000,I 75,I 75 and Highway 201,,Rear End,2,Clear,Dry,Daylight
2022-07-29T02:25:00.000,I 75,I 75 and Highway 20 81 W   218 Mm,,Rear End,2,Clear,Dry,Dark-Lighted
2023-10-28T16:35:00.000,I 75,I 75 and Highway 20 81 Mile Marker 218,,Not a Collision with Motor Vehicle,1,Clear,Dry,Daylight
2022-02-26T18:58:00.000,I 75,I 75 and Highway 20 81 Exit 218,,Rear End,5,Clear,Dry,Dusk
2024-03-22T09:00:00.000,I 75,I 75 and Highway 20 81   Exit 218,,Not a Collision with Motor Vehicle,1,Clear,Dry,Daylight
2023-09-15T12:27:00.000,I 75,I 75 and Highway 20 81   Exit 218,,Sideswipe-Same Direction,2,Clear,Dry,Daylight
2021-06-04T12:57:00.000,I 75,I 75 and Highway 20 81,,Rear End,2,Cloudy,Dry,Daylight
2021-01-09T04:59:00.000,I 75,I 75 and Highway 20 81,,Rear End,2,Clear,Dry,Dark-Not Lighted
2021-03-16T16:00:00.000,I 75,I 75 and Highway 20 81,,Rear End,2,Rain,Wet,Daylight
2021-02-05T17:22:00.000,I 75,I 75 and Highway 20 81,,Rear End,2,Clear,Dry,Daylight
2021-04-05T13:45:00.000,I 75,I 75 and Highway 20 81,,Sideswipe-Same Direction,2,Clear,Dry,Daylight
2021-02-01T17:04:00.000,I 75,I 75 and Highway 20 81,,Rear End,2,Cloudy,Dry,Daylight
2021-06-27T15:55:00.000,I 75,I 75 and Highway 20 81,,Rear End,2,Clear,Dry,Daylight
2021-04-16T12:00:00.000,I 75,I 75 and Highway 20 81,,Rear End,2,Cloudy,Dry,Daylight
2021-12-10T12:43:00.000,I 75,I 75 and Highway 20 81,,Sideswipe-Same Direction,2,Cloudy,Wet,Daylight
2021-09-08T04:35:00.000,I 75,I 75 and Highway 20 81,,Angle Crash,2,Cloudy,Wet,Dark-Not Lighted
2021-10-18T16:11:00.000,I 75,I 75 and Highway 20 81,,Rear End,4,Clear,Dry,Daylight
2021-12-08T15:37:00.000,I 75,I 75 and Highway 20 81,,Rear End,2,Clear,Dry,Daylight
2021-09-17T14:55:00.000,I 75,I 75 and Highway 20 81,,Rear End,2,Clear,Dry,Daylight
2021-11-28T03:34:00.000,I 75,I 75 and Highway 20 81,,Not a Collision with Motor Vehicle,1,Clear,Dry,Dark-Lighted
2021-12-31T14:43:00.000,I 75,I 75 and Highway 20 81,,Rear End,2,Cloudy,Dry,Daylight
2021-05-07T18:17:00.000,I 75,I 75 and Highway 20 81,,Sideswipe-Same Direction,2,Clear,Dry,Daylight
2021-02-03T13:00:00.000,I 75,I 75 and Highway 20 81,,Sideswipe-Same Direction,2,Clear,Dry,Daylight
2021-04-28T15:18:00.000,I 75,I 75 and Highway 20 81,,Rear End,2,Clear,Dry,Daylight
2021-05-28T15:17:00.000,I 75,I 75 and Highway 20 81,,Rear End,2,Clear,Dry,Daylight
2021-06-03T10:25:00.000,I 75,I 75 and Highway 20 81,,Rear End,2,Cloudy,Dry,Daylight
2021-04-13T16:32:00.000,I 75,I 75 and Highway 20 81,,Rear End,2,Clear,Dry,Daylight
2021-05-01T15:00:00.000,I 75,I 75 and Highway 20 81,,Rear End,2,Clear,Dry,Daylight
2021-01-22T11:00:00.000,I 75,I 75 and Highway 20 81,,Not a Collision with Motor Vehicle,1,Cloudy,Wet,Daylight
2021-05-14T16:46:00.000,I 75,I 75 and Highway 20 81,,Rear End,3,Cloudy,Dry,Daylight
2021-04-21T19:57:00.000,I 75,I 75 and Highway 20 81,,Sideswipe-Same Direction,3,Clear,Dry,Daylight
2021-03-23T12:31:00.000,I 75,I 75 and Highway 20 81,,Sideswipe-Same Direction,2,Clear,Dry,Daylight
2021-02-10T01:32:00.000,I 75,I 75 and Highway 20 81,,Rear End,2,Clear,Dry,Dark-Lighted
2021-03-03T16:52:00.000,I 75,I 75 and Highway 20 81,,Sideswipe-Same Direction,3,Clear,Dry,Daylight
2021-04-20T05:40:00.000,I 75,I 75 and Highway 20 81,,Not a Collision with Motor Vehicle,1,Clear,Dry,Dark-Not Lighted
2021-08-28T16:50:00.000,I 75,I 75 and Highway 20 81,,Rear End,2,Clear,Dry,Daylight
2021-07-28T08:42:00.000,I 75,I 75 and Highway 20 81,,Rear End,2,Clear,Dry,Daylight
2021-09-29T14:33:00.000,I 75,I 75 and Highway 20 81,,Rear End,2,Clear,Dry,Daylight
2021-07-08T19:38:00.000,I 75,I 75 and Highway 20 81,,Rear End,2,Clear,Dry,Daylight
2021-10-22T18:50:00.000,I 75,I 75 and Highway 20 81,,Rear End,2,Clear,Dry,Daylight
2021-08-03T15:51:00.000,I 75,I 75 and Highway 20 81,,Rear End,2,Clear,Dry,Daylight
2021-11-22T17:23:00.000,I 75,I 75 and Highway 20 81,,Sideswipe-Same Direction,2,Clear,Dry,Daylight
2021-12-21T10:23:00.000,I 75,I 75 and Highway 20 81,,Sideswipe-Same Direction,2,Rain,Wet,Daylight
2021-10-15T20:10:00.000,I 75,I 75 and Highway 20 81,,Rear End,2,Clear,Dry,Dark-Lighted
2021-12-18T15:41:00.000,I 75,I 75 and Highway 20 81,,Rear End,2,Cloudy,Wet,Daylight
2021-10-13T13:08:00.000,I 75,I 75 and Highway 20 81,,Angle Crash,2,Clear,Dry,Daylight
2021-12-30T17:39:00.000,I 75,I 75 and Highway 20 81,,Rear End,2,Clear,Dry,Dark-Not Lighted
2021-10-29T16:02:00.000,I 75,I 75 and Highway 20 81,,Sideswipe-Same Direction,2,Cloudy,Dry,Daylight
2021-09-20T10:47:00.000,I 75,I 75 and Highway 20 81,,Rear End,2,Rain,Water (standing or moving),Daylight
2021-09-19T04:53:00.000,I 75,I 75 and Highway 20 81,,Sideswipe-Same Direction,2,Rain,Wet,Dark-Not Lighted
2021-11-08T16:51:00.000,I 75,I 75 and Highway 20 81,,Rear End,2,Clear,Dry,Daylight
2021-10-07T09:08:00.000,I 75,I 75 and Highway 20 81,,Sideswipe-Same Direction,2,Cloudy,Dry,Daylight
2021-07-20T02:40:00.000,I 75,I 75 and Highway 20 81,,Not a Collision with Motor Vehicle,1,Rain,Wet,Dark-Not Lighted
2021-12-22T10:16:00.000,I 75,I 75 and Highway 20 81,,Rear End,2,Clear,Dry,Daylight
2021-04-05T19:52:00.000,I 75,I 75 and Highway 20 81,,Rear End,3,Clear,Dry,Daylight
2021-02-01T01:30:00.000,I 75,I 75 and Highway 20 81,,Sideswipe-Same Direction,2,Clear,Wet,Dark-Not Lighted
2021-05-12T08:47:00.000,I 75,I 75 and Highway 20 81,,Rear End,2,Rain,Wet,Daylight
2021-06-21T14:06:00.000,I 75,I 75 and Highway 20 81,,Angle Crash,2,Clear,Dry,Daylight
2021-04-01T11:57:00.000,I 75,I 75 and Highway 20 81,,Rear End,2,Clear,Dry,Daylight
2021-02-15T18:45:00.000,I 75,I 75 and Highway 20 81,,Rear End,3,Rain,Wet,Dark-Lighted
2021-06-15T13:20:00.000,I 75,I 75 and Highway 20 81,,Rear End,2,Cloudy,Dry,Daylight
2021-03-17T13:50:00.000,I 75,I 75 and Highway 20 81,,Angle Crash,2,Cloudy,Wet,Daylight
2021-06-26T13:37:00.000,I 75,I 75 and Highway 20 81,,Rear End,2,Clear,Dry,Daylight
2021-12-01T15:37:00.000,I 75,I 75 and Highway 20 81,,Sideswipe-Same Direction,2,Clear,Dry,Daylight
2021-11-08T17:59:00.000,I 75,I 75 and Highway 20 81,,Rear End,2,Clear,Dry,Dark-Lighted
2021-07-11T00:23:00.000,I 75,I 75 and Highway 20 81,,Not a Collision with Motor Vehicle,1,Clear,Dry,Dark-Not Lighted
2021-12-14T19:29:00.000,I 75,I 75 and Highway 20 81,,Not a Collision with Motor Vehicle,1,Clear,Dry,Dark-Lighted
2021-11-30T10:27:00.000,I 75,I 75 and Highway 20 81,,Rear End,2,Clear,Dry,Daylight
2021-07-13T13:52:00.000,I 75,I 75 and Highway 20 81,,Sideswipe-Same Direction,2,Clear,Dry,Daylight
2021-07-07T05:30:00.000,I 75,I 75 and Highway 20 81,,Sideswipe-Same Direction,2,Cloudy,Wet,Dark-Not Lighted
2021-04-01T11:57:00.000,I 75,I 75 and Highway 20 81,,Rear End,3,Clear,Dry,Daylight
2021-02-05T16:03:00.000,I 75,I 75 and Highway 20 81,,Rear End,2,Clear,Dry,Daylight
2021-05-28T12:31:00.000,I 75,I 75 and Highway 20 81,,Rear End,2,Cloudy,Dry,Daylight
2021-05-29T22:07:00.000,I 75,I 75 and Highway 20 81,,Rear End,2,Clear,Dry,Dark-Lighted
2021-04-28T17:14:00.000,I 75,I 75 and Highway 20 81,,Rear End,2,Clear,Dry,Daylight
2021-03-29T16:39:00.000,I 75,I 75 and Highway 20 81,,Rear End,2,Clear,Dry,Daylight
2021-03-25T06:27:00.000,I 75,I 75 and Highway 20 81,,Angle Crash,2,Rain,Wet,Dark-Lighted
2021-06-25T17:09:00.000,I 75,I 75 and Highway 20 81,,Rear End,2,Clear,Dry,Daylight
2020-10-20T00:40:00.000,I 75,I 75 and Highway 20 81,,Not a Collision with Motor Vehicle,1,Clear,Dry,Dark-Not Lighted
2020-11-04T14:30:00.000,I 75,I 75 and Highway 20 81,,Not a Collision with Motor Vehicle,2,Clear,Dry,Daylight
2023-07-24T15:56:00.000,I 75,I 75 and Highway 20 81,,Sideswipe-Same Direction,2,Clear,Dry,Daylight
2023-07-27T05:36:00.000,I 75,I 75 and Highway 20 81,,Not a Collision with Motor Vehicle,1,Clear,Dry,Dark-Lighted
2023-09-30T15:21:00.000,I 75,I 75 and Highway 20 81,,Rear End,2,Clear,Dry,Daylight
2023-04-01T21:01:00.000,I 75,I 75 and Highway 20 81,,Sideswipe-Same Direction,2,Clear,Dry,Dark-Not Lighted
2023-02-22T12:53:00.000,I 75,I 75 and Highway 20 81,,Rear End,2,Clear,Dry,Daylight
2023-12-17T18:13:00.000,I 75,I 75 and Highway 20 81,,Rear End,2,Clear,Dry,Dark-Lighted
2023-03-06T12:24:00.000,I 75,I 75 and Highway 20 81,,Rear End,2,Cloudy,Dry,Daylight
2023-07-02T17:13:00.000,I 75,I 75 and Highway 20 81,,Rear End,3,Clear,Dry,Daylight
2023-09-12T16:44:00.000,I 75,I 75 and Highway 20 81,,Sideswipe-Same Direction,2,Clear,Dry,Daylight
2023-01-17T16:00:00.000,I 75,I 75 and Highway 20 81,,Rear End,2,Rain,Wet,Daylight
2023-10-05T16:34:00.000,I 75,I 75 and Highway 20 81,,Rear End,2,Clear,Dry,Daylight
2023-05-05T23:15:00.000,I 75,I 75 and Highway 20 81,,Not a Collision with Motor Vehicle,1,Clear,Dry,Dark-Lighted
2023-11-29T08:02:00.000,I 75,I 75 and Highway 20 81,,Rear End,2,Clear,Dry,Daylight
2023-12-16T19:42:00.000,I 75,I 75 and Highway 20 81,,Sideswipe-Same Direction,2,Rain,Wet,Dark-Lighted
2023-04-05T06:00:00.000,I 75,I 75 and Highway 20 81,,Not a Collision with Motor Vehicle,1,Fog,Dry,Dark-Not Lighted
2023-08-29T16:15:00.000,I 75,I 75 and Highway 20 81,,Rear End,3,Cloudy,Dry,Daylight
2023-03-28T19:15:00.000,I 75,I 75 and Highway 20 81,,Sideswipe-Same Direction,2,Cloudy,Dry,Daylight
2023-11-27T18:23:00.000,I 75,I 75 and Highway 20 81,,Not a Collision with Motor Vehicle,2,Clear,Dry,Dark-Not Lighted
2023-06-02T13:43:00.000,I 75,I 75 and Highway 20 81,,Sideswipe-Same Direction,2,Clear,Dry,Daylight
2023-09-21T16:03:00.000,I 75,I 75 and Highway 20 81,,Rear End,2,Clear,Dry,Daylight
2023-02-03T18:25:00.000,I 75,I 75 and Highway 20 81,,Rear End,2,Clear,Dry,Dark-Not Lighted