Date and Time,Roadway (From Crash Report),Intersection Name (from Crash Report),KABCO Severity,Manner of Collision (Crash Level) ,# of Vehicles per crash ,Weather Conditions (Crash Level),Surface Condition (Crash Level) ,Light Conditions (Crash Level)
2023-06-29T08:45:00.000,I 75,I 75 and Highway 20 81,,Rear End,2,Clear,Dry,Daylight
2023-06-03T12:14:00.000,I 75,I 75 and Highway 20 81,,Rear End,2,Clear,Dry,Daylight
2023-04-09T14:57:00.000,I 75,I 75 and Highway 20 81,,Rear End,2,Clear,Dry,Daylight
2023-02-28T14:23:00.000,I 75,I 75 and Highway 20 81,,Sideswipe-Same Direction,2,Clear,Dry,Daylight
2023-03-13T16:45:00.000,I 75,I 75 and Highway 20 81,,Rear End,2,Clear,Dry,Daylight
2023-11-24T16:02:00.000,I 75,I 75 and Highway 20 81,,Sideswipe-Same Direction,2,Clear,Dry,Daylight
2023-03-28T17:33:00.000,I 75,I 75 and Highway 20 81,,Rear End,3,Cloudy,Dry,Daylight
2023-04-01T10:37:00.000,I 75,I 75 and Highway 20 81,,Rear End,2,Rain,Wet,Daylight
2023-06-02T19:08:00.000,I 75,I 75 and Highway 20 81,,Rear End,2,Clear,Dry,Daylight
2023-10-11T14:01:00.000,I 75,I 75 and Highway 20 81,,Sideswipe-Same Direction,3,Cloudy,Dry,Daylight
2023-10-10T21:55:00.000,I 75,I 75 and Highway 20 81,,Sideswipe-Same Direction,2,Clear,Dry,Dark-Not Lighted
2023-01-11T22:55:00.000,I 75,I 75 and Highway 20 81,,Not a Collision with Motor Vehicle,2,Clear,Dry,Dark-Not Lighted
2023-03-20T14:15:00.000,I 75,I 75 and Highway 20 81,,Angle Crash,2,Clear,Dry,Daylight
2023-06-07T22:58:00.000,I 75,I 75 and Highway 20 81,,Rear End,3,Clear,Dry,Dark-Lighted
2023-11-08T13:30:00.000,I 75,I 75 and Highway 20 81,,Rear End,4,Clear,Dry,Daylight
2023-05-25T07:45:00.000,I 75,I 75 and Highway 20 81,,Not a Collision with Motor Vehicle,1,Clear,Dry,Daylight
2023-09-01T18:26:00.000,I 75,I 75 and Highway 20 81,,Rear End,3,Clear,Dry,Daylight
2023-11-02T02:06:00.000,I 75,I 75 and Highway 20 81,,Not a Collision with Motor Vehicle,2,Clear,Dry,Daylight
2023-07-01T20:11:00.000,I 75,I 75 and Highway 20 81,,Rear End,2,Clear,Dry,Daylight
2023-03-22T16:49:00.000,I 75,I 75 and Highway 20 81,,Rear End,3,Clear,Dry,Daylight
2023-10-09T21:26:00.000,I 75,I 75 and Highway 20 81,,Sideswipe-Same Direction,2,Clear,Dry,Dark-Not Lighted
2023-01-19T09:21:00.000,I 75,I 75 and Highway 20 81,,Sideswipe-Same Direction,2,Cloudy,Wet,Daylight
2023-10-27T19:19:00.000,I 75,I 75 and Highway 20 81,,Rear End,2,Clear,Dry,Dark-Not Lighted
2023-02-08T01:00:00.000,I 75,I 75 and Highway 20 81,,Sideswipe-Same Direction,2,Clear,Dry,Dark-Not Lighted
2023-11-08T14:11:00.000,I 75,I 75 and Highway 20 81,,Sideswipe-Same Direction,2,Clear,Dry,Daylight
2023-03-23T14:08:00.000,I 75,I 75 and Highway 20 81,,Rear End,2,Clear,Dry,Daylight
2023-09-10T11:54:00.000,I 75,I 75 and Highway 20 81,,Sideswipe-Same Direction,2,Clear,Dry,Daylight
2023-06-17T15:00:00.000,I 75,I 75 and Highway 20 81,,Not a Collision with Motor Vehicle,1,Clear,Dry,Daylight
2023-05-03T16:12:00.000,I 75,I 75 and Highway 20 81,,Rear End,2,Clear,Dry,Daylight
2023-07-01T11:59:00.000,I 75,I 75 and Highway 20 81,,Rear End,3,Clear,Dry,Daylight
2023-09-14T15:32:00.000,I 75,I 75 and Highway 20 81,,Rear End,2,Other,Wet,Daylight
2023-09-13T17:00:00.000,I 75,I 75 and Highway 20 81,,Sideswipe-Same Direction,2,Clear,Dry,Daylight
2023-04-07T11:39:00.000,I 75,I 75 and Highway 20 81,,Sideswipe-Same Direction,2,Cloudy,Dry,Daylight
2023-12-15T13:00:00.000,I 75,I 75 and Highway 20 81,,Rear End,2,Clear,Dry,Daylight
2023-07-29T12:49:00.000,I 75,I 75 and Highway 20 81,,Rear End,2,Clear,Dry,Daylight
2023-04-11T16:18:00.000,I 75,I 75 and Highway 20 81,,Rear End,2,Clear,Dry,Daylight
2023-05-11T18:56:00.000,I 75,I 75 and Highway 20 81,,Rear End,2,Cloudy,Dry,Daylight
2023-05-19T15:49:00.000,I 75,I 75 and Highway 20 81,,Sideswipe-Same Direction,2,Cloudy,Dry,Daylight
2023-06-17T13:31:00.000,I 75,I 75 and Highway 20 81,,Rear End,2,Clear,Dry,Daylight
2023-11-17T17:53:00.000,I 75,I 75 and Highway 20 81,,Rear End,2,Clear,Dry,Dark-Not Lighted
2023-11-18T09:50:00.000,I 75,I 75 and Highway 20 81,,Rear End,3,Clear,Dry,Daylight
2023-10-12T06:35:00.000,I 75,I 75 and Highway 20 81,,Angle Crash,2,Rain,Wet,Dark-Not Lighted
2023-01-17T18:43:00.000,I 75,I 75 and Highway 20 81,,Not a Collision with Motor Vehicle,1,Rain,Wet,Dark-Lighted
2023-11-08T18:35:00.000,I 75,I 75 and Highway 20 81,,Sideswipe-Same Direction,2,Clear,Dry,Dark-Lighted
2023-01-02T18:43:00.000,I 75,I 75 and Highway 20 81,,Rear End,2,Clear,Dry,Dark-Lighted
2023-09-26T16:10:00.000,I 75,I 75 and Highway 20 81,,Sideswipe-Same Direction,2,Clear,Dry,Daylight
2023-04-07T08:05:00.000,I 75,I 75 and Highway 20 81,,Not a Collision with Motor Vehicle,1,Clear,Dry,Daylight
2023-07-01T23:21:00.000,I 75,I 75 and Highway 20 81,,Not a Collision with Motor Vehicle,1,Clear,Dry,Dark-Lighted
2023-06-11T15:22:00.000,I 75,I 75 and Highway 20 81,,Sideswipe-Same Direction,2,Cloudy,Dry,Daylight
2023-06-10T12:09:00.000,I 75,I 75 and Highway 20 81,,Sideswipe-Same Direction,2,Clear,Dry,Daylight
2023-10-10T16:25:00.000,I 75,I 75 and Highway 20 81,,Rear End,2,Clear,Dry,Daylight
2023-03-29T14:14:00.000,I 75,I 75 and Highway 20 81,,Sideswipe-Same Direction,2,Clear,Dry,Daylight
2023-06-17T21:10:00.000,I 75,I 75 and Highway 20 81,,Angle Crash,2,Clear,Dry,Dark-Lighted
2023-11-22T11:06:00.000,I 75,I 75 and Highway 20 81,,Sideswipe-Same Direction,2,Cloudy,Dry,Daylight
2023-04-27T07:43:00.000,I 75,I 75 and Highway 20 81,,Rear End,2,Rain,Wet,Daylight
2023-03-02T03:57:00.000,I 75,I 75 and Highway 20 81,,Not a Collision with Motor Vehicle,1,Clear,Dry,Dark-Lighted
2023-03-14T17:38:00.000,I 75,I 75 and Highway 20 81,,Rear End,4,Clear,Dry,Daylight
2023-10-08T16:48:00.000,I 75,I 75 and Highway 20 81,,Rear End,3,Clear,Dry,Daylight
2023-02-06T13:29:00.000,I 75,I 75 and Highway 20 81,,Angle Crash,2,Clear,Dry,Daylight
2023-04-07T15:57:00.000,I 75,I 75 and Highway 20 81,,Sideswipe-Same Direction,2,Clear,Dry,Daylight
2023-09-15T21:30:00.000,I 75,I 75 and Highway 20 81,,Sideswipe-Same Direction,2,Clear,Dry,Dark-Not Lighted
2023-10-05T13:58:00.000,I 75,I 75 and Highway 20 81,,Rear End,2,Clear,Dry,Daylight
2023-09-29T17:57:00.000,I 75,I 75 and Highway 20 81,,Sideswipe-Same Direction,2,Clear,Dry,Daylight
2023-05-13T10:55:00.000,I 75,I 75 and Highway 20 81,,Rear End,2,Cloudy,Dry,Daylight
2023-08-01T17:37:00.000,I 75,I 75 and Highway 20 81,,Sideswipe-Same Direction,2,Clear,Dry,Daylight
2023-04-24T15:03:00.000,I 75,I 75 and Highway 20 81,,Not a Collision with Motor Vehicle,1,Clear,Dry,Daylight
2023-09-15T16:00:00.000,I 75,I 75 and Highway 20 81,,Rear End,2,Clear,Dry,Daylight
2023-04-21T16:58:00.000,I 75,I 75 and Highway 20 81,,Sideswipe-Same Direction,2,Clear,Dry,Daylight
2023-12-27T16:03:00.000,I 75,I 75 and Highway 20 81,,Rear End,2,Cloudy,Dry,Daylight
2023-08-29T16:37:00.000,I 75,I 75 and Highway 20 81,,Rear End,2,Rain,Wet,Daylight
2023-05-30T13:46:00.000,I 75,I 75 and Highway 20 81,,Rear End,2,Clear,Dry,Daylight
2023-03-13T16:38:00.000,I 75,I 75 and Highway 20 81,,Angle Crash,2,Clear,Dry,Daylight
2023-05-05T15:47:00.000,I 75,I 75 and Highway 20 81,,Not a Collision with Motor Vehicle,1,Rain,Wet,Daylight
2023-12-10T04:32:00.000,I 75,I 75 and Highway 20 81,,Not a Collision with Motor Vehicle,1,Rain,Wet,Dark-Lighted
2023-07-12T15:06:00.000,I 75,I 75 and Highway 20 81,,Sideswipe-Opposite Direction,2,Clear,Dry,Daylight
2023-09-29T14:28:00.000,I 75,I 75 and Highway 20 81,,Rear End,2,Clear,Dry,Daylight
2023-03-10T13:09:00.000,I 75,I 75 and Highway 20 81,,Not a Collision with Motor Vehicle,1,Cloudy,Wet,Daylight
2023-11-20T19:07:00.000,I 75,I 75 and Highway 20 81,,Rear End,3,Clear,Dry,Dark-Lighted
2023-01-27T14:11:00.000,I 75,I 75 and Highway 20 81,,Rear End,3,Clear,Dry,Daylight
2023-02-13T07:58:00.000,I 75,I 75 and Highway 20 81,,Angle Crash,2,Clear,Dry,Daylight
2023-09-25T16:13:00.000,I 75,I 75 and Highway 20 81,,Sideswipe-Same Direction,2,Clear,Dry,Daylight
2023-07-17T16:38:00.000,I 75,I 75 and Highway 20 81,,Rear End,3,Clear,Dry,Daylight
2023-03-08T15:53:00.000,I 75,I 75 and Highway 20 81,,Not a Collision with Motor Vehicle,2,Clear,Dry,Daylight
2023-05-27T09:26:00.000,I 75,I 75 and Highway 20 81,,Sideswipe-Same Direction,2,Clear,Dry,Daylight
2023-08-18T16:05:00.000,I 75,I 75 and Highway 20 81,,Rear End,2,Clear,Dry,Daylight
2023-11-22T17:32:00.000,I 75,I 75 and Highway 20 81,,Rear End,2,Clear,Dry,Dark-Lighted
2023-01-06T13:49:00.000,I 75,I 75 and Highway 20 81,,Rear End,2,Clear,Dry,Daylight
2023-09-30T12:52:00.000,I 75,I 75 and Highway 20 81,,Rear End,3,Clear,Dry,Daylight
2023-04-11T08:16:00.000,I 75,I 75 and Highway 20 81,,Rear End,2,Clear,Dry,Daylight
2023-06-03T12:15:00.000,I 75,I 75 and Highway 20 81,,Rear End,2,Cloudy,Dry,Daylight
2023-06-06T12:00:00.000,I 75,I 75 and Highway 20 81,,Not a Collision with Motor Vehicle,1,Clear,Dry,Daylight
2023-02-14T14:48:00.000,I 75,I 75 and Highway 20 81,,Rear End,2,Clear,Dry,Daylight
2023-07-10T03:07:00.000,I 75,I 75 and Highway 20 81,,Rear End,2,Clear,Dry,Dark-Not Lighted
2023-02-12T07:00:00.000,I 75,I 75 and Highway 20 81,,Not a Collision with Motor Vehicle,1,Rain,Wet,Dark-Not Lighted
2023-12-20T22:14:00.000,I 75,I 75 and Highway 20 81,,Sideswipe-Same Direction,2,Clear,Dry,Dark-Not Lighted
2023-03-20T17:59:00.000,I 75,I 75 and Highway 20 81,,Not a Collision with Motor Vehicle,2,Clear,Dry,Daylight
2023-10-26T13:45:00.000,I 75,I 75 and Highway 20 81,,Sideswipe-Same Direction,2,Clear,Dry,Daylight
2023-04-08T01:01:00.000,I 75,I 75 and Highway 20 81,,Rear End,2,Clear,Dry,Dark-Not Lighted
2023-05-24T15:52:00.000,I 75,I 75 and Highway 20 81,,Sideswipe-Same Direction,2,Clear,Dry,Daylight
2023-02-14T22:29:00.000,I 75,I 75 and Highway 20 81,,Sideswipe-Same Direction,2,Clear,Dry,Dark-Lighted
2023-03-12T13:55:00.000,I 75,I 75 and Highway 20 81,,Rear End,2,Cloudy,Wet,Daylight
2023-05-30T22:13:00.000,I 75,I 75 and Highway 20 81,,Sideswipe-Same Direction,2,Clear,Dry,Dark-Not Lighted
2023-03-11T20:35:00.000,I 75,I 75 and Highway 20 81,,Sideswipe-Same Direction,2,Clear,Dry,Dark-Lighted
2023-06-19T15:37:00.000,I 75,I 75 and Highway 20 81,,Sideswipe-Same Direction,2,Clear,Dry,Daylight
2023-05-13T22:20:00.000,I 75,I 75 and Highway 20 81,,Sideswipe-Same Direction,2,Clear,Dry,Dark-Lighted
2022-02-16T18:59:00.000,I 75,I 75 and Highway 20 81,,Rear End,2,Clear,Dry,Dark-Not Lighted
2022-10-25T21:33:00.000,I 75,I 75 and Highway 20 81,,Rear End,2,Clear,Dry,Dark-Lighted
2022-07-31T13:30:00.000,I 75,I 75 and Highway 20 81,,Sideswipe-Same Direction,2,Clear,Dry,Daylight
2022-12-29T18:28:00.000,I 75,I 75 and Highway 20 81,,Sideswipe-Same Direction,2,Clear,Dry,Daylight
2022-08-19T15:00:00.000,I 75,I 75 and Highway 20 81,,Rear End,2,Cloudy,Wet,Daylight
2022-08-19T14:59:00.000,I 75,I 75 and Highway 20 81,,Rear End,2,Rain,Wet,Daylight
2022-04-18T09:40:00.000,I 75,I 75 and Highway 20 81,,Angle Crash,2,Clear,Dry,Daylight
2022-08-30T16:36:00.000,I 75,I 75 and Highway 20 81,,Rear End,2,Clear,Dry,Daylight
2022-12-23T19:34:00.000,I 75,I 75 and Highway 20 81,,Rear End,2,Clear,Dry,Dark-Lighted
2022-03-16T19:04:00.000,I 75,I 75 and Highway 20 81,,Rear End,2,Rain,Wet,Daylight
2022-03-29T10:40:00.000,I 75,I 75 and Highway 20 81,,Rear End,2,Clear,Dry,Daylight
2022-10-15T13:18:00.000,I 75,I 75 and Highway 20 81,,Rear End,3,Clear,Dry,Daylight
2022-09-09T16:36:00.000,I 75,I 75 and Highway 20 81,,Sideswipe-Same Direction,2,Clear,Dry,Daylight
2023-08-30T06:15:00.000,I 75,I 75 and Highway 20 81,,Not a Collision with Motor Vehicle,1,Cloudy,Wet,Dark-Lighted
2022-10-19T18:41:00.000,I 75,I 75 and Highway 20 81,,Rear End,2,Clear,Dry,Daylight
2022-10-01T11:11:00.000,I 75,I 75 and Highway 20 81,,Sideswipe-Same Direction,2,Clear,Dry,Daylight
2020-12-10T18:05:00.000,I 75,I 75 and Highway 20 81,,Rear End,2,Clear,Dry,Dark-Lighted
2020-09-11T18:30:00.000,I 75,I 75 and Highway 20 81,,Rear End,2,Clear,Dry,Daylight
2023-04-07T10:06:00.000,I 75,I 75 and Highway 20 81,,Sideswipe-Same Direction,2,Clear,Dry,Daylight
2021-07-11T18:47:00.000,I 75,I 75 and Highway 20 81,,Not a Collision with Motor Vehicle,1,Clear,Dry,Daylight
2024-02-19T18:45:00.000,I 75,I 75 and Highway 20 81,,Sideswipe-Same Direction,2,Clear,Dry,Dark-Lighted
2020-12-13T02:33:00.000,I 75,I 75 and Highway 20 81,,Sideswipe-Same Direction,3,Clear,Dry,Dark-Lighted
2020-12-18T08:30:00.000,I 75,I 75 and Highway 20 81,,Rear End,2,Clear,Dry,Daylight
2020-12-21T17:10:00.000,I 75,I 75 and Highway 20 81,,Rear End,2,Clear,Dry,Dusk
2020-09-28T21:02:00.000,I 75,I 75 and Highway 20 81,,Not a Collision with Motor Vehicle,1,Clear,Dry,Dark-Not Lighted
2020-12-11T18:19:00.000,I 75,I 75 and Highway 20 81,,Rear End,2,Clear,Dry,Dark-Not Lighted
2020-07-20T15:25:00.000,I 75,I 75 and Highway 20 81,,Rear End,2,Clear,Dry,Daylight
2020-11-23T18:20:00.000,I 75,I 75 and Highway 20 81,,Sideswipe-Same Direction,2,Clear,Dry,Dark-Not Lighted
2020-10-23T12:13:00.000,I 75,I 75 and Highway 20 81,,Rear End,2,Clear,Dry,Daylight
2020-10-27T21:30:00.000,I 75,I 75 and Highway 20 81,,Rear End,2,Cloudy,Dry,Dark-Not Lighted
2020-06-23T15:36:00.000,I 75,I 75 and Highway 20 81,,Rear End,2,Cloudy,Dry,Daylight
2020-10-14T12:57:00.000,I 75,I 75 and Highway 20 81,,Rear End,2,Clear,Dry,Daylight
2020-10-17T13:05:00.000,I 75,I 75 and Highway 20 81,,Rear End,2,Clear,Dry,Daylight
2020-11-19T07:05:00.000,I 75,I 75 and Highway 20 81,,Rear End,1,Clear,Dry,Daylight
2020-09-30T10:17:00.000,I 75,I 75 and Highway 20 81,,Sideswipe-Same Direction,2,Clear,Dry,Daylight
2020-12-27T12:06:00.000,I 75,I 75 and Highway 20 81,,Rear End,2,Clear,Dry,Daylight
2020-12-18T17:00:00.000,I 75,I 75 and Highway 20 81,,Rear End,2,Clear,Dry,Dark-Not Lighted
2020-11-24T11:20:00.000,I 75,I 75 and Highway 20 81,,Sideswipe-Same Direction,2,Clear,Dry,Daylight
2020-10-21T20:00:00.000,I 75,I 75 and Highway 20 81,,Rear End,2,Clear,Dry,Dark-Lighted
2020-07-06T16:56:00.000,I 75,I 75 and Highway 20 81,,Rear End,3,Cloudy,Dry,Daylight
2020-11-06T18:02:00.000,I 75,I 75 and Highway 20 81,,Rear End,2,Clear,Dry,Dark-Not Lighted
2020-06-25T15:04:00.000,I 75,I 75 and Highway 20 81,,Rear End,2,Cloudy,Dry,Daylight
2020-11-25T20:24:00.000,I 75,I 75 and Highway 20 81,,Rear End,2,Cloudy,Wet,Dark-Lighted
2020-10-16T04:23:00.000,I 75,I 75 and Highway 20 81,,Sideswipe-Same Direction,2,Clear,Dry,Dark-Not Lighted
2020-10-23T11:15:00.000,I 75,I 75 and Highway 20 81,,Not a Collision with Motor Vehicle,2,Clear,Dry,Daylight
2020-11-23T12:36:00.000,I 75,I 75 and Highway 20 81,,Sideswipe-Same Direction,2,Clear,Dry,Daylight
2020-11-04T13:43:00.000,I 75,I 75 and Highway 20 81,,Not a Collision with Motor Vehicle,1,Clear,Dry,Daylight
2020-10-26T06:45:00.000,I 75,I 75 and Highway 20 81,,Rear End,4,Clear,Dry,Dark-Not Lighted
2020-10-27T21:45:00.000,I 75,I 75 and Highway 20 81,,Sideswipe-Same Direction,2,Cloudy,Dry,Dark-Lighted
2020-06-25T16:11:00.000,I 75,I 75 and Highway 20 81,,Rear End,2,Rain,Wet,Daylight
2020-12-10T08:46:00.000,I 75,I 75 and Highway 20 81,,Rear End,4,Clear,Dry,Daylight
2020-09-20T05:11:00.000,I 75,I 75 and Highway 20 81,,Rear End,2,Clear,Dry,Dark-Lighted
2020-11-29T17:30:00.000,I 75,I 75 and Highway 20 81,,Sideswipe-Same Direction,2,Rain,Wet,Dark-Lighted
2020-10-14T16:20:00.000,I 75,I 75 and Highway 20 81,,Rear End,2,Clear,Dry,Daylight
2020-11-09T10:00:00.000,I 75,I 75 and Highway 20 81,,Rear End,2,Cloudy,Dry,Daylight
2020-11-23T01:04:00.000,I 75,I 75 and Highway 20 81,,Not a Collision with Motor Vehicle,1,Clear,Dry,Dark-Lighted
2020-11-23T14:03:00.000,I 75,I 75 and Highway 20 81,,Sideswipe-Same Direction,2,Clear,Dry,Daylight
2021-06-03T08:05:00.000,I 75,I 75 and Highway 20 81,,Rear End,2,Clear,Dry,Daylight
2021-05-29T13:41:00.000,I 75,I 75 and Highway 20 81,,Sideswipe-Same Direction,2,Clear,Dry,Daylight
2021-01-04T19:58:00.000,I 75,I 75 and Highway 20 81,,Rear End,2,Clear,Dry,Dark-Not Lighted
2021-03-31T07:50:00.000,I 75,I 75 and Highway 20 81,,Rear End,2,Cloudy,Dry,Daylight
2021-04-24T15:20:00.000,I 75,I 75 and Highway 20 81,,Rear End,2,Clear,Dry,Daylight
2021-02-13T14:05:00.000,I 75,I 75 and Highway 20 81,,Sideswipe-Same Direction,2,Cloudy,Wet,Daylight
2021-06-19T17:00:00.000,I 75,I 75 and Highway 20 81,,Rear End,2,Rain,Wet,Daylight
2021-02-04T15:15:00.000,I 75,I 75 and Highway 20 81,,Not a Collision with Motor Vehicle,1,Clear,Dry,Daylight
2021-01-19T15:12:00.000,I 75,I 75 and Highway 20 81,,Sideswipe-Same Direction,2,Clear,Dry,Daylight
2021-02-25T23:30:00.000,I 75,I 75 and Highway 20 81,,Not a Collision with Motor Vehicle,1,Clear,Dry,Dark-Lighted
2021-02-02T12:02:00.000,I 75,I 75 and Highway 20 81,,Sideswipe-Same Direction,2,Clear,Dry,Daylight
2021-03-11T13:44:00.000,I 75,I 75 and Highway 20 81,,Sideswipe-Same Direction,2,Clear,Dry,Daylight
2021-05-01T16:38:00.000,I 75,I 75 and Highway 20 81,,Angle Crash,2,Clear,Dry,Daylight
2021-02-02T22:03:00.000,I 75,I 75 and Highway 20 81,,Sideswipe-Same Direction,2,Clear,Dry,Dark-Lighted
2021-05-25T16:42:00.000,I 75,I 75 and Highway 20 81,,Sideswipe-Same Direction,2,Clear,Dry,Daylight
2021-04-08T17:58:00.000,I 75,I 75 and Highway 20 81,,Rear End,2,Clear,Dry,Daylight
2021-05-12T13:10:00.000,I 75,I 75 and Highway 20 81,,Rear End,2,Rain,Wet,Daylight
2021-03-13T04:05:00.000,I 75,I 75 and Highway 20 81,,Angle Crash,2,Clear,Dry,Dark-Lighted
2021-04-02T05:10:00.000,I 75,I 75 and Highway 20 81,,Sideswipe-Same Direction,2,Clear,Dry,Dark-Lighted
2021-04-23T19:02:00.000,I 75,I 75 and Highway 20 81,,Rear End,2,Clear,Dry,Daylight
2021-10-14T13:14:00.000,I 75,I 75 and Highway 20 81,,Rear End,2,Clear,Dry,Daylight
2021-11-29T13:01:00.000,I 75,I 75 and Highway 20 81,,Rear End,3,Clear,Dry,Daylight
2021-10-18T08:30:00.000,I 75,I 75 and Highway 20 81,,Not a Collision with Motor Vehicle,1,Clear,Dry,Daylight
2021-07-05T13:32:00.000,I 75,I 75 and Highway 20 81,,Sideswipe-Same Direction,2,Clear,Dry,Daylight
2021-11-05T18:42:00.000,I 75,I 75 and Highway 20 81,,Rear End,2,Clear,Dry,Dark-Not Lighted
2021-08-08T17:45:00.000,I 75,I 75 and Highway 20 81,,Rear End,4,Clear,Dry,Daylight
2021-07-13T23:24:00.000,I 75,I 75 and Highway 20 81,,Sideswipe-Same Direction,2,Clear,Dry,Dark-Lighted
2021-08-07T06:20:00.000,I 75,I 75 and Highway 20 81,,Angle Crash,2,Clear,Dry,Dark-Not Lighted
2021-07-30T15:47:00.000,I 75,I 75 and Highway 20 81,,Sideswipe-Same Direction,2,Clear,Dry,Daylight
2021-11-24T13:07:00.000,I 75,I 75 and Highway 20 81,,Rear End,2,Clear,Dry,Daylight
2021-10-09T11:55:00.000,I 75,I 75 and Highway 20 81,,Not a Collision with Motor Vehicle,2,Clear,Dry,Daylight
2021-10-09T10:46:00.000,I 75,I 75 and Highway 20 81,,Angle Crash,2,Clear,Dry,Daylight
2021-11-23T19:25:00.000,I 75,I 75 and Highway 20 81,,Rear End,2,Clear,Dry,Dark-Lighted
2021-11-29T11:28:00.000,I 75,I 75 and Highway 20 81,,Rear End,2,Rain,Water (standing or moving),Daylight
2021-10-27T14:25:00.000,I 75,I 75 and Highway 20 81,,Rear End,3,Clear,Dry,Daylight
2021-08-07T15:11:00.000,I 75,I 75 and Highway 20 81,,Rear End,3,Clear,Dry,Daylight
2021-10-18T16:29:00.000,I 75,I 75 and Highway 20 81,,Sideswipe-Same Direction,2,Clear,Dry,Daylight
2021-11-30T15:45:00.000,I 75,I 75 and Highway 20 81,,Not a Collision with Motor Vehicle,2,Clear,Dry,Daylight
2021-07-06T18:44:00.000,I 75,I 75 and Highway 20 81,,Rear End,2,Clear,Dry,Daylight
2021-10-17T17:20:00.000,I 75,I 75 and Highway 20 81,,Rear End,2,Clear,Dry,Daylight
2021-09-18T23:09:00.000,I 75,I 75 and Highway 20 81,,Rear End,2,Cloudy,Dry,Dark-Not Lighted
2021-10-12T06:07:00.000,I 75,I 75 and Highway 20 81,,Sideswipe-Same Direction,2,Clear,Dry,Dark-Not Lighted
2021-07-17T15:35:00.000,I 75,I 75 and Highway 20 81,,Rear End,2,Clear,Dry,Daylight
2021-08-12T15:44:00.000,I 75,I 75 and Highway 20 81,,Rear End,2,Clear,Dry,Daylight
2021-08-07T00:40:00.000,I 75,I 75 and Highway 20 81,,Not a Collision with Motor Vehicle,1,Clear,Dry,Dark-Not Lighted
2021-10-16T18:16:00.000,I 75,I 75 and Highway 20 81,,Rear End,2,Clear,Dry,Daylight
2021-08-07T17:26:00.000,I 75,I 75 and Highway 20 81,,Rear End,3,Rain,Wet,Daylight
2022-08-28T04:22:00.000,I 75,I 75 and Highway 20 81,,Rear End,2,Clear,Dry,Dark-Lighted
2022-10-26T10:33:00.000,I 75,I 75 and Highway 20 81,,Rear End,3,Clear,Dry,Daylight
2022-12-19T11:40:00.000,I 75,I 75 and Highway 20 81,,Angle Crash,2,Clear,Dry,Daylight
2022-03-29T11:42:00.000,I 75,I 75 and Highway 20 81,,Sideswipe-Same Direction,2,Clear,Dry,Daylight
2022-02-18T11:52:00.000,I 75,I 75 and Highway 20 81,,Rear End,2,Clear,Dry,Daylight
2022-02-25T19:00:00.000,I 75,I 75 and Highway 20 81,,Angle Crash,2,Clear,Dry,Dark-Lighted
2022-08-06T22:38:00.000,I 75,I 75 and Highway 20 81,,Rear End,2,Rain,Wet,Dark-Not Lighted
2022-03-17T12:13:00.000,I 75,I 75 and Highway 20 81,,Rear End,2,Clear,Dry,Daylight
2022-12-09T20:43:00.000,I 75,I 75 and Highway 20 81,,Angle Crash,2,Rain,Wet,Dark-Lighted
2022-11-28T05:02:00.000,I 75,I 75 and Highway 20 81,,Sideswipe-Same Direction,2,Clear,Dry,Dark-Not Lighted
2022-06-17T16:12:00.000,I 75,I 75 and Highway 20 81,,Rear End,2,Clear,Dry,Daylight
2022-10-05T20:23:00.000,I 75,I 75 and Highway 20 81,,Sideswipe-Same Direction,2,Clear,Dry,Dark-Lighted
2022-09-24T13:30:00.000,I 75,I 75 and Highway 20 81,,Rear End,3,Clear,Dry,Daylight
2022-07-06T13:20:00.000,I 75,I 75 and Highway 20 81,,Rear End,2,Clear,Dry,Daylight
2022-11-11T07:50:00.000,I 75,I 75 and Highway 20 81,,Rear End,2,Rain,Wet,Dawn
2022-03-29T13:33:00.000,I 75,I 75 and Highway 20 81,,Rear End,2,Clear,Dry,Daylight
2022-03-14T16:50:00.000,I 75,I 75 and Highway 20 81,,Rear End,2,Clear,Dry,Daylight
2022-11-09T16:22:00.000,I 75,I 75 and Highway 20 81,,Sideswipe-Same Direction,3,Clear,Dry,Dark-Lighted
2022-12-21T18:32:00.000,I 75,I 75 and Highway 20 81,,Rear End,2,Clear,Dry,Dark-Lighted
2022-05-22T18:07:00.000,I 75,I 75 and Highway 20 81,,Sideswipe-Same Direction,2,Clear,Dry,Daylight
2022-10-13T06:33:00.000,I 75,I 75 and Highway 20 81,,Rear End,2,Rain,Wet,Daylight
2021-10-15T15:56:00.000,I 75,I 75 and Highway 20 81,,Rear End,2,Clear,Dry,Daylight
2021-09-24T20:55:00.000,I 75,I 75 and Highway 20 81,,Rear End,3,Clear,Dry,Dark-Not Lighted