Date and Time,Roadway (From Crash Report),Intersection Name (from Crash Report),KABCO Severity,Manner of Collision (Crash Level) ,# of Vehicles per crash ,Weather Conditions (Crash Level),Surface Condition (Crash Level) ,Light Conditions (Crash Level)
2021-09-13T22:07:00.000,I 75,I 75 and Highway 20 81,,Sideswipe-Same Direction,2,Clear,Dry,Daylight
2021-09-27T17:15:00.000,I 75,I 75 and Highway 20 81,,Rear End,2,Clear,Dry,Daylight
2021-07-26T19:45:00.000,I 75,I 75 and Highway 20 81,,Sideswipe-Same Direction,2,Rain,Wet,Daylight
2022-06-01T22:51:00.000,I 75,I 75 and Highway 20 81,,Sideswipe-Same Direction,3,Clear,Dry,Dark-Not Lighted
2022-09-06T13:45:00.000,I 75,I 75 and Highway 20 81,,Rear End,2,Clear,Dry,Daylight
2022-07-28T14:51:00.000,I 75,I 75 and Highway 20 81,,Angle Crash,2,Clear,Dry,Dark-Lighted
2022-05-25T13:46:00.000,I 75,I 75 and Highway 20 81,,Rear End,2,Clear,Dry,Daylight
2022-06-22T16:22:00.000,I 75,I 75 and Highway 20 81,,Sideswipe-Same Direction,2,Clear,Dry,Daylight
2022-04-12T22:10:00.000,I 75,I 75 and Highway 20 81,,Sideswipe-Same Direction,3,Clear,Dry,Dark-Lighted
2022-09-16T13:50:00.000,I 75,I 75 and Highway 20 81,,Rear End,2,Clear,Dry,Daylight
2022-12-09T14:40:00.000,I 75,I 75 and Highway 20 81,,Angle Crash,2,Rain,Wet,Daylight
2022-10-11T19:06:00.000,I 75,I 75 and Highway 20 81,,Rear End,2,Clear,Dry,Dark-Lighted
2022-05-28T06:43:00.000,I 75,I 75 and Highway 20 81,,Sideswipe-Same Direction,2,Clear,Dry,Daylight
2022-12-01T17:21:00.000,I 75,I 75 and Highway 20 81,,Angle Crash,5,Clear,Dry,Dusk
2022-12-27T19:54:00.000,I 75,I 75 and Highway 20 81,,Sideswipe-Same Direction,2,Clear,Dry,Dark-Not Lighted
2022-03-09T22:21:00.000,I 75,I 75 and Highway 20 81,,Rear End,2,Cloudy,Dry,Dark-Lighted
2022-05-20T13:21:00.000,I 75,I 75 and Highway 20 81,,Sideswipe-Same Direction,2,Clear,Dry,Daylight
2022-11-17T18:58:00.000,I 75,I 75 and Highway 20 81,,Rear End,2,Clear,Dry,Dark-Not Lighted
2022-07-09T14:15:00.000,I 75,I 75 and Highway 20 81,,Rear End,2,Cloudy,Dry,Daylight
2022-04-18T09:41:00.000,I 75,I 75 and Highway 20 81,,Angle Crash,2,Clear,Dry,Daylight
2022-08-25T05:43:00.000,I 75,I 75 and Highway 20 81,,Angle Crash,2,Rain,Wet,Dark-Not Lighted
2022-03-05T15:56:00.000,I 75,I 75 and Highway 20 81,,Rear End,2,Clear,Dry,Daylight
2022-03-27T00:51:00.000,I 75,I 75 and Highway 20 81,,Not a Collision with Motor Vehicle,2,Clear,Dry,Dark-Not Lighted
2022-07-24T23:07:00.000,I 75,I 75 and Highway 20 81,,Angle Crash,2,Clear,Dry,Dark-Lighted
2022-03-20T21:38:00.000,I 75,I 75 and Highway 20 81,,Sideswipe-Same Direction,2,Clear,Dry,Dark-Lighted
2022-10-05T16:41:00.000,I 75,I 75 and Highway 20 81,,Rear End,2,Clear,Dry,Daylight
2022-12-28T18:13:00.000,I 75,I 75 and Highway 20 81,,Not a Collision with Motor Vehicle,1,Clear,Dry,Dark-Not Lighted
2022-10-15T21:37:00.000,I 75,I 75 and Highway 20 81,,Sideswipe-Same Direction,2,Clear,Dry,Dark-Not Lighted
2022-04-04T21:14:00.000,I 75,I 75 and Highway 20 81,,Rear End,2,Clear,Dry,Dark-Lighted
2022-05-23T19:18:00.000,I 75,I 75 and Highway 20 81,,Rear End,2,Clear,Dry,Daylight
2022-08-21T10:10:00.000,I 75,I 75 and Highway 20 81,,Sideswipe-Same Direction,2,Clear,Dry,Daylight
2022-11-09T07:20:00.000,I 75,I 75 and Highway 20 81,,Angle Crash,2,Clear,Dry,Daylight
2022-09-08T12:10:00.000,I 75,I 75 and Highway 20 81,,Rear End,2,Clear,Dry,Daylight
2022-12-15T06:40:00.000,I 75,I 75 and Highway 20 81,,Rear End,2,Cloudy,Wet,Dark-Not Lighted
2022-03-03T08:46:00.000,I 75,I 75 and Highway 20 81,,Sideswipe-Same Direction,2,Clear,Dry,Daylight
2022-12-12T17:05:00.000,I 75,I 75 and Highway 20 81,,Sideswipe-Same Direction,2,Clear,Dry,Daylight
2022-07-22T23:03:00.000,I 75,I 75 and Highway 20 81,,Not a Collision with Motor Vehicle,2,Clear,Dry,Dark-Not Lighted
2022-08-25T01:13:00.000,I 75,I 75 and Highway 20 81,,Angle Crash,2,Cloudy,Wet,Dark-Not Lighted
2022-12-08T08:52:00.000,I 75,I 75 and Highway 20 81,,Rear End,3,Clear,Dry,Daylight
2022-12-02T18:27:00.000,I 75,I 75 and Highway 20 81,,Angle Crash,2,Clear,Dry,Dark-Lighted
2022-12-14T06:56:00.000,I 75,I 75 and Highway 20 81,,Sideswipe-Same Direction,2,Clear,Dry,Dark-Not Lighted
2022-11-27T03:38:00.000,I 75,I 75 and Highway 20 81,,Rear End,2,Rain,Wet,Dark-Lighted
2022-04-06T15:49:00.000,I 75,I 75 and Highway 20 81,,Rear End,2,Clear,Wet,Daylight
2022-03-18T14:50:00.000,I 75,I 75 and Highway 20 81,,Sideswipe-Same Direction,2,Rain,Wet,Daylight
2022-09-27T15:15:00.000,I 75,I 75 and Highway 20 81,,Rear End,2,Clear,Dry,Daylight
2022-05-19T18:12:00.000,I 75,I 75 and Highway 20 81,,Sideswipe-Same Direction,2,Clear,Dry,Daylight
2022-07-28T16:17:00.000,I 75,I 75 and Highway 20 81,,Rear End,2,Clear,Dry,Daylight
2022-06-28T17:00:00.000,I 75,I 75 and Highway 20 81,,Angle Crash,2,Clear,Dry,Daylight
2022-06-17T11:56:00.000,I 75,I 75 and Highway 20 81,,Sideswipe-Same Direction,2,Clear,Dry,Daylight
2022-04-19T16:06:00.000,I 75,I 75 and Highway 20 81,,Rear End,2,Clear,Dry,Daylight
2022-04-02T08:10:00.000,I 75,I 75 and Highway 20 81,,Angle Crash,2,Clear,Dry,Daylight
2022-07-24T01:25:00.000,I 75,I 75 and Highway 20 81,,Rear End,2,Clear,Dry,Dark-Lighted
2022-10-03T07:55:00.000,I 75,I 75 and Highway 20 81,,Sideswipe-Same Direction,2,Clear,Dry,Daylight
2021-08-23T14:34:00.000,I 75,I 75 and Highway 20 81,,Sideswipe-Same Direction,2,Clear,Dry,Daylight
2021-07-02T16:54:00.000,I 75,I 75 and Highway 20 81,,Rear End,2,Clear,Dry,Daylight
2021-10-08T06:48:00.000,I 75,I 75 and Highway 20 81,,Rear End,2,Rain,Wet,Dark-Not Lighted
2022-05-06T02:38:00.000,I 75,I 75 and Highway 20 81,,Sideswipe-Same Direction,2,Clear,Dry,Dark-Not Lighted
2022-07-31T16:56:00.000,I 75,I 75 and Highway 20 81,,Rear End,2,Clear,Dry,Daylight
2022-05-09T15:07:00.000,I 75,I 75 and Highway 20 81,,Rear End,2,Clear,Dry,Daylight
2022-04-22T18:02:00.000,I 75,I 75 and Highway 20 81,,Sideswipe-Same Direction,2,Clear,Dry,Daylight
2022-07-20T12:28:00.000,I 75,I 75 and Highway 20 81,,Rear End,2,Clear,Dry,Daylight
2022-03-22T07:00:00.000,I 75,I 75 and Highway 20 81,,Sideswipe-Same Direction,2,Clear,Dry,Daylight
2022-09-29T13:39:00.000,I 75,I 75 and Highway 20 81,,Angle Crash,2,Clear,Dry,Daylight
2022-12-07T18:04:00.000,I 75,I 75 and Highway 20 81,,Sideswipe-Same Direction,3,Clear,Dry,Dark-Lighted
2022-10-04T17:51:00.000,I 75,I 75 and Highway 20 81,,Rear End,2,Clear,Dry,Daylight
2022-01-07T07:36:00.000,I 75,I 75 and Highway 20 81,,Rear End,2,Clear,Dry,Daylight
2022-11-25T14:07:00.000,I 75,I 75 and Highway 20 81,,Sideswipe-Same Direction,2,Cloudy,Dry,Daylight
2022-01-19T12:25:00.000,I 75,I 75 and Highway 20 81,,Rear End,2,Clear,Dry,Dark-Not Lighted
2022-06-26T19:35:00.000,I 75,I 75 and Highway 20 81,,Not a Collision with Motor Vehicle,1,Clear,Dry,Daylight
2022-07-09T11:41:00.000,I 75,I 75 and Highway 20 81,,Rear End,3,Rain,Water (standing or moving),Daylight
2022-06-23T01:42:00.000,I 75,I 75 and Highway 20 81,,Sideswipe-Same Direction,3,Clear,Dry,Dark-Not Lighted
2022-10-17T17:27:00.000,I 75,I 75 and Highway 20 81,,Rear End,2,Clear,Dry,Daylight
2022-04-13T14:25:00.000,I 75,I 75 and Highway 20 81,,Rear End,2,Cloudy,Dry,Daylight
2022-02-25T13:54:00.000,I 75,I 75 and Highway 20 81,,Rear End,4,Clear,Dry,Daylight
2022-05-10T19:40:00.000,I 75,I 75 and Highway 20 81,,Not a Collision with Motor Vehicle,1,Clear,Dry,Daylight
2022-07-05T05:00:00.000,I 75,I 75 and Highway 20 81,,Not a Collision with Motor Vehicle,2,Clear,Dry,Dark-Lighted
2022-12-30T15:02:00.000,I 75,I 75 and Highway 20 81,,Sideswipe-Same Direction,2,Cloudy,Dry,Daylight
2022-01-14T10:58:00.000,I 75,I 75 and Highway 20 81,,Rear End,2,Clear,Dry,Dark-Lighted
2022-01-08T22:21:00.000,I 75,I 75 and Highway 20 81,,Not a Collision with Motor Vehicle,1,Clear,Dry,Dark-Not Lighted
2022-05-24T15:01:00.000,I 75,I 75 and Highway 20 81,,Not a Collision with Motor Vehicle,1,Clear,Dry,Daylight
2022-07-06T17:10:00.000,I 75,I 75 and Highway 20 81,,Rear End,2,Clear,Dry,Daylight
2022-02-08T17:43:00.000,I 75,I 75 and Highway 20 81,,Rear End,2,Clear,Dry,Daylight
2022-04-20T13:12:00.000,I 75,I 75 and Highway 20 81,,Rear End,3,Clear,Dry,Daylight
2022-04-22T14:25:00.000,I 75,I 75 and Highway 20 81,,Rear End,2,Clear,Dry,Daylight
2022-07-02T15:06:00.000,I 75,I 75 and Highway 20 81,,Rear End,2,Clear,Dry,Daylight
2022-11-23T10:10:00.000,I 75,I 75 and Highway 20 81,,Sideswipe-Same Direction,2,Clear,Dry,Daylight
2022-07-20T11:13:00.000,I 75,I 75 and Highway 20 81,,Sideswipe-Same Direction,2,Clear,Dry,Daylight
2022-02-10T20:34:00.000,I 75,I 75 and Highway 20 81,,Rear End,2,Clear,Dry,Dark-Not Lighted
2022-09-04T19:45:00.000,I 75,I 75 and Highway 20 81,,Not a Collision with Motor Vehicle,1,Rain,Wet,Dark-Not Lighted
2022-09-11T03:20:00.000,I 75,I 75 and Highway 20 81,,Rear End,2,Fog,Wet,Dark-Lighted
2022-02-28T16:55:00.000,I 75,I 75 and Highway 20 81,,Rear End,2,Clear,Dry,Dark-Lighted
2022-12-02T17:47:00.000,I 75,I 75 and Highway 20 81,,Rear End,3,Clear,Dry,Dark-Lighted
2022-07-31T17:22:00.000,I 75,I 75 and Highway 20 81,,Not a Collision with Motor Vehicle,1,Clear,Dry,Daylight
2022-02-17T16:54:00.000,I 75,I 75 and Highway 20 81,,Sideswipe-Same Direction,2,Clear,Dry,Daylight
2022-06-20T08:32:00.000,I 75,I 75 and Highway 20 81,,Sideswipe-Same Direction,2,Clear,Dry,Daylight
2022-02-24T04:40:00.000,I 75,I 75 and Highway 20 81,,Not a Collision with Motor Vehicle,1,Rain,Dry,Dark-Not Lighted
2022-07-21T00:48:00.000,I 75,I 75 and Highway 20 81,,Sideswipe-Same Direction,2,Clear,Dry,Dark-Lighted
2022-11-28T08:50:00.000,I 75,I 75 and Highway 20 81,,Not a Collision with Motor Vehicle,1,Clear,Dry,Daylight
2022-01-23T01:46:00.000,I 75,I 75 and Highway 20 81,,Rear End,2,Clear,Wet,Dark-Lighted
2022-03-16T18:33:00.000,I 75,I 75 and Highway 20 81,,Sideswipe-Same Direction,2,Rain,Wet,Daylight
2022-03-16T03:50:00.000,I 75,I 75 and Highway 20 81,,Sideswipe-Same Direction,2,Rain,Water (standing or moving),Dark-Not Lighted
2022-01-28T17:20:00.000,I 75,I 75 and Highway 20 81,,Sideswipe-Same Direction,2,Clear,Dry,Dark-Lighted
2022-06-14T18:10:00.000,I 75,I 75 and Highway 20 81,,Angle Crash,2,Clear,Dry,Daylight
2022-04-25T16:12:00.000,I 75,I 75 and Highway 20 81,,Rear End,3,Clear,Dry,Daylight
2022-09-21T14:12:00.000,I 75,I 75 and Highway 20 81,,Rear End,2,Clear,Dry,Daylight
2022-10-14T16:18:00.000,I 75,I 75 and Highway 20 81,,Rear End,2,Clear,Dry,Daylight
2022-11-22T21:08:00.000,I 75,I 75 and Highway 20 81,,Rear End,2,Clear,Dry,Dark-Lighted
2022-07-19T11:55:00.000,I 75,I 75 and Highway 20 81,,Rear End,2,Clear,Dry,Daylight
2022-12-09T20:05:00.000,I 75,I 75 and Highway 20 81,,Rear End,2,Rain,Wet,Dark-Lighted
2022-05-15T19:51:00.000,I 75,I 75 and Highway 20 81,,Rear End,2,Clear,Dry,Daylight
2022-04-02T17:30:00.000,I 75,I 75 and Highway 20 81,,Sideswipe-Same Direction,2,Clear,Dry,Daylight
2022-09-08T15:07:00.000,I 75,I 75 and Highway 20 81,,Rear End,2,Clear,Dry,Daylight
2022-06-11T11:11:00.000,I 75,I 75 and Highway 20 81,,Rear End,2,Clear,Dry,Daylight
2022-10-07T16:31:00.000,I 75,I 75 and Highway 20 81,,Sideswipe-Same Direction,2,Clear,Dry,Daylight
2022-12-08T10:18:00.000,I 75,I 75 and Highway 20 81,,Sideswipe-Same Direction,2,Clear,Dry,Daylight
2022-07-21T13:20:00.000,I 75,I 75 and Highway 20 81,,Sideswipe-Same Direction,2,Cloudy,Dry,Daylight
2022-09-17T12:18:00.000,I 75,I 75 and Highway 20 81,,Rear End,2,Clear,Dry,Daylight
2022-04-10T18:05:00.000,I 75,I 75 and Highway 20 81,,Not a Collision with Motor Vehicle,2,Clear,Dry,Daylight
2022-05-12T18:49:00.000,I 75,I 75 and Highway 20 81,,Rear End,2,Clear,Dry,Daylight
2022-04-10T13:11:00.000,I 75,I 75 and Highway 20 81,,Rear End,2,Clear,Dry,Daylight
2022-06-04T14:35:00.000,I 75,I 75 and Highway 20 81,,Rear End,2,Clear,Dry,Daylight
2022-10-21T10:55:00.000,I 75,I 75 and Highway 20 81,,Angle Crash,2,Clear,Dry,Daylight
2022-04-05T06:41:00.000,I 75,I 75 and Highway 20 81,,Rear End,2,Clear,Dry,Dawn
2022-06-25T07:42:00.000,I 75,I 75 and Highway 20 81,,Angle Crash,2,Clear,Dry,Daylight
2022-09-12T14:57:00.000,I 75,I 75 and Highway 20 81,,Rear End,3,Clear,Dry,Daylight
2022-05-13T11:50:00.000,I 75,I 75 and Highway 20 81,,Rear End,2,Cloudy,Dry,Daylight
2022-09-14T16:17:00.000,I 75,I 75 and Highway 20 81,,Angle Crash,2,Clear,Dry,Daylight
2022-07-26T14:04:00.000,I 75,I 75 and Highway 20 81,,Rear End,2,Clear,Dry,Daylight
2022-11-18T19:00:00.000,I 75,I 75 and Highway 20 81,,Rear End,2,Clear,Dry,Dark-Lighted
2022-09-20T11:01:00.000,I 75,I 75 and Highway 20 81,,Angle Crash,2,Clear,Dry,Daylight
2022-10-11T17:05:00.000,I 75,I 75 and Highway 20 81,,Sideswipe-Same Direction,2,Clear,Dry,Daylight
2022-05-31T16:33:00.000,I 75,I 75 and Highway 20 81,,Sideswipe-Same Direction,2,Clear,Dry,Daylight
2022-06-23T17:21:00.000,I 75,I 75 and Highway 20 81,,Rear End,2,Clear,Dry,Daylight
2022-04-13T04:11:00.000,I 75,I 75 and Highway 20 81,,Not a Collision with Motor Vehicle,1,Clear,Dry,Dark-Not Lighted
2022-02-24T15:20:00.000,I 75,I 75 and Highway 20 81,,Sideswipe-Same Direction,2,Clear,Dry,Daylight
2022-05-22T20:38:00.000,I 75,I 75 and Highway 20 81,,Not a Collision with Motor Vehicle,1,Clear,Dry,Dark-Lighted
2022-12-09T19:23:00.000,I 75,I 75 and Highway 20 81,,Angle Crash,2,Rain,Wet,Dark-Lighted
2022-08-04T07:19:00.000,I 75,I 75 and Highway 20 81,,Rear End,2,Cloudy,Dry,Daylight
2022-06-03T18:43:00.000,I 75,I 75 and Highway 20 81,,Sideswipe-Same Direction,2,Clear,Dry,Daylight
2022-06-14T14:45:00.000,I 75,I 75 and Highway 20 81,,Rear End,2,Clear,Dry,Daylight
2022-08-12T07:01:00.000,I 75,I 75 and Highway 20 81,,Sideswipe-Same Direction,2,Cloudy,Dry,Dawn
2022-04-29T21:24:00.000,I 75,I 75 and Highway 20 81,,Not a Collision with Motor Vehicle,1,Clear,Dry,Dark-Not Lighted
2022-03-02T19:32:00.000,I 75,I 75 and Highway 20 81,,Sideswipe-Same Direction,2,Clear,Dry,Dark-Not Lighted
2022-12-17T11:00:00.000,I 75,I 75 and Highway 20 81,,Sideswipe-Same Direction,4,Clear,Dry,Daylight
2022-12-20T16:24:00.000,I 75,I 75 and Highway 20 81,,Sideswipe-Same Direction,2,Rain,Wet,Daylight
2022-09-18T22:49:00.000,I 75,I 75 and Highway 20 81,,Not a Collision with Motor Vehicle,1,Clear,Dry,Dark-Not Lighted
2022-08-13T11:19:00.000,I 75,I 75 and Highway 20 81,,Sideswipe-Same Direction,2,Clear,Dry,Daylight
2022-05-11T15:40:00.000,I 75,I 75 and Highway 20 81,,Rear End,2,Clear,Dry,Daylight
2022-09-23T18:05:00.000,I 75,I 75 and Highway 20 81,,Rear End,2,Clear,Dry,Daylight
2022-03-18T21:17:00.000,I 75,I 75 and Highway 20 81,,Rear End,2,Cloudy,Wet,Dark-Lighted
2022-08-01T14:57:00.000,I 75,I 75 and Highway 20 81,,Rear End,2,Cloudy,Dry,Daylight
2022-08-17T09:45:00.000,I 75,I 75 and Highway 20 81,,Sideswipe-Same Direction,2,Cloudy,Dry,Daylight
2022-03-04T19:38:00.000,I 75,I 75 and Highway 20 81,,Not a Collision with Motor Vehicle,2,Clear,Dry,Dark-Not Lighted
2022-07-24T12:17:00.000,I 75,I 75 and Highway 20 81,,Rear End,2,Clear,Dry,Daylight
2022-12-13T15:07:00.000,I 75,I 75 and Highway 20 81,,Sideswipe-Same Direction,2,Clear,Dry,Daylight
2022-09-10T13:00:00.000,I 75,I 75 and Highway 20 81,,Rear End,3,Cloudy,Wet,Daylight
2022-07-03T21:53:00.000,I 75,I 75 and Highway 20 81,,Sideswipe-Same Direction,2,Rain,Wet,Dark-Lighted
2022-02-21T15:36:00.000,I 75,I 75 and Highway 20 81,,Sideswipe-Same Direction,2,Rain,Wet,Daylight
2022-03-14T16:07:00.000,I 75,I 75 and Highway 20 81,,Sideswipe-Same Direction,2,Clear,Dry,Daylight
2022-12-29T14:59:00.000,I 75,I 75 and Highway 20 81,,Rear End,2,Clear,Dry,Daylight
2022-06-28T18:08:00.000,I 75,I 75 and Highway 20 81,,Rear End,2,Clear,Dry,Daylight
2022-06-22T16:28:00.000,I 75,I 75 and Highway 20 81,,Sideswipe-Same Direction,2,Clear,Dry,Daylight
2022-03-20T22:28:00.000,I 75,I 75 and Highway 20 81,,Sideswipe-Same Direction,2,Clear,Dry,Dark-Not Lighted
2022-06-28T16:40:00.000,I 75,I 75 and Highway 20 81,,Rear End,3,Clear,Dry,Daylight
2022-03-03T17:55:00.000,I 75,I 75 and Highway 20 81,,Rear End,2,Clear,Dry,Daylight
2022-12-27T19:19:00.000,I 75,I 75 and Highway 20 81,,Sideswipe-Same Direction,2,Clear,Dry,Dark-Not Lighted
2022-07-31T16:33:00.000,I 75,I 75 and Highway 20 81,,Rear End,2,Clear,Dry,Daylight
2022-10-13T18:16:00.000,I 75,I 75 and Highway 20 81,,Rear End,2,Clear,Dry,Daylight
2022-10-17T16:01:00.000,I 75,I 75 and Highway 20 81,,Sideswipe-Same Direction,2,Clear,Dry,Daylight
2022-09-28T16:03:00.000,I 75,I 75 and Highway 20 81,,Sideswipe-Same Direction,2,Clear,Dry,Daylight
2022-12-28T15:21:00.000,I 75,I 75 and Highway 20 81,,Angle Crash,2,Clear,Dry,Daylight
2022-10-18T15:23:00.000,I 75,I 75 and Highway 20 81,,Rear End,2,Clear,Dry,Daylight
2022-09-30T21:59:00.000,I 75,I 75 and Highway 20 81,,Rear End,2,Clear,Dry,Dark-Not Lighted
2022-12-19T18:48:00.000,I 75,I 75 and Highway 20 81,,Rear End,2,Clear,Dry,Dark-Lighted
2022-06-03T19:10:00.000,I 75,I 75 and Highway 20 81,,Rear End,2,Clear,Dry,Daylight
2022-02-11T15:42:00.000,I 75,I 75 and Highway 20 81,,Sideswipe-Same Direction,2,Clear,Dry,Daylight
2022-05-13T20:50:00.000,I 75,I 75 and Highway 20 81,,Rear End,2,Cloudy,Dry,Dark-Not Lighted
2022-01-09T17:20:00.000,I 75,I 75 and Highway 20 81,,Sideswipe-Same Direction,2,Rain,Wet,Dark-Lighted
2022-08-19T18:34:00.000,I 75,I 75 and Highway 20 81,,Rear End,2,Cloudy,Wet,Daylight
2022-10-06T07:21:00.000,I 75,I 75 and Highway 20 81,,Rear End,2,Clear,Dry,Dawn
2022-04-25T15:28:00.000,I 75,I 75 and Highway 20 81,,Rear End,2,Clear,Dry,Daylight
2022-05-21T09:40:00.000,I 75,I 75 and Highway 20 81,,Sideswipe-Same Direction,2,Cloudy,Dry,Daylight
2022-10-06T17:10:00.000,I 75,I 75 and Highway 20 81,,Rear End,2,Clear,Dry,Daylight
2022-11-02T14:44:00.000,I 75,I 75 and Highway 20 81,,Sideswipe-Same Direction,2,Clear,Dry,Daylight
2022-12-08T11:13:00.000,I 75,I 75 and Highway 20 81,,Rear End,2,Clear,Dry,Daylight
2022-05-31T17:26:00.000,I 75,I 75 and Highway 20 81,,Rear End,2,Clear,Dry,Daylight
2022-10-09T05:27:00.000,I 75,I 75 and Highway 20 81,,Rear End,3,Clear,Dry,Dark-Lighted
2022-03-22T09:28:00.000,I 75,I 75 and Highway 20 81,,Sideswipe-Same Direction,3,Clear,Dry,Daylight
2022-04-22T14:53:00.000,I 75,I 75 and Highway 20 81,,Rear End,2,Clear,Dry,Daylight
2022-05-24T03:11:00.000,I 75,I 75 and Highway 20 81,,Not a Collision with Motor Vehicle,1,Clear,Dry,Dark-Not Lighted
2022-03-16T17:29:00.000,I 75,I 75 and Highway 20 81,,Rear End,2,Cloudy,Dry,Daylight
2022-09-07T08:48:00.000,I 75,I 75 and Highway 20 81,,Rear End,2,Clear,Dry,Daylight
2022-10-22T22:20:00.000,I 75,I 75 and Highway 20 81,,Sideswipe-Same Direction,2,Clear,Dry,Dark-Lighted
2022-12-01T19:48:00.000,I 75,I 75 and Highway 20 81,,Rear End,2,Clear,Dry,Dark-Not Lighted
2022-02-04T12:37:00.000,I 75,I 75 and Highway 20 81,,Rear End,2,Cloudy,Wet,Daylight
2022-02-15T16:38:00.000,I 75,I 75 and Highway 20 81,,Rear End,2,Clear,Dry,Daylight
2022-07-11T11:45:00.000,I 75,I 75 and Highway 20 81,,Rear End,2,Cloudy,Dry,Daylight
2022-12-06T14:21:00.000,I 75,I 75 and Highway 20 81,,Sideswipe-Same Direction,2,Rain,Wet,Daylight
2022-03-07T07:30:00.000,I 75,I 75 and Highway 20 81,,Sideswipe-Same Direction,2,Clear,Wet,Daylight
2022-12-02T14:41:00.000,I 75,I 75 and Highway 20 81,,Rear End,2,Clear,Dry,Daylight
2022-04-04T18:47:00.000,I 75,I 75 and Highway 20 81,,Rear End,3,Clear,Dry,Daylight
2022-11-28T14:49:00.000,I 75,I 75 and Highway 20 81,,Angle Crash,2,Clear,Dry,Daylight
2022-08-22T19:21:00.000,I 75,I 75 and Highway 20 81,,Sideswipe-Same Direction,2,Clear,Dry,Daylight
2022-12-24T19:41:00.000,I 75,I 75 and Highway 20 81,,Sideswipe-Same Direction,2,Clear,Dry,Dark-Not Lighted
2022-01-20T15:37:00.000,I 75,I 75 and Highway 20 81,,Rear End,2,Rain,Wet,Daylight
2022-02-19T11:24:00.000,I 75,I 75 and Highway 20 81,,Rear End,2,Clear,Dry,Daylight
2022-06-02T14:26:00.000,I 75,I 75 and Highway 20 81,,Sideswipe-Same Direction,2,Clear,Dry,Daylight
2022-11-30T08:21:00.000,I 75,I 75 and Highway 20 81,,Rear End,3,Cloudy,Wet,Daylight
2023-05-11T17:47:00.000,I 75,I 75 and Highway 20 81,,Rear End,3,Clear,Dry,Daylight
2023-02-06T12:22:00.000,I 75,I 75 and Highway 20 81,,Sideswipe-Same Direction,2,Clear,Dry,Daylight
2023-01-19T23:55:00.000,I 75,I 75 and Highway 20 81,,Sideswipe-Same Direction,2,Clear,Dry,Dark-Not Lighted
2023-06-29T07:28:00.000,I 75,I 75 and Highway 20 81,,Rear End,2,Clear,Dry,Daylight
2023-09-30T16:45:00.000,I 75,I 75 and Highway 20 81,,Rear End,4,Clear,Dry,Daylight
2024-08-05T09:42:00.000,I 75,I 75 and Highway 20 81,,Not a Collision with Motor Vehicle,2,Cloudy,Dry,Daylight
2024-09-05T18:03:00.000,I 75,I 75 and Highway 20 81,,Rear End,2,Clear,Dry,Daylight
2024-05-19T17:50:00.000,I 75,I 75 and Highway 20 81,,Sideswipe-Same Direction,3,Clear,Dry,Daylight
2024-04-08T07:43:00.000,I 75,I 75 and Highway 20 81,,Sideswipe-Same Direction,2,Clear,Dry,Daylight
2024-03-28T20:57:00.000,I 75,I 75 and Highway 20 81,,Sideswipe-Same Direction,2,Clear,Dry,Dark-Not Lighted
2024-01-04T13:44:00.000,I 75,I 75 and Highway 20 81,,Angle Crash,2,Clear,Dry,Daylight
2024-06-12T14:01:00.000,I 75,I 75 and Highway 20 81,,Angle Crash,2,Clear,Dry,Daylight
2024-03-24T17:11:00.000,I 75,I 75 and Highway 20 81,,Rear End,4,Clear,Dry,Daylight
2024-06-11T15:22:00.000,I 75,I 75 and Highway 20 81,,Rear End,3,Clear,Dry,Daylight
2024-12-08T12:14:00.000,I 75,I 75 and Highway 20 81,,Angle Crash,2,Cloudy,Dry,Daylight
2024-05-15T16:23:00.000,I 75,I 75 and Highway 20 81,,Rear End,2,Clear,Dry,Daylight
2024-07-23T16:26:00.000,I 75,I 75 and Highway 20 81,,Rear End,2,Rain,Wet,Daylight
2024-03-22T22:55:00.000,I 75,I 75 and Highway 20 81,,Rear End,2,Rain,Wet,Dark-Not Lighted
2024-07-15T16:31:00.000,I 75,I 75 and Highway 20 81,,Rear End,2,Clear,Dry,Daylight
2024-06-11T11:50:00.000,I 75,I 75 and Highway 20 81,,Not a Collision with Motor Vehicle,2,Clear,Dry,Daylight
2024-01-23T12:48:00.000,I 75,I 75 and Highway 20 81,,Sideswipe-Same Direction,2,Cloudy,Dry,Daylight
2024-06-25T15:51:00.000,I 75,I 75 and Highway 20 81,,Sideswipe-Same Direction,2,Clear,Dry,Daylight
2024-06-17T06:17:00.000,I 75,I 75 and Highway 20 81,,Rear End,3,Clear,Dry,Daylight
2024-07-28T13:22:00.000,I 75,I 75 and Highway 20 81,,Rear End,2,Cloudy,Wet,Daylight