Date and Time,Roadway (From Crash Report),Intersection Name (from Crash Report),KABCO Severity,Manner of Collision (Crash Level) ,# of Vehicles per crash ,Weather Conditions (Crash Level),Surface Condition (Crash Level) ,Light Conditions (Crash Level)
2024-02-05T13:52:00.000,I 75,I 75 and Highway 20 81,,Sideswipe-Same Direction,2,Cloudy,Dry,Daylight
2024-10-01T16:35:00.000,I 75,I 75 and Highway 20 81,,Sideswipe-Same Direction,2,Clear,Dry,Daylight
2024-02-12T13:22:00.000,I 75,I 75 and Highway 20 81,,Rear End,2,Rain,Wet,Daylight
2024-06-29T11:11:00.000,I 75,I 75 and Highway 20 81,,Rear End,2,Clear,Dry,Daylight
2024-03-09T12:03:00.000,I 75,I 75 and Highway 20 81,,Rear End,2,Cloudy,Wet,Daylight
2024-06-08T16:42:00.000,I 75,I 75 and Highway 20 81,,Rear End,2,Clear,Dry,Daylight
2024-06-01T15:55:00.000,I 75,I 75 and Highway 20 81,,Sideswipe-Same Direction,2,Cloudy,Dry,Daylight
2024-04-15T00:24:00.000,I 75,I 75 and Highway 20 81,,Not a Collision with Motor Vehicle,1,Clear,Dry,Dark-Not Lighted
2024-02-23T15:06:00.000,I 75,I 75 and Highway 20 81,,Rear End,2,Clear,Dry,Daylight
2024-07-16T15:21:00.000,I 75,I 75 and Highway 20 81,,Rear End,2,Clear,Dry,Daylight
2024-03-21T13:52:00.000,I 75,I 75 and Highway 20 81,,Rear End,2,Clear,Dry,Daylight
2024-01-24T12:31:00.000,I 75,I 75 and Highway 20 81,,Angle Crash,3,Rain,Wet,Daylight
2024-05-10T18:07:00.000,I 75,I 75 and Highway 20 81,,Rear End,2,Clear,Dry,Daylight
2024-06-10T18:20:00.000,I 75,I 75 and Highway 20 81,,Rear End,2,Clear,Dry,Daylight
2024-03-08T18:59:00.000,I 75,I 75 and Highway 20 81,,Rear End,2,Rain,Wet,Dark-Not Lighted
2024-01-21T12:34:00.000,I 75,I 75 and Highway 20 81,,Not a Collision with Motor Vehicle,1,Clear,Dry,Daylight
2024-01-19T13:20:00.000,I 75,I 75 and Highway 20 81,,Sideswipe-Same Direction,2,Clear,Dry,Daylight
2024-10-22T06:40:00.000,I 75,I 75 and Highway 20 81,,Rear End,2,Clear,Dry,Dark-Lighted
2024-05-02T12:19:00.000,I 75,I 75 and Highway 20 81,,Rear End,2,Clear,Dry,Daylight
2024-03-16T13:00:00.000,I 75,I 75 and Highway 20 81,,Rear End,2,Clear,Dry,Daylight
2024-04-11T14:26:00.000,I 75,I 75 and Highway 20 81,,Rear End,3,Clear,Dry,Daylight
2024-12-19T18:55:00.000,I 75,I 75 and Highway 20 81,,Rear End,2,Clear,Dry,Dark-Lighted
2024-11-01T14:10:00.000,I 75,I 75 and Highway 20 81,,Angle Crash,2,Cloudy,Dry,Daylight
2024-09-26T23:13:00.000,I 75,I 75 and Highway 20 81,,Sideswipe-Same Direction,2,Rain,Wet,Dark-Lighted
2024-01-22T17:48:00.000,I 75,I 75 and Highway 20 81,,Rear End,2,Clear,Dry,Dark-Lighted
2024-04-14T08:25:00.000,I 75,I 75 and Highway 20 81,,Not a Collision with Motor Vehicle,1,Clear,Dry,Daylight
2024-09-12T12:36:00.000,I 75,I 75 and Highway 20 81,,Sideswipe-Same Direction,3,Rain,Wet,Daylight
2024-05-16T16:26:00.000,I 75,I 75 and Highway 20 81,,Rear End,2,Clear,Dry,Daylight
2024-10-16T20:13:00.000,I 75,I 75 and Highway 20 81,,Rear End,2,Clear,Dry,Dark-Lighted
2024-08-01T09:28:00.000,I 75,I 75 and Highway 20 81,,Rear End,2,Clear,Dry,Daylight
2024-03-02T12:24:00.000,I 75,I 75 and Highway 20 81,,Not a Collision with Motor Vehicle,1,Cloudy,Dry,Daylight
2024-07-03T12:00:00.000,I 75,I 75 and Highway 20 81,,Rear End,2,Clear,Dry,Daylight
2024-02-03T00:36:00.000,I 75,I 75 and Highway 20 81,,Sideswipe-Same Direction,4,Clear,Dry,Dark-Not Lighted
2024-08-02T14:53:00.000,I 75,I 75 and Highway 20 81,,Sideswipe-Same Direction,2,Clear,Dry,Daylight
2024-02-15T17:10:00.000,I 75,I 75 and Highway 20 81,,Sideswipe-Same Direction,2,Clear,Dry,Daylight
2024-02-15T10:14:00.000,I 75,I 75 and Highway 20 81,,Not a Collision with Motor Vehicle,1,Clear,Dry,Daylight
2023-10-06T11:55:00.000,I 75,I 75 and Highway 20 81,,Rear End,2,Clear,Dry,Daylight
2023-04-02T10:23:00.000,I 75,I 75 and Highway 20 81,,Sideswipe-Same Direction,2,Clear,Dry,Daylight
2023-06-11T12:25:00.000,I 75,I 75 and Highway 20 81,,Sideswipe-Same Direction,2,Cloudy,Wet,Daylight
2023-07-21T17:25:00.000,I 75,I 75 and Highway 20 81,,Sideswipe-Same Direction,2,Clear,Dry,Daylight
2023-11-08T10:30:00.000,I 75,I 75 and Highway 20 81,,Rear End,2,Clear,Dry,Daylight
2024-06-25T17:09:00.000,I 75,I 75 and Highway 20 81,,Rear End,2,Clear,Dry,Daylight
2024-10-03T18:10:00.000,I 75,I 75 and Highway 20 81,,Rear End,2,Clear,Dry,Daylight
2024-08-10T10:00:00.000,I 75,I 75 and Highway 20 81,,Not a Collision with Motor Vehicle,1,Clear,Dry,Daylight
2024-03-24T16:36:00.000,I 75,I 75 and Highway 20 81,,Sideswipe-Same Direction,2,Clear,Dry,Daylight
2024-07-10T12:44:00.000,I 75,I 75 and Highway 20 81,,Not a Collision with Motor Vehicle,1,Clear,Dry,Daylight
2024-05-31T17:13:00.000,I 75,I 75 and Highway 20 81,,Sideswipe-Same Direction,2,Clear,Dry,Daylight
2024-02-20T12:25:00.000,I 75,I 75 and Highway 20 81,,Angle Crash,2,Cloudy,Dry,Daylight
2024-04-26T15:05:00.000,I 75,I 75 and Highway 20 81,,Sideswipe-Same Direction,2,Clear,Dry,Daylight
2024-05-15T16:51:00.000,I 75,I 75 and Highway 20 81,,Rear End,3,Clear,Dry,Daylight
2024-02-29T16:57:00.000,I 75,I 75 and Highway 20 81,,Rear End,2,Clear,Dry,Daylight
2023-03-29T13:14:00.000,I 75,I 75 and Highway 20 81,,Rear End,2,Clear,Dry,Daylight
2023-12-01T13:06:00.000,I 75,I 75 and Highway 20 81,,Rear End,2,Cloudy,Wet,Daylight
2023-01-09T04:33:00.000,I 75,I 75 and Highway 20 81,,Sideswipe-Same Direction,2,Clear,Wet,Dark-Lighted
2023-11-01T15:24:00.000,I 75,I 75 and Highway 20 81,,Rear End,2,Clear,Dry,Daylight
2023-03-12T18:02:00.000,I 75,I 75 and Highway 20 81,,Angle Crash,2,Cloudy,Wet,Daylight
2023-07-19T17:46:00.000,I 75,I 75 and Highway 20 81,,Rear End,2,Clear,Dry,Daylight
2023-01-03T07:16:00.000,I 75,I 75 and Highway 20 81,,Rear End,3,Cloudy,Dry,Dawn
2023-12-08T08:29:00.000,I 75,I 75 and Highway 20 81,,Not a Collision with Motor Vehicle,2,Clear,Dry,Daylight
2023-10-17T08:33:00.000,I 75,I 75 and Highway 20 81,,Rear End,2,Clear,Dry,Daylight
2023-01-22T14:15:00.000,I 75,I 75 and Highway 20 81,,Rear End,2,Rain,Wet,Daylight
2023-10-25T20:30:00.000,I 75,I 75 and Highway 20 81,,Rear End,2,Clear,Dry,Daylight
2023-11-07T17:59:00.000,I 75,I 75 and Highway 20 81,,Rear End,2,Clear,Dry,Dark-Lighted
2023-12-13T19:29:00.000,I 75,I 75 and Highway 20 81,,Rear End,2,Clear,Dry,Daylight
2023-03-08T11:50:00.000,I 75,I 75 and Highway 20 81,,Sideswipe-Same Direction,2,Clear,Dry,Daylight
2023-10-25T15:34:00.000,I 75,I 75 and Highway 20 81,,Rear End,3,Clear,Dry,Daylight
2023-07-26T19:44:00.000,I 75,I 75 and Highway 20 81,,Rear End,3,Clear,Dry,Daylight
2023-07-19T13:27:00.000,I 75,I 75 and Highway 20 81,,Angle Crash,2,Clear,Dry,Daylight
2023-10-23T14:45:00.000,I 75,I 75 and Highway 20 81,,Rear End,2,Clear,Dry,Daylight
2023-12-22T17:27:00.000,I 75,I 75 and Highway 20 81,,Sideswipe-Same Direction,2,Clear,Dry,Dusk
2023-01-16T18:08:00.000,I 75,I 75 and Highway 20 81,,Sideswipe-Same Direction,2,Clear,Dry,Dark-Lighted
2023-01-03T19:10:00.000,I 75,I 75 and Highway 20 81,,Sideswipe-Same Direction,2,Rain,Wet,Dark-Not Lighted
2023-01-12T12:11:00.000,I 75,I 75 and Highway 20 81,,Angle Crash,2,Clear,Dry,Daylight
2023-07-01T10:26:00.000,I 75,I 75 and Highway 20 81,,Rear End,2,Clear,Dry,Daylight
2023-04-02T12:48:00.000,I 75,I 75 and Highway 20 81,,Rear End,2,Clear,Dry,Daylight
2023-04-12T15:19:00.000,I 75,I 75 and Highway 20 81,,Rear End,3,Clear,Dry,Daylight
2023-12-18T18:21:00.000,I 75,I 75 and Highway 20 81,,Sideswipe-Same Direction,2,Clear,Dry,Dark-Not Lighted
2023-09-28T14:47:00.000,I 75,I 75 and Highway 20 81,,Rear End,2,Clear,Dry,Daylight
2023-10-26T17:34:00.000,I 75,I 75 and Highway 20 81,,Sideswipe-Same Direction,2,Clear,Dry,Daylight
2023-09-29T15:53:00.000,I 75,I 75 and Highway 20 81,,Rear End,2,Clear,Dry,Daylight
2023-06-20T22:03:00.000,I 75,I 75 and Highway 20 81,,Rear End,2,Rain,Wet,Dark-Lighted
2023-08-04T22:04:00.000,I 75,I 75 and Highway 20 81,,Sideswipe-Same Direction,2,Rain,Wet,Dark-Lighted
2023-12-13T15:47:00.000,I 75,I 75 and Highway 20 81,,Rear End,2,Clear,Dry,Daylight
2023-11-25T11:49:00.000,I 75,I 75 and Highway 20 81,,Sideswipe-Same Direction,3,Clear,Dry,Daylight
2023-10-12T13:28:00.000,I 75,I 75 and Highway 20 81,,Rear End,2,Clear,Dry,Daylight
2023-12-12T12:00:00.000,I 75,I 75 and Highway 20 81,,Rear End,2,Clear,Dry,Daylight
2023-06-10T13:28:00.000,I 75,I 75 and Highway 20 81,,Rear End,2,Clear,Dry,Daylight
2023-06-14T20:29:00.000,I 75,I 75 and Highway 20 81,,Rear End,2,Rain,Wet,Daylight
2023-06-08T15:58:00.000,I 75,I 75 and Highway 20 81,,Rear End,2,Clear,Dry,Daylight
2023-12-01T18:11:00.000,I 75,I 75 and Highway 20 81,,Sideswipe-Same Direction,2,Clear,Dry,Dark-Not Lighted
2023-08-18T14:16:00.000,I 75,I 75 and Highway 20 81,,Rear End,2,Clear,Dry,Daylight
2023-11-03T04:23:00.000,I 75,I 75 and Highway 20 81,,Not a Collision with Motor Vehicle,1,Clear,Dry,Dark-Not Lighted
2023-01-02T17:56:00.000,I 75,I 75 and Highway 20 81,,Rear End,2,Clear,Dry,Dark-Lighted
2023-01-22T16:57:00.000,I 75,I 75 and Highway 20 81,,Rear End,2,Rain,Wet,Daylight
2023-10-19T15:23:00.000,I 75,I 75 and Highway 20 81,,Sideswipe-Same Direction,2,Clear,Dry,Daylight
2023-06-03T13:26:00.000,I 75,I 75 and Highway 20 81,,Rear End,2,Clear,Dry,Daylight
2023-11-22T15:49:00.000,I 75,I 75 and Highway 20 81,,Rear End,2,Clear,Dry,Daylight
2023-06-22T06:55:00.000,I 75,I 75 and Highway 20 81,,Sideswipe-Same Direction,2,Rain,Wet,Daylight
2023-10-12T07:05:00.000,I 75,I 75 and Highway 20 81,,Rear End,2,Rain,Wet,Dark-Not Lighted
2023-03-20T13:22:00.000,I 75,I 75 and Highway 20 81,,Rear End,2,Clear,Dry,Daylight
2023-09-18T17:28:00.000,I 75,I 75 and Highway 20 81,,Sideswipe-Same Direction,4,Clear,Dry,Daylight
2023-07-26T18:47:00.000,I 75,I 75 and Highway 20 81,,Rear End,2,Clear,Dry,Daylight
2023-07-24T14:57:00.000,I 75,I 75 and Highway 20 81,,Rear End,2,Clear,Dry,Daylight
2023-06-21T12:45:00.000,I 75,I 75 and Highway 20 81,,Rear End,3,Cloudy,Wet,Daylight
2023-01-25T07:13:00.000,I 75,I 75 and Highway 20 81,,Rear End,2,Rain,Water (standing or moving),Dark-Not Lighted
2023-10-11T18:54:00.000,I 75,I 75 and Highway 20 81,,Rear End,2,Rain,Wet,Dark-Lighted
2023-03-16T20:27:00.000,I 75,I 75 and Highway 20 81,,Rear End,2,Clear,Dry,Dark-Not Lighted
2023-06-19T14:00:00.000,I 75,I 75 and Highway 20 81,,Rear End,2,Cloudy,Dry,Daylight
2023-12-03T23:55:00.000,I 75,I 75 and Highway 20 81,,Sideswipe-Same Direction,2,Clear,Dry,Dark-Lighted
2023-02-11T13:48:00.000,I 75,I 75 and Highway 20 81,,Rear End,2,Rain,Wet,Daylight
2023-11-12T19:09:00.000,I 75,I 75 and Highway 20 81,,Sideswipe-Same Direction,2,Clear,Dry,Dark-Lighted
2023-03-13T18:30:00.000,I 75,I 75 and Highway 20 81,,Rear End,2,Clear,Dry,Daylight
2023-10-18T16:51:00.000,I 75,I 75 and Highway 20 81,,Rear End,2,Clear,Dry,Daylight
2023-11-15T12:57:00.000,I 75,I 75 and Highway 20 81,,Angle Crash,2,Cloudy,Dry,Daylight
2023-08-07T12:58:00.000,I 75,I 75 and Highway 20 81,,Not a Collision with Motor Vehicle,2,Clear,Dry,Daylight
2023-05-26T14:25:00.000,I 75,I 75 and Highway 20 81,,Rear End,2,Clear,Dry,Daylight
2023-03-15T08:45:00.000,I 75,I 75 and Highway 20 81,,Sideswipe-Same Direction,2,Clear,Dry,Daylight
2023-03-03T20:55:00.000,I 75,I 75 and Highway 20 81,,Sideswipe-Same Direction,2,Clear,Wet,Dark-Not Lighted
2023-07-24T13:31:00.000,I 75,I 75 and Highway 20 81,,Rear End,2,Clear,Dry,Daylight
2023-11-22T10:58:00.000,I 75,I 75 and Highway 20 81,,Angle Crash,2,Cloudy,Dry,Daylight
2023-11-01T16:14:00.000,I 75,I 75 and Highway 20 81,,Rear End,2,Clear,Dry,Daylight
2023-09-16T15:16:00.000,I 75,I 75 and Highway 20 81,,Head On,5,Cloudy,Wet,Daylight
2023-01-16T15:34:00.000,I 75,I 75 and Highway 20 81,,Rear End,2,Clear,Dry,Daylight
2023-07-27T05:40:00.000,I 75,I 75 and Highway 20 81,,Not a Collision with Motor Vehicle,1,Clear,Dry,Dark-Lighted
2023-12-02T18:12:00.000,I 75,I 75 and Highway 20 81,,Angle Crash,2,Clear,Dry,Dark-Not Lighted
2023-09-01T13:07:00.000,I 75,I 75 and Highway 20 81,,Angle Crash,2,Clear,Dry,Daylight
2023-03-01T13:50:00.000,I 75,I 75 and Highway 20 81,,Sideswipe-Same Direction,2,Clear,Dry,Daylight
2023-05-12T15:24:00.000,I 75,I 75 and Highway 20 81,,Rear End,2,Cloudy,Wet,Daylight
2023-03-21T07:07:00.000,I 75,I 75 and Highway 20 81,,Rear End,2,Clear,Dry,Dark-Not Lighted
2023-09-07T15:09:00.000,I 75,I 75 and Highway 20 81,,Angle Crash,2,Clear,Dry,Daylight
2023-08-29T17:15:00.000,I 75,I 75 and Highway 20 81,,Not a Collision with Motor Vehicle,1,Rain,Wet,Daylight
2023-02-28T21:40:00.000,I 75,I 75 and Highway 20 81,,Sideswipe-Same Direction,2,Clear,Dry,Dark-Lighted
2023-12-12T15:58:00.000,I 75,I 75 and Highway 20 81,,Rear End,2,Clear,Dry,Daylight
2023-02-23T12:37:00.000,I 75,I 75 and Highway 20 81,,Rear End,2,Cloudy,Dry,Daylight
2023-08-06T19:50:00.000,I 75,I 75 and Highway 20 81,,Not a Collision with Motor Vehicle,1,Rain,Wet,Daylight
2023-01-24T13:44:00.000,I 75,I 75 and Highway 20 81,,Angle Crash,2,Cloudy,Dry,Daylight
2023-02-15T00:30:00.000,I 75,I 75 and Highway 20 81,,Rear End,2,Clear,Dry,Dark-Not Lighted
2023-04-20T14:00:00.000,I 75,I 75 and Highway 20 81,,Rear End,2,Clear,Dry,Daylight
2024-04-09T08:18:00.000,I 75,I 75 and Highway 20 81,,Rear End,3,Cloudy,Wet,Daylight
2024-10-17T13:00:00.000,I 75,I 75 and Highway 20 81,,Rear End,2,Clear,Dry,Daylight
2024-11-22T19:14:00.000,I 75,I 75 and Highway 20 81,,Rear End,2,Clear,Dry,Daylight
2024-03-31T13:42:00.000,I 75,I 75 and Highway 20 81,,Rear End,2,Clear,Dry,Daylight
2024-12-05T10:45:00.000,I 75,I 75 and Highway 20 81,,Rear End,2,Clear,Dry,Daylight
2024-06-29T11:34:00.000,I 75,I 75 and Highway 20 81,,Angle Crash,2,Clear,Dry,Daylight
2024-03-20T15:24:00.000,I 75,I 75 and Highway 20 81,,Sideswipe-Same Direction,2,Clear,Dry,Daylight
2024-09-19T17:11:00.000,I 75,I 75 and Highway 20 81,,Rear End,3,Clear,Dry,Daylight
2024-07-18T17:16:00.000,I 75,I 75 and Highway 20 81,,Rear End,2,Cloudy,Wet,Daylight
2024-12-16T18:35:00.000,I 75,I 75 and Highway 20 81,,Rear End,2,Clear,Dry,Dark-Lighted
2024-06-14T19:18:00.000,I 75,I 75 and Highway 20 81,,Rear End,2,Clear,Dry,Daylight
2024-10-17T20:28:00.000,I 75,I 75 and Highway 20 81,,Angle Crash,2,Clear,Dry,Dark-Not Lighted
2024-08-30T02:19:00.000,I 75,I 75 and Highway 20 81,,Rear End,2,Clear,Dry,Dark-Not Lighted
2024-11-21T19:40:00.000,I 75,I 75 and Highway 20 81,,Rear End,2,Clear,Dry,Dark-Not Lighted
2024-01-08T15:52:00.000,I 75,I 75 and Highway 20 81,,Rear End,2,Cloudy,Dry,Daylight
2024-10-03T12:44:00.000,I 75,I 75 and Highway 20 81,,Rear End,2,Clear,Dry,Daylight
2024-02-28T23:37:00.000,I 75,I 75 and Highway 20 81,,Angle Crash,2,Clear,Dry,Dark-Lighted
2024-09-20T13:48:00.000,I 75,I 75 and Highway 20 81,,Rear End,2,Clear,Dry,Daylight
2024-01-26T17:31:00.000,I 75,I 75 and Highway 20 81,,Sideswipe-Same Direction,2,Cloudy,Dry,Daylight
2024-06-22T16:48:00.000,I 75,I 75 and Highway 20 81,,Angle Crash,2,Clear,Dry,Daylight
2024-12-28T10:50:00.000,I 75,I 75 and Highway 20 81,,Rear End,2,Fog,Wet,Daylight
2024-05-23T15:45:00.000,I 75,I 75 and Highway 20 81,,Rear End,2,Clear,Dry,Daylight
2024-05-03T18:43:00.000,I 75,I 75 and Highway 20 81,,Rear End,3,Clear,Dry,Daylight
2024-06-19T16:52:00.000,I 75,I 75 and Highway 20 81,,Rear End,2,Clear,Dry,Daylight
2024-06-20T11:34:00.000,I 75,I 75 and Highway 20 81,,Sideswipe-Same Direction,2,Clear,Dry,Daylight
2024-07-26T17:24:00.000,I 75,I 75 and Highway 20 81,,Rear End,2,Clear,Dry,Daylight
2024-05-17T18:04:00.000,I 75,I 75 and Highway 20 81,,Rear End,2,Clear,Dry,Dark-Lighted
2024-03-24T17:45:00.000,I 75,I 75 and Highway 20 81,,Rear End,2,Clear,Dry,Daylight
2024-03-28T07:30:00.000,I 75,I 75 and Highway 20 81,,Not a Collision with Motor Vehicle,1,Clear,Dry,Daylight
2024-08-30T10:55:00.000,I 75,I 75 and Highway 20 81,,Rear End,2,Clear,Dry,Daylight
2024-05-29T22:46:00.000,I 75,I 75 and Highway 20 81,,Rear End,3,Clear,Dry,Dark-Lighted
2024-12-12T14:06:00.000,I 75,I 75 and Highway 20 81,,Not a Collision with Motor Vehicle,1,Clear,Dry,Daylight
2024-11-27T15:49:00.000,I 75,I 75 and Highway 20 81,,Sideswipe-Same Direction,3,Clear,Dry,Daylight
2024-03-21T16:48:00.000,I 75,I 75 and Highway 20 81,,Rear End,2,Clear,Dry,Daylight
2024-05-21T15:30:00.000,I 75,I 75 and Highway 20 81,,Sideswipe-Same Direction,2,Clear,Dry,Daylight
2024-05-06T21:09:00.000,I 75,I 75 and Highway 20 81,,Rear End,2,Clear,Dry,Dark-Lighted
2024-06-23T14:23:00.000,I 75,I 75 and Highway 20 81,,Rear End,2,Clear,Dry,Daylight
2024-06-25T07:43:00.000,I 75,I 75 and Highway 20 81,,Rear End,2,Clear,Dry,Daylight
2024-12-31T16:59:00.000,I 75,I 75 and Highway 20 81,,Rear End,2,Clear,Dry,Dark-Not Lighted
2024-11-23T15:31:00.000,I 75,I 75 and Highway 20 81,,Rear End,2,Clear,Dry,Daylight
2024-03-24T15:46:00.000,I 75,I 75 and Highway 20 81,,Rear End,2,Clear,Dry,Daylight
2024-04-09T07:45:00.000,I 75,I 75 and Highway 20 81,,Rear End,3,Cloudy,Dry,Daylight
2024-07-27T14:37:00.000,I 75,I 75 and Highway 20 81,,Rear End,3,Cloudy,Dry,Daylight
2024-06-01T13:25:00.000,I 75,I 75 and Highway 20 81,,Rear End,2,Cloudy,Dry,Daylight
2024-05-03T12:40:00.000,I 75,I 75 and Highway 20 81,,Rear End,2,Clear,Dry,Daylight
2024-12-04T13:05:00.000,I 75,I 75 and Highway 20 81,,Sideswipe-Same Direction,2,Clear,Dry,Daylight
2024-05-02T16:30:00.000,I 75,I 75 and Highway 20 81,,Sideswipe-Same Direction,2,Clear,Dry,Daylight
2024-04-02T05:54:00.000,I 75,I 75 and Highway 20 81,,Rear End,2,Clear,Dry,Dark-Lighted
2024-03-26T20:47:00.000,I 75,I 75 and Highway 20 81,,Sideswipe-Same Direction,2,Rain,Wet,Dark-Not Lighted
2024-06-18T17:07:00.000,I 75,I 75 and Highway 20 81,,Rear End,2,Clear,Dry,Daylight
2024-03-01T18:54:00.000,I 75,I 75 and Highway 20 81,,Rear End,2,Rain,Wet,Dark-Not Lighted
2024-03-01T11:51:00.000,I 75,I 75 and Highway 20 81,,Rear End,2,Cloudy,Dry,Daylight
2024-05-14T17:11:00.000,I 75,I 75 and Highway 20 81,,Rear End,2,Clear,Dry,Daylight
2024-03-31T21:28:00.000,I 75,I 75 and Highway 20 81,,Rear End,2,Clear,Dry,Dark-Lighted
2024-01-17T01:28:00.000,I 75,I 75 and Highway 20 81,,Not a Collision with Motor Vehicle,1,Cloudy,Dry,Dark-Lighted
2024-08-31T14:03:00.000,I 75,I 75 and Highway 20 81,,Rear End,2,Clear,Dry,Daylight
2024-03-17T17:04:00.000,I 75,I 75 and Highway 20 81,,Rear End,2,Rain,Wet,Daylight
2024-11-22T17:11:00.000,I 75,I 75 and Highway 20 81,,Rear End,2,Clear,Dry,Daylight
2024-02-28T22:47:00.000,I 75,I 75 and Highway 20 81,,Rear End,2,Clear,Dry,Dark-Lighted
2024-12-16T15:15:00.000,I 75,I 75 and Highway 20 81,,Rear End,2,Clear,Dry,Daylight
2024-01-24T12:31:00.000,I 75,I 75 and Highway 20 81,,Sideswipe-Same Direction,2,Rain,Wet,Daylight
2024-08-02T06:13:00.000,I 75,I 75 and Highway 20 81,,Rear End,2,Clear,Dry,Dark-Lighted
2024-03-22T17:15:00.000,I 75,I 75 and Highway 20 81,,Rear End,2,Rain,Wet,Daylight
2024-05-01T05:01:00.000,I 75,I 75 and Highway 20 81,,Sideswipe-Same Direction,2,Clear,Dry,Dark-Lighted
2024-09-21T06:00:00.000,I 75,I 75 and Highway 20 81,,Rear End,2,Clear,Dry,Dark-Lighted
2024-07-03T21:33:00.000,I 75,I 75 and Highway 20 81,,Sideswipe-Same Direction,2,Clear,Dry,Dark-Lighted
2024-07-29T18:11:00.000,I 75,I 75 and Highway 20 81,,Rear End,2,Rain,Wet,Daylight
2024-09-28T18:16:00.000,I 75,I 75 and Highway 20 81,,Rear End,2,Clear,Dry,Daylight
2024-09-20T12:41:00.000,I 75,I 75 and Highway 20 81,,Rear End,2,Clear,Dry,Daylight
2024-03-14T08:31:00.000,I 75,I 75 and Highway 20 81,,Sideswipe-Same Direction,2,Clear,Dry,Daylight
2024-08-18T16:01:00.000,I 75,I 75 and Highway 20 81,,Rear End,3,Rain,Wet,Daylight
2024-02-29T15:01:00.000,I 75,I 75 and Highway 20 81,,Rear End,2,Cloudy,Dry,Daylight
2024-11-20T15:17:00.000,I 75,I 75 and Highway 20 81,,Rear End,2,Clear,Dry,Daylight
2024-04-14T13:27:00.000,I 75,I 75 and Highway 20 81,,Rear End,2,Clear,Dry,Daylight
2024-05-07T12:25:00.000,I 75,I 75 and Highway 20 81,,Rear End,2,Clear,Dry,Daylight
2024-05-31T09:16:00.000,I 75,I 75 and Highway 20 81,,Sideswipe-Same Direction,2,Cloudy,Dry,Daylight
2024-05-01T13:51:00.000,I 75,I 75 and Highway 20 81,,Rear End,2,Clear,Dry,Daylight
2024-05-13T11:45:00.000,I 75,I 75 and Highway 20 81,,Rear End,2,Cloudy,Dry,Daylight
2024-11-13T19:00:00.000,I 75,I 75 and Highway 20 81,,Not a Collision with Motor Vehicle,1,Clear,Dry,Dark-Not Lighted
2024-07-05T18:05:00.000,I 75,I 75 and Highway 20 81,,Rear End,2,Clear,Dry,Dawn
2024-09-20T19:40:00.000,I 75,I 75 and Highway 20 81,,Rear End,2,Clear,Dry,Daylight
2024-04-11T13:24:00.000,I 75,I 75 and Highway 20 81,,Sideswipe-Opposite Direction,2,Clear,Dry,Daylight
2024-04-16T06:44:00.000,I 75,I 75 and Highway 20 81,,Rear End,3,Clear,Dry,Daylight
2024-11-22T15:23:00.000,I 75,I 75 and Highway 20 81,,Sideswipe-Same Direction,2,Clear,Dry,Daylight
2024-04-21T18:25:00.000,I 75,I 75 and Highway 20 81,,Sideswipe-Same Direction,2,Clear,Dry,Daylight
2024-03-09T13:16:00.000,I 75,I 75 and Highway 20 81,,Sideswipe-Same Direction,2,Cloudy,Wet,Daylight
2024-10-21T23:52:00.000,I 75,I 75 and Highway 20 81,,Rear End,2,Clear,Dry,Dark-Lighted
2024-07-07T12:29:00.000,I 75,I 75 and Highway 20 81,,Rear End,2,Clear,Dry,Daylight
2024-03-06T14:50:00.000,I 75,I 75 and Highway 20 81,,Not a Collision with Motor Vehicle,2,Clear,Dry,Daylight
2024-08-31T20:48:00.000,I 75,I 75 and Highway 20 81,,Sideswipe-Same Direction,2,Clear,Dry,Dawn
2024-03-17T12:04:00.000,I 75,I 75 and Highway 20 81,,Sideswipe-Same Direction,2,Clear,Dry,Daylight
2024-08-27T19:55:00.000,I 75,I 75 and Highway 20 81,,Sideswipe-Same Direction,2,Clear,Dry,Daylight
2024-12-16T14:50:00.000,I 75,I 75 and Highway 20 81,,Rear End,2,Clear,Dry,Daylight
2024-04-01T12:58:00.000,I 75,I 75 and Highway 20 81,,Sideswipe-Same Direction,2,Cloudy,Dry,Daylight
2024-02-05T17:30:00.000,I 75,I 75 and Highway 20 81,,Rear End,2,Clear,Dry,Daylight
2024-04-04T20:22:00.000,I 75,I 75 and Highway 20 81,,Rear End,2,Clear,Dry,Dark-Lighted
2024-04-29T16:55:00.000,I 75,I 75 and Highway 20 81,,Rear End,2,Clear,Dry,Daylight
2024-11-27T11:36:00.000,I 75,I 75 and Highway 20 81,,Rear End,2,Clear,Dry,Daylight
2024-10-02T12:52:00.000,I 75,I 75 and Highway 20 81,,Angle Crash,2,Clear,Dry,Daylight
2024-04-14T13:27:00.000,I 75,I 75 and Highway 20 81,,Rear End,2,Clear,Dry,Daylight