Date and Time,Roadway (From Crash Report),Intersection Name (from Crash Report),KABCO Severity,Manner of Collision (Crash Level) ,# of Vehicles per crash ,Weather Conditions (Crash Level),Surface Condition (Crash Level) ,Light Conditions (Crash Level)
2024-08-18T16:01:00.000,I 75,I 75 and Highway 20 81,,Rear End,3,Rain,Wet,Daylight
2024-04-03T22:15:00.000,I 75,I 75 and Highway 20 81,,Rear End,2,Clear,Dry,Dark-Not Lighted
2024-07-02T05:26:00.000,I 75,I 75 and Highway 20 81,,Rear End,2,Clear,Dry,Dark-Not Lighted
2024-04-19T16:50:00.000,I 75,I 75 and Highway 20 81,,Sideswipe-Same Direction,2,Clear,Dry,Daylight
2024-02-20T16:41:00.000,I 75,I 75 and Highway 20 81,,Rear End,3,Clear,Dry,Daylight
2024-04-19T23:15:00.000,I 75,I 75 and Highway 20 81,,Angle Crash,2,Clear,Dry,Dark-Lighted
2024-11-26T12:45:00.000,I 75,I 75 and Highway 20 81,,Rear End,2,Cloudy,Dry,Daylight
2024-02-03T19:01:00.000,I 75,I 75 and Highway 20 81,,Rear End,2,Cloudy,Wet,Dark-Lighted
2024-03-06T15:02:00.000,I 75,I 75 and Highway 20 81,,Rear End,2,Clear,Dry,Daylight
2024-01-25T20:18:00.000,I 75,I 75 and Highway 20 81,,Sideswipe-Same Direction,2,Clear,Water (standing or moving),Dark-Lighted
2024-12-28T10:52:00.000,I 75,I 75 and Highway 20 81,,Rear End,3,Fog,Wet,Daylight
2024-10-25T15:20:00.000,I 75,I 75 and Highway 20 81,,Sideswipe-Same Direction,2,Clear,Dry,Daylight
2024-12-20T13:53:00.000,I 75,I 75 and Highway 20 81,,Sideswipe-Same Direction,2,Clear,Dry,Dark-Lighted
2024-05-10T06:00:00.000,I 75,I 75 and Highway 20 81,,Not a Collision with Motor Vehicle,1,Rain,Wet,Dark-Not Lighted
2024-03-01T19:07:00.000,I 75,I 75 and Highway 20 81,,Rear End,4,Rain,Wet,Dark-Not Lighted
2024-12-17T17:12:00.000,I 75,I 75 and Highway 20 81,,Rear End,2,Clear,Dry,Daylight
2024-02-27T22:13:00.000,I 75,I 75 and Highway 20 81,,Sideswipe-Same Direction,2,Clear,Dry,Dark-Lighted
2024-04-12T21:31:00.000,I 75,I 75 and Highway 20 81,,Sideswipe-Same Direction,2,Clear,Dry,Dark-Lighted
2024-12-17T18:15:00.000,I 75,I 75 and Highway 20 81,,Sideswipe-Same Direction,2,Clear,Dry,Dark-Not Lighted
2024-08-27T21:30:00.000,I 75,I 75 and Highway 20 81,,Rear End,2,Clear,Dry,Dark-Not Lighted
2024-08-27T19:43:00.000,I 75,I 75 and Highway 20 81,,Sideswipe-Same Direction,2,Clear,Dry,Daylight
2024-03-07T18:10:00.000,I 75,I 75 and Highway 20 81,,Rear End,3,Clear,Dry,Daylight
2024-11-27T16:35:00.000,I 75,I 75 and Highway 20 81,,Rear End,2,Clear,Dry,Daylight
2024-03-02T13:17:00.000,I 75,I 75 and Highway 20 81,,Rear End,2,Cloudy,Dry,Daylight
2024-07-26T21:25:00.000,I 75,I 75 and Highway 20 81,,Rear End,2,Clear,Wet,Dark-Lighted
2024-01-30T14:34:00.000,I 75,I 75 and Highway 20 81,,Sideswipe-Same Direction,2,Clear,Dry,Daylight
2024-07-13T09:10:00.000,I 75,I 75 and Highway 20 81,,Rear End,2,Clear,Dry,Daylight
2024-11-03T05:36:00.000,I 75,I 75 and Highway 20 81,,Angle Crash,2,Clear,Dry,Dark-Not Lighted
2024-01-05T18:30:00.000,I 75,I 75 and Highway 20 81,,Rear End,2,Clear,Dry,Dark-Not Lighted
2024-10-11T12:25:00.000,I 75,I 75 and Highway 20 81,,Sideswipe-Same Direction,2,Clear,Dry,Daylight
2024-09-26T12:39:00.000,I 75,I 75 and Highway 20 81,,Sideswipe-Same Direction,2,Rain,Wet,Daylight
2024-11-01T14:38:00.000,I 75,I 75 and Highway 20 81,,Sideswipe-Same Direction,2,Clear,Dry,Daylight
2024-05-10T12:45:00.000,I 75,I 75 and Highway 20 81,,Rear End,3,Clear,Dry,Daylight
2024-08-27T09:02:00.000,I 75,I 75 and Highway 20 81,,Sideswipe-Same Direction,2,Clear,Dry,Daylight
2024-04-20T12:30:00.000,I 75,I 75 and Highway 20 81,,Rear End,2,Clear,Dry,Daylight
2024-03-15T16:16:00.000,I 75,I 75 and Highway 20 81,,Rear End,2,Cloudy,Wet,Daylight
2024-04-25T16:34:00.000,I 75,I 75 and Highway 20 81,,Rear End,2,Clear,Dry,Daylight
2024-04-16T14:35:00.000,I 75,I 75 and Highway 20 81,,Sideswipe-Same Direction,2,Clear,Dry,Daylight
2024-10-02T15:20:00.000,I 75,I 75 and Highway 20 81,,Sideswipe-Same Direction,2,Clear,Dry,Daylight
2024-12-20T19:01:00.000,I 75,I 75 and Highway 20 81,,Rear End,2,Clear,Dry,Dark-Lighted
2024-07-21T13:36:00.000,I 75,I 75 and Highway 20 81,,Rear End,3,Rain,Wet,Daylight
2024-06-07T17:14:00.000,I 75,I 75 and Highway 20 81,,Rear End,3,Clear,Dry,Daylight
2024-01-24T14:02:00.000,I 75,I 75 and Highway 20 81,,Not a Collision with Motor Vehicle,1,Clear,Dry,Daylight
2024-06-22T11:13:00.000,I 75,I 75 and Highway 20 81,,Rear End,2,Clear,Dry,Daylight
2024-03-26T08:30:00.000,I 75,I 75 and Highway 20 81,,Rear End,2,Cloudy,Dry,Daylight
2024-02-15T18:11:00.000,I 75,I 75 and Highway 20 81,,Sideswipe-Same Direction,2,Clear,Dry,Dark-Lighted
2024-06-28T08:47:00.000,I 75,I 75 and Highway 20 81,,Sideswipe-Same Direction,2,Cloudy,Wet,Daylight
2024-02-28T07:32:00.000,I 75,I 75 and Highway 20 81,,Rear End,2,Cloudy,Dry,Daylight
2024-06-29T19:51:00.000,I 75,I 75 and Highway 20 81,,Angle Crash,2,Clear,Dry,Daylight
2024-01-09T06:49:00.000,I 75,I 75 and Highway 20 81,,Not a Collision with Motor Vehicle,1,Rain,Wet,Dark-Not Lighted
2024-08-26T18:02:00.000,I 75,I 75 and Highway 20 81,,Rear End,2,Clear,Dry,Daylight
2024-04-30T16:47:00.000,I 75,I 75 and Highway 20 81,,Rear End,2,Clear,Dry,Daylight
2024-04-16T15:00:00.000,I 75,I 75 and Highway 20 81,,Rear End,2,Clear,Dry,Daylight
2024-04-22T06:47:00.000,I 75,I 75 and Highway 20 81,,Sideswipe-Same Direction,2,Clear,Dry,Dawn
2024-05-13T17:33:00.000,I 75,I 75 and Highway 20 81,,Rear End,2,Cloudy,Dry,Daylight
2024-11-23T09:56:00.000,I 75,I 75 and Highway 20 81,,Rear End,2,Clear,Dry,Daylight
2024-04-11T15:10:00.000,I 75,I 75 and Highway 20 81,,Rear End,2,Cloudy,Dry,Daylight
2024-03-05T14:48:00.000,I 75,I 75 and Highway 20 81,,Rear End,2,Rain,Wet,Daylight
2024-10-20T17:45:00.000,I 75,I 75 and Highway 20 81,,Rear End,2,Clear,Dry,Daylight
2024-06-01T15:18:00.000,I 75,I 75 and Highway 20 81,,Rear End,3,Cloudy,Dry,Daylight
2024-05-03T20:17:00.000,I 75,I 75 and Highway 20 81,,Rear End,2,Clear,Dry,Daylight
2024-12-13T06:31:00.000,I 75,I 75 and Highway 20 81,,Sideswipe-Same Direction,2,Clear,Dry,Daylight
2021-10-24T06:02:00.000,I 75,I 75 and Highway 20  81,,Rear End,3,Clear,Dry,Dark-Lighted
2021-10-24T06:03:00.000,I 75,I 75 and Highway 20  81,,Not a Collision with Motor Vehicle,1,Clear,Dry,Dark-Lighted
2020-01-10T17:47:00.000,I 75,I 75 and Highway 20,,Sideswipe-Same Direction,2,Clear,Dry,Dark-Lighted
2020-01-26T00:30:00.000,I 75,I 75 and Highway 20,,Rear End,2,Clear,Dry,Dark-Lighted
2020-02-14T05:57:00.000,I 75,I 75 and Highway 20,,Rear End,2,Clear,Dry,Dark-Lighted
2020-05-19T17:05:00.000,I 75,I 75 and Highway 20,,Rear End,2,Cloudy,Dry,Daylight
2021-10-30T06:17:00.000,I 75,I 75 and Highway 20,,Not a Collision with Motor Vehicle,1,Rain,Wet,Dark-Not Lighted
2021-10-28T13:27:00.000,I 75,I 75 and Highway 20,,Rear End,2,Clear,Wet,Daylight
2022-03-07T18:31:00.000,I 75,I 75 and Highway 20,,Sideswipe-Same Direction,2,Clear,Wet,Daylight
2022-03-29T15:25:00.000,I 75,I 75 and Highway 20,,Sideswipe-Same Direction,2,Clear,Dry,Daylight
2022-07-11T23:42:00.000,I 75,I 75 and Highway 20,,Angle Crash,2,Rain,Wet,Dark-Not Lighted
2022-05-04T15:41:00.000,I 75,I 75 and Highway 20,,Rear End,2,Clear,Dry,Daylight
2023-07-14T21:53:00.000,I 75,I 75 and Highway 20,,Rear End,2,Cloudy,Wet,Dark-Not Lighted
2024-04-29T17:14:00.000,I 75,I 75 and Highway 20,,Sideswipe-Same Direction,2,Clear,Dry,Daylight
2024-08-21T14:19:00.000,I 75,I 75 and Highway 20,,Not a Collision with Motor Vehicle,1,Clear,Dry,Daylight
2022-08-25T07:13:00.000,I 75,I 75 and Highway 18 Opas,,Angle Crash,2,Rain,Wet,Daylight
2022-03-14T16:18:00.000,I 75,I 75 and Highway 18 Harold G. Clarke Pkwy,,Sideswipe-Same Direction,2,Clear,Dry,Daylight
2023-07-07T05:40:00.000,I 75,I 75 and Highway 166 Opas,,Not a Collision with Motor Vehicle,2,Clear,Dry,Dark-Lighted
2023-01-12T06:30:00.000,I 75,I 75 and Highway 166 Opas,,Sideswipe-Same Direction,2,Cloudy,Dry,Daylight
2023-06-22T06:40:00.000,I 75,I 75 and Highway 166 Opas,,Rear End,2,Rain,Wet,Dark-Lighted
2021-12-30T09:45:00.000,I 75,I 75 and Highway 166 Opas,,Rear End,3,Rain,Wet,Daylight
2022-01-22T15:02:00.000,I 75,I 75 and Highway 166,,Sideswipe-Same Direction,3,Clear,Dry,Daylight
2020-07-04T14:14:00.000,I 75,I 75 and Highway 16 Opas,,Not a Collision with Motor Vehicle,1,Clear,Dry,Daylight
2021-01-14T18:22:00.000,I 75,I 75 and Highway 16,,Sideswipe-Same Direction,2,Clear,Dry,Dark-Not Lighted
2021-12-30T19:51:00.000,I 75,I 75 and Highway 16,,Rear End,2,Clear,Wet,Dark-Not Lighted
2021-08-06T06:43:00.000,I 75,I 75 and Highway 16,,Rear End,2,Clear,Dry,Dawn
2021-09-11T05:19:00.000,I 75,I 75 and Highway 16,,Sideswipe-Same Direction,2,Clear,Dry,Dusk
2023-04-25T15:36:00.000,I 75,I 75 and Highway 16,,Rear End,2,Clear,Dry,Daylight
2023-05-12T06:02:00.000,I 75,I 75 and Highway 16,,Sideswipe-Same Direction,2,Rain,Wet,Dawn
2020-09-19T15:33:00.000,I 75,I 75 and Highway 16,,Rear End,2,Clear,Dry,Daylight
2020-07-29T19:27:00.000,I 75,I 75 and Highway 16,,Not a Collision with Motor Vehicle,1,Rain,Snow,Daylight
2020-09-22T21:44:00.000,I 75,I 75 and Highway 16,,Rear End,2,Clear,Dry,Dark-Lighted
2020-07-06T17:10:00.000,I 75,I 75 and Highway 16,,Rear End,2,Cloudy,Wet,Daylight
2020-07-17T18:11:00.000,I 75,I 75 and Highway 16,,Rear End,2,Clear,Dry,Daylight
2021-06-04T08:35:00.000,I 75,I 75 and Highway 16,,Rear End,2,Clear,Dry,Daylight
2021-04-30T18:15:00.000,I 75,I 75 and Highway 16,,Sideswipe-Same Direction,2,Clear,Dry,Daylight
2021-07-12T06:27:00.000,I 75,I 75 and Highway 16,,Sideswipe-Same Direction,2,Cloudy,Dry,Dark-Not Lighted
2021-12-27T14:39:00.000,I 75,I 75 and Highway 16,,Rear End,2,Cloudy,Dry,Daylight
2022-04-25T11:15:00.000,I 75,I 75 and Highway 16,,Rear End,2,Clear,Dry,Daylight
2022-01-03T15:25:00.000,I 75,I 75 and Highway 16,,Rear End,2,Clear,Dry,Daylight
2022-05-26T00:11:00.000,I 75,I 75 and Highway 16,,Rear End,3,Clear,Dry,Dark-Not Lighted
2022-01-12T23:58:00.000,I 75,I 75 and Highway 16,,Rear End,2,Clear,Dry,Dark-Lighted
2022-09-05T16:48:00.000,I 75,I 75 and Highway 16,,Rear End,2,Clear,Dry,Daylight
2022-05-27T00:09:00.000,I 75,I 75 and Highway 16,,Rear End,2,Rain,Wet,Dark-Not Lighted
2022-01-02T17:13:00.000,I 75,I 75 and Highway 16,,Rear End,2,Cloudy,Wet,Daylight
2022-05-22T00:00:00.000,I 75,I 75 and Highway 16,,Sideswipe-Same Direction,2,Clear,Dry,Dark-Lighted
2022-01-02T15:20:00.000,I 75,I 75 and Highway 16,,Not a Collision with Motor Vehicle,1,Cloudy,Wet,Daylight
2022-09-06T15:50:00.000,I 75,I 75 and Highway 16,,Rear End,2,Clear,Dry,Daylight
2022-05-27T01:20:00.000,I 75,I 75 and Highway 16,,Rear End,2,Rain,Wet,Dark-Lighted
2024-11-25T14:30:00.000,I 75,I 75 and Highway 16,,Rear End,2,Clear,Dry,Daylight
2024-09-03T00:08:00.000,I 75,I 75 and Highway 16,,Sideswipe-Same Direction,1,Clear,Dry,Dark-Not Lighted
2024-07-02T17:17:00.000,I 75,I 75 and Highway 16,,Rear End,2,Clear,Dry,Daylight
2024-10-15T08:47:00.000,I 75,I 75 and Highway 16,,Rear End,2,Clear,Dry,Daylight
2023-01-04T15:51:00.000,I 75,I 75 and Highway 16,,Sideswipe-Same Direction,2,Cloudy,Wet,Daylight
2023-03-22T07:20:00.000,I 75,I 75 and Highway 16,,Rear End,2,Cloudy,Dry,Daylight
2024-05-30T06:07:00.000,I 75,I 75 and Highway 16,,Sideswipe-Same Direction,2,Clear,Dry,Dawn
2024-11-07T06:42:00.000,I 75,I 75 and Highway 16,,Rear End,2,Rain,Wet,Dark-Lighted
2024-11-22T14:10:00.000,I 75,I 75 and Highway 16,,Rear End,2,Clear,Dry,Daylight
2024-01-29T08:15:00.000,I 75,I 75 and Highway 16,,Sideswipe-Same Direction,2,Clear,Dry,Daylight
2024-08-28T07:59:00.000,I 75,I 75 and Highway 16,,Rear End,2,Clear,Dry,Daylight
2024-09-08T13:15:00.000,I 75,I 75 and Highway 16,,Sideswipe-Same Direction,2,Clear,Dry,Daylight
2024-05-28T17:37:00.000,I 75,I 75 and Highway 16,,Rear End,2,Clear,Dry,Daylight
2024-11-09T09:58:00.000,I 75,I 75 and Highway 16,,Not a Collision with Motor Vehicle,1,Cloudy,Dry,Daylight
2024-12-28T12:16:00.000,I 75,I 75 and Highway 16,,Rear End,2,Cloudy,Wet,Daylight
2024-06-19T15:40:00.000,I 75,I 75 and Highway 159,,Sideswipe-Same Direction,2,Clear,Dry,Daylight
2024-09-10T06:55:00.000,I 75,I 75 and Highway 159,,Rear End,2,Clear,Dry,Daylight
2020-07-09T08:20:00.000,I 75,I 75 and Highway 156,,Rear End,2,Clear,Dry,Daylight
2022-07-12T16:09:00.000,I 75,I 75 and Highway 156,,Rear End,2,Clear,Dry,Daylight
2024-06-15T04:47:00.000,I 75,I 75 and Highway 156,,Sideswipe-Same Direction,2,Clear,Dry,Dark-Lighted
2022-08-20T05:30:00.000,I 75,I 75 and Highway 155 S Mm 216,,Not a Collision with Motor Vehicle,1,Clear,Dry,Dark-Not Lighted
2023-04-06T05:45:00.000,I 75,I 75 and Highway 155 S Mm 216,,Sideswipe-Same Direction,2,Clear,Dry,Dark-Not Lighted
2023-10-31T17:14:00.000,I 75,I 75 and Highway 155 S Mile Marker 216,,Sideswipe-Same Direction,2,Clear,Dry,Daylight
2022-09-02T13:19:00.000,I 75,I 75 and Highway 155 S Exit 216,,Angle Crash,2,Cloudy,Dry,Daylight
2024-07-21T14:56:00.000,I 75,I 75 and Highway 155 S Exit 216,,Rear End,2,Cloudy,Dry,Daylight
2021-02-13T18:35:00.000,I 75,I 75 and Highway 155,,Not a Collision with Motor Vehicle,1,Rain,Wet,Dark-Not Lighted
2021-06-25T12:28:00.000,I 75,I 75 and Highway 155,,Rear End,2,Clear,Dry,Daylight
2021-01-25T09:06:00.000,I 75,I 75 and Highway 155,,Not a Collision with Motor Vehicle,1,Cloudy,Dry,Daylight
2021-01-27T18:45:00.000,I 75,I 75 and Highway 155,,Not a Collision with Motor Vehicle,1,Rain,Wet,Dark-Lighted
2021-03-19T20:05:00.000,I 75,I 75 and Highway 155,,Not a Collision with Motor Vehicle,2,Clear,Dry,Dark-Lighted
2021-10-05T15:07:00.000,I 75,I 75 and Highway 155,,Not a Collision with Motor Vehicle,1,Cloudy,Wet,Daylight
2021-10-15T15:16:00.000,I 75,I 75 and Highway 155,,Rear End,2,Clear,Dry,Daylight
2021-12-08T15:52:00.000,I 75,I 75 and Highway 155,,Rear End,2,Clear,Dry,Daylight
2021-12-20T14:54:00.000,I 75,I 75 and Highway 155,,Rear End,2,Clear,Dry,Daylight
2021-12-09T14:20:00.000,I 75,I 75 and Highway 155,,Rear End,3,Clear,Dry,Daylight
2021-12-26T09:21:00.000,I 75,I 75 and Highway 155,,Sideswipe-Same Direction,3,Clear,Dry,Daylight
2021-09-08T15:29:00.000,I 75,I 75 and Highway 155,,Rear End,2,Clear,Dry,Daylight
2021-09-11T19:41:00.000,I 75,I 75 and Highway 155,,Not a Collision with Motor Vehicle,1,Clear,Dry,Dusk
2021-10-03T09:35:00.000,I 75,I 75 and Highway 155,,Not a Collision with Motor Vehicle,1,Clear,Dry,Daylight
2021-03-05T05:15:00.000,I 75,I 75 and Highway 155,,Rear End,2,Clear,Dry,Dark-Not Lighted
2021-04-09T22:20:00.000,I 75,I 75 and Highway 155,,Sideswipe-Same Direction,2,Clear,Dry,Dark-Not Lighted
2021-01-21T17:01:00.000,I 75,I 75 and Highway 155,,Rear End,2,Rain,Wet,Daylight
2021-04-05T12:55:00.000,I 75,I 75 and Highway 155,,Rear End,2,Clear,Dry,Daylight
2021-01-05T15:34:00.000,I 75,I 75 and Highway 155,,Rear End,2,Clear,Dry,Daylight
2021-05-01T15:53:00.000,I 75,I 75 and Highway 155,,Sideswipe-Same Direction,2,Clear,Dry,Daylight
2021-06-26T17:26:00.000,I 75,I 75 and Highway 155,,Rear End,2,Clear,Dry,Daylight
2021-01-29T18:19:00.000,I 75,I 75 and Highway 155,,Rear End,2,Clear,Dry,Dark-Lighted
2021-02-05T18:36:00.000,I 75,I 75 and Highway 155,,Rear End,2,Clear,Dry,Dark-Lighted
2021-01-11T23:00:00.000,I 75,I 75 and Highway 155,,Not a Collision with Motor Vehicle,1,Rain,Wet,Dark-Not Lighted
2021-05-06T19:13:00.000,I 75,I 75 and Highway 155,,Sideswipe-Same Direction,2,Clear,Dry,Daylight
2021-04-02T20:03:00.000,I 75,I 75 and Highway 155,,Rear End,3,Clear,Dry,Dark-Lighted
2021-03-01T02:52:00.000,I 75,I 75 and Highway 155,,Not a Collision with Motor Vehicle,1,Clear,Dry,Dark-Not Lighted
2021-06-21T15:30:00.000,I 75,I 75 and Highway 155,,Not a Collision with Motor Vehicle,1,Clear,Dry,Daylight
2021-03-25T14:08:00.000,I 75,I 75 and Highway 155,,Sideswipe-Same Direction,2,Cloudy,Dry,Daylight
2021-03-11T04:11:00.000,I 75,I 75 and Highway 155,,Rear End,2,Clear,Dry,Dark-Not Lighted
2021-05-12T09:20:00.000,I 75,I 75 and Highway 155,,Rear End,2,Rain,Wet,Daylight
2021-05-24T04:02:00.000,I 75,I 75 and Highway 155,,Sideswipe-Same Direction,2,Clear,Dry,Dark-Not Lighted
2021-04-05T19:01:00.000,I 75,I 75 and Highway 155,,Not a Collision with Motor Vehicle,2,Clear,Dry,Daylight
2021-06-29T08:23:00.000,I 75,I 75 and Highway 155,,Angle Crash,3,Clear,Dry,Daylight
2021-07-30T09:31:00.000,I 75,I 75 and Highway 155,,Sideswipe-Same Direction,2,Clear,Dry,Daylight
2021-07-17T21:00:00.000,I 75,I 75 and Highway 155,,Sideswipe-Same Direction,2,Cloudy,Dry,Dark-Not Lighted
2021-08-31T01:30:00.000,I 75,I 75 and Highway 155,,Not a Collision with Motor Vehicle,1,Cloudy,Wet,Dark-Not Lighted
2021-10-02T15:56:00.000,I 75,I 75 and Highway 155,,Rear End,2,Clear,Dry,Daylight
2021-11-01T09:00:00.000,I 75,I 75 and Highway 155,,Rear End,2,Clear,Dry,Daylight
2021-10-13T21:20:00.000,I 75,I 75 and Highway 155,,Sideswipe-Same Direction,2,Clear,Dry,Dark-Not Lighted
2021-10-19T11:45:00.000,I 75,I 75 and Highway 155,,Rear End,2,Clear,Dry,Daylight
2021-09-09T17:00:00.000,I 75,I 75 and Highway 155,,Not a Collision with Motor Vehicle,2,Clear,Dry,Daylight
2021-09-10T12:37:00.000,I 75,I 75 and Highway 155,,Sideswipe-Same Direction,3,Clear,Dry,Daylight
2021-10-03T10:23:00.000,I 75,I 75 and Highway 155,,Rear End,2,Clear,Dry,Daylight
2021-08-24T11:40:00.000,I 75,I 75 and Highway 155,,Sideswipe-Same Direction,2,Clear,Dry,Daylight
2021-06-30T18:14:00.000,I 75,I 75 and Highway 155,,Rear End,2,Clear,Dry,Daylight
2021-02-16T17:06:00.000,I 75,I 75 and Highway 155,,Not a Collision with Motor Vehicle,1,Clear,Dry,Daylight
2021-03-12T14:12:00.000,I 75,I 75 and Highway 155,,Rear End,2,Cloudy,Dry,Daylight
2021-03-05T16:09:00.000,I 75,I 75 and Highway 155,,Rear End,2,Clear,Dry,Daylight
2021-03-26T17:33:00.000,I 75,I 75 and Highway 155,,Rear End,2,Clear,Dry,Daylight
2021-07-06T14:40:00.000,I 75,I 75 and Highway 155,,Rear End,2,Cloudy,Dry,Daylight
2021-10-07T16:47:00.000,I 75,I 75 and Highway 155,,Rear End,2,Rain,Wet,Daylight
2021-11-08T09:08:00.000,I 75,I 75 and Highway 155,,Rear End,2,Clear,Dry,Daylight
2021-10-12T17:12:00.000,I 75,I 75 and Highway 155,,Rear End,3,Clear,Dry,Daylight
2021-08-26T17:31:00.000,I 75,I 75 and Highway 155,,Rear End,2,Clear,Dry,Daylight
2021-08-05T14:40:00.000,I 75,I 75 and Highway 155,,Rear End,2,Clear,Dry,Daylight
2021-04-03T13:04:00.000,I 75,I 75 and Highway 155,,Rear End,2,Clear,Dry,Daylight
2021-05-27T15:31:00.000,I 75,I 75 and Highway 155,,Rear End,2,Clear,Dry,Daylight
2023-06-23T13:25:00.000,I 75,I 75 and Highway 155,,Rear End,2,Clear,Dry,Daylight
2023-11-26T13:13:00.000,I 75,I 75 and Highway 155,,Rear End,2,Rain,Wet,Dawn
2023-02-25T19:06:00.000,I 75,I 75 and Highway 155,,Rear End,2,Clear,Dry,Dark-Lighted
2023-04-24T15:48:00.000,I 75,I 75 and Highway 155,,Sideswipe-Same Direction,2,Clear,Dry,Daylight
2023-10-11T18:10:00.000,I 75,I 75 and Highway 155,,Rear End,2,Rain,Wet,Daylight
2023-05-31T17:44:00.000,I 75,I 75 and Highway 155,,Rear End,2,Clear,Dry,Daylight
2023-04-05T11:46:00.000,I 75,I 75 and Highway 155,,Rear End,2,Clear,Dry,Daylight
2023-02-03T13:31:00.000,I 75,I 75 and Highway 155,,Angle Crash,3,Clear,Dry,Daylight
2023-01-16T05:15:00.000,I 75,I 75 and Highway 155,,Rear End,3,Clear,Dry,Dark-Not Lighted
2023-11-01T09:53:00.000,I 75,I 75 and Highway 155,,Angle Crash,2,Clear,Dry,Daylight
2023-11-06T10:27:00.000,I 75,I 75 and Highway 155,,Not a Collision with Motor Vehicle,1,Clear,Dry,Daylight
2023-02-22T21:18:00.000,I 75,I 75 and Highway 155,,Sideswipe-Opposite Direction,2,Clear,Dry,Daylight
2023-11-20T17:23:00.000,I 75,I 75 and Highway 155,,Rear End,2,Cloudy,Dry,Dusk
2023-06-29T12:56:00.000,I 75,I 75 and Highway 155,,Rear End,2,Clear,Dry,Daylight
2023-05-13T10:17:00.000,I 75,I 75 and Highway 155,,Angle Crash,2,Cloudy,Dry,Daylight
2023-10-13T18:00:00.000,I 75,I 75 and Highway 155,,Rear End,2,Rain,Wet,Daylight
2023-08-27T09:03:00.000,I 75,I 75 and Highway 155,,Not a Collision with Motor Vehicle,1,Clear,Dry,Daylight
2023-02-03T16:42:00.000,I 75,I 75 and Highway 155,,Rear End,3,Clear,Dry,Daylight
2023-09-04T16:43:00.000,I 75,I 75 and Highway 155,,Rear End,2,Clear,Dry,Daylight
2023-06-28T10:00:00.000,I 75,I 75 and Highway 155,,Rear End,2,Clear,Dry,Daylight
2023-08-09T14:15:00.000,I 75,I 75 and Highway 155,,Angle Crash,2,Clear,Dry,Daylight
2023-04-30T03:03:00.000,I 75,I 75 and Highway 155,,Rear End,2,Rain,Water (standing or moving),Dark-Not Lighted
2023-01-16T23:47:00.000,I 75,I 75 and Highway 155,,Not a Collision with Motor Vehicle,1,Clear,Dry,Dark-Lighted
2023-07-24T11:39:00.000,I 75,I 75 and Highway 155,,Not a Collision with Motor Vehicle,2,Clear,Dry,Daylight
2023-02-01T02:48:00.000,I 75,I 75 and Highway 155,,Not a Collision with Motor Vehicle,1,Rain,Wet,Dark-Not Lighted
2023-08-16T09:16:00.000,I 75,I 75 and Highway 155,,Rear End,2,Clear,Dry,Daylight
2023-02-26T20:09:00.000,I 75,I 75 and Highway 155,,Sideswipe-Same Direction,2,Clear,Dry,Dark-Not Lighted
2023-06-28T04:55:00.000,I 75,I 75 and Highway 155,,Sideswipe-Same Direction,2,Clear,Dry,Dark-Not Lighted
2023-07-22T21:48:00.000,I 75,I 75 and Highway 155,,Sideswipe-Same Direction,2,Clear,Dry,Daylight
2023-02-05T19:58:00.000,I 75,I 75 and Highway 155,,Rear End,2,Clear,Dry,Dark-Not Lighted
2023-05-13T10:51:00.000,I 75,I 75 and Highway 155,,Rear End,2,Clear,Dry,Daylight
2023-07-26T19:58:00.000,I 75,I 75 and Highway 155,,Rear End,2,Clear,Dry,Daylight
2023-02-05T21:00:00.000,I 75,I 75 and Highway 155,,Rear End,2,Clear,Dry,Dark-Lighted
2023-07-20T18:58:00.000,I 75,I 75 and Highway 155,,Rear End,2,Clear,Dry,Daylight
2023-11-24T17:05:00.000,I 75,I 75 and Highway 155,,Rear End,3,Clear,Dry,Daylight
2023-05-09T16:34:00.000,I 75,I 75 and Highway 155,,Rear End,2,Cloudy,Dry,Daylight
2023-05-04T13:42:00.000,I 75,I 75 and Highway 155,,Rear End,2,Clear,Dry,Daylight
2023-01-27T16:53:00.000,I 75,I 75 and Highway 155,,Rear End,2,Clear,Dry,Daylight
2023-10-05T17:45:00.000,I 75,I 75 and Highway 155,,Sideswipe-Same Direction,2,Clear,Dry,Daylight
2023-12-22T18:31:00.000,I 75,I 75 and Highway 155,,Rear End,2,Clear,Dry,Dark-Not Lighted
2023-08-28T09:42:00.000,I 75,I 75 and Highway 155,,Rear End,2,Cloudy,Dry,Daylight
2023-06-26T13:37:00.000,I 75,I 75 and Highway 155,,Sideswipe-Opposite Direction,2,Clear,Dry,Daylight