Date and Time,Roadway (From Crash Report),Intersection Name (from Crash Report),KABCO Severity,Manner of Collision (Crash Level) ,# of Vehicles per crash ,Weather Conditions (Crash Level),Surface Condition (Crash Level) ,Light Conditions (Crash Level)
2023-04-21T11:21:00.000,I 75,I 75 and Highway 155,,Rear End,2,Clear,Dry,Daylight
2023-11-23T05:35:00.000,I 75,I 75 and Highway 155,,Rear End,2,Clear,Dry,Dark-Not Lighted
2023-10-20T19:42:00.000,I 75,I 75 and Highway 155,,Rear End,2,Clear,Dry,Dark-Not Lighted
2023-09-13T06:36:00.000,I 75,I 75 and Highway 155,,Rear End,3,Clear,Dry,Daylight
2023-01-21T17:38:00.000,I 75,I 75 and Highway 155,,Rear End,2,Clear,Dry,Dusk
2023-05-31T15:48:00.000,I 75,I 75 and Highway 155,,Rear End,2,Clear,Dry,Daylight
2023-06-29T19:37:00.000,I 75,I 75 and Highway 155,,Rear End,2,Clear,Dry,Daylight
2023-01-26T23:37:00.000,I 75,I 75 and Highway 155,,Not a Collision with Motor Vehicle,1,Clear,Dry,Dark-Lighted
2023-01-10T07:00:00.000,I 75,I 75 and Highway 155,,Rear End,2,Clear,Dry,Daylight
2023-08-29T13:57:00.000,I 75,I 75 and Highway 155,,Rear End,3,Clear,Dry,Daylight
2023-05-29T16:02:00.000,I 75,I 75 and Highway 155,,Rear End,2,Clear,Dry,Daylight
2023-07-21T12:07:00.000,I 75,I 75 and Highway 155,,Rear End,2,Clear,Dry,Daylight
2023-06-15T15:37:00.000,I 75,I 75 and Highway 155,,Sideswipe-Same Direction,2,Clear,Dry,Daylight
2023-12-27T18:00:00.000,I 75,I 75 and Highway 155,,Rear End,2,Clear,Dry,Dark-Not Lighted
2023-05-31T17:21:00.000,I 75,I 75 and Highway 155,,Sideswipe-Same Direction,2,Clear,Dry,Daylight
2023-04-10T06:50:00.000,I 75,I 75 and Highway 155,,Rear End,2,Clear,Dry,Dawn
2023-03-21T15:37:00.000,I 75,I 75 and Highway 155,,Rear End,2,Clear,Dry,Daylight
2023-10-07T17:49:00.000,I 75,I 75 and Highway 155,,Rear End,2,Clear,Dry,Daylight
2023-03-02T15:06:00.000,I 75,I 75 and Highway 155,,Rear End,2,Clear,Dry,Daylight
2023-12-22T18:44:00.000,I 75,I 75 and Highway 155,,Sideswipe-Same Direction,2,Clear,Dry,Dark-Not Lighted
2023-11-18T13:59:00.000,I 75,I 75 and Highway 155,,Rear End,2,Clear,Dry,Daylight
2023-03-18T15:24:00.000,I 75,I 75 and Highway 155,,Rear End,2,Clear,Dry,Daylight
2023-07-27T15:14:00.000,I 75,I 75 and Highway 155,,Rear End,3,Clear,Dry,Daylight
2023-03-25T16:22:00.000,I 75,I 75 and Highway 155,,Rear End,2,Clear,Dry,Daylight
2023-04-15T14:08:00.000,I 75,I 75 and Highway 155,,Rear End,2,Clear,Dry,Daylight
2023-08-14T20:09:00.000,I 75,I 75 and Highway 155,,Sideswipe-Same Direction,2,Clear,Dry,Dark-Lighted
2023-10-09T16:09:00.000,I 75,I 75 and Highway 155,,Rear End,2,Clear,Dry,Daylight
2023-05-23T12:45:00.000,I 75,I 75 and Highway 155,,Rear End,2,Clear,Dry,Daylight
2023-10-05T14:55:00.000,I 75,I 75 and Highway 155,,Rear End,2,Clear,Dry,Daylight
2023-10-13T19:44:00.000,I 75,I 75 and Highway 155,,Rear End,2,Rain,Wet,Dark-Not Lighted
2023-04-07T08:25:00.000,I 75,I 75 and Highway 155,,Not a Collision with Motor Vehicle,2,Cloudy,Dry,Daylight
2023-01-17T23:10:00.000,I 75,I 75 and Highway 155,,Not a Collision with Motor Vehicle,1,Cloudy,Wet,Dark-Not Lighted
2023-02-05T01:55:00.000,I 75,I 75 and Highway 155,,Head On,2,Clear,Dry,Dark-Not Lighted
2023-12-08T15:45:00.000,I 75,I 75 and Highway 155,,Rear End,2,Clear,Dry,Daylight
2023-04-22T20:44:00.000,I 75,I 75 and Highway 155,,Not a Collision with Motor Vehicle,1,Clear,Dry,Dark-Not Lighted
2023-10-21T19:20:00.000,I 75,I 75 and Highway 155,,Not a Collision with Motor Vehicle,1,Clear,Dry,Dark-Lighted
2023-10-13T16:59:00.000,I 75,I 75 and Highway 155,,Rear End,2,Rain,Wet,Daylight
2023-02-17T10:39:00.000,I 75,I 75 and Highway 155,,Rear End,2,Cloudy,Dry,Daylight
2023-09-05T17:09:00.000,I 75,I 75 and Highway 155,,Rear End,3,Clear,Dry,Daylight
2023-10-12T07:28:00.000,I 75,I 75 and Highway 155,,Rear End,2,Rain,Wet,Dark-Lighted
2023-09-23T08:07:00.000,I 75,I 75 and Highway 155,,Rear End,2,Clear,Dry,Daylight
2023-11-16T16:21:00.000,I 75,I 75 and Highway 155,,Sideswipe-Same Direction,2,Clear,Dry,Daylight
2023-11-06T18:19:00.000,I 75,I 75 and Highway 155,,Rear End,3,Clear,Dry,Dark-Lighted
2023-09-08T16:12:00.000,I 75,I 75 and Highway 155,,Rear End,2,Clear,Dry,Daylight
2023-10-19T16:02:00.000,I 75,I 75 and Highway 155,,Angle Crash,2,Clear,Dry,Daylight
2023-07-07T15:00:00.000,I 75,I 75 and Highway 155,,Rear End,2,Clear,Dry,Daylight
2023-08-14T11:09:00.000,I 75,I 75 and Highway 155,,Not a Collision with Motor Vehicle,1,Clear,Dry,Daylight
2023-01-29T12:55:00.000,I 75,I 75 and Highway 155,,Rear End,2,Cloudy,Dry,Daylight
2023-12-13T16:51:00.000,I 75,I 75 and Highway 155,,Rear End,2,Clear,Dry,Dark-Lighted
2023-10-13T11:32:00.000,I 75,I 75 and Highway 155,,Rear End,2,Rain,Wet,Daylight
2023-06-19T06:00:00.000,I 75,I 75 and Highway 155,,Not a Collision with Motor Vehicle,1,Rain,Wet,Dark-Not Lighted
2023-01-14T20:43:00.000,I 75,I 75 and Highway 155,,Sideswipe-Same Direction,2,Clear,Dry,Dark-Not Lighted
2023-06-22T05:46:00.000,I 75,I 75 and Highway 155,,Rear End,2,Rain,Wet,Dark-Not Lighted
2023-12-09T08:00:00.000,I 75,I 75 and Highway 155,,Sideswipe-Same Direction,2,Cloudy,Wet,Daylight
2023-04-05T22:21:00.000,I 75,I 75 and Highway 155,,Not a Collision with Motor Vehicle,1,Clear,Dry,Dark-Not Lighted
2023-11-20T19:17:00.000,I 75,I 75 and Highway 155,,Sideswipe-Same Direction,3,Clear,Dry,Dark-Lighted
2023-09-04T15:52:00.000,I 75,I 75 and Highway 155,,Rear End,2,Clear,Dry,Daylight
2023-04-30T03:03:00.000,I 75,I 75 and Highway 155,,Rear End,3,Rain,Wet,Dark-Not Lighted
2023-12-15T20:47:00.000,I 75,I 75 and Highway 155,,Rear End,2,Clear,Dry,Dark-Lighted
2023-01-04T15:25:00.000,I 75,I 75 and Highway 155,,Rear End,2,Clear,Wet,Daylight
2023-05-12T21:18:00.000,I 75,I 75 and Highway 155,,Sideswipe-Same Direction,2,Clear,Wet,Dark-Not Lighted
2022-05-08T02:44:00.000,I 75,I 75 and Highway 155,,Not a Collision with Motor Vehicle,1,Clear,Dry,Dark-Not Lighted
2022-11-16T21:30:00.000,I 75,I 75 and Highway 155,,Rear End,2,Clear,Dry,Dark-Not Lighted
2022-08-23T05:12:00.000,I 75,I 75 and Highway 155,,Rear End,2,Clear,Dry,Dark-Lighted
2022-07-08T17:08:00.000,I 75,I 75 and Highway 155,,Rear End,2,Cloudy,Wet,Daylight
2022-01-06T17:04:00.000,I 75,I 75 and Highway 155,,Rear End,2,Rain,Wet,Dusk
2022-04-16T11:02:00.000,I 75,I 75 and Highway 155,,Sideswipe-Same Direction,2,Rain,Wet,Daylight
2022-10-08T02:51:00.000,I 75,I 75 and Highway 155,,Rear End,2,Clear,Dry,Dark-Not Lighted
2022-08-31T19:39:00.000,I 75,I 75 and Highway 155,,Rear End,2,Clear,Dry,Daylight
2022-11-11T13:27:00.000,I 75,I 75 and Highway 155,,Rear End,2,Rain,Wet,Daylight
2022-05-28T17:26:00.000,I 75,I 75 and Highway 155,,Rear End,2,Clear,Dry,Daylight
2022-12-08T09:40:00.000,I 75,I 75 and Highway 155,,Rear End,2,Clear,Dry,Daylight
2021-09-14T21:22:00.000,I 75,I 75 and Highway 155,,Sideswipe-Same Direction,2,Clear,Dry,Dark-Lighted
2021-11-04T20:30:00.000,I 75,I 75 and Highway 155,,Sideswipe-Same Direction,2,Clear,Dry,Dark-Not Lighted
2020-10-28T13:35:00.000,I 75,I 75 and Highway 155,,Sideswipe-Same Direction,2,Cloudy,Dry,Daylight
2020-12-12T15:17:00.000,I 75,I 75 and Highway 155,,Rear End,2,Clear,Dry,Daylight
2020-10-10T07:59:00.000,I 75,I 75 and Highway 155,,Sideswipe-Same Direction,2,Cloudy,Wet,Dawn
2020-12-19T12:11:00.000,I 75,I 75 and Highway 155,,Rear End,2,Clear,Dry,Daylight
2020-10-28T07:25:00.000,I 75,I 75 and Highway 155,,Rear End,2,Rain,Dry,Dark-Not Lighted
2020-10-07T07:20:00.000,I 75,I 75 and Highway 155,,Sideswipe-Same Direction,2,Clear,Dry,Daylight
2020-11-28T16:43:00.000,I 75,I 75 and Highway 155,,Rear End,2,Clear,Dry,Daylight
2020-09-10T18:50:00.000,I 75,I 75 and Highway 155,,Rear End,3,Clear,Dry,Dark-Lighted
2020-12-23T18:40:00.000,I 75,I 75 and Highway 155,,Rear End,2,Clear,Dry,Dark-Not Lighted
2020-02-26T08:25:00.000,I 75,I 75 and Highway 155,,Rear End,2,Clear,Dry,Daylight
2020-12-01T09:39:00.000,I 75,I 75 and Highway 155,,Angle Crash,2,Clear,Dry,Daylight
2020-10-09T14:01:00.000,I 75,I 75 and Highway 155,,Rear End,2,Cloudy,Dry,Daylight
2020-11-20T08:20:00.000,I 75,I 75 and Highway 155,,Not a Collision with Motor Vehicle,1,Clear,Dry,Daylight
2020-12-05T13:51:00.000,I 75,I 75 and Highway 155,,Rear End,2,Clear,Dry,Daylight
2020-12-16T22:30:00.000,I 75,I 75 and Highway 155,,Rear End,2,Clear,Wet,Dark-Not Lighted
2020-12-16T12:33:00.000,I 75,I 75 and Highway 155,,Angle Crash,2,Rain,Wet,Daylight
2020-11-03T12:50:00.000,I 75,I 75 and Highway 155,,Sideswipe-Same Direction,2,Clear,Dry,Daylight
2020-10-30T08:48:00.000,I 75,I 75 and Highway 155,,Rear End,2,Cloudy,Dry,Daylight
2020-12-31T18:00:00.000,I 75,I 75 and Highway 155,,Rear End,2,Rain,Wet,Dark-Not Lighted
2020-02-07T08:08:00.000,I 75,I 75 and Highway 155,,Not a Collision with Motor Vehicle,2,Cloudy,Dry,Daylight
2020-11-17T07:27:00.000,I 75,I 75 and Highway 155,,Angle Crash,2,Clear,Dry,Daylight
2020-11-05T17:48:00.000,I 75,I 75 and Highway 155,,Rear End,2,Clear,Dry,Dusk
2020-10-02T20:30:00.000,I 75,I 75 and Highway 155,,Rear End,2,Clear,Dry,Daylight
2020-11-23T09:24:00.000,I 75,I 75 and Highway 155,,Sideswipe-Same Direction,2,Clear,Dry,Daylight
2020-11-25T16:19:00.000,I 75,I 75 and Highway 155,,Rear End,2,Cloudy,Dry,Daylight
2020-11-25T18:51:00.000,I 75,I 75 and Highway 155,,Rear End,2,Rain,Water (standing or moving),Dark-Not Lighted
2020-11-10T14:58:00.000,I 75,I 75 and Highway 155,,Angle Crash,2,Cloudy,Dry,Daylight
2020-08-13T20:30:00.000,I 75,I 75 and Highway 155,,Rear End,2,Rain,Wet,Dark-Not Lighted
2020-02-03T12:26:00.000,I 75,I 75 and Highway 155,,Sideswipe-Same Direction,2,Clear,Dry,Daylight
2020-12-11T07:50:00.000,I 75,I 75 and Highway 155,,Sideswipe-Same Direction,2,Clear,Dry,Daylight
2020-12-17T12:19:00.000,I 75,I 75 and Highway 155,,Not a Collision with Motor Vehicle,2,Cloudy,Dry,Daylight
2020-12-06T11:00:00.000,I 75,I 75 and Highway 155,,Not a Collision with Motor Vehicle,1,Clear,Dry,Daylight
2020-10-10T08:03:00.000,I 75,I 75 and Highway 155,,Rear End,2,Cloudy,Wet,Daylight
2020-08-08T04:30:00.000,I 75,I 75 and Highway 155,,Rear End,2,Clear,Wet,Dark-Not Lighted
2020-10-30T19:13:00.000,I 75,I 75 and Highway 155,,Rear End,3,Clear,Dry,Dark-Not Lighted
2020-12-31T18:00:00.000,I 75,I 75 and Highway 155,,Rear End,2,Rain,Wet,Dark-Not Lighted
2020-10-16T09:39:00.000,I 75,I 75 and Highway 155,,Rear End,2,Clear,Dry,Daylight
2020-10-14T04:56:00.000,I 75,I 75 and Highway 155,,Rear End,2,Clear,Dry,Dark-Lighted
2020-09-21T01:13:00.000,I 75,I 75 and Highway 155,,Rear End,2,Clear,Dry,Dark-Not Lighted
2020-10-18T18:29:00.000,I 75,I 75 and Highway 155,,Sideswipe-Same Direction,2,Clear,Dry,Daylight
2020-10-29T15:58:00.000,I 75,I 75 and Highway 155,,Not a Collision with Motor Vehicle,1,Clear,Dry,Daylight
2020-10-30T17:03:00.000,I 75,I 75 and Highway 155,,Rear End,2,Clear,Dry,Daylight
2021-05-01T12:14:00.000,I 75,I 75 and Highway 155,,Not a Collision with Motor Vehicle,2,Clear,Dry,Daylight
2021-03-21T20:39:00.000,I 75,I 75 and Highway 155,,Angle Crash,2,Clear,Dry,Dark-Not Lighted
2021-01-15T16:01:00.000,I 75,I 75 and Highway 155,,Rear End,3,Clear,Dry,Daylight
2021-04-06T14:40:00.000,I 75,I 75 and Highway 155,,Not a Collision with Motor Vehicle,1,Clear,Dry,Daylight
2021-05-13T07:14:00.000,I 75,I 75 and Highway 155,,Rear End,2,Clear,Dry,Daylight
2021-02-02T10:00:00.000,I 75,I 75 and Highway 155,,Rear End,2,Clear,Dry,Daylight
2021-05-21T15:55:00.000,I 75,I 75 and Highway 155,,Sideswipe-Same Direction,2,Clear,Dry,Daylight
2021-01-15T15:00:00.000,I 75,I 75 and Highway 155,,Rear End,2,Clear,Dry,Daylight
2021-06-06T15:03:00.000,I 75,I 75 and Highway 155,,Sideswipe-Same Direction,2,Clear,Dry,Daylight
2021-05-19T19:22:00.000,I 75,I 75 and Highway 155,,Sideswipe-Same Direction,2,Clear,Dry,Daylight
2021-05-21T18:30:00.000,I 75,I 75 and Highway 155,,Rear End,2,Clear,Dry,Daylight
2021-02-07T18:27:00.000,I 75,I 75 and Highway 155,,Not a Collision with Motor Vehicle,1,Rain,Wet,Dark-Not Lighted
2021-04-02T17:48:00.000,I 75,I 75 and Highway 155,,Rear End,2,Clear,Dry,Daylight
2021-11-18T07:01:00.000,I 75,I 75 and Highway 155,,Rear End,2,Clear,Dry,Dawn
2021-11-07T10:19:00.000,I 75,I 75 and Highway 155,,Not a Collision with Motor Vehicle,1,Clear,Dry,Daylight
2021-12-09T15:14:00.000,I 75,I 75 and Highway 155,,Rear End,2,Clear,Dry,Daylight
2021-10-09T18:34:00.000,I 75,I 75 and Highway 155,,Rear End,2,Clear,Dry,Daylight
2021-08-03T15:49:00.000,I 75,I 75 and Highway 155,,Sideswipe-Same Direction,2,Clear,Dry,Daylight
2021-09-28T17:15:00.000,I 75,I 75 and Highway 155,,Sideswipe-Same Direction,2,Clear,Dry,Daylight
2021-10-13T09:40:00.000,I 75,I 75 and Highway 155,,Rear End,2,Clear,Dry,Daylight
2021-10-11T13:20:00.000,I 75,I 75 and Highway 155,,Rear End,2,Clear,Dry,Daylight
2021-12-26T09:21:00.000,I 75,I 75 and Highway 155,,Rear End,2,Clear,Dry,Daylight
2021-10-07T14:23:00.000,I 75,I 75 and Highway 155,,Rear End,2,Cloudy,Dry,Daylight
2021-09-03T15:30:00.000,I 75,I 75 and Highway 155,,Rear End,2,Clear,Dry,Daylight
2021-11-22T19:45:00.000,I 75,I 75 and Highway 155,,Rear End,4,Clear,Dry,Dark-Not Lighted
2021-11-06T09:45:00.000,I 75,I 75 and Highway 155,,Sideswipe-Same Direction,2,Cloudy,Dry,Daylight
2021-10-18T19:59:00.000,I 75,I 75 and Highway 155,,Not a Collision with Motor Vehicle,1,Clear,Dry,Dark-Not Lighted
2021-08-14T14:41:00.000,I 75,I 75 and Highway 155,,Not a Collision with Motor Vehicle,2,Clear,Dry,Daylight
2021-09-27T19:01:00.000,I 75,I 75 and Highway 155,,Rear End,2,Clear,Dry,Dark-Lighted
2021-12-19T11:39:00.000,I 75,I 75 and Highway 155,,Sideswipe-Same Direction,2,Clear,Wet,Daylight
2021-09-06T15:00:00.000,I 75,I 75 and Highway 155,,Not a Collision with Motor Vehicle,1,Cloudy,Wet,Daylight
2021-10-06T06:58:00.000,I 75,I 75 and Highway 155,,Angle Crash,2,Rain,Wet,Dark-Lighted
2021-07-23T17:42:00.000,I 75,I 75 and Highway 155,,Rear End,2,Clear,Dry,Daylight
2021-11-08T19:00:00.000,I 75,I 75 and Highway 155,,Not a Collision with Motor Vehicle,1,Clear,Dry,Dark-Not Lighted
2021-11-17T16:06:00.000,I 75,I 75 and Highway 155,,Rear End,2,Clear,Dry,Daylight
2021-07-25T19:21:00.000,I 75,I 75 and Highway 155,,Sideswipe-Same Direction,2,Clear,Dry,Daylight
2021-12-22T07:20:00.000,I 75,I 75 and Highway 155,,Angle Crash,3,Clear,Dry,Daylight
2021-09-26T18:27:00.000,I 75,I 75 and Highway 155,,Rear End,4,Clear,Dry,Daylight
2021-08-01T14:39:00.000,I 75,I 75 and Highway 155,,Rear End,2,Clear,Dry,Daylight
2022-09-09T14:26:00.000,I 75,I 75 and Highway 155,,Rear End,2,Cloudy,Dry,Daylight
2022-06-24T21:46:00.000,I 75,I 75 and Highway 155,,Sideswipe-Same Direction,2,Clear,Dry,Dark-Lighted
2022-02-11T19:30:00.000,I 75,I 75 and Highway 155,,Rear End,2,Clear,Dry,Dark-Not Lighted
2022-10-19T20:02:00.000,I 75,I 75 and Highway 155,,Rear End,2,Clear,Dry,Dark-Not Lighted
2022-03-17T19:15:00.000,I 75,I 75 and Highway 155,,Rear End,2,Clear,Dry,Daylight
2022-09-17T12:29:00.000,I 75,I 75 and Highway 155,,Angle Crash,2,Clear,Dry,Daylight
2022-03-07T11:55:00.000,I 75,I 75 and Highway 155,,Rear End,3,Cloudy,Dry,Daylight
2022-07-30T10:21:00.000,I 75,I 75 and Highway 155,,Angle Crash,4,Clear,Dry,Daylight
2022-12-30T21:09:00.000,I 75,I 75 and Highway 155,,Sideswipe-Same Direction,2,Clear,Dry,Dark-Not Lighted
2022-11-04T17:28:00.000,I 75,I 75 and Highway 155,,Rear End,2,Clear,Dry,Daylight
2022-10-04T17:02:00.000,I 75,I 75 and Highway 155,,Sideswipe-Same Direction,2,Clear,Dry,Daylight
2022-07-28T13:42:00.000,I 75,I 75 and Highway 155,,Angle Crash,2,Cloudy,Dry,Daylight
2022-04-20T12:43:00.000,I 75,I 75 and Highway 155,,Rear End,2,Clear,Dry,Daylight
2021-12-20T15:59:00.000,I 75,I 75 and Highway 155,,Sideswipe-Same Direction,2,Clear,Dry,Daylight
2021-07-25T17:22:00.000,I 75,I 75 and Highway 155,,Sideswipe-Same Direction,2,Clear,Dry,Daylight
2021-11-16T06:00:00.000,I 75,I 75 and Highway 155,,Rear End,2,Clear,Dry,Dark-Not Lighted
2021-10-17T21:18:00.000,I 75,I 75 and Highway 155,,Sideswipe-Same Direction,2,Clear,Dry,Dark-Not Lighted
2022-04-01T14:15:00.000,I 75,I 75 and Highway 155,,Rear End,2,Clear,Dry,Daylight
2022-10-04T14:51:00.000,I 75,I 75 and Highway 155,,Rear End,2,Clear,Dry,Daylight
2022-03-25T19:08:00.000,I 75,I 75 and Highway 155,,Rear End,2,Clear,Dry,Dusk
2022-12-12T08:00:00.000,I 75,I 75 and Highway 155,,Rear End,2,Cloudy,Dry,Daylight
2022-03-17T07:23:00.000,I 75,I 75 and Highway 155,,Rear End,2,Fog,Water (standing or moving),Dawn
2022-05-22T18:28:00.000,I 75,I 75 and Highway 155,,Not a Collision with Motor Vehicle,1,Clear,Dry,Daylight
2022-07-28T09:58:00.000,I 75,I 75 and Highway 155,,Rear End,2,Clear,Dry,Daylight
2022-12-01T19:30:00.000,I 75,I 75 and Highway 155,,Rear End,2,Clear,Dry,Dark-Lighted
2022-07-26T19:30:00.000,I 75,I 75 and Highway 155,,Not a Collision with Motor Vehicle,1,Clear,Dry,Daylight
2022-03-13T14:13:00.000,I 75,I 75 and Highway 155,,Rear End,2,Clear,Dry,Daylight
2022-03-12T12:18:00.000,I 75,I 75 and Highway 155,,Rear End,2,Clear,Dry,Daylight
2022-06-23T19:27:00.000,I 75,I 75 and Highway 155,,Rear End,2,Clear,Dry,Daylight
2022-10-29T19:17:00.000,I 75,I 75 and Highway 155,,Sideswipe-Same Direction,2,Clear,Dry,Dark-Not Lighted
2022-03-09T15:39:00.000,I 75,I 75 and Highway 155,,Sideswipe-Opposite Direction,2,Clear,Dry,Daylight
2022-10-18T07:23:00.000,I 75,I 75 and Highway 155,,Angle Crash,2,Clear,Dry,Daylight
2022-03-24T00:21:00.000,I 75,I 75 and Highway 155,,Sideswipe-Same Direction,2,Clear,Dry,Dark-Lighted
2022-12-20T06:55:00.000,I 75,I 75 and Highway 155,,Rear End,3,Rain,Wet,Dark-Not Lighted
2022-09-26T03:57:00.000,I 75,I 75 and Highway 155,,Rear End,2,Clear,Dry,Dark-Lighted
2022-12-01T19:38:00.000,I 75,I 75 and Highway 155,,Rear End,3,Clear,Dry,Dark-Not Lighted
2022-03-30T17:01:00.000,I 75,I 75 and Highway 155,,Sideswipe-Same Direction,2,Clear,Dry,Daylight
2022-04-13T14:42:00.000,I 75,I 75 and Highway 155,,Rear End,2,Cloudy,Dry,Dark-Lighted
2022-07-15T18:35:00.000,I 75,I 75 and Highway 155,,Sideswipe-Same Direction,2,Clear,Dry,Daylight
2022-11-25T15:00:00.000,I 75,I 75 and Highway 155,,Rear End,2,Clear,Dry,Daylight
2022-12-31T18:39:00.000,I 75,I 75 and Highway 155,,Rear End,2,Clear,Dry,Dark-Lighted
2022-04-04T02:15:00.000,I 75,I 75 and Highway 155,,Not a Collision with Motor Vehicle,1,Clear,Dry,Dark-Lighted
2022-11-25T14:34:00.000,I 75,I 75 and Highway 155,,Rear End,2,Clear,Dry,Daylight
2022-03-02T17:40:00.000,I 75,I 75 and Highway 155,,Sideswipe-Same Direction,2,Clear,Dry,Daylight
2022-09-24T12:55:00.000,I 75,I 75 and Highway 155,,Not a Collision with Motor Vehicle,1,Clear,Dry,Daylight
2022-02-25T19:10:00.000,I 75,I 75 and Highway 155,,Rear End,2,Clear,Dry,Dark-Not Lighted
2022-10-27T20:58:00.000,I 75,I 75 and Highway 155,,Not a Collision with Motor Vehicle,1,Clear,Dry,Dark-Not Lighted
2022-02-11T19:35:00.000,I 75,I 75 and Highway 155,,Rear End,2,Clear,Dry,Dark-Not Lighted
2022-11-09T17:23:00.000,I 75,I 75 and Highway 155,,Rear End,2,Clear,Dry,Dusk
2022-03-28T15:33:00.000,I 75,I 75 and Highway 155,,Sideswipe-Opposite Direction,2,Clear,Dry,Daylight
2022-07-06T11:49:00.000,I 75,I 75 and Highway 155,,Sideswipe-Same Direction,2,Clear,Dry,Daylight
2022-08-12T15:33:00.000,I 75,I 75 and Highway 155,,Rear End,2,Clear,Dry,Daylight
2022-09-05T14:34:00.000,I 75,I 75 and Highway 155,,Angle Crash,2,Rain,Water (standing or moving),Daylight
2022-12-15T14:07:00.000,I 75,I 75 and Highway 155,,Rear End,2,Clear,Dry,Daylight
2022-09-12T15:18:00.000,I 75,I 75 and Highway 155,,Sideswipe-Same Direction,2,Rain,Wet,Daylight
2022-07-30T10:21:00.000,I 75,I 75 and Highway 155,,Not a Collision with Motor Vehicle,1,Clear,Dry,Daylight
2022-03-25T15:32:00.000,I 75,I 75 and Highway 155,,Rear End,3,Clear,Dry,Daylight
2022-12-05T15:14:00.000,I 75,I 75 and Highway 155,,Sideswipe-Same Direction,2,Rain,Wet,Daylight
2022-08-03T16:04:00.000,I 75,I 75 and Highway 155,,Sideswipe-Same Direction,2,Clear,Dry,Daylight
2022-06-17T16:32:00.000,I 75,I 75 and Highway 155,,Rear End,2,Clear,Dry,Daylight
2022-10-30T23:45:00.000,I 75,I 75 and Highway 155,,Not a Collision with Motor Vehicle,1,Rain,Wet,Dark-Not Lighted
2022-08-11T19:04:00.000,I 75,I 75 and Highway 155,,Sideswipe-Same Direction,2,Rain,Dry,Daylight
2022-06-16T18:45:00.000,I 75,I 75 and Highway 155,,Rear End,3,Clear,Dry,Daylight
2022-02-22T19:00:00.000,I 75,I 75 and Highway 155,,Rear End,2,Clear,Dry,Dark-Lighted
2022-06-18T14:20:00.000,I 75,I 75 and Highway 155,,Rear End,2,Clear,Dry,Daylight
2022-07-20T17:03:00.000,I 75,I 75 and Highway 155,,Sideswipe-Same Direction,2,Clear,Dry,Dark-Lighted
2022-03-05T03:02:00.000,I 75,I 75 and Highway 155,,Not a Collision with Motor Vehicle,1,Clear,Dry,Dark-Not Lighted
2022-12-22T19:44:00.000,I 75,I 75 and Highway 155,,Rear End,2,Cloudy,Wet,Dark-Not Lighted
2022-12-02T13:38:00.000,I 75,I 75 and Highway 155,,Not a Collision with Motor Vehicle,2,Cloudy,Dry,Daylight
2022-12-19T18:25:00.000,I 75,I 75 and Highway 155,,Rear End,2,Clear,Dry,Dark-Lighted
2021-07-17T15:30:00.000,I 75,I 75 and Highway 155,,Rear End,2,Clear,Dry,Daylight
2021-10-06T08:56:00.000,I 75,I 75 and Highway 155,,Sideswipe-Same Direction,2,Cloudy,Wet,Daylight
2021-09-24T13:02:00.000,I 75,I 75 and Highway 155,,Rear End,3,Clear,Dry,Daylight
2021-10-01T15:36:00.000,I 75,I 75 and Highway 155,,Rear End,3,Clear,Dry,Daylight
2021-07-02T21:27:00.000,I 75,I 75 and Highway 155,,Rear End,2,Clear,Dry,Dark-Not Lighted
2022-11-02T05:20:00.000,I 75,I 75 and Highway 155,,Angle Crash,2,Clear,Dry,Dark-Lighted
2022-08-16T09:54:00.000,I 75,I 75 and Highway 155,,Rear End,2,Cloudy,Dry,Daylight
2022-06-15T15:38:00.000,I 75,I 75 and Highway 155,,Rear End,2,Clear,Dry,Daylight
2022-10-15T13:46:00.000,I 75,I 75 and Highway 155,,Rear End,2,Clear,Dry,Daylight
2022-05-27T17:00:00.000,I 75,I 75 and Highway 155,,Sideswipe-Same Direction,2,Clear,Dry,Daylight
2022-05-27T15:57:00.000,I 75,I 75 and Highway 155,,Rear End,2,Clear,Dry,Daylight
2022-12-29T19:38:00.000,I 75,I 75 and Highway 155,,Rear End,2,Clear,Dry,Dark-Not Lighted
2022-08-30T20:08:00.000,I 75,I 75 and Highway 155,,Rear End,2,Clear,Dry,Dark-Lighted
2022-10-21T10:33:00.000,I 75,I 75 and Highway 155,,Rear End,2,Clear,Dry,Daylight