Date and Time,Roadway (From Crash Report),Intersection Name (from Crash Report),KABCO Severity,Manner of Collision (Crash Level) ,# of Vehicles per crash ,Weather Conditions (Crash Level),Surface Condition (Crash Level) ,Light Conditions (Crash Level)
2024-08-30T19:55:00.000,I 75,I 75 and Highway 155,,Rear End,2,Clear,Dry,Dusk
2024-11-06T12:21:00.000,I 75,I 75 and Highway 155,,Sideswipe-Same Direction,2,Cloudy,Dry,Daylight
2024-04-21T00:20:00.000,I 75,I 75 and Highway 155,,Sideswipe-Same Direction,2,Rain,Water (standing or moving),Dark-Not Lighted
2024-03-29T17:34:00.000,I 75,I 75 and Highway 155,,Rear End,2,Clear,Dry,Daylight
2024-06-14T12:35:00.000,I 75,I 75 and Highway 155,,Sideswipe-Same Direction,2,Clear,Dry,Daylight
2024-06-15T17:25:00.000,I 75,I 75 and Highway 155,,Rear End,2,Clear,Dry,Daylight
2024-07-17T11:24:00.000,I 75,I 75 and Highway 155,,Not a Collision with Motor Vehicle,2,Clear,Dry,Daylight
2024-03-01T07:20:00.000,I 75,I 75 and Highway 155,,Rear End,2,Rain,Wet,Daylight
2024-06-06T13:19:00.000,I 75,I 75 and Highway 155,,Rear End,2,Cloudy,Dry,Daylight
2024-08-01T16:00:00.000,I 75,I 75 and Highway 155,,Rear End,2,Clear,Dry,Daylight
2024-02-11T08:45:00.000,I 75,I 75 and Highway 155,,Not a Collision with Motor Vehicle,1,Rain,Wet,Daylight
2024-03-15T14:19:00.000,I 75,I 75 and Highway 155,,Sideswipe-Same Direction,2,Cloudy,Dry,Daylight
2024-03-01T16:54:00.000,I 75,I 75 and Highway 155,,Rear End,2,Rain,Wet,Daylight
2024-03-01T09:31:00.000,I 75,I 75 and Highway 155,,Sideswipe-Same Direction,2,Rain,Wet,Daylight
2024-07-10T11:18:00.000,I 75,I 75 and Highway 155,,Angle Crash,3,Clear,Dry,Daylight
2024-06-26T00:00:00.000,I 75,I 75 and Highway 155,,Not a Collision with Motor Vehicle,1,Clear,Dry,Dark-Not Lighted
2024-02-24T12:06:00.000,I 75,I 75 and Highway 155,,Rear End,2,Clear,Dry,Daylight
2024-08-01T16:46:00.000,I 75,I 75 and Highway 155,,Rear End,2,Clear,Dry,Daylight
2024-06-20T05:01:00.000,I 75,I 75 and Highway 155,,Rear End,2,Clear,Dry,Dawn
2024-03-02T17:55:00.000,I 75,I 75 and Highway 155,,Not a Collision with Motor Vehicle,1,Cloudy,Dry,Daylight
2024-02-23T19:48:00.000,I 75,I 75 and Highway 155,,Rear End,2,Clear,Dry,Dark-Not Lighted
2024-01-05T16:41:00.000,I 75,I 75 and Highway 155,,Rear End,2,Clear,Dry,Daylight
2024-02-06T08:19:00.000,I 75,I 75 and Highway 155,,Sideswipe-Same Direction,2,Clear,Dry,Daylight
2024-07-20T09:12:00.000,I 75,I 75 and Highway 155,,Sideswipe-Same Direction,2,Cloudy,Wet,Daylight
2024-10-18T20:42:00.000,I 75,I 75 and Highway 155,,Rear End,2,Clear,Dry,Dark-Not Lighted
2024-05-10T16:38:00.000,I 75,I 75 and Highway 155,,Rear End,3,Clear,Dry,Daylight
2024-08-12T10:00:00.000,I 75,I 75 and Highway 155,,Not a Collision with Motor Vehicle,1,Clear,Dry,Daylight
2024-10-25T12:40:00.000,I 75,I 75 and Highway 155,,Rear End,2,Clear,Dry,Daylight
2024-03-22T20:14:00.000,I 75,I 75 and Highway 155,,Rear End,3,Rain,Wet,Dark-Lighted
2024-08-22T04:45:00.000,I 75,I 75 and Highway 155,,Angle Crash,2,Clear,Dry,Dark-Not Lighted
2024-10-18T07:08:00.000,I 75,I 75 and Highway 155,,Not a Collision with Motor Vehicle,1,Clear,Dry,Dark-Lighted
2024-04-12T07:33:00.000,I 75,I 75 and Highway 155,,Rear End,2,Clear,Dry,Daylight
2024-05-31T19:45:00.000,I 75,I 75 and Highway 155,,Rear End,2,Clear,Dry,Daylight
2024-02-01T05:56:00.000,I 75,I 75 and Highway 155,,Rear End,2,Clear,Dry,Dark-Lighted
2024-08-16T21:19:00.000,I 75,I 75 and Highway 155,,Angle Crash,2,Cloudy,Dry,Dark-Lighted
2024-01-01T16:46:00.000,I 75,I 75 and Highway 155,,Not a Collision with Motor Vehicle,1,Clear,Dry,Daylight
2024-11-01T17:14:00.000,I 75,I 75 and Highway 155,,Rear End,2,Clear,Dry,Daylight
2024-10-14T13:08:00.000,I 75,I 75 and Highway 155,,Angle Crash,2,Clear,Dry,Daylight
2024-03-22T19:30:00.000,I 75,I 75 and Highway 155,,Rear End,3,Cloudy,Wet,Dusk
2024-10-16T16:10:00.000,I 75,I 75 and Highway 155,,Rear End,2,Clear,Dry,Daylight
2024-04-06T10:08:00.000,I 75,I 75 and Highway 155,,Rear End,2,Clear,Dry,Daylight
2024-06-06T11:40:00.000,I 75,I 75 and Highway 155,,Rear End,2,Cloudy,Dry,Daylight
2024-06-23T15:50:00.000,I 75,I 75 and Highway 155,,Not a Collision with Motor Vehicle,1,Clear,Dry,Daylight
2024-04-02T17:21:00.000,I 75,I 75 and Highway 155,,Rear End,2,Cloudy,Dry,Daylight
2024-05-09T13:50:00.000,I 75,I 75 and Highway 155,,Rear End,2,Rain,Wet,Daylight
2024-09-19T18:00:00.000,I 75,I 75 and Highway 155,,Rear End,2,Clear,Dry,Daylight
2024-05-31T16:00:00.000,I 75,I 75 and Highway 155,,Sideswipe-Same Direction,2,Clear,Dry,Daylight
2024-11-25T19:10:00.000,I 75,I 75 and Highway 155,,Sideswipe-Same Direction,2,Clear,Dry,Dark-Not Lighted
2024-09-04T08:51:00.000,I 75,I 75 and Highway 155,,Rear End,2,Clear,Dry,Daylight
2024-03-29T12:15:00.000,I 75,I 75 and Highway 155,,Angle Crash,2,Clear,Dry,Daylight
2024-04-27T13:36:00.000,I 75,I 75 and Highway 155,,Sideswipe-Same Direction,2,Cloudy,Dry,Daylight
2024-01-05T11:00:00.000,I 75,I 75 and Highway 155,,Sideswipe-Same Direction,2,Clear,Dry,Daylight
2024-12-26T19:07:00.000,I 75,I 75 and Highway 155,,Sideswipe-Same Direction,2,Cloudy,Dry,Dark-Lighted
2024-12-23T16:20:00.000,I 75,I 75 and Highway 155,,Sideswipe-Same Direction,4,Clear,Dry,Daylight
2024-05-29T18:34:00.000,I 75,I 75 and Highway 155,,Not a Collision with Motor Vehicle,1,Clear,Dry,Daylight
2024-04-07T10:08:00.000,I 75,I 75 and Highway 155,,Sideswipe-Same Direction,2,Clear,Dry,Daylight
2024-11-23T15:17:00.000,I 75,I 75 and Highway 155,,Angle Crash,2,Clear,Dry,Daylight
2024-11-24T18:58:00.000,I 75,I 75 and Highway 155,,Rear End,2,Clear,Dry,Dark-Lighted
2024-08-02T15:38:00.000,I 75,I 75 and Highway 155,,Rear End,2,Clear,Dry,Daylight
2024-06-20T07:35:00.000,I 75,I 75 and Highway 155,,Not a Collision with Motor Vehicle,1,Clear,Dry,Dusk
2024-12-30T12:05:00.000,I 75,I 75 and Highway 155,,Rear End,2,Clear,Dry,Daylight
2024-07-29T15:45:00.000,I 75,I 75 and Highway 155,,Rear End,2,Rain,Wet,Daylight
2024-06-26T00:00:00.000,I 75,I 75 and Highway 155,,Not a Collision with Motor Vehicle,1,Clear,Dry,Dark-Not Lighted
2024-03-02T11:49:00.000,I 75,I 75 and Highway 155,,Rear End,2,Clear,Dry,Daylight
2024-07-15T11:04:00.000,I 75,I 75 and Highway 155,,Angle Crash,2,Clear,Dry,Daylight
2024-05-26T08:37:00.000,I 75,I 75 and Highway 155,,Rear End,2,Clear,Dry,Daylight
2024-08-11T07:54:00.000,I 75,I 75 and Highway 155,,Not a Collision with Motor Vehicle,2,Clear,Dry,Daylight
2024-04-27T14:19:00.000,I 75,I 75 and Highway 155,,Rear End,2,Clear,Dry,Daylight
2024-05-27T18:34:00.000,I 75,I 75 and Highway 155,,Rear End,2,Rain,Wet,Daylight
2024-11-05T13:26:00.000,I 75,I 75 and Highway 155,,Sideswipe-Same Direction,2,Cloudy,Dry,Daylight
2024-11-26T15:54:00.000,I 75,I 75 and Highway 155,,Sideswipe-Same Direction,2,Clear,Dry,Daylight
2024-04-14T16:05:00.000,I 75,I 75 and Highway 155,,Not a Collision with Motor Vehicle,1,Clear,Dry,Daylight
2024-03-27T13:17:00.000,I 75,I 75 and Highway 155,,Rear End,2,Clear,Dry,Daylight
2024-07-19T20:41:00.000,I 75,I 75 and Highway 155,,Rear End,2,Cloudy,Dry,Dark-Not Lighted
2024-10-29T13:50:00.000,I 75,I 75 and Highway 155,,Angle Crash,2,Clear,Dry,Daylight
2024-01-19T14:30:00.000,I 75,I 75 and Highway 155,,Rear End,2,Clear,Dry,Daylight
2024-11-20T19:13:00.000,I 75,I 75 and Highway 155,,Sideswipe-Same Direction,2,Clear,Dry,Dark-Not Lighted
2024-10-11T14:15:00.000,I 75,I 75 and Highway 155,,Rear End,2,Clear,Dry,Daylight
2024-06-27T17:27:00.000,I 75,I 75 and Highway 155,,Rear End,2,Rain,Wet,Daylight
2024-05-17T16:15:00.000,I 75,I 75 and Highway 155,,Angle Crash,2,Clear,Dry,Daylight
2024-12-21T01:55:00.000,I 75,I 75 and Highway 155,,Sideswipe-Same Direction,2,Clear,Dry,Dark-Lighted
2024-10-13T03:18:00.000,I 75,I 75 and Highway 155,,Not a Collision with Motor Vehicle,1,Clear,Dry,Dark-Lighted
2024-12-19T16:05:00.000,I 75,I 75 and Highway 155,,Rear End,2,Clear,Dry,Daylight
2024-10-16T11:22:00.000,I 75,I 75 and Highway 155,,Rear End,2,Clear,Dry,Daylight
2024-04-27T14:33:00.000,I 75,I 75 and Highway 155,,Rear End,2,Cloudy,Dry,Daylight
2024-06-26T14:57:00.000,I 75,I 75 and Highway 155,,Rear End,3,Clear,Dry,Daylight
2024-01-02T12:17:00.000,I 75,I 75 and Highway 155,,Rear End,2,Clear,Dry,Daylight
2024-01-28T18:49:00.000,I 75,I 75 and Highway 155,,Not a Collision with Motor Vehicle,1,Cloudy,Dry,Dark-Lighted
2024-05-17T01:00:00.000,I 75,I 75 and Highway 155,,Rear End,2,Clear,Dry,Dark-Not Lighted
2024-11-12T18:37:00.000,I 75,I 75 and Highway 155,,Sideswipe-Same Direction,2,Clear,Dry,Dark-Lighted
2024-08-07T06:02:00.000,I 75,I 75 and Highway 155,,Not a Collision with Motor Vehicle,1,Clear,Dry,Dark-Not Lighted
2024-05-25T12:28:00.000,I 75,I 75 and Highway 155,,Rear End,3,Rain,Wet,Daylight
2024-09-19T10:25:00.000,I 75,I 75 and Highway 155,,Not a Collision with Motor Vehicle,1,Clear,Dry,Daylight
2024-07-29T16:56:00.000,I 75,I 75 and Highway 155,,Sideswipe-Same Direction,2,Clear,Wet,Daylight
2024-11-26T10:18:00.000,I 75,I 75 and Highway 155,,Angle Crash,2,Cloudy,Dry,Daylight
2024-05-10T17:44:00.000,I 75,I 75 and Highway 155,,Rear End,2,Clear,Dry,Daylight
2024-12-06T03:06:00.000,I 75,I 75 and Highway 155,,Not a Collision with Motor Vehicle,1,Clear,Dry,Dark-Lighted
2024-07-02T20:02:00.000,I 75,I 75 and Highway 155,,Sideswipe-Same Direction,2,Clear,Dry,Daylight
2024-02-06T08:39:00.000,I 75,I 75 and Highway 155,,Not a Collision with Motor Vehicle,1,Clear,Dry,Daylight
2024-07-15T15:03:00.000,I 75,I 75 and Highway 155,,Rear End,3,Clear,Dry,Daylight
2024-11-27T20:20:00.000,I 75,I 75 and Highway 155,,Rear End,4,Clear,Dry,Dark-Not Lighted
2024-06-28T06:40:00.000,I 75,I 75 and Highway 155,,Sideswipe-Same Direction,2,Cloudy,Dry,Daylight
2024-10-05T15:52:00.000,I 75,I 75 and Highway 155,,Sideswipe-Same Direction,2,Clear,Dry,Daylight
2024-07-19T15:35:00.000,I 75,I 75 and Highway 155,,Sideswipe-Same Direction,2,Cloudy,Dry,Daylight
2024-12-17T10:15:00.000,I 75,I 75 and Highway 155,,Rear End,2,Clear,Dry,Daylight
2024-03-27T09:11:00.000,I 75,I 75 and Highway 155,,Not a Collision with Motor Vehicle,1,Cloudy,Wet,Daylight
2024-07-03T18:50:00.000,I 75,I 75 and Highway 155,,Sideswipe-Same Direction,2,Clear,Dry,Daylight
2024-06-02T13:36:00.000,I 75,I 75 and Highway 155,,Rear End,2,Clear,Dry,Daylight
2024-04-19T12:08:00.000,I 75,I 75 and Highway 155,,Not a Collision with Motor Vehicle,1,Clear,Dry,Daylight
2024-03-23T07:31:00.000,I 75,I 75 and Highway 155,,Sideswipe-Same Direction,2,Rain,Wet,Daylight
2024-10-30T15:01:00.000,I 75,I 75 and Highway 155,,Not a Collision with Motor Vehicle,2,Cloudy,Dry,Daylight
2024-11-08T22:05:00.000,I 75,I 75 and Highway 155,,Sideswipe-Same Direction,2,Clear,Dry,Dark-Not Lighted
2024-04-03T20:30:00.000,I 75,I 75 and Highway 155,,Sideswipe-Same Direction,2,Clear,Dry,Dark-Not Lighted
2024-11-15T14:34:00.000,I 75,I 75 and Highway 155,,Rear End,2,Clear,Dry,Daylight
2024-10-28T01:26:00.000,I 75,I 75 and Highway 155,,Not a Collision with Motor Vehicle,1,Clear,Dry,Dark-Not Lighted
2024-04-02T08:53:00.000,I 75,I 75 and Highway 155,,Sideswipe-Same Direction,2,Clear,Dry,Daylight
2024-01-06T20:27:00.000,I 75,I 75 and Highway 155,,Sideswipe-Same Direction,2,Clear,Dry,Dark-Not Lighted
2024-05-08T19:22:00.000,I 75,I 75 and Highway 155,,Not a Collision with Motor Vehicle,1,Clear,Dry,Daylight
2024-04-01T12:19:00.000,I 75,I 75 and Highway 155,,Rear End,2,Clear,Dry,Daylight
2024-11-03T18:34:00.000,I 75,I 75 and Highway 155,,Rear End,2,Clear,Dry,Dark-Lighted
2024-05-30T16:30:00.000,I 75,I 75 and Highway 155,,Rear End,3,Clear,Dry,Daylight
2024-12-23T06:57:00.000,I 75,I 75 and Highway 155,,Rear End,2,Clear,Dry,Daylight
2024-11-27T14:13:00.000,I 75,I 75 and Highway 155,,Rear End,2,Clear,Dry,Daylight
2024-03-08T15:35:00.000,I 75,I 75 and Highway 155,,Rear End,2,Clear,Dry,Daylight
2024-11-27T14:13:00.000,I 75,I 75 and Highway 155,,Sideswipe-Same Direction,2,Clear,Dry,Daylight
2024-10-26T04:06:00.000,I 75,I 75 and Highway 155,,Not a Collision with Motor Vehicle,1,Clear,Dry,Dark-Lighted
2024-06-15T14:36:00.000,I 75,I 75 and Highway 155,,Rear End,2,Clear,Dry,Daylight
2024-02-24T13:41:00.000,I 75,I 75 and Highway 155,,Rear End,2,Clear,Dry,Daylight
2024-03-21T12:55:00.000,I 75,I 75 and Highway 155,,Rear End,2,Clear,Dry,Daylight
2024-05-05T20:20:00.000,I 75,I 75 and Highway 155,,Not a Collision with Motor Vehicle,1,Rain,Wet,Dusk
2024-04-19T11:47:00.000,I 75,I 75 and Highway 155,,Not a Collision with Motor Vehicle,1,Clear,Dry,Dawn
2024-07-30T08:53:00.000,I 75,I 75 and Highway 155,,Sideswipe-Same Direction,3,Clear,Dry,Daylight
2024-09-28T05:05:00.000,I 75,I 75 and Highway 155,,Not a Collision with Motor Vehicle,1,Clear,Dry,Daylight
2024-02-24T17:31:00.000,I 75,I 75 and Highway 155,,Rear End,2,Clear,Dry,Daylight
2024-05-25T21:18:00.000,I 75,I 75 and Highway 155,,Rear End,2,Cloudy,Dry,Dark-Lighted
2024-05-02T14:45:00.000,I 75,I 75 and Highway 155,,Rear End,2,Clear,Dry,Daylight
2024-02-26T10:45:00.000,I 75,I 75 and Highway 155,,Not a Collision with Motor Vehicle,1,Clear,Dry,Daylight
2024-04-14T16:05:00.000,I 75,I 75 and Highway 155,,Not a Collision with Motor Vehicle,1,Clear,Dry,Daylight
2024-04-01T16:01:00.000,I 75,I 75 and Highway 155,,Rear End,2,Clear,Dry,Daylight
2024-01-28T18:42:00.000,I 75,I 75 and Highway 155,,Rear End,2,Cloudy,Dry,Dark-Lighted
2024-04-20T11:46:00.000,I 75,I 75 and Highway 155,,Rear End,2,Clear,Dry,Daylight
2024-11-01T05:07:00.000,I 75,I 75 and Highway 155,,Sideswipe-Same Direction,2,Clear,Dry,Dark-Not Lighted
2024-03-28T09:15:00.000,I 75,I 75 and Highway 155,,Rear End,2,Clear,Dry,Daylight
2024-06-08T11:02:00.000,I 75,I 75 and Highway 155,,Rear End,3,Clear,Dry,Daylight
2024-03-05T18:20:00.000,I 75,I 75 and Highway 155,,Rear End,2,Rain,Water (standing or moving),Dark-Lighted
2024-07-24T14:53:00.000,I 75,I 75 and Highway 155,,Not a Collision with Motor Vehicle,1,Clear,Dry,Daylight
2024-11-25T18:00:00.000,I 75,I 75 and Highway 155,,Sideswipe-Same Direction,2,Clear,Dry,Dusk
2024-01-02T07:20:00.000,I 75,I 75 and Highway 155,,Sideswipe-Same Direction,4,Clear,Dry,Daylight
2021-07-19T04:26:00.000,I 75,I 75 and Highway 140,,Not a Collision with Motor Vehicle,1,Cloudy,Wet,Dark-Not Lighted
2020-02-29T11:05:00.000,I 75,I 75 and Highway 138W,,Angle Crash,2,Clear,Dry,Daylight
2021-07-30T21:06:00.000,I 75,I 75 and Highway 138W,,Rear End,3,Clear,Dry,Dark-Not Lighted
2021-12-31T19:28:00.000,I 75,I 75 and Highway 138W,,Rear End,2,Cloudy,Wet,Dark-Lighted
2022-05-19T12:47:00.000,I 75,I 75 and Highway 138W,,Rear End,2,Clear,Dry,Daylight
2024-09-09T20:46:00.000,I 75,I 75 and Highway 138W,,Rear End,2,Clear,Dry,Dark-Lighted
2020-06-10T14:57:00.000,I 75,I 75 and Highway 138 W Exit 228,,Sideswipe-Same Direction,2,Cloudy,Dry,Daylight
2021-01-27T09:30:00.000,I 75,I 75 and Highway 138,,Angle Crash,2,Rain,Wet,Daylight
2021-06-08T16:59:00.000,I 75,I 75 and Highway 138,,Angle Crash,2,Cloudy,Wet,Daylight
2021-02-13T12:00:00.000,I 75,I 75 and Highway 138,,Rear End,2,Rain,Wet,Daylight
2021-05-08T12:19:00.000,I 75,I 75 and Highway 138,,Rear End,2,Clear,Dry,Daylight
2021-03-08T16:00:00.000,I 75,I 75 and Highway 138,,Sideswipe-Same Direction,2,Clear,Dry,Daylight
2021-05-21T11:25:00.000,I 75,I 75 and Highway 138,,Rear End,2,Clear,Dry,Daylight
2021-06-30T05:44:00.000,I 75,I 75 and Highway 138,,Sideswipe-Same Direction,2,Clear,Dry,Dawn
2021-02-28T11:46:00.000,I 75,I 75 and Highway 138,,Sideswipe-Same Direction,2,Clear,Dry,Daylight
2021-12-01T20:35:00.000,I 75,I 75 and Highway 138,,Angle Crash,2,Clear,Dry,Dark-Lighted
2021-10-10T20:58:00.000,I 75,I 75 and Highway 138,,Sideswipe-Same Direction,2,Clear,Dry,Dark-Not Lighted
2021-07-25T09:43:00.000,I 75,I 75 and Highway 138,,Rear End,2,Cloudy,Dry,Daylight
2021-12-04T11:02:00.000,I 75,I 75 and Highway 138,,Rear End,2,Clear,Dry,Daylight
2021-09-30T17:03:00.000,I 75,I 75 and Highway 138,,Sideswipe-Same Direction,2,Clear,Dry,Daylight
2021-12-29T12:44:00.000,I 75,I 75 and Highway 138,,Sideswipe-Same Direction,2,Cloudy,Dry,Daylight
2021-06-20T15:57:00.000,I 75,I 75 and Highway 138,,Rear End,2,Clear,Dry,Daylight
2021-05-08T11:43:00.000,I 75,I 75 and Highway 138,,Rear End,2,Clear,Dry,Daylight
2021-03-28T12:22:00.000,I 75,I 75 and Highway 138,,Sideswipe-Opposite Direction,2,Cloudy,Wet,Daylight
2021-04-01T13:00:00.000,I 75,I 75 and Highway 138,,Sideswipe-Same Direction,2,Clear,Dry,Daylight
2021-01-30T03:25:00.000,I 75,I 75 and Highway 138,,Rear End,2,Clear,Dry,Dark-Not Lighted
2021-01-08T16:45:00.000,I 75,I 75 and Highway 138,,Rear End,2,Clear,Dry,Daylight
2021-01-04T08:57:00.000,I 75,I 75 and Highway 138,,Angle Crash,2,Clear,Dry,Daylight
2021-03-19T12:45:00.000,I 75,I 75 and Highway 138,,Rear End,2,Clear,Dry,Daylight
2021-01-21T19:19:00.000,I 75,I 75 and Highway 138,,Sideswipe-Same Direction,2,Clear,Wet,Dark-Not Lighted
2021-02-17T07:00:00.000,I 75,I 75 and Highway 138,,Not a Collision with Motor Vehicle,2,Clear,Dry,Daylight
2021-01-24T11:25:00.000,I 75,I 75 and Highway 138,,Sideswipe-Same Direction,2,Cloudy,Dry,Daylight
2021-06-12T17:17:00.000,I 75,I 75 and Highway 138,,Rear End,2,Cloudy,Dry,Daylight
2021-05-20T11:52:00.000,I 75,I 75 and Highway 138,,Sideswipe-Same Direction,2,Cloudy,Dry,Daylight
2021-08-16T20:48:00.000,I 75,I 75 and Highway 138,,Rear End,2,Rain,Wet,Dark-Not Lighted
2021-08-10T18:56:00.000,I 75,I 75 and Highway 138,,Rear End,2,Clear,Dry,Daylight
2021-08-16T16:42:00.000,I 75,I 75 and Highway 138,,Rear End,2,Cloudy,Dry,Daylight
2021-11-01T22:42:00.000,I 75,I 75 and Highway 138,,Rear End,2,Clear,Dry,Dark-Not Lighted
2021-07-20T13:50:00.000,I 75,I 75 and Highway 138,,Not a Collision with Motor Vehicle,1,Cloudy,Dry,Daylight
2021-12-23T18:45:00.000,I 75,I 75 and Highway 138,,Sideswipe-Same Direction,2,Clear,Dry,Dark-Not Lighted
2021-08-16T19:06:00.000,I 75,I 75 and Highway 138,,Rear End,2,Rain,Wet,Daylight
2021-11-17T18:25:00.000,I 75,I 75 and Highway 138,,Sideswipe-Same Direction,2,Clear,Dry,Dark-Not Lighted
2021-09-03T23:30:00.000,I 75,I 75 and Highway 138,,Rear End,2,Clear,Dry,Dark-Not Lighted
2021-10-01T17:09:00.000,I 75,I 75 and Highway 138,,Rear End,2,Clear,Dry,Daylight
2021-10-05T13:06:00.000,I 75,I 75 and Highway 138,,Not a Collision with Motor Vehicle,2,Rain,Wet,Daylight
2021-06-27T09:18:00.000,I 75,I 75 and Highway 138,,Rear End,5,Cloudy,Dry,Daylight
2021-04-24T19:51:00.000,I 75,I 75 and Highway 138,,Angle Crash,2,Cloudy,Wet,Daylight
2021-03-30T14:20:00.000,I 75,I 75 and Highway 138,,Rear End,2,Clear,Dry,Daylight
2021-02-03T15:15:00.000,I 75,I 75 and Highway 138,,Sideswipe-Same Direction,2,Clear,Dry,Daylight
2021-02-11T13:10:00.000,I 75,I 75 and Highway 138,,Rear End,2,Cloudy,Wet,Daylight
2021-01-08T02:20:00.000,I 75,I 75 and Highway 138,,Not a Collision with Motor Vehicle,1,Rain,Wet,Dark-Not Lighted
2021-04-18T18:00:00.000,I 75,I 75 and Highway 138,,Sideswipe-Same Direction,2,Clear,Dry,Daylight
2021-05-19T22:40:00.000,I 75,I 75 and Highway 138,,Rear End,2,Cloudy,Dry,Dark-Not Lighted
2021-01-28T06:50:00.000,I 75,I 75 and Highway 138,,Rear End,2,Clear,Dry,Dark-Not Lighted
2021-05-13T17:44:00.000,I 75,I 75 and Highway 138,,Rear End,2,Clear,Dry,Daylight
2021-10-24T12:07:00.000,I 75,I 75 and Highway 138,,Angle Crash,2,Clear,Dry,Daylight
2021-07-12T13:15:00.000,I 75,I 75 and Highway 138,,Rear End,2,Cloudy,Dry,Daylight
2021-07-17T15:48:00.000,I 75,I 75 and Highway 138,,Sideswipe-Same Direction,2,Cloudy,Dry,Daylight
2021-08-07T16:18:00.000,I 75,I 75 and Highway 138,,Rear End,3,Cloudy,Dry,Daylight
2021-10-11T18:43:00.000,I 75,I 75 and Highway 138,,Rear End,2,Clear,Dry,Daylight
2021-08-19T07:47:00.000,I 75,I 75 and Highway 138,,Not a Collision with Motor Vehicle,1,Clear,Dry,Daylight
2021-07-16T10:35:00.000,I 75,I 75 and Highway 138,,Rear End,2,Cloudy,Dry,Daylight
2021-09-27T00:31:00.000,I 75,I 75 and Highway 138,,Angle Crash,2,Clear,Dry,Dark-Not Lighted
2021-03-11T12:52:00.000,I 75,I 75 and Highway 138,,Sideswipe-Same Direction,2,Clear,Dry,Daylight
2021-01-13T14:08:00.000,I 75,I 75 and Highway 138,,Not a Collision with Motor Vehicle,1,Cloudy,Dry,Daylight
2021-02-27T14:28:00.000,I 75,I 75 and Highway 138,,Sideswipe-Same Direction,2,Clear,Dry,Daylight
2021-01-18T13:45:00.000,I 75,I 75 and Highway 138,,Not a Collision with Motor Vehicle,1,Clear,Dry,Daylight
2020-08-08T13:55:00.000,I 75,I 75 and Highway 138,,Rear End,2,Clear,Dry,Daylight
2020-08-12T21:40:00.000,I 75,I 75 and Highway 138,,Sideswipe-Same Direction,2,Clear,Dry,Dark-Not Lighted
2020-08-06T09:08:00.000,I 75,I 75 and Highway 138,,Rear End,2,Clear,Dry,Daylight
2020-08-20T17:51:00.000,I 75,I 75 and Highway 138,,Rear End,2,Rain,Wet,Dusk
2020-02-18T16:28:00.000,I 75,I 75 and Highway 138,,Sideswipe-Same Direction,2,Rain,Wet,Daylight
2023-01-07T20:17:00.000,I 75,I 75 and Highway 138,,Rear End,3,Clear,Dry,Dark-Not Lighted
2023-11-09T11:25:00.000,I 75,I 75 and Highway 138,,Rear End,2,Clear,Dry,Daylight
2023-11-28T14:27:00.000,I 75,I 75 and Highway 138,,Rear End,2,Clear,Dry,Daylight
2023-01-22T06:24:00.000,I 75,I 75 and Highway 138,,Not a Collision with Motor Vehicle,1,Rain,Water (standing or moving),Dark-Lighted
2023-10-09T17:15:00.000,I 75,I 75 and Highway 138,,Rear End,2,Clear,Dry,Daylight
2023-03-09T19:36:00.000,I 75,I 75 and Highway 138,,Rear End,2,Rain,Wet,Dark-Not Lighted
2023-06-27T08:00:00.000,I 75,I 75 and Highway 138,,Rear End,2,Clear,Dry,Daylight
2023-08-07T10:13:00.000,I 75,I 75 and Highway 138,,Rear End,2,Clear,Dry,Daylight
2023-06-21T12:24:00.000,I 75,I 75 and Highway 138,,Rear End,3,Clear,Dry,Daylight
2023-10-29T12:33:00.000,I 75,I 75 and Highway 138,,Rear End,2,Clear,Dry,Daylight
2023-12-09T13:51:00.000,I 75,I 75 and Highway 138,,Rear End,2,Cloudy,Wet,Daylight
2023-08-09T13:48:00.000,I 75,I 75 and Highway 138,,Rear End,2,Clear,Dry,Daylight
2023-08-02T11:10:00.000,I 75,I 75 and Highway 138,,Not a Collision with Motor Vehicle,2,Clear,Dry,Daylight
2023-05-17T19:01:00.000,I 75,I 75 and Highway 138,,Rear End,2,Cloudy,Wet,Daylight
2023-12-12T22:56:00.000,I 75,I 75 and Highway 138,,Not a Collision with Motor Vehicle,1,Clear,Dry,Dark-Lighted