Date and Time,Roadway (From Crash Report),Intersection Name (from Crash Report),KABCO Severity,Manner of Collision (Crash Level) ,# of Vehicles per crash ,Weather Conditions (Crash Level),Surface Condition (Crash Level) ,Light Conditions (Crash Level)
2023-09-15T12:12:00.000,I 75,I 75 and Highway 138,,Rear End,2,Rain,Wet,Daylight
2023-09-15T18:06:00.000,I 75,I 75 and Highway 138,,Rear End,2,Cloudy,Dry,Daylight
2023-06-04T11:11:00.000,I 75,I 75 and Highway 138,,Not a Collision with Motor Vehicle,1,Clear,Dry,Daylight
2023-11-04T18:23:00.000,I 75,I 75 and Highway 138,,Sideswipe-Same Direction,2,Clear,Dry,Daylight
2023-12-23T12:17:00.000,I 75,I 75 and Highway 138,,Rear End,2,Clear,Dry,Daylight
2023-04-03T08:04:00.000,I 75,I 75 and Highway 138,,Sideswipe-Same Direction,2,Clear,Dry,Daylight
2023-08-06T13:32:00.000,I 75,I 75 and Highway 138,,Sideswipe-Same Direction,2,Cloudy,Dry,Daylight
2023-07-18T21:46:00.000,I 75,I 75 and Highway 138,,Rear End,2,Clear,Dry,Dark-Not Lighted
2023-10-01T16:47:00.000,I 75,I 75 and Highway 138,,Angle Crash,2,Clear,Dry,Daylight
2023-06-05T12:58:00.000,I 75,I 75 and Highway 138,,Rear End,2,Clear,Dry,Daylight
2023-01-01T21:32:00.000,I 75,I 75 and Highway 138,,Rear End,2,Clear,Dry,Dark-Lighted
2023-08-07T13:55:00.000,I 75,I 75 and Highway 138,,Sideswipe-Same Direction,2,Clear,Dry,Daylight
2023-09-16T12:23:00.000,I 75,I 75 and Highway 138,,Rear End,2,Rain,Wet,Daylight
2023-02-23T16:29:00.000,I 75,I 75 and Highway 138,,Rear End,2,Cloudy,Dry,Daylight
2023-09-11T16:51:00.000,I 75,I 75 and Highway 138,,Rear End,2,Clear,Dry,Daylight
2023-08-07T18:22:00.000,I 75,I 75 and Highway 138,,Not a Collision with Motor Vehicle,1,Rain,Wet,Dusk
2023-03-23T18:30:00.000,I 75,I 75 and Highway 138,,Rear End,2,Clear,Dry,Daylight
2023-09-15T08:07:00.000,I 75,I 75 and Highway 138,,Rear End,2,Cloudy,Dry,Daylight
2023-12-19T21:35:00.000,I 75,I 75 and Highway 138,,Sideswipe-Same Direction,2,Clear,Dry,Dark-Lighted
2023-12-26T10:02:00.000,I 75,I 75 and Highway 138,,Rear End,2,Rain,Wet,Daylight
2023-04-21T13:26:00.000,I 75,I 75 and Highway 138,,Rear End,2,Clear,Dry,Daylight
2023-07-07T19:49:00.000,I 75,I 75 and Highway 138,,Sideswipe-Same Direction,2,Clear,Dry,Daylight
2023-07-09T13:06:00.000,I 75,I 75 and Highway 138,,Rear End,3,Clear,Dry,Daylight
2023-03-29T21:21:00.000,I 75,I 75 and Highway 138,,Rear End,2,Clear,Dry,Dark-Lighted
2023-06-03T21:49:00.000,I 75,I 75 and Highway 138,,Sideswipe-Same Direction,2,Clear,Dry,Dark-Lighted
2023-06-01T09:15:00.000,I 75,I 75 and Highway 138,,Sideswipe-Same Direction,2,Clear,Dry,Daylight
2023-11-07T08:44:00.000,I 75,I 75 and Highway 138,,Sideswipe-Same Direction,2,Clear,Dry,Daylight
2023-03-25T12:45:00.000,I 75,I 75 and Highway 138,,Rear End,2,Clear,Dry,Daylight
2023-07-09T14:40:00.000,I 75,I 75 and Highway 138,,Rear End,2,Clear,Dry,Daylight
2023-05-24T11:30:00.000,I 75,I 75 and Highway 138,,Not a Collision with Motor Vehicle,1,Clear,Dry,Daylight
2023-10-13T11:53:00.000,I 75,I 75 and Highway 138,,Rear End,2,Rain,Wet,Daylight
2023-07-27T17:44:00.000,I 75,I 75 and Highway 138,,Rear End,2,Clear,Dry,Daylight
2023-01-08T16:55:00.000,I 75,I 75 and Highway 138,,Rear End,2,Rain,Wet,Dusk
2023-07-03T14:15:00.000,I 75,I 75 and Highway 138,,Rear End,2,Clear,Dry,Daylight
2023-10-08T23:44:00.000,I 75,I 75 and Highway 138,,Rear End,2,Clear,Dry,Dark-Lighted
2023-07-01T02:33:00.000,I 75,I 75 and Highway 138,,Not a Collision with Motor Vehicle,1,Clear,Dry,Dark-Lighted
2023-08-14T07:40:00.000,I 75,I 75 and Highway 138,,Sideswipe-Same Direction,2,Clear,Dry,Daylight
2023-05-26T23:00:00.000,I 75,I 75 and Highway 138,,Rear End,2,Clear,Dry,Dark-Not Lighted
2023-07-22T10:50:00.000,I 75,I 75 and Highway 138,,Angle Crash,2,Rain,Wet,Daylight
2023-07-24T23:00:00.000,I 75,I 75 and Highway 138,,Rear End,2,Clear,Dry,Dark-Lighted
2023-09-17T16:37:00.000,I 75,I 75 and Highway 138,,Rear End,2,Clear,Dry,Daylight
2023-11-07T14:36:00.000,I 75,I 75 and Highway 138,,Sideswipe-Same Direction,2,Clear,Dry,Daylight
2023-03-02T07:33:00.000,I 75,I 75 and Highway 138,,Angle Crash,2,Cloudy,Dry,Daylight
2022-12-25T16:55:00.000,I 75,I 75 and Highway 138,,Sideswipe-Same Direction,2,Clear,Dry,Daylight
2022-07-30T01:40:00.000,I 75,I 75 and Highway 138,,Not a Collision with Motor Vehicle,1,Rain,Wet,Dark-Not Lighted
2022-04-01T10:50:00.000,I 75,I 75 and Highway 138,,Rear End,4,Clear,Dry,Daylight
2022-10-21T00:40:00.000,I 75,I 75 and Highway 138,,Not a Collision with Motor Vehicle,1,Other,Other,Dark-Not Lighted
2022-06-29T09:00:00.000,I 75,I 75 and Highway 138,,Angle Crash,2,Cloudy,Dry,Daylight
2022-06-30T11:00:00.000,I 75,I 75 and Highway 138,,Rear End,2,Clear,Dry,Daylight
2022-09-27T05:15:00.000,I 75,I 75 and Highway 138,,Not a Collision with Motor Vehicle,1,Clear,Dry,Dark-Not Lighted
2022-12-07T06:10:00.000,I 75,I 75 and Highway 138,,Sideswipe-Same Direction,2,Fog,Dry,Dark-Lighted
2022-09-09T11:35:00.000,I 75,I 75 and Highway 138,,Rear End,2,Clear,Dry,Daylight
2022-07-04T23:42:00.000,I 75,I 75 and Highway 138,,Rear End,2,Rain,Wet,Dark-Lighted
2022-03-20T15:18:00.000,I 75,I 75 and Highway 138,,Rear End,2,Clear,Dry,Daylight
2022-08-01T18:02:00.000,I 75,I 75 and Highway 138,,Rear End,2,Clear,Dry,Daylight
2022-10-14T13:40:00.000,I 75,I 75 and Highway 138,,Sideswipe-Same Direction,2,Clear,Dry,Daylight
2020-01-13T06:04:00.000,I 75,I 75 and Highway 138,,Not a Collision with Motor Vehicle,1,Severe Thunderstorm or Tornadic,Wet,Dark-Not Lighted
2021-02-23T15:25:00.000,I 75,I 75 and Highway 138,,Rear End,2,Clear,Dry,Daylight
2023-08-24T21:24:00.000,I 75,I 75 and Highway 138,,Not a Collision with Motor Vehicle,1,Clear,Dry,Dark-Lighted
2020-04-29T18:50:00.000,I 75,I 75 and Highway 138,,Angle Crash,5,Rain,Water (standing or moving),Dusk
2020-11-20T14:30:00.000,I 75,I 75 and Highway 138,,Angle Crash,2,Clear,Dry,Daylight
2020-02-09T16:28:00.000,I 75,I 75 and Highway 138,,Rear End,2,Clear,Dry,Daylight
2020-04-24T21:35:00.000,I 75,I 75 and Highway 138,,Rear End,2,Clear,Dry,Dark-Not Lighted
2020-01-18T23:12:00.000,I 75,I 75 and Highway 138,,Not a Collision with Motor Vehicle,1,Rain,Wet,Dark-Not Lighted
2020-09-29T19:16:00.000,I 75,I 75 and Highway 138,,Sideswipe-Same Direction,2,Clear,Dry,Daylight
2020-12-08T22:45:00.000,I 75,I 75 and Highway 138,,Sideswipe-Same Direction,2,Clear,Dry,Dark-Not Lighted
2020-01-16T04:29:00.000,I 75,I 75 and Highway 138,,Not a Collision with Motor Vehicle,1,Rain,Wet,Dark-Not Lighted
2020-06-03T14:33:00.000,I 75,I 75 and Highway 138,,Not a Collision with Motor Vehicle,2,Cloudy,Dry,Daylight
2020-04-30T16:55:00.000,I 75,I 75 and Highway 138,,Sideswipe-Same Direction,2,Cloudy,Dry,Daylight
2020-11-24T17:11:00.000,I 75,I 75 and Highway 138,,Rear End,2,Cloudy,Dry,Daylight
2020-04-29T13:20:00.000,I 75,I 75 and Highway 138,,Sideswipe-Same Direction,2,Cloudy,Wet,Daylight
2020-12-11T11:02:00.000,I 75,I 75 and Highway 138,,Sideswipe-Same Direction,2,Clear,Dry,Daylight
2020-04-24T21:37:00.000,I 75,I 75 and Highway 138,,Angle Crash,2,Cloudy,Dry,Dark-Not Lighted
2020-10-15T20:15:00.000,I 75,I 75 and Highway 138,,Sideswipe-Same Direction,2,Clear,Dry,Dark-Not Lighted
2020-05-22T16:22:00.000,I 75,I 75 and Highway 138,,Rear End,3,Rain,Dry,Dusk
2020-04-29T18:30:00.000,I 75,I 75 and Highway 138,,Not a Collision with Motor Vehicle,1,Rain,Wet,Dusk
2020-05-18T17:18:00.000,I 75,I 75 and Highway 138,,Sideswipe-Same Direction,2,Clear,Water (standing or moving),Daylight
2020-11-25T10:14:00.000,I 75,I 75 and Highway 138,,Rear End,2,Clear,Dry,Daylight
2020-02-18T21:00:00.000,I 75,I 75 and Highway 138,,Sideswipe-Same Direction,2,Rain,Wet,Dark-Not Lighted
2020-04-29T20:35:00.000,I 75,I 75 and Highway 138,,Rear End,2,Rain,Wet,Dark-Not Lighted
2020-12-17T16:21:00.000,I 75,I 75 and Highway 138,,Angle Crash,2,Clear,Dry,Dusk
2020-08-08T21:21:00.000,I 75,I 75 and Highway 138,,Not a Collision with Motor Vehicle,1,Clear,Dry,Dark-Not Lighted
2020-09-24T16:46:00.000,I 75,I 75 and Highway 138,,Angle Crash,2,Rain,Wet,Daylight
2020-10-08T15:25:00.000,I 75,I 75 and Highway 138,,Rear End,2,Clear,Dry,Daylight
2020-10-04T15:13:00.000,I 75,I 75 and Highway 138,,Rear End,2,Clear,Dry,Daylight
2020-08-09T04:27:00.000,I 75,I 75 and Highway 138,,Sideswipe-Same Direction,2,Clear,Dry,Dark-Not Lighted
2020-01-13T19:53:00.000,I 75,I 75 and Highway 138,,Rear End,2,Cloudy,Wet,Dark-Not Lighted
2020-06-18T15:04:00.000,I 75,I 75 and Highway 138,,Sideswipe-Same Direction,4,Clear,Dry,Daylight
2020-11-30T20:28:00.000,I 75,I 75 and Highway 138,,Rear End,2,Cloudy,Wet,Dark-Lighted
2020-11-23T20:45:00.000,I 75,I 75 and Highway 138,,Sideswipe-Same Direction,2,Clear,Dry,Dark-Not Lighted
2020-11-29T20:42:00.000,I 75,I 75 and Highway 138,,Not a Collision with Motor Vehicle,1,Rain,Wet,Dark-Not Lighted
2020-06-27T12:57:00.000,I 75,I 75 and Highway 138,,Angle Crash,3,Clear,Dry,Daylight
2020-12-30T18:10:00.000,I 75,I 75 and Highway 138,,Rear End,3,Clear,Dry,Dusk
2020-04-09T14:13:00.000,I 75,I 75 and Highway 138,,Sideswipe-Same Direction,2,Clear,Dry,Daylight
2020-08-25T08:27:00.000,I 75,I 75 and Highway 138,,Not a Collision with Motor Vehicle,1,Rain,Water (standing or moving),Daylight
2020-10-25T14:55:00.000,I 75,I 75 and Highway 138,,Rear End,2,Cloudy,Dry,Daylight
2020-07-31T14:25:00.000,I 75,I 75 and Highway 138,,Rear End,2,Clear,Dry,Dark-Lighted
2020-04-19T18:43:00.000,I 75,I 75 and Highway 138,,Not a Collision with Motor Vehicle,1,Rain,Water (standing or moving),Dusk
2020-11-02T19:20:00.000,I 75,I 75 and Highway 138,,Rear End,2,Cloudy,Dry,Dark-Not Lighted
2020-11-26T15:21:00.000,I 75,I 75 and Highway 138,,Not a Collision with Motor Vehicle,1,Clear,Dry,Daylight
2020-07-09T11:20:00.000,I 75,I 75 and Highway 138,,Rear End,2,Clear,Dry,Daylight
2020-08-25T08:27:00.000,I 75,I 75 and Highway 138,,Not a Collision with Motor Vehicle,1,Rain,Water (standing or moving),Daylight
2020-01-11T12:23:00.000,I 75,I 75 and Highway 138,,Not a Collision with Motor Vehicle,1,Rain,Wet,Daylight
2020-07-24T09:11:00.000,I 75,I 75 and Highway 138,,Rear End,2,Clear,Dry,Daylight
2020-12-24T00:00:00.000,I 75,I 75 and Highway 138,,Sideswipe-Same Direction,2,Rain,Wet,Daylight
2020-08-20T18:37:00.000,I 75,I 75 and Highway 138,,Not a Collision with Motor Vehicle,1,Rain,Wet,Dusk
2020-10-30T19:34:00.000,I 75,I 75 and Highway 138,,Rear End,2,Clear,Dry,Dark-Not Lighted
2020-05-27T10:49:00.000,I 75,I 75 and Highway 138,,Not a Collision with Motor Vehicle,1,Rain,Wet,Daylight
2020-07-22T17:30:00.000,I 75,I 75 and Highway 138,,Sideswipe-Same Direction,2,Clear,Dry,Daylight
2020-11-22T17:17:00.000,I 75,I 75 and Highway 138,,Rear End,3,Clear,Dry,Dark-Not Lighted
2020-11-30T12:06:00.000,I 75,I 75 and Highway 138,,Not a Collision with Motor Vehicle,2,Cloudy,Dry,Daylight
2020-07-31T17:28:00.000,I 75,I 75 and Highway 138,,Sideswipe-Same Direction,2,Cloudy,Dry,Daylight
2020-03-20T19:35:00.000,I 75,I 75 and Highway 138,,Sideswipe-Same Direction,2,Clear,Dry,Dusk
2020-10-16T08:53:00.000,I 75,I 75 and Highway 138,,Rear End,2,Clear,Dry,Daylight
2020-07-28T14:04:00.000,I 75,I 75 and Highway 138,,Rear End,2,Cloudy,Dry,Daylight
2020-02-10T21:30:00.000,I 75,I 75 and Highway 138,,Not a Collision with Motor Vehicle,1,Rain,Wet,Dark-Not Lighted
2020-12-24T08:30:00.000,I 75,I 75 and Highway 138,,Angle Crash,2,Rain,Wet,Daylight
2020-05-06T19:23:00.000,I 75,I 75 and Highway 138,,Not a Collision with Motor Vehicle,1,Clear,Dry,Daylight
2020-06-20T14:45:00.000,I 75,I 75 and Highway 138,,Rear End,2,Clear,Dry,Daylight
2020-02-18T12:38:00.000,I 75,I 75 and Highway 138,,Sideswipe-Same Direction,2,Rain,Wet,Daylight
2020-01-12T13:52:00.000,I 75,I 75 and Highway 138,,Not a Collision with Motor Vehicle,1,Clear,Dry,Daylight
2021-03-07T08:29:00.000,I 75,I 75 and Highway 138,,Rear End,2,Clear,Dry,Daylight
2021-01-01T15:53:00.000,I 75,I 75 and Highway 138,,Not a Collision with Motor Vehicle,1,Rain,Wet,Daylight
2021-05-12T09:28:00.000,I 75,I 75 and Highway 138,,Rear End,2,Rain,Wet,Daylight
2021-06-14T06:42:00.000,I 75,I 75 and Highway 138,,Rear End,2,Clear,Dry,Daylight
2021-05-09T19:02:00.000,I 75,I 75 and Highway 138,,Rear End,2,Clear,Dry,Daylight
2021-01-23T11:55:00.000,I 75,I 75 and Highway 138,,Rear End,2,Cloudy,Dry,Daylight
2021-04-18T12:53:00.000,I 75,I 75 and Highway 138,,Sideswipe-Same Direction,2,Clear,Dry,Daylight
2021-06-13T15:04:00.000,I 75,I 75 and Highway 138,,Rear End,2,Clear,Dry,Daylight
2021-01-20T10:15:00.000,I 75,I 75 and Highway 138,,Not a Collision with Motor Vehicle,2,Clear,Dry,Daylight
2021-05-22T18:02:00.000,I 75,I 75 and Highway 138,,Head On,2,Clear,Dry,Daylight
2021-04-25T16:02:00.000,I 75,I 75 and Highway 138,,Rear End,2,Clear,Dry,Daylight
2021-01-02T05:25:00.000,I 75,I 75 and Highway 138,,Rear End,2,Fog,Wet,Dark-Not Lighted
2021-01-22T18:43:00.000,I 75,I 75 and Highway 138,,Rear End,2,Clear,Dry,Dark-Lighted
2021-11-28T14:45:00.000,I 75,I 75 and Highway 138,,Rear End,2,Clear,Dry,Daylight
2021-08-01T10:58:00.000,I 75,I 75 and Highway 138,,Rear End,2,Cloudy,Dry,Daylight
2021-08-07T15:56:00.000,I 75,I 75 and Highway 138,,Rear End,2,Cloudy,Dry,Daylight
2021-12-03T11:27:00.000,I 75,I 75 and Highway 138,,Sideswipe-Same Direction,2,Clear,Dry,Daylight
2021-07-31T13:44:00.000,I 75,I 75 and Highway 138,,Rear End,2,Cloudy,Dry,Daylight
2021-09-26T00:11:00.000,I 75,I 75 and Highway 138,,Rear End,2,Clear,Dry,Dark-Not Lighted
2021-10-27T21:50:00.000,I 75,I 75 and Highway 138,,Rear End,2,Rain,Dry,Daylight
2021-12-29T14:05:00.000,I 75,I 75 and Highway 138,,Rear End,2,Cloudy,Dry,Daylight
2021-07-17T17:22:00.000,I 75,I 75 and Highway 138,,Rear End,2,Cloudy,Dry,Daylight
2021-10-27T21:50:00.000,I 75,I 75 and Highway 138,,Rear End,2,Rain,Dry,Daylight
2021-11-19T15:58:00.000,I 75,I 75 and Highway 138,,Rear End,2,Clear,Dry,Daylight
2021-12-09T17:44:00.000,I 75,I 75 and Highway 138,,Rear End,2,Cloudy,Dry,Dark-Not Lighted
2021-12-19T11:25:00.000,I 75,I 75 and Highway 138,,Rear End,2,Cloudy,Wet,Daylight
2021-10-17T05:05:00.000,I 75,I 75 and Highway 138,,Not a Collision with Motor Vehicle,1,Clear,Dry,Dark-Not Lighted
2021-12-01T18:08:00.000,I 75,I 75 and Highway 138,,Rear End,2,Clear,Dry,Dark-Lighted
2021-11-27T12:00:00.000,I 75,I 75 and Highway 138,,Rear End,2,Clear,Dry,Daylight
2021-08-07T07:10:00.000,I 75,I 75 and Highway 138,,Rear End,4,Clear,Dry,Daylight
2021-09-13T16:15:00.000,I 75,I 75 and Highway 138,,Sideswipe-Same Direction,2,Clear,Dry,Daylight
2021-09-06T16:04:00.000,I 75,I 75 and Highway 138,,Rear End,3,Cloudy,Wet,Daylight
2022-10-11T09:01:00.000,I 75,I 75 and Highway 138,,Angle Crash,2,Clear,Dry,Daylight
2022-10-10T10:02:00.000,I 75,I 75 and Highway 138,,Rear End,2,Clear,Dry,Daylight
2022-10-30T15:35:00.000,I 75,I 75 and Highway 138,,Rear End,2,Rain,Wet,Daylight
2022-09-20T17:45:00.000,I 75,I 75 and Highway 138,,Sideswipe-Same Direction,2,Cloudy,Dry,Daylight
2022-04-14T09:20:00.000,I 75,I 75 and Highway 138,,Rear End,2,Cloudy,Dry,Daylight
2022-03-05T16:40:00.000,I 75,I 75 and Highway 138,,Rear End,2,Clear,Dry,Daylight
2022-09-21T13:58:00.000,I 75,I 75 and Highway 138,,Rear End,2,Clear,Dry,Daylight
2022-10-08T12:02:00.000,I 75,I 75 and Highway 138,,Rear End,2,Cloudy,Dry,Daylight
2022-03-11T11:18:00.000,I 75,I 75 and Highway 138,,Sideswipe-Same Direction,2,Cloudy,Dry,Daylight
2021-09-11T16:33:00.000,I 75,I 75 and Highway 138,,Angle Crash,2,Clear,Dry,Daylight
2021-10-05T22:46:00.000,I 75,I 75 and Highway 138,,Sideswipe-Same Direction,2,Clear,Dry,Dark-Not Lighted
2021-08-19T16:51:00.000,I 75,I 75 and Highway 138,,Rear End,2,Cloudy,Dry,Daylight
2021-09-20T08:06:00.000,I 75,I 75 and Highway 138,,Sideswipe-Same Direction,2,Rain,Wet,Daylight
2021-11-11T12:15:00.000,I 75,I 75 and Highway 138,,Rear End,3,Cloudy,Dry,Daylight
2022-01-07T19:53:00.000,I 75,I 75 and Highway 138,,Rear End,3,Clear,Dry,Dark-Not Lighted
2022-03-19T16:48:00.000,I 75,I 75 and Highway 138,,Rear End,2,Clear,Dry,Daylight
2022-05-31T12:29:00.000,I 75,I 75 and Highway 138,,Rear End,2,Clear,Dry,Daylight
2022-03-04T22:42:00.000,I 75,I 75 and Highway 138,,Rear End,2,Clear,Dry,Dark-Not Lighted
2022-06-25T14:52:00.000,I 75,I 75 and Highway 138,,Rear End,2,Clear,Dry,Daylight
2022-07-05T10:54:00.000,I 75,I 75 and Highway 138,,Rear End,2,Clear,Dry,Daylight
2022-08-05T03:00:00.000,I 75,I 75 and Highway 138,,Sideswipe-Same Direction,2,Clear,Dry,Dark-Not Lighted
2022-05-12T11:15:00.000,I 75,I 75 and Highway 138,,Rear End,2,Clear,Dry,Daylight
2022-10-28T15:51:00.000,I 75,I 75 and Highway 138,,Rear End,2,Clear,Dry,Daylight
2022-09-18T16:57:00.000,I 75,I 75 and Highway 138,,Angle Crash,2,Clear,Dry,Daylight
2022-04-18T15:59:00.000,I 75,I 75 and Highway 138,,Angle Crash,2,Clear,Dry,Daylight
2022-10-21T21:15:00.000,I 75,I 75 and Highway 138,,Sideswipe-Opposite Direction,2,Clear,Dry,Dark-Lighted
2022-02-26T22:03:00.000,I 75,I 75 and Highway 138,,Not a Collision with Motor Vehicle,1,Clear,Dry,Dark-Not Lighted
2022-07-30T15:00:00.000,I 75,I 75 and Highway 138,,Angle Crash,2,Rain,Wet,Daylight
2022-02-28T17:38:00.000,I 75,I 75 and Highway 138,,Angle Crash,2,Clear,Dry,Daylight
2022-05-30T13:59:00.000,I 75,I 75 and Highway 138,,Rear End,2,Clear,Dry,Daylight
2022-09-27T17:55:00.000,I 75,I 75 and Highway 138,,Rear End,2,Clear,Dry,Daylight
2022-07-24T12:43:00.000,I 75,I 75 and Highway 138,,Rear End,3,Cloudy,Dry,Daylight
2022-03-02T14:43:00.000,I 75,I 75 and Highway 138,,Rear End,2,Clear,Dry,Daylight
2022-12-11T18:35:00.000,I 75,I 75 and Highway 138,,Not a Collision with Motor Vehicle,1,Rain,Wet,Dark-Not Lighted
2022-09-25T17:07:00.000,I 75,I 75 and Highway 138,,Rear End,2,Clear,Dry,Dawn
2022-08-25T06:20:00.000,I 75,I 75 and Highway 138,,Rear End,2,Rain,Wet,Dawn
2022-06-09T23:40:00.000,I 75,I 75 and Highway 138,,Rear End,2,Clear,Dry,Dark-Not Lighted
2022-11-29T22:40:00.000,I 75,I 75 and Highway 138,,Not a Collision with Motor Vehicle,1,Rain,Water (standing or moving),Dark-Not Lighted
2022-10-02T18:43:00.000,I 75,I 75 and Highway 138,,Rear End,2,Clear,Dry,Daylight
2022-05-25T22:04:00.000,I 75,I 75 and Highway 138,,Sideswipe-Same Direction,2,Clear,Dry,Dark-Not Lighted
2022-12-01T12:56:00.000,I 75,I 75 and Highway 138,,Rear End,3,Clear,Dry,Daylight
2022-03-26T13:50:00.000,I 75,I 75 and Highway 138,,Angle Crash,3,Clear,Dry,Daylight
2022-02-18T12:06:00.000,I 75,I 75 and Highway 138,,Rear End,2,Clear,Dry,Daylight
2022-12-07T07:06:00.000,I 75,I 75 and Highway 138,,Sideswipe-Same Direction,2,Clear,Dry,Dawn
2022-10-09T16:33:00.000,I 75,I 75 and Highway 138,,Rear End,2,Clear,Dry,Daylight
2022-09-07T17:30:00.000,I 75,I 75 and Highway 138,,Rear End,2,Clear,Dry,Daylight
2022-10-01T12:38:00.000,I 75,I 75 and Highway 138,,Rear End,2,Clear,Dry,Daylight
2022-02-21T20:35:00.000,I 75,I 75 and Highway 138,,Not a Collision with Motor Vehicle,1,Rain,Wet,Dark-Not Lighted
2022-10-23T17:25:00.000,I 75,I 75 and Highway 138,,Rear End,2,Clear,Dry,Dark-Not Lighted
2022-12-23T14:25:00.000,I 75,I 75 and Highway 138,,Rear End,2,Clear,Dry,Daylight
2022-04-01T16:24:00.000,I 75,I 75 and Highway 138,,Rear End,2,Clear,Dry,Daylight
2022-05-20T00:02:00.000,I 75,I 75 and Highway 138,,Sideswipe-Same Direction,2,Clear,Dry,Dark-Lighted
2022-03-27T11:57:00.000,I 75,I 75 and Highway 138,,Rear End,2,Clear,Dry,Daylight
2022-10-05T06:40:00.000,I 75,I 75 and Highway 138,,Rear End,2,Clear,Dry,Dark-Not Lighted
2022-11-06T18:52:00.000,I 75,I 75 and Highway 138,,Sideswipe-Same Direction,2,Clear,Dry,Dark-Not Lighted
2021-11-01T20:36:00.000,I 75,I 75 and Highway 138,,Rear End,2,Clear,Dry,Dark-Lighted
2021-09-28T21:12:00.000,I 75,I 75 and Highway 138,,Rear End,2,Clear,Dry,Daylight
2021-09-05T12:05:00.000,I 75,I 75 and Highway 138,,Rear End,2,Clear,Dry,Daylight
2021-10-11T00:11:00.000,I 75,I 75 and Highway 138,,Not a Collision with Motor Vehicle,1,Clear,Dry,Dark-Not Lighted
2022-11-14T11:45:00.000,I 75,I 75 and Highway 138,,Rear End,2,Clear,Dry,Daylight
2022-10-18T12:46:00.000,I 75,I 75 and Highway 138,,Rear End,2,Clear,Dry,Daylight
2022-04-08T22:55:00.000,I 75,I 75 and Highway 138,,Angle Crash,2,Cloudy,Dry,Dark-Not Lighted
2022-02-19T13:13:00.000,I 75,I 75 and Highway 138,,Rear End,2,Clear,Dry,Daylight
2022-12-26T14:22:00.000,I 75,I 75 and Highway 138,,Rear End,2,Clear,Dry,Daylight
2022-12-07T23:50:00.000,I 75,I 75 and Highway 138,,Sideswipe-Same Direction,2,Clear,Wet,Dark-Not Lighted
2022-11-27T12:46:00.000,I 75,I 75 and Highway 138,,Rear End,2,Clear,Dry,Daylight
2022-10-12T15:35:00.000,I 75,I 75 and Highway 138,,Sideswipe-Same Direction,2,Rain,Wet,Daylight
2022-04-11T18:24:00.000,I 75,I 75 and Highway 138,,Head On,2,Cloudy,Dry,Daylight
2022-06-26T11:12:00.000,I 75,I 75 and Highway 138,,Rear End,2,Clear,Dry,Daylight
2022-07-04T23:44:00.000,I 75,I 75 and Highway 138,,Angle Crash,2,Rain,Wet,Dark-Not Lighted
2022-09-20T00:03:00.000,I 75,I 75 and Highway 138,,Not a Collision with Motor Vehicle,1,Clear,Dry,Dark-Not Lighted
2022-10-16T17:43:00.000,I 75,I 75 and Highway 138,,Sideswipe-Same Direction,2,Clear,Dry,Dawn
2022-07-19T10:26:00.000,I 75,I 75 and Highway 138,,Not a Collision with Motor Vehicle,1,Rain,Water (standing or moving),Daylight
2022-01-28T15:53:00.000,I 75,I 75 and Highway 138,,Rear End,2,Clear,Dry,Daylight
2022-02-04T07:33:00.000,I 75,I 75 and Highway 138,,Angle Crash,2,Rain,Wet,Daylight
2022-06-02T10:45:00.000,I 75,I 75 and Highway 138,,Rear End,2,Clear,Dry,Daylight
2022-11-19T03:23:00.000,I 75,I 75 and Highway 138,,Not a Collision with Motor Vehicle,1,Clear,Dry,Dark-Lighted
2022-09-16T20:50:00.000,I 75,I 75 and Highway 138,,Rear End,2,Clear,Dry,Dark-Not Lighted
2022-06-03T08:34:00.000,I 75,I 75 and Highway 138,,Rear End,2,Clear,Dry,Daylight
2022-12-27T08:00:00.000,I 75,I 75 and Highway 138,,Not a Collision with Motor Vehicle,1,Clear,Ice/Frost,Daylight
2022-02-21T20:06:00.000,I 75,I 75 and Highway 138,,Rear End,2,Rain,Wet,Dark-Lighted
2022-10-09T18:20:00.000,I 75,I 75 and Highway 138,,Rear End,2,Clear,Dry,Dawn
2022-04-08T14:48:00.000,I 75,I 75 and Highway 138,,Sideswipe-Same Direction,2,Clear,Dry,Daylight