Date and Time,Roadway (From Crash Report),Intersection Name (from Crash Report),KABCO Severity,Manner of Collision (Crash Level) ,# of Vehicles per crash ,Weather Conditions (Crash Level),Surface Condition (Crash Level) ,Light Conditions (Crash Level)
2022-04-01T12:23:00.000,I 75,I 75 and Highway 138,,Rear End,2,Clear,Dry,Daylight
2022-05-31T12:15:00.000,I 75,I 75 and Highway 138,,Rear End,2,Clear,Dry,Daylight
2022-05-02T12:24:00.000,I 75,I 75 and Highway 138,,Rear End,2,Clear,Dry,Daylight
2022-06-01T12:59:00.000,I 75,I 75 and Highway 138,,Sideswipe-Same Direction,2,Clear,Dry,Daylight
2022-01-26T10:55:00.000,I 75,I 75 and Highway 138,,Rear End,5,Clear,Dry,Daylight
2022-03-10T18:16:00.000,I 75,I 75 and Highway 138,,Not a Collision with Motor Vehicle,1,Clear,Dry,Dark-Lighted
2022-12-18T14:41:00.000,I 75,I 75 and Highway 138,,Rear End,2,Clear,Dry,Daylight
2022-11-21T13:30:00.000,I 75,I 75 and Highway 138,,Sideswipe-Same Direction,2,Clear,Dry,Daylight
2022-09-26T01:50:00.000,I 75,I 75 and Highway 138,,Sideswipe-Same Direction,2,Clear,Dry,Daylight
2022-11-07T16:28:00.000,I 75,I 75 and Highway 138,,Sideswipe-Same Direction,3,Clear,Dry,Daylight
2022-05-26T19:11:00.000,I 75,I 75 and Highway 138,,Rear End,2,Clear,Dry,Daylight
2022-05-26T15:28:00.000,I 75,I 75 and Highway 138,,Rear End,2,Rain,Wet,Daylight
2022-02-06T15:58:00.000,I 75,I 75 and Highway 138,,Not a Collision with Motor Vehicle,1,Cloudy,Dry,Daylight
2022-03-31T08:23:00.000,I 75,I 75 and Highway 138,,Sideswipe-Same Direction,2,Rain,Wet,Daylight
2022-11-15T17:12:00.000,I 75,I 75 and Highway 138,,Rear End,2,Rain,Wet,Daylight
2022-03-25T11:03:00.000,I 75,I 75 and Highway 138,,Rear End,2,Clear,Dry,Daylight
2022-09-23T23:26:00.000,I 75,I 75 and Highway 138,,Rear End,2,Clear,Dry,Dark-Lighted
2022-01-06T22:53:00.000,I 75,I 75 and Highway 138,,Sideswipe-Same Direction,2,Clear,Dry,Daylight
2022-02-05T14:28:00.000,I 75,I 75 and Highway 138,,Rear End,2,Clear,Dry,Daylight
2022-10-17T16:30:00.000,I 75,I 75 and Highway 138,,Rear End,2,Clear,Dry,Daylight
2022-02-24T19:40:00.000,I 75,I 75 and Highway 138,,Angle Crash,2,Clear,Dry,Dark-Lighted
2022-08-11T05:42:00.000,I 75,I 75 and Highway 138,,Not a Collision with Motor Vehicle,1,Clear,Dry,Dark-Lighted
2022-06-17T16:25:00.000,I 75,I 75 and Highway 138,,Rear End,2,Clear,Dry,Daylight
2022-10-23T13:54:00.000,I 75,I 75 and Highway 138,,Rear End,2,Clear,Dry,Daylight
2022-04-19T21:02:00.000,I 75,I 75 and Highway 138,,Sideswipe-Same Direction,2,Clear,Dry,Dark-Lighted
2022-08-05T15:03:00.000,I 75,I 75 and Highway 138,,Rear End,2,Clear,Dry,Daylight
2022-03-26T12:17:00.000,I 75,I 75 and Highway 138,,Rear End,2,Clear,Dry,Daylight
2022-07-25T15:12:00.000,I 75,I 75 and Highway 138,,Rear End,2,Clear,Dry,Daylight
2022-10-30T12:27:00.000,I 75,I 75 and Highway 138,,Rear End,2,Cloudy,Wet,Daylight
2022-09-14T08:00:00.000,I 75,I 75 and Highway 138,,Sideswipe-Same Direction,2,Clear,Dry,Daylight
2022-11-23T13:55:00.000,I 75,I 75 and Highway 138,,Rear End,2,Cloudy,Dry,Daylight
2022-07-21T11:00:00.000,I 75,I 75 and Highway 138,,Sideswipe-Same Direction,2,Rain,Wet,Daylight
2022-12-30T10:14:00.000,I 75,I 75 and Highway 138,,Rear End,2,Cloudy,Dry,Daylight
2022-10-20T16:50:00.000,I 75,I 75 and Highway 138,,Sideswipe-Same Direction,2,Clear,Dry,Daylight
2022-11-27T13:04:00.000,I 75,I 75 and Highway 138,,Rear End,2,Clear,Dry,Daylight
2022-06-04T18:05:00.000,I 75,I 75 and Highway 138,,Rear End,2,Clear,Dry,Daylight
2022-10-23T17:43:00.000,I 75,I 75 and Highway 138,,Rear End,2,Clear,Dry,Daylight
2022-01-26T11:35:00.000,I 75,I 75 and Highway 138,,Sideswipe-Same Direction,2,Clear,Dry,Daylight
2022-10-31T13:08:00.000,I 75,I 75 and Highway 138,,Sideswipe-Same Direction,3,Clear,Dry,Daylight
2022-10-11T11:00:00.000,I 75,I 75 and Highway 138,,Sideswipe-Same Direction,2,Clear,Dry,Daylight
2022-03-23T07:37:00.000,I 75,I 75 and Highway 138,,Sideswipe-Same Direction,2,Rain,Water (standing or moving),Daylight
2022-07-27T02:47:00.000,I 75,I 75 and Highway 138,,Rear End,2,Clear,Dry,Dark-Not Lighted
2022-02-20T11:47:00.000,I 75,I 75 and Highway 138,,Sideswipe-Same Direction,2,Clear,Dry,Daylight
2022-11-07T17:10:00.000,I 75,I 75 and Highway 138,,Rear End,2,Clear,Dry,Daylight
2022-11-20T17:56:00.000,I 75,I 75 and Highway 138,,Rear End,3,Clear,Dry,Dark-Not Lighted
2022-01-28T19:35:00.000,I 75,I 75 and Highway 138,,Sideswipe-Same Direction,2,Clear,Dry,Dark-Not Lighted
2022-11-15T12:44:00.000,I 75,I 75 and Highway 138,,Angle Crash,2,Cloudy,Dry,Daylight
2022-10-01T17:15:00.000,I 75,I 75 and Highway 138,,Rear End,2,Clear,Dry,Daylight
2022-04-11T17:04:00.000,I 75,I 75 and Highway 138,,Rear End,2,Clear,Dry,Daylight
2022-08-11T12:26:00.000,I 75,I 75 and Highway 138,,Rear End,2,Cloudy,Dry,Daylight
2022-07-29T15:49:00.000,I 75,I 75 and Highway 138,,Rear End,2,Clear,Dry,Daylight
2022-06-03T10:18:00.000,I 75,I 75 and Highway 138,,Rear End,2,Cloudy,Dry,Daylight
2022-12-11T23:16:00.000,I 75,I 75 and Highway 138,,Not a Collision with Motor Vehicle,1,Fog,Wet,Dark-Not Lighted
2022-03-26T13:54:00.000,I 75,I 75 and Highway 138,,Rear End,2,Clear,Dry,Daylight
2022-11-06T14:52:00.000,I 75,I 75 and Highway 138,,Rear End,2,Clear,Dry,Daylight
2022-11-09T07:54:00.000,I 75,I 75 and Highway 138,,Rear End,3,Clear,Dry,Daylight
2022-03-19T05:55:00.000,I 75,I 75 and Highway 138,,Rear End,2,Clear,Dry,Dark-Not Lighted
2022-11-02T11:57:00.000,I 75,I 75 and Highway 138,,Rear End,3,Clear,Dry,Daylight
2022-03-31T04:48:00.000,I 75,I 75 and Highway 138,,Not a Collision with Motor Vehicle,1,Rain,Wet,Dark-Not Lighted
2022-05-22T03:32:00.000,I 75,I 75 and Highway 138,,Angle Crash,2,Clear,Dry,Dark-Lighted
2022-02-19T21:04:00.000,I 75,I 75 and Highway 138,,Rear End,2,Clear,Dry,Dark-Not Lighted
2022-04-24T01:32:00.000,I 75,I 75 and Highway 138,,Not a Collision with Motor Vehicle,1,Clear,Dry,Dark-Lighted
2022-04-08T15:24:00.000,I 75,I 75 and Highway 138,,Rear End,2,Cloudy,Dry,Daylight
2022-01-07T19:53:00.000,I 75,I 75 and Highway 138,,Rear End,2,Clear,Dry,Dark-Not Lighted
2022-12-14T17:57:00.000,I 75,I 75 and Highway 138,,Rear End,2,Rain,Wet,Dark-Not Lighted
2022-05-15T15:37:00.000,I 75,I 75 and Highway 138,,Rear End,2,Clear,Dry,Daylight
2022-11-23T12:27:00.000,I 75,I 75 and Highway 138,,Rear End,2,Cloudy,Dry,Daylight
2022-09-25T14:14:00.000,I 75,I 75 and Highway 138,,Rear End,2,Clear,Dry,Daylight
2022-10-05T05:27:00.000,I 75,I 75 and Highway 138,,Rear End,3,Clear,Dry,Dark-Lighted
2023-01-12T09:20:00.000,I 75,I 75 and Highway 138,,Rear End,3,Cloudy,Dry,Daylight
2023-06-24T12:33:00.000,I 75,I 75 and Highway 138,,Sideswipe-Same Direction,2,Clear,Dry,Daylight
2023-08-03T18:16:00.000,I 75,I 75 and Highway 138,,Sideswipe-Same Direction,2,Rain,Wet,Daylight
2023-08-21T18:00:00.000,I 75,I 75 and Highway 138,,Rear End,2,Clear,Dry,Daylight
2023-03-27T20:47:00.000,I 75,I 75 and Highway 138,,Rear End,2,Clear,Dry,Dark-Not Lighted
2023-09-23T09:10:00.000,I 75,I 75 and Highway 138,,Angle Crash,2,Clear,Dry,Daylight
2024-09-17T14:30:00.000,I 75,I 75 and Highway 138,,Rear End,2,Cloudy,Dry,Daylight
2024-06-14T10:30:00.000,I 75,I 75 and Highway 138,,Rear End,2,Clear,Dry,Daylight
2024-09-21T15:21:00.000,I 75,I 75 and Highway 138,,Sideswipe-Same Direction,2,Clear,Dry,Daylight
2024-01-02T15:49:00.000,I 75,I 75 and Highway 138,,Rear End,3,Clear,Dry,Daylight
2024-05-11T13:00:00.000,I 75,I 75 and Highway 138,,Rear End,2,Clear,Dry,Daylight
2024-10-05T12:08:00.000,I 75,I 75 and Highway 138,,Rear End,3,Clear,Dry,Daylight
2024-01-06T14:59:00.000,I 75,I 75 and Highway 138,,Rear End,4,Clear,Dry,Daylight
2024-12-15T17:42:00.000,I 75,I 75 and Highway 138,,Rear End,2,Rain,Wet,Dark-Lighted
2024-12-03T11:55:00.000,I 75,I 75 and Highway 138,,Rear End,2,Clear,Dry,Daylight
2024-12-24T16:44:00.000,I 75,I 75 and Highway 138,,Rear End,2,Clear,Dry,Daylight
2024-04-03T15:44:00.000,I 75,I 75 and Highway 138,,Sideswipe-Same Direction,2,Clear,Dry,Daylight
2024-10-12T14:48:00.000,I 75,I 75 and Highway 138,,Sideswipe-Same Direction,2,Clear,Dry,Daylight
2024-08-24T18:43:00.000,I 75,I 75 and Highway 138,,Rear End,2,Clear,Dry,Daylight
2024-12-24T12:01:00.000,I 75,I 75 and Highway 138,,Rear End,2,Clear,Dry,Daylight
2024-08-20T07:52:00.000,I 75,I 75 and Highway 138,,Rear End,2,Clear,Dry,Daylight
2023-12-19T19:35:00.000,I 75,I 75 and Highway 138,,Sideswipe-Same Direction,2,Clear,Dry,Dark-Lighted
2023-10-11T12:38:00.000,I 75,I 75 and Highway 138,,Rear End,2,Cloudy,Dry,Daylight
2024-11-21T19:38:00.000,I 75,I 75 and Highway 138,,Sideswipe-Same Direction,2,Clear,Dry,Dark-Not Lighted
2024-11-25T13:03:00.000,I 75,I 75 and Highway 138,,Head On,2,Clear,Dry,Daylight
2024-10-10T15:35:00.000,I 75,I 75 and Highway 138,,Rear End,2,Clear,Dry,Daylight
2024-07-05T18:15:00.000,I 75,I 75 and Highway 138,,Rear End,2,Clear,Wet,Daylight
2023-06-13T15:09:00.000,I 75,I 75 and Highway 138,,Rear End,2,Clear,Dry,Daylight
2023-04-22T00:21:00.000,I 75,I 75 and Highway 138,,Not a Collision with Motor Vehicle,2,Clear,Dry,Dark-Lighted
2023-01-26T14:17:00.000,I 75,I 75 and Highway 138,,Rear End,2,Clear,Dry,Daylight
2023-04-05T11:48:00.000,I 75,I 75 and Highway 138,,Sideswipe-Same Direction,2,Clear,Dry,Daylight
2023-06-17T07:41:00.000,I 75,I 75 and Highway 138,,Sideswipe-Same Direction,2,Clear,Dry,Daylight
2023-04-26T23:09:00.000,I 75,I 75 and Highway 138,,Rear End,2,Clear,Dry,Dark-Lighted
2023-05-04T13:58:00.000,I 75,I 75 and Highway 138,,Rear End,2,Clear,Dry,Daylight
2023-08-25T03:02:00.000,I 75,I 75 and Highway 138,,Sideswipe-Same Direction,2,Clear,Dry,Dark-Lighted
2023-02-12T08:32:00.000,I 75,I 75 and Highway 138,,Not a Collision with Motor Vehicle,1,Rain,Water (standing or moving),Daylight
2023-07-30T01:43:00.000,I 75,I 75 and Highway 138,,Rear End,2,Clear,Dry,Dark-Not Lighted
2023-02-21T21:59:00.000,I 75,I 75 and Highway 138,,Rear End,2,Clear,Dry,Dark-Lighted
2023-08-14T08:58:00.000,I 75,I 75 and Highway 138,,Rear End,2,Clear,Dry,Daylight
2023-02-15T11:13:00.000,I 75,I 75 and Highway 138,,Rear End,2,Cloudy,Dry,Daylight
2023-05-02T06:05:00.000,I 75,I 75 and Highway 138,,Rear End,2,Clear,Dry,Daylight
2023-03-14T20:50:00.000,I 75,I 75 and Highway 138,,Angle Crash,2,Clear,Dry,Dark-Not Lighted
2023-05-28T03:19:00.000,I 75,I 75 and Highway 138,,Sideswipe-Same Direction,2,Clear,Dry,Dark-Not Lighted
2023-06-05T10:28:00.000,I 75,I 75 and Highway 138,,Rear End,2,Cloudy,Dry,Daylight
2023-02-15T10:00:00.000,I 75,I 75 and Highway 138,,Sideswipe-Same Direction,2,Cloudy,Dry,Daylight
2023-04-10T09:24:00.000,I 75,I 75 and Highway 138,,Rear End,2,Cloudy,Dry,Daylight
2023-05-02T19:23:00.000,I 75,I 75 and Highway 138,,Rear End,2,Clear,Dry,Daylight
2023-06-23T22:10:00.000,I 75,I 75 and Highway 138,,Rear End,2,Clear,Dry,Dark-Lighted
2023-09-01T21:21:00.000,I 75,I 75 and Highway 138,,Rear End,2,Clear,Dry,Dark-Lighted
2023-12-05T10:53:00.000,I 75,I 75 and Highway 138,,Rear End,2,Clear,Dry,Daylight
2023-10-05T23:00:00.000,I 75,I 75 and Highway 138,,Angle Crash,2,Clear,Dry,Dark-Lighted
2023-06-16T15:14:00.000,I 75,I 75 and Highway 138,,Rear End,2,Clear,Dry,Daylight
2023-11-07T09:21:00.000,I 75,I 75 and Highway 138,,Sideswipe-Same Direction,2,Clear,Dry,Daylight
2023-06-02T16:38:00.000,I 75,I 75 and Highway 138,,Rear End,2,Clear,Dry,Daylight
2023-03-02T20:40:00.000,I 75,I 75 and Highway 138,,Rear End,2,Rain,Wet,Dark-Lighted
2023-03-27T00:25:00.000,I 75,I 75 and Highway 138,,Angle Crash,3,Rain,Wet,Dark-Lighted
2023-11-07T06:22:00.000,I 75,I 75 and Highway 138,,Angle Crash,2,Clear,Dry,Daylight
2023-10-29T13:11:00.000,I 75,I 75 and Highway 138,,Rear End,2,Clear,Dry,Daylight
2023-07-22T00:42:00.000,I 75,I 75 and Highway 138,,Sideswipe-Same Direction,2,Clear,Dry,Dark-Lighted
2023-03-04T11:00:00.000,I 75,I 75 and Highway 138,,Rear End,2,Clear,Dry,Daylight
2023-03-11T12:35:00.000,I 75,I 75 and Highway 138,,Rear End,2,Clear,Dry,Daylight
2023-05-24T13:04:00.000,I 75,I 75 and Highway 138,,Rear End,2,Clear,Dry,Daylight
2023-05-17T18:12:00.000,I 75,I 75 and Highway 138,,Rear End,2,Cloudy,Wet,Daylight
2023-01-01T18:25:00.000,I 75,I 75 and Highway 138,,Rear End,2,Clear,Dry,Dark-Lighted
2023-11-03T17:13:00.000,I 75,I 75 and Highway 138,,Angle Crash,2,Clear,Dry,Daylight
2023-08-31T09:40:00.000,I 75,I 75 and Highway 138,,Rear End,2,Clear,Dry,Daylight
2023-10-07T14:08:00.000,I 75,I 75 and Highway 138,,Rear End,3,Clear,Dry,Daylight
2023-11-13T14:29:00.000,I 75,I 75 and Highway 138,,Rear End,2,Clear,Dry,Daylight
2023-04-18T13:00:00.000,I 75,I 75 and Highway 138,,Sideswipe-Same Direction,2,Clear,Dry,Daylight
2023-02-10T00:10:00.000,I 75,I 75 and Highway 138,,Not a Collision with Motor Vehicle,1,Rain,Wet,Dark-Not Lighted
2023-04-30T09:38:00.000,I 75,I 75 and Highway 138,,Not a Collision with Motor Vehicle,1,Rain,Wet,Daylight
2023-01-29T12:10:00.000,I 75,I 75 and Highway 138,,Rear End,2,Cloudy,Dry,Daylight
2023-02-24T23:38:00.000,I 75,I 75 and Highway 138,,Sideswipe-Same Direction,3,Rain,Wet,Dark-Lighted
2023-06-06T14:21:00.000,I 75,I 75 and Highway 138,,Rear End,2,Clear,Dry,Daylight
2023-11-26T15:00:00.000,I 75,I 75 and Highway 138,,Rear End,2,Rain,Wet,Daylight
2023-01-25T17:34:00.000,I 75,I 75 and Highway 138,,Rear End,2,Clear,Dry,Daylight
2023-05-29T14:08:00.000,I 75,I 75 and Highway 138,,Rear End,2,Clear,Dry,Daylight
2023-09-07T08:12:00.000,I 75,I 75 and Highway 138,,Rear End,2,Clear,Dry,Daylight
2023-11-23T19:20:00.000,I 75,I 75 and Highway 138,,Rear End,2,Clear,Dry,Dark-Lighted
2024-05-24T18:52:00.000,I 75,I 75 and Highway 138,,Not a Collision with Motor Vehicle,1,Clear,Dry,Daylight
2024-03-14T16:54:00.000,I 75,I 75 and Highway 138,,Rear End,2,Clear,Dry,Daylight
2024-02-16T18:55:00.000,I 75,I 75 and Highway 138,,Rear End,2,Clear,Dry,Dark-Lighted
2024-04-25T15:44:00.000,I 75,I 75 and Highway 138,,Rear End,2,Clear,Dry,Daylight
2024-11-23T14:19:00.000,I 75,I 75 and Highway 138,,Rear End,2,Clear,Dry,Daylight
2024-08-09T12:43:00.000,I 75,I 75 and Highway 138,,Rear End,2,Clear,Dry,Daylight
2024-01-23T10:37:00.000,I 75,I 75 and Highway 138,,Rear End,2,Cloudy,Wet,Daylight
2024-01-06T04:15:00.000,I 75,I 75 and Highway 138,,Not a Collision with Motor Vehicle,1,Rain,Wet,Dark-Not Lighted
2024-02-11T09:00:00.000,I 75,I 75 and Highway 138,,Not a Collision with Motor Vehicle,1,Rain,Wet,Daylight
2024-10-05T11:14:00.000,I 75,I 75 and Highway 138,,Rear End,2,Clear,Dry,Daylight
2024-04-16T09:01:00.000,I 75,I 75 and Highway 138,,Rear End,2,Clear,Dry,Daylight
2024-10-10T13:04:00.000,I 75,I 75 and Highway 138,,Sideswipe-Same Direction,2,Clear,Dry,Daylight
2024-03-09T07:05:00.000,I 75,I 75 and Highway 138,,Angle Crash,2,Rain,Wet,Daylight
2024-06-07T10:20:00.000,I 75,I 75 and Highway 138,,Sideswipe-Same Direction,2,Clear,Dry,Daylight
2024-12-06T00:00:00.000,I 75,I 75 and Highway 138,,Sideswipe-Same Direction,2,Clear,Dry,Dark-Not Lighted
2024-06-20T12:35:00.000,I 75,I 75 and Highway 138,,Angle Crash,2,Clear,Dry,Daylight
2024-07-07T13:23:00.000,I 75,I 75 and Highway 138,,Rear End,2,Clear,Dry,Daylight
2024-11-08T10:20:00.000,I 75,I 75 and Highway 138,,Rear End,2,Clear,Dry,Daylight
2024-01-06T12:46:00.000,I 75,I 75 and Highway 138,,Rear End,2,Cloudy,Dry,Daylight
2024-07-25T10:55:00.000,I 75,I 75 and Highway 138,,Rear End,2,Clear,Wet,Dawn
2024-09-26T16:25:00.000,I 75,I 75 and Highway 138,,Not a Collision with Motor Vehicle,1,Cloudy,Wet,Daylight
2024-11-12T17:16:00.000,I 75,I 75 and Highway 138,,Rear End,2,Clear,Dry,Daylight
2024-09-20T13:38:00.000,I 75,I 75 and Highway 138,,Rear End,2,Clear,Dry,Daylight
2024-04-12T04:41:00.000,I 75,I 75 and Highway 138,,Rear End,2,Clear,Dry,Dark-Lighted
2024-12-10T18:43:00.000,I 75,I 75 and Highway 138,,Rear End,2,Rain,Wet,Dark-Lighted
2024-03-26T14:05:00.000,I 75,I 75 and Highway 138,,Rear End,2,Rain,Wet,Daylight
2024-04-04T15:15:00.000,I 75,I 75 and Highway 138,,Rear End,2,Clear,Dry,Daylight
2024-02-17T07:00:00.000,I 75,I 75 and Highway 138,,Not a Collision with Motor Vehicle,1,Clear,Dry,Daylight
2024-01-18T00:28:00.000,I 75,I 75 and Highway 138,,Not a Collision with Motor Vehicle,1,Clear,Dry,Dark-Lighted
2024-11-14T09:15:00.000,I 75,I 75 and Highway 138,,Rear End,2,Rain,Wet,Daylight
2024-02-27T11:15:00.000,I 75,I 75 and Highway 138,,Rear End,2,Cloudy,Dry,Daylight
2024-12-31T23:41:00.000,I 75,I 75 and Highway 138,,Rear End,2,Clear,Dry,Dark-Lighted
2024-10-23T22:30:00.000,I 75,I 75 and Highway 138,,Rear End,2,Clear,Dry,Dark-Not Lighted
2024-01-30T14:18:00.000,I 75,I 75 and Highway 138,,Not a Collision with Motor Vehicle,1,Clear,Dry,Daylight
2024-06-10T22:03:00.000,I 75,I 75 and Highway 138,,Sideswipe-Same Direction,2,Clear,Dry,Dark-Not Lighted
2024-02-08T11:25:00.000,I 75,I 75 and Highway 138,,Rear End,3,Clear,Dry,Daylight
2024-12-29T23:14:00.000,I 75,I 75 and Highway 138,,Rear End,2,Clear,Dry,Dark-Lighted
2024-03-17T14:06:00.000,I 75,I 75 and Highway 138,,Rear End,2,Cloudy,Dry,Daylight
2024-02-16T08:35:00.000,I 75,I 75 and Highway 138,,Angle Crash,2,Clear,Dry,Daylight
2024-01-21T12:17:00.000,I 75,I 75 and Highway 138,,Rear End,2,Clear,Dry,Daylight
2024-04-22T16:24:00.000,I 75,I 75 and Highway 138,,Rear End,2,Clear,Dry,Daylight
2024-02-01T11:48:00.000,I 75,I 75 and Highway 138,,Rear End,2,Clear,Dry,Daylight
2024-07-07T12:54:00.000,I 75,I 75 and Highway 138,,Rear End,2,Clear,Dry,Daylight
2024-04-16T11:38:00.000,I 75,I 75 and Highway 138,,Rear End,2,Clear,Dry,Daylight
2024-06-14T16:50:00.000,I 75,I 75 and Highway 138,,Rear End,2,Clear,Dry,Daylight
2024-02-24T12:37:00.000,I 75,I 75 and Highway 138,,Rear End,2,Clear,Dry,Daylight
2024-10-11T16:35:00.000,I 75,I 75 and Highway 138,,Angle Crash,2,Clear,Dry,Daylight
2024-04-15T14:35:00.000,I 75,I 75 and Highway 138,,Rear End,2,Clear,Dry,Daylight
2024-06-28T12:59:00.000,I 75,I 75 and Highway 138,,Rear End,2,Clear,Dry,Daylight
2024-09-12T10:24:00.000,I 75,I 75 and Highway 138,,Rear End,2,Rain,Wet,Daylight
2024-09-30T10:40:00.000,I 75,I 75 and Highway 138,,Rear End,2,Clear,Dry,Daylight
2024-11-04T11:43:00.000,I 75,I 75 and Highway 138,,Rear End,2,Cloudy,Dry,Daylight
2024-11-26T16:52:00.000,I 75,I 75 and Highway 138,,Rear End,3,Clear,Dry,Daylight
2024-04-09T15:30:00.000,I 75,I 75 and Highway 138,,Sideswipe-Same Direction,2,Cloudy,Dry,Daylight
2024-05-07T17:05:00.000,I 75,I 75 and Highway 138,,Rear End,2,Clear,Dry,Daylight
2024-05-11T16:38:00.000,I 75,I 75 and Highway 138,,Rear End,2,Clear,Dry,Daylight
2024-05-24T22:50:00.000,I 75,I 75 and Highway 138,,Sideswipe-Same Direction,2,Cloudy,Wet,Dark-Not Lighted
2024-12-29T06:52:00.000,I 75,I 75 and Highway 138,,Rear End,6,Rain,Wet,Dark-Lighted
2024-07-28T19:36:00.000,I 75,I 75 and Highway 138,,Rear End,2,Rain,Wet,Daylight
2024-07-15T09:00:00.000,I 75,I 75 and Highway 138,,Rear End,2,Clear,Dry,Daylight
2024-07-21T15:09:00.000,I 75,I 75 and Highway 138,,Rear End,2,Clear,Dry,Daylight
2024-10-31T12:55:00.000,I 75,I 75 and Highway 138,,Rear End,4,Clear,Dry,Daylight
2024-01-31T16:38:00.000,I 75,I 75 and Highway 138,,Rear End,2,Clear,Dry,Daylight
2024-02-02T17:28:00.000,I 75,I 75 and Highway 138,,Rear End,2,Clear,Dry,Daylight
2024-03-04T06:08:00.000,I 75,I 75 and Highway 138,,Sideswipe-Same Direction,2,Cloudy,Dry,Dawn
2024-08-11T16:06:00.000,I 75,I 75 and Highway 138,,Rear End,2,Clear,Dry,Daylight
2024-08-01T11:27:00.000,I 75,I 75 and Highway 138,,Rear End,2,Clear,Dry,Daylight
2024-12-14T14:45:00.000,I 75,I 75 and Highway 138,,Rear End,2,Clear,Dry,Daylight
2024-02-04T20:05:00.000,I 75,I 75 and Highway 138,,Not a Collision with Motor Vehicle,1,Rain,Wet,Dark-Not Lighted
2024-01-20T12:00:00.000,I 75,I 75 and Highway 138,,Angle Crash,2,Clear,Dry,Daylight
2024-03-22T20:14:00.000,I 75,I 75 and Highway 138,,Rear End,2,Rain,Wet,Dark-Not Lighted
2022-02-27T15:47:00.000,I 75,I 75 and Highway 136 Resaca,,Sideswipe-Same Direction,3,Cloudy,Wet,Daylight
2021-01-15T17:30:00.000,I 75,I 75 and Highway 122,,(None),2,(None),(None),(None)
2020-08-10T19:05:00.000,I 75,I 75 and Highway 122,,Rear End,2,Rain,Wet,Daylight
2020-11-13T10:22:00.000,I 75,I 75 and Highway 113,,Not a Collision with Motor Vehicle,2,Clear,Dry,Daylight
2024-10-12T15:03:00.000,I 75,I 75 and Highfalls Rd,,Sideswipe-Same Direction,2,Clear,Dry,Daylight
2024-10-13T04:52:00.000,I 75,I 75 and High Way 155,,Not a Collision with Motor Vehicle,1,Clear,Dry,Dark-Lighted
2022-12-22T18:55:00.000,I 75,I 75 and High Fls,,Rear End,2,Cloudy,Wet,Dark-Lighted
2024-12-01T18:55:00.000,I 75,I 75 and High Falls Road Overpass Mile,,Rear End,4,Clear,Dry,Dark-Not Lighted
2023-07-16T02:10:00.000,I 75,I 75 and High Falls Rd Exit 198,,Not a Collision with Motor Vehicle,1,Clear,Dry,Dark-Not Lighted
2021-07-15T22:21:00.000,I 75,I 75 and High Falls Rd,,Not a Collision with Motor Vehicle,1,Clear,Dry,Dark-Not Lighted
2020-08-23T10:45:00.000,I 75,I 75 and High Falls Rd,,Rear End,2,Cloudy,Dry,Daylight
2020-10-18T12:55:00.000,I 75,I 75 and High Falls Rd,,Rear End,3,Clear,Dry,Daylight
2020-10-18T12:55:00.000,I 75,I 75 and High Falls Rd,,Rear End,3,Clear,Dry,Daylight
2024-07-21T14:00:00.000,I 75,I 75 and High Falls Rd,,Rear End,2,Rain,Wet,Daylight
2024-01-25T06:37:00.000,I 75,I 75 and High Falls Rd,,Not a Collision with Motor Vehicle,1,Rain,Wet,Dark-Not Lighted
2023-08-25T01:53:00.000,I 75,I 75 and High Falls Rd,,(None),4,(None),(None),(None)
2024-03-05T14:15:00.000,I 75,I 75 and High Falls Rd,,Sideswipe-Same Direction,2,Rain,Wet,Daylight
2024-07-06T17:30:00.000,I 75,I 75 and High Falls Rd,,Not a Collision with Motor Vehicle,1,Severe Thunderstorm or Tornadic,Wet,Daylight
2021-12-14T04:23:00.000,I 75,I 75 and High Falls Park Rd,,Rear End,2,Clear,Dry,Dark-Not Lighted
2020-11-14T19:15:00.000,I 75,I 75 and High Falls Park Rd,,Rear End,2,Clear,Dry,Dark-Not Lighted
2020-10-08T05:45:00.000,I 75,I 75 and High Falls Park Rd,,Sideswipe-Same Direction,2,Clear,Dry,Dark-Not Lighted
2020-10-08T05:45:00.000,I 75,I 75 and High Falls Park Rd,,Sideswipe-Same Direction,2,Clear,Dry,Dark-Not Lighted
2024-01-13T06:50:00.000,I 75,I 75 and High Falls Park Rd,,(None),1,(None),(None),(None)
2024-01-18T00:00:00.000,I 75,I 75 and High Falls Park Rd,,Sideswipe-Same Direction,2,Clear,Dry,Daylight