Date and Time,Roadway (From Crash Report),Intersection Name (from Crash Report),KABCO Severity,Manner of Collision (Crash Level) ,# of Vehicles per crash ,Weather Conditions (Crash Level),Surface Condition (Crash Level) ,Light Conditions (Crash Level)
2024-12-02T02:40:00.000,I 75,I 75 and High 155,,Sideswipe-Opposite Direction,2,Clear,Dry,Dark-Lighted
2020-10-09T16:06:00.000,I 75,I 75 and Hickory Ridge Dr,,Rear End,2,Clear,Dry,Daylight
2023-11-02T17:59:00.000,I 75,I 75 and Hickory Grv,,Sideswipe-Same Direction,2,Cloudy,Dry,Daylight
2023-11-02T16:01:00.000,I 75,I 75 and Hickory Grv,,Rear End,2,Clear,Dry,Daylight
2022-03-08T15:07:00.000,I 75,I 75 and Hickory Grv,,Rear End,2,Rain,Wet,Daylight
2020-08-10T14:17:00.000,I 75,I 75 and Hickory Grv,,Not a Collision with Motor Vehicle,1,Rain,Wet,Daylight
2020-08-18T11:40:00.000,I 75,I 75 and Hickory Grv,,Sideswipe-Same Direction,2,Cloudy,Dry,Daylight
2022-05-30T03:00:00.000,I 75,I 75 and Hickory Grv,,Sideswipe-Same Direction,2,Cloudy,Dry,Dark-Not Lighted
2024-03-19T18:44:00.000,I 75,I 75 and Hickory Grv,,Rear End,3,Clear,Dry,Daylight
2024-07-09T14:27:00.000,I 75,I 75 and Hickory Grv,,Not a Collision with Motor Vehicle,1,Clear,Dry,Daylight
2024-07-22T10:55:00.000,I 75,I 75 and Hickory Grove Road Underpass,,Sideswipe-Same Direction,2,Cloudy,Dry,Daylight
2021-05-12T08:09:00.000,I 75,I 75 and Hickory Grove Road Opas,,Sideswipe-Same Direction,2,Rain,Wet,Daylight
2022-09-15T07:36:00.000,I 75,I 75 and Hickory Grove Road Opas,,Rear End,2,Clear,Dry,Daylight
2024-10-04T00:00:00.000,I 75,I 75 and Hickory Grove Road Opas,,Rear End,2,Cloudy,Dry,Daylight
2024-12-19T16:21:00.000,I 75,I 75 and Hickory Grove Road Opas,,Rear End,2,Clear,Dry,Daylight
2024-08-09T07:24:00.000,I 75,I 75 and Hickory Grove Road Opas,,Sideswipe-Same Direction,2,Clear,Dry,Daylight
2023-10-23T18:17:00.000,I 75,I 75 and Hickory Grove Road Northwest,,Rear End,3,Clear,Dry,Daylight
2023-10-30T07:55:00.000,I 75,I 75 and Hickory Grove Road Northwest,,Sideswipe-Same Direction,2,Clear,Dry,Daylight
2021-01-26T14:35:00.000,I 75,I 75 and Hickory Grove Rd Opas,,Angle Crash,3,Cloudy,Dry,Daylight
2021-04-22T11:20:00.000,I 75,I 75 and Hickory Grove Rd Opas,,Sideswipe-Same Direction,1,Clear,Dry,Daylight
2021-09-08T13:57:00.000,I 75,I 75 and Hickory Grove Rd Opas,,Not a Collision with Motor Vehicle,1,Rain,Wet,Daylight
2021-07-29T17:38:00.000,I 75,I 75 and Hickory Grove Rd Opas,,Rear End,2,Clear,Dry,Daylight
2020-11-16T17:40:00.000,I 75,I 75 and Hickory Grove Rd Opas,,Rear End,2,Clear,Dry,Dark-Not Lighted
2020-11-20T16:12:00.000,I 75,I 75 and Hickory Grove Rd Opas,,Rear End,2,Clear,Dry,Daylight
2020-02-13T07:27:00.000,I 75,I 75 and Hickory Grove Rd Opas,,Rear End,2,Rain,Wet,Dawn
2021-03-29T18:40:00.000,I 75,I 75 and Hickory Grove Rd Opas,,Rear End,2,Clear,Dry,Daylight
2021-07-29T17:38:00.000,I 75,I 75 and Hickory Grove Rd Opas,,Rear End,2,Clear,Dry,Daylight
2022-07-05T10:00:00.000,I 75,I 75 and Hickory Grove Rd Opas,,Rear End,2,Clear,Dry,Daylight
2024-12-06T18:07:00.000,I 75,I 75 and Hickory Grove Rd Opas,,Rear End,3,Cloudy,Dry,Dark-Lighted
2021-02-22T17:30:00.000,I 75,I 75 and Hickory Grove Rd,,Sideswipe-Same Direction,2,Clear,Dry,Daylight
2021-03-20T05:00:00.000,I 75,I 75 and Hickory Grove Rd,,Not a Collision with Motor Vehicle,1,Cloudy,Dry,Dark-Not Lighted
2021-02-09T19:07:00.000,I 75,I 75 and Hickory Grove Rd,,Sideswipe-Same Direction,2,Cloudy,Dry,Dark-Not Lighted
2021-02-24T19:00:00.000,I 75,I 75 and Hickory Grove Rd,,Rear End,2,Clear,Dry,Dark-Not Lighted
2021-12-02T16:48:00.000,I 75,I 75 and Hickory Grove Rd,,Rear End,2,Clear,Dry,Daylight
2021-07-01T10:49:00.000,I 75,I 75 and Hickory Grove Rd,,Rear End,2,Cloudy,Dry,Daylight
2021-03-19T17:45:00.000,I 75,I 75 and Hickory Grove Rd,,Sideswipe-Same Direction,2,Clear,Dry,Daylight
2021-05-07T21:22:00.000,I 75,I 75 and Hickory Grove Rd,,Sideswipe-Same Direction,2,Clear,Dry,Dark-Not Lighted
2021-05-01T03:56:00.000,I 75,I 75 and Hickory Grove Rd,,Sideswipe-Same Direction,2,Clear,Dry,Dark-Not Lighted
2021-04-05T14:00:00.000,I 75,I 75 and Hickory Grove Rd,,Rear End,2,Clear,Dry,Daylight
2021-11-26T11:30:00.000,I 75,I 75 and Hickory Grove Rd,,Not a Collision with Motor Vehicle,2,Clear,Dry,Daylight
2021-08-31T05:37:00.000,I 75,I 75 and Hickory Grove Rd,,Not a Collision with Motor Vehicle,1,Rain,Wet,Dark-Lighted
2021-07-18T05:05:00.000,I 75,I 75 and Hickory Grove Rd,,Not a Collision with Motor Vehicle,1,Rain,Wet,Dark-Lighted
2021-07-02T19:00:00.000,I 75,I 75 and Hickory Grove Rd,,Sideswipe-Same Direction,2,Clear,Dry,Daylight
2021-12-12T03:55:00.000,I 75,I 75 and Hickory Grove Rd,,Rear End,2,Clear,Dry,Dark-Not Lighted
2021-10-29T02:00:00.000,I 75,I 75 and Hickory Grove Rd,,Not a Collision with Motor Vehicle,1,Cloudy,Dry,Dark-Not Lighted
2021-12-18T12:00:00.000,I 75,I 75 and Hickory Grove Rd,,Not a Collision with Motor Vehicle,1,Rain,Water (standing or moving),Daylight
2021-12-03T15:56:00.000,I 75,I 75 and Hickory Grove Rd,,Rear End,2,Cloudy,Dry,Daylight
2021-03-08T05:58:00.000,I 75,I 75 and Hickory Grove Rd,,Sideswipe-Same Direction,2,Cloudy,Dry,Daylight
2021-05-12T07:45:00.000,I 75,I 75 and Hickory Grove Rd,,Rear End,4,Rain,Wet,Daylight
2021-10-15T14:56:00.000,I 75,I 75 and Hickory Grove Rd,,Rear End,3,Clear,Dry,Daylight
2021-12-03T08:30:00.000,I 75,I 75 and Hickory Grove Rd,,Rear End,2,Clear,Dry,Daylight
2020-08-30T18:53:00.000,I 75,I 75 and Hickory Grove Rd,,Rear End,2,Clear,Dry,Daylight
2020-03-04T22:30:00.000,I 75,I 75 and Hickory Grove Rd,,Sideswipe-Same Direction,2,Rain,Wet,Dark-Not Lighted
2020-05-22T16:10:00.000,I 75,I 75 and Hickory Grove Rd,,Rear End,2,Clear,Dry,Daylight
2023-10-18T17:24:00.000,I 75,I 75 and Hickory Grove Rd,,Rear End,2,Clear,Dry,Daylight
2023-12-20T18:06:00.000,I 75,I 75 and Hickory Grove Rd,,Rear End,3,Clear,Dry,Dark-Lighted
2023-03-29T18:01:00.000,I 75,I 75 and Hickory Grove Rd,,Rear End,3,Clear,Dry,Daylight
2023-02-13T16:44:00.000,I 75,I 75 and Hickory Grove Rd,,Rear End,2,Clear,Dry,Daylight
2023-08-11T13:41:00.000,I 75,I 75 and Hickory Grove Rd,,Sideswipe-Same Direction,2,Clear,Dry,Daylight
2023-12-08T10:03:00.000,I 75,I 75 and Hickory Grove Rd,,Not a Collision with Motor Vehicle,1,Cloudy,Dry,Daylight
2023-04-20T15:24:00.000,I 75,I 75 and Hickory Grove Rd,,Rear End,2,Clear,Dry,Daylight
2023-12-28T16:49:00.000,I 75,I 75 and Hickory Grove Rd,,Rear End,3,Clear,Dry,Daylight
2023-08-22T16:21:00.000,I 75,I 75 and Hickory Grove Rd,,Rear End,2,Clear,Dry,Daylight
2023-12-21T18:28:00.000,I 75,I 75 and Hickory Grove Rd,,Rear End,2,Clear,Dry,Daylight
2023-07-14T15:27:00.000,I 75,I 75 and Hickory Grove Rd,,Rear End,2,Clear,Dry,Daylight
2023-07-06T17:30:00.000,I 75,I 75 and Hickory Grove Rd,,Rear End,2,Clear,Dry,Daylight
2023-02-28T19:45:00.000,I 75,I 75 and Hickory Grove Rd,,Not a Collision with Motor Vehicle,1,Clear,Dry,Dark-Not Lighted
2023-05-01T16:38:00.000,I 75,I 75 and Hickory Grove Rd,,Not a Collision with Motor Vehicle,1,Clear,Dry,Daylight
2023-10-23T15:57:00.000,I 75,I 75 and Hickory Grove Rd,,Sideswipe-Same Direction,2,Cloudy,Dry,Daylight
2023-04-28T16:40:00.000,I 75,I 75 and Hickory Grove Rd,,Rear End,2,Clear,Dry,Daylight
2023-03-30T20:46:00.000,I 75,I 75 and Hickory Grove Rd,,Sideswipe-Same Direction,2,Clear,Dry,Dark-Not Lighted
2023-08-14T16:07:00.000,I 75,I 75 and Hickory Grove Rd,,Rear End,3,Cloudy,Dry,Daylight
2023-05-20T15:18:00.000,I 75,I 75 and Hickory Grove Rd,,Not a Collision with Motor Vehicle,1,Clear,Dry,Daylight
2023-12-20T18:06:00.000,I 75,I 75 and Hickory Grove Rd,,Rear End,2,Clear,Dry,Dark-Lighted
2023-06-01T18:40:00.000,I 75,I 75 and Hickory Grove Rd,,Sideswipe-Same Direction,2,Clear,Dry,Daylight
2023-05-12T17:36:00.000,I 75,I 75 and Hickory Grove Rd,,Rear End,4,Clear,Dry,Daylight
2023-11-22T16:15:00.000,I 75,I 75 and Hickory Grove Rd,,Sideswipe-Same Direction,2,Cloudy,Dry,Daylight
2023-05-26T19:51:00.000,I 75,I 75 and Hickory Grove Rd,,Angle Crash,2,Clear,Dry,Dusk
2023-12-20T18:06:00.000,I 75,I 75 and Hickory Grove Rd,,Rear End,2,Clear,Dry,Dark-Lighted
2023-05-05T16:00:00.000,I 75,I 75 and Hickory Grove Rd,,Rear End,2,Rain,Wet,Daylight
2023-08-16T10:43:00.000,I 75,I 75 and Hickory Grove Rd,,Not a Collision with Motor Vehicle,1,Clear,Dry,Daylight
2023-11-04T11:04:00.000,I 75,I 75 and Hickory Grove Rd,,Rear End,2,Clear,Dry,Daylight
2022-02-18T06:35:00.000,I 75,I 75 and Hickory Grove Rd,,Sideswipe-Same Direction,2,Cloudy,Dry,Dark-Not Lighted
2022-10-13T17:45:00.000,I 75,I 75 and Hickory Grove Rd,,Not a Collision with Motor Vehicle,1,Clear,Dry,Daylight
2020-10-09T19:29:00.000,I 75,I 75 and Hickory Grove Rd,,Rear End,2,Rain,Wet,Dark-Lighted
2023-08-02T17:55:00.000,I 75,I 75 and Hickory Grove Rd,,Rear End,2,Cloudy,Dry,Daylight
2020-12-19T20:10:00.000,I 75,I 75 and Hickory Grove Rd,,Rear End,2,Clear,Dry,Dark-Lighted
2020-11-01T19:15:00.000,I 75,I 75 and Hickory Grove Rd,,Not a Collision with Motor Vehicle,1,Clear,Dry,Dark-Lighted
2020-01-12T14:59:00.000,I 75,I 75 and Hickory Grove Rd,,Sideswipe-Same Direction,2,Clear,Dry,Daylight
2020-05-30T01:30:00.000,I 75,I 75 and Hickory Grove Rd,,Rear End,2,Cloudy,Dry,Dark-Not Lighted
2020-10-08T16:59:00.000,I 75,I 75 and Hickory Grove Rd,,Rear End,2,Clear,Dry,Daylight
2020-09-10T17:25:00.000,I 75,I 75 and Hickory Grove Rd,,Rear End,2,Clear,Dry,Daylight
2020-07-29T21:30:00.000,I 75,I 75 and Hickory Grove Rd,,Not a Collision with Motor Vehicle,2,Clear,Dry,Dark-Not Lighted
2020-06-19T22:47:00.000,I 75,I 75 and Hickory Grove Rd,,Not a Collision with Motor Vehicle,1,Clear,Dry,Dark-Not Lighted
2020-01-13T17:15:00.000,I 75,I 75 and Hickory Grove Rd,,Rear End,2,Cloudy,Dry,Daylight
2020-10-24T21:59:00.000,I 75,I 75 and Hickory Grove Rd,,Sideswipe-Same Direction,2,Rain,Wet,Dark-Not Lighted
2020-11-03T17:45:00.000,I 75,I 75 and Hickory Grove Rd,,Sideswipe-Same Direction,3,Clear,Dry,Dark-Not Lighted
2020-12-18T01:21:00.000,I 75,I 75 and Hickory Grove Rd,,Not a Collision with Motor Vehicle,1,Clear,Dry,Dark-Not Lighted
2020-01-17T17:40:00.000,I 75,I 75 and Hickory Grove Rd,,Rear End,3,Clear,Dry,Daylight
2020-01-17T00:05:00.000,I 75,I 75 and Hickory Grove Rd,,Sideswipe-Same Direction,2,Cloudy,Dry,Dark-Not Lighted
2020-02-09T03:27:00.000,I 75,I 75 and Hickory Grove Rd,,Not a Collision with Motor Vehicle,1,Clear,Dry,Dark-Not Lighted
2020-12-22T23:10:00.000,I 75,I 75 and Hickory Grove Rd,,Not a Collision with Motor Vehicle,1,Clear,Dry,Dark-Lighted
2020-03-07T07:07:00.000,I 75,I 75 and Hickory Grove Rd,,Not a Collision with Motor Vehicle,1,Clear,Dry,Dawn
2020-02-13T22:26:00.000,I 75,I 75 and Hickory Grove Rd,,Angle Crash,2,Clear,Dry,Dark-Lighted
2020-12-19T18:35:00.000,I 75,I 75 and Hickory Grove Rd,,Rear End,2,Clear,Dry,Dark-Lighted
2020-09-10T17:28:00.000,I 75,I 75 and Hickory Grove Rd,,Rear End,3,Cloudy,Dry,Daylight
2021-04-23T05:50:00.000,I 75,I 75 and Hickory Grove Rd,,Sideswipe-Same Direction,2,Cloudy,Dry,Dark-Not Lighted
2021-03-24T18:00:00.000,I 75,I 75 and Hickory Grove Rd,,Rear End,2,Clear,Dry,Daylight
2021-06-09T16:27:00.000,I 75,I 75 and Hickory Grove Rd,,Rear End,3,Rain,Wet,Daylight
2021-06-25T18:00:00.000,I 75,I 75 and Hickory Grove Rd,,Sideswipe-Same Direction,2,Clear,Dry,Daylight
2021-04-13T15:00:00.000,I 75,I 75 and Hickory Grove Rd,,Sideswipe-Same Direction,2,Clear,Dry,Daylight
2021-03-10T19:41:00.000,I 75,I 75 and Hickory Grove Rd,,Angle Crash,2,Clear,Dry,Dark-Not Lighted
2021-04-29T14:15:00.000,I 75,I 75 and Hickory Grove Rd,,Rear End,2,Cloudy,Dry,Daylight
2021-06-04T18:30:00.000,I 75,I 75 and Hickory Grove Rd,,Rear End,3,Clear,Dry,Daylight
2021-09-03T17:12:00.000,I 75,I 75 and Hickory Grove Rd,,Sideswipe-Same Direction,2,Clear,Dry,Daylight
2021-12-03T18:05:00.000,I 75,I 75 and Hickory Grove Rd,,Rear End,2,Clear,Dry,Dark-Not Lighted
2021-07-02T18:42:00.000,I 75,I 75 and Hickory Grove Rd,,Rear End,2,Clear,Dry,Daylight
2021-08-15T17:10:00.000,I 75,I 75 and Hickory Grove Rd,,Rear End,2,Cloudy,Dry,Daylight
2021-07-12T17:00:00.000,I 75,I 75 and Hickory Grove Rd,,Sideswipe-Same Direction,2,Cloudy,Dry,Daylight
2022-09-06T09:10:00.000,I 75,I 75 and Hickory Grove Rd,,Rear End,2,Cloudy,Dry,Daylight
2022-12-30T15:36:00.000,I 75,I 75 and Hickory Grove Rd,,Rear End,2,Cloudy,Dry,Daylight
2022-02-15T09:00:00.000,I 75,I 75 and Hickory Grove Rd,,Sideswipe-Same Direction,2,Clear,Dry,Daylight
2021-07-12T16:17:00.000,I 75,I 75 and Hickory Grove Rd,,Angle Crash,2,Clear,Dry,Daylight
2022-09-05T14:55:00.000,I 75,I 75 and Hickory Grove Rd,,Not a Collision with Motor Vehicle,1,Rain,Wet,Daylight
2022-03-25T16:26:00.000,I 75,I 75 and Hickory Grove Rd,,Sideswipe-Same Direction,2,Cloudy,Dry,Daylight
2022-11-22T15:38:00.000,I 75,I 75 and Hickory Grove Rd,,Rear End,3,Cloudy,Dry,Daylight
2022-01-18T18:03:00.000,I 75,I 75 and Hickory Grove Rd,,Rear End,2,Clear,Dry,Dark-Not Lighted
2022-04-08T09:00:00.000,I 75,I 75 and Hickory Grove Rd,,Sideswipe-Same Direction,2,Clear,Dry,Daylight
2022-05-08T02:53:00.000,I 75,I 75 and Hickory Grove Rd,,Not a Collision with Motor Vehicle,1,Cloudy,Dry,Dark-Not Lighted
2022-10-31T01:00:00.000,I 75,I 75 and Hickory Grove Rd,,Not a Collision with Motor Vehicle,1,Rain,Wet,Dark-Not Lighted
2022-06-07T06:20:00.000,I 75,I 75 and Hickory Grove Rd,,Rear End,3,Cloudy,Dry,Dawn
2022-03-25T16:30:00.000,I 75,I 75 and Hickory Grove Rd,,Rear End,2,Clear,Dry,Daylight
2022-04-01T05:15:00.000,I 75,I 75 and Hickory Grove Rd,,Rear End,4,Clear,Dry,Daylight
2022-10-25T20:45:00.000,I 75,I 75 and Hickory Grove Rd,,Sideswipe-Same Direction,2,Cloudy,Dry,Dark-Not Lighted
2022-05-12T00:00:00.000,I 75,I 75 and Hickory Grove Rd,,Sideswipe-Same Direction,2,Clear,Dry,Daylight
2022-09-26T18:10:00.000,I 75,I 75 and Hickory Grove Rd,,Rear End,2,Clear,Dry,Daylight
2022-12-22T16:15:00.000,I 75,I 75 and Hickory Grove Rd,,Rear End,3,Cloudy,Dry,Daylight
2022-11-22T15:36:00.000,I 75,I 75 and Hickory Grove Rd,,Rear End,2,Cloudy,Dry,Daylight
2022-07-01T14:45:00.000,I 75,I 75 and Hickory Grove Rd,,Rear End,2,Clear,Dry,Daylight
2022-05-15T16:07:00.000,I 75,I 75 and Hickory Grove Rd,,Rear End,2,Clear,Dry,Daylight
2022-11-29T09:00:00.000,I 75,I 75 and Hickory Grove Rd,,Sideswipe-Same Direction,2,Clear,Dry,Daylight
2021-12-13T17:55:00.000,I 75,I 75 and Hickory Grove Rd,,Rear End,2,Clear,Dry,Dark-Not Lighted
2022-02-14T17:20:00.000,I 75,I 75 and Hickory Grove Rd,,Rear End,3,Clear,Dry,Daylight
2022-04-01T17:15:00.000,I 75,I 75 and Hickory Grove Rd,,Rear End,4,Clear,Wet,Daylight
2022-11-09T18:30:00.000,I 75,I 75 and Hickory Grove Rd,,Rear End,3,Clear,Dry,Daylight
2022-09-07T18:45:00.000,I 75,I 75 and Hickory Grove Rd,,Sideswipe-Same Direction,2,Clear,Dry,Daylight
2022-04-07T15:55:00.000,I 75,I 75 and Hickory Grove Rd,,Rear End,2,Clear,Dry,Daylight
2022-10-24T18:55:00.000,I 75,I 75 and Hickory Grove Rd,,Rear End,4,Clear,Dry,Dusk
2022-11-23T15:30:00.000,I 75,I 75 and Hickory Grove Rd,,Rear End,2,Clear,Dry,Daylight
2022-05-31T17:30:00.000,I 75,I 75 and Hickory Grove Rd,,Rear End,2,Clear,Dry,Daylight
2022-06-20T12:05:00.000,I 75,I 75 and Hickory Grove Rd,,Rear End,2,Clear,Dry,Daylight
2022-02-08T05:45:00.000,I 75,I 75 and Hickory Grove Rd,,Not a Collision with Motor Vehicle,1,Cloudy,Dry,Dark-Not Lighted
2022-11-05T07:36:00.000,I 75,I 75 and Hickory Grove Rd,,Angle Crash,3,Cloudy,Dry,Daylight
2022-07-11T17:25:00.000,I 75,I 75 and Hickory Grove Rd,,Rear End,4,Clear,Dry,Daylight
2022-09-24T22:05:00.000,I 75,I 75 and Hickory Grove Rd,,Rear End,2,Clear,Dry,Dark-Lighted
2022-08-11T16:37:00.000,I 75,I 75 and Hickory Grove Rd,,Rear End,2,Rain,Wet,Daylight
2022-03-14T02:36:00.000,I 75,I 75 and Hickory Grove Rd,,Not a Collision with Motor Vehicle,1,Clear,Dry,Dark-Lighted
2022-07-05T15:44:00.000,I 75,I 75 and Hickory Grove Rd,,Rear End,2,Clear,Dry,Daylight
2022-04-28T17:00:00.000,I 75,I 75 and Hickory Grove Rd,,Rear End,2,Clear,Dry,Daylight
2022-07-28T15:40:00.000,I 75,I 75 and Hickory Grove Rd,,Rear End,2,Clear,Dry,Daylight
2022-04-11T03:20:00.000,I 75,I 75 and Hickory Grove Rd,,Sideswipe-Same Direction,2,Cloudy,Dry,Dark-Not Lighted
2022-12-05T06:35:00.000,I 75,I 75 and Hickory Grove Rd,,Rear End,2,Cloudy,Dry,Dark-Not Lighted
2022-03-28T16:15:00.000,I 75,I 75 and Hickory Grove Rd,,Rear End,2,Clear,Dry,Daylight
2022-07-15T16:50:00.000,I 75,I 75 and Hickory Grove Rd,,Rear End,2,Clear,Dry,Daylight
2022-02-25T16:33:00.000,I 75,I 75 and Hickory Grove Rd,,Rear End,2,Clear,Dry,Daylight
2022-01-14T11:00:00.000,I 75,I 75 and Hickory Grove Rd,,Sideswipe-Same Direction,2,Clear,Dry,Daylight
2022-03-04T16:15:00.000,I 75,I 75 and Hickory Grove Rd,,Sideswipe-Same Direction,2,Clear,Dry,Daylight
2022-08-11T16:40:00.000,I 75,I 75 and Hickory Grove Rd,,Rear End,2,Rain,Wet,Daylight
2022-10-05T16:40:00.000,I 75,I 75 and Hickory Grove Rd,,Rear End,2,Clear,Dry,Daylight
2022-08-03T17:14:00.000,I 75,I 75 and Hickory Grove Rd,,Sideswipe-Same Direction,2,Clear,Dry,Daylight
2022-04-29T19:35:00.000,I 75,I 75 and Hickory Grove Rd,,Sideswipe-Same Direction,2,Clear,Dry,Daylight
2022-06-24T09:14:00.000,I 75,I 75 and Hickory Grove Rd,,Sideswipe-Same Direction,2,Clear,Dry,Daylight
2022-09-16T16:15:00.000,I 75,I 75 and Hickory Grove Rd,,Rear End,2,Clear,Dry,Daylight
2023-07-04T14:08:00.000,I 75,I 75 and Hickory Grove Rd,,Rear End,2,Clear,Dry,Daylight
2023-08-25T17:40:00.000,I 75,I 75 and Hickory Grove Rd,,Rear End,3,Clear,Dry,Daylight
2024-04-07T18:00:00.000,I 75,I 75 and Hickory Grove Rd,,Rear End,2,Cloudy,Dry,Daylight
2024-11-07T06:15:00.000,I 75,I 75 and Hickory Grove Rd,,Sideswipe-Same Direction,4,Clear,Dry,Daylight
2024-12-20T18:30:00.000,I 75,I 75 and Hickory Grove Rd,,Rear End,2,Clear,Dry,Dark-Not Lighted
2024-10-07T15:46:00.000,I 75,I 75 and Hickory Grove Rd,,Rear End,2,Clear,Dry,Daylight
2024-05-17T13:30:00.000,I 75,I 75 and Hickory Grove Rd,,Rear End,3,Rain,Wet,Daylight
2024-09-20T19:14:00.000,I 75,I 75 and Hickory Grove Rd,,Rear End,2,Clear,Dry,Daylight
2024-04-03T17:57:00.000,I 75,I 75 and Hickory Grove Rd,,Rear End,2,Clear,Dry,Daylight
2024-03-28T07:06:00.000,I 75,I 75 and Hickory Grove Rd,,Rear End,2,Clear,Dry,Daylight
2024-12-11T13:59:00.000,I 75,I 75 and Hickory Grove Rd,,Angle Crash,2,Cloudy,Dry,Daylight
2024-04-02T13:41:00.000,I 75,I 75 and Hickory Grove Rd,,Not a Collision with Motor Vehicle,1,Cloudy,Dry,Daylight
2024-04-06T20:30:00.000,I 75,I 75 and Hickory Grove Rd,,Sideswipe-Same Direction,2,Clear,Dry,Dark-Not Lighted
2024-01-15T15:14:00.000,I 75,I 75 and Hickory Grove Rd,,Not a Collision with Motor Vehicle,1,Clear,Dry,Daylight
2023-10-27T19:12:00.000,I 75,I 75 and Hickory Grove Rd,,Rear End,2,Clear,Dry,Dark-Not Lighted
2023-07-26T17:02:00.000,I 75,I 75 and Hickory Grove Rd,,Angle Crash,2,Clear,Dry,Daylight
2024-10-21T19:14:00.000,I 75,I 75 and Hickory Grove Rd,,Sideswipe-Same Direction,2,Clear,Dry,Daylight
2024-03-05T14:30:00.000,I 75,I 75 and Hickory Grove Rd,,Sideswipe-Same Direction,2,Cloudy,Dry,Daylight
2023-04-17T14:19:00.000,I 75,I 75 and Hickory Grove Rd,,Sideswipe-Same Direction,2,Clear,Dry,Daylight
2023-08-10T06:40:00.000,I 75,I 75 and Hickory Grove Rd,,Sideswipe-Same Direction,2,Rain,Wet,Dawn
2023-06-09T13:33:00.000,I 75,I 75 and Hickory Grove Rd,,Angle Crash,3,Clear,Dry,Daylight
2023-01-03T17:33:00.000,I 75,I 75 and Hickory Grove Rd,,Rear End,2,Rain,Wet,Dark-Not Lighted
2023-05-27T11:12:00.000,I 75,I 75 and Hickory Grove Rd,,Not a Collision with Motor Vehicle,1,Clear,Dry,Daylight
2023-01-25T12:00:00.000,I 75,I 75 and Hickory Grove Rd,,Rear End,2,Clear,Dry,Daylight
2023-08-04T17:23:00.000,I 75,I 75 and Hickory Grove Rd,,Rear End,2,Clear,Dry,Daylight
2023-11-27T17:44:00.000,I 75,I 75 and Hickory Grove Rd,,Rear End,2,Clear,Dry,Dark-Not Lighted
2023-09-20T17:59:00.000,I 75,I 75 and Hickory Grove Rd,,Angle Crash,3,Cloudy,Dry,Daylight
2023-09-06T08:10:00.000,I 75,I 75 and Hickory Grove Rd,,Rear End,2,Clear,Dry,Daylight
2023-01-24T15:33:00.000,I 75,I 75 and Hickory Grove Rd,,Rear End,2,Clear,Dry,Daylight
2023-07-29T18:38:00.000,I 75,I 75 and Hickory Grove Rd,,Sideswipe-Same Direction,2,Cloudy,Dry,Daylight
2023-11-03T15:09:00.000,I 75,I 75 and Hickory Grove Rd,,Rear End,2,Clear,Dry,Daylight
2023-10-23T16:25:00.000,I 75,I 75 and Hickory Grove Rd,,Rear End,2,Clear,Dry,Daylight
2023-04-26T18:01:00.000,I 75,I 75 and Hickory Grove Rd,,Rear End,2,Cloudy,Dry,Daylight
2023-05-25T18:26:00.000,I 75,I 75 and Hickory Grove Rd,,Rear End,2,Clear,Dry,Daylight
2023-02-07T16:15:00.000,I 75,I 75 and Hickory Grove Rd,,Rear End,3,Clear,Dry,Daylight
2023-01-25T02:45:00.000,I 75,I 75 and Hickory Grove Rd,,Not a Collision with Motor Vehicle,1,Rain,Wet,Dark-Not Lighted
2023-03-09T14:15:00.000,I 75,I 75 and Hickory Grove Rd,,Rear End,2,Rain,Wet,Daylight
2023-09-11T14:12:00.000,I 75,I 75 and Hickory Grove Rd,,Rear End,2,Cloudy,Dry,Daylight
2023-11-01T18:00:00.000,I 75,I 75 and Hickory Grove Rd,,Rear End,2,Clear,Dry,Daylight
2023-09-29T14:29:00.000,I 75,I 75 and Hickory Grove Rd,,Sideswipe-Same Direction,2,Clear,Dry,Daylight
2023-12-23T19:01:00.000,I 75,I 75 and Hickory Grove Rd,,Not a Collision with Motor Vehicle,1,Clear,Dry,Dark-Lighted
2023-12-11T16:13:00.000,I 75,I 75 and Hickory Grove Rd,,Rear End,2,Clear,Dry,Daylight
2023-03-26T12:30:00.000,I 75,I 75 and Hickory Grove Rd,,Sideswipe-Same Direction,2,Cloudy,Dry,Daylight
2023-08-04T19:30:00.000,I 75,I 75 and Hickory Grove Rd,,Rear End,3,Clear,Dry,Dusk
2023-04-11T06:10:00.000,I 75,I 75 and Hickory Grove Rd,,Sideswipe-Same Direction,2,Clear,Dry,Dark-Not Lighted
2023-06-24T11:17:00.000,I 75,I 75 and Hickory Grove Rd,,Rear End,3,Clear,Dry,Daylight
2024-10-22T18:13:00.000,I 75,I 75 and Hickory Grove Rd,,Rear End,2,Clear,Dry,Daylight
2024-07-26T15:40:00.000,I 75,I 75 and Hickory Grove Rd,,Rear End,2,Clear,Dry,Daylight
2024-12-26T13:00:00.000,I 75,I 75 and Hickory Grove Rd,,Not a Collision with Motor Vehicle,1,Cloudy,Dry,Daylight
2024-03-21T16:42:00.000,I 75,I 75 and Hickory Grove Rd,,Sideswipe-Same Direction,2,Clear,Dry,Daylight