Date and Time,Roadway (From Crash Report),Intersection Name (from Crash Report),KABCO Severity,Manner of Collision (Crash Level) ,# of Vehicles per crash ,Weather Conditions (Crash Level),Surface Condition (Crash Level) ,Light Conditions (Crash Level)
2024-01-18T09:29:00.000,I 75,I 75 and Hickory Grove Rd,,Rear End,2,Clear,Dry,Daylight
2024-02-26T17:42:00.000,I 75,I 75 and Hickory Grove Rd,,Sideswipe-Same Direction,2,Clear,Dry,Daylight
2024-06-13T10:11:00.000,I 75,I 75 and Hickory Grove Rd,,Rear End,2,Clear,Dry,Daylight
2024-10-11T19:41:00.000,I 75,I 75 and Hickory Grove Rd,,Sideswipe-Same Direction,2,Clear,Dry,Dark-Not Lighted
2024-09-17T17:35:00.000,I 75,I 75 and Hickory Grove Rd,,Sideswipe-Same Direction,2,Clear,Dry,Daylight
2024-06-04T07:40:00.000,I 75,I 75 and Hickory Grove Rd,,Sideswipe-Same Direction,2,Clear,Dry,Daylight
2024-11-06T18:08:00.000,I 75,I 75 and Hickory Grove Rd,,Rear End,3,Clear,Dry,Dark-Not Lighted
2024-10-22T07:54:00.000,I 75,I 75 and Hickory Grove Rd,,Rear End,2,Clear,Dry,Daylight
2024-06-23T14:07:00.000,I 75,I 75 and Hickory Grove Rd,,Not a Collision with Motor Vehicle,1,Clear,Dry,Daylight
2024-12-17T13:03:00.000,I 75,I 75 and Hickory Grove Rd,,Not a Collision with Motor Vehicle,1,Cloudy,Dry,Daylight
2024-02-03T11:24:00.000,I 75,I 75 and Hickory Grove Rd,,Rear End,2,Clear,Dry,Daylight
2024-08-01T10:20:00.000,I 75,I 75 and Hickory Grove Rd,,Sideswipe-Same Direction,2,Clear,Dry,Daylight
2024-10-12T10:13:00.000,I 75,I 75 and Hickory Grove Rd,,Sideswipe-Same Direction,2,Clear,Dry,Daylight
2024-12-30T07:15:00.000,I 75,I 75 and Hickory Grove Rd,,Sideswipe-Same Direction,2,Clear,Dry,Dawn
2024-09-20T19:09:00.000,I 75,I 75 and Hickory Grove Rd,,Rear End,2,Clear,Dry,Daylight
2024-01-11T17:51:00.000,I 75,I 75 and Hickory Grove Rd,,Sideswipe-Same Direction,2,Clear,Dry,Daylight
2024-09-04T08:49:00.000,I 75,I 75 and Hickory Grove Rd,,Sideswipe-Same Direction,2,Clear,Dry,Daylight
2024-03-07T19:14:00.000,I 75,I 75 and Hickory Grove Rd,,Angle Crash,2,Clear,Dry,Dark-Not Lighted
2024-11-21T09:10:00.000,I 75,I 75 and Hickory Grove Rd,,Rear End,2,Clear,Dry,Daylight
2024-11-26T19:54:00.000,I 75,I 75 and Hickory Grove Rd,,Rear End,3,Clear,Dry,Dark-Not Lighted
2024-06-21T16:20:00.000,I 75,I 75 and Hickory Grove Rd,,Sideswipe-Same Direction,2,Clear,Dry,Daylight
2024-04-26T16:45:00.000,I 75,I 75 and Hickory Grove Rd,,Rear End,2,Cloudy,Dry,Daylight
2024-04-04T18:38:00.000,I 75,I 75 and Hickory Grove Rd,,Angle Crash,2,Clear,Dry,Daylight
2024-12-02T17:41:00.000,I 75,I 75 and Hickory Grove Rd,,Rear End,2,Clear,Dry,Daylight
2024-12-23T14:25:00.000,I 75,I 75 and Hickory Grove Rd,,Rear End,2,Clear,Dry,Daylight
2024-01-05T08:11:00.000,I 75,I 75 and Hickory Grove Rd,,Angle Crash,2,Clear,Dry,Daylight
2024-11-12T05:50:00.000,I 75,I 75 and Hickory Grove Rd,,Angle Crash,3,Cloudy,Dry,Dark-Not Lighted
2024-06-07T17:40:00.000,I 75,I 75 and Hickory Grove Rd,,Rear End,2,Clear,Dry,Daylight
2024-11-21T15:00:00.000,I 75,I 75 and Hickory Grove Rd,,Rear End,2,Clear,Dry,Daylight
2024-06-11T17:30:00.000,I 75,I 75 and Hickory Grove Rd,,Rear End,2,Clear,Dry,Daylight
2024-10-21T18:31:00.000,I 75,I 75 and Hickory Grove Rd,,Rear End,2,Clear,Dry,Daylight
2023-03-31T11:34:00.000,I 75,I 75 and Hickory Grove,,Rear End,2,Cloudy,Dry,Daylight
2023-05-03T12:00:00.000,I 75,I 75 and Hickory Grove,,Sideswipe-Same Direction,2,Clear,Dry,Daylight
2024-12-02T19:04:00.000,I 75,I 75 and Hickory Grove,,Sideswipe-Same Direction,2,Clear,Dry,Dark-Not Lighted
2022-04-01T18:55:00.000,I 75,I 75 and Hickory Grfove Rd,,Rear End,2,Clear,Dry,Daylight
2023-03-23T19:48:00.000,I 75,I 75 and Hickory,,Not a Collision with Motor Vehicle,1,Clear,Dry,Dusk
2023-07-20T19:12:00.000,I 75,I 75 and Hgihway 138,,Not a Collision with Motor Vehicle,1,Clear,Dry,Daylight
2022-08-06T16:26:00.000,I 75,I 75 and Hghway 138,,Rear End,2,Clear,Dry,Daylight
2023-11-17T23:15:00.000,I 75,I 75 and Hawpond Rd,,Sideswipe-Same Direction,2,Clear,Dry,Dark-Not Lighted
2020-12-11T08:59:00.000,I 75,I 75 and Hawpond Rd,,Rear End,2,Clear,Dry,Daylight
2021-10-03T16:51:00.000,I 75,I 75 and Hawpond Rd,,Rear End,2,Clear,Dry,Daylight
2022-10-31T19:05:00.000,I 75,I 75 and Hawpond Rd,,Sideswipe-Opposite Direction,2,Clear,Dry,Dusk
2022-10-26T00:00:00.000,I 75,I 75 and Hawpond Rd,,Sideswipe-Same Direction,2,Clear,Dry,Dark-Not Lighted
2023-01-29T23:15:00.000,I 75,I 75 and Hawpond Rd,,Rear End,2,Clear,Wet,Daylight
2024-09-25T22:45:00.000,I 75,I 75 and Hawpond Rd,,Sideswipe-Same Direction,2,Rain,Wet,Dark-Not Lighted
2024-01-06T11:03:00.000,I 75,I 75 and Hawpond Rd,,Rear End,2,Clear,Wet,Daylight
2024-04-11T04:00:00.000,I 75,I 75 and Hawpond Rd,,Not a Collision with Motor Vehicle,1,Rain,Wet,Dark-Not Lighted
2024-07-27T13:15:00.000,I 75,I 75 and Hawpond Rd,,Not a Collision with Motor Vehicle,1,Severe Thunderstorm or Tornadic,Wet,Daylight
2024-09-12T21:00:00.000,I 75,I 75 and Hawpond Rd,,Not a Collision with Motor Vehicle,1,Cloudy,Dry,Dark-Not Lighted
2024-10-20T18:50:00.000,I 75,I 75 and Hawpond Rd,,Not a Collision with Motor Vehicle,1,Clear,Dry,Daylight
2024-12-01T13:45:00.000,I 75,I 75 and Hawpond Rd,,Not a Collision with Motor Vehicle,1,Clear,Dry,Daylight
2021-01-31T19:20:00.000,I 75,I 75 and Hawkinsville Rd,,Sideswipe-Same Direction,2,Cloudy,Wet,Dark-Lighted
2023-09-01T11:50:00.000,I 75,I 75 and Hawkinsville Rd,,Not a Collision with Motor Vehicle,1,Rain,Wet,Daylight
2023-02-14T17:00:00.000,I 75,I 75 and Hawkinsville Punhurst Rd,,Rear End,2,Clear,Dry,Daylight
2020-03-05T09:12:00.000,I 75,I 75 and Hartley Bridge Rp,,Not a Collision with Motor Vehicle,1,Rain,Water (standing or moving),Daylight
2023-08-08T06:50:00.000,I 75,I 75 and Hartley Bridge Rd On Rp,,Not a Collision with Motor Vehicle,1,Clear,Dry,Daylight
2021-07-02T16:10:00.000,I 75,I 75 and Hartley Bridge Rd Exit-1,,Not a Collision with Motor Vehicle,1,Rain,Wet,Daylight
2023-07-19T20:26:00.000,I 75,I 75 and Hartley Bridge Rd Exit Rp,,Not a Collision with Motor Vehicle,1,Clear,Dry,Dark-Not Lighted
2021-05-02T05:00:00.000,I 75,I 75 and Hartley Bridge Rd Exit Rmp,,Not a Collision with Motor Vehicle,1,Clear,Dry,Dark-Lighted
2024-05-18T06:00:00.000,I 75,I 75 and Hartley Bridge Rd Exit 155,,Angle Crash,2,Rain,Wet,Dawn
2021-10-08T01:40:00.000,I 75,I 75 and Hartley Bridge Rd Exit,,Not a Collision with Motor Vehicle,1,Severe Thunderstorm or Tornadic,Water (standing or moving),Dark-Not Lighted
2021-10-25T15:41:00.000,I 75,I 75 and Hartley Bridge Rd Exit,,Rear End,2,Cloudy,Dry,Daylight
2022-01-12T14:17:00.000,I 75,I 75 and Hartley Bridge Rd Exit,,Sideswipe-Same Direction,2,Clear,Dry,Daylight
2022-03-09T13:14:00.000,I 75,I 75 and Hartley Bridge Rd Exit,,Not a Collision with Motor Vehicle,1,Cloudy,Dry,Daylight
2023-06-28T07:39:00.000,I 75,I 75 and Hartley Bridge Rd Exit,,Sideswipe-Same Direction,2,Clear,Dry,Daylight
2021-06-26T03:55:00.000,I 75,I 75 and Hartley Bridge Rd Entrance Rp,,Not a Collision with Motor Vehicle,1,Clear,Dry,Dark-Lighted
2024-03-14T13:42:00.000,I 75,I 75 and Hartley Bridge Rd Entrance Rp,,Not a Collision with Motor Vehicle,1,Clear,Dry,Daylight
2024-10-20T13:49:00.000,I 75,I 75 and Hartley Bridge Rd Entrance Ramp Exit 155,,Rear End,2,Clear,Dry,Daylight
2021-03-26T13:37:00.000,I 75,I 75 and Hartley Bridge Rd,,Rear End,2,Rain,Water (standing or moving),Daylight
2021-05-07T09:14:00.000,I 75,I 75 and Hartley Bridge Rd,,Not a Collision with Motor Vehicle,1,Clear,Dry,Daylight
2021-10-08T01:45:00.000,I 75,I 75 and Hartley Bridge Rd,,Not a Collision with Motor Vehicle,1,Rain,Wet,Dark-Lighted
2021-05-11T19:10:00.000,I 75,I 75 and Hartley Bridge Rd,,Not a Collision with Motor Vehicle,1,Rain,Wet,Daylight
2021-06-20T02:19:00.000,I 75,I 75 and Hartley Bridge Rd,,Not a Collision with Motor Vehicle,1,Rain,Wet,Dark-Lighted
2021-07-14T18:33:00.000,I 75,I 75 and Hartley Bridge Rd,,Rear End,2,Clear,Dry,Daylight
2021-07-23T15:51:00.000,I 75,I 75 and Hartley Bridge Rd,,Not a Collision with Motor Vehicle,1,Rain,Wet,Daylight
2021-09-21T22:04:00.000,I 75,I 75 and Hartley Bridge Rd,,Angle Crash,2,Rain,Wet,Dark-Lighted
2020-01-21T22:00:00.000,I 75,I 75 and Hartley Bridge Rd,,Angle Crash,2,Clear,Dry,Dark-Lighted
2023-06-13T08:19:00.000,I 75,I 75 and Hartley Bridge Rd,,Sideswipe-Same Direction,2,Cloudy,Dry,Daylight
2023-05-18T10:55:00.000,I 75,I 75 and Hartley Bridge Rd,,Rear End,2,Rain,Wet,Daylight
2022-08-07T19:45:00.000,I 75,I 75 and Hartley Bridge Rd,,Not a Collision with Motor Vehicle,1,Severe Thunderstorm or Tornadic,Water (standing or moving),Dark-Lighted
2022-03-24T02:51:00.000,I 75,I 75 and Hartley Bridge Rd,,Not a Collision with Motor Vehicle,1,Clear,Dry,Dark-Not Lighted
2020-09-06T21:13:00.000,I 75,I 75 and Hartley Bridge Rd,,Not a Collision with Motor Vehicle,1,Clear,Dry,Dark-Not Lighted
2020-11-25T05:51:00.000,I 75,I 75 and Hartley Bridge Rd,,Not a Collision with Motor Vehicle,1,Clear,Dry,Dark-Not Lighted
2020-02-27T08:12:00.000,I 75,I 75 and Hartley Bridge Rd,,Rear End,2,Clear,Dry,Daylight
2020-12-19T05:40:00.000,I 75,I 75 and Hartley Bridge Rd,,Sideswipe-Same Direction,2,Clear,Dry,Dark-Lighted
2020-07-27T15:15:00.000,I 75,I 75 and Hartley Bridge Rd,,Not a Collision with Motor Vehicle,2,Clear,Dry,Daylight
2020-02-10T11:16:00.000,I 75,I 75 and Hartley Bridge Rd,,Sideswipe-Same Direction,2,Cloudy,Dry,Daylight
2020-06-09T16:52:00.000,I 75,I 75 and Hartley Bridge Rd,,Sideswipe-Same Direction,2,Rain,Wet,Daylight
2020-07-06T21:00:00.000,I 75,I 75 and Hartley Bridge Rd,,Sideswipe-Opposite Direction,2,Rain,Wet,Dark-Lighted
2020-03-29T08:57:00.000,I 75,I 75 and Hartley Bridge Rd,,Sideswipe-Same Direction,2,Cloudy,Dry,Daylight
2020-08-01T16:30:00.000,I 75,I 75 and Hartley Bridge Rd,,Not a Collision with Motor Vehicle,2,Clear,Dry,Daylight
2020-11-08T16:15:00.000,I 75,I 75 and Hartley Bridge Rd,,Angle Crash,2,Rain,Wet,Daylight
2020-07-06T18:45:00.000,I 75,I 75 and Hartley Bridge Rd,,Not a Collision with Motor Vehicle,1,Cloudy,Dry,Daylight
2020-12-26T15:44:00.000,I 75,I 75 and Hartley Bridge Rd,,Rear End,2,Clear,Dry,Daylight
2020-12-13T20:20:00.000,I 75,I 75 and Hartley Bridge Rd,,Not a Collision with Motor Vehicle,1,Cloudy,Dry,Dark-Lighted
2020-07-06T21:00:00.000,I 75,I 75 and Hartley Bridge Rd,,Sideswipe-Same Direction,2,Rain,Wet,Dark-Not Lighted
2020-09-09T10:00:00.000,I 75,I 75 and Hartley Bridge Rd,,Angle Crash,2,Cloudy,Dry,Daylight
2020-02-07T14:14:00.000,I 75,I 75 and Hartley Bridge Rd,,Sideswipe-Same Direction,2,Cloudy,Dry,Daylight
2020-09-14T16:00:00.000,I 75,I 75 and Hartley Bridge Rd,,Rear End,2,Cloudy,Dry,Daylight
2021-01-14T14:52:00.000,I 75,I 75 and Hartley Bridge Rd,,Not a Collision with Motor Vehicle,1,Clear,Dry,Daylight
2021-06-15T12:12:00.000,I 75,I 75 and Hartley Bridge Rd,,Rear End,2,Clear,Dry,Daylight
2021-06-19T11:02:00.000,I 75,I 75 and Hartley Bridge Rd,,Rear End,2,Rain,Wet,Daylight
2021-04-29T02:14:00.000,I 75,I 75 and Hartley Bridge Rd,,Rear End,2,Clear,Dry,Dark-Not Lighted
2021-05-14T18:30:00.000,I 75,I 75 and Hartley Bridge Rd,,Rear End,2,Clear,Dry,Daylight
2021-10-26T23:00:00.000,I 75,I 75 and Hartley Bridge Rd,,Not a Collision with Motor Vehicle,1,Clear,Dry,Dark-Lighted
2021-12-31T12:12:00.000,I 75,I 75 and Hartley Bridge Rd,,Rear End,2,Cloudy,Dry,Daylight
2021-07-20T04:40:00.000,I 75,I 75 and Hartley Bridge Rd,,Not a Collision with Motor Vehicle,1,Rain,Wet,Dark-Not Lighted
2021-11-29T00:00:00.000,I 75,I 75 and Hartley Bridge Rd,,Not a Collision with Motor Vehicle,1,Clear,Dry,Dark-Lighted
2022-02-25T09:52:00.000,I 75,I 75 and Hartley Bridge Rd,,Not a Collision with Motor Vehicle,2,Cloudy,Dry,Daylight
2021-10-10T05:41:00.000,I 75,I 75 and Hartley Bridge Rd,,Angle Crash,2,Clear,Dry,Dawn
2021-09-21T18:56:00.000,I 75,I 75 and Hartley Bridge Rd,,Not a Collision with Motor Vehicle,1,Rain,Wet,Daylight
2021-11-13T15:51:00.000,I 75,I 75 and Hartley Bridge Rd,,Angle Crash,2,Clear,Dry,Daylight
2022-04-06T23:27:00.000,I 75,I 75 and Hartley Bridge Rd,,Not a Collision with Motor Vehicle,1,Clear,Wet,Dark-Not Lighted
2022-04-05T11:06:00.000,I 75,I 75 and Hartley Bridge Rd,,Sideswipe-Same Direction,2,Rain,Wet,Daylight
2022-08-06T23:41:00.000,I 75,I 75 and Hartley Bridge Rd,,Not a Collision with Motor Vehicle,2,Clear,Dry,Dark-Not Lighted
2022-08-26T11:30:00.000,I 75,I 75 and Hartley Bridge Rd,,Sideswipe-Same Direction,2,Clear,Dry,Daylight
2022-02-18T17:30:00.000,I 75,I 75 and Hartley Bridge Rd,,Sideswipe-Same Direction,2,Clear,Dry,Daylight
2022-08-07T21:39:00.000,I 75,I 75 and Hartley Bridge Rd,,Not a Collision with Motor Vehicle,1,Cloudy,Wet,Dark-Lighted
2022-09-22T19:52:00.000,I 75,I 75 and Hartley Bridge Rd,,Not a Collision with Motor Vehicle,1,Clear,Dry,Dark-Not Lighted
2022-06-26T19:35:00.000,I 75,I 75 and Hartley Bridge Rd,,Not a Collision with Motor Vehicle,1,Clear,Dry,Daylight
2022-04-01T18:55:00.000,I 75,I 75 and Hartley Bridge Rd,,Not a Collision with Motor Vehicle,1,Clear,Dry,Daylight
2022-08-19T14:51:00.000,I 75,I 75 and Hartley Bridge Rd,,Sideswipe-Same Direction,2,Cloudy,Dry,Daylight
2022-08-21T18:41:00.000,I 75,I 75 and Hartley Bridge Rd,,Angle Crash,2,Rain,Wet,Daylight
2022-04-06T18:05:00.000,I 75,I 75 and Hartley Bridge Rd,,Rear End,2,Severe Thunderstorm or Tornadic,Wet,Daylight
2022-01-11T07:48:00.000,I 75,I 75 and Hartley Bridge Rd,,Sideswipe-Same Direction,2,Clear,Dry,Daylight
2022-05-05T17:51:00.000,I 75,I 75 and Hartley Bridge Rd,,Rear End,2,Clear,Dry,Daylight
2022-05-25T04:40:00.000,I 75,I 75 and Hartley Bridge Rd,,Not a Collision with Motor Vehicle,1,Clear,Dry,Dark-Not Lighted
2022-06-29T18:27:00.000,I 75,I 75 and Hartley Bridge Rd,,Not a Collision with Motor Vehicle,1,Rain,Wet,Dark-Not Lighted
2022-02-19T08:03:00.000,I 75,I 75 and Hartley Bridge Rd,,Not a Collision with Motor Vehicle,1,Clear,Dry,Daylight
2022-09-04T19:05:00.000,I 75,I 75 and Hartley Bridge Rd,,Not a Collision with Motor Vehicle,1,Rain,Wet,Dark-Lighted
2022-12-03T00:08:00.000,I 75,I 75 and Hartley Bridge Rd,,Not a Collision with Motor Vehicle,1,Clear,Dry,Dark-Lighted
2022-01-09T18:44:00.000,I 75,I 75 and Hartley Bridge Rd,,Not a Collision with Motor Vehicle,1,Rain,Wet,Dark-Lighted
2022-03-29T22:52:00.000,I 75,I 75 and Hartley Bridge Rd,,Not a Collision with Motor Vehicle,1,Clear,Dry,Dark-Not Lighted
2023-03-09T21:17:00.000,I 75,I 75 and Hartley Bridge Rd,,Sideswipe-Same Direction,2,Rain,Water (standing or moving),Dark-Not Lighted
2024-07-06T09:22:00.000,I 75,I 75 and Hartley Bridge Rd,,Sideswipe-Same Direction,2,Clear,Dry,Daylight
2024-12-07T11:00:00.000,I 75,I 75 and Hartley Bridge Rd,,Sideswipe-Same Direction,2,Clear,Dry,Daylight
2024-10-22T05:00:00.000,I 75,I 75 and Hartley Bridge Rd,,Sideswipe-Opposite Direction,2,Clear,Dry,Dark-Not Lighted
2024-03-26T17:43:00.000,I 75,I 75 and Hartley Bridge Rd,,Not a Collision with Motor Vehicle,1,Rain,Water (standing or moving),Daylight
2023-03-26T01:05:00.000,I 75,I 75 and Hartley Bridge Rd,,Not a Collision with Motor Vehicle,1,Cloudy,Dry,Dark-Not Lighted
2023-03-31T00:00:00.000,I 75,I 75 and Hartley Bridge Rd,,Angle Crash,2,Clear,Dry,Daylight
2023-09-15T21:00:00.000,I 75,I 75 and Hartley Bridge Rd,,Sideswipe-Same Direction,2,Clear,Dry,Dark-Lighted
2023-03-25T16:53:00.000,I 75,I 75 and Hartley Bridge Rd,,Not a Collision with Motor Vehicle,1,Rain,Wet,Daylight
2023-06-03T15:10:00.000,I 75,I 75 and Hartley Bridge Rd,,Not a Collision with Motor Vehicle,1,Rain,Wet,Daylight
2023-01-19T06:34:00.000,I 75,I 75 and Hartley Bridge Rd,,Rear End,2,Rain,Wet,Dark-Lighted
2024-07-20T04:13:00.000,I 75,I 75 and Hartley Bridge Rd,,Not a Collision with Motor Vehicle,1,Clear,Dry,Dark-Lighted
2024-04-24T06:21:00.000,I 75,I 75 and Hartley Bridge Rd,,Not a Collision with Motor Vehicle,1,Clear,Dry,Dark-Lighted
2024-03-11T20:40:00.000,I 75,I 75 and Hartley Bridge Rd,,Sideswipe-Opposite Direction,2,Clear,Dry,Dark-Lighted
2024-11-11T19:44:00.000,I 75,I 75 and Hartley Bridge Rd,,Rear End,2,Clear,Dry,Dark-Lighted
2024-07-31T00:00:00.000,I 75,I 75 and Hartley Bridge Rd,,Sideswipe-Same Direction,2,Rain,Wet,Daylight
2024-11-23T18:20:00.000,I 75,I 75 and Hartley Bridge Rd,,Sideswipe-Same Direction,2,Clear,Dry,Dark-Not Lighted
2024-07-05T14:06:00.000,I 75,I 75 and Hartley Bridge Rd,,Not a Collision with Motor Vehicle,1,Rain,Wet,Daylight
2024-05-21T03:06:00.000,I 75,I 75 and Hartley Bridge Rd,,Sideswipe-Opposite Direction,2,Clear,Dry,Dark-Not Lighted
2024-11-08T13:21:00.000,I 75,I 75 and Hartley Bridge Rd,,Sideswipe-Same Direction,2,Clear,Dry,Daylight
2024-10-21T08:18:00.000,I 75,I 75 and Hartley Bridge Rd,,Sideswipe-Same Direction,2,Clear,Dry,Daylight
2021-12-14T06:02:00.000,I 75,I 75 and Hartley Bridge Exit,,Not a Collision with Motor Vehicle,1,Clear,Dry,Dark-Lighted
2021-04-11T13:51:00.000,I 75,I 75 and Hartley Bridge Exit,,Rear End,2,Clear,Dry,Daylight
2023-02-11T16:40:00.000,I 75,I 75 and Hartley Bridge Exit,,Rear End,3,Severe Thunderstorm or Tornadic,Water (standing or moving),Daylight
2022-02-21T06:10:00.000,I 75,I 75 and Hartley Bridge 155 Exit Rd,,Rear End,2,Clear,Dry,Dark-Not Lighted
2022-02-24T14:02:00.000,I 75,I 75 and Harold G. Clarke Pkwy,,Rear End,2,Clear,Dry,Daylight
2024-06-16T17:49:00.000,I 75,I 75 and Harold G. Clarke Pkwy,,Not a Collision with Motor Vehicle,1,Clear,Dry,Daylight
2020-03-02T17:38:00.000,I 75,I 75 and Harold G Clarke Pkwy,,Rear End,2,Rain,Wet,Daylight
2024-07-06T12:32:00.000,I 75,I 75 and Harold G Clarke Pkwy,,Rear End,2,Clear,Dry,Daylight
2023-01-18T15:18:00.000,I 75,I 75 and Hardman Exit Rp,,Angle Crash,2,Cloudy,Dry,Daylight
2020-07-08T13:57:00.000,I 75,I 75 and Harderman Ave Exit 164,,Not a Collision with Motor Vehicle,3,Clear,Dry,Daylight
2021-02-01T10:35:00.000,I 75,I 75 and Harderman Ave Entry Rp,,Angle Crash,2,Cloudy,Dry,Daylight
2022-11-04T06:34:00.000,I 75,I 75 and Harderman Ave,,Rear End,2,Clear,Dry,Dark-Not Lighted
2022-12-08T10:20:00.000,I 75,I 75 and Hardeman Street   Forsyth Stre,,Sideswipe-Same Direction,2,Clear,Dry,Daylight
2022-06-08T07:44:00.000,I 75,I 75 and Hardeman Exit Rp,,Not a Collision with Motor Vehicle,1,Cloudy,Dry,Daylight
2022-10-01T23:29:00.000,I 75,I 75 and Hardeman Avenue Off Rp,,Not a Collision with Motor Vehicle,1,Clear,Dry,Dark-Not Lighted
2022-10-26T08:15:00.000,I 75,I 75 and Hardeman Ave. Exit,,Rear End,2,Clear,Dry,Daylight
2022-02-22T17:32:00.000,I 75,I 75 and Hardeman Ave.,,Rear End,2,Clear,Dry,Daylight
2022-11-15T08:45:00.000,I 75,I 75 and Hardeman Ave.,,Sideswipe-Same Direction,2,Rain,Wet,Daylight
2023-02-20T08:45:00.000,I 75,I 75 and Hardeman Ave.,,Angle Crash,2,Clear,Dry,Daylight
2023-07-30T18:38:00.000,I 75,I 75 and Hardeman Ave On Rp,,Not a Collision with Motor Vehicle,1,Clear,Dry,Daylight
2020-01-31T08:00:00.000,I 75,I 75 and Hardeman Ave On Rp,,Not a Collision with Motor Vehicle,1,Rain,Wet,Daylight
2022-07-06T13:57:00.000,I 75,I 75 and Hardeman Ave Off Rp,,Not a Collision with Motor Vehicle,2,Cloudy,Dry,Daylight
2022-05-24T15:24:00.000,I 75,I 75 and Hardeman Ave Mile Marker 164,,Not a Collision with Motor Vehicle,1,Cloudy,Dry,Daylight
2020-11-19T18:10:00.000,I 75,I 75 and Hardeman Ave Exit Rmp,,Not a Collision with Motor Vehicle,1,Clear,Dry,Dark-Lighted
2024-11-19T13:32:00.000,I 75,I 75 and Hardeman Ave Exit 164,,Angle Crash,2,Rain,Water (standing or moving),Daylight
2022-05-16T09:35:00.000,I 75,I 75 and Hardeman Ave Exit,,Rear End,2,Clear,Dry,Daylight
2020-06-08T16:56:00.000,I 75,I 75 and Hardeman Ave Exit,,Rear End,4,Clear,Dry,Daylight
2020-05-15T18:00:00.000,I 75,I 75 and Hardeman Ave Exit,,Sideswipe-Same Direction,2,Clear,Dry,Daylight
2020-02-19T05:05:00.000,I 75,I 75 and Hardeman Ave Exit,,Not a Collision with Motor Vehicle,1,Rain,Wet,Dark-Lighted
2022-05-24T13:54:00.000,I 75,I 75 and Hardeman Ave Exit,,Sideswipe-Same Direction,2,Cloudy,Dry,Daylight
2022-05-16T08:03:00.000,I 75,I 75 and Hardeman Ave Exit,,Rear End,3,Clear,Dry,Daylight
2024-11-06T12:26:00.000,I 75,I 75 and Hardeman Ave Exit,,Sideswipe-Same Direction,2,Rain,Wet,Daylight
2023-10-03T13:40:00.000,I 75,I 75 and Hardeman Ave Entry Rp,,Sideswipe-Same Direction,2,Clear,Dry,Daylight
2021-02-11T11:48:00.000,I 75,I 75 and Hardeman Ave,,Sideswipe-Same Direction,2,Cloudy,Wet,Daylight
2021-02-10T08:09:00.000,I 75,I 75 and Hardeman Ave,,Not a Collision with Motor Vehicle,1,Fog,Dry,Daylight
2021-09-07T15:23:00.000,I 75,I 75 and Hardeman Ave,,Not a Collision with Motor Vehicle,1,Clear,Dry,Daylight
2021-08-23T12:04:00.000,I 75,I 75 and Hardeman Ave,,Sideswipe-Same Direction,2,Clear,Dry,Daylight
2021-07-25T21:52:00.000,I 75,I 75 and Hardeman Ave,,Sideswipe-Same Direction,2,Clear,Dry,Dark-Lighted
2021-07-10T20:58:00.000,I 75,I 75 and Hardeman Ave,,Not a Collision with Motor Vehicle,1,Clear,Dry,Dark-Not Lighted
2021-11-25T19:20:00.000,I 75,I 75 and Hardeman Ave,,Rear End,2,Clear,Dry,Dark-Lighted
2021-01-26T13:35:00.000,I 75,I 75 and Hardeman Ave,,Not a Collision with Motor Vehicle,1,Cloudy,Dry,Daylight
2021-08-16T16:40:00.000,I 75,I 75 and Hardeman Ave,,Rear End,2,Rain,Wet,Dark-Lighted
2021-10-01T22:42:00.000,I 75,I 75 and Hardeman Ave,,Sideswipe-Same Direction,2,Clear,Dry,Dark-Not Lighted
2023-02-28T22:59:00.000,I 75,I 75 and Hardeman Ave,,Not a Collision with Motor Vehicle,2,Clear,Dry,Dark-Not Lighted
2023-05-14T05:06:00.000,I 75,I 75 and Hardeman Ave,,Not a Collision with Motor Vehicle,1,Clear,Dry,Dark-Not Lighted
2023-10-22T12:42:00.000,I 75,I 75 and Hardeman Ave,,Sideswipe-Same Direction,2,Clear,Dry,Daylight
2020-12-09T17:44:00.000,I 75,I 75 and Hardeman Ave,,Rear End,2,Clear,Dry,Daylight
2020-09-01T22:37:00.000,I 75,I 75 and Hardeman Ave,,Rear End,3,Clear,Dry,Dark-Not Lighted
2020-10-07T17:30:00.000,I 75,I 75 and Hardeman Ave,,Rear End,2,Cloudy,Dry,Daylight
2020-10-19T08:26:00.000,I 75,I 75 and Hardeman Ave,,Not a Collision with Motor Vehicle,1,Clear,Dry,Daylight
2020-10-19T15:24:00.000,I 75,I 75 and Hardeman Ave,,Sideswipe-Same Direction,2,Clear,Dry,Daylight
2020-02-01T18:15:00.000,I 75,I 75 and Hardeman Ave,,Sideswipe-Same Direction,2,Cloudy,Dry,Dusk