Date and Time,Roadway (From Crash Report),Intersection Name (from Crash Report),KABCO Severity,Manner of Collision (Crash Level) ,# of Vehicles per crash ,Weather Conditions (Crash Level),Surface Condition (Crash Level) ,Light Conditions (Crash Level)
2022-10-17T09:31:00.000,I 75,I 75 and Fulton St,,Rear End,3,Clear,Dry,Daylight
2022-04-28T16:00:00.000,I 75,I 75 and Fulton St,,Rear End,2,Clear,Dry,Daylight
2022-12-23T12:27:00.000,I 75,I 75 and Fulton St,,Rear End,2,Clear,Dry,Daylight
2022-08-29T18:05:00.000,I 75,I 75 and Fulton St,,Sideswipe-Same Direction,2,Clear,Dry,Daylight
2022-02-18T07:30:00.000,I 75,I 75 and Fulton St,,Rear End,2,Cloudy,Dry,Daylight
2022-05-19T12:36:00.000,I 75,I 75 and Fulton St,,Rear End,2,Clear,Dry,Daylight
2022-10-18T12:00:00.000,I 75,I 75 and Fulton St,,Sideswipe-Same Direction,2,Clear,Dry,Daylight
2022-10-20T17:01:00.000,I 75,I 75 and Fulton St,,Sideswipe-Same Direction,2,Clear,Dry,Daylight
2022-04-11T14:21:00.000,I 75,I 75 and Fulton St,,Rear End,3,Clear,Dry,Daylight
2022-11-11T08:36:00.000,I 75,I 75 and Fulton St,,Rear End,2,Rain,Wet,Daylight
2023-05-02T14:57:00.000,I 75,I 75 and Fulton St,,Sideswipe-Same Direction,2,Clear,Dry,Daylight
2023-03-28T18:10:00.000,I 75,I 75 and Fulton St,,Rear End,2,Clear,Dry,Daylight
2023-10-06T19:00:00.000,I 75,I 75 and Fulton St,,Rear End,2,Clear,Dry,Daylight
2023-07-24T16:04:00.000,I 75,I 75 and Fulton St,,Rear End,2,Clear,Dry,Daylight
2023-10-26T07:18:00.000,I 75,I 75 and Fulton St,,Rear End,2,Clear,Dry,Daylight
2024-08-02T14:50:00.000,I 75,I 75 and Fulton St,,Sideswipe-Same Direction,2,Clear,Dry,Daylight
2024-01-30T15:50:00.000,I 75,I 75 and Fulton St,,Rear End,2,Clear,Dry,Daylight
2024-07-25T12:09:00.000,I 75,I 75 and Fulton St,,Rear End,2,Cloudy,Wet,Daylight
2024-03-21T16:20:00.000,I 75,I 75 and Fulton St,,Sideswipe-Same Direction,2,Clear,Dry,Daylight
2024-02-23T12:10:00.000,I 75,I 75 and Fulton St,,Rear End,2,Clear,Dry,Daylight
2024-11-21T08:10:00.000,I 75,I 75 and Fulton St,,Sideswipe-Same Direction,2,Clear,Dry,Daylight
2024-03-01T19:44:00.000,I 75,I 75 and Fulton St,,Rear End,2,Rain,Wet,Dark-Lighted
2024-09-03T18:05:00.000,I 75,I 75 and Fulton St,,Sideswipe-Same Direction,2,Clear,Dry,Daylight
2024-04-18T13:42:00.000,I 75,I 75 and Fulton St,,Rear End,2,Clear,Dry,Daylight
2024-10-08T14:00:00.000,I 75,I 75 and Fulton St,,Rear End,3,Clear,Dry,Daylight
2024-07-22T16:43:00.000,I 75,I 75 and Fulton St,,Sideswipe-Same Direction,2,Cloudy,Dry,Daylight
2024-03-28T09:20:00.000,I 75,I 75 and Fulton St,,Rear End,2,Clear,Dry,Daylight
2024-05-17T16:50:00.000,I 75,I 75 and Fulton St,,Rear End,2,Cloudy,Dry,Daylight
2024-07-09T17:13:00.000,I 75,I 75 and Fulton St,,Sideswipe-Same Direction,3,Cloudy,Wet,Daylight
2024-11-19T12:10:00.000,I 75,I 75 and Fulton St,,Rear End,2,Clear,Dry,Daylight
2024-07-11T11:30:00.000,I 75,I 75 and Fulton St,,Sideswipe-Same Direction,2,Clear,Dry,Daylight
2024-05-14T08:45:00.000,I 75,I 75 and Fulton St,,Rear End,2,Cloudy,Dry,Daylight
2024-04-11T17:11:00.000,I 75,I 75 and Fulton St,,Rear End,2,Clear,Dry,Daylight
2024-03-21T14:50:00.000,I 75,I 75 and Fulton St,,Rear End,2,Clear,Dry,Daylight
2024-07-19T17:26:00.000,I 75,I 75 and Fulton St,,Rear End,2,Cloudy,Dry,Daylight
2024-03-12T17:25:00.000,I 75,I 75 and Fulton St,,Sideswipe-Same Direction,2,Clear,Dry,Daylight
2024-11-22T12:40:00.000,I 75,I 75 and Fulton St,,Sideswipe-Same Direction,2,Clear,Dry,Daylight
2023-12-01T16:34:00.000,I 75,I 75 and Fulton St,,Rear End,2,Cloudy,Wet,Daylight
2023-06-19T09:20:00.000,I 75,I 75 and Fulton St,,Rear End,2,Cloudy,Wet,Daylight
2023-09-15T06:25:00.000,I 75,I 75 and Fulton St,,Rear End,2,Clear,Dry,Dark-Lighted
2024-03-14T17:59:00.000,I 75,I 75 and Fulton St,,Sideswipe-Same Direction,2,Clear,Dry,Daylight
2024-11-22T07:55:00.000,I 75,I 75 and Fulton St,,Rear End,2,Clear,Dry,Daylight
2024-08-09T19:20:00.000,I 75,I 75 and Fulton St,,Sideswipe-Same Direction,2,Clear,Dry,Daylight
2023-03-23T14:40:00.000,I 75,I 75 and Fulton St,,Sideswipe-Same Direction,2,Clear,Dry,Daylight
2023-06-05T10:40:00.000,I 75,I 75 and Fulton St,,Sideswipe-Same Direction,2,Clear,Dry,Daylight
2023-04-06T13:09:00.000,I 75,I 75 and Fulton St,,Rear End,2,Clear,Dry,Daylight
2023-10-02T07:48:00.000,I 75,I 75 and Fulton St,,Rear End,2,Clear,Dry,Daylight
2023-10-27T14:07:00.000,I 75,I 75 and Fulton St,,Rear End,2,Clear,Dry,Daylight
2023-05-26T12:25:00.000,I 75,I 75 and Fulton St,,Rear End,3,Clear,Dry,Daylight
2023-01-24T13:29:00.000,I 75,I 75 and Fulton St,,Sideswipe-Same Direction,2,Clear,Dry,Daylight
2023-03-17T09:37:00.000,I 75,I 75 and Fulton St,,Rear End,2,Rain,Wet,Daylight
2023-09-11T14:37:00.000,I 75,I 75 and Fulton St,,Rear End,2,Cloudy,Dry,Daylight
2023-03-24T11:00:00.000,I 75,I 75 and Fulton St,,Rear End,3,Clear,Dry,Daylight
2023-08-15T15:55:00.000,I 75,I 75 and Fulton St,,Rear End,3,Cloudy,Wet,Daylight
2023-03-28T13:04:00.000,I 75,I 75 and Fulton St,,Rear End,2,Clear,Dry,Daylight
2023-12-26T15:36:00.000,I 75,I 75 and Fulton St,,Not a Collision with Motor Vehicle,1,Cloudy,Wet,Daylight
2023-02-02T17:45:00.000,I 75,I 75 and Fulton St,,Rear End,2,Rain,Wet,Daylight
2023-12-12T09:59:00.000,I 75,I 75 and Fulton St,,Angle Crash,2,Clear,Dry,Daylight
2023-11-07T13:30:00.000,I 75,I 75 and Fulton St,,Sideswipe-Same Direction,2,Clear,Dry,Daylight
2023-08-11T12:40:00.000,I 75,I 75 and Fulton St,,Rear End,2,Cloudy,Dry,Daylight
2023-02-17T09:20:00.000,I 75,I 75 and Fulton St,,Rear End,3,Rain,Wet,Daylight
2023-08-18T16:00:00.000,I 75,I 75 and Fulton St,,Sideswipe-Same Direction,3,Clear,Dry,Daylight
2023-01-13T15:40:00.000,I 75,I 75 and Fulton St,,Rear End,2,Cloudy,Dry,Daylight
2023-07-07T07:18:00.000,I 75,I 75 and Fulton St,,Angle Crash,2,Cloudy,Dry,Daylight
2023-12-05T17:50:00.000,I 75,I 75 and Fulton St,,Sideswipe-Same Direction,2,Cloudy,Dry,Dark-Not Lighted
2023-06-22T17:47:00.000,I 75,I 75 and Fulton St,,Rear End,2,Clear,Dry,Daylight
2023-12-26T17:05:00.000,I 75,I 75 and Fulton St,,Rear End,2,Cloudy,Wet,Daylight
2023-10-30T17:40:00.000,I 75,I 75 and Fulton St,,Sideswipe-Same Direction,2,Clear,Dry,Daylight
2023-06-23T07:40:00.000,I 75,I 75 and Fulton St,,Sideswipe-Same Direction,2,Cloudy,Dry,Daylight
2023-12-25T18:20:00.000,I 75,I 75 and Fulton St,,Not a Collision with Motor Vehicle,1,Rain,Wet,Dark-Lighted
2023-01-26T13:50:00.000,I 75,I 75 and Fulton St,,Rear End,3,Clear,Dry,Daylight
2023-11-03T08:35:00.000,I 75,I 75 and Fulton St,,Rear End,2,Clear,Dry,Daylight
2023-02-02T18:25:00.000,I 75,I 75 and Fulton St,,Rear End,2,Rain,Wet,Dark-Lighted
2023-12-15T12:05:00.000,I 75,I 75 and Fulton St,,Rear End,3,Clear,Dry,Daylight
2023-05-23T11:14:00.000,I 75,I 75 and Fulton St,,Rear End,2,Cloudy,Dry,Daylight
2023-07-24T10:53:00.000,I 75,I 75 and Fulton St,,Rear End,2,Clear,Dry,Daylight
2023-04-27T06:32:00.000,I 75,I 75 and Fulton St,,Rear End,2,Rain,Wet,Dark-Lighted
2023-12-15T12:26:00.000,I 75,I 75 and Fulton St,,Rear End,3,Clear,Dry,Daylight
2023-06-02T07:20:00.000,I 75,I 75 and Fulton St,,Rear End,2,Clear,Dry,Daylight
2023-03-23T17:30:00.000,I 75,I 75 and Fulton St,,Rear End,4,Clear,Dry,Daylight
2023-02-28T11:49:00.000,I 75,I 75 and Fulton St,,Sideswipe-Same Direction,2,Clear,Dry,Daylight
2024-07-29T12:24:00.000,I 75,I 75 and Fulton St,,Rear End,2,Cloudy,Dry,Daylight
2024-09-23T15:20:00.000,I 75,I 75 and Fulton St,,Sideswipe-Same Direction,2,Clear,Dry,Daylight
2024-05-27T11:33:00.000,I 75,I 75 and Fulton St,,Sideswipe-Same Direction,2,Cloudy,Dry,Daylight
2024-10-14T08:29:00.000,I 75,I 75 and Fulton St,,Rear End,2,Clear,Dry,Daylight
2024-11-18T11:51:00.000,I 75,I 75 and Fulton St,,Sideswipe-Same Direction,2,Clear,Dry,Daylight
2024-01-18T08:45:00.000,I 75,I 75 and Fulton St,,Rear End,2,Clear,Dry,Daylight
2024-01-19T16:12:00.000,I 75,I 75 and Fulton St,,Rear End,2,Clear,Dry,Daylight
2024-03-05T12:55:00.000,I 75,I 75 and Fulton St,,Rear End,3,Rain,Wet,Daylight
2024-10-07T08:30:00.000,I 75,I 75 and Fulton St,,Rear End,2,Clear,Dry,Daylight
2024-05-13T09:40:00.000,I 75,I 75 and Fulton St,,Sideswipe-Same Direction,2,Rain,Wet,Daylight
2024-08-12T15:30:00.000,I 75,I 75 and Fulton St,,Rear End,2,Clear,Dry,Daylight
2024-01-26T15:23:00.000,I 75,I 75 and Fulton St,,Rear End,2,Clear,Dry,Daylight
2024-11-14T12:28:00.000,I 75,I 75 and Fulton St,,Rear End,3,Cloudy,Wet,Daylight
2024-11-19T06:45:00.000,I 75,I 75 and Fulton St,,Rear End,2,Rain,Wet,Dark-Lighted
2024-04-09T10:19:00.000,I 75,I 75 and Fulton St,,Sideswipe-Same Direction,2,Clear,Wet,Daylight
2024-10-21T09:30:00.000,I 75,I 75 and Fulton St,,Rear End,2,Clear,Dry,Daylight
2024-04-11T17:55:00.000,I 75,I 75 and Fulton St,,Rear End,2,Clear,Dry,Daylight
2024-08-29T18:00:00.000,I 75,I 75 and Fulton St,,Rear End,4,Cloudy,Dry,Daylight
2024-07-30T15:04:00.000,I 75,I 75 and Fulton St,,Sideswipe-Same Direction,2,Rain,Wet,Daylight
2024-07-29T13:06:00.000,I 75,I 75 and Fulton St,,Rear End,3,Clear,Wet,Daylight
2024-09-05T14:26:00.000,I 75,I 75 and Fulton St,,Rear End,2,Cloudy,Dry,Daylight
2024-01-25T08:14:00.000,I 75,I 75 and Fulton St,,Rear End,2,Rain,Wet,Daylight
2024-12-09T19:37:00.000,I 75,I 75 and Fulton St,,Sideswipe-Same Direction,2,Rain,Wet,Dark-Lighted
2024-04-12T16:20:00.000,I 75,I 75 and Fulton St,,Rear End,2,Clear,Dry,Daylight
2024-08-05T08:13:00.000,I 75,I 75 and Fulton St,,Rear End,3,Clear,Dry,Daylight
2024-11-14T10:45:00.000,I 75,I 75 and Fulton St,,Rear End,2,Cloudy,Dry,Daylight
2024-03-07T16:09:00.000,I 75,I 75 and Fulton St,,Rear End,2,Cloudy,Dry,Daylight
2024-11-26T08:15:00.000,I 75,I 75 and Fulton St,,Rear End,2,Cloudy,Dry,Dawn
2024-07-29T13:09:00.000,I 75,I 75 and Fulton St,,Rear End,2,Clear,Wet,Daylight
2024-10-10T15:29:00.000,I 75,I 75 and Fulton St,,Rear End,2,Clear,Dry,Daylight
2024-09-24T10:00:00.000,I 75,I 75 and Fulton St,,Sideswipe-Same Direction,2,Clear,Dry,Daylight
2024-10-22T19:13:00.000,I 75,I 75 and Fulton St,,Rear End,3,Clear,Dry,Dusk
2024-05-28T14:35:00.000,I 75,I 75 and Fulton St,,Rear End,2,Clear,Dry,Daylight
2024-06-25T18:00:00.000,I 75,I 75 and Fulton St,,Rear End,2,Clear,Dry,Daylight
2024-07-22T15:55:00.000,I 75,I 75 and Fulton St,,Rear End,2,Clear,Dry,Daylight
2024-10-03T08:10:00.000,I 75,I 75 and Fulton St,,Sideswipe-Same Direction,2,Clear,Dry,Daylight
2024-05-02T10:04:00.000,I 75,I 75 and Fulton St,,Sideswipe-Same Direction,2,Clear,Dry,Daylight
2024-12-09T17:58:00.000,I 75,I 75 and Fulton St,,Rear End,2,Clear,Wet,Dark-Not Lighted
2024-12-13T19:36:00.000,I 75,I 75 and Fulton St,,Sideswipe-Same Direction,3,Clear,Wet,Daylight
2024-12-10T09:00:00.000,I 75,I 75 and Fulton St,,Not a Collision with Motor Vehicle,1,Rain,Wet,Daylight
2024-03-04T16:19:00.000,I 75,I 75 and Fulton St,,Rear End,2,Cloudy,Dry,Daylight
2024-02-13T13:35:00.000,I 75,I 75 and Fulton St,,Rear End,2,Clear,Dry,Daylight
2024-08-26T17:53:00.000,I 75,I 75 and Fulton St,,Rear End,2,Clear,Dry,Daylight
2024-12-20T16:42:00.000,I 75,I 75 and Fulton St,,Sideswipe-Same Direction,2,Clear,Dry,Daylight
2024-07-29T15:14:00.000,I 75,I 75 and Fulton St,,Rear End,2,Cloudy,Wet,Daylight
2024-05-28T10:14:00.000,I 75,I 75 and Fulton St,,Rear End,2,Clear,Dry,Daylight
2024-07-05T15:51:00.000,I 75,I 75 and Fulton St,,Sideswipe-Same Direction,2,Clear,Dry,Daylight
2024-10-11T15:52:00.000,I 75,I 75 and Fulton St,,Sideswipe-Same Direction,2,Clear,Dry,Daylight
2024-07-29T16:20:00.000,I 75,I 75 and Fulton St,,Rear End,3,Clear,Dry,Daylight
2024-04-22T12:36:00.000,I 75,I 75 and Fulton St,,Rear End,2,Clear,Dry,Daylight
2024-01-23T07:25:00.000,I 75,I 75 and Fulton St,,Not a Collision with Motor Vehicle,2,Rain,Wet,Daylight
2024-05-23T21:26:00.000,I 75,I 75 and Fulton St,,Sideswipe-Same Direction,2,Clear,Dry,Dark-Lighted
2024-10-14T15:19:00.000,I 75,I 75 and Fulton St,,Rear End,2,Clear,Dry,Daylight
2024-12-19T12:00:00.000,I 75,I 75 and Fulton St,,Sideswipe-Same Direction,2,Clear,Dry,Daylight
2024-07-26T19:15:00.000,I 75,I 75 and Fulton St,,Sideswipe-Same Direction,2,Cloudy,Wet,Daylight
2024-06-28T12:01:00.000,I 75,I 75 and Fulton St,,Rear End,2,Clear,Dry,Daylight
2024-11-18T06:20:00.000,I 75,I 75 and Fulton St,,Sideswipe-Same Direction,2,Clear,Dry,Dark-Lighted
2024-03-29T11:15:00.000,I 75,I 75 and Fulton St,,Rear End,2,Clear,Dry,Daylight
2024-01-09T10:50:00.000,I 75,I 75 and Fulton St,,Sideswipe-Same Direction,2,Rain,Wet,Daylight
2024-08-01T16:50:00.000,I 75,I 75 and Fulton St,,Rear End,2,Clear,Dry,Daylight
2024-01-30T13:17:00.000,I 75,I 75 and Fulton St,,Sideswipe-Same Direction,2,Clear,Dry,Daylight
2024-10-28T12:17:00.000,I 75,I 75 and Fulton St,,Rear End,2,Cloudy,Dry,Daylight
2024-10-21T16:55:00.000,I 75,I 75 and Fulton St,,Sideswipe-Same Direction,2,Clear,Dry,Daylight
2024-01-23T08:56:00.000,I 75,I 75 and Fulton St,,Rear End,2,Cloudy,Wet,Daylight
2024-05-09T11:22:00.000,I 75,I 75 and Fulton St,,Sideswipe-Same Direction,2,Cloudy,Wet,Daylight
2024-01-19T13:55:00.000,I 75,I 75 and Fulton St,,Rear End,3,Clear,Dry,Daylight
2024-06-04T06:49:00.000,I 75,I 75 and Fulton St,,Sideswipe-Same Direction,2,Clear,Dry,Daylight
2024-04-23T15:00:00.000,I 75,I 75 and Fulton St,,Sideswipe-Same Direction,2,Clear,Dry,Daylight
2024-11-01T07:50:00.000,I 75,I 75 and Fulton St,,Rear End,2,Clear,Dry,Daylight
2024-10-01T06:50:00.000,I 75,I 75 and Fulton St,,Rear End,3,Clear,Dry,Dark-Lighted
2024-11-04T18:20:00.000,I 75,I 75 and Fulton St,,Rear End,3,Clear,Dry,Daylight
2024-02-12T07:11:00.000,I 75,I 75 and Fulton St,,Sideswipe-Same Direction,2,Rain,Wet,Daylight
2024-06-20T06:20:00.000,I 75,I 75 and Fulton St,,Rear End,3,Clear,Dry,Daylight
2024-07-02T08:20:00.000,I 75,I 75 and Fulton St,,Sideswipe-Same Direction,2,Cloudy,Dry,Daylight
2024-02-28T11:23:00.000,I 75,I 75 and Fulton St,,Rear End,2,Cloudy,Dry,Daylight
2024-12-06T16:35:00.000,I 75,I 75 and Fulton St,,Sideswipe-Same Direction,2,Clear,Dry,Daylight
2024-01-15T14:18:00.000,I 75,I 75 and Fulton St,,Rear End,3,Cloudy,Dry,Daylight
2024-11-08T07:44:00.000,I 75,I 75 and Fulton St,,Sideswipe-Same Direction,2,Cloudy,Dry,Daylight
2024-03-04T12:55:00.000,I 75,I 75 and Fulton St,,Sideswipe-Same Direction,2,Cloudy,Dry,Daylight
2024-03-28T08:50:00.000,I 75,I 75 and Fulton St,,Rear End,2,Clear,Dry,Daylight
2024-02-20T09:20:00.000,I 75,I 75 and Fulton St,,Rear End,2,Clear,Dry,Daylight
2024-11-01T19:35:00.000,I 75,I 75 and Fulton St,,Sideswipe-Same Direction,2,Cloudy,Dry,Dark-Lighted
2024-05-31T16:22:00.000,I 75,I 75 and Fulton St,,Rear End,2,Clear,Dry,Daylight
2024-08-27T08:49:00.000,I 75,I 75 and Fulton St,,Rear End,2,Clear,Dry,Daylight
2024-03-08T16:44:00.000,I 75,I 75 and Fulton St,,Sideswipe-Same Direction,2,Clear,Dry,Daylight
2024-04-04T10:40:00.000,I 75,I 75 and Fulton St,,Rear End,2,Clear,Dry,Daylight
2024-07-16T11:51:00.000,I 75,I 75 and Fulton St,,Sideswipe-Same Direction,2,Clear,Dry,Daylight
2024-05-02T15:55:00.000,I 75,I 75 and Fulton St,,Sideswipe-Same Direction,2,Clear,Dry,Daylight
2024-04-12T06:29:00.000,I 75,I 75 and Fulton St,,Rear End,3,Clear,Dry,Daylight
2024-09-19T18:20:00.000,I 75,I 75 and Fulton St,,Sideswipe-Same Direction,2,Clear,Dry,Daylight
2024-09-19T14:47:00.000,I 75,I 75 and Fulton St,,Rear End,2,Clear,Dry,Daylight
2024-12-30T14:29:00.000,I 75,I 75 and Fulton St,,Rear End,2,Clear,Dry,Daylight
2024-01-19T16:55:00.000,I 75,I 75 and Fulton St,,Rear End,2,Clear,Dry,Daylight
2024-10-17T09:14:00.000,I 75,I 75 and Fulton St,,Rear End,2,Clear,Dry,Daylight
2024-03-15T13:35:00.000,I 75,I 75 and Fulton St,,Rear End,4,Cloudy,Wet,Daylight
2024-11-19T19:10:00.000,I 75,I 75 and Fulton St,,Rear End,2,Cloudy,Wet,Daylight
2024-06-06T18:46:00.000,I 75,I 75 and Fulton St,,Rear End,2,Clear,Dry,Daylight
2024-08-20T08:40:00.000,I 75,I 75 and Fulton St,,Rear End,2,Clear,Dry,Daylight
2024-11-07T09:53:00.000,I 75,I 75 and Fulton St,,Rear End,2,Cloudy,Dry,Daylight
2024-05-20T13:25:00.000,I 75,I 75 and Fulton St,,Sideswipe-Same Direction,2,Clear,Dry,Daylight
2024-02-19T15:55:00.000,I 75,I 75 and Fulton St,,Sideswipe-Same Direction,2,Clear,Dry,Daylight
2023-06-20T17:25:00.000,I 75,I 75 and Fulton  St Opas,,Rear End,2,Clear,Dry,Daylight
2023-06-02T00:16:00.000,I 75,I 75 and Fulford St,,Sideswipe-Same Direction,2,Clear,Dry,Dark-Not Lighted
2022-10-31T17:01:00.000,I 75,I 75 and Fulford St,,Sideswipe-Same Direction,2,Cloudy,Dry,Daylight
2023-09-20T17:10:00.000,I 75,I 75 and Fulford St,,Sideswipe-Same Direction,2,Clear,Dry,Daylight
2021-04-01T11:43:00.000,I 75,I 75 and Frontage Rd,,Rear End,2,Clear,Dry,Daylight
2021-09-16T12:39:00.000,I 75,I 75 and Frontage Rd,,Rear End,2,Cloudy,Wet,Daylight
2021-10-28T13:50:00.000,I 75,I 75 and Frontage Rd,,Angle Crash,2,Cloudy,Wet,Daylight
2021-11-28T22:22:00.000,I 75,I 75 and Frontage Rd,,Sideswipe-Same Direction,2,Clear,Dry,Dark-Not Lighted
2021-02-05T21:00:00.000,I 75,I 75 and Frontage Rd,,Sideswipe-Same Direction,2,Clear,Dry,Dark-Lighted
2021-10-24T11:31:00.000,I 75,I 75 and Frontage Rd,,Rear End,2,Clear,Dry,Daylight
2021-09-20T09:33:00.000,I 75,I 75 and Frontage Rd,,Rear End,2,Clear,Wet,Daylight
2021-04-15T14:00:00.000,I 75,I 75 and Frontage Rd,,Sideswipe-Same Direction,2,Clear,Dry,Daylight
2020-07-16T11:30:00.000,I 75,I 75 and Frontage Rd,,Not a Collision with Motor Vehicle,1,Clear,Dry,Daylight
2020-01-23T21:05:00.000,I 75,I 75 and Frontage Rd,,Sideswipe-Same Direction,2,Rain,Wet,Dark-Not Lighted
2023-06-14T16:52:00.000,I 75,I 75 and Frontage Rd,,Sideswipe-Same Direction,2,Cloudy,Wet,Daylight
2023-11-26T17:03:00.000,I 75,I 75 and Frontage Rd,,Rear End,2,Clear,Wet,Daylight
2023-07-18T22:12:00.000,I 75,I 75 and Frontage Rd,,Rear End,2,Clear,Dry,Dark-Not Lighted
2023-07-15T18:09:00.000,I 75,I 75 and Frontage Rd,,Rear End,3,Clear,Dry,Daylight
2023-12-08T14:54:00.000,I 75,I 75 and Frontage Rd,,Sideswipe-Same Direction,2,Clear,Dry,Dark-Not Lighted
2023-02-15T16:02:00.000,I 75,I 75 and Frontage Rd,,Sideswipe-Same Direction,2,Clear,Dry,Daylight
2023-06-05T18:00:00.000,I 75,I 75 and Frontage Rd,,Rear End,2,Clear,Dry,Daylight
2023-12-19T20:15:00.000,I 75,I 75 and Frontage Rd,,Angle Crash,2,Clear,Dry,Dark-Not Lighted
2023-08-26T19:40:00.000,I 75,I 75 and Frontage Rd,,Sideswipe-Same Direction,2,Clear,Dry,Dawn
2022-03-20T20:50:00.000,I 75,I 75 and Frontage Rd,,Sideswipe-Same Direction,2,Clear,Dry,Dark-Lighted
2020-01-08T07:26:00.000,I 75,I 75 and Frontage Rd,,Rear End,2,Clear,Dry,Daylight
2020-02-25T07:00:00.000,I 75,I 75 and Frontage Rd,,Rear End,2,Cloudy,Wet,Daylight
2020-02-19T06:03:00.000,I 75,I 75 and Frontage Rd,,Angle Crash,2,Rain,Wet,Dawn
2020-03-13T13:24:00.000,I 75,I 75 and Frontage Rd,,Rear End,3,Clear,Dry,Daylight
2020-04-06T05:20:00.000,I 75,I 75 and Frontage Rd,,Sideswipe-Same Direction,2,Clear,Dry,Dark-Not Lighted
2020-07-28T14:18:00.000,I 75,I 75 and Frontage Rd,,Angle Crash,2,Clear,Dry,Daylight
2020-08-26T09:25:00.000,I 75,I 75 and Frontage Rd,,Sideswipe-Same Direction,2,Cloudy,Dry,Daylight
2020-04-06T12:58:00.000,I 75,I 75 and Frontage Rd,,Sideswipe-Same Direction,2,Clear,Dry,Daylight
2020-09-20T11:30:00.000,I 75,I 75 and Frontage Rd,,Sideswipe-Same Direction,2,Clear,Dry,Daylight
2020-04-21T04:45:00.000,I 75,I 75 and Frontage Rd,,Sideswipe-Same Direction,2,Clear,Dry,Dark-Not Lighted
2020-08-24T08:27:00.000,I 75,I 75 and Frontage Rd,,Rear End,2,Cloudy,Wet,Daylight
2021-06-30T14:00:00.000,I 75,I 75 and Frontage Rd,,Rear End,2,Clear,Dry,Daylight
2021-11-29T00:00:00.000,I 75,I 75 and Frontage Rd,,Rear End,2,Clear,Dry,Daylight
2022-04-29T01:55:00.000,I 75,I 75 and Frontage Rd,,Sideswipe-Same Direction,2,Clear,Dry,Dark-Not Lighted
2021-12-23T05:20:00.000,I 75,I 75 and Frontage Rd,,Angle Crash,2,Clear,Dry,Dark-Not Lighted
2022-06-15T06:25:00.000,I 75,I 75 and Frontage Rd,,Rear End,2,Clear,Dry,Daylight
2022-11-28T14:20:00.000,I 75,I 75 and Frontage Rd,,Rear End,2,Clear,Dry,Daylight
2022-06-09T07:00:00.000,I 75,I 75 and Frontage Rd,,Angle Crash,2,Clear,Dry,Daylight
2022-03-05T15:21:00.000,I 75,I 75 and Frontage Rd,,Rear End,3,Clear,Dry,Daylight
2022-10-22T00:32:00.000,I 75,I 75 and Frontage Rd,,Not a Collision with Motor Vehicle,1,Clear,Dry,Dark-Not Lighted
2022-03-11T22:16:00.000,I 75,I 75 and Frontage Rd,,Sideswipe-Same Direction,2,Clear,Dry,Dark-Not Lighted
2022-05-24T05:00:00.000,I 75,I 75 and Frontage Rd,,Sideswipe-Same Direction,2,Clear,Dry,Dark-Lighted
2022-02-24T06:25:00.000,I 75,I 75 and Frontage Rd,,Not a Collision with Motor Vehicle,2,Clear,Dry,Dark-Lighted
2022-09-12T08:30:00.000,I 75,I 75 and Frontage Rd,,Rear End,2,Cloudy,Dry,Daylight
2022-01-29T06:25:00.000,I 75,I 75 and Frontage Rd,,Sideswipe-Same Direction,2,Clear,Dry,Dark-Not Lighted
2022-09-18T05:00:00.000,I 75,I 75 and Frontage Rd,,Not a Collision with Motor Vehicle,1,Clear,Dry,Dark-Not Lighted
2022-09-24T06:58:00.000,I 75,I 75 and Frontage Rd,,Sideswipe-Same Direction,2,Clear,Dry,Dark-Not Lighted
2022-02-28T07:00:00.000,I 75,I 75 and Frontage Rd,,Rear End,2,Clear,Dry,Daylight
2022-08-06T18:00:00.000,I 75,I 75 and Frontage Rd,,Not a Collision with Motor Vehicle,1,Clear,Dry,Daylight
2024-01-19T22:45:00.000,I 75,I 75 and Frontage Rd,,Not a Collision with Motor Vehicle,1,Clear,Dry,Dark-Not Lighted
2024-01-31T16:55:00.000,I 75,I 75 and Frontage Rd,,Sideswipe-Opposite Direction,2,Clear,Dry,Daylight
2024-03-24T14:33:00.000,I 75,I 75 and Frontage Rd,,Rear End,2,Clear,Dry,Daylight
2023-07-29T14:00:00.000,I 75,I 75 and Frontage Rd,,Rear End,2,Clear,Dry,Daylight
2023-03-27T11:32:00.000,I 75,I 75 and Frontage Rd,,Sideswipe-Same Direction,2,Cloudy,Wet,Daylight
2023-03-21T07:00:00.000,I 75,I 75 and Frontage Rd,,Rear End,2,Clear,Dry,Dawn
2023-05-06T00:55:00.000,I 75,I 75 and Frontage Rd,,Sideswipe-Same Direction,2,Clear,Dry,Dark-Not Lighted
2023-01-28T02:23:00.000,I 75,I 75 and Frontage Rd,,Rear End,2,Clear,Dry,Dark-Not Lighted
2023-10-24T21:25:00.000,I 75,I 75 and Frontage Rd,,Angle Crash,2,Clear,Dry,Dark-Not Lighted
2023-03-07T12:00:00.000,I 75,I 75 and Frontage Rd,,Rear End,3,Clear,Dry,Daylight
2023-08-21T08:35:00.000,I 75,I 75 and Frontage Rd,,Not a Collision with Motor Vehicle,1,Clear,Dry,Daylight