Date and Time,Roadway (From Crash Report),Intersection Name (from Crash Report),KABCO Severity,Manner of Collision (Crash Level) ,# of Vehicles per crash ,Weather Conditions (Crash Level),Surface Condition (Crash Level) ,Light Conditions (Crash Level)
2024-11-05T18:49:00.000,I 75,I 75 and Frontage Rd,,Rear End,3,Clear,Dry,Dark-Not Lighted
2024-03-15T20:15:00.000,I 75,I 75 and Frontage Rd,,Sideswipe-Same Direction,2,Cloudy,Wet,Dark-Lighted
2024-11-19T08:02:00.000,I 75,I 75 and Frontage Rd,,Sideswipe-Same Direction,2,Rain,Wet,Daylight
2024-01-04T19:15:00.000,I 75,I 75 and Frontage Rd,,Rear End,3,Clear,Dry,Dark-Lighted
2024-03-01T13:32:00.000,I 75,I 75 and Frontage Rd,,Sideswipe-Same Direction,2,Rain,Wet,Daylight
2024-08-31T10:34:00.000,I 75,I 75 and Frontage Rd,,Angle Crash,2,Clear,Dry,Daylight
2024-10-04T23:46:00.000,I 75,I 75 and Frontage Rd,,Angle Crash,2,Clear,Dry,Dark-Not Lighted
2024-06-21T14:43:00.000,I 75,I 75 and Frontage Rd,,Rear End,3,Clear,Dry,Daylight
2024-12-22T02:07:00.000,I 75,I 75 and Frontage Rd,,Sideswipe-Same Direction,2,Cloudy,Dry,Dark-Lighted
2024-04-06T20:15:00.000,I 75,I 75 and Frontage Rd,,Sideswipe-Same Direction,2,Clear,Dry,Daylight
2024-01-27T18:35:00.000,I 75,I 75 and Frontage Rd,,Sideswipe-Same Direction,2,Clear,Wet,Dark-Lighted
2024-01-23T07:34:00.000,I 75,I 75 and Frontage Rd,,Sideswipe-Same Direction,2,Rain,Wet,Dark-Lighted
2024-04-02T16:31:00.000,I 75,I 75 and Frontage Rd,,Rear End,2,Clear,Dry,Daylight
2024-03-15T17:30:00.000,I 75,I 75 and Frontage Rd,,Rear End,2,Clear,Dry,Daylight
2024-06-22T13:55:00.000,I 75,I 75 and Frontage Rd,,Rear End,4,Clear,Dry,Daylight
2022-03-02T19:50:00.000,I 75,I 75 and Frontage,,Rear End,2,Clear,Dry,Dark-Not Lighted
2021-07-28T08:35:00.000,I 75,I 75 and From I285,,Rear End,2,Clear,Dry,Daylight
2024-07-22T19:00:00.000,I 75,I 75 and From I20 E And W Exit,,Sideswipe-Same Direction,2,Clear,Dry,Daylight
2023-04-29T04:09:00.000,I 75,I 75 and From 285,,Sideswipe-Same Direction,2,Clear,Dry,Dark-Not Lighted
2024-03-21T14:28:00.000,I 75,I 75 and Frey Road Opas,,Not a Collision with Motor Vehicle,1,Clear,Dry,Daylight
2023-10-27T16:30:00.000,I 75,I 75 and Frey Road Northwest,,Sideswipe-Same Direction,2,Clear,Dry,Daylight
2023-10-27T14:40:00.000,I 75,I 75 and Frey Road Northwest,,Rear End,2,Clear,Dry,Daylight
2021-06-12T00:45:00.000,I 75,I 75 and Frey Rd,,Rear End,4,Cloudy,Dry,Dark-Not Lighted
2021-04-20T10:02:00.000,I 75,I 75 and Frey Rd,,Rear End,2,Clear,Dry,Daylight
2021-08-07T22:48:00.000,I 75,I 75 and Frey Rd,,Rear End,2,Clear,Dry,Dark-Not Lighted
2020-09-08T21:00:00.000,I 75,I 75 and Frey Rd,,Sideswipe-Same Direction,2,Cloudy,Dry,Dark-Not Lighted
2023-08-30T06:28:00.000,I 75,I 75 and Frey Rd,,Angle Crash,3,Cloudy,Dry,Dawn
2023-08-30T06:28:00.000,I 75,I 75 and Frey Rd,,Angle Crash,3,Cloudy,Dry,Dawn
2020-01-02T13:15:00.000,I 75,I 75 and Frey Rd,,Rear End,2,Rain,Wet,Daylight
2020-07-26T17:14:00.000,I 75,I 75 and Frey Rd,,Rear End,2,Clear,Dry,Daylight
2021-04-17T20:49:00.000,I 75,I 75 and Frey Rd,,Not a Collision with Motor Vehicle,1,Clear,Dry,Dark-Not Lighted
2022-01-16T18:10:00.000,I 75,I 75 and Frey Rd,,Angle Crash,2,Snow,Wet,Dark-Not Lighted
2022-05-11T15:29:00.000,I 75,I 75 and Frey Rd,,Rear End,2,Clear,Dry,Daylight
2022-10-24T05:45:00.000,I 75,I 75 and Frey Rd,,Rear End,2,Cloudy,Dry,Dark-Not Lighted
2021-02-12T15:30:00.000,I 75,I 75 and Freeedom Pkwy,,Rear End,2,Cloudy,Dry,Daylight
2022-12-13T16:04:00.000,I 75,I 75 and Freeedom Parkway Opas,,Rear End,2,Clear,Dry,Daylight
2024-11-15T10:35:00.000,I 75,I 75 and Freedomm Pkwy,,Sideswipe-Same Direction,2,Clear,Dry,Daylight
2022-12-09T08:00:00.000,I 75,I 75 and Freedom Prwy,,Rear End,2,Clear,Dry,Daylight
2023-07-18T16:55:00.000,I 75,I 75 and Freedom Prky,,Rear End,2,Clear,Dry,Daylight
2023-07-17T17:55:00.000,I 75,I 75 and Freedom Prky,,Rear End,2,Cloudy,Dry,Daylight
2023-08-07T10:15:00.000,I 75,I 75 and Freedom Prky,,Rear End,3,Clear,Dry,Daylight
2023-06-13T19:15:00.000,I 75,I 75 and Freedom Prky,,Rear End,2,Cloudy,Dry,Daylight
2023-05-05T10:05:00.000,I 75,I 75 and Freedom Prky,,Sideswipe-Same Direction,2,Cloudy,Dry,Daylight
2023-06-30T18:35:00.000,I 75,I 75 and Freedom Prky,,Rear End,2,Clear,Dry,Daylight
2023-01-23T18:25:00.000,I 75,I 75 and Freedom Prky,,Rear End,2,Clear,Dry,Dusk
2023-07-21T12:15:00.000,I 75,I 75 and Freedom Prky,,Rear End,2,Cloudy,Dry,Daylight
2024-01-25T14:00:00.000,I 75,I 75 and Freedom Prky,,Sideswipe-Same Direction,3,Cloudy,Wet,Daylight
2021-04-12T14:04:00.000,I 75,I 75 and Freedom Pky,,Sideswipe-Same Direction,2,Clear,Dry,Daylight
2021-03-31T12:36:00.000,I 75,I 75 and Freedom Pky,,Sideswipe-Same Direction,2,Rain,Wet,Daylight
2021-08-11T13:10:00.000,I 75,I 75 and Freedom Pky,,Rear End,2,Clear,Dry,Daylight
2021-10-13T17:37:00.000,I 75,I 75 and Freedom Pky,,Rear End,3,Cloudy,Dry,Daylight
2023-01-03T09:00:00.000,I 75,I 75 and Freedom Pky,,Sideswipe-Same Direction,2,Cloudy,Wet,Daylight
2023-01-19T07:00:00.000,I 75,I 75 and Freedom Pky,,Rear End,2,Cloudy,Wet,Dark-Lighted
2023-05-25T08:40:00.000,I 75,I 75 and Freedom Pky,,Rear End,2,Clear,Dry,Daylight
2023-01-19T07:00:00.000,I 75,I 75 and Freedom Pky,,Rear End,3,Cloudy,Wet,Dark-Lighted
2023-10-23T19:28:00.000,I 75,I 75 and Freedom Pky,,Rear End,2,Clear,Dry,Dark-Lighted
2020-09-10T09:13:00.000,I 75,I 75 and Freedom Pky,,Rear End,2,Cloudy,Dry,Daylight
2020-07-17T18:18:00.000,I 75,I 75 and Freedom Pky,,Rear End,2,Cloudy,Dry,Daylight
2020-09-11T15:14:00.000,I 75,I 75 and Freedom Pky,,Rear End,3,Cloudy,Dry,Daylight
2020-09-10T09:13:00.000,I 75,I 75 and Freedom Pky,,Sideswipe-Same Direction,2,Cloudy,Dry,Daylight
2021-05-13T14:34:00.000,I 75,I 75 and Freedom Pky,,Rear End,2,Clear,Dry,Daylight
2021-08-30T16:50:00.000,I 75,I 75 and Freedom Pky,,Rear End,2,Cloudy,Dry,Daylight
2021-09-20T06:39:00.000,I 75,I 75 and Freedom Pky,,Rear End,2,Rain,Wet,Daylight
2021-08-16T16:17:00.000,I 75,I 75 and Freedom Pky,,Angle Crash,2,Rain,Wet,Daylight
2021-07-26T19:34:00.000,I 75,I 75 and Freedom Pky,,Rear End,2,Rain,Wet,Daylight
2022-10-03T18:20:00.000,I 75,I 75 and Freedom Pky,,Rear End,2,Clear,Dry,Daylight
2022-04-14T19:50:00.000,I 75,I 75 and Freedom Pky,,Rear End,3,Clear,Dry,Daylight
2021-11-01T14:16:00.000,I 75,I 75 and Freedom Pky,,Rear End,2,Clear,Dry,Daylight
2022-04-14T17:56:00.000,I 75,I 75 and Freedom Pky,,Rear End,2,Clear,Dry,Daylight
2023-05-09T07:20:00.000,I 75,I 75 and Freedom Pky,,Rear End,2,Cloudy,Dry,Daylight
2023-05-30T12:40:00.000,I 75,I 75 and Freedom Pky,,Sideswipe-Same Direction,2,Clear,Dry,Daylight
2023-08-22T16:00:00.000,I 75,I 75 and Freedom Pky,,Sideswipe-Same Direction,2,Clear,Dry,Daylight
2023-10-24T15:30:00.000,I 75,I 75 and Freedom Pky,,Rear End,2,Clear,Dry,Daylight
2023-06-20T18:47:00.000,I 75,I 75 and Freedom Pkwy Over Pass,,Rear End,2,Clear,Dry,Daylight
2023-02-17T00:00:00.000,I 75,I 75 and Freedom Pkwy Opas,,Rear End,2,Cloudy,Dry,Daylight
2023-08-11T10:25:00.000,I 75,I 75 and Freedom Pkwy Opas,,Rear End,3,Cloudy,Wet,Daylight
2023-01-19T15:14:00.000,I 75,I 75 and Freedom Pkwy Opas,,Rear End,2,Clear,Dry,Daylight
2023-04-20T10:19:00.000,I 75,I 75 and Freedom Pkwy Opas,,Rear End,2,Clear,Dry,Daylight
2023-12-05T18:35:00.000,I 75,I 75 and Freedom Pkwy Opas,,Rear End,2,Clear,Dry,Dark-Lighted
2023-05-23T13:30:00.000,I 75,I 75 and Freedom Pkwy Opas,,Sideswipe-Same Direction,2,Cloudy,Dry,Daylight
2023-01-17T16:04:00.000,I 75,I 75 and Freedom Pkwy Opas,,Rear End,3,Cloudy,Wet,Daylight
2022-11-07T12:58:00.000,I 75,I 75 and Freedom Pkwy Opas,,Rear End,2,Clear,Dry,Daylight
2022-11-07T15:33:00.000,I 75,I 75 and Freedom Pkwy Opas,,Rear End,2,Clear,Dry,Daylight
2023-07-10T07:38:00.000,I 75,I 75 and Freedom Pkwy Opas,,Sideswipe-Same Direction,2,Rain,Wet,Daylight
2024-06-06T19:03:00.000,I 75,I 75 and Freedom Pkwy Opas,,Rear End,2,Clear,Dry,Daylight
2023-01-26T13:42:00.000,I 75,I 75 and Freedom Pkwy Opas,,Sideswipe-Same Direction,2,Clear,Dry,Daylight
2023-03-23T18:11:00.000,I 75,I 75 and Freedom Pkwy Opas,,Sideswipe-Same Direction,2,Clear,Dry,Daylight
2024-04-11T13:06:00.000,I 75,I 75 and Freedom Pkwy Opas,,Rear End,2,Clear,Dry,Daylight
2024-04-18T13:10:00.000,I 75,I 75 and Freedom Pkwy Opas,,Sideswipe-Same Direction,2,Clear,Dry,Daylight
2021-10-11T19:35:00.000,I 75,I 75 and Freedom Pkwy,,Rear End,2,Cloudy,Dry,Dark-Lighted
2021-11-16T15:46:00.000,I 75,I 75 and Freedom Pkwy,,Rear End,2,Clear,Dry,Daylight
2021-07-20T08:15:00.000,I 75,I 75 and Freedom Pkwy,,Rear End,2,Rain,Wet,Daylight
2021-12-29T13:37:00.000,I 75,I 75 and Freedom Pkwy,,Sideswipe-Same Direction,3,Cloudy,Wet,Daylight
2021-09-20T07:00:00.000,I 75,I 75 and Freedom Pkwy,,Rear End,3,Rain,Wet,Daylight
2021-02-12T17:10:00.000,I 75,I 75 and Freedom Pkwy,,Sideswipe-Same Direction,5,Clear,Dry,Daylight
2021-06-30T07:40:00.000,I 75,I 75 and Freedom Pkwy,,Rear End,2,Clear,Dry,Daylight
2021-12-14T06:34:00.000,I 75,I 75 and Freedom Pkwy,,Rear End,2,Clear,Dry,Dark-Lighted
2021-10-08T14:11:00.000,I 75,I 75 and Freedom Pkwy,,Rear End,2,Cloudy,Dry,Daylight
2021-10-05T09:00:00.000,I 75,I 75 and Freedom Pkwy,,Rear End,2,Rain,Wet,Daylight
2021-10-29T19:00:00.000,I 75,I 75 and Freedom Pkwy,,Rear End,2,Rain,Wet,Dark-Lighted
2021-12-21T11:20:00.000,I 75,I 75 and Freedom Pkwy,,Sideswipe-Same Direction,4,Rain,Wet,Daylight
2021-12-14T07:04:00.000,I 75,I 75 and Freedom Pkwy,,Rear End,2,Clear,Dry,Dark-Lighted
2021-08-09T15:10:00.000,I 75,I 75 and Freedom Pkwy,,Rear End,2,Clear,Dry,Daylight
2021-10-21T17:31:00.000,I 75,I 75 and Freedom Pkwy,,Sideswipe-Same Direction,2,Clear,Dry,Daylight
2021-12-23T13:00:00.000,I 75,I 75 and Freedom Pkwy,,Rear End,2,Clear,Dry,Daylight
2021-10-15T14:00:00.000,I 75,I 75 and Freedom Pkwy,,Rear End,2,Clear,Dry,Daylight
2023-12-01T12:48:00.000,I 75,I 75 and Freedom Pkwy,,Rear End,2,Cloudy,Wet,Daylight
2023-12-01T18:55:00.000,I 75,I 75 and Freedom Pkwy,,Sideswipe-Same Direction,2,Cloudy,Dry,Daylight
2023-03-25T23:01:00.000,I 75,I 75 and Freedom Pkwy,,Rear End,3,Clear,Dry,Dark-Lighted
2023-01-26T14:20:00.000,I 75,I 75 and Freedom Pkwy,,Rear End,2,Clear,Dry,Daylight
2023-06-22T09:54:00.000,I 75,I 75 and Freedom Pkwy,,Sideswipe-Same Direction,2,Rain,Wet,Daylight
2023-09-05T06:00:00.000,I 75,I 75 and Freedom Pkwy,,Rear End,2,Clear,Dry,Dark-Lighted
2023-03-10T09:40:00.000,I 75,I 75 and Freedom Pkwy,,Rear End,3,Clear,Wet,Daylight
2023-12-04T08:55:00.000,I 75,I 75 and Freedom Pkwy,,Sideswipe-Same Direction,2,Clear,Dry,Daylight
2023-02-13T16:36:00.000,I 75,I 75 and Freedom Pkwy,,Rear End,2,Clear,Dry,Daylight
2023-09-29T14:00:00.000,I 75,I 75 and Freedom Pkwy,,Rear End,2,Clear,Dry,Daylight
2023-09-18T17:59:00.000,I 75,I 75 and Freedom Pkwy,,Rear End,2,Clear,Dry,Daylight
2023-03-21T17:00:00.000,I 75,I 75 and Freedom Pkwy,,Rear End,2,Clear,Dry,Daylight
2023-08-11T07:55:00.000,I 75,I 75 and Freedom Pkwy,,Sideswipe-Same Direction,2,Rain,Wet,Daylight
2023-09-11T11:32:00.000,I 75,I 75 and Freedom Pkwy,,Sideswipe-Same Direction,2,Clear,Dry,Daylight
2023-10-24T08:22:00.000,I 75,I 75 and Freedom Pkwy,,Sideswipe-Same Direction,4,Clear,Dry,Daylight
2023-07-14T19:06:00.000,I 75,I 75 and Freedom Pkwy,,Sideswipe-Same Direction,2,Clear,Dry,Daylight
2023-12-25T19:28:00.000,I 75,I 75 and Freedom Pkwy,,Sideswipe-Same Direction,2,Rain,Wet,Dark-Lighted
2023-01-27T15:40:00.000,I 75,I 75 and Freedom Pkwy,,Rear End,3,Clear,Dry,Daylight
2023-10-12T07:23:00.000,I 75,I 75 and Freedom Pkwy,,Rear End,3,Rain,Wet,Daylight
2023-02-02T07:40:00.000,I 75,I 75 and Freedom Pkwy,,Rear End,2,Rain,Wet,Daylight
2023-10-31T07:04:00.000,I 75,I 75 and Freedom Pkwy,,Rear End,3,Clear,Dry,Dark-Lighted
2023-06-28T10:36:00.000,I 75,I 75 and Freedom Pkwy,,Rear End,2,Clear,Dry,Daylight
2023-06-30T06:50:00.000,I 75,I 75 and Freedom Pkwy,,Sideswipe-Same Direction,2,Clear,Dry,Daylight
2023-09-05T05:50:00.000,I 75,I 75 and Freedom Pkwy,,Rear End,3,Clear,Dry,Dark-Lighted
2023-12-18T12:30:00.000,I 75,I 75 and Freedom Pkwy,,Rear End,2,Clear,Dry,Daylight
2023-01-09T06:43:00.000,I 75,I 75 and Freedom Pkwy,,Rear End,2,Clear,Dry,Daylight
2023-05-26T21:05:00.000,I 75,I 75 and Freedom Pkwy,,Rear End,3,Clear,Dry,Dark-Lighted
2023-01-09T06:41:00.000,I 75,I 75 and Freedom Pkwy,,Rear End,3,Cloudy,Wet,Daylight
2023-05-25T15:35:00.000,I 75,I 75 and Freedom Pkwy,,Rear End,2,Clear,Dry,Daylight
2023-12-22T09:55:00.000,I 75,I 75 and Freedom Pkwy,,Sideswipe-Same Direction,2,Clear,Dry,Daylight
2023-09-05T09:00:00.000,I 75,I 75 and Freedom Pkwy,,Rear End,2,Clear,Dry,Daylight
2023-07-10T06:32:00.000,I 75,I 75 and Freedom Pkwy,,Sideswipe-Same Direction,2,Rain,Wet,Dark-Not Lighted
2023-01-17T10:30:00.000,I 75,I 75 and Freedom Pkwy,,Sideswipe-Same Direction,2,Rain,Wet,Daylight
2023-09-28T06:59:00.000,I 75,I 75 and Freedom Pkwy,,Sideswipe-Same Direction,2,Clear,Dry,Daylight
2023-06-02T06:40:00.000,I 75,I 75 and Freedom Pkwy,,Rear End,2,Clear,Dry,Daylight
2023-03-10T19:15:00.000,I 75,I 75 and Freedom Pkwy,,Rear End,2,Clear,Dry,Dark-Lighted
2023-12-18T16:15:00.000,I 75,I 75 and Freedom Pkwy,,Sideswipe-Same Direction,2,Clear,Dry,Daylight
2023-05-22T16:25:00.000,I 75,I 75 and Freedom Pkwy,,Rear End,2,Rain,Wet,Daylight
2023-11-13T15:45:00.000,I 75,I 75 and Freedom Pkwy,,Sideswipe-Same Direction,2,Cloudy,Dry,Daylight
2023-12-12T11:10:00.000,I 75,I 75 and Freedom Pkwy,,Sideswipe-Same Direction,2,Clear,Dry,Daylight
2023-03-17T06:50:00.000,I 75,I 75 and Freedom Pkwy,,Sideswipe-Same Direction,2,Cloudy,Dry,Daylight
2023-12-05T19:23:00.000,I 75,I 75 and Freedom Pkwy,,Sideswipe-Same Direction,2,Clear,Dry,Dark-Lighted
2023-10-26T07:31:00.000,I 75,I 75 and Freedom Pkwy,,Rear End,3,Clear,Dry,Dark-Lighted
2023-09-17T17:29:00.000,I 75,I 75 and Freedom Pkwy,,Rear End,2,Clear,Dry,Daylight
2023-08-11T16:43:00.000,I 75,I 75 and Freedom Pkwy,,Rear End,2,Cloudy,Dry,Daylight
2023-11-21T13:14:00.000,I 75,I 75 and Freedom Pkwy,,Rear End,2,Rain,Wet,Daylight
2023-10-27T11:30:00.000,I 75,I 75 and Freedom Pkwy,,Rear End,2,Clear,Dry,Daylight
2023-10-12T14:32:00.000,I 75,I 75 and Freedom Pkwy,,Rear End,2,Cloudy,Dry,Daylight
2023-07-10T00:19:00.000,I 75,I 75 and Freedom Pkwy,,Rear End,2,Clear,Dry,Daylight
2023-02-23T09:52:00.000,I 75,I 75 and Freedom Pkwy,,Rear End,3,Cloudy,Dry,Daylight
2023-06-15T18:30:00.000,I 75,I 75 and Freedom Pkwy,,Rear End,2,Clear,Dry,Daylight
2023-03-06T08:50:00.000,I 75,I 75 and Freedom Pkwy,,Sideswipe-Same Direction,2,Cloudy,Dry,Daylight
2023-04-28T09:53:00.000,I 75,I 75 and Freedom Pkwy,,Rear End,2,Cloudy,Wet,Daylight
2023-06-16T13:15:00.000,I 75,I 75 and Freedom Pkwy,,Rear End,2,Clear,Dry,Daylight
2023-03-28T09:55:00.000,I 75,I 75 and Freedom Pkwy,,Sideswipe-Same Direction,2,Clear,Dry,Daylight
2023-08-29T13:45:00.000,I 75,I 75 and Freedom Pkwy,,Sideswipe-Same Direction,2,Clear,Dry,Daylight
2022-11-18T07:00:00.000,I 75,I 75 and Freedom Pkwy,,Rear End,2,Clear,Dry,Daylight
2022-07-11T14:00:00.000,I 75,I 75 and Freedom Pkwy,,Sideswipe-Same Direction,2,Cloudy,Dry,Daylight
2023-04-04T11:24:00.000,I 75,I 75 and Freedom Pkwy,,Rear End,2,Cloudy,Dry,Daylight
2023-05-30T18:08:00.000,I 75,I 75 and Freedom Pkwy,,Rear End,3,Clear,Dry,Daylight
2023-11-14T16:43:00.000,I 75,I 75 and Freedom Pkwy,,Sideswipe-Same Direction,2,Clear,Dry,Daylight
2021-11-29T19:03:00.000,I 75,I 75 and Freedom Pkwy,,Rear End,2,Clear,Dry,Dark-Lighted
2024-08-27T17:45:00.000,I 75,I 75 and Freedom Pkwy,,Rear End,2,Clear,Dry,Daylight
2020-08-25T09:27:00.000,I 75,I 75 and Freedom Pkwy,,Sideswipe-Same Direction,2,Rain,Wet,Daylight
2021-06-23T17:00:00.000,I 75,I 75 and Freedom Pkwy,,Sideswipe-Same Direction,2,Clear,Dry,Daylight
2021-04-05T07:30:00.000,I 75,I 75 and Freedom Pkwy,,Rear End,2,Clear,Dry,Daylight
2021-10-22T10:50:00.000,I 75,I 75 and Freedom Pkwy,,Rear End,2,Clear,Dry,Daylight
2021-12-21T12:38:00.000,I 75,I 75 and Freedom Pkwy,,Rear End,2,Rain,Wet,Daylight
2021-08-06T18:00:00.000,I 75,I 75 and Freedom Pkwy,,Rear End,2,Cloudy,Dry,Daylight
2021-11-16T16:55:00.000,I 75,I 75 and Freedom Pkwy,,Sideswipe-Same Direction,2,Clear,Dry,Daylight
2021-10-14T16:15:00.000,I 75,I 75 and Freedom Pkwy,,Sideswipe-Same Direction,2,Clear,Dry,Daylight
2021-10-19T14:23:00.000,I 75,I 75 and Freedom Pkwy,,Rear End,2,Clear,Dry,Daylight
2021-11-04T12:45:00.000,I 75,I 75 and Freedom Pkwy,,Rear End,3,Rain,Wet,Daylight
2021-11-18T11:50:00.000,I 75,I 75 and Freedom Pkwy,,Sideswipe-Same Direction,2,Clear,Dry,Daylight
2021-10-18T14:36:00.000,I 75,I 75 and Freedom Pkwy,,Rear End,3,Clear,Dry,Daylight
2022-04-28T17:30:00.000,I 75,I 75 and Freedom Pkwy,,Rear End,2,Clear,Dry,Daylight
2022-11-18T15:50:00.000,I 75,I 75 and Freedom Pkwy,,Rear End,2,Clear,Dry,Daylight
2022-01-06T10:20:00.000,I 75,I 75 and Freedom Pkwy,,Angle Crash,2,Clear,Dry,Daylight
2022-11-10T06:25:00.000,I 75,I 75 and Freedom Pkwy,,Rear End,2,Clear,Dry,Daylight
2022-12-09T19:30:00.000,I 75,I 75 and Freedom Pkwy,,Rear End,2,Cloudy,Wet,Dark-Lighted
2022-01-20T07:33:00.000,I 75,I 75 and Freedom Pkwy,,Rear End,2,Cloudy,Wet,Daylight
2021-12-14T07:04:00.000,I 75,I 75 and Freedom Pkwy,,Rear End,3,Clear,Dry,Dark-Lighted
2021-10-22T19:50:00.000,I 75,I 75 and Freedom Pkwy,,Rear End,3,Clear,Dry,Dark-Lighted
2022-11-11T12:00:00.000,I 75,I 75 and Freedom Pkwy,,Rear End,2,Rain,Wet,Daylight
2022-06-21T12:45:00.000,I 75,I 75 and Freedom Pkwy,,Rear End,2,Clear,Dry,Daylight
2022-11-29T16:31:00.000,I 75,I 75 and Freedom Pkwy,,Rear End,2,Cloudy,Dry,Daylight
2022-11-11T18:02:00.000,I 75,I 75 and Freedom Pkwy,,Rear End,3,Cloudy,Wet,Dark-Lighted
2022-12-12T18:45:00.000,I 75,I 75 and Freedom Pkwy,,Sideswipe-Same Direction,2,Clear,Dry,Dark-Lighted
2022-04-22T15:20:00.000,I 75,I 75 and Freedom Pkwy,,Rear End,2,Clear,Dry,Daylight
2022-10-13T18:08:00.000,I 75,I 75 and Freedom Pkwy,,Rear End,2,Clear,Dry,Daylight
2022-09-02T18:02:00.000,I 75,I 75 and Freedom Pkwy,,Rear End,2,Cloudy,Dry,Daylight
2022-05-26T17:00:00.000,I 75,I 75 and Freedom Pkwy,,Sideswipe-Same Direction,2,Cloudy,Wet,Daylight
2022-10-11T19:35:00.000,I 75,I 75 and Freedom Pkwy,,Rear End,2,Clear,Dry,Daylight
2022-12-19T15:20:00.000,I 75,I 75 and Freedom Pkwy,,Rear End,2,Cloudy,Dry,Daylight
2022-08-19T06:30:00.000,I 75,I 75 and Freedom Pkwy,,Rear End,2,Cloudy,Dry,Daylight
2022-01-25T17:10:00.000,I 75,I 75 and Freedom Pkwy,,Rear End,2,Clear,Dry,Daylight
2022-11-17T10:40:00.000,I 75,I 75 and Freedom Pkwy,,Sideswipe-Same Direction,2,Clear,Dry,Daylight
2022-01-25T19:24:00.000,I 75,I 75 and Freedom Pkwy,,Sideswipe-Same Direction,2,Clear,Dry,Dark-Lighted
2022-02-03T15:32:00.000,I 75,I 75 and Freedom Pkwy,,Rear End,2,Rain,Wet,Daylight
2022-10-21T17:10:00.000,I 75,I 75 and Freedom Pkwy,,Sideswipe-Same Direction,2,Clear,Dry,Daylight
2022-11-10T17:20:00.000,I 75,I 75 and Freedom Pkwy,,Sideswipe-Same Direction,2,Cloudy,Wet,Daylight
2022-11-25T06:30:00.000,I 75,I 75 and Freedom Pkwy,,Rear End,2,Rain,Wet,Daylight
2022-05-23T09:30:00.000,I 75,I 75 and Freedom Pkwy,,Rear End,3,Rain,Wet,Daylight
2022-06-21T07:15:00.000,I 75,I 75 and Freedom Pkwy,,Sideswipe-Same Direction,2,Clear,Dry,Dark-Lighted
2022-12-16T10:37:00.000,I 75,I 75 and Freedom Pkwy,,Rear End,2,Clear,Dry,Daylight
2022-02-24T13:40:00.000,I 75,I 75 and Freedom Pkwy,,Rear End,2,Clear,Dry,Daylight
2022-01-23T01:10:00.000,I 75,I 75 and Freedom Pkwy,,Angle Crash,3,Clear,Dry,Dark-Lighted
2021-10-26T18:00:00.000,I 75,I 75 and Freedom Pkwy,,Sideswipe-Same Direction,2,Clear,Dry,Daylight
2021-12-14T14:30:00.000,I 75,I 75 and Freedom Pkwy,,Rear End,2,Clear,Dry,Daylight
2022-09-12T07:25:00.000,I 75,I 75 and Freedom Pkwy,,Rear End,2,Cloudy,Dry,Daylight
2022-08-30T14:35:00.000,I 75,I 75 and Freedom Pkwy,,Rear End,4,Clear,Dry,Daylight
2022-10-13T11:18:00.000,I 75,I 75 and Freedom Pkwy,,Rear End,2,Cloudy,Wet,Daylight
2022-11-11T12:20:00.000,I 75,I 75 and Freedom Pkwy,,Sideswipe-Same Direction,2,Rain,Wet,Daylight
2022-10-17T16:20:00.000,I 75,I 75 and Freedom Pkwy,,Sideswipe-Same Direction,2,Clear,Dry,Daylight
2022-12-20T06:24:00.000,I 75,I 75 and Freedom Pkwy,,Sideswipe-Same Direction,2,Rain,Wet,Dark-Not Lighted
2022-08-04T06:25:00.000,I 75,I 75 and Freedom Pkwy,,Sideswipe-Same Direction,2,Clear,Dry,Daylight
2022-01-04T17:08:00.000,I 75,I 75 and Freedom Pkwy,,Sideswipe-Same Direction,2,Clear,Dry,Daylight
2022-11-18T07:00:00.000,I 75,I 75 and Freedom Pkwy,,Rear End,2,Clear,Dry,Daylight
2022-01-04T17:30:00.000,I 75,I 75 and Freedom Pkwy,,Rear End,3,Clear,Dry,Dawn
2022-03-14T14:37:00.000,I 75,I 75 and Freedom Pkwy,,Rear End,2,Clear,Dry,Daylight
2022-09-12T08:48:00.000,I 75,I 75 and Freedom Pkwy,,Rear End,3,Cloudy,Dry,Daylight
2022-12-08T17:24:00.000,I 75,I 75 and Freedom Pkwy,,Rear End,2,Clear,Dry,Daylight
2022-12-15T17:12:00.000,I 75,I 75 and Freedom Pkwy,,Sideswipe-Same Direction,2,Clear,Dry,Daylight
2022-03-18T19:35:00.000,I 75,I 75 and Freedom Pkwy,,Rear End,2,Cloudy,Wet,Daylight
2022-12-01T14:30:00.000,I 75,I 75 and Freedom Pkwy,,Sideswipe-Same Direction,2,Clear,Dry,Daylight
2022-03-24T16:43:00.000,I 75,I 75 and Freedom Pkwy,,Rear End,2,Clear,Dry,Daylight
2022-05-19T17:40:00.000,I 75,I 75 and Freedom Pkwy,,Sideswipe-Same Direction,2,Clear,Dry,Daylight
2022-07-12T16:30:00.000,I 75,I 75 and Freedom Pkwy,,Rear End,3,Clear,Dry,Daylight
2022-12-20T10:40:00.000,I 75,I 75 and Freedom Pkwy,,Rear End,2,Rain,Wet,Daylight
2022-07-29T11:10:00.000,I 75,I 75 and Freedom Pkwy,,Rear End,2,Clear,Dry,Daylight
2022-09-22T16:40:00.000,I 75,I 75 and Freedom Pkwy,,Rear End,2,Clear,Dry,Daylight
2022-12-02T15:10:00.000,I 75,I 75 and Freedom Pkwy,,Rear End,2,Clear,Dry,Daylight
2022-06-02T12:55:00.000,I 75,I 75 and Freedom Pkwy,,Rear End,2,Cloudy,Dry,Daylight
2022-10-06T16:54:00.000,I 75,I 75 and Freedom Pkwy,,Rear End,2,Clear,Dry,Daylight
2022-12-15T08:00:00.000,I 75,I 75 and Freedom Pkwy,,Rear End,2,Rain,Wet,Daylight
2022-12-15T08:00:00.000,I 75,I 75 and Freedom Pkwy,,Rear End,2,Cloudy,Wet,Daylight
2022-11-10T06:25:00.000,I 75,I 75 and Freedom Pkwy,,Rear End,3,Clear,Dry,Daylight
2022-10-07T07:23:00.000,I 75,I 75 and Freedom Pkwy,,Rear End,2,Clear,Dry,Daylight