Date and Time,Roadway (From Crash Report),Intersection Name (from Crash Report),KABCO Severity,Manner of Collision (Crash Level) ,# of Vehicles per crash ,Weather Conditions (Crash Level),Surface Condition (Crash Level) ,Light Conditions (Crash Level)
2022-08-08T09:31:00.000,I 75,I 75 and Freedom Pkwy,,Sideswipe-Same Direction,2,Clear,Dry,Daylight
2022-04-05T15:40:00.000,I 75,I 75 and Freedom Pkwy,,Rear End,2,Rain,Wet,Daylight
2022-12-10T19:30:00.000,I 75,I 75 and Freedom Pkwy,,Rear End,2,Clear,Dry,Dark-Lighted
2022-11-10T10:10:00.000,I 75,I 75 and Freedom Pkwy,,Rear End,2,Clear,Dry,Daylight
2022-09-09T19:00:00.000,I 75,I 75 and Freedom Pkwy,,Rear End,2,Cloudy,Dry,Daylight
2022-11-28T15:38:00.000,I 75,I 75 and Freedom Pkwy,,Rear End,2,Clear,Dry,Daylight
2022-11-25T13:50:00.000,I 75,I 75 and Freedom Pkwy,,Rear End,2,Cloudy,Dry,Daylight
2022-12-08T07:34:00.000,I 75,I 75 and Freedom Pkwy,,Rear End,5,Cloudy,Wet,Daylight
2022-07-07T16:45:00.000,I 75,I 75 and Freedom Pkwy,,Rear End,2,Cloudy,Dry,Daylight
2022-06-21T11:50:00.000,I 75,I 75 and Freedom Pkwy,,Rear End,2,Clear,Dry,Daylight
2022-11-25T13:50:00.000,I 75,I 75 and Freedom Pkwy,,Sideswipe-Same Direction,2,Cloudy,Dry,Daylight
2022-06-03T13:54:00.000,I 75,I 75 and Freedom Pkwy,,Sideswipe-Same Direction,2,Clear,Dry,Daylight
2022-07-19T09:15:00.000,I 75,I 75 and Freedom Pkwy,,Rear End,2,Rain,Wet,Daylight
2022-11-14T18:25:00.000,I 75,I 75 and Freedom Pkwy,,Rear End,2,Cloudy,Dry,Dusk
2022-04-05T13:00:00.000,I 75,I 75 and Freedom Pkwy,,Angle Crash,2,Rain,Wet,Daylight
2022-02-03T16:15:00.000,I 75,I 75 and Freedom Pkwy,,Rear End,2,Rain,Wet,Daylight
2022-10-20T06:10:00.000,I 75,I 75 and Freedom Pkwy,,Sideswipe-Same Direction,2,Clear,Dry,Daylight
2022-11-28T15:40:00.000,I 75,I 75 and Freedom Pkwy,,Sideswipe-Same Direction,2,Clear,Dry,Daylight
2022-12-01T14:30:00.000,I 75,I 75 and Freedom Pkwy,,Rear End,3,Clear,Dry,Daylight
2022-02-10T07:28:00.000,I 75,I 75 and Freedom Pkwy,,Rear End,5,Clear,Dry,Daylight
2022-07-08T11:00:00.000,I 75,I 75 and Freedom Pkwy,,Rear End,2,Clear,Dry,Daylight
2022-02-15T14:48:00.000,I 75,I 75 and Freedom Pkwy,,Sideswipe-Same Direction,2,Clear,Dry,Daylight
2022-07-29T12:30:00.000,I 75,I 75 and Freedom Pkwy,,Sideswipe-Same Direction,2,Clear,Dry,Daylight
2022-12-30T16:30:00.000,I 75,I 75 and Freedom Pkwy,,Rear End,2,Clear,Dry,Daylight
2022-12-20T10:45:00.000,I 75,I 75 and Freedom Pkwy,,Rear End,3,Rain,Wet,Daylight
2022-09-06T10:20:00.000,I 75,I 75 and Freedom Pkwy,,Sideswipe-Same Direction,2,Clear,Dry,Daylight
2022-04-07T17:37:00.000,I 75,I 75 and Freedom Pkwy,,Rear End,3,Clear,Dry,Daylight
2022-08-25T08:40:00.000,I 75,I 75 and Freedom Pkwy,,Sideswipe-Same Direction,2,Rain,Wet,Daylight
2022-07-29T19:00:00.000,I 75,I 75 and Freedom Pkwy,,Sideswipe-Same Direction,2,Cloudy,Wet,Daylight
2022-08-30T19:50:00.000,I 75,I 75 and Freedom Pkwy,,Rear End,2,Cloudy,Wet,Dusk
2022-05-02T15:00:00.000,I 75,I 75 and Freedom Pkwy,,Rear End,2,Clear,Dry,Daylight
2022-04-04T11:50:00.000,I 75,I 75 and Freedom Pkwy,,Rear End,2,Clear,Dry,Daylight
2022-10-13T07:27:00.000,I 75,I 75 and Freedom Pkwy,,Rear End,2,Cloudy,Wet,Daylight
2022-01-07T14:48:00.000,I 75,I 75 and Freedom Pkwy,,Rear End,2,Clear,Dry,Daylight
2022-10-11T15:46:00.000,I 75,I 75 and Freedom Pkwy,,Sideswipe-Same Direction,2,Clear,Dry,Daylight
2022-11-28T14:38:00.000,I 75,I 75 and Freedom Pkwy,,Sideswipe-Same Direction,2,Clear,Dry,Daylight
2022-09-12T07:24:00.000,I 75,I 75 and Freedom Pkwy,,Rear End,2,Cloudy,Wet,Daylight
2022-07-21T18:40:00.000,I 75,I 75 and Freedom Pkwy,,Sideswipe-Same Direction,2,Clear,Dry,Daylight
2023-01-20T06:15:00.000,I 75,I 75 and Freedom Pkwy,,Angle Crash,2,Clear,Dry,Dark-Lighted
2023-09-05T06:00:00.000,I 75,I 75 and Freedom Pkwy,,Rear End,2,Clear,Dry,Dark-Lighted
2023-10-09T09:00:00.000,I 75,I 75 and Freedom Pkwy,,Sideswipe-Same Direction,2,Clear,Dry,Daylight
2023-06-09T15:58:00.000,I 75,I 75 and Freedom Pkwy,,Sideswipe-Same Direction,2,Clear,Dry,Daylight
2023-04-28T11:18:00.000,I 75,I 75 and Freedom Pkwy,,Sideswipe-Same Direction,2,Clear,Dry,Daylight
2024-10-29T15:45:00.000,I 75,I 75 and Freedom Pkwy,,Sideswipe-Same Direction,2,Clear,Dry,Daylight
2024-06-24T09:16:00.000,I 75,I 75 and Freedom Pkwy,,Rear End,3,Clear,Dry,Daylight
2024-04-18T08:30:00.000,I 75,I 75 and Freedom Pkwy,,Sideswipe-Same Direction,2,Clear,Dry,Daylight
2024-07-23T12:35:00.000,I 75,I 75 and Freedom Pkwy,,Rear End,3,Cloudy,Dry,Daylight
2024-02-23T19:51:00.000,I 75,I 75 and Freedom Pkwy,,Rear End,2,Clear,Dry,Daylight
2024-12-10T11:40:00.000,I 75,I 75 and Freedom Pkwy,,Sideswipe-Same Direction,3,Cloudy,Wet,Daylight
2024-11-18T15:45:00.000,I 75,I 75 and Freedom Pkwy,,Rear End,2,Clear,Dry,Daylight
2024-10-07T09:20:00.000,I 75,I 75 and Freedom Pkwy,,Sideswipe-Same Direction,2,Clear,Dry,Daylight
2024-06-07T10:00:00.000,I 75,I 75 and Freedom Pkwy,,Sideswipe-Same Direction,3,Clear,Dry,Daylight
2024-12-12T15:10:00.000,I 75,I 75 and Freedom Pkwy,,Sideswipe-Same Direction,2,Clear,Dry,Daylight
2024-07-05T16:10:00.000,I 75,I 75 and Freedom Pkwy,,Rear End,2,Clear,Dry,Daylight
2024-04-25T14:41:00.000,I 75,I 75 and Freedom Pkwy,,Sideswipe-Same Direction,2,Clear,Dry,Daylight
2024-03-25T08:44:00.000,I 75,I 75 and Freedom Pkwy,,Sideswipe-Same Direction,2,Cloudy,Dry,Daylight
2024-01-26T19:28:00.000,I 75,I 75 and Freedom Pkwy,,Rear End,2,Cloudy,Dry,Dark-Lighted
2024-07-22T06:30:00.000,I 75,I 75 and Freedom Pkwy,,Rear End,2,Cloudy,Wet,Daylight
2024-05-06T18:13:00.000,I 75,I 75 and Freedom Pkwy,,Rear End,3,Clear,Dry,Daylight
2024-01-29T11:10:00.000,I 75,I 75 and Freedom Pkwy,,Rear End,2,Clear,Dry,Daylight
2024-12-06T13:57:00.000,I 75,I 75 and Freedom Pkwy,,Rear End,2,Clear,Dry,Daylight
2024-04-18T00:55:00.000,I 75,I 75 and Freedom Pkwy,,Rear End,2,Clear,Wet,Daylight
2023-03-21T07:32:00.000,I 75,I 75 and Freedom Pkwy,,Rear End,2,Clear,Dry,Daylight
2023-12-07T11:40:00.000,I 75,I 75 and Freedom Pkwy,,Rear End,2,Clear,Dry,Daylight
2023-06-15T17:40:00.000,I 75,I 75 and Freedom Pkwy,,Rear End,2,Clear,Dry,Daylight
2023-06-15T15:20:00.000,I 75,I 75 and Freedom Pkwy,,Rear End,2,Clear,Dry,Daylight
2023-10-12T15:11:00.000,I 75,I 75 and Freedom Pkwy,,Rear End,2,Cloudy,Dry,Daylight
2023-12-01T20:03:00.000,I 75,I 75 and Freedom Pkwy,,Rear End,3,Cloudy,Dry,Dark-Lighted
2023-05-15T10:54:00.000,I 75,I 75 and Freedom Pkwy,,Rear End,2,Clear,Dry,Daylight
2023-10-03T14:02:00.000,I 75,I 75 and Freedom Pkwy,,Rear End,2,Clear,Dry,Daylight
2023-03-10T09:48:00.000,I 75,I 75 and Freedom Pkwy,,Rear End,2,Rain,Wet,Daylight
2023-03-24T18:13:00.000,I 75,I 75 and Freedom Pkwy,,Sideswipe-Same Direction,2,Clear,Dry,Daylight
2023-12-21T08:00:00.000,I 75,I 75 and Freedom Pkwy,,Sideswipe-Same Direction,3,Clear,Dry,Daylight
2023-09-28T18:46:00.000,I 75,I 75 and Freedom Pkwy,,Sideswipe-Same Direction,3,Clear,Dry,Daylight
2023-12-12T06:50:00.000,I 75,I 75 and Freedom Pkwy,,Sideswipe-Same Direction,2,Clear,Dry,Dark-Lighted
2023-08-21T07:36:00.000,I 75,I 75 and Freedom Pkwy,,Sideswipe-Same Direction,2,Cloudy,Dry,Dark-Lighted
2023-10-26T07:59:00.000,I 75,I 75 and Freedom Pkwy,,Sideswipe-Same Direction,2,Clear,Dry,Daylight
2023-09-15T13:00:00.000,I 75,I 75 and Freedom Pkwy,,Sideswipe-Same Direction,2,Clear,Wet,Daylight
2023-12-04T19:23:00.000,I 75,I 75 and Freedom Pkwy,,Rear End,2,Clear,Dry,Dark-Lighted
2023-10-13T07:36:00.000,I 75,I 75 and Freedom Pkwy,,Rear End,3,Cloudy,Wet,Daylight
2023-12-01T12:00:00.000,I 75,I 75 and Freedom Pkwy,,Not a Collision with Motor Vehicle,1,Cloudy,Wet,Daylight
2023-04-24T18:09:00.000,I 75,I 75 and Freedom Pkwy,,Sideswipe-Same Direction,2,Clear,Dry,Daylight
2023-06-02T06:40:00.000,I 75,I 75 and Freedom Pkwy,,Sideswipe-Same Direction,2,Clear,Dry,Daylight
2023-09-04T16:25:00.000,I 75,I 75 and Freedom Pkwy,,Rear End,2,Clear,Dry,Daylight
2023-09-05T05:50:00.000,I 75,I 75 and Freedom Pkwy,,Sideswipe-Same Direction,4,Clear,Dry,Dark-Lighted
2023-10-13T15:38:00.000,I 75,I 75 and Freedom Pkwy,,Rear End,2,Cloudy,Dry,Daylight
2023-04-03T15:50:00.000,I 75,I 75 and Freedom Pkwy,,Sideswipe-Same Direction,2,Cloudy,Wet,Daylight
2023-11-10T13:06:00.000,I 75,I 75 and Freedom Pkwy,,Rear End,2,Clear,Wet,Daylight
2023-12-07T12:18:00.000,I 75,I 75 and Freedom Pkwy,,Sideswipe-Same Direction,2,Clear,Dry,Daylight
2023-03-20T16:50:00.000,I 75,I 75 and Freedom Pkwy,,Rear End,2,Clear,Dry,Daylight
2023-12-11T11:50:00.000,I 75,I 75 and Freedom Pkwy,,Sideswipe-Same Direction,3,Clear,Dry,Daylight
2023-01-03T09:05:00.000,I 75,I 75 and Freedom Pkwy,,Rear End,2,Cloudy,Wet,Daylight
2023-12-07T13:30:00.000,I 75,I 75 and Freedom Pkwy,,Rear End,2,Clear,Dry,Daylight
2023-07-14T19:37:00.000,I 75,I 75 and Freedom Pkwy,,Rear End,2,Clear,Dry,Daylight
2023-01-30T12:36:00.000,I 75,I 75 and Freedom Pkwy,,Rear End,2,Cloudy,Wet,Daylight
2023-12-28T16:26:00.000,I 75,I 75 and Freedom Pkwy,,Rear End,2,Clear,Dry,Daylight
2023-09-19T15:43:00.000,I 75,I 75 and Freedom Pkwy,,Sideswipe-Same Direction,2,Clear,Dry,Daylight
2023-05-08T16:26:00.000,I 75,I 75 and Freedom Pkwy,,Rear End,2,Cloudy,Dry,Daylight
2023-04-24T15:31:00.000,I 75,I 75 and Freedom Pkwy,,Rear End,2,Clear,Dry,Daylight
2023-06-28T14:26:00.000,I 75,I 75 and Freedom Pkwy,,Sideswipe-Same Direction,2,Clear,Dry,Daylight
2023-10-30T13:35:00.000,I 75,I 75 and Freedom Pkwy,,Rear End,2,Cloudy,Dry,Daylight
2023-08-04T10:19:00.000,I 75,I 75 and Freedom Pkwy,,Rear End,3,Cloudy,Dry,Daylight
2023-05-05T18:32:00.000,I 75,I 75 and Freedom Pkwy,,Rear End,2,Cloudy,Dry,Daylight
2024-03-19T10:32:00.000,I 75,I 75 and Freedom Pkwy,,Rear End,2,Clear,Dry,Daylight
2024-10-17T13:32:00.000,I 75,I 75 and Freedom Pkwy,,Rear End,3,Clear,Dry,Daylight
2024-04-02T17:00:00.000,I 75,I 75 and Freedom Pkwy,,Rear End,2,Cloudy,Dry,Daylight
2024-06-27T15:11:00.000,I 75,I 75 and Freedom Pkwy,,Rear End,2,Cloudy,Dry,Daylight
2024-05-13T06:26:00.000,I 75,I 75 and Freedom Pkwy,,Sideswipe-Same Direction,3,Clear,Dry,Daylight
2024-11-07T12:04:00.000,I 75,I 75 and Freedom Pkwy,,Sideswipe-Same Direction,2,Clear,Dry,Daylight
2024-09-30T18:15:00.000,I 75,I 75 and Freedom Pkwy,,Sideswipe-Same Direction,2,Cloudy,Dry,Dark-Lighted
2024-04-29T15:47:00.000,I 75,I 75 and Freedom Pkwy,,Rear End,2,Clear,Dry,Daylight
2024-03-11T11:18:00.000,I 75,I 75 and Freedom Pkwy,,Sideswipe-Same Direction,3,Clear,Dry,Daylight
2024-03-01T14:00:00.000,I 75,I 75 and Freedom Pkwy,,Rear End,2,Rain,Wet,Daylight
2024-04-02T18:23:00.000,I 75,I 75 and Freedom Pkwy,,Rear End,3,Cloudy,Dry,Daylight
2024-11-19T12:18:00.000,I 75,I 75 and Freedom Pkwy,,Rear End,2,Rain,Wet,Daylight
2024-07-25T19:03:00.000,I 75,I 75 and Freedom Pkwy,,Rear End,2,Clear,Dry,Daylight
2024-06-07T18:41:00.000,I 75,I 75 and Freedom Pkwy,,Rear End,2,Clear,Dry,Daylight
2024-12-06T18:26:00.000,I 75,I 75 and Freedom Pkwy,,Rear End,2,Clear,Dry,Dark-Lighted
2024-04-23T19:03:00.000,I 75,I 75 and Freedom Pkwy,,Sideswipe-Same Direction,2,Clear,Dry,Daylight
2024-10-03T17:10:00.000,I 75,I 75 and Freedom Pkwy,,Rear End,2,Clear,Dry,Daylight
2024-12-12T16:30:00.000,I 75,I 75 and Freedom Pkwy,,Rear End,2,Clear,Dry,Daylight
2024-09-10T07:12:00.000,I 75,I 75 and Freedom Pkwy,,Rear End,2,Cloudy,Dry,Daylight
2024-05-20T08:16:00.000,I 75,I 75 and Freedom Pkwy,,Sideswipe-Same Direction,2,Clear,Dry,Daylight
2024-02-08T15:30:00.000,I 75,I 75 and Freedom Pkwy,,Sideswipe-Same Direction,2,Clear,Dry,Daylight
2024-05-30T14:03:00.000,I 75,I 75 and Freedom Pkwy,,Sideswipe-Same Direction,2,Clear,Dry,Daylight
2024-03-25T18:05:00.000,I 75,I 75 and Freedom Pkwy,,Rear End,2,Clear,Dry,Daylight
2024-06-05T09:40:00.000,I 75,I 75 and Freedom Pkwy,,Rear End,2,Cloudy,Dry,Daylight
2024-12-24T16:02:00.000,I 75,I 75 and Freedom Pkwy,,Rear End,2,Clear,Dry,Daylight
2024-08-01T16:30:00.000,I 75,I 75 and Freedom Pkwy,,Rear End,2,Clear,Dry,Daylight
2024-12-10T15:57:00.000,I 75,I 75 and Freedom Pkwy,,Rear End,2,Clear,Wet,Daylight
2024-11-18T19:45:00.000,I 75,I 75 and Freedom Pkwy,,Rear End,2,Clear,Dry,Daylight
2024-03-26T19:38:00.000,I 75,I 75 and Freedom Pkwy,,Rear End,2,Clear,Wet,Daylight
2024-07-22T08:39:00.000,I 75,I 75 and Freedom Pkwy,,Rear End,2,Cloudy,Dry,Daylight
2024-02-20T14:42:00.000,I 75,I 75 and Freedom Pkwy,,Rear End,2,Clear,Dry,Daylight
2024-07-25T18:27:00.000,I 75,I 75 and Freedom Pkwy,,Rear End,2,Clear,Dry,Daylight
2024-09-02T13:49:00.000,I 75,I 75 and Freedom Pkwy,,Rear End,2,Cloudy,Dry,Daylight
2024-06-10T17:08:00.000,I 75,I 75 and Freedom Pkwy,,Rear End,2,Clear,Wet,Daylight
2024-08-26T14:41:00.000,I 75,I 75 and Freedom Pkwy,,Sideswipe-Same Direction,2,Clear,Dry,Daylight
2024-11-05T09:20:00.000,I 75,I 75 and Freedom Pkwy,,Sideswipe-Same Direction,2,Clear,Dry,Daylight
2024-12-03T17:01:00.000,I 75,I 75 and Freedom Pkwy,,Sideswipe-Same Direction,3,Clear,Dry,Dark-Lighted
2024-10-14T15:56:00.000,I 75,I 75 and Freedom Pkwy,,Rear End,2,Clear,Dry,Daylight
2024-02-12T18:27:00.000,I 75,I 75 and Freedom Pkwy,,Rear End,2,Cloudy,Wet,Dusk
2024-02-08T09:44:00.000,I 75,I 75 and Freedom Pkwy,,Sideswipe-Same Direction,2,Clear,Dry,Daylight
2024-12-20T07:20:00.000,I 75,I 75 and Freedom Pkwy,,Sideswipe-Same Direction,2,Clear,Dry,Daylight
2024-07-25T06:44:00.000,I 75,I 75 and Freedom Pkwy,,Rear End,2,Cloudy,Wet,Daylight
2024-07-08T18:53:00.000,I 75,I 75 and Freedom Pkwy,,Sideswipe-Same Direction,2,Cloudy,Dry,Daylight
2024-07-12T17:02:00.000,I 75,I 75 and Freedom Pkwy,,Sideswipe-Same Direction,2,Clear,Dry,Daylight
2024-09-12T16:00:00.000,I 75,I 75 and Freedom Pkwy,,Rear End,3,Cloudy,Wet,Daylight
2024-01-31T10:26:00.000,I 75,I 75 and Freedom Pkwy,,Rear End,2,Cloudy,Dry,Daylight
2024-02-08T12:43:00.000,I 75,I 75 and Freedom Pkwy,,Sideswipe-Same Direction,2,Clear,Dry,Daylight
2024-12-10T12:45:00.000,I 75,I 75 and Freedom Pkwy,,Rear End,2,Rain,Wet,Daylight
2024-03-12T00:24:00.000,I 75,I 75 and Freedom Pkwy,,Sideswipe-Same Direction,2,Clear,Dry,Dark-Not Lighted
2024-10-11T10:51:00.000,I 75,I 75 and Freedom Pkwy,,Sideswipe-Same Direction,2,Clear,Dry,Daylight
2024-11-01T14:45:00.000,I 75,I 75 and Freedom Pkwy,,Rear End,2,Clear,Dry,Daylight
2024-01-04T08:00:00.000,I 75,I 75 and Freedom Pkwy,,Sideswipe-Same Direction,2,Clear,Dry,Daylight
2024-08-12T18:30:00.000,I 75,I 75 and Freedom Pkwy,,Rear End,2,Clear,Dry,Daylight
2024-03-22T09:50:00.000,I 75,I 75 and Freedom Pkwy,,Sideswipe-Same Direction,2,Clear,Dry,Daylight
2024-12-27T19:47:00.000,I 75,I 75 and Freedom Pkwy,,Rear End,2,Rain,Wet,Dark-Lighted
2024-08-06T16:05:00.000,I 75,I 75 and Freedom Pkwy,,Rear End,2,Clear,Dry,Daylight
2024-04-02T06:39:00.000,I 75,I 75 and Freedom Pkwy,,Rear End,2,Cloudy,Dry,Daylight
2024-03-25T15:50:00.000,I 75,I 75 and Freedom Pkwy,,Sideswipe-Same Direction,2,Cloudy,Dry,Daylight
2024-07-02T13:08:00.000,I 75,I 75 and Freedom Pkwy,,Rear End,2,Clear,Dry,Daylight
2024-12-19T07:45:00.000,I 75,I 75 and Freedom Pkwy,,Rear End,2,Cloudy,Dry,Daylight
2024-10-21T16:08:00.000,I 75,I 75 and Freedom Pkwy,,Rear End,2,Clear,Dry,Daylight
2024-10-25T18:00:00.000,I 75,I 75 and Freedom Pkwy,,Rear End,2,Clear,Dry,Daylight
2024-10-01T07:05:00.000,I 75,I 75 and Freedom Pkwy,,Rear End,2,Clear,Dry,Dark-Lighted
2024-05-28T11:45:00.000,I 75,I 75 and Freedom Pkwy,,Sideswipe-Same Direction,2,Clear,Dry,Daylight
2024-10-01T13:23:00.000,I 75,I 75 and Freedom Pkwy,,Rear End,2,Cloudy,Dry,Daylight
2024-04-01T18:59:00.000,I 75,I 75 and Freedom Pkwy,,Rear End,2,Cloudy,Dry,Daylight
2024-09-26T13:06:00.000,I 75,I 75 and Freedom Pkwy,,Sideswipe-Same Direction,2,Rain,Wet,Daylight
2024-02-13T13:16:00.000,I 75,I 75 and Freedom Pkwy,,Rear End,2,Clear,Dry,Daylight
2024-05-28T16:10:00.000,I 75,I 75 and Freedom Pkwy,,Rear End,2,Clear,Dry,Daylight
2024-02-13T14:52:00.000,I 75,I 75 and Freedom Pkwy,,Sideswipe-Same Direction,2,Clear,Dry,Daylight
2024-02-15T07:45:00.000,I 75,I 75 and Freedom Pkwy,,Rear End,2,Clear,Dry,Daylight
2024-01-16T18:50:00.000,I 75,I 75 and Freedom Pkwy,,Sideswipe-Same Direction,2,Clear,Dry,Dark-Lighted
2024-06-25T17:30:00.000,I 75,I 75 and Freedom Pkwy,,Sideswipe-Same Direction,2,Clear,Dry,Daylight
2023-06-02T16:30:00.000,I 75,I 75 and Freedom Parkway Opas,,Sideswipe-Same Direction,2,Clear,Dry,Daylight
2023-03-23T16:45:00.000,I 75,I 75 and Freedom Parkway Opas,,Sideswipe-Same Direction,2,Clear,Dry,Daylight
2021-10-07T16:27:00.000,I 75,I 75 and Freedom Parkway Opas,,Rear End,3,Clear,Dry,Daylight
2022-12-03T17:45:00.000,I 75,I 75 and Freedom Parkway Opas,,Rear End,3,Cloudy,Wet,Dark-Lighted
2022-08-01T18:45:00.000,I 75,I 75 and Freedom Parkway Opas,,Sideswipe-Same Direction,2,Clear,Dry,Daylight
2022-06-02T14:10:00.000,I 75,I 75 and Freedom Parkway Opas,,Rear End,2,Clear,Dry,Daylight
2022-05-12T13:40:00.000,I 75,I 75 and Freedom Parkway Opas,,Rear End,2,Clear,Dry,Daylight
2022-09-20T08:30:00.000,I 75,I 75 and Freedom Parkway Opas,,Rear End,2,Clear,Dry,Daylight
2022-01-26T16:30:00.000,I 75,I 75 and Freedom Parkway Opas,,Sideswipe-Same Direction,2,Clear,Dry,Daylight
2022-05-17T08:50:00.000,I 75,I 75 and Freedom Parkway Opas,,Not a Collision with Motor Vehicle,1,Clear,Dry,Daylight
2022-04-14T15:50:00.000,I 75,I 75 and Freedom Parkway Opas,,Sideswipe-Same Direction,2,Clear,Dry,Daylight
2022-10-13T18:33:00.000,I 75,I 75 and Freedom Parkway Opas,,Angle Crash,2,Clear,Dry,Daylight
2022-09-08T16:18:00.000,I 75,I 75 and Freedom Parkway Opas,,Sideswipe-Same Direction,2,Clear,Dry,Daylight
2022-10-03T17:00:00.000,I 75,I 75 and Freedom Parkway Opas,,Sideswipe-Same Direction,2,Clear,Dry,Daylight
2022-05-17T07:50:00.000,I 75,I 75 and Freedom Parkway Opas,,Not a Collision with Motor Vehicle,1,Clear,Dry,Daylight
2022-05-05T13:50:00.000,I 75,I 75 and Freedom Parkway Opas,,Rear End,2,Clear,Dry,Daylight
2022-08-30T18:45:00.000,I 75,I 75 and Freedom Parkway Opas,,Rear End,2,Cloudy,Wet,Daylight
2023-01-27T13:42:00.000,I 75,I 75 and Freedom Parkway Opas,,Rear End,2,Clear,Dry,Daylight
2023-10-30T07:42:00.000,I 75,I 75 and Freedom Parkway Opas,,Rear End,2,Clear,Dry,Daylight
2022-09-09T19:25:00.000,I 75,I 75 and Franks Crk,,Not a Collision with Motor Vehicle,1,Rain,Wet,Dark-Not Lighted
2022-08-07T15:10:00.000,I 75,I 75 and Franks Creek Rd,,Not a Collision with Motor Vehicle,1,Cloudy,Wet,Daylight
2022-05-08T08:00:00.000,I 75,I 75 and Franks Creek Rd,,Rear End,2,Clear,Dry,Daylight
2022-09-09T19:27:00.000,I 75,I 75 and Franks Creek Rd,,Rear End,2,Rain,Wet,Dark-Not Lighted
2022-03-19T08:38:00.000,I 75,I 75 and Franks Creek Rd,,Sideswipe-Same Direction,2,Cloudy,Wet,Daylight
2023-10-30T14:55:00.000,I 75,I 75 and Franks Creek Rd,,Not a Collision with Motor Vehicle,1,Clear,Dry,Daylight
2023-01-24T19:07:00.000,I 75,I 75 and Franks Creek Rd,,Not a Collision with Motor Vehicle,1,Clear,Dry,Dark-Lighted
2024-04-03T09:25:00.000,I 75,I 75 and Franks Creek Rd,,Not a Collision with Motor Vehicle,1,Rain,Wet,Daylight
2023-02-11T14:55:00.000,I 75,I 75 and Franks Creek Bridge Rd,,Not a Collision with Motor Vehicle,1,Rain,Wet,Daylight
2023-08-13T11:08:00.000,I 75,I 75 and Franks Creek Bridge Rd,,Angle Crash,2,Clear,Dry,Daylight
2023-09-29T08:45:00.000,I 75,I 75 and Franks Creek Bridge Rd,,Sideswipe-Same Direction,2,Clear,Dry,Daylight
2023-05-12T17:20:00.000,I 75,I 75 and Franks Creek Bridge Rd,,Not a Collision with Motor Vehicle,1,Rain,Wet,Daylight
2022-01-10T16:17:00.000,I 75,I 75 and Franks Creek Bridge Rd,,Sideswipe-Same Direction,2,Clear,Dry,Daylight
2021-07-01T13:15:00.000,I 75,I 75 and Franks Creek Bridge Rd,,Sideswipe-Same Direction,2,Clear,Dry,Daylight
2021-10-14T17:25:00.000,I 75,I 75 and Franks Creek Bridge Rd,,Sideswipe-Same Direction,2,Clear,Dry,Daylight
2021-08-24T19:00:00.000,I 75,I 75 and Franks Creek Bridge Rd,,Not a Collision with Motor Vehicle,2,Clear,Dry,Daylight
2021-07-10T16:10:00.000,I 75,I 75 and Franks Creek Bridge Rd,,Sideswipe-Same Direction,2,Clear,Dry,Daylight
2024-03-17T13:55:00.000,I 75,I 75 and Franks Creek Bridge Rd,,Not a Collision with Motor Vehicle,1,Clear,Dry,Daylight
2023-06-09T17:50:00.000,I 75,I 75 and Franks Creek Brg,,Sideswipe-Same Direction,2,Clear,Dry,Daylight
2024-07-16T10:40:00.000,I 75,I 75 and Franks Creek Brg,,Rear End,2,Clear,Dry,Daylight
2022-03-11T07:30:00.000,I 75,I 75 and Frank Amerson Pkwy,,Rear End,2,Clear,Dry,Daylight
2023-06-10T14:26:00.000,I 75,I 75 and Francks Creek Rd,,Sideswipe-Same Direction,2,Clear,Dry,Daylight
2022-06-17T06:53:00.000,I 75,I 75 and Fourth St,,Not a Collision with Motor Vehicle,1,Clear,Dry,Daylight
2023-09-14T14:35:00.000,I 75,I 75 and Fourteenth St,,Angle Crash,2,Rain,Wet,Daylight
2023-09-14T19:41:00.000,I 75,I 75 and Fourteenth St,,Rear End,2,Cloudy,Wet,Dusk
2023-09-14T18:01:00.000,I 75,I 75 and Fourteenth St,,Angle Crash,3,Cloudy,Wet,Daylight
2023-09-14T15:57:00.000,I 75,I 75 and Fourteenth St,,Rear End,2,Cloudy,Wet,Daylight
2021-03-10T22:20:00.000,I 75,I 75 and Forysth St,,Angle Crash,2,Clear,Dry,Dark-Lighted
2021-03-02T22:35:00.000,I 75,I 75 and Forysth St,,Angle Crash,2,Rain,Wet,Dark-Lighted
2024-11-12T08:35:00.000,I 75,I 75 and Fort Street Entrance Rp,,Rear End,2,Clear,Dry,Daylight
2022-12-06T10:49:00.000,I 75,I 75 and Fort St,,Rear End,2,Cloudy,Wet,Daylight
2022-05-16T07:08:00.000,I 75,I 75 and Forsyth St. Exit Rp,,Sideswipe-Same Direction,2,Clear,Dry,Daylight
2021-02-11T00:00:00.000,I 75,I 75 and Forsyth St Exit Rp,,Rear End,2,Rain,Wet,Daylight
2024-03-26T17:24:00.000,I 75,I 75 and Forsyth St Exit Rp,,Rear End,2,Rain,Wet,Daylight
2021-06-21T21:54:00.000,I 75,I 75 and Forsyth St,,Rear End,2,Cloudy,Dry,Dark-Lighted
2021-07-21T10:30:00.000,I 75,I 75 and Forsyth St,,Angle Crash,2,Cloudy,Dry,Daylight
2021-06-21T22:32:00.000,I 75,I 75 and Forsyth St,,Rear End,2,Cloudy,Dry,Dark-Lighted
2021-04-10T14:47:00.000,I 75,I 75 and Forsyth St,,Rear End,3,Rain,Wet,Daylight
2021-10-22T10:01:00.000,I 75,I 75 and Forsyth St,,Angle Crash,2,Clear,Dry,Daylight
2021-04-18T20:22:00.000,I 75,I 75 and Forsyth St,,Not a Collision with Motor Vehicle,1,Clear,Dry,Dark-Not Lighted
2023-03-02T18:29:00.000,I 75,I 75 and Forsyth St,,Not a Collision with Motor Vehicle,1,Clear,Dry,Daylight
2023-08-04T08:45:00.000,I 75,I 75 and Forsyth St,,Rear End,2,Clear,Dry,Daylight