Date and Time,Roadway (From Crash Report),Intersection Name (from Crash Report),KABCO Severity,Manner of Collision (Crash Level) ,# of Vehicles per crash ,Weather Conditions (Crash Level),Surface Condition (Crash Level) ,Light Conditions (Crash Level)
2020-07-13T15:38:00.000,I 75,I 75 and Forsyth St,,Rear End,2,Clear,Dry,Daylight
2020-07-17T15:02:00.000,I 75,I 75 and Forsyth St,,Angle Crash,2,Clear,Dry,Daylight
2020-06-11T17:19:00.000,I 75,I 75 and Forsyth St,,Angle Crash,2,Clear,Dry,Daylight
2020-06-19T13:00:00.000,I 75,I 75 and Forsyth St,,Sideswipe-Same Direction,2,Clear,Dry,Daylight
2021-05-28T23:37:00.000,I 75,I 75 and Forsyth St,,Angle Crash,2,Rain,Wet,Dark-Lighted
2021-04-05T17:52:00.000,I 75,I 75 and Forsyth St,,Sideswipe-Same Direction,2,Clear,Dry,Daylight
2021-11-11T16:22:00.000,I 75,I 75 and Forsyth St,,Sideswipe-Same Direction,2,Clear,Dry,Daylight
2021-07-23T16:49:00.000,I 75,I 75 and Forsyth St,,Angle Crash,2,Cloudy,Dry,Daylight
2022-05-29T10:30:00.000,I 75,I 75 and Forsyth St,,Angle Crash,2,Clear,Dry,Daylight
2022-05-08T14:53:00.000,I 75,I 75 and Forsyth St,,Angle Crash,2,Clear,Dry,Daylight
2022-07-25T10:45:00.000,I 75,I 75 and Forsyth St,,Angle Crash,2,Clear,Dry,Daylight
2021-10-02T23:05:00.000,I 75,I 75 and Forsyth St,,Angle Crash,2,Clear,Dry,Dark-Lighted
2022-04-04T08:49:00.000,I 75,I 75 and Forsyth St,,Sideswipe-Same Direction,2,Clear,Dry,Daylight
2022-05-02T09:18:00.000,I 75,I 75 and Forsyth St,,Rear End,2,Clear,Dry,Daylight
2022-06-17T15:15:00.000,I 75,I 75 and Forsyth St,,Sideswipe-Same Direction,2,Clear,Dry,Daylight
2022-08-24T23:27:00.000,I 75,I 75 and Forsyth St,,Rear End,2,Clear,Dry,Dark-Not Lighted
2022-06-03T10:24:00.000,I 75,I 75 and Forsyth St,,Rear End,2,Clear,Dry,Daylight
2022-05-19T17:35:00.000,I 75,I 75 and Forsyth St,,Angle Crash,2,Clear,Dry,Daylight
2023-11-06T19:18:00.000,I 75,I 75 and Forsyth St,,Angle Crash,2,Clear,Dry,Dark-Lighted
2024-12-10T08:21:00.000,I 75,I 75 and Forsyth St,,Rear End,2,Rain,Wet,Daylight
2024-11-07T08:23:00.000,I 75,I 75 and Forsyth St,,Sideswipe-Same Direction,2,Cloudy,Wet,Daylight
2024-10-07T14:31:00.000,I 75,I 75 and Forsyth St,,Rear End,2,Clear,Dry,Daylight
2024-04-26T15:39:00.000,I 75,I 75 and Forsyth St,,Sideswipe-Same Direction,2,Clear,Dry,Daylight
2020-12-29T13:57:00.000,I 75,I 75 and Forsyth Rd,,Rear End,5,Clear,Dry,Daylight
2021-11-10T17:47:00.000,I 75,I 75 and Forsyth Hardeman,,Rear End,3,Clear,Dry,Dark-Lighted
2020-06-21T08:20:00.000,I 75,I 75 and Forsyth,,Not a Collision with Motor Vehicle,1,Clear,Dry,Daylight
2021-07-01T17:42:00.000,I 75,I 75 and Forst Pkwy,,Angle Crash,2,Clear,Dry,Daylight
2020-06-19T13:12:00.000,I 75,I 75 and Forrest Prkway,,Not a Collision with Motor Vehicle,1,Clear,Dry,Daylight
2020-08-12T14:30:00.000,I 75,I 75 and Forrest Pkwy,,Rear End,2,Clear,Dry,Daylight
2020-10-06T14:00:00.000,I 75,I 75 and Forrest Pkwy,,Angle Crash,2,Clear,Dry,Daylight
2021-02-13T15:55:00.000,I 75,I 75 and Forrest Pkwy,,Sideswipe-Same Direction,2,Cloudy,Wet,Daylight
2021-12-27T08:30:00.000,I 75,I 75 and Forrest Pkwy,,Sideswipe-Same Direction,2,Cloudy,Dry,Daylight
2023-07-12T01:28:00.000,I 75,I 75 and Forrest Parkway Opas,,Sideswipe-Same Direction,2,Clear,Dry,Dark-Lighted
2020-02-02T06:25:00.000,I 75,I 75 and Forestparkway,,Rear End,2,Clear,Dry,Dark-Not Lighted
2023-04-12T00:00:00.000,I 75,I 75 and Forest Pwy,,Sideswipe-Same Direction,2,Clear,Dry,Daylight
2020-09-28T15:25:00.000,I 75,I 75 and Forest Pwky,,Rear End,2,Clear,Dry,Daylight
2023-09-01T22:44:00.000,I 75,I 75 and Forest Pwky,,Sideswipe-Same Direction,2,Clear,Dry,Dark-Lighted
2024-01-02T09:43:00.000,I 75,I 75 and Forest Pwky,,Sideswipe-Same Direction,2,Clear,Dry,Daylight
2024-03-07T15:13:00.000,I 75,I 75 and Forest Pwky,,Angle Crash,2,Clear,Dry,Daylight
2020-07-09T15:25:00.000,I 75,I 75 and Forest Prkwy,,Rear End,2,Cloudy,Dry,Daylight
2021-12-18T22:10:00.000,I 75,I 75 and Forest Prkwy,,Rear End,2,Clear,Wet,Dark-Not Lighted
2024-08-27T13:15:00.000,I 75,I 75 and Forest Prkway,,Rear End,2,Clear,Dry,Daylight
2023-10-26T21:08:00.000,I 75,I 75 and Forest Prakway,,Sideswipe-Same Direction,3,Clear,Dry,Dark-Not Lighted
2024-05-05T23:00:00.000,I 75,I 75 and Forest Pkwy Sw,,Sideswipe-Same Direction,2,Cloudy,Wet,Dark-Not Lighted
2023-08-30T23:52:00.000,I 75,I 75 and Forest Pkwy Rp,,Sideswipe-Same Direction,2,Cloudy,Wet,Dark-Not Lighted
2022-04-01T11:03:00.000,I 75,I 75 and Forest Pkwy Rp,,Sideswipe-Same Direction,2,Clear,Dry,Daylight
2020-05-26T00:33:00.000,I 75,I 75 and Forest Pkwy Ramp,,Not a Collision with Motor Vehicle,1,Clear,Dry,Dark-Not Lighted
2020-02-18T07:31:00.000,I 75,I 75 and Forest Pkwy Opas,,Rear End,2,Rain,Wet,Daylight
2020-06-11T14:05:00.000,I 75,I 75 and Forest Pkwy Opas,,Not a Collision with Motor Vehicle,1,Clear,Dry,Daylight
2021-02-18T17:08:00.000,I 75,I 75 and Forest Pkwy Exit Rp,,Rear End,2,Rain,Wet,Daylight
2021-09-25T18:12:00.000,I 75,I 75 and Forest Pkwy Exit,,Rear End,2,Clear,Dry,Daylight
2022-08-25T14:34:00.000,I 75,I 75 and Forest Pkwy Exit,,Rear End,2,Cloudy,Wet,Daylight
2022-08-25T18:29:00.000,I 75,I 75 and Forest Pkwy Exit,,Angle Crash,2,Cloudy,Wet,Daylight
2021-03-05T00:00:00.000,I 75,I 75 and Forest Pkwy,,Rear End,2,Clear,Dry,Daylight
2021-06-09T07:35:00.000,I 75,I 75 and Forest Pkwy,,Rear End,2,Clear,Dry,Daylight
2021-04-10T13:47:00.000,I 75,I 75 and Forest Pkwy,,Sideswipe-Same Direction,2,Rain,Wet,Daylight
2021-01-02T18:07:00.000,I 75,I 75 and Forest Pkwy,,Rear End,2,Clear,Dry,Dark-Lighted
2021-05-05T14:40:00.000,I 75,I 75 and Forest Pkwy,,Rear End,2,Clear,Dry,Daylight
2021-05-07T15:48:00.000,I 75,I 75 and Forest Pkwy,,Sideswipe-Same Direction,2,Clear,Dry,Daylight
2021-06-09T15:51:00.000,I 75,I 75 and Forest Pkwy,,Rear End,2,Clear,Dry,Daylight
2021-02-08T05:30:00.000,I 75,I 75 and Forest Pkwy,,Sideswipe-Same Direction,2,Clear,Dry,Dark-Lighted
2021-10-04T08:40:00.000,I 75,I 75 and Forest Pkwy,,Rear End,2,Cloudy,Wet,Daylight
2021-11-26T01:00:00.000,I 75,I 75 and Forest Pkwy,,Sideswipe-Same Direction,2,Clear,Dry,Dark-Not Lighted
2021-07-08T18:48:00.000,I 75,I 75 and Forest Pkwy,,Sideswipe-Same Direction,2,Clear,Dry,Daylight
2021-08-14T13:39:00.000,I 75,I 75 and Forest Pkwy,,Rear End,2,Clear,Dry,Daylight
2021-10-10T13:08:00.000,I 75,I 75 and Forest Pkwy,,Angle Crash,2,Clear,Dry,Daylight
2021-11-27T18:33:00.000,I 75,I 75 and Forest Pkwy,,Sideswipe-Same Direction,2,Clear,Dry,Dark-Not Lighted
2021-11-15T15:44:00.000,I 75,I 75 and Forest Pkwy,,Rear End,2,Clear,Dry,Daylight
2021-11-24T07:03:00.000,I 75,I 75 and Forest Pkwy,,Rear End,2,Clear,Dry,Daylight
2021-12-18T17:45:00.000,I 75,I 75 and Forest Pkwy,,Rear End,2,Rain,Wet,Dark-Not Lighted
2021-10-13T08:00:00.000,I 75,I 75 and Forest Pkwy,,Sideswipe-Same Direction,2,Clear,Dry,Daylight
2021-10-06T10:14:00.000,I 75,I 75 and Forest Pkwy,,Angle Crash,2,Cloudy,Dry,Daylight
2021-10-22T22:00:00.000,I 75,I 75 and Forest Pkwy,,Rear End,2,Clear,Dry,Dark-Not Lighted
2021-11-17T18:27:00.000,I 75,I 75 and Forest Pkwy,,Rear End,2,Clear,Dry,Dark-Lighted
2021-05-01T17:41:00.000,I 75,I 75 and Forest Pkwy,,Sideswipe-Same Direction,2,Clear,Dry,Daylight
2021-04-13T14:00:00.000,I 75,I 75 and Forest Pkwy,,Sideswipe-Same Direction,2,Clear,Dry,Daylight
2021-04-06T06:30:00.000,I 75,I 75 and Forest Pkwy,,Sideswipe-Same Direction,2,Clear,Dry,Daylight
2021-04-05T07:30:00.000,I 75,I 75 and Forest Pkwy,,Sideswipe-Same Direction,2,Clear,Dry,Daylight
2021-06-11T13:19:00.000,I 75,I 75 and Forest Pkwy,,Not a Collision with Motor Vehicle,2,Cloudy,Dry,Daylight
2021-01-21T12:39:00.000,I 75,I 75 and Forest Pkwy,,Rear End,2,Cloudy,Wet,Dark-Lighted
2021-05-25T16:30:00.000,I 75,I 75 and Forest Pkwy,,Rear End,2,Clear,Dry,Daylight
2021-05-10T07:40:00.000,I 75,I 75 and Forest Pkwy,,Rear End,2,Rain,Wet,Daylight
2021-02-20T08:38:00.000,I 75,I 75 and Forest Pkwy,,Not a Collision with Motor Vehicle,1,Clear,Dry,Daylight
2021-04-29T00:00:00.000,I 75,I 75 and Forest Pkwy,,Rear End,2,Clear,Dry,Dark-Not Lighted
2021-01-20T00:00:00.000,I 75,I 75 and Forest Pkwy,,Sideswipe-Same Direction,2,Clear,Dry,Dawn
2021-04-14T10:05:00.000,I 75,I 75 and Forest Pkwy,,Sideswipe-Same Direction,2,Clear,Dry,Daylight
2021-06-30T16:47:00.000,I 75,I 75 and Forest Pkwy,,Sideswipe-Same Direction,3,Clear,Dry,Daylight
2021-04-10T11:45:00.000,I 75,I 75 and Forest Pkwy,,Rear End,2,Rain,Wet,Daylight
2021-02-10T20:03:00.000,I 75,I 75 and Forest Pkwy,,Rear End,2,Clear,Dry,Dark-Not Lighted
2021-04-09T10:15:00.000,I 75,I 75 and Forest Pkwy,,Rear End,2,Clear,Dry,Daylight
2021-03-12T17:00:00.000,I 75,I 75 and Forest Pkwy,,Sideswipe-Same Direction,2,Clear,Dry,Daylight
2021-03-27T10:13:00.000,I 75,I 75 and Forest Pkwy,,Angle Crash,2,Clear,Dry,Daylight
2021-03-11T09:06:00.000,I 75,I 75 and Forest Pkwy,,Sideswipe-Same Direction,2,Clear,Dry,Daylight
2021-02-25T00:00:00.000,I 75,I 75 and Forest Pkwy,,Sideswipe-Same Direction,2,Clear,Dry,Daylight
2021-02-03T21:18:00.000,I 75,I 75 and Forest Pkwy,,Rear End,2,Clear,Dry,Dark-Not Lighted
2021-01-10T21:47:00.000,I 75,I 75 and Forest Pkwy,,Rear End,2,Clear,Dry,Dark-Not Lighted
2021-05-11T00:09:00.000,I 75,I 75 and Forest Pkwy,,Sideswipe-Same Direction,2,Clear,Dry,Dark-Lighted
2021-01-31T06:10:00.000,I 75,I 75 and Forest Pkwy,,Angle Crash,2,Rain,Wet,Dark-Not Lighted
2021-11-23T10:25:00.000,I 75,I 75 and Forest Pkwy,,Angle Crash,2,Clear,Dry,Daylight
2021-08-01T19:00:00.000,I 75,I 75 and Forest Pkwy,,Angle Crash,2,Clear,Dry,Daylight
2021-12-08T00:00:00.000,I 75,I 75 and Forest Pkwy,,Angle Crash,2,Clear,Dry,Dark-Not Lighted
2021-11-02T07:50:00.000,I 75,I 75 and Forest Pkwy,,Rear End,2,Clear,Dry,Daylight
2021-12-11T14:41:00.000,I 75,I 75 and Forest Pkwy,,Rear End,2,Rain,Wet,Daylight
2021-07-01T18:00:00.000,I 75,I 75 and Forest Pkwy,,Rear End,2,Clear,Dry,Daylight
2021-11-18T22:35:00.000,I 75,I 75 and Forest Pkwy,,Rear End,2,Clear,Dry,Dark-Not Lighted
2021-07-05T16:01:00.000,I 75,I 75 and Forest Pkwy,,Angle Crash,2,Clear,Dry,Daylight
2021-11-08T15:10:00.000,I 75,I 75 and Forest Pkwy,,Angle Crash,2,Clear,Dry,Daylight
2021-08-30T22:29:00.000,I 75,I 75 and Forest Pkwy,,Sideswipe-Same Direction,2,Cloudy,Wet,Dark-Not Lighted
2021-11-22T09:49:00.000,I 75,I 75 and Forest Pkwy,,Not a Collision with Motor Vehicle,1,Cloudy,Wet,Daylight
2021-07-19T06:20:00.000,I 75,I 75 and Forest Pkwy,,Sideswipe-Same Direction,2,Rain,Wet,Daylight
2021-04-25T11:10:00.000,I 75,I 75 and Forest Pkwy,,Angle Crash,2,Clear,Dry,Daylight
2021-09-01T07:15:00.000,I 75,I 75 and Forest Pkwy,,Rear End,2,Cloudy,Wet,Daylight
2021-08-23T14:50:00.000,I 75,I 75 and Forest Pkwy,,Rear End,2,Clear,Dry,Daylight
2021-08-20T08:34:00.000,I 75,I 75 and Forest Pkwy,,Rear End,2,Clear,Dry,Daylight
2021-10-07T20:17:00.000,I 75,I 75 and Forest Pkwy,,Angle Crash,2,Clear,Dry,Dark-Not Lighted
2021-08-01T03:07:00.000,I 75,I 75 and Forest Pkwy,,Angle Crash,3,Rain,Wet,Dark-Lighted
2021-11-19T18:35:00.000,I 75,I 75 and Forest Pkwy,,Rear End,2,Clear,Dry,Dark-Not Lighted
2021-12-22T11:55:00.000,I 75,I 75 and Forest Pkwy,,Rear End,2,Clear,Dry,Daylight
2021-11-17T05:45:00.000,I 75,I 75 and Forest Pkwy,,Sideswipe-Same Direction,3,Clear,Dry,Dark-Not Lighted
2021-08-07T22:44:00.000,I 75,I 75 and Forest Pkwy,,Not a Collision with Motor Vehicle,2,Clear,Dry,Daylight
2021-09-20T09:59:00.000,I 75,I 75 and Forest Pkwy,,Rear End,3,Rain,Wet,Dark-Lighted
2021-06-19T13:59:00.000,I 75,I 75 and Forest Pkwy,,Sideswipe-Same Direction,2,Clear,Dry,Daylight
2021-05-26T00:00:00.000,I 75,I 75 and Forest Pkwy,,Angle Crash,2,Clear,Dry,Daylight
2021-03-28T16:00:00.000,I 75,I 75 and Forest Pkwy,,Sideswipe-Same Direction,2,Cloudy,Dry,Daylight
2021-04-09T23:07:00.000,I 75,I 75 and Forest Pkwy,,Sideswipe-Same Direction,2,Clear,Dry,Dark-Not Lighted
2021-05-25T06:55:00.000,I 75,I 75 and Forest Pkwy,,Sideswipe-Same Direction,2,Clear,Dry,Daylight
2021-02-19T12:30:00.000,I 75,I 75 and Forest Pkwy,,Not a Collision with Motor Vehicle,3,Clear,Dry,Daylight
2021-02-06T18:53:00.000,I 75,I 75 and Forest Pkwy,,Sideswipe-Same Direction,2,Rain,Wet,Dark-Not Lighted
2021-06-14T17:00:00.000,I 75,I 75 and Forest Pkwy,,Rear End,2,Cloudy,Dry,Daylight
2021-05-08T01:25:00.000,I 75,I 75 and Forest Pkwy,,Angle Crash,2,Clear,Dry,Dark-Not Lighted
2021-04-29T22:35:00.000,I 75,I 75 and Forest Pkwy,,Rear End,2,Clear,Dry,Dark-Lighted
2021-12-28T08:26:00.000,I 75,I 75 and Forest Pkwy,,Sideswipe-Same Direction,2,Cloudy,Dry,Daylight
2021-09-22T14:10:00.000,I 75,I 75 and Forest Pkwy,,Sideswipe-Same Direction,2,Clear,Dry,Daylight
2021-08-08T22:40:00.000,I 75,I 75 and Forest Pkwy,,Rear End,2,Clear,Dry,Dark-Lighted
2021-07-18T01:29:00.000,I 75,I 75 and Forest Pkwy,,Sideswipe-Same Direction,2,Clear,Dry,Dark-Lighted
2021-09-14T16:15:00.000,I 75,I 75 and Forest Pkwy,,Sideswipe-Same Direction,2,Clear,Dry,Daylight
2021-11-18T19:02:00.000,I 75,I 75 and Forest Pkwy,,Rear End,3,Clear,Dry,Dark-Not Lighted
2021-09-29T16:20:00.000,I 75,I 75 and Forest Pkwy,,Rear End,2,Clear,Dry,Daylight
2021-08-17T23:00:00.000,I 75,I 75 and Forest Pkwy,,Rear End,2,Clear,Dry,Dark-Lighted
2021-10-02T23:10:00.000,I 75,I 75 and Forest Pkwy,,Rear End,2,Clear,Dry,Dark-Not Lighted
2021-05-14T07:30:00.000,I 75,I 75 and Forest Pkwy,,Sideswipe-Same Direction,2,Clear,Dry,Daylight
2021-05-11T03:44:00.000,I 75,I 75 and Forest Pkwy,,Sideswipe-Same Direction,2,Clear,Dry,Dark-Lighted
2021-05-13T18:03:00.000,I 75,I 75 and Forest Pkwy,,Sideswipe-Same Direction,2,Clear,Dry,Daylight
2021-05-11T23:10:00.000,I 75,I 75 and Forest Pkwy,,Rear End,2,Clear,Dry,Dark-Lighted
2021-06-08T17:40:00.000,I 75,I 75 and Forest Pkwy,,Angle Crash,2,Clear,Dry,Daylight
2021-06-11T13:18:00.000,I 75,I 75 and Forest Pkwy,,Not a Collision with Motor Vehicle,2,Cloudy,Dry,Daylight
2021-03-05T09:45:00.000,I 75,I 75 and Forest Pkwy,,Sideswipe-Same Direction,2,Clear,Dry,Daylight
2021-05-11T03:44:00.000,I 75,I 75 and Forest Pkwy,,Rear End,2,Clear,Dry,Dark-Lighted
2021-04-05T14:27:00.000,I 75,I 75 and Forest Pkwy,,Rear End,2,Clear,Dry,Daylight
2021-06-11T00:00:00.000,I 75,I 75 and Forest Pkwy,,Sideswipe-Same Direction,2,Cloudy,Dry,Daylight
2021-05-08T15:00:00.000,I 75,I 75 and Forest Pkwy,,Sideswipe-Same Direction,2,Clear,Dry,Daylight
2021-04-01T07:55:00.000,I 75,I 75 and Forest Pkwy,,Sideswipe-Same Direction,2,Clear,Dry,Daylight
2021-05-24T18:34:00.000,I 75,I 75 and Forest Pkwy,,Rear End,2,Clear,Dry,Daylight
2020-02-26T19:45:00.000,I 75,I 75 and Forest Pkwy,,Sideswipe-Same Direction,2,Clear,Dry,Dark-Not Lighted
2020-05-17T06:30:00.000,I 75,I 75 and Forest Pkwy,,Sideswipe-Same Direction,2,Clear,Dry,Dark-Not Lighted
2020-04-18T09:16:00.000,I 75,I 75 and Forest Pkwy,,Rear End,4,Cloudy,Wet,Daylight
2020-03-07T16:34:00.000,I 75,I 75 and Forest Pkwy,,Rear End,3,Clear,Dry,Daylight
2020-12-11T15:56:00.000,I 75,I 75 and Forest Pkwy,,Sideswipe-Same Direction,2,Clear,Dry,Daylight
2020-08-15T19:25:00.000,I 75,I 75 and Forest Pkwy,,Sideswipe-Same Direction,2,Cloudy,Dry,Daylight
2020-08-25T06:47:00.000,I 75,I 75 and Forest Pkwy,,Rear End,2,Rain,Wet,Daylight
2020-12-16T21:42:00.000,I 75,I 75 and Forest Pkwy,,Rear End,2,Clear,Dry,Dark-Lighted
2020-06-04T09:33:00.000,I 75,I 75 and Forest Pkwy,,Sideswipe-Same Direction,2,Clear,Dry,Daylight
2020-03-06T15:23:00.000,I 75,I 75 and Forest Pkwy,,Rear End,2,Clear,Dry,Daylight
2020-10-18T11:55:00.000,I 75,I 75 and Forest Pkwy,,Sideswipe-Same Direction,2,Clear,Dry,Daylight
2020-08-19T12:15:00.000,I 75,I 75 and Forest Pkwy,,Not a Collision with Motor Vehicle,1,Clear,Dry,Daylight
2023-09-28T06:35:00.000,I 75,I 75 and Forest Pkwy,,Rear End,2,Clear,Dry,Dark-Lighted
2023-03-09T03:38:00.000,I 75,I 75 and Forest Pkwy,,Rear End,3,Clear,Dry,Dark-Lighted
2023-08-10T22:45:00.000,I 75,I 75 and Forest Pkwy,,Sideswipe-Same Direction,2,Clear,Dry,Dark-Not Lighted
2023-08-26T16:45:00.000,I 75,I 75 and Forest Pkwy,,Sideswipe-Same Direction,2,Clear,Dry,Daylight
2023-04-13T00:00:00.000,I 75,I 75 and Forest Pkwy,,Sideswipe-Same Direction,2,Rain,Wet,Daylight
2023-11-15T00:35:00.000,I 75,I 75 and Forest Pkwy,,Sideswipe-Same Direction,2,Clear,Dry,Dark-Lighted
2023-06-23T18:20:00.000,I 75,I 75 and Forest Pkwy,,Rear End,2,Clear,Dry,Daylight
2023-05-14T16:10:00.000,I 75,I 75 and Forest Pkwy,,Sideswipe-Opposite Direction,2,Clear,Dry,Daylight
2023-08-15T14:49:00.000,I 75,I 75 and Forest Pkwy,,Rear End,2,Rain,Wet,Daylight
2023-07-06T10:55:00.000,I 75,I 75 and Forest Pkwy,,Sideswipe-Same Direction,2,Clear,Dry,Daylight
2023-03-07T11:28:00.000,I 75,I 75 and Forest Pkwy,,Sideswipe-Same Direction,3,Clear,Dry,Daylight
2023-07-25T10:42:00.000,I 75,I 75 and Forest Pkwy,,Sideswipe-Same Direction,2,Clear,Dry,Daylight
2023-12-06T11:20:00.000,I 75,I 75 and Forest Pkwy,,Sideswipe-Same Direction,2,Clear,Dry,Daylight
2023-06-28T09:05:00.000,I 75,I 75 and Forest Pkwy,,Sideswipe-Same Direction,3,Clear,Dry,Daylight
2023-01-27T14:23:00.000,I 75,I 75 and Forest Pkwy,,Sideswipe-Same Direction,2,Clear,Dry,Daylight
2023-09-18T15:59:00.000,I 75,I 75 and Forest Pkwy,,Sideswipe-Same Direction,2,Clear,Dry,Daylight
2023-09-27T13:45:00.000,I 75,I 75 and Forest Pkwy,,Rear End,2,Clear,Dry,Daylight
2023-05-13T02:56:00.000,I 75,I 75 and Forest Pkwy,,Rear End,2,Clear,Dry,Dark-Not Lighted
2023-05-16T08:45:00.000,I 75,I 75 and Forest Pkwy,,Sideswipe-Same Direction,2,Clear,Dry,Daylight
2023-09-26T20:10:00.000,I 75,I 75 and Forest Pkwy,,Not a Collision with Motor Vehicle,1,Clear,Dry,Dark-Not Lighted
2023-05-15T16:14:00.000,I 75,I 75 and Forest Pkwy,,Not a Collision with Motor Vehicle,1,Cloudy,Dry,Daylight
2023-08-21T08:56:00.000,I 75,I 75 and Forest Pkwy,,Sideswipe-Same Direction,2,Clear,Dry,Daylight
2023-03-13T13:10:00.000,I 75,I 75 and Forest Pkwy,,Sideswipe-Same Direction,2,Clear,Dry,Daylight
2023-06-30T11:55:00.000,I 75,I 75 and Forest Pkwy,,Rear End,2,Clear,Dry,Daylight
2023-09-06T16:30:00.000,I 75,I 75 and Forest Pkwy,,Rear End,2,Clear,Dry,Daylight
2023-04-20T09:19:00.000,I 75,I 75 and Forest Pkwy,,Rear End,2,Clear,Dry,Daylight
2023-01-09T17:15:00.000,I 75,I 75 and Forest Pkwy,,Rear End,2,Clear,Dry,Daylight
2023-09-15T06:28:00.000,I 75,I 75 and Forest Pkwy,,Rear End,2,Clear,Dry,Daylight
2023-09-15T22:59:00.000,I 75,I 75 and Forest Pkwy,,Sideswipe-Same Direction,2,Clear,Dry,Dark-Not Lighted
2023-06-02T12:50:00.000,I 75,I 75 and Forest Pkwy,,Rear End,2,Clear,Dry,Daylight
2023-08-03T06:49:00.000,I 75,I 75 and Forest Pkwy,,Rear End,3,Clear,Dry,Daylight
2023-08-01T21:22:00.000,I 75,I 75 and Forest Pkwy,,Angle Crash,2,Cloudy,Dry,Dark-Not Lighted
2023-10-03T16:17:00.000,I 75,I 75 and Forest Pkwy,,Rear End,3,Clear,Dry,Daylight
2023-10-21T14:08:00.000,I 75,I 75 and Forest Pkwy,,Rear End,3,Clear,Dry,Daylight
2023-11-27T01:11:00.000,I 75,I 75 and Forest Pkwy,,Rear End,3,Cloudy,Wet,Dark-Lighted
2023-12-07T18:42:00.000,I 75,I 75 and Forest Pkwy,,Angle Crash,2,Clear,Dry,Dark-Not Lighted
2023-09-28T17:27:00.000,I 75,I 75 and Forest Pkwy,,Rear End,2,Clear,Dry,Daylight
2023-11-29T13:00:00.000,I 75,I 75 and Forest Pkwy,,Rear End,2,Clear,Dry,Daylight
2023-03-21T08:10:00.000,I 75,I 75 and Forest Pkwy,,Sideswipe-Same Direction,2,Clear,Dry,Daylight
2023-06-06T13:05:00.000,I 75,I 75 and Forest Pkwy,,Rear End,2,Clear,Dry,Daylight
2023-03-31T11:21:00.000,I 75,I 75 and Forest Pkwy,,Rear End,2,Cloudy,Dry,Daylight
2023-09-20T08:24:00.000,I 75,I 75 and Forest Pkwy,,Angle Crash,3,Clear,Dry,Daylight
2023-10-02T18:43:00.000,I 75,I 75 and Forest Pkwy,,Sideswipe-Same Direction,2,Clear,Dry,Daylight
2023-11-07T06:05:00.000,I 75,I 75 and Forest Pkwy,,Rear End,2,Cloudy,Dry,Dark-Not Lighted
2023-02-25T01:17:00.000,I 75,I 75 and Forest Pkwy,,Sideswipe-Same Direction,2,Clear,Dry,Dark-Not Lighted
2023-06-09T22:09:00.000,I 75,I 75 and Forest Pkwy,,Sideswipe-Same Direction,2,Clear,Dry,Dark-Lighted
2023-01-25T23:02:00.000,I 75,I 75 and Forest Pkwy,,Sideswipe-Same Direction,2,Clear,Dry,Dark-Not Lighted
2023-10-12T08:10:00.000,I 75,I 75 and Forest Pkwy,,Sideswipe-Same Direction,2,Cloudy,Wet,Daylight
2023-02-18T14:29:00.000,I 75,I 75 and Forest Pkwy,,Rear End,2,Clear,Dry,Daylight
2023-01-01T12:11:00.000,I 75,I 75 and Forest Pkwy,,Sideswipe-Same Direction,2,Clear,Dry,Daylight
2023-04-07T17:30:00.000,I 75,I 75 and Forest Pkwy,,Rear End,2,Clear,Ice/Frost,Daylight
2023-12-02T23:17:00.000,I 75,I 75 and Forest Pkwy,,Sideswipe-Same Direction,2,Cloudy,Wet,Dark-Lighted
2023-02-01T18:00:00.000,I 75,I 75 and Forest Pkwy,,Rear End,2,Clear,Dry,Daylight
2023-03-15T13:44:00.000,I 75,I 75 and Forest Pkwy,,Sideswipe-Same Direction,2,Clear,Dry,Daylight
2023-03-08T09:25:00.000,I 75,I 75 and Forest Pkwy,,Rear End,4,Clear,Dry,Daylight
2023-06-29T23:10:00.000,I 75,I 75 and Forest Pkwy,,Angle Crash,2,Cloudy,Dry,Dark-Lighted
2023-11-28T18:02:00.000,I 75,I 75 and Forest Pkwy,,Sideswipe-Same Direction,2,Clear,Dry,Dark-Lighted
2023-04-30T04:08:00.000,I 75,I 75 and Forest Pkwy,,Not a Collision with Motor Vehicle,1,Rain,Wet,Dark-Not Lighted
2023-05-13T06:23:00.000,I 75,I 75 and Forest Pkwy,,Rear End,2,Cloudy,Dry,Dusk
2023-02-27T10:26:00.000,I 75,I 75 and Forest Pkwy,,Sideswipe-Same Direction,2,Cloudy,Wet,Dark-Lighted
2023-03-18T13:00:00.000,I 75,I 75 and Forest Pkwy,,Angle Crash,2,Clear,Dry,Daylight
2023-06-27T15:52:00.000,I 75,I 75 and Forest Pkwy,,Angle Crash,2,Clear,Dry,Daylight
2023-08-11T06:14:00.000,I 75,I 75 and Forest Pkwy,,Rear End,3,Rain,Wet,Dark-Not Lighted
2023-12-29T00:00:00.000,I 75,I 75 and Forest Pkwy,,Sideswipe-Same Direction,2,Clear,Dry,Dawn
2023-06-14T04:44:00.000,I 75,I 75 and Forest Pkwy,,Sideswipe-Same Direction,2,Clear,Dry,Dark-Not Lighted
2023-07-26T08:08:00.000,I 75,I 75 and Forest Pkwy,,Rear End,2,Clear,Dry,Daylight
2023-02-22T11:15:00.000,I 75,I 75 and Forest Pkwy,,Sideswipe-Same Direction,2,Cloudy,Dry,Daylight
2023-01-10T13:30:00.000,I 75,I 75 and Forest Pkwy,,Sideswipe-Same Direction,2,Clear,Dry,Daylight
2023-09-23T15:04:00.000,I 75,I 75 and Forest Pkwy,,Sideswipe-Same Direction,3,Clear,Dry,Daylight
2023-10-03T21:15:00.000,I 75,I 75 and Forest Pkwy,,Angle Crash,2,Clear,Dry,Dark-Not Lighted