Date and Time,Roadway (From Crash Report),Intersection Name (from Crash Report),KABCO Severity,Manner of Collision (Crash Level) ,# of Vehicles per crash ,Weather Conditions (Crash Level),Surface Condition (Crash Level) ,Light Conditions (Crash Level)
2021-10-25T07:36:00.000,I 75,I 75 and Forest Pkwy,,Rear End,2,Cloudy,Dry,Daylight
2021-11-27T07:35:00.000,I 75,I 75 and Forest Pkwy,,Sideswipe-Same Direction,2,Clear,Dry,Daylight
2021-09-19T14:36:00.000,I 75,I 75 and Forest Pkwy,,Rear End,3,Cloudy,Dry,Daylight
2021-07-15T11:00:00.000,I 75,I 75 and Forest Pkwy,,Rear End,2,Clear,Dry,Daylight
2021-12-04T20:52:00.000,I 75,I 75 and Forest Pkwy,,Sideswipe-Same Direction,2,Clear,Dry,Dark-Lighted
2021-07-22T01:48:00.000,I 75,I 75 and Forest Pkwy,,Sideswipe-Same Direction,2,Clear,Dry,Dark-Lighted
2021-08-18T16:30:00.000,I 75,I 75 and Forest Pkwy,,Angle Crash,2,Clear,Dry,Daylight
2021-10-15T23:50:00.000,I 75,I 75 and Forest Pkwy,,Rear End,2,Clear,Dry,Dark-Lighted
2021-10-07T21:14:00.000,I 75,I 75 and Forest Pkwy,,Rear End,2,Clear,Dry,Daylight
2021-09-07T16:08:00.000,I 75,I 75 and Forest Pkwy,,Sideswipe-Same Direction,2,Clear,Dry,Daylight
2021-09-15T05:26:00.000,I 75,I 75 and Forest Pkwy,,Rear End,3,Clear,Dry,Dark-Lighted
2021-07-23T23:00:00.000,I 75,I 75 and Forest Pkwy,,Rear End,2,Clear,Dry,Dark-Lighted
2021-09-22T05:31:00.000,I 75,I 75 and Forest Pkwy,,Rear End,2,Cloudy,Dry,Dark-Not Lighted
2021-07-17T14:40:00.000,I 75,I 75 and Forest Pkwy,,Sideswipe-Same Direction,2,Clear,Dry,Daylight
2021-10-21T13:57:00.000,I 75,I 75 and Forest Pkwy,,Rear End,2,Clear,Dry,Daylight
2021-07-31T16:15:00.000,I 75,I 75 and Forest Pkwy,,Rear End,2,Clear,Dry,Daylight
2021-10-09T10:00:00.000,I 75,I 75 and Forest Pkwy,,Rear End,2,Clear,Dry,Daylight
2021-09-30T14:39:00.000,I 75,I 75 and Forest Pkwy,,Rear End,2,Clear,Dry,Daylight
2021-07-18T21:04:00.000,I 75,I 75 and Forest Pkwy,,Rear End,2,Rain,Wet,Dark-Not Lighted
2021-12-21T13:30:00.000,I 75,I 75 and Forest Pkwy,,Rear End,2,Cloudy,Wet,Daylight
2021-10-22T04:09:00.000,I 75,I 75 and Forest Pkwy,,Angle Crash,2,Clear,Dry,Dark-Not Lighted
2021-10-10T10:20:00.000,I 75,I 75 and Forest Pkwy,,Rear End,2,Clear,Dry,Daylight
2021-07-23T15:11:00.000,I 75,I 75 and Forest Pkwy,,Rear End,3,Clear,Dry,Daylight
2021-07-27T08:01:00.000,I 75,I 75 and Forest Pkwy,,Rear End,2,Clear,Dry,Daylight
2021-08-31T08:45:00.000,I 75,I 75 and Forest Pkwy,,Rear End,2,Cloudy,Wet,Daylight
2021-10-04T09:00:00.000,I 75,I 75 and Forest Pkwy,,Rear End,2,Rain,Wet,Daylight
2021-08-03T21:27:00.000,I 75,I 75 and Forest Pkwy,,Not a Collision with Motor Vehicle,1,Rain,Wet,Dark-Not Lighted
2021-10-07T15:46:00.000,I 75,I 75 and Forest Pkwy,,Rear End,2,Rain,Wet,Daylight
2021-11-30T06:45:00.000,I 75,I 75 and Forest Pkwy,,Not a Collision with Motor Vehicle,2,Clear,Dry,Daylight
2021-07-14T15:06:00.000,I 75,I 75 and Forest Pkwy,,Rear End,2,Clear,Dry,Daylight
2021-09-12T20:20:00.000,I 75,I 75 and Forest Pkwy,,Rear End,3,Clear,Dry,Dark-Lighted
2021-09-15T16:54:00.000,I 75,I 75 and Forest Pkwy,,Rear End,2,Rain,Wet,Daylight
2021-09-21T20:20:00.000,I 75,I 75 and Forest Pkwy,,Rear End,2,Clear,Dry,Dark-Not Lighted
2021-11-14T00:00:00.000,I 75,I 75 and Forest Pkwy,,Rear End,2,Clear,Dry,Daylight
2021-07-23T23:48:00.000,I 75,I 75 and Forest Pkwy,,Rear End,2,Clear,Dry,Dark-Not Lighted
2022-08-05T09:33:00.000,I 75,I 75 and Forest Pkwy,,Rear End,3,Clear,Dry,Daylight
2022-06-03T21:55:00.000,I 75,I 75 and Forest Pkwy,,Sideswipe-Same Direction,2,Clear,Dry,Dark-Not Lighted
2022-11-15T10:20:00.000,I 75,I 75 and Forest Pkwy,,Rear End,2,Rain,Wet,Daylight
2022-04-18T00:40:00.000,I 75,I 75 and Forest Pkwy,,Rear End,2,Clear,Wet,Dark-Not Lighted
2022-10-24T08:38:00.000,I 75,I 75 and Forest Pkwy,,Rear End,2,Clear,Dry,Daylight
2022-10-14T07:27:00.000,I 75,I 75 and Forest Pkwy,,Sideswipe-Same Direction,2,Clear,Dry,Daylight
2022-10-12T07:10:00.000,I 75,I 75 and Forest Pkwy,,Rear End,2,Cloudy,Dry,Daylight
2022-02-16T14:20:00.000,I 75,I 75 and Forest Pkwy,,Rear End,2,Clear,Dry,Daylight
2022-04-10T04:20:00.000,I 75,I 75 and Forest Pkwy,,Sideswipe-Same Direction,3,Clear,Dry,Dark-Lighted
2022-08-10T22:50:00.000,I 75,I 75 and Forest Pkwy,,Sideswipe-Same Direction,2,Clear,Dry,Dark-Not Lighted
2022-09-18T05:43:00.000,I 75,I 75 and Forest Pkwy,,Rear End,3,Clear,Dry,Dawn
2022-04-04T14:00:00.000,I 75,I 75 and Forest Pkwy,,Rear End,2,Clear,Dry,Daylight
2022-10-26T05:55:00.000,I 75,I 75 and Forest Pkwy,,Sideswipe-Same Direction,2,Clear,Dry,Dark-Not Lighted
2022-08-26T23:25:00.000,I 75,I 75 and Forest Pkwy,,Sideswipe-Same Direction,2,Clear,Dry,Dark-Not Lighted
2021-12-22T12:30:00.000,I 75,I 75 and Forest Pkwy,,Sideswipe-Same Direction,2,Clear,Dry,Daylight
2021-08-23T09:10:00.000,I 75,I 75 and Forest Pkwy,,Rear End,2,Clear,Dry,Daylight
2021-09-04T12:55:00.000,I 75,I 75 and Forest Pkwy,,Rear End,2,Clear,Dry,Daylight
2021-10-07T21:15:00.000,I 75,I 75 and Forest Pkwy,,Rear End,2,Clear,Dry,Dark-Not Lighted
2021-11-12T07:45:00.000,I 75,I 75 and Forest Pkwy,,Rear End,2,Clear,Wet,Daylight
2021-10-14T17:08:00.000,I 75,I 75 and Forest Pkwy,,Rear End,2,Clear,Dry,Daylight
2021-09-27T17:01:00.000,I 75,I 75 and Forest Pkwy,,Sideswipe-Same Direction,2,Clear,Dry,Daylight
2021-11-23T10:15:00.000,I 75,I 75 and Forest Pkwy,,Sideswipe-Same Direction,2,Clear,Dry,Daylight
2021-11-02T12:42:00.000,I 75,I 75 and Forest Pkwy,,Rear End,2,Clear,Dry,Daylight
2021-10-14T00:10:00.000,I 75,I 75 and Forest Pkwy,,Rear End,2,Clear,Dry,Dark-Not Lighted
2021-10-01T11:50:00.000,I 75,I 75 and Forest Pkwy,,Rear End,2,Clear,Dry,Daylight
2021-09-03T04:00:00.000,I 75,I 75 and Forest Pkwy,,Rear End,2,Clear,Dry,Dark-Not Lighted
2021-09-17T22:00:00.000,I 75,I 75 and Forest Pkwy,,Angle Crash,2,Clear,Dry,Dark-Not Lighted
2021-10-05T08:20:00.000,I 75,I 75 and Forest Pkwy,,Rear End,2,Rain,Wet,Daylight
2021-07-07T19:15:00.000,I 75,I 75 and Forest Pkwy,,Sideswipe-Same Direction,3,Clear,Dry,Daylight
2022-09-16T15:48:00.000,I 75,I 75 and Forest Pkwy,,Not a Collision with Motor Vehicle,2,Clear,Ice/Frost,Daylight
2022-04-07T19:52:00.000,I 75,I 75 and Forest Pkwy,,Angle Crash,2,Clear,Dry,Daylight
2022-08-26T23:25:00.000,I 75,I 75 and Forest Pkwy,,Sideswipe-Same Direction,2,Clear,Dry,Dark-Not Lighted
2022-07-16T15:45:00.000,I 75,I 75 and Forest Pkwy,,Rear End,3,Clear,Dry,Daylight
2022-11-21T22:32:00.000,I 75,I 75 and Forest Pkwy,,Rear End,3,Clear,Dry,Dark-Not Lighted
2022-12-08T10:15:00.000,I 75,I 75 and Forest Pkwy,,Sideswipe-Same Direction,2,Clear,Dry,Daylight
2022-07-24T14:31:00.000,I 75,I 75 and Forest Pkwy,,Angle Crash,2,Clear,Dry,Daylight
2022-02-14T07:50:00.000,I 75,I 75 and Forest Pkwy,,Sideswipe-Same Direction,4,Clear,Dry,Daylight
2022-04-14T12:30:00.000,I 75,I 75 and Forest Pkwy,,Sideswipe-Same Direction,2,Clear,Dry,Daylight
2022-01-10T11:50:00.000,I 75,I 75 and Forest Pkwy,,Sideswipe-Same Direction,3,Clear,Dry,Daylight
2022-09-14T11:11:00.000,I 75,I 75 and Forest Pkwy,,Rear End,4,Clear,Dry,Daylight
2022-12-03T19:23:00.000,I 75,I 75 and Forest Pkwy,,Sideswipe-Same Direction,2,Clear,Dry,Dark-Lighted
2022-03-07T18:57:00.000,I 75,I 75 and Forest Pkwy,,Rear End,2,Clear,Wet,Dark-Not Lighted
2022-01-18T18:21:00.000,I 75,I 75 and Forest Pkwy,,Sideswipe-Same Direction,2,Clear,Dry,Dark-Lighted
2022-09-21T06:30:00.000,I 75,I 75 and Forest Pkwy,,Rear End,4,Clear,Dry,Daylight
2022-09-21T07:58:00.000,I 75,I 75 and Forest Pkwy,,Sideswipe-Same Direction,2,Clear,Dry,Dawn
2022-07-13T16:00:00.000,I 75,I 75 and Forest Pkwy,,Rear End,2,Clear,Dry,Daylight
2022-11-23T04:43:00.000,I 75,I 75 and Forest Pkwy,,Not a Collision with Motor Vehicle,1,Clear,Dry,Dark-Lighted
2022-12-27T19:29:00.000,I 75,I 75 and Forest Pkwy,,Sideswipe-Same Direction,2,Clear,Dry,Dark-Lighted
2022-05-19T02:51:00.000,I 75,I 75 and Forest Pkwy,,Rear End,2,Clear,Dry,Dark-Not Lighted
2022-03-27T05:00:00.000,I 75,I 75 and Forest Pkwy,,Not a Collision with Motor Vehicle,1,Clear,Dry,Dark-Not Lighted
2022-11-18T05:40:00.000,I 75,I 75 and Forest Pkwy,,Sideswipe-Same Direction,2,Clear,Dry,Dawn
2022-01-26T12:54:00.000,I 75,I 75 and Forest Pkwy,,Rear End,2,Clear,Dry,Daylight
2022-11-16T10:15:00.000,I 75,I 75 and Forest Pkwy,,Sideswipe-Same Direction,2,Clear,Dry,Daylight
2022-09-18T07:20:00.000,I 75,I 75 and Forest Pkwy,,Sideswipe-Same Direction,2,Clear,Dry,Dark-Not Lighted
2022-08-19T17:40:00.000,I 75,I 75 and Forest Pkwy,,Not a Collision with Motor Vehicle,1,Rain,Wet,Daylight
2022-08-26T22:37:00.000,I 75,I 75 and Forest Pkwy,,Angle Crash,2,Clear,Dry,Dark-Lighted
2022-09-27T09:25:00.000,I 75,I 75 and Forest Pkwy,,Sideswipe-Same Direction,2,Clear,Dry,Daylight
2022-10-25T00:00:00.000,I 75,I 75 and Forest Pkwy,,Sideswipe-Same Direction,2,Cloudy,Dry,Daylight
2022-11-04T23:50:00.000,I 75,I 75 and Forest Pkwy,,Not a Collision with Motor Vehicle,1,Clear,Dry,Dark-Lighted
2022-04-15T06:30:00.000,I 75,I 75 and Forest Pkwy,,Sideswipe-Same Direction,3,Clear,Dry,Dark-Lighted
2022-04-28T06:45:00.000,I 75,I 75 and Forest Pkwy,,Rear End,2,Clear,Dry,Dawn
2021-09-30T13:50:00.000,I 75,I 75 and Forest Pkwy,,Sideswipe-Same Direction,2,Clear,Dry,Daylight
2021-07-10T16:50:00.000,I 75,I 75 and Forest Pkwy,,Rear End,2,Clear,Dry,Daylight
2021-12-29T08:30:00.000,I 75,I 75 and Forest Pkwy,,Angle Crash,2,Rain,Wet,Daylight
2021-07-18T23:01:00.000,I 75,I 75 and Forest Pkwy,,Rear End,2,Rain,Water (standing or moving),Dark-Lighted
2021-12-18T12:33:00.000,I 75,I 75 and Forest Pkwy,,Rear End,2,Rain,Wet,Daylight
2021-08-16T10:11:00.000,I 75,I 75 and Forest Pkwy,,Sideswipe-Same Direction,2,Clear,Dry,Daylight
2021-11-22T13:10:00.000,I 75,I 75 and Forest Pkwy,,Sideswipe-Same Direction,2,Clear,Dry,Daylight
2021-09-14T16:10:00.000,I 75,I 75 and Forest Pkwy,,Sideswipe-Same Direction,2,Clear,Dry,Daylight
2022-09-16T21:08:00.000,I 75,I 75 and Forest Pkwy,,Rear End,2,Clear,Dry,Dark-Lighted
2022-07-16T14:45:00.000,I 75,I 75 and Forest Pkwy,,Sideswipe-Same Direction,2,Clear,Dry,Daylight
2022-01-05T11:42:00.000,I 75,I 75 and Forest Pkwy,,Rear End,3,Clear,Dry,Daylight
2022-10-13T00:06:00.000,I 75,I 75 and Forest Pkwy,,Sideswipe-Same Direction,2,Clear,Dry,Dark-Lighted
2022-08-25T19:35:00.000,I 75,I 75 and Forest Pkwy,,Rear End,2,Clear,Wet,Dark-Not Lighted
2022-09-18T10:50:00.000,I 75,I 75 and Forest Pkwy,,Sideswipe-Same Direction,2,Clear,Dry,Daylight
2022-06-18T03:20:00.000,I 75,I 75 and Forest Pkwy,,Angle Crash,3,Clear,Dry,Dark-Lighted
2022-02-17T20:30:00.000,I 75,I 75 and Forest Pkwy,,Not a Collision with Motor Vehicle,1,Clear,Dry,Dark-Not Lighted
2022-06-18T14:55:00.000,I 75,I 75 and Forest Pkwy,,Rear End,2,Clear,Dry,Daylight
2022-05-29T14:39:00.000,I 75,I 75 and Forest Pkwy,,Sideswipe-Same Direction,2,Clear,Dry,Daylight
2022-04-05T09:20:00.000,I 75,I 75 and Forest Pkwy,,Sideswipe-Same Direction,2,Cloudy,Wet,Daylight
2022-02-08T06:51:00.000,I 75,I 75 and Forest Pkwy,,Sideswipe-Same Direction,2,Clear,Dry,Dark-Lighted
2022-03-02T17:00:00.000,I 75,I 75 and Forest Pkwy,,Sideswipe-Same Direction,2,Clear,Dry,Dark-Not Lighted
2022-10-18T16:48:00.000,I 75,I 75 and Forest Pkwy,,Sideswipe-Same Direction,2,Clear,Dry,Daylight
2022-09-17T09:16:00.000,I 75,I 75 and Forest Pkwy,,Not a Collision with Motor Vehicle,4,Clear,Dry,Daylight
2022-10-08T20:27:00.000,I 75,I 75 and Forest Pkwy,,Sideswipe-Same Direction,2,Clear,Dry,Dark-Lighted
2022-08-10T10:00:00.000,I 75,I 75 and Forest Pkwy,,Rear End,2,Clear,Dry,Daylight
2022-10-06T18:30:00.000,I 75,I 75 and Forest Pkwy,,Sideswipe-Same Direction,2,Clear,Dry,Daylight
2022-03-10T18:13:00.000,I 75,I 75 and Forest Pkwy,,Angle Crash,2,Clear,Dry,Daylight
2022-12-06T18:00:00.000,I 75,I 75 and Forest Pkwy,,Rear End,2,Clear,Dry,Dark-Not Lighted
2022-03-14T08:10:00.000,I 75,I 75 and Forest Pkwy,,Rear End,2,Clear,Dry,Daylight
2022-12-30T20:45:00.000,I 75,I 75 and Forest Pkwy,,Angle Crash,2,Clear,Dry,Dark-Lighted
2022-11-27T17:27:00.000,I 75,I 75 and Forest Pkwy,,Not a Collision with Motor Vehicle,1,Clear,Dry,Daylight
2022-10-14T15:25:00.000,I 75,I 75 and Forest Pkwy,,Sideswipe-Same Direction,2,Clear,Dry,Daylight
2022-03-09T17:25:00.000,I 75,I 75 and Forest Pkwy,,Not a Collision with Motor Vehicle,1,Cloudy,Dry,Daylight
2022-12-07T08:42:00.000,I 75,I 75 and Forest Pkwy,,Sideswipe-Same Direction,2,Cloudy,Wet,Dark-Lighted
2022-09-03T13:52:00.000,I 75,I 75 and Forest Pkwy,,Sideswipe-Same Direction,2,Clear,Dry,Daylight
2022-05-14T15:52:00.000,I 75,I 75 and Forest Pkwy,,Sideswipe-Same Direction,2,Clear,Dry,Daylight
2022-04-01T20:45:00.000,I 75,I 75 and Forest Pkwy,,Sideswipe-Same Direction,2,Clear,Dry,Dark-Not Lighted
2022-09-18T07:20:00.000,I 75,I 75 and Forest Pkwy,,Rear End,2,Clear,Dry,Daylight
2022-10-01T02:17:00.000,I 75,I 75 and Forest Pkwy,,Rear End,2,Clear,Dry,Dark-Not Lighted
2022-11-03T11:20:00.000,I 75,I 75 and Forest Pkwy,,Not a Collision with Motor Vehicle,1,Clear,Dry,Daylight
2022-11-22T23:25:00.000,I 75,I 75 and Forest Pkwy,,Sideswipe-Same Direction,2,Clear,Dry,Dark-Lighted
2022-09-04T09:23:00.000,I 75,I 75 and Forest Pkwy,,Sideswipe-Same Direction,2,Cloudy,Dry,Daylight
2022-07-03T16:06:00.000,I 75,I 75 and Forest Pkwy,,Angle Crash,2,Cloudy,Dry,Daylight
2022-06-19T04:06:00.000,I 75,I 75 and Forest Pkwy,,Rear End,2,Clear,Dry,Dark-Not Lighted
2022-01-05T22:33:00.000,I 75,I 75 and Forest Pkwy,,Sideswipe-Same Direction,2,Clear,Dry,Dark-Not Lighted
2022-07-25T11:26:00.000,I 75,I 75 and Forest Pkwy,,Sideswipe-Same Direction,2,Cloudy,Dry,Daylight
2022-05-06T13:11:00.000,I 75,I 75 and Forest Pkwy,,Angle Crash,2,Clear,Dry,Daylight
2022-02-23T19:34:00.000,I 75,I 75 and Forest Pkwy,,Sideswipe-Same Direction,2,Clear,Dry,Dark-Lighted
2022-07-11T16:04:00.000,I 75,I 75 and Forest Pkwy,,Rear End,3,Clear,Dry,Daylight
2022-09-24T15:47:00.000,I 75,I 75 and Forest Pkwy,,Sideswipe-Same Direction,2,Clear,Dry,Daylight
2022-08-16T09:49:00.000,I 75,I 75 and Forest Pkwy,,Rear End,2,Cloudy,Dry,Daylight
2022-05-09T21:43:00.000,I 75,I 75 and Forest Pkwy,,Sideswipe-Same Direction,2,Clear,Dry,Dark-Not Lighted
2022-05-11T16:00:00.000,I 75,I 75 and Forest Pkwy,,Sideswipe-Same Direction,2,Clear,Dry,Daylight
2022-05-05T16:10:00.000,I 75,I 75 and Forest Pkwy,,Sideswipe-Same Direction,2,Clear,Dry,Daylight
2022-02-25T20:51:00.000,I 75,I 75 and Forest Pkwy,,Angle Crash,2,Clear,Dry,Dark-Not Lighted
2022-04-10T05:27:00.000,I 75,I 75 and Forest Pkwy,,Sideswipe-Same Direction,2,Clear,Dry,Dark-Not Lighted
2022-05-18T07:30:00.000,I 75,I 75 and Forest Pkwy,,Rear End,2,Clear,Dry,Daylight
2022-09-22T14:07:00.000,I 75,I 75 and Forest Pkwy,,Rear End,2,Clear,Dry,Daylight
2022-08-09T07:30:00.000,I 75,I 75 and Forest Pkwy,,Sideswipe-Same Direction,3,Clear,Dry,Daylight
2022-08-21T14:06:00.000,I 75,I 75 and Forest Pkwy,,Angle Crash,2,Clear,Dry,Daylight
2022-10-27T11:55:00.000,I 75,I 75 and Forest Pkwy,,Rear End,2,Clear,Dry,Daylight
2022-09-04T07:13:00.000,I 75,I 75 and Forest Pkwy,,Rear End,2,Clear,Dry,Daylight
2022-09-24T05:10:00.000,I 75,I 75 and Forest Pkwy,,Rear End,2,Clear,Dry,Dark-Not Lighted
2022-08-31T09:09:00.000,I 75,I 75 and Forest Pkwy,,Rear End,3,Clear,Dry,Daylight
2022-05-02T15:04:00.000,I 75,I 75 and Forest Pkwy,,Rear End,2,Clear,Dry,Daylight
2022-02-18T10:00:00.000,I 75,I 75 and Forest Pkwy,,Rear End,2,Clear,Dry,Daylight
2022-02-23T19:40:00.000,I 75,I 75 and Forest Pkwy,,Sideswipe-Same Direction,2,Clear,Dry,Dark-Not Lighted
2022-06-11T18:46:00.000,I 75,I 75 and Forest Pkwy,,Sideswipe-Same Direction,2,Clear,Dry,Daylight
2022-03-10T18:13:00.000,I 75,I 75 and Forest Pkwy,,Sideswipe-Same Direction,2,Clear,Dry,Daylight
2022-08-20T17:37:00.000,I 75,I 75 and Forest Pkwy,,Rear End,3,Clear,Dry,Daylight
2022-11-10T09:45:00.000,I 75,I 75 and Forest Pkwy,,Rear End,2,Clear,Dry,Daylight
2022-05-25T08:00:00.000,I 75,I 75 and Forest Pkwy,,Sideswipe-Same Direction,2,Clear,Dry,Daylight
2022-09-07T07:11:00.000,I 75,I 75 and Forest Pkwy,,Rear End,3,Clear,Dry,Daylight
2022-07-25T09:10:00.000,I 75,I 75 and Forest Pkwy,,Rear End,2,Clear,Dry,Daylight
2022-11-04T13:50:00.000,I 75,I 75 and Forest Pkwy,,Rear End,3,Clear,Dry,Daylight
2022-05-13T15:11:00.000,I 75,I 75 and Forest Pkwy,,Rear End,2,Clear,Dry,Daylight
2022-12-21T02:43:00.000,I 75,I 75 and Forest Pkwy,,Angle Crash,2,Clear,Dry,Dark-Not Lighted
2022-02-12T18:50:00.000,I 75,I 75 and Forest Pkwy,,Rear End,2,Clear,Dry,Dark-Lighted
2022-04-28T15:40:00.000,I 75,I 75 and Forest Pkwy,,Sideswipe-Same Direction,2,Clear,Dry,Daylight
2022-04-10T04:30:00.000,I 75,I 75 and Forest Pkwy,,Rear End,2,Clear,Dry,Dark-Not Lighted
2022-01-21T19:00:00.000,I 75,I 75 and Forest Pkwy,,Rear End,2,Clear,Dry,Dark-Not Lighted
2022-02-17T18:10:00.000,I 75,I 75 and Forest Pkwy,,Sideswipe-Same Direction,2,Clear,Dry,Daylight
2022-05-02T14:08:00.000,I 75,I 75 and Forest Pkwy,,Sideswipe-Same Direction,3,Clear,Dry,Daylight
2022-12-30T14:23:00.000,I 75,I 75 and Forest Pkwy,,Rear End,2,Clear,Dry,Daylight
2022-04-28T16:00:00.000,I 75,I 75 and Forest Pkwy,,Sideswipe-Same Direction,2,Clear,Dry,Daylight
2022-11-04T00:00:00.000,I 75,I 75 and Forest Pkwy,,Sideswipe-Same Direction,3,Clear,Dry,Dark-Lighted
2022-07-09T13:30:00.000,I 75,I 75 and Forest Pkwy,,Rear End,2,Clear,Dry,Daylight
2022-09-27T07:21:00.000,I 75,I 75 and Forest Pkwy,,Sideswipe-Same Direction,2,Clear,Dry,Daylight
2022-10-27T12:31:00.000,I 75,I 75 and Forest Pkwy,,Sideswipe-Opposite Direction,2,Clear,Dry,Daylight
2022-05-01T01:34:00.000,I 75,I 75 and Forest Pkwy,,Rear End,2,Clear,Dry,Dark-Not Lighted
2022-05-13T05:30:00.000,I 75,I 75 and Forest Pkwy,,Sideswipe-Same Direction,2,Clear,Dry,Dark-Not Lighted
2022-05-12T16:00:00.000,I 75,I 75 and Forest Pkwy,,Rear End,2,Clear,Dry,Daylight
2022-03-04T18:08:00.000,I 75,I 75 and Forest Pkwy,,Rear End,2,Clear,Dry,Dark-Lighted
2022-04-22T22:03:00.000,I 75,I 75 and Forest Pkwy,,Rear End,3,Clear,Dry,Dark-Lighted
2022-12-06T08:15:00.000,I 75,I 75 and Forest Pkwy,,Sideswipe-Same Direction,2,Rain,Wet,Daylight
2022-12-13T18:56:00.000,I 75,I 75 and Forest Pkwy,,Rear End,2,Clear,Dry,Dark-Lighted
2022-04-01T17:20:00.000,I 75,I 75 and Forest Pkwy,,Rear End,3,Clear,Dry,Daylight
2022-04-08T19:20:00.000,I 75,I 75 and Forest Pkwy,,Sideswipe-Same Direction,2,Clear,Dry,Daylight
2022-12-12T06:30:00.000,I 75,I 75 and Forest Pkwy,,Rear End,2,Cloudy,Wet,Dark-Lighted
2022-05-31T18:18:00.000,I 75,I 75 and Forest Pkwy,,Rear End,2,Clear,Dry,Daylight
2022-12-27T19:29:00.000,I 75,I 75 and Forest Pkwy,,Sideswipe-Same Direction,2,Clear,Dry,Dark-Lighted
2022-12-22T11:45:00.000,I 75,I 75 and Forest Pkwy,,Sideswipe-Same Direction,2,Cloudy,Dry,Daylight
2022-08-02T07:50:00.000,I 75,I 75 and Forest Pkwy,,Rear End,2,Clear,Dry,Daylight
2022-03-25T22:45:00.000,I 75,I 75 and Forest Pkwy,,Sideswipe-Same Direction,2,Clear,Dry,Dark-Not Lighted
2022-03-21T18:02:00.000,I 75,I 75 and Forest Pkwy,,Rear End,2,Clear,Dry,Daylight
2022-05-22T05:03:00.000,I 75,I 75 and Forest Pkwy,,Sideswipe-Same Direction,3,Clear,Dry,Dark-Not Lighted
2022-05-05T00:25:00.000,I 75,I 75 and Forest Pkwy,,Sideswipe-Same Direction,2,Clear,Dry,Dark-Lighted
2023-03-07T20:42:00.000,I 75,I 75 and Forest Pkwy,,Not a Collision with Motor Vehicle,2,Clear,Dry,Dark-Not Lighted
2023-07-26T00:49:00.000,I 75,I 75 and Forest Pkwy,,Rear End,2,Clear,Dry,Dark-Lighted
2023-03-23T22:00:00.000,I 75,I 75 and Forest Pkwy,,Sideswipe-Same Direction,2,Clear,Dry,Dark-Lighted
2023-08-22T16:50:00.000,I 75,I 75 and Forest Pkwy,,Sideswipe-Same Direction,2,Clear,Dry,Daylight
2023-12-04T12:20:00.000,I 75,I 75 and Forest Pkwy,,Angle Crash,2,Clear,Dry,Daylight
2023-05-26T09:46:00.000,I 75,I 75 and Forest Pkwy,,Sideswipe-Same Direction,2,Clear,Dry,Daylight
2023-09-07T09:00:00.000,I 75,I 75 and Forest Pkwy,,Sideswipe-Same Direction,2,Clear,Dry,Daylight
2024-07-29T17:55:00.000,I 75,I 75 and Forest Pkwy,,Rear End,2,Clear,Dry,Daylight
2024-10-21T06:29:00.000,I 75,I 75 and Forest Pkwy,,Rear End,2,Clear,Dry,Dawn
2024-09-05T09:45:00.000,I 75,I 75 and Forest Pkwy,,Sideswipe-Same Direction,2,Clear,Dry,Daylight
2024-07-09T06:20:00.000,I 75,I 75 and Forest Pkwy,,Rear End,2,Cloudy,Dry,Daylight
2024-11-25T14:36:00.000,I 75,I 75 and Forest Pkwy,,Rear End,3,Clear,Dry,Daylight
2024-11-12T15:41:00.000,I 75,I 75 and Forest Pkwy,,Rear End,2,Clear,Dry,Daylight
2024-10-21T00:00:00.000,I 75,I 75 and Forest Pkwy,,Rear End,2,Clear,Dry,Daylight
2024-08-31T11:19:00.000,I 75,I 75 and Forest Pkwy,,Rear End,2,Clear,Dry,Daylight
2024-05-19T04:40:00.000,I 75,I 75 and Forest Pkwy,,Rear End,2,Clear,Wet,Dark-Not Lighted
2024-08-08T14:15:00.000,I 75,I 75 and Forest Pkwy,,Not a Collision with Motor Vehicle,2,Clear,Dry,Daylight
2024-08-08T06:39:00.000,I 75,I 75 and Forest Pkwy,,Rear End,2,Clear,Dry,Daylight
2024-11-16T12:17:00.000,I 75,I 75 and Forest Pkwy,,Sideswipe-Same Direction,2,Clear,Dry,Daylight
2024-10-27T22:17:00.000,I 75,I 75 and Forest Pkwy,,Sideswipe-Same Direction,2,Clear,Dry,Dark-Not Lighted
2024-12-25T21:31:00.000,I 75,I 75 and Forest Pkwy,,Rear End,2,Clear,Dry,Dawn
2024-05-06T16:30:00.000,I 75,I 75 and Forest Pkwy,,Rear End,3,Clear,Dry,Daylight
2024-08-21T18:00:00.000,I 75,I 75 and Forest Pkwy,,Sideswipe-Same Direction,2,Clear,Dry,Daylight
2024-05-07T21:15:00.000,I 75,I 75 and Forest Pkwy,,Rear End,2,Clear,Dry,Dark-Not Lighted
2024-06-04T08:44:00.000,I 75,I 75 and Forest Pkwy,,Rear End,2,Clear,Ice/Frost,Daylight
2024-09-08T12:33:00.000,I 75,I 75 and Forest Pkwy,,Rear End,2,Clear,Dry,Daylight
2024-10-26T02:30:00.000,I 75,I 75 and Forest Pkwy,,Sideswipe-Same Direction,4,Clear,Dry,Dark-Lighted
2024-10-29T14:57:00.000,I 75,I 75 and Forest Pkwy,,Sideswipe-Same Direction,2,Clear,Dry,Daylight
2024-05-01T14:00:00.000,I 75,I 75 and Forest Pkwy,,Rear End,2,Clear,Dry,Daylight
2024-07-09T15:04:00.000,I 75,I 75 and Forest Pkwy,,Angle Crash,2,Cloudy,Dry,Daylight
2024-01-09T05:14:00.000,I 75,I 75 and Forest Pkwy,,Angle Crash,2,Rain,Wet,Dark-Lighted
2024-05-30T00:00:00.000,I 75,I 75 and Forest Pkwy,,Angle Crash,2,Clear,Dry,Daylight
2024-05-16T07:02:00.000,I 75,I 75 and Forest Pkwy,,Rear End,2,Clear,Dry,Daylight