Date and Time,Roadway (From Crash Report),Intersection Name (from Crash Report),KABCO Severity,Manner of Collision (Crash Level) ,# of Vehicles per crash ,Weather Conditions (Crash Level),Surface Condition (Crash Level) ,Light Conditions (Crash Level)
2024-04-20T13:00:00.000,I 75,I 75 and Forest Pkwy,,Rear End,2,Clear,Dry,Daylight
2024-07-11T09:10:00.000,I 75,I 75 and Forest Pkwy,,Rear End,2,Clear,Dry,Daylight
2024-08-24T09:48:00.000,I 75,I 75 and Forest Pkwy,,Rear End,2,Clear,Dry,Daylight
2024-05-08T03:25:00.000,I 75,I 75 and Forest Pkwy,,Sideswipe-Same Direction,2,Clear,Dry,Dark-Not Lighted
2023-05-11T06:39:00.000,I 75,I 75 and Forest Pkwy,,Rear End,2,Clear,Dry,Daylight
2023-11-27T14:40:00.000,I 75,I 75 and Forest Pkwy,,Rear End,2,Clear,Dry,Daylight
2023-05-08T09:38:00.000,I 75,I 75 and Forest Pkwy,,Sideswipe-Same Direction,2,Clear,Dry,Daylight
2023-02-11T15:41:00.000,I 75,I 75 and Forest Pkwy,,Rear End,2,Rain,Wet,Daylight
2023-05-19T07:32:00.000,I 75,I 75 and Forest Pkwy,,Rear End,2,Clear,Dry,Daylight
2023-05-14T14:55:00.000,I 75,I 75 and Forest Pkwy,,Sideswipe-Same Direction,2,Cloudy,Dry,Daylight
2023-10-02T14:50:00.000,I 75,I 75 and Forest Pkwy,,Rear End,3,Clear,Dry,Daylight
2023-04-07T06:32:00.000,I 75,I 75 and Forest Pkwy,,Rear End,2,Cloudy,Dry,Dark-Lighted
2023-01-06T11:30:00.000,I 75,I 75 and Forest Pkwy,,Sideswipe-Same Direction,2,Clear,Dry,Daylight
2023-02-26T16:00:00.000,I 75,I 75 and Forest Pkwy,,Angle Crash,2,Clear,Dry,Daylight
2023-09-29T06:03:00.000,I 75,I 75 and Forest Pkwy,,Sideswipe-Same Direction,3,Clear,Dry,Dark-Lighted
2023-10-07T14:45:00.000,I 75,I 75 and Forest Pkwy,,Rear End,3,Clear,Dry,Daylight
2024-03-01T07:16:00.000,I 75,I 75 and Forest Pkwy,,Rear End,2,Rain,Wet,Daylight
2024-02-20T00:00:00.000,I 75,I 75 and Forest Pkwy,,Sideswipe-Same Direction,2,Cloudy,Dry,Daylight
2024-08-13T05:45:00.000,I 75,I 75 and Forest Pkwy,,Angle Crash,2,Clear,Dry,Daylight
2024-08-02T14:33:00.000,I 75,I 75 and Forest Pkwy,,Angle Crash,2,Clear,Dry,Daylight
2024-09-04T15:12:00.000,I 75,I 75 and Forest Pkwy,,Angle Crash,2,Clear,Dry,Daylight
2024-01-08T18:52:00.000,I 75,I 75 and Forest Pkwy,,Angle Crash,2,Clear,Dry,Dark-Not Lighted
2024-02-13T23:19:00.000,I 75,I 75 and Forest Pkwy,,Sideswipe-Same Direction,2,Clear,Dry,Dark-Lighted
2023-08-13T08:09:00.000,I 75,I 75 and Forest Pkwy,,Angle Crash,2,Clear,Dry,Daylight
2023-09-28T06:35:00.000,I 75,I 75 and Forest Pkwy,,Rear End,2,Clear,Dry,Dark-Lighted
2023-01-07T18:41:00.000,I 75,I 75 and Forest Pkwy,,Rear End,2,Clear,Dry,Dark-Lighted
2023-07-16T08:35:00.000,I 75,I 75 and Forest Pkwy,,Not a Collision with Motor Vehicle,1,Clear,Dry,Daylight
2023-11-08T09:45:00.000,I 75,I 75 and Forest Pkwy,,Rear End,2,Clear,Dry,Daylight
2023-04-28T16:00:00.000,I 75,I 75 and Forest Pkwy,,Rear End,2,Clear,Dry,Daylight
2023-10-13T21:45:00.000,I 75,I 75 and Forest Pkwy,,Sideswipe-Same Direction,2,Rain,Wet,Dark-Lighted
2023-03-11T15:30:00.000,I 75,I 75 and Forest Pkwy,,Sideswipe-Same Direction,3,Cloudy,Dry,Daylight
2023-02-24T16:55:00.000,I 75,I 75 and Forest Pkwy,,Sideswipe-Same Direction,2,Rain,Wet,Daylight
2023-05-08T14:57:00.000,I 75,I 75 and Forest Pkwy,,Rear End,2,Clear,Dry,Daylight
2023-07-22T12:55:00.000,I 75,I 75 and Forest Pkwy,,Rear End,2,Clear,Wet,Daylight
2023-12-31T16:01:00.000,I 75,I 75 and Forest Pkwy,,Not a Collision with Motor Vehicle,1,Clear,Dry,Daylight
2023-08-30T22:25:00.000,I 75,I 75 and Forest Pkwy,,Not a Collision with Motor Vehicle,1,Rain,Wet,Dark-Not Lighted
2023-04-02T21:13:00.000,I 75,I 75 and Forest Pkwy,,Not a Collision with Motor Vehicle,1,Clear,Dry,Dark-Not Lighted
2023-06-30T13:00:00.000,I 75,I 75 and Forest Pkwy,,Sideswipe-Same Direction,2,Clear,Dry,Daylight
2023-11-14T06:39:00.000,I 75,I 75 and Forest Pkwy,,Sideswipe-Same Direction,2,Clear,Dry,Dark-Lighted
2023-10-01T21:20:00.000,I 75,I 75 and Forest Pkwy,,Rear End,3,Clear,Dry,Dark-Not Lighted
2023-05-17T08:30:00.000,I 75,I 75 and Forest Pkwy,,Sideswipe-Same Direction,2,Clear,Dry,Daylight
2023-08-01T15:42:00.000,I 75,I 75 and Forest Pkwy,,Rear End,2,Cloudy,Dry,Daylight
2023-05-25T16:00:00.000,I 75,I 75 and Forest Pkwy,,Sideswipe-Same Direction,2,Clear,Dry,Daylight
2023-11-22T18:30:00.000,I 75,I 75 and Forest Pkwy,,Rear End,3,Clear,Dry,Dark-Not Lighted
2023-05-24T15:00:00.000,I 75,I 75 and Forest Pkwy,,Sideswipe-Same Direction,2,Clear,Dry,Daylight
2023-05-23T17:39:00.000,I 75,I 75 and Forest Pkwy,,Sideswipe-Same Direction,2,Cloudy,Dry,Daylight
2023-07-08T12:55:00.000,I 75,I 75 and Forest Pkwy,,Rear End,2,Clear,Dry,Daylight
2023-06-06T12:14:00.000,I 75,I 75 and Forest Pkwy,,Sideswipe-Same Direction,2,Clear,Dry,Daylight
2023-06-09T14:37:00.000,I 75,I 75 and Forest Pkwy,,Sideswipe-Same Direction,2,Clear,Dry,Daylight
2023-01-12T19:19:00.000,I 75,I 75 and Forest Pkwy,,Sideswipe-Same Direction,2,Clear,Dry,Daylight
2023-04-06T18:21:00.000,I 75,I 75 and Forest Pkwy,,Rear End,2,Clear,Dry,Daylight
2023-12-30T09:00:00.000,I 75,I 75 and Forest Pkwy,,Sideswipe-Same Direction,2,Cloudy,Dry,Daylight
2023-01-23T23:07:00.000,I 75,I 75 and Forest Pkwy,,Not a Collision with Motor Vehicle,3,Clear,Dry,Dark-Not Lighted
2023-04-11T11:06:00.000,I 75,I 75 and Forest Pkwy,,Rear End,2,Clear,Dry,Daylight
2023-09-01T15:45:00.000,I 75,I 75 and Forest Pkwy,,Angle Crash,2,Clear,Dry,Daylight
2023-01-06T09:35:00.000,I 75,I 75 and Forest Pkwy,,Angle Crash,3,Clear,Dry,Daylight
2023-12-09T05:37:00.000,I 75,I 75 and Forest Pkwy,,Not a Collision with Motor Vehicle,1,Sleet,Wet,Dark-Lighted
2023-11-15T00:30:00.000,I 75,I 75 and Forest Pkwy,,Angle Crash,2,Clear,Dry,Dark-Not Lighted
2023-07-22T12:47:00.000,I 75,I 75 and Forest Pkwy,,Rear End,2,Rain,Wet,Daylight
2023-02-28T05:38:00.000,I 75,I 75 and Forest Pkwy,,Sideswipe-Same Direction,2,Clear,Dry,Dark-Not Lighted
2023-08-13T08:40:00.000,I 75,I 75 and Forest Pkwy,,Angle Crash,2,Clear,Dry,Daylight
2023-12-19T09:50:00.000,I 75,I 75 and Forest Pkwy,,Rear End,2,Clear,Dry,Daylight
2023-06-10T13:30:00.000,I 75,I 75 and Forest Pkwy,,Rear End,2,Clear,Dry,Daylight
2023-12-16T12:30:00.000,I 75,I 75 and Forest Pkwy,,Sideswipe-Same Direction,2,Cloudy,Dry,Daylight
2023-04-11T06:12:00.000,I 75,I 75 and Forest Pkwy,,Sideswipe-Same Direction,2,Clear,Dry,Dark-Not Lighted
2023-12-03T08:52:00.000,I 75,I 75 and Forest Pkwy,,Not a Collision with Motor Vehicle,1,Clear,Wet,Daylight
2023-03-30T12:50:00.000,I 75,I 75 and Forest Pkwy,,Sideswipe-Same Direction,2,Clear,Dry,Daylight
2023-03-02T10:35:00.000,I 75,I 75 and Forest Pkwy,,Sideswipe-Same Direction,2,Cloudy,Wet,Daylight
2023-12-09T05:37:00.000,I 75,I 75 and Forest Pkwy,,Angle Crash,2,Rain,Wet,Dark-Lighted
2023-11-10T22:00:00.000,I 75,I 75 and Forest Pkwy,,Rear End,2,Clear,Dry,Dark-Lighted
2023-01-17T12:35:00.000,I 75,I 75 and Forest Pkwy,,Sideswipe-Same Direction,2,Rain,Wet,Daylight
2023-09-27T13:05:00.000,I 75,I 75 and Forest Pkwy,,Rear End,2,Cloudy,Dry,Daylight
2023-10-26T06:55:00.000,I 75,I 75 and Forest Pkwy,,Rear End,2,Clear,Dry,Dawn
2023-12-28T00:02:00.000,I 75,I 75 and Forest Pkwy,,Rear End,2,Clear,Dry,Dark-Not Lighted
2023-02-12T14:45:00.000,I 75,I 75 and Forest Pkwy,,Not a Collision with Motor Vehicle,1,Cloudy,Dry,Daylight
2023-07-11T16:46:00.000,I 75,I 75 and Forest Pkwy,,Angle Crash,2,Cloudy,Dry,Daylight
2023-06-22T10:15:00.000,I 75,I 75 and Forest Pkwy,,Sideswipe-Same Direction,2,Cloudy,Wet,Daylight
2023-12-16T00:00:00.000,I 75,I 75 and Forest Pkwy,,Rear End,2,Clear,Dry,Daylight
2023-10-12T07:45:00.000,I 75,I 75 and Forest Pkwy,,Rear End,2,Rain,Wet,Daylight
2023-11-07T06:04:00.000,I 75,I 75 and Forest Pkwy,,Rear End,3,Cloudy,Dry,Dark-Not Lighted
2023-07-24T08:36:00.000,I 75,I 75 and Forest Pkwy,,Angle Crash,2,Clear,Dry,Daylight
2023-03-13T18:43:00.000,I 75,I 75 and Forest Pkwy,,Angle Crash,2,Cloudy,Ice/Frost,Daylight
2023-09-23T13:37:00.000,I 75,I 75 and Forest Pkwy,,Sideswipe-Same Direction,3,Clear,Dry,Daylight
2023-04-01T10:20:00.000,I 75,I 75 and Forest Pkwy,,Rear End,2,Rain,Wet,Daylight
2023-08-27T17:50:00.000,I 75,I 75 and Forest Pkwy,,Sideswipe-Same Direction,2,Cloudy,Dry,Daylight
2023-06-25T14:24:00.000,I 75,I 75 and Forest Pkwy,,Sideswipe-Opposite Direction,2,Clear,Dry,Daylight
2023-06-09T16:45:00.000,I 75,I 75 and Forest Pkwy,,Rear End,2,Clear,Dry,Daylight
2023-03-07T19:18:00.000,I 75,I 75 and Forest Pkwy,,Rear End,2,Cloudy,Dry,Dark-Not Lighted
2023-12-29T07:59:00.000,I 75,I 75 and Forest Pkwy,,Not a Collision with Motor Vehicle,1,Clear,Dry,Daylight
2023-03-22T18:00:00.000,I 75,I 75 and Forest Pkwy,,Rear End,2,Clear,Dry,Daylight
2023-06-17T18:40:00.000,I 75,I 75 and Forest Pkwy,,Rear End,2,Clear,Dry,Daylight
2023-04-09T16:50:00.000,I 75,I 75 and Forest Pkwy,,Sideswipe-Same Direction,2,Clear,Dry,Daylight
2023-08-12T11:26:00.000,I 75,I 75 and Forest Pkwy,,Rear End,2,Clear,Dry,Daylight
2023-08-10T23:05:00.000,I 75,I 75 and Forest Pkwy,,Sideswipe-Same Direction,2,Clear,Dry,Dark-Not Lighted
2023-06-28T16:30:00.000,I 75,I 75 and Forest Pkwy,,Rear End,2,Clear,Dry,Daylight
2023-07-28T11:45:00.000,I 75,I 75 and Forest Pkwy,,Sideswipe-Same Direction,2,Clear,Dry,Daylight
2023-05-19T12:03:00.000,I 75,I 75 and Forest Pkwy,,Sideswipe-Same Direction,2,Clear,Dry,Daylight
2023-05-01T13:35:00.000,I 75,I 75 and Forest Pkwy,,Sideswipe-Same Direction,2,Clear,Dry,Daylight
2023-09-03T02:29:00.000,I 75,I 75 and Forest Pkwy,,Sideswipe-Same Direction,2,Clear,Dry,Dark-Lighted
2023-09-27T15:32:00.000,I 75,I 75 and Forest Pkwy,,Rear End,2,Cloudy,Dry,Daylight
2023-12-07T17:42:00.000,I 75,I 75 and Forest Pkwy,,Rear End,2,Clear,Dry,Dark-Lighted
2024-03-02T15:10:00.000,I 75,I 75 and Forest Pkwy,,Rear End,2,Cloudy,Dry,Daylight
2024-02-16T15:24:00.000,I 75,I 75 and Forest Pkwy,,Sideswipe-Same Direction,2,Cloudy,Dry,Daylight
2024-09-12T14:54:00.000,I 75,I 75 and Forest Pkwy,,Rear End,2,Cloudy,Dry,Daylight
2024-02-01T00:00:00.000,I 75,I 75 and Forest Pkwy,,Angle Crash,2,Clear,Dry,Daylight
2024-04-23T14:47:00.000,I 75,I 75 and Forest Pkwy,,Angle Crash,2,Clear,Dry,Daylight
2024-05-22T23:48:00.000,I 75,I 75 and Forest Pkwy,,Sideswipe-Same Direction,2,Clear,Dry,Dark-Lighted
2024-07-26T21:26:00.000,I 75,I 75 and Forest Pkwy,,Angle Crash,2,Clear,Dry,Dark-Lighted
2024-04-21T23:45:00.000,I 75,I 75 and Forest Pkwy,,Sideswipe-Same Direction,2,Clear,Dry,Dark-Not Lighted
2024-01-16T23:28:00.000,I 75,I 75 and Forest Pkwy,,Not a Collision with Motor Vehicle,1,Clear,Dry,Dark-Not Lighted
2024-04-17T13:45:00.000,I 75,I 75 and Forest Pkwy,,Sideswipe-Same Direction,2,Clear,Dry,Daylight
2024-08-29T18:00:00.000,I 75,I 75 and Forest Pkwy,,Sideswipe-Same Direction,2,Clear,Dry,Daylight
2024-11-08T06:30:00.000,I 75,I 75 and Forest Pkwy,,Rear End,3,Cloudy,Dry,Daylight
2024-11-23T15:37:00.000,I 75,I 75 and Forest Pkwy,,Rear End,2,Clear,Dry,Daylight
2024-08-16T14:19:00.000,I 75,I 75 and Forest Pkwy,,Rear End,2,Clear,Dry,Daylight
2024-03-01T14:48:00.000,I 75,I 75 and Forest Pkwy,,Rear End,2,Rain,Wet,Daylight
2024-02-28T18:45:00.000,I 75,I 75 and Forest Pkwy,,Sideswipe-Opposite Direction,2,Clear,Dry,Dark-Not Lighted
2024-02-03T14:35:00.000,I 75,I 75 and Forest Pkwy,,Sideswipe-Same Direction,2,Clear,Dry,Daylight
2024-11-30T23:36:00.000,I 75,I 75 and Forest Pkwy,,Sideswipe-Opposite Direction,2,Clear,Dry,Dark-Not Lighted
2024-03-29T16:52:00.000,I 75,I 75 and Forest Pkwy,,Sideswipe-Same Direction,2,Clear,Dry,Daylight
2024-08-01T13:44:00.000,I 75,I 75 and Forest Pkwy,,Rear End,2,Clear,Dry,Daylight
2024-05-11T13:30:00.000,I 75,I 75 and Forest Pkwy,,Sideswipe-Same Direction,2,Clear,Dry,Daylight
2024-12-28T19:21:00.000,I 75,I 75 and Forest Pkwy,,Rear End,2,Clear,Wet,Dark-Not Lighted
2024-11-23T11:13:00.000,I 75,I 75 and Forest Pkwy,,Rear End,2,Clear,Dry,Daylight
2024-10-06T12:15:00.000,I 75,I 75 and Forest Pkwy,,Not a Collision with Motor Vehicle,1,Clear,Dry,Daylight
2024-06-04T12:45:00.000,I 75,I 75 and Forest Pkwy,,Sideswipe-Same Direction,2,Cloudy,Dry,Daylight
2024-11-01T11:05:00.000,I 75,I 75 and Forest Pkwy,,Rear End,2,Clear,Dry,Daylight
2024-09-09T06:30:00.000,I 75,I 75 and Forest Pkwy,,Rear End,3,Clear,Dry,Daylight
2024-10-10T14:52:00.000,I 75,I 75 and Forest Pkwy,,Angle Crash,2,Clear,Dry,Daylight
2024-02-17T23:48:00.000,I 75,I 75 and Forest Pkwy,,Angle Crash,2,Clear,Dry,Dark-Not Lighted
2024-12-05T00:00:00.000,I 75,I 75 and Forest Pkwy,,Rear End,2,Clear,Wet,Dawn
2024-12-15T10:23:00.000,I 75,I 75 and Forest Pkwy,,Rear End,2,Cloudy,Dry,Dark-Lighted
2024-11-12T11:13:00.000,I 75,I 75 and Forest Pkwy,,Sideswipe-Same Direction,2,Clear,Dry,Daylight
2024-12-17T09:45:00.000,I 75,I 75 and Forest Pkwy,,Sideswipe-Same Direction,2,Cloudy,Dry,Daylight
2024-03-13T21:33:00.000,I 75,I 75 and Forest Pkwy,,Not a Collision with Motor Vehicle,2,Clear,Dry,Dark-Not Lighted
2024-07-08T14:18:00.000,I 75,I 75 and Forest Pkwy,,Rear End,2,Clear,Dry,Daylight
2024-12-02T07:00:00.000,I 75,I 75 and Forest Pkwy,,Rear End,2,Clear,Dry,Daylight
2024-11-23T16:55:00.000,I 75,I 75 and Forest Pkwy,,Rear End,2,Clear,Dry,Daylight
2024-04-28T04:29:00.000,I 75,I 75 and Forest Pkwy,,Rear End,2,Clear,Dry,Dark-Not Lighted
2024-01-11T14:00:00.000,I 75,I 75 and Forest Pkwy,,Rear End,2,Clear,Dry,Daylight
2024-10-26T15:39:00.000,I 75,I 75 and Forest Pkwy,,Sideswipe-Same Direction,2,Clear,Dry,Daylight
2024-10-06T12:25:00.000,I 75,I 75 and Forest Pkwy,,Sideswipe-Same Direction,2,Clear,Dry,Daylight
2024-01-24T12:53:00.000,I 75,I 75 and Forest Pkwy,,Sideswipe-Same Direction,2,Rain,Wet,Daylight
2024-04-30T15:14:00.000,I 75,I 75 and Forest Pkwy,,Head On,2,Clear,Dry,Daylight
2024-02-13T22:16:00.000,I 75,I 75 and Forest Pkwy,,Sideswipe-Same Direction,2,Clear,Dry,Dark-Not Lighted
2024-02-22T00:20:00.000,I 75,I 75 and Forest Pkwy,,Sideswipe-Same Direction,2,Clear,Dry,Dark-Lighted
2024-11-19T07:15:00.000,I 75,I 75 and Forest Pkwy,,Sideswipe-Same Direction,2,Rain,Wet,Daylight
2024-04-08T14:50:00.000,I 75,I 75 and Forest Pkwy,,Rear End,2,Clear,Dry,Daylight
2024-12-17T16:57:00.000,I 75,I 75 and Forest Pkwy,,Angle Crash,2,Clear,Dry,Dawn
2024-01-05T16:15:00.000,I 75,I 75 and Forest Pkwy,,Angle Crash,2,Clear,Dry,Daylight
2024-12-05T00:00:00.000,I 75,I 75 and Forest Pkwy,,Rear End,3,Clear,Wet,Dawn
2024-12-17T16:54:00.000,I 75,I 75 and Forest Pkwy,,Rear End,2,Clear,Dry,Daylight
2024-11-21T19:20:00.000,I 75,I 75 and Forest Pkwy,,Rear End,2,Clear,Dry,Daylight
2024-03-08T07:13:00.000,I 75,I 75 and Forest Pkwy,,Sideswipe-Same Direction,2,Clear,Dry,Dusk
2024-11-19T07:05:00.000,I 75,I 75 and Forest Pkwy,,Rear End,2,Rain,Wet,Daylight
2024-11-17T11:48:00.000,I 75,I 75 and Forest Pkwy,,Angle Crash,2,Clear,Dry,Daylight
2024-10-27T11:58:00.000,I 75,I 75 and Forest Pkwy,,Not a Collision with Motor Vehicle,1,Clear,Dry,Daylight
2024-06-04T14:43:00.000,I 75,I 75 and Forest Pkwy,,Rear End,2,Cloudy,Dry,Daylight
2024-06-20T14:45:00.000,I 75,I 75 and Forest Pkwy,,Sideswipe-Same Direction,2,Clear,Dry,Daylight
2024-01-30T18:45:00.000,I 75,I 75 and Forest Pkwy,,Rear End,3,Clear,Dry,Dark-Not Lighted
2024-11-14T08:43:00.000,I 75,I 75 and Forest Pkwy,,Rear End,2,Clear,Dry,Daylight
2024-06-23T13:20:00.000,I 75,I 75 and Forest Pkwy,,Sideswipe-Same Direction,2,Clear,Dry,Daylight
2024-03-19T08:10:00.000,I 75,I 75 and Forest Pkwy,,Sideswipe-Same Direction,2,Clear,Dry,Daylight
2024-09-01T00:57:00.000,I 75,I 75 and Forest Pkwy,,Sideswipe-Same Direction,2,Clear,Dry,Dark-Lighted
2024-03-28T16:00:00.000,I 75,I 75 and Forest Pkwy,,Rear End,2,Clear,Dry,Daylight
2024-10-02T09:27:00.000,I 75,I 75 and Forest Pkwy,,Rear End,2,Clear,Dry,Daylight
2024-10-09T13:50:00.000,I 75,I 75 and Forest Pkwy,,Rear End,2,Clear,Dry,Daylight
2024-10-22T20:33:00.000,I 75,I 75 and Forest Pkwy,,Rear End,3,Clear,Dry,Dark-Not Lighted
2024-11-16T14:32:00.000,I 75,I 75 and Forest Pkwy,,Rear End,4,Clear,Dry,Daylight
2024-11-10T16:00:00.000,I 75,I 75 and Forest Pkwy,,Rear End,2,Clear,Dry,Daylight
2024-06-16T20:30:00.000,I 75,I 75 and Forest Pkwy,,Rear End,2,Clear,Dry,Daylight
2024-07-05T19:26:00.000,I 75,I 75 and Forest Pkwy,,Sideswipe-Same Direction,3,Cloudy,Wet,Daylight
2024-12-17T13:04:00.000,I 75,I 75 and Forest Pkwy,,Rear End,2,Clear,Dry,Daylight
2024-02-20T06:49:00.000,I 75,I 75 and Forest Pkwy,,Rear End,4,Clear,Dry,Daylight
2024-09-15T14:16:00.000,I 75,I 75 and Forest Pkwy,,Sideswipe-Same Direction,2,Clear,Dry,Daylight
2024-11-21T00:00:00.000,I 75,I 75 and Forest Pkwy,,Sideswipe-Same Direction,2,Clear,Dry,Daylight
2024-11-21T05:00:00.000,I 75,I 75 and Forest Pkwy,,Angle Crash,2,Clear,Dry,Dark-Not Lighted
2024-05-29T10:28:00.000,I 75,I 75 and Forest Pkwy,,Angle Crash,2,Clear,Dry,Daylight
2024-02-23T10:40:00.000,I 75,I 75 and Forest Pkwy,,Angle Crash,2,Cloudy,Dry,Daylight
2024-04-20T22:09:00.000,I 75,I 75 and Forest Pkwy,,Rear End,2,Clear,Dry,Dark-Not Lighted
2024-06-16T21:56:00.000,I 75,I 75 and Forest Pkwy,,Rear End,2,Clear,Dry,Dark-Lighted
2024-10-16T07:05:00.000,I 75,I 75 and Forest Pkwy,,Rear End,2,Clear,Dry,Dawn
2024-07-08T15:09:00.000,I 75,I 75 and Forest Pkwy,,Rear End,2,Clear,Dry,Daylight
2024-01-10T06:15:00.000,I 75,I 75 and Forest Pkwy,,Angle Crash,3,Clear,Dry,Dark-Not Lighted
2024-06-30T05:12:00.000,I 75,I 75 and Forest Pkwy,,Not a Collision with Motor Vehicle,1,Clear,Dry,Dark-Lighted
2024-11-27T19:51:00.000,I 75,I 75 and Forest Pkwy,,Rear End,2,Clear,Dry,Dark-Not Lighted
2024-11-18T06:00:00.000,I 75,I 75 and Forest Pkwy,,Angle Crash,3,Clear,Dry,Dark-Lighted
2024-12-02T06:45:00.000,I 75,I 75 and Forest Pkwy,,Sideswipe-Same Direction,2,Clear,Dry,Daylight
2024-10-02T20:30:00.000,I 75,I 75 and Forest Pkwy,,Sideswipe-Same Direction,2,Clear,Dry,Dark-Lighted
2024-04-20T15:20:00.000,I 75,I 75 and Forest Pkwy,,Rear End,2,Clear,Dry,Daylight
2024-07-29T17:00:00.000,I 75,I 75 and Forest Pkwy,,Rear End,2,Rain,Wet,Daylight
2024-02-23T04:20:00.000,I 75,I 75 and Forest Pkwy,,Not a Collision with Motor Vehicle,1,Rain,Wet,Dark-Not Lighted
2024-12-09T23:16:00.000,I 75,I 75 and Forest Pkwy,,Sideswipe-Same Direction,2,Rain,Wet,Dark-Lighted
2024-05-04T03:40:00.000,I 75,I 75 and Forest Pkwy,,Angle Crash,2,Clear,Dry,Dark-Lighted
2024-10-24T00:00:00.000,I 75,I 75 and Forest Pkwy,,Sideswipe-Same Direction,2,Clear,Dry,Daylight
2024-01-10T11:55:00.000,I 75,I 75 and Forest Pkwy,,Not a Collision with Motor Vehicle,1,Clear,Dry,Daylight
2024-05-09T09:30:00.000,I 75,I 75 and Forest Pkwy,,Rear End,3,Rain,Wet,Daylight
2024-09-03T17:45:00.000,I 75,I 75 and Forest Pkwy,,Rear End,2,Clear,Dry,Daylight
2024-09-24T07:00:00.000,I 75,I 75 and Forest Pkwy,,Sideswipe-Same Direction,2,Clear,Dry,Dark-Lighted
2024-03-18T23:33:00.000,I 75,I 75 and Forest Pkwy,,Sideswipe-Same Direction,2,Clear,Dry,Dark-Lighted
2024-10-18T19:00:00.000,I 75,I 75 and Forest Pkwy,,Sideswipe-Same Direction,2,Clear,Dry,Dark-Not Lighted
2024-03-31T08:51:00.000,I 75,I 75 and Forest Pkwy,,Angle Crash,2,Clear,Dry,Daylight
2024-05-19T22:00:00.000,I 75,I 75 and Forest Pkwy,,Sideswipe-Same Direction,2,Clear,Dry,Dark-Not Lighted
2024-01-10T20:07:00.000,I 75,I 75 and Forest Pkwy,,Sideswipe-Same Direction,2,Clear,Dry,Dark-Lighted
2024-09-10T16:24:00.000,I 75,I 75 and Forest Pkwy,,Angle Crash,2,Cloudy,Dry,Daylight
2024-08-17T16:41:00.000,I 75,I 75 and Forest Pkwy,,Rear End,3,Clear,Dry,Daylight
2024-09-01T23:33:00.000,I 75,I 75 and Forest Pkwy,,Sideswipe-Same Direction,2,Clear,Dry,Dark-Not Lighted
2024-01-18T07:30:00.000,I 75,I 75 and Forest Pkwy,,Rear End,2,Clear,Dry,Dawn
2024-07-09T17:51:00.000,I 75,I 75 and Forest Pkwy,,Rear End,2,Rain,Wet,Daylight
2024-10-23T08:23:00.000,I 75,I 75 and Forest Pkwy,,Sideswipe-Same Direction,2,Clear,Dry,Daylight
2024-03-07T12:10:00.000,I 75,I 75 and Forest Pkwy,,Rear End,2,Clear,Dry,Daylight
2024-06-11T18:04:00.000,I 75,I 75 and Forest Pkwy,,Sideswipe-Same Direction,2,Clear,Dry,Daylight
2024-08-20T05:45:00.000,I 75,I 75 and Forest Pkwy,,Sideswipe-Same Direction,2,Clear,Dry,Dark-Lighted
2024-07-08T11:00:00.000,I 75,I 75 and Forest Pkwy,,Rear End,2,Cloudy,Dry,Daylight
2024-02-28T16:48:00.000,I 75,I 75 and Forest Pkwy,,Angle Crash,2,Rain,Wet,Daylight
2024-06-18T12:59:00.000,I 75,I 75 and Forest Pkwy,,Rear End,3,Clear,Dry,Daylight
2024-09-26T02:10:00.000,I 75,I 75 and Forest Pkwy,,Not a Collision with Motor Vehicle,1,Rain,Wet,Dark-Not Lighted
2024-04-18T12:40:00.000,I 75,I 75 and Forest Pkwy,,Rear End,2,Clear,Dry,Daylight
2024-07-17T16:13:00.000,I 75,I 75 and Forest Pkwy,,Rear End,3,Clear,Dry,Daylight
2024-10-09T08:10:00.000,I 75,I 75 and Forest Pkwy,,Sideswipe-Same Direction,2,Clear,Dry,Daylight
2024-07-24T18:08:00.000,I 75,I 75 and Forest Pkwy,,Angle Crash,2,Rain,Wet,Daylight
2024-03-12T14:01:00.000,I 75,I 75 and Forest Pkwy,,Angle Crash,2,Clear,Dry,Daylight
2024-01-09T17:30:00.000,I 75,I 75 and Forest Pawkwy,,Sideswipe-Same Direction,2,Clear,Dry,Dark-Lighted
2022-03-09T02:00:00.000,I 75,I 75 and Forest Parkwy,,Not a Collision with Motor Vehicle,1,Clear,Dry,Dark-Not Lighted
2024-01-12T23:26:00.000,I 75,I 75 and Forest Parkway Rp,,Not a Collision with Motor Vehicle,1,Clear,Wet,Dark-Not Lighted
2021-04-29T04:48:00.000,I 75,I 75 and Forest Parkway Park,,Sideswipe-Same Direction,2,Clear,Dry,Dark-Lighted
2020-01-17T00:00:00.000,I 75,I 75 and Forest Parkway Exit Rp,,Sideswipe-Same Direction,2,Clear,Dry,Dark-Lighted
2023-04-29T22:00:00.000,I 75,I 75 and Forest Parkway Exit,,Rear End,2,Rain,Wet,Dark-Lighted
2021-01-10T11:24:00.000,I 75,I 75 and Forest Parkway,,Not a Collision with Motor Vehicle,1,Clear,Dry,Daylight
2020-07-24T11:03:00.000,I 75,I 75 and Forest Park Way,,Rear End,2,Clear,Dry,Daylight
2021-09-16T12:51:00.000,I 75,I 75 and Forest Park Way,,Sideswipe-Same Direction,2,Rain,Wet,Daylight
2022-03-08T19:10:00.000,I 75,I 75 and Forest Park Way,,Rear End,2,Rain,Wet,Dark-Lighted
2021-09-30T15:36:00.000,I 75,I 75 and Forest Park Pkwy,,Sideswipe-Same Direction,2,Clear,Dry,Daylight
2021-11-01T20:50:00.000,I 75,I 75 and Forest Park Pkwy,,Rear End,3,Cloudy,Dry,Dark-Not Lighted
2021-08-18T17:56:00.000,I 75,I 75 and Forest Park Pkwy,,Head On,2,Clear,Dry,Daylight
2022-01-06T17:50:00.000,I 75,I 75 and Forest Park Pkwy,,Rear End,3,Clear,Wet,Dark-Lighted