Date and Time,Roadway (From Crash Report),Intersection Name (from Crash Report),KABCO Severity,Manner of Collision (Crash Level) ,# of Vehicles per crash ,Weather Conditions (Crash Level),Surface Condition (Crash Level) ,Light Conditions (Crash Level)
2021-06-07T12:15:00.000,I 75,I 75 and Fairmount Hwy,,Rear End,2,Cloudy,Wet,Daylight
2023-07-29T12:15:00.000,I 75,I 75 and Fairmount Hwy,,Rear End,2,Clear,Dry,Daylight
2023-12-19T13:20:00.000,I 75,I 75 and Fairmount Hwy,,Rear End,2,Clear,Dry,Daylight
2022-11-19T13:54:00.000,I 75,I 75 and Fairmount Hwy,,Not a Collision with Motor Vehicle,1,Cloudy,Dry,Daylight
2022-08-24T09:31:00.000,I 75,I 75 and Fairmount Hwy,,Rear End,2,Cloudy,Dry,Daylight
2021-05-20T14:50:00.000,I 75,I 75 and Fairmount Hwy,,Sideswipe-Same Direction,2,Clear,Dry,Daylight
2021-03-24T15:59:00.000,I 75,I 75 and Fairmount Hwy,,Rear End,2,Cloudy,Dry,Daylight
2021-08-23T07:50:00.000,I 75,I 75 and Fairmount Hwy,,Rear End,2,Clear,Dry,Daylight
2021-08-23T07:57:00.000,I 75,I 75 and Fairmount Hwy,,Rear End,2,Clear,Dry,Daylight
2021-09-14T19:40:00.000,I 75,I 75 and Fairmount Hwy,,Not a Collision with Motor Vehicle,1,Cloudy,Dry,Daylight
2021-09-25T14:20:00.000,I 75,I 75 and Fairmount Hwy,,Rear End,2,Clear,Dry,Daylight
2021-10-26T11:40:00.000,I 75,I 75 and Fairmount Hwy,,Rear End,2,Cloudy,Dry,Daylight
2021-11-27T22:55:00.000,I 75,I 75 and Fairmount Hwy,,Not a Collision with Motor Vehicle,1,Clear,Dry,Dark-Not Lighted
2022-01-25T20:05:00.000,I 75,I 75 and Fairmount Hwy,,Not a Collision with Motor Vehicle,1,Clear,Dry,Dark-Not Lighted
2022-08-30T21:00:00.000,I 75,I 75 and Fairmount Hwy,,Rear End,2,Cloudy,Dry,Dark-Lighted
2022-11-24T16:50:00.000,I 75,I 75 and Fairmount Hwy,,Sideswipe-Same Direction,2,Cloudy,Dry,Daylight
2021-09-28T16:10:00.000,I 75,I 75 and Fairmount Hwy,,Rear End,2,Clear,Dry,Daylight
2021-08-10T19:00:00.000,I 75,I 75 and Fairmount Hwy,,Rear End,2,Clear,Dry,Daylight
2022-01-31T06:41:00.000,I 75,I 75 and Fairmount Hwy,,Rear End,2,Clear,Dry,Dark-Not Lighted
2022-11-18T14:50:00.000,I 75,I 75 and Fairmount Hwy,,Sideswipe-Same Direction,3,Clear,Dry,Daylight
2022-09-28T07:10:00.000,I 75,I 75 and Fairmount Hwy,,Rear End,2,Cloudy,Dry,Dawn
2022-05-01T15:20:00.000,I 75,I 75 and Fairmount Hwy,,Rear End,2,Clear,Dry,Daylight
2022-05-08T09:56:00.000,I 75,I 75 and Fairmount Hwy,,Rear End,2,Cloudy,Dry,Daylight
2022-08-22T13:18:00.000,I 75,I 75 and Fairmount Hwy,,Rear End,2,Cloudy,Dry,Daylight
2022-06-03T13:06:00.000,I 75,I 75 and Fairmount Hwy,,Rear End,2,Cloudy,Dry,Daylight
2022-11-23T15:50:00.000,I 75,I 75 and Fairmount Hwy,,Sideswipe-Same Direction,2,Clear,Dry,Daylight
2022-10-01T18:25:00.000,I 75,I 75 and Fairmount Hwy,,Rear End,2,Clear,Dry,Daylight
2022-12-31T15:05:00.000,I 75,I 75 and Fairmount Hwy,,Rear End,2,Cloudy,Wet,Daylight
2022-06-15T07:20:00.000,I 75,I 75 and Fairmount Hwy,,Rear End,2,Clear,Dry,Daylight
2022-05-23T08:16:00.000,I 75,I 75 and Fairmount Hwy,,Rear End,2,Rain,Wet,Daylight
2022-08-19T12:15:00.000,I 75,I 75 and Fairmount Hwy,,Rear End,2,Cloudy,Dry,Daylight
2022-08-09T18:00:00.000,I 75,I 75 and Fairmount Hwy,,Rear End,2,Clear,Dry,Daylight
2022-07-19T09:10:00.000,I 75,I 75 and Fairmount Hwy,,Rear End,2,Cloudy,Wet,Daylight
2024-10-29T21:50:00.000,I 75,I 75 and Fairmount Hwy,,Not a Collision with Motor Vehicle,1,Clear,Dry,Dark-Not Lighted
2024-07-07T17:17:00.000,I 75,I 75 and Fairmount Hwy,,Rear End,3,Clear,Dry,Daylight
2024-06-25T10:12:00.000,I 75,I 75 and Fairmount Hwy,,Rear End,2,Clear,Dry,Daylight
2024-11-06T14:05:00.000,I 75,I 75 and Fairmount Hwy,,Sideswipe-Same Direction,2,Cloudy,Dry,Daylight
2024-09-21T22:59:00.000,I 75,I 75 and Fairmount Hwy,,Angle Crash,3,Clear,Dry,Dark-Not Lighted
2023-12-19T15:45:00.000,I 75,I 75 and Fairmount Hwy,,Rear End,2,Clear,Dry,Daylight
2023-12-31T00:45:00.000,I 75,I 75 and Fairmount Hwy,,Angle Crash,2,Clear,Dry,Dark-Lighted
2023-12-12T14:55:00.000,I 75,I 75 and Fairmount Hwy,,Rear End,2,Clear,Dry,Daylight
2023-01-12T09:59:00.000,I 75,I 75 and Fairmount Hwy,,Rear End,2,Cloudy,Dry,Daylight
2024-07-11T09:12:00.000,I 75,I 75 and Fairmount Hwy,,Rear End,2,Clear,Dry,Daylight
2024-09-14T00:50:00.000,I 75,I 75 and Fairmount Hwy,,Angle Crash,2,Cloudy,Dry,Dark-Not Lighted
2024-02-27T07:06:00.000,I 75,I 75 and Fairmount Hwy,,Rear End,2,Rain,Wet,Dawn
2024-05-02T14:05:00.000,I 75,I 75 and Fairmount Hwy,,Not a Collision with Motor Vehicle,2,Clear,Dry,Daylight
2024-02-27T06:35:00.000,I 75,I 75 and Fairmount Hwy,,Rear End,4,Rain,Wet,Dawn
2024-10-02T18:45:00.000,I 75,I 75 and Fairmount Hwy,,Sideswipe-Same Direction,3,Clear,Dry,Daylight
2024-01-30T07:18:00.000,I 75,I 75 and Fairmount Hwy,,Sideswipe-Same Direction,2,Clear,Dry,Daylight
2024-07-08T16:14:00.000,I 75,I 75 and Fairmount Hwy,,Sideswipe-Same Direction,2,Clear,Dry,Daylight
2022-09-20T19:31:00.000,I 75,I 75 and Fairmount Highway Opas,,Not a Collision with Motor Vehicle,1,Cloudy,Dry,Dusk
2023-11-10T09:04:00.000,I 75,I 75 and Fair Driver Opas,,Not a Collision with Motor Vehicle,1,Cloudy,Dry,Daylight
2021-05-21T11:47:00.000,I 75,I 75 and Fair Driver Opas,,Angle Crash,2,Clear,Dry,Daylight
2024-01-19T06:20:00.000,I 75,I 75 and Fair Drivemm 243.5,,Sideswipe-Same Direction,2,Cloudy,Wet,Daylight
2023-10-12T06:56:00.000,I 75,I 75 and Fair Drive Opas,,Rear End,2,Rain,Wet,Dark-Lighted
2023-02-06T18:54:00.000,I 75,I 75 and Fair Drive Opas,,Rear End,2,Clear,Dry,Dark-Lighted
2023-12-14T16:15:00.000,I 75,I 75 and Fair Drive Opas,,Rear End,2,Clear,Dry,Daylight
2023-12-14T07:33:00.000,I 75,I 75 and Fair Drive Opas,,Rear End,2,Clear,Dry,Daylight
2023-12-05T06:51:00.000,I 75,I 75 and Fair Drive Opas,,Rear End,2,Clear,Dry,Dark-Not Lighted
2023-12-11T09:40:00.000,I 75,I 75 and Fair Drive Opas,,Rear End,2,Clear,Dry,Daylight
2020-02-10T19:33:00.000,I 75,I 75 and Fair Drive Opas,,Rear End,2,Rain,Wet,Dark-Not Lighted
2021-07-27T18:59:00.000,I 75,I 75 and Fair Drive Opas,,Rear End,2,Rain,Wet,Daylight
2022-03-21T07:43:00.000,I 75,I 75 and Fair Drive Opas,,Rear End,2,Clear,Dry,Daylight
2022-11-14T16:49:00.000,I 75,I 75 and Fair Drive Opas,,Not a Collision with Motor Vehicle,1,Clear,Dry,Daylight
2022-02-10T15:42:00.000,I 75,I 75 and Fair Drive Opas,,Not a Collision with Motor Vehicle,2,Clear,Dry,Daylight
2021-11-24T18:01:00.000,I 75,I 75 and Fair Drive Opas,,Rear End,2,Clear,Dry,Dark-Not Lighted
2021-10-25T17:38:00.000,I 75,I 75 and Fair Drive Opas,,Angle Crash,2,Clear,Dry,Daylight
2022-10-11T09:03:00.000,I 75,I 75 and Fair Drive Opas,,Rear End,2,Clear,Dry,Daylight
2022-09-30T08:23:00.000,I 75,I 75 and Fair Drive Opas,,Rear End,2,Clear,Dry,Daylight
2022-05-02T17:27:00.000,I 75,I 75 and Fair Drive Opas,,Angle Crash,2,Clear,Dry,Daylight
2021-11-22T13:00:00.000,I 75,I 75 and Fair Drive Opas,,Rear End,2,Clear,Dry,Daylight
2022-04-01T15:08:00.000,I 75,I 75 and Fair Drive Opas,,Rear End,2,Clear,Dry,Daylight
2022-02-07T06:14:00.000,I 75,I 75 and Fair Drive Opas,,Rear End,3,Cloudy,Dry,Dark-Lighted
2022-02-22T08:14:00.000,I 75,I 75 and Fair Drive Opas,,Rear End,3,Cloudy,Wet,Daylight
2022-06-09T06:13:00.000,I 75,I 75 and Fair Drive Opas,,Not a Collision with Motor Vehicle,1,Cloudy,Wet,Daylight
2022-06-20T06:05:00.000,I 75,I 75 and Fair Drive Opas,,Sideswipe-Same Direction,2,Clear,Dry,Daylight
2023-02-28T09:25:00.000,I 75,I 75 and Fair Drive Opas,,Rear End,2,Clear,Dry,Daylight
2023-10-17T08:49:00.000,I 75,I 75 and Fair Drive Opas,,Sideswipe-Same Direction,2,Clear,Dry,Daylight
2023-12-11T07:53:00.000,I 75,I 75 and Fair Drive Opas,,Rear End,3,Clear,Dry,Daylight
2024-05-23T15:35:00.000,I 75,I 75 and Fair Drive Opas,,Rear End,2,Clear,Dry,Daylight
2022-11-07T10:23:00.000,I 75,I 75 and Fair Drive Dr,,Rear End,2,Clear,Dry,Daylight
2021-12-29T10:16:00.000,I 75,I 75 and Fair Dr Opas,,Rear End,2,Rain,Wet,Daylight
2022-06-14T08:23:00.000,I 75,I 75 and Fair Dr Opas,,Rear End,2,Clear,Dry,Daylight
2022-02-22T17:06:00.000,I 75,I 75 and Fair Dr Opas,,Sideswipe-Same Direction,2,Clear,Dry,Daylight
2022-01-20T07:39:00.000,I 75,I 75 and Fair Dr Opas,,Rear End,2,Rain,Wet,Daylight
2022-03-01T09:23:00.000,I 75,I 75 and Fair Dr Opas,,Sideswipe-Same Direction,2,Clear,Dry,Daylight
2023-08-31T13:15:00.000,I 75,I 75 and Fair Dr Opas,,Rear End,2,Clear,Dry,Daylight
2021-10-27T17:48:00.000,I 75,I 75 and Fair Dr,,Rear End,2,Clear,Dry,Daylight
2021-12-29T09:15:00.000,I 75,I 75 and Fair Dr,,Not a Collision with Motor Vehicle,1,Rain,Wet,Daylight
2021-07-25T05:20:00.000,I 75,I 75 and Fair Dr,,Rear End,2,Clear,Dry,Dark-Lighted
2021-11-04T07:50:00.000,I 75,I 75 and Fair Dr,,Rear End,2,Rain,Wet,Dawn
2023-08-07T06:00:00.000,I 75,I 75 and Fair Dr,,Head On,1,Rain,Wet,Daylight
2023-10-12T07:55:00.000,I 75,I 75 and Fair Dr,,Rear End,3,Rain,Wet,Daylight
2023-10-27T14:20:00.000,I 75,I 75 and Fair Dr,,Rear End,2,Clear,Dry,Daylight
2023-05-23T15:45:00.000,I 75,I 75 and Fair Dr,,Rear End,2,Clear,Dry,Daylight
2023-10-09T10:00:00.000,I 75,I 75 and Fair Dr,,Sideswipe-Same Direction,2,Clear,Dry,Daylight
2023-02-02T09:20:00.000,I 75,I 75 and Fair Dr,,Rear End,2,Rain,Wet,Daylight
2023-10-30T08:01:00.000,I 75,I 75 and Fair Dr,,Rear End,2,Clear,Dry,Daylight
2023-06-02T13:50:00.000,I 75,I 75 and Fair Dr,,Rear End,2,Cloudy,Dry,Daylight
2023-05-25T18:50:00.000,I 75,I 75 and Fair Dr,,Rear End,2,Clear,Dry,Daylight
2023-02-02T08:00:00.000,I 75,I 75 and Fair Dr,,Rear End,2,Rain,Wet,Daylight
2023-09-05T07:32:00.000,I 75,I 75 and Fair Dr,,Sideswipe-Same Direction,2,Clear,Dry,Daylight
2023-08-21T07:45:00.000,I 75,I 75 and Fair Dr,,Rear End,3,Clear,Dry,Daylight
2023-06-01T17:20:00.000,I 75,I 75 and Fair Dr,,Rear End,3,Clear,Dry,Daylight
2023-07-18T15:58:00.000,I 75,I 75 and Fair Dr,,Rear End,2,Clear,Dry,Daylight
2023-08-11T07:00:00.000,I 75,I 75 and Fair Dr,,Rear End,2,Rain,Wet,Dawn
2023-11-14T06:59:00.000,I 75,I 75 and Fair Dr,,Rear End,2,Clear,Dry,Daylight
2023-04-17T17:50:00.000,I 75,I 75 and Fair Dr,,Rear End,2,Clear,Dry,Daylight
2023-09-08T09:15:00.000,I 75,I 75 and Fair Dr,,Sideswipe-Same Direction,2,Clear,Dry,Daylight
2023-05-08T16:20:00.000,I 75,I 75 and Fair Dr,,Sideswipe-Same Direction,2,Cloudy,Dry,Daylight
2023-03-13T16:45:00.000,I 75,I 75 and Fair Dr,,Rear End,2,Clear,Dry,Daylight
2022-08-04T15:47:00.000,I 75,I 75 and Fair Dr,,Sideswipe-Same Direction,2,Cloudy,Dry,Daylight
2020-11-18T09:05:00.000,I 75,I 75 and Fair Dr,,Sideswipe-Same Direction,2,Clear,Dry,Daylight
2022-08-29T10:15:00.000,I 75,I 75 and Fair Dr,,Sideswipe-Same Direction,2,Clear,Dry,Daylight
2022-08-29T11:50:00.000,I 75,I 75 and Fair Dr,,Sideswipe-Same Direction,5,Clear,Dry,Daylight
2022-12-09T17:45:00.000,I 75,I 75 and Fair Dr,,Sideswipe-Same Direction,2,Rain,Wet,Dark-Lighted
2022-12-05T15:01:00.000,I 75,I 75 and Fair Dr,,Sideswipe-Same Direction,2,Rain,Wet,Daylight
2022-02-24T14:02:00.000,I 75,I 75 and Fair Dr,,Sideswipe-Same Direction,2,Clear,Dry,Daylight
2022-11-29T06:45:00.000,I 75,I 75 and Fair Dr,,Rear End,2,Clear,Dry,Daylight
2022-09-16T15:48:00.000,I 75,I 75 and Fair Dr,,Angle Crash,2,Clear,Dry,Daylight
2022-05-27T13:40:00.000,I 75,I 75 and Fair Dr,,Rear End,2,Cloudy,Dry,Daylight
2022-09-15T06:50:00.000,I 75,I 75 and Fair Dr,,Rear End,2,Clear,Dry,Daylight
2022-06-23T12:41:00.000,I 75,I 75 and Fair Dr,,Rear End,2,Clear,Dry,Daylight
2022-08-12T18:15:00.000,I 75,I 75 and Fair Dr,,Sideswipe-Same Direction,2,Clear,Dry,Daylight
2022-10-07T07:50:00.000,I 75,I 75 and Fair Dr,,Rear End,2,Clear,Dry,Daylight
2022-01-31T18:47:00.000,I 75,I 75 and Fair Dr,,Sideswipe-Same Direction,3,Clear,Dry,Dark-Lighted
2022-10-07T16:04:00.000,I 75,I 75 and Fair Dr,,Sideswipe-Same Direction,2,Clear,Dry,Daylight
2022-08-05T13:00:00.000,I 75,I 75 and Fair Dr,,Rear End,3,Cloudy,Dry,Daylight
2022-03-24T17:32:00.000,I 75,I 75 and Fair Dr,,Sideswipe-Same Direction,2,Clear,Dry,Daylight
2022-08-29T12:00:00.000,I 75,I 75 and Fair Dr,,Rear End,2,Cloudy,Dry,Daylight
2022-11-10T14:51:00.000,I 75,I 75 and Fair Dr,,Sideswipe-Same Direction,2,Cloudy,Dry,Daylight
2022-05-26T17:05:00.000,I 75,I 75 and Fair Dr,,Rear End,2,Rain,Wet,Daylight
2022-11-03T07:20:00.000,I 75,I 75 and Fair Dr,,Rear End,2,Clear,Dry,Daylight
2022-11-14T07:55:00.000,I 75,I 75 and Fair Dr,,Rear End,2,Clear,Dry,Daylight
2022-09-27T09:45:00.000,I 75,I 75 and Fair Dr,,Rear End,2,Clear,Dry,Daylight
2022-11-08T15:40:00.000,I 75,I 75 and Fair Dr,,Not a Collision with Motor Vehicle,1,Clear,Dry,Daylight
2022-11-04T13:09:00.000,I 75,I 75 and Fair Dr,,Sideswipe-Same Direction,2,Clear,Dry,Daylight
2022-11-17T08:30:00.000,I 75,I 75 and Fair Dr,,Rear End,2,Clear,Dry,Daylight
2022-11-17T07:50:00.000,I 75,I 75 and Fair Dr,,Rear End,2,Clear,Dry,Daylight
2022-02-21T15:20:00.000,I 75,I 75 and Fair Dr,,Rear End,2,Rain,Wet,Daylight
2022-10-11T07:50:00.000,I 75,I 75 and Fair Dr,,Rear End,2,Cloudy,Dry,Daylight
2022-12-05T13:05:00.000,I 75,I 75 and Fair Dr,,Rear End,2,Rain,Wet,Daylight
2022-01-31T14:09:00.000,I 75,I 75 and Fair Dr,,Rear End,2,Cloudy,Dry,Daylight
2022-03-11T07:14:00.000,I 75,I 75 and Fair Dr,,Rear End,2,Cloudy,Dry,Dawn
2022-10-04T07:33:00.000,I 75,I 75 and Fair Dr,,Sideswipe-Same Direction,2,Clear,Dry,Daylight
2022-04-04T08:32:00.000,I 75,I 75 and Fair Dr,,Sideswipe-Same Direction,2,Clear,Dry,Daylight
2022-12-29T14:53:00.000,I 75,I 75 and Fair Dr,,Rear End,2,Clear,Dry,Daylight
2022-07-22T07:25:00.000,I 75,I 75 and Fair Dr,,Sideswipe-Same Direction,2,Clear,Dry,Daylight
2022-10-06T16:33:00.000,I 75,I 75 and Fair Dr,,Rear End,2,Clear,Dry,Daylight
2022-03-07T07:16:00.000,I 75,I 75 and Fair Dr,,Rear End,2,Clear,Dry,Daylight
2022-12-08T19:40:00.000,I 75,I 75 and Fair Dr,,Rear End,2,Clear,Dry,Dark-Lighted
2022-09-01T17:34:00.000,I 75,I 75 and Fair Dr,,Rear End,2,Clear,Dry,Daylight
2023-08-31T14:24:00.000,I 75,I 75 and Fair Dr,,Sideswipe-Same Direction,2,Clear,Dry,Daylight
2024-05-16T10:30:00.000,I 75,I 75 and Fair Dr,,Sideswipe-Same Direction,2,Clear,Dry,Daylight
2024-09-23T07:48:00.000,I 75,I 75 and Fair Dr,,Angle Crash,2,Clear,Dry,Daylight
2024-10-22T13:50:00.000,I 75,I 75 and Fair Dr,,Sideswipe-Same Direction,3,Clear,Dry,Daylight
2024-06-21T14:30:00.000,I 75,I 75 and Fair Dr,,Rear End,2,Clear,Dry,Daylight
2024-12-03T08:00:00.000,I 75,I 75 and Fair Dr,,Rear End,2,Clear,Dry,Daylight
2024-04-05T17:30:00.000,I 75,I 75 and Fair Dr,,Rear End,2,Clear,Dry,Daylight
2024-03-18T07:19:00.000,I 75,I 75 and Fair Dr,,Rear End,3,Clear,Dry,Daylight
2024-04-22T07:50:00.000,I 75,I 75 and Fair Dr,,Rear End,2,Clear,Dry,Daylight
2024-04-12T17:51:00.000,I 75,I 75 and Fair Dr,,Rear End,2,Clear,Dry,Daylight
2024-01-08T08:43:00.000,I 75,I 75 and Fair Dr,,Rear End,2,Cloudy,Dry,Daylight
2024-07-12T13:40:00.000,I 75,I 75 and Fair Dr,,Rear End,2,Cloudy,Dry,Daylight
2024-05-02T10:00:00.000,I 75,I 75 and Fair Dr,,Rear End,2,Clear,Dry,Daylight
2024-01-18T18:45:00.000,I 75,I 75 and Fair Dr,,Sideswipe-Same Direction,2,Cloudy,Dry,Dark-Lighted
2023-10-10T15:40:00.000,I 75,I 75 and Fair Dr,,Rear End,2,Clear,Dry,Daylight
2023-10-03T08:06:00.000,I 75,I 75 and Fair Dr,,Sideswipe-Same Direction,2,Clear,Dry,Daylight
2023-06-23T20:31:00.000,I 75,I 75 and Fair Dr,,Not a Collision with Motor Vehicle,1,Clear,Dry,Dusk
2023-03-24T07:42:00.000,I 75,I 75 and Fair Dr,,Rear End,2,Clear,Dry,Daylight
2023-07-27T16:10:00.000,I 75,I 75 and Fair Dr,,Sideswipe-Same Direction,2,Clear,Dry,Daylight
2024-08-22T05:55:00.000,I 75,I 75 and Fair Dr,,Sideswipe-Same Direction,2,Clear,Dry,Dark-Lighted
2023-10-03T11:23:00.000,I 75,I 75 and Fair Dr,,Sideswipe-Same Direction,3,Clear,Dry,Daylight
2023-11-13T07:10:00.000,I 75,I 75 and Fair Dr,,Rear End,2,Cloudy,Dry,Daylight
2023-12-04T07:45:00.000,I 75,I 75 and Fair Dr,,Sideswipe-Same Direction,2,Clear,Dry,Daylight
2023-11-16T14:50:00.000,I 75,I 75 and Fair Dr,,Rear End,3,Cloudy,Dry,Daylight
2023-10-12T08:45:00.000,I 75,I 75 and Fair Dr,,Rear End,2,Cloudy,Wet,Daylight
2023-08-18T06:08:00.000,I 75,I 75 and Fair Dr,,Rear End,2,Clear,Dry,Dark-Lighted
2023-04-14T18:26:00.000,I 75,I 75 and Fair Dr,,Rear End,2,Clear,Dry,Daylight
2023-05-25T18:35:00.000,I 75,I 75 and Fair Dr,,Sideswipe-Same Direction,2,Clear,Dry,Daylight
2023-09-25T17:25:00.000,I 75,I 75 and Fair Dr,,Sideswipe-Same Direction,2,Clear,Dry,Daylight
2023-05-22T15:42:00.000,I 75,I 75 and Fair Dr,,Sideswipe-Same Direction,2,Rain,Wet,Daylight
2023-04-24T08:35:00.000,I 75,I 75 and Fair Dr,,Rear End,2,Cloudy,Dry,Daylight
2023-04-17T17:46:00.000,I 75,I 75 and Fair Dr,,Sideswipe-Same Direction,2,Clear,Dry,Daylight
2023-12-26T06:10:00.000,I 75,I 75 and Fair Dr,,Sideswipe-Same Direction,3,Rain,Wet,Dark-Lighted
2023-06-23T21:10:00.000,I 75,I 75 and Fair Dr,,Angle Crash,1,Clear,Dry,Dusk
2024-06-11T18:30:00.000,I 75,I 75 and Fair Dr,,Rear End,2,Clear,Dry,Daylight
2024-09-09T09:15:00.000,I 75,I 75 and Fair Dr,,Rear End,2,Clear,Dry,Daylight
2024-06-20T10:10:00.000,I 75,I 75 and Fair Dr,,Not a Collision with Motor Vehicle,1,Clear,Dry,Daylight
2024-06-20T06:30:00.000,I 75,I 75 and Fair Dr,,Rear End,2,Clear,Dry,Daylight
2024-05-28T19:30:00.000,I 75,I 75 and Fair Dr,,Rear End,3,Clear,Dry,Daylight
2024-06-28T18:05:00.000,I 75,I 75 and Fair Dr,,Rear End,2,Cloudy,Dry,Daylight
2024-07-04T07:15:00.000,I 75,I 75 and Fair Dr,,Rear End,2,Cloudy,Dry,Daylight
2024-07-29T08:03:00.000,I 75,I 75 and Fair Dr,,Rear End,3,Cloudy,Wet,Daylight
2024-12-05T17:40:00.000,I 75,I 75 and Fair Dr,,Rear End,2,Clear,Dry,Dusk
2024-07-09T05:30:00.000,I 75,I 75 and Fair Dr,,Not a Collision with Motor Vehicle,2,Cloudy,Dry,Dawn
2024-07-29T05:45:00.000,I 75,I 75 and Fair Dr,,Not a Collision with Motor Vehicle,1,Cloudy,Wet,Dark-Lighted
2024-12-05T17:45:00.000,I 75,I 75 and Fair Dr,,Sideswipe-Same Direction,2,Clear,Dry,Dark-Lighted
2024-12-10T06:50:00.000,I 75,I 75 and Fair Dr,,Rear End,2,Cloudy,Wet,Dark-Lighted
2024-10-07T15:13:00.000,I 75,I 75 and Fair Dr,,Rear End,2,Clear,Dry,Daylight
2024-02-19T15:15:00.000,I 75,I 75 and Fair Dr,,Rear End,2,Clear,Dry,Daylight
2024-12-03T10:15:00.000,I 75,I 75 and Fair Dr,,Rear End,2,Clear,Dry,Daylight
2024-07-23T15:00:00.000,I 75,I 75 and Fair Dr,,Sideswipe-Same Direction,2,Cloudy,Dry,Daylight
2024-01-18T15:41:00.000,I 75,I 75 and Fair Dr,,Angle Crash,2,Clear,Dry,Daylight
2024-03-11T09:21:00.000,I 75,I 75 and Fair Dr,,Rear End,2,Clear,Dry,Daylight
2024-06-18T18:00:00.000,I 75,I 75 and Fair Dr,,Sideswipe-Same Direction,2,Clear,Dry,Daylight
2024-04-01T18:29:00.000,I 75,I 75 and Fair Dr,,Angle Crash,4,Cloudy,Dry,Daylight
2024-12-03T08:05:00.000,I 75,I 75 and Fair Dr,,Rear End,2,Clear,Dry,Daylight
2024-05-23T15:50:00.000,I 75,I 75 and Fair Dr,,Sideswipe-Same Direction,3,Clear,Dry,Daylight
2024-10-14T09:20:00.000,I 75,I 75 and Fair Dr,,Not a Collision with Motor Vehicle,2,Clear,Dry,Daylight
2024-08-19T08:06:00.000,I 75,I 75 and Fair Dr,,Sideswipe-Same Direction,2,Clear,Dry,Daylight
2024-10-03T17:24:00.000,I 75,I 75 and Fair Dr,,Rear End,2,Clear,Dry,Daylight
2024-12-12T07:00:00.000,I 75,I 75 and Fair Dr,,Rear End,2,Clear,Dry,Daylight
2024-01-23T18:32:00.000,I 75,I 75 and Fair Dr,,Angle Crash,2,Cloudy,Dry,Dusk
2024-07-11T14:21:00.000,I 75,I 75 and Fair Dr,,Sideswipe-Same Direction,2,Clear,Dry,Daylight
2024-10-04T06:30:00.000,I 75,I 75 and Fair Dr,,Sideswipe-Same Direction,2,Cloudy,Dry,Dark-Lighted
2024-06-10T16:13:00.000,I 75,I 75 and Fair Dr,,Rear End,3,Clear,Dry,Daylight
2024-05-28T08:45:00.000,I 75,I 75 and Fair Dr,,Rear End,2,Clear,Dry,Daylight
2024-11-12T19:40:00.000,I 75,I 75 and Fair Dr,,Sideswipe-Same Direction,2,Clear,Dry,Dusk
2024-07-25T13:42:00.000,I 75,I 75 and Fair Dr,,Sideswipe-Same Direction,2,Cloudy,Dry,Daylight
2024-10-04T07:05:00.000,I 75,I 75 and Fair Dr,,Rear End,2,Cloudy,Dry,Dark-Lighted
2024-06-12T12:02:00.000,I 75,I 75 and Ext267A Canton Rd Conn,,Rear End,2,Clear,Dry,Daylight
2020-02-06T13:30:00.000,I 75,I 75 and Ext 345,,Not a Collision with Motor Vehicle,1,Rain,Wet,Daylight
2023-10-14T13:45:00.000,I 75,I 75 and Ext 268 Canton,,(None),2,(None),(None),(None)
2023-06-25T11:00:00.000,I 75,I 75 and Ext 267B,,Sideswipe-Same Direction,2,Clear,Dry,Daylight
2023-05-31T01:50:00.000,I 75,I 75 and Ext 267B,,Not a Collision with Motor Vehicle,1,Cloudy,Dry,Dark-Not Lighted
2024-04-28T19:01:00.000,I 75,I 75 and Ext 267A,,Not a Collision with Motor Vehicle,2,Cloudy,Dry,Daylight
2023-03-25T13:05:00.000,I 75,I 75 and Ext 267 B,,Sideswipe-Same Direction,2,Clear,Dry,Daylight
2021-01-26T04:40:00.000,I 75,I 75 and Ext 267 A,,Angle Crash,2,Rain,Water (standing or moving),Dark-Not Lighted
2021-03-09T02:26:00.000,I 75,I 75 and Ext 267 A,,Angle Crash,2,Cloudy,Dry,Dark-Lighted
2023-01-11T08:51:00.000,I 75,I 75 and Ext 267,,Rear End,2,Clear,Dry,Daylight
2022-02-09T04:22:00.000,I 75,I 75 and Ext 267,,Sideswipe-Same Direction,2,Clear,Dry,Dark-Not Lighted
2022-10-13T04:45:00.000,I 75,I 75 and Ext 267,,Not a Collision with Motor Vehicle,1,Rain,Wet,Dark-Not Lighted
2022-12-18T01:25:00.000,I 75,I 75 and Ext 267,,Rear End,2,Cloudy,Dry,Dark-Not Lighted
2022-10-25T22:11:00.000,I 75,I 75 and Ext 267,,Not a Collision with Motor Vehicle,1,Rain,Wet,Dark-Not Lighted
2024-10-13T12:57:00.000,I 75,I 75 and Ext 265 N Marietta Pkwy,,Rear End,4,Clear,Dry,Daylight
2023-12-06T09:22:00.000,I 75,I 75 and Ext 265 Marietta Roswell,,(None),4,(None),(None),(None)
2023-05-10T14:00:00.000,I 75,I 75 and Ext 265,,Rear End,2,Clear,Dry,Daylight
2023-02-04T09:11:00.000,I 75,I 75 and Ext 265,,Sideswipe-Same Direction,2,Clear,Dry,Daylight
2022-11-04T23:46:00.000,I 75,I 75 and Ext 265,,Sideswipe-Same Direction,2,Cloudy,Dry,Dark-Not Lighted
2022-12-09T23:22:00.000,I 75,I 75 and Ext 265,,Rear End,2,Rain,Wet,Dark-Lighted
2023-02-08T04:12:00.000,I 75,I 75 and Ext 265,,Not a Collision with Motor Vehicle,1,Clear,Dry,Dark-Lighted
2023-04-23T12:38:00.000,I 75,I 75 and Ext 265,,Sideswipe-Same Direction,2,Clear,Dry,Daylight
2023-03-25T06:50:00.000,I 75,I 75 and Ext 265,,Sideswipe-Same Direction,2,Rain,Wet,Dark-Not Lighted
2023-01-07T09:25:00.000,I 75,I 75 and Ext 265,,Rear End,2,Clear,Dry,Daylight
2024-01-08T00:15:00.000,I 75,I 75 and Ext 265,,(None),1,(None),(None),(None)