Date and Time,Roadway (From Crash Report),Intersection Name (from Crash Report),KABCO Severity,Manner of Collision (Crash Level) ,# of Vehicles per crash ,Weather Conditions (Crash Level),Surface Condition (Crash Level) ,Light Conditions (Crash Level)
2021-09-06T13:50:00.000,I 75,I 75 and Exit 293,,Sideswipe-Same Direction,2,Cloudy,Dry,Daylight
2021-10-26T22:51:00.000,I 75,I 75 and Exit 293,,Not a Collision with Motor Vehicle,1,Clear,Dry,Dark-Not Lighted
2024-11-18T12:17:00.000,I 75,I 75 and Exit 290 Entrance Ramp To I75,,Not a Collision with Motor Vehicle,2,Clear,Dry,Daylight
2024-07-13T19:14:00.000,I 75,I 75 and Exit 290 Cassville-White Rd,,Sideswipe-Same Direction,2,Cloudy,Dry,Daylight
2022-02-14T07:39:00.000,I 75,I 75 and Exit 290,,Sideswipe-Same Direction,2,Clear,Dry,Daylight
2022-02-01T13:31:00.000,I 75,I 75 and Exit 290,,Sideswipe-Same Direction,2,Clear,Dry,Daylight
2024-04-24T18:17:00.000,I 75,I 75 and Exit 290,,Sideswipe-Same Direction,2,Clear,Dry,Daylight
2024-03-22T15:55:00.000,I 75,I 75 and Exit 290,,Rear End,3,Rain,Wet,Daylight
2023-10-05T07:09:00.000,I 75,I 75 and Exit 288,,Sideswipe-Same Direction,2,Clear,Dry,Daylight
2020-11-04T11:38:00.000,I 75,I 75 and Exit 288,,Rear End,2,Clear,Dry,Daylight
2021-02-04T19:40:00.000,I 75,I 75 and Exit 288,,Sideswipe-Same Direction,2,Clear,Dry,Dark-Not Lighted
2022-04-15T20:36:00.000,I 75,I 75 and Exit 288,,Not a Collision with Motor Vehicle,2,Clear,Dry,Dark-Lighted
2022-02-18T14:52:00.000,I 75,I 75 and Exit 288,,Angle Crash,2,Cloudy,Dry,Daylight
2022-03-01T04:16:00.000,I 75,I 75 and Exit 288,,Sideswipe-Same Direction,2,Clear,Dry,Dark-Lighted
2024-02-25T23:14:00.000,I 75,I 75 and Exit 288,,Sideswipe-Same Direction,2,Clear,Dry,Dark-Not Lighted
2024-12-27T17:22:00.000,I 75,I 75 and Exit 288,,Rear End,3,Rain,Wet,Dark-Not Lighted
2020-02-11T04:52:00.000,I 75,I 75 and Exit 285,,Not a Collision with Motor Vehicle,2,Rain,Wet,Dark-Not Lighted
2024-07-03T16:20:00.000,I 75,I 75 and Exit 283  Alatoona Rd,,Not a Collision with Motor Vehicle,1,Clear,Dry,Daylight
2021-02-26T17:53:00.000,I 75,I 75 and Exit 283,,Angle Crash,2,Cloudy,Wet,Daylight
2020-08-02T13:55:00.000,I 75,I 75 and Exit 283,,Rear End,2,Clear,Dry,Daylight
2021-01-01T04:50:00.000,I 75,I 75 and Exit 278 Rp,,Not a Collision with Motor Vehicle,1,Rain,Wet,Dark-Not Lighted
2024-07-22T21:30:00.000,I 75,I 75 and Exit 278 Allatoona Gateway Exi,,Not a Collision with Motor Vehicle,2,Cloudy,Dry,Dark-Not Lighted
2024-06-21T18:45:00.000,I 75,I 75 and Exit 277 Entrace Ramp To,,Not a Collision with Motor Vehicle,1,Clear,Dry,Daylight
2021-03-08T14:41:00.000,I 75,I 75 and Exit 277,,Not a Collision with Motor Vehicle,1,Clear,Dry,Daylight
2023-12-22T10:40:00.000,I 75,I 75 and Exit 277,,Angle Crash,2,Clear,Dry,Daylight
2023-11-16T09:44:00.000,I 75,I 75 and Exit 277,,Angle Crash,4,Clear,Dry,Daylight
2023-12-05T08:00:00.000,I 75,I 75 and Exit 277,,Rear End,2,Clear,Dry,Daylight
2023-01-31T05:35:00.000,I 75,I 75 and Exit 277,,Sideswipe-Same Direction,2,Cloudy,Wet,Dark-Not Lighted
2023-07-26T16:36:00.000,I 75,I 75 and Exit 277,,Not a Collision with Motor Vehicle,1,Clear,Dry,Daylight
2023-12-25T23:28:00.000,I 75,I 75 and Exit 277,,Not a Collision with Motor Vehicle,1,Rain,Water (standing or moving),Dark-Not Lighted
2023-06-08T00:30:00.000,I 75,I 75 and Exit 277,,Sideswipe-Same Direction,2,Clear,Dry,Dark-Not Lighted
2023-03-06T08:00:00.000,I 75,I 75 and Exit 277,,Angle Crash,2,Clear,Dry,Daylight
2023-05-10T06:50:00.000,I 75,I 75 and Exit 277,,Angle Crash,2,Clear,Dry,Daylight
2023-09-03T06:07:00.000,I 75,I 75 and Exit 277,,Not a Collision with Motor Vehicle,1,Clear,Dry,Dark-Not Lighted
2023-11-28T07:15:00.000,I 75,I 75 and Exit 277,,Angle Crash,2,Clear,Dry,Daylight
2022-09-13T08:06:00.000,I 75,I 75 and Exit 277,,Rear End,2,Clear,Dry,Daylight
2022-06-22T17:08:00.000,I 75,I 75 and Exit 277,,Rear End,2,Clear,Dry,Daylight
2022-08-19T16:00:00.000,I 75,I 75 and Exit 277,,Sideswipe-Same Direction,2,Clear,Dry,Daylight
2022-07-28T18:45:00.000,I 75,I 75 and Exit 277,,Rear End,2,Clear,Dry,Daylight
2022-11-17T08:30:00.000,I 75,I 75 and Exit 277,,Angle Crash,2,Clear,Dry,Daylight
2022-04-28T00:10:00.000,I 75,I 75 and Exit 277,,Not a Collision with Motor Vehicle,1,Clear,Dry,Dark-Lighted
2022-02-15T00:00:00.000,I 75,I 75 and Exit 277,,Rear End,2,Clear,Dry,Dark-Not Lighted
2022-10-14T17:10:00.000,I 75,I 75 and Exit 277,,Rear End,2,Clear,Dry,Daylight
2024-05-06T07:40:00.000,I 75,I 75 and Exit 277,,Rear End,2,Clear,Dry,Daylight
2024-12-22T14:30:00.000,I 75,I 75 and Exit 277,,Rear End,2,Clear,Dry,Daylight
2024-08-09T07:30:00.000,I 75,I 75 and Exit 277,,Angle Crash,2,Clear,Dry,Daylight
2024-11-14T15:29:00.000,I 75,I 75 and Exit 277,,Rear End,2,Cloudy,Dry,Daylight
2024-08-24T17:10:00.000,I 75,I 75 and Exit 277,,Rear End,2,Clear,Dry,Daylight
2024-11-24T12:04:00.000,I 75,I 75 and Exit 277,,Rear End,2,Clear,Dry,Daylight
2024-12-23T00:00:00.000,I 75,I 75 and Exit 277,,Rear End,2,Clear,Dry,Daylight
2024-07-14T17:29:00.000,I 75,I 75 and Exit 277,,Rear End,2,Clear,Dry,Daylight
2024-10-31T11:55:00.000,I 75,I 75 and Exit 277,,Rear End,2,Clear,Dry,Daylight
2024-12-22T10:40:00.000,I 75,I 75 and Exit 277,,Rear End,2,Clear,Dry,Daylight
2023-09-22T11:54:00.000,I 75,I 75 and Exit 277,,Sideswipe-Same Direction,2,Clear,Dry,Daylight
2023-11-25T14:35:00.000,I 75,I 75 and Exit 277,,Rear End,2,Clear,Dry,Daylight
2023-03-18T10:10:00.000,I 75,I 75 and Exit 277,,Rear End,2,Clear,Dry,Daylight
2023-01-18T13:21:00.000,I 75,I 75 and Exit 277,,Angle Crash,2,Clear,Dry,Daylight
2024-10-25T20:57:00.000,I 75,I 75 and Exit 277,,Rear End,2,Clear,Dry,Dark-Not Lighted
2024-08-19T07:20:00.000,I 75,I 75 and Exit 277,,Rear End,2,Clear,Dry,Daylight
2024-07-23T17:46:00.000,I 75,I 75 and Exit 277,,Rear End,2,Rain,Wet,Daylight
2024-02-20T03:42:00.000,I 75,I 75 and Exit 277,,Sideswipe-Same Direction,2,Clear,Dry,Dark-Not Lighted
2024-11-16T13:59:00.000,I 75,I 75 and Exit 277,,Rear End,2,Clear,Dry,Daylight
2024-11-29T15:53:00.000,I 75,I 75 and Exit 277,,Not a Collision with Motor Vehicle,1,Clear,Dry,Daylight
2024-11-08T15:55:00.000,I 75,I 75 and Exit 277,,Rear End,3,Clear,Dry,Daylight
2024-08-08T09:07:00.000,I 75,I 75 and Exit 277,,Rear End,2,Clear,Dry,Daylight
2024-08-04T17:33:00.000,I 75,I 75 and Exit 277,,Angle Crash,2,Clear,Dry,Daylight
2024-04-22T04:53:00.000,I 75,I 75 and Exit 277,,Not a Collision with Motor Vehicle,1,Clear,Dry,Dark-Not Lighted
2024-05-31T07:35:00.000,I 75,I 75 and Exit 277,,Rear End,2,Clear,Dry,Daylight
2024-10-20T05:48:00.000,I 75,I 75 and Exit 277,,Not a Collision with Motor Vehicle,1,Clear,Dry,Dark-Not Lighted
2024-04-20T16:25:00.000,I 75,I 75 and Exit 277,,Rear End,2,Clear,Dry,Daylight
2024-04-19T21:30:00.000,I 75,I 75 and Exit 277,,Angle Crash,2,Clear,Dry,Dark-Not Lighted
2024-10-16T09:30:00.000,I 75,I 75 and Exit 277,,Rear End,2,Clear,Dry,Daylight
2024-05-16T19:00:00.000,I 75,I 75 and Exit 277,,Not a Collision with Motor Vehicle,1,Clear,Dry,Daylight
2024-05-27T07:55:00.000,I 75,I 75 and Exit 277,,Not a Collision with Motor Vehicle,1,Rain,Water (standing or moving),Daylight
2024-02-02T15:51:00.000,I 75,I 75 and Exit 277,,Rear End,2,Clear,Dry,Daylight
2024-05-31T09:37:00.000,I 75,I 75 and Exit 277,,Rear End,2,Clear,Dry,Daylight
2021-06-27T14:08:00.000,I 75,I 75 and Exit 273 Wade Grn,,Rear End,2,Clear,Dry,Daylight
2022-01-17T12:30:00.000,I 75,I 75 and Exit 269,,Angle Crash,2,Cloudy,Dry,Daylight
2023-05-11T16:43:00.000,I 75,I 75 and Exit 268   I575,,Sideswipe-Same Direction,2,Cloudy,Dry,Daylight
2023-08-01T14:54:00.000,I 75,I 75 and Exit 268,,Sideswipe-Same Direction,2,Cloudy,Dry,Daylight
2023-04-27T16:34:00.000,I 75,I 75 and Exit 268,,Sideswipe-Same Direction,2,Cloudy,Dry,Daylight
2023-05-19T11:03:00.000,I 75,I 75 and Exit 268,,Sideswipe-Same Direction,2,Cloudy,Dry,Daylight
2023-01-23T15:42:00.000,I 75,I 75 and Exit 268,,Sideswipe-Same Direction,2,Clear,Dry,Daylight
2022-02-08T22:40:00.000,I 75,I 75 and Exit 268,,Rear End,2,Clear,Dry,Dark-Not Lighted
2022-09-23T13:58:00.000,I 75,I 75 and Exit 268,,Rear End,3,Clear,Dry,Daylight
2023-09-01T17:01:00.000,I 75,I 75 and Exit 268,,Rear End,2,Cloudy,Dry,Daylight
2024-09-25T15:50:00.000,I 75,I 75 and Exit 267Canton Rd Conn.,,Sideswipe-Same Direction,2,Rain,Wet,Daylight
2021-02-06T20:56:00.000,I 75,I 75 and Exit 267B,,Rear End,2,Rain,Water (standing or moving),Dark-Not Lighted
2021-04-04T23:43:00.000,I 75,I 75 and Exit 267B,,Not a Collision with Motor Vehicle,1,Cloudy,Dry,Dark-Not Lighted
2021-06-07T16:33:00.000,I 75,I 75 and Exit 267B,,Rear End,2,Cloudy,Dry,Daylight
2023-10-23T07:43:00.000,I 75,I 75 and Exit 267B,,Sideswipe-Same Direction,2,Clear,Dry,Daylight
2020-01-24T02:47:00.000,I 75,I 75 and Exit 267B,,Not a Collision with Motor Vehicle,1,Rain,Wet,Dark-Lighted
2022-06-13T07:16:00.000,I 75,I 75 and Exit 267B,,Rear End,2,Clear,Dry,Daylight
2022-10-13T16:23:00.000,I 75,I 75 and Exit 267B,,Sideswipe-Same Direction,2,Clear,Dry,Daylight
2023-12-15T17:57:00.000,I 75,I 75 and Exit 267B,,Rear End,3,Clear,Dry,Dark-Not Lighted
2024-12-04T10:40:00.000,I 75,I 75 and Exit 267B,,Rear End,3,Clear,Dry,Daylight
2024-02-16T01:30:00.000,I 75,I 75 and Exit 267B,,Angle Crash,2,Clear,Dry,Dark-Lighted
2024-04-07T18:29:00.000,I 75,I 75 and Exit 267A Ext Rp,,Not a Collision with Motor Vehicle,1,Cloudy,Dry,Daylight
2021-06-12T15:24:00.000,I 75,I 75 and Exit 267A,,Rear End,2,Clear,Dry,Daylight
2021-01-30T19:48:00.000,I 75,I 75 and Exit 267A,,Sideswipe-Same Direction,2,Clear,Dry,Dark-Lighted
2021-03-11T22:39:00.000,I 75,I 75 and Exit 267A,,Rear End,2,Clear,Dry,Dark-Lighted
2021-11-06T04:27:00.000,I 75,I 75 and Exit 267A,,Sideswipe-Same Direction,2,Clear,Dry,Dark-Not Lighted
2023-10-03T23:25:00.000,I 75,I 75 and Exit 267A,,(None),2,(None),(None),(None)
2021-01-30T19:48:00.000,I 75,I 75 and Exit 267A,,Sideswipe-Same Direction,2,Clear,Dry,Dark-Lighted
2022-11-14T20:10:00.000,I 75,I 75 and Exit 267A,,Sideswipe-Same Direction,2,Cloudy,Dry,Dark-Not Lighted
2022-02-10T11:34:00.000,I 75,I 75 and Exit 267A,,Sideswipe-Same Direction,2,Clear,Dry,Daylight
2024-07-07T02:06:00.000,I 75,I 75 and Exit 267A,,Angle Crash,3,Cloudy,Wet,Dark-Not Lighted
2023-05-12T09:46:00.000,I 75,I 75 and Exit 267A,,Not a Collision with Motor Vehicle,1,Cloudy,Dry,Daylight
2024-12-11T01:46:00.000,I 75,I 75 and Exit 267A,,Angle Crash,1,Rain,Wet,Dark-Lighted
2024-07-07T02:02:00.000,I 75,I 75 and Exit 267A,,Rear End,2,Cloudy,Wet,Dark-Not Lighted
2024-01-12T16:50:00.000,I 75,I 75 and Exit 267A,,Rear End,2,Rain,Wet,Daylight
2024-08-17T20:30:00.000,I 75,I 75 and Exit 267 S Canton Conn,,Rear End,2,Rain,Wet,Dark-Lighted
2021-02-06T19:45:00.000,I 75,I 75 and Exit 267 B,,Sideswipe-Same Direction,2,Rain,Water (standing or moving),Dark-Not Lighted
2022-02-26T06:57:00.000,I 75,I 75 and Exit 267 Ab,,Rear End,2,Clear,Dry,Daylight
2021-01-09T14:14:00.000,I 75,I 75 and Exit 267 A,,Rear End,2,Cloudy,Dry,Daylight
2023-05-12T13:22:00.000,I 75,I 75 and Exit 267 A,,Rear End,2,Cloudy,Dry,Daylight
2020-04-16T21:20:00.000,I 75,I 75 and Exit 267 A,,Rear End,2,Clear,Dry,Dark-Not Lighted
2022-12-27T12:05:00.000,I 75,I 75 and Exit 267 A,,Rear End,2,Cloudy,Dry,Daylight
2022-01-02T11:11:00.000,I 75,I 75 and Exit 267 A,,Angle Crash,2,Rain,Wet,Daylight
2022-07-06T13:50:00.000,I 75,I 75 and Exit 267 A,,Rear End,3,Cloudy,Dry,Daylight
2022-08-06T12:00:00.000,I 75,I 75 and Exit 267 A,,Rear End,2,Cloudy,Dry,Daylight
2022-10-07T21:14:00.000,I 75,I 75 and Exit 267 A,,Rear End,2,Clear,Dry,Dark-Lighted
2022-12-27T12:13:00.000,I 75,I 75 and Exit 267 A,,Angle Crash,2,Cloudy,Dry,Daylight
2022-07-17T07:11:00.000,I 75,I 75 and Exit 267 A,,Sideswipe-Same Direction,2,Cloudy,Dry,Daylight
2023-05-12T09:46:00.000,I 75,I 75 and Exit 267 A,,Not a Collision with Motor Vehicle,1,Cloudy,Dry,Daylight
2023-01-19T13:30:00.000,I 75,I 75 and Exit 267 A,,Rear End,2,Cloudy,Wet,Daylight
2023-03-08T11:54:00.000,I 75,I 75 and Exit 267 A,,Not a Collision with Motor Vehicle,1,Cloudy,Dry,Daylight
2023-09-27T09:27:00.000,I 75,I 75 and Exit 267,,(None),2,(None),(None),(None)
2022-06-25T08:35:00.000,I 75,I 75 and Exit 267,,Angle Crash,1,Clear,Dry,Daylight
2020-12-26T18:36:00.000,I 75,I 75 and Exit 267,,Rear End,2,Clear,Dry,Dark-Not Lighted
2021-02-06T17:36:00.000,I 75,I 75 and Exit 267,,Rear End,2,Snow,Wet,Daylight
2021-03-22T17:23:00.000,I 75,I 75 and Exit 267,,Rear End,2,Cloudy,Dry,Daylight
2022-10-27T04:10:00.000,I 75,I 75 and Exit 267,,Sideswipe-Same Direction,3,Cloudy,Dry,Dark-Not Lighted
2022-02-02T18:50:00.000,I 75,I 75 and Exit 267,,Angle Crash,2,Rain,Wet,Dark-Not Lighted
2024-08-22T07:03:00.000,I 75,I 75 and Exit 267,,Rear End,3,Clear,Dry,Daylight
2024-05-18T14:09:00.000,I 75,I 75 and Exit 267,,Sideswipe-Same Direction,2,Cloudy,Dry,Daylight
2023-05-24T12:36:00.000,I 75,I 75 and Exit 265 N. Marietta Pkwy,,Sideswipe-Same Direction,2,Clear,Dry,Daylight
2021-12-12T11:23:00.000,I 75,I 75 and Exit 265 N Marietta Pkwy,,Sideswipe-Same Direction,2,Clear,Dry,Daylight
2022-12-06T08:57:00.000,I 75,I 75 and Exit 265 N Marietta Pkwy,,Rear End,2,Rain,Wet,Daylight
2023-04-23T13:26:00.000,I 75,I 75 and Exit 265 N Marietta Pkwy,,Rear End,2,Clear,Dry,Daylight
2021-03-25T21:32:00.000,I 75,I 75 and Exit 265,,Angle Crash,2,Rain,Wet,Dark-Not Lighted
2023-11-16T20:30:00.000,I 75,I 75 and Exit 265,,(None),2,(None),(None),(None)
2023-07-26T11:59:00.000,I 75,I 75 and Exit 265,,Rear End,2,Cloudy,Dry,Daylight
2023-10-04T08:16:00.000,I 75,I 75 and Exit 265,,(None),2,(None),(None),(None)
2023-08-19T06:10:00.000,I 75,I 75 and Exit 265,,Sideswipe-Same Direction,2,Clear,Dry,Daylight
2023-11-11T00:14:00.000,I 75,I 75 and Exit 265,,(None),2,(None),(None),(None)
2023-01-08T10:56:00.000,I 75,I 75 and Exit 265,,Rear End,2,Cloudy,Dry,Daylight
2023-03-18T15:34:00.000,I 75,I 75 and Exit 265,,Rear End,2,Clear,Dry,Daylight
2023-07-12T07:47:00.000,I 75,I 75 and Exit 265,,Angle Crash,2,Clear,Dry,Daylight
2023-03-29T01:20:00.000,I 75,I 75 and Exit 265,,Sideswipe-Same Direction,2,Clear,Dry,Dark-Not Lighted
2020-09-02T17:20:00.000,I 75,I 75 and Exit 265,,Rear End,2,Clear,Dry,Daylight
2020-09-02T18:26:00.000,I 75,I 75 and Exit 265,,Rear End,3,Clear,Dry,Daylight
2020-06-05T17:24:00.000,I 75,I 75 and Exit 265,,Sideswipe-Opposite Direction,2,Clear,Dry,Daylight
2020-11-20T19:02:00.000,I 75,I 75 and Exit 265,,Rear End,2,Clear,Dry,Dark-Not Lighted
2020-08-29T19:34:00.000,I 75,I 75 and Exit 265,,Sideswipe-Same Direction,2,Clear,Dry,Daylight
2020-11-15T04:02:00.000,I 75,I 75 and Exit 265,,Head On,2,Clear,Dry,Dark-Not Lighted
2020-09-02T16:57:00.000,I 75,I 75 and Exit 265,,Sideswipe-Same Direction,3,Clear,Dry,Daylight
2020-10-09T19:40:00.000,I 75,I 75 and Exit 265,,Rear End,3,Rain,Water (standing or moving),Dark-Not Lighted
2020-10-22T17:40:00.000,I 75,I 75 and Exit 265,,Angle Crash,2,Clear,Dry,Daylight
2021-01-09T16:17:00.000,I 75,I 75 and Exit 265,,Rear End,2,Cloudy,Dry,Daylight
2021-01-23T16:40:00.000,I 75,I 75 and Exit 265,,Rear End,2,Clear,Dry,Daylight
2021-07-07T17:15:00.000,I 75,I 75 and Exit 265,,Rear End,2,Cloudy,Dry,Daylight
2022-11-07T19:00:00.000,I 75,I 75 and Exit 265,,Rear End,3,Clear,Dry,Dark-Lighted
2022-07-13T10:55:00.000,I 75,I 75 and Exit 265,,Sideswipe-Same Direction,2,Cloudy,Dry,Daylight
2022-10-05T14:39:00.000,I 75,I 75 and Exit 265,,Rear End,2,Cloudy,Dry,Daylight
2022-10-05T06:45:00.000,I 75,I 75 and Exit 265,,Rear End,2,Cloudy,Dry,Daylight
2022-06-29T09:44:00.000,I 75,I 75 and Exit 265,,Rear End,2,Cloudy,Dry,Daylight
2022-10-14T23:08:00.000,I 75,I 75 and Exit 265,,Rear End,2,Clear,Dry,Dark-Lighted
2022-10-05T14:39:00.000,I 75,I 75 and Exit 265,,Rear End,3,Cloudy,Dry,Daylight
2022-12-10T12:37:00.000,I 75,I 75 and Exit 265,,Rear End,2,Cloudy,Dry,Daylight
2022-12-10T08:04:00.000,I 75,I 75 and Exit 265,,Angle Crash,2,Cloudy,Wet,Daylight
2022-08-10T07:56:00.000,I 75,I 75 and Exit 265,,Rear End,2,Cloudy,Wet,Daylight
2022-10-05T06:45:00.000,I 75,I 75 and Exit 265,,Rear End,2,Cloudy,Dry,Daylight
2022-09-17T07:08:00.000,I 75,I 75 and Exit 265,,Rear End,2,Cloudy,Dry,Daylight
2022-12-04T13:57:00.000,I 75,I 75 and Exit 265,,Not a Collision with Motor Vehicle,1,Cloudy,Dry,Daylight
2022-10-05T06:45:00.000,I 75,I 75 and Exit 265,,Rear End,2,Cloudy,Dry,Daylight
2022-12-28T14:15:00.000,I 75,I 75 and Exit 265,,Rear End,2,Cloudy,Dry,Daylight
2023-04-26T06:36:00.000,I 75,I 75 and Exit 265,,Rear End,3,Cloudy,Dry,Daylight
2023-03-09T03:03:00.000,I 75,I 75 and Exit 265,,Not a Collision with Motor Vehicle,1,Rain,Wet,Dark-Not Lighted
2024-01-28T05:48:00.000,I 75,I 75 and Exit 265,,(None),2,(None),(None),(None)
2024-01-28T05:48:00.000,I 75,I 75 and Exit 265,,(None),2,(None),(None),(None)
2024-06-19T09:19:00.000,I 75,I 75 and Exit 265,,Sideswipe-Same Direction,2,Clear,Dry,Daylight
2022-03-16T07:46:00.000,I 75,I 75 and Exit 263 S Marietta Pkwy,,Rear End,2,Cloudy,Wet,Daylight
2021-01-10T17:43:00.000,I 75,I 75 and Exit 263,,Sideswipe-Same Direction,2,Cloudy,Dry,Dark-Lighted
2021-03-19T15:45:00.000,I 75,I 75 and Exit 263,,Sideswipe-Same Direction,2,Clear,Dry,Daylight
2021-10-10T14:59:00.000,I 75,I 75 and Exit 263,,Angle Crash,2,Clear,Dry,Daylight
2021-12-14T18:48:00.000,I 75,I 75 and Exit 263,,Angle Crash,2,Clear,Dry,Daylight
2021-10-23T20:00:00.000,I 75,I 75 and Exit 263,,Sideswipe-Same Direction,2,Cloudy,Dry,Dark-Lighted
2021-06-18T17:14:00.000,I 75,I 75 and Exit 263,,Rear End,3,Clear,Dry,Daylight
2020-11-21T11:42:00.000,I 75,I 75 and Exit 263,,Sideswipe-Same Direction,3,Clear,Dry,Daylight
2023-04-05T14:27:00.000,I 75,I 75 and Exit 263,,Rear End,2,Clear,Dry,Daylight
2023-05-10T14:49:00.000,I 75,I 75 and Exit 263,,Sideswipe-Same Direction,2,Clear,Dry,Daylight
2020-12-21T23:20:00.000,I 75,I 75 and Exit 263,,Sideswipe-Same Direction,2,Clear,Dry,Dark-Lighted
2020-05-25T22:07:00.000,I 75,I 75 and Exit 263,,Sideswipe-Same Direction,2,Rain,Wet,Dark-Not Lighted
2020-10-03T16:50:00.000,I 75,I 75 and Exit 263,,Sideswipe-Same Direction,2,Clear,Dry,Daylight
2020-11-20T20:19:00.000,I 75,I 75 and Exit 263,,Rear End,2,Clear,Dry,Dark-Not Lighted
2020-08-29T21:44:00.000,I 75,I 75 and Exit 263,,Rear End,2,Clear,Dry,Dark-Lighted
2021-08-22T18:45:00.000,I 75,I 75 and Exit 263,,Sideswipe-Same Direction,2,Clear,Dry,Daylight
2022-10-07T21:00:00.000,I 75,I 75 and Exit 263,,Sideswipe-Same Direction,2,Cloudy,Dry,Dark-Lighted
2022-06-30T18:45:00.000,I 75,I 75 and Exit 263,,Not a Collision with Motor Vehicle,1,Cloudy,Dry,Daylight
2022-08-03T10:30:00.000,I 75,I 75 and Exit 263,,Sideswipe-Same Direction,2,Cloudy,Dry,Daylight
2022-02-27T00:49:00.000,I 75,I 75 and Exit 263,,Sideswipe-Same Direction,2,Clear,Dry,Dark-Lighted
2022-03-19T02:36:00.000,I 75,I 75 and Exit 263,,Not a Collision with Motor Vehicle,1,Rain,Wet,Dark-Not Lighted
2022-02-02T22:30:00.000,I 75,I 75 and Exit 263,,Sideswipe-Same Direction,2,Rain,Wet,Dark-Not Lighted
2022-10-19T09:23:00.000,I 75,I 75 and Exit 263,,Rear End,4,Clear,Dry,Daylight
2022-11-05T21:30:00.000,I 75,I 75 and Exit 263,,Angle Crash,4,Clear,Dry,Dark-Lighted
2023-09-18T05:40:00.000,I 75,I 75 and Exit 263,,Sideswipe-Same Direction,2,Clear,Dry,Dark-Lighted
2023-04-12T11:03:00.000,I 75,I 75 and Exit 263,,Angle Crash,2,Cloudy,Dry,Daylight
2023-04-19T09:35:00.000,I 75,I 75 and Exit 263,,Rear End,4,Cloudy,Dry,Daylight
2023-08-13T23:28:00.000,I 75,I 75 and Exit 263,,Sideswipe-Same Direction,2,Cloudy,Dry,Dark-Not Lighted
2023-10-04T13:35:00.000,I 75,I 75 and Exit 263,,(None),2,(None),(None),(None)
2023-08-16T08:33:00.000,I 75,I 75 and Exit 263,,Rear End,2,Cloudy,Dry,Daylight
2023-05-10T15:24:00.000,I 75,I 75 and Exit 263,,Rear End,2,Clear,Dry,Daylight
2024-02-08T21:00:00.000,I 75,I 75 and Exit 263,,Rear End,3,Cloudy,Dry,Dark-Not Lighted
2024-05-03T08:10:00.000,I 75,I 75 and Exit 263,,Sideswipe-Same Direction,2,Clear,Dry,Daylight
2024-10-11T06:10:00.000,I 75,I 75 and Exit 263,,Rear End,2,Cloudy,Dry,Dark-Lighted
2024-04-25T19:53:00.000,I 75,I 75 and Exit 263,,Angle Crash,2,Cloudy,Dry,Dusk
2021-11-21T18:40:00.000,I 75,I 75 and Exit 261,,Rear End,2,Clear,Dry,Dark-Lighted
2021-10-09T14:45:00.000,I 75,I 75 and Exit 261,,Rear End,3,Clear,Dry,Daylight
2021-03-12T20:00:00.000,I 75,I 75 and Exit 261,,Rear End,2,Clear,Dry,Dark-Lighted
2022-12-17T15:30:00.000,I 75,I 75 and Exit 261,,Sideswipe-Same Direction,2,Clear,Dry,Daylight
2020-12-25T18:07:00.000,I 75,I 75 and Exit 261,,Rear End,2,Clear,Dry,Dark-Not Lighted
2020-06-20T02:40:00.000,I 75,I 75 and Exit 261,,Angle Crash,2,Clear,Dry,Dark-Not Lighted
2021-10-17T02:04:00.000,I 75,I 75 and Exit 261,,Rear End,2,Cloudy,Dry,Dark-Lighted
2022-10-04T13:42:00.000,I 75,I 75 and Exit 261,,Rear End,2,Cloudy,Dry,Daylight
2022-11-22T12:29:00.000,I 75,I 75 and Exit 261,,Angle Crash,3,Cloudy,Dry,Daylight
2022-11-05T18:15:00.000,I 75,I 75 and Exit 261,,Rear End,3,Clear,Dry,Daylight
2024-04-06T09:30:00.000,I 75,I 75 and Exit 261,,Sideswipe-Same Direction,5,Clear,Dry,Daylight
2024-04-24T09:10:00.000,I 75,I 75 and Exit 261,,Angle Crash,2,Rain,Wet,Daylight
2023-10-11T07:28:00.000,I 75,I 75 and Exit 261,,(None),2,(None),(None),(None)
2024-05-01T08:22:00.000,I 75,I 75 and Exit 261,,Rear End,2,Clear,Dry,Daylight
2024-12-22T04:58:00.000,I 75,I 75 and Exit 261,,Angle Crash,2,Clear,Dry,Dark-Lighted
2024-05-18T13:36:00.000,I 75,I 75 and Exit 261,,Rear End,4,Cloudy,Dry,Daylight
2024-06-22T10:56:00.000,I 75,I 75 and Exit 261,,Rear End,2,Clear,Dry,Daylight
2024-06-18T08:40:00.000,I 75,I 75 and Exit 261,,Sideswipe-Same Direction,2,Clear,Dry,Daylight
2023-04-15T17:40:00.000,I 75,I 75 and Exit 260,,Sideswipe-Same Direction,2,Clear,Dry,Daylight
2020-08-15T18:21:00.000,I 75,I 75 and Exit 260,,Rear End,3,Cloudy,Dry,Daylight
2023-10-12T15:54:00.000,I 75,I 75 and Exit 259B,,Sideswipe-Same Direction,2,Cloudy,Dry,Daylight
2020-09-10T15:28:00.000,I 75,I 75 and Exit 259B,,Not a Collision with Motor Vehicle,1,Cloudy,Dry,Daylight
2022-01-02T17:01:00.000,I 75,I 75 and Exit 259B,,Not a Collision with Motor Vehicle,1,Cloudy,Wet,Daylight
2022-07-14T15:50:00.000,I 75,I 75 and Exit 259B,,Sideswipe-Same Direction,2,Cloudy,Dry,Daylight