Date and Time,Roadway (From Crash Report),Intersection Name (from Crash Report),KABCO Severity,Manner of Collision (Crash Level) ,# of Vehicles per crash ,Weather Conditions (Crash Level),Surface Condition (Crash Level) ,Light Conditions (Crash Level)
2023-09-19T16:51:00.000,I 75,I 75 and Exit 259B,,Sideswipe-Same Direction,2,Clear,Dry,Daylight
2023-10-10T17:39:00.000,I 75,I 75 and Exit 259B,,Sideswipe-Same Direction,2,Cloudy,Dry,Daylight
2023-10-16T06:43:00.000,I 75,I 75 and Exit 259A,,Rear End,2,Clear,Dry,Dark-Not Lighted
2023-08-21T08:09:00.000,I 75,I 75 and Exit 259A,,Rear End,3,Clear,Dry,Daylight
2020-09-19T20:50:00.000,I 75,I 75 and Exit 259A,,Rear End,2,Clear,Dry,Dark-Lighted
2021-11-22T18:48:00.000,I 75,I 75 and Exit 259A,,Rear End,2,Clear,Dry,Dark-Not Lighted
2021-11-23T12:48:00.000,I 75,I 75 and Exit 259A,,Sideswipe-Same Direction,2,Clear,Dry,Daylight
2022-05-16T07:13:00.000,I 75,I 75 and Exit 259A,,Sideswipe-Same Direction,2,Clear,Dry,Daylight
2022-01-03T19:01:00.000,I 75,I 75 and Exit 259A,,Not a Collision with Motor Vehicle,1,Cloudy,Dry,Dark-Not Lighted
2022-09-29T10:03:00.000,I 75,I 75 and Exit 259A,,Sideswipe-Same Direction,2,Clear,Dry,Daylight
2023-03-31T12:42:00.000,I 75,I 75 and Exit 259A,,Rear End,2,Cloudy,Dry,Daylight
2023-04-04T07:50:00.000,I 75,I 75 and Exit 259A,,Rear End,2,Cloudy,Dry,Daylight
2022-11-14T11:45:00.000,I 75,I 75 and Exit 259 A,,Sideswipe-Same Direction,2,Clear,Dry,Daylight
2023-09-29T13:04:00.000,I 75,I 75 and Exit 259,,Not a Collision with Motor Vehicle,1,Cloudy,Dry,Daylight
2023-11-03T17:32:00.000,I 75,I 75 and Exit 259,,Rear End,2,Clear,Dry,Daylight
2021-12-13T10:12:00.000,I 75,I 75 and Exit 259,,Sideswipe-Same Direction,3,Clear,Dry,Daylight
2021-10-01T16:20:00.000,I 75,I 75 and Exit 259,,Sideswipe-Same Direction,2,Cloudy,Dry,Daylight
2022-09-29T17:20:00.000,I 75,I 75 and Exit 259,,Rear End,3,Clear,Dry,Daylight
2022-10-14T15:33:00.000,I 75,I 75 and Exit 259,,Rear End,2,Clear,Dry,Daylight
2024-11-14T21:32:00.000,I 75,I 75 and Exit 259,,Rear End,3,Clear,Dry,Dark-Not Lighted
2023-10-24T12:21:00.000,I 75,I 75 and Exit 259,,Rear End,2,Clear,Dry,Daylight
2024-01-10T08:35:00.000,I 75,I 75 and Exit 259,,Rear End,2,Cloudy,Dry,Daylight
2023-07-10T00:10:00.000,I 75,I 75 and Exit 258,,Sideswipe-Same Direction,2,Rain,Wet,Dark-Lighted
2022-09-10T11:44:00.000,I 75,I 75 and Exit 256,,Rear End,3,Cloudy,Wet,Daylight
2020-08-24T21:02:00.000,I 75,I 75 and Exit 251,,Rear End,2,Rain,Wet,Dark-Lighted
2023-07-29T14:05:00.000,I 75,I 75 and Exit 250,,Sideswipe-Same Direction,2,Cloudy,Dry,Daylight
2022-06-20T09:50:00.000,I 75,I 75 and Exit 250,,Sideswipe-Same Direction,2,Clear,Dry,Daylight
2024-01-09T16:00:00.000,I 75,I 75 and Exit 250,,Rear End,2,Cloudy,Dry,Daylight
2022-05-05T23:00:00.000,I 75,I 75 and Exit 249D,,Angle Crash,1,Clear,Dry,Dark-Lighted
2021-08-06T11:07:00.000,I 75,I 75 and Exit 247,,Rear End,4,Clear,Dry,Daylight
2024-11-04T13:13:00.000,I 75,I 75 and Exit 246,,Angle Crash,2,Clear,Dry,Daylight
2024-11-21T23:35:00.000,I 75,I 75 and Exit 242,,Rear End,2,Clear,Dry,Dark-Not Lighted
2024-11-26T17:34:00.000,I 75,I 75 and Exit 242,,Rear End,2,Clear,Dry,Dark-Lighted
2023-08-06T22:47:00.000,I 75,I 75 and Exit 242,,Sideswipe-Same Direction,3,Cloudy,Wet,Dark-Lighted
2024-11-21T18:18:00.000,I 75,I 75 and Exit 242,,Sideswipe-Same Direction,6,Clear,Dry,Dark-Not Lighted
2022-06-01T08:31:00.000,I 75,I 75 and Exit 239,,Sideswipe-Same Direction,2,Clear,Dry,Daylight
2023-08-23T09:35:00.000,I 75,I 75 and Exit 238B,,Sideswipe-Same Direction,2,Clear,Dry,Daylight
2023-12-11T01:37:00.000,I 75,I 75 and Exit 238B,,Rear End,2,Clear,Wet,Dark-Not Lighted
2023-12-01T19:46:00.000,I 75,I 75 and Exit 238B,,Rear End,2,Clear,Dry,Dark-Not Lighted
2024-11-07T21:54:00.000,I 75,I 75 and Exit 238B,,Rear End,3,Cloudy,Dry,Dark-Lighted
2024-05-19T03:40:00.000,I 75,I 75 and Exit 238A Pkwy,,Angle Crash,2,Clear,Dry,Dark-Not Lighted
2023-06-28T15:00:00.000,I 75,I 75 and Exit 238A,,Sideswipe-Same Direction,2,Clear,Dry,Daylight
2024-12-06T13:31:00.000,I 75,I 75 and Exit 238A,,Rear End,4,Clear,Dry,Daylight
2024-10-23T22:56:00.000,I 75,I 75 and Exit 238A,,Sideswipe-Same Direction,2,Cloudy,Dry,Dark-Lighted
2023-06-27T14:30:00.000,I 75,I 75 and Exit 238A,,Sideswipe-Same Direction,2,Clear,Dry,Daylight
2024-02-26T00:00:00.000,I 75,I 75 and Exit 238A,,Not a Collision with Motor Vehicle,1,Severe Thunderstorm or Tornadic,Wet,Dark-Lighted
2024-10-26T18:22:00.000,I 75,I 75 and Exit 238A,,Sideswipe-Same Direction,2,Clear,Dry,Daylight
2024-12-28T19:14:00.000,I 75,I 75 and Exit 238A,,Rear End,2,Cloudy,Wet,Dark-Not Lighted
2024-08-27T21:12:00.000,I 75,I 75 and Exit 238A,,Sideswipe-Same Direction,2,Clear,Dry,Dark-Lighted
2023-09-27T07:05:00.000,I 75,I 75 and Exit 238,,Rear End,2,Cloudy,Dry,Daylight
2022-05-09T13:25:00.000,I 75,I 75 and Exit 238,,Not a Collision with Motor Vehicle,2,Clear,Dry,Daylight
2023-10-27T04:28:00.000,I 75,I 75 and Exit 238,,Angle Crash,2,Clear,Dry,Dark-Not Lighted
2024-12-02T16:29:00.000,I 75,I 75 and Exit 237A,,Head On,2,Clear,Dry,Daylight
2024-09-03T18:16:00.000,I 75,I 75 and Exit 237A,,Angle Crash,2,Clear,Dry,Daylight
2023-05-12T10:55:00.000,I 75,I 75 and Exit 237A,,Sideswipe-Same Direction,2,Cloudy,Dry,Daylight
2023-08-09T15:35:00.000,I 75,I 75 and Exit 237A,,Rear End,2,Clear,Dry,Daylight
2023-07-20T14:49:00.000,I 75,I 75 and Exit 237A,,Rear End,2,Clear,Dry,Daylight
2024-11-23T00:12:00.000,I 75,I 75 and Exit 237A,,Rear End,2,Clear,Dry,Dark-Lighted
2024-08-25T22:44:00.000,I 75,I 75 and Exit 237A,,Angle Crash,3,Clear,Dry,Dark-Lighted
2024-11-12T15:50:00.000,I 75,I 75 and Exit 237A,,Sideswipe-Same Direction,2,Clear,Dry,Daylight
2024-12-03T16:02:00.000,I 75,I 75 and Exit 237A,,Angle Crash,2,Clear,Dry,Daylight
2024-08-30T14:34:00.000,I 75,I 75 and Exit 237A,,Rear End,2,Clear,Dry,Daylight
2024-12-20T20:32:00.000,I 75,I 75 and Exit 237A,,Sideswipe-Same Direction,2,Clear,Dry,Dark-Not Lighted
2024-11-01T14:38:00.000,I 75,I 75 and Exit 237A,,Rear End,2,Clear,Dry,Daylight
2024-09-01T10:40:00.000,I 75,I 75 and Exit 237A,,Rear End,2,Clear,Dry,Daylight
2024-12-21T15:09:00.000,I 75,I 75 and Exit 237A,,Head On,3,Clear,Dry,Daylight
2024-11-22T07:36:00.000,I 75,I 75 and Exit 237A,,Sideswipe-Same Direction,2,Clear,Dry,Daylight
2023-10-27T23:35:00.000,I 75,I 75 and Exit 237,,Sideswipe-Same Direction,2,Clear,Dry,Dark-Not Lighted
2023-05-29T13:17:00.000,I 75,I 75 and Exit 237,,Rear End,2,Clear,Dry,Daylight
2023-06-14T10:50:00.000,I 75,I 75 and Exit 237,,Rear End,3,Clear,Wet,Daylight
2022-04-09T22:00:00.000,I 75,I 75 and Exit 237,,Sideswipe-Same Direction,3,Clear,Dry,Dark-Not Lighted
2022-02-18T09:30:00.000,I 75,I 75 and Exit 237,,Not a Collision with Motor Vehicle,1,Clear,Dry,Daylight
2022-12-18T16:03:00.000,I 75,I 75 and Exit 237,,Rear End,2,Clear,Dry,Daylight
2022-03-31T08:15:00.000,I 75,I 75 and Exit 237,,Rear End,2,Clear,Wet,Daylight
2022-09-06T07:43:00.000,I 75,I 75 and Exit 237,,Rear End,2,Clear,Dry,Daylight
2022-07-11T11:10:00.000,I 75,I 75 and Exit 237,,Rear End,2,Cloudy,Dry,Daylight
2022-08-14T21:45:00.000,I 75,I 75 and Exit 237,,Angle Crash,2,Clear,Dry,Dark-Lighted
2022-10-04T08:08:00.000,I 75,I 75 and Exit 237,,Angle Crash,2,Clear,Dry,Daylight
2022-08-25T07:26:00.000,I 75,I 75 and Exit 237,,Rear End,2,Clear,Dry,Daylight
2024-10-27T12:38:00.000,I 75,I 75 and Exit 237,,Rear End,2,Clear,Dry,Daylight
2024-05-09T16:03:00.000,I 75,I 75 and Exit 237,,Rear End,3,Clear,Dry,Daylight
2023-10-24T09:35:00.000,I 75,I 75 and Exit 237,,Rear End,2,Clear,Dry,Daylight
2023-07-15T17:25:00.000,I 75,I 75 and Exit 237,,Rear End,2,Clear,Dry,Daylight
2023-06-06T06:37:00.000,I 75,I 75 and Exit 237,,Rear End,2,Clear,Dry,Daylight
2023-05-23T13:58:00.000,I 75,I 75 and Exit 237,,Rear End,6,Clear,Dry,Daylight
2024-05-09T15:13:00.000,I 75,I 75 and Exit 237,,Rear End,2,Clear,Dry,Daylight
2024-05-16T13:25:00.000,I 75,I 75 and Exit 237,,Sideswipe-Same Direction,2,Clear,Dry,Daylight
2024-12-08T03:18:00.000,I 75,I 75 and Exit 237,,Sideswipe-Same Direction,2,Clear,Dry,Dark-Lighted
2024-12-02T16:25:00.000,I 75,I 75 and Exit 237,,Angle Crash,3,Clear,Dry,Daylight
2024-11-01T16:47:00.000,I 75,I 75 and Exit 237,,Rear End,2,Clear,Dry,Daylight
2024-02-09T15:00:00.000,I 75,I 75 and Exit 237,,Angle Crash,2,Clear,Dry,Daylight
2024-10-28T00:30:00.000,I 75,I 75 and Exit 237,,Rear End,2,Cloudy,Dry,Dark-Lighted
2024-07-03T13:41:00.000,I 75,I 75 and Exit 237,,Rear End,2,Clear,Dry,Daylight
2024-07-02T09:58:00.000,I 75,I 75 and Exit 237,,Sideswipe-Same Direction,2,Cloudy,Dry,Daylight
2024-05-27T05:37:00.000,I 75,I 75 and Exit 237,,Sideswipe-Same Direction,2,Clear,Dry,Daylight
2024-05-26T07:04:00.000,I 75,I 75 and Exit 237,,Rear End,2,Clear,Dry,Daylight
2024-02-15T19:19:00.000,I 75,I 75 and Exit 237,,Rear End,2,Clear,Dry,Dark-Lighted
2024-04-10T16:29:00.000,I 75,I 75 and Exit 237,,Not a Collision with Motor Vehicle,2,Clear,Dry,Daylight
2020-09-14T12:40:00.000,I 75,I 75 and Exit 235 Old Dixie Rd,,Angle Crash,2,Cloudy,Wet,Daylight
2023-04-07T09:55:00.000,I 75,I 75 and Exit 235,,Sideswipe-Same Direction,2,Clear,Dry,Daylight
2023-04-25T01:02:00.000,I 75,I 75 and Exit 235,,Rear End,2,Clear,Dry,Dark-Not Lighted
2023-09-30T22:20:00.000,I 75,I 75 and Exit 235,,Angle Crash,2,Clear,Dry,Dark-Lighted
2023-12-31T18:45:00.000,I 75,I 75 and Exit 235,,Rear End,2,Clear,Dry,Dark-Not Lighted
2023-10-15T19:42:00.000,I 75,I 75 and Exit 235,,Sideswipe-Same Direction,2,Clear,Dry,Dark-Not Lighted
2022-06-01T18:16:00.000,I 75,I 75 and Exit 235,,Rear End,2,Clear,Dry,Daylight
2022-04-02T18:26:00.000,I 75,I 75 and Exit 235,,Rear End,2,Cloudy,Dry,Daylight
2024-03-15T00:00:00.000,I 75,I 75 and Exit 235,,Not a Collision with Motor Vehicle,1,Clear,Ice/Frost,Dark-Not Lighted
2024-11-16T14:45:00.000,I 75,I 75 and Exit 235,,Not a Collision with Motor Vehicle,1,Clear,Dry,Daylight
2023-04-25T01:51:00.000,I 75,I 75 and Exit 235,,Sideswipe-Same Direction,2,Clear,Dry,Dark-Not Lighted
2024-11-18T15:51:00.000,I 75,I 75 and Exit 235,,Sideswipe-Same Direction,2,Clear,Dry,Daylight
2024-12-28T21:50:00.000,I 75,I 75 and Exit 235,,Sideswipe-Same Direction,2,Rain,Wet,Dark-Lighted
2024-08-02T03:15:00.000,I 75,I 75 and Exit 235,,Angle Crash,2,Clear,Dry,Dark-Lighted
2024-05-19T01:07:00.000,I 75,I 75 and Exit 235,,Not a Collision with Motor Vehicle,1,Clear,Dry,Dark-Not Lighted
2024-04-27T22:43:00.000,I 75,I 75 and Exit 235,,Angle Crash,3,Clear,Dry,Dark-Lighted
2024-04-26T14:01:00.000,I 75,I 75 and Exit 235,,Sideswipe-Same Direction,2,Cloudy,Dry,Daylight
2024-02-06T09:54:00.000,I 75,I 75 and Exit 235,,Sideswipe-Same Direction,2,Clear,Ice/Frost,Daylight
2024-11-12T06:23:00.000,I 75,I 75 and Exit 235,,Angle Crash,2,Clear,Dry,Dark-Lighted
2024-05-17T04:11:00.000,I 75,I 75 and Exit 235,,Rear End,2,Clear,Dry,Dark-Lighted
2024-08-20T07:41:00.000,I 75,I 75 and Exit 235,,Rear End,2,Clear,Dry,Daylight
2024-06-06T11:05:00.000,I 75,I 75 and Exit 235,,Rear End,3,Clear,Wet,Daylight
2024-10-19T12:42:00.000,I 75,I 75 and Exit 235,,Sideswipe-Same Direction,2,Clear,Dry,Daylight
2024-11-23T14:40:00.000,I 75,I 75 and Exit 235,,Sideswipe-Same Direction,2,Clear,Dry,Daylight
2024-05-19T13:15:00.000,I 75,I 75 and Exit 233 Jonesboro Rd,,Not a Collision with Motor Vehicle,1,Clear,Dry,Daylight
2023-05-16T20:09:00.000,I 75,I 75 and Exit 233,,Rear End,3,Clear,Dry,Daylight
2023-05-06T18:30:00.000,I 75,I 75 and Exit 233,,Rear End,2,Clear,Dry,Daylight
2020-12-03T22:35:00.000,I 75,I 75 and Exit 233,,Not a Collision with Motor Vehicle,1,Clear,Dry,Dark-Lighted
2024-07-25T22:33:00.000,I 75,I 75 and Exit 233,,Sideswipe-Same Direction,2,Clear,Dry,Dark-Lighted
2023-05-12T23:20:00.000,I 75,I 75 and Exit 233,,Not a Collision with Motor Vehicle,2,Clear,Dry,Dark-Not Lighted
2023-03-17T19:12:00.000,I 75,I 75 and Exit 231,,Sideswipe-Same Direction,2,Rain,Wet,Dusk
2023-07-10T01:11:00.000,I 75,I 75 and Exit 231,,Not a Collision with Motor Vehicle,1,Rain,Wet,Dark-Lighted
2022-10-27T13:51:00.000,I 75,I 75 and Exit 231,,Sideswipe-Same Direction,2,Clear,Dry,Daylight
2023-03-12T20:04:00.000,I 75,I 75 and Exit 231,,Rear End,2,Clear,Dry,Daylight
2023-02-02T22:17:00.000,I 75,I 75 and Exit 231,,Angle Crash,2,Clear,Wet,Dark-Lighted
2024-04-03T06:25:00.000,I 75,I 75 and Exit 231,,Rear End,2,Cloudy,Wet,Dark-Not Lighted
2024-08-20T00:54:00.000,I 75,I 75 and Exit 231,,Sideswipe-Same Direction,2,Clear,Dry,Dark-Lighted
2024-02-18T05:25:00.000,I 75,I 75 and Exit 231,,Sideswipe-Same Direction,2,Clear,Dry,Dark-Not Lighted
2023-02-02T23:00:00.000,I 75,I 75 and Exit 231,,Not a Collision with Motor Vehicle,1,Rain,Wet,Dark-Not Lighted
2023-05-22T18:53:00.000,I 75,I 75 and Exit 231,,Not a Collision with Motor Vehicle,1,Rain,Water (standing or moving),Daylight
2023-02-14T08:50:00.000,I 75,I 75 and Exit 231,,Rear End,2,Clear,Dry,Daylight
2024-11-14T11:24:00.000,I 75,I 75 and Exit 231,,Not a Collision with Motor Vehicle,1,Rain,Wet,Daylight
2024-09-25T22:35:00.000,I 75,I 75 and Exit 231,,Not a Collision with Motor Vehicle,1,Rain,Water (standing or moving),Dark-Lighted
2024-12-02T02:00:00.000,I 75,I 75 and Exit 231,,Sideswipe-Same Direction,2,Clear,Dry,Dark-Lighted
2024-09-25T22:00:00.000,I 75,I 75 and Exit 231,,Angle Crash,2,Rain,Water (standing or moving),Dark-Lighted
2024-04-19T04:28:00.000,I 75,I 75 and Exit 231,,Sideswipe-Same Direction,2,Clear,Dry,Dark-Not Lighted
2024-05-09T12:00:00.000,I 75,I 75 and Exit 231,,Sideswipe-Same Direction,2,Rain,Wet,Dark-Lighted
2024-12-23T22:30:00.000,I 75,I 75 and Exit 231,,Rear End,2,Clear,Dry,Dark-Not Lighted
2024-05-11T14:36:00.000,I 75,I 75 and Exit 231,,Sideswipe-Opposite Direction,2,Clear,Dry,Daylight
2024-12-28T07:58:00.000,I 75,I 75 and Exit 231,,Not a Collision with Motor Vehicle,1,Rain,Wet,Daylight
2024-11-14T05:16:00.000,I 75,I 75 and Exit 231,,Sideswipe-Same Direction,3,Rain,Wet,Dark-Not Lighted
2024-12-10T11:57:00.000,I 75,I 75 and Exit 231,,Sideswipe-Same Direction,2,Rain,Wet,Daylight
2024-12-29T06:19:00.000,I 75,I 75 and Exit 231,,Not a Collision with Motor Vehicle,1,Rain,Wet,Dark-Not Lighted
2024-05-08T23:04:00.000,I 75,I 75 and Exit 231,,Sideswipe-Same Direction,2,Cloudy,Dry,Dark-Not Lighted
2020-03-04T09:56:00.000,I 75,I 75 and Exit 228 On Rp,,Not a Collision with Motor Vehicle,1,Rain,Wet,Daylight
2021-10-24T06:35:00.000,I 75,I 75 and Exit 228 Off Rp,,Not a Collision with Motor Vehicle,1,Clear,Dry,Dark-Not Lighted
2020-08-14T12:05:00.000,I 75,I 75 and Exit 228 I75,,Rear End,3,Cloudy,Dry,Daylight
2020-03-04T14:00:00.000,I 75,I 75 and Exit 228 I75,,Sideswipe-Same Direction,2,Rain,Wet,Daylight
2024-04-10T04:42:00.000,I 75,I 75 and Exit 228 I675 Interchange,,Sideswipe-Same Direction,2,Cloudy,Wet,Dark-Lighted
2020-09-14T13:46:00.000,I 75,I 75 and Exit 228 Hwy 138,,Not a Collision with Motor Vehicle,1,Cloudy,Wet,Daylight
2022-09-05T00:00:00.000,I 75,I 75 and Exit 228 Dr,,Rear End,2,Rain,Wet,Dark-Not Lighted
2021-09-30T20:57:00.000,I 75,I 75 and Exit 228,,Not a Collision with Motor Vehicle,1,Clear,Dry,Dark-Not Lighted
2021-05-03T23:43:00.000,I 75,I 75 and Exit 228,,Sideswipe-Same Direction,2,Clear,Dry,Dark-Not Lighted
2020-09-25T14:16:00.000,I 75,I 75 and Exit 228,,Rear End,4,Cloudy,Dry,Daylight
2021-11-10T23:20:00.000,I 75,I 75 and Exit 228,,Sideswipe-Same Direction,2,Clear,Dry,Dark-Lighted
2022-03-03T03:53:00.000,I 75,I 75 and Exit 228,,Not a Collision with Motor Vehicle,1,Clear,Dry,Dark-Not Lighted
2021-11-10T05:15:00.000,I 75,I 75 and Exit 228,,Rear End,2,Clear,Dry,Dark-Lighted
2022-09-19T16:43:00.000,I 75,I 75 and Exit 228,,Sideswipe-Same Direction,2,Clear,Dry,Daylight
2022-02-08T17:31:00.000,I 75,I 75 and Exit 228,,Rear End,2,Clear,Dry,Daylight
2024-06-30T13:40:00.000,I 75,I 75 and Exit 228,,Rear End,2,Clear,Dry,Daylight
2024-11-13T08:00:00.000,I 75,I 75 and Exit 228,,Rear End,2,Clear,Dry,Daylight
2024-10-27T11:17:00.000,I 75,I 75 and Exit 228,,Rear End,2,Cloudy,Dry,Daylight
2024-02-23T11:49:00.000,I 75,I 75 and Exit 228,,Rear End,2,Clear,Dry,Daylight
2024-06-03T17:47:00.000,I 75,I 75 and Exit 228,,Head On,2,Cloudy,Dry,Daylight
2024-09-25T22:35:00.000,I 75,I 75 and Exit 228,,Angle Crash,2,Rain,Wet,Dark-Lighted
2024-07-20T20:15:00.000,I 75,I 75 and Exit 228,,Rear End,2,Clear,Dry,Daylight
2023-06-17T00:00:00.000,I 75,I 75 and Exit 228,,Not a Collision with Motor Vehicle,2,Clear,Dry,Dark-Lighted
2023-01-04T00:03:00.000,I 75,I 75 and Exit 228,,Angle Crash,2,Rain,Water (standing or moving),Dark-Not Lighted
2024-11-19T13:19:00.000,I 75,I 75 and Exit 228,,Not a Collision with Motor Vehicle,2,Rain,Wet,Daylight
2024-12-21T08:21:00.000,I 75,I 75 and Exit 228,,Angle Crash,2,Clear,Dry,Daylight
2024-08-16T18:28:00.000,I 75,I 75 and Exit 228,,Rear End,2,Clear,Dry,Daylight
2024-05-28T14:50:00.000,I 75,I 75 and Exit 228,,Rear End,2,Clear,Dry,Daylight
2024-11-13T07:36:00.000,I 75,I 75 and Exit 228,,Rear End,2,Clear,Dry,Daylight
2024-08-01T21:19:00.000,I 75,I 75 and Exit 228,,Rear End,2,Clear,Dry,Dark-Not Lighted
2024-11-20T06:13:00.000,I 75,I 75 and Exit 228,,Angle Crash,2,Fog,Water (standing or moving),Dark-Not Lighted
2024-04-01T10:23:00.000,I 75,I 75 and Exit 228,,Rear End,2,Clear,Dry,Daylight
2024-05-13T17:57:00.000,I 75,I 75 and Exit 228,,Sideswipe-Same Direction,2,Clear,Dry,Daylight
2024-06-18T18:35:00.000,I 75,I 75 and Exit 228,,Sideswipe-Same Direction,2,Clear,Dry,Daylight
2024-12-12T12:04:00.000,I 75,I 75 and Exit 228,,Rear End,2,Clear,Dry,Daylight
2024-04-07T18:19:00.000,I 75,I 75 and Exit 228,,Sideswipe-Same Direction,2,Clear,Dry,Daylight
2024-05-10T13:15:00.000,I 75,I 75 and Exit 228,,Rear End,2,Clear,Dry,Daylight
2024-07-30T23:37:00.000,I 75,I 75 and Exit 228,,Angle Crash,2,Clear,Dry,Dark-Lighted
2024-04-08T07:43:00.000,I 75,I 75 and Exit 227 I75 I675 Split,,Angle Crash,2,Clear,Dry,Daylight
2021-04-28T21:30:00.000,I 75,I 75 and Exit 227  Highway 138,,Sideswipe-Same Direction,2,Clear,Dry,Dark-Not Lighted
2021-08-01T20:43:00.000,I 75,I 75 and Exit 227,,Rear End,2,Clear,Dry,Dark-Not Lighted
2021-05-12T07:59:00.000,I 75,I 75 and Exit 227,,Not a Collision with Motor Vehicle,2,Rain,Wet,Daylight
2021-10-17T16:23:00.000,I 75,I 75 and Exit 227,,Rear End,2,Clear,Dry,Daylight
2021-12-02T03:02:00.000,I 75,I 75 and Exit 227,,Not a Collision with Motor Vehicle,1,Clear,Dry,Dark-Lighted
2021-12-26T04:40:00.000,I 75,I 75 and Exit 227,,Not a Collision with Motor Vehicle,2,Clear,Dry,Dark-Not Lighted
2022-05-15T04:25:00.000,I 75,I 75 and Exit 227,,Rear End,2,Clear,Dry,Dark-Not Lighted
2022-02-12T21:46:00.000,I 75,I 75 and Exit 227,,Not a Collision with Motor Vehicle,1,Clear,Dry,Dark-Not Lighted
2022-09-04T23:50:00.000,I 75,I 75 and Exit 227,,Not a Collision with Motor Vehicle,1,Rain,Water (standing or moving),Dark-Lighted
2024-12-11T07:35:00.000,I 75,I 75 and Exit 227,,Not a Collision with Motor Vehicle,1,Cloudy,Wet,Daylight
2024-05-10T11:12:00.000,I 75,I 75 and Exit 226 Hudson Brg,,Not a Collision with Motor Vehicle,1,Clear,Dry,Dark-Lighted
2022-06-06T08:30:00.000,I 75,I 75 and Exit 226,,Sideswipe-Same Direction,2,Cloudy,Dry,Daylight
2022-04-13T14:51:00.000,I 75,I 75 and Exit 225,,Rear End,2,Clear,Dry,Daylight
2024-07-12T16:10:00.000,I 75,I 75 and Exit 224: Eagles Landing Pkwy To Hudson Rd,,Rear End,3,Clear,Dry,Daylight
2024-04-21T13:04:00.000,I 75,I 75 and Exit 224: Eagles Landing Pkwy To Hudson Rd,,Rear End,2,Clear,Dry,Daylight
2020-01-30T15:20:00.000,I 75,I 75 and Exit 224-Hudson Bridge Rd,,Not a Collision with Motor Vehicle,1,Clear,Dry,Daylight
2021-04-30T13:00:00.000,I 75,I 75 and Exit 224 I75,,Rear End,2,Clear,Dry,Daylight
2021-11-19T11:36:00.000,I 75,I 75 and Exit 224 I75,,Sideswipe-Same Direction,2,Clear,Dry,Daylight
2023-01-01T16:02:00.000,I 75,I 75 and Exit 224 Hudson Bridge Road To Eagles La Pkwy,,Rear End,2,Clear,Dry,Daylight
2020-05-30T22:16:00.000,I 75,I 75 and Exit 224 Hudson Bridge Rd,,Rear End,2,Clear,Dry,Dark-Not Lighted
2020-11-08T18:40:00.000,I 75,I 75 and Exit 224 Hudson Bridge Rd,,Rear End,4,Rain,Wet,Dark-Not Lighted
2022-06-11T16:38:00.000,I 75,I 75 and Exit 224 Hudson Bridge Rd,,Rear End,2,Clear,Dry,Daylight
2022-06-11T15:29:00.000,I 75,I 75 and Exit 224 Hudson Bridge Rd,,Rear End,3,Clear,Dry,Daylight
2024-10-11T13:00:00.000,I 75,I 75 and Exit 224 Hudson Birdge Rd,,Rear End,2,Clear,Dry,Daylight
2021-10-22T20:15:00.000,I 75,I 75 and Exit 224,,Rear End,2,Clear,Dry,Dark-Not Lighted
2021-12-06T17:21:00.000,I 75,I 75 and Exit 224,,Rear End,2,Rain,Wet,Dusk
2020-01-03T13:00:00.000,I 75,I 75 and Exit 224,,Rear End,2,Rain,Wet,Daylight
2020-02-05T10:30:00.000,I 75,I 75 and Exit 224,,Rear End,2,Cloudy,Wet,Daylight
2020-05-17T22:51:00.000,I 75,I 75 and Exit 224,,Rear End,2,Rain,Wet,Dark-Lighted
2020-04-25T00:20:00.000,I 75,I 75 and Exit 224,,Angle Crash,2,Clear,Dry,Dark-Not Lighted
2020-06-29T12:30:00.000,I 75,I 75 and Exit 224,,Rear End,2,Clear,Dry,Daylight
2020-05-04T00:14:00.000,I 75,I 75 and Exit 224,,Not a Collision with Motor Vehicle,1,Clear,Dry,Dark-Lighted
2021-05-05T16:41:00.000,I 75,I 75 and Exit 224,,Rear End,2,Clear,Dry,Daylight
2021-12-19T17:21:00.000,I 75,I 75 and Exit 224,,Rear End,2,Clear,Dry,Dark-Lighted
2021-10-24T19:07:00.000,I 75,I 75 and Exit 224,,Rear End,2,Clear,Dry,Dark-Lighted
2021-12-10T16:23:00.000,I 75,I 75 and Exit 224,,Rear End,2,Rain,Wet,Daylight
2021-09-04T13:40:00.000,I 75,I 75 and Exit 224,,Rear End,2,Clear,Dry,Dark-Not Lighted
2022-04-05T17:30:00.000,I 75,I 75 and Exit 224,,Angle Crash,2,Rain,Wet,Daylight
2022-06-21T07:23:00.000,I 75,I 75 and Exit 224,,Rear End,2,Clear,Dry,Daylight
2022-01-13T00:00:00.000,I 75,I 75 and Exit 224,,Rear End,2,Cloudy,Dry,Daylight
2022-07-09T21:25:00.000,I 75,I 75 and Exit 224,,Sideswipe-Same Direction,3,Clear,Dry,Dark-Not Lighted
2022-08-19T11:40:00.000,I 75,I 75 and Exit 224,,Rear End,2,Rain,Wet,Daylight
2022-01-09T18:30:00.000,I 75,I 75 and Exit 224,,Angle Crash,3,Rain,Wet,Dark-Lighted
2024-11-24T13:08:00.000,I 75,I 75 and Exit 224,,Sideswipe-Same Direction,2,Clear,Dry,Daylight