Date and Time,Roadway (From Crash Report),Intersection Name (from Crash Report),KABCO Severity,Manner of Collision (Crash Level) ,# of Vehicles per crash ,Weather Conditions (Crash Level),Surface Condition (Crash Level) ,Light Conditions (Crash Level)
2024-10-30T08:06:00.000,I 75,I 75 and Exit 224,,Rear End,2,Cloudy,Dry,Daylight
2024-12-03T16:30:00.000,I 75,I 75 and Exit 224,,Rear End,2,Clear,Dry,Daylight
2024-09-25T09:53:00.000,I 75,I 75 and Exit 224,,Sideswipe-Same Direction,2,Clear,Dry,Daylight
2024-10-14T11:36:00.000,I 75,I 75 and Exit 224,,Rear End,2,Clear,Dry,Daylight
2024-04-24T11:45:00.000,I 75,I 75 and Exit 224,,Sideswipe-Same Direction,2,Clear,Dry,Daylight
2024-12-03T13:23:00.000,I 75,I 75 and Exit 224,,Not a Collision with Motor Vehicle,3,Clear,Dry,Daylight
2024-09-28T11:29:00.000,I 75,I 75 and Exit 224,,Rear End,2,Clear,Dry,Daylight
2024-10-30T06:24:00.000,I 75,I 75 and Exit 224,,Sideswipe-Same Direction,2,Cloudy,Dry,Dark-Lighted
2024-05-08T13:03:00.000,I 75,I 75 and Exit 224,,Rear End,2,Clear,Dry,Daylight
2024-04-29T14:24:00.000,I 75,I 75 and Exit 224,,Not a Collision with Motor Vehicle,1,Clear,Dry,Daylight
2024-12-06T15:48:00.000,I 75,I 75 and Exit 224,,Not a Collision with Motor Vehicle,2,Clear,Dry,Daylight
2024-10-31T15:27:00.000,I 75,I 75 and Exit 224,,Sideswipe-Same Direction,2,Clear,Dry,Daylight
2024-10-26T11:31:00.000,I 75,I 75 and Exit 224,,Rear End,2,Clear,Dry,Daylight
2024-03-29T15:44:00.000,I 75,I 75 and Exit 224,,Rear End,2,Clear,Dry,Daylight
2024-06-12T11:24:00.000,I 75,I 75 and Exit 222: Jodeco Rd,,Sideswipe-Same Direction,2,Clear,Dry,Daylight
2021-08-21T10:30:00.000,I 75,I 75 and Exit 222 Jodeco Rd,,Rear End,2,Clear,Dry,Daylight
2021-04-30T23:06:00.000,I 75,I 75 and Exit 222 I75,,Not a Collision with Motor Vehicle,2,Clear,Dry,Dark-Not Lighted
2021-11-29T19:27:00.000,I 75,I 75 and Exit 222,,Rear End,2,Clear,Dry,Dark-Lighted
2021-05-14T12:56:00.000,I 75,I 75 and Exit 222,,Rear End,2,Clear,Dry,Daylight
2022-01-16T00:20:00.000,I 75,I 75 and Exit 222,,Angle Crash,2,Rain,Wet,Dark-Lighted
2024-04-19T16:46:00.000,I 75,I 75 and Exit 222,,Rear End,3,Clear,Dry,Daylight
2021-12-20T05:44:00.000,I 75,I 75 and Exit 221 Jonesboro Rd,,Angle Crash,2,Clear,Dry,Dark-Not Lighted
2022-01-12T20:30:00.000,I 75,I 75 and Exit 221 Jonesboro Rd,,Sideswipe-Opposite Direction,2,Clear,Dry,Dark-Not Lighted
2022-01-15T19:40:00.000,I 75,I 75 and Exit 221 Jonesboro Rd,,Sideswipe-Same Direction,2,Rain,Wet,Dark-Not Lighted
2024-11-25T12:10:00.000,I 75,I 75 and Exit 221 Jonesboro Rd,,Rear End,4,Clear,Dry,Daylight
2024-12-22T16:41:00.000,I 75,I 75 and Exit 221 Jonesboro Rd,,Rear End,2,Clear,Dry,Daylight
2021-09-16T17:32:00.000,I 75,I 75 and Exit 221 Jonesboro Exit,,Rear End,2,Rain,Wet,Daylight
2023-08-18T08:07:00.000,I 75,I 75 and Exit 221   Jonesboro Rd,,Sideswipe-Same Direction,2,Clear,Dry,Dark-Not Lighted
2022-06-10T14:50:00.000,I 75,I 75 and Exit 221   Jonesboro Rd,,Sideswipe-Same Direction,2,Clear,Dry,Daylight
2022-09-17T11:26:00.000,I 75,I 75 and Exit 221   Jonesboro Rd,,Rear End,2,Clear,Dry,Daylight
2024-06-30T13:47:00.000,I 75,I 75 and Exit 221   Jonesboro Rd,,Rear End,3,Clear,Dry,Dark-Lighted
2021-03-20T06:42:00.000,I 75,I 75 and Exit 221,,Not a Collision with Motor Vehicle,1,Clear,Dry,Dawn
2024-09-02T06:04:00.000,I 75,I 75 and Exit 221,,Sideswipe-Same Direction,2,Clear,Dry,Dark-Lighted
2024-12-21T18:23:00.000,I 75,I 75 and Exit 221,,Rear End,2,Clear,Dry,Dark-Lighted
2024-12-10T23:29:00.000,I 75,I 75 and Exit 221,,Not a Collision with Motor Vehicle,1,Rain,Wet,Dark-Not Lighted
2024-11-16T18:02:00.000,I 75,I 75 and Exit 221,,Rear End,2,Clear,Dry,Dark-Lighted
2023-10-08T17:05:00.000,I 75,I 75 and Exit 22 Off,,Not a Collision with Motor Vehicle,1,Clear,Dry,Daylight
2020-03-21T15:26:00.000,I 75,I 75 and Exit 218 Sr20,,Rear End,2,Clear,Dry,Daylight
2020-02-14T19:00:00.000,I 75,I 75 and Exit 218 Sr20,,Rear End,4,Clear,Dry,Dark-Not Lighted
2021-04-30T18:47:00.000,I 75,I 75 and Exit 218 Mcdonough-Hampton,,Rear End,3,Clear,Dry,Daylight
2024-10-19T20:31:00.000,I 75,I 75 and Exit 218 Mcdonough Hampton Rd,,Not a Collision with Motor Vehicle,2,Clear,Dry,Dark-Not Lighted
2024-12-29T18:04:00.000,I 75,I 75 and Exit 218 Mcdonough Hampton Rd,,Rear End,3,Clear,Dry,Dark-Lighted
2024-12-15T19:22:00.000,I 75,I 75 and Exit 218 Mcdonough Hampton Rd,,Sideswipe-Same Direction,2,Cloudy,Wet,Dark-Not Lighted
2024-11-09T20:15:00.000,I 75,I 75 and Exit 218 Mcdonough Hampton Rd,,Sideswipe-Same Direction,2,Clear,Dry,Dark-Lighted
2024-12-22T19:55:00.000,I 75,I 75 and Exit 218 Mcdonough Hampton Rd,,Rear End,2,Clear,Dry,Dark-Lighted
2024-12-02T21:13:00.000,I 75,I 75 and Exit 218 Mcdonough Hampton Rd,,Not a Collision with Motor Vehicle,2,Clear,Dry,Dark-Not Lighted
2024-11-19T14:26:00.000,I 75,I 75 and Exit 218 Mcdonough Hampton Rd,,Rear End,2,Rain,Wet,Daylight
2024-11-18T17:25:00.000,I 75,I 75 and Exit 218 Mcdonough Hampton Rd,,Angle Crash,2,Clear,Dry,Daylight
2024-08-18T01:12:00.000,I 75,I 75 and Exit 218 I75 Highway 20 81,,Angle Crash,2,Clear,Wet,Dark-Not Lighted
2023-11-27T14:41:00.000,I 75,I 75 and Exit 218 Hwy20 81,,Rear End,2,Clear,Dry,Daylight
2022-12-22T15:18:00.000,I 75,I 75 and Exit 218 Hwy 20 81,,Sideswipe-Same Direction,2,Cloudy,Dry,Daylight
2022-05-18T18:20:00.000,I 75,I 75 and Exit 218 Hwy 20 81,,Rear End,2,Clear,Dry,Daylight
2023-12-05T18:45:00.000,I 75,I 75 and Exit 218 Hwy 20 81,,Rear End,2,Clear,Dry,Dark-Not Lighted
2023-11-08T15:59:00.000,I 75,I 75 and Exit 218 Hwy 20 81,,Rear End,2,Clear,Dry,Daylight
2022-05-19T15:36:00.000,I 75,I 75 and Exit 218 Hwy 20,,Rear End,2,Clear,Dry,Daylight
2024-08-27T06:20:00.000,I 75,I 75 and Exit 218 Hwy 155,,Angle Crash,2,Clear,Dry,Dawn
2024-04-15T13:50:00.000,I 75,I 75 and Exit 218 Hwy 155,,Rear End,3,Clear,Dry,Daylight
2024-06-29T11:50:00.000,I 75,I 75 and Exit 218   Highway 20 81,,Sideswipe-Same Direction,2,Clear,Dry,Daylight
2021-10-20T23:43:00.000,I 75,I 75 and Exit 218,,Not a Collision with Motor Vehicle,1,Clear,Dry,Dark-Lighted
2021-10-15T19:13:00.000,I 75,I 75 and Exit 218,,Sideswipe-Same Direction,2,Clear,Dry,Dark-Lighted
2022-04-13T22:10:00.000,I 75,I 75 and Exit 218,,Angle Crash,3,Clear,Dry,Dark-Not Lighted
2020-09-25T18:03:00.000,I 75,I 75 and Exit 218,,Rear End,2,Cloudy,Dry,Daylight
2020-03-12T18:18:00.000,I 75,I 75 and Exit 218,,Sideswipe-Same Direction,3,Clear,Dry,Daylight
2020-09-17T20:00:00.000,I 75,I 75 and Exit 218,,Sideswipe-Same Direction,2,Rain,Wet,Dark-Not Lighted
2020-04-23T19:15:00.000,I 75,I 75 and Exit 218,,Rear End,2,Rain,Wet,Dusk
2020-06-29T14:52:00.000,I 75,I 75 and Exit 218,,Rear End,2,Clear,Dry,Daylight
2020-06-25T17:48:00.000,I 75,I 75 and Exit 218,,Head On,3,Rain,Water (standing or moving),Daylight
2021-08-30T06:30:00.000,I 75,I 75 and Exit 218,,Not a Collision with Motor Vehicle,1,Clear,Dry,Dawn
2022-11-08T10:28:00.000,I 75,I 75 and Exit 218,,Rear End,2,Clear,Dry,Daylight
2024-06-25T12:00:00.000,I 75,I 75 and Exit 218,,Sideswipe-Same Direction,2,Clear,Dry,Daylight
2022-03-16T16:16:00.000,I 75,I 75 and Exit 216: Mcdonough-Griffin,,Rear End,2,Clear,Dry,Daylight
2020-03-19T19:03:00.000,I 75,I 75 and Exit 216 Sr155,,Sideswipe-Same Direction,2,Clear,Dry,Daylight
2020-03-19T17:10:00.000,I 75,I 75 and Exit 216 Sr155,,Rear End,2,Clear,Dry,Daylight
2021-11-19T07:30:00.000,I 75,I 75 and Exit 216 On Rp,,Rear End,2,Clear,Dry,Dark-Not Lighted
2022-08-19T21:21:00.000,I 75,I 75 and Exit 216 I75,,Rear End,2,Clear,Dry,Dark-Not Lighted
2023-12-05T16:01:00.000,I 75,I 75 and Exit 216 Hwy 155,,Sideswipe-Same Direction,2,Clear,Dry,Daylight
2020-08-10T08:00:00.000,I 75,I 75 and Exit 216 Hwy 155,,Sideswipe-Same Direction,2,Cloudy,Dry,Daylight
2022-05-11T19:19:00.000,I 75,I 75 and Exit 216 Hwy 155,,Sideswipe-Same Direction,2,Clear,Dry,Daylight
2020-03-13T17:02:00.000,I 75,I 75 and Exit 216 Highway 155,,Sideswipe-Same Direction,2,Clear,Dry,Daylight
2024-11-03T03:45:00.000,I 75,I 75 and Exit 216 Highway 155,,Not a Collision with Motor Vehicle,1,Clear,Dry,Dark-Not Lighted
2024-09-24T15:20:00.000,I 75,I 75 and Exit 216 Highway 155,,Rear End,2,Clear,Dry,Daylight
2024-11-17T20:10:00.000,I 75,I 75 and Exit 216 Highway 155,,Not a Collision with Motor Vehicle,1,Clear,Dry,Dark-Not Lighted
2024-10-01T14:23:00.000,I 75,I 75 and Exit 216 Highway 155,,Not a Collision with Motor Vehicle,2,Clear,Dry,Daylight
2024-09-22T01:43:00.000,I 75,I 75 and Exit 216 Highway 155,,Rear End,2,Clear,Dry,Dark-Lighted
2024-09-22T20:47:00.000,I 75,I 75 and Exit 216 Highway 155,,Not a Collision with Motor Vehicle,1,Clear,Dry,Dark-Not Lighted
2024-04-25T19:37:00.000,I 75,I 75 and Exit 216 - Highway 155,,Rear End,2,Clear,Dry,Dusk
2021-11-12T12:41:00.000,I 75,I 75 and Exit 216,,Angle Crash,2,Clear,Dry,Daylight
2021-10-04T07:30:00.000,I 75,I 75 and Exit 216,,Angle Crash,2,Cloudy,Dry,Dark-Lighted
2020-09-11T17:05:00.000,I 75,I 75 and Exit 216,,Sideswipe-Same Direction,2,Clear,Dry,Daylight
2020-08-28T15:42:00.000,I 75,I 75 and Exit 216,,Rear End,2,Cloudy,Dry,Daylight
2020-02-14T13:15:00.000,I 75,I 75 and Exit 216,,Sideswipe-Same Direction,2,Clear,Dry,Daylight
2022-02-19T12:09:00.000,I 75,I 75 and Exit 216,,Sideswipe-Same Direction,2,Clear,Dry,Daylight
2024-01-23T06:57:00.000,I 75,I 75 and Exit 216,,Sideswipe-Same Direction,2,Rain,Wet,Dusk
2024-05-15T05:00:00.000,I 75,I 75 and Exit 216,,Rear End,2,Clear,Wet,Dark-Lighted
2024-04-01T22:39:00.000,I 75,I 75 and Exit 214,,Rear End,2,Clear,Dry,Dark-Not Lighted
2024-06-08T15:47:00.000,I 75,I 75 and Exit 212 Off Rp,,Not a Collision with Motor Vehicle,1,Clear,Dry,Daylight
2023-02-11T12:45:00.000,I 75,I 75 and Exit 212 Off Rp,,Rear End,2,Rain,Wet,Daylight
2023-10-11T06:11:00.000,I 75,I 75 and Exit 212 Entrance Rp,,Sideswipe-Same Direction,3,Clear,Dry,Dark-Not Lighted
2022-03-17T01:31:00.000,I 75,I 75 and Exit 212 Bill Gardner Pkwy.,,Sideswipe-Same Direction,2,Cloudy,Wet,Dark-Lighted
2020-05-22T22:05:00.000,I 75,I 75 and Exit 212 Bill Gardner Pkwy,,Sideswipe-Same Direction,2,Clear,Dry,Dark-Not Lighted
2020-01-09T16:35:00.000,I 75,I 75 and Exit 212 Bill Gardner Pkwy,,Not a Collision with Motor Vehicle,2,Clear,Dry,Daylight
2020-01-31T15:10:00.000,I 75,I 75 and Exit 212 Bill Gardner Pkwy,,Rear End,3,Rain,Wet,Daylight
2020-01-23T05:10:00.000,I 75,I 75 and Exit 212 Bill Gardner Pkwy,,Head On,1,Clear,Dry,Dark-Not Lighted
2020-01-22T08:50:00.000,I 75,I 75 and Exit 212 Bill Gardner Pkwy,,Rear End,2,Clear,Dry,Daylight
2023-11-01T01:30:00.000,I 75,I 75 and Exit 212 Bill Gardner Pkwy,,Not a Collision with Motor Vehicle,1,Clear,Dry,Dark-Lighted
2021-02-05T00:43:00.000,I 75,I 75 and Exit 212,,Sideswipe-Same Direction,2,Cloudy,Dry,Dark-Lighted
2021-11-22T18:55:00.000,I 75,I 75 and Exit 212,,Rear End,2,Clear,Dry,Dark-Not Lighted
2022-11-21T20:20:00.000,I 75,I 75 and Exit 212,,Sideswipe-Same Direction,2,Clear,Dry,Dark-Not Lighted
2022-08-30T09:55:00.000,I 75,I 75 and Exit 212,,Not a Collision with Motor Vehicle,2,Cloudy,Dry,Daylight
2020-10-24T05:40:00.000,I 75,I 75 and Exit 212,,Sideswipe-Same Direction,2,Rain,Wet,Daylight
2020-05-29T18:19:00.000,I 75,I 75 and Exit 212,,Rear End,2,Clear,Dry,Daylight
2020-12-19T16:27:00.000,I 75,I 75 and Exit 212,,Rear End,2,Clear,Dry,Daylight
2021-09-13T13:00:00.000,I 75,I 75 and Exit 212,,Rear End,2,Clear,Dry,Daylight
2021-11-22T17:40:00.000,I 75,I 75 and Exit 212,,Sideswipe-Same Direction,2,Clear,Dry,Dark-Not Lighted
2022-01-28T12:32:00.000,I 75,I 75 and Exit 212,,Rear End,2,Clear,Dry,Daylight
2022-01-05T03:00:00.000,I 75,I 75 and Exit 212,,Not a Collision with Motor Vehicle,2,Clear,Dry,Daylight
2022-01-25T20:30:00.000,I 75,I 75 and Exit 212,,Not a Collision with Motor Vehicle,1,Clear,Dry,Dark-Not Lighted
2023-12-29T17:56:00.000,I 75,I 75 and Exit 212,,Rear End,2,Clear,Dry,Daylight
2024-11-01T12:48:00.000,I 75,I 75 and Exit 212,,Rear End,2,Clear,Dry,Daylight
2024-07-23T17:00:00.000,I 75,I 75 and Exit 212,,Rear End,2,Clear,Dry,Daylight
2024-06-28T21:11:00.000,I 75,I 75 and Exit 212,,Rear End,2,Rain,Wet,Dark-Not Lighted
2024-10-22T16:53:00.000,I 75,I 75 and Exit 212,,Rear End,2,Clear,Dry,Daylight
2020-07-19T18:45:00.000,I 75,I 75 and Exit 205 On Rp,,Not a Collision with Motor Vehicle,2,Clear,Dry,Daylight
2020-08-20T12:15:00.000,I 75,I 75 and Exit 205 N On Rp,,Sideswipe-Same Direction,2,Clear,Dry,Daylight
2021-08-17T06:00:00.000,I 75,I 75 and Exit 205,,Not a Collision with Motor Vehicle,1,Rain,Water (standing or moving),Dark-Not Lighted
2020-11-14T22:26:00.000,I 75,I 75 and Exit 205,,Not a Collision with Motor Vehicle,1,Clear,Dry,Dark-Not Lighted
2024-06-10T12:05:00.000,I 75,I 75 and Exit 205,,Angle Crash,2,Clear,Dry,Daylight
2024-03-13T06:30:00.000,I 75,I 75 and Exit 205,,Not a Collision with Motor Vehicle,1,Cloudy,Dry,Dark-Not Lighted
2024-07-21T14:10:00.000,I 75,I 75 and Exit 205,,Angle Crash,2,Rain,Wet,Daylight
2023-10-18T09:16:00.000,I 75,I 75 and Exit 201 Hwy 36,,Not a Collision with Motor Vehicle,1,Clear,Dry,Daylight
2024-05-05T07:03:00.000,I 75,I 75 and Exit 201 Highway 36,,Sideswipe-Same Direction,2,Clear,Dry,Daylight
2022-06-01T09:06:00.000,I 75,I 75 and Exit 201 Highway 16,,Sideswipe-Same Direction,3,Clear,Dry,Daylight
2023-04-02T03:46:00.000,I 75,I 75 and Exit 201,,Not a Collision with Motor Vehicle,1,Clear,Dry,Dark-Not Lighted
2020-08-08T15:45:00.000,I 75,I 75 and Exit 201,,Not a Collision with Motor Vehicle,1,Clear,Dry,Daylight
2020-09-19T15:35:00.000,I 75,I 75 and Exit 201,,Rear End,2,Cloudy,Dry,Daylight
2022-04-10T13:01:00.000,I 75,I 75 and Exit 201,,Rear End,2,Clear,Dry,Daylight
2022-05-29T01:30:00.000,I 75,I 75 and Exit 201,,Sideswipe-Same Direction,2,Clear,Dry,Dark-Not Lighted
2024-10-11T17:05:00.000,I 75,I 75 and Exit 201,,Rear End,2,Clear,Dry,Daylight
2024-04-05T09:40:00.000,I 75,I 75 and Exit 201,,Sideswipe-Same Direction,2,Clear,Dry,Daylight
2024-10-08T14:35:00.000,I 75,I 75 and Exit 201,,Rear End,2,Clear,Dry,Daylight
2020-06-04T08:19:00.000,I 75,I 75 and Exit 2 Lake Park Bellville Ro,,Rear End,2,Clear,Dry,Daylight
2020-11-25T21:03:00.000,I 75,I 75 and Exit 2 Lake Park Bellville Ro,,Not a Collision with Motor Vehicle,3,Clear,Dry,Dark-Not Lighted
2020-11-06T05:21:00.000,I 75,I 75 and Exit 2,,Not a Collision with Motor Vehicle,1,Fog,Dry,Dark-Not Lighted
2022-04-04T08:18:00.000,I 75,I 75 and Exit 198 High Falls Park Rd,,(None),2,(None),(None),(None)
2023-02-10T05:31:00.000,I 75,I 75 and Exit 198,,(None),1,(None),(None),(None)
2023-10-12T03:19:00.000,I 75,I 75 and Exit 198,,Not a Collision with Motor Vehicle,1,Rain,Wet,Dark-Not Lighted
2022-09-07T07:33:00.000,I 75,I 75 and Exit 188 Rp,,Sideswipe-Same Direction,2,Clear,Dry,Daylight
2021-12-06T15:27:00.000,I 75,I 75 and Exit 188,,Not a Collision with Motor Vehicle,1,Clear,Wet,Daylight
2020-07-18T18:36:00.000,I 75,I 75 and Exit 188,,Angle Crash,2,Clear,Dry,Daylight
2020-07-21T13:45:00.000,I 75,I 75 and Exit 188,,Not a Collision with Motor Vehicle,1,Rain,Wet,Daylight
2022-06-27T18:09:00.000,I 75,I 75 and Exit 188,,Not a Collision with Motor Vehicle,1,Rain,Wet,Dusk
2022-04-04T00:54:00.000,I 75,I 75 and Exit 188,,Sideswipe-Same Direction,2,Clear,Dry,Dark-Lighted
2022-10-12T18:45:00.000,I 75,I 75 and Exit 188,,Not a Collision with Motor Vehicle,1,Rain,Wet,Dark-Lighted
2023-08-08T03:37:00.000,I 75,I 75 and Exit 188,,Not a Collision with Motor Vehicle,1,Clear,Dry,Dark-Lighted
2023-12-10T16:48:00.000,I 75,I 75 and Exit 187 Offramp,,Angle Crash,2,Rain,Wet,Daylight
2023-01-22T15:39:00.000,I 75,I 75 and Exit 187 Off Rp,,Angle Crash,1,Rain,Wet,Daylight
2022-05-23T07:33:00.000,I 75,I 75 and Exit 187 Lee St. Cabiniss Rd.,,Angle Crash,1,Rain,Wet,Daylight
2021-05-26T22:40:00.000,I 75,I 75 and Exit 187,,Sideswipe-Same Direction,2,Clear,Dry,Dark-Lighted
2021-03-25T16:00:00.000,I 75,I 75 and Exit 187,,Sideswipe-Same Direction,2,Cloudy,Dry,Daylight
2023-12-18T18:12:00.000,I 75,I 75 and Exit 187,,Not a Collision with Motor Vehicle,1,Clear,Dry,Dark-Lighted
2023-03-27T07:56:00.000,I 75,I 75 and Exit 187,,Angle Crash,1,Rain,Wet,Daylight
2023-07-07T16:07:00.000,I 75,I 75 and Exit 187,,Not a Collision with Motor Vehicle,1,Rain,Wet,Daylight
2020-01-03T14:53:00.000,I 75,I 75 and Exit 187,,Not a Collision with Motor Vehicle,1,Rain,Wet,Daylight
2020-07-12T16:01:00.000,I 75,I 75 and Exit 187,,Sideswipe-Same Direction,2,Clear,Dry,Daylight
2020-02-18T07:14:00.000,I 75,I 75 and Exit 187,,Not a Collision with Motor Vehicle,1,Rain,Wet,Dawn
2020-04-19T09:05:00.000,I 75,I 75 and Exit 187,,Not a Collision with Motor Vehicle,1,Rain,Wet,Daylight
2022-02-21T17:49:00.000,I 75,I 75 and Exit 187,,Head On,1,Rain,Wet,Dark-Lighted
2022-06-16T03:12:00.000,I 75,I 75 and Exit 187,,Angle Crash,4,Clear,Dry,Dark-Not Lighted
2022-04-02T00:55:00.000,I 75,I 75 and Exit 187,,Rear End,2,Clear,Dry,Dark-Lighted
2022-07-08T14:34:00.000,I 75,I 75 and Exit 187,,Angle Crash,1,Rain,Wet,Daylight
2024-03-12T18:52:00.000,I 75,I 75 and Exit 187,,Rear End,2,Clear,Dry,Daylight
2024-02-04T18:50:00.000,I 75,I 75 and Exit 187,,Not a Collision with Motor Vehicle,1,Rain,Wet,Dark-Lighted
2021-11-28T13:25:00.000,I 75,I 75 and Exit 186 Juliette Road Exit,,Rear End,2,Clear,Dry,Daylight
2022-12-24T16:01:00.000,I 75,I 75 and Exit 186  Juliette Rd,,Rear End,2,Clear,Dry,Daylight
2020-04-19T12:47:00.000,I 75,I 75 and Exit 186,,Not a Collision with Motor Vehicle,1,Rain,Wet,Daylight
2020-04-19T12:05:00.000,I 75,I 75 and Exit 186,,Not a Collision with Motor Vehicle,1,Rain,Wet,Daylight
2020-04-23T10:05:00.000,I 75,I 75 and Exit 186,,Not a Collision with Motor Vehicle,1,Rain,Wet,Daylight
2022-04-03T16:05:00.000,I 75,I 75 and Exit 186,,Rear End,3,Clear,Dry,Daylight
2022-01-20T16:55:00.000,I 75,I 75 and Exit 186,,Sideswipe-Same Direction,3,Clear,Dry,Daylight
2022-06-18T13:23:00.000,I 75,I 75 and Exit 186,,Sideswipe-Same Direction,2,Clear,Dry,Daylight
2024-03-06T08:00:00.000,I 75,I 75 and Exit 186,,Angle Crash,1,Rain,Water (standing or moving),Daylight
2022-06-09T13:43:00.000,I 75,I 75 and Exit 185 Highway 18,,Sideswipe-Same Direction,2,Clear,Dry,Daylight
2024-02-12T13:21:00.000,I 75,I 75 and Exit 185 Highway 18,,Head On,2,Rain,Wet,Daylight
2021-10-01T10:47:00.000,I 75,I 75 and Exit 185,,Not a Collision with Motor Vehicle,2,Clear,Dry,Daylight
2020-04-19T09:35:00.000,I 75,I 75 and Exit 185,,Not a Collision with Motor Vehicle,1,Rain,Wet,Daylight
2020-03-11T15:02:00.000,I 75,I 75 and Exit 185,,Sideswipe-Same Direction,2,Cloudy,Dry,Daylight
2021-11-28T19:35:00.000,I 75,I 75 and Exit 185,,Rear End,2,Clear,Dry,Dark-Lighted
2021-12-27T16:56:00.000,I 75,I 75 and Exit 185,,Rear End,2,Cloudy,Dry,Daylight
2022-10-10T05:11:00.000,I 75,I 75 and Exit 185,,Not a Collision with Motor Vehicle,1,Clear,Dry,Dark-Lighted
2023-06-08T13:00:00.000,I 75,I 75 and Exit 18    N. St Augustine Rd,,Angle Crash,2,Clear,Dry,Daylight
2020-07-12T13:54:00.000,I 75,I 75 and Exit 18,,Rear End,2,Clear,Dry,Daylight
2022-06-12T16:15:00.000,I 75,I 75 and Exit 18,,Sideswipe-Same Direction,2,Cloudy,Wet,Daylight
2020-01-24T07:35:00.000,I 75,I 75 and Exit 172 Off-Ramp,,Rear End,2,Rain,Wet,Dawn
2023-08-15T04:30:00.000,I 75,I 75 and Exit 172,,Not a Collision with Motor Vehicle,1,Clear,Dry,Dark-Lighted
2023-08-07T05:35:00.000,I 75,I 75 and Exit 172,,Not a Collision with Motor Vehicle,2,Clear,Dry,Daylight
2023-04-15T02:30:00.000,I 75,I 75 and Exit 172,,Sideswipe-Same Direction,2,Clear,Dry,Dark-Not Lighted
2023-08-15T04:30:00.000,I 75,I 75 and Exit 172,,Not a Collision with Motor Vehicle,1,Clear,Dry,Dark-Not Lighted
2023-11-02T09:09:00.000,I 75,I 75 and Exit 172,,Sideswipe-Same Direction,2,Clear,Dry,Daylight
2023-11-15T11:21:00.000,I 75,I 75 and Exit 172,,Not a Collision with Motor Vehicle,1,Cloudy,Dry,Daylight
2023-04-12T15:05:00.000,I 75,I 75 and Exit 172,,Sideswipe-Same Direction,2,Clear,Dry,Daylight
2024-12-19T11:58:00.000,I 75,I 75 and Exit 172,,Rear End,2,Clear,Dry,Daylight
2021-04-17T03:08:00.000,I 75,I 75 and Exit 171,,Not a Collision with Motor Vehicle,1,Clear,Dry,Dark-Lighted
2021-06-03T17:20:00.000,I 75,I 75 and Exit 171,,Not a Collision with Motor Vehicle,1,Cloudy,Wet,Daylight
2020-03-13T14:51:00.000,I 75,I 75 and Exit 171,,Rear End,2,Clear,Dry,Daylight
2022-03-10T21:20:00.000,I 75,I 75 and Exit 171,,Sideswipe-Same Direction,2,Clear,Dry,Dark-Lighted
2022-11-27T23:04:00.000,I 75,I 75 and Exit 171,,Not a Collision with Motor Vehicle,1,Clear,Dry,Dark-Lighted
2022-08-26T09:17:00.000,I 75,I 75 and Exit 171,,Sideswipe-Same Direction,2,Clear,Dry,Daylight
2024-02-04T19:20:00.000,I 75,I 75 and Exit 171,,Not a Collision with Motor Vehicle,1,Rain,Water (standing or moving),Dark-Lighted
2023-12-10T17:45:00.000,I 75,I 75 and Exit 171,,Not a Collision with Motor Vehicle,1,Rain,Water (standing or moving),Dark-Lighted
2023-08-06T15:55:00.000,I 75,I 75 and Exit 171,,Rear End,2,Cloudy,Wet,Daylight
2023-11-21T19:53:00.000,I 75,I 75 and Exit 171,,Not a Collision with Motor Vehicle,1,Rain,Wet,Dark-Lighted
2024-01-18T18:24:00.000,I 75,I 75 and Exit 171,,Sideswipe-Same Direction,2,Clear,Dry,Dark-Lighted
2024-02-11T11:55:00.000,I 75,I 75 and Exit 171,,Not a Collision with Motor Vehicle,1,Rain,Wet,Daylight
2024-03-22T16:31:00.000,I 75,I 75 and Exit 171,,Not a Collision with Motor Vehicle,1,Rain,Wet,Daylight
2024-03-29T21:21:00.000,I 75,I 75 and Exit 171,,Sideswipe-Same Direction,2,Clear,Dry,Dark-Not Lighted
2024-12-11T00:12:00.000,I 75,I 75 and Exit 171,,Not a Collision with Motor Vehicle,1,Rain,Wet,Dark-Not Lighted
2024-01-09T08:59:00.000,I 75,I 75 and Exit 171,,Sideswipe-Same Direction,2,Rain,Wet,Daylight
2024-12-11T06:33:00.000,I 75,I 75 and Exit 171,,Not a Collision with Motor Vehicle,1,Rain,Water (standing or moving),Dark-Not Lighted
2024-12-23T14:57:00.000,I 75,I 75 and Exit 171,,Sideswipe-Same Direction,4,Clear,Dry,Daylight
2023-11-10T09:37:00.000,I 75,I 75 and Exit 169,,Not a Collision with Motor Vehicle,1,Cloudy,Dry,Daylight
2023-07-28T14:29:00.000,I 75,I 75 and Exit 169,,Rear End,2,Rain,Wet,Daylight
2022-04-30T16:12:00.000,I 75,I 75 and Exit 169,,Rear End,2,Clear,Dry,Daylight