Date and Time,Roadway (From Crash Report),Intersection Name (from Crash Report),KABCO Severity,Manner of Collision (Crash Level) ,# of Vehicles per crash ,Weather Conditions (Crash Level),Surface Condition (Crash Level) ,Light Conditions (Crash Level)
2024-10-28T17:15:00.000,I 75,I 75 and Exit 169,,Not a Collision with Motor Vehicle,2,Clear,Dry,Daylight
2023-02-01T10:13:00.000,I 75,I 75 and Exit 169,,Sideswipe-Same Direction,2,Cloudy,Dry,Daylight
2023-06-16T15:45:00.000,I 75,I 75 and Exit 169,,Rear End,2,Clear,Dry,Daylight
2024-03-28T11:50:00.000,I 75,I 75 and Exit 169,,Rear End,2,Clear,Dry,Daylight
2024-11-22T21:15:00.000,I 75,I 75 and Exit 169,,Rear End,2,Clear,Dry,Dark-Lighted
2024-03-01T15:25:00.000,I 75,I 75 and Exit 169,,Rear End,2,Rain,Wet,Daylight
2024-05-11T05:30:00.000,I 75,I 75 and Exit 169,,Not a Collision with Motor Vehicle,1,Clear,Dry,Daylight
2022-08-05T19:38:00.000,I 75,I 75 and Exit 167 Off Rp,,Not a Collision with Motor Vehicle,1,Cloudy,Dry,Daylight
2023-11-26T15:36:00.000,I 75,I 75 and Exit 167,,Rear End,2,Rain,Water (standing or moving),Daylight
2023-04-24T13:32:00.000,I 75,I 75 and Exit 167,,Not a Collision with Motor Vehicle,1,Clear,Dry,Daylight
2023-05-17T20:00:00.000,I 75,I 75 and Exit 167,,Not a Collision with Motor Vehicle,1,Rain,Wet,Daylight
2023-02-17T00:00:00.000,I 75,I 75 and Exit 167,,Sideswipe-Same Direction,2,Clear,Dry,Daylight
2023-11-27T16:22:00.000,I 75,I 75 and Exit 167,,Rear End,4,Clear,Dry,Daylight
2023-07-23T16:44:00.000,I 75,I 75 and Exit 167,,Rear End,3,Cloudy,Wet,Daylight
2020-09-22T16:14:00.000,I 75,I 75 and Exit 167,,Not a Collision with Motor Vehicle,1,Cloudy,Dry,Daylight
2020-10-07T14:00:00.000,I 75,I 75 and Exit 167,,Rear End,2,Clear,Dry,Daylight
2021-05-03T11:36:00.000,I 75,I 75 and Exit 167,,Sideswipe-Same Direction,2,Cloudy,Dry,Daylight
2022-06-16T00:00:00.000,I 75,I 75 and Exit 167,,Rear End,3,Clear,Dry,Dark-Lighted
2022-08-12T17:38:00.000,I 75,I 75 and Exit 167,,Rear End,3,Clear,Dry,Daylight
2022-02-04T07:06:00.000,I 75,I 75 and Exit 167,,Not a Collision with Motor Vehicle,1,Clear,Dry,Dawn
2023-10-03T08:14:00.000,I 75,I 75 and Exit 167,,Sideswipe-Same Direction,2,Clear,Dry,Daylight
2023-07-16T15:12:00.000,I 75,I 75 and Exit 167,,Rear End,2,Clear,Dry,Daylight
2023-11-26T00:00:00.000,I 75,I 75 and Exit 167,,Rear End,2,Rain,Wet,Dark-Lighted
2023-07-21T18:24:00.000,I 75,I 75 and Exit 167,,Rear End,2,Clear,Dry,Daylight
2023-05-18T12:20:00.000,I 75,I 75 and Exit 167,,Rear End,2,Cloudy,Dry,Daylight
2024-09-22T14:47:00.000,I 75,I 75 and Exit 167,,Rear End,2,Clear,Dry,Daylight
2024-05-18T00:15:00.000,I 75,I 75 and Exit 167,,Sideswipe-Same Direction,2,Cloudy,Wet,Daylight
2024-11-30T18:43:00.000,I 75,I 75 and Exit 167,,Not a Collision with Motor Vehicle,1,Clear,Dry,Dark-Lighted
2024-05-07T19:11:00.000,I 75,I 75 and Exit 167,,Sideswipe-Same Direction,2,Clear,Dry,Daylight
2024-04-15T10:12:00.000,I 75,I 75 and Exit 167,,Not a Collision with Motor Vehicle,2,Clear,Dry,Daylight
2024-08-27T08:01:00.000,I 75,I 75 and Exit 167,,Not a Collision with Motor Vehicle,1,Clear,Dry,Daylight
2024-11-22T16:08:00.000,I 75,I 75 and Exit 167,,Rear End,2,Clear,Dry,Daylight
2024-08-02T17:34:00.000,I 75,I 75 and Exit 167,,Rear End,2,Clear,Dry,Daylight
2024-09-22T14:10:00.000,I 75,I 75 and Exit 165 Entrance Rp,,Rear End,4,Clear,Dry,Daylight
2023-06-07T11:58:00.000,I 75,I 75 and Exit 165,,Rear End,2,Clear,Dry,Daylight
2023-05-23T19:40:00.000,I 75,I 75 and Exit 165,,Not a Collision with Motor Vehicle,2,Clear,Dry,Daylight
2023-11-01T11:56:00.000,I 75,I 75 and Exit 165,,Rear End,2,Clear,Dry,Daylight
2023-05-11T13:41:00.000,I 75,I 75 and Exit 165,,Rear End,2,Clear,Dry,Daylight
2023-11-28T15:37:00.000,I 75,I 75 and Exit 165,,Rear End,2,Clear,Dry,Daylight
2023-04-13T11:29:00.000,I 75,I 75 and Exit 165,,Sideswipe-Same Direction,2,Rain,Wet,Daylight
2023-10-30T06:50:00.000,I 75,I 75 and Exit 165,,Not a Collision with Motor Vehicle,1,Clear,Dry,Dark-Lighted
2023-09-28T07:22:00.000,I 75,I 75 and Exit 165,,Sideswipe-Same Direction,2,Clear,Dry,Daylight
2023-11-18T15:36:00.000,I 75,I 75 and Exit 165,,Rear End,3,Clear,Dry,Daylight
2022-06-12T08:54:00.000,I 75,I 75 and Exit 165,,Sideswipe-Same Direction,2,Clear,Dry,Daylight
2022-06-11T14:36:00.000,I 75,I 75 and Exit 165,,Not a Collision with Motor Vehicle,2,Clear,Dry,Daylight
2022-11-20T15:56:00.000,I 75,I 75 and Exit 165,,Sideswipe-Same Direction,2,Clear,Dry,Daylight
2022-07-21T06:30:00.000,I 75,I 75 and Exit 165,,Angle Crash,2,Clear,Dry,Dark-Lighted
2022-03-24T11:13:00.000,I 75,I 75 and Exit 165,,Sideswipe-Same Direction,2,Clear,Dry,Daylight
2022-11-12T12:55:00.000,I 75,I 75 and Exit 165,,Sideswipe-Same Direction,2,Clear,Dry,Daylight
2022-10-07T17:38:00.000,I 75,I 75 and Exit 165,,Rear End,2,Clear,Dry,Daylight
2022-05-02T08:55:00.000,I 75,I 75 and Exit 165,,Rear End,2,Clear,Dry,Daylight
2022-12-19T12:24:00.000,I 75,I 75 and Exit 165,,Rear End,2,Clear,Dry,Daylight
2022-02-21T16:46:00.000,I 75,I 75 and Exit 165,,Sideswipe-Same Direction,2,Rain,Wet,Daylight
2022-05-04T19:45:00.000,I 75,I 75 and Exit 165,,Rear End,2,Clear,Dry,Daylight
2022-08-31T17:21:00.000,I 75,I 75 and Exit 165,,Rear End,3,Clear,Dry,Daylight
2022-05-02T13:25:00.000,I 75,I 75 and Exit 165,,Sideswipe-Same Direction,2,Clear,Dry,Daylight
2022-01-08T12:46:00.000,I 75,I 75 and Exit 165,,Not a Collision with Motor Vehicle,1,Clear,Dry,Daylight
2022-04-07T00:00:00.000,I 75,I 75 and Exit 165,,Rear End,2,Clear,Dry,Daylight
2022-04-30T18:04:00.000,I 75,I 75 and Exit 165,,Sideswipe-Same Direction,2,Clear,Dry,Daylight
2022-03-26T20:43:00.000,I 75,I 75 and Exit 165,,Rear End,2,Clear,Dry,Dark-Lighted
2022-01-17T16:54:00.000,I 75,I 75 and Exit 165,,Sideswipe-Same Direction,2,Cloudy,Dry,Daylight
2022-04-30T12:00:00.000,I 75,I 75 and Exit 165,,Not a Collision with Motor Vehicle,1,Clear,Dry,Daylight
2022-10-15T16:55:00.000,I 75,I 75 and Exit 165,,Not a Collision with Motor Vehicle,1,Clear,Dry,Daylight
2022-10-14T17:30:00.000,I 75,I 75 and Exit 165,,Sideswipe-Same Direction,2,Clear,Dry,Daylight
2022-05-19T06:32:00.000,I 75,I 75 and Exit 165,,Sideswipe-Same Direction,2,Clear,Dry,Daylight
2023-12-09T12:05:00.000,I 75,I 75 and Exit 165,,Not a Collision with Motor Vehicle,1,Rain,Wet,Daylight
2023-10-11T18:59:00.000,I 75,I 75 and Exit 165,,Rear End,2,Clear,Wet,Dark-Lighted
2023-01-19T11:19:00.000,I 75,I 75 and Exit 165,,Sideswipe-Same Direction,2,Cloudy,Dry,Daylight
2023-04-03T06:37:00.000,I 75,I 75 and Exit 165,,Sideswipe-Same Direction,2,Clear,Dry,Dawn
2023-11-16T14:20:00.000,I 75,I 75 and Exit 165,,Rear End,2,Clear,Dry,Daylight
2023-02-16T16:36:00.000,I 75,I 75 and Exit 165,,Sideswipe-Same Direction,4,Clear,Dry,Daylight
2023-03-24T18:24:00.000,I 75,I 75 and Exit 165,,Rear End,2,Cloudy,Dry,Daylight
2024-01-25T11:31:00.000,I 75,I 75 and Exit 165,,Sideswipe-Same Direction,2,Clear,Dry,Daylight
2022-06-26T22:36:00.000,I 75,I 75 and Exit 164 Hardeman Ave,,Rear End,2,Cloudy,Dry,Dark-Not Lighted
2021-04-05T06:39:00.000,I 75,I 75 and Exit 164,,Angle Crash,2,Clear,Dry,Dark-Lighted
2023-05-09T00:00:00.000,I 75,I 75 and Exit 164,,Angle Crash,4,Clear,Dry,Daylight
2020-11-08T12:15:00.000,I 75,I 75 and Exit 164,,Not a Collision with Motor Vehicle,1,Clear,Dry,Daylight
2022-06-06T18:07:00.000,I 75,I 75 and Exit 164,,Not a Collision with Motor Vehicle,1,Clear,Dry,Daylight
2022-01-26T17:42:00.000,I 75,I 75 and Exit 164,,Sideswipe-Same Direction,2,Clear,Dry,Dark-Lighted
2022-10-18T08:52:00.000,I 75,I 75 and Exit 164,,Rear End,2,Clear,Dry,Daylight
2022-02-28T17:33:00.000,I 75,I 75 and Exit 164,,Sideswipe-Same Direction,2,Clear,Dry,Daylight
2022-07-03T17:32:00.000,I 75,I 75 and Exit 164,,Rear End,2,Rain,Wet,Daylight
2022-12-15T08:21:00.000,I 75,I 75 and Exit 164,,Rear End,3,Cloudy,Wet,Daylight
2024-09-21T00:00:00.000,I 75,I 75 and Exit 164,,Sideswipe-Same Direction,2,Clear,Dry,Daylight
2024-05-29T17:35:00.000,I 75,I 75 and Exit 164,,Angle Crash,2,Clear,Dry,Daylight
2024-08-29T19:45:00.000,I 75,I 75 and Exit 164,,Angle Crash,2,Clear,Dry,Daylight
2023-01-23T11:59:00.000,I 75,I 75 and Exit 164,,Rear End,2,Clear,Dry,Daylight
2024-01-12T12:34:00.000,I 75,I 75 and Exit 164,,Rear End,6,Rain,Wet,Daylight
2024-08-16T12:28:00.000,I 75,I 75 and Exit 164,,Sideswipe-Same Direction,2,Clear,Dry,Daylight
2024-06-07T17:47:00.000,I 75,I 75 and Exit 164,,Sideswipe-Same Direction,2,Clear,Dry,Daylight
2024-08-20T13:52:00.000,I 75,I 75 and Exit 164,,Sideswipe-Same Direction,2,Clear,Dry,Daylight
2024-06-12T08:42:00.000,I 75,I 75 and Exit 164,,Sideswipe-Same Direction,2,Clear,Dry,Daylight
2024-08-22T13:28:00.000,I 75,I 75 and Exit 164,,Angle Crash,2,Clear,Dry,Daylight
2023-05-02T21:50:00.000,I 75,I 75 and Exit 163,,Sideswipe-Same Direction,2,Clear,Dry,Dark-Not Lighted
2023-01-22T00:00:00.000,I 75,I 75 and Exit 163,,Rear End,2,Clear,Wet,Daylight
2022-08-25T12:15:00.000,I 75,I 75 and Exit 163,,Not a Collision with Motor Vehicle,1,Rain,Wet,Daylight
2022-03-04T01:44:00.000,I 75,I 75 and Exit 163,,Head On,2,Clear,Dry,Dark-Lighted
2022-04-26T16:40:00.000,I 75,I 75 and Exit 163,,Not a Collision with Motor Vehicle,1,Clear,Dry,Daylight
2023-02-13T10:47:00.000,I 75,I 75 and Exit 163,,Rear End,2,Clear,Dry,Daylight
2023-02-13T10:48:00.000,I 75,I 75 and Exit 163,,Rear End,3,Clear,Dry,Daylight
2024-10-03T10:25:00.000,I 75,I 75 and Exit 163,,Sideswipe-Same Direction,2,Clear,Dry,Daylight
2024-12-29T07:34:00.000,I 75,I 75 and Exit 163,,Not a Collision with Motor Vehicle,1,Rain,Water (standing or moving),Dusk
2024-12-15T23:56:00.000,I 75,I 75 and Exit 163,,Not a Collision with Motor Vehicle,1,Clear,Dry,Dark-Not Lighted
2024-12-10T21:13:00.000,I 75,I 75 and Exit 163,,Not a Collision with Motor Vehicle,1,Rain,Wet,Dark-Lighted
2024-08-23T15:35:00.000,I 75,I 75 and Exit 163,,Not a Collision with Motor Vehicle,2,Clear,Dry,Daylight
2023-01-11T07:49:00.000,I 75,I 75 and Exit 162,,Rear End,3,Cloudy,Dry,Daylight
2022-02-09T07:22:00.000,I 75,I 75 and Exit 162,,Sideswipe-Same Direction,2,Clear,Dry,Dark-Lighted
2024-03-16T14:03:00.000,I 75,I 75 and Exit 162,,Not a Collision with Motor Vehicle,1,Clear,Dry,Daylight
2024-08-17T20:05:00.000,I 75,I 75 and Exit 162,,Sideswipe-Same Direction,2,Clear,Dry,Dusk
2024-06-05T16:43:00.000,I 75,I 75 and Exit 162,,Sideswipe-Same Direction,2,Clear,Dry,Daylight
2023-10-09T14:18:00.000,I 75,I 75 and Exit 160B,,Sideswipe-Same Direction,2,Clear,Dry,Daylight
2023-03-17T20:39:00.000,I 75,I 75 and Exit 160B,,Sideswipe-Same Direction,2,Rain,Wet,Dark-Lighted
2023-08-10T10:42:00.000,I 75,I 75 and Exit 160B,,Not a Collision with Motor Vehicle,1,Rain,Water (standing or moving),Daylight
2023-02-11T15:20:00.000,I 75,I 75 and Exit 160B,,Sideswipe-Same Direction,2,Rain,Wet,Daylight
2022-06-10T08:59:00.000,I 75,I 75 and Exit 160B,,Sideswipe-Same Direction,2,Clear,Dry,Daylight
2022-09-01T21:15:00.000,I 75,I 75 and Exit 160B,,Angle Crash,2,Cloudy,Dry,Dark-Not Lighted
2022-10-05T11:27:00.000,I 75,I 75 and Exit 160B,,Rear End,2,Clear,Dry,Daylight
2022-11-27T08:56:00.000,I 75,I 75 and Exit 160B,,Not a Collision with Motor Vehicle,1,Rain,Wet,Daylight
2022-04-16T09:46:00.000,I 75,I 75 and Exit 160B,,Not a Collision with Motor Vehicle,1,Rain,Wet,Daylight
2022-11-10T22:58:00.000,I 75,I 75 and Exit 160B,,Not a Collision with Motor Vehicle,1,Rain,Wet,Dark-Not Lighted
2023-03-09T20:49:00.000,I 75,I 75 and Exit 160B,,Not a Collision with Motor Vehicle,1,Rain,Water (standing or moving),Dark-Not Lighted
2023-05-22T06:40:00.000,I 75,I 75 and Exit 160B,,Rear End,3,Rain,Wet,Daylight
2023-10-08T23:06:00.000,I 75,I 75 and Exit 160B,,Head On,3,Clear,Dry,Dark-Lighted
2024-07-03T18:02:00.000,I 75,I 75 and Exit 160B,,Not a Collision with Motor Vehicle,1,Rain,Wet,Daylight
2024-02-12T04:26:00.000,I 75,I 75 and Exit 160B,,Not a Collision with Motor Vehicle,1,Rain,Wet,Dark-Lighted
2024-03-31T23:25:00.000,I 75,I 75 and Exit 160B,,Rear End,2,Clear,Dry,Dark-Not Lighted
2024-09-30T16:33:00.000,I 75,I 75 and Exit 160B,,Sideswipe-Same Direction,2,Clear,Dry,Daylight
2024-10-10T06:05:00.000,I 75,I 75 and Exit 160A Pio Nono Ave,,Rear End,2,Clear,Dry,Dark-Lighted
2024-09-15T05:57:00.000,I 75,I 75 and Exit 160A,,Not a Collision with Motor Vehicle,1,Clear,Dry,Daylight
2023-02-28T16:19:00.000,I 75,I 75 and Exit 160,,Not a Collision with Motor Vehicle,2,Clear,Dry,Daylight
2022-10-13T07:02:00.000,I 75,I 75 and Exit 160,,Not a Collision with Motor Vehicle,1,Clear,Wet,Dawn
2024-07-03T17:37:00.000,I 75,I 75 and Exit 160,,Not a Collision with Motor Vehicle,1,Rain,Wet,Daylight
2023-03-17T17:54:00.000,I 75,I 75 and Exit 160,,Rear End,2,Cloudy,Dry,Daylight
2024-09-30T00:00:00.000,I 75,I 75 and Exit 160,,Sideswipe-Same Direction,2,Clear,Dry,Daylight
2024-07-30T22:57:00.000,I 75,I 75 and Exit 160,,Not a Collision with Motor Vehicle,1,Rain,Wet,Dark-Not Lighted
2023-08-30T10:30:00.000,I 75,I 75 and Exit 16,,Rear End,2,Rain,Wet,Daylight
2023-07-06T12:51:00.000,I 75,I 75 and Exit 156,,Sideswipe-Same Direction,2,Clear,Dry,Daylight
2021-11-06T11:25:00.000,I 75,I 75 and Exit 155,,Not a Collision with Motor Vehicle,1,Clear,Dry,Daylight
2021-06-30T17:13:00.000,I 75,I 75 and Exit 155,,Not a Collision with Motor Vehicle,1,Rain,Wet,Daylight
2023-06-19T10:16:00.000,I 75,I 75 and Exit 155,,Not a Collision with Motor Vehicle,1,Rain,Wet,Daylight
2022-09-27T19:50:00.000,I 75,I 75 and Exit 155,,Rear End,2,Clear,Dry,Dark-Lighted
2024-07-24T17:16:00.000,I 75,I 75 and Exit 155,,Sideswipe-Same Direction,2,Rain,Wet,Daylight
2024-09-11T04:45:00.000,I 75,I 75 and Exit 155,,Sideswipe-Same Direction,2,Clear,Dry,Dark-Lighted
2024-11-07T11:02:00.000,I 75,I 75 and Exit 155,,Sideswipe-Same Direction,2,Clear,Dry,Daylight
2024-12-11T18:36:00.000,I 75,I 75 and Exit 155,,Sideswipe-Same Direction,2,Clear,Dry,Dark-Not Lighted
2024-11-19T20:59:00.000,I 75,I 75 and Exit 155,,Sideswipe-Same Direction,2,Cloudy,Dry,Dark-Not Lighted
2024-11-29T07:00:00.000,I 75,I 75 and Exit 155,,Sideswipe-Same Direction,2,Clear,Dry,Daylight
2024-10-19T17:45:00.000,I 75,I 75 and Exit 155,,Angle Crash,2,Clear,Dry,Daylight
2024-09-27T00:51:00.000,I 75,I 75 and Exit 155,,Not a Collision with Motor Vehicle,1,Rain,Water (standing or moving),Dark-Not Lighted
2024-06-25T08:20:00.000,I 75,I 75 and Exit 153 Sardis Church Rd Entrance Rp,,Sideswipe-Same Direction,2,Clear,Dry,Daylight
2023-03-15T22:54:00.000,I 75,I 75 and Exit 153 Sardis Church Rd,,Rear End,2,Clear,Dry,Dark-Not Lighted
2022-03-10T21:39:00.000,I 75,I 75 and Exit 153 Exit Rp,,Not a Collision with Motor Vehicle,1,Clear,Dry,Dark-Lighted
2023-03-22T08:39:00.000,I 75,I 75 and Exit 153,,Sideswipe-Same Direction,2,Clear,Dry,Daylight
2020-03-24T14:42:00.000,I 75,I 75 and Exit 153,,Not a Collision with Motor Vehicle,1,Cloudy,Dry,Daylight
2022-05-03T03:10:00.000,I 75,I 75 and Exit 153,,Angle Crash,2,Clear,Dry,Dark-Not Lighted
2022-03-11T10:10:00.000,I 75,I 75 and Exit 153,,Sideswipe-Same Direction,2,Cloudy,Dry,Daylight
2022-12-11T09:15:00.000,I 75,I 75 and Exit 153,,Rear End,2,Clear,Dry,Daylight
2023-08-23T07:54:00.000,I 75,I 75 and Exit 153,,Not a Collision with Motor Vehicle,2,Clear,Dry,Daylight
2024-11-25T14:09:00.000,I 75,I 75 and Exit 153,,Rear End,2,Clear,Dry,Daylight
2024-12-05T06:40:00.000,I 75,I 75 and Exit 153,,Rear End,2,Clear,Dry,Dark-Lighted
2024-11-22T05:33:00.000,I 75,I 75 and Exit 153,,Sideswipe-Same Direction,2,Clear,Dry,Dark-Lighted
2024-11-17T01:04:00.000,I 75,I 75 and Exit 153,,Not a Collision with Motor Vehicle,1,Clear,Dry,Dark-Not Lighted
2024-08-14T18:09:00.000,I 75,I 75 and Exit 153,,Not a Collision with Motor Vehicle,1,Clear,Dry,Daylight
2024-04-09T21:19:00.000,I 75,I 75 and Exit 153,,Not a Collision with Motor Vehicle,1,Clear,Dry,Dark-Not Lighted
2024-12-31T18:51:00.000,I 75,I 75 and Exit 153,,Not a Collision with Motor Vehicle,1,Clear,Dry,Dark-Lighted
2024-07-29T21:13:00.000,I 75,I 75 and Exit 153,,Not a Collision with Motor Vehicle,1,Rain,Water (standing or moving),Dark-Not Lighted
2024-12-05T06:36:00.000,I 75,I 75 and Exit 153,,Sideswipe-Same Direction,2,Clear,Dry,Dark-Lighted
2022-07-03T22:51:00.000,I 75,I 75 and Exit 149,,Not a Collision with Motor Vehicle,1,Clear,Dry,Dark-Not Lighted
2022-08-19T07:13:00.000,I 75,I 75 and Exit 142,,Sideswipe-Same Direction,3,Clear,Dry,Daylight
2020-08-24T14:50:00.000,I 75,I 75 and Exit 135  Larry Walker Parkwa,,Angle Crash,2,Rain,Wet,Daylight
2020-07-06T11:30:00.000,I 75,I 75 and Exit 13 On Rp,,Angle Crash,2,Cloudy,Wet,Daylight
2020-07-06T11:25:00.000,I 75,I 75 and Exit 13 On Rp,,Sideswipe-Same Direction,2,Cloudy,Wet,Daylight
2020-08-15T14:39:00.000,I 75,I 75 and Exit 13,,Angle Crash,2,Clear,Dry,Daylight
2021-12-30T04:25:00.000,I 75,I 75 and Exit 101,,Angle Crash,1,Rain,Wet,Dark-Not Lighted
2022-01-05T07:50:00.000,I 75,I 75 and Exit  218  Hwy 20,,Sideswipe-Same Direction,2,Clear,Dry,Daylight
2022-05-23T08:24:00.000,I 75,I 75 and Exist 186,,Angle Crash,2,Rain,Wet,Daylight
2024-12-12T10:00:00.000,I 75,I 75 and Ernst Barrett Pkwy,,Not a Collision with Motor Vehicle,1,Clear,Dry,Daylight
2023-06-25T12:59:00.000,I 75,I 75 and Ernest W Barrett Pkwy,,Sideswipe-Same Direction,2,Clear,Dry,Daylight
2020-01-23T22:53:00.000,I 75,I 75 and Ernest W Barrett Pkwy,,Rear End,2,Rain,Water (standing or moving),Dark-Not Lighted
2020-01-23T22:51:00.000,I 75,I 75 and Ernest W Barrett Pkwy,,Rear End,3,Rain,Water (standing or moving),Dark-Not Lighted
2020-06-24T21:56:00.000,I 75,I 75 and Ernest W Barrett Pkwy,,Sideswipe-Same Direction,2,Rain,Wet,Dark-Not Lighted
2020-05-19T00:23:00.000,I 75,I 75 and Ernest W Barrett Pkwy,,Not a Collision with Motor Vehicle,1,Clear,Dry,Dark-Not Lighted
2020-06-07T02:31:00.000,I 75,I 75 and Ernest W Barrett Pkwy,,Sideswipe-Same Direction,2,Clear,Dry,Dark-Not Lighted
2022-03-31T19:20:00.000,I 75,I 75 and Ernest W Barrett Pkwy,,Sideswipe-Same Direction,2,Clear,Dry,Daylight
2022-01-08T19:31:00.000,I 75,I 75 and Ernest Barrett Pwy,,Sideswipe-Same Direction,2,Clear,Dry,Dark-Lighted
2023-09-06T16:20:00.000,I 75,I 75 and Ernest Barrett Pky,,Rear End,2,Clear,Dry,Daylight
2021-05-09T23:00:00.000,I 75,I 75 and Ernest Barrett Pkwy,,Not a Collision with Motor Vehicle,1,Rain,Water (standing or moving),Dark-Not Lighted
2021-02-28T20:33:00.000,I 75,I 75 and Ernest Barrett Pkwy,,Rear End,3,Clear,Dry,Dark-Not Lighted
2021-05-09T23:46:00.000,I 75,I 75 and Ernest Barrett Pkwy,,Not a Collision with Motor Vehicle,1,Rain,Water (standing or moving),Dark-Not Lighted
2021-04-24T20:48:00.000,I 75,I 75 and Ernest Barrett Pkwy,,Not a Collision with Motor Vehicle,1,Rain,Wet,Dark-Not Lighted
2021-05-23T17:24:00.000,I 75,I 75 and Ernest Barrett Pkwy,,Sideswipe-Same Direction,2,Clear,Dry,Daylight
2021-01-17T18:50:00.000,I 75,I 75 and Ernest Barrett Pkwy,,Rear End,2,Cloudy,Dry,Dark-Not Lighted
2021-04-10T11:13:00.000,I 75,I 75 and Ernest Barrett Pkwy,,Sideswipe-Same Direction,3,Rain,Water (standing or moving),Daylight
2021-03-21T10:07:00.000,I 75,I 75 and Ernest Barrett Pkwy,,Rear End,3,Cloudy,Dry,Daylight
2021-05-22T17:48:00.000,I 75,I 75 and Ernest Barrett Pkwy,,Not a Collision with Motor Vehicle,1,Clear,Dry,Daylight
2021-09-30T11:09:00.000,I 75,I 75 and Ernest Barrett Pkwy,,Rear End,1,Clear,Dry,Daylight
2021-11-25T23:06:00.000,I 75,I 75 and Ernest Barrett Pkwy,,Not a Collision with Motor Vehicle,1,Rain,Wet,Dark-Not Lighted
2021-12-22T22:12:00.000,I 75,I 75 and Ernest Barrett Pkwy,,Not a Collision with Motor Vehicle,1,Cloudy,Dry,Dark-Not Lighted
2021-08-12T23:56:00.000,I 75,I 75 and Ernest Barrett Pkwy,,Rear End,2,Clear,Dry,Dark-Lighted
2021-11-30T20:20:00.000,I 75,I 75 and Ernest Barrett Pkwy,,Rear End,2,Clear,Dry,Dark-Not Lighted
2021-12-30T00:28:00.000,I 75,I 75 and Ernest Barrett Pkwy,,Not a Collision with Motor Vehicle,1,Rain,Water (standing or moving),Dark-Lighted
2021-02-28T17:58:00.000,I 75,I 75 and Ernest Barrett Pkwy,,Rear End,2,Clear,Dry,Daylight
2021-02-06T19:37:00.000,I 75,I 75 and Ernest Barrett Pkwy,,Rear End,2,Rain,Wet,Dark-Not Lighted
2021-04-03T19:50:00.000,I 75,I 75 and Ernest Barrett Pkwy,,Rear End,2,Clear,Dry,Daylight
2021-04-07T16:45:00.000,I 75,I 75 and Ernest Barrett Pkwy,,Rear End,2,Cloudy,Dry,Daylight
2021-06-30T21:55:00.000,I 75,I 75 and Ernest Barrett Pkwy,,Sideswipe-Same Direction,2,Rain,Wet,Dark-Not Lighted
2021-03-12T22:35:00.000,I 75,I 75 and Ernest Barrett Pkwy,,Not a Collision with Motor Vehicle,1,Clear,Dry,Dark-Not Lighted
2021-01-01T05:30:00.000,I 75,I 75 and Ernest Barrett Pkwy,,Not a Collision with Motor Vehicle,1,Fog,Wet,Dark-Not Lighted
2021-06-20T10:20:00.000,I 75,I 75 and Ernest Barrett Pkwy,,Not a Collision with Motor Vehicle,1,Rain,Wet,Daylight
2021-07-18T10:50:00.000,I 75,I 75 and Ernest Barrett Pkwy,,Sideswipe-Same Direction,2,Clear,Dry,Daylight
2021-10-07T12:34:00.000,I 75,I 75 and Ernest Barrett Pkwy,,Rear End,2,Clear,Dry,Daylight
2021-09-27T16:20:00.000,I 75,I 75 and Ernest Barrett Pkwy,,Rear End,2,Clear,Dry,Daylight
2021-11-27T12:57:00.000,I 75,I 75 and Ernest Barrett Pkwy,,Rear End,2,Clear,Dry,Daylight
2021-09-21T02:13:00.000,I 75,I 75 and Ernest Barrett Pkwy,,Rear End,2,Rain,Wet,Dark-Lighted
2021-09-19T10:47:00.000,I 75,I 75 and Ernest Barrett Pkwy,,Rear End,2,Rain,Wet,Daylight
2021-09-21T02:14:00.000,I 75,I 75 and Ernest Barrett Pkwy,,Angle Crash,2,Rain,Wet,Dark-Not Lighted
2021-11-13T18:20:00.000,I 75,I 75 and Ernest Barrett Pkwy,,Rear End,2,Clear,Dry,Dark-Lighted
2021-11-17T09:06:00.000,I 75,I 75 and Ernest Barrett Pkwy,,Rear End,2,Clear,Dry,Daylight
2021-03-15T23:30:00.000,I 75,I 75 and Ernest Barrett Pkwy,,Not a Collision with Motor Vehicle,1,Rain,Water (standing or moving),Dark-Not Lighted
2021-03-04T21:43:00.000,I 75,I 75 and Ernest Barrett Pkwy,,Sideswipe-Same Direction,2,Cloudy,Dry,Dark-Not Lighted
2021-02-08T04:47:00.000,I 75,I 75 and Ernest Barrett Pkwy,,Sideswipe-Same Direction,2,Clear,Dry,Dark-Not Lighted
2021-05-08T09:08:00.000,I 75,I 75 and Ernest Barrett Pkwy,,Rear End,2,Clear,Dry,Daylight
2021-03-04T20:35:00.000,I 75,I 75 and Ernest Barrett Pkwy,,Rear End,2,Clear,Dry,Dark-Not Lighted