Date and Time,Roadway (From Crash Report),Intersection Name (from Crash Report),KABCO Severity,Manner of Collision (Crash Level) ,# of Vehicles per crash ,Weather Conditions (Crash Level),Surface Condition (Crash Level) ,Light Conditions (Crash Level)
2021-08-18T15:11:00.000,I 75,I 75 and Ernest Barrett Pkwy,,Angle Crash,4,Clear,Dry,Daylight
2021-02-28T19:41:00.000,I 75,I 75 and Ernest Barrett Pkwy,,Rear End,2,Clear,Dry,Dark-Not Lighted
2021-01-10T03:15:00.000,I 75,I 75 and Ernest Barrett Pkwy,,Not a Collision with Motor Vehicle,1,Clear,Dry,Dark-Lighted
2021-03-06T11:17:00.000,I 75,I 75 and Ernest Barrett Pkwy,,Rear End,2,Cloudy,Dry,Daylight
2021-05-29T20:45:00.000,I 75,I 75 and Ernest Barrett Pkwy,,Rear End,2,Clear,Dry,Dark-Not Lighted
2021-02-11T11:11:00.000,I 75,I 75 and Ernest Barrett Pkwy,,Rear End,6,Rain,Wet,Daylight
2020-05-29T13:38:00.000,I 75,I 75 and Ernest Barrett Pkwy,,Sideswipe-Same Direction,2,Clear,Dry,Daylight
2020-11-04T20:22:00.000,I 75,I 75 and Ernest Barrett Pkwy,,Sideswipe-Same Direction,2,Clear,Dry,Dark-Not Lighted
2020-02-27T22:50:00.000,I 75,I 75 and Ernest Barrett Pkwy,,Rear End,2,Clear,Dry,Dark-Not Lighted
2020-02-08T10:00:00.000,I 75,I 75 and Ernest Barrett Pkwy,,Angle Crash,2,Snow,Slush,Daylight
2023-12-07T19:25:00.000,I 75,I 75 and Ernest Barrett Pkwy,,Not a Collision with Motor Vehicle,1,Clear,Dry,Daylight
2023-03-17T11:46:00.000,I 75,I 75 and Ernest Barrett Pkwy,,Rear End,2,Cloudy,Wet,Daylight
2023-03-24T15:15:00.000,I 75,I 75 and Ernest Barrett Pkwy,,Rear End,2,Clear,Dry,Daylight
2023-12-21T21:55:00.000,I 75,I 75 and Ernest Barrett Pkwy,,Rear End,2,Clear,Dry,Dark-Lighted
2023-05-20T21:43:00.000,I 75,I 75 and Ernest Barrett Pkwy,,Angle Crash,2,Rain,Wet,Dark-Not Lighted
2023-06-20T21:36:00.000,I 75,I 75 and Ernest Barrett Pkwy,,Not a Collision with Motor Vehicle,1,Rain,Water (standing or moving),Dark-Lighted
2023-10-15T20:40:00.000,I 75,I 75 and Ernest Barrett Pkwy,,Sideswipe-Same Direction,2,Cloudy,Dry,Dark-Not Lighted
2023-06-02T07:34:00.000,I 75,I 75 and Ernest Barrett Pkwy,,Rear End,2,Clear,Dry,Daylight
2023-06-20T21:00:00.000,I 75,I 75 and Ernest Barrett Pkwy,,Rear End,2,Rain,Wet,Dark-Not Lighted
2023-01-18T18:35:00.000,I 75,I 75 and Ernest Barrett Pkwy,,Rear End,2,Clear,Wet,Dark-Lighted
2023-03-11T22:30:00.000,I 75,I 75 and Ernest Barrett Pkwy,,Sideswipe-Same Direction,2,Clear,Dry,Dark-Lighted
2023-11-08T17:43:00.000,I 75,I 75 and Ernest Barrett Pkwy,,Sideswipe-Same Direction,2,Clear,Dry,Dawn
2023-03-22T08:45:00.000,I 75,I 75 and Ernest Barrett Pkwy,,Rear End,3,Cloudy,Dry,Daylight
2023-03-29T05:30:00.000,I 75,I 75 and Ernest Barrett Pkwy,,Sideswipe-Same Direction,2,Clear,Dry,Dark-Lighted
2023-06-30T02:27:00.000,I 75,I 75 and Ernest Barrett Pkwy,,Sideswipe-Same Direction,2,Clear,Dry,Dark-Not Lighted
2023-03-21T13:10:00.000,I 75,I 75 and Ernest Barrett Pkwy,,Rear End,2,Clear,Dry,Daylight
2023-05-26T23:05:00.000,I 75,I 75 and Ernest Barrett Pkwy,,Sideswipe-Same Direction,2,Clear,Dry,Dark-Not Lighted
2023-08-09T09:55:00.000,I 75,I 75 and Ernest Barrett Pkwy,,Rear End,2,Clear,Dry,Daylight
2023-02-09T21:06:00.000,I 75,I 75 and Ernest Barrett Pkwy,,Sideswipe-Same Direction,2,Rain,Water (standing or moving),Dark-Not Lighted
2023-02-28T09:10:00.000,I 75,I 75 and Ernest Barrett Pkwy,,Rear End,2,Clear,Dry,Daylight
2023-12-19T18:54:00.000,I 75,I 75 and Ernest Barrett Pkwy,,Sideswipe-Same Direction,2,Clear,Dry,Dark-Lighted
2023-09-06T10:00:00.000,I 75,I 75 and Ernest Barrett Pkwy,,Sideswipe-Same Direction,2,Clear,Dry,Daylight
2023-02-15T11:14:00.000,I 75,I 75 and Ernest Barrett Pkwy,,Rear End,2,Rain,Wet,Daylight
2023-07-26T11:35:00.000,I 75,I 75 and Ernest Barrett Pkwy,,Not a Collision with Motor Vehicle,2,Clear,Dry,Daylight
2023-03-07T01:54:00.000,I 75,I 75 and Ernest Barrett Pkwy,,Sideswipe-Same Direction,2,Clear,Dry,Dark-Not Lighted
2023-11-18T20:12:00.000,I 75,I 75 and Ernest Barrett Pkwy,,Sideswipe-Same Direction,2,Clear,Dry,Daylight
2023-04-17T13:26:00.000,I 75,I 75 and Ernest Barrett Pkwy,,Rear End,2,Clear,Dry,Daylight
2023-08-02T19:23:00.000,I 75,I 75 and Ernest Barrett Pkwy,,Rear End,2,Clear,Dry,Daylight
2023-04-30T17:45:00.000,I 75,I 75 and Ernest Barrett Pkwy,,Rear End,2,Clear,Dry,Daylight
2023-09-24T20:57:00.000,I 75,I 75 and Ernest Barrett Pkwy,,Rear End,2,Clear,Dry,Dark-Not Lighted
2023-01-08T19:29:00.000,I 75,I 75 and Ernest Barrett Pkwy,,Rear End,2,Cloudy,Wet,Dark-Not Lighted
2023-11-18T20:31:00.000,I 75,I 75 and Ernest Barrett Pkwy,,Not a Collision with Motor Vehicle,1,Clear,Dry,Dark-Not Lighted
2023-07-15T11:14:00.000,I 75,I 75 and Ernest Barrett Pkwy,,Rear End,3,Cloudy,Dry,Daylight
2023-05-03T17:35:00.000,I 75,I 75 and Ernest Barrett Pkwy,,Rear End,2,Clear,Dry,Daylight
2023-02-18T10:00:00.000,I 75,I 75 and Ernest Barrett Pkwy,,Rear End,2,Clear,Dry,Daylight
2023-12-09T15:51:00.000,I 75,I 75 and Ernest Barrett Pkwy,,Rear End,2,Rain,Wet,Daylight
2023-08-21T20:50:00.000,I 75,I 75 and Ernest Barrett Pkwy,,Sideswipe-Same Direction,2,Clear,Dry,Dark-Not Lighted
2023-10-29T13:06:00.000,I 75,I 75 and Ernest Barrett Pkwy,,Rear End,5,Clear,Dry,Daylight
2023-05-07T17:46:00.000,I 75,I 75 and Ernest Barrett Pkwy,,Rear End,2,Clear,Dry,Daylight
2023-05-22T08:10:00.000,I 75,I 75 and Ernest Barrett Pkwy,,Angle Crash,2,Clear,Dry,Daylight
2023-01-19T13:07:00.000,I 75,I 75 and Ernest Barrett Pkwy,,Rear End,3,Clear,Dry,Daylight
2023-09-23T17:20:00.000,I 75,I 75 and Ernest Barrett Pkwy,,Sideswipe-Same Direction,2,Clear,Dry,Daylight
2023-08-23T19:16:00.000,I 75,I 75 and Ernest Barrett Pkwy,,Rear End,2,Clear,Dry,Daylight
2023-08-06T09:59:00.000,I 75,I 75 and Ernest Barrett Pkwy,,Rear End,2,Clear,Dry,Daylight
2023-05-20T08:09:00.000,I 75,I 75 and Ernest Barrett Pkwy,,Sideswipe-Same Direction,2,Cloudy,Wet,Daylight
2023-11-28T19:00:00.000,I 75,I 75 and Ernest Barrett Pkwy,,Sideswipe-Same Direction,2,Clear,Dry,Dark-Not Lighted
2023-10-02T23:42:00.000,I 75,I 75 and Ernest Barrett Pkwy,,Sideswipe-Same Direction,2,Clear,Dry,Dark-Not Lighted
2023-12-05T03:28:00.000,I 75,I 75 and Ernest Barrett Pkwy,,Rear End,2,Clear,Dry,Dark-Lighted
2023-09-19T18:06:00.000,I 75,I 75 and Ernest Barrett Pkwy,,Sideswipe-Same Direction,2,Clear,Dry,Dark-Lighted
2023-04-12T14:04:00.000,I 75,I 75 and Ernest Barrett Pkwy,,Sideswipe-Same Direction,2,Clear,Dry,Daylight
2023-10-18T15:35:00.000,I 75,I 75 and Ernest Barrett Pkwy,,Sideswipe-Same Direction,2,Clear,Dry,Daylight
2023-02-26T13:42:00.000,I 75,I 75 and Ernest Barrett Pkwy,,Not a Collision with Motor Vehicle,1,Clear,Dry,Daylight
2023-07-26T15:21:00.000,I 75,I 75 and Ernest Barrett Pkwy,,Sideswipe-Same Direction,2,Clear,Dry,Daylight
2023-05-31T19:09:00.000,I 75,I 75 and Ernest Barrett Pkwy,,Angle Crash,2,Clear,Dry,Daylight
2023-12-03T15:50:00.000,I 75,I 75 and Ernest Barrett Pkwy,,Rear End,2,Clear,Dry,Daylight
2023-03-10T11:15:00.000,I 75,I 75 and Ernest Barrett Pkwy,,Rear End,2,Cloudy,Dry,Daylight
2023-03-24T21:24:00.000,I 75,I 75 and Ernest Barrett Pkwy,,Sideswipe-Same Direction,2,Cloudy,Dry,Dark-Lighted
2023-11-08T12:02:00.000,I 75,I 75 and Ernest Barrett Pkwy,,Sideswipe-Same Direction,1,Clear,Dry,Daylight
2023-11-29T06:11:00.000,I 75,I 75 and Ernest Barrett Pkwy,,Angle Crash,2,Clear,Dry,Dark-Not Lighted
2023-10-30T08:28:00.000,I 75,I 75 and Ernest Barrett Pkwy,,Rear End,2,Clear,Dry,Daylight
2023-06-27T10:38:00.000,I 75,I 75 and Ernest Barrett Pkwy,,Rear End,2,Clear,Dry,Daylight
2022-02-27T12:28:00.000,I 75,I 75 and Ernest Barrett Pkwy,,Rear End,2,Rain,Wet,Daylight
2022-11-06T11:14:00.000,I 75,I 75 and Ernest Barrett Pkwy,,Rear End,2,Clear,Dry,Daylight
2022-03-13T17:05:00.000,I 75,I 75 and Ernest Barrett Pkwy,,Rear End,2,Cloudy,Dry,Daylight
2022-04-10T10:47:00.000,I 75,I 75 and Ernest Barrett Pkwy,,Rear End,2,Clear,Dry,Daylight
2022-06-18T15:39:00.000,I 75,I 75 and Ernest Barrett Pkwy,,Rear End,2,Clear,Dry,Daylight
2022-10-26T18:21:00.000,I 75,I 75 and Ernest Barrett Pkwy,,Sideswipe-Same Direction,2,Clear,Dry,Daylight
2021-06-18T03:31:00.000,I 75,I 75 and Ernest Barrett Pkwy,,Not a Collision with Motor Vehicle,2,Clear,Dry,Dark-Not Lighted
2020-11-22T18:54:00.000,I 75,I 75 and Ernest Barrett Pkwy,,Rear End,2,Clear,Dry,Dark-Lighted
2020-12-28T20:05:00.000,I 75,I 75 and Ernest Barrett Pkwy,,Sideswipe-Same Direction,2,Clear,Dry,Dark-Not Lighted
2020-11-14T16:10:00.000,I 75,I 75 and Ernest Barrett Pkwy,,Rear End,2,Clear,Dry,Daylight
2020-07-15T10:15:00.000,I 75,I 75 and Ernest Barrett Pkwy,,Sideswipe-Same Direction,2,Clear,Dry,Daylight
2020-09-04T16:34:00.000,I 75,I 75 and Ernest Barrett Pkwy,,Rear End,2,Clear,Dry,Daylight
2020-06-25T02:32:00.000,I 75,I 75 and Ernest Barrett Pkwy,,Angle Crash,2,Rain,Wet,Dark-Not Lighted
2020-04-12T15:06:00.000,I 75,I 75 and Ernest Barrett Pkwy,,Not a Collision with Motor Vehicle,1,Rain,Wet,Daylight
2020-08-02T18:37:00.000,I 75,I 75 and Ernest Barrett Pkwy,,Angle Crash,2,Clear,Dry,Daylight
2020-06-24T04:37:00.000,I 75,I 75 and Ernest Barrett Pkwy,,Sideswipe-Same Direction,2,Cloudy,Dry,Dark-Not Lighted
2020-04-04T15:26:00.000,I 75,I 75 and Ernest Barrett Pkwy,,Sideswipe-Same Direction,2,Clear,Dry,Daylight
2020-08-27T12:39:00.000,I 75,I 75 and Ernest Barrett Pkwy,,Rear End,1,Clear,Dry,Daylight
2020-09-01T14:26:00.000,I 75,I 75 and Ernest Barrett Pkwy,,Sideswipe-Same Direction,2,Clear,Dry,Daylight
2020-10-19T12:40:00.000,I 75,I 75 and Ernest Barrett Pkwy,,Rear End,2,Clear,Dry,Daylight
2020-11-08T18:13:00.000,I 75,I 75 and Ernest Barrett Pkwy,,Sideswipe-Same Direction,2,Cloudy,Dry,Dark-Not Lighted
2020-11-18T18:22:00.000,I 75,I 75 and Ernest Barrett Pkwy,,Rear End,2,Clear,Dry,Dark-Not Lighted
2020-03-06T08:20:00.000,I 75,I 75 and Ernest Barrett Pkwy,,Rear End,2,Clear,Dry,Daylight
2020-11-29T21:41:00.000,I 75,I 75 and Ernest Barrett Pkwy,,Not a Collision with Motor Vehicle,1,Rain,Water (standing or moving),Dark-Not Lighted
2020-05-22T19:37:00.000,I 75,I 75 and Ernest Barrett Pkwy,,Sideswipe-Same Direction,2,Clear,Dry,Daylight
2020-06-27T23:21:00.000,I 75,I 75 and Ernest Barrett Pkwy,,Angle Crash,2,Clear,Dry,Dark-Not Lighted
2020-02-22T16:08:00.000,I 75,I 75 and Ernest Barrett Pkwy,,Rear End,2,Clear,Dry,Daylight
2020-06-17T11:48:00.000,I 75,I 75 and Ernest Barrett Pkwy,,Angle Crash,2,Clear,Dry,Daylight
2020-06-01T23:26:00.000,I 75,I 75 and Ernest Barrett Pkwy,,Sideswipe-Same Direction,2,Clear,Dry,Dark-Lighted
2020-06-24T08:15:00.000,I 75,I 75 and Ernest Barrett Pkwy,,Rear End,2,Clear,Dry,Daylight
2020-10-10T08:03:00.000,I 75,I 75 and Ernest Barrett Pkwy,,Rear End,2,Rain,Wet,Daylight
2020-06-05T16:55:00.000,I 75,I 75 and Ernest Barrett Pkwy,,Sideswipe-Same Direction,2,Clear,Dry,Daylight
2020-01-24T21:27:00.000,I 75,I 75 and Ernest Barrett Pkwy,,Not a Collision with Motor Vehicle,1,Clear,Mud,Dark-Not Lighted
2020-05-07T06:59:00.000,I 75,I 75 and Ernest Barrett Pkwy,,Not a Collision with Motor Vehicle,1,Clear,Dry,Daylight
2020-06-28T15:43:00.000,I 75,I 75 and Ernest Barrett Pkwy,,Sideswipe-Same Direction,2,Clear,Dry,Daylight
2020-04-18T17:20:00.000,I 75,I 75 and Ernest Barrett Pkwy,,Sideswipe-Same Direction,2,Clear,Dry,Daylight
2020-03-14T01:50:00.000,I 75,I 75 and Ernest Barrett Pkwy,,Sideswipe-Same Direction,2,Cloudy,Dry,Dark-Not Lighted
2020-07-20T05:20:00.000,I 75,I 75 and Ernest Barrett Pkwy,,Not a Collision with Motor Vehicle,1,Clear,Dry,Dark-Not Lighted
2020-02-13T02:01:00.000,I 75,I 75 and Ernest Barrett Pkwy,,Not a Collision with Motor Vehicle,1,Rain,Water (standing or moving),Dark-Not Lighted
2020-09-15T18:45:00.000,I 75,I 75 and Ernest Barrett Pkwy,,Rear End,2,Cloudy,Dry,Daylight
2020-02-09T11:26:00.000,I 75,I 75 and Ernest Barrett Pkwy,,Rear End,2,Clear,Dry,Daylight
2020-08-16T16:56:00.000,I 75,I 75 and Ernest Barrett Pkwy,,Angle Crash,3,Clear,Dry,Daylight
2020-02-06T05:42:00.000,I 75,I 75 and Ernest Barrett Pkwy,,Angle Crash,2,Rain,Water (standing or moving),Dark-Not Lighted
2020-02-15T22:20:00.000,I 75,I 75 and Ernest Barrett Pkwy,,Sideswipe-Same Direction,2,Cloudy,Dry,Dark-Not Lighted
2020-01-28T20:57:00.000,I 75,I 75 and Ernest Barrett Pkwy,,Rear End,2,Clear,Dry,Dark-Not Lighted
2020-12-19T18:15:00.000,I 75,I 75 and Ernest Barrett Pkwy,,Rear End,2,Cloudy,Dry,Dark-Lighted
2020-08-05T11:15:00.000,I 75,I 75 and Ernest Barrett Pkwy,,Rear End,2,Cloudy,Dry,Daylight
2020-12-12T00:30:00.000,I 75,I 75 and Ernest Barrett Pkwy,,Rear End,2,Clear,Dry,Dark-Not Lighted
2020-01-24T23:01:00.000,I 75,I 75 and Ernest Barrett Pkwy,,Sideswipe-Same Direction,2,Clear,Dry,Dark-Not Lighted
2020-02-15T10:36:00.000,I 75,I 75 and Ernest Barrett Pkwy,,Sideswipe-Same Direction,2,Clear,Dry,Daylight
2020-11-18T18:12:00.000,I 75,I 75 and Ernest Barrett Pkwy,,Rear End,2,Clear,Dry,Dark-Lighted
2020-10-21T03:45:00.000,I 75,I 75 and Ernest Barrett Pkwy,,Not a Collision with Motor Vehicle,1,Clear,Dry,Dark-Not Lighted
2020-10-11T09:45:00.000,I 75,I 75 and Ernest Barrett Pkwy,,Not a Collision with Motor Vehicle,1,Rain,Wet,Daylight
2020-11-21T13:08:00.000,I 75,I 75 and Ernest Barrett Pkwy,,Rear End,2,Clear,Dry,Daylight
2020-05-29T06:40:00.000,I 75,I 75 and Ernest Barrett Pkwy,,Sideswipe-Same Direction,2,Cloudy,Dry,Daylight
2020-12-02T20:40:00.000,I 75,I 75 and Ernest Barrett Pkwy,,Sideswipe-Same Direction,2,Clear,Dry,Dark-Not Lighted
2020-11-23T19:10:00.000,I 75,I 75 and Ernest Barrett Pkwy,,Rear End,2,Clear,Dry,Dark-Lighted
2020-08-08T00:30:00.000,I 75,I 75 and Ernest Barrett Pkwy,,Angle Crash,2,Clear,Dry,Dark-Lighted
2020-12-22T17:23:00.000,I 75,I 75 and Ernest Barrett Pkwy,,Not a Collision with Motor Vehicle,1,Clear,Dry,Dusk
2020-11-21T15:20:00.000,I 75,I 75 and Ernest Barrett Pkwy,,Sideswipe-Same Direction,2,Clear,Dry,Daylight
2020-08-01T09:10:00.000,I 75,I 75 and Ernest Barrett Pkwy,,Rear End,2,Clear,Dry,Daylight
2020-05-23T14:43:00.000,I 75,I 75 and Ernest Barrett Pkwy,,Sideswipe-Same Direction,2,Clear,Dry,Daylight
2020-09-29T21:19:00.000,I 75,I 75 and Ernest Barrett Pkwy,,Rear End,2,Clear,Dry,Dark-Not Lighted
2020-09-10T01:59:00.000,I 75,I 75 and Ernest Barrett Pkwy,,Rear End,2,Clear,Dry,Dark-Lighted
2020-02-04T20:45:00.000,I 75,I 75 and Ernest Barrett Pkwy,,Sideswipe-Same Direction,2,Cloudy,Wet,Dark-Not Lighted
2020-08-23T17:50:00.000,I 75,I 75 and Ernest Barrett Pkwy,,Rear End,2,Clear,Dry,Daylight
2020-05-24T18:45:00.000,I 75,I 75 and Ernest Barrett Pkwy,,Not a Collision with Motor Vehicle,1,Rain,Wet,Daylight
2020-08-09T13:13:00.000,I 75,I 75 and Ernest Barrett Pkwy,,Rear End,2,Clear,Dry,Daylight
2020-03-08T10:17:00.000,I 75,I 75 and Ernest Barrett Pkwy,,Not a Collision with Motor Vehicle,1,Clear,Dry,Daylight
2020-04-11T01:40:00.000,I 75,I 75 and Ernest Barrett Pkwy,,Not a Collision with Motor Vehicle,1,Cloudy,Dry,Dark-Not Lighted
2020-10-28T02:02:00.000,I 75,I 75 and Ernest Barrett Pkwy,,Rear End,2,Rain,Wet,Dark-Not Lighted
2020-08-19T20:31:00.000,I 75,I 75 and Ernest Barrett Pkwy,,Not a Collision with Motor Vehicle,1,Cloudy,Wet,Dark-Not Lighted
2020-02-10T16:01:00.000,I 75,I 75 and Ernest Barrett Pkwy,,Angle Crash,2,Rain,Wet,Daylight
2020-10-04T18:40:00.000,I 75,I 75 and Ernest Barrett Pkwy,,Rear End,2,Clear,Dry,Daylight
2020-07-27T14:43:00.000,I 75,I 75 and Ernest Barrett Pkwy,,Rear End,2,Cloudy,Dry,Daylight
2020-12-16T13:37:00.000,I 75,I 75 and Ernest Barrett Pkwy,,Not a Collision with Motor Vehicle,1,Rain,Wet,Daylight
2020-07-25T14:58:00.000,I 75,I 75 and Ernest Barrett Pkwy,,Rear End,4,Clear,Dry,Daylight
2020-02-16T10:30:00.000,I 75,I 75 and Ernest Barrett Pkwy,,Rear End,2,Clear,Wet,Daylight
2020-11-06T08:00:00.000,I 75,I 75 and Ernest Barrett Pkwy,,Rear End,2,Clear,Dry,Daylight
2020-02-09T11:36:00.000,I 75,I 75 and Ernest Barrett Pkwy,,Sideswipe-Same Direction,2,Clear,Dry,Daylight
2020-02-19T11:25:00.000,I 75,I 75 and Ernest Barrett Pkwy,,Sideswipe-Same Direction,2,Cloudy,Dry,Daylight
2020-02-15T13:37:00.000,I 75,I 75 and Ernest Barrett Pkwy,,Rear End,2,Clear,Dry,Daylight
2020-05-24T19:29:00.000,I 75,I 75 and Ernest Barrett Pkwy,,Not a Collision with Motor Vehicle,1,Rain,Wet,Daylight
2020-10-11T17:25:00.000,I 75,I 75 and Ernest Barrett Pkwy,,Rear End,5,Cloudy,Dry,Daylight
2020-02-08T15:40:00.000,I 75,I 75 and Ernest Barrett Pkwy,,Rear End,2,Cloudy,Wet,Daylight
2020-06-03T16:22:00.000,I 75,I 75 and Ernest Barrett Pkwy,,Rear End,2,Clear,Dry,Daylight
2020-05-28T00:10:00.000,I 75,I 75 and Ernest Barrett Pkwy,,Not a Collision with Motor Vehicle,1,Rain,Wet,Dark-Lighted
2020-09-26T14:06:00.000,I 75,I 75 and Ernest Barrett Pkwy,,Angle Crash,2,Cloudy,Dry,Daylight
2020-01-11T10:01:00.000,I 75,I 75 and Ernest Barrett Pkwy,,Rear End,2,Rain,Wet,Daylight
2020-12-12T16:15:00.000,I 75,I 75 and Ernest Barrett Pkwy,,Rear End,2,Rain,Wet,Daylight
2020-01-04T06:43:00.000,I 75,I 75 and Ernest Barrett Pkwy,,Not a Collision with Motor Vehicle,1,Cloudy,Wet,Dark-Not Lighted
2020-02-29T18:23:00.000,I 75,I 75 and Ernest Barrett Pkwy,,Rear End,3,Clear,Dry,Dark-Not Lighted
2020-12-19T14:38:00.000,I 75,I 75 and Ernest Barrett Pkwy,,Rear End,2,Clear,Dry,Daylight
2020-05-28T07:30:00.000,I 75,I 75 and Ernest Barrett Pkwy,,Not a Collision with Motor Vehicle,2,Cloudy,Dry,Daylight
2020-02-08T15:06:00.000,I 75,I 75 and Ernest Barrett Pkwy,,Rear End,2,Clear,Wet,Daylight
2020-06-04T17:53:00.000,I 75,I 75 and Ernest Barrett Pkwy,,Rear End,2,Cloudy,Dry,Daylight
2020-03-04T20:35:00.000,I 75,I 75 and Ernest Barrett Pkwy,,Not a Collision with Motor Vehicle,1,Rain,Wet,Dark-Not Lighted
2020-02-15T05:55:00.000,I 75,I 75 and Ernest Barrett Pkwy,,Not a Collision with Motor Vehicle,2,Cloudy,Dry,Dark-Not Lighted
2020-02-04T14:20:00.000,I 75,I 75 and Ernest Barrett Pkwy,,Rear End,2,Cloudy,Dry,Daylight
2020-08-22T13:00:00.000,I 75,I 75 and Ernest Barrett Pkwy,,Rear End,2,Clear,Dry,Daylight
2020-12-16T01:24:00.000,I 75,I 75 and Ernest Barrett Pkwy,,Not a Collision with Motor Vehicle,1,Rain,Water (standing or moving),Dark-Not Lighted
2020-02-14T01:00:00.000,I 75,I 75 and Ernest Barrett Pkwy,,Sideswipe-Same Direction,2,Clear,Dry,Dark-Lighted
2020-12-02T16:54:00.000,I 75,I 75 and Ernest Barrett Pkwy,,Rear End,2,Clear,Dry,Daylight
2020-08-21T15:51:00.000,I 75,I 75 and Ernest Barrett Pkwy,,Rear End,2,Cloudy,Dry,Daylight
2020-09-10T17:51:00.000,I 75,I 75 and Ernest Barrett Pkwy,,Rear End,2,Clear,Dry,Daylight
2020-04-19T09:24:00.000,I 75,I 75 and Ernest Barrett Pkwy,,Not a Collision with Motor Vehicle,1,Rain,Water (standing or moving),Daylight
2020-02-24T01:03:00.000,I 75,I 75 and Ernest Barrett Pkwy,,Not a Collision with Motor Vehicle,1,Cloudy,Dry,Dark-Not Lighted
2020-02-28T22:15:00.000,I 75,I 75 and Ernest Barrett Pkwy,,Sideswipe-Same Direction,2,Clear,Dry,Dark-Lighted
2021-02-28T14:00:00.000,I 75,I 75 and Ernest Barrett Pkwy,,Rear End,2,Cloudy,Dry,Daylight
2021-03-08T22:18:00.000,I 75,I 75 and Ernest Barrett Pkwy,,Sideswipe-Same Direction,2,Clear,Dry,Dark-Lighted
2021-02-28T20:42:00.000,I 75,I 75 and Ernest Barrett Pkwy,,Sideswipe-Same Direction,2,Clear,Dry,Dark-Not Lighted
2021-02-13T12:16:00.000,I 75,I 75 and Ernest Barrett Pkwy,,Rear End,2,Rain,Wet,Daylight
2021-03-14T16:54:00.000,I 75,I 75 and Ernest Barrett Pkwy,,Rear End,2,Clear,Dry,Daylight
2021-06-02T08:30:00.000,I 75,I 75 and Ernest Barrett Pkwy,,Sideswipe-Same Direction,2,Clear,Dry,Daylight
2021-02-11T11:09:00.000,I 75,I 75 and Ernest Barrett Pkwy,,Not a Collision with Motor Vehicle,1,Rain,Wet,Daylight
2021-06-29T20:22:00.000,I 75,I 75 and Ernest Barrett Pkwy,,Angle Crash,2,Clear,Dry,Daylight
2021-03-24T20:36:00.000,I 75,I 75 and Ernest Barrett Pkwy,,Rear End,2,Clear,Dry,Dark-Lighted
2021-04-25T02:42:00.000,I 75,I 75 and Ernest Barrett Pkwy,,Rear End,2,Cloudy,Wet,Dark-Not Lighted
2021-02-11T15:16:00.000,I 75,I 75 and Ernest Barrett Pkwy,,Sideswipe-Same Direction,2,Rain,Wet,Daylight
2021-03-06T10:42:00.000,I 75,I 75 and Ernest Barrett Pkwy,,Rear End,2,Cloudy,Dry,Daylight
2021-01-12T16:00:00.000,I 75,I 75 and Ernest Barrett Pkwy,,Not a Collision with Motor Vehicle,1,Clear,Dry,Daylight
2021-03-14T18:14:00.000,I 75,I 75 and Ernest Barrett Pkwy,,Rear End,2,Clear,Dry,Daylight
2021-01-21T16:50:00.000,I 75,I 75 and Ernest Barrett Pkwy,,Angle Crash,2,Clear,Dry,Daylight
2021-04-12T16:32:00.000,I 75,I 75 and Ernest Barrett Pkwy,,Rear End,2,Clear,Dry,Daylight
2021-01-22T20:10:00.000,I 75,I 75 and Ernest Barrett Pkwy,,Sideswipe-Same Direction,2,Clear,Dry,Dark-Lighted
2021-02-11T11:09:00.000,I 75,I 75 and Ernest Barrett Pkwy,,Rear End,12,Rain,Wet,Daylight
2021-06-16T16:31:00.000,I 75,I 75 and Ernest Barrett Pkwy,,Rear End,2,Clear,Dry,Daylight
2021-05-11T07:20:00.000,I 75,I 75 and Ernest Barrett Pkwy,,Rear End,2,Cloudy,Dry,Daylight
2021-02-11T11:09:00.000,I 75,I 75 and Ernest Barrett Pkwy,,Rear End,4,Cloudy,Wet,Daylight
2021-03-06T16:26:00.000,I 75,I 75 and Ernest Barrett Pkwy,,Sideswipe-Same Direction,2,Clear,Dry,Daylight
2021-10-16T07:22:00.000,I 75,I 75 and Ernest Barrett Pkwy,,Sideswipe-Same Direction,2,Clear,Dry,Dark-Not Lighted
2021-08-22T13:55:00.000,I 75,I 75 and Ernest Barrett Pkwy,,Rear End,2,Rain,Wet,Daylight
2021-11-06T00:33:00.000,I 75,I 75 and Ernest Barrett Pkwy,,Not a Collision with Motor Vehicle,2,Clear,Dry,Dark-Not Lighted
2021-08-21T08:56:00.000,I 75,I 75 and Ernest Barrett Pkwy,,Rear End,2,Cloudy,Dry,Daylight
2021-11-06T20:09:00.000,I 75,I 75 and Ernest Barrett Pkwy,,Rear End,2,Clear,Dry,Dark-Not Lighted
2021-09-29T11:45:00.000,I 75,I 75 and Ernest Barrett Pkwy,,Rear End,2,Clear,Dry,Daylight
2021-11-04T17:15:00.000,I 75,I 75 and Ernest Barrett Pkwy,,Rear End,2,Cloudy,Dry,Daylight
2021-10-05T09:44:00.000,I 75,I 75 and Ernest Barrett Pkwy,,Rear End,2,Rain,Wet,Daylight
2021-10-18T01:45:00.000,I 75,I 75 and Ernest Barrett Pkwy,,Sideswipe-Same Direction,2,Clear,Dry,Dark-Not Lighted
2021-12-10T17:05:00.000,I 75,I 75 and Ernest Barrett Pkwy,,Rear End,2,Rain,Wet,Dark-Lighted
2021-09-15T16:50:00.000,I 75,I 75 and Ernest Barrett Pkwy,,Rear End,2,Rain,Wet,Daylight
2021-09-30T13:34:00.000,I 75,I 75 and Ernest Barrett Pkwy,,Rear End,2,Clear,Dry,Daylight
2021-10-29T15:17:00.000,I 75,I 75 and Ernest Barrett Pkwy,,Rear End,2,Rain,Wet,Daylight