Date and Time,Roadway (From Crash Report),Intersection Name (from Crash Report),KABCO Severity,Manner of Collision (Crash Level) ,# of Vehicles per crash ,Weather Conditions (Crash Level),Surface Condition (Crash Level) ,Light Conditions (Crash Level)
2021-09-08T07:50:00.000,I 75,I 75 and Ernest Barrett Pkwy,,Sideswipe-Same Direction,2,Cloudy,Dry,Daylight
2022-11-07T08:02:00.000,I 75,I 75 and Ernest Barrett Pkwy,,Rear End,2,Cloudy,Dry,Daylight
2022-09-21T20:56:00.000,I 75,I 75 and Ernest Barrett Pkwy,,Rear End,3,Clear,Dry,Dark-Lighted
2022-02-04T22:44:00.000,I 75,I 75 and Ernest Barrett Pkwy,,Sideswipe-Same Direction,2,Cloudy,Dry,Dark-Lighted
2022-10-23T03:28:00.000,I 75,I 75 and Ernest Barrett Pkwy,,Not a Collision with Motor Vehicle,1,Clear,Dry,Dark-Lighted
2022-07-29T20:47:00.000,I 75,I 75 and Ernest Barrett Pkwy,,Rear End,2,Clear,Dry,Dark-Not Lighted
2021-09-10T01:44:00.000,I 75,I 75 and Ernest Barrett Pkwy,,Rear End,2,Clear,Dry,Dark-Not Lighted
2021-11-13T12:55:00.000,I 75,I 75 and Ernest Barrett Pkwy,,Rear End,2,Clear,Dry,Daylight
2021-07-14T22:40:00.000,I 75,I 75 and Ernest Barrett Pkwy,,Rear End,2,Clear,Dry,Dark-Not Lighted
2022-12-22T22:58:00.000,I 75,I 75 and Ernest Barrett Pkwy,,Sideswipe-Same Direction,2,Rain,Wet,Dark-Not Lighted
2022-09-19T20:05:00.000,I 75,I 75 and Ernest Barrett Pkwy,,Rear End,2,Clear,Dry,Dark-Lighted
2022-07-17T06:20:00.000,I 75,I 75 and Ernest Barrett Pkwy,,Rear End,2,Clear,Dry,Dawn
2022-11-15T20:38:00.000,I 75,I 75 and Ernest Barrett Pkwy,,Rear End,2,Clear,Dry,Dark-Lighted
2022-10-26T07:36:00.000,I 75,I 75 and Ernest Barrett Pkwy,,Sideswipe-Same Direction,2,Cloudy,Dry,Daylight
2022-09-14T15:00:00.000,I 75,I 75 and Ernest Barrett Pkwy,,Rear End,2,Clear,Dry,Daylight
2022-03-09T13:54:00.000,I 75,I 75 and Ernest Barrett Pkwy,,Sideswipe-Same Direction,2,Clear,Dry,Daylight
2022-04-17T14:45:00.000,I 75,I 75 and Ernest Barrett Pkwy,,Rear End,2,Clear,Dry,Daylight
2022-11-27T02:39:00.000,I 75,I 75 and Ernest Barrett Pkwy,,Rear End,2,Rain,Wet,Dark-Not Lighted
2022-06-22T16:36:00.000,I 75,I 75 and Ernest Barrett Pkwy,,Rear End,2,Clear,Dry,Daylight
2022-01-23T14:00:00.000,I 75,I 75 and Ernest Barrett Pkwy,,Rear End,2,Clear,Dry,Daylight
2022-07-31T17:32:00.000,I 75,I 75 and Ernest Barrett Pkwy,,Sideswipe-Same Direction,3,Clear,Dry,Daylight
2022-11-19T18:24:00.000,I 75,I 75 and Ernest Barrett Pkwy,,Sideswipe-Same Direction,2,Cloudy,Dry,Dark-Lighted
2022-11-30T04:54:00.000,I 75,I 75 and Ernest Barrett Pkwy,,Not a Collision with Motor Vehicle,1,Rain,Wet,Dark-Not Lighted
2022-01-05T13:30:00.000,I 75,I 75 and Ernest Barrett Pkwy,,Rear End,2,Cloudy,Dry,Daylight
2022-09-28T06:40:00.000,I 75,I 75 and Ernest Barrett Pkwy,,Sideswipe-Same Direction,2,Clear,Dry,Dawn
2022-08-21T13:36:00.000,I 75,I 75 and Ernest Barrett Pkwy,,Rear End,2,Clear,Wet,Daylight
2022-04-24T21:25:00.000,I 75,I 75 and Ernest Barrett Pkwy,,Sideswipe-Same Direction,2,Cloudy,Dry,Dark-Not Lighted
2022-03-01T17:11:00.000,I 75,I 75 and Ernest Barrett Pkwy,,Rear End,2,Clear,Dry,Daylight
2022-03-18T21:00:00.000,I 75,I 75 and Ernest Barrett Pkwy,,Rear End,2,Clear,Dry,Daylight
2022-06-18T17:00:00.000,I 75,I 75 and Ernest Barrett Pkwy,,Rear End,2,Clear,Dry,Daylight
2022-02-21T23:16:00.000,I 75,I 75 and Ernest Barrett Pkwy,,Not a Collision with Motor Vehicle,1,Rain,Water (standing or moving),Dark-Not Lighted
2022-11-23T19:13:00.000,I 75,I 75 and Ernest Barrett Pkwy,,Rear End,2,Clear,Dry,Dark-Lighted
2022-10-15T14:40:00.000,I 75,I 75 and Ernest Barrett Pkwy,,Sideswipe-Same Direction,2,Clear,Dry,Daylight
2022-01-16T00:05:00.000,I 75,I 75 and Ernest Barrett Pkwy,,Not a Collision with Motor Vehicle,1,Rain,Wet,Dark-Not Lighted
2022-12-16T08:27:00.000,I 75,I 75 and Ernest Barrett Pkwy,,Rear End,3,Clear,Dry,Daylight
2022-11-20T13:14:00.000,I 75,I 75 and Ernest Barrett Pkwy,,Not a Collision with Motor Vehicle,1,Clear,Dry,Daylight
2022-07-27T17:35:00.000,I 75,I 75 and Ernest Barrett Pkwy,,Rear End,2,Cloudy,Dry,Daylight
2022-02-09T06:15:00.000,I 75,I 75 and Ernest Barrett Pkwy,,Rear End,2,Clear,Dry,Dark-Lighted
2022-04-06T06:30:00.000,I 75,I 75 and Ernest Barrett Pkwy,,Sideswipe-Same Direction,2,Cloudy,Dry,Dark-Not Lighted
2022-04-24T11:32:00.000,I 75,I 75 and Ernest Barrett Pkwy,,Rear End,2,Clear,Dry,Daylight
2022-09-01T04:45:00.000,I 75,I 75 and Ernest Barrett Pkwy,,Sideswipe-Same Direction,2,Clear,Dry,Dark-Not Lighted
2022-09-04T22:41:00.000,I 75,I 75 and Ernest Barrett Pkwy,,Not a Collision with Motor Vehicle,1,Rain,Water (standing or moving),Dark-Not Lighted
2022-01-19T19:11:00.000,I 75,I 75 and Ernest Barrett Pkwy,,Sideswipe-Same Direction,2,Clear,Dry,Dark-Not Lighted
2022-06-15T09:38:00.000,I 75,I 75 and Ernest Barrett Pkwy,,Rear End,2,Clear,Dry,Daylight
2022-11-12T07:45:00.000,I 75,I 75 and Ernest Barrett Pkwy,,Sideswipe-Same Direction,3,Cloudy,Dry,Daylight
2022-03-09T13:54:00.000,I 75,I 75 and Ernest Barrett Pkwy,,Sideswipe-Same Direction,2,Clear,Dry,Daylight
2022-12-22T16:20:00.000,I 75,I 75 and Ernest Barrett Pkwy,,Rear End,2,Clear,Dry,Daylight
2022-05-09T23:44:00.000,I 75,I 75 and Ernest Barrett Pkwy,,Not a Collision with Motor Vehicle,1,Clear,Dry,Dark-Not Lighted
2022-11-09T17:20:00.000,I 75,I 75 and Ernest Barrett Pkwy,,Sideswipe-Same Direction,2,Clear,Dry,Daylight
2022-11-17T09:20:00.000,I 75,I 75 and Ernest Barrett Pkwy,,Not a Collision with Motor Vehicle,2,Clear,Dry,Daylight
2022-07-17T17:16:00.000,I 75,I 75 and Ernest Barrett Pkwy,,Rear End,3,Clear,Dry,Daylight
2022-09-14T15:14:00.000,I 75,I 75 and Ernest Barrett Pkwy,,Angle Crash,2,Clear,Dry,Daylight
2022-05-11T11:24:00.000,I 75,I 75 and Ernest Barrett Pkwy,,Rear End,2,Clear,Dry,Daylight
2022-12-22T16:20:00.000,I 75,I 75 and Ernest Barrett Pkwy,,Rear End,2,Clear,Dry,Daylight
2022-10-06T08:38:00.000,I 75,I 75 and Ernest Barrett Pkwy,,Rear End,2,Clear,Dry,Daylight
2022-05-13T06:20:00.000,I 75,I 75 and Ernest Barrett Pkwy,,Not a Collision with Motor Vehicle,1,Cloudy,Dry,Dawn
2022-12-04T20:22:00.000,I 75,I 75 and Ernest Barrett Pkwy,,Sideswipe-Same Direction,2,Cloudy,Dry,Dark-Lighted
2022-06-05T01:25:00.000,I 75,I 75 and Ernest Barrett Pkwy,,Rear End,2,Clear,Dry,Dark-Not Lighted
2022-06-15T00:13:00.000,I 75,I 75 and Ernest Barrett Pkwy,,Sideswipe-Same Direction,2,Clear,Dry,Dark-Not Lighted
2022-07-16T14:35:00.000,I 75,I 75 and Ernest Barrett Pkwy,,Rear End,2,Clear,Dry,Daylight
2022-05-30T22:40:00.000,I 75,I 75 and Ernest Barrett Pkwy,,Rear End,2,Clear,Dry,Dark-Not Lighted
2022-09-30T23:16:00.000,I 75,I 75 and Ernest Barrett Pkwy,,Angle Crash,2,Clear,Dry,Dark-Not Lighted
2022-03-20T18:29:00.000,I 75,I 75 and Ernest Barrett Pkwy,,Rear End,2,Clear,Dry,Daylight
2022-07-19T12:31:00.000,I 75,I 75 and Ernest Barrett Pkwy,,Rear End,2,Clear,Dry,Daylight
2022-06-29T06:03:00.000,I 75,I 75 and Ernest Barrett Pkwy,,Not a Collision with Motor Vehicle,2,Cloudy,Dry,Dark-Lighted
2022-04-20T18:29:00.000,I 75,I 75 and Ernest Barrett Pkwy,,Rear End,2,Clear,Dry,Daylight
2022-10-19T18:32:00.000,I 75,I 75 and Ernest Barrett Pkwy,,Rear End,2,Clear,Dry,Daylight
2022-01-28T11:40:00.000,I 75,I 75 and Ernest Barrett Pkwy,,Rear End,2,Clear,Dry,Daylight
2022-01-07T22:05:00.000,I 75,I 75 and Ernest Barrett Pkwy,,Sideswipe-Same Direction,2,Clear,Dry,Dark-Lighted
2022-06-06T09:34:00.000,I 75,I 75 and Ernest Barrett Pkwy,,Rear End,2,Cloudy,Dry,Daylight
2022-10-12T18:48:00.000,I 75,I 75 and Ernest Barrett Pkwy,,Rear End,2,Cloudy,Wet,Daylight
2022-05-15T11:48:00.000,I 75,I 75 and Ernest Barrett Pkwy,,Sideswipe-Same Direction,2,Clear,Dry,Daylight
2022-03-27T04:40:00.000,I 75,I 75 and Ernest Barrett Pkwy,,Sideswipe-Same Direction,2,Clear,Dry,Dark-Not Lighted
2022-04-10T02:28:00.000,I 75,I 75 and Ernest Barrett Pkwy,,Rear End,2,Clear,Dry,Dark-Not Lighted
2022-10-23T19:05:00.000,I 75,I 75 and Ernest Barrett Pkwy,,Rear End,3,Clear,Dry,Dark-Not Lighted
2022-04-15T09:12:00.000,I 75,I 75 and Ernest Barrett Pkwy,,Rear End,2,Clear,Dry,Daylight
2022-02-09T14:49:00.000,I 75,I 75 and Ernest Barrett Pkwy,,Rear End,2,Clear,Dry,Daylight
2022-04-24T06:46:00.000,I 75,I 75 and Ernest Barrett Pkwy,,Not a Collision with Motor Vehicle,1,Clear,Dry,Daylight
2022-11-08T07:01:00.000,I 75,I 75 and Ernest Barrett Pkwy,,Not a Collision with Motor Vehicle,1,Clear,Dry,Dawn
2022-01-25T22:11:00.000,I 75,I 75 and Ernest Barrett Pkwy,,Rear End,2,Clear,Dry,Dark-Lighted
2022-02-09T07:53:00.000,I 75,I 75 and Ernest Barrett Pkwy,,Rear End,2,Clear,Dry,Daylight
2022-03-30T08:22:00.000,I 75,I 75 and Ernest Barrett Pkwy,,Rear End,2,Clear,Dry,Daylight
2022-07-29T23:08:00.000,I 75,I 75 and Ernest Barrett Pkwy,,Sideswipe-Same Direction,2,Cloudy,Dry,Dark-Not Lighted
2022-12-14T11:28:00.000,I 75,I 75 and Ernest Barrett Pkwy,,Rear End,2,Cloudy,Wet,Daylight
2022-08-18T22:46:00.000,I 75,I 75 and Ernest Barrett Pkwy,,Sideswipe-Same Direction,2,Clear,Dry,Dark-Lighted
2022-10-26T12:41:00.000,I 75,I 75 and Ernest Barrett Pkwy,,Sideswipe-Same Direction,2,Clear,Dry,Daylight
2022-10-05T18:20:00.000,I 75,I 75 and Ernest Barrett Pkwy,,Sideswipe-Same Direction,2,Clear,Dry,Dusk
2022-12-10T21:45:00.000,I 75,I 75 and Ernest Barrett Pkwy,,Angle Crash,2,Rain,Wet,Dark-Lighted
2022-01-05T18:52:00.000,I 75,I 75 and Ernest Barrett Pkwy,,Rear End,2,Clear,Dry,Dark-Not Lighted
2022-06-05T04:44:00.000,I 75,I 75 and Ernest Barrett Pkwy,,Angle Crash,2,Clear,Dry,Dark-Not Lighted
2022-03-30T15:26:00.000,I 75,I 75 and Ernest Barrett Pkwy,,Rear End,2,Clear,Dry,Daylight
2022-10-02T00:42:00.000,I 75,I 75 and Ernest Barrett Pkwy,,Sideswipe-Same Direction,2,Cloudy,Dry,Dark-Lighted
2022-09-21T08:12:00.000,I 75,I 75 and Ernest Barrett Pkwy,,Rear End,2,Clear,Dry,Daylight
2022-12-16T23:43:00.000,I 75,I 75 and Ernest Barrett Pkwy,,Sideswipe-Same Direction,2,Clear,Dry,Dark-Lighted
2022-04-05T15:23:00.000,I 75,I 75 and Ernest Barrett Pkwy,,Rear End,2,Rain,Wet,Daylight
2022-12-05T19:05:00.000,I 75,I 75 and Ernest Barrett Pkwy,,Sideswipe-Same Direction,2,Rain,Water (standing or moving),Dark-Not Lighted
2022-10-30T21:10:00.000,I 75,I 75 and Ernest Barrett Pkwy,,Sideswipe-Opposite Direction,2,Rain,Wet,Dark-Not Lighted
2022-04-23T12:24:00.000,I 75,I 75 and Ernest Barrett Pkwy,,Rear End,2,Clear,Dry,Daylight
2022-12-19T23:21:00.000,I 75,I 75 and Ernest Barrett Pkwy,,Sideswipe-Same Direction,3,Cloudy,Wet,Dark-Lighted
2022-10-01T21:35:00.000,I 75,I 75 and Ernest Barrett Pkwy,,Rear End,2,Clear,Dry,Dark-Lighted
2022-08-18T16:24:00.000,I 75,I 75 and Ernest Barrett Pkwy,,Rear End,2,Cloudy,Dry,Daylight
2023-04-23T12:00:00.000,I 75,I 75 and Ernest Barrett Pkwy,,Rear End,2,Clear,Dry,Daylight
2023-12-09T06:18:00.000,I 75,I 75 and Ernest Barrett Pkwy,,Not a Collision with Motor Vehicle,1,Rain,Wet,Dark-Not Lighted
2023-02-25T15:25:00.000,I 75,I 75 and Ernest Barrett Pkwy,,Rear End,1,Clear,Dry,Daylight
2023-08-12T11:44:00.000,I 75,I 75 and Ernest Barrett Pkwy,,Rear End,2,Clear,Dry,Daylight
2023-09-13T06:42:00.000,I 75,I 75 and Ernest Barrett Pkwy,,Sideswipe-Same Direction,2,Rain,Wet,Dawn
2023-06-12T21:01:00.000,I 75,I 75 and Ernest Barrett Pkwy,,Not a Collision with Motor Vehicle,1,Cloudy,Dry,Dark-Lighted
2023-03-29T15:00:00.000,I 75,I 75 and Ernest Barrett Pkwy,,Sideswipe-Same Direction,2,Clear,Dry,Daylight
2023-11-28T14:19:00.000,I 75,I 75 and Ernest Barrett Pkwy,,Sideswipe-Same Direction,2,Clear,Dry,Daylight
2024-12-15T16:20:00.000,I 75,I 75 and Ernest Barrett Pkwy,,Rear End,2,Rain,Wet,Daylight
2024-02-23T21:46:00.000,I 75,I 75 and Ernest Barrett Pkwy,,Sideswipe-Same Direction,2,Clear,Dry,Dark-Lighted
2024-06-02T06:17:00.000,I 75,I 75 and Ernest Barrett Pkwy,,Not a Collision with Motor Vehicle,1,Cloudy,Dry,Daylight
2024-03-30T11:15:00.000,I 75,I 75 and Ernest Barrett Pkwy,,Rear End,2,Clear,Dry,Daylight
2024-01-12T15:55:00.000,I 75,I 75 and Ernest Barrett Pkwy,,Rear End,2,Rain,Wet,Daylight
2024-04-22T11:14:00.000,I 75,I 75 and Ernest Barrett Pkwy,,Rear End,2,Clear,Dry,Daylight
2024-06-12T18:24:00.000,I 75,I 75 and Ernest Barrett Pkwy,,Sideswipe-Same Direction,2,Clear,Dry,Daylight
2024-11-15T05:20:00.000,I 75,I 75 and Ernest Barrett Pkwy,,Sideswipe-Same Direction,2,Cloudy,Dry,Dark-Lighted
2024-09-20T22:00:00.000,I 75,I 75 and Ernest Barrett Pkwy,,Not a Collision with Motor Vehicle,1,Clear,Dry,Dark-Lighted
2024-10-09T17:58:00.000,I 75,I 75 and Ernest Barrett Pkwy,,Rear End,2,Clear,Dry,Daylight
2024-05-15T18:15:00.000,I 75,I 75 and Ernest Barrett Pkwy,,Sideswipe-Same Direction,2,Clear,Dry,Daylight
2024-07-01T05:50:00.000,I 75,I 75 and Ernest Barrett Pkwy,,Sideswipe-Same Direction,2,Clear,Dry,Dawn
2024-12-23T18:58:00.000,I 75,I 75 and Ernest Barrett Pkwy,,Rear End,2,Clear,Dry,Daylight
2024-02-02T16:37:00.000,I 75,I 75 and Ernest Barrett Pkwy,,Rear End,2,Clear,Dry,Daylight
2024-03-05T23:49:00.000,I 75,I 75 and Ernest Barrett Pkwy,,Not a Collision with Motor Vehicle,1,Rain,Wet,Dark-Not Lighted
2023-07-26T10:19:00.000,I 75,I 75 and Ernest Barrett Pkwy,,Rear End,2,Clear,Dry,Daylight
2023-05-17T11:21:00.000,I 75,I 75 and Ernest Barrett Pkwy,,Angle Crash,2,Cloudy,Dry,Daylight
2023-01-21T16:52:00.000,I 75,I 75 and Ernest Barrett Pkwy,,Rear End,2,Clear,Dry,Daylight
2023-03-10T04:07:00.000,I 75,I 75 and Ernest Barrett Pkwy,,Sideswipe-Same Direction,2,Rain,Wet,Dark-Not Lighted
2024-12-10T19:52:00.000,I 75,I 75 and Ernest Barrett Pkwy,,Rear End,2,Rain,Wet,Dark-Lighted
2024-01-19T03:13:00.000,I 75,I 75 and Ernest Barrett Pkwy,,Rear End,3,Rain,Wet,Dark-Lighted
2024-06-07T08:00:00.000,I 75,I 75 and Ernest Barrett Pkwy,,Rear End,2,Clear,Dry,Daylight
2023-01-30T05:19:00.000,I 75,I 75 and Ernest Barrett Pkwy,,Angle Crash,2,Rain,Wet,Dark-Not Lighted
2023-12-22T04:05:00.000,I 75,I 75 and Ernest Barrett Pkwy,,Not a Collision with Motor Vehicle,1,Cloudy,Dry,Dark-Not Lighted
2023-02-09T19:50:00.000,I 75,I 75 and Ernest Barrett Pkwy,,Rear End,2,Rain,Wet,Dark-Not Lighted
2023-11-05T18:54:00.000,I 75,I 75 and Ernest Barrett Pkwy,,Rear End,2,Clear,Dry,Dark-Lighted
2023-12-13T17:48:00.000,I 75,I 75 and Ernest Barrett Pkwy,,Sideswipe-Same Direction,2,Clear,Dry,Dark-Not Lighted
2023-09-21T20:23:00.000,I 75,I 75 and Ernest Barrett Pkwy,,Sideswipe-Same Direction,2,Clear,Dry,Daylight
2023-01-14T14:08:00.000,I 75,I 75 and Ernest Barrett Pkwy,,Rear End,2,Clear,Dry,Daylight
2023-07-08T16:13:00.000,I 75,I 75 and Ernest Barrett Pkwy,,Rear End,2,Clear,Dry,Daylight
2023-06-07T08:41:00.000,I 75,I 75 and Ernest Barrett Pkwy,,Sideswipe-Same Direction,2,Clear,Dry,Daylight
2023-11-23T04:50:00.000,I 75,I 75 and Ernest Barrett Pkwy,,Not a Collision with Motor Vehicle,1,Clear,Dry,Dark-Not Lighted
2023-08-27T10:47:00.000,I 75,I 75 and Ernest Barrett Pkwy,,Rear End,2,Clear,Dry,Daylight
2023-08-09T13:32:00.000,I 75,I 75 and Ernest Barrett Pkwy,,Sideswipe-Same Direction,2,Clear,Dry,Daylight
2023-01-04T08:56:00.000,I 75,I 75 and Ernest Barrett Pkwy,,Angle Crash,2,Rain,Water (standing or moving),Daylight
2023-02-27T17:55:00.000,I 75,I 75 and Ernest Barrett Pkwy,,Rear End,2,Clear,Dry,Daylight
2023-08-06T10:10:00.000,I 75,I 75 and Ernest Barrett Pkwy,,Rear End,2,Clear,Dry,Daylight
2023-07-29T09:49:00.000,I 75,I 75 and Ernest Barrett Pkwy,,Rear End,2,Cloudy,Dry,Daylight
2023-05-28T13:05:00.000,I 75,I 75 and Ernest Barrett Pkwy,,Not a Collision with Motor Vehicle,1,Clear,Dry,Daylight
2023-08-05T18:52:00.000,I 75,I 75 and Ernest Barrett Pkwy,,Rear End,2,Clear,Dry,Daylight
2023-03-25T06:30:00.000,I 75,I 75 and Ernest Barrett Pkwy,,Not a Collision with Motor Vehicle,1,Rain,Water (standing or moving),Dark-Not Lighted
2023-06-16T16:25:00.000,I 75,I 75 and Ernest Barrett Pkwy,,Angle Crash,2,Clear,Dry,Daylight
2023-05-03T11:59:00.000,I 75,I 75 and Ernest Barrett Pkwy,,Angle Crash,2,Clear,Dry,Daylight
2023-01-23T20:30:00.000,I 75,I 75 and Ernest Barrett Pkwy,,Sideswipe-Same Direction,2,Clear,Dry,Dark-Not Lighted
2023-09-20T14:31:00.000,I 75,I 75 and Ernest Barrett Pkwy,,Rear End,2,Clear,Dry,Daylight
2023-12-23T15:50:00.000,I 75,I 75 and Ernest Barrett Pkwy,,Rear End,2,Clear,Dry,Daylight
2023-05-24T14:08:00.000,I 75,I 75 and Ernest Barrett Pkwy,,Rear End,2,Clear,Dry,Daylight
2023-09-23T11:02:00.000,I 75,I 75 and Ernest Barrett Pkwy,,Angle Crash,2,Clear,Dry,Daylight
2023-10-18T12:24:00.000,I 75,I 75 and Ernest Barrett Pkwy,,Rear End,2,Clear,Dry,Daylight
2023-07-29T13:45:00.000,I 75,I 75 and Ernest Barrett Pkwy,,Sideswipe-Same Direction,2,Clear,Dry,Daylight
2023-07-10T00:45:00.000,I 75,I 75 and Ernest Barrett Pkwy,,Not a Collision with Motor Vehicle,1,Clear,Wet,Dark-Not Lighted
2023-04-26T07:38:00.000,I 75,I 75 and Ernest Barrett Pkwy,,Rear End,2,Cloudy,Dry,Daylight
2023-10-11T19:53:00.000,I 75,I 75 and Ernest Barrett Pkwy,,Rear End,2,Clear,Wet,Dark-Not Lighted
2023-01-11T16:57:00.000,I 75,I 75 and Ernest Barrett Pkwy,,Rear End,2,Cloudy,Dry,Daylight
2023-08-12T13:41:00.000,I 75,I 75 and Ernest Barrett Pkwy,,Rear End,2,Clear,Dry,Daylight
2023-06-05T19:52:00.000,I 75,I 75 and Ernest Barrett Pkwy,,Rear End,2,Clear,Dry,Daylight
2023-02-07T11:37:00.000,I 75,I 75 and Ernest Barrett Pkwy,,Sideswipe-Same Direction,1,Clear,Dry,Daylight
2023-10-05T22:28:00.000,I 75,I 75 and Ernest Barrett Pkwy,,Sideswipe-Same Direction,2,Clear,Dry,Dark-Not Lighted
2023-05-20T05:07:00.000,I 75,I 75 and Ernest Barrett Pkwy,,Not a Collision with Motor Vehicle,1,Clear,Dry,Dark-Not Lighted
2023-03-11T15:25:00.000,I 75,I 75 and Ernest Barrett Pkwy,,Rear End,2,Clear,Dry,Daylight
2023-07-05T17:55:00.000,I 75,I 75 and Ernest Barrett Pkwy,,Rear End,2,Clear,Dry,Daylight
2023-01-29T14:30:00.000,I 75,I 75 and Ernest Barrett Pkwy,,Sideswipe-Same Direction,2,Cloudy,Dry,Daylight
2023-08-23T10:34:00.000,I 75,I 75 and Ernest Barrett Pkwy,,Rear End,2,Clear,Dry,Daylight
2023-09-08T19:02:00.000,I 75,I 75 and Ernest Barrett Pkwy,,Rear End,2,Clear,Dry,Daylight
2023-07-12T07:53:00.000,I 75,I 75 and Ernest Barrett Pkwy,,Sideswipe-Same Direction,2,Clear,Dry,Daylight
2023-08-19T18:48:00.000,I 75,I 75 and Ernest Barrett Pkwy,,Sideswipe-Same Direction,1,Clear,Dry,Daylight
2024-11-16T09:35:00.000,I 75,I 75 and Ernest Barrett Pkwy,,Rear End,2,Clear,Dry,Daylight
2024-09-18T17:38:00.000,I 75,I 75 and Ernest Barrett Pkwy,,Rear End,2,Clear,Dry,Daylight
2024-02-15T14:13:00.000,I 75,I 75 and Ernest Barrett Pkwy,,Rear End,2,Clear,Dry,Daylight
2024-05-04T08:22:00.000,I 75,I 75 and Ernest Barrett Pkwy,,Not a Collision with Motor Vehicle,1,Rain,Wet,Daylight
2024-09-28T16:49:00.000,I 75,I 75 and Ernest Barrett Pkwy,,Rear End,2,Clear,Dry,Daylight
2024-02-17T10:27:00.000,I 75,I 75 and Ernest Barrett Pkwy,,Rear End,2,Cloudy,Dry,Daylight
2024-11-04T16:47:00.000,I 75,I 75 and Ernest Barrett Pkwy,,Rear End,2,Cloudy,Dry,Daylight
2024-12-15T15:37:00.000,I 75,I 75 and Ernest Barrett Pkwy,,Not a Collision with Motor Vehicle,1,Rain,Wet,Daylight
2024-06-04T21:48:00.000,I 75,I 75 and Ernest Barrett Pkwy,,Sideswipe-Same Direction,2,Clear,Dry,Dark-Lighted
2024-03-14T21:04:00.000,I 75,I 75 and Ernest Barrett Pkwy,,Not a Collision with Motor Vehicle,1,Clear,Dry,Dark-Not Lighted
2024-04-18T09:01:00.000,I 75,I 75 and Ernest Barrett Pkwy,,Not a Collision with Motor Vehicle,1,Clear,Dry,Daylight
2024-06-30T15:25:00.000,I 75,I 75 and Ernest Barrett Pkwy,,Rear End,2,Clear,Dry,Daylight
2024-12-23T20:09:00.000,I 75,I 75 and Ernest Barrett Pkwy,,Rear End,2,Clear,Dry,Daylight
2024-05-12T16:16:00.000,I 75,I 75 and Ernest Barrett Pkwy,,Rear End,2,Clear,Dry,Daylight
2024-07-06T17:03:00.000,I 75,I 75 and Ernest Barrett Pkwy,,Rear End,2,Rain,Wet,Daylight
2024-04-04T22:15:00.000,I 75,I 75 and Ernest Barrett Pkwy,,Sideswipe-Same Direction,2,Clear,Dry,Dark-Not Lighted
2024-12-09T15:47:00.000,I 75,I 75 and Ernest Barrett Pkwy,,Sideswipe-Same Direction,2,Rain,Wet,Dusk
2024-06-12T11:50:00.000,I 75,I 75 and Ernest Barrett Pkwy,,Sideswipe-Same Direction,2,Cloudy,Dry,Daylight
2024-09-12T09:13:00.000,I 75,I 75 and Ernest Barrett Pkwy,,Rear End,2,Rain,Wet,Daylight
2024-06-24T12:01:00.000,I 75,I 75 and Ernest Barrett Pkwy,,Angle Crash,2,Clear,Dry,Daylight
2024-10-30T11:31:00.000,I 75,I 75 and Ernest Barrett Pkwy,,Rear End,2,Cloudy,Dry,Daylight
2024-11-22T04:16:00.000,I 75,I 75 and Ernest Barrett Pkwy,,Sideswipe-Same Direction,2,Clear,Dry,Dark-Lighted
2024-10-12T18:20:00.000,I 75,I 75 and Ernest Barrett Pkwy,,Rear End,2,Clear,Dry,Daylight
2024-05-09T18:28:00.000,I 75,I 75 and Ernest Barrett Pkwy,,Rear End,2,Clear,Dry,Daylight
2024-06-26T14:39:00.000,I 75,I 75 and Ernest Barrett Pkwy,,Rear End,2,Clear,Dry,Daylight
2024-01-31T19:09:00.000,I 75,I 75 and Ernest Barrett Pkwy,,Angle Crash,2,Clear,Dry,Dark-Not Lighted
2024-11-03T13:00:00.000,I 75,I 75 and Ernest Barrett Pkwy,,Sideswipe-Same Direction,2,Cloudy,Dry,Daylight
2024-04-22T23:55:00.000,I 75,I 75 and Ernest Barrett Pkwy,,Not a Collision with Motor Vehicle,1,Other,Dry,Dark-Not Lighted
2024-04-11T17:54:00.000,I 75,I 75 and Ernest Barrett Pkwy,,Angle Crash,2,Clear,Dry,Daylight
2024-11-15T07:25:00.000,I 75,I 75 and Ernest Barrett Pkwy,,Rear End,3,Clear,Dry,Daylight
2024-11-27T08:50:00.000,I 75,I 75 and Ernest Barrett Pkwy,,Rear End,2,Clear,Dry,Daylight
2024-09-21T18:30:00.000,I 75,I 75 and Ernest Barrett Pkwy,,Not a Collision with Motor Vehicle,1,Clear,Dry,Daylight
2024-04-07T10:00:00.000,I 75,I 75 and Ernest Barrett Pkwy,,Rear End,2,Cloudy,Dry,Daylight
2024-08-28T16:30:00.000,I 75,I 75 and Ernest Barrett Pkwy,,Rear End,2,Clear,Dry,Daylight
2024-09-10T11:41:00.000,I 75,I 75 and Ernest Barrett Pkwy,,Rear End,2,Clear,Dry,Daylight
2024-07-03T17:45:00.000,I 75,I 75 and Ernest Barrett Pkwy,,Sideswipe-Same Direction,2,Clear,Dry,Daylight
2024-12-08T00:41:00.000,I 75,I 75 and Ernest Barrett Pkwy,,Sideswipe-Same Direction,2,Clear,Dry,Dark-Not Lighted
2024-03-03T11:23:00.000,I 75,I 75 and Ernest Barrett Pkwy,,Rear End,2,Cloudy,Dry,Daylight
2024-06-27T19:05:00.000,I 75,I 75 and Ernest Barrett Pkwy,,Rear End,2,Clear,Dry,Daylight
2024-04-29T22:14:00.000,I 75,I 75 and Ernest Barrett Pkwy,,Sideswipe-Same Direction,2,Clear,Dry,Dark-Lighted