Date and Time,Roadway (From Crash Report),Intersection Name (from Crash Report),KABCO Severity,Manner of Collision (Crash Level) ,# of Vehicles per crash ,Weather Conditions (Crash Level),Surface Condition (Crash Level) ,Light Conditions (Crash Level)
2024-09-14T20:20:00.000,I 75,I 75 and Ernest Barrett Pkwy,,Sideswipe-Same Direction,2,Cloudy,Dry,Dark-Not Lighted
2024-10-06T18:18:00.000,I 75,I 75 and Ernest Barrett Pkwy,,Angle Crash,2,Clear,Dry,Daylight
2024-10-15T11:22:00.000,I 75,I 75 and Ernest Barrett Pkwy,,Rear End,2,Clear,Dry,Daylight
2024-05-14T17:21:00.000,I 75,I 75 and Ernest Barrett Pkwy,,Rear End,2,Cloudy,Dry,Daylight
2024-10-20T20:00:00.000,I 75,I 75 and Ernest Barrett Pkwy,,Sideswipe-Same Direction,2,Clear,Dry,Dark-Not Lighted
2024-05-26T11:57:00.000,I 75,I 75 and Ernest Barrett Pkwy,,Rear End,2,Clear,Dry,Daylight
2024-10-26T09:59:00.000,I 75,I 75 and Ernest Barrett Pkwy,,Rear End,3,Clear,Dry,Daylight
2024-03-29T20:15:00.000,I 75,I 75 and Ernest Barrett Pkwy,,Rear End,2,Clear,Dry,Dark-Lighted
2024-04-20T18:52:00.000,I 75,I 75 and Ernest Barrett Pkwy,,Angle Crash,2,Clear,Dry,Daylight
2024-02-10T02:31:00.000,I 75,I 75 and Ernest Barrett Pkwy,,Sideswipe-Same Direction,2,Clear,Dry,Dark-Lighted
2024-04-03T14:20:00.000,I 75,I 75 and Ernest Barrett Pkwy,,Rear End,2,Clear,Dry,Daylight
2024-04-29T19:25:00.000,I 75,I 75 and Ernest Barrett Pkwy,,Rear End,2,Cloudy,Dry,Daylight
2024-06-27T06:51:00.000,I 75,I 75 and Ernest Barrett Pkwy,,Rear End,2,Cloudy,Dry,Daylight
2024-11-10T16:41:00.000,I 75,I 75 and Ernest Barrett Pkwy,,Rear End,2,Clear,Wet,Daylight
2024-12-04T16:14:00.000,I 75,I 75 and Ernest Barrett Pkwy,,Rear End,2,Clear,Dry,Daylight
2024-01-20T07:57:00.000,I 75,I 75 and Ernest Barrett Pkwy,,Rear End,2,Clear,Dry,Daylight
2024-05-04T04:38:00.000,I 75,I 75 and Ernest Barrett Pkwy,,Head On,1,Cloudy,Wet,Dark-Not Lighted
2024-02-04T09:20:00.000,I 75,I 75 and Ernest Barrett Pkwy,,Rear End,2,Cloudy,Dry,Daylight
2024-04-24T22:21:00.000,I 75,I 75 and Ernest Barrett Pkwy,,Rear End,2,Clear,Dry,Dark-Not Lighted
2024-02-02T05:18:00.000,I 75,I 75 and Ernest Barrett Pkwy,,Sideswipe-Same Direction,2,Cloudy,Dry,Dark-Not Lighted
2024-11-19T06:55:00.000,I 75,I 75 and Ernest Barrett Pkwy,,Sideswipe-Same Direction,2,Cloudy,Wet,Dark-Not Lighted
2024-06-12T17:06:00.000,I 75,I 75 and Ernest Barrett Pkwy,,Rear End,2,Cloudy,Dry,Daylight
2020-07-25T17:38:00.000,I 75,I 75 and Ernest Barrett,,Rear End,2,Cloudy,Dry,Daylight
2023-09-23T02:15:00.000,I 75,I 75 and Ernest Barrett,,Rear End,2,Clear,Dry,Dark-Not Lighted
2024-12-28T01:26:00.000,I 75,I 75 and Ernest Barrett,,Angle Crash,2,Rain,Wet,Dark-Not Lighted
2024-04-04T22:46:00.000,I 75,I 75 and Ernest Barrett,,Rear End,2,Cloudy,Dry,Dark-Not Lighted
2024-06-20T18:56:00.000,I 75,I 75 and Ernest Barrett,,Rear End,2,Clear,Dry,Daylight
2021-05-20T16:10:00.000,I 75,I 75 and Ernest Barret Pkwy,,Rear End,2,Clear,Dry,Daylight
2021-09-15T15:23:00.000,I 75,I 75 and Ernest Barret Pkwy,,Sideswipe-Same Direction,2,Rain,Wet,Daylight
2023-04-18T00:15:00.000,I 75,I 75 and Ernest Barret Pkwy,,Not a Collision with Motor Vehicle,1,Clear,Dry,Dark-Not Lighted
2020-08-30T22:03:00.000,I 75,I 75 and Ernest Barret Pkwy,,Not a Collision with Motor Vehicle,1,Rain,Water (standing or moving),Dark-Lighted
2023-12-03T04:00:00.000,I 75,I 75 and Ernest Barret,,Not a Collision with Motor Vehicle,1,Rain,Wet,Dark-Lighted
2022-10-05T08:29:00.000,I 75,I 75 and Ernest Barett Pkwy,,Rear End,2,Clear,Dry,Daylight
2024-06-07T22:25:00.000,I 75,I 75 and Ernest Barertt Pkwy,,Sideswipe-Same Direction,3,Clear,Dry,Dark-Not Lighted
2024-03-17T13:18:00.000,I 75,I 75 and Ernest,,Rear End,2,Clear,Dry,Daylight
2023-10-07T14:06:00.000,I 75,I 75 and Ern Barrett Pkwy,,Rear End,2,Clear,Dry,Daylight
2023-05-31T13:54:00.000,I 75,I 75 and Erenst Barrett Pkwy,,Rear End,5,Cloudy,Dry,Daylight
2022-04-30T18:22:00.000,I 75,I 75 and Erenest Barrett Pkwy,,Sideswipe-Same Direction,2,Clear,Dry,Daylight
2022-07-10T18:34:00.000,I 75,I 75 and Entry From Pierce Ave To I75,,Rear End,3,Rain,Wet,Daylight
2023-04-27T19:08:00.000,I 75,I 75 and Entrence Ramp To I20,,Rear End,2,Clear,Dry,Daylight
2021-12-06T11:36:00.000,I 75,I 75 and Entrance To The Welcome Cen,,Angle Crash,2,Rain,Wet,Daylight
2022-01-27T08:10:00.000,I 75,I 75 and Entrance To I75,,Not a Collision with Motor Vehicle,1,Clear,Dry,Daylight
2021-11-15T07:58:00.000,I 75,I 75 and Entrance Rp,,Sideswipe-Same Direction,2,Clear,Dry,Daylight
2021-05-09T01:29:00.000,I 75,I 75 and Entrance Rp,,Rear End,2,Clear,Dry,Daylight
2020-04-08T09:58:00.000,I 75,I 75 and Entrance Rp,,Not a Collision with Motor Vehicle,1,Rain,Water (standing or moving),Daylight
2021-10-09T05:45:00.000,I 75,I 75 and Entrance Rp,,Not a Collision with Motor Vehicle,1,Cloudy,Dry,Dark-Not Lighted
2021-07-21T13:57:00.000,I 75,I 75 and Entrance Rp,,Not a Collision with Motor Vehicle,1,Cloudy,Dry,Daylight
2021-10-28T07:15:00.000,I 75,I 75 and Entrance Rp,,Rear End,3,Rain,Wet,Dark-Not Lighted
2021-08-04T17:42:00.000,I 75,I 75 and Entrance Rp,,Not a Collision with Motor Vehicle,1,Cloudy,Dry,Daylight
2022-12-19T08:10:00.000,I 75,I 75 and Entrance Rp,,Rear End,2,Clear,Dry,Daylight
2023-04-27T08:56:00.000,I 75,I 75 and Entrance Rp,,Sideswipe-Same Direction,2,Rain,Wet,Daylight
2023-04-18T23:46:00.000,I 75,I 75 and Entrance Rp,,Not a Collision with Motor Vehicle,1,Clear,Dry,Dark-Lighted
2023-11-30T16:05:00.000,I 75,I 75 and Entrance Rp,,Not a Collision with Motor Vehicle,2,Clear,Dry,Daylight
2024-11-08T07:29:00.000,I 75,I 75 and Entrance Rp,,Rear End,2,Rain,Wet,Daylight
2024-09-25T15:55:00.000,I 75,I 75 and Entrance Rp,,Angle Crash,2,Cloudy,Dry,Daylight
2020-11-26T11:45:00.000,I 75,I 75 and Entrance Ramp To I85,,Not a Collision with Motor Vehicle,1,Cloudy,Dry,Daylight
2022-09-13T18:00:00.000,I 75,I 75 and Entrance Ramp To I85,,Rear End,2,Clear,Dry,Daylight
2023-11-13T18:50:00.000,I 75,I 75 and Entrance Ramp To I85,,Sideswipe-Same Direction,2,Clear,Dry,Dark-Lighted
2021-12-22T07:26:00.000,I 75,I 75 and Entrance Ramp To I75 Hardeman Ave,,Rear End,2,Clear,Dry,Daylight
2020-03-10T07:31:00.000,I 75,I 75 and Entrance Ramp To I75,,Rear End,2,Clear,Dry,Dawn
2020-09-08T07:49:00.000,I 75,I 75 and Entrance Ramp To I75,,Not a Collision with Motor Vehicle,1,Clear,Dry,Daylight
2021-12-08T08:00:00.000,I 75,I 75 and Entrance Ramp To I20,,Rear End,2,Cloudy,Wet,Daylight
2021-12-08T07:45:00.000,I 75,I 75 and Entrance Ramp To I20,,Sideswipe-Same Direction,2,Cloudy,Wet,Daylight
2021-10-29T12:54:00.000,I 75,I 75 and Entrance Ramp To I20,,Rear End,2,Cloudy,Dry,Daylight
2022-03-14T10:46:00.000,I 75,I 75 and Entrance Ramp To I20,,Sideswipe-Same Direction,2,Clear,Dry,Daylight
2021-12-08T07:46:00.000,I 75,I 75 and Entrance Ramp To I20,,Sideswipe-Same Direction,2,Cloudy,Wet,Daylight
2021-11-28T15:55:00.000,I 75,I 75 and Entrance Ramp From Omega Eldor,,Not a Collision with Motor Vehicle,1,Clear,Wet,Daylight
2023-06-28T17:18:00.000,I 75,I 75 and Entrance Ramp From Northside D,,Rear End,2,Clear,Dry,Daylight
2020-02-27T16:43:00.000,I 75,I 75 and Entrance Ramp From N Marietta,,Sideswipe-Same Direction,2,Clear,Dry,Daylight
2020-01-04T11:18:00.000,I 75,I 75 and Entrance Ramp From Mm333,,Sideswipe-Same Direction,2,Clear,Dry,Daylight
2020-01-31T05:37:00.000,I 75,I 75 and Entrance Ramp From Ga3,,Not a Collision with Motor Vehicle,1,Clear,Dry,Dark-Not Lighted
2020-01-31T05:37:00.000,I 75,I 75 and Entrance Ramp From Ga3,,Not a Collision with Motor Vehicle,1,Clear,Dry,Dark-Not Lighted
2020-02-08T23:23:00.000,I 75,I 75 and Entrance Ramp From Ga3,,Rear End,2,Cloudy,Wet,Dark-Not Lighted
2020-01-31T05:37:00.000,I 75,I 75 and Entrance Ramp From Ga3,,Not a Collision with Motor Vehicle,1,Clear,Dry,Dark-Not Lighted
2020-02-05T12:22:00.000,I 75,I 75 and Entrance Ramp From Ga146,,Not a Collision with Motor Vehicle,1,Rain,Wet,Daylight
2023-05-22T17:35:00.000,I 75,I 75 and Entrance Ramp From Fulton Stre,,Sideswipe-Same Direction,2,Rain,Wet,Daylight
2023-06-13T13:05:00.000,I 75,I 75 and Entrance Ramp From Freedom Pky,,Sideswipe-Same Direction,2,Cloudy,Dry,Daylight
2021-10-29T06:41:00.000,I 75,I 75 and Entrance Ramp From Freedom Pkw,,Sideswipe-Same Direction,2,Rain,Wet,Dark-Lighted
2022-10-21T16:05:00.000,I 75,I 75 and Entrance Ramp From Exit 310,,Sideswipe-Same Direction,3,Clear,Dry,Daylight
2020-03-06T14:30:00.000,I 75,I 75 and Entrance Ramp From Delk Rd,,Rear End,2,Clear,Dry,Daylight
2020-05-12T01:33:00.000,I 75,I 75 and Entrance Ramp From Carbondale,,Not a Collision with Motor Vehicle,1,Clear,Dry,Dark-Not Lighted
2023-02-07T16:35:00.000,I 75,I 75 and Entrance Ramp From 10Th St,,Sideswipe-Same Direction,2,Clear,Dry,Daylight
2023-03-06T06:00:00.000,I 75,I 75 and Entrance Ramp From 10Th St,,Rear End,2,Clear,Dry,Daylight
2023-10-19T13:48:00.000,I 75,I 75 and Entrance Ramp From 10Th St,,Rear End,2,Clear,Dry,Daylight
2023-09-25T12:08:00.000,I 75,I 75 and Entrance Ramp From 10Th St,,Rear End,2,Clear,Dry,Daylight
2020-05-12T20:30:00.000,I 75,I 75 and Entrance Ramp At Mm198 High F,,Not a Collision with Motor Vehicle,1,Clear,Dry,Dark-Not Lighted
2021-09-10T02:03:00.000,I 75,I 75 and Entrance Ramp 353,,Sideswipe-Same Direction,2,Clear,Dry,Dark-Not Lighted
2022-02-08T14:30:00.000,I 75,I 75 and Entrance Ramp 350,,Sideswipe-Same Direction,2,Clear,Dry,Daylight
2023-03-29T06:52:00.000,I 75,I 75 and Entrance Ramp 345,,Angle Crash,2,Clear,Dry,Dusk
2023-12-01T11:03:00.000,I 75,I 75 and Entrance Ramp 341,,Sideswipe-Same Direction,2,Rain,Wet,Daylight
2020-06-05T16:26:00.000,I 75,I 75 and Entrance Ramp 333,,Sideswipe-Same Direction,2,Clear,Dry,Daylight
2022-08-15T13:58:00.000,I 75,I 75 and Entrance Ramp 328 To I75,,Rear End,2,Cloudy,Dry,Daylight
2023-07-23T20:05:00.000,I 75,I 75 and Entrance Ramp 328,,Sideswipe-Same Direction,2,Clear,Dry,Daylight
2021-05-15T16:11:00.000,I 75,I 75 and Entrance Ramp 318,,Sideswipe-Same Direction,2,Cloudy,Dry,Daylight
2020-09-21T09:17:00.000,I 75,I 75 and Entrance Ramp 315,,Not a Collision with Motor Vehicle,2,Cloudy,Dry,Daylight
2020-09-21T09:17:00.000,I 75,I 75 and Entrance Ramp 315,,Not a Collision with Motor Vehicle,2,Cloudy,Dry,Daylight
2022-08-11T07:38:00.000,I 75,I 75 and Entrance Ramp 315,,Not a Collision with Motor Vehicle,1,Fog,Wet,Daylight
2022-07-31T21:53:00.000,I 75,I 75 and Entrance Ramp 310,,Sideswipe-Same Direction,1,Rain,Wet,Dark-Not Lighted
2021-07-27T09:53:00.000,I 75,I 75 and Entrance Ramp 278,,Sideswipe-Same Direction,2,Clear,Dry,Daylight
2021-06-26T14:05:00.000,I 75,I 75 and Entrance Ramp 278,,Angle Crash,2,Cloudy,Dry,Daylight
2021-08-12T17:21:00.000,I 75,I 75 and Entrance Ramp 171,,Not a Collision with Motor Vehicle,2,Cloudy,Dry,Daylight
2020-09-09T10:21:00.000,I 75,I 75 and Entrance Ramp 163,,Not a Collision with Motor Vehicle,1,Cloudy,Dry,Daylight
2020-11-29T15:42:00.000,I 75,I 75 and Entrance Ramp 146,,Angle Crash,2,Rain,Wet,Daylight
2020-03-04T14:45:00.000,I 75,I 75 and Entrance Ramp 136,,Rear End,2,Rain,Wet,Daylight
2020-01-27T13:54:00.000,I 75,I 75 and Entrance 341,,Sideswipe-Same Direction,2,Clear,Dry,Daylight
2023-05-16T13:57:00.000,I 75,I 75 and Entrance 326,,Not a Collision with Motor Vehicle,1,Cloudy,Dry,Daylight
2024-06-03T15:04:00.000,I 75,I 75 and Entr Ramp Off 224,,Rear End,2,Clear,Dry,Daylight
2021-01-16T23:15:00.000,I 75,I 75 and Ent267,,Angle Crash,2,Cloudy,Dry,Dark-Not Lighted
2022-05-27T17:45:00.000,I 75,I 75 and Ent Ramp From Delk Rd,,Rear End,2,Clear,Dry,Daylight
2020-09-25T13:29:00.000,I 75,I 75 and Ent Ramp Canton Rd Conn,,Angle Crash,2,Cloudy,Dry,Daylight
2022-06-18T16:30:00.000,I 75,I 75 and Ent Ramp 265,,Rear End,2,Clear,Dry,Daylight
2024-09-15T13:56:00.000,I 75,I 75 and Ent 267A Canton Rd Connector,,Rear End,2,Clear,Dry,Daylight
2021-02-21T10:00:00.000,I 75,I 75 and Ent 267,,Angle Crash,2,Cloudy,Dry,Daylight
2023-08-06T00:01:00.000,I 75,I 75 and Ellis Street Entrance Rp,,Angle Crash,2,Clear,Dry,Dark-Lighted
2021-11-04T17:47:00.000,I 75,I 75 and Ellis St Entrance Ramp To I75,,Sideswipe-Same Direction,2,Clear,Dry,Daylight
2021-07-06T22:10:00.000,I 75,I 75 and Ellis St,,Head On,2,Rain,Wet,Dark-Lighted
2023-09-01T07:15:00.000,I 75,I 75 and Ellis St,,Sideswipe-Same Direction,2,Cloudy,Dry,Daylight
2023-10-12T08:04:00.000,I 75,I 75 and Ellis St,,Sideswipe-Same Direction,3,Rain,Wet,Dusk
2022-03-28T17:20:00.000,I 75,I 75 and Ellis St,,Angle Crash,4,Clear,Dry,Daylight
2022-01-21T14:44:00.000,I 75,I 75 and Ellis St,,Rear End,2,Cloudy,Dry,Daylight
2022-07-14T17:37:00.000,I 75,I 75 and Ellis St,,Sideswipe-Same Direction,2,Clear,Dry,Daylight
2022-07-12T16:07:00.000,I 75,I 75 and Ellis St,,Rear End,2,Clear,Dry,Daylight
2022-09-16T08:08:00.000,I 75,I 75 and Ellis St,,Rear End,2,Clear,Dry,Daylight
2022-01-24T17:43:00.000,I 75,I 75 and Ellis St,,Sideswipe-Same Direction,2,Clear,Dry,Daylight
2022-05-06T12:22:00.000,I 75,I 75 and Ellis St,,Rear End,2,Clear,Dry,Daylight
2022-05-04T06:03:00.000,I 75,I 75 and Ellis St,,Rear End,3,Cloudy,Wet,Dark-Lighted
2024-11-27T14:35:00.000,I 75,I 75 and Ellis St,,Sideswipe-Same Direction,2,Clear,Dry,Daylight
2024-04-11T18:00:00.000,I 75,I 75 and Ellis Rd,,Sideswipe-Same Direction,2,Cloudy,Wet,Daylight
2023-01-03T07:25:00.000,I 75,I 75 and Ellenwood Ave,,Rear End,2,Clear,Wet,Daylight
2020-08-10T15:20:00.000,I 75,I 75 and Eldorado Omega Rd,,Not a Collision with Motor Vehicle,1,Rain,Wet,Daylight
2023-05-27T10:34:00.000,I 75,I 75 and Eldorado Omega Rd,,Sideswipe-Same Direction,2,Clear,Dry,Daylight
2024-04-14T16:36:00.000,I 75,I 75 and Eldorado Omega Rd,,Not a Collision with Motor Vehicle,1,Clear,Dry,Daylight
2024-08-09T18:13:00.000,I 75,I 75 and Eldorado Omega Rd,,Not a Collision with Motor Vehicle,1,Clear,Dry,Daylight
2024-06-03T13:27:00.000,I 75,I 75 and Eldorado Omega Rd,,Rear End,1,Cloudy,Dry,Daylight
2020-10-15T23:30:00.000,I 75,I 75 and Eldorado   Omega Rd,,Sideswipe-Same Direction,2,Clear,Dry,Dark-Not Lighted
2022-07-22T08:27:00.000,I 75,I 75 and Eldorado   Omega Rd,,Not a Collision with Motor Vehicle,1,Clear,Dry,Daylight
2020-09-16T06:35:00.000,I 75,I 75 and Eisenhower Pwy Exit 162 Off Ramp 00,,Not a Collision with Motor Vehicle,1,Rain,Wet,Dawn
2022-09-24T13:35:00.000,I 75,I 75 and Eisenhower Pkwy Rp,,Sideswipe-Same Direction,2,Clear,Dry,Daylight
2020-12-07T17:45:00.000,I 75,I 75 and Eisenhower Pkwy Exit,,Angle Crash,2,Clear,Dry,Dark-Lighted
2023-06-13T08:06:00.000,I 75,I 75 and Eisenhower Pkwy Exit,,Sideswipe-Same Direction,2,Clear,Dry,Daylight
2021-12-30T05:19:00.000,I 75,I 75 and Eisenhower Pkwy,,Not a Collision with Motor Vehicle,1,Cloudy,Dry,Dark-Lighted
2021-06-28T21:55:00.000,I 75,I 75 and Eisenhower Pkwy,,Not a Collision with Motor Vehicle,1,Rain,Wet,Dark-Lighted
2020-10-08T12:47:00.000,I 75,I 75 and Eisenhower Pkwy,,Angle Crash,2,Clear,Dry,Daylight
2020-06-30T17:11:00.000,I 75,I 75 and Eisenhower Pkwy,,Angle Crash,2,Rain,Wet,Daylight
2023-05-31T07:58:00.000,I 75,I 75 and Eisenhower Pkwy,,Sideswipe-Same Direction,2,Clear,Dry,Daylight
2023-03-25T09:40:00.000,I 75,I 75 and Eisenhower Pkwy,,Not a Collision with Motor Vehicle,1,Rain,Wet,Daylight
2020-12-08T21:20:00.000,I 75,I 75 and Eisenhower Pkwy,,Sideswipe-Opposite Direction,2,Clear,Dry,Dark-Lighted
2020-01-23T11:15:00.000,I 75,I 75 and Eisenhower Pkwy,,Not a Collision with Motor Vehicle,1,Clear,Dry,Daylight
2020-11-12T11:31:00.000,I 75,I 75 and Eisenhower Pkwy,,Sideswipe-Same Direction,2,Cloudy,Dry,Daylight
2020-09-09T08:23:00.000,I 75,I 75 and Eisenhower Pkwy,,Sideswipe-Same Direction,2,Clear,Dry,Daylight
2020-12-23T12:15:00.000,I 75,I 75 and Eisenhower Pkwy,,Rear End,2,Clear,Dry,Daylight
2020-04-24T10:33:00.000,I 75,I 75 and Eisenhower Pkwy,,Rear End,3,Clear,Dry,Daylight
2021-06-16T22:26:00.000,I 75,I 75 and Eisenhower Pkwy,,Rear End,2,Clear,Dry,Dark-Lighted
2021-07-11T17:21:00.000,I 75,I 75 and Eisenhower Pkwy,,Not a Collision with Motor Vehicle,1,Cloudy,Dry,Daylight
2021-09-16T11:03:00.000,I 75,I 75 and Eisenhower Pkwy,,Not a Collision with Motor Vehicle,1,Rain,Water (standing or moving),Daylight
2022-05-03T10:26:00.000,I 75,I 75 and Eisenhower Pkwy,,Rear End,2,Clear,Dry,Daylight
2022-06-11T15:21:00.000,I 75,I 75 and Eisenhower Pkwy,,Sideswipe-Same Direction,2,Clear,Dry,Daylight
2022-06-27T12:52:00.000,I 75,I 75 and Eisenhower Pkwy,,Rear End,2,Clear,Dry,Daylight
2022-02-19T23:40:00.000,I 75,I 75 and Eisenhower Pkwy,,Rear End,2,Clear,Dry,Dark-Lighted
2022-12-19T20:54:00.000,I 75,I 75 and Eisenhower Pkwy,,Angle Crash,2,Clear,Dry,Dark-Not Lighted
2022-03-22T00:00:00.000,I 75,I 75 and Eisenhower Pkwy,,Rear End,2,Clear,Dry,Daylight
2022-02-16T15:09:00.000,I 75,I 75 and Eisenhower Pkwy,,Rear End,2,Clear,Dry,Daylight
2024-01-16T21:00:00.000,I 75,I 75 and Eisenhower Pkwy,,Sideswipe-Same Direction,2,Clear,Dry,Dark-Not Lighted
2024-07-31T00:00:00.000,I 75,I 75 and Eisenhower Pkwy,,Not a Collision with Motor Vehicle,1,Clear,Dry,Daylight
2023-03-18T16:29:00.000,I 75,I 75 and Eisenhower Pkwy,,Not a Collision with Motor Vehicle,1,Clear,Dry,Daylight
2024-07-22T17:19:00.000,I 75,I 75 and Eisenhower Pkwy,,Rear End,2,Clear,Dry,Daylight
2024-09-13T08:17:00.000,I 75,I 75 and Eisenhower Pkwy,,Not a Collision with Motor Vehicle,1,Cloudy,Dry,Daylight
2021-05-04T21:40:00.000,I 75,I 75 and Eisenhower Parkway Exit Rp,,Not a Collision with Motor Vehicle,1,Rain,Wet,Dark-Lighted
2021-02-27T11:42:00.000,I 75,I 75 and Eisenhower Hwy,,Sideswipe-Same Direction,2,Clear,Dry,Daylight
2020-07-07T14:10:00.000,I 75,I 75 and Eisenhower Hwy,,Not a Collision with Motor Vehicle,1,Cloudy,Dry,Daylight
2021-09-15T15:52:00.000,I 75,I 75 and Eisenhower Hwy,,Rear End,2,Rain,Wet,Daylight
2023-05-18T18:10:00.000,I 75,I 75 and Eisenhower Hwy,,Sideswipe-Same Direction,2,Clear,Dry,Daylight
2020-09-16T06:53:00.000,I 75,I 75 and Eisenhoewr Pkwy,,Not a Collision with Motor Vehicle,1,Severe Thunderstorm or Tornadic,Water (standing or moving),Dark-Not Lighted
2022-11-21T14:25:00.000,I 75,I 75 and Eight Street Ave,,Rear End,2,Clear,Dry,Daylight
2022-05-31T17:45:00.000,I 75,I 75 and Egdewood Avenue Underpass,,Rear End,2,Clear,Dry,Daylight
2022-08-29T15:34:00.000,I 75,I 75 and Edgwood Ave,,Rear End,2,Clear,Dry,Daylight
2024-12-24T14:37:00.000,I 75,I 75 and Edgwood Ave,,Rear End,2,Clear,Dry,Daylight
2024-04-04T14:00:00.000,I 75,I 75 and Edgweood Ave,,Sideswipe-Same Direction,2,Clear,Dry,Daylight
2024-03-14T07:20:00.000,I 75,I 75 and Edgweood Ave,,Sideswipe-Same Direction,2,Clear,Dry,Daylight
2023-02-28T17:25:00.000,I 75,I 75 and Edgewwood Dr,,Rear End,2,Clear,Dry,Daylight
2021-11-10T13:45:00.000,I 75,I 75 and Edgewwod Ave,,Sideswipe-Same Direction,2,Clear,Dry,Daylight
2023-01-16T13:30:00.000,I 75,I 75 and Edgewood Rd,,Rear End,2,Clear,Dry,Daylight
2022-12-06T14:50:00.000,I 75,I 75 and Edgewood Avw,,Rear End,2,Clear,Dry,Daylight
2021-10-26T16:00:00.000,I 75,I 75 and Edgewood Avenue Underpass,,Sideswipe-Same Direction,2,Clear,Dry,Daylight
2022-07-29T17:00:00.000,I 75,I 75 and Edgewood Avenue Underpass,,Rear End,2,Clear,Dry,Daylight
2022-08-23T08:45:00.000,I 75,I 75 and Edgewood Avenue Underpass,,Sideswipe-Same Direction,2,Clear,Dry,Daylight
2022-05-20T14:10:00.000,I 75,I 75 and Edgewood Avenue Underpass,,Rear End,2,Clear,Dry,Daylight
2022-04-14T16:15:00.000,I 75,I 75 and Edgewood Avenue Underpass,,Sideswipe-Same Direction,2,Clear,Dry,Daylight
2024-10-04T18:31:00.000,I 75,I 75 and Edgewood Avenue Southeast,,Sideswipe-Same Direction,2,Clear,Dry,Daylight
2022-09-27T14:50:00.000,I 75,I 75 and Edgewood Avenue Opas,,Rear End,2,Clear,Dry,Daylight
2022-09-15T19:00:00.000,I 75,I 75 and Edgewood Avenue Opas,,Sideswipe-Same Direction,2,Clear,Dry,Daylight
2022-01-24T16:51:00.000,I 75,I 75 and Edgewood Avenue N Exit Ram,,Sideswipe-Same Direction,2,Clear,Dry,Daylight
2023-06-08T09:28:00.000,I 75,I 75 and Edgewood Avenue Exit Rp,,Sideswipe-Same Direction,2,Clear,Dry,Daylight
2022-12-09T17:00:00.000,I 75,I 75 and Edgewood Avenue Exit Rp,,Sideswipe-Same Direction,2,Rain,Wet,Daylight
2021-12-03T11:33:00.000,I 75,I 75 and Edgewood Avenue Exit Rp,,Rear End,2,Clear,Dry,Daylight
2024-05-31T15:34:00.000,I 75,I 75 and Edgewood Avenue Exit Rp,,Sideswipe-Same Direction,2,Clear,Dry,Daylight
2022-03-21T17:15:00.000,I 75,I 75 and Edgewood Aveneue,,Sideswipe-Same Direction,3,Clear,Dry,Daylight
2023-04-03T16:45:00.000,I 75,I 75 and Edgewood Ave.,,Sideswipe-Same Direction,2,Cloudy,Dry,Daylight
2022-12-06T14:30:00.000,I 75,I 75 and Edgewood Ave.,,Angle Crash,2,Cloudy,Wet,Daylight
2023-02-21T19:33:00.000,I 75,I 75 and Edgewood Ave Underpass,,Sideswipe-Same Direction,2,Cloudy,Dry,Dark-Lighted
2024-11-26T13:00:00.000,I 75,I 75 and Edgewood Ave Exit 248,,Sideswipe-Same Direction,2,Clear,Dry,Daylight
2021-10-12T08:20:00.000,I 75,I 75 and Edgewood Ave,,Sideswipe-Same Direction,2,Cloudy,Dry,Daylight
2021-12-16T19:55:00.000,I 75,I 75 and Edgewood Ave,,Rear End,2,Clear,Dry,Dark-Lighted
2021-10-19T07:25:00.000,I 75,I 75 and Edgewood Ave,,Rear End,2,Clear,Dry,Daylight
2021-01-04T14:59:00.000,I 75,I 75 and Edgewood Ave,,Rear End,2,Clear,Dry,Daylight
2021-01-22T11:30:00.000,I 75,I 75 and Edgewood Ave,,Sideswipe-Same Direction,2,Cloudy,Dry,Daylight
2021-12-23T11:21:00.000,I 75,I 75 and Edgewood Ave,,Rear End,3,Clear,Dry,Daylight
2021-09-30T11:01:00.000,I 75,I 75 and Edgewood Ave,,Rear End,3,Cloudy,Dry,Daylight
2021-10-29T10:33:00.000,I 75,I 75 and Edgewood Ave,,Sideswipe-Same Direction,2,Cloudy,Dry,Daylight
2021-11-18T18:15:00.000,I 75,I 75 and Edgewood Ave,,Sideswipe-Same Direction,2,Clear,Dry,Dark-Lighted
2021-11-19T11:38:00.000,I 75,I 75 and Edgewood Ave,,Sideswipe-Same Direction,2,Clear,Dry,Daylight
2021-10-27T19:32:00.000,I 75,I 75 and Edgewood Ave,,Rear End,2,Clear,Dry,Dusk
2021-10-25T16:49:00.000,I 75,I 75 and Edgewood Ave,,Sideswipe-Same Direction,2,Clear,Dry,Daylight
2021-06-11T10:01:00.000,I 75,I 75 and Edgewood Ave,,Sideswipe-Same Direction,2,Clear,Dry,Daylight
2021-11-01T09:13:00.000,I 75,I 75 and Edgewood Ave,,Rear End,3,Clear,Dry,Daylight
2021-10-11T14:55:00.000,I 75,I 75 and Edgewood Ave,,Sideswipe-Same Direction,2,Clear,Dry,Daylight