Date and Time,Roadway (From Crash Report),Intersection Name (from Crash Report),KABCO Severity,Manner of Collision (Crash Level) ,# of Vehicles per crash ,Weather Conditions (Crash Level),Surface Condition (Crash Level) ,Light Conditions (Crash Level)
2021-10-03T17:30:00.000,I 75,I 75 and Edgewood Ave,,Angle Crash,2,Clear,Dry,Daylight
2021-12-13T14:19:00.000,I 75,I 75 and Edgewood Ave,,Sideswipe-Same Direction,2,Clear,Dry,Daylight
2020-03-10T23:38:00.000,I 75,I 75 and Edgewood Ave,,Sideswipe-Same Direction,2,Clear,Dry,Dark-Lighted
2023-06-20T14:04:00.000,I 75,I 75 and Edgewood Ave,,Sideswipe-Same Direction,2,Cloudy,Dry,Daylight
2023-04-06T10:16:00.000,I 75,I 75 and Edgewood Ave,,Sideswipe-Same Direction,2,Clear,Dry,Daylight
2023-06-23T15:00:00.000,I 75,I 75 and Edgewood Ave,,Sideswipe-Same Direction,2,Clear,Dry,Daylight
2023-05-26T13:22:00.000,I 75,I 75 and Edgewood Ave,,Rear End,2,Clear,Dry,Daylight
2023-10-13T18:50:00.000,I 75,I 75 and Edgewood Ave,,Rear End,3,Rain,Wet,Dusk
2023-08-31T08:09:00.000,I 75,I 75 and Edgewood Ave,,Rear End,2,Cloudy,Dry,Daylight
2023-05-19T16:00:00.000,I 75,I 75 and Edgewood Ave,,Sideswipe-Same Direction,2,Cloudy,Dry,Daylight
2023-05-22T18:34:00.000,I 75,I 75 and Edgewood Ave,,Rear End,2,Rain,Wet,Daylight
2023-07-31T16:40:00.000,I 75,I 75 and Edgewood Ave,,Rear End,2,Clear,Dry,Daylight
2023-06-26T10:22:00.000,I 75,I 75 and Edgewood Ave,,Sideswipe-Same Direction,2,Clear,Dry,Daylight
2023-02-21T07:45:00.000,I 75,I 75 and Edgewood Ave,,Rear End,2,Cloudy,Dry,Daylight
2023-10-31T15:30:00.000,I 75,I 75 and Edgewood Ave,,Sideswipe-Same Direction,2,Clear,Dry,Daylight
2023-08-31T17:12:00.000,I 75,I 75 and Edgewood Ave,,Sideswipe-Same Direction,2,Clear,Dry,Daylight
2023-02-07T17:36:00.000,I 75,I 75 and Edgewood Ave,,Sideswipe-Same Direction,2,Clear,Dry,Daylight
2023-03-10T14:10:00.000,I 75,I 75 and Edgewood Ave,,Rear End,2,Clear,Dry,Daylight
2023-12-02T21:48:00.000,I 75,I 75 and Edgewood Ave,,Rear End,3,Cloudy,Wet,Dark-Lighted
2023-02-28T17:48:00.000,I 75,I 75 and Edgewood Ave,,Rear End,3,Clear,Dry,Daylight
2023-03-21T18:10:00.000,I 75,I 75 and Edgewood Ave,,Rear End,2,Clear,Dry,Daylight
2023-08-01T15:58:00.000,I 75,I 75 and Edgewood Ave,,Sideswipe-Same Direction,2,Cloudy,Dry,Daylight
2023-01-27T17:20:00.000,I 75,I 75 and Edgewood Ave,,Rear End,2,Clear,Dry,Daylight
2023-09-01T08:39:00.000,I 75,I 75 and Edgewood Ave,,Rear End,2,Clear,Dry,Daylight
2023-05-23T12:30:00.000,I 75,I 75 and Edgewood Ave,,Rear End,2,Cloudy,Dry,Daylight
2023-05-15T14:35:00.000,I 75,I 75 and Edgewood Ave,,Sideswipe-Same Direction,2,Cloudy,Dry,Daylight
2023-02-13T13:05:00.000,I 75,I 75 and Edgewood Ave,,Rear End,3,Clear,Dry,Daylight
2023-06-06T14:38:00.000,I 75,I 75 and Edgewood Ave,,Sideswipe-Same Direction,2,Clear,Dry,Daylight
2023-06-22T10:40:00.000,I 75,I 75 and Edgewood Ave,,Rear End,2,Cloudy,Wet,Daylight
2023-12-14T16:37:00.000,I 75,I 75 and Edgewood Ave,,Rear End,2,Clear,Dry,Daylight
2023-06-13T09:30:00.000,I 75,I 75 and Edgewood Ave,,Rear End,2,Clear,Dry,Daylight
2023-04-27T08:40:00.000,I 75,I 75 and Edgewood Ave,,Rear End,2,Clear,Wet,Daylight
2023-08-01T16:11:00.000,I 75,I 75 and Edgewood Ave,,Sideswipe-Same Direction,2,Cloudy,Dry,Daylight
2023-03-14T12:21:00.000,I 75,I 75 and Edgewood Ave,,Rear End,2,Clear,Dry,Daylight
2023-03-17T08:20:00.000,I 75,I 75 and Edgewood Ave,,Rear End,2,Rain,Wet,Daylight
2023-07-07T18:14:00.000,I 75,I 75 and Edgewood Ave,,Rear End,2,Cloudy,Dry,Daylight
2023-08-31T14:43:00.000,I 75,I 75 and Edgewood Ave,,Sideswipe-Same Direction,2,Clear,Dry,Daylight
2023-12-02T21:47:00.000,I 75,I 75 and Edgewood Ave,,Rear End,3,Cloudy,Wet,Dark-Lighted
2023-08-10T09:31:00.000,I 75,I 75 and Edgewood Ave,,Sideswipe-Same Direction,2,Rain,Wet,Daylight
2023-12-21T19:24:00.000,I 75,I 75 and Edgewood Ave,,Sideswipe-Same Direction,2,Clear,Dry,Dark-Lighted
2023-06-15T14:00:00.000,I 75,I 75 and Edgewood Ave,,Rear End,2,Clear,Dry,Daylight
2023-01-17T08:45:00.000,I 75,I 75 and Edgewood Ave,,Sideswipe-Same Direction,2,Rain,Wet,Daylight
2023-08-03T11:04:00.000,I 75,I 75 and Edgewood Ave,,Sideswipe-Same Direction,2,Clear,Dry,Daylight
2023-06-12T18:45:00.000,I 75,I 75 and Edgewood Ave,,Sideswipe-Same Direction,2,Clear,Dry,Daylight
2023-07-04T18:28:00.000,I 75,I 75 and Edgewood Ave,,Rear End,3,Clear,Wet,Daylight
2023-08-29T08:05:00.000,I 75,I 75 and Edgewood Ave,,Sideswipe-Same Direction,2,Cloudy,Dry,Daylight
2023-01-20T06:30:00.000,I 75,I 75 and Edgewood Ave,,Sideswipe-Same Direction,2,Clear,Dry,Dark-Lighted
2023-06-02T09:58:00.000,I 75,I 75 and Edgewood Ave,,Sideswipe-Same Direction,2,Clear,Dry,Daylight
2023-11-24T17:14:00.000,I 75,I 75 and Edgewood Ave,,Not a Collision with Motor Vehicle,1,Cloudy,Dry,Daylight
2023-02-03T19:15:00.000,I 75,I 75 and Edgewood Ave,,Sideswipe-Same Direction,2,Clear,Dry,Dark-Lighted
2023-11-16T12:55:00.000,I 75,I 75 and Edgewood Ave,,Rear End,2,Clear,Dry,Daylight
2023-09-29T09:55:00.000,I 75,I 75 and Edgewood Ave,,Sideswipe-Same Direction,2,Clear,Dry,Daylight
2023-02-03T09:00:00.000,I 75,I 75 and Edgewood Ave,,Rear End,3,Clear,Dry,Daylight
2023-03-14T08:05:00.000,I 75,I 75 and Edgewood Ave,,Sideswipe-Same Direction,2,Clear,Dry,Daylight
2023-05-02T13:20:00.000,I 75,I 75 and Edgewood Ave,,Rear End,2,Clear,Dry,Daylight
2023-07-31T14:40:00.000,I 75,I 75 and Edgewood Ave,,Sideswipe-Same Direction,2,Clear,Dry,Daylight
2023-11-16T13:10:00.000,I 75,I 75 and Edgewood Ave,,Sideswipe-Same Direction,2,Clear,Dry,Daylight
2023-05-08T07:58:00.000,I 75,I 75 and Edgewood Ave,,Rear End,2,Cloudy,Wet,Daylight
2023-07-07T16:05:00.000,I 75,I 75 and Edgewood Ave,,Sideswipe-Same Direction,2,Cloudy,Dry,Daylight
2023-09-22T15:00:00.000,I 75,I 75 and Edgewood Ave,,Sideswipe-Same Direction,2,Clear,Dry,Daylight
2023-08-29T08:42:00.000,I 75,I 75 and Edgewood Ave,,Sideswipe-Same Direction,2,Cloudy,Dry,Daylight
2023-04-29T15:00:00.000,I 75,I 75 and Edgewood Ave,,Sideswipe-Same Direction,2,Clear,Dry,Daylight
2023-05-12T12:36:00.000,I 75,I 75 and Edgewood Ave,,Sideswipe-Same Direction,2,Cloudy,Wet,Daylight
2023-03-28T14:52:00.000,I 75,I 75 and Edgewood Ave,,Rear End,2,Cloudy,Dry,Daylight
2023-12-28T16:05:00.000,I 75,I 75 and Edgewood Ave,,Rear End,2,Clear,Dry,Daylight
2023-11-13T17:35:00.000,I 75,I 75 and Edgewood Ave,,Rear End,2,Clear,Dry,Dark-Lighted
2023-10-08T18:28:00.000,I 75,I 75 and Edgewood Ave,,Sideswipe-Same Direction,2,Clear,Dry,Daylight
2023-08-28T15:25:00.000,I 75,I 75 and Edgewood Ave,,Rear End,3,Clear,Dry,Daylight
2023-09-01T14:04:00.000,I 75,I 75 and Edgewood Ave,,Rear End,2,Clear,Dry,Daylight
2023-02-17T16:34:00.000,I 75,I 75 and Edgewood Ave,,Rear End,2,Clear,Dry,Daylight
2023-02-02T12:00:00.000,I 75,I 75 and Edgewood Ave,,Rear End,3,Rain,Wet,Daylight
2023-05-26T19:27:00.000,I 75,I 75 and Edgewood Ave,,Angle Crash,2,Cloudy,Dry,Daylight
2023-06-08T18:12:00.000,I 75,I 75 and Edgewood Ave,,Sideswipe-Same Direction,2,Clear,Dry,Daylight
2023-03-07T10:30:00.000,I 75,I 75 and Edgewood Ave,,Rear End,2,Clear,Dry,Daylight
2023-07-25T13:00:00.000,I 75,I 75 and Edgewood Ave,,Rear End,2,Clear,Dry,Daylight
2023-11-17T18:40:00.000,I 75,I 75 and Edgewood Ave,,Sideswipe-Same Direction,2,Clear,Dry,Dark-Not Lighted
2022-12-30T12:42:00.000,I 75,I 75 and Edgewood Ave,,Rear End,2,Clear,Dry,Daylight
2022-12-03T18:52:00.000,I 75,I 75 and Edgewood Ave,,Rear End,2,Cloudy,Wet,Dark-Lighted
2022-01-31T07:39:00.000,I 75,I 75 and Edgewood Ave,,Rear End,3,Clear,Dry,Daylight
2022-07-01T13:50:00.000,I 75,I 75 and Edgewood Ave,,Rear End,2,Clear,Dry,Daylight
2023-12-08T09:21:00.000,I 75,I 75 and Edgewood Ave,,Sideswipe-Same Direction,2,Clear,Dry,Daylight
2023-05-08T08:19:00.000,I 75,I 75 and Edgewood Ave,,Sideswipe-Same Direction,2,Cloudy,Wet,Daylight
2021-12-08T15:15:00.000,I 75,I 75 and Edgewood Ave,,Rear End,2,Clear,Dry,Daylight
2024-08-15T16:51:00.000,I 75,I 75 and Edgewood Ave,,Sideswipe-Same Direction,2,Clear,Dry,Daylight
2020-03-22T06:34:00.000,I 75,I 75 and Edgewood Ave,,Sideswipe-Same Direction,2,Clear,Dry,Daylight
2020-12-04T11:59:00.000,I 75,I 75 and Edgewood Ave,,Rear End,2,Cloudy,Dry,Daylight
2020-09-03T16:30:00.000,I 75,I 75 and Edgewood Ave,,Rear End,2,Clear,Dry,Daylight
2020-08-21T13:46:00.000,I 75,I 75 and Edgewood Ave,,Rear End,3,Cloudy,Dry,Daylight
2020-08-24T15:20:00.000,I 75,I 75 and Edgewood Ave,,Rear End,2,Clear,Dry,Daylight
2021-04-27T09:20:00.000,I 75,I 75 and Edgewood Ave,,Sideswipe-Same Direction,2,Clear,Dry,Daylight
2021-02-02T14:15:00.000,I 75,I 75 and Edgewood Ave,,Rear End,2,Clear,Dry,Daylight
2021-12-06T13:17:00.000,I 75,I 75 and Edgewood Ave,,Sideswipe-Same Direction,2,Rain,Wet,Daylight
2021-09-03T15:09:00.000,I 75,I 75 and Edgewood Ave,,Rear End,2,Cloudy,Dry,Daylight
2021-11-12T15:23:00.000,I 75,I 75 and Edgewood Ave,,Rear End,3,Clear,Dry,Daylight
2021-10-19T07:25:00.000,I 75,I 75 and Edgewood Ave,,Rear End,2,Clear,Dry,Daylight
2021-10-08T12:00:00.000,I 75,I 75 and Edgewood Ave,,Rear End,3,Clear,Dry,Daylight
2021-11-30T19:02:00.000,I 75,I 75 and Edgewood Ave,,Rear End,3,Clear,Dry,Dusk
2021-11-02T15:12:00.000,I 75,I 75 and Edgewood Ave,,Rear End,2,Cloudy,Dry,Daylight
2021-12-06T19:22:00.000,I 75,I 75 and Edgewood Ave,,Rear End,2,Rain,Wet,Dark-Lighted
2021-11-15T10:45:00.000,I 75,I 75 and Edgewood Ave,,Rear End,2,Clear,Dry,Daylight
2021-12-29T15:33:00.000,I 75,I 75 and Edgewood Ave,,Rear End,2,Clear,Dry,Daylight
2021-12-09T17:45:00.000,I 75,I 75 and Edgewood Ave,,Sideswipe-Same Direction,2,Clear,Dry,Dark-Lighted
2021-11-22T19:14:00.000,I 75,I 75 and Edgewood Ave,,Rear End,3,Clear,Dry,Dark-Lighted
2021-12-30T09:22:00.000,I 75,I 75 and Edgewood Ave,,Sideswipe-Same Direction,2,Rain,Wet,Daylight
2021-10-19T08:06:00.000,I 75,I 75 and Edgewood Ave,,Rear End,2,Clear,Dry,Daylight
2021-12-16T11:50:00.000,I 75,I 75 and Edgewood Ave,,Rear End,2,Cloudy,Dry,Daylight
2022-12-15T13:03:00.000,I 75,I 75 and Edgewood Ave,,Sideswipe-Same Direction,2,Clear,Dry,Daylight
2022-12-15T07:37:00.000,I 75,I 75 and Edgewood Ave,,Rear End,2,Cloudy,Wet,Daylight
2022-10-20T14:25:00.000,I 75,I 75 and Edgewood Ave,,Sideswipe-Same Direction,2,Clear,Dry,Daylight
2022-02-28T15:14:00.000,I 75,I 75 and Edgewood Ave,,Sideswipe-Same Direction,2,Clear,Dry,Daylight
2022-10-17T00:00:00.000,I 75,I 75 and Edgewood Ave,,Rear End,2,Clear,Dry,Daylight
2022-10-13T19:34:00.000,I 75,I 75 and Edgewood Ave,,Rear End,2,Clear,Dry,Dark-Lighted
2022-09-20T16:25:00.000,I 75,I 75 and Edgewood Ave,,Sideswipe-Same Direction,2,Clear,Dry,Daylight
2022-06-06T13:24:00.000,I 75,I 75 and Edgewood Ave,,Sideswipe-Same Direction,2,Cloudy,Dry,Daylight
2022-02-11T14:28:00.000,I 75,I 75 and Edgewood Ave,,Rear End,2,Clear,Dry,Daylight
2022-05-05T11:39:00.000,I 75,I 75 and Edgewood Ave,,Rear End,2,Clear,Dry,Daylight
2022-04-29T15:30:00.000,I 75,I 75 and Edgewood Ave,,Rear End,2,Clear,Dry,Daylight
2021-11-02T08:44:00.000,I 75,I 75 and Edgewood Ave,,Sideswipe-Same Direction,2,Clear,Dry,Daylight
2021-09-30T16:50:00.000,I 75,I 75 and Edgewood Ave,,Sideswipe-Same Direction,2,Clear,Dry,Daylight
2021-12-30T19:00:00.000,I 75,I 75 and Edgewood Ave,,Rear End,3,Cloudy,Wet,Dark-Lighted
2021-12-03T10:20:00.000,I 75,I 75 and Edgewood Ave,,Sideswipe-Same Direction,2,Clear,Dry,Daylight
2021-07-17T21:30:00.000,I 75,I 75 and Edgewood Ave,,Rear End,2,Cloudy,Dry,Dark-Lighted
2021-12-14T15:40:00.000,I 75,I 75 and Edgewood Ave,,Rear End,2,Clear,Dry,Daylight
2021-11-22T19:14:00.000,I 75,I 75 and Edgewood Ave,,Rear End,4,Clear,Dry,Dark-Lighted
2021-11-22T07:25:00.000,I 75,I 75 and Edgewood Ave,,Rear End,4,Cloudy,Wet,Daylight
2022-11-14T16:40:00.000,I 75,I 75 and Edgewood Ave,,Sideswipe-Same Direction,2,Cloudy,Dry,Daylight
2022-04-04T13:34:00.000,I 75,I 75 and Edgewood Ave,,Sideswipe-Same Direction,2,Clear,Dry,Daylight
2022-06-24T16:35:00.000,I 75,I 75 and Edgewood Ave,,Sideswipe-Same Direction,2,Clear,Dry,Daylight
2022-09-06T16:04:00.000,I 75,I 75 and Edgewood Ave,,Sideswipe-Same Direction,2,Clear,Wet,Daylight
2022-05-09T11:44:00.000,I 75,I 75 and Edgewood Ave,,Rear End,2,Clear,Dry,Daylight
2022-09-26T12:19:00.000,I 75,I 75 and Edgewood Ave,,Sideswipe-Same Direction,2,Clear,Dry,Daylight
2022-03-11T15:50:00.000,I 75,I 75 and Edgewood Ave,,Sideswipe-Same Direction,3,Cloudy,Dry,Daylight
2022-06-27T17:36:00.000,I 75,I 75 and Edgewood Ave,,Sideswipe-Same Direction,2,Rain,Wet,Daylight
2022-05-09T08:50:00.000,I 75,I 75 and Edgewood Ave,,Sideswipe-Same Direction,2,Clear,Dry,Daylight
2022-11-11T10:14:00.000,I 75,I 75 and Edgewood Ave,,Head On,2,Cloudy,Wet,Daylight
2022-05-26T18:30:00.000,I 75,I 75 and Edgewood Ave,,Sideswipe-Same Direction,2,Cloudy,Dry,Daylight
2022-09-01T17:10:00.000,I 75,I 75 and Edgewood Ave,,Sideswipe-Same Direction,2,Clear,Dry,Daylight
2022-01-10T10:58:00.000,I 75,I 75 and Edgewood Ave,,Rear End,2,Clear,Dry,Daylight
2022-08-02T11:40:00.000,I 75,I 75 and Edgewood Ave,,Sideswipe-Same Direction,3,Clear,Dry,Daylight
2022-01-07T13:30:00.000,I 75,I 75 and Edgewood Ave,,Rear End,3,Clear,Dry,Daylight
2022-05-03T17:00:00.000,I 75,I 75 and Edgewood Ave,,Rear End,2,Clear,Dry,Daylight
2022-08-30T08:15:00.000,I 75,I 75 and Edgewood Ave,,Sideswipe-Same Direction,2,Cloudy,Dry,Daylight
2022-12-05T07:18:00.000,I 75,I 75 and Edgewood Ave,,Sideswipe-Same Direction,2,Clear,Wet,Daylight
2022-01-28T17:30:00.000,I 75,I 75 and Edgewood Ave,,Rear End,2,Clear,Dry,Daylight
2022-10-21T07:36:00.000,I 75,I 75 and Edgewood Ave,,Sideswipe-Same Direction,2,Clear,Dry,Daylight
2022-12-27T16:02:00.000,I 75,I 75 and Edgewood Ave,,Sideswipe-Same Direction,2,Clear,Dry,Daylight
2022-05-05T16:00:00.000,I 75,I 75 and Edgewood Ave,,Sideswipe-Same Direction,2,Clear,Dry,Daylight
2022-11-11T11:58:00.000,I 75,I 75 and Edgewood Ave,,Rear End,2,Rain,Wet,Daylight
2022-09-20T07:20:00.000,I 75,I 75 and Edgewood Ave,,Rear End,2,Clear,Dry,Dark-Lighted
2022-08-23T15:44:00.000,I 75,I 75 and Edgewood Ave,,Rear End,2,Clear,Dry,Daylight
2022-05-17T17:18:00.000,I 75,I 75 and Edgewood Ave,,Rear End,2,Clear,Dry,Daylight
2021-10-27T14:28:00.000,I 75,I 75 and Edgewood Ave,,Rear End,2,Clear,Dry,Daylight
2021-10-19T13:52:00.000,I 75,I 75 and Edgewood Ave,,Rear End,2,Clear,Dry,Daylight
2022-02-05T20:58:00.000,I 75,I 75 and Edgewood Ave,,Rear End,2,Clear,Dry,Dark-Lighted
2022-08-29T19:09:00.000,I 75,I 75 and Edgewood Ave,,Sideswipe-Same Direction,2,Clear,Dry,Daylight
2022-09-16T16:06:00.000,I 75,I 75 and Edgewood Ave,,Sideswipe-Same Direction,2,Clear,Dry,Daylight
2022-05-05T10:05:00.000,I 75,I 75 and Edgewood Ave,,Sideswipe-Same Direction,2,Clear,Dry,Daylight
2022-07-11T08:02:00.000,I 75,I 75 and Edgewood Ave,,Rear End,2,Cloudy,Dry,Daylight
2022-11-22T08:15:00.000,I 75,I 75 and Edgewood Ave,,Rear End,2,Cloudy,Dry,Daylight
2022-11-11T16:33:00.000,I 75,I 75 and Edgewood Ave,,Sideswipe-Same Direction,2,Clear,Wet,Daylight
2022-04-12T09:27:00.000,I 75,I 75 and Edgewood Ave,,Sideswipe-Same Direction,2,Clear,Dry,Daylight
2022-09-20T07:19:00.000,I 75,I 75 and Edgewood Ave,,Rear End,3,Clear,Dry,Dark-Lighted
2022-03-04T08:35:00.000,I 75,I 75 and Edgewood Ave,,Rear End,3,Clear,Dry,Daylight
2022-05-23T12:53:00.000,I 75,I 75 and Edgewood Ave,,Rear End,2,Clear,Dry,Daylight
2022-04-18T14:30:00.000,I 75,I 75 and Edgewood Ave,,Sideswipe-Same Direction,2,Cloudy,Dry,Daylight
2022-05-03T15:42:00.000,I 75,I 75 and Edgewood Ave,,Rear End,2,Clear,Dry,Daylight
2022-09-23T07:10:00.000,I 75,I 75 and Edgewood Ave,,Rear End,3,Clear,Dry,Daylight
2022-06-28T06:18:00.000,I 75,I 75 and Edgewood Ave,,Sideswipe-Same Direction,2,Clear,Dry,Daylight
2022-10-13T12:40:00.000,I 75,I 75 and Edgewood Ave,,Sideswipe-Same Direction,2,Clear,Dry,Daylight
2022-08-08T11:05:00.000,I 75,I 75 and Edgewood Ave,,Sideswipe-Same Direction,2,Cloudy,Dry,Daylight
2022-01-27T15:54:00.000,I 75,I 75 and Edgewood Ave,,Rear End,2,Clear,Dry,Daylight
2022-03-31T17:26:00.000,I 75,I 75 and Edgewood Ave,,Rear End,3,Clear,Dry,Daylight
2022-07-01T18:17:00.000,I 75,I 75 and Edgewood Ave,,Rear End,2,Clear,Dry,Daylight
2022-11-15T17:18:00.000,I 75,I 75 and Edgewood Ave,,Sideswipe-Same Direction,2,Cloudy,Wet,Daylight
2022-10-14T14:29:00.000,I 75,I 75 and Edgewood Ave,,Sideswipe-Same Direction,2,Clear,Dry,Daylight
2022-11-01T05:22:00.000,I 75,I 75 and Edgewood Ave,,Sideswipe-Same Direction,2,Clear,Dry,Dark-Lighted
2022-08-19T18:16:00.000,I 75,I 75 and Edgewood Ave,,Sideswipe-Same Direction,2,Clear,Dry,Daylight
2022-05-17T17:40:00.000,I 75,I 75 and Edgewood Ave,,Sideswipe-Same Direction,2,Clear,Dry,Daylight
2022-02-11T14:45:00.000,I 75,I 75 and Edgewood Ave,,Rear End,2,Clear,Dry,Daylight
2022-10-14T06:55:00.000,I 75,I 75 and Edgewood Ave,,Rear End,2,Clear,Dry,Daylight
2022-02-28T06:13:00.000,I 75,I 75 and Edgewood Ave,,Rear End,6,Clear,Dry,Dark-Lighted
2022-10-10T07:50:00.000,I 75,I 75 and Edgewood Ave,,Sideswipe-Same Direction,2,Clear,Dry,Daylight
2022-01-28T12:58:00.000,I 75,I 75 and Edgewood Ave,,Rear End,2,Cloudy,Dry,Daylight
2022-01-24T12:50:00.000,I 75,I 75 and Edgewood Ave,,Sideswipe-Same Direction,2,Clear,Dry,Daylight
2022-02-19T19:43:00.000,I 75,I 75 and Edgewood Ave,,Rear End,2,Clear,Dry,Dark-Lighted
2022-01-28T07:21:00.000,I 75,I 75 and Edgewood Ave,,Rear End,2,Cloudy,Dry,Daylight
2022-02-08T08:33:00.000,I 75,I 75 and Edgewood Ave,,Sideswipe-Same Direction,2,Clear,Dry,Daylight
2022-03-01T08:04:00.000,I 75,I 75 and Edgewood Ave,,Rear End,2,Clear,Dry,Daylight
2022-12-13T13:40:00.000,I 75,I 75 and Edgewood Ave,,Rear End,2,Cloudy,Dry,Daylight
2022-07-19T14:50:00.000,I 75,I 75 and Edgewood Ave,,Rear End,3,Clear,Dry,Daylight
2022-01-06T09:44:00.000,I 75,I 75 and Edgewood Ave,,Sideswipe-Same Direction,2,Clear,Dry,Daylight
2022-01-06T16:30:00.000,I 75,I 75 and Edgewood Ave,,Rear End,2,Rain,Wet,Daylight
2022-01-07T13:30:00.000,I 75,I 75 and Edgewood Ave,,Rear End,2,Clear,Dry,Daylight
2022-03-17T07:07:00.000,I 75,I 75 and Edgewood Ave,,Rear End,2,Cloudy,Wet,Dark-Lighted
2022-04-15T10:26:00.000,I 75,I 75 and Edgewood Ave,,Sideswipe-Same Direction,3,Clear,Dry,Daylight
2022-03-29T17:42:00.000,I 75,I 75 and Edgewood Ave,,Sideswipe-Same Direction,2,Clear,Dry,Daylight
2022-01-20T12:39:00.000,I 75,I 75 and Edgewood Ave,,Rear End,2,Rain,Wet,Daylight
2022-03-29T16:00:00.000,I 75,I 75 and Edgewood Ave,,Sideswipe-Same Direction,2,Clear,Dry,Daylight
2022-12-13T13:51:00.000,I 75,I 75 and Edgewood Ave,,Sideswipe-Same Direction,2,Clear,Dry,Daylight
2022-11-08T15:12:00.000,I 75,I 75 and Edgewood Ave,,Sideswipe-Same Direction,2,Clear,Dry,Daylight
2022-05-10T16:18:00.000,I 75,I 75 and Edgewood Ave,,Rear End,2,Clear,Dry,Daylight
2022-03-14T07:41:00.000,I 75,I 75 and Edgewood Ave,,Rear End,2,Clear,Dry,Daylight
2022-10-27T14:33:00.000,I 75,I 75 and Edgewood Ave,,Not a Collision with Motor Vehicle,2,Clear,Dry,Daylight
2022-12-06T08:30:00.000,I 75,I 75 and Edgewood Ave,,Rear End,2,Rain,Wet,Daylight
2022-08-25T15:30:00.000,I 75,I 75 and Edgewood Ave,,Rear End,2,Rain,Wet,Daylight
2022-08-18T17:33:00.000,I 75,I 75 and Edgewood Ave,,Rear End,2,Clear,Dry,Daylight
2022-11-21T15:00:00.000,I 75,I 75 and Edgewood Ave,,Rear End,3,Clear,Dry,Daylight
2022-05-24T06:15:00.000,I 75,I 75 and Edgewood Ave,,Sideswipe-Same Direction,3,Clear,Dry,Dawn
2022-02-24T17:16:00.000,I 75,I 75 and Edgewood Ave,,Rear End,2,Clear,Dry,Daylight
2022-11-07T15:48:00.000,I 75,I 75 and Edgewood Ave,,Rear End,2,Cloudy,Dry,Daylight
2022-11-04T16:13:00.000,I 75,I 75 and Edgewood Ave,,Sideswipe-Same Direction,2,Clear,Dry,Daylight
2022-12-05T11:22:00.000,I 75,I 75 and Edgewood Ave,,Sideswipe-Same Direction,2,Rain,Wet,Daylight
2022-08-23T15:48:00.000,I 75,I 75 and Edgewood Ave,,Sideswipe-Same Direction,2,Clear,Dry,Daylight
2022-12-29T14:25:00.000,I 75,I 75 and Edgewood Ave,,Sideswipe-Same Direction,2,Clear,Dry,Daylight
2022-09-27T07:13:00.000,I 75,I 75 and Edgewood Ave,,Rear End,2,Clear,Dry,Daylight
2022-08-02T12:45:00.000,I 75,I 75 and Edgewood Ave,,Rear End,2,Clear,Dry,Daylight
2022-11-10T14:49:00.000,I 75,I 75 and Edgewood Ave,,Rear End,2,Cloudy,Wet,Daylight
2022-10-25T07:37:00.000,I 75,I 75 and Edgewood Ave,,Rear End,2,Clear,Dry,Daylight
2022-10-27T14:30:00.000,I 75,I 75 and Edgewood Ave,,Sideswipe-Same Direction,2,Clear,Dry,Daylight
2023-08-10T07:45:00.000,I 75,I 75 and Edgewood Ave,,Rear End,2,Rain,Wet,Daylight
2023-01-17T07:04:00.000,I 75,I 75 and Edgewood Ave,,Rear End,2,Clear,Dry,Daylight
2023-11-20T14:00:00.000,I 75,I 75 and Edgewood Ave,,Rear End,2,Clear,Dry,Daylight
2023-10-26T07:15:00.000,I 75,I 75 and Edgewood Ave,,Sideswipe-Same Direction,2,Clear,Dry,Daylight
2023-08-14T18:40:00.000,I 75,I 75 and Edgewood Ave,,Rear End,2,Cloudy,Dry,Daylight
2023-04-11T16:24:00.000,I 75,I 75 and Edgewood Ave,,Rear End,2,Clear,Dry,Daylight
2023-09-08T15:20:00.000,I 75,I 75 and Edgewood Ave,,Sideswipe-Same Direction,2,Clear,Dry,Daylight
2024-08-17T20:04:00.000,I 75,I 75 and Edgewood Ave,,Rear End,2,Cloudy,Wet,Daylight
2024-01-26T11:08:00.000,I 75,I 75 and Edgewood Ave,,Rear End,2,Cloudy,Wet,Daylight
2024-02-16T16:35:00.000,I 75,I 75 and Edgewood Ave,,Rear End,2,Cloudy,Dry,Daylight
2024-01-22T17:05:00.000,I 75,I 75 and Edgewood Ave,,Rear End,2,Cloudy,Wet,Daylight
2024-12-09T18:50:00.000,I 75,I 75 and Edgewood Ave,,Rear End,2,Rain,Wet,Dark-Lighted
2024-02-16T17:50:00.000,I 75,I 75 and Edgewood Ave,,Rear End,2,Cloudy,Dry,Daylight
2024-11-26T07:40:00.000,I 75,I 75 and Edgewood Ave,,Rear End,2,Cloudy,Wet,Daylight
2024-01-29T14:05:00.000,I 75,I 75 and Edgewood Ave,,Rear End,3,Clear,Dry,Daylight
2024-09-09T16:55:00.000,I 75,I 75 and Edgewood Ave,,Rear End,2,Clear,Dry,Daylight
2024-01-23T10:46:00.000,I 75,I 75 and Edgewood Ave,,Rear End,2,Clear,Dry,Daylight
2024-08-09T06:16:00.000,I 75,I 75 and Edgewood Ave,,Sideswipe-Same Direction,2,Clear,Dry,Dusk
2024-03-25T07:20:00.000,I 75,I 75 and Edgewood Ave,,Rear End,3,Cloudy,Dry,Dark-Lighted
2024-03-21T09:33:00.000,I 75,I 75 and Edgewood Ave,,Sideswipe-Same Direction,2,Clear,Dry,Daylight
2024-05-03T13:00:00.000,I 75,I 75 and Edgewood Ave,,Rear End,2,Clear,Dry,Daylight