Date and Time,Roadway (From Crash Report),Intersection Name (from Crash Report),KABCO Severity,Manner of Collision (Crash Level) ,# of Vehicles per crash ,Weather Conditions (Crash Level),Surface Condition (Crash Level) ,Light Conditions (Crash Level)
2023-03-09T22:58:00.000,I 75,I 75 and Eagles Landing Pkwy,,Sideswipe-Same Direction,3,Rain,Wet,Dark-Lighted
2023-03-26T14:07:00.000,I 75,I 75 and Eagles Landing Pkwy,,Rear End,2,Rain,Wet,Daylight
2023-09-29T07:45:00.000,I 75,I 75 and Eagles Landing Pkwy,,Rear End,2,Clear,Dry,Daylight
2023-07-01T17:32:00.000,I 75,I 75 and Eagles Landing Pkwy,,Rear End,2,Clear,Dry,Daylight
2023-12-06T19:53:00.000,I 75,I 75 and Eagles Landing Pkwy,,Rear End,3,Clear,Dry,Dark-Lighted
2023-06-28T09:30:00.000,I 75,I 75 and Eagles Landing Pkwy,,Not a Collision with Motor Vehicle,1,Clear,Dry,Daylight
2023-01-19T07:29:00.000,I 75,I 75 and Eagles Landing Pkwy,,Rear End,2,Rain,Wet,Dawn
2023-06-23T22:22:00.000,I 75,I 75 and Eagles Landing Pkwy,,Sideswipe-Same Direction,2,Clear,Dry,Dark-Lighted
2023-04-21T18:05:00.000,I 75,I 75 and Eagles Landing Pkwy,,Rear End,3,Clear,Dry,Daylight
2023-03-18T10:59:00.000,I 75,I 75 and Eagles Landing Pkwy,,Rear End,3,Clear,Dry,Daylight
2023-07-31T19:42:00.000,I 75,I 75 and Eagles Landing Pkwy,,Sideswipe-Same Direction,2,Clear,Dry,Daylight
2023-03-07T09:30:00.000,I 75,I 75 and Eagles Landing Pkwy,,Sideswipe-Same Direction,2,Clear,Dry,Daylight
2023-03-23T11:34:00.000,I 75,I 75 and Eagles Landing Pkwy,,Sideswipe-Same Direction,2,Clear,Dry,Daylight
2023-10-17T05:58:00.000,I 75,I 75 and Eagles Landing Pkwy,,Rear End,2,Clear,Dry,Dark-Lighted
2023-09-14T08:26:00.000,I 75,I 75 and Eagles Landing Pkwy,,Rear End,2,Clear,Dry,Daylight
2023-08-06T15:37:00.000,I 75,I 75 and Eagles Landing Pkwy,,Rear End,3,Rain,Wet,Daylight
2023-02-07T06:50:00.000,I 75,I 75 and Eagles Landing Pkwy,,Rear End,3,Clear,Dry,Dawn
2023-08-26T11:17:00.000,I 75,I 75 and Eagles Landing Pkwy,,Sideswipe-Same Direction,2,Clear,Dry,Daylight
2023-02-25T14:29:00.000,I 75,I 75 and Eagles Landing Pkwy,,Rear End,2,Clear,Wet,Daylight
2023-10-09T15:35:00.000,I 75,I 75 and Eagles Landing Pkwy,,Rear End,2,Clear,Dry,Daylight
2023-02-05T21:38:00.000,I 75,I 75 and Eagles Landing Pkwy,,Rear End,2,Clear,Dry,Dark-Lighted
2023-02-01T18:50:00.000,I 75,I 75 and Eagles Landing Pkwy,,Not a Collision with Motor Vehicle,1,Clear,Dry,Dark-Lighted
2023-03-21T15:43:00.000,I 75,I 75 and Eagles Landing Pkwy,,Rear End,2,Clear,Dry,Daylight
2023-09-07T12:37:00.000,I 75,I 75 and Eagles Landing Pkwy,,Rear End,3,Clear,Dry,Daylight
2023-03-19T18:12:00.000,I 75,I 75 and Eagles Landing Pkwy,,Rear End,2,Clear,Dry,Daylight
2023-07-25T06:09:00.000,I 75,I 75 and Eagles Landing Pkwy,,Sideswipe-Same Direction,2,Clear,Dry,Daylight
2023-05-10T04:40:00.000,I 75,I 75 and Eagles Landing Pkwy,,Angle Crash,2,Clear,Dry,Dark-Lighted
2023-08-31T14:38:00.000,I 75,I 75 and Eagles Landing Pkwy,,Sideswipe-Same Direction,2,Clear,Dry,Daylight
2023-02-23T22:34:00.000,I 75,I 75 and Eagles Landing Pkwy,,Not a Collision with Motor Vehicle,1,Cloudy,Dry,Dark-Not Lighted
2023-08-02T07:06:00.000,I 75,I 75 and Eagles Landing Pkwy,,Rear End,2,Clear,Dry,Daylight
2023-04-15T07:28:00.000,I 75,I 75 and Eagles Landing Pkwy,,Rear End,2,Clear,Dry,Daylight
2023-03-12T10:59:00.000,I 75,I 75 and Eagles Landing Pkwy,,Rear End,2,Clear,Water (standing or moving),Daylight
2023-11-20T11:42:00.000,I 75,I 75 and Eagles Landing Pkwy,,Angle Crash,2,Clear,Dry,Daylight
2023-11-22T20:45:00.000,I 75,I 75 and Eagles Landing Pkwy,,Rear End,2,Clear,Dry,Dark-Lighted
2023-10-20T06:46:00.000,I 75,I 75 and Eagles Landing Pkwy,,Rear End,2,Clear,Dry,Daylight
2023-05-21T16:00:00.000,I 75,I 75 and Eagles Landing Pkwy,,Rear End,2,Clear,Dry,Daylight
2023-07-14T19:20:00.000,I 75,I 75 and Eagles Landing Pkwy,,Rear End,4,Clear,Dry,Daylight
2023-05-15T19:42:00.000,I 75,I 75 and Eagles Landing Pkwy,,Angle Crash,2,Clear,Dry,Daylight
2023-11-25T11:58:00.000,I 75,I 75 and Eagles Landing Pkwy,,Sideswipe-Same Direction,2,Clear,Dry,Daylight
2023-12-21T07:34:00.000,I 75,I 75 and Eagles Landing Pkwy,,Rear End,2,Clear,Dry,Daylight
2023-09-10T12:07:00.000,I 75,I 75 and Eagles Landing Pkwy,,Angle Crash,3,Clear,Dry,Daylight
2023-01-09T22:24:00.000,I 75,I 75 and Eagles Landing Pkwy,,Rear End,2,Clear,Dry,Dark-Lighted
2023-10-20T21:44:00.000,I 75,I 75 and Eagles Landing Pkwy,,Rear End,2,Clear,Dry,Dark-Lighted
2023-03-15T14:21:00.000,I 75,I 75 and Eagles Landing Pkwy,,Rear End,2,Clear,Dry,Daylight
2023-04-12T07:50:00.000,I 75,I 75 and Eagles Landing Pkwy,,Rear End,2,Clear,Dry,Daylight
2023-03-10T10:02:00.000,I 75,I 75 and Eagles Landing Pkwy,,Rear End,2,Clear,Wet,Daylight
2023-06-29T06:48:00.000,I 75,I 75 and Eagles Landing Pkwy,,Sideswipe-Same Direction,2,Clear,Dry,Daylight
2023-08-23T07:25:00.000,I 75,I 75 and Eagles Landing Pkwy,,Rear End,2,Clear,Dry,Daylight
2023-10-25T14:41:00.000,I 75,I 75 and Eagles Landing Pkwy,,Rear End,2,Clear,Dry,Daylight
2023-04-15T16:15:00.000,I 75,I 75 and Eagles Landing Pkwy,,Rear End,2,Clear,Dry,Daylight
2023-01-30T22:19:00.000,I 75,I 75 and Eagles Landing Pkwy,,Sideswipe-Same Direction,3,Cloudy,Dry,Dark-Not Lighted
2024-01-09T07:59:00.000,I 75,I 75 and Eagles Landing Pkwy,,Rear End,2,Clear,Water (standing or moving),Daylight
2024-05-23T11:20:00.000,I 75,I 75 and Eagles Landing Pkwy,,Angle Crash,2,Clear,Dry,Daylight
2024-02-29T18:20:00.000,I 75,I 75 and Eagles Landing Pkwy,,Rear End,2,Clear,Dry,Dusk
2024-06-04T10:10:00.000,I 75,I 75 and Eagles Landing Pkwy,,Sideswipe-Same Direction,2,Clear,Dry,Daylight
2024-05-17T06:02:00.000,I 75,I 75 and Eagles Landing Pkwy,,Rear End,2,Clear,Dry,Daylight
2024-11-06T08:06:00.000,I 75,I 75 and Eagles Landing Pkwy,,Rear End,2,Cloudy,Dry,Daylight
2024-04-19T16:46:00.000,I 75,I 75 and Eagles Landing Pkwy,,Rear End,2,Clear,Dry,Daylight
2024-11-13T06:20:00.000,I 75,I 75 and Eagles Landing Pkwy,,Rear End,2,Clear,Dry,Dark-Not Lighted
2024-07-05T15:35:00.000,I 75,I 75 and Eagles Landing Pkwy,,Sideswipe-Same Direction,2,Clear,Dry,Daylight
2024-02-20T11:21:00.000,I 75,I 75 and Eagles Landing Pkwy,,Rear End,2,Clear,Dry,Daylight
2024-06-26T07:40:00.000,I 75,I 75 and Eagles Landing Pkwy,,Rear End,2,Clear,Dry,Daylight
2024-12-27T07:14:00.000,I 75,I 75 and Eagles Landing Pkwy,,Rear End,2,Rain,Wet,Dark-Lighted
2024-12-27T21:29:00.000,I 75,I 75 and Eagles Landing Pkwy,,Sideswipe-Same Direction,3,Rain,Wet,Dark-Not Lighted
2024-05-11T03:01:00.000,I 75,I 75 and Eagles Landing Pkwy,,Sideswipe-Same Direction,2,Clear,Dry,Dark-Lighted
2024-03-30T18:30:00.000,I 75,I 75 and Eagles Landing Pkwy,,Sideswipe-Same Direction,2,Clear,Dry,Daylight
2024-02-24T11:22:00.000,I 75,I 75 and Eagles Landing Pkwy,,Rear End,2,Clear,Dry,Daylight
2024-12-26T21:27:00.000,I 75,I 75 and Eagles Landing Pkwy,,Rear End,2,Clear,Dry,Dark-Lighted
2024-07-31T18:00:00.000,I 75,I 75 and Eagles Landing Pkwy,,Rear End,2,Clear,Dry,Daylight
2024-03-02T18:27:00.000,I 75,I 75 and Eagles Landing Pkwy,,Rear End,2,Clear,Dry,Daylight
2024-01-14T16:27:00.000,I 75,I 75 and Eagles Landing Pkwy,,Rear End,2,Clear,Dry,Daylight
2024-04-13T23:46:00.000,I 75,I 75 and Eagles Landing Pkwy,,Not a Collision with Motor Vehicle,1,Clear,Dry,Dark-Lighted
2024-12-26T21:28:00.000,I 75,I 75 and Eagles Landing Pkwy,,Rear End,2,Clear,Dry,Dark-Not Lighted
2024-02-13T16:39:00.000,I 75,I 75 and Eagles Landing Pkwy,,Sideswipe-Same Direction,2,Clear,Dry,Daylight
2024-08-08T21:52:00.000,I 75,I 75 and Eagles Landing Pkwy,,Sideswipe-Same Direction,2,Clear,Dry,Dark-Lighted
2024-12-30T12:25:00.000,I 75,I 75 and Eagles Landing Pkwy,,Rear End,2,Clear,Dry,Daylight
2024-04-16T10:19:00.000,I 75,I 75 and Eagles Landing Pkwy,,Rear End,2,Clear,Dry,Daylight
2024-07-31T17:08:00.000,I 75,I 75 and Eagles Landing Pkwy,,Rear End,2,Rain,Water (standing or moving),Daylight
2024-02-22T05:45:00.000,I 75,I 75 and Eagles Landing Pkwy,,Sideswipe-Same Direction,2,Clear,Dry,Daylight
2024-07-02T16:10:00.000,I 75,I 75 and Eagles Landing Pkwy,,Rear End,2,Clear,Dry,Daylight
2024-08-02T13:24:00.000,I 75,I 75 and Eagles Landing Pkwy,,Sideswipe-Same Direction,2,Clear,Dry,Daylight
2024-11-29T09:50:00.000,I 75,I 75 and Eagles Landing Pkwy,,Rear End,2,Clear,Dry,Daylight
2024-05-17T01:54:00.000,I 75,I 75 and Eagles Landing Pkwy,,Rear End,2,Clear,Dry,Dark-Not Lighted
2024-08-01T13:25:00.000,I 75,I 75 and Eagles Landing Pkwy,,Rear End,2,Clear,Dry,Daylight
2023-12-16T16:15:00.000,I 75,I 75 and Eagles Landing Hudson Bridge Rd,,Sideswipe-Same Direction,2,Clear,Dry,Daylight
2023-03-22T09:05:00.000,I 75,I 75 and Eagles Landing,,Sideswipe-Same Direction,2,Clear,Dry,Daylight
2024-05-16T11:00:00.000,I 75,I 75 and Eagles Labnding Pkwy,,Rear End,2,Clear,Dry,Daylight
2021-11-27T10:55:00.000,I 75,I 75 and Eagleas Landing Pkwy,,Rear End,3,Clear,Dry,Daylight
2021-10-15T10:37:00.000,I 75,I 75 and Eagle's Landing Pkwy,,Sideswipe-Same Direction,2,Clear,Dry,Daylight
2022-06-24T10:53:00.000,I 75,I 75 and Eagle's Landing Pkwa,,Rear End,2,Clear,Dry,Daylight
2021-10-24T18:08:00.000,I 75,I 75 and Eagle Landing Pkwy,,Rear End,2,Cloudy,Dry,Dusk
2020-02-10T00:25:00.000,I 75,I 75 and E Walnut Ave,,Rear End,2,Clear,Dry,Dark-Not Lighted
2021-02-14T17:50:00.000,I 75,I 75 and E Main St,,Sideswipe-Same Direction,2,Cloudy,Dry,Dusk
2024-12-09T12:47:00.000,I 75,I 75 and E Main St,,Not a Collision with Motor Vehicle,1,Rain,Wet,Daylight
2020-05-07T15:30:00.000,I 75,I 75 and E Inaha Rd Opas,,Not a Collision with Motor Vehicle,2,Clear,Dry,Daylight
2023-10-11T11:45:00.000,I 75,I 75 and E Inaha Rd,,Not a Collision with Motor Vehicle,1,Cloudy,Dry,Daylight
2020-06-12T08:10:00.000,I 75,I 75 and E Inaha Rd,,Not a Collision with Motor Vehicle,1,Clear,Dry,Daylight
2020-06-05T05:40:00.000,I 75,I 75 and E Inaha Rd,,Not a Collision with Motor Vehicle,1,Clear,Dry,Dark-Not Lighted
2022-10-09T20:25:00.000,I 75,I 75 and E Inaha Rd,,Sideswipe-Same Direction,2,Clear,Dry,Dark-Not Lighted
2024-02-15T00:00:00.000,I 75,I 75 and E I285 Rp,,Not a Collision with Motor Vehicle,1,Clear,Dry,Daylight
2024-11-01T16:48:00.000,I 75,I 75 and E Hwy 53,,Rear End,2,Rain,Wet,Daylight
2024-12-14T17:11:00.000,I 75,I 75 and E Delk Rd,,Sideswipe-Same Direction,1,Cloudy,Dry,Daylight
2024-09-23T03:45:00.000,I 75,I 75 and E Belmont Rd,,Rear End,3,Clear,Dry,Dark-Not Lighted
2024-09-18T18:20:00.000,I 75,I 75 and E Belmont Rd,,Rear End,2,Clear,Dry,Daylight
2024-05-14T07:55:00.000,I 75,I 75 and E Belmont Dr,,Rear End,2,Clear,Wet,Daylight
2024-08-06T21:10:00.000,I 75,I 75 and E Belmont Dr,,Angle Crash,2,Clear,Dry,Dark-Not Lighted
2024-09-21T08:40:00.000,I 75,I 75 and E Belmont Dr,,Angle Crash,2,Clear,Dry,Daylight
2024-09-20T08:45:00.000,I 75,I 75 and E Belmont Dr,,Rear End,2,Clear,Dry,Daylight
2024-10-07T13:45:00.000,I 75,I 75 and E Belmont Dr,,Rear End,2,Clear,Dry,Daylight
2023-12-12T10:15:00.000,I 75,I 75 and E 8Th Ave,,Sideswipe-Same Direction,2,Clear,Dry,Daylight
2023-12-21T20:20:00.000,I 75,I 75 and E 8Th Ave,,Sideswipe-Same Direction,2,Cloudy,Dry,Dark-Not Lighted
2021-01-06T12:36:00.000,I 75,I 75 and Downtown Conn,,Sideswipe-Same Direction,2,Clear,Dry,Daylight
2020-05-06T11:35:00.000,I 75,I 75 and Dooly Crisp Co Line,,Sideswipe-Same Direction,2,Clear,Dry,Daylight
2022-10-14T16:31:00.000,I 75,I 75 and Dooly County Line,,Not a Collision with Motor Vehicle,1,Clear,Dry,Daylight
2021-01-08T22:24:00.000,I 75,I 75 and Dickson Rd,,Sideswipe-Same Direction,2,Cloudy,Dry,Dark-Lighted
2023-07-05T11:20:00.000,I 75,I 75 and Dickson Rd,,Angle Crash,2,Cloudy,Dry,Daylight
2023-04-29T11:08:00.000,I 75,I 75 and Dickson Rd,,Sideswipe-Same Direction,2,Clear,Dry,Daylight
2020-11-11T22:21:00.000,I 75,I 75 and Dickson Rd,,Not a Collision with Motor Vehicle,1,Rain,Wet,Dark-Lighted
2022-09-15T21:30:00.000,I 75,I 75 and Dickson Rd,,Angle Crash,2,Clear,Dry,Dark-Lighted
2022-07-26T00:00:00.000,I 75,I 75 and Dickerson Rd,,Sideswipe-Same Direction,2,Cloudy,Dry,Daylight
2024-06-14T05:50:00.000,I 75,I 75 and Dews Pond Rd Opas,,Sideswipe-Same Direction,2,Clear,Dry,Dawn
2023-03-16T03:00:00.000,I 75,I 75 and Dews Pond Rd,,Not a Collision with Motor Vehicle,1,Clear,Dry,Dark-Not Lighted
2020-06-15T06:39:00.000,I 75,I 75 and Dews Pond Rd,,Not a Collision with Motor Vehicle,1,Clear,Dry,Daylight
2020-06-26T11:25:00.000,I 75,I 75 and Dews Pond Rd,,Sideswipe-Same Direction,2,Cloudy,Dry,Daylight
2022-05-24T18:35:00.000,I 75,I 75 and Dews Pond Rd,,Sideswipe-Same Direction,1,Clear,Dry,Daylight
2022-09-14T07:36:00.000,I 75,I 75 and Dews Pond Rd,,Angle Crash,2,Clear,Dry,Daylight
2022-08-09T06:48:00.000,I 75,I 75 and Dews Pond Rd,,Not a Collision with Motor Vehicle,2,Cloudy,Dry,Dawn
2022-08-09T06:48:00.000,I 75,I 75 and Dews Pond Rd,,Not a Collision with Motor Vehicle,1,Cloudy,Dry,Dawn
2022-04-13T17:30:00.000,I 75,I 75 and Dews Pond Rd,,Not a Collision with Motor Vehicle,2,Clear,Dry,Daylight
2023-10-19T20:52:00.000,I 75,I 75 and Dews Pond Rd,,Sideswipe-Same Direction,2,Cloudy,Dry,Dark-Not Lighted
2023-04-18T16:05:00.000,I 75,I 75 and Dews Pond Rd,,Rear End,2,Clear,Dry,Daylight
2024-01-27T00:10:00.000,I 75,I 75 and Dews Pond Rd,,Angle Crash,3,Cloudy,Dry,Dark-Not Lighted
2023-06-26T17:40:00.000,I 75,I 75 and Dews Pond Rd,,Rear End,2,Clear,Dry,Daylight
2023-12-11T11:15:00.000,I 75,I 75 and Delk Road Southeast,,Sideswipe-Same Direction,2,Clear,Dry,Daylight
2023-12-11T11:22:00.000,I 75,I 75 and Delk Road Southeast,,Sideswipe-Same Direction,2,Clear,Dry,Daylight
2024-01-12T16:30:00.000,I 75,I 75 and Delk Road Southeast,,Not a Collision with Motor Vehicle,1,Rain,Wet,Daylight
2024-01-05T00:00:00.000,I 75,I 75 and Delk Road Southeast,,Rear End,3,Clear,Dry,Daylight
2023-01-05T14:14:00.000,I 75,I 75 and Delk Road Rp,,Rear End,2,Clear,Dry,Daylight
2024-08-01T11:28:00.000,I 75,I 75 and Delk Road Rp,,Sideswipe-Same Direction,2,Cloudy,Dry,Daylight
2020-11-16T10:00:00.000,I 75,I 75 and Delk Road Opas,,Sideswipe-Same Direction,2,Clear,Dry,Daylight
2022-04-12T08:50:00.000,I 75,I 75 and Delk Road Opas,,Sideswipe-Same Direction,5,Clear,Dry,Daylight
2024-07-10T16:38:00.000,I 75,I 75 and Delk Road Opas,,Sideswipe-Same Direction,2,Cloudy,Dry,Daylight
2024-08-16T16:10:00.000,I 75,I 75 and Delk Road Opas,,Rear End,2,Cloudy,Dry,Daylight
2020-11-24T16:30:00.000,I 75,I 75 and Delk Road Mm 261,,Rear End,2,Cloudy,Dry,Daylight
2022-11-16T20:03:00.000,I 75,I 75 and Delk Road Exit Rp,,Rear End,2,Clear,Dry,Dark-Not Lighted
2022-11-16T21:00:00.000,I 75,I 75 and Delk Road Exit Rp,,Rear End,6,Clear,Dry,Dark-Lighted
2024-09-26T14:41:00.000,I 75,I 75 and Delk Road Exit Rp,,Rear End,2,Rain,Wet,Dark-Not Lighted
2024-11-27T07:32:00.000,I 75,I 75 and Delk Road Brg,,Rear End,2,Clear,Dry,Daylight
2023-09-17T03:30:00.000,I 75,I 75 and Delk Rd. Ext,,Head On,2,Rain,Wet,Dark-Not Lighted
2023-01-05T13:12:00.000,I 75,I 75 and Delk Rd.,,Sideswipe-Same Direction,2,Clear,Dry,Daylight
2023-05-26T09:33:00.000,I 75,I 75 and Delk Rd.,,Not a Collision with Motor Vehicle,1,Clear,Dry,Daylight
2022-03-08T11:18:00.000,I 75,I 75 and Delk Rd.,,Sideswipe-Same Direction,2,Cloudy,Dry,Daylight
2022-04-08T06:30:00.000,I 75,I 75 and Delk Rd.,,Sideswipe-Same Direction,3,Clear,Dry,Dawn
2022-04-11T18:18:00.000,I 75,I 75 and Delk Rd.,,Rear End,2,Cloudy,Dry,Daylight
2022-11-18T17:09:00.000,I 75,I 75 and Delk Rd.,,Rear End,3,Clear,Dry,Daylight
2022-11-11T07:53:00.000,I 75,I 75 and Delk Rd.,,Rear End,2,Rain,Wet,Daylight
2022-04-12T17:14:00.000,I 75,I 75 and Delk Rd.,,Rear End,2,Clear,Dry,Daylight
2023-07-11T18:25:00.000,I 75,I 75 and Delk Rd.,,Sideswipe-Same Direction,2,Clear,Dry,Daylight
2023-10-12T10:21:00.000,I 75,I 75 and Delk Rd.,,Rear End,2,Cloudy,Wet,Daylight
2023-06-08T12:29:00.000,I 75,I 75 and Delk Rd.,,Sideswipe-Same Direction,2,Clear,Dry,Daylight
2023-10-06T04:57:00.000,I 75,I 75 and Delk Rd.,,Rear End,2,Cloudy,Dry,Daylight
2023-06-15T09:14:00.000,I 75,I 75 and Delk Rd.,,Sideswipe-Same Direction,2,Cloudy,Dry,Daylight
2023-09-25T06:55:00.000,I 75,I 75 and Delk Rd.,,Rear End,2,Clear,Dry,Dawn
2020-10-14T08:40:00.000,I 75,I 75 and Delk Rd Opas,,Sideswipe-Same Direction,3,Clear,Dry,Daylight
2020-11-24T16:00:00.000,I 75,I 75 and Delk Rd Mm261,,Rear End,2,Cloudy,Dry,Daylight
2020-11-15T03:19:00.000,I 75,I 75 and Delk Rd Ext Rp,,Not a Collision with Motor Vehicle,1,Clear,Dry,Dark-Not Lighted
2020-07-18T19:00:00.000,I 75,I 75 and Delk Rd Ext Rp,,Angle Crash,4,Rain,Wet,Daylight
2020-01-28T20:53:00.000,I 75,I 75 and Delk Rd Ext Rp,,Rear End,3,Cloudy,Dry,Dark-Not Lighted
2021-08-28T02:38:00.000,I 75,I 75 and Delk Rd Ext Rp,,Not a Collision with Motor Vehicle,1,Cloudy,Wet,Dark-Not Lighted
2021-08-07T22:00:00.000,I 75,I 75 and Delk Rd Ext Rp,,Angle Crash,3,Clear,Dry,Dark-Not Lighted
2024-07-22T08:55:00.000,I 75,I 75 and Delk Rd Ext 261,,Rear End,2,Clear,Dry,Daylight
2021-02-20T20:00:00.000,I 75,I 75 and Delk Rd Ext,,Sideswipe-Same Direction,2,Clear,Dry,Dark-Not Lighted
2021-12-13T20:30:00.000,I 75,I 75 and Delk Rd Ext,,Sideswipe-Same Direction,2,Cloudy,Dry,Dark-Not Lighted
2020-07-02T18:35:00.000,I 75,I 75 and Delk Rd Ext,,Angle Crash,2,Cloudy,Dry,Daylight
2023-01-26T07:30:00.000,I 75,I 75 and Delk Rd Ext,,Rear End,2,Clear,Dry,Dawn
2023-08-02T12:33:00.000,I 75,I 75 and Delk Rd Ext,,Rear End,2,Cloudy,Dry,Daylight
2023-08-24T10:33:00.000,I 75,I 75 and Delk Rd Ext,,Sideswipe-Same Direction,3,Clear,Dry,Daylight
2020-02-22T19:15:00.000,I 75,I 75 and Delk Rd Ext,,Rear End,2,Clear,Dry,Dark-Not Lighted
2020-01-18T18:22:00.000,I 75,I 75 and Delk Rd Ext,,Not a Collision with Motor Vehicle,1,Rain,Water (standing or moving),Dark-Not Lighted
2020-10-21T09:45:00.000,I 75,I 75 and Delk Rd Ext,,Sideswipe-Same Direction,2,Cloudy,Dry,Daylight
2020-12-04T22:00:00.000,I 75,I 75 and Delk Rd Ext,,Not a Collision with Motor Vehicle,1,Clear,Dry,Dark-Lighted
2020-01-29T21:24:00.000,I 75,I 75 and Delk Rd Ext,,Angle Crash,2,Cloudy,Dry,Dark-Not Lighted
2022-12-16T23:41:00.000,I 75,I 75 and Delk Rd Ext,,Rear End,2,Clear,Dry,Dark-Not Lighted
2022-10-09T17:00:00.000,I 75,I 75 and Delk Rd Ext,,Rear End,2,Clear,Dry,Daylight
2024-01-09T07:15:00.000,I 75,I 75 and Delk Rd Ext,,(None),2,(None),(None),(None)
2024-02-17T18:39:00.000,I 75,I 75 and Delk Rd Ext,,Rear End,2,Clear,Dry,Dark-Not Lighted
2024-01-09T09:07:00.000,I 75,I 75 and Delk Rd Ext,,(None),2,(None),(None),(None)
2024-06-05T14:00:00.000,I 75,I 75 and Delk Rd Ext,,Sideswipe-Same Direction,2,Cloudy,Dry,Daylight
2021-10-17T09:30:00.000,I 75,I 75 and Delk Rd Exit Rp,,Not a Collision with Motor Vehicle,2,Clear,Dry,Daylight
2021-08-17T06:08:00.000,I 75,I 75 and Delk Rd Exit Rp,,Rear End,4,Rain,Wet,Dark-Lighted
2023-08-05T18:35:00.000,I 75,I 75 and Delk Rd Exit 261,,Rear End,2,Clear,Dry,Daylight
2024-07-16T16:20:00.000,I 75,I 75 and Delk Rd Exit 261,,Sideswipe-Same Direction,2,Clear,Dry,Daylight
2023-08-13T16:02:00.000,I 75,I 75 and Delk Rd Exit 261,,Sideswipe-Same Direction,2,Clear,Dry,Daylight
2024-11-04T08:47:00.000,I 75,I 75 and Delk Rd Exit 261,,Rear End,2,Cloudy,Dry,Daylight
2024-12-09T22:39:00.000,I 75,I 75 and Delk Rd Exit 261,,Sideswipe-Same Direction,2,Rain,Wet,Dark-Lighted
2024-08-29T09:58:00.000,I 75,I 75 and Delk Rd Exit 261,,Angle Crash,2,Rain,Wet,Dark-Lighted
2021-05-21T21:39:00.000,I 75,I 75 and Delk Rd Exit,,Rear End,2,Cloudy,Dry,Dark-Lighted
2020-01-18T21:53:00.000,I 75,I 75 and Delk Rd Exit,,Rear End,2,Rain,Wet,Dark-Lighted
2020-01-18T21:53:00.000,I 75,I 75 and Delk Rd Exit,,Not a Collision with Motor Vehicle,1,Rain,Wet,Dark-Lighted
2022-03-09T09:32:00.000,I 75,I 75 and Delk Rd Exit,,Rear End,2,Cloudy,Dry,Daylight
2023-10-02T15:26:00.000,I 75,I 75 and Delk Rd Exit,,(None),1,(None),(None),(None)
2024-05-27T09:10:00.000,I 75,I 75 and Delk Rd Exit,,Angle Crash,2,Rain,Wet,Daylight
2024-10-20T11:05:00.000,I 75,I 75 and Delk Rd Exit,,Sideswipe-Same Direction,2,Clear,Dry,Daylight
2024-11-10T00:32:00.000,I 75,I 75 and Delk Rd Ex,,Rear End,2,Clear,Dry,Dark-Not Lighted
2021-09-19T11:40:00.000,I 75,I 75 and Delk Rd Entrance Rp,,Not a Collision with Motor Vehicle,1,Cloudy,Wet,Daylight
2022-11-16T17:05:00.000,I 75,I 75 and Delk Rd Entrance Rp,,Not a Collision with Motor Vehicle,1,Clear,Dry,Daylight
2021-05-22T18:00:00.000,I 75,I 75 and Delk Rd Ent Rp,,Rear End,3,Clear,Dry,Daylight
2020-01-15T19:34:00.000,I 75,I 75 and Delk Rd Ent Rp,,Rear End,3,Clear,Dry,Dark-Not Lighted
2020-01-27T21:53:00.000,I 75,I 75 and Delk Rd Ent Rp,,Rear End,2,Clear,Dry,Dark-Lighted
2020-09-12T20:53:00.000,I 75,I 75 and Delk Rd Ent Rp,,Not a Collision with Motor Vehicle,2,Cloudy,Dry,Dark-Not Lighted
2020-01-27T21:53:00.000,I 75,I 75 and Delk Rd Ent Rp,,Rear End,2,Clear,Dry,Dark-Lighted
2020-01-15T20:30:00.000,I 75,I 75 and Delk Rd Ent Rp,,Sideswipe-Same Direction,2,Clear,Dry,Dark-Not Lighted
2021-11-30T14:00:00.000,I 75,I 75 and Delk Rd Ent Rp,,Not a Collision with Motor Vehicle,1,Clear,Dry,Daylight
2024-03-08T02:50:00.000,I 75,I 75 and Delk Rd Ent Rp,,Not a Collision with Motor Vehicle,1,Cloudy,Dry,Dark-Not Lighted
2021-09-02T10:00:00.000,I 75,I 75 and Delk Rd Ent Rmp,,Sideswipe-Same Direction,2,Clear,Dry,Daylight
2021-05-05T15:02:00.000,I 75,I 75 and Delk Rd Ent,,Rear End,2,Cloudy,Dry,Daylight
2020-12-14T11:00:00.000,I 75,I 75 and Delk Rd Ent,,Rear End,2,Cloudy,Dry,Daylight
2020-01-19T16:10:00.000,I 75,I 75 and Delk Rd Ent,,Sideswipe-Same Direction,2,Clear,Dry,Daylight
2021-03-21T19:00:00.000,I 75,I 75 and Delk Rd Ent,,Rear End,2,Cloudy,Dry,Daylight
2022-05-14T17:00:00.000,I 75,I 75 and Delk Rd Ent,,Angle Crash,2,Cloudy,Dry,Daylight
2021-09-02T21:57:00.000,I 75,I 75 and Delk Rd Ent,,Angle Crash,2,Cloudy,Dry,Dark-Not Lighted
2024-03-01T12:23:00.000,I 75,I 75 and Delk Rd Ent,,Not a Collision with Motor Vehicle,1,Cloudy,Dry,Dark-Not Lighted
2024-11-27T08:21:00.000,I 75,I 75 and Delk Rd Brg,,Not a Collision with Motor Vehicle,1,Clear,Dry,Daylight
2022-06-17T03:11:00.000,I 75,I 75 and Delk Rd Brdg,,Rear End,2,Cloudy,Dry,Dark-Not Lighted
2023-11-03T03:38:00.000,I 75,I 75 and Delk Rd Brdg,,(None),1,(None),(None),(None)
2024-12-15T17:33:00.000,I 75,I 75 and Delk Rd 261,,Angle Crash,2,Rain,Water (standing or moving),Dark-Lighted