Date and Time,Roadway (From Crash Report),Intersection Name (from Crash Report),KABCO Severity,Manner of Collision (Crash Level) ,# of Vehicles per crash ,Weather Conditions (Crash Level),Surface Condition (Crash Level) ,Light Conditions (Crash Level)
2021-06-23T00:16:00.000,I 75,I 75 and Delk Rd,,Sideswipe-Same Direction,2,Clear,Dry,Dark-Lighted
2021-02-16T17:45:00.000,I 75,I 75 and Delk Rd,,Sideswipe-Same Direction,2,Cloudy,Dry,Daylight
2021-01-21T11:45:00.000,I 75,I 75 and Delk Rd,,Not a Collision with Motor Vehicle,2,Rain,Wet,Daylight
2021-01-31T12:07:00.000,I 75,I 75 and Delk Rd,,Angle Crash,3,Rain,Wet,Daylight
2021-03-17T18:07:00.000,I 75,I 75 and Delk Rd,,Rear End,2,Cloudy,Wet,Daylight
2021-04-14T07:52:00.000,I 75,I 75 and Delk Rd,,Sideswipe-Same Direction,2,Cloudy,Dry,Daylight
2021-04-27T06:20:00.000,I 75,I 75 and Delk Rd,,Not a Collision with Motor Vehicle,1,Clear,Dry,Dark-Not Lighted
2021-06-08T01:02:00.000,I 75,I 75 and Delk Rd,,Not a Collision with Motor Vehicle,1,Clear,Dry,Dark-Lighted
2021-04-03T11:42:00.000,I 75,I 75 and Delk Rd,,Rear End,2,Cloudy,Dry,Daylight
2021-01-27T21:00:00.000,I 75,I 75 and Delk Rd,,Rear End,2,Rain,Wet,Daylight
2021-05-21T14:30:00.000,I 75,I 75 and Delk Rd,,Not a Collision with Motor Vehicle,2,Cloudy,Dry,Daylight
2021-01-01T13:10:00.000,I 75,I 75 and Delk Rd,,Angle Crash,3,Rain,Wet,Daylight
2021-06-18T07:54:00.000,I 75,I 75 and Delk Rd,,Rear End,2,Clear,Dry,Daylight
2021-03-27T02:44:00.000,I 75,I 75 and Delk Rd,,Rear End,2,Clear,Dry,Dark-Not Lighted
2021-01-28T07:40:00.000,I 75,I 75 and Delk Rd,,Sideswipe-Same Direction,2,Clear,Dry,Daylight
2021-04-03T20:31:00.000,I 75,I 75 and Delk Rd,,Rear End,2,Clear,Dry,Dark-Lighted
2021-03-19T16:30:00.000,I 75,I 75 and Delk Rd,,Rear End,2,Clear,Dry,Daylight
2021-02-06T16:52:00.000,I 75,I 75 and Delk Rd,,Rear End,2,Rain,Wet,Daylight
2021-06-22T14:25:00.000,I 75,I 75 and Delk Rd,,Sideswipe-Same Direction,2,Cloudy,Dry,Daylight
2021-03-12T14:42:00.000,I 75,I 75 and Delk Rd,,Sideswipe-Same Direction,2,Clear,Dry,Daylight
2021-11-22T10:38:00.000,I 75,I 75 and Delk Rd,,Sideswipe-Same Direction,2,Clear,Dry,Daylight
2021-12-08T07:15:00.000,I 75,I 75 and Delk Rd,,Sideswipe-Same Direction,2,Cloudy,Wet,Daylight
2021-09-09T10:58:00.000,I 75,I 75 and Delk Rd,,Rear End,2,Clear,Dry,Daylight
2021-10-06T06:57:00.000,I 75,I 75 and Delk Rd,,Rear End,5,Cloudy,Wet,Dark-Lighted
2021-07-28T12:23:00.000,I 75,I 75 and Delk Rd,,Not a Collision with Motor Vehicle,1,Clear,Dry,Daylight
2021-08-13T19:10:00.000,I 75,I 75 and Delk Rd,,Rear End,2,Cloudy,Dry,Daylight
2021-12-20T13:04:00.000,I 75,I 75 and Delk Rd,,Sideswipe-Same Direction,2,Cloudy,Dry,Daylight
2021-12-30T08:05:00.000,I 75,I 75 and Delk Rd,,Sideswipe-Same Direction,2,Rain,Wet,Daylight
2021-08-09T09:23:00.000,I 75,I 75 and Delk Rd,,Angle Crash,2,Clear,Dry,Daylight
2021-11-19T19:19:00.000,I 75,I 75 and Delk Rd,,Sideswipe-Same Direction,2,Clear,Dry,Dark-Not Lighted
2021-09-29T06:47:00.000,I 75,I 75 and Delk Rd,,Rear End,3,Cloudy,Dry,Dark-Not Lighted
2021-08-29T17:15:00.000,I 75,I 75 and Delk Rd,,Rear End,2,Clear,Dry,Daylight
2021-07-29T08:51:00.000,I 75,I 75 and Delk Rd,,Rear End,2,Clear,Dry,Daylight
2021-09-15T03:34:00.000,I 75,I 75 and Delk Rd,,Sideswipe-Same Direction,2,Clear,Dry,Dark-Lighted
2021-08-05T09:07:00.000,I 75,I 75 and Delk Rd,,Sideswipe-Same Direction,2,Clear,Dry,Daylight
2021-08-01T04:22:00.000,I 75,I 75 and Delk Rd,,Not a Collision with Motor Vehicle,1,Rain,Wet,Dark-Lighted
2021-07-19T11:14:00.000,I 75,I 75 and Delk Rd,,Rear End,2,Rain,Wet,Daylight
2021-12-17T07:40:00.000,I 75,I 75 and Delk Rd,,Sideswipe-Same Direction,2,Cloudy,Dry,Dark-Not Lighted
2021-10-06T06:58:00.000,I 75,I 75 and Delk Rd,,Not a Collision with Motor Vehicle,2,Cloudy,Wet,Daylight
2021-05-19T20:47:00.000,I 75,I 75 and Delk Rd,,Sideswipe-Same Direction,2,Cloudy,Dry,Dark-Lighted
2021-03-05T17:55:00.000,I 75,I 75 and Delk Rd,,Rear End,5,Clear,Dry,Daylight
2021-04-19T07:57:00.000,I 75,I 75 and Delk Rd,,Sideswipe-Same Direction,2,Cloudy,Dry,Daylight
2021-06-10T07:57:00.000,I 75,I 75 and Delk Rd,,Rear End,2,Cloudy,Dry,Daylight
2021-04-07T14:38:00.000,I 75,I 75 and Delk Rd,,Rear End,2,Clear,Dry,Daylight
2021-02-17T10:56:00.000,I 75,I 75 and Delk Rd,,Not a Collision with Motor Vehicle,1,Cloudy,Dry,Daylight
2021-06-21T13:38:00.000,I 75,I 75 and Delk Rd,,Rear End,2,Clear,Dry,Daylight
2021-03-20T16:17:00.000,I 75,I 75 and Delk Rd,,Rear End,2,Clear,Dry,Daylight
2021-06-06T22:45:00.000,I 75,I 75 and Delk Rd,,Rear End,2,Clear,Wet,Dark-Lighted
2021-04-21T08:54:00.000,I 75,I 75 and Delk Rd,,Rear End,2,Clear,Dry,Daylight
2021-06-22T06:10:00.000,I 75,I 75 and Delk Rd,,Not a Collision with Motor Vehicle,1,Rain,Wet,Dawn
2021-03-25T22:16:00.000,I 75,I 75 and Delk Rd,,Not a Collision with Motor Vehicle,1,Rain,Water (standing or moving),Dark-Lighted
2021-06-06T13:00:00.000,I 75,I 75 and Delk Rd,,Rear End,2,Clear,Dry,Daylight
2021-06-01T15:09:00.000,I 75,I 75 and Delk Rd,,Rear End,2,Clear,Dry,Daylight
2021-06-04T06:37:00.000,I 75,I 75 and Delk Rd,,Rear End,2,Clear,Dry,Daylight
2021-05-29T16:02:00.000,I 75,I 75 and Delk Rd,,Sideswipe-Same Direction,2,Cloudy,Dry,Daylight
2021-03-17T14:56:00.000,I 75,I 75 and Delk Rd,,Rear End,2,Rain,Wet,Daylight
2021-06-21T13:38:00.000,I 75,I 75 and Delk Rd,,Rear End,2,Cloudy,Dry,Daylight
2021-04-09T21:40:00.000,I 75,I 75 and Delk Rd,,Sideswipe-Same Direction,2,Clear,Dry,Dark-Not Lighted
2021-04-25T15:38:00.000,I 75,I 75 and Delk Rd,,Rear End,3,Clear,Dry,Daylight
2021-03-30T12:49:00.000,I 75,I 75 and Delk Rd,,Sideswipe-Same Direction,2,Cloudy,Dry,Daylight
2021-04-03T21:56:00.000,I 75,I 75 and Delk Rd,,Rear End,2,Clear,Dry,Dark-Lighted
2021-06-13T22:00:00.000,I 75,I 75 and Delk Rd,,Not a Collision with Motor Vehicle,2,Clear,Dry,Dark-Not Lighted
2021-03-06T13:19:00.000,I 75,I 75 and Delk Rd,,Rear End,2,Clear,Dry,Daylight
2021-02-13T12:41:00.000,I 75,I 75 and Delk Rd,,Not a Collision with Motor Vehicle,1,Rain,Wet,Daylight
2021-04-27T05:55:00.000,I 75,I 75 and Delk Rd,,Sideswipe-Same Direction,5,Clear,Dry,Dark-Not Lighted
2021-06-03T15:19:00.000,I 75,I 75 and Delk Rd,,Rear End,2,Cloudy,Dry,Daylight
2021-06-16T12:45:00.000,I 75,I 75 and Delk Rd,,Rear End,4,Clear,Dry,Daylight
2021-04-08T09:27:00.000,I 75,I 75 and Delk Rd,,Rear End,2,Clear,Dry,Daylight
2021-03-03T07:30:00.000,I 75,I 75 and Delk Rd,,Angle Crash,3,Clear,Dry,Daylight
2021-05-03T23:56:00.000,I 75,I 75 and Delk Rd,,Not a Collision with Motor Vehicle,1,Cloudy,Wet,Dark-Not Lighted
2021-06-26T16:42:00.000,I 75,I 75 and Delk Rd,,Sideswipe-Same Direction,2,Clear,Dry,Daylight
2021-09-12T17:00:00.000,I 75,I 75 and Delk Rd,,Rear End,2,Clear,Dry,Daylight
2021-08-11T16:38:00.000,I 75,I 75 and Delk Rd,,Rear End,2,Cloudy,Wet,Daylight
2021-09-28T14:00:00.000,I 75,I 75 and Delk Rd,,Sideswipe-Same Direction,3,Clear,Dry,Daylight
2021-08-14T11:45:00.000,I 75,I 75 and Delk Rd,,Sideswipe-Same Direction,2,Clear,Dry,Daylight
2021-11-20T17:56:00.000,I 75,I 75 and Delk Rd,,Rear End,2,Clear,Dry,Dark-Not Lighted
2021-10-02T15:48:00.000,I 75,I 75 and Delk Rd,,Rear End,2,Cloudy,Dry,Daylight
2021-12-12T09:56:00.000,I 75,I 75 and Delk Rd,,Not a Collision with Motor Vehicle,1,Clear,Wet,Daylight
2021-10-20T09:58:00.000,I 75,I 75 and Delk Rd,,Rear End,2,Clear,Dry,Daylight
2021-07-21T08:00:00.000,I 75,I 75 and Delk Rd,,Rear End,2,Cloudy,Wet,Daylight
2021-10-05T08:56:00.000,I 75,I 75 and Delk Rd,,Not a Collision with Motor Vehicle,1,Rain,Wet,Daylight
2021-10-21T16:05:00.000,I 75,I 75 and Delk Rd,,Not a Collision with Motor Vehicle,1,Cloudy,Dry,Daylight
2021-12-10T08:17:00.000,I 75,I 75 and Delk Rd,,Rear End,2,Rain,Wet,Daylight
2021-08-17T06:00:00.000,I 75,I 75 and Delk Rd,,Not a Collision with Motor Vehicle,1,Rain,Wet,Dark-Lighted
2021-08-24T14:30:00.000,I 75,I 75 and Delk Rd,,Angle Crash,3,Cloudy,Dry,Daylight
2021-10-20T14:20:00.000,I 75,I 75 and Delk Rd,,Rear End,2,Clear,Dry,Daylight
2021-09-28T12:00:00.000,I 75,I 75 and Delk Rd,,Not a Collision with Motor Vehicle,2,Cloudy,Dry,Daylight
2021-09-16T07:00:00.000,I 75,I 75 and Delk Rd,,Sideswipe-Same Direction,2,Rain,Wet,Dark-Not Lighted
2021-12-28T21:45:00.000,I 75,I 75 and Delk Rd,,Sideswipe-Same Direction,2,Clear,Dry,Dark-Not Lighted
2021-08-17T11:20:00.000,I 75,I 75 and Delk Rd,,Not a Collision with Motor Vehicle,1,Rain,Wet,Daylight
2021-12-09T12:14:00.000,I 75,I 75 and Delk Rd,,Sideswipe-Same Direction,2,Cloudy,Dry,Daylight
2021-07-28T21:53:00.000,I 75,I 75 and Delk Rd,,Angle Crash,2,Clear,Dry,Dark-Lighted
2021-09-09T03:00:00.000,I 75,I 75 and Delk Rd,,Not a Collision with Motor Vehicle,1,Cloudy,Dry,Dark-Not Lighted
2021-10-20T07:14:00.000,I 75,I 75 and Delk Rd,,Rear End,2,Clear,Dry,Dawn
2021-09-29T04:29:00.000,I 75,I 75 and Delk Rd,,Sideswipe-Same Direction,2,Clear,Dry,Dark-Not Lighted
2021-10-18T07:30:00.000,I 75,I 75 and Delk Rd,,Rear End,2,Clear,Dry,Daylight
2021-11-18T14:00:00.000,I 75,I 75 and Delk Rd,,Not a Collision with Motor Vehicle,2,Clear,Dry,Daylight
2021-07-06T06:48:00.000,I 75,I 75 and Delk Rd,,Not a Collision with Motor Vehicle,1,Cloudy,Dry,Daylight
2021-11-14T12:22:00.000,I 75,I 75 and Delk Rd,,Angle Crash,2,Clear,Dry,Daylight
2021-07-30T22:58:00.000,I 75,I 75 and Delk Rd,,Angle Crash,2,Cloudy,Dry,Dark-Not Lighted
2021-09-30T07:08:00.000,I 75,I 75 and Delk Rd,,Sideswipe-Same Direction,2,Cloudy,Dry,Daylight
2021-07-18T17:01:00.000,I 75,I 75 and Delk Rd,,Sideswipe-Same Direction,2,Clear,Dry,Daylight
2021-12-14T07:01:00.000,I 75,I 75 and Delk Rd,,Not a Collision with Motor Vehicle,1,Clear,Dry,Daylight
2021-09-29T07:03:00.000,I 75,I 75 and Delk Rd,,Rear End,2,Clear,Dry,Dark-Not Lighted
2021-09-06T20:58:00.000,I 75,I 75 and Delk Rd,,Sideswipe-Same Direction,2,Clear,Dry,Dark-Not Lighted
2021-09-02T08:20:00.000,I 75,I 75 and Delk Rd,,Angle Crash,2,Cloudy,Dry,Daylight
2021-09-30T13:34:00.000,I 75,I 75 and Delk Rd,,Rear End,2,Clear,Dry,Daylight
2021-09-11T08:57:00.000,I 75,I 75 and Delk Rd,,Not a Collision with Motor Vehicle,1,Clear,Dry,Daylight
2021-11-15T08:00:00.000,I 75,I 75 and Delk Rd,,Sideswipe-Same Direction,2,Clear,Dry,Daylight
2021-08-12T11:59:00.000,I 75,I 75 and Delk Rd,,Rear End,3,Cloudy,Dry,Daylight
2021-08-07T12:55:00.000,I 75,I 75 and Delk Rd,,Angle Crash,3,Clear,Dry,Daylight
2021-11-18T17:40:00.000,I 75,I 75 and Delk Rd,,Rear End,2,Clear,Dry,Dark-Not Lighted
2021-11-17T16:43:00.000,I 75,I 75 and Delk Rd,,Sideswipe-Same Direction,2,Clear,Dry,Dawn
2021-08-05T12:25:00.000,I 75,I 75 and Delk Rd,,Rear End,2,Clear,Dry,Daylight
2021-07-12T15:38:00.000,I 75,I 75 and Delk Rd,,Rear End,2,Cloudy,Dry,Daylight
2021-07-17T10:30:00.000,I 75,I 75 and Delk Rd,,Rear End,2,Clear,Dry,Daylight
2021-08-12T22:20:00.000,I 75,I 75 and Delk Rd,,Not a Collision with Motor Vehicle,1,Cloudy,Wet,Dark-Not Lighted
2021-11-11T20:00:00.000,I 75,I 75 and Delk Rd,,Not a Collision with Motor Vehicle,1,Rain,Wet,Dark-Not Lighted
2021-10-22T07:44:00.000,I 75,I 75 and Delk Rd,,Rear End,4,Clear,Wet,Daylight
2021-09-20T01:08:00.000,I 75,I 75 and Delk Rd,,Sideswipe-Same Direction,2,Cloudy,Wet,Dark-Lighted
2021-12-09T13:21:00.000,I 75,I 75 and Delk Rd,,Rear End,3,Clear,Dry,Daylight
2021-09-30T07:18:00.000,I 75,I 75 and Delk Rd,,Rear End,2,Clear,Dry,Daylight
2021-08-21T11:29:00.000,I 75,I 75 and Delk Rd,,Rear End,3,Cloudy,Dry,Daylight
2021-12-07T19:42:00.000,I 75,I 75 and Delk Rd,,Sideswipe-Same Direction,2,Clear,Dry,Dark-Not Lighted
2021-05-26T12:38:00.000,I 75,I 75 and Delk Rd,,Rear End,2,Clear,Dry,Daylight
2021-04-20T18:20:00.000,I 75,I 75 and Delk Rd,,Sideswipe-Same Direction,2,Clear,Dry,Daylight
2021-05-12T06:51:00.000,I 75,I 75 and Delk Rd,,Sideswipe-Same Direction,3,Rain,Wet,Dawn
2021-05-03T13:25:00.000,I 75,I 75 and Delk Rd,,Not a Collision with Motor Vehicle,1,Rain,Wet,Daylight
2021-02-10T06:30:00.000,I 75,I 75 and Delk Rd,,Sideswipe-Same Direction,2,Fog,Dry,Daylight
2021-03-10T14:00:00.000,I 75,I 75 and Delk Rd,,Sideswipe-Same Direction,2,Clear,Dry,Daylight
2021-01-27T13:47:00.000,I 75,I 75 and Delk Rd,,Not a Collision with Motor Vehicle,1,Cloudy,Dry,Daylight
2021-06-06T22:45:00.000,I 75,I 75 and Delk Rd,,Rear End,3,Rain,Wet,Dark-Not Lighted
2021-05-06T00:07:00.000,I 75,I 75 and Delk Rd,,Not a Collision with Motor Vehicle,1,Clear,Dry,Dark-Lighted
2021-01-14T16:20:00.000,I 75,I 75 and Delk Rd,,Rear End,2,Clear,Dry,Daylight
2021-04-02T16:06:00.000,I 75,I 75 and Delk Rd,,Rear End,2,Clear,Dry,Daylight
2021-03-03T08:03:00.000,I 75,I 75 and Delk Rd,,Rear End,2,Clear,Dry,Daylight
2021-03-31T11:43:00.000,I 75,I 75 and Delk Rd,,Rear End,1,Rain,Wet,Daylight
2021-01-01T08:40:00.000,I 75,I 75 and Delk Rd,,Not a Collision with Motor Vehicle,1,Clear,Dry,Dark-Not Lighted
2021-04-29T17:10:00.000,I 75,I 75 and Delk Rd,,Sideswipe-Same Direction,2,Cloudy,Dry,Daylight
2021-05-03T17:15:00.000,I 75,I 75 and Delk Rd,,Rear End,2,Rain,Wet,Daylight
2021-05-21T21:39:00.000,I 75,I 75 and Delk Rd,,Sideswipe-Same Direction,3,Clear,Dry,Dark-Not Lighted
2021-03-15T13:35:00.000,I 75,I 75 and Delk Rd,,Rear End,2,Clear,Dry,Daylight
2021-05-05T18:00:00.000,I 75,I 75 and Delk Rd,,Sideswipe-Same Direction,2,Clear,Dry,Daylight
2021-01-07T18:08:00.000,I 75,I 75 and Delk Rd,,Sideswipe-Same Direction,2,Rain,Wet,Dark-Not Lighted
2021-04-07T08:00:00.000,I 75,I 75 and Delk Rd,,Sideswipe-Same Direction,2,Clear,Dry,Daylight
2021-02-13T12:15:00.000,I 75,I 75 and Delk Rd,,Rear End,4,Rain,Wet,Daylight
2021-02-10T16:51:00.000,I 75,I 75 and Delk Rd,,Rear End,2,Cloudy,Dry,Daylight
2021-11-11T16:41:00.000,I 75,I 75 and Delk Rd,,Rear End,2,Cloudy,Dry,Daylight
2021-12-01T16:25:00.000,I 75,I 75 and Delk Rd,,Rear End,2,Clear,Dry,Daylight
2021-07-15T16:58:00.000,I 75,I 75 and Delk Rd,,Not a Collision with Motor Vehicle,1,Clear,Dry,Daylight
2021-08-24T19:18:00.000,I 75,I 75 and Delk Rd,,Angle Crash,3,Clear,Wet,Daylight
2021-11-12T14:14:00.000,I 75,I 75 and Delk Rd,,Rear End,2,Clear,Dry,Daylight
2021-12-17T17:45:00.000,I 75,I 75 and Delk Rd,,Sideswipe-Same Direction,2,Clear,Dry,Daylight
2021-10-29T13:35:00.000,I 75,I 75 and Delk Rd,,Sideswipe-Same Direction,2,Cloudy,Dry,Daylight
2021-11-29T15:47:00.000,I 75,I 75 and Delk Rd,,Sideswipe-Same Direction,2,Clear,Dry,Daylight
2021-10-17T02:55:00.000,I 75,I 75 and Delk Rd,,Sideswipe-Same Direction,2,Clear,Dry,Dark-Lighted
2021-12-01T11:59:00.000,I 75,I 75 and Delk Rd,,Sideswipe-Same Direction,2,Clear,Dry,Daylight
2021-10-08T11:25:00.000,I 75,I 75 and Delk Rd,,Sideswipe-Same Direction,2,Clear,Dry,Daylight
2021-11-26T20:21:00.000,I 75,I 75 and Delk Rd,,Sideswipe-Same Direction,2,Clear,Dry,Dark-Not Lighted
2021-10-08T16:21:00.000,I 75,I 75 and Delk Rd,,Sideswipe-Same Direction,2,Cloudy,Dry,Daylight
2021-09-14T07:00:00.000,I 75,I 75 and Delk Rd,,Not a Collision with Motor Vehicle,2,Clear,Dry,Dawn
2021-09-21T07:00:00.000,I 75,I 75 and Delk Rd,,Rear End,2,Cloudy,Wet,Dawn
2021-07-14T18:49:00.000,I 75,I 75 and Delk Rd,,Sideswipe-Same Direction,2,Cloudy,Dry,Daylight
2021-07-07T16:43:00.000,I 75,I 75 and Delk Rd,,Rear End,2,Cloudy,Dry,Daylight
2021-09-23T07:20:00.000,I 75,I 75 and Delk Rd,,Rear End,2,Clear,Dry,Daylight
2021-08-01T08:25:00.000,I 75,I 75 and Delk Rd,,Sideswipe-Same Direction,2,Clear,Dry,Daylight
2021-11-04T06:04:00.000,I 75,I 75 and Delk Rd,,Angle Crash,2,Rain,Water (standing or moving),Dark-Lighted
2021-06-24T13:35:00.000,I 75,I 75 and Delk Rd,,Sideswipe-Same Direction,4,Clear,Dry,Daylight
2021-05-12T06:50:00.000,I 75,I 75 and Delk Rd,,Sideswipe-Same Direction,6,Rain,Wet,Dawn
2021-04-18T13:44:00.000,I 75,I 75 and Delk Rd,,Rear End,2,Clear,Dry,Daylight
2021-06-23T17:30:00.000,I 75,I 75 and Delk Rd,,Rear End,2,Cloudy,Dry,Daylight
2021-01-28T09:55:00.000,I 75,I 75 and Delk Rd,,Angle Crash,2,Clear,Dry,Daylight
2021-03-05T16:40:00.000,I 75,I 75 and Delk Rd,,Rear End,2,Clear,Dry,Daylight
2021-04-03T20:00:00.000,I 75,I 75 and Delk Rd,,Rear End,2,Cloudy,Dry,Dusk
2021-05-22T15:31:00.000,I 75,I 75 and Delk Rd,,Rear End,2,Clear,Dry,Daylight
2021-01-29T15:28:00.000,I 75,I 75 and Delk Rd,,Rear End,2,Clear,Dry,Daylight
2021-01-19T18:50:00.000,I 75,I 75 and Delk Rd,,Sideswipe-Same Direction,2,Cloudy,Dry,Dark-Lighted
2021-01-29T11:49:00.000,I 75,I 75 and Delk Rd,,Rear End,2,Clear,Dry,Daylight
2021-05-05T14:04:00.000,I 75,I 75 and Delk Rd,,Rear End,2,Clear,Dry,Daylight
2021-01-21T07:27:00.000,I 75,I 75 and Delk Rd,,Sideswipe-Same Direction,2,Rain,Wet,Daylight
2021-02-14T03:28:00.000,I 75,I 75 and Delk Rd,,Sideswipe-Same Direction,2,Rain,Wet,Dark-Not Lighted
2021-04-12T15:30:00.000,I 75,I 75 and Delk Rd,,Not a Collision with Motor Vehicle,1,Clear,Dry,Daylight
2021-03-03T15:42:00.000,I 75,I 75 and Delk Rd,,Angle Crash,2,Clear,Dry,Daylight
2021-02-11T15:08:00.000,I 75,I 75 and Delk Rd,,Rear End,3,Rain,Wet,Daylight
2021-06-10T07:21:00.000,I 75,I 75 and Delk Rd,,Sideswipe-Same Direction,2,Cloudy,Dry,Daylight
2020-02-05T23:10:00.000,I 75,I 75 and Delk Rd,,Sideswipe-Same Direction,2,Rain,Wet,Dark-Not Lighted
2020-01-28T21:01:00.000,I 75,I 75 and Delk Rd,,Sideswipe-Same Direction,2,Clear,Dry,Dark-Not Lighted
2020-02-18T20:14:00.000,I 75,I 75 and Delk Rd,,Not a Collision with Motor Vehicle,1,Rain,Wet,Dark-Lighted
2020-12-13T03:15:00.000,I 75,I 75 and Delk Rd,,Rear End,2,Clear,Dry,Dark-Lighted
2020-03-06T15:30:00.000,I 75,I 75 and Delk Rd,,Rear End,2,Clear,Dry,Daylight
2020-10-14T12:58:00.000,I 75,I 75 and Delk Rd,,Sideswipe-Same Direction,2,Clear,Dry,Daylight
2020-03-31T11:40:00.000,I 75,I 75 and Delk Rd,,Not a Collision with Motor Vehicle,1,Rain,Wet,Daylight
2020-11-13T18:17:00.000,I 75,I 75 and Delk Rd,,Sideswipe-Same Direction,2,Cloudy,Dry,Dark-Lighted
2020-09-07T18:00:00.000,I 75,I 75 and Delk Rd,,Not a Collision with Motor Vehicle,1,Cloudy,Dry,Daylight
2020-09-11T16:41:00.000,I 75,I 75 and Delk Rd,,Not a Collision with Motor Vehicle,1,Clear,Dry,Daylight
2023-03-08T10:30:00.000,I 75,I 75 and Delk Rd,,Sideswipe-Same Direction,2,Cloudy,Dry,Daylight
2023-02-13T10:09:00.000,I 75,I 75 and Delk Rd,,Rear End,2,Clear,Dry,Daylight
2023-06-03T13:42:00.000,I 75,I 75 and Delk Rd,,Rear End,2,Clear,Dry,Daylight
2023-01-03T14:00:00.000,I 75,I 75 and Delk Rd,,Not a Collision with Motor Vehicle,1,Rain,Wet,Daylight
2023-11-11T22:48:00.000,I 75,I 75 and Delk Rd,,(None),2,(None),(None),(None)
2023-12-05T11:25:00.000,I 75,I 75 and Delk Rd,,Rear End,2,Clear,Dry,Daylight
2023-11-16T21:22:00.000,I 75,I 75 and Delk Rd,,(None),3,(None),(None),(None)
2023-01-06T00:00:00.000,I 75,I 75 and Delk Rd,,Sideswipe-Same Direction,2,Clear,Dry,Dark-Not Lighted
2023-01-26T04:17:00.000,I 75,I 75 and Delk Rd,,Not a Collision with Motor Vehicle,1,Clear,Dry,Dark-Not Lighted
2023-05-02T07:23:00.000,I 75,I 75 and Delk Rd,,Not a Collision with Motor Vehicle,2,Clear,Dry,Daylight
2023-08-28T16:40:00.000,I 75,I 75 and Delk Rd,,Sideswipe-Same Direction,2,Rain,Wet,Daylight
2023-10-10T18:05:00.000,I 75,I 75 and Delk Rd,,Sideswipe-Same Direction,2,Cloudy,Dry,Daylight
2023-07-28T03:40:00.000,I 75,I 75 and Delk Rd,,Sideswipe-Same Direction,2,Cloudy,Dry,Dark-Not Lighted
2023-03-13T20:23:00.000,I 75,I 75 and Delk Rd,,Rear End,3,Clear,Dry,Dark-Lighted
2023-06-16T16:15:00.000,I 75,I 75 and Delk Rd,,Not a Collision with Motor Vehicle,1,Clear,Dry,Daylight
2023-05-02T09:13:00.000,I 75,I 75 and Delk Rd,,Not a Collision with Motor Vehicle,2,Clear,Dry,Daylight
2023-08-15T14:00:00.000,I 75,I 75 and Delk Rd,,Sideswipe-Same Direction,2,Rain,Wet,Daylight
2023-12-05T21:56:00.000,I 75,I 75 and Delk Rd,,Sideswipe-Same Direction,2,Clear,Dry,Dark-Lighted
2023-11-29T14:15:00.000,I 75,I 75 and Delk Rd,,Rear End,2,Clear,Dry,Daylight
2023-07-06T10:35:00.000,I 75,I 75 and Delk Rd,,Sideswipe-Same Direction,3,Clear,Dry,Daylight
2023-04-18T06:24:00.000,I 75,I 75 and Delk Rd,,Rear End,2,Clear,Dry,Dark-Lighted
2023-06-08T08:43:00.000,I 75,I 75 and Delk Rd,,Rear End,2,Cloudy,Dry,Daylight
2023-09-05T18:34:00.000,I 75,I 75 and Delk Rd,,Rear End,2,Clear,Dry,Daylight
2023-01-28T20:02:00.000,I 75,I 75 and Delk Rd,,Sideswipe-Same Direction,2,Clear,Dry,Dark-Lighted
2023-01-27T11:00:00.000,I 75,I 75 and Delk Rd,,Sideswipe-Same Direction,2,Clear,Dry,Daylight
2023-11-14T17:00:00.000,I 75,I 75 and Delk Rd,,Rear End,2,Clear,Dry,Daylight
2023-06-19T10:35:00.000,I 75,I 75 and Delk Rd,,Sideswipe-Same Direction,2,Cloudy,Dry,Daylight
2023-08-23T09:56:00.000,I 75,I 75 and Delk Rd,,Sideswipe-Same Direction,2,Clear,Dry,Daylight
2023-01-26T13:03:00.000,I 75,I 75 and Delk Rd,,Sideswipe-Same Direction,2,Cloudy,Dry,Daylight
2023-07-31T17:51:00.000,I 75,I 75 and Delk Rd,,Rear End,2,Clear,Dry,Daylight
2023-07-26T11:36:00.000,I 75,I 75 and Delk Rd,,Rear End,4,Clear,Dry,Daylight
2023-04-28T17:30:00.000,I 75,I 75 and Delk Rd,,Rear End,2,Clear,Dry,Daylight
2023-04-18T01:00:00.000,I 75,I 75 and Delk Rd,,Rear End,2,Clear,Dry,Dark-Lighted
2023-09-12T17:00:00.000,I 75,I 75 and Delk Rd,,Rear End,2,Rain,Wet,Daylight
2023-07-26T15:49:00.000,I 75,I 75 and Delk Rd,,Rear End,2,Cloudy,Dry,Daylight
2023-06-13T08:15:00.000,I 75,I 75 and Delk Rd,,Rear End,2,Clear,Dry,Daylight
2023-08-01T17:51:00.000,I 75,I 75 and Delk Rd,,Not a Collision with Motor Vehicle,1,Clear,Dry,Daylight
2023-01-04T05:32:00.000,I 75,I 75 and Delk Rd,,Angle Crash,3,Severe Thunderstorm or Tornadic,Water (standing or moving),Dark-Not Lighted
2023-04-24T08:24:00.000,I 75,I 75 and Delk Rd,,Sideswipe-Same Direction,3,Clear,Dry,Daylight
2023-03-02T18:20:00.000,I 75,I 75 and Delk Rd,,Rear End,2,Rain,Wet,Dark-Not Lighted
2023-05-27T23:15:00.000,I 75,I 75 and Delk Rd,,Rear End,2,Cloudy,Dry,Dark-Lighted
2023-04-27T13:02:00.000,I 75,I 75 and Delk Rd,,Rear End,2,Rain,Wet,Daylight
2023-11-23T18:45:00.000,I 75,I 75 and Delk Rd,,(None),4,(None),(None),(None)
2023-05-11T08:10:00.000,I 75,I 75 and Delk Rd,,Sideswipe-Same Direction,2,Cloudy,Dry,Daylight
2023-10-16T12:05:00.000,I 75,I 75 and Delk Rd,,Sideswipe-Same Direction,2,Clear,Dry,Daylight
2023-11-30T21:29:00.000,I 75,I 75 and Delk Rd,,(None),1,(None),(None),(None)