Date and Time,Roadway (From Crash Report),Intersection Name (from Crash Report),KABCO Severity,Manner of Collision (Crash Level) ,# of Vehicles per crash ,Weather Conditions (Crash Level),Surface Condition (Crash Level) ,Light Conditions (Crash Level)
2023-01-01T16:40:00.000,I 75,I 75 and Delk Rd,,Not a Collision with Motor Vehicle,1,Clear,Dry,Daylight
2023-01-04T20:21:00.000,I 75,I 75 and Delk Rd,,Sideswipe-Same Direction,2,Clear,Dry,Dark-Not Lighted
2023-09-07T07:04:00.000,I 75,I 75 and Delk Rd,,Rear End,3,Clear,Dry,Daylight
2023-04-18T17:43:00.000,I 75,I 75 and Delk Rd,,Rear End,2,Cloudy,Dry,Daylight
2023-08-29T14:13:00.000,I 75,I 75 and Delk Rd,,Rear End,2,Clear,Dry,Daylight
2023-12-09T23:19:00.000,I 75,I 75 and Delk Rd,,(None),3,(None),(None),(None)
2023-10-30T08:43:00.000,I 75,I 75 and Delk Rd,,Rear End,2,Clear,Dry,Daylight
2023-04-19T07:40:00.000,I 75,I 75 and Delk Rd,,Rear End,2,Clear,Dry,Daylight
2023-05-14T16:19:00.000,I 75,I 75 and Delk Rd,,Sideswipe-Same Direction,2,Clear,Dry,Daylight
2023-08-18T13:25:00.000,I 75,I 75 and Delk Rd,,Rear End,2,Clear,Dry,Daylight
2023-07-22T06:44:00.000,I 75,I 75 and Delk Rd,,Sideswipe-Same Direction,3,Cloudy,Wet,Dawn
2023-03-02T07:13:00.000,I 75,I 75 and Delk Rd,,Rear End,2,Cloudy,Wet,Daylight
2023-07-12T15:47:00.000,I 75,I 75 and Delk Rd,,Rear End,2,Clear,Dry,Daylight
2023-02-02T22:13:00.000,I 75,I 75 and Delk Rd,,Rear End,2,Rain,Wet,Dark-Not Lighted
2023-07-27T08:41:00.000,I 75,I 75 and Delk Rd,,Rear End,2,Clear,Dry,Daylight
2023-03-31T18:43:00.000,I 75,I 75 and Delk Rd,,Rear End,2,Cloudy,Dry,Daylight
2023-02-19T13:07:00.000,I 75,I 75 and Delk Rd,,Rear End,3,Clear,Dry,Daylight
2023-08-19T20:10:00.000,I 75,I 75 and Delk Rd,,Sideswipe-Same Direction,2,Clear,Dry,Dark-Not Lighted
2023-10-14T04:15:00.000,I 75,I 75 and Delk Rd,,(None),1,(None),(None),(None)
2023-08-24T08:32:00.000,I 75,I 75 and Delk Rd,,Rear End,2,Clear,Dry,Daylight
2023-06-22T06:52:00.000,I 75,I 75 and Delk Rd,,Rear End,2,Cloudy,Dry,Daylight
2023-02-28T01:45:00.000,I 75,I 75 and Delk Rd,,Not a Collision with Motor Vehicle,1,Clear,Dry,Dark-Lighted
2023-10-12T07:17:00.000,I 75,I 75 and Delk Rd,,Sideswipe-Same Direction,2,Rain,Wet,Daylight
2023-04-30T05:00:00.000,I 75,I 75 and Delk Rd,,Rear End,2,Rain,Wet,Dark-Not Lighted
2023-02-19T00:20:00.000,I 75,I 75 and Delk Rd,,Rear End,2,Cloudy,Dry,Dark-Lighted
2023-02-03T10:00:00.000,I 75,I 75 and Delk Rd,,Sideswipe-Same Direction,2,Clear,Dry,Daylight
2023-02-02T15:50:00.000,I 75,I 75 and Delk Rd,,Rear End,2,Rain,Wet,Daylight
2023-10-11T06:18:00.000,I 75,I 75 and Delk Rd,,(None),2,(None),(None),(None)
2023-03-05T12:46:00.000,I 75,I 75 and Delk Rd,,Not a Collision with Motor Vehicle,2,Clear,Dry,Daylight
2023-05-12T10:58:00.000,I 75,I 75 and Delk Rd,,Sideswipe-Same Direction,2,Cloudy,Wet,Daylight
2023-05-21T00:11:00.000,I 75,I 75 and Delk Rd,,Rear End,2,Cloudy,Wet,Dark-Lighted
2023-10-24T17:17:00.000,I 75,I 75 and Delk Rd,,Rear End,2,Clear,Dry,Daylight
2023-07-20T13:25:00.000,I 75,I 75 and Delk Rd,,Sideswipe-Same Direction,2,Clear,Dry,Daylight
2023-06-26T16:31:00.000,I 75,I 75 and Delk Rd,,Rear End,2,Clear,Dry,Daylight
2023-05-10T13:31:00.000,I 75,I 75 and Delk Rd,,Rear End,2,Clear,Dry,Daylight
2023-01-10T09:15:00.000,I 75,I 75 and Delk Rd,,Rear End,2,Clear,Dry,Daylight
2023-01-07T09:09:00.000,I 75,I 75 and Delk Rd,,Sideswipe-Same Direction,3,Cloudy,Dry,Daylight
2023-01-27T10:25:00.000,I 75,I 75 and Delk Rd,,Rear End,2,Clear,Dry,Daylight
2023-07-21T21:41:00.000,I 75,I 75 and Delk Rd,,Angle Crash,2,Cloudy,Water (standing or moving),Dark-Not Lighted
2023-07-09T21:30:00.000,I 75,I 75 and Delk Rd,,Sideswipe-Same Direction,2,Cloudy,Wet,Dark-Lighted
2023-09-12T16:45:00.000,I 75,I 75 and Delk Rd,,Rear End,3,Cloudy,Wet,Daylight
2023-03-24T03:00:00.000,I 75,I 75 and Delk Rd,,Rear End,2,Cloudy,Dry,Dark-Lighted
2023-02-13T09:10:00.000,I 75,I 75 and Delk Rd,,Sideswipe-Same Direction,2,Clear,Dry,Daylight
2023-04-13T15:23:00.000,I 75,I 75 and Delk Rd,,Rear End,2,Rain,Wet,Daylight
2023-10-31T18:13:00.000,I 75,I 75 and Delk Rd,,Sideswipe-Same Direction,3,Cloudy,Dry,Daylight
2023-06-26T17:31:00.000,I 75,I 75 and Delk Rd,,Rear End,2,Clear,Dry,Daylight
2023-11-03T14:15:00.000,I 75,I 75 and Delk Rd,,Sideswipe-Same Direction,2,Clear,Dry,Daylight
2023-06-16T10:53:00.000,I 75,I 75 and Delk Rd,,Rear End,2,Cloudy,Dry,Daylight
2023-01-15T14:20:00.000,I 75,I 75 and Delk Rd,,Rear End,2,Clear,Dry,Daylight
2023-07-20T09:03:00.000,I 75,I 75 and Delk Rd,,Rear End,2,Clear,Dry,Daylight
2023-10-03T16:50:00.000,I 75,I 75 and Delk Rd,,Sideswipe-Same Direction,2,Clear,Dry,Daylight
2023-12-01T09:20:00.000,I 75,I 75 and Delk Rd,,Sideswipe-Same Direction,2,Rain,Wet,Daylight
2023-01-30T13:45:00.000,I 75,I 75 and Delk Rd,,Rear End,2,Cloudy,Wet,Daylight
2023-05-14T21:15:00.000,I 75,I 75 and Delk Rd,,Sideswipe-Same Direction,2,Clear,Dry,Dark-Lighted
2023-12-06T06:30:00.000,I 75,I 75 and Delk Rd,,(None),1,(None),(None),(None)
2023-11-02T21:15:00.000,I 75,I 75 and Delk Rd,,(None),2,(None),(None),(None)
2023-06-22T16:40:00.000,I 75,I 75 and Delk Rd,,Rear End,3,Clear,Dry,Daylight
2023-12-10T11:40:00.000,I 75,I 75 and Delk Rd,,Not a Collision with Motor Vehicle,1,Rain,Wet,Daylight
2023-02-23T16:00:00.000,I 75,I 75 and Delk Rd,,Sideswipe-Same Direction,2,Cloudy,Dry,Daylight
2023-04-05T16:52:00.000,I 75,I 75 and Delk Rd,,Rear End,2,Clear,Dry,Daylight
2023-12-13T17:28:00.000,I 75,I 75 and Delk Rd,,(None),2,(None),(None),(None)
2023-07-13T12:25:00.000,I 75,I 75 and Delk Rd,,Rear End,2,Cloudy,Dry,Daylight
2023-09-23T04:53:00.000,I 75,I 75 and Delk Rd,,Angle Crash,2,Clear,Dry,Dark-Not Lighted
2023-02-15T10:47:00.000,I 75,I 75 and Delk Rd,,Rear End,2,Rain,Wet,Daylight
2023-11-16T06:55:00.000,I 75,I 75 and Delk Rd,,Rear End,2,Cloudy,Dry,Daylight
2023-03-18T16:00:00.000,I 75,I 75 and Delk Rd,,Rear End,3,Clear,Dry,Daylight
2023-04-12T08:03:00.000,I 75,I 75 and Delk Rd,,Rear End,2,Clear,Dry,Daylight
2023-08-01T22:05:00.000,I 75,I 75 and Delk Rd,,Sideswipe-Same Direction,2,Cloudy,Dry,Dark-Not Lighted
2023-12-15T16:07:00.000,I 75,I 75 and Delk Rd,,Sideswipe-Same Direction,2,Clear,Dry,Daylight
2023-05-08T10:22:00.000,I 75,I 75 and Delk Rd,,Sideswipe-Same Direction,2,Cloudy,Dry,Daylight
2023-07-20T13:15:00.000,I 75,I 75 and Delk Rd,,Sideswipe-Same Direction,2,Cloudy,Dry,Daylight
2023-02-12T10:00:00.000,I 75,I 75 and Delk Rd,,Sideswipe-Same Direction,2,Cloudy,Wet,Daylight
2023-03-14T19:56:00.000,I 75,I 75 and Delk Rd,,Sideswipe-Same Direction,2,Cloudy,Dry,Daylight
2023-09-15T12:44:00.000,I 75,I 75 and Delk Rd,,Sideswipe-Same Direction,2,Cloudy,Dry,Daylight
2023-07-28T15:15:00.000,I 75,I 75 and Delk Rd,,Not a Collision with Motor Vehicle,1,Clear,Dry,Daylight
2023-06-26T07:20:00.000,I 75,I 75 and Delk Rd,,Rear End,2,Cloudy,Dry,Daylight
2023-11-21T15:30:00.000,I 75,I 75 and Delk Rd,,Sideswipe-Same Direction,3,Rain,Wet,Daylight
2023-06-08T19:10:00.000,I 75,I 75 and Delk Rd,,Sideswipe-Same Direction,2,Clear,Dry,Daylight
2023-12-23T17:48:00.000,I 75,I 75 and Delk Rd,,(None),3,(None),(None),(None)
2023-12-06T08:16:00.000,I 75,I 75 and Delk Rd,,(None),3,(None),(None),(None)
2023-12-09T22:55:00.000,I 75,I 75 and Delk Rd,,Not a Collision with Motor Vehicle,1,Rain,Wet,Dark-Lighted
2023-10-10T13:27:00.000,I 75,I 75 and Delk Rd,,Rear End,2,Cloudy,Dry,Daylight
2023-04-26T12:31:00.000,I 75,I 75 and Delk Rd,,Rear End,2,Cloudy,Dry,Daylight
2023-05-25T17:20:00.000,I 75,I 75 and Delk Rd,,Rear End,2,Clear,Dry,Daylight
2023-01-11T00:42:00.000,I 75,I 75 and Delk Rd,,Angle Crash,2,Clear,Dry,Dark-Not Lighted
2023-05-22T10:37:00.000,I 75,I 75 and Delk Rd,,Not a Collision with Motor Vehicle,1,Clear,Dry,Daylight
2023-07-07T10:51:00.000,I 75,I 75 and Delk Rd,,Sideswipe-Same Direction,2,Clear,Dry,Daylight
2023-08-30T06:45:00.000,I 75,I 75 and Delk Rd,,Angle Crash,3,Cloudy,Dry,Daylight
2023-06-19T10:45:00.000,I 75,I 75 and Delk Rd,,Angle Crash,2,Cloudy,Dry,Daylight
2023-05-21T00:11:00.000,I 75,I 75 and Delk Rd,,Rear End,2,Cloudy,Wet,Dark-Lighted
2023-04-27T06:00:00.000,I 75,I 75 and Delk Rd,,Rear End,2,Rain,Wet,Dark-Lighted
2023-10-17T19:28:00.000,I 75,I 75 and Delk Rd,,Rear End,2,Clear,Dry,Dark-Lighted
2023-12-19T07:23:00.000,I 75,I 75 and Delk Rd,,Sideswipe-Same Direction,2,Clear,Dry,Dawn
2023-04-22T11:43:00.000,I 75,I 75 and Delk Rd,,Rear End,2,Clear,Dry,Daylight
2023-07-20T18:30:00.000,I 75,I 75 and Delk Rd,,Sideswipe-Same Direction,2,Rain,Wet,Daylight
2023-01-26T21:55:00.000,I 75,I 75 and Delk Rd,,Rear End,2,Cloudy,Dry,Dark-Not Lighted
2023-10-09T20:25:00.000,I 75,I 75 and Delk Rd,,(None),2,(None),(None),(None)
2023-12-16T05:07:00.000,I 75,I 75 and Delk Rd,,(None),2,(None),(None),(None)
2023-04-17T19:34:00.000,I 75,I 75 and Delk Rd,,Not a Collision with Motor Vehicle,1,Clear,Dry,Daylight
2023-04-08T14:15:00.000,I 75,I 75 and Delk Rd,,Not a Collision with Motor Vehicle,1,Rain,Water (standing or moving),Daylight
2023-12-29T11:03:00.000,I 75,I 75 and Delk Rd,,Rear End,2,Cloudy,Dry,Daylight
2023-06-14T09:55:00.000,I 75,I 75 and Delk Rd,,Sideswipe-Same Direction,2,Rain,Wet,Daylight
2023-08-04T11:21:00.000,I 75,I 75 and Delk Rd,,Sideswipe-Same Direction,2,Cloudy,Dry,Dark-Not Lighted
2022-01-01T21:56:00.000,I 75,I 75 and Delk Rd,,Sideswipe-Same Direction,2,Clear,Dry,Dark-Not Lighted
2022-10-06T19:26:00.000,I 75,I 75 and Delk Rd,,Rear End,2,Clear,Dry,Dark-Not Lighted
2022-05-22T13:00:00.000,I 75,I 75 and Delk Rd,,Sideswipe-Same Direction,2,Clear,Dry,Daylight
2022-05-07T17:05:00.000,I 75,I 75 and Delk Rd,,Rear End,2,Cloudy,Dry,Daylight
2022-11-16T09:24:00.000,I 75,I 75 and Delk Rd,,Rear End,2,Clear,Dry,Daylight
2022-06-27T11:43:00.000,I 75,I 75 and Delk Rd,,Rear End,2,Cloudy,Dry,Daylight
2022-08-13T12:09:00.000,I 75,I 75 and Delk Rd,,Angle Crash,3,Clear,Dry,Daylight
2022-10-07T16:21:00.000,I 75,I 75 and Delk Rd,,Sideswipe-Same Direction,2,Clear,Dry,Daylight
2022-03-20T17:42:00.000,I 75,I 75 and Delk Rd,,Rear End,2,Cloudy,Dry,Daylight
2022-08-30T07:30:00.000,I 75,I 75 and Delk Rd,,Not a Collision with Motor Vehicle,1,Cloudy,Dry,Daylight
2022-05-25T17:00:00.000,I 75,I 75 and Delk Rd,,Sideswipe-Same Direction,2,Rain,Wet,Daylight
2022-06-07T13:15:00.000,I 75,I 75 and Delk Rd,,Sideswipe-Same Direction,2,Cloudy,Dry,Daylight
2022-05-25T16:30:00.000,I 75,I 75 and Delk Rd,,Rear End,3,Cloudy,Dry,Daylight
2022-05-04T13:33:00.000,I 75,I 75 and Delk Rd,,Rear End,2,Cloudy,Dry,Daylight
2022-07-28T13:30:00.000,I 75,I 75 and Delk Rd,,Rear End,2,Cloudy,Dry,Daylight
2022-10-07T13:04:00.000,I 75,I 75 and Delk Rd,,Rear End,2,Clear,Dry,Daylight
2022-06-16T18:33:00.000,I 75,I 75 and Delk Rd,,Rear End,2,Clear,Dry,Daylight
2022-01-12T20:00:00.000,I 75,I 75 and Delk Rd,,Rear End,2,Clear,Dry,Dark-Lighted
2020-03-23T17:35:00.000,I 75,I 75 and Delk Rd,,Rear End,2,Rain,Wet,Daylight
2020-04-19T12:21:00.000,I 75,I 75 and Delk Rd,,Angle Crash,2,Rain,Wet,Daylight
2023-05-30T16:35:00.000,I 75,I 75 and Delk Rd,,Not a Collision with Motor Vehicle,1,Clear,Dry,Daylight
2020-01-11T16:00:00.000,I 75,I 75 and Delk Rd,,Sideswipe-Same Direction,4,Cloudy,Wet,Daylight
2021-07-06T06:48:00.000,I 75,I 75 and Delk Rd,,Rear End,2,Cloudy,Dry,Daylight
2021-05-24T09:50:00.000,I 75,I 75 and Delk Rd,,Not a Collision with Motor Vehicle,2,Clear,Dry,Daylight
2021-09-14T13:10:00.000,I 75,I 75 and Delk Rd,,Sideswipe-Same Direction,2,Clear,Dry,Daylight
2021-10-05T06:43:00.000,I 75,I 75 and Delk Rd,,Sideswipe-Same Direction,2,Rain,Wet,Daylight
2020-08-06T13:20:00.000,I 75,I 75 and Delk Rd,,Sideswipe-Same Direction,2,Clear,Dry,Daylight
2020-07-14T03:00:00.000,I 75,I 75 and Delk Rd,,Sideswipe-Same Direction,2,Clear,Dry,Dark-Lighted
2020-04-22T09:47:00.000,I 75,I 75 and Delk Rd,,Not a Collision with Motor Vehicle,1,Cloudy,Dry,Daylight
2020-08-11T08:25:00.000,I 75,I 75 and Delk Rd,,Sideswipe-Same Direction,2,Cloudy,Dry,Daylight
2020-12-24T09:25:00.000,I 75,I 75 and Delk Rd,,Rear End,2,Rain,Wet,Daylight
2020-09-04T17:50:00.000,I 75,I 75 and Delk Rd,,Sideswipe-Same Direction,2,Clear,Dry,Daylight
2020-10-30T19:15:00.000,I 75,I 75 and Delk Rd,,Rear End,2,Clear,Dry,Dark-Not Lighted
2020-11-12T18:00:00.000,I 75,I 75 and Delk Rd,,Sideswipe-Same Direction,2,Clear,Dry,Dark-Not Lighted
2020-09-17T01:54:00.000,I 75,I 75 and Delk Rd,,Not a Collision with Motor Vehicle,1,Rain,Wet,Dark-Not Lighted
2020-05-11T18:20:00.000,I 75,I 75 and Delk Rd,,Not a Collision with Motor Vehicle,1,Clear,Dry,Daylight
2020-12-09T15:05:00.000,I 75,I 75 and Delk Rd,,Rear End,2,Clear,Dry,Daylight
2020-11-12T22:30:00.000,I 75,I 75 and Delk Rd,,Sideswipe-Same Direction,2,Clear,Dry,Daylight
2020-10-01T18:10:00.000,I 75,I 75 and Delk Rd,,Not a Collision with Motor Vehicle,1,Cloudy,Dry,Daylight
2020-02-09T03:56:00.000,I 75,I 75 and Delk Rd,,Angle Crash,2,Cloudy,Dry,Dark-Lighted
2020-09-17T08:18:00.000,I 75,I 75 and Delk Rd,,Sideswipe-Same Direction,2,Rain,Wet,Daylight
2020-02-14T17:45:00.000,I 75,I 75 and Delk Rd,,Rear End,1,Clear,Dry,Daylight
2020-07-30T13:35:00.000,I 75,I 75 and Delk Rd,,Angle Crash,3,Rain,Wet,Daylight
2020-12-18T19:25:00.000,I 75,I 75 and Delk Rd,,Rear End,2,Clear,Dry,Dark-Not Lighted
2020-10-19T00:29:00.000,I 75,I 75 and Delk Rd,,Rear End,3,Cloudy,Dry,Dark-Not Lighted
2020-09-25T13:00:00.000,I 75,I 75 and Delk Rd,,Rear End,2,Cloudy,Wet,Daylight
2020-12-01T11:00:00.000,I 75,I 75 and Delk Rd,,Sideswipe-Same Direction,2,Clear,Dry,Daylight
2020-06-14T08:43:00.000,I 75,I 75 and Delk Rd,,Not a Collision with Motor Vehicle,1,Clear,Dry,Daylight
2020-12-19T04:05:00.000,I 75,I 75 and Delk Rd,,Not a Collision with Motor Vehicle,1,Cloudy,Dry,Dark-Not Lighted
2020-01-30T12:20:00.000,I 75,I 75 and Delk Rd,,Not a Collision with Motor Vehicle,1,Clear,Dry,Daylight
2020-12-01T09:43:00.000,I 75,I 75 and Delk Rd,,Not a Collision with Motor Vehicle,1,Clear,Dry,Daylight
2020-03-08T04:20:00.000,I 75,I 75 and Delk Rd,,Not a Collision with Motor Vehicle,1,Clear,Dry,Dark-Lighted
2020-06-09T16:00:00.000,I 75,I 75 and Delk Rd,,Not a Collision with Motor Vehicle,1,Rain,Wet,Daylight
2020-02-16T22:40:00.000,I 75,I 75 and Delk Rd,,Rear End,2,Clear,Wet,Dark-Not Lighted
2020-05-18T17:51:00.000,I 75,I 75 and Delk Rd,,Rear End,3,Rain,Wet,Daylight
2020-07-01T11:53:00.000,I 75,I 75 and Delk Rd,,Sideswipe-Same Direction,2,Clear,Dry,Daylight
2020-10-20T16:18:00.000,I 75,I 75 and Delk Rd,,Rear End,2,Clear,Dry,Daylight
2020-02-18T12:38:00.000,I 75,I 75 and Delk Rd,,Not a Collision with Motor Vehicle,1,Rain,Wet,Daylight
2020-02-10T14:10:00.000,I 75,I 75 and Delk Rd,,Angle Crash,2,Rain,Wet,Daylight
2020-10-12T23:15:00.000,I 75,I 75 and Delk Rd,,Rear End,2,Cloudy,Dry,Dark-Not Lighted
2020-01-02T18:50:00.000,I 75,I 75 and Delk Rd,,Rear End,1,Rain,Wet,Dark-Not Lighted
2020-12-17T11:50:00.000,I 75,I 75 and Delk Rd,,Rear End,2,Cloudy,Dry,Daylight
2020-09-14T06:38:00.000,I 75,I 75 and Delk Rd,,Sideswipe-Same Direction,1,Clear,Dry,Dark-Lighted
2020-12-18T14:18:00.000,I 75,I 75 and Delk Rd,,Rear End,3,Clear,Dry,Daylight
2020-08-04T08:43:00.000,I 75,I 75 and Delk Rd,,Sideswipe-Same Direction,2,Clear,Dry,Daylight
2020-02-28T17:12:00.000,I 75,I 75 and Delk Rd,,Sideswipe-Same Direction,2,Cloudy,Dry,Daylight
2020-08-22T16:35:00.000,I 75,I 75 and Delk Rd,,Not a Collision with Motor Vehicle,1,Cloudy,Dry,Daylight
2020-01-30T12:55:00.000,I 75,I 75 and Delk Rd,,Not a Collision with Motor Vehicle,1,Clear,Dry,Daylight
2020-12-29T16:25:00.000,I 75,I 75 and Delk Rd,,Rear End,2,Clear,Dry,Daylight
2020-12-05T15:30:00.000,I 75,I 75 and Delk Rd,,Sideswipe-Same Direction,2,Clear,Dry,Daylight
2020-12-22T23:40:00.000,I 75,I 75 and Delk Rd,,Sideswipe-Same Direction,2,Cloudy,Dry,Dark-Not Lighted
2020-02-24T18:22:00.000,I 75,I 75 and Delk Rd,,Rear End,2,Rain,Wet,Dark-Lighted
2020-10-12T20:31:00.000,I 75,I 75 and Delk Rd,,Rear End,3,Clear,Dry,Dark-Not Lighted
2020-01-02T18:53:00.000,I 75,I 75 and Delk Rd,,Rear End,2,Rain,Wet,Dark-Not Lighted
2020-11-30T02:15:00.000,I 75,I 75 and Delk Rd,,Angle Crash,2,Rain,Water (standing or moving),Dark-Not Lighted
2020-03-08T13:11:00.000,I 75,I 75 and Delk Rd,,Not a Collision with Motor Vehicle,1,Clear,Dry,Daylight
2020-08-10T16:31:00.000,I 75,I 75 and Delk Rd,,Not a Collision with Motor Vehicle,1,Cloudy,Dry,Daylight
2020-11-13T12:41:00.000,I 75,I 75 and Delk Rd,,Rear End,2,Cloudy,Dry,Daylight
2020-10-21T10:30:00.000,I 75,I 75 and Delk Rd,,Rear End,4,Clear,Dry,Daylight
2020-03-01T22:06:00.000,I 75,I 75 and Delk Rd,,Sideswipe-Same Direction,2,Clear,Dry,Dark-Lighted
2020-09-30T15:45:00.000,I 75,I 75 and Delk Rd,,Rear End,2,Cloudy,Dry,Daylight
2020-09-19T03:28:00.000,I 75,I 75 and Delk Rd,,Not a Collision with Motor Vehicle,1,Clear,Dry,Dark-Not Lighted
2020-02-07T12:00:00.000,I 75,I 75 and Delk Rd,,Rear End,2,Cloudy,Wet,Daylight
2020-11-21T04:30:00.000,I 75,I 75 and Delk Rd,,Rear End,2,Clear,Dry,Dark-Not Lighted
2020-02-16T22:10:00.000,I 75,I 75 and Delk Rd,,Rear End,2,Clear,Wet,Dark-Not Lighted
2020-09-17T08:45:00.000,I 75,I 75 and Delk Rd,,Rear End,2,Rain,Wet,Daylight
2020-10-28T06:46:00.000,I 75,I 75 and Delk Rd,,Sideswipe-Same Direction,2,Rain,Wet,Dark-Not Lighted
2020-11-14T13:00:00.000,I 75,I 75 and Delk Rd,,Rear End,2,Clear,Dry,Daylight
2020-09-17T19:44:00.000,I 75,I 75 and Delk Rd,,Angle Crash,2,Cloudy,Wet,Dark-Not Lighted
2020-08-12T13:45:00.000,I 75,I 75 and Delk Rd,,Sideswipe-Same Direction,2,Rain,Wet,Daylight
2020-09-12T14:20:00.000,I 75,I 75 and Delk Rd,,Rear End,2,Clear,Dry,Daylight
2020-08-20T19:10:00.000,I 75,I 75 and Delk Rd,,Sideswipe-Same Direction,2,Rain,Wet,Daylight
2020-03-05T09:37:00.000,I 75,I 75 and Delk Rd,,Not a Collision with Motor Vehicle,1,Rain,Wet,Daylight
2020-06-19T12:41:00.000,I 75,I 75 and Delk Rd,,Rear End,2,Clear,Dry,Daylight
2020-03-21T15:00:00.000,I 75,I 75 and Delk Rd,,Rear End,2,Cloudy,Dry,Daylight
2020-03-19T00:00:00.000,I 75,I 75 and Delk Rd,,Sideswipe-Same Direction,2,Clear,Dry,Dark-Lighted
2020-01-05T13:35:00.000,I 75,I 75 and Delk Rd,,Rear End,2,Clear,Dry,Daylight
2020-06-04T18:06:00.000,I 75,I 75 and Delk Rd,,Angle Crash,3,Clear,Dry,Daylight
2020-09-29T10:34:00.000,I 75,I 75 and Delk Rd,,Angle Crash,3,Rain,Wet,Daylight
2020-08-10T16:31:00.000,I 75,I 75 and Delk Rd,,Rear End,2,Rain,Dry,Daylight
2020-12-18T18:37:00.000,I 75,I 75 and Delk Rd,,Rear End,3,Clear,Dry,Dark-Not Lighted
2020-07-18T10:50:00.000,I 75,I 75 and Delk Rd,,Not a Collision with Motor Vehicle,1,Cloudy,Dry,Dark-Not Lighted
2020-02-18T15:59:00.000,I 75,I 75 and Delk Rd,,Rear End,2,Rain,Wet,Daylight
2020-03-10T18:54:00.000,I 75,I 75 and Delk Rd,,Rear End,2,Cloudy,Dry,Daylight
2020-08-25T08:05:00.000,I 75,I 75 and Delk Rd,,Sideswipe-Same Direction,2,Rain,Wet,Daylight
2020-03-23T15:17:00.000,I 75,I 75 and Delk Rd,,Not a Collision with Motor Vehicle,1,Rain,Wet,Daylight
2020-12-11T13:20:00.000,I 75,I 75 and Delk Rd,,Rear End,3,Clear,Dry,Daylight
2020-08-25T23:10:00.000,I 75,I 75 and Delk Rd,,Rear End,2,Clear,Dry,Dark-Lighted
2020-02-06T12:16:00.000,I 75,I 75 and Delk Rd,,Not a Collision with Motor Vehicle,1,Rain,Wet,Daylight
2020-03-21T13:10:00.000,I 75,I 75 and Delk Rd,,Angle Crash,2,Cloudy,Dry,Daylight
2020-11-23T14:54:00.000,I 75,I 75 and Delk Rd,,Rear End,2,Clear,Dry,Daylight
2020-09-14T18:21:00.000,I 75,I 75 and Delk Rd,,Sideswipe-Same Direction,2,Cloudy,Dry,Daylight
2020-09-17T20:21:00.000,I 75,I 75 and Delk Rd,,Rear End,2,Rain,Wet,Dark-Not Lighted
2020-03-14T14:40:00.000,I 75,I 75 and Delk Rd,,Rear End,3,Clear,Dry,Daylight
2020-04-20T14:05:00.000,I 75,I 75 and Delk Rd,,Sideswipe-Same Direction,2,Clear,Dry,Daylight
2020-12-18T13:50:00.000,I 75,I 75 and Delk Rd,,Sideswipe-Same Direction,2,Clear,Dry,Daylight
2020-06-13T09:09:00.000,I 75,I 75 and Delk Rd,,Rear End,2,Clear,Dry,Daylight
2020-12-18T08:50:00.000,I 75,I 75 and Delk Rd,,Rear End,2,Clear,Dry,Daylight
2020-11-19T18:55:00.000,I 75,I 75 and Delk Rd,,Rear End,2,Clear,Dry,Dark-Not Lighted
2020-08-31T16:04:00.000,I 75,I 75 and Delk Rd,,Not a Collision with Motor Vehicle,2,Cloudy,Dry,Daylight
2020-09-05T11:22:00.000,I 75,I 75 and Delk Rd,,Sideswipe-Same Direction,2,Clear,Dry,Daylight
2020-08-09T02:22:00.000,I 75,I 75 and Delk Rd,,Not a Collision with Motor Vehicle,1,Cloudy,Dry,Dark-Not Lighted
2020-09-18T16:10:00.000,I 75,I 75 and Delk Rd,,Rear End,2,Clear,Dry,Daylight
2020-11-29T20:10:00.000,I 75,I 75 and Delk Rd,,Not a Collision with Motor Vehicle,1,Rain,Water (standing or moving),Dark-Lighted
2020-09-25T16:00:00.000,I 75,I 75 and Delk Rd,,Rear End,3,Clear,Dry,Daylight
2020-10-02T13:38:00.000,I 75,I 75 and Delk Rd,,Rear End,2,Clear,Dry,Daylight
2020-04-22T10:08:00.000,I 75,I 75 and Delk Rd,,Not a Collision with Motor Vehicle,1,Clear,Dry,Daylight
2020-01-28T22:26:00.000,I 75,I 75 and Delk Rd,,Angle Crash,2,Clear,Dry,Dark-Lighted
2020-11-15T04:00:00.000,I 75,I 75 and Delk Rd,,Rear End,3,Clear,Dry,Dark-Not Lighted
2020-02-22T00:19:00.000,I 75,I 75 and Delk Rd,,Rear End,2,Clear,Dry,Dark-Not Lighted
2020-03-21T13:35:00.000,I 75,I 75 and Delk Rd,,Sideswipe-Same Direction,2,Clear,Dry,Daylight
2020-06-08T05:54:00.000,I 75,I 75 and Delk Rd,,Not a Collision with Motor Vehicle,1,Cloudy,Dry,Dawn
2020-08-15T17:35:00.000,I 75,I 75 and Delk Rd,,Sideswipe-Same Direction,2,Clear,Dry,Daylight
2020-10-17T16:36:00.000,I 75,I 75 and Delk Rd,,Rear End,2,Clear,Dry,Daylight
2020-10-29T14:32:00.000,I 75,I 75 and Delk Rd,,Rear End,2,Cloudy,Dry,Daylight
2020-10-26T19:30:00.000,I 75,I 75 and Delk Rd,,Sideswipe-Same Direction,2,Cloudy,Dry,Dark-Not Lighted
2020-09-14T09:35:00.000,I 75,I 75 and Delk Rd,,Sideswipe-Same Direction,2,Clear,Dry,Daylight
2020-08-31T00:10:00.000,I 75,I 75 and Delk Rd,,Sideswipe-Same Direction,2,Clear,Wet,Dark-Not Lighted
2020-12-18T18:35:00.000,I 75,I 75 and Delk Rd,,Rear End,2,Clear,Dry,Dark-Not Lighted
2020-03-05T05:20:00.000,I 75,I 75 and Delk Rd,,Sideswipe-Same Direction,2,Rain,Wet,Dark-Lighted
2020-11-01T00:50:00.000,I 75,I 75 and Delk Rd,,Not a Collision with Motor Vehicle,1,Cloudy,Wet,Dark-Not Lighted
2020-09-18T12:35:00.000,I 75,I 75 and Delk Rd,,Rear End,2,Clear,Dry,Daylight