Date and Time,Roadway (From Crash Report),Intersection Name (from Crash Report),KABCO Severity,Manner of Collision (Crash Level) ,# of Vehicles per crash ,Weather Conditions (Crash Level),Surface Condition (Crash Level) ,Light Conditions (Crash Level)
2022-04-15T14:22:00.000,I 75,I 75 and Delk Rd,,Rear End,2,Clear,Dry,Daylight
2022-09-09T07:10:00.000,I 75,I 75 and Delk Rd,,Rear End,2,Clear,Dry,Dawn
2022-07-07T11:15:00.000,I 75,I 75 and Delk Rd,,Rear End,2,Clear,Dry,Daylight
2022-10-04T16:24:00.000,I 75,I 75 and Delk Rd,,Rear End,2,Clear,Dry,Daylight
2022-12-21T07:40:00.000,I 75,I 75 and Delk Rd,,Sideswipe-Same Direction,1,Cloudy,Dry,Daylight
2022-08-19T12:09:00.000,I 75,I 75 and Delk Rd,,Sideswipe-Same Direction,2,Cloudy,Dry,Daylight
2022-06-16T18:04:00.000,I 75,I 75 and Delk Rd,,Sideswipe-Same Direction,2,Clear,Dry,Daylight
2022-10-09T11:33:00.000,I 75,I 75 and Delk Rd,,Rear End,2,Cloudy,Dry,Daylight
2022-01-24T06:00:00.000,I 75,I 75 and Delk Rd,,Sideswipe-Same Direction,2,Clear,Dry,Dark-Not Lighted
2022-06-17T08:44:00.000,I 75,I 75 and Delk Rd,,Rear End,3,Clear,Dry,Daylight
2022-09-20T09:47:00.000,I 75,I 75 and Delk Rd,,Rear End,2,Clear,Wet,Daylight
2022-09-24T18:07:00.000,I 75,I 75 and Delk Rd,,Rear End,2,Clear,Dry,Daylight
2022-09-22T20:38:00.000,I 75,I 75 and Delk Rd,,Sideswipe-Same Direction,2,Clear,Dry,Dark-Not Lighted
2022-02-18T15:26:00.000,I 75,I 75 and Delk Rd,,Sideswipe-Same Direction,2,Clear,Dry,Daylight
2022-09-22T14:40:00.000,I 75,I 75 and Delk Rd,,Sideswipe-Same Direction,3,Clear,Dry,Daylight
2022-09-15T21:00:00.000,I 75,I 75 and Delk Rd,,Rear End,2,Clear,Dry,Dark-Lighted
2022-11-11T05:49:00.000,I 75,I 75 and Delk Rd,,Not a Collision with Motor Vehicle,1,Rain,Water (standing or moving),Daylight
2022-01-20T13:35:00.000,I 75,I 75 and Delk Rd,,Rear End,2,Cloudy,Wet,Daylight
2022-12-22T09:30:00.000,I 75,I 75 and Delk Rd,,Rear End,2,Cloudy,Dry,Daylight
2022-01-31T09:20:00.000,I 75,I 75 and Delk Rd,,Not a Collision with Motor Vehicle,2,Cloudy,Dry,Daylight
2022-11-09T13:48:00.000,I 75,I 75 and Delk Rd,,Rear End,2,Cloudy,Dry,Daylight
2022-10-09T15:38:00.000,I 75,I 75 and Delk Rd,,Rear End,3,Cloudy,Dry,Daylight
2022-04-05T14:15:00.000,I 75,I 75 and Delk Rd,,Not a Collision with Motor Vehicle,1,Rain,Wet,Daylight
2022-02-09T22:10:00.000,I 75,I 75 and Delk Rd,,Rear End,2,Clear,Dry,Dark-Not Lighted
2022-05-09T15:09:00.000,I 75,I 75 and Delk Rd,,Sideswipe-Same Direction,2,Clear,Dry,Daylight
2022-11-11T18:20:00.000,I 75,I 75 and Delk Rd,,Sideswipe-Same Direction,2,Cloudy,Wet,Dark-Not Lighted
2022-07-28T13:14:00.000,I 75,I 75 and Delk Rd,,Rear End,3,Cloudy,Dry,Daylight
2022-10-07T21:05:00.000,I 75,I 75 and Delk Rd,,Sideswipe-Same Direction,1,Clear,Dry,Dark-Lighted
2022-10-14T22:29:00.000,I 75,I 75 and Delk Rd,,Sideswipe-Same Direction,2,Clear,Dry,Dark-Not Lighted
2022-04-12T13:59:00.000,I 75,I 75 and Delk Rd,,Sideswipe-Same Direction,2,Clear,Dry,Daylight
2022-11-06T12:48:00.000,I 75,I 75 and Delk Rd,,Rear End,2,Cloudy,Dry,Daylight
2022-09-01T11:55:00.000,I 75,I 75 and Delk Rd,,Rear End,2,Clear,Dry,Daylight
2022-02-09T17:00:00.000,I 75,I 75 and Delk Rd,,Sideswipe-Same Direction,2,Clear,Dry,Daylight
2022-04-12T17:28:00.000,I 75,I 75 and Delk Rd,,Rear End,3,Clear,Dry,Daylight
2022-05-12T10:36:00.000,I 75,I 75 and Delk Rd,,Sideswipe-Same Direction,2,Clear,Dry,Daylight
2022-05-03T06:05:00.000,I 75,I 75 and Delk Rd,,Rear End,2,Clear,Dry,Dawn
2022-06-29T06:09:00.000,I 75,I 75 and Delk Rd,,Head On,2,Cloudy,Wet,Dark-Lighted
2022-04-12T12:18:00.000,I 75,I 75 and Delk Rd,,Not a Collision with Motor Vehicle,1,Clear,Dry,Daylight
2022-12-03T13:38:00.000,I 75,I 75 and Delk Rd,,Rear End,2,Cloudy,Dry,Daylight
2022-01-20T18:15:00.000,I 75,I 75 and Delk Rd,,Rear End,2,Cloudy,Wet,Dark-Not Lighted
2022-12-15T09:04:00.000,I 75,I 75 and Delk Rd,,Rear End,4,Cloudy,Wet,Daylight
2022-06-13T18:05:00.000,I 75,I 75 and Delk Rd,,Rear End,2,Cloudy,Dry,Daylight
2022-06-23T13:35:00.000,I 75,I 75 and Delk Rd,,Not a Collision with Motor Vehicle,2,Clear,Dry,Daylight
2022-05-23T14:33:00.000,I 75,I 75 and Delk Rd,,Sideswipe-Same Direction,2,Rain,Wet,Daylight
2022-11-21T15:16:00.000,I 75,I 75 and Delk Rd,,Rear End,2,Clear,Dry,Daylight
2022-12-15T13:19:00.000,I 75,I 75 and Delk Rd,,Rear End,2,Clear,Dry,Daylight
2022-04-30T21:53:00.000,I 75,I 75 and Delk Rd,,Sideswipe-Same Direction,3,Clear,Dry,Dark-Lighted
2022-12-06T17:22:00.000,I 75,I 75 and Delk Rd,,Sideswipe-Same Direction,4,Cloudy,Wet,Daylight
2022-08-03T17:30:00.000,I 75,I 75 and Delk Rd,,Rear End,2,Clear,Dry,Daylight
2022-04-08T22:06:00.000,I 75,I 75 and Delk Rd,,Not a Collision with Motor Vehicle,2,Clear,Dry,Dark-Not Lighted
2022-06-21T16:10:00.000,I 75,I 75 and Delk Rd,,Rear End,2,Clear,Dry,Daylight
2022-03-20T22:10:00.000,I 75,I 75 and Delk Rd,,Sideswipe-Same Direction,2,Clear,Dry,Dark-Not Lighted
2022-06-08T08:16:00.000,I 75,I 75 and Delk Rd,,Sideswipe-Same Direction,2,Clear,Dry,Daylight
2022-03-09T18:40:00.000,I 75,I 75 and Delk Rd,,Sideswipe-Same Direction,2,Clear,Dry,Daylight
2022-10-14T10:35:00.000,I 75,I 75 and Delk Rd,,Sideswipe-Same Direction,2,Cloudy,Dry,Daylight
2022-02-04T19:57:00.000,I 75,I 75 and Delk Rd,,Rear End,3,Cloudy,Wet,Dark-Not Lighted
2022-04-22T11:14:00.000,I 75,I 75 and Delk Rd,,Rear End,2,Clear,Dry,Daylight
2022-10-02T11:27:00.000,I 75,I 75 and Delk Rd,,Sideswipe-Same Direction,2,Clear,Dry,Daylight
2022-12-11T16:46:00.000,I 75,I 75 and Delk Rd,,Not a Collision with Motor Vehicle,1,Rain,Wet,Daylight
2022-11-23T14:13:00.000,I 75,I 75 and Delk Rd,,Rear End,2,Clear,Dry,Daylight
2022-09-18T20:02:00.000,I 75,I 75 and Delk Rd,,Rear End,2,Clear,Dry,Daylight
2022-07-24T06:02:00.000,I 75,I 75 and Delk Rd,,Rear End,2,Clear,Dry,Daylight
2022-05-25T16:30:00.000,I 75,I 75 and Delk Rd,,Rear End,2,Cloudy,Dry,Daylight
2022-08-12T13:37:00.000,I 75,I 75 and Delk Rd,,Rear End,2,Clear,Dry,Daylight
2022-11-11T10:29:00.000,I 75,I 75 and Delk Rd,,Angle Crash,3,Rain,Wet,Daylight
2022-06-06T08:37:00.000,I 75,I 75 and Delk Rd,,Sideswipe-Same Direction,2,Cloudy,Dry,Daylight
2022-06-17T12:54:00.000,I 75,I 75 and Delk Rd,,Sideswipe-Same Direction,2,Clear,Dry,Daylight
2022-11-27T03:28:00.000,I 75,I 75 and Delk Rd,,Rear End,2,Rain,Wet,Dark-Not Lighted
2022-07-26T15:02:00.000,I 75,I 75 and Delk Rd,,Rear End,2,Clear,Dry,Daylight
2022-08-09T08:15:00.000,I 75,I 75 and Delk Rd,,Sideswipe-Same Direction,3,Clear,Dry,Daylight
2022-04-16T00:43:00.000,I 75,I 75 and Delk Rd,,Rear End,2,Cloudy,Dry,Dark-Not Lighted
2021-09-10T00:32:00.000,I 75,I 75 and Delk Rd,,Not a Collision with Motor Vehicle,1,Clear,Dry,Dark-Not Lighted
2021-12-31T18:09:00.000,I 75,I 75 and Delk Rd,,Sideswipe-Same Direction,2,Clear,Wet,Dark-Lighted
2021-10-14T12:22:00.000,I 75,I 75 and Delk Rd,,Sideswipe-Same Direction,2,Clear,Dry,Daylight
2021-11-04T15:38:00.000,I 75,I 75 and Delk Rd,,Sideswipe-Same Direction,2,Cloudy,Wet,Daylight
2021-08-15T16:35:00.000,I 75,I 75 and Delk Rd,,Rear End,2,Clear,Dry,Daylight
2021-09-18T14:15:00.000,I 75,I 75 and Delk Rd,,Rear End,2,Clear,Dry,Daylight
2021-09-09T13:19:00.000,I 75,I 75 and Delk Rd,,Rear End,2,Cloudy,Dry,Daylight
2022-08-04T13:21:00.000,I 75,I 75 and Delk Rd,,Sideswipe-Same Direction,2,Clear,Dry,Daylight
2022-09-21T16:05:00.000,I 75,I 75 and Delk Rd,,Rear End,2,Clear,Dry,Daylight
2022-06-07T17:30:00.000,I 75,I 75 and Delk Rd,,Angle Crash,1,Clear,Dry,Daylight
2022-05-25T08:12:00.000,I 75,I 75 and Delk Rd,,Rear End,2,Cloudy,Dry,Daylight
2022-07-26T14:11:00.000,I 75,I 75 and Delk Rd,,Sideswipe-Same Direction,2,Cloudy,Dry,Daylight
2022-06-18T20:20:00.000,I 75,I 75 and Delk Rd,,Sideswipe-Same Direction,2,Clear,Dry,Dusk
2022-05-28T15:35:00.000,I 75,I 75 and Delk Rd,,Rear End,2,Clear,Dry,Daylight
2022-09-28T11:11:00.000,I 75,I 75 and Delk Rd,,Rear End,2,Clear,Dry,Daylight
2022-09-24T16:14:00.000,I 75,I 75 and Delk Rd,,Rear End,2,Clear,Dry,Daylight
2022-02-18T19:08:00.000,I 75,I 75 and Delk Rd,,Sideswipe-Same Direction,2,Cloudy,Dry,Dark-Not Lighted
2022-01-24T06:43:00.000,I 75,I 75 and Delk Rd,,Rear End,2,Clear,Dry,Dark-Not Lighted
2022-05-13T00:25:00.000,I 75,I 75 and Delk Rd,,Sideswipe-Same Direction,2,Cloudy,Dry,Daylight
2022-08-11T12:29:00.000,I 75,I 75 and Delk Rd,,Sideswipe-Same Direction,2,Cloudy,Dry,Daylight
2022-05-09T14:02:00.000,I 75,I 75 and Delk Rd,,Rear End,3,Clear,Dry,Daylight
2022-11-04T09:00:00.000,I 75,I 75 and Delk Rd,,Rear End,2,Clear,Dry,Daylight
2022-09-30T18:16:00.000,I 75,I 75 and Delk Rd,,Rear End,2,Clear,Dry,Daylight
2022-03-16T07:23:00.000,I 75,I 75 and Delk Rd,,Sideswipe-Same Direction,2,Rain,Wet,Dark-Lighted
2022-07-29T01:43:00.000,I 75,I 75 and Delk Rd,,Sideswipe-Same Direction,2,Clear,Dry,Dark-Not Lighted
2022-05-02T18:50:00.000,I 75,I 75 and Delk Rd,,Sideswipe-Same Direction,2,Clear,Dry,Daylight
2022-07-14T14:30:00.000,I 75,I 75 and Delk Rd,,Sideswipe-Same Direction,2,Clear,Dry,Daylight
2022-10-07T08:15:00.000,I 75,I 75 and Delk Rd,,Sideswipe-Same Direction,2,Clear,Dry,Daylight
2022-03-27T02:15:00.000,I 75,I 75 and Delk Rd,,Rear End,2,Clear,Dry,Dark-Not Lighted
2022-05-16T12:40:00.000,I 75,I 75 and Delk Rd,,Rear End,2,Clear,Dry,Daylight
2022-12-11T04:55:00.000,I 75,I 75 and Delk Rd,,Rear End,2,Rain,Wet,Dark-Not Lighted
2022-04-26T23:22:00.000,I 75,I 75 and Delk Rd,,Angle Crash,2,Clear,Dry,Dark-Not Lighted
2022-09-19T05:45:00.000,I 75,I 75 and Delk Rd,,Sideswipe-Same Direction,2,Clear,Dry,Dark-Not Lighted
2022-04-13T09:12:00.000,I 75,I 75 and Delk Rd,,Angle Crash,2,Cloudy,Dry,Daylight
2022-01-04T12:13:00.000,I 75,I 75 and Delk Rd,,Rear End,5,Clear,Dry,Daylight
2022-02-26T16:01:00.000,I 75,I 75 and Delk Rd,,Rear End,2,Clear,Dry,Daylight
2022-02-08T10:40:00.000,I 75,I 75 and Delk Rd,,Sideswipe-Same Direction,2,Cloudy,Dry,Daylight
2022-06-01T11:10:00.000,I 75,I 75 and Delk Rd,,Rear End,2,Cloudy,Dry,Daylight
2022-02-12T14:35:00.000,I 75,I 75 and Delk Rd,,Rear End,2,Clear,Dry,Daylight
2022-07-19T16:00:00.000,I 75,I 75 and Delk Rd,,Sideswipe-Same Direction,2,Cloudy,Dry,Daylight
2022-06-07T11:32:00.000,I 75,I 75 and Delk Rd,,Sideswipe-Same Direction,2,Cloudy,Dry,Daylight
2022-09-04T16:30:00.000,I 75,I 75 and Delk Rd,,Rear End,2,Clear,Dry,Daylight
2022-06-27T17:44:00.000,I 75,I 75 and Delk Rd,,Rear End,3,Cloudy,Dry,Daylight
2022-01-27T20:09:00.000,I 75,I 75 and Delk Rd,,Not a Collision with Motor Vehicle,1,Clear,Dry,Dark-Not Lighted
2022-09-17T16:15:00.000,I 75,I 75 and Delk Rd,,Rear End,2,Cloudy,Dry,Daylight
2022-03-28T07:15:00.000,I 75,I 75 and Delk Rd,,Rear End,2,Clear,Dry,Daylight
2022-10-08T20:33:00.000,I 75,I 75 and Delk Rd,,Rear End,3,Clear,Dry,Dark-Lighted
2022-03-14T18:25:00.000,I 75,I 75 and Delk Rd,,Sideswipe-Same Direction,2,Clear,Dry,Daylight
2022-10-27T22:13:00.000,I 75,I 75 and Delk Rd,,Rear End,2,Clear,Dry,Dark-Lighted
2022-03-02T22:57:00.000,I 75,I 75 and Delk Rd,,Sideswipe-Same Direction,2,Clear,Dry,Dark-Lighted
2022-01-18T08:28:00.000,I 75,I 75 and Delk Rd,,Angle Crash,2,Cloudy,Dry,Daylight
2022-10-07T12:20:00.000,I 75,I 75 and Delk Rd,,Angle Crash,2,Clear,Dry,Daylight
2022-11-23T11:47:00.000,I 75,I 75 and Delk Rd,,Rear End,2,Cloudy,Dry,Daylight
2022-06-16T18:04:00.000,I 75,I 75 and Delk Rd,,Not a Collision with Motor Vehicle,1,Clear,Dry,Daylight
2022-01-19T23:13:00.000,I 75,I 75 and Delk Rd,,Not a Collision with Motor Vehicle,1,Cloudy,Dry,Dark-Not Lighted
2022-09-17T16:54:00.000,I 75,I 75 and Delk Rd,,Rear End,3,Clear,Dry,Daylight
2022-07-29T13:46:00.000,I 75,I 75 and Delk Rd,,Sideswipe-Same Direction,2,Cloudy,Dry,Daylight
2022-04-23T20:20:00.000,I 75,I 75 and Delk Rd,,Angle Crash,3,Clear,Dry,Daylight
2022-12-11T02:51:00.000,I 75,I 75 and Delk Rd,,Not a Collision with Motor Vehicle,1,Rain,Wet,Dark-Not Lighted
2022-09-05T18:25:00.000,I 75,I 75 and Delk Rd,,Not a Collision with Motor Vehicle,1,Clear,Wet,Daylight
2022-12-11T14:37:00.000,I 75,I 75 and Delk Rd,,Angle Crash,2,Cloudy,Wet,Daylight
2022-08-13T16:26:00.000,I 75,I 75 and Delk Rd,,Rear End,4,Clear,Dry,Daylight
2022-01-15T18:26:00.000,I 75,I 75 and Delk Rd,,Sideswipe-Same Direction,2,Cloudy,Dry,Dark-Not Lighted
2022-12-30T17:18:00.000,I 75,I 75 and Delk Rd,,Rear End,2,Clear,Dry,Daylight
2022-05-23T02:28:00.000,I 75,I 75 and Delk Rd,,Rear End,2,Cloudy,Dry,Dark-Not Lighted
2022-02-02T18:50:00.000,I 75,I 75 and Delk Rd,,Sideswipe-Same Direction,2,Rain,Wet,Dark-Not Lighted
2022-11-04T11:10:00.000,I 75,I 75 and Delk Rd,,Not a Collision with Motor Vehicle,2,Clear,Dry,Daylight
2022-10-09T13:00:00.000,I 75,I 75 and Delk Rd,,Rear End,3,Clear,Dry,Daylight
2022-09-06T04:05:00.000,I 75,I 75 and Delk Rd,,Not a Collision with Motor Vehicle,1,Clear,Dry,Dark-Not Lighted
2022-08-13T16:21:00.000,I 75,I 75 and Delk Rd,,Sideswipe-Same Direction,2,Clear,Dry,Daylight
2022-06-09T11:04:00.000,I 75,I 75 and Delk Rd,,Rear End,2,Clear,Dry,Daylight
2022-04-16T07:40:00.000,I 75,I 75 and Delk Rd,,Not a Collision with Motor Vehicle,1,Rain,Wet,Daylight
2022-04-08T12:30:00.000,I 75,I 75 and Delk Rd,,Rear End,2,Cloudy,Dry,Daylight
2022-12-08T21:10:00.000,I 75,I 75 and Delk Rd,,Rear End,2,Cloudy,Dry,Dark-Lighted
2022-03-06T01:28:00.000,I 75,I 75 and Delk Rd,,Rear End,2,Cloudy,Dry,Dark-Not Lighted
2022-07-11T13:00:00.000,I 75,I 75 and Delk Rd,,Rear End,2,Cloudy,Dry,Daylight
2022-09-13T14:30:00.000,I 75,I 75 and Delk Rd,,Sideswipe-Same Direction,2,Clear,Dry,Daylight
2022-05-08T16:57:00.000,I 75,I 75 and Delk Rd,,Angle Crash,2,Clear,Dry,Daylight
2022-08-02T09:34:00.000,I 75,I 75 and Delk Rd,,Not a Collision with Motor Vehicle,2,Clear,Dry,Daylight
2022-07-05T08:50:00.000,I 75,I 75 and Delk Rd,,Rear End,2,Cloudy,Dry,Daylight
2022-12-04T22:32:00.000,I 75,I 75 and Delk Rd,,Rear End,2,Cloudy,Dry,Dark-Not Lighted
2022-03-10T09:28:00.000,I 75,I 75 and Delk Rd,,Rear End,2,Clear,Dry,Daylight
2022-02-17T20:16:00.000,I 75,I 75 and Delk Rd,,Sideswipe-Same Direction,2,Rain,Wet,Dark-Not Lighted
2022-02-19T15:02:00.000,I 75,I 75 and Delk Rd,,Angle Crash,2,Cloudy,Dry,Daylight
2022-04-14T16:35:00.000,I 75,I 75 and Delk Rd,,Rear End,2,Clear,Dry,Daylight
2022-07-29T13:43:00.000,I 75,I 75 and Delk Rd,,Rear End,2,Clear,Dry,Daylight
2022-10-20T14:15:00.000,I 75,I 75 and Delk Rd,,Rear End,2,Clear,Dry,Daylight
2022-06-01T09:55:00.000,I 75,I 75 and Delk Rd,,Sideswipe-Same Direction,2,Clear,Dry,Daylight
2022-02-04T12:35:00.000,I 75,I 75 and Delk Rd,,Sideswipe-Same Direction,3,Cloudy,Wet,Daylight
2022-11-16T20:00:00.000,I 75,I 75 and Delk Rd,,Rear End,2,Clear,Dry,Dark-Not Lighted
2022-02-21T15:10:00.000,I 75,I 75 and Delk Rd,,Rear End,2,Rain,Wet,Daylight
2022-09-13T14:33:00.000,I 75,I 75 and Delk Rd,,Rear End,2,Clear,Dry,Daylight
2022-12-22T08:09:00.000,I 75,I 75 and Delk Rd,,Rear End,2,Cloudy,Wet,Daylight
2022-07-16T07:24:00.000,I 75,I 75 and Delk Rd,,Rear End,2,Cloudy,Dry,Daylight
2022-09-30T13:17:00.000,I 75,I 75 and Delk Rd,,Sideswipe-Same Direction,2,Clear,Dry,Daylight
2022-11-06T20:38:00.000,I 75,I 75 and Delk Rd,,Sideswipe-Same Direction,2,Clear,Dry,Dark-Not Lighted
2022-10-20T23:19:00.000,I 75,I 75 and Delk Rd,,Rear End,2,Clear,Dry,Dark-Not Lighted
2022-11-09T16:11:00.000,I 75,I 75 and Delk Rd,,Rear End,2,Clear,Dry,Dark-Not Lighted
2022-03-20T14:31:00.000,I 75,I 75 and Delk Rd,,Angle Crash,2,Cloudy,Dry,Daylight
2022-09-06T08:42:00.000,I 75,I 75 and Delk Rd,,Rear End,2,Cloudy,Wet,Daylight
2022-12-20T10:11:00.000,I 75,I 75 and Delk Rd,,Rear End,2,Cloudy,Wet,Daylight
2022-10-15T11:01:00.000,I 75,I 75 and Delk Rd,,Rear End,2,Clear,Dry,Daylight
2022-12-16T12:34:00.000,I 75,I 75 and Delk Rd,,Rear End,3,Clear,Dry,Daylight
2022-03-17T23:50:00.000,I 75,I 75 and Delk Rd,,Rear End,2,Cloudy,Dry,Dark-Not Lighted
2022-09-26T15:30:00.000,I 75,I 75 and Delk Rd,,Sideswipe-Same Direction,2,Clear,Dry,Daylight
2022-12-06T17:36:00.000,I 75,I 75 and Delk Rd,,Rear End,3,Cloudy,Wet,Daylight
2022-09-12T05:55:00.000,I 75,I 75 and Delk Rd,,Sideswipe-Same Direction,2,Cloudy,Wet,Dark-Not Lighted
2022-01-27T13:21:00.000,I 75,I 75 and Delk Rd,,Sideswipe-Same Direction,2,Clear,Dry,Daylight
2022-03-04T11:34:00.000,I 75,I 75 and Delk Rd,,Sideswipe-Same Direction,2,Clear,Dry,Daylight
2022-06-07T15:30:00.000,I 75,I 75 and Delk Rd,,Sideswipe-Same Direction,2,Cloudy,Dry,Daylight
2022-12-24T19:13:00.000,I 75,I 75 and Delk Rd,,Angle Crash,3,Clear,Dry,Dark-Not Lighted
2022-04-03T22:00:00.000,I 75,I 75 and Delk Rd,,Not a Collision with Motor Vehicle,1,Cloudy,Dry,Dark-Lighted
2022-12-08T10:29:00.000,I 75,I 75 and Delk Rd,,Rear End,2,Clear,Wet,Daylight
2022-08-13T14:16:00.000,I 75,I 75 and Delk Rd,,Rear End,2,Cloudy,Dry,Daylight
2022-03-17T12:04:00.000,I 75,I 75 and Delk Rd,,Rear End,2,Clear,Dry,Daylight
2022-06-17T19:32:00.000,I 75,I 75 and Delk Rd,,Rear End,2,Cloudy,Wet,Daylight
2022-06-22T10:11:00.000,I 75,I 75 and Delk Rd,,Angle Crash,2,Cloudy,Dry,Daylight
2022-07-09T13:15:00.000,I 75,I 75 and Delk Rd,,Rear End,2,Cloudy,Wet,Daylight
2022-04-22T14:55:00.000,I 75,I 75 and Delk Rd,,Sideswipe-Same Direction,2,Clear,Dry,Daylight
2022-12-21T13:19:00.000,I 75,I 75 and Delk Rd,,Sideswipe-Same Direction,2,Clear,Dry,Daylight
2022-08-31T10:05:00.000,I 75,I 75 and Delk Rd,,Rear End,3,Clear,Dry,Daylight
2022-08-07T21:30:00.000,I 75,I 75 and Delk Rd,,Sideswipe-Same Direction,2,Cloudy,Dry,Dark-Lighted
2022-10-15T11:01:00.000,I 75,I 75 and Delk Rd,,Rear End,2,Cloudy,Dry,Daylight
2022-12-05T06:45:00.000,I 75,I 75 and Delk Rd,,Rear End,2,Cloudy,Dry,Dark-Not Lighted
2022-09-17T12:09:00.000,I 75,I 75 and Delk Rd,,Rear End,2,Cloudy,Dry,Daylight
2022-04-14T15:12:00.000,I 75,I 75 and Delk Rd,,Rear End,2,Clear,Dry,Daylight
2022-03-06T18:21:00.000,I 75,I 75 and Delk Rd,,Rear End,2,Cloudy,Dry,Dusk
2022-05-24T16:12:00.000,I 75,I 75 and Delk Rd,,Sideswipe-Same Direction,4,Clear,Dry,Daylight
2022-01-11T14:00:00.000,I 75,I 75 and Delk Rd,,Angle Crash,2,Cloudy,Dry,Daylight
2022-03-17T06:16:00.000,I 75,I 75 and Delk Rd,,Angle Crash,2,Cloudy,Dry,Dusk
2022-02-09T21:10:00.000,I 75,I 75 and Delk Rd,,Rear End,2,Clear,Dry,Dark-Not Lighted
2022-02-22T21:00:00.000,I 75,I 75 and Delk Rd,,Rear End,2,Clear,Dry,Dark-Lighted
2022-08-31T15:43:00.000,I 75,I 75 and Delk Rd,,Rear End,3,Clear,Dry,Daylight
2022-05-27T17:15:00.000,I 75,I 75 and Delk Rd,,Sideswipe-Same Direction,2,Clear,Dry,Daylight
2022-08-28T13:02:00.000,I 75,I 75 and Delk Rd,,Rear End,2,Cloudy,Dry,Daylight
2022-10-13T06:29:00.000,I 75,I 75 and Delk Rd,,Rear End,2,Rain,Wet,Dark-Not Lighted
2022-04-20T06:18:00.000,I 75,I 75 and Delk Rd,,Rear End,2,Clear,Dry,Dark-Lighted
2022-08-21T02:11:00.000,I 75,I 75 and Delk Rd,,Sideswipe-Same Direction,2,Rain,Wet,Dark-Not Lighted
2022-05-04T13:33:00.000,I 75,I 75 and Delk Rd,,Rear End,2,Cloudy,Dry,Daylight
2022-06-17T11:25:00.000,I 75,I 75 and Delk Rd,,Sideswipe-Same Direction,2,Clear,Dry,Daylight
2022-07-08T22:55:00.000,I 75,I 75 and Delk Rd,,Not a Collision with Motor Vehicle,1,Rain,Wet,Dark-Not Lighted
2022-02-19T14:31:00.000,I 75,I 75 and Delk Rd,,Sideswipe-Same Direction,2,Clear,Dry,Daylight
2022-08-09T12:00:00.000,I 75,I 75 and Delk Rd,,Not a Collision with Motor Vehicle,1,Clear,Dry,Daylight
2022-11-03T11:34:00.000,I 75,I 75 and Delk Rd,,Rear End,2,Clear,Dry,Daylight
2022-08-16T13:22:00.000,I 75,I 75 and Delk Rd,,Rear End,2,Cloudy,Dry,Daylight
2022-09-30T16:39:00.000,I 75,I 75 and Delk Rd,,Rear End,2,Clear,Dry,Daylight
2022-06-15T10:00:00.000,I 75,I 75 and Delk Rd,,Sideswipe-Same Direction,2,Cloudy,Dry,Daylight
2022-10-13T13:05:00.000,I 75,I 75 and Delk Rd,,Not a Collision with Motor Vehicle,1,Cloudy,Dry,Daylight
2022-09-04T16:10:00.000,I 75,I 75 and Delk Rd,,Sideswipe-Same Direction,2,Cloudy,Dry,Daylight
2022-11-16T20:00:00.000,I 75,I 75 and Delk Rd,,Rear End,2,Clear,Dry,Dark-Not Lighted
2022-01-28T19:00:00.000,I 75,I 75 and Delk Rd,,Sideswipe-Same Direction,2,Clear,Dry,Dark-Not Lighted
2022-02-08T11:45:00.000,I 75,I 75 and Delk Rd,,Sideswipe-Same Direction,3,Clear,Dry,Daylight
2022-05-31T11:53:00.000,I 75,I 75 and Delk Rd,,Sideswipe-Same Direction,2,Clear,Dry,Daylight
2022-05-17T13:18:00.000,I 75,I 75 and Delk Rd,,Sideswipe-Same Direction,2,Clear,Dry,Daylight
2022-03-20T14:22:00.000,I 75,I 75 and Delk Rd,,Rear End,2,Clear,Dry,Daylight
2022-09-19T18:10:00.000,I 75,I 75 and Delk Rd,,Rear End,2,Clear,Dry,Daylight
2022-09-19T16:40:00.000,I 75,I 75 and Delk Rd,,Sideswipe-Same Direction,2,Clear,Dry,Daylight
2022-11-18T09:00:00.000,I 75,I 75 and Delk Rd,,Rear End,3,Clear,Dry,Daylight
2022-11-08T14:30:00.000,I 75,I 75 and Delk Rd,,Sideswipe-Same Direction,2,Clear,Dry,Daylight
2022-03-31T02:09:00.000,I 75,I 75 and Delk Rd,,Sideswipe-Same Direction,2,Cloudy,Dry,Dark-Not Lighted
2022-08-17T14:50:00.000,I 75,I 75 and Delk Rd,,Angle Crash,2,Cloudy,Dry,Daylight
2022-08-31T19:00:00.000,I 75,I 75 and Delk Rd,,Rear End,2,Clear,Dry,Daylight
2022-04-29T15:37:00.000,I 75,I 75 and Delk Rd,,Angle Crash,2,Cloudy,Dry,Daylight
2022-06-24T17:20:00.000,I 75,I 75 and Delk Rd,,Rear End,2,Clear,Dry,Daylight
2022-01-28T15:06:00.000,I 75,I 75 and Delk Rd,,Sideswipe-Same Direction,2,Cloudy,Dry,Daylight
2022-11-11T14:51:00.000,I 75,I 75 and Delk Rd,,Not a Collision with Motor Vehicle,1,Rain,Wet,Daylight
2022-01-12T18:13:00.000,I 75,I 75 and Delk Rd,,Rear End,2,Clear,Dry,Dark-Lighted
2022-12-11T04:24:00.000,I 75,I 75 and Delk Rd,,Not a Collision with Motor Vehicle,1,Rain,Wet,Dark-Lighted
2022-04-12T17:28:00.000,I 75,I 75 and Delk Rd,,Rear End,3,Clear,Dry,Daylight
2022-04-29T19:00:00.000,I 75,I 75 and Delk Rd,,Sideswipe-Same Direction,2,Clear,Dry,Daylight
2022-01-29T11:40:00.000,I 75,I 75 and Delk Rd,,Rear End,2,Clear,Dry,Daylight
2022-11-03T11:11:00.000,I 75,I 75 and Delk Rd,,Rear End,2,Clear,Dry,Daylight
2022-07-08T07:05:00.000,I 75,I 75 and Delk Rd,,Not a Collision with Motor Vehicle,1,Clear,Dry,Daylight
2022-11-20T12:59:00.000,I 75,I 75 and Delk Rd,,Rear End,3,Cloudy,Dry,Daylight
2022-10-26T17:47:00.000,I 75,I 75 and Delk Rd,,Sideswipe-Same Direction,2,Clear,Dry,Daylight
2022-05-03T14:25:00.000,I 75,I 75 and Delk Rd,,Not a Collision with Motor Vehicle,1,Clear,Dry,Daylight