Date and Time,Roadway (From Crash Report),Intersection Name (from Crash Report),KABCO Severity,Manner of Collision (Crash Level) ,# of Vehicles per crash ,Weather Conditions (Crash Level),Surface Condition (Crash Level) ,Light Conditions (Crash Level)
2022-03-14T17:00:00.000,I 75,I 75 and Delk Rd,,Rear End,2,Clear,Dry,Daylight
2022-12-16T23:40:00.000,I 75,I 75 and Delk Rd,,Angle Crash,4,Cloudy,Dry,Dark-Not Lighted
2022-10-18T13:15:00.000,I 75,I 75 and Delk Rd,,Rear End,2,Clear,Dry,Daylight
2022-10-09T23:58:00.000,I 75,I 75 and Delk Rd,,Rear End,2,Clear,Dry,Dark-Lighted
2022-08-05T13:38:00.000,I 75,I 75 and Delk Rd,,Sideswipe-Same Direction,2,Clear,Dry,Daylight
2022-11-10T13:40:00.000,I 75,I 75 and Delk Rd,,Rear End,2,Cloudy,Wet,Daylight
2022-09-07T07:22:00.000,I 75,I 75 and Delk Rd,,Rear End,2,Clear,Dry,Daylight
2022-02-09T17:06:00.000,I 75,I 75 and Delk Rd,,Sideswipe-Same Direction,2,Clear,Dry,Daylight
2022-08-06T10:44:00.000,I 75,I 75 and Delk Rd,,Not a Collision with Motor Vehicle,1,Clear,Dry,Daylight
2022-10-08T17:20:00.000,I 75,I 75 and Delk Rd,,Rear End,2,Clear,Dry,Daylight
2022-03-03T16:14:00.000,I 75,I 75 and Delk Rd,,Rear End,2,Clear,Dry,Daylight
2022-12-01T15:05:00.000,I 75,I 75 and Delk Rd,,Rear End,2,Clear,Dry,Daylight
2022-02-17T22:52:00.000,I 75,I 75 and Delk Rd,,Not a Collision with Motor Vehicle,1,Rain,Wet,Dark-Not Lighted
2022-01-19T11:50:00.000,I 75,I 75 and Delk Rd,,Sideswipe-Same Direction,2,Clear,Dry,Daylight
2022-08-17T04:21:00.000,I 75,I 75 and Delk Rd,,Not a Collision with Motor Vehicle,1,Clear,Dry,Dark-Not Lighted
2022-10-11T15:30:00.000,I 75,I 75 and Delk Rd,,Rear End,2,Clear,Dry,Daylight
2022-04-20T23:30:00.000,I 75,I 75 and Delk Rd,,Not a Collision with Motor Vehicle,1,Clear,Dry,Dark-Not Lighted
2022-07-08T05:26:00.000,I 75,I 75 and Delk Rd,,Rear End,2,Clear,Dry,Dark-Lighted
2022-09-24T00:43:00.000,I 75,I 75 and Delk Rd,,Sideswipe-Same Direction,3,Clear,Dry,Dark-Lighted
2022-11-05T13:34:00.000,I 75,I 75 and Delk Rd,,Rear End,2,Cloudy,Dry,Daylight
2023-01-04T05:30:00.000,I 75,I 75 and Delk Rd,,Not a Collision with Motor Vehicle,1,Rain,Water (standing or moving),Dark-Not Lighted
2023-12-14T12:35:00.000,I 75,I 75 and Delk Rd,,Sideswipe-Same Direction,2,Clear,Dry,Daylight
2023-08-04T13:39:00.000,I 75,I 75 and Delk Rd,,Rear End,2,Cloudy,Dry,Daylight
2023-01-12T14:35:00.000,I 75,I 75 and Delk Rd,,Sideswipe-Same Direction,3,Cloudy,Dry,Daylight
2023-12-15T18:35:00.000,I 75,I 75 and Delk Rd,,Sideswipe-Same Direction,2,Clear,Dry,Dark-Not Lighted
2023-02-09T09:36:00.000,I 75,I 75 and Delk Rd,,Sideswipe-Same Direction,2,Cloudy,Dry,Daylight
2023-06-16T15:33:00.000,I 75,I 75 and Delk Rd,,Rear End,2,Clear,Dry,Daylight
2023-06-03T13:59:00.000,I 75,I 75 and Delk Rd,,Rear End,2,Clear,Dry,Daylight
2023-09-21T17:47:00.000,I 75,I 75 and Delk Rd,,Sideswipe-Same Direction,2,Cloudy,Dry,Daylight
2024-03-26T14:20:00.000,I 75,I 75 and Delk Rd,,Sideswipe-Same Direction,2,Rain,Wet,Daylight
2024-10-19T15:21:00.000,I 75,I 75 and Delk Rd,,Rear End,2,Clear,Dry,Daylight
2024-03-17T14:49:00.000,I 75,I 75 and Delk Rd,,Sideswipe-Same Direction,2,Clear,Dry,Daylight
2024-04-19T09:25:00.000,I 75,I 75 and Delk Rd,,Rear End,2,Clear,Dry,Daylight
2024-03-22T15:25:00.000,I 75,I 75 and Delk Rd,,Sideswipe-Same Direction,2,Rain,Wet,Daylight
2024-11-20T19:38:00.000,I 75,I 75 and Delk Rd,,Angle Crash,2,Cloudy,Dry,Dark-Lighted
2024-10-10T08:52:00.000,I 75,I 75 and Delk Rd,,Rear End,2,Clear,Dry,Daylight
2024-09-19T17:30:00.000,I 75,I 75 and Delk Rd,,Rear End,2,Clear,Dry,Daylight
2024-07-22T14:45:00.000,I 75,I 75 and Delk Rd,,Sideswipe-Same Direction,2,Clear,Dry,Daylight
2024-10-17T19:00:00.000,I 75,I 75 and Delk Rd,,Rear End,2,Clear,Dry,Daylight
2024-09-22T13:52:00.000,I 75,I 75 and Delk Rd,,Rear End,4,Clear,Dry,Daylight
2024-10-07T18:59:00.000,I 75,I 75 and Delk Rd,,Angle Crash,2,Clear,Dry,Daylight
2024-07-15T13:40:00.000,I 75,I 75 and Delk Rd,,Not a Collision with Motor Vehicle,1,Clear,Dry,Daylight
2024-05-09T23:04:00.000,I 75,I 75 and Delk Rd,,Sideswipe-Same Direction,2,Clear,Dry,Dark-Not Lighted
2024-10-19T20:10:00.000,I 75,I 75 and Delk Rd,,Rear End,2,Clear,Dry,Dark-Not Lighted
2024-05-02T18:06:00.000,I 75,I 75 and Delk Rd,,Rear End,2,Clear,Dry,Daylight
2024-09-27T08:39:00.000,I 75,I 75 and Delk Rd,,Rear End,2,Rain,Wet,Daylight
2024-01-24T19:46:00.000,I 75,I 75 and Delk Rd,,(None),2,(None),(None),(None)
2024-09-03T08:54:00.000,I 75,I 75 and Delk Rd,,Rear End,2,Clear,Dry,Daylight
2024-03-11T07:14:00.000,I 75,I 75 and Delk Rd,,Rear End,2,Clear,Dry,Dawn
2024-02-08T15:20:00.000,I 75,I 75 and Delk Rd,,Rear End,2,Cloudy,Dry,Daylight
2024-12-17T17:10:00.000,I 75,I 75 and Delk Rd,,Rear End,3,Clear,Dry,Daylight
2024-09-21T13:10:00.000,I 75,I 75 and Delk Rd,,Rear End,3,Clear,Dry,Daylight
2024-02-25T15:29:00.000,I 75,I 75 and Delk Rd,,Rear End,4,Cloudy,Dry,Daylight
2024-10-01T13:07:00.000,I 75,I 75 and Delk Rd,,Sideswipe-Same Direction,2,Clear,Dry,Daylight
2024-10-25T14:45:00.000,I 75,I 75 and Delk Rd,,Rear End,2,Clear,Dry,Daylight
2024-01-28T14:33:00.000,I 75,I 75 and Delk Rd,,(None),2,(None),(None),(None)
2024-10-24T19:10:00.000,I 75,I 75 and Delk Rd,,Sideswipe-Same Direction,2,Clear,Dry,Daylight
2024-02-15T11:04:00.000,I 75,I 75 and Delk Rd,,Head On,2,Cloudy,Wet,Daylight
2024-12-21T01:06:00.000,I 75,I 75 and Delk Rd,,Rear End,2,Clear,Dry,Dark-Lighted
2024-01-19T19:58:00.000,I 75,I 75 and Delk Rd,,Angle Crash,2,Clear,Dry,Daylight
2024-04-05T01:30:00.000,I 75,I 75 and Delk Rd,,Not a Collision with Motor Vehicle,1,Clear,Dry,Dark-Not Lighted
2024-09-22T12:38:00.000,I 75,I 75 and Delk Rd,,Rear End,2,Clear,Dry,Daylight
2024-10-18T14:00:00.000,I 75,I 75 and Delk Rd,,Rear End,2,Clear,Dry,Daylight
2024-01-04T08:33:00.000,I 75,I 75 and Delk Rd,,Sideswipe-Same Direction,2,Clear,Dry,Daylight
2024-04-04T11:25:00.000,I 75,I 75 and Delk Rd,,Rear End,2,Clear,Dry,Daylight
2024-04-26T15:28:00.000,I 75,I 75 and Delk Rd,,Sideswipe-Same Direction,2,Clear,Dry,Daylight
2024-10-27T19:03:00.000,I 75,I 75 and Delk Rd,,Rear End,2,Clear,Dry,Daylight
2024-09-26T16:25:00.000,I 75,I 75 and Delk Rd,,Angle Crash,2,Rain,Wet,Daylight
2024-04-09T22:19:00.000,I 75,I 75 and Delk Rd,,Sideswipe-Same Direction,2,Clear,Dry,Daylight
2024-03-29T15:40:00.000,I 75,I 75 and Delk Rd,,Sideswipe-Same Direction,2,Clear,Dry,Daylight
2024-07-25T14:00:00.000,I 75,I 75 and Delk Rd,,Rear End,4,Clear,Dry,Daylight
2024-07-01T15:20:00.000,I 75,I 75 and Delk Rd,,Sideswipe-Same Direction,3,Clear,Dry,Daylight
2024-01-19T17:32:00.000,I 75,I 75 and Delk Rd,,Sideswipe-Same Direction,2,Clear,Dry,Daylight
2024-11-19T18:00:00.000,I 75,I 75 and Delk Rd,,Rear End,2,Rain,Wet,Dark-Lighted
2024-09-13T06:41:00.000,I 75,I 75 and Delk Rd,,Sideswipe-Same Direction,2,Clear,Dry,Daylight
2024-08-24T02:21:00.000,I 75,I 75 and Delk Rd,,Rear End,2,Clear,Dry,Dark-Not Lighted
2024-12-17T15:50:00.000,I 75,I 75 and Delk Rd,,Rear End,2,Clear,Dry,Daylight
2024-04-01T12:27:00.000,I 75,I 75 and Delk Rd,,Sideswipe-Same Direction,2,Clear,Dry,Daylight
2024-06-11T07:59:00.000,I 75,I 75 and Delk Rd,,Sideswipe-Same Direction,2,Clear,Dry,Daylight
2024-10-03T16:24:00.000,I 75,I 75 and Delk Rd,,Rear End,2,Cloudy,Dry,Daylight
2024-10-15T13:23:00.000,I 75,I 75 and Delk Rd,,Rear End,3,Clear,Dry,Daylight
2024-07-18T10:59:00.000,I 75,I 75 and Delk Rd,,Rear End,2,Cloudy,Dry,Daylight
2024-12-06T20:25:00.000,I 75,I 75 and Delk Rd,,Rear End,2,Clear,Dry,Daylight
2024-03-08T09:25:00.000,I 75,I 75 and Delk Rd,,Sideswipe-Same Direction,2,Cloudy,Dry,Daylight
2024-06-11T17:00:00.000,I 75,I 75 and Delk Rd,,Rear End,2,Clear,Dry,Daylight
2023-02-01T08:17:00.000,I 75,I 75 and Delk Rd,,Sideswipe-Same Direction,2,Cloudy,Wet,Daylight
2023-09-26T17:40:00.000,I 75,I 75 and Delk Rd,,Rear End,2,Clear,Dry,Daylight
2023-08-04T20:47:00.000,I 75,I 75 and Delk Rd,,Rear End,2,Cloudy,Dry,Dark-Lighted
2023-04-30T03:04:00.000,I 75,I 75 and Delk Rd,,Angle Crash,4,Rain,Wet,Dark-Lighted
2023-08-25T15:05:00.000,I 75,I 75 and Delk Rd,,Sideswipe-Same Direction,2,Clear,Dry,Daylight
2023-12-01T00:22:00.000,I 75,I 75 and Delk Rd,,(None),1,(None),(None),(None)
2023-04-01T15:30:00.000,I 75,I 75 and Delk Rd,,Rear End,2,Clear,Dry,Daylight
2023-12-22T18:15:00.000,I 75,I 75 and Delk Rd,,Rear End,2,Clear,Dry,Daylight
2023-12-19T18:20:00.000,I 75,I 75 and Delk Rd,,Rear End,2,Clear,Dry,Dark-Not Lighted
2023-08-03T17:55:00.000,I 75,I 75 and Delk Rd,,Rear End,2,Cloudy,Wet,Daylight
2024-01-18T17:30:00.000,I 75,I 75 and Delk Rd,,Rear End,2,Cloudy,Dry,Daylight
2024-09-26T20:08:00.000,I 75,I 75 and Delk Rd,,Not a Collision with Motor Vehicle,1,Rain,Wet,Dark-Not Lighted
2024-03-21T10:09:00.000,I 75,I 75 and Delk Rd,,Rear End,2,Cloudy,Dry,Daylight
2024-02-09T12:11:00.000,I 75,I 75 and Delk Rd,,Rear End,2,Clear,Dry,Daylight
2024-11-19T06:28:00.000,I 75,I 75 and Delk Rd,,Angle Crash,3,Rain,Wet,(None)
2024-03-28T07:42:00.000,I 75,I 75 and Delk Rd,,Sideswipe-Same Direction,2,Clear,Dry,Daylight
2024-02-11T07:27:00.000,I 75,I 75 and Delk Rd,,Sideswipe-Same Direction,2,Cloudy,Dry,Daylight
2024-01-23T09:04:00.000,I 75,I 75 and Delk Rd,,Sideswipe-Same Direction,2,Rain,Wet,Daylight
2023-10-18T13:00:00.000,I 75,I 75 and Delk Rd,,(None),2,(None),(None),(None)
2023-06-04T12:45:00.000,I 75,I 75 and Delk Rd,,Rear End,2,Cloudy,Dry,Daylight
2023-03-04T18:55:00.000,I 75,I 75 and Delk Rd,,Rear End,2,Clear,Dry,Dark-Lighted
2023-05-02T09:00:00.000,I 75,I 75 and Delk Rd,,Not a Collision with Motor Vehicle,2,Clear,Dry,Daylight
2023-03-27T12:05:00.000,I 75,I 75 and Delk Rd,,Rear End,2,Clear,Dry,Daylight
2023-10-11T16:52:00.000,I 75,I 75 and Delk Rd,,Sideswipe-Same Direction,2,Rain,Wet,Daylight
2023-01-12T16:14:00.000,I 75,I 75 and Delk Rd,,Rear End,2,Rain,Wet,Daylight
2023-04-05T10:05:00.000,I 75,I 75 and Delk Rd,,Not a Collision with Motor Vehicle,1,Clear,Dry,Daylight
2023-07-29T05:07:00.000,I 75,I 75 and Delk Rd,,Rear End,2,Cloudy,Dry,Dark-Not Lighted
2023-01-02T19:32:00.000,I 75,I 75 and Delk Rd,,Angle Crash,2,Cloudy,Wet,Dark-Not Lighted
2023-02-23T05:57:00.000,I 75,I 75 and Delk Rd,,Not a Collision with Motor Vehicle,1,Clear,Dry,Dark-Not Lighted
2023-05-02T08:43:00.000,I 75,I 75 and Delk Rd,,Not a Collision with Motor Vehicle,2,Clear,Dry,Daylight
2023-03-04T02:50:00.000,I 75,I 75 and Delk Rd,,Not a Collision with Motor Vehicle,1,Cloudy,Dry,Dusk
2023-04-08T15:55:00.000,I 75,I 75 and Delk Rd,,Sideswipe-Same Direction,2,Rain,Wet,Daylight
2023-01-20T14:30:00.000,I 75,I 75 and Delk Rd,,Sideswipe-Same Direction,2,Clear,Dry,Daylight
2023-05-24T13:35:00.000,I 75,I 75 and Delk Rd,,Sideswipe-Same Direction,2,Cloudy,Dry,Daylight
2023-06-13T17:59:00.000,I 75,I 75 and Delk Rd,,Rear End,2,Cloudy,Dry,Daylight
2023-05-26T13:00:00.000,I 75,I 75 and Delk Rd,,Sideswipe-Same Direction,2,Clear,Dry,Daylight
2023-03-11T04:07:00.000,I 75,I 75 and Delk Rd,,Sideswipe-Same Direction,1,Clear,Dry,Dark-Lighted
2023-05-02T08:43:00.000,I 75,I 75 and Delk Rd,,Not a Collision with Motor Vehicle,2,Clear,Dry,Daylight
2023-06-29T16:40:00.000,I 75,I 75 and Delk Rd,,Sideswipe-Same Direction,2,Cloudy,Dry,Daylight
2023-06-28T07:13:00.000,I 75,I 75 and Delk Rd,,Not a Collision with Motor Vehicle,2,Clear,Dry,Daylight
2023-12-18T12:45:00.000,I 75,I 75 and Delk Rd,,Rear End,3,Clear,Dry,Daylight
2023-04-12T15:50:00.000,I 75,I 75 and Delk Rd,,Rear End,2,Cloudy,Dry,Daylight
2023-02-17T16:56:00.000,I 75,I 75 and Delk Rd,,Rear End,2,Cloudy,Dry,Daylight
2023-11-07T12:59:00.000,I 75,I 75 and Delk Rd,,Sideswipe-Same Direction,3,Clear,Dry,Daylight
2023-01-13T16:18:00.000,I 75,I 75 and Delk Rd,,Sideswipe-Same Direction,2,Cloudy,Dry,Daylight
2023-02-25T12:30:00.000,I 75,I 75 and Delk Rd,,Sideswipe-Same Direction,2,Cloudy,Dry,Daylight
2023-07-22T06:00:00.000,I 75,I 75 and Delk Rd,,Not a Collision with Motor Vehicle,1,Clear,Wet,Daylight
2023-12-01T08:19:00.000,I 75,I 75 and Delk Rd,,Angle Crash,2,Rain,Wet,Daylight
2023-02-09T19:30:00.000,I 75,I 75 and Delk Rd,,Sideswipe-Same Direction,2,Rain,Wet,Dark-Not Lighted
2023-05-25T12:01:00.000,I 75,I 75 and Delk Rd,,Rear End,2,Clear,Dry,Daylight
2023-01-05T20:12:00.000,I 75,I 75 and Delk Rd,,Not a Collision with Motor Vehicle,1,Clear,Dry,Dark-Not Lighted
2023-10-17T17:00:00.000,I 75,I 75 and Delk Rd,,Sideswipe-Same Direction,2,Clear,Dry,Daylight
2023-04-23T06:20:00.000,I 75,I 75 and Delk Rd,,Rear End,3,Clear,Dry,Daylight
2023-12-13T04:12:00.000,I 75,I 75 and Delk Rd,,(None),2,(None),(None),(None)
2023-10-23T07:50:00.000,I 75,I 75 and Delk Rd,,Sideswipe-Same Direction,2,Clear,Dry,Daylight
2023-02-15T10:33:00.000,I 75,I 75 and Delk Rd,,Rear End,2,Rain,Wet,Daylight
2023-10-06T15:05:00.000,I 75,I 75 and Delk Rd,,Rear End,3,Cloudy,Dry,Daylight
2023-03-02T15:30:00.000,I 75,I 75 and Delk Rd,,Sideswipe-Same Direction,2,Rain,Wet,Daylight
2023-03-21T08:24:00.000,I 75,I 75 and Delk Rd,,Rear End,2,Clear,Dry,Daylight
2023-11-15T20:40:00.000,I 75,I 75 and Delk Rd,,Rear End,2,Clear,Dry,Dark-Lighted
2023-04-30T03:30:00.000,I 75,I 75 and Delk Rd,,Not a Collision with Motor Vehicle,1,Rain,Wet,Dark-Not Lighted
2023-05-12T12:43:00.000,I 75,I 75 and Delk Rd,,Sideswipe-Same Direction,2,Cloudy,Dry,Daylight
2023-12-06T08:26:00.000,I 75,I 75 and Delk Rd,,(None),2,(None),(None),(None)
2023-04-20T17:14:00.000,I 75,I 75 and Delk Rd,,Sideswipe-Same Direction,2,Clear,Dry,Daylight
2023-06-25T21:30:00.000,I 75,I 75 and Delk Rd,,Rear End,2,Clear,Dry,Dark-Lighted
2023-04-08T10:53:00.000,I 75,I 75 and Delk Rd,,Rear End,3,Rain,Water (standing or moving),Daylight
2023-10-12T13:50:00.000,I 75,I 75 and Delk Rd,,Sideswipe-Same Direction,2,Cloudy,Dry,Daylight
2023-04-26T23:05:00.000,I 75,I 75 and Delk Rd,,Sideswipe-Same Direction,2,Cloudy,Dry,Dark-Not Lighted
2023-09-03T21:56:00.000,I 75,I 75 and Delk Rd,,Angle Crash,2,Clear,Dry,Dark-Lighted
2023-05-05T08:35:00.000,I 75,I 75 and Delk Rd,,Sideswipe-Same Direction,2,Cloudy,Dry,Daylight
2023-01-18T13:40:00.000,I 75,I 75 and Delk Rd,,Sideswipe-Same Direction,2,Clear,Dry,Daylight
2023-02-05T14:47:00.000,I 75,I 75 and Delk Rd,,Sideswipe-Same Direction,2,Clear,Dry,Daylight
2023-07-15T21:23:00.000,I 75,I 75 and Delk Rd,,Rear End,2,Cloudy,Dry,Dark-Lighted
2023-11-11T06:27:00.000,I 75,I 75 and Delk Rd,,(None),2,(None),(None),(None)
2023-12-11T15:27:00.000,I 75,I 75 and Delk Rd,,Sideswipe-Same Direction,2,Clear,Dry,Daylight
2023-06-21T16:41:00.000,I 75,I 75 and Delk Rd,,Sideswipe-Same Direction,2,Rain,Wet,Daylight
2023-03-14T21:45:00.000,I 75,I 75 and Delk Rd,,Rear End,2,Clear,Dry,Dark-Lighted
2023-07-30T13:13:00.000,I 75,I 75 and Delk Rd,,Sideswipe-Same Direction,2,Clear,Dry,Daylight
2023-12-04T06:30:00.000,I 75,I 75 and Delk Rd,,Rear End,2,Cloudy,Dry,Dark-Not Lighted
2023-08-25T15:10:00.000,I 75,I 75 and Delk Rd,,Rear End,2,Clear,Dry,Daylight
2023-07-16T15:01:00.000,I 75,I 75 and Delk Rd,,Rear End,2,Cloudy,Dry,Daylight
2023-01-15T14:36:00.000,I 75,I 75 and Delk Rd,,Rear End,2,Clear,Dry,Daylight
2023-11-30T16:16:00.000,I 75,I 75 and Delk Rd,,Sideswipe-Same Direction,2,Clear,Dry,Daylight
2023-04-24T16:50:00.000,I 75,I 75 and Delk Rd,,Rear End,2,Clear,Dry,Daylight
2023-01-17T08:00:00.000,I 75,I 75 and Delk Rd,,Angle Crash,2,Rain,Wet,Daylight
2023-07-29T04:00:00.000,I 75,I 75 and Delk Rd,,Angle Crash,2,Cloudy,Dry,Dark-Not Lighted
2023-06-02T11:46:00.000,I 75,I 75 and Delk Rd,,Rear End,2,Cloudy,Dry,Daylight
2023-05-20T23:55:00.000,I 75,I 75 and Delk Rd,,Rear End,2,Rain,Wet,Dark-Not Lighted
2023-03-18T11:27:00.000,I 75,I 75 and Delk Rd,,Angle Crash,2,Clear,Dry,Daylight
2023-06-02T13:52:00.000,I 75,I 75 and Delk Rd,,Rear End,2,Clear,Dry,Daylight
2023-12-12T11:16:00.000,I 75,I 75 and Delk Rd,,Sideswipe-Same Direction,2,Clear,Dry,Daylight
2023-08-03T16:56:00.000,I 75,I 75 and Delk Rd,,Rear End,3,Cloudy,Wet,Daylight
2023-02-21T13:15:00.000,I 75,I 75 and Delk Rd,,Sideswipe-Same Direction,2,Cloudy,Dry,Daylight
2023-04-30T05:00:00.000,I 75,I 75 and Delk Rd,,Rear End,2,Rain,Wet,Dark-Not Lighted
2023-05-21T17:20:00.000,I 75,I 75 and Delk Rd,,Rear End,3,Cloudy,Dry,Daylight
2023-08-25T16:00:00.000,I 75,I 75 and Delk Rd,,Rear End,2,Clear,Dry,Daylight
2023-08-28T17:50:00.000,I 75,I 75 and Delk Rd,,Not a Collision with Motor Vehicle,1,Rain,Wet,Daylight
2023-10-04T06:42:00.000,I 75,I 75 and Delk Rd,,(None),1,(None),(None),(None)
2023-05-01T22:18:00.000,I 75,I 75 and Delk Rd,,Sideswipe-Same Direction,2,Cloudy,Dry,Dark-Not Lighted
2023-02-05T14:05:00.000,I 75,I 75 and Delk Rd,,Sideswipe-Same Direction,2,Clear,Dry,Daylight
2023-05-02T09:54:00.000,I 75,I 75 and Delk Rd,,Rear End,2,Clear,Dry,Daylight
2023-11-11T22:48:00.000,I 75,I 75 and Delk Rd,,(None),4,(None),(None),(None)
2023-05-20T23:50:00.000,I 75,I 75 and Delk Rd,,Rear End,2,Rain,Wet,Dark-Not Lighted
2023-12-01T23:50:00.000,I 75,I 75 and Delk Rd,,(None),2,(None),(None),(None)
2023-04-06T19:00:00.000,I 75,I 75 and Delk Rd,,Sideswipe-Same Direction,2,Cloudy,Dry,Daylight
2023-05-10T15:30:00.000,I 75,I 75 and Delk Rd,,Rear End,2,Clear,Dry,Daylight
2023-02-01T16:24:00.000,I 75,I 75 and Delk Rd,,Rear End,3,Clear,Dry,Daylight
2023-05-02T09:28:00.000,I 75,I 75 and Delk Rd,,Not a Collision with Motor Vehicle,2,Clear,Dry,Daylight
2023-06-12T05:06:00.000,I 75,I 75 and Delk Rd,,Rear End,2,Cloudy,Wet,Daylight
2023-03-09T09:25:00.000,I 75,I 75 and Delk Rd,,Rear End,3,Cloudy,Dry,Daylight
2023-01-13T11:50:00.000,I 75,I 75 and Delk Rd,,Sideswipe-Same Direction,2,Cloudy,Dry,Daylight
2023-01-30T13:21:00.000,I 75,I 75 and Delk Rd,,Sideswipe-Same Direction,2,Rain,Wet,Daylight
2023-03-08T20:00:00.000,I 75,I 75 and Delk Rd,,Sideswipe-Same Direction,2,Cloudy,Dry,Dark-Not Lighted
2023-04-06T12:37:00.000,I 75,I 75 and Delk Rd,,Sideswipe-Same Direction,2,Clear,Dry,Daylight
2023-07-07T18:20:00.000,I 75,I 75 and Delk Rd,,Rear End,2,Clear,Dry,Daylight
2023-10-06T17:20:00.000,I 75,I 75 and Delk Rd,,Rear End,2,Cloudy,Dry,Daylight
2023-02-15T11:16:00.000,I 75,I 75 and Delk Rd,,Rear End,2,Rain,Wet,Daylight
2023-01-02T17:51:00.000,I 75,I 75 and Delk Rd,,Sideswipe-Same Direction,2,Cloudy,Wet,Dark-Lighted
2023-04-22T06:05:00.000,I 75,I 75 and Delk Rd,,Sideswipe-Same Direction,2,Cloudy,Wet,Dark-Lighted
2023-10-17T00:10:00.000,I 75,I 75 and Delk Rd,,(None),2,(None),(None),(None)
2023-02-19T15:32:00.000,I 75,I 75 and Delk Rd,,Sideswipe-Same Direction,2,Clear,Dry,Daylight
2023-06-08T13:45:00.000,I 75,I 75 and Delk Rd,,Rear End,2,Clear,Dry,Daylight
2023-10-25T16:12:00.000,I 75,I 75 and Delk Rd,,(None),2,(None),(None),(None)
2023-06-19T16:15:00.000,I 75,I 75 and Delk Rd,,Sideswipe-Same Direction,2,Cloudy,Dry,Daylight
2023-12-01T16:11:00.000,I 75,I 75 and Delk Rd,,Rear End,3,Cloudy,Wet,Daylight
2023-02-07T09:07:00.000,I 75,I 75 and Delk Rd,,Sideswipe-Same Direction,2,Clear,Dry,Daylight
2023-12-05T21:56:00.000,I 75,I 75 and Delk Rd,,Sideswipe-Same Direction,2,Clear,Dry,Dark-Lighted
2023-04-08T13:02:00.000,I 75,I 75 and Delk Rd,,Angle Crash,2,Rain,Water (standing or moving),Daylight
2023-04-08T12:19:00.000,I 75,I 75 and Delk Rd,,Angle Crash,2,Rain,Water (standing or moving),Daylight
2023-10-06T17:20:00.000,I 75,I 75 and Delk Rd,,Rear End,2,Cloudy,Dry,Daylight
2023-06-19T16:06:00.000,I 75,I 75 and Delk Rd,,Rear End,2,Cloudy,Dry,Daylight
2023-12-26T05:29:00.000,I 75,I 75 and Delk Rd,,Rear End,2,Rain,Wet,Dark-Lighted
2024-05-19T15:19:00.000,I 75,I 75 and Delk Rd,,Rear End,2,Cloudy,Dry,Daylight
2024-11-09T18:10:00.000,I 75,I 75 and Delk Rd,,Rear End,2,Cloudy,Dry,Dark-Not Lighted
2024-08-20T06:40:00.000,I 75,I 75 and Delk Rd,,Not a Collision with Motor Vehicle,1,Clear,Dry,Dark-Not Lighted
2024-03-16T16:18:00.000,I 75,I 75 and Delk Rd,,Rear End,2,Clear,Dry,Daylight
2024-02-29T10:57:00.000,I 75,I 75 and Delk Rd,,Sideswipe-Same Direction,2,Cloudy,Dry,Daylight
2024-10-08T18:00:00.000,I 75,I 75 and Delk Rd,,Sideswipe-Same Direction,2,Clear,Dry,Daylight
2024-12-24T08:27:00.000,I 75,I 75 and Delk Rd,,Sideswipe-Same Direction,2,Clear,Dry,Daylight
2024-06-02T18:02:00.000,I 75,I 75 and Delk Rd,,Sideswipe-Same Direction,2,Cloudy,Dry,Daylight
2024-12-10T18:46:00.000,I 75,I 75 and Delk Rd,,Sideswipe-Same Direction,2,Rain,Wet,Dark-Not Lighted
2024-12-20T12:30:00.000,I 75,I 75 and Delk Rd,,Rear End,2,Clear,Dry,Daylight
2024-05-31T16:13:00.000,I 75,I 75 and Delk Rd,,Rear End,2,Clear,Dry,Daylight
2024-02-25T19:50:00.000,I 75,I 75 and Delk Rd,,Rear End,2,Clear,Dry,Daylight
2024-04-26T13:14:00.000,I 75,I 75 and Delk Rd,,Rear End,2,Cloudy,Dry,Daylight
2024-12-26T05:40:00.000,I 75,I 75 and Delk Rd,,Sideswipe-Same Direction,2,Clear,Dry,Dark-Lighted
2024-09-27T05:11:00.000,I 75,I 75 and Delk Rd,,Not a Collision with Motor Vehicle,2,Rain,Wet,Dark-Not Lighted
2024-01-09T12:29:00.000,I 75,I 75 and Delk Rd,,(None),2,(None),(None),(None)
2024-06-18T07:26:00.000,I 75,I 75 and Delk Rd,,Rear End,2,Clear,Dry,Daylight
2024-04-11T17:49:00.000,I 75,I 75 and Delk Rd,,Rear End,2,Cloudy,Wet,Daylight
2024-06-16T04:48:00.000,I 75,I 75 and Delk Rd,,Sideswipe-Same Direction,2,Clear,Dry,Dark-Not Lighted
2024-07-01T23:40:00.000,I 75,I 75 and Delk Rd,,Rear End,2,Clear,Dry,Dark-Not Lighted
2024-07-19T12:10:00.000,I 75,I 75 and Delk Rd,,Rear End,2,Cloudy,Dry,Daylight
2024-10-30T11:52:00.000,I 75,I 75 and Delk Rd,,Sideswipe-Same Direction,2,Clear,Dry,Daylight
2024-11-14T06:52:00.000,I 75,I 75 and Delk Rd,,Sideswipe-Same Direction,2,Clear,Wet,Dawn
2024-11-24T13:06:00.000,I 75,I 75 and Delk Rd,,Rear End,3,Clear,Dry,Daylight
2024-09-27T05:14:00.000,I 75,I 75 and Delk Rd,,Angle Crash,3,Rain,Wet,Dark-Not Lighted
2024-04-23T09:10:00.000,I 75,I 75 and Delk Rd,,Sideswipe-Same Direction,2,Clear,Dry,Daylight
2024-04-04T13:21:00.000,I 75,I 75 and Delk Rd,,Rear End,2,Clear,Dry,Daylight
2024-04-21T10:10:00.000,I 75,I 75 and Delk Rd,,Rear End,2,Rain,Wet,Daylight
2024-02-01T19:45:00.000,I 75,I 75 and Delk Rd,,Sideswipe-Same Direction,2,Cloudy,Dry,Dark-Not Lighted
2024-04-11T05:30:00.000,I 75,I 75 and Delk Rd,,Sideswipe-Same Direction,2,Clear,Dry,(None)
2024-08-09T15:25:00.000,I 75,I 75 and Delk Rd,,Sideswipe-Same Direction,2,Clear,Dry,Daylight