Date and Time,Roadway (From Crash Report),Intersection Name (from Crash Report),KABCO Severity,Manner of Collision (Crash Level) ,# of Vehicles per crash ,Weather Conditions (Crash Level),Surface Condition (Crash Level) ,Light Conditions (Crash Level)
2024-02-29T11:55:00.000,I 75,I 75 and Delk Rd,,Rear End,2,Cloudy,Dry,Daylight
2024-02-03T00:45:00.000,I 75,I 75 and Delk Rd,,Sideswipe-Same Direction,2,Cloudy,Dry,Dark-Not Lighted
2024-09-24T18:07:00.000,I 75,I 75 and Delk Rd,,Not a Collision with Motor Vehicle,1,Clear,Dry,Daylight
2024-10-22T08:30:00.000,I 75,I 75 and Delk Rd,,Rear End,2,Clear,Dry,Daylight
2024-08-08T00:00:00.000,I 75,I 75 and Delk Rd,,Sideswipe-Same Direction,2,Cloudy,Dry,Daylight
2024-11-08T12:18:00.000,I 75,I 75 and Delk Rd,,Rear End,2,Clear,Dry,Daylight
2024-08-08T08:20:00.000,I 75,I 75 and Delk Rd,,Sideswipe-Same Direction,2,Clear,Dry,Daylight
2024-10-19T18:36:00.000,I 75,I 75 and Delk Rd,,Rear End,3,Clear,Dry,Daylight
2024-04-21T00:31:00.000,I 75,I 75 and Delk Rd,,Not a Collision with Motor Vehicle,1,Rain,Wet,Dark-Not Lighted
2024-11-02T12:30:00.000,I 75,I 75 and Delk Rd,,Rear End,2,Clear,Dry,Daylight
2024-07-23T21:14:00.000,I 75,I 75 and Delk Rd,,Angle Crash,2,Rain,Wet,Dark-Lighted
2024-03-08T06:54:00.000,I 75,I 75 and Delk Rd,,Rear End,2,Cloudy,Wet,Daylight
2024-12-04T19:24:00.000,I 75,I 75 and Delk Rd,,Sideswipe-Same Direction,2,Clear,Dry,Dark-Lighted
2024-11-25T09:43:00.000,I 75,I 75 and Delk Rd,,Sideswipe-Same Direction,2,Clear,Dry,Daylight
2024-01-31T15:01:00.000,I 75,I 75 and Delk Rd,,Sideswipe-Same Direction,2,Clear,Dry,Daylight
2024-08-08T17:09:00.000,I 75,I 75 and Delk Rd,,Rear End,2,Clear,Dry,Daylight
2024-09-30T09:15:00.000,I 75,I 75 and Delk Rd,,Rear End,2,Cloudy,Dry,Daylight
2024-02-06T09:19:00.000,I 75,I 75 and Delk Rd,,Sideswipe-Same Direction,2,Clear,Dry,Daylight
2024-09-27T06:24:00.000,I 75,I 75 and Delk Rd,,Not a Collision with Motor Vehicle,1,Rain,Wet,Dark-Not Lighted
2024-04-15T08:35:00.000,I 75,I 75 and Delk Rd,,Rear End,2,Clear,Dry,Daylight
2024-07-20T12:00:00.000,I 75,I 75 and Delk Rd,,Rear End,2,Rain,Wet,Daylight
2024-01-09T13:34:00.000,I 75,I 75 and Delk Rd,,(None),2,(None),(None),(None)
2024-09-30T12:56:00.000,I 75,I 75 and Delk Rd,,Sideswipe-Same Direction,2,Clear,Dry,Daylight
2024-11-23T12:00:00.000,I 75,I 75 and Delk Rd,,Rear End,2,Clear,Dry,Daylight
2024-06-23T20:30:00.000,I 75,I 75 and Delk Rd,,Not a Collision with Motor Vehicle,3,Clear,Dry,Dusk
2024-07-20T21:15:00.000,I 75,I 75 and Delk Rd,,Rear End,2,Cloudy,Dry,Dark-Lighted
2024-05-19T15:18:00.000,I 75,I 75 and Delk Rd,,Sideswipe-Same Direction,2,Cloudy,Dry,Daylight
2024-05-02T10:45:00.000,I 75,I 75 and Delk Rd,,Rear End,2,Clear,Dry,Daylight
2024-07-15T15:52:00.000,I 75,I 75 and Delk Rd,,Sideswipe-Same Direction,4,Rain,Wet,Daylight
2024-12-10T07:13:00.000,I 75,I 75 and Delk Rd,,Not a Collision with Motor Vehicle,1,Rain,Wet,Dawn
2024-05-29T12:35:00.000,I 75,I 75 and Delk Rd,,Angle Crash,2,Cloudy,Dry,Daylight
2024-09-06T06:18:00.000,I 75,I 75 and Delk Rd,,Rear End,2,Clear,Dry,Dark-Not Lighted
2024-03-19T00:30:00.000,I 75,I 75 and Delk Rd,,Not a Collision with Motor Vehicle,1,Cloudy,Dry,Dark-Not Lighted
2024-03-11T12:50:00.000,I 75,I 75 and Delk Rd,,Rear End,3,Cloudy,Dry,Daylight
2024-11-14T13:37:00.000,I 75,I 75 and Delk Rd,,Sideswipe-Same Direction,2,Cloudy,Dry,Daylight
2024-10-08T17:29:00.000,I 75,I 75 and Delk Rd,,Angle Crash,2,Clear,Dry,Daylight
2024-12-05T12:46:00.000,I 75,I 75 and Delk Rd,,Rear End,3,Clear,Dry,Daylight
2024-07-02T17:04:00.000,I 75,I 75 and Delk Rd,,Rear End,2,Cloudy,Dry,Daylight
2024-06-03T07:59:00.000,I 75,I 75 and Delk Rd,,Sideswipe-Same Direction,2,Clear,Dry,Daylight
2024-04-28T06:54:00.000,I 75,I 75 and Delk Rd,,Sideswipe-Same Direction,2,Clear,Dry,Daylight
2024-06-11T18:02:00.000,I 75,I 75 and Delk Rd,,Rear End,2,Clear,Dry,Daylight
2024-05-22T15:40:00.000,I 75,I 75 and Delk Rd,,Rear End,2,Clear,Dry,Daylight
2024-02-13T13:15:00.000,I 75,I 75 and Delk Rd,,Rear End,2,Clear,Dry,Daylight
2024-10-18T19:10:00.000,I 75,I 75 and Delk Rd,,Rear End,2,Clear,Dry,Dark-Not Lighted
2024-10-06T15:13:00.000,I 75,I 75 and Delk Rd,,Sideswipe-Opposite Direction,2,Cloudy,Dry,Daylight
2024-11-14T13:45:00.000,I 75,I 75 and Delk Rd,,Rear End,2,Cloudy,Wet,Daylight
2024-03-22T13:30:00.000,I 75,I 75 and Delk Rd,,Sideswipe-Same Direction,2,Rain,Wet,Daylight
2024-08-09T14:40:00.000,I 75,I 75 and Delk Rd,,Rear End,3,Clear,Dry,Daylight
2024-03-28T06:36:00.000,I 75,I 75 and Delk Rd,,Sideswipe-Same Direction,2,Clear,Dry,Dark-Not Lighted
2024-04-25T07:10:00.000,I 75,I 75 and Delk Rd,,Sideswipe-Same Direction,2,Clear,Dry,Daylight
2024-09-26T12:28:00.000,I 75,I 75 and Delk Rd,,Rear End,2,Rain,Wet,Daylight
2024-12-17T08:39:00.000,I 75,I 75 and Delk Rd,,Rear End,2,Cloudy,Dry,Daylight
2024-11-25T10:47:00.000,I 75,I 75 and Delk Rd,,Sideswipe-Same Direction,2,Clear,Dry,Daylight
2024-12-27T20:24:00.000,I 75,I 75 and Delk Rd,,Sideswipe-Same Direction,2,Rain,Wet,Dark-Lighted
2024-06-21T13:15:00.000,I 75,I 75 and Delk Rd,,Sideswipe-Same Direction,2,Clear,Dry,Daylight
2024-01-26T08:59:00.000,I 75,I 75 and Delk Rd,,Sideswipe-Same Direction,2,Cloudy,Wet,Daylight
2024-04-04T00:04:00.000,I 75,I 75 and Delk Rd,,Rear End,2,Cloudy,Dry,Dark-Not Lighted
2024-05-09T00:00:00.000,I 75,I 75 and Delk Rd,,Rear End,2,Clear,Wet,Daylight
2024-02-22T02:19:00.000,I 75,I 75 and Delk Rd,,Sideswipe-Same Direction,2,Clear,Dry,Dark-Not Lighted
2024-06-17T16:37:00.000,I 75,I 75 and Delk Rd,,Rear End,2,Cloudy,Dry,Daylight
2024-04-08T19:41:00.000,I 75,I 75 and Delk Rd,,Angle Crash,2,Cloudy,Dry,Daylight
2024-11-14T06:52:00.000,I 75,I 75 and Delk Rd,,Angle Crash,2,Clear,Wet,Dawn
2024-04-17T14:00:00.000,I 75,I 75 and Delk Rd,,Angle Crash,2,Cloudy,Dry,Daylight
2024-12-31T14:30:00.000,I 75,I 75 and Delk Rd,,Rear End,6,Clear,Dry,Daylight
2024-02-17T18:18:00.000,I 75,I 75 and Delk Rd,,Sideswipe-Same Direction,2,Cloudy,Dry,Dark-Lighted
2024-03-01T06:40:00.000,I 75,I 75 and Delk Rd,,Sideswipe-Same Direction,2,Cloudy,Wet,Daylight
2024-07-23T20:00:00.000,I 75,I 75 and Delk Rd,,Not a Collision with Motor Vehicle,1,Rain,Wet,Daylight
2024-03-27T13:00:00.000,I 75,I 75 and Delk Rd,,Rear End,2,Cloudy,Dry,Daylight
2024-03-22T16:25:00.000,I 75,I 75 and Delk Rd,,Rear End,2,Rain,Wet,Daylight
2024-07-18T15:35:00.000,I 75,I 75 and Delk Rd,,Rear End,2,Rain,Wet,Daylight
2024-05-21T16:00:00.000,I 75,I 75 and Delk Rd,,Rear End,2,Clear,Dry,Daylight
2024-03-29T07:21:00.000,I 75,I 75 and Delk Rd,,Sideswipe-Same Direction,2,Clear,Dry,Daylight
2024-02-22T09:44:00.000,I 75,I 75 and Delk Rd,,Angle Crash,4,Clear,Dry,Daylight
2024-12-23T14:23:00.000,I 75,I 75 and Delk Rd,,Rear End,2,Clear,Dry,Daylight
2024-09-10T08:00:00.000,I 75,I 75 and Delk Rd,,Rear End,2,Clear,Dry,Daylight
2024-02-06T09:50:00.000,I 75,I 75 and Delk Rd,,Rear End,2,Clear,Dry,Daylight
2024-10-03T11:50:00.000,I 75,I 75 and Delk Rd,,Sideswipe-Same Direction,2,Clear,Dry,Daylight
2024-04-11T14:37:00.000,I 75,I 75 and Delk Rd,,Sideswipe-Same Direction,2,Cloudy,Dry,Daylight
2024-05-23T01:56:00.000,I 75,I 75 and Delk Rd,,Head On,1,Clear,Dry,Dark-Not Lighted
2024-03-05T09:23:00.000,I 75,I 75 and Delk Rd,,Rear End,2,Cloudy,Dry,Daylight
2024-11-21T12:06:00.000,I 75,I 75 and Delk Rd,,Sideswipe-Same Direction,2,Clear,Dry,Daylight
2024-02-23T16:34:00.000,I 75,I 75 and Delk Rd,,Rear End,2,Cloudy,Dry,Daylight
2024-04-23T12:03:00.000,I 75,I 75 and Delk Rd,,Rear End,2,Clear,Dry,Daylight
2024-10-08T14:05:00.000,I 75,I 75 and Delk Rd,,Rear End,2,Clear,Dry,Daylight
2024-04-10T15:14:00.000,I 75,I 75 and Delk Rd,,Sideswipe-Same Direction,2,Cloudy,Dry,Daylight
2024-05-30T08:41:00.000,I 75,I 75 and Delk Rd,,Sideswipe-Same Direction,2,Clear,Dry,Daylight
2024-12-14T06:00:00.000,I 75,I 75 and Delk Rd,,Sideswipe-Same Direction,2,Clear,Dry,Dark-Lighted
2024-06-29T14:25:00.000,I 75,I 75 and Delk Rd,,Rear End,2,Clear,Dry,Daylight
2024-11-25T15:25:00.000,I 75,I 75 and Delk Rd,,Rear End,2,Clear,Dry,Daylight
2024-07-01T08:36:00.000,I 75,I 75 and Delk Rd,,Sideswipe-Same Direction,2,Cloudy,Dry,Daylight
2024-04-12T14:19:00.000,I 75,I 75 and Delk Rd,,Rear End,2,Clear,Dry,Daylight
2024-04-21T04:07:00.000,I 75,I 75 and Delk Rd,,Angle Crash,1,Rain,Wet,Dark-Lighted
2024-09-26T23:31:00.000,I 75,I 75 and Delk Rd,,Sideswipe-Same Direction,2,Rain,Wet,Dark-Not Lighted
2024-04-13T22:45:00.000,I 75,I 75 and Delk Rd,,Sideswipe-Same Direction,2,Clear,Dry,Dark-Lighted
2024-10-08T16:36:00.000,I 75,I 75 and Delk Rd,,Sideswipe-Same Direction,2,Clear,Dry,Daylight
2024-10-10T13:46:00.000,I 75,I 75 and Delk Rd,,Angle Crash,3,Clear,Dry,Daylight
2024-01-08T10:39:00.000,I 75,I 75 and Delk Rd,,Sideswipe-Same Direction,2,Cloudy,Dry,Daylight
2024-12-18T17:39:00.000,I 75,I 75 and Delk Rd,,Rear End,2,Cloudy,Dry,Dark-Lighted
2024-01-19T07:12:00.000,I 75,I 75 and Delk Rd,,Sideswipe-Same Direction,2,Cloudy,Wet,Daylight
2024-08-30T06:18:00.000,I 75,I 75 and Delk Rd,,Rear End,2,Clear,Dry,Dawn
2024-02-29T14:08:00.000,I 75,I 75 and Delk Rd,,Sideswipe-Same Direction,2,Cloudy,Dry,Daylight
2024-12-19T08:00:00.000,I 75,I 75 and Delk Rd,,Sideswipe-Same Direction,2,Clear,Dry,Daylight
2024-06-11T18:56:00.000,I 75,I 75 and Delk Rd,,Rear End,3,Clear,Dry,Daylight
2024-12-20T00:00:00.000,I 75,I 75 and Delk Rd,,Sideswipe-Same Direction,2,Clear,Dry,Daylight
2024-02-21T10:00:00.000,I 75,I 75 and Delk Rd,,Sideswipe-Same Direction,2,Clear,Dry,Daylight
2024-08-29T10:38:00.000,I 75,I 75 and Delk Rd,,Rear End,2,Clear,Dry,Daylight
2024-01-12T12:00:00.000,I 75,I 75 and Delk Rd,,Rear End,2,Rain,Wet,Daylight
2024-04-12T14:51:00.000,I 75,I 75 and Delk Rd,,Rear End,2,Clear,Dry,Daylight
2024-03-27T18:03:00.000,I 75,I 75 and Delk Rd,,Rear End,2,Clear,Dry,Daylight
2024-12-31T11:00:00.000,I 75,I 75 and Delk Rd,,Sideswipe-Same Direction,2,Clear,Dry,Daylight
2024-07-11T10:20:00.000,I 75,I 75 and Delk Rd,,Sideswipe-Same Direction,2,Clear,Dry,Daylight
2024-03-07T18:32:00.000,I 75,I 75 and Delk Rd,,Head On,2,Clear,Dry,Dusk
2024-04-05T14:41:00.000,I 75,I 75 and Delk Rd,,Rear End,2,Clear,Dry,Daylight
2024-12-03T18:13:00.000,I 75,I 75 and Delk Rd,,Sideswipe-Same Direction,2,Clear,Dry,Dark-Not Lighted
2024-01-24T11:30:00.000,I 75,I 75 and Delk Rd,,(None),1,(None),(None),(None)
2024-08-20T06:16:00.000,I 75,I 75 and Delk Rd,,Rear End,2,Clear,Dry,Dark-Not Lighted
2024-02-03T04:59:00.000,I 75,I 75 and Delk Rd,,(None),1,(None),(None),(None)
2024-04-11T09:25:00.000,I 75,I 75 and Delk Rd,,Rear End,2,Cloudy,Wet,Daylight
2024-05-20T13:00:00.000,I 75,I 75 and Delk Rd,,Rear End,2,Clear,Dry,Daylight
2024-04-04T07:00:00.000,I 75,I 75 and Delk Rd,,Sideswipe-Same Direction,2,Clear,Dry,Daylight
2024-05-19T01:05:00.000,I 75,I 75 and Delk Rd,,Angle Crash,5,Cloudy,Dry,Dark-Lighted
2024-05-01T14:45:00.000,I 75,I 75 and Delk Rd,,Rear End,2,Clear,Dry,Daylight
2024-04-07T08:58:00.000,I 75,I 75 and Delk Rd,,Sideswipe-Same Direction,2,Cloudy,Dry,Daylight
2024-11-24T14:29:00.000,I 75,I 75 and Delk Rd,,Not a Collision with Motor Vehicle,1,Clear,Dry,Daylight
2024-12-12T22:57:00.000,I 75,I 75 and Delk Rd,,Angle Crash,2,Clear,Dry,Dark-Not Lighted
2024-03-09T19:36:00.000,I 75,I 75 and Delk Rd,,Rear End,2,Cloudy,Dry,Dark-Lighted
2024-10-29T07:15:00.000,I 75,I 75 and Delk Rd,,Sideswipe-Same Direction,2,Clear,Dry,Daylight
2024-01-21T22:00:00.000,I 75,I 75 and Delk Rd,,(None),1,(None),(None),(None)
2024-11-14T18:43:00.000,I 75,I 75 and Delk Rd,,Sideswipe-Same Direction,2,Clear,Dry,Dark-Not Lighted
2024-04-26T13:16:00.000,I 75,I 75 and Delk Rd,,Rear End,2,Cloudy,Dry,Daylight
2024-01-11T14:10:00.000,I 75,I 75 and Delk Rd,,Rear End,2,Clear,Dry,Daylight
2024-04-25T18:16:00.000,I 75,I 75 and Delk Rd,,Angle Crash,4,Cloudy,Dry,Daylight
2024-05-09T14:59:00.000,I 75,I 75 and Delk Rd,,Not a Collision with Motor Vehicle,1,Cloudy,Wet,Daylight
2024-08-08T17:08:00.000,I 75,I 75 and Delk Rd,,Rear End,2,Clear,Dry,Daylight
2024-02-24T13:18:00.000,I 75,I 75 and Delk Rd,,Rear End,3,Cloudy,Dry,Daylight
2024-02-12T12:06:00.000,I 75,I 75 and Delk Rd,,Sideswipe-Same Direction,4,Rain,Wet,Daylight
2024-10-10T21:30:00.000,I 75,I 75 and Delk Rd,,Rear End,4,Clear,Dry,Dark-Lighted
2024-03-25T11:36:00.000,I 75,I 75 and Delk Rd,,Not a Collision with Motor Vehicle,2,Clear,Dry,Daylight
2024-05-05T14:39:00.000,I 75,I 75 and Delk Rd,,Rear End,2,Clear,Dry,Daylight
2024-04-19T10:19:00.000,I 75,I 75 and Delk Rd,,Not a Collision with Motor Vehicle,1,Cloudy,Wet,Daylight
2024-08-07T09:17:00.000,I 75,I 75 and Delk Rd,,Sideswipe-Same Direction,2,Clear,Dry,Daylight
2024-05-12T16:13:00.000,I 75,I 75 and Delk Rd,,Rear End,3,Clear,Dry,Daylight
2024-10-31T12:02:00.000,I 75,I 75 and Delk Rd,,Sideswipe-Same Direction,2,Cloudy,Dry,Daylight
2024-11-03T17:03:00.000,I 75,I 75 and Delk Rd,,Rear End,2,Cloudy,Dry,Dusk
2024-07-09T06:26:00.000,I 75,I 75 and Delk Rd,,Sideswipe-Same Direction,2,Clear,Dry,Daylight
2024-12-02T22:30:00.000,I 75,I 75 and Delk Rd,,Sideswipe-Same Direction,2,Other,Dry,Dark-Not Lighted
2024-11-14T15:10:00.000,I 75,I 75 and Delk Rd,,Rear End,3,Cloudy,Wet,Daylight
2024-03-24T16:44:00.000,I 75,I 75 and Delk Rd,,Rear End,2,Clear,Dry,Daylight
2024-12-17T12:55:00.000,I 75,I 75 and Delk Rd,,Sideswipe-Same Direction,2,Clear,Dry,Daylight
2024-11-27T16:24:00.000,I 75,I 75 and Delk Rd,,Rear End,2,Clear,Dry,Daylight
2024-05-31T15:15:00.000,I 75,I 75 and Delk Rd,,Rear End,3,Clear,Dry,Daylight
2024-11-12T17:07:00.000,I 75,I 75 and Delk Rd,,Rear End,2,Clear,Dry,Dark-Lighted
2024-06-04T16:00:00.000,I 75,I 75 and Delk Rd,,Rear End,3,Clear,Dry,Daylight
2024-07-15T16:58:00.000,I 75,I 75 and Delk Rd,,Rear End,2,Clear,Wet,Daylight
2024-02-12T15:40:00.000,I 75,I 75 and Delk Rd,,Rear End,2,Rain,Wet,Daylight
2024-09-10T12:50:00.000,I 75,I 75 and Delk Rd,,Sideswipe-Same Direction,2,Cloudy,Dry,Daylight
2024-10-31T07:20:00.000,I 75,I 75 and Delk Rd,,Rear End,2,Clear,Dry,Dark-Not Lighted
2024-06-13T14:05:00.000,I 75,I 75 and Delk Rd,,Rear End,2,Clear,Dry,Daylight
2024-09-25T18:30:00.000,I 75,I 75 and Delk Rd,,(None),1,Rain,Wet,Daylight
2024-02-06T16:10:00.000,I 75,I 75 and Delk Rd,,Rear End,2,Clear,Dry,Daylight
2024-11-10T22:30:00.000,I 75,I 75 and Delk Rd,,Sideswipe-Same Direction,2,Clear,Dry,Dark-Lighted
2024-11-11T12:20:00.000,I 75,I 75 and Delk Rd,,Sideswipe-Same Direction,2,Cloudy,Dry,Daylight
2024-08-20T09:31:00.000,I 75,I 75 and Delk Rd,,Sideswipe-Same Direction,2,Clear,Dry,Daylight
2024-09-30T07:00:00.000,I 75,I 75 and Delk Rd,,Rear End,2,Clear,Dry,Dawn
2024-10-06T15:30:00.000,I 75,I 75 and Delk Rd,,Sideswipe-Same Direction,2,Clear,Dry,Daylight
2024-10-15T17:15:00.000,I 75,I 75 and Delk Rd,,Rear End,2,Clear,Dry,Daylight
2024-12-18T08:16:00.000,I 75,I 75 and Delk Rd,,Sideswipe-Same Direction,2,Cloudy,Dry,Daylight
2024-07-30T14:26:00.000,I 75,I 75 and Delk Rd,,Rear End,2,Cloudy,Wet,Daylight
2024-11-07T12:54:00.000,I 75,I 75 and Delk Rd,,Sideswipe-Same Direction,2,Cloudy,Dry,Daylight
2024-10-07T09:30:00.000,I 75,I 75 and Delk Rd,,Rear End,2,Clear,Dry,Daylight
2021-05-29T16:00:00.000,I 75,I 75 and Delk Ext 261,,Rear End,2,Cloudy,Dry,Daylight
2021-05-04T21:22:00.000,I 75,I 75 and Delk Ext,,Angle Crash,2,Rain,Wet,Dark-Not Lighted
2020-01-28T20:03:00.000,I 75,I 75 and Delk Ext,,Rear End,3,Cloudy,Dry,Dark-Not Lighted
2022-09-26T15:45:00.000,I 75,I 75 and Dekalb Ave,,Sideswipe-Same Direction,2,Clear,Dry,Daylight
2024-08-09T17:07:00.000,I 75,I 75 and Deerinr Rd,,Rear End,2,Clear,Dry,Daylight
2021-05-16T02:08:00.000,I 75,I 75 and Deering Road Opas,,Angle Crash,2,Clear,Dry,Dark-Lighted
2021-06-22T12:42:00.000,I 75,I 75 and Deering Road Opas,,Rear End,2,Cloudy,Wet,Daylight
2021-02-27T07:16:00.000,I 75,I 75 and Deering Road Opas,,Not a Collision with Motor Vehicle,1,Cloudy,Wet,Daylight
2021-08-26T08:55:00.000,I 75,I 75 and Deering Road Opas,,Rear End,2,Cloudy,Dry,Daylight
2021-05-18T15:25:00.000,I 75,I 75 and Deering Road Opas,,Sideswipe-Same Direction,3,Clear,Dry,Daylight
2020-12-01T08:30:00.000,I 75,I 75 and Deering Road Opas,,Rear End,2,Clear,Dry,Daylight
2022-06-03T17:42:00.000,I 75,I 75 and Deering Road Opas,,Rear End,2,Clear,Dry,Daylight
2023-08-26T19:00:00.000,I 75,I 75 and Deering Road Northwest,,Rear End,2,Clear,Dry,Daylight
2023-11-26T15:20:00.000,I 75,I 75 and Deering Road Northwest,,Not a Collision with Motor Vehicle,1,Cloudy,Dry,Daylight
2022-10-11T07:52:00.000,I 75,I 75 and Deering Rd Overpasss,,Sideswipe-Same Direction,2,Clear,Dry,Daylight
2021-10-21T19:51:00.000,I 75,I 75 and Deering Rd Opas,,Sideswipe-Same Direction,2,Cloudy,Dry,Dark-Lighted
2021-12-24T12:18:00.000,I 75,I 75 and Deering Rd Opas,,Sideswipe-Same Direction,2,Clear,Dry,Daylight
2020-03-17T12:35:00.000,I 75,I 75 and Deering Rd Opas,,Sideswipe-Same Direction,2,Cloudy,Dry,Daylight
2020-03-13T11:58:00.000,I 75,I 75 and Deering Rd Opas,,Rear End,2,Cloudy,Wet,Daylight
2020-09-14T09:42:00.000,I 75,I 75 and Deering Rd Opas,,Rear End,2,Clear,Dry,Daylight
2021-06-25T08:00:00.000,I 75,I 75 and Deering Rd Opas,,Sideswipe-Same Direction,2,Cloudy,Dry,Daylight
2021-12-08T17:04:00.000,I 75,I 75 and Deering Rd Opas,,Rear End,2,Clear,Wet,Daylight
2022-01-07T15:56:00.000,I 75,I 75 and Deering Rd Opas,,Angle Crash,2,Clear,Dry,Daylight
2021-09-13T12:23:00.000,I 75,I 75 and Deering Rd Opas,,Sideswipe-Same Direction,2,Clear,Dry,Daylight
2022-01-12T08:55:00.000,I 75,I 75 and Deering Rd Opas,,Rear End,2,Clear,Dry,Daylight
2022-07-22T09:00:00.000,I 75,I 75 and Deering Rd Opas,,Rear End,2,Clear,Dry,Daylight
2024-05-23T17:05:00.000,I 75,I 75 and Deering Rd Opas,,Sideswipe-Same Direction,2,Cloudy,Dry,Daylight
2024-01-17T08:35:00.000,I 75,I 75 and Deering Rd Opas,,Rear End,2,Clear,Dry,Daylight
2023-03-20T09:52:00.000,I 75,I 75 and Deering Rd Opas,,Sideswipe-Same Direction,2,Clear,Dry,Daylight
2023-03-07T06:41:00.000,I 75,I 75 and Deering Rd Opas,,Sideswipe-Same Direction,2,Clear,Dry,Daylight
2021-04-29T16:19:00.000,I 75,I 75 and Deering Rd,,Rear End,2,Clear,Dry,Daylight
2021-01-10T14:35:00.000,I 75,I 75 and Deering Rd,,Not a Collision with Motor Vehicle,1,Clear,Dry,Daylight
2021-02-26T17:30:00.000,I 75,I 75 and Deering Rd,,Rear End,2,Cloudy,Dry,Daylight
2021-05-25T09:48:00.000,I 75,I 75 and Deering Rd,,Sideswipe-Same Direction,2,Clear,Dry,Daylight
2021-03-22T14:40:00.000,I 75,I 75 and Deering Rd,,Rear End,3,Clear,Dry,Daylight
2021-02-25T18:28:00.000,I 75,I 75 and Deering Rd,,Sideswipe-Same Direction,2,Clear,Dry,Daylight
2021-02-21T14:15:00.000,I 75,I 75 and Deering Rd,,Rear End,2,Clear,Dry,Daylight
2021-03-18T09:15:00.000,I 75,I 75 and Deering Rd,,Rear End,2,Rain,Wet,Daylight
2021-07-15T18:00:00.000,I 75,I 75 and Deering Rd,,Rear End,2,Clear,Dry,Daylight
2021-09-13T08:20:00.000,I 75,I 75 and Deering Rd,,Rear End,2,Clear,Dry,Daylight
2021-11-15T15:30:00.000,I 75,I 75 and Deering Rd,,Rear End,2,Clear,Dry,Daylight
2021-09-13T08:20:00.000,I 75,I 75 and Deering Rd,,Rear End,2,Clear,Dry,Daylight
2021-09-14T18:00:00.000,I 75,I 75 and Deering Rd,,Rear End,2,Clear,Dry,Daylight
2021-01-22T19:03:00.000,I 75,I 75 and Deering Rd,,Sideswipe-Same Direction,2,Clear,Dry,Dark-Not Lighted
2021-05-28T15:45:00.000,I 75,I 75 and Deering Rd,,Sideswipe-Same Direction,2,Clear,Dry,Daylight
2021-04-15T16:45:00.000,I 75,I 75 and Deering Rd,,Sideswipe-Same Direction,2,Clear,Dry,Daylight
2021-02-24T16:52:00.000,I 75,I 75 and Deering Rd,,Not a Collision with Motor Vehicle,1,Clear,Dry,Daylight
2021-04-19T10:08:00.000,I 75,I 75 and Deering Rd,,Rear End,2,Clear,Dry,Daylight
2021-10-29T19:40:00.000,I 75,I 75 and Deering Rd,,Rear End,2,Rain,Wet,Dark-Lighted
2021-07-26T13:00:00.000,I 75,I 75 and Deering Rd,,Sideswipe-Same Direction,3,Clear,Dry,Daylight
2021-08-06T12:20:00.000,I 75,I 75 and Deering Rd,,Rear End,2,Clear,Dry,Daylight
2021-08-12T08:00:00.000,I 75,I 75 and Deering Rd,,Not a Collision with Motor Vehicle,1,Clear,Wet,Daylight
2021-10-29T12:50:00.000,I 75,I 75 and Deering Rd,,Sideswipe-Same Direction,2,Cloudy,Dry,Daylight
2021-11-04T18:10:00.000,I 75,I 75 and Deering Rd,,Rear End,2,Cloudy,Dry,Daylight
2021-02-13T14:12:00.000,I 75,I 75 and Deering Rd,,Not a Collision with Motor Vehicle,1,Cloudy,Wet,Daylight
2021-11-15T06:32:00.000,I 75,I 75 and Deering Rd,,Sideswipe-Same Direction,2,Clear,Dry,Daylight
2021-09-20T18:55:00.000,I 75,I 75 and Deering Rd,,Rear End,2,Rain,Wet,Daylight
2021-12-20T17:40:00.000,I 75,I 75 and Deering Rd,,Rear End,2,Clear,Dry,Daylight
2021-12-17T19:45:00.000,I 75,I 75 and Deering Rd,,Sideswipe-Same Direction,2,Clear,Dry,Dark-Lighted
2021-05-14T17:15:00.000,I 75,I 75 and Deering Rd,,Rear End,2,Clear,Dry,Daylight
2021-02-11T19:25:00.000,I 75,I 75 and Deering Rd,,Not a Collision with Motor Vehicle,1,Rain,Wet,Dark-Lighted
2021-08-16T21:05:00.000,I 75,I 75 and Deering Rd,,Angle Crash,2,Rain,Wet,Dark-Lighted
2021-12-20T11:25:00.000,I 75,I 75 and Deering Rd,,Angle Crash,2,Clear,Dry,Daylight
2021-11-19T11:30:00.000,I 75,I 75 and Deering Rd,,Sideswipe-Same Direction,2,Clear,Dry,Daylight
2021-05-14T17:40:00.000,I 75,I 75 and Deering Rd,,Sideswipe-Same Direction,2,Clear,Dry,Daylight
2021-04-28T17:20:00.000,I 75,I 75 and Deering Rd,,Sideswipe-Same Direction,2,Clear,Dry,Daylight
2021-04-27T14:00:00.000,I 75,I 75 and Deering Rd,,Not a Collision with Motor Vehicle,1,Clear,Dry,Daylight
2021-06-22T10:30:00.000,I 75,I 75 and Deering Rd,,Rear End,3,Clear,Wet,Daylight
2021-06-11T19:10:00.000,I 75,I 75 and Deering Rd,,Sideswipe-Same Direction,2,Cloudy,Wet,Daylight
2020-03-13T14:43:00.000,I 75,I 75 and Deering Rd,,Angle Crash,3,Cloudy,Dry,Daylight
2020-02-11T09:05:00.000,I 75,I 75 and Deering Rd,,Rear End,2,Cloudy,Wet,Daylight
2020-07-14T13:06:00.000,I 75,I 75 and Deering Rd,,Not a Collision with Motor Vehicle,1,Clear,Dry,Daylight
2020-10-20T16:55:00.000,I 75,I 75 and Deering Rd,,Sideswipe-Same Direction,2,Clear,Dry,Daylight
2023-12-19T17:30:00.000,I 75,I 75 and Deering Rd,,Rear End,2,Clear,Dry,Daylight
2023-05-23T19:10:00.000,I 75,I 75 and Deering Rd,,Not a Collision with Motor Vehicle,1,Clear,Dry,Daylight