Date and Time,Roadway (From Crash Report),Intersection Name (from Crash Report),KABCO Severity,Manner of Collision (Crash Level) ,# of Vehicles per crash ,Weather Conditions (Crash Level),Surface Condition (Crash Level) ,Light Conditions (Crash Level)
2024-04-22T19:00:00.000,I 75,I 75 and Deering Rd,,Sideswipe-Same Direction,2,Clear,Dry,Daylight
2024-12-03T14:01:00.000,I 75,I 75 and Deering Rd,,Sideswipe-Same Direction,2,Clear,Dry,Daylight
2024-07-16T13:51:00.000,I 75,I 75 and Deering Rd,,Sideswipe-Same Direction,2,Cloudy,Dry,Daylight
2024-05-27T12:00:00.000,I 75,I 75 and Deering Rd,,Sideswipe-Same Direction,2,Clear,Wet,Daylight
2024-12-02T10:55:00.000,I 75,I 75 and Deering Rd,,Rear End,2,Clear,Dry,Daylight
2024-06-11T08:05:00.000,I 75,I 75 and Deering Rd,,Sideswipe-Same Direction,2,Clear,Dry,Daylight
2024-08-22T14:15:00.000,I 75,I 75 and Deering Rd,,Sideswipe-Same Direction,2,Clear,Dry,Daylight
2024-07-25T07:45:00.000,I 75,I 75 and Deering Rd,,Rear End,2,Cloudy,Wet,Daylight
2024-02-02T15:30:00.000,I 75,I 75 and Deering Rd,,Sideswipe-Same Direction,2,Clear,Dry,Daylight
2024-01-02T11:20:00.000,I 75,I 75 and Deering Rd,,Rear End,2,Clear,Dry,Daylight
2024-06-07T19:20:00.000,I 75,I 75 and Deering Rd,,Angle Crash,2,Clear,Dry,Daylight
2024-10-11T10:27:00.000,I 75,I 75 and Deering Rd,,Sideswipe-Same Direction,2,Clear,Dry,Daylight
2024-04-25T16:00:00.000,I 75,I 75 and Deering Rd,,Sideswipe-Same Direction,2,Clear,Dry,Daylight
2024-11-14T07:45:00.000,I 75,I 75 and Deering Rd,,Not a Collision with Motor Vehicle,1,Rain,Wet,Daylight
2024-07-23T14:10:00.000,I 75,I 75 and Deering Rd,,Sideswipe-Same Direction,2,Clear,Dry,Daylight
2024-10-25T06:56:00.000,I 75,I 75 and Deering Rd,,Rear End,2,Clear,Dry,Dawn
2024-11-19T12:18:00.000,I 75,I 75 and Deering Rd,,Sideswipe-Same Direction,2,Rain,Wet,Daylight
2024-09-23T06:45:00.000,I 75,I 75 and Deering Rd,,Sideswipe-Same Direction,2,Clear,Dry,Daylight
2024-08-09T09:50:00.000,I 75,I 75 and Deering Rd,,Sideswipe-Same Direction,2,Clear,Dry,Daylight
2024-05-09T12:12:00.000,I 75,I 75 and Deering Rd,,Sideswipe-Same Direction,2,Rain,Wet,Daylight
2024-05-07T10:14:00.000,I 75,I 75 and Deering Rd,,Sideswipe-Same Direction,2,Clear,Dry,Daylight
2024-05-28T11:20:00.000,I 75,I 75 and Deering Rd,,Sideswipe-Same Direction,2,Clear,Dry,Daylight
2024-04-11T18:50:00.000,I 75,I 75 and Deering Rd,,Sideswipe-Same Direction,2,Rain,Wet,Daylight
2024-06-25T09:00:00.000,I 75,I 75 and Deering Rd,,Rear End,2,Clear,Dry,Daylight
2024-01-04T11:40:00.000,I 75,I 75 and Deering Rd,,Sideswipe-Same Direction,2,Clear,Dry,Daylight
2024-04-09T14:25:00.000,I 75,I 75 and Deering Rd,,Sideswipe-Same Direction,2,Cloudy,Wet,Daylight
2024-08-02T17:50:00.000,I 75,I 75 and Deering Rd,,Rear End,2,Clear,Dry,Daylight
2024-01-04T07:30:00.000,I 75,I 75 and Deering Rd,,Rear End,2,Clear,Dry,Daylight
2024-05-16T19:18:00.000,I 75,I 75 and Deering Rd,,Sideswipe-Same Direction,2,Clear,Dry,Daylight
2024-07-05T15:30:00.000,I 75,I 75 and Deering Dr,,Sideswipe-Same Direction,2,Rain,Wet,Daylight
2023-12-14T17:50:00.000,I 75,I 75 and Deering  Rd Opas,,Rear End,2,Clear,Dry,Dark-Lighted
2023-07-24T10:06:00.000,I 75,I 75 and Deering,,Sideswipe-Same Direction,2,Clear,Dry,Daylight
2020-01-17T17:18:00.000,I 75,I 75 and Deering,,Sideswipe-Same Direction,2,Clear,Dry,Daylight
2020-02-25T08:20:00.000,I 75,I 75 and Deering,,Sideswipe-Same Direction,2,Cloudy,Wet,Daylight
2023-05-16T11:15:00.000,I 75,I 75 and Deering,,Rear End,4,Clear,Dry,Daylight
2023-10-09T17:26:00.000,I 75,I 75 and Deering,,Rear End,2,Clear,Dry,Daylight
2024-10-31T06:35:00.000,I 75,I 75 and Deering,,Rear End,3,Clear,Dry,Dark-Lighted
2021-09-14T09:21:00.000,I 75,I 75 and Deeriing Rd,,Rear End,3,Clear,Dry,Daylight
2022-08-30T19:30:00.000,I 75,I 75 and Decature St Opas,,Rear End,3,Cloudy,Wet,Daylight
2022-10-07T07:25:00.000,I 75,I 75 and Decature St Opas,,Rear End,2,Clear,Dry,Daylight
2023-03-24T08:45:00.000,I 75,I 75 and Decatur Street Opas,,Rear End,2,Clear,Dry,Daylight
2023-12-07T18:10:00.000,I 75,I 75 and Decatur Street Opas,,Sideswipe-Same Direction,2,Clear,Dry,Dark-Not Lighted
2023-07-27T18:28:00.000,I 75,I 75 and Decatur Street Opas,,Rear End,2,Clear,Dry,Daylight
2023-07-18T18:32:00.000,I 75,I 75 and Decatur Street Opas,,Rear End,2,Clear,Dry,Daylight
2021-12-03T10:22:00.000,I 75,I 75 and Decatur Street Opas,,Rear End,3,Clear,Dry,Daylight
2022-01-20T15:24:00.000,I 75,I 75 and Decatur Street Opas,,Rear End,2,Cloudy,Dry,Daylight
2022-05-23T16:56:00.000,I 75,I 75 and Decatur Street Opas,,Sideswipe-Same Direction,2,Cloudy,Dry,Daylight
2022-07-28T18:20:00.000,I 75,I 75 and Decatur Street Opas,,Rear End,2,Clear,Dry,Daylight
2022-01-20T16:08:00.000,I 75,I 75 and Decatur Street Opas,,Rear End,2,Cloudy,Dry,Daylight
2022-08-22T14:11:00.000,I 75,I 75 and Decatur Street Opas,,Rear End,2,Clear,Dry,Daylight
2022-01-24T16:20:00.000,I 75,I 75 and Decatur Street Opas,,Rear End,2,Clear,Dry,Daylight
2023-03-14T16:46:00.000,I 75,I 75 and Decatur Street Opas,,Sideswipe-Same Direction,2,Clear,Dry,Daylight
2023-01-12T08:45:00.000,I 75,I 75 and Decatur Street Opas,,Rear End,2,Clear,Dry,Daylight
2023-04-04T12:48:00.000,I 75,I 75 and Decatur Street Opas,,Sideswipe-Same Direction,2,Clear,Dry,Daylight
2024-07-18T18:52:00.000,I 75,I 75 and Decatur Street Opas,,Rear End,2,Cloudy,Wet,Daylight
2024-08-27T16:52:00.000,I 75,I 75 and Decatur Street Opas,,Sideswipe-Same Direction,2,Clear,Dry,Daylight
2024-12-17T17:00:00.000,I 75,I 75 and Decatur Street Opas,,Sideswipe-Same Direction,2,Clear,Dry,Daylight
2024-07-18T19:15:00.000,I 75,I 75 and Decatur Street Opas,,Sideswipe-Same Direction,2,Clear,Wet,Daylight
2023-03-17T14:00:00.000,I 75,I 75 and Decatur Street   Mlk Jr. Dr,,Rear End,2,Rain,Wet,Daylight
2021-12-10T16:37:00.000,I 75,I 75 and Decatur St Opas,,Sideswipe-Same Direction,2,Cloudy,Wet,Daylight
2023-02-16T06:55:00.000,I 75,I 75 and Decatur St Opas,,Rear End,2,Clear,Dry,Daylight
2023-08-10T12:24:00.000,I 75,I 75 and Decatur St Opas,,Rear End,3,Clear,Dry,Daylight
2023-02-06T14:45:00.000,I 75,I 75 and Decatur St Opas,,Sideswipe-Same Direction,2,Clear,Dry,Daylight
2023-03-02T17:56:00.000,I 75,I 75 and Decatur St Opas,,Rear End,2,Rain,Wet,Dawn
2023-10-12T11:53:00.000,I 75,I 75 and Decatur St Opas,,Rear End,2,Cloudy,Dry,Daylight
2023-03-27T17:30:00.000,I 75,I 75 and Decatur St Opas,,Sideswipe-Same Direction,2,Clear,Dry,Daylight
2021-11-01T06:23:00.000,I 75,I 75 and Decatur St Opas,,Rear End,2,Clear,Dry,Dark-Lighted
2021-12-10T14:46:00.000,I 75,I 75 and Decatur St Opas,,Sideswipe-Same Direction,2,Cloudy,Wet,Daylight
2022-04-12T17:20:00.000,I 75,I 75 and Decatur St Opas,,Rear End,2,Clear,Dry,Daylight
2022-08-04T07:58:00.000,I 75,I 75 and Decatur St Opas,,Angle Crash,2,Clear,Dry,Daylight
2022-02-25T11:12:00.000,I 75,I 75 and Decatur St Opas,,Angle Crash,4,Cloudy,Wet,Daylight
2021-10-19T14:58:00.000,I 75,I 75 and Decatur St Opas,,Rear End,2,Clear,Dry,Daylight
2022-03-28T07:03:00.000,I 75,I 75 and Decatur St Opas,,Sideswipe-Same Direction,4,Clear,Dry,Dark-Lighted
2022-08-16T09:45:00.000,I 75,I 75 and Decatur St Opas,,Rear End,2,Cloudy,Dry,Daylight
2022-11-29T12:13:00.000,I 75,I 75 and Decatur St Opas,,Rear End,2,Clear,Dry,Daylight
2022-11-11T11:21:00.000,I 75,I 75 and Decatur St Opas,,Sideswipe-Same Direction,2,Rain,Wet,Daylight
2022-05-17T09:00:00.000,I 75,I 75 and Decatur St Opas,,Rear End,2,Clear,Dry,Daylight
2022-07-07T14:02:00.000,I 75,I 75 and Decatur St Opas,,Rear End,2,Cloudy,Dry,Daylight
2023-10-12T11:53:00.000,I 75,I 75 and Decatur St Opas,,Rear End,2,Cloudy,Dry,Daylight
2024-12-03T09:52:00.000,I 75,I 75 and Decatur St Opas,,Rear End,2,Clear,Dry,Daylight
2023-07-28T13:00:00.000,I 75,I 75 and Decatur St Opas,,Rear End,3,Cloudy,Dry,Daylight
2023-10-12T11:53:00.000,I 75,I 75 and Decatur St Opas,,Rear End,2,Cloudy,Dry,Daylight
2024-07-29T16:03:00.000,I 75,I 75 and Decatur St Opas,,Sideswipe-Same Direction,2,Clear,Dry,Daylight
2024-12-01T16:01:00.000,I 75,I 75 and Decatur St Opas,,Rear End,2,Clear,Dry,Daylight
2021-12-13T18:55:00.000,I 75,I 75 and Decatur St,,Sideswipe-Same Direction,2,Clear,Dry,Dark-Lighted
2021-12-14T19:35:00.000,I 75,I 75 and Decatur St,,Rear End,2,Clear,Dry,Dark-Lighted
2023-03-16T12:18:00.000,I 75,I 75 and Decatur St,,Rear End,2,Clear,Dry,Daylight
2023-06-09T09:55:00.000,I 75,I 75 and Decatur St,,Sideswipe-Same Direction,2,Clear,Dry,Daylight
2023-10-13T19:25:00.000,I 75,I 75 and Decatur St,,Rear End,2,Cloudy,Dry,Dark-Lighted
2023-05-22T08:35:00.000,I 75,I 75 and Decatur St,,Sideswipe-Same Direction,2,Clear,Dry,Daylight
2023-06-08T10:05:00.000,I 75,I 75 and Decatur St,,Sideswipe-Same Direction,2,Clear,Dry,Daylight
2023-06-30T10:20:00.000,I 75,I 75 and Decatur St,,Sideswipe-Same Direction,2,Clear,Dry,Daylight
2023-05-22T19:35:00.000,I 75,I 75 and Decatur St,,Sideswipe-Same Direction,2,Rain,Wet,Daylight
2022-07-01T18:57:00.000,I 75,I 75 and Decatur St,,Rear End,2,Clear,Dry,Daylight
2021-03-12T11:25:00.000,I 75,I 75 and Decatur St,,Rear End,2,Clear,Dry,Daylight
2021-10-27T17:43:00.000,I 75,I 75 and Decatur St,,Sideswipe-Same Direction,2,Clear,Dry,Daylight
2022-07-21T10:22:00.000,I 75,I 75 and Decatur St,,Rear End,3,Rain,Wet,Daylight
2022-04-15T12:50:00.000,I 75,I 75 and Decatur St,,Sideswipe-Same Direction,2,Clear,Dry,Daylight
2022-02-22T19:33:00.000,I 75,I 75 and Decatur St,,Rear End,3,Clear,Dry,Dark-Lighted
2021-11-02T06:23:00.000,I 75,I 75 and Decatur St,,Rear End,3,Clear,Dry,Dark-Lighted
2022-02-03T09:35:00.000,I 75,I 75 and Decatur St,,Rear End,2,Rain,Wet,Daylight
2022-09-27T17:35:00.000,I 75,I 75 and Decatur St,,Angle Crash,2,Clear,Dry,Daylight
2022-04-04T06:57:00.000,I 75,I 75 and Decatur St,,Rear End,3,Clear,Dry,Dawn
2022-06-16T10:48:00.000,I 75,I 75 and Decatur St,,Rear End,2,Clear,Dry,Daylight
2022-04-04T07:10:00.000,I 75,I 75 and Decatur St,,Rear End,2,Clear,Dry,Dawn
2022-03-31T08:21:00.000,I 75,I 75 and Decatur St,,Rear End,2,Rain,Wet,Daylight
2022-08-04T16:12:00.000,I 75,I 75 and Decatur St,,Sideswipe-Same Direction,2,Cloudy,Dry,Daylight
2022-07-19T08:20:00.000,I 75,I 75 and Decatur St,,Rear End,3,Cloudy,Wet,Daylight
2022-07-14T20:00:00.000,I 75,I 75 and Decatur St,,Rear End,2,Clear,Dry,Daylight
2022-12-20T11:47:00.000,I 75,I 75 and Decatur St,,Rear End,2,Rain,Wet,Daylight
2022-01-25T09:57:00.000,I 75,I 75 and Decatur St,,Rear End,2,Cloudy,Dry,Daylight
2022-02-04T10:08:00.000,I 75,I 75 and Decatur St,,Rear End,2,Rain,Wet,Daylight
2022-05-06T08:40:00.000,I 75,I 75 and Decatur St,,Rear End,2,Cloudy,Dry,Daylight
2022-03-22T07:54:00.000,I 75,I 75 and Decatur St,,Rear End,2,Clear,Dry,Daylight
2022-07-01T18:12:00.000,I 75,I 75 and Decatur St,,Rear End,3,Clear,Dry,Daylight
2022-05-17T15:45:00.000,I 75,I 75 and Decatur St,,Sideswipe-Same Direction,2,Clear,Dry,Daylight
2022-03-28T17:55:00.000,I 75,I 75 and Decatur St,,Sideswipe-Same Direction,2,Clear,Dry,Daylight
2022-04-01T16:20:00.000,I 75,I 75 and Decatur St,,Rear End,2,Clear,Dry,Daylight
2022-09-22T08:29:00.000,I 75,I 75 and Decatur St,,Sideswipe-Same Direction,2,Clear,Dry,Daylight
2022-07-07T17:50:00.000,I 75,I 75 and Decatur St,,Rear End,3,Cloudy,Dry,Daylight
2022-12-14T19:21:00.000,I 75,I 75 and Decatur St,,Rear End,3,Rain,Wet,Dark-Not Lighted
2024-03-01T16:40:00.000,I 75,I 75 and Decatur St,,Rear End,2,Rain,Wet,Daylight
2024-03-26T23:00:00.000,I 75,I 75 and Decatur St,,Rear End,2,Rain,Wet,Dark-Lighted
2024-09-19T17:50:00.000,I 75,I 75 and Decatur St,,Rear End,3,Clear,Dry,Daylight
2024-02-01T17:20:00.000,I 75,I 75 and Decatur St,,Rear End,2,Clear,Dry,Daylight
2023-08-19T19:30:00.000,I 75,I 75 and Decatur St,,Rear End,2,Clear,Dry,Daylight
2023-10-31T16:20:00.000,I 75,I 75 and Decatur St,,Rear End,2,Clear,Wet,Daylight
2023-12-28T19:01:00.000,I 75,I 75 and Decatur St,,Rear End,2,Clear,Dry,Dark-Lighted
2023-02-07T15:00:00.000,I 75,I 75 and Decatur St,,Rear End,2,Clear,Dry,Daylight
2023-10-12T16:09:00.000,I 75,I 75 and Decatur St,,Rear End,2,Cloudy,Dry,Daylight
2023-05-01T17:50:00.000,I 75,I 75 and Decatur St,,Sideswipe-Same Direction,2,Clear,Dry,Daylight
2023-09-07T15:20:00.000,I 75,I 75 and Decatur St,,Rear End,2,Clear,Dry,Daylight
2023-03-09T10:20:00.000,I 75,I 75 and Decatur St,,Rear End,2,Cloudy,Wet,Daylight
2023-08-25T12:34:00.000,I 75,I 75 and Decatur St,,Rear End,2,Clear,Dry,Daylight
2023-11-07T13:10:00.000,I 75,I 75 and Decatur St,,Sideswipe-Same Direction,2,Clear,Dry,Daylight
2023-10-23T07:03:00.000,I 75,I 75 and Decatur St,,Rear End,2,Clear,Dry,Daylight
2023-08-13T13:37:00.000,I 75,I 75 and Decatur St,,Sideswipe-Same Direction,2,Cloudy,Dry,Daylight
2023-12-29T19:21:00.000,I 75,I 75 and Decatur St,,Rear End,2,Clear,Dry,Dark-Lighted
2024-11-01T15:24:00.000,I 75,I 75 and Decatur St,,Sideswipe-Same Direction,2,Clear,Dry,Daylight
2024-09-27T09:00:00.000,I 75,I 75 and Decatur St,,Rear End,3,Rain,Wet,Daylight
2024-03-21T10:43:00.000,I 75,I 75 and Decatur St,,Rear End,2,Clear,Dry,Daylight
2024-02-01T18:20:00.000,I 75,I 75 and Decatur St,,Sideswipe-Same Direction,2,Clear,Dry,Dark-Lighted
2024-02-19T19:20:00.000,I 75,I 75 and Decatur St,,Rear End,2,Clear,Dry,Dark-Lighted
2024-10-18T08:36:00.000,I 75,I 75 and Decatur St,,Rear End,2,Clear,Dry,Daylight
2024-10-31T17:09:00.000,I 75,I 75 and Decatur St,,Rear End,2,Cloudy,Dry,Daylight
2024-07-25T15:10:00.000,I 75,I 75 and Decatur St,,Sideswipe-Same Direction,2,Clear,Dry,Daylight
2024-05-06T16:48:00.000,I 75,I 75 and Decatur St,,Rear End,2,Clear,Dry,Daylight
2024-02-12T15:40:00.000,I 75,I 75 and Decatur St,,Rear End,3,Rain,Wet,Daylight
2024-06-25T07:51:00.000,I 75,I 75 and Decatur St,,Sideswipe-Same Direction,2,Clear,Dry,Daylight
2024-02-05T11:45:00.000,I 75,I 75 and Decatur St,,Sideswipe-Same Direction,2,Cloudy,Dry,Daylight
2024-07-01T09:45:00.000,I 75,I 75 and Decatur St,,Rear End,2,Clear,Dry,Daylight
2024-03-18T07:52:00.000,I 75,I 75 and Decatur St,,Rear End,2,Clear,Dry,Daylight
2021-09-20T08:14:00.000,I 75,I 75 and Deacon Ave,,Not a Collision with Motor Vehicle,1,Rain,Wet,Daylight
2023-09-15T23:32:00.000,I 75,I 75 and Darden Road Opas,,Not a Collision with Motor Vehicle,1,Cloudy,Dry,Dark-Not Lighted
2022-04-20T21:20:00.000,I 75,I 75 and Darden Road Opas,,Rear End,2,Clear,Dry,Dark-Not Lighted
2021-07-14T12:27:00.000,I 75,I 75 and Darden Rd,,Not a Collision with Motor Vehicle,1,Clear,Wet,Daylight
2021-02-22T10:25:00.000,I 75,I 75 and Darden Rd,,Not a Collision with Motor Vehicle,1,Clear,Dry,Daylight
2021-10-11T12:13:00.000,I 75,I 75 and Darden Rd,,Sideswipe-Same Direction,2,Clear,Dry,Daylight
2021-07-20T11:30:00.000,I 75,I 75 and Darden Rd,,Not a Collision with Motor Vehicle,1,Rain,Wet,Daylight
2021-03-25T19:14:00.000,I 75,I 75 and Darden Rd,,Rear End,2,Cloudy,Dry,Daylight
2021-06-14T08:35:00.000,I 75,I 75 and Darden Rd,,Sideswipe-Same Direction,2,Clear,Dry,Daylight
2023-03-13T06:26:00.000,I 75,I 75 and Darden Rd,,Sideswipe-Same Direction,2,Cloudy,Dry,Dark-Not Lighted
2023-03-04T14:20:00.000,I 75,I 75 and Darden Rd,,Sideswipe-Same Direction,2,Clear,Dry,Daylight
2023-05-06T03:38:00.000,I 75,I 75 and Darden Rd,,Rear End,2,Clear,Dry,Dark-Not Lighted
2020-06-12T00:00:00.000,I 75,I 75 and Darden Rd,,Not a Collision with Motor Vehicle,1,Rain,Wet,Dark-Not Lighted
2020-02-18T05:01:00.000,I 75,I 75 and Darden Rd,,Not a Collision with Motor Vehicle,1,Cloudy,Wet,Dark-Not Lighted
2020-08-04T19:50:00.000,I 75,I 75 and Darden Rd,,Not a Collision with Motor Vehicle,1,Rain,Wet,Daylight
2020-05-24T05:10:00.000,I 75,I 75 and Darden Rd,,Not a Collision with Motor Vehicle,1,Clear,Dry,Dark-Not Lighted
2020-11-08T11:16:00.000,I 75,I 75 and Darden Rd,,Angle Crash,2,Clear,Dry,Daylight
2020-12-29T14:35:00.000,I 75,I 75 and Darden Rd,,Sideswipe-Same Direction,2,Clear,Dry,Daylight
2020-02-17T03:39:00.000,I 75,I 75 and Darden Rd,,Sideswipe-Same Direction,2,Rain,Wet,Dark-Not Lighted
2020-06-23T15:05:00.000,I 75,I 75 and Darden Rd,,Not a Collision with Motor Vehicle,1,Rain,Wet,Daylight
2020-10-08T23:33:00.000,I 75,I 75 and Darden Rd,,Rear End,2,Clear,Dry,Daylight
2020-09-26T23:20:00.000,I 75,I 75 and Darden Rd,,Rear End,2,Clear,Dry,Dark-Not Lighted
2020-06-11T22:44:00.000,I 75,I 75 and Darden Rd,,Not a Collision with Motor Vehicle,1,Rain,Wet,Dark-Not Lighted
2021-10-18T01:35:00.000,I 75,I 75 and Darden Rd,,Not a Collision with Motor Vehicle,1,Clear,Dry,Dark-Not Lighted
2021-07-11T13:32:00.000,I 75,I 75 and Darden Rd,,Angle Crash,2,Clear,Dry,Daylight
2022-07-24T15:40:00.000,I 75,I 75 and Darden Rd,,Not a Collision with Motor Vehicle,1,Clear,Dry,Daylight
2022-07-01T04:54:00.000,I 75,I 75 and Darden Rd,,Rear End,4,Clear,Dry,Dark-Not Lighted
2022-03-19T09:10:00.000,I 75,I 75 and Darden Rd,,Not a Collision with Motor Vehicle,1,Rain,Wet,Daylight
2022-11-12T16:15:00.000,I 75,I 75 and Darden Rd,,Sideswipe-Same Direction,3,Clear,Dry,Daylight
2022-08-06T17:50:00.000,I 75,I 75 and Darden Rd,,Not a Collision with Motor Vehicle,1,Rain,Wet,Daylight
2022-11-06T18:45:00.000,I 75,I 75 and Darden Rd,,Not a Collision with Motor Vehicle,1,Rain,Wet,Dark-Not Lighted
2024-09-20T13:47:00.000,I 75,I 75 and Darden Rd,,Not a Collision with Motor Vehicle,1,Clear,Dry,Daylight
2024-04-04T20:28:00.000,I 75,I 75 and Darden Rd,,Not a Collision with Motor Vehicle,1,Clear,Dry,Dark-Not Lighted
2024-06-02T15:10:00.000,I 75,I 75 and Darden Rd,,Rear End,2,Clear,Dry,Daylight
2024-04-05T08:26:00.000,I 75,I 75 and Darden Rd,,Sideswipe-Same Direction,2,Clear,Dry,Daylight
2024-09-17T18:22:00.000,I 75,I 75 and Darden Rd,,Angle Crash,2,Cloudy,Dry,Daylight
2024-10-25T16:30:00.000,I 75,I 75 and Darden Rd,,Not a Collision with Motor Vehicle,1,Clear,Dry,Daylight
2024-06-29T06:30:00.000,I 75,I 75 and Darden Rd,,Not a Collision with Motor Vehicle,1,Cloudy,Dry,Daylight
2024-05-18T10:50:00.000,I 75,I 75 and Darden Rd,,Not a Collision with Motor Vehicle,1,Rain,Wet,Daylight
2021-08-28T19:06:00.000,I 75,I 75 and Darden,,Not a Collision with Motor Vehicle,1,Cloudy,Wet,Daylight
2024-08-02T09:06:00.000,I 75,I 75 and Darden,,Not a Collision with Motor Vehicle,1,Rain,Wet,Daylight
2020-03-23T07:28:00.000,I 75,I 75 and Cw Grant Rp,,Sideswipe-Same Direction,2,Cloudy,Wet,Dark-Lighted
2021-06-26T19:54:00.000,I 75,I 75 and Cw Grant Pwky,,Not a Collision with Motor Vehicle,1,Rain,Wet,Dark-Lighted
2021-04-13T12:27:00.000,I 75,I 75 and Cw Grant Pkwy,,Rear End,2,Clear,Dry,Daylight
2021-06-30T00:54:00.000,I 75,I 75 and Cw Grant Pkwy,,Sideswipe-Same Direction,2,Clear,Dry,Dark-Not Lighted
2021-08-12T09:52:00.000,I 75,I 75 and Cw Grant Pkwy,,Rear End,2,Clear,Dry,Daylight
2021-06-26T21:26:00.000,I 75,I 75 and Cw Grant Pkwy,,Sideswipe-Same Direction,2,Clear,Dry,Dark-Lighted
2021-04-03T03:30:00.000,I 75,I 75 and Cw Grant Pkwy,,Not a Collision with Motor Vehicle,1,Clear,Dry,Dark-Lighted
2023-08-23T02:00:00.000,I 75,I 75 and Cw Grant Pkwy,,Sideswipe-Same Direction,2,Clear,Dry,Dark-Lighted
2023-03-09T16:50:00.000,I 75,I 75 and Cw Grant Pkwy,,Rear End,2,Cloudy,Dry,Daylight
2023-03-23T04:43:00.000,I 75,I 75 and Cw Grant Pkwy,,Not a Collision with Motor Vehicle,1,Clear,Dry,Dark-Lighted
2023-10-13T17:11:00.000,I 75,I 75 and Cw Grant Pkwy,,Rear End,2,Rain,Wet,Daylight
2023-07-16T07:40:00.000,I 75,I 75 and Cw Grant Pkwy,,Sideswipe-Opposite Direction,2,Clear,Dry,Daylight
2020-02-04T15:29:00.000,I 75,I 75 and Cw Grant Pkwy,,Sideswipe-Same Direction,2,Clear,Dry,Daylight
2020-09-18T16:10:00.000,I 75,I 75 and Cw Grant Pkwy,,Sideswipe-Same Direction,2,Clear,Dry,Daylight
2020-12-22T13:55:00.000,I 75,I 75 and Cw Grant Pkwy,,Sideswipe-Same Direction,2,Clear,Dry,Daylight
2020-01-27T16:18:00.000,I 75,I 75 and Cw Grant Pkwy,,Rear End,2,Cloudy,Dry,Daylight
2020-07-16T18:31:00.000,I 75,I 75 and Cw Grant Pkwy,,Rear End,5,Clear,Dry,Daylight
2020-09-12T21:10:00.000,I 75,I 75 and Cw Grant Pkwy,,Not a Collision with Motor Vehicle,1,Clear,Dry,Dark-Not Lighted
2020-05-19T13:24:00.000,I 75,I 75 and Cw Grant Pkwy,,Sideswipe-Same Direction,2,Clear,Dry,Daylight
2021-04-01T05:15:00.000,I 75,I 75 and Cw Grant Pkwy,,Angle Crash,2,Clear,Dry,Dark-Not Lighted
2021-09-02T17:20:00.000,I 75,I 75 and Cw Grant Pkwy,,Rear End,4,Clear,Dry,Daylight
2022-09-25T20:55:00.000,I 75,I 75 and Cw Grant Pkwy,,Sideswipe-Same Direction,2,Clear,Dry,Dark-Lighted
2022-01-12T16:47:00.000,I 75,I 75 and Cw Grant Pkwy,,Sideswipe-Same Direction,2,Clear,Dry,Daylight
2022-10-12T00:35:00.000,I 75,I 75 and Cw Grant Pkwy,,Angle Crash,2,Clear,Dry,Dark-Lighted
2022-12-21T17:50:00.000,I 75,I 75 and Cw Grant Pkwy,,Rear End,2,Cloudy,Wet,Daylight
2022-12-01T12:00:00.000,I 75,I 75 and Cw Grant Pkwy,,Rear End,2,Clear,Dry,Daylight
2022-09-30T16:18:00.000,I 75,I 75 and Cw Grant Pkwy,,Rear End,2,Clear,Dry,Daylight
2021-08-29T19:22:00.000,I 75,I 75 and Cw Grant Pkwy,,Sideswipe-Same Direction,2,Clear,Dry,Dark-Not Lighted
2021-09-12T04:15:00.000,I 75,I 75 and Cw Grant Pkwy,,Not a Collision with Motor Vehicle,1,Clear,Dry,Dark-Lighted
2022-12-06T02:03:00.000,I 75,I 75 and Cw Grant Pkwy,,Rear End,2,Rain,Wet,Dark-Lighted
2022-08-15T15:43:00.000,I 75,I 75 and Cw Grant Pkwy,,Rear End,2,Cloudy,Wet,Daylight
2022-05-18T14:20:00.000,I 75,I 75 and Cw Grant Pkwy,,Rear End,2,Clear,Dry,Daylight
2023-08-31T17:24:00.000,I 75,I 75 and Cw Grant Pkwy,,Rear End,2,Clear,Dry,Daylight
2024-05-08T06:37:00.000,I 75,I 75 and Cw Grant Pkwy,,Rear End,2,Clear,Dry,Daylight
2023-07-22T10:38:00.000,I 75,I 75 and Cw Grant Pkwy,,Not a Collision with Motor Vehicle,3,Clear,Dry,Daylight
2023-03-31T14:58:00.000,I 75,I 75 and Cw Grant Pkwy,,Angle Crash,2,Cloudy,Dry,Daylight
2024-02-12T18:05:00.000,I 75,I 75 and Cw Grant Pkwy,,Rear End,2,Cloudy,Wet,Dusk
2022-08-06T03:39:00.000,I 75,I 75 and Cw Grant Exit,,Sideswipe-Same Direction,2,Clear,Dry,Dark-Not Lighted
2022-03-23T04:57:00.000,I 75,I 75 and Cw Grant,,Rear End,2,Rain,Wet,Dark-Lighted
2020-10-05T16:31:00.000,I 75,I 75 and Cw Grant,,Sideswipe-Same Direction,2,Clear,Dry,Daylight
2022-05-02T16:04:00.000,I 75,I 75 and Cw Grant,,Rear End,3,Clear,Dry,Daylight
2022-08-29T08:09:00.000,I 75,I 75 and Cw Grant,,Rear End,2,Clear,Dry,Daylight