Date and Time,Roadway (From Crash Report),Intersection Name (from Crash Report),KABCO Severity,Manner of Collision (Crash Level) ,# of Vehicles per crash ,Weather Conditions (Crash Level),Surface Condition (Crash Level) ,Light Conditions (Crash Level)
2024-12-20T20:55:00.000,I 75,I 75 and Cw Grant,,Sideswipe-Same Direction,2,Clear,Dry,Dark-Lighted
2024-09-16T05:10:00.000,I 75,I 75 and Cw Grant,,Rear End,2,Clear,Dry,Daylight
2024-12-20T20:19:00.000,I 75,I 75 and Cw Grant,,Rear End,3,Clear,Dry,Dark-Lighted
2020-03-07T19:30:00.000,I 75,I 75 and Cumbrland Blvd,,Rear End,2,Clear,Dry,Dark-Not Lighted
2022-11-14T17:45:00.000,I 75,I 75 and Cumberland Rd,,Rear End,2,Clear,Dry,Dark-Lighted
2021-10-23T08:00:00.000,I 75,I 75 and Cumberland Pkwy,,Sideswipe-Same Direction,2,Clear,Dry,Dark-Not Lighted
2023-07-18T23:00:00.000,I 75,I 75 and Cumberland Pkwy,,Rear End,3,Clear,Dry,Dark-Lighted
2023-01-17T16:15:00.000,I 75,I 75 and Cumberland Pkwy,,Rear End,3,Cloudy,Dry,Daylight
2023-02-24T22:15:00.000,I 75,I 75 and Cumberland Pkwy,,Rear End,3,Rain,Wet,Dark-Lighted
2022-10-14T10:38:00.000,I 75,I 75 and Cumberland Pkwy,,Sideswipe-Same Direction,2,Clear,Dry,Daylight
2022-07-15T14:22:00.000,I 75,I 75 and Cumberland Pkwy,,Rear End,3,Clear,Dry,Daylight
2022-06-20T17:20:00.000,I 75,I 75 and Cumberland Pkwy,,Rear End,3,Clear,Dry,Daylight
2023-02-06T08:37:00.000,I 75,I 75 and Cumberland Pkwy,,Rear End,2,Clear,Dry,Daylight
2024-01-08T09:10:00.000,I 75,I 75 and Cumberland Pkwy,,Rear End,3,Clear,Dry,Daylight
2023-06-02T21:45:00.000,I 75,I 75 and Cumberland Lvd,,Rear End,2,Clear,Dry,Dark-Not Lighted
2024-02-23T11:58:00.000,I 75,I 75 and Cumberland Boulvevard,,Sideswipe-Same Direction,2,Cloudy,Dry,Daylight
2021-01-27T05:53:00.000,I 75,I 75 and Cumberland Boulveard,,Not a Collision with Motor Vehicle,1,Rain,Wet,Dark-Not Lighted
2024-04-30T07:48:00.000,I 75,I 75 and Cumberland Boulrvard,,Rear End,2,Rain,Wet,Daylight
2023-12-01T08:33:00.000,I 75,I 75 and Cumberland Boulevard Opas,,Sideswipe-Same Direction,2,Rain,Wet,Daylight
2021-09-14T17:35:00.000,I 75,I 75 and Cumberland Boulevard Opas,,Sideswipe-Same Direction,2,Clear,Dry,Daylight
2024-07-09T16:37:00.000,I 75,I 75 and Cumberland Boulevard Opas,,Rear End,2,Cloudy,Dry,Daylight
2023-09-12T13:42:00.000,I 75,I 75 and Cumberland Blvd.,,Rear End,2,Rain,Wet,Daylight
2023-07-07T17:00:00.000,I 75,I 75 and Cumberland Blvd.,,Rear End,2,Clear,Dry,Daylight
2023-03-20T08:30:00.000,I 75,I 75 and Cumberland Blvd.,,Rear End,3,Clear,Dry,Daylight
2023-05-05T13:50:00.000,I 75,I 75 and Cumberland Blvd.,,Sideswipe-Same Direction,2,Rain,Wet,Daylight
2022-04-12T15:27:00.000,I 75,I 75 and Cumberland Blvd.,,Rear End,3,Clear,Dry,Daylight
2022-03-16T20:30:00.000,I 75,I 75 and Cumberland Blvd.,,Sideswipe-Same Direction,2,Rain,Water (standing or moving),Dark-Lighted
2022-12-09T18:06:00.000,I 75,I 75 and Cumberland Blvd.,,Rear End,3,Rain,Wet,Dark-Not Lighted
2022-04-15T17:55:00.000,I 75,I 75 and Cumberland Blvd.,,Rear End,2,Clear,Dry,Daylight
2023-10-16T13:15:00.000,I 75,I 75 and Cumberland Blvd Southeast,,Rear End,2,Cloudy,Dry,Daylight
2021-12-19T16:54:00.000,I 75,I 75 and Cumberland Blvd Opas,,Sideswipe-Same Direction,2,Cloudy,Dry,Daylight
2023-08-08T14:53:00.000,I 75,I 75 and Cumberland Blvd Entrance Rp,,Rear End,4,Clear,Dry,Daylight
2021-04-24T09:32:00.000,I 75,I 75 and Cumberland Blvd,,Angle Crash,2,Rain,Water (standing or moving),Daylight
2021-02-15T13:58:00.000,I 75,I 75 and Cumberland Blvd,,Sideswipe-Same Direction,2,Rain,Wet,Daylight
2021-06-27T14:40:00.000,I 75,I 75 and Cumberland Blvd,,Rear End,2,Cloudy,Dry,Daylight
2021-08-03T12:15:00.000,I 75,I 75 and Cumberland Blvd,,Not a Collision with Motor Vehicle,2,Cloudy,Dry,Daylight
2021-12-19T13:38:00.000,I 75,I 75 and Cumberland Blvd,,Angle Crash,2,Cloudy,Dry,Daylight
2021-08-02T11:40:00.000,I 75,I 75 and Cumberland Blvd,,Rear End,2,Cloudy,Dry,Daylight
2021-07-20T14:48:00.000,I 75,I 75 and Cumberland Blvd,,Rear End,2,Rain,Wet,Daylight
2021-12-30T11:49:00.000,I 75,I 75 and Cumberland Blvd,,Not a Collision with Motor Vehicle,1,Rain,Wet,Daylight
2021-09-01T00:11:00.000,I 75,I 75 and Cumberland Blvd,,Rear End,2,Rain,Wet,Dark-Not Lighted
2021-09-01T08:50:00.000,I 75,I 75 and Cumberland Blvd,,Sideswipe-Same Direction,2,Clear,Dry,Daylight
2021-08-01T18:24:00.000,I 75,I 75 and Cumberland Blvd,,Sideswipe-Same Direction,2,Clear,Dry,Daylight
2021-04-18T02:30:00.000,I 75,I 75 and Cumberland Blvd,,Sideswipe-Same Direction,2,Clear,Dry,Dark-Not Lighted
2021-02-22T08:39:00.000,I 75,I 75 and Cumberland Blvd,,Rear End,2,Cloudy,Wet,Daylight
2021-01-04T18:41:00.000,I 75,I 75 and Cumberland Blvd,,Rear End,2,Clear,Dry,Dark-Lighted
2021-06-02T15:52:00.000,I 75,I 75 and Cumberland Blvd,,Sideswipe-Same Direction,2,Cloudy,Dry,Daylight
2021-12-15T09:09:00.000,I 75,I 75 and Cumberland Blvd,,Sideswipe-Same Direction,2,Clear,Dry,Daylight
2021-12-07T16:40:00.000,I 75,I 75 and Cumberland Blvd,,Rear End,2,Clear,Dry,Daylight
2021-10-26T18:46:00.000,I 75,I 75 and Cumberland Blvd,,Rear End,2,Clear,Dry,Daylight
2021-07-28T16:29:00.000,I 75,I 75 and Cumberland Blvd,,Not a Collision with Motor Vehicle,1,Cloudy,Dry,Daylight
2021-08-23T21:25:00.000,I 75,I 75 and Cumberland Blvd,,Rear End,2,Clear,Dry,Dark-Lighted
2021-11-10T18:31:00.000,I 75,I 75 and Cumberland Blvd,,Rear End,2,Clear,Dry,Dark-Not Lighted
2021-08-09T17:05:00.000,I 75,I 75 and Cumberland Blvd,,Rear End,2,Cloudy,Dry,Daylight
2021-12-30T07:07:00.000,I 75,I 75 and Cumberland Blvd,,Not a Collision with Motor Vehicle,1,Rain,Wet,Daylight
2021-12-15T18:04:00.000,I 75,I 75 and Cumberland Blvd,,Sideswipe-Same Direction,2,Clear,Dry,Daylight
2021-08-09T17:07:00.000,I 75,I 75 and Cumberland Blvd,,Sideswipe-Same Direction,2,Cloudy,Dry,Daylight
2021-05-01T13:15:00.000,I 75,I 75 and Cumberland Blvd,,Angle Crash,2,Clear,Dry,Daylight
2021-12-15T16:40:00.000,I 75,I 75 and Cumberland Blvd,,Rear End,3,Cloudy,Dry,Daylight
2021-07-27T17:17:00.000,I 75,I 75 and Cumberland Blvd,,Rear End,2,Cloudy,Dry,Daylight
2021-11-26T19:01:00.000,I 75,I 75 and Cumberland Blvd,,Angle Crash,2,Clear,Dry,Daylight
2021-11-22T04:37:00.000,I 75,I 75 and Cumberland Blvd,,Rear End,2,Rain,Wet,Dark-Lighted
2021-05-07T18:00:00.000,I 75,I 75 and Cumberland Blvd,,Sideswipe-Same Direction,2,Cloudy,Dry,Daylight
2021-06-11T16:54:00.000,I 75,I 75 and Cumberland Blvd,,Rear End,2,Rain,Wet,Daylight
2021-05-01T13:14:00.000,I 75,I 75 and Cumberland Blvd,,Rear End,2,Clear,Dry,Daylight
2021-06-19T16:30:00.000,I 75,I 75 and Cumberland Blvd,,Rear End,2,Rain,Wet,Daylight
2021-09-02T07:51:00.000,I 75,I 75 and Cumberland Blvd,,Rear End,2,Clear,Dry,Daylight
2021-08-23T01:14:00.000,I 75,I 75 and Cumberland Blvd,,Not a Collision with Motor Vehicle,1,Clear,Dry,Dark-Not Lighted
2021-07-22T12:35:00.000,I 75,I 75 and Cumberland Blvd,,Rear End,2,Cloudy,Dry,Daylight
2021-10-01T08:13:00.000,I 75,I 75 and Cumberland Blvd,,Sideswipe-Same Direction,2,Cloudy,Dry,Daylight
2021-11-17T11:12:00.000,I 75,I 75 and Cumberland Blvd,,Sideswipe-Same Direction,2,Clear,Dry,Daylight
2021-09-13T07:47:00.000,I 75,I 75 and Cumberland Blvd,,Rear End,2,Clear,Dry,Daylight
2021-12-30T07:27:00.000,I 75,I 75 and Cumberland Blvd,,Not a Collision with Motor Vehicle,1,Rain,Wet,Dark-Lighted
2021-09-20T08:47:00.000,I 75,I 75 and Cumberland Blvd,,Rear End,2,Rain,Wet,Daylight
2021-11-14T01:00:00.000,I 75,I 75 and Cumberland Blvd,,Rear End,2,Clear,Dry,Dark-Lighted
2021-02-01T00:00:00.000,I 75,I 75 and Cumberland Blvd,,Not a Collision with Motor Vehicle,1,Cloudy,Dry,Daylight
2020-03-23T20:09:00.000,I 75,I 75 and Cumberland Blvd,,Not a Collision with Motor Vehicle,1,Rain,Wet,Dark-Lighted
2020-03-05T00:28:00.000,I 75,I 75 and Cumberland Blvd,,Angle Crash,2,Rain,Wet,Dark-Not Lighted
2020-11-21T03:30:00.000,I 75,I 75 and Cumberland Blvd,,Rear End,2,Clear,Dry,Dark-Lighted
2023-10-20T16:40:00.000,I 75,I 75 and Cumberland Blvd,,Rear End,3,Clear,Dry,Daylight
2023-11-14T15:50:00.000,I 75,I 75 and Cumberland Blvd,,Rear End,2,Clear,Dry,Daylight
2023-03-23T14:15:00.000,I 75,I 75 and Cumberland Blvd,,Rear End,2,Clear,Dry,Daylight
2023-08-25T15:42:00.000,I 75,I 75 and Cumberland Blvd,,Head On,2,Clear,Dry,Daylight
2023-12-27T17:39:00.000,I 75,I 75 and Cumberland Blvd,,Sideswipe-Same Direction,3,Clear,Dry,Daylight
2023-12-09T22:20:00.000,I 75,I 75 and Cumberland Blvd,,Not a Collision with Motor Vehicle,1,Rain,Water (standing or moving),Dark-Lighted
2023-12-22T11:20:00.000,I 75,I 75 and Cumberland Blvd,,Rear End,2,Clear,Dry,Daylight
2023-04-10T10:10:00.000,I 75,I 75 and Cumberland Blvd,,Not a Collision with Motor Vehicle,2,Clear,Dry,Daylight
2023-02-16T20:45:00.000,I 75,I 75 and Cumberland Blvd,,Sideswipe-Same Direction,2,Rain,Wet,Dark-Lighted
2023-01-03T18:38:00.000,I 75,I 75 and Cumberland Blvd,,Sideswipe-Same Direction,2,Rain,Wet,Dark-Not Lighted
2023-03-17T08:20:00.000,I 75,I 75 and Cumberland Blvd,,Sideswipe-Same Direction,2,Rain,Wet,Daylight
2023-10-23T04:32:00.000,I 75,I 75 and Cumberland Blvd,,Rear End,2,Clear,Dry,Dark-Lighted
2023-03-27T06:55:00.000,I 75,I 75 and Cumberland Blvd,,Rear End,3,Rain,Wet,Dark-Not Lighted
2023-02-23T16:40:00.000,I 75,I 75 and Cumberland Blvd,,Sideswipe-Same Direction,2,Cloudy,Dry,Daylight
2023-04-02T19:00:00.000,I 75,I 75 and Cumberland Blvd,,Angle Crash,2,Clear,Dry,Daylight
2023-12-27T16:00:00.000,I 75,I 75 and Cumberland Blvd,,Sideswipe-Same Direction,2,Cloudy,Dry,Daylight
2023-05-05T22:56:00.000,I 75,I 75 and Cumberland Blvd,,Rear End,2,Clear,Dry,Dark-Not Lighted
2023-01-29T09:16:00.000,I 75,I 75 and Cumberland Blvd,,Angle Crash,2,Cloudy,Dry,Daylight
2023-01-11T16:45:00.000,I 75,I 75 and Cumberland Blvd,,Rear End,3,Clear,Dry,Daylight
2023-02-06T16:55:00.000,I 75,I 75 and Cumberland Blvd,,Rear End,3,Clear,Dry,Daylight
2023-02-25T18:20:00.000,I 75,I 75 and Cumberland Blvd,,Angle Crash,2,Rain,Wet,Dark-Not Lighted
2023-10-18T20:00:00.000,I 75,I 75 and Cumberland Blvd,,Angle Crash,2,Clear,Dry,Dark-Lighted
2023-03-22T12:47:00.000,I 75,I 75 and Cumberland Blvd,,Sideswipe-Same Direction,2,Cloudy,Dry,Daylight
2023-03-24T11:35:00.000,I 75,I 75 and Cumberland Blvd,,Sideswipe-Same Direction,2,Clear,Dry,Daylight
2023-08-15T08:54:00.000,I 75,I 75 and Cumberland Blvd,,Rear End,2,Clear,Dry,Daylight
2023-02-10T02:15:00.000,I 75,I 75 and Cumberland Blvd,,Sideswipe-Same Direction,2,Cloudy,Wet,Dark-Not Lighted
2023-11-19T21:00:00.000,I 75,I 75 and Cumberland Blvd,,Sideswipe-Same Direction,2,Clear,Dry,Dark-Not Lighted
2023-10-24T07:55:00.000,I 75,I 75 and Cumberland Blvd,,Sideswipe-Same Direction,2,Clear,Dry,Daylight
2023-08-10T17:20:00.000,I 75,I 75 and Cumberland Blvd,,Sideswipe-Same Direction,2,Clear,Dry,Daylight
2023-12-10T06:15:00.000,I 75,I 75 and Cumberland Blvd,,Not a Collision with Motor Vehicle,1,Cloudy,Water (standing or moving),Dark-Lighted
2023-03-25T13:10:00.000,I 75,I 75 and Cumberland Blvd,,Rear End,2,Clear,Dry,Daylight
2023-09-07T09:20:00.000,I 75,I 75 and Cumberland Blvd,,Sideswipe-Same Direction,2,Clear,Dry,Daylight
2023-04-24T17:46:00.000,I 75,I 75 and Cumberland Blvd,,Rear End,2,Clear,Dry,Daylight
2023-02-28T16:37:00.000,I 75,I 75 and Cumberland Blvd,,Sideswipe-Same Direction,2,Clear,Dry,Daylight
2023-06-30T11:10:00.000,I 75,I 75 and Cumberland Blvd,,Angle Crash,2,Clear,Dry,Daylight
2023-05-03T08:15:00.000,I 75,I 75 and Cumberland Blvd,,Angle Crash,2,Clear,Dry,Daylight
2023-03-06T15:45:00.000,I 75,I 75 and Cumberland Blvd,,Rear End,2,Clear,Dry,Daylight
2023-06-23T12:55:00.000,I 75,I 75 and Cumberland Blvd,,Not a Collision with Motor Vehicle,1,Clear,Dry,Daylight
2023-11-13T16:24:00.000,I 75,I 75 and Cumberland Blvd,,Rear End,2,Clear,Dry,Daylight
2023-02-16T20:45:00.000,I 75,I 75 and Cumberland Blvd,,Sideswipe-Same Direction,2,Rain,Wet,Dark-Lighted
2023-12-17T20:07:00.000,I 75,I 75 and Cumberland Blvd,,Rear End,3,Rain,Wet,Dark-Lighted
2023-04-25T01:10:00.000,I 75,I 75 and Cumberland Blvd,,Angle Crash,2,Clear,Dry,Dark-Lighted
2023-12-09T22:10:00.000,I 75,I 75 and Cumberland Blvd,,Not a Collision with Motor Vehicle,1,Rain,Wet,Dark-Not Lighted
2023-02-14T23:55:00.000,I 75,I 75 and Cumberland Blvd,,Rear End,2,Clear,Dry,Dark-Not Lighted
2023-06-03T21:19:00.000,I 75,I 75 and Cumberland Blvd,,Rear End,2,Clear,Dry,Dark-Lighted
2023-10-27T23:02:00.000,I 75,I 75 and Cumberland Blvd,,Rear End,2,Clear,Dry,Dark-Lighted
2023-07-25T16:20:00.000,I 75,I 75 and Cumberland Blvd,,Rear End,2,Cloudy,Dry,Daylight
2023-01-28T11:55:00.000,I 75,I 75 and Cumberland Blvd,,Rear End,2,Cloudy,Dry,Daylight
2023-01-26T17:30:00.000,I 75,I 75 and Cumberland Blvd,,Rear End,2,Clear,Dry,Daylight
2023-12-26T14:55:00.000,I 75,I 75 and Cumberland Blvd,,Rear End,2,Cloudy,Wet,Daylight
2023-05-24T00:12:00.000,I 75,I 75 and Cumberland Blvd,,Rear End,2,Cloudy,Dry,Dark-Lighted
2023-08-25T23:41:00.000,I 75,I 75 and Cumberland Blvd,,Rear End,4,Cloudy,Dry,Dark-Not Lighted
2023-12-01T13:48:00.000,I 75,I 75 and Cumberland Blvd,,Sideswipe-Same Direction,3,Cloudy,Wet,Daylight
2023-05-30T15:28:00.000,I 75,I 75 and Cumberland Blvd,,Sideswipe-Same Direction,2,Cloudy,Dry,Daylight
2023-09-18T11:30:00.000,I 75,I 75 and Cumberland Blvd,,Not a Collision with Motor Vehicle,2,Clear,Dry,Daylight
2023-03-31T12:42:00.000,I 75,I 75 and Cumberland Blvd,,Rear End,2,Clear,Dry,Daylight
2023-03-15T16:05:00.000,I 75,I 75 and Cumberland Blvd,,Angle Crash,2,Clear,Dry,Daylight
2023-01-03T18:30:00.000,I 75,I 75 and Cumberland Blvd,,Sideswipe-Same Direction,2,Cloudy,Wet,Dark-Not Lighted
2023-01-25T19:10:00.000,I 75,I 75 and Cumberland Blvd,,Rear End,2,Cloudy,Dry,Dark-Not Lighted
2023-10-29T21:45:00.000,I 75,I 75 and Cumberland Blvd,,Not a Collision with Motor Vehicle,1,Clear,Dry,Dark-Lighted
2023-10-23T21:02:00.000,I 75,I 75 and Cumberland Blvd,,Sideswipe-Same Direction,2,Clear,Dry,Dark-Not Lighted
2023-02-26T17:56:00.000,I 75,I 75 and Cumberland Blvd,,Rear End,2,Clear,Dry,Daylight
2023-11-09T07:37:00.000,I 75,I 75 and Cumberland Blvd,,Sideswipe-Same Direction,2,Cloudy,Dry,Daylight
2023-06-19T15:00:00.000,I 75,I 75 and Cumberland Blvd,,Rear End,2,Cloudy,Dry,Daylight
2023-08-17T13:22:00.000,I 75,I 75 and Cumberland Blvd,,Sideswipe-Same Direction,2,Cloudy,Dry,Daylight
2023-09-07T22:35:00.000,I 75,I 75 and Cumberland Blvd,,Angle Crash,2,Clear,Dry,Dark-Lighted
2023-06-02T16:45:00.000,I 75,I 75 and Cumberland Blvd,,Sideswipe-Same Direction,2,Clear,Dry,Daylight
2023-08-20T14:23:00.000,I 75,I 75 and Cumberland Blvd,,Rear End,2,Clear,Dry,Daylight
2023-03-05T16:28:00.000,I 75,I 75 and Cumberland Blvd,,Sideswipe-Same Direction,2,Clear,Dry,Daylight
2023-05-08T07:33:00.000,I 75,I 75 and Cumberland Blvd,,Rear End,2,Cloudy,Wet,Daylight
2023-09-07T14:00:00.000,I 75,I 75 and Cumberland Blvd,,Sideswipe-Same Direction,2,Cloudy,Dry,Daylight
2023-02-09T16:31:00.000,I 75,I 75 and Cumberland Blvd,,Rear End,2,Cloudy,Dry,Daylight
2023-12-10T17:45:00.000,I 75,I 75 and Cumberland Blvd,,Rear End,4,Rain,Wet,Dark-Not Lighted
2023-09-26T17:30:00.000,I 75,I 75 and Cumberland Blvd,,Rear End,2,Clear,Dry,Daylight
2023-01-24T03:08:00.000,I 75,I 75 and Cumberland Blvd,,Not a Collision with Motor Vehicle,1,Clear,Dry,Dark-Not Lighted
2023-07-18T09:40:00.000,I 75,I 75 and Cumberland Blvd,,Rear End,2,Clear,Dry,Daylight
2023-03-02T18:09:00.000,I 75,I 75 and Cumberland Blvd,,Angle Crash,1,Rain,Wet,Dark-Not Lighted
2023-02-08T18:40:00.000,I 75,I 75 and Cumberland Blvd,,Rear End,3,Clear,Dry,Dusk
2023-02-08T09:20:00.000,I 75,I 75 and Cumberland Blvd,,Sideswipe-Same Direction,2,Cloudy,Dry,Daylight
2023-12-14T08:32:00.000,I 75,I 75 and Cumberland Blvd,,Rear End,2,Clear,Dry,Daylight
2023-02-26T15:11:00.000,I 75,I 75 and Cumberland Blvd,,Rear End,2,Clear,Dry,Daylight
2023-02-22T15:30:00.000,I 75,I 75 and Cumberland Blvd,,Rear End,2,Cloudy,Dry,Daylight
2022-07-12T21:25:00.000,I 75,I 75 and Cumberland Blvd,,Rear End,2,Clear,Dry,Dark-Not Lighted
2022-12-01T00:22:00.000,I 75,I 75 and Cumberland Blvd,,Not a Collision with Motor Vehicle,1,Clear,Dry,Dark-Lighted
2022-05-06T07:46:00.000,I 75,I 75 and Cumberland Blvd,,Rear End,2,Cloudy,Dry,Daylight
2022-08-30T19:12:00.000,I 75,I 75 and Cumberland Blvd,,Rear End,2,Rain,Wet,Daylight
2022-09-21T07:48:00.000,I 75,I 75 and Cumberland Blvd,,Rear End,4,Clear,Dry,Daylight
2022-01-10T19:40:00.000,I 75,I 75 and Cumberland Blvd,,Sideswipe-Same Direction,2,Clear,Dry,Dark-Not Lighted
2022-11-15T12:26:00.000,I 75,I 75 and Cumberland Blvd,,Not a Collision with Motor Vehicle,1,Rain,Wet,Daylight
2023-03-13T22:00:00.000,I 75,I 75 and Cumberland Blvd,,Sideswipe-Same Direction,2,Clear,Dry,Dark-Lighted
2022-06-04T16:30:00.000,I 75,I 75 and Cumberland Blvd,,Not a Collision with Motor Vehicle,1,Clear,Dry,Daylight
2022-02-10T18:30:00.000,I 75,I 75 and Cumberland Blvd,,Rear End,3,Clear,Dry,Dark-Not Lighted
2023-08-04T14:20:00.000,I 75,I 75 and Cumberland Blvd,,Sideswipe-Same Direction,2,Cloudy,Dry,Daylight
2021-06-23T18:30:00.000,I 75,I 75 and Cumberland Blvd,,Rear End,2,Cloudy,Dry,Daylight
2021-12-08T08:28:00.000,I 75,I 75 and Cumberland Blvd,,Rear End,2,Cloudy,Wet,Daylight
2021-12-06T16:01:00.000,I 75,I 75 and Cumberland Blvd,,Sideswipe-Same Direction,2,Cloudy,Wet,Daylight
2020-03-09T16:44:00.000,I 75,I 75 and Cumberland Blvd,,Rear End,2,Cloudy,Dry,Daylight
2020-06-23T07:04:00.000,I 75,I 75 and Cumberland Blvd,,Rear End,2,Cloudy,Dry,Daylight
2020-11-30T17:22:00.000,I 75,I 75 and Cumberland Blvd,,Rear End,1,Rain,Wet,Daylight
2020-07-12T12:50:00.000,I 75,I 75 and Cumberland Blvd,,Rear End,2,Cloudy,Dry,Daylight
2020-07-20T11:35:00.000,I 75,I 75 and Cumberland Blvd,,Not a Collision with Motor Vehicle,1,Cloudy,Dry,Daylight
2020-12-24T08:50:00.000,I 75,I 75 and Cumberland Blvd,,Not a Collision with Motor Vehicle,1,Rain,Wet,Daylight
2020-01-18T04:22:00.000,I 75,I 75 and Cumberland Blvd,,Angle Crash,2,Clear,Dry,Dark-Lighted
2020-01-12T03:11:00.000,I 75,I 75 and Cumberland Blvd,,Sideswipe-Same Direction,2,Cloudy,Wet,Dark-Not Lighted
2020-02-21T12:00:00.000,I 75,I 75 and Cumberland Blvd,,Angle Crash,2,Clear,Dry,Daylight
2020-10-17T11:53:00.000,I 75,I 75 and Cumberland Blvd,,Sideswipe-Same Direction,2,Clear,Dry,Daylight
2020-12-13T05:56:00.000,I 75,I 75 and Cumberland Blvd,,Not a Collision with Motor Vehicle,1,Cloudy,Wet,Dark-Not Lighted
2020-10-10T20:38:00.000,I 75,I 75 and Cumberland Blvd,,Not a Collision with Motor Vehicle,1,Rain,Wet,Dark-Lighted
2020-10-25T05:20:00.000,I 75,I 75 and Cumberland Blvd,,Not a Collision with Motor Vehicle,1,Rain,Wet,Dark-Not Lighted
2020-07-08T19:05:00.000,I 75,I 75 and Cumberland Blvd,,Not a Collision with Motor Vehicle,1,Clear,Dry,Daylight
2020-01-29T06:53:00.000,I 75,I 75 and Cumberland Blvd,,Rear End,5,Cloudy,Dry,Daylight
2020-06-22T23:00:00.000,I 75,I 75 and Cumberland Blvd,,Rear End,2,Clear,Dry,Dark-Lighted
2020-10-01T11:25:00.000,I 75,I 75 and Cumberland Blvd,,Not a Collision with Motor Vehicle,1,Clear,Dry,Daylight
2020-03-17T21:45:00.000,I 75,I 75 and Cumberland Blvd,,Not a Collision with Motor Vehicle,1,Clear,Dry,Dark-Not Lighted
2020-09-14T15:15:00.000,I 75,I 75 and Cumberland Blvd,,Sideswipe-Same Direction,2,Rain,Wet,Daylight
2020-01-14T06:32:00.000,I 75,I 75 and Cumberland Blvd,,Rear End,2,Cloudy,Wet,Dawn
2020-02-05T09:00:00.000,I 75,I 75 and Cumberland Blvd,,Rear End,2,Cloudy,Wet,Daylight
2020-12-27T02:10:00.000,I 75,I 75 and Cumberland Blvd,,Not a Collision with Motor Vehicle,1,Clear,Dry,Dark-Lighted
2020-03-03T16:38:00.000,I 75,I 75 and Cumberland Blvd,,Rear End,2,Clear,Dry,Daylight
2020-06-09T08:34:00.000,I 75,I 75 and Cumberland Blvd,,Rear End,2,Cloudy,Dry,Daylight
2020-04-23T15:50:00.000,I 75,I 75 and Cumberland Blvd,,Not a Collision with Motor Vehicle,1,Cloudy,Wet,Daylight
2020-09-08T10:07:00.000,I 75,I 75 and Cumberland Blvd,,Rear End,3,Cloudy,Dry,Daylight
2020-09-12T21:51:00.000,I 75,I 75 and Cumberland Blvd,,Sideswipe-Same Direction,2,Clear,Dry,Daylight
2020-08-30T00:30:00.000,I 75,I 75 and Cumberland Blvd,,Sideswipe-Same Direction,2,Clear,Dry,Dark-Lighted
2020-01-23T11:02:00.000,I 75,I 75 and Cumberland Blvd,,Sideswipe-Same Direction,3,Cloudy,Wet,Daylight
2020-09-12T17:20:00.000,I 75,I 75 and Cumberland Blvd,,Rear End,2,Rain,Wet,Daylight
2020-12-01T20:05:00.000,I 75,I 75 and Cumberland Blvd,,Not a Collision with Motor Vehicle,1,Clear,Dry,Dark-Lighted
2020-11-21T11:15:00.000,I 75,I 75 and Cumberland Blvd,,Angle Crash,2,Clear,Dry,Daylight
2020-03-02T23:51:00.000,I 75,I 75 and Cumberland Blvd,,Sideswipe-Same Direction,2,Rain,Wet,Dark-Not Lighted
2020-09-08T09:11:00.000,I 75,I 75 and Cumberland Blvd,,Not a Collision with Motor Vehicle,2,Cloudy,Dry,Daylight
2020-12-30T22:44:00.000,I 75,I 75 and Cumberland Blvd,,Sideswipe-Same Direction,2,Clear,Dry,Dark-Lighted
2020-04-23T15:43:00.000,I 75,I 75 and Cumberland Blvd,,Sideswipe-Same Direction,2,Clear,Dry,Daylight
2020-06-13T19:00:00.000,I 75,I 75 and Cumberland Blvd,,Rear End,2,Clear,Dry,Daylight
2020-05-25T20:10:00.000,I 75,I 75 and Cumberland Blvd,,Not a Collision with Motor Vehicle,1,Rain,Wet,Daylight
2020-08-30T01:08:00.000,I 75,I 75 and Cumberland Blvd,,Rear End,2,Clear,Dry,Dark-Lighted
2020-11-23T12:30:00.000,I 75,I 75 and Cumberland Blvd,,Rear End,2,Clear,Dry,Daylight
2020-10-04T10:50:00.000,I 75,I 75 and Cumberland Blvd,,Not a Collision with Motor Vehicle,1,Clear,Dry,Dark-Not Lighted
2021-06-15T13:53:00.000,I 75,I 75 and Cumberland Blvd,,Rear End,2,Clear,Dry,Daylight
2021-06-13T21:18:00.000,I 75,I 75 and Cumberland Blvd,,Not a Collision with Motor Vehicle,1,Clear,Dry,Dark-Lighted
2021-02-05T20:32:00.000,I 75,I 75 and Cumberland Blvd,,Sideswipe-Same Direction,2,Clear,Dry,Dark-Not Lighted
2021-06-22T08:10:00.000,I 75,I 75 and Cumberland Blvd,,Rear End,2,Rain,Wet,Daylight
2021-02-27T05:28:00.000,I 75,I 75 and Cumberland Blvd,,Sideswipe-Same Direction,2,Clear,Dry,Dark-Not Lighted
2021-06-13T22:05:00.000,I 75,I 75 and Cumberland Blvd,,Angle Crash,2,Cloudy,Dry,Dark-Lighted
2021-06-15T08:49:00.000,I 75,I 75 and Cumberland Blvd,,Rear End,2,Clear,Dry,Daylight