Date and Time,Roadway (From Crash Report),Intersection Name (from Crash Report),KABCO Severity,Manner of Collision (Crash Level) ,# of Vehicles per crash ,Weather Conditions (Crash Level),Surface Condition (Crash Level) ,Light Conditions (Crash Level)
2021-09-29T14:45:00.000,I 75,I 75 and Cumberland Blvd,,Not a Collision with Motor Vehicle,1,Clear,Dry,Daylight
2021-12-19T14:45:00.000,I 75,I 75 and Cumberland Blvd,,Sideswipe-Same Direction,2,Cloudy,Dry,Daylight
2021-11-09T18:56:00.000,I 75,I 75 and Cumberland Blvd,,Rear End,2,Cloudy,Dry,Dark-Not Lighted
2021-12-15T16:30:00.000,I 75,I 75 and Cumberland Blvd,,Rear End,2,Clear,Dry,Dark-Not Lighted
2021-11-15T18:09:00.000,I 75,I 75 and Cumberland Blvd,,Sideswipe-Same Direction,2,Clear,Dry,Dark-Lighted
2021-10-18T18:43:00.000,I 75,I 75 and Cumberland Blvd,,Not a Collision with Motor Vehicle,2,Clear,Dry,Dusk
2021-09-20T08:46:00.000,I 75,I 75 and Cumberland Blvd,,Rear End,2,Rain,Wet,Daylight
2021-07-20T15:27:00.000,I 75,I 75 and Cumberland Blvd,,Rear End,2,Rain,Wet,Daylight
2021-08-03T07:05:00.000,I 75,I 75 and Cumberland Blvd,,Sideswipe-Same Direction,2,Cloudy,Dry,Daylight
2021-10-27T09:08:00.000,I 75,I 75 and Cumberland Blvd,,Not a Collision with Motor Vehicle,1,Cloudy,Dry,Daylight
2021-11-10T18:48:00.000,I 75,I 75 and Cumberland Blvd,,Rear End,2,Clear,Dry,Dark-Not Lighted
2021-09-17T03:23:00.000,I 75,I 75 and Cumberland Blvd,,Rear End,2,Cloudy,Wet,Dark-Lighted
2021-09-20T07:41:00.000,I 75,I 75 and Cumberland Blvd,,Rear End,2,Cloudy,Wet,Daylight
2021-09-30T07:20:00.000,I 75,I 75 and Cumberland Blvd,,Rear End,2,Clear,Dry,Dawn
2021-08-24T04:20:00.000,I 75,I 75 and Cumberland Blvd,,Sideswipe-Same Direction,2,Clear,Dry,Dark-Lighted
2021-12-30T14:42:00.000,I 75,I 75 and Cumberland Blvd,,Sideswipe-Same Direction,3,Rain,Wet,Daylight
2022-04-04T15:57:00.000,I 75,I 75 and Cumberland Blvd,,Rear End,2,Clear,Dry,Daylight
2022-05-22T11:38:00.000,I 75,I 75 and Cumberland Blvd,,Sideswipe-Same Direction,2,Clear,Dry,Daylight
2022-01-05T10:29:00.000,I 75,I 75 and Cumberland Blvd,,Not a Collision with Motor Vehicle,1,Clear,Wet,Daylight
2022-07-28T22:24:00.000,I 75,I 75 and Cumberland Blvd,,Rear End,2,Clear,Dry,Dark-Lighted
2022-02-23T15:10:00.000,I 75,I 75 and Cumberland Blvd,,Not a Collision with Motor Vehicle,1,Clear,Dry,Daylight
2022-09-29T15:20:00.000,I 75,I 75 and Cumberland Blvd,,Rear End,2,Clear,Dry,Daylight
2022-11-26T09:37:00.000,I 75,I 75 and Cumberland Blvd,,Sideswipe-Same Direction,2,Clear,Dry,Daylight
2022-08-30T23:25:00.000,I 75,I 75 and Cumberland Blvd,,Rear End,3,Clear,Dry,Dark-Lighted
2021-09-01T08:30:00.000,I 75,I 75 and Cumberland Blvd,,Rear End,3,Clear,Dry,Daylight
2021-08-08T08:34:00.000,I 75,I 75 and Cumberland Blvd,,Not a Collision with Motor Vehicle,1,Clear,Wet,Daylight
2022-06-17T08:00:00.000,I 75,I 75 and Cumberland Blvd,,Not a Collision with Motor Vehicle,2,Clear,Dry,Daylight
2022-08-26T21:19:00.000,I 75,I 75 and Cumberland Blvd,,Rear End,2,Clear,Dry,Dark-Not Lighted
2022-01-22T14:52:00.000,I 75,I 75 and Cumberland Blvd,,Rear End,2,Clear,Dry,Daylight
2022-05-20T22:17:00.000,I 75,I 75 and Cumberland Blvd,,Rear End,2,Cloudy,Dry,Dark-Lighted
2022-02-10T18:30:00.000,I 75,I 75 and Cumberland Blvd,,Rear End,4,Clear,Dry,Dark-Not Lighted
2022-11-19T12:58:00.000,I 75,I 75 and Cumberland Blvd,,Rear End,2,Clear,Dry,Daylight
2022-09-21T11:02:00.000,I 75,I 75 and Cumberland Blvd,,Sideswipe-Same Direction,2,Clear,Dry,Daylight
2022-07-05T11:00:00.000,I 75,I 75 and Cumberland Blvd,,Sideswipe-Same Direction,2,Clear,Dry,Daylight
2022-11-19T18:45:00.000,I 75,I 75 and Cumberland Blvd,,Rear End,2,Cloudy,Dry,Dark-Lighted
2022-04-06T08:32:00.000,I 75,I 75 and Cumberland Blvd,,Sideswipe-Same Direction,2,Cloudy,Dry,Daylight
2022-10-23T06:36:00.000,I 75,I 75 and Cumberland Blvd,,Not a Collision with Motor Vehicle,1,Clear,Dry,Dark-Not Lighted
2022-09-20T19:23:00.000,I 75,I 75 and Cumberland Blvd,,Sideswipe-Same Direction,2,Clear,Dry,Daylight
2022-01-21T03:31:00.000,I 75,I 75 and Cumberland Blvd,,Sideswipe-Same Direction,2,Clear,Dry,Dark-Not Lighted
2022-06-01T19:03:00.000,I 75,I 75 and Cumberland Blvd,,Rear End,2,Clear,Dry,Daylight
2022-10-05T14:01:00.000,I 75,I 75 and Cumberland Blvd,,Sideswipe-Same Direction,2,Clear,Dry,Daylight
2022-10-12T16:54:00.000,I 75,I 75 and Cumberland Blvd,,Sideswipe-Same Direction,2,Rain,Wet,Daylight
2022-06-16T16:43:00.000,I 75,I 75 and Cumberland Blvd,,Rear End,3,Clear,Dry,Daylight
2022-08-14T12:31:00.000,I 75,I 75 and Cumberland Blvd,,Rear End,2,Clear,Dry,Daylight
2022-12-05T20:24:00.000,I 75,I 75 and Cumberland Blvd,,Rear End,2,Rain,Wet,Dark-Not Lighted
2022-11-22T20:36:00.000,I 75,I 75 and Cumberland Blvd,,Sideswipe-Same Direction,2,Clear,Dry,Dark-Not Lighted
2022-01-18T16:00:00.000,I 75,I 75 and Cumberland Blvd,,Sideswipe-Same Direction,2,Clear,Dry,Daylight
2022-06-10T15:12:00.000,I 75,I 75 and Cumberland Blvd,,Rear End,3,Clear,Dry,Daylight
2022-05-18T12:13:00.000,I 75,I 75 and Cumberland Blvd,,Sideswipe-Same Direction,2,Clear,Dry,Daylight
2022-05-04T16:35:00.000,I 75,I 75 and Cumberland Blvd,,Rear End,3,Clear,Wet,Daylight
2022-08-08T17:18:00.000,I 75,I 75 and Cumberland Blvd,,Rear End,2,Cloudy,Dry,Daylight
2022-12-20T15:00:00.000,I 75,I 75 and Cumberland Blvd,,Rear End,2,Cloudy,Wet,Daylight
2022-09-21T16:05:00.000,I 75,I 75 and Cumberland Blvd,,Rear End,2,Clear,Dry,Daylight
2022-10-05T13:20:00.000,I 75,I 75 and Cumberland Blvd,,Sideswipe-Same Direction,2,Clear,Dry,Daylight
2022-11-17T07:45:00.000,I 75,I 75 and Cumberland Blvd,,Rear End,2,Clear,Dry,Daylight
2022-12-20T18:29:00.000,I 75,I 75 and Cumberland Blvd,,Sideswipe-Same Direction,2,Rain,Wet,Dark-Not Lighted
2022-11-12T19:50:00.000,I 75,I 75 and Cumberland Blvd,,Rear End,2,Clear,Dry,Dark-Not Lighted
2022-09-30T16:55:00.000,I 75,I 75 and Cumberland Blvd,,Rear End,2,Clear,Dry,Daylight
2022-12-24T12:09:00.000,I 75,I 75 and Cumberland Blvd,,Sideswipe-Same Direction,2,Clear,Dry,Daylight
2022-10-19T14:21:00.000,I 75,I 75 and Cumberland Blvd,,Angle Crash,2,Clear,Dry,Daylight
2022-11-04T22:43:00.000,I 75,I 75 and Cumberland Blvd,,Rear End,2,Clear,Dry,Dark-Not Lighted
2022-11-11T17:20:00.000,I 75,I 75 and Cumberland Blvd,,Not a Collision with Motor Vehicle,1,Rain,Wet,Daylight
2022-06-01T10:56:00.000,I 75,I 75 and Cumberland Blvd,,Rear End,2,Clear,Dry,Daylight
2022-02-01T18:00:00.000,I 75,I 75 and Cumberland Blvd,,Not a Collision with Motor Vehicle,1,Clear,Dry,Daylight
2022-08-01T07:55:00.000,I 75,I 75 and Cumberland Blvd,,Sideswipe-Same Direction,2,Clear,Dry,Daylight
2021-11-22T18:18:00.000,I 75,I 75 and Cumberland Blvd,,Sideswipe-Same Direction,2,Clear,Dry,Dark-Lighted
2021-10-12T06:50:00.000,I 75,I 75 and Cumberland Blvd,,Rear End,3,Cloudy,Dry,Dark-Not Lighted
2021-11-19T18:30:00.000,I 75,I 75 and Cumberland Blvd,,Angle Crash,2,Clear,Dry,Dark-Not Lighted
2021-11-12T15:30:00.000,I 75,I 75 and Cumberland Blvd,,Rear End,2,Cloudy,Dry,Daylight
2021-11-20T04:37:00.000,I 75,I 75 and Cumberland Blvd,,Not a Collision with Motor Vehicle,1,Clear,Dry,Dark-Not Lighted
2021-10-07T07:43:00.000,I 75,I 75 and Cumberland Blvd,,Rear End,3,Cloudy,Dry,Daylight
2022-01-05T01:11:00.000,I 75,I 75 and Cumberland Blvd,,Not a Collision with Motor Vehicle,1,Clear,Dry,Dark-Lighted
2022-07-12T16:40:00.000,I 75,I 75 and Cumberland Blvd,,Sideswipe-Same Direction,2,Clear,Dry,Daylight
2022-02-03T09:00:00.000,I 75,I 75 and Cumberland Blvd,,Rear End,2,Rain,Wet,Daylight
2022-02-18T08:00:00.000,I 75,I 75 and Cumberland Blvd,,Sideswipe-Same Direction,2,Rain,Wet,Dark-Not Lighted
2022-02-03T09:00:00.000,I 75,I 75 and Cumberland Blvd,,Rear End,2,Rain,Wet,Daylight
2022-07-14T15:15:00.000,I 75,I 75 and Cumberland Blvd,,Rear End,2,Clear,Dry,Daylight
2022-06-22T16:40:00.000,I 75,I 75 and Cumberland Blvd,,Rear End,2,Clear,Dry,Daylight
2022-12-07T15:13:00.000,I 75,I 75 and Cumberland Blvd,,Rear End,3,Clear,Dry,Daylight
2022-09-18T00:26:00.000,I 75,I 75 and Cumberland Blvd,,Rear End,2,Cloudy,Dry,Dark-Not Lighted
2022-06-21T07:50:00.000,I 75,I 75 and Cumberland Blvd,,Not a Collision with Motor Vehicle,1,Clear,Dry,Daylight
2022-11-21T10:20:00.000,I 75,I 75 and Cumberland Blvd,,Sideswipe-Same Direction,2,Clear,Dry,Daylight
2022-08-13T20:53:00.000,I 75,I 75 and Cumberland Blvd,,Rear End,2,Clear,Dry,Dark-Lighted
2022-11-19T11:06:00.000,I 75,I 75 and Cumberland Blvd,,Rear End,2,Cloudy,Dry,Daylight
2022-10-19T15:27:00.000,I 75,I 75 and Cumberland Blvd,,Rear End,3,Clear,Dry,Daylight
2022-07-17T17:10:00.000,I 75,I 75 and Cumberland Blvd,,Not a Collision with Motor Vehicle,1,Clear,Dry,Daylight
2022-12-05T17:44:00.000,I 75,I 75 and Cumberland Blvd,,Rear End,2,Rain,Wet,Dark-Lighted
2022-11-17T08:24:00.000,I 75,I 75 and Cumberland Blvd,,Rear End,2,Clear,Dry,Daylight
2022-11-19T17:34:00.000,I 75,I 75 and Cumberland Blvd,,Rear End,3,Clear,Dry,Dark-Not Lighted
2022-05-18T16:25:00.000,I 75,I 75 and Cumberland Blvd,,Rear End,2,Clear,Dry,Daylight
2022-02-25T14:25:00.000,I 75,I 75 and Cumberland Blvd,,Sideswipe-Same Direction,2,Clear,Dry,Daylight
2022-06-10T08:20:00.000,I 75,I 75 and Cumberland Blvd,,Sideswipe-Same Direction,2,Clear,Dry,Daylight
2022-02-12T04:00:00.000,I 75,I 75 and Cumberland Blvd,,Sideswipe-Same Direction,2,Clear,Dry,Dark-Not Lighted
2022-12-27T10:00:00.000,I 75,I 75 and Cumberland Blvd,,Sideswipe-Same Direction,2,Clear,Dry,Daylight
2022-10-03T08:44:00.000,I 75,I 75 and Cumberland Blvd,,Rear End,3,Clear,Dry,Daylight
2022-09-05T14:35:00.000,I 75,I 75 and Cumberland Blvd,,Rear End,2,Cloudy,Dry,Daylight
2022-09-05T19:00:00.000,I 75,I 75 and Cumberland Blvd,,Rear End,3,Cloudy,Wet,Daylight
2022-11-29T17:06:00.000,I 75,I 75 and Cumberland Blvd,,Sideswipe-Same Direction,2,Cloudy,Dry,Dark-Lighted
2022-12-26T11:10:00.000,I 75,I 75 and Cumberland Blvd,,Sideswipe-Same Direction,2,Clear,Dry,Daylight
2022-04-12T15:14:00.000,I 75,I 75 and Cumberland Blvd,,Rear End,2,Clear,Dry,Daylight
2022-09-08T07:51:00.000,I 75,I 75 and Cumberland Blvd,,Sideswipe-Same Direction,2,Clear,Dry,Daylight
2022-06-03T17:30:00.000,I 75,I 75 and Cumberland Blvd,,Rear End,2,Cloudy,Dry,Daylight
2022-01-13T18:50:00.000,I 75,I 75 and Cumberland Blvd,,Sideswipe-Same Direction,2,Clear,Dry,Daylight
2022-09-07T16:29:00.000,I 75,I 75 and Cumberland Blvd,,Sideswipe-Same Direction,2,Clear,Dry,Daylight
2022-08-30T22:26:00.000,I 75,I 75 and Cumberland Blvd,,Rear End,3,Cloudy,Wet,Dark-Not Lighted
2022-10-20T02:35:00.000,I 75,I 75 and Cumberland Blvd,,Sideswipe-Same Direction,2,Clear,Dry,Dark-Not Lighted
2022-10-06T09:29:00.000,I 75,I 75 and Cumberland Blvd,,Rear End,2,Clear,Dry,Daylight
2022-10-29T17:36:00.000,I 75,I 75 and Cumberland Blvd,,Sideswipe-Same Direction,2,Cloudy,Dry,Daylight
2022-08-08T09:00:00.000,I 75,I 75 and Cumberland Blvd,,Rear End,4,Clear,Dry,Daylight
2022-11-13T10:29:00.000,I 75,I 75 and Cumberland Blvd,,Sideswipe-Same Direction,2,Clear,Dry,Daylight
2022-05-18T09:02:00.000,I 75,I 75 and Cumberland Blvd,,Sideswipe-Same Direction,2,Clear,Dry,Daylight
2022-03-23T23:21:00.000,I 75,I 75 and Cumberland Blvd,,Sideswipe-Same Direction,2,Clear,Dry,Dark-Not Lighted
2022-08-02T08:15:00.000,I 75,I 75 and Cumberland Blvd,,Rear End,2,Clear,Dry,Daylight
2022-02-24T17:03:00.000,I 75,I 75 and Cumberland Blvd,,Sideswipe-Same Direction,2,Cloudy,Dry,Daylight
2022-11-14T18:03:00.000,I 75,I 75 and Cumberland Blvd,,Rear End,2,Clear,Dry,Dark-Lighted
2022-12-16T18:00:00.000,I 75,I 75 and Cumberland Blvd,,Rear End,4,Clear,Dry,Dark-Not Lighted
2022-12-20T16:29:00.000,I 75,I 75 and Cumberland Blvd,,Sideswipe-Same Direction,2,Cloudy,Wet,Daylight
2022-09-06T08:53:00.000,I 75,I 75 and Cumberland Blvd,,Rear End,2,Cloudy,Dry,Daylight
2022-07-14T06:31:00.000,I 75,I 75 and Cumberland Blvd,,Sideswipe-Same Direction,2,Cloudy,Dry,Daylight
2022-04-05T14:00:00.000,I 75,I 75 and Cumberland Blvd,,Rear End,2,Rain,Wet,Daylight
2022-01-29T09:00:00.000,I 75,I 75 and Cumberland Blvd,,Sideswipe-Same Direction,2,Clear,Dry,Daylight
2022-04-29T12:35:00.000,I 75,I 75 and Cumberland Blvd,,Rear End,2,Clear,Dry,Daylight
2022-10-31T22:14:00.000,I 75,I 75 and Cumberland Blvd,,Sideswipe-Same Direction,2,Clear,Dry,Dark-Not Lighted
2022-09-14T10:52:00.000,I 75,I 75 and Cumberland Blvd,,Sideswipe-Same Direction,2,Clear,Dry,Daylight
2022-09-21T23:06:00.000,I 75,I 75 and Cumberland Blvd,,Rear End,2,Clear,Dry,Dark-Lighted
2022-04-16T13:00:00.000,I 75,I 75 and Cumberland Blvd,,Angle Crash,2,Clear,Dry,Daylight
2022-11-15T16:00:00.000,I 75,I 75 and Cumberland Blvd,,Sideswipe-Same Direction,2,Rain,Wet,Daylight
2022-08-29T08:28:00.000,I 75,I 75 and Cumberland Blvd,,Rear End,2,Clear,Dry,Daylight
2022-11-19T01:50:00.000,I 75,I 75 and Cumberland Blvd,,Not a Collision with Motor Vehicle,1,Clear,Dry,Dark-Lighted
2022-12-09T22:02:00.000,I 75,I 75 and Cumberland Blvd,,Sideswipe-Same Direction,1,Clear,Wet,Dark-Not Lighted
2022-12-25T11:34:00.000,I 75,I 75 and Cumberland Blvd,,Sideswipe-Same Direction,2,Clear,Dry,Daylight
2022-08-23T16:26:00.000,I 75,I 75 and Cumberland Blvd,,Rear End,2,Cloudy,Dry,Daylight
2022-04-01T08:45:00.000,I 75,I 75 and Cumberland Blvd,,Not a Collision with Motor Vehicle,2,Clear,Dry,Daylight
2022-09-08T08:38:00.000,I 75,I 75 and Cumberland Blvd,,Sideswipe-Same Direction,2,Clear,Dry,Daylight
2022-12-27T12:22:00.000,I 75,I 75 and Cumberland Blvd,,Sideswipe-Same Direction,2,Clear,Dry,Daylight
2022-09-24T22:17:00.000,I 75,I 75 and Cumberland Blvd,,Sideswipe-Same Direction,2,Cloudy,Dry,Dark-Not Lighted
2022-12-03T17:49:00.000,I 75,I 75 and Cumberland Blvd,,Rear End,2,Rain,Wet,Dark-Not Lighted
2022-04-13T08:22:00.000,I 75,I 75 and Cumberland Blvd,,Rear End,4,Cloudy,Dry,Daylight
2022-10-03T09:55:00.000,I 75,I 75 and Cumberland Blvd,,Sideswipe-Same Direction,2,Clear,Dry,Daylight
2022-08-07T02:08:00.000,I 75,I 75 and Cumberland Blvd,,Sideswipe-Same Direction,2,Clear,Wet,Dark-Lighted
2022-12-02T20:30:00.000,I 75,I 75 and Cumberland Blvd,,Sideswipe-Same Direction,2,Cloudy,Dry,Dark-Not Lighted
2022-05-16T10:29:00.000,I 75,I 75 and Cumberland Blvd,,Sideswipe-Same Direction,2,Clear,Dry,Daylight
2022-11-09T09:19:00.000,I 75,I 75 and Cumberland Blvd,,Sideswipe-Same Direction,2,Clear,Dry,Daylight
2022-09-16T14:30:00.000,I 75,I 75 and Cumberland Blvd,,Rear End,2,Clear,Dry,Daylight
2022-06-16T15:07:00.000,I 75,I 75 and Cumberland Blvd,,Rear End,2,Clear,Dry,Daylight
2022-08-25T07:59:00.000,I 75,I 75 and Cumberland Blvd,,Rear End,2,Rain,Wet,Daylight
2022-06-01T23:20:00.000,I 75,I 75 and Cumberland Blvd,,Not a Collision with Motor Vehicle,1,Clear,Dry,Dark-Not Lighted
2022-12-23T16:20:00.000,I 75,I 75 and Cumberland Blvd,,Rear End,2,Clear,Dry,Daylight
2022-07-12T16:47:00.000,I 75,I 75 and Cumberland Blvd,,Rear End,2,Cloudy,Dry,Daylight
2022-08-04T15:55:00.000,I 75,I 75 and Cumberland Blvd,,Sideswipe-Same Direction,2,Cloudy,Dry,Daylight
2022-03-08T09:03:00.000,I 75,I 75 and Cumberland Blvd,,Rear End,2,Cloudy,Dry,Daylight
2022-06-08T18:48:00.000,I 75,I 75 and Cumberland Blvd,,Rear End,2,Clear,Dry,Daylight
2022-08-31T22:58:00.000,I 75,I 75 and Cumberland Blvd,,Rear End,2,Clear,Dry,Dark-Lighted
2022-08-19T20:19:00.000,I 75,I 75 and Cumberland Blvd,,Sideswipe-Same Direction,2,Cloudy,Dry,Dark-Lighted
2022-02-17T08:35:00.000,I 75,I 75 and Cumberland Blvd,,Rear End,3,Rain,Wet,Daylight
2022-01-23T13:30:00.000,I 75,I 75 and Cumberland Blvd,,Not a Collision with Motor Vehicle,1,Clear,Dry,Daylight
2022-08-05T15:52:00.000,I 75,I 75 and Cumberland Blvd,,Sideswipe-Same Direction,2,Cloudy,Dry,Daylight
2022-05-21T10:30:00.000,I 75,I 75 and Cumberland Blvd,,Rear End,2,Cloudy,Dry,Daylight
2022-09-30T14:12:00.000,I 75,I 75 and Cumberland Blvd,,Rear End,2,Clear,Dry,Daylight
2022-02-10T19:03:00.000,I 75,I 75 and Cumberland Blvd,,Rear End,2,Clear,Dry,Dark-Not Lighted
2022-12-29T08:41:00.000,I 75,I 75 and Cumberland Blvd,,Sideswipe-Same Direction,2,Clear,Dry,Daylight
2022-08-07T08:20:00.000,I 75,I 75 and Cumberland Blvd,,Not a Collision with Motor Vehicle,1,Clear,Dry,Dark-Not Lighted
2022-01-31T11:09:00.000,I 75,I 75 and Cumberland Blvd,,Sideswipe-Same Direction,2,Cloudy,Dry,Daylight
2022-04-24T19:45:00.000,I 75,I 75 and Cumberland Blvd,,Rear End,2,Cloudy,Dry,Daylight
2022-11-04T21:50:00.000,I 75,I 75 and Cumberland Blvd,,Not a Collision with Motor Vehicle,1,Clear,Dry,Dark-Not Lighted
2022-08-17T17:29:00.000,I 75,I 75 and Cumberland Blvd,,Rear End,3,Cloudy,Dry,Daylight
2022-02-12T20:22:00.000,I 75,I 75 and Cumberland Blvd,,Rear End,3,Clear,Dry,Dark-Lighted
2022-06-28T09:15:00.000,I 75,I 75 and Cumberland Blvd,,Sideswipe-Same Direction,2,Clear,Dry,Daylight
2022-02-09T13:00:00.000,I 75,I 75 and Cumberland Blvd,,Sideswipe-Same Direction,2,Clear,Dry,Daylight
2022-10-21T08:45:00.000,I 75,I 75 and Cumberland Blvd,,Rear End,2,Clear,Dry,Daylight
2022-12-29T17:45:00.000,I 75,I 75 and Cumberland Blvd,,Rear End,2,Clear,Dry,Dawn
2022-02-26T15:33:00.000,I 75,I 75 and Cumberland Blvd,,Rear End,2,Cloudy,Dry,Daylight
2023-02-15T18:35:00.000,I 75,I 75 and Cumberland Blvd,,Rear End,4,Clear,Dry,Dark-Not Lighted
2023-05-17T08:52:00.000,I 75,I 75 and Cumberland Blvd,,Rear End,2,Cloudy,Wet,Daylight
2023-09-15T18:06:00.000,I 75,I 75 and Cumberland Blvd,,Sideswipe-Same Direction,3,Cloudy,Dry,Daylight
2023-01-09T13:16:00.000,I 75,I 75 and Cumberland Blvd,,Sideswipe-Same Direction,2,Clear,Dry,Daylight
2023-01-18T00:00:00.000,I 75,I 75 and Cumberland Blvd,,Not a Collision with Motor Vehicle,1,Fog,Wet,Dark-Lighted
2024-03-28T08:28:00.000,I 75,I 75 and Cumberland Blvd,,Not a Collision with Motor Vehicle,1,Clear,Dry,Daylight
2024-03-29T08:00:00.000,I 75,I 75 and Cumberland Blvd,,Sideswipe-Same Direction,2,Clear,Dry,Daylight
2024-03-09T03:46:00.000,I 75,I 75 and Cumberland Blvd,,Not a Collision with Motor Vehicle,1,Rain,Wet,Dark-Not Lighted
2024-04-04T12:56:00.000,I 75,I 75 and Cumberland Blvd,,Not a Collision with Motor Vehicle,1,Clear,Dry,Daylight
2024-11-25T07:35:00.000,I 75,I 75 and Cumberland Blvd,,Rear End,2,Clear,Dry,Daylight
2024-11-06T12:23:00.000,I 75,I 75 and Cumberland Blvd,,Not a Collision with Motor Vehicle,2,Cloudy,Dry,Daylight
2024-11-27T11:40:00.000,I 75,I 75 and Cumberland Blvd,,Rear End,2,Clear,Wet,Dark-Lighted
2024-12-10T12:57:00.000,I 75,I 75 and Cumberland Blvd,,Not a Collision with Motor Vehicle,1,Rain,Wet,Daylight
2024-11-08T12:42:00.000,I 75,I 75 and Cumberland Blvd,,Rear End,2,Clear,Dry,Daylight
2024-11-10T20:25:00.000,I 75,I 75 and Cumberland Blvd,,Rear End,2,Cloudy,Wet,Dark-Lighted
2024-02-04T18:00:00.000,I 75,I 75 and Cumberland Blvd,,Sideswipe-Same Direction,2,Rain,Wet,Dark-Lighted
2024-03-08T23:33:00.000,I 75,I 75 and Cumberland Blvd,,Not a Collision with Motor Vehicle,1,Rain,Wet,Dark-Not Lighted
2024-09-18T16:30:00.000,I 75,I 75 and Cumberland Blvd,,Rear End,2,Cloudy,Dry,Daylight
2024-12-07T19:03:00.000,I 75,I 75 and Cumberland Blvd,,Rear End,2,Clear,Dry,Dark-Not Lighted
2024-04-17T07:45:00.000,I 75,I 75 and Cumberland Blvd,,Rear End,2,Cloudy,Dry,Daylight
2024-06-20T21:25:00.000,I 75,I 75 and Cumberland Blvd,,Rear End,3,Cloudy,Dry,Dark-Not Lighted
2024-03-06T15:25:00.000,I 75,I 75 and Cumberland Blvd,,Angle Crash,2,Cloudy,Dry,Daylight
2024-04-20T10:00:00.000,I 75,I 75 and Cumberland Blvd,,Rear End,3,Clear,Dry,Daylight
2024-10-24T15:17:00.000,I 75,I 75 and Cumberland Blvd,,Sideswipe-Same Direction,2,Clear,Dry,Daylight
2024-11-15T06:08:00.000,I 75,I 75 and Cumberland Blvd,,Not a Collision with Motor Vehicle,1,Clear,Dry,Dark-Not Lighted
2024-11-19T19:40:00.000,I 75,I 75 and Cumberland Blvd,,Angle Crash,2,Clear,Wet,Dark-Lighted
2024-09-20T16:55:00.000,I 75,I 75 and Cumberland Blvd,,Sideswipe-Same Direction,2,Clear,Dry,Daylight
2024-03-14T17:21:00.000,I 75,I 75 and Cumberland Blvd,,Rear End,2,Clear,Dry,Daylight
2024-11-07T08:50:00.000,I 75,I 75 and Cumberland Blvd,,Rear End,2,Cloudy,Dry,Daylight
2024-09-26T18:47:00.000,I 75,I 75 and Cumberland Blvd,,Not a Collision with Motor Vehicle,1,Rain,Wet,Daylight
2024-12-16T04:38:00.000,I 75,I 75 and Cumberland Blvd,,Sideswipe-Same Direction,2,Clear,Wet,Dark-Lighted
2024-02-14T23:42:00.000,I 75,I 75 and Cumberland Blvd,,Rear End,2,Cloudy,Dry,Dark-Not Lighted
2024-06-27T14:56:00.000,I 75,I 75 and Cumberland Blvd,,Rear End,2,Clear,Dry,Daylight
2024-02-09T18:53:00.000,I 75,I 75 and Cumberland Blvd,,Rear End,2,Cloudy,Dry,Dark-Not Lighted
2024-09-24T07:37:00.000,I 75,I 75 and Cumberland Blvd,,Rear End,2,Clear,Dry,Daylight
2024-10-22T19:25:00.000,I 75,I 75 and Cumberland Blvd,,Rear End,2,Clear,Dry,Dark-Not Lighted
2024-01-02T03:01:00.000,I 75,I 75 and Cumberland Blvd,,Not a Collision with Motor Vehicle,1,Clear,Dry,Dark-Not Lighted
2024-03-21T07:39:00.000,I 75,I 75 and Cumberland Blvd,,Not a Collision with Motor Vehicle,1,Clear,Dry,Daylight
2024-07-03T15:50:00.000,I 75,I 75 and Cumberland Blvd,,Sideswipe-Same Direction,2,Clear,Dry,Daylight
2024-05-09T15:33:00.000,I 75,I 75 and Cumberland Blvd,,Rear End,3,Cloudy,Wet,Daylight
2024-02-21T08:40:00.000,I 75,I 75 and Cumberland Blvd,,Not a Collision with Motor Vehicle,1,Clear,Dry,Daylight
2023-03-02T18:00:00.000,I 75,I 75 and Cumberland Blvd,,Angle Crash,2,Cloudy,Dry,Dark-Lighted
2023-03-17T16:00:00.000,I 75,I 75 and Cumberland Blvd,,Rear End,2,Rain,Wet,Daylight
2023-11-18T18:54:00.000,I 75,I 75 and Cumberland Blvd,,Sideswipe-Same Direction,2,Clear,Dry,Dark-Lighted
2023-02-21T15:40:00.000,I 75,I 75 and Cumberland Blvd,,Rear End,2,Clear,Wet,Daylight
2023-06-11T12:57:00.000,I 75,I 75 and Cumberland Blvd,,Rear End,2,Cloudy,Dry,Dark-Lighted
2023-01-19T13:06:00.000,I 75,I 75 and Cumberland Blvd,,Sideswipe-Same Direction,2,Clear,Dry,Daylight
2024-04-11T09:15:00.000,I 75,I 75 and Cumberland Blvd,,Sideswipe-Same Direction,3,Cloudy,Wet,Daylight
2024-03-01T14:58:00.000,I 75,I 75 and Cumberland Blvd,,Rear End,2,Rain,Wet,Daylight
2024-09-26T20:20:00.000,I 75,I 75 and Cumberland Blvd,,Sideswipe-Same Direction,2,Rain,Water (standing or moving),Dark-Not Lighted
2023-09-14T07:47:00.000,I 75,I 75 and Cumberland Blvd,,Rear End,2,Cloudy,Dry,Daylight
2023-12-12T18:08:00.000,I 75,I 75 and Cumberland Blvd,,Sideswipe-Same Direction,2,Clear,Dry,Dark-Not Lighted