Date and Time,Roadway (From Crash Report),Intersection Name (from Crash Report),KABCO Severity,Manner of Collision (Crash Level) ,# of Vehicles per crash ,Weather Conditions (Crash Level),Surface Condition (Crash Level) ,Light Conditions (Crash Level)
2023-02-22T18:30:00.000,I 75,I 75 and Cumberland Blvd,,Rear End,2,Clear,Dry,Dark-Not Lighted
2023-07-25T17:35:00.000,I 75,I 75 and Cumberland Blvd,,Rear End,2,Clear,Dry,Daylight
2023-01-30T19:09:00.000,I 75,I 75 and Cumberland Blvd,,Sideswipe-Same Direction,2,Cloudy,Wet,Dark-Lighted
2023-03-30T03:33:00.000,I 75,I 75 and Cumberland Blvd,,Sideswipe-Same Direction,2,Clear,Dry,Dark-Not Lighted
2023-07-08T16:33:00.000,I 75,I 75 and Cumberland Blvd,,Rear End,2,Clear,Dry,Daylight
2023-04-27T18:30:00.000,I 75,I 75 and Cumberland Blvd,,Rear End,2,Cloudy,Wet,Daylight
2023-01-02T17:41:00.000,I 75,I 75 and Cumberland Blvd,,Not a Collision with Motor Vehicle,1,Rain,Wet,Dusk
2023-02-08T18:40:00.000,I 75,I 75 and Cumberland Blvd,,Rear End,4,Clear,Dry,Dusk
2023-06-12T16:42:00.000,I 75,I 75 and Cumberland Blvd,,Sideswipe-Same Direction,2,Clear,Dry,Daylight
2023-10-03T16:34:00.000,I 75,I 75 and Cumberland Blvd,,Rear End,2,Clear,Dry,Daylight
2023-03-17T18:48:00.000,I 75,I 75 and Cumberland Blvd,,Rear End,2,Rain,Wet,Daylight
2023-09-22T23:58:00.000,I 75,I 75 and Cumberland Blvd,,Angle Crash,2,Cloudy,Dry,Dark-Not Lighted
2023-01-17T07:52:00.000,I 75,I 75 and Cumberland Blvd,,Rear End,2,Rain,Wet,Daylight
2023-04-19T08:30:00.000,I 75,I 75 and Cumberland Blvd,,Sideswipe-Same Direction,2,Clear,Dry,Daylight
2023-04-21T17:35:00.000,I 75,I 75 and Cumberland Blvd,,Sideswipe-Same Direction,2,Clear,Dry,Daylight
2023-06-24T19:43:00.000,I 75,I 75 and Cumberland Blvd,,Rear End,2,Clear,Dry,Daylight
2023-09-28T00:50:00.000,I 75,I 75 and Cumberland Blvd,,Rear End,3,Cloudy,Dry,Dark-Lighted
2023-04-24T18:00:00.000,I 75,I 75 and Cumberland Blvd,,Rear End,2,Clear,Dry,Daylight
2023-03-14T09:10:00.000,I 75,I 75 and Cumberland Blvd,,Rear End,2,Clear,Dry,Daylight
2023-03-26T16:49:00.000,I 75,I 75 and Cumberland Blvd,,Sideswipe-Same Direction,2,Clear,Dry,Daylight
2023-03-15T16:57:00.000,I 75,I 75 and Cumberland Blvd,,Rear End,2,Clear,Dry,Daylight
2023-04-10T15:15:00.000,I 75,I 75 and Cumberland Blvd,,Rear End,2,Clear,Dry,Daylight
2023-05-13T17:36:00.000,I 75,I 75 and Cumberland Blvd,,Rear End,2,Clear,Dry,Daylight
2023-12-04T18:42:00.000,I 75,I 75 and Cumberland Blvd,,Sideswipe-Same Direction,3,Clear,Dry,Dark-Not Lighted
2023-12-20T16:58:00.000,I 75,I 75 and Cumberland Blvd,,Rear End,2,Clear,Dry,Daylight
2023-03-15T08:15:00.000,I 75,I 75 and Cumberland Blvd,,Sideswipe-Same Direction,2,Clear,Dry,Daylight
2023-02-06T14:08:00.000,I 75,I 75 and Cumberland Blvd,,Sideswipe-Same Direction,3,Clear,Dry,Daylight
2023-10-19T16:30:00.000,I 75,I 75 and Cumberland Blvd,,Sideswipe-Same Direction,2,Clear,Dry,Daylight
2023-03-14T23:25:00.000,I 75,I 75 and Cumberland Blvd,,Angle Crash,2,Clear,Dry,Dark-Not Lighted
2023-03-17T13:52:00.000,I 75,I 75 and Cumberland Blvd,,Sideswipe-Same Direction,2,Rain,Wet,Daylight
2023-07-18T17:56:00.000,I 75,I 75 and Cumberland Blvd,,Rear End,2,Cloudy,Dry,Daylight
2023-06-30T14:20:00.000,I 75,I 75 and Cumberland Blvd,,Rear End,2,Rain,Wet,Daylight
2023-04-29T17:35:00.000,I 75,I 75 and Cumberland Blvd,,Rear End,2,Clear,Dry,Daylight
2023-10-24T09:01:00.000,I 75,I 75 and Cumberland Blvd,,Sideswipe-Same Direction,2,Cloudy,Dry,Daylight
2023-01-02T20:05:00.000,I 75,I 75 and Cumberland Blvd,,Sideswipe-Same Direction,2,Other,Wet,Dark-Not Lighted
2023-11-13T19:25:00.000,I 75,I 75 and Cumberland Blvd,,Rear End,3,Clear,Dry,Daylight
2023-08-21T18:25:00.000,I 75,I 75 and Cumberland Blvd,,Rear End,2,Clear,Dry,Daylight
2023-08-07T17:12:00.000,I 75,I 75 and Cumberland Blvd,,Rear End,2,Rain,Wet,Daylight
2023-02-24T22:41:00.000,I 75,I 75 and Cumberland Blvd,,Rear End,2,Cloudy,Dry,Dark-Not Lighted
2023-01-09T07:45:00.000,I 75,I 75 and Cumberland Blvd,,Rear End,2,Clear,Dry,Daylight
2023-02-14T17:28:00.000,I 75,I 75 and Cumberland Blvd,,Angle Crash,2,Cloudy,Dry,Daylight
2023-06-27T18:28:00.000,I 75,I 75 and Cumberland Blvd,,Sideswipe-Same Direction,2,Clear,Dry,Daylight
2023-04-27T09:00:00.000,I 75,I 75 and Cumberland Blvd,,Not a Collision with Motor Vehicle,1,Rain,Wet,Daylight
2023-08-23T17:53:00.000,I 75,I 75 and Cumberland Blvd,,Rear End,2,Clear,Dry,Daylight
2023-07-20T18:42:00.000,I 75,I 75 and Cumberland Blvd,,Rear End,2,Rain,Wet,Daylight
2023-09-14T16:45:00.000,I 75,I 75 and Cumberland Blvd,,Sideswipe-Same Direction,2,Rain,Wet,Daylight
2023-07-30T04:45:00.000,I 75,I 75 and Cumberland Blvd,,Not a Collision with Motor Vehicle,1,Clear,Dry,Dark-Lighted
2023-03-03T15:50:00.000,I 75,I 75 and Cumberland Blvd,,Sideswipe-Same Direction,2,Cloudy,Wet,Daylight
2023-01-09T23:09:00.000,I 75,I 75 and Cumberland Blvd,,Sideswipe-Same Direction,2,Clear,Dry,Dark-Lighted
2023-06-21T13:46:00.000,I 75,I 75 and Cumberland Blvd,,Rear End,2,Rain,Wet,Daylight
2023-06-03T21:52:00.000,I 75,I 75 and Cumberland Blvd,,Sideswipe-Same Direction,2,Clear,Dry,Dark-Lighted
2023-03-06T08:46:00.000,I 75,I 75 and Cumberland Blvd,,Rear End,2,Clear,Dry,Daylight
2023-07-19T15:10:00.000,I 75,I 75 and Cumberland Blvd,,Sideswipe-Same Direction,2,Cloudy,Dry,Daylight
2024-06-06T15:02:00.000,I 75,I 75 and Cumberland Blvd,,Rear End,2,Clear,Dry,Daylight
2024-09-26T22:56:00.000,I 75,I 75 and Cumberland Blvd,,Angle Crash,2,Cloudy,Dry,Dark-Not Lighted
2024-06-14T14:42:00.000,I 75,I 75 and Cumberland Blvd,,Angle,2,Clear,Dry,Daylight
2024-10-18T16:32:00.000,I 75,I 75 and Cumberland Blvd,,Sideswipe-Same Direction,2,Clear,Dry,Daylight
2024-12-09T17:42:00.000,I 75,I 75 and Cumberland Blvd,,Rear End,2,Clear,Dry,Dark-Not Lighted
2024-12-11T08:54:00.000,I 75,I 75 and Cumberland Blvd,,Sideswipe-Same Direction,2,Cloudy,Wet,Daylight
2024-02-15T22:27:00.000,I 75,I 75 and Cumberland Blvd,,Rear End,2,Cloudy,Dry,Dark-Not Lighted
2024-09-27T04:10:00.000,I 75,I 75 and Cumberland Blvd,,Not a Collision with Motor Vehicle,1,Rain,Wet,Dark-Not Lighted
2024-02-26T04:25:00.000,I 75,I 75 and Cumberland Blvd,,Not a Collision with Motor Vehicle,1,Clear,Dry,Dark-Lighted
2024-07-15T13:35:00.000,I 75,I 75 and Cumberland Blvd,,Sideswipe-Same Direction,2,Clear,Dry,Daylight
2024-06-15T04:05:00.000,I 75,I 75 and Cumberland Blvd,,Not a Collision with Motor Vehicle,1,Clear,Dry,Dark-Lighted
2024-10-01T18:02:00.000,I 75,I 75 and Cumberland Blvd,,Sideswipe-Same Direction,2,Clear,Dry,Daylight
2024-01-02T14:18:00.000,I 75,I 75 and Cumberland Blvd,,Rear End,3,Clear,Dry,Daylight
2024-05-08T08:22:00.000,I 75,I 75 and Cumberland Blvd,,Rear End,2,Cloudy,Dry,Daylight
2024-12-09T17:53:00.000,I 75,I 75 and Cumberland Blvd,,Rear End,2,Clear,Wet,Dark-Not Lighted
2024-10-24T16:21:00.000,I 75,I 75 and Cumberland Blvd,,Rear End,2,Clear,Dry,Daylight
2024-03-30T09:30:00.000,I 75,I 75 and Cumberland Blvd,,Angle Crash,2,Clear,Dry,Daylight
2024-05-13T17:42:00.000,I 75,I 75 and Cumberland Blvd,,Sideswipe-Same Direction,4,Cloudy,Dry,Daylight
2024-08-28T07:44:00.000,I 75,I 75 and Cumberland Blvd,,Angle Crash,2,Clear,Dry,Daylight
2024-01-02T03:01:00.000,I 75,I 75 and Cumberland Blvd,,Sideswipe-Same Direction,3,Clear,Dry,Dark-Not Lighted
2024-01-24T22:56:00.000,I 75,I 75 and Cumberland Blvd,,Not a Collision with Motor Vehicle,1,Rain,Water (standing or moving),Dark-Not Lighted
2024-09-06T16:59:00.000,I 75,I 75 and Cumberland Blvd,,Rear End,3,Cloudy,Wet,Daylight
2024-12-15T03:15:00.000,I 75,I 75 and Cumberland Blvd,,Sideswipe-Same Direction,2,Rain,Wet,Dark-Lighted
2024-01-30T18:50:00.000,I 75,I 75 and Cumberland Blvd,,Rear End,3,Cloudy,Dry,Dark-Not Lighted
2024-03-12T09:00:00.000,I 75,I 75 and Cumberland Blvd,,Rear End,3,Clear,Dry,Daylight
2024-11-10T02:00:00.000,I 75,I 75 and Cumberland Blvd,,Sideswipe-Same Direction,2,Clear,Dry,Dark-Lighted
2024-10-23T08:35:00.000,I 75,I 75 and Cumberland Blvd,,Head On,3,Clear,Dry,Daylight
2024-09-16T15:53:00.000,I 75,I 75 and Cumberland Blvd,,Rear End,2,Clear,Dry,Daylight
2024-05-06T19:22:00.000,I 75,I 75 and Cumberland Blvd,,Sideswipe-Same Direction,2,Clear,Dry,Daylight
2024-11-12T19:00:00.000,I 75,I 75 and Cumberland Blvd,,Rear End,2,Clear,Dry,Dark-Not Lighted
2024-01-08T08:26:00.000,I 75,I 75 and Cumberland Blvd,,Rear End,2,Cloudy,Dry,Daylight
2024-01-07T08:20:00.000,I 75,I 75 and Cumberland Blvd,,Sideswipe-Same Direction,2,Clear,Dry,Daylight
2024-09-30T15:11:00.000,I 75,I 75 and Cumberland Blvd,,Rear End,2,Cloudy,Wet,Daylight
2024-10-21T08:00:00.000,I 75,I 75 and Cumberland Blvd,,Rear End,2,Clear,Dry,Daylight
2024-02-21T06:47:00.000,I 75,I 75 and Cumberland Blvd,,Rear End,3,Clear,Dry,Daylight
2024-12-09T17:53:00.000,I 75,I 75 and Cumberland Blvd,,Sideswipe-Same Direction,2,Clear,Wet,Dark-Not Lighted
2024-04-09T14:38:00.000,I 75,I 75 and Cumberland Blvd,,Sideswipe-Same Direction,2,Cloudy,Wet,Daylight
2024-05-30T07:45:00.000,I 75,I 75 and Cumberland Blvd,,Rear End,2,Clear,Dry,Daylight
2024-03-18T16:52:00.000,I 75,I 75 and Cumberland Blvd,,Rear End,2,Clear,Dry,Daylight
2024-02-13T18:59:00.000,I 75,I 75 and Cumberland Blvd,,Rear End,2,Clear,Dry,Dusk
2024-03-09T21:36:00.000,I 75,I 75 and Cumberland Blvd,,Sideswipe-Same Direction,2,Cloudy,Dry,Dark-Not Lighted
2024-04-28T04:02:00.000,I 75,I 75 and Cumberland Blvd,,Sideswipe-Same Direction,2,Clear,Dry,Dark-Not Lighted
2024-08-27T18:31:00.000,I 75,I 75 and Cumberland Blvd,,Rear End,4,Clear,Dry,Daylight
2024-12-16T18:25:00.000,I 75,I 75 and Cumberland Blvd,,Rear End,2,Clear,Dry,Dark-Lighted
2024-01-02T15:15:00.000,I 75,I 75 and Cumberland Blvd,,Rear End,2,Clear,Dry,Daylight
2024-02-12T15:03:00.000,I 75,I 75 and Cumberland Blvd,,Rear End,2,Rain,Wet,Daylight
2024-12-06T18:00:00.000,I 75,I 75 and Cumberland Blvd,,Rear End,2,Clear,Dry,Dark-Not Lighted
2024-01-02T14:19:00.000,I 75,I 75 and Cumberland Blvd,,Rear End,2,Clear,Dry,Daylight
2024-11-29T09:29:00.000,I 75,I 75 and Cumberland Blvd,,Sideswipe-Same Direction,2,Clear,Dry,Daylight
2024-09-06T14:54:00.000,I 75,I 75 and Cumberland Blvd,,Rear End,3,Cloudy,Dry,Daylight
2024-12-27T07:20:00.000,I 75,I 75 and Cumberland Blvd,,Sideswipe-Same Direction,2,Cloudy,Dry,Daylight
2024-05-30T16:02:00.000,I 75,I 75 and Cumberland Blvd,,Rear End,2,Clear,Dry,Daylight
2024-11-07T17:26:00.000,I 75,I 75 and Cumberland Blvd,,Rear End,2,Clear,Dry,Daylight
2024-03-13T09:10:00.000,I 75,I 75 and Cumberland Blvd,,Rear End,2,Clear,Dry,Daylight
2024-05-16T22:16:00.000,I 75,I 75 and Cumberland Blvd,,Rear End,2,Clear,Dry,Dark-Not Lighted
2024-01-20T19:48:00.000,I 75,I 75 and Cumberland Blvd,,Sideswipe-Same Direction,2,Clear,Dry,Dark-Not Lighted
2024-01-09T07:45:00.000,I 75,I 75 and Cumberland Blvd,,Rear End,2,Rain,Wet,Daylight
2024-11-19T07:12:00.000,I 75,I 75 and Cumberland Blvd,,Rear End,2,Rain,Wet,Daylight
2024-01-02T03:01:00.000,I 75,I 75 and Cumberland Blvd,,Sideswipe-Same Direction,2,Clear,Dry,Dark-Not Lighted
2024-10-24T15:58:00.000,I 75,I 75 and Cumberland Blvd,,Rear End,2,Clear,Dry,Daylight
2024-07-12T06:40:00.000,I 75,I 75 and Cumberland Blvd,,Sideswipe-Same Direction,2,Clear,Dry,Dawn
2024-02-29T19:00:00.000,I 75,I 75 and Cumberland Blvd,,Rear End,2,Cloudy,Dry,Dark-Lighted
2024-03-22T17:51:00.000,I 75,I 75 and Cumberland Blvd,,Angle Crash,2,Rain,Wet,Daylight
2024-12-18T08:48:00.000,I 75,I 75 and Cumberland Blvd,,Rear End,2,Cloudy,Dry,Daylight
2024-04-07T17:41:00.000,I 75,I 75 and Cumberland Blvd,,Rear End,2,Clear,Dry,Daylight
2024-09-05T15:39:00.000,I 75,I 75 and Cumberland Blvd,,Rear End,2,Cloudy,Dry,Daylight
2024-01-24T22:56:00.000,I 75,I 75 and Cumberland Blvd,,Not a Collision with Motor Vehicle,1,Rain,Water (standing or moving),Dark-Not Lighted
2024-01-10T09:20:00.000,I 75,I 75 and Cumberland Blvd,,Angle Crash,2,Clear,Dry,Daylight
2024-11-19T07:12:00.000,I 75,I 75 and Cumberland Blvd,,Rear End,2,Rain,Wet,Daylight
2024-10-23T07:57:00.000,I 75,I 75 and Cumberland Blvd,,Rear End,2,Clear,Dry,Daylight
2024-12-13T18:37:00.000,I 75,I 75 and Cumberland Blvd,,Rear End,2,Cloudy,Dry,Dark-Lighted
2024-02-08T08:20:00.000,I 75,I 75 and Cumberland Blvd,,Rear End,2,Cloudy,Dry,Daylight
2024-01-09T07:58:00.000,I 75,I 75 and Cumberland Blvd,,Not a Collision with Motor Vehicle,1,Rain,Wet,Dawn
2024-05-10T12:48:00.000,I 75,I 75 and Cumberland Blvd,,Sideswipe-Same Direction,2,Clear,Dry,Daylight
2024-12-11T09:10:00.000,I 75,I 75 and Cumberland Blvd,,Angle Crash,2,Cloudy,Wet,Daylight
2024-09-18T08:16:00.000,I 75,I 75 and Cumberland Blvd,,Rear End,2,Cloudy,Dry,Daylight
2024-04-22T18:39:00.000,I 75,I 75 and Cumberland Blvd,,Rear End,2,Clear,Dry,Daylight
2024-01-30T19:01:00.000,I 75,I 75 and Cumberland Blvd,,Rear End,3,Clear,Dry,Dark-Not Lighted
2024-04-11T09:13:00.000,I 75,I 75 and Cumberland Blvd,,Sideswipe-Same Direction,3,Rain,Wet,Daylight
2024-03-01T15:40:00.000,I 75,I 75 and Cumberland Blvd,,Not a Collision with Motor Vehicle,1,Rain,Wet,Daylight
2024-09-11T07:24:00.000,I 75,I 75 and Cumberland Blvd,,Rear End,3,Clear,Dry,Daylight
2024-10-08T11:33:00.000,I 75,I 75 and Cumberland Blvd,,Rear End,2,Clear,Dry,Daylight
2023-09-28T01:52:00.000,I 75,I 75 and Cumberland Blv,,Rear End,2,Clear,Dry,Dark-Not Lighted
2021-12-30T14:34:00.000,I 75,I 75 and Cumberland,,Rear End,2,Rain,Wet,Daylight
2021-12-14T11:00:00.000,I 75,I 75 and Cumberland,,Sideswipe-Same Direction,2,Clear,Dry,Daylight
2023-04-30T22:40:00.000,I 75,I 75 and Cumberland,,Sideswipe-Same Direction,2,Clear,Dry,Dark-Not Lighted
2024-08-15T09:09:00.000,I 75,I 75 and Cumberland,,Rear End,2,Clear,Dry,Daylight
2024-07-15T17:39:00.000,I 75,I 75 and Cumberland,,Sideswipe-Same Direction,2,Clear,Dry,Daylight
2024-05-14T16:35:00.000,I 75,I 75 and Cumberland,,Sideswipe-Same Direction,2,Clear,Dry,Daylight
2024-07-01T15:56:00.000,I 75,I 75 and Cumberland,,Rear End,2,Clear,Dry,Daylight
2022-10-13T03:01:00.000,I 75,I 75 and Cumberladn Blvd,,Sideswipe-Same Direction,2,Clear,Dry,Dark-Not Lighted
2023-11-16T08:00:00.000,I 75,I 75 and Cuberland Blvd,,Sideswipe-Same Direction,2,Cloudy,Dry,Daylight
2022-12-01T09:17:00.000,I 75,I 75 and Crown Road   Central Ave,,Rear End,3,Clear,Dry,Daylight
2021-01-06T21:20:00.000,I 75,I 75 and Crown Rd,,Sideswipe-Same Direction,2,Clear,Dry,Dark-Lighted
2021-02-14T13:35:00.000,I 75,I 75 and Crown Rd,,Rear End,2,Clear,Dry,Daylight
2021-10-26T08:24:00.000,I 75,I 75 and Crown Rd,,Rear End,2,Clear,Dry,Daylight
2022-04-18T05:34:00.000,I 75,I 75 and Crisp County Turner County Lin,,Not a Collision with Motor Vehicle,1,Cloudy,Wet,Daylight
2021-03-14T11:12:00.000,I 75,I 75 and Crisp  Turner County Line,,Sideswipe-Same Direction,2,Cloudy,Dry,Daylight
2024-06-20T06:10:00.000,I 75,I 75 and Coutland St,,Rear End,2,Clear,Dry,Daylight
2024-05-02T18:00:00.000,I 75,I 75 and Coutland St,,Sideswipe-Same Direction,2,Clear,Dry,Daylight
2023-06-09T08:04:00.000,I 75,I 75 and Courtland Street Ralph Mcgill,,Rear End,2,Clear,Dry,Daylight
2022-02-11T19:02:00.000,I 75,I 75 and Courtland Street Overpaass,,Rear End,2,Clear,Dry,Dark-Lighted
2023-05-19T13:00:00.000,I 75,I 75 and Courtland Street Opas,,Sideswipe-Same Direction,2,Clear,Dry,Daylight
2024-02-05T17:49:00.000,I 75,I 75 and Courtland Street Opas,,Sideswipe-Same Direction,2,Clear,Dry,Dark-Lighted
2024-01-01T15:50:00.000,I 75,I 75 and Courtland St.,,Rear End,6,Clear,Dry,Daylight
2024-01-01T16:55:00.000,I 75,I 75 and Courtland St.,,Rear End,2,Clear,Dry,Daylight
2023-04-16T00:01:00.000,I 75,I 75 and Courtland St Opas,,Sideswipe-Same Direction,3,Clear,Dry,Daylight
2023-03-14T17:01:00.000,I 75,I 75 and Courtland St Opas,,Sideswipe-Same Direction,2,Clear,Dry,Daylight
2024-03-18T10:23:00.000,I 75,I 75 and Courtland St Opas,,Rear End,3,Clear,Dry,Daylight
2021-04-14T11:28:00.000,I 75,I 75 and Courtland St,,Rear End,2,Clear,Dry,Daylight
2021-06-07T19:20:00.000,I 75,I 75 and Courtland St,,Sideswipe-Same Direction,2,Cloudy,Dry,Daylight
2021-10-05T14:20:00.000,I 75,I 75 and Courtland St,,Rear End,3,Cloudy,Wet,Daylight
2021-11-09T06:20:00.000,I 75,I 75 and Courtland St,,Sideswipe-Same Direction,2,Clear,Dry,Dark-Lighted
2021-11-19T09:20:00.000,I 75,I 75 and Courtland St,,Sideswipe-Same Direction,2,Clear,Dry,Daylight
2021-11-04T20:05:00.000,I 75,I 75 and Courtland St,,Rear End,4,Cloudy,Wet,Dark-Lighted
2021-09-03T14:00:00.000,I 75,I 75 and Courtland St,,Rear End,2,Clear,Dry,Daylight
2021-12-20T19:41:00.000,I 75,I 75 and Courtland St,,Sideswipe-Same Direction,2,Cloudy,Dry,Dark-Not Lighted
2020-04-20T09:11:00.000,I 75,I 75 and Courtland St,,Rear End,2,Cloudy,Wet,Daylight
2023-05-30T19:00:00.000,I 75,I 75 and Courtland St,,Rear End,2,Clear,Dry,Daylight
2023-12-21T15:38:00.000,I 75,I 75 and Courtland St,,Rear End,2,Cloudy,Dry,Daylight
2023-12-01T14:00:00.000,I 75,I 75 and Courtland St,,Rear End,2,Cloudy,Wet,Daylight
2023-04-03T17:20:00.000,I 75,I 75 and Courtland St,,Rear End,3,Cloudy,Wet,Daylight
2023-11-03T19:52:00.000,I 75,I 75 and Courtland St,,Sideswipe-Same Direction,2,Clear,Dry,Dark-Lighted
2023-01-24T18:00:00.000,I 75,I 75 and Courtland St,,Sideswipe-Same Direction,2,Cloudy,Dry,Daylight
2023-06-26T18:52:00.000,I 75,I 75 and Courtland St,,Sideswipe-Same Direction,2,Clear,Dry,Daylight
2023-12-26T19:33:00.000,I 75,I 75 and Courtland St,,Sideswipe-Same Direction,3,Clear,Dry,Daylight
2023-10-23T19:12:00.000,I 75,I 75 and Courtland St,,Rear End,3,Clear,Dry,Dark-Lighted
2023-02-28T19:02:00.000,I 75,I 75 and Courtland St,,Rear End,2,Clear,Dry,Dark-Not Lighted
2023-04-03T15:30:00.000,I 75,I 75 and Courtland St,,Rear End,2,Cloudy,Wet,Daylight
2023-10-16T18:50:00.000,I 75,I 75 and Courtland St,,Sideswipe-Same Direction,2,Cloudy,Dry,Daylight
2023-10-19T16:10:00.000,I 75,I 75 and Courtland St,,Angle Crash,2,Cloudy,Wet,Daylight
2023-04-10T17:29:00.000,I 75,I 75 and Courtland St,,Sideswipe-Same Direction,2,Clear,Dry,Daylight
2023-08-24T13:11:00.000,I 75,I 75 and Courtland St,,Rear End,2,Cloudy,Dry,Daylight
2023-01-17T19:00:00.000,I 75,I 75 and Courtland St,,Sideswipe-Same Direction,2,Cloudy,Wet,Dark-Lighted
2023-12-18T18:44:00.000,I 75,I 75 and Courtland St,,Rear End,2,Clear,Dry,Dark-Lighted
2023-07-17T19:15:00.000,I 75,I 75 and Courtland St,,Rear End,3,Clear,Dry,Daylight
2023-02-28T13:25:00.000,I 75,I 75 and Courtland St,,Rear End,2,Clear,Dry,Daylight
2023-04-21T14:30:00.000,I 75,I 75 and Courtland St,,Rear End,2,Clear,Dry,Daylight
2023-04-04T13:03:00.000,I 75,I 75 and Courtland St,,Sideswipe-Same Direction,2,Cloudy,Dry,Daylight
2022-07-05T06:30:00.000,I 75,I 75 and Courtland St,,Sideswipe-Same Direction,4,Clear,Dry,Daylight
2022-05-24T17:45:00.000,I 75,I 75 and Courtland St,,Rear End,2,Clear,Dry,Daylight
2020-05-01T15:41:00.000,I 75,I 75 and Courtland St,,Rear End,2,Clear,Dry,Daylight
2020-01-03T08:20:00.000,I 75,I 75 and Courtland St,,Rear End,2,Rain,Wet,Daylight
2020-02-10T14:54:00.000,I 75,I 75 and Courtland St,,Not a Collision with Motor Vehicle,1,Cloudy,Wet,Daylight
2020-02-10T14:54:00.000,I 75,I 75 and Courtland St,,Sideswipe-Same Direction,2,Rain,Wet,Daylight
2020-10-13T17:07:00.000,I 75,I 75 and Courtland St,,Rear End,5,Clear,Dry,Daylight
2020-12-30T15:38:00.000,I 75,I 75 and Courtland St,,Rear End,2,Cloudy,Dry,Daylight
2020-04-20T00:00:00.000,I 75,I 75 and Courtland St,,Rear End,2,Cloudy,Wet,Daylight
2020-08-20T18:55:00.000,I 75,I 75 and Courtland St,,Rear End,2,Rain,Wet,Daylight
2020-07-03T12:47:00.000,I 75,I 75 and Courtland St,,Rear End,3,Cloudy,Dry,Daylight
2020-12-17T19:47:00.000,I 75,I 75 and Courtland St,,Sideswipe-Same Direction,2,Clear,Dry,Dark-Lighted
2020-03-13T10:28:00.000,I 75,I 75 and Courtland St,,Sideswipe-Same Direction,3,Cloudy,Dry,Daylight
2020-04-28T15:58:00.000,I 75,I 75 and Courtland St,,Rear End,2,Cloudy,Dry,Daylight
2020-05-01T16:07:00.000,I 75,I 75 and Courtland St,,Rear End,2,Clear,Dry,Daylight
2020-01-02T15:45:00.000,I 75,I 75 and Courtland St,,Rear End,2,Rain,Wet,Daylight
2020-03-13T09:40:00.000,I 75,I 75 and Courtland St,,Sideswipe-Same Direction,4,Cloudy,Dry,Daylight
2021-07-23T19:48:00.000,I 75,I 75 and Courtland St,,Rear End,2,Cloudy,Wet,Daylight
2021-09-10T15:52:00.000,I 75,I 75 and Courtland St,,Rear End,3,Cloudy,Dry,Daylight
2021-11-09T17:26:00.000,I 75,I 75 and Courtland St,,Rear End,2,Clear,Dry,Daylight
2021-08-06T13:20:00.000,I 75,I 75 and Courtland St,,Rear End,2,Cloudy,Dry,Daylight
2022-01-21T09:00:00.000,I 75,I 75 and Courtland St,,Rear End,2,Cloudy,Dry,Daylight
2022-10-13T19:10:00.000,I 75,I 75 and Courtland St,,Sideswipe-Same Direction,2,Cloudy,Dry,Dusk
2021-10-28T07:20:00.000,I 75,I 75 and Courtland St,,Sideswipe-Same Direction,2,Rain,Wet,Dark-Lighted
2021-12-03T12:35:00.000,I 75,I 75 and Courtland St,,Rear End,2,Clear,Dry,Daylight
2022-04-26T08:00:00.000,I 75,I 75 and Courtland St,,Sideswipe-Same Direction,2,Clear,Dry,Daylight
2022-11-15T09:40:00.000,I 75,I 75 and Courtland St,,Sideswipe-Same Direction,3,Rain,Wet,Daylight
2022-12-12T11:41:00.000,I 75,I 75 and Courtland St,,Sideswipe-Same Direction,2,Cloudy,Dry,Daylight
2022-05-23T16:27:00.000,I 75,I 75 and Courtland St,,Sideswipe-Same Direction,2,Cloudy,Dry,Daylight
2022-06-17T06:10:00.000,I 75,I 75 and Courtland St,,Rear End,3,Clear,Dry,Daylight
2022-11-14T19:56:00.000,I 75,I 75 and Courtland St,,Rear End,3,Cloudy,Dry,Dark-Not Lighted
2022-09-06T19:00:00.000,I 75,I 75 and Courtland St,,Rear End,2,Clear,Dry,Daylight
2022-12-03T21:50:00.000,I 75,I 75 and Courtland St,,Rear End,2,Clear,Wet,Dark-Lighted
2022-06-07T15:15:00.000,I 75,I 75 and Courtland St,,Rear End,2,Clear,Dry,Daylight
2021-11-10T19:30:00.000,I 75,I 75 and Courtland St,,Rear End,3,Clear,Dry,Dark-Not Lighted
2021-11-15T12:25:00.000,I 75,I 75 and Courtland St,,Sideswipe-Same Direction,2,Clear,Dry,Daylight
2022-08-05T10:20:00.000,I 75,I 75 and Courtland St,,Rear End,2,Clear,Dry,Daylight
2022-06-17T06:10:00.000,I 75,I 75 and Courtland St,,Rear End,2,Clear,Dry,Daylight
2022-08-04T00:00:00.000,I 75,I 75 and Courtland St,,Sideswipe-Same Direction,2,Clear,Dry,Daylight