Date and Time,Roadway (From Crash Report),Intersection Name (from Crash Report),KABCO Severity,Manner of Collision (Crash Level) ,# of Vehicles per crash ,Weather Conditions (Crash Level),Surface Condition (Crash Level) ,Light Conditions (Crash Level)
2022-02-28T17:11:00.000,I 75,I 75 and Courtland St,,Rear End,2,Clear,Dry,Daylight
2022-09-05T12:25:00.000,I 75,I 75 and Courtland St,,Rear End,2,Clear,Dry,Daylight
2022-01-28T12:20:00.000,I 75,I 75 and Courtland St,,Rear End,2,Clear,Dry,Daylight
2022-02-15T18:50:00.000,I 75,I 75 and Courtland St,,Sideswipe-Same Direction,4,Clear,Dry,Dark-Lighted
2022-12-08T16:20:00.000,I 75,I 75 and Courtland St,,Rear End,2,Clear,Dry,Daylight
2022-04-26T15:23:00.000,I 75,I 75 and Courtland St,,Rear End,3,Cloudy,Dry,Daylight
2022-12-15T06:58:00.000,I 75,I 75 and Courtland St,,Rear End,2,Rain,Wet,Dark-Not Lighted
2022-08-05T19:25:00.000,I 75,I 75 and Courtland St,,Sideswipe-Same Direction,2,Rain,Wet,Daylight
2022-07-25T17:50:00.000,I 75,I 75 and Courtland St,,Rear End,2,Clear,Dry,Daylight
2022-10-14T19:42:00.000,I 75,I 75 and Courtland St,,Rear End,2,Clear,Dry,Daylight
2022-11-04T15:40:00.000,I 75,I 75 and Courtland St,,Rear End,2,Clear,Dry,Daylight
2022-07-19T09:20:00.000,I 75,I 75 and Courtland St,,Sideswipe-Same Direction,2,Rain,Wet,Daylight
2022-03-05T20:14:00.000,I 75,I 75 and Courtland St,,Sideswipe-Same Direction,2,Clear,Dry,Dark-Lighted
2022-11-14T17:00:00.000,I 75,I 75 and Courtland St,,Rear End,2,Cloudy,Dry,Daylight
2022-07-29T07:20:00.000,I 75,I 75 and Courtland St,,Sideswipe-Same Direction,2,Clear,Dry,Daylight
2022-03-04T10:40:00.000,I 75,I 75 and Courtland St,,Rear End,2,Clear,Dry,Daylight
2022-07-07T18:10:00.000,I 75,I 75 and Courtland St,,Rear End,2,Clear,Dry,Daylight
2022-04-18T16:30:00.000,I 75,I 75 and Courtland St,,Sideswipe-Same Direction,2,Clear,Dry,Daylight
2022-01-06T13:55:00.000,I 75,I 75 and Courtland St,,Rear End,2,Clear,Dry,Daylight
2022-06-16T09:35:00.000,I 75,I 75 and Courtland St,,Not a Collision with Motor Vehicle,2,Clear,Dry,Daylight
2022-08-26T06:45:00.000,I 75,I 75 and Courtland St,,Rear End,2,Cloudy,Wet,Dark-Lighted
2022-06-09T15:09:00.000,I 75,I 75 and Courtland St,,Rear End,3,Cloudy,Dry,Daylight
2022-12-01T14:15:00.000,I 75,I 75 and Courtland St,,Rear End,2,Clear,Dry,Daylight
2022-08-31T14:00:00.000,I 75,I 75 and Courtland St,,Rear End,2,Clear,Dry,Daylight
2022-09-06T13:30:00.000,I 75,I 75 and Courtland St,,Sideswipe-Same Direction,2,Cloudy,Dry,Daylight
2023-01-31T12:18:00.000,I 75,I 75 and Courtland St,,Sideswipe-Same Direction,2,Cloudy,Wet,Daylight
2023-02-16T15:15:00.000,I 75,I 75 and Courtland St,,Sideswipe-Same Direction,2,Clear,Dry,Daylight
2024-11-21T15:37:00.000,I 75,I 75 and Courtland St,,Rear End,2,Clear,Dry,Daylight
2024-12-09T06:35:00.000,I 75,I 75 and Courtland St,,Rear End,2,Rain,Wet,Daylight
2024-04-26T10:00:00.000,I 75,I 75 and Courtland St,,Sideswipe-Same Direction,2,Clear,Dry,Daylight
2024-10-21T16:00:00.000,I 75,I 75 and Courtland St,,Rear End,2,Clear,Dry,Daylight
2024-12-06T17:50:00.000,I 75,I 75 and Courtland St,,Rear End,2,Clear,Dry,Daylight
2024-08-27T14:00:00.000,I 75,I 75 and Courtland St,,Rear End,2,Clear,Dry,Daylight
2023-10-12T16:12:00.000,I 75,I 75 and Courtland St,,Sideswipe-Same Direction,2,Cloudy,Dry,Daylight
2023-10-12T12:53:00.000,I 75,I 75 and Courtland St,,Sideswipe-Same Direction,2,Cloudy,Wet,Daylight
2023-09-08T14:45:00.000,I 75,I 75 and Courtland St,,Rear End,2,Clear,Dry,Daylight
2024-04-05T14:00:00.000,I 75,I 75 and Courtland St,,Rear End,3,Clear,Dry,Daylight
2023-04-16T01:56:00.000,I 75,I 75 and Courtland St,,Rear End,2,Clear,Dry,Daylight
2023-04-24T18:50:00.000,I 75,I 75 and Courtland St,,Rear End,3,Clear,Dry,Daylight
2023-08-28T16:15:00.000,I 75,I 75 and Courtland St,,Rear End,2,Cloudy,Dry,Daylight
2023-08-21T07:30:00.000,I 75,I 75 and Courtland St,,Sideswipe-Same Direction,3,Clear,Dry,Daylight
2023-11-14T19:50:00.000,I 75,I 75 and Courtland St,,Rear End,2,Clear,Dry,Dark-Lighted
2023-02-14T15:20:00.000,I 75,I 75 and Courtland St,,Sideswipe-Same Direction,2,Clear,Dry,Daylight
2023-01-24T14:00:00.000,I 75,I 75 and Courtland St,,Rear End,2,Cloudy,Dry,Daylight
2023-01-24T09:45:00.000,I 75,I 75 and Courtland St,,Rear End,2,Clear,Dry,Daylight
2023-04-14T12:50:00.000,I 75,I 75 and Courtland St,,Rear End,2,Clear,Wet,Daylight
2023-04-14T12:50:00.000,I 75,I 75 and Courtland St,,Rear End,2,Clear,Wet,Daylight
2023-08-11T12:25:00.000,I 75,I 75 and Courtland St,,Rear End,4,Clear,Dry,Daylight
2023-06-01T09:54:00.000,I 75,I 75 and Courtland St,,Rear End,2,Cloudy,Dry,Daylight
2023-02-07T11:45:00.000,I 75,I 75 and Courtland St,,Rear End,3,Clear,Dry,Daylight
2023-11-09T18:30:00.000,I 75,I 75 and Courtland St,,Rear End,3,Clear,Dry,Daylight
2023-12-28T18:45:00.000,I 75,I 75 and Courtland St,,Sideswipe-Same Direction,2,Clear,Dry,Dark-Lighted
2023-10-30T08:30:00.000,I 75,I 75 and Courtland St,,Sideswipe-Same Direction,2,Clear,Dry,Daylight
2023-04-04T12:57:00.000,I 75,I 75 and Courtland St,,Rear End,4,Cloudy,Dry,Daylight
2024-02-12T13:20:00.000,I 75,I 75 and Courtland St,,Sideswipe-Same Direction,2,Rain,Wet,Daylight
2024-11-15T15:55:00.000,I 75,I 75 and Courtland St,,Rear End,2,Clear,Dry,Daylight
2024-01-25T08:00:00.000,I 75,I 75 and Courtland St,,Rear End,2,Rain,Wet,Daylight
2024-04-02T16:23:00.000,I 75,I 75 and Courtland St,,Rear End,2,Cloudy,Dry,Daylight
2024-05-16T17:39:00.000,I 75,I 75 and Courtland St,,Rear End,2,Cloudy,Dry,Daylight
2024-11-14T12:50:00.000,I 75,I 75 and Courtland St,,Rear End,2,Rain,Wet,Daylight
2024-01-22T09:15:00.000,I 75,I 75 and Courtland St,,Sideswipe-Same Direction,2,Clear,Dry,Daylight
2024-12-31T17:31:00.000,I 75,I 75 and Courtland St,,Sideswipe-Same Direction,2,Clear,Dry,Daylight
2024-04-26T16:30:00.000,I 75,I 75 and Courtland St,,Sideswipe-Same Direction,2,Clear,Dry,Daylight
2024-06-20T16:07:00.000,I 75,I 75 and Courtland St,,Sideswipe-Same Direction,2,Cloudy,Dry,Daylight
2024-08-26T12:50:00.000,I 75,I 75 and Courtland St,,Rear End,3,Clear,Dry,Daylight
2024-03-25T08:20:00.000,I 75,I 75 and Courtland St,,Sideswipe-Same Direction,2,Clear,Dry,Daylight
2024-05-21T15:35:00.000,I 75,I 75 and Courtland St,,Sideswipe-Same Direction,2,Clear,Dry,Daylight
2024-08-26T17:20:00.000,I 75,I 75 and Courtland St,,Rear End,2,Clear,Dry,Daylight
2024-02-06T10:50:00.000,I 75,I 75 and Courtland St,,Rear End,2,Clear,Dry,Daylight
2022-01-07T12:36:00.000,I 75,I 75 and Courtland Ave Opas,,Rear End,2,Clear,Dry,Daylight
2024-02-18T18:21:00.000,I 75,I 75 and Courtland Ave,,Rear End,2,Clear,Dry,Daylight
2023-06-03T21:50:00.000,I 75,I 75 and Courtland Ave,,Rear End,3,Clear,Dry,Dark-Lighted
2024-08-19T17:50:00.000,I 75,I 75 and Courtland,,Sideswipe-Same Direction,2,Clear,Dry,Daylight
2022-10-22T12:43:00.000,I 75,I 75 and County Road 23,,Not a Collision with Motor Vehicle,2,Clear,Dry,Daylight
2023-03-10T18:18:00.000,I 75,I 75 and County Road 159,,Rear End,2,Cloudy,Dry,Daylight
2024-05-25T05:58:00.000,I 75,I 75 and County Line Road Opas,,Sideswipe-Same Direction,2,Clear,Dry,Daylight
2024-04-10T11:38:00.000,I 75,I 75 and County Line Rd Opas,,Not a Collision with Motor Vehicle,2,Clear,Dry,Daylight
2024-07-20T12:52:00.000,I 75,I 75 and County Line Rd Opas,,Not a Collision with Motor Vehicle,1,Rain,Wet,Daylight
2024-11-18T11:10:00.000,I 75,I 75 and County Line Rd Opas,,Rear End,3,Clear,Dry,Daylight
2021-04-10T14:30:00.000,I 75,I 75 and County Line Rd,,Angle Crash,2,Rain,Wet,Daylight
2023-06-22T19:45:00.000,I 75,I 75 and County Line Rd,,Not a Collision with Motor Vehicle,1,Rain,Wet,Daylight
2020-08-22T07:18:00.000,I 75,I 75 and County Line Rd,,Not a Collision with Motor Vehicle,1,Clear,Dry,Daylight
2020-03-08T03:33:00.000,I 75,I 75 and County Line Rd,,Rear End,2,Clear,Dry,Dark-Not Lighted
2022-04-15T18:50:00.000,I 75,I 75 and County Line Rd,,Sideswipe-Same Direction,2,Clear,Dry,Daylight
2022-11-29T12:30:00.000,I 75,I 75 and County Line Rd,,Rear End,2,Clear,Dry,Daylight
2023-09-24T14:50:00.000,I 75,I 75 and County Line,,Sideswipe-Same Direction,2,Clear,Dry,Daylight
2020-09-25T03:45:00.000,I 75,I 75 and County Line,,Not a Collision with Motor Vehicle,1,Rain,Wet,Dark-Lighted
2020-09-12T09:39:00.000,I 75,I 75 and County Line,,Not a Collision with Motor Vehicle,1,Cloudy,Dry,Daylight
2021-08-15T17:24:00.000,I 75,I 75 and County Line,,Sideswipe-Same Direction,2,Clear,Dry,Daylight
2022-12-09T06:49:00.000,I 75,I 75 and County Line,,Not a Collision with Motor Vehicle,3,Cloudy,Dry,Dawn
2022-07-16T15:20:00.000,I 75,I 75 and Cook Tift County Line,,Not a Collision with Motor Vehicle,2,Clear,Dry,Daylight
2022-01-09T15:25:00.000,I 75,I 75 and Cook County Line,,Not a Collision with Motor Vehicle,1,Clear,Dry,Daylight
2022-03-19T22:38:00.000,I 75,I 75 and Cook County   Tift County Line,,Rear End,2,Clear,Dry,Dark-Not Lighted
2021-07-01T14:25:00.000,I 75,I 75 and Cook   Tift County Line,,Not a Collision with Motor Vehicle,1,Rain,Wet,Daylight
2022-03-31T12:10:00.000,I 75,I 75 and Cook   Tift County Line,,Sideswipe-Same Direction,2,Cloudy,Dry,Daylight
2021-08-28T15:25:00.000,I 75,I 75 and Cook   Lowndes County Line,,Not a Collision with Motor Vehicle,1,Rain,Wet,Daylight
2024-08-04T14:54:00.000,I 75,I 75 and Conway Rd,,Rear End,3,Clear,Dry,Daylight
2021-10-01T07:04:00.000,I 75,I 75 and Connector 3,,Rear End,2,Clear,Dry,Daylight
2023-10-13T20:18:00.000,I 75,I 75 and Connector 3,,Rear End,2,Rain,Wet,Dark-Not Lighted
2023-09-12T07:42:00.000,I 75,I 75 and Connector 3,,Rear End,2,Cloudy,Dry,Daylight
2022-12-29T07:11:00.000,I 75,I 75 and Connector 3,,Sideswipe-Same Direction,2,Clear,Dry,Dark-Lighted
2022-02-21T01:37:00.000,I 75,I 75 and Connector 3,,Not a Collision with Motor Vehicle,1,Clear,Dry,Dark-Not Lighted
2020-12-01T07:53:00.000,I 75,I 75 and Connector 3,,Rear End,2,Clear,Dry,Dawn
2021-02-13T09:21:00.000,I 75,I 75 and Connector 3,,Sideswipe-Same Direction,2,Cloudy,Wet,Daylight
2021-10-04T01:13:00.000,I 75,I 75 and Connector 3,,Not a Collision with Motor Vehicle,1,Cloudy,Wet,Dark-Not Lighted
2022-10-17T07:16:00.000,I 75,I 75 and Connector 3,,Rear End,2,Cloudy,Wet,Dusk
2022-11-05T15:15:00.000,I 75,I 75 and Connector 3,,Not a Collision with Motor Vehicle,1,Rain,Wet,Daylight
2022-12-12T01:02:00.000,I 75,I 75 and Connector 3,,Not a Collision with Motor Vehicle,1,Rain,Wet,Dark-Not Lighted
2022-09-16T17:23:00.000,I 75,I 75 and Connector 3,,Rear End,2,Clear,Dry,Daylight
2022-01-29T05:22:00.000,I 75,I 75 and Connector 3,,Not a Collision with Motor Vehicle,1,Cloudy,Dry,Dark-Lighted
2022-09-09T06:01:00.000,I 75,I 75 and Connector 3,,Sideswipe-Same Direction,2,Clear,Dry,Dark-Not Lighted
2022-05-14T13:35:00.000,I 75,I 75 and Connector 3,,Rear End,2,Clear,Dry,Daylight
2022-09-16T16:40:00.000,I 75,I 75 and Connector 3,,Rear End,2,Clear,Dry,Daylight
2022-08-07T22:27:00.000,I 75,I 75 and Connector 3,,Sideswipe-Same Direction,2,Clear,Dry,Dark-Not Lighted
2022-03-08T04:05:00.000,I 75,I 75 and Connector 3,,Not a Collision with Motor Vehicle,1,Cloudy,Dry,Dark-Not Lighted
2023-12-10T17:16:00.000,I 75,I 75 and Connector 3,,Head On,2,Clear,Wet,Dark-Not Lighted
2024-10-23T13:12:00.000,I 75,I 75 and Connector 3,,Sideswipe-Same Direction,2,Clear,Dry,Daylight
2023-04-13T07:30:00.000,I 75,I 75 and Connector 3,,Rear End,2,Clear,Dry,Daylight
2023-12-12T09:10:00.000,I 75,I 75 and Connector 3,,Rear End,2,Clear,Dry,Daylight
2023-10-04T08:07:00.000,I 75,I 75 and Connector 3,,Rear End,2,Clear,Dry,Daylight
2024-12-29T15:52:00.000,I 75,I 75 and Connector 3,,Rear End,2,Clear,Dry,Daylight
2024-12-20T02:05:00.000,I 75,I 75 and Connector 3,,Angle Crash,2,Clear,Dry,Dark-Not Lighted
2024-11-28T21:09:00.000,I 75,I 75 and Connector 3,,Not a Collision with Motor Vehicle,1,Clear,Dry,Dark-Not Lighted
2024-06-22T18:18:00.000,I 75,I 75 and Connector 3,,Not a Collision with Motor Vehicle,1,Clear,Dry,Daylight
2023-11-29T06:16:00.000,I 75,I 75 and Conn 3,,Sideswipe-Same Direction,3,Clear,Dry,Dark-Not Lighted
2024-09-17T16:01:00.000,I 75,I 75 and Conn 3,,Sideswipe-Same Direction,2,Cloudy,Wet,Daylight
2020-06-19T14:55:00.000,I 75,I 75 and Colwell Road Opas,,Not a Collision with Motor Vehicle,1,Clear,Dry,Daylight
2024-12-09T04:15:00.000,I 75,I 75 and Colwell Road Opas,,Sideswipe-Same Direction,2,Cloudy,Wet,Dark-Not Lighted
2020-06-24T23:30:00.000,I 75,I 75 and Colwell Rd,,Sideswipe-Same Direction,2,Rain,Wet,Daylight
2020-11-11T09:45:00.000,I 75,I 75 and Colwell Rd,,Not a Collision with Motor Vehicle,1,Cloudy,Wet,Daylight
2020-01-26T22:55:00.000,I 75,I 75 and Colwell Rd,,Angle Crash,4,Cloudy,Dry,Dark-Not Lighted
2020-09-19T20:09:00.000,I 75,I 75 and Colwell Rd,,Rear End,2,Clear,Dry,Dark-Not Lighted
2021-10-15T14:44:00.000,I 75,I 75 and Colwell Rd,,Rear End,2,Clear,Dry,Daylight
2021-08-10T00:50:00.000,I 75,I 75 and Colwell Rd,,Not a Collision with Motor Vehicle,1,Clear,Dry,Dark-Lighted
2021-11-22T17:31:00.000,I 75,I 75 and Colwell Rd,,Sideswipe-Same Direction,2,Clear,Dry,Dusk
2022-06-12T15:05:00.000,I 75,I 75 and Colwell Rd,,Sideswipe-Same Direction,2,Clear,Dry,Daylight
2022-01-11T21:25:00.000,I 75,I 75 and Colwell Rd,,Angle Crash,3,Cloudy,Dry,Dark-Not Lighted
2024-12-01T12:25:00.000,I 75,I 75 and Colwell Rd,,Rear End,2,Clear,Dry,Daylight
2023-10-30T09:25:00.000,I 75,I 75 and Colwell Rd,,Rear End,2,Clear,Dry,Daylight
2024-08-05T15:25:00.000,I 75,I 75 and Colwell Rd,,Not a Collision with Motor Vehicle,1,Rain,Wet,Daylight
2024-01-11T06:11:00.000,I 75,I 75 and Colwell Rd,,Sideswipe-Same Direction,2,Clear,Dry,Dark-Not Lighted
2024-08-11T12:04:00.000,I 75,I 75 and Colwell Rd,,Rear End,2,Clear,Dry,Daylight
2024-11-27T14:43:00.000,I 75,I 75 and Colwell Rd,,Rear End,2,Clear,Dry,Daylight
2024-10-16T11:15:00.000,I 75,I 75 and Colwell Rd,,Rear End,2,Clear,Dry,Daylight
2024-03-22T05:46:00.000,I 75,I 75 and Colwell Rd,,(None),2,(None),(None),(None)
2023-09-24T16:05:00.000,I 75,I 75 and Colquitt St,,Not a Collision with Motor Vehicle,1,Clear,Dry,Daylight
2020-03-03T07:03:00.000,I 75,I 75 and Colquitt St,,Sideswipe-Same Direction,2,Cloudy,Dry,Daylight
2021-11-04T23:45:00.000,I 75,I 75 and Colquitt St,,Not a Collision with Motor Vehicle,1,Clear,Dry,Dark-Not Lighted
2022-03-13T13:34:00.000,I 75,I 75 and Colquitt St,,Rear End,2,Clear,Dry,Daylight
2021-01-16T14:37:00.000,I 75,I 75 and Colquitt,,Angle Crash,2,Clear,Dry,Daylight
2022-04-28T08:05:00.000,I 75,I 75 and Collier Road Opas,,Rear End,2,Clear,Dry,Daylight
2023-08-17T22:30:00.000,I 75,I 75 and Collier Road Northwest,,Not a Collision with Motor Vehicle,1,Clear,Dry,Dark-Lighted
2023-08-17T15:10:00.000,I 75,I 75 and Collier Rd,,Not a Collision with Motor Vehicle,2,Clear,Dry,Daylight
2023-09-08T14:52:00.000,I 75,I 75 and Collier Rd,,Rear End,2,Clear,Dry,Daylight
2023-06-16T12:40:00.000,I 75,I 75 and Collier Rd,,Rear End,2,Clear,Dry,Daylight
2020-02-05T06:45:00.000,I 75,I 75 and Collier Rd,,Sideswipe-Same Direction,3,Cloudy,Wet,Dark-Not Lighted
2020-09-23T21:21:00.000,I 75,I 75 and Collier Rd,,Not a Collision with Motor Vehicle,2,Clear,Dry,Daylight
2020-01-22T08:32:00.000,I 75,I 75 and Collier Rd,,Rear End,2,Clear,Dry,Daylight
2021-11-09T15:57:00.000,I 75,I 75 and Collier Rd,,Rear End,3,Clear,Dry,Daylight
2021-11-09T15:57:00.000,I 75,I 75 and Collier Rd,,Rear End,2,Clear,Dry,Daylight
2022-10-13T09:14:00.000,I 75,I 75 and Collier Rd,,Sideswipe-Same Direction,2,Cloudy,Wet,Daylight
2023-12-05T07:52:00.000,I 75,I 75 and Collier Rd,,Rear End,2,Clear,Dry,Daylight
2023-02-02T07:33:00.000,I 75,I 75 and Collier Rd,,Sideswipe-Same Direction,2,Rain,Wet,Daylight
2024-04-16T17:03:00.000,I 75,I 75 and Collier Rd,,Rear End,2,Clear,Dry,Daylight
2024-04-16T17:03:00.000,I 75,I 75 and Collier Rd,,Rear End,2,Clear,Dry,Daylight
2023-10-12T17:21:00.000,I 75,I 75 and Collier Rd,,Sideswipe-Same Direction,2,Clear,Dry,Daylight
2023-07-11T17:37:00.000,I 75,I 75 and Collier Rd,,Sideswipe-Same Direction,2,Clear,Dry,Daylight
2024-09-06T18:00:00.000,I 75,I 75 and Collier Rd,,Rear End,2,Rain,Wet,Daylight
2024-05-09T15:04:00.000,I 75,I 75 and Collier Rd,,Sideswipe-Same Direction,2,Clear,Dry,Daylight
2024-11-19T19:10:00.000,I 75,I 75 and Collier Rd,,Rear End,2,Cloudy,Wet,Dark-Lighted
2024-05-10T15:54:00.000,I 75,I 75 and Collier Rd,,Rear End,3,Clear,Dry,Daylight
2024-10-31T07:50:00.000,I 75,I 75 and Collier Rd,,Sideswipe-Same Direction,2,Clear,Dry,Daylight
2024-11-12T20:40:00.000,I 75,I 75 and Cobb Place Ln,,Sideswipe-Same Direction,2,Clear,Dry,Dark-Not Lighted
2023-08-12T20:28:00.000,I 75,I 75 and Cobb Pkwy,,Not a Collision with Motor Vehicle,1,Rain,Wet,Daylight
2023-08-12T20:18:00.000,I 75,I 75 and Cobb Pkwy,,Rear End,2,Rain,Wet,Daylight
2023-08-06T19:48:00.000,I 75,I 75 and Cobb Pkwy,,Not a Collision with Motor Vehicle,1,Rain,Wet,Daylight
2023-07-25T08:41:00.000,I 75,I 75 and Cobb Pkwy,,Rear End,2,Clear,Dry,Daylight
2020-09-27T13:12:00.000,I 75,I 75 and Cobb Pkwy,,Sideswipe-Same Direction,2,Cloudy,Dry,Daylight
2020-02-11T07:00:00.000,I 75,I 75 and Cobb Pkwy,,Rear End,2,Rain,Wet,Dawn
2021-03-25T06:15:00.000,I 75,I 75 and Cobb Pkwy,,Rear End,2,Rain,Wet,Dark-Not Lighted
2022-06-27T14:20:00.000,I 75,I 75 and Cobb Pkwy,,Rear End,2,Clear,Dry,Daylight
2022-10-12T20:08:00.000,I 75,I 75 and Cobb Pkwy,,(None),2,(None),(None),(None)
2022-10-06T08:34:00.000,I 75,I 75 and Cobb Pkwy,,Rear End,2,Cloudy,Dry,Daylight
2024-10-16T10:27:00.000,I 75,I 75 and Cobb Pkwy,,Rear End,2,Clear,Dry,Daylight
2023-09-16T19:39:00.000,I 75,I 75 and Cobb Pkwy,,Rear End,2,Cloudy,Wet,Dark-Not Lighted
2023-06-16T15:57:00.000,I 75,I 75 and Cobb Pkwy,,Rear End,2,Clear,Dry,Daylight
2023-04-05T23:15:00.000,I 75,I 75 and Cobb Pkwy,,Rear End,2,Clear,Dry,Dark-Lighted
2022-04-08T16:30:00.000,I 75,I 75 and Cobb Fulton County Line,,Rear End,2,Clear,Dry,Daylight
2023-03-27T07:35:00.000,I 75,I 75 and Cobb County Line  S Of Cumberl,,Rear End,2,Rain,Wet,Dark-Not Lighted
2023-08-28T09:28:00.000,I 75,I 75 and Cobb County Line,,Rear End,2,Clear,Wet,Daylight
2024-09-05T09:11:00.000,I 75,I 75 and Cobb County Line,,Rear End,2,Clear,Dry,Daylight
2024-10-22T07:37:00.000,I 75,I 75 and Cobb County Line,,Rear End,3,Clear,Dry,Daylight
2022-02-01T18:22:00.000,I 75,I 75 and Cobb County   Fulton County Li,,Rear End,2,Clear,Dry,Dark-Not Lighted
2024-09-19T08:43:00.000,I 75,I 75 and Cobb County,,Angle Crash,2,Clear,Dry,Daylight
2020-12-09T18:00:00.000,I 75,I 75 and Cobb Cherokee Line,,Not a Collision with Motor Vehicle,1,Clear,Dry,Dark-Not Lighted
2023-08-06T15:10:00.000,I 75,I 75 and Cloudsprings Rd,,Rear End,2,Rain,Wet,Daylight
2024-09-27T08:37:00.000,I 75,I 75 and Cloudsprings Rd,,Not a Collision with Motor Vehicle,1,Rain,Water (standing or moving),Daylight
2024-11-13T10:44:00.000,I 75,I 75 and Cloudsprings Rd,,Rear End,2,Clear,Dry,Daylight
2022-08-20T17:50:00.000,I 75,I 75 and Cloud Springs Rd.,,Rear End,2,Rain,Wet,Daylight
2021-12-16T16:03:00.000,I 75,I 75 and Cloud Springs Rd,,Angle Crash,2,Clear,Dry,Daylight
2021-07-27T13:22:00.000,I 75,I 75 and Cloud Springs Rd,,Rear End,2,Clear,Dry,Daylight
2021-10-21T08:50:00.000,I 75,I 75 and Cloud Springs Rd,,Rear End,3,Cloudy,Dry,Daylight
2021-06-24T12:30:00.000,I 75,I 75 and Cloud Springs Rd,,Rear End,2,Clear,Dry,Daylight
2020-03-01T15:33:00.000,I 75,I 75 and Cloud Springs Rd,,Rear End,2,Clear,Dry,Daylight
2023-08-14T13:41:00.000,I 75,I 75 and Cloud Springs Rd,,Angle Crash,2,Cloudy,Dry,Daylight
2023-03-14T04:53:00.000,I 75,I 75 and Cloud Springs Rd,,Angle Crash,2,Clear,Dry,Dark-Not Lighted
2020-06-23T08:03:00.000,I 75,I 75 and Cloud Springs Rd,,Not a Collision with Motor Vehicle,1,Rain,Wet,Daylight
2020-06-23T08:19:00.000,I 75,I 75 and Cloud Springs Rd,,Not a Collision with Motor Vehicle,1,Rain,Wet,Daylight
2020-12-31T12:05:00.000,I 75,I 75 and Cloud Springs Rd,,Rear End,2,Cloudy,Dry,Daylight
2020-09-18T15:53:00.000,I 75,I 75 and Cloud Springs Rd,,Rear End,2,Cloudy,Dry,Daylight
2020-11-12T13:09:00.000,I 75,I 75 and Cloud Springs Rd,,Rear End,2,Clear,Dry,Daylight
2020-03-24T15:34:00.000,I 75,I 75 and Cloud Springs Rd,,Sideswipe-Opposite Direction,2,Cloudy,Wet,Daylight
2020-02-18T17:16:00.000,I 75,I 75 and Cloud Springs Rd,,Rear End,2,Rain,Wet,Daylight
2022-12-22T11:43:00.000,I 75,I 75 and Cloud Springs Rd,,Angle Crash,2,Clear,Dry,Daylight
2021-10-13T18:09:00.000,I 75,I 75 and Cloud Springs Rd,,Rear End,2,Clear,Dry,Daylight
2022-07-30T10:05:00.000,I 75,I 75 and Cloud Springs Rd,,Rear End,2,Cloudy,Dry,Daylight
2022-10-30T13:07:00.000,I 75,I 75 and Cloud Springs Rd,,Rear End,2,Cloudy,Wet,Daylight
2024-06-20T18:08:00.000,I 75,I 75 and Cloud Springs Rd,,(None),2,(None),(None),(None)
2024-03-11T13:41:00.000,I 75,I 75 and Cloud Springs Rd,,(None),2,(None),(None),(None)
2023-08-14T17:50:00.000,I 75,I 75 and Cloud Springs Rd,,Rear End,2,Clear,Dry,Daylight
2023-06-15T14:31:00.000,I 75,I 75 and Cloud Springs Rd,,Rear End,2,Rain,Wet,Daylight
2023-12-07T12:58:00.000,I 75,I 75 and Cloud Springs Rd,,(None),2,(None),(None),(None)
2023-12-05T15:04:00.000,I 75,I 75 and Cloud Springs Rd,,(None),2,(None),(None),(None)
2024-05-21T16:59:00.000,I 75,I 75 and Cloud Springs Rd,,(None),2,(None),(None),(None)
2024-02-13T13:30:00.000,I 75,I 75 and Cloud Springs Rd,,(None),2,(None),(None),(None)
2024-10-18T18:56:00.000,I 75,I 75 and Cloud Springs,,Rear End,2,Clear,Dry,Dusk
2024-03-14T20:50:00.000,I 75,I 75 and Cloud Spgs,,(None),2,(None),(None),(None)
2023-06-19T14:40:00.000,I 75,I 75 and Clevleand,,Sideswipe-Same Direction,2,Clear,Wet,Daylight
2020-09-17T10:07:00.000,I 75,I 75 and Clevland Ave,,Not a Collision with Motor Vehicle,1,Rain,Wet,Daylight
2024-02-03T02:45:00.000,I 75,I 75 and Clevland Ave,,Angle Crash,2,Clear,Dry,Dark-Lighted
2024-05-03T16:30:00.000,I 75,I 75 and Cleveland Aveune,,Sideswipe-Same Direction,2,Clear,Dry,Daylight
2023-06-22T07:30:00.000,I 75,I 75 and Cleveland Avenue Opas,,Rear End,2,Rain,Wet,Daylight
2020-03-13T12:39:00.000,I 75,I 75 and Cleveland Avenue Opas,,Angle Crash,2,Cloudy,Dry,Daylight
2021-12-10T00:00:00.000,I 75,I 75 and Cleveland Avenue Opas,,Angle Crash,2,Cloudy,Wet,Daylight