Date and Time,Roadway (From Crash Report),Intersection Name (from Crash Report),KABCO Severity,Manner of Collision (Crash Level) ,# of Vehicles per crash ,Weather Conditions (Crash Level),Surface Condition (Crash Level) ,Light Conditions (Crash Level)
2023-11-04T19:13:00.000,I 75,I 75 and Chastain Rd,,Rear End,2,Clear,Dry,Dark-Not Lighted
2023-10-25T05:01:00.000,I 75,I 75 and Chastain Rd,,Not a Collision with Motor Vehicle,1,Clear,Dry,Dark-Not Lighted
2023-01-16T08:35:00.000,I 75,I 75 and Chastain Rd,,Sideswipe-Same Direction,2,Clear,Dry,Daylight
2023-09-13T16:35:00.000,I 75,I 75 and Chastain Rd,,Sideswipe-Same Direction,2,Clear,Dry,Daylight
2023-12-11T18:01:00.000,I 75,I 75 and Chastain Rd,,Rear End,2,Clear,Dry,Dark-Not Lighted
2023-08-11T17:06:00.000,I 75,I 75 and Chastain Rd,,Rear End,3,Cloudy,Dry,Daylight
2023-09-05T08:30:00.000,I 75,I 75 and Chastain Rd,,Sideswipe-Same Direction,2,Clear,Dry,Daylight
2023-05-20T17:45:00.000,I 75,I 75 and Chastain Rd,,Sideswipe-Same Direction,2,Clear,Dry,Daylight
2023-03-05T13:00:00.000,I 75,I 75 and Chastain Rd,,Angle Crash,2,Clear,Dry,Daylight
2023-05-25T14:43:00.000,I 75,I 75 and Chastain Rd,,Sideswipe-Same Direction,2,Clear,Dry,Daylight
2023-07-05T18:30:00.000,I 75,I 75 and Chastain Rd,,Rear End,2,Clear,Dry,Daylight
2023-02-09T17:25:00.000,I 75,I 75 and Chastain Rd,,Rear End,3,Rain,Wet,Daylight
2023-01-09T07:17:00.000,I 75,I 75 and Chastain Rd,,Rear End,2,Cloudy,Dry,Daylight
2023-11-28T11:50:00.000,I 75,I 75 and Chastain Rd,,Rear End,2,Clear,Dry,Daylight
2023-12-22T21:00:00.000,I 75,I 75 and Chastain Rd,,Sideswipe-Same Direction,2,Cloudy,Dry,Dark-Not Lighted
2023-05-18T23:39:00.000,I 75,I 75 and Chastain Rd,,Rear End,2,Clear,Dry,Dark-Lighted
2023-06-21T09:20:00.000,I 75,I 75 and Chastain Rd,,Rear End,2,Cloudy,Wet,Daylight
2023-02-09T12:10:00.000,I 75,I 75 and Chastain Rd,,Rear End,2,Clear,Dry,Daylight
2023-09-05T00:36:00.000,I 75,I 75 and Chastain Rd,,Not a Collision with Motor Vehicle,1,Clear,Dry,Dark-Not Lighted
2023-10-04T06:06:00.000,I 75,I 75 and Chastain Rd,,Rear End,2,Clear,Dry,Dark-Lighted
2023-02-22T12:42:00.000,I 75,I 75 and Chastain Rd,,Rear End,2,Clear,Dry,Daylight
2023-06-02T00:48:00.000,I 75,I 75 and Chastain Rd,,Sideswipe-Same Direction,2,Clear,Dry,Dark-Not Lighted
2023-07-19T08:16:00.000,I 75,I 75 and Chastain Rd,,Rear End,2,Clear,Dry,Daylight
2023-11-16T13:20:00.000,I 75,I 75 and Chastain Rd,,Sideswipe-Same Direction,2,Clear,Dry,Daylight
2023-09-17T21:34:00.000,I 75,I 75 and Chastain Rd,,Rear End,2,Clear,Dry,Dark-Lighted
2023-02-10T17:04:00.000,I 75,I 75 and Chastain Rd,,Rear End,2,Cloudy,Dry,Daylight
2023-04-29T19:30:00.000,I 75,I 75 and Chastain Rd,,Sideswipe-Same Direction,2,Cloudy,Dry,Daylight
2023-10-29T00:34:00.000,I 75,I 75 and Chastain Rd,,Sideswipe-Same Direction,2,Cloudy,Dry,Dark-Not Lighted
2023-03-23T18:10:00.000,I 75,I 75 and Chastain Rd,,Rear End,2,Clear,Dry,Daylight
2023-05-03T15:20:00.000,I 75,I 75 and Chastain Rd,,Rear End,2,Clear,Dry,Daylight
2023-02-17T15:50:00.000,I 75,I 75 and Chastain Rd,,Rear End,2,Cloudy,Dry,Daylight
2023-03-29T11:34:00.000,I 75,I 75 and Chastain Rd,,Sideswipe-Same Direction,2,Clear,Dry,Daylight
2023-07-13T18:48:00.000,I 75,I 75 and Chastain Rd,,Rear End,2,Clear,Dry,Daylight
2023-03-23T02:15:00.000,I 75,I 75 and Chastain Rd,,Not a Collision with Motor Vehicle,1,Clear,Dry,Dark-Not Lighted
2023-04-26T11:41:00.000,I 75,I 75 and Chastain Rd,,Rear End,2,Cloudy,Dry,Daylight
2023-04-16T03:15:00.000,I 75,I 75 and Chastain Rd,,Not a Collision with Motor Vehicle,1,Rain,Wet,Dark-Not Lighted
2023-11-03T13:20:00.000,I 75,I 75 and Chastain Rd,,Not a Collision with Motor Vehicle,2,Clear,Dry,Daylight
2023-08-19T07:00:00.000,I 75,I 75 and Chastain Rd,,Not a Collision with Motor Vehicle,1,Clear,Dry,Daylight
2023-05-05T14:43:00.000,I 75,I 75 and Chastain Rd,,Rear End,2,Rain,Wet,Daylight
2023-08-02T17:38:00.000,I 75,I 75 and Chastain Rd,,Sideswipe-Same Direction,2,Clear,Dry,Daylight
2023-09-13T16:17:00.000,I 75,I 75 and Chastain Rd,,Rear End,2,Cloudy,Dry,Daylight
2023-07-07T18:20:00.000,I 75,I 75 and Chastain Rd,,Rear End,2,Clear,Dry,Daylight
2022-07-13T01:20:00.000,I 75,I 75 and Chastain Rd,,Sideswipe-Same Direction,2,Cloudy,Dry,Dark-Not Lighted
2022-06-27T12:26:00.000,I 75,I 75 and Chastain Rd,,Rear End,2,Cloudy,Dry,Daylight
2022-06-23T14:00:00.000,I 75,I 75 and Chastain Rd,,Rear End,3,Clear,Dry,Daylight
2022-03-14T07:02:00.000,I 75,I 75 and Chastain Rd,,Rear End,2,Clear,Dry,Daylight
2022-05-17T17:24:00.000,I 75,I 75 and Chastain Rd,,Sideswipe-Same Direction,2,Clear,Dry,Daylight
2022-10-06T12:39:00.000,I 75,I 75 and Chastain Rd,,Rear End,5,Clear,Dry,Daylight
2022-01-01T08:50:00.000,I 75,I 75 and Chastain Rd,,Rear End,2,Cloudy,Wet,Daylight
2023-05-17T08:17:00.000,I 75,I 75 and Chastain Rd,,Rear End,2,Cloudy,Dry,Daylight
2023-03-02T15:28:00.000,I 75,I 75 and Chastain Rd,,Rear End,2,Rain,Wet,Daylight
2023-12-05T15:13:00.000,I 75,I 75 and Chastain Rd,,Rear End,2,Clear,Dry,Daylight
2023-07-21T17:52:00.000,I 75,I 75 and Chastain Rd,,Rear End,3,Cloudy,Dry,Daylight
2020-11-20T20:53:00.000,I 75,I 75 and Chastain Rd,,Sideswipe-Same Direction,2,Clear,Dry,Dark-Not Lighted
2020-12-26T16:36:00.000,I 75,I 75 and Chastain Rd,,Sideswipe-Same Direction,2,Clear,Dry,Daylight
2020-02-29T15:30:00.000,I 75,I 75 and Chastain Rd,,Rear End,3,Clear,Dry,Daylight
2020-03-06T22:26:00.000,I 75,I 75 and Chastain Rd,,Sideswipe-Same Direction,2,Clear,Dry,Dark-Not Lighted
2020-02-16T15:15:00.000,I 75,I 75 and Chastain Rd,,Rear End,2,Cloudy,Dry,Daylight
2020-06-04T14:50:00.000,I 75,I 75 and Chastain Rd,,Angle Crash,2,Clear,Dry,Daylight
2020-01-13T21:51:00.000,I 75,I 75 and Chastain Rd,,Not a Collision with Motor Vehicle,1,Rain,Water (standing or moving),Dark-Not Lighted
2020-03-06T10:29:00.000,I 75,I 75 and Chastain Rd,,Rear End,2,Clear,Dry,Daylight
2020-12-19T16:42:00.000,I 75,I 75 and Chastain Rd,,Sideswipe-Same Direction,2,Clear,Dry,Daylight
2020-02-13T02:01:00.000,I 75,I 75 and Chastain Rd,,Sideswipe-Same Direction,2,Rain,Wet,Dark-Not Lighted
2020-01-23T23:43:00.000,I 75,I 75 and Chastain Rd,,Head On,1,Rain,Wet,Dark-Not Lighted
2020-12-24T10:39:00.000,I 75,I 75 and Chastain Rd,,Angle Crash,2,Rain,Wet,Daylight
2020-07-28T08:00:00.000,I 75,I 75 and Chastain Rd,,Sideswipe-Same Direction,2,Clear,Dry,Daylight
2020-07-03T08:25:00.000,I 75,I 75 and Chastain Rd,,Sideswipe-Same Direction,3,Clear,Dry,Daylight
2020-07-07T05:29:00.000,I 75,I 75 and Chastain Rd,,Sideswipe-Same Direction,2,Cloudy,Dry,Dark-Not Lighted
2020-10-11T11:00:00.000,I 75,I 75 and Chastain Rd,,Rear End,2,Cloudy,Wet,Daylight
2020-02-29T12:07:00.000,I 75,I 75 and Chastain Rd,,Rear End,2,Clear,Dry,Daylight
2020-07-26T20:00:00.000,I 75,I 75 and Chastain Rd,,Not a Collision with Motor Vehicle,1,Clear,Dry,Daylight
2020-11-04T11:52:00.000,I 75,I 75 and Chastain Rd,,Not a Collision with Motor Vehicle,1,Clear,Dry,Daylight
2020-02-22T13:45:00.000,I 75,I 75 and Chastain Rd,,Rear End,4,Clear,Dry,Daylight
2020-08-14T15:03:00.000,I 75,I 75 and Chastain Rd,,Not a Collision with Motor Vehicle,1,Cloudy,Dry,Daylight
2020-05-28T09:15:00.000,I 75,I 75 and Chastain Rd,,Sideswipe-Same Direction,2,Cloudy,Dry,Daylight
2020-12-18T19:00:00.000,I 75,I 75 and Chastain Rd,,Rear End,1,Clear,Dry,Dark-Lighted
2020-03-22T15:47:00.000,I 75,I 75 and Chastain Rd,,Not a Collision with Motor Vehicle,1,Cloudy,Wet,Daylight
2020-04-03T00:06:00.000,I 75,I 75 and Chastain Rd,,Not a Collision with Motor Vehicle,2,Clear,Dry,Dark-Lighted
2020-10-10T07:30:00.000,I 75,I 75 and Chastain Rd,,Not a Collision with Motor Vehicle,1,Rain,Wet,Dawn
2020-12-13T09:45:00.000,I 75,I 75 and Chastain Rd,,Rear End,2,Cloudy,Dry,Daylight
2020-02-06T20:14:00.000,I 75,I 75 and Chastain Rd,,Not a Collision with Motor Vehicle,1,Rain,Wet,Dark-Not Lighted
2020-03-24T12:23:00.000,I 75,I 75 and Chastain Rd,,Angle Crash,1,Rain,Water (standing or moving),Daylight
2020-11-17T23:25:00.000,I 75,I 75 and Chastain Rd,,Not a Collision with Motor Vehicle,1,Clear,Dry,Dark-Not Lighted
2020-10-11T17:25:00.000,I 75,I 75 and Chastain Rd,,Sideswipe-Same Direction,2,Clear,Dry,Daylight
2020-10-24T19:03:00.000,I 75,I 75 and Chastain Rd,,Not a Collision with Motor Vehicle,1,Rain,Wet,Dark-Not Lighted
2020-11-14T17:06:00.000,I 75,I 75 and Chastain Rd,,Not a Collision with Motor Vehicle,1,Clear,Dry,Daylight
2020-11-11T21:59:00.000,I 75,I 75 and Chastain Rd,,Not a Collision with Motor Vehicle,1,Rain,Water (standing or moving),Dark-Not Lighted
2020-03-15T16:30:00.000,I 75,I 75 and Chastain Rd,,Rear End,2,Cloudy,Dry,Daylight
2020-09-16T20:45:00.000,I 75,I 75 and Chastain Rd,,Sideswipe-Same Direction,2,Rain,Water (standing or moving),Dark-Not Lighted
2020-05-07T18:31:00.000,I 75,I 75 and Chastain Rd,,Not a Collision with Motor Vehicle,1,Clear,Dry,Daylight
2020-10-09T19:11:00.000,I 75,I 75 and Chastain Rd,,Rear End,2,Rain,Wet,Dark-Not Lighted
2020-04-09T09:10:00.000,I 75,I 75 and Chastain Rd,,Rear End,2,Cloudy,Dry,Daylight
2020-10-11T10:24:00.000,I 75,I 75 and Chastain Rd,,Sideswipe-Same Direction,2,Rain,Wet,Daylight
2020-12-15T22:15:00.000,I 75,I 75 and Chastain Rd,,Sideswipe-Same Direction,2,Clear,Dry,Dark-Not Lighted
2020-06-21T16:47:00.000,I 75,I 75 and Chastain Rd,,Rear End,2,Rain,Wet,Daylight
2020-11-29T22:13:00.000,I 75,I 75 and Chastain Rd,,Sideswipe-Same Direction,2,Rain,Wet,Dark-Lighted
2020-01-17T14:25:00.000,I 75,I 75 and Chastain Rd,,Rear End,2,Clear,Dry,Daylight
2020-04-02T06:55:00.000,I 75,I 75 and Chastain Rd,,Rear End,2,Clear,Dry,Dawn
2020-06-20T18:35:00.000,I 75,I 75 and Chastain Rd,,Angle Crash,4,Clear,Dry,Daylight
2020-10-09T19:45:00.000,I 75,I 75 and Chastain Rd,,Rear End,2,Rain,Wet,Dark-Not Lighted
2020-08-15T23:10:00.000,I 75,I 75 and Chastain Rd,,Not a Collision with Motor Vehicle,1,Clear,Dry,Dark-Lighted
2020-04-16T21:24:00.000,I 75,I 75 and Chastain Rd,,Sideswipe-Same Direction,2,Cloudy,Dry,Dark-Not Lighted
2020-07-12T13:03:00.000,I 75,I 75 and Chastain Rd,,Rear End,3,Clear,Dry,Daylight
2020-03-10T15:20:00.000,I 75,I 75 and Chastain Rd,,Rear End,2,Cloudy,Dry,Daylight
2020-09-23T15:38:00.000,I 75,I 75 and Chastain Rd,,Rear End,2,Clear,Dry,Daylight
2020-08-14T15:03:00.000,I 75,I 75 and Chastain Rd,,Not a Collision with Motor Vehicle,1,Cloudy,Dry,Daylight
2020-01-04T13:34:00.000,I 75,I 75 and Chastain Rd,,Rear End,2,Cloudy,Dry,Daylight
2020-11-23T12:59:00.000,I 75,I 75 and Chastain Rd,,Sideswipe-Same Direction,2,Cloudy,Dry,Daylight
2020-09-29T10:34:00.000,I 75,I 75 and Chastain Rd,,Not a Collision with Motor Vehicle,1,Rain,Wet,Daylight
2020-10-30T06:00:00.000,I 75,I 75 and Chastain Rd,,Not a Collision with Motor Vehicle,1,Cloudy,Dry,Dark-Not Lighted
2020-10-11T10:59:00.000,I 75,I 75 and Chastain Rd,,Rear End,2,Rain,Wet,Daylight
2020-11-17T23:25:00.000,I 75,I 75 and Chastain Rd,,Not a Collision with Motor Vehicle,1,Clear,Dry,Dark-Not Lighted
2020-04-02T03:33:00.000,I 75,I 75 and Chastain Rd,,Not a Collision with Motor Vehicle,1,Clear,Dry,Dark-Not Lighted
2020-02-24T13:28:00.000,I 75,I 75 and Chastain Rd,,Sideswipe-Same Direction,2,Rain,Wet,Daylight
2020-02-10T23:15:00.000,I 75,I 75 and Chastain Rd,,Not a Collision with Motor Vehicle,1,Rain,Wet,Dark-Not Lighted
2020-07-28T18:51:00.000,I 75,I 75 and Chastain Rd,,Rear End,2,Clear,Dry,Daylight
2020-01-17T01:34:00.000,I 75,I 75 and Chastain Rd,,Sideswipe-Same Direction,2,Clear,Dry,Dark-Not Lighted
2020-07-31T08:17:00.000,I 75,I 75 and Chastain Rd,,Rear End,2,Clear,Dry,Daylight
2020-06-07T21:20:00.000,I 75,I 75 and Chastain Rd,,Not a Collision with Motor Vehicle,1,Clear,Dry,Dark-Lighted
2020-11-15T17:05:00.000,I 75,I 75 and Chastain Rd,,Rear End,2,Clear,Dry,Daylight
2020-09-16T16:54:00.000,I 75,I 75 and Chastain Rd,,Not a Collision with Motor Vehicle,1,Rain,Wet,Daylight
2020-04-19T22:40:00.000,I 75,I 75 and Chastain Rd,,Not a Collision with Motor Vehicle,1,Rain,Water (standing or moving),Dark-Lighted
2020-07-05T14:13:00.000,I 75,I 75 and Chastain Rd,,Rear End,1,Clear,Dry,Daylight
2020-12-11T23:51:00.000,I 75,I 75 and Chastain Rd,,Rear End,2,Clear,Dry,Dark-Not Lighted
2020-03-04T14:00:00.000,I 75,I 75 and Chastain Rd,,Rear End,2,Rain,Wet,Daylight
2020-11-15T18:30:00.000,I 75,I 75 and Chastain Rd,,Rear End,2,Clear,Dry,Dark-Lighted
2020-12-24T09:20:00.000,I 75,I 75 and Chastain Rd,,Not a Collision with Motor Vehicle,1,Rain,Wet,Daylight
2020-08-19T10:55:00.000,I 75,I 75 and Chastain Rd,,Sideswipe-Same Direction,2,Clear,Dry,Daylight
2020-03-04T06:18:00.000,I 75,I 75 and Chastain Rd,,Sideswipe-Same Direction,2,Rain,Wet,Dark-Not Lighted
2020-10-16T15:30:00.000,I 75,I 75 and Chastain Rd,,Rear End,2,Clear,Dry,Daylight
2020-02-20T05:50:00.000,I 75,I 75 and Chastain Rd,,Not a Collision with Motor Vehicle,1,Rain,Water (standing or moving),Dark-Not Lighted
2020-09-16T00:50:00.000,I 75,I 75 and Chastain Rd,,Sideswipe-Same Direction,3,Clear,Dry,Dark-Not Lighted
2020-01-04T03:22:00.000,I 75,I 75 and Chastain Rd,,Not a Collision with Motor Vehicle,1,Rain,Wet,Dark-Lighted
2020-10-11T10:00:00.000,I 75,I 75 and Chastain Rd,,Not a Collision with Motor Vehicle,1,Rain,Wet,Daylight
2020-03-11T12:27:00.000,I 75,I 75 and Chastain Rd,,Sideswipe-Same Direction,2,Cloudy,Dry,Daylight
2020-06-05T11:28:00.000,I 75,I 75 and Chastain Rd,,Rear End,2,Rain,Wet,Daylight
2020-04-05T07:38:00.000,I 75,I 75 and Chastain Rd,,Not a Collision with Motor Vehicle,1,Cloudy,Dry,Daylight
2020-10-14T22:45:00.000,I 75,I 75 and Chastain Rd,,Sideswipe-Same Direction,2,Clear,Dry,Dark-Lighted
2020-11-14T14:24:00.000,I 75,I 75 and Chastain Rd,,Angle Crash,2,Clear,Dry,Daylight
2020-05-29T16:22:00.000,I 75,I 75 and Chastain Rd,,Rear End,2,Clear,Dry,Daylight
2020-11-18T09:15:00.000,I 75,I 75 and Chastain Rd,,Rear End,2,Clear,Dry,Daylight
2020-03-04T14:07:00.000,I 75,I 75 and Chastain Rd,,Rear End,3,Rain,Wet,Daylight
2020-02-27T04:51:00.000,I 75,I 75 and Chastain Rd,,Angle Crash,2,Cloudy,Dry,Dark-Not Lighted
2020-07-20T07:34:00.000,I 75,I 75 and Chastain Rd,,Not a Collision with Motor Vehicle,1,Cloudy,Dry,Daylight
2020-06-03T13:00:00.000,I 75,I 75 and Chastain Rd,,Not a Collision with Motor Vehicle,1,Clear,Dry,Daylight
2020-09-25T21:45:00.000,I 75,I 75 and Chastain Rd,,Not a Collision with Motor Vehicle,1,Clear,Dry,Dark-Not Lighted
2020-12-31T15:00:00.000,I 75,I 75 and Chastain Rd,,Rear End,2,Cloudy,Wet,Daylight
2020-03-06T11:47:00.000,I 75,I 75 and Chastain Rd,,Rear End,2,Clear,Dry,Daylight
2020-05-22T16:50:00.000,I 75,I 75 and Chastain Rd,,Rear End,2,Clear,Dry,Daylight
2020-09-24T13:12:00.000,I 75,I 75 and Chastain Rd,,Sideswipe-Same Direction,2,Cloudy,Dry,Daylight
2020-01-28T16:54:00.000,I 75,I 75 and Chastain Rd,,Rear End,2,Clear,Dry,Daylight
2020-08-30T21:36:00.000,I 75,I 75 and Chastain Rd,,Not a Collision with Motor Vehicle,1,Rain,Water (standing or moving),Dark-Not Lighted
2020-07-26T18:07:00.000,I 75,I 75 and Chastain Rd,,Rear End,2,Cloudy,Dry,Daylight
2020-03-23T20:59:00.000,I 75,I 75 and Chastain Rd,,Not a Collision with Motor Vehicle,1,Rain,Wet,Dark-Not Lighted
2020-07-26T19:50:00.000,I 75,I 75 and Chastain Rd,,Angle Crash,4,Rain,Wet,Dusk
2020-07-01T15:27:00.000,I 75,I 75 and Chastain Rd,,Rear End,2,Rain,Wet,Daylight
2020-10-30T06:00:00.000,I 75,I 75 and Chastain Rd,,Not a Collision with Motor Vehicle,1,Cloudy,Dry,Dark-Not Lighted
2020-11-20T20:27:00.000,I 75,I 75 and Chastain Rd,,Rear End,2,Clear,Dry,Dark-Lighted
2020-03-15T12:44:00.000,I 75,I 75 and Chastain Rd,,Rear End,2,Rain,Wet,Daylight
2020-02-28T16:20:00.000,I 75,I 75 and Chastain Rd,,Rear End,1,Clear,Dry,Daylight
2020-12-05T11:07:00.000,I 75,I 75 and Chastain Rd,,Not a Collision with Motor Vehicle,1,Clear,Dry,Daylight
2020-10-24T22:55:00.000,I 75,I 75 and Chastain Rd,,Not a Collision with Motor Vehicle,1,Rain,Water (standing or moving),Dark-Not Lighted
2020-03-23T19:36:00.000,I 75,I 75 and Chastain Rd,,Not a Collision with Motor Vehicle,1,Rain,Wet,Daylight
2020-09-25T17:36:00.000,I 75,I 75 and Chastain Rd,,Sideswipe-Same Direction,2,Clear,Dry,Daylight
2020-07-01T10:40:00.000,I 75,I 75 and Chastain Rd,,Sideswipe-Same Direction,2,Cloudy,Dry,Daylight
2020-03-04T21:50:00.000,I 75,I 75 and Chastain Rd,,Not a Collision with Motor Vehicle,1,Rain,Water (standing or moving),Dark-Not Lighted
2020-04-09T05:47:00.000,I 75,I 75 and Chastain Rd,,Angle Crash,2,Rain,Water (standing or moving),Dark-Lighted
2020-04-25T15:17:00.000,I 75,I 75 and Chastain Rd,,Sideswipe-Same Direction,2,Cloudy,Dry,Daylight
2020-03-15T13:38:00.000,I 75,I 75 and Chastain Rd,,Rear End,2,Rain,Wet,Daylight
2020-12-22T19:08:00.000,I 75,I 75 and Chastain Rd,,Angle Crash,3,Clear,Dry,Dark-Lighted
2020-04-02T06:50:00.000,I 75,I 75 and Chastain Rd,,Rear End,2,Clear,Dry,Dark-Not Lighted
2020-12-23T15:35:00.000,I 75,I 75 and Chastain Rd,,Rear End,2,Clear,Dry,Daylight
2020-02-06T06:00:00.000,I 75,I 75 and Chastain Rd,,Not a Collision with Motor Vehicle,1,Rain,Water (standing or moving),Dark-Not Lighted
2020-11-03T16:03:00.000,I 75,I 75 and Chastain Rd,,Rear End,2,Clear,Dry,Daylight
2020-06-27T17:03:00.000,I 75,I 75 and Chastain Rd,,Rear End,2,Rain,Wet,Daylight
2020-03-18T00:20:00.000,I 75,I 75 and Chastain Rd,,Sideswipe-Same Direction,2,Clear,Dry,Dark-Not Lighted
2020-03-12T15:34:00.000,I 75,I 75 and Chastain Rd,,Rear End,2,Clear,Dry,Daylight
2020-12-24T09:30:00.000,I 75,I 75 and Chastain Rd,,Not a Collision with Motor Vehicle,1,Rain,Wet,Daylight
2020-10-24T17:43:00.000,I 75,I 75 and Chastain Rd,,Rear End,2,Rain,Wet,Dawn
2020-01-22T07:43:00.000,I 75,I 75 and Chastain Rd,,Rear End,3,Clear,Dry,Daylight
2020-11-03T18:44:00.000,I 75,I 75 and Chastain Rd,,Rear End,2,Clear,Dry,Dark-Not Lighted
2020-02-16T20:53:00.000,I 75,I 75 and Chastain Rd,,Rear End,2,Cloudy,Wet,Dark-Lighted
2020-01-24T05:02:00.000,I 75,I 75 and Chastain Rd,,Not a Collision with Motor Vehicle,1,Rain,Water (standing or moving),Dark-Not Lighted
2020-09-01T11:54:00.000,I 75,I 75 and Chastain Rd,,Rear End,4,Clear,Dry,Daylight
2020-05-02T15:14:00.000,I 75,I 75 and Chastain Rd,,Sideswipe-Same Direction,2,Clear,Dry,Daylight
2020-11-22T18:16:00.000,I 75,I 75 and Chastain Rd,,Not a Collision with Motor Vehicle,2,Clear,Dry,Dark-Not Lighted
2020-03-23T21:20:00.000,I 75,I 75 and Chastain Rd,,Rear End,2,Rain,Wet,Dark-Not Lighted
2020-02-24T19:23:00.000,I 75,I 75 and Chastain Rd,,Angle Crash,2,Cloudy,Wet,Dark-Lighted
2020-11-14T05:37:00.000,I 75,I 75 and Chastain Rd,,Rear End,2,Clear,Dry,Dark-Lighted
2020-12-24T07:30:00.000,I 75,I 75 and Chastain Rd,,Not a Collision with Motor Vehicle,1,Rain,Wet,Daylight
2020-12-06T23:56:00.000,I 75,I 75 and Chastain Rd,,Sideswipe-Same Direction,2,Cloudy,Dry,Dark-Not Lighted
2020-09-30T16:24:00.000,I 75,I 75 and Chastain Rd,,Sideswipe-Same Direction,3,Clear,Dry,Daylight
2020-11-21T16:11:00.000,I 75,I 75 and Chastain Rd,,Rear End,2,Clear,Dry,Daylight
2020-06-30T23:47:00.000,I 75,I 75 and Chastain Rd,,Not a Collision with Motor Vehicle,1,Cloudy,Dry,Dark-Not Lighted
2020-11-29T21:44:00.000,I 75,I 75 and Chastain Rd,,Not a Collision with Motor Vehicle,1,Rain,Water (standing or moving),Daylight
2020-03-05T18:30:00.000,I 75,I 75 and Chastain Rd,,Rear End,2,Cloudy,Wet,Dark-Not Lighted
2020-09-11T13:40:00.000,I 75,I 75 and Chastain Rd,,Rear End,2,Clear,Dry,Daylight
2020-06-13T12:30:00.000,I 75,I 75 and Chastain Rd,,Rear End,2,Clear,Dry,Daylight
2021-06-09T10:40:00.000,I 75,I 75 and Chastain Rd,,Sideswipe-Same Direction,2,Cloudy,Dry,Daylight
2021-01-21T23:30:00.000,I 75,I 75 and Chastain Rd,,Not a Collision with Motor Vehicle,1,Cloudy,Wet,Dark-Not Lighted
2021-01-08T12:58:00.000,I 75,I 75 and Chastain Rd,,Rear End,2,Rain,Wet,Daylight
2021-06-06T01:39:00.000,I 75,I 75 and Chastain Rd,,Sideswipe-Same Direction,2,Cloudy,Dry,Dark-Not Lighted
2021-04-15T23:06:00.000,I 75,I 75 and Chastain Rd,,Sideswipe-Same Direction,2,Clear,Dry,Dark-Not Lighted
2021-05-10T05:35:00.000,I 75,I 75 and Chastain Rd,,Angle Crash,3,Rain,Wet,Dark-Not Lighted
2021-04-07T18:56:00.000,I 75,I 75 and Chastain Rd,,Rear End,2,Clear,Dry,Daylight
2021-01-07T19:45:00.000,I 75,I 75 and Chastain Rd,,Rear End,2,Rain,Wet,Dark-Lighted
2021-02-11T11:09:00.000,I 75,I 75 and Chastain Rd,,Rear End,2,Rain,Water (standing or moving),Daylight
2021-05-20T14:50:00.000,I 75,I 75 and Chastain Rd,,Rear End,2,Clear,Dry,Daylight
2021-04-07T18:56:00.000,I 75,I 75 and Chastain Rd,,Rear End,2,Clear,Dry,Daylight
2021-05-11T12:10:00.000,I 75,I 75 and Chastain Rd,,Not a Collision with Motor Vehicle,1,Clear,Dry,Daylight
2021-02-18T01:02:00.000,I 75,I 75 and Chastain Rd,,Angle Crash,2,Rain,Wet,Dark-Not Lighted
2021-05-22T02:56:00.000,I 75,I 75 and Chastain Rd,,Not a Collision with Motor Vehicle,1,Clear,Dry,Dark-Not Lighted
2021-01-01T09:22:00.000,I 75,I 75 and Chastain Rd,,Not a Collision with Motor Vehicle,1,Rain,Wet,Daylight
2021-05-04T20:07:00.000,I 75,I 75 and Chastain Rd,,Not a Collision with Motor Vehicle,1,Rain,Wet,Daylight
2021-05-02T11:30:00.000,I 75,I 75 and Chastain Rd,,Sideswipe-Same Direction,2,Cloudy,Dry,Daylight
2021-03-12T19:22:00.000,I 75,I 75 and Chastain Rd,,Sideswipe-Same Direction,2,Clear,Dry,Dark-Not Lighted
2021-04-12T11:57:00.000,I 75,I 75 and Chastain Rd,,Sideswipe-Same Direction,2,Clear,Dry,Daylight
2021-05-17T17:52:00.000,I 75,I 75 and Chastain Rd,,Rear End,3,Cloudy,Dry,Daylight
2021-03-11T20:41:00.000,I 75,I 75 and Chastain Rd,,Sideswipe-Same Direction,2,Clear,Dry,Dark-Lighted
2021-03-16T15:30:00.000,I 75,I 75 and Chastain Rd,,Sideswipe-Same Direction,2,Rain,Wet,Daylight
2021-04-12T09:53:00.000,I 75,I 75 and Chastain Rd,,Rear End,2,Clear,Dry,Daylight
2021-01-08T12:35:00.000,I 75,I 75 and Chastain Rd,,Rear End,2,Rain,Wet,Daylight
2021-06-25T12:10:00.000,I 75,I 75 and Chastain Rd,,Sideswipe-Same Direction,2,Clear,Dry,Daylight
2021-06-25T13:54:00.000,I 75,I 75 and Chastain Rd,,Sideswipe-Same Direction,2,Cloudy,Dry,Daylight
2021-05-10T08:45:00.000,I 75,I 75 and Chastain Rd,,Angle Crash,1,Cloudy,Wet,Daylight