Date and Time,Roadway (From Crash Report),Intersection Name (from Crash Report),KABCO Severity,Manner of Collision (Crash Level) ,# of Vehicles per crash ,Weather Conditions (Crash Level),Surface Condition (Crash Level) ,Light Conditions (Crash Level)
2021-02-11T21:50:00.000,I 75,I 75 and Chastain Rd,,Sideswipe-Same Direction,2,Rain,Wet,Dark-Not Lighted
2021-02-11T11:00:00.000,I 75,I 75 and Chastain Rd,,Sideswipe-Same Direction,2,Rain,Wet,Daylight
2021-01-26T18:59:00.000,I 75,I 75 and Chastain Rd,,Rear End,2,Clear,Dry,Dark-Lighted
2021-02-07T05:00:00.000,I 75,I 75 and Chastain Rd,,Not a Collision with Motor Vehicle,1,Rain,Water (standing or moving),Dark-Not Lighted
2021-03-25T07:35:00.000,I 75,I 75 and Chastain Rd,,Not a Collision with Motor Vehicle,1,Rain,Wet,Daylight
2021-07-28T17:35:00.000,I 75,I 75 and Chastain Rd,,Rear End,2,Clear,Dry,Daylight
2021-08-08T23:26:00.000,I 75,I 75 and Chastain Rd,,Angle Crash,2,Clear,Dry,Dark-Lighted
2021-10-30T05:13:00.000,I 75,I 75 and Chastain Rd,,Not a Collision with Motor Vehicle,1,Cloudy,Dry,Dark-Not Lighted
2021-08-20T15:45:00.000,I 75,I 75 and Chastain Rd,,Rear End,2,Cloudy,Dry,Daylight
2021-10-28T18:10:00.000,I 75,I 75 and Chastain Rd,,Rear End,2,Cloudy,Wet,Daylight
2021-08-07T02:01:00.000,I 75,I 75 and Chastain Rd,,Not a Collision with Motor Vehicle,1,Cloudy,Dry,Dark-Not Lighted
2021-07-30T16:10:00.000,I 75,I 75 and Chastain Rd,,Rear End,2,Clear,Dry,Daylight
2021-10-13T06:00:00.000,I 75,I 75 and Chastain Rd,,Sideswipe-Same Direction,2,Clear,Dry,Dark-Lighted
2021-07-07T16:34:00.000,I 75,I 75 and Chastain Rd,,Rear End,2,Rain,Wet,Daylight
2021-10-14T23:12:00.000,I 75,I 75 and Chastain Rd,,Sideswipe-Same Direction,2,Clear,Dry,Daylight
2021-12-29T07:43:00.000,I 75,I 75 and Chastain Rd,,Not a Collision with Motor Vehicle,1,Rain,Wet,Daylight
2021-07-04T16:05:00.000,I 75,I 75 and Chastain Rd,,Sideswipe-Same Direction,2,Clear,Dry,Daylight
2021-12-20T10:20:00.000,I 75,I 75 and Chastain Rd,,Rear End,2,Cloudy,Dry,Daylight
2021-08-20T21:15:00.000,I 75,I 75 and Chastain Rd,,Sideswipe-Same Direction,2,Clear,Dry,Dark-Not Lighted
2021-10-01T19:15:00.000,I 75,I 75 and Chastain Rd,,Sideswipe-Same Direction,2,Cloudy,Dry,Daylight
2021-12-28T15:30:00.000,I 75,I 75 and Chastain Rd,,Rear End,5,Clear,Dry,Daylight
2021-07-23T11:20:00.000,I 75,I 75 and Chastain Rd,,Rear End,2,Clear,Dry,Daylight
2021-11-07T19:00:00.000,I 75,I 75 and Chastain Rd,,Sideswipe-Same Direction,2,Cloudy,Dry,Dark-Not Lighted
2021-12-29T01:34:00.000,I 75,I 75 and Chastain Rd,,Sideswipe-Same Direction,1,Cloudy,Dry,Dark-Not Lighted
2021-11-04T12:10:00.000,I 75,I 75 and Chastain Rd,,Rear End,2,Cloudy,Wet,Daylight
2021-10-16T20:58:00.000,I 75,I 75 and Chastain Rd,,Not a Collision with Motor Vehicle,2,Clear,Dry,Dark-Lighted
2021-12-13T13:02:00.000,I 75,I 75 and Chastain Rd,,Rear End,2,Clear,Dry,Daylight
2021-12-30T13:17:00.000,I 75,I 75 and Chastain Rd,,Rear End,2,Rain,Wet,Daylight
2021-07-27T16:08:00.000,I 75,I 75 and Chastain Rd,,Angle Crash,2,Clear,Dry,Daylight
2021-10-29T19:18:00.000,I 75,I 75 and Chastain Rd,,Rear End,2,Clear,Wet,Daylight
2021-07-11T03:19:00.000,I 75,I 75 and Chastain Rd,,Sideswipe-Same Direction,2,Clear,Dry,Dark-Lighted
2021-09-08T14:56:00.000,I 75,I 75 and Chastain Rd,,Rear End,3,Clear,Dry,Daylight
2021-11-22T00:47:00.000,I 75,I 75 and Chastain Rd,,Not a Collision with Motor Vehicle,1,Rain,Water (standing or moving),Dark-Lighted
2021-10-29T18:55:00.000,I 75,I 75 and Chastain Rd,,Rear End,2,Rain,Wet,Dark-Not Lighted
2021-09-03T15:18:00.000,I 75,I 75 and Chastain Rd,,Rear End,2,Cloudy,Dry,Daylight
2021-10-03T13:30:00.000,I 75,I 75 and Chastain Rd,,Rear End,3,Cloudy,Dry,Daylight
2021-12-29T07:40:00.000,I 75,I 75 and Chastain Rd,,Not a Collision with Motor Vehicle,1,Rain,Wet,Daylight
2022-10-18T10:17:00.000,I 75,I 75 and Chastain Rd,,Not a Collision with Motor Vehicle,1,Clear,Dry,Daylight
2022-06-17T15:45:00.000,I 75,I 75 and Chastain Rd,,Rear End,2,Clear,Dry,Daylight
2022-06-21T11:30:00.000,I 75,I 75 and Chastain Rd,,Rear End,2,Clear,Dry,Daylight
2022-02-21T19:40:00.000,I 75,I 75 and Chastain Rd,,Not a Collision with Motor Vehicle,1,Rain,Wet,Dark-Not Lighted
2022-12-09T07:54:00.000,I 75,I 75 and Chastain Rd,,Rear End,2,Cloudy,Dry,Daylight
2022-04-02T11:59:00.000,I 75,I 75 and Chastain Rd,,Rear End,2,Cloudy,Dry,Daylight
2022-04-09T13:30:00.000,I 75,I 75 and Chastain Rd,,Rear End,2,Cloudy,Dry,Daylight
2022-08-12T15:54:00.000,I 75,I 75 and Chastain Rd,,Sideswipe-Same Direction,2,Clear,Dry,Daylight
2022-03-07T19:30:00.000,I 75,I 75 and Chastain Rd,,Rear End,2,Cloudy,Dry,Dark-Not Lighted
2022-12-16T12:40:00.000,I 75,I 75 and Chastain Rd,,Rear End,3,Clear,Dry,Daylight
2021-10-28T13:50:00.000,I 75,I 75 and Chastain Rd,,Rear End,2,Rain,Wet,Daylight
2021-10-05T09:12:00.000,I 75,I 75 and Chastain Rd,,Rear End,2,Rain,Wet,Daylight
2021-09-19T17:23:00.000,I 75,I 75 and Chastain Rd,,Rear End,2,Rain,Wet,Daylight
2021-08-10T22:42:00.000,I 75,I 75 and Chastain Rd,,Angle Crash,2,Clear,Dry,Dark-Lighted
2021-10-05T06:40:00.000,I 75,I 75 and Chastain Rd,,Angle Crash,2,Rain,Wet,Dark-Not Lighted
2021-10-23T13:10:00.000,I 75,I 75 and Chastain Rd,,Not a Collision with Motor Vehicle,1,Clear,Dry,Daylight
2021-10-09T16:05:00.000,I 75,I 75 and Chastain Rd,,Rear End,2,Clear,Dry,Daylight
2021-07-16T15:08:00.000,I 75,I 75 and Chastain Rd,,Rear End,2,Clear,Dry,Daylight
2021-08-01T13:00:00.000,I 75,I 75 and Chastain Rd,,Rear End,3,Clear,Dry,Daylight
2021-10-01T14:34:00.000,I 75,I 75 and Chastain Rd,,Rear End,2,Clear,Dry,Daylight
2022-07-18T01:40:00.000,I 75,I 75 and Chastain Rd,,Not a Collision with Motor Vehicle,1,Clear,Dry,Dark-Lighted
2022-03-09T06:07:00.000,I 75,I 75 and Chastain Rd,,Not a Collision with Motor Vehicle,1,Rain,Water (standing or moving),Dark-Not Lighted
2022-12-06T17:12:00.000,I 75,I 75 and Chastain Rd,,Rear End,2,Cloudy,Wet,Daylight
2022-12-05T14:11:00.000,I 75,I 75 and Chastain Rd,,Not a Collision with Motor Vehicle,1,Rain,Wet,Daylight
2022-02-11T18:43:00.000,I 75,I 75 and Chastain Rd,,Rear End,3,Clear,Dry,Dark-Lighted
2022-12-13T01:00:00.000,I 75,I 75 and Chastain Rd,,Sideswipe-Same Direction,2,Cloudy,Dry,Dark-Not Lighted
2022-10-01T15:39:00.000,I 75,I 75 and Chastain Rd,,Angle Crash,2,Clear,Dry,Daylight
2022-02-17T22:28:00.000,I 75,I 75 and Chastain Rd,,Not a Collision with Motor Vehicle,1,Rain,Water (standing or moving),Dark-Not Lighted
2022-06-23T16:07:00.000,I 75,I 75 and Chastain Rd,,Not a Collision with Motor Vehicle,1,Clear,Dry,Daylight
2022-02-19T10:45:00.000,I 75,I 75 and Chastain Rd,,Rear End,3,Clear,Dry,Daylight
2022-09-12T17:56:00.000,I 75,I 75 and Chastain Rd,,Rear End,2,Clear,Dry,Daylight
2022-05-28T21:30:00.000,I 75,I 75 and Chastain Rd,,Not a Collision with Motor Vehicle,1,Clear,Dry,Dark-Not Lighted
2022-02-21T14:11:00.000,I 75,I 75 and Chastain Rd,,Rear End,2,Rain,Wet,Daylight
2022-01-28T14:54:00.000,I 75,I 75 and Chastain Rd,,Rear End,2,Cloudy,Dry,Daylight
2022-03-25T03:10:00.000,I 75,I 75 and Chastain Rd,,Rear End,2,Cloudy,Dry,Dark-Not Lighted
2022-12-09T15:12:00.000,I 75,I 75 and Chastain Rd,,Rear End,2,Rain,Wet,Daylight
2022-11-11T03:13:00.000,I 75,I 75 and Chastain Rd,,Angle Crash,2,Rain,Water (standing or moving),Dark-Not Lighted
2022-04-11T14:19:00.000,I 75,I 75 and Chastain Rd,,Rear End,2,Cloudy,Dry,Daylight
2022-12-23T15:32:00.000,I 75,I 75 and Chastain Rd,,Rear End,2,Clear,Dry,Daylight
2022-07-09T05:38:00.000,I 75,I 75 and Chastain Rd,,Angle Crash,2,Rain,Wet,Dark-Not Lighted
2022-05-04T11:30:00.000,I 75,I 75 and Chastain Rd,,Rear End,2,Clear,Dry,Daylight
2022-07-12T12:16:00.000,I 75,I 75 and Chastain Rd,,Sideswipe-Same Direction,2,Cloudy,Dry,Daylight
2022-01-10T13:45:00.000,I 75,I 75 and Chastain Rd,,Not a Collision with Motor Vehicle,2,Clear,Dry,Daylight
2022-12-25T18:50:00.000,I 75,I 75 and Chastain Rd,,Sideswipe-Same Direction,2,Clear,Dry,Dark-Not Lighted
2022-05-28T15:30:00.000,I 75,I 75 and Chastain Rd,,Sideswipe-Same Direction,2,Clear,Dry,Daylight
2022-07-25T08:00:00.000,I 75,I 75 and Chastain Rd,,Rear End,2,Clear,Dry,Daylight
2022-01-09T08:17:00.000,I 75,I 75 and Chastain Rd,,Not a Collision with Motor Vehicle,1,Cloudy,Dry,Daylight
2022-01-15T22:20:00.000,I 75,I 75 and Chastain Rd,,Sideswipe-Same Direction,2,Rain,Wet,Dark-Not Lighted
2022-04-25T07:38:00.000,I 75,I 75 and Chastain Rd,,Sideswipe-Same Direction,3,Clear,Dry,Daylight
2022-05-27T18:00:00.000,I 75,I 75 and Chastain Rd,,Rear End,2,Clear,Dry,Daylight
2022-01-19T11:43:00.000,I 75,I 75 and Chastain Rd,,Rear End,2,Clear,Dry,Daylight
2022-05-20T00:09:00.000,I 75,I 75 and Chastain Rd,,Rear End,2,Clear,Dry,Daylight
2022-05-24T18:15:00.000,I 75,I 75 and Chastain Rd,,Rear End,2,Clear,Dry,Daylight
2022-12-03T14:40:00.000,I 75,I 75 and Chastain Rd,,Rear End,2,Clear,Dry,Daylight
2021-09-19T10:38:00.000,I 75,I 75 and Chastain Rd,,Not a Collision with Motor Vehicle,1,Rain,Wet,Daylight
2021-09-30T01:09:00.000,I 75,I 75 and Chastain Rd,,Sideswipe-Same Direction,2,Clear,Dry,Dark-Not Lighted
2021-08-22T14:56:00.000,I 75,I 75 and Chastain Rd,,Rear End,2,Clear,Dry,Daylight
2021-09-10T17:25:00.000,I 75,I 75 and Chastain Rd,,Sideswipe-Same Direction,2,Clear,Dry,Daylight
2022-09-09T14:35:00.000,I 75,I 75 and Chastain Rd,,Rear End,2,Cloudy,Dry,Daylight
2022-04-13T10:37:00.000,I 75,I 75 and Chastain Rd,,Rear End,2,Clear,Dry,Daylight
2022-05-06T02:35:00.000,I 75,I 75 and Chastain Rd,,Sideswipe-Same Direction,2,Cloudy,Dry,Dark-Lighted
2022-05-02T18:30:00.000,I 75,I 75 and Chastain Rd,,Rear End,2,Cloudy,Dry,Daylight
2022-12-03T12:13:00.000,I 75,I 75 and Chastain Rd,,Rear End,2,Rain,Wet,Daylight
2022-02-24T12:14:00.000,I 75,I 75 and Chastain Rd,,Rear End,2,Clear,Dry,Daylight
2022-09-18T12:16:00.000,I 75,I 75 and Chastain Rd,,Rear End,3,Clear,Dry,Daylight
2022-02-27T07:37:00.000,I 75,I 75 and Chastain Rd,,Not a Collision with Motor Vehicle,1,Rain,Wet,Daylight
2022-04-22T20:59:00.000,I 75,I 75 and Chastain Rd,,Angle Crash,2,Clear,Dry,Dark-Lighted
2022-10-16T05:16:00.000,I 75,I 75 and Chastain Rd,,Rear End,2,Clear,Dry,Dark-Lighted
2022-07-26T17:28:00.000,I 75,I 75 and Chastain Rd,,Sideswipe-Same Direction,2,Cloudy,Dry,Daylight
2022-08-26T06:53:00.000,I 75,I 75 and Chastain Rd,,Sideswipe-Same Direction,2,Clear,Dry,Dark-Lighted
2022-06-18T15:50:00.000,I 75,I 75 and Chastain Rd,,Rear End,2,Clear,Dry,Daylight
2022-12-21T16:10:00.000,I 75,I 75 and Chastain Rd,,Rear End,2,Clear,Dry,Daylight
2022-06-15T08:50:00.000,I 75,I 75 and Chastain Rd,,Sideswipe-Same Direction,2,Clear,Dry,Daylight
2022-10-31T21:42:00.000,I 75,I 75 and Chastain Rd,,Rear End,2,Clear,Dry,Dark-Not Lighted
2022-11-20T05:49:00.000,I 75,I 75 and Chastain Rd,,Rear End,2,Cloudy,Dry,Dark-Not Lighted
2022-04-12T13:10:00.000,I 75,I 75 and Chastain Rd,,Sideswipe-Same Direction,2,Clear,Dry,Daylight
2022-10-07T15:30:00.000,I 75,I 75 and Chastain Rd,,Rear End,2,Clear,Dry,Daylight
2022-02-21T16:05:00.000,I 75,I 75 and Chastain Rd,,Rear End,2,Rain,Wet,Daylight
2022-09-08T15:35:00.000,I 75,I 75 and Chastain Rd,,Rear End,2,Clear,Dry,Daylight
2022-07-26T15:30:00.000,I 75,I 75 and Chastain Rd,,Rear End,2,Clear,Dry,Daylight
2022-10-27T14:48:00.000,I 75,I 75 and Chastain Rd,,Rear End,3,Clear,Dry,Daylight
2022-02-03T23:03:00.000,I 75,I 75 and Chastain Rd,,Not a Collision with Motor Vehicle,1,Rain,Water (standing or moving),Dark-Not Lighted
2022-12-05T12:34:00.000,I 75,I 75 and Chastain Rd,,Head On,2,Rain,Wet,Daylight
2022-12-28T17:09:00.000,I 75,I 75 and Chastain Rd,,Rear End,2,Clear,Dry,Dusk
2022-04-23T02:58:00.000,I 75,I 75 and Chastain Rd,,Sideswipe-Same Direction,2,Clear,Dry,Dark-Lighted
2022-07-14T06:15:00.000,I 75,I 75 and Chastain Rd,,Sideswipe-Same Direction,2,Clear,Dry,Dark-Not Lighted
2022-05-27T20:45:00.000,I 75,I 75 and Chastain Rd,,Rear End,2,Clear,Dry,Daylight
2022-03-31T14:50:00.000,I 75,I 75 and Chastain Rd,,Rear End,2,Clear,Dry,Daylight
2022-03-11T13:00:00.000,I 75,I 75 and Chastain Rd,,Rear End,2,Clear,Dry,Daylight
2022-04-08T22:25:00.000,I 75,I 75 and Chastain Rd,,Rear End,2,Cloudy,Dry,Dark-Lighted
2022-03-18T14:15:00.000,I 75,I 75 and Chastain Rd,,Rear End,2,Cloudy,Wet,Daylight
2022-07-03T05:50:00.000,I 75,I 75 and Chastain Rd,,Not a Collision with Motor Vehicle,1,Clear,Dry,Daylight
2022-07-16T11:10:00.000,I 75,I 75 and Chastain Rd,,Rear End,2,Clear,Dry,Daylight
2022-02-27T08:57:00.000,I 75,I 75 and Chastain Rd,,Rear End,2,Rain,Wet,Daylight
2022-08-05T18:37:00.000,I 75,I 75 and Chastain Rd,,Rear End,2,Cloudy,Dry,Daylight
2022-09-03T15:07:00.000,I 75,I 75 and Chastain Rd,,Not a Collision with Motor Vehicle,1,Cloudy,Dry,Daylight
2022-06-28T18:15:00.000,I 75,I 75 and Chastain Rd,,Rear End,2,Rain,Wet,Daylight
2022-08-11T14:10:00.000,I 75,I 75 and Chastain Rd,,Rear End,2,Cloudy,Dry,Daylight
2022-08-15T17:30:00.000,I 75,I 75 and Chastain Rd,,Rear End,2,Clear,Dry,Daylight
2022-02-21T08:04:00.000,I 75,I 75 and Chastain Rd,,Rear End,2,Clear,Dry,Daylight
2022-12-27T14:45:00.000,I 75,I 75 and Chastain Rd,,Rear End,2,Clear,Dry,Daylight
2022-01-04T18:29:00.000,I 75,I 75 and Chastain Rd,,Not a Collision with Motor Vehicle,1,Cloudy,Dry,Dark-Not Lighted
2022-06-12T13:15:00.000,I 75,I 75 and Chastain Rd,,Rear End,2,Clear,Dry,Daylight
2022-09-10T12:45:00.000,I 75,I 75 and Chastain Rd,,Rear End,2,Cloudy,Dry,Daylight
2022-05-06T16:40:00.000,I 75,I 75 and Chastain Rd,,Rear End,2,Clear,Dry,Daylight
2022-12-22T17:15:00.000,I 75,I 75 and Chastain Rd,,Rear End,2,Cloudy,Wet,Dark-Not Lighted
2022-12-14T17:35:00.000,I 75,I 75 and Chastain Rd,,Rear End,2,Rain,Wet,Dark-Not Lighted
2022-03-04T17:02:00.000,I 75,I 75 and Chastain Rd,,Rear End,3,Clear,Dry,Daylight
2022-03-14T05:15:00.000,I 75,I 75 and Chastain Rd,,Rear End,2,Clear,Dry,Dark-Not Lighted
2022-12-16T08:44:00.000,I 75,I 75 and Chastain Rd,,Rear End,2,Clear,Dry,Daylight
2022-12-07T19:34:00.000,I 75,I 75 and Chastain Rd,,Rear End,2,Rain,Wet,Dark-Not Lighted
2022-07-18T11:11:00.000,I 75,I 75 and Chastain Rd,,Rear End,2,Clear,Dry,Daylight
2022-10-08T09:23:00.000,I 75,I 75 and Chastain Rd,,Rear End,2,Clear,Dry,Daylight
2022-12-10T16:45:00.000,I 75,I 75 and Chastain Rd,,Rear End,2,Cloudy,Dry,Daylight
2022-12-08T10:47:00.000,I 75,I 75 and Chastain Rd,,Not a Collision with Motor Vehicle,1,Cloudy,Wet,Daylight
2022-07-23T13:28:00.000,I 75,I 75 and Chastain Rd,,Rear End,2,Clear,Dry,Daylight
2022-12-13T07:55:00.000,I 75,I 75 and Chastain Rd,,Rear End,3,Cloudy,Dry,Daylight
2022-10-17T13:30:00.000,I 75,I 75 and Chastain Rd,,Rear End,2,Cloudy,Dry,Daylight
2022-03-23T06:28:00.000,I 75,I 75 and Chastain Rd,,Angle Crash,3,Rain,Wet,Daylight
2022-08-15T20:08:00.000,I 75,I 75 and Chastain Rd,,Not a Collision with Motor Vehicle,1,Clear,Wet,Daylight
2022-04-01T00:17:00.000,I 75,I 75 and Chastain Rd,,Sideswipe-Same Direction,2,Clear,Dry,Dark-Lighted
2022-11-22T14:20:00.000,I 75,I 75 and Chastain Rd,,Rear End,3,Clear,Dry,Daylight
2022-12-09T14:24:00.000,I 75,I 75 and Chastain Rd,,Rear End,2,Rain,Wet,Daylight
2022-07-27T10:55:00.000,I 75,I 75 and Chastain Rd,,Not a Collision with Motor Vehicle,1,Clear,Dry,Daylight
2022-09-09T19:35:00.000,I 75,I 75 and Chastain Rd,,Rear End,2,Cloudy,Dry,Dark-Lighted
2022-08-24T07:55:00.000,I 75,I 75 and Chastain Rd,,Rear End,2,Cloudy,Dry,Daylight
2022-01-22T13:10:00.000,I 75,I 75 and Chastain Rd,,Rear End,2,Clear,Dry,Daylight
2022-07-17T10:06:00.000,I 75,I 75 and Chastain Rd,,Sideswipe-Same Direction,2,Clear,Dry,Daylight
2022-10-01T15:35:00.000,I 75,I 75 and Chastain Rd,,Rear End,2,Clear,Dry,Daylight
2022-08-21T18:23:00.000,I 75,I 75 and Chastain Rd,,Rear End,2,Clear,Dry,Daylight
2022-06-14T18:07:00.000,I 75,I 75 and Chastain Rd,,Rear End,2,Cloudy,Dry,Daylight
2022-05-20T15:40:00.000,I 75,I 75 and Chastain Rd,,Not a Collision with Motor Vehicle,1,Clear,Dry,Daylight
2022-10-15T12:03:00.000,I 75,I 75 and Chastain Rd,,Rear End,2,Clear,Dry,Daylight
2022-07-24T00:08:00.000,I 75,I 75 and Chastain Rd,,Angle Crash,4,Clear,Dry,Dark-Lighted
2022-11-06T07:40:00.000,I 75,I 75 and Chastain Rd,,Sideswipe-Same Direction,2,Cloudy,Dry,Daylight
2022-12-11T13:47:00.000,I 75,I 75 and Chastain Rd,,Rear End,2,Rain,Wet,Daylight
2022-07-26T22:54:00.000,I 75,I 75 and Chastain Rd,,Sideswipe-Same Direction,2,Clear,Dry,Dark-Lighted
2022-04-20T13:10:00.000,I 75,I 75 and Chastain Rd,,Rear End,2,Clear,Dry,Daylight
2022-08-15T05:59:00.000,I 75,I 75 and Chastain Rd,,Sideswipe-Same Direction,2,Cloudy,Dry,Dark-Not Lighted
2022-11-03T09:01:00.000,I 75,I 75 and Chastain Rd,,Rear End,2,Cloudy,Dry,Daylight
2022-02-23T17:00:00.000,I 75,I 75 and Chastain Rd,,Rear End,2,Clear,Dry,Daylight
2022-11-11T17:36:00.000,I 75,I 75 and Chastain Rd,,Rear End,2,Cloudy,Dry,Dark-Not Lighted
2022-11-09T17:26:00.000,I 75,I 75 and Chastain Rd,,Angle Crash,2,Clear,Dry,Daylight
2022-12-01T18:03:00.000,I 75,I 75 and Chastain Rd,,Rear End,3,Clear,Dry,Dark-Not Lighted
2022-09-25T20:56:00.000,I 75,I 75 and Chastain Rd,,Rear End,2,Clear,Dry,Dark-Lighted
2022-12-28T16:54:00.000,I 75,I 75 and Chastain Rd,,Rear End,2,Clear,Dry,Daylight
2022-01-04T15:30:00.000,I 75,I 75 and Chastain Rd,,Not a Collision with Motor Vehicle,1,Clear,Dry,Daylight
2022-02-27T08:50:00.000,I 75,I 75 and Chastain Rd,,Rear End,3,Rain,Wet,Daylight
2022-10-19T16:46:00.000,I 75,I 75 and Chastain Rd,,Sideswipe-Same Direction,2,Clear,Dry,Daylight
2022-03-21T08:10:00.000,I 75,I 75 and Chastain Rd,,Rear End,2,Clear,Dry,Daylight
2022-07-29T17:36:00.000,I 75,I 75 and Chastain Rd,,Rear End,2,Clear,Dry,Daylight
2022-08-24T07:15:00.000,I 75,I 75 and Chastain Rd,,Not a Collision with Motor Vehicle,1,Cloudy,Dry,Daylight
2022-09-05T17:05:00.000,I 75,I 75 and Chastain Rd,,Rear End,2,Cloudy,Wet,Daylight
2022-02-27T10:59:00.000,I 75,I 75 and Chastain Rd,,Sideswipe-Same Direction,2,Rain,Wet,Daylight
2022-09-25T20:25:00.000,I 75,I 75 and Chastain Rd,,Not a Collision with Motor Vehicle,1,Clear,Dry,Dark-Lighted
2023-07-28T07:47:00.000,I 75,I 75 and Chastain Rd,,Sideswipe-Same Direction,2,Clear,Dry,Daylight
2023-07-13T10:15:00.000,I 75,I 75 and Chastain Rd,,Sideswipe-Same Direction,2,Clear,Dry,Daylight
2023-10-06T07:20:00.000,I 75,I 75 and Chastain Rd,,Rear End,3,Clear,Dry,Daylight
2023-11-20T11:31:00.000,I 75,I 75 and Chastain Rd,,Rear End,3,Cloudy,Dry,Daylight
2023-03-28T07:59:00.000,I 75,I 75 and Chastain Rd,,Rear End,2,Cloudy,Dry,Daylight
2023-12-07T17:59:00.000,I 75,I 75 and Chastain Rd,,Sideswipe-Same Direction,2,Clear,Dry,Dark-Lighted
2024-03-31T17:40:00.000,I 75,I 75 and Chastain Rd,,Rear End,2,Clear,Dry,Daylight
2024-02-15T12:30:00.000,I 75,I 75 and Chastain Rd,,Rear End,2,Clear,Dry,Daylight
2024-05-03T15:40:00.000,I 75,I 75 and Chastain Rd,,Sideswipe-Same Direction,2,Cloudy,Dry,Daylight
2024-02-17T11:08:00.000,I 75,I 75 and Chastain Rd,,Rear End,2,Cloudy,Dry,Daylight
2024-06-23T17:10:00.000,I 75,I 75 and Chastain Rd,,Rear End,2,Clear,Dry,Daylight
2024-10-24T17:03:00.000,I 75,I 75 and Chastain Rd,,Angle Crash,2,Clear,Dry,Daylight
2024-10-21T17:37:00.000,I 75,I 75 and Chastain Rd,,Rear End,2,Clear,Dry,Daylight
2024-04-21T06:35:00.000,I 75,I 75 and Chastain Rd,,Sideswipe-Same Direction,2,Cloudy,Wet,Dark-Not Lighted
2024-11-04T17:59:00.000,I 75,I 75 and Chastain Rd,,Rear End,2,Rain,Wet,Dusk
2024-06-03T19:17:00.000,I 75,I 75 and Chastain Rd,,Sideswipe-Same Direction,2,Clear,Dry,Daylight
2024-12-19T18:34:00.000,I 75,I 75 and Chastain Rd,,Rear End,2,Clear,Dry,Dark-Not Lighted
2024-03-05T12:40:00.000,I 75,I 75 and Chastain Rd,,Rear End,2,Rain,Wet,Daylight
2024-01-22T13:15:00.000,I 75,I 75 and Chastain Rd,,Sideswipe-Same Direction,2,Cloudy,Dry,Daylight
2024-08-29T12:05:00.000,I 75,I 75 and Chastain Rd,,Not a Collision with Motor Vehicle,1,Clear,Dry,Daylight
2024-05-09T22:10:00.000,I 75,I 75 and Chastain Rd,,Not a Collision with Motor Vehicle,1,Clear,Dry,Dark-Not Lighted
2024-06-27T17:50:00.000,I 75,I 75 and Chastain Rd,,Sideswipe-Same Direction,2,Cloudy,Dry,Daylight
2024-04-16T11:40:00.000,I 75,I 75 and Chastain Rd,,Sideswipe-Same Direction,2,Cloudy,Dry,Daylight
2024-05-27T08:05:00.000,I 75,I 75 and Chastain Rd,,Not a Collision with Motor Vehicle,1,Rain,Wet,Daylight
2024-06-13T14:06:00.000,I 75,I 75 and Chastain Rd,,Sideswipe-Same Direction,2,Clear,Dry,Daylight
2024-07-15T08:35:00.000,I 75,I 75 and Chastain Rd,,Rear End,2,Clear,Dry,Daylight
2024-10-19T14:27:00.000,I 75,I 75 and Chastain Rd,,Rear End,3,Clear,Dry,Daylight
2024-02-05T16:25:00.000,I 75,I 75 and Chastain Rd,,Rear End,3,Clear,Dry,Daylight
2024-09-27T05:35:00.000,I 75,I 75 and Chastain Rd,,Angle Crash,2,Rain,Wet,Dark-Lighted
2024-01-17T15:34:00.000,I 75,I 75 and Chastain Rd,,Rear End,2,Clear,Dry,Daylight
2024-12-23T11:50:00.000,I 75,I 75 and Chastain Rd,,Sideswipe-Same Direction,2,Clear,Dry,Daylight
2024-01-18T12:33:00.000,I 75,I 75 and Chastain Rd,,Rear End,2,Clear,Dry,Daylight
2024-09-23T08:04:00.000,I 75,I 75 and Chastain Rd,,Not a Collision with Motor Vehicle,1,Clear,Dry,Daylight
2024-01-10T13:43:00.000,I 75,I 75 and Chastain Rd,,Rear End,2,Clear,Dry,Daylight
2024-11-14T04:44:00.000,I 75,I 75 and Chastain Rd,,Not a Collision with Motor Vehicle,1,Rain,Water (standing or moving),Dark-Not Lighted
2024-01-30T11:50:00.000,I 75,I 75 and Chastain Rd,,Rear End,2,Clear,Dry,Daylight
2023-08-31T13:21:00.000,I 75,I 75 and Chastain Rd,,Rear End,2,Cloudy,Dry,Daylight
2023-11-28T19:31:00.000,I 75,I 75 and Chastain Rd,,Rear End,2,Clear,Dry,Dark-Lighted
2023-08-10T08:05:00.000,I 75,I 75 and Chastain Rd,,Rear End,2,Rain,Wet,Daylight
2023-10-27T13:30:00.000,I 75,I 75 and Chastain Rd,,Rear End,3,Cloudy,Dry,Daylight
2024-02-11T21:25:00.000,I 75,I 75 and Chastain Rd,,Not a Collision with Motor Vehicle,1,Rain,Wet,Dark-Lighted
2024-06-07T21:19:00.000,I 75,I 75 and Chastain Rd,,Sideswipe-Same Direction,2,Clear,Dry,Dark-Not Lighted
2024-05-04T17:27:00.000,I 75,I 75 and Chastain Rd,,Angle Crash,2,Clear,Dry,Daylight
2024-01-17T10:35:00.000,I 75,I 75 and Chastain Rd,,Rear End,2,Clear,Dry,Daylight
2024-06-10T12:50:00.000,I 75,I 75 and Chastain Rd,,Rear End,2,Cloudy,Dry,Daylight