Date and Time,Roadway (From Crash Report),Intersection Name (from Crash Report),KABCO Severity,Manner of Collision (Crash Level) ,# of Vehicles per crash ,Weather Conditions (Crash Level),Surface Condition (Crash Level) ,Light Conditions (Crash Level)
2024-04-09T11:59:00.000,I 75,I 75 and Chastain Rd,,Angle Crash,2,Rain,Wet,Daylight
2024-01-24T12:52:00.000,I 75,I 75 and Chastain Rd,,Sideswipe-Same Direction,2,Rain,Wet,Daylight
2024-02-12T07:25:00.000,I 75,I 75 and Chastain Rd,,Not a Collision with Motor Vehicle,1,Rain,Wet,Daylight
2024-01-17T17:16:00.000,I 75,I 75 and Chastain Rd,,Sideswipe-Same Direction,2,Clear,Dry,Dark-Lighted
2023-12-16T20:55:00.000,I 75,I 75 and Chastain Rd,,Rear End,2,Rain,Wet,Dark-Not Lighted
2023-07-14T15:12:00.000,I 75,I 75 and Chastain Rd,,Rear End,2,Clear,Dry,Daylight
2023-10-12T17:21:00.000,I 75,I 75 and Chastain Rd,,Rear End,2,Clear,Dry,Daylight
2023-02-15T08:14:00.000,I 75,I 75 and Chastain Rd,,Angle Crash,2,Rain,Wet,Daylight
2023-08-06T20:10:00.000,I 75,I 75 and Chastain Rd,,Rear End,2,Rain,Wet,Daylight
2023-10-11T17:00:00.000,I 75,I 75 and Chastain Rd,,Angle Crash,2,Rain,Wet,Daylight
2023-06-23T14:30:00.000,I 75,I 75 and Chastain Rd,,Sideswipe-Same Direction,2,Cloudy,Dry,Daylight
2023-04-26T08:30:00.000,I 75,I 75 and Chastain Rd,,Rear End,2,Cloudy,Dry,Daylight
2023-08-01T15:20:00.000,I 75,I 75 and Chastain Rd,,Rear End,2,Clear,Dry,Daylight
2023-10-08T00:27:00.000,I 75,I 75 and Chastain Rd,,Angle Crash,2,Clear,Dry,Dark-Not Lighted
2023-11-27T18:16:00.000,I 75,I 75 and Chastain Rd,,Rear End,2,Rain,Wet,Dark-Lighted
2023-06-26T10:33:00.000,I 75,I 75 and Chastain Rd,,Rear End,3,Clear,Dry,Daylight
2023-02-03T13:34:00.000,I 75,I 75 and Chastain Rd,,Rear End,2,Clear,Dry,Daylight
2023-07-25T07:15:00.000,I 75,I 75 and Chastain Rd,,Rear End,2,Clear,Dry,Daylight
2023-11-10T14:00:00.000,I 75,I 75 and Chastain Rd,,Sideswipe-Same Direction,2,Cloudy,Dry,Daylight
2023-04-21T15:39:00.000,I 75,I 75 and Chastain Rd,,Sideswipe-Same Direction,2,Clear,Dry,Daylight
2023-07-06T18:50:00.000,I 75,I 75 and Chastain Rd,,Rear End,3,Clear,Dry,Daylight
2023-01-24T12:52:00.000,I 75,I 75 and Chastain Rd,,Angle Crash,2,Clear,Dry,Daylight
2023-02-10T15:16:00.000,I 75,I 75 and Chastain Rd,,Not a Collision with Motor Vehicle,1,Cloudy,Dry,Daylight
2023-06-10T01:16:00.000,I 75,I 75 and Chastain Rd,,Rear End,2,Clear,Dry,Dark-Not Lighted
2023-05-26T15:40:00.000,I 75,I 75 and Chastain Rd,,Rear End,4,Clear,Dry,Daylight
2023-11-27T18:00:00.000,I 75,I 75 and Chastain Rd,,Rear End,2,Clear,Dry,Daylight
2023-10-22T05:48:00.000,I 75,I 75 and Chastain Rd,,Not a Collision with Motor Vehicle,1,Clear,Dry,Dark-Not Lighted
2023-10-21T16:09:00.000,I 75,I 75 and Chastain Rd,,Rear End,2,Clear,Dry,Daylight
2023-01-04T13:40:00.000,I 75,I 75 and Chastain Rd,,Rear End,2,Clear,Dry,Daylight
2023-10-04T06:28:00.000,I 75,I 75 and Chastain Rd,,Rear End,2,Clear,Dry,Dawn
2023-08-22T09:19:00.000,I 75,I 75 and Chastain Rd,,Not a Collision with Motor Vehicle,1,Clear,Dry,Daylight
2023-01-20T07:45:00.000,I 75,I 75 and Chastain Rd,,Rear End,2,Clear,Dry,Daylight
2023-06-22T13:21:00.000,I 75,I 75 and Chastain Rd,,Sideswipe-Same Direction,2,Rain,Wet,Daylight
2023-09-06T16:10:00.000,I 75,I 75 and Chastain Rd,,Rear End,2,Clear,Dry,Daylight
2023-06-30T15:38:00.000,I 75,I 75 and Chastain Rd,,Rear End,2,Cloudy,Dry,Daylight
2023-04-27T08:24:00.000,I 75,I 75 and Chastain Rd,,Rear End,2,Rain,Wet,Daylight
2023-10-21T16:10:00.000,I 75,I 75 and Chastain Rd,,Rear End,2,Clear,Dry,Daylight
2023-02-23T07:46:00.000,I 75,I 75 and Chastain Rd,,Not a Collision with Motor Vehicle,1,Cloudy,Dry,Daylight
2023-09-23T16:23:00.000,I 75,I 75 and Chastain Rd,,Rear End,2,Clear,Dry,Daylight
2023-08-10T12:45:00.000,I 75,I 75 and Chastain Rd,,Rear End,2,Cloudy,Dry,Daylight
2023-03-31T18:20:00.000,I 75,I 75 and Chastain Rd,,Rear End,2,Clear,Dry,Daylight
2023-02-28T19:27:00.000,I 75,I 75 and Chastain Rd,,Rear End,2,Clear,Dry,Dark-Not Lighted
2023-09-29T09:29:00.000,I 75,I 75 and Chastain Rd,,Sideswipe-Same Direction,2,Clear,Dry,Daylight
2023-02-10T15:37:00.000,I 75,I 75 and Chastain Rd,,Rear End,2,Cloudy,Dry,Daylight
2023-04-01T06:30:00.000,I 75,I 75 and Chastain Rd,,Sideswipe-Same Direction,2,Rain,Wet,Dark-Not Lighted
2023-09-27T22:50:00.000,I 75,I 75 and Chastain Rd,,Sideswipe-Same Direction,2,Clear,Dry,Dark-Not Lighted
2023-02-08T18:20:00.000,I 75,I 75 and Chastain Rd,,Rear End,4,Cloudy,Dry,Dark-Not Lighted
2023-10-25T08:45:00.000,I 75,I 75 and Chastain Rd,,Rear End,2,Clear,Dry,Daylight
2023-08-31T14:00:00.000,I 75,I 75 and Chastain Rd,,Rear End,3,Cloudy,Dry,Daylight
2023-02-03T12:40:00.000,I 75,I 75 and Chastain Rd,,Rear End,2,Clear,Dry,Daylight
2023-11-27T14:06:00.000,I 75,I 75 and Chastain Rd,,Rear End,2,Clear,Dry,Daylight
2023-05-27T17:40:00.000,I 75,I 75 and Chastain Rd,,Not a Collision with Motor Vehicle,2,Clear,Dry,Daylight
2023-06-23T06:00:00.000,I 75,I 75 and Chastain Rd,,Rear End,2,Clear,Dry,Daylight
2023-04-05T14:15:00.000,I 75,I 75 and Chastain Rd,,Angle Crash,3,Cloudy,Dry,Daylight
2023-11-05T19:55:00.000,I 75,I 75 and Chastain Rd,,Angle Crash,3,Clear,Dry,Daylight
2023-12-14T08:55:00.000,I 75,I 75 and Chastain Rd,,Sideswipe-Same Direction,2,Clear,Dry,Daylight
2023-02-23T09:18:00.000,I 75,I 75 and Chastain Rd,,Rear End,2,Clear,Dry,Daylight
2023-03-14T10:45:00.000,I 75,I 75 and Chastain Rd,,Rear End,2,Clear,Dry,Daylight
2023-04-02T00:04:00.000,I 75,I 75 and Chastain Rd,,Sideswipe-Same Direction,2,Clear,Dry,Daylight
2024-06-30T16:13:00.000,I 75,I 75 and Chastain Rd,,Rear End,2,Cloudy,Dry,Daylight
2024-12-27T18:19:00.000,I 75,I 75 and Chastain Rd,,Rear End,2,Rain,Wet,Dark-Not Lighted
2024-09-26T11:30:00.000,I 75,I 75 and Chastain Rd,,Sideswipe-Same Direction,2,Rain,Wet,Daylight
2024-04-30T09:45:00.000,I 75,I 75 and Chastain Rd,,Sideswipe-Same Direction,2,Cloudy,Wet,Daylight
2024-11-01T21:40:00.000,I 75,I 75 and Chastain Rd,,Sideswipe-Same Direction,2,Clear,Dry,Dark-Not Lighted
2024-11-14T13:29:00.000,I 75,I 75 and Chastain Rd,,Rear End,2,Cloudy,Wet,Daylight
2024-12-23T17:38:00.000,I 75,I 75 and Chastain Rd,,Rear End,2,Clear,Dry,Dark-Not Lighted
2024-12-23T08:27:00.000,I 75,I 75 and Chastain Rd,,Not a Collision with Motor Vehicle,1,Clear,Dry,Daylight
2024-12-29T05:30:00.000,I 75,I 75 and Chastain Rd,,Not a Collision with Motor Vehicle,1,Cloudy,Water (standing or moving),Dark-Not Lighted
2024-01-29T00:52:00.000,I 75,I 75 and Chastain Rd,,Rear End,2,Cloudy,Water (standing or moving),Dark-Lighted
2024-12-29T01:54:00.000,I 75,I 75 and Chastain Rd,,Not a Collision with Motor Vehicle,1,Rain,Wet,Dark-Not Lighted
2024-12-02T12:13:00.000,I 75,I 75 and Chastain Rd,,Rear End,2,Clear,Dry,Daylight
2024-11-29T13:45:00.000,I 75,I 75 and Chastain Rd,,Rear End,2,Clear,Dry,Daylight
2024-05-06T14:49:00.000,I 75,I 75 and Chastain Rd,,Rear End,3,Clear,Dry,Daylight
2024-03-29T14:14:00.000,I 75,I 75 and Chastain Rd,,Rear End,2,Clear,Dry,Daylight
2024-11-15T18:10:00.000,I 75,I 75 and Chastain Rd,,Rear End,2,Cloudy,Dry,Daylight
2024-04-11T11:28:00.000,I 75,I 75 and Chastain Rd,,Sideswipe-Same Direction,2,Cloudy,Wet,Daylight
2024-03-02T14:46:00.000,I 75,I 75 and Chastain Rd,,Rear End,2,Cloudy,Dry,Daylight
2024-05-07T17:15:00.000,I 75,I 75 and Chastain Rd,,Rear End,2,Clear,Dry,Daylight
2024-01-09T06:28:00.000,I 75,I 75 and Chastain Rd,,Angle Crash,2,Rain,Wet,Dark-Lighted
2024-09-21T10:45:00.000,I 75,I 75 and Chastain Rd,,Rear End,2,Cloudy,Dry,Daylight
2024-08-29T06:36:00.000,I 75,I 75 and Chastain Rd,,Rear End,2,Cloudy,Dry,Daylight
2024-10-07T09:52:00.000,I 75,I 75 and Chastain Rd,,Sideswipe-Same Direction,2,Clear,Dry,Daylight
2024-11-08T16:35:00.000,I 75,I 75 and Chastain Rd,,Rear End,2,Clear,Dry,Daylight
2024-12-07T02:46:00.000,I 75,I 75 and Chastain Rd,,Not a Collision with Motor Vehicle,1,Clear,Dry,Dark-Not Lighted
2024-04-11T08:00:00.000,I 75,I 75 and Chastain Rd,,Sideswipe-Same Direction,2,Clear,Wet,Daylight
2024-06-13T15:15:00.000,I 75,I 75 and Chastain Rd,,Rear End,2,Clear,Dry,Daylight
2024-02-17T22:46:00.000,I 75,I 75 and Chastain Rd,,Rear End,3,Clear,Dry,Dark-Not Lighted
2024-04-22T07:20:00.000,I 75,I 75 and Chastain Rd,,Sideswipe-Same Direction,2,Clear,Dry,Dawn
2024-03-01T20:20:00.000,I 75,I 75 and Chastain Rd,,Rear End,2,Rain,Wet,Dark-Not Lighted
2024-10-01T16:12:00.000,I 75,I 75 and Chastain Rd,,Rear End,2,Clear,Dry,Daylight
2024-09-28T15:21:00.000,I 75,I 75 and Chastain Rd,,Rear End,2,Cloudy,Dry,Daylight
2024-02-01T09:05:00.000,I 75,I 75 and Chastain Rd,,Rear End,2,Clear,Dry,Daylight
2024-03-27T08:03:00.000,I 75,I 75 and Chastain Rd,,Rear End,2,Cloudy,Dry,Daylight
2024-02-12T09:10:00.000,I 75,I 75 and Chastain Rd,,Not a Collision with Motor Vehicle,1,Rain,Wet,Daylight
2024-01-25T12:50:00.000,I 75,I 75 and Chastain Rd,,Rear End,2,Rain,Wet,Daylight
2024-12-23T15:40:00.000,I 75,I 75 and Chastain Rd,,Rear End,2,Clear,Dry,Daylight
2024-05-21T18:00:00.000,I 75,I 75 and Chastain Rd,,Rear End,2,Clear,Dry,Daylight
2024-11-11T17:39:00.000,I 75,I 75 and Chastain Rd,,Rear End,2,Clear,Dry,Dusk
2024-11-21T22:23:00.000,I 75,I 75 and Chastain Rd,,Angle Crash,2,Clear,Dry,Dark-Not Lighted
2024-12-02T12:00:00.000,I 75,I 75 and Chastain Rd,,Rear End,2,Clear,Dry,Daylight
2024-01-10T01:00:00.000,I 75,I 75 and Chastain Rd,,Not a Collision with Motor Vehicle,1,Cloudy,Dry,Dark-Not Lighted
2024-03-02T09:17:00.000,I 75,I 75 and Chastain Rd,,Rear End,3,Rain,Wet,Daylight
2024-09-27T08:22:00.000,I 75,I 75 and Chastain Rd,,Not a Collision with Motor Vehicle,1,Rain,Wet,Daylight
2024-12-21T14:08:00.000,I 75,I 75 and Chastain Rd,,Sideswipe-Same Direction,2,Clear,Dry,Daylight
2024-04-23T23:03:00.000,I 75,I 75 and Chastain Rd,,Rear End,2,Clear,Dry,Dark-Lighted
2024-05-31T18:15:00.000,I 75,I 75 and Chastain Rd,,Rear End,2,Clear,Dry,Daylight
2024-03-06T08:02:00.000,I 75,I 75 and Chastain Rd,,Angle Crash,2,Rain,Wet,Daylight
2024-12-03T09:15:00.000,I 75,I 75 and Chastain Rd,,Rear End,2,Clear,Dry,Daylight
2024-08-27T18:20:00.000,I 75,I 75 and Chastain Rd,,Sideswipe-Same Direction,2,Clear,Dry,Daylight
2024-04-28T03:15:00.000,I 75,I 75 and Chastain Rd,,Sideswipe-Same Direction,2,Cloudy,Dry,Dark-Not Lighted
2024-11-19T13:14:00.000,I 75,I 75 and Chastain Rd,,Rear End,3,Rain,Wet,Daylight
2024-04-01T16:13:00.000,I 75,I 75 and Chastain Rd,,Sideswipe-Same Direction,2,Clear,Dry,Daylight
2024-12-02T17:26:00.000,I 75,I 75 and Chastain Rd,,Sideswipe-Same Direction,2,Clear,Dry,Daylight
2024-09-28T02:00:00.000,I 75,I 75 and Chastain Rd,,Not a Collision with Motor Vehicle,1,Cloudy,Dry,Dark-Not Lighted
2024-04-29T08:30:00.000,I 75,I 75 and Chastain Rd,,Rear End,2,Clear,Dry,Daylight
2024-03-29T13:15:00.000,I 75,I 75 and Chastain Rd,,Sideswipe-Same Direction,2,Clear,Dry,Daylight
2024-03-31T19:34:00.000,I 75,I 75 and Chastain Rd,,Rear End,2,Clear,Dry,Daylight
2024-03-26T09:47:00.000,I 75,I 75 and Chastain Rd,,Angle Crash,2,Cloudy,Wet,Daylight
2024-09-23T16:37:00.000,I 75,I 75 and Chastain Rd,,Rear End,2,Clear,Dry,Daylight
2024-06-14T23:50:00.000,I 75,I 75 and Chastain Rd,,Sideswipe-Same Direction,2,Clear,Dry,Dark-Not Lighted
2024-08-23T14:36:00.000,I 75,I 75 and Chastain Rd,,Rear End,3,Clear,Dry,Daylight
2024-08-15T11:26:00.000,I 75,I 75 and Chastain Rd,,Sideswipe-Same Direction,2,Clear,Dry,Daylight
2024-05-11T13:36:00.000,I 75,I 75 and Chastain Rd,,Angle Crash,2,Clear,Dry,Daylight
2024-10-30T08:52:00.000,I 75,I 75 and Chastain Rd,,Rear End,2,Rain,Wet,Daylight
2024-04-23T04:53:00.000,I 75,I 75 and Chastain Rd,,Not a Collision with Motor Vehicle,1,Cloudy,Dry,Dark-Not Lighted
2024-03-26T11:38:00.000,I 75,I 75 and Chastain Rd,,Rear End,2,Rain,Wet,Daylight
2024-12-28T22:46:00.000,I 75,I 75 and Chastain Rd,,Not a Collision with Motor Vehicle,1,Rain,Wet,Dark-Not Lighted
2024-11-08T12:45:00.000,I 75,I 75 and Chastain Rd,,Sideswipe-Same Direction,2,Clear,Dry,Daylight
2024-12-20T18:57:00.000,I 75,I 75 and Chastain Rd,,Rear End,2,Clear,Dry,Dark-Not Lighted
2024-06-07T20:20:00.000,I 75,I 75 and Chastain Rd,,Rear End,2,Clear,Dry,Daylight
2024-01-03T08:54:00.000,I 75,I 75 and Chastain Rd,,Not a Collision with Motor Vehicle,1,Cloudy,Dry,Daylight
2024-12-12T18:09:00.000,I 75,I 75 and Chastain Rd,,Sideswipe-Same Direction,2,Clear,Dry,Daylight
2024-05-23T18:26:00.000,I 75,I 75 and Chastain Rd,,Rear End,2,Clear,Dry,Daylight
2024-01-09T17:15:00.000,I 75,I 75 and Chastain Rd,,Rear End,3,Cloudy,Dry,Dusk
2024-11-03T22:42:00.000,I 75,I 75 and Chastain Rd,,Angle Crash,2,Clear,Dry,Dark-Not Lighted
2024-02-13T17:40:00.000,I 75,I 75 and Chastain Rd,,Sideswipe-Same Direction,2,Clear,Dry,Daylight
2024-04-11T09:30:00.000,I 75,I 75 and Chastain Rd,,Rear End,2,Rain,Wet,Daylight
2024-05-14T17:53:00.000,I 75,I 75 and Chastain Rd,,Rear End,3,Clear,Dry,Daylight
2024-09-21T13:55:00.000,I 75,I 75 and Chastain Rd,,Rear End,2,Cloudy,Dry,Daylight
2024-04-11T13:02:00.000,I 75,I 75 and Chastain Rd,,Rear End,2,Cloudy,Wet,Daylight
2024-11-06T15:48:00.000,I 75,I 75 and Chastain Rd,,Sideswipe-Same Direction,2,Clear,Dry,Daylight
2024-11-13T17:19:00.000,I 75,I 75 and Chastain Rd,,Rear End,2,Clear,Dry,Dusk
2024-02-12T07:53:00.000,I 75,I 75 and Chastain Rd,,Sideswipe-Same Direction,2,Rain,Wet,Daylight
2024-05-29T03:56:00.000,I 75,I 75 and Chastain Rd,,Not a Collision with Motor Vehicle,1,Clear,Dry,Dark-Lighted
2024-01-29T15:25:00.000,I 75,I 75 and Chastain Rd,,Rear End,2,Clear,Dry,Daylight
2024-12-11T14:18:00.000,I 75,I 75 and Chastain Rd,,Not a Collision with Motor Vehicle,1,Clear,Dry,Daylight
2024-03-31T17:02:00.000,I 75,I 75 and Chastain Rd,,Sideswipe-Same Direction,2,Clear,Dry,Daylight
2024-10-07T13:51:00.000,I 75,I 75 and Chastain Rd,,Rear End,2,Clear,Dry,Daylight
2024-10-31T12:00:00.000,I 75,I 75 and Chastain Rd,,Not a Collision with Motor Vehicle,1,Clear,Dry,Daylight
2024-09-11T18:57:00.000,I 75,I 75 and Chastain Rd,,Rear End,2,Clear,Dry,Daylight
2024-11-22T12:00:00.000,I 75,I 75 and Chastain Rd,,Sideswipe-Same Direction,2,Clear,Dry,Daylight
2024-05-18T06:08:00.000,I 75,I 75 and Chastain Rd,,Not a Collision with Motor Vehicle,1,Cloudy,Dry,Dawn
2024-05-02T15:51:00.000,I 75,I 75 and Chastain Rd,,Rear End,2,Clear,Dry,Daylight
2024-03-08T22:03:00.000,I 75,I 75 and Chastain Rd,,Not a Collision with Motor Vehicle,1,Rain,Wet,Dark-Not Lighted
2024-11-26T19:07:00.000,I 75,I 75 and Chastain Rd,,Rear End,2,Clear,Dry,Dark-Not Lighted
2024-12-22T13:00:00.000,I 75,I 75 and Chastain Rd,,Sideswipe-Same Direction,2,Clear,Dry,Daylight
2024-09-24T13:09:00.000,I 75,I 75 and Chastain Rd,,Rear End,2,Cloudy,Dry,Daylight
2024-02-14T13:59:00.000,I 75,I 75 and Chastain Rd,,Rear End,2,Clear,Dry,Daylight
2024-06-01T23:28:00.000,I 75,I 75 and Chastain Rd,,Not a Collision with Motor Vehicle,1,Clear,Dry,Dark-Not Lighted
2024-02-02T18:52:00.000,I 75,I 75 and Chastain Rd,,Rear End,3,Clear,Dry,Dark-Lighted
2024-11-27T15:33:00.000,I 75,I 75 and Chastain Rd,,Rear End,2,Clear,Dry,Daylight
2024-09-24T15:48:00.000,I 75,I 75 and Chastain Rd,,Rear End,2,Clear,Dry,Daylight
2024-10-25T12:45:00.000,I 75,I 75 and Chastain Rd,,Rear End,2,Clear,Dry,Daylight
2024-01-20T11:57:00.000,I 75,I 75 and Chastain Rd,,Not a Collision with Motor Vehicle,1,Clear,Dry,Daylight
2024-12-20T01:34:00.000,I 75,I 75 and Chastain Rd,,Sideswipe-Same Direction,2,Cloudy,Dry,Dark-Lighted
2024-10-25T12:11:00.000,I 75,I 75 and Chastain Rd,,Rear End,3,Clear,Dry,Daylight
2024-11-15T19:59:00.000,I 75,I 75 and Chastain Rd,,Rear End,2,Clear,Dry,Dark-Not Lighted
2024-03-02T12:59:00.000,I 75,I 75 and Chastain Rd,,Rear End,2,Cloudy,Dry,Daylight
2024-04-16T10:13:00.000,I 75,I 75 and Chastain Rd,,Sideswipe-Same Direction,2,Cloudy,Dry,Daylight
2023-08-17T09:14:00.000,I 75,I 75 and Chastain,,Sideswipe-Same Direction,2,Clear,Dry,Daylight
2023-04-28T11:33:00.000,I 75,I 75 and Chastain,,Rear End,2,Cloudy,Dry,Daylight
2023-07-15T18:51:00.000,I 75,I 75 and Chastain,,Sideswipe-Same Direction,2,Clear,Dry,Daylight
2023-10-20T03:00:00.000,I 75,I 75 and Chastain,,Not a Collision with Motor Vehicle,1,Cloudy,Dry,Dark-Lighted
2020-02-18T20:10:00.000,I 75,I 75 and Chastain,,Not a Collision with Motor Vehicle,1,Rain,Water (standing or moving),Dark-Not Lighted
2021-06-02T07:25:00.000,I 75,I 75 and Chastain,,Sideswipe-Same Direction,2,Cloudy,Dry,Daylight
2021-11-05T06:39:00.000,I 75,I 75 and Chastain,,Sideswipe-Same Direction,2,Clear,Dry,Dark-Not Lighted
2023-03-26T10:20:00.000,I 75,I 75 and Chastain,,Not a Collision with Motor Vehicle,1,Cloudy,Wet,Daylight
2024-08-22T15:30:00.000,I 75,I 75 and Chastain,,Rear End,2,Clear,Dry,Daylight
2023-09-15T11:55:00.000,I 75,I 75 and Charles W. Grant Pkwy,,Angle Crash,2,Cloudy,Wet,Daylight
2023-10-05T15:35:00.000,I 75,I 75 and Charles W. Grant Pkwy,,Rear End,2,Clear,Dry,Daylight
2022-12-30T21:08:00.000,I 75,I 75 and Charles W. Grant Pkwy,,Not a Collision with Motor Vehicle,1,Rain,Wet,Dark-Lighted
2022-09-23T17:20:00.000,I 75,I 75 and Charles W. Grant Pkwy,,Rear End,4,Clear,Dry,Daylight
2022-12-30T21:57:00.000,I 75,I 75 and Charles W. Grant Pkwy,,Rear End,2,Clear,Dry,Dark-Not Lighted
2022-03-06T09:15:00.000,I 75,I 75 and Charles W. Grant Pkwy,,Rear End,2,Clear,Dry,Daylight
2024-04-04T06:25:00.000,I 75,I 75 and Charles W. Grant Pkwy,,Rear End,4,Clear,Dry,Dark-Not Lighted
2024-02-16T18:49:00.000,I 75,I 75 and Charles W. Grant Pkwy,,Rear End,4,Clear,Dry,Dark-Lighted
2024-04-04T06:25:00.000,I 75,I 75 and Charles W. Grant Pkwy,,Rear End,3,Clear,Dry,Dark-Not Lighted
2023-05-13T22:35:00.000,I 75,I 75 and Charles W. Grant,,Sideswipe-Same Direction,2,Clear,Dry,Dark-Lighted
2023-07-07T16:45:00.000,I 75,I 75 and Charles W Grant Prkway,,Sideswipe-Same Direction,2,Clear,Dry,Daylight
2023-10-17T16:45:00.000,I 75,I 75 and Charles W Grant Prkway,,Rear End,2,Clear,Dry,Daylight
2024-08-27T18:15:00.000,I 75,I 75 and Charles W Grant Prkway,,Rear End,2,Clear,Dry,Daylight
2023-07-21T15:45:00.000,I 75,I 75 and Charles W Grant Prkw,,Rear End,2,Clear,Dry,Daylight
2024-02-16T15:14:00.000,I 75,I 75 and Charles W Grant Pkwy To I75 Cd,,Sideswipe-Same Direction,2,Clear,Dry,Daylight
2024-03-20T16:13:00.000,I 75,I 75 and Charles W Grant Pkwy To I75 Cd,,Rear End,2,Clear,Dry,Daylight
2020-05-29T00:35:00.000,I 75,I 75 and Charles W Grant Pkwy Rp,,Not a Collision with Motor Vehicle,1,Clear,Dry,Dark-Not Lighted
2023-05-20T03:23:00.000,I 75,I 75 and Charles W Grant Pkwy Rp,,Not a Collision with Motor Vehicle,1,Clear,Dry,Dark-Not Lighted
2022-08-08T17:40:00.000,I 75,I 75 and Charles W Grant Pkwy Overpa,,Rear End,3,Cloudy,Dry,Daylight
2021-04-24T12:05:00.000,I 75,I 75 and Charles W Grant Pkwy,,Angle Crash,2,Rain,Wet,Daylight
2021-05-21T14:55:00.000,I 75,I 75 and Charles W Grant Pkwy,,Rear End,2,Clear,Dry,Daylight
2021-01-01T10:18:00.000,I 75,I 75 and Charles W Grant Pkwy,,Head On,2,Rain,Wet,Dark-Lighted
2021-10-14T02:15:00.000,I 75,I 75 and Charles W Grant Pkwy,,Not a Collision with Motor Vehicle,1,Clear,Dry,Dark-Lighted
2021-05-04T01:10:00.000,I 75,I 75 and Charles W Grant Pkwy,,Not a Collision with Motor Vehicle,1,Cloudy,Wet,Dark-Lighted
2021-03-28T03:07:00.000,I 75,I 75 and Charles W Grant Pkwy,,Sideswipe-Same Direction,2,Clear,Dry,Dark-Not Lighted
2021-01-17T09:19:00.000,I 75,I 75 and Charles W Grant Pkwy,,Rear End,2,Clear,Dry,Daylight
2021-06-27T08:55:00.000,I 75,I 75 and Charles W Grant Pkwy,,Sideswipe-Same Direction,2,Cloudy,Dry,Daylight
2021-10-07T18:30:00.000,I 75,I 75 and Charles W Grant Pkwy,,Sideswipe-Same Direction,2,Cloudy,Wet,Daylight
2021-12-20T11:22:00.000,I 75,I 75 and Charles W Grant Pkwy,,Angle Crash,2,Clear,Dry,Daylight
2021-10-24T10:43:00.000,I 75,I 75 and Charles W Grant Pkwy,,Sideswipe-Same Direction,4,Clear,Dry,Daylight
2021-12-23T05:30:00.000,I 75,I 75 and Charles W Grant Pkwy,,Angle Crash,3,Clear,Dry,Dark-Lighted
2021-12-15T01:26:00.000,I 75,I 75 and Charles W Grant Pkwy,,Angle Crash,2,Clear,Dry,Dark-Not Lighted
2021-09-17T06:07:00.000,I 75,I 75 and Charles W Grant Pkwy,,Angle Crash,2,Clear,Dry,Dark-Not Lighted
2021-03-02T14:05:00.000,I 75,I 75 and Charles W Grant Pkwy,,Rear End,2,Cloudy,Dry,Dark-Lighted
2023-05-25T16:39:00.000,I 75,I 75 and Charles W Grant Pkwy,,Rear End,2,Clear,Dry,Daylight
2023-06-30T11:00:00.000,I 75,I 75 and Charles W Grant Pkwy,,Not a Collision with Motor Vehicle,2,Clear,Dry,Daylight
2023-09-29T06:20:00.000,I 75,I 75 and Charles W Grant Pkwy,,Rear End,2,Clear,Dry,Dark-Not Lighted
2023-07-29T16:38:00.000,I 75,I 75 and Charles W Grant Pkwy,,Rear End,2,Clear,Dry,Daylight
2023-10-14T07:45:00.000,I 75,I 75 and Charles W Grant Pkwy,,Not a Collision with Motor Vehicle,1,Rain,Wet,Daylight
2023-05-12T17:40:00.000,I 75,I 75 and Charles W Grant Pkwy,,Rear End,3,Cloudy,Dry,Daylight
2023-05-16T18:11:00.000,I 75,I 75 and Charles W Grant Pkwy,,Rear End,2,Clear,Dry,Dark-Lighted
2023-04-21T13:20:00.000,I 75,I 75 and Charles W Grant Pkwy,,Sideswipe-Same Direction,2,Clear,Dry,Daylight
2023-10-04T18:14:00.000,I 75,I 75 and Charles W Grant Pkwy,,Rear End,2,Clear,Dry,Daylight
2023-05-08T06:17:00.000,I 75,I 75 and Charles W Grant Pkwy,,Rear End,2,Clear,Dry,Dark-Lighted
2023-01-30T17:35:00.000,I 75,I 75 and Charles W Grant Pkwy,,Rear End,2,Clear,Dry,Daylight
2023-04-19T18:15:00.000,I 75,I 75 and Charles W Grant Pkwy,,Angle Crash,2,Clear,Dry,Daylight
2022-11-20T17:44:00.000,I 75,I 75 and Charles W Grant Pkwy,,Angle Crash,2,Clear,Dry,Dark-Not Lighted
2022-12-05T17:03:00.000,I 75,I 75 and Charles W Grant Pkwy,,Rear End,2,Rain,Wet,Daylight
2022-09-17T06:33:00.000,I 75,I 75 and Charles W Grant Pkwy,,Rear End,2,Clear,Dry,Dawn
2022-08-09T12:02:00.000,I 75,I 75 and Charles W Grant Pkwy,,Rear End,3,Clear,Dry,Daylight
2020-05-23T04:39:00.000,I 75,I 75 and Charles W Grant Pkwy,,Not a Collision with Motor Vehicle,1,Clear,Dry,Dark-Not Lighted
2020-09-01T17:09:00.000,I 75,I 75 and Charles W Grant Pkwy,,Sideswipe-Same Direction,2,Clear,Dry,Daylight
2020-06-19T11:15:00.000,I 75,I 75 and Charles W Grant Pkwy,,Sideswipe-Same Direction,3,Clear,Dry,Daylight
2020-07-12T16:07:00.000,I 75,I 75 and Charles W Grant Pkwy,,Sideswipe-Same Direction,2,Clear,Dry,Daylight