Date and Time,Roadway (From Crash Report),Intersection Name (from Crash Report),KABCO Severity,Manner of Collision (Crash Level) ,# of Vehicles per crash ,Weather Conditions (Crash Level),Surface Condition (Crash Level) ,Light Conditions (Crash Level)
2020-10-26T02:00:00.000,I 75,I 75 and Charles W Grant Pkwy,,Rear End,4,Clear,Dry,Dark-Lighted
2020-02-24T18:54:00.000,I 75,I 75 and Charles W Grant Pkwy,,Rear End,2,Rain,Wet,Dark-Lighted
2020-07-08T12:06:00.000,I 75,I 75 and Charles W Grant Pkwy,,Angle Crash,2,Cloudy,Dry,Daylight
2020-11-23T20:19:00.000,I 75,I 75 and Charles W Grant Pkwy,,Sideswipe-Same Direction,2,Clear,Dry,Dark-Not Lighted
2020-12-19T13:19:00.000,I 75,I 75 and Charles W Grant Pkwy,,Angle Crash,2,Clear,Dry,Daylight
2020-11-30T19:16:00.000,I 75,I 75 and Charles W Grant Pkwy,,Sideswipe-Same Direction,2,Cloudy,Dry,Dark-Not Lighted
2020-01-02T16:16:00.000,I 75,I 75 and Charles W Grant Pkwy,,Rear End,2,Rain,Wet,Daylight
2020-11-30T18:48:00.000,I 75,I 75 and Charles W Grant Pkwy,,Rear End,2,Cloudy,Dry,Dark-Lighted
2020-06-30T18:30:00.000,I 75,I 75 and Charles W Grant Pkwy,,Rear End,2,Cloudy,Wet,Daylight
2020-10-26T03:00:00.000,I 75,I 75 and Charles W Grant Pkwy,,Sideswipe-Same Direction,1,Clear,Dry,Dark-Lighted
2020-01-28T17:45:00.000,I 75,I 75 and Charles W Grant Pkwy,,Rear End,2,Clear,Dry,Dark-Lighted
2020-03-11T19:40:00.000,I 75,I 75 and Charles W Grant Pkwy,,Sideswipe-Same Direction,2,Cloudy,Wet,Daylight
2020-05-28T21:30:00.000,I 75,I 75 and Charles W Grant Pkwy,,Not a Collision with Motor Vehicle,2,Clear,Dry,Dark-Not Lighted
2020-07-28T16:59:00.000,I 75,I 75 and Charles W Grant Pkwy,,Rear End,2,Cloudy,Dry,Daylight
2020-10-09T18:46:00.000,I 75,I 75 and Charles W Grant Pkwy,,Rear End,2,Rain,Wet,Dark-Lighted
2020-07-21T16:39:00.000,I 75,I 75 and Charles W Grant Pkwy,,Sideswipe-Same Direction,2,Cloudy,Wet,Daylight
2020-05-28T22:30:00.000,I 75,I 75 and Charles W Grant Pkwy,,Sideswipe-Same Direction,2,Clear,Dry,Dark-Not Lighted
2020-10-17T09:45:00.000,I 75,I 75 and Charles W Grant Pkwy,,Sideswipe-Same Direction,2,Clear,Dry,Daylight
2020-11-11T07:40:00.000,I 75,I 75 and Charles W Grant Pkwy,,Not a Collision with Motor Vehicle,1,Rain,Water (standing or moving),Daylight
2020-11-09T19:21:00.000,I 75,I 75 and Charles W Grant Pkwy,,Sideswipe-Same Direction,2,Clear,Dry,Dark-Not Lighted
2020-05-23T05:00:00.000,I 75,I 75 and Charles W Grant Pkwy,,Not a Collision with Motor Vehicle,1,Clear,Dry,Dark-Not Lighted
2021-06-27T01:52:00.000,I 75,I 75 and Charles W Grant Pkwy,,Angle Crash,2,Clear,Dry,Dark-Lighted
2021-06-15T18:36:00.000,I 75,I 75 and Charles W Grant Pkwy,,Rear End,2,Clear,Dry,Daylight
2021-04-23T20:45:00.000,I 75,I 75 and Charles W Grant Pkwy,,Sideswipe-Same Direction,2,Clear,Dry,Dark-Not Lighted
2021-08-13T09:35:00.000,I 75,I 75 and Charles W Grant Pkwy,,Sideswipe-Same Direction,2,Clear,Dry,Dark-Not Lighted
2021-08-20T16:13:00.000,I 75,I 75 and Charles W Grant Pkwy,,Angle Crash,2,Clear,Dry,Daylight
2021-10-22T10:10:00.000,I 75,I 75 and Charles W Grant Pkwy,,Sideswipe-Same Direction,2,Clear,Dry,Daylight
2021-10-07T16:10:00.000,I 75,I 75 and Charles W Grant Pkwy,,Rear End,2,Rain,Wet,Daylight
2021-09-25T17:21:00.000,I 75,I 75 and Charles W Grant Pkwy,,Sideswipe-Same Direction,2,Clear,Dry,Daylight
2021-10-24T10:50:00.000,I 75,I 75 and Charles W Grant Pkwy,,Sideswipe-Same Direction,5,Clear,Dry,Daylight
2021-08-12T00:15:00.000,I 75,I 75 and Charles W Grant Pkwy,,Sideswipe-Same Direction,2,Clear,Dry,Dark-Not Lighted
2021-07-13T05:59:00.000,I 75,I 75 and Charles W Grant Pkwy,,Sideswipe-Same Direction,2,Cloudy,Dry,Dark-Not Lighted
2021-08-29T19:22:00.000,I 75,I 75 and Charles W Grant Pkwy,,Rear End,2,Clear,Dry,Daylight
2021-08-11T21:45:00.000,I 75,I 75 and Charles W Grant Pkwy,,Rear End,2,Clear,Dry,Dark-Not Lighted
2022-05-08T16:53:00.000,I 75,I 75 and Charles W Grant Pkwy,,Sideswipe-Same Direction,2,Clear,Dry,Daylight
2022-10-28T07:16:00.000,I 75,I 75 and Charles W Grant Pkwy,,Sideswipe-Same Direction,2,Clear,Dry,Dawn
2021-10-20T17:54:00.000,I 75,I 75 and Charles W Grant Pkwy,,Sideswipe-Same Direction,2,Clear,Dry,Dark-Lighted
2021-09-05T14:35:00.000,I 75,I 75 and Charles W Grant Pkwy,,Sideswipe-Same Direction,2,Clear,Dry,Daylight
2022-08-20T13:48:00.000,I 75,I 75 and Charles W Grant Pkwy,,Rear End,2,Clear,Dry,Daylight
2022-11-18T15:42:00.000,I 75,I 75 and Charles W Grant Pkwy,,Sideswipe-Same Direction,2,Clear,Dry,Daylight
2022-04-09T21:19:00.000,I 75,I 75 and Charles W Grant Pkwy,,Sideswipe-Same Direction,2,Clear,Dry,Daylight
2022-11-14T05:48:00.000,I 75,I 75 and Charles W Grant Pkwy,,Rear End,2,Clear,Dry,Dawn
2022-05-18T21:45:00.000,I 75,I 75 and Charles W Grant Pkwy,,Rear End,2,Clear,Dry,Dark-Not Lighted
2022-07-14T17:30:00.000,I 75,I 75 and Charles W Grant Pkwy,,Rear End,2,Clear,Dry,Daylight
2022-08-20T12:49:00.000,I 75,I 75 and Charles W Grant Pkwy,,Rear End,2,Clear,Dry,Daylight
2022-06-26T18:24:00.000,I 75,I 75 and Charles W Grant Pkwy,,Sideswipe-Same Direction,2,Clear,Dry,Daylight
2022-08-23T08:30:00.000,I 75,I 75 and Charles W Grant Pkwy,,Rear End,3,Cloudy,Dry,Daylight
2022-11-15T04:24:00.000,I 75,I 75 and Charles W Grant Pkwy,,Not a Collision with Motor Vehicle,1,Rain,Wet,Dark-Not Lighted
2022-08-08T08:22:00.000,I 75,I 75 and Charles W Grant Pkwy,,Not a Collision with Motor Vehicle,1,Clear,Dry,Daylight
2022-12-29T08:30:00.000,I 75,I 75 and Charles W Grant Pkwy,,Not a Collision with Motor Vehicle,2,Clear,Dry,Daylight
2022-05-17T13:01:00.000,I 75,I 75 and Charles W Grant Pkwy,,Sideswipe-Same Direction,2,Clear,Dry,Daylight
2022-11-17T16:13:00.000,I 75,I 75 and Charles W Grant Pkwy,,Sideswipe-Same Direction,2,Clear,Dry,Daylight
2022-11-27T06:40:00.000,I 75,I 75 and Charles W Grant Pkwy,,Sideswipe-Same Direction,2,Rain,Wet,Dawn
2022-05-09T20:29:00.000,I 75,I 75 and Charles W Grant Pkwy,,Angle Crash,2,Clear,Dry,Dark-Not Lighted
2022-06-11T12:41:00.000,I 75,I 75 and Charles W Grant Pkwy,,Sideswipe-Same Direction,2,Clear,Dry,Daylight
2022-07-15T10:00:00.000,I 75,I 75 and Charles W Grant Pkwy,,Rear End,2,Clear,Dry,Daylight
2022-11-15T17:26:00.000,I 75,I 75 and Charles W Grant Pkwy,,Angle Crash,2,Cloudy,Wet,Daylight
2022-04-28T18:00:00.000,I 75,I 75 and Charles W Grant Pkwy,,Sideswipe-Same Direction,2,Clear,Dry,Daylight
2022-12-23T21:00:00.000,I 75,I 75 and Charles W Grant Pkwy,,Rear End,2,Clear,Dry,Dark-Not Lighted
2022-01-15T05:34:00.000,I 75,I 75 and Charles W Grant Pkwy,,Rear End,2,Clear,Dry,Dark-Lighted
2022-04-14T17:40:00.000,I 75,I 75 and Charles W Grant Pkwy,,Rear End,2,Clear,Dry,Daylight
2022-12-05T13:00:00.000,I 75,I 75 and Charles W Grant Pkwy,,Rear End,2,Cloudy,Wet,Daylight
2022-09-16T08:09:00.000,I 75,I 75 and Charles W Grant Pkwy,,Sideswipe-Same Direction,2,Clear,Dry,Daylight
2023-10-13T21:43:00.000,I 75,I 75 and Charles W Grant Pkwy,,Rear End,2,Rain,Wet,Dark-Lighted
2024-09-04T03:42:00.000,I 75,I 75 and Charles W Grant Pkwy,,Sideswipe-Same Direction,2,Clear,Dry,Dark-Not Lighted
2024-12-02T06:04:00.000,I 75,I 75 and Charles W Grant Pkwy,,Sideswipe-Same Direction,2,Clear,Dry,Dawn
2024-10-20T00:00:00.000,I 75,I 75 and Charles W Grant Pkwy,,Rear End,2,Clear,Dry,Daylight
2024-12-25T23:49:00.000,I 75,I 75 and Charles W Grant Pkwy,,Rear End,3,Clear,Dry,Dark-Lighted
2024-01-12T15:14:00.000,I 75,I 75 and Charles W Grant Pkwy,,Rear End,2,Rain,Wet,Daylight
2024-10-29T17:30:00.000,I 75,I 75 and Charles W Grant Pkwy,,Rear End,2,Clear,Dry,Daylight
2024-04-18T21:00:00.000,I 75,I 75 and Charles W Grant Pkwy,,Sideswipe-Opposite Direction,2,Clear,Dry,Dark-Not Lighted
2024-01-31T00:00:00.000,I 75,I 75 and Charles W Grant Pkwy,,Sideswipe-Same Direction,2,Clear,Dry,Daylight
2024-09-14T20:58:00.000,I 75,I 75 and Charles W Grant Pkwy,,Sideswipe-Same Direction,2,Rain,Wet,Dark-Not Lighted
2024-04-08T18:02:00.000,I 75,I 75 and Charles W Grant Pkwy,,Angle Crash,2,Clear,Dry,Daylight
2024-07-30T12:20:00.000,I 75,I 75 and Charles W Grant Pkwy,,Sideswipe-Same Direction,2,Clear,Dry,Daylight
2024-07-01T14:40:00.000,I 75,I 75 and Charles W Grant Pkwy,,Rear End,2,Clear,Dry,Daylight
2024-04-27T17:02:00.000,I 75,I 75 and Charles W Grant Pkwy,,Rear End,2,Cloudy,Dry,Dark-Not Lighted
2024-12-10T16:15:00.000,I 75,I 75 and Charles W Grant Pkwy,,Not a Collision with Motor Vehicle,1,Rain,Wet,Daylight
2023-09-17T00:20:00.000,I 75,I 75 and Charles W Grant Pkwy,,Not a Collision with Motor Vehicle,1,Clear,Dry,Dark-Not Lighted
2023-09-28T08:17:00.000,I 75,I 75 and Charles W Grant Pkwy,,Sideswipe-Same Direction,2,Clear,Dry,Daylight
2023-10-07T00:10:00.000,I 75,I 75 and Charles W Grant Pkwy,,Angle Crash,2,Clear,Dry,Dark-Lighted
2023-04-02T04:41:00.000,I 75,I 75 and Charles W Grant Pkwy,,Rear End,3,Clear,Dry,Dark-Not Lighted
2023-03-08T07:55:00.000,I 75,I 75 and Charles W Grant Pkwy,,Sideswipe-Same Direction,2,Clear,Dry,Daylight
2023-12-17T19:32:00.000,I 75,I 75 and Charles W Grant Pkwy,,Sideswipe-Same Direction,2,Clear,Dry,Dark-Lighted
2023-07-12T10:15:00.000,I 75,I 75 and Charles W Grant Pkwy,,Sideswipe-Same Direction,2,Clear,Dry,Daylight
2023-08-18T21:14:00.000,I 75,I 75 and Charles W Grant Pkwy,,Sideswipe-Same Direction,2,Clear,Dry,Dark-Not Lighted
2023-11-21T00:00:00.000,I 75,I 75 and Charles W Grant Pkwy,,Angle Crash,2,Clear,Wet,Dark-Not Lighted
2023-04-16T20:34:00.000,I 75,I 75 and Charles W Grant Pkwy,,Sideswipe-Same Direction,2,Clear,Dry,Dark-Not Lighted
2023-02-05T18:15:00.000,I 75,I 75 and Charles W Grant Pkwy,,Rear End,4,Clear,Dry,Dark-Not Lighted
2023-03-29T07:29:00.000,I 75,I 75 and Charles W Grant Pkwy,,Rear End,2,Clear,Dry,Dark-Lighted
2023-12-25T18:20:00.000,I 75,I 75 and Charles W Grant Pkwy,,Not a Collision with Motor Vehicle,1,Rain,Water (standing or moving),Dark-Lighted
2023-03-15T00:15:00.000,I 75,I 75 and Charles W Grant Pkwy,,Rear End,2,Clear,Dry,Dark-Not Lighted
2024-03-10T15:39:00.000,I 75,I 75 and Charles W Grant Pkwy,,Sideswipe-Same Direction,2,Clear,Dry,Daylight
2024-06-29T21:10:00.000,I 75,I 75 and Charles W Grant Pkwy,,Sideswipe-Same Direction,2,Clear,Dry,Dark-Lighted
2024-01-04T16:52:00.000,I 75,I 75 and Charles W Grant Pkwy,,Rear End,2,Clear,Dry,Daylight
2024-10-28T17:23:00.000,I 75,I 75 and Charles W Grant Pkwy,,Rear End,2,Clear,Dry,Daylight
2024-12-24T12:55:00.000,I 75,I 75 and Charles W Grant Pkwy,,Angle Crash,3,Clear,Dry,Daylight
2024-09-27T00:25:00.000,I 75,I 75 and Charles W Grant Pkwy,,Not a Collision with Motor Vehicle,1,Rain,Wet,Dark-Lighted
2024-03-19T17:36:00.000,I 75,I 75 and Charles W Grant Pkwy,,Not a Collision with Motor Vehicle,1,Clear,Dry,Daylight
2024-11-19T06:30:00.000,I 75,I 75 and Charles W Grant Pkwy,,Rear End,2,Rain,Wet,Dark-Lighted
2024-03-05T17:37:00.000,I 75,I 75 and Charles W Grant Pkwy,,Sideswipe-Same Direction,2,Rain,Wet,Daylight
2024-10-24T17:49:00.000,I 75,I 75 and Charles W Grant Pkwy,,Sideswipe-Same Direction,2,Clear,Dry,Daylight
2024-03-15T20:37:00.000,I 75,I 75 and Charles W Grant Pkwy,,Rear End,2,Clear,Dry,Daylight
2024-10-29T15:24:00.000,I 75,I 75 and Charles W Grant Pkwy,,Rear End,2,Clear,Dry,Daylight
2024-12-07T11:13:00.000,I 75,I 75 and Charles W Grant Pkwy,,Not a Collision with Motor Vehicle,2,Clear,Dry,Daylight
2024-10-22T22:41:00.000,I 75,I 75 and Charles W Grant Pkwy,,Sideswipe-Same Direction,2,Clear,Dry,Dark-Not Lighted
2024-05-07T14:50:00.000,I 75,I 75 and Charles W Grant Pkwy,,Sideswipe-Same Direction,2,Clear,Dry,Daylight
2024-12-10T13:14:00.000,I 75,I 75 and Charles W Grant Pkwy,,Not a Collision with Motor Vehicle,1,Rain,Wet,Daylight
2024-10-22T10:44:00.000,I 75,I 75 and Charles W Grant Pkwy,,Sideswipe-Same Direction,2,Clear,Dry,Daylight
2024-03-07T11:10:00.000,I 75,I 75 and Charles W Grant Pkwy,,Sideswipe-Same Direction,2,Clear,Dry,Daylight
2024-06-03T22:31:00.000,I 75,I 75 and Charles W Grant Pkwy,,Angle Crash,2,Clear,Dry,Dark-Not Lighted
2024-12-11T04:21:00.000,I 75,I 75 and Charles W Grant Pkwy,,Sideswipe-Same Direction,2,Rain,Wet,Dark-Not Lighted
2024-07-21T15:05:00.000,I 75,I 75 and Charles W Grant Pkwy,,Rear End,2,Clear,Dry,Daylight
2024-05-07T12:20:00.000,I 75,I 75 and Charles W Grant Pkwy,,Angle Crash,2,Cloudy,Dry,Daylight
2024-04-29T14:19:00.000,I 75,I 75 and Charles W Grant Pkwy,,Rear End,3,Clear,Dry,Daylight
2024-05-14T18:37:00.000,I 75,I 75 and Charles W Grant Pkwy,,Sideswipe-Same Direction,5,Clear,Dry,Daylight
2024-02-03T20:00:00.000,I 75,I 75 and Charles W Grant Pkwy,,Angle Crash,2,Clear,Dry,Dark-Lighted
2024-09-13T21:40:00.000,I 75,I 75 and Charles W Grant Pkwy,,Angle Crash,2,Clear,Dry,Dark-Lighted
2024-03-02T23:20:00.000,I 75,I 75 and Charles W Grant Pkwy,,Sideswipe-Same Direction,2,Clear,Dry,Dark-Not Lighted
2024-11-26T17:23:00.000,I 75,I 75 and Charles W Grant Pkwy,,Rear End,2,Clear,Dry,Daylight
2024-03-04T17:28:00.000,I 75,I 75 and Charles W Grant Pkwy,,Rear End,2,Clear,Dry,Daylight
2024-04-09T22:58:00.000,I 75,I 75 and Charles W Grant Pkwy,,Angle Crash,2,Clear,Wet,Dark-Not Lighted
2021-09-14T19:50:00.000,I 75,I 75 and Charles W Grant,,Sideswipe-Same Direction,3,Clear,Dry,Dark-Lighted
2021-07-29T15:25:00.000,I 75,I 75 and Charles W Grant,,Rear End,2,Clear,Dry,Daylight
2023-06-05T16:50:00.000,I 75,I 75 and Charles W Grant,,Rear End,3,Clear,Dry,Daylight
2023-04-18T23:23:00.000,I 75,I 75 and Charles W Grant,,Sideswipe-Same Direction,2,Clear,Dry,Dark-Not Lighted
2023-10-26T18:25:00.000,I 75,I 75 and Charles W Grant,,Angle Crash,2,Clear,Dry,Daylight
2020-06-06T12:08:00.000,I 75,I 75 and Charles W Grant,,Angle Crash,2,Clear,Dry,Daylight
2020-11-25T19:05:00.000,I 75,I 75 and Charles W Grant,,Sideswipe-Same Direction,2,Rain,Wet,Daylight
2020-07-18T01:22:00.000,I 75,I 75 and Charles W Grant,,Not a Collision with Motor Vehicle,1,Clear,Dry,Dark-Not Lighted
2022-11-10T18:46:00.000,I 75,I 75 and Charles W Grant,,Sideswipe-Same Direction,2,Clear,Dry,Dark-Not Lighted
2022-07-06T16:16:00.000,I 75,I 75 and Charles W Grant,,Sideswipe-Same Direction,2,Clear,Dry,Daylight
2022-06-29T09:00:00.000,I 75,I 75 and Charles W Grant,,Rear End,2,Rain,Wet,Daylight
2022-05-01T16:28:00.000,I 75,I 75 and Charles W Grant,,Sideswipe-Same Direction,2,Clear,Dry,Daylight
2022-12-31T06:43:00.000,I 75,I 75 and Charles W Grant,,Rear End,2,Cloudy,Dry,Dawn
2022-01-15T06:50:00.000,I 75,I 75 and Charles W Grant,,Sideswipe-Same Direction,2,Clear,Dry,Dark-Not Lighted
2022-03-08T17:30:00.000,I 75,I 75 and Charles W Grant,,Sideswipe-Same Direction,2,Rain,Wet,Daylight
2022-07-29T17:10:00.000,I 75,I 75 and Charles W Grant,,Rear End,3,Clear,Dry,Daylight
2022-08-18T18:00:00.000,I 75,I 75 and Charles W Grant,,Rear End,2,Clear,Dry,Daylight
2022-05-31T15:33:00.000,I 75,I 75 and Charles W Grant,,Rear End,2,Clear,Dry,Daylight
2022-03-08T15:12:00.000,I 75,I 75 and Charles W Grant,,Rear End,2,Rain,Wet,Daylight
2023-12-26T18:00:00.000,I 75,I 75 and Charles W Grant,,Rear End,2,Cloudy,Wet,Dark-Not Lighted
2023-10-04T18:21:00.000,I 75,I 75 and Charles W Grant,,Rear End,2,Cloudy,Dry,Daylight
2024-04-09T21:57:00.000,I 75,I 75 and Charles W Grant,,Angle Crash,2,Clear,Wet,Dark-Lighted
2024-05-28T05:31:00.000,I 75,I 75 and Charles W Grant,,Sideswipe-Same Direction,2,Clear,Dry,Dark-Lighted
2024-05-07T03:41:00.000,I 75,I 75 and Charles W Grant,,Angle Crash,2,Clear,Dry,Dark-Lighted
2024-09-12T17:15:00.000,I 75,I 75 and Charles W Grant,,Rear End,2,Clear,Dry,Daylight
2024-08-28T16:17:00.000,I 75,I 75 and Charles W Grant,,Angle Crash,2,Clear,Dry,Daylight
2024-07-31T14:52:00.000,I 75,I 75 and Charles W Grant,,Rear End,2,Cloudy,Dry,Daylight
2022-05-06T17:30:00.000,I 75,I 75 and Charles W G,,Rear End,2,Clear,Dry,Daylight
2021-08-11T05:50:00.000,I 75,I 75 and Charles Grant,,Rear End,3,Clear,Dry,Dark-Not Lighted
2020-09-21T10:30:00.000,I 75,I 75 and Chanstain Rd,,Sideswipe-Same Direction,2,Clear,Dry,Daylight
2023-02-02T14:17:00.000,I 75,I 75 and Central Drive Opas,,Rear End,4,Rain,Wet,Daylight
2023-09-12T17:20:00.000,I 75,I 75 and Central Avenue Opas,,Sideswipe-Same Direction,2,Cloudy,Dry,Daylight
2022-07-19T10:25:00.000,I 75,I 75 and Central Avenue Opas,,Rear End,2,Cloudy,Wet,Daylight
2022-09-19T11:10:00.000,I 75,I 75 and Central Avenue Opas,,Sideswipe-Same Direction,2,Clear,Dry,Daylight
2022-07-05T14:00:00.000,I 75,I 75 and Central Avenue Opas,,Rear End,2,Cloudy,Dry,Daylight
2023-09-26T08:11:00.000,I 75,I 75 and Central Avenue Opas,,Rear End,2,Clear,Dry,Daylight
2024-07-05T16:20:00.000,I 75,I 75 and Central Avenue Opas,,Rear End,2,Rain,Wet,Daylight
2022-11-08T11:01:00.000,I 75,I 75 and Central Avenue On Rp,,Rear End,2,Clear,Dry,Daylight
2020-06-26T08:47:00.000,I 75,I 75 and Central Avenue On Rp,,Not a Collision with Motor Vehicle,2,Clear,Dry,Daylight
2021-10-25T19:32:00.000,I 75,I 75 and Central Avenue On Rp,,Angle Crash,2,Clear,Dry,Dark-Not Lighted
2021-10-15T13:16:00.000,I 75,I 75 and Central Avenue On Rp,,Angle Crash,2,Clear,Dry,Daylight
2021-08-11T16:14:00.000,I 75,I 75 and Central Avenue On Rp,,Not a Collision with Motor Vehicle,2,Clear,Dry,Daylight
2021-12-02T08:43:00.000,I 75,I 75 and Central Avenue On Rp,,Rear End,2,Clear,Dry,Daylight
2020-02-17T16:15:00.000,I 75,I 75 and Central Avenue Off Rp,,Angle Crash,2,Cloudy,Dry,Daylight
2024-04-30T12:18:00.000,I 75,I 75 and Central Avenue Exit Rp,,Not a Collision with Motor Vehicle,1,Rain,Wet,Daylight
2022-09-16T14:18:00.000,I 75,I 75 and Central Ave.,,Rear End,2,Clear,Dry,Daylight
2022-08-19T17:47:00.000,I 75,I 75 and Central Ave.,,Rear End,3,Clear,Wet,Daylight
2020-12-24T02:45:00.000,I 75,I 75 and Central Ave Rp,,Not a Collision with Motor Vehicle,1,Rain,Wet,Dark-Not Lighted
2021-02-12T16:36:00.000,I 75,I 75 and Central Ave Opas,,Sideswipe-Same Direction,2,Cloudy,Dry,Daylight
2023-06-02T18:00:00.000,I 75,I 75 and Central Ave Opas,,Rear End,3,Clear,Dry,Daylight
2022-11-04T07:33:00.000,I 75,I 75 and Central Ave Opas,,Angle Crash,3,Clear,Dry,Daylight
2020-12-02T08:24:00.000,I 75,I 75 and Central Ave Exit 239,,Rear End,2,Clear,Dry,Daylight
2021-01-11T11:18:00.000,I 75,I 75 and Central Ave,,Angle Crash,2,Clear,Dry,Daylight
2021-11-22T18:40:00.000,I 75,I 75 and Central Ave,,Rear End,2,Clear,Dry,Dark-Not Lighted
2021-07-07T12:10:00.000,I 75,I 75 and Central Ave,,Not a Collision with Motor Vehicle,1,Rain,Wet,Daylight
2021-06-22T10:34:00.000,I 75,I 75 and Central Ave,,Sideswipe-Opposite Direction,2,Cloudy,Wet,Daylight
2021-01-01T18:30:00.000,I 75,I 75 and Central Ave,,Not a Collision with Motor Vehicle,1,Rain,Wet,Dark-Not Lighted
2021-05-04T21:20:00.000,I 75,I 75 and Central Ave,,Not a Collision with Motor Vehicle,1,Rain,Wet,Dark-Not Lighted
2021-04-25T17:18:00.000,I 75,I 75 and Central Ave,,Sideswipe-Same Direction,2,Clear,Dry,Daylight
2021-01-01T23:37:00.000,I 75,I 75 and Central Ave,,Sideswipe-Same Direction,2,Rain,Wet,Dark-Not Lighted
2021-10-28T07:23:00.000,I 75,I 75 and Central Ave,,Not a Collision with Motor Vehicle,1,Rain,Wet,Dark-Lighted
2021-11-01T17:45:00.000,I 75,I 75 and Central Ave,,Sideswipe-Same Direction,2,Cloudy,Dry,Daylight
2021-06-30T11:20:00.000,I 75,I 75 and Central Ave,,Angle Crash,2,Cloudy,Dry,Daylight
2021-08-06T13:30:00.000,I 75,I 75 and Central Ave,,Angle Crash,2,Clear,Dry,Daylight
2021-01-28T14:34:00.000,I 75,I 75 and Central Ave,,Angle Crash,2,Clear,Dry,Daylight
2021-06-15T17:10:00.000,I 75,I 75 and Central Ave,,Rear End,2,Clear,Dry,Daylight
2020-01-22T16:59:00.000,I 75,I 75 and Central Ave,,Sideswipe-Same Direction,2,Clear,Dry,Daylight
2020-05-07T14:17:00.000,I 75,I 75 and Central Ave,,Sideswipe-Same Direction,2,Clear,Dry,Daylight
2020-09-24T17:02:00.000,I 75,I 75 and Central Ave,,Sideswipe-Same Direction,2,Rain,Wet,Daylight
2023-08-07T17:14:00.000,I 75,I 75 and Central Ave,,Angle Crash,2,Cloudy,Wet,Daylight
2023-01-25T12:40:00.000,I 75,I 75 and Central Ave,,Not a Collision with Motor Vehicle,1,Rain,Wet,Daylight
2023-09-07T15:00:00.000,I 75,I 75 and Central Ave,,Sideswipe-Same Direction,2,Clear,Dry,Daylight
2023-12-21T17:56:00.000,I 75,I 75 and Central Ave,,Not a Collision with Motor Vehicle,2,Clear,Dry,Daylight
2023-08-08T19:25:00.000,I 75,I 75 and Central Ave,,Not a Collision with Motor Vehicle,1,Cloudy,Dry,Daylight
2023-04-03T14:47:00.000,I 75,I 75 and Central Ave,,Sideswipe-Same Direction,2,Rain,Wet,Daylight
2023-05-09T16:10:00.000,I 75,I 75 and Central Ave,,Rear End,2,Cloudy,Dry,Daylight
2023-07-18T15:32:00.000,I 75,I 75 and Central Ave,,Angle Crash,2,Cloudy,Dry,Daylight
2023-08-20T17:20:00.000,I 75,I 75 and Central Ave,,Not a Collision with Motor Vehicle,1,Cloudy,Wet,Daylight
2023-07-20T17:50:00.000,I 75,I 75 and Central Ave,,Rear End,2,Cloudy,Dry,Daylight
2023-07-06T12:20:00.000,I 75,I 75 and Central Ave,,Sideswipe-Same Direction,2,Clear,Dry,Daylight
2023-11-09T18:10:00.000,I 75,I 75 and Central Ave,,Rear End,2,Clear,Dry,Dark-Lighted
2023-12-10T20:01:00.000,I 75,I 75 and Central Ave,,Angle Crash,2,Rain,Wet,Dark-Not Lighted
2022-10-04T17:11:00.000,I 75,I 75 and Central Ave,,Rear End,3,Clear,Dry,Daylight
2020-09-28T11:25:00.000,I 75,I 75 and Central Ave,,Angle Crash,2,Cloudy,Dry,Daylight
2020-04-27T13:14:00.000,I 75,I 75 and Central Ave,,Rear End,2,Clear,Dry,Daylight
2020-05-11T12:08:00.000,I 75,I 75 and Central Ave,,Sideswipe-Same Direction,2,Clear,Dry,Daylight
2020-09-29T19:00:00.000,I 75,I 75 and Central Ave,,Sideswipe-Same Direction,2,Clear,Dry,Daylight
2020-01-06T11:38:00.000,I 75,I 75 and Central Ave,,Not a Collision with Motor Vehicle,2,Clear,Dry,Daylight
2020-05-27T14:06:00.000,I 75,I 75 and Central Ave,,Not a Collision with Motor Vehicle,1,Rain,Wet,Daylight
2020-05-01T17:34:00.000,I 75,I 75 and Central Ave,,Rear End,2,Clear,Dry,Daylight
2020-11-13T14:01:00.000,I 75,I 75 and Central Ave,,Not a Collision with Motor Vehicle,1,Clear,Dry,Daylight
2020-01-14T06:59:00.000,I 75,I 75 and Central Ave,,Sideswipe-Same Direction,2,Clear,Wet,Dark-Lighted
2020-01-09T15:16:00.000,I 75,I 75 and Central Ave,,Not a Collision with Motor Vehicle,1,Clear,Dry,Daylight
2020-01-02T16:41:00.000,I 75,I 75 and Central Ave,,Sideswipe-Same Direction,2,Clear,Dry,Daylight