Date and Time,Roadway (From Crash Report),Intersection Name (from Crash Report),KABCO Severity,Manner of Collision (Crash Level) ,# of Vehicles per crash ,Weather Conditions (Crash Level),Surface Condition (Crash Level) ,Light Conditions (Crash Level)
2020-04-18T04:53:00.000,I 75,I 75 and Central Ave,,Sideswipe-Same Direction,2,Rain,Wet,Dark-Lighted
2020-09-14T11:00:00.000,I 75,I 75 and Central Ave,,Not a Collision with Motor Vehicle,1,Clear,Dry,Daylight
2020-04-23T09:27:00.000,I 75,I 75 and Central Ave,,Not a Collision with Motor Vehicle,1,Rain,Wet,Daylight
2020-02-11T07:03:00.000,I 75,I 75 and Central Ave,,Sideswipe-Same Direction,2,Cloudy,Wet,Daylight
2020-01-06T11:35:00.000,I 75,I 75 and Central Ave,,Not a Collision with Motor Vehicle,2,Clear,Dry,Daylight
2020-12-09T12:05:00.000,I 75,I 75 and Central Ave,,Sideswipe-Same Direction,2,Clear,Dry,Daylight
2020-04-23T20:10:00.000,I 75,I 75 and Central Ave,,Sideswipe-Same Direction,1,Rain,Wet,Dark-Not Lighted
2020-03-02T18:10:00.000,I 75,I 75 and Central Ave,,Sideswipe-Same Direction,2,Rain,Wet,Dark-Not Lighted
2020-09-16T18:30:00.000,I 75,I 75 and Central Ave,,Not a Collision with Motor Vehicle,1,Rain,Wet,Daylight
2020-12-22T11:09:00.000,I 75,I 75 and Central Ave,,Sideswipe-Same Direction,2,Clear,Dry,Daylight
2020-05-15T20:46:00.000,I 75,I 75 and Central Ave,,Rear End,2,Clear,Dry,Dark-Lighted
2020-01-14T06:53:00.000,I 75,I 75 and Central Ave,,Not a Collision with Motor Vehicle,1,Cloudy,Wet,Dark-Lighted
2020-01-02T18:50:00.000,I 75,I 75 and Central Ave,,Rear End,2,Rain,Wet,Dark-Lighted
2020-02-11T08:15:00.000,I 75,I 75 and Central Ave,,Rear End,2,Cloudy,Wet,Daylight
2020-07-27T09:43:00.000,I 75,I 75 and Central Ave,,Sideswipe-Same Direction,2,Clear,Dry,Daylight
2020-03-08T14:00:00.000,I 75,I 75 and Central Ave,,Not a Collision with Motor Vehicle,1,Clear,Dry,Daylight
2020-01-06T12:07:00.000,I 75,I 75 and Central Ave,,Sideswipe-Same Direction,2,Clear,Dry,Daylight
2020-04-20T08:39:00.000,I 75,I 75 and Central Ave,,Not a Collision with Motor Vehicle,1,Clear,Dry,Daylight
2020-04-18T04:53:00.000,I 75,I 75 and Central Ave,,Sideswipe-Same Direction,2,Rain,Wet,Dark-Lighted
2021-02-12T15:41:00.000,I 75,I 75 and Central Ave,,Rear End,2,Cloudy,Dry,Daylight
2021-05-20T12:37:00.000,I 75,I 75 and Central Ave,,Not a Collision with Motor Vehicle,2,Clear,Dry,Daylight
2021-01-26T11:49:00.000,I 75,I 75 and Central Ave,,Not a Collision with Motor Vehicle,2,Cloudy,Wet,Daylight
2021-05-03T17:23:00.000,I 75,I 75 and Central Ave,,Sideswipe-Same Direction,2,Rain,Wet,Daylight
2021-04-05T07:00:00.000,I 75,I 75 and Central Ave,,Sideswipe-Same Direction,2,Clear,Dry,Daylight
2021-07-26T13:20:00.000,I 75,I 75 and Central Ave,,Rear End,2,Clear,Dry,Daylight
2021-10-28T16:20:00.000,I 75,I 75 and Central Ave,,Not a Collision with Motor Vehicle,1,Clear,Wet,Daylight
2022-05-28T07:30:00.000,I 75,I 75 and Central Ave,,Angle Crash,2,Clear,Dry,Daylight
2022-08-05T05:35:00.000,I 75,I 75 and Central Ave,,Rear End,2,Cloudy,Wet,Dark-Lighted
2021-12-06T16:00:00.000,I 75,I 75 and Central Ave,,Rear End,2,Rain,Wet,Daylight
2022-02-24T17:00:00.000,I 75,I 75 and Central Ave,,Rear End,3,Cloudy,Dry,Daylight
2022-06-05T15:20:00.000,I 75,I 75 and Central Ave,,Not a Collision with Motor Vehicle,1,Clear,Dry,Daylight
2022-11-28T12:10:00.000,I 75,I 75 and Central Ave,,Sideswipe-Same Direction,2,Clear,Dry,Daylight
2022-12-20T16:22:00.000,I 75,I 75 and Central Ave,,Rear End,2,Cloudy,Wet,Dark-Not Lighted
2022-04-06T08:35:00.000,I 75,I 75 and Central Ave,,Sideswipe-Same Direction,2,Cloudy,Dry,Daylight
2022-01-28T13:16:00.000,I 75,I 75 and Central Ave,,Sideswipe-Same Direction,2,Cloudy,Dry,Daylight
2022-09-27T17:15:00.000,I 75,I 75 and Central Ave,,Rear End,2,Clear,Dry,Daylight
2022-01-20T10:53:00.000,I 75,I 75 and Central Ave,,Rear End,2,Rain,Wet,Daylight
2022-12-01T11:11:00.000,I 75,I 75 and Central Ave,,Sideswipe-Same Direction,2,Clear,Dry,Daylight
2022-03-07T12:29:00.000,I 75,I 75 and Central Ave,,Sideswipe-Same Direction,2,Rain,Dry,Daylight
2022-08-12T06:20:00.000,I 75,I 75 and Central Ave,,Not a Collision with Motor Vehicle,1,Cloudy,Wet,Dark-Lighted
2022-04-25T07:55:00.000,I 75,I 75 and Central Ave,,Angle Crash,2,Clear,Dry,Daylight
2022-01-29T19:00:00.000,I 75,I 75 and Central Ave,,Angle Crash,2,Clear,Dry,Dark-Lighted
2022-03-15T14:32:00.000,I 75,I 75 and Central Ave,,Rear End,2,Cloudy,Dry,Daylight
2022-08-12T06:25:00.000,I 75,I 75 and Central Ave,,Rear End,3,Cloudy,Wet,Dark-Lighted
2022-12-09T16:04:00.000,I 75,I 75 and Central Ave,,Sideswipe-Same Direction,2,Rain,Wet,Daylight
2022-12-20T18:45:00.000,I 75,I 75 and Central Ave,,Rear End,4,Cloudy,Wet,Dark-Not Lighted
2024-06-07T15:43:00.000,I 75,I 75 and Central Ave,,Sideswipe-Same Direction,2,Clear,Dry,Daylight
2024-02-05T16:30:00.000,I 75,I 75 and Central Ave,,Rear End,2,Clear,Dry,Daylight
2024-07-22T06:10:00.000,I 75,I 75 and Central Ave,,Sideswipe-Same Direction,3,Clear,Dry,Dark-Not Lighted
2024-09-03T11:32:00.000,I 75,I 75 and Central Ave,,Sideswipe-Same Direction,2,Clear,Dry,Daylight
2024-04-18T15:58:00.000,I 75,I 75 and Central Ave,,Sideswipe-Same Direction,2,Clear,Dry,Daylight
2024-06-23T16:35:00.000,I 75,I 75 and Central Ave,,Sideswipe-Same Direction,2,Cloudy,Dry,Daylight
2024-10-26T14:56:00.000,I 75,I 75 and Central Ave,,Sideswipe-Same Direction,2,Clear,Dry,Daylight
2024-06-04T16:55:00.000,I 75,I 75 and Central Ave,,Angle Crash,4,Clear,Dry,Daylight
2024-12-16T16:10:00.000,I 75,I 75 and Central Ave,,Rear End,3,Rain,Wet,Daylight
2023-12-11T13:47:00.000,I 75,I 75 and Central Ave,,Angle Crash,2,Clear,Dry,Daylight
2023-03-31T14:20:00.000,I 75,I 75 and Central Ave,,Angle Crash,2,Clear,Dry,Daylight
2023-11-27T19:13:00.000,I 75,I 75 and Central Ave,,Angle Crash,2,Clear,Dry,Dark-Not Lighted
2023-05-05T21:55:00.000,I 75,I 75 and Central Ave,,Not a Collision with Motor Vehicle,1,Cloudy,Dry,Dark-Not Lighted
2023-08-16T15:50:00.000,I 75,I 75 and Central Ave,,Sideswipe-Same Direction,2,Clear,Dry,Daylight
2024-03-22T11:42:00.000,I 75,I 75 and Central Ave,,Rear End,2,Rain,Wet,Daylight
2024-04-26T18:39:00.000,I 75,I 75 and Central Ave,,Sideswipe-Same Direction,2,Clear,Dry,Daylight
2024-10-22T17:18:00.000,I 75,I 75 and Central Ave,,Sideswipe-Same Direction,2,Clear,Dry,Daylight
2024-07-11T07:10:00.000,I 75,I 75 and Central Ave,,Sideswipe-Same Direction,2,Clear,Dry,Daylight
2024-06-20T18:10:00.000,I 75,I 75 and Central Ave,,Rear End,2,Clear,Dry,Daylight
2024-11-18T13:07:00.000,I 75,I 75 and Central Ave,,Sideswipe-Same Direction,2,Clear,Dry,Daylight
2024-04-27T01:59:00.000,I 75,I 75 and Central Ave,,Sideswipe-Same Direction,3,Clear,Dry,Dark-Lighted
2024-11-14T18:10:00.000,I 75,I 75 and Central Ave,,Rear End,2,Clear,Wet,Dark-Lighted
2024-08-15T06:38:00.000,I 75,I 75 and Central Ave,,Sideswipe-Same Direction,2,Clear,Dry,Dawn
2024-06-20T18:20:00.000,I 75,I 75 and Central Ave,,Not a Collision with Motor Vehicle,1,Clear,Dry,Daylight
2024-04-18T19:15:00.000,I 75,I 75 and Central Ave,,Rear End,2,Clear,Dry,Daylight
2024-03-25T13:28:00.000,I 75,I 75 and Central Ave,,Sideswipe-Same Direction,2,Clear,Dry,Daylight
2024-05-13T18:02:00.000,I 75,I 75 and Central Ave,,Not a Collision with Motor Vehicle,1,Rain,Wet,Daylight
2024-09-11T19:12:00.000,I 75,I 75 and Central Ave,,Not a Collision with Motor Vehicle,1,Rain,Wet,Dusk
2024-02-24T19:12:00.000,I 75,I 75 and Central Ave,,Angle Crash,3,Clear,Dry,Dark-Not Lighted
2024-09-24T18:00:00.000,I 75,I 75 and Central Ave,,Rear End,2,Clear,Dry,Daylight
2024-02-04T20:23:00.000,I 75,I 75 and Central Ave,,Not a Collision with Motor Vehicle,1,Rain,Wet,Dark-Not Lighted
2024-08-16T19:31:00.000,I 75,I 75 and Central Ave,,Not a Collision with Motor Vehicle,1,Clear,Dry,Daylight
2024-09-06T16:50:00.000,I 75,I 75 and Central Ave,,Not a Collision with Motor Vehicle,1,Rain,Wet,Daylight
2024-03-22T11:42:00.000,I 75,I 75 and Central Ave,,Not a Collision with Motor Vehicle,1,Rain,Wet,Daylight
2020-06-25T16:40:00.000,I 75,I 75 and Central,,Sideswipe-Same Direction,2,Clear,Dry,Daylight
2023-09-02T11:31:00.000,I 75,I 75 and Centeral Ave,,Not a Collision with Motor Vehicle,1,Cloudy,Dry,Daylight
2021-04-29T04:10:00.000,I 75,I 75 and Center Rd,,Not a Collision with Motor Vehicle,1,Clear,Dry,Dark-Not Lighted
2024-05-14T10:34:00.000,I 75,I 75 and Center Rd,,Sideswipe-Same Direction,2,Cloudy,Dry,Daylight
2021-01-26T15:45:00.000,I 75,I 75 and Cedar Creek Rd,,Sideswipe-Same Direction,2,Clear,Dry,Daylight
2024-08-25T10:07:00.000,I 75,I 75 and Cedar Creek Rd,,Sideswipe-Same Direction,2,Clear,Dry,Daylight
2024-09-01T04:00:00.000,I 75,I 75 and Cedar Creek Rd,,Not a Collision with Motor Vehicle,1,Clear,Dry,Dark-Not Lighted
2024-07-28T15:54:00.000,I 75,I 75 and Cedar Creek Rd,,Not a Collision with Motor Vehicle,1,Rain,Wet,Daylight
2024-08-21T19:31:00.000,I 75,I 75 and Cedar Creek Rd,,Sideswipe-Same Direction,2,Clear,Dry,Daylight
2024-07-29T16:08:00.000,I 75,I 75 and Cedar Creek Rd,,Sideswipe-Same Direction,2,Clear,Dry,Daylight
2024-07-28T16:05:00.000,I 75,I 75 and Cedar Creek Rd,,Not a Collision with Motor Vehicle,1,Rain,Wet,Daylight
2024-05-09T07:40:00.000,I 75,I 75 and Cedar Creek Rd,,Not a Collision with Motor Vehicle,1,Rain,Wet,Daylight
2024-02-10T22:08:00.000,I 75,I 75 and Cedar Creek Rd,,Not a Collision with Motor Vehicle,1,Clear,Wet,Dark-Not Lighted
2024-03-18T23:28:00.000,I 75,I 75 and Cedar Creek Rd,,Not a Collision with Motor Vehicle,1,Clear,Dry,Dark-Not Lighted
2024-03-05T07:49:00.000,I 75,I 75 and Cedar Creek Rd,,Sideswipe-Same Direction,2,Clear,Dry,Daylight
2024-04-20T16:10:00.000,I 75,I 75 and Cedar Creek Rd,,Rear End,2,Clear,Dry,Daylight
2024-06-17T15:04:00.000,I 75,I 75 and Cedar Creek Rd,,Rear End,2,Clear,Dry,Daylight
2023-10-30T09:18:00.000,I 75,I 75 and Cd Lanes To Sr166,,Angle Crash,2,Clear,Dry,Daylight
2020-01-27T08:37:00.000,I 75,I 75 and Cd Lanes To Clevland Ave,,Angle Crash,2,Cloudy,Dry,Daylight
2022-02-01T19:55:00.000,I 75,I 75 and Catoosa Whitfield County Line,,Not a Collision with Motor Vehicle,2,Clear,Dry,Dark-Not Lighted
2024-02-28T15:07:00.000,I 75,I 75 and Casswhite Rd,,Sideswipe-Same Direction,2,Rain,Wet,Daylight
2024-04-23T06:16:00.000,I 75,I 75 and Cassvlle-White Rd,,Angle Crash,2,Clear,Dry,Dark-Not Lighted
2024-11-19T11:33:00.000,I 75,I 75 and Cassvillw-White Exit 296,,Not a Collision with Motor Vehicle,1,Rain,Wet,Daylight
2024-11-19T10:38:00.000,I 75,I 75 and Cassville-White Road Exit 296,,Not a Collision with Motor Vehicle,1,Rain,Wet,Daylight
2024-03-20T13:42:00.000,I 75,I 75 and Cassville-White Road Exit 296,,Not a Collision with Motor Vehicle,1,Clear,Dry,Daylight
2024-03-13T19:25:00.000,I 75,I 75 and Cassville-White Road Exit 296,,Not a Collision with Motor Vehicle,1,Clear,Dry,Daylight
2024-05-18T13:20:00.000,I 75,I 75 and Cassville-White Road Exit 296,,Rear End,2,Cloudy,Dry,Daylight
2024-05-08T16:27:00.000,I 75,I 75 and Cassville-White Road Exit 296,,Not a Collision with Motor Vehicle,2,Cloudy,Dry,Daylight
2024-12-11T19:27:00.000,I 75,I 75 and Cassville-White Rd Mm296,,Sideswipe-Same Direction,2,Clear,Dry,Dark-Not Lighted
2024-12-01T18:10:00.000,I 75,I 75 and Cassville-White Rd Exit 296,,Sideswipe-Same Direction,2,Clear,Dry,Dark-Not Lighted
2023-02-23T07:48:00.000,I 75,I 75 and Cassville-White Rd,,Sideswipe-Same Direction,2,Cloudy,Dry,Daylight
2023-12-09T06:30:00.000,I 75,I 75 and Cassville-White Rd,,Not a Collision with Motor Vehicle,1,Rain,Wet,Dark-Not Lighted
2024-03-31T10:30:00.000,I 75,I 75 and Cassville-White Rd,,Rear End,2,Clear,Dry,Daylight
2023-12-01T07:00:00.000,I 75,I 75 and Cassville-White Exit 296,,Sideswipe-Same Direction,2,Rain,Wet,Daylight
2024-05-30T16:58:00.000,I 75,I 75 and Cassville-White Exit 296,,Sideswipe-Same Direction,2,Clear,Dry,Daylight
2021-11-25T04:20:00.000,I 75,I 75 and Cassville White Rd,,Not a Collision with Motor Vehicle,1,Clear,Dry,Daylight
2021-02-25T14:30:00.000,I 75,I 75 and Cassville White Rd,,Not a Collision with Motor Vehicle,1,Clear,Dry,Daylight
2021-12-29T11:47:00.000,I 75,I 75 and Cassville White Rd,,Rear End,2,Cloudy,Wet,Daylight
2021-12-18T22:15:00.000,I 75,I 75 and Cassville White Rd,,Rear End,2,Rain,Wet,Dark-Not Lighted
2023-03-15T02:38:00.000,I 75,I 75 and Cassville White Rd,,Not a Collision with Motor Vehicle,1,Clear,Dry,Dark-Not Lighted
2023-03-10T04:26:00.000,I 75,I 75 and Cassville White Rd,,Not a Collision with Motor Vehicle,1,Rain,Wet,Dark-Not Lighted
2023-03-06T19:02:00.000,I 75,I 75 and Cassville White Rd,,Rear End,2,Clear,Dry,Dark-Not Lighted
2023-04-16T04:41:00.000,I 75,I 75 and Cassville White Rd,,Not a Collision with Motor Vehicle,1,Cloudy,Wet,Dark-Not Lighted
2020-11-07T07:03:00.000,I 75,I 75 and Cassville White Rd,,Sideswipe-Same Direction,2,Clear,Dry,Daylight
2021-01-08T06:28:00.000,I 75,I 75 and Cassville White Rd,,Angle Crash,4,Rain,Wet,Dark-Not Lighted
2021-01-07T08:01:00.000,I 75,I 75 and Cassville White Rd,,Rear End,2,Clear,Dry,Daylight
2021-08-30T07:25:00.000,I 75,I 75 and Cassville White Rd,,Rear End,2,Cloudy,Dry,Dawn
2021-12-18T23:15:00.000,I 75,I 75 and Cassville White Rd,,Rear End,2,Rain,Wet,Dark-Not Lighted
2022-04-18T21:55:00.000,I 75,I 75 and Cassville White Rd,,Sideswipe-Same Direction,2,Clear,Dry,Dark-Not Lighted
2022-01-25T14:50:00.000,I 75,I 75 and Cassville White Rd,,Not a Collision with Motor Vehicle,2,Clear,Dry,Daylight
2022-06-14T05:35:00.000,I 75,I 75 and Cassville White Rd,,Sideswipe-Same Direction,2,Clear,Dry,Dawn
2022-08-27T08:15:00.000,I 75,I 75 and Cassville White Rd,,Rear End,2,Clear,Dry,Daylight
2022-06-04T18:20:00.000,I 75,I 75 and Cassville White Rd,,Angle Crash,2,Clear,Dry,Daylight
2023-05-09T22:25:00.000,I 75,I 75 and Cassville White Rd,,Rear End,2,Clear,Dry,Dark-Not Lighted
2024-11-24T13:35:00.000,I 75,I 75 and Cassville White Rd,,Sideswipe-Same Direction,2,Clear,Dry,Daylight
2024-11-13T01:50:00.000,I 75,I 75 and Cassville White Rd,,Sideswipe-Same Direction,2,Clear,Dry,Dark-Not Lighted
2024-09-11T22:30:00.000,I 75,I 75 and Cassville White Rd,,Sideswipe-Same Direction,2,Clear,Dry,Dark-Not Lighted
2024-06-22T08:32:00.000,I 75,I 75 and Cassville White Rd,,Not a Collision with Motor Vehicle,1,Clear,Dry,Daylight
2024-09-16T08:15:00.000,I 75,I 75 and Cassville White Rd,,Rear End,2,Clear,Dry,Daylight
2024-10-05T00:10:00.000,I 75,I 75 and Cassville White Rd,,Rear End,2,Clear,Dry,Dark-Not Lighted
2024-12-14T12:00:00.000,I 75,I 75 and Cassville White Rd,,Rear End,2,Clear,Dry,Daylight
2024-11-13T22:42:00.000,I 75,I 75 and Cassville White Rd,,Rear End,2,Rain,Wet,Dark-Not Lighted
2023-06-10T23:45:00.000,I 75,I 75 and Cassville White Rd,,Not a Collision with Motor Vehicle,1,Clear,Dry,Dark-Not Lighted
2024-12-06T19:45:00.000,I 75,I 75 and Cassville White Rd,,Sideswipe-Same Direction,3,Clear,Dry,Dark-Not Lighted
2024-06-17T14:40:00.000,I 75,I 75 and Cassville White Rd,,Not a Collision with Motor Vehicle,1,Clear,Dry,Daylight
2024-09-22T22:20:00.000,I 75,I 75 and Cassville White Rd,,Not a Collision with Motor Vehicle,1,Clear,Dry,Dark-Not Lighted
2024-06-25T09:20:00.000,I 75,I 75 and Cassville White Rd,,Sideswipe-Same Direction,2,Clear,Dry,Daylight
2024-02-20T04:35:00.000,I 75,I 75 and Cassville White Rd,,Not a Collision with Motor Vehicle,1,Clear,Dry,Dark-Not Lighted
2024-11-19T08:00:00.000,I 75,I 75 and Cassville White Rd,,Sideswipe-Same Direction,2,Rain,Wet,Dark-Not Lighted
2024-09-21T09:55:00.000,I 75,I 75 and Cassville White Rd,,Rear End,2,Clear,Dry,Daylight
2024-05-03T23:28:00.000,I 75,I 75 and Cassville White Rd,,Not a Collision with Motor Vehicle,1,Clear,Wet,Dark-Lighted
2024-06-14T18:00:00.000,I 75,I 75 and Cassville White Rd,,Sideswipe-Same Direction,2,Clear,Dry,Daylight
2024-10-07T18:51:00.000,I 75,I 75 and Cassville White Rd,,Rear End,2,Clear,Dry,Dusk
2024-09-24T02:10:00.000,I 75,I 75 and Cassville White Rd,,Sideswipe-Same Direction,2,Clear,Dry,Dark-Not Lighted
2024-08-30T19:45:00.000,I 75,I 75 and Cassville White Rd,,Rear End,2,Rain,Wet,Dusk
2024-02-12T13:06:00.000,I 75,I 75 and Cassville White Rd,,Not a Collision with Motor Vehicle,1,Rain,Wet,Daylight
2024-10-08T15:50:00.000,I 75,I 75 and Cassville White Rd,,Sideswipe-Same Direction,2,Clear,Dry,Daylight
2024-11-24T14:36:00.000,I 75,I 75 and Cassville White Rd,,Sideswipe-Same Direction,2,Clear,Dry,Daylight
2024-05-31T12:17:00.000,I 75,I 75 and Cassville White Rd,,Not a Collision with Motor Vehicle,1,Clear,Dry,Daylight
2024-08-14T17:38:00.000,I 75,I 75 and Cassville White Rd,,Sideswipe-Same Direction,2,Clear,Dry,Daylight
2024-03-20T15:16:00.000,I 75,I 75 and Cassville White Rd,,Sideswipe-Same Direction,2,Clear,Wet,Daylight
2024-10-16T15:39:00.000,I 75,I 75 and Cassville White Rd,,Sideswipe-Same Direction,2,Clear,Dry,Daylight
2024-10-26T19:09:00.000,I 75,I 75 and Cassville White Rd,,Rear End,2,Clear,Dry,Dark-Not Lighted
2024-11-29T13:36:00.000,I 75,I 75 and Cassville White Rd,,Sideswipe-Same Direction,2,Clear,Dry,Daylight
2024-04-15T13:36:00.000,I 75,I 75 and Cassville White Rd,,Rear End,2,Clear,Dry,Daylight
2024-01-30T20:44:00.000,I 75,I 75 and Cassville White Rd,,Not a Collision with Motor Vehicle,1,Cloudy,Dry,Dark-Not Lighted
2024-06-26T10:27:00.000,I 75,I 75 and Cassville White Rd,,Sideswipe-Same Direction,2,Clear,Dry,Daylight
2024-10-14T03:39:00.000,I 75,I 75 and Cassville White Rd,,Sideswipe-Same Direction,2,Clear,Dry,Dark-Not Lighted
2024-04-01T07:32:00.000,I 75,I 75 and Cassville White Rd,,Sideswipe-Same Direction,2,Cloudy,Dry,Daylight
2024-12-11T12:16:00.000,I 75,I 75 and Cassville White Rd,,Sideswipe-Same Direction,2,Clear,Wet,Daylight
2024-10-23T22:09:00.000,I 75,I 75 and Cassville White Rd,,Sideswipe-Same Direction,2,Clear,Dry,Dark-Not Lighted
2024-10-13T19:50:00.000,I 75,I 75 and Cassville White Rd,,Rear End,3,Clear,Dry,Dark-Not Lighted
2024-12-07T16:31:00.000,I 75,I 75 and Cassville White Rd,,Rear End,2,Clear,Dry,Daylight
2023-09-12T21:30:00.000,I 75,I 75 and Cassville Rd,,Sideswipe-Same Direction,1,Cloudy,Dry,Dark-Not Lighted
2024-05-06T12:38:00.000,I 75,I 75 and Cassvile White Rd,,Sideswipe-Same Direction,2,Clear,Dry,Daylight
2021-06-29T08:20:00.000,I 75,I 75 and Cass-White Rd,,Rear End,2,Cloudy,Dry,Daylight
2020-04-01T10:25:00.000,I 75,I 75 and Cass-White Rd,,Rear End,2,Clear,Dry,Daylight
2022-10-04T07:14:00.000,I 75,I 75 and Cass-White Rd,,Sideswipe-Same Direction,2,Clear,Dry,Dawn
2023-11-11T14:37:00.000,I 75,I 75 and Cass-White Rd,,Not a Collision with Motor Vehicle,1,Cloudy,Dry,Daylight
2021-09-15T10:41:00.000,I 75,I 75 and Cass White Rd,,Not a Collision with Motor Vehicle,1,Cloudy,Dry,Daylight
2020-02-01T06:35:00.000,I 75,I 75 and Cass White Rd,,Sideswipe-Same Direction,2,Cloudy,Wet,Dark-Not Lighted
2020-05-13T06:13:00.000,I 75,I 75 and Cass White Rd,,Rear End,2,Clear,Dry,Dawn
2023-11-21T14:44:00.000,I 75,I 75 and Cartersville Exit 288,,Sideswipe-Same Direction,3,Rain,Wet,Daylight
2021-02-06T18:45:00.000,I 75,I 75 and Carter Rd,,Not a Collision with Motor Vehicle,1,Clear,Wet,Dark-Not Lighted
2023-02-01T08:45:00.000,I 75,I 75 and Carter Rd,,Not a Collision with Motor Vehicle,1,Cloudy,Wet,Daylight
2022-07-22T17:37:00.000,I 75,I 75 and Carter Rd,,Angle Crash,2,Cloudy,Dry,Daylight
2022-06-05T20:15:00.000,I 75,I 75 and Carter Rd,,Not a Collision with Motor Vehicle,1,Clear,Dry,Dusk
2022-06-05T20:15:00.000,I 75,I 75 and Carter Rd,,Not a Collision with Motor Vehicle,1,Clear,Dry,Dusk
2024-04-16T13:41:00.000,I 75,I 75 and Carter Rd,,Sideswipe-Same Direction,2,Cloudy,Dry,Daylight
2024-03-08T07:10:00.000,I 75,I 75 and Carter Rd,,Not a Collision with Motor Vehicle,1,Clear,Dry,Daylight
2020-03-20T21:41:00.000,I 75,I 75 and Carbondale Road Opas,,Not a Collision with Motor Vehicle,1,Rain,Wet,Dark-Not Lighted
2021-10-19T07:47:00.000,I 75,I 75 and Carbondale Rd.,,Sideswipe-Same Direction,3,Clear,Dry,Daylight
2022-06-14T14:50:00.000,I 75,I 75 and Carbondale Rd.,,Not a Collision with Motor Vehicle,1,Cloudy,Dry,Daylight
2021-05-16T04:11:00.000,I 75,I 75 and Carbondale Rd,,Not a Collision with Motor Vehicle,1,Clear,Dry,Dark-Not Lighted
2021-04-11T23:46:00.000,I 75,I 75 and Carbondale Rd,,Rear End,2,Clear,Dry,Dark-Not Lighted
2021-07-07T11:21:00.000,I 75,I 75 and Carbondale Rd,,Not a Collision with Motor Vehicle,1,Rain,Wet,Daylight
2021-07-02T08:16:00.000,I 75,I 75 and Carbondale Rd,,Not a Collision with Motor Vehicle,1,Cloudy,Dry,Daylight
2020-08-31T22:26:00.000,I 75,I 75 and Carbondale Rd,,Rear End,2,Cloudy,Wet,Dark-Not Lighted
2020-04-14T07:08:00.000,I 75,I 75 and Carbondale Rd,,Rear End,2,Clear,Dry,Daylight
2020-03-23T14:50:00.000,I 75,I 75 and Carbondale Rd,,Not a Collision with Motor Vehicle,1,Rain,Wet,Daylight
2023-11-17T22:08:00.000,I 75,I 75 and Carbondale Rd,,Angle Crash,2,Clear,Wet,Dark-Not Lighted
2023-11-10T15:18:00.000,I 75,I 75 and Carbondale Rd,,Rear End,2,Cloudy,Wet,Daylight
2023-07-23T17:20:00.000,I 75,I 75 and Carbondale Rd,,Rear End,2,Clear,Dry,Daylight
2023-11-18T20:47:00.000,I 75,I 75 and Carbondale Rd,,Not a Collision with Motor Vehicle,1,Clear,Dry,Dark-Not Lighted
2023-07-24T10:16:00.000,I 75,I 75 and Carbondale Rd,,Rear End,2,Clear,Dry,Daylight
2020-06-16T16:51:00.000,I 75,I 75 and Carbondale Rd,,Sideswipe-Same Direction,2,Clear,Dry,Daylight
2020-03-07T17:15:00.000,I 75,I 75 and Carbondale Rd,,Sideswipe-Same Direction,2,Clear,Dry,Daylight
2020-07-05T17:55:00.000,I 75,I 75 and Carbondale Rd,,Not a Collision with Motor Vehicle,1,Clear,Dry,Daylight
2020-06-17T08:00:00.000,I 75,I 75 and Carbondale Rd,,Sideswipe-Same Direction,2,Cloudy,Dry,Daylight
2020-07-22T09:22:00.000,I 75,I 75 and Carbondale Rd,,Sideswipe-Same Direction,2,Clear,Dry,Daylight
2020-08-08T16:18:00.000,I 75,I 75 and Carbondale Rd,,Sideswipe-Same Direction,2,Clear,Dry,Daylight
2020-10-18T15:23:00.000,I 75,I 75 and Carbondale Rd,,Not a Collision with Motor Vehicle,1,Clear,Dry,Daylight
2020-07-14T17:40:00.000,I 75,I 75 and Carbondale Rd,,Not a Collision with Motor Vehicle,2,Clear,Dry,Daylight
2020-09-24T20:30:00.000,I 75,I 75 and Carbondale Rd,,Not a Collision with Motor Vehicle,1,Rain,Wet,Dark-Not Lighted