Date and Time,Roadway (From Crash Report),Intersection Name (from Crash Report),KABCO Severity,Manner of Collision (Crash Level) ,# of Vehicles per crash ,Weather Conditions (Crash Level),Surface Condition (Crash Level) ,Light Conditions (Crash Level)
2020-07-19T23:10:00.000,I 75,I 75 and Carbondale Rd,,Rear End,2,Clear,Dry,Dark-Not Lighted
2020-09-07T13:50:00.000,I 75,I 75 and Carbondale Rd,,Not a Collision with Motor Vehicle,2,Clear,Dry,Daylight
2020-07-09T01:05:00.000,I 75,I 75 and Carbondale Rd,,Not a Collision with Motor Vehicle,1,Cloudy,Dry,Dark-Not Lighted
2020-01-19T14:40:00.000,I 75,I 75 and Carbondale Rd,,Rear End,2,Clear,Dry,Daylight
2020-02-28T03:48:00.000,I 75,I 75 and Carbondale Rd,,Angle Crash,2,Cloudy,Dry,Dark-Not Lighted
2020-04-20T03:07:00.000,I 75,I 75 and Carbondale Rd,,Angle Crash,2,Rain,Wet,Dark-Not Lighted
2020-02-10T16:20:00.000,I 75,I 75 and Carbondale Rd,,Rear End,2,Cloudy,Wet,Daylight
2020-02-24T19:12:00.000,I 75,I 75 and Carbondale Rd,,Sideswipe-Same Direction,2,Rain,Wet,Dark-Not Lighted
2020-06-17T02:56:00.000,I 75,I 75 and Carbondale Rd,,Rear End,2,Cloudy,Dry,Dark-Not Lighted
2020-09-07T13:55:00.000,I 75,I 75 and Carbondale Rd,,Rear End,2,Clear,Dry,Daylight
2020-06-17T14:54:00.000,I 75,I 75 and Carbondale Rd,,Sideswipe-Same Direction,2,Cloudy,Dry,Daylight
2020-03-03T12:56:00.000,I 75,I 75 and Carbondale Rd,,Not a Collision with Motor Vehicle,1,Cloudy,Dry,Daylight
2020-08-28T16:40:00.000,I 75,I 75 and Carbondale Rd,,Rear End,2,Cloudy,Wet,Daylight
2020-08-12T12:29:00.000,I 75,I 75 and Carbondale Rd,,Sideswipe-Same Direction,2,Clear,Dry,Daylight
2020-03-17T19:00:00.000,I 75,I 75 and Carbondale Rd,,Not a Collision with Motor Vehicle,1,Clear,Dry,Daylight
2020-06-06T17:09:00.000,I 75,I 75 and Carbondale Rd,,Sideswipe-Same Direction,2,Clear,Dry,Daylight
2020-02-28T03:50:00.000,I 75,I 75 and Carbondale Rd,,Angle Crash,3,Cloudy,Dry,Dark-Not Lighted
2020-06-16T16:24:00.000,I 75,I 75 and Carbondale Rd,,Sideswipe-Same Direction,2,Clear,Dry,Daylight
2020-07-01T04:00:00.000,I 75,I 75 and Carbondale Rd,,Sideswipe-Same Direction,2,Cloudy,Wet,Dark-Not Lighted
2021-03-23T16:33:00.000,I 75,I 75 and Carbondale Rd,,Sideswipe-Same Direction,2,Rain,Wet,Daylight
2021-06-21T10:50:00.000,I 75,I 75 and Carbondale Rd,,Rear End,2,Clear,Dry,Daylight
2021-05-21T01:30:00.000,I 75,I 75 and Carbondale Rd,,Sideswipe-Same Direction,2,Clear,Dry,Dark-Not Lighted
2021-12-11T14:54:00.000,I 75,I 75 and Carbondale Rd,,Head On,2,Rain,Wet,Daylight
2021-10-24T10:15:00.000,I 75,I 75 and Carbondale Rd,,Sideswipe-Same Direction,2,Clear,Dry,Daylight
2022-06-16T21:23:00.000,I 75,I 75 and Carbondale Rd,,Rear End,3,Clear,Dry,Dark-Lighted
2022-07-02T18:42:00.000,I 75,I 75 and Carbondale Rd,,Sideswipe-Same Direction,2,Clear,Dry,Daylight
2022-03-04T17:10:00.000,I 75,I 75 and Carbondale Rd,,Sideswipe-Same Direction,2,Clear,Dry,Daylight
2022-02-08T19:33:00.000,I 75,I 75 and Carbondale Rd,,Sideswipe-Same Direction,2,Clear,Dry,Dark-Not Lighted
2022-05-24T17:30:00.000,I 75,I 75 and Carbondale Rd,,Sideswipe-Same Direction,2,Cloudy,Dry,Daylight
2024-10-10T11:05:00.000,I 75,I 75 and Carbondale Rd,,Rear End,2,Clear,Dry,Daylight
2024-11-05T11:52:00.000,I 75,I 75 and Carbondale Rd,,Sideswipe-Same Direction,2,Cloudy,Dry,Daylight
2024-05-01T07:55:00.000,I 75,I 75 and Carbondale Rd,,Rear End,2,Clear,Dry,Daylight
2024-05-20T13:35:00.000,I 75,I 75 and Carbondale Rd,,Sideswipe-Same Direction,2,Cloudy,Dry,Daylight
2023-08-13T20:38:00.000,I 75,I 75 and Carbondale Rd,,Rear End,2,Rain,Wet,Dark-Lighted
2024-01-06T02:37:00.000,I 75,I 75 and Carbondale Rd,,Not a Collision with Motor Vehicle,1,Rain,Wet,Dark-Not Lighted
2024-11-13T06:24:00.000,I 75,I 75 and Carbondale Rd,,Angle Crash,2,Clear,Dry,Dark-Not Lighted
2023-04-01T07:44:00.000,I 75,I 75 and Carbondale Rd,,Rear End,2,Cloudy,Wet,Daylight
2023-05-16T08:09:00.000,I 75,I 75 and Carbondale Rd,,Rear End,2,Clear,Dry,Daylight
2024-07-14T14:42:00.000,I 75,I 75 and Carbondale Rd,,Not a Collision with Motor Vehicle,1,Rain,Wet,Daylight
2024-06-29T20:35:00.000,I 75,I 75 and Carbondale Rd,,Sideswipe-Same Direction,2,Clear,Dry,Dark-Lighted
2024-03-26T13:52:00.000,I 75,I 75 and Carbondale Rd,,Not a Collision with Motor Vehicle,1,Rain,Wet,Daylight
2024-01-18T07:53:00.000,I 75,I 75 and Carbondale Rd,,Not a Collision with Motor Vehicle,1,Clear,Dry,Daylight
2024-11-05T12:54:00.000,I 75,I 75 and Carbondale Rd,,Not a Collision with Motor Vehicle,2,Clear,Dry,Daylight
2024-11-20T08:29:00.000,I 75,I 75 and Carbondale Rd,,Sideswipe-Same Direction,2,Cloudy,Wet,Daylight
2024-12-28T18:17:00.000,I 75,I 75 and Carbondale Rd,,Sideswipe-Same Direction,2,Cloudy,Wet,Dark-Not Lighted
2023-06-21T05:00:00.000,I 75,I 75 and Carbondale,,Not a Collision with Motor Vehicle,1,Cloudy,Wet,Dark-Not Lighted
2021-10-25T15:30:00.000,I 75,I 75 and Captiol Avenue Opas,,Sideswipe-Same Direction,2,Clear,Dry,Daylight
2022-05-24T07:40:00.000,I 75,I 75 and Captiol Avenue Opas,,Sideswipe-Same Direction,2,Clear,Dry,Daylight
2022-09-26T15:50:00.000,I 75,I 75 and Captiol Avenue Opas,,Sideswipe-Same Direction,2,Clear,Dry,Daylight
2022-04-01T14:30:00.000,I 75,I 75 and Captiol  Avenue Opas,,Sideswipe-Same Direction,2,Clear,Dry,Daylight
2022-07-26T09:20:00.000,I 75,I 75 and Captiol  Avenue Opas,,Rear End,2,Clear,Dry,Daylight
2021-11-04T08:31:00.000,I 75,I 75 and Capitol Avenue Opas,,Rear End,2,Rain,Wet,Daylight
2022-08-26T12:12:00.000,I 75,I 75 and Capitol Avenue Opas,,Angle Crash,2,Clear,Dry,Daylight
2022-08-15T08:40:00.000,I 75,I 75 and Capitol Avenue Opas,,Rear End,2,Clear,Dry,Daylight
2022-06-07T08:16:00.000,I 75,I 75 and Capitol Avenue Opas,,Rear End,2,Clear,Dry,Daylight
2022-12-26T12:18:00.000,I 75,I 75 and Capitol Avenue Opas,,Rear End,2,Clear,Dry,Daylight
2022-03-21T09:56:00.000,I 75,I 75 and Capitol Avenue Opas,,Sideswipe-Same Direction,2,Clear,Dry,Daylight
2023-02-24T12:00:00.000,I 75,I 75 and Capitol Avenue Opas,,Sideswipe-Same Direction,2,Clear,Dry,Daylight
2023-10-13T17:08:00.000,I 75,I 75 and Capitol Avenue Mm 245,,Rear End,2,Rain,Wet,Daylight
2023-10-16T14:55:00.000,I 75,I 75 and Capitol Avenue Mm 245,,Sideswipe-Same Direction,2,Cloudy,Dry,Daylight
2023-10-13T15:49:00.000,I 75,I 75 and Capitol Avenue Mm 245,,Rear End,2,Rain,Wet,Daylight
2023-07-21T05:45:00.000,I 75,I 75 and Capitol Ave Opas,,Rear End,2,Clear,Dry,Dark-Lighted
2023-03-06T17:52:00.000,I 75,I 75 and Capitol Ave Opas,,Sideswipe-Same Direction,2,Clear,Dry,Daylight
2021-10-13T11:37:00.000,I 75,I 75 and Capitol Ave Opas,,Rear End,3,Clear,Dry,Daylight
2023-07-04T16:36:00.000,I 75,I 75 and Capitol Ave Opas,,Angle Crash,2,Clear,Dry,Daylight
2023-07-04T18:15:00.000,I 75,I 75 and Capitol Ave Opas,,Sideswipe-Same Direction,2,Cloudy,Dry,Daylight
2024-04-19T09:30:00.000,I 75,I 75 and Capitol Ave Opas,,Sideswipe-Same Direction,2,Clear,Dry,Daylight
2024-04-19T10:28:00.000,I 75,I 75 and Capitol Ave Memorial Drive Ove,,Rear End,3,Clear,Dry,Daylight
2021-09-29T19:24:00.000,I 75,I 75 and Capitol Ave,,Rear End,2,Clear,Dry,Daylight
2021-10-25T16:24:00.000,I 75,I 75 and Capitol Ave,,Sideswipe-Same Direction,2,Clear,Dry,Daylight
2021-10-05T18:10:00.000,I 75,I 75 and Capitol Ave,,Rear End,2,Cloudy,Wet,Daylight
2021-11-09T19:35:00.000,I 75,I 75 and Capitol Ave,,Rear End,2,Clear,Dry,Dark-Lighted
2021-10-19T06:34:00.000,I 75,I 75 and Capitol Ave,,Sideswipe-Same Direction,2,Clear,Dry,Dawn
2021-10-29T16:30:00.000,I 75,I 75 and Capitol Ave,,Sideswipe-Same Direction,2,Rain,Wet,Daylight
2021-10-12T08:56:00.000,I 75,I 75 and Capitol Ave,,Sideswipe-Same Direction,2,Clear,Dry,Daylight
2023-02-13T16:07:00.000,I 75,I 75 and Capitol Ave,,Rear End,2,Clear,Dry,Daylight
2023-04-03T17:32:00.000,I 75,I 75 and Capitol Ave,,Rear End,2,Cloudy,Dry,Daylight
2022-12-20T07:55:00.000,I 75,I 75 and Capitol Ave,,Rear End,2,Rain,Wet,Daylight
2021-12-06T13:36:00.000,I 75,I 75 and Capitol Ave,,Sideswipe-Same Direction,2,Rain,Wet,Daylight
2022-02-01T14:47:00.000,I 75,I 75 and Capitol Ave,,Rear End,2,Clear,Dry,Daylight
2022-06-03T14:14:00.000,I 75,I 75 and Capitol Ave,,Rear End,2,Clear,Dry,Daylight
2022-04-15T06:50:00.000,I 75,I 75 and Capitol Ave,,Sideswipe-Same Direction,2,Clear,Dry,Dawn
2022-04-28T13:02:00.000,I 75,I 75 and Capitol Ave,,Rear End,2,Clear,Dry,Daylight
2022-07-18T13:32:00.000,I 75,I 75 and Capitol Ave,,Rear End,2,Clear,Dry,Daylight
2022-10-02T17:45:00.000,I 75,I 75 and Capitol Ave,,Rear End,2,Clear,Dry,Daylight
2022-12-27T13:15:00.000,I 75,I 75 and Capitol Ave,,Rear End,2,Clear,Dry,Daylight
2022-07-18T14:13:00.000,I 75,I 75 and Capitol Ave,,Rear End,2,Clear,Dry,Daylight
2024-07-02T11:50:00.000,I 75,I 75 and Capitol Ave,,Rear End,2,Clear,Dry,Daylight
2024-05-20T08:00:00.000,I 75,I 75 and Capitol Ave,,Rear End,2,Clear,Dry,Daylight
2024-05-10T07:00:00.000,I 75,I 75 and Capitol Ave,,Sideswipe-Same Direction,2,Cloudy,Wet,Daylight
2023-09-05T10:54:00.000,I 75,I 75 and Capitol Ave,,Sideswipe-Same Direction,2,Clear,Dry,Daylight
2023-07-21T15:07:00.000,I 75,I 75 and Capitol Ave,,Rear End,2,Clear,Dry,Daylight
2024-06-14T16:25:00.000,I 75,I 75 and Capitol Ave,,Sideswipe-Same Direction,2,Clear,Dry,Daylight
2024-05-09T09:20:00.000,I 75,I 75 and Capitol Ave,,Rear End,2,Clear,Wet,Daylight
2024-01-18T08:28:00.000,I 75,I 75 and Capitol Ave,,Rear End,2,Clear,Dry,Daylight
2024-04-15T15:21:00.000,I 75,I 75 and Capitol Ave,,Sideswipe-Same Direction,2,Clear,Dry,Daylight
2024-07-23T07:06:00.000,I 75,I 75 and Capitol Ave,,Sideswipe-Same Direction,2,Clear,Dry,Daylight
2024-10-10T14:50:00.000,I 75,I 75 and Capitol Ave,,Sideswipe-Same Direction,2,Clear,Dry,Daylight
2024-08-20T07:05:00.000,I 75,I 75 and Capitol Ave,,Rear End,3,Clear,Dry,Daylight
2024-05-02T11:01:00.000,I 75,I 75 and Capitol Ave,,Rear End,2,Clear,Dry,Daylight
2024-12-09T18:25:00.000,I 75,I 75 and Capitol Ave,,Rear End,2,Rain,Wet,Dark-Not Lighted
2024-11-07T08:15:00.000,I 75,I 75 and Capitol Ave,,Rear End,2,Clear,Dry,Daylight
2024-07-29T13:49:00.000,I 75,I 75 and Capitol Ave,,Rear End,2,Rain,Wet,Daylight
2024-02-19T06:20:00.000,I 75,I 75 and Capitol Ave,,Rear End,2,Clear,Dry,Daylight
2024-03-11T12:52:00.000,I 75,I 75 and Capitol Ave,,Sideswipe-Same Direction,2,Clear,Dry,Daylight
2024-07-16T17:38:00.000,I 75,I 75 and Capitol Ave,,Rear End,2,Cloudy,Dry,Daylight
2022-08-22T15:57:00.000,I 75,I 75 and Capitol  Avenue Opas,,Sideswipe-Same Direction,2,Clear,Wet,Daylight
2022-08-12T08:04:00.000,I 75,I 75 and Capital Ave.,,Rear End,3,Clear,Dry,Daylight
2022-08-11T08:58:00.000,I 75,I 75 and Capital Ave.,,Rear End,2,Clear,Dry,Daylight
2022-12-06T14:40:00.000,I 75,I 75 and Capital Ave,,Rear End,2,Clear,Dry,Daylight
2024-07-26T18:19:00.000,I 75,I 75 and Capital Ave,,Rear End,2,Cloudy,Dry,Daylight
2024-02-19T06:20:00.000,I 75,I 75 and Capital Ave,,Rear End,2,Clear,Dry,Dawn
2024-12-31T14:53:00.000,I 75,I 75 and Capital Ave,,Sideswipe-Same Direction,3,Clear,Dry,Daylight
2024-04-30T16:48:00.000,I 75,I 75 and Capital Ave,,Rear End,3,Clear,Dry,Daylight
2024-07-15T07:11:00.000,I 75,I 75 and Capital Ave,,Sideswipe-Same Direction,3,Clear,Dry,Daylight
2024-07-08T07:10:00.000,I 75,I 75 and Capital Ave,,Rear End,2,Clear,Dry,Daylight
2022-12-12T07:04:00.000,I 75,I 75 and Capit0L Ave,,Rear End,2,Clear,Dry,Daylight
2024-09-28T16:56:00.000,I 75,I 75 and Caonton Rd Conn Ext 267,,Rear End,2,Cloudy,Dry,Daylight
2021-12-29T07:40:00.000,I 75,I 75 and Canton Road Opas,,Rear End,4,Rain,Wet,Daylight
2024-01-12T18:15:00.000,I 75,I 75 and Canton Road Northeast,,Rear End,2,Cloudy,Wet,Dark-Not Lighted
2021-01-01T06:48:00.000,I 75,I 75 and Canton Road Exit Rp,,Rear End,1,Rain,Wet,Dark-Not Lighted
2022-03-10T12:25:00.000,I 75,I 75 and Canton Road Entrance Rp,,Rear End,3,Clear,Dry,Daylight
2021-06-04T12:40:00.000,I 75,I 75 and Canton Road Connector Opas,,Rear End,2,Clear,Dry,Daylight
2024-01-18T16:35:00.000,I 75,I 75 and Canton Road Connector Northeas,,Rear End,2,Cloudy,Dry,Daylight
2024-09-25T14:00:00.000,I 75,I 75 and Canton Road Connector Entrance Rp,,Sideswipe-Same Direction,2,Rain,Wet,Daylight
2021-05-13T12:06:00.000,I 75,I 75 and Canton Road Connector,,Sideswipe-Same Direction,2,Cloudy,Dry,Daylight
2021-06-11T14:40:00.000,I 75,I 75 and Canton Road Connector,,Rear End,3,Cloudy,Dry,Daylight
2021-06-21T18:31:00.000,I 75,I 75 and Canton Road Connector,,Rear End,2,Rain,Wet,Daylight
2021-10-18T08:00:00.000,I 75,I 75 and Canton Road Connector,,Rear End,2,Clear,Dry,Daylight
2021-10-05T06:07:00.000,I 75,I 75 and Canton Road Connector,,Not a Collision with Motor Vehicle,1,Rain,Wet,Dark-Not Lighted
2021-03-19T17:25:00.000,I 75,I 75 and Canton Road Connector,,Rear End,3,Cloudy,Dry,Daylight
2023-03-03T07:22:00.000,I 75,I 75 and Canton Road Connector,,Rear End,2,Cloudy,Wet,Daylight
2023-10-03T10:45:00.000,I 75,I 75 and Canton Road Connector,,Rear End,2,Clear,Dry,Daylight
2023-10-20T11:30:00.000,I 75,I 75 and Canton Road Connector,,Rear End,2,Cloudy,Dry,Daylight
2023-09-18T10:00:00.000,I 75,I 75 and Canton Road Connector,,Sideswipe-Same Direction,2,Clear,Dry,Daylight
2023-01-03T15:45:00.000,I 75,I 75 and Canton Road Connector,,Not a Collision with Motor Vehicle,1,Rain,Wet,Daylight
2023-11-23T19:23:00.000,I 75,I 75 and Canton Road Connector,,Sideswipe-Same Direction,2,Clear,Dry,Dark-Not Lighted
2023-12-08T17:35:00.000,I 75,I 75 and Canton Road Connector,,Not a Collision with Motor Vehicle,2,Clear,Dry,Dusk
2023-02-10T08:00:00.000,I 75,I 75 and Canton Road Connector,,Not a Collision with Motor Vehicle,1,Clear,Dry,Daylight
2023-05-04T06:15:00.000,I 75,I 75 and Canton Road Connector,,Rear End,2,Clear,Dry,Dark-Not Lighted
2022-05-17T17:00:00.000,I 75,I 75 and Canton Road Connector,,Rear End,2,Clear,Dry,Daylight
2020-11-06T09:12:00.000,I 75,I 75 and Canton Road Connector,,Not a Collision with Motor Vehicle,1,Clear,Dry,Daylight
2020-05-04T04:05:00.000,I 75,I 75 and Canton Road Connector,,Not a Collision with Motor Vehicle,1,Clear,Dry,Dark-Not Lighted
2020-11-06T09:12:00.000,I 75,I 75 and Canton Road Connector,,Not a Collision with Motor Vehicle,1,Clear,Dry,Daylight
2020-12-28T12:39:00.000,I 75,I 75 and Canton Road Connector,,Not a Collision with Motor Vehicle,1,Cloudy,Dry,Daylight
2020-01-19T21:41:00.000,I 75,I 75 and Canton Road Connector,,Rear End,2,Clear,Dry,Dark-Not Lighted
2021-11-04T07:54:00.000,I 75,I 75 and Canton Road Connector,,Rear End,2,Cloudy,Wet,Daylight
2022-08-09T14:46:00.000,I 75,I 75 and Canton Road Connector,,Rear End,2,Cloudy,Dry,Daylight
2022-01-20T01:17:00.000,I 75,I 75 and Canton Road Connector,,Not a Collision with Motor Vehicle,1,Cloudy,Dry,Dark-Lighted
2022-03-11T17:19:00.000,I 75,I 75 and Canton Road Connector,,Rear End,2,Clear,Dry,Daylight
2022-11-15T16:15:00.000,I 75,I 75 and Canton Road Connector,,Sideswipe-Same Direction,2,Cloudy,Dry,Daylight
2022-09-01T07:13:00.000,I 75,I 75 and Canton Road Connector,,Rear End,2,Clear,Dry,Daylight
2022-10-11T17:20:00.000,I 75,I 75 and Canton Road Connector,,Rear End,3,Clear,Dry,Daylight
2024-08-30T14:30:00.000,I 75,I 75 and Canton Road Connector,,Angle Crash,2,Clear,Dry,Daylight
2024-03-14T16:45:00.000,I 75,I 75 and Canton Road Connector,,Sideswipe-Same Direction,2,Clear,Dry,Daylight
2023-02-03T06:47:00.000,I 75,I 75 and Canton Road Connector,,Sideswipe-Same Direction,2,Clear,Dry,Dark-Not Lighted
2023-02-21T12:23:00.000,I 75,I 75 and Canton Road Connector,,Sideswipe-Same Direction,2,Cloudy,Wet,Daylight
2023-04-06T08:47:00.000,I 75,I 75 and Canton Road Connector,,Sideswipe-Same Direction,2,Cloudy,Dry,Daylight
2023-04-06T07:26:00.000,I 75,I 75 and Canton Road Connector,,Sideswipe-Same Direction,2,Cloudy,Dry,Daylight
2023-12-07T13:30:00.000,I 75,I 75 and Canton Road Connector,,Sideswipe-Same Direction,2,Clear,Dry,Daylight
2023-08-18T13:54:00.000,I 75,I 75 and Canton Road Connector,,Not a Collision with Motor Vehicle,1,Clear,Dry,Daylight
2023-07-18T17:30:00.000,I 75,I 75 and Canton Road Connector,,Rear End,2,Clear,Dry,Daylight
2023-07-20T16:15:00.000,I 75,I 75 and Canton Road Connector,,Sideswipe-Same Direction,2,Clear,Dry,Daylight
2023-01-09T02:03:00.000,I 75,I 75 and Canton Road Connector,,Sideswipe-Same Direction,2,Cloudy,Dry,Dark-Not Lighted
2023-10-20T23:53:00.000,I 75,I 75 and Canton Road Connector,,Rear End,2,Clear,Dry,Dark-Lighted
2024-11-21T18:45:00.000,I 75,I 75 and Canton Road Connector,,Angle Crash,2,Clear,Dry,Dark-Not Lighted
2024-09-26T13:45:00.000,I 75,I 75 and Canton Road Connector,,Not a Collision with Motor Vehicle,1,Rain,Wet,Daylight
2024-03-14T18:45:00.000,I 75,I 75 and Canton Road Connector,,Sideswipe-Same Direction,2,Clear,Dry,Daylight
2024-01-08T09:15:00.000,I 75,I 75 and Canton Road Connector,,Rear End,2,Clear,Dry,Daylight
2024-11-05T18:10:00.000,I 75,I 75 and Canton Road Connector,,Rear End,3,Clear,Dry,Dark-Not Lighted
2024-02-28T15:35:00.000,I 75,I 75 and Canton Road Connector,,Rear End,2,Rain,Wet,Daylight
2024-01-23T18:55:00.000,I 75,I 75 and Canton Road Connector,,Rear End,2,Cloudy,Dry,Dark-Not Lighted
2024-11-21T17:20:00.000,I 75,I 75 and Canton Road Connector,,Sideswipe-Same Direction,2,Clear,Dry,Daylight
2024-01-31T10:23:00.000,I 75,I 75 and Canton Road Connector,,Rear End,2,Cloudy,Dry,Daylight
2023-03-26T02:30:00.000,I 75,I 75 and Canton Road Conn Ext,,Angle Crash,2,Clear,Dry,Dark-Not Lighted
2021-09-05T13:30:00.000,I 75,I 75 and Canton Road Conn Exit,,Rear End,2,Clear,Dry,Daylight
2022-10-29T10:32:00.000,I 75,I 75 and Canton Road Conn Ent Rmp,,Sideswipe-Same Direction,3,Cloudy,Dry,Daylight
2021-01-05T22:40:00.000,I 75,I 75 and Canton Road Conn,,Angle Crash,2,Clear,Dry,Dark-Lighted
2021-03-16T21:47:00.000,I 75,I 75 and Canton Road Conn,,Angle Crash,4,Rain,Wet,Dark-Lighted
2021-06-07T14:25:00.000,I 75,I 75 and Canton Road Conn,,Sideswipe-Same Direction,2,Rain,Wet,Daylight
2021-06-15T23:03:00.000,I 75,I 75 and Canton Road Conn,,Rear End,2,Clear,Dry,Dark-Not Lighted
2021-07-17T13:00:00.000,I 75,I 75 and Canton Road Conn,,Rear End,2,Clear,Dry,Daylight
2021-10-08T23:36:00.000,I 75,I 75 and Canton Road Conn,,Sideswipe-Same Direction,2,Clear,Dry,Dark-Lighted
2021-10-29T08:09:00.000,I 75,I 75 and Canton Road Conn,,Rear End,2,Rain,Wet,Daylight
2021-08-18T03:45:00.000,I 75,I 75 and Canton Road Conn,,Not a Collision with Motor Vehicle,1,Cloudy,Dry,Dark-Lighted
2021-07-09T16:38:00.000,I 75,I 75 and Canton Road Conn,,Rear End,2,Cloudy,Wet,Daylight
2021-04-04T17:37:00.000,I 75,I 75 and Canton Road Conn,,Angle Crash,2,Clear,Dry,Daylight
2021-04-08T23:24:00.000,I 75,I 75 and Canton Road Conn,,Sideswipe-Same Direction,2,Clear,Dry,Dark-Not Lighted
2021-02-06T21:06:00.000,I 75,I 75 and Canton Road Conn,,Rear End,2,Rain,Wet,Dark-Not Lighted
2021-05-02T17:23:00.000,I 75,I 75 and Canton Road Conn,,Not a Collision with Motor Vehicle,1,Cloudy,Dry,Daylight
2021-02-06T21:06:00.000,I 75,I 75 and Canton Road Conn,,Rear End,2,Rain,Wet,Dark-Not Lighted
2021-01-02T19:27:00.000,I 75,I 75 and Canton Road Conn,,Sideswipe-Same Direction,2,Clear,Dry,Dark-Lighted
2021-08-25T01:08:00.000,I 75,I 75 and Canton Road Conn,,Sideswipe-Same Direction,2,Clear,Dry,Dark-Not Lighted
2021-12-21T22:50:00.000,I 75,I 75 and Canton Road Conn,,Sideswipe-Same Direction,2,Clear,Dry,Dark-Lighted
2021-07-25T19:20:00.000,I 75,I 75 and Canton Road Conn,,Angle Crash,2,Rain,Wet,Daylight
2021-10-29T08:40:00.000,I 75,I 75 and Canton Road Conn,,Rear End,2,Cloudy,Wet,Daylight
2021-12-11T18:38:00.000,I 75,I 75 and Canton Road Conn,,Rear End,2,Rain,Wet,Dark-Not Lighted
2021-03-20T21:01:00.000,I 75,I 75 and Canton Road Conn,,Angle Crash,2,Cloudy,Dry,Dark-Not Lighted
2021-01-01T12:30:00.000,I 75,I 75 and Canton Road Conn,,Angle Crash,2,Rain,Wet,Daylight
2021-03-15T22:10:00.000,I 75,I 75 and Canton Road Conn,,Angle Crash,2,Clear,Dry,Dark-Lighted
2021-04-07T13:43:00.000,I 75,I 75 and Canton Road Conn,,Rear End,2,Clear,Dry,Daylight
2021-07-10T14:38:00.000,I 75,I 75 and Canton Road Conn,,Rear End,2,Cloudy,Dry,Daylight
2021-11-04T06:04:00.000,I 75,I 75 and Canton Road Conn,,Sideswipe-Same Direction,2,Rain,Wet,Dark-Not Lighted
2021-12-22T19:11:00.000,I 75,I 75 and Canton Road Conn,,Angle Crash,2,Clear,Dry,Dark-Not Lighted
2021-06-05T11:52:00.000,I 75,I 75 and Canton Road Conn,,Rear End,2,Clear,Dry,Daylight
2021-03-18T21:29:00.000,I 75,I 75 and Canton Road Conn,,Rear End,2,Cloudy,Wet,Dark-Not Lighted
2020-06-05T20:49:00.000,I 75,I 75 and Canton Road Conn,,Angle Crash,3,Clear,Dry,Dawn
2023-06-14T13:53:00.000,I 75,I 75 and Canton Road Conn,,Sideswipe-Same Direction,2,Rain,Water (standing or moving),Daylight
2023-06-04T18:35:00.000,I 75,I 75 and Canton Road Conn,,Angle Crash,2,Cloudy,Dry,Daylight
2023-01-19T13:09:00.000,I 75,I 75 and Canton Road Conn,,Sideswipe-Same Direction,2,Clear,Dry,Daylight
2023-05-21T10:58:00.000,I 75,I 75 and Canton Road Conn,,Angle Crash,2,Cloudy,Dry,Daylight
2023-02-04T19:52:00.000,I 75,I 75 and Canton Road Conn,,Sideswipe-Same Direction,4,Clear,Dry,Dark-Lighted
2023-01-04T14:47:00.000,I 75,I 75 and Canton Road Conn,,Not a Collision with Motor Vehicle,2,Clear,Dry,Daylight
2023-01-09T07:58:00.000,I 75,I 75 and Canton Road Conn,,Rear End,2,Cloudy,Dry,Daylight
2023-04-05T18:12:00.000,I 75,I 75 and Canton Road Conn,,Angle Crash,2,Clear,Dry,Daylight
2023-09-17T14:40:00.000,I 75,I 75 and Canton Road Conn,,Sideswipe-Same Direction,2,Clear,Dry,Daylight
2023-11-28T17:26:00.000,I 75,I 75 and Canton Road Conn,,Sideswipe-Same Direction,2,Clear,Dry,Daylight
2023-11-26T22:30:00.000,I 75,I 75 and Canton Road Conn,,Sideswipe-Same Direction,2,Clear,Wet,Dark-Not Lighted
2023-08-19T10:36:00.000,I 75,I 75 and Canton Road Conn,,Sideswipe-Same Direction,2,Clear,Dry,Daylight
2023-09-14T05:48:00.000,I 75,I 75 and Canton Road Conn,,Angle Crash,2,Cloudy,Dry,Dark-Not Lighted
2023-04-14T00:59:00.000,I 75,I 75 and Canton Road Conn,,Not a Collision with Motor Vehicle,1,Cloudy,Wet,Dark-Not Lighted
2023-12-12T08:40:00.000,I 75,I 75 and Canton Road Conn,,Rear End,2,Clear,Dry,Daylight
2023-01-24T12:53:00.000,I 75,I 75 and Canton Road Conn,,Rear End,2,Clear,Dry,Daylight