Date and Time,Roadway (From Crash Report),Intersection Name (from Crash Report),KABCO Severity,Manner of Collision (Crash Level) ,# of Vehicles per crash ,Weather Conditions (Crash Level),Surface Condition (Crash Level) ,Light Conditions (Crash Level)
2023-01-21T13:50:00.000,I 75,I 75 and Canton Road Conn,,Sideswipe-Same Direction,3,Clear,Dry,Daylight
2023-07-11T21:37:00.000,I 75,I 75 and Canton Road Conn,,Rear End,2,Clear,Dry,Dark-Lighted
2020-04-24T05:00:00.000,I 75,I 75 and Canton Road Conn,,Sideswipe-Same Direction,1,Clear,Dry,Dark-Lighted
2020-04-19T18:17:00.000,I 75,I 75 and Canton Road Conn,,Rear End,2,Rain,Wet,Dawn
2020-01-11T18:30:00.000,I 75,I 75 and Canton Road Conn,,Sideswipe-Same Direction,2,Rain,Wet,Dark-Lighted
2020-08-05T15:00:00.000,I 75,I 75 and Canton Road Conn,,Sideswipe-Same Direction,2,Clear,Dry,Daylight
2020-01-14T05:38:00.000,I 75,I 75 and Canton Road Conn,,Sideswipe-Same Direction,2,Cloudy,Wet,Dawn
2020-09-16T16:14:00.000,I 75,I 75 and Canton Road Conn,,Sideswipe-Same Direction,2,Rain,Wet,Daylight
2020-08-01T14:37:00.000,I 75,I 75 and Canton Road Conn,,Rear End,2,Clear,Dry,Daylight
2020-08-20T19:54:00.000,I 75,I 75 and Canton Road Conn,,Rear End,2,Rain,Wet,Dusk
2020-06-28T20:57:00.000,I 75,I 75 and Canton Road Conn,,Rear End,2,Clear,Dry,Dusk
2020-11-21T18:15:00.000,I 75,I 75 and Canton Road Conn,,Rear End,3,Clear,Dry,Dark-Lighted
2020-12-04T14:39:00.000,I 75,I 75 and Canton Road Conn,,Angle Crash,2,Rain,Wet,Daylight
2020-01-28T19:55:00.000,I 75,I 75 and Canton Road Conn,,Rear End,2,Clear,Dry,Dark-Not Lighted
2020-09-27T21:58:00.000,I 75,I 75 and Canton Road Conn,,Rear End,2,Clear,Dry,Dark-Not Lighted
2020-11-18T15:21:00.000,I 75,I 75 and Canton Road Conn,,Rear End,2,Clear,Dry,Daylight
2020-10-11T01:14:00.000,I 75,I 75 and Canton Road Conn,,Rear End,2,Rain,Wet,Dark-Not Lighted
2020-12-15T12:57:00.000,I 75,I 75 and Canton Road Conn,,Rear End,2,Clear,Dry,Daylight
2020-11-07T05:31:00.000,I 75,I 75 and Canton Road Conn,,Not a Collision with Motor Vehicle,1,Clear,Dry,Dark-Lighted
2020-08-19T14:23:00.000,I 75,I 75 and Canton Road Conn,,Sideswipe-Same Direction,2,Cloudy,Dry,Daylight
2020-06-29T05:34:00.000,I 75,I 75 and Canton Road Conn,,Rear End,2,Clear,Dry,Dark-Not Lighted
2020-07-10T22:01:00.000,I 75,I 75 and Canton Road Conn,,Not a Collision with Motor Vehicle,1,Clear,Dry,Dark-Not Lighted
2020-03-21T09:20:00.000,I 75,I 75 and Canton Road Conn,,Rear End,2,Cloudy,Dry,Daylight
2020-10-24T12:02:00.000,I 75,I 75 and Canton Road Conn,,Rear End,2,Cloudy,Dry,Daylight
2020-11-15T06:35:00.000,I 75,I 75 and Canton Road Conn,,Sideswipe-Same Direction,2,Clear,Dry,Dark-Not Lighted
2020-08-30T10:00:00.000,I 75,I 75 and Canton Road Conn,,Sideswipe-Same Direction,2,Clear,Dry,Daylight
2020-12-12T15:36:00.000,I 75,I 75 and Canton Road Conn,,Sideswipe-Same Direction,2,Cloudy,Dry,Daylight
2020-11-18T10:35:00.000,I 75,I 75 and Canton Road Conn,,Rear End,2,Clear,Dry,Daylight
2021-03-23T22:29:00.000,I 75,I 75 and Canton Road Conn,,Angle Crash,2,Clear,Dry,Dark-Lighted
2021-03-03T08:56:00.000,I 75,I 75 and Canton Road Conn,,Sideswipe-Same Direction,2,Cloudy,Dry,Daylight
2021-01-16T19:30:00.000,I 75,I 75 and Canton Road Conn,,Head On,2,Clear,Dry,Daylight
2021-01-05T20:05:00.000,I 75,I 75 and Canton Road Conn,,Rear End,2,Clear,Dry,Dark-Lighted
2021-01-30T13:15:00.000,I 75,I 75 and Canton Road Conn,,Rear End,2,Clear,Dry,Daylight
2021-02-14T11:14:00.000,I 75,I 75 and Canton Road Conn,,Sideswipe-Same Direction,2,Clear,Dry,Daylight
2021-10-25T06:30:00.000,I 75,I 75 and Canton Road Conn,,Rear End,2,Clear,Dry,Dark-Not Lighted
2021-10-25T06:45:00.000,I 75,I 75 and Canton Road Conn,,Rear End,5,Clear,Dry,Dark-Not Lighted
2021-07-31T21:00:00.000,I 75,I 75 and Canton Road Conn,,Sideswipe-Same Direction,2,Clear,Dry,Dark-Lighted
2021-09-30T14:00:00.000,I 75,I 75 and Canton Road Conn,,Rear End,2,Cloudy,Dry,Daylight
2021-11-13T19:14:00.000,I 75,I 75 and Canton Road Conn,,Sideswipe-Same Direction,2,Clear,Dry,Dark-Lighted
2021-11-22T23:40:00.000,I 75,I 75 and Canton Road Conn,,Sideswipe-Same Direction,2,Clear,Dry,Dark-Not Lighted
2021-12-01T18:10:00.000,I 75,I 75 and Canton Road Conn,,Sideswipe-Same Direction,2,Clear,Dry,Dark-Not Lighted
2021-10-17T17:40:00.000,I 75,I 75 and Canton Road Conn,,Sideswipe-Same Direction,2,Clear,Dry,Daylight
2021-07-21T18:16:00.000,I 75,I 75 and Canton Road Conn,,Rear End,3,Clear,Dry,Daylight
2021-09-06T15:00:00.000,I 75,I 75 and Canton Road Conn,,Sideswipe-Same Direction,2,Clear,Dry,Daylight
2021-07-15T21:32:00.000,I 75,I 75 and Canton Road Conn,,Sideswipe-Same Direction,2,Clear,Dry,Dark-Lighted
2021-07-25T19:21:00.000,I 75,I 75 and Canton Road Conn,,Angle Crash,2,Rain,Wet,Daylight
2021-08-29T01:11:00.000,I 75,I 75 and Canton Road Conn,,Not a Collision with Motor Vehicle,1,Clear,Dry,Dark-Not Lighted
2022-11-30T13:55:00.000,I 75,I 75 and Canton Road Conn,,Rear End,3,Clear,Dry,Daylight
2022-08-13T10:20:00.000,I 75,I 75 and Canton Road Conn,,Sideswipe-Same Direction,2,Clear,Dry,Daylight
2022-06-30T07:50:00.000,I 75,I 75 and Canton Road Conn,,Rear End,2,Clear,Dry,Daylight
2022-12-14T21:22:00.000,I 75,I 75 and Canton Road Conn,,Rear End,2,Rain,Wet,Dark-Lighted
2022-09-06T10:22:00.000,I 75,I 75 and Canton Road Conn,,Rear End,2,Cloudy,Dry,Daylight
2022-04-12T18:22:00.000,I 75,I 75 and Canton Road Conn,,Rear End,3,Clear,Dry,Daylight
2021-11-17T20:56:00.000,I 75,I 75 and Canton Road Conn,,Sideswipe-Same Direction,2,Cloudy,Dry,Dark-Lighted
2021-12-05T20:54:00.000,I 75,I 75 and Canton Road Conn,,Not a Collision with Motor Vehicle,1,Clear,Dry,Dark-Lighted
2021-10-24T02:53:00.000,I 75,I 75 and Canton Road Conn,,Sideswipe-Same Direction,2,Clear,Dry,Dark-Not Lighted
2022-04-30T06:20:00.000,I 75,I 75 and Canton Road Conn,,Not a Collision with Motor Vehicle,1,Cloudy,Dry,Daylight
2022-10-21T22:20:00.000,I 75,I 75 and Canton Road Conn,,Rear End,2,Clear,Dry,Dark-Not Lighted
2022-04-02T16:42:00.000,I 75,I 75 and Canton Road Conn,,Rear End,2,Clear,Dry,Daylight
2022-10-29T09:45:00.000,I 75,I 75 and Canton Road Conn,,Rear End,2,Clear,Dry,Daylight
2022-12-09T08:41:00.000,I 75,I 75 and Canton Road Conn,,Angle Crash,3,Cloudy,Wet,Daylight
2022-03-25T23:12:00.000,I 75,I 75 and Canton Road Conn,,Angle Crash,3,Clear,Dry,Dark-Not Lighted
2022-04-09T12:15:00.000,I 75,I 75 and Canton Road Conn,,Rear End,2,Cloudy,Dry,Daylight
2022-03-20T02:09:00.000,I 75,I 75 and Canton Road Conn,,Not a Collision with Motor Vehicle,1,Clear,Dry,Dark-Not Lighted
2022-02-16T07:52:00.000,I 75,I 75 and Canton Road Conn,,Rear End,2,Clear,Dry,Daylight
2022-07-05T01:09:00.000,I 75,I 75 and Canton Road Conn,,Not a Collision with Motor Vehicle,1,Rain,Wet,Dark-Not Lighted
2022-02-01T20:20:00.000,I 75,I 75 and Canton Road Conn,,Sideswipe-Same Direction,2,Cloudy,Dry,Dark-Lighted
2022-11-30T08:00:00.000,I 75,I 75 and Canton Road Conn,,Not a Collision with Motor Vehicle,1,Rain,Wet,Daylight
2022-01-11T12:59:00.000,I 75,I 75 and Canton Road Conn,,Rear End,2,Clear,Dry,Daylight
2022-06-15T10:00:00.000,I 75,I 75 and Canton Road Conn,,Rear End,2,Clear,Dry,Daylight
2022-05-11T07:43:00.000,I 75,I 75 and Canton Road Conn,,Angle Crash,3,Clear,Dry,Daylight
2022-10-20T18:31:00.000,I 75,I 75 and Canton Road Conn,,Sideswipe-Same Direction,2,Cloudy,Dry,Daylight
2022-07-09T13:51:00.000,I 75,I 75 and Canton Road Conn,,Sideswipe-Same Direction,2,Clear,Dry,Daylight
2022-11-20T01:08:00.000,I 75,I 75 and Canton Road Conn,,Sideswipe-Same Direction,2,Clear,Dry,Dark-Not Lighted
2022-01-14T15:36:00.000,I 75,I 75 and Canton Road Conn,,Rear End,2,Clear,Dry,Daylight
2022-09-25T18:31:00.000,I 75,I 75 and Canton Road Conn,,Not a Collision with Motor Vehicle,1,Cloudy,Dry,Daylight
2022-03-31T05:45:00.000,I 75,I 75 and Canton Road Conn,,Sideswipe-Same Direction,2,Rain,Wet,Dark-Lighted
2022-05-21T13:00:00.000,I 75,I 75 and Canton Road Conn,,Rear End,2,Clear,Dry,Daylight
2022-12-15T19:01:00.000,I 75,I 75 and Canton Road Conn,,Angle Crash,2,Clear,Dry,Dark-Not Lighted
2022-11-29T10:17:00.000,I 75,I 75 and Canton Road Conn,,Rear End,2,Clear,Dry,Daylight
2022-12-07T07:34:00.000,I 75,I 75 and Canton Road Conn,,Rear End,3,Cloudy,Wet,Daylight
2022-10-15T18:14:00.000,I 75,I 75 and Canton Road Conn,,Sideswipe-Same Direction,2,Clear,Dry,Dusk
2022-01-07T04:48:00.000,I 75,I 75 and Canton Road Conn,,Not a Collision with Motor Vehicle,1,Clear,Dry,Dark-Lighted
2022-03-16T06:50:00.000,I 75,I 75 and Canton Road Conn,,Rear End,2,Rain,Wet,Dawn
2022-10-19T08:30:00.000,I 75,I 75 and Canton Road Conn,,Rear End,2,Clear,Dry,Daylight
2022-09-09T18:10:00.000,I 75,I 75 and Canton Road Conn,,Rear End,3,Clear,Dry,Daylight
2022-10-06T07:15:00.000,I 75,I 75 and Canton Road Conn,,Rear End,2,Clear,Dry,Daylight
2022-12-28T21:03:00.000,I 75,I 75 and Canton Road Conn,,Sideswipe-Same Direction,2,Clear,Dry,Dark-Not Lighted
2022-10-15T21:48:00.000,I 75,I 75 and Canton Road Conn,,Rear End,2,Clear,Dry,Dark-Not Lighted
2022-01-19T23:00:00.000,I 75,I 75 and Canton Road Conn,,Not a Collision with Motor Vehicle,1,Clear,Dry,Dark-Not Lighted
2022-01-03T01:58:00.000,I 75,I 75 and Canton Road Conn,,Not a Collision with Motor Vehicle,1,Sleet,Wet,Dark-Not Lighted
2022-04-02T19:30:00.000,I 75,I 75 and Canton Road Conn,,Sideswipe-Same Direction,2,Clear,Dry,Daylight
2022-10-15T00:06:00.000,I 75,I 75 and Canton Road Conn,,Angle Crash,2,Clear,Dry,Dark-Not Lighted
2022-06-15T21:57:00.000,I 75,I 75 and Canton Road Conn,,Sideswipe-Same Direction,3,Clear,Dry,Daylight
2022-08-27T12:00:00.000,I 75,I 75 and Canton Road Conn,,Rear End,3,Clear,Dry,Daylight
2022-06-08T09:30:00.000,I 75,I 75 and Canton Road Conn,,Rear End,2,Cloudy,Dry,Daylight
2022-02-16T16:31:00.000,I 75,I 75 and Canton Road Conn,,Sideswipe-Same Direction,2,Cloudy,Dry,Daylight
2022-08-24T11:40:00.000,I 75,I 75 and Canton Road Conn,,Sideswipe-Same Direction,2,Cloudy,Dry,Daylight
2022-02-09T15:25:00.000,I 75,I 75 and Canton Road Conn,,Rear End,2,Clear,Dry,Daylight
2022-12-14T21:22:00.000,I 75,I 75 and Canton Road Conn,,Rear End,2,Rain,Water (standing or moving),Dark-Lighted
2022-10-05T06:54:00.000,I 75,I 75 and Canton Road Conn,,Rear End,2,Clear,Dry,Dark-Lighted
2022-08-27T16:34:00.000,I 75,I 75 and Canton Road Conn,,Rear End,2,Cloudy,Dry,Daylight
2022-09-11T13:44:00.000,I 75,I 75 and Canton Road Conn,,Rear End,2,Rain,Wet,Daylight
2022-10-05T21:16:00.000,I 75,I 75 and Canton Road Conn,,Sideswipe-Same Direction,2,Clear,Dry,Dark-Lighted
2022-07-28T16:37:00.000,I 75,I 75 and Canton Road Conn,,Rear End,2,Cloudy,Dry,Daylight
2022-07-27T20:34:00.000,I 75,I 75 and Canton Road Conn,,Rear End,2,Cloudy,Dry,Dark-Lighted
2022-11-10T18:15:00.000,I 75,I 75 and Canton Road Conn,,Rear End,2,Cloudy,Wet,Dark-Lighted
2022-11-04T14:30:00.000,I 75,I 75 and Canton Road Conn,,Sideswipe-Same Direction,2,Clear,Dry,Daylight
2022-09-21T16:28:00.000,I 75,I 75 and Canton Road Conn,,Rear End,2,Clear,Dry,Daylight
2022-01-12T04:47:00.000,I 75,I 75 and Canton Road Conn,,Sideswipe-Same Direction,2,Cloudy,Dry,Dark-Lighted
2022-10-15T20:55:00.000,I 75,I 75 and Canton Road Conn,,Sideswipe-Same Direction,2,Clear,Dry,Dark-Not Lighted
2023-05-14T04:10:00.000,I 75,I 75 and Canton Road Conn,,Rear End,2,Cloudy,Dry,Dark-Not Lighted
2023-01-24T12:53:00.000,I 75,I 75 and Canton Road Conn,,Rear End,2,Clear,Dry,Daylight
2024-07-19T20:36:00.000,I 75,I 75 and Canton Road Conn,,Not a Collision with Motor Vehicle,1,Rain,Wet,Dark-Not Lighted
2024-06-20T04:55:00.000,I 75,I 75 and Canton Road Conn,,Not a Collision with Motor Vehicle,1,Clear,Dry,Dark-Not Lighted
2024-09-19T17:13:00.000,I 75,I 75 and Canton Road Conn,,Rear End,2,Clear,Dry,Daylight
2023-03-01T19:10:00.000,I 75,I 75 and Canton Road Conn,,Not a Collision with Motor Vehicle,1,Clear,Dry,Dark-Not Lighted
2023-04-15T21:56:00.000,I 75,I 75 and Canton Road Conn,,Sideswipe-Same Direction,2,Clear,Dry,Dark-Not Lighted
2023-02-25T16:04:00.000,I 75,I 75 and Canton Road Conn,,Rear End,2,Cloudy,Wet,Daylight
2023-01-04T18:45:00.000,I 75,I 75 and Canton Road Conn,,Rear End,2,Clear,Dry,Dark-Not Lighted
2023-04-01T17:20:00.000,I 75,I 75 and Canton Road Conn,,Sideswipe-Same Direction,2,Clear,Dry,Daylight
2023-06-05T10:43:00.000,I 75,I 75 and Canton Road Conn,,Sideswipe-Same Direction,2,Clear,Dry,Daylight
2023-07-08T22:16:00.000,I 75,I 75 and Canton Road Conn,,Sideswipe-Opposite Direction,2,Cloudy,Dry,Daylight
2023-06-03T13:18:00.000,I 75,I 75 and Canton Road Conn,,Rear End,2,Cloudy,Dry,Daylight
2023-06-17T15:55:00.000,I 75,I 75 and Canton Road Conn,,Sideswipe-Same Direction,2,Clear,Dry,Daylight
2023-06-21T16:14:00.000,I 75,I 75 and Canton Road Conn,,Rear End,2,Rain,Wet,Daylight
2023-02-25T19:42:00.000,I 75,I 75 and Canton Road Conn,,Sideswipe-Same Direction,2,Cloudy,Wet,Dark-Not Lighted
2023-07-16T11:55:00.000,I 75,I 75 and Canton Road Conn,,Sideswipe-Same Direction,2,Clear,Dry,Daylight
2023-04-19T05:30:00.000,I 75,I 75 and Canton Road Conn,,Not a Collision with Motor Vehicle,1,Cloudy,Dry,Dark-Not Lighted
2023-02-02T19:04:00.000,I 75,I 75 and Canton Road Conn,,Rear End,2,Rain,Wet,Dark-Lighted
2023-02-25T16:09:00.000,I 75,I 75 and Canton Road Conn,,Sideswipe-Same Direction,2,Rain,Wet,Daylight
2023-09-22T02:00:00.000,I 75,I 75 and Canton Road Conn,,Not a Collision with Motor Vehicle,1,Clear,Dry,Dark-Not Lighted
2023-04-21T15:20:00.000,I 75,I 75 and Canton Road Conn,,Rear End,2,Clear,Dry,Daylight
2024-03-31T16:18:00.000,I 75,I 75 and Canton Road Conn,,Rear End,2,Cloudy,Dry,Daylight
2024-10-28T07:45:00.000,I 75,I 75 and Canton Road Conn,,Sideswipe-Same Direction,2,Clear,Dry,Daylight
2024-05-05T13:29:00.000,I 75,I 75 and Canton Road Conn,,Rear End,2,Cloudy,Dry,Daylight
2024-10-15T13:23:00.000,I 75,I 75 and Canton Road Conn,,Rear End,2,Clear,Dry,Daylight
2024-12-28T13:40:00.000,I 75,I 75 and Canton Road Conn,,Angle Crash,2,Cloudy,Wet,Daylight
2024-05-01T19:02:00.000,I 75,I 75 and Canton Road Conn,,Rear End,2,Clear,Dry,Daylight
2024-03-20T10:06:00.000,I 75,I 75 and Canton Road Conn,,Rear End,2,Clear,Dry,Daylight
2024-12-15T02:19:00.000,I 75,I 75 and Canton Road Conn,,Rear End,2,Clear,Dry,Daylight
2024-09-20T10:04:00.000,I 75,I 75 and Canton Road Conn,,Sideswipe-Same Direction,2,Clear,Dry,Daylight
2024-12-04T19:49:00.000,I 75,I 75 and Canton Road Conn,,Rear End,2,Cloudy,Dry,Dark-Lighted
2024-12-19T21:45:00.000,I 75,I 75 and Canton Road Conn,,Rear End,2,Clear,Dry,Dark-Not Lighted
2024-09-19T18:00:00.000,I 75,I 75 and Canton Road Conn,,Rear End,2,Clear,Dry,Daylight
2024-04-24T00:59:00.000,I 75,I 75 and Canton Road Conn,,Angle Crash,2,Clear,Dry,Daylight
2023-07-17T12:25:00.000,I 75,I 75 and Canton Road Con,,Sideswipe-Same Direction,2,Clear,Dry,Daylight
2022-12-23T19:30:00.000,I 75,I 75 and Canton Road 267A,,Sideswipe-Same Direction,2,Cloudy,Dry,Dark-Not Lighted
2023-04-01T07:34:00.000,I 75,I 75 and Canton Road,,Sideswipe-Same Direction,2,Rain,Water (standing or moving),Dawn
2023-02-28T08:25:00.000,I 75,I 75 and Canton Rd.,,Sideswipe-Same Direction,2,Clear,Dry,Daylight
2023-04-18T14:35:00.000,I 75,I 75 and Canton Rd.,,Sideswipe-Same Direction,2,Clear,Dry,Daylight
2023-06-22T17:48:00.000,I 75,I 75 and Canton Rd.,,Sideswipe-Same Direction,2,Cloudy,Dry,Daylight
2022-11-10T10:37:00.000,I 75,I 75 and Canton Rd On Ramp To I75,,Sideswipe-Same Direction,2,Cloudy,Dry,Daylight
2020-08-16T03:50:00.000,I 75,I 75 and Canton Rd Exit Rp,,Not a Collision with Motor Vehicle,1,Clear,Dry,Dark-Lighted
2020-11-03T03:39:00.000,I 75,I 75 and Canton Rd Exit Rp,,Rear End,2,Clear,Dry,Dark-Lighted
2020-02-05T23:58:00.000,I 75,I 75 and Canton Rd Exit Rp,,Not a Collision with Motor Vehicle,1,Rain,Wet,Dark-Lighted
2020-07-07T16:40:00.000,I 75,I 75 and Canton Rd Exit 267A,,Sideswipe-Same Direction,2,Cloudy,Dry,Daylight
2020-01-15T09:30:00.000,I 75,I 75 and Canton Rd Entrn Rp,,Rear End,2,Cloudy,Dry,Daylight
2024-11-27T12:42:00.000,I 75,I 75 and Canton Rd Connector Exit Rp,,Rear End,2,Clear,Dry,Daylight
2021-11-03T07:09:00.000,I 75,I 75 and Canton Rd Connector Brg,,Sideswipe-Same Direction,2,Clear,Dry,Dark-Not Lighted
2021-07-01T00:56:00.000,I 75,I 75 and Canton Rd Connector,,Not a Collision with Motor Vehicle,1,Cloudy,Wet,Dark-Not Lighted
2023-09-28T02:16:00.000,I 75,I 75 and Canton Rd Connector,,Rear End,2,Cloudy,Dry,Dark-Lighted
2023-04-13T14:35:00.000,I 75,I 75 and Canton Rd Connector,,Rear End,2,Rain,Wet,Daylight
2023-12-13T15:57:00.000,I 75,I 75 and Canton Rd Connector,,Sideswipe-Same Direction,2,Cloudy,Dry,Daylight
2020-07-09T20:03:00.000,I 75,I 75 and Canton Rd Connector,,Rear End,2,Rain,Wet,Dusk
2020-08-14T05:55:00.000,I 75,I 75 and Canton Rd Connector,,Not a Collision with Motor Vehicle,1,Cloudy,Wet,Dawn
2020-10-10T19:00:00.000,I 75,I 75 and Canton Rd Connector,,Not a Collision with Motor Vehicle,1,Rain,Wet,Daylight
2020-10-22T01:03:00.000,I 75,I 75 and Canton Rd Connector,,Angle Crash,2,Clear,Dry,Dark-Not Lighted
2020-06-04T16:19:00.000,I 75,I 75 and Canton Rd Connector,,Rear End,2,Clear,Dry,Daylight
2021-06-17T12:35:00.000,I 75,I 75 and Canton Rd Connector,,Rear End,2,Clear,Dry,Daylight
2021-06-16T22:57:00.000,I 75,I 75 and Canton Rd Connector,,Sideswipe-Same Direction,2,Clear,Dry,Dark-Lighted
2021-06-20T00:15:00.000,I 75,I 75 and Canton Rd Connector,,Not a Collision with Motor Vehicle,1,Rain,Wet,Dark-Not Lighted
2021-08-06T12:40:00.000,I 75,I 75 and Canton Rd Connector,,Rear End,2,Clear,Dry,Daylight
2021-07-09T02:17:00.000,I 75,I 75 and Canton Rd Connector,,Rear End,3,Clear,Dry,Dark-Not Lighted
2022-08-12T07:40:00.000,I 75,I 75 and Canton Rd Connector,,Sideswipe-Same Direction,2,Clear,Dry,Daylight
2022-06-21T02:48:00.000,I 75,I 75 and Canton Rd Connector,,Not a Collision with Motor Vehicle,1,Cloudy,Dry,Dark-Not Lighted
2022-04-12T07:38:00.000,I 75,I 75 and Canton Rd Connector,,Rear End,2,Cloudy,Dry,Daylight
2022-04-14T11:01:00.000,I 75,I 75 and Canton Rd Connector,,Sideswipe-Same Direction,2,Cloudy,Wet,Daylight
2022-08-28T01:28:00.000,I 75,I 75 and Canton Rd Connector,,Rear End,2,Rain,Water (standing or moving),Dark-Not Lighted
2022-10-14T16:35:00.000,I 75,I 75 and Canton Rd Connector,,Rear End,2,Clear,Dry,Daylight
2022-08-12T07:15:00.000,I 75,I 75 and Canton Rd Connector,,Not a Collision with Motor Vehicle,1,Clear,Dry,Daylight
2024-09-13T08:00:00.000,I 75,I 75 and Canton Rd Connector,,Rear End,2,Cloudy,Dry,Daylight
2024-10-03T16:01:00.000,I 75,I 75 and Canton Rd Connector,,Sideswipe-Same Direction,2,Clear,Dry,Daylight
2024-04-26T17:25:00.000,I 75,I 75 and Canton Rd Connector,,Sideswipe-Same Direction,2,Cloudy,Dry,Daylight
2024-02-02T16:30:00.000,I 75,I 75 and Canton Rd Connector,,(None),2,(None),(None),(None)
2023-01-22T02:45:00.000,I 75,I 75 and Canton Rd Connector,,Not a Collision with Motor Vehicle,1,Rain,Wet,Dark-Not Lighted
2023-08-04T02:34:00.000,I 75,I 75 and Canton Rd Connector,,Angle Crash,2,Cloudy,Dry,Dark-Not Lighted
2023-03-03T16:45:00.000,I 75,I 75 and Canton Rd Connector,,Sideswipe-Same Direction,2,Cloudy,Wet,Daylight
2024-11-26T07:40:00.000,I 75,I 75 and Canton Rd Connector,,Sideswipe-Same Direction,2,Cloudy,Wet,Daylight
2024-01-11T19:10:00.000,I 75,I 75 and Canton Rd Connector,,Sideswipe-Same Direction,2,Clear,Dry,Dark-Not Lighted
2024-01-25T02:16:00.000,I 75,I 75 and Canton Rd Connector,,Angle Crash,3,Rain,Wet,Dark-Not Lighted
2024-03-28T07:18:00.000,I 75,I 75 and Canton Rd Connector,,Sideswipe-Same Direction,2,Clear,Dry,Daylight
2024-09-11T17:40:00.000,I 75,I 75 and Canton Rd Connector,,Angle Crash,2,Cloudy,Dry,Daylight
2024-02-05T06:05:00.000,I 75,I 75 and Canton Rd Connector,,Not a Collision with Motor Vehicle,1,Cloudy,Wet,Dark-Not Lighted
2024-01-25T02:11:00.000,I 75,I 75 and Canton Rd Connector,,Not a Collision with Motor Vehicle,1,Rain,Wet,Dark-Not Lighted
2024-12-20T19:40:00.000,I 75,I 75 and Canton Rd Connector,,Rear End,2,Clear,Dry,Dark-Not Lighted
2023-08-06T04:30:00.000,I 75,I 75 and Canton Rd Conn.,,Angle Crash,2,Clear,Dry,Dark-Not Lighted
2024-11-09T09:03:00.000,I 75,I 75 and Canton Rd Conn Ext267,,Sideswipe-Same Direction,2,Cloudy,Dry,Daylight
2020-07-12T14:38:00.000,I 75,I 75 and Canton Rd Conn Ext,,Rear End,3,Cloudy,Dry,Daylight
2024-03-31T19:43:00.000,I 75,I 75 and Canton Rd Conn Ext,,Rear End,2,Rain,Dry,Dark-Not Lighted
2020-05-29T00:00:00.000,I 75,I 75 and Canton Rd Conn Exit Rp,,Sideswipe-Same Direction,2,Clear,Dry,Dark-Lighted
2022-03-30T18:29:00.000,I 75,I 75 and Canton Rd Conn Exit A,,Not a Collision with Motor Vehicle,1,Clear,Dry,Daylight
2024-10-19T19:25:00.000,I 75,I 75 and Canton Rd Conn Exit 267B,,Rear End,2,Clear,Dry,Dark-Lighted
2020-07-19T16:21:00.000,I 75,I 75 and Canton Rd Conn Exit,,Sideswipe-Same Direction,2,Clear,Dry,Daylight
2020-02-07T20:22:00.000,I 75,I 75 and Canton Rd Conn Exit,,Rear End,2,Clear,Dry,Dark-Not Lighted
2021-03-15T20:44:00.000,I 75,I 75 and Canton Rd Conn Ent Rp,,Rear End,4,Cloudy,Dry,Dark-Not Lighted
2021-01-10T16:15:00.000,I 75,I 75 and Canton Rd Conn Ent,,Rear End,2,Clear,Dry,Daylight
2023-08-28T20:54:00.000,I 75,I 75 and Canton Rd Conn Ent,,Rear End,2,Cloudy,Dry,Dark-Not Lighted
2021-02-18T05:30:00.000,I 75,I 75 and Canton Rd Conn,,Not a Collision with Motor Vehicle,1,Rain,Wet,Dark-Not Lighted
2021-03-20T12:02:00.000,I 75,I 75 and Canton Rd Conn,,Rear End,2,Clear,Dry,Daylight
2021-06-16T23:50:00.000,I 75,I 75 and Canton Rd Conn,,Rear End,2,Clear,Dry,Dark-Lighted
2021-06-29T23:20:00.000,I 75,I 75 and Canton Rd Conn,,Sideswipe-Same Direction,2,Clear,Dry,Dark-Lighted
2021-06-22T22:50:00.000,I 75,I 75 and Canton Rd Conn,,Rear End,2,Clear,Dry,Dark-Lighted
2021-02-18T05:44:00.000,I 75,I 75 and Canton Rd Conn,,Angle Crash,2,Rain,Wet,Dark-Lighted
2021-03-19T15:00:00.000,I 75,I 75 and Canton Rd Conn,,Rear End,2,Cloudy,Dry,Daylight
2021-09-16T06:54:00.000,I 75,I 75 and Canton Rd Conn,,Sideswipe-Same Direction,2,Rain,Wet,Dark-Not Lighted
2021-11-23T00:50:00.000,I 75,I 75 and Canton Rd Conn,,Sideswipe-Same Direction,2,Clear,Dry,Dark-Not Lighted