Date and Time,Roadway (From Crash Report),Intersection Name (from Crash Report),KABCO Severity,Manner of Collision (Crash Level) ,# of Vehicles per crash ,Weather Conditions (Crash Level),Surface Condition (Crash Level) ,Light Conditions (Crash Level)
2021-04-22T23:25:00.000,I 75,I 75 and Canton Rd Conn,,Rear End,2,Clear,Dry,Dark-Not Lighted
2021-06-06T11:15:00.000,I 75,I 75 and Canton Rd Conn,,Sideswipe-Same Direction,2,Cloudy,Dry,Daylight
2021-02-14T22:47:00.000,I 75,I 75 and Canton Rd Conn,,Not a Collision with Motor Vehicle,1,Rain,Wet,Dark-Not Lighted
2021-04-24T08:05:00.000,I 75,I 75 and Canton Rd Conn,,Not a Collision with Motor Vehicle,1,Rain,Wet,Daylight
2021-01-09T13:00:00.000,I 75,I 75 and Canton Rd Conn,,Sideswipe-Same Direction,2,Clear,Dry,Daylight
2023-10-25T16:57:00.000,I 75,I 75 and Canton Rd Conn,,(None),2,(None),(None),(None)
2023-08-04T02:30:00.000,I 75,I 75 and Canton Rd Conn,,Rear End,2,Cloudy,Dry,Daylight
2023-12-03T05:35:00.000,I 75,I 75 and Canton Rd Conn,,(None),1,(None),(None),(None)
2023-03-12T21:33:00.000,I 75,I 75 and Canton Rd Conn,,Angle Crash,2,Rain,Wet,Dark-Not Lighted
2023-11-03T09:54:00.000,I 75,I 75 and Canton Rd Conn,,Rear End,2,Clear,Dry,Daylight
2023-07-08T14:44:00.000,I 75,I 75 and Canton Rd Conn,,Angle Crash,2,Clear,Dry,Daylight
2023-02-17T05:49:00.000,I 75,I 75 and Canton Rd Conn,,Not a Collision with Motor Vehicle,1,Rain,Wet,Dark-Not Lighted
2023-12-16T10:10:00.000,I 75,I 75 and Canton Rd Conn,,(None),2,(None),(None),(None)
2022-06-14T22:26:00.000,I 75,I 75 and Canton Rd Conn,,Angle Crash,3,Cloudy,Dry,Dark-Not Lighted
2022-12-14T16:34:00.000,I 75,I 75 and Canton Rd Conn,,Sideswipe-Same Direction,2,Rain,Wet,Daylight
2022-02-02T17:30:00.000,I 75,I 75 and Canton Rd Conn,,Rear End,2,Cloudy,Dry,Daylight
2022-10-29T19:25:00.000,I 75,I 75 and Canton Rd Conn,,Rear End,2,Cloudy,Dry,Dark-Not Lighted
2022-01-20T00:10:00.000,I 75,I 75 and Canton Rd Conn,,Not a Collision with Motor Vehicle,1,Clear,Dry,Dark-Lighted
2023-02-02T20:56:00.000,I 75,I 75 and Canton Rd Conn,,Sideswipe-Same Direction,2,Rain,Wet,Dark-Not Lighted
2020-06-14T13:46:00.000,I 75,I 75 and Canton Rd Conn,,Sideswipe-Same Direction,2,Clear,Dry,Daylight
2020-05-18T22:04:00.000,I 75,I 75 and Canton Rd Conn,,Not a Collision with Motor Vehicle,1,Clear,Dry,Dark-Not Lighted
2020-02-18T22:30:00.000,I 75,I 75 and Canton Rd Conn,,Rear End,2,Rain,Wet,Dark-Lighted
2020-06-18T23:59:00.000,I 75,I 75 and Canton Rd Conn,,Rear End,2,Clear,Dry,Dark-Lighted
2020-05-18T22:00:00.000,I 75,I 75 and Canton Rd Conn,,Not a Collision with Motor Vehicle,1,Clear,Dry,Dark-Not Lighted
2020-01-12T13:20:00.000,I 75,I 75 and Canton Rd Conn,,Angle Crash,2,Clear,Dry,Daylight
2020-06-13T14:34:00.000,I 75,I 75 and Canton Rd Conn,,Rear End,2,Cloudy,Dry,Daylight
2020-11-11T20:31:00.000,I 75,I 75 and Canton Rd Conn,,Sideswipe-Same Direction,2,Clear,Wet,Dark-Lighted
2020-08-16T14:25:00.000,I 75,I 75 and Canton Rd Conn,,Angle Crash,2,Cloudy,Dry,Daylight
2020-07-10T22:12:00.000,I 75,I 75 and Canton Rd Conn,,Rear End,2,Clear,Dry,Dark-Not Lighted
2021-05-31T18:50:00.000,I 75,I 75 and Canton Rd Conn,,Sideswipe-Same Direction,2,Clear,Dry,Daylight
2021-06-30T01:24:00.000,I 75,I 75 and Canton Rd Conn,,Sideswipe-Same Direction,2,Clear,Dry,Dark-Lighted
2021-06-05T11:14:00.000,I 75,I 75 and Canton Rd Conn,,Rear End,3,Cloudy,Dry,Daylight
2021-05-18T06:29:00.000,I 75,I 75 and Canton Rd Conn,,Sideswipe-Same Direction,3,Cloudy,Dry,Dawn
2021-02-24T21:37:00.000,I 75,I 75 and Canton Rd Conn,,Angle Crash,3,Clear,Dry,Dark-Not Lighted
2021-03-03T11:30:00.000,I 75,I 75 and Canton Rd Conn,,Sideswipe-Same Direction,2,Clear,Dry,Daylight
2021-09-17T16:30:00.000,I 75,I 75 and Canton Rd Conn,,Rear End,2,Cloudy,Dry,Daylight
2021-12-15T22:40:00.000,I 75,I 75 and Canton Rd Conn,,Sideswipe-Same Direction,2,Clear,Dry,Dark-Not Lighted
2021-08-18T16:44:00.000,I 75,I 75 and Canton Rd Conn,,Not a Collision with Motor Vehicle,2,Clear,Dry,Daylight
2021-08-11T07:55:00.000,I 75,I 75 and Canton Rd Conn,,Rear End,2,Clear,Dry,Daylight
2021-07-12T15:54:00.000,I 75,I 75 and Canton Rd Conn,,Sideswipe-Same Direction,2,Cloudy,Dry,Daylight
2021-11-24T06:47:00.000,I 75,I 75 and Canton Rd Conn,,Sideswipe-Same Direction,2,Clear,Dry,Dawn
2022-01-20T00:10:00.000,I 75,I 75 and Canton Rd Conn,,Not a Collision with Motor Vehicle,1,Clear,Dry,Dark-Lighted
2021-12-07T12:10:00.000,I 75,I 75 and Canton Rd Conn,,Sideswipe-Same Direction,2,Cloudy,Dry,Daylight
2022-10-16T15:55:00.000,I 75,I 75 and Canton Rd Conn,,Rear End,2,Clear,Dry,Daylight
2022-08-18T17:33:00.000,I 75,I 75 and Canton Rd Conn,,Angle Crash,2,Cloudy,Dry,Daylight
2022-11-07T12:10:00.000,I 75,I 75 and Canton Rd Conn,,Sideswipe-Same Direction,2,Clear,Dry,Daylight
2022-07-21T22:16:00.000,I 75,I 75 and Canton Rd Conn,,Not a Collision with Motor Vehicle,1,Clear,Dry,Dark-Not Lighted
2022-09-10T12:21:00.000,I 75,I 75 and Canton Rd Conn,,Rear End,2,Cloudy,Wet,Daylight
2022-05-11T22:23:00.000,I 75,I 75 and Canton Rd Conn,,Rear End,2,Clear,Dry,Dark-Not Lighted
2022-02-23T10:07:00.000,I 75,I 75 and Canton Rd Conn,,Rear End,2,Cloudy,Dry,Daylight
2022-05-25T17:31:00.000,I 75,I 75 and Canton Rd Conn,,Rear End,2,Rain,Wet,Daylight
2022-05-27T19:30:00.000,I 75,I 75 and Canton Rd Conn,,Rear End,2,Clear,Dry,Dark-Not Lighted
2022-04-11T17:30:00.000,I 75,I 75 and Canton Rd Conn,,Sideswipe-Same Direction,2,Clear,Dry,Daylight
2022-02-18T13:10:00.000,I 75,I 75 and Canton Rd Conn,,Rear End,2,Clear,Dry,Daylight
2022-12-15T16:32:00.000,I 75,I 75 and Canton Rd Conn,,Angle Crash,2,Clear,Dry,Daylight
2022-05-22T07:44:00.000,I 75,I 75 and Canton Rd Conn,,Sideswipe-Same Direction,2,Clear,Dry,Daylight
2022-01-06T22:00:00.000,I 75,I 75 and Canton Rd Conn,,Rear End,2,Clear,Dry,Dark-Not Lighted
2022-11-23T18:52:00.000,I 75,I 75 and Canton Rd Conn,,Rear End,2,Clear,Dry,Dark-Not Lighted
2022-07-01T04:00:00.000,I 75,I 75 and Canton Rd Conn,,Sideswipe-Same Direction,2,Cloudy,Dry,Dark-Lighted
2022-03-06T16:47:00.000,I 75,I 75 and Canton Rd Conn,,Rear End,2,Cloudy,Dry,Daylight
2022-12-30T21:02:00.000,I 75,I 75 and Canton Rd Conn,,Angle Crash,2,Cloudy,Dry,Dark-Not Lighted
2022-10-22T16:33:00.000,I 75,I 75 and Canton Rd Conn,,Rear End,2,Cloudy,Dry,Daylight
2022-12-21T16:06:00.000,I 75,I 75 and Canton Rd Conn,,Sideswipe-Same Direction,2,Clear,Dry,Daylight
2022-07-26T05:48:00.000,I 75,I 75 and Canton Rd Conn,,Angle Crash,2,Clear,Dry,Dark-Not Lighted
2022-10-08T11:37:00.000,I 75,I 75 and Canton Rd Conn,,Rear End,2,Clear,Dry,Daylight
2022-01-20T00:10:00.000,I 75,I 75 and Canton Rd Conn,,Not a Collision with Motor Vehicle,1,Clear,Dry,Dark-Lighted
2022-02-11T14:40:00.000,I 75,I 75 and Canton Rd Conn,,Sideswipe-Same Direction,2,Clear,Dry,Daylight
2022-05-25T16:04:00.000,I 75,I 75 and Canton Rd Conn,,Rear End,2,Rain,Wet,Daylight
2022-10-28T22:31:00.000,I 75,I 75 and Canton Rd Conn,,Not a Collision with Motor Vehicle,2,Clear,Dry,Dark-Lighted
2022-10-16T15:08:00.000,I 75,I 75 and Canton Rd Conn,,Angle Crash,2,Clear,Dry,Daylight
2022-02-04T19:55:00.000,I 75,I 75 and Canton Rd Conn,,Angle Crash,2,Clear,Dry,Dark-Not Lighted
2022-08-27T15:11:00.000,I 75,I 75 and Canton Rd Conn,,Rear End,2,Cloudy,Dry,Daylight
2022-11-29T19:03:00.000,I 75,I 75 and Canton Rd Conn,,Angle Crash,2,Clear,Dry,Dark-Not Lighted
2022-10-05T16:49:00.000,I 75,I 75 and Canton Rd Conn,,Angle Crash,2,Clear,Dry,Daylight
2022-10-15T13:28:00.000,I 75,I 75 and Canton Rd Conn,,Rear End,2,Clear,Dry,Daylight
2022-09-12T02:48:00.000,I 75,I 75 and Canton Rd Conn,,Not a Collision with Motor Vehicle,1,Rain,Wet,Dark-Not Lighted
2022-09-21T14:39:00.000,I 75,I 75 and Canton Rd Conn,,Rear End,2,Clear,Dry,Daylight
2022-01-21T00:10:00.000,I 75,I 75 and Canton Rd Conn,,Not a Collision with Motor Vehicle,1,Clear,Dry,Dark-Lighted
2023-01-17T16:40:00.000,I 75,I 75 and Canton Rd Conn,,Sideswipe-Same Direction,2,Cloudy,Dry,Daylight
2024-02-11T19:20:00.000,I 75,I 75 and Canton Rd Conn,,Angle Crash,2,Cloudy,Dry,Dark-Not Lighted
2024-06-28T17:09:00.000,I 75,I 75 and Canton Rd Conn,,Sideswipe-Same Direction,2,Cloudy,Dry,Daylight
2024-04-21T13:45:00.000,I 75,I 75 and Canton Rd Conn,,Rear End,2,Cloudy,Wet,Daylight
2024-05-20T07:00:00.000,I 75,I 75 and Canton Rd Conn,,Sideswipe-Same Direction,2,Clear,Dry,Daylight
2024-05-05T13:29:00.000,I 75,I 75 and Canton Rd Conn,,Rear End,2,Cloudy,Dry,Daylight
2024-11-25T10:40:00.000,I 75,I 75 and Canton Rd Conn,,Sideswipe-Same Direction,2,Clear,Dry,Daylight
2024-10-25T15:32:00.000,I 75,I 75 and Canton Rd Conn,,Rear End,2,Clear,Dry,Daylight
2023-03-05T15:18:00.000,I 75,I 75 and Canton Rd Conn,,Rear End,2,Clear,Dry,Daylight
2023-11-16T16:39:00.000,I 75,I 75 and Canton Rd Conn,,Rear End,2,Cloudy,Dry,Daylight
2023-10-18T22:49:00.000,I 75,I 75 and Canton Rd Conn,,(None),2,(None),(None),(None)
2023-06-14T15:41:00.000,I 75,I 75 and Canton Rd Conn,,Rear End,2,Rain,Wet,Daylight
2023-01-23T08:20:00.000,I 75,I 75 and Canton Rd Conn,,Rear End,2,Clear,Dry,Daylight
2023-11-17T09:58:00.000,I 75,I 75 and Canton Rd Conn,,Rear End,2,Cloudy,Dry,Daylight
2023-12-15T12:45:00.000,I 75,I 75 and Canton Rd Conn,,Not a Collision with Motor Vehicle,1,Clear,Dry,Daylight
2023-01-17T17:40:00.000,I 75,I 75 and Canton Rd Conn,,Not a Collision with Motor Vehicle,1,Cloudy,Dry,Daylight
2023-08-11T05:30:00.000,I 75,I 75 and Canton Rd Conn,,Sideswipe-Same Direction,2,Rain,Wet,Dark-Not Lighted
2023-01-17T16:40:00.000,I 75,I 75 and Canton Rd Conn,,Rear End,2,Cloudy,Dry,Daylight
2023-03-02T07:25:00.000,I 75,I 75 and Canton Rd Conn,,Rear End,2,Rain,Wet,Dusk
2023-07-28T06:54:00.000,I 75,I 75 and Canton Rd Conn,,Angle Crash,2,Clear,Dry,Daylight
2024-05-15T08:27:00.000,I 75,I 75 and Canton Rd Conn,,Rear End,2,Clear,Dry,Daylight
2024-10-10T14:30:00.000,I 75,I 75 and Canton Rd Conn,,Rear End,2,Clear,Dry,Daylight
2024-04-25T22:09:00.000,I 75,I 75 and Canton Rd Conn,,Rear End,3,Cloudy,Dry,Dark-Not Lighted
2024-03-14T15:10:00.000,I 75,I 75 and Canton Rd Conn,,Sideswipe-Same Direction,2,Clear,Dry,Daylight
2024-08-28T09:13:00.000,I 75,I 75 and Canton Rd Conn,,Rear End,2,Clear,Dry,Daylight
2024-06-20T09:30:00.000,I 75,I 75 and Canton Rd Conn,,Sideswipe-Same Direction,3,Clear,Dry,Daylight
2024-10-10T15:06:00.000,I 75,I 75 and Canton Rd Conn,,Rear End,2,Clear,Dry,Daylight
2024-02-19T17:08:00.000,I 75,I 75 and Canton Rd Conn,,Sideswipe-Same Direction,2,Clear,Dry,Daylight
2024-04-21T13:20:00.000,I 75,I 75 and Canton Rd Conn,,Rear End,2,Rain,Dry,Daylight
2024-07-25T14:40:00.000,I 75,I 75 and Canton Rd Conn,,Rear End,2,Cloudy,Dry,Daylight
2024-01-01T20:05:00.000,I 75,I 75 and Canton Rd Conn,,(None),2,(None),(None),(None)
2024-06-15T00:13:00.000,I 75,I 75 and Canton Rd Conn,,Rear End,2,Clear,Dry,Dark-Not Lighted
2024-04-27T21:15:00.000,I 75,I 75 and Canton Rd Conn,,Rear End,2,Cloudy,Dry,Dark-Not Lighted
2024-02-02T13:59:00.000,I 75,I 75 and Canton Rd Conn,,Sideswipe-Same Direction,2,Clear,Dry,Daylight
2024-05-31T22:07:00.000,I 75,I 75 and Canton Rd Conn,,Sideswipe-Same Direction,2,Clear,Dry,Dark-Not Lighted
2024-12-09T08:06:00.000,I 75,I 75 and Canton Rd Conn,,Sideswipe-Same Direction,2,Clear,Wet,Daylight
2024-05-20T14:00:00.000,I 75,I 75 and Canton Rd Conn,,Angle Crash,2,Clear,Dry,Daylight
2024-01-11T09:37:00.000,I 75,I 75 and Canton Rd Conn,,(None),2,(None),(None),(None)
2022-02-19T18:48:00.000,I 75,I 75 and Canton Rd Cnt Entranceramp,,Rear End,2,Clear,Dry,Dark-Not Lighted
2022-02-19T18:50:00.000,I 75,I 75 and Canton Rd Cnt Entrance Rp,,Angle Crash,2,Clear,Dry,Dark-Not Lighted
2023-09-19T00:13:00.000,I 75,I 75 and Canton Rd Brdg,,Not a Collision with Motor Vehicle,1,Clear,Dry,Dark-Lighted
2021-06-02T19:09:00.000,I 75,I 75 and Canton Rd,,Not a Collision with Motor Vehicle,1,Clear,Dry,Daylight
2021-06-25T11:42:00.000,I 75,I 75 and Canton Rd,,Not a Collision with Motor Vehicle,1,Cloudy,Dry,Daylight
2021-02-08T11:59:00.000,I 75,I 75 and Canton Rd,,Not a Collision with Motor Vehicle,2,Cloudy,Dry,Daylight
2021-06-08T12:59:00.000,I 75,I 75 and Canton Rd,,Sideswipe-Same Direction,2,Cloudy,Dry,Daylight
2021-09-16T19:18:00.000,I 75,I 75 and Canton Rd,,Rear End,2,Cloudy,Dry,Daylight
2021-08-17T06:28:00.000,I 75,I 75 and Canton Rd,,Angle Crash,2,Rain,Wet,Daylight
2021-11-09T08:54:00.000,I 75,I 75 and Canton Rd,,Rear End,2,Clear,Dry,Daylight
2021-08-26T10:40:00.000,I 75,I 75 and Canton Rd,,Not a Collision with Motor Vehicle,2,Clear,Dry,Daylight
2021-08-27T17:42:00.000,I 75,I 75 and Canton Rd,,Rear End,3,Clear,Dry,Daylight
2021-10-11T16:58:00.000,I 75,I 75 and Canton Rd,,Sideswipe-Same Direction,2,Clear,Dry,Daylight
2021-07-23T14:25:00.000,I 75,I 75 and Canton Rd,,Sideswipe-Same Direction,2,Cloudy,Dry,Daylight
2021-09-02T07:00:00.000,I 75,I 75 and Canton Rd,,Not a Collision with Motor Vehicle,1,Cloudy,Dry,Daylight
2021-08-25T18:50:00.000,I 75,I 75 and Canton Rd,,Rear End,2,Clear,Dry,Daylight
2021-04-29T07:57:00.000,I 75,I 75 and Canton Rd,,Rear End,3,Cloudy,Dry,Daylight
2021-04-09T13:24:00.000,I 75,I 75 and Canton Rd,,Sideswipe-Same Direction,2,Cloudy,Dry,Daylight
2021-06-14T17:15:00.000,I 75,I 75 and Canton Rd,,Rear End,2,Clear,Dry,Daylight
2021-06-09T15:15:00.000,I 75,I 75 and Canton Rd,,Sideswipe-Same Direction,2,Cloudy,Dry,Daylight
2021-03-11T09:45:00.000,I 75,I 75 and Canton Rd,,Sideswipe-Same Direction,2,Cloudy,Dry,Daylight
2021-02-23T07:43:00.000,I 75,I 75 and Canton Rd,,Rear End,2,Clear,Dry,Daylight
2021-06-04T12:38:00.000,I 75,I 75 and Canton Rd,,Angle Crash,2,Cloudy,Dry,Daylight
2021-06-25T12:12:00.000,I 75,I 75 and Canton Rd,,Sideswipe-Same Direction,2,Cloudy,Dry,Daylight
2021-05-07T16:15:00.000,I 75,I 75 and Canton Rd,,Rear End,2,Clear,Dry,Daylight
2021-05-24T16:38:00.000,I 75,I 75 and Canton Rd,,Rear End,3,Cloudy,Dry,Daylight
2021-04-06T18:20:00.000,I 75,I 75 and Canton Rd,,Not a Collision with Motor Vehicle,1,Clear,Dry,Daylight
2021-04-23T16:00:00.000,I 75,I 75 and Canton Rd,,Sideswipe-Same Direction,2,Clear,Dry,Daylight
2021-05-20T05:59:00.000,I 75,I 75 and Canton Rd,,Rear End,2,Clear,Dry,Daylight
2021-01-27T16:34:00.000,I 75,I 75 and Canton Rd,,Rear End,2,Rain,Wet,Daylight
2021-03-29T12:36:00.000,I 75,I 75 and Canton Rd,,Rear End,2,Clear,Dry,Daylight
2021-11-30T17:03:00.000,I 75,I 75 and Canton Rd,,Sideswipe-Same Direction,2,Clear,Dry,Daylight
2021-08-27T17:50:00.000,I 75,I 75 and Canton Rd,,Sideswipe-Same Direction,2,Cloudy,Dry,Daylight
2021-07-10T17:00:00.000,I 75,I 75 and Canton Rd,,Sideswipe-Same Direction,2,Cloudy,Dry,Daylight
2021-08-23T08:02:00.000,I 75,I 75 and Canton Rd,,Sideswipe-Same Direction,3,Clear,Dry,Daylight
2021-08-19T08:00:00.000,I 75,I 75 and Canton Rd,,Rear End,2,Clear,Dry,Daylight
2021-08-10T08:56:00.000,I 75,I 75 and Canton Rd,,Sideswipe-Same Direction,2,Clear,Dry,Daylight
2021-10-26T16:29:00.000,I 75,I 75 and Canton Rd,,Rear End,2,Clear,Dry,Daylight
2021-12-02T17:25:00.000,I 75,I 75 and Canton Rd,,Rear End,2,Clear,Dry,Dusk
2021-12-17T18:30:00.000,I 75,I 75 and Canton Rd,,Rear End,2,Cloudy,Dry,Dark-Not Lighted
2021-04-01T16:00:00.000,I 75,I 75 and Canton Rd,,Rear End,2,Clear,Dry,Daylight
2021-01-30T13:39:00.000,I 75,I 75 and Canton Rd,,Rear End,2,Clear,Dry,Daylight
2021-04-02T14:00:00.000,I 75,I 75 and Canton Rd,,Rear End,2,Clear,Dry,Daylight
2021-05-21T09:15:00.000,I 75,I 75 and Canton Rd,,Not a Collision with Motor Vehicle,1,Clear,Dry,Daylight
2021-09-21T21:00:00.000,I 75,I 75 and Canton Rd,,Angle Crash,2,Rain,Wet,Dark-Not Lighted
2021-08-27T16:45:00.000,I 75,I 75 and Canton Rd,,Rear End,2,Clear,Dry,Daylight
2021-07-30T18:26:00.000,I 75,I 75 and Canton Rd,,Sideswipe-Same Direction,2,Cloudy,Dry,Daylight
2021-12-02T14:42:00.000,I 75,I 75 and Canton Rd,,Sideswipe-Same Direction,2,Clear,Dry,Daylight
2021-08-25T07:00:00.000,I 75,I 75 and Canton Rd,,Rear End,2,Clear,Wet,Daylight
2021-04-15T14:00:00.000,I 75,I 75 and Canton Rd,,Rear End,2,Clear,Dry,Daylight
2021-03-29T15:10:00.000,I 75,I 75 and Canton Rd,,Rear End,2,Clear,Dry,Daylight
2021-02-04T15:07:00.000,I 75,I 75 and Canton Rd,,Angle Crash,2,Cloudy,Dry,Daylight
2021-06-29T17:35:00.000,I 75,I 75 and Canton Rd,,Rear End,2,Cloudy,Dry,Daylight
2021-04-09T17:50:00.000,I 75,I 75 and Canton Rd,,Sideswipe-Same Direction,1,Cloudy,Dry,Daylight
2020-04-20T17:38:00.000,I 75,I 75 and Canton Rd,,Not a Collision with Motor Vehicle,1,Cloudy,Dry,Daylight
2020-12-18T15:00:00.000,I 75,I 75 and Canton Rd,,Sideswipe-Same Direction,2,Clear,Dry,Daylight
2020-01-02T13:00:00.000,I 75,I 75 and Canton Rd,,Head On,2,Rain,Wet,Daylight
2020-07-23T12:15:00.000,I 75,I 75 and Canton Rd,,Sideswipe-Same Direction,2,Cloudy,Dry,Daylight
2023-06-22T15:40:00.000,I 75,I 75 and Canton Rd,,Rear End,3,Cloudy,Dry,Daylight
2023-10-17T17:56:00.000,I 75,I 75 and Canton Rd,,Sideswipe-Same Direction,2,Clear,Dry,Daylight
2023-02-10T08:42:00.000,I 75,I 75 and Canton Rd,,Sideswipe-Same Direction,3,Clear,Dry,Daylight
2023-12-05T18:03:00.000,I 75,I 75 and Canton Rd,,Sideswipe-Same Direction,3,Clear,Dry,Dark-Not Lighted
2023-06-23T14:09:00.000,I 75,I 75 and Canton Rd,,Rear End,2,Cloudy,Dry,Daylight
2023-09-19T06:06:00.000,I 75,I 75 and Canton Rd,,Sideswipe-Same Direction,2,Cloudy,Dry,Dark-Not Lighted
2023-06-26T09:02:00.000,I 75,I 75 and Canton Rd,,Rear End,2,Cloudy,Dry,Daylight
2023-04-26T14:23:00.000,I 75,I 75 and Canton Rd,,Rear End,2,Cloudy,Dry,Daylight
2023-05-25T08:19:00.000,I 75,I 75 and Canton Rd,,Rear End,2,Clear,Dry,Daylight
2023-06-13T14:50:00.000,I 75,I 75 and Canton Rd,,Sideswipe-Same Direction,2,Clear,Dry,Daylight
2023-11-06T08:55:00.000,I 75,I 75 and Canton Rd,,Rear End,4,Clear,Dry,Daylight
2023-08-18T08:04:00.000,I 75,I 75 and Canton Rd,,Not a Collision with Motor Vehicle,2,Clear,Dry,Daylight
2023-12-05T12:46:00.000,I 75,I 75 and Canton Rd,,Sideswipe-Same Direction,2,Clear,Dry,Daylight
2023-03-09T12:43:00.000,I 75,I 75 and Canton Rd,,Sideswipe-Same Direction,2,Cloudy,Dry,Daylight
2023-03-28T17:00:00.000,I 75,I 75 and Canton Rd,,Rear End,2,Clear,Dry,Daylight
2023-05-22T09:55:00.000,I 75,I 75 and Canton Rd,,Sideswipe-Same Direction,2,Clear,Dry,Daylight
2023-08-08T07:00:00.000,I 75,I 75 and Canton Rd,,Rear End,3,Clear,Dry,Daylight
2023-11-20T14:03:00.000,I 75,I 75 and Canton Rd,,Rear End,2,Cloudy,Dry,Daylight
2023-04-17T15:55:00.000,I 75,I 75 and Canton Rd,,Rear End,2,Clear,Dry,Daylight
2023-06-19T16:33:00.000,I 75,I 75 and Canton Rd,,Sideswipe-Same Direction,2,Cloudy,Dry,Daylight
2023-06-01T13:20:00.000,I 75,I 75 and Canton Rd,,Sideswipe-Same Direction,3,Clear,Dry,Daylight
2023-07-27T15:00:00.000,I 75,I 75 and Canton Rd,,Rear End,2,Clear,Dry,Daylight
2023-11-21T16:10:00.000,I 75,I 75 and Canton Rd,,Rear End,2,Rain,Wet,Daylight
2023-03-31T09:50:00.000,I 75,I 75 and Canton Rd,,Sideswipe-Same Direction,3,Clear,Dry,Daylight
2023-01-06T14:07:00.000,I 75,I 75 and Canton Rd,,Sideswipe-Same Direction,2,Clear,Dry,Daylight
2023-02-17T10:18:00.000,I 75,I 75 and Canton Rd,,Sideswipe-Same Direction,2,Cloudy,Wet,Daylight
2023-02-03T16:00:00.000,I 75,I 75 and Canton Rd,,Rear End,2,Clear,Dry,Daylight
2023-03-14T17:45:00.000,I 75,I 75 and Canton Rd,,Rear End,3,Clear,Dry,Daylight
2022-08-06T17:56:00.000,I 75,I 75 and Canton Rd,,Rear End,2,Cloudy,Dry,Daylight
2022-08-19T07:02:00.000,I 75,I 75 and Canton Rd,,Rear End,2,Cloudy,Dry,Daylight
2022-03-15T18:36:00.000,I 75,I 75 and Canton Rd,,Sideswipe-Same Direction,2,Cloudy,Wet,Daylight
2022-09-15T21:41:00.000,I 75,I 75 and Canton Rd,,Angle Crash,2,Clear,Dry,Dark-Not Lighted
2022-05-20T12:40:00.000,I 75,I 75 and Canton Rd,,Not a Collision with Motor Vehicle,2,Clear,Dry,Daylight
2020-11-11T07:45:00.000,I 75,I 75 and Canton Rd,,Sideswipe-Same Direction,2,Rain,Wet,Daylight
2023-02-14T08:16:00.000,I 75,I 75 and Canton Rd,,Sideswipe-Same Direction,2,Clear,Dry,Daylight
2024-07-18T08:34:00.000,I 75,I 75 and Canton Rd,,Rear End,2,Cloudy,Dry,Daylight
2024-07-16T08:27:00.000,I 75,I 75 and Canton Rd,,Sideswipe-Same Direction,2,Clear,Dry,Daylight
2020-11-25T14:17:00.000,I 75,I 75 and Canton Rd,,Rear End,2,Clear,Dry,Daylight
2020-11-13T09:45:00.000,I 75,I 75 and Canton Rd,,Sideswipe-Same Direction,2,Clear,Dry,Daylight
2020-11-30T12:52:00.000,I 75,I 75 and Canton Rd,,Not a Collision with Motor Vehicle,1,Cloudy,Dry,Daylight
2020-12-07T13:00:00.000,I 75,I 75 and Canton Rd,,Not a Collision with Motor Vehicle,2,Cloudy,Dry,Daylight
2020-11-16T06:45:00.000,I 75,I 75 and Canton Rd,,Rear End,2,Clear,Dry,Daylight
2020-12-24T07:55:00.000,I 75,I 75 and Canton Rd,,Sideswipe-Same Direction,2,Rain,Wet,Dawn
2020-08-17T12:15:00.000,I 75,I 75 and Canton Rd,,Sideswipe-Same Direction,2,Cloudy,Dry,Daylight
2020-06-05T11:40:00.000,I 75,I 75 and Canton Rd,,Rear End,2,Cloudy,Wet,Daylight
2020-10-08T19:35:00.000,I 75,I 75 and Canton Rd,,Rear End,2,Cloudy,Dry,Dark-Not Lighted
2020-10-02T10:10:00.000,I 75,I 75 and Canton Rd,,Sideswipe-Same Direction,2,Clear,Dry,Daylight
2020-12-24T07:15:00.000,I 75,I 75 and Canton Rd,,Not a Collision with Motor Vehicle,1,Rain,Wet,Dark-Not Lighted
2020-10-01T09:53:00.000,I 75,I 75 and Canton Rd,,Not a Collision with Motor Vehicle,1,Clear,Dry,Daylight
2020-11-20T16:22:00.000,I 75,I 75 and Canton Rd,,Rear End,2,Clear,Dry,Daylight
2020-06-22T08:00:00.000,I 75,I 75 and Canton Rd,,Rear End,2,Clear,Dry,Daylight
2020-03-18T04:30:00.000,I 75,I 75 and Canton Rd,,Sideswipe-Same Direction,2,Clear,Dry,Dark-Not Lighted
2020-11-30T06:55:00.000,I 75,I 75 and Canton Rd,,Sideswipe-Same Direction,2,Cloudy,Dry,Daylight
2020-10-08T19:35:00.000,I 75,I 75 and Canton Rd,,Rear End,2,Cloudy,Dry,Dark-Not Lighted
2020-07-10T12:22:00.000,I 75,I 75 and Canton Rd,,Rear End,3,Cloudy,Dry,Daylight
2020-07-24T13:17:00.000,I 75,I 75 and Canton Rd,,Rear End,2,Cloudy,Dry,Daylight
2020-04-13T02:20:00.000,I 75,I 75 and Canton Rd,,Not a Collision with Motor Vehicle,1,Severe Thunderstorm or Tornadic,Water (standing or moving),Dark-Not Lighted
2020-08-11T11:21:00.000,I 75,I 75 and Canton Rd,,Sideswipe-Same Direction,2,Cloudy,Dry,Daylight
2020-09-03T12:13:00.000,I 75,I 75 and Canton Rd,,Sideswipe-Same Direction,2,Clear,Dry,Daylight