Date and Time,Roadway (From Crash Report),Intersection Name (from Crash Report),KABCO Severity,Manner of Collision (Crash Level) ,# of Vehicles per crash ,Weather Conditions (Crash Level),Surface Condition (Crash Level) ,Light Conditions (Crash Level)
2020-06-12T11:15:00.000,I 75,I 75 and Canton Rd,,Sideswipe-Same Direction,2,Clear,Dry,Daylight
2020-09-11T17:55:00.000,I 75,I 75 and Canton Rd,,Rear End,2,Clear,Dry,Daylight
2020-10-02T17:29:00.000,I 75,I 75 and Canton Rd,,Rear End,2,Clear,Dry,Daylight
2020-12-24T09:04:00.000,I 75,I 75 and Canton Rd,,Not a Collision with Motor Vehicle,1,Rain,Wet,Daylight
2020-07-20T09:48:00.000,I 75,I 75 and Canton Rd,,Rear End,2,Cloudy,Dry,Daylight
2020-10-23T14:00:00.000,I 75,I 75 and Canton Rd,,Rear End,2,Clear,Dry,Daylight
2020-05-27T17:00:00.000,I 75,I 75 and Canton Rd,,Rear End,2,Cloudy,Wet,Daylight
2020-05-14T15:49:00.000,I 75,I 75 and Canton Rd,,Rear End,1,Cloudy,Dry,Daylight
2020-12-18T14:52:00.000,I 75,I 75 and Canton Rd,,Rear End,2,Clear,Dry,Daylight
2020-07-07T19:00:00.000,I 75,I 75 and Canton Rd,,Not a Collision with Motor Vehicle,1,Cloudy,Dry,Daylight
2020-10-08T19:35:00.000,I 75,I 75 and Canton Rd,,Rear End,3,Cloudy,Dry,Dark-Not Lighted
2020-11-23T11:12:00.000,I 75,I 75 and Canton Rd,,Sideswipe-Same Direction,2,Clear,Dry,Daylight
2020-09-11T06:15:00.000,I 75,I 75 and Canton Rd,,Sideswipe-Same Direction,2,Clear,Dry,Dark-Not Lighted
2020-11-16T06:45:00.000,I 75,I 75 and Canton Rd,,Rear End,2,Clear,Dry,Daylight
2020-12-13T23:00:00.000,I 75,I 75 and Canton Rd,,Not a Collision with Motor Vehicle,1,Rain,Wet,Dark-Lighted
2020-10-14T09:24:00.000,I 75,I 75 and Canton Rd,,Rear End,2,Clear,Dry,Daylight
2020-09-18T06:42:00.000,I 75,I 75 and Canton Rd,,Sideswipe-Same Direction,2,Cloudy,Dry,Dark-Not Lighted
2020-07-29T16:30:00.000,I 75,I 75 and Canton Rd,,Sideswipe-Same Direction,2,Cloudy,Dry,Daylight
2020-10-14T09:25:00.000,I 75,I 75 and Canton Rd,,Rear End,2,Clear,Other,Daylight
2021-02-01T18:39:00.000,I 75,I 75 and Canton Rd,,Rear End,3,Cloudy,Dry,Dark-Not Lighted
2021-05-28T16:00:00.000,I 75,I 75 and Canton Rd,,Sideswipe-Same Direction,2,Cloudy,Dry,Daylight
2021-02-11T20:27:00.000,I 75,I 75 and Canton Rd,,Rear End,2,Rain,Wet,Dark-Not Lighted
2021-06-22T08:40:00.000,I 75,I 75 and Canton Rd,,Rear End,2,Cloudy,Wet,Daylight
2021-02-04T13:36:00.000,I 75,I 75 and Canton Rd,,Not a Collision with Motor Vehicle,2,Cloudy,Dry,Daylight
2021-02-19T06:28:00.000,I 75,I 75 and Canton Rd,,Rear End,2,Cloudy,Dry,Dark-Not Lighted
2021-02-24T13:35:00.000,I 75,I 75 and Canton Rd,,Not a Collision with Motor Vehicle,2,Clear,Dry,Daylight
2021-05-04T13:47:00.000,I 75,I 75 and Canton Rd,,Angle Crash,2,Rain,Wet,Daylight
2021-05-06T16:58:00.000,I 75,I 75 and Canton Rd,,Rear End,2,Clear,Dry,Daylight
2021-06-27T19:34:00.000,I 75,I 75 and Canton Rd,,Not a Collision with Motor Vehicle,2,Clear,Dry,Daylight
2021-02-22T13:00:00.000,I 75,I 75 and Canton Rd,,Not a Collision with Motor Vehicle,1,Cloudy,Wet,Daylight
2021-03-29T08:35:00.000,I 75,I 75 and Canton Rd,,Sideswipe-Same Direction,2,Clear,Dry,Daylight
2021-02-21T15:25:00.000,I 75,I 75 and Canton Rd,,Sideswipe-Same Direction,2,Clear,Dry,Daylight
2021-04-14T08:37:00.000,I 75,I 75 and Canton Rd,,Sideswipe-Same Direction,2,Clear,Dry,Daylight
2021-06-11T08:40:00.000,I 75,I 75 and Canton Rd,,Rear End,2,Cloudy,Dry,Daylight
2021-09-14T08:25:00.000,I 75,I 75 and Canton Rd,,Rear End,2,Clear,Dry,Daylight
2021-08-25T18:35:00.000,I 75,I 75 and Canton Rd,,Sideswipe-Same Direction,2,Clear,Dry,Dusk
2021-12-10T17:05:00.000,I 75,I 75 and Canton Rd,,Rear End,2,Rain,Wet,Dark-Not Lighted
2021-07-28T15:29:00.000,I 75,I 75 and Canton Rd,,Not a Collision with Motor Vehicle,1,Clear,Dry,Daylight
2021-07-23T13:44:00.000,I 75,I 75 and Canton Rd,,Rear End,2,Cloudy,Dry,Daylight
2021-09-28T17:00:00.000,I 75,I 75 and Canton Rd,,Rear End,2,Clear,Dry,Daylight
2021-12-02T08:58:00.000,I 75,I 75 and Canton Rd,,Rear End,2,Clear,Dry,Daylight
2021-07-27T06:45:00.000,I 75,I 75 and Canton Rd,,Sideswipe-Same Direction,2,Clear,Dry,Dawn
2021-07-28T17:48:00.000,I 75,I 75 and Canton Rd,,Rear End,2,Cloudy,Dry,Daylight
2021-12-02T13:04:00.000,I 75,I 75 and Canton Rd,,Rear End,2,Clear,Dry,Daylight
2021-12-23T14:50:00.000,I 75,I 75 and Canton Rd,,Sideswipe-Same Direction,2,Clear,Dry,Daylight
2021-08-25T07:20:00.000,I 75,I 75 and Canton Rd,,Rear End,2,Clear,Wet,Daylight
2021-12-31T14:00:00.000,I 75,I 75 and Canton Rd,,Not a Collision with Motor Vehicle,1,Cloudy,Dry,Daylight
2021-07-01T08:20:00.000,I 75,I 75 and Canton Rd,,Sideswipe-Same Direction,2,Cloudy,Dry,Daylight
2021-11-16T18:58:00.000,I 75,I 75 and Canton Rd,,Sideswipe-Same Direction,2,Cloudy,Dry,Dark-Not Lighted
2021-07-22T14:25:00.000,I 75,I 75 and Canton Rd,,Sideswipe-Same Direction,2,Clear,Dry,Daylight
2021-11-26T17:38:00.000,I 75,I 75 and Canton Rd,,Sideswipe-Same Direction,2,Clear,Dry,Dark-Not Lighted
2021-11-10T19:05:00.000,I 75,I 75 and Canton Rd,,Sideswipe-Same Direction,2,Clear,Dry,Dark-Not Lighted
2021-11-12T09:26:00.000,I 75,I 75 and Canton Rd,,Rear End,3,Clear,Dry,Daylight
2021-10-13T11:21:00.000,I 75,I 75 and Canton Rd,,Sideswipe-Same Direction,2,Clear,Dry,Daylight
2021-10-25T06:41:00.000,I 75,I 75 and Canton Rd,,Rear End,3,Cloudy,Dry,Daylight
2022-06-24T07:12:00.000,I 75,I 75 and Canton Rd,,Sideswipe-Same Direction,2,Clear,Dry,Daylight
2022-04-26T13:27:00.000,I 75,I 75 and Canton Rd,,Sideswipe-Same Direction,2,Cloudy,Dry,Daylight
2022-04-07T12:32:00.000,I 75,I 75 and Canton Rd,,Rear End,2,Clear,Dry,Daylight
2022-07-05T12:59:00.000,I 75,I 75 and Canton Rd,,Not a Collision with Motor Vehicle,1,Clear,Dry,Daylight
2022-03-01T09:20:00.000,I 75,I 75 and Canton Rd,,Rear End,3,Clear,Dry,Daylight
2022-09-23T15:30:00.000,I 75,I 75 and Canton Rd,,Rear End,4,Clear,Dry,Daylight
2022-02-10T17:49:00.000,I 75,I 75 and Canton Rd,,Sideswipe-Same Direction,2,Clear,Dry,Daylight
2022-09-05T14:00:00.000,I 75,I 75 and Canton Rd,,Sideswipe-Same Direction,2,Cloudy,Dry,Daylight
2021-09-07T17:50:00.000,I 75,I 75 and Canton Rd,,Rear End,2,Clear,Dry,Daylight
2021-08-11T17:00:00.000,I 75,I 75 and Canton Rd,,Rear End,4,Rain,Wet,Daylight
2021-11-11T18:35:00.000,I 75,I 75 and Canton Rd,,Sideswipe-Same Direction,2,Rain,Wet,Dark-Not Lighted
2021-07-27T12:55:00.000,I 75,I 75 and Canton Rd,,Angle Crash,4,Clear,Dry,Daylight
2022-08-02T07:54:00.000,I 75,I 75 and Canton Rd,,Rear End,2,Cloudy,Dry,Daylight
2022-09-15T21:35:00.000,I 75,I 75 and Canton Rd,,Sideswipe-Same Direction,2,Clear,Dry,Dark-Not Lighted
2022-10-25T13:30:00.000,I 75,I 75 and Canton Rd,,Rear End,2,Clear,Dry,Daylight
2022-12-22T10:05:00.000,I 75,I 75 and Canton Rd,,Rear End,3,Cloudy,Dry,Daylight
2022-05-27T17:31:00.000,I 75,I 75 and Canton Rd,,Rear End,2,Clear,Dry,Daylight
2022-04-06T14:50:00.000,I 75,I 75 and Canton Rd,,Rear End,2,Clear,Dry,Daylight
2022-02-21T18:00:00.000,I 75,I 75 and Canton Rd,,Sideswipe-Same Direction,2,Rain,Wet,Dusk
2022-02-19T14:52:00.000,I 75,I 75 and Canton Rd,,Rear End,2,Clear,Dry,Daylight
2022-11-14T15:32:00.000,I 75,I 75 and Canton Rd,,Rear End,2,Cloudy,Dry,Daylight
2022-03-30T16:27:00.000,I 75,I 75 and Canton Rd,,Rear End,2,Clear,Dry,Daylight
2022-07-05T10:58:00.000,I 75,I 75 and Canton Rd,,Not a Collision with Motor Vehicle,1,Clear,Dry,Daylight
2022-08-09T17:20:00.000,I 75,I 75 and Canton Rd,,Sideswipe-Same Direction,2,Clear,Dry,Daylight
2022-04-08T14:10:00.000,I 75,I 75 and Canton Rd,,Rear End,2,Cloudy,Dry,Daylight
2022-08-12T08:17:00.000,I 75,I 75 and Canton Rd,,Rear End,2,Cloudy,Dry,Daylight
2022-02-07T08:15:00.000,I 75,I 75 and Canton Rd,,Not a Collision with Motor Vehicle,2,Clear,Dry,Daylight
2022-03-01T08:49:00.000,I 75,I 75 and Canton Rd,,Sideswipe-Same Direction,2,Clear,Dry,Daylight
2022-07-05T12:07:00.000,I 75,I 75 and Canton Rd,,Not a Collision with Motor Vehicle,1,Clear,Dry,Daylight
2022-08-15T14:29:00.000,I 75,I 75 and Canton Rd,,Rear End,2,Cloudy,Dry,Daylight
2022-03-03T16:41:00.000,I 75,I 75 and Canton Rd,,Sideswipe-Same Direction,2,Clear,Dry,Dark-Lighted
2022-07-29T23:00:00.000,I 75,I 75 and Canton Rd,,Rear End,2,Cloudy,Dry,Dark-Not Lighted
2022-07-26T12:31:00.000,I 75,I 75 and Canton Rd,,Rear End,2,Clear,Dry,Daylight
2022-04-06T15:34:00.000,I 75,I 75 and Canton Rd,,Rear End,3,Cloudy,Dry,Daylight
2021-11-08T15:38:00.000,I 75,I 75 and Canton Rd,,Rear End,2,Clear,Dry,Daylight
2021-07-28T20:46:00.000,I 75,I 75 and Canton Rd,,Sideswipe-Same Direction,2,Clear,Dry,Daylight
2021-11-08T14:03:00.000,I 75,I 75 and Canton Rd,,Sideswipe-Same Direction,2,Clear,Dry,Daylight
2021-10-25T12:15:00.000,I 75,I 75 and Canton Rd,,Not a Collision with Motor Vehicle,1,Clear,Dry,Daylight
2022-07-28T18:37:00.000,I 75,I 75 and Canton Rd,,Angle Crash,2,Cloudy,Dry,Daylight
2022-05-17T18:55:00.000,I 75,I 75 and Canton Rd,,Rear End,2,Clear,Dry,Dusk
2022-04-01T11:40:00.000,I 75,I 75 and Canton Rd,,Rear End,3,Clear,Dry,Daylight
2022-03-11T15:28:00.000,I 75,I 75 and Canton Rd,,Rear End,2,Cloudy,Dry,Daylight
2022-05-17T15:50:00.000,I 75,I 75 and Canton Rd,,Angle Crash,2,Clear,Dry,Daylight
2022-02-28T11:38:00.000,I 75,I 75 and Canton Rd,,Sideswipe-Same Direction,2,Clear,Dry,Daylight
2022-10-07T10:55:00.000,I 75,I 75 and Canton Rd,,Rear End,2,Clear,Dry,Daylight
2022-08-12T07:00:00.000,I 75,I 75 and Canton Rd,,Not a Collision with Motor Vehicle,2,Cloudy,Dry,Daylight
2022-02-14T19:58:00.000,I 75,I 75 and Canton Rd,,Sideswipe-Same Direction,2,Clear,Dry,Dark-Not Lighted
2022-04-07T10:18:00.000,I 75,I 75 and Canton Rd,,Sideswipe-Same Direction,2,Clear,Dry,Daylight
2022-08-11T15:35:00.000,I 75,I 75 and Canton Rd,,Rear End,2,Cloudy,Dry,Daylight
2022-09-22T17:05:00.000,I 75,I 75 and Canton Rd,,Rear End,2,Clear,Dry,Daylight
2022-11-15T07:01:00.000,I 75,I 75 and Canton Rd,,Angle Crash,2,Rain,Wet,Dark-Not Lighted
2022-05-03T07:30:00.000,I 75,I 75 and Canton Rd,,Sideswipe-Same Direction,2,Clear,Dry,Daylight
2022-09-22T15:40:00.000,I 75,I 75 and Canton Rd,,Rear End,2,Cloudy,Dry,Daylight
2022-12-06T19:02:00.000,I 75,I 75 and Canton Rd,,Sideswipe-Same Direction,2,Cloudy,Wet,Dark-Not Lighted
2022-11-15T10:42:00.000,I 75,I 75 and Canton Rd,,Sideswipe-Same Direction,2,Rain,Wet,Daylight
2022-03-04T15:14:00.000,I 75,I 75 and Canton Rd,,Rear End,3,Clear,Dry,Daylight
2022-11-07T17:44:00.000,I 75,I 75 and Canton Rd,,Sideswipe-Same Direction,2,Clear,Dry,Daylight
2022-12-01T09:47:00.000,I 75,I 75 and Canton Rd,,Sideswipe-Same Direction,2,Clear,Dry,Daylight
2022-02-14T08:00:00.000,I 75,I 75 and Canton Rd,,Rear End,2,Clear,Dry,Daylight
2022-04-13T08:00:00.000,I 75,I 75 and Canton Rd,,Sideswipe-Same Direction,2,Cloudy,Dry,Daylight
2022-10-10T08:49:00.000,I 75,I 75 and Canton Rd,,Sideswipe-Same Direction,2,Clear,Dry,Daylight
2022-04-07T14:17:00.000,I 75,I 75 and Canton Rd,,Sideswipe-Same Direction,2,Cloudy,Dry,Daylight
2022-11-29T17:30:00.000,I 75,I 75 and Canton Rd,,Rear End,2,Cloudy,Dry,Dark-Not Lighted
2022-12-23T18:37:00.000,I 75,I 75 and Canton Rd,,Head On,2,Clear,Dry,Dark-Not Lighted
2022-11-01T13:00:00.000,I 75,I 75 and Canton Rd,,Sideswipe-Same Direction,2,Clear,Dry,Daylight
2022-07-18T06:37:00.000,I 75,I 75 and Canton Rd,,Sideswipe-Same Direction,2,Clear,Dry,Daylight
2022-03-14T12:49:00.000,I 75,I 75 and Canton Rd,,Rear End,3,Clear,Dry,Daylight
2022-09-02T15:05:00.000,I 75,I 75 and Canton Rd,,Sideswipe-Same Direction,2,Cloudy,Dry,Daylight
2022-08-02T07:49:00.000,I 75,I 75 and Canton Rd,,Rear End,2,Cloudy,Dry,Daylight
2022-06-28T14:10:00.000,I 75,I 75 and Canton Rd,,Sideswipe-Same Direction,2,Cloudy,Dry,Daylight
2022-05-22T15:00:00.000,I 75,I 75 and Canton Rd,,Sideswipe-Same Direction,2,Clear,Dry,Daylight
2022-09-29T15:12:00.000,I 75,I 75 and Canton Rd,,Sideswipe-Same Direction,2,Clear,Dry,Daylight
2022-04-12T09:24:00.000,I 75,I 75 and Canton Rd,,Rear End,2,Cloudy,Dry,Daylight
2022-08-23T16:13:00.000,I 75,I 75 and Canton Rd,,Not a Collision with Motor Vehicle,1,Clear,Dry,Daylight
2022-05-23T14:33:00.000,I 75,I 75 and Canton Rd,,Rear End,3,Rain,Wet,Daylight
2022-11-11T14:36:00.000,I 75,I 75 and Canton Rd,,Rear End,2,Rain,Wet,Daylight
2022-10-05T08:17:00.000,I 75,I 75 and Canton Rd,,Rear End,2,Cloudy,Dry,Daylight
2022-09-08T07:32:00.000,I 75,I 75 and Canton Rd,,Angle Crash,2,Clear,Dry,Daylight
2022-05-16T11:31:00.000,I 75,I 75 and Canton Rd,,Sideswipe-Same Direction,3,Clear,Dry,Daylight
2023-06-13T08:07:00.000,I 75,I 75 and Canton Rd,,Rear End,3,Clear,Dry,Daylight
2024-11-26T17:08:00.000,I 75,I 75 and Canton Rd,,Sideswipe-Same Direction,2,Clear,Dry,Dusk
2024-07-26T10:42:00.000,I 75,I 75 and Canton Rd,,Rear End,2,Cloudy,Dry,Daylight
2024-11-20T09:50:00.000,I 75,I 75 and Canton Rd,,Sideswipe-Same Direction,2,Cloudy,Dry,Daylight
2024-10-10T17:56:00.000,I 75,I 75 and Canton Rd,,Rear End,2,Clear,Dry,Daylight
2024-06-21T11:21:00.000,I 75,I 75 and Canton Rd,,Rear End,2,Clear,Dry,Daylight
2024-04-19T09:35:00.000,I 75,I 75 and Canton Rd,,Sideswipe-Same Direction,2,Clear,Dry,Daylight
2024-04-26T15:02:00.000,I 75,I 75 and Canton Rd,,Sideswipe-Same Direction,2,Cloudy,Dry,Daylight
2024-03-04T06:08:00.000,I 75,I 75 and Canton Rd,,Sideswipe-Same Direction,2,Cloudy,Dry,Dark-Not Lighted
2024-04-11T07:34:00.000,I 75,I 75 and Canton Rd,,Rear End,2,Clear,Wet,Daylight
2024-06-07T18:16:00.000,I 75,I 75 and Canton Rd,,Rear End,2,Clear,Dry,Daylight
2024-04-09T09:20:00.000,I 75,I 75 and Canton Rd,,Rear End,2,Rain,Wet,Daylight
2024-03-22T14:17:00.000,I 75,I 75 and Canton Rd,,Sideswipe-Same Direction,2,Rain,Wet,Daylight
2024-09-03T16:18:00.000,I 75,I 75 and Canton Rd,,Rear End,2,Clear,Dry,Daylight
2024-11-19T17:59:00.000,I 75,I 75 and Canton Rd,,Angle Crash,2,Rain,Wet,Dark-Not Lighted
2024-12-13T08:30:00.000,I 75,I 75 and Canton Rd,,Rear End,2,Clear,Dry,Daylight
2024-04-04T18:23:00.000,I 75,I 75 and Canton Rd,,Rear End,2,Clear,Dry,Daylight
2024-12-26T18:39:00.000,I 75,I 75 and Canton Rd,,Sideswipe-Same Direction,2,Clear,Dry,Dark-Not Lighted
2024-10-15T17:34:00.000,I 75,I 75 and Canton Rd,,Rear End,2,Clear,Dry,Daylight
2024-10-18T17:08:00.000,I 75,I 75 and Canton Rd,,Rear End,2,Clear,Dry,Daylight
2024-12-06T16:39:00.000,I 75,I 75 and Canton Rd,,Rear End,2,Clear,Dry,Daylight
2024-03-28T12:15:00.000,I 75,I 75 and Canton Rd,,Sideswipe-Same Direction,2,Clear,Dry,Daylight
2024-02-19T13:24:00.000,I 75,I 75 and Canton Rd,,Sideswipe-Same Direction,2,Clear,Dry,Daylight
2024-02-06T09:10:00.000,I 75,I 75 and Canton Rd,,Rear End,2,Clear,Dry,Daylight
2024-07-18T16:40:00.000,I 75,I 75 and Canton Rd,,Rear End,2,Rain,Wet,Daylight
2023-11-30T18:28:00.000,I 75,I 75 and Canton Rd,,Rear End,2,Clear,Dry,Dark-Not Lighted
2023-01-24T14:38:00.000,I 75,I 75 and Canton Rd,,Sideswipe-Opposite Direction,2,Cloudy,Dry,Daylight
2023-07-28T07:40:00.000,I 75,I 75 and Canton Rd,,Rear End,2,Clear,Dry,Daylight
2023-07-19T17:43:00.000,I 75,I 75 and Canton Rd,,Rear End,2,Cloudy,Dry,Daylight
2023-07-25T17:51:00.000,I 75,I 75 and Canton Rd,,Sideswipe-Same Direction,2,Clear,Dry,Daylight
2023-03-17T13:42:00.000,I 75,I 75 and Canton Rd,,Sideswipe-Same Direction,2,Rain,Wet,Daylight
2024-08-15T00:00:00.000,I 75,I 75 and Canton Rd,,Rear End,2,Cloudy,Dry,Daylight
2024-03-07T07:31:00.000,I 75,I 75 and Canton Rd,,Rear End,2,Clear,Dry,Daylight
2024-10-17T16:00:00.000,I 75,I 75 and Canton Rd,,Rear End,2,Clear,Dry,Daylight
2023-02-10T10:03:00.000,I 75,I 75 and Canton Rd,,Not a Collision with Motor Vehicle,1,Cloudy,Dry,Daylight
2023-01-12T12:23:00.000,I 75,I 75 and Canton Rd,,Sideswipe-Same Direction,2,Cloudy,Dry,Daylight
2023-01-06T08:04:00.000,I 75,I 75 and Canton Rd,,Not a Collision with Motor Vehicle,1,Clear,Dry,Daylight
2023-01-17T16:01:00.000,I 75,I 75 and Canton Rd,,Sideswipe-Same Direction,3,Cloudy,Dry,Daylight
2023-03-01T19:16:00.000,I 75,I 75 and Canton Rd,,Not a Collision with Motor Vehicle,1,Clear,Dry,Dark-Not Lighted
2023-04-06T13:26:00.000,I 75,I 75 and Canton Rd,,Rear End,2,Cloudy,Dry,Daylight
2023-07-17T16:00:00.000,I 75,I 75 and Canton Rd,,Rear End,4,Clear,Dry,Daylight
2023-02-16T16:16:00.000,I 75,I 75 and Canton Rd,,Not a Collision with Motor Vehicle,1,Cloudy,Dry,Daylight
2023-11-30T16:18:00.000,I 75,I 75 and Canton Rd,,Rear End,2,Clear,Dry,Dark-Not Lighted
2023-11-02T08:45:00.000,I 75,I 75 and Canton Rd,,Sideswipe-Same Direction,2,Clear,Dry,Daylight
2023-01-19T06:36:00.000,I 75,I 75 and Canton Rd,,Sideswipe-Same Direction,2,Cloudy,Wet,Daylight
2023-02-16T22:08:00.000,I 75,I 75 and Canton Rd,,Sideswipe-Same Direction,2,Rain,Wet,Dark-Not Lighted
2023-11-03T12:58:00.000,I 75,I 75 and Canton Rd,,Rear End,2,Clear,Dry,Daylight
2023-02-27T07:01:00.000,I 75,I 75 and Canton Rd,,Sideswipe-Same Direction,2,Cloudy,Dry,Daylight
2023-07-12T16:20:00.000,I 75,I 75 and Canton Rd,,Not a Collision with Motor Vehicle,1,Clear,Dry,Daylight
2023-07-17T15:01:00.000,I 75,I 75 and Canton Rd,,Sideswipe-Same Direction,2,Cloudy,Dry,Daylight
2023-07-25T17:50:00.000,I 75,I 75 and Canton Rd,,Not a Collision with Motor Vehicle,1,Clear,Dry,Daylight
2023-02-10T08:34:00.000,I 75,I 75 and Canton Rd,,Not a Collision with Motor Vehicle,1,Clear,Dry,Daylight
2023-12-07T19:15:00.000,I 75,I 75 and Canton Rd,,Sideswipe-Same Direction,2,Clear,Dry,Dark-Not Lighted
2023-11-06T08:55:00.000,I 75,I 75 and Canton Rd,,Rear End,2,Clear,Dry,Daylight
2023-12-05T12:00:00.000,I 75,I 75 and Canton Rd,,Rear End,3,Clear,Dry,Daylight
2023-07-24T17:38:00.000,I 75,I 75 and Canton Rd,,Sideswipe-Same Direction,2,Cloudy,Dry,Daylight
2024-09-23T09:34:00.000,I 75,I 75 and Canton Rd,,Sideswipe-Same Direction,2,Clear,Dry,Daylight
2024-12-06T10:53:00.000,I 75,I 75 and Canton Rd,,Sideswipe-Same Direction,2,Clear,Dry,Daylight
2024-01-11T07:54:00.000,I 75,I 75 and Canton Rd,,Sideswipe-Same Direction,2,Clear,Dry,Daylight
2024-10-10T13:56:00.000,I 75,I 75 and Canton Rd,,Rear End,2,Clear,Dry,Daylight
2024-01-08T08:49:00.000,I 75,I 75 and Canton Rd,,Sideswipe-Same Direction,2,Clear,Dry,Daylight
2024-04-30T09:15:00.000,I 75,I 75 and Canton Rd,,Rear End,2,Rain,Wet,Daylight
2024-10-04T17:01:00.000,I 75,I 75 and Canton Rd,,Sideswipe-Same Direction,2,Clear,Dry,Daylight
2024-11-07T13:40:00.000,I 75,I 75 and Canton Rd,,Rear End,2,Cloudy,Dry,Daylight
2024-03-07T19:35:00.000,I 75,I 75 and Canton Rd,,Rear End,3,Clear,Dry,Dark-Not Lighted
2024-08-12T10:30:00.000,I 75,I 75 and Canton Rd,,Rear End,3,Clear,Dry,Daylight
2024-12-19T15:18:00.000,I 75,I 75 and Canton Rd,,Sideswipe-Same Direction,2,Clear,Dry,Daylight
2024-07-18T08:16:00.000,I 75,I 75 and Canton Rd,,Sideswipe-Same Direction,2,Cloudy,Dry,Daylight
2024-07-15T14:21:00.000,I 75,I 75 and Canton Rd,,Sideswipe-Same Direction,2,Cloudy,Dry,Daylight
2024-09-05T00:00:00.000,I 75,I 75 and Canton Rd,,Angle Crash,2,Clear,Dry,Daylight
2024-09-30T15:57:00.000,I 75,I 75 and Canton Rd,,Sideswipe-Same Direction,2,Clear,Dry,Daylight
2024-12-10T11:34:00.000,I 75,I 75 and Canton Rd,,Sideswipe-Same Direction,3,Rain,Wet,Daylight
2024-12-16T00:00:00.000,I 75,I 75 and Canton Rd,,Rear End,2,Clear,Dry,Daylight
2024-12-10T16:05:00.000,I 75,I 75 and Canton Rd,,Rear End,2,Clear,Wet,Daylight
2024-12-03T16:04:00.000,I 75,I 75 and Canton Rd,,Sideswipe-Same Direction,2,Clear,Dry,Daylight
2024-01-25T17:15:00.000,I 75,I 75 and Canton Rd,,Sideswipe-Same Direction,3,Rain,Wet,Dark-Lighted
2024-12-17T12:05:00.000,I 75,I 75 and Canton Rd,,Sideswipe-Same Direction,2,Cloudy,Dry,Daylight
2024-11-18T07:59:00.000,I 75,I 75 and Canton Rd,,Rear End,2,Clear,Dry,Daylight
2024-12-03T19:21:00.000,I 75,I 75 and Canton Rd,,Sideswipe-Same Direction,2,Clear,Dry,Dark-Not Lighted
2024-01-08T16:13:00.000,I 75,I 75 and Canton Rd,,Sideswipe-Same Direction,2,Clear,Dry,Daylight
2024-06-17T07:58:00.000,I 75,I 75 and Canton Rd,,Angle Crash,3,Clear,Dry,Daylight
2024-11-14T17:27:00.000,I 75,I 75 and Canton Rd,,Rear End,2,Clear,Dry,Daylight
2024-09-12T11:42:00.000,I 75,I 75 and Canton Rd,,Sideswipe-Same Direction,2,Rain,Wet,Daylight
2024-04-28T15:33:00.000,I 75,I 75 and Canton Rd,,Angle Crash,3,Cloudy,Dry,Daylight
2024-05-09T11:51:00.000,I 75,I 75 and Canton Rd,,Rear End,2,Rain,Wet,Daylight
2024-03-21T11:18:00.000,I 75,I 75 and Canton Rd,,Rear End,2,Clear,Dry,Daylight
2024-11-19T12:09:00.000,I 75,I 75 and Canton Rd,,Not a Collision with Motor Vehicle,1,Rain,Wet,Daylight
2024-11-15T13:59:00.000,I 75,I 75 and Canton Rd,,Rear End,2,Clear,Dry,Daylight
2024-12-10T08:37:00.000,I 75,I 75 and Canton Rd,,Rear End,3,Clear,Wet,Daylight
2024-05-07T11:09:00.000,I 75,I 75 and Canton Rd,,Angle Crash,2,Clear,Dry,Daylight
2024-08-15T13:13:00.000,I 75,I 75 and Canton Rd,,Rear End,4,Cloudy,Dry,Daylight
2024-11-15T15:39:00.000,I 75,I 75 and Canton Rd,,Rear End,2,Clear,Dry,Daylight
2024-08-28T09:59:00.000,I 75,I 75 and Canton Rd,,Sideswipe-Same Direction,2,Clear,Dry,Daylight
2024-03-14T16:43:00.000,I 75,I 75 and Canton Rd,,Rear End,2,Clear,Dry,Daylight
2024-04-09T09:38:00.000,I 75,I 75 and Canton Rd,,Rear End,3,Cloudy,Wet,Daylight
2024-10-22T15:16:00.000,I 75,I 75 and Canton Rd,,Rear End,2,Clear,Dry,Daylight
2024-03-05T13:26:00.000,I 75,I 75 and Canton Rd,,Rear End,3,Rain,Wet,Daylight
2024-04-15T15:40:00.000,I 75,I 75 and Canton Rd,,Rear End,2,Clear,Dry,Daylight
2024-10-10T08:09:00.000,I 75,I 75 and Canton Rd,,Angle Crash,2,Clear,Dry,Daylight
2024-12-27T14:25:00.000,I 75,I 75 and Canton Rd,,Sideswipe-Same Direction,2,Cloudy,Dry,Daylight
2024-06-07T13:00:00.000,I 75,I 75 and Canton Rd,,Rear End,2,Clear,Dry,Daylight
2024-12-03T16:27:00.000,I 75,I 75 and Canton Rd,,Angle Crash,2,Clear,Dry,Daylight
2024-08-13T17:20:00.000,I 75,I 75 and Canton Rd,,Rear End,2,Clear,Dry,Daylight
2024-03-05T17:58:00.000,I 75,I 75 and Canton Rd,,Angle Crash,4,Rain,Wet,Daylight
2024-03-19T12:53:00.000,I 75,I 75 and Canton Rd,,Rear End,2,Clear,Dry,Daylight
2024-02-06T08:05:00.000,I 75,I 75 and Canton Rd,,Sideswipe-Same Direction,2,Clear,Dry,Daylight
2024-12-10T18:32:00.000,I 75,I 75 and Canton Rd,,Rear End,4,Clear,Wet,Dark-Not Lighted
2024-08-20T08:56:00.000,I 75,I 75 and Canton Rd,,Rear End,3,Clear,Dry,Daylight
2024-06-04T16:39:00.000,I 75,I 75 and Canton Rd,,Sideswipe-Same Direction,2,Clear,Dry,Daylight