Date and Time,Roadway (From Crash Report),Intersection Name (from Crash Report),KABCO Severity,Manner of Collision (Crash Level) ,# of Vehicles per crash ,Weather Conditions (Crash Level),Surface Condition (Crash Level) ,Light Conditions (Crash Level)
2024-01-15T16:10:00.000,I 75,I 75 and Canton Rd,,Sideswipe-Same Direction,4,Clear,Dry,Daylight
2024-06-06T17:00:00.000,I 75,I 75 and Canton Rd,,Rear End,2,Clear,Dry,Daylight
2024-11-14T14:42:00.000,I 75,I 75 and Canton Rd,,Rear End,2,Cloudy,Wet,Daylight
2024-09-17T08:49:00.000,I 75,I 75 and Canton Rd,,Rear End,2,Clear,Dry,Daylight
2024-01-23T09:34:00.000,I 75,I 75 and Canton Rd,,Rear End,3,Cloudy,Dry,Daylight
2024-05-31T12:56:00.000,I 75,I 75 and Canton Rd,,Sideswipe-Same Direction,2,Cloudy,Dry,Daylight
2024-01-27T20:01:00.000,I 75,I 75 and Canton Rd,,(None),2,(None),(None),(None)
2024-11-12T14:21:00.000,I 75,I 75 and Canton Rd,,Sideswipe-Same Direction,2,Clear,Dry,Daylight
2024-01-18T08:46:00.000,I 75,I 75 and Canton Rd,,Rear End,2,Clear,Dry,Daylight
2024-12-10T18:32:00.000,I 75,I 75 and Canton Rd,,Sideswipe-Same Direction,2,Clear,Wet,Dark-Not Lighted
2020-06-13T15:30:00.000,I 75,I 75 and Canton Connector Ext Rp,,Angle Crash,2,Clear,Dry,Daylight
2022-09-15T20:53:00.000,I 75,I 75 and Canton Connector 267 A,,Rear End,2,Clear,Dry,Dark-Lighted
2021-03-31T06:34:00.000,I 75,I 75 and Canton Connector,,Rear End,2,Rain,Wet,Dark-Not Lighted
2021-01-26T04:42:00.000,I 75,I 75 and Canton Connector,,Not a Collision with Motor Vehicle,1,Rain,Water (standing or moving),Dark-Lighted
2021-09-08T12:10:00.000,I 75,I 75 and Canton Connector,,Rear End,2,Clear,Dry,Daylight
2023-02-25T11:03:00.000,I 75,I 75 and Canton Connector,,Rear End,2,Cloudy,Wet,Daylight
2023-08-15T17:20:00.000,I 75,I 75 and Canton Connector,,Rear End,2,Clear,Dry,Daylight
2023-02-18T07:58:00.000,I 75,I 75 and Canton Connector,,Angle Crash,2,Clear,Dry,Daylight
2023-08-29T12:00:00.000,I 75,I 75 and Canton Connector,,Sideswipe-Same Direction,2,Cloudy,Dry,Daylight
2020-03-04T16:48:00.000,I 75,I 75 and Canton Connector,,Angle Crash,2,Rain,Wet,Daylight
2020-03-04T14:51:00.000,I 75,I 75 and Canton Connector,,Rear End,2,Rain,Wet,Daylight
2021-01-26T04:42:00.000,I 75,I 75 and Canton Connector,,Not a Collision with Motor Vehicle,1,Rain,Wet,Dark-Not Lighted
2021-10-13T14:28:00.000,I 75,I 75 and Canton Connector,,Not a Collision with Motor Vehicle,2,Clear,Dry,Daylight
2021-10-08T07:30:00.000,I 75,I 75 and Canton Connector,,Sideswipe-Same Direction,2,Clear,Dry,Dawn
2022-04-26T17:45:00.000,I 75,I 75 and Canton Connector,,Rear End,2,Clear,Dry,Daylight
2022-03-21T21:40:00.000,I 75,I 75 and Canton Connector,,Sideswipe-Same Direction,2,Clear,Dry,Dark-Not Lighted
2022-04-25T08:30:00.000,I 75,I 75 and Canton Connector,,Rear End,2,Clear,Dry,Daylight
2024-06-19T14:41:00.000,I 75,I 75 and Canton Connector,,Angle Crash,2,Cloudy,Dry,Daylight
2024-06-02T15:50:00.000,I 75,I 75 and Canton Connector,,Sideswipe-Same Direction,2,Cloudy,Dry,Daylight
2024-01-31T10:46:00.000,I 75,I 75 and Canton Connector,,Not a Collision with Motor Vehicle,2,Clear,Dry,Daylight
2023-09-17T02:05:00.000,I 75,I 75 and Canton Connector,,Rear End,2,Rain,Wet,Dark-Not Lighted
2023-04-12T00:54:00.000,I 75,I 75 and Canton Connector,,Sideswipe-Same Direction,1,Cloudy,Dry,Dark-Not Lighted
2024-08-20T16:21:00.000,I 75,I 75 and Canton Connector,,Rear End,3,Clear,Dry,Daylight
2024-03-20T08:55:00.000,I 75,I 75 and Canton Connector,,Sideswipe-Same Direction,2,Clear,Dry,Daylight
2024-07-07T13:14:00.000,I 75,I 75 and Canton Connector,,Rear End,2,Cloudy,Dry,Daylight
2024-01-12T03:51:00.000,I 75,I 75 and Canton Connector,,(None),2,(None),(None),(None)
2023-10-22T00:15:00.000,I 75,I 75 and Canton Conn S - I75S Expy,,Angle Crash,2,Cloudy,Dry,Dark-Not Lighted
2023-10-22T00:15:00.000,I 75,I 75 and Canton Conn S - I75S Expy,,Angle Crash,2,Cloudy,Dry,Dark-Not Lighted
2023-11-24T23:40:00.000,I 75,I 75 and Canton Conn S - I75S Expy,,Sideswipe-Same Direction,2,Clear,Dry,Dark-Lighted
2022-12-09T23:20:00.000,I 75,I 75 and Canton Conn S - I75S Expy,,Sideswipe-Same Direction,1,Rain,Wet,Dark-Lighted
2022-06-24T16:41:00.000,I 75,I 75 and Canton Conn S - I75S Expy,,Rear End,3,Clear,Dry,Daylight
2021-04-23T13:10:00.000,I 75,I 75 and Canton Conn S - I75S Expy,,Rear End,3,Clear,Dry,Daylight
2022-05-13T04:53:00.000,I 75,I 75 and Canton Conn S - I75S Expy,,Sideswipe-Same Direction,4,Clear,Dry,Dark-Lighted
2022-11-05T14:26:00.000,I 75,I 75 and Canton Conn S - I75S Expy,,Angle Crash,2,Clear,Dry,Daylight
2024-05-07T22:55:00.000,I 75,I 75 and Canton Conn S - I75S Expy,,Sideswipe-Same Direction,2,Clear,Dry,Dark-Lighted
2020-06-23T20:19:00.000,I 75,I 75 and Canton Conn Rd,,Angle Crash,2,Cloudy,Dry,Dusk
2023-01-19T23:48:00.000,I 75,I 75 and Canton Conn Rd,,Sideswipe-Same Direction,2,Clear,Dry,Dark-Not Lighted
2023-11-07T21:48:00.000,I 75,I 75 and Canton Conn N Expy I75 Expy,,Rear End,2,Clear,Dry,Dark-Lighted
2022-10-01T03:19:00.000,I 75,I 75 and Canton Conn Ext,,Rear End,2,Clear,Dry,Dark-Not Lighted
2021-08-08T17:15:00.000,I 75,I 75 and Canton Conn Ent Rp,,Sideswipe-Same Direction,2,Clear,Dry,Daylight
2022-05-15T12:41:00.000,I 75,I 75 and Canton Conn Ent,,Rear End,2,Cloudy,Dry,Daylight
2021-06-19T13:30:00.000,I 75,I 75 and Canton Conn,,Sideswipe-Same Direction,2,Rain,Wet,Daylight
2021-12-17T09:20:00.000,I 75,I 75 and Canton Conn,,Rear End,2,Cloudy,Dry,Daylight
2021-06-12T03:53:00.000,I 75,I 75 and Canton Conn,,Not a Collision with Motor Vehicle,1,Clear,Dry,Dark-Lighted
2021-02-13T12:58:00.000,I 75,I 75 and Canton Conn,,Angle Crash,2,Rain,Wet,Daylight
2021-07-17T11:55:00.000,I 75,I 75 and Canton Conn,,Rear End,2,Cloudy,Dry,Daylight
2021-06-12T03:53:00.000,I 75,I 75 and Canton Conn,,Sideswipe-Same Direction,2,Clear,Dry,Dark-Lighted
2023-04-05T06:42:00.000,I 75,I 75 and Canton Conn,,Sideswipe-Same Direction,2,Clear,Dry,Daylight
2023-11-18T15:54:00.000,I 75,I 75 and Canton Conn,,(None),2,(None),(None),(None)
2023-04-02T05:14:00.000,I 75,I 75 and Canton Conn,,Not a Collision with Motor Vehicle,1,Clear,Dry,Dark-Lighted
2022-11-05T14:15:00.000,I 75,I 75 and Canton Conn,,Rear End,2,Clear,Dry,Daylight
2020-12-14T04:56:00.000,I 75,I 75 and Canton Conn,,Not a Collision with Motor Vehicle,1,Rain,Wet,Dark-Not Lighted
2020-11-08T22:25:00.000,I 75,I 75 and Canton Conn,,Rear End,2,Clear,Dry,Dark-Not Lighted
2020-10-08T20:53:00.000,I 75,I 75 and Canton Conn,,Sideswipe-Same Direction,2,Clear,Dry,Dark-Lighted
2020-06-14T15:01:00.000,I 75,I 75 and Canton Conn,,Rear End,2,Cloudy,Wet,Daylight
2021-05-09T13:00:00.000,I 75,I 75 and Canton Conn,,Rear End,2,Clear,Dry,Daylight
2022-12-10T08:30:00.000,I 75,I 75 and Canton Conn,,Sideswipe-Same Direction,2,Cloudy,Dry,Daylight
2022-11-23T19:00:00.000,I 75,I 75 and Canton Conn,,Rear End,2,Clear,Dry,Dark-Not Lighted
2022-04-11T16:00:00.000,I 75,I 75 and Canton Conn,,Rear End,2,Clear,Dry,Daylight
2022-03-04T13:00:00.000,I 75,I 75 and Canton Conn,,Rear End,2,Clear,Dry,Daylight
2022-08-01T17:55:00.000,I 75,I 75 and Canton Conn,,Sideswipe-Same Direction,2,Cloudy,Dry,Daylight
2022-04-11T00:00:00.000,I 75,I 75 and Canton Conn,,Head On,2,Clear,Dry,Daylight
2021-10-03T03:57:00.000,I 75,I 75 and Canton Conn,,Rear End,2,Clear,Dry,Dark-Not Lighted
2022-04-07T05:41:00.000,I 75,I 75 and Canton Conn,,Sideswipe-Same Direction,2,Cloudy,Dry,Dark-Lighted
2022-04-07T11:35:00.000,I 75,I 75 and Canton Conn,,Rear End,2,Clear,Dry,Daylight
2022-01-18T17:32:00.000,I 75,I 75 and Canton Conn,,Sideswipe-Same Direction,2,Clear,Dry,Daylight
2022-08-11T08:35:00.000,I 75,I 75 and Canton Conn,,Rear End,2,Clear,Dry,Daylight
2024-04-06T02:06:00.000,I 75,I 75 and Canton Conn,,Not a Collision with Motor Vehicle,1,Clear,Dry,Dark-Not Lighted
2024-10-24T17:24:00.000,I 75,I 75 and Canton Conn,,Rear End,2,Clear,Dry,Daylight
2023-05-17T11:20:00.000,I 75,I 75 and Canton Conn,,Not a Collision with Motor Vehicle,1,Cloudy,Dry,Daylight
2024-09-21T03:15:00.000,I 75,I 75 and Canton Conn,,Rear End,2,Cloudy,Dry,Dark-Not Lighted
2024-09-21T03:19:00.000,I 75,I 75 and Canton Conn,,Rear End,2,Cloudy,Dry,Dark-Not Lighted
2024-07-08T08:43:00.000,I 75,I 75 and Canton,,Sideswipe-Same Direction,2,Clear,Dry,Daylight
2023-07-18T19:20:00.000,I 75,I 75 and Canton,,Rear End,2,Clear,Dry,Daylight
2024-11-01T14:10:00.000,I 75,I 75 and Canton,,Rear End,2,Cloudy,Dry,Daylight
2024-11-15T17:25:00.000,I 75,I 75 and Cantob Rd Conn,,Rear End,2,Clear,Dry,Daylight
2022-05-24T09:52:00.000,I 75,I 75 and Canto Road Connector Opas,,Sideswipe-Same Direction,2,Clear,Dry,Daylight
2024-10-11T10:15:00.000,I 75,I 75 and Cann Conn Exit 267,,Sideswipe-Same Direction,2,Clear,Dry,Daylight
2022-05-26T23:35:00.000,I 75,I 75 and Calhoun Road Opas,,Rear End,2,Cloudy,Dry,Dark-Not Lighted
2022-12-26T12:44:00.000,I 75,I 75 and Calhoun Road Opas,,Rear End,2,Clear,Dry,Daylight
2020-07-24T17:10:00.000,I 75,I 75 and Calhoun Rd Opas,,Not a Collision with Motor Vehicle,1,Cloudy,Dry,Daylight
2021-05-13T03:05:00.000,I 75,I 75 and Calhoun Rd,,Sideswipe-Same Direction,2,Rain,Wet,Dark-Not Lighted
2020-08-16T15:15:00.000,I 75,I 75 and Calhoun Rd,,Angle Crash,2,Clear,Dry,Daylight
2020-11-29T13:06:00.000,I 75,I 75 and Calhoun Rd,,Not a Collision with Motor Vehicle,2,Cloudy,Wet,Daylight
2022-05-25T07:03:00.000,I 75,I 75 and Calhoun Rd,,Angle Crash,2,Cloudy,Dry,Daylight
2024-02-04T14:30:00.000,I 75,I 75 and Calhoun Rd,,Not a Collision with Motor Vehicle,1,Rain,Wet,Daylight
2024-02-04T19:05:00.000,I 75,I 75 and Calhoun Rd,,Not a Collision with Motor Vehicle,1,Rain,Wet,Dark-Not Lighted
2024-06-14T07:46:00.000,I 75,I 75 and Calhoun Rd,,Not a Collision with Motor Vehicle,1,Rain,Wet,Daylight
2023-04-03T17:25:00.000,I 75,I 75 and Calhoun,,Rear End,2,Rain,Wet,Daylight
2021-12-21T14:40:00.000,I 75,I 75 and Cabiniss Rd.,,Rear End,2,Rain,Wet,Daylight
2022-03-19T09:51:00.000,I 75,I 75 and Cabiniss Rd,,Sideswipe-Same Direction,2,Cloudy,Wet,Daylight
2023-03-03T16:15:00.000,I 75,I 75 and Cabiniss Rd,,Rear End,2,Clear,Dry,Daylight
2021-12-18T17:49:00.000,I 75,I 75 and Cabiness Rd,,Rear End,2,Rain,Wet,Dark-Lighted
2020-12-12T22:27:00.000,I 75,I 75 and Cabiness Rd,,Angle Crash,1,Rain,Wet,Dark-Lighted
2024-06-17T12:13:00.000,I 75,I 75 and Cabiness Rd,,Rear End,2,Clear,Dry,Daylight
2024-02-03T18:58:00.000,I 75,I 75 and Cabiness Rd,,Rear End,2,Clear,Dry,Dark-Lighted
2024-11-03T16:26:00.000,I 75,I 75 and Cabiness Rd,,Rear End,2,Clear,Dry,Daylight
2021-04-05T18:53:00.000,I 75,I 75 and Cabaniss Rd,,Rear End,2,Clear,Dry,Dusk
2024-07-03T14:19:00.000,I 75,I 75 and C.W.Grant Pkwy,,Rear End,2,Clear,Dry,Daylight
2023-11-03T08:47:00.000,I 75,I 75 and C.W.Grant Pkwy,,Not a Collision with Motor Vehicle,1,Clear,Dry,Daylight
2024-07-25T16:40:00.000,I 75,I 75 and C.W. Grant Pkwy,,Rear End,2,Rain,Dry,Daylight
2024-05-20T15:30:00.000,I 75,I 75 and C.W. Grant Pkwy,,Rear End,2,Clear,Dry,Daylight
2024-10-08T16:00:00.000,I 75,I 75 and C.W. Grant Pkwy,,Sideswipe-Same Direction,2,Clear,Dry,Daylight
2022-10-27T06:55:00.000,I 75,I 75 and C.W. Grant,,Sideswipe-Same Direction,2,Clear,Dry,Dark-Not Lighted
2023-04-05T16:54:00.000,I 75,I 75 and C.W Grant Pkwy,,Sideswipe-Same Direction,2,Clear,Dry,Daylight
2024-12-09T10:30:00.000,I 75,I 75 and C.W Grant Pkwy,,Not a Collision with Motor Vehicle,1,Rain,Wet,Daylight
2023-11-21T19:30:00.000,I 75,I 75 and C. W. Grant Pkwy,,Rear End,2,Rain,Wet,Dark-Lighted
2024-05-07T12:50:00.000,I 75,I 75 and C W Grant Prkway,,Rear End,2,Clear,Dry,Daylight
2024-02-02T05:20:00.000,I 75,I 75 and C W Grant Pkwy Rp,,Sideswipe-Same Direction,2,Clear,Dry,Dark-Not Lighted
2021-04-20T12:23:00.000,I 75,I 75 and C W Grant Pkwy,,Angle Crash,2,Clear,Dry,Daylight
2023-04-13T10:40:00.000,I 75,I 75 and C W Grant Pkwy,,Sideswipe-Same Direction,2,Rain,Wet,Daylight
2023-12-13T18:15:00.000,I 75,I 75 and C W Grant Pkwy,,Sideswipe-Same Direction,2,Clear,Dry,Daylight
2023-02-02T17:45:00.000,I 75,I 75 and C W Grant Pkwy,,Sideswipe-Same Direction,2,Clear,Wet,Dark-Not Lighted
2023-02-28T22:25:00.000,I 75,I 75 and C W Grant Pkwy,,Angle Crash,2,Clear,Dry,Dark-Lighted
2022-09-15T18:44:00.000,I 75,I 75 and C W Grant Pkwy,,Rear End,2,Clear,Dry,Daylight
2020-02-14T16:04:00.000,I 75,I 75 and C W Grant Pkwy,,Rear End,2,Clear,Dry,Daylight
2020-10-26T09:35:00.000,I 75,I 75 and C W Grant Pkwy,,Rear End,2,Cloudy,Dry,Daylight
2020-08-06T10:20:00.000,I 75,I 75 and C W Grant Pkwy,,Sideswipe-Same Direction,2,Clear,Dry,Daylight
2021-01-15T12:05:00.000,I 75,I 75 and C W Grant Pkwy,,Not a Collision with Motor Vehicle,2,Clear,Dry,Daylight
2022-08-26T05:40:00.000,I 75,I 75 and C W Grant Pkwy,,Sideswipe-Same Direction,3,Clear,Dry,Dark-Not Lighted
2022-03-21T18:02:00.000,I 75,I 75 and C W Grant Pkwy,,Rear End,3,Clear,Dry,Daylight
2022-11-03T11:03:00.000,I 75,I 75 and C W Grant Pkwy,,Sideswipe-Same Direction,2,Clear,Dry,Daylight
2024-11-04T08:15:00.000,I 75,I 75 and C W Grant Pkwy,,Not a Collision with Motor Vehicle,2,Clear,Dry,Daylight
2023-08-08T17:45:00.000,I 75,I 75 and C W Grant Pkwy,,Sideswipe-Same Direction,2,Clear,Dry,Daylight
2023-05-01T05:45:00.000,I 75,I 75 and C W Grant Pkwy,,Sideswipe-Same Direction,2,Clear,Dry,Daylight
2023-09-14T16:59:00.000,I 75,I 75 and C W Grant Pkwy,,Sideswipe-Same Direction,2,Clear,Dry,Daylight
2024-03-01T13:58:00.000,I 75,I 75 and C W Grant Pkwy,,Sideswipe-Same Direction,2,Rain,Wet,Daylight
2024-04-18T00:00:00.000,I 75,I 75 and C W Grant Pkwy,,Rear End,4,Clear,Dry,Daylight
2024-01-31T15:00:00.000,I 75,I 75 and C W Grant Pkwy,,Not a Collision with Motor Vehicle,1,Clear,Dry,Daylight
2021-12-19T05:30:00.000,I 75,I 75 and C W Grant Pkway,,Rear End,2,Rain,Wet,Dark-Not Lighted
2023-04-11T16:45:00.000,I 75,I 75 and C W Grant Pkrway,,Rear End,2,Clear,Dry,Daylight
2024-08-07T16:30:00.000,I 75,I 75 and C W Grant Paekway,,Rear End,2,Clear,Dry,Daylight
2023-06-30T14:30:00.000,I 75,I 75 and C W Grant Hwy,,Rear End,2,Clear,Dry,Daylight
2020-05-23T05:22:00.000,I 75,I 75 and C W Grant,,Rear End,2,Clear,Dry,Dark-Lighted
2020-07-26T19:08:00.000,I 75,I 75 and C W Grant,,Rear End,2,Clear,Dry,Daylight
2020-06-12T22:52:00.000,I 75,I 75 and C W Grant,,Sideswipe-Same Direction,3,Clear,Dry,Dark-Not Lighted
2021-10-17T03:13:00.000,I 75,I 75 and C W Grant,,Sideswipe-Same Direction,2,Clear,Dry,Dark-Not Lighted
2022-12-09T17:51:00.000,I 75,I 75 and C W Grant,,Rear End,2,Clear,Dry,Dark-Lighted
2022-05-25T15:00:00.000,I 75,I 75 and C W Grant,,Sideswipe-Same Direction,2,Clear,Dry,Daylight
2021-03-13T20:16:00.000,I 75,I 75 and Bussey Rd,,Sideswipe-Same Direction,2,Clear,Dry,Dark-Not Lighted
2021-05-24T15:19:00.000,I 75,I 75 and Bussey Rd,,Sideswipe-Same Direction,2,Clear,Dry,Daylight
2023-06-18T05:30:00.000,I 75,I 75 and Bussey Rd,,Sideswipe-Opposite Direction,2,Clear,Dry,Dark-Not Lighted
2023-12-11T06:12:00.000,I 75,I 75 and Bussey Rd,,Not a Collision with Motor Vehicle,1,Clear,Dry,Dark-Not Lighted
2022-07-29T10:45:00.000,I 75,I 75 and Bussey Rd,,Not a Collision with Motor Vehicle,2,Cloudy,Dry,Daylight
2020-03-05T06:05:00.000,I 75,I 75 and Bussey Rd,,Not a Collision with Motor Vehicle,1,Rain,Wet,Dark-Not Lighted
2020-12-05T21:10:00.000,I 75,I 75 and Bussey Rd,,Rear End,2,Clear,Dry,Dark-Not Lighted
2020-08-20T10:45:00.000,I 75,I 75 and Bussey Rd,,Sideswipe-Same Direction,2,Clear,Dry,Daylight
2020-03-27T15:10:00.000,I 75,I 75 and Bussey Rd,,Not a Collision with Motor Vehicle,1,Clear,Dry,Daylight
2020-02-09T04:24:00.000,I 75,I 75 and Bussey Rd,,Rear End,2,Clear,Dry,Dark-Not Lighted
2020-08-10T18:00:00.000,I 75,I 75 and Bussey Rd,,Sideswipe-Same Direction,2,Clear,Dry,Daylight
2021-02-02T21:10:00.000,I 75,I 75 and Bussey Rd,,Not a Collision with Motor Vehicle,1,Clear,Dry,Dark-Not Lighted
2021-11-15T08:55:00.000,I 75,I 75 and Bussey Rd,,Sideswipe-Same Direction,2,Clear,Dry,Daylight
2022-07-29T10:45:00.000,I 75,I 75 and Bussey Rd,,Not a Collision with Motor Vehicle,2,Cloudy,Dry,Daylight
2022-12-30T12:13:00.000,I 75,I 75 and Bussey Rd,,Sideswipe-Same Direction,2,Clear,Dry,Daylight
2022-03-18T16:55:00.000,I 75,I 75 and Bussey Rd,,Not a Collision with Motor Vehicle,1,Rain,Wet,Daylight
2022-04-22T05:23:00.000,I 75,I 75 and Bussey Rd,,Rear End,2,Clear,Dry,Dark-Not Lighted
2024-03-27T05:02:00.000,I 75,I 75 and Bussey Rd,,Sideswipe-Same Direction,2,Rain,Wet,Dark-Not Lighted
2023-09-06T06:40:00.000,I 75,I 75 and Bussey Rd,,Not a Collision with Motor Vehicle,1,Clear,Dry,Dusk
2023-02-06T22:05:00.000,I 75,I 75 and Bussey Rd,,Rear End,2,Clear,Dry,Dark-Not Lighted
2024-01-08T10:00:00.000,I 75,I 75 and Bussey Rd,,Angle Crash,2,Cloudy,Dry,Daylight
2024-11-29T15:45:00.000,I 75,I 75 and Bussey Rd,,Not a Collision with Motor Vehicle,1,Clear,Dry,Daylight
2024-06-21T12:55:00.000,I 75,I 75 and Bussey Rd,,Rear End,2,Cloudy,Dry,Daylight
2023-05-03T21:30:00.000,I 75,I 75 and Browns Chapel Rd,,Not a Collision with Motor Vehicle,1,Clear,Dry,Dark-Not Lighted
2022-03-16T16:00:00.000,I 75,I 75 and Brightton Rd,,Not a Collision with Motor Vehicle,1,Rain,Wet,Daylight
2023-04-26T13:00:00.000,I 75,I 75 and Brighton Road Mm66,,Rear End,2,Clear,Dry,Daylight
2023-06-21T19:10:00.000,I 75,I 75 and Brighton Road Exit 66,,Sideswipe-Same Direction,2,Cloudy,Dry,Daylight
2023-06-05T17:40:00.000,I 75,I 75 and Brighton Road Exit 66,,Sideswipe-Same Direction,2,Clear,Dry,Daylight
2023-09-11T07:55:00.000,I 75,I 75 and Brighton Road Exit 66,,Rear End,2,Clear,Dry,Daylight
2024-01-21T15:30:00.000,I 75,I 75 and Brighton Road Exit 66,,Sideswipe-Same Direction,2,Clear,Dry,Daylight
2021-03-10T23:15:00.000,I 75,I 75 and Brighton Rd,,Angle Crash,2,Clear,Dry,Dark-Not Lighted
2021-08-07T14:40:00.000,I 75,I 75 and Brighton Rd,,Not a Collision with Motor Vehicle,1,Cloudy,Dry,Daylight
2021-07-18T14:58:00.000,I 75,I 75 and Brighton Rd,,Sideswipe-Same Direction,2,Clear,Dry,Daylight
2021-03-07T05:15:00.000,I 75,I 75 and Brighton Rd,,Not a Collision with Motor Vehicle,1,Clear,Dry,Dark-Not Lighted
2021-08-26T23:55:00.000,I 75,I 75 and Brighton Rd,,Angle Crash,2,Clear,Dry,Dark-Not Lighted
2021-02-26T11:04:00.000,I 75,I 75 and Brighton Rd,,Sideswipe-Same Direction,2,Clear,Dry,Daylight
2023-06-14T23:03:00.000,I 75,I 75 and Brighton Rd,,Not a Collision with Motor Vehicle,1,Cloudy,Wet,Dark-Lighted
2023-09-22T08:35:00.000,I 75,I 75 and Brighton Rd,,Not a Collision with Motor Vehicle,1,Clear,Dry,Daylight
2023-04-27T18:45:00.000,I 75,I 75 and Brighton Rd,,Sideswipe-Same Direction,2,Rain,Wet,Daylight
2023-11-05T03:56:00.000,I 75,I 75 and Brighton Rd,,Not a Collision with Motor Vehicle,1,Clear,Dry,Dark-Not Lighted
2023-10-01T06:50:00.000,I 75,I 75 and Brighton Rd,,Not a Collision with Motor Vehicle,2,Clear,Dry,Dark-Not Lighted
2023-09-23T21:10:00.000,I 75,I 75 and Brighton Rd,,Not a Collision with Motor Vehicle,1,Clear,Dry,Dark-Not Lighted
2023-09-23T20:39:00.000,I 75,I 75 and Brighton Rd,,Not a Collision with Motor Vehicle,1,Clear,Dry,Dark-Not Lighted
2023-01-04T21:55:00.000,I 75,I 75 and Brighton Rd,,Not a Collision with Motor Vehicle,1,Clear,Dry,Dark-Not Lighted
2023-10-05T16:06:00.000,I 75,I 75 and Brighton Rd,,Sideswipe-Same Direction,2,Clear,Dry,Daylight
2022-06-16T03:58:00.000,I 75,I 75 and Brighton Rd,,Not a Collision with Motor Vehicle,1,Clear,Dry,Dark-Not Lighted
2020-07-21T18:45:00.000,I 75,I 75 and Brighton Rd,,Not a Collision with Motor Vehicle,1,Clear,Dry,Daylight
2020-10-03T08:01:00.000,I 75,I 75 and Brighton Rd,,Sideswipe-Same Direction,2,Clear,Dry,Daylight
2020-07-05T14:10:00.000,I 75,I 75 and Brighton Rd,,Sideswipe-Same Direction,2,Cloudy,Dry,Daylight
2020-07-31T16:05:00.000,I 75,I 75 and Brighton Rd,,Rear End,2,Clear,Dry,Daylight
2020-10-06T15:40:00.000,I 75,I 75 and Brighton Rd,,Rear End,2,Clear,Dry,Daylight
2020-09-08T17:00:00.000,I 75,I 75 and Brighton Rd,,Not a Collision with Motor Vehicle,1,Clear,Dry,Daylight
2020-07-07T12:19:00.000,I 75,I 75 and Brighton Rd,,Sideswipe-Same Direction,2,Cloudy,Dry,Daylight
2020-06-10T08:21:00.000,I 75,I 75 and Brighton Rd,,Not a Collision with Motor Vehicle,1,Clear,Dry,Daylight
2020-08-08T22:05:00.000,I 75,I 75 and Brighton Rd,,Sideswipe-Same Direction,2,Clear,Dry,Dark-Lighted
2020-07-10T13:40:00.000,I 75,I 75 and Brighton Rd,,Not a Collision with Motor Vehicle,1,Clear,Dry,Daylight
2020-10-11T22:48:00.000,I 75,I 75 and Brighton Rd,,Sideswipe-Same Direction,2,Clear,Dry,Dark-Not Lighted
2020-09-06T12:38:00.000,I 75,I 75 and Brighton Rd,,Not a Collision with Motor Vehicle,1,Clear,Dry,Daylight
2020-03-18T19:00:00.000,I 75,I 75 and Brighton Rd,,Sideswipe-Same Direction,2,Clear,Dry,Daylight
2021-03-25T10:17:00.000,I 75,I 75 and Brighton Rd,,Sideswipe-Same Direction,2,Clear,Dry,Daylight
2021-04-24T16:30:00.000,I 75,I 75 and Brighton Rd,,Sideswipe-Same Direction,2,Rain,Wet,Daylight
2022-09-08T00:45:00.000,I 75,I 75 and Brighton Rd,,Angle Crash,2,Clear,Dry,Dark-Not Lighted
2022-02-27T23:59:00.000,I 75,I 75 and Brighton Rd,,Not a Collision with Motor Vehicle,1,Clear,Wet,Dark-Lighted
2022-02-16T12:08:00.000,I 75,I 75 and Brighton Rd,,Rear End,2,Clear,Dry,Daylight
2022-12-23T22:50:00.000,I 75,I 75 and Brighton Rd,,Not a Collision with Motor Vehicle,1,Clear,Dry,Dark-Not Lighted
2022-08-19T19:50:00.000,I 75,I 75 and Brighton Rd,,Not a Collision with Motor Vehicle,1,Cloudy,Wet,Daylight
2021-10-04T09:38:00.000,I 75,I 75 and Brighton Rd,,Not a Collision with Motor Vehicle,1,Clear,Dry,Daylight
2022-08-07T13:23:00.000,I 75,I 75 and Brighton Rd,,Not a Collision with Motor Vehicle,1,Clear,Wet,Daylight
2022-12-23T12:50:00.000,I 75,I 75 and Brighton Rd,,Not a Collision with Motor Vehicle,1,Clear,Dry,Daylight
2022-07-13T23:00:00.000,I 75,I 75 and Brighton Rd,,Not a Collision with Motor Vehicle,1,Rain,Wet,Dark-Not Lighted
2022-03-04T23:20:00.000,I 75,I 75 and Brighton Rd,,Sideswipe-Same Direction,2,Clear,Dry,Dark-Not Lighted
2022-10-19T13:40:00.000,I 75,I 75 and Brighton Rd,,Rear End,2,Clear,Dry,Daylight
2022-08-14T15:25:00.000,I 75,I 75 and Brighton Rd,,Angle Crash,2,Clear,Dry,Daylight