Date and Time,Roadway (From Crash Report),Intersection Name (from Crash Report),KABCO Severity,Manner of Collision (Crash Level) ,# of Vehicles per crash ,Weather Conditions (Crash Level),Surface Condition (Crash Level) ,Light Conditions (Crash Level)
2024-02-27T14:20:00.000,I 75,I 75 and Brighton Rd,,Not a Collision with Motor Vehicle,1,Clear,Dry,Daylight
2024-11-30T08:01:00.000,I 75,I 75 and Brighton Rd,,Sideswipe-Same Direction,2,Clear,Dry,Daylight
2024-09-05T14:20:00.000,I 75,I 75 and Brighton Rd,,Rear End,2,Cloudy,Dry,Daylight
2024-11-06T19:40:00.000,I 75,I 75 and Brighton Rd,,Sideswipe-Same Direction,2,Rain,Wet,Dark-Not Lighted
2023-02-11T19:50:00.000,I 75,I 75 and Brighton Rd,,Not a Collision with Motor Vehicle,1,Rain,Wet,Dark-Lighted
2023-04-04T10:35:00.000,I 75,I 75 and Brighton Rd,,Not a Collision with Motor Vehicle,1,Cloudy,Dry,Daylight
2023-01-25T23:55:00.000,I 75,I 75 and Brighton Rd,,Sideswipe-Same Direction,2,Clear,Dry,Dark-Not Lighted
2023-05-23T04:01:00.000,I 75,I 75 and Brighton Rd,,Not a Collision with Motor Vehicle,1,Cloudy,Wet,Dark-Lighted
2023-07-19T14:26:00.000,I 75,I 75 and Brighton Rd,,Sideswipe-Same Direction,3,Clear,Dry,Daylight
2023-12-12T08:38:00.000,I 75,I 75 and Brighton Rd,,Sideswipe-Same Direction,2,Clear,Dry,Daylight
2024-03-30T18:45:00.000,I 75,I 75 and Brighton Rd,,Not a Collision with Motor Vehicle,1,Clear,Dry,Daylight
2024-04-08T12:48:00.000,I 75,I 75 and Brighton Rd,,Sideswipe-Same Direction,2,Clear,Dry,Daylight
2024-12-10T18:18:00.000,I 75,I 75 and Brighton Rd,,Not a Collision with Motor Vehicle,3,Clear,Dry,Dark-Not Lighted
2024-12-29T06:59:00.000,I 75,I 75 and Brighton Rd,,Sideswipe-Same Direction,2,Cloudy,Dry,Dark-Not Lighted
2024-08-22T12:30:00.000,I 75,I 75 and Brighton Rd,,Sideswipe-Same Direction,2,Clear,Dry,Daylight
2024-10-12T16:08:00.000,I 75,I 75 and Brighton Rd,,Not a Collision with Motor Vehicle,2,Clear,Dry,Daylight
2024-03-30T09:32:00.000,I 75,I 75 and Brighton Rd,,Sideswipe-Same Direction,2,Clear,Dry,Daylight
2024-03-11T17:30:00.000,I 75,I 75 and Brighton Rd,,Not a Collision with Motor Vehicle,1,Cloudy,Dry,Daylight
2023-07-21T22:50:00.000,I 75,I 75 and Brighton,,Angle Crash,2,Cloudy,Dry,Dark-Lighted
2020-07-10T18:40:00.000,I 75,I 75 and Braneyville Rd,,Not a Collision with Motor Vehicle,1,Rain,Wet,Daylight
2023-04-02T22:15:00.000,I 75,I 75 and Boynton Dr,,Not a Collision with Motor Vehicle,1,Clear,Dry,Dark-Not Lighted
2020-11-23T11:00:00.000,I 75,I 75 and Boynton Dr,,Rear End,2,Clear,Dry,Daylight
2021-11-20T23:50:00.000,I 75,I 75 and Boynton Dr,,Not a Collision with Motor Vehicle,1,Cloudy,Dry,Dark-Not Lighted
2021-07-04T07:57:00.000,I 75,I 75 and Bowen Road Opas,,Not a Collision with Motor Vehicle,1,Clear,Dry,Daylight
2021-05-14T19:41:00.000,I 75,I 75 and Bowen Rd,,Sideswipe-Same Direction,2,Clear,Dry,Daylight
2020-02-05T18:39:00.000,I 75,I 75 and Bowen Rd,,Sideswipe-Same Direction,2,Rain,Wet,Dark-Not Lighted
2021-03-05T20:19:00.000,I 75,I 75 and Bowen Rd,,Angle Crash,3,Clear,Dry,Dark-Not Lighted
2020-07-31T16:40:00.000,I 75,I 75 and Bolton Rd,,Rear End,2,Cloudy,Dry,Daylight
2021-08-23T13:00:00.000,I 75,I 75 and Boca Raton Dr,,Sideswipe-Same Direction,2,Clear,Dry,Daylight
2023-09-16T00:00:00.000,I 75,I 75 and Boca Raton Dr,,Rear End,2,Cloudy,Dry,Daylight
2023-09-15T23:25:00.000,I 75,I 75 and Boca Raton Dr,,Angle Crash,2,Cloudy,Dry,Dark-Not Lighted
2023-09-26T21:49:00.000,I 75,I 75 and Boca Raton Dr,,Sideswipe-Same Direction,2,Clear,Dry,Dark-Lighted
2024-08-07T11:01:00.000,I 75,I 75 and Bobwhite Trl,,Angle Crash,2,Clear,Dry,Daylight
2024-08-07T09:47:00.000,I 75,I 75 and Bobwhiite Trl,,Sideswipe-Opposite Direction,2,Clear,Dry,Daylight
2021-06-23T06:38:00.000,I 75,I 75 and Bob White Trl,,Sideswipe-Same Direction,2,Clear,Dry,Daylight
2021-04-01T14:00:00.000,I 75,I 75 and Bob White Trl,,Angle Crash,2,Clear,Dry,Daylight
2021-12-26T14:22:00.000,I 75,I 75 and Bob White Trl,,Angle Crash,5,Clear,Dry,Daylight
2021-04-25T11:29:00.000,I 75,I 75 and Bob White Trl,,Sideswipe-Same Direction,3,Clear,Dry,Daylight
2021-10-21T06:32:00.000,I 75,I 75 and Bob White Trl,,Angle Crash,2,Clear,Dry,Dark-Lighted
2021-03-26T04:37:00.000,I 75,I 75 and Bob White Trl,,Sideswipe-Same Direction,2,Rain,Wet,Dark-Not Lighted
2021-01-13T10:19:00.000,I 75,I 75 and Bob White Trl,,Sideswipe-Same Direction,2,Clear,Dry,Daylight
2020-08-21T07:39:00.000,I 75,I 75 and Bob White Trl,,Rear End,3,Rain,Wet,Daylight
2023-03-29T09:00:00.000,I 75,I 75 and Bob White Trl,,Not a Collision with Motor Vehicle,1,Clear,Dry,Daylight
2023-10-22T02:21:00.000,I 75,I 75 and Bob White Trl,,Sideswipe-Same Direction,2,Clear,Dry,Dark-Not Lighted
2023-10-12T06:55:00.000,I 75,I 75 and Bob White Trl,,Rear End,2,Rain,Wet,Dawn
2023-04-18T12:11:00.000,I 75,I 75 and Bob White Trl,,Sideswipe-Same Direction,2,Clear,Dry,Daylight
2023-03-01T11:26:00.000,I 75,I 75 and Bob White Trl,,Rear End,2,Cloudy,Dry,Daylight
2023-04-13T05:35:00.000,I 75,I 75 and Bob White Trl,,Sideswipe-Same Direction,2,Clear,Dry,Dark-Not Lighted
2023-11-08T08:15:00.000,I 75,I 75 and Bob White Trl,,Angle Crash,2,Clear,Dry,Daylight
2023-12-12T07:10:00.000,I 75,I 75 and Bob White Trl,,Sideswipe-Same Direction,2,Clear,Dry,Dawn
2023-12-12T08:00:00.000,I 75,I 75 and Bob White Trl,,Rear End,2,Clear,Dry,Daylight
2020-10-14T12:11:00.000,I 75,I 75 and Bob White Trl,,Angle Crash,3,Clear,Dry,Daylight
2024-01-18T08:20:00.000,I 75,I 75 and Bob White Trl,,Sideswipe-Same Direction,2,Clear,Dry,Daylight
2020-03-23T17:20:00.000,I 75,I 75 and Bob White Trl,,Rear End,2,Rain,Wet,Daylight
2020-03-06T07:59:00.000,I 75,I 75 and Bob White Trl,,Sideswipe-Same Direction,2,Clear,Wet,Daylight
2020-06-30T21:39:00.000,I 75,I 75 and Bob White Trl,,Sideswipe-Same Direction,2,Clear,Dry,Dark-Lighted
2020-02-11T06:00:00.000,I 75,I 75 and Bob White Trl,,Rear End,2,Rain,Wet,Dawn
2020-05-19T16:43:00.000,I 75,I 75 and Bob White Trl,,Rear End,2,Clear,Dry,Daylight
2020-04-10T13:41:00.000,I 75,I 75 and Bob White Trl,,Sideswipe-Same Direction,2,Clear,Dry,Daylight
2021-01-13T23:07:00.000,I 75,I 75 and Bob White Trl,,Rear End,4,Clear,Dry,Dark-Lighted
2021-04-01T14:30:00.000,I 75,I 75 and Bob White Trl,,Rear End,2,Clear,Dry,Daylight
2021-02-13T16:06:00.000,I 75,I 75 and Bob White Trl,,Rear End,2,Clear,Dry,Daylight
2021-07-07T19:03:00.000,I 75,I 75 and Bob White Trl,,Rear End,2,Clear,Dry,Daylight
2021-09-21T14:35:00.000,I 75,I 75 and Bob White Trl,,Rear End,3,Clear,Dry,Daylight
2022-08-19T18:10:00.000,I 75,I 75 and Bob White Trl,,Sideswipe-Same Direction,2,Clear,Dry,Daylight
2022-06-05T02:10:00.000,I 75,I 75 and Bob White Trl,,Rear End,2,Clear,Dry,Dark-Not Lighted
2021-11-15T14:00:00.000,I 75,I 75 and Bob White Trl,,Rear End,2,Clear,Dry,Daylight
2022-02-13T11:15:00.000,I 75,I 75 and Bob White Trl,,Not a Collision with Motor Vehicle,1,Clear,Dry,Daylight
2022-09-18T05:10:00.000,I 75,I 75 and Bob White Trl,,Angle Crash,4,Clear,Dry,Dark-Not Lighted
2022-11-24T23:59:00.000,I 75,I 75 and Bob White Trl,,Rear End,2,Rain,Wet,Dark-Lighted
2022-10-27T07:20:00.000,I 75,I 75 and Bob White Trl,,Sideswipe-Same Direction,2,Clear,Dry,Daylight
2022-08-05T09:20:00.000,I 75,I 75 and Bob White Trl,,Angle Crash,2,Clear,Dry,Daylight
2022-08-19T20:10:00.000,I 75,I 75 and Bob White Trl,,Sideswipe-Same Direction,2,Cloudy,Dry,Dark-Not Lighted
2022-05-23T08:25:00.000,I 75,I 75 and Bob White Trl,,Rear End,2,Rain,Wet,Daylight
2022-06-18T05:40:00.000,I 75,I 75 and Bob White Trl,,Angle Crash,2,Clear,Dry,Dark-Not Lighted
2023-06-25T10:36:00.000,I 75,I 75 and Bob White Trl,,Angle Crash,2,Clear,Dry,Daylight
2024-06-13T14:49:00.000,I 75,I 75 and Bob White Trl,,Angle Crash,2,Cloudy,Dry,Daylight
2024-12-16T12:00:00.000,I 75,I 75 and Bob White Trl,,Sideswipe-Same Direction,2,Clear,Dry,Daylight
2024-03-18T19:34:00.000,I 75,I 75 and Bob White Trl,,Sideswipe-Same Direction,2,Clear,Dry,Daylight
2024-01-10T06:40:00.000,I 75,I 75 and Bob White Trl,,Rear End,2,Cloudy,Dry,Dark-Lighted
2024-02-08T06:24:00.000,I 75,I 75 and Bob White Trl,,Rear End,3,Clear,Dry,Dark-Not Lighted
2023-06-11T00:51:00.000,I 75,I 75 and Bob White Trl,,Not a Collision with Motor Vehicle,1,Clear,Dry,Dark-Not Lighted
2023-01-27T23:57:00.000,I 75,I 75 and Bob White Trl,,Rear End,2,Clear,Dry,Dark-Not Lighted
2023-04-19T07:31:00.000,I 75,I 75 and Bob White Trl,,Sideswipe-Same Direction,2,Clear,Dry,Daylight
2023-12-05T07:15:00.000,I 75,I 75 and Bob White Trl,,Sideswipe-Same Direction,2,Clear,Dry,Daylight
2023-10-24T21:22:00.000,I 75,I 75 and Bob White Trl,,Not a Collision with Motor Vehicle,1,Clear,Dry,Dark-Not Lighted
2023-11-16T06:30:00.000,I 75,I 75 and Bob White Trl,,Rear End,2,Cloudy,Dry,Dark-Lighted
2024-08-29T14:22:00.000,I 75,I 75 and Bob White Trl,,Angle Crash,2,Clear,Dry,Daylight
2024-09-13T06:46:00.000,I 75,I 75 and Bob White Trl,,Rear End,2,Clear,Wet,Daylight
2024-12-28T18:30:00.000,I 75,I 75 and Bob White Trl,,Rear End,2,Clear,Wet,Dark-Not Lighted
2024-11-08T05:53:00.000,I 75,I 75 and Bob White Trl,,Rear End,3,Cloudy,Dry,Dawn
2024-11-21T06:40:00.000,I 75,I 75 and Bob White Trl,,Sideswipe-Same Direction,2,Clear,Dry,Dawn
2024-09-03T13:48:00.000,I 75,I 75 and Bob White Trl,,Rear End,2,Clear,Dry,Dusk
2024-05-29T09:35:00.000,I 75,I 75 and Bob White Trl,,Angle Crash,2,Clear,Dry,Daylight
2024-01-30T06:50:00.000,I 75,I 75 and Bob White Trl,,Rear End,2,Clear,Dry,Dawn
2024-10-31T18:20:00.000,I 75,I 75 and Bob White Trl,,Rear End,2,Clear,Dry,Daylight
2024-04-18T08:35:00.000,I 75,I 75 and Bob White Trl,,Sideswipe-Same Direction,2,Clear,Dry,Daylight
2021-10-04T07:35:00.000,I 75,I 75 and Bob White Trail Opas,,Sideswipe-Same Direction,3,Rain,Wet,Daylight
2023-06-06T05:18:00.000,I 75,I 75 and Bob White Trail Opas,,Sideswipe-Same Direction,2,Clear,Dry,Dark-Not Lighted
2022-09-01T15:31:00.000,I 75,I 75 and Blanch Dr,,Rear End,2,Cloudy,Dry,Daylight
2020-09-03T11:40:00.000,I 75,I 75 and Bill Garner Pkwy,,Rear End,4,Clear,Dry,Daylight
2020-07-09T11:28:00.000,I 75,I 75 and Bill Garner Pkwy,,Not a Collision with Motor Vehicle,1,Clear,Dry,Daylight
2023-06-09T14:43:00.000,I 75,I 75 and Bill Garner Pkwy,,Rear End,2,Clear,Dry,Daylight
2024-11-15T09:42:00.000,I 75,I 75 and Bill Garner Pkwy,,Not a Collision with Motor Vehicle,1,Clear,Dry,Dawn
2024-11-25T08:20:00.000,I 75,I 75 and Bill Garner,,Angle Crash,2,Clear,Dry,Daylight
2022-07-29T14:55:00.000,I 75,I 75 and Bill Garnder Pkwy,,Rear End,2,Clear,Dry,Daylight
2023-05-25T20:12:00.000,I 75,I 75 and Bill Garnder Pkwy,,Not a Collision with Motor Vehicle,3,Clear,Dry,Dark-Not Lighted
2024-01-03T15:03:00.000,I 75,I 75 and Bill Gardner Rd,,Not a Collision with Motor Vehicle,1,Rain,Wet,Daylight
2024-12-20T14:06:00.000,I 75,I 75 and Bill Gardner Pwy,,Rear End,2,Clear,Dry,Daylight
2022-05-11T16:15:00.000,I 75,I 75 and Bill Gardner Pwky,,Rear End,2,Clear,Dry,Daylight
2024-11-04T09:20:00.000,I 75,I 75 and Bill Gardner Pwky,,Rear End,2,Cloudy,Dry,Dark-Lighted
2022-01-08T13:20:00.000,I 75,I 75 and Bill Gardner Pkwy.,,Angle Crash,2,Clear,Dry,Daylight
2024-11-06T16:55:00.000,I 75,I 75 and Bill Gardner Pkwy.,,Rear End,2,Rain,Wet,Daylight
2021-11-15T14:00:00.000,I 75,I 75 and Bill Gardner Pkwy Exit 212,,Rear End,4,Clear,Dry,Daylight
2022-05-03T08:15:00.000,I 75,I 75 and Bill Gardner Pkwy Exit 212,,Not a Collision with Motor Vehicle,1,Clear,Dry,Daylight
2021-05-02T13:48:00.000,I 75,I 75 and Bill Gardner Pkwy,,Rear End,2,Clear,Dry,Daylight
2021-06-27T10:55:00.000,I 75,I 75 and Bill Gardner Pkwy,,Sideswipe-Same Direction,2,Clear,Dry,Daylight
2021-05-28T13:45:00.000,I 75,I 75 and Bill Gardner Pkwy,,Sideswipe-Same Direction,2,Clear,Dry,Daylight
2021-04-24T21:15:00.000,I 75,I 75 and Bill Gardner Pkwy,,Rear End,3,Rain,Wet,Dark-Lighted
2021-05-28T16:00:00.000,I 75,I 75 and Bill Gardner Pkwy,,Rear End,3,Clear,Dry,Daylight
2021-06-18T15:03:00.000,I 75,I 75 and Bill Gardner Pkwy,,Rear End,2,Cloudy,Dry,Daylight
2021-01-06T14:15:00.000,I 75,I 75 and Bill Gardner Pkwy,,Rear End,2,Clear,Dry,Daylight
2021-11-18T18:45:00.000,I 75,I 75 and Bill Gardner Pkwy,,Rear End,2,Cloudy,Dry,Dark-Not Lighted
2021-09-03T15:05:00.000,I 75,I 75 and Bill Gardner Pkwy,,Rear End,3,Clear,Dry,Daylight
2021-10-08T15:43:00.000,I 75,I 75 and Bill Gardner Pkwy,,Rear End,2,Clear,Dry,Daylight
2021-12-30T17:49:00.000,I 75,I 75 and Bill Gardner Pkwy,,Sideswipe-Same Direction,6,Rain,Wet,Dark-Not Lighted
2021-03-02T17:39:00.000,I 75,I 75 and Bill Gardner Pkwy,,Sideswipe-Same Direction,2,Cloudy,Wet,Daylight
2021-06-18T18:45:00.000,I 75,I 75 and Bill Gardner Pkwy,,Rear End,2,Clear,Dry,Daylight
2021-05-11T15:29:00.000,I 75,I 75 and Bill Gardner Pkwy,,Rear End,2,Rain,Wet,Daylight
2021-02-20T15:30:00.000,I 75,I 75 and Bill Gardner Pkwy,,Rear End,2,Clear,Dry,Daylight
2021-03-25T16:39:00.000,I 75,I 75 and Bill Gardner Pkwy,,Sideswipe-Same Direction,2,Cloudy,Dry,Daylight
2021-05-07T15:03:00.000,I 75,I 75 and Bill Gardner Pkwy,,Sideswipe-Same Direction,2,Clear,Dry,Daylight
2021-05-28T14:45:00.000,I 75,I 75 and Bill Gardner Pkwy,,Rear End,2,Clear,Dry,Daylight
2021-01-03T14:42:00.000,I 75,I 75 and Bill Gardner Pkwy,,Rear End,3,Clear,Dry,Daylight
2021-06-05T13:20:00.000,I 75,I 75 and Bill Gardner Pkwy,,Rear End,2,Cloudy,Dry,Daylight
2021-05-07T12:55:00.000,I 75,I 75 and Bill Gardner Pkwy,,Rear End,4,Clear,Dry,Daylight
2021-01-01T16:47:00.000,I 75,I 75 and Bill Gardner Pkwy,,Rear End,2,Rain,Water (standing or moving),Daylight
2021-05-07T17:02:00.000,I 75,I 75 and Bill Gardner Pkwy,,Rear End,2,Clear,Dry,Daylight
2021-01-05T13:45:00.000,I 75,I 75 and Bill Gardner Pkwy,,Not a Collision with Motor Vehicle,1,Clear,Dry,Daylight
2021-04-22T14:02:00.000,I 75,I 75 and Bill Gardner Pkwy,,Sideswipe-Same Direction,2,Clear,Dry,Daylight
2021-04-03T16:55:00.000,I 75,I 75 and Bill Gardner Pkwy,,Rear End,2,Clear,Dry,Daylight
2021-03-21T18:10:00.000,I 75,I 75 and Bill Gardner Pkwy,,Rear End,6,Cloudy,Dry,Daylight
2021-04-02T10:09:00.000,I 75,I 75 and Bill Gardner Pkwy,,Sideswipe-Same Direction,2,Clear,Dry,Daylight
2021-01-02T05:48:00.000,I 75,I 75 and Bill Gardner Pkwy,,Rear End,2,Rain,Wet,Daylight
2021-03-19T20:05:00.000,I 75,I 75 and Bill Gardner Pkwy,,Rear End,2,Clear,Dry,Dark-Not Lighted
2021-11-24T16:26:00.000,I 75,I 75 and Bill Gardner Pkwy,,Rear End,2,Clear,Dry,Daylight
2021-10-18T06:30:00.000,I 75,I 75 and Bill Gardner Pkwy,,Not a Collision with Motor Vehicle,1,Clear,Dry,Dark-Not Lighted
2021-10-14T15:07:00.000,I 75,I 75 and Bill Gardner Pkwy,,Rear End,5,Clear,Dry,Daylight
2021-09-29T17:00:00.000,I 75,I 75 and Bill Gardner Pkwy,,Not a Collision with Motor Vehicle,1,Clear,Dry,Daylight
2021-07-09T20:00:00.000,I 75,I 75 and Bill Gardner Pkwy,,Sideswipe-Same Direction,2,Clear,Dry,Daylight
2021-07-08T17:12:00.000,I 75,I 75 and Bill Gardner Pkwy,,Rear End,2,Clear,Dry,Daylight
2021-12-26T13:08:00.000,I 75,I 75 and Bill Gardner Pkwy,,Rear End,3,Clear,Dry,Daylight
2021-09-06T07:04:00.000,I 75,I 75 and Bill Gardner Pkwy,,Not a Collision with Motor Vehicle,1,Clear,Dry,Daylight
2021-07-20T20:24:00.000,I 75,I 75 and Bill Gardner Pkwy,,Not a Collision with Motor Vehicle,1,Cloudy,Wet,Dusk
2021-09-17T22:33:00.000,I 75,I 75 and Bill Gardner Pkwy,,Sideswipe-Same Direction,2,Clear,Dry,Dark-Not Lighted
2021-12-21T03:29:00.000,I 75,I 75 and Bill Gardner Pkwy,,Not a Collision with Motor Vehicle,1,Cloudy,Dry,Dark-Not Lighted
2021-12-26T10:46:00.000,I 75,I 75 and Bill Gardner Pkwy,,Rear End,2,Clear,Dry,Daylight
2021-12-12T06:35:00.000,I 75,I 75 and Bill Gardner Pkwy,,Not a Collision with Motor Vehicle,1,Cloudy,Wet,Dark-Not Lighted
2021-07-18T15:15:00.000,I 75,I 75 and Bill Gardner Pkwy,,Rear End,2,Clear,Dry,Daylight
2021-09-20T01:36:00.000,I 75,I 75 and Bill Gardner Pkwy,,Sideswipe-Same Direction,2,Rain,Wet,Dark-Not Lighted
2021-10-16T14:45:00.000,I 75,I 75 and Bill Gardner Pkwy,,Rear End,2,Clear,Dry,Daylight
2021-10-01T17:21:00.000,I 75,I 75 and Bill Gardner Pkwy,,Rear End,2,Clear,Dry,Daylight
2021-12-28T14:11:00.000,I 75,I 75 and Bill Gardner Pkwy,,Sideswipe-Same Direction,2,Cloudy,Dry,Daylight
2021-12-18T20:44:00.000,I 75,I 75 and Bill Gardner Pkwy,,Sideswipe-Same Direction,2,Rain,Wet,Dark-Not Lighted
2021-10-08T11:28:00.000,I 75,I 75 and Bill Gardner Pkwy,,Rear End,2,Clear,Dry,Daylight
2021-10-07T16:58:00.000,I 75,I 75 and Bill Gardner Pkwy,,Rear End,3,Rain,Wet,Daylight
2021-06-26T17:31:00.000,I 75,I 75 and Bill Gardner Pkwy,,Rear End,2,Cloudy,Dry,Daylight
2021-03-01T11:00:00.000,I 75,I 75 and Bill Gardner Pkwy,,Rear End,2,Clear,Dry,Daylight
2021-01-15T16:00:00.000,I 75,I 75 and Bill Gardner Pkwy,,Rear End,2,Clear,Dry,Daylight
2021-03-31T17:50:00.000,I 75,I 75 and Bill Gardner Pkwy,,Rear End,2,Rain,Wet,Daylight
2021-04-22T12:55:00.000,I 75,I 75 and Bill Gardner Pkwy,,Sideswipe-Same Direction,2,Clear,Dry,Daylight
2021-06-13T13:20:00.000,I 75,I 75 and Bill Gardner Pkwy,,Rear End,2,Clear,Dry,Daylight
2021-04-06T06:11:00.000,I 75,I 75 and Bill Gardner Pkwy,,Rear End,3,Clear,Dry,Dusk
2021-02-24T10:00:00.000,I 75,I 75 and Bill Gardner Pkwy,,Angle Crash,2,Clear,Dry,Daylight
2021-01-01T02:20:00.000,I 75,I 75 and Bill Gardner Pkwy,,Rear End,2,Rain,Wet,Dark-Not Lighted
2021-06-30T06:55:00.000,I 75,I 75 and Bill Gardner Pkwy,,Angle Crash,2,Clear,Dry,Daylight
2021-02-12T18:00:00.000,I 75,I 75 and Bill Gardner Pkwy,,Rear End,2,Clear,Dry,Dusk
2021-05-01T00:25:00.000,I 75,I 75 and Bill Gardner Pkwy,,Rear End,2,Clear,Dry,Dark-Not Lighted
2021-05-03T17:15:00.000,I 75,I 75 and Bill Gardner Pkwy,,Angle Crash,4,Rain,Wet,Daylight
2021-08-13T16:40:00.000,I 75,I 75 and Bill Gardner Pkwy,,Rear End,3,Clear,Dry,Daylight
2021-09-30T15:19:00.000,I 75,I 75 and Bill Gardner Pkwy,,Sideswipe-Same Direction,2,Clear,Dry,Daylight
2021-10-16T14:44:00.000,I 75,I 75 and Bill Gardner Pkwy,,Rear End,2,Clear,Dry,Daylight
2021-11-24T02:18:00.000,I 75,I 75 and Bill Gardner Pkwy,,Not a Collision with Motor Vehicle,1,Clear,Dry,Dark-Lighted
2021-07-01T13:00:00.000,I 75,I 75 and Bill Gardner Pkwy,,Rear End,3,Clear,Dry,Daylight
2021-07-18T15:03:00.000,I 75,I 75 and Bill Gardner Pkwy,,Sideswipe-Same Direction,2,Clear,Dry,Daylight
2021-04-21T08:54:00.000,I 75,I 75 and Bill Gardner Pkwy,,Sideswipe-Same Direction,2,Clear,Dry,Daylight
2021-03-05T19:07:00.000,I 75,I 75 and Bill Gardner Pkwy,,Rear End,2,Clear,Dry,Dark-Not Lighted
2021-02-12T15:02:00.000,I 75,I 75 and Bill Gardner Pkwy,,Rear End,2,Clear,Dry,Daylight
2020-03-28T00:50:00.000,I 75,I 75 and Bill Gardner Pkwy,,Sideswipe-Same Direction,2,Clear,Dry,Dark-Lighted
2020-11-13T05:05:00.000,I 75,I 75 and Bill Gardner Pkwy,,Sideswipe-Same Direction,2,Clear,Dry,Dark-Not Lighted
2020-07-20T18:21:00.000,I 75,I 75 and Bill Gardner Pkwy,,Rear End,2,Clear,Dry,Daylight
2023-04-07T07:30:00.000,I 75,I 75 and Bill Gardner Pkwy,,(None),1,(None),(None),(None)
2023-10-14T14:05:00.000,I 75,I 75 and Bill Gardner Pkwy,,Rear End,2,Cloudy,Dry,Daylight
2023-07-17T06:30:00.000,I 75,I 75 and Bill Gardner Pkwy,,Angle Crash,2,Clear,Dry,Dark-Lighted
2023-04-13T12:30:00.000,I 75,I 75 and Bill Gardner Pkwy,,Rear End,2,Rain,Wet,Daylight
2023-04-29T06:30:00.000,I 75,I 75 and Bill Gardner Pkwy,,Sideswipe-Same Direction,2,Clear,Dry,Daylight
2023-01-20T18:22:00.000,I 75,I 75 and Bill Gardner Pkwy,,Rear End,2,Clear,Dry,Dark-Not Lighted
2023-03-13T14:48:00.000,I 75,I 75 and Bill Gardner Pkwy,,Sideswipe-Same Direction,2,Clear,Dry,Daylight
2023-04-26T14:48:00.000,I 75,I 75 and Bill Gardner Pkwy,,Rear End,2,Clear,Dry,Daylight
2023-03-31T22:30:00.000,I 75,I 75 and Bill Gardner Pkwy,,Rear End,2,Clear,Dry,Dark-Not Lighted
2023-07-07T17:55:00.000,I 75,I 75 and Bill Gardner Pkwy,,Rear End,2,Cloudy,Wet,Daylight
2023-05-12T12:47:00.000,I 75,I 75 and Bill Gardner Pkwy,,Rear End,2,Rain,Wet,Daylight
2023-04-07T16:05:00.000,I 75,I 75 and Bill Gardner Pkwy,,Rear End,2,Clear,Dry,Daylight
2023-03-24T13:54:00.000,I 75,I 75 and Bill Gardner Pkwy,,Rear End,2,Clear,Dry,Dark-Not Lighted
2023-10-13T19:42:00.000,I 75,I 75 and Bill Gardner Pkwy,,Rear End,2,Rain,Wet,Dark-Lighted
2023-07-10T13:22:00.000,I 75,I 75 and Bill Gardner Pkwy,,Not a Collision with Motor Vehicle,2,Clear,Dry,Daylight
2023-11-21T12:19:00.000,I 75,I 75 and Bill Gardner Pkwy,,Rear End,2,Rain,Wet,Daylight
2023-03-13T07:26:00.000,I 75,I 75 and Bill Gardner Pkwy,,Sideswipe-Same Direction,2,Clear,Dry,Dusk
2023-10-12T16:40:00.000,I 75,I 75 and Bill Gardner Pkwy,,Sideswipe-Same Direction,2,Cloudy,Dry,Daylight
2023-06-19T14:40:00.000,I 75,I 75 and Bill Gardner Pkwy,,Not a Collision with Motor Vehicle,1,Cloudy,Dry,Daylight
2023-03-18T11:32:00.000,I 75,I 75 and Bill Gardner Pkwy,,Rear End,2,Clear,Dry,Daylight
2023-03-20T21:47:00.000,I 75,I 75 and Bill Gardner Pkwy,,Sideswipe-Same Direction,2,Clear,Dry,Dark-Not Lighted
2023-03-26T14:20:00.000,I 75,I 75 and Bill Gardner Pkwy,,Rear End,2,Rain,Wet,Daylight
2023-12-08T12:53:00.000,I 75,I 75 and Bill Gardner Pkwy,,Sideswipe-Same Direction,2,Clear,Dry,Daylight
2023-03-30T10:11:00.000,I 75,I 75 and Bill Gardner Pkwy,,Rear End,2,Clear,Dry,Daylight
2023-11-26T17:40:00.000,I 75,I 75 and Bill Gardner Pkwy,,Rear End,2,Rain,Wet,Dark-Lighted
2023-05-18T15:22:00.000,I 75,I 75 and Bill Gardner Pkwy,,Rear End,2,Clear,Dry,Daylight
2023-09-22T15:51:00.000,I 75,I 75 and Bill Gardner Pkwy,,Angle Crash,2,Clear,Dry,Daylight
2023-03-18T15:25:00.000,I 75,I 75 and Bill Gardner Pkwy,,Rear End,2,Clear,Dry,Daylight
2023-10-13T21:40:00.000,I 75,I 75 and Bill Gardner Pkwy,,Rear End,2,Rain,Wet,Dark-Not Lighted
2023-04-13T15:00:00.000,I 75,I 75 and Bill Gardner Pkwy,,Rear End,4,Clear,Dry,Daylight
2023-12-16T12:55:00.000,I 75,I 75 and Bill Gardner Pkwy,,Sideswipe-Same Direction,2,Cloudy,Dry,Daylight
2023-03-14T21:45:00.000,I 75,I 75 and Bill Gardner Pkwy,,Sideswipe-Same Direction,2,Clear,Dry,Dark-Lighted
2023-09-26T16:18:00.000,I 75,I 75 and Bill Gardner Pkwy,,Sideswipe-Same Direction,2,Clear,Dry,Daylight
2023-12-26T18:25:00.000,I 75,I 75 and Bill Gardner Pkwy,,Rear End,3,Clear,Dry,Dark-Not Lighted
2023-01-12T15:32:00.000,I 75,I 75 and Bill Gardner Pkwy,,Angle Crash,2,Cloudy,Dry,Daylight