Date and Time,Roadway (From Crash Report),Intersection Name (from Crash Report),KABCO Severity,Manner of Collision (Crash Level) ,# of Vehicles per crash ,Weather Conditions (Crash Level),Surface Condition (Crash Level) ,Light Conditions (Crash Level)
2022-06-17T18:20:00.000,I 75,I 75 and Bill Gardner Pkwy,,Rear End,2,Clear,Dry,Daylight
2022-09-27T18:31:00.000,I 75,I 75 and Bill Gardner Pkwy,,Rear End,2,Clear,Dry,Daylight
2022-03-09T04:35:00.000,I 75,I 75 and Bill Gardner Pkwy,,Not a Collision with Motor Vehicle,1,Cloudy,Wet,Dark-Not Lighted
2022-03-05T18:47:00.000,I 75,I 75 and Bill Gardner Pkwy,,Not a Collision with Motor Vehicle,1,Clear,Dry,Dark-Not Lighted
2022-01-05T04:50:00.000,I 75,I 75 and Bill Gardner Pkwy,,Rear End,2,Clear,Dry,Dark-Not Lighted
2022-03-28T16:00:00.000,I 75,I 75 and Bill Gardner Pkwy,,Rear End,2,Clear,Dry,Daylight
2022-06-29T17:21:00.000,I 75,I 75 and Bill Gardner Pkwy,,Sideswipe-Same Direction,2,Cloudy,Dry,Daylight
2022-08-08T07:00:00.000,I 75,I 75 and Bill Gardner Pkwy,,Rear End,2,Clear,Dry,Daylight
2022-02-20T17:10:00.000,I 75,I 75 and Bill Gardner Pkwy,,Rear End,2,Clear,Dry,Daylight
2022-05-27T14:00:00.000,I 75,I 75 and Bill Gardner Pkwy,,Angle Crash,2,Clear,Dry,Daylight
2022-05-22T14:00:00.000,I 75,I 75 and Bill Gardner Pkwy,,Sideswipe-Same Direction,2,Clear,Dry,Daylight
2022-09-12T04:05:00.000,I 75,I 75 and Bill Gardner Pkwy,,Not a Collision with Motor Vehicle,1,Clear,Dry,Dark-Lighted
2022-07-14T22:44:00.000,I 75,I 75 and Bill Gardner Pkwy,,Not a Collision with Motor Vehicle,1,Clear,Dry,Dark-Lighted
2022-06-21T15:51:00.000,I 75,I 75 and Bill Gardner Pkwy,,Not a Collision with Motor Vehicle,1,Clear,Dry,Daylight
2022-08-15T18:00:00.000,I 75,I 75 and Bill Gardner Pkwy,,Sideswipe-Same Direction,2,Clear,Dry,Daylight
2022-06-03T14:25:00.000,I 75,I 75 and Bill Gardner Pkwy,,Rear End,2,Clear,Dry,Daylight
2022-12-26T18:30:00.000,I 75,I 75 and Bill Gardner Pkwy,,Rear End,2,Clear,Dry,Dark-Not Lighted
2022-11-21T12:42:00.000,I 75,I 75 and Bill Gardner Pkwy,,Not a Collision with Motor Vehicle,1,Clear,Dry,Daylight
2022-01-30T08:45:00.000,I 75,I 75 and Bill Gardner Pkwy,,Sideswipe-Same Direction,2,Clear,Dry,Daylight
2022-07-24T17:40:00.000,I 75,I 75 and Bill Gardner Pkwy,,Not a Collision with Motor Vehicle,1,Clear,Dry,Daylight
2022-11-21T20:53:00.000,I 75,I 75 and Bill Gardner Pkwy,,Not a Collision with Motor Vehicle,1,Clear,Dry,Dark-Lighted
2022-10-10T14:36:00.000,I 75,I 75 and Bill Gardner Pkwy,,Rear End,2,Clear,Dry,Daylight
2022-02-20T14:31:00.000,I 75,I 75 and Bill Gardner Pkwy,,Sideswipe-Same Direction,2,Clear,Dry,Daylight
2022-06-19T19:57:00.000,I 75,I 75 and Bill Gardner Pkwy,,Rear End,2,Clear,Dry,Daylight
2022-03-26T14:53:00.000,I 75,I 75 and Bill Gardner Pkwy,,Sideswipe-Same Direction,2,Clear,Dry,Daylight
2022-06-11T01:13:00.000,I 75,I 75 and Bill Gardner Pkwy,,Not a Collision with Motor Vehicle,2,Clear,Dry,Dark-Not Lighted
2022-11-26T10:46:00.000,I 75,I 75 and Bill Gardner Pkwy,,Rear End,2,Clear,Dry,Daylight
2022-10-28T19:30:00.000,I 75,I 75 and Bill Gardner Pkwy,,Rear End,2,Clear,Dry,Dusk
2022-12-19T19:25:00.000,I 75,I 75 and Bill Gardner Pkwy,,Rear End,2,Clear,Dry,Dark-Not Lighted
2022-11-07T06:45:00.000,I 75,I 75 and Bill Gardner Pkwy,,Rear End,2,Clear,Dry,Dark-Not Lighted
2022-04-29T17:16:00.000,I 75,I 75 and Bill Gardner Pkwy,,Rear End,3,Clear,Dry,Daylight
2022-04-25T19:14:00.000,I 75,I 75 and Bill Gardner Pkwy,,Sideswipe-Same Direction,2,Clear,Dry,Daylight
2022-12-28T15:32:00.000,I 75,I 75 and Bill Gardner Pkwy,,Rear End,4,Clear,Dry,Daylight
2022-11-16T06:44:00.000,I 75,I 75 and Bill Gardner Pkwy,,Sideswipe-Same Direction,2,Clear,Dry,Daylight
2022-11-18T03:11:00.000,I 75,I 75 and Bill Gardner Pkwy,,Not a Collision with Motor Vehicle,1,Clear,Dry,Dark-Not Lighted
2022-11-11T07:48:00.000,I 75,I 75 and Bill Gardner Pkwy,,Rear End,2,Rain,Wet,Daylight
2022-10-03T10:00:00.000,I 75,I 75 and Bill Gardner Pkwy,,Rear End,2,Clear,Dry,Daylight
2022-02-18T13:20:00.000,I 75,I 75 and Bill Gardner Pkwy,,Sideswipe-Same Direction,4,Clear,Dry,Daylight
2022-12-22T12:31:00.000,I 75,I 75 and Bill Gardner Pkwy,,Rear End,4,Clear,Dry,Daylight
2022-09-24T21:45:00.000,I 75,I 75 and Bill Gardner Pkwy,,Angle Crash,2,Clear,Dry,Dark-Not Lighted
2022-03-12T12:20:00.000,I 75,I 75 and Bill Gardner Pkwy,,Rear End,3,Clear,Dry,Daylight
2022-03-16T13:15:00.000,I 75,I 75 and Bill Gardner Pkwy,,Sideswipe-Same Direction,2,Cloudy,Wet,Daylight
2022-11-07T00:28:00.000,I 75,I 75 and Bill Gardner Pkwy,,Sideswipe-Same Direction,2,Clear,Dry,Dark-Not Lighted
2022-07-09T14:47:00.000,I 75,I 75 and Bill Gardner Pkwy,,Rear End,2,Clear,Dry,Daylight
2022-05-25T14:40:00.000,I 75,I 75 and Bill Gardner Pkwy,,Rear End,2,Clear,Dry,Daylight
2022-07-08T08:54:00.000,I 75,I 75 and Bill Gardner Pkwy,,Not a Collision with Motor Vehicle,1,Cloudy,Dry,Daylight
2022-09-04T23:16:00.000,I 75,I 75 and Bill Gardner Pkwy,,Not a Collision with Motor Vehicle,1,Rain,Wet,Dark-Not Lighted
2022-07-18T05:20:00.000,I 75,I 75 and Bill Gardner Pkwy,,Sideswipe-Same Direction,2,Clear,Dry,Dark-Not Lighted
2022-11-11T16:12:00.000,I 75,I 75 and Bill Gardner Pkwy,,Rear End,2,Cloudy,Dry,Daylight
2022-09-27T18:51:00.000,I 75,I 75 and Bill Gardner Pkwy,,Rear End,2,Clear,Dry,Daylight
2022-01-12T18:40:00.000,I 75,I 75 and Bill Gardner Pkwy,,Rear End,2,Clear,Dry,Dark-Lighted
2022-04-02T13:16:00.000,I 75,I 75 and Bill Gardner Pkwy,,Sideswipe-Same Direction,2,Cloudy,Dry,Daylight
2022-02-11T16:18:00.000,I 75,I 75 and Bill Gardner Pkwy,,Rear End,2,Clear,Dry,Daylight
2022-11-13T16:00:00.000,I 75,I 75 and Bill Gardner Pkwy,,Rear End,2,Clear,Dry,Daylight
2022-06-10T15:54:00.000,I 75,I 75 and Bill Gardner Pkwy,,Rear End,2,Clear,Dry,Daylight
2022-11-13T16:13:00.000,I 75,I 75 and Bill Gardner Pkwy,,Rear End,2,Clear,Dry,Daylight
2022-10-14T07:20:00.000,I 75,I 75 and Bill Gardner Pkwy,,Rear End,2,Clear,Dry,Daylight
2022-04-24T23:34:00.000,I 75,I 75 and Bill Gardner Pkwy,,Not a Collision with Motor Vehicle,1,Clear,Dry,Dark-Not Lighted
2022-01-30T19:12:00.000,I 75,I 75 and Bill Gardner Pkwy,,Not a Collision with Motor Vehicle,1,Clear,Dry,Dark-Not Lighted
2022-11-18T15:50:00.000,I 75,I 75 and Bill Gardner Pkwy,,Rear End,2,Clear,Dry,Daylight
2022-10-01T03:41:00.000,I 75,I 75 and Bill Gardner Pkwy,,Not a Collision with Motor Vehicle,1,Clear,Dry,Dark-Not Lighted
2022-11-07T19:25:00.000,I 75,I 75 and Bill Gardner Pkwy,,Sideswipe-Same Direction,2,Clear,Dry,Dark-Not Lighted
2022-06-02T09:00:00.000,I 75,I 75 and Bill Gardner Pkwy,,Rear End,2,Clear,Dry,Daylight
2022-10-03T07:00:00.000,I 75,I 75 and Bill Gardner Pkwy,,Sideswipe-Same Direction,3,Clear,Dry,Dark-Not Lighted
2022-10-06T09:39:00.000,I 75,I 75 and Bill Gardner Pkwy,,Not a Collision with Motor Vehicle,1,Clear,Dry,Daylight
2022-12-06T07:36:00.000,I 75,I 75 and Bill Gardner Pkwy,,Rear End,2,Rain,Wet,Daylight
2022-10-27T10:26:00.000,I 75,I 75 and Bill Gardner Pkwy,,Rear End,2,Clear,Dry,Daylight
2022-03-11T19:45:00.000,I 75,I 75 and Bill Gardner Pkwy,,Rear End,2,Clear,Dry,Dark-Lighted
2022-12-31T18:15:00.000,I 75,I 75 and Bill Gardner Pkwy,,Rear End,2,Clear,Dry,Dark-Not Lighted
2022-04-06T13:21:00.000,I 75,I 75 and Bill Gardner Pkwy,,Rear End,2,Cloudy,Dry,Daylight
2022-11-30T08:34:00.000,I 75,I 75 and Bill Gardner Pkwy,,Sideswipe-Same Direction,2,Cloudy,Wet,Daylight
2022-04-02T15:57:00.000,I 75,I 75 and Bill Gardner Pkwy,,Not a Collision with Motor Vehicle,1,Clear,Dry,Daylight
2022-11-19T12:32:00.000,I 75,I 75 and Bill Gardner Pkwy,,Rear End,2,Clear,Dry,Daylight
2022-11-13T16:32:00.000,I 75,I 75 and Bill Gardner Pkwy,,Rear End,2,Clear,Dry,Daylight
2022-11-28T13:45:00.000,I 75,I 75 and Bill Gardner Pkwy,,Rear End,2,Clear,Dry,Daylight
2023-07-09T18:00:00.000,I 75,I 75 and Bill Gardner Pkwy,,Sideswipe-Same Direction,2,Clear,Dry,Daylight
2023-10-10T19:40:00.000,I 75,I 75 and Bill Gardner Pkwy,,Not a Collision with Motor Vehicle,2,Clear,Dry,Dark-Not Lighted
2023-03-19T16:12:00.000,I 75,I 75 and Bill Gardner Pkwy,,Rear End,2,Clear,Dry,Daylight
2024-10-17T20:00:00.000,I 75,I 75 and Bill Gardner Pkwy,,Not a Collision with Motor Vehicle,1,Clear,Dry,Dark-Not Lighted
2024-03-01T11:23:00.000,I 75,I 75 and Bill Gardner Pkwy,,Sideswipe-Same Direction,2,Rain,Wet,Daylight
2024-01-27T22:03:00.000,I 75,I 75 and Bill Gardner Pkwy,,Not a Collision with Motor Vehicle,1,Rain,Water (standing or moving),Dark-Not Lighted
2024-06-04T16:40:00.000,I 75,I 75 and Bill Gardner Pkwy,,Sideswipe-Same Direction,2,Clear,Dry,Daylight
2024-07-11T10:10:00.000,I 75,I 75 and Bill Gardner Pkwy,,Sideswipe-Same Direction,2,Clear,Dry,Daylight
2024-04-30T07:39:00.000,I 75,I 75 and Bill Gardner Pkwy,,Not a Collision with Motor Vehicle,1,Cloudy,Dry,Daylight
2024-10-11T14:00:00.000,I 75,I 75 and Bill Gardner Pkwy,,Rear End,2,Clear,Dry,Daylight
2024-03-26T12:03:00.000,I 75,I 75 and Bill Gardner Pkwy,,Rear End,2,Cloudy,Dry,Daylight
2024-12-12T17:43:00.000,I 75,I 75 and Bill Gardner Pkwy,,Rear End,2,Clear,Dry,Daylight
2024-03-19T12:07:00.000,I 75,I 75 and Bill Gardner Pkwy,,Sideswipe-Same Direction,2,Clear,Dry,Daylight
2024-11-27T13:15:00.000,I 75,I 75 and Bill Gardner Pkwy,,Rear End,2,Clear,Dry,Daylight
2024-03-25T16:00:00.000,I 75,I 75 and Bill Gardner Pkwy,,Rear End,2,Clear,Dry,Daylight
2024-09-29T13:25:00.000,I 75,I 75 and Bill Gardner Pkwy,,Sideswipe-Same Direction,2,Cloudy,Dry,Daylight
2024-04-24T06:14:00.000,I 75,I 75 and Bill Gardner Pkwy,,Sideswipe-Same Direction,2,Clear,Dry,Dawn
2024-10-15T16:04:00.000,I 75,I 75 and Bill Gardner Pkwy,,Rear End,2,Clear,Dry,Daylight
2024-05-11T15:43:00.000,I 75,I 75 and Bill Gardner Pkwy,,Sideswipe-Same Direction,2,Clear,Dry,Daylight
2024-12-23T06:30:00.000,I 75,I 75 and Bill Gardner Pkwy,,Not a Collision with Motor Vehicle,2,Clear,Dry,Dark-Not Lighted
2024-06-03T10:32:00.000,I 75,I 75 and Bill Gardner Pkwy,,Rear End,2,Clear,Dry,Daylight
2023-08-28T18:13:00.000,I 75,I 75 and Bill Gardner Pkwy,,Rear End,2,Cloudy,Wet,Daylight
2023-05-31T19:02:00.000,I 75,I 75 and Bill Gardner Pkwy,,Not a Collision with Motor Vehicle,1,Clear,Dry,Daylight
2023-08-11T09:00:00.000,I 75,I 75 and Bill Gardner Pkwy,,Not a Collision with Motor Vehicle,1,Rain,Wet,Daylight
2023-10-14T11:10:00.000,I 75,I 75 and Bill Gardner Pkwy,,Sideswipe-Same Direction,3,Cloudy,Dry,Daylight
2023-06-25T19:36:00.000,I 75,I 75 and Bill Gardner Pkwy,,Not a Collision with Motor Vehicle,1,Rain,Wet,Daylight
2023-11-21T19:16:00.000,I 75,I 75 and Bill Gardner Pkwy,,Rear End,2,Clear,Dry,Dark-Not Lighted
2023-11-17T17:58:00.000,I 75,I 75 and Bill Gardner Pkwy,,Rear End,2,Clear,Dry,Dark-Not Lighted
2024-01-09T08:20:00.000,I 75,I 75 and Bill Gardner Pkwy,,Not a Collision with Motor Vehicle,1,Rain,Wet,Daylight
2024-04-12T13:09:00.000,I 75,I 75 and Bill Gardner Pkwy,,Sideswipe-Same Direction,2,Clear,Dry,Daylight
2024-01-11T13:40:00.000,I 75,I 75 and Bill Gardner Pkwy,,Not a Collision with Motor Vehicle,1,Clear,Dry,Daylight
2024-04-14T13:00:00.000,I 75,I 75 and Bill Gardner Pkwy,,Rear End,2,Clear,Dry,Daylight
2024-04-16T10:39:00.000,I 75,I 75 and Bill Gardner Pkwy,,Rear End,2,Clear,Dry,Daylight
2024-03-01T17:58:00.000,I 75,I 75 and Bill Gardner Pkwy,,Rear End,2,Rain,Water (standing or moving),Dawn
2024-02-09T22:13:00.000,I 75,I 75 and Bill Gardner Pkwy,,Sideswipe-Same Direction,2,Clear,Dry,Dark-Not Lighted
2024-02-08T19:54:00.000,I 75,I 75 and Bill Gardner Pkwy,,Not a Collision with Motor Vehicle,1,Clear,Dry,Dark-Not Lighted
2024-03-25T14:43:00.000,I 75,I 75 and Bill Gardner Pkwy,,Sideswipe-Same Direction,2,Cloudy,Dry,Daylight
2024-02-25T16:40:00.000,I 75,I 75 and Bill Gardner Pkwy,,Rear End,2,Clear,Dry,Daylight
2023-08-23T08:15:00.000,I 75,I 75 and Bill Gardner Pkwy,,Sideswipe-Same Direction,2,Clear,Dry,Daylight
2023-11-21T19:14:00.000,I 75,I 75 and Bill Gardner Pkwy,,Rear End,2,Rain,Wet,Dark-Not Lighted
2023-04-05T18:41:00.000,I 75,I 75 and Bill Gardner Pkwy,,Rear End,2,Clear,Dry,Daylight
2023-01-12T06:56:00.000,I 75,I 75 and Bill Gardner Pkwy,,Angle Crash,3,Cloudy,Dry,Dark-Not Lighted
2023-02-20T16:09:00.000,I 75,I 75 and Bill Gardner Pkwy,,Sideswipe-Same Direction,2,Clear,Dry,Daylight
2023-09-12T10:21:00.000,I 75,I 75 and Bill Gardner Pkwy,,Sideswipe-Same Direction,2,Clear,Dry,Daylight
2023-11-26T16:47:00.000,I 75,I 75 and Bill Gardner Pkwy,,Rear End,2,Rain,Wet,Dusk
2023-08-07T16:30:00.000,I 75,I 75 and Bill Gardner Pkwy,,Not a Collision with Motor Vehicle,3,Clear,Dry,Daylight
2023-11-03T07:21:00.000,I 75,I 75 and Bill Gardner Pkwy,,Sideswipe-Opposite Direction,3,Clear,Dry,Dark-Not Lighted
2023-12-21T15:05:00.000,I 75,I 75 and Bill Gardner Pkwy,,Rear End,2,Clear,Dry,Daylight
2023-01-02T19:30:00.000,I 75,I 75 and Bill Gardner Pkwy,,Rear End,2,Clear,Dry,Dark-Not Lighted
2023-08-30T16:03:00.000,I 75,I 75 and Bill Gardner Pkwy,,Rear End,2,Rain,Wet,Daylight
2023-06-11T16:13:00.000,I 75,I 75 and Bill Gardner Pkwy,,Rear End,3,Clear,Dry,Daylight
2023-12-22T12:46:00.000,I 75,I 75 and Bill Gardner Pkwy,,Rear End,2,Clear,Dry,Daylight
2023-03-16T17:50:00.000,I 75,I 75 and Bill Gardner Pkwy,,Rear End,2,Clear,Dry,Daylight
2023-12-02T20:55:00.000,I 75,I 75 and Bill Gardner Pkwy,,Not a Collision with Motor Vehicle,1,Clear,Dry,Dark-Lighted
2023-10-02T08:25:00.000,I 75,I 75 and Bill Gardner Pkwy,,Rear End,5,Clear,Dry,Daylight
2023-04-13T13:49:00.000,I 75,I 75 and Bill Gardner Pkwy,,Rear End,2,Rain,Wet,Daylight
2023-05-13T15:28:00.000,I 75,I 75 and Bill Gardner Pkwy,,Sideswipe-Same Direction,3,Clear,Dry,Daylight
2023-06-16T13:55:00.000,I 75,I 75 and Bill Gardner Pkwy,,Rear End,2,Clear,Dry,Daylight
2023-05-19T20:00:00.000,I 75,I 75 and Bill Gardner Pkwy,,Sideswipe-Same Direction,2,Clear,Dry,Daylight
2023-03-07T17:30:00.000,I 75,I 75 and Bill Gardner Pkwy,,Rear End,2,Clear,Dry,Daylight
2023-07-27T13:38:00.000,I 75,I 75 and Bill Gardner Pkwy,,Rear End,2,Clear,Dry,Daylight
2023-05-19T06:00:00.000,I 75,I 75 and Bill Gardner Pkwy,,Sideswipe-Same Direction,2,Cloudy,Dry,Dark-Not Lighted
2023-10-11T09:46:00.000,I 75,I 75 and Bill Gardner Pkwy,,Sideswipe-Same Direction,2,Cloudy,Dry,Daylight
2023-06-14T15:13:00.000,I 75,I 75 and Bill Gardner Pkwy,,Rear End,2,Rain,Wet,Daylight
2023-12-26T12:42:00.000,I 75,I 75 and Bill Gardner Pkwy,,Rear End,2,Cloudy,Wet,Daylight
2023-12-28T15:57:00.000,I 75,I 75 and Bill Gardner Pkwy,,Sideswipe-Same Direction,2,Clear,Dry,Daylight
2023-04-16T09:40:00.000,I 75,I 75 and Bill Gardner Pkwy,,Sideswipe-Same Direction,2,Clear,Dry,Daylight
2023-10-10T17:38:00.000,I 75,I 75 and Bill Gardner Pkwy,,Rear End,3,Clear,Dry,Daylight
2023-03-09T14:30:00.000,I 75,I 75 and Bill Gardner Pkwy,,Rear End,2,Rain,Wet,Daylight
2023-09-08T13:19:00.000,I 75,I 75 and Bill Gardner Pkwy,,Not a Collision with Motor Vehicle,1,Clear,Dry,Daylight
2023-05-13T15:28:00.000,I 75,I 75 and Bill Gardner Pkwy,,Rear End,2,Clear,Dry,Daylight
2023-07-21T11:30:00.000,I 75,I 75 and Bill Gardner Pkwy,,Not a Collision with Motor Vehicle,1,Clear,Dry,Daylight
2023-10-07T03:15:00.000,I 75,I 75 and Bill Gardner Pkwy,,Not a Collision with Motor Vehicle,1,Cloudy,Dry,Dark-Lighted
2023-11-08T19:27:00.000,I 75,I 75 and Bill Gardner Pkwy,,Angle Crash,2,Clear,Dry,Dark-Lighted
2023-03-13T18:43:00.000,I 75,I 75 and Bill Gardner Pkwy,,Rear End,2,Clear,Dry,Daylight
2023-07-05T18:21:00.000,I 75,I 75 and Bill Gardner Pkwy,,Rear End,2,Clear,Dry,Daylight
2023-05-28T13:04:00.000,I 75,I 75 and Bill Gardner Pkwy,,Rear End,2,Clear,Dry,Daylight
2023-10-03T07:20:00.000,I 75,I 75 and Bill Gardner Pkwy,,Rear End,2,Clear,Dry,Daylight
2023-10-24T06:45:00.000,I 75,I 75 and Bill Gardner Pkwy,,Sideswipe-Same Direction,2,Clear,Dry,Dark-Lighted
2023-11-07T18:10:00.000,I 75,I 75 and Bill Gardner Pkwy,,Rear End,3,Clear,Dry,Dark-Not Lighted
2023-08-22T15:00:00.000,I 75,I 75 and Bill Gardner Pkwy,,Rear End,2,Clear,Dry,Daylight
2023-03-15T13:25:00.000,I 75,I 75 and Bill Gardner Pkwy,,Rear End,3,Clear,Dry,Daylight
2023-01-12T19:04:00.000,I 75,I 75 and Bill Gardner Pkwy,,Rear End,2,Rain,Wet,Dark-Not Lighted
2023-11-15T01:27:00.000,I 75,I 75 and Bill Gardner Pkwy,,Angle Crash,2,Clear,Dry,Dark-Not Lighted
2023-02-14T21:25:00.000,I 75,I 75 and Bill Gardner Pkwy,,Sideswipe-Same Direction,2,Clear,Dry,Dark-Not Lighted
2023-06-10T23:14:00.000,I 75,I 75 and Bill Gardner Pkwy,,Not a Collision with Motor Vehicle,1,Clear,Dry,Dark-Not Lighted
2023-11-24T17:00:00.000,I 75,I 75 and Bill Gardner Pkwy,,Rear End,2,Clear,Dry,Daylight
2023-11-13T07:10:00.000,I 75,I 75 and Bill Gardner Pkwy,,Not a Collision with Motor Vehicle,1,Clear,Dry,Dawn
2023-03-29T14:30:00.000,I 75,I 75 and Bill Gardner Pkwy,,Rear End,2,Clear,Dry,Daylight
2023-11-13T07:45:00.000,I 75,I 75 and Bill Gardner Pkwy,,Not a Collision with Motor Vehicle,2,Clear,Dry,Daylight
2023-10-13T22:30:00.000,I 75,I 75 and Bill Gardner Pkwy,,Rear End,2,Rain,Wet,Dark-Not Lighted
2023-02-06T15:05:00.000,I 75,I 75 and Bill Gardner Pkwy,,Sideswipe-Same Direction,2,Clear,Dry,Daylight
2023-10-12T07:37:00.000,I 75,I 75 and Bill Gardner Pkwy,,Rear End,3,Rain,Wet,Dawn
2024-03-01T14:19:00.000,I 75,I 75 and Bill Gardner Pkwy,,Angle Crash,2,Rain,Wet,Daylight
2024-07-20T14:06:00.000,I 75,I 75 and Bill Gardner Pkwy,,Rear End,4,Cloudy,Dry,Daylight
2024-08-28T14:27:00.000,I 75,I 75 and Bill Gardner Pkwy,,Sideswipe-Same Direction,2,Clear,Dry,Daylight
2024-02-02T16:20:00.000,I 75,I 75 and Bill Gardner Pkwy,,Rear End,2,Clear,Dry,Daylight
2024-01-03T15:02:00.000,I 75,I 75 and Bill Gardner Pkwy,,Sideswipe-Same Direction,2,Cloudy,Dry,Daylight
2024-10-30T08:58:00.000,I 75,I 75 and Bill Gardner Pkwy,,Not a Collision with Motor Vehicle,1,Clear,Wet,Daylight
2024-10-06T16:45:00.000,I 75,I 75 and Bill Gardner Pkwy,,Rear End,2,Clear,Dry,Daylight
2024-03-17T13:50:00.000,I 75,I 75 and Bill Gardner Pkwy,,Rear End,2,Clear,Dry,Daylight
2024-10-15T06:30:00.000,I 75,I 75 and Bill Gardner Pkwy,,Rear End,2,Clear,Dry,Dawn
2024-02-01T10:18:00.000,I 75,I 75 and Bill Gardner Pkwy,,Not a Collision with Motor Vehicle,2,Clear,Dry,Daylight
2024-02-23T15:20:00.000,I 75,I 75 and Bill Gardner Pkwy,,Rear End,2,Clear,Dry,Daylight
2024-10-23T21:05:00.000,I 75,I 75 and Bill Gardner Pkwy,,Not a Collision with Motor Vehicle,1,Clear,Dry,Dark-Not Lighted
2024-05-29T07:10:00.000,I 75,I 75 and Bill Gardner Pkwy,,Sideswipe-Same Direction,2,Clear,Dry,Daylight
2024-05-31T15:19:00.000,I 75,I 75 and Bill Gardner Pkwy,,Sideswipe-Same Direction,2,Clear,Dry,Daylight
2024-03-29T13:15:00.000,I 75,I 75 and Bill Gardner Pkwy,,Rear End,2,Clear,Dry,Daylight
2024-10-03T16:59:00.000,I 75,I 75 and Bill Gardner Pkwy,,Rear End,2,Clear,Dry,Daylight
2024-10-12T15:32:00.000,I 75,I 75 and Bill Gardner Pkwy,,Not a Collision with Motor Vehicle,1,Clear,Dry,Daylight
2024-08-02T12:18:00.000,I 75,I 75 and Bill Gardner Pkwy,,Not a Collision with Motor Vehicle,1,Clear,Dry,Daylight
2024-05-21T18:56:00.000,I 75,I 75 and Bill Gardner Pkwy,,Not a Collision with Motor Vehicle,2,Clear,Dry,Daylight
2024-07-07T16:35:00.000,I 75,I 75 and Bill Gardner Pkwy,,Rear End,2,Clear,Dry,Daylight
2024-08-28T19:50:00.000,I 75,I 75 and Bill Gardner Pkwy,,Not a Collision with Motor Vehicle,2,Clear,Dry,Daylight
2024-02-21T11:50:00.000,I 75,I 75 and Bill Gardner Pkwy,,Not a Collision with Motor Vehicle,1,Clear,Dry,Daylight
2024-06-03T11:27:00.000,I 75,I 75 and Bill Gardner Pkwy,,Sideswipe-Same Direction,2,Clear,Dry,Daylight
2024-07-06T01:00:00.000,I 75,I 75 and Bill Gardner Pkwy,,Not a Collision with Motor Vehicle,1,Cloudy,Wet,Dark-Not Lighted
2024-10-15T05:39:00.000,I 75,I 75 and Bill Gardner Pkwy,,Rear End,2,Clear,Dry,Dark-Not Lighted
2024-05-09T13:42:00.000,I 75,I 75 and Bill Gardner Pkwy,,Rear End,2,Rain,Wet,Daylight
2024-10-07T09:00:00.000,I 75,I 75 and Bill Gardner Pkwy,,Sideswipe-Same Direction,2,Clear,Dry,Daylight
2024-11-22T15:26:00.000,I 75,I 75 and Bill Gardner Pkwy,,Rear End,4,Clear,Dry,Daylight
2024-08-21T07:07:00.000,I 75,I 75 and Bill Gardner Pkwy,,Not a Collision with Motor Vehicle,2,Clear,Dry,Daylight
2024-11-02T15:17:00.000,I 75,I 75 and Bill Gardner Pkwy,,Sideswipe-Same Direction,2,Cloudy,Dry,Daylight
2024-03-05T05:45:00.000,I 75,I 75 and Bill Gardner Pkwy,,Not a Collision with Motor Vehicle,1,Clear,Dry,Dark-Not Lighted
2024-05-23T16:43:00.000,I 75,I 75 and Bill Gardner Pkwy,,Rear End,2,Clear,Dry,Dark-Lighted
2024-01-19T08:06:00.000,I 75,I 75 and Bill Gardner Pkwy,,Not a Collision with Motor Vehicle,2,Clear,Dry,Daylight
2024-12-05T19:16:00.000,I 75,I 75 and Bill Gardner Pkwy,,Sideswipe-Same Direction,3,Clear,Dry,Dark-Not Lighted
2024-10-04T19:52:00.000,I 75,I 75 and Bill Gardner Pkwy,,Rear End,2,Clear,Dry,Dark-Not Lighted
2024-10-25T19:12:00.000,I 75,I 75 and Bill Gardner Pkwy,,Sideswipe-Same Direction,2,Clear,Dry,Dark-Lighted
2024-11-22T18:11:00.000,I 75,I 75 and Bill Gardner Pkwy,,Angle Crash,2,Clear,Dry,Dark-Not Lighted
2024-07-10T10:47:00.000,I 75,I 75 and Bill Gardner Pkwy,,Sideswipe-Same Direction,2,Clear,Dry,Dark-Lighted
2024-01-09T01:06:00.000,I 75,I 75 and Bill Gardner Pkwy,,Sideswipe-Same Direction,2,Rain,Wet,Dark-Not Lighted
2024-11-22T19:22:00.000,I 75,I 75 and Bill Gardner Pkwy,,Rear End,2,Clear,Dry,Dark-Not Lighted
2024-07-06T13:00:00.000,I 75,I 75 and Bill Gardner Pkwy,,Sideswipe-Same Direction,2,Clear,Dry,Daylight
2024-09-10T16:05:00.000,I 75,I 75 and Bill Gardner Pkwy,,Not a Collision with Motor Vehicle,1,Clear,Dry,Daylight
2024-05-26T01:45:00.000,I 75,I 75 and Bill Gardner Pkwy,,Rear End,2,Clear,Dry,Dark-Not Lighted
2024-09-10T23:38:00.000,I 75,I 75 and Bill Gardner Pkwy,,Not a Collision with Motor Vehicle,2,Clear,Dry,Dark-Not Lighted
2024-08-08T13:59:00.000,I 75,I 75 and Bill Gardner Pkwy,,Rear End,2,Clear,Dry,Daylight
2024-03-30T12:32:00.000,I 75,I 75 and Bill Gardner Pkwy,,Rear End,2,Clear,Dry,Daylight
2024-12-10T07:36:00.000,I 75,I 75 and Bill Gardner Pkwy,,Rear End,2,Rain,Wet,Daylight
2024-10-11T19:59:00.000,I 75,I 75 and Bill Gardner Pkwy,,Rear End,2,Clear,Dry,Dark-Lighted
2024-05-26T08:30:00.000,I 75,I 75 and Bill Gardner Pkwy,,Not a Collision with Motor Vehicle,1,Clear,Dry,Daylight