Date and Time,Roadway (From Crash Report),Intersection Name (from Crash Report),KABCO Severity,Manner of Collision (Crash Level) ,# of Vehicles per crash ,Weather Conditions (Crash Level),Surface Condition (Crash Level) ,Light Conditions (Crash Level)
2021-07-29T18:25:00.000,I 75,I 75 and Bethlehem Rd,,Rear End,2,Clear,Dry,Daylight
2021-12-10T18:30:00.000,I 75,I 75 and Bethlehem Rd,,Rear End,3,Fog,Wet,Dark-Not Lighted
2022-01-03T17:36:00.000,I 75,I 75 and Bethlehem Rd,,Rear End,2,Clear,Dry,Dusk
2022-12-15T16:36:00.000,I 75,I 75 and Bethlehem Rd,,Rear End,2,Clear,Dry,Daylight
2021-10-01T12:28:00.000,I 75,I 75 and Bethlehem Rd,,Rear End,2,Clear,Dry,Daylight
2022-12-29T11:28:00.000,I 75,I 75 and Bethlehem Rd,,Rear End,2,Clear,Dry,Daylight
2022-09-22T20:55:00.000,I 75,I 75 and Bethlehem Rd,,Sideswipe-Same Direction,2,Clear,Dry,Dark-Not Lighted
2022-12-20T16:04:00.000,I 75,I 75 and Bethlehem Rd,,Rear End,2,Rain,Wet,Daylight
2022-06-27T14:50:00.000,I 75,I 75 and Bethlehem Rd,,Not a Collision with Motor Vehicle,1,Clear,Dry,Daylight
2022-08-05T23:15:00.000,I 75,I 75 and Bethlehem Rd,,Sideswipe-Same Direction,2,Cloudy,Dry,Dark-Not Lighted
2022-11-27T09:57:00.000,I 75,I 75 and Bethlehem Rd,,Rear End,2,Clear,Wet,Daylight
2022-09-23T12:30:00.000,I 75,I 75 and Bethlehem Rd,,Rear End,2,Clear,Dry,Daylight
2022-03-11T19:00:00.000,I 75,I 75 and Bethlehem Rd,,Rear End,2,Rain,Wet,Dark-Lighted
2021-11-21T05:49:00.000,I 75,I 75 and Bethlehem Rd,,Not a Collision with Motor Vehicle,1,Clear,Dry,Dark-Not Lighted
2022-02-28T15:54:00.000,I 75,I 75 and Bethlehem Rd,,Rear End,2,Clear,Dry,Daylight
2022-09-28T13:20:00.000,I 75,I 75 and Bethlehem Rd,,Rear End,2,Clear,Dry,Daylight
2022-10-11T16:02:00.000,I 75,I 75 and Bethlehem Rd,,Sideswipe-Opposite Direction,2,Clear,Dry,Daylight
2022-06-03T18:20:00.000,I 75,I 75 and Bethlehem Rd,,Sideswipe-Same Direction,2,Clear,Dry,Daylight
2022-04-08T01:43:00.000,I 75,I 75 and Bethlehem Rd,,Sideswipe-Same Direction,2,Clear,Dry,Dark-Not Lighted
2022-07-02T14:00:00.000,I 75,I 75 and Bethlehem Rd,,Rear End,2,Clear,Dry,Daylight
2022-03-30T15:28:00.000,I 75,I 75 and Bethlehem Rd,,Rear End,2,Clear,Dry,Daylight
2022-10-26T11:30:00.000,I 75,I 75 and Bethlehem Rd,,Rear End,2,Clear,Dry,Daylight
2022-03-14T18:01:00.000,I 75,I 75 and Bethlehem Rd,,Sideswipe-Same Direction,2,Clear,Dry,Daylight
2022-12-29T13:25:00.000,I 75,I 75 and Bethlehem Rd,,Rear End,2,Clear,Dry,Daylight
2022-01-04T15:52:00.000,I 75,I 75 and Bethlehem Rd,,Rear End,2,Clear,Dry,Daylight
2022-10-26T13:45:00.000,I 75,I 75 and Bethlehem Rd,,Not a Collision with Motor Vehicle,1,Clear,Dry,Daylight
2023-08-09T07:19:00.000,I 75,I 75 and Bethlehem Rd,,Not a Collision with Motor Vehicle,1,Clear,Dry,Daylight
2024-12-20T14:45:00.000,I 75,I 75 and Bethlehem Rd,,Rear End,2,Clear,Dry,Daylight
2024-06-23T18:09:00.000,I 75,I 75 and Bethlehem Rd,,Sideswipe-Same Direction,2,Clear,Dry,Daylight
2024-05-28T19:21:00.000,I 75,I 75 and Bethlehem Rd,,Angle Crash,2,Clear,Dry,Daylight
2024-08-27T14:05:00.000,I 75,I 75 and Bethlehem Rd,,Sideswipe-Same Direction,2,Clear,Dry,Daylight
2024-02-25T14:49:00.000,I 75,I 75 and Bethlehem Rd,,Rear End,2,Clear,Dry,Daylight
2023-03-18T18:22:00.000,I 75,I 75 and Bethlehem Rd,,Rear End,2,Cloudy,Dry,Dusk
2023-07-14T10:00:00.000,I 75,I 75 and Bethlehem Rd,,Angle Crash,2,Clear,Dry,Daylight
2024-09-25T19:26:00.000,I 75,I 75 and Bethlehem Rd,,Rear End,2,Rain,Wet,Dark-Not Lighted
2023-09-02T15:59:00.000,I 75,I 75 and Bethlehem Rd,,Sideswipe-Same Direction,2,Clear,Dry,Daylight
2023-06-11T16:40:00.000,I 75,I 75 and Bethlehem Rd,,Rear End,3,Clear,Dry,Daylight
2023-11-20T12:54:00.000,I 75,I 75 and Bethlehem Rd,,Rear End,2,Clear,Dry,Daylight
2023-02-12T06:33:00.000,I 75,I 75 and Bethlehem Rd,,Not a Collision with Motor Vehicle,1,Rain,Wet,Dark-Lighted
2023-09-29T16:47:00.000,I 75,I 75 and Bethlehem Rd,,Rear End,2,Clear,Dry,Daylight
2023-11-10T10:23:00.000,I 75,I 75 and Bethlehem Rd,,Sideswipe-Same Direction,2,Cloudy,Dry,Daylight
2023-05-31T16:13:00.000,I 75,I 75 and Bethlehem Rd,,Sideswipe-Same Direction,2,Clear,Dry,Daylight
2023-11-18T15:49:00.000,I 75,I 75 and Bethlehem Rd,,Rear End,2,Clear,Dry,Daylight
2023-06-10T22:58:00.000,I 75,I 75 and Bethlehem Rd,,Not a Collision with Motor Vehicle,1,Clear,Dry,Dark-Not Lighted
2023-02-10T15:21:00.000,I 75,I 75 and Bethlehem Rd,,Rear End,2,Cloudy,Dry,Daylight
2024-06-03T11:43:00.000,I 75,I 75 and Bethlehem Rd,,Rear End,2,Cloudy,Dry,Daylight
2024-07-21T18:38:00.000,I 75,I 75 and Bethlehem Rd,,Rear End,2,Rain,Wet,Daylight
2024-11-15T16:26:00.000,I 75,I 75 and Bethlehem Rd,,Rear End,2,Clear,Dry,Daylight
2024-12-19T16:57:00.000,I 75,I 75 and Bethlehem Rd,,Rear End,2,Clear,Dry,Dusk
2024-05-15T21:20:00.000,I 75,I 75 and Bethlehem Rd,,Rear End,2,Clear,Dry,Dark-Not Lighted
2024-03-31T16:59:00.000,I 75,I 75 and Bethlehem Rd,,Rear End,3,Clear,Dry,Daylight
2024-09-20T15:56:00.000,I 75,I 75 and Bethlehem Rd,,Rear End,2,Clear,Dry,Daylight
2024-01-05T18:24:00.000,I 75,I 75 and Bethlehem Rd,,Rear End,2,Clear,Dry,Dark-Not Lighted
2024-08-18T16:59:00.000,I 75,I 75 and Bethlehem Rd,,Rear End,2,Rain,Wet,Daylight
2024-10-09T11:00:00.000,I 75,I 75 and Bethlehem Rd,,Rear End,2,Clear,Dry,Daylight
2024-06-18T18:39:00.000,I 75,I 75 and Bethlehem Rd,,Sideswipe-Same Direction,2,Clear,Dry,Daylight
2024-12-01T20:15:00.000,I 75,I 75 and Bethlehem Rd,,Sideswipe-Same Direction,2,Clear,Dry,Dark-Not Lighted
2024-08-13T06:35:00.000,I 75,I 75 and Bethlehem Bridge Rd,,Rear End,2,Clear,Dry,Daylight
2022-03-26T11:31:00.000,I 75,I 75 and Bethlehem,,Rear End,2,Clear,Dry,Daylight
2021-07-01T18:52:00.000,I 75,I 75 and Bethlehem,,Rear End,2,Cloudy,Dry,Daylight
2021-12-16T10:15:00.000,I 75,I 75 and Bethleham Rd,,Sideswipe-Same Direction,2,Cloudy,Wet,Daylight
2023-11-08T11:10:00.000,I 75,I 75 and Bethleham Rd,,Rear End,2,Clear,Dry,Daylight
2020-05-24T20:20:00.000,I 75,I 75 and Bethleham Rd,,Head On,1,Rain,Wet,Dusk
2020-03-20T18:15:00.000,I 75,I 75 and Bethleham Rd,,Rear End,2,Clear,Dry,Daylight
2022-01-28T16:20:00.000,I 75,I 75 and Bethleham Rd,,Not a Collision with Motor Vehicle,1,Clear,Dry,Daylight
2021-12-26T15:24:00.000,I 75,I 75 and Bethleham Rd,,Rear End,2,Clear,Dry,Daylight
2024-07-14T14:20:00.000,I 75,I 75 and Bethleham Brg,,Sideswipe-Same Direction,2,Clear,Dry,Daylight
2020-07-31T17:01:00.000,I 75,I 75 and Bethelhem Rd,,Rear End,2,Clear,Dry,Daylight
2022-07-20T00:35:00.000,I 75,I 75 and Bethelhem Rd,,Rear End,2,Rain,Wet,Dark-Lighted
2022-08-12T03:55:00.000,I 75,I 75 and Bethelhelm Rd,,Rear End,2,Clear,Wet,Dark-Not Lighted
2020-02-22T10:00:00.000,I 75,I 75 and Bethelem Rd,,Rear End,2,Clear,Dry,Daylight
2022-07-03T17:05:00.000,I 75,I 75 and Bethelem Rd,,Not a Collision with Motor Vehicle,1,Rain,Wet,Daylight
2020-09-13T12:21:00.000,I 75,I 75 and Bethany Rd,,Not a Collision with Motor Vehicle,2,Clear,Dry,Daylight
2021-02-17T08:52:00.000,I 75,I 75 and Beltline,,Rear End,2,Clear,Dry,Daylight
2024-12-20T18:00:00.000,I 75,I 75 and Belmont Rd,,Angle Crash,2,Cloudy,Dry,Dark-Lighted
2024-05-05T14:00:00.000,I 75,I 75 and Belmont Dr,,Not a Collision with Motor Vehicle,1,Clear,Dry,Daylight
2024-09-08T23:32:00.000,I 75,I 75 and Belmont Dr,,Sideswipe-Same Direction,2,Clear,Dry,Dark-Not Lighted
2021-03-14T14:54:00.000,I 75,I 75 and Bellville Rd,,Not a Collision with Motor Vehicle,1,Clear,Dry,Daylight
2020-06-22T10:10:00.000,I 75,I 75 and Bellville Rd,,Sideswipe-Same Direction,2,Clear,Dry,Daylight
2022-03-02T08:12:00.000,I 75,I 75 and Bellville Rd,,Sideswipe-Same Direction,3,Clear,Dry,Daylight
2022-05-01T17:55:00.000,I 75,I 75 and Bellville Rd,,Not a Collision with Motor Vehicle,1,Rain,Wet,Daylight
2020-10-01T10:30:00.000,I 75,I 75 and Bellville Rd,,Not a Collision with Motor Vehicle,1,Clear,Dry,Daylight
2020-12-24T16:25:00.000,I 75,I 75 and Bellville Rd,,Not a Collision with Motor Vehicle,1,Rain,Wet,Daylight
2020-10-09T13:20:00.000,I 75,I 75 and Bellville Rd,,Not a Collision with Motor Vehicle,1,Cloudy,Dry,Daylight
2021-07-27T11:08:00.000,I 75,I 75 and Bellville Rd,,Angle Crash,2,Rain,Wet,Daylight
2021-07-18T14:30:00.000,I 75,I 75 and Bellville Rd,,Rear End,2,Rain,Wet,Daylight
2022-06-04T13:29:00.000,I 75,I 75 and Bellville Rd,,Rear End,2,Clear,Dry,Daylight
2022-04-22T18:00:00.000,I 75,I 75 and Bellville Rd,,Rear End,2,Clear,Dry,Daylight
2022-01-20T23:05:00.000,I 75,I 75 and Bellville Rd,,Not a Collision with Motor Vehicle,1,Rain,Wet,Dark-Not Lighted
2024-09-28T18:55:00.000,I 75,I 75 and Bellville Rd,,Angle Crash,2,Clear,Dry,Daylight
2024-10-08T19:50:00.000,I 75,I 75 and Bellville Rd,,Rear End,2,Clear,Dry,Dark-Not Lighted
2023-03-03T14:38:00.000,I 75,I 75 and Bellville Rd,,Not a Collision with Motor Vehicle,2,Cloudy,Dry,Daylight
2023-11-26T15:35:00.000,I 75,I 75 and Bellville Rd,,Rear End,2,Rain,Wet,Daylight
2024-03-30T18:50:00.000,I 75,I 75 and Bellville Rd,,Not a Collision with Motor Vehicle,1,Clear,Dry,Daylight
2024-12-31T18:30:00.000,I 75,I 75 and Bellville Rd,,Sideswipe-Same Direction,2,Clear,Dry,Dark-Not Lighted
2024-11-19T06:44:00.000,I 75,I 75 and Bellville Rd,,Sideswipe-Same Direction,2,Clear,Dry,Daylight
2024-01-07T00:15:00.000,I 75,I 75 and Bellville Rd,,Rear End,2,Clear,Dry,Dark-Lighted
2024-05-05T15:41:00.000,I 75,I 75 and Bellville Rd,,Angle Crash,2,Clear,Dry,Daylight
2022-07-29T04:10:00.000,I 75,I 75 and Bellville Lakepark Rd,,Rear End,4,Clear,Dry,Dark-Not Lighted
2023-12-09T12:38:00.000,I 75,I 75 and Bells Fry,,(None),1,(None),(None),(None)
2024-10-14T17:06:00.000,I 75,I 75 and Bells Fry,,Rear End,2,Clear,Dry,Daylight
2024-04-09T14:17:00.000,I 75,I 75 and Bells Ferry Road Underpass,,Rear End,2,Cloudy,Wet,Daylight
2023-10-27T14:15:00.000,I 75,I 75 and Bells Ferry Road Northeast,,Sideswipe-Same Direction,2,Clear,Dry,Daylight
2023-11-06T07:20:00.000,I 75,I 75 and Bells Ferry Road Northeast,,Sideswipe-Same Direction,2,Clear,Dry,Daylight
2023-02-22T05:31:00.000,I 75,I 75 and Bells Ferry Road Brg,,Not a Collision with Motor Vehicle,1,Cloudy,Dry,Dark-Not Lighted
2024-09-25T13:30:00.000,I 75,I 75 and Bells Ferry Road Brg,,Rear End,2,Rain,Wet,Daylight
2021-04-24T08:56:00.000,I 75,I 75 and Bells Ferry Rd Brg,,Angle Crash,3,Rain,Wet,Daylight
2021-01-23T17:35:00.000,I 75,I 75 and Bells Ferry Rd,,Angle Crash,2,Cloudy,Dry,Dark-Not Lighted
2021-12-01T07:40:00.000,I 75,I 75 and Bells Ferry Rd,,Rear End,2,Clear,Dry,Daylight
2021-12-06T16:35:00.000,I 75,I 75 and Bells Ferry Rd,,Sideswipe-Same Direction,2,Clear,Wet,Dark-Not Lighted
2021-04-24T20:48:00.000,I 75,I 75 and Bells Ferry Rd,,Rear End,2,Rain,Wet,Dark-Lighted
2021-10-27T05:22:00.000,I 75,I 75 and Bells Ferry Rd,,Rear End,2,Clear,Dry,Dark-Not Lighted
2021-04-10T11:49:00.000,I 75,I 75 and Bells Ferry Rd,,Sideswipe-Same Direction,2,Rain,Wet,Daylight
2021-03-22T05:35:00.000,I 75,I 75 and Bells Ferry Rd,,Not a Collision with Motor Vehicle,1,Cloudy,Dry,Dark-Not Lighted
2023-07-02T11:49:00.000,I 75,I 75 and Bells Ferry Rd,,Rear End,3,Cloudy,Dry,Daylight
2020-06-12T17:34:00.000,I 75,I 75 and Bells Ferry Rd,,Rear End,2,Clear,Dry,Daylight
2020-06-06T19:57:00.000,I 75,I 75 and Bells Ferry Rd,,Angle Crash,3,Clear,Dry,Daylight
2020-11-22T18:53:00.000,I 75,I 75 and Bells Ferry Rd,,Sideswipe-Same Direction,2,Cloudy,Dry,Dark-Lighted
2020-01-23T23:59:00.000,I 75,I 75 and Bells Ferry Rd,,Sideswipe-Same Direction,2,Rain,Wet,Dark-Not Lighted
2021-10-15T18:53:00.000,I 75,I 75 and Bells Ferry Rd,,Rear End,2,Cloudy,Dry,Daylight
2022-08-26T10:54:00.000,I 75,I 75 and Bells Ferry Rd,,Sideswipe-Same Direction,3,Clear,Other,Daylight
2021-11-29T14:27:00.000,I 75,I 75 and Bells Ferry Rd,,Sideswipe-Same Direction,2,Clear,Dry,Daylight
2022-11-30T03:56:00.000,I 75,I 75 and Bells Ferry Rd,,Not a Collision with Motor Vehicle,1,Rain,Wet,Dark-Not Lighted
2022-06-30T12:55:00.000,I 75,I 75 and Bells Ferry Rd,,Not a Collision with Motor Vehicle,2,Clear,Dry,Daylight
2022-12-03T08:37:00.000,I 75,I 75 and Bells Ferry Rd,,Sideswipe-Same Direction,2,Cloudy,Dry,Daylight
2022-10-06T07:45:00.000,I 75,I 75 and Bells Ferry Rd,,Rear End,2,Clear,Dry,Daylight
2022-10-28T15:28:00.000,I 75,I 75 and Bells Ferry Rd,,Sideswipe-Same Direction,2,Clear,Dry,Daylight
2022-04-29T21:55:00.000,I 75,I 75 and Bells Ferry Rd,,Sideswipe-Same Direction,2,Clear,Dry,Dark-Not Lighted
2022-07-19T16:27:00.000,I 75,I 75 and Bells Ferry Rd,,Rear End,2,Cloudy,Dry,Daylight
2022-02-16T12:16:00.000,I 75,I 75 and Bells Ferry Rd,,Sideswipe-Same Direction,2,Clear,Dry,Daylight
2022-02-17T19:30:00.000,I 75,I 75 and Bells Ferry Rd,,Not a Collision with Motor Vehicle,2,Rain,Wet,Dark-Not Lighted
2022-08-26T11:07:00.000,I 75,I 75 and Bells Ferry Rd,,Rear End,4,Clear,Dry,Daylight
2022-07-12T11:27:00.000,I 75,I 75 and Bells Ferry Rd,,Not a Collision with Motor Vehicle,1,Cloudy,Dry,Daylight
2022-11-05T12:00:00.000,I 75,I 75 and Bells Ferry Rd,,Rear End,2,Cloudy,Dry,Daylight
2022-10-06T07:07:00.000,I 75,I 75 and Bells Ferry Rd,,Sideswipe-Same Direction,2,Clear,Dry,Daylight
2022-07-16T15:35:00.000,I 75,I 75 and Bells Ferry Rd,,Rear End,2,Cloudy,Dry,Daylight
2023-11-20T18:47:00.000,I 75,I 75 and Bells Ferry Rd,,Sideswipe-Same Direction,3,Clear,Dry,Dark-Not Lighted
2023-03-28T12:02:00.000,I 75,I 75 and Bells Ferry Rd,,Rear End,3,Clear,Dry,Daylight
2023-12-13T22:42:00.000,I 75,I 75 and Bells Ferry Rd,,(None),3,(None),(None),(None)
2023-02-07T23:41:00.000,I 75,I 75 and Bells Ferry Rd,,Not a Collision with Motor Vehicle,1,Clear,Dry,Dark-Not Lighted
2023-11-20T20:14:00.000,I 75,I 75 and Bells Ferry Rd,,Rear End,2,Clear,Dry,Dark-Not Lighted
2023-08-17T15:55:00.000,I 75,I 75 and Bells Ferry Rd,,Rear End,2,Clear,Dry,Daylight
2023-10-27T15:30:00.000,I 75,I 75 and Bells Ferry Rd,,Rear End,2,Clear,Dry,Daylight
2024-10-11T10:45:00.000,I 75,I 75 and Bells Ferry Rd,,Rear End,3,Clear,Dry,Daylight
2024-10-15T11:20:00.000,I 75,I 75 and Bells Ferry Rd,,Rear End,2,Cloudy,Dry,Daylight
2024-12-16T14:36:00.000,I 75,I 75 and Bells Ferry Rd,,Sideswipe-Same Direction,2,Cloudy,Dry,Daylight
2024-06-06T07:58:00.000,I 75,I 75 and Bells Ferry Rd,,Rear End,2,Clear,Dry,Daylight
2024-01-17T17:20:00.000,I 75,I 75 and Bells Ferry Rd,,Rear End,2,Clear,Dry,Daylight
2024-11-04T12:10:00.000,I 75,I 75 and Bells Ferry Rd,,Angle Crash,2,Cloudy,Water (standing or moving),Daylight
2024-12-07T11:15:00.000,I 75,I 75 and Bells Ferry Rd,,Sideswipe-Same Direction,2,Clear,Dry,Daylight
2024-10-26T19:38:00.000,I 75,I 75 and Bells Ferry Brg,,Head On,1,Clear,Dry,Daylight
2021-12-29T11:20:00.000,I 75,I 75 and Bell St,,Sideswipe-Same Direction,2,Cloudy,Dry,Daylight
2021-12-27T19:20:00.000,I 75,I 75 and Bell St,,Sideswipe-Same Direction,2,Cloudy,Dry,Dark-Lighted
2022-03-10T15:53:00.000,I 75,I 75 and Bell St,,Sideswipe-Same Direction,2,Clear,Dry,Daylight
2022-01-10T10:58:00.000,I 75,I 75 and Bell St,,Sideswipe-Same Direction,2,Clear,Dry,Daylight
2024-09-23T18:00:00.000,I 75,I 75 and Bell St,,Rear End,2,Clear,Dry,Daylight
2024-10-03T00:00:00.000,I 75,I 75 and Bell Ferry Rd,,Sideswipe-Same Direction,2,Cloudy,Dry,Daylight
2023-03-24T13:36:00.000,I 75,I 75 and Before Windy Hill Rd,,Sideswipe-Same Direction,3,Clear,Dry,Daylight
2023-03-24T17:05:00.000,I 75,I 75 and Before Windy Hill Rd,,Rear End,2,Cloudy,Dry,Daylight
2022-12-13T17:27:00.000,I 75,I 75 and Before Windy Hill Rd,,Rear End,2,Clear,Dry,Daylight
2022-05-10T15:23:00.000,I 75,I 75 and Before Windy Hill Rd,,Not a Collision with Motor Vehicle,2,Clear,Dry,Daylight
2022-10-10T16:00:00.000,I 75,I 75 and Before Windy Hill Rd,,Sideswipe-Same Direction,2,Clear,Dry,Daylight
2022-12-29T18:38:00.000,I 75,I 75 and Before Wade Green Rd,,Rear End,2,Clear,Dry,Dark-Not Lighted
2022-12-29T15:29:00.000,I 75,I 75 and Before S Marietta Pkwy,,Rear End,2,Clear,Dry,Daylight
2022-06-27T10:40:00.000,I 75,I 75 and Before S Marietta Pkwy,,Rear End,2,Cloudy,Wet,Daylight
2023-01-06T15:11:00.000,I 75,I 75 and Before S Marietta Pkwy,,Rear End,2,Cloudy,Dry,Daylight
2023-07-17T07:19:00.000,I 75,I 75 and Before Mt Paran Rd,,Not a Collision with Motor Vehicle,1,Cloudy,Dry,Daylight
2022-10-27T13:01:00.000,I 75,I 75 and Before Mt Paran,,Not a Collision with Motor Vehicle,1,Clear,Dry,Daylight
2023-02-02T15:06:00.000,I 75,I 75 and Before I575,,Sideswipe-Same Direction,2,Rain,Wet,Daylight
2023-02-02T17:23:00.000,I 75,I 75 and Before I285,,Sideswipe-Same Direction,2,Rain,Wet,Daylight
2023-03-17T19:52:00.000,I 75,I 75 and Before Exit 268,,Sideswipe-Same Direction,2,Rain,Wet,Dark-Not Lighted
2022-10-31T16:52:00.000,I 75,I 75 and Before Exit 268,,Sideswipe-Same Direction,2,Clear,Dry,Daylight
2021-12-17T19:13:00.000,I 75,I 75 and Before Exit 267A,,Rear End,2,Cloudy,Dry,Dark-Not Lighted
2022-09-27T18:38:00.000,I 75,I 75 and Before Exit 259B,,Sideswipe-Same Direction,2,Clear,Dry,Daylight
2023-06-29T16:59:00.000,I 75,I 75 and Before Exit 259B,,Rear End,2,Cloudy,Dry,Daylight
2022-09-29T16:33:00.000,I 75,I 75 and Before Exit 259A,,Rear End,2,Clear,Dry,Daylight
2023-04-06T17:34:00.000,I 75,I 75 and Before Exit 259 285 Interchan,,Sideswipe-Same Direction,2,Cloudy,Dry,Daylight
2023-09-07T17:22:00.000,I 75,I 75 and Before Delk Rd,,Rear End,2,Clear,Dry,Daylight
2023-09-01T17:51:00.000,I 75,I 75 and Before Delk Rd,,Rear End,2,Cloudy,Dry,Daylight
2022-09-19T10:01:00.000,I 75,I 75 and Before Delk Rd,,Rear End,2,Clear,Dry,Daylight
2022-10-10T14:03:00.000,I 75,I 75 and Before Delk Rd,,Angle Crash,2,Clear,Dry,Daylight
2022-09-19T09:47:00.000,I 75,I 75 and Before Delk Rd,,Rear End,3,Clear,Dry,Daylight
2022-10-25T16:07:00.000,I 75,I 75 and Before Delk Rd,,Sideswipe-Same Direction,2,Cloudy,Dry,Daylight
2022-11-22T13:01:00.000,I 75,I 75 and Before Delk Rd,,Sideswipe-Same Direction,2,Cloudy,Dry,Daylight
2023-09-08T17:23:00.000,I 75,I 75 and Before Delk Rd,,Rear End,2,Clear,Dry,Daylight
2023-03-24T18:57:00.000,I 75,I 75 and Before Delk Rd,,Sideswipe-Same Direction,2,Clear,Dry,Daylight
2023-04-06T15:13:00.000,I 75,I 75 and Before Cumberland Blvd,,Rear End,2,Cloudy,Dry,Daylight
2022-11-28T16:43:00.000,I 75,I 75 and Before Cumberland Blvd,,Angle Crash,2,Clear,Dry,Daylight
2022-12-19T12:17:00.000,I 75,I 75 and Before Cumberland Blvd,,Sideswipe-Same Direction,2,Cloudy,Dry,Daylight
2022-11-28T17:56:00.000,I 75,I 75 and Before Cumberland Blvd,,Rear End,2,Clear,Dry,Daylight
2022-11-28T15:50:00.000,I 75,I 75 and Before Cumberland Blvd,,Rear End,2,Clear,Dry,Daylight
2022-11-28T17:00:00.000,I 75,I 75 and Before Cumberland Blvd,,Angle Crash,2,Clear,Dry,Daylight
2022-11-28T18:51:00.000,I 75,I 75 and Before Cumberland Blvd,,Sideswipe-Same Direction,2,Clear,Dry,Daylight
2023-01-13T15:32:00.000,I 75,I 75 and Before Cumberland Blvd,,Rear End,2,Cloudy,Dry,Daylight
2023-01-06T12:54:00.000,I 75,I 75 and Before Cumberland Blvd,,Sideswipe-Same Direction,2,Clear,Dry,Daylight
2023-04-14T07:37:00.000,I 75,I 75 and Before Chastain Rd,,Sideswipe-Same Direction,2,Rain,Dry,Daylight
2022-11-04T17:48:00.000,I 75,I 75 and Before Canton Rd,,Rear End,2,Cloudy,Dry,Daylight
2022-11-15T18:30:00.000,I 75,I 75 and Before Ankers Mill Rd,,Not a Collision with Motor Vehicle,1,Cloudy,Wet,Dark-Not Lighted
2022-12-01T17:13:00.000,I 75,I 75 and Before Akers Mill Rd,,Not a Collision with Motor Vehicle,2,Cloudy,Dry,Daylight
2022-11-04T19:30:00.000,I 75,I 75 and Before 92,,Rear End,2,Cloudy,Dry,Dark-Not Lighted
2022-10-11T14:02:00.000,I 75,I 75 and Before 267B,,Sideswipe-Same Direction,2,Cloudy,Dry,Daylight
2023-08-25T11:28:00.000,I 75,I 75 and Bedgood Rd,,Not a Collision with Motor Vehicle,1,Clear,Dry,Daylight
2020-07-24T17:33:00.000,I 75,I 75 and Bedgood Rd,,Angle Crash,2,Clear,Dry,Daylight
2020-03-04T09:15:00.000,I 75,I 75 and Bedgood Rd,,Not a Collision with Motor Vehicle,1,Rain,Wet,Daylight
2022-06-24T14:01:00.000,I 75,I 75 and Bedgood Rd,,Angle Crash,2,Clear,Dry,Daylight
2022-05-23T08:51:00.000,I 75,I 75 and Bedgood Rd,,Not a Collision with Motor Vehicle,1,Rain,Wet,Daylight
2024-08-04T13:00:00.000,I 75,I 75 and Bedgood Rd,,Not a Collision with Motor Vehicle,1,Cloudy,Dry,Daylight
2021-01-21T22:30:00.000,I 75,I 75 and Bedgood Ave,,Not a Collision with Motor Vehicle,1,Clear,Wet,Dark-Not Lighted
2023-11-06T03:37:00.000,I 75,I 75 and Bedgood Ave,,Not a Collision with Motor Vehicle,1,Clear,Dry,Dark-Not Lighted
2023-03-02T15:03:00.000,I 75,I 75 and Battlefield Pkwy,,Rear End,2,Cloudy,Wet,Daylight
2020-02-16T12:30:00.000,I 75,I 75 and Battlefield Pkwy,,Angle Crash,2,Cloudy,Dry,Daylight
2020-04-30T18:41:00.000,I 75,I 75 and Battlefield Pkwy,,Rear End,2,Clear,Dry,Daylight
2022-08-20T17:25:00.000,I 75,I 75 and Battlefield Pkwy,,Not a Collision with Motor Vehicle,1,Rain,Wet,Daylight
2021-10-25T18:36:00.000,I 75,I 75 and Battlefield Pkwy,,Rear End,2,Clear,Dry,Daylight
2022-02-14T16:45:00.000,I 75,I 75 and Battlefield Pkwy,,Rear End,2,Clear,Dry,Daylight
2022-01-29T19:20:00.000,I 75,I 75 and Battlefield Pkwy,,Sideswipe-Same Direction,1,Cloudy,Dry,Dark-Not Lighted
2023-11-21T10:30:00.000,I 75,I 75 and Battlefield Pkwy,,(None),2,(None),(None),(None)
2024-04-01T12:22:00.000,I 75,I 75 and Battlefield Pkwy,,(None),3,(None),(None),(None)
2023-03-10T20:14:00.000,I 75,I 75 and Bass Road Exit Rp,,Head On,2,Clear,Dry,Dark-Lighted
2021-07-16T22:17:00.000,I 75,I 75 and Bass Road Exit Ranp,,Sideswipe-Same Direction,2,Clear,Dry,Daylight
2024-10-23T07:30:00.000,I 75,I 75 and Bass Road Exit 172,,Rear End,2,Clear,Dry,Daylight
2021-10-20T18:22:00.000,I 75,I 75 and Bass Rd Rp,,Angle Crash,2,Clear,Dry,Daylight
2023-06-11T12:40:00.000,I 75,I 75 and Bass Rd On Rp,,Not a Collision with Motor Vehicle,1,Clear,Dry,Daylight
2023-06-05T13:52:00.000,I 75,I 75 and Bass Rd On Rp,,Not a Collision with Motor Vehicle,1,Clear,Dry,Daylight
2021-10-24T02:26:00.000,I 75,I 75 and Bass Rd Exit Rp,,Not a Collision with Motor Vehicle,1,Clear,Dry,Dark-Not Lighted
2020-02-02T13:20:00.000,I 75,I 75 and Bass Rd Exit Rp,,Not a Collision with Motor Vehicle,1,Clear,Dry,Daylight
2024-11-21T07:23:00.000,I 75,I 75 and Bass Rd Entrance Rp,,Rear End,2,Clear,Dry,Daylight