Date and Time,Roadway (From Crash Report),Intersection Name (from Crash Report),KABCO Severity,Manner of Collision (Crash Level) ,# of Vehicles per crash ,Weather Conditions (Crash Level),Surface Condition (Crash Level) ,Light Conditions (Crash Level)
2021-09-03T15:38:00.000,I 75,I 75 and Bass Rd,,Rear End,2,Clear,Dry,Daylight
2021-04-28T12:26:00.000,I 75,I 75 and Bass Rd,,Rear End,2,Cloudy,Dry,Daylight
2021-07-12T18:39:00.000,I 75,I 75 and Bass Rd,,Sideswipe-Same Direction,2,Rain,Wet,Daylight
2020-01-03T09:45:00.000,I 75,I 75 and Bass Rd,,Not a Collision with Motor Vehicle,2,Cloudy,Wet,Daylight
2023-04-08T13:25:00.000,I 75,I 75 and Bass Rd,,Not a Collision with Motor Vehicle,1,Rain,Wet,Daylight
2020-06-05T12:48:00.000,I 75,I 75 and Bass Rd,,Rear End,2,Cloudy,Dry,Daylight
2020-10-13T13:20:00.000,I 75,I 75 and Bass Rd,,Rear End,2,Clear,Dry,Daylight
2020-11-09T12:02:00.000,I 75,I 75 and Bass Rd,,Angle Crash,2,Clear,Dry,Daylight
2020-11-28T16:17:00.000,I 75,I 75 and Bass Rd,,Rear End,2,Cloudy,Dry,Daylight
2022-02-10T15:45:00.000,I 75,I 75 and Bass Rd,,Sideswipe-Same Direction,2,Clear,Dry,Daylight
2022-01-10T09:34:00.000,I 75,I 75 and Bass Rd,,Rear End,2,Cloudy,Dry,Daylight
2022-03-23T09:45:00.000,I 75,I 75 and Bass Rd,,Sideswipe-Same Direction,2,Rain,Water (standing or moving),Daylight
2022-02-23T19:20:00.000,I 75,I 75 and Bass Rd,,Sideswipe-Same Direction,3,Clear,Dry,Dark-Lighted
2022-02-21T10:16:00.000,I 75,I 75 and Bass Rd,,Rear End,2,Cloudy,Dry,Daylight
2022-02-07T14:48:00.000,I 75,I 75 and Bass Rd,,Rear End,2,Cloudy,Dry,Daylight
2023-09-04T22:36:00.000,I 75,I 75 and Bass Rd,,Angle Crash,2,Clear,Dry,Dark-Not Lighted
2024-11-16T16:49:00.000,I 75,I 75 and Bass Rd,,Rear End,3,Clear,Dry,Daylight
2024-11-04T14:06:00.000,I 75,I 75 and Bass Rd,,Angle Crash,2,Rain,Wet,Daylight
2024-11-21T07:36:00.000,I 75,I 75 and Bass Rd,,Rear End,2,Clear,Dry,Daylight
2024-06-24T09:53:00.000,I 75,I 75 and Bass Rd,,Not a Collision with Motor Vehicle,2,Rain,Wet,Daylight
2024-06-22T11:42:00.000,I 75,I 75 and Bartow Rd,,Rear End,2,Clear,Dry,Daylight
2021-01-09T10:19:00.000,I 75,I 75 and Bartow County Line,,Sideswipe-Same Direction,2,Cloudy,Dry,Daylight
2021-05-01T11:10:00.000,I 75,I 75 and Bartow County Line,,Rear End,7,Clear,Dry,Daylight
2020-04-04T16:53:00.000,I 75,I 75 and Bartow   Gordon County Line,,Sideswipe-Same Direction,3,Cloudy,Dry,Daylight
2023-06-13T06:13:00.000,I 75,I 75 and Barrett Pkwy.,,Sideswipe-Same Direction,2,Clear,Dry,Daylight
2023-07-11T17:47:00.000,I 75,I 75 and Barrett Pkwy.,,Rear End,2,Clear,Dry,Daylight
2024-04-19T09:25:00.000,I 75,I 75 and Barrett Pkwy Underpass,,Sideswipe-Same Direction,3,Cloudy,Dry,Daylight
2024-06-18T20:26:00.000,I 75,I 75 and Barrett Pkwy Ext 269,,Angle Crash,2,Clear,Dry,Daylight
2024-06-25T14:45:00.000,I 75,I 75 and Barrett Pkwy Entrance Rp,,Sideswipe-Same Direction,2,Clear,Dry,Daylight
2021-05-11T16:42:00.000,I 75,I 75 and Barrett Pkwy,,Sideswipe-Same Direction,2,Cloudy,Dry,Daylight
2021-05-12T06:53:00.000,I 75,I 75 and Barrett Pkwy,,Not a Collision with Motor Vehicle,1,Rain,Wet,Daylight
2021-06-25T16:26:00.000,I 75,I 75 and Barrett Pkwy,,Angle Crash,2,Cloudy,Dry,Daylight
2021-02-01T08:48:00.000,I 75,I 75 and Barrett Pkwy,,Not a Collision with Motor Vehicle,2,Clear,Dry,Daylight
2021-11-30T15:23:00.000,I 75,I 75 and Barrett Pkwy,,Rear End,2,Clear,Dry,Daylight
2021-07-29T12:29:00.000,I 75,I 75 and Barrett Pkwy,,Rear End,2,Clear,Dry,Daylight
2021-07-01T12:50:00.000,I 75,I 75 and Barrett Pkwy,,Not a Collision with Motor Vehicle,2,Clear,Dry,Daylight
2021-10-01T12:35:00.000,I 75,I 75 and Barrett Pkwy,,Sideswipe-Same Direction,2,Clear,Dry,Daylight
2021-09-02T12:58:00.000,I 75,I 75 and Barrett Pkwy,,Sideswipe-Same Direction,3,Cloudy,Dry,Daylight
2021-05-03T16:23:00.000,I 75,I 75 and Barrett Pkwy,,Angle Crash,2,Rain,Wet,Daylight
2021-06-04T12:50:00.000,I 75,I 75 and Barrett Pkwy,,Rear End,2,Clear,Dry,Daylight
2021-04-29T12:45:00.000,I 75,I 75 and Barrett Pkwy,,Sideswipe-Same Direction,2,Cloudy,Dry,Daylight
2021-05-28T16:22:00.000,I 75,I 75 and Barrett Pkwy,,Rear End,2,Cloudy,Dry,Daylight
2021-03-05T15:35:00.000,I 75,I 75 and Barrett Pkwy,,Rear End,2,Clear,Dry,Daylight
2021-05-04T17:00:00.000,I 75,I 75 and Barrett Pkwy,,Rear End,2,Rain,Wet,Daylight
2021-06-03T17:55:00.000,I 75,I 75 and Barrett Pkwy,,Rear End,2,Rain,Wet,Daylight
2021-05-10T03:32:00.000,I 75,I 75 and Barrett Pkwy,,Not a Collision with Motor Vehicle,1,Rain,Water (standing or moving),Dark-Not Lighted
2021-05-12T16:45:00.000,I 75,I 75 and Barrett Pkwy,,Sideswipe-Same Direction,2,Cloudy,Dry,Daylight
2021-09-03T18:07:00.000,I 75,I 75 and Barrett Pkwy,,Rear End,2,Cloudy,Dry,Daylight
2021-09-24T16:10:00.000,I 75,I 75 and Barrett Pkwy,,Rear End,2,Clear,Dry,Daylight
2021-06-11T10:15:00.000,I 75,I 75 and Barrett Pkwy,,Rear End,2,Cloudy,Dry,Daylight
2021-11-01T17:45:00.000,I 75,I 75 and Barrett Pkwy,,Rear End,2,Clear,Dry,Daylight
2021-07-27T15:30:00.000,I 75,I 75 and Barrett Pkwy,,Rear End,2,Cloudy,Dry,Daylight
2021-01-27T16:46:00.000,I 75,I 75 and Barrett Pkwy,,Rear End,2,Rain,Wet,Daylight
2021-01-14T14:15:00.000,I 75,I 75 and Barrett Pkwy,,Not a Collision with Motor Vehicle,1,Clear,Dry,Daylight
2021-06-22T10:50:00.000,I 75,I 75 and Barrett Pkwy,,Sideswipe-Same Direction,2,Cloudy,Dry,Daylight
2021-04-12T14:57:00.000,I 75,I 75 and Barrett Pkwy,,Not a Collision with Motor Vehicle,2,Clear,Dry,Daylight
2021-06-25T17:38:00.000,I 75,I 75 and Barrett Pkwy,,Rear End,2,Clear,Dry,Daylight
2021-08-24T13:35:00.000,I 75,I 75 and Barrett Pkwy,,Rear End,3,Clear,Dry,Daylight
2021-03-23T17:40:00.000,I 75,I 75 and Barrett Pkwy,,Rear End,3,Cloudy,Dry,Daylight
2021-06-25T13:35:00.000,I 75,I 75 and Barrett Pkwy,,Rear End,2,Cloudy,Dry,Daylight
2021-03-30T06:40:00.000,I 75,I 75 and Barrett Pkwy,,Sideswipe-Same Direction,2,Clear,Dry,Dark-Not Lighted
2020-07-30T07:58:00.000,I 75,I 75 and Barrett Pkwy,,Sideswipe-Same Direction,2,Cloudy,Dry,Daylight
2023-11-27T08:35:00.000,I 75,I 75 and Barrett Pkwy,,Rear End,3,Clear,Dry,Daylight
2023-02-10T18:25:00.000,I 75,I 75 and Barrett Pkwy,,Rear End,3,Cloudy,Dry,Dark-Not Lighted
2023-07-28T17:05:00.000,I 75,I 75 and Barrett Pkwy,,Sideswipe-Same Direction,2,Cloudy,Dry,Daylight
2023-11-17T13:17:00.000,I 75,I 75 and Barrett Pkwy,,Rear End,2,Clear,Dry,Daylight
2023-06-28T16:30:00.000,I 75,I 75 and Barrett Pkwy,,Rear End,2,Clear,Dry,Daylight
2023-06-01T18:15:00.000,I 75,I 75 and Barrett Pkwy,,Sideswipe-Same Direction,2,Clear,Dry,Daylight
2023-10-02T17:29:00.000,I 75,I 75 and Barrett Pkwy,,Not a Collision with Motor Vehicle,1,Clear,Dry,Daylight
2023-02-28T10:55:00.000,I 75,I 75 and Barrett Pkwy,,Sideswipe-Same Direction,2,Clear,Dry,Daylight
2023-05-25T14:05:00.000,I 75,I 75 and Barrett Pkwy,,Rear End,3,Clear,Dry,Daylight
2023-08-28T14:46:00.000,I 75,I 75 and Barrett Pkwy,,Sideswipe-Same Direction,2,Cloudy,Dry,Daylight
2023-08-03T14:10:00.000,I 75,I 75 and Barrett Pkwy,,Rear End,2,Clear,Dry,Daylight
2023-12-08T10:37:00.000,I 75,I 75 and Barrett Pkwy,,Sideswipe-Same Direction,2,Clear,Dry,Daylight
2023-10-05T15:50:00.000,I 75,I 75 and Barrett Pkwy,,Rear End,4,Clear,Dry,Daylight
2023-04-04T12:25:00.000,I 75,I 75 and Barrett Pkwy,,Sideswipe-Same Direction,2,Cloudy,Dry,Daylight
2023-08-04T12:37:00.000,I 75,I 75 and Barrett Pkwy,,Rear End,2,Cloudy,Dry,Daylight
2023-09-28T11:01:00.000,I 75,I 75 and Barrett Pkwy,,Sideswipe-Same Direction,2,Cloudy,Dry,Daylight
2023-09-05T08:20:00.000,I 75,I 75 and Barrett Pkwy,,Sideswipe-Same Direction,2,Clear,Dry,Daylight
2023-09-19T14:00:00.000,I 75,I 75 and Barrett Pkwy,,Not a Collision with Motor Vehicle,1,Clear,Dry,Daylight
2023-01-17T16:00:00.000,I 75,I 75 and Barrett Pkwy,,Rear End,2,Clear,Dry,Dark-Not Lighted
2023-07-25T06:29:00.000,I 75,I 75 and Barrett Pkwy,,Not a Collision with Motor Vehicle,1,Clear,Dry,Daylight
2023-01-06T06:00:00.000,I 75,I 75 and Barrett Pkwy,,Not a Collision with Motor Vehicle,1,Clear,Dry,Dark-Not Lighted
2023-10-10T11:54:00.000,I 75,I 75 and Barrett Pkwy,,Rear End,3,Clear,Dry,Daylight
2023-06-12T17:29:00.000,I 75,I 75 and Barrett Pkwy,,Rear End,2,Clear,Dry,Daylight
2023-03-28T22:31:00.000,I 75,I 75 and Barrett Pkwy,,Not a Collision with Motor Vehicle,1,Clear,Dry,Dark-Not Lighted
2023-10-20T09:44:00.000,I 75,I 75 and Barrett Pkwy,,Rear End,2,Cloudy,Dry,Daylight
2023-01-02T15:38:00.000,I 75,I 75 and Barrett Pkwy,,Rear End,3,Cloudy,Wet,Daylight
2023-08-31T15:36:00.000,I 75,I 75 and Barrett Pkwy,,Rear End,2,Clear,Dry,Daylight
2022-02-03T12:30:00.000,I 75,I 75 and Barrett Pkwy,,Rear End,2,Rain,Wet,Daylight
2022-04-22T12:35:00.000,I 75,I 75 and Barrett Pkwy,,Sideswipe-Same Direction,2,Clear,Dry,Daylight
2022-05-12T12:24:00.000,I 75,I 75 and Barrett Pkwy,,Sideswipe-Same Direction,2,Clear,Dry,Daylight
2022-07-01T13:37:00.000,I 75,I 75 and Barrett Pkwy,,Rear End,2,Cloudy,Dry,Daylight
2022-05-26T15:14:00.000,I 75,I 75 and Barrett Pkwy,,Not a Collision with Motor Vehicle,1,Rain,Wet,Daylight
2023-12-04T11:58:00.000,I 75,I 75 and Barrett Pkwy,,Not a Collision with Motor Vehicle,1,Clear,Dry,Daylight
2020-05-26T05:55:00.000,I 75,I 75 and Barrett Pkwy,,Not a Collision with Motor Vehicle,1,Cloudy,Wet,Dark-Not Lighted
2020-01-08T10:11:00.000,I 75,I 75 and Barrett Pkwy,,Sideswipe-Same Direction,2,Clear,Dry,Daylight
2020-12-14T07:55:00.000,I 75,I 75 and Barrett Pkwy,,Rear End,2,Cloudy,Dry,Daylight
2020-03-10T13:25:00.000,I 75,I 75 and Barrett Pkwy,,Sideswipe-Same Direction,2,Cloudy,Dry,Daylight
2020-03-29T03:15:00.000,I 75,I 75 and Barrett Pkwy,,Sideswipe-Same Direction,2,Clear,Dry,Dark-Not Lighted
2020-11-13T16:35:00.000,I 75,I 75 and Barrett Pkwy,,Rear End,2,Clear,Dry,Daylight
2020-08-17T16:00:00.000,I 75,I 75 and Barrett Pkwy,,Rear End,3,Clear,Dry,Daylight
2020-08-21T10:15:00.000,I 75,I 75 and Barrett Pkwy,,Rear End,2,Cloudy,Dry,Daylight
2020-02-08T06:44:00.000,I 75,I 75 and Barrett Pkwy,,Sideswipe-Same Direction,2,Clear,Dry,Dark-Not Lighted
2020-04-24T14:18:00.000,I 75,I 75 and Barrett Pkwy,,Sideswipe-Same Direction,2,Cloudy,Dry,Daylight
2020-08-10T16:32:00.000,I 75,I 75 and Barrett Pkwy,,Rear End,4,Rain,Wet,Daylight
2020-11-11T18:41:00.000,I 75,I 75 and Barrett Pkwy,,Rear End,2,Rain,Wet,Dark-Not Lighted
2020-04-20T09:50:00.000,I 75,I 75 and Barrett Pkwy,,Sideswipe-Same Direction,2,Clear,Dry,Daylight
2020-01-24T22:09:00.000,I 75,I 75 and Barrett Pkwy,,Rear End,2,Clear,Dry,Dark-Not Lighted
2020-05-15T08:56:00.000,I 75,I 75 and Barrett Pkwy,,Sideswipe-Opposite Direction,2,Cloudy,Dry,Daylight
2020-11-20T16:26:00.000,I 75,I 75 and Barrett Pkwy,,Not a Collision with Motor Vehicle,1,Clear,Dry,Daylight
2020-03-10T14:19:00.000,I 75,I 75 and Barrett Pkwy,,Not a Collision with Motor Vehicle,1,Cloudy,Dry,Daylight
2020-12-31T13:40:00.000,I 75,I 75 and Barrett Pkwy,,Rear End,2,Rain,Wet,Daylight
2020-03-23T18:15:00.000,I 75,I 75 and Barrett Pkwy,,Not a Collision with Motor Vehicle,1,Rain,Wet,Daylight
2020-07-21T12:52:00.000,I 75,I 75 and Barrett Pkwy,,Sideswipe-Same Direction,2,Cloudy,Dry,Daylight
2020-08-03T09:52:00.000,I 75,I 75 and Barrett Pkwy,,Sideswipe-Same Direction,2,Cloudy,Wet,Daylight
2020-09-17T17:58:00.000,I 75,I 75 and Barrett Pkwy,,Not a Collision with Motor Vehicle,1,Rain,Wet,Daylight
2020-12-11T22:39:00.000,I 75,I 75 and Barrett Pkwy,,Rear End,2,Clear,Dry,Dark-Lighted
2020-08-13T11:04:00.000,I 75,I 75 and Barrett Pkwy,,Angle Crash,2,Clear,Dry,Daylight
2020-03-02T13:25:00.000,I 75,I 75 and Barrett Pkwy,,Rear End,2,Rain,Wet,Daylight
2020-12-21T16:54:00.000,I 75,I 75 and Barrett Pkwy,,Rear End,2,Cloudy,Dry,Daylight
2020-07-21T17:54:00.000,I 75,I 75 and Barrett Pkwy,,Rear End,2,Rain,Wet,Daylight
2020-05-11T11:22:00.000,I 75,I 75 and Barrett Pkwy,,Sideswipe-Same Direction,2,Cloudy,Dry,Daylight
2020-03-24T14:32:00.000,I 75,I 75 and Barrett Pkwy,,Rear End,3,Rain,Wet,Daylight
2020-08-18T14:50:00.000,I 75,I 75 and Barrett Pkwy,,Sideswipe-Same Direction,2,Clear,Dry,Daylight
2020-07-14T15:10:00.000,I 75,I 75 and Barrett Pkwy,,Rear End,2,Clear,Dry,Daylight
2020-07-27T16:16:00.000,I 75,I 75 and Barrett Pkwy,,Not a Collision with Motor Vehicle,1,Cloudy,Dry,Daylight
2020-08-10T16:42:00.000,I 75,I 75 and Barrett Pkwy,,Sideswipe-Same Direction,2,Cloudy,Dry,Daylight
2021-04-16T15:00:00.000,I 75,I 75 and Barrett Pkwy,,Rear End,3,Cloudy,Dry,Daylight
2021-02-25T22:15:00.000,I 75,I 75 and Barrett Pkwy,,Angle Crash,2,Clear,Dry,Dark-Lighted
2021-05-27T15:10:00.000,I 75,I 75 and Barrett Pkwy,,Sideswipe-Same Direction,2,Clear,Dry,Daylight
2021-05-11T13:41:00.000,I 75,I 75 and Barrett Pkwy,,Sideswipe-Same Direction,2,Clear,Dry,Daylight
2021-05-03T15:00:00.000,I 75,I 75 and Barrett Pkwy,,Rear End,2,Rain,Wet,Daylight
2021-03-30T15:45:00.000,I 75,I 75 and Barrett Pkwy,,Rear End,2,Clear,Dry,Daylight
2021-03-11T14:50:00.000,I 75,I 75 and Barrett Pkwy,,Rear End,2,Clear,Dry,Daylight
2021-11-30T18:39:00.000,I 75,I 75 and Barrett Pkwy,,Rear End,2,Clear,Dry,Dark-Not Lighted
2021-10-29T06:25:00.000,I 75,I 75 and Barrett Pkwy,,Not a Collision with Motor Vehicle,1,Cloudy,Dry,Dark-Not Lighted
2021-10-08T16:25:00.000,I 75,I 75 and Barrett Pkwy,,Rear End,2,Clear,Dry,Daylight
2021-09-24T16:30:00.000,I 75,I 75 and Barrett Pkwy,,Rear End,2,Clear,Dry,Daylight
2021-07-28T14:05:00.000,I 75,I 75 and Barrett Pkwy,,Not a Collision with Motor Vehicle,1,Clear,Dry,Daylight
2021-12-09T08:43:00.000,I 75,I 75 and Barrett Pkwy,,Rear End,2,Cloudy,Dry,Daylight
2021-09-16T08:40:00.000,I 75,I 75 and Barrett Pkwy,,Sideswipe-Same Direction,3,Rain,Wet,Daylight
2021-12-08T15:15:00.000,I 75,I 75 and Barrett Pkwy,,Rear End,2,Clear,Dry,Daylight
2021-10-01T16:10:00.000,I 75,I 75 and Barrett Pkwy,,Not a Collision with Motor Vehicle,2,Clear,Dry,Daylight
2022-08-05T13:41:00.000,I 75,I 75 and Barrett Pkwy,,Rear End,2,Cloudy,Dry,Daylight
2022-05-23T08:05:00.000,I 75,I 75 and Barrett Pkwy,,Not a Collision with Motor Vehicle,1,Rain,Wet,Daylight
2022-05-23T17:29:00.000,I 75,I 75 and Barrett Pkwy,,Rear End,2,Clear,Dry,Daylight
2021-12-09T16:45:00.000,I 75,I 75 and Barrett Pkwy,,Rear End,2,Cloudy,Dry,Daylight
2021-12-30T13:17:00.000,I 75,I 75 and Barrett Pkwy,,Rear End,2,Rain,Wet,Daylight
2021-07-20T12:41:00.000,I 75,I 75 and Barrett Pkwy,,Rear End,2,Rain,Wet,Daylight
2021-09-29T06:25:00.000,I 75,I 75 and Barrett Pkwy,,Sideswipe-Same Direction,2,Clear,Dry,Dark-Not Lighted
2021-11-11T16:20:00.000,I 75,I 75 and Barrett Pkwy,,Sideswipe-Same Direction,2,Cloudy,Dry,Daylight
2022-12-20T16:25:00.000,I 75,I 75 and Barrett Pkwy,,Rear End,2,Cloudy,Wet,Daylight
2022-07-31T00:05:00.000,I 75,I 75 and Barrett Pkwy,,Not a Collision with Motor Vehicle,1,Severe Thunderstorm or Tornadic,Wet,Dark-Lighted
2022-11-11T16:00:00.000,I 75,I 75 and Barrett Pkwy,,Rear End,2,Cloudy,Wet,Daylight
2022-03-03T19:36:00.000,I 75,I 75 and Barrett Pkwy,,Rear End,2,Clear,Dry,Dark-Not Lighted
2022-04-19T17:15:00.000,I 75,I 75 and Barrett Pkwy,,Rear End,2,Clear,Dry,Daylight
2022-07-19T06:12:00.000,I 75,I 75 and Barrett Pkwy,,Not a Collision with Motor Vehicle,1,Rain,Wet,Dark-Not Lighted
2022-03-15T11:25:00.000,I 75,I 75 and Barrett Pkwy,,Sideswipe-Same Direction,2,Cloudy,Dry,Daylight
2022-09-08T13:10:00.000,I 75,I 75 and Barrett Pkwy,,Rear End,2,Clear,Dry,Daylight
2022-04-04T12:40:00.000,I 75,I 75 and Barrett Pkwy,,Sideswipe-Same Direction,2,Clear,Dry,Daylight
2022-11-15T14:09:00.000,I 75,I 75 and Barrett Pkwy,,Rear End,3,Rain,Wet,Daylight
2022-07-07T14:13:00.000,I 75,I 75 and Barrett Pkwy,,Sideswipe-Same Direction,2,Clear,Dry,Daylight
2022-03-15T11:13:00.000,I 75,I 75 and Barrett Pkwy,,Rear End,2,Cloudy,Dry,Daylight
2022-04-25T08:14:00.000,I 75,I 75 and Barrett Pkwy,,Sideswipe-Same Direction,2,Clear,Dry,Daylight
2022-02-28T17:43:00.000,I 75,I 75 and Barrett Pkwy,,Sideswipe-Same Direction,2,Clear,Dry,Daylight
2022-04-28T18:35:00.000,I 75,I 75 and Barrett Pkwy,,Sideswipe-Same Direction,2,Clear,Dry,Daylight
2022-04-25T08:53:00.000,I 75,I 75 and Barrett Pkwy,,Sideswipe-Same Direction,2,Clear,Dry,Daylight
2022-03-21T07:30:00.000,I 75,I 75 and Barrett Pkwy,,Rear End,2,Clear,Dry,Dawn
2021-08-23T11:55:00.000,I 75,I 75 and Barrett Pkwy,,Sideswipe-Same Direction,2,Clear,Dry,Daylight
2021-08-17T10:25:00.000,I 75,I 75 and Barrett Pkwy,,Rear End,2,Rain,Wet,Daylight
2021-09-27T14:45:00.000,I 75,I 75 and Barrett Pkwy,,Rear End,2,Clear,Dry,Daylight
2021-09-24T17:45:00.000,I 75,I 75 and Barrett Pkwy,,Rear End,3,Clear,Dry,Daylight
2022-01-24T15:30:00.000,I 75,I 75 and Barrett Pkwy,,Rear End,2,Clear,Dry,Daylight
2022-03-29T13:55:00.000,I 75,I 75 and Barrett Pkwy,,Rear End,2,Clear,Dry,Daylight
2022-08-15T12:19:00.000,I 75,I 75 and Barrett Pkwy,,Rear End,2,Clear,Dry,Daylight
2022-12-05T12:29:00.000,I 75,I 75 and Barrett Pkwy,,Rear End,2,Rain,Wet,Daylight
2022-05-16T14:55:00.000,I 75,I 75 and Barrett Pkwy,,Rear End,2,Clear,Dry,Daylight
2022-08-05T13:09:00.000,I 75,I 75 and Barrett Pkwy,,Not a Collision with Motor Vehicle,1,Clear,Dry,Daylight
2022-08-05T13:16:00.000,I 75,I 75 and Barrett Pkwy,,Rear End,2,Cloudy,Dry,Daylight
2022-09-13T07:20:00.000,I 75,I 75 and Barrett Pkwy,,Sideswipe-Same Direction,2,Clear,Dry,Daylight
2022-07-07T15:25:00.000,I 75,I 75 and Barrett Pkwy,,Rear End,2,Rain,Dry,Daylight
2022-11-28T08:07:00.000,I 75,I 75 and Barrett Pkwy,,Rear End,3,Clear,Dry,Daylight
2022-05-23T14:30:00.000,I 75,I 75 and Barrett Pkwy,,Rear End,4,Rain,Wet,Daylight
2022-02-22T11:14:00.000,I 75,I 75 and Barrett Pkwy,,Sideswipe-Same Direction,2,Cloudy,Dry,Daylight
2022-06-20T15:30:00.000,I 75,I 75 and Barrett Pkwy,,Sideswipe-Same Direction,2,Clear,Dry,Daylight
2022-06-23T13:54:00.000,I 75,I 75 and Barrett Pkwy,,Sideswipe-Same Direction,2,Clear,Dry,Daylight
2022-08-26T10:47:00.000,I 75,I 75 and Barrett Pkwy,,Sideswipe-Same Direction,3,Cloudy,Dry,Daylight
2022-02-10T11:24:00.000,I 75,I 75 and Barrett Pkwy,,Sideswipe-Same Direction,2,Clear,Dry,Daylight
2022-03-31T13:58:00.000,I 75,I 75 and Barrett Pkwy,,Sideswipe-Same Direction,2,Clear,Dry,Daylight
2022-11-29T13:10:00.000,I 75,I 75 and Barrett Pkwy,,Rear End,2,Clear,Dry,Daylight
2022-06-17T07:40:00.000,I 75,I 75 and Barrett Pkwy,,Sideswipe-Same Direction,3,Clear,Dry,Daylight
2022-07-22T18:17:00.000,I 75,I 75 and Barrett Pkwy,,Rear End,2,Cloudy,Dry,Daylight
2022-06-30T14:10:00.000,I 75,I 75 and Barrett Pkwy,,Rear End,2,Clear,Dry,Daylight
2022-04-25T17:05:00.000,I 75,I 75 and Barrett Pkwy,,Sideswipe-Same Direction,2,Clear,Dry,Daylight
2022-07-26T17:19:00.000,I 75,I 75 and Barrett Pkwy,,Rear End,2,Cloudy,Dry,Daylight
2022-06-24T11:59:00.000,I 75,I 75 and Barrett Pkwy,,Rear End,3,Clear,Dry,Daylight
2022-04-15T16:59:00.000,I 75,I 75 and Barrett Pkwy,,Sideswipe-Same Direction,2,Clear,Dry,Daylight
2022-08-08T15:37:00.000,I 75,I 75 and Barrett Pkwy,,Rear End,2,Cloudy,Dry,Daylight
2022-04-11T13:14:00.000,I 75,I 75 and Barrett Pkwy,,Rear End,2,Cloudy,Dry,Daylight
2022-04-01T10:14:00.000,I 75,I 75 and Barrett Pkwy,,Sideswipe-Same Direction,2,Clear,Dry,Daylight
2022-03-29T12:20:00.000,I 75,I 75 and Barrett Pkwy,,Sideswipe-Same Direction,2,Clear,Dry,Daylight
2022-09-12T08:50:00.000,I 75,I 75 and Barrett Pkwy,,Sideswipe-Same Direction,2,Cloudy,Dry,Daylight
2022-10-31T12:26:00.000,I 75,I 75 and Barrett Pkwy,,Sideswipe-Same Direction,2,Cloudy,Wet,Daylight
2022-01-04T12:20:00.000,I 75,I 75 and Barrett Pkwy,,Sideswipe-Same Direction,2,Clear,Dry,Daylight
2022-08-09T20:00:00.000,I 75,I 75 and Barrett Pkwy,,Not a Collision with Motor Vehicle,1,Rain,Water (standing or moving),Daylight
2022-09-05T17:52:00.000,I 75,I 75 and Barrett Pkwy,,Rear End,2,Cloudy,Wet,Daylight
2022-05-23T14:52:00.000,I 75,I 75 and Barrett Pkwy,,Rear End,2,Rain,Wet,Daylight
2022-10-31T07:00:00.000,I 75,I 75 and Barrett Pkwy,,Sideswipe-Same Direction,2,Rain,Wet,Dark-Not Lighted
2022-11-17T06:55:00.000,I 75,I 75 and Barrett Pkwy,,Rear End,2,Clear,Dry,Daylight
2022-12-01T12:15:00.000,I 75,I 75 and Barrett Pkwy,,Sideswipe-Same Direction,2,Clear,Dry,Daylight
2022-03-22T13:33:00.000,I 75,I 75 and Barrett Pkwy,,Not a Collision with Motor Vehicle,2,Clear,Dry,Daylight
2022-05-17T17:23:00.000,I 75,I 75 and Barrett Pkwy,,Rear End,2,Clear,Dry,Daylight
2022-04-18T13:13:00.000,I 75,I 75 and Barrett Pkwy,,Not a Collision with Motor Vehicle,2,Cloudy,Dry,Daylight
2023-04-03T14:35:00.000,I 75,I 75 and Barrett Pkwy,,Rear End,2,Cloudy,Dry,Daylight
2024-05-10T17:40:00.000,I 75,I 75 and Barrett Pkwy,,Rear End,2,Clear,Dry,Daylight
2024-09-25T06:44:00.000,I 75,I 75 and Barrett Pkwy,,Sideswipe-Same Direction,2,Clear,Wet,Daylight
2024-01-04T11:58:00.000,I 75,I 75 and Barrett Pkwy,,Sideswipe-Same Direction,2,Clear,Dry,Daylight
2024-04-11T14:00:00.000,I 75,I 75 and Barrett Pkwy,,Rear End,2,Cloudy,Dry,Daylight
2024-01-11T16:14:00.000,I 75,I 75 and Barrett Pkwy,,Rear End,2,Clear,Dry,Daylight
2024-03-05T10:50:00.000,I 75,I 75 and Barrett Pkwy,,Not a Collision with Motor Vehicle,1,Cloudy,Dry,Daylight
2024-07-26T14:55:00.000,I 75,I 75 and Barrett Pkwy,,Rear End,2,Clear,Dry,Daylight
2024-02-16T12:45:00.000,I 75,I 75 and Barrett Pkwy,,Rear End,2,Cloudy,Dry,Daylight
2024-10-21T08:50:00.000,I 75,I 75 and Barrett Pkwy,,Rear End,2,Clear,Dry,Daylight
2024-03-28T15:18:00.000,I 75,I 75 and Barrett Pkwy,,Sideswipe-Same Direction,2,Clear,Dry,Daylight
2024-07-23T06:46:00.000,I 75,I 75 and Barrett Pkwy,,Not a Collision with Motor Vehicle,1,Clear,Dry,Daylight
2024-11-21T19:12:00.000,I 75,I 75 and Barrett Pkwy,,Rear End,2,Clear,Dry,Dark-Not Lighted
2024-06-03T15:55:00.000,I 75,I 75 and Barrett Pkwy,,Sideswipe-Same Direction,2,Clear,Dry,Daylight
2023-08-29T06:45:00.000,I 75,I 75 and Barrett Pkwy,,Rear End,2,Cloudy,Dry,Dark-Not Lighted
2023-02-14T16:31:00.000,I 75,I 75 and Barrett Pkwy,,Not a Collision with Motor Vehicle,1,Clear,Dry,Dusk
2023-05-11T13:21:00.000,I 75,I 75 and Barrett Pkwy,,Rear End,2,Cloudy,Dry,Daylight
2023-11-14T09:41:00.000,I 75,I 75 and Barrett Pkwy,,Rear End,2,Clear,Dry,Daylight
2024-06-07T17:17:00.000,I 75,I 75 and Barrett Pkwy,,Sideswipe-Same Direction,2,Clear,Dry,Daylight
2023-09-12T10:30:00.000,I 75,I 75 and Barrett Pkwy,,Rear End,2,Cloudy,Dry,Daylight