Date and Time,Roadway (From Crash Report),Intersection Name (from Crash Report),KABCO Severity,Manner of Collision (Crash Level) ,# of Vehicles per crash ,Weather Conditions (Crash Level),Surface Condition (Crash Level) ,Light Conditions (Crash Level)
2023-11-10T17:30:00.000,I 75,I 75 and Barrett Pkwy,,Sideswipe-Same Direction,2,Clear,Dry,Dusk
2023-03-21T10:02:00.000,I 75,I 75 and Barrett Pkwy,,Not a Collision with Motor Vehicle,2,Clear,Dry,Daylight
2023-07-14T10:53:00.000,I 75,I 75 and Barrett Pkwy,,Not a Collision with Motor Vehicle,1,Clear,Dry,Daylight
2023-11-02T12:39:00.000,I 75,I 75 and Barrett Pkwy,,Sideswipe-Same Direction,2,Clear,Dry,Daylight
2023-01-19T09:37:00.000,I 75,I 75 and Barrett Pkwy,,Sideswipe-Same Direction,2,Rain,Wet,Daylight
2023-10-12T11:56:00.000,I 75,I 75 and Barrett Pkwy,,Rear End,2,Cloudy,Dry,Daylight
2023-08-03T15:50:00.000,I 75,I 75 and Barrett Pkwy,,Rear End,3,Rain,Wet,Daylight
2023-08-03T12:04:00.000,I 75,I 75 and Barrett Pkwy,,Rear End,2,Cloudy,Dry,Daylight
2023-08-01T14:17:00.000,I 75,I 75 and Barrett Pkwy,,Rear End,3,Cloudy,Dry,Daylight
2023-08-01T10:06:00.000,I 75,I 75 and Barrett Pkwy,,Sideswipe-Same Direction,2,Clear,Dry,Daylight
2023-11-23T18:46:00.000,I 75,I 75 and Barrett Pkwy,,Not a Collision with Motor Vehicle,1,Clear,Dry,Dark-Not Lighted
2023-07-27T11:58:00.000,I 75,I 75 and Barrett Pkwy,,Rear End,2,Clear,Dry,Daylight
2023-03-06T10:34:00.000,I 75,I 75 and Barrett Pkwy,,Sideswipe-Same Direction,2,Cloudy,Dry,Daylight
2023-10-16T10:32:00.000,I 75,I 75 and Barrett Pkwy,,Not a Collision with Motor Vehicle,1,Cloudy,Dry,Daylight
2023-07-21T10:10:00.000,I 75,I 75 and Barrett Pkwy,,Rear End,2,Clear,Dry,Daylight
2024-03-07T16:54:00.000,I 75,I 75 and Barrett Pkwy,,Rear End,2,Clear,Dry,Daylight
2024-08-06T11:22:00.000,I 75,I 75 and Barrett Pkwy,,Rear End,2,Clear,Dry,Daylight
2024-01-25T06:37:00.000,I 75,I 75 and Barrett Pkwy,,Sideswipe-Same Direction,2,Rain,Wet,Dark-Not Lighted
2024-03-08T16:03:00.000,I 75,I 75 and Barrett Pkwy,,Rear End,2,Clear,Dry,Daylight
2024-05-27T00:00:00.000,I 75,I 75 and Barrett Pkwy,,Sideswipe-Same Direction,2,Rain,Wet,Daylight
2024-04-04T11:13:00.000,I 75,I 75 and Barrett Pkwy,,Not a Collision with Motor Vehicle,1,Clear,Dry,Daylight
2024-02-21T14:04:00.000,I 75,I 75 and Barrett Pkwy,,Rear End,3,Clear,Dry,Daylight
2024-04-01T12:30:00.000,I 75,I 75 and Barrett Pkwy,,Sideswipe-Same Direction,2,Cloudy,Dry,Daylight
2024-03-05T12:13:00.000,I 75,I 75 and Barrett Pkwy,,Rear End,2,Rain,Wet,Daylight
2024-05-17T15:40:00.000,I 75,I 75 and Barrett Pkwy,,Rear End,2,Cloudy,Dry,Daylight
2024-08-30T13:40:00.000,I 75,I 75 and Barrett Pkwy,,Sideswipe-Same Direction,2,Clear,Dry,Daylight
2024-05-09T11:32:00.000,I 75,I 75 and Barrett Pkwy,,Rear End,3,Rain,Wet,Daylight
2024-12-05T09:55:00.000,I 75,I 75 and Barrett Pkwy,,Rear End,2,Clear,Dry,Daylight
2024-02-20T06:53:00.000,I 75,I 75 and Barrett Pkwy,,Sideswipe-Same Direction,2,Cloudy,Dry,Dark-Not Lighted
2024-04-05T14:21:00.000,I 75,I 75 and Barrett Pkwy,,Rear End,2,Clear,Dry,Daylight
2024-05-31T17:26:00.000,I 75,I 75 and Barrett Pkwy,,Not a Collision with Motor Vehicle,1,Clear,Dry,Daylight
2024-09-19T07:28:00.000,I 75,I 75 and Barrett Pkwy,,Sideswipe-Same Direction,2,Clear,Dry,Daylight
2024-05-02T13:10:00.000,I 75,I 75 and Barrett Pkwy,,Sideswipe-Same Direction,2,Clear,Dry,Daylight
2024-11-26T13:38:00.000,I 75,I 75 and Barrett Pkwy,,Rear End,2,Clear,Dry,Daylight
2024-08-20T09:22:00.000,I 75,I 75 and Barrett Pkwy,,Rear End,2,Clear,Dry,Daylight
2024-05-06T07:20:00.000,I 75,I 75 and Barrett Pkwy,,Sideswipe-Same Direction,2,Cloudy,Dry,Daylight
2024-11-03T08:38:00.000,I 75,I 75 and Barrett Pkwy,,Sideswipe-Same Direction,2,Cloudy,Dry,Daylight
2024-02-13T06:37:00.000,I 75,I 75 and Barrett Pkwy,,Rear End,2,Cloudy,Dry,Dark-Not Lighted
2024-08-29T14:29:00.000,I 75,I 75 and Barrett Pkwy,,Rear End,3,Clear,Dry,Daylight
2024-05-09T13:24:00.000,I 75,I 75 and Barrett Pkwy,,Sideswipe-Same Direction,2,Clear,Wet,Daylight
2024-12-27T19:00:00.000,I 75,I 75 and Barrett Pkwy,,Rear End,3,Rain,Wet,Dark-Not Lighted
2024-01-11T16:14:00.000,I 75,I 75 and Barrett Pkwy,,Rear End,2,Clear,Dry,Daylight
2024-12-10T16:00:00.000,I 75,I 75 and Barrett Pkwy,,Rear End,2,Rain,Wet,Daylight
2024-02-28T17:47:00.000,I 75,I 75 and Barrett Pkwy,,Rear End,3,Cloudy,Dry,Daylight
2024-05-16T14:20:00.000,I 75,I 75 and Barrett Pkwy,,Sideswipe-Same Direction,2,Clear,Dry,Daylight
2024-09-19T15:15:00.000,I 75,I 75 and Barrett Pkwy,,Angle Crash,2,Clear,Dry,Daylight
2024-11-14T17:42:00.000,I 75,I 75 and Barrett Pkwy,,Rear End,2,Clear,Dry,Dark-Not Lighted
2024-04-01T15:22:00.000,I 75,I 75 and Barrett Pkwy,,Rear End,2,Clear,Dry,Daylight
2024-08-06T09:49:00.000,I 75,I 75 and Barrett Pkwy,,Rear End,2,Cloudy,Dry,Daylight
2024-10-17T15:40:00.000,I 75,I 75 and Barrett Pkwy,,Sideswipe-Same Direction,2,Clear,Dry,Daylight
2024-12-09T07:06:00.000,I 75,I 75 and Barrett Pkwy,,Rear End,3,Rain,Wet,Dawn
2024-03-15T13:00:00.000,I 75,I 75 and Barrett Pkwy,,Rear End,2,Rain,Wet,Daylight
2024-07-25T19:00:00.000,I 75,I 75 and Barrett Pkwy,,Rear End,2,Cloudy,Dry,Daylight
2024-05-03T11:55:00.000,I 75,I 75 and Barrett Pkwy,,Rear End,2,Clear,Dry,Daylight
2024-09-26T17:40:00.000,I 75,I 75 and Barrett Pkwy,,Not a Collision with Motor Vehicle,2,Rain,Wet,Daylight
2024-06-17T15:04:00.000,I 75,I 75 and Barrett Pkwy,,Rear End,2,Cloudy,Dry,Daylight
2024-08-12T08:23:00.000,I 75,I 75 and Barrett Pkwy,,Not a Collision with Motor Vehicle,2,Clear,Dry,Daylight
2024-11-29T11:01:00.000,I 75,I 75 and Barrett Pkwy,,Not a Collision with Motor Vehicle,1,Clear,Dry,Daylight
2024-10-25T15:05:00.000,I 75,I 75 and Barrett Pkwy,,Rear End,3,Clear,Dry,Daylight
2024-04-18T14:05:00.000,I 75,I 75 and Barrett Pkwy,,Rear End,2,Clear,Dry,Daylight
2024-01-11T16:14:00.000,I 75,I 75 and Barrett Pkwy,,Rear End,2,Clear,Dry,Daylight
2024-01-11T16:05:00.000,I 75,I 75 and Barrett Pkwy,,Rear End,2,Clear,Dry,Daylight
2024-11-08T06:13:00.000,I 75,I 75 and Barrett Pkwy,,Not a Collision with Motor Vehicle,2,Clear,Dry,Daylight
2022-05-26T18:19:00.000,I 75,I 75 and Barrett Parkway Opas,,Rear End,2,Cloudy,Dry,Daylight
2023-11-09T16:15:00.000,I 75,I 75 and Barrett Parkway Northwest,,Sideswipe-Same Direction,2,Clear,Dry,Daylight
2023-11-09T10:40:00.000,I 75,I 75 and Barrett Parkway Northwest,,Sideswipe-Same Direction,2,Clear,Dry,Daylight
2020-08-13T11:44:00.000,I 75,I 75 and Barrett Parkway Exit Rp,,Rear End,2,Clear,Dry,Daylight
2023-07-06T12:45:00.000,I 75,I 75 and Barrett,,Rear End,2,Clear,Dry,Daylight
2024-07-29T13:37:00.000,I 75,I 75 and Barrett,,Rear End,2,Rain,Wet,Daylight
2024-12-09T10:23:00.000,I 75,I 75 and Barrett,,Not a Collision with Motor Vehicle,1,Rain,Wet,Daylight
2021-04-05T15:25:00.000,I 75,I 75 and Barret Pkwy,,Sideswipe-Opposite Direction,2,Clear,Dry,Daylight
2021-08-31T11:50:00.000,I 75,I 75 and Barret Pkwy,,Angle Crash,2,Rain,Wet,Daylight
2022-05-21T20:40:00.000,I 75,I 75 and Barneyville Road Over Pass,,Not a Collision with Motor Vehicle,1,Rain,Wet,Dark-Not Lighted
2022-08-06T17:35:00.000,I 75,I 75 and Barneyville Road Mm45,,Not a Collision with Motor Vehicle,1,Rain,Wet,Daylight
2023-01-25T11:55:00.000,I 75,I 75 and Barneyville Road Mm45,,Not a Collision with Motor Vehicle,1,Rain,Wet,Daylight
2022-06-18T12:05:00.000,I 75,I 75 and Barneyville Road Mm 45,,Sideswipe-Same Direction,2,Clear,Dry,Daylight
2023-08-08T12:20:00.000,I 75,I 75 and Barneyville Road Mm 44,,Sideswipe-Same Direction,2,Clear,Wet,Daylight
2023-09-08T18:40:00.000,I 75,I 75 and Barneyville Road Exit 45,,Not a Collision with Motor Vehicle,1,Rain,Wet,Daylight
2023-07-22T01:25:00.000,I 75,I 75 and Barneyville Road Exit 45,,Not a Collision with Motor Vehicle,1,Rain,Dry,Dark-Not Lighted
2023-02-08T17:45:00.000,I 75,I 75 and Barneyville Road Exit 45,,Sideswipe-Same Direction,2,Clear,Dry,Daylight
2023-01-02T01:40:00.000,I 75,I 75 and Barneyville Road Exit 45,,Rear End,2,Fog,Wet,Dark-Not Lighted
2022-12-03T19:15:00.000,I 75,I 75 and Barneyville Road Exit 45,,Not a Collision with Motor Vehicle,1,Clear,Dry,Dark-Not Lighted
2022-12-30T23:00:00.000,I 75,I 75 and Barneyville Road Exit 45,,Sideswipe-Same Direction,2,Cloudy,Dry,Dark-Not Lighted
2023-09-17T16:20:00.000,I 75,I 75 and Barneyville Road Exit 45,,Not a Collision with Motor Vehicle,1,Rain,Wet,Daylight
2023-11-26T14:10:00.000,I 75,I 75 and Barneyville Road Exit 45,,Not a Collision with Motor Vehicle,1,Rain,Wet,Daylight
2023-06-19T23:00:00.000,I 75,I 75 and Barneyville Road Exit 45,,Not a Collision with Motor Vehicle,1,Rain,Wet,Dark-Not Lighted
2023-03-27T19:40:00.000,I 75,I 75 and Barneyville Road Exit 45,,Not a Collision with Motor Vehicle,1,Rain,Wet,Dark-Not Lighted
2024-09-11T12:00:00.000,I 75,I 75 and Barneyville Road Exit 45,,Not a Collision with Motor Vehicle,1,Rain,Wet,Daylight
2024-10-12T14:50:00.000,I 75,I 75 and Barneyville Road Exit 45,,Sideswipe-Same Direction,2,Clear,Dry,Daylight
2024-07-25T18:09:00.000,I 75,I 75 and Barneyville Road Exit 45,,Not a Collision with Motor Vehicle,1,Rain,Wet,Daylight
2023-07-17T07:18:00.000,I 75,I 75 and Barneyville Road  Exit 45,,Sideswipe-Same Direction,2,Clear,Dry,Daylight
2024-09-26T10:30:00.000,I 75,I 75 and Barneyville Rd Exit Rp,,Not a Collision with Motor Vehicle,1,Rain,Wet,Daylight
2021-03-01T19:43:00.000,I 75,I 75 and Barneyville Rd,,Not a Collision with Motor Vehicle,1,Rain,Wet,Dark-Not Lighted
2021-03-19T01:46:00.000,I 75,I 75 and Barneyville Rd,,Sideswipe-Same Direction,2,Clear,Dry,Dark-Not Lighted
2021-01-02T09:20:00.000,I 75,I 75 and Barneyville Rd,,Not a Collision with Motor Vehicle,1,Rain,Wet,Daylight
2021-01-01T19:40:00.000,I 75,I 75 and Barneyville Rd,,Not a Collision with Motor Vehicle,1,Rain,Wet,Dark-Not Lighted
2021-08-31T12:19:00.000,I 75,I 75 and Barneyville Rd,,Angle Crash,2,Rain,Wet,Daylight
2021-08-22T23:20:00.000,I 75,I 75 and Barneyville Rd,,Not a Collision with Motor Vehicle,1,Rain,Wet,Dark-Not Lighted
2021-02-13T19:40:00.000,I 75,I 75 and Barneyville Rd,,Not a Collision with Motor Vehicle,1,Rain,Wet,Dark-Not Lighted
2021-01-02T17:52:00.000,I 75,I 75 and Barneyville Rd,,Not a Collision with Motor Vehicle,1,Rain,Wet,Daylight
2021-01-15T03:11:00.000,I 75,I 75 and Barneyville Rd,,Not a Collision with Motor Vehicle,1,Clear,Dry,Daylight
2021-05-24T11:59:00.000,I 75,I 75 and Barneyville Rd,,Angle Crash,3,Clear,Dry,Daylight
2021-06-22T08:50:00.000,I 75,I 75 and Barneyville Rd,,Not a Collision with Motor Vehicle,1,Rain,Wet,Daylight
2021-07-21T14:58:00.000,I 75,I 75 and Barneyville Rd,,Not a Collision with Motor Vehicle,1,Rain,Wet,Daylight
2021-07-09T15:50:00.000,I 75,I 75 and Barneyville Rd,,Not a Collision with Motor Vehicle,1,Rain,Wet,Daylight
2021-09-30T00:14:00.000,I 75,I 75 and Barneyville Rd,,Not a Collision with Motor Vehicle,1,Clear,Dry,Dark-Not Lighted
2021-09-18T20:59:00.000,I 75,I 75 and Barneyville Rd,,Not a Collision with Motor Vehicle,1,Rain,Wet,Dark-Not Lighted
2021-08-22T21:18:00.000,I 75,I 75 and Barneyville Rd,,Not a Collision with Motor Vehicle,1,Rain,Wet,Dark-Not Lighted
2021-11-12T20:10:00.000,I 75,I 75 and Barneyville Rd,,Not a Collision with Motor Vehicle,3,Clear,Dry,Dark-Not Lighted
2021-04-13T12:07:00.000,I 75,I 75 and Barneyville Rd,,Sideswipe-Same Direction,2,Clear,Dry,Daylight
2021-06-06T16:22:00.000,I 75,I 75 and Barneyville Rd,,Not a Collision with Motor Vehicle,1,Rain,Wet,Daylight
2021-09-19T20:09:00.000,I 75,I 75 and Barneyville Rd,,Sideswipe-Opposite Direction,2,Rain,Wet,Dark-Not Lighted
2021-01-02T20:43:00.000,I 75,I 75 and Barneyville Rd,,Not a Collision with Motor Vehicle,1,Rain,Wet,Dark-Not Lighted
2021-03-20T07:35:00.000,I 75,I 75 and Barneyville Rd,,Sideswipe-Same Direction,3,Clear,Dry,Daylight
2020-02-20T13:00:00.000,I 75,I 75 and Barneyville Rd,,Not a Collision with Motor Vehicle,1,Rain,Wet,Daylight
2020-05-20T08:00:00.000,I 75,I 75 and Barneyville Rd,,Not a Collision with Motor Vehicle,1,Rain,Wet,Daylight
2023-11-28T06:50:00.000,I 75,I 75 and Barneyville Rd,,Sideswipe-Same Direction,2,Cloudy,Dry,Dark-Lighted
2023-10-31T15:22:00.000,I 75,I 75 and Barneyville Rd,,Not a Collision with Motor Vehicle,1,Clear,Dry,Daylight
2023-07-19T01:55:00.000,I 75,I 75 and Barneyville Rd,,Not a Collision with Motor Vehicle,1,Clear,Dry,Dark-Not Lighted
2023-07-22T14:00:00.000,I 75,I 75 and Barneyville Rd,,Not a Collision with Motor Vehicle,1,Rain,Wet,Daylight
2023-07-22T00:44:00.000,I 75,I 75 and Barneyville Rd,,Not a Collision with Motor Vehicle,1,Severe Thunderstorm or Tornadic,Wet,Dark-Not Lighted
2023-07-14T23:15:00.000,I 75,I 75 and Barneyville Rd,,Sideswipe-Same Direction,2,Cloudy,Dry,Dark-Not Lighted
2023-07-10T11:37:00.000,I 75,I 75 and Barneyville Rd,,Angle Crash,2,Rain,Wet,Daylight
2023-06-22T09:44:00.000,I 75,I 75 and Barneyville Rd,,Not a Collision with Motor Vehicle,1,Rain,Wet,Daylight
2023-12-10T11:10:00.000,I 75,I 75 and Barneyville Rd,,Not a Collision with Motor Vehicle,1,Rain,Wet,Daylight
2023-02-11T13:47:00.000,I 75,I 75 and Barneyville Rd,,Not a Collision with Motor Vehicle,1,Rain,Wet,Daylight
2023-06-22T06:13:00.000,I 75,I 75 and Barneyville Rd,,Angle Crash,2,Rain,Wet,Dawn
2023-01-22T10:17:00.000,I 75,I 75 and Barneyville Rd,,Not a Collision with Motor Vehicle,1,Rain,Wet,Daylight
2023-12-04T17:50:00.000,I 75,I 75 and Barneyville Rd,,Not a Collision with Motor Vehicle,1,Cloudy,Dry,Dark-Not Lighted
2023-09-08T18:20:00.000,I 75,I 75 and Barneyville Rd,,Angle Crash,2,Rain,Wet,Daylight
2023-10-25T14:20:00.000,I 75,I 75 and Barneyville Rd,,Sideswipe-Same Direction,2,Clear,Dry,Daylight
2023-09-26T12:23:00.000,I 75,I 75 and Barneyville Rd,,Not a Collision with Motor Vehicle,1,Rain,Wet,Daylight
2023-04-03T14:40:00.000,I 75,I 75 and Barneyville Rd,,Not a Collision with Motor Vehicle,1,Rain,Wet,Daylight
2023-07-14T17:15:00.000,I 75,I 75 and Barneyville Rd,,Not a Collision with Motor Vehicle,1,Rain,Wet,Daylight
2023-09-06T12:57:00.000,I 75,I 75 and Barneyville Rd,,Not a Collision with Motor Vehicle,1,Clear,Dry,Daylight
2023-01-25T11:00:00.000,I 75,I 75 and Barneyville Rd,,Not a Collision with Motor Vehicle,1,Rain,Wet,Daylight
2023-01-29T22:50:00.000,I 75,I 75 and Barneyville Rd,,Not a Collision with Motor Vehicle,1,Rain,Wet,Dark-Not Lighted
2023-07-22T00:58:00.000,I 75,I 75 and Barneyville Rd,,Not a Collision with Motor Vehicle,1,Severe Thunderstorm or Tornadic,Wet,Dark-Not Lighted
2020-10-27T20:00:00.000,I 75,I 75 and Barneyville Rd,,Not a Collision with Motor Vehicle,1,Rain,Wet,Dark-Not Lighted
2020-02-25T01:48:00.000,I 75,I 75 and Barneyville Rd,,Not a Collision with Motor Vehicle,1,Rain,Wet,Dark-Not Lighted
2020-10-18T11:09:00.000,I 75,I 75 and Barneyville Rd,,Sideswipe-Same Direction,2,Clear,Dry,Daylight
2020-08-24T18:25:00.000,I 75,I 75 and Barneyville Rd,,Sideswipe-Same Direction,2,Rain,Wet,Daylight
2020-12-24T12:08:00.000,I 75,I 75 and Barneyville Rd,,Not a Collision with Motor Vehicle,1,Rain,Wet,Daylight
2020-08-10T16:18:00.000,I 75,I 75 and Barneyville Rd,,Not a Collision with Motor Vehicle,1,Rain,Wet,Daylight
2020-09-06T10:05:00.000,I 75,I 75 and Barneyville Rd,,Not a Collision with Motor Vehicle,1,Clear,Dry,Daylight
2020-11-01T07:11:00.000,I 75,I 75 and Barneyville Rd,,Not a Collision with Motor Vehicle,1,Cloudy,Dry,Daylight
2020-12-10T07:15:00.000,I 75,I 75 and Barneyville Rd,,Rear End,2,Clear,Dry,Daylight
2020-11-28T05:44:00.000,I 75,I 75 and Barneyville Rd,,Not a Collision with Motor Vehicle,1,Rain,Wet,Dark-Not Lighted
2020-11-27T05:38:00.000,I 75,I 75 and Barneyville Rd,,Not a Collision with Motor Vehicle,1,Clear,Dry,Dark-Not Lighted
2020-03-01T05:40:00.000,I 75,I 75 and Barneyville Rd,,Not a Collision with Motor Vehicle,1,Clear,Dry,Dark-Not Lighted
2020-09-16T17:38:00.000,I 75,I 75 and Barneyville Rd,,Not a Collision with Motor Vehicle,1,Rain,Wet,Daylight
2020-02-16T14:50:00.000,I 75,I 75 and Barneyville Rd,,Not a Collision with Motor Vehicle,1,Rain,Wet,Daylight
2020-02-25T03:55:00.000,I 75,I 75 and Barneyville Rd,,Not a Collision with Motor Vehicle,1,Rain,Wet,Dark-Not Lighted
2020-07-28T15:20:00.000,I 75,I 75 and Barneyville Rd,,Not a Collision with Motor Vehicle,1,Rain,Wet,Daylight
2020-07-30T15:29:00.000,I 75,I 75 and Barneyville Rd,,Not a Collision with Motor Vehicle,1,Rain,Wet,Daylight
2020-08-24T23:30:00.000,I 75,I 75 and Barneyville Rd,,Sideswipe-Same Direction,1,Clear,Dry,Dark-Not Lighted
2020-11-07T07:05:00.000,I 75,I 75 and Barneyville Rd,,Not a Collision with Motor Vehicle,1,Rain,Wet,Daylight
2020-07-06T08:30:00.000,I 75,I 75 and Barneyville Rd,,Not a Collision with Motor Vehicle,1,Rain,Wet,Daylight
2020-09-11T16:34:00.000,I 75,I 75 and Barneyville Rd,,Not a Collision with Motor Vehicle,1,Rain,Wet,Daylight
2020-10-29T10:35:00.000,I 75,I 75 and Barneyville Rd,,Angle Crash,2,Rain,Wet,Daylight
2020-12-24T15:30:00.000,I 75,I 75 and Barneyville Rd,,Not a Collision with Motor Vehicle,1,Rain,Wet,Daylight
2020-10-05T13:40:00.000,I 75,I 75 and Barneyville Rd,,Not a Collision with Motor Vehicle,1,Clear,Dry,Daylight
2020-06-22T20:45:00.000,I 75,I 75 and Barneyville Rd,,Not a Collision with Motor Vehicle,1,Rain,Wet,Dark-Not Lighted
2020-04-23T14:17:00.000,I 75,I 75 and Barneyville Rd,,Not a Collision with Motor Vehicle,1,Rain,Wet,Daylight
2020-11-01T12:31:00.000,I 75,I 75 and Barneyville Rd,,Sideswipe-Same Direction,2,Clear,Dry,Daylight
2020-03-19T19:29:00.000,I 75,I 75 and Barneyville Rd,,Not a Collision with Motor Vehicle,2,Clear,Dry,Daylight
2020-06-23T16:50:00.000,I 75,I 75 and Barneyville Rd,,Not a Collision with Motor Vehicle,1,Rain,Wet,Daylight
2020-02-08T04:29:00.000,I 75,I 75 and Barneyville Rd,,Not a Collision with Motor Vehicle,1,Clear,Dry,Dark-Not Lighted
2020-02-05T07:14:00.000,I 75,I 75 and Barneyville Rd,,Not a Collision with Motor Vehicle,1,Clear,Dry,Daylight
2021-02-13T02:32:00.000,I 75,I 75 and Barneyville Rd,,Not a Collision with Motor Vehicle,1,Rain,Wet,Dark-Not Lighted
2021-04-24T12:55:00.000,I 75,I 75 and Barneyville Rd,,Not a Collision with Motor Vehicle,1,Rain,Wet,Daylight
2021-01-02T20:22:00.000,I 75,I 75 and Barneyville Rd,,Angle Crash,2,Rain,Wet,Dark-Not Lighted
2021-03-02T16:53:00.000,I 75,I 75 and Barneyville Rd,,Not a Collision with Motor Vehicle,1,Rain,Wet,Daylight
2021-02-12T14:43:00.000,I 75,I 75 and Barneyville Rd,,Not a Collision with Motor Vehicle,1,Clear,Dry,Daylight
2021-01-01T18:50:00.000,I 75,I 75 and Barneyville Rd,,Not a Collision with Motor Vehicle,1,Rain,Wet,Dark-Not Lighted
2021-06-06T16:17:00.000,I 75,I 75 and Barneyville Rd,,Not a Collision with Motor Vehicle,1,Rain,Wet,Daylight
2021-02-14T00:30:00.000,I 75,I 75 and Barneyville Rd,,Not a Collision with Motor Vehicle,1,Rain,Wet,Dark-Not Lighted
2021-04-09T11:27:00.000,I 75,I 75 and Barneyville Rd,,Sideswipe-Same Direction,2,Rain,Wet,Daylight
2021-09-02T16:07:00.000,I 75,I 75 and Barneyville Rd,,Not a Collision with Motor Vehicle,1,Rain,Wet,Daylight
2021-09-19T19:25:00.000,I 75,I 75 and Barneyville Rd,,Not a Collision with Motor Vehicle,1,Rain,Wet,Dark-Not Lighted
2021-07-08T21:23:00.000,I 75,I 75 and Barneyville Rd,,Angle Crash,3,Rain,Wet,Dark-Not Lighted
2021-07-22T15:29:00.000,I 75,I 75 and Barneyville Rd,,Not a Collision with Motor Vehicle,1,Cloudy,Wet,Daylight
2021-08-07T14:40:00.000,I 75,I 75 and Barneyville Rd,,Not a Collision with Motor Vehicle,1,Rain,Wet,Daylight
2021-11-27T19:24:00.000,I 75,I 75 and Barneyville Rd,,Rear End,2,Clear,Dry,Dark-Not Lighted
2021-08-02T14:31:00.000,I 75,I 75 and Barneyville Rd,,Not a Collision with Motor Vehicle,1,Rain,Wet,Daylight
2021-08-07T16:50:00.000,I 75,I 75 and Barneyville Rd,,Head On,1,Rain,Wet,Daylight
2021-08-02T21:50:00.000,I 75,I 75 and Barneyville Rd,,Not a Collision with Motor Vehicle,1,Rain,Wet,Dark-Not Lighted
2022-02-15T11:05:00.000,I 75,I 75 and Barneyville Rd,,Rear End,2,Clear,Dry,Daylight
2022-05-21T20:39:00.000,I 75,I 75 and Barneyville Rd,,Not a Collision with Motor Vehicle,1,Rain,Wet,Dark-Not Lighted
2022-08-11T12:40:00.000,I 75,I 75 and Barneyville Rd,,Not a Collision with Motor Vehicle,1,Clear,Wet,Daylight
2022-08-19T21:30:00.000,I 75,I 75 and Barneyville Rd,,Angle Crash,2,Rain,Wet,Dark-Not Lighted
2022-01-23T09:01:00.000,I 75,I 75 and Barneyville Rd,,Sideswipe-Same Direction,2,Clear,Dry,Daylight
2022-08-15T21:45:00.000,I 75,I 75 and Barneyville Rd,,Not a Collision with Motor Vehicle,1,Clear,Dry,Dark-Not Lighted
2021-12-19T05:16:00.000,I 75,I 75 and Barneyville Rd,,Not a Collision with Motor Vehicle,1,Rain,Wet,Dark-Lighted
2021-09-08T12:34:00.000,I 75,I 75 and Barneyville Rd,,Not a Collision with Motor Vehicle,1,Rain,Wet,Daylight
2022-02-04T10:20:00.000,I 75,I 75 and Barneyville Rd,,Not a Collision with Motor Vehicle,1,Rain,Wet,Daylight
2022-07-20T00:10:00.000,I 75,I 75 and Barneyville Rd,,Rear End,2,Clear,Dry,Dark-Not Lighted
2022-01-16T04:11:00.000,I 75,I 75 and Barneyville Rd,,Not a Collision with Motor Vehicle,1,Rain,Wet,Dark-Not Lighted
2022-10-18T04:49:00.000,I 75,I 75 and Barneyville Rd,,Not a Collision with Motor Vehicle,1,Clear,Dry,Dark-Not Lighted
2022-08-23T08:23:00.000,I 75,I 75 and Barneyville Rd,,Not a Collision with Motor Vehicle,1,Clear,Dry,Daylight
2022-07-02T10:49:00.000,I 75,I 75 and Barneyville Rd,,Rear End,2,Cloudy,Dry,Daylight
2022-11-26T20:55:00.000,I 75,I 75 and Barneyville Rd,,Sideswipe-Same Direction,2,Clear,Dry,Dark-Not Lighted
2022-09-04T15:38:00.000,I 75,I 75 and Barneyville Rd,,Not a Collision with Motor Vehicle,1,Rain,Wet,Daylight
2022-11-29T19:20:00.000,I 75,I 75 and Barneyville Rd,,Not a Collision with Motor Vehicle,1,Clear,Dry,Dark-Not Lighted
2022-06-29T16:08:00.000,I 75,I 75 and Barneyville Rd,,Not a Collision with Motor Vehicle,1,Rain,Wet,Daylight
2022-03-28T06:36:00.000,I 75,I 75 and Barneyville Rd,,Sideswipe-Same Direction,2,Clear,Dry,Dark-Not Lighted
2022-03-18T18:01:00.000,I 75,I 75 and Barneyville Rd,,Not a Collision with Motor Vehicle,1,Rain,Wet,Daylight
2022-07-11T18:30:00.000,I 75,I 75 and Barneyville Rd,,Not a Collision with Motor Vehicle,1,Rain,Wet,Daylight