Date and Time,Roadway (From Crash Report),Intersection Name (from Crash Report),KABCO Severity,Manner of Collision (Crash Level) ,# of Vehicles per crash ,Weather Conditions (Crash Level),Surface Condition (Crash Level) ,Light Conditions (Crash Level)
2022-01-02T22:35:00.000,I 75,I 75 and Barneyville Rd,,Not a Collision with Motor Vehicle,1,Rain,Wet,Dark-Not Lighted
2022-03-19T08:46:00.000,I 75,I 75 and Barneyville Rd,,Not a Collision with Motor Vehicle,1,Rain,Wet,Daylight
2022-08-19T20:16:00.000,I 75,I 75 and Barneyville Rd,,Not a Collision with Motor Vehicle,1,Rain,Wet,Dark-Not Lighted
2022-07-09T03:09:00.000,I 75,I 75 and Barneyville Rd,,Not a Collision with Motor Vehicle,1,Rain,Dry,Daylight
2022-10-18T08:31:00.000,I 75,I 75 and Barneyville Rd,,Rear End,2,Clear,Dry,Daylight
2022-09-01T14:45:00.000,I 75,I 75 and Barneyville Rd,,Sideswipe-Same Direction,3,Clear,Dry,Daylight
2022-11-04T05:30:00.000,I 75,I 75 and Barneyville Rd,,Sideswipe-Same Direction,2,Clear,Dry,Dark-Not Lighted
2022-07-04T14:55:00.000,I 75,I 75 and Barneyville Rd,,Rear End,2,Clear,Dry,Daylight
2022-05-21T20:53:00.000,I 75,I 75 and Barneyville Rd,,Angle Crash,2,Rain,Wet,Dusk
2022-07-17T22:30:00.000,I 75,I 75 and Barneyville Rd,,Not a Collision with Motor Vehicle,1,Rain,Wet,Dark-Not Lighted
2022-12-15T06:35:00.000,I 75,I 75 and Barneyville Rd,,Sideswipe-Same Direction,2,Rain,Wet,Dark-Not Lighted
2022-12-15T06:35:00.000,I 75,I 75 and Barneyville Rd,,Not a Collision with Motor Vehicle,1,Rain,Wet,Dark-Not Lighted
2022-02-18T06:32:00.000,I 75,I 75 and Barneyville Rd,,Not a Collision with Motor Vehicle,1,Rain,Wet,Dark-Not Lighted
2022-07-15T20:54:00.000,I 75,I 75 and Barneyville Rd,,Not a Collision with Motor Vehicle,1,Rain,Wet,Dark-Not Lighted
2022-12-15T07:34:00.000,I 75,I 75 and Barneyville Rd,,Not a Collision with Motor Vehicle,1,Rain,Wet,Daylight
2022-08-12T18:05:00.000,I 75,I 75 and Barneyville Rd,,Not a Collision with Motor Vehicle,1,Rain,Wet,Daylight
2022-08-11T08:50:00.000,I 75,I 75 and Barneyville Rd,,Sideswipe-Same Direction,2,Cloudy,Dry,Daylight
2023-01-08T13:15:00.000,I 75,I 75 and Barneyville Rd,,Rear End,2,Cloudy,Dry,Daylight
2024-11-06T21:45:00.000,I 75,I 75 and Barneyville Rd,,Not a Collision with Motor Vehicle,1,Severe Thunderstorm or Tornadic,Wet,Dark-Not Lighted
2024-05-10T07:27:00.000,I 75,I 75 and Barneyville Rd,,Not a Collision with Motor Vehicle,1,Rain,Wet,Daylight
2024-09-08T12:39:00.000,I 75,I 75 and Barneyville Rd,,Not a Collision with Motor Vehicle,1,Rain,Wet,Daylight
2024-05-13T17:33:00.000,I 75,I 75 and Barneyville Rd,,(None),1,(None),(None),(None)
2024-06-30T18:39:00.000,I 75,I 75 and Barneyville Rd,,Rear End,2,Rain,Wet,Daylight
2024-04-11T02:00:00.000,I 75,I 75 and Barneyville Rd,,Not a Collision with Motor Vehicle,1,Severe Thunderstorm or Tornadic,Wet,Dark-Not Lighted
2024-01-19T16:51:00.000,I 75,I 75 and Barneyville Rd,,Angle Crash,2,Clear,Dry,Daylight
2024-05-14T06:50:00.000,I 75,I 75 and Barneyville Rd,,Angle Crash,1,Rain,Wet,Dawn
2023-08-16T15:10:00.000,I 75,I 75 and Barneyville Rd,,Not a Collision with Motor Vehicle,1,Rain,Wet,Daylight
2023-05-22T18:56:00.000,I 75,I 75 and Barneyville Rd,,Not a Collision with Motor Vehicle,1,Rain,Wet,Daylight
2023-02-10T17:05:00.000,I 75,I 75 and Barneyville Rd,,Rear End,3,Rain,Wet,Daylight
2023-10-12T06:30:00.000,I 75,I 75 and Barneyville Rd,,Not a Collision with Motor Vehicle,1,Rain,Wet,Dark-Not Lighted
2023-12-10T12:30:00.000,I 75,I 75 and Barneyville Rd,,Not a Collision with Motor Vehicle,1,Rain,Wet,Daylight
2023-04-27T06:55:00.000,I 75,I 75 and Barneyville Rd,,Sideswipe-Same Direction,2,Cloudy,Dry,Daylight
2023-07-16T13:56:00.000,I 75,I 75 and Barneyville Rd,,Rear End,3,Cloudy,Dry,Daylight
2023-08-12T00:06:00.000,I 75,I 75 and Barneyville Rd,,Not a Collision with Motor Vehicle,1,Clear,Dry,Dark-Not Lighted
2023-10-12T06:02:00.000,I 75,I 75 and Barneyville Rd,,Not a Collision with Motor Vehicle,1,Rain,Wet,Dark-Not Lighted
2023-05-12T18:39:00.000,I 75,I 75 and Barneyville Rd,,Not a Collision with Motor Vehicle,1,Rain,Wet,Daylight
2023-10-09T19:40:00.000,I 75,I 75 and Barneyville Rd,,Sideswipe-Same Direction,3,Clear,Dry,Dark-Not Lighted
2023-09-12T17:15:00.000,I 75,I 75 and Barneyville Rd,,Not a Collision with Motor Vehicle,1,Rain,Wet,Daylight
2023-02-10T19:50:00.000,I 75,I 75 and Barneyville Rd,,Not a Collision with Motor Vehicle,1,Rain,Wet,Dark-Not Lighted
2023-05-12T18:28:00.000,I 75,I 75 and Barneyville Rd,,Not a Collision with Motor Vehicle,1,Rain,Wet,Daylight
2024-03-01T22:35:00.000,I 75,I 75 and Barneyville Rd,,Not a Collision with Motor Vehicle,1,Rain,Wet,Dark-Not Lighted
2024-12-10T08:33:00.000,I 75,I 75 and Barneyville Rd,,Sideswipe-Same Direction,2,Clear,Dry,Daylight
2024-09-25T06:26:00.000,I 75,I 75 and Barneyville Rd,,Not a Collision with Motor Vehicle,1,Rain,Wet,Dark-Not Lighted
2024-09-06T18:50:00.000,I 75,I 75 and Barneyville Rd,,Not a Collision with Motor Vehicle,1,Rain,Wet,Daylight
2024-02-12T11:45:00.000,I 75,I 75 and Barneyville Rd,,Sideswipe-Same Direction,2,Rain,Wet,Daylight
2024-08-04T19:08:00.000,I 75,I 75 and Barneyville Rd,,Angle Crash,1,Rain,Wet,Daylight
2024-05-14T06:40:00.000,I 75,I 75 and Barneyville Rd,,Not a Collision with Motor Vehicle,1,Severe Thunderstorm or Tornadic,Wet,Dark-Not Lighted
2024-05-18T11:39:00.000,I 75,I 75 and Barneyville Rd,,Not a Collision with Motor Vehicle,1,Rain,Wet,Daylight
2024-09-06T20:10:00.000,I 75,I 75 and Barneyville Rd,,Not a Collision with Motor Vehicle,1,Rain,Wet,Dark-Not Lighted
2024-11-06T17:30:00.000,I 75,I 75 and Barneyville Rd,,Angle Crash,2,Rain,Wet,Dark-Not Lighted
2024-03-09T10:40:00.000,I 75,I 75 and Barneyville Rd,,Not a Collision with Motor Vehicle,1,Rain,Wet,Daylight
2024-06-30T21:59:00.000,I 75,I 75 and Barneyville Rd,,Not a Collision with Motor Vehicle,1,Rain,Wet,Dark-Not Lighted
2024-04-11T01:00:00.000,I 75,I 75 and Barneyville Rd,,Not a Collision with Motor Vehicle,1,Severe Thunderstorm or Tornadic,Wet,Dark-Not Lighted
2024-09-06T18:42:00.000,I 75,I 75 and Barneyville Rd,,Not a Collision with Motor Vehicle,1,Rain,Wet,Daylight
2024-08-04T19:13:00.000,I 75,I 75 and Barneyville Rd,,Not a Collision with Motor Vehicle,1,Severe Thunderstorm or Tornadic,Wet,Daylight
2024-11-19T20:57:00.000,I 75,I 75 and Barneyville Rd,,Not a Collision with Motor Vehicle,1,Rain,Wet,Dark-Not Lighted
2024-09-07T10:25:00.000,I 75,I 75 and Barneyville Rd,,Not a Collision with Motor Vehicle,1,Rain,Wet,Daylight
2024-08-26T15:37:00.000,I 75,I 75 and Barneyville On Rp,,Angle Crash,1,Rain,Wet,Daylight
2023-12-02T15:00:00.000,I 75,I 75 and Barneyville,,Not a Collision with Motor Vehicle,1,Rain,Wet,Daylight
2020-03-12T14:17:00.000,I 75,I 75 and Barneyville,,Sideswipe-Same Direction,2,Clear,Dry,Daylight
2021-07-09T14:11:00.000,I 75,I 75 and Barneville Rd,,Sideswipe-Opposite Direction,2,Clear,Dry,Daylight
2020-02-06T17:44:00.000,I 75,I 75 and Barneville Rd,,Not a Collision with Motor Vehicle,1,Clear,Wet,Daylight
2024-08-25T15:45:00.000,I 75,I 75 and Barnesville - Jackson Rd,,Rear End,2,Clear,Dry,Daylight
2021-01-02T21:05:00.000,I 75,I 75 and Barneryville Rd,,Not a Collision with Motor Vehicle,2,Rain,Wet,Dark-Not Lighted
2020-05-25T07:53:00.000,I 75,I 75 and Barnard Dr,,Not a Collision with Motor Vehicle,1,Clear,Dry,Daylight
2020-05-22T12:29:00.000,I 75,I 75 and Banberry Rd,,Rear End,3,Clear,Dry,Daylight
2020-09-14T16:48:00.000,I 75,I 75 and Banberry Rd,,Rear End,2,Clear,Dry,Daylight
2022-11-11T14:05:00.000,I 75,I 75 and Banberry Rd,,Rear End,2,Rain,Wet,Daylight
2022-11-11T13:08:00.000,I 75,I 75 and Banberry Rd,,Not a Collision with Motor Vehicle,1,Rain,Wet,Daylight
2022-11-03T16:15:00.000,I 75,I 75 and Banberry Rd,,Sideswipe-Same Direction,2,Clear,Dry,Daylight
2023-09-12T13:26:00.000,I 75,I 75 and Baker St Opas,,Sideswipe-Same Direction,2,Clear,Dry,Daylight
2022-11-28T16:38:00.000,I 75,I 75 and Baker St Opas,,Rear End,2,Clear,Dry,Daylight
2023-10-24T08:24:00.000,I 75,I 75 and Baker St Opas,,Rear End,2,Clear,Dry,Daylight
2021-10-22T06:30:00.000,I 75,I 75 and Baker St,,Rear End,2,Clear,Dry,Dark-Lighted
2021-06-24T16:00:00.000,I 75,I 75 and Baker St,,Rear End,2,Clear,Dry,Daylight
2021-12-06T16:00:00.000,I 75,I 75 and Baker St,,Rear End,2,Rain,Wet,Daylight
2021-07-16T06:55:00.000,I 75,I 75 and Baker St,,Rear End,2,Cloudy,Dry,Daylight
2021-07-16T06:54:00.000,I 75,I 75 and Baker St,,Rear End,2,Cloudy,Dry,Daylight
2023-01-27T12:55:00.000,I 75,I 75 and Baker St,,Sideswipe-Same Direction,2,Clear,Dry,Daylight
2022-06-06T17:50:00.000,I 75,I 75 and Baker St,,Sideswipe-Same Direction,3,Clear,Dry,Daylight
2022-01-04T07:00:00.000,I 75,I 75 and Baker St,,Sideswipe-Same Direction,2,Clear,Dry,Dawn
2022-02-08T14:00:00.000,I 75,I 75 and Baker St,,Rear End,2,Clear,Dry,Daylight
2021-07-20T18:45:00.000,I 75,I 75 and Baker St,,Rear End,2,Clear,Dry,Daylight
2022-01-31T16:40:00.000,I 75,I 75 and Baker St,,Rear End,2,Clear,Dry,Daylight
2022-07-21T09:22:00.000,I 75,I 75 and Baker St,,Rear End,2,Rain,Wet,Daylight
2022-01-24T11:50:00.000,I 75,I 75 and Baker St,,Rear End,3,Clear,Dry,Daylight
2022-08-22T13:05:00.000,I 75,I 75 and Baker St,,Rear End,2,Cloudy,Dry,Daylight
2023-01-29T18:20:00.000,I 75,I 75 and Baker St,,Rear End,3,Rain,Wet,Dark-Lighted
2023-01-29T18:20:00.000,I 75,I 75 and Baker St,,Rear End,2,Rain,Wet,Dark-Lighted
2024-01-11T07:10:00.000,I 75,I 75 and Baker St,,Rear End,2,Cloudy,Dry,Daylight
2024-11-07T09:17:00.000,I 75,I 75 and Baker St,,Sideswipe-Same Direction,2,Cloudy,Dry,Daylight
2024-09-07T09:00:00.000,I 75,I 75 and Baerneyville Rd,,Not a Collision with Motor Vehicle,1,Rain,Wet,Daylight
2022-11-18T18:03:00.000,I 75,I 75 and Auther B. Langford Jr Pkwy,,Rear End,2,Clear,Dry,Daylight
2023-03-13T08:14:00.000,I 75,I 75 and Auburn Ave Opas,,Rear End,2,Clear,Dry,Daylight
2021-12-17T14:25:00.000,I 75,I 75 and Auburn Ave,,Rear End,2,Cloudy,Dry,Daylight
2021-12-20T19:12:00.000,I 75,I 75 and Auburn Ave,,Rear End,2,Cloudy,Dry,Dark-Lighted
2021-11-08T19:25:00.000,I 75,I 75 and Auburn Ave,,Rear End,3,Clear,Dry,Dark-Lighted
2023-09-29T18:25:00.000,I 75,I 75 and Auburn Ave,,Angle Crash,2,Clear,Dry,Daylight
2023-04-04T18:40:00.000,I 75,I 75 and Auburn Ave,,Sideswipe-Same Direction,2,Clear,Dry,Daylight
2020-07-30T17:00:00.000,I 75,I 75 and Auburn Ave,,Sideswipe-Same Direction,2,Clear,Dry,Daylight
2021-09-30T15:30:00.000,I 75,I 75 and Auburn Ave,,Sideswipe-Same Direction,2,Cloudy,Dry,Daylight
2022-03-08T18:00:00.000,I 75,I 75 and Auburn Ave,,Sideswipe-Same Direction,2,Rain,Wet,Dark-Lighted
2022-03-25T14:21:00.000,I 75,I 75 and Auburn Ave,,Rear End,2,Clear,Dry,Daylight
2022-11-18T19:05:00.000,I 75,I 75 and Auburn Ave,,Sideswipe-Same Direction,2,Clear,Dry,Dark-Lighted
2022-03-18T07:26:00.000,I 75,I 75 and Auburn Ave,,Rear End,2,Cloudy,Dry,Daylight
2022-12-30T17:30:00.000,I 75,I 75 and Auburn Ave,,Rear End,2,Cloudy,Dry,Daylight
2021-10-29T12:40:00.000,I 75,I 75 and Auburn Ave,,Sideswipe-Same Direction,2,Cloudy,Dry,Daylight
2022-05-26T18:17:00.000,I 75,I 75 and Auburn Ave,,Rear End,2,Clear,Dry,Daylight
2022-11-15T18:15:00.000,I 75,I 75 and Auburn Ave,,Rear End,2,Cloudy,Wet,Dark-Lighted
2024-12-27T08:38:00.000,I 75,I 75 and Auburn Ave,,Rear End,2,Cloudy,Dry,Daylight
2024-10-03T06:50:00.000,I 75,I 75 and Auburn Ave,,Rear End,2,Clear,Dry,Daylight
2023-06-16T15:53:00.000,I 75,I 75 and Auburn Ave,,Rear End,2,Clear,Dry,Daylight
2023-08-03T17:00:00.000,I 75,I 75 and Auburn Ave,,Rear End,3,Rain,Wet,Daylight
2023-06-15T12:25:00.000,I 75,I 75 and Auburn Ave,,Rear End,2,Clear,Dry,Daylight
2024-11-28T12:51:00.000,I 75,I 75 and Auburn Ave,,Sideswipe-Same Direction,2,Clear,Dry,Daylight
2024-04-11T15:30:00.000,I 75,I 75 and Auburn Ave,,Rear End,2,Cloudy,Wet,Daylight
2024-01-20T18:50:00.000,I 75,I 75 and Auburn Ave,,Rear End,2,Clear,Dry,Dark-Lighted
2024-09-23T07:39:00.000,I 75,I 75 and Atlantic Sta,,Rear End,2,Clear,Dry,Daylight
2023-01-06T13:12:00.000,I 75,I 75 and At N Marietta Pkwy,,Rear End,2,Clear,Dry,Daylight
2023-03-16T13:16:00.000,I 75,I 75 and At N Marietta Pkwy,,Rear End,2,Clear,Dry,Daylight
2023-01-06T13:12:00.000,I 75,I 75 and At N Marietta Pkwy,,Rear End,2,Clear,Dry,Daylight
2022-11-28T14:25:00.000,I 75,I 75 and At N Marietta Pkwy,,Rear End,2,Clear,Dry,Daylight
2022-11-18T17:27:00.000,I 75,I 75 and At Mt Paran,,Rear End,2,Cloudy,Dry,Dark-Lighted
2022-09-19T07:08:00.000,I 75,I 75 and At Delk Rd,,Sideswipe-Same Direction,2,Cloudy,Dry,Daylight
2022-08-12T15:18:00.000,I 75,I 75 and At Cumberland Blvd.,,Rear End,2,Clear,Dry,Daylight
2022-08-12T15:13:00.000,I 75,I 75 and At Cumberland Blvd.,,Rear End,2,Clear,Dry,Daylight
2022-10-11T15:53:00.000,I 75,I 75 and At Canton Rd,,Rear End,2,Cloudy,Dry,Daylight
2022-12-01T16:30:00.000,I 75,I 75 and At Akers Mill Rd,,Sideswipe-Same Direction,2,Cloudy,Dry,Daylight
2023-08-11T06:53:00.000,I 75,I 75 and Arthur Langford Pkwy   Sr166,,Not a Collision with Motor Vehicle,1,Rain,Wet,Dawn
2020-08-05T12:50:00.000,I 75,I 75 and Arthur Langford Pkwy,,Sideswipe-Same Direction,2,Clear,Dry,Daylight
2020-10-10T03:34:00.000,I 75,I 75 and Arthur Langford Pkwy,,Rear End,2,Rain,Wet,Dark-Lighted
2021-10-14T02:33:00.000,I 75,I 75 and Arthur Langford Pkwy,,Not a Collision with Motor Vehicle,1,Clear,Dry,Dark-Lighted
2024-10-09T09:30:00.000,I 75,I 75 and Arthur Langford Pkwy,,Rear End,2,Clear,Dry,Daylight
2020-06-13T16:20:00.000,I 75,I 75 and Arthur Langford 166 Pkwy,,Sideswipe-Same Direction,2,Clear,Dry,Daylight
2022-03-12T23:13:00.000,I 75,I 75 and Arkwright Road Entrance Rp,,Not a Collision with Motor Vehicle,1,Clear,Dry,Dark-Lighted
2022-07-01T23:32:00.000,I 75,I 75 and Arkwright Rd.,,Not a Collision with Motor Vehicle,1,Clear,Dry,Dark-Lighted
2022-03-31T07:00:00.000,I 75,I 75 and Arkwright Rd Exit 169,,Rear End,2,Clear,Dry,Daylight
2022-07-16T14:12:00.000,I 75,I 75 and Arkwright Rd Entrance Rp,,Not a Collision with Motor Vehicle,2,Clear,Dry,Daylight
2021-01-19T07:53:00.000,I 75,I 75 and Arkwright Rd,,Rear End,2,Clear,Dry,Daylight
2021-04-13T06:31:00.000,I 75,I 75 and Arkwright Rd,,Sideswipe-Same Direction,2,Clear,Dry,Daylight
2021-06-02T23:33:00.000,I 75,I 75 and Arkwright Rd,,Not a Collision with Motor Vehicle,1,Clear,Dry,Dark-Lighted
2020-12-31T09:44:00.000,I 75,I 75 and Arkwright Rd,,Angle Crash,2,Rain,Wet,Daylight
2020-10-15T10:22:00.000,I 75,I 75 and Arkwright Rd,,Not a Collision with Motor Vehicle,2,Clear,Dry,Daylight
2020-11-19T13:50:00.000,I 75,I 75 and Arkwright Rd,,Angle Crash,2,Clear,Dry,Daylight
2020-11-19T11:57:00.000,I 75,I 75 and Arkwright Rd,,Sideswipe-Same Direction,2,Clear,Dry,Daylight
2020-12-24T14:22:00.000,I 75,I 75 and Arkwright Rd,,Not a Collision with Motor Vehicle,1,Rain,Wet,Daylight
2020-07-13T10:02:00.000,I 75,I 75 and Arkwright Rd,,Rear End,2,Clear,Dry,Daylight
2020-07-27T15:57:00.000,I 75,I 75 and Arkwright Rd,,Not a Collision with Motor Vehicle,1,Clear,Dry,Daylight
2020-09-08T16:57:00.000,I 75,I 75 and Arkwright Rd,,Rear End,2,Clear,Dry,Daylight
2020-03-20T17:36:00.000,I 75,I 75 and Arkwright Rd,,Sideswipe-Same Direction,2,Cloudy,Dry,Daylight
2021-01-13T16:36:00.000,I 75,I 75 and Arkwright Rd,,Rear End,2,Cloudy,Dry,Daylight
2021-05-28T14:15:00.000,I 75,I 75 and Arkwright Rd,,Rear End,3,Clear,Dry,Daylight
2021-12-17T10:48:00.000,I 75,I 75 and Arkwright Rd,,Sideswipe-Same Direction,2,Cloudy,Dry,Daylight
2021-08-24T07:55:00.000,I 75,I 75 and Arkwright Rd,,Not a Collision with Motor Vehicle,3,Clear,Dry,Daylight
2021-11-30T05:59:00.000,I 75,I 75 and Arkwright Rd,,Not a Collision with Motor Vehicle,2,Clear,Dry,Daylight
2022-12-26T13:11:00.000,I 75,I 75 and Arkwright Rd,,Rear End,2,Clear,Dry,Daylight
2022-12-16T13:32:00.000,I 75,I 75 and Arkwright Rd,,Not a Collision with Motor Vehicle,2,Clear,Dry,Daylight
2022-07-28T14:37:00.000,I 75,I 75 and Arkwright Rd,,Not a Collision with Motor Vehicle,1,Rain,Wet,Daylight
2022-08-04T14:25:00.000,I 75,I 75 and Arkwright Rd,,Sideswipe-Same Direction,2,Cloudy,Dry,Daylight
2022-05-27T14:16:00.000,I 75,I 75 and Arkwright Rd,,Sideswipe-Same Direction,2,Clear,Dry,Daylight
2022-09-08T11:37:00.000,I 75,I 75 and Arkwright Rd,,Sideswipe-Same Direction,2,Clear,Dry,Daylight
2022-11-08T16:02:00.000,I 75,I 75 and Arkwright Rd,,Sideswipe-Same Direction,2,Clear,Dry,Daylight
2024-05-30T15:10:00.000,I 75,I 75 and Arkwright Rd,,Angle Crash,2,Cloudy,Dry,Daylight
2024-12-14T02:57:00.000,I 75,I 75 and Arkwright Rd,,Rear End,2,Clear,Dry,Dark-Not Lighted
2024-07-09T13:20:00.000,I 75,I 75 and Arkwright Rd,,Rear End,2,Clear,Dry,Daylight
2024-12-10T16:55:00.000,I 75,I 75 and Arbor View Pkwy,,Sideswipe-Same Direction,2,Rain,Wet,Daylight
2020-07-18T13:00:00.000,I 75,I 75 and Anthony Rd,,Not a Collision with Motor Vehicle,1,Clear,Dry,Daylight
2022-09-08T00:00:00.000,I 75,I 75 and Anthony Rd,,Sideswipe-Same Direction,2,Clear,Dry,Daylight
2023-02-16T08:39:00.000,I 75,I 75 and Anthony Rd,,Sideswipe-Same Direction,2,Clear,Dry,Daylight
2023-01-21T23:45:00.000,I 75,I 75 and Anthony Rd,,Not a Collision with Motor Vehicle,1,Rain,Wet,Dark-Lighted
2024-10-07T17:14:00.000,I 75,I 75 and Anthony Rd,,Sideswipe-Same Direction,2,Clear,Dry,Daylight
2024-05-14T16:35:00.000,I 75,I 75 and Andrew Young Intl.,,Rear End,2,Cloudy,Dry,Daylight
2023-09-11T11:50:00.000,I 75,I 75 and Andrew Young Intl Blvd,,Sideswipe-Same Direction,2,Clear,Dry,Daylight
2023-10-12T13:50:00.000,I 75,I 75 and Andrew Young Intl Blvd,,Rear End,3,Clear,Dry,Daylight
2023-10-06T07:30:00.000,I 75,I 75 and Andrew Young Intl Blvd,,Rear End,2,Clear,Dry,Daylight
2024-09-26T14:28:00.000,I 75,I 75 and Andrew Young Intl Blvd,,Sideswipe-Same Direction,2,Rain,Wet,Daylight
2020-09-03T15:00:00.000,I 75,I 75 and Andrew Young Intl,,Rear End,2,Clear,Dry,Daylight
2022-03-31T15:17:00.000,I 75,I 75 and Andrew Young Internationl,,Rear End,3,Clear,Dry,Daylight
2021-10-12T09:39:00.000,I 75,I 75 and Andrew Young Internationalblvd,,Sideswipe-Same Direction,3,Cloudy,Dry,Daylight
2023-12-14T11:40:00.000,I 75,I 75 and Andrew Young International Pkw,,Rear End,3,Clear,Dry,Daylight
2022-12-30T19:52:00.000,I 75,I 75 and Andrew Young International Par,,Rear End,2,Cloudy,Dry,Dark-Lighted
2022-12-26T12:40:00.000,I 75,I 75 and Andrew Young International Par,,Rear End,2,Cloudy,Dry,Daylight
2021-12-31T19:20:00.000,I 75,I 75 and Andrew Young International Bou,,Rear End,2,Cloudy,Wet,Dark-Lighted
2023-07-28T10:14:00.000,I 75,I 75 and Andrew Young International Bou,,Sideswipe-Same Direction,2,Clear,Dry,Daylight
2023-06-09T16:39:00.000,I 75,I 75 and Andrew Young International Bou,,Rear End,2,Clear,Dry,Daylight
2023-07-03T14:41:00.000,I 75,I 75 and Andrew Young International Bou,,Sideswipe-Same Direction,2,Cloudy,Dry,Daylight
2022-11-15T06:50:00.000,I 75,I 75 and Andrew Young International Bou,,Rear End,2,Rain,Wet,Daylight
2021-12-20T19:25:00.000,I 75,I 75 and Andrew Young International Bou,,Rear End,3,Cloudy,Dry,Dark-Lighted
2022-02-11T17:17:00.000,I 75,I 75 and Andrew Young International Bou,,Sideswipe-Same Direction,2,Clear,Dry,Daylight
2022-11-15T06:50:00.000,I 75,I 75 and Andrew Young International Bou,,Rear End,2,Rain,Wet,Daylight
2022-09-13T18:13:00.000,I 75,I 75 and Andrew Young International Bou,,Sideswipe-Same Direction,2,Clear,Dry,Daylight
2022-12-06T15:41:00.000,I 75,I 75 and Andrew Young International Bou,,Rear End,2,Cloudy,Dry,Daylight
2022-02-04T16:29:00.000,I 75,I 75 and Andrew Young International Bou,,Rear End,2,Clear,Dry,Daylight
2023-12-08T17:38:00.000,I 75,I 75 and Andrew Young International Blv,,Rear End,2,Clear,Dry,Dark-Not Lighted
2023-01-16T15:35:00.000,I 75,I 75 and Andrew Young International Blv,,Rear End,2,Clear,Dry,Daylight
2022-05-24T18:20:00.000,I 75,I 75 and Andrew Young International Blv,,Sideswipe-Same Direction,2,Clear,Dry,Daylight
2022-06-03T11:55:00.000,I 75,I 75 and Andrew Young International Blv,,Sideswipe-Same Direction,2,Cloudy,Dry,Daylight
2022-09-22T14:08:00.000,I 75,I 75 and Andrew Young International Blv,,Rear End,2,Clear,Dry,Daylight
2022-03-31T10:28:00.000,I 75,I 75 and Andrew Young International Blv,,Rear End,3,Clear,Dry,Daylight
2022-01-11T17:30:00.000,I 75,I 75 and Andrew Young International Blv,,Sideswipe-Same Direction,2,Clear,Dry,Daylight
2024-07-16T19:31:00.000,I 75,I 75 and Andrew Young International Blv,,Rear End,2,Cloudy,Dry,Daylight
2024-09-14T17:10:00.000,I 75,I 75 and Andrew Young International Blv,,Rear End,2,Rain,Wet,Daylight
2023-12-02T17:14:00.000,I 75,I 75 and Andrew Young International Blv,,Rear End,3,Cloudy,Dry,Daylight
2024-06-24T10:57:00.000,I 75,I 75 and Andrew Young International Blv,,Rear End,2,Cloudy,Dry,Daylight
2024-09-19T14:24:00.000,I 75,I 75 and Andrew Young International Blv,,Rear End,2,Cloudy,Dry,Daylight
2024-07-18T19:23:00.000,I 75,I 75 and Andrew Young International Blv,,Sideswipe-Same Direction,2,Cloudy,Wet,Daylight
2024-07-30T15:22:00.000,I 75,I 75 and Andrew Young International Blv,,Rear End,4,Clear,Dry,Daylight
2024-03-18T08:05:00.000,I 75,I 75 and Andrew Young International Blv,,Rear End,2,Clear,Dry,Daylight
2024-08-13T07:15:00.000,I 75,I 75 and Andrew Young International B,,Sideswipe-Same Direction,2,Clear,Dry,Daylight
2021-10-01T17:11:00.000,I 75,I 75 and Andrew Young International,,Rear End,2,Clear,Dry,Daylight
2021-12-02T19:42:00.000,I 75,I 75 and Andrew Young International,,Rear End,3,Clear,Dry,Dark-Lighted
2022-05-03T14:13:00.000,I 75,I 75 and Andrew Young International,,Rear End,2,Clear,Dry,Daylight
2022-09-29T17:59:00.000,I 75,I 75 and Andrew Young International,,Head On,2,Clear,Dry,Daylight
2024-02-01T09:20:00.000,I 75,I 75 and Andrew Young International,,Sideswipe-Same Direction,2,Clear,Dry,Daylight
2023-12-01T13:45:00.000,I 75,I 75 and Andrew Young International,,Sideswipe-Same Direction,2,Clear,Dry,Daylight
2024-03-25T11:30:00.000,I 75,I 75 and Andrew Young International,,Rear End,2,Clear,Dry,Daylight
2024-05-10T15:50:00.000,I 75,I 75 and Andrew Young International,,Sideswipe-Same Direction,2,Clear,Dry,Daylight