Date and Time,Roadway (From Crash Report),Intersection Name (from Crash Report),KABCO Severity,Manner of Collision (Crash Level) ,# of Vehicles per crash ,Weather Conditions (Crash Level),Surface Condition (Crash Level) ,Light Conditions (Crash Level)
2024-01-11T14:00:00.000,I 75,I 75 and Andrew Young International,,Rear End,2,Clear,Dry,Daylight
2024-04-04T11:30:00.000,I 75,I 75 and Andrew Young Internatinal Blvd,,Sideswipe-Same Direction,2,Clear,Dry,Daylight
2021-11-15T16:00:00.000,I 75,I 75 and Andrew Young Int. Blvd,,Rear End,2,Clear,Dry,Daylight
2024-10-10T13:41:00.000,I 75,I 75 and Andrew Young Int Blvd,,Sideswipe-Same Direction,2,Clear,Dry,Daylight
2024-10-01T12:40:00.000,I 75,I 75 and Andrew Young Int Blvd,,Sideswipe-Same Direction,2,Cloudy,Dry,Daylight
2024-09-23T16:56:00.000,I 75,I 75 and Andrew Young Int Blvd,,Rear End,2,Clear,Dry,Daylight
2024-10-16T12:00:00.000,I 75,I 75 and Andrew Young Int Blvd,,Rear End,2,Clear,Dry,Daylight
2021-01-15T10:40:00.000,I 75,I 75 and Andrew Young Blvd,,Sideswipe-Same Direction,2,Clear,Dry,Daylight
2023-07-07T13:00:00.000,I 75,I 75 and Andrew Young Blvd,,Rear End,2,Cloudy,Dry,Daylight
2023-02-02T13:09:00.000,I 75,I 75 and Andrew Young Blvd,,Rear End,3,Clear,Wet,Daylight
2024-07-30T14:26:00.000,I 75,I 75 and Andrew Young Blvd,,Rear End,2,Clear,Wet,Daylight
2024-09-16T12:25:00.000,I 75,I 75 and Andrew Young Blvd,,Rear End,2,Cloudy,Dry,Daylight
2021-08-17T13:45:00.000,I 75,I 75 and Andrew Young,,Rear End,2,Rain,Wet,Daylight
2021-11-18T00:39:00.000,I 75,I 75 and Andrew Young,,Rear End,2,Clear,Dry,Dark-Lighted
2024-03-05T19:05:00.000,I 75,I 75 and Andrew Young,,Sideswipe-Same Direction,2,Rain,Wet,Dawn
2020-03-27T21:55:00.000,I 75,I 75 and Alston Ct,,Not a Collision with Motor Vehicle,1,Clear,Dry,Dark-Not Lighted
2024-12-03T17:40:00.000,I 75,I 75 and Allgood Road Underpass,,Sideswipe-Same Direction,2,Clear,Dry,Dusk
2020-12-18T13:40:00.000,I 75,I 75 and Allgood Road Opas,,Rear End,2,Clear,Dry,Daylight
2020-07-02T12:30:00.000,I 75,I 75 and Allgood Road Opas,,Rear End,2,Cloudy,Dry,Daylight
2020-08-25T12:55:00.000,I 75,I 75 and Allgood Road Opas,,Rear End,4,Rain,Wet,Daylight
2021-07-23T13:04:00.000,I 75,I 75 and Allgood Road Opas,,Rear End,2,Cloudy,Dry,Daylight
2021-12-30T08:43:00.000,I 75,I 75 and Allgood Road Opas,,Rear End,2,Rain,Wet,Daylight
2022-08-19T15:09:00.000,I 75,I 75 and Allgood Road Opas,,Rear End,3,Cloudy,Wet,Daylight
2022-07-03T19:32:00.000,I 75,I 75 and Allgood Road Opas,,Not a Collision with Motor Vehicle,1,Clear,Dry,Daylight
2023-12-01T06:56:00.000,I 75,I 75 and Allgood Road Opas,,Rear End,2,Rain,Wet,Dark-Not Lighted
2024-02-22T00:00:00.000,I 75,I 75 and Allgood Road Opas,,Rear End,3,Clear,Dry,Daylight
2024-12-12T10:05:00.000,I 75,I 75 and Allgood Road Opas,,Rear End,3,Clear,Dry,Daylight
2023-10-20T06:45:00.000,I 75,I 75 and Allgood Road Northeast,,Rear End,2,Rain,Wet,Dawn
2023-10-20T06:55:00.000,I 75,I 75 and Allgood Road Northeast,,Rear End,2,Rain,Wet,Dawn
2022-06-14T22:26:00.000,I 75,I 75 and Allgood Road Brg,,Rear End,4,Clear,Dry,Dark-Not Lighted
2021-08-17T08:46:00.000,I 75,I 75 and Allgood Rd Opas,,Rear End,2,Rain,Wet,Daylight
2021-06-03T15:50:00.000,I 75,I 75 and Allgood Rd Opas,,Rear End,2,Cloudy,Dry,Daylight
2021-10-19T15:38:00.000,I 75,I 75 and Allgood Rd Opas,,Rear End,2,Clear,Dry,Daylight
2021-11-16T15:08:00.000,I 75,I 75 and Allgood Rd Opas,,Sideswipe-Same Direction,2,Cloudy,Dry,Daylight
2021-11-16T17:43:00.000,I 75,I 75 and Allgood Rd Opas,,Rear End,2,Cloudy,Dry,Dark-Not Lighted
2022-08-23T12:48:00.000,I 75,I 75 and Allgood Rd Opas,,Rear End,2,Cloudy,Dry,Daylight
2021-12-15T13:39:00.000,I 75,I 75 and Allgood Rd Brg,,Sideswipe-Same Direction,3,Cloudy,Dry,Daylight
2022-01-14T07:51:00.000,I 75,I 75 and Allgood Rd Brg,,Sideswipe-Same Direction,4,Clear,Dry,Dawn
2022-03-30T14:04:00.000,I 75,I 75 and Allgood Rd Brg,,Angle Crash,2,Clear,Dry,Daylight
2024-01-31T09:40:00.000,I 75,I 75 and Allgood Rd Brg,,Rear End,2,Clear,Dry,Daylight
2024-01-31T09:45:00.000,I 75,I 75 and Allgood Rd Brg,,Angle Crash,3,Clear,Dry,Daylight
2024-02-28T03:25:00.000,I 75,I 75 and Allgood Rd Brg,,Not a Collision with Motor Vehicle,2,Clear,Dry,Dark-Not Lighted
2021-06-30T01:17:00.000,I 75,I 75 and Allgood Rd Brdge,,Not a Collision with Motor Vehicle,1,Cloudy,Dry,Dark-Not Lighted
2021-01-20T18:03:00.000,I 75,I 75 and Allgood Rd Brdge,,Angle Crash,3,Clear,Dry,Dark-Not Lighted
2021-06-08T22:25:00.000,I 75,I 75 and Allgood Rd,,Rear End,2,Cloudy,Dry,Dark-Not Lighted
2021-05-19T16:18:00.000,I 75,I 75 and Allgood Rd,,Rear End,2,Clear,Dry,Daylight
2021-09-23T17:12:00.000,I 75,I 75 and Allgood Rd,,Rear End,2,Clear,Dry,Daylight
2021-08-18T20:40:00.000,I 75,I 75 and Allgood Rd,,Angle Crash,2,Clear,Dry,Dark-Not Lighted
2021-09-28T12:55:00.000,I 75,I 75 and Allgood Rd,,Rear End,5,Clear,Dry,Daylight
2021-09-17T17:12:00.000,I 75,I 75 and Allgood Rd,,Rear End,2,Cloudy,Dry,Daylight
2021-04-01T09:40:00.000,I 75,I 75 and Allgood Rd,,Rear End,2,Clear,Dry,Daylight
2021-04-23T12:08:00.000,I 75,I 75 and Allgood Rd,,Sideswipe-Same Direction,2,Cloudy,Dry,Daylight
2021-03-26T14:28:00.000,I 75,I 75 and Allgood Rd,,Sideswipe-Same Direction,2,Cloudy,Dry,Daylight
2021-01-10T06:00:00.000,I 75,I 75 and Allgood Rd,,Sideswipe-Same Direction,2,Cloudy,Dry,Dark-Not Lighted
2021-03-26T21:01:00.000,I 75,I 75 and Allgood Rd,,Rear End,2,Clear,Dry,Dark-Not Lighted
2021-06-11T17:35:00.000,I 75,I 75 and Allgood Rd,,Rear End,2,Cloudy,Wet,Daylight
2021-05-19T17:25:00.000,I 75,I 75 and Allgood Rd,,Rear End,2,Clear,Dry,Daylight
2021-06-28T12:32:00.000,I 75,I 75 and Allgood Rd,,Sideswipe-Same Direction,2,Clear,Dry,Daylight
2021-12-09T08:37:00.000,I 75,I 75 and Allgood Rd,,Rear End,2,Clear,Dry,Daylight
2021-10-11T06:39:00.000,I 75,I 75 and Allgood Rd,,Sideswipe-Same Direction,2,Clear,Dry,Dark-Not Lighted
2021-07-14T13:38:00.000,I 75,I 75 and Allgood Rd,,Rear End,2,Cloudy,Dry,Daylight
2021-11-13T14:45:00.000,I 75,I 75 and Allgood Rd,,Angle Crash,3,Clear,Dry,Daylight
2021-12-22T12:25:00.000,I 75,I 75 and Allgood Rd,,Rear End,2,Clear,Dry,Daylight
2021-09-23T16:57:00.000,I 75,I 75 and Allgood Rd,,Rear End,2,Clear,Dry,Daylight
2021-03-16T21:30:00.000,I 75,I 75 and Allgood Rd,,Sideswipe-Same Direction,2,Rain,Wet,Dark-Not Lighted
2021-01-19T07:35:00.000,I 75,I 75 and Allgood Rd,,Rear End,2,Clear,Dry,Daylight
2020-05-04T08:56:00.000,I 75,I 75 and Allgood Rd,,Not a Collision with Motor Vehicle,1,Clear,Dry,Daylight
2020-11-18T08:08:00.000,I 75,I 75 and Allgood Rd,,Rear End,2,Clear,Dry,Daylight
2020-06-04T19:09:00.000,I 75,I 75 and Allgood Rd,,Sideswipe-Same Direction,4,Clear,Dry,Daylight
2023-03-22T16:05:00.000,I 75,I 75 and Allgood Rd,,Rear End,2,Cloudy,Dry,Daylight
2023-06-24T21:55:00.000,I 75,I 75 and Allgood Rd,,Rear End,2,Cloudy,Dry,Dark-Lighted
2023-02-17T22:50:00.000,I 75,I 75 and Allgood Rd,,Rear End,2,Clear,Dry,Dark-Not Lighted
2023-03-17T00:00:00.000,I 75,I 75 and Allgood Rd,,Rear End,2,Rain,Wet,Daylight
2023-06-22T10:10:00.000,I 75,I 75 and Allgood Rd,,Not a Collision with Motor Vehicle,2,Cloudy,Dry,Daylight
2023-01-22T11:46:00.000,I 75,I 75 and Allgood Rd,,Sideswipe-Same Direction,2,Rain,Wet,Daylight
2023-01-01T04:20:00.000,I 75,I 75 and Allgood Rd,,Head On,2,Fog,Wet,Dark-Not Lighted
2023-01-26T19:38:00.000,I 75,I 75 and Allgood Rd,,Rear End,2,Clear,Dry,Dark-Not Lighted
2023-03-21T09:51:00.000,I 75,I 75 and Allgood Rd,,Sideswipe-Same Direction,2,Clear,Dry,Daylight
2023-11-20T14:10:00.000,I 75,I 75 and Allgood Rd,,Rear End,3,Cloudy,Dry,Daylight
2023-06-13T14:56:00.000,I 75,I 75 and Allgood Rd,,Rear End,2,Cloudy,Dry,Daylight
2023-02-17T17:40:00.000,I 75,I 75 and Allgood Rd,,Rear End,2,Cloudy,Dry,Daylight
2023-12-01T17:56:00.000,I 75,I 75 and Allgood Rd,,Rear End,2,Cloudy,Wet,Dark-Not Lighted
2023-10-27T13:13:00.000,I 75,I 75 and Allgood Rd,,Rear End,2,Cloudy,Dry,Daylight
2023-05-01T17:30:00.000,I 75,I 75 and Allgood Rd,,Sideswipe-Same Direction,2,Cloudy,Dry,Daylight
2023-12-15T18:28:00.000,I 75,I 75 and Allgood Rd,,Rear End,2,Clear,Dry,Dark-Not Lighted
2022-11-27T16:21:00.000,I 75,I 75 and Allgood Rd,,Angle Crash,2,Cloudy,Dry,Daylight
2021-12-23T01:00:00.000,I 75,I 75 and Allgood Rd,,Sideswipe-Same Direction,2,Cloudy,Dry,Dark-Not Lighted
2020-10-20T22:09:00.000,I 75,I 75 and Allgood Rd,,Angle Crash,2,Clear,Dry,Dark-Not Lighted
2020-09-07T19:01:00.000,I 75,I 75 and Allgood Rd,,Not a Collision with Motor Vehicle,1,Clear,Dry,Daylight
2020-06-21T14:03:00.000,I 75,I 75 and Allgood Rd,,Angle Crash,2,Clear,Dry,Daylight
2020-12-24T00:00:00.000,I 75,I 75 and Allgood Rd,,Angle Crash,2,Cloudy,Dry,Dark-Not Lighted
2020-01-03T19:39:00.000,I 75,I 75 and Allgood Rd,,Rear End,2,Rain,Wet,Dark-Not Lighted
2020-08-13T12:45:00.000,I 75,I 75 and Allgood Rd,,Sideswipe-Same Direction,2,Clear,Dry,Daylight
2020-09-25T16:40:00.000,I 75,I 75 and Allgood Rd,,Rear End,2,Cloudy,Dry,Daylight
2020-02-05T13:58:00.000,I 75,I 75 and Allgood Rd,,Not a Collision with Motor Vehicle,1,Rain,Wet,Daylight
2020-11-12T15:40:00.000,I 75,I 75 and Allgood Rd,,Not a Collision with Motor Vehicle,1,Clear,Dry,Daylight
2020-09-16T12:00:00.000,I 75,I 75 and Allgood Rd,,Angle Crash,2,Rain,Wet,Daylight
2020-11-11T13:24:00.000,I 75,I 75 and Allgood Rd,,Rear End,2,Rain,Wet,Daylight
2020-11-02T14:45:00.000,I 75,I 75 and Allgood Rd,,Sideswipe-Same Direction,2,Clear,Dry,Daylight
2020-12-04T12:29:00.000,I 75,I 75 and Allgood Rd,,Rear End,2,Cloudy,Wet,Daylight
2020-12-10T18:25:00.000,I 75,I 75 and Allgood Rd,,Rear End,4,Cloudy,Dry,Dark-Not Lighted
2020-07-27T16:06:00.000,I 75,I 75 and Allgood Rd,,Not a Collision with Motor Vehicle,2,Clear,Dry,Daylight
2020-01-15T10:44:00.000,I 75,I 75 and Allgood Rd,,Rear End,2,Cloudy,Wet,Daylight
2020-05-20T21:02:00.000,I 75,I 75 and Allgood Rd,,Rear End,2,Cloudy,Dry,Dark-Lighted
2020-08-03T14:47:00.000,I 75,I 75 and Allgood Rd,,Rear End,2,Rain,Wet,Daylight
2020-05-19T00:03:00.000,I 75,I 75 and Allgood Rd,,Rear End,2,Rain,Water (standing or moving),Dark-Not Lighted
2020-10-13T14:46:00.000,I 75,I 75 and Allgood Rd,,Rear End,2,Clear,Dry,Daylight
2020-08-19T18:05:00.000,I 75,I 75 and Allgood Rd,,Rear End,3,Rain,Wet,Daylight
2020-08-19T19:00:00.000,I 75,I 75 and Allgood Rd,,Sideswipe-Same Direction,2,Rain,Wet,Dark-Not Lighted
2020-12-22T14:04:00.000,I 75,I 75 and Allgood Rd,,Rear End,2,Clear,Dry,Daylight
2020-11-16T07:17:00.000,I 75,I 75 and Allgood Rd,,Sideswipe-Same Direction,5,Clear,Dry,Daylight
2020-10-17T02:43:00.000,I 75,I 75 and Allgood Rd,,Rear End,2,Clear,Dry,Dark-Lighted
2021-06-30T17:12:00.000,I 75,I 75 and Allgood Rd,,Rear End,2,Cloudy,Dry,Daylight
2021-02-11T19:44:00.000,I 75,I 75 and Allgood Rd,,Rear End,2,Rain,Wet,Daylight
2021-04-05T20:58:00.000,I 75,I 75 and Allgood Rd,,Sideswipe-Same Direction,2,Clear,Dry,Daylight
2021-03-12T19:14:00.000,I 75,I 75 and Allgood Rd,,Rear End,4,Clear,Dry,Dark-Not Lighted
2021-01-13T16:55:00.000,I 75,I 75 and Allgood Rd,,Rear End,3,Cloudy,Dry,Daylight
2021-03-19T16:05:00.000,I 75,I 75 and Allgood Rd,,Rear End,3,Cloudy,Dry,Daylight
2021-01-14T15:49:00.000,I 75,I 75 and Allgood Rd,,Rear End,3,Clear,Dry,Daylight
2021-06-21T14:22:00.000,I 75,I 75 and Allgood Rd,,Not a Collision with Motor Vehicle,2,Cloudy,Dry,Daylight
2021-10-10T03:32:00.000,I 75,I 75 and Allgood Rd,,Rear End,2,Clear,Dry,Dark-Lighted
2021-12-06T12:51:00.000,I 75,I 75 and Allgood Rd,,Rear End,2,Rain,Wet,Daylight
2021-07-28T12:34:00.000,I 75,I 75 and Allgood Rd,,Rear End,2,Clear,Dry,Daylight
2021-09-17T15:00:00.000,I 75,I 75 and Allgood Rd,,Angle Crash,2,Clear,Dry,Daylight
2021-09-23T17:13:00.000,I 75,I 75 and Allgood Rd,,Rear End,2,Clear,Dry,Daylight
2022-04-26T19:00:00.000,I 75,I 75 and Allgood Rd,,Rear End,2,Cloudy,Dry,Daylight
2021-10-27T19:38:00.000,I 75,I 75 and Allgood Rd,,Sideswipe-Same Direction,2,Clear,Dry,Dark-Not Lighted
2021-07-29T17:56:00.000,I 75,I 75 and Allgood Rd,,Sideswipe-Same Direction,2,Clear,Dry,Daylight
2021-08-23T13:42:00.000,I 75,I 75 and Allgood Rd,,Angle Crash,3,Clear,Dry,Daylight
2022-08-11T18:00:00.000,I 75,I 75 and Allgood Rd,,Rear End,2,Clear,Dry,Daylight
2022-07-30T16:24:00.000,I 75,I 75 and Allgood Rd,,Rear End,2,Rain,Wet,Daylight
2022-12-14T15:14:00.000,I 75,I 75 and Allgood Rd,,Rear End,2,Rain,Wet,Daylight
2022-11-25T22:18:00.000,I 75,I 75 and Allgood Rd,,Sideswipe-Same Direction,2,Cloudy,Dry,Dark-Not Lighted
2022-02-16T08:01:00.000,I 75,I 75 and Allgood Rd,,Rear End,2,Clear,Dry,Daylight
2022-12-21T16:15:00.000,I 75,I 75 and Allgood Rd,,Rear End,2,Cloudy,Dry,Daylight
2022-07-21T12:48:00.000,I 75,I 75 and Allgood Rd,,Rear End,2,Clear,Wet,Daylight
2022-03-14T03:24:00.000,I 75,I 75 and Allgood Rd,,Rear End,2,Clear,Dry,Dark-Not Lighted
2022-12-07T11:58:00.000,I 75,I 75 and Allgood Rd,,Sideswipe-Same Direction,2,Cloudy,Wet,Daylight
2022-11-09T15:04:00.000,I 75,I 75 and Allgood Rd,,Rear End,2,Clear,Dry,Daylight
2022-03-10T09:50:00.000,I 75,I 75 and Allgood Rd,,Rear End,2,Clear,Dry,Daylight
2022-09-20T13:09:00.000,I 75,I 75 and Allgood Rd,,Rear End,3,Clear,Dry,Daylight
2021-12-14T07:58:00.000,I 75,I 75 and Allgood Rd,,Sideswipe-Same Direction,2,Clear,Dry,Daylight
2021-12-10T13:49:00.000,I 75,I 75 and Allgood Rd,,Rear End,3,Rain,Wet,Daylight
2022-11-03T07:25:00.000,I 75,I 75 and Allgood Rd,,Rear End,3,Clear,Dry,Dawn
2022-12-14T15:29:00.000,I 75,I 75 and Allgood Rd,,Rear End,2,Rain,Wet,Daylight
2022-05-09T13:05:00.000,I 75,I 75 and Allgood Rd,,Not a Collision with Motor Vehicle,1,Clear,Dry,Daylight
2022-07-14T18:00:00.000,I 75,I 75 and Allgood Rd,,Rear End,2,Clear,Dry,Daylight
2022-09-18T18:28:00.000,I 75,I 75 and Allgood Rd,,Not a Collision with Motor Vehicle,1,Clear,Dry,Daylight
2022-08-16T08:50:00.000,I 75,I 75 and Allgood Rd,,Rear End,2,Clear,Dry,Daylight
2022-11-15T07:57:00.000,I 75,I 75 and Allgood Rd,,Rear End,2,Rain,Wet,Daylight
2022-11-15T06:15:00.000,I 75,I 75 and Allgood Rd,,Sideswipe-Same Direction,2,Rain,Wet,Dark-Not Lighted
2022-08-29T11:00:00.000,I 75,I 75 and Allgood Rd,,Sideswipe-Same Direction,2,Clear,Dry,Daylight
2022-01-05T09:58:00.000,I 75,I 75 and Allgood Rd,,Angle Crash,2,Cloudy,Dry,Daylight
2022-10-04T08:20:00.000,I 75,I 75 and Allgood Rd,,Rear End,3,Clear,Dry,Daylight
2022-11-22T18:38:00.000,I 75,I 75 and Allgood Rd,,Rear End,3,Clear,Dry,Dusk
2022-09-06T07:40:00.000,I 75,I 75 and Allgood Rd,,Rear End,2,Cloudy,Wet,Daylight
2022-05-09T13:24:00.000,I 75,I 75 and Allgood Rd,,Not a Collision with Motor Vehicle,1,Clear,Dry,Daylight
2022-09-23T20:26:00.000,I 75,I 75 and Allgood Rd,,Rear End,3,Cloudy,Dry,Dark-Lighted
2022-06-03T11:00:00.000,I 75,I 75 and Allgood Rd,,Rear End,2,Clear,Dry,Daylight
2022-04-05T20:45:00.000,I 75,I 75 and Allgood Rd,,Not a Collision with Motor Vehicle,1,Cloudy,Dry,Dark-Not Lighted
2022-04-20T15:08:00.000,I 75,I 75 and Allgood Rd,,Rear End,2,Clear,Dry,Daylight
2022-04-08T11:44:00.000,I 75,I 75 and Allgood Rd,,Head On,2,Cloudy,Dry,Daylight
2022-06-10T22:19:00.000,I 75,I 75 and Allgood Rd,,Sideswipe-Same Direction,2,Cloudy,Dry,Dark-Not Lighted
2022-03-24T20:11:00.000,I 75,I 75 and Allgood Rd,,Sideswipe-Same Direction,2,Clear,Dry,Dark-Not Lighted
2022-03-26T14:59:00.000,I 75,I 75 and Allgood Rd,,Rear End,3,Clear,Dry,Daylight
2022-11-25T22:18:00.000,I 75,I 75 and Allgood Rd,,Angle Crash,2,Cloudy,Dry,Dark-Not Lighted
2023-01-20T15:52:00.000,I 75,I 75 and Allgood Rd,,Rear End,2,Clear,Dry,Daylight
2024-08-16T09:51:00.000,I 75,I 75 and Allgood Rd,,Not a Collision with Motor Vehicle,2,Cloudy,Dry,Daylight
2024-03-05T14:07:00.000,I 75,I 75 and Allgood Rd,,Rear End,3,Rain,Wet,Daylight
2024-01-13T16:00:00.000,I 75,I 75 and Allgood Rd,,(None),2,(None),(None),(None)
2024-04-04T09:59:00.000,I 75,I 75 and Allgood Rd,,Rear End,2,Clear,Dry,Daylight
2024-08-14T08:45:00.000,I 75,I 75 and Allgood Rd,,Rear End,2,Clear,Dry,Daylight
2024-10-03T12:44:00.000,I 75,I 75 and Allgood Rd,,Rear End,2,Cloudy,Dry,Daylight
2024-11-13T18:12:00.000,I 75,I 75 and Allgood Rd,,Angle Crash,2,Clear,Dry,Dark-Not Lighted
2024-10-03T14:00:00.000,I 75,I 75 and Allgood Rd,,Rear End,4,Cloudy,Dry,Daylight
2024-03-07T08:06:00.000,I 75,I 75 and Allgood Rd,,Sideswipe-Same Direction,2,Clear,Dry,Daylight
2024-06-18T09:10:00.000,I 75,I 75 and Allgood Rd,,Rear End,3,Clear,Dry,Daylight
2024-10-03T15:00:00.000,I 75,I 75 and Allgood Rd,,Sideswipe-Same Direction,2,Cloudy,Dry,Daylight
2024-10-09T16:50:00.000,I 75,I 75 and Allgood Rd,,Rear End,2,Clear,Dry,Daylight
2024-11-19T08:31:00.000,I 75,I 75 and Allgood Rd,,Rear End,2,Clear,Dry,Daylight
2024-05-02T15:06:00.000,I 75,I 75 and Allgood Rd,,Rear End,2,Clear,Dry,Daylight
2024-02-19T17:11:00.000,I 75,I 75 and Allgood Rd,,Sideswipe-Same Direction,4,Clear,Dry,Daylight
2024-06-09T23:05:00.000,I 75,I 75 and Allgood Rd,,Sideswipe-Same Direction,2,Cloudy,Dry,Dark-Not Lighted
2023-03-13T07:19:00.000,I 75,I 75 and Allgood Rd,,Rear End,2,Clear,Dry,Daylight
2023-03-13T07:21:00.000,I 75,I 75 and Allgood Rd,,Rear End,2,Clear,Dry,Daylight
2024-08-02T06:33:00.000,I 75,I 75 and Allgood Rd,,Sideswipe-Same Direction,2,Clear,Dry,Daylight
2024-02-26T11:48:00.000,I 75,I 75 and Allgood Rd,,Rear End,2,Clear,Dry,Daylight
2023-03-21T10:36:00.000,I 75,I 75 and Allgood Rd,,Not a Collision with Motor Vehicle,1,Clear,Dry,Daylight
2023-11-17T18:23:00.000,I 75,I 75 and Allgood Rd,,Sideswipe-Same Direction,2,Clear,Dry,Dark-Not Lighted
2023-06-22T10:10:00.000,I 75,I 75 and Allgood Rd,,Not a Collision with Motor Vehicle,2,Cloudy,Dry,Daylight
2023-04-25T15:30:00.000,I 75,I 75 and Allgood Rd,,Sideswipe-Same Direction,2,Cloudy,Dry,Daylight
2023-02-10T12:01:00.000,I 75,I 75 and Allgood Rd,,Rear End,2,Cloudy,Dry,Daylight
2023-12-22T15:51:00.000,I 75,I 75 and Allgood Rd,,Rear End,3,Clear,Dry,Daylight
2023-11-28T18:36:00.000,I 75,I 75 and Allgood Rd,,(None),2,(None),(None),(None)
2023-06-22T10:04:00.000,I 75,I 75 and Allgood Rd,,Sideswipe-Same Direction,2,Cloudy,Wet,Daylight
2024-01-05T17:07:00.000,I 75,I 75 and Allgood Rd,,Sideswipe-Same Direction,2,Cloudy,Dry,Daylight
2024-06-20T09:25:00.000,I 75,I 75 and Allgood Rd,,Rear End,2,Clear,Dry,Daylight
2024-07-24T18:09:00.000,I 75,I 75 and Allgood Rd,,Rear End,2,Rain,Water (standing or moving),Daylight
2024-06-23T13:45:00.000,I 75,I 75 and Allgood Rd,,Rear End,4,Clear,Dry,Daylight
2024-03-05T19:06:00.000,I 75,I 75 and Allgood Rd,,Angle Crash,2,Rain,Wet,Daylight
2024-10-18T17:50:00.000,I 75,I 75 and Allgood Rd,,Rear End,3,Clear,Dry,Daylight
2024-12-05T17:32:00.000,I 75,I 75 and Allgood Rd,,Rear End,2,Clear,Dry,Dusk
2024-12-10T17:39:00.000,I 75,I 75 and Allgood Rd,,Rear End,2,Rain,Wet,Dark-Not Lighted
2024-10-25T14:49:00.000,I 75,I 75 and Allgood Rd,,Rear End,2,Clear,Dry,Daylight
2024-07-20T16:57:00.000,I 75,I 75 and Allgood Rd,,Sideswipe-Same Direction,2,Cloudy,Dry,Daylight
2024-12-28T16:34:00.000,I 75,I 75 and Allgood Rd,,Rear End,2,Rain,Wet,Daylight
2024-05-10T08:24:00.000,I 75,I 75 and Allgood Rd,,Sideswipe-Same Direction,3,Clear,Dry,Daylight
2024-08-30T15:09:00.000,I 75,I 75 and Allgood Rd,,Rear End,2,Clear,Dry,Daylight
2024-04-01T19:15:00.000,I 75,I 75 and Allgood Rd,,Sideswipe-Same Direction,2,Cloudy,Dry,Daylight
2024-07-23T18:36:00.000,I 75,I 75 and Allgood Rd,,Rear End,2,Rain,Wet,Daylight
2024-02-07T16:36:00.000,I 75,I 75 and Allgood Rd,,Rear End,2,Clear,Dry,Daylight
2024-11-14T18:05:00.000,I 75,I 75 and Allgood Rd,,Rear End,3,Clear,Dry,Dark-Not Lighted
2024-11-19T14:18:00.000,I 75,I 75 and Allgood Rd,,Rear End,2,Rain,Wet,Daylight
2024-12-10T14:14:00.000,I 75,I 75 and Allgood Rd,,Rear End,2,Rain,Wet,Daylight
2024-11-21T06:30:00.000,I 75,I 75 and Allgood Rd,,Rear End,2,Clear,Dry,Dark-Not Lighted
2024-05-20T17:21:00.000,I 75,I 75 and Allgood Rd,,Sideswipe-Same Direction,2,Clear,Dry,Daylight
2024-08-07T16:39:00.000,I 75,I 75 and Allgood Rd,,Rear End,2,Clear,Dry,Daylight
2024-10-19T18:35:00.000,I 75,I 75 and Allgood Rd,,Angle Crash,2,Clear,Dry,Daylight
2024-04-16T09:39:00.000,I 75,I 75 and Allgood Rd,,Rear End,2,Cloudy,Dry,Daylight
2024-09-28T20:30:00.000,I 75,I 75 and Allgood Rd,,Rear End,4,Rain,Wet,Dark-Not Lighted
2024-10-01T12:15:00.000,I 75,I 75 and Allgood Rd,,Rear End,2,Clear,Dry,Daylight
2024-11-13T17:31:00.000,I 75,I 75 and Allgood Rd,,Angle Crash,2,Clear,Dry,Dark-Not Lighted
2024-10-18T19:00:00.000,I 75,I 75 and Allgood Rd,,Rear End,3,Clear,Dry,Daylight
2024-02-29T19:00:00.000,I 75,I 75 and Allgood Rd,,Rear End,2,Cloudy,Dry,Dark-Not Lighted
2024-01-21T14:45:00.000,I 75,I 75 and Allgood Rd,,(None),1,(None),(None),(None)
2024-04-04T09:45:00.000,I 75,I 75 and Allgood Rd,,Sideswipe-Same Direction,2,Clear,Dry,Daylight
2024-09-10T11:40:00.000,I 75,I 75 and Allgood Rd,,Rear End,2,Clear,Dry,Daylight
2024-07-25T12:42:00.000,I 75,I 75 and Allgood Rd,,Angle Crash,3,Clear,Dry,Daylight
2024-06-21T14:55:00.000,I 75,I 75 and Allgood Rd,,Rear End,2,Clear,Dry,Daylight
2024-06-12T17:42:00.000,I 75,I 75 and Allgood Rd,,Rear End,4,Cloudy,Dry,Daylight
2024-12-20T10:05:00.000,I 75,I 75 and Allgood Rd,,Sideswipe-Same Direction,2,Clear,Dry,Daylight
2024-06-18T08:40:00.000,I 75,I 75 and Allgod Rd,,Sideswipe-Same Direction,2,Clear,Dry,Daylight
2024-03-21T16:43:00.000,I 75,I 75 and Allattoona Pkway,,Rear End,2,Clear,Dry,Daylight
2024-03-21T16:42:00.000,I 75,I 75 and Allatoona Shores Rd,,Not a Collision with Motor Vehicle,1,Clear,Dry,Daylight
2024-03-14T07:40:00.000,I 75,I 75 and Allatoona Shores Rd,,Rear End,3,Clear,Dry,Daylight
2024-04-17T08:17:00.000,I 75,I 75 and Allatoona Shores Rd,,Sideswipe-Same Direction,2,Cloudy,Dry,Daylight
2024-09-22T14:54:00.000,I 75,I 75 and Allatoona Shores Rd,,Rear End,4,Clear,Dry,Daylight
2024-08-13T08:06:00.000,I 75,I 75 and Allatoona Shores Rd,,Rear End,2,Clear,Dry,Daylight
2024-05-15T07:38:00.000,I 75,I 75 and Allatoona Shores Rd,,Rear End,2,Cloudy,Dry,Daylight
2024-01-19T13:30:00.000,I 75,I 75 and Allatoona Shores Rd,,Sideswipe-Same Direction,2,Clear,Dry,Daylight
2024-08-20T20:41:00.000,I 75,I 75 and Allatoona Rd,,Not a Collision with Motor Vehicle,1,Clear,Dry,Dark-Not Lighted