Date and Time,Roadway (From Crash Report),Intersection Name (from Crash Report),KABCO Severity,Manner of Collision (Crash Level) ,# of Vehicles per crash ,Weather Conditions (Crash Level),Surface Condition (Crash Level) ,Light Conditions (Crash Level)
2024-03-19T12:45:00.000,I 75,I 75 and Allatoona Rd,,Sideswipe-Same Direction,2,Clear,Dry,Daylight
2024-02-06T08:19:00.000,I 75,I 75 and Allatoona Gwty,,Rear End,2,Clear,Dry,Daylight
2023-08-18T23:40:00.000,I 75,I 75 and Allatoona Gtwy,,Sideswipe-Same Direction,2,Clear,Dry,Dark-Not Lighted
2024-10-25T09:54:00.000,I 75,I 75 and Allatoona Gtwy,,Not a Collision with Motor Vehicle,1,Clear,Dry,Daylight
2024-12-09T16:58:00.000,I 75,I 75 and Allatoona Gtwy,,Rear End,4,Rain,Wet,Daylight
2024-11-07T18:22:00.000,I 75,I 75 and Allatoona Gtwy,,Rear End,2,Clear,Dry,Dark-Not Lighted
2024-07-31T09:31:00.000,I 75,I 75 and Allatoona Gtwy,,Rear End,2,Clear,Dry,Daylight
2024-09-27T07:19:00.000,I 75,I 75 and Allatoona Gtwy,,Not a Collision with Motor Vehicle,1,Rain,Wet,Dawn
2024-03-31T02:54:00.000,I 75,I 75 and Allatoona Gtwy,,Not a Collision with Motor Vehicle,1,Clear,Dry,Dark-Not Lighted
2024-11-13T06:58:00.000,I 75,I 75 and Allatoona Gtwy,,Not a Collision with Motor Vehicle,2,Clear,Dry,Daylight
2024-11-26T04:20:00.000,I 75,I 75 and Allatoona Gtwy,,Not a Collision with Motor Vehicle,1,Rain,Wet,Dark-Not Lighted
2024-11-26T14:26:00.000,I 75,I 75 and Allatoona Gtwy,,Rear End,2,Clear,Dry,Daylight
2024-05-23T12:26:00.000,I 75,I 75 and Allatoona Gtwy,,Rear End,2,Cloudy,Dry,Daylight
2024-12-19T07:11:00.000,I 75,I 75 and Allatoona Gtwy,,Rear End,2,Cloudy,Dry,Dawn
2024-01-25T08:35:00.000,I 75,I 75 and Allatoona Gtwy,,Rear End,2,Rain,Wet,Daylight
2024-11-07T18:22:00.000,I 75,I 75 and Allatoona Gtwy,,Rear End,2,Clear,Dry,Dark-Not Lighted
2024-05-23T15:50:00.000,I 75,I 75 and Allatoona Gtwy,,Sideswipe-Same Direction,2,Clear,Dry,Daylight
2024-03-31T02:48:00.000,I 75,I 75 and Allatoona Gtwy,,Not a Collision with Motor Vehicle,1,Clear,Dry,Dark-Not Lighted
2024-12-12T07:10:00.000,I 75,I 75 and Allatoona Gtwy,,Rear End,2,Cloudy,Dry,Dawn
2024-09-23T02:55:00.000,I 75,I 75 and Allatoona Gtwy,,Not a Collision with Motor Vehicle,1,Clear,Dry,Dark-Not Lighted
2024-07-30T13:45:00.000,I 75,I 75 and Allatoona Gtwy,,Rear End,2,Cloudy,Wet,Daylight
2024-03-22T13:06:00.000,I 75,I 75 and Allatoona Gtwy,,Rear End,2,Cloudy,Dry,Daylight
2024-06-22T15:15:00.000,I 75,I 75 and Allatoona Gtwy,,Rear End,4,Clear,Dry,Daylight
2024-06-30T16:10:00.000,I 75,I 75 and Allatoona Gtwy,,Sideswipe-Same Direction,2,Clear,Dry,Daylight
2024-07-22T22:47:00.000,I 75,I 75 and Allatoona Gtwy,,Rear End,2,Clear,Dry,Dark-Not Lighted
2024-12-20T18:35:00.000,I 75,I 75 and Allatoona Gtwy,,Sideswipe-Same Direction,2,Clear,Dry,Dark-Not Lighted
2024-12-23T15:00:00.000,I 75,I 75 and Allatoona Gtwy,,Rear End,2,Clear,Dry,Daylight
2024-10-13T11:57:00.000,I 75,I 75 and Allatoona Gtwy,,Rear End,2,Clear,Dry,Daylight
2024-09-25T07:20:00.000,I 75,I 75 and Allatoona Gtwy,,Sideswipe-Same Direction,2,Clear,Dry,Daylight
2024-08-30T17:32:00.000,I 75,I 75 and Allatoona Gtwy,,Rear End,3,Rain,Wet,Daylight
2024-07-24T19:12:00.000,I 75,I 75 and Allatoona Gtwy,,Sideswipe-Same Direction,2,Rain,Wet,Daylight
2024-03-31T02:53:00.000,I 75,I 75 and Allatoona Gtwy,,Not a Collision with Motor Vehicle,1,Clear,Dry,Dark-Not Lighted
2024-08-07T05:35:00.000,I 75,I 75 and Allatoona Gtwy,,Rear End,2,Clear,Dry,Dark-Not Lighted
2024-07-25T13:55:00.000,I 75,I 75 and Allatoona Gtwy,,Sideswipe-Same Direction,2,Cloudy,Dry,Daylight
2024-09-28T15:04:00.000,I 75,I 75 and Allatoona Gtwy,,Sideswipe-Same Direction,2,Cloudy,Dry,Daylight
2024-10-10T18:11:00.000,I 75,I 75 and Allatoona Gtwy,,Rear End,2,Clear,Dry,Daylight
2024-11-29T15:19:00.000,I 75,I 75 and Allatoona Gtwy,,Rear End,2,Clear,Dry,Daylight
2024-04-11T11:16:00.000,I 75,I 75 and Allatoona Gtwy,,Rear End,2,Rain,Wet,Daylight
2024-11-16T15:22:00.000,I 75,I 75 and Allatoona Gtwy,,Rear End,3,Clear,Dry,Daylight
2024-08-03T12:35:00.000,I 75,I 75 and Allatoona Gtwy,,Rear End,2,Clear,Dry,Daylight
2024-07-23T18:40:00.000,I 75,I 75 and Allatoona Gtwy,,Rear End,2,Rain,Wet,Daylight
2024-11-19T10:20:00.000,I 75,I 75 and Allatoona Gtwy,,Rear End,3,Rain,Wet,Daylight
2024-07-13T11:51:00.000,I 75,I 75 and Allatoona Gtwy,,Rear End,2,Clear,Dry,Daylight
2024-02-27T07:27:00.000,I 75,I 75 and Allatoona Gtwy,,Rear End,2,Cloudy,Dry,Daylight
2024-12-27T19:04:00.000,I 75,I 75 and Allatoona Gtwy,,Rear End,3,Rain,Wet,Dark-Not Lighted
2024-10-11T19:30:00.000,I 75,I 75 and Allatoona Gtwy,,Rear End,2,Clear,Dry,Dark-Not Lighted
2024-09-10T07:32:00.000,I 75,I 75 and Allatoona Gtwy,,Rear End,2,Clear,Dry,Daylight
2024-11-09T09:45:00.000,I 75,I 75 and Allatoona Gtwy,,Sideswipe-Same Direction,2,Clear,Dry,Daylight
2024-10-10T07:26:00.000,I 75,I 75 and Allatoona Gtwy,,Rear End,2,Clear,Dry,Daylight
2024-09-22T14:35:00.000,I 75,I 75 and Allatoona Gtwy,,Rear End,2,Clear,Dry,Daylight
2024-10-13T11:13:00.000,I 75,I 75 and Allatoona Gtwy,,Rear End,2,Clear,Dry,Daylight
2024-12-29T09:43:00.000,I 75,I 75 and Allatoona Gtwy,,Sideswipe-Same Direction,2,Rain,Wet,Daylight
2024-12-01T12:38:00.000,I 75,I 75 and Allatoona Gtwy,,Rear End,2,Clear,Dry,Daylight
2024-11-19T06:49:00.000,I 75,I 75 and Allatoona Gtwy,,Sideswipe-Same Direction,2,Rain,Wet,Dusk
2024-06-23T14:34:00.000,I 75,I 75 and Allatoona Gtwy,,Sideswipe-Same Direction,2,Clear,Dry,Daylight
2024-10-13T11:54:00.000,I 75,I 75 and Allatoona Gtwy,,Sideswipe-Same Direction,2,Clear,Dry,Daylight
2024-11-07T18:22:00.000,I 75,I 75 and Allatoona Gtwy,,Rear End,2,Clear,Wet,Dark-Not Lighted
2024-02-29T17:56:00.000,I 75,I 75 and Allatoona Gtwy,,Sideswipe-Same Direction,2,Cloudy,Dry,Daylight
2024-11-16T19:17:00.000,I 75,I 75 and Allatoona Gtwy,,Angle Crash,2,Clear,Dry,Dark-Lighted
2024-04-20T14:06:00.000,I 75,I 75 and Allatoona Gtwy,,Rear End,4,Cloudy,Dry,Daylight
2024-11-07T18:21:00.000,I 75,I 75 and Allatoona Gtwy,,Rear End,2,Clear,Dry,Dark-Not Lighted
2024-07-17T08:29:00.000,I 75,I 75 and Allatoona Gtwy,,Not a Collision with Motor Vehicle,1,Rain,Wet,Daylight
2024-11-10T14:25:00.000,I 75,I 75 and Allatoona Gtwy,,Rear End,2,Clear,Dry,Daylight
2024-05-11T12:20:00.000,I 75,I 75 and Allatoona Gateway Exit 278,,Rear End,3,Clear,Dry,Daylight
2024-12-11T06:45:00.000,I 75,I 75 and Allatoona Gateway Exit 278,,Rear End,2,Rain,Wet,Dark-Not Lighted
2024-04-25T23:30:00.000,I 75,I 75 and Allatoona Gateway Exit 278,,Sideswipe-Same Direction,2,Clear,Dry,Dark-Not Lighted
2024-10-15T17:39:00.000,I 75,I 75 and Allatoona Gateway Entrtance Ra,,Rear End,2,Clear,Dry,Daylight
2023-12-28T13:45:00.000,I 75,I 75 and Allatoona Gate Way,,Head On,2,Clear,Dry,Daylight
2024-02-10T04:35:00.000,I 75,I 75 and Allatoona Dam Rd,,Not a Collision with Motor Vehicle,1,Clear,Dry,Dark-Not Lighted
2024-06-12T15:46:00.000,I 75,I 75 and Allatoona,,Sideswipe-Same Direction,2,Clear,Dry,Daylight
2024-07-27T17:04:00.000,I 75,I 75 and Allatonna Gtwy,,Rear End,2,Clear,Dry,Daylight
2021-04-16T15:04:00.000,I 75,I 75 and All Good Rd,,Rear End,3,Cloudy,Dry,Daylight
2022-10-07T09:00:00.000,I 75,I 75 and All Good Rd,,Sideswipe-Same Direction,2,Clear,Dry,Daylight
2024-04-26T08:20:00.000,I 75,I 75 and All Good Rd,,Sideswipe-Same Direction,2,Clear,Dry,Daylight
2024-05-17T08:04:00.000,I 75,I 75 and All Good Rd,,Rear End,2,Cloudy,Dry,Daylight
2021-02-26T11:16:00.000,I 75,I 75 and Alberson Rd,,Sideswipe-Same Direction,2,Clear,Dry,Daylight
2021-06-02T16:11:00.000,I 75,I 75 and Alberson Rd,,Sideswipe-Same Direction,2,Cloudy,Dry,Daylight
2022-10-26T17:29:00.000,I 75,I 75 and Alberson Rd,,Sideswipe-Same Direction,2,Clear,Dry,Daylight
2022-01-12T19:17:00.000,I 75,I 75 and Alberson Rd,,Sideswipe-Same Direction,3,Clear,Dry,Dark-Not Lighted
2020-04-22T06:09:00.000,I 75,I 75 and Alberson Rd,,Rear End,2,Clear,Dry,Dark-Not Lighted
2020-10-19T07:00:00.000,I 75,I 75 and Alberson Rd,,Rear End,2,Clear,Dry,Dark-Not Lighted
2022-01-12T19:17:00.000,I 75,I 75 and Alberson Rd,,Rear End,4,Clear,Dry,Dark-Not Lighted
2022-10-05T23:12:00.000,I 75,I 75 and Alberson Rd,,Sideswipe-Same Direction,2,Clear,Dry,Dark-Not Lighted
2022-01-12T19:17:00.000,I 75,I 75 and Alberson Rd,,Rear End,2,Clear,Dry,Dark-Not Lighted
2024-11-02T08:24:00.000,I 75,I 75 and Alberson Rd,,Not a Collision with Motor Vehicle,1,Clear,Dry,Daylight
2024-05-17T21:04:00.000,I 75,I 75 and Alberson Rd,,Sideswipe-Same Direction,2,Rain,Wet,Dark-Not Lighted
2023-09-16T16:05:00.000,I 75,I 75 and Alberson Rd,,Not a Collision with Motor Vehicle,1,Clear,Dry,Daylight
2023-08-12T07:25:00.000,I 75,I 75 and Alberson Rd,,Not a Collision with Motor Vehicle,2,Cloudy,Dry,Daylight
2024-05-02T08:21:00.000,I 75,I 75 and Alatoona Gtwy,,Rear End,2,Clear,Dry,Daylight
2024-07-19T20:05:00.000,I 75,I 75 and Alatoona Gtwy,,Rear End,2,Clear,Dry,Daylight
2024-02-12T20:30:00.000,I 75,I 75 and Alatoona Gateway Exit 277,,Not a Collision with Motor Vehicle,1,Rain,Wet,Dark-Not Lighted
2022-12-01T18:35:00.000,I 75,I 75 and Alabama Rd,,Sideswipe-Same Direction,2,Clear,Dry,Dark-Not Lighted
2023-08-18T18:13:00.000,I 75,I 75 and Alabama Rd,,Angle Crash,2,Clear,Dry,Daylight
2024-04-18T15:42:00.000,I 75,I 75 and Akers Ml,,Sideswipe-Same Direction,2,Clear,Dry,Daylight
2022-06-30T14:35:00.000,I 75,I 75 and Akers Mill Road Southeast,,Rear End,2,Clear,Dry,Daylight
2023-01-10T10:24:00.000,I 75,I 75 and Akers Mill Road Opas,,Sideswipe-Same Direction,2,Clear,Dry,Daylight
2022-08-26T06:49:00.000,I 75,I 75 and Akers Mill Road Opas,,Sideswipe-Same Direction,2,Clear,Dry,Daylight
2023-01-10T08:29:00.000,I 75,I 75 and Akers Mill Road Opas,,Rear End,2,Clear,Dry,Daylight
2021-11-21T15:28:00.000,I 75,I 75 and Akers Mill Rd Opas,,Not a Collision with Motor Vehicle,1,Cloudy,Dry,Daylight
2021-11-20T18:46:00.000,I 75,I 75 and Akers Mill Rd Opas,,Sideswipe-Same Direction,2,Clear,Dry,Dark-Lighted
2021-11-16T15:22:00.000,I 75,I 75 and Akers Mill Rd,,Sideswipe-Same Direction,2,Clear,Dry,Daylight
2021-12-19T08:24:00.000,I 75,I 75 and Akers Mill Rd,,Not a Collision with Motor Vehicle,1,Rain,Wet,Dark-Not Lighted
2021-11-22T03:27:00.000,I 75,I 75 and Akers Mill Rd,,Rear End,3,Rain,Wet,Dark-Lighted
2021-11-22T03:27:00.000,I 75,I 75 and Akers Mill Rd,,Rear End,2,Clear,Wet,Dark-Lighted
2021-10-27T08:32:00.000,I 75,I 75 and Akers Mill Rd,,Rear End,2,Cloudy,Dry,Daylight
2021-11-16T13:25:00.000,I 75,I 75 and Akers Mill Rd,,Sideswipe-Same Direction,2,Clear,Dry,Daylight
2021-06-06T12:33:00.000,I 75,I 75 and Akers Mill Rd,,Rear End,4,Cloudy,Dry,Daylight
2021-09-13T08:00:00.000,I 75,I 75 and Akers Mill Rd,,Rear End,3,Clear,Dry,Daylight
2021-01-22T10:00:00.000,I 75,I 75 and Akers Mill Rd,,Sideswipe-Same Direction,2,Cloudy,Dry,Daylight
2023-09-30T20:39:00.000,I 75,I 75 and Akers Mill Rd,,Rear End,3,Clear,Dry,Dark-Not Lighted
2023-08-15T14:55:00.000,I 75,I 75 and Akers Mill Rd,,Rear End,2,Cloudy,Wet,Daylight
2023-04-17T09:00:00.000,I 75,I 75 and Akers Mill Rd,,Not a Collision with Motor Vehicle,1,Clear,Dry,Daylight
2023-11-13T22:20:00.000,I 75,I 75 and Akers Mill Rd,,Rear End,2,Cloudy,Dry,Dark-Not Lighted
2023-12-01T13:33:00.000,I 75,I 75 and Akers Mill Rd,,Not a Collision with Motor Vehicle,2,Clear,Wet,Daylight
2023-09-19T20:11:00.000,I 75,I 75 and Akers Mill Rd,,Rear End,2,Clear,Dry,Dark-Not Lighted
2023-12-03T13:04:00.000,I 75,I 75 and Akers Mill Rd,,Sideswipe-Same Direction,3,Cloudy,Dry,Daylight
2023-08-15T14:30:00.000,I 75,I 75 and Akers Mill Rd,,Sideswipe-Same Direction,2,Clear,Wet,Daylight
2023-05-12T15:30:00.000,I 75,I 75 and Akers Mill Rd,,Rear End,2,Clear,Dry,Daylight
2023-02-28T14:51:00.000,I 75,I 75 and Akers Mill Rd,,Sideswipe-Same Direction,2,Clear,Dry,Daylight
2023-11-09T16:15:00.000,I 75,I 75 and Akers Mill Rd,,Sideswipe-Same Direction,2,Cloudy,Dry,Daylight
2023-08-05T01:10:00.000,I 75,I 75 and Akers Mill Rd,,Angle Crash,2,Clear,Dry,Dark-Not Lighted
2023-05-10T16:26:00.000,I 75,I 75 and Akers Mill Rd,,Rear End,2,Clear,Dry,Daylight
2023-04-14T14:00:00.000,I 75,I 75 and Akers Mill Rd,,Rear End,2,Cloudy,Wet,Daylight
2023-04-02T16:11:00.000,I 75,I 75 and Akers Mill Rd,,Rear End,3,Clear,Dry,Daylight
2023-02-27T00:10:00.000,I 75,I 75 and Akers Mill Rd,,Sideswipe-Same Direction,2,Clear,Dry,Dark-Not Lighted
2023-11-16T17:40:00.000,I 75,I 75 and Akers Mill Rd,,Rear End,2,Clear,Dry,Dusk
2023-12-09T13:05:00.000,I 75,I 75 and Akers Mill Rd,,Rear End,2,Cloudy,Wet,Daylight
2023-02-09T16:50:00.000,I 75,I 75 and Akers Mill Rd,,Sideswipe-Same Direction,2,Cloudy,Dry,Daylight
2023-12-17T20:00:00.000,I 75,I 75 and Akers Mill Rd,,Sideswipe-Same Direction,2,Clear,Dry,Dark-Lighted
2023-04-02T16:11:00.000,I 75,I 75 and Akers Mill Rd,,Rear End,3,Clear,Dry,Daylight
2023-09-28T18:00:00.000,I 75,I 75 and Akers Mill Rd,,Sideswipe-Same Direction,2,Clear,Dry,Daylight
2023-06-28T15:02:00.000,I 75,I 75 and Akers Mill Rd,,Sideswipe-Same Direction,2,Clear,Dry,Daylight
2023-03-22T22:30:00.000,I 75,I 75 and Akers Mill Rd,,Rear End,2,Clear,Dry,Dark-Not Lighted
2023-06-23T17:00:00.000,I 75,I 75 and Akers Mill Rd,,Sideswipe-Same Direction,2,Clear,Dry,Daylight
2023-07-29T02:23:00.000,I 75,I 75 and Akers Mill Rd,,Not a Collision with Motor Vehicle,1,Cloudy,Dry,Dark-Not Lighted
2023-10-24T18:07:00.000,I 75,I 75 and Akers Mill Rd,,Rear End,2,Clear,Dry,Daylight
2023-12-29T20:30:00.000,I 75,I 75 and Akers Mill Rd,,Not a Collision with Motor Vehicle,1,Clear,Dry,Dark-Not Lighted
2023-02-02T14:34:00.000,I 75,I 75 and Akers Mill Rd,,Sideswipe-Same Direction,2,Rain,Wet,Daylight
2023-07-03T21:05:00.000,I 75,I 75 and Akers Mill Rd,,Sideswipe-Same Direction,3,Cloudy,Wet,Dark-Not Lighted
2023-03-03T18:00:00.000,I 75,I 75 and Akers Mill Rd,,Sideswipe-Same Direction,2,Rain,Wet,Daylight
2023-02-08T17:15:00.000,I 75,I 75 and Akers Mill Rd,,Sideswipe-Same Direction,2,Clear,Dry,Daylight
2023-01-10T22:42:00.000,I 75,I 75 and Akers Mill Rd,,Angle Crash,2,Clear,Dry,Dark-Not Lighted
2022-10-09T13:44:00.000,I 75,I 75 and Akers Mill Rd,,Sideswipe-Same Direction,2,Clear,Dry,Daylight
2020-10-28T11:50:00.000,I 75,I 75 and Akers Mill Rd,,Sideswipe-Same Direction,2,Rain,Wet,Daylight
2020-12-18T02:05:00.000,I 75,I 75 and Akers Mill Rd,,Not a Collision with Motor Vehicle,1,Cloudy,Ice/Frost,Dark-Not Lighted
2020-12-08T09:40:00.000,I 75,I 75 and Akers Mill Rd,,Not a Collision with Motor Vehicle,1,Clear,Dry,Daylight
2020-02-24T17:44:00.000,I 75,I 75 and Akers Mill Rd,,Rear End,2,Rain,Wet,Daylight
2020-07-10T20:33:00.000,I 75,I 75 and Akers Mill Rd,,Sideswipe-Same Direction,2,Clear,Dry,Dawn
2020-05-07T16:38:00.000,I 75,I 75 and Akers Mill Rd,,Sideswipe-Same Direction,2,Clear,Dry,Daylight
2020-12-18T02:10:00.000,I 75,I 75 and Akers Mill Rd,,Angle Crash,2,Cloudy,Ice/Frost,Dark-Not Lighted
2021-10-31T03:10:00.000,I 75,I 75 and Akers Mill Rd,,Not a Collision with Motor Vehicle,1,Cloudy,Dry,Dark-Lighted
2021-10-30T21:43:00.000,I 75,I 75 and Akers Mill Rd,,Rear End,2,Cloudy,Wet,Dark-Lighted
2022-07-22T17:15:00.000,I 75,I 75 and Akers Mill Rd,,Sideswipe-Same Direction,2,Cloudy,Dry,Daylight
2022-02-17T22:04:00.000,I 75,I 75 and Akers Mill Rd,,Not a Collision with Motor Vehicle,2,Rain,Wet,Dark-Lighted
2022-04-27T09:00:00.000,I 75,I 75 and Akers Mill Rd,,Sideswipe-Same Direction,2,Clear,Dry,Daylight
2022-03-31T17:05:00.000,I 75,I 75 and Akers Mill Rd,,Sideswipe-Same Direction,2,Clear,Dry,Daylight
2022-02-14T07:35:00.000,I 75,I 75 and Akers Mill Rd,,Rear End,2,Clear,Dry,Daylight
2022-10-06T19:00:00.000,I 75,I 75 and Akers Mill Rd,,Not a Collision with Motor Vehicle,1,Clear,Dry,Dark-Not Lighted
2021-09-01T08:39:00.000,I 75,I 75 and Akers Mill Rd,,Rear End,2,Cloudy,Wet,Daylight
2021-07-30T22:14:00.000,I 75,I 75 and Akers Mill Rd,,Not a Collision with Motor Vehicle,1,Cloudy,Dry,Dark-Lighted
2022-12-19T02:40:00.000,I 75,I 75 and Akers Mill Rd,,Rear End,2,Clear,Dry,Dark-Lighted
2022-01-06T15:33:00.000,I 75,I 75 and Akers Mill Rd,,Rear End,2,Rain,Wet,Daylight
2022-08-19T14:02:00.000,I 75,I 75 and Akers Mill Rd,,Rear End,2,Rain,Wet,Daylight
2022-06-03T13:30:00.000,I 75,I 75 and Akers Mill Rd,,Sideswipe-Same Direction,2,Clear,Dry,Daylight
2022-07-12T12:12:00.000,I 75,I 75 and Akers Mill Rd,,Sideswipe-Same Direction,2,Cloudy,Dry,Daylight
2022-11-06T09:58:00.000,I 75,I 75 and Akers Mill Rd,,Sideswipe-Same Direction,2,Clear,Dry,Daylight
2022-10-13T10:00:00.000,I 75,I 75 and Akers Mill Rd,,Rear End,2,Cloudy,Wet,Daylight
2022-03-26T20:38:00.000,I 75,I 75 and Akers Mill Rd,,Sideswipe-Same Direction,2,Clear,Dry,Dark-Not Lighted
2022-09-14T11:16:00.000,I 75,I 75 and Akers Mill Rd,,Sideswipe-Same Direction,2,Clear,Dry,Daylight
2022-01-24T17:06:00.000,I 75,I 75 and Akers Mill Rd,,Rear End,2,Cloudy,Dry,Daylight
2022-04-23T08:22:00.000,I 75,I 75 and Akers Mill Rd,,Not a Collision with Motor Vehicle,1,Clear,Dry,Daylight
2021-09-04T12:07:00.000,I 75,I 75 and Akers Mill Rd,,Sideswipe-Same Direction,2,Clear,Dry,Daylight
2022-11-28T23:45:00.000,I 75,I 75 and Akers Mill Rd,,Sideswipe-Same Direction,2,Clear,Dry,Dark-Lighted
2022-01-06T16:13:00.000,I 75,I 75 and Akers Mill Rd,,Rear End,2,Rain,Wet,Daylight
2022-10-02T11:06:00.000,I 75,I 75 and Akers Mill Rd,,Sideswipe-Same Direction,2,Clear,Dry,Daylight
2022-10-28T13:21:00.000,I 75,I 75 and Akers Mill Rd,,Not a Collision with Motor Vehicle,1,Cloudy,Dry,Daylight
2022-07-01T11:10:00.000,I 75,I 75 and Akers Mill Rd,,Rear End,2,Rain,Wet,Daylight
2022-04-13T13:45:00.000,I 75,I 75 and Akers Mill Rd,,Sideswipe-Same Direction,2,Clear,Dry,Daylight
2022-10-08T11:21:00.000,I 75,I 75 and Akers Mill Rd,,Sideswipe-Same Direction,2,Clear,Dry,Daylight
2022-11-18T12:40:00.000,I 75,I 75 and Akers Mill Rd,,Sideswipe-Same Direction,2,Clear,Dry,Daylight
2022-12-06T15:22:00.000,I 75,I 75 and Akers Mill Rd,,Rear End,3,Cloudy,Wet,Daylight
2022-10-24T10:36:00.000,I 75,I 75 and Akers Mill Rd,,Sideswipe-Same Direction,2,Clear,Dry,Daylight
2022-02-14T07:54:00.000,I 75,I 75 and Akers Mill Rd,,Rear End,2,Clear,Dry,Daylight
2022-04-10T10:38:00.000,I 75,I 75 and Akers Mill Rd,,Rear End,4,Clear,Dry,Daylight
2022-01-06T15:25:00.000,I 75,I 75 and Akers Mill Rd,,Rear End,3,Rain,Wet,Daylight
2022-10-26T10:56:00.000,I 75,I 75 and Akers Mill Rd,,Sideswipe-Same Direction,2,Cloudy,Dry,Daylight
2022-12-13T21:20:00.000,I 75,I 75 and Akers Mill Rd,,Sideswipe-Same Direction,2,Cloudy,Dry,Dark-Lighted
2022-04-10T07:28:00.000,I 75,I 75 and Akers Mill Rd,,Not a Collision with Motor Vehicle,1,Clear,Dry,Daylight
2022-12-01T12:40:00.000,I 75,I 75 and Akers Mill Rd,,Sideswipe-Same Direction,2,Clear,Dry,Daylight
2022-02-19T16:03:00.000,I 75,I 75 and Akers Mill Rd,,Rear End,2,Clear,Dry,Daylight
2022-08-24T15:24:00.000,I 75,I 75 and Akers Mill Rd,,Rear End,3,Cloudy,Dry,Daylight
2022-05-28T13:23:00.000,I 75,I 75 and Akers Mill Rd,,Rear End,3,Clear,Dry,Daylight
2022-02-20T16:50:00.000,I 75,I 75 and Akers Mill Rd,,Angle Crash,2,Clear,Dry,Daylight
2022-08-10T16:17:00.000,I 75,I 75 and Akers Mill Rd,,Rear End,3,Clear,Dry,Daylight
2022-09-19T11:14:00.000,I 75,I 75 and Akers Mill Rd,,Sideswipe-Same Direction,2,Clear,Dry,Daylight
2022-09-05T18:36:00.000,I 75,I 75 and Akers Mill Rd,,Not a Collision with Motor Vehicle,1,Rain,Wet,Daylight
2022-10-21T09:12:00.000,I 75,I 75 and Akers Mill Rd,,Sideswipe-Same Direction,2,Clear,Dry,Daylight
2022-03-10T14:52:00.000,I 75,I 75 and Akers Mill Rd,,Rear End,2,Clear,Dry,Daylight
2022-01-02T14:26:00.000,I 75,I 75 and Akers Mill Rd,,Rear End,2,Rain,Wet,Daylight
2022-02-16T14:57:00.000,I 75,I 75 and Akers Mill Rd,,Rear End,2,Clear,Dry,Daylight
2022-08-30T15:59:00.000,I 75,I 75 and Akers Mill Rd,,Rear End,2,Rain,Wet,Daylight
2022-12-29T15:18:00.000,I 75,I 75 and Akers Mill Rd,,Sideswipe-Same Direction,2,Clear,Dry,Daylight
2022-05-04T07:26:00.000,I 75,I 75 and Akers Mill Rd,,Sideswipe-Same Direction,2,Rain,Wet,Daylight
2022-01-06T16:18:00.000,I 75,I 75 and Akers Mill Rd,,Sideswipe-Same Direction,2,Rain,Wet,Daylight
2022-08-11T14:45:00.000,I 75,I 75 and Akers Mill Rd,,Rear End,2,Cloudy,Dry,Daylight
2022-09-16T19:25:00.000,I 75,I 75 and Akers Mill Rd,,Sideswipe-Same Direction,2,Clear,Dry,Dusk
2022-04-03T12:40:00.000,I 75,I 75 and Akers Mill Rd,,Not a Collision with Motor Vehicle,1,Clear,Dry,Daylight
2022-08-04T16:41:00.000,I 75,I 75 and Akers Mill Rd,,Rear End,2,Rain,Wet,Daylight
2022-10-27T15:54:00.000,I 75,I 75 and Akers Mill Rd,,Rear End,2,Clear,Dry,Daylight
2022-09-21T13:09:00.000,I 75,I 75 and Akers Mill Rd,,Sideswipe-Same Direction,2,Clear,Dry,Daylight
2022-10-23T16:40:00.000,I 75,I 75 and Akers Mill Rd,,Sideswipe-Same Direction,2,Clear,Dry,Daylight
2022-12-04T09:40:00.000,I 75,I 75 and Akers Mill Rd,,Sideswipe-Same Direction,2,Clear,Dry,Daylight
2023-01-08T09:45:00.000,I 75,I 75 and Akers Mill Rd,,Sideswipe-Same Direction,2,Clear,Dry,Daylight
2023-04-28T16:30:00.000,I 75,I 75 and Akers Mill Rd,,Sideswipe-Same Direction,2,Clear,Dry,Daylight
2024-10-08T00:19:00.000,I 75,I 75 and Akers Mill Rd,,Sideswipe-Same Direction,2,Clear,Dry,Dark-Not Lighted
2024-09-25T12:52:00.000,I 75,I 75 and Akers Mill Rd,,Rear End,2,Clear,Dry,Daylight
2024-02-26T08:10:00.000,I 75,I 75 and Akers Mill Rd,,Rear End,3,Cloudy,Dry,Daylight
2024-03-02T21:29:00.000,I 75,I 75 and Akers Mill Rd,,Rear End,2,Clear,Dry,Dark-Not Lighted
2024-01-08T11:00:00.000,I 75,I 75 and Akers Mill Rd,,Sideswipe-Same Direction,2,Clear,Dry,Daylight
2024-04-05T21:51:00.000,I 75,I 75 and Akers Mill Rd,,Rear End,2,Clear,Dry,Dark-Not Lighted
2023-08-11T18:00:00.000,I 75,I 75 and Akers Mill Rd,,Not a Collision with Motor Vehicle,2,Clear,Dry,Daylight
2024-11-07T17:00:00.000,I 75,I 75 and Akers Mill Rd,,Sideswipe-Same Direction,2,Clear,Dry,Daylight
2023-08-25T16:25:00.000,I 75,I 75 and Akers Mill Rd,,Sideswipe-Same Direction,2,Clear,Dry,Daylight
2023-02-17T13:39:00.000,I 75,I 75 and Akers Mill Rd,,Rear End,2,Cloudy,Dry,Daylight
2023-06-09T16:20:00.000,I 75,I 75 and Akers Mill Rd,,Sideswipe-Same Direction,2,Clear,Dry,Daylight
2023-03-07T15:00:00.000,I 75,I 75 and Akers Mill Rd,,Rear End,2,Clear,Dry,Daylight