Date and Time,Roadway (From Crash Report),Intersection Name (from Crash Report),KABCO Severity,Manner of Collision (Crash Level) ,# of Vehicles per crash ,Weather Conditions (Crash Level),Surface Condition (Crash Level) ,Light Conditions (Crash Level)
2023-09-21T18:32:00.000,I 75,I 75 and Akers Mill Rd,,Rear End,3,Cloudy,Dry,Daylight
2023-04-07T18:30:00.000,I 75,I 75 and Akers Mill Rd,,Not a Collision with Motor Vehicle,2,Cloudy,Dry,Daylight
2023-06-01T08:27:00.000,I 75,I 75 and Akers Mill Rd,,Rear End,2,Cloudy,Dry,Daylight
2023-05-10T15:28:00.000,I 75,I 75 and Akers Mill Rd,,Rear End,2,Clear,Dry,Daylight
2023-02-17T13:44:00.000,I 75,I 75 and Akers Mill Rd,,Rear End,2,Clear,Dry,Daylight
2023-01-30T15:27:00.000,I 75,I 75 and Akers Mill Rd,,Rear End,2,Cloudy,Wet,Daylight
2023-12-25T15:25:00.000,I 75,I 75 and Akers Mill Rd,,Sideswipe-Same Direction,2,Rain,Wet,Daylight
2023-11-05T18:31:00.000,I 75,I 75 and Akers Mill Rd,,Rear End,2,Clear,Dry,Dark-Lighted
2023-04-09T13:33:00.000,I 75,I 75 and Akers Mill Rd,,Angle Crash,2,Clear,Dry,Daylight
2023-01-30T14:41:00.000,I 75,I 75 and Akers Mill Rd,,Rear End,2,Cloudy,Wet,Daylight
2023-06-14T06:39:00.000,I 75,I 75 and Akers Mill Rd,,Not a Collision with Motor Vehicle,1,Cloudy,Dry,Daylight
2023-07-10T08:20:00.000,I 75,I 75 and Akers Mill Rd,,Rear End,2,Cloudy,Wet,Daylight
2023-05-03T18:47:00.000,I 75,I 75 and Akers Mill Rd,,Rear End,2,Clear,Dry,Daylight
2023-10-26T22:31:00.000,I 75,I 75 and Akers Mill Rd,,Sideswipe-Same Direction,2,Clear,Dry,Dark-Lighted
2023-08-29T07:55:00.000,I 75,I 75 and Akers Mill Rd,,Sideswipe-Same Direction,2,Cloudy,Dry,Daylight
2023-12-10T17:48:00.000,I 75,I 75 and Akers Mill Rd,,Rear End,2,Rain,Wet,Dark-Not Lighted
2023-01-07T11:31:00.000,I 75,I 75 and Akers Mill Rd,,Rear End,3,Cloudy,Dry,Daylight
2023-04-27T17:30:00.000,I 75,I 75 and Akers Mill Rd,,Rear End,2,Cloudy,Dry,Daylight
2024-02-22T17:40:00.000,I 75,I 75 and Akers Mill Rd,,Rear End,1,Clear,Dry,Daylight
2024-01-08T11:04:00.000,I 75,I 75 and Akers Mill Rd,,Not a Collision with Motor Vehicle,1,Clear,Dry,Daylight
2024-09-25T12:52:00.000,I 75,I 75 and Akers Mill Rd,,Rear End,2,Rain,Wet,Daylight
2024-07-05T12:00:00.000,I 75,I 75 and Akers Mill Rd,,Sideswipe-Same Direction,2,Rain,Wet,Daylight
2024-09-26T14:53:00.000,I 75,I 75 and Akers Mill Rd,,Rear End,2,Rain,Wet,Daylight
2024-06-21T17:53:00.000,I 75,I 75 and Akers Mill Rd,,Sideswipe-Same Direction,2,Clear,Dry,Daylight
2024-10-08T11:35:00.000,I 75,I 75 and Akers Mill Rd,,Rear End,2,Clear,Dry,Daylight
2024-01-23T17:20:00.000,I 75,I 75 and Akers Mill Rd,,Sideswipe-Same Direction,2,Cloudy,Dry,Daylight
2024-09-25T12:53:00.000,I 75,I 75 and Akers Mill Rd,,Rear End,2,Clear,Dry,Daylight
2024-11-21T09:25:00.000,I 75,I 75 and Akers Mill Rd,,Rear End,2,Clear,Dry,Daylight
2024-02-08T14:20:00.000,I 75,I 75 and Akers Mill Rd,,Rear End,2,Cloudy,Dry,Daylight
2024-11-25T18:00:00.000,I 75,I 75 and Akers Mill Rd,,Sideswipe-Opposite Direction,2,Clear,Dry,Daylight
2024-07-18T16:15:00.000,I 75,I 75 and Akers Mill Rd,,Sideswipe-Same Direction,2,Rain,Wet,Daylight
2024-09-23T09:00:00.000,I 75,I 75 and Akers Mill Rd,,Rear End,2,Clear,Dry,Daylight
2024-06-14T18:00:00.000,I 75,I 75 and Akers Mill Rd,,Rear End,3,Clear,Dry,Daylight
2024-01-27T13:51:00.000,I 75,I 75 and Akers Mill Rd,,Sideswipe-Same Direction,1,Rain,Wet,Daylight
2024-09-14T22:15:00.000,I 75,I 75 and Akers Mill Rd,,Sideswipe-Same Direction,2,Clear,Dry,Dark-Lighted
2024-06-06T14:47:00.000,I 75,I 75 and Akers Mill Rd,,Rear End,3,Cloudy,Dry,Daylight
2024-01-03T10:28:00.000,I 75,I 75 and Akers Mill Rd,,Rear End,2,Cloudy,Dry,Daylight
2024-08-28T16:20:00.000,I 75,I 75 and Akers Mill Rd,,Rear End,2,Clear,Dry,Daylight
2024-01-27T13:51:00.000,I 75,I 75 and Akers Mill Rd,,Sideswipe-Same Direction,2,Rain,Wet,Daylight
2024-01-15T15:09:00.000,I 75,I 75 and Akers Mill Opas,,Sideswipe-Same Direction,2,Clear,Dry,Daylight
2020-05-27T12:25:00.000,I 75,I 75 and Airport Museum Way,,Rear End,6,Rain,Wet,Daylight
2021-04-05T17:22:00.000,I 75,I 75 and Airline Museum Way,,Sideswipe-Same Direction,2,Clear,Dry,Daylight
2023-01-17T17:21:00.000,I 75,I 75 and After Windy Hill Rd,,Rear End,2,Cloudy,Dry,Dark-Lighted
2023-04-10T16:48:00.000,I 75,I 75 and After Wade Green Rd,,Rear End,2,Clear,Dry,Daylight
2022-07-22T16:05:00.000,I 75,I 75 and After Wade Green Rd,,Rear End,2,Cloudy,Dry,Daylight
2022-08-16T17:11:00.000,I 75,I 75 and After W Paces Ferry Rd,,Sideswipe-Same Direction,2,Cloudy,Dry,Daylight
2022-05-27T18:13:00.000,I 75,I 75 and After S Marietta Pkwy,,Rear End,2,Cloudy,Dry,Daylight
2022-07-22T14:39:00.000,I 75,I 75 and After S Marietta Pkwy,,Rear End,2,Cloudy,Dry,Daylight
2022-07-21T15:02:00.000,I 75,I 75 and After Northside Dr,,Rear End,2,Cloudy,Dry,Daylight
2022-10-21T13:59:00.000,I 75,I 75 and After N Marietta Pkwy,,Sideswipe-Same Direction,2,Clear,Dry,Daylight
2022-09-27T14:44:00.000,I 75,I 75 and After N Marietta Pkwy,,Rear End,3,Clear,Dry,Daylight
2022-10-21T14:09:00.000,I 75,I 75 and After N Marietta Pkwy,,Sideswipe-Same Direction,4,Clear,Dry,Daylight
2023-03-16T16:13:00.000,I 75,I 75 and After N Marietta Pkwy,,Sideswipe-Same Direction,2,Clear,Dry,Daylight
2022-08-25T17:05:00.000,I 75,I 75 and After Mt Paran Rd,,Rear End,2,Cloudy,Dry,Daylight
2022-06-06T17:23:00.000,I 75,I 75 and After Mt Paran,,Rear End,2,Clear,Wet,Daylight
2022-07-28T17:34:00.000,I 75,I 75 and After Mt Paran,,Sideswipe-Same Direction,2,Clear,Dry,Daylight
2022-07-29T11:34:00.000,I 75,I 75 and After I285,,Sideswipe-Same Direction,2,Cloudy,Dry,Daylight
2022-11-22T16:23:00.000,I 75,I 75 and After Howell Mill Rd,,Sideswipe-Same Direction,2,Cloudy,Dry,Daylight
2022-11-28T15:47:00.000,I 75,I 75 and After Exit 259,,Sideswipe-Same Direction,2,Clear,Dry,Daylight
2022-09-26T13:00:00.000,I 75,I 75 and After Exit 259,,Sideswipe-Same Direction,2,Clear,Dry,Daylight
2023-04-11T17:14:00.000,I 75,I 75 and After Delk Rd,,Sideswipe-Same Direction,2,Clear,Dry,Daylight
2023-04-20T16:27:00.000,I 75,I 75 and After Cumberland Blvd,,Rear End,2,Clear,Dry,Daylight
2023-03-14T06:48:00.000,I 75,I 75 and After Canton Rd,,Rear End,3,Clear,Dry,Dark-Not Lighted
2021-10-11T21:10:00.000,I 75,I 75 and Adcock Rd,,Rear End,1,Clear,Dry,Dark-Not Lighted
2023-04-13T14:02:00.000,I 75,I 75 and Adcock Rd,,Rear End,2,Cloudy,Wet,Daylight
2023-12-29T01:53:00.000,I 75,I 75 and Adcock Rd,,Rear End,2,Clear,Dry,Dark-Not Lighted
2023-11-08T01:26:00.000,I 75,I 75 and Adcock Rd,,Head On,1,Clear,Dry,Dark-Not Lighted
2023-06-13T14:16:00.000,I 75,I 75 and Adcock Rd,,Sideswipe-Same Direction,2,Cloudy,Dry,Daylight
2022-04-07T13:08:00.000,I 75,I 75 and Adcock Rd,,Sideswipe-Same Direction,2,Clear,Dry,Daylight
2024-06-11T01:16:00.000,I 75,I 75 and Adcock Rd,,Not a Collision with Motor Vehicle,1,Rain,Wet,Dark-Not Lighted
2020-10-05T13:30:00.000,I 75,I 75 and Adcock Rd,,Rear End,2,Clear,Dry,Daylight
2020-07-06T20:09:00.000,I 75,I 75 and Adcock Rd,,Not a Collision with Motor Vehicle,1,Rain,Wet,Dusk
2021-06-26T00:24:00.000,I 75,I 75 and Adcock Rd,,Not a Collision with Motor Vehicle,1,Clear,Dry,Dark-Not Lighted
2021-08-29T11:06:00.000,I 75,I 75 and Adcock Rd,,Angle Crash,2,Clear,Dry,Daylight
2022-01-20T10:10:00.000,I 75,I 75 and Adcock Rd,,Not a Collision with Motor Vehicle,1,Cloudy,Dry,Daylight
2022-01-01T15:39:00.000,I 75,I 75 and Adcock Rd,,Sideswipe-Same Direction,2,Clear,Dry,Daylight
2021-12-15T06:36:00.000,I 75,I 75 and Adcock Rd,,Rear End,2,Clear,Dry,Dark-Lighted
2021-11-03T09:15:00.000,I 75,I 75 and Adcock Rd,,Not a Collision with Motor Vehicle,2,Clear,Dry,Daylight
2022-07-29T10:20:00.000,I 75,I 75 and Adcock Rd,,Angle Crash,2,Clear,Dry,Daylight
2023-04-03T14:47:00.000,I 75,I 75 and Adcock Rd,,Not a Collision with Motor Vehicle,1,Rain,Wet,Daylight
2023-11-24T11:40:00.000,I 75,I 75 and Adcock Rd,,Sideswipe-Same Direction,2,Clear,Dry,Daylight
2023-12-29T17:20:00.000,I 75,I 75 and Adcock Rd,,Not a Collision with Motor Vehicle,1,Clear,Dry,Daylight
2024-08-12T20:00:00.000,I 75,I 75 and Adcock,,Sideswipe-Same Direction,2,Clear,Dry,Daylight
2020-05-04T22:07:00.000,I 75,I 75 and Adamson Rd,,Not a Collision with Motor Vehicle,4,Clear,Dry,Dark-Lighted
2020-02-23T19:36:00.000,I 75,I 75 and Adamson Rd,,Rear End,2,Clear,Dry,Dark-Lighted
2022-10-11T19:55:00.000,I 75,I 75 and Adairsville Rest Area Entrance,,Sideswipe-Same Direction,2,Cloudy,Dry,Dark-Not Lighted
2023-05-26T21:03:00.000,I 75,I 75 and Adairsville Rest Area 34 Entr,,Sideswipe-Same Direction,2,Cloudy,Dry,Dark-Not Lighted
2024-03-31T01:05:00.000,I 75,I 75 and Adairsville Plesant Valley Roa,,Sideswipe-Same Direction,2,Clear,Dry,Dark-Not Lighted
2024-10-09T22:16:00.000,I 75,I 75 and Adairsville Pleasant Valley Ro,,Rear End,2,Cloudy,Dry,Dark-Not Lighted
2024-09-16T18:35:00.000,I 75,I 75 and Adairsville Pleasant Valley Ro,,Not a Collision with Motor Vehicle,1,Clear,Dry,Daylight
2024-10-13T05:57:00.000,I 75,I 75 and Adairsville Pleasant Valley Ro,,Not a Collision with Motor Vehicle,1,Clear,Dry,Dark-Not Lighted
2024-05-22T08:25:00.000,I 75,I 75 and Adairsville Pleasant Valley Ro,,Sideswipe-Same Direction,2,Clear,Dry,Daylight
2022-10-04T08:34:00.000,I 75,I 75 and Abernathy Blvd.,,Rear End,2,Clear,Dry,Daylight
2024-04-25T15:30:00.000,I 75,I 75 and Abernathy Blvd,,Rear End,2,Clear,Dry,Daylight
2022-05-28T13:20:00.000,I 75,I 75 and Abernathy Ave,,Rear End,2,Clear,Dry,Daylight
2024-02-02T16:15:00.000,I 75,I 75 and Abdrew Young Int Blvd,,Rear End,2,Clear,Dry,Daylight
2022-02-18T19:00:00.000,I 75,I 75 and A-75 N Mm 211,,Rear End,3,Clear,Dry,Dark-Lighted
2022-01-31T09:23:00.000,I 75,I 75 and 9Th St,,Rear End,5,Clear,Dry,Daylight
2022-01-31T09:25:00.000,I 75,I 75 and 9Th St,,Rear End,2,Clear,Dry,Daylight
2023-03-25T14:34:00.000,I 75,I 75 and 99 Mile Marker,,Rear End,2,Clear,Dry,Daylight
2021-04-11T04:19:00.000,I 75,I 75 and 8Th St,,Sideswipe-Same Direction,2,Clear,Dry,Dark-Lighted
2023-09-24T14:45:00.000,I 75,I 75 and 8Th St,,Rear End,2,Clear,Dry,Daylight
2023-07-11T11:10:00.000,I 75,I 75 and 8Th St,,Angle Crash,2,Clear,Dry,Daylight
2020-12-03T12:21:00.000,I 75,I 75 and 8Th St,,Rear End,2,Clear,Dry,Daylight
2020-10-07T15:15:00.000,I 75,I 75 and 8Th St,,Rear End,2,Clear,Dry,Daylight
2020-10-07T14:25:00.000,I 75,I 75 and 8Th St,,Not a Collision with Motor Vehicle,1,Clear,Dry,Daylight
2021-04-11T03:33:00.000,I 75,I 75 and 8Th St,,Sideswipe-Same Direction,2,Clear,Dry,Dark-Lighted
2021-08-30T17:35:00.000,I 75,I 75 and 8Th St,,Rear End,2,Cloudy,Dry,Daylight
2021-08-01T14:37:00.000,I 75,I 75 and 8Th St,,Not a Collision with Motor Vehicle,1,Clear,Dry,Daylight
2022-07-28T06:09:00.000,I 75,I 75 and 8Th St,,Rear End,2,Clear,Dry,Daylight
2022-01-21T02:37:00.000,I 75,I 75 and 8Th St,,Sideswipe-Same Direction,2,Clear,Wet,Dark-Lighted
2024-06-07T15:05:00.000,I 75,I 75 and 8Th St,,Rear End,2,Clear,Dry,Daylight
2024-04-24T16:56:00.000,I 75,I 75 and 8Th St,,Rear End,3,Clear,Dry,Daylight
2022-04-20T22:49:00.000,I 75,I 75 and 8Th Avenue Opas,,Angle Crash,2,Clear,Dry,Dark-Lighted
2021-02-06T02:44:00.000,I 75,I 75 and 8Th Ave,,Sideswipe-Same Direction,2,Clear,Dry,Dark-Not Lighted
2021-01-30T15:21:00.000,I 75,I 75 and 8Th Ave,,Rear End,2,Clear,Dry,Daylight
2021-04-06T17:21:00.000,I 75,I 75 and 8Th Ave,,Rear End,2,Clear,Dry,Daylight
2021-09-15T17:48:00.000,I 75,I 75 and 8Th Ave,,Not a Collision with Motor Vehicle,1,Rain,Wet,Daylight
2023-04-02T13:45:00.000,I 75,I 75 and 8Th Ave,,Sideswipe-Same Direction,2,Clear,Dry,Daylight
2020-08-17T21:48:00.000,I 75,I 75 and 8Th Ave,,Not a Collision with Motor Vehicle,1,Clear,Dry,Dark-Lighted
2021-10-03T08:14:00.000,I 75,I 75 and 8Th Ave,,Angle Crash,2,Clear,Dry,Daylight
2021-11-14T15:41:00.000,I 75,I 75 and 8Th Ave,,Not a Collision with Motor Vehicle,1,Clear,Dry,Daylight
2022-08-08T16:50:00.000,I 75,I 75 and 8Th Ave,,Not a Collision with Motor Vehicle,1,Rain,Wet,Daylight
2024-02-27T07:42:00.000,I 75,I 75 and 8Th Ave,,Head On,1,Clear,Dry,Daylight
2024-02-09T13:50:00.000,I 75,I 75 and 8Th Ave,,Rear End,2,Clear,Dry,Daylight
2022-09-04T22:15:00.000,I 75,I 75 and 85 S Split,,Rear End,2,Cloudy,Wet,Dark-Lighted
2022-10-05T12:59:00.000,I 75,I 75 and 7Th St,,Rear End,2,Clear,Dry,Daylight
2021-07-28T20:00:00.000,I 75,I 75 and 7Mile Marker,,Not a Collision with Motor Vehicle,1,Rain,Wet,Dusk
2020-11-19T00:20:00.000,I 75,I 75 and 75South Bound Exit Rp,,Rear End,2,Clear,Dry,Dark-Not Lighted
2020-04-08T23:02:00.000,I 75,I 75 and 75South Bound Exit Rp,,Sideswipe-Same Direction,2,Clear,Dry,Dark-Not Lighted
2020-05-05T17:20:00.000,I 75,I 75 and 75South Bound 353 Exit Rp,,Sideswipe-Same Direction,2,Cloudy,Wet,Daylight
2021-09-19T22:30:00.000,I 75,I 75 and 75 S Rp,,Rear End,2,Clear,Dry,Daylight
2023-10-11T17:32:00.000,I 75,I 75 and 75 S Mm277 Exit Rp,,Rear End,2,Rain,Wet,Daylight
2020-01-15T20:26:00.000,I 75,I 75 and 75 S Is,,Rear End,2,Clear,Dry,Dark-Not Lighted
2022-04-27T08:18:00.000,I 75,I 75 and 75 N Mm308,,Rear End,2,Clear,Dry,Daylight
2023-07-29T10:39:00.000,I 75,I 75 and 75 N Mm278 Entrance Rp,,Sideswipe-Same Direction,2,Clear,Dry,Daylight
2024-03-15T12:31:00.000,I 75,I 75 and 75 N Entrance Rp,,Head On,1,Rain,Wet,Daylight
2023-04-07T16:13:00.000,I 75,I 75 and 75 Mm 288,,Rear End,3,Cloudy,Dry,Daylight
2022-03-30T16:04:00.000,I 75,I 75 and 75 85 Split,,Rear End,2,Clear,Dry,Daylight
2024-05-12T19:35:00.000,I 75,I 75 and 75 85,,Angle Crash,2,Cloudy,Dry,Daylight
2020-01-15T05:45:00.000,I 75,I 75 and 75   Hov Ramps Pkwy,,Angle Crash,2,Clear,Dry,Dark-Not Lighted
2024-06-13T12:17:00.000,I 75,I 75 and 675 Mm0 Exit,,Rear End,3,Clear,Dry,Daylight
2020-11-05T00:54:00.000,I 75,I 75 and 67 Mm,,Not a Collision with Motor Vehicle,1,Clear,Dry,Dark-Not Lighted
2023-12-12T15:46:00.000,I 75,I 75 and 62 On Rp,,Sideswipe-Same Direction,2,Clear,Dry,Daylight
2024-07-02T12:54:00.000,I 75,I 75 and 5Th Streete,,Rear End,2,Clear,Dry,Daylight
2020-12-24T03:08:00.000,I 75,I 75 and 5Th Street Opas,,Sideswipe-Same Direction,3,Clear,Dry,Dark-Lighted
2024-01-19T17:25:00.000,I 75,I 75 and 5Th Street Opas,,Sideswipe-Same Direction,2,Clear,Dry,Daylight
2023-05-27T15:07:00.000,I 75,I 75 and 5Th Street Opas,,Sideswipe-Same Direction,2,Clear,Dry,Daylight
2023-10-28T02:21:00.000,I 75,I 75 and 5Th Street Opas,,Sideswipe-Same Direction,2,Clear,Dry,Dark-Lighted
2023-06-12T06:05:00.000,I 75,I 75 and 5Th St Opas,,Rear End,3,Cloudy,Wet,Dark-Lighted
2023-10-12T08:10:00.000,I 75,I 75 and 5Th St Opas,,Rear End,2,Cloudy,Wet,Daylight
2022-04-15T13:21:00.000,I 75,I 75 and 5Th St Opas,,Rear End,2,Clear,Dry,Daylight
2022-08-23T19:22:00.000,I 75,I 75 and 5Th St Opas,,Rear End,2,Cloudy,Dry,Daylight
2024-02-05T17:40:00.000,I 75,I 75 and 5Th St Opas,,Rear End,4,Clear,Dry,Daylight
2024-11-12T10:30:00.000,I 75,I 75 and 5Th St Opas,,Sideswipe-Same Direction,2,Clear,Dry,Daylight
2023-10-12T08:00:00.000,I 75,I 75 and 5Th St Opas,,Rear End,2,Cloudy,Wet,Daylight
2023-10-12T08:10:00.000,I 75,I 75 and 5Th St Opas,,Rear End,2,Cloudy,Wet,Daylight
2023-08-31T06:33:00.000,I 75,I 75 and 5Th St Nw Opas,,Sideswipe-Same Direction,2,Clear,Wet,Dark-Lighted
2021-05-17T10:00:00.000,I 75,I 75 and 5Th St,,Rear End,2,Clear,Dry,Daylight
2021-01-15T00:50:00.000,I 75,I 75 and 5Th St,,Rear End,2,Clear,Dry,Daylight
2021-12-09T09:00:00.000,I 75,I 75 and 5Th St,,Sideswipe-Same Direction,2,Cloudy,Dry,Daylight
2021-10-29T16:50:00.000,I 75,I 75 and 5Th St,,Sideswipe-Same Direction,2,Cloudy,Dry,Daylight
2021-10-27T09:55:00.000,I 75,I 75 and 5Th St,,Rear End,2,Clear,Dry,Daylight
2021-03-16T17:40:00.000,I 75,I 75 and 5Th St,,Rear End,2,Rain,Wet,Daylight
2021-04-30T10:00:00.000,I 75,I 75 and 5Th St,,Rear End,2,Cloudy,Dry,Daylight
2021-11-09T15:50:00.000,I 75,I 75 and 5Th St,,Rear End,2,Clear,Dry,Daylight
2021-09-16T07:30:00.000,I 75,I 75 and 5Th St,,Rear End,2,Rain,Wet,Daylight
2021-10-19T07:10:00.000,I 75,I 75 and 5Th St,,Angle Crash,2,Clear,Dry,Daylight
2021-10-07T10:30:00.000,I 75,I 75 and 5Th St,,Rear End,2,Cloudy,Wet,Daylight
2021-11-08T18:40:00.000,I 75,I 75 and 5Th St,,Rear End,2,Clear,Dry,Dark-Lighted
2021-12-23T06:40:00.000,I 75,I 75 and 5Th St,,Sideswipe-Same Direction,2,Clear,Dry,Dark-Lighted
2021-10-28T10:40:00.000,I 75,I 75 and 5Th St,,Rear End,2,Rain,Wet,Daylight
2021-11-25T14:30:00.000,I 75,I 75 and 5Th St,,Sideswipe-Same Direction,2,Clear,Dry,Daylight
2021-10-04T18:50:00.000,I 75,I 75 and 5Th St,,Rear End,2,Cloudy,Wet,Daylight
2021-09-05T20:10:00.000,I 75,I 75 and 5Th St,,Rear End,2,Clear,Dry,Dark-Lighted
2021-10-18T15:50:00.000,I 75,I 75 and 5Th St,,Rear End,2,Clear,Dry,Daylight
2021-04-19T17:46:00.000,I 75,I 75 and 5Th St,,Rear End,2,Clear,Dry,Daylight
2021-02-04T16:40:00.000,I 75,I 75 and 5Th St,,Sideswipe-Same Direction,2,Clear,Dry,Daylight
2021-03-26T18:46:00.000,I 75,I 75 and 5Th St,,Rear End,2,Cloudy,Dry,Daylight
2021-09-02T18:00:00.000,I 75,I 75 and 5Th St,,Sideswipe-Same Direction,2,Clear,Dry,Daylight
2021-07-15T10:40:00.000,I 75,I 75 and 5Th St,,Rear End,4,Cloudy,Dry,Daylight
2023-02-13T17:18:00.000,I 75,I 75 and 5Th St,,Sideswipe-Same Direction,2,Clear,Dry,Daylight
2023-03-03T07:30:00.000,I 75,I 75 and 5Th St,,Sideswipe-Same Direction,2,Cloudy,Wet,Daylight
2023-02-13T16:30:00.000,I 75,I 75 and 5Th St,,Sideswipe-Same Direction,2,Clear,Dry,Daylight
2023-01-04T17:40:00.000,I 75,I 75 and 5Th St,,Sideswipe-Same Direction,2,Clear,Dry,Dusk
2023-04-07T17:35:00.000,I 75,I 75 and 5Th St,,Sideswipe-Same Direction,2,Clear,Dry,Daylight
2023-01-09T18:44:00.000,I 75,I 75 and 5Th St,,Sideswipe-Same Direction,2,Clear,Dry,Dark-Lighted
2023-05-26T13:40:00.000,I 75,I 75 and 5Th St,,Rear End,2,Clear,Dry,Daylight
2023-02-10T17:35:00.000,I 75,I 75 and 5Th St,,Rear End,2,Clear,Dry,Daylight
2023-12-01T09:28:00.000,I 75,I 75 and 5Th St,,Sideswipe-Same Direction,2,Rain,Wet,Daylight
2023-08-03T09:20:00.000,I 75,I 75 and 5Th St,,Rear End,2,Clear,Dry,Daylight
2023-05-23T10:55:00.000,I 75,I 75 and 5Th St,,Sideswipe-Same Direction,2,Cloudy,Dry,Daylight
2023-06-10T23:00:00.000,I 75,I 75 and 5Th St,,Rear End,2,Clear,Dry,Dark-Lighted
2023-01-05T08:10:00.000,I 75,I 75 and 5Th St,,Sideswipe-Same Direction,3,Clear,Dry,Daylight
2023-07-04T13:45:00.000,I 75,I 75 and 5Th St,,Sideswipe-Same Direction,2,Clear,Dry,Daylight
2023-11-06T07:00:00.000,I 75,I 75 and 5Th St,,Rear End,2,Clear,Dry,Dark-Lighted
2023-08-24T13:00:00.000,I 75,I 75 and 5Th St,,Sideswipe-Same Direction,2,Clear,Dry,Daylight
2023-04-14T16:45:00.000,I 75,I 75 and 5Th St,,Sideswipe-Same Direction,2,Clear,Dry,Daylight
2023-06-13T12:30:00.000,I 75,I 75 and 5Th St,,Rear End,2,Clear,Dry,Daylight
2023-09-18T07:30:00.000,I 75,I 75 and 5Th St,,Rear End,3,Clear,Dry,Daylight
2023-10-24T14:15:00.000,I 75,I 75 and 5Th St,,Sideswipe-Same Direction,2,Clear,Dry,Daylight
2023-01-19T07:30:00.000,I 75,I 75 and 5Th St,,Rear End,3,Rain,Wet,Daylight
2023-08-03T09:20:00.000,I 75,I 75 and 5Th St,,Rear End,2,Clear,Dry,Daylight
2023-05-09T16:00:00.000,I 75,I 75 and 5Th St,,Sideswipe-Same Direction,2,Clear,Dry,Daylight
2023-02-14T15:05:00.000,I 75,I 75 and 5Th St,,Sideswipe-Same Direction,2,Clear,Dry,Daylight
2023-03-27T09:45:00.000,I 75,I 75 and 5Th St,,Rear End,2,Rain,Wet,Daylight
2023-09-28T12:32:00.000,I 75,I 75 and 5Th St,,Sideswipe-Same Direction,2,Cloudy,Dry,Daylight
2023-08-10T14:50:00.000,I 75,I 75 and 5Th St,,Rear End,2,Clear,Dry,Daylight
2023-10-02T18:20:00.000,I 75,I 75 and 5Th St,,Rear End,2,Clear,Dry,Daylight
2023-09-12T16:50:00.000,I 75,I 75 and 5Th St,,Sideswipe-Same Direction,2,Clear,Dry,Daylight
2022-07-08T14:40:00.000,I 75,I 75 and 5Th St,,Rear End,2,Clear,Dry,Daylight
2020-01-13T06:25:00.000,I 75,I 75 and 5Th St,,Sideswipe-Same Direction,2,Rain,Wet,Dark-Lighted
2020-01-07T19:19:00.000,I 75,I 75 and 5Th St,,Rear End,2,Clear,Dry,Dark-Lighted
2020-08-06T07:35:00.000,I 75,I 75 and 5Th St,,Sideswipe-Same Direction,2,Clear,Dry,Daylight
2020-01-24T19:43:00.000,I 75,I 75 and 5Th St,,Rear End,2,Cloudy,Wet,Dark-Lighted
2020-10-16T15:30:00.000,I 75,I 75 and 5Th St,,Rear End,3,Clear,Dry,Daylight
2020-01-10T19:41:00.000,I 75,I 75 and 5Th St,,Sideswipe-Same Direction,2,Cloudy,Dry,Dark-Lighted
2021-03-18T17:00:00.000,I 75,I 75 and 5Th St,,Rear End,2,Clear,Dry,Daylight
2021-10-11T19:40:00.000,I 75,I 75 and 5Th St,,Sideswipe-Same Direction,2,Clear,Dry,Dusk
2021-09-02T09:30:00.000,I 75,I 75 and 5Th St,,Rear End,2,Clear,Dry,Daylight
2021-08-24T10:30:00.000,I 75,I 75 and 5Th St,,Sideswipe-Same Direction,3,Clear,Dry,Daylight
2021-12-17T12:00:00.000,I 75,I 75 and 5Th St,,Sideswipe-Same Direction,3,Cloudy,Dry,Daylight
2021-11-04T09:50:00.000,I 75,I 75 and 5Th St,,Sideswipe-Same Direction,2,Rain,Wet,Daylight
2021-08-31T15:18:00.000,I 75,I 75 and 5Th St,,Rear End,2,Clear,Dry,Daylight
2021-10-07T16:25:00.000,I 75,I 75 and 5Th St,,Rear End,2,Rain,Wet,Daylight
2021-10-07T12:45:00.000,I 75,I 75 and 5Th St,,Rear End,2,Cloudy,Wet,Daylight
2021-12-29T11:40:00.000,I 75,I 75 and 5Th St,,Rear End,2,Rain,Wet,Daylight
2021-10-04T07:00:00.000,I 75,I 75 and 5Th St,,Rear End,2,Rain,Wet,Daylight
2021-09-23T17:20:00.000,I 75,I 75 and 5Th St,,Rear End,5,Clear,Dry,Daylight
2021-10-07T12:46:00.000,I 75,I 75 and 5Th St,,Rear End,3,Cloudy,Wet,Daylight
2021-11-11T11:40:00.000,I 75,I 75 and 5Th St,,Sideswipe-Same Direction,2,Clear,Dry,Daylight
2021-10-07T12:45:00.000,I 75,I 75 and 5Th St,,Rear End,3,Cloudy,Wet,Daylight
2021-10-12T19:45:00.000,I 75,I 75 and 5Th St,,Sideswipe-Same Direction,2,Clear,Dry,Dark-Lighted
2022-01-26T12:47:00.000,I 75,I 75 and 5Th St,,Rear End,2,Clear,Dry,Daylight
2022-07-08T10:42:00.000,I 75,I 75 and 5Th St,,Sideswipe-Same Direction,2,Clear,Dry,Daylight
2021-09-16T07:30:00.000,I 75,I 75 and 5Th St,,Rear End,2,Rain,Wet,Daylight
2021-08-26T10:20:00.000,I 75,I 75 and 5Th St,,Rear End,4,Clear,Dry,Daylight
2021-08-30T17:11:00.000,I 75,I 75 and 5Th St,,Sideswipe-Same Direction,2,Cloudy,Dry,Daylight
2021-12-08T12:00:00.000,I 75,I 75 and 5Th St,,Sideswipe-Same Direction,2,Cloudy,Wet,Daylight
2022-09-20T09:44:00.000,I 75,I 75 and 5Th St,,Sideswipe-Same Direction,2,Cloudy,Dry,Daylight
2022-08-08T14:50:00.000,I 75,I 75 and 5Th St,,Rear End,2,Clear,Dry,Daylight