Date and Time,Roadway (From Crash Report),Intersection Name (from Crash Report),KABCO Severity,Manner of Collision (Crash Level) ,# of Vehicles per crash ,Weather Conditions (Crash Level),Surface Condition (Crash Level) ,Light Conditions (Crash Level)
2022-03-08T08:00:00.000,I 75,I 75 and 5Th St,,Rear End,2,Cloudy,Dry,Daylight
2022-03-03T10:20:00.000,I 75,I 75 and 5Th St,,Sideswipe-Same Direction,3,Clear,Dry,Daylight
2022-01-10T16:20:00.000,I 75,I 75 and 5Th St,,Rear End,2,Clear,Dry,Daylight
2022-08-26T08:00:00.000,I 75,I 75 and 5Th St,,Rear End,2,Cloudy,Wet,Daylight
2022-01-21T16:34:00.000,I 75,I 75 and 5Th St,,Sideswipe-Same Direction,2,Cloudy,Dry,Daylight
2022-04-12T07:59:00.000,I 75,I 75 and 5Th St,,Angle Crash,2,Cloudy,Dry,Daylight
2022-11-14T12:15:00.000,I 75,I 75 and 5Th St,,Rear End,2,Clear,Dry,Daylight
2022-05-06T12:20:00.000,I 75,I 75 and 5Th St,,Rear End,2,Clear,Dry,Daylight
2022-10-21T17:37:00.000,I 75,I 75 and 5Th St,,Rear End,2,Clear,Dry,Daylight
2022-08-16T18:17:00.000,I 75,I 75 and 5Th St,,Rear End,3,Clear,Dry,Daylight
2022-06-07T09:55:00.000,I 75,I 75 and 5Th St,,Sideswipe-Same Direction,2,Clear,Dry,Daylight
2022-11-01T12:50:00.000,I 75,I 75 and 5Th St,,Rear End,2,Clear,Dry,Daylight
2022-09-15T12:24:00.000,I 75,I 75 and 5Th St,,Rear End,2,Clear,Dry,Daylight
2022-12-01T17:15:00.000,I 75,I 75 and 5Th St,,Sideswipe-Same Direction,2,Clear,Dry,Daylight
2022-10-07T06:20:00.000,I 75,I 75 and 5Th St,,Sideswipe-Same Direction,2,Clear,Dry,Dark-Lighted
2022-05-17T12:30:00.000,I 75,I 75 and 5Th St,,Sideswipe-Same Direction,2,Clear,Dry,Daylight
2022-03-03T16:57:00.000,I 75,I 75 and 5Th St,,Sideswipe-Same Direction,2,Clear,Dry,Daylight
2021-12-17T10:04:00.000,I 75,I 75 and 5Th St,,Rear End,2,Cloudy,Dry,Daylight
2021-10-19T07:40:00.000,I 75,I 75 and 5Th St,,Sideswipe-Same Direction,2,Clear,Dry,Daylight
2021-08-31T14:20:00.000,I 75,I 75 and 5Th St,,Rear End,2,Clear,Dry,Daylight
2021-10-13T17:25:00.000,I 75,I 75 and 5Th St,,Sideswipe-Same Direction,2,Clear,Dry,Daylight
2022-11-07T07:24:00.000,I 75,I 75 and 5Th St,,Rear End,3,Cloudy,Dry,Daylight
2022-03-04T07:45:00.000,I 75,I 75 and 5Th St,,Rear End,2,Clear,Dry,Daylight
2022-07-26T14:00:00.000,I 75,I 75 and 5Th St,,Rear End,2,Clear,Dry,Daylight
2022-03-03T19:50:00.000,I 75,I 75 and 5Th St,,Rear End,3,Clear,Dry,Dark-Lighted
2022-10-31T14:50:00.000,I 75,I 75 and 5Th St,,Rear End,3,Cloudy,Dry,Daylight
2022-04-05T16:45:00.000,I 75,I 75 and 5Th St,,Rear End,2,Cloudy,Wet,Daylight
2022-06-14T19:30:00.000,I 75,I 75 and 5Th St,,Sideswipe-Same Direction,2,Clear,Dry,Daylight
2022-02-24T11:50:00.000,I 75,I 75 and 5Th St,,Rear End,2,Clear,Dry,Daylight
2022-04-01T12:25:00.000,I 75,I 75 and 5Th St,,Rear End,2,Clear,Dry,Daylight
2022-10-03T05:22:00.000,I 75,I 75 and 5Th St,,Rear End,2,Clear,Dry,Dark-Lighted
2022-03-21T14:55:00.000,I 75,I 75 and 5Th St,,Sideswipe-Same Direction,2,Clear,Dry,Daylight
2022-11-07T12:00:00.000,I 75,I 75 and 5Th St,,Rear End,2,Clear,Dry,Daylight
2022-02-03T18:30:00.000,I 75,I 75 and 5Th St,,Rear End,2,Rain,Wet,Dark-Lighted
2022-03-04T18:40:00.000,I 75,I 75 and 5Th St,,Rear End,2,Clear,Dry,Dark-Lighted
2022-02-15T16:40:00.000,I 75,I 75 and 5Th St,,Rear End,2,Clear,Dry,Daylight
2022-11-07T15:40:00.000,I 75,I 75 and 5Th St,,Sideswipe-Same Direction,2,Clear,Dry,Daylight
2022-09-22T19:30:00.000,I 75,I 75 and 5Th St,,Rear End,2,Cloudy,Dry,Dusk
2022-09-27T13:00:00.000,I 75,I 75 and 5Th St,,Sideswipe-Same Direction,2,Clear,Dry,Daylight
2022-01-28T16:50:00.000,I 75,I 75 and 5Th St,,Rear End,2,Clear,Dry,Daylight
2022-11-04T12:35:00.000,I 75,I 75 and 5Th St,,Rear End,3,Clear,Dry,Dark-Lighted
2022-06-17T13:40:00.000,I 75,I 75 and 5Th St,,Rear End,2,Clear,Dry,Daylight
2022-10-13T19:40:00.000,I 75,I 75 and 5Th St,,Sideswipe-Same Direction,2,Clear,Dry,Daylight
2022-02-22T07:05:00.000,I 75,I 75 and 5Th St,,Rear End,2,Cloudy,Wet,Daylight
2022-04-26T19:20:00.000,I 75,I 75 and 5Th St,,Sideswipe-Same Direction,2,Clear,Dry,Daylight
2022-09-05T17:20:00.000,I 75,I 75 and 5Th St,,Rear End,2,Clear,Wet,Daylight
2022-04-11T09:50:00.000,I 75,I 75 and 5Th St,,Sideswipe-Same Direction,2,Cloudy,Dry,Daylight
2022-06-14T08:20:00.000,I 75,I 75 and 5Th St,,Sideswipe-Same Direction,2,Clear,Dry,Daylight
2022-06-16T17:50:00.000,I 75,I 75 and 5Th St,,Sideswipe-Same Direction,2,Clear,Dry,Daylight
2022-10-06T17:13:00.000,I 75,I 75 and 5Th St,,Sideswipe-Same Direction,2,Clear,Dry,Daylight
2022-09-23T12:37:00.000,I 75,I 75 and 5Th St,,Rear End,3,Clear,Dry,Daylight
2022-01-31T17:45:00.000,I 75,I 75 and 5Th St,,Rear End,2,Clear,Dry,Daylight
2022-09-06T12:35:00.000,I 75,I 75 and 5Th St,,Sideswipe-Same Direction,2,Clear,Dry,Daylight
2022-04-07T06:45:00.000,I 75,I 75 and 5Th St,,Rear End,2,Clear,Wet,Dawn
2022-07-11T16:50:00.000,I 75,I 75 and 5Th St,,Sideswipe-Same Direction,2,Clear,Dry,Daylight
2022-06-28T14:44:00.000,I 75,I 75 and 5Th St,,Rear End,3,Cloudy,Dry,Daylight
2022-07-21T11:20:00.000,I 75,I 75 and 5Th St,,Sideswipe-Same Direction,2,Rain,Wet,Daylight
2022-01-20T18:00:00.000,I 75,I 75 and 5Th St,,Sideswipe-Same Direction,2,Cloudy,Wet,Daylight
2022-07-12T13:15:00.000,I 75,I 75 and 5Th St,,Rear End,3,Clear,Dry,Daylight
2022-03-04T18:40:00.000,I 75,I 75 and 5Th St,,Rear End,2,Clear,Dry,Dark-Lighted
2022-06-16T18:00:00.000,I 75,I 75 and 5Th St,,Sideswipe-Same Direction,2,Clear,Dry,Daylight
2022-03-14T07:50:00.000,I 75,I 75 and 5Th St,,Sideswipe-Same Direction,2,Clear,Dry,Daylight
2022-04-12T08:18:00.000,I 75,I 75 and 5Th St,,Rear End,3,Cloudy,Dry,Daylight
2022-12-06T09:00:00.000,I 75,I 75 and 5Th St,,Sideswipe-Same Direction,2,Cloudy,Wet,Daylight
2022-07-29T18:40:00.000,I 75,I 75 and 5Th St,,Sideswipe-Same Direction,2,Cloudy,Wet,Daylight
2022-01-21T19:25:00.000,I 75,I 75 and 5Th St,,Rear End,2,Cloudy,Dry,Dark-Lighted
2022-08-08T09:15:00.000,I 75,I 75 and 5Th St,,Rear End,2,Clear,Dry,Daylight
2022-05-10T06:50:00.000,I 75,I 75 and 5Th St,,Sideswipe-Same Direction,2,Clear,Dry,Daylight
2022-03-08T09:30:00.000,I 75,I 75 and 5Th St,,Rear End,2,Cloudy,Dry,Daylight
2023-09-25T08:25:00.000,I 75,I 75 and 5Th St,,Sideswipe-Same Direction,2,Clear,Dry,Daylight
2023-10-03T12:35:00.000,I 75,I 75 and 5Th St,,Sideswipe-Same Direction,2,Clear,Dry,Daylight
2024-08-26T09:51:00.000,I 75,I 75 and 5Th St,,Rear End,2,Clear,Dry,Daylight
2024-04-16T09:00:00.000,I 75,I 75 and 5Th St,,Rear End,3,Clear,Dry,Daylight
2024-05-23T13:37:00.000,I 75,I 75 and 5Th St,,Rear End,2,Clear,Dry,Daylight
2024-04-23T11:45:00.000,I 75,I 75 and 5Th St,,Sideswipe-Same Direction,2,Clear,Dry,Daylight
2024-11-07T07:02:00.000,I 75,I 75 and 5Th St,,Rear End,2,Cloudy,Dry,Dawn
2024-08-16T15:00:00.000,I 75,I 75 and 5Th St,,Rear End,2,Clear,Dry,Daylight
2024-05-23T10:05:00.000,I 75,I 75 and 5Th St,,Rear End,2,Clear,Dry,Daylight
2024-09-03T11:03:00.000,I 75,I 75 and 5Th St,,Rear End,2,Cloudy,Dry,Daylight
2024-06-21T15:01:00.000,I 75,I 75 and 5Th St,,Rear End,2,Clear,Dry,Daylight
2023-10-31T16:57:00.000,I 75,I 75 and 5Th St,,Rear End,2,Clear,Dry,Daylight
2023-08-11T06:50:00.000,I 75,I 75 and 5Th St,,Sideswipe-Same Direction,4,Clear,Dry,Daylight
2023-10-31T13:22:00.000,I 75,I 75 and 5Th St,,Sideswipe-Same Direction,2,Cloudy,Dry,Daylight
2023-09-22T19:12:00.000,I 75,I 75 and 5Th St,,Rear End,2,Clear,Dry,Daylight
2024-12-12T10:30:00.000,I 75,I 75 and 5Th St,,Rear End,2,Clear,Dry,Daylight
2023-01-23T12:30:00.000,I 75,I 75 and 5Th St,,Rear End,2,Cloudy,Dry,Daylight
2023-01-30T08:20:00.000,I 75,I 75 and 5Th St,,Sideswipe-Same Direction,2,Cloudy,Wet,Daylight
2023-02-13T16:10:00.000,I 75,I 75 and 5Th St,,Rear End,2,Clear,Dry,Daylight
2023-01-20T09:30:00.000,I 75,I 75 and 5Th St,,Rear End,2,Clear,Dry,Daylight
2023-03-20T19:50:00.000,I 75,I 75 and 5Th St,,Sideswipe-Same Direction,2,Clear,Dry,Daylight
2023-08-11T07:45:00.000,I 75,I 75 and 5Th St,,Rear End,2,Rain,Dry,Daylight
2023-02-14T18:40:00.000,I 75,I 75 and 5Th St,,Rear End,3,Clear,Dry,Dark-Lighted
2023-07-27T14:15:00.000,I 75,I 75 and 5Th St,,Sideswipe-Same Direction,2,Clear,Dry,Daylight
2023-12-08T14:50:00.000,I 75,I 75 and 5Th St,,Rear End,2,Clear,Dry,Daylight
2023-08-10T10:00:00.000,I 75,I 75 and 5Th St,,Sideswipe-Same Direction,2,Rain,Wet,Daylight
2023-12-24T01:00:00.000,I 75,I 75 and 5Th St,,Rear End,2,Clear,Dry,Dark-Lighted
2023-10-13T14:07:00.000,I 75,I 75 and 5Th St,,Rear End,2,Cloudy,Dry,Daylight
2023-04-20T17:00:00.000,I 75,I 75 and 5Th St,,Sideswipe-Same Direction,2,Clear,Dry,Daylight
2023-01-26T11:10:00.000,I 75,I 75 and 5Th St,,Rear End,2,Clear,Dry,Daylight
2023-02-02T19:20:00.000,I 75,I 75 and 5Th St,,Rear End,2,Rain,Wet,Dark-Not Lighted
2023-12-26T11:30:00.000,I 75,I 75 and 5Th St,,Rear End,2,Rain,Wet,Daylight
2023-02-17T13:40:00.000,I 75,I 75 and 5Th St,,Sideswipe-Same Direction,2,Clear,Dry,Daylight
2023-03-27T09:45:00.000,I 75,I 75 and 5Th St,,Rear End,2,Rain,Wet,Daylight
2023-08-07T17:15:00.000,I 75,I 75 and 5Th St,,Rear End,2,Rain,Wet,Dusk
2023-02-06T13:45:00.000,I 75,I 75 and 5Th St,,Rear End,2,Clear,Dry,Daylight
2023-08-14T06:00:00.000,I 75,I 75 and 5Th St,,Rear End,3,Clear,Dry,Dawn
2023-11-16T18:54:00.000,I 75,I 75 and 5Th St,,Rear End,2,Clear,Dry,Dark-Not Lighted
2023-07-07T17:10:00.000,I 75,I 75 and 5Th St,,Rear End,3,Cloudy,Wet,Daylight
2023-09-29T17:10:00.000,I 75,I 75 and 5Th St,,Sideswipe-Same Direction,2,Clear,Dry,Daylight
2023-03-28T19:20:00.000,I 75,I 75 and 5Th St,,Sideswipe-Same Direction,2,Clear,Dry,Daylight
2023-05-29T13:30:00.000,I 75,I 75 and 5Th St,,Rear End,3,Clear,Dry,Daylight
2023-07-20T19:48:00.000,I 75,I 75 and 5Th St,,Rear End,2,Rain,Wet,Daylight
2023-10-02T14:40:00.000,I 75,I 75 and 5Th St,,Rear End,2,Clear,Dry,Daylight
2024-03-07T14:40:00.000,I 75,I 75 and 5Th St,,Rear End,2,Clear,Dry,Daylight
2024-06-20T18:40:00.000,I 75,I 75 and 5Th St,,Rear End,2,Clear,Dry,Daylight
2024-12-05T14:10:00.000,I 75,I 75 and 5Th St,,Rear End,4,Clear,Dry,Daylight
2024-05-25T10:16:00.000,I 75,I 75 and 5Th St,,Rear End,3,Cloudy,Dry,Daylight
2024-09-19T16:30:00.000,I 75,I 75 and 5Th St,,Rear End,2,Clear,Dry,Daylight
2024-04-30T13:06:00.000,I 75,I 75 and 5Th St,,Rear End,2,Rain,Wet,Daylight
2024-04-01T14:53:00.000,I 75,I 75 and 5Th St,,Rear End,2,Cloudy,Dry,Daylight
2024-11-08T13:30:00.000,I 75,I 75 and 5Th St,,Rear End,2,Clear,Dry,Daylight
2024-04-04T09:00:00.000,I 75,I 75 and 5Th St,,Sideswipe-Same Direction,2,Clear,Dry,Daylight
2024-02-29T11:45:00.000,I 75,I 75 and 5Th St,,Rear End,2,Clear,Dry,Daylight
2024-04-11T10:18:00.000,I 75,I 75 and 5Th St,,Rear End,2,Rain,Wet,Daylight
2024-04-16T16:30:00.000,I 75,I 75 and 5Th St,,Rear End,2,Clear,Dry,Daylight
2024-04-23T15:46:00.000,I 75,I 75 and 5Th St,,Rear End,2,Clear,Dry,Daylight
2024-07-26T14:06:00.000,I 75,I 75 and 5Th St,,Rear End,2,Clear,Dry,Daylight
2024-03-26T08:00:00.000,I 75,I 75 and 5Th St,,Rear End,2,Clear,Dry,Daylight
2024-10-17T07:00:00.000,I 75,I 75 and 5Th St,,Sideswipe-Same Direction,2,Clear,Dry,Dawn
2024-08-19T17:25:00.000,I 75,I 75 and 5Th St,,Sideswipe-Same Direction,2,Clear,Dry,Daylight
2024-09-12T06:55:00.000,I 75,I 75 and 5Th St,,Rear End,2,Rain,Wet,Daylight
2024-08-09T10:30:00.000,I 75,I 75 and 5Th St,,Sideswipe-Same Direction,2,Clear,Dry,Daylight
2024-11-14T07:03:00.000,I 75,I 75 and 5Th St,,Rear End,2,Rain,Wet,Dawn
2024-06-11T11:55:00.000,I 75,I 75 and 5Th St,,Sideswipe-Same Direction,2,Clear,Dry,Daylight
2024-06-25T09:30:00.000,I 75,I 75 and 5Th St,,Sideswipe-Same Direction,3,Clear,Dry,Daylight
2024-10-31T16:40:00.000,I 75,I 75 and 5Th St,,Rear End,2,Clear,Dry,Daylight
2024-10-17T19:03:00.000,I 75,I 75 and 5Th St,,Sideswipe-Same Direction,2,Clear,Dry,Dark-Lighted
2024-04-02T07:30:00.000,I 75,I 75 and 5Th St,,Sideswipe-Same Direction,2,Clear,Dry,Daylight
2024-11-08T08:30:00.000,I 75,I 75 and 5Th St,,Sideswipe-Same Direction,2,Cloudy,Dry,Daylight
2024-05-06T18:48:00.000,I 75,I 75 and 5Th St,,Sideswipe-Same Direction,2,Clear,Dry,Daylight
2024-02-12T19:00:00.000,I 75,I 75 and 5Th St,,Sideswipe-Same Direction,2,Rain,Wet,Daylight
2024-08-26T16:28:00.000,I 75,I 75 and 5Th St,,Rear End,2,Clear,Dry,Daylight
2024-04-09T08:30:00.000,I 75,I 75 and 5Th St,,Rear End,2,Cloudy,Wet,Daylight
2024-02-23T19:15:00.000,I 75,I 75 and 5Th St,,Rear End,2,Cloudy,Dry,Dark-Lighted
2024-05-23T13:37:00.000,I 75,I 75 and 5Th St,,Rear End,3,Clear,Dry,Daylight
2024-04-16T09:00:00.000,I 75,I 75 and 5Th St,,Rear End,3,Clear,Dry,Daylight
2024-02-05T11:15:00.000,I 75,I 75 and 5Th St,,Sideswipe-Same Direction,2,Clear,Dry,Daylight
2024-03-08T19:35:00.000,I 75,I 75 and 5Th St,,Sideswipe-Same Direction,3,Rain,Wet,Dark-Lighted
2024-12-06T07:04:00.000,I 75,I 75 and 5Th St,,Rear End,2,Clear,Dry,Dawn
2024-11-19T12:00:00.000,I 75,I 75 and 5Th St,,Rear End,3,Rain,Wet,Daylight
2024-06-28T10:10:00.000,I 75,I 75 and 5Th St,,Rear End,4,Cloudy,Wet,Daylight
2022-03-15T15:40:00.000,I 75,I 75 and 5Th Ave,,Rear End,2,Rain,Wet,Daylight
2023-12-11T21:09:00.000,I 75,I 75 and 5Th Ave,,Sideswipe-Same Direction,2,Clear,Dry,Dark-Lighted
2021-12-14T12:40:00.000,I 75,I 75 and 5Th At,,Rear End,2,Clear,Dry,Daylight
2024-02-02T17:45:00.000,I 75,I 75 and 575 N Expy,,Sideswipe-Same Direction,2,Clear,Dry,Daylight
2021-09-01T17:00:00.000,I 75,I 75 and 575 Expy,,Angle Crash,2,Clear,Dry,Daylight
2023-04-08T10:47:00.000,I 75,I 75 and 575 Expy,,Not a Collision with Motor Vehicle,1,Cloudy,Wet,Daylight
2024-06-09T14:43:00.000,I 75,I 75 and 575 Expy,,Rear End,2,Clear,Dry,Daylight
2021-11-09T21:15:00.000,I 75,I 75 and 51 Mile Marker,,(None),1,(None),(None),(None)
2022-02-19T07:41:00.000,I 75,I 75 and 4Th St,,Not a Collision with Motor Vehicle,1,Clear,Dry,Daylight
2020-10-27T06:10:00.000,I 75,I 75 and 47 Mile Marker,,Not a Collision with Motor Vehicle,1,Cloudy,Dry,Dark-Not Lighted
2020-02-06T16:32:00.000,I 75,I 75 and 45 Mile Marker,,Not a Collision with Motor Vehicle,1,Severe Thunderstorm or Tornadic,Wet,Daylight
2020-02-06T16:32:00.000,I 75,I 75 and 45 Mile Marker,,Not a Collision with Motor Vehicle,1,Severe Thunderstorm or Tornadic,Wet,Daylight
2022-08-06T17:45:00.000,I 75,I 75 and 45 Get Off Rp,,(None),1,(None),(None),(None)
2022-03-21T17:00:00.000,I 75,I 75 and 41 Hwy,,Rear End,2,Clear,Dry,Daylight
2024-09-19T16:25:00.000,I 75,I 75 and 3Rd St,,Sideswipe-Same Direction,2,Clear,Dry,Daylight
2020-07-27T05:50:00.000,I 75,I 75 and 37 Mile Marker,,Sideswipe-Same Direction,2,Clear,Dry,Dark-Not Lighted
2021-10-31T00:35:00.000,I 75,I 75 and 36 Mile Marker,,Not a Collision with Motor Vehicle,1,Clear,Dry,Dark-Not Lighted
2022-05-01T18:00:00.000,I 75,I 75 and 353Mm,,Rear End,2,Clear,Dry,Daylight
2024-02-03T10:30:00.000,I 75,I 75 and 353 S Bound On Rp,,(None),2,(None),(None),(None)
2021-03-20T13:30:00.000,I 75,I 75 and 353 Exit Rp,,Rear End,2,Clear,Dry,Daylight
2022-07-06T21:55:00.000,I 75,I 75 and 353 Exit Rp,,Sideswipe-Same Direction,2,Cloudy,Dry,Dark-Not Lighted
2020-10-30T19:46:00.000,I 75,I 75 and 353 Entrance Rp,,Head On,1,Clear,Dry,Dusk
2024-04-09T07:20:00.000,I 75,I 75 and 353 Entrance Rp,,Not a Collision with Motor Vehicle,1,Rain,Wet,Daylight
2021-04-24T12:03:00.000,I 75,I 75 and 351 Mm,,Sideswipe-Same Direction,2,Rain,Wet,Daylight
2022-12-10T13:00:00.000,I 75,I 75 and 350 Mm,,Sideswipe-Same Direction,2,Clear,Dry,Daylight
2021-11-21T17:20:00.000,I 75,I 75 and 350 Exit Rp,,Rear End,2,Cloudy,Dry,Daylight
2023-10-06T20:23:00.000,I 75,I 75 and 350 Entrance Rp,,(None),2,(None),(None),(None)
2021-03-21T09:32:00.000,I 75,I 75 and 345 Exit Rp,,Sideswipe-Same Direction,2,Cloudy,Dry,Daylight
2022-07-29T15:21:00.000,I 75,I 75 and 345 Exit Rp,,Not a Collision with Motor Vehicle,1,Cloudy,Wet,Daylight
2022-08-25T07:23:00.000,I 75,I 75 and 345 Entrance Rp,,Sideswipe-Same Direction,2,Cloudy,Dry,Daylight
2020-07-22T15:00:00.000,I 75,I 75 and 341 On Rp,,Angle Crash,2,Rain,Wet,Daylight
2024-01-07T18:33:00.000,I 75,I 75 and 341 Off Rp,,Not a Collision with Motor Vehicle,1,Cloudy,Dry,Dark-Not Lighted
2022-09-30T14:45:00.000,I 75,I 75 and 341 Exit Rp,,Sideswipe-Same Direction,2,Clear,Dry,Daylight
2023-04-23T13:23:00.000,I 75,I 75 and 340 Mm,,Rear End,2,Clear,Dry,Daylight
2023-04-04T14:53:00.000,I 75,I 75 and 338 I75,,Sideswipe-Same Direction,2,Clear,Dry,Daylight
2020-05-29T18:23:00.000,I 75,I 75 and 336 Exit Rp,,Rear End,2,Clear,Dry,Daylight
2020-06-01T14:05:00.000,I 75,I 75 and 33 Mile Post,,Sideswipe-Same Direction,2,Clear,Dry,Daylight
2022-07-10T05:40:00.000,I 75,I 75 and 33 Mile Marker,,Sideswipe-Same Direction,1,Clear,Dry,Dark-Not Lighted
2021-10-31T16:37:00.000,I 75,I 75 and 32Mm N Bound,,(None),2,(None),(None),(None)
2024-06-03T17:00:00.000,I 75,I 75 and 328 Exit Rp,,Rear End,2,Cloudy,Dry,Daylight
2023-10-08T00:27:00.000,I 75,I 75 and 327Mm,,Not a Collision with Motor Vehicle,1,Clear,Dry,Dark-Not Lighted
2024-05-26T11:44:00.000,I 75,I 75 and 326 Exit Rp,,Not a Collision with Motor Vehicle,2,Cloudy,Dry,Daylight
2022-05-23T11:45:00.000,I 75,I 75 and 317 Mile Marker On Rp,,Sideswipe-Opposite Direction,2,Rain,Wet,Daylight
2021-03-31T10:40:00.000,I 75,I 75 and 293 Entrance Rp,,Not a Collision with Motor Vehicle,1,Rain,Dry,Daylight
2020-10-24T00:00:00.000,I 75,I 75 and 285 W Rp,,Rear End,2,Clear,Dry,Dawn
2022-04-04T17:25:00.000,I 75,I 75 and 285 Rp,,Rear End,2,Clear,Dry,Daylight
2024-12-19T01:30:00.000,I 75,I 75 and 285 Expy,,Sideswipe-Same Direction,2,Clear,Dry,Dark-Not Lighted
2022-03-11T13:50:00.000,I 75,I 75 and 285 E Rp,,Sideswipe-Same Direction,2,Clear,Dry,Daylight
2024-01-20T06:59:00.000,I 75,I 75 and 285 E Rp,,Angle Crash,2,Clear,Dry,Dark-Not Lighted
2022-02-12T23:22:00.000,I 75,I 75 and 285 E Expy,,Not a Collision with Motor Vehicle,1,Clear,Dry,Dark-Lighted
2024-10-24T16:50:00.000,I 75,I 75 and 285 Byp,,Rear End,2,Clear,Dry,Daylight
2023-08-30T13:32:00.000,I 75,I 75 and 285 Byp,,Sideswipe-Same Direction,2,Clear,Dry,Daylight
2023-08-15T20:20:00.000,I 75,I 75 and 285 By Pass,,Sideswipe-Same Direction,2,Clear,Dry,Dark-Not Lighted
2021-01-12T02:02:00.000,I 75,I 75 and 278 Entrance Rp,,Rear End,2,Cloudy,Wet,Dark-Not Lighted
2023-05-20T12:08:00.000,I 75,I 75 and 2726 I75 Welcome Ctr,,Not a Collision with Motor Vehicle,1,Rain,Wet,Daylight
2021-06-25T14:25:00.000,I 75,I 75 and 267A: Canton Rd,,Rear End,2,Cloudy,Dry,Daylight
2024-07-07T02:06:00.000,I 75,I 75 and 267A Canton Rd Conn Ext,,Angle Crash,3,Cloudy,Wet,Dark-Not Lighted
2023-12-13T23:00:00.000,I 75,I 75 and 267 N Ext,,(None),1,(None),(None),(None)
2023-06-04T18:19:00.000,I 75,I 75 and 267 B,,Rear End,2,Cloudy,Dry,Daylight
2022-10-22T10:42:00.000,I 75,I 75 and 267 A Canton Rd Extention Exit,,Rear End,2,Clear,Dry,Daylight
2020-11-15T04:02:00.000,I 75,I 75 and 267 A,,Angle Crash,2,Clear,Dry,Dark-Not Lighted
2022-04-09T21:00:00.000,I 75,I 75 and 267 A,,Rear End,2,Clear,Dry,Dark-Lighted
2023-11-08T07:14:00.000,I 75,I 75 and 265 Marietta Pkwy,,(None),3,(None),(None),(None)
2022-09-16T23:00:00.000,I 75,I 75 and 265 Ext,,Sideswipe-Same Direction,2,Clear,Dry,Dark-Not Lighted
2022-09-17T12:47:00.000,I 75,I 75 and 265 Exit,,Rear End,2,Cloudy,Dry,Daylight
2021-12-05T03:25:00.000,I 75,I 75 and 265 Ent Rp,,Sideswipe-Same Direction,2,Clear,Dry,Dark-Lighted
2023-03-26T13:08:00.000,I 75,I 75 and 261 Ent,,Angle Crash,2,Cloudy,Dry,Daylight
2024-12-21T14:52:00.000,I 75,I 75 and 261 75 S Delk,,Rear End,2,Clear,Dry,Daylight
2024-06-30T00:42:00.000,I 75,I 75 and 247 Connector,,Not a Collision with Motor Vehicle,1,Clear,Dry,Dark-Not Lighted
2020-06-13T17:10:00.000,I 75,I 75 and 235 Exit Rp,,Angle Crash,2,Clear,Dry,Daylight
2020-01-13T05:40:00.000,I 75,I 75 and 233 On Rp,,Not a Collision with Motor Vehicle,1,Rain,Wet,Dark-Lighted
2020-01-25T23:00:00.000,I 75,I 75 and 231 On Rp,,Sideswipe-Same Direction,2,Clear,Dry,Dark-Not Lighted
2020-05-06T18:11:00.000,I 75,I 75 and 231 Exit Ramp Mt Zion Blvd,,Rear End,2,Clear,Dry,Daylight
2021-08-16T18:02:00.000,I 75,I 75 and 228 I75-N Exit,,Sideswipe-Same Direction,2,Rain,Wet,Daylight
2024-04-23T10:21:00.000,I 75,I 75 and 228 Exit,,Sideswipe-Same Direction,2,Clear,Dry,Daylight
2024-08-30T09:32:00.000,I 75,I 75 and 228 Exit,,Rear End,2,Clear,Dry,Daylight
2024-05-06T14:21:00.000,I 75,I 75 and 226 I75,,Rear End,2,Clear,Dry,Dark-Lighted
2021-11-01T21:08:00.000,I 75,I 75 and 225Mm,,Not a Collision with Motor Vehicle,1,Clear,Dry,Dark-Not Lighted
2024-06-04T06:06:00.000,I 75,I 75 and 225 Mile Marker,,Rear End,2,Clear,Dry,Dark-Lighted
2022-07-14T01:10:00.000,I 75,I 75 and 224 Hudson Bridge Rd,,Not a Collision with Motor Vehicle,1,Cloudy,Wet,Dark-Lighted
2022-04-16T15:29:00.000,I 75,I 75 and 224 Hudson Bridge Exit Rp,,Sideswipe-Same Direction,2,Clear,Dry,Daylight
2021-12-17T18:11:00.000,I 75,I 75 and 224 Exit Rp,,Rear End,2,Clear,Dry,Dark-Lighted
2021-11-08T15:11:00.000,I 75,I 75 and 224 Exit Rp,,Sideswipe-Same Direction,2,Clear,Dry,Daylight
2020-09-02T15:12:00.000,I 75,I 75 and 224 Exit Rp,,Not a Collision with Motor Vehicle,1,Clear,Dry,Daylight
2020-02-06T02:52:00.000,I 75,I 75 and 224 Exit Rp,,Not a Collision with Motor Vehicle,1,Cloudy,Wet,Dark-Not Lighted
2022-01-05T23:27:00.000,I 75,I 75 and 224 Exit Of I75,,Rear End,3,Clear,Dry,Dark-Lighted
2020-08-13T13:00:00.000,I 75,I 75 and 224 Eagles Landing Pkwy,,Rear End,2,Clear,Dry,Daylight
2020-08-13T13:00:00.000,I 75,I 75 and 224 Eagles Landing Pkwy,,Rear End,2,Clear,Dry,Daylight
2021-11-04T13:25:00.000,I 75,I 75 and 224 Eagles Landing Pkwy,,Rear End,2,Cloudy,Dry,Daylight
2024-06-14T17:23:00.000,I 75,I 75 and 222 Mile Marker Jodeco Rd,,Sideswipe-Opposite Direction,2,Clear,Dry,Daylight
2023-11-03T18:45:00.000,I 75,I 75 and 222 Jodeco Rd,,Rear End,2,Clear,Dry,Dawn
2024-08-12T04:50:00.000,I 75,I 75 and 222 I75 S Exit Rp,,Rear End,2,Clear,Dry,Dark-Lighted
2022-03-08T18:56:00.000,I 75,I 75 and 222 Entrance Rp,,Sideswipe-Same Direction,2,Rain,Wet,Dark-Lighted
2020-08-16T06:12:00.000,I 75,I 75 and 221  Exit Rp,,Rear End,2,Cloudy,Water (standing or moving),Dark-Lighted
2020-03-14T12:00:00.000,I 75,I 75 and 220 Mile Marker,,Rear End,2,Clear,Dry,Daylight
2021-01-10T19:51:00.000,I 75,I 75 and 218 Exit Rp,,Sideswipe-Same Direction,2,Clear,Dry,Dark-Lighted