Date and Time,Roadway (From Crash Report),Intersection Name (from Crash Report),KABCO Severity,Manner of Collision (Crash Level) ,# of Vehicles per crash ,Weather Conditions (Crash Level),Surface Condition (Crash Level) ,Light Conditions (Crash Level)
2020-03-14T13:00:00.000,I 75,I 75 and 218 Exit Rp,,Rear End,2,Clear,Dry,Daylight
2024-05-13T04:54:00.000,I 75,I 75 and 218 Exit,,Not a Collision with Motor Vehicle,1,Clear,Dry,Dark-Lighted
2020-08-17T14:42:00.000,I 75,I 75 and 216 Exit Ramp Hwy 155,,Not a Collision with Motor Vehicle,1,Rain,Wet,Daylight
2020-08-17T14:42:00.000,I 75,I 75 and 216 Exit Ramp Hwy 155,,Not a Collision with Motor Vehicle,1,Rain,Wet,Daylight
2024-10-25T23:24:00.000,I 75,I 75 and 214 Opas,,Not a Collision with Motor Vehicle,1,Clear,Dry,Dark-Not Lighted
2022-02-20T17:40:00.000,I 75,I 75 and 213 Mile Marker,,Not a Collision with Motor Vehicle,2,Clear,Dry,Daylight
2022-10-10T06:08:00.000,I 75,I 75 and 212 Off Rp,,Sideswipe-Same Direction,2,Clear,Dry,Dark-Lighted
2020-05-26T11:30:00.000,I 75,I 75 and 212 Exit Rp,,Not a Collision with Motor Vehicle,2,Clear,Dry,Daylight
2024-04-06T18:20:00.000,I 75,I 75 and 212 Exit Rp,,Rear End,2,Clear,Dry,Dark-Lighted
2024-11-19T15:40:00.000,I 75,I 75 and 212 Exit Rp,,Rear End,2,Cloudy,Wet,Daylight
2020-04-11T16:05:00.000,I 75,I 75 and 212 Entrance Rp,,Rear End,5,Clear,Dry,Daylight
2020-04-11T16:05:00.000,I 75,I 75 and 212 Entrance Rp,,Not a Collision with Motor Vehicle,1,Clear,Dry,Daylight
2024-03-25T04:01:00.000,I 75,I 75 and 212 Bill Gardner Pkwy,,Angle Crash,2,Clear,Dry,Dark-Not Lighted
2020-03-08T14:40:00.000,I 75,I 75 and 210 Mile Marker,,Not a Collision with Motor Vehicle,1,Clear,Dry,Daylight
2021-03-17T15:21:00.000,I 75,I 75 and 21-020722,,Rear End,2,Rain,Wet,Daylight
2021-12-10T19:06:00.000,I 75,I 75 and 20Canton Hwy,,Rear End,2,Cloudy,Wet,Dark-Not Lighted
2020-10-17T09:46:00.000,I 75,I 75 and 20Canton Hwy,,Rear End,2,Clear,Dry,Daylight
2022-03-16T07:35:00.000,I 75,I 75 and 20Canton Hwy,,Rear End,2,Rain,Wet,Daylight
2022-05-08T17:20:00.000,I 75,I 75 and 20Canton Hwy,,Not a Collision with Motor Vehicle,1,Clear,Dry,Daylight
2020-09-22T15:48:00.000,I 75,I 75 and 208 Mile Marker,,Rear End,2,Clear,Dry,Daylight
2024-07-19T15:10:00.000,I 75,I 75 and 205 Off Rp,,Rear End,2,Cloudy,Dry,Daylight
2022-06-01T15:30:00.000,I 75,I 75 and 205 Mm,,Not a Collision with Motor Vehicle,1,Clear,Dry,Daylight
2024-08-21T11:53:00.000,I 75,I 75 and 205 Mm,,Sideswipe-Same Direction,2,Clear,Dry,Daylight
2024-06-18T12:31:00.000,I 75,I 75 and 205 Exit Rp,,Sideswipe-Same Direction,2,Clear,Dry,Dark-Not Lighted
2021-04-23T15:24:00.000,I 75,I 75 and 205 Exit,,Rear End,2,Clear,Dry,Daylight
2023-01-22T05:39:00.000,I 75,I 75 and 204 Mm,,Not a Collision with Motor Vehicle,1,Rain,Wet,Dark-Not Lighted
2021-10-15T15:30:00.000,I 75,I 75 and 202 Mm,,Rear End,2,Clear,Dry,Daylight
2024-10-17T13:10:00.000,I 75,I 75 and 202 Mm,,Angle Crash,2,Clear,Dry,Daylight
2020-09-26T14:00:00.000,I 75,I 75 and 202 Mile Maker,,Rear End,2,Clear,Dry,Daylight
2020-12-17T10:36:00.000,I 75,I 75 and 201 Mm,,Not a Collision with Motor Vehicle,1,Cloudy,Dry,Daylight
2024-03-21T07:11:00.000,I 75,I 75 and 201 Exit Rp,,Head On,1,Clear,Dry,Dark-Not Lighted
2024-02-19T04:12:00.000,I 75,I 75 and 200 Mile Marker,,Not a Collision with Motor Vehicle,1,Clear,Dry,Dark-Not Lighted
2023-04-14T15:53:00.000,I 75,I 75 and 20 81 218 Onramp,,Rear End,2,Cloudy,Dry,Daylight
2020-07-18T17:24:00.000,I 75,I 75 and 20 81,,Rear End,2,Clear,Dry,Daylight
2023-04-10T14:41:00.000,I 75,I 75 and 20 81,,Rear End,2,Clear,Dry,Daylight
2022-06-15T02:30:00.000,I 75,I 75 and 2 Nd Street Mm63A,,Rear End,3,Fog,Wet,Dark-Lighted
2020-05-05T18:00:00.000,I 75,I 75 and 2 Nd St,,Not a Collision with Motor Vehicle,1,Clear,Dry,Daylight
2023-03-21T07:57:00.000,I 75,I 75 and 2 Nd St,,Angle Crash,2,Clear,Dry,Daylight
2023-06-10T00:30:00.000,I 75,I 75 and 2 Nd St,,Not a Collision with Motor Vehicle,1,Clear,Dry,Dark-Not Lighted
2020-05-01T08:25:00.000,I 75,I 75 and 2 Nd St,,Rear End,2,Clear,Dry,Daylight
2020-10-06T11:50:00.000,I 75,I 75 and 2 Nd St,,Not a Collision with Motor Vehicle,1,Clear,Dry,Daylight
2020-12-08T15:33:00.000,I 75,I 75 and 2 Nd St,,Not a Collision with Motor Vehicle,1,Clear,Dry,Daylight
2020-12-17T21:18:00.000,I 75,I 75 and 2 Nd St,,Head On,2,Clear,Dry,Dark-Lighted
2020-12-17T21:18:00.000,I 75,I 75 and 2 Nd St,,Angle Crash,2,Clear,Dry,Dark-Lighted
2021-01-12T02:05:00.000,I 75,I 75 and 2 Nd St,,Not a Collision with Motor Vehicle,1,Rain,Wet,Dark-Lighted
2022-03-07T10:27:00.000,I 75,I 75 and 2 Nd St,,Not a Collision with Motor Vehicle,1,Clear,Dry,Daylight
2022-11-23T19:11:00.000,I 75,I 75 and 2 Nd St,,Angle Crash,2,Clear,Dry,Dark-Lighted
2022-04-11T07:50:00.000,I 75,I 75 and 2 Nd St,,Rear End,2,Clear,Dry,Daylight
2023-03-20T11:14:00.000,I 75,I 75 and 2 Nd St,,Not a Collision with Motor Vehicle,1,Cloudy,Dry,Daylight
2021-09-22T14:30:00.000,I 75,I 75 and 2 Miles S Of Rumble Rd,,Rear End,3,Rain,Wet,Daylight
2023-05-29T14:40:00.000,I 75,I 75 and 1Oth St,,Sideswipe-Same Direction,2,Clear,Dry,Daylight
2022-01-04T14:00:00.000,I 75,I 75 and 1Oth St,,Rear End,2,Clear,Dry,Daylight
2023-06-29T14:31:00.000,I 75,I 75 and 1Oth St,,Rear End,2,Clear,Dry,Daylight
2024-03-19T13:45:00.000,I 75,I 75 and 1Oth St,,Sideswipe-Same Direction,2,Clear,Dry,Daylight
2023-11-02T04:56:00.000,I 75,I 75 and 198 Mile Marker,,Head On,1,Clear,Dry,Dark-Not Lighted
2024-06-08T04:57:00.000,I 75,I 75 and 187Mm,,Sideswipe-Same Direction,2,Clear,Dry,Dark-Lighted
2023-10-13T04:41:00.000,I 75,I 75 and 187 On Rp,,Rear End,2,Rain,Wet,Dark-Lighted
2024-03-06T03:50:00.000,I 75,I 75 and 187 On,,Sideswipe-Same Direction,2,Rain,Wet,Dark-Lighted
2024-08-30T15:04:00.000,I 75,I 75 and 187 Mm,,Sideswipe-Same Direction,2,Rain,Wet,Daylight
2023-01-20T17:47:00.000,I 75,I 75 and 187 Exit Rp,,Angle Crash,2,Cloudy,Dry,Dark-Lighted
2024-03-05T22:45:00.000,I 75,I 75 and 186 On Rp,,Not a Collision with Motor Vehicle,1,Rain,Wet,Dark-Lighted
2023-10-08T20:21:00.000,I 75,I 75 and 186 Off Rp,,Head On,1,Clear,Dry,Dark-Not Lighted
2023-03-07T23:53:00.000,I 75,I 75 and 17Th Street Rp,,Sideswipe-Same Direction,2,Clear,Dry,Dark-Lighted
2023-06-12T08:00:00.000,I 75,I 75 and 17Th Street Opas,,Rear End,3,Cloudy,Wet,Dawn
2023-09-26T16:40:00.000,I 75,I 75 and 17Th Street Opas,,Sideswipe-Same Direction,2,Cloudy,Dry,Daylight
2023-06-12T05:50:00.000,I 75,I 75 and 17Th Street Opas,,Rear End,2,Clear,Wet,Daylight
2020-07-30T05:11:00.000,I 75,I 75 and 17Th Street Opas,,Sideswipe-Same Direction,3,Cloudy,Wet,Daylight
2022-02-25T15:22:00.000,I 75,I 75 and 17Th Street Opas,,Rear End,2,Clear,Dry,Daylight
2022-03-17T09:12:00.000,I 75,I 75 and 17Th Street Opas,,Sideswipe-Same Direction,2,Cloudy,Dry,Daylight
2022-10-10T13:25:00.000,I 75,I 75 and 17Th Street Opas,,Rear End,3,Clear,Dry,Daylight
2022-09-12T16:40:00.000,I 75,I 75 and 17Th Street Opas,,Rear End,2,Clear,Dry,Daylight
2023-06-12T06:00:00.000,I 75,I 75 and 17Th Street Opas,,Rear End,2,Cloudy,Wet,Daylight
2023-06-26T09:36:00.000,I 75,I 75 and 17Th Street Opas,,Rear End,2,Cloudy,Dry,Daylight
2023-06-12T06:00:00.000,I 75,I 75 and 17Th Street Opas,,Rear End,2,Cloudy,Wet,Dark-Lighted
2024-12-05T16:36:00.000,I 75,I 75 and 17Th Street Opas,,Angle Crash,2,Cloudy,Dry,Daylight
2024-02-06T18:05:00.000,I 75,I 75 and 17Th Street Opas,,Sideswipe-Same Direction,2,Clear,Dry,Daylight
2023-11-07T08:30:00.000,I 75,I 75 and 17Th Street Off Rp,,Sideswipe-Same Direction,4,Clear,Dry,Daylight
2023-10-19T13:35:00.000,I 75,I 75 and 17Th Street Brg,,Rear End,2,Clear,Dry,Daylight
2024-06-10T11:29:00.000,I 75,I 75 and 17Th St Rp,,Rear End,2,Cloudy,Dry,Daylight
2021-11-12T13:06:00.000,I 75,I 75 and 17Th St Opas,,Sideswipe-Same Direction,2,Clear,Dry,Daylight
2023-05-05T12:57:00.000,I 75,I 75 and 17Th St Opas,,Sideswipe-Same Direction,2,Cloudy,Wet,Daylight
2023-02-09T19:37:00.000,I 75,I 75 and 17Th St Opas,,Rear End,2,Rain,Wet,Dark-Lighted
2023-03-02T20:00:00.000,I 75,I 75 and 17Th St Opas,,Rear End,4,Cloudy,Wet,Dark-Lighted
2023-03-02T20:00:00.000,I 75,I 75 and 17Th St Opas,,Rear End,2,Cloudy,Wet,Dark-Lighted
2022-09-22T17:08:00.000,I 75,I 75 and 17Th St Opas,,Rear End,2,Cloudy,Wet,Daylight
2021-12-08T07:30:00.000,I 75,I 75 and 17Th St Opas,,Rear End,3,Rain,Wet,Daylight
2022-04-26T12:05:00.000,I 75,I 75 and 17Th St Opas,,Sideswipe-Same Direction,2,Cloudy,Wet,Daylight
2022-03-22T18:40:00.000,I 75,I 75 and 17Th St Opas,,Rear End,2,Clear,Dry,Daylight
2022-06-16T14:28:00.000,I 75,I 75 and 17Th St Opas,,Sideswipe-Same Direction,2,Cloudy,Dry,Daylight
2022-12-05T11:00:00.000,I 75,I 75 and 17Th St Opas,,Rear End,2,Rain,Wet,Daylight
2022-04-27T07:19:00.000,I 75,I 75 and 17Th St Opas,,Sideswipe-Same Direction,2,Clear,Dry,Daylight
2024-02-06T15:57:00.000,I 75,I 75 and 17Th St Opas,,Rear End,2,Clear,Dry,Daylight
2024-12-31T13:29:00.000,I 75,I 75 and 17Th St Opas,,Sideswipe-Same Direction,2,Clear,Dry,Daylight
2021-12-09T19:08:00.000,I 75,I 75 and 17Th St Exit,,Sideswipe-Same Direction,2,Clear,Dry,Dark-Lighted
2020-06-22T16:58:00.000,I 75,I 75 and 17Th St Bridge Opas,,Rear End,2,Cloudy,Wet,Daylight
2022-01-20T19:25:00.000,I 75,I 75 and 17Th St Brg,,Rear End,2,Cloudy,Dry,Dark-Lighted
2021-01-15T16:51:00.000,I 75,I 75 and 17Th St,,Rear End,2,Clear,Dry,Daylight
2021-10-21T09:00:00.000,I 75,I 75 and 17Th St,,Rear End,2,Cloudy,Dry,Daylight
2021-10-13T12:40:00.000,I 75,I 75 and 17Th St,,Sideswipe-Same Direction,2,Clear,Dry,Daylight
2021-10-19T12:20:00.000,I 75,I 75 and 17Th St,,Sideswipe-Same Direction,2,Clear,Dry,Daylight
2021-12-30T09:25:00.000,I 75,I 75 and 17Th St,,Rear End,2,Rain,Wet,Daylight
2021-10-22T12:15:00.000,I 75,I 75 and 17Th St,,Rear End,3,Clear,Dry,Daylight
2021-12-28T13:00:00.000,I 75,I 75 and 17Th St,,Sideswipe-Same Direction,2,Rain,Wet,Daylight
2021-06-29T06:36:00.000,I 75,I 75 and 17Th St,,Sideswipe-Same Direction,2,Cloudy,Wet,Daylight
2021-03-07T04:39:00.000,I 75,I 75 and 17Th St,,Sideswipe-Same Direction,2,Clear,Dry,Dark-Lighted
2021-05-13T12:53:00.000,I 75,I 75 and 17Th St,,Rear End,2,Clear,Dry,Daylight
2021-05-27T13:00:00.000,I 75,I 75 and 17Th St,,Sideswipe-Same Direction,2,Clear,Dry,Daylight
2021-03-16T14:44:00.000,I 75,I 75 and 17Th St,,Sideswipe-Same Direction,2,Rain,Wet,Daylight
2021-01-01T17:41:00.000,I 75,I 75 and 17Th St,,Sideswipe-Same Direction,2,Rain,Wet,Dark-Lighted
2021-11-11T17:50:00.000,I 75,I 75 and 17Th St,,Rear End,2,Cloudy,Dry,Dark-Lighted
2021-11-02T16:30:00.000,I 75,I 75 and 17Th St,,Sideswipe-Same Direction,2,Clear,Dry,Daylight
2021-09-30T19:42:00.000,I 75,I 75 and 17Th St,,Rear End,3,Cloudy,Dry,Dark-Not Lighted
2021-09-09T19:00:00.000,I 75,I 75 and 17Th St,,Sideswipe-Same Direction,2,Cloudy,Dry,Daylight
2021-12-07T17:55:00.000,I 75,I 75 and 17Th St,,Rear End,3,Clear,Dry,Dark-Lighted
2021-08-13T11:15:00.000,I 75,I 75 and 17Th St,,Rear End,2,Clear,Dry,Daylight
2021-11-09T11:34:00.000,I 75,I 75 and 17Th St,,Rear End,2,Clear,Dry,Daylight
2021-11-01T15:10:00.000,I 75,I 75 and 17Th St,,Rear End,2,Clear,Dry,Daylight
2021-02-24T05:53:00.000,I 75,I 75 and 17Th St,,Angle Crash,2,Clear,Dry,Dark-Lighted
2021-03-08T18:03:00.000,I 75,I 75 and 17Th St,,Sideswipe-Same Direction,2,Clear,Dry,Daylight
2021-03-12T19:20:00.000,I 75,I 75 and 17Th St,,Sideswipe-Same Direction,2,Clear,Dry,Dark-Lighted
2021-05-03T16:50:00.000,I 75,I 75 and 17Th St,,Sideswipe-Same Direction,2,Rain,Wet,Daylight
2021-02-05T15:28:00.000,I 75,I 75 and 17Th St,,Rear End,3,Cloudy,Dry,Daylight
2021-05-18T14:29:00.000,I 75,I 75 and 17Th St,,Sideswipe-Same Direction,2,Cloudy,Dry,Daylight
2021-12-10T18:00:00.000,I 75,I 75 and 17Th St,,Rear End,2,Rain,Wet,Dark-Lighted
2021-09-20T09:51:00.000,I 75,I 75 and 17Th St,,Sideswipe-Same Direction,2,Rain,Wet,Daylight
2021-11-01T16:50:00.000,I 75,I 75 and 17Th St,,Rear End,2,Clear,Dry,Daylight
2021-07-15T09:30:00.000,I 75,I 75 and 17Th St,,Rear End,2,Clear,Dry,Daylight
2021-09-20T09:21:00.000,I 75,I 75 and 17Th St,,Rear End,3,Rain,Wet,Daylight
2021-05-06T11:00:00.000,I 75,I 75 and 17Th St,,Rear End,4,Clear,Dry,Daylight
2020-09-21T16:10:00.000,I 75,I 75 and 17Th St,,Sideswipe-Same Direction,2,Clear,Dry,Daylight
2023-11-03T16:33:00.000,I 75,I 75 and 17Th St,,Sideswipe-Same Direction,2,Clear,Dry,Daylight
2023-09-08T14:24:00.000,I 75,I 75 and 17Th St,,Sideswipe-Same Direction,3,Cloudy,Wet,Daylight
2023-03-01T08:15:00.000,I 75,I 75 and 17Th St,,Rear End,2,Cloudy,Dry,Daylight
2023-08-04T09:07:00.000,I 75,I 75 and 17Th St,,Sideswipe-Same Direction,2,Cloudy,Dry,Daylight
2023-08-15T15:08:00.000,I 75,I 75 and 17Th St,,Rear End,2,Rain,Wet,Daylight
2023-01-31T18:02:00.000,I 75,I 75 and 17Th St,,Sideswipe-Same Direction,4,Clear,Dry,Dark-Lighted
2023-09-15T12:59:00.000,I 75,I 75 and 17Th St,,Rear End,4,Cloudy,Dry,Daylight
2023-02-28T09:50:00.000,I 75,I 75 and 17Th St,,Rear End,2,Clear,Dry,Daylight
2023-03-27T06:45:00.000,I 75,I 75 and 17Th St,,Rear End,2,Rain,Wet,Dark-Lighted
2023-01-23T06:30:00.000,I 75,I 75 and 17Th St,,Rear End,2,Clear,Dry,Dark-Lighted
2023-11-30T09:10:00.000,I 75,I 75 and 17Th St,,Sideswipe-Same Direction,2,Clear,Dry,Daylight
2023-02-06T18:25:00.000,I 75,I 75 and 17Th St,,Sideswipe-Same Direction,2,Clear,Dry,Daylight
2023-09-12T01:00:00.000,I 75,I 75 and 17Th St,,Rear End,2,Clear,Dry,Daylight
2023-08-28T12:04:00.000,I 75,I 75 and 17Th St,,Sideswipe-Same Direction,2,Cloudy,Dry,Daylight
2023-01-10T17:10:00.000,I 75,I 75 and 17Th St,,Sideswipe-Same Direction,2,Clear,Dry,Daylight
2023-06-20T19:29:00.000,I 75,I 75 and 17Th St,,Rear End,2,Clear,Dry,Daylight
2023-03-03T09:23:00.000,I 75,I 75 and 17Th St,,Rear End,2,Cloudy,Wet,Daylight
2023-01-11T17:44:00.000,I 75,I 75 and 17Th St,,Sideswipe-Same Direction,2,Clear,Dry,Daylight
2023-12-18T15:30:00.000,I 75,I 75 and 17Th St,,Sideswipe-Same Direction,2,Clear,Dry,Daylight
2023-12-15T15:00:00.000,I 75,I 75 and 17Th St,,Sideswipe-Same Direction,2,Clear,Dry,Daylight
2023-08-01T09:11:00.000,I 75,I 75 and 17Th St,,Rear End,2,Clear,Dry,Daylight
2023-06-22T10:39:00.000,I 75,I 75 and 17Th St,,Rear End,2,Clear,Dry,Daylight
2023-10-23T14:05:00.000,I 75,I 75 and 17Th St,,Sideswipe-Same Direction,2,Clear,Dry,Daylight
2023-11-13T17:15:00.000,I 75,I 75 and 17Th St,,Sideswipe-Same Direction,2,Clear,Dry,Dark-Lighted
2023-04-14T14:06:00.000,I 75,I 75 and 17Th St,,Rear End,2,Rain,Wet,Daylight
2023-03-02T13:39:00.000,I 75,I 75 and 17Th St,,Rear End,2,Clear,Dry,Daylight
2023-09-08T16:00:00.000,I 75,I 75 and 17Th St,,Sideswipe-Same Direction,2,Clear,Dry,Daylight
2023-11-02T19:25:00.000,I 75,I 75 and 17Th St,,Sideswipe-Same Direction,2,Clear,Dry,Dark-Lighted
2023-07-31T12:20:00.000,I 75,I 75 and 17Th St,,Rear End,2,Clear,Dry,Daylight
2023-07-21T15:00:00.000,I 75,I 75 and 17Th St,,Sideswipe-Same Direction,2,Cloudy,Dry,Daylight
2023-09-08T18:00:00.000,I 75,I 75 and 17Th St,,Sideswipe-Same Direction,2,Clear,Dry,Daylight
2023-08-29T10:02:00.000,I 75,I 75 and 17Th St,,Rear End,2,Clear,Dry,Daylight
2023-06-15T17:34:00.000,I 75,I 75 and 17Th St,,Sideswipe-Same Direction,2,Clear,Dry,Daylight
2023-03-31T13:47:00.000,I 75,I 75 and 17Th St,,Sideswipe-Same Direction,2,Clear,Dry,Daylight
2023-04-13T18:09:00.000,I 75,I 75 and 17Th St,,Rear End,2,Clear,Dry,Daylight
2023-10-26T12:45:00.000,I 75,I 75 and 17Th St,,Sideswipe-Same Direction,2,Clear,Dry,Daylight
2023-10-27T13:12:00.000,I 75,I 75 and 17Th St,,Rear End,2,Clear,Dry,Daylight
2023-09-15T18:20:00.000,I 75,I 75 and 17Th St,,Sideswipe-Same Direction,2,Clear,Dry,Daylight
2023-11-14T13:10:00.000,I 75,I 75 and 17Th St,,Rear End,2,Clear,Dry,Daylight
2023-05-02T13:45:00.000,I 75,I 75 and 17Th St,,Angle Crash,2,Clear,Dry,Daylight
2023-01-17T12:50:00.000,I 75,I 75 and 17Th St,,Rear End,3,Rain,Wet,Daylight
2023-02-24T11:21:00.000,I 75,I 75 and 17Th St,,Sideswipe-Same Direction,2,Clear,Dry,Daylight
2023-05-01T13:38:00.000,I 75,I 75 and 17Th St,,Rear End,2,Clear,Dry,Daylight
2023-10-03T14:42:00.000,I 75,I 75 and 17Th St,,Sideswipe-Same Direction,2,Clear,Dry,Daylight
2023-01-05T08:15:00.000,I 75,I 75 and 17Th St,,Rear End,2,Clear,Dry,Daylight
2023-06-22T15:30:00.000,I 75,I 75 and 17Th St,,Rear End,2,Clear,Dry,Daylight
2023-02-03T09:00:00.000,I 75,I 75 and 17Th St,,Rear End,2,Clear,Dry,Daylight
2023-08-25T15:20:00.000,I 75,I 75 and 17Th St,,Rear End,2,Clear,Dry,Daylight
2023-07-24T17:20:00.000,I 75,I 75 and 17Th St,,Rear End,2,Clear,Dry,Daylight
2023-09-18T06:00:00.000,I 75,I 75 and 17Th St,,Sideswipe-Same Direction,2,Clear,Dry,Dark-Lighted
2023-11-21T15:37:00.000,I 75,I 75 and 17Th St,,Rear End,2,Cloudy,Wet,Daylight
2023-09-18T13:11:00.000,I 75,I 75 and 17Th St,,Rear End,2,Clear,Dry,Daylight
2023-03-23T15:01:00.000,I 75,I 75 and 17Th St,,Rear End,2,Clear,Dry,Daylight
2023-06-13T13:30:00.000,I 75,I 75 and 17Th St,,Rear End,3,Clear,Dry,Daylight
2022-07-08T14:11:00.000,I 75,I 75 and 17Th St,,Sideswipe-Same Direction,2,Clear,Dry,Daylight
2022-08-09T17:45:00.000,I 75,I 75 and 17Th St,,Rear End,3,Cloudy,Dry,Daylight
2022-02-24T08:03:00.000,I 75,I 75 and 17Th St,,Sideswipe-Same Direction,2,Cloudy,Dry,Daylight
2022-05-16T13:38:00.000,I 75,I 75 and 17Th St,,Sideswipe-Same Direction,3,Clear,Dry,Daylight
2023-10-26T16:45:00.000,I 75,I 75 and 17Th St,,Sideswipe-Same Direction,2,Clear,Dry,Daylight
2020-03-24T06:39:00.000,I 75,I 75 and 17Th St,,Rear End,2,Cloudy,Wet,Dark-Not Lighted
2020-09-14T17:09:00.000,I 75,I 75 and 17Th St,,Sideswipe-Same Direction,3,Cloudy,Dry,Daylight
2020-07-23T20:38:00.000,I 75,I 75 and 17Th St,,Rear End,2,Clear,Dry,Dark-Lighted
2020-11-08T12:08:00.000,I 75,I 75 and 17Th St,,Sideswipe-Same Direction,2,Cloudy,Dry,Daylight
2020-07-24T19:25:00.000,I 75,I 75 and 17Th St,,Sideswipe-Same Direction,4,Clear,Dry,Daylight
2020-06-23T16:15:00.000,I 75,I 75 and 17Th St,,Angle Crash,2,Cloudy,Dry,Daylight
2020-09-25T08:55:00.000,I 75,I 75 and 17Th St,,Sideswipe-Same Direction,2,Rain,Wet,Daylight
2020-02-27T17:21:00.000,I 75,I 75 and 17Th St,,Rear End,2,Clear,Dry,Daylight
2020-02-18T18:40:00.000,I 75,I 75 and 17Th St,,Rear End,2,Rain,Wet,Dark-Lighted
2020-07-20T16:55:00.000,I 75,I 75 and 17Th St,,Sideswipe-Same Direction,2,Clear,Dry,Daylight
2020-01-02T21:37:00.000,I 75,I 75 and 17Th St,,Sideswipe-Same Direction,2,Rain,Wet,Dark-Lighted
2020-12-31T23:44:00.000,I 75,I 75 and 17Th St,,Rear End,3,Rain,Wet,Dark-Lighted
2020-01-13T07:09:00.000,I 75,I 75 and 17Th St,,Rear End,2,Rain,Wet,Dark-Lighted
2020-10-08T21:02:00.000,I 75,I 75 and 17Th St,,Rear End,2,Clear,Dry,Dark-Lighted
2020-12-09T16:35:00.000,I 75,I 75 and 17Th St,,Rear End,2,Clear,Dry,Daylight
2020-08-25T05:40:00.000,I 75,I 75 and 17Th St,,Head On,4,Rain,Wet,Dark-Lighted
2020-06-20T17:15:00.000,I 75,I 75 and 17Th St,,Sideswipe-Same Direction,5,Clear,Dry,Daylight
2020-07-02T08:21:00.000,I 75,I 75 and 17Th St,,Sideswipe-Same Direction,2,Clear,Dry,Daylight
2020-12-29T17:24:00.000,I 75,I 75 and 17Th St,,Sideswipe-Same Direction,2,Clear,Dry,Daylight
2020-11-22T12:15:00.000,I 75,I 75 and 17Th St,,Rear End,2,Clear,Dry,Daylight
2020-10-28T11:15:00.000,I 75,I 75 and 17Th St,,Sideswipe-Same Direction,2,Cloudy,Wet,Daylight
2020-12-21T13:00:00.000,I 75,I 75 and 17Th St,,Sideswipe-Same Direction,2,Clear,Dry,Daylight
2020-02-25T05:49:00.000,I 75,I 75 and 17Th St,,Angle Crash,2,Clear,Dry,Dark-Lighted
2020-01-07T16:35:00.000,I 75,I 75 and 17Th St,,Rear End,2,Clear,Dry,Daylight
2020-08-21T13:35:00.000,I 75,I 75 and 17Th St,,Rear End,2,Cloudy,Dry,Daylight
2020-02-11T11:00:00.000,I 75,I 75 and 17Th St,,Not a Collision with Motor Vehicle,1,Cloudy,Wet,Daylight
2020-03-17T09:45:00.000,I 75,I 75 and 17Th St,,Sideswipe-Same Direction,2,Cloudy,Dry,Daylight
2020-08-24T08:11:00.000,I 75,I 75 and 17Th St,,Angle Crash,1,Rain,Wet,Daylight
2020-11-18T11:28:00.000,I 75,I 75 and 17Th St,,Rear End,2,Clear,Dry,Daylight
2020-06-15T17:46:00.000,I 75,I 75 and 17Th St,,Rear End,2,Clear,Wet,Daylight
2020-12-24T16:37:00.000,I 75,I 75 and 17Th St,,Rear End,2,Rain,Wet,Daylight
2020-01-22T17:12:00.000,I 75,I 75 and 17Th St,,Rear End,2,Cloudy,Dry,Daylight
2020-09-20T00:13:00.000,I 75,I 75 and 17Th St,,Rear End,2,Clear,Dry,Dark-Lighted
2020-09-25T09:13:00.000,I 75,I 75 and 17Th St,,Rear End,3,Rain,Wet,Daylight
2020-09-29T11:26:00.000,I 75,I 75 and 17Th St,,Not a Collision with Motor Vehicle,1,Rain,Wet,Daylight
2020-09-22T16:36:00.000,I 75,I 75 and 17Th St,,Rear End,2,Clear,Dry,Daylight
2020-09-16T17:48:00.000,I 75,I 75 and 17Th St,,Rear End,2,Rain,Wet,Daylight
2020-07-30T10:35:00.000,I 75,I 75 and 17Th St,,Sideswipe-Same Direction,2,Cloudy,Dry,Daylight
2020-08-24T08:52:00.000,I 75,I 75 and 17Th St,,Not a Collision with Motor Vehicle,1,Cloudy,Wet,Daylight
2020-12-06T00:54:00.000,I 75,I 75 and 17Th St,,Sideswipe-Same Direction,2,Clear,Dry,Dark-Lighted
2020-02-25T07:00:00.000,I 75,I 75 and 17Th St,,Not a Collision with Motor Vehicle,1,Cloudy,Wet,Daylight
2020-04-30T07:53:00.000,I 75,I 75 and 17Th St,,Angle Crash,2,Clear,Dry,Daylight
2020-09-17T16:11:00.000,I 75,I 75 and 17Th St,,Rear End,1,Rain,Wet,Daylight
2020-01-30T16:17:00.000,I 75,I 75 and 17Th St,,Sideswipe-Same Direction,2,Cloudy,Dry,Daylight
2020-03-15T15:04:00.000,I 75,I 75 and 17Th St,,Sideswipe-Same Direction,2,Cloudy,Wet,Daylight
2020-05-08T14:25:00.000,I 75,I 75 and 17Th St,,Sideswipe-Same Direction,3,Rain,Wet,Daylight
2020-07-09T16:12:00.000,I 75,I 75 and 17Th St,,Sideswipe-Same Direction,2,Cloudy,Wet,Daylight
2020-03-24T06:14:00.000,I 75,I 75 and 17Th St,,Not a Collision with Motor Vehicle,1,Cloudy,Wet,Dark-Not Lighted
2020-01-16T12:32:00.000,I 75,I 75 and 17Th St,,Rear End,2,Clear,Dry,Daylight
2020-03-16T12:40:00.000,I 75,I 75 and 17Th St,,Sideswipe-Same Direction,2,Clear,Dry,Daylight
2020-03-24T06:39:00.000,I 75,I 75 and 17Th St,,Rear End,2,Cloudy,Wet,Dark-Not Lighted
2021-03-04T20:19:00.000,I 75,I 75 and 17Th St,,Sideswipe-Same Direction,2,Clear,Dry,Daylight
2021-01-25T16:35:00.000,I 75,I 75 and 17Th St,,Sideswipe-Same Direction,6,Cloudy,Dry,Daylight