Date and Time,Roadway (From Crash Report),Intersection Name (from Crash Report),KABCO Severity,Manner of Collision (Crash Level) ,# of Vehicles per crash ,Weather Conditions (Crash Level),Surface Condition (Crash Level) ,Light Conditions (Crash Level)
2021-06-14T11:20:00.000,I 75,I 75 and 17Th St,,Sideswipe-Same Direction,2,Clear,Dry,Daylight
2021-02-05T11:50:00.000,I 75,I 75 and 17Th St,,Rear End,2,Clear,Dry,Daylight
2021-01-12T10:55:00.000,I 75,I 75 and 17Th St,,Sideswipe-Same Direction,2,Cloudy,Wet,Daylight
2021-05-03T18:45:00.000,I 75,I 75 and 17Th St,,Not a Collision with Motor Vehicle,1,Rain,Wet,Daylight
2021-06-15T18:30:00.000,I 75,I 75 and 17Th St,,Sideswipe-Same Direction,2,Clear,Dry,Daylight
2021-04-01T19:30:00.000,I 75,I 75 and 17Th St,,Rear End,2,Clear,Dry,Daylight
2021-09-09T06:40:00.000,I 75,I 75 and 17Th St,,Sideswipe-Same Direction,3,Cloudy,Wet,Daylight
2021-10-08T18:50:00.000,I 75,I 75 and 17Th St,,Rear End,2,Clear,Dry,Daylight
2021-11-22T12:54:00.000,I 75,I 75 and 17Th St,,Rear End,3,Clear,Dry,Daylight
2021-11-02T13:25:00.000,I 75,I 75 and 17Th St,,Rear End,2,Clear,Dry,Daylight
2021-10-13T22:24:00.000,I 75,I 75 and 17Th St,,Sideswipe-Same Direction,2,Clear,Dry,Daylight
2021-12-07T17:55:00.000,I 75,I 75 and 17Th St,,Rear End,2,Clear,Dry,Dark-Lighted
2021-11-30T13:25:00.000,I 75,I 75 and 17Th St,,Rear End,2,Clear,Dry,Daylight
2021-12-07T18:20:00.000,I 75,I 75 and 17Th St,,Rear End,3,Clear,Dry,Daylight
2021-11-10T11:15:00.000,I 75,I 75 and 17Th St,,Rear End,2,Clear,Dry,Daylight
2021-10-07T08:15:00.000,I 75,I 75 and 17Th St,,Rear End,2,Rain,Wet,Daylight
2021-10-19T09:30:00.000,I 75,I 75 and 17Th St,,Sideswipe-Same Direction,2,Clear,Dry,Daylight
2021-11-11T06:30:00.000,I 75,I 75 and 17Th St,,Not a Collision with Motor Vehicle,1,Clear,Dry,Daylight
2022-02-28T10:00:00.000,I 75,I 75 and 17Th St,,Sideswipe-Same Direction,2,Clear,Dry,Daylight
2022-01-03T08:20:00.000,I 75,I 75 and 17Th St,,Not a Collision with Motor Vehicle,1,Cloudy,Wet,Daylight
2022-04-19T13:19:00.000,I 75,I 75 and 17Th St,,Sideswipe-Same Direction,2,Clear,Dry,Daylight
2022-01-02T14:00:00.000,I 75,I 75 and 17Th St,,Rear End,2,Rain,Wet,Daylight
2022-05-09T14:41:00.000,I 75,I 75 and 17Th St,,Sideswipe-Same Direction,2,Clear,Dry,Daylight
2022-10-10T18:42:00.000,I 75,I 75 and 17Th St,,Rear End,2,Clear,Dry,Daylight
2022-05-17T14:25:00.000,I 75,I 75 and 17Th St,,Sideswipe-Same Direction,2,Clear,Dry,Daylight
2021-12-07T18:50:00.000,I 75,I 75 and 17Th St,,Sideswipe-Same Direction,2,Clear,Dry,Daylight
2021-09-22T17:10:00.000,I 75,I 75 and 17Th St,,Rear End,2,Clear,Dry,Daylight
2021-12-30T11:55:00.000,I 75,I 75 and 17Th St,,Sideswipe-Same Direction,2,Rain,Wet,Daylight
2021-10-07T09:00:00.000,I 75,I 75 and 17Th St,,Not a Collision with Motor Vehicle,1,Rain,Wet,Daylight
2021-12-07T18:01:00.000,I 75,I 75 and 17Th St,,Rear End,2,Clear,Dry,Dark-Lighted
2022-10-24T09:42:00.000,I 75,I 75 and 17Th St,,Sideswipe-Same Direction,2,Clear,Dry,Daylight
2022-11-15T07:35:00.000,I 75,I 75 and 17Th St,,Sideswipe-Same Direction,2,Rain,Wet,Daylight
2022-03-28T08:25:00.000,I 75,I 75 and 17Th St,,Sideswipe-Same Direction,2,Clear,Dry,Daylight
2022-10-24T08:08:00.000,I 75,I 75 and 17Th St,,Rear End,2,Clear,Dry,Daylight
2022-06-06T11:00:00.000,I 75,I 75 and 17Th St,,Angle Crash,2,Clear,Dry,Daylight
2022-04-22T19:39:00.000,I 75,I 75 and 17Th St,,Sideswipe-Same Direction,2,Clear,Dry,Daylight
2022-10-07T00:00:00.000,I 75,I 75 and 17Th St,,Rear End,2,Clear,Dry,Daylight
2022-09-15T14:50:00.000,I 75,I 75 and 17Th St,,Sideswipe-Same Direction,2,Clear,Dry,Daylight
2022-08-15T17:43:00.000,I 75,I 75 and 17Th St,,Rear End,2,Clear,Dry,Daylight
2022-04-25T09:31:00.000,I 75,I 75 and 17Th St,,Rear End,2,Clear,Dry,Daylight
2022-08-13T21:50:00.000,I 75,I 75 and 17Th St,,Rear End,3,Cloudy,Dry,Dark-Not Lighted
2022-01-21T20:26:00.000,I 75,I 75 and 17Th St,,Sideswipe-Same Direction,2,Cloudy,Dry,Dark-Not Lighted
2022-08-05T18:30:00.000,I 75,I 75 and 17Th St,,Sideswipe-Same Direction,2,Rain,Wet,Daylight
2022-03-11T16:50:00.000,I 75,I 75 and 17Th St,,Rear End,2,Clear,Dry,Daylight
2022-10-31T08:15:00.000,I 75,I 75 and 17Th St,,Sideswipe-Same Direction,2,Cloudy,Wet,Daylight
2022-08-13T22:14:00.000,I 75,I 75 and 17Th St,,Rear End,3,Clear,Dry,Dark-Lighted
2022-12-13T15:30:00.000,I 75,I 75 and 17Th St,,Sideswipe-Same Direction,2,Cloudy,Dry,Daylight
2022-06-10T06:45:00.000,I 75,I 75 and 17Th St,,Rear End,2,Clear,Dry,Dusk
2022-12-20T12:10:00.000,I 75,I 75 and 17Th St,,Sideswipe-Same Direction,2,Rain,Wet,Daylight
2022-02-15T14:55:00.000,I 75,I 75 and 17Th St,,Rear End,2,Clear,Dry,Daylight
2021-12-06T19:00:00.000,I 75,I 75 and 17Th St,,Rear End,2,Cloudy,Wet,Dark-Lighted
2021-12-30T09:25:00.000,I 75,I 75 and 17Th St,,Rear End,5,Rain,Wet,Daylight
2021-12-13T13:00:00.000,I 75,I 75 and 17Th St,,Rear End,2,Clear,Dry,Daylight
2021-10-26T19:50:00.000,I 75,I 75 and 17Th St,,Rear End,2,Clear,Dry,Dark-Lighted
2021-11-30T13:25:00.000,I 75,I 75 and 17Th St,,Rear End,2,Clear,Dry,Daylight
2021-10-14T07:53:00.000,I 75,I 75 and 17Th St,,Rear End,2,Clear,Dry,Daylight
2022-01-31T12:15:00.000,I 75,I 75 and 17Th St,,Rear End,2,Clear,Dry,Daylight
2022-12-29T14:20:00.000,I 75,I 75 and 17Th St,,Sideswipe-Same Direction,2,Clear,Dry,Daylight
2022-12-18T18:20:00.000,I 75,I 75 and 17Th St,,Rear End,2,Clear,Dry,Dark-Lighted
2022-06-27T18:10:00.000,I 75,I 75 and 17Th St,,Sideswipe-Same Direction,2,Clear,Dry,Daylight
2022-02-22T19:46:00.000,I 75,I 75 and 17Th St,,Sideswipe-Same Direction,2,Clear,Dry,Dark-Lighted
2022-07-20T12:40:00.000,I 75,I 75 and 17Th St,,Sideswipe-Same Direction,2,Clear,Dry,Daylight
2022-03-03T19:30:00.000,I 75,I 75 and 17Th St,,Sideswipe-Same Direction,2,Cloudy,Dry,Dark-Lighted
2022-07-05T11:57:00.000,I 75,I 75 and 17Th St,,Rear End,2,Clear,Dry,Daylight
2022-03-07T16:32:00.000,I 75,I 75 and 17Th St,,Angle Crash,2,Rain,Wet,Daylight
2022-02-01T16:44:00.000,I 75,I 75 and 17Th St,,Rear End,2,Rain,Wet,Daylight
2022-06-17T07:40:00.000,I 75,I 75 and 17Th St,,Sideswipe-Same Direction,2,Clear,Dry,Daylight
2022-08-22T08:25:00.000,I 75,I 75 and 17Th St,,Sideswipe-Same Direction,2,Cloudy,Dry,Daylight
2022-10-31T08:30:00.000,I 75,I 75 and 17Th St,,Rear End,3,Cloudy,Wet,Daylight
2022-01-20T09:00:00.000,I 75,I 75 and 17Th St,,Rear End,2,Rain,Wet,Daylight
2022-05-09T18:30:00.000,I 75,I 75 and 17Th St,,Sideswipe-Same Direction,2,Clear,Dry,Daylight
2022-04-18T18:40:00.000,I 75,I 75 and 17Th St,,Angle Crash,2,Clear,Dry,Daylight
2022-07-12T13:17:00.000,I 75,I 75 and 17Th St,,Rear End,2,Clear,Dry,Daylight
2022-08-04T18:43:00.000,I 75,I 75 and 17Th St,,Rear End,2,Cloudy,Wet,Daylight
2022-11-22T17:06:00.000,I 75,I 75 and 17Th St,,Sideswipe-Same Direction,2,Clear,Dry,Daylight
2022-08-09T17:45:00.000,I 75,I 75 and 17Th St,,Rear End,3,Cloudy,Wet,Daylight
2022-08-25T08:20:00.000,I 75,I 75 and 17Th St,,Rear End,2,Rain,Wet,Daylight
2022-05-20T13:00:00.000,I 75,I 75 and 17Th St,,Rear End,3,Clear,Dry,Daylight
2022-06-06T16:00:00.000,I 75,I 75 and 17Th St,,Rear End,2,Rain,Wet,Daylight
2022-12-06T16:10:00.000,I 75,I 75 and 17Th St,,Rear End,2,Cloudy,Wet,Daylight
2022-11-17T17:10:00.000,I 75,I 75 and 17Th St,,Rear End,2,Clear,Dry,Dusk
2022-03-14T07:30:00.000,I 75,I 75 and 17Th St,,Sideswipe-Same Direction,2,Clear,Dry,Dawn
2022-02-01T16:34:00.000,I 75,I 75 and 17Th St,,Rear End,2,Clear,Dry,Daylight
2022-07-21T15:45:00.000,I 75,I 75 and 17Th St,,Rear End,3,Cloudy,Dry,Daylight
2022-09-13T18:05:00.000,I 75,I 75 and 17Th St,,Sideswipe-Same Direction,2,Clear,Dry,Daylight
2022-12-26T17:15:00.000,I 75,I 75 and 17Th St,,Rear End,3,Clear,Dry,Daylight
2022-05-23T11:20:00.000,I 75,I 75 and 17Th St,,Rear End,2,Cloudy,Wet,Daylight
2022-06-28T12:10:00.000,I 75,I 75 and 17Th St,,Rear End,2,Clear,Dry,Daylight
2022-02-28T16:48:00.000,I 75,I 75 and 17Th St,,Sideswipe-Same Direction,2,Clear,Dry,Daylight
2022-04-04T07:20:00.000,I 75,I 75 and 17Th St,,Rear End,3,Clear,Dry,Daylight
2022-05-10T06:20:00.000,I 75,I 75 and 17Th St,,Sideswipe-Same Direction,2,Clear,Dry,Daylight
2022-04-05T04:00:00.000,I 75,I 75 and 17Th St,,Rear End,2,Cloudy,Wet,Daylight
2022-02-28T09:20:00.000,I 75,I 75 and 17Th St,,Sideswipe-Same Direction,2,Clear,Dry,Daylight
2022-11-10T12:50:00.000,I 75,I 75 and 17Th St,,Rear End,2,Rain,Wet,Daylight
2022-12-06T12:30:00.000,I 75,I 75 and 17Th St,,Rear End,2,Cloudy,Wet,Daylight
2022-05-12T16:30:00.000,I 75,I 75 and 17Th St,,Rear End,2,Clear,Dry,Daylight
2022-03-08T18:53:00.000,I 75,I 75 and 17Th St,,Sideswipe-Same Direction,2,Rain,Wet,Dark-Lighted
2022-08-12T07:00:00.000,I 75,I 75 and 17Th St,,Rear End,3,Clear,Dry,Dark-Lighted
2022-12-15T11:30:00.000,I 75,I 75 and 17Th St,,Sideswipe-Same Direction,2,Clear,Dry,Daylight
2022-09-12T17:28:00.000,I 75,I 75 and 17Th St,,Sideswipe-Same Direction,3,Clear,Dry,Daylight
2022-04-04T14:00:00.000,I 75,I 75 and 17Th St,,Sideswipe-Same Direction,2,Clear,Dry,Daylight
2022-01-12T18:50:00.000,I 75,I 75 and 17Th St,,Rear End,2,Clear,Dry,Dark-Lighted
2022-08-16T16:00:00.000,I 75,I 75 and 17Th St,,Rear End,3,Clear,Dry,Daylight
2022-03-21T08:15:00.000,I 75,I 75 and 17Th St,,Rear End,2,Clear,Dry,Daylight
2022-03-03T17:50:00.000,I 75,I 75 and 17Th St,,Rear End,2,Clear,Dry,Daylight
2022-10-24T13:06:00.000,I 75,I 75 and 17Th St,,Rear End,4,Clear,Dry,Daylight
2022-08-22T17:15:00.000,I 75,I 75 and 17Th St,,Rear End,4,Cloudy,Dry,Daylight
2022-05-09T14:25:00.000,I 75,I 75 and 17Th St,,Sideswipe-Same Direction,4,Clear,Dry,Daylight
2022-08-23T09:15:00.000,I 75,I 75 and 17Th St,,Rear End,2,Cloudy,Dry,Daylight
2022-11-15T08:00:00.000,I 75,I 75 and 17Th St,,Sideswipe-Same Direction,3,Rain,Wet,Daylight
2022-05-10T15:57:00.000,I 75,I 75 and 17Th St,,Sideswipe-Same Direction,2,Clear,Dry,Daylight
2022-05-23T11:20:00.000,I 75,I 75 and 17Th St,,Rear End,2,Cloudy,Wet,Daylight
2022-05-09T15:51:00.000,I 75,I 75 and 17Th St,,Sideswipe-Same Direction,2,Clear,Dry,Daylight
2022-12-01T11:20:00.000,I 75,I 75 and 17Th St,,Sideswipe-Same Direction,2,Clear,Dry,Daylight
2022-10-17T09:00:00.000,I 75,I 75 and 17Th St,,Sideswipe-Same Direction,2,Clear,Dry,Daylight
2022-08-22T12:30:00.000,I 75,I 75 and 17Th St,,Rear End,2,Clear,Dry,Daylight
2022-03-04T20:20:00.000,I 75,I 75 and 17Th St,,Rear End,3,Clear,Dry,Dark-Lighted
2022-02-22T15:39:00.000,I 75,I 75 and 17Th St,,Rear End,2,Clear,Dry,Daylight
2022-12-06T13:20:00.000,I 75,I 75 and 17Th St,,Rear End,2,Rain,Wet,Daylight
2023-06-12T07:52:00.000,I 75,I 75 and 17Th St,,Rear End,2,Clear,Wet,Daylight
2023-07-07T12:17:00.000,I 75,I 75 and 17Th St,,Sideswipe-Same Direction,2,Clear,Dry,Daylight
2024-03-28T11:55:00.000,I 75,I 75 and 17Th St,,Rear End,2,Clear,Dry,Daylight
2024-10-22T14:00:00.000,I 75,I 75 and 17Th St,,Sideswipe-Same Direction,2,Clear,Dry,Daylight
2024-12-09T17:58:00.000,I 75,I 75 and 17Th St,,Rear End,2,Rain,Wet,Daylight
2024-09-19T15:04:00.000,I 75,I 75 and 17Th St,,Rear End,3,Cloudy,Dry,Daylight
2024-09-16T12:50:00.000,I 75,I 75 and 17Th St,,Rear End,2,Cloudy,Dry,Daylight
2024-02-22T17:50:00.000,I 75,I 75 and 17Th St,,Angle Crash,2,Clear,Dry,Dusk
2024-10-19T17:40:00.000,I 75,I 75 and 17Th St,,Sideswipe-Same Direction,2,Cloudy,Dry,Daylight
2024-11-08T13:00:00.000,I 75,I 75 and 17Th St,,Rear End,3,Clear,Dry,Daylight
2024-11-04T08:48:00.000,I 75,I 75 and 17Th St,,Rear End,2,Cloudy,Dry,Daylight
2024-10-25T12:50:00.000,I 75,I 75 and 17Th St,,Rear End,2,Clear,Dry,Daylight
2024-05-13T15:40:00.000,I 75,I 75 and 17Th St,,Rear End,2,Cloudy,Dry,Daylight
2024-05-30T11:15:00.000,I 75,I 75 and 17Th St,,Rear End,3,Clear,Dry,Daylight
2024-09-20T18:12:00.000,I 75,I 75 and 17Th St,,Sideswipe-Same Direction,2,Clear,Dry,Daylight
2024-09-16T11:45:00.000,I 75,I 75 and 17Th St,,Rear End,2,Clear,Dry,Daylight
2024-04-15T07:49:00.000,I 75,I 75 and 17Th St,,Rear End,2,Clear,Dry,Daylight
2024-03-12T05:05:00.000,I 75,I 75 and 17Th St,,Rear End,2,Clear,Dry,Daylight
2024-07-29T15:50:00.000,I 75,I 75 and 17Th St,,Rear End,2,Clear,Dry,Daylight
2024-05-17T17:19:00.000,I 75,I 75 and 17Th St,,Rear End,2,Cloudy,Dry,Daylight
2024-12-10T18:15:00.000,I 75,I 75 and 17Th St,,Rear End,2,Rain,Wet,Dark-Lighted
2024-01-04T07:00:00.000,I 75,I 75 and 17Th St,,Rear End,4,Clear,Dry,Daylight
2024-07-01T17:55:00.000,I 75,I 75 and 17Th St,,Sideswipe-Same Direction,2,Clear,Dry,Daylight
2024-07-08T06:27:00.000,I 75,I 75 and 17Th St,,Sideswipe-Same Direction,2,Clear,Dry,Daylight
2023-09-08T17:10:00.000,I 75,I 75 and 17Th St,,Sideswipe-Same Direction,2,Clear,Dry,Daylight
2023-01-28T17:23:00.000,I 75,I 75 and 17Th St,,Not a Collision with Motor Vehicle,2,Clear,Dry,Daylight
2023-03-16T15:58:00.000,I 75,I 75 and 17Th St,,Rear End,2,Clear,Dry,Daylight
2024-03-12T08:05:00.000,I 75,I 75 and 17Th St,,Rear End,4,Clear,Dry,Daylight
2024-05-02T15:37:00.000,I 75,I 75 and 17Th St,,Rear End,2,Clear,Dry,Daylight
2024-06-03T17:30:00.000,I 75,I 75 and 17Th St,,Not a Collision with Motor Vehicle,1,Clear,Dry,Daylight
2024-01-07T12:20:00.000,I 75,I 75 and 17Th St,,Not a Collision with Motor Vehicle,1,Cloudy,Dry,Daylight
2024-07-18T16:40:00.000,I 75,I 75 and 17Th St,,Sideswipe-Same Direction,2,Rain,Wet,Daylight
2023-03-21T15:39:00.000,I 75,I 75 and 17Th St,,Sideswipe-Same Direction,2,Clear,Dry,Daylight
2023-07-18T08:45:00.000,I 75,I 75 and 17Th St,,Sideswipe-Same Direction,2,Clear,Dry,Daylight
2023-11-14T08:03:00.000,I 75,I 75 and 17Th St,,Rear End,3,Cloudy,Dry,Daylight
2023-02-03T11:30:00.000,I 75,I 75 and 17Th St,,Sideswipe-Same Direction,2,Clear,Dry,Daylight
2023-06-12T06:48:00.000,I 75,I 75 and 17Th St,,Rear End,4,Cloudy,Wet,Daylight
2023-03-13T14:00:00.000,I 75,I 75 and 17Th St,,Angle Crash,2,Clear,Dry,Daylight
2023-12-26T00:00:00.000,I 75,I 75 and 17Th St,,Rear End,2,Clear,Dry,Daylight
2023-02-06T18:00:00.000,I 75,I 75 and 17Th St,,Rear End,2,Cloudy,Dry,Dawn
2023-02-07T16:20:00.000,I 75,I 75 and 17Th St,,Sideswipe-Same Direction,2,Clear,Dry,Daylight
2023-02-02T19:20:00.000,I 75,I 75 and 17Th St,,Rear End,4,Rain,Wet,Dark-Lighted
2023-08-22T09:51:00.000,I 75,I 75 and 17Th St,,Sideswipe-Same Direction,2,Clear,Dry,Daylight
2023-04-14T06:15:00.000,I 75,I 75 and 17Th St,,Rear End,2,Cloudy,Wet,Dark-Lighted
2023-08-14T13:00:00.000,I 75,I 75 and 17Th St,,Angle Crash,4,Clear,Dry,Daylight
2023-11-06T13:25:00.000,I 75,I 75 and 17Th St,,Rear End,2,Clear,Dry,Daylight
2023-01-12T13:45:00.000,I 75,I 75 and 17Th St,,Rear End,2,Clear,Dry,Daylight
2023-08-01T12:45:00.000,I 75,I 75 and 17Th St,,Sideswipe-Same Direction,2,Clear,Dry,Daylight
2023-09-18T09:43:00.000,I 75,I 75 and 17Th St,,Sideswipe-Same Direction,2,Clear,Dry,Daylight
2023-03-28T18:00:00.000,I 75,I 75 and 17Th St,,Rear End,2,Clear,Dry,Daylight
2023-01-23T07:10:00.000,I 75,I 75 and 17Th St,,Rear End,2,Clear,Dry,Dawn
2023-09-28T07:41:00.000,I 75,I 75 and 17Th St,,Sideswipe-Opposite Direction,2,Cloudy,Dry,Daylight
2023-09-29T17:50:00.000,I 75,I 75 and 17Th St,,Sideswipe-Same Direction,2,Clear,Dry,Daylight
2023-11-09T06:40:00.000,I 75,I 75 and 17Th St,,Sideswipe-Same Direction,2,Clear,Dry,Dawn
2023-08-04T15:03:00.000,I 75,I 75 and 17Th St,,Sideswipe-Same Direction,4,Clear,Dry,Daylight
2023-10-19T13:05:00.000,I 75,I 75 and 17Th St,,Sideswipe-Same Direction,2,Clear,Dry,Daylight
2023-02-07T16:35:00.000,I 75,I 75 and 17Th St,,Rear End,2,Clear,Dry,Daylight
2023-11-07T14:25:00.000,I 75,I 75 and 17Th St,,Sideswipe-Same Direction,2,Clear,Dry,Daylight
2023-11-09T18:30:00.000,I 75,I 75 and 17Th St,,Rear End,2,Clear,Dry,Dark-Lighted
2023-04-28T11:30:00.000,I 75,I 75 and 17Th St,,Sideswipe-Same Direction,2,Cloudy,Dry,Daylight
2023-01-06T19:41:00.000,I 75,I 75 and 17Th St,,Sideswipe-Same Direction,2,Clear,Dry,Dark-Lighted
2023-03-06T15:48:00.000,I 75,I 75 and 17Th St,,Sideswipe-Same Direction,2,Clear,Dry,Daylight
2023-06-12T05:54:00.000,I 75,I 75 and 17Th St,,Rear End,2,Cloudy,Wet,Dark-Not Lighted
2023-05-23T07:30:00.000,I 75,I 75 and 17Th St,,Sideswipe-Same Direction,2,Rain,Wet,Daylight
2023-08-31T14:00:00.000,I 75,I 75 and 17Th St,,Rear End,2,Clear,Dry,Daylight
2023-06-12T05:54:00.000,I 75,I 75 and 17Th St,,Rear End,3,Cloudy,Wet,Dark-Not Lighted
2023-11-14T13:00:00.000,I 75,I 75 and 17Th St,,Rear End,2,Clear,Dry,Daylight
2023-08-15T17:20:00.000,I 75,I 75 and 17Th St,,Rear End,2,Clear,Dry,Daylight
2023-01-16T14:48:00.000,I 75,I 75 and 17Th St,,Sideswipe-Same Direction,2,Clear,Dry,Daylight
2023-02-09T07:25:00.000,I 75,I 75 and 17Th St,,Rear End,2,Cloudy,Dry,Daylight
2023-06-12T07:13:00.000,I 75,I 75 and 17Th St,,Rear End,2,Cloudy,Wet,Daylight
2023-03-27T06:45:00.000,I 75,I 75 and 17Th St,,Rear End,3,Rain,Wet,Dark-Lighted
2023-01-09T12:40:00.000,I 75,I 75 and 17Th St,,Rear End,2,Clear,Dry,Daylight
2023-06-23T23:03:00.000,I 75,I 75 and 17Th St,,Rear End,2,Cloudy,Dry,Dark-Lighted
2023-10-30T17:00:00.000,I 75,I 75 and 17Th St,,Sideswipe-Same Direction,2,Cloudy,Wet,Daylight
2023-09-21T16:05:00.000,I 75,I 75 and 17Th St,,Rear End,2,Clear,Dry,Daylight
2023-09-15T14:24:00.000,I 75,I 75 and 17Th St,,Sideswipe-Same Direction,3,Cloudy,Wet,Daylight
2023-08-03T17:13:00.000,I 75,I 75 and 17Th St,,Sideswipe-Same Direction,2,Rain,Wet,Daylight
2023-04-03T12:40:00.000,I 75,I 75 and 17Th St,,Rear End,2,Rain,Wet,Daylight
2023-03-21T19:00:00.000,I 75,I 75 and 17Th St,,Sideswipe-Same Direction,2,Clear,Dry,Daylight
2023-03-13T16:30:00.000,I 75,I 75 and 17Th St,,Rear End,2,Clear,Dry,Daylight
2024-11-11T12:25:00.000,I 75,I 75 and 17Th St,,Sideswipe-Same Direction,3,Clear,Dry,Daylight
2024-12-06T13:55:00.000,I 75,I 75 and 17Th St,,Sideswipe-Same Direction,2,Clear,Dry,Daylight
2024-09-05T10:13:00.000,I 75,I 75 and 17Th St,,Rear End,2,Clear,Dry,Daylight
2024-08-13T13:32:00.000,I 75,I 75 and 17Th St,,Sideswipe-Same Direction,2,Clear,Dry,Daylight
2024-10-14T19:25:00.000,I 75,I 75 and 17Th St,,Rear End,2,Clear,Dry,Dusk
2024-10-21T12:34:00.000,I 75,I 75 and 17Th St,,Sideswipe-Same Direction,2,Clear,Dry,Daylight
2024-11-07T06:29:00.000,I 75,I 75 and 17Th St,,Rear End,4,Clear,Dry,Dark-Lighted
2024-11-04T17:04:00.000,I 75,I 75 and 17Th St,,Rear End,3,Cloudy,Dry,Daylight
2024-09-16T12:50:00.000,I 75,I 75 and 17Th St,,Rear End,2,Cloudy,Dry,Daylight
2024-01-30T18:40:00.000,I 75,I 75 and 17Th St,,Rear End,2,Cloudy,Dry,Dark-Lighted
2024-11-22T08:45:00.000,I 75,I 75 and 17Th St,,Sideswipe-Same Direction,2,Clear,Dry,Daylight
2024-05-20T13:30:00.000,I 75,I 75 and 17Th St,,Rear End,2,Clear,Dry,Daylight
2024-10-04T14:13:00.000,I 75,I 75 and 17Th St,,Rear End,2,Clear,Dry,Daylight
2024-03-07T07:45:00.000,I 75,I 75 and 17Th St,,Rear End,2,Clear,Dry,Daylight
2024-11-07T06:25:00.000,I 75,I 75 and 17Th St,,Rear End,2,Clear,Dry,Dark-Lighted
2024-10-18T12:33:00.000,I 75,I 75 and 17Th St,,Sideswipe-Same Direction,2,Clear,Dry,Daylight
2024-04-23T17:31:00.000,I 75,I 75 and 17Th St,,Sideswipe-Same Direction,2,Clear,Dry,Daylight
2024-08-30T19:00:00.000,I 75,I 75 and 17Th St,,Rear End,2,Clear,Dry,Daylight
2024-12-10T14:08:00.000,I 75,I 75 and 17Th St,,Sideswipe-Same Direction,2,Rain,Wet,Daylight
2024-01-23T10:00:00.000,I 75,I 75 and 17Th St,,Sideswipe-Same Direction,3,Cloudy,Wet,Daylight
2024-04-23T11:13:00.000,I 75,I 75 and 17Th St,,Rear End,2,Clear,Dry,Daylight
2024-09-13T14:20:00.000,I 75,I 75 and 17Th St,,Rear End,2,Cloudy,Dry,Daylight
2024-12-09T18:40:00.000,I 75,I 75 and 17Th St,,Sideswipe-Same Direction,2,Rain,Dry,Dark-Lighted
2024-03-15T14:33:00.000,I 75,I 75 and 17Th St,,Rear End,2,Cloudy,Wet,Daylight
2024-06-18T11:37:00.000,I 75,I 75 and 17Th St,,Rear End,2,Cloudy,Dry,Daylight
2024-01-18T07:45:00.000,I 75,I 75 and 17Th St,,Rear End,2,Clear,Dry,Daylight
2024-08-06T06:30:00.000,I 75,I 75 and 17Th St,,Rear End,3,Cloudy,Dry,Dawn
2024-10-04T07:34:00.000,I 75,I 75 and 17Th St,,Sideswipe-Same Direction,2,Clear,Dry,Daylight
2024-03-22T16:33:00.000,I 75,I 75 and 17Th St,,Sideswipe-Same Direction,2,Rain,Wet,Daylight
2024-02-01T17:20:00.000,I 75,I 75 and 17Th St,,Sideswipe-Same Direction,2,Clear,Dry,Daylight
2024-10-29T06:40:00.000,I 75,I 75 and 17Th St,,Sideswipe-Same Direction,2,Clear,Dry,Dark-Lighted
2024-04-09T18:40:00.000,I 75,I 75 and 17Th St,,Sideswipe-Same Direction,2,Cloudy,Wet,Daylight
2024-08-12T16:30:00.000,I 75,I 75 and 17Th St,,Rear End,2,Clear,Dry,Daylight
2024-11-19T19:34:00.000,I 75,I 75 and 17Th St,,Rear End,2,Rain,Wet,Dark-Lighted
2024-08-26T16:35:00.000,I 75,I 75 and 17Th St,,Rear End,2,Clear,Dry,Daylight
2024-01-11T19:31:00.000,I 75,I 75 and 17Th St,,Rear End,2,Clear,Dry,Dark-Lighted
2024-06-13T07:00:00.000,I 75,I 75 and 17Th St,,Sideswipe-Same Direction,2,Clear,Dry,Daylight
2024-06-03T16:15:00.000,I 75,I 75 and 17Th St,,Rear End,2,Clear,Dry,Daylight
2024-01-11T08:30:00.000,I 75,I 75 and 17Th St,,Sideswipe-Same Direction,3,Clear,Dry,Daylight
2024-05-30T06:13:00.000,I 75,I 75 and 17Th St,,Rear End,2,Clear,Dry,Dark-Not Lighted
2024-09-20T19:42:00.000,I 75,I 75 and 17Th St,,Rear End,2,Clear,Dry,Daylight
2024-04-18T10:45:00.000,I 75,I 75 and 17Th St,,Rear End,2,Clear,Dry,Daylight
2024-12-10T18:15:00.000,I 75,I 75 and 17Th St,,Sideswipe-Same Direction,2,Rain,Wet,Dark-Lighted
2024-03-28T17:27:00.000,I 75,I 75 and 17Th St,,Sideswipe-Same Direction,2,Clear,Dry,Daylight
2024-08-29T18:13:00.000,I 75,I 75 and 17Th St,,Sideswipe-Same Direction,2,Clear,Dry,Daylight
2024-01-06T11:57:00.000,I 75,I 75 and 17Th St,,Rear End,2,Cloudy,Wet,Daylight
2024-09-19T16:23:00.000,I 75,I 75 and 17Th St,,Sideswipe-Same Direction,2,Cloudy,Dry,Daylight
2024-06-20T13:01:00.000,I 75,I 75 and 17Th St,,Rear End,2,Clear,Dry,Daylight
2024-07-29T18:53:00.000,I 75,I 75 and 17Th St,,Sideswipe-Same Direction,2,Rain,Wet,Daylight
2024-08-06T06:30:00.000,I 75,I 75 and 17Th St,,Rear End,2,Clear,Dry,Daylight
2024-10-07T19:10:00.000,I 75,I 75 and 17Th St,,Sideswipe-Same Direction,2,Clear,Dry,Daylight
2024-07-09T17:51:00.000,I 75,I 75 and 17Th St,,Rear End,2,Cloudy,Wet,Daylight
2024-05-21T13:56:00.000,I 75,I 75 and 17Th St,,Sideswipe-Same Direction,2,Clear,Dry,Daylight
2024-10-01T07:35:00.000,I 75,I 75 and 17Th St,,Sideswipe-Same Direction,2,Clear,Dry,Dawn