Date and Time,Roadway (From Crash Report),Intersection Name (from Crash Report),KABCO Severity,Manner of Collision (Crash Level) ,# of Vehicles per crash ,Weather Conditions (Crash Level),Surface Condition (Crash Level) ,Light Conditions (Crash Level)
2024-02-12T06:50:00.000,I 75,I 75 and 17Th St,,Not a Collision with Motor Vehicle,1,Rain,Wet,Dark-Lighted
2024-11-07T09:30:00.000,I 75,I 75 and 17Th St,,Sideswipe-Same Direction,2,Cloudy,Dry,Daylight
2024-07-11T10:50:00.000,I 75,I 75 and 17Th St,,Sideswipe-Same Direction,2,Clear,Dry,Daylight
2024-11-04T17:27:00.000,I 75,I 75 and 17Th St,,Sideswipe-Same Direction,2,Cloudy,Dry,Dark-Lighted
2024-05-23T19:06:00.000,I 75,I 75 and 17Th St,,Rear End,2,Clear,Dry,Daylight
2024-05-31T12:43:00.000,I 75,I 75 and 17Th St,,Sideswipe-Same Direction,2,Clear,Dry,Daylight
2024-08-01T14:50:00.000,I 75,I 75 and 17Th St,,Rear End,2,Clear,Dry,Daylight
2024-04-08T07:34:00.000,I 75,I 75 and 17Th St,,Sideswipe-Same Direction,2,Clear,Dry,Daylight
2024-03-15T15:17:00.000,I 75,I 75 and 17Th St,,Rear End,2,Cloudy,Wet,Daylight
2024-11-19T19:20:00.000,I 75,I 75 and 17Th St,,Rear End,3,Rain,Wet,Dark-Not Lighted
2024-12-10T18:15:00.000,I 75,I 75 and 17Th St,,Rear End,2,Rain,Wet,Dark-Lighted
2024-02-08T16:15:00.000,I 75,I 75 and 17Th St,,Rear End,2,Clear,Dry,Daylight
2024-09-03T07:25:00.000,I 75,I 75 and 17Th St,,Sideswipe-Same Direction,2,Clear,Dry,Daylight
2024-06-24T11:11:00.000,I 75,I 75 and 17Th St,,Sideswipe-Same Direction,2,Clear,Dry,Daylight
2024-03-28T17:04:00.000,I 75,I 75 and 17Th St,,Sideswipe-Same Direction,2,Clear,Dry,Daylight
2024-05-02T15:32:00.000,I 75,I 75 and 17Th St,,Rear End,2,Clear,Dry,Daylight
2024-08-09T12:50:00.000,I 75,I 75 and 17Th St,,Sideswipe-Same Direction,2,Clear,Dry,Daylight
2024-06-24T18:20:00.000,I 75,I 75 and 17Th St,,Rear End,2,Clear,Dry,Daylight
2024-02-19T15:30:00.000,I 75,I 75 and 17Th St,,Sideswipe-Same Direction,2,Clear,Dry,Daylight
2024-04-18T13:17:00.000,I 75,I 75 and 17Th St,,Sideswipe-Same Direction,2,Clear,Dry,Daylight
2024-02-20T15:25:00.000,I 75,I 75 and 17Th St,,Rear End,2,Clear,Dry,Daylight
2022-12-08T07:35:00.000,I 75,I 75 and 17 Th St,,Sideswipe-Same Direction,2,Cloudy,Dry,Daylight
2024-03-05T18:55:00.000,I 75,I 75 and 17 Th St,,Rear End,3,Rain,Wet,Dusk
2024-01-11T19:31:00.000,I 75,I 75 and 17 St,,Rear End,2,Clear,Dry,Dark-Lighted
2021-08-13T15:23:00.000,I 75,I 75 and 16Th St,,Sideswipe-Same Direction,2,Clear,Dry,Daylight
2021-01-01T04:00:00.000,I 75,I 75 and 16Th St,,Rear End,2,Rain,Wet,Dark-Lighted
2021-04-27T16:10:00.000,I 75,I 75 and 16Th St,,Sideswipe-Same Direction,2,Clear,Dry,Daylight
2021-03-20T19:34:00.000,I 75,I 75 and 16Th St,,Sideswipe-Same Direction,2,Clear,Dry,Daylight
2021-01-01T04:00:00.000,I 75,I 75 and 16Th St,,Rear End,2,Rain,Wet,Dark-Lighted
2021-06-14T13:37:00.000,I 75,I 75 and 16Th St,,Rear End,2,Cloudy,Dry,Daylight
2023-10-13T17:40:00.000,I 75,I 75 and 16Th St,,Rear End,3,Cloudy,Wet,Daylight
2023-11-03T15:01:00.000,I 75,I 75 and 16Th St,,Rear End,2,Clear,Dry,Daylight
2023-05-08T15:20:00.000,I 75,I 75 and 16Th St,,Sideswipe-Same Direction,2,Cloudy,Wet,Daylight
2023-05-04T11:51:00.000,I 75,I 75 and 16Th St,,Sideswipe-Same Direction,3,Clear,Dry,Daylight
2023-06-16T09:26:00.000,I 75,I 75 and 16Th St,,Rear End,2,Cloudy,Dry,Daylight
2022-01-12T18:26:00.000,I 75,I 75 and 16Th St,,Rear End,2,Clear,Dry,Dusk
2020-09-09T15:35:00.000,I 75,I 75 and 16Th St,,Sideswipe-Same Direction,3,Clear,Dry,Daylight
2020-01-04T13:35:00.000,I 75,I 75 and 16Th St,,Rear End,2,Clear,Dry,Daylight
2021-01-01T04:00:00.000,I 75,I 75 and 16Th St,,Rear End,2,Rain,Wet,Dark-Lighted
2021-01-01T04:00:00.000,I 75,I 75 and 16Th St,,Rear End,2,Rain,Wet,Dark-Lighted
2021-11-04T15:28:00.000,I 75,I 75 and 16Th St,,Rear End,2,Cloudy,Wet,Daylight
2022-10-07T11:31:00.000,I 75,I 75 and 16Th St,,Sideswipe-Same Direction,2,Clear,Dry,Daylight
2022-12-12T07:09:00.000,I 75,I 75 and 16Th St,,Sideswipe-Same Direction,2,Cloudy,Wet,Dark-Not Lighted
2022-10-07T11:13:00.000,I 75,I 75 and 16Th St,,Sideswipe-Same Direction,2,Clear,Dry,Daylight
2022-05-31T12:40:00.000,I 75,I 75 and 16Th St,,Rear End,2,Clear,Dry,Daylight
2022-07-07T09:37:00.000,I 75,I 75 and 16Th St,,Sideswipe-Same Direction,2,Clear,Dry,Daylight
2022-11-10T14:33:00.000,I 75,I 75 and 16Th St,,Rear End,2,Clear,Wet,Daylight
2022-04-15T17:43:00.000,I 75,I 75 and 16Th St,,Sideswipe-Same Direction,2,Clear,Dry,Daylight
2022-09-23T09:18:00.000,I 75,I 75 and 16Th St,,Sideswipe-Same Direction,2,Clear,Dry,Daylight
2022-06-20T17:20:00.000,I 75,I 75 and 16Th St,,Rear End,2,Clear,Dry,Daylight
2022-04-01T07:42:00.000,I 75,I 75 and 16Th St,,Rear End,2,Clear,Dry,Daylight
2022-12-12T06:46:00.000,I 75,I 75 and 16Th St,,Rear End,2,Cloudy,Wet,Dark-Not Lighted
2024-11-12T10:27:00.000,I 75,I 75 and 16Th St,,Sideswipe-Same Direction,2,Clear,Dry,Daylight
2023-05-27T12:23:00.000,I 75,I 75 and 16Th St,,Rear End,2,Clear,Dry,Daylight
2024-04-02T19:28:00.000,I 75,I 75 and 16Th St,,Sideswipe-Same Direction,2,Cloudy,Dry,Dusk
2023-02-17T12:00:00.000,I 75,I 75 and 16Th St,,Rear End,2,Cloudy,Dry,Daylight
2023-10-19T09:53:00.000,I 75,I 75 and 16Th St,,Sideswipe-Same Direction,2,Clear,Dry,Daylight
2023-01-19T15:20:00.000,I 75,I 75 and 16Th St,,Rear End,4,Clear,Dry,Daylight
2023-09-21T09:09:00.000,I 75,I 75 and 16Th St,,Rear End,3,Clear,Dry,Daylight
2024-03-28T10:15:00.000,I 75,I 75 and 16Th St,,Sideswipe-Same Direction,2,Clear,Dry,Daylight
2024-10-17T08:57:00.000,I 75,I 75 and 16Th St,,Sideswipe-Same Direction,2,Clear,Dry,Daylight
2024-11-15T13:37:00.000,I 75,I 75 and 16Th St,,Sideswipe-Same Direction,2,Clear,Dry,Daylight
2024-12-03T17:33:00.000,I 75,I 75 and 16Th St,,Sideswipe-Same Direction,2,Clear,Dry,Dark-Not Lighted
2024-04-08T12:21:00.000,I 75,I 75 and 16Th St,,Rear End,2,Clear,Dry,Daylight
2024-12-26T12:24:00.000,I 75,I 75 and 16Th St,,Sideswipe-Same Direction,2,Cloudy,Dry,Daylight
2024-04-02T16:27:00.000,I 75,I 75 and 16Th St,,Sideswipe-Same Direction,3,Cloudy,Dry,Daylight
2024-12-06T12:07:00.000,I 75,I 75 and 16Th St,,Rear End,2,Clear,Dry,Daylight
2021-04-26T06:38:00.000,I 75,I 75 and 16Th Ave,,Sideswipe-Same Direction,2,Clear,Dry,Daylight
2021-08-27T14:11:00.000,I 75,I 75 and 16Th Ave,,Rear End,1,Clear,Dry,Daylight
2021-12-12T15:33:00.000,I 75,I 75 and 16Th Ave,,Rear End,2,Clear,Dry,Daylight
2021-04-02T16:32:00.000,I 75,I 75 and 16Th Ave,,Head On,2,Clear,Dry,Daylight
2021-09-21T12:30:00.000,I 75,I 75 and 16Th Ave,,Rear End,2,Clear,Dry,Daylight
2020-06-16T15:54:00.000,I 75,I 75 and 16Th Ave,,Angle Crash,2,Cloudy,Dry,Daylight
2020-06-15T09:04:00.000,I 75,I 75 and 16Th Ave,,Rear End,2,Clear,Dry,Daylight
2021-08-11T15:15:00.000,I 75,I 75 and 16Th Ave,,Not a Collision with Motor Vehicle,2,Cloudy,Dry,Daylight
2021-10-12T13:05:00.000,I 75,I 75 and 16Th Ave,,Rear End,2,Clear,Dry,Daylight
2022-07-16T12:12:00.000,I 75,I 75 and 16Th Ave,,Rear End,2,Clear,Dry,Daylight
2024-08-18T15:30:00.000,I 75,I 75 and 16Th Ave,,Not a Collision with Motor Vehicle,1,Clear,Dry,Daylight
2024-09-06T18:25:00.000,I 75,I 75 and 16Th Ave,,Rear End,2,Rain,Wet,Daylight
2021-03-22T18:12:00.000,I 75,I 75 and 16Th 14Th 10Th St,,Rear End,2,Clear,Dry,Daylight
2021-08-24T18:18:00.000,I 75,I 75 and 16Th 14Th 10Th St,,Rear End,2,Clear,Dry,Daylight
2024-11-26T17:32:00.000,I 75,I 75 and 160 B Exit Rp,,Angle Crash,2,Clear,Dry,Dusk
2022-08-26T07:55:00.000,I 75,I 75 and 15Th St,,Rear End,2,Cloudy,Wet,Daylight
2023-09-14T20:10:00.000,I 75,I 75 and 14Th Street Opas,,Rear End,2,Clear,Dry,Dark-Not Lighted
2022-05-13T09:50:00.000,I 75,I 75 and 14Th Street Opas,,Rear End,2,Clear,Dry,Daylight
2022-05-13T10:55:00.000,I 75,I 75 and 14Th Street Opas,,Sideswipe-Same Direction,2,Clear,Dry,Daylight
2023-02-06T09:26:00.000,I 75,I 75 and 14Th Street Opas,,Rear End,2,Clear,Dry,Daylight
2024-03-08T06:31:00.000,I 75,I 75 and 14Th Street Opas,,Angle Crash,2,Rain,Wet,Dark-Lighted
2024-03-21T10:15:00.000,I 75,I 75 and 14Th Street Opas,,Rear End,2,Clear,Dry,Daylight
2024-04-09T07:40:00.000,I 75,I 75 and 14Th Street Brg,,Rear End,2,Rain,Wet,Daylight
2021-11-12T15:00:00.000,I 75,I 75 and 14Th St Opas,,Sideswipe-Same Direction,2,Clear,Dry,Daylight
2023-07-31T12:44:00.000,I 75,I 75 and 14Th St Opas,,Not a Collision with Motor Vehicle,2,Clear,Dry,Daylight
2023-03-13T06:31:00.000,I 75,I 75 and 14Th St Opas,,Rear End,2,Cloudy,Dry,Dark-Lighted
2023-03-14T16:00:00.000,I 75,I 75 and 14Th St Opas,,Rear End,2,Clear,Dry,Daylight
2023-03-14T16:00:00.000,I 75,I 75 and 14Th St Opas,,Rear End,2,Clear,Dry,Daylight
2023-10-28T12:10:00.000,I 75,I 75 and 14Th St Opas,,Sideswipe-Same Direction,2,Cloudy,Dry,Daylight
2023-05-30T09:00:00.000,I 75,I 75 and 14Th St Opas,,Rear End,3,Cloudy,Wet,Daylight
2023-03-14T19:06:00.000,I 75,I 75 and 14Th St Opas,,Sideswipe-Same Direction,2,Clear,Dry,Daylight
2023-01-29T01:05:00.000,I 75,I 75 and 14Th St Opas,,Rear End,2,Clear,Dry,Dark-Lighted
2022-07-18T16:36:00.000,I 75,I 75 and 14Th St Opas,,Rear End,3,Cloudy,Dry,Daylight
2024-06-25T17:56:00.000,I 75,I 75 and 14Th St Opas,,Rear End,2,Clear,Dry,Daylight
2021-11-01T07:04:00.000,I 75,I 75 and 14Th St Opas,,Sideswipe-Same Direction,2,Clear,Dry,Daylight
2021-12-31T13:42:00.000,I 75,I 75 and 14Th St Opas,,Rear End,2,Cloudy,Wet,Daylight
2022-05-13T15:35:00.000,I 75,I 75 and 14Th St Opas,,Sideswipe-Same Direction,2,Cloudy,Dry,Daylight
2022-12-06T05:30:00.000,I 75,I 75 and 14Th St Opas,,Rear End,2,Rain,Wet,Daylight
2022-07-18T18:53:00.000,I 75,I 75 and 14Th St Opas,,Rear End,2,Cloudy,Dry,Daylight
2022-03-28T16:01:00.000,I 75,I 75 and 14Th St Opas,,Sideswipe-Same Direction,2,Cloudy,Dry,Daylight
2022-04-25T06:27:00.000,I 75,I 75 and 14Th St Opas,,Rear End,3,Clear,Dry,Daylight
2022-02-21T14:05:00.000,I 75,I 75 and 14Th St Opas,,Not a Collision with Motor Vehicle,4,Rain,Wet,Daylight
2022-05-10T14:20:00.000,I 75,I 75 and 14Th St Opas,,Rear End,2,Clear,Dry,Daylight
2022-02-28T19:16:00.000,I 75,I 75 and 14Th St Opas,,Rear End,2,Clear,Dry,Dark-Lighted
2022-03-21T10:20:00.000,I 75,I 75 and 14Th St Opas,,Rear End,2,Clear,Dry,Daylight
2022-01-04T11:07:00.000,I 75,I 75 and 14Th St Opas,,Rear End,3,Clear,Dry,Daylight
2022-01-10T18:21:00.000,I 75,I 75 and 14Th St Opas,,Rear End,3,Clear,Dry,Dark-Lighted
2022-09-02T14:01:00.000,I 75,I 75 and 14Th St Opas,,Sideswipe-Same Direction,2,Cloudy,Dry,Daylight
2022-12-16T19:13:00.000,I 75,I 75 and 14Th St Opas,,Rear End,2,Clear,Dry,Dark-Lighted
2022-01-06T17:28:00.000,I 75,I 75 and 14Th St Opas,,Rear End,2,Clear,Dry,Daylight
2022-03-03T19:21:00.000,I 75,I 75 and 14Th St Opas,,Sideswipe-Same Direction,2,Clear,Dry,Dark-Lighted
2022-12-26T12:20:00.000,I 75,I 75 and 14Th St Opas,,Rear End,3,Cloudy,Dry,Daylight
2024-12-23T12:23:00.000,I 75,I 75 and 14Th St Opas,,Rear End,2,Clear,Dry,Daylight
2023-08-21T16:04:00.000,I 75,I 75 and 14Th St Opas,,Rear End,2,Cloudy,Dry,Daylight
2023-08-21T14:55:00.000,I 75,I 75 and 14Th St Opas,,Sideswipe-Same Direction,2,Cloudy,Dry,Daylight
2023-03-14T19:06:00.000,I 75,I 75 and 14Th St Opas,,Sideswipe-Same Direction,2,Clear,Dry,Daylight
2023-12-04T16:35:00.000,I 75,I 75 and 14Th St Opas,,Sideswipe-Same Direction,2,Clear,Dry,Daylight
2023-11-20T18:24:00.000,I 75,I 75 and 14Th St Opas,,Sideswipe-Same Direction,2,Cloudy,Dry,Dark-Lighted
2023-12-26T12:43:00.000,I 75,I 75 and 14Th St Opas,,Sideswipe-Same Direction,2,Rain,Wet,Daylight
2024-07-22T08:03:00.000,I 75,I 75 and 14Th St Opas,,Sideswipe-Same Direction,2,Cloudy,Wet,Daylight
2024-08-18T13:25:00.000,I 75,I 75 and 14Th St Opas,,Sideswipe-Same Direction,2,Cloudy,Dry,Daylight
2024-12-26T15:12:00.000,I 75,I 75 and 14Th St Opas,,Rear End,2,Cloudy,Dry,Daylight
2024-06-11T13:47:00.000,I 75,I 75 and 14Th St Opas,,Sideswipe-Same Direction,2,Clear,Dry,Daylight
2024-07-18T18:49:00.000,I 75,I 75 and 14Th St Opas,,Rear End,2,Cloudy,Wet,Daylight
2024-07-25T09:28:00.000,I 75,I 75 and 14Th St Opas,,Rear End,3,Cloudy,Wet,Daylight
2024-10-25T12:59:00.000,I 75,I 75 and 14Th St Opas,,Sideswipe-Same Direction,3,Clear,Dry,Daylight
2024-11-19T10:00:00.000,I 75,I 75 and 14Th St Opas,,Rear End,4,Rain,Wet,Daylight
2024-11-14T07:56:00.000,I 75,I 75 and 14Th St Opas,,Rear End,3,Rain,Wet,Daylight
2024-02-06T16:02:00.000,I 75,I 75 and 14Th St Opas,,Sideswipe-Same Direction,2,Clear,Dry,Daylight
2024-12-16T08:33:00.000,I 75,I 75 and 14Th St Opas,,Rear End,2,Cloudy,Dry,Daylight
2024-11-14T07:55:00.000,I 75,I 75 and 14Th St Opas,,Rear End,2,Rain,Wet,Daylight
2024-12-01T10:12:00.000,I 75,I 75 and 14Th St Opas,,Rear End,4,Clear,Dry,Daylight
2023-07-13T13:56:00.000,I 75,I 75 and 14Th St Op,,Rear End,2,Cloudy,Dry,Daylight
2021-02-25T18:50:00.000,I 75,I 75 and 14Th St,,Angle Crash,3,Cloudy,Wet,Dark-Lighted
2021-05-07T15:08:00.000,I 75,I 75 and 14Th St,,Rear End,2,Clear,Dry,Daylight
2021-11-29T13:50:00.000,I 75,I 75 and 14Th St,,Rear End,2,Clear,Dry,Daylight
2021-10-07T16:55:00.000,I 75,I 75 and 14Th St,,Rear End,2,Rain,Wet,Daylight
2021-09-28T11:00:00.000,I 75,I 75 and 14Th St,,Rear End,2,Clear,Dry,Daylight
2021-07-12T11:55:00.000,I 75,I 75 and 14Th St,,Sideswipe-Same Direction,2,Clear,Dry,Daylight
2021-12-17T09:04:00.000,I 75,I 75 and 14Th St,,Rear End,2,Cloudy,Dry,Daylight
2021-09-09T07:00:00.000,I 75,I 75 and 14Th St,,Rear End,2,Clear,Dry,Daylight
2021-10-18T18:40:00.000,I 75,I 75 and 14Th St,,Rear End,2,Clear,Dry,Daylight
2021-10-07T18:00:00.000,I 75,I 75 and 14Th St,,Rear End,2,Cloudy,Dry,Daylight
2021-12-10T12:41:00.000,I 75,I 75 and 14Th St,,Rear End,2,Rain,Wet,Daylight
2021-04-02T15:53:00.000,I 75,I 75 and 14Th St,,Rear End,2,Clear,Dry,Daylight
2021-01-21T11:27:00.000,I 75,I 75 and 14Th St,,Rear End,2,Rain,Wet,Daylight
2021-04-19T16:25:00.000,I 75,I 75 and 14Th St,,Sideswipe-Same Direction,2,Clear,Dry,Daylight
2021-06-24T18:30:00.000,I 75,I 75 and 14Th St,,Angle Crash,2,Cloudy,Dry,Daylight
2021-02-26T09:57:00.000,I 75,I 75 and 14Th St,,Sideswipe-Same Direction,2,Rain,Wet,Daylight
2021-12-10T15:00:00.000,I 75,I 75 and 14Th St,,Rear End,2,Rain,Wet,Daylight
2021-11-04T10:00:00.000,I 75,I 75 and 14Th St,,Rear End,2,Rain,Wet,Daylight
2021-11-10T16:47:00.000,I 75,I 75 and 14Th St,,Rear End,3,Clear,Dry,Daylight
2021-11-25T10:20:00.000,I 75,I 75 and 14Th St,,Sideswipe-Same Direction,2,Clear,Dry,Daylight
2021-09-20T14:45:00.000,I 75,I 75 and 14Th St,,Rear End,2,Rain,Wet,Daylight
2021-10-25T15:40:00.000,I 75,I 75 and 14Th St,,Sideswipe-Same Direction,2,Cloudy,Dry,Daylight
2021-12-02T16:43:00.000,I 75,I 75 and 14Th St,,Sideswipe-Same Direction,2,Clear,Dry,Daylight
2021-10-21T14:34:00.000,I 75,I 75 and 14Th St,,Sideswipe-Same Direction,2,Clear,Dry,Daylight
2021-09-10T10:00:00.000,I 75,I 75 and 14Th St,,Rear End,2,Clear,Dry,Daylight
2021-11-29T08:42:00.000,I 75,I 75 and 14Th St,,Rear End,2,Clear,Dry,Daylight
2021-12-10T13:07:00.000,I 75,I 75 and 14Th St,,Rear End,2,Rain,Wet,Daylight
2021-11-20T21:45:00.000,I 75,I 75 and 14Th St,,Rear End,2,Clear,Dry,Dark-Lighted
2021-02-04T16:10:00.000,I 75,I 75 and 14Th St,,Rear End,2,Clear,Dry,Daylight
2021-09-09T07:00:00.000,I 75,I 75 and 14Th St,,Rear End,2,Cloudy,Wet,Dark-Lighted
2021-12-29T15:00:00.000,I 75,I 75 and 14Th St,,Rear End,2,Clear,Dry,Daylight
2021-10-07T18:00:00.000,I 75,I 75 and 14Th St,,Rear End,2,Clear,Wet,Daylight
2021-10-07T17:00:00.000,I 75,I 75 and 14Th St,,Sideswipe-Same Direction,2,Cloudy,Wet,Daylight
2021-01-08T14:27:00.000,I 75,I 75 and 14Th St,,Rear End,2,Clear,Wet,Daylight
2021-06-18T17:50:00.000,I 75,I 75 and 14Th St,,Rear End,2,Clear,Dry,Daylight
2021-06-04T06:00:00.000,I 75,I 75 and 14Th St,,Sideswipe-Same Direction,2,Clear,Dry,Daylight
2021-05-07T09:34:00.000,I 75,I 75 and 14Th St,,Rear End,2,Clear,Dry,Daylight
2021-03-16T15:00:00.000,I 75,I 75 and 14Th St,,Rear End,2,Rain,Wet,Daylight
2021-12-17T07:30:00.000,I 75,I 75 and 14Th St,,Rear End,3,Cloudy,Dry,Daylight
2021-11-15T18:08:00.000,I 75,I 75 and 14Th St,,Rear End,2,Clear,Dry,Daylight
2021-10-26T17:30:00.000,I 75,I 75 and 14Th St,,Rear End,2,Clear,Dry,Daylight
2021-12-02T14:30:00.000,I 75,I 75 and 14Th St,,Rear End,2,Clear,Dry,Daylight
2021-09-02T09:01:00.000,I 75,I 75 and 14Th St,,Sideswipe-Same Direction,2,Clear,Dry,Daylight
2021-12-30T06:10:00.000,I 75,I 75 and 14Th St,,Rear End,2,Rain,Wet,Dark-Lighted
2021-09-13T10:17:00.000,I 75,I 75 and 14Th St,,Rear End,2,Cloudy,Dry,Daylight
2021-09-09T08:29:00.000,I 75,I 75 and 14Th St,,Rear End,2,Cloudy,Dry,Daylight
2021-10-19T07:35:00.000,I 75,I 75 and 14Th St,,Rear End,2,Clear,Dry,Daylight
2021-07-13T16:33:00.000,I 75,I 75 and 14Th St,,Sideswipe-Same Direction,2,Cloudy,Dry,Daylight
2021-12-22T06:45:00.000,I 75,I 75 and 14Th St,,Sideswipe-Same Direction,2,Clear,Dry,Dark-Lighted
2021-02-26T11:00:00.000,I 75,I 75 and 14Th St,,Rear End,2,Rain,Wet,Daylight
2021-04-28T15:26:00.000,I 75,I 75 and 14Th St,,Sideswipe-Same Direction,3,Clear,Dry,Daylight
2020-03-05T08:56:00.000,I 75,I 75 and 14Th St,,Sideswipe-Same Direction,2,Rain,Wet,Daylight
2023-01-23T15:55:00.000,I 75,I 75 and 14Th St,,Rear End,2,Clear,Dry,Daylight
2023-01-19T10:15:00.000,I 75,I 75 and 14Th St,,Rear End,2,Clear,Dry,Daylight
2023-11-21T06:50:00.000,I 75,I 75 and 14Th St,,Sideswipe-Same Direction,2,Rain,Wet,Daylight
2023-05-30T16:25:00.000,I 75,I 75 and 14Th St,,Rear End,2,Clear,Dry,Daylight
2023-01-06T08:30:00.000,I 75,I 75 and 14Th St,,Rear End,2,Clear,Dry,Daylight
2023-07-17T15:45:00.000,I 75,I 75 and 14Th St,,Sideswipe-Same Direction,2,Cloudy,Dry,Daylight
2023-10-02T18:38:00.000,I 75,I 75 and 14Th St,,Rear End,2,Clear,Dry,Daylight
2023-11-09T11:55:00.000,I 75,I 75 and 14Th St,,Sideswipe-Same Direction,2,Clear,Dry,Daylight
2023-08-17T18:40:00.000,I 75,I 75 and 14Th St,,Rear End,2,Clear,Dry,Daylight
2023-03-07T16:19:00.000,I 75,I 75 and 14Th St,,Rear End,2,Clear,Dry,Daylight
2023-09-11T11:35:00.000,I 75,I 75 and 14Th St,,Rear End,2,Clear,Dry,Daylight
2023-02-24T12:20:00.000,I 75,I 75 and 14Th St,,Rear End,2,Clear,Dry,Daylight
2023-06-06T16:40:00.000,I 75,I 75 and 14Th St,,Sideswipe-Same Direction,3,Clear,Dry,Daylight
2023-09-08T12:27:00.000,I 75,I 75 and 14Th St,,Sideswipe-Same Direction,2,Clear,Dry,Daylight
2023-05-04T09:50:00.000,I 75,I 75 and 14Th St,,Rear End,3,Clear,Dry,Daylight
2023-12-19T13:35:00.000,I 75,I 75 and 14Th St,,Sideswipe-Same Direction,2,Clear,Dry,Daylight
2023-11-14T18:15:00.000,I 75,I 75 and 14Th St,,Rear End,2,Clear,Dry,Dark-Lighted
2023-01-03T09:09:00.000,I 75,I 75 and 14Th St,,Rear End,2,Cloudy,Wet,Daylight
2023-09-19T17:50:00.000,I 75,I 75 and 14Th St,,Sideswipe-Same Direction,2,Clear,Dry,Daylight
2023-06-12T07:30:00.000,I 75,I 75 and 14Th St,,Rear End,2,Cloudy,Wet,Daylight
2023-12-21T22:25:00.000,I 75,I 75 and 14Th St,,Sideswipe-Same Direction,3,Clear,Dry,Dark-Lighted
2023-11-16T10:04:00.000,I 75,I 75 and 14Th St,,Rear End,2,Cloudy,Dry,Daylight
2023-09-22T14:45:00.000,I 75,I 75 and 14Th St,,Sideswipe-Same Direction,2,Clear,Dry,Daylight
2023-06-30T17:10:00.000,I 75,I 75 and 14Th St,,Rear End,2,Cloudy,Wet,Daylight
2023-09-28T08:20:00.000,I 75,I 75 and 14Th St,,Rear End,2,Clear,Dry,Daylight
2023-05-28T02:02:00.000,I 75,I 75 and 14Th St,,Rear End,2,Cloudy,Dry,Dark-Not Lighted
2023-08-26T23:10:00.000,I 75,I 75 and 14Th St,,Rear End,2,Clear,Dry,Dark-Lighted
2023-09-18T09:22:00.000,I 75,I 75 and 14Th St,,Rear End,2,Clear,Dry,Daylight
2023-10-17T10:13:00.000,I 75,I 75 and 14Th St,,Sideswipe-Same Direction,2,Clear,Dry,Daylight
2023-04-06T14:00:00.000,I 75,I 75 and 14Th St,,Sideswipe-Same Direction,2,Clear,Dry,Daylight
2023-01-16T06:15:00.000,I 75,I 75 and 14Th St,,Sideswipe-Same Direction,2,Clear,Dry,Dark-Lighted
2023-06-05T06:05:00.000,I 75,I 75 and 14Th St,,Rear End,2,Cloudy,Wet,Dark-Lighted
2023-05-12T14:57:00.000,I 75,I 75 and 14Th St,,Rear End,2,Cloudy,Dry,Daylight
2023-01-02T16:10:00.000,I 75,I 75 and 14Th St,,Sideswipe-Same Direction,2,Rain,Wet,Daylight
2023-04-14T15:45:00.000,I 75,I 75 and 14Th St,,Rear End,2,Cloudy,Wet,Daylight
2023-06-23T10:00:00.000,I 75,I 75 and 14Th St,,Sideswipe-Same Direction,2,Clear,Dry,Daylight
2023-06-05T14:05:00.000,I 75,I 75 and 14Th St,,Rear End,2,Clear,Dry,Daylight
2023-08-24T10:27:00.000,I 75,I 75 and 14Th St,,Sideswipe-Same Direction,2,Clear,Dry,Daylight
2023-06-23T08:20:00.000,I 75,I 75 and 14Th St,,Rear End,2,Clear,Dry,Daylight
2023-03-27T12:45:00.000,I 75,I 75 and 14Th St,,Sideswipe-Same Direction,2,Clear,Dry,Daylight
2023-01-24T07:33:00.000,I 75,I 75 and 14Th St,,Sideswipe-Same Direction,2,Clear,Dry,Daylight
2023-12-28T19:40:00.000,I 75,I 75 and 14Th St,,Rear End,2,Clear,Dry,Dark-Lighted
2023-01-23T16:55:00.000,I 75,I 75 and 14Th St,,Sideswipe-Same Direction,2,Clear,Dry,Daylight
2023-04-07T11:30:00.000,I 75,I 75 and 14Th St,,Sideswipe-Same Direction,2,Clear,Dry,Daylight
2023-03-27T12:50:00.000,I 75,I 75 and 14Th St,,Rear End,2,Clear,Dry,Daylight
2023-04-21T12:21:00.000,I 75,I 75 and 14Th St,,Sideswipe-Same Direction,2,Clear,Dry,Daylight
2023-04-13T11:50:00.000,I 75,I 75 and 14Th St,,Rear End,2,Cloudy,Wet,Daylight
2023-11-06T14:30:00.000,I 75,I 75 and 14Th St,,Rear End,3,Clear,Dry,Daylight
2023-01-16T12:20:00.000,I 75,I 75 and 14Th St,,Sideswipe-Same Direction,2,Cloudy,Dry,Daylight
2023-10-24T11:03:00.000,I 75,I 75 and 14Th St,,Rear End,2,Clear,Dry,Daylight
2023-07-20T17:36:00.000,I 75,I 75 and 14Th St,,Sideswipe-Same Direction,2,Clear,Dry,Daylight
2023-03-28T12:30:00.000,I 75,I 75 and 14Th St,,Sideswipe-Same Direction,2,Cloudy,Dry,Daylight
2023-12-07T13:55:00.000,I 75,I 75 and 14Th St,,Rear End,2,Clear,Dry,Daylight
2023-06-12T05:52:00.000,I 75,I 75 and 14Th St,,Rear End,3,Cloudy,Wet,Dark-Lighted
2023-05-26T17:25:00.000,I 75,I 75 and 14Th St,,Rear End,2,Cloudy,Dry,Daylight
2023-05-22T09:25:00.000,I 75,I 75 and 14Th St,,Rear End,3,Cloudy,Dry,Daylight
2023-03-29T18:15:00.000,I 75,I 75 and 14Th St,,Rear End,2,Clear,Dry,Daylight
2023-06-11T17:50:00.000,I 75,I 75 and 14Th St,,Rear End,3,Clear,Dry,Daylight
2023-04-13T09:10:00.000,I 75,I 75 and 14Th St,,Sideswipe-Same Direction,2,Clear,Dry,Daylight
2023-12-07T13:16:00.000,I 75,I 75 and 14Th St,,Rear End,2,Clear,Dry,Daylight