Date and Time,Roadway (From Crash Report),Intersection Name (from Crash Report),KABCO Severity,Manner of Collision (Crash Level) ,# of Vehicles per crash ,Weather Conditions (Crash Level),Surface Condition (Crash Level) ,Light Conditions (Crash Level)
2023-11-05T19:22:00.000,I 75,I 75 and 14Th St,,Sideswipe-Same Direction,2,Clear,Dry,Dark-Lighted
2023-06-09T21:02:00.000,I 75,I 75 and 14Th St,,Rear End,2,Clear,Dry,Dark-Lighted
2022-03-04T19:20:00.000,I 75,I 75 and 14Th St,,Angle Crash,2,Clear,Dry,Dark-Lighted
2022-11-13T01:23:00.000,I 75,I 75 and 14Th St,,Sideswipe-Same Direction,2,Cloudy,Dry,Dark-Lighted
2022-01-10T06:20:00.000,I 75,I 75 and 14Th St,,Sideswipe-Same Direction,2,Clear,Dry,Dark-Lighted
2022-04-28T09:05:00.000,I 75,I 75 and 14Th St,,Rear End,2,Clear,Dry,Daylight
2022-07-12T14:45:00.000,I 75,I 75 and 14Th St,,Sideswipe-Same Direction,2,Clear,Dry,Daylight
2022-09-20T11:10:00.000,I 75,I 75 and 14Th St,,Rear End,2,Clear,Dry,Daylight
2022-06-10T15:15:00.000,I 75,I 75 and 14Th St,,Sideswipe-Same Direction,2,Clear,Dry,Daylight
2021-10-26T17:00:00.000,I 75,I 75 and 14Th St,,Rear End,2,Clear,Dry,Daylight
2020-08-21T17:44:00.000,I 75,I 75 and 14Th St,,Sideswipe-Same Direction,2,Rain,Wet,Daylight
2020-12-24T15:47:00.000,I 75,I 75 and 14Th St,,Sideswipe-Same Direction,2,Rain,Wet,Daylight
2020-11-30T16:08:00.000,I 75,I 75 and 14Th St,,Sideswipe-Same Direction,2,Cloudy,Wet,Daylight
2020-12-24T12:25:00.000,I 75,I 75 and 14Th St,,Sideswipe-Same Direction,2,Rain,Wet,Daylight
2020-11-17T13:50:00.000,I 75,I 75 and 14Th St,,Rear End,3,Clear,Dry,Daylight
2020-07-06T13:26:00.000,I 75,I 75 and 14Th St,,Sideswipe-Same Direction,2,Cloudy,Dry,Daylight
2020-08-31T16:32:00.000,I 75,I 75 and 14Th St,,Rear End,2,Cloudy,Dry,Daylight
2020-08-25T05:38:00.000,I 75,I 75 and 14Th St,,Rear End,2,Rain,Wet,Daylight
2020-01-27T19:15:00.000,I 75,I 75 and 14Th St,,Rear End,1,Clear,Dry,Daylight
2020-08-21T17:20:00.000,I 75,I 75 and 14Th St,,Sideswipe-Same Direction,2,Cloudy,Dry,Daylight
2020-07-24T19:35:00.000,I 75,I 75 and 14Th St,,Sideswipe-Same Direction,2,Cloudy,Dry,Daylight
2020-03-09T14:57:00.000,I 75,I 75 and 14Th St,,Rear End,2,Cloudy,Dry,Daylight
2020-12-04T14:40:00.000,I 75,I 75 and 14Th St,,Rear End,2,Rain,Wet,Daylight
2020-05-27T18:43:00.000,I 75,I 75 and 14Th St,,Rear End,2,Cloudy,Wet,Daylight
2020-06-05T17:28:00.000,I 75,I 75 and 14Th St,,Rear End,2,Cloudy,Dry,Daylight
2020-10-25T10:35:00.000,I 75,I 75 and 14Th St,,Rear End,2,Cloudy,Dry,Daylight
2020-07-06T19:50:00.000,I 75,I 75 and 14Th St,,Sideswipe-Same Direction,3,Cloudy,Dry,Daylight
2020-12-14T16:06:00.000,I 75,I 75 and 14Th St,,Sideswipe-Same Direction,2,Clear,Dry,Daylight
2020-10-08T13:40:00.000,I 75,I 75 and 14Th St,,Sideswipe-Same Direction,2,Clear,Dry,Daylight
2020-08-31T16:32:00.000,I 75,I 75 and 14Th St,,Sideswipe-Same Direction,2,Cloudy,Dry,Daylight
2020-08-26T15:55:00.000,I 75,I 75 and 14Th St,,Rear End,3,Cloudy,Dry,Daylight
2021-04-12T18:59:00.000,I 75,I 75 and 14Th St,,Rear End,2,Clear,Dry,Daylight
2021-06-14T13:18:00.000,I 75,I 75 and 14Th St,,Rear End,2,Cloudy,Dry,Daylight
2021-01-26T09:35:00.000,I 75,I 75 and 14Th St,,Sideswipe-Same Direction,2,Clear,Dry,Daylight
2021-01-27T08:37:00.000,I 75,I 75 and 14Th St,,Rear End,2,Rain,Wet,Daylight
2021-02-25T17:35:00.000,I 75,I 75 and 14Th St,,Rear End,3,Rain,Wet,Daylight
2021-01-02T02:40:00.000,I 75,I 75 and 14Th St,,Sideswipe-Same Direction,1,Clear,Dry,Dark-Lighted
2021-02-26T11:20:00.000,I 75,I 75 and 14Th St,,Rear End,2,Rain,Wet,Daylight
2021-06-23T18:40:00.000,I 75,I 75 and 14Th St,,Rear End,2,Clear,Dry,Daylight
2021-12-30T16:50:00.000,I 75,I 75 and 14Th St,,Rear End,2,Cloudy,Wet,Daylight
2021-07-29T10:30:00.000,I 75,I 75 and 14Th St,,Sideswipe-Same Direction,2,Clear,Dry,Daylight
2021-09-08T12:10:00.000,I 75,I 75 and 14Th St,,Rear End,3,Clear,Dry,Daylight
2021-12-28T11:20:00.000,I 75,I 75 and 14Th St,,Sideswipe-Same Direction,2,Clear,Dry,Daylight
2021-11-30T13:10:00.000,I 75,I 75 and 14Th St,,Rear End,2,Clear,Dry,Daylight
2021-12-13T13:00:00.000,I 75,I 75 and 14Th St,,Rear End,2,Clear,Dry,Daylight
2021-11-11T18:08:00.000,I 75,I 75 and 14Th St,,Rear End,3,Rain,Wet,Dark-Lighted
2021-10-27T08:10:00.000,I 75,I 75 and 14Th St,,Sideswipe-Same Direction,3,Clear,Dry,Daylight
2021-12-14T14:35:00.000,I 75,I 75 and 14Th St,,Rear End,2,Clear,Dry,Daylight
2021-07-13T15:00:00.000,I 75,I 75 and 14Th St,,Rear End,2,Clear,Dry,Daylight
2021-10-15T18:40:00.000,I 75,I 75 and 14Th St,,Rear End,2,Clear,Dry,Daylight
2021-09-13T12:00:00.000,I 75,I 75 and 14Th St,,Rear End,4,Cloudy,Dry,Daylight
2021-08-10T17:45:00.000,I 75,I 75 and 14Th St,,Rear End,2,Cloudy,Dry,Daylight
2021-12-03T14:45:00.000,I 75,I 75 and 14Th St,,Sideswipe-Same Direction,2,Clear,Dry,Daylight
2021-07-02T10:30:00.000,I 75,I 75 and 14Th St,,Sideswipe-Same Direction,2,Rain,Wet,Daylight
2021-11-11T06:30:00.000,I 75,I 75 and 14Th St,,Sideswipe-Same Direction,2,Clear,Dry,Daylight
2021-12-02T15:00:00.000,I 75,I 75 and 14Th St,,Sideswipe-Same Direction,2,Clear,Dry,Daylight
2021-09-09T06:00:00.000,I 75,I 75 and 14Th St,,Sideswipe-Same Direction,2,Cloudy,Dry,Dark-Lighted
2021-12-03T14:00:00.000,I 75,I 75 and 14Th St,,Sideswipe-Same Direction,2,Clear,Dry,Daylight
2021-09-27T09:25:00.000,I 75,I 75 and 14Th St,,Sideswipe-Same Direction,3,Clear,Dry,Daylight
2021-11-09T12:30:00.000,I 75,I 75 and 14Th St,,Rear End,2,Clear,Dry,Daylight
2022-03-01T07:50:00.000,I 75,I 75 and 14Th St,,Sideswipe-Same Direction,2,Clear,Dry,Daylight
2022-01-31T13:53:00.000,I 75,I 75 and 14Th St,,Rear End,4,Cloudy,Dry,Daylight
2022-01-27T18:40:00.000,I 75,I 75 and 14Th St,,Sideswipe-Same Direction,3,Clear,Dry,Daylight
2022-06-24T11:25:00.000,I 75,I 75 and 14Th St,,Not a Collision with Motor Vehicle,2,Clear,Dry,Daylight
2022-11-21T10:55:00.000,I 75,I 75 and 14Th St,,Rear End,2,Clear,Dry,Daylight
2022-11-07T14:52:00.000,I 75,I 75 and 14Th St,,Sideswipe-Same Direction,2,Clear,Dry,Daylight
2022-01-04T09:50:00.000,I 75,I 75 and 14Th St,,Sideswipe-Same Direction,2,Clear,Dry,Daylight
2022-08-23T17:40:00.000,I 75,I 75 and 14Th St,,Rear End,2,Clear,Dry,Daylight
2021-12-22T13:20:00.000,I 75,I 75 and 14Th St,,Sideswipe-Same Direction,2,Clear,Dry,Daylight
2021-10-25T18:21:00.000,I 75,I 75 and 14Th St,,Sideswipe-Same Direction,2,Clear,Dry,Daylight
2021-09-13T12:15:00.000,I 75,I 75 and 14Th St,,Sideswipe-Same Direction,2,Clear,Dry,Daylight
2021-08-16T15:53:00.000,I 75,I 75 and 14Th St,,Rear End,2,Rain,Wet,Daylight
2021-12-29T11:00:00.000,I 75,I 75 and 14Th St,,Sideswipe-Same Direction,2,Rain,Wet,Daylight
2021-10-18T14:40:00.000,I 75,I 75 and 14Th St,,Sideswipe-Same Direction,2,Clear,Dry,Daylight
2021-12-17T07:30:00.000,I 75,I 75 and 14Th St,,Rear End,3,Cloudy,Dry,Daylight
2021-09-20T13:45:00.000,I 75,I 75 and 14Th St,,Rear End,2,Rain,Wet,Daylight
2021-08-05T16:20:00.000,I 75,I 75 and 14Th St,,Angle Crash,2,Clear,Dry,Daylight
2021-09-02T08:59:00.000,I 75,I 75 and 14Th St,,Rear End,2,Clear,Dry,Daylight
2021-08-13T10:05:00.000,I 75,I 75 and 14Th St,,Sideswipe-Same Direction,2,Clear,Dry,Daylight
2021-12-02T19:00:00.000,I 75,I 75 and 14Th St,,Sideswipe-Same Direction,2,Clear,Dry,Dark-Lighted
2021-09-20T08:17:00.000,I 75,I 75 and 14Th St,,Rear End,2,Rain,Wet,Daylight
2021-10-26T18:55:00.000,I 75,I 75 and 14Th St,,Rear End,2,Clear,Dry,Daylight
2022-11-28T19:10:00.000,I 75,I 75 and 14Th St,,Rear End,2,Clear,Dry,Dark-Lighted
2022-12-06T18:41:00.000,I 75,I 75 and 14Th St,,Rear End,2,Fog,Dry,Dark-Lighted
2022-10-03T16:45:00.000,I 75,I 75 and 14Th St,,Rear End,2,Clear,Dry,Daylight
2022-04-05T13:35:00.000,I 75,I 75 and 14Th St,,Rear End,2,Rain,Wet,Daylight
2022-04-15T16:30:00.000,I 75,I 75 and 14Th St,,Rear End,2,Clear,Dry,Daylight
2022-02-21T17:02:00.000,I 75,I 75 and 14Th St,,Rear End,2,Rain,Wet,Daylight
2022-04-15T12:20:00.000,I 75,I 75 and 14Th St,,Sideswipe-Same Direction,2,Clear,Dry,Daylight
2022-06-16T14:40:00.000,I 75,I 75 and 14Th St,,Rear End,2,Cloudy,Dry,Daylight
2022-10-10T08:00:00.000,I 75,I 75 and 14Th St,,Rear End,3,Clear,Dry,Daylight
2022-08-05T17:10:00.000,I 75,I 75 and 14Th St,,Rear End,2,Rain,Wet,Daylight
2022-08-25T17:45:00.000,I 75,I 75 and 14Th St,,Sideswipe-Same Direction,2,Clear,Dry,Daylight
2022-07-28T06:20:00.000,I 75,I 75 and 14Th St,,Rear End,2,Clear,Dry,Daylight
2022-02-21T15:00:00.000,I 75,I 75 and 14Th St,,Sideswipe-Same Direction,2,Rain,Wet,Daylight
2022-04-07T08:25:00.000,I 75,I 75 and 14Th St,,Rear End,2,Clear,Wet,Daylight
2022-01-28T15:00:00.000,I 75,I 75 and 14Th St,,Sideswipe-Same Direction,2,Clear,Dry,Daylight
2022-07-14T08:00:00.000,I 75,I 75 and 14Th St,,Rear End,2,Clear,Dry,Daylight
2022-04-12T16:40:00.000,I 75,I 75 and 14Th St,,Rear End,3,Cloudy,Dry,Daylight
2022-12-03T19:40:00.000,I 75,I 75 and 14Th St,,Rear End,3,Clear,Wet,Dark-Lighted
2022-02-04T13:10:00.000,I 75,I 75 and 14Th St,,Sideswipe-Same Direction,2,Clear,Dry,Daylight
2022-04-26T12:36:00.000,I 75,I 75 and 14Th St,,Rear End,2,Cloudy,Wet,Daylight
2022-03-04T19:25:00.000,I 75,I 75 and 14Th St,,Rear End,2,Clear,Dry,Dark-Lighted
2022-09-22T19:42:00.000,I 75,I 75 and 14Th St,,Rear End,2,Clear,Dry,Daylight
2022-04-25T08:10:00.000,I 75,I 75 and 14Th St,,Rear End,3,Clear,Dry,Daylight
2022-05-09T08:10:00.000,I 75,I 75 and 14Th St,,Rear End,2,Clear,Dry,Daylight
2022-02-03T18:38:00.000,I 75,I 75 and 14Th St,,Sideswipe-Same Direction,2,Rain,Wet,Dark-Lighted
2022-12-19T18:40:00.000,I 75,I 75 and 14Th St,,Sideswipe-Same Direction,2,Clear,Dry,Dark-Lighted
2022-02-01T12:15:00.000,I 75,I 75 and 14Th St,,Rear End,2,Clear,Dry,Daylight
2022-08-12T06:20:00.000,I 75,I 75 and 14Th St,,Rear End,2,Cloudy,Wet,Dawn
2022-08-19T15:30:00.000,I 75,I 75 and 14Th St,,Rear End,2,Clear,Dry,Daylight
2022-02-03T16:10:00.000,I 75,I 75 and 14Th St,,Rear End,2,Rain,Wet,Daylight
2022-11-11T19:20:00.000,I 75,I 75 and 14Th St,,Rear End,2,Cloudy,Wet,Dark-Lighted
2022-02-03T18:00:00.000,I 75,I 75 and 14Th St,,Rear End,2,Rain,Wet,Dark-Lighted
2022-08-01T08:00:00.000,I 75,I 75 and 14Th St,,Rear End,2,Clear,Dry,Daylight
2022-03-14T16:10:00.000,I 75,I 75 and 14Th St,,Rear End,2,Clear,Dry,Daylight
2022-08-16T12:35:00.000,I 75,I 75 and 14Th St,,Sideswipe-Same Direction,2,Clear,Dry,Daylight
2022-12-15T10:43:00.000,I 75,I 75 and 14Th St,,Rear End,2,Cloudy,Wet,Daylight
2022-03-15T17:00:00.000,I 75,I 75 and 14Th St,,Angle Crash,3,Clear,Dry,Daylight
2022-02-08T14:26:00.000,I 75,I 75 and 14Th St,,Sideswipe-Same Direction,2,Clear,Dry,Daylight
2022-02-07T16:20:00.000,I 75,I 75 and 14Th St,,Sideswipe-Same Direction,2,Cloudy,Dry,Daylight
2022-10-25T08:45:00.000,I 75,I 75 and 14Th St,,Rear End,2,Clear,Dry,Daylight
2022-02-10T19:00:00.000,I 75,I 75 and 14Th St,,Rear End,2,Clear,Dry,Dark-Lighted
2022-09-15T09:13:00.000,I 75,I 75 and 14Th St,,Sideswipe-Same Direction,2,Clear,Dry,Daylight
2022-04-25T12:50:00.000,I 75,I 75 and 14Th St,,Sideswipe-Same Direction,2,Clear,Dry,Daylight
2022-03-04T16:10:00.000,I 75,I 75 and 14Th St,,Rear End,2,Clear,Dry,Daylight
2021-12-17T07:30:00.000,I 75,I 75 and 14Th St,,Sideswipe-Same Direction,2,Cloudy,Dry,Daylight
2021-07-02T16:54:00.000,I 75,I 75 and 14Th St,,Rear End,2,Cloudy,Wet,Daylight
2021-11-12T19:38:00.000,I 75,I 75 and 14Th St,,Rear End,2,Clear,Dry,Dark-Not Lighted
2021-12-13T12:30:00.000,I 75,I 75 and 14Th St,,Sideswipe-Same Direction,2,Clear,Dry,Daylight
2022-07-24T00:50:00.000,I 75,I 75 and 14Th St,,Rear End,3,Clear,Dry,Dark-Lighted
2022-05-09T08:10:00.000,I 75,I 75 and 14Th St,,Rear End,2,Clear,Dry,Daylight
2022-12-20T14:30:00.000,I 75,I 75 and 14Th St,,Rear End,2,Rain,Wet,Daylight
2022-07-21T12:26:00.000,I 75,I 75 and 14Th St,,Rear End,2,Rain,Wet,Daylight
2022-12-15T10:43:00.000,I 75,I 75 and 14Th St,,Rear End,2,Cloudy,Wet,Daylight
2022-05-17T15:30:00.000,I 75,I 75 and 14Th St,,Rear End,2,Clear,Dry,Daylight
2022-01-21T20:28:00.000,I 75,I 75 and 14Th St,,Sideswipe-Same Direction,2,Clear,Dry,Dark-Lighted
2022-10-18T14:00:00.000,I 75,I 75 and 14Th St,,Sideswipe-Same Direction,2,Clear,Dry,Daylight
2022-07-19T12:30:00.000,I 75,I 75 and 14Th St,,Sideswipe-Same Direction,2,Rain,Wet,Daylight
2022-05-24T18:50:00.000,I 75,I 75 and 14Th St,,Sideswipe-Same Direction,2,Clear,Dry,Daylight
2022-02-03T13:15:00.000,I 75,I 75 and 14Th St,,Rear End,2,Rain,Wet,Daylight
2022-03-17T19:00:00.000,I 75,I 75 and 14Th St,,Rear End,2,Cloudy,Dry,Daylight
2022-09-23T12:15:00.000,I 75,I 75 and 14Th St,,Sideswipe-Same Direction,2,Clear,Dry,Daylight
2022-08-26T06:00:00.000,I 75,I 75 and 14Th St,,Rear End,2,Cloudy,Wet,Dark-Lighted
2022-03-17T10:40:00.000,I 75,I 75 and 14Th St,,Rear End,2,Clear,Dry,Daylight
2022-05-24T13:30:00.000,I 75,I 75 and 14Th St,,Sideswipe-Same Direction,2,Cloudy,Dry,Daylight
2022-06-27T16:10:00.000,I 75,I 75 and 14Th St,,Angle Crash,2,Clear,Dry,Daylight
2022-11-29T18:45:00.000,I 75,I 75 and 14Th St,,Rear End,3,Clear,Dry,Dark-Lighted
2022-10-31T14:30:00.000,I 75,I 75 and 14Th St,,Rear End,2,Clear,Dry,Daylight
2022-04-21T08:00:00.000,I 75,I 75 and 14Th St,,Rear End,3,Clear,Dry,Daylight
2022-08-05T19:00:00.000,I 75,I 75 and 14Th St,,Rear End,2,Rain,Wet,Daylight
2022-01-07T12:50:00.000,I 75,I 75 and 14Th St,,Rear End,2,Clear,Dry,Daylight
2022-06-06T17:35:00.000,I 75,I 75 and 14Th St,,Rear End,2,Cloudy,Wet,Daylight
2022-02-10T18:31:00.000,I 75,I 75 and 14Th St,,Rear End,3,Clear,Dry,Dark-Not Lighted
2022-03-15T17:40:00.000,I 75,I 75 and 14Th St,,Rear End,2,Rain,Wet,Daylight
2022-01-10T11:30:00.000,I 75,I 75 and 14Th St,,Sideswipe-Same Direction,3,Clear,Dry,Daylight
2022-07-26T15:25:00.000,I 75,I 75 and 14Th St,,Rear End,3,Clear,Dry,Daylight
2022-02-10T19:35:00.000,I 75,I 75 and 14Th St,,Rear End,2,Clear,Dry,Daylight
2022-12-09T12:30:00.000,I 75,I 75 and 14Th St,,Rear End,2,Rain,Wet,Daylight
2022-07-26T06:40:00.000,I 75,I 75 and 14Th St,,Sideswipe-Same Direction,2,Clear,Dry,Daylight
2022-06-16T17:13:00.000,I 75,I 75 and 14Th St,,Sideswipe-Same Direction,2,Cloudy,Dry,Daylight
2022-08-12T07:30:00.000,I 75,I 75 and 14Th St,,Sideswipe-Same Direction,2,Cloudy,Wet,Daylight
2022-02-01T16:25:00.000,I 75,I 75 and 14Th St,,Rear End,3,Clear,Dry,Daylight
2022-01-10T12:31:00.000,I 75,I 75 and 14Th St,,Rear End,2,Clear,Dry,Daylight
2022-11-01T07:29:00.000,I 75,I 75 and 14Th St,,Sideswipe-Same Direction,2,Clear,Dry,Daylight
2022-07-22T17:50:00.000,I 75,I 75 and 14Th St,,Rear End,2,Clear,Dry,Daylight
2022-02-11T15:40:00.000,I 75,I 75 and 14Th St,,Rear End,2,Clear,Dry,Daylight
2022-03-08T14:30:00.000,I 75,I 75 and 14Th St,,Rear End,2,Rain,Wet,Daylight
2022-02-28T12:02:00.000,I 75,I 75 and 14Th St,,Not a Collision with Motor Vehicle,2,Clear,Dry,Daylight
2022-11-14T17:50:00.000,I 75,I 75 and 14Th St,,Sideswipe-Same Direction,2,Clear,Dry,Dark-Lighted
2022-04-04T14:55:00.000,I 75,I 75 and 14Th St,,Sideswipe-Same Direction,2,Clear,Dry,Daylight
2022-10-17T09:00:00.000,I 75,I 75 and 14Th St,,Sideswipe-Same Direction,2,Clear,Dry,Daylight
2022-12-02T18:45:00.000,I 75,I 75 and 14Th St,,Sideswipe-Same Direction,2,Clear,Dry,Dark-Lighted
2022-08-30T14:15:00.000,I 75,I 75 and 14Th St,,Rear End,2,Clear,Dry,Daylight
2022-12-15T10:43:00.000,I 75,I 75 and 14Th St,,Rear End,2,Cloudy,Wet,Daylight
2022-12-15T10:43:00.000,I 75,I 75 and 14Th St,,Rear End,2,Cloudy,Wet,Daylight
2022-03-15T08:10:00.000,I 75,I 75 and 14Th St,,Sideswipe-Same Direction,2,Clear,Dry,Daylight
2022-05-10T15:46:00.000,I 75,I 75 and 14Th St,,Rear End,2,Clear,Dry,Daylight
2022-06-16T16:15:00.000,I 75,I 75 and 14Th St,,Rear End,2,Clear,Dry,Daylight
2022-01-03T16:00:00.000,I 75,I 75 and 14Th St,,Sideswipe-Same Direction,2,Clear,Dry,Daylight
2022-11-29T08:40:00.000,I 75,I 75 and 14Th St,,Rear End,2,Clear,Dry,Daylight
2022-11-04T20:15:00.000,I 75,I 75 and 14Th St,,Rear End,2,Clear,Dry,Dark-Lighted
2022-08-16T09:00:00.000,I 75,I 75 and 14Th St,,Rear End,2,Clear,Dry,Daylight
2022-03-04T08:30:00.000,I 75,I 75 and 14Th St,,Rear End,2,Clear,Dry,Daylight
2022-09-19T08:20:00.000,I 75,I 75 and 14Th St,,Sideswipe-Same Direction,2,Clear,Dry,Daylight
2022-02-03T15:55:00.000,I 75,I 75 and 14Th St,,Rear End,2,Rain,Wet,Daylight
2022-09-27T06:30:00.000,I 75,I 75 and 14Th St,,Rear End,3,Clear,Dry,Dawn
2022-05-02T15:50:00.000,I 75,I 75 and 14Th St,,Sideswipe-Same Direction,2,Clear,Dry,Daylight
2022-06-21T17:00:00.000,I 75,I 75 and 14Th St,,Rear End,2,Clear,Dry,Daylight
2022-09-20T17:10:00.000,I 75,I 75 and 14Th St,,Sideswipe-Same Direction,2,Cloudy,Dry,Daylight
2022-05-06T15:15:00.000,I 75,I 75 and 14Th St,,Sideswipe-Same Direction,2,Clear,Dry,Daylight
2022-04-21T14:00:00.000,I 75,I 75 and 14Th St,,Sideswipe-Same Direction,2,Clear,Dry,Daylight
2022-12-06T17:15:00.000,I 75,I 75 and 14Th St,,Sideswipe-Same Direction,2,Cloudy,Wet,Daylight
2022-02-10T18:31:00.000,I 75,I 75 and 14Th St,,Rear End,2,Clear,Dry,Dark-Not Lighted
2022-08-08T07:15:00.000,I 75,I 75 and 14Th St,,Rear End,3,Clear,Dry,Daylight
2022-10-20T08:30:00.000,I 75,I 75 and 14Th St,,Rear End,3,Clear,Dry,Daylight
2022-07-29T10:20:00.000,I 75,I 75 and 14Th St,,Rear End,2,Clear,Dry,Daylight
2022-12-01T13:10:00.000,I 75,I 75 and 14Th St,,Sideswipe-Same Direction,2,Clear,Dry,Daylight
2022-03-25T10:40:00.000,I 75,I 75 and 14Th St,,Rear End,2,Clear,Dry,Daylight
2022-03-10T19:35:00.000,I 75,I 75 and 14Th St,,Sideswipe-Same Direction,2,Clear,Dry,Dark-Lighted
2022-04-05T07:55:00.000,I 75,I 75 and 14Th St,,Sideswipe-Same Direction,2,Clear,Dry,Daylight
2022-03-15T10:22:00.000,I 75,I 75 and 14Th St,,Rear End,2,Clear,Dry,Daylight
2022-11-10T19:20:00.000,I 75,I 75 and 14Th St,,Rear End,2,Cloudy,Wet,Dark-Lighted
2022-01-06T17:00:00.000,I 75,I 75 and 14Th St,,Rear End,2,Rain,Wet,Daylight
2022-04-25T06:05:00.000,I 75,I 75 and 14Th St,,Rear End,3,Clear,Dry,Daylight
2022-01-04T11:18:00.000,I 75,I 75 and 14Th St,,Rear End,2,Clear,Dry,Daylight
2022-02-22T10:15:00.000,I 75,I 75 and 14Th St,,Rear End,2,Cloudy,Dry,Daylight
2022-03-22T08:45:00.000,I 75,I 75 and 14Th St,,Rear End,2,Clear,Dry,Daylight
2022-01-20T14:02:00.000,I 75,I 75 and 14Th St,,Rear End,2,Rain,Wet,Daylight
2022-03-15T10:35:00.000,I 75,I 75 and 14Th St,,Sideswipe-Same Direction,2,Clear,Dry,Daylight
2022-03-08T19:20:00.000,I 75,I 75 and 14Th St,,Rear End,4,Rain,Wet,Dark-Lighted
2022-04-14T08:50:00.000,I 75,I 75 and 14Th St,,Sideswipe-Same Direction,2,Clear,Dry,Daylight
2022-01-20T16:30:00.000,I 75,I 75 and 14Th St,,Rear End,2,Cloudy,Wet,Daylight
2022-12-12T06:39:00.000,I 75,I 75 and 14Th St,,Rear End,3,Clear,Wet,Dark-Lighted
2022-02-01T18:15:00.000,I 75,I 75 and 14Th St,,Rear End,2,Clear,Dry,Daylight
2022-01-20T16:26:00.000,I 75,I 75 and 14Th St,,Rear End,2,Cloudy,Wet,Daylight
2022-01-28T08:45:00.000,I 75,I 75 and 14Th St,,Sideswipe-Same Direction,2,Cloudy,Dry,Daylight
2022-11-28T16:45:00.000,I 75,I 75 and 14Th St,,Rear End,2,Clear,Dry,Daylight
2022-09-06T09:50:00.000,I 75,I 75 and 14Th St,,Sideswipe-Same Direction,2,Clear,Dry,Daylight
2022-02-11T09:40:00.000,I 75,I 75 and 14Th St,,Rear End,2,Clear,Dry,Daylight
2022-03-08T18:50:00.000,I 75,I 75 and 14Th St,,Rear End,2,Rain,Wet,Dark-Lighted
2022-06-17T19:26:00.000,I 75,I 75 and 14Th St,,Rear End,2,Cloudy,Dry,Daylight
2022-01-04T17:40:00.000,I 75,I 75 and 14Th St,,Rear End,2,Clear,Dry,Daylight
2022-08-19T18:00:00.000,I 75,I 75 and 14Th St,,Sideswipe-Same Direction,2,Clear,Dry,Daylight
2022-07-11T19:20:00.000,I 75,I 75 and 14Th St,,Sideswipe-Same Direction,2,Clear,Dry,Daylight
2022-09-29T10:41:00.000,I 75,I 75 and 14Th St,,Sideswipe-Same Direction,2,Clear,Dry,Daylight
2022-09-08T09:00:00.000,I 75,I 75 and 14Th St,,Sideswipe-Same Direction,2,Clear,Dry,Daylight
2022-02-28T15:35:00.000,I 75,I 75 and 14Th St,,Sideswipe-Same Direction,2,Clear,Dry,Daylight
2022-09-13T18:15:00.000,I 75,I 75 and 14Th St,,Rear End,2,Clear,Dry,Daylight
2022-10-18T10:11:00.000,I 75,I 75 and 14Th St,,Rear End,2,Clear,Dry,Daylight
2022-12-15T10:43:00.000,I 75,I 75 and 14Th St,,Rear End,2,Cloudy,Wet,Daylight
2023-08-10T08:40:00.000,I 75,I 75 and 14Th St,,Rear End,2,Rain,Wet,Daylight
2023-06-23T08:20:00.000,I 75,I 75 and 14Th St,,Rear End,2,Clear,Dry,Daylight
2023-09-29T16:15:00.000,I 75,I 75 and 14Th St,,Rear End,2,Clear,Dry,Daylight
2023-05-16T18:14:00.000,I 75,I 75 and 14Th St,,Rear End,2,Rain,Wet,Daylight
2023-07-20T16:20:00.000,I 75,I 75 and 14Th St,,Sideswipe-Same Direction,2,Clear,Dry,Daylight
2023-12-12T18:43:00.000,I 75,I 75 and 14Th St,,Rear End,2,Clear,Dry,Dark-Lighted
2023-02-02T16:20:00.000,I 75,I 75 and 14Th St,,Rear End,2,Rain,Wet,Daylight
2024-12-06T12:20:00.000,I 75,I 75 and 14Th St,,Rear End,2,Clear,Dry,Daylight
2024-10-01T14:25:00.000,I 75,I 75 and 14Th St,,Rear End,2,Clear,Dry,Daylight
2024-05-02T18:00:00.000,I 75,I 75 and 14Th St,,Sideswipe-Same Direction,2,Clear,Dry,Daylight
2024-01-04T18:45:00.000,I 75,I 75 and 14Th St,,Sideswipe-Same Direction,3,Clear,Dry,Dark-Lighted
2024-04-11T09:45:00.000,I 75,I 75 and 14Th St,,Rear End,3,Cloudy,Wet,Daylight
2024-12-10T16:10:00.000,I 75,I 75 and 14Th St,,Sideswipe-Same Direction,2,Rain,Wet,Daylight
2024-03-14T15:10:00.000,I 75,I 75 and 14Th St,,Sideswipe-Same Direction,2,Clear,Dry,Daylight
2024-01-23T15:32:00.000,I 75,I 75 and 14Th St,,Rear End,2,Clear,Dry,Daylight
2024-06-11T14:15:00.000,I 75,I 75 and 14Th St,,Head On,2,Clear,Dry,Daylight
2024-04-12T08:15:00.000,I 75,I 75 and 14Th St,,Rear End,2,Clear,Dry,Daylight
2024-03-01T08:20:00.000,I 75,I 75 and 14Th St,,Sideswipe-Same Direction,2,Rain,Wet,Daylight
2024-04-26T19:32:00.000,I 75,I 75 and 14Th St,,Rear End,2,Clear,Dry,Daylight
2024-02-13T16:00:00.000,I 75,I 75 and 14Th St,,Rear End,3,Clear,Dry,Daylight
2024-07-16T06:22:00.000,I 75,I 75 and 14Th St,,Sideswipe-Same Direction,2,Clear,Dry,Dusk
2024-10-01T16:05:00.000,I 75,I 75 and 14Th St,,Rear End,2,Clear,Dry,Daylight
2024-06-18T05:31:00.000,I 75,I 75 and 14Th St,,Rear End,3,Clear,Dry,Daylight
2024-01-19T14:30:00.000,I 75,I 75 and 14Th St,,Rear End,2,Clear,Dry,Daylight
2024-06-04T15:42:00.000,I 75,I 75 and 14Th St,,Angle Crash,2,Cloudy,Wet,Daylight
2024-12-10T18:00:00.000,I 75,I 75 and 14Th St,,Rear End,2,Rain,Wet,Dark-Lighted