Date and Time,Roadway (From Crash Report),Intersection Name (from Crash Report),KABCO Severity,Manner of Collision (Crash Level) ,# of Vehicles per crash ,Weather Conditions (Crash Level),Surface Condition (Crash Level) ,Light Conditions (Crash Level)
2024-01-23T09:20:00.000,I 75,I 75 and 14Th St,,Sideswipe-Same Direction,2,Cloudy,Wet,Daylight
2024-04-23T10:27:00.000,I 75,I 75 and 14Th St,,Rear End,3,Clear,Dry,Daylight
2024-11-21T12:20:00.000,I 75,I 75 and 14Th St,,Rear End,3,Clear,Dry,Daylight
2024-01-23T10:00:00.000,I 75,I 75 and 14Th St,,Sideswipe-Same Direction,2,Cloudy,Wet,Daylight
2024-04-11T07:40:00.000,I 75,I 75 and 14Th St,,Rear End,2,Rain,Wet,Daylight
2024-01-12T14:45:00.000,I 75,I 75 and 14Th St,,Rear End,2,Rain,Wet,Daylight
2024-04-04T18:38:00.000,I 75,I 75 and 14Th St,,Sideswipe-Same Direction,2,Clear,Dry,Daylight
2024-08-05T09:20:00.000,I 75,I 75 and 14Th St,,Rear End,2,Clear,Dry,Daylight
2024-03-25T07:15:00.000,I 75,I 75 and 14Th St,,Rear End,2,Clear,Dry,Daylight
2024-02-08T09:18:00.000,I 75,I 75 and 14Th St,,Rear End,2,Cloudy,Dry,Daylight
2024-11-11T10:25:00.000,I 75,I 75 and 14Th St,,Rear End,2,Clear,Dry,Daylight
2024-10-22T06:50:00.000,I 75,I 75 and 14Th St,,Rear End,2,Clear,Dry,Dark-Lighted
2023-10-03T07:42:00.000,I 75,I 75 and 14Th St,,Rear End,2,Clear,Dry,Daylight
2023-02-03T06:20:00.000,I 75,I 75 and 14Th St,,Rear End,4,Cloudy,Wet,Dark-Lighted
2024-04-19T09:00:00.000,I 75,I 75 and 14Th St,,Rear End,2,Rain,Wet,Daylight
2024-01-04T16:00:00.000,I 75,I 75 and 14Th St,,Rear End,2,Clear,Dry,Daylight
2024-03-19T12:55:00.000,I 75,I 75 and 14Th St,,Rear End,2,Clear,Dry,Daylight
2024-07-15T14:10:00.000,I 75,I 75 and 14Th St,,Sideswipe-Same Direction,2,Clear,Dry,Daylight
2024-04-11T07:40:00.000,I 75,I 75 and 14Th St,,Rear End,2,Rain,Wet,Daylight
2024-11-15T18:20:00.000,I 75,I 75 and 14Th St,,Rear End,2,Cloudy,Dry,Dark-Lighted
2024-01-23T09:45:00.000,I 75,I 75 and 14Th St,,Rear End,2,Cloudy,Wet,Daylight
2023-02-06T09:30:00.000,I 75,I 75 and 14Th St,,Rear End,3,Clear,Dry,Daylight
2023-04-25T09:32:00.000,I 75,I 75 and 14Th St,,Rear End,2,Clear,Dry,Daylight
2023-08-21T09:55:00.000,I 75,I 75 and 14Th St,,Sideswipe-Same Direction,2,Clear,Dry,Daylight
2023-02-03T12:20:00.000,I 75,I 75 and 14Th St,,Rear End,2,Clear,Dry,Daylight
2023-10-23T08:00:00.000,I 75,I 75 and 14Th St,,Sideswipe-Same Direction,2,Clear,Dry,Daylight
2023-07-04T12:25:00.000,I 75,I 75 and 14Th St,,Rear End,2,Clear,Dry,Daylight
2023-06-12T06:48:00.000,I 75,I 75 and 14Th St,,Rear End,3,Cloudy,Wet,Dark-Lighted
2023-12-09T19:40:00.000,I 75,I 75 and 14Th St,,Rear End,2,Rain,Wet,Dark-Not Lighted
2023-01-31T19:00:00.000,I 75,I 75 and 14Th St,,Rear End,3,Cloudy,Dry,Dark-Lighted
2023-09-12T17:50:00.000,I 75,I 75 and 14Th St,,Sideswipe-Same Direction,5,Clear,Dry,Daylight
2023-11-14T18:10:00.000,I 75,I 75 and 14Th St,,Rear End,2,Clear,Dry,Daylight
2023-09-11T12:45:00.000,I 75,I 75 and 14Th St,,Rear End,3,Clear,Dry,Daylight
2023-08-29T18:50:00.000,I 75,I 75 and 14Th St,,Rear End,4,Rain,Wet,Daylight
2023-09-08T20:35:00.000,I 75,I 75 and 14Th St,,Rear End,2,Clear,Dry,Dark-Lighted
2023-06-06T17:50:00.000,I 75,I 75 and 14Th St,,Rear End,2,Clear,Dry,Daylight
2023-02-14T10:40:00.000,I 75,I 75 and 14Th St,,Sideswipe-Same Direction,2,Clear,Dry,Daylight
2023-01-10T06:28:00.000,I 75,I 75 and 14Th St,,Rear End,2,Clear,Dry,Dark-Lighted
2023-05-05T08:15:00.000,I 75,I 75 and 14Th St,,Rear End,2,Cloudy,Dry,Daylight
2023-11-20T09:00:00.000,I 75,I 75 and 14Th St,,Rear End,3,Clear,Dry,Daylight
2023-06-05T08:06:00.000,I 75,I 75 and 14Th St,,Rear End,2,Clear,Dry,Daylight
2023-08-08T12:36:00.000,I 75,I 75 and 14Th St,,Rear End,2,Cloudy,Wet,Daylight
2023-02-28T09:05:00.000,I 75,I 75 and 14Th St,,Rear End,2,Clear,Dry,Daylight
2023-12-12T17:50:00.000,I 75,I 75 and 14Th St,,Rear End,5,Clear,Dry,Dark-Lighted
2023-08-29T15:00:00.000,I 75,I 75 and 14Th St,,Sideswipe-Same Direction,2,Clear,Dry,Daylight
2023-10-19T08:45:00.000,I 75,I 75 and 14Th St,,Rear End,3,Clear,Dry,Daylight
2023-01-10T06:45:00.000,I 75,I 75 and 14Th St,,Sideswipe-Same Direction,2,Clear,Dry,Dark-Lighted
2023-09-21T09:30:00.000,I 75,I 75 and 14Th St,,Rear End,2,Clear,Dry,Daylight
2023-01-23T14:25:00.000,I 75,I 75 and 14Th St,,Rear End,2,Clear,Dry,Daylight
2023-11-07T18:25:00.000,I 75,I 75 and 14Th St,,Rear End,2,Cloudy,Dry,Dark-Lighted
2023-07-27T17:35:00.000,I 75,I 75 and 14Th St,,Sideswipe-Same Direction,2,Clear,Dry,Daylight
2023-04-03T19:10:00.000,I 75,I 75 and 14Th St,,Not a Collision with Motor Vehicle,2,Clear,Dry,Daylight
2023-12-22T14:20:00.000,I 75,I 75 and 14Th St,,Sideswipe-Same Direction,3,Clear,Dry,Daylight
2023-01-31T19:12:00.000,I 75,I 75 and 14Th St,,Rear End,2,Cloudy,Dry,Dark-Lighted
2023-12-07T13:15:00.000,I 75,I 75 and 14Th St,,Rear End,2,Clear,Dry,Daylight
2023-05-26T11:20:00.000,I 75,I 75 and 14Th St,,Sideswipe-Same Direction,2,Clear,Dry,Daylight
2023-02-24T16:30:00.000,I 75,I 75 and 14Th St,,Rear End,2,Rain,Wet,Daylight
2023-10-03T14:50:00.000,I 75,I 75 and 14Th St,,Sideswipe-Same Direction,2,Clear,Dry,Daylight
2023-02-21T18:15:00.000,I 75,I 75 and 14Th St,,Sideswipe-Same Direction,2,Cloudy,Wet,Dusk
2023-02-07T15:50:00.000,I 75,I 75 and 14Th St,,Sideswipe-Same Direction,2,Clear,Dry,Daylight
2024-12-06T12:20:00.000,I 75,I 75 and 14Th St,,Rear End,2,Clear,Dry,Daylight
2024-07-29T16:54:00.000,I 75,I 75 and 14Th St,,Rear End,2,Clear,Dry,Daylight
2024-05-06T14:55:00.000,I 75,I 75 and 14Th St,,Rear End,2,Clear,Dry,Daylight
2024-01-11T15:10:00.000,I 75,I 75 and 14Th St,,Sideswipe-Same Direction,2,Clear,Dry,Daylight
2024-05-21T06:25:00.000,I 75,I 75 and 14Th St,,Sideswipe-Same Direction,3,Clear,Dry,Daylight
2024-08-02T10:35:00.000,I 75,I 75 and 14Th St,,Rear End,2,Clear,Dry,Daylight
2024-07-25T08:35:00.000,I 75,I 75 and 14Th St,,Rear End,3,Cloudy,Wet,Daylight
2024-12-20T13:00:00.000,I 75,I 75 and 14Th St,,Sideswipe-Same Direction,2,Clear,Dry,Daylight
2024-10-04T13:00:00.000,I 75,I 75 and 14Th St,,Rear End,2,Cloudy,Dry,Daylight
2024-05-28T11:00:00.000,I 75,I 75 and 14Th St,,Rear End,2,Clear,Dry,Daylight
2024-03-19T08:45:00.000,I 75,I 75 and 14Th St,,Rear End,2,Clear,Dry,Daylight
2024-02-15T09:45:00.000,I 75,I 75 and 14Th St,,Sideswipe-Same Direction,2,Cloudy,Dry,Daylight
2024-04-22T08:40:00.000,I 75,I 75 and 14Th St,,Sideswipe-Same Direction,2,Clear,Dry,Daylight
2024-04-04T18:40:00.000,I 75,I 75 and 14Th St,,Rear End,2,Clear,Dry,Daylight
2024-05-17T13:00:00.000,I 75,I 75 and 14Th St,,Sideswipe-Same Direction,2,Cloudy,Dry,Daylight
2024-02-08T16:40:00.000,I 75,I 75 and 14Th St,,Sideswipe-Same Direction,3,Cloudy,Dry,Daylight
2024-05-09T11:15:00.000,I 75,I 75 and 14Th St,,Rear End,2,Rain,Wet,Daylight
2024-07-15T09:55:00.000,I 75,I 75 and 14Th St,,Sideswipe-Same Direction,3,Clear,Dry,Daylight
2024-01-02T16:25:00.000,I 75,I 75 and 14Th St,,Rear End,2,Clear,Dry,Daylight
2024-07-16T11:03:00.000,I 75,I 75 and 14Th St,,Sideswipe-Same Direction,2,Clear,Dry,Daylight
2024-01-04T12:34:00.000,I 75,I 75 and 14Th St,,Sideswipe-Same Direction,2,Clear,Dry,Daylight
2024-07-12T16:50:00.000,I 75,I 75 and 14Th St,,Sideswipe-Same Direction,3,Clear,Dry,Daylight
2024-12-06T07:15:00.000,I 75,I 75 and 14Th St,,Rear End,2,Clear,Dry,Dawn
2024-04-11T07:40:00.000,I 75,I 75 and 14Th St,,Rear End,2,Rain,Wet,Daylight
2024-09-24T15:45:00.000,I 75,I 75 and 14Th St,,Rear End,2,Clear,Dry,Daylight
2024-01-04T14:02:00.000,I 75,I 75 and 14Th St,,Sideswipe-Same Direction,2,Clear,Dry,Daylight
2024-10-01T12:00:00.000,I 75,I 75 and 14Th St,,Sideswipe-Same Direction,2,Clear,Dry,Daylight
2024-08-27T15:45:00.000,I 75,I 75 and 14Th St,,Sideswipe-Same Direction,2,Clear,Dry,Daylight
2024-01-11T15:30:00.000,I 75,I 75 and 14Th St,,Rear End,2,Clear,Dry,Daylight
2024-05-13T12:40:00.000,I 75,I 75 and 14Th St,,Sideswipe-Same Direction,2,Clear,Dry,Daylight
2024-04-11T08:53:00.000,I 75,I 75 and 14Th St,,Rear End,2,Rain,Wet,Daylight
2024-05-02T14:40:00.000,I 75,I 75 and 14Th St,,Sideswipe-Same Direction,2,Clear,Dry,Daylight
2024-08-13T08:15:00.000,I 75,I 75 and 14Th St,,Sideswipe-Same Direction,3,Clear,Dry,Daylight
2024-04-16T13:00:00.000,I 75,I 75 and 14Th St,,Rear End,2,Clear,Dry,Daylight
2024-02-16T13:20:00.000,I 75,I 75 and 14Th St,,Sideswipe-Same Direction,2,Cloudy,Dry,Daylight
2024-05-06T16:34:00.000,I 75,I 75 and 14Th St,,Rear End,2,Clear,Dry,Daylight
2024-12-13T08:20:00.000,I 75,I 75 and 14Th St,,Sideswipe-Same Direction,3,Clear,Dry,Daylight
2024-12-26T14:50:00.000,I 75,I 75 and 14Th St,,Sideswipe-Same Direction,2,Clear,Dry,Daylight
2024-01-19T16:05:00.000,I 75,I 75 and 14Th St,,Rear End,2,Clear,Dry,Daylight
2024-11-12T16:45:00.000,I 75,I 75 and 14Th St,,Rear End,2,Clear,Dry,Daylight
2024-12-16T12:30:00.000,I 75,I 75 and 14Th St,,Sideswipe-Same Direction,2,Clear,Dry,Daylight
2024-08-05T19:40:00.000,I 75,I 75 and 14Th St,,Sideswipe-Same Direction,2,Clear,Dry,Daylight
2024-01-23T10:00:00.000,I 75,I 75 and 14Th St,,Rear End,2,Cloudy,Wet,Daylight
2024-08-30T15:00:00.000,I 75,I 75 and 14Th St,,Sideswipe-Same Direction,2,Clear,Dry,Daylight
2024-04-23T10:06:00.000,I 75,I 75 and 14Th St,,Sideswipe-Same Direction,2,Clear,Dry,Daylight
2024-10-25T17:00:00.000,I 75,I 75 and 14Th St,,Rear End,2,Clear,Dry,Daylight
2024-12-17T09:20:00.000,I 75,I 75 and 14Th St,,Rear End,2,Clear,Dry,Daylight
2024-12-06T07:15:00.000,I 75,I 75 and 14Th St,,Rear End,2,Clear,Dry,Dawn
2024-10-18T11:08:00.000,I 75,I 75 and 14Th St,,Rear End,2,Clear,Dry,Daylight
2024-05-31T10:45:00.000,I 75,I 75 and 14Th St,,Rear End,2,Clear,Dry,Daylight
2024-01-29T07:45:00.000,I 75,I 75 and 14Th St,,Rear End,2,Clear,Dry,Daylight
2024-05-21T10:30:00.000,I 75,I 75 and 14Th St,,Sideswipe-Same Direction,2,Clear,Dry,Daylight
2024-05-06T16:10:00.000,I 75,I 75 and 14Th St,,Rear End,2,Clear,Dry,Daylight
2024-01-12T16:23:00.000,I 75,I 75 and 14Th St,,Rear End,2,Rain,Wet,Daylight
2024-01-04T13:42:00.000,I 75,I 75 and 14Th St,,Rear End,3,Clear,Dry,Daylight
2024-04-04T18:30:00.000,I 75,I 75 and 14Th St,,Rear End,2,Clear,Dry,Daylight
2024-02-01T13:10:00.000,I 75,I 75 and 14Th St,,Rear End,2,Clear,Dry,Daylight
2024-04-30T18:20:00.000,I 75,I 75 and 14Th St,,Rear End,2,Clear,Dry,Daylight
2024-07-11T15:20:00.000,I 75,I 75 and 14Th St,,Rear End,2,Clear,Dry,Daylight
2024-01-29T14:30:00.000,I 75,I 75 and 14Th St,,Rear End,2,Clear,Dry,Daylight
2024-11-05T07:22:00.000,I 75,I 75 and 14Th St,,Rear End,2,Cloudy,Dry,Daylight
2024-11-12T14:00:00.000,I 75,I 75 and 14Th St,,Rear End,2,Clear,Dry,Daylight
2024-01-16T13:12:00.000,I 75,I 75 and 14Th St,,Rear End,2,Clear,Dry,Daylight
2024-10-07T17:05:00.000,I 75,I 75 and 14Th St,,Rear End,2,Clear,Dry,Daylight
2024-04-26T19:30:00.000,I 75,I 75 and 14Th St,,Rear End,2,Clear,Dry,Dusk
2024-06-20T18:01:00.000,I 75,I 75 and 14Th St,,Sideswipe-Same Direction,2,Cloudy,Dry,Daylight
2024-06-17T16:40:00.000,I 75,I 75 and 14Th St,,Sideswipe-Same Direction,2,Clear,Dry,Daylight
2024-08-27T18:30:00.000,I 75,I 75 and 14Th St,,Sideswipe-Same Direction,2,Clear,Dry,Daylight
2024-08-01T11:00:00.000,I 75,I 75 and 14Th St,,Rear End,2,Clear,Dry,Daylight
2024-12-03T18:40:00.000,I 75,I 75 and 14Th St,,Rear End,2,Clear,Dry,Dark-Lighted
2024-04-16T12:44:00.000,I 75,I 75 and 14Th St,,Sideswipe-Same Direction,2,Clear,Dry,Daylight
2024-04-29T14:48:00.000,I 75,I 75 and 14Th St,,Sideswipe-Same Direction,2,Clear,Dry,Daylight
2024-01-02T13:35:00.000,I 75,I 75 and 14Th St,,Sideswipe-Same Direction,2,Clear,Dry,Daylight
2024-05-03T15:40:00.000,I 75,I 75 and 14Th St,,Rear End,2,Clear,Dry,Daylight
2024-05-13T17:26:00.000,I 75,I 75 and 146 Exit Rp,,Not a Collision with Motor Vehicle,1,Clear,Dry,Daylight
2021-07-17T15:00:00.000,I 75,I 75 and 14200,,Rear End,2,Clear,Dry,Daylight
2024-12-07T21:00:00.000,I 75,I 75 and 140 Mile Marker,,Sideswipe-Same Direction,2,Clear,Dry,Dark-Not Lighted
2023-09-14T15:57:00.000,I 75,I 75 and 14 Th St,,Rear End,2,Cloudy,Wet,Daylight
2024-01-29T12:40:00.000,I 75,I 75 and 14 Th St,,Rear End,2,Clear,Dry,Daylight
2023-10-13T21:07:00.000,I 75,I 75 and 14 St Opas,,Not a Collision with Motor Vehicle,1,Rain,Wet,Dark-Lighted
2023-10-16T11:29:00.000,I 75,I 75 and 14 St,,Rear End,2,Clear,Dry,Daylight
2022-07-24T19:08:00.000,I 75,I 75 and 14 St,,Rear End,2,Cloudy,Dry,Daylight
2022-01-20T00:00:00.000,I 75,I 75 and 138 Sr,,Not a Collision with Motor Vehicle,1,Rain,Wet,Dark-Lighted
2024-11-06T16:05:00.000,I 75,I 75 and 136 Mile Marker,,Angle Crash,2,Rain,Wet,Daylight
2020-08-28T10:15:00.000,I 75,I 75 and 136 Entrance Rp,,Angle Crash,1,Clear,Dry,Daylight
2024-01-07T10:34:00.000,I 75,I 75 and 131 Mm,,Sideswipe-Same Direction,3,Clear,Dry,Daylight
2022-11-13T18:20:00.000,I 75,I 75 and 1285 Expy,,Angle Crash,2,Clear,Dry,Dark-Lighted
2020-12-12T01:55:00.000,I 75,I 75 and 12 19 2020  01:55,,Rear End,2,Rain,Wet,Dusk
2022-07-19T06:10:00.000,I 75,I 75 and 10Th Street Opas,,Rear End,2,Rain,Wet,Dawn
2024-12-09T18:50:00.000,I 75,I 75 and 10Th Street Opas,,Rear End,2,Cloudy,Wet,Dark-Lighted
2023-06-01T12:30:00.000,I 75,I 75 and 10Th Street Opas,,Rear End,2,Clear,Dry,Daylight
2024-01-30T19:06:00.000,I 75,I 75 and 10Th Street Exit Rp,,Angle Crash,2,Cloudy,Dry,Dark-Lighted
2020-05-07T06:36:00.000,I 75,I 75 and 10Th Street Exit,,Rear End,2,Clear,Dry,Dark-Lighted
2020-07-30T05:30:00.000,I 75,I 75 and 10Th Street 14Th Street 16Th,,Sideswipe-Same Direction,2,Cloudy,Dry,Dark-Lighted
2022-02-25T08:55:00.000,I 75,I 75 and 10Th St`,,Rear End,3,Rain,Wet,Daylight
2021-10-15T13:11:00.000,I 75,I 75 and 10Th St Opas,,Rear End,3,Clear,Dry,Daylight
2023-06-02T14:08:00.000,I 75,I 75 and 10Th St Opas,,Rear End,2,Cloudy,Dry,Daylight
2023-01-17T16:48:00.000,I 75,I 75 and 10Th St Opas,,Rear End,2,Cloudy,Wet,Daylight
2022-03-22T10:08:00.000,I 75,I 75 and 10Th St Opas,,Rear End,2,Clear,Dry,Daylight
2022-01-04T07:59:00.000,I 75,I 75 and 10Th St Opas,,Rear End,5,Clear,Dry,Daylight
2021-12-08T18:40:00.000,I 75,I 75 and 10Th St Opas,,Rear End,2,Clear,Wet,Daylight
2022-03-21T09:17:00.000,I 75,I 75 and 10Th St Opas,,Sideswipe-Same Direction,2,Clear,Dry,Daylight
2022-07-28T06:15:00.000,I 75,I 75 and 10Th St Opas,,Sideswipe-Same Direction,2,Clear,Dry,Dark-Lighted
2024-03-29T07:36:00.000,I 75,I 75 and 10Th St Opas,,Rear End,2,Clear,Dry,Daylight
2023-06-02T12:34:00.000,I 75,I 75 and 10Th St Opas,,Rear End,2,Cloudy,Dry,Daylight
2024-08-23T07:13:00.000,I 75,I 75 and 10Th St Opas,,Sideswipe-Same Direction,2,Clear,Dry,Daylight
2024-09-05T17:01:00.000,I 75,I 75 and 10Th St Opas,,Rear End,2,Cloudy,Dry,Daylight
2023-03-23T13:43:00.000,I 75,I 75 and 10Th St Nw Opas,,Sideswipe-Same Direction,2,Clear,Dry,Daylight
2021-04-28T15:40:00.000,I 75,I 75 and 10Th St Exit,,Rear End,2,Clear,Dry,Daylight
2021-11-19T10:05:00.000,I 75,I 75 and 10Th St,,Sideswipe-Same Direction,2,Clear,Dry,Daylight
2021-07-29T18:01:00.000,I 75,I 75 and 10Th St,,Rear End,2,Cloudy,Dry,Daylight
2021-12-06T15:51:00.000,I 75,I 75 and 10Th St,,Sideswipe-Same Direction,2,Rain,Wet,Daylight
2021-11-02T15:15:00.000,I 75,I 75 and 10Th St,,Rear End,5,Clear,Dry,Daylight
2021-11-22T15:03:00.000,I 75,I 75 and 10Th St,,Sideswipe-Same Direction,2,Clear,Dry,Daylight
2021-06-26T21:06:00.000,I 75,I 75 and 10Th St,,Sideswipe-Same Direction,2,Cloudy,Dry,Dark-Lighted
2021-06-24T14:35:00.000,I 75,I 75 and 10Th St,,Sideswipe-Same Direction,2,Cloudy,Dry,Daylight
2021-04-19T15:40:00.000,I 75,I 75 and 10Th St,,Rear End,2,Clear,Dry,Daylight
2021-05-24T09:00:00.000,I 75,I 75 and 10Th St,,Sideswipe-Same Direction,2,Clear,Dry,Daylight
2021-11-04T08:30:00.000,I 75,I 75 and 10Th St,,Rear End,2,Rain,Wet,Daylight
2021-10-04T13:20:00.000,I 75,I 75 and 10Th St,,Rear End,3,Clear,Dry,Daylight
2021-11-15T15:20:00.000,I 75,I 75 and 10Th St,,Rear End,2,Clear,Dry,Daylight
2021-10-13T14:10:00.000,I 75,I 75 and 10Th St,,Rear End,2,Clear,Dry,Daylight
2021-10-15T12:50:00.000,I 75,I 75 and 10Th St,,Rear End,2,Clear,Dry,Daylight
2021-12-09T16:15:00.000,I 75,I 75 and 10Th St,,Rear End,2,Clear,Dry,Daylight
2021-07-02T01:14:00.000,I 75,I 75 and 10Th St,,Not a Collision with Motor Vehicle,1,Clear,Dry,Dark-Lighted
2021-12-14T18:10:00.000,I 75,I 75 and 10Th St,,Sideswipe-Same Direction,2,Clear,Dry,Dark-Lighted
2021-12-14T17:02:00.000,I 75,I 75 and 10Th St,,Rear End,2,Clear,Dry,Daylight
2021-10-27T11:30:00.000,I 75,I 75 and 10Th St,,Sideswipe-Same Direction,2,Clear,Dry,Daylight
2021-11-15T12:24:00.000,I 75,I 75 and 10Th St,,Sideswipe-Same Direction,2,Clear,Dry,Daylight
2021-10-01T15:58:00.000,I 75,I 75 and 10Th St,,Sideswipe-Same Direction,2,Clear,Dry,Daylight
2021-07-29T13:12:00.000,I 75,I 75 and 10Th St,,Sideswipe-Same Direction,2,Cloudy,Dry,Daylight
2021-04-28T15:41:00.000,I 75,I 75 and 10Th St,,Rear End,2,Cloudy,Dry,Daylight
2021-12-22T15:50:00.000,I 75,I 75 and 10Th St,,Rear End,2,Clear,Dry,Daylight
2021-12-16T18:39:00.000,I 75,I 75 and 10Th St,,Rear End,2,Cloudy,Dry,Dark-Lighted
2021-09-20T13:50:00.000,I 75,I 75 and 10Th St,,Rear End,2,Rain,Wet,Daylight
2021-12-21T15:40:00.000,I 75,I 75 and 10Th St,,Rear End,2,Rain,Wet,Daylight
2021-06-03T11:40:00.000,I 75,I 75 and 10Th St,,Rear End,3,Clear,Dry,Daylight
2021-04-06T12:00:00.000,I 75,I 75 and 10Th St,,Rear End,2,Clear,Dry,Daylight
2023-12-07T17:00:00.000,I 75,I 75 and 10Th St,,Sideswipe-Same Direction,2,Clear,Dry,Daylight
2023-01-19T08:00:00.000,I 75,I 75 and 10Th St,,Rear End,5,Rain,Wet,Daylight
2023-10-26T17:40:00.000,I 75,I 75 and 10Th St,,Rear End,2,Clear,Dry,Daylight
2023-10-30T14:55:00.000,I 75,I 75 and 10Th St,,Rear End,3,Clear,Dry,Daylight
2023-04-25T12:25:00.000,I 75,I 75 and 10Th St,,Rear End,2,Cloudy,Dry,Daylight
2023-09-09T15:49:00.000,I 75,I 75 and 10Th St,,Rear End,2,Cloudy,Wet,Daylight
2023-12-12T12:30:00.000,I 75,I 75 and 10Th St,,Sideswipe-Same Direction,2,Clear,Dry,Daylight
2023-06-12T07:46:00.000,I 75,I 75 and 10Th St,,Rear End,2,Cloudy,Wet,Daylight
2023-10-05T14:50:00.000,I 75,I 75 and 10Th St,,Sideswipe-Same Direction,2,Clear,Dry,Daylight
2023-09-12T09:00:00.000,I 75,I 75 and 10Th St,,Rear End,3,Clear,Dry,Daylight
2023-02-06T01:16:00.000,I 75,I 75 and 10Th St,,Rear End,2,Clear,Dry,Dark-Lighted
2023-10-30T11:00:00.000,I 75,I 75 and 10Th St,,Sideswipe-Same Direction,2,Clear,Dry,Daylight
2023-10-10T17:56:00.000,I 75,I 75 and 10Th St,,Rear End,2,Clear,Dry,Daylight
2023-05-08T09:50:00.000,I 75,I 75 and 10Th St,,Sideswipe-Same Direction,2,Clear,Dry,Daylight
2023-10-19T13:07:00.000,I 75,I 75 and 10Th St,,Rear End,2,Cloudy,Dry,Daylight
2023-01-19T17:20:00.000,I 75,I 75 and 10Th St,,Rear End,2,Clear,Dry,Daylight
2023-05-08T07:20:00.000,I 75,I 75 and 10Th St,,Rear End,3,Rain,Wet,Daylight
2023-01-19T14:40:00.000,I 75,I 75 and 10Th St,,Rear End,4,Clear,Dry,Daylight
2023-05-08T18:05:00.000,I 75,I 75 and 10Th St,,Rear End,2,Clear,Dry,Daylight
2023-04-17T12:20:00.000,I 75,I 75 and 10Th St,,Rear End,2,Clear,Dry,Daylight
2023-06-28T16:10:00.000,I 75,I 75 and 10Th St,,Rear End,3,Clear,Dry,Daylight
2023-03-21T16:22:00.000,I 75,I 75 and 10Th St,,Rear End,2,Clear,Dry,Daylight
2023-12-12T14:45:00.000,I 75,I 75 and 10Th St,,Sideswipe-Same Direction,2,Clear,Dry,Daylight
2023-03-14T19:00:00.000,I 75,I 75 and 10Th St,,Rear End,4,Clear,Dry,Daylight
2023-03-09T07:55:00.000,I 75,I 75 and 10Th St,,Sideswipe-Same Direction,2,Clear,Dry,Daylight
2023-06-28T17:30:00.000,I 75,I 75 and 10Th St,,Sideswipe-Same Direction,2,Clear,Dry,Daylight
2023-02-02T12:48:00.000,I 75,I 75 and 10Th St,,Sideswipe-Same Direction,2,Rain,Wet,Daylight
2023-05-26T19:55:00.000,I 75,I 75 and 10Th St,,Sideswipe-Same Direction,2,Clear,Dry,Daylight
2023-12-12T14:20:00.000,I 75,I 75 and 10Th St,,Rear End,2,Clear,Dry,Daylight
2023-06-22T11:55:00.000,I 75,I 75 and 10Th St,,Not a Collision with Motor Vehicle,1,Cloudy,Wet,Daylight
2023-04-11T13:40:00.000,I 75,I 75 and 10Th St,,Sideswipe-Same Direction,2,Clear,Dry,Daylight
2023-05-01T17:46:00.000,I 75,I 75 and 10Th St,,Rear End,2,Clear,Dry,Daylight
2023-06-26T10:25:00.000,I 75,I 75 and 10Th St,,Sideswipe-Same Direction,2,Clear,Dry,Daylight
2023-08-07T18:10:00.000,I 75,I 75 and 10Th St,,Sideswipe-Same Direction,2,Clear,Wet,Daylight
2023-04-14T08:42:00.000,I 75,I 75 and 10Th St,,Sideswipe-Same Direction,2,Clear,Dry,Daylight
2023-07-14T12:20:00.000,I 75,I 75 and 10Th St,,Rear End,2,Cloudy,Dry,Daylight
2023-10-19T08:30:00.000,I 75,I 75 and 10Th St,,Rear End,2,Clear,Dry,Daylight
2023-12-12T13:05:00.000,I 75,I 75 and 10Th St,,Rear End,2,Clear,Dry,Daylight
2023-04-18T11:50:00.000,I 75,I 75 and 10Th St,,Rear End,4,Clear,Dry,Daylight
2023-07-28T19:39:00.000,I 75,I 75 and 10Th St,,Rear End,2,Rain,Wet,Daylight
2023-12-08T11:20:00.000,I 75,I 75 and 10Th St,,Rear End,2,Clear,Dry,Daylight
2023-10-09T15:50:00.000,I 75,I 75 and 10Th St,,Sideswipe-Same Direction,2,Clear,Dry,Daylight
2023-11-07T12:26:00.000,I 75,I 75 and 10Th St,,Rear End,2,Clear,Dry,Daylight
2023-03-10T10:25:00.000,I 75,I 75 and 10Th St,,Sideswipe-Same Direction,2,Clear,Wet,Daylight
2023-09-14T13:18:00.000,I 75,I 75 and 10Th St,,Rear End,2,Rain,Wet,Daylight
2023-08-15T08:10:00.000,I 75,I 75 and 10Th St,,Not a Collision with Motor Vehicle,1,Clear,Dry,Daylight
2023-12-25T11:37:00.000,I 75,I 75 and 10Th St,,Rear End,3,Rain,Wet,Daylight
2023-05-04T08:40:00.000,I 75,I 75 and 10Th St,,Rear End,3,Clear,Dry,Daylight
2023-05-08T18:06:00.000,I 75,I 75 and 10Th St,,Rear End,2,Clear,Dry,Daylight
2023-01-27T12:25:00.000,I 75,I 75 and 10Th St,,Sideswipe-Same Direction,2,Clear,Dry,Daylight
2023-02-02T10:50:00.000,I 75,I 75 and 10Th St,,Rear End,2,Rain,Wet,Daylight
2023-04-18T09:58:00.000,I 75,I 75 and 10Th St,,Rear End,2,Clear,Dry,Daylight
2023-05-01T11:51:00.000,I 75,I 75 and 10Th St,,Rear End,3,Clear,Dry,Daylight
2023-11-16T12:35:00.000,I 75,I 75 and 10Th St,,Rear End,3,Cloudy,Dry,Daylight
2023-04-24T08:15:00.000,I 75,I 75 and 10Th St,,Rear End,2,Clear,Dry,Daylight
2023-01-19T08:10:00.000,I 75,I 75 and 10Th St,,Rear End,3,Rain,Wet,Daylight
2023-12-05T16:40:00.000,I 75,I 75 and 10Th St,,Sideswipe-Same Direction,2,Clear,Dry,Daylight
2023-02-02T15:06:00.000,I 75,I 75 and 10Th St,,Sideswipe-Same Direction,2,Rain,Wet,Daylight