Date and Time,Roadway (From Crash Report),Intersection Name (from Crash Report),KABCO Severity,Manner of Collision (Crash Level) ,# of Vehicles per crash ,Weather Conditions (Crash Level),Surface Condition (Crash Level) ,Light Conditions (Crash Level)
2023-10-30T16:35:00.000,I 75,I 75 and 10Th St,,Sideswipe-Same Direction,2,Clear,Dry,Daylight
2023-05-15T18:01:00.000,I 75,I 75 and 10Th St,,Sideswipe-Same Direction,2,Clear,Dry,Daylight
2023-09-25T14:08:00.000,I 75,I 75 and 10Th St,,Rear End,3,Clear,Dry,Daylight
2023-01-06T12:57:00.000,I 75,I 75 and 10Th St,,Sideswipe-Same Direction,2,Clear,Dry,Daylight
2023-09-11T13:20:00.000,I 75,I 75 and 10Th St,,Rear End,4,Clear,Dry,Daylight
2023-04-06T12:20:00.000,I 75,I 75 and 10Th St,,Rear End,2,Clear,Dry,Daylight
2023-12-25T12:01:00.000,I 75,I 75 and 10Th St,,Sideswipe-Same Direction,3,Rain,Wet,Daylight
2023-10-26T16:25:00.000,I 75,I 75 and 10Th St,,Rear End,3,Clear,Dry,Daylight
2023-07-10T09:15:00.000,I 75,I 75 and 10Th St,,Rear End,2,Cloudy,Wet,Daylight
2023-02-24T18:21:00.000,I 75,I 75 and 10Th St,,Sideswipe-Same Direction,2,Rain,Wet,Daylight
2023-03-02T12:35:00.000,I 75,I 75 and 10Th St,,Rear End,2,Clear,Wet,Daylight
2023-02-09T16:46:00.000,I 75,I 75 and 10Th St,,Rear End,3,Cloudy,Dry,Daylight
2023-05-19T15:15:00.000,I 75,I 75 and 10Th St,,Rear End,3,Cloudy,Dry,Daylight
2023-08-07T18:10:00.000,I 75,I 75 and 10Th St,,Angle Crash,2,Rain,Wet,Dusk
2023-03-31T15:07:00.000,I 75,I 75 and 10Th St,,Sideswipe-Same Direction,2,Clear,Dry,Daylight
2022-08-09T17:50:00.000,I 75,I 75 and 10Th St,,Sideswipe-Same Direction,2,Clear,Dry,Daylight
2022-01-12T17:10:00.000,I 75,I 75 and 10Th St,,Sideswipe-Same Direction,2,Clear,Dry,Daylight
2022-08-18T12:46:00.000,I 75,I 75 and 10Th St,,Rear End,2,Clear,Dry,Daylight
2022-06-06T17:20:00.000,I 75,I 75 and 10Th St,,Rear End,2,Clear,Dry,Daylight
2022-09-13T09:08:00.000,I 75,I 75 and 10Th St,,Rear End,2,Clear,Dry,Daylight
2022-03-03T08:50:00.000,I 75,I 75 and 10Th St,,Rear End,2,Clear,Dry,Daylight
2022-08-15T17:36:00.000,I 75,I 75 and 10Th St,,Rear End,2,Clear,Dry,Daylight
2022-02-25T06:10:00.000,I 75,I 75 and 10Th St,,Sideswipe-Same Direction,2,Clear,Dry,Dark-Lighted
2022-02-01T17:30:00.000,I 75,I 75 and 10Th St,,Rear End,2,Clear,Dry,Daylight
2023-01-19T08:10:00.000,I 75,I 75 and 10Th St,,Rear End,2,Rain,Dry,Daylight
2023-07-27T11:12:00.000,I 75,I 75 and 10Th St,,Rear End,2,Clear,Dry,Daylight
2020-02-07T07:14:00.000,I 75,I 75 and 10Th St,,Rear End,2,Cloudy,Wet,Dark-Lighted
2020-12-18T14:33:00.000,I 75,I 75 and 10Th St,,Rear End,3,Clear,Dry,Daylight
2020-03-03T07:54:00.000,I 75,I 75 and 10Th St,,Rear End,2,Rain,Wet,Daylight
2020-01-24T19:10:00.000,I 75,I 75 and 10Th St,,Rear End,2,Cloudy,Dry,Dark-Lighted
2020-11-13T15:33:00.000,I 75,I 75 and 10Th St,,Sideswipe-Same Direction,2,Clear,Dry,Daylight
2020-01-21T07:25:00.000,I 75,I 75 and 10Th St,,Sideswipe-Same Direction,2,Cloudy,Dry,Dawn
2020-11-25T17:20:00.000,I 75,I 75 and 10Th St,,Sideswipe-Same Direction,3,Rain,Wet,Dark-Not Lighted
2020-02-07T07:14:00.000,I 75,I 75 and 10Th St,,Rear End,2,Cloudy,Wet,Dark-Lighted
2020-03-03T07:54:00.000,I 75,I 75 and 10Th St,,Rear End,3,Rain,Wet,Daylight
2020-01-16T10:10:00.000,I 75,I 75 and 10Th St,,Sideswipe-Same Direction,2,Clear,Dry,Daylight
2020-12-18T14:50:00.000,I 75,I 75 and 10Th St,,Rear End,3,Clear,Dry,Daylight
2020-01-27T13:18:00.000,I 75,I 75 and 10Th St,,Rear End,2,Cloudy,Dry,Daylight
2020-01-21T07:25:00.000,I 75,I 75 and 10Th St,,Sideswipe-Same Direction,2,Cloudy,Dry,Dawn
2020-11-27T17:45:00.000,I 75,I 75 and 10Th St,,Rear End,3,Clear,Dry,Dark-Lighted
2020-01-30T18:18:00.000,I 75,I 75 and 10Th St,,Sideswipe-Same Direction,2,Cloudy,Dry,Dark-Lighted
2020-10-01T16:45:00.000,I 75,I 75 and 10Th St,,Rear End,3,Clear,Dry,Daylight
2020-08-20T15:15:00.000,I 75,I 75 and 10Th St,,Rear End,3,Cloudy,Dry,Daylight
2020-10-31T11:13:00.000,I 75,I 75 and 10Th St,,Rear End,2,Clear,Dry,Daylight
2020-09-11T13:05:00.000,I 75,I 75 and 10Th St,,Rear End,2,Clear,Dry,Daylight
2020-01-15T13:52:00.000,I 75,I 75 and 10Th St,,Rear End,3,Clear,Dry,Daylight
2020-12-16T18:05:00.000,I 75,I 75 and 10Th St,,Sideswipe-Same Direction,2,Clear,Dry,Dark-Lighted
2020-11-25T20:17:00.000,I 75,I 75 and 10Th St,,Rear End,2,Rain,Wet,Dark-Lighted
2021-01-27T07:31:00.000,I 75,I 75 and 10Th St,,Rear End,3,Rain,Wet,Daylight
2021-06-25T16:00:00.000,I 75,I 75 and 10Th St,,Rear End,2,Clear,Dry,Daylight
2021-06-08T16:57:00.000,I 75,I 75 and 10Th St,,Rear End,2,Cloudy,Dry,Daylight
2021-10-05T09:45:00.000,I 75,I 75 and 10Th St,,Rear End,2,Rain,Wet,Daylight
2021-12-20T13:15:00.000,I 75,I 75 and 10Th St,,Rear End,2,Cloudy,Dry,Daylight
2021-10-19T18:15:00.000,I 75,I 75 and 10Th St,,Rear End,3,Clear,Dry,Daylight
2021-10-19T15:00:00.000,I 75,I 75 and 10Th St,,Sideswipe-Same Direction,2,Clear,Dry,Daylight
2021-10-07T09:55:00.000,I 75,I 75 and 10Th St,,Rear End,2,Cloudy,Wet,Daylight
2021-10-30T15:30:00.000,I 75,I 75 and 10Th St,,Rear End,2,Rain,Wet,Daylight
2021-10-29T12:40:00.000,I 75,I 75 and 10Th St,,Rear End,3,Cloudy,Wet,Daylight
2021-12-27T11:00:00.000,I 75,I 75 and 10Th St,,Sideswipe-Same Direction,2,Cloudy,Dry,Daylight
2021-10-06T09:26:00.000,I 75,I 75 and 10Th St,,Sideswipe-Same Direction,2,Cloudy,Wet,Daylight
2021-08-17T15:18:00.000,I 75,I 75 and 10Th St,,Sideswipe-Same Direction,2,Cloudy,Wet,Daylight
2021-07-29T11:50:00.000,I 75,I 75 and 10Th St,,Sideswipe-Same Direction,2,Clear,Dry,Daylight
2021-10-05T10:44:00.000,I 75,I 75 and 10Th St,,Rear End,2,Rain,Wet,Daylight
2021-11-23T14:51:00.000,I 75,I 75 and 10Th St,,Sideswipe-Same Direction,2,Clear,Dry,Daylight
2021-11-04T12:25:00.000,I 75,I 75 and 10Th St,,Rear End,2,Rain,Wet,Daylight
2021-10-25T08:34:00.000,I 75,I 75 and 10Th St,,Rear End,2,Cloudy,Dry,Daylight
2021-12-10T11:00:00.000,I 75,I 75 and 10Th St,,Rear End,5,Cloudy,Wet,Daylight
2021-07-20T10:00:00.000,I 75,I 75 and 10Th St,,Rear End,2,Rain,Wet,Daylight
2021-08-05T12:40:00.000,I 75,I 75 and 10Th St,,Rear End,2,Clear,Dry,Daylight
2021-08-16T14:13:00.000,I 75,I 75 and 10Th St,,Rear End,3,Cloudy,Dry,Daylight
2021-08-16T18:00:00.000,I 75,I 75 and 10Th St,,Sideswipe-Same Direction,2,Rain,Wet,Daylight
2022-10-31T13:20:00.000,I 75,I 75 and 10Th St,,Rear End,3,Clear,Dry,Daylight
2022-06-07T09:20:00.000,I 75,I 75 and 10Th St,,Rear End,2,Clear,Dry,Daylight
2022-12-22T12:20:00.000,I 75,I 75 and 10Th St,,Rear End,2,Cloudy,Dry,Daylight
2022-12-16T16:12:00.000,I 75,I 75 and 10Th St,,Sideswipe-Same Direction,2,Clear,Dry,Daylight
2022-06-14T10:45:00.000,I 75,I 75 and 10Th St,,Sideswipe-Same Direction,2,Clear,Dry,Daylight
2022-08-08T07:30:00.000,I 75,I 75 and 10Th St,,Rear End,3,Clear,Dry,Daylight
2021-09-28T13:30:00.000,I 75,I 75 and 10Th St,,Rear End,2,Clear,Dry,Daylight
2021-10-07T19:00:00.000,I 75,I 75 and 10Th St,,Rear End,2,Cloudy,Dry,Daylight
2021-12-08T07:18:00.000,I 75,I 75 and 10Th St,,Sideswipe-Same Direction,2,Rain,Wet,Dark-Not Lighted
2021-12-23T13:35:00.000,I 75,I 75 and 10Th St,,Rear End,2,Clear,Dry,Daylight
2022-04-14T09:40:00.000,I 75,I 75 and 10Th St,,Rear End,2,Cloudy,Dry,Daylight
2022-08-08T08:15:00.000,I 75,I 75 and 10Th St,,Rear End,2,Clear,Dry,Daylight
2022-10-03T11:17:00.000,I 75,I 75 and 10Th St,,Sideswipe-Same Direction,2,Clear,Dry,Daylight
2022-05-24T09:00:00.000,I 75,I 75 and 10Th St,,Sideswipe-Same Direction,2,Cloudy,Dry,Daylight
2022-04-25T16:20:00.000,I 75,I 75 and 10Th St,,Sideswipe-Same Direction,2,Clear,Dry,Daylight
2022-08-13T21:24:00.000,I 75,I 75 and 10Th St,,Rear End,2,Clear,Dry,Dusk
2022-01-04T08:25:00.000,I 75,I 75 and 10Th St,,Rear End,2,Clear,Dry,Daylight
2022-12-15T06:58:00.000,I 75,I 75 and 10Th St,,Rear End,2,Rain,Wet,Dark-Not Lighted
2022-10-10T09:52:00.000,I 75,I 75 and 10Th St,,Sideswipe-Same Direction,2,Clear,Dry,Daylight
2022-02-14T13:20:00.000,I 75,I 75 and 10Th St,,Rear End,3,Clear,Dry,Daylight
2022-07-24T18:37:00.000,I 75,I 75 and 10Th St,,Rear End,3,Cloudy,Dry,Daylight
2022-12-16T14:25:00.000,I 75,I 75 and 10Th St,,Rear End,2,Clear,Dry,Daylight
2022-02-11T14:17:00.000,I 75,I 75 and 10Th St,,Sideswipe-Same Direction,2,Clear,Dry,Daylight
2022-10-07T07:30:00.000,I 75,I 75 and 10Th St,,Sideswipe-Same Direction,2,Clear,Dry,Daylight
2022-04-05T12:55:00.000,I 75,I 75 and 10Th St,,Rear End,2,Rain,Wet,Daylight
2022-10-31T13:20:00.000,I 75,I 75 and 10Th St,,Rear End,2,Clear,Dry,Daylight
2022-08-09T14:05:00.000,I 75,I 75 and 10Th St,,Rear End,2,Clear,Dry,Daylight
2022-07-24T00:36:00.000,I 75,I 75 and 10Th St,,Rear End,3,Clear,Dry,Dark-Lighted
2022-10-24T09:00:00.000,I 75,I 75 and 10Th St,,Rear End,2,Clear,Dry,Daylight
2022-09-27T12:20:00.000,I 75,I 75 and 10Th St,,Sideswipe-Same Direction,2,Clear,Dry,Daylight
2022-09-06T11:18:00.000,I 75,I 75 and 10Th St,,Rear End,2,Cloudy,Dry,Daylight
2022-03-18T15:50:00.000,I 75,I 75 and 10Th St,,Rear End,2,Rain,Wet,Daylight
2022-01-27T09:55:00.000,I 75,I 75 and 10Th St,,Rear End,3,Clear,Dry,Daylight
2022-01-26T13:43:00.000,I 75,I 75 and 10Th St,,Sideswipe-Same Direction,2,Clear,Dry,Daylight
2022-04-12T11:20:00.000,I 75,I 75 and 10Th St,,Sideswipe-Same Direction,2,Clear,Dry,Daylight
2022-11-17T06:54:00.000,I 75,I 75 and 10Th St,,Rear End,4,Clear,Dry,Dark-Not Lighted
2022-10-27T07:00:00.000,I 75,I 75 and 10Th St,,Rear End,2,Clear,Dry,Dark-Lighted
2022-12-27T08:40:00.000,I 75,I 75 and 10Th St,,Rear End,3,Clear,Dry,Daylight
2022-11-15T16:00:00.000,I 75,I 75 and 10Th St,,Sideswipe-Same Direction,2,Rain,Wet,Daylight
2022-06-02T14:23:00.000,I 75,I 75 and 10Th St,,Rear End,4,Cloudy,Dry,Daylight
2022-08-19T15:35:00.000,I 75,I 75 and 10Th St,,Sideswipe-Same Direction,2,Clear,Dry,Daylight
2022-01-04T16:55:00.000,I 75,I 75 and 10Th St,,Rear End,2,Clear,Dry,Daylight
2021-09-16T19:25:00.000,I 75,I 75 and 10Th St,,Sideswipe-Same Direction,4,Cloudy,Wet,Daylight
2021-08-19T19:53:00.000,I 75,I 75 and 10Th St,,Rear End,3,Cloudy,Wet,Daylight
2021-12-06T15:25:00.000,I 75,I 75 and 10Th St,,Sideswipe-Same Direction,2,Rain,Wet,Daylight
2021-07-09T14:20:00.000,I 75,I 75 and 10Th St,,Rear End,2,Rain,Wet,Daylight
2021-11-02T08:35:00.000,I 75,I 75 and 10Th St,,Rear End,2,Clear,Dry,Daylight
2022-06-20T15:35:00.000,I 75,I 75 and 10Th St,,Sideswipe-Same Direction,2,Clear,Dry,Daylight
2022-12-15T06:40:00.000,I 75,I 75 and 10Th St,,Rear End,2,Clear,Wet,Daylight
2022-09-13T18:15:00.000,I 75,I 75 and 10Th St,,Rear End,2,Clear,Dry,Daylight
2022-04-05T17:45:00.000,I 75,I 75 and 10Th St,,Sideswipe-Same Direction,2,Cloudy,Wet,Daylight
2022-08-12T06:25:00.000,I 75,I 75 and 10Th St,,Rear End,2,Clear,Dry,Dark-Lighted
2022-10-06T09:55:00.000,I 75,I 75 and 10Th St,,Rear End,2,Clear,Dry,Daylight
2022-06-28T09:03:00.000,I 75,I 75 and 10Th St,,Rear End,2,Clear,Dry,Daylight
2022-01-28T18:25:00.000,I 75,I 75 and 10Th St,,Rear End,2,Clear,Dry,Daylight
2022-04-05T16:28:00.000,I 75,I 75 and 10Th St,,Rear End,2,Cloudy,Wet,Daylight
2022-02-14T18:40:00.000,I 75,I 75 and 10Th St,,Rear End,3,Clear,Dry,Dark-Lighted
2022-12-15T06:40:00.000,I 75,I 75 and 10Th St,,Rear End,2,Rain,Wet,Dark-Lighted
2022-08-19T14:35:00.000,I 75,I 75 and 10Th St,,Rear End,2,Clear,Dry,Daylight
2022-02-11T10:10:00.000,I 75,I 75 and 10Th St,,Rear End,3,Clear,Dry,Daylight
2022-08-19T14:20:00.000,I 75,I 75 and 10Th St,,Rear End,2,Clear,Dry,Daylight
2022-04-15T07:00:00.000,I 75,I 75 and 10Th St,,Rear End,2,Clear,Dry,Daylight
2022-11-08T18:18:00.000,I 75,I 75 and 10Th St,,Sideswipe-Same Direction,2,Clear,Dry,Daylight
2022-02-18T12:50:00.000,I 75,I 75 and 10Th St,,Angle Crash,3,Clear,Dry,Daylight
2022-05-05T16:06:00.000,I 75,I 75 and 10Th St,,Sideswipe-Same Direction,2,Cloudy,Dry,Daylight
2022-07-19T10:05:00.000,I 75,I 75 and 10Th St,,Rear End,2,Rain,Wet,Daylight
2022-07-28T06:00:00.000,I 75,I 75 and 10Th St,,Sideswipe-Same Direction,2,Clear,Dry,Daylight
2022-09-06T17:20:00.000,I 75,I 75 and 10Th St,,Rear End,2,Clear,Dry,Daylight
2022-08-09T07:50:00.000,I 75,I 75 and 10Th St,,Rear End,2,Clear,Dry,Daylight
2022-04-14T14:30:00.000,I 75,I 75 and 10Th St,,Sideswipe-Same Direction,2,Clear,Dry,Daylight
2022-08-26T12:00:00.000,I 75,I 75 and 10Th St,,Sideswipe-Same Direction,3,Clear,Dry,Daylight
2022-03-24T16:43:00.000,I 75,I 75 and 10Th St,,Rear End,3,Clear,Dry,Daylight
2022-01-04T08:10:00.000,I 75,I 75 and 10Th St,,Sideswipe-Same Direction,2,Clear,Dry,Daylight
2022-08-26T14:38:00.000,I 75,I 75 and 10Th St,,Sideswipe-Same Direction,3,Clear,Dry,Daylight
2022-09-13T09:06:00.000,I 75,I 75 and 10Th St,,Rear End,2,Clear,Dry,Daylight
2022-05-05T07:00:00.000,I 75,I 75 and 10Th St,,Sideswipe-Same Direction,2,Clear,Dry,Daylight
2022-09-06T14:00:00.000,I 75,I 75 and 10Th St,,Not a Collision with Motor Vehicle,1,Clear,Dry,Daylight
2022-01-11T17:20:00.000,I 75,I 75 and 10Th St,,Rear End,2,Cloudy,Dry,Daylight
2022-09-13T09:01:00.000,I 75,I 75 and 10Th St,,Rear End,3,Clear,Dry,Daylight
2022-08-08T07:39:00.000,I 75,I 75 and 10Th St,,Rear End,2,Clear,Dry,Daylight
2022-05-05T13:05:00.000,I 75,I 75 and 10Th St,,Sideswipe-Same Direction,2,Clear,Dry,Daylight
2022-07-07T08:30:00.000,I 75,I 75 and 10Th St,,Sideswipe-Same Direction,2,Clear,Dry,Daylight
2022-02-03T13:45:00.000,I 75,I 75 and 10Th St,,Rear End,2,Rain,Wet,Daylight
2022-02-25T09:25:00.000,I 75,I 75 and 10Th St,,Rear End,2,Rain,Wet,Daylight
2022-09-26T18:10:00.000,I 75,I 75 and 10Th St,,Rear End,2,Clear,Dry,Daylight
2022-03-25T12:38:00.000,I 75,I 75 and 10Th St,,Rear End,2,Clear,Dry,Daylight
2022-12-20T15:55:00.000,I 75,I 75 and 10Th St,,Sideswipe-Same Direction,2,Rain,Wet,Daylight
2022-09-09T16:30:00.000,I 75,I 75 and 10Th St,,Rear End,2,Cloudy,Dry,Daylight
2022-07-26T14:20:00.000,I 75,I 75 and 10Th St,,Rear End,2,Clear,Dry,Daylight
2022-05-16T06:45:00.000,I 75,I 75 and 10Th St,,Rear End,2,Clear,Dry,Dawn
2022-10-31T14:45:00.000,I 75,I 75 and 10Th St,,Sideswipe-Same Direction,2,Clear,Dry,Daylight
2022-04-28T07:40:00.000,I 75,I 75 and 10Th St,,Rear End,3,Clear,Dry,Daylight
2022-08-18T16:15:00.000,I 75,I 75 and 10Th St,,Angle Crash,4,Clear,Dry,Daylight
2022-01-04T10:57:00.000,I 75,I 75 and 10Th St,,Rear End,3,Clear,Dry,Daylight
2022-01-24T18:50:00.000,I 75,I 75 and 10Th St,,Rear End,3,Clear,Dry,Dark-Lighted
2022-01-10T08:30:00.000,I 75,I 75 and 10Th St,,Rear End,2,Clear,Dry,Daylight
2022-11-11T11:35:00.000,I 75,I 75 and 10Th St,,Rear End,2,Rain,Wet,Daylight
2022-11-07T18:35:00.000,I 75,I 75 and 10Th St,,Sideswipe-Same Direction,2,Clear,Dry,Dark-Lighted
2022-02-24T08:31:00.000,I 75,I 75 and 10Th St,,Rear End,2,Cloudy,Dry,Daylight
2022-07-01T08:45:00.000,I 75,I 75 and 10Th St,,Rear End,2,Clear,Dry,Daylight
2022-11-17T06:54:00.000,I 75,I 75 and 10Th St,,Rear End,2,Clear,Dry,Dark-Not Lighted
2022-10-27T15:15:00.000,I 75,I 75 and 10Th St,,Sideswipe-Same Direction,2,Clear,Dry,Daylight
2022-10-25T19:00:00.000,I 75,I 75 and 10Th St,,Sideswipe-Same Direction,2,Cloudy,Dry,Daylight
2022-02-09T16:45:00.000,I 75,I 75 and 10Th St,,Rear End,2,Clear,Dry,Daylight
2022-08-05T17:40:00.000,I 75,I 75 and 10Th St,,Sideswipe-Same Direction,2,Rain,Wet,Daylight
2022-10-10T09:45:00.000,I 75,I 75 and 10Th St,,Rear End,2,Clear,Dry,Daylight
2022-08-13T21:23:00.000,I 75,I 75 and 10Th St,,Sideswipe-Same Direction,2,Clear,Dry,Daylight
2022-12-15T08:30:00.000,I 75,I 75 and 10Th St,,Rear End,5,Cloudy,Wet,Daylight
2022-09-15T10:36:00.000,I 75,I 75 and 10Th St,,Not a Collision with Motor Vehicle,2,Clear,Dry,Daylight
2022-11-18T19:44:00.000,I 75,I 75 and 10Th St,,Rear End,2,Clear,Dry,Dark-Not Lighted
2022-07-25T11:30:00.000,I 75,I 75 and 10Th St,,Sideswipe-Same Direction,2,Clear,Dry,Daylight
2022-10-31T13:20:00.000,I 75,I 75 and 10Th St,,Rear End,2,Clear,Dry,Daylight
2022-08-16T09:22:00.000,I 75,I 75 and 10Th St,,Sideswipe-Same Direction,2,Clear,Dry,Daylight
2022-01-06T08:03:00.000,I 75,I 75 and 10Th St,,Rear End,2,Cloudy,Dry,Daylight
2022-09-20T19:15:00.000,I 75,I 75 and 10Th St,,Rear End,2,Clear,Dry,Daylight
2022-03-22T15:40:00.000,I 75,I 75 and 10Th St,,Rear End,2,Clear,Dry,Daylight
2022-09-12T18:48:00.000,I 75,I 75 and 10Th St,,Rear End,3,Clear,Dry,Daylight
2022-07-05T16:00:00.000,I 75,I 75 and 10Th St,,Sideswipe-Same Direction,2,Clear,Dry,Daylight
2022-03-01T19:10:00.000,I 75,I 75 and 10Th St,,Rear End,2,Clear,Dry,Dark-Lighted
2022-04-26T16:55:00.000,I 75,I 75 and 10Th St,,Sideswipe-Same Direction,2,Clear,Dry,Daylight
2022-04-25T14:00:00.000,I 75,I 75 and 10Th St,,Rear End,2,Clear,Dry,Daylight
2022-07-28T11:00:00.000,I 75,I 75 and 10Th St,,Sideswipe-Same Direction,2,Clear,Dry,Daylight
2022-12-15T06:40:00.000,I 75,I 75 and 10Th St,,Rear End,5,Rain,Wet,Dark-Not Lighted
2023-07-03T16:40:00.000,I 75,I 75 and 10Th St,,Sideswipe-Same Direction,2,Clear,Dry,Daylight
2023-04-27T15:28:00.000,I 75,I 75 and 10Th St,,Rear End,2,Rain,Wet,Daylight
2023-05-26T09:20:00.000,I 75,I 75 and 10Th St,,Sideswipe-Same Direction,3,Clear,Dry,Daylight
2023-12-18T18:30:00.000,I 75,I 75 and 10Th St,,Rear End,3,Clear,Dry,Dark-Lighted
2023-05-01T11:50:00.000,I 75,I 75 and 10Th St,,Rear End,2,Clear,Dry,Daylight
2023-08-03T19:28:00.000,I 75,I 75 and 10Th St,,Rear End,2,Clear,Dry,Daylight
2023-10-19T08:34:00.000,I 75,I 75 and 10Th St,,Rear End,2,Clear,Dry,Daylight
2024-01-19T13:30:00.000,I 75,I 75 and 10Th St,,Angle Crash,2,Clear,Dry,Daylight
2024-03-08T12:45:00.000,I 75,I 75 and 10Th St,,Sideswipe-Same Direction,2,Cloudy,Dry,Daylight
2024-01-16T16:20:00.000,I 75,I 75 and 10Th St,,Rear End,2,Clear,Dry,Daylight
2024-03-05T16:55:00.000,I 75,I 75 and 10Th St,,Sideswipe-Same Direction,2,Cloudy,Wet,Daylight
2024-02-12T15:20:00.000,I 75,I 75 and 10Th St,,Rear End,3,Rain,Wet,Daylight
2024-01-25T11:30:00.000,I 75,I 75 and 10Th St,,Rear End,2,Rain,Wet,Daylight
2024-09-17T09:12:00.000,I 75,I 75 and 10Th St,,Rear End,3,Clear,Dry,Daylight
2024-02-19T14:10:00.000,I 75,I 75 and 10Th St,,Sideswipe-Same Direction,2,Clear,Dry,Daylight
2024-11-07T08:10:00.000,I 75,I 75 and 10Th St,,Rear End,2,Clear,Dry,Daylight
2024-10-11T11:09:00.000,I 75,I 75 and 10Th St,,Sideswipe-Same Direction,2,Clear,Dry,Daylight
2024-12-17T18:35:00.000,I 75,I 75 and 10Th St,,Sideswipe-Same Direction,3,Clear,Dry,Daylight
2024-10-22T19:00:00.000,I 75,I 75 and 10Th St,,Rear End,2,Clear,Dry,Daylight
2024-05-13T10:27:00.000,I 75,I 75 and 10Th St,,Rear End,4,Cloudy,Wet,Daylight
2024-04-16T15:45:00.000,I 75,I 75 and 10Th St,,Rear End,5,Clear,Dry,Daylight
2024-05-07T13:30:00.000,I 75,I 75 and 10Th St,,Sideswipe-Same Direction,2,Cloudy,Dry,Daylight
2024-04-27T21:38:00.000,I 75,I 75 and 10Th St,,Rear End,2,Clear,Dry,Dark-Not Lighted
2024-02-12T05:21:00.000,I 75,I 75 and 10Th St,,Sideswipe-Same Direction,2,Rain,Wet,Daylight
2024-05-13T12:11:00.000,I 75,I 75 and 10Th St,,Sideswipe-Same Direction,2,Clear,Dry,Daylight
2024-05-23T16:30:00.000,I 75,I 75 and 10Th St,,Rear End,2,Clear,Dry,Daylight
2024-12-17T11:25:00.000,I 75,I 75 and 10Th St,,Rear End,3,Clear,Dry,Daylight
2024-06-25T17:26:00.000,I 75,I 75 and 10Th St,,Rear End,3,Clear,Dry,Daylight
2024-04-25T17:40:00.000,I 75,I 75 and 10Th St,,Rear End,4,Clear,Dry,Daylight
2024-03-08T19:10:00.000,I 75,I 75 and 10Th St,,Sideswipe-Same Direction,2,Rain,Wet,Dark-Not Lighted
2024-07-19T15:05:00.000,I 75,I 75 and 10Th St,,Rear End,2,Cloudy,Dry,Daylight
2024-02-08T19:28:00.000,I 75,I 75 and 10Th St,,Rear End,2,Clear,Dry,Dark-Lighted
2024-02-12T15:18:00.000,I 75,I 75 and 10Th St,,Rear End,3,Rain,Wet,Daylight
2024-03-25T16:46:00.000,I 75,I 75 and 10Th St,,Sideswipe-Same Direction,3,Clear,Dry,Daylight
2024-11-08T15:55:00.000,I 75,I 75 and 10Th St,,Rear End,2,Clear,Dry,Daylight
2024-08-20T16:00:00.000,I 75,I 75 and 10Th St,,Rear End,2,Clear,Dry,Daylight
2024-05-31T15:15:00.000,I 75,I 75 and 10Th St,,Sideswipe-Same Direction,2,Clear,Dry,Daylight
2024-04-23T13:17:00.000,I 75,I 75 and 10Th St,,Rear End,2,Clear,Dry,Daylight
2024-12-16T17:50:00.000,I 75,I 75 and 10Th St,,Sideswipe-Same Direction,2,Cloudy,Dry,Dark-Lighted
2023-04-07T13:30:00.000,I 75,I 75 and 10Th St,,Sideswipe-Same Direction,2,Clear,Dry,Daylight
2023-11-09T15:00:00.000,I 75,I 75 and 10Th St,,Sideswipe-Same Direction,2,Clear,Dry,Daylight
2023-11-17T16:20:00.000,I 75,I 75 and 10Th St,,Sideswipe-Same Direction,2,Cloudy,Wet,Daylight
2023-06-22T09:45:00.000,I 75,I 75 and 10Th St,,Sideswipe-Same Direction,3,Cloudy,Wet,Daylight
2023-07-10T09:15:00.000,I 75,I 75 and 10Th St,,Rear End,2,Cloudy,Wet,Daylight
2024-10-03T11:30:00.000,I 75,I 75 and 10Th St,,Sideswipe-Same Direction,2,Clear,Dry,Daylight
2024-03-12T14:38:00.000,I 75,I 75 and 10Th St,,Rear End,2,Clear,Dry,Daylight
2024-08-19T14:45:00.000,I 75,I 75 and 10Th St,,Rear End,2,Clear,Dry,Daylight
2024-12-12T19:30:00.000,I 75,I 75 and 10Th St,,Rear End,2,Clear,Dry,Dark-Lighted
2023-01-06T12:40:00.000,I 75,I 75 and 10Th St,,Rear End,2,Clear,Dry,Daylight
2023-06-29T06:20:00.000,I 75,I 75 and 10Th St,,Sideswipe-Same Direction,2,Clear,Dry,Dawn
2023-07-10T09:25:00.000,I 75,I 75 and 10Th St,,Sideswipe-Same Direction,2,Rain,Wet,Daylight
2023-03-17T08:10:00.000,I 75,I 75 and 10Th St,,Angle Crash,2,Rain,Wet,Daylight
2023-02-27T13:00:00.000,I 75,I 75 and 10Th St,,Angle Crash,2,Cloudy,Dry,Daylight
2023-05-05T18:00:00.000,I 75,I 75 and 10Th St,,Rear End,2,Rain,Wet,Daylight
2023-02-27T13:00:00.000,I 75,I 75 and 10Th St,,Rear End,2,Cloudy,Dry,Daylight
2023-11-14T09:12:00.000,I 75,I 75 and 10Th St,,Sideswipe-Same Direction,2,Clear,Dry,Daylight
2023-04-27T13:03:00.000,I 75,I 75 and 10Th St,,Sideswipe-Same Direction,2,Rain,Wet,Daylight
2023-01-19T08:10:00.000,I 75,I 75 and 10Th St,,Rear End,3,Rain,Wet,Daylight
2023-07-14T14:11:00.000,I 75,I 75 and 10Th St,,Sideswipe-Same Direction,2,Cloudy,Dry,Daylight
2023-10-03T16:58:00.000,I 75,I 75 and 10Th St,,Rear End,2,Clear,Dry,Daylight
2023-10-06T12:20:00.000,I 75,I 75 and 10Th St,,Rear End,3,Clear,Dry,Daylight
2023-06-12T06:00:00.000,I 75,I 75 and 10Th St,,Rear End,2,Cloudy,Wet,Daylight
2023-04-07T14:45:00.000,I 75,I 75 and 10Th St,,Rear End,2,Clear,Dry,Daylight
2023-03-27T09:44:00.000,I 75,I 75 and 10Th St,,Not a Collision with Motor Vehicle,1,Rain,Wet,Daylight