Date and Time,Roadway (From Crash Report),Intersection Name (from Crash Report),KABCO Severity,Manner of Collision (Crash Level) ,# of Vehicles per crash ,Weather Conditions (Crash Level),Surface Condition (Crash Level) ,Light Conditions (Crash Level)
2023-11-21T09:40:00.000,I 75,I 75 and 10Th St,,Sideswipe-Same Direction,2,Rain,Wet,Daylight
2023-12-18T18:35:00.000,I 75,I 75 and 10Th St,,Sideswipe-Same Direction,2,Clear,Dry,Dark-Lighted
2023-08-10T09:32:00.000,I 75,I 75 and 10Th St,,Angle Crash,2,Rain,Wet,Daylight
2023-10-06T15:26:00.000,I 75,I 75 and 10Th St,,Rear End,2,Clear,Dry,Daylight
2023-01-31T16:12:00.000,I 75,I 75 and 10Th St,,Rear End,2,Cloudy,Dry,Daylight
2023-07-31T15:00:00.000,I 75,I 75 and 10Th St,,Rear End,2,Clear,Dry,Daylight
2023-11-06T13:40:00.000,I 75,I 75 and 10Th St,,Rear End,2,Clear,Dry,Daylight
2023-09-25T08:30:00.000,I 75,I 75 and 10Th St,,Rear End,2,Clear,Dry,Daylight
2023-07-08T21:45:00.000,I 75,I 75 and 10Th St,,Sideswipe-Same Direction,2,Cloudy,Dry,Dark-Lighted
2023-09-01T17:55:00.000,I 75,I 75 and 10Th St,,Rear End,2,Clear,Dry,Daylight
2023-09-25T08:11:00.000,I 75,I 75 and 10Th St,,Rear End,2,Clear,Dry,Daylight
2023-07-10T00:44:00.000,I 75,I 75 and 10Th St,,Rear End,2,Cloudy,Wet,Dark-Lighted
2023-05-08T12:43:00.000,I 75,I 75 and 10Th St,,Rear End,2,Clear,Dry,Daylight
2023-06-08T10:38:00.000,I 75,I 75 and 10Th St,,Sideswipe-Same Direction,2,Clear,Dry,Daylight
2023-01-19T14:00:00.000,I 75,I 75 and 10Th St,,Sideswipe-Same Direction,2,Clear,Dry,Daylight
2023-06-12T06:00:00.000,I 75,I 75 and 10Th St,,Rear End,2,Cloudy,Wet,Daylight
2023-07-10T09:15:00.000,I 75,I 75 and 10Th St,,Rear End,2,Cloudy,Wet,Daylight
2023-11-06T19:46:00.000,I 75,I 75 and 10Th St,,Sideswipe-Same Direction,3,Clear,Dry,Dark-Lighted
2023-10-17T14:55:00.000,I 75,I 75 and 10Th St,,Sideswipe-Same Direction,2,Clear,Dry,Daylight
2023-11-16T13:20:00.000,I 75,I 75 and 10Th St,,Sideswipe-Same Direction,2,Clear,Dry,Daylight
2023-07-13T15:40:00.000,I 75,I 75 and 10Th St,,Sideswipe-Same Direction,2,Clear,Dry,Daylight
2023-04-27T13:08:00.000,I 75,I 75 and 10Th St,,Rear End,3,Rain,Wet,Daylight
2023-06-26T09:40:00.000,I 75,I 75 and 10Th St,,Rear End,2,Clear,Dry,Daylight
2023-03-17T14:15:00.000,I 75,I 75 and 10Th St,,Sideswipe-Same Direction,2,Rain,Wet,Daylight
2023-01-12T17:42:00.000,I 75,I 75 and 10Th St,,Sideswipe-Same Direction,2,Rain,Wet,Daylight
2023-05-19T16:40:00.000,I 75,I 75 and 10Th St,,Rear End,2,Clear,Dry,Daylight
2023-12-30T22:12:00.000,I 75,I 75 and 10Th St,,Rear End,2,Clear,Dry,Dark-Lighted
2023-05-08T11:35:00.000,I 75,I 75 and 10Th St,,Sideswipe-Same Direction,2,Clear,Dry,Daylight
2023-11-06T13:10:00.000,I 75,I 75 and 10Th St,,Rear End,2,Clear,Dry,Daylight
2023-11-21T12:05:00.000,I 75,I 75 and 10Th St,,Rear End,2,Rain,Wet,Daylight
2023-02-14T13:55:00.000,I 75,I 75 and 10Th St,,Sideswipe-Same Direction,2,Clear,Dry,Daylight
2023-11-13T17:45:00.000,I 75,I 75 and 10Th St,,Rear End,3,Clear,Dry,Dark-Lighted
2023-05-08T07:20:00.000,I 75,I 75 and 10Th St,,Rear End,2,Rain,Wet,Daylight
2023-10-26T16:48:00.000,I 75,I 75 and 10Th St,,Rear End,2,Clear,Dry,Daylight
2023-09-14T13:19:00.000,I 75,I 75 and 10Th St,,Rear End,2,Rain,Wet,Daylight
2023-10-10T16:30:00.000,I 75,I 75 and 10Th St,,Rear End,2,Cloudy,Dry,Daylight
2024-02-13T15:50:00.000,I 75,I 75 and 10Th St,,Rear End,2,Clear,Dry,Daylight
2024-11-12T08:45:00.000,I 75,I 75 and 10Th St,,Rear End,2,Clear,Dry,Daylight
2024-03-01T12:50:00.000,I 75,I 75 and 10Th St,,Sideswipe-Same Direction,2,Rain,Wet,Daylight
2024-11-25T16:50:00.000,I 75,I 75 and 10Th St,,Sideswipe-Same Direction,2,Clear,Dry,Daylight
2024-06-25T18:57:00.000,I 75,I 75 and 10Th St,,Rear End,3,Clear,Dry,Daylight
2024-12-20T16:01:00.000,I 75,I 75 and 10Th St,,Rear End,2,Clear,Dry,Daylight
2024-11-26T15:43:00.000,I 75,I 75 and 10Th St,,Rear End,2,Clear,Dry,Daylight
2024-03-26T17:41:00.000,I 75,I 75 and 10Th St,,Rear End,2,Rain,Wet,Daylight
2024-01-30T16:30:00.000,I 75,I 75 and 10Th St,,Sideswipe-Same Direction,2,Clear,Dry,Daylight
2024-05-03T16:30:00.000,I 75,I 75 and 10Th St,,Rear End,2,Cloudy,Dry,Daylight
2024-01-01T15:50:00.000,I 75,I 75 and 10Th St,,Rear End,2,Clear,Dry,Daylight
2024-11-18T14:50:00.000,I 75,I 75 and 10Th St,,Rear End,2,Clear,Dry,Daylight
2024-02-23T16:35:00.000,I 75,I 75 and 10Th St,,Sideswipe-Same Direction,2,Clear,Dry,Daylight
2024-02-12T15:00:00.000,I 75,I 75 and 10Th St,,Rear End,3,Rain,Wet,Daylight
2024-06-25T07:51:00.000,I 75,I 75 and 10Th St,,Rear End,3,Clear,Dry,Daylight
2024-07-25T06:45:00.000,I 75,I 75 and 10Th St,,Sideswipe-Same Direction,4,Cloudy,Wet,Dawn
2024-09-05T18:30:00.000,I 75,I 75 and 10Th St,,Rear End,2,Clear,Dry,Daylight
2024-07-09T17:51:00.000,I 75,I 75 and 10Th St,,Rear End,4,Cloudy,Wet,Daylight
2024-05-02T16:58:00.000,I 75,I 75 and 10Th St,,Rear End,2,Cloudy,Dry,Daylight
2024-04-04T12:15:00.000,I 75,I 75 and 10Th St,,Rear End,2,Clear,Dry,Daylight
2024-06-25T19:14:00.000,I 75,I 75 and 10Th St,,Rear End,2,Clear,Dry,Daylight
2024-06-11T14:46:00.000,I 75,I 75 and 10Th St,,Sideswipe-Same Direction,2,Clear,Dry,Daylight
2024-02-12T15:20:00.000,I 75,I 75 and 10Th St,,Rear End,2,Rain,Wet,Daylight
2024-06-04T14:53:00.000,I 75,I 75 and 10Th St,,Rear End,2,Rain,Wet,Daylight
2024-07-22T11:00:00.000,I 75,I 75 and 10Th St,,Rear End,2,Cloudy,Dry,Daylight
2024-05-14T16:50:00.000,I 75,I 75 and 10Th St,,Rear End,2,Clear,Dry,Daylight
2024-07-09T19:01:00.000,I 75,I 75 and 10Th St,,Sideswipe-Same Direction,2,Clear,Dry,Daylight
2024-09-17T17:42:00.000,I 75,I 75 and 10Th St,,Rear End,2,Cloudy,Wet,Daylight
2024-04-22T17:03:00.000,I 75,I 75 and 10Th St,,Sideswipe-Same Direction,2,Clear,Dry,Daylight
2024-01-05T13:20:00.000,I 75,I 75 and 10Th St,,Sideswipe-Same Direction,2,Clear,Dry,Daylight
2024-04-23T11:28:00.000,I 75,I 75 and 10Th St,,Rear End,4,Clear,Dry,Daylight
2024-01-11T19:10:00.000,I 75,I 75 and 10Th St,,Rear End,2,Clear,Dry,Dark-Lighted
2024-02-13T13:57:00.000,I 75,I 75 and 10Th St,,Rear End,2,Clear,Dry,Daylight
2024-11-12T19:19:00.000,I 75,I 75 and 10Th St,,Rear End,2,Clear,Dry,Dark-Not Lighted
2024-11-11T13:12:00.000,I 75,I 75 and 10Th St,,Rear End,2,Clear,Dry,Daylight
2024-02-20T21:30:00.000,I 75,I 75 and 10Th St,,Sideswipe-Same Direction,2,Clear,Dry,Dark-Lighted
2024-01-08T15:00:00.000,I 75,I 75 and 10Th St,,Rear End,2,Clear,Dry,Daylight
2024-11-05T06:45:00.000,I 75,I 75 and 10Th St,,Rear End,2,Clear,Dry,Daylight
2024-06-10T14:55:00.000,I 75,I 75 and 10Th St,,Rear End,3,Clear,Dry,Daylight
2024-06-07T14:15:00.000,I 75,I 75 and 10Th St,,Rear End,3,Clear,Dry,Daylight
2024-09-02T13:32:00.000,I 75,I 75 and 10Th St,,Sideswipe-Same Direction,2,Cloudy,Dry,Daylight
2024-05-13T10:27:00.000,I 75,I 75 and 10Th St,,Rear End,2,Cloudy,Wet,Daylight
2024-09-26T13:05:00.000,I 75,I 75 and 10Th St,,Rear End,2,Rain,Wet,Daylight
2024-11-19T09:00:00.000,I 75,I 75 and 10Th St,,Sideswipe-Same Direction,3,Rain,Wet,Daylight
2024-12-17T13:29:00.000,I 75,I 75 and 10Th St,,Rear End,2,Clear,Dry,Daylight
2024-02-12T15:20:00.000,I 75,I 75 and 10Th St,,Rear End,2,Rain,Wet,Daylight
2024-07-02T14:14:00.000,I 75,I 75 and 10Th St,,Rear End,2,Clear,Dry,Daylight
2024-05-13T12:40:00.000,I 75,I 75 and 10Th St,,Sideswipe-Same Direction,2,Cloudy,Dry,Daylight
2024-01-08T15:00:00.000,I 75,I 75 and 10Th St,,Rear End,3,Clear,Dry,Daylight
2024-10-14T07:41:00.000,I 75,I 75 and 10Th St,,Rear End,2,Clear,Dry,Daylight
2024-07-29T16:40:00.000,I 75,I 75 and 10Th St,,Rear End,2,Cloudy,Wet,Daylight
2024-12-19T13:33:00.000,I 75,I 75 and 10Th St,,Rear End,4,Clear,Dry,Daylight
2024-06-07T15:30:00.000,I 75,I 75 and 10Th St,,Sideswipe-Same Direction,2,Clear,Dry,Daylight
2024-04-23T13:59:00.000,I 75,I 75 and 10Th St,,Rear End,2,Clear,Dry,Daylight
2024-09-12T15:10:00.000,I 75,I 75 and 10Th St,,Rear End,2,Cloudy,Wet,Daylight
2024-12-10T18:30:00.000,I 75,I 75 and 10Th St,,Rear End,3,Rain,Wet,Dark-Lighted
2024-02-16T08:30:00.000,I 75,I 75 and 10Th St,,Rear End,3,Clear,Dry,Daylight
2024-05-28T15:49:00.000,I 75,I 75 and 10Th St,,Rear End,2,Clear,Dry,Daylight
2024-12-06T13:49:00.000,I 75,I 75 and 10Th St,,Rear End,3,Clear,Dry,Daylight
2024-08-27T12:35:00.000,I 75,I 75 and 10Th St,,Rear End,3,Clear,Dry,Daylight
2024-01-09T15:20:00.000,I 75,I 75 and 10Th St,,Rear End,2,Cloudy,Wet,Daylight
2024-05-02T15:40:00.000,I 75,I 75 and 10Th St,,Rear End,2,Clear,Dry,Daylight
2024-12-10T18:30:00.000,I 75,I 75 and 10Th St,,Rear End,2,Rain,Wet,Dark-Lighted
2024-03-26T18:11:00.000,I 75,I 75 and 10Th St,,Rear End,2,Clear,Wet,Daylight
2024-09-19T11:53:00.000,I 75,I 75 and 10Th St,,Rear End,2,Cloudy,Dry,Daylight
2024-04-23T09:05:00.000,I 75,I 75 and 10Th St,,Rear End,3,Clear,Dry,Daylight
2024-03-29T16:48:00.000,I 75,I 75 and 10Th St,,Sideswipe-Same Direction,2,Clear,Dry,Daylight
2024-05-31T06:40:00.000,I 75,I 75 and 10Th St,,Rear End,2,Clear,Dry,Daylight
2024-10-29T14:13:00.000,I 75,I 75 and 10Th St,,Rear End,2,Clear,Dry,Daylight
2024-08-31T22:06:00.000,I 75,I 75 and 10Th St,,Sideswipe-Same Direction,2,Clear,Dry,Dark-Lighted
2024-10-31T17:26:00.000,I 75,I 75 and 10Th St,,Sideswipe-Same Direction,2,Clear,Dry,Daylight
2024-10-21T12:40:00.000,I 75,I 75 and 10Th St,,Sideswipe-Same Direction,2,Clear,Dry,Daylight
2024-12-27T18:52:00.000,I 75,I 75 and 10Th St,,Rear End,2,Cloudy,Wet,Dark-Lighted
2024-03-28T15:45:00.000,I 75,I 75 and 10Th St,,Sideswipe-Same Direction,2,Clear,Dry,Daylight
2024-10-31T11:48:00.000,I 75,I 75 and 10Th St,,Sideswipe-Same Direction,2,Clear,Dry,Daylight
2024-03-26T15:45:00.000,I 75,I 75 and 10Th St,,Sideswipe-Same Direction,2,Rain,Wet,Daylight
2024-12-13T15:13:00.000,I 75,I 75 and 10Th St,,Rear End,2,Clear,Dry,Daylight
2024-05-16T18:05:00.000,I 75,I 75 and 10Th St,,Rear End,2,Clear,Dry,Daylight
2024-12-12T10:40:00.000,I 75,I 75 and 10Th St,,Rear End,3,Clear,Dry,Daylight
2024-03-29T07:20:00.000,I 75,I 75 and 10Th St,,Rear End,2,Clear,Dry,Daylight
2024-10-03T16:45:00.000,I 75,I 75 and 10Th St,,Rear End,3,Cloudy,Dry,Daylight
2024-07-29T15:57:00.000,I 75,I 75 and 10Th St,,Rear End,2,Cloudy,Wet,Daylight
2024-10-01T08:13:00.000,I 75,I 75 and 10Th St,,Sideswipe-Same Direction,2,Cloudy,Dry,Daylight
2024-09-10T09:35:00.000,I 75,I 75 and 10Th St,,Rear End,2,Clear,Dry,Daylight
2024-07-01T14:25:00.000,I 75,I 75 and 10H St,,Sideswipe-Same Direction,2,Clear,Dry,Daylight
2022-02-21T09:37:00.000,I 75,I 75 and 108 Mm,,Angle Crash,2,Cloudy,Dry,Daylight
2021-10-21T22:01:00.000,I 75,I 75 and 102 Exit Rp,,Sideswipe-Same Direction,2,Clear,Dry,Dark-Lighted
2024-11-25T07:00:00.000,I 75,I 75 and 10 Th Street Opas,,Sideswipe-Same Direction,2,Clear,Dry,Daylight
2021-11-12T12:14:00.000,I 75,I 75 and 10 Th St,,Rear End,4,Clear,Dry,Daylight
2022-05-17T07:12:00.000,I 75,I 75 and 10 Th St,,Rear End,2,Clear,Dry,Daylight
2022-04-23T21:22:00.000,I 75,I 75 and 10 Th St,,Sideswipe-Same Direction,2,Clear,Dry,Dark-Not Lighted
2024-12-05T10:00:00.000,I 75,I 75 and 10 Th St,,Sideswipe-Same Direction,2,Clear,Dry,Daylight
2020-04-04T14:17:00.000,I 75,I 75 and 1-75 On Ramp 345,,Sideswipe-Same Direction,2,Clear,Dry,Daylight
2021-01-02T18:20:00.000,I 75,I 75 and 1-75 N Bound Mile Marker 212,,Rear End,3,Clear,Dry,Dark-Not Lighted
2020-12-23T11:45:00.000,I 75,I 75 and 1-75 Mm 213,,Rear End,2,Clear,Dry,Daylight
2020-12-18T17:30:00.000,I 75,I 75 and 1-75 Mm 213,,Sideswipe-Same Direction,2,Clear,Dry,Dark-Not Lighted
2020-12-18T12:15:00.000,I 75,I 75 and 1-75 Mm 211,,Rear End,2,Clear,Dry,Daylight
2021-04-06T23:16:00.000,I 75,I 75 and 1-75 Exit Ramp 99,,Not a Collision with Motor Vehicle,1,Clear,Dry,Dusk
2023-03-31T22:10:00.000,I 75,I 75 and 1-285 Rp,,Not a Collision with Motor Vehicle,1,Clear,Dry,Dark-Lighted
2021-04-03T09:48:00.000,I 75,I 75 and 1 Stst,,Sideswipe-Same Direction,1,Clear,Dry,Daylight
2024-10-15T14:00:00.000,I 75,I 75 and 1 St Street Arabi,,Rear End,2,Clear,Dry,Daylight
2023-05-08T19:56:00.000,I 75,I 75 and 1 St St Arabi,,Not a Collision with Motor Vehicle,1,Clear,Dry,Daylight
2023-07-07T11:01:00.000,I 75,I 75 and 1 St St,,Rear End,2,Clear,Dry,Daylight
2020-12-09T08:10:00.000,I 75,I 75 and 1 St St,,Rear End,2,Clear,Dry,Daylight
2020-09-09T20:34:00.000,I 75,I 75 and 1 St St,,Angle Crash,2,Clear,Dry,Dark-Not Lighted
2022-02-15T17:58:00.000,I 75,I 75 and 1 St St,,Angle Crash,3,Clear,Dry,Daylight
2022-01-27T07:00:00.000,I 75,I 75 and 1 St St,,Sideswipe-Same Direction,2,Clear,Dry,Daylight
2022-05-29T17:07:00.000,I 75,I 75 and 1 St St,,Not a Collision with Motor Vehicle,1,Clear,Dry,Daylight
2024-04-09T13:10:00.000,I 75,I 75 and 1 St St,,Sideswipe-Same Direction,2,Clear,Dry,Daylight
2023-12-16T14:00:00.000,I 75,I 75 and 1 St St,,Rear End,2,Clear,Dry,Daylight
2023-01-02T14:30:00.000,I 75,I 75 and 1 St St,,Sideswipe-Same Direction,2,Clear,Dry,Daylight
2024-02-12T08:45:00.000,I 75,I 75 and 1 St St,,Not a Collision with Motor Vehicle,1,Rain,Wet,Daylight
2024-01-14T08:00:00.000,I 75,I 75 and 1 St St,,Sideswipe-Same Direction,2,Clear,Dry,Daylight
2024-10-30T13:37:00.000,I 75,I 75 and 1 St St,,Sideswipe-Same Direction,2,Clear,Dry,Daylight
2020-05-06T07:07:00.000,I 75,I 75 and 1 Porsche Dr,,Angle Crash,2,Clear,Dry,Daylight
2023-09-13T07:00:00.000,I 75,I 75 and  Conn,,Rear End,2,Cloudy,Wet,Dawn
2020-06-12T18:38:00.000,I 75,I 75 and  Blvd,,Sideswipe-Same Direction,2,Clear,Dry,Daylight
2022-08-08T17:20:00.000,I 75,I 74 and I 75,,Sideswipe-Same Direction,2,Cloudy,Dry,Daylight
2021-09-04T18:00:00.000,I 285,I 675 and I 285,,Sideswipe-Same Direction,2,Clear,Dry,Daylight
2021-12-22T17:30:00.000,I 285,I 675 and I 285,,Rear End,2,Clear,Dry,Dark-Not Lighted
2021-10-31T02:02:00.000,I 285,I 675 and I 285,,Rear End,2,Clear,Dry,Dark-Not Lighted
2021-04-01T00:00:00.000,I 285,I 675 and I 285,,Not a Collision with Motor Vehicle,1,Clear,Dry,Daylight
2021-05-29T17:10:00.000,I 285,I 675 and I 285,,Rear End,2,Clear,Dry,Daylight
2021-02-26T05:40:00.000,I 285,I 675 and I 285,,Angle Crash,2,Rain,Wet,Dark-Lighted
2021-06-08T02:14:00.000,I 285,I 675 and I 285,,Angle Crash,2,Cloudy,Dry,Dark-Not Lighted
2021-05-22T09:00:00.000,I 285,I 675 and I 285,,Angle Crash,2,Cloudy,Dry,Daylight
2021-09-26T23:17:00.000,I 285,I 675 and I 285,,Rear End,3,Clear,Dry,Dark-Not Lighted
2021-08-19T06:40:00.000,I 285,I 675 and I 285,,Angle Crash,4,Clear,Dry,Daylight
2021-09-10T22:00:00.000,I 285,I 675 and I 285,,Rear End,3,Clear,Dry,Dark-Not Lighted
2021-11-21T13:25:00.000,I 285,I 675 and I 285,,Rear End,2,Cloudy,Dry,Daylight
2021-08-10T00:03:00.000,I 285,I 675 and I 285,,Angle Crash,2,Clear,Dry,Dark-Not Lighted
2021-12-08T19:20:00.000,I 285,I 675 and I 285,,Angle Crash,2,Clear,Dry,Dark-Lighted
2021-06-03T20:20:00.000,I 285,I 675 and I 285,,Rear End,2,Clear,Dry,Dark-Lighted
2021-05-09T03:30:00.000,I 285,I 675 and I 285,,Sideswipe-Same Direction,2,Clear,Dry,Dark-Not Lighted
2021-05-12T07:21:00.000,I 285,I 675 and I 285,,Rear End,2,Rain,Wet,Daylight
2021-01-07T18:30:00.000,I 285,I 675 and I 285,,Angle Crash,3,Rain,Wet,Dark-Not Lighted
2021-04-10T02:35:00.000,I 285,I 675 and I 285,,Sideswipe-Same Direction,2,Clear,Dry,Dark-Not Lighted
2021-12-11T12:20:00.000,I 285,I 675 and I 285,,Sideswipe-Same Direction,2,Cloudy,Dry,Daylight
2021-07-10T17:00:00.000,I 285,I 675 and I 285,,Rear End,2,Rain,Wet,Daylight
2021-07-28T08:26:00.000,I 285,I 675 and I 285,,Sideswipe-Same Direction,3,Cloudy,Dry,Daylight
2021-08-27T23:53:00.000,I 285,I 675 and I 285,,Sideswipe-Same Direction,2,Clear,Dry,Dark-Not Lighted
2021-09-02T09:15:00.000,I 285,I 675 and I 285,,Rear End,2,Clear,Dry,Daylight
2021-11-24T21:25:00.000,I 285,I 675 and I 285,,Sideswipe-Same Direction,2,Clear,Dry,Dark-Not Lighted
2021-05-01T22:30:00.000,I 285,I 675 and I 285,,Sideswipe-Same Direction,2,Clear,Dry,Dark-Not Lighted
2021-03-31T13:10:00.000,I 285,I 675 and I 285,,Sideswipe-Same Direction,2,Cloudy,Wet,Daylight
2020-12-22T06:40:00.000,I 285,I 675 and I 285,,Rear End,2,Clear,Dry,Dark-Not Lighted
2020-02-18T13:20:00.000,I 285,I 675 and I 285,,Not a Collision with Motor Vehicle,1,Cloudy,Wet,Daylight
2020-11-11T09:02:00.000,I 285,I 675 and I 285,,Rear End,2,Cloudy,Wet,Daylight
2023-11-15T20:00:00.000,I 285,I 675 and I 285,,Sideswipe-Opposite Direction,2,Clear,Dry,Daylight
2023-05-13T18:10:00.000,I 285,I 675 and I 285,,Angle Crash,2,Clear,Dry,Daylight
2023-05-04T22:24:00.000,I 285,I 675 and I 285,,Sideswipe-Same Direction,2,Clear,Dry,Dark-Lighted
2023-04-08T22:00:00.000,I 285,I 675 and I 285,,Sideswipe-Same Direction,2,Rain,Wet,Dark-Not Lighted
2023-02-17T16:59:00.000,I 285,I 675 and I 285,,Angle Crash,2,Clear,Dry,Daylight
2023-07-21T15:30:00.000,I 285,I 675 and I 285,,Rear End,2,Rain,Wet,Daylight
2023-01-15T19:04:00.000,I 285,I 675 and I 285,,Angle Crash,2,Clear,Dry,Dark-Not Lighted
2023-07-31T14:15:00.000,I 285,I 675 and I 285,,Sideswipe-Same Direction,2,Clear,Dry,Daylight
2023-04-19T17:15:00.000,I 285,I 675 and I 285,,Rear End,2,Clear,Dry,Daylight
2023-09-24T17:21:00.000,I 285,I 675 and I 285,,Rear End,2,Clear,Dry,Daylight
2023-08-06T22:00:00.000,I 285,I 675 and I 285,,Sideswipe-Same Direction,2,Clear,Dry,Dark-Not Lighted
2023-07-18T15:00:00.000,I 285,I 675 and I 285,,Angle Crash,2,Clear,Dry,Daylight
2023-08-12T18:49:00.000,I 285,I 675 and I 285,,Not a Collision with Motor Vehicle,1,Rain,Wet,Daylight
2023-05-23T22:15:00.000,I 285,I 675 and I 285,,Sideswipe-Same Direction,2,Clear,Dry,Dark-Not Lighted
2023-03-11T13:33:00.000,I 285,I 675 and I 285,,Rear End,2,Clear,Dry,Daylight
2023-03-16T18:10:00.000,I 285,I 675 and I 285,,Sideswipe-Same Direction,2,Clear,Dry,Daylight
2023-02-07T06:00:00.000,I 285,I 675 and I 285,,Sideswipe-Opposite Direction,2,Clear,Dry,Daylight
2023-05-06T12:58:00.000,I 285,I 675 and I 285,,Sideswipe-Same Direction,2,Clear,Dry,Daylight
2023-09-14T18:37:00.000,I 285,I 675 and I 285,,Rear End,2,Clear,Dry,Daylight
2023-05-19T01:54:00.000,I 285,I 675 and I 285,,Sideswipe-Same Direction,2,Clear,Dry,Dark-Not Lighted
2023-11-05T20:10:00.000,I 285,I 675 and I 285,,Rear End,7,Clear,Dry,Dark-Not Lighted
2023-03-07T03:45:00.000,I 285,I 675 and I 285,,Rear End,2,Clear,Dry,Dark-Lighted
2023-04-03T02:30:00.000,I 285,I 675 and I 285,,Angle Crash,2,Clear,Dry,Dark-Not Lighted
2022-10-05T22:18:00.000,I 285,I 675 and I 285,,Angle Crash,2,Clear,Dry,Dark-Not Lighted
2020-08-17T10:59:00.000,I 285,I 675 and I 285,,Sideswipe-Same Direction,2,Cloudy,Wet,Daylight
2020-10-13T08:40:00.000,I 285,I 675 and I 285,,Sideswipe-Same Direction,2,Clear,Dry,Daylight
2020-09-02T17:26:00.000,I 285,I 675 and I 285,,Sideswipe-Same Direction,2,Clear,Dry,Daylight
2020-05-08T14:21:00.000,I 285,I 675 and I 285,,Sideswipe-Same Direction,2,Cloudy,Dry,Daylight
2020-01-11T22:08:00.000,I 285,I 675 and I 285,,Not a Collision with Motor Vehicle,1,Rain,Wet,Dark-Not Lighted
2020-01-12T17:34:00.000,I 285,I 675 and I 285,,Sideswipe-Same Direction,2,Clear,Dry,Dark-Lighted
2020-06-29T22:10:00.000,I 285,I 675 and I 285,,Angle Crash,2,Clear,Dry,Dark-Lighted
2020-12-17T12:55:00.000,I 285,I 675 and I 285,,Angle Crash,3,Clear,Dry,Daylight
2020-02-18T11:35:00.000,I 285,I 675 and I 285,,Not a Collision with Motor Vehicle,1,Rain,Wet,Daylight
2020-10-31T21:30:00.000,I 285,I 675 and I 285,,Rear End,2,Clear,Dry,Dark-Not Lighted
2020-02-25T08:33:00.000,I 285,I 675 and I 285,,Rear End,2,Cloudy,Dry,Daylight
2020-07-27T15:03:00.000,I 285,I 675 and I 285,,Sideswipe-Same Direction,2,Clear,Dry,Daylight
2020-04-28T21:46:00.000,I 285,I 675 and I 285,,Sideswipe-Same Direction,3,Clear,Dry,Dark-Not Lighted
2020-09-26T18:45:00.000,I 285,I 675 and I 285,,Rear End,2,Clear,Dry,Daylight
2020-10-02T12:20:00.000,I 285,I 675 and I 285,,Sideswipe-Same Direction,2,Clear,Dry,Daylight
2020-06-24T14:57:00.000,I 285,I 675 and I 285,,Rear End,3,Cloudy,Wet,Daylight
2020-03-26T14:38:00.000,I 285,I 675 and I 285,,Not a Collision with Motor Vehicle,1,Clear,Dry,Daylight
2020-05-30T05:12:00.000,I 285,I 675 and I 285,,Rear End,2,Clear,Dry,Dark-Lighted
2020-09-17T16:33:00.000,I 285,I 675 and I 285,,Rear End,2,Clear,Wet,Daylight
2020-07-09T17:55:00.000,I 285,I 675 and I 285,,Sideswipe-Same Direction,2,Clear,Dry,Daylight
2020-02-26T16:00:00.000,I 285,I 675 and I 285,,Sideswipe-Same Direction,2,Cloudy,Wet,Daylight
2020-01-28T07:10:00.000,I 285,I 675 and I 285,,Rear End,2,Clear,Dry,Dark-Not Lighted
2020-02-02T16:30:00.000,I 285,I 675 and I 285,,Rear End,2,Clear,Dry,Daylight
2020-01-18T19:35:00.000,I 285,I 675 and I 285,,Not a Collision with Motor Vehicle,1,Rain,Wet,Dark-Lighted
2020-03-30T16:10:00.000,I 285,I 675 and I 285,,Sideswipe-Same Direction,2,Clear,Dry,Daylight
2020-02-14T05:31:00.000,I 285,I 675 and I 285,,Angle Crash,2,Clear,Dry,Dark-Not Lighted
2020-02-28T17:40:00.000,I 285,I 675 and I 285,,Sideswipe-Same Direction,2,Cloudy,Dry,Daylight
2020-04-13T13:00:00.000,I 285,I 675 and I 285,,Sideswipe-Same Direction,2,Clear,Dry,Daylight
2020-12-20T17:46:00.000,I 285,I 675 and I 285,,Not a Collision with Motor Vehicle,1,Clear,Dry,Dark-Lighted
2020-02-25T04:40:00.000,I 285,I 675 and I 285,,Sideswipe-Same Direction,2,Rain,Wet,Dark-Not Lighted
2020-07-19T04:32:00.000,I 285,I 675 and I 285,,Rear End,2,Clear,Dry,Dark-Lighted
2020-08-29T04:10:00.000,I 285,I 675 and I 285,,Sideswipe-Same Direction,2,Clear,Dry,Dark-Not Lighted
2021-05-12T07:20:00.000,I 285,I 675 and I 285,,Not a Collision with Motor Vehicle,1,Rain,Wet,Daylight
2021-04-26T17:50:00.000,I 285,I 675 and I 285,,Rear End,4,Clear,Dry,Daylight
2021-01-03T14:00:00.000,I 285,I 675 and I 285,,Sideswipe-Same Direction,2,Clear,Dry,Daylight
2021-05-08T22:44:00.000,I 285,I 675 and I 285,,Rear End,2,Clear,Dry,Dark-Not Lighted
2021-05-20T16:49:00.000,I 285,I 675 and I 285,,Not a Collision with Motor Vehicle,2,Clear,Dry,Daylight
2021-06-08T00:20:00.000,I 285,I 675 and I 285,,Sideswipe-Same Direction,2,Clear,Dry,Dark-Not Lighted
2021-03-15T19:40:00.000,I 285,I 675 and I 285,,Sideswipe-Same Direction,2,Clear,Dry,Dusk
2021-02-16T09:22:00.000,I 285,I 675 and I 285,,Sideswipe-Same Direction,2,Cloudy,Dry,Daylight
2021-01-15T16:13:00.000,I 285,I 675 and I 285,,Angle Crash,2,Clear,Dry,Daylight