Date and Time,Roadway (From Crash Report),Intersection Name (from Crash Report),KABCO Severity,Manner of Collision (Crash Level) ,# of Vehicles per crash ,Weather Conditions (Crash Level),Surface Condition (Crash Level) ,Light Conditions (Crash Level)
2021-01-30T07:40:00.000,I 285,I 285 and Washington Rd,,Rear End,2,Clear,Dry,Daylight
2021-07-22T13:35:00.000,I 285,I 285 and Washington Rd,,Sideswipe-Same Direction,2,Clear,Dry,Daylight
2021-08-14T19:31:00.000,I 285,I 285 and Washington Rd,,Rear End,2,Clear,Dry,Daylight
2020-03-05T16:51:00.000,I 285,I 285 and Washington Rd,,Sideswipe-Same Direction,2,Rain,Wet,Daylight
2020-07-13T00:43:00.000,I 285,I 285 and Washington Rd,,Not a Collision with Motor Vehicle,1,Clear,Dry,Dark-Lighted
2023-02-28T00:00:00.000,I 285,I 285 and Washington Rd,,Angle Crash,2,Clear,Dry,Daylight
2023-10-16T09:45:00.000,I 285,I 285 and Washington Rd,,Rear End,2,Clear,Dry,Daylight
2023-06-14T14:25:00.000,I 285,I 285 and Washington Rd,,Angle Crash,2,Rain,Wet,Daylight
2023-09-16T00:36:00.000,I 285,I 285 and Washington Rd,,Sideswipe-Same Direction,2,Clear,Dry,Dark-Lighted
2023-12-03T17:24:00.000,I 285,I 285 and Washington Rd,,Sideswipe-Same Direction,2,Clear,Dry,Dark-Lighted
2023-09-08T06:36:00.000,I 285,I 285 and Washington Rd,,Sideswipe-Same Direction,2,Clear,Dry,Daylight
2023-07-20T17:58:00.000,I 285,I 285 and Washington Rd,,Sideswipe-Same Direction,2,Clear,Dry,Daylight
2023-04-27T13:35:00.000,I 285,I 285 and Washington Rd,,Rear End,2,Rain,Wet,Daylight
2023-09-16T07:22:00.000,I 285,I 285 and Washington Rd,,Rear End,2,Clear,Dry,Dark-Lighted
2023-04-06T14:15:00.000,I 285,I 285 and Washington Rd,,Sideswipe-Same Direction,2,Clear,Dry,Daylight
2023-01-26T00:00:00.000,I 285,I 285 and Washington Rd,,Angle Crash,2,Clear,Dry,Daylight
2023-12-16T15:34:00.000,I 285,I 285 and Washington Rd,,Rear End,2,Clear,Dry,Daylight
2023-12-20T04:08:00.000,I 285,I 285 and Washington Rd,,Rear End,2,Clear,Dry,Dark-Not Lighted
2023-10-31T07:39:00.000,I 285,I 285 and Washington Rd,,Sideswipe-Same Direction,2,Clear,Dry,Dark-Lighted
2023-12-27T16:30:00.000,I 285,I 285 and Washington Rd,,Sideswipe-Same Direction,2,Clear,Dry,Daylight
2023-04-06T23:14:00.000,I 285,I 285 and Washington Rd,,Angle Crash,2,Clear,Dry,Dark-Lighted
2023-06-12T08:00:00.000,I 285,I 285 and Washington Rd,,Sideswipe-Same Direction,2,Clear,Dry,Daylight
2023-06-09T20:03:00.000,I 285,I 285 and Washington Rd,,Not a Collision with Motor Vehicle,1,Clear,Dry,Daylight
2023-01-06T04:55:00.000,I 285,I 285 and Washington Rd,,Not a Collision with Motor Vehicle,1,Severe Thunderstorm or Tornadic,Water (standing or moving),Dark-Not Lighted
2023-05-06T15:00:00.000,I 285,I 285 and Washington Rd,,Rear End,3,Cloudy,Dry,Daylight
2023-08-22T11:39:00.000,I 285,I 285 and Washington Rd,,Sideswipe-Opposite Direction,2,Clear,Dry,Daylight
2023-06-13T09:15:00.000,I 285,I 285 and Washington Rd,,Not a Collision with Motor Vehicle,2,Clear,Dry,Daylight
2023-11-12T03:57:00.000,I 285,I 285 and Washington Rd,,Not a Collision with Motor Vehicle,1,Clear,Wet,Dark-Lighted
2023-09-23T05:30:00.000,I 285,I 285 and Washington Rd,,Rear End,2,Clear,Dry,Dark-Lighted
2023-09-15T00:41:00.000,I 285,I 285 and Washington Rd,,Rear End,2,Clear,Dry,Dark-Lighted
2023-08-17T11:51:00.000,I 285,I 285 and Washington Rd,,Rear End,2,Clear,Dry,Daylight
2022-10-10T16:44:00.000,I 285,I 285 and Washington Rd,,Not a Collision with Motor Vehicle,2,Clear,Dry,Daylight
2020-05-10T02:08:00.000,I 285,I 285 and Washington Rd,,Not a Collision with Motor Vehicle,1,Clear,Dry,Dark-Not Lighted
2020-07-22T13:52:00.000,I 285,I 285 and Washington Rd,,Angle Crash,2,Clear,Dry,Daylight
2020-11-07T17:00:00.000,I 285,I 285 and Washington Rd,,Sideswipe-Same Direction,2,Clear,Dry,Daylight
2020-12-08T13:11:00.000,I 285,I 285 and Washington Rd,,Rear End,2,Clear,Dry,Daylight
2020-05-11T12:40:00.000,I 285,I 285 and Washington Rd,,Rear End,2,Clear,Dry,Daylight
2020-04-04T23:45:00.000,I 285,I 285 and Washington Rd,,Rear End,2,Clear,Dry,Dark-Not Lighted
2020-01-11T19:15:00.000,I 285,I 285 and Washington Rd,,Not a Collision with Motor Vehicle,2,Rain,Wet,Dark-Lighted
2020-12-08T13:05:00.000,I 285,I 285 and Washington Rd,,Rear End,2,Clear,Dry,Daylight
2020-10-24T10:15:00.000,I 285,I 285 and Washington Rd,,Rear End,2,Clear,Dry,Daylight
2020-12-09T21:00:00.000,I 285,I 285 and Washington Rd,,Not a Collision with Motor Vehicle,1,Clear,Dry,Dark-Lighted
2020-12-01T15:35:00.000,I 285,I 285 and Washington Rd,,Sideswipe-Same Direction,2,Clear,Dry,Daylight
2020-03-13T14:15:00.000,I 285,I 285 and Washington Rd,,Sideswipe-Same Direction,2,Cloudy,Dry,Daylight
2020-06-17T17:00:00.000,I 285,I 285 and Washington Rd,,Sideswipe-Same Direction,2,Clear,Dry,Daylight
2020-07-09T09:08:00.000,I 285,I 285 and Washington Rd,,Sideswipe-Same Direction,2,Clear,Dry,Daylight
2020-03-13T23:45:00.000,I 285,I 285 and Washington Rd,,Sideswipe-Same Direction,2,Clear,Dry,Dark-Not Lighted
2020-11-30T10:11:00.000,I 285,I 285 and Washington Rd,,Rear End,2,Clear,Dry,Daylight
2020-10-31T12:47:00.000,I 285,I 285 and Washington Rd,,Sideswipe-Same Direction,2,Clear,Dry,Daylight
2020-08-30T00:40:00.000,I 285,I 285 and Washington Rd,,Not a Collision with Motor Vehicle,1,Clear,Dry,Dark-Not Lighted
2020-02-12T13:06:00.000,I 285,I 285 and Washington Rd,,Sideswipe-Same Direction,2,Cloudy,Dry,Daylight
2020-08-03T17:09:00.000,I 285,I 285 and Washington Rd,,Rear End,2,Clear,Dry,Daylight
2020-01-03T00:00:00.000,I 285,I 285 and Washington Rd,,Sideswipe-Same Direction,2,Rain,Wet,Dark-Lighted
2020-03-24T05:27:00.000,I 285,I 285 and Washington Rd,,Rear End,2,Clear,Dry,Dark-Lighted
2020-07-10T19:48:00.000,I 285,I 285 and Washington Rd,,Rear End,2,Clear,Dry,Daylight
2020-05-01T22:50:00.000,I 285,I 285 and Washington Rd,,Sideswipe-Same Direction,2,Clear,Dry,Dark-Lighted
2020-12-08T14:17:00.000,I 285,I 285 and Washington Rd,,Rear End,2,Clear,Dry,Daylight
2020-04-19T09:04:00.000,I 285,I 285 and Washington Rd,,Angle Crash,2,Rain,Wet,Daylight
2020-04-07T00:00:00.000,I 285,I 285 and Washington Rd,,Sideswipe-Same Direction,2,Clear,Dry,Daylight
2020-10-05T12:09:00.000,I 285,I 285 and Washington Rd,,Not a Collision with Motor Vehicle,1,Clear,Dry,Daylight
2020-07-01T16:38:00.000,I 285,I 285 and Washington Rd,,Rear End,2,Clear,Dry,Daylight
2020-11-17T15:00:00.000,I 285,I 285 and Washington Rd,,Sideswipe-Same Direction,2,Clear,Dry,Daylight
2020-09-24T14:28:00.000,I 285,I 285 and Washington Rd,,Sideswipe-Same Direction,1,Cloudy,Wet,Daylight
2020-07-23T08:07:00.000,I 285,I 285 and Washington Rd,,Rear End,3,Clear,Dry,Daylight
2020-06-16T01:36:00.000,I 285,I 285 and Washington Rd,,Not a Collision with Motor Vehicle,1,Clear,Dry,Dark-Lighted
2020-03-24T23:18:00.000,I 285,I 285 and Washington Rd,,Rear End,2,Clear,Dry,Dark-Lighted
2020-01-18T18:04:00.000,I 285,I 285 and Washington Rd,,Sideswipe-Same Direction,2,Rain,Wet,Dark-Lighted
2020-02-14T00:12:00.000,I 285,I 285 and Washington Rd,,Sideswipe-Same Direction,2,Clear,Dry,Dark-Lighted
2020-07-02T19:39:00.000,I 285,I 285 and Washington Rd,,Sideswipe-Same Direction,2,Clear,Dry,Daylight
2020-03-19T17:13:00.000,I 285,I 285 and Washington Rd,,Sideswipe-Same Direction,2,Clear,Dry,Daylight
2020-02-22T22:26:00.000,I 285,I 285 and Washington Rd,,Rear End,2,Clear,Dry,Dark-Lighted
2020-11-15T23:00:00.000,I 285,I 285 and Washington Rd,,Sideswipe-Same Direction,2,Clear,Dry,Dark-Lighted
2020-06-07T07:42:00.000,I 285,I 285 and Washington Rd,,Sideswipe-Same Direction,2,Clear,Dry,Daylight
2020-05-31T16:35:00.000,I 285,I 285 and Washington Rd,,Not a Collision with Motor Vehicle,1,Clear,Dry,Daylight
2020-09-17T04:58:00.000,I 285,I 285 and Washington Rd,,Not a Collision with Motor Vehicle,1,Rain,Wet,Dark-Lighted
2020-08-05T17:17:00.000,I 285,I 285 and Washington Rd,,Rear End,2,Clear,Dry,Daylight
2020-06-15T08:06:00.000,I 285,I 285 and Washington Rd,,Head On,2,Clear,Dry,Daylight
2020-02-05T12:07:00.000,I 285,I 285 and Washington Rd,,Sideswipe-Same Direction,2,Cloudy,Dry,Daylight
2020-09-19T12:00:00.000,I 285,I 285 and Washington Rd,,Sideswipe-Same Direction,2,Clear,Dry,Daylight
2020-12-24T07:51:00.000,I 285,I 285 and Washington Rd,,Not a Collision with Motor Vehicle,1,Rain,Water (standing or moving),Daylight
2020-01-27T08:30:00.000,I 285,I 285 and Washington Rd,,Rear End,2,Cloudy,Dry,Daylight
2020-12-05T17:53:00.000,I 285,I 285 and Washington Rd,,Angle Crash,2,Clear,Dry,Daylight
2020-09-02T12:35:00.000,I 285,I 285 and Washington Rd,,Angle Crash,2,Clear,Dry,Daylight
2020-05-01T22:20:00.000,I 285,I 285 and Washington Rd,,Rear End,2,Clear,Dry,Dark-Lighted
2020-04-15T15:44:00.000,I 285,I 285 and Washington Rd,,Rear End,2,Clear,Dry,Daylight
2021-03-03T15:09:00.000,I 285,I 285 and Washington Rd,,Sideswipe-Same Direction,2,Clear,Dry,Daylight
2021-03-11T23:22:00.000,I 285,I 285 and Washington Rd,,Sideswipe-Same Direction,2,Clear,Dry,Dark-Not Lighted
2021-03-26T16:46:00.000,I 285,I 285 and Washington Rd,,Sideswipe-Same Direction,2,Clear,Dry,Daylight
2021-04-15T01:15:00.000,I 285,I 285 and Washington Rd,,Sideswipe-Same Direction,2,Clear,Dry,Dark-Lighted
2021-01-26T05:12:00.000,I 285,I 285 and Washington Rd,,Not a Collision with Motor Vehicle,1,Rain,Wet,Dark-Not Lighted
2021-01-24T20:31:00.000,I 285,I 285 and Washington Rd,,Rear End,2,Clear,Dry,Dark-Lighted
2021-04-12T21:36:00.000,I 285,I 285 and Washington Rd,,Sideswipe-Same Direction,2,Clear,Dry,Dark-Not Lighted
2021-03-29T07:25:00.000,I 285,I 285 and Washington Rd,,Sideswipe-Opposite Direction,2,Clear,Dry,Daylight
2021-02-18T07:30:00.000,I 285,I 285 and Washington Rd,,Not a Collision with Motor Vehicle,1,Rain,Wet,Dark-Lighted
2021-01-01T11:48:00.000,I 285,I 285 and Washington Rd,,Rear End,2,Rain,Wet,Daylight
2021-01-22T17:30:00.000,I 285,I 285 and Washington Rd,,Angle Crash,2,Clear,Dry,Daylight
2021-11-15T10:31:00.000,I 285,I 285 and Washington Rd,,Rear End,3,Clear,Dry,Daylight
2021-12-10T11:54:00.000,I 285,I 285 and Washington Rd,,Angle Crash,3,Cloudy,Dry,Daylight
2021-08-13T08:12:00.000,I 285,I 285 and Washington Rd,,Rear End,2,Clear,Dry,Daylight
2021-10-26T07:44:00.000,I 285,I 285 and Washington Rd,,Angle Crash,2,Clear,Dry,Daylight
2021-10-09T15:29:00.000,I 285,I 285 and Washington Rd,,Rear End,3,Clear,Dry,Daylight
2022-11-14T17:35:00.000,I 285,I 285 and Washington Rd,,Rear End,2,Cloudy,Dry,Dusk
2022-04-12T12:14:00.000,I 285,I 285 and Washington Rd,,Sideswipe-Same Direction,2,Clear,Dry,Daylight
2021-12-04T23:19:00.000,I 285,I 285 and Washington Rd,,Rear End,2,Clear,Dry,Dark-Not Lighted
2021-12-03T21:05:00.000,I 285,I 285 and Washington Rd,,Sideswipe-Same Direction,2,Clear,Dry,Dark-Lighted
2021-12-17T22:10:00.000,I 285,I 285 and Washington Rd,,Rear End,3,Clear,Dry,Dark-Lighted
2021-08-10T07:37:00.000,I 285,I 285 and Washington Rd,,Sideswipe-Same Direction,2,Clear,Dry,Daylight
2021-12-03T21:05:00.000,I 285,I 285 and Washington Rd,,Rear End,2,Clear,Dry,Dark-Not Lighted
2022-03-31T07:47:00.000,I 285,I 285 and Washington Rd,,Sideswipe-Same Direction,2,Clear,Dry,Daylight
2022-10-17T16:14:00.000,I 285,I 285 and Washington Rd,,Sideswipe-Same Direction,2,Clear,Dry,Daylight
2022-09-01T22:15:00.000,I 285,I 285 and Washington Rd,,Sideswipe-Same Direction,2,Clear,Dry,Dark-Not Lighted
2022-07-18T13:08:00.000,I 285,I 285 and Washington Rd,,Angle Crash,2,Clear,Wet,Daylight
2022-02-14T15:30:00.000,I 285,I 285 and Washington Rd,,Angle Crash,2,Clear,Dry,Daylight
2022-06-30T14:24:00.000,I 285,I 285 and Washington Rd,,Rear End,2,Clear,Dry,Daylight
2022-04-19T16:46:00.000,I 285,I 285 and Washington Rd,,Rear End,2,Clear,Dry,Daylight
2022-03-18T23:29:00.000,I 285,I 285 and Washington Rd,,Angle Crash,2,Clear,Dry,Dark-Not Lighted
2022-05-24T20:16:00.000,I 285,I 285 and Washington Rd,,Sideswipe-Same Direction,2,Clear,Dry,Daylight
2022-03-19T20:57:00.000,I 285,I 285 and Washington Rd,,Rear End,2,Clear,Dry,Dark-Lighted
2022-10-12T02:20:00.000,I 285,I 285 and Washington Rd,,Not a Collision with Motor Vehicle,1,Clear,Dry,Dark-Not Lighted
2022-02-27T05:10:00.000,I 285,I 285 and Washington Rd,,Rear End,3,Clear,Dry,Dark-Lighted
2022-02-04T19:10:00.000,I 285,I 285 and Washington Rd,,Rear End,3,Clear,Dry,Dark-Lighted
2022-01-16T20:45:00.000,I 285,I 285 and Washington Rd,,Sideswipe-Same Direction,2,Rain,Wet,Dark-Lighted
2022-07-22T05:20:00.000,I 285,I 285 and Washington Rd,,Rear End,4,Clear,Dry,Dark-Not Lighted
2022-01-12T18:26:00.000,I 285,I 285 and Washington Rd,,Angle Crash,3,Clear,Dry,Daylight
2022-09-19T11:40:00.000,I 285,I 285 and Washington Rd,,Angle Crash,2,Clear,Dry,Daylight
2022-11-11T18:21:00.000,I 285,I 285 and Washington Rd,,Sideswipe-Same Direction,2,Clear,Dry,Dark-Lighted
2022-07-02T11:00:00.000,I 285,I 285 and Washington Rd,,Sideswipe-Opposite Direction,2,Cloudy,Dry,Daylight
2022-02-28T23:05:00.000,I 285,I 285 and Washington Rd,,Sideswipe-Same Direction,3,Clear,Dry,Dark-Lighted
2022-05-17T20:20:00.000,I 285,I 285 and Washington Rd,,Rear End,4,Clear,Dry,Daylight
2022-04-04T15:00:00.000,I 285,I 285 and Washington Rd,,Sideswipe-Same Direction,2,Cloudy,Dry,Daylight
2022-10-13T06:08:00.000,I 285,I 285 and Washington Rd,,Not a Collision with Motor Vehicle,1,Rain,Wet,Dark-Not Lighted
2022-03-16T10:35:00.000,I 285,I 285 and Washington Rd,,Sideswipe-Same Direction,2,Clear,Dry,Daylight
2022-04-21T02:30:00.000,I 285,I 285 and Washington Rd,,Angle Crash,2,Clear,Dry,Dark-Lighted
2022-03-26T23:05:00.000,I 285,I 285 and Washington Rd,,Sideswipe-Same Direction,2,Clear,Dry,Dark-Not Lighted
2022-05-03T12:46:00.000,I 285,I 285 and Washington Rd,,Angle Crash,2,Clear,Dry,Daylight
2022-02-27T02:18:00.000,I 285,I 285 and Washington Rd,,Not a Collision with Motor Vehicle,1,Cloudy,Wet,Dark-Not Lighted
2022-04-10T13:50:00.000,I 285,I 285 and Washington Rd,,Sideswipe-Same Direction,2,Clear,Dry,Daylight
2022-02-15T17:00:00.000,I 285,I 285 and Washington Rd,,Sideswipe-Same Direction,2,Clear,Dry,Dawn
2022-04-22T14:00:00.000,I 285,I 285 and Washington Rd,,Sideswipe-Same Direction,2,Clear,Dry,Daylight
2022-01-07T20:18:00.000,I 285,I 285 and Washington Rd,,Sideswipe-Same Direction,2,Clear,Dry,Dark-Not Lighted
2022-01-15T15:30:00.000,I 285,I 285 and Washington Rd,,Rear End,2,Clear,Dry,Daylight
2022-04-16T00:00:00.000,I 285,I 285 and Washington Rd,,Sideswipe-Same Direction,2,Clear,Dry,Dark-Not Lighted
2022-06-10T17:55:00.000,I 285,I 285 and Washington Rd,,Sideswipe-Same Direction,2,Clear,Dry,Daylight
2022-05-18T19:45:00.000,I 285,I 285 and Washington Rd,,Not a Collision with Motor Vehicle,1,Clear,Dry,Dawn
2022-05-12T14:43:00.000,I 285,I 285 and Washington Rd,,Sideswipe-Same Direction,2,Clear,Dry,Daylight
2022-02-04T18:38:00.000,I 285,I 285 and Washington Rd,,Sideswipe-Same Direction,2,Clear,Dry,Daylight
2022-05-17T18:00:00.000,I 285,I 285 and Washington Rd,,Rear End,2,Clear,Dry,Dusk
2022-10-25T11:32:00.000,I 285,I 285 and Washington Rd,,Rear End,2,Clear,Dry,Daylight
2022-02-09T17:44:00.000,I 285,I 285 and Washington Rd,,Rear End,2,Clear,Dry,Dark-Lighted
2022-08-30T13:45:00.000,I 285,I 285 and Washington Rd,,Sideswipe-Same Direction,2,Clear,Dry,Daylight
2022-01-31T16:00:00.000,I 285,I 285 and Washington Rd,,Sideswipe-Opposite Direction,2,Clear,Dry,Daylight
2022-07-25T05:15:00.000,I 285,I 285 and Washington Rd,,Angle Crash,3,Clear,Dry,Dark-Lighted
2024-11-16T13:11:00.000,I 285,I 285 and Washington Rd,,Rear End,4,Clear,Dry,Daylight
2024-06-26T18:32:00.000,I 285,I 285 and Washington Rd,,Rear End,2,Clear,Dry,Daylight
2024-10-16T07:17:00.000,I 285,I 285 and Washington Rd,,Sideswipe-Same Direction,2,Clear,Dry,Daylight
2024-07-29T23:06:00.000,I 285,I 285 and Washington Rd,,Sideswipe-Same Direction,2,Clear,Wet,Dark-Lighted
2024-06-09T03:38:00.000,I 285,I 285 and Washington Rd,,Rear End,4,Clear,Dry,Dark-Lighted
2024-02-03T15:38:00.000,I 285,I 285 and Washington Rd,,Angle Crash,2,Clear,Dry,Daylight
2024-03-27T19:55:00.000,I 285,I 285 and Washington Rd,,Rear End,2,Clear,Dry,Dark-Lighted
2024-04-18T10:00:00.000,I 285,I 285 and Washington Rd,,Not a Collision with Motor Vehicle,2,Clear,Dry,Daylight
2024-12-07T14:46:00.000,I 285,I 285 and Washington Rd,,Sideswipe-Same Direction,2,Clear,Dry,Daylight
2024-07-22T17:40:00.000,I 285,I 285 and Washington Rd,,Sideswipe-Same Direction,2,Clear,Dry,Daylight
2024-12-14T23:41:00.000,I 285,I 285 and Washington Rd,,Not a Collision with Motor Vehicle,1,Clear,Dry,Dark-Not Lighted
2024-04-19T15:55:00.000,I 285,I 285 and Washington Rd,,Rear End,2,Clear,Dry,Daylight
2024-09-23T22:00:00.000,I 285,I 285 and Washington Rd,,Not a Collision with Motor Vehicle,1,Clear,Dry,Dark-Not Lighted
2024-07-25T15:42:00.000,I 285,I 285 and Washington Rd,,Sideswipe-Opposite Direction,2,Cloudy,Dry,Daylight
2023-01-03T19:05:00.000,I 285,I 285 and Washington Rd,,Sideswipe-Same Direction,2,Rain,Wet,Dark-Not Lighted
2023-12-07T20:29:00.000,I 285,I 285 and Washington Rd,,Angle Crash,2,Clear,Dry,Dark-Lighted
2024-05-17T14:21:00.000,I 285,I 285 and Washington Rd,,Rear End,2,Cloudy,Dry,Daylight
2024-12-07T21:00:00.000,I 285,I 285 and Washington Rd,,Rear End,2,Clear,Dry,Dark-Lighted
2024-05-24T11:00:00.000,I 285,I 285 and Washington Rd,,Sideswipe-Same Direction,3,Clear,Dry,Daylight
2023-03-05T18:44:00.000,I 285,I 285 and Washington Rd,,Rear End,2,Clear,Dry,Dark-Lighted
2023-10-24T07:45:00.000,I 285,I 285 and Washington Rd,,Sideswipe-Same Direction,2,Clear,Dry,Daylight
2023-06-11T10:30:00.000,I 285,I 285 and Washington Rd,,Angle Crash,2,Rain,Wet,Daylight
2023-11-22T13:49:00.000,I 285,I 285 and Washington Rd,,Sideswipe-Same Direction,2,Clear,Dry,Daylight
2023-06-13T11:27:00.000,I 285,I 285 and Washington Rd,,Rear End,2,Clear,Dry,Daylight
2023-08-27T03:46:00.000,I 285,I 285 and Washington Rd,,Rear End,2,Clear,Dry,Dark-Lighted
2023-09-01T09:30:00.000,I 285,I 285 and Washington Rd,,Rear End,2,Clear,Dry,Daylight
2023-03-30T16:21:00.000,I 285,I 285 and Washington Rd,,Rear End,2,Clear,Dry,Daylight
2023-05-31T11:00:00.000,I 285,I 285 and Washington Rd,,Sideswipe-Same Direction,2,Cloudy,Dry,Daylight
2023-09-02T17:15:00.000,I 285,I 285 and Washington Rd,,Sideswipe-Same Direction,2,Clear,Dry,Daylight
2023-09-29T17:17:00.000,I 285,I 285 and Washington Rd,,Rear End,2,Clear,Dry,Daylight
2023-11-17T15:25:00.000,I 285,I 285 and Washington Rd,,Rear End,3,Rain,Wet,Daylight
2023-12-16T12:00:00.000,I 285,I 285 and Washington Rd,,Rear End,2,Clear,Dry,Daylight
2023-03-28T15:17:00.000,I 285,I 285 and Washington Rd,,Sideswipe-Same Direction,2,Clear,Dry,Daylight
2023-12-10T19:40:00.000,I 285,I 285 and Washington Rd,,Sideswipe-Same Direction,3,Rain,Wet,Dark-Not Lighted
2023-09-18T18:30:00.000,I 285,I 285 and Washington Rd,,Sideswipe-Same Direction,2,Clear,Dry,Daylight
2023-08-27T00:20:00.000,I 285,I 285 and Washington Rd,,Rear End,2,Clear,Dry,Dark-Not Lighted
2023-06-10T21:29:00.000,I 285,I 285 and Washington Rd,,Sideswipe-Same Direction,2,Clear,Dry,Dark-Not Lighted
2023-02-11T02:28:00.000,I 285,I 285 and Washington Rd,,Not a Collision with Motor Vehicle,1,Cloudy,Dry,Dark-Lighted
2023-08-24T09:00:00.000,I 285,I 285 and Washington Rd,,Sideswipe-Same Direction,2,Clear,Dry,Daylight
2023-11-18T14:15:00.000,I 285,I 285 and Washington Rd,,Not a Collision with Motor Vehicle,1,Clear,Dry,Daylight
2023-02-27T08:40:00.000,I 285,I 285 and Washington Rd,,Angle Crash,2,Clear,Dry,Daylight
2024-09-24T12:40:00.000,I 285,I 285 and Washington Rd,,Sideswipe-Same Direction,2,Clear,Dry,Daylight
2024-07-05T14:55:00.000,I 285,I 285 and Washington Rd,,Sideswipe-Same Direction,2,Clear,Dry,Daylight
2024-05-20T18:00:00.000,I 285,I 285 and Washington Rd,,Sideswipe-Same Direction,2,Clear,Dry,Daylight
2024-01-19T23:40:00.000,I 285,I 285 and Washington Rd,,Angle Crash,2,Clear,Dry,Dark-Lighted
2024-01-09T14:48:00.000,I 285,I 285 and Washington Rd,,Angle Crash,2,Cloudy,Wet,Daylight
2024-11-22T20:00:00.000,I 285,I 285 and Washington Rd,,Rear End,2,Clear,Dry,Dark-Lighted
2024-05-31T12:57:00.000,I 285,I 285 and Washington Rd,,Sideswipe-Same Direction,2,Clear,Dry,Daylight
2024-08-13T21:47:00.000,I 285,I 285 and Washington Rd,,Sideswipe-Same Direction,2,Clear,Dry,Daylight
2024-06-27T15:57:00.000,I 285,I 285 and Washington Rd,,Sideswipe-Same Direction,2,Clear,Dry,Daylight
2024-11-12T15:09:00.000,I 285,I 285 and Washington Rd,,Sideswipe-Same Direction,2,Clear,Dry,Daylight
2024-07-04T01:47:00.000,I 285,I 285 and Washington Rd,,Rear End,2,Clear,Dry,Dark-Lighted
2024-05-08T13:15:00.000,I 285,I 285 and Washington Rd,,Sideswipe-Same Direction,2,Clear,Dry,Daylight
2024-12-06T23:10:00.000,I 285,I 285 and Washington Rd,,Not a Collision with Motor Vehicle,1,Clear,Dry,Dark-Lighted
2024-09-05T09:59:00.000,I 285,I 285 and Washington Rd,,Sideswipe-Same Direction,2,Clear,Dry,Daylight
2024-08-23T14:35:00.000,I 285,I 285 and Washington Rd,,Sideswipe-Same Direction,2,Clear,Dry,Daylight
2024-05-15T13:58:00.000,I 285,I 285 and Washington Rd,,Not a Collision with Motor Vehicle,2,Clear,Dry,Daylight
2024-11-15T20:27:00.000,I 285,I 285 and Washington Rd,,Angle Crash,2,Clear,Dry,Dark-Not Lighted
2024-07-20T03:19:00.000,I 285,I 285 and Washington Rd,,Sideswipe-Same Direction,3,Rain,Wet,Dark-Lighted
2024-05-06T18:00:00.000,I 285,I 285 and Washington Rd,,Sideswipe-Same Direction,3,Clear,Dry,Daylight
2024-06-15T00:46:00.000,I 285,I 285 and Washington Rd,,Sideswipe-Same Direction,2,Clear,Dry,Dark-Not Lighted
2024-09-22T20:32:00.000,I 285,I 285 and Washington Rd,,Angle Crash,3,Clear,Dry,Dawn
2024-12-27T21:35:00.000,I 285,I 285 and Washington Rd,,Sideswipe-Same Direction,2,Rain,Wet,Dark-Lighted
2024-03-26T08:48:00.000,I 285,I 285 and Washington Rd,,Sideswipe-Same Direction,2,Clear,Wet,Daylight
2024-07-30T23:00:00.000,I 285,I 285 and Washington Rd,,Rear End,2,Clear,Dry,Dark-Lighted
2024-01-24T10:31:00.000,I 285,I 285 and Washington Rd,,Rear End,2,Rain,Wet,Daylight
2024-09-22T18:55:00.000,I 285,I 285 and Washington Rd,,Not a Collision with Motor Vehicle,1,Clear,Dry,Daylight
2024-02-17T05:00:00.000,I 285,I 285 and Washington Rd,,Sideswipe-Same Direction,2,Rain,Wet,Dark-Lighted