Date and Time,Roadway (From Crash Report),Intersection Name (from Crash Report),KABCO Severity,Manner of Collision (Crash Level) ,# of Vehicles per crash ,Weather Conditions (Crash Level),Surface Condition (Crash Level) ,Light Conditions (Crash Level)
2024-05-21T02:43:00.000,I 285,I 285 and Washington Rd,,Sideswipe-Same Direction,2,Clear,Dry,Dark-Lighted
2024-09-25T06:30:00.000,I 285,I 285 and Washington Rd,,Sideswipe-Same Direction,2,Cloudy,Dry,Dark-Not Lighted
2024-08-26T14:32:00.000,I 285,I 285 and Washington Rd,,Rear End,2,Clear,Dry,Daylight
2024-01-15T19:55:00.000,I 285,I 285 and Washington Rd,,Rear End,2,Clear,Dry,Dark-Lighted
2024-08-06T16:42:00.000,I 285,I 285 and Washington Rd,,Angle Crash,2,Clear,Dry,Daylight
2024-03-20T04:01:00.000,I 285,I 285 and Washington Rd,,Not a Collision with Motor Vehicle,1,Clear,Dry,Dark-Lighted
2024-07-03T16:11:00.000,I 285,I 285 and Washington Rd,,Rear End,2,Clear,Dry,Daylight
2024-08-06T18:16:00.000,I 285,I 285 and Washington Rd,,Rear End,2,Clear,Dry,Daylight
2024-12-14T14:28:00.000,I 285,I 285 and Washington Rd,,Sideswipe-Same Direction,2,Clear,Dry,Daylight
2024-05-12T14:36:00.000,I 285,I 285 and Washington Rd,,Sideswipe-Same Direction,2,Clear,Dry,Daylight
2024-12-04T17:00:00.000,I 285,I 285 and Washington Rd,,Rear End,3,Clear,Dry,Dusk
2024-10-14T06:12:00.000,I 285,I 285 and Washington Rd,,Angle Crash,2,Clear,Dry,Dark-Not Lighted
2024-11-26T16:48:00.000,I 285,I 285 and Washington Rd,,Sideswipe-Same Direction,2,Clear,Dry,Daylight
2024-11-01T16:30:00.000,I 285,I 285 and Washington Rd,,Rear End,2,Cloudy,Dry,Daylight
2024-04-28T14:24:00.000,I 285,I 285 and Washington Rd,,Sideswipe-Same Direction,2,Clear,Dry,Daylight
2024-04-06T08:27:00.000,I 285,I 285 and Washington Rd,,Not a Collision with Motor Vehicle,1,Rain,Water (standing or moving),Daylight
2024-07-17T16:21:00.000,I 285,I 285 and Washington Rd,,Sideswipe-Same Direction,2,Clear,Dry,Daylight
2024-12-05T21:25:00.000,I 285,I 285 and Washington Rd,,Head On,2,Clear,Dry,Dark-Lighted
2023-09-20T05:21:00.000,I 285,I 285 and Washington,,Sideswipe-Same Direction,3,Clear,Dry,Dark-Lighted
2023-07-23T17:36:00.000,I 285,I 285 and Washington,,Angle Crash,2,Clear,Dry,Daylight
2023-06-19T15:51:00.000,I 285,I 285 and Washingting Rd,,Rear End,2,Rain,Dry,Dawn
2024-07-27T16:42:00.000,I 285,I 285 and Washginton Rd,,Sideswipe-Opposite Direction,2,Clear,Dry,Daylight
2020-02-14T15:15:00.000,I 285,I 285 and Warren Rd,,Rear End,2,Clear,Dry,Daylight
2021-12-01T19:00:00.000,I 285,I 285 and W Regency Dr,,Angle Crash,4,Clear,Dry,Dark-Not Lighted
2023-06-20T17:46:00.000,I 285,I 285 and W Paces Ferry Rd.,,Rear End,2,Cloudy,Wet,Daylight
2023-01-30T08:17:00.000,I 285,I 285 and W Paces Ferry Rd,,Rear End,3,Rain,Wet,Daylight
2020-11-17T18:00:00.000,I 285,I 285 and W Of Spaghetti Jct,,Rear End,4,Clear,Dry,Daylight
2022-11-07T08:28:00.000,I 285,I 285 and W Of Riv,,Rear End,2,Cloudy,Dry,Daylight
2020-01-07T07:44:00.000,I 285,I 285 and W Of Powers Ferry Rd Underp,,Sideswipe-Same Direction,2,Cloudy,Wet,Daylight
2023-04-12T08:48:00.000,I 285,I 285 and W Of Northlake Pkwy,,Rear End,2,Clear,Dry,Daylight
2020-01-24T12:13:00.000,I 285,I 285 and W Of Cobb Pkwy,,Sideswipe-Same Direction,2,Rain,Wet,Daylight
2021-01-18T00:43:00.000,I 285,I 285 and W Of Ashford Dunwoody Rd,,Angle Crash,2,Clear,Dry,Dark-Not Lighted
2021-05-06T14:09:00.000,I 285,I 285 and W Fayetteville Rd Brg,,Sideswipe-Same Direction,2,Clear,Dry,Daylight
2021-03-25T22:48:00.000,I 285,I 285 and W Fayetteville Rd,,Sideswipe-Same Direction,2,Cloudy,Dry,Dark-Lighted
2023-05-05T05:23:00.000,I 285,I 285 and W Fayetteville Rd,,Rear End,5,Clear,Dry,Dark-Not Lighted
2023-05-05T06:31:00.000,I 285,I 285 and W Fayetteville Rd,,Rear End,2,Clear,Dry,Dark-Not Lighted
2023-05-05T05:23:00.000,I 285,I 285 and W Fayetteville Rd,,Rear End,5,Clear,Dry,Dark-Not Lighted
2020-06-18T12:30:00.000,I 285,I 285 and W Fayetteville Rd,,Rear End,2,Clear,Dry,Daylight
2020-08-12T07:50:00.000,I 285,I 285 and W Fayetteville Rd,,Rear End,2,Clear,Dry,Daylight
2021-09-17T06:42:00.000,I 285,I 285 and W Fayetteville Rd,,Rear End,2,Rain,Wet,Dark-Lighted
2021-08-11T06:42:00.000,I 285,I 285 and W Fayetteville Rd,,Rear End,2,Cloudy,Dry,Daylight
2023-05-05T05:23:00.000,I 285,I 285 and W Fayetteville Rd,,Rear End,4,Clear,Dry,Dark-Not Lighted
2023-05-05T05:23:00.000,I 285,I 285 and W Fayetteville Rd,,Not a Collision with Motor Vehicle,4,Clear,Dry,Dark-Not Lighted
2024-12-23T16:00:00.000,I 285,I 285 and W Fayetteville Rd,,Angle Crash,2,Clear,Dry,Daylight
2023-05-05T05:23:00.000,I 285,I 285 and W Fayetteville,,Rear End,5,Clear,Dry,Dark-Not Lighted
2024-05-28T10:56:00.000,I 285,I 285 and Veterans Memorial,,Sideswipe-Same Direction,2,Clear,Dry,Daylight
2021-11-17T13:36:00.000,I 285,I 285 and Us 278,,Rear End,2,Clear,Dry,Daylight
2022-06-15T08:18:00.000,I 285,I 285 and Trent Ct,,Rear End,2,Clear,Dry,Daylight
2022-04-19T18:00:00.000,I 285,I 285 and To I85 Entry,,Rear End,2,Clear,Dry,Daylight
2024-04-25T10:56:00.000,I 285,I 285 and To I85 Entry,,Rear End,2,Cloudy,Dry,Daylight
2021-04-03T21:59:00.000,I 285,I 285 and To I85,,Rear End,2,Clear,Dry,Dark-Not Lighted
2021-01-07T21:55:00.000,I 285,I 285 and To I85,,Not a Collision with Motor Vehicle,1,Cloudy,Wet,Dark-Not Lighted
2021-04-03T21:57:00.000,I 285,I 285 and To I85,,Rear End,2,Clear,Dry,Dark-Lighted
2021-07-24T22:50:00.000,I 285,I 285 and To I85,,Rear End,2,Clear,Dry,Dark-Lighted
2021-09-01T15:34:00.000,I 285,I 285 and To I85,,Rear End,2,Clear,Dry,Daylight
2021-02-17T15:35:00.000,I 285,I 285 and To I85,,Rear End,2,Clear,Dry,Daylight
2021-02-12T12:53:00.000,I 285,I 285 and To I85,,Angle Crash,2,Cloudy,Dry,Daylight
2021-02-09T10:30:00.000,I 285,I 285 and To I85,,Sideswipe-Same Direction,2,Cloudy,Dry,Daylight
2021-01-25T22:30:00.000,I 285,I 285 and To I85,,Angle Crash,2,Clear,Dry,Dark-Lighted
2021-04-24T08:40:00.000,I 285,I 285 and To I85,,Sideswipe-Same Direction,2,Rain,Wet,Dusk
2021-01-11T22:40:00.000,I 285,I 285 and To I85,,Angle Crash,2,Rain,Wet,Dark-Lighted
2021-03-07T00:30:00.000,I 285,I 285 and To I85,,Angle Crash,2,Clear,Dry,Dark-Lighted
2021-02-10T01:03:00.000,I 285,I 285 and To I85,,Sideswipe-Same Direction,3,Cloudy,Dry,Dark-Lighted
2021-10-30T06:32:00.000,I 285,I 285 and To I85,,Sideswipe-Same Direction,2,Rain,Wet,Dark-Not Lighted
2021-11-18T12:00:00.000,I 285,I 285 and To I85,,Rear End,2,Clear,Dry,Daylight
2021-12-27T15:16:00.000,I 285,I 285 and To I85,,Rear End,2,Cloudy,Dry,Daylight
2021-10-11T17:26:00.000,I 285,I 285 and To I85,,Sideswipe-Same Direction,2,Clear,Dry,Daylight
2021-12-06T20:05:00.000,I 285,I 285 and To I85,,Rear End,2,Rain,Wet,Daylight
2021-01-09T21:17:00.000,I 285,I 285 and To I85,,Rear End,2,Clear,Dry,Dark-Not Lighted
2021-05-10T14:56:00.000,I 285,I 285 and To I85,,Sideswipe-Same Direction,2,Cloudy,Dry,Daylight
2021-07-14T23:00:00.000,I 285,I 285 and To I85,,Angle Crash,2,Clear,Dry,Dark-Not Lighted
2021-11-12T15:00:00.000,I 285,I 285 and To I85,,Rear End,2,Clear,Dry,Daylight
2021-08-09T15:10:00.000,I 285,I 285 and To I85,,Angle Crash,2,Clear,Dry,Daylight
2021-09-05T16:02:00.000,I 285,I 285 and To I85,,Rear End,2,Clear,Dry,Daylight
2021-01-28T14:27:00.000,I 285,I 285 and To I85,,Angle Crash,2,Clear,Dry,Daylight
2021-04-27T18:29:00.000,I 285,I 285 and To I85,,Rear End,2,Cloudy,Dry,Daylight
2023-06-22T11:14:00.000,I 285,I 285 and To I85,,Sideswipe-Same Direction,2,Clear,Dry,Daylight
2023-07-10T11:45:00.000,I 285,I 285 and To I85,,Sideswipe-Same Direction,2,Cloudy,Wet,Daylight
2023-03-14T17:31:00.000,I 285,I 285 and To I85,,Rear End,2,Clear,Dry,Daylight
2023-07-09T12:34:00.000,I 285,I 285 and To I85,,Rear End,2,Cloudy,Dry,Daylight
2023-07-01T23:09:00.000,I 285,I 285 and To I85,,Sideswipe-Same Direction,2,Clear,Dry,Dark-Not Lighted
2023-10-09T19:48:00.000,I 285,I 285 and To I85,,Sideswipe-Same Direction,2,Clear,Dry,Daylight
2023-09-08T19:35:00.000,I 285,I 285 and To I85,,Sideswipe-Same Direction,2,Clear,Dry,Daylight
2023-08-18T14:37:00.000,I 285,I 285 and To I85,,Rear End,2,Clear,Dry,Daylight
2023-11-16T08:51:00.000,I 285,I 285 and To I85,,Sideswipe-Same Direction,2,Clear,Dry,Daylight
2023-04-23T13:10:00.000,I 285,I 285 and To I85,,Rear End,2,Clear,Dry,Daylight
2023-07-14T11:41:00.000,I 285,I 285 and To I85,,Rear End,2,Clear,Dry,Daylight
2023-03-07T13:02:00.000,I 285,I 285 and To I85,,Rear End,3,Clear,Dry,Daylight
2023-08-05T11:10:00.000,I 285,I 285 and To I85,,Rear End,2,Cloudy,Dry,Daylight
2023-01-21T20:00:00.000,I 285,I 285 and To I85,,Rear End,2,Rain,Wet,Dark-Lighted
2023-07-21T15:30:00.000,I 285,I 285 and To I85,,Angle Crash,2,Clear,Dry,Daylight
2022-03-08T09:33:00.000,I 285,I 285 and To I85,,Sideswipe-Same Direction,2,Clear,Dry,Daylight
2022-04-26T23:30:00.000,I 285,I 285 and To I85,,Sideswipe-Same Direction,2,Clear,Dry,Dark-Lighted
2020-05-01T15:34:00.000,I 285,I 285 and To I85,,Rear End,2,Clear,Dry,Daylight
2020-01-27T10:55:00.000,I 285,I 285 and To I85,,Rear End,2,Cloudy,Dry,Daylight
2020-07-03T18:06:00.000,I 285,I 285 and To I85,,Rear End,2,Clear,Dry,Daylight
2020-05-22T16:42:00.000,I 285,I 285 and To I85,,Rear End,2,Clear,Dry,Daylight
2020-09-10T06:11:00.000,I 285,I 285 and To I85,,Rear End,2,Cloudy,Dry,Dark-Not Lighted
2020-05-08T16:05:00.000,I 285,I 285 and To I85,,Rear End,2,Cloudy,Dry,Daylight
2020-10-06T07:01:00.000,I 285,I 285 and To I85,,Rear End,2,Clear,Dry,Dark-Not Lighted
2020-02-19T19:34:00.000,I 285,I 285 and To I85,,Rear End,2,Cloudy,Wet,Dark-Lighted
2020-03-23T19:15:00.000,I 285,I 285 and To I85,,Not a Collision with Motor Vehicle,1,Rain,Wet,Dusk
2020-11-23T00:00:00.000,I 285,I 285 and To I85,,Rear End,2,Clear,Dry,Daylight
2020-03-10T06:03:00.000,I 285,I 285 and To I85,,Not a Collision with Motor Vehicle,1,Clear,Dry,Dark-Not Lighted
2020-03-18T15:41:00.000,I 285,I 285 and To I85,,Not a Collision with Motor Vehicle,1,Cloudy,Dry,Daylight
2020-01-09T12:43:00.000,I 285,I 285 and To I85,,Rear End,3,Clear,Dry,Daylight
2020-09-27T18:20:00.000,I 285,I 285 and To I85,,Rear End,2,Cloudy,Wet,Daylight
2020-03-08T14:32:00.000,I 285,I 285 and To I85,,Rear End,2,Cloudy,Dry,Daylight
2020-12-01T05:55:00.000,I 285,I 285 and To I85,,Sideswipe-Same Direction,2,Clear,Dry,Dark-Lighted
2020-04-19T20:24:00.000,I 285,I 285 and To I85,,Not a Collision with Motor Vehicle,1,Rain,Wet,Dark-Not Lighted
2020-12-19T12:22:00.000,I 285,I 285 and To I85,,Rear End,2,Clear,Dry,Daylight
2020-01-27T14:19:00.000,I 285,I 285 and To I85,,Angle Crash,2,Cloudy,Dry,Daylight
2020-12-09T14:45:00.000,I 285,I 285 and To I85,,Rear End,2,Clear,Dry,Daylight
2020-10-05T14:00:00.000,I 285,I 285 and To I85,,Rear End,2,Clear,Dry,Daylight
2021-03-08T21:48:00.000,I 285,I 285 and To I85,,Angle Crash,2,Clear,Dry,Dark-Not Lighted
2021-01-12T15:22:00.000,I 285,I 285 and To I85,,Rear End,2,Cloudy,Dry,Daylight
2021-05-04T15:21:00.000,I 285,I 285 and To I85,,Not a Collision with Motor Vehicle,2,Rain,Wet,Daylight
2021-03-05T19:43:00.000,I 285,I 285 and To I85,,Rear End,3,Clear,Dry,Dark-Lighted
2021-06-16T17:38:00.000,I 285,I 285 and To I85,,Rear End,3,Clear,Dry,Daylight
2021-11-20T15:25:00.000,I 285,I 285 and To I85,,Rear End,2,Clear,Dry,Daylight
2021-10-27T18:00:00.000,I 285,I 285 and To I85,,Rear End,2,Clear,Dry,Daylight
2021-09-13T17:39:00.000,I 285,I 285 and To I85,,Rear End,2,Clear,Dry,Daylight
2021-10-29T09:32:00.000,I 285,I 285 and To I85,,Rear End,2,Cloudy,Dry,Daylight
2021-09-20T07:32:00.000,I 285,I 285 and To I85,,Sideswipe-Same Direction,2,Rain,Wet,Daylight
2021-07-07T21:56:00.000,I 285,I 285 and To I85,,Angle Crash,2,Rain,Wet,Dark-Lighted
2021-10-19T17:47:00.000,I 285,I 285 and To I85,,Rear End,2,Cloudy,Dry,Daylight
2022-12-14T00:00:00.000,I 285,I 285 and To I85,,Angle Crash,2,Clear,Dry,Daylight
2022-09-19T00:11:00.000,I 285,I 285 and To I85,,Sideswipe-Same Direction,2,Clear,Dry,Dark-Lighted
2022-06-03T14:03:00.000,I 285,I 285 and To I85,,Sideswipe-Same Direction,2,Clear,Dry,Daylight
2022-06-04T18:00:00.000,I 285,I 285 and To I85,,Rear End,2,Clear,Dry,Daylight
2022-11-15T10:22:00.000,I 285,I 285 and To I85,,Rear End,2,Rain,Wet,Daylight
2022-11-07T18:01:00.000,I 285,I 285 and To I85,,Rear End,2,Cloudy,Dry,Dark-Not Lighted
2022-07-01T12:36:00.000,I 285,I 285 and To I85,,Not a Collision with Motor Vehicle,2,Rain,Wet,Daylight
2022-11-05T13:00:00.000,I 285,I 285 and To I85,,Rear End,3,Clear,Dry,Daylight
2022-07-29T14:59:00.000,I 285,I 285 and To I85,,Rear End,2,Clear,Dry,Daylight
2022-07-14T14:40:00.000,I 285,I 285 and To I85,,Rear End,2,Clear,Dry,Daylight
2022-09-18T16:45:00.000,I 285,I 285 and To I85,,Rear End,2,Clear,Dry,Daylight
2022-07-20T15:15:00.000,I 285,I 285 and To I85,,Rear End,2,Clear,Dry,Daylight
2022-05-04T08:15:00.000,I 285,I 285 and To I85,,Rear End,2,Cloudy,Wet,Daylight
2022-03-17T16:10:00.000,I 285,I 285 and To I85,,Rear End,2,Clear,Dry,Dark-Lighted
2022-07-29T14:36:00.000,I 285,I 285 and To I85,,Not a Collision with Motor Vehicle,1,Clear,Dry,Daylight
2021-08-30T12:09:00.000,I 285,I 285 and To I85,,Rear End,2,Clear,Dry,Daylight
2022-11-22T00:00:00.000,I 285,I 285 and To I85,,Rear End,3,Clear,Dry,Daylight
2022-08-11T21:53:00.000,I 285,I 285 and To I85,,Not a Collision with Motor Vehicle,1,Rain,Wet,Dark-Not Lighted
2022-10-06T15:57:00.000,I 285,I 285 and To I85,,Rear End,2,Clear,Dry,Daylight
2022-08-05T22:11:00.000,I 285,I 285 and To I85,,Sideswipe-Same Direction,2,Clear,Dry,Dark-Lighted
2022-02-06T00:00:00.000,I 285,I 285 and To I85,,Rear End,3,Clear,Dry,Dark-Not Lighted
2022-06-27T05:10:00.000,I 285,I 285 and To I85,,Angle Crash,2,Cloudy,Dry,Dark-Not Lighted
2022-01-04T15:00:00.000,I 285,I 285 and To I85,,Rear End,2,Clear,Dry,Daylight
2022-08-10T22:32:00.000,I 285,I 285 and To I85,,Not a Collision with Motor Vehicle,1,Rain,Wet,Daylight
2022-01-08T15:03:00.000,I 285,I 285 and To I85,,Sideswipe-Same Direction,2,Clear,Dry,Daylight
2022-11-13T20:52:00.000,I 285,I 285 and To I85,,Rear End,2,Clear,Dry,Dark-Not Lighted
2022-07-23T08:07:00.000,I 285,I 285 and To I85,,Sideswipe-Same Direction,2,Clear,Dry,Daylight
2022-07-29T17:18:00.000,I 285,I 285 and To I85,,Not a Collision with Motor Vehicle,1,Rain,Wet,Daylight
2022-03-01T20:08:00.000,I 285,I 285 and To I85,,Not a Collision with Motor Vehicle,1,Clear,Dry,Dark-Not Lighted
2022-09-27T18:05:00.000,I 285,I 285 and To I85,,Rear End,2,Clear,Dry,Daylight
2022-06-01T12:57:00.000,I 285,I 285 and To I85,,Angle Crash,4,Clear,Dry,Daylight
2022-09-22T15:04:00.000,I 285,I 285 and To I85,,Rear End,2,Cloudy,Dry,Daylight
2022-07-21T20:44:00.000,I 285,I 285 and To I85,,Sideswipe-Same Direction,2,Clear,Dry,Dark-Lighted
2022-06-27T05:10:00.000,I 285,I 285 and To I85,,Angle Crash,2,Cloudy,Dry,Dark-Not Lighted
2022-05-31T08:23:00.000,I 285,I 285 and To I85,,Not a Collision with Motor Vehicle,1,Cloudy,Dry,Daylight
2022-11-04T12:18:00.000,I 285,I 285 and To I85,,Rear End,2,Clear,Dry,Daylight
2022-07-16T19:26:00.000,I 285,I 285 and To I85,,Sideswipe-Same Direction,2,Clear,Dry,Dark-Lighted
2022-08-11T19:24:00.000,I 285,I 285 and To I85,,Rear End,2,Clear,Dry,Daylight
2022-08-10T16:18:00.000,I 285,I 285 and To I85,,Rear End,2,Rain,Wet,Daylight
2022-08-01T08:19:00.000,I 285,I 285 and To I85,,Rear End,2,Clear,Dry,Daylight
2023-09-19T15:45:00.000,I 285,I 285 and To I85,,Angle Crash,2,Clear,Dry,Daylight
2024-05-07T05:03:00.000,I 285,I 285 and To I85,,Angle Crash,2,Clear,Dry,Dark-Not Lighted
2024-08-18T16:46:00.000,I 285,I 285 and To I85,,Not a Collision with Motor Vehicle,1,Clear,Dry,Daylight
2024-04-30T08:30:00.000,I 285,I 285 and To I85,,Rear End,2,Rain,Wet,Daylight
2024-04-20T18:39:00.000,I 285,I 285 and To I85,,Sideswipe-Same Direction,2,Clear,Dry,Daylight
2024-05-17T08:17:00.000,I 285,I 285 and To I85,,Sideswipe-Same Direction,2,Cloudy,Dry,Daylight
2024-04-04T15:19:00.000,I 285,I 285 and To I85,,Not a Collision with Motor Vehicle,2,Clear,Dry,Daylight
2024-03-19T06:30:00.000,I 285,I 285 and To I85,,Sideswipe-Same Direction,2,Clear,Dry,Dark-Lighted
2024-06-29T00:00:00.000,I 285,I 285 and To I85,,Sideswipe-Same Direction,2,Clear,Dry,Dark-Not Lighted
2024-03-24T13:55:00.000,I 285,I 285 and To I85,,Rear End,2,Clear,Dry,Daylight
2023-04-20T14:54:00.000,I 285,I 285 and To I85,,Rear End,2,Clear,Dry,Daylight
2023-04-04T08:18:00.000,I 285,I 285 and To I85,,Rear End,2,Clear,Dry,Daylight
2023-05-29T12:00:00.000,I 285,I 285 and To I85,,Rear End,2,Clear,Dry,Daylight
2023-10-09T17:00:00.000,I 285,I 285 and To I85,,Sideswipe-Same Direction,2,Clear,Dry,Daylight
2023-07-09T12:34:00.000,I 285,I 285 and To I85,,Sideswipe-Same Direction,2,Cloudy,Dry,Daylight
2023-09-29T22:22:00.000,I 285,I 285 and To I85,,Sideswipe-Same Direction,2,Clear,Dry,Dark-Lighted
2023-12-02T16:15:00.000,I 285,I 285 and To I85,,Rear End,2,Cloudy,Dry,Daylight
2023-03-30T20:29:00.000,I 285,I 285 and To I85,,Sideswipe-Same Direction,2,Clear,Dry,Daylight
2023-09-30T06:15:00.000,I 285,I 285 and To I85,,Not a Collision with Motor Vehicle,1,Clear,Dry,Dark-Not Lighted
2023-01-05T15:30:00.000,I 285,I 285 and To I85,,Rear End,2,Clear,Dry,Daylight
2023-03-15T14:45:00.000,I 285,I 285 and To I85,,Rear End,2,Clear,Dry,Daylight
2023-07-21T15:03:00.000,I 285,I 285 and To I85,,Angle Crash,2,Clear,Dry,Daylight
2023-06-03T19:01:00.000,I 285,I 285 and To I85,,Rear End,3,Clear,Dry,Daylight
2023-01-22T06:20:00.000,I 285,I 285 and To I85,,Sideswipe-Same Direction,2,Rain,Wet,Dark-Not Lighted
2023-07-27T04:20:00.000,I 285,I 285 and To I85,,Sideswipe-Same Direction,2,Clear,Dry,Dark-Not Lighted
2023-06-06T09:30:00.000,I 285,I 285 and To I85,,Rear End,2,Clear,Dry,Daylight
2024-06-02T23:20:00.000,I 285,I 285 and To I85,,Angle Crash,2,Rain,Wet,Dark-Not Lighted
2024-12-17T11:40:00.000,I 285,I 285 and To I85,,Sideswipe-Same Direction,2,Clear,Dry,Daylight
2024-07-30T17:41:00.000,I 285,I 285 and To I85,,Rear End,3,Clear,Dry,Daylight
2024-05-08T18:26:00.000,I 285,I 285 and To I85,,Sideswipe-Same Direction,2,Clear,Dry,Daylight
2024-11-14T14:00:00.000,I 285,I 285 and To I85,,Rear End,2,Clear,Dry,Daylight
2024-05-14T18:00:00.000,I 285,I 285 and To I85,,Rear End,4,Cloudy,Wet,Daylight
2024-05-25T16:02:00.000,I 285,I 285 and To I85,,Sideswipe-Same Direction,2,Clear,Dry,Daylight
2024-08-01T14:14:00.000,I 285,I 285 and To I85,,Rear End,2,Clear,Dry,Daylight
2024-10-28T16:25:00.000,I 285,I 285 and To I85,,Angle Crash,2,Cloudy,Dry,Daylight
2024-06-05T15:54:00.000,I 285,I 285 and To I85,,Rear End,4,Clear,Dry,Daylight
2024-01-10T12:00:00.000,I 285,I 285 and To I85,,Sideswipe-Same Direction,2,Clear,Dry,Daylight
2024-05-26T04:41:00.000,I 285,I 285 and To I85,,Not a Collision with Motor Vehicle,1,Clear,Dry,Dark-Not Lighted
2024-10-28T17:00:00.000,I 285,I 285 and To I85,,Sideswipe-Same Direction,2,Clear,Dry,Daylight
2024-01-19T18:30:00.000,I 285,I 285 and To I85,,Angle Crash,2,Clear,Dry,Daylight
2024-10-22T17:08:00.000,I 285,I 285 and To I85,,Rear End,2,Clear,Dry,Daylight
2024-10-31T19:20:00.000,I 285,I 285 and To I85,,Sideswipe-Same Direction,2,Clear,Dry,Daylight
2024-08-17T17:00:00.000,I 285,I 285 and To I85,,Not a Collision with Motor Vehicle,1,Cloudy,Dry,Daylight
2024-01-22T09:10:00.000,I 285,I 285 and To I85,,Sideswipe-Same Direction,2,Cloudy,Dry,Daylight
2020-06-08T23:25:00.000,I 285,I 285 and To I75,,Not a Collision with Motor Vehicle,1,Cloudy,Wet,Dark-Not Lighted
2022-03-27T20:45:00.000,I 285,I 285 and To I20,,Rear End,2,Clear,Dry,Dark-Not Lighted
2020-03-12T07:00:00.000,I 285,I 285 and Titan Ridge Dr,,Angle Crash,2,Cloudy,Wet,Dark-Not Lighted
2024-10-18T20:55:00.000,I 285,I 285 and Titan Ridge Dr,,Sideswipe-Same Direction,2,Clear,Dry,Dark-Not Lighted
2022-07-21T09:39:00.000,I 285,I 285 and Tilly Ml,,Angle Crash,2,Rain,Wet,Daylight
2021-06-09T17:35:00.000,I 285,I 285 and The Nalley Way,,Rear End,2,Cloudy,Dry,Daylight
2021-06-09T18:05:00.000,I 285,I 285 and The Nalley Way,,Rear End,2,Cloudy,Dry,Daylight
2022-01-01T19:10:00.000,I 285,I 285 and The Nalley Way,,Sideswipe-Same Direction,2,Clear,Dry,Dark-Not Lighted
2021-07-20T13:10:00.000,I 285,I 285 and Tarian Way,,Not a Collision with Motor Vehicle,1,Clear,Dry,Daylight
2020-02-25T09:40:00.000,I 285,I 285 and Tarian Way,,Rear End,3,Clear,Wet,Daylight
2023-09-02T14:41:00.000,I 285,I 285 and Tara Dr,,Sideswipe-Same Direction,2,Cloudy,Dry,Daylight
2023-09-01T14:22:00.000,I 285,I 285 and Tara Dr,,Sideswipe-Same Direction,2,Cloudy,Dry,Daylight
2023-10-27T20:50:00.000,I 285,I 285 and Tara Dr,,Rear End,2,Cloudy,Dry,Dark-Not Lighted
2024-11-06T21:56:00.000,I 285,I 285 and Tara Dr,,Not a Collision with Motor Vehicle,1,Clear,Wet,Dark-Lighted
2020-09-13T00:00:00.000,I 285,I 285 and Tara Blvd,,Sideswipe-Same Direction,2,Clear,Dry,Dark-Lighted
2022-11-21T18:05:00.000,I 285,I 285 and Sun Valley Blvd,,Rear End,2,Clear,Dry,Dark-Not Lighted
2022-11-18T18:02:00.000,I 285,I 285 and Sun Valley Blvd,,Sideswipe-Same Direction,2,Clear,Dry,Dark-Not Lighted
2024-11-17T23:54:00.000,I 285,I 285 and Sullivan Rd,,Not a Collision with Motor Vehicle,1,Clear,Dry,Dark-Not Lighted
2024-11-20T03:50:00.000,I 285,I 285 and Sullivan Creek Rd,,Not a Collision with Motor Vehicle,1,Rain,Wet,Dark-Lighted
2024-08-07T00:02:00.000,I 285,I 285 and Sullivan Creek Rd,,Angle Crash,2,Clear,Dry,Dark-Not Lighted
2024-11-21T22:42:00.000,I 285,I 285 and Sullivan Creek Rd,,Sideswipe-Same Direction,2,Cloudy,Dry,Dark-Lighted
2024-12-20T22:49:00.000,I 285,I 285 and Sullivan Creek Rd,,Sideswipe-Same Direction,2,Clear,Dry,Dark-Not Lighted
2024-10-20T12:18:00.000,I 285,I 285 and Sullivan Creek Rd,,Angle Crash,2,Clear,Dry,Daylight
2020-01-02T07:40:00.000,I 285,I 285 and Sugar Creek Falls Trce,,Rear End,2,Cloudy,Wet,Daylight
2020-08-17T06:18:00.000,I 285,I 285 and Sugar Creek Falls Trce,,Not a Collision with Motor Vehicle,1,Clear,Dry,Dark-Not Lighted
2022-01-03T15:51:00.000,I 285,I 285 and Sugar Creek Falls Dr,,Sideswipe-Same Direction,2,Clear,Dry,Daylight
2021-08-14T04:30:00.000,I 285,I 285 and Sugar Creek Falls Ct,,Sideswipe-Same Direction,2,Clear,Dry,Dark-Not Lighted