Date and Time,Roadway (From Crash Report),Intersection Name (from Crash Report),KABCO Severity,Manner of Collision (Crash Level) ,# of Vehicles per crash ,Weather Conditions (Crash Level),Surface Condition (Crash Level) ,Light Conditions (Crash Level)
2022-07-14T16:19:00.000,I 285,I 285 and Stone Mtn Fwy,,Rear End,2,Clear,Dry,Daylight
2021-11-02T09:10:00.000,I 285,I 285 and Stone Mtn Fwy,,Sideswipe-Same Direction,2,Clear,Dry,Daylight
2023-09-16T14:51:00.000,I 285,I 285 and Stone Mtn Fwy,,Not a Collision with Motor Vehicle,1,Cloudy,Wet,Daylight
2023-09-01T19:04:00.000,I 285,I 285 and Stone Mtn Fwy,,Rear End,2,Cloudy,Dry,Daylight
2023-10-30T07:30:00.000,I 285,I 285 and Stone Mtn Fwy,,Angle Crash,2,Clear,Dry,Daylight
2023-09-01T19:04:00.000,I 285,I 285 and Stone Mtn Fwy,,Rear End,2,Cloudy,Dry,Daylight
2024-01-27T14:50:00.000,I 285,I 285 and Stone Mtn Fwy,,Not a Collision with Motor Vehicle,1,Rain,Water (standing or moving),Daylight
2024-10-15T08:48:00.000,I 285,I 285 and Stone Mtn Fwy,,Angle Crash,2,Cloudy,Dry,Daylight
2022-10-23T07:03:00.000,I 285,I 285 and Stone Mtn Fwt,,Sideswipe-Same Direction,2,Clear,Dry,Dark-Not Lighted
2020-09-24T16:30:00.000,I 285,I 285 and Stone Mtn Frwy,,Rear End,3,Rain,Wet,Daylight
2021-12-30T13:45:00.000,I 285,I 285 and Stone Mtn Enrty Rp,,Not a Collision with Motor Vehicle,1,Cloudy,Wet,Daylight
2023-03-21T18:00:00.000,I 285,I 285 and Stone Mtn,,Sideswipe-Same Direction,2,Clear,Dry,Daylight
2021-02-08T05:01:00.000,I 285,I 285 and Stone Mtn,,Angle Crash,2,Clear,Dry,Dark-Not Lighted
2022-10-31T00:05:00.000,I 285,I 285 and Stone Mtn,,Not a Collision with Motor Vehicle,1,Clear,Wet,Dark-Lighted
2022-10-15T23:30:00.000,I 285,I 285 and Stone Mth Fwy,,Rear End,2,Clear,Dry,Dark-Not Lighted
2024-07-22T15:00:00.000,I 285,I 285 and Stone Mt Fwy,,Angle Crash,2,Clear,Dry,Daylight
2021-12-22T16:55:00.000,I 285,I 285 and Stone Mountain Pkwy,,Rear End,2,Clear,Dry,Daylight
2021-11-15T06:25:00.000,I 285,I 285 and Stone Mountain Pkwy,,Not a Collision with Motor Vehicle,1,Clear,Dry,Dark-Not Lighted
2023-10-27T14:00:00.000,I 285,I 285 and Stone Mountain Pkwy,,Angle Crash,2,Clear,Dry,Daylight
2023-11-14T18:30:00.000,I 285,I 285 and Stone Mountain Pkwy,,Rear End,2,Cloudy,Dry,Dark-Not Lighted
2023-07-26T18:22:00.000,I 285,I 285 and Stone Mountain Pkwy,,Angle Crash,2,Clear,Dry,Daylight
2023-12-10T00:00:00.000,I 285,I 285 and Stone Mountain Pkwy,,Rear End,2,Rain,Wet,Dark-Not Lighted
2023-03-20T13:33:00.000,I 285,I 285 and Stone Mountain Pkwy,,Rear End,4,Clear,Dry,Daylight
2020-12-04T17:45:00.000,I 285,I 285 and Stone Mountain Pkwy,,Sideswipe-Same Direction,2,Clear,Wet,Dark-Not Lighted
2022-07-11T11:40:00.000,I 285,I 285 and Stone Mountain Pkwy,,Angle Crash,2,Clear,Dry,Daylight
2022-11-20T18:36:00.000,I 285,I 285 and Stone Mountain Pkwy,,Rear End,2,Clear,Dry,Dark-Lighted
2022-03-06T02:57:00.000,I 285,I 285 and Stone Mountain Pkwy,,Angle Crash,3,Clear,Dry,Dark-Not Lighted
2022-12-06T12:49:00.000,I 285,I 285 and Stone Mountain Pkwy,,Rear End,2,Cloudy,Dry,Daylight
2022-05-23T12:50:00.000,I 285,I 285 and Stone Mountain Pkwy,,Angle Crash,2,Clear,Dry,Daylight
2023-06-07T18:00:00.000,I 285,I 285 and Stone Mountain Pkwy,,Rear End,2,Clear,Dry,Daylight
2023-08-02T18:40:00.000,I 285,I 285 and Stone Mountain Pkwy,,Rear End,3,Clear,Dry,Daylight
2023-12-10T04:20:00.000,I 285,I 285 and Stone Mountain Pkwy,,Not a Collision with Motor Vehicle,1,Rain,Water (standing or moving),Dark-Not Lighted
2023-11-23T22:02:00.000,I 285,I 285 and Stone Mountain Pkwy,,Sideswipe-Same Direction,2,Clear,Dry,Dark-Lighted
2023-12-09T20:20:00.000,I 285,I 285 and Stone Mountain Pkwy,,Angle Crash,2,Cloudy,Wet,Dark-Lighted
2023-02-07T16:52:00.000,I 285,I 285 and Stone Mountain Pkwy,,Rear End,2,Clear,Dry,Daylight
2023-12-09T23:22:00.000,I 285,I 285 and Stone Mountain Pkwy,,Rear End,2,Rain,Wet,Dark-Not Lighted
2024-01-18T22:30:00.000,I 285,I 285 and Stone Mountain Pkwy,,Rear End,2,Clear,Dry,Dark-Lighted
2020-05-03T16:05:00.000,I 285,I 285 and Stone Mountain Fwy Rp,,Sideswipe-Same Direction,2,Clear,Dry,Daylight
2020-09-14T15:42:00.000,I 285,I 285 and Stone Mountain Fwy Exit Rp,,Sideswipe-Same Direction,2,Clear,Dry,Daylight
2021-09-10T03:15:00.000,I 285,I 285 and Stone Mountain Fwy,,Rear End,2,Clear,Dry,Dark-Not Lighted
2021-11-10T17:00:00.000,I 285,I 285 and Stone Mountain Fwy,,Rear End,2,Clear,Dry,Daylight
2021-06-22T10:29:00.000,I 285,I 285 and Stone Mountain Fwy,,Rear End,2,Rain,Wet,Daylight
2021-12-11T00:38:00.000,I 285,I 285 and Stone Mountain Fwy,,Not a Collision with Motor Vehicle,1,Rain,Wet,Dark-Not Lighted
2021-10-09T14:00:00.000,I 285,I 285 and Stone Mountain Fwy,,Rear End,2,Clear,Dry,Daylight
2021-09-20T15:05:00.000,I 285,I 285 and Stone Mountain Fwy,,Not a Collision with Motor Vehicle,1,Rain,Wet,Daylight
2023-04-08T23:30:00.000,I 285,I 285 and Stone Mountain Fwy,,Rear End,2,Clear,Dry,Daylight
2023-11-08T16:00:00.000,I 285,I 285 and Stone Mountain Fwy,,Sideswipe-Same Direction,2,Clear,Dry,Daylight
2023-02-28T08:58:00.000,I 285,I 285 and Stone Mountain Fwy,,Rear End,3,Clear,Dry,Daylight
2023-10-06T16:30:00.000,I 285,I 285 and Stone Mountain Fwy,,Rear End,2,Cloudy,Dry,Daylight
2023-03-27T01:00:00.000,I 285,I 285 and Stone Mountain Fwy,,Not a Collision with Motor Vehicle,1,Rain,Water (standing or moving),Dark-Not Lighted
2023-07-28T09:04:00.000,I 285,I 285 and Stone Mountain Fwy,,Not a Collision with Motor Vehicle,1,Clear,Dry,Daylight
2023-07-16T13:24:00.000,I 285,I 285 and Stone Mountain Fwy,,Rear End,2,Cloudy,Dry,Daylight
2023-04-06T13:30:00.000,I 285,I 285 and Stone Mountain Fwy,,Sideswipe-Same Direction,2,Clear,Dry,Daylight
2023-02-28T00:00:00.000,I 285,I 285 and Stone Mountain Fwy,,Rear End,2,Clear,Dry,Daylight
2023-03-26T09:53:00.000,I 285,I 285 and Stone Mountain Fwy,,Sideswipe-Same Direction,2,Rain,Wet,Daylight
2022-03-31T10:57:00.000,I 285,I 285 and Stone Mountain Fwy,,Rear End,2,Clear,Dry,Daylight
2020-08-22T13:32:00.000,I 285,I 285 and Stone Mountain Fwy,,Rear End,2,Clear,Dry,Daylight
2020-12-18T16:13:00.000,I 285,I 285 and Stone Mountain Fwy,,Rear End,2,Clear,Dry,Daylight
2020-06-17T22:30:00.000,I 285,I 285 and Stone Mountain Fwy,,Rear End,2,Clear,Dry,Dark-Not Lighted
2020-10-05T04:10:00.000,I 285,I 285 and Stone Mountain Fwy,,Angle Crash,3,Clear,Dry,Dark-Lighted
2020-02-07T16:45:00.000,I 285,I 285 and Stone Mountain Fwy,,Sideswipe-Same Direction,2,Clear,Dry,Daylight
2020-09-23T16:23:00.000,I 285,I 285 and Stone Mountain Fwy,,Rear End,2,Clear,Dry,Daylight
2020-06-06T14:20:00.000,I 285,I 285 and Stone Mountain Fwy,,Sideswipe-Same Direction,2,Clear,Dry,Daylight
2020-10-21T14:16:00.000,I 285,I 285 and Stone Mountain Fwy,,Rear End,3,Clear,Dry,Daylight
2021-12-17T21:00:00.000,I 285,I 285 and Stone Mountain Fwy,,Angle Crash,2,Clear,Dry,Dark-Not Lighted
2022-06-30T00:00:00.000,I 285,I 285 and Stone Mountain Fwy,,Sideswipe-Same Direction,2,Clear,Dry,Daylight
2022-08-08T18:45:00.000,I 285,I 285 and Stone Mountain Fwy,,Not a Collision with Motor Vehicle,1,Clear,Dry,Daylight
2022-02-05T19:01:00.000,I 285,I 285 and Stone Mountain Fwy,,Rear End,2,Clear,Dry,Dark-Lighted
2021-07-17T17:29:00.000,I 285,I 285 and Stone Mountain Fwy,,Sideswipe-Same Direction,2,Clear,Dry,Daylight
2022-04-11T16:30:00.000,I 285,I 285 and Stone Mountain Fwy,,Sideswipe-Same Direction,2,Cloudy,Dry,Daylight
2022-09-07T07:40:00.000,I 285,I 285 and Stone Mountain Fwy,,Angle Crash,2,Clear,Dry,Daylight
2022-03-28T17:15:00.000,I 285,I 285 and Stone Mountain Fwy,,Sideswipe-Same Direction,2,Clear,Dry,Daylight
2022-09-29T13:39:00.000,I 285,I 285 and Stone Mountain Fwy,,Rear End,2,Clear,Dry,Daylight
2022-10-23T07:03:00.000,I 285,I 285 and Stone Mountain Fwy,,Rear End,2,Clear,Dry,Dark-Not Lighted
2022-03-11T13:40:00.000,I 285,I 285 and Stone Mountain Fwy,,Sideswipe-Same Direction,2,Cloudy,Dry,Daylight
2022-12-13T06:15:00.000,I 285,I 285 and Stone Mountain Fwy,,Sideswipe-Same Direction,2,Clear,Dry,Dark-Not Lighted
2022-11-07T12:39:00.000,I 285,I 285 and Stone Mountain Fwy,,Rear End,2,Clear,Dry,Daylight
2022-05-20T00:50:00.000,I 285,I 285 and Stone Mountain Fwy,,Rear End,3,Clear,Dry,Dark-Not Lighted
2022-01-20T08:11:00.000,I 285,I 285 and Stone Mountain Fwy,,Angle Crash,2,Rain,Wet,Daylight
2022-10-07T21:21:00.000,I 285,I 285 and Stone Mountain Fwy,,Sideswipe-Same Direction,2,Clear,Dry,Dark-Not Lighted
2022-10-27T14:10:00.000,I 285,I 285 and Stone Mountain Fwy,,Rear End,2,Clear,Dry,Daylight
2022-06-01T11:44:00.000,I 285,I 285 and Stone Mountain Fwy,,Not a Collision with Motor Vehicle,2,Clear,Dry,Daylight
2022-02-04T16:50:00.000,I 285,I 285 and Stone Mountain Fwy,,Rear End,2,Cloudy,Dry,Daylight
2023-08-28T07:42:00.000,I 285,I 285 and Stone Mountain Fwy,,Not a Collision with Motor Vehicle,1,Clear,Dry,Daylight
2024-10-18T15:10:00.000,I 285,I 285 and Stone Mountain Fwy,,Sideswipe-Same Direction,2,Clear,Dry,Daylight
2024-12-30T16:57:00.000,I 285,I 285 and Stone Mountain Fwy,,Sideswipe-Same Direction,2,Clear,Dry,Dark-Not Lighted
2024-12-11T15:32:00.000,I 285,I 285 and Stone Mountain Fwy,,Angle Crash,2,Clear,Dry,Daylight
2024-03-27T20:09:00.000,I 285,I 285 and Stone Mountain Fwy,,Not a Collision with Motor Vehicle,2,Clear,Dry,Dark-Lighted
2023-04-14T22:30:00.000,I 285,I 285 and Stone Mountain Fwy,,Sideswipe-Same Direction,2,Clear,Dry,Dark-Lighted
2023-06-08T15:05:00.000,I 285,I 285 and Stone Mountain Fwy,,Rear End,2,Clear,Dry,Daylight
2023-08-05T11:46:00.000,I 285,I 285 and Stone Mountain Fwy,,Rear End,2,Cloudy,Dry,Daylight
2023-06-14T16:54:00.000,I 285,I 285 and Stone Mountain Fwy,,Sideswipe-Same Direction,2,Cloudy,Wet,Daylight
2024-05-08T16:35:00.000,I 285,I 285 and Stone Mountain Fwy,,Sideswipe-Same Direction,2,Clear,Dry,Daylight
2024-08-04T01:10:00.000,I 285,I 285 and Stone Mountain Fwy,,Rear End,2,Clear,Dry,Dark-Not Lighted
2024-10-11T08:10:00.000,I 285,I 285 and Stone Mountain Fwy,,Sideswipe-Same Direction,2,Clear,Dry,Daylight
2024-10-05T13:16:00.000,I 285,I 285 and Stone Mountain Fwy,,Angle Crash,2,Clear,Dry,Daylight
2024-11-20T15:55:00.000,I 285,I 285 and Stone Mountain Fwy,,Sideswipe-Same Direction,2,Cloudy,Dry,Daylight
2024-07-31T17:32:00.000,I 285,I 285 and Stone Mountain Fwy,,Angle Crash,2,Clear,Dry,Daylight
2024-10-21T10:56:00.000,I 285,I 285 and Stone Mountain Fwy,,Rear End,2,Clear,Dry,Dark-Lighted
2024-12-21T16:03:00.000,I 285,I 285 and Stone Mountain Fwy,,Sideswipe-Same Direction,2,Clear,Dry,Daylight
2024-08-01T19:49:00.000,I 285,I 285 and Stone Mountain Fwy,,Rear End,2,Clear,Dry,Daylight
2024-11-05T20:00:00.000,I 285,I 285 and Stone Mountain Fwy,,Angle Crash,2,Clear,Dry,Dark-Lighted
2024-04-27T10:19:00.000,I 285,I 285 and Stone Mountain Fwy,,Rear End,2,Clear,Dry,Daylight
2024-01-24T16:17:00.000,I 285,I 285 and Stone Mountain Fwy,,Sideswipe-Same Direction,2,Rain,Wet,Daylight
2024-12-02T16:14:00.000,I 285,I 285 and Stone Hogan Connector Rd,,Rear End,2,Clear,Dry,Daylight
2022-10-28T15:23:00.000,I 285,I 285 and Stewart Rd,,Rear End,2,Clear,Dry,Daylight
2021-10-07T14:00:00.000,I 285,I 285 and Sterling Ridge Rd,,Sideswipe-Same Direction,2,Clear,Dry,Daylight
2024-01-10T18:57:00.000,I 285,I 285 and Sterling Ridge Rd,,Sideswipe-Same Direction,2,Clear,Dry,Dark-Lighted
2024-07-08T05:49:00.000,I 285,I 285 and Sterling Ridge Ct,,Angle Crash,2,Clear,Dry,Daylight
2023-07-19T12:00:00.000,I 285,I 285 and Sterling Ridge Ct,,Rear End,2,Clear,Dry,Daylight
2024-01-11T16:45:00.000,I 285,I 285 and State Rt 166,,Rear End,2,Clear,Dry,Daylight
2024-01-11T16:05:00.000,I 285,I 285 and State Rt 166,,Rear End,2,Clear,Dry,Daylight
2023-07-28T20:00:00.000,I 285,I 285 and State Highway 78 Rp,,Rear End,2,Cloudy,Wet,Dark-Lighted
2023-08-10T16:20:00.000,I 285,I 285 and State Highway 78,,Rear End,2,Clear,Dry,Daylight
2023-07-08T19:00:00.000,I 285,I 285 and State Highway 78,,Sideswipe-Same Direction,2,Clear,Dry,Daylight
2022-03-19T15:33:00.000,I 285,I 285 and Stardust Trl,,Rear End,2,Clear,Dry,Daylight
2022-03-19T16:06:00.000,I 285,I 285 and Stardust Trl,,Sideswipe-Same Direction,2,Clear,Dry,Daylight
2022-04-16T14:26:00.000,I 285,I 285 and Stardust Trl,,Rear End,2,Cloudy,Dry,Daylight
2024-11-26T00:00:00.000,I 285,I 285 and Stardust Trl,,Head On,3,Rain,Wet,Dawn
2024-08-12T14:24:00.000,I 285,I 285 and Sr 410,,Sideswipe-Same Direction,2,Clear,Dry,Daylight
2021-07-07T17:00:00.000,I 285,I 285 and Sr 400,,Sideswipe-Same Direction,2,Cloudy,Wet,Daylight
2023-03-24T18:40:00.000,I 285,I 285 and Sr 400,,Sideswipe-Same Direction,2,Clear,Dry,Daylight
2020-10-02T06:45:00.000,I 285,I 285 and Sr 400,,Not a Collision with Motor Vehicle,1,Clear,Dry,Dawn
2020-07-21T16:43:00.000,I 285,I 285 and Sr 400,,Rear End,2,Rain,Wet,Daylight
2020-11-20T18:29:00.000,I 285,I 285 and Sr 400,,Sideswipe-Same Direction,2,Clear,Dry,Daylight
2020-09-11T15:15:00.000,I 285,I 285 and Sr 400,,Sideswipe-Same Direction,2,Clear,Dry,Daylight
2021-08-09T18:37:00.000,I 285,I 285 and Sr 400,,Sideswipe-Same Direction,2,Clear,Dry,Daylight
2022-12-01T09:47:00.000,I 285,I 285 and Sr 400,,Rear End,2,Clear,Dry,Daylight
2022-07-18T01:50:00.000,I 285,I 285 and Sr 400,,Not a Collision with Motor Vehicle,1,Clear,Dry,Dark-Not Lighted
2022-11-08T14:15:00.000,I 285,I 285 and Sr 400,,Sideswipe-Same Direction,2,Clear,Dry,Daylight
2024-01-15T06:40:00.000,I 285,I 285 and Sr 400,,Rear End,3,Clear,Dry,Daylight
2024-05-06T19:29:00.000,I 285,I 285 and Sr 400,,Rear End,2,Clear,Dry,Dawn
2023-03-20T10:02:00.000,I 285,I 285 and Sr 400,,Sideswipe-Same Direction,2,Clear,Dry,Daylight
2023-05-09T17:30:00.000,I 285,I 285 and Sr 400,,Sideswipe-Same Direction,2,Cloudy,Dry,Daylight
2023-06-23T19:35:00.000,I 285,I 285 and Sr 400,,Sideswipe-Same Direction,2,Clear,Dry,Daylight
2023-02-28T08:32:00.000,I 285,I 285 and Sr 400,,Angle Crash,2,Clear,Dry,Daylight
2020-08-17T17:55:00.000,I 285,I 285 and Sr 280,,Sideswipe-Same Direction,2,Clear,Dry,Daylight
2022-05-03T17:00:00.000,I 285,I 285 and Sr 280,,Sideswipe-Same Direction,3,Clear,Dry,Daylight
2022-10-20T13:24:00.000,I 285,I 285 and Sr 236,,Sideswipe-Same Direction,2,Cloudy,Dry,Daylight
2023-01-12T11:00:00.000,I 285,I 285 and Sr 236,,Sideswipe-Same Direction,2,Cloudy,Dry,Daylight
2021-04-09T16:15:00.000,I 285,I 285 and Sr 166,,Sideswipe-Same Direction,2,Cloudy,Dry,Daylight
2021-06-24T13:43:00.000,I 285,I 285 and Sr 166,,Rear End,2,Cloudy,Dry,Daylight
2021-12-30T11:24:00.000,I 285,I 285 and Sr 166,,Sideswipe-Same Direction,2,Rain,Wet,Daylight
2021-07-13T16:31:00.000,I 285,I 285 and Sr 166,,Not a Collision with Motor Vehicle,1,Cloudy,Dry,Daylight
2021-01-05T13:20:00.000,I 285,I 285 and Sr 166,,Sideswipe-Same Direction,3,Clear,Dry,Daylight
2021-04-09T13:00:00.000,I 285,I 285 and Sr 166,,Not a Collision with Motor Vehicle,2,Cloudy,Dry,Daylight
2021-05-12T10:24:00.000,I 285,I 285 and Sr 166,,Rear End,2,Rain,Wet,Daylight
2021-06-03T12:53:00.000,I 285,I 285 and Sr 166,,Rear End,2,Cloudy,Dry,Daylight
2021-02-09T18:20:00.000,I 285,I 285 and Sr 166,,Rear End,3,Clear,Dry,Dark-Lighted
2021-06-22T10:20:00.000,I 285,I 285 and Sr 166,,Not a Collision with Motor Vehicle,1,Cloudy,Wet,Daylight
2021-09-29T14:19:00.000,I 285,I 285 and Sr 166,,Sideswipe-Same Direction,2,Clear,Dry,Daylight
2021-01-22T14:30:00.000,I 285,I 285 and Sr 166,,Not a Collision with Motor Vehicle,1,Clear,Dry,Daylight
2021-12-30T08:57:00.000,I 285,I 285 and Sr 166,,Rear End,2,Rain,Wet,Daylight
2021-07-16T16:30:00.000,I 285,I 285 and Sr 166,,Rear End,2,Clear,Dry,Daylight
2021-05-07T00:00:00.000,I 285,I 285 and Sr 166,,Not a Collision with Motor Vehicle,1,Clear,Dry,Daylight
2021-01-29T15:50:00.000,I 285,I 285 and Sr 166,,Rear End,2,Clear,Dry,Daylight
2021-05-03T14:15:00.000,I 285,I 285 and Sr 166,,Not a Collision with Motor Vehicle,1,Rain,Wet,Daylight
2020-01-22T07:35:00.000,I 285,I 285 and Sr 166,,Not a Collision with Motor Vehicle,1,Clear,Dry,Daylight
2020-03-03T19:57:00.000,I 285,I 285 and Sr 166,,Not a Collision with Motor Vehicle,1,Cloudy,Wet,Dark-Not Lighted
2020-03-23T14:22:00.000,I 285,I 285 and Sr 166,,Angle Crash,1,Rain,Wet,Daylight
2023-07-11T16:38:00.000,I 285,I 285 and Sr 166,,Rear End,2,Clear,Dry,Daylight
2023-07-14T17:00:00.000,I 285,I 285 and Sr 166,,Rear End,3,Cloudy,Dry,Daylight
2023-12-19T18:30:00.000,I 285,I 285 and Sr 166,,Sideswipe-Same Direction,2,Clear,Dry,Dark-Not Lighted
2023-02-14T16:45:00.000,I 285,I 285 and Sr 166,,Rear End,2,Clear,Dry,Daylight
2023-09-25T12:42:00.000,I 285,I 285 and Sr 166,,Sideswipe-Same Direction,2,Clear,Dry,Daylight
2023-01-03T08:38:00.000,I 285,I 285 and Sr 166,,Sideswipe-Same Direction,2,Clear,Dry,Daylight
2023-03-24T15:55:00.000,I 285,I 285 and Sr 166,,Sideswipe-Same Direction,2,Clear,Dry,Daylight
2023-04-11T08:05:00.000,I 285,I 285 and Sr 166,,Rear End,2,Clear,Dry,Daylight
2023-03-31T16:45:00.000,I 285,I 285 and Sr 166,,Rear End,2,Clear,Dry,Daylight
2023-10-02T08:59:00.000,I 285,I 285 and Sr 166,,Rear End,3,Clear,Dry,Daylight
2023-01-26T07:58:00.000,I 285,I 285 and Sr 166,,Rear End,2,Clear,Dry,Daylight
2023-03-31T15:00:00.000,I 285,I 285 and Sr 166,,Rear End,2,Clear,Dry,Daylight
2023-11-14T19:18:00.000,I 285,I 285 and Sr 166,,Not a Collision with Motor Vehicle,1,Cloudy,Dry,Dark-Not Lighted
2023-05-04T16:25:00.000,I 285,I 285 and Sr 166,,Not a Collision with Motor Vehicle,1,Clear,Dry,Daylight
2023-03-12T15:30:00.000,I 285,I 285 and Sr 166,,Not a Collision with Motor Vehicle,1,Rain,Wet,Daylight
2023-08-17T17:18:00.000,I 285,I 285 and Sr 166,,Rear End,3,Clear,Dry,Daylight
2022-11-17T16:22:00.000,I 285,I 285 and Sr 166,,Sideswipe-Same Direction,2,Clear,Dry,Daylight
2020-01-02T14:00:00.000,I 285,I 285 and Sr 166,,Not a Collision with Motor Vehicle,1,Rain,Wet,Daylight
2020-03-05T09:45:00.000,I 285,I 285 and Sr 166,,Rear End,2,Cloudy,Wet,Daylight
2020-02-25T08:24:00.000,I 285,I 285 and Sr 166,,Sideswipe-Same Direction,2,Cloudy,Wet,Daylight
2020-07-29T10:55:00.000,I 285,I 285 and Sr 166,,Angle Crash,2,Rain,Wet,Daylight
2020-04-09T19:00:00.000,I 285,I 285 and Sr 166,,Sideswipe-Same Direction,2,Clear,Dry,Dawn
2020-03-09T11:20:00.000,I 285,I 285 and Sr 166,,Sideswipe-Same Direction,2,Clear,Dry,Daylight
2020-10-09T14:30:00.000,I 285,I 285 and Sr 166,,Sideswipe-Same Direction,1,Rain,Wet,Daylight
2020-01-31T15:47:00.000,I 285,I 285 and Sr 166,,Rear End,2,Cloudy,Dry,Daylight
2020-02-18T10:25:00.000,I 285,I 285 and Sr 166,,Not a Collision with Motor Vehicle,1,Rain,Wet,Daylight
2020-11-20T18:41:00.000,I 285,I 285 and Sr 166,,Rear End,2,Clear,Dry,Daylight
2020-05-28T12:34:00.000,I 285,I 285 and Sr 166,,Sideswipe-Same Direction,2,Cloudy,Wet,Daylight
2020-02-06T07:30:00.000,I 285,I 285 and Sr 166,,Rear End,2,Rain,Wet,Daylight
2020-02-07T17:30:00.000,I 285,I 285 and Sr 166,,Rear End,2,Clear,Dry,Daylight
2020-03-03T07:35:00.000,I 285,I 285 and Sr 166,,Sideswipe-Same Direction,2,Rain,Wet,Daylight
2020-12-25T17:57:00.000,I 285,I 285 and Sr 166,,Sideswipe-Same Direction,2,Clear,Dry,Dusk
2020-09-17T15:24:00.000,I 285,I 285 and Sr 166,,Rear End,2,Clear,Dry,Daylight
2020-02-14T17:15:00.000,I 285,I 285 and Sr 166,,Rear End,2,Clear,Dry,Daylight
2020-10-28T12:15:00.000,I 285,I 285 and Sr 166,,Sideswipe-Same Direction,4,Cloudy,Dry,Daylight
2020-05-13T17:00:00.000,I 285,I 285 and Sr 166,,Rear End,2,Cloudy,Dry,Daylight
2020-01-17T11:00:00.000,I 285,I 285 and Sr 166,,Sideswipe-Same Direction,2,Clear,Dry,Daylight
2020-01-02T12:59:00.000,I 285,I 285 and Sr 166,,Not a Collision with Motor Vehicle,1,Rain,Wet,Daylight
2020-06-09T09:20:00.000,I 285,I 285 and Sr 166,,Not a Collision with Motor Vehicle,1,Cloudy,Dry,Daylight
2020-10-29T15:40:00.000,I 285,I 285 and Sr 166,,Sideswipe-Same Direction,2,Clear,Dry,Daylight
2020-01-20T18:45:00.000,I 285,I 285 and Sr 166,,Not a Collision with Motor Vehicle,1,Clear,Dry,Dark-Not Lighted
2020-02-27T17:16:00.000,I 285,I 285 and Sr 166,,Rear End,3,Clear,Dry,Daylight
2020-01-14T12:05:00.000,I 285,I 285 and Sr 166,,Sideswipe-Same Direction,2,Rain,Wet,Daylight
2020-11-20T16:48:00.000,I 285,I 285 and Sr 166,,Sideswipe-Same Direction,2,Clear,Dry,Daylight
2020-08-20T15:50:00.000,I 285,I 285 and Sr 166,,Not a Collision with Motor Vehicle,2,Clear,Dry,Daylight
2020-03-23T14:30:00.000,I 285,I 285 and Sr 166,,Sideswipe-Same Direction,2,Rain,Wet,Daylight
2020-04-29T16:15:00.000,I 285,I 285 and Sr 166,,Rear End,3,Rain,Wet,Daylight
2020-10-26T11:24:00.000,I 285,I 285 and Sr 166,,Not a Collision with Motor Vehicle,1,Cloudy,Dry,Daylight
2020-10-09T16:02:00.000,I 285,I 285 and Sr 166,,Rear End,2,Rain,Wet,Daylight
2020-08-25T16:00:00.000,I 285,I 285 and Sr 166,,Not a Collision with Motor Vehicle,1,Rain,Wet,Daylight
2020-10-20T07:40:00.000,I 285,I 285 and Sr 166,,Rear End,2,Clear,Dry,Daylight
2020-02-06T10:14:00.000,I 285,I 285 and Sr 166,,Sideswipe-Same Direction,2,Rain,Wet,Daylight
2020-03-05T15:34:00.000,I 285,I 285 and Sr 166,,Sideswipe-Same Direction,2,Rain,Wet,Daylight
2020-07-02T09:20:00.000,I 285,I 285 and Sr 166,,Not a Collision with Motor Vehicle,1,Clear,Dry,Daylight
2020-06-22T16:10:00.000,I 285,I 285 and Sr 166,,Sideswipe-Same Direction,2,Rain,Wet,Daylight
2020-03-05T15:13:00.000,I 285,I 285 and Sr 166,,Not a Collision with Motor Vehicle,2,Rain,Wet,Daylight
2020-03-23T14:19:00.000,I 285,I 285 and Sr 166,,Sideswipe-Same Direction,3,Rain,Wet,Daylight
2020-02-20T07:30:00.000,I 285,I 285 and Sr 166,,Sideswipe-Same Direction,2,Rain,Wet,Daylight
2020-11-06T10:47:00.000,I 285,I 285 and Sr 166,,Rear End,2,Clear,Dry,Daylight
2020-12-24T07:15:00.000,I 285,I 285 and Sr 166,,Rear End,2,Rain,Wet,Dark-Not Lighted
2020-11-20T18:12:00.000,I 285,I 285 and Sr 166,,Rear End,4,Clear,Dry,Daylight
2020-04-29T16:40:00.000,I 285,I 285 and Sr 166,,Sideswipe-Same Direction,2,Rain,Wet,Daylight
2020-06-30T17:24:00.000,I 285,I 285 and Sr 166,,Rear End,3,Rain,Wet,Daylight
2020-03-03T09:48:00.000,I 285,I 285 and Sr 166,,Angle Crash,5,Rain,Wet,Daylight
2020-08-26T17:31:00.000,I 285,I 285 and Sr 166,,Not a Collision with Motor Vehicle,3,Cloudy,Dry,Daylight
2020-08-31T13:43:00.000,I 285,I 285 and Sr 166,,Sideswipe-Same Direction,2,Clear,Wet,Daylight