Date and Time,Roadway (From Crash Report),Intersection Name (from Crash Report),KABCO Severity,Manner of Collision (Crash Level) ,# of Vehicles per crash ,Weather Conditions (Crash Level),Surface Condition (Crash Level) ,Light Conditions (Crash Level)
2020-02-25T08:35:00.000,I 285,I 285 and Sr 166,,Rear End,3,Cloudy,Wet,Daylight
2021-06-10T18:10:00.000,I 285,I 285 and Sr 166,,Sideswipe-Same Direction,3,Cloudy,Dry,Daylight
2021-01-19T16:59:00.000,I 285,I 285 and Sr 166,,Rear End,1,Cloudy,Dry,Daylight
2021-04-23T17:15:00.000,I 285,I 285 and Sr 166,,Sideswipe-Same Direction,2,Clear,Dry,Daylight
2021-05-03T13:50:00.000,I 285,I 285 and Sr 166,,Rear End,3,Rain,Wet,Daylight
2021-02-07T16:40:00.000,I 285,I 285 and Sr 166,,Rear End,2,Clear,Dry,Daylight
2021-03-08T12:34:00.000,I 285,I 285 and Sr 166,,Sideswipe-Same Direction,2,Clear,Dry,Daylight
2021-09-03T11:31:00.000,I 285,I 285 and Sr 166,,Not a Collision with Motor Vehicle,2,Clear,Dry,Daylight
2021-08-11T17:01:00.000,I 285,I 285 and Sr 166,,Rear End,2,Cloudy,Dry,Daylight
2021-09-29T13:38:00.000,I 285,I 285 and Sr 166,,Rear End,2,Clear,Dry,Daylight
2021-10-04T07:52:00.000,I 285,I 285 and Sr 166,,Sideswipe-Same Direction,2,Rain,Wet,Daylight
2021-10-21T13:44:00.000,I 285,I 285 and Sr 166,,Rear End,2,Cloudy,Wet,Daylight
2021-07-12T09:16:00.000,I 285,I 285 and Sr 166,,Sideswipe-Same Direction,2,Cloudy,Dry,Daylight
2022-12-02T16:17:00.000,I 285,I 285 and Sr 166,,Rear End,4,Clear,Dry,Daylight
2022-12-02T13:02:00.000,I 285,I 285 and Sr 166,,Sideswipe-Same Direction,3,Cloudy,Dry,Daylight
2022-05-05T08:40:00.000,I 285,I 285 and Sr 166,,Rear End,2,Clear,Dry,Daylight
2021-12-31T19:15:00.000,I 285,I 285 and Sr 166,,Sideswipe-Same Direction,2,Cloudy,Wet,Dark-Not Lighted
2022-05-12T17:55:00.000,I 285,I 285 and Sr 166,,Sideswipe-Same Direction,2,Clear,Dry,Daylight
2022-08-26T19:26:00.000,I 285,I 285 and Sr 166,,Sideswipe-Same Direction,2,Clear,Dry,Daylight
2022-12-16T15:53:00.000,I 285,I 285 and Sr 166,,Sideswipe-Same Direction,2,Clear,Dry,Daylight
2022-09-01T17:27:00.000,I 285,I 285 and Sr 166,,Rear End,2,Clear,Dry,Daylight
2022-10-18T14:50:00.000,I 285,I 285 and Sr 166,,Not a Collision with Motor Vehicle,1,Clear,Dry,Daylight
2022-06-28T18:35:00.000,I 285,I 285 and Sr 166,,Not a Collision with Motor Vehicle,1,Rain,Wet,Daylight
2022-05-31T17:05:00.000,I 285,I 285 and Sr 166,,Sideswipe-Same Direction,2,Clear,Dry,Daylight
2022-01-23T19:15:00.000,I 285,I 285 and Sr 166,,Angle Crash,2,Cloudy,Dry,Dark-Not Lighted
2021-11-02T14:07:00.000,I 285,I 285 and Sr 166,,Rear End,2,Clear,Wet,Daylight
2022-12-15T15:04:00.000,I 285,I 285 and Sr 166,,Rear End,2,Clear,Dry,Daylight
2022-11-01T07:30:00.000,I 285,I 285 and Sr 166,,Rear End,2,Clear,Dry,Daylight
2022-12-01T16:58:00.000,I 285,I 285 and Sr 166,,Rear End,2,Clear,Dry,Daylight
2022-02-01T18:23:00.000,I 285,I 285 and Sr 166,,Not a Collision with Motor Vehicle,2,Clear,Wet,Dusk
2022-07-14T11:40:00.000,I 285,I 285 and Sr 166,,Rear End,2,Cloudy,Dry,Daylight
2022-09-01T17:15:00.000,I 285,I 285 and Sr 166,,Rear End,2,Clear,Dry,Daylight
2022-06-28T08:42:00.000,I 285,I 285 and Sr 166,,Rear End,2,Clear,Dry,Daylight
2022-02-28T17:50:00.000,I 285,I 285 and Sr 166,,Sideswipe-Same Direction,2,Clear,Dry,Daylight
2022-06-23T11:55:00.000,I 285,I 285 and Sr 166,,Rear End,2,Clear,Dry,Daylight
2022-08-04T16:30:00.000,I 285,I 285 and Sr 166,,Sideswipe-Same Direction,2,Clear,Wet,Daylight
2022-03-24T18:40:00.000,I 285,I 285 and Sr 166,,Sideswipe-Same Direction,2,Clear,Dry,Daylight
2022-01-23T19:15:00.000,I 285,I 285 and Sr 166,,Angle Crash,2,Cloudy,Dry,Dark-Not Lighted
2022-10-17T11:45:00.000,I 285,I 285 and Sr 166,,Rear End,3,Clear,Dry,Daylight
2022-12-27T10:15:00.000,I 285,I 285 and Sr 166,,Sideswipe-Same Direction,2,Clear,Dry,Daylight
2022-03-01T14:32:00.000,I 285,I 285 and Sr 166,,Sideswipe-Same Direction,4,Clear,Dry,Daylight
2022-03-28T16:00:00.000,I 285,I 285 and Sr 166,,Sideswipe-Same Direction,2,Clear,Dry,Daylight
2022-04-26T13:20:00.000,I 285,I 285 and Sr 166,,Sideswipe-Same Direction,2,Cloudy,Dry,Daylight
2022-03-11T09:15:00.000,I 285,I 285 and Sr 166,,Rear End,2,Cloudy,Dry,Daylight
2023-02-14T17:23:00.000,I 285,I 285 and Sr 166,,Rear End,2,Clear,Dry,Daylight
2023-08-28T11:40:00.000,I 285,I 285 and Sr 166,,Sideswipe-Same Direction,2,Cloudy,Dry,Daylight
2024-01-08T06:52:00.000,I 285,I 285 and Sr 166,,Rear End,2,Clear,Dry,Dawn
2024-11-08T17:08:00.000,I 285,I 285 and Sr 166,,Sideswipe-Same Direction,2,Clear,Dry,Daylight
2024-11-29T06:30:00.000,I 285,I 285 and Sr 166,,Rear End,2,Clear,Dry,Dark-Not Lighted
2023-08-28T18:58:00.000,I 285,I 285 and Sr 166,,Not a Collision with Motor Vehicle,1,Rain,Wet,Daylight
2024-07-29T10:16:00.000,I 285,I 285 and Sr 166,,Not a Collision with Motor Vehicle,2,Cloudy,Dry,Daylight
2023-05-26T15:45:00.000,I 285,I 285 and Sr 166,,Rear End,3,Clear,Dry,Daylight
2023-10-26T07:50:00.000,I 285,I 285 and Sr 166,,Rear End,2,Clear,Dry,Daylight
2023-10-09T08:27:00.000,I 285,I 285 and Sr 166,,Rear End,2,Clear,Dry,Daylight
2023-10-20T16:14:00.000,I 285,I 285 and Sr 166,,Sideswipe-Same Direction,2,Cloudy,Dry,Daylight
2023-01-06T14:15:00.000,I 285,I 285 and Sr 166,,Sideswipe-Same Direction,2,Clear,Dry,Daylight
2023-04-20T10:28:00.000,I 285,I 285 and Sr 166,,Not a Collision with Motor Vehicle,1,Clear,Dry,Daylight
2023-12-28T17:30:00.000,I 285,I 285 and Sr 166,,Rear End,2,Clear,Dry,Dark-Not Lighted
2023-09-25T11:51:00.000,I 285,I 285 and Sr 166,,Rear End,2,Clear,Dry,Daylight
2023-05-25T18:42:00.000,I 285,I 285 and Sr 166,,Sideswipe-Same Direction,2,Clear,Dry,Daylight
2023-08-21T08:54:00.000,I 285,I 285 and Sr 166,,Angle Crash,3,Clear,Dry,Daylight
2024-11-12T07:23:00.000,I 285,I 285 and Sr 166,,Sideswipe-Same Direction,2,Clear,Dry,Daylight
2024-06-02T16:31:00.000,I 285,I 285 and Sr 166,,Sideswipe-Same Direction,4,Clear,Dry,Daylight
2024-01-19T23:37:00.000,I 285,I 285 and Sr 166,,Sideswipe-Same Direction,2,Clear,Dry,Dark-Lighted
2024-02-02T17:05:00.000,I 285,I 285 and Sr 166,,Rear End,3,Clear,Dry,Daylight
2024-02-12T09:08:00.000,I 285,I 285 and Sr 166,,Not a Collision with Motor Vehicle,1,Rain,Wet,Daylight
2024-09-26T17:09:00.000,I 285,I 285 and Sr 166,,Not a Collision with Motor Vehicle,1,Rain,Wet,Daylight
2024-07-07T11:40:00.000,I 285,I 285 and Sr 166,,Not a Collision with Motor Vehicle,1,Clear,Dry,Daylight
2024-10-25T06:28:00.000,I 285,I 285 and Sr 166,,Sideswipe-Same Direction,3,Clear,Dry,Dark-Not Lighted
2024-05-17T18:40:00.000,I 285,I 285 and Sr 166,,Sideswipe-Same Direction,2,Cloudy,Dry,Daylight
2024-11-07T09:44:00.000,I 285,I 285 and Sr 166,,Sideswipe-Same Direction,2,Cloudy,Dry,Daylight
2024-09-09T15:35:00.000,I 285,I 285 and Sr 166,,Sideswipe-Same Direction,3,Clear,Dry,Daylight
2024-09-03T20:08:00.000,I 285,I 285 and Sr 166,,Sideswipe-Same Direction,2,Cloudy,Dry,Dark-Not Lighted
2024-09-27T08:15:00.000,I 285,I 285 and Sr 166,,Sideswipe-Same Direction,2,Rain,Wet,Daylight
2024-03-01T16:58:00.000,I 285,I 285 and Sr 166,,Rear End,2,Rain,Wet,Daylight
2021-05-31T23:45:00.000,I 285,I 285 and Sr 141,,Not a Collision with Motor Vehicle,1,Clear,Dry,Dark-Not Lighted
2021-08-24T18:10:00.000,I 285,I 285 and Sr 141,,Sideswipe-Same Direction,2,Clear,Dry,Daylight
2021-07-04T00:20:00.000,I 285,I 285 and Sr 141,,Rear End,2,Clear,Dry,Dark-Not Lighted
2023-12-13T22:25:00.000,I 285,I 285 and Sr 141,,Rear End,2,Clear,Dry,Dark-Not Lighted
2023-12-13T22:25:00.000,I 285,I 285 and Sr 141,,Rear End,2,Clear,Dry,Dark-Not Lighted
2023-12-13T16:35:00.000,Sr 141,I 285 and Sr 141,,Rear End,2,Clear,Wet,Daylight
2020-11-21T13:40:00.000,I 285,I 285 and Sr 141,,Rear End,2,Clear,Dry,Daylight
2020-11-20T10:15:00.000,Sr 141,I 285 and Sr 141,,Sideswipe-Same Direction,2,Clear,Dry,Daylight
2021-06-04T19:30:00.000,I 285,I 285 and Sr 141,,Sideswipe-Same Direction,2,Cloudy,Dry,Daylight
2022-03-04T19:00:00.000,Sr 141,I 285 and Sr 141,,Rear End,2,Clear,Dry,Dark-Not Lighted
2022-03-21T19:52:00.000,I 285,I 285 and Sr 141,,Rear End,2,Clear,Dry,Daylight
2022-07-19T16:00:00.000,Sr 141,I 285 and Sr 141,,Rear End,2,Clear,Dry,Daylight
2022-03-02T17:35:00.000,I 285,I 285 and Sr 141,,Rear End,2,Clear,Dry,Daylight
2022-05-03T18:37:00.000,I 285,I 285 and Sr 141,,Rear End,2,Clear,Dry,Daylight
2022-04-05T17:33:00.000,I 285,I 285 and Sr 141,,Rear End,3,Cloudy,Wet,Daylight
2022-02-21T18:15:00.000,I 285,I 285 and Sr 141,,Rear End,2,Rain,Wet,Dusk
2022-03-10T19:35:00.000,I 285,I 285 and Sr 141,,Rear End,2,Clear,Dry,Dark-Not Lighted
2023-05-17T17:25:00.000,Sr 141,I 285 and Sr 141,,Rear End,2,Clear,Dry,Daylight
2024-10-06T14:58:00.000,I 285,I 285 and Sr 141,,Angle Crash,2,Clear,Dry,Daylight
2021-03-13T14:58:00.000,I 285,I 285 and Sr 139,,Rear End,2,Cloudy,Dry,Daylight
2021-08-18T19:10:00.000,I 285,I 285 and Sr 139,,Not a Collision with Motor Vehicle,1,Clear,Dry,Daylight
2021-05-04T17:40:00.000,I 285,I 285 and Sr 139,,Angle Crash,3,Rain,Wet,Daylight
2021-09-10T17:43:00.000,I 285,I 285 and Sr 139,,Not a Collision with Motor Vehicle,1,Clear,Dry,Daylight
2021-11-23T19:01:00.000,I 285,I 285 and Sr 139,,Rear End,2,Clear,Dry,Dawn
2021-01-01T02:49:00.000,I 285,I 285 and Sr 139,,Angle Crash,2,Rain,Wet,Dark-Lighted
2023-03-06T09:45:00.000,I 285,I 285 and Sr 139,,Rear End,2,Clear,Dry,Daylight
2023-01-25T05:57:00.000,I 285,I 285 and Sr 139,,Angle Crash,2,Rain,Wet,Dark-Not Lighted
2023-02-18T22:34:00.000,I 285,I 285 and Sr 139,,Sideswipe-Same Direction,2,Clear,Dry,Dark-Lighted
2023-11-03T17:15:00.000,I 285,I 285 and Sr 139,,Sideswipe-Same Direction,2,Clear,Dry,Daylight
2023-09-08T14:10:00.000,I 285,I 285 and Sr 139,,Sideswipe-Same Direction,3,Clear,Dry,Daylight
2022-05-20T11:28:00.000,I 285,I 285 and Sr 139,,Sideswipe-Same Direction,2,Clear,Dry,Daylight
2020-11-30T15:45:00.000,I 285,I 285 and Sr 139,,Sideswipe-Same Direction,2,Cloudy,Dry,Daylight
2021-02-01T14:35:00.000,I 285,I 285 and Sr 139,,Sideswipe-Same Direction,2,Cloudy,Dry,Daylight
2021-02-02T07:54:00.000,I 285,I 285 and Sr 139,,Angle Crash,3,Clear,Dry,Daylight
2021-07-28T23:20:00.000,I 285,I 285 and Sr 139,,Rear End,2,Cloudy,Wet,Dark-Not Lighted
2021-11-12T15:41:00.000,I 285,I 285 and Sr 139,,Angle Crash,4,Clear,Dry,Daylight
2022-05-25T09:25:00.000,I 285,I 285 and Sr 139,,Angle Crash,2,Cloudy,Dry,Daylight
2022-06-15T09:39:00.000,I 285,I 285 and Sr 139,,Angle Crash,2,Clear,Dry,Daylight
2022-01-12T17:46:00.000,I 285,I 285 and Sr 139,,Rear End,2,Clear,Dry,Dark-Lighted
2022-11-21T07:08:00.000,I 285,I 285 and Sr 139,,Sideswipe-Same Direction,2,Clear,Dry,Daylight
2022-03-24T08:17:00.000,I 285,I 285 and Sr 139,,Rear End,3,Clear,Dry,Daylight
2022-05-20T11:17:00.000,I 285,I 285 and Sr 139,,Sideswipe-Same Direction,2,Clear,Dry,Daylight
2022-05-03T17:26:00.000,I 285,I 285 and Sr 139,,Rear End,2,Clear,Dry,Daylight
2024-02-13T00:00:00.000,I 285,I 285 and Sr 139,,Rear End,2,Cloudy,Dry,Daylight
2023-01-04T07:00:00.000,I 285,I 285 and Sr 139,,Sideswipe-Same Direction,3,Rain,Wet,Dark-Not Lighted
2023-03-02T06:25:00.000,I 285,I 285 and Sr 139,,Sideswipe-Same Direction,2,Rain,Wet,Dark-Not Lighted
2023-08-01T16:45:00.000,I 285,I 285 and Sr 139,,Sideswipe-Same Direction,2,Clear,Dry,Daylight
2023-04-28T18:34:00.000,I 285,I 285 and Sr 139,,Sideswipe-Same Direction,2,Clear,Dry,Daylight
2023-03-18T02:58:00.000,I 285,I 285 and Sr 139,,Sideswipe-Same Direction,2,Clear,Dry,Dark-Lighted
2024-07-04T17:48:00.000,I 285,I 285 and Sr 139,,Sideswipe-Same Direction,2,Clear,Dry,Daylight
2024-12-14T19:30:00.000,I 285,I 285 and Sr 139,,Sideswipe-Same Direction,2,Clear,Dry,Daylight
2024-11-08T16:53:00.000,I 285,I 285 and Sr 139,,Rear End,2,Clear,Dry,Daylight
2021-04-09T11:52:00.000,I 285,I 285 and Spur14 Rp,,Rear End,2,Clear,Dry,Daylight
2020-07-28T12:57:00.000,I 285,I 285 and Spur14,,Rear End,2,Cloudy,Dry,Daylight
2021-09-18T23:49:00.000,I 285,I 285 and Spur 14 Rp,,Sideswipe-Same Direction,2,Rain,Wet,Dark-Not Lighted
2020-02-01T11:13:00.000,I 285,I 285 and Spur 14 Exit 62,,Not a Collision with Motor Vehicle,1,Cloudy,Dry,Daylight
2021-04-07T22:58:00.000,I 285,I 285 and Spur 14,,Angle Crash,2,Clear,Dry,Dark-Not Lighted
2021-05-15T14:05:00.000,I 285,I 285 and Spur 14,,Sideswipe-Same Direction,2,Clear,Dry,Daylight
2021-09-28T10:38:00.000,I 285,I 285 and Spur 14,,Not a Collision with Motor Vehicle,1,Clear,Dry,Daylight
2022-11-10T22:01:00.000,I 285,I 285 and Spur 14,,Angle Crash,2,Rain,Wet,Dark-Lighted
2020-07-02T18:30:00.000,I 285,I 285 and Spur 14,,Rear End,2,Clear,Dry,Daylight
2020-11-05T23:32:00.000,I 285,I 285 and Spur 14,,Not a Collision with Motor Vehicle,1,Clear,Dry,Dark-Not Lighted
2020-02-29T19:28:00.000,I 285,I 285 and Spur 14,,Rear End,3,Clear,Dry,Dark-Not Lighted
2020-11-30T03:56:00.000,I 285,I 285 and Spur 14,,Not a Collision with Motor Vehicle,1,Rain,Wet,Dark-Lighted
2021-05-01T22:16:00.000,I 285,I 285 and Spur 14,,Sideswipe-Same Direction,2,Clear,Dry,Dark-Not Lighted
2021-03-26T05:13:00.000,I 285,I 285 and Spur 14,,Not a Collision with Motor Vehicle,1,Rain,Wet,Dark-Not Lighted
2021-03-29T23:42:00.000,I 285,I 285 and Spur 14,,Sideswipe-Same Direction,2,Clear,Dry,Dark-Lighted
2021-12-09T19:24:00.000,I 285,I 285 and Spur 14,,Rear End,3,Clear,Dry,Dark-Not Lighted
2022-01-11T13:36:00.000,I 285,I 285 and Spur 14,,Rear End,2,Clear,Dry,Daylight
2022-11-15T12:15:00.000,I 285,I 285 and Spur 14,,Not a Collision with Motor Vehicle,1,Rain,Wet,Daylight
2024-07-30T01:26:00.000,I 285,I 285 and Spur 14,,Rear End,2,Clear,Dry,Dark-Not Lighted
2024-09-24T12:52:00.000,I 285,I 285 and Spur 14,,Rear End,3,Clear,Dry,Daylight
2023-10-08T02:18:00.000,I 285,I 285 and Springrun Way,,Not a Collision with Motor Vehicle,1,Clear,Dry,Dark-Not Lighted
2022-01-09T16:58:00.000,I 285,I 285 and Springrun Way,,Rear End,2,Rain,Wet,Daylight
2024-06-26T16:25:00.000,I 285,I 285 and Southpoint Dr,,Rear End,2,Cloudy,Dry,Daylight
2023-06-25T22:00:00.000,I 285,I 285 and Snapfinger Rd,,Rear End,2,Clear,Dry,Dark-Not Lighted
2023-08-02T00:00:00.000,I 285,I 285 and Snapfinger Rd,,Sideswipe-Same Direction,2,Cloudy,Dry,Daylight
2020-12-22T19:20:00.000,I 285,I 285 and Snapfinger Rd,,Sideswipe-Same Direction,5,Clear,Dry,Dark-Lighted
2020-02-21T18:45:00.000,I 285,I 285 and Snapfinger Rd,,Rear End,2,Clear,Dry,Daylight
2020-07-31T18:35:00.000,I 285,I 285 and Snapfinger Rd,,Sideswipe-Same Direction,2,Clear,Dry,Daylight
2024-03-31T00:55:00.000,I 285,I 285 and Snapfinger Rd,,Sideswipe-Same Direction,2,Clear,Dry,Dark-Lighted
2023-02-22T03:15:00.000,I 285,I 285 and Snapfinger Rd,,Sideswipe-Same Direction,2,Clear,Dry,Dark-Not Lighted
2024-12-18T12:50:00.000,I 285,I 285 and Snapfinger Rd,,Angle Crash,4,Clear,Dry,Daylight
2024-07-15T10:20:00.000,I 285,I 285 and Snapfinger Rd,,Angle Crash,2,Clear,Dry,Daylight
2024-09-19T00:00:00.000,I 285,I 285 and Snapfinger Rd,,Angle Crash,2,Clear,Dry,Daylight
2024-10-21T06:18:00.000,I 285,I 285 and Shallowford Rd,,Sideswipe-Same Direction,2,Clear,Dry,Dark-Lighted
2023-05-05T15:10:00.000,I 285,I 285 and Shabromat Way,,Sideswipe-Same Direction,2,Cloudy,Wet,Daylight
2024-12-30T12:29:00.000,I 285,I 285 and Shabromat Way,,Rear End,2,Clear,Dry,Daylight
2024-10-11T17:49:00.000,I 285,I 285 and Seaborn Pl,,Sideswipe-Same Direction,2,Clear,Dry,Daylight
2024-12-06T17:06:00.000,I 285,I 285 and Scott Cir,,Rear End,2,Clear,Dry,Dawn
2021-08-27T13:14:00.000,I 285,I 285 and Scobb Dr,,Sideswipe-Same Direction,2,Cloudy,Dry,Daylight
2021-03-05T12:02:00.000,I 285,I 285 and Scobb Dr,,Sideswipe-Same Direction,2,Clear,Dry,Daylight
2020-09-10T15:30:00.000,I 285,I 285 and Scobb Dr,,Sideswipe-Same Direction,2,Cloudy,Dry,Daylight
2020-08-21T12:23:00.000,I 285,I 285 and Scobb Dr,,Sideswipe-Same Direction,2,Rain,Wet,Daylight
2020-03-11T19:41:00.000,I 285,I 285 and Scobb Dr,,Rear End,2,Cloudy,Dry,Daylight
2020-12-21T17:56:00.000,I 285,I 285 and Scobb Dr,,Rear End,2,Clear,Dry,Dark-Not Lighted
2020-02-27T15:35:00.000,I 285,I 285 and Scobb Dr,,Rear End,2,Clear,Dry,Daylight
2020-08-04T00:02:00.000,I 285,I 285 and Scobb Dr,,Rear End,2,Clear,Dry,Daylight
2020-05-21T16:03:00.000,I 285,I 285 and Scobb Dr,,Sideswipe-Same Direction,2,Clear,Dry,Daylight
2021-08-05T12:44:00.000,I 285,I 285 and Scobb Dr,,Rear End,2,Clear,Dry,Daylight
2020-07-14T18:40:00.000,I 285,I 285 and Satlanta Rd,,Angle Crash,2,Clear,Dry,Daylight
2020-03-24T15:44:00.000,I 285,I 285 and Satlanta Rd,,Rear End,2,Cloudy,Dry,Daylight
2020-03-05T06:18:00.000,I 285,I 285 and Satlanta Rd,,Rear End,2,Rain,Wet,Dark-Not Lighted
2021-04-20T17:00:00.000,I 285,I 285 and Satlanta Rd,,Rear End,2,Clear,Dry,Daylight
2021-07-16T17:15:00.000,I 285,I 285 and Satlanta Rd,,Sideswipe-Same Direction,2,Cloudy,Dry,Daylight
2023-02-21T05:58:00.000,I 285,I 285 and Sandy Woods Ln,,Sideswipe-Same Direction,2,Clear,Dry,Dark-Not Lighted
2023-01-04T02:13:00.000,I 285,I 285 and Sandy Woods Ln,,Not a Collision with Motor Vehicle,1,Rain,Water (standing or moving),Dark-Not Lighted
2020-10-02T17:35:00.000,I 285,I 285 and Salem Xing,,Rear End,2,Clear,Dry,Daylight
2022-10-22T18:22:00.000,I 285,I 285 and Salem Xing,,Angle Crash,2,Clear,Dry,Daylight
2024-04-16T10:15:00.000,I 285,I 285 and Salem Xing,,Rear End,2,Clear,Dry,Daylight
2022-03-11T15:46:00.000,I 285,I 285 and S.R.400,,Angle Crash,2,Cloudy,Dry,Daylight
2021-12-20T06:00:00.000,I 285,I 285 and S.R. 6.,,Rear End,4,Clear,Dry,Dark-Lighted
2021-10-28T14:42:00.000,I 285,I 285 and S.R. 3 Cobb Pkwy,,Sideswipe-Same Direction,2,Rain,Wet,Daylight
2021-10-03T18:45:00.000,I 285,I 285 and S.R. 3 Cobb Pkwy,,Rear End,2,Rain,Wet,Daylight
2022-01-02T18:43:00.000,I 285,I 285 and S.R. 280 S Cobb Dr,,Rear End,2,Cloudy,Dry,Dark-Lighted
2021-10-22T18:00:00.000,I 285,I 285 and S.Cobb Dr,,Rear End,2,Clear,Dry,Daylight
2021-11-09T15:40:00.000,I 285,I 285 and S.Cobb Dr,,Rear End,3,Clear,Dry,Daylight
2021-10-22T13:30:00.000,I 285,I 285 and S.Cobb Dr,,Rear End,2,Clear,Dry,Daylight
2021-11-05T18:40:00.000,I 285,I 285 and S.Cobb Dr,,Rear End,2,Clear,Dry,Dawn
2022-02-21T23:10:00.000,I 285,I 285 and S.Cobb Dr,,Not a Collision with Motor Vehicle,1,Rain,Water (standing or moving),Dark-Not Lighted
2022-04-12T11:05:00.000,I 285,I 285 and S.Cobb Dr,,Sideswipe-Same Direction,2,Cloudy,Dry,Daylight
2022-04-21T14:52:00.000,I 285,I 285 and S.Cobb Dr,,Sideswipe-Same Direction,2,Clear,Dry,Daylight
2022-02-03T10:35:00.000,I 285,I 285 and S.Cobb Dr,,Sideswipe-Same Direction,2,Rain,Wet,Daylight
2022-04-07T14:22:00.000,I 285,I 285 and S.Cobb Dr,,Rear End,2,Clear,Dry,Daylight
2022-02-15T16:57:00.000,I 285,I 285 and S.Cobb Dr,,Rear End,2,Clear,Dry,Daylight
2022-04-21T13:09:00.000,I 285,I 285 and S.Cobb Dr,,Sideswipe-Same Direction,3,Cloudy,Dry,Daylight
2022-03-24T17:40:00.000,I 285,I 285 and S.Cobb Dr,,Rear End,2,Clear,Dry,Daylight
2022-01-27T18:55:00.000,I 285,I 285 and S.Cobb Dr,,Sideswipe-Same Direction,2,Clear,Dry,Dark-Not Lighted
2022-02-11T17:12:00.000,I 285,I 285 and S.Cobb Dr,,Rear End,2,Clear,Dry,Daylight
2021-12-03T17:22:00.000,I 285,I 285 and S.Atlanta Rd,,Rear End,2,Clear,Dry,Daylight
2023-08-01T16:15:00.000,I 285,I 285 and S. Loop Rd,,Sideswipe-Same Direction,2,Clear,Dry,Daylight
2023-05-25T14:42:00.000,I 285,I 285 and S. Loop Rd,,Rear End,2,Clear,Dry,Daylight
2023-04-07T15:28:00.000,I 285,I 285 and S. Loop Rd,,Sideswipe-Same Direction,2,Clear,Dry,Daylight
2023-04-13T15:47:00.000,I 285,I 285 and S. Loop Rd,,Sideswipe-Same Direction,2,Rain,Wet,Daylight
2024-07-25T06:40:00.000,I 285,I 285 and S. Inner Loop Rd,,Not a Collision with Motor Vehicle,1,Cloudy,Wet,Dawn
2024-01-19T23:37:00.000,I 285,I 285 and S. Fulton Pkwy Rp,,Sideswipe-Same Direction,3,Clear,Dry,Daylight
2022-08-11T07:50:00.000,I 285,I 285 and S. Cobb Dr.,,Not a Collision with Motor Vehicle,1,Clear,Dry,Daylight
2023-02-02T15:38:00.000,I 285,I 285 and S. Cobb Dr.,,Sideswipe-Same Direction,2,Rain,Wet,Daylight
2021-11-09T16:55:00.000,I 285,I 285 and S. Cobb Dr,,Rear End,2,Clear,Dry,Daylight
2023-05-19T07:08:00.000,I 285,I 285 and S. Cobb Dr,,Not a Collision with Motor Vehicle,1,Clear,Dry,Daylight
2023-05-22T09:49:00.000,I 285,I 285 and S. Cobb Dr,,Sideswipe-Same Direction,2,Cloudy,Dry,Daylight
2023-07-21T08:57:00.000,I 285,I 285 and S. Cobb Dr,,Sideswipe-Same Direction,2,Cloudy,Dry,Daylight
2021-12-22T16:47:00.000,I 285,I 285 and S. Cobb Dr,,Rear End,2,Clear,Dry,Daylight
2021-10-25T16:53:00.000,I 285,I 285 and S. Cobb Dr,,Rear End,2,Clear,Dry,Daylight
2022-01-06T16:30:00.000,I 285,I 285 and S. Cobb Dr,,Rear End,2,Rain,Wet,Daylight
2022-02-24T13:05:00.000,I 285,I 285 and S. Cobb Dr,,Rear End,2,Clear,Dry,Daylight
2022-07-01T10:13:00.000,I 285,I 285 and S. Cobb Dr,,Sideswipe-Same Direction,2,Rain,Wet,Daylight
2022-06-17T16:38:00.000,I 285,I 285 and S. Cobb Dr,,Rear End,2,Clear,Dry,Daylight
2022-06-16T17:07:00.000,I 285,I 285 and S. Cobb Dr,,Rear End,4,Clear,Dry,Daylight
2022-08-08T21:20:00.000,I 285,I 285 and S. Cobb Dr,,Sideswipe-Same Direction,2,Clear,Dry,Dark-Not Lighted
2022-04-01T15:55:00.000,I 285,I 285 and S. Cobb Dr,,Sideswipe-Same Direction,2,Clear,Dry,Daylight
2022-04-15T18:35:00.000,I 285,I 285 and S. Cobb Dr,,Rear End,5,Clear,Dry,Daylight
2024-01-12T10:24:00.000,I 285,I 285 and S. Cobb Dr,,Sideswipe-Same Direction,2,Rain,Wet,Daylight
2023-08-25T13:32:00.000,I 285,I 285 and S. Cobb Dr,,Rear End,2,Clear,Dry,Daylight
2023-06-02T10:59:00.000,I 285,I 285 and S. Cobb Dr,,Head On,2,Clear,Dry,Daylight
2023-11-29T08:30:00.000,I 285,I 285 and S. Cobb Dr,,Rear End,2,Clear,Dry,Daylight
2023-05-19T12:18:00.000,I 285,I 285 and S. Cobb Dr,,Not a Collision with Motor Vehicle,1,Clear,Dry,Daylight
2023-01-31T18:37:00.000,I 285,I 285 and S. Cobb Dr,,Rear End,2,Cloudy,Dry,Dark-Not Lighted
2023-11-29T16:40:00.000,I 285,I 285 and S. Cobb Dr,,Rear End,3,Clear,Dry,Daylight
2023-01-31T16:50:00.000,I 285,I 285 and S. Cobb Dr,,Rear End,2,Cloudy,Dry,Daylight
2024-04-25T07:36:00.000,I 285,I 285 and S. Cobb Dr,,Rear End,2,Clear,Dry,Daylight
2024-05-03T11:04:00.000,I 285,I 285 and S. Cobb Dr,,Not a Collision with Motor Vehicle,1,Clear,Wet,Daylight
2024-05-14T17:31:00.000,I 285,I 285 and S. Cobb Dr,,Rear End,3,Clear,Dry,Daylight