Date and Time,Roadway (From Crash Report),Intersection Name (from Crash Report),KABCO Severity,Manner of Collision (Crash Level) ,# of Vehicles per crash ,Weather Conditions (Crash Level),Surface Condition (Crash Level) ,Light Conditions (Crash Level)
2024-05-20T13:44:00.000,I 285,I 285 and S. Cobb Dr,,Not a Collision with Motor Vehicle,2,Clear,Dry,Daylight
2021-11-30T09:19:00.000,I 285,I 285 and S. Atlanta Rd,,Rear End,2,Clear,Dry,Daylight
2023-01-13T09:30:00.000,I 285,I 285 and S. Atlanta Rd,,Rear End,2,Clear,Dry,Daylight
2023-10-19T18:08:00.000,I 285,I 285 and S. Atlanta Rd,,Rear End,2,Clear,Dry,Daylight
2023-05-05T06:58:00.000,I 285,I 285 and S. Atlanta Rd,,Sideswipe-Same Direction,2,Cloudy,Dry,Daylight
2021-11-22T18:30:00.000,I 285,I 285 and S. Atlanta Rd,,Sideswipe-Same Direction,3,Clear,Dry,Dusk
2022-05-27T16:44:00.000,I 285,I 285 and S. Atlanta Rd,,Sideswipe-Same Direction,2,Clear,Dry,Daylight
2022-11-14T08:08:00.000,I 285,I 285 and S. Atlanta Rd,,Rear End,2,Clear,Dry,Daylight
2022-06-17T18:25:00.000,I 285,I 285 and S. Atlanta Rd,,Rear End,2,Clear,Dry,Daylight
2022-12-01T09:32:00.000,I 285,I 285 and S. Atlanta Rd,,Rear End,2,Clear,Dry,Daylight
2024-09-13T14:48:00.000,I 285,I 285 and S. Atlanta Rd,,Rear End,2,Clear,Dry,Daylight
2023-04-17T08:08:00.000,I 285,I 285 and S. Atlanta Rd,,Rear End,2,Clear,Dry,Daylight
2023-01-02T14:30:00.000,I 285,I 285 and S. Atlanta Rd,,Not a Collision with Motor Vehicle,1,Rain,Wet,Daylight
2023-01-02T14:30:00.000,I 285,I 285 and S. Atlanta Rd,,Angle Crash,2,Rain,Wet,Daylight
2023-10-26T19:00:00.000,I 285,I 285 and S. Atlanta Rd,,Sideswipe-Same Direction,2,Clear,Dry,Dusk
2021-07-14T16:31:00.000,I 285,I 285 and S Outter Loop Rd,,Rear End,3,Clear,Dry,Daylight
2020-11-23T16:31:00.000,I 285,I 285 and S Outter Loop Rd,,Rear End,2,Clear,Dry,Daylight
2020-06-05T00:00:00.000,I 285,I 285 and S Outter Loop Rd,,Not a Collision with Motor Vehicle,1,Clear,Dry,Daylight
2021-07-06T16:29:00.000,I 285,I 285 and S Outter Loop Rd,,Not a Collision with Motor Vehicle,1,Clear,Dry,Daylight
2021-06-02T00:00:00.000,I 285,I 285 and S Outter Loop,,Sideswipe-Same Direction,2,Clear,Dry,Daylight
2021-09-15T17:50:00.000,I 285,I 285 and S Outter Loop,,Rear End,5,Cloudy,Wet,Dusk
2021-03-09T20:12:00.000,I 285,I 285 and S Outer Loop Rd,,Head On,2,Clear,Dry,Dark-Not Lighted
2021-03-06T00:00:00.000,I 285,I 285 and S Outer Loop Rd,,Rear End,2,Clear,Dry,Dark-Not Lighted
2021-10-14T00:00:00.000,I 285,I 285 and S Outer Loop Rd,,Angle Crash,2,Clear,Dry,Daylight
2021-10-17T18:24:00.000,I 285,I 285 and S Outer Loop Rd,,Sideswipe-Same Direction,2,Clear,Dry,Daylight
2023-11-15T19:47:00.000,I 285,I 285 and S Outer Loop Rd,,Sideswipe-Same Direction,2,Clear,Dry,Dark-Not Lighted
2023-12-30T22:09:00.000,I 285,I 285 and S Outer Loop Rd,,Head On,2,Clear,Dry,Dark-Not Lighted
2023-09-30T18:07:00.000,I 285,I 285 and S Outer Loop Rd,,Rear End,2,Clear,Dry,Daylight
2023-11-25T18:31:00.000,I 285,I 285 and S Outer Loop Rd,,Sideswipe-Same Direction,2,Clear,Dry,Dark-Not Lighted
2022-03-26T19:23:00.000,I 285,I 285 and S Outer Loop Rd,,Rear End,2,Clear,Dry,Daylight
2020-03-05T03:30:00.000,I 285,I 285 and S Outer Loop Rd,,Not a Collision with Motor Vehicle,1,Rain,Wet,Dark-Lighted
2021-03-04T22:49:00.000,I 285,I 285 and S Outer Loop Rd,,Sideswipe-Same Direction,2,Clear,Dry,Dark-Not Lighted
2022-01-11T06:42:00.000,I 285,I 285 and S Outer Loop Rd,,Sideswipe-Same Direction,3,Clear,Dry,Dusk
2022-02-16T08:12:00.000,I 285,I 285 and S Outer Loop Rd,,Rear End,2,Clear,Dry,Daylight
2023-04-15T09:00:00.000,I 285,I 285 and S Outer Loop Rd,,Sideswipe-Same Direction,2,Clear,Dry,Daylight
2024-02-12T05:20:00.000,I 285,I 285 and S Outer Loop Rd,,Angle Crash,2,Rain,Wet,Dark-Not Lighted
2024-03-20T13:23:00.000,I 285,I 285 and S Outer Loop Rd,,Angle Crash,2,Clear,Dry,Daylight
2023-09-28T07:29:00.000,I 285,I 285 and S Outer Loop Rd,,Angle Crash,2,Clear,Dry,Daylight
2023-06-08T18:26:00.000,I 285,I 285 and S Outer Loop Rd,,Rear End,2,Clear,Dry,Daylight
2023-11-17T08:50:00.000,I 285,I 285 and S Outer Loop Rd,,Sideswipe-Same Direction,3,Cloudy,Dry,Daylight
2023-12-05T04:44:00.000,I 285,I 285 and S Outer Loop Rd,,Sideswipe-Same Direction,2,Clear,Dry,Dark-Not Lighted
2024-04-02T23:14:00.000,I 285,I 285 and S Outer Loop Rd,,Not a Collision with Motor Vehicle,1,Rain,Wet,Dark-Lighted
2021-06-05T01:40:00.000,I 285,I 285 and S Outer Loop,,Angle Crash,2,Clear,Dry,Dark-Not Lighted
2020-12-01T16:20:00.000,I 285,I 285 and S Outer Loop,,Rear End,2,Clear,Dry,Daylight
2020-01-27T17:22:00.000,I 285,I 285 and S Of Scobb Dr,,Not a Collision with Motor Vehicle,1,Cloudy,Dry,Daylight
2020-01-27T17:20:00.000,I 285,I 285 and S Of Scobb Dr,,Not a Collision with Motor Vehicle,1,Cloudy,Dry,Daylight
2023-05-02T07:42:00.000,I 285,I 285 and S Of S Cobb Dr,,Sideswipe-Same Direction,2,Clear,Dry,Daylight
2022-08-01T15:05:00.000,I 285,I 285 and S Of S Cobb Dr,,Sideswipe-Same Direction,2,Cloudy,Dry,Daylight
2023-04-06T13:42:00.000,I 285,I 285 and S Of S Cobb Dr,,Rear End,2,Cloudy,Dry,Daylight
2022-12-20T11:30:00.000,I 285,I 285 and S Of S Cobb Dr,,Rear End,2,Rain,Wet,Daylight
2023-09-22T14:22:00.000,I 285,I 285 and S Of S Cobb Dr,,Rear End,2,Clear,Dry,Daylight
2023-05-11T16:40:00.000,I 285,I 285 and S Of S Atlanta Rd,,Not a Collision with Motor Vehicle,1,Cloudy,Dry,Daylight
2023-09-22T16:15:00.000,I 285,I 285 and S Of Paces Ferry Rd,,Sideswipe-Same Direction,2,Clear,Dry,Daylight
2023-01-05T14:47:00.000,I 285,I 285 and S Of I20,,Rear End,2,Clear,Dry,Daylight
2023-01-10T16:30:00.000,I 285,I 285 and S Of I20,,Rear End,2,Clear,Dry,Daylight
2023-07-07T10:51:00.000,I 285,I 285 and S Of Donald Lee Hollowell,,Not a Collision with Motor Vehicle,2,Clear,Dry,Daylight
2023-01-23T15:25:00.000,I 285,I 285 and S Of Donald Lee Hollowell,,Sideswipe-Same Direction,2,Clear,Dry,Daylight
2022-09-15T08:10:00.000,I 285,I 285 and S Of Donald Lee Hollowell,,Sideswipe-Same Direction,3,Clear,Dry,Dawn
2020-02-11T06:00:00.000,I 285,I 285 and S Of Dl Hollowell Pkwy,,Rear End,4,Rain,Wet,Dark-Not Lighted
2023-02-09T06:42:00.000,I 285,I 285 and S Of Cumberland Blvd,,Sideswipe-Same Direction,2,Cloudy,Dry,Dark-Lighted
2022-11-29T17:12:00.000,I 285,I 285 and S Of Cobb Pkwy,,Rear End,2,Cloudy,Dry,Daylight
2022-11-22T18:35:00.000,I 285,I 285 and S Of Cobb Pkwy,,Sideswipe-Same Direction,2,Cloudy,Dry,Dusk
2022-12-20T14:38:00.000,I 285,I 285 and S Of Cobb Dr,,Sideswipe-Same Direction,2,Cloudy,Dry,Daylight
2020-11-19T21:30:00.000,I 285,I 285 and S Of Chamblee Tucker Rd,,Rear End,2,Clear,Dry,Dark-Not Lighted
2021-01-25T13:15:00.000,I 285,I 285 and S Of Cascade Rd,,Sideswipe-Same Direction,2,Cloudy,Dry,Daylight
2023-06-08T23:30:00.000,I 285,I 285 and S Of Boulder Park Drive Ov,,Sideswipe-Same Direction,2,Clear,Dry,Dark-Not Lighted
2023-09-21T13:45:00.000,I 285,I 285 and S Of Bolton Rd,,Not a Collision with Motor Vehicle,1,Cloudy,Dry,Daylight
2023-01-23T15:48:00.000,I 285,I 285 and S Of Bolton Rd,,Sideswipe-Same Direction,2,Clear,Dry,Daylight
2023-01-27T17:09:00.000,I 285,I 285 and S Of Atlanta Rd,,Angle Crash,2,Cloudy,Dry,Daylight
2023-01-27T13:17:00.000,I 285,I 285 and S Of Atlanta Rd,,Rear End,2,Clear,Dry,Daylight
2020-04-25T11:20:00.000,I 285,I 285 and S Loop Rd Rp,,Angle Crash,2,Clear,Dry,Daylight
2021-06-10T00:14:00.000,I 285,I 285 and S Loop Rd,,Rear End,3,Rain,Wet,Dark-Lighted
2021-05-27T16:00:00.000,I 285,I 285 and S Loop Rd,,Sideswipe-Same Direction,2,Clear,Dry,Daylight
2021-04-08T20:47:00.000,I 285,I 285 and S Loop Rd,,Sideswipe-Same Direction,2,Clear,Dry,Daylight
2021-02-23T21:40:00.000,I 285,I 285 and S Loop Rd,,Rear End,2,Clear,Dry,Dark-Not Lighted
2021-03-10T22:10:00.000,I 285,I 285 and S Loop Rd,,Sideswipe-Same Direction,2,Clear,Dry,Dark-Lighted
2021-08-19T17:16:00.000,I 285,I 285 and S Loop Rd,,Sideswipe-Same Direction,2,Clear,Dry,Daylight
2021-12-08T04:00:00.000,I 285,I 285 and S Loop Rd,,Sideswipe-Same Direction,2,Cloudy,Wet,Dark-Not Lighted
2021-10-15T06:38:00.000,I 285,I 285 and S Loop Rd,,Sideswipe-Same Direction,3,Clear,Dry,Dark-Lighted
2021-07-14T15:55:00.000,I 285,I 285 and S Loop Rd,,Rear End,2,Clear,Dry,Daylight
2021-01-20T18:09:00.000,I 285,I 285 and S Loop Rd,,Angle Crash,2,Clear,Dry,Dusk
2020-08-19T13:37:00.000,I 285,I 285 and S Loop Rd,,Sideswipe-Same Direction,2,Clear,Dry,Daylight
2023-11-22T00:21:00.000,I 285,I 285 and S Loop Rd,,Sideswipe-Same Direction,2,Clear,Wet,Dark-Lighted
2023-01-06T14:15:00.000,I 285,I 285 and S Loop Rd,,Rear End,2,Clear,Dry,Daylight
2023-04-01T14:18:00.000,I 285,I 285 and S Loop Rd,,Rear End,2,Clear,Dry,Daylight
2023-11-15T19:27:00.000,I 285,I 285 and S Loop Rd,,Sideswipe-Same Direction,3,Clear,Dry,Dark-Not Lighted
2023-02-21T13:09:00.000,I 285,I 285 and S Loop Rd,,Rear End,2,Clear,Dry,Daylight
2023-11-28T17:49:00.000,I 285,I 285 and S Loop Rd,,Rear End,2,Clear,Dry,Dark-Not Lighted
2023-04-29T11:51:00.000,I 285,I 285 and S Loop Rd,,Sideswipe-Same Direction,2,Clear,Dry,Daylight
2023-06-01T09:15:00.000,I 285,I 285 and S Loop Rd,,Rear End,3,Clear,Dry,Daylight
2023-02-22T20:53:00.000,I 285,I 285 and S Loop Rd,,Rear End,2,Clear,Dry,Dark-Not Lighted
2023-08-10T08:30:00.000,I 285,I 285 and S Loop Rd,,Rear End,2,Rain,Wet,Daylight
2023-09-30T16:05:00.000,I 285,I 285 and S Loop Rd,,Angle Crash,4,Clear,Dry,Daylight
2023-08-24T15:42:00.000,I 285,I 285 and S Loop Rd,,Rear End,2,Clear,Dry,Daylight
2022-12-27T11:00:00.000,I 285,I 285 and S Loop Rd,,Rear End,2,Clear,Dry,Daylight
2020-07-29T10:22:00.000,I 285,I 285 and S Loop Rd,,Sideswipe-Same Direction,2,Cloudy,Dry,Daylight
2020-06-24T12:50:00.000,I 285,I 285 and S Loop Rd,,Rear End,2,Clear,Dry,Daylight
2020-09-01T10:44:00.000,I 285,I 285 and S Loop Rd,,Sideswipe-Same Direction,2,Clear,Dry,Daylight
2020-10-09T09:22:00.000,I 285,I 285 and S Loop Rd,,Sideswipe-Same Direction,2,Clear,Dry,Daylight
2020-08-17T13:48:00.000,I 285,I 285 and S Loop Rd,,Sideswipe-Same Direction,3,Clear,Dry,Daylight
2020-03-09T22:34:00.000,I 285,I 285 and S Loop Rd,,Not a Collision with Motor Vehicle,1,Cloudy,Dry,Dark-Not Lighted
2020-01-02T08:25:00.000,I 285,I 285 and S Loop Rd,,Angle Crash,2,Rain,Wet,Daylight
2020-03-09T22:34:00.000,I 285,I 285 and S Loop Rd,,Not a Collision with Motor Vehicle,1,Cloudy,Dry,Dark-Not Lighted
2020-08-30T14:57:00.000,I 285,I 285 and S Loop Rd,,Rear End,2,Clear,Dry,Daylight
2021-05-04T18:04:00.000,I 285,I 285 and S Loop Rd,,Sideswipe-Same Direction,2,Rain,Dry,Daylight
2021-03-26T17:38:00.000,I 285,I 285 and S Loop Rd,,Rear End,2,Clear,Dry,Daylight
2021-02-19T18:21:00.000,I 285,I 285 and S Loop Rd,,Angle Crash,2,Clear,Dry,Dark-Lighted
2021-04-02T15:56:00.000,I 285,I 285 and S Loop Rd,,Sideswipe-Same Direction,2,Clear,Dry,Daylight
2021-08-29T09:37:00.000,I 285,I 285 and S Loop Rd,,Sideswipe-Same Direction,2,Clear,Dry,Daylight
2021-07-15T13:53:00.000,I 285,I 285 and S Loop Rd,,Sideswipe-Same Direction,2,Clear,Dry,Daylight
2022-05-12T15:50:00.000,I 285,I 285 and S Loop Rd,,Angle Crash,3,Clear,Dry,Daylight
2022-08-25T03:48:00.000,I 285,I 285 and S Loop Rd,,Sideswipe-Same Direction,2,Rain,Wet,Dark-Not Lighted
2022-10-28T15:10:00.000,I 285,I 285 and S Loop Rd,,Rear End,2,Clear,Dry,Daylight
2022-08-24T08:10:00.000,I 285,I 285 and S Loop Rd,,Sideswipe-Same Direction,2,Cloudy,Dry,Daylight
2021-08-26T19:21:00.000,I 285,I 285 and S Loop Rd,,Rear End,2,Clear,Dry,Daylight
2021-11-10T14:45:00.000,I 285,I 285 and S Loop Rd,,Sideswipe-Same Direction,2,Clear,Dry,Daylight
2022-12-10T05:22:00.000,I 285,I 285 and S Loop Rd,,Not a Collision with Motor Vehicle,1,Cloudy,Dry,Dawn
2022-10-30T20:08:00.000,I 285,I 285 and S Loop Rd,,Not a Collision with Motor Vehicle,1,Clear,Dry,Dark-Lighted
2022-09-02T22:58:00.000,I 285,I 285 and S Loop Rd,,Sideswipe-Same Direction,2,Clear,Dry,Dark-Not Lighted
2022-10-10T13:10:00.000,I 285,I 285 and S Loop Rd,,Sideswipe-Same Direction,2,Clear,Dry,Daylight
2022-08-28T18:30:00.000,I 285,I 285 and S Loop Rd,,Angle Crash,2,Clear,Dry,Daylight
2022-05-12T16:10:00.000,I 285,I 285 and S Loop Rd,,Rear End,2,Clear,Dry,Daylight
2022-02-12T08:15:00.000,I 285,I 285 and S Loop Rd,,Sideswipe-Same Direction,2,Clear,Dry,Daylight
2022-03-24T14:07:00.000,I 285,I 285 and S Loop Rd,,Angle Crash,2,Clear,Dry,Daylight
2024-12-06T07:50:00.000,I 285,I 285 and S Loop Rd,,Rear End,2,Clear,Dry,Daylight
2024-12-03T16:00:00.000,I 285,I 285 and S Loop Rd,,Sideswipe-Same Direction,2,Clear,Dry,Daylight
2024-08-02T16:18:00.000,I 285,I 285 and S Loop Rd,,Angle Crash,2,Clear,Dry,Daylight
2024-03-23T01:53:00.000,I 285,I 285 and S Loop Rd,,Not a Collision with Motor Vehicle,1,Clear,Wet,Dark-Lighted
2023-04-28T11:24:00.000,I 285,I 285 and S Loop Rd,,Sideswipe-Same Direction,2,Clear,Dry,Daylight
2023-06-06T08:59:00.000,I 285,I 285 and S Loop Rd,,Rear End,2,Clear,Dry,Daylight
2023-08-25T21:30:00.000,I 285,I 285 and S Loop Rd,,Rear End,2,Clear,Dry,Dark-Lighted
2023-08-23T00:00:00.000,I 285,I 285 and S Loop Rd,,Angle Crash,2,Clear,Dry,Daylight
2023-11-26T21:08:00.000,I 285,I 285 and S Loop Rd,,Sideswipe-Same Direction,2,Cloudy,Wet,Dark-Lighted
2023-06-27T12:39:00.000,I 285,I 285 and S Loop Rd,,Sideswipe-Same Direction,2,Clear,Dry,Daylight
2023-06-02T11:54:00.000,I 285,I 285 and S Loop Rd,,Sideswipe-Same Direction,2,Clear,Dry,Daylight
2023-04-07T06:10:00.000,I 285,I 285 and S Loop Rd,,Angle Crash,2,Clear,Wet,Dark-Lighted
2023-08-25T07:00:00.000,I 285,I 285 and S Loop Rd,,Sideswipe-Same Direction,2,Clear,Dry,Daylight
2023-04-20T18:50:00.000,I 285,I 285 and S Loop Rd,,Rear End,2,Clear,Dry,Daylight
2024-10-17T10:50:00.000,I 285,I 285 and S Loop Rd,,Sideswipe-Same Direction,2,Clear,Dry,Daylight
2024-02-26T07:45:00.000,I 285,I 285 and S Loop Rd,,Angle Crash,2,Clear,Dry,Daylight
2024-03-26T18:10:00.000,I 285,I 285 and S Loop Rd,,Angle Crash,2,Rain,Wet,Daylight
2024-04-18T21:33:00.000,I 285,I 285 and S Loop Rd,,Rear End,2,Clear,Dry,Dark-Lighted
2024-01-11T17:55:00.000,I 285,I 285 and S Loop Rd,,Sideswipe-Same Direction,4,Clear,Dry,Dark-Lighted
2024-10-10T19:10:00.000,I 285,I 285 and S Loop Rd,,Sideswipe-Same Direction,2,Clear,Dry,Daylight
2024-07-29T16:34:00.000,I 285,I 285 and S Loop Rd,,Rear End,2,Cloudy,Wet,Daylight
2024-07-17T15:58:00.000,I 285,I 285 and S Loop Rd,,Angle Crash,2,Cloudy,Dry,Daylight
2024-02-13T14:45:00.000,I 285,I 285 and S Loop Rd,,Sideswipe-Same Direction,2,Clear,Dry,Daylight
2024-08-23T14:40:00.000,I 285,I 285 and S Loop Rd,,Angle Crash,2,Clear,Dry,Daylight
2024-03-10T22:45:00.000,I 285,I 285 and S Loop Rd,,Not a Collision with Motor Vehicle,1,Clear,Dry,Dark-Not Lighted
2024-12-27T13:52:00.000,I 285,I 285 and S Loop Rd,,Sideswipe-Same Direction,2,Clear,Dry,Daylight
2024-09-30T09:55:00.000,I 285,I 285 and S Loop Rd,,Sideswipe-Same Direction,2,Clear,Dry,Daylight
2024-03-15T16:20:00.000,I 285,I 285 and S Loop Rd,,Sideswipe-Same Direction,2,Clear,Dry,Daylight
2024-12-27T15:14:00.000,I 285,I 285 and S Loop Rd,,Head On,2,Clear,Dry,Daylight
2024-02-22T17:12:00.000,I 285,I 285 and S Loop Rd,,Sideswipe-Same Direction,2,Clear,Dry,Daylight
2023-12-26T15:50:00.000,I 285,I 285 and S Loop,,Sideswipe-Same Direction,2,Cloudy,Dry,Daylight
2021-10-18T16:00:00.000,I 285,I 285 and S Loop,,Rear End,2,Clear,Dry,Daylight
2024-03-13T18:30:00.000,I 285,I 285 and S Loop,,Rear End,2,Clear,Dry,Daylight
2020-02-19T06:44:00.000,I 285,I 285 and S Inner Loop Rd,,Not a Collision with Motor Vehicle,1,Cloudy,Wet,Dusk
2020-10-15T12:20:00.000,I 285,I 285 and S Inner Loop Rd,,Sideswipe-Same Direction,2,Cloudy,Dry,Daylight
2021-09-02T17:20:00.000,I 285,I 285 and S Inner Loop Rd,,Rear End,2,Clear,Dry,Daylight
2022-02-09T10:40:00.000,I 285,I 285 and S Inner Loop Rd,,Angle Crash,2,Clear,Dry,Daylight
2021-05-22T16:33:00.000,I 285,I 285 and S Inner Loop Dr,,Sideswipe-Same Direction,2,Clear,Dry,Daylight
2021-04-26T16:34:00.000,I 285,I 285 and S Fulton Pkwy,,Sideswipe-Same Direction,2,Clear,Dry,Daylight
2021-08-06T15:18:00.000,I 285,I 285 and S Fulton Pkwy,,Rear End,2,Clear,Dry,Daylight
2020-01-29T15:48:00.000,I 285,I 285 and S Fulton Pkwy,,Rear End,2,Clear,Dry,Daylight
2024-12-13T22:13:00.000,I 285,I 285 and S Fulton Pkwy,,Rear End,3,Clear,Dry,Dark-Lighted
2021-07-07T18:16:00.000,I 285,I 285 and S Fulton Old National Rp,,Rear End,2,Clear,Dry,Daylight
2023-09-11T11:39:00.000,I 285,I 285 and S Cobb Rd,,Rear End,2,Clear,Dry,Daylight
2021-03-24T08:59:00.000,I 285,I 285 and S Cobb Pkwy,,Sideswipe-Same Direction,2,Clear,Dry,Daylight
2022-06-02T10:43:00.000,I 285,I 285 and S Cobb Pkwy,,Rear End,3,Clear,Dry,Daylight
2020-01-16T17:50:00.000,I 285,I 285 and S Cobb Driver,,Not a Collision with Motor Vehicle,1,Clear,Dry,Dark-Lighted
2024-12-19T17:39:00.000,I 285,I 285 and S Cobb Driver,,Rear End,2,Clear,Dry,Dark-Lighted
2022-05-23T07:00:00.000,I 285,I 285 and S Cobb Drive Opas,,Not a Collision with Motor Vehicle,1,Rain,Wet,Daylight
2022-04-15T15:30:00.000,I 285,I 285 and S Cobb Drive Opas,,Angle Crash,2,Clear,Dry,Daylight
2022-04-14T08:44:00.000,I 285,I 285 and S Cobb Drive Opas,,Rear End,2,Clear,Dry,Daylight
2024-06-13T16:09:00.000,I 285,I 285 and S Cobb Drive Opas,,Rear End,2,Cloudy,Dry,Daylight
2020-11-02T15:15:00.000,I 285,I 285 and S Cobb Drive Near Mile Marker,,Rear End,2,Clear,Dry,Daylight
2020-10-05T19:10:00.000,I 285,I 285 and S Cobb Drive Exit Rp,,Rear End,2,Clear,Dry,Daylight
2021-06-18T16:40:00.000,I 285,I 285 and S Cobb Drive Entrance Rp,,Sideswipe-Same Direction,2,Clear,Dry,Daylight
2023-09-19T15:21:00.000,I 285,I 285 and S Cobb Dr.,,Rear End,3,Clear,Dry,Daylight
2022-09-09T09:42:00.000,I 285,I 285 and S Cobb Dr.,,Sideswipe-Same Direction,2,Cloudy,Dry,Daylight
2022-03-11T16:18:00.000,I 285,I 285 and S Cobb Dr.,,Rear End,2,Cloudy,Dry,Daylight
2024-03-12T15:37:00.000,I 285,I 285 and S Cobb Dr.,,Rear End,2,Clear,Dry,Daylight
2023-03-10T15:51:00.000,I 285,I 285 and S Cobb Dr.,,Rear End,2,Cloudy,Dry,Daylight
2023-03-27T15:20:00.000,I 285,I 285 and S Cobb Dr.,,Not a Collision with Motor Vehicle,1,Clear,Dry,Daylight
2023-10-05T15:54:00.000,I 285,I 285 and S Cobb Dr.,,Rear End,2,Clear,Dry,Daylight
2020-10-13T17:24:00.000,I 285,I 285 and S Cobb Dr Exit 15,,Rear End,2,Clear,Dry,Daylight
2021-04-26T14:27:00.000,I 285,I 285 and S Cobb Dr,,Sideswipe-Same Direction,3,Clear,Dry,Daylight
2021-04-13T17:11:00.000,I 285,I 285 and S Cobb Dr,,Rear End,2,Clear,Dry,Daylight
2021-06-04T15:00:00.000,I 285,I 285 and S Cobb Dr,,Rear End,2,Clear,Dry,Daylight
2021-02-11T11:23:00.000,I 285,I 285 and S Cobb Dr,,Angle Crash,2,Rain,Dry,Daylight
2021-05-03T14:27:00.000,I 285,I 285 and S Cobb Dr,,Angle Crash,3,Rain,Wet,Daylight
2021-02-23T11:54:00.000,I 285,I 285 and S Cobb Dr,,Not a Collision with Motor Vehicle,2,Cloudy,Dry,Daylight
2021-04-20T14:24:00.000,I 285,I 285 and S Cobb Dr,,Rear End,2,Cloudy,Dry,Daylight
2021-03-03T08:25:00.000,I 285,I 285 and S Cobb Dr,,Sideswipe-Same Direction,2,Clear,Dry,Daylight
2021-02-07T05:30:00.000,I 285,I 285 and S Cobb Dr,,Rear End,1,Clear,Dry,Dark-Lighted
2021-03-01T08:38:00.000,I 285,I 285 and S Cobb Dr,,Rear End,2,Rain,Wet,Daylight
2021-04-06T16:27:00.000,I 285,I 285 and S Cobb Dr,,Rear End,2,Clear,Dry,Daylight
2021-03-16T01:17:00.000,I 285,I 285 and S Cobb Dr,,Not a Collision with Motor Vehicle,1,Rain,Wet,Dark-Not Lighted
2021-02-25T16:00:00.000,I 285,I 285 and S Cobb Dr,,Sideswipe-Same Direction,2,Clear,Dry,Daylight
2021-06-11T13:44:00.000,I 285,I 285 and S Cobb Dr,,Rear End,2,Cloudy,Wet,Daylight
2021-10-22T19:08:00.000,I 285,I 285 and S Cobb Dr,,Rear End,2,Clear,Dry,Dusk
2021-11-19T21:44:00.000,I 285,I 285 and S Cobb Dr,,Sideswipe-Same Direction,2,Clear,Dry,Dark-Lighted
2021-07-14T17:03:00.000,I 285,I 285 and S Cobb Dr,,Rear End,2,Cloudy,Dry,Daylight
2021-10-08T22:00:00.000,I 285,I 285 and S Cobb Dr,,Sideswipe-Same Direction,2,Clear,Dry,Daylight
2021-08-19T18:29:00.000,I 285,I 285 and S Cobb Dr,,Sideswipe-Same Direction,2,Cloudy,Wet,Daylight
2021-12-18T19:17:00.000,I 285,I 285 and S Cobb Dr,,Rear End,2,Rain,Wet,Dark-Not Lighted
2021-11-10T10:28:00.000,I 285,I 285 and S Cobb Dr,,Angle Crash,2,Clear,Dry,Daylight
2021-09-23T16:20:00.000,I 285,I 285 and S Cobb Dr,,Rear End,3,Clear,Dry,Daylight
2021-10-19T15:28:00.000,I 285,I 285 and S Cobb Dr,,Rear End,3,Clear,Dry,Daylight
2021-07-10T13:37:00.000,I 285,I 285 and S Cobb Dr,,Angle Crash,3,Cloudy,Wet,Daylight
2021-07-20T00:00:00.000,I 285,I 285 and S Cobb Dr,,Sideswipe-Same Direction,2,Rain,Wet,Dark-Lighted
2021-07-12T16:55:00.000,I 285,I 285 and S Cobb Dr,,Angle Crash,2,Cloudy,Dry,Daylight
2021-07-12T16:05:00.000,I 285,I 285 and S Cobb Dr,,Rear End,2,Cloudy,Dry,Daylight
2021-07-21T18:14:00.000,I 285,I 285 and S Cobb Dr,,Rear End,2,Clear,Dry,Daylight
2021-12-03T13:33:00.000,I 285,I 285 and S Cobb Dr,,Not a Collision with Motor Vehicle,1,Clear,Dry,Daylight
2021-12-29T09:35:00.000,I 285,I 285 and S Cobb Dr,,Sideswipe-Same Direction,2,Rain,Wet,Daylight
2021-09-03T17:50:00.000,I 285,I 285 and S Cobb Dr,,Rear End,2,Clear,Dry,Daylight
2021-10-17T19:20:00.000,I 285,I 285 and S Cobb Dr,,Rear End,2,Clear,Dry,Dark-Lighted
2021-07-03T15:17:00.000,I 285,I 285 and S Cobb Dr,,Rear End,2,Cloudy,Dry,Daylight
2021-09-27T16:15:00.000,I 285,I 285 and S Cobb Dr,,Rear End,2,Clear,Dry,Daylight
2021-03-12T13:00:00.000,I 285,I 285 and S Cobb Dr,,Sideswipe-Same Direction,2,Clear,Dry,Daylight
2021-04-12T23:30:00.000,I 285,I 285 and S Cobb Dr,,Angle Crash,2,Clear,Dry,Dark-Lighted
2021-04-16T04:00:00.000,I 285,I 285 and S Cobb Dr,,Rear End,2,Clear,Dry,Dark-Lighted
2021-06-14T16:32:00.000,I 285,I 285 and S Cobb Dr,,Rear End,2,Cloudy,Dry,Daylight
2021-06-18T01:00:00.000,I 285,I 285 and S Cobb Dr,,Rear End,2,Clear,Dry,Dark-Not Lighted
2021-04-02T04:01:00.000,I 285,I 285 and S Cobb Dr,,Sideswipe-Same Direction,2,Clear,Dry,Dark-Lighted
2021-02-27T06:39:00.000,I 285,I 285 and S Cobb Dr,,Sideswipe-Same Direction,2,Cloudy,Wet,Dark-Not Lighted
2021-03-06T11:15:00.000,I 285,I 285 and S Cobb Dr,,Sideswipe-Same Direction,2,Cloudy,Dry,Daylight
2021-04-21T15:45:00.000,I 285,I 285 and S Cobb Dr,,Rear End,4,Clear,Dry,Daylight