Date and Time,Roadway (From Crash Report),Intersection Name (from Crash Report),KABCO Severity,Manner of Collision (Crash Level) ,# of Vehicles per crash ,Weather Conditions (Crash Level),Surface Condition (Crash Level) ,Light Conditions (Crash Level)
2021-05-21T14:58:00.000,I 285,I 285 and S Cobb Dr,,Rear End,2,Clear,Dry,Daylight
2021-04-26T18:19:00.000,I 285,I 285 and S Cobb Dr,,Sideswipe-Same Direction,2,Clear,Dry,Daylight
2021-04-20T17:19:00.000,I 285,I 285 and S Cobb Dr,,Rear End,2,Clear,Dry,Daylight
2021-06-17T14:20:00.000,I 285,I 285 and S Cobb Dr,,Rear End,2,Clear,Dry,Daylight
2021-06-17T23:14:00.000,I 285,I 285 and S Cobb Dr,,Rear End,3,Clear,Dry,Dark-Lighted
2021-03-12T17:32:00.000,I 285,I 285 and S Cobb Dr,,Rear End,2,Cloudy,Dry,Daylight
2021-03-04T18:30:00.000,I 285,I 285 and S Cobb Dr,,Rear End,2,Clear,Dry,Daylight
2021-04-19T15:05:00.000,I 285,I 285 and S Cobb Dr,,Sideswipe-Same Direction,2,Clear,Dry,Daylight
2021-06-04T15:45:00.000,I 285,I 285 and S Cobb Dr,,Sideswipe-Same Direction,2,Clear,Dry,Daylight
2021-06-27T01:34:00.000,I 285,I 285 and S Cobb Dr,,Not a Collision with Motor Vehicle,1,Clear,Dry,Dark-Not Lighted
2021-03-31T18:55:00.000,I 285,I 285 and S Cobb Dr,,Angle Crash,2,Cloudy,Wet,Daylight
2021-04-09T21:40:00.000,I 285,I 285 and S Cobb Dr,,Sideswipe-Same Direction,2,Clear,Dry,Dark-Not Lighted
2021-01-04T09:41:00.000,I 285,I 285 and S Cobb Dr,,Sideswipe-Same Direction,2,Clear,Dry,Daylight
2021-03-24T21:27:00.000,I 285,I 285 and S Cobb Dr,,Sideswipe-Same Direction,2,Clear,Dry,Dark-Not Lighted
2021-04-23T14:19:00.000,I 285,I 285 and S Cobb Dr,,Rear End,3,Cloudy,Dry,Daylight
2021-04-29T23:55:00.000,I 285,I 285 and S Cobb Dr,,Sideswipe-Same Direction,1,Rain,Wet,Dark-Not Lighted
2021-01-11T08:45:00.000,I 285,I 285 and S Cobb Dr,,Not a Collision with Motor Vehicle,1,Cloudy,Dry,Daylight
2021-06-10T20:45:00.000,I 285,I 285 and S Cobb Dr,,Not a Collision with Motor Vehicle,1,Rain,Wet,Dark-Not Lighted
2021-04-08T15:49:00.000,I 285,I 285 and S Cobb Dr,,Sideswipe-Same Direction,1,Cloudy,Dry,Daylight
2021-03-17T18:13:00.000,I 285,I 285 and S Cobb Dr,,Rear End,2,Clear,Water (standing or moving),Daylight
2021-04-10T12:05:00.000,I 285,I 285 and S Cobb Dr,,Not a Collision with Motor Vehicle,1,Rain,Wet,Daylight
2021-02-22T15:01:00.000,I 285,I 285 and S Cobb Dr,,Sideswipe-Same Direction,2,Cloudy,Dry,Daylight
2021-06-22T17:00:00.000,I 285,I 285 and S Cobb Dr,,Rear End,2,Cloudy,Dry,Daylight
2021-05-10T01:47:00.000,I 285,I 285 and S Cobb Dr,,Not a Collision with Motor Vehicle,1,Rain,Wet,Dark-Not Lighted
2021-09-22T16:45:00.000,I 285,I 285 and S Cobb Dr,,Rear End,2,Cloudy,Dry,Daylight
2021-11-13T14:53:00.000,I 285,I 285 and S Cobb Dr,,Sideswipe-Same Direction,2,Clear,Dry,Daylight
2021-11-19T16:10:00.000,I 285,I 285 and S Cobb Dr,,Rear End,2,Clear,Dry,Daylight
2021-07-23T20:04:00.000,I 285,I 285 and S Cobb Dr,,Rear End,2,Cloudy,Dry,Daylight
2021-08-14T00:40:00.000,I 285,I 285 and S Cobb Dr,,Rear End,2,Clear,Dry,Dark-Lighted
2021-11-15T23:45:00.000,I 285,I 285 and S Cobb Dr,,Sideswipe-Same Direction,2,Clear,Dry,Dark-Lighted
2021-07-23T21:31:00.000,I 285,I 285 and S Cobb Dr,,Not a Collision with Motor Vehicle,1,Cloudy,Dry,Dark-Not Lighted
2021-12-18T20:16:00.000,I 285,I 285 and S Cobb Dr,,Rear End,3,Rain,Wet,Dark-Not Lighted
2021-11-06T13:55:00.000,I 285,I 285 and S Cobb Dr,,Rear End,2,Clear,Dry,Daylight
2021-12-09T12:50:00.000,I 285,I 285 and S Cobb Dr,,Sideswipe-Same Direction,2,Cloudy,Dry,Daylight
2021-07-12T18:17:00.000,I 285,I 285 and S Cobb Dr,,Not a Collision with Motor Vehicle,2,Cloudy,Dry,Daylight
2021-09-25T12:47:00.000,I 285,I 285 and S Cobb Dr,,Rear End,2,Clear,Dry,Daylight
2021-09-26T20:12:00.000,I 285,I 285 and S Cobb Dr,,Sideswipe-Same Direction,2,Clear,Dry,Dark-Not Lighted
2021-10-21T08:00:00.000,I 285,I 285 and S Cobb Dr,,Rear End,2,Cloudy,Dry,Daylight
2021-07-02T16:23:00.000,I 285,I 285 and S Cobb Dr,,Rear End,2,Clear,Dry,Daylight
2021-11-19T22:26:00.000,I 285,I 285 and S Cobb Dr,,Rear End,2,Clear,Dry,Dark-Lighted
2021-12-14T18:50:00.000,I 285,I 285 and S Cobb Dr,,Rear End,2,Clear,Dry,Dark-Not Lighted
2021-10-16T17:21:00.000,I 285,I 285 and S Cobb Dr,,Rear End,2,Clear,Dry,Daylight
2021-07-08T17:49:00.000,I 285,I 285 and S Cobb Dr,,Rear End,2,Cloudy,Dry,Daylight
2021-12-22T05:25:00.000,I 285,I 285 and S Cobb Dr,,Rear End,2,Clear,Dry,Daylight
2021-10-12T22:40:00.000,I 285,I 285 and S Cobb Dr,,Sideswipe-Same Direction,2,Clear,Dry,Dark-Lighted
2021-11-19T15:48:00.000,I 285,I 285 and S Cobb Dr,,Rear End,2,Clear,Dry,Daylight
2021-12-11T19:05:00.000,I 285,I 285 and S Cobb Dr,,Sideswipe-Same Direction,2,Rain,Wet,Dark-Lighted
2021-05-12T05:37:00.000,I 285,I 285 and S Cobb Dr,,Angle Crash,1,Rain,Wet,Dark-Lighted
2021-06-19T00:10:00.000,I 285,I 285 and S Cobb Dr,,Angle Crash,2,Clear,Dry,Dark-Lighted
2021-05-01T21:18:00.000,I 285,I 285 and S Cobb Dr,,Rear End,2,Clear,Dry,Dark-Lighted
2021-01-30T13:52:00.000,I 285,I 285 and S Cobb Dr,,Rear End,2,Cloudy,Dry,Daylight
2021-03-08T12:50:00.000,I 285,I 285 and S Cobb Dr,,Angle Crash,2,Clear,Dry,Daylight
2021-05-10T17:20:00.000,I 285,I 285 and S Cobb Dr,,Rear End,2,Cloudy,Dry,Daylight
2021-02-25T15:36:00.000,I 285,I 285 and S Cobb Dr,,Sideswipe-Same Direction,2,Clear,Dry,Daylight
2021-04-02T02:45:00.000,I 285,I 285 and S Cobb Dr,,Sideswipe-Same Direction,2,Clear,Dry,Dark-Lighted
2021-03-11T07:53:00.000,I 285,I 285 and S Cobb Dr,,Not a Collision with Motor Vehicle,2,Cloudy,Dry,Daylight
2021-05-19T17:40:00.000,I 285,I 285 and S Cobb Dr,,Sideswipe-Same Direction,2,Clear,Dry,Daylight
2021-02-09T20:55:00.000,I 285,I 285 and S Cobb Dr,,Not a Collision with Motor Vehicle,1,Rain,Wet,Dark-Lighted
2021-03-04T09:29:00.000,I 285,I 285 and S Cobb Dr,,Not a Collision with Motor Vehicle,1,Cloudy,Dry,Daylight
2021-06-24T17:06:00.000,I 285,I 285 and S Cobb Dr,,Rear End,2,Cloudy,Dry,Daylight
2021-01-27T17:20:00.000,I 285,I 285 and S Cobb Dr,,Rear End,2,Rain,Wet,Daylight
2021-05-06T14:20:00.000,I 285,I 285 and S Cobb Dr,,Rear End,2,Clear,Dry,Daylight
2021-03-26T18:26:00.000,I 285,I 285 and S Cobb Dr,,Rear End,2,Clear,Dry,Daylight
2021-04-08T16:06:00.000,I 285,I 285 and S Cobb Dr,,Rear End,2,Cloudy,Dry,Daylight
2021-05-04T19:34:00.000,I 285,I 285 and S Cobb Dr,,Angle Crash,2,Rain,Wet,Dark-Not Lighted
2021-04-09T13:13:00.000,I 285,I 285 and S Cobb Dr,,Sideswipe-Same Direction,2,Cloudy,Dry,Daylight
2021-05-08T16:45:00.000,I 285,I 285 and S Cobb Dr,,Rear End,2,Clear,Dry,Daylight
2021-03-28T11:40:00.000,I 285,I 285 and S Cobb Dr,,Sideswipe-Same Direction,2,Rain,Wet,Daylight
2021-06-05T14:08:00.000,I 285,I 285 and S Cobb Dr,,Rear End,2,Clear,Dry,Daylight
2021-02-20T05:43:00.000,I 285,I 285 and S Cobb Dr,,Sideswipe-Same Direction,2,Clear,Dry,Dark-Lighted
2021-02-06T14:40:00.000,I 285,I 285 and S Cobb Dr,,Not a Collision with Motor Vehicle,1,Cloudy,Dry,Daylight
2021-02-11T21:00:00.000,I 285,I 285 and S Cobb Dr,,Sideswipe-Same Direction,3,Rain,Wet,Dark-Not Lighted
2021-09-28T15:00:00.000,I 285,I 285 and S Cobb Dr,,Rear End,3,Clear,Dry,Daylight
2021-12-02T09:05:00.000,I 285,I 285 and S Cobb Dr,,Rear End,2,Clear,Dry,Daylight
2021-09-29T17:08:00.000,I 285,I 285 and S Cobb Dr,,Rear End,2,Clear,Dry,Daylight
2021-08-10T17:45:00.000,I 285,I 285 and S Cobb Dr,,Rear End,2,Cloudy,Dry,Daylight
2021-10-18T15:32:00.000,I 285,I 285 and S Cobb Dr,,Sideswipe-Same Direction,2,Clear,Dry,Daylight
2021-12-14T19:00:00.000,I 285,I 285 and S Cobb Dr,,Rear End,2,Clear,Dry,Dark-Not Lighted
2021-11-21T02:02:00.000,I 285,I 285 and S Cobb Dr,,Angle Crash,3,Clear,Dry,Dark-Not Lighted
2021-10-07T15:44:00.000,I 285,I 285 and S Cobb Dr,,Rear End,2,Cloudy,Dry,Daylight
2021-12-08T07:56:00.000,I 285,I 285 and S Cobb Dr,,Rear End,2,Cloudy,Wet,Daylight
2021-07-28T12:58:00.000,I 285,I 285 and S Cobb Dr,,Rear End,3,Cloudy,Dry,Daylight
2021-12-09T17:20:00.000,I 285,I 285 and S Cobb Dr,,Rear End,2,Clear,Dry,Dark-Not Lighted
2021-08-17T11:30:00.000,I 285,I 285 and S Cobb Dr,,Not a Collision with Motor Vehicle,1,Rain,Wet,Daylight
2021-11-23T20:13:00.000,I 285,I 285 and S Cobb Dr,,Rear End,2,Clear,Dry,Dark-Not Lighted
2021-12-04T17:58:00.000,I 285,I 285 and S Cobb Dr,,Sideswipe-Same Direction,2,Clear,Dry,Dark-Not Lighted
2021-08-18T17:49:00.000,I 285,I 285 and S Cobb Dr,,Sideswipe-Same Direction,2,Clear,Dry,Daylight
2021-08-23T14:07:00.000,I 285,I 285 and S Cobb Dr,,Sideswipe-Same Direction,2,Cloudy,Dry,Daylight
2021-11-29T17:22:00.000,I 285,I 285 and S Cobb Dr,,Rear End,2,Clear,Dry,Daylight
2021-12-16T15:02:00.000,I 285,I 285 and S Cobb Dr,,Rear End,2,Cloudy,Dry,Daylight
2021-11-11T21:45:00.000,I 285,I 285 and S Cobb Dr,,Angle Crash,2,Rain,Dry,Dark-Not Lighted
2021-06-13T18:55:00.000,I 285,I 285 and S Cobb Dr,,Rear End,2,Clear,Dry,Daylight
2021-02-18T02:10:00.000,I 285,I 285 and S Cobb Dr,,Sideswipe-Same Direction,2,Rain,Wet,Dark-Not Lighted
2021-06-22T06:12:00.000,I 285,I 285 and S Cobb Dr,,Sideswipe-Same Direction,2,Rain,Wet,Dark-Not Lighted
2021-01-04T13:15:00.000,I 285,I 285 and S Cobb Dr,,Angle Crash,2,Clear,Dry,Daylight
2021-04-24T17:50:00.000,I 285,I 285 and S Cobb Dr,,Not a Collision with Motor Vehicle,1,Cloudy,Wet,Daylight
2021-06-04T11:00:00.000,I 285,I 285 and S Cobb Dr,,Sideswipe-Same Direction,2,Cloudy,Dry,Daylight
2021-04-04T01:40:00.000,I 285,I 285 and S Cobb Dr,,Sideswipe-Same Direction,3,Clear,Dry,Dark-Lighted
2021-01-15T16:35:00.000,I 285,I 285 and S Cobb Dr,,Rear End,3,Cloudy,Dry,Daylight
2021-04-05T18:52:00.000,I 285,I 285 and S Cobb Dr,,Not a Collision with Motor Vehicle,1,Clear,Dry,Daylight
2021-03-16T19:35:00.000,I 285,I 285 and S Cobb Dr,,Not a Collision with Motor Vehicle,1,Rain,Wet,Daylight
2020-07-06T18:30:00.000,I 285,I 285 and S Cobb Dr,,Sideswipe-Same Direction,2,Cloudy,Dry,Daylight
2020-06-12T19:27:00.000,I 285,I 285 and S Cobb Dr,,Rear End,2,Clear,Dry,Daylight
2020-07-21T11:26:00.000,I 285,I 285 and S Cobb Dr,,Angle Crash,2,Clear,Dry,Daylight
2020-06-19T06:11:00.000,I 285,I 285 and S Cobb Dr,,Sideswipe-Same Direction,2,Clear,Dry,Dark-Lighted
2020-02-21T18:53:00.000,I 285,I 285 and S Cobb Dr,,Rear End,2,Clear,Dry,Dark-Not Lighted
2020-10-15T14:14:00.000,I 285,I 285 and S Cobb Dr,,Not a Collision with Motor Vehicle,1,Cloudy,Dry,Daylight
2023-09-21T12:49:00.000,I 285,I 285 and S Cobb Dr,,Not a Collision with Motor Vehicle,1,Cloudy,Dry,Daylight
2023-08-22T17:00:00.000,I 285,I 285 and S Cobb Dr,,Rear End,2,Clear,Dry,Daylight
2023-01-24T18:49:00.000,I 285,I 285 and S Cobb Dr,,Rear End,2,Clear,Dry,Dark-Lighted
2023-06-18T11:30:00.000,I 285,I 285 and S Cobb Dr,,Rear End,3,Clear,Dry,Daylight
2023-08-03T15:11:00.000,I 285,I 285 and S Cobb Dr,,Sideswipe-Same Direction,2,Clear,Dry,Daylight
2023-07-10T05:35:00.000,I 285,I 285 and S Cobb Dr,,Not a Collision with Motor Vehicle,1,Rain,Wet,Dark-Not Lighted
2023-10-13T14:46:00.000,I 285,I 285 and S Cobb Dr,,Rear End,4,Cloudy,Dry,Daylight
2023-10-21T17:06:00.000,I 285,I 285 and S Cobb Dr,,Sideswipe-Same Direction,2,Cloudy,Dry,Daylight
2023-06-20T16:25:00.000,I 285,I 285 and S Cobb Dr,,Sideswipe-Same Direction,2,Cloudy,Dry,Daylight
2023-07-18T15:25:00.000,I 285,I 285 and S Cobb Dr,,Not a Collision with Motor Vehicle,2,Cloudy,Dry,Daylight
2023-05-31T07:40:00.000,I 285,I 285 and S Cobb Dr,,Rear End,2,Cloudy,Dry,Daylight
2023-05-24T18:06:00.000,I 285,I 285 and S Cobb Dr,,Rear End,2,Clear,Dry,Daylight
2023-12-05T18:16:00.000,I 285,I 285 and S Cobb Dr,,Rear End,2,Clear,Dry,Dark-Not Lighted
2023-07-24T18:00:00.000,I 285,I 285 and S Cobb Dr,,Sideswipe-Same Direction,2,Clear,Dry,Daylight
2023-09-15T12:50:00.000,I 285,I 285 and S Cobb Dr,,Sideswipe-Same Direction,2,Cloudy,Wet,Daylight
2023-03-31T18:00:00.000,I 285,I 285 and S Cobb Dr,,Sideswipe-Same Direction,2,Cloudy,Dry,Daylight
2023-07-20T16:00:00.000,I 285,I 285 and S Cobb Dr,,Sideswipe-Same Direction,2,Clear,Dry,Daylight
2023-11-06T14:54:00.000,I 285,I 285 and S Cobb Dr,,Sideswipe-Same Direction,2,Clear,Dry,Daylight
2023-03-17T17:48:00.000,I 285,I 285 and S Cobb Dr,,Sideswipe-Same Direction,2,Rain,Wet,Daylight
2023-12-18T18:20:00.000,I 285,I 285 and S Cobb Dr,,Sideswipe-Same Direction,2,Clear,Dry,Dark-Not Lighted
2023-11-06T15:53:00.000,I 285,I 285 and S Cobb Dr,,Rear End,3,Clear,Dry,Daylight
2023-08-16T09:00:00.000,I 285,I 285 and S Cobb Dr,,Rear End,3,Clear,Dry,Daylight
2023-08-03T17:24:00.000,I 285,I 285 and S Cobb Dr,,Rear End,2,Cloudy,Wet,Daylight
2023-09-26T15:45:00.000,I 285,I 285 and S Cobb Dr,,Rear End,2,Clear,Dry,Daylight
2023-02-20T13:00:00.000,I 285,I 285 and S Cobb Dr,,Sideswipe-Same Direction,2,Cloudy,Dry,Daylight
2023-12-21T17:40:00.000,I 285,I 285 and S Cobb Dr,,Rear End,2,Clear,Dry,Dusk
2023-03-07T15:20:00.000,I 285,I 285 and S Cobb Dr,,Rear End,2,Clear,Dry,Daylight
2023-06-29T11:00:00.000,I 285,I 285 and S Cobb Dr,,Rear End,2,Clear,Dry,Daylight
2023-05-06T06:20:00.000,I 285,I 285 and S Cobb Dr,,Rear End,2,Clear,Dry,Dawn
2023-05-03T20:22:00.000,I 285,I 285 and S Cobb Dr,,Sideswipe-Same Direction,1,Clear,Dry,Daylight
2023-03-26T10:00:00.000,I 285,I 285 and S Cobb Dr,,Not a Collision with Motor Vehicle,1,Rain,Water (standing or moving),Daylight
2023-08-29T20:50:00.000,I 285,I 285 and S Cobb Dr,,Angle Crash,2,Rain,Wet,Dark-Lighted
2023-04-27T16:32:00.000,I 285,I 285 and S Cobb Dr,,Sideswipe-Same Direction,2,Cloudy,Dry,Daylight
2023-12-26T14:44:00.000,I 285,I 285 and S Cobb Dr,,Sideswipe-Same Direction,2,Rain,Water (standing or moving),Daylight
2023-10-04T19:02:00.000,I 285,I 285 and S Cobb Dr,,Rear End,2,Clear,Dry,Dusk
2023-07-20T18:40:00.000,I 285,I 285 and S Cobb Dr,,Angle Crash,2,Cloudy,Wet,Daylight
2023-03-28T09:09:00.000,I 285,I 285 and S Cobb Dr,,Sideswipe-Same Direction,2,Cloudy,Dry,Daylight
2023-01-13T13:00:00.000,I 285,I 285 and S Cobb Dr,,Sideswipe-Same Direction,3,Cloudy,Dry,Daylight
2023-11-08T18:47:00.000,I 285,I 285 and S Cobb Dr,,Rear End,2,Cloudy,Dry,Dark-Not Lighted
2023-03-01T15:23:00.000,I 285,I 285 and S Cobb Dr,,Rear End,2,Clear,Dry,Daylight
2023-12-27T16:00:00.000,I 285,I 285 and S Cobb Dr,,Not a Collision with Motor Vehicle,1,Clear,Dry,Daylight
2023-01-11T17:20:00.000,I 285,I 285 and S Cobb Dr,,Rear End,3,Clear,Dry,Dark-Lighted
2023-08-22T15:49:00.000,I 285,I 285 and S Cobb Dr,,Rear End,2,Clear,Dry,Daylight
2023-06-16T18:10:00.000,I 285,I 285 and S Cobb Dr,,Rear End,2,Cloudy,Dry,Daylight
2023-04-14T10:51:00.000,I 285,I 285 and S Cobb Dr,,Sideswipe-Same Direction,2,Cloudy,Dry,Daylight
2023-04-21T14:18:00.000,I 285,I 285 and S Cobb Dr,,Rear End,2,Clear,Dry,Daylight
2023-11-16T18:40:00.000,I 285,I 285 and S Cobb Dr,,Sideswipe-Same Direction,2,Clear,Dry,Dark-Not Lighted
2023-10-04T09:21:00.000,I 285,I 285 and S Cobb Dr,,Sideswipe-Same Direction,2,Clear,Dry,Daylight
2023-01-31T08:56:00.000,I 285,I 285 and S Cobb Dr,,Rear End,2,Cloudy,Dry,Daylight
2023-04-22T14:10:00.000,I 285,I 285 and S Cobb Dr,,Sideswipe-Same Direction,2,Clear,Dry,Daylight
2023-12-16T13:30:00.000,I 285,I 285 and S Cobb Dr,,Sideswipe-Same Direction,2,Cloudy,Dry,Daylight
2023-12-27T20:49:00.000,I 285,I 285 and S Cobb Dr,,Rear End,2,Clear,Dry,Dark-Not Lighted
2023-01-10T23:06:00.000,I 285,I 285 and S Cobb Dr,,Sideswipe-Same Direction,2,Clear,Dry,Dark-Not Lighted
2023-09-22T07:15:00.000,I 285,I 285 and S Cobb Dr,,Rear End,2,Clear,Dry,Daylight
2023-12-27T18:29:00.000,I 285,I 285 and S Cobb Dr,,Rear End,2,Clear,Dry,Dark-Lighted
2023-03-19T21:00:00.000,I 285,I 285 and S Cobb Dr,,Rear End,2,Clear,Dry,Daylight
2023-10-29T15:42:00.000,I 285,I 285 and S Cobb Dr,,Sideswipe-Same Direction,2,Clear,Dry,Daylight
2023-09-16T15:20:00.000,I 285,I 285 and S Cobb Dr,,Rear End,2,Cloudy,Wet,Daylight
2023-08-06T20:29:00.000,I 285,I 285 and S Cobb Dr,,Rear End,2,Clear,Wet,Daylight
2023-08-01T19:27:00.000,I 285,I 285 and S Cobb Dr,,Sideswipe-Same Direction,2,Cloudy,Dry,Daylight
2023-09-21T20:40:00.000,I 285,I 285 and S Cobb Dr,,Sideswipe-Same Direction,2,Clear,Dry,Dark-Lighted
2023-10-17T22:12:00.000,I 285,I 285 and S Cobb Dr,,Rear End,2,Cloudy,Dry,Dark-Lighted
2023-04-22T20:02:00.000,I 285,I 285 and S Cobb Dr,,Sideswipe-Same Direction,2,Clear,Dry,Dusk
2023-11-14T17:06:00.000,I 285,I 285 and S Cobb Dr,,Sideswipe-Same Direction,2,Clear,Dry,Daylight
2023-09-16T13:40:00.000,I 285,I 285 and S Cobb Dr,,Sideswipe-Same Direction,2,Rain,Wet,Daylight
2023-07-23T08:10:00.000,I 285,I 285 and S Cobb Dr,,Sideswipe-Same Direction,2,Clear,Dry,Daylight
2023-08-06T17:47:00.000,I 285,I 285 and S Cobb Dr,,Rear End,2,Cloudy,Wet,Daylight
2023-07-26T10:05:00.000,I 285,I 285 and S Cobb Dr,,Sideswipe-Same Direction,2,Clear,Dry,Daylight
2023-09-26T11:29:00.000,I 285,I 285 and S Cobb Dr,,Sideswipe-Same Direction,3,Clear,Dry,Daylight
2023-09-16T13:33:00.000,I 285,I 285 and S Cobb Dr,,Angle Crash,2,Rain,Wet,Daylight
2023-12-08T15:06:00.000,I 285,I 285 and S Cobb Dr,,Rear End,2,Cloudy,Dry,Daylight
2023-07-17T12:37:00.000,I 285,I 285 and S Cobb Dr,,Not a Collision with Motor Vehicle,1,Clear,Dry,Daylight
2023-05-12T22:38:00.000,I 285,I 285 and S Cobb Dr,,Angle Crash,2,Clear,Dry,Dark-Not Lighted
2023-09-11T12:04:00.000,I 285,I 285 and S Cobb Dr,,Rear End,2,Cloudy,Dry,Daylight
2023-02-12T13:00:00.000,I 285,I 285 and S Cobb Dr,,Not a Collision with Motor Vehicle,1,Cloudy,Dry,Daylight
2023-12-20T14:54:00.000,I 285,I 285 and S Cobb Dr,,Rear End,2,Clear,Dry,Daylight
2023-06-02T14:46:00.000,I 285,I 285 and S Cobb Dr,,Rear End,2,Cloudy,Dry,Daylight
2023-06-29T19:33:00.000,I 285,I 285 and S Cobb Dr,,Not a Collision with Motor Vehicle,2,Cloudy,Dry,Daylight
2023-06-15T18:40:00.000,I 285,I 285 and S Cobb Dr,,Sideswipe-Same Direction,2,Clear,Dry,Daylight
2023-03-01T23:10:00.000,I 285,I 285 and S Cobb Dr,,Sideswipe-Same Direction,2,Clear,Dry,Dark-Not Lighted
2023-04-08T08:43:00.000,I 285,I 285 and S Cobb Dr,,Angle Crash,2,Rain,Wet,Dark-Lighted
2023-09-26T16:17:00.000,I 285,I 285 and S Cobb Dr,,Sideswipe-Same Direction,2,Clear,Dry,Daylight
2023-04-04T07:50:00.000,I 285,I 285 and S Cobb Dr,,Angle Crash,2,Clear,Dry,Daylight
2023-01-04T18:00:00.000,I 285,I 285 and S Cobb Dr,,Rear End,3,Clear,Dry,Dusk
2023-02-13T19:15:00.000,I 285,I 285 and S Cobb Dr,,Sideswipe-Same Direction,2,Clear,Dry,Dark-Lighted
2023-06-02T15:32:00.000,I 285,I 285 and S Cobb Dr,,Rear End,2,Clear,Dry,Daylight
2023-08-21T16:55:00.000,I 285,I 285 and S Cobb Dr,,Sideswipe-Same Direction,2,Clear,Dry,Daylight
2023-01-06T18:37:00.000,I 285,I 285 and S Cobb Dr,,Rear End,2,Clear,Dry,Dark-Not Lighted
2023-03-18T13:45:00.000,I 285,I 285 and S Cobb Dr,,Rear End,2,Clear,Dry,Daylight
2023-04-10T23:39:00.000,I 285,I 285 and S Cobb Dr,,Head On,3,Clear,Dry,Dark-Not Lighted
2023-03-16T21:40:00.000,I 285,I 285 and S Cobb Dr,,Rear End,2,Clear,Dry,Dark-Lighted
2023-06-28T13:06:00.000,I 285,I 285 and S Cobb Dr,,Not a Collision with Motor Vehicle,2,Clear,Dry,Daylight
2023-04-02T17:00:00.000,I 285,I 285 and S Cobb Dr,,Rear End,1,Clear,Dry,Daylight
2023-05-10T10:22:00.000,I 285,I 285 and S Cobb Dr,,Rear End,2,Clear,Dry,Daylight
2023-09-08T14:12:00.000,I 285,I 285 and S Cobb Dr,,Not a Collision with Motor Vehicle,2,Cloudy,Dry,Daylight
2023-02-21T16:30:00.000,I 285,I 285 and S Cobb Dr,,Rear End,2,Cloudy,Dry,Daylight
2023-10-03T15:50:00.000,I 285,I 285 and S Cobb Dr,,Sideswipe-Same Direction,2,Clear,Dry,Daylight
2023-09-20T16:04:00.000,I 285,I 285 and S Cobb Dr,,Sideswipe-Same Direction,2,Clear,Dry,Daylight
2023-12-28T14:01:00.000,I 285,I 285 and S Cobb Dr,,Sideswipe-Same Direction,2,Clear,Dry,Daylight
2023-12-16T16:43:00.000,I 285,I 285 and S Cobb Dr,,Rear End,2,Cloudy,Dry,Daylight
2023-03-15T10:49:00.000,I 285,I 285 and S Cobb Dr,,Sideswipe-Same Direction,2,Clear,Dry,Daylight
2023-02-11T18:45:00.000,I 285,I 285 and S Cobb Dr,,Rear End,2,Rain,Wet,Dark-Not Lighted
2023-05-09T09:40:00.000,I 285,I 285 and S Cobb Dr,,Rear End,2,Clear,Dry,Daylight
2023-10-11T18:10:00.000,I 285,I 285 and S Cobb Dr,,Rear End,1,Rain,Wet,Daylight
2023-08-11T14:54:00.000,I 285,I 285 and S Cobb Dr,,Rear End,2,Cloudy,Dry,Daylight
2023-08-18T15:10:00.000,I 285,I 285 and S Cobb Dr,,Rear End,2,Cloudy,Dry,Daylight
2023-01-19T16:36:00.000,I 285,I 285 and S Cobb Dr,,Rear End,2,Clear,Dry,Daylight
2023-01-17T19:13:00.000,I 285,I 285 and S Cobb Dr,,Sideswipe-Same Direction,2,Cloudy,Dry,Dark-Not Lighted
2023-05-08T17:42:00.000,I 285,I 285 and S Cobb Dr,,Rear End,2,Clear,Dry,Daylight
2023-11-29T07:54:00.000,I 285,I 285 and S Cobb Dr,,Rear End,5,Clear,Dry,Daylight
2023-07-13T18:20:00.000,I 285,I 285 and S Cobb Dr,,Sideswipe-Same Direction,2,Clear,Dry,Daylight
2023-04-25T19:30:00.000,I 285,I 285 and S Cobb Dr,,Not a Collision with Motor Vehicle,1,Clear,Dry,Daylight
2023-04-27T15:40:00.000,I 285,I 285 and S Cobb Dr,,Rear End,2,Rain,Wet,Daylight
2023-07-13T16:45:00.000,I 285,I 285 and S Cobb Dr,,Rear End,3,Clear,Dry,Daylight
2023-01-23T16:36:00.000,I 285,I 285 and S Cobb Dr,,Rear End,2,Clear,Dry,Daylight
2023-05-08T17:42:00.000,I 285,I 285 and S Cobb Dr,,Rear End,2,Clear,Dry,Daylight
2023-06-07T16:57:00.000,I 285,I 285 and S Cobb Dr,,Rear End,2,Clear,Dry,Daylight
2023-12-15T22:36:00.000,I 285,I 285 and S Cobb Dr,,Not a Collision with Motor Vehicle,1,Clear,Dry,Dark-Not Lighted
2023-06-16T12:30:00.000,I 285,I 285 and S Cobb Dr,,Rear End,2,Clear,Dry,Daylight
2023-05-29T18:50:00.000,I 285,I 285 and S Cobb Dr,,Not a Collision with Motor Vehicle,1,Clear,Dry,Daylight
2023-08-11T06:39:00.000,I 285,I 285 and S Cobb Dr,,Not a Collision with Motor Vehicle,2,Rain,Wet,Dark-Not Lighted
2023-12-11T17:03:00.000,I 285,I 285 and S Cobb Dr,,Sideswipe-Same Direction,2,Clear,Dry,Daylight
2023-10-12T15:00:00.000,I 285,I 285 and S Cobb Dr,,Rear End,2,Cloudy,Dry,Daylight
2023-12-09T09:30:00.000,I 285,I 285 and S Cobb Dr,,Not a Collision with Motor Vehicle,1,Rain,Water (standing or moving),Daylight
2023-08-31T14:50:00.000,I 285,I 285 and S Cobb Dr,,Rear End,2,Clear,Dry,Daylight
2023-08-20T10:22:00.000,I 285,I 285 and S Cobb Dr,,Sideswipe-Same Direction,2,Cloudy,Dry,Dark-Not Lighted
2023-05-18T09:00:00.000,I 285,I 285 and S Cobb Dr,,Rear End,2,Cloudy,Dry,Daylight