Date and Time,Roadway (From Crash Report),Intersection Name (from Crash Report),KABCO Severity,Manner of Collision (Crash Level) ,# of Vehicles per crash ,Weather Conditions (Crash Level),Surface Condition (Crash Level) ,Light Conditions (Crash Level)
2023-03-29T18:48:00.000,I 285,I 285 and S Cobb Dr,,Angle Crash,2,Clear,Dry,Daylight
2023-03-12T08:20:00.000,I 285,I 285 and S Cobb Dr,,Sideswipe-Same Direction,2,Rain,Wet,Daylight
2023-07-14T17:20:00.000,I 285,I 285 and S Cobb Dr,,Rear End,2,Clear,Dry,Daylight
2022-02-14T19:55:00.000,I 285,I 285 and S Cobb Dr,,Angle Crash,2,Clear,Dry,Dark-Lighted
2022-09-27T18:10:00.000,I 285,I 285 and S Cobb Dr,,Sideswipe-Same Direction,2,Clear,Dry,Daylight
2022-08-05T18:03:00.000,I 285,I 285 and S Cobb Dr,,Sideswipe-Same Direction,2,Rain,Wet,Daylight
2022-10-20T17:20:00.000,I 285,I 285 and S Cobb Dr,,Sideswipe-Same Direction,2,Clear,Dry,Daylight
2022-11-23T16:33:00.000,I 285,I 285 and S Cobb Dr,,Rear End,2,Clear,Dry,Daylight
2022-07-03T19:05:00.000,I 285,I 285 and S Cobb Dr,,Rear End,2,Clear,Wet,Daylight
2022-01-02T18:50:00.000,I 285,I 285 and S Cobb Dr,,Angle Crash,3,Cloudy,Dry,Dark-Not Lighted
2022-11-12T23:52:00.000,I 285,I 285 and S Cobb Dr,,Sideswipe-Same Direction,2,Clear,Wet,Dark-Not Lighted
2022-02-19T14:15:00.000,I 285,I 285 and S Cobb Dr,,Sideswipe-Same Direction,2,Clear,Dry,Daylight
2022-12-15T17:50:00.000,I 285,I 285 and S Cobb Dr,,Angle Crash,2,Clear,Dry,Daylight
2022-10-18T14:50:00.000,I 285,I 285 and S Cobb Dr,,Not a Collision with Motor Vehicle,1,Clear,Dry,Daylight
2022-04-07T15:55:00.000,I 285,I 285 and S Cobb Dr,,Sideswipe-Same Direction,2,Cloudy,Dry,Daylight
2022-11-20T21:45:00.000,I 285,I 285 and S Cobb Dr,,Rear End,2,Clear,Dry,Dark-Lighted
2022-03-04T19:50:00.000,I 285,I 285 and S Cobb Dr,,Angle Crash,2,Clear,Dry,Daylight
2022-02-28T09:18:00.000,I 285,I 285 and S Cobb Dr,,Rear End,2,Clear,Dry,Daylight
2022-04-02T11:12:00.000,I 285,I 285 and S Cobb Dr,,Rear End,2,Clear,Dry,Daylight
2023-12-18T19:45:00.000,I 285,I 285 and S Cobb Dr,,Sideswipe-Same Direction,2,Clear,Dry,Dark-Not Lighted
2023-01-11T11:27:00.000,I 285,I 285 and S Cobb Dr,,Rear End,2,Cloudy,Dry,Daylight
2022-05-26T16:19:00.000,I 285,I 285 and S Cobb Dr,,Rear End,2,Cloudy,Wet,Daylight
2020-02-06T15:29:00.000,I 285,I 285 and S Cobb Dr,,Sideswipe-Same Direction,2,Rain,Wet,Daylight
2020-05-06T21:58:00.000,I 285,I 285 and S Cobb Dr,,Rear End,3,Clear,Dry,Dark-Lighted
2022-03-10T13:54:00.000,I 285,I 285 and S Cobb Dr,,Not a Collision with Motor Vehicle,2,Clear,Dry,Daylight
2022-07-26T16:41:00.000,I 285,I 285 and S Cobb Dr,,Rear End,2,Cloudy,Dry,Daylight
2023-09-14T15:00:00.000,I 285,I 285 and S Cobb Dr,,Rear End,2,Cloudy,Dry,Daylight
2023-02-16T19:20:00.000,I 285,I 285 and S Cobb Dr,,Rear End,2,Cloudy,Dry,Dark-Not Lighted
2021-12-17T18:41:00.000,I 285,I 285 and S Cobb Dr,,Rear End,3,Cloudy,Dry,Dark-Not Lighted
2021-08-25T18:00:00.000,I 285,I 285 and S Cobb Dr,,Rear End,2,Clear,Dry,Daylight
2020-02-04T07:31:00.000,I 285,I 285 and S Cobb Dr,,Not a Collision with Motor Vehicle,1,Cloudy,Dry,Daylight
2020-12-28T22:43:00.000,I 285,I 285 and S Cobb Dr,,Sideswipe-Same Direction,2,Clear,Dry,Dark-Not Lighted
2020-03-05T00:40:00.000,I 285,I 285 and S Cobb Dr,,Not a Collision with Motor Vehicle,1,Rain,Wet,Dark-Not Lighted
2020-10-04T13:50:00.000,I 285,I 285 and S Cobb Dr,,Rear End,2,Clear,Dry,Daylight
2020-02-01T21:35:00.000,I 285,I 285 and S Cobb Dr,,Rear End,2,Cloudy,Dry,Dark-Not Lighted
2020-09-19T19:31:00.000,I 285,I 285 and S Cobb Dr,,Sideswipe-Same Direction,2,Cloudy,Dry,Daylight
2020-02-07T08:45:00.000,I 285,I 285 and S Cobb Dr,,Sideswipe-Same Direction,2,Clear,Wet,Daylight
2020-07-25T02:43:00.000,I 285,I 285 and S Cobb Dr,,Not a Collision with Motor Vehicle,1,Clear,Dry,Dark-Lighted
2020-12-19T21:17:00.000,I 285,I 285 and S Cobb Dr,,Rear End,2,Clear,Dry,Dark-Lighted
2020-02-12T13:43:00.000,I 285,I 285 and S Cobb Dr,,Rear End,2,Cloudy,Dry,Daylight
2020-02-25T14:10:00.000,I 285,I 285 and S Cobb Dr,,Sideswipe-Same Direction,2,Cloudy,Dry,Daylight
2020-02-06T16:18:00.000,I 285,I 285 and S Cobb Dr,,Rear End,2,Rain,Wet,Daylight
2020-06-15T05:07:00.000,I 285,I 285 and S Cobb Dr,,Sideswipe-Same Direction,2,Clear,Dry,Dark-Not Lighted
2020-08-21T18:11:00.000,I 285,I 285 and S Cobb Dr,,Sideswipe-Same Direction,2,Rain,Wet,Daylight
2020-07-28T13:36:00.000,I 285,I 285 and S Cobb Dr,,Angle Crash,2,Rain,Wet,Daylight
2020-10-23T22:45:00.000,I 285,I 285 and S Cobb Dr,,Rear End,2,Clear,Dry,Dark-Lighted
2020-07-28T13:45:00.000,I 285,I 285 and S Cobb Dr,,Angle Crash,2,Rain,Wet,Daylight
2020-10-15T23:30:00.000,I 285,I 285 and S Cobb Dr,,Rear End,2,Cloudy,Dry,Dark-Not Lighted
2020-03-04T07:08:00.000,I 285,I 285 and S Cobb Dr,,Angle Crash,2,Rain,Water (standing or moving),Daylight
2020-11-10T23:44:00.000,I 285,I 285 and S Cobb Dr,,Sideswipe-Same Direction,2,Clear,Dry,Dark-Not Lighted
2020-11-29T16:56:00.000,I 285,I 285 and S Cobb Dr,,Sideswipe-Same Direction,2,Rain,Water (standing or moving),Dusk
2020-05-23T17:59:00.000,I 285,I 285 and S Cobb Dr,,Not a Collision with Motor Vehicle,1,Clear,Dry,Daylight
2020-05-22T15:00:00.000,I 285,I 285 and S Cobb Dr,,Rear End,3,Clear,Dry,Daylight
2020-02-15T19:20:00.000,I 285,I 285 and S Cobb Dr,,Rear End,2,Clear,Dry,Dark-Lighted
2020-08-03T12:50:00.000,I 285,I 285 and S Cobb Dr,,Rear End,2,Cloudy,Dry,Daylight
2020-02-05T04:36:00.000,I 285,I 285 and S Cobb Dr,,Rear End,2,Rain,Wet,Dark-Not Lighted
2020-06-22T13:57:00.000,I 285,I 285 and S Cobb Dr,,Rear End,2,Cloudy,Wet,Daylight
2020-05-27T04:30:00.000,I 285,I 285 and S Cobb Dr,,Angle Crash,2,Clear,Dry,Dark-Lighted
2020-08-28T17:25:00.000,I 285,I 285 and S Cobb Dr,,Rear End,2,Clear,Dry,Daylight
2020-02-12T18:17:00.000,I 285,I 285 and S Cobb Dr,,Rear End,3,Cloudy,Dry,Dark-Not Lighted
2020-11-10T15:15:00.000,I 285,I 285 and S Cobb Dr,,Not a Collision with Motor Vehicle,2,Cloudy,Wet,Daylight
2020-01-10T04:30:00.000,I 285,I 285 and S Cobb Dr,,Sideswipe-Same Direction,2,Clear,Dry,Dark-Lighted
2020-09-25T14:50:00.000,I 285,I 285 and S Cobb Dr,,Rear End,2,Clear,Dry,Daylight
2020-08-29T12:54:00.000,I 285,I 285 and S Cobb Dr,,Sideswipe-Same Direction,2,Clear,Dry,Daylight
2020-02-05T04:36:00.000,I 285,I 285 and S Cobb Dr,,Rear End,2,Rain,Wet,Dark-Not Lighted
2020-02-24T13:50:00.000,I 285,I 285 and S Cobb Dr,,Sideswipe-Same Direction,2,Rain,Wet,Daylight
2020-06-11T12:35:00.000,I 285,I 285 and S Cobb Dr,,Sideswipe-Same Direction,2,Clear,Dry,Daylight
2020-06-18T02:33:00.000,I 285,I 285 and S Cobb Dr,,Rear End,2,Clear,Dry,Dark-Not Lighted
2020-01-18T20:22:00.000,I 285,I 285 and S Cobb Dr,,Angle Crash,2,Rain,Wet,Dark-Not Lighted
2020-04-15T06:25:00.000,I 285,I 285 and S Cobb Dr,,Angle Crash,2,Clear,Dry,Dark-Not Lighted
2020-02-01T11:48:00.000,I 285,I 285 and S Cobb Dr,,Rear End,2,Cloudy,Dry,Daylight
2020-04-02T10:24:00.000,I 285,I 285 and S Cobb Dr,,Rear End,2,Clear,Dry,Daylight
2020-09-19T12:12:00.000,I 285,I 285 and S Cobb Dr,,Rear End,2,Cloudy,Dry,Daylight
2020-02-24T13:50:00.000,I 285,I 285 and S Cobb Dr,,Sideswipe-Same Direction,2,Rain,Wet,Daylight
2020-08-18T05:37:00.000,I 285,I 285 and S Cobb Dr,,Rear End,2,Clear,Dry,Dark-Not Lighted
2020-01-25T14:27:00.000,I 285,I 285 and S Cobb Dr,,Rear End,2,Clear,Dry,Daylight
2020-05-25T17:17:00.000,I 285,I 285 and S Cobb Dr,,Not a Collision with Motor Vehicle,1,Rain,Wet,Daylight
2020-09-23T08:20:00.000,I 285,I 285 and S Cobb Dr,,Sideswipe-Same Direction,2,Clear,Dry,Daylight
2020-12-21T14:55:00.000,I 285,I 285 and S Cobb Dr,,Rear End,2,Cloudy,Dry,Daylight
2020-12-01T18:07:00.000,I 285,I 285 and S Cobb Dr,,Sideswipe-Same Direction,2,Clear,Dry,Dark-Lighted
2020-06-24T18:18:00.000,I 285,I 285 and S Cobb Dr,,Not a Collision with Motor Vehicle,1,Rain,Wet,Daylight
2020-02-05T19:11:00.000,I 285,I 285 and S Cobb Dr,,Rear End,2,Rain,Wet,Dark-Lighted
2020-02-14T20:20:00.000,I 285,I 285 and S Cobb Dr,,Angle Crash,2,Clear,Dry,Dark-Not Lighted
2020-03-05T06:55:00.000,I 285,I 285 and S Cobb Dr,,Not a Collision with Motor Vehicle,1,Rain,Wet,Dawn
2020-10-23T22:21:00.000,I 285,I 285 and S Cobb Dr,,Sideswipe-Same Direction,3,Clear,Dry,Dark-Not Lighted
2020-10-03T14:50:00.000,I 285,I 285 and S Cobb Dr,,Rear End,2,Clear,Dry,Daylight
2020-09-19T18:50:00.000,I 285,I 285 and S Cobb Dr,,Sideswipe-Same Direction,2,Cloudy,Dry,Daylight
2020-10-10T05:30:00.000,I 285,I 285 and S Cobb Dr,,Angle Crash,2,Rain,Wet,Dark-Not Lighted
2020-04-13T04:28:00.000,I 285,I 285 and S Cobb Dr,,Not a Collision with Motor Vehicle,1,Rain,Wet,Dark-Lighted
2020-03-29T14:35:00.000,I 285,I 285 and S Cobb Dr,,Sideswipe-Same Direction,2,Clear,Dry,Daylight
2020-01-09T16:26:00.000,I 285,I 285 and S Cobb Dr,,Sideswipe-Same Direction,2,Cloudy,Dry,Daylight
2020-03-28T10:14:00.000,I 285,I 285 and S Cobb Dr,,Rear End,2,Cloudy,Dry,Daylight
2020-12-13T18:48:00.000,I 285,I 285 and S Cobb Dr,,Rear End,2,Clear,Dry,Dark-Lighted
2020-01-29T16:30:00.000,I 285,I 285 and S Cobb Dr,,Angle Crash,2,Clear,Dry,Daylight
2020-10-07T17:19:00.000,I 285,I 285 and S Cobb Dr,,Rear End,3,Clear,Dry,Daylight
2020-02-15T06:42:00.000,I 285,I 285 and S Cobb Dr,,Rear End,2,Clear,Dry,Dark-Not Lighted
2020-05-17T13:33:00.000,I 285,I 285 and S Cobb Dr,,Rear End,2,Cloudy,Dry,Daylight
2020-08-27T18:50:00.000,I 285,I 285 and S Cobb Dr,,Sideswipe-Same Direction,2,Clear,Dry,Daylight
2020-06-24T11:03:00.000,I 285,I 285 and S Cobb Dr,,Not a Collision with Motor Vehicle,1,Cloudy,Dry,Daylight
2020-08-11T18:34:00.000,I 285,I 285 and S Cobb Dr,,Rear End,2,Clear,Dry,Daylight
2020-02-24T20:25:00.000,I 285,I 285 and S Cobb Dr,,Not a Collision with Motor Vehicle,2,Rain,Wet,Dark-Lighted
2020-10-23T23:27:00.000,I 285,I 285 and S Cobb Dr,,Angle Crash,2,Clear,Dry,Dark-Lighted
2020-02-01T10:51:00.000,I 285,I 285 and S Cobb Dr,,Rear End,1,Cloudy,Dry,Daylight
2020-01-25T07:06:00.000,I 285,I 285 and S Cobb Dr,,Sideswipe-Same Direction,2,Cloudy,Dry,Dawn
2020-01-26T15:58:00.000,I 285,I 285 and S Cobb Dr,,Rear End,2,Rain,Wet,Daylight
2020-10-04T11:00:00.000,I 285,I 285 and S Cobb Dr,,Angle Crash,2,Clear,Dry,Daylight
2020-10-13T09:05:00.000,I 285,I 285 and S Cobb Dr,,Not a Collision with Motor Vehicle,1,Cloudy,Dry,Daylight
2020-02-24T23:48:00.000,I 285,I 285 and S Cobb Dr,,Sideswipe-Same Direction,2,Rain,Wet,Dark-Not Lighted
2020-01-14T06:00:00.000,I 285,I 285 and S Cobb Dr,,Sideswipe-Same Direction,2,Clear,Wet,Dark-Not Lighted
2020-05-26T15:30:00.000,I 285,I 285 and S Cobb Dr,,Not a Collision with Motor Vehicle,1,Cloudy,Wet,Daylight
2020-07-28T12:25:00.000,I 285,I 285 and S Cobb Dr,,Sideswipe-Same Direction,2,Clear,Dry,Daylight
2020-05-09T20:44:00.000,I 285,I 285 and S Cobb Dr,,Rear End,2,Clear,Dry,Dark-Not Lighted
2020-07-02T18:43:00.000,I 285,I 285 and S Cobb Dr,,Sideswipe-Same Direction,2,Cloudy,Dry,Daylight
2020-05-03T03:30:00.000,I 285,I 285 and S Cobb Dr,,Not a Collision with Motor Vehicle,1,Clear,Dry,Dark-Lighted
2020-07-08T20:25:00.000,I 285,I 285 and S Cobb Dr,,Not a Collision with Motor Vehicle,1,Clear,Wet,Daylight
2020-02-24T20:47:00.000,I 285,I 285 and S Cobb Dr,,Rear End,2,Rain,Wet,Dark-Not Lighted
2020-11-13T17:10:00.000,I 285,I 285 and S Cobb Dr,,Rear End,2,Clear,Dry,Daylight
2020-08-20T19:50:00.000,I 285,I 285 and S Cobb Dr,,Angle Crash,2,Rain,Wet,Daylight
2020-01-25T18:35:00.000,I 285,I 285 and S Cobb Dr,,Rear End,3,Clear,Dry,Dark-Lighted
2020-01-26T13:16:00.000,I 285,I 285 and S Cobb Dr,,Rear End,2,Cloudy,Dry,Daylight
2020-11-21T13:57:00.000,I 285,I 285 and S Cobb Dr,,Rear End,3,Clear,Dry,Daylight
2020-10-03T13:00:00.000,I 285,I 285 and S Cobb Dr,,Sideswipe-Same Direction,2,Clear,Dry,Daylight
2020-10-03T19:50:00.000,I 285,I 285 and S Cobb Dr,,Rear End,2,Clear,Dry,Dark-Not Lighted
2020-07-02T18:43:00.000,I 285,I 285 and S Cobb Dr,,Sideswipe-Same Direction,2,Cloudy,Dry,Daylight
2020-02-14T20:20:00.000,I 285,I 285 and S Cobb Dr,,Angle Crash,2,Clear,Dry,Dark-Not Lighted
2020-02-05T04:36:00.000,I 285,I 285 and S Cobb Dr,,Rear End,2,Rain,Wet,Dark-Not Lighted
2020-05-07T15:00:00.000,I 285,I 285 and S Cobb Dr,,Rear End,2,Clear,Dry,Daylight
2020-08-16T20:15:00.000,I 285,I 285 and S Cobb Dr,,Sideswipe-Same Direction,2,Clear,Dry,Daylight
2020-03-23T17:40:00.000,I 285,I 285 and S Cobb Dr,,Angle Crash,2,Rain,Wet,Daylight
2020-09-19T17:45:00.000,I 285,I 285 and S Cobb Dr,,Sideswipe-Same Direction,2,Cloudy,Dry,Daylight
2020-01-19T23:50:00.000,I 285,I 285 and S Cobb Dr,,Sideswipe-Same Direction,2,Clear,Dry,Dark-Not Lighted
2020-12-09T19:24:00.000,I 285,I 285 and S Cobb Dr,,Sideswipe-Same Direction,2,Clear,Dry,Dark-Not Lighted
2020-10-11T13:24:00.000,I 285,I 285 and S Cobb Dr,,Rear End,2,Rain,Wet,Daylight
2020-03-18T09:19:00.000,I 285,I 285 and S Cobb Dr,,Rear End,2,Cloudy,Dry,Daylight
2020-03-26T14:55:00.000,I 285,I 285 and S Cobb Dr,,Sideswipe-Same Direction,2,Clear,Dry,Daylight
2020-06-19T13:01:00.000,I 285,I 285 and S Cobb Dr,,Rear End,3,Cloudy,Dry,Daylight
2020-11-10T18:39:00.000,I 285,I 285 and S Cobb Dr,,Rear End,2,Rain,Wet,Dark-Not Lighted
2020-05-16T14:16:00.000,I 285,I 285 and S Cobb Dr,,Rear End,2,Clear,Dry,Daylight
2020-03-29T22:10:00.000,I 285,I 285 and S Cobb Dr,,Rear End,2,Clear,Dry,Dark-Not Lighted
2020-12-11T16:30:00.000,I 285,I 285 and S Cobb Dr,,Sideswipe-Same Direction,2,Clear,Dry,Daylight
2020-02-19T08:46:00.000,I 285,I 285 and S Cobb Dr,,Rear End,2,Cloudy,Dry,Daylight
2020-08-29T22:05:00.000,I 285,I 285 and S Cobb Dr,,Rear End,2,Rain,Dry,Dark-Lighted
2020-01-05T10:16:00.000,I 285,I 285 and S Cobb Dr,,Rear End,3,Clear,Dry,Daylight
2020-02-29T16:59:00.000,I 285,I 285 and S Cobb Dr,,Sideswipe-Same Direction,2,Clear,Dry,Daylight
2020-05-31T22:00:00.000,I 285,I 285 and S Cobb Dr,,Rear End,2,Clear,Dry,Dark-Not Lighted
2020-04-19T09:48:00.000,I 285,I 285 and S Cobb Dr,,Not a Collision with Motor Vehicle,1,Rain,Water (standing or moving),Daylight
2020-09-25T17:49:00.000,I 285,I 285 and S Cobb Dr,,Rear End,2,Clear,Dry,Daylight
2020-03-29T15:39:00.000,I 285,I 285 and S Cobb Dr,,Rear End,2,Cloudy,Dry,Daylight
2020-05-12T17:00:00.000,I 285,I 285 and S Cobb Dr,,Rear End,2,Clear,Dry,Daylight
2020-12-07T23:44:00.000,I 285,I 285 and S Cobb Dr,,Rear End,2,Clear,Dry,Dark-Lighted
2020-02-28T18:49:00.000,I 285,I 285 and S Cobb Dr,,Rear End,2,Cloudy,Dry,Dark-Not Lighted
2020-02-10T19:01:00.000,I 285,I 285 and S Cobb Dr,,Angle Crash,2,Rain,Wet,Dark-Not Lighted
2020-02-15T11:34:00.000,I 285,I 285 and S Cobb Dr,,Rear End,2,Clear,Dry,Daylight
2020-02-05T14:38:00.000,I 285,I 285 and S Cobb Dr,,Rear End,3,Cloudy,Wet,Daylight
2020-04-09T07:00:00.000,I 285,I 285 and S Cobb Dr,,Not a Collision with Motor Vehicle,1,Cloudy,Dry,Dark-Not Lighted
2020-05-22T14:55:00.000,I 285,I 285 and S Cobb Dr,,Rear End,3,Clear,Dry,Daylight
2020-08-15T15:10:00.000,I 285,I 285 and S Cobb Dr,,Angle Crash,2,Rain,Wet,Daylight
2020-02-05T04:09:00.000,I 285,I 285 and S Cobb Dr,,Not a Collision with Motor Vehicle,1,Rain,Wet,Dark-Not Lighted
2020-12-08T21:44:00.000,I 285,I 285 and S Cobb Dr,,Sideswipe-Same Direction,2,Clear,Dry,Dark-Not Lighted
2020-05-22T16:40:00.000,I 285,I 285 and S Cobb Dr,,Sideswipe-Same Direction,2,Clear,Dry,Daylight
2020-11-19T15:34:00.000,I 285,I 285 and S Cobb Dr,,Sideswipe-Same Direction,3,Clear,Dry,Daylight
2020-12-22T16:13:00.000,I 285,I 285 and S Cobb Dr,,Sideswipe-Same Direction,2,Clear,Dry,Daylight
2020-04-15T10:52:00.000,I 285,I 285 and S Cobb Dr,,Rear End,2,Clear,Dry,Daylight
2020-05-27T12:08:00.000,I 285,I 285 and S Cobb Dr,,Sideswipe-Same Direction,2,Rain,Wet,Daylight
2020-05-22T15:29:00.000,I 285,I 285 and S Cobb Dr,,Sideswipe-Same Direction,2,Clear,Dry,Daylight
2020-10-09T01:45:00.000,I 285,I 285 and S Cobb Dr,,Rear End,2,Cloudy,Dry,Dark-Not Lighted
2020-01-05T22:47:00.000,I 285,I 285 and S Cobb Dr,,Sideswipe-Same Direction,2,Clear,Dry,Dark-Not Lighted
2020-11-27T09:46:00.000,I 285,I 285 and S Cobb Dr,,Sideswipe-Same Direction,2,Clear,Dry,Daylight
2020-12-16T14:50:00.000,I 285,I 285 and S Cobb Dr,,Rear End,3,Rain,Wet,Daylight
2020-10-08T15:23:00.000,I 285,I 285 and S Cobb Dr,,Rear End,2,Cloudy,Dry,Daylight
2020-11-01T14:20:00.000,I 285,I 285 and S Cobb Dr,,Rear End,2,Clear,Dry,Daylight
2020-10-11T13:20:00.000,I 285,I 285 and S Cobb Dr,,Not a Collision with Motor Vehicle,1,Rain,Wet,Daylight
2020-08-03T15:35:00.000,I 285,I 285 and S Cobb Dr,,Not a Collision with Motor Vehicle,1,Rain,Wet,Daylight
2020-09-27T14:15:00.000,I 285,I 285 and S Cobb Dr,,Sideswipe-Same Direction,2,Clear,Dry,Daylight
2020-06-15T16:29:00.000,I 285,I 285 and S Cobb Dr,,Not a Collision with Motor Vehicle,2,Cloudy,Dry,Daylight
2020-11-19T19:10:00.000,I 285,I 285 and S Cobb Dr,,Rear End,2,Clear,Dry,Dark-Not Lighted
2020-10-13T09:54:00.000,I 285,I 285 and S Cobb Dr,,Not a Collision with Motor Vehicle,2,Clear,Dry,Daylight
2020-10-12T10:47:00.000,I 285,I 285 and S Cobb Dr,,Sideswipe-Same Direction,2,Rain,Wet,Daylight
2020-02-26T09:20:00.000,I 285,I 285 and S Cobb Dr,,Sideswipe-Same Direction,1,Clear,Dry,Daylight
2020-04-19T11:15:00.000,I 285,I 285 and S Cobb Dr,,Not a Collision with Motor Vehicle,1,Rain,Wet,Daylight
2020-05-10T17:44:00.000,I 285,I 285 and S Cobb Dr,,Rear End,3,Clear,Dry,Daylight
2020-12-24T11:25:00.000,I 285,I 285 and S Cobb Dr,,Angle Crash,2,Rain,Wet,Daylight
2020-09-05T01:30:00.000,I 285,I 285 and S Cobb Dr,,Sideswipe-Same Direction,2,Clear,Dry,Dark-Not Lighted
2020-10-10T17:35:00.000,I 285,I 285 and S Cobb Dr,,Not a Collision with Motor Vehicle,1,Rain,Wet,Dark-Lighted
2021-06-14T16:54:00.000,I 285,I 285 and S Cobb Dr,,Angle Crash,2,Cloudy,Dry,Daylight
2021-04-23T15:43:00.000,I 285,I 285 and S Cobb Dr,,Rear End,2,Cloudy,Dry,Daylight
2021-06-22T15:00:00.000,I 285,I 285 and S Cobb Dr,,Sideswipe-Same Direction,2,Cloudy,Dry,Daylight
2021-05-26T12:12:00.000,I 285,I 285 and S Cobb Dr,,Sideswipe-Same Direction,2,Cloudy,Dry,Daylight
2021-02-06T17:23:00.000,I 285,I 285 and S Cobb Dr,,Angle Crash,3,Rain,Wet,Dusk
2021-06-29T18:30:00.000,I 285,I 285 and S Cobb Dr,,Not a Collision with Motor Vehicle,1,Clear,Dry,Dark-Not Lighted
2021-03-20T08:47:00.000,I 285,I 285 and S Cobb Dr,,Rear End,3,Clear,Dry,Daylight
2021-05-25T17:21:00.000,I 285,I 285 and S Cobb Dr,,Rear End,3,Clear,Dry,Daylight
2021-04-01T18:38:00.000,I 285,I 285 and S Cobb Dr,,Sideswipe-Same Direction,2,Clear,Dry,Daylight
2021-06-21T17:51:00.000,I 285,I 285 and S Cobb Dr,,Rear End,2,Rain,Wet,Daylight
2021-02-06T20:40:00.000,I 285,I 285 and S Cobb Dr,,Not a Collision with Motor Vehicle,1,Rain,Wet,Dark-Lighted
2021-06-02T15:57:00.000,I 285,I 285 and S Cobb Dr,,Rear End,2,Clear,Dry,Daylight
2021-03-31T15:23:00.000,I 285,I 285 and S Cobb Dr,,Sideswipe-Same Direction,2,Rain,Wet,Daylight
2021-01-27T08:03:00.000,I 285,I 285 and S Cobb Dr,,Angle Crash,2,Rain,Wet,Daylight
2021-06-20T16:24:00.000,I 285,I 285 and S Cobb Dr,,Rear End,2,Clear,Dry,Daylight
2021-02-13T08:04:00.000,I 285,I 285 and S Cobb Dr,,Not a Collision with Motor Vehicle,1,Rain,Wet,Daylight
2021-04-24T07:09:00.000,I 285,I 285 and S Cobb Dr,,Not a Collision with Motor Vehicle,1,Rain,Wet,Dark-Not Lighted
2021-02-07T05:30:00.000,I 285,I 285 and S Cobb Dr,,Rear End,2,Clear,Dry,Dark-Lighted
2021-05-12T05:40:00.000,I 285,I 285 and S Cobb Dr,,Not a Collision with Motor Vehicle,1,Rain,Wet,Dark-Not Lighted
2021-05-27T17:00:00.000,I 285,I 285 and S Cobb Dr,,Sideswipe-Same Direction,2,Clear,Dry,Daylight
2021-06-10T19:18:00.000,I 285,I 285 and S Cobb Dr,,Sideswipe-Same Direction,2,Cloudy,Wet,Daylight
2021-06-25T13:35:00.000,I 285,I 285 and S Cobb Dr,,Rear End,2,Clear,Dry,Daylight
2021-06-19T19:05:00.000,I 285,I 285 and S Cobb Dr,,Not a Collision with Motor Vehicle,1,Rain,Wet,Daylight
2021-06-07T14:26:00.000,I 285,I 285 and S Cobb Dr,,Sideswipe-Same Direction,2,Clear,Wet,Daylight
2021-05-31T21:07:00.000,I 285,I 285 and S Cobb Dr,,Angle Crash,2,Clear,Dry,Dark-Lighted
2021-06-07T14:15:00.000,I 285,I 285 and S Cobb Dr,,Sideswipe-Same Direction,2,Cloudy,Wet,Daylight
2021-02-02T17:28:00.000,I 285,I 285 and S Cobb Dr,,Rear End,2,Clear,Dry,Daylight
2021-01-09T00:15:00.000,I 285,I 285 and S Cobb Dr,,Rear End,2,Clear,Dry,Dark-Not Lighted
2021-01-07T13:10:00.000,I 285,I 285 and S Cobb Dr,,Sideswipe-Same Direction,2,Cloudy,Dry,Daylight
2021-06-02T17:12:00.000,I 285,I 285 and S Cobb Dr,,Not a Collision with Motor Vehicle,1,Clear,Dry,Dusk
2021-01-01T16:45:00.000,I 285,I 285 and S Cobb Dr,,Not a Collision with Motor Vehicle,1,Rain,Wet,Daylight
2021-06-27T17:03:00.000,I 285,I 285 and S Cobb Dr,,Rear End,2,Clear,Dry,Daylight
2021-04-04T12:35:00.000,I 285,I 285 and S Cobb Dr,,Not a Collision with Motor Vehicle,1,Clear,Dry,Daylight
2021-05-25T17:20:00.000,I 285,I 285 and S Cobb Dr,,Rear End,2,Clear,Dry,Daylight
2021-07-13T18:36:00.000,I 285,I 285 and S Cobb Dr,,Sideswipe-Same Direction,2,Cloudy,Wet,Daylight
2021-07-17T02:40:00.000,I 285,I 285 and S Cobb Dr,,Rear End,3,Clear,Dry,Dark-Not Lighted
2021-10-22T23:00:00.000,I 285,I 285 and S Cobb Dr,,Rear End,4,Clear,Dry,Dark-Lighted
2021-08-14T18:20:00.000,I 285,I 285 and S Cobb Dr,,Angle Crash,2,Rain,Wet,Daylight
2021-07-04T17:50:00.000,I 285,I 285 and S Cobb Dr,,Rear End,2,Clear,Dry,Daylight
2021-09-23T18:40:00.000,I 285,I 285 and S Cobb Dr,,Rear End,2,Clear,Dry,Daylight
2021-08-13T13:25:00.000,I 285,I 285 and S Cobb Dr,,Rear End,4,Clear,Dry,Daylight
2021-11-20T13:11:00.000,I 285,I 285 and S Cobb Dr,,Rear End,2,Clear,Dry,Daylight
2021-11-13T03:28:00.000,I 285,I 285 and S Cobb Dr,,Sideswipe-Same Direction,2,Clear,Dry,Dark-Not Lighted
2021-07-21T21:25:00.000,I 285,I 285 and S Cobb Dr,,Sideswipe-Same Direction,2,Rain,Wet,Dark-Not Lighted
2021-10-22T20:35:00.000,I 285,I 285 and S Cobb Dr,,Angle Crash,2,Clear,Dry,Dusk
2021-07-01T12:19:00.000,I 285,I 285 and S Cobb Dr,,Rear End,2,Cloudy,Dry,Daylight
2021-09-04T04:40:00.000,I 285,I 285 and S Cobb Dr,,Head On,2,Clear,Dry,Dark-Not Lighted
2021-09-19T10:38:00.000,I 285,I 285 and S Cobb Dr,,Rear End,2,Rain,Wet,Daylight
2021-12-06T09:54:00.000,I 285,I 285 and S Cobb Dr,,Rear End,2,Cloudy,Dry,Daylight