Date and Time,Roadway (From Crash Report),Intersection Name (from Crash Report),KABCO Severity,Manner of Collision (Crash Level) ,# of Vehicles per crash ,Weather Conditions (Crash Level),Surface Condition (Crash Level) ,Light Conditions (Crash Level)
2022-12-10T19:00:00.000,I 285,I 285 and S Cobb Dr,,Rear End,2,Cloudy,Dry,Dark-Lighted
2022-08-21T00:20:00.000,I 285,I 285 and S Cobb Dr,,Rear End,2,Rain,Wet,Dark-Not Lighted
2022-08-01T17:31:00.000,I 285,I 285 and S Cobb Dr,,Sideswipe-Same Direction,2,Cloudy,Dry,Daylight
2022-05-16T15:35:00.000,I 285,I 285 and S Cobb Dr,,Rear End,3,Cloudy,Dry,Daylight
2022-01-04T14:33:00.000,I 285,I 285 and S Cobb Dr,,Sideswipe-Same Direction,2,Clear,Dry,Daylight
2022-09-07T16:20:00.000,I 285,I 285 and S Cobb Dr,,Sideswipe-Same Direction,2,Clear,Dry,Daylight
2022-04-13T12:05:00.000,I 285,I 285 and S Cobb Dr,,Rear End,2,Cloudy,Dry,Daylight
2022-11-17T15:40:00.000,I 285,I 285 and S Cobb Dr,,Rear End,3,Clear,Dry,Daylight
2022-06-15T10:02:00.000,I 285,I 285 and S Cobb Dr,,Sideswipe-Same Direction,2,Clear,Dry,Daylight
2022-06-30T12:03:00.000,I 285,I 285 and S Cobb Dr,,Not a Collision with Motor Vehicle,1,Cloudy,Dry,Daylight
2022-09-14T08:52:00.000,I 285,I 285 and S Cobb Dr,,Rear End,2,Clear,Dry,Daylight
2022-01-29T19:53:00.000,I 285,I 285 and S Cobb Dr,,Rear End,2,Clear,Dry,Dark-Not Lighted
2022-02-25T15:25:00.000,I 285,I 285 and S Cobb Dr,,Rear End,2,Clear,Dry,Daylight
2022-08-15T17:15:00.000,I 285,I 285 and S Cobb Dr,,Rear End,2,Clear,Dry,Daylight
2022-08-21T00:05:00.000,I 285,I 285 and S Cobb Dr,,Not a Collision with Motor Vehicle,1,Rain,Wet,Dark-Not Lighted
2022-04-07T06:31:00.000,I 285,I 285 and S Cobb Dr,,Sideswipe-Same Direction,2,Clear,Dry,Daylight
2022-08-01T15:33:00.000,I 285,I 285 and S Cobb Dr,,Rear End,2,Cloudy,Dry,Daylight
2022-07-20T19:40:00.000,I 285,I 285 and S Cobb Dr,,Rear End,3,Clear,Dry,Daylight
2022-08-18T17:32:00.000,I 285,I 285 and S Cobb Dr,,Rear End,2,Cloudy,Dry,Daylight
2022-08-15T12:28:00.000,I 285,I 285 and S Cobb Dr,,Rear End,2,Cloudy,Dry,Daylight
2022-07-29T00:28:00.000,I 285,I 285 and S Cobb Dr,,Sideswipe-Same Direction,2,Cloudy,Dry,Dark-Not Lighted
2022-08-25T09:15:00.000,I 285,I 285 and S Cobb Dr,,Rear End,2,Cloudy,Wet,Daylight
2022-04-05T11:49:00.000,I 285,I 285 and S Cobb Dr,,Angle Crash,2,Rain,Wet,Daylight
2022-03-11T18:30:00.000,I 285,I 285 and S Cobb Dr,,Rear End,2,Cloudy,Dry,Dark-Not Lighted
2022-05-12T17:25:00.000,I 285,I 285 and S Cobb Dr,,Rear End,2,Clear,Dry,Daylight
2022-08-11T11:45:00.000,I 285,I 285 and S Cobb Dr,,Sideswipe-Same Direction,2,Clear,Dry,Daylight
2022-08-07T23:10:00.000,I 285,I 285 and S Cobb Dr,,Rear End,3,Clear,Dry,Dark-Not Lighted
2022-07-31T04:10:00.000,I 285,I 285 and S Cobb Dr,,Not a Collision with Motor Vehicle,1,Clear,Dry,Dark-Not Lighted
2022-03-03T00:00:00.000,I 285,I 285 and S Cobb Dr,,Sideswipe-Same Direction,3,Clear,Dry,Dark-Lighted
2022-07-21T16:24:00.000,I 285,I 285 and S Cobb Dr,,Sideswipe-Same Direction,2,Clear,Dry,Daylight
2022-10-28T17:00:00.000,I 285,I 285 and S Cobb Dr,,Rear End,3,Clear,Dry,Daylight
2022-05-06T14:00:00.000,I 285,I 285 and S Cobb Dr,,Sideswipe-Same Direction,2,Clear,Dry,Daylight
2022-09-04T15:41:00.000,I 285,I 285 and S Cobb Dr,,Not a Collision with Motor Vehicle,1,Rain,Wet,Daylight
2022-08-12T20:06:00.000,I 285,I 285 and S Cobb Dr,,Rear End,2,Clear,Dry,Daylight
2022-08-26T14:00:00.000,I 285,I 285 and S Cobb Dr,,Sideswipe-Same Direction,2,Clear,Dry,Daylight
2022-06-30T21:10:00.000,I 285,I 285 and S Cobb Dr,,Sideswipe-Same Direction,2,Rain,Wet,Dark-Not Lighted
2022-04-02T11:21:00.000,I 285,I 285 and S Cobb Dr,,Sideswipe-Same Direction,2,Cloudy,Dry,Daylight
2022-11-04T12:07:00.000,I 285,I 285 and S Cobb Dr,,Sideswipe-Same Direction,2,Clear,Dry,Daylight
2022-12-27T12:18:00.000,I 285,I 285 and S Cobb Dr,,Sideswipe-Same Direction,2,Clear,Dry,Daylight
2022-12-05T15:34:00.000,I 285,I 285 and S Cobb Dr,,Rear End,2,Rain,Wet,Daylight
2022-01-01T12:03:00.000,I 285,I 285 and S Cobb Dr,,Not a Collision with Motor Vehicle,1,Rain,Water (standing or moving),Daylight
2023-07-06T08:32:00.000,I 285,I 285 and S Cobb Dr,,Rear End,2,Clear,Dry,Daylight
2023-01-27T12:45:00.000,I 285,I 285 and S Cobb Dr,,Not a Collision with Motor Vehicle,2,Clear,Dry,Daylight
2023-03-22T10:10:00.000,I 285,I 285 and S Cobb Dr,,Rear End,2,Cloudy,Wet,Daylight
2023-03-14T20:23:00.000,I 285,I 285 and S Cobb Dr,,Rear End,2,Clear,Dry,Dark-Lighted
2023-04-20T16:50:00.000,I 285,I 285 and S Cobb Dr,,Rear End,2,Clear,Dry,Daylight
2023-08-11T16:15:00.000,I 285,I 285 and S Cobb Dr,,Rear End,3,Cloudy,Dry,Daylight
2023-12-15T15:45:00.000,I 285,I 285 and S Cobb Dr,,Rear End,2,Clear,Dry,Daylight
2023-08-08T16:50:00.000,I 285,I 285 and S Cobb Dr,,Rear End,2,Clear,Dry,Daylight
2023-08-25T13:25:00.000,I 285,I 285 and S Cobb Dr,,Sideswipe-Same Direction,3,Clear,Dry,Daylight
2023-03-01T16:25:00.000,I 285,I 285 and S Cobb Dr,,Rear End,2,Clear,Dry,Daylight
2023-09-16T12:03:00.000,I 285,I 285 and S Cobb Dr,,Angle Crash,2,Rain,Wet,Daylight
2023-04-20T18:26:00.000,I 285,I 285 and S Cobb Dr,,Sideswipe-Same Direction,2,Clear,Dry,Daylight
2023-03-10T15:57:00.000,I 285,I 285 and S Cobb Dr,,Sideswipe-Same Direction,2,Cloudy,Dry,Daylight
2023-08-09T16:27:00.000,I 285,I 285 and S Cobb Dr,,Rear End,2,Clear,Dry,Daylight
2024-12-18T11:00:00.000,I 285,I 285 and S Cobb Dr,,Angle Crash,2,Cloudy,Dry,Daylight
2024-05-23T09:15:00.000,I 285,I 285 and S Cobb Dr,,Not a Collision with Motor Vehicle,2,Clear,Dry,Daylight
2024-07-04T19:44:00.000,I 285,I 285 and S Cobb Dr,,Not a Collision with Motor Vehicle,1,Rain,Wet,Daylight
2024-09-21T17:52:00.000,I 285,I 285 and S Cobb Dr,,Sideswipe-Same Direction,2,Clear,Dry,Daylight
2024-02-29T23:00:00.000,I 285,I 285 and S Cobb Dr,,Sideswipe-Same Direction,2,Clear,Dry,Dark-Lighted
2024-02-01T09:02:00.000,I 285,I 285 and S Cobb Dr,,Sideswipe-Same Direction,2,Clear,Dry,Daylight
2024-10-03T15:33:00.000,I 285,I 285 and S Cobb Dr,,Sideswipe-Same Direction,2,Cloudy,Dry,Daylight
2024-08-13T16:26:00.000,I 285,I 285 and S Cobb Dr,,Rear End,2,Clear,Dry,Daylight
2024-05-21T09:05:00.000,I 285,I 285 and S Cobb Dr,,Rear End,2,Clear,Dry,Daylight
2024-02-21T21:55:00.000,I 285,I 285 and S Cobb Dr,,Not a Collision with Motor Vehicle,1,Clear,Dry,Dark-Lighted
2024-11-01T19:00:00.000,I 285,I 285 and S Cobb Dr,,Sideswipe-Same Direction,2,Clear,Dry,Daylight
2024-12-10T18:15:00.000,I 285,I 285 and S Cobb Dr,,Sideswipe-Same Direction,2,Rain,Wet,Dark-Not Lighted
2024-04-21T10:02:00.000,I 285,I 285 and S Cobb Dr,,Not a Collision with Motor Vehicle,1,Rain,Wet,Daylight
2024-07-01T00:20:00.000,I 285,I 285 and S Cobb Dr,,Angle Crash,2,Clear,Dry,Dark-Lighted
2024-04-28T18:31:00.000,I 285,I 285 and S Cobb Dr,,Rear End,3,Clear,Dry,Daylight
2024-12-23T11:30:00.000,I 285,I 285 and S Cobb Dr,,Sideswipe-Same Direction,3,Clear,Dry,Daylight
2024-07-08T09:06:00.000,I 285,I 285 and S Cobb Dr,,Sideswipe-Same Direction,2,Clear,Dry,Daylight
2024-04-17T16:50:00.000,I 285,I 285 and S Cobb Dr,,Rear End,2,Cloudy,Dry,Daylight
2024-06-05T17:31:00.000,I 285,I 285 and S Cobb Dr,,Angle Crash,2,Clear,Dry,Daylight
2024-04-30T07:34:00.000,I 285,I 285 and S Cobb Dr,,Sideswipe-Same Direction,2,Rain,Wet,Daylight
2024-09-17T19:10:00.000,I 285,I 285 and S Cobb Dr,,Rear End,2,Clear,Dry,Daylight
2024-11-21T19:00:00.000,I 285,I 285 and S Cobb Dr,,Rear End,2,Clear,Dry,Dark-Not Lighted
2024-01-25T17:25:00.000,I 285,I 285 and S Cobb Dr,,Rear End,2,Cloudy,Dry,Daylight
2024-01-26T17:07:00.000,I 285,I 285 and S Cobb Dr,,Sideswipe-Same Direction,2,Clear,Dry,Daylight
2024-06-12T14:15:00.000,I 285,I 285 and S Cobb Dr,,Rear End,3,Clear,Dry,Daylight
2024-09-14T19:16:00.000,I 285,I 285 and S Cobb Dr,,Rear End,2,Clear,Dry,Dark-Not Lighted
2024-07-19T00:00:00.000,I 285,I 285 and S Cobb Dr,,Rear End,2,Cloudy,Dry,Daylight
2024-04-24T09:00:00.000,I 285,I 285 and S Cobb Dr,,Rear End,3,Clear,Dry,Daylight
2024-08-05T07:50:00.000,I 285,I 285 and S Cobb Dr,,Rear End,2,Clear,Dry,Daylight
2024-03-27T23:53:00.000,I 285,I 285 and S Cobb Dr,,Not a Collision with Motor Vehicle,1,Clear,Dry,Dark-Not Lighted
2024-10-22T07:34:00.000,I 285,I 285 and S Cobb Dr,,Sideswipe-Same Direction,2,Clear,Dry,Daylight
2024-07-22T18:15:00.000,I 285,I 285 and S Cobb Dr,,Rear End,2,Clear,Dry,Daylight
2024-06-18T07:30:00.000,I 285,I 285 and S Cobb Dr,,Rear End,3,Cloudy,Dry,Daylight
2024-01-13T16:00:00.000,I 285,I 285 and S Cobb Dr,,Rear End,2,Clear,Dry,Daylight
2024-09-17T10:31:00.000,I 285,I 285 and S Cobb Dr,,Rear End,2,Clear,Dry,Daylight
2024-12-06T07:10:00.000,I 285,I 285 and S Cobb Dr,,Sideswipe-Same Direction,3,Clear,Dry,Daylight
2024-12-23T16:41:00.000,I 285,I 285 and S Cobb Dr,,Sideswipe-Same Direction,2,Clear,Dry,Daylight
2024-05-22T09:30:00.000,I 285,I 285 and S Cobb Dr,,Rear End,2,Clear,Dry,Daylight
2024-11-14T07:33:00.000,I 285,I 285 and S Cobb Dr,,Not a Collision with Motor Vehicle,1,Rain,Wet,Daylight
2024-06-12T10:30:00.000,I 285,I 285 and S Cobb Dr,,Rear End,3,Clear,Dry,Daylight
2024-12-13T15:56:00.000,I 285,I 285 and S Cobb Dr,,Sideswipe-Same Direction,2,Clear,Dry,Daylight
2024-11-25T16:17:00.000,I 285,I 285 and S Cobb Dr,,Rear End,2,Clear,Dry,Daylight
2024-10-07T19:29:00.000,I 285,I 285 and S Cobb Dr,,Sideswipe-Same Direction,2,Clear,Dry,Dark-Not Lighted
2024-05-01T10:41:00.000,I 285,I 285 and S Cobb Dr,,Angle Crash,2,Clear,Dry,Daylight
2024-03-12T12:29:00.000,I 285,I 285 and S Cobb Dr,,Rear End,2,Clear,Dry,Daylight
2024-06-26T18:26:00.000,I 285,I 285 and S Cobb Dr,,Rear End,2,Clear,Dry,Daylight
2024-06-05T08:20:00.000,I 285,I 285 and S Cobb Dr,,Rear End,3,Clear,Dry,Daylight
2024-07-23T13:53:00.000,I 285,I 285 and S Cobb Dr,,Rear End,2,Cloudy,Dry,Daylight
2024-02-26T14:28:00.000,I 285,I 285 and S Cobb Dr,,Not a Collision with Motor Vehicle,1,Clear,Dry,Daylight
2024-02-24T11:55:00.000,I 285,I 285 and S Cobb Dr,,Rear End,2,Clear,Dry,Daylight
2024-10-27T06:05:00.000,I 285,I 285 and S Cobb Dr,,Not a Collision with Motor Vehicle,1,Cloudy,Dry,Dark-Not Lighted
2024-10-05T17:09:00.000,I 285,I 285 and S Cobb Dr,,Rear End,2,Clear,Dry,Daylight
2024-09-08T11:06:00.000,I 285,I 285 and S Cobb Dr,,Sideswipe-Same Direction,2,Clear,Dry,Daylight
2024-06-20T12:17:00.000,I 285,I 285 and S Cobb Dr,,Rear End,3,Clear,Dry,Daylight
2024-04-28T00:32:00.000,I 285,I 285 and S Cobb Dr,,Sideswipe-Same Direction,2,Cloudy,Dry,Dark-Not Lighted
2024-06-28T09:15:00.000,I 285,I 285 and S Cobb Dr,,Rear End,2,Cloudy,Dry,Daylight
2023-10-27T15:40:00.000,I 285,I 285 and S Cobb Dr,,Sideswipe-Same Direction,2,Clear,Dry,Daylight
2023-09-16T10:27:00.000,I 285,I 285 and S Cobb Dr,,Not a Collision with Motor Vehicle,1,Rain,Wet,Daylight
2023-10-28T15:17:00.000,I 285,I 285 and S Cobb Dr,,Rear End,2,Clear,Dry,Daylight
2023-08-25T16:50:00.000,I 285,I 285 and S Cobb Dr,,Rear End,2,Clear,Dry,Daylight
2023-05-19T08:29:00.000,I 285,I 285 and S Cobb Dr,,Not a Collision with Motor Vehicle,1,Cloudy,Dry,Daylight
2023-10-05T15:04:00.000,I 285,I 285 and S Cobb Dr,,Sideswipe-Same Direction,2,Clear,Dry,Daylight
2023-02-25T09:25:00.000,I 285,I 285 and S Cobb Dr,,Rear End,2,Cloudy,Wet,Daylight
2023-08-11T06:39:00.000,I 285,I 285 and S Cobb Dr,,Rear End,2,Rain,Wet,Daylight
2023-05-29T23:20:00.000,I 285,I 285 and S Cobb Dr,,Angle Crash,3,Cloudy,Dry,Dark-Not Lighted
2023-05-07T16:04:00.000,I 285,I 285 and S Cobb Dr,,Rear End,2,Clear,Dry,Daylight
2023-06-17T19:14:00.000,I 285,I 285 and S Cobb Dr,,Rear End,2,Clear,Dry,Daylight
2023-05-18T13:13:00.000,I 285,I 285 and S Cobb Dr,,Sideswipe-Same Direction,2,Cloudy,Dry,Daylight
2024-04-10T10:15:00.000,I 285,I 285 and S Cobb Dr,,Angle Crash,2,Cloudy,Dry,Daylight
2024-12-05T17:05:00.000,I 285,I 285 and S Cobb Dr,,Rear End,2,Clear,Dry,Daylight
2024-06-16T05:45:00.000,I 285,I 285 and S Cobb Dr,,Rear End,2,Clear,Dry,Dark-Not Lighted
2024-05-15T16:08:00.000,I 285,I 285 and S Cobb Dr,,Rear End,2,Clear,Dry,Daylight
2024-12-17T16:00:00.000,I 285,I 285 and S Cobb Dr,,Sideswipe-Same Direction,2,Cloudy,Dry,Daylight
2024-01-22T08:50:00.000,I 285,I 285 and S Cobb Dr,,Rear End,2,Clear,Dry,Daylight
2024-11-11T18:01:00.000,I 285,I 285 and S Cobb Dr,,Rear End,2,Cloudy,Dry,Daylight
2023-03-01T07:55:00.000,I 285,I 285 and S Cobb Dr,,Rear End,3,Cloudy,Dry,Daylight
2023-06-08T19:30:00.000,I 285,I 285 and S Cobb Dr,,Sideswipe-Same Direction,2,Clear,Dry,Daylight
2023-07-24T17:15:00.000,I 285,I 285 and S Cobb Dr,,Rear End,3,Clear,Dry,Daylight
2023-04-11T12:10:00.000,I 285,I 285 and S Cobb Dr,,Sideswipe-Same Direction,2,Clear,Dry,Daylight
2023-02-06T16:45:00.000,I 285,I 285 and S Cobb Dr,,Rear End,2,Clear,Dry,Daylight
2023-05-08T16:20:00.000,I 285,I 285 and S Cobb Dr,,Not a Collision with Motor Vehicle,1,Clear,Dry,Daylight
2023-10-03T10:08:00.000,I 285,I 285 and S Cobb Dr,,Sideswipe-Same Direction,2,Clear,Dry,Daylight
2023-07-06T18:10:00.000,I 285,I 285 and S Cobb Dr,,Rear End,2,Clear,Dry,Daylight
2023-08-16T14:55:00.000,I 285,I 285 and S Cobb Dr,,Rear End,2,Clear,Dry,Daylight
2023-01-20T09:53:00.000,I 285,I 285 and S Cobb Dr,,Sideswipe-Same Direction,2,Cloudy,Dry,Daylight
2023-06-17T15:54:00.000,I 285,I 285 and S Cobb Dr,,Rear End,2,Clear,Dry,Daylight
2023-07-14T12:10:00.000,I 285,I 285 and S Cobb Dr,,Sideswipe-Same Direction,2,Cloudy,Dry,Daylight
2023-03-20T16:32:00.000,I 285,I 285 and S Cobb Dr,,Rear End,2,Clear,Dry,Daylight
2023-01-06T16:29:00.000,I 285,I 285 and S Cobb Dr,,Rear End,2,Clear,Dry,Daylight
2023-04-04T17:11:00.000,I 285,I 285 and S Cobb Dr,,Sideswipe-Same Direction,2,Cloudy,Dry,Daylight
2023-04-22T15:00:00.000,I 285,I 285 and S Cobb Dr,,Sideswipe-Same Direction,2,Clear,Dry,Daylight
2023-03-23T15:45:00.000,I 285,I 285 and S Cobb Dr,,Rear End,2,Clear,Dry,Daylight
2023-11-27T18:36:00.000,I 285,I 285 and S Cobb Dr,,Sideswipe-Same Direction,2,Clear,Dry,Dark-Not Lighted
2023-07-03T20:00:00.000,I 285,I 285 and S Cobb Dr,,Not a Collision with Motor Vehicle,1,Rain,Wet,Daylight
2023-04-12T23:18:00.000,I 285,I 285 and S Cobb Dr,,Rear End,3,Clear,Dry,Dark-Lighted
2023-10-27T07:40:00.000,I 285,I 285 and S Cobb Dr,,Not a Collision with Motor Vehicle,1,Clear,Dry,Dawn
2023-01-07T07:30:00.000,I 285,I 285 and S Cobb Dr,,Not a Collision with Motor Vehicle,1,Clear,Dry,Daylight
2023-07-14T13:45:00.000,I 285,I 285 and S Cobb Dr,,Rear End,2,Clear,Dry,Daylight
2023-12-09T04:27:00.000,I 285,I 285 and S Cobb Dr,,Rear End,2,Rain,Wet,Dark-Lighted
2023-03-22T16:46:00.000,I 285,I 285 and S Cobb Dr,,Angle Crash,2,Clear,Dry,Daylight
2023-11-17T14:40:00.000,I 285,I 285 and S Cobb Dr,,Rear End,2,Cloudy,Dry,Daylight
2023-01-25T23:05:00.000,I 285,I 285 and S Cobb Dr,,Not a Collision with Motor Vehicle,1,Clear,Dry,Dark-Not Lighted
2023-06-22T15:40:00.000,I 285,I 285 and S Cobb Dr,,Rear End,2,Clear,Dry,Daylight
2023-01-27T20:22:00.000,I 285,I 285 and S Cobb Dr,,Rear End,2,Clear,Dry,Dark-Lighted
2023-06-09T08:30:00.000,I 285,I 285 and S Cobb Dr,,Not a Collision with Motor Vehicle,1,Clear,Dry,Daylight
2023-08-19T14:25:00.000,I 285,I 285 and S Cobb Dr,,Rear End,3,Clear,Dry,Daylight
2023-06-21T19:40:00.000,I 285,I 285 and S Cobb Dr,,Rear End,4,Rain,Wet,Daylight
2023-09-24T23:01:00.000,I 285,I 285 and S Cobb Dr,,Rear End,2,Clear,Dry,Dark-Not Lighted
2023-07-02T01:25:00.000,I 285,I 285 and S Cobb Dr,,Rear End,2,Cloudy,Dry,Dark-Not Lighted
2023-01-06T18:10:00.000,I 285,I 285 and S Cobb Dr,,Rear End,3,Clear,Dry,Dark-Not Lighted
2023-07-17T17:55:00.000,I 285,I 285 and S Cobb Dr,,Rear End,2,Clear,Dry,Daylight
2023-10-31T16:25:00.000,I 285,I 285 and S Cobb Dr,,Rear End,3,Cloudy,Dry,Daylight
2023-03-04T15:50:00.000,I 285,I 285 and S Cobb Dr,,Rear End,2,Clear,Dry,Daylight
2023-09-24T18:46:00.000,I 285,I 285 and S Cobb Dr,,Sideswipe-Same Direction,2,Clear,Dry,Daylight
2023-12-24T22:07:00.000,I 285,I 285 and S Cobb Dr,,Sideswipe-Same Direction,2,Clear,Dry,Dark-Lighted
2023-05-31T15:46:00.000,I 285,I 285 and S Cobb Dr,,Angle Crash,2,Clear,Dry,Daylight
2023-10-27T08:05:00.000,I 285,I 285 and S Cobb Dr,,Sideswipe-Same Direction,2,Clear,Dry,Daylight
2023-07-10T05:35:00.000,I 285,I 285 and S Cobb Dr,,Not a Collision with Motor Vehicle,1,Rain,Wet,Dark-Not Lighted
2023-02-02T18:00:00.000,I 285,I 285 and S Cobb Dr,,Rear End,2,Rain,Wet,Dusk
2023-10-16T17:35:00.000,I 285,I 285 and S Cobb Dr,,Rear End,2,Cloudy,Dry,Daylight
2023-05-30T17:26:00.000,I 285,I 285 and S Cobb Dr,,Rear End,2,Cloudy,Dry,Daylight
2023-12-21T14:12:00.000,I 285,I 285 and S Cobb Dr,,Rear End,2,Clear,Dry,Daylight
2023-06-07T11:00:00.000,I 285,I 285 and S Cobb Dr,,Angle Crash,2,Clear,Dry,Daylight
2023-05-31T06:15:00.000,I 285,I 285 and S Cobb Dr,,Rear End,2,Cloudy,Dry,Daylight
2023-05-16T16:20:00.000,I 285,I 285 and S Cobb Dr,,Rear End,6,Clear,Dry,Daylight
2023-04-23T19:20:00.000,I 285,I 285 and S Cobb Dr,,Rear End,3,Clear,Dry,Daylight
2023-12-18T15:20:00.000,I 285,I 285 and S Cobb Dr,,Rear End,2,Clear,Dry,Daylight
2023-08-24T14:55:00.000,I 285,I 285 and S Cobb Dr,,Rear End,2,Clear,Dry,Daylight
2023-05-06T14:15:00.000,I 285,I 285 and S Cobb Dr,,Rear End,2,Clear,Dry,Daylight
2023-09-07T20:39:00.000,I 285,I 285 and S Cobb Dr,,Rear End,2,Clear,Dry,Dark-Lighted
2023-04-11T17:05:00.000,I 285,I 285 and S Cobb Dr,,Rear End,2,Clear,Dry,Daylight
2023-12-11T15:00:00.000,I 285,I 285 and S Cobb Dr,,Sideswipe-Same Direction,2,Clear,Dry,Daylight
2023-04-13T06:06:00.000,I 285,I 285 and S Cobb Dr,,Sideswipe-Same Direction,2,Cloudy,Dry,Dark-Not Lighted
2023-07-13T08:30:00.000,I 285,I 285 and S Cobb Dr,,Rear End,2,Clear,Dry,Dark-Not Lighted
2023-06-14T16:00:00.000,I 285,I 285 and S Cobb Dr,,Rear End,2,Rain,Wet,Daylight
2023-02-18T16:50:00.000,I 285,I 285 and S Cobb Dr,,Rear End,2,Clear,Dry,Daylight
2023-06-23T17:00:00.000,I 285,I 285 and S Cobb Dr,,Sideswipe-Same Direction,2,Clear,Dry,Daylight
2023-12-05T16:40:00.000,I 285,I 285 and S Cobb Dr,,Rear End,3,Clear,Dry,Daylight
2023-11-21T16:44:00.000,I 285,I 285 and S Cobb Dr,,Rear End,2,Rain,Wet,Daylight
2023-02-25T00:30:00.000,I 285,I 285 and S Cobb Dr,,Sideswipe-Same Direction,2,Rain,Dry,Dark-Not Lighted
2023-09-09T12:05:00.000,I 285,I 285 and S Cobb Dr,,Sideswipe-Same Direction,2,Cloudy,Dry,Daylight
2023-02-17T08:20:00.000,I 285,I 285 and S Cobb Dr,,Rear End,2,Rain,Wet,Daylight
2023-09-27T09:19:00.000,I 285,I 285 and S Cobb Dr,,Rear End,3,Clear,Dry,Daylight
2023-04-12T13:22:00.000,I 285,I 285 and S Cobb Dr,,Sideswipe-Same Direction,2,Clear,Dry,Daylight
2023-11-27T15:09:00.000,I 285,I 285 and S Cobb Dr,,Sideswipe-Same Direction,2,Clear,Dry,Daylight
2023-04-09T06:29:00.000,I 285,I 285 and S Cobb Dr,,Not a Collision with Motor Vehicle,1,Cloudy,Wet,Dark-Lighted
2023-12-22T13:25:00.000,I 285,I 285 and S Cobb Dr,,Rear End,2,Clear,Dry,Daylight
2023-01-22T00:25:00.000,I 285,I 285 and S Cobb Dr,,Sideswipe-Same Direction,2,Rain,Wet,Dark-Lighted
2023-04-21T12:33:00.000,I 285,I 285 and S Cobb Dr,,Not a Collision with Motor Vehicle,1,Clear,Dry,Daylight
2023-10-26T18:49:00.000,I 285,I 285 and S Cobb Dr,,Rear End,3,Cloudy,Dry,Daylight
2023-08-11T06:39:00.000,I 285,I 285 and S Cobb Dr,,Rear End,3,Rain,Wet,Dark-Not Lighted
2023-03-16T23:38:00.000,I 285,I 285 and S Cobb Dr,,Sideswipe-Same Direction,2,Clear,Dry,Dark-Lighted
2023-09-20T16:12:00.000,I 285,I 285 and S Cobb Dr,,Rear End,6,Cloudy,Dry,Daylight
2023-04-13T08:17:00.000,I 285,I 285 and S Cobb Dr,,Rear End,2,Cloudy,Dry,Daylight
2023-05-14T17:06:00.000,I 285,I 285 and S Cobb Dr,,Rear End,2,Clear,Dry,Daylight
2023-07-13T17:45:00.000,I 285,I 285 and S Cobb Dr,,Sideswipe-Same Direction,2,Clear,Dry,Daylight
2023-12-16T15:00:00.000,I 285,I 285 and S Cobb Dr,,Angle Crash,2,Cloudy,Dry,Daylight
2023-09-20T18:18:00.000,I 285,I 285 and S Cobb Dr,,Rear End,2,Cloudy,Dry,Daylight
2023-10-14T19:05:00.000,I 285,I 285 and S Cobb Dr,,Sideswipe-Same Direction,2,Clear,Dry,Dusk
2023-05-08T16:20:00.000,I 285,I 285 and S Cobb Dr,,Rear End,2,Clear,Dry,Daylight
2023-05-24T22:55:00.000,I 285,I 285 and S Cobb Dr,,Sideswipe-Same Direction,2,Clear,Dry,Dark-Lighted
2023-06-16T15:20:00.000,I 285,I 285 and S Cobb Dr,,Rear End,3,Cloudy,Dry,Daylight
2023-12-09T13:40:00.000,I 285,I 285 and S Cobb Dr,,Sideswipe-Same Direction,2,Cloudy,Wet,Daylight
2023-11-08T11:38:00.000,I 285,I 285 and S Cobb Dr,,Sideswipe-Same Direction,2,Clear,Dry,Daylight
2023-11-27T14:38:00.000,I 285,I 285 and S Cobb Dr,,Not a Collision with Motor Vehicle,2,Clear,Dry,Daylight
2023-07-14T15:37:00.000,I 285,I 285 and S Cobb Dr,,Rear End,2,Clear,Dry,Daylight
2023-01-20T15:59:00.000,I 285,I 285 and S Cobb Dr,,Rear End,2,Clear,Dry,Daylight
2023-03-31T12:40:00.000,I 285,I 285 and S Cobb Dr,,Sideswipe-Same Direction,2,Cloudy,Dry,Daylight
2023-09-21T10:32:00.000,I 285,I 285 and S Cobb Dr,,Sideswipe-Same Direction,2,Cloudy,Dry,Daylight
2023-03-09T15:18:00.000,I 285,I 285 and S Cobb Dr,,Rear End,3,Cloudy,Wet,Daylight
2023-06-14T18:33:00.000,I 285,I 285 and S Cobb Dr,,Rear End,2,Clear,Dry,Daylight
2023-02-05T04:02:00.000,I 285,I 285 and S Cobb Dr,,Sideswipe-Same Direction,2,Clear,Dry,Dark-Not Lighted
2023-08-11T20:31:00.000,I 285,I 285 and S Cobb Dr,,Not a Collision with Motor Vehicle,1,Clear,Dry,Dark-Lighted
2023-08-13T14:15:00.000,I 285,I 285 and S Cobb Dr,,Sideswipe-Same Direction,2,Clear,Dry,Daylight
2024-05-04T16:08:00.000,I 285,I 285 and S Cobb Dr,,Rear End,2,Clear,Dry,Daylight
2024-04-10T00:26:00.000,I 285,I 285 and S Cobb Dr,,Not a Collision with Motor Vehicle,1,Cloudy,Dry,Dark-Not Lighted
2024-04-20T21:25:00.000,I 285,I 285 and S Cobb Dr,,Not a Collision with Motor Vehicle,1,Clear,Dry,Dark-Lighted
2024-10-07T16:10:00.000,I 285,I 285 and S Cobb Dr,,Rear End,2,Clear,Dry,Daylight
2024-03-16T00:17:00.000,I 285,I 285 and S Cobb Dr,,Sideswipe-Same Direction,2,Clear,Dry,Dark-Not Lighted
2024-05-11T00:08:00.000,I 285,I 285 and S Cobb Dr,,Rear End,2,Cloudy,Dry,Dark-Not Lighted
2024-04-13T14:25:00.000,I 285,I 285 and S Cobb Dr,,Rear End,2,Clear,Dry,Daylight
2024-12-30T15:33:00.000,I 285,I 285 and S Cobb Dr,,Sideswipe-Same Direction,2,Clear,Dry,Daylight
2024-12-20T14:17:00.000,I 285,I 285 and S Cobb Dr,,Sideswipe-Same Direction,2,Clear,Dry,Daylight