Date and Time,Roadway (From Crash Report),Intersection Name (from Crash Report),KABCO Severity,Manner of Collision (Crash Level) ,# of Vehicles per crash ,Weather Conditions (Crash Level),Surface Condition (Crash Level) ,Light Conditions (Crash Level)
2024-07-19T13:55:00.000,I 285,I 285 and S Cobb Dr,,Rear End,2,Cloudy,Dry,Daylight
2024-10-29T12:00:00.000,I 285,I 285 and S Cobb Dr,,Not a Collision with Motor Vehicle,1,Clear,Dry,Daylight
2024-06-25T21:29:00.000,I 285,I 285 and S Cobb Dr,,Rear End,2,Clear,Dry,Dark-Lighted
2024-10-05T08:30:00.000,I 285,I 285 and S Cobb Dr,,Rear End,2,Clear,Dry,Daylight
2024-04-13T13:47:00.000,I 285,I 285 and S Cobb Dr,,Sideswipe-Same Direction,2,Clear,Dry,Daylight
2024-11-21T19:23:00.000,I 285,I 285 and S Cobb Dr,,Sideswipe-Same Direction,2,Clear,Dry,Dark-Not Lighted
2024-05-15T14:48:00.000,I 285,I 285 and S Cobb Dr,,Rear End,2,Rain,Wet,Daylight
2024-03-26T13:35:00.000,I 285,I 285 and S Cobb Dr,,Not a Collision with Motor Vehicle,1,Rain,Wet,Daylight
2024-06-16T06:00:00.000,I 285,I 285 and S Cobb Dr,,Rear End,2,Clear,Dry,Daylight
2024-12-20T15:30:00.000,I 285,I 285 and S Cobb Dr,,Sideswipe-Same Direction,2,Cloudy,Dry,Daylight
2024-04-03T18:07:00.000,I 285,I 285 and S Cobb Dr,,Sideswipe-Same Direction,2,Clear,Dry,Daylight
2024-04-24T10:30:00.000,I 285,I 285 and S Cobb Dr,,Rear End,2,Clear,Dry,Daylight
2024-11-12T15:16:00.000,I 285,I 285 and S Cobb Dr,,Rear End,2,Clear,Dry,Daylight
2024-02-01T12:19:00.000,I 285,I 285 and S Cobb Dr,,Rear End,2,Clear,Dry,Daylight
2024-06-11T10:25:00.000,I 285,I 285 and S Cobb Dr,,Sideswipe-Same Direction,2,Clear,Dry,Daylight
2024-01-11T18:46:00.000,I 285,I 285 and S Cobb Dr,,Sideswipe-Same Direction,2,Clear,Dry,Dark-Not Lighted
2024-07-25T17:27:00.000,I 285,I 285 and S Cobb Dr,,Rear End,2,Rain,Wet,Daylight
2024-06-14T16:46:00.000,I 285,I 285 and S Cobb Dr,,Sideswipe-Same Direction,2,Clear,Dry,Daylight
2024-06-20T12:33:00.000,I 285,I 285 and S Cobb Dr,,Rear End,2,Cloudy,Dry,Daylight
2024-03-26T17:44:00.000,I 285,I 285 and S Cobb Dr,,Angle Crash,2,Rain,Wet,Daylight
2024-10-08T13:07:00.000,I 285,I 285 and S Cobb Dr,,Rear End,2,Clear,Dry,Daylight
2024-07-02T14:05:00.000,I 285,I 285 and S Cobb Dr,,Angle Crash,2,Cloudy,Dry,Daylight
2024-07-04T10:30:00.000,I 285,I 285 and S Cobb Dr,,Sideswipe-Same Direction,2,Clear,Dry,Daylight
2024-11-06T16:43:00.000,I 285,I 285 and S Cobb Dr,,Rear End,2,Clear,Dry,Daylight
2024-10-07T18:35:00.000,I 285,I 285 and S Cobb Dr,,Rear End,2,Clear,Dry,Daylight
2024-06-02T03:38:00.000,I 285,I 285 and S Cobb Dr,,Not a Collision with Motor Vehicle,1,Cloudy,Dry,Dark-Lighted
2024-01-02T17:30:00.000,I 285,I 285 and S Cobb Dr,,Sideswipe-Same Direction,2,Clear,Dry,Daylight
2024-03-01T10:00:00.000,I 285,I 285 and S Cobb Dr,,Not a Collision with Motor Vehicle,1,Rain,Wet,Daylight
2024-10-17T15:32:00.000,I 285,I 285 and S Cobb Dr,,Sideswipe-Same Direction,3,Clear,Dry,Daylight
2024-02-12T16:02:00.000,I 285,I 285 and S Cobb Dr,,Sideswipe-Same Direction,2,Rain,Wet,Daylight
2024-02-01T12:02:00.000,I 285,I 285 and S Cobb Dr,,Sideswipe-Same Direction,2,Clear,Dry,Daylight
2024-09-20T16:09:00.000,I 285,I 285 and S Cobb Dr,,Sideswipe-Same Direction,2,Clear,Dry,Daylight
2024-04-24T05:50:00.000,I 285,I 285 and S Cobb Dr,,Sideswipe-Same Direction,3,Clear,Dry,Dark-Not Lighted
2024-04-07T00:05:00.000,I 285,I 285 and S Cobb Dr,,Rear End,2,Clear,Dry,Dark-Lighted
2024-11-20T14:20:00.000,I 285,I 285 and S Cobb Dr,,Rear End,2,Clear,Dry,Daylight
2024-05-20T04:15:00.000,I 285,I 285 and S Cobb Dr,,Not a Collision with Motor Vehicle,1,Clear,Dry,Dark-Not Lighted
2024-12-19T15:12:00.000,I 285,I 285 and S Cobb Dr,,Rear End,2,Clear,Dry,Daylight
2024-01-13T16:53:00.000,I 285,I 285 and S Cobb Dr,,Rear End,2,Clear,Dry,Daylight
2024-06-04T06:35:00.000,I 285,I 285 and S Cobb Dr,,Not a Collision with Motor Vehicle,1,Clear,Dry,Daylight
2024-09-25T15:40:00.000,I 285,I 285 and S Cobb Dr,,Angle Crash,2,Rain,Wet,Daylight
2024-06-04T08:33:00.000,I 285,I 285 and S Cobb Dr,,Sideswipe-Same Direction,2,Clear,Dry,Daylight
2024-06-14T16:59:00.000,I 285,I 285 and S Cobb Dr,,Rear End,2,Clear,Dry,Daylight
2024-03-30T11:21:00.000,I 285,I 285 and S Cobb Dr,,Rear End,2,Clear,Dry,Daylight
2024-03-05T18:45:00.000,I 285,I 285 and S Cobb Dr,,Rear End,2,Rain,Wet,Dark-Not Lighted
2024-03-22T13:22:00.000,I 285,I 285 and S Cobb Dr,,Sideswipe-Same Direction,2,Rain,Wet,Daylight
2024-03-06T04:50:00.000,I 285,I 285 and S Cobb Dr,,Rear End,2,Rain,Water (standing or moving),Dark-Not Lighted
2024-01-24T06:45:00.000,I 285,I 285 and S Cobb Dr,,Sideswipe-Same Direction,2,Rain,Wet,Dawn
2024-12-10T19:38:00.000,I 285,I 285 and S Cobb Dr,,Sideswipe-Same Direction,2,Rain,Wet,Dark-Not Lighted
2024-05-06T17:46:00.000,I 285,I 285 and S Cobb Dr,,Rear End,2,Clear,Dry,Daylight
2024-03-06T05:27:00.000,I 285,I 285 and S Cobb Dr,,Not a Collision with Motor Vehicle,1,Rain,Wet,Dark-Lighted
2024-10-19T14:35:00.000,I 285,I 285 and S Cobb Dr,,Sideswipe-Same Direction,2,Clear,Dry,Daylight
2024-02-21T21:00:00.000,I 285,I 285 and S Cobb Dr,,Not a Collision with Motor Vehicle,1,Clear,Dry,Dark-Lighted
2024-11-21T17:26:00.000,I 285,I 285 and S Cobb Dr,,Rear End,2,Clear,Dry,Dark-Not Lighted
2024-05-01T17:47:00.000,I 285,I 285 and S Cobb Dr,,Rear End,2,Clear,Dry,Daylight
2024-05-14T15:34:00.000,I 285,I 285 and S Cobb Dr,,Rear End,2,Cloudy,Dry,Daylight
2024-05-10T12:35:00.000,I 285,I 285 and S Cobb Dr,,Angle Crash,2,Clear,Dry,Daylight
2024-05-03T15:50:00.000,I 285,I 285 and S Cobb Dr,,Rear End,2,Clear,Dry,Daylight
2024-04-08T17:56:00.000,I 285,I 285 and S Cobb Dr,,Rear End,2,Cloudy,Dry,Daylight
2024-10-12T16:38:00.000,I 285,I 285 and S Cobb Dr,,Rear End,2,Clear,Dry,Daylight
2024-04-13T16:35:00.000,I 285,I 285 and S Cobb Dr,,Rear End,2,Clear,Dry,Daylight
2024-10-04T11:47:00.000,I 285,I 285 and S Cobb Dr,,Rear End,2,Cloudy,Dry,Daylight
2024-02-08T05:00:00.000,I 285,I 285 and S Cobb Dr,,Angle Crash,4,Clear,Dry,Dark-Not Lighted
2024-11-24T15:25:00.000,I 285,I 285 and S Cobb Dr,,Angle Crash,2,Clear,Dry,Daylight
2024-12-10T18:24:00.000,I 285,I 285 and S Cobb Dr,,Sideswipe-Same Direction,2,Rain,Wet,Dark-Not Lighted
2024-02-23T15:00:00.000,I 285,I 285 and S Cobb Dr,,Sideswipe-Same Direction,2,Clear,Dry,Daylight
2024-11-13T12:50:00.000,I 285,I 285 and S Cobb Dr,,Rear End,2,Clear,Dry,Daylight
2024-02-23T19:43:00.000,I 285,I 285 and S Cobb Dr,,Rear End,2,Clear,Dry,Dark-Lighted
2024-08-06T16:51:00.000,I 285,I 285 and S Cobb Dr,,Rear End,2,Clear,Dry,Daylight
2024-04-12T20:20:00.000,I 285,I 285 and S Cobb Dr,,Rear End,2,Clear,Dry,Dark-Lighted
2024-03-12T07:45:00.000,I 285,I 285 and S Cobb Dr,,Sideswipe-Same Direction,3,Clear,Dry,Daylight
2024-12-04T18:40:00.000,I 285,I 285 and S Cobb Dr,,Sideswipe-Same Direction,3,Clear,Dry,Dark-Not Lighted
2024-03-18T08:30:00.000,I 285,I 285 and S Cobb Dr,,Sideswipe-Same Direction,2,Cloudy,Dry,Daylight
2024-10-25T13:33:00.000,I 285,I 285 and S Cobb Dr,,Rear End,2,Clear,Dry,Daylight
2024-07-16T14:59:00.000,I 285,I 285 and S Cobb Dr,,Not a Collision with Motor Vehicle,3,Rain,Wet,Daylight
2024-06-16T05:30:00.000,I 285,I 285 and S Cobb Dr,,Rear End,2,Clear,Dry,Daylight
2024-01-10T08:15:00.000,I 285,I 285 and S Cobb Dr,,Rear End,2,Cloudy,Dry,Daylight
2024-09-19T10:12:00.000,I 285,I 285 and S Cobb Dr,,Rear End,2,Clear,Dry,Daylight
2024-07-06T18:21:00.000,I 285,I 285 and S Cobb Dr,,Not a Collision with Motor Vehicle,1,Rain,Wet,Daylight
2024-11-22T18:00:00.000,I 285,I 285 and S Cobb Dr,,Rear End,2,Clear,Dry,Dark-Not Lighted
2024-10-09T15:05:00.000,I 285,I 285 and S Cobb Dr,,Rear End,2,Clear,Dry,Daylight
2024-11-22T19:52:00.000,I 285,I 285 and S Cobb Dr,,Rear End,2,Cloudy,Dry,Dark-Not Lighted
2024-04-19T11:32:00.000,I 285,I 285 and S Cobb Dr,,Angle Crash,2,Cloudy,Dry,Daylight
2024-10-26T12:56:00.000,I 285,I 285 and S Cobb Dr,,Rear End,2,Clear,Dry,Daylight
2024-05-09T10:28:00.000,I 285,I 285 and S Cobb Dr,,Not a Collision with Motor Vehicle,1,Rain,Wet,Dark-Lighted
2024-04-07T12:50:00.000,I 285,I 285 and S Cobb Dr,,Rear End,2,Clear,Dry,Daylight
2024-01-30T22:10:00.000,I 285,I 285 and S Cobb Dr,,Not a Collision with Motor Vehicle,1,Rain,Wet,Dark-Not Lighted
2024-03-12T17:39:00.000,I 285,I 285 and S Cobb Dr,,Rear End,2,Clear,Dry,Daylight
2024-12-18T10:45:00.000,I 285,I 285 and S Cobb Dr,,Rear End,2,Cloudy,Dry,Daylight
2024-05-02T11:50:00.000,I 285,I 285 and S Cobb Dr,,Angle Crash,2,Clear,Dry,Daylight
2024-07-19T16:20:00.000,I 285,I 285 and S Cobb Dr,,Rear End,2,Clear,Dry,Daylight
2024-10-24T11:23:00.000,I 285,I 285 and S Cobb Dr,,Sideswipe-Same Direction,2,Clear,Dry,Daylight
2024-10-28T15:42:00.000,I 285,I 285 and S Cobb Dr,,Rear End,2,Clear,Dry,Daylight
2024-04-21T10:02:00.000,I 285,I 285 and S Cobb Dr,,Not a Collision with Motor Vehicle,1,Rain,Wet,Daylight
2024-07-01T00:10:00.000,I 285,I 285 and S Cobb Dr,,Not a Collision with Motor Vehicle,1,Clear,Dry,Dark-Lighted
2024-01-24T16:19:00.000,I 285,I 285 and S Cobb Dr,,Rear End,2,Rain,Wet,Daylight
2024-10-29T15:46:00.000,I 285,I 285 and S Cobb Dr,,Rear End,2,Clear,Dry,Daylight
2024-06-24T17:35:00.000,I 285,I 285 and S Cobb Dr,,Rear End,2,Clear,Dry,Daylight
2024-09-04T02:32:00.000,I 285,I 285 and S Cobb Dr,,Not a Collision with Motor Vehicle,1,Cloudy,Dry,Dark-Not Lighted
2024-11-27T14:45:00.000,I 285,I 285 and S Cobb Dr,,Sideswipe-Same Direction,2,Cloudy,Dry,Daylight
2024-10-23T06:45:00.000,I 285,I 285 and S Cobb Dr,,Angle Crash,2,Clear,Dry,Dark-Lighted
2024-09-26T22:44:00.000,I 285,I 285 and S Cobb Dr,,Not a Collision with Motor Vehicle,1,Rain,Water (standing or moving),Dark-Not Lighted
2024-01-30T09:00:00.000,I 285,I 285 and S Cobb Dr,,Rear End,2,Cloudy,Dry,Daylight
2024-05-02T11:50:00.000,I 285,I 285 and S Cobb Dr,,Not a Collision with Motor Vehicle,2,Clear,Dry,Daylight
2024-02-21T18:52:00.000,I 285,I 285 and S Cobb Dr,,Rear End,2,Clear,Dry,Dark-Not Lighted
2024-07-04T20:18:00.000,I 285,I 285 and S Cobb Dr,,Sideswipe-Same Direction,2,Cloudy,Wet,Daylight
2024-08-27T08:30:00.000,I 285,I 285 and S Cobb Dr,,Rear End,2,Clear,Dry,Daylight
2024-12-23T10:39:00.000,I 285,I 285 and S Cobb Dr,,Sideswipe-Same Direction,2,Clear,Dry,Daylight
2024-03-12T13:47:00.000,I 285,I 285 and S Cobb Dr,,Sideswipe-Same Direction,2,Clear,Dry,Daylight
2024-02-24T17:24:00.000,I 285,I 285 and S Cobb Dr,,Angle Crash,2,Clear,Dry,Daylight
2024-02-14T12:00:00.000,I 285,I 285 and S Cobb Dr,,Angle Crash,2,Clear,Dry,Daylight
2024-12-23T12:59:00.000,I 285,I 285 and S Cobb Dr,,Rear End,2,Clear,Dry,Daylight
2024-10-29T15:46:00.000,I 285,I 285 and S Cobb Dr,,Rear End,2,Clear,Dry,Daylight
2024-04-16T15:11:00.000,I 285,I 285 and S Cobb Dr,,Rear End,2,Clear,Dry,Daylight
2024-11-02T13:01:00.000,I 285,I 285 and S Cobb Dr,,Sideswipe-Same Direction,2,Clear,Dry,Daylight
2024-02-05T10:26:00.000,I 285,I 285 and S Cobb Dr,,Rear End,2,Clear,Dry,Daylight
2024-10-09T08:30:00.000,I 285,I 285 and S Cobb Dr,,Sideswipe-Same Direction,2,Clear,Dry,Daylight
2024-05-26T12:00:00.000,I 285,I 285 and S Cobb Dr,,Rear End,2,Clear,Dry,Daylight
2024-12-28T12:10:00.000,I 285,I 285 and S Cobb Dr,,Rear End,2,Cloudy,Wet,Daylight
2024-12-04T10:53:00.000,I 285,I 285 and S Cobb Dr,,Sideswipe-Same Direction,2,Clear,Dry,Daylight
2024-08-16T10:09:00.000,I 285,I 285 and S Cobb Dr,,Not a Collision with Motor Vehicle,1,Clear,Dry,Daylight
2024-07-04T21:57:00.000,I 285,I 285 and S Cobb Dr,,Sideswipe-Same Direction,3,Cloudy,Dry,Dark-Not Lighted
2024-11-11T15:08:00.000,I 285,I 285 and S Cobb Dr,,Rear End,2,Clear,Dry,Daylight
2024-01-30T13:50:00.000,I 285,I 285 and S Cobb Dr,,Sideswipe-Same Direction,2,Clear,Dry,Daylight
2024-06-19T11:18:00.000,I 285,I 285 and S Cobb Dr,,Rear End,2,Cloudy,Dry,Daylight
2024-04-15T11:05:00.000,I 285,I 285 and S Cobb Dr,,Rear End,3,Clear,Dry,Daylight
2024-05-13T16:58:00.000,I 285,I 285 and S Cobb Dr,,Rear End,2,Cloudy,Dry,Daylight
2024-01-05T13:40:00.000,I 285,I 285 and S Cobb Dr,,Rear End,3,Cloudy,Dry,Daylight
2024-10-14T16:47:00.000,I 285,I 285 and S Cobb Dr,,Rear End,2,Clear,Dry,Daylight
2024-01-13T16:55:00.000,I 285,I 285 and S Cobb Dr,,Rear End,2,Clear,Dry,Daylight
2024-02-09T14:57:00.000,I 285,I 285 and S Cobb Dr,,Rear End,2,Cloudy,Dry,Daylight
2024-03-02T19:47:00.000,I 285,I 285 and S Cobb Dr,,Rear End,2,Cloudy,Dry,Dark-Not Lighted
2024-05-01T10:00:00.000,I 285,I 285 and S Cobb Dr,,Rear End,2,Clear,Dry,Daylight
2024-12-19T08:55:00.000,I 285,I 285 and S Cobb Dr,,Sideswipe-Same Direction,2,Clear,Dry,Daylight
2024-05-03T16:50:00.000,I 285,I 285 and S Cobb Dr,,Rear End,2,Clear,Dry,Daylight
2024-06-05T09:40:00.000,I 285,I 285 and S Cobb Dr,,Rear End,2,Cloudy,Dry,Daylight
2024-02-15T12:29:00.000,I 285,I 285 and S Cobb Dr,,Not a Collision with Motor Vehicle,1,Clear,Dry,Daylight
2024-01-24T08:30:00.000,I 285,I 285 and S Cobb Dr,,Angle Crash,2,Rain,Wet,Daylight
2024-09-27T10:20:00.000,I 285,I 285 and S Cobb Dr,,Sideswipe-Same Direction,2,Clear,Dry,Daylight
2024-02-13T06:40:00.000,I 285,I 285 and S Cobb Dr,,Not a Collision with Motor Vehicle,2,Clear,Dry,Daylight
2024-06-08T20:42:00.000,I 285,I 285 and S Cobb Dr,,Angle Crash,2,Clear,Dry,Dark-Not Lighted
2024-02-06T07:48:00.000,I 285,I 285 and S Cobb Dr,,Rear End,2,Clear,Dry,Daylight
2024-11-12T09:38:00.000,I 285,I 285 and S Cobb Dr,,Rear End,2,Cloudy,Dry,Daylight
2024-11-19T10:47:00.000,I 285,I 285 and S Cobb Dr,,Sideswipe-Same Direction,2,Rain,Wet,Daylight
2024-03-09T14:15:00.000,I 285,I 285 and S Cobb Dr,,Angle Crash,2,Clear,Dry,Daylight
2024-03-19T17:42:00.000,I 285,I 285 and S Cobb Dr,,Sideswipe-Same Direction,2,Clear,Dry,Daylight
2024-05-28T17:52:00.000,I 285,I 285 and S Cobb Dr,,Rear End,2,Clear,Dry,Daylight
2024-07-11T07:45:00.000,I 285,I 285 and S Cobb Dr,,Rear End,3,Clear,Dry,Daylight
2024-02-13T18:54:00.000,I 285,I 285 and S Cobb Dr,,Rear End,2,Clear,Dry,Dusk
2024-10-21T16:34:00.000,I 285,I 285 and S Cobb Dr,,Rear End,2,Clear,Dry,Daylight
2024-01-24T17:24:00.000,I 285,I 285 and S Cobb Dr,,Rear End,2,Rain,Wet,Daylight
2024-05-10T15:32:00.000,I 285,I 285 and S Cobb Dr,,Rear End,2,Clear,Dry,Daylight
2024-04-06T23:20:00.000,I 285,I 285 and S Cobb Dr,,Sideswipe-Same Direction,2,Clear,Dry,Dark-Lighted
2024-11-12T16:46:00.000,I 285,I 285 and S Cobb Dr,,Rear End,2,Clear,Dry,Daylight
2024-04-13T19:25:00.000,I 285,I 285 and S Cobb Dr,,Rear End,2,Clear,Dry,Daylight
2024-04-26T09:44:00.000,I 285,I 285 and S Cobb Dr,,Sideswipe-Same Direction,2,Clear,Dry,Daylight
2024-12-11T17:35:00.000,I 285,I 285 and S Cobb Dr,,Sideswipe-Same Direction,2,Clear,Dry,Daylight
2024-05-14T11:37:00.000,I 285,I 285 and S Cobb Dr,,Rear End,2,Rain,Dry,Daylight
2024-04-23T17:20:00.000,I 285,I 285 and S Cobb Dr,,Rear End,2,Clear,Dry,Daylight
2024-05-21T14:05:00.000,I 285,I 285 and S Cobb Dr,,Rear End,2,Clear,Dry,Daylight
2024-04-07T18:38:00.000,I 285,I 285 and S Cobb Dr,,Rear End,2,Clear,Dry,Daylight
2024-01-04T13:57:00.000,I 285,I 285 and S Cobb Dr,,Rear End,4,Clear,Dry,Daylight
2024-08-16T16:39:00.000,I 285,I 285 and S Cobb Dr,,Angle Crash,2,Cloudy,Dry,Daylight
2024-02-20T16:20:00.000,I 285,I 285 and S Cobb Dr,,Sideswipe-Same Direction,2,Clear,Dry,Daylight
2024-02-16T11:08:00.000,I 285,I 285 and S Cobb Dr,,Sideswipe-Same Direction,2,Cloudy,Dry,Daylight
2024-05-07T07:17:00.000,I 285,I 285 and S Cobb Dr,,Sideswipe-Same Direction,2,Clear,Dry,Daylight
2024-10-17T13:00:00.000,I 285,I 285 and S Cobb Dr,,Sideswipe-Same Direction,2,Clear,Dry,Daylight
2024-12-10T14:43:00.000,I 285,I 285 and S Cobb Dr,,Rear End,2,Rain,Wet,Daylight
2024-05-20T16:58:00.000,I 285,I 285 and S Cobb Dr,,Sideswipe-Same Direction,2,Clear,Dry,Daylight
2024-07-03T16:20:00.000,I 285,I 285 and S Cobb Dr,,Rear End,2,Cloudy,Dry,Daylight
2024-04-30T20:31:00.000,I 285,I 285 and S Cobb Dr,,Angle Crash,2,Clear,Dry,Dark-Lighted
2024-12-12T21:25:00.000,I 285,I 285 and S Cobb Dr,,Sideswipe-Same Direction,2,Cloudy,Dry,Dark-Not Lighted
2024-07-08T19:52:00.000,I 285,I 285 and S Cobb Dr,,Angle Crash,2,Clear,Dry,Daylight
2024-12-31T15:01:00.000,I 285,I 285 and S Cobb Dr,,Rear End,2,Clear,Dry,Daylight
2024-10-04T15:39:00.000,I 285,I 285 and S Cobb Dr,,Rear End,2,Cloudy,Dry,Daylight
2024-07-05T12:51:00.000,I 285,I 285 and S Cobb Dr,,Not a Collision with Motor Vehicle,1,Rain,Wet,Daylight
2024-10-25T09:23:00.000,I 285,I 285 and S Cobb Dr,,Not a Collision with Motor Vehicle,1,Clear,Dry,Daylight
2024-01-08T17:25:00.000,I 285,I 285 and S Cobb Dr,,Rear End,2,Cloudy,Dry,Daylight
2024-12-22T16:52:00.000,I 285,I 285 and S Cobb Dr,,Angle Crash,2,Clear,Dry,Daylight
2024-07-11T07:46:00.000,I 285,I 285 and S Cobb Dr,,Rear End,2,Clear,Dry,Daylight
2024-08-05T15:32:00.000,I 285,I 285 and S Cobb Dr,,Sideswipe-Same Direction,2,Clear,Dry,Daylight
2024-03-02T20:53:00.000,I 285,I 285 and S Cobb Dr,,Not a Collision with Motor Vehicle,1,Clear,Dry,Dark-Not Lighted
2024-03-16T20:05:00.000,I 285,I 285 and S Cobb Dr,,Rear End,2,Cloudy,Dry,Dark-Not Lighted
2024-12-21T16:53:00.000,I 285,I 285 and S Cobb Dr,,Rear End,2,Clear,Dry,Daylight
2024-12-31T15:00:00.000,I 285,I 285 and S Cobb Dr,,Rear End,2,Clear,Dry,Daylight
2024-02-10T12:50:00.000,I 285,I 285 and S Cobb Dr,,Rear End,2,Clear,Dry,Daylight
2024-02-23T17:03:00.000,I 285,I 285 and S Cobb Dr,,Sideswipe-Same Direction,2,Clear,Dry,Daylight
2024-02-21T21:35:00.000,I 285,I 285 and S Cobb Dr,,Not a Collision with Motor Vehicle,1,Clear,Dry,Dark-Lighted
2024-06-24T03:00:00.000,I 285,I 285 and S Cobb Dr,,Sideswipe-Same Direction,2,Clear,Dry,Dark-Lighted
2024-02-10T12:10:00.000,I 285,I 285 and S Cobb Dr,,Angle Crash,2,Cloudy,Dry,Daylight
2024-07-11T13:22:00.000,I 285,I 285 and S Cobb Dr,,Rear End,2,Clear,Dry,Daylight
2024-11-03T19:20:00.000,I 285,I 285 and S Cobb Dr,,Rear End,2,Clear,Dry,Dark-Not Lighted
2023-06-30T03:28:00.000,I 285,I 285 and S Cobb,,Sideswipe-Same Direction,3,Cloudy,Dry,Dark-Not Lighted
2023-06-22T22:54:00.000,I 285,I 285 and S Cobb,,Sideswipe-Same Direction,2,Clear,Dry,Dark-Lighted
2023-12-10T22:33:00.000,I 285,I 285 and S Cobb,,Rear End,2,Clear,Dry,Dark-Lighted
2023-02-06T12:54:00.000,I 285,I 285 and S Cobb,,Not a Collision with Motor Vehicle,1,Clear,Dry,Daylight
2023-08-29T22:20:00.000,I 285,I 285 and S Cobb,,Angle Crash,2,Rain,Wet,Dark-Lighted
2021-09-11T09:35:00.000,I 285,I 285 and S Cobb,,Sideswipe-Same Direction,2,Clear,Dry,Daylight
2022-03-19T00:00:00.000,I 285,I 285 and S Cobb,,Rear End,2,Clear,Dry,Dark-Not Lighted
2021-10-11T16:25:00.000,I 285,I 285 and S Cobb,,Rear End,2,Cloudy,Dry,Daylight
2022-07-19T11:25:00.000,I 285,I 285 and S Cobb,,Sideswipe-Same Direction,2,Cloudy,Dry,Daylight
2024-12-17T17:34:00.000,I 285,I 285 and S Cobb,,Sideswipe-Same Direction,2,Cloudy,Dry,Dawn
2024-12-05T10:49:00.000,I 285,I 285 and S Cobb,,Rear End,2,Clear,Dry,Daylight
2024-10-24T13:20:00.000,I 285,I 285 and S Cobb,,Angle Crash,2,Clear,Dry,Daylight
2024-09-25T11:45:00.000,I 285,I 285 and S Cobb,,Rear End,2,Cloudy,Wet,Dark-Lighted
2023-06-30T03:30:00.000,I 285,I 285 and S Cobb,,Sideswipe-Same Direction,2,Cloudy,Dry,Dark-Not Lighted
2024-06-18T15:40:00.000,I 285,I 285 and S Cobb,,Rear End,2,Cloudy,Dry,Daylight
2024-12-13T13:38:00.000,I 285,I 285 and S Cobb,,Sideswipe-Same Direction,4,Clear,Dry,Daylight
2024-01-16T21:40:00.000,I 285,I 285 and S Cobb,,Rear End,2,Clear,Dry,Dark-Lighted
2024-06-14T09:56:00.000,I 285,I 285 and S Cobb,,Sideswipe-Same Direction,3,Clear,Dry,Daylight
2021-12-29T15:40:00.000,I 285,I 285 and S Atlanta Rsd,,Rear End,4,Cloudy,Dry,Daylight
2022-05-23T09:45:00.000,I 285,I 285 and S Atlanta Road Opas,,Not a Collision with Motor Vehicle,1,Rain,Wet,Daylight
2022-05-23T10:20:00.000,I 285,I 285 and S Atlanta Road Opas,,Rear End,2,Rain,Wet,Daylight
2021-04-12T10:49:00.000,I 285,I 285 and S Atlanta Rd,,Rear End,2,Cloudy,Dry,Daylight
2021-06-30T19:35:00.000,I 285,I 285 and S Atlanta Rd,,Sideswipe-Same Direction,2,Cloudy,Dry,Daylight
2021-09-20T13:14:00.000,I 285,I 285 and S Atlanta Rd,,Not a Collision with Motor Vehicle,1,Rain,Wet,Daylight
2021-11-29T07:24:00.000,I 285,I 285 and S Atlanta Rd,,Rear End,2,Clear,Dry,Daylight
2021-10-08T14:50:00.000,I 285,I 285 and S Atlanta Rd,,Rear End,4,Clear,Dry,Daylight
2021-11-30T18:02:00.000,I 285,I 285 and S Atlanta Rd,,Sideswipe-Same Direction,2,Clear,Dry,Dark-Not Lighted
2021-08-17T07:45:00.000,I 285,I 285 and S Atlanta Rd,,Not a Collision with Motor Vehicle,1,Rain,Wet,Daylight
2021-11-15T16:36:00.000,I 285,I 285 and S Atlanta Rd,,Rear End,2,Clear,Dry,Daylight
2021-04-19T16:13:00.000,I 285,I 285 and S Atlanta Rd,,Sideswipe-Same Direction,2,Clear,Dry,Daylight
2021-04-20T17:17:00.000,I 285,I 285 and S Atlanta Rd,,Not a Collision with Motor Vehicle,2,Cloudy,Dry,Daylight
2021-05-04T18:25:00.000,I 285,I 285 and S Atlanta Rd,,Sideswipe-Same Direction,2,Rain,Wet,Daylight
2021-06-22T09:04:00.000,I 285,I 285 and S Atlanta Rd,,Rear End,2,Rain,Wet,Daylight
2021-04-01T15:57:00.000,I 285,I 285 and S Atlanta Rd,,Sideswipe-Same Direction,2,Clear,Dry,Daylight
2021-04-15T06:32:00.000,I 285,I 285 and S Atlanta Rd,,Rear End,2,Cloudy,Wet,Daylight
2021-10-11T18:19:00.000,I 285,I 285 and S Atlanta Rd,,Rear End,2,Cloudy,Dry,Daylight
2021-07-29T17:05:00.000,I 285,I 285 and S Atlanta Rd,,Sideswipe-Same Direction,2,Cloudy,Dry,Daylight
2021-08-20T19:30:00.000,I 285,I 285 and S Atlanta Rd,,Sideswipe-Same Direction,2,Cloudy,Dry,Daylight
2021-09-23T14:12:00.000,I 285,I 285 and S Atlanta Rd,,Sideswipe-Same Direction,2,Clear,Dry,Daylight
2021-12-14T18:34:00.000,I 285,I 285 and S Atlanta Rd,,Rear End,2,Clear,Dry,Dark-Not Lighted
2021-01-01T10:46:00.000,I 285,I 285 and S Atlanta Rd,,Angle Crash,2,Rain,Wet,Daylight
2021-03-09T16:05:00.000,I 285,I 285 and S Atlanta Rd,,Sideswipe-Same Direction,4,Cloudy,Dry,Daylight
2021-07-19T15:35:00.000,I 285,I 285 and S Atlanta Rd,,Sideswipe-Same Direction,2,Cloudy,Dry,Daylight
2021-07-26T11:35:00.000,I 285,I 285 and S Atlanta Rd,,Rear End,2,Clear,Dry,Daylight
2021-07-26T13:00:00.000,I 285,I 285 and S Atlanta Rd,,Sideswipe-Same Direction,2,Clear,Dry,Daylight