Date and Time,Roadway (From Crash Report),Intersection Name (from Crash Report),KABCO Severity,Manner of Collision (Crash Level) ,# of Vehicles per crash ,Weather Conditions (Crash Level),Surface Condition (Crash Level) ,Light Conditions (Crash Level)
2021-02-15T12:09:00.000,I 285,I 285 and S Atlanta Rd,,Rear End,3,Rain,Wet,Daylight
2021-05-06T11:50:00.000,I 285,I 285 and S Atlanta Rd,,Rear End,2,Clear,Dry,Daylight
2021-01-21T08:23:00.000,I 285,I 285 and S Atlanta Rd,,Sideswipe-Same Direction,2,Cloudy,Wet,Daylight
2021-04-16T09:23:00.000,I 285,I 285 and S Atlanta Rd,,Sideswipe-Same Direction,2,Cloudy,Dry,Daylight
2021-03-05T11:30:00.000,I 285,I 285 and S Atlanta Rd,,Rear End,2,Clear,Dry,Daylight
2021-01-01T10:45:00.000,I 285,I 285 and S Atlanta Rd,,Not a Collision with Motor Vehicle,1,Rain,Wet,Daylight
2021-06-04T16:45:00.000,I 285,I 285 and S Atlanta Rd,,Sideswipe-Same Direction,2,Cloudy,Dry,Daylight
2021-12-23T16:08:00.000,I 285,I 285 and S Atlanta Rd,,Rear End,2,Clear,Dry,Daylight
2021-07-13T14:22:00.000,I 285,I 285 and S Atlanta Rd,,Rear End,2,Cloudy,Dry,Daylight
2021-09-28T11:20:00.000,I 285,I 285 and S Atlanta Rd,,Sideswipe-Same Direction,2,Clear,Dry,Daylight
2021-08-16T18:56:00.000,I 285,I 285 and S Atlanta Rd,,Sideswipe-Same Direction,2,Rain,Wet,Daylight
2021-03-31T10:20:00.000,I 285,I 285 and S Atlanta Rd,,Not a Collision with Motor Vehicle,1,Rain,Wet,Daylight
2021-05-18T17:56:00.000,I 285,I 285 and S Atlanta Rd,,Sideswipe-Same Direction,2,Cloudy,Dry,Daylight
2020-05-04T14:42:00.000,I 285,I 285 and S Atlanta Rd,,Sideswipe-Same Direction,2,Cloudy,Dry,Daylight
2020-10-13T14:50:00.000,I 285,I 285 and S Atlanta Rd,,Sideswipe-Same Direction,2,Clear,Dry,Daylight
2023-07-20T16:21:00.000,I 285,I 285 and S Atlanta Rd,,Rear End,2,Cloudy,Dry,Daylight
2023-10-17T19:23:00.000,I 285,I 285 and S Atlanta Rd,,Rear End,3,Cloudy,Dry,Dusk
2023-09-12T17:15:00.000,I 285,I 285 and S Atlanta Rd,,Rear End,2,Cloudy,Dry,Daylight
2023-12-29T12:40:00.000,I 285,I 285 and S Atlanta Rd,,Sideswipe-Same Direction,2,Cloudy,Dry,Daylight
2023-05-02T17:02:00.000,I 285,I 285 and S Atlanta Rd,,Rear End,2,Clear,Dry,Daylight
2023-07-06T17:00:00.000,I 285,I 285 and S Atlanta Rd,,Rear End,2,Clear,Dry,Daylight
2023-10-31T17:35:00.000,I 285,I 285 and S Atlanta Rd,,Rear End,2,Cloudy,Dry,Daylight
2023-12-14T09:54:00.000,I 285,I 285 and S Atlanta Rd,,Rear End,2,Clear,Dry,Daylight
2023-08-25T17:05:00.000,I 285,I 285 and S Atlanta Rd,,Sideswipe-Same Direction,2,Clear,Dry,Daylight
2023-10-30T18:00:00.000,I 285,I 285 and S Atlanta Rd,,Sideswipe-Same Direction,2,Cloudy,Dry,Daylight
2023-03-17T14:18:00.000,I 285,I 285 and S Atlanta Rd,,Sideswipe-Same Direction,2,Rain,Wet,Daylight
2023-07-11T16:56:00.000,I 285,I 285 and S Atlanta Rd,,Rear End,2,Clear,Dry,Daylight
2023-03-02T16:58:00.000,I 285,I 285 and S Atlanta Rd,,Sideswipe-Same Direction,9,Rain,Wet,Daylight
2023-06-02T13:45:00.000,I 285,I 285 and S Atlanta Rd,,Sideswipe-Same Direction,2,Clear,Dry,Daylight
2023-04-27T16:35:00.000,I 285,I 285 and S Atlanta Rd,,Rear End,2,Cloudy,Wet,Daylight
2023-10-10T15:47:00.000,I 285,I 285 and S Atlanta Rd,,Sideswipe-Same Direction,2,Clear,Dry,Daylight
2023-06-23T14:51:00.000,I 285,I 285 and S Atlanta Rd,,Sideswipe-Same Direction,2,Rain,Wet,Daylight
2023-07-14T18:30:00.000,I 285,I 285 and S Atlanta Rd,,Rear End,2,Clear,Dry,Daylight
2021-01-13T18:29:00.000,I 285,I 285 and S Atlanta Rd,,Sideswipe-Same Direction,2,Cloudy,Dry,Dark-Not Lighted
2020-10-16T17:49:00.000,I 285,I 285 and S Atlanta Rd,,Sideswipe-Same Direction,2,Clear,Dry,Daylight
2020-08-31T12:47:00.000,I 285,I 285 and S Atlanta Rd,,Not a Collision with Motor Vehicle,1,Cloudy,Dry,Daylight
2020-09-29T18:27:00.000,I 285,I 285 and S Atlanta Rd,,Not a Collision with Motor Vehicle,1,Clear,Dry,Daylight
2020-02-24T16:20:00.000,I 285,I 285 and S Atlanta Rd,,Rear End,2,Rain,Wet,Daylight
2020-02-06T07:28:00.000,I 285,I 285 and S Atlanta Rd,,Rear End,2,Rain,Wet,Dark-Not Lighted
2020-10-05T17:00:00.000,I 285,I 285 and S Atlanta Rd,,Sideswipe-Same Direction,2,Clear,Dry,Daylight
2020-12-28T14:15:00.000,I 285,I 285 and S Atlanta Rd,,Sideswipe-Same Direction,3,Cloudy,Dry,Daylight
2020-08-03T09:40:00.000,I 285,I 285 and S Atlanta Rd,,Rear End,2,Cloudy,Dry,Daylight
2020-11-02T14:15:00.000,I 285,I 285 and S Atlanta Rd,,Sideswipe-Same Direction,2,Clear,Dry,Daylight
2020-11-25T14:27:00.000,I 285,I 285 and S Atlanta Rd,,Rear End,2,Cloudy,Dry,Daylight
2020-06-16T09:36:00.000,I 285,I 285 and S Atlanta Rd,,Sideswipe-Same Direction,2,Cloudy,Dry,Daylight
2020-07-16T17:20:00.000,I 285,I 285 and S Atlanta Rd,,Sideswipe-Same Direction,2,Clear,Dry,Daylight
2020-03-23T16:02:00.000,I 285,I 285 and S Atlanta Rd,,Rear End,2,Rain,Wet,Daylight
2020-11-12T15:07:00.000,I 285,I 285 and S Atlanta Rd,,Sideswipe-Same Direction,2,Clear,Dry,Daylight
2020-10-05T17:12:00.000,I 285,I 285 and S Atlanta Rd,,Sideswipe-Same Direction,2,Clear,Dry,Daylight
2020-02-28T14:58:00.000,I 285,I 285 and S Atlanta Rd,,Rear End,2,Cloudy,Dry,Daylight
2020-09-23T17:25:00.000,I 285,I 285 and S Atlanta Rd,,Rear End,3,Clear,Dry,Daylight
2020-12-24T08:00:00.000,I 285,I 285 and S Atlanta Rd,,Not a Collision with Motor Vehicle,1,Rain,Wet,Daylight
2020-02-11T06:22:00.000,I 285,I 285 and S Atlanta Rd,,Rear End,2,Rain,Wet,Dark-Not Lighted
2020-04-29T15:46:00.000,I 285,I 285 and S Atlanta Rd,,Sideswipe-Same Direction,1,Rain,Wet,Daylight
2020-12-18T17:25:00.000,I 285,I 285 and S Atlanta Rd,,Rear End,2,Clear,Dry,Dusk
2020-02-14T17:21:00.000,I 285,I 285 and S Atlanta Rd,,Sideswipe-Same Direction,2,Clear,Dry,Daylight
2020-03-19T12:10:00.000,I 285,I 285 and S Atlanta Rd,,Not a Collision with Motor Vehicle,1,Clear,Dry,Daylight
2020-05-27T13:06:00.000,I 285,I 285 and S Atlanta Rd,,Sideswipe-Same Direction,2,Cloudy,Wet,Daylight
2020-09-17T06:05:00.000,I 285,I 285 and S Atlanta Rd,,Not a Collision with Motor Vehicle,1,Rain,Wet,Dark-Not Lighted
2020-11-02T18:35:00.000,I 285,I 285 and S Atlanta Rd,,Sideswipe-Same Direction,2,Clear,Dry,Dark-Not Lighted
2020-02-27T17:01:00.000,I 285,I 285 and S Atlanta Rd,,Rear End,2,Clear,Dry,Daylight
2020-08-14T18:03:00.000,I 285,I 285 and S Atlanta Rd,,Rear End,2,Cloudy,Dry,Daylight
2020-08-17T18:57:00.000,I 285,I 285 and S Atlanta Rd,,Rear End,2,Clear,Dry,Daylight
2020-02-24T11:53:00.000,I 285,I 285 and S Atlanta Rd,,Angle Crash,2,Rain,Wet,Daylight
2021-04-02T12:10:00.000,I 285,I 285 and S Atlanta Rd,,Rear End,2,Clear,Dry,Daylight
2021-03-23T17:35:00.000,I 285,I 285 and S Atlanta Rd,,Rear End,3,Cloudy,Dry,Daylight
2021-04-20T14:43:00.000,I 285,I 285 and S Atlanta Rd,,Sideswipe-Same Direction,3,Cloudy,Dry,Daylight
2021-06-25T17:48:00.000,I 285,I 285 and S Atlanta Rd,,Rear End,3,Cloudy,Dry,Daylight
2021-03-18T17:00:00.000,I 285,I 285 and S Atlanta Rd,,Sideswipe-Same Direction,2,Cloudy,Dry,Daylight
2021-01-15T16:17:00.000,I 285,I 285 and S Atlanta Rd,,Sideswipe-Same Direction,1,Clear,Dry,Daylight
2021-02-10T13:49:00.000,I 285,I 285 and S Atlanta Rd,,Sideswipe-Same Direction,2,Cloudy,Dry,Daylight
2021-04-28T11:30:00.000,I 285,I 285 and S Atlanta Rd,,Sideswipe-Same Direction,2,Clear,Dry,Daylight
2021-03-24T16:45:00.000,I 285,I 285 and S Atlanta Rd,,Rear End,3,Clear,Dry,Daylight
2021-04-01T17:45:00.000,I 285,I 285 and S Atlanta Rd,,Rear End,2,Clear,Dry,Daylight
2021-07-02T15:17:00.000,I 285,I 285 and S Atlanta Rd,,Sideswipe-Same Direction,2,Cloudy,Dry,Daylight
2021-12-02T15:35:00.000,I 285,I 285 and S Atlanta Rd,,Sideswipe-Same Direction,2,Clear,Dry,Daylight
2021-07-30T12:15:00.000,I 285,I 285 and S Atlanta Rd,,Rear End,2,Cloudy,Dry,Daylight
2021-07-06T12:53:00.000,I 285,I 285 and S Atlanta Rd,,Sideswipe-Same Direction,2,Cloudy,Dry,Daylight
2021-08-13T16:23:00.000,I 285,I 285 and S Atlanta Rd,,Rear End,3,Clear,Dry,Daylight
2021-12-14T10:53:00.000,I 285,I 285 and S Atlanta Rd,,Rear End,3,Clear,Dry,Daylight
2021-12-14T17:59:00.000,I 285,I 285 and S Atlanta Rd,,Rear End,2,Clear,Dry,Dark-Not Lighted
2021-12-13T22:17:00.000,I 285,I 285 and S Atlanta Rd,,Sideswipe-Same Direction,2,Clear,Dry,Dark-Not Lighted
2022-01-12T17:51:00.000,I 285,I 285 and S Atlanta Rd,,Not a Collision with Motor Vehicle,1,Clear,Dry,Dark-Lighted
2022-11-29T14:30:00.000,I 285,I 285 and S Atlanta Rd,,Sideswipe-Same Direction,2,Clear,Dry,Daylight
2021-12-30T12:58:00.000,I 285,I 285 and S Atlanta Rd,,Not a Collision with Motor Vehicle,1,Rain,Wet,Daylight
2021-07-19T18:45:00.000,I 285,I 285 and S Atlanta Rd,,Not a Collision with Motor Vehicle,1,Rain,Wet,Daylight
2022-07-26T16:36:00.000,I 285,I 285 and S Atlanta Rd,,Rear End,2,Cloudy,Dry,Daylight
2022-12-05T18:00:00.000,I 285,I 285 and S Atlanta Rd,,Rear End,2,Rain,Wet,Dark-Not Lighted
2022-09-13T06:10:00.000,I 285,I 285 and S Atlanta Rd,,Rear End,2,Clear,Dry,Dark-Not Lighted
2022-04-21T19:00:00.000,I 285,I 285 and S Atlanta Rd,,Not a Collision with Motor Vehicle,1,Clear,Dry,Daylight
2022-06-30T19:15:00.000,I 285,I 285 and S Atlanta Rd,,Sideswipe-Same Direction,2,Cloudy,Dry,Daylight
2022-04-19T15:40:00.000,I 285,I 285 and S Atlanta Rd,,Rear End,2,Clear,Dry,Daylight
2022-06-06T14:27:00.000,I 285,I 285 and S Atlanta Rd,,Sideswipe-Same Direction,3,Cloudy,Dry,Daylight
2022-06-30T07:27:00.000,I 285,I 285 and S Atlanta Rd,,Sideswipe-Same Direction,2,Cloudy,Dry,Daylight
2021-09-27T09:26:00.000,I 285,I 285 and S Atlanta Rd,,Not a Collision with Motor Vehicle,2,Clear,Dry,Daylight
2022-05-06T14:50:00.000,I 285,I 285 and S Atlanta Rd,,Rear End,3,Clear,Dry,Daylight
2022-09-13T10:55:00.000,I 285,I 285 and S Atlanta Rd,,Rear End,3,Clear,Dry,Daylight
2022-10-14T13:40:00.000,I 285,I 285 and S Atlanta Rd,,Rear End,2,Clear,Dry,Daylight
2022-07-11T15:20:00.000,I 285,I 285 and S Atlanta Rd,,Sideswipe-Same Direction,2,Cloudy,Dry,Daylight
2022-02-15T08:46:00.000,I 285,I 285 and S Atlanta Rd,,Rear End,2,Clear,Dry,Daylight
2022-07-14T14:12:00.000,I 285,I 285 and S Atlanta Rd,,Sideswipe-Same Direction,2,Cloudy,Dry,Daylight
2022-07-14T14:45:00.000,I 285,I 285 and S Atlanta Rd,,Rear End,3,Cloudy,Dry,Daylight
2022-06-09T08:20:00.000,I 285,I 285 and S Atlanta Rd,,Rear End,2,Cloudy,Dry,Daylight
2022-03-24T13:10:00.000,I 285,I 285 and S Atlanta Rd,,Rear End,2,Clear,Dry,Daylight
2022-02-14T16:29:00.000,I 285,I 285 and S Atlanta Rd,,Sideswipe-Same Direction,2,Clear,Dry,Daylight
2022-07-22T16:12:00.000,I 285,I 285 and S Atlanta Rd,,Sideswipe-Same Direction,2,Cloudy,Dry,Daylight
2022-02-25T13:06:00.000,I 285,I 285 and S Atlanta Rd,,Rear End,2,Cloudy,Dry,Daylight
2022-06-30T10:51:00.000,I 285,I 285 and S Atlanta Rd,,Rear End,5,Cloudy,Dry,Daylight
2022-12-02T19:23:00.000,I 285,I 285 and S Atlanta Rd,,Sideswipe-Same Direction,2,Clear,Dry,Dark-Not Lighted
2022-08-25T14:29:00.000,I 285,I 285 and S Atlanta Rd,,Sideswipe-Same Direction,2,Rain,Wet,Daylight
2022-05-25T15:42:00.000,I 285,I 285 and S Atlanta Rd,,Rear End,2,Cloudy,Dry,Daylight
2022-04-25T17:14:00.000,I 285,I 285 and S Atlanta Rd,,Rear End,3,Cloudy,Dry,Daylight
2022-01-10T16:25:00.000,I 285,I 285 and S Atlanta Rd,,Rear End,3,Clear,Dry,Daylight
2022-12-15T11:45:00.000,I 285,I 285 and S Atlanta Rd,,Rear End,2,Clear,Dry,Daylight
2022-09-26T06:43:00.000,I 285,I 285 and S Atlanta Rd,,Rear End,2,Clear,Dry,Dark-Not Lighted
2022-05-23T10:29:00.000,I 285,I 285 and S Atlanta Rd,,Angle Crash,2,Cloudy,Wet,Daylight
2022-09-26T05:39:00.000,I 285,I 285 and S Atlanta Rd,,Not a Collision with Motor Vehicle,1,Clear,Dry,Dark-Not Lighted
2023-11-16T19:05:00.000,I 285,I 285 and S Atlanta Rd,,Sideswipe-Same Direction,2,Clear,Dry,Dark-Not Lighted
2024-12-06T15:35:00.000,I 285,I 285 and S Atlanta Rd,,Rear End,2,Clear,Dry,Daylight
2024-05-06T07:32:00.000,I 285,I 285 and S Atlanta Rd,,Angle Crash,2,Cloudy,Dry,Daylight
2024-09-26T18:18:00.000,I 285,I 285 and S Atlanta Rd,,Not a Collision with Motor Vehicle,1,Rain,Wet,Daylight
2024-06-20T17:17:00.000,I 285,I 285 and S Atlanta Rd,,Rear End,2,Clear,Dry,Daylight
2024-04-11T12:56:00.000,I 285,I 285 and S Atlanta Rd,,Rear End,2,Cloudy,Dry,Daylight
2024-03-18T09:45:00.000,I 285,I 285 and S Atlanta Rd,,Sideswipe-Same Direction,2,Clear,Dry,Daylight
2023-06-23T16:50:00.000,I 285,I 285 and S Atlanta Rd,,Rear End,2,Clear,Dry,Daylight
2023-03-09T18:07:00.000,I 285,I 285 and S Atlanta Rd,,Rear End,2,Cloudy,Wet,Daylight
2023-12-10T05:20:00.000,I 285,I 285 and S Atlanta Rd,,Not a Collision with Motor Vehicle,1,Rain,Wet,Dark-Lighted
2024-11-21T10:43:00.000,I 285,I 285 and S Atlanta Rd,,Rear End,2,Clear,Dry,Daylight
2024-11-05T15:38:00.000,I 285,I 285 and S Atlanta Rd,,Sideswipe-Same Direction,2,Clear,Dry,Daylight
2023-09-12T19:00:00.000,I 285,I 285 and S Atlanta Rd,,Rear End,2,Cloudy,Wet,Daylight
2023-11-29T10:40:00.000,I 285,I 285 and S Atlanta Rd,,Rear End,2,Clear,Dry,Daylight
2023-12-22T15:45:00.000,I 285,I 285 and S Atlanta Rd,,Sideswipe-Same Direction,2,Clear,Dry,Daylight
2023-06-19T07:27:00.000,I 285,I 285 and S Atlanta Rd,,Rear End,3,Rain,Wet,Daylight
2023-08-14T19:05:00.000,I 285,I 285 and S Atlanta Rd,,Sideswipe-Same Direction,2,Cloudy,Dry,Daylight
2023-07-25T16:50:00.000,I 285,I 285 and S Atlanta Rd,,Sideswipe-Same Direction,2,Clear,Dry,Daylight
2023-10-26T08:50:00.000,I 285,I 285 and S Atlanta Rd,,Sideswipe-Same Direction,2,Clear,Dry,Daylight
2023-08-01T17:28:00.000,I 285,I 285 and S Atlanta Rd,,Rear End,2,Cloudy,Dry,Daylight
2023-09-01T13:11:00.000,I 285,I 285 and S Atlanta Rd,,Rear End,2,Cloudy,Dry,Daylight
2023-10-19T18:51:00.000,I 285,I 285 and S Atlanta Rd,,Rear End,2,Cloudy,Dry,Daylight
2023-04-21T14:00:00.000,I 285,I 285 and S Atlanta Rd,,Sideswipe-Same Direction,2,Clear,Dry,Daylight
2023-12-25T12:50:00.000,I 285,I 285 and S Atlanta Rd,,Sideswipe-Same Direction,2,Rain,Wet,Daylight
2023-02-24T15:40:00.000,I 285,I 285 and S Atlanta Rd,,Rear End,2,Rain,Wet,Daylight
2023-12-08T16:44:00.000,I 285,I 285 and S Atlanta Rd,,Sideswipe-Same Direction,2,Cloudy,Dry,Dark-Not Lighted
2023-03-14T16:45:00.000,I 285,I 285 and S Atlanta Rd,,Sideswipe-Same Direction,2,Clear,Dry,Daylight
2024-02-12T06:35:00.000,I 285,I 285 and S Atlanta Rd,,Rear End,2,Rain,Wet,Dark-Not Lighted
2024-05-20T09:40:00.000,I 285,I 285 and S Atlanta Rd,,Rear End,2,Clear,Dry,Daylight
2024-12-02T17:38:00.000,I 285,I 285 and S Atlanta Rd,,Sideswipe-Same Direction,2,Clear,Dry,Daylight
2024-02-29T17:57:00.000,I 285,I 285 and S Atlanta Rd,,Rear End,3,Cloudy,Dry,Dawn
2024-12-23T07:08:00.000,I 285,I 285 and S Atlanta Rd,,Sideswipe-Same Direction,2,Clear,Dry,Daylight
2024-04-09T07:12:00.000,I 285,I 285 and S Atlanta Rd,,Rear End,2,Rain,Snow,Daylight
2024-04-01T15:53:00.000,I 285,I 285 and S Atlanta Rd,,Sideswipe-Same Direction,3,Cloudy,Dry,Daylight
2024-11-12T12:00:00.000,I 285,I 285 and S Atlanta Rd,,Rear End,6,Clear,Dry,Daylight
2024-01-30T18:23:00.000,I 285,I 285 and S Atlanta Rd,,Rear End,2,Clear,Dry,Dark-Not Lighted
2024-12-05T15:40:00.000,I 285,I 285 and S Atlanta Rd,,Rear End,2,Clear,Dry,Daylight
2024-01-25T07:09:00.000,I 285,I 285 and S Atlanta Rd,,Sideswipe-Same Direction,2,Rain,Wet,Dark-Not Lighted
2024-07-16T06:09:00.000,I 285,I 285 and S Atlanta Rd,,Rear End,2,Clear,Dry,Dark-Lighted
2024-02-12T07:02:00.000,I 285,I 285 and S Atlanta Rd,,Not a Collision with Motor Vehicle,1,Rain,Wet,Dark-Not Lighted
2024-03-26T16:22:00.000,I 285,I 285 and S Atlanta Rd,,Sideswipe-Same Direction,2,Rain,Wet,Daylight
2024-02-13T17:46:00.000,I 285,I 285 and S Atlanta Rd,,Rear End,2,Clear,Dry,Daylight
2024-09-03T15:59:00.000,I 285,I 285 and S Atlanta Rd,,Rear End,2,Clear,Dry,Daylight
2024-12-10T12:54:00.000,I 285,I 285 and S Atlanta Rd,,Rear End,2,Rain,Wet,Daylight
2024-04-11T16:04:00.000,I 285,I 285 and S Atlanta Rd,,Rear End,2,Cloudy,Dry,Daylight
2024-08-23T15:41:00.000,I 285,I 285 and S Atlanta Rd,,Sideswipe-Same Direction,2,Clear,Dry,Daylight
2024-01-18T17:17:00.000,I 285,I 285 and S Atlanta Rd,,Rear End,2,Clear,Dry,Daylight
2024-02-19T12:09:00.000,I 285,I 285 and S Atlanta Rd,,Sideswipe-Same Direction,2,Clear,Dry,Daylight
2024-03-07T18:52:00.000,I 285,I 285 and S Atlanta Rd,,Sideswipe-Same Direction,2,Clear,Dry,Dark-Lighted
2024-11-18T00:00:00.000,I 285,I 285 and S Atlanta Rd,,Sideswipe-Same Direction,2,Clear,Dry,Daylight
2024-03-18T13:10:00.000,I 285,I 285 and S Atlanta Rd,,Sideswipe-Same Direction,2,Clear,Dry,Daylight
2024-11-05T00:00:00.000,I 285,I 285 and S Atlanta Rd,,Angle Crash,2,Clear,Dry,Daylight
2024-03-15T16:17:00.000,I 285,I 285 and S Atlanta Rd,,Rear End,2,Cloudy,Dry,Daylight
2024-08-20T18:10:00.000,I 285,I 285 and S Atlanta Rd,,Sideswipe-Same Direction,2,Clear,Dry,Daylight
2024-04-09T06:02:00.000,I 285,I 285 and S Atlanta Rd,,Not a Collision with Motor Vehicle,1,Rain,Wet,Dark-Not Lighted
2024-12-19T13:55:00.000,I 285,I 285 and S Atlanta Rd,,Sideswipe-Same Direction,2,Clear,Dry,Daylight
2024-10-18T12:55:00.000,I 285,I 285 and S Atlanta Rd,,Rear End,2,Clear,Dry,Daylight
2024-02-13T10:46:00.000,I 285,I 285 and S Atlanta Rd,,Rear End,2,Clear,Dry,Daylight
2024-09-26T17:50:00.000,I 285,I 285 and S Atlanta Rd,,Not a Collision with Motor Vehicle,2,Rain,Wet,Daylight
2024-11-22T10:28:00.000,I 285,I 285 and S Atlanta Rd,,Sideswipe-Same Direction,2,Clear,Dry,Daylight
2024-07-12T15:57:00.000,I 285,I 285 and S Atlanta Rd,,Rear End,2,Clear,Dry,Daylight
2024-09-26T13:00:00.000,I 285,I 285 and S Atlanta Rd,,Angle Crash,3,Rain,Wet,Daylight
2023-09-21T14:53:00.000,I 285,I 285 and S Atlanta,,Rear End,2,Cloudy,Dry,Daylight
2024-08-20T17:10:00.000,I 285,I 285 and S Atlanta,,Rear End,2,Clear,Dry,Daylight
2024-04-12T15:26:00.000,I 285,I 285 and S Atalanta Rd,,Rear End,2,Clear,Dry,Daylight
2020-03-09T22:10:00.000,I 285,I 285 and S Air Cargo,,Not a Collision with Motor Vehicle,1,Cloudy,Dry,Dark-Not Lighted
2021-06-15T08:13:00.000,I 285,I 285 and S  Atlanta Rd,,Sideswipe-Same Direction,2,Clear,Dry,Daylight
2021-05-27T12:20:00.000,I 285,I 285 and S  Atlanta Rd,,Not a Collision with Motor Vehicle,1,Clear,Dry,Daylight
2021-03-18T07:02:00.000,I 285,I 285 and S  Atlanta Rd,,Angle Crash,3,Rain,Wet,Dark-Not Lighted
2023-09-13T19:12:00.000,I 285,I 285 and Royal Dr,,Angle Crash,2,Cloudy,Dry,Daylight
2023-11-03T13:15:00.000,I 285,I 285 and Royal Dr,,Sideswipe-Same Direction,2,Clear,Dry,Daylight
2024-03-16T00:08:00.000,I 285,I 285 and Royal Dr,,Not a Collision with Motor Vehicle,1,Clear,Dry,Dark-Not Lighted
2024-08-10T02:57:00.000,I 285,I 285 and Royal Dr,,Sideswipe-Same Direction,2,Cloudy,Dry,Dark-Not Lighted
2023-09-20T06:38:00.000,I 285,I 285 and Roswell Rd.,,Rear End,5,Clear,Dry,Dark-Lighted
2023-12-23T14:03:00.000,I 285,I 285 and Roswell Rd.,,Rear End,2,Clear,Dry,Daylight
2023-12-19T09:25:00.000,I 285,I 285 and Roswell Rd.,,Rear End,2,Clear,Dry,Daylight
2023-09-01T05:49:00.000,I 285,I 285 and Roswell Rd.,,Angle Crash,2,Clear,Dry,Dark-Not Lighted
2022-02-05T09:26:00.000,I 285,I 285 and Roswell Rd.,,Rear End,2,Clear,Dry,Daylight
2024-03-16T11:21:00.000,I 285,I 285 and Roswell Rd.,,Angle Crash,2,Clear,Dry,Daylight
2023-11-06T14:20:00.000,I 285,I 285 and Roswell Rd.,,Rear End,2,Clear,Dry,Daylight
2023-01-06T11:34:00.000,I 285,I 285 and Roswell Rd.,,Rear End,2,Clear,Dry,Daylight
2023-09-16T16:02:00.000,I 285,I 285 and Roswell Rd.,,Rear End,2,Cloudy,Wet,Daylight
2023-11-06T14:20:00.000,I 285,I 285 and Roswell Rd.,,Rear End,2,Clear,Dry,Daylight
2022-01-31T23:45:00.000,I 285,I 285 and Roswell Rd Rp,,Rear End,2,Clear,Dry,Dark-Lighted
2021-05-19T17:01:00.000,I 285,I 285 and Roswell Rd,,Rear End,2,Clear,Dry,Daylight
2021-03-24T15:00:00.000,I 285,I 285 and Roswell Rd,,Sideswipe-Same Direction,2,Cloudy,Dry,Daylight
2021-07-06T11:45:00.000,I 285,I 285 and Roswell Rd,,Sideswipe-Same Direction,2,Cloudy,Wet,Daylight
2021-05-05T09:08:00.000,I 285,I 285 and Roswell Rd,,Angle Crash,2,Cloudy,Dry,Daylight
2023-04-26T18:09:00.000,I 285,I 285 and Roswell Rd,,Angle Crash,2,Cloudy,Dry,Daylight
2023-05-02T11:07:00.000,I 285,I 285 and Roswell Rd,,Angle Crash,2,Clear,Dry,Daylight
2023-11-08T08:51:00.000,I 285,I 285 and Roswell Rd,,Sideswipe-Same Direction,2,Clear,Dry,Daylight
2023-05-23T09:13:00.000,I 285,I 285 and Roswell Rd,,Rear End,2,Cloudy,Wet,Daylight
2023-04-07T10:31:00.000,I 285,I 285 and Roswell Rd,,Sideswipe-Same Direction,2,Clear,Dry,Daylight
2020-12-23T17:15:00.000,I 285,I 285 and Roswell Rd,,Rear End,1,Cloudy,Dry,Daylight
2020-02-15T12:37:00.000,I 285,I 285 and Roswell Rd,,Rear End,2,Clear,Dry,Daylight
2020-08-05T11:19:00.000,I 285,I 285 and Roswell Rd,,Rear End,2,Clear,Dry,Daylight
2020-11-26T03:10:00.000,I 285,I 285 and Roswell Rd,,Not a Collision with Motor Vehicle,1,Rain,Wet,Dark-Not Lighted
2020-06-11T08:08:00.000,I 285,I 285 and Roswell Rd,,Rear End,2,Clear,Dry,Daylight
2020-03-10T14:56:00.000,I 285,I 285 and Roswell Rd,,Angle Crash,2,Cloudy,Wet,Daylight
2020-11-25T08:54:00.000,I 285,I 285 and Roswell Rd,,Not a Collision with Motor Vehicle,1,Cloudy,Dry,Daylight
2020-01-29T06:52:00.000,I 285,I 285 and Roswell Rd,,Rear End,2,Clear,Dry,Dark-Lighted
2020-11-06T12:50:00.000,I 285,I 285 and Roswell Rd,,Sideswipe-Same Direction,2,Clear,Dry,Daylight
2022-01-12T15:50:00.000,I 285,I 285 and Roswell Rd,,Sideswipe-Same Direction,2,Clear,Dry,Daylight
2022-07-08T00:30:00.000,I 285,I 285 and Roswell Rd,,Not a Collision with Motor Vehicle,1,Clear,Dry,Dark-Not Lighted
2022-09-09T12:29:00.000,I 285,I 285 and Roswell Rd,,Rear End,2,Clear,Dry,Daylight
2024-06-24T13:12:00.000,I 285,I 285 and Roswell Rd,,Rear End,1,Clear,Dry,Daylight
2024-05-02T20:04:00.000,I 285,I 285 and Roswell Rd,,Rear End,2,Clear,Dry,Dusk
2024-04-13T18:00:00.000,I 285,I 285 and Roswell Rd,,Sideswipe-Same Direction,2,Clear,Dry,Daylight
2024-06-13T09:01:00.000,I 285,I 285 and Roswell Rd,,Rear End,2,Clear,Dry,Daylight
2023-05-02T11:59:00.000,I 285,I 285 and Roswell Rd,,Rear End,2,Clear,Dry,Daylight
2023-09-22T11:35:00.000,I 285,I 285 and Roswell Rd,,Rear End,2,Clear,Dry,Daylight
2023-03-01T08:02:00.000,I 285,I 285 and Roswell Rd,,Rear End,2,Cloudy,Dry,Daylight
2024-01-20T12:40:00.000,I 285,I 285 and Roswell Rd,,Rear End,2,Clear,Dry,Daylight
2024-12-09T18:56:00.000,I 285,I 285 and Roswell Rd,,Sideswipe-Same Direction,2,Rain,Wet,Dark-Not Lighted