Date and Time,Roadway (From Crash Report),Intersection Name (from Crash Report),KABCO Severity,Manner of Collision (Crash Level) ,# of Vehicles per crash ,Weather Conditions (Crash Level),Surface Condition (Crash Level) ,Light Conditions (Crash Level)
2024-10-22T15:48:00.000,I 285,I 285 and Roswell Rd,,Rear End,2,Clear,Dry,Daylight
2024-05-24T15:24:00.000,I 285,I 285 and Roswell Rd,,Rear End,2,Cloudy,Wet,Daylight
2024-08-08T06:45:00.000,I 285,I 285 and Roswell Rd,,Sideswipe-Same Direction,2,Clear,Dry,Dawn
2024-01-20T12:40:00.000,I 285,I 285 and Roswell Rd,,Rear End,2,Clear,Dry,Daylight
2024-06-26T13:30:00.000,I 285,I 285 and Roswell Rd,,Rear End,2,Clear,Dry,Daylight
2024-09-05T14:36:00.000,I 285,I 285 and Roswell Rd,,Rear End,2,Clear,Dry,Daylight
2020-01-26T13:16:00.000,I 285,I 285 and Roosevelt Hwy Brg,,Sideswipe-Same Direction,2,Cloudy,Dry,Daylight
2023-12-08T18:45:00.000,I 285,I 285 and Roosevelt Hwy,,Sideswipe-Same Direction,2,Clear,Dry,Dark-Not Lighted
2021-02-27T15:43:00.000,I 285,I 285 and Roosevelt Hwy,,Not a Collision with Motor Vehicle,1,Clear,Dry,Daylight
2023-11-08T13:53:00.000,I 285,I 285 and Roosevelt Hwy,,Sideswipe-Same Direction,2,Clear,Dry,Daylight
2023-07-30T02:05:00.000,I 285,I 285 and Roosevelt Hwy,,Not a Collision with Motor Vehicle,1,Cloudy,Dry,Dark-Not Lighted
2024-06-20T02:30:00.000,I 285,I 285 and Roosevelt Hwy,,Sideswipe-Same Direction,2,Clear,Dry,Daylight
2024-12-11T19:56:00.000,I 285,I 285 and Roosevelt Hwy,,Rear End,2,Clear,Dry,Dark-Not Lighted
2024-04-15T15:06:00.000,I 285,I 285 and Roosevelt,,Sideswipe-Same Direction,2,Clear,Dry,Daylight
2023-02-28T14:15:00.000,I 285,I 285 and Rockbridge Rd,,Rear End,2,Clear,Dry,Daylight
2022-08-10T07:50:00.000,I 285,I 285 and Rockbridge Rd,,Rear End,2,Clear,Dry,Daylight
2022-01-27T02:22:00.000,I 285,I 285 and Rockbridge Rd,,Angle Crash,2,Clear,Dry,Dark-Lighted
2022-06-15T15:30:00.000,I 285,I 285 and Rockbridge Rd,,Rear End,2,Clear,Dry,Daylight
2022-09-13T07:25:00.000,I 285,I 285 and Rockbridge Rd,,Rear End,2,Clear,Dry,Daylight
2024-10-14T10:30:00.000,I 285,I 285 and Rockbridge Rd,,Sideswipe-Same Direction,2,Clear,Dry,Daylight
2023-02-07T08:00:00.000,I 285,I 285 and Rockbridge Rd,,Sideswipe-Same Direction,2,Clear,Dry,Daylight
2023-01-21T12:54:00.000,I 285,I 285 and Rockbridge Rd,,Rear End,2,Clear,Dry,Daylight
2021-05-21T01:58:00.000,I 285,I 285 and Riverview Rd,,Not a Collision with Motor Vehicle,1,Clear,Dry,Dark-Not Lighted
2023-11-21T17:00:00.000,I 285,I 285 and Riverview Rd,,Rear End,2,Rain,Wet,Dark-Not Lighted
2023-02-28T21:00:00.000,I 285,I 285 and Riverview Rd,,Sideswipe-Same Direction,2,Clear,Dry,Dark-Not Lighted
2023-10-10T17:34:00.000,I 285,I 285 and Riverview Rd,,Rear End,2,Cloudy,Dry,Daylight
2020-02-02T14:22:00.000,I 285,I 285 and Riverview Rd,,Rear End,2,Clear,Dry,Daylight
2022-02-27T14:32:00.000,I 285,I 285 and Riverview Rd,,Rear End,2,Cloudy,Dry,Daylight
2022-03-15T16:00:00.000,I 285,I 285 and Riverview Rd,,Sideswipe-Same Direction,2,Cloudy,Wet,Daylight
2023-07-04T16:20:00.000,I 285,I 285 and Riverview Rd,,Sideswipe-Same Direction,2,Clear,Dry,Daylight
2024-08-27T16:09:00.000,I 285,I 285 and Riverview Rd,,Rear End,2,Clear,Dry,Daylight
2023-01-11T05:35:00.000,I 285,I 285 and Riverside Dr.,,Sideswipe-Same Direction,2,Clear,Dry,Daylight
2022-08-23T08:26:00.000,I 285,I 285 and Riverside Dr.,,Sideswipe-Same Direction,2,Cloudy,Dry,Daylight
2024-04-13T09:59:00.000,I 285,I 285 and Riverside Dr.,,Angle Crash,2,Clear,Dry,Daylight
2021-04-24T09:04:00.000,I 285,I 285 and Riverside Dr,,Not a Collision with Motor Vehicle,1,Rain,Wet,Daylight
2021-03-22T09:03:00.000,I 285,I 285 and Riverside Dr,,Rear End,2,Clear,Dry,Daylight
2023-08-21T19:02:00.000,I 285,I 285 and Riverside Dr,,Rear End,2,Clear,Dry,Daylight
2023-09-27T06:48:00.000,I 285,I 285 and Riverside Dr,,Sideswipe-Same Direction,2,Cloudy,Dry,Dark-Not Lighted
2023-07-18T16:00:00.000,I 285,I 285 and Riverside Dr,,Sideswipe-Same Direction,2,Clear,Dry,Daylight
2020-09-03T15:00:00.000,I 285,I 285 and Riverside Dr,,Rear End,2,Clear,Dry,Daylight
2021-06-23T08:20:00.000,I 285,I 285 and Riverside Dr,,Sideswipe-Same Direction,2,Clear,Dry,Daylight
2022-10-21T11:01:00.000,I 285,I 285 and Riverside Dr,,Sideswipe-Same Direction,2,Clear,Dry,Daylight
2023-04-15T11:20:00.000,I 285,I 285 and Riverside Dr,,Sideswipe-Same Direction,2,Clear,Dry,Daylight
2023-03-21T15:23:00.000,I 285,I 285 and Riverside Dr,,Sideswipe-Same Direction,2,Cloudy,Dry,Daylight
2023-05-09T17:10:00.000,I 285,I 285 and Riverside Dr,,Rear End,2,Cloudy,Dry,Daylight
2024-11-19T08:18:00.000,I 285,I 285 and Riverside Dr,,Rear End,2,Rain,Wet,Daylight
2024-03-18T11:58:00.000,I 285,I 285 and Riverside Dr,,Sideswipe-Same Direction,2,Clear,Dry,Daylight
2024-01-01T03:26:00.000,I 285,I 285 and Riverside Dr,,Sideswipe-Same Direction,2,Clear,Dry,Dark-Not Lighted
2024-11-01T19:40:00.000,I 285,I 285 and Rivernorth,,Sideswipe-Same Direction,2,Clear,Dry,Dark-Lighted
2021-01-18T14:27:00.000,I 285,I 285 and Riverdale To 285 W Rp,,Rear End,2,Clear,Dry,Daylight
2020-12-28T23:28:00.000,I 285,I 285 and Riverdale Rp,,Rear End,4,Clear,Dry,Dark-Not Lighted
2020-12-18T18:23:00.000,I 285,I 285 and Riverdale Rp,,Rear End,2,Clear,Dry,Dark-Lighted
2021-12-05T14:15:00.000,I 285,I 285 and Riverdale Road Exit Ramp 60,,Sideswipe-Same Direction,2,Clear,Dry,Daylight
2023-11-04T19:30:00.000,I 285,I 285 and Riverdale Rd.,,Angle Crash,2,Clear,Dry,Dark-Not Lighted
2021-09-09T16:35:00.000,I 285,I 285 and Riverdale Rd To 285 W Rp,,Rear End,2,Clear,Dry,Daylight
2021-02-18T09:52:00.000,I 285,I 285 and Riverdale Rd Rp,,Angle Crash,2,Rain,Wet,Daylight
2021-03-10T13:14:00.000,I 285,I 285 and Riverdale Rd Rp,,Sideswipe-Same Direction,2,Clear,Dry,Daylight
2021-04-23T14:47:00.000,I 285,I 285 and Riverdale Rd Rp,,Sideswipe-Same Direction,2,Clear,Dry,Daylight
2021-03-08T14:07:00.000,I 285,I 285 and Riverdale Rd Rp,,Angle Crash,2,Clear,Dry,Daylight
2021-07-04T20:35:00.000,I 285,I 285 and Riverdale Rd Rp,,Rear End,2,Clear,Dry,Daylight
2021-07-01T20:14:00.000,I 285,I 285 and Riverdale Rd Rp,,Sideswipe-Same Direction,2,Clear,Dry,Dark-Lighted
2021-02-25T16:39:00.000,I 285,I 285 and Riverdale Rd Rp,,Sideswipe-Same Direction,2,Clear,Dry,Daylight
2021-06-01T21:25:00.000,I 285,I 285 and Riverdale Rd Rp,,Rear End,2,Clear,Dry,Dark-Not Lighted
2020-07-09T18:34:00.000,I 285,I 285 and Riverdale Rd Rp,,Not a Collision with Motor Vehicle,1,Rain,Wet,Daylight
2020-01-09T19:47:00.000,I 285,I 285 and Riverdale Rd Rp,,Sideswipe-Same Direction,2,Clear,Dry,Dark-Not Lighted
2020-08-21T04:57:00.000,I 285,I 285 and Riverdale Rd Rp,,Not a Collision with Motor Vehicle,1,Rain,Wet,Dark-Not Lighted
2020-06-10T14:50:00.000,I 285,I 285 and Riverdale Rd Rp,,Sideswipe-Same Direction,2,Rain,Wet,Daylight
2020-11-17T12:33:00.000,I 285,I 285 and Riverdale Rd Rp,,Sideswipe-Same Direction,2,Clear,Dry,Daylight
2020-07-09T18:34:00.000,I 285,I 285 and Riverdale Rd Rp,,Not a Collision with Motor Vehicle,1,Rain,Wet,Daylight
2020-09-19T05:40:00.000,I 285,I 285 and Riverdale Rd Rp,,Sideswipe-Same Direction,2,Clear,Dry,Dark-Lighted
2022-07-19T11:02:00.000,I 285,I 285 and Riverdale Rd Rp,,Sideswipe-Same Direction,2,Cloudy,Wet,Daylight
2023-08-30T22:21:00.000,I 285,I 285 and Riverdale Rd Rp,,Sideswipe-Same Direction,2,Clear,Dry,Dark-Not Lighted
2024-05-18T14:56:00.000,I 285,I 285 and Riverdale Rd Rp,,Rear End,4,Clear,Dry,Daylight
2020-02-18T08:32:00.000,I 285,I 285 and Riverdale Rd Opas,,Rear End,2,Rain,Wet,Daylight
2020-02-14T18:25:00.000,I 285,I 285 and Riverdale Rd Off Rp,,Sideswipe-Same Direction,2,Clear,Dry,Dusk
2021-09-20T07:22:00.000,I 285,I 285 and Riverdale Rd Off Rp,,Sideswipe-Same Direction,2,Rain,Wet,Dusk
2023-12-21T13:03:00.000,I 285,I 285 and Riverdale Rd Exit Rp,,Rear End,2,Clear,Dry,Daylight
2022-07-11T16:54:00.000,I 285,I 285 and Riverdale Rd Entrance,,Sideswipe-Same Direction,2,Clear,Dry,Daylight
2020-07-10T16:06:00.000,I 285,I 285 and Riverdale Rd Brg,,Rear End,2,Clear,Dry,Daylight
2020-06-12T13:29:00.000,I 285,I 285 and Riverdale Rd Brg,,Rear End,2,Clear,Dry,Daylight
2021-03-30T22:49:00.000,I 285,I 285 and Riverdale Rd,,Sideswipe-Same Direction,2,Clear,Dry,Dark-Lighted
2021-06-11T18:18:00.000,I 285,I 285 and Riverdale Rd,,Rear End,2,Rain,Wet,Daylight
2021-01-26T21:04:00.000,I 285,I 285 and Riverdale Rd,,Sideswipe-Same Direction,2,Clear,Dry,Dark-Lighted
2021-06-26T21:28:00.000,I 285,I 285 and Riverdale Rd,,Sideswipe-Same Direction,2,Clear,Wet,Dark-Lighted
2021-01-12T12:17:00.000,I 285,I 285 and Riverdale Rd,,Sideswipe-Same Direction,2,Clear,Dry,Daylight
2021-05-20T18:30:00.000,I 285,I 285 and Riverdale Rd,,Rear End,2,Clear,Dry,Daylight
2021-05-20T06:53:00.000,I 285,I 285 and Riverdale Rd,,Sideswipe-Same Direction,3,Clear,Dry,Daylight
2021-05-18T16:09:00.000,I 285,I 285 and Riverdale Rd,,Rear End,2,Cloudy,Dry,Daylight
2021-01-14T17:13:00.000,I 285,I 285 and Riverdale Rd,,Rear End,2,Clear,Dry,Daylight
2021-02-08T14:08:00.000,I 285,I 285 and Riverdale Rd,,Angle Crash,2,Clear,Dry,Daylight
2021-01-19T11:04:00.000,I 285,I 285 and Riverdale Rd,,Sideswipe-Same Direction,2,Clear,Dry,Daylight
2021-12-03T02:30:00.000,I 285,I 285 and Riverdale Rd,,Not a Collision with Motor Vehicle,1,Clear,Dry,Dark-Not Lighted
2021-12-10T18:45:00.000,I 285,I 285 and Riverdale Rd,,Angle Crash,2,Clear,Wet,Dark-Not Lighted
2021-08-31T14:56:00.000,I 285,I 285 and Riverdale Rd,,Sideswipe-Same Direction,2,Clear,Dry,Daylight
2021-07-24T22:20:00.000,I 285,I 285 and Riverdale Rd,,Rear End,2,Clear,Dry,Dark-Lighted
2021-10-05T21:47:00.000,I 285,I 285 and Riverdale Rd,,Angle Crash,2,Rain,Wet,Dark-Lighted
2021-09-07T12:34:00.000,I 285,I 285 and Riverdale Rd,,Sideswipe-Same Direction,2,Clear,Dry,Daylight
2021-01-31T11:40:00.000,I 285,I 285 and Riverdale Rd,,Sideswipe-Same Direction,2,Rain,Wet,Daylight
2021-05-22T02:50:00.000,I 285,I 285 and Riverdale Rd,,Sideswipe-Same Direction,2,Clear,Dry,Dark-Lighted
2021-06-01T23:31:00.000,I 285,I 285 and Riverdale Rd,,Sideswipe-Same Direction,2,Clear,Dry,Dark-Lighted
2021-02-24T07:25:00.000,I 285,I 285 and Riverdale Rd,,Rear End,2,Clear,Dry,Daylight
2021-03-11T14:50:00.000,I 285,I 285 and Riverdale Rd,,Sideswipe-Same Direction,2,Clear,Dry,Daylight
2021-01-15T11:35:00.000,I 285,I 285 and Riverdale Rd,,Sideswipe-Same Direction,2,Clear,Dry,Daylight
2021-06-16T12:50:00.000,I 285,I 285 and Riverdale Rd,,Sideswipe-Same Direction,2,Clear,Dry,Daylight
2021-05-03T22:56:00.000,I 285,I 285 and Riverdale Rd,,Sideswipe-Same Direction,3,Cloudy,Dry,Dark-Lighted
2021-05-18T15:00:00.000,I 285,I 285 and Riverdale Rd,,Rear End,2,Clear,Dry,Daylight
2021-04-28T23:00:00.000,I 285,I 285 and Riverdale Rd,,Rear End,2,Clear,Dry,Dark-Lighted
2021-06-17T10:17:00.000,I 285,I 285 and Riverdale Rd,,Sideswipe-Same Direction,2,Clear,Dry,Daylight
2021-06-26T14:51:00.000,I 285,I 285 and Riverdale Rd,,Sideswipe-Same Direction,2,Clear,Dry,Daylight
2021-02-01T00:00:00.000,I 285,I 285 and Riverdale Rd,,Angle Crash,2,Cloudy,Wet,Dawn
2021-01-07T13:05:00.000,I 285,I 285 and Riverdale Rd,,Angle Crash,2,Cloudy,Dry,Dark-Lighted
2021-12-14T09:40:00.000,I 285,I 285 and Riverdale Rd,,Sideswipe-Same Direction,2,Clear,Dry,Daylight
2021-07-11T10:45:00.000,I 285,I 285 and Riverdale Rd,,Rear End,2,Clear,Dry,Daylight
2021-08-05T18:42:00.000,I 285,I 285 and Riverdale Rd,,Angle Crash,3,Clear,Dry,Daylight
2021-12-28T14:32:00.000,I 285,I 285 and Riverdale Rd,,Sideswipe-Same Direction,3,Clear,Dry,Daylight
2021-11-15T09:40:00.000,I 285,I 285 and Riverdale Rd,,Rear End,2,Clear,Dry,Daylight
2021-08-31T20:59:00.000,I 285,I 285 and Riverdale Rd,,Rear End,2,Rain,Wet,Dark-Not Lighted
2021-12-03T19:05:00.000,I 285,I 285 and Riverdale Rd,,Rear End,2,Clear,Dry,Dark-Lighted
2021-11-18T16:53:00.000,I 285,I 285 and Riverdale Rd,,Angle Crash,2,Clear,Dry,Daylight
2021-07-30T21:13:00.000,I 285,I 285 and Riverdale Rd,,Rear End,2,Clear,Dry,Dark-Lighted
2021-07-14T16:41:00.000,I 285,I 285 and Riverdale Rd,,Rear End,2,Clear,Dry,Daylight
2021-11-28T19:53:00.000,I 285,I 285 and Riverdale Rd,,Sideswipe-Same Direction,2,Clear,Dry,Daylight
2021-08-12T23:22:00.000,I 285,I 285 and Riverdale Rd,,Rear End,2,Rain,Wet,Dark-Not Lighted
2021-08-22T16:00:00.000,I 285,I 285 and Riverdale Rd,,Angle Crash,2,Clear,Wet,Daylight
2021-11-09T08:07:00.000,I 285,I 285 and Riverdale Rd,,Rear End,4,Clear,Dry,Daylight
2021-01-13T15:30:00.000,I 285,I 285 and Riverdale Rd,,Sideswipe-Same Direction,2,Cloudy,Dry,Daylight
2021-08-20T17:50:00.000,I 285,I 285 and Riverdale Rd,,Angle Crash,2,Clear,Dry,Daylight
2021-09-17T02:15:00.000,I 285,I 285 and Riverdale Rd,,Sideswipe-Same Direction,2,Rain,Wet,Dark-Not Lighted
2021-07-22T15:15:00.000,I 285,I 285 and Riverdale Rd,,Sideswipe-Same Direction,2,Clear,Dry,Daylight
2021-06-30T14:24:00.000,I 285,I 285 and Riverdale Rd,,Sideswipe-Same Direction,2,Clear,Dry,Daylight
2021-05-25T19:01:00.000,I 285,I 285 and Riverdale Rd,,Sideswipe-Same Direction,2,Clear,Dry,Daylight
2021-06-25T16:40:00.000,I 285,I 285 and Riverdale Rd,,Sideswipe-Same Direction,2,Clear,Dry,Daylight
2021-05-05T02:19:00.000,I 285,I 285 and Riverdale Rd,,Sideswipe-Same Direction,2,Clear,Dry,Dark-Lighted
2021-03-26T00:00:00.000,I 285,I 285 and Riverdale Rd,,Not a Collision with Motor Vehicle,1,Severe Thunderstorm or Tornadic,Wet,Dark-Lighted
2021-01-20T07:30:00.000,I 285,I 285 and Riverdale Rd,,Angle Crash,2,Clear,Dry,Daylight
2021-04-24T21:17:00.000,I 285,I 285 and Riverdale Rd,,Sideswipe-Same Direction,2,Rain,Wet,Dark-Lighted
2021-04-02T14:17:00.000,I 285,I 285 and Riverdale Rd,,Sideswipe-Same Direction,2,Clear,Dry,Daylight
2021-06-13T22:50:00.000,I 285,I 285 and Riverdale Rd,,Not a Collision with Motor Vehicle,1,Clear,Dry,Dark-Lighted
2021-04-29T01:30:00.000,I 285,I 285 and Riverdale Rd,,Rear End,2,Clear,Dry,Dark-Lighted
2021-06-18T08:20:00.000,I 285,I 285 and Riverdale Rd,,Sideswipe-Same Direction,2,Clear,Dry,Daylight
2021-04-16T20:39:00.000,I 285,I 285 and Riverdale Rd,,Sideswipe-Same Direction,2,Clear,Dry,Dark-Lighted
2021-10-28T11:49:00.000,I 285,I 285 and Riverdale Rd,,Sideswipe-Same Direction,2,Rain,Wet,Daylight
2021-11-20T18:52:00.000,I 285,I 285 and Riverdale Rd,,Rear End,3,Clear,Dry,Dark-Not Lighted
2021-09-14T04:46:00.000,I 285,I 285 and Riverdale Rd,,Sideswipe-Same Direction,2,Clear,Dry,Dark-Lighted
2021-08-11T13:33:00.000,I 285,I 285 and Riverdale Rd,,Sideswipe-Same Direction,2,Clear,Dry,Daylight
2021-07-01T12:25:00.000,I 285,I 285 and Riverdale Rd,,Sideswipe-Same Direction,2,Clear,Dry,Daylight
2021-11-18T10:35:00.000,I 285,I 285 and Riverdale Rd,,Rear End,2,Clear,Dry,Daylight
2021-07-06T16:00:00.000,I 285,I 285 and Riverdale Rd,,Rear End,2,Clear,Dry,Daylight
2021-10-05T05:36:00.000,I 285,I 285 and Riverdale Rd,,Not a Collision with Motor Vehicle,1,Rain,Wet,Dark-Lighted
2021-10-14T19:26:00.000,I 285,I 285 and Riverdale Rd,,Angle Crash,2,Clear,Dry,Dark-Not Lighted
2021-08-27T14:05:00.000,I 285,I 285 and Riverdale Rd,,Rear End,2,Clear,Dry,Daylight
2021-12-23T07:35:00.000,I 285,I 285 and Riverdale Rd,,Sideswipe-Same Direction,2,Clear,Dry,Daylight
2021-05-05T21:04:00.000,I 285,I 285 and Riverdale Rd,,Rear End,2,Clear,Dry,Dark-Not Lighted
2021-03-21T11:38:00.000,I 285,I 285 and Riverdale Rd,,Sideswipe-Same Direction,2,Clear,Dry,Daylight
2021-03-24T16:16:00.000,I 285,I 285 and Riverdale Rd,,Rear End,2,Clear,Dry,Daylight
2021-06-18T05:25:00.000,I 285,I 285 and Riverdale Rd,,Rear End,2,Cloudy,Dry,Dark-Not Lighted
2021-02-04T16:04:00.000,I 285,I 285 and Riverdale Rd,,Sideswipe-Same Direction,2,Cloudy,Dry,Daylight
2021-05-03T22:40:00.000,I 285,I 285 and Riverdale Rd,,Rear End,2,Clear,Wet,Dark-Lighted
2021-03-31T23:00:00.000,I 285,I 285 and Riverdale Rd,,Angle Crash,2,Clear,Wet,Dark-Lighted
2020-11-20T15:45:00.000,I 285,I 285 and Riverdale Rd,,Sideswipe-Same Direction,2,Clear,Dry,Daylight
2020-03-06T16:40:00.000,I 285,I 285 and Riverdale Rd,,Angle Crash,2,Clear,Dry,Dark-Lighted
2020-11-14T14:25:00.000,I 285,I 285 and Riverdale Rd,,Rear End,3,Clear,Dry,Daylight
2020-10-15T00:45:00.000,I 285,I 285 and Riverdale Rd,,Sideswipe-Same Direction,2,Clear,Dry,Dark-Lighted
2020-05-26T16:12:00.000,I 285,I 285 and Riverdale Rd,,Sideswipe-Same Direction,2,Clear,Wet,Daylight
2020-02-28T17:15:00.000,I 285,I 285 and Riverdale Rd,,Rear End,2,Clear,Dry,Daylight
2020-06-25T22:07:00.000,I 285,I 285 and Riverdale Rd,,Sideswipe-Same Direction,2,Clear,Dry,Dark-Lighted
2020-01-22T18:58:00.000,I 285,I 285 and Riverdale Rd,,Rear End,2,Clear,Dry,Dark-Lighted
2020-12-03T16:54:00.000,I 285,I 285 and Riverdale Rd,,Sideswipe-Same Direction,2,Clear,Dry,Dark-Lighted
2020-11-29T23:56:00.000,I 285,I 285 and Riverdale Rd,,Sideswipe-Same Direction,2,Rain,Water (standing or moving),Dark-Lighted
2020-07-06T19:03:00.000,I 285,I 285 and Riverdale Rd,,Angle Crash,3,Rain,Wet,Dusk
2020-12-23T17:00:00.000,I 285,I 285 and Riverdale Rd,,Angle Crash,2,Cloudy,Dry,Daylight
2023-05-05T15:49:00.000,I 285,I 285 and Riverdale Rd,,Rear End,2,Clear,Dry,Daylight
2023-03-19T11:37:00.000,I 285,I 285 and Riverdale Rd,,Rear End,2,Clear,Dry,Daylight
2023-06-22T07:45:00.000,I 285,I 285 and Riverdale Rd,,Rear End,2,Rain,Wet,Daylight
2023-03-11T23:01:00.000,I 285,I 285 and Riverdale Rd,,Rear End,2,Clear,Dry,Dark-Not Lighted
2023-08-13T22:30:00.000,I 285,I 285 and Riverdale Rd,,Angle Crash,2,Clear,Dry,Dark-Lighted
2023-09-03T21:51:00.000,I 285,I 285 and Riverdale Rd,,Rear End,2,Clear,Dry,Dark-Lighted
2023-08-29T06:20:00.000,I 285,I 285 and Riverdale Rd,,Sideswipe-Same Direction,2,Clear,Wet,Dawn
2023-09-23T10:10:00.000,I 285,I 285 and Riverdale Rd,,Sideswipe-Same Direction,2,Clear,Dry,Dark-Lighted
2023-05-22T17:57:00.000,I 285,I 285 and Riverdale Rd,,Rear End,4,Rain,Wet,Daylight
2023-09-20T19:40:00.000,I 285,I 285 and Riverdale Rd,,Sideswipe-Same Direction,2,Clear,Dry,Dark-Lighted
2023-08-08T15:29:00.000,I 285,I 285 and Riverdale Rd,,Rear End,2,Clear,Dry,Daylight
2023-03-05T18:19:00.000,I 285,I 285 and Riverdale Rd,,Rear End,2,Clear,Dry,Daylight
2023-08-13T23:48:00.000,I 285,I 285 and Riverdale Rd,,Rear End,2,Clear,Dry,Dark-Lighted
2023-02-28T14:20:00.000,I 285,I 285 and Riverdale Rd,,Sideswipe-Same Direction,2,Clear,Dry,Daylight
2023-10-26T09:00:00.000,I 285,I 285 and Riverdale Rd,,Sideswipe-Same Direction,2,Clear,Dry,Daylight
2023-01-18T02:41:00.000,I 285,I 285 and Riverdale Rd,,Not a Collision with Motor Vehicle,1,Clear,Dry,Dark-Lighted
2023-02-17T15:45:00.000,I 285,I 285 and Riverdale Rd,,Sideswipe-Same Direction,3,Clear,Dry,Daylight
2023-02-02T00:00:00.000,I 285,I 285 and Riverdale Rd,,Rear End,2,Rain,Wet,Daylight
2023-03-27T11:25:00.000,I 285,I 285 and Riverdale Rd,,Rear End,2,Clear,Dry,Daylight
2023-11-16T09:00:00.000,I 285,I 285 and Riverdale Rd,,Rear End,3,Clear,Dry,Daylight
2023-03-18T20:13:00.000,I 285,I 285 and Riverdale Rd,,Head On,2,Clear,Dry,Dark-Lighted
2023-04-25T08:10:00.000,I 285,I 285 and Riverdale Rd,,Sideswipe-Same Direction,2,Clear,Dry,Daylight
2023-01-24T16:55:00.000,I 285,I 285 and Riverdale Rd,,Sideswipe-Same Direction,2,Cloudy,Dry,Daylight
2023-11-04T03:00:00.000,I 285,I 285 and Riverdale Rd,,Rear End,2,Clear,Dry,Dark-Lighted
2023-07-21T14:47:00.000,I 285,I 285 and Riverdale Rd,,Sideswipe-Same Direction,2,Clear,Dry,Daylight
2023-12-02T18:17:00.000,I 285,I 285 and Riverdale Rd,,Rear End,2,Clear,Dry,Daylight
2023-04-30T06:37:00.000,I 285,I 285 and Riverdale Rd,,Rear End,4,Rain,Wet,Dark-Not Lighted
2023-09-22T10:10:00.000,I 285,I 285 and Riverdale Rd,,Rear End,2,Clear,Dry,Daylight
2023-05-28T07:09:00.000,I 285,I 285 and Riverdale Rd,,Rear End,2,Clear,Dry,Daylight
2023-08-13T22:36:00.000,I 285,I 285 and Riverdale Rd,,Not a Collision with Motor Vehicle,2,Clear,Dry,Dark-Lighted
2023-08-02T18:40:00.000,I 285,I 285 and Riverdale Rd,,Angle Crash,2,Cloudy,Dry,Daylight
2023-08-07T19:29:00.000,I 285,I 285 and Riverdale Rd,,Rear End,5,Clear,Dry,Daylight
2023-03-16T17:20:00.000,I 285,I 285 and Riverdale Rd,,Rear End,2,Clear,Dry,Daylight
2023-12-04T16:57:00.000,I 285,I 285 and Riverdale Rd,,Sideswipe-Same Direction,2,Clear,Dry,Daylight
2023-06-08T17:33:00.000,I 285,I 285 and Riverdale Rd,,Rear End,2,Clear,Dry,Daylight
2023-07-22T16:35:00.000,I 285,I 285 and Riverdale Rd,,Angle Crash,2,Clear,Dry,Daylight
2023-06-05T16:26:00.000,I 285,I 285 and Riverdale Rd,,Sideswipe-Same Direction,2,Cloudy,Dry,Daylight
2023-08-06T20:20:00.000,I 285,I 285 and Riverdale Rd,,Rear End,2,Rain,Wet,Dark-Not Lighted
2023-09-22T16:55:00.000,I 285,I 285 and Riverdale Rd,,Rear End,2,Clear,Dry,Daylight
2023-09-26T18:30:00.000,I 285,I 285 and Riverdale Rd,,Angle Crash,2,Clear,Dry,Daylight
2023-05-30T11:58:00.000,I 285,I 285 and Riverdale Rd,,Rear End,3,Clear,Dry,Daylight
2023-01-05T16:45:00.000,I 285,I 285 and Riverdale Rd,,Rear End,2,Clear,Dry,Daylight
2023-04-07T13:36:00.000,I 285,I 285 and Riverdale Rd,,Sideswipe-Same Direction,2,Clear,Dry,Daylight
2023-02-01T17:40:00.000,I 285,I 285 and Riverdale Rd,,Angle Crash,2,Clear,Dry,Dark-Lighted
2023-08-13T22:36:00.000,I 285,I 285 and Riverdale Rd,,Not a Collision with Motor Vehicle,2,Clear,Dry,Dark-Lighted
2023-12-01T20:17:00.000,I 285,I 285 and Riverdale Rd,,Sideswipe-Same Direction,2,Clear,Dry,Daylight
2023-10-03T11:45:00.000,I 285,I 285 and Riverdale Rd,,Sideswipe-Same Direction,2,Clear,Dry,Daylight
2023-10-14T22:18:00.000,I 285,I 285 and Riverdale Rd,,Rear End,2,Clear,Dry,Dark-Lighted
2023-10-03T17:10:00.000,I 285,I 285 and Riverdale Rd,,Sideswipe-Same Direction,2,Clear,Dry,Daylight
2023-05-07T16:27:00.000,I 285,I 285 and Riverdale Rd,,Not a Collision with Motor Vehicle,2,Clear,Dry,Daylight
2023-08-21T16:18:00.000,I 285,I 285 and Riverdale Rd,,Rear End,2,Clear,Dry,Daylight
2023-05-03T15:27:00.000,I 285,I 285 and Riverdale Rd,,Rear End,2,Clear,Dry,Daylight
2023-10-05T00:00:00.000,I 285,I 285 and Riverdale Rd,,Sideswipe-Same Direction,2,Clear,Dry,Daylight
2022-01-07T15:50:00.000,I 285,I 285 and Riverdale Rd,,Angle Crash,2,Clear,Dry,Daylight