Date and Time,Roadway (From Crash Report),Intersection Name (from Crash Report),KABCO Severity,Manner of Collision (Crash Level) ,# of Vehicles per crash ,Weather Conditions (Crash Level),Surface Condition (Crash Level) ,Light Conditions (Crash Level)
2022-05-14T16:58:00.000,I 285,I 285 and Riverdale Rd,,Sideswipe-Same Direction,2,Clear,Dry,Daylight
2022-06-17T13:57:00.000,I 285,I 285 and Riverdale Rd,,Angle Crash,2,Clear,Dry,Daylight
2022-09-22T15:29:00.000,I 285,I 285 and Riverdale Rd,,Rear End,3,Clear,Dry,Daylight
2022-08-04T06:45:00.000,I 285,I 285 and Riverdale Rd,,Sideswipe-Same Direction,2,Clear,Dry,Daylight
2022-11-22T12:00:00.000,I 285,I 285 and Riverdale Rd,,Sideswipe-Same Direction,2,Clear,Dry,Daylight
2022-05-18T15:56:00.000,I 285,I 285 and Riverdale Rd,,Rear End,2,Clear,Dry,Daylight
2022-03-23T07:15:00.000,I 285,I 285 and Riverdale Rd,,Sideswipe-Same Direction,2,Rain,Wet,Dawn
2023-07-12T05:54:00.000,I 285,I 285 and Riverdale Rd,,Not a Collision with Motor Vehicle,1,Clear,Dry,Dark-Not Lighted
2020-11-16T05:12:00.000,I 285,I 285 and Riverdale Rd,,Sideswipe-Same Direction,2,Clear,Dry,Dark-Not Lighted
2023-07-19T16:16:00.000,I 285,I 285 and Riverdale Rd,,Sideswipe-Same Direction,2,Clear,Dry,Daylight
2024-03-26T17:20:00.000,I 285,I 285 and Riverdale Rd,,Sideswipe-Same Direction,2,Clear,Wet,Daylight
2020-07-13T03:36:00.000,I 285,I 285 and Riverdale Rd,,Rear End,2,Clear,Dry,Dark-Not Lighted
2020-02-09T20:28:00.000,I 285,I 285 and Riverdale Rd,,Sideswipe-Same Direction,2,Clear,Dry,Dark-Lighted
2020-07-10T20:20:00.000,I 285,I 285 and Riverdale Rd,,Sideswipe-Same Direction,2,Clear,Dry,Daylight
2020-10-19T17:58:00.000,I 285,I 285 and Riverdale Rd,,Rear End,2,Clear,Dry,Daylight
2020-02-08T17:10:00.000,I 285,I 285 and Riverdale Rd,,Not a Collision with Motor Vehicle,1,Clear,Dry,Daylight
2020-08-21T07:02:00.000,I 285,I 285 and Riverdale Rd,,Sideswipe-Same Direction,2,Clear,Dry,Daylight
2020-05-12T17:28:00.000,I 285,I 285 and Riverdale Rd,,Angle Crash,2,Clear,Dry,Daylight
2020-08-28T23:31:00.000,I 285,I 285 and Riverdale Rd,,Sideswipe-Same Direction,2,Clear,Dry,Dark-Not Lighted
2020-11-22T19:52:00.000,I 285,I 285 and Riverdale Rd,,Sideswipe-Same Direction,2,Clear,Dry,Dark-Lighted
2020-09-28T07:04:00.000,I 285,I 285 and Riverdale Rd,,Rear End,3,Cloudy,Wet,Dawn
2020-07-09T17:59:00.000,I 285,I 285 and Riverdale Rd,,Sideswipe-Same Direction,2,Rain,Wet,Daylight
2020-08-27T15:04:00.000,I 285,I 285 and Riverdale Rd,,Rear End,2,Clear,Dry,Daylight
2020-08-09T16:57:00.000,I 285,I 285 and Riverdale Rd,,Angle Crash,2,Clear,Dry,Daylight
2020-08-12T08:23:00.000,I 285,I 285 and Riverdale Rd,,Rear End,2,Clear,Dry,Daylight
2020-05-20T06:27:00.000,I 285,I 285 and Riverdale Rd,,Sideswipe-Same Direction,4,Rain,Wet,Dark-Not Lighted
2020-10-06T16:40:00.000,I 285,I 285 and Riverdale Rd,,Rear End,2,Cloudy,Dry,Daylight
2020-01-31T14:08:00.000,I 285,I 285 and Riverdale Rd,,Rear End,2,Cloudy,Wet,Daylight
2020-01-03T13:25:00.000,I 285,I 285 and Riverdale Rd,,Rear End,4,Rain,Wet,Daylight
2020-02-17T21:53:00.000,I 285,I 285 and Riverdale Rd,,Rear End,2,Clear,Wet,Dark-Lighted
2020-07-18T03:12:00.000,I 285,I 285 and Riverdale Rd,,Angle Crash,2,Clear,Dry,Dark-Not Lighted
2020-12-21T20:46:00.000,I 285,I 285 and Riverdale Rd,,Sideswipe-Same Direction,2,Cloudy,Dry,Dark-Not Lighted
2020-03-07T12:51:00.000,I 285,I 285 and Riverdale Rd,,Rear End,2,Clear,Dry,Daylight
2020-02-12T04:59:00.000,I 285,I 285 and Riverdale Rd,,Sideswipe-Same Direction,2,Clear,Wet,Dark-Not Lighted
2020-11-11T06:13:00.000,I 285,I 285 and Riverdale Rd,,Not a Collision with Motor Vehicle,2,Cloudy,Wet,Dark-Lighted
2020-07-14T01:23:00.000,I 285,I 285 and Riverdale Rd,,Angle Crash,2,Clear,Dry,Dark-Lighted
2020-03-12T15:20:00.000,I 285,I 285 and Riverdale Rd,,Not a Collision with Motor Vehicle,1,Clear,Dry,Daylight
2020-09-11T16:31:00.000,I 285,I 285 and Riverdale Rd,,Sideswipe-Same Direction,2,Clear,Dry,Daylight
2020-11-03T19:54:00.000,I 285,I 285 and Riverdale Rd,,Rear End,4,Cloudy,Dry,Dark-Not Lighted
2020-02-28T20:17:00.000,I 285,I 285 and Riverdale Rd,,Rear End,2,Cloudy,Dry,Dark-Not Lighted
2020-12-04T17:08:00.000,I 285,I 285 and Riverdale Rd,,Rear End,2,Rain,Wet,Dark-Lighted
2020-05-14T00:11:00.000,I 285,I 285 and Riverdale Rd,,Not a Collision with Motor Vehicle,2,Clear,Dry,Dark-Lighted
2020-02-14T13:58:00.000,I 285,I 285 and Riverdale Rd,,Sideswipe-Same Direction,2,Clear,Dry,Daylight
2020-07-28T15:10:00.000,I 285,I 285 and Riverdale Rd,,Sideswipe-Same Direction,2,Clear,Dry,Daylight
2020-10-29T07:36:00.000,I 285,I 285 and Riverdale Rd,,Rear End,3,Rain,Wet,Dawn
2020-09-20T01:50:00.000,I 285,I 285 and Riverdale Rd,,Sideswipe-Same Direction,2,Clear,Dry,Dark-Lighted
2020-09-25T05:34:00.000,I 285,I 285 and Riverdale Rd,,Sideswipe-Same Direction,2,Clear,Wet,Dawn
2020-11-07T07:09:00.000,I 285,I 285 and Riverdale Rd,,Sideswipe-Same Direction,2,Cloudy,Dry,Daylight
2020-09-24T04:12:00.000,I 285,I 285 and Riverdale Rd,,Rear End,2,Clear,Dry,Dark-Lighted
2020-06-21T02:12:00.000,I 285,I 285 and Riverdale Rd,,Rear End,2,Clear,Dry,Dark-Not Lighted
2020-01-27T00:50:00.000,I 285,I 285 and Riverdale Rd,,Rear End,2,Clear,Dry,Dark-Not Lighted
2020-03-03T15:47:00.000,I 285,I 285 and Riverdale Rd,,Sideswipe-Same Direction,2,Clear,Dry,Daylight
2020-08-08T18:17:00.000,I 285,I 285 and Riverdale Rd,,Not a Collision with Motor Vehicle,1,Clear,Dry,Daylight
2020-01-08T18:00:00.000,I 285,I 285 and Riverdale Rd,,Angle Crash,2,Clear,Dry,Dark-Lighted
2020-05-03T18:35:00.000,I 285,I 285 and Riverdale Rd,,Rear End,2,Clear,Dry,Daylight
2020-07-15T10:40:00.000,I 285,I 285 and Riverdale Rd,,Sideswipe-Same Direction,2,Clear,Dry,Daylight
2020-05-22T15:31:00.000,I 285,I 285 and Riverdale Rd,,Not a Collision with Motor Vehicle,1,Clear,Dry,Daylight
2020-05-06T12:50:00.000,I 285,I 285 and Riverdale Rd,,Sideswipe-Same Direction,2,Clear,Dry,Dark-Lighted
2020-12-27T22:41:00.000,I 285,I 285 and Riverdale Rd,,Sideswipe-Same Direction,2,Clear,Dry,Dark-Lighted
2020-03-09T22:37:00.000,I 285,I 285 and Riverdale Rd,,Not a Collision with Motor Vehicle,2,Clear,Dry,Dark-Not Lighted
2020-11-13T23:11:00.000,I 285,I 285 and Riverdale Rd,,Rear End,2,Clear,Dry,Dark-Not Lighted
2020-05-15T17:51:00.000,I 285,I 285 and Riverdale Rd,,Angle Crash,2,Clear,Dry,Daylight
2020-12-14T08:15:00.000,I 285,I 285 and Riverdale Rd,,Sideswipe-Same Direction,2,Cloudy,Wet,Daylight
2020-08-10T17:10:00.000,I 285,I 285 and Riverdale Rd,,Rear End,3,Cloudy,Dry,Daylight
2020-07-03T13:30:00.000,I 285,I 285 and Riverdale Rd,,Sideswipe-Same Direction,2,Clear,Dry,Daylight
2020-06-18T07:46:00.000,I 285,I 285 and Riverdale Rd,,Rear End,2,Clear,Dry,Daylight
2020-03-17T16:29:00.000,I 285,I 285 and Riverdale Rd,,Sideswipe-Same Direction,2,Clear,Dry,Daylight
2020-06-20T13:02:00.000,I 285,I 285 and Riverdale Rd,,Rear End,2,Clear,Dry,Daylight
2020-05-14T00:11:00.000,I 285,I 285 and Riverdale Rd,,Not a Collision with Motor Vehicle,2,Clear,Dry,Dark-Lighted
2020-09-26T10:05:00.000,I 285,I 285 and Riverdale Rd,,Sideswipe-Same Direction,2,Cloudy,Dry,Daylight
2020-07-07T14:48:00.000,I 285,I 285 and Riverdale Rd,,Rear End,3,Clear,Dry,Daylight
2020-05-05T22:05:00.000,I 285,I 285 and Riverdale Rd,,Sideswipe-Same Direction,2,Clear,Dry,Dark-Lighted
2020-05-03T15:24:00.000,I 285,I 285 and Riverdale Rd,,Rear End,2,Clear,Dry,Daylight
2020-11-12T02:30:00.000,I 285,I 285 and Riverdale Rd,,Sideswipe-Same Direction,2,Clear,Dry,Dark-Lighted
2020-06-05T17:40:00.000,I 285,I 285 and Riverdale Rd,,Rear End,3,Clear,Dry,Daylight
2020-07-28T14:46:00.000,I 285,I 285 and Riverdale Rd,,Sideswipe-Same Direction,2,Clear,Dry,Daylight
2020-12-12T21:04:00.000,I 285,I 285 and Riverdale Rd,,Rear End,2,Clear,Dry,Dark-Lighted
2020-03-10T11:43:00.000,I 285,I 285 and Riverdale Rd,,Sideswipe-Same Direction,2,Rain,Wet,Daylight
2020-02-18T22:58:00.000,I 285,I 285 and Riverdale Rd,,Sideswipe-Same Direction,2,Cloudy,Wet,Dark-Lighted
2020-11-07T13:51:00.000,I 285,I 285 and Riverdale Rd,,Rear End,2,Clear,Dry,Daylight
2020-04-29T16:29:00.000,I 285,I 285 and Riverdale Rd,,Not a Collision with Motor Vehicle,1,Rain,Wet,Daylight
2020-02-15T19:54:00.000,I 285,I 285 and Riverdale Rd,,Sideswipe-Same Direction,2,Clear,Dry,Daylight
2020-03-29T23:36:00.000,I 285,I 285 and Riverdale Rd,,Not a Collision with Motor Vehicle,1,Clear,Dry,Dark-Lighted
2020-01-23T00:55:00.000,I 285,I 285 and Riverdale Rd,,Sideswipe-Opposite Direction,2,Clear,Dry,Dark-Not Lighted
2020-03-13T13:16:00.000,I 285,I 285 and Riverdale Rd,,Rear End,2,Cloudy,Dry,Daylight
2020-01-02T06:05:00.000,I 285,I 285 and Riverdale Rd,,Sideswipe-Same Direction,2,Rain,Wet,Dark-Not Lighted
2020-08-28T23:17:00.000,I 285,I 285 and Riverdale Rd,,Rear End,2,Clear,Dry,Dark-Not Lighted
2020-04-19T19:04:00.000,I 285,I 285 and Riverdale Rd,,Not a Collision with Motor Vehicle,1,Rain,Wet,Daylight
2020-04-19T21:13:00.000,I 285,I 285 and Riverdale Rd,,Sideswipe-Same Direction,2,Severe Thunderstorm or Tornadic,Water (standing or moving),Dark-Not Lighted
2020-11-16T14:52:00.000,I 285,I 285 and Riverdale Rd,,Sideswipe-Same Direction,2,Clear,Dry,Daylight
2020-09-05T15:36:00.000,I 285,I 285 and Riverdale Rd,,Sideswipe-Same Direction,2,Clear,Dry,Daylight
2020-01-23T17:58:00.000,I 285,I 285 and Riverdale Rd,,Rear End,2,Clear,Dry,Dark-Lighted
2020-05-20T09:27:00.000,I 285,I 285 and Riverdale Rd,,Sideswipe-Same Direction,2,Clear,Dry,Daylight
2020-02-11T16:58:00.000,I 285,I 285 and Riverdale Rd,,Rear End,2,Rain,Wet,Daylight
2020-08-25T10:25:00.000,I 285,I 285 and Riverdale Rd,,Angle Crash,2,Rain,Wet,Daylight
2020-06-18T07:46:00.000,I 285,I 285 and Riverdale Rd,,Rear End,2,Clear,Dry,Daylight
2020-12-12T20:57:00.000,I 285,I 285 and Riverdale Rd,,Sideswipe-Same Direction,2,Cloudy,Dry,Dark-Lighted
2020-11-06T10:25:00.000,I 285,I 285 and Riverdale Rd,,Rear End,2,Clear,Dry,Daylight
2020-12-15T13:43:00.000,I 285,I 285 and Riverdale Rd,,Sideswipe-Same Direction,2,Cloudy,Dry,Daylight
2020-02-20T14:35:00.000,I 285,I 285 and Riverdale Rd,,Rear End,2,Rain,Wet,Daylight
2020-03-02T16:57:00.000,I 285,I 285 and Riverdale Rd,,Sideswipe-Same Direction,2,Rain,Wet,Daylight
2020-05-30T07:50:00.000,I 285,I 285 and Riverdale Rd,,Sideswipe-Same Direction,2,Clear,Dry,Daylight
2020-08-23T03:35:00.000,I 285,I 285 and Riverdale Rd,,Rear End,2,Clear,Dry,Dark-Lighted
2020-01-31T07:23:00.000,I 285,I 285 and Riverdale Rd,,Rear End,2,Rain,Wet,Daylight
2020-08-31T17:48:00.000,I 285,I 285 and Riverdale Rd,,Sideswipe-Same Direction,2,Clear,Dry,Daylight
2020-11-14T13:23:00.000,I 285,I 285 and Riverdale Rd,,Sideswipe-Same Direction,2,Clear,Dry,Daylight
2020-03-18T15:00:00.000,I 285,I 285 and Riverdale Rd,,Sideswipe-Same Direction,2,Clear,Dry,Daylight
2020-05-30T11:45:00.000,I 285,I 285 and Riverdale Rd,,Sideswipe-Same Direction,2,Clear,Dry,Daylight
2020-10-29T05:54:00.000,I 285,I 285 and Riverdale Rd,,Sideswipe-Same Direction,2,Rain,Wet,Dark-Lighted
2020-09-06T17:16:00.000,I 285,I 285 and Riverdale Rd,,Rear End,2,Clear,Dry,Daylight
2020-03-22T12:52:00.000,I 285,I 285 and Riverdale Rd,,Sideswipe-Same Direction,2,Clear,Dry,Daylight
2020-07-16T10:50:00.000,I 285,I 285 and Riverdale Rd,,Sideswipe-Same Direction,2,Clear,Dry,Daylight
2020-11-06T20:39:00.000,I 285,I 285 and Riverdale Rd,,Sideswipe-Same Direction,2,Clear,Dry,Dark-Not Lighted
2020-10-29T09:34:00.000,I 285,I 285 and Riverdale Rd,,Rear End,2,Clear,Water (standing or moving),Daylight
2020-02-27T10:33:00.000,I 285,I 285 and Riverdale Rd,,Sideswipe-Same Direction,2,Clear,Dry,Daylight
2020-03-27T07:44:00.000,I 285,I 285 and Riverdale Rd,,Rear End,2,Clear,Dry,Daylight
2020-05-02T21:18:00.000,I 285,I 285 and Riverdale Rd,,Sideswipe-Same Direction,2,Clear,Dry,Dark-Lighted
2020-03-17T01:37:00.000,I 285,I 285 and Riverdale Rd,,Sideswipe-Same Direction,2,Clear,Dry,Dark-Lighted
2020-12-17T23:23:00.000,I 285,I 285 and Riverdale Rd,,Sideswipe-Same Direction,2,Clear,Dry,Dark-Lighted
2020-03-06T16:58:00.000,I 285,I 285 and Riverdale Rd,,Rear End,2,Clear,Dry,Daylight
2020-09-17T22:21:00.000,I 285,I 285 and Riverdale Rd,,Sideswipe-Same Direction,2,Clear,Dry,Dark-Not Lighted
2020-07-27T22:53:00.000,I 285,I 285 and Riverdale Rd,,Sideswipe-Same Direction,2,Clear,Dry,Dark-Lighted
2020-04-27T16:37:00.000,I 285,I 285 and Riverdale Rd,,Sideswipe-Same Direction,2,Clear,Dry,Daylight
2020-07-27T22:45:00.000,I 285,I 285 and Riverdale Rd,,Not a Collision with Motor Vehicle,1,Clear,Dry,Dark-Not Lighted
2020-04-16T15:03:00.000,I 285,I 285 and Riverdale Rd,,Angle Crash,2,Clear,Dry,Daylight
2020-08-25T17:25:00.000,I 285,I 285 and Riverdale Rd,,Sideswipe-Same Direction,2,Rain,Wet,Daylight
2020-11-14T13:23:00.000,I 285,I 285 and Riverdale Rd,,Sideswipe-Same Direction,2,Clear,Dry,Daylight
2020-08-14T19:55:00.000,I 285,I 285 and Riverdale Rd,,Not a Collision with Motor Vehicle,1,Rain,Wet,Daylight
2020-03-20T04:11:00.000,I 285,I 285 and Riverdale Rd,,Angle Crash,2,Clear,Dry,Dark-Not Lighted
2020-07-06T14:56:00.000,I 285,I 285 and Riverdale Rd,,Rear End,2,Clear,Dry,Daylight
2020-04-12T08:19:00.000,I 285,I 285 and Riverdale Rd,,Rear End,2,Cloudy,Dry,Daylight
2020-09-15T18:00:00.000,I 285,I 285 and Riverdale Rd,,Sideswipe-Same Direction,2,Clear,Dry,Daylight
2020-09-17T03:25:00.000,I 285,I 285 and Riverdale Rd,,Sideswipe-Same Direction,2,Rain,Wet,Dark-Lighted
2020-12-20T20:34:00.000,I 285,I 285 and Riverdale Rd,,Rear End,2,Clear,Dry,Dark-Lighted
2020-10-29T02:57:00.000,I 285,I 285 and Riverdale Rd,,Sideswipe-Same Direction,2,Rain,Wet,Dark-Lighted
2020-08-25T16:33:00.000,I 285,I 285 and Riverdale Rd,,Sideswipe-Same Direction,2,Rain,Wet,Daylight
2020-05-14T00:11:00.000,I 285,I 285 and Riverdale Rd,,Not a Collision with Motor Vehicle,2,Clear,Dry,Dark-Not Lighted
2020-10-11T20:27:00.000,I 285,I 285 and Riverdale Rd,,Sideswipe-Same Direction,2,Cloudy,Wet,Dark-Not Lighted
2020-10-12T01:37:00.000,I 285,I 285 and Riverdale Rd,,Sideswipe-Same Direction,2,Clear,Dry,Dark-Lighted
2020-06-24T23:43:00.000,I 285,I 285 and Riverdale Rd,,Sideswipe-Same Direction,2,Rain,Wet,Dark-Lighted
2020-10-31T03:29:00.000,I 285,I 285 and Riverdale Rd,,Rear End,2,Clear,Dry,Dark-Lighted
2020-08-03T07:40:00.000,I 285,I 285 and Riverdale Rd,,Rear End,2,Clear,Dry,Daylight
2020-08-30T01:33:00.000,I 285,I 285 and Riverdale Rd,,Rear End,2,Clear,Dry,Dark-Not Lighted
2020-10-05T14:50:00.000,I 285,I 285 and Riverdale Rd,,Not a Collision with Motor Vehicle,2,Clear,Dry,Daylight
2020-12-15T18:10:00.000,I 285,I 285 and Riverdale Rd,,Sideswipe-Same Direction,2,Cloudy,Dry,Dark-Not Lighted
2020-11-25T19:00:00.000,I 285,I 285 and Riverdale Rd,,Rear End,2,Rain,Wet,Dark-Lighted
2020-09-13T23:00:00.000,I 285,I 285 and Riverdale Rd,,Angle Crash,2,Clear,Dry,Dark-Not Lighted
2020-12-01T16:11:00.000,I 285,I 285 and Riverdale Rd,,Sideswipe-Same Direction,2,Clear,Dry,Daylight
2020-08-11T06:55:00.000,I 285,I 285 and Riverdale Rd,,Sideswipe-Same Direction,2,Clear,Dry,Daylight
2020-03-11T18:12:00.000,I 285,I 285 and Riverdale Rd,,Angle Crash,2,Cloudy,Wet,Daylight
2020-01-25T23:09:00.000,I 285,I 285 and Riverdale Rd,,Not a Collision with Motor Vehicle,1,Clear,Dry,Dark-Not Lighted
2020-07-13T19:25:00.000,I 285,I 285 and Riverdale Rd,,Sideswipe-Same Direction,2,Clear,Dry,Dawn
2021-01-07T14:30:00.000,I 285,I 285 and Riverdale Rd,,Rear End,2,Clear,Dry,Daylight
2021-06-18T20:16:00.000,I 285,I 285 and Riverdale Rd,,Not a Collision with Motor Vehicle,2,Clear,Dry,Daylight
2021-06-07T08:20:00.000,I 285,I 285 and Riverdale Rd,,Angle Crash,2,Rain,Wet,Daylight
2021-04-03T11:55:00.000,I 285,I 285 and Riverdale Rd,,Rear End,3,Clear,Dry,Daylight
2021-06-06T12:39:00.000,I 285,I 285 and Riverdale Rd,,Sideswipe-Same Direction,2,Clear,Dry,Daylight
2021-02-04T16:30:00.000,I 285,I 285 and Riverdale Rd,,Sideswipe-Same Direction,2,Clear,Dry,Daylight
2021-03-26T16:13:00.000,I 285,I 285 and Riverdale Rd,,Sideswipe-Same Direction,2,Clear,Dry,Daylight
2021-06-18T17:22:00.000,I 285,I 285 and Riverdale Rd,,Rear End,2,Clear,Dry,Daylight
2021-05-14T12:10:00.000,I 285,I 285 and Riverdale Rd,,Angle Crash,2,Clear,Dry,Daylight
2021-01-01T02:38:00.000,I 285,I 285 and Riverdale Rd,,Not a Collision with Motor Vehicle,1,Fog,Wet,Dark-Not Lighted
2021-03-21T00:10:00.000,I 285,I 285 and Riverdale Rd,,Sideswipe-Same Direction,2,Clear,Dry,Dark-Lighted
2021-01-16T16:21:00.000,I 285,I 285 and Riverdale Rd,,Sideswipe-Same Direction,2,Cloudy,Dry,Daylight
2021-02-24T07:38:00.000,I 285,I 285 and Riverdale Rd,,Rear End,2,Clear,Dry,Daylight
2021-01-13T00:35:00.000,I 285,I 285 and Riverdale Rd,,Sideswipe-Same Direction,2,Clear,Dry,Dark-Lighted
2021-04-07T14:50:00.000,I 285,I 285 and Riverdale Rd,,Sideswipe-Same Direction,2,Clear,Dry,Daylight
2021-05-21T16:55:00.000,I 285,I 285 and Riverdale Rd,,Rear End,2,Clear,Dry,Daylight
2021-05-05T05:20:00.000,I 285,I 285 and Riverdale Rd,,Not a Collision with Motor Vehicle,2,Clear,Dry,Dark-Not Lighted
2021-03-24T16:00:00.000,I 285,I 285 and Riverdale Rd,,Rear End,3,Clear,Dry,Daylight
2021-05-24T12:10:00.000,I 285,I 285 and Riverdale Rd,,Sideswipe-Same Direction,2,Clear,Dry,Daylight
2021-03-26T01:26:00.000,I 285,I 285 and Riverdale Rd,,Rear End,2,Rain,Water (standing or moving),Dark-Not Lighted
2021-03-08T02:10:00.000,I 285,I 285 and Riverdale Rd,,Not a Collision with Motor Vehicle,1,Clear,Dry,Dark-Lighted
2021-01-22T12:16:00.000,I 285,I 285 and Riverdale Rd,,Sideswipe-Same Direction,2,Cloudy,Wet,Daylight
2021-02-09T08:00:00.000,I 285,I 285 and Riverdale Rd,,Rear End,2,Clear,Dry,Daylight
2021-10-11T01:30:00.000,I 285,I 285 and Riverdale Rd,,Not a Collision with Motor Vehicle,1,Clear,Dry,Dark-Lighted
2021-07-19T19:08:00.000,I 285,I 285 and Riverdale Rd,,Rear End,2,Clear,Wet,Dusk
2021-12-10T17:02:00.000,I 285,I 285 and Riverdale Rd,,Rear End,2,Clear,Dry,Daylight
2021-07-01T15:39:00.000,I 285,I 285 and Riverdale Rd,,Rear End,3,Clear,Dry,Daylight
2021-07-07T08:20:00.000,I 285,I 285 and Riverdale Rd,,Rear End,2,Cloudy,Wet,Daylight
2021-11-01T22:00:00.000,I 285,I 285 and Riverdale Rd,,Sideswipe-Same Direction,2,Clear,Dry,Dark-Not Lighted
2021-09-13T07:35:00.000,I 285,I 285 and Riverdale Rd,,Rear End,2,Clear,Dry,Daylight
2021-12-29T18:25:00.000,I 285,I 285 and Riverdale Rd,,Not a Collision with Motor Vehicle,1,Clear,Dry,Dark-Lighted
2021-07-26T22:46:00.000,I 285,I 285 and Riverdale Rd,,Rear End,2,Clear,Wet,Dark-Not Lighted
2021-10-14T07:10:00.000,I 285,I 285 and Riverdale Rd,,Sideswipe-Same Direction,2,Clear,Dry,Dark-Not Lighted
2021-09-24T23:40:00.000,I 285,I 285 and Riverdale Rd,,Sideswipe-Same Direction,2,Clear,Dry,Dark-Lighted
2021-09-04T14:22:00.000,I 285,I 285 and Riverdale Rd,,Sideswipe-Same Direction,2,Clear,Dry,Daylight
2021-08-22T12:40:00.000,I 285,I 285 and Riverdale Rd,,Sideswipe-Same Direction,2,Clear,Dry,Daylight
2021-10-14T15:01:00.000,I 285,I 285 and Riverdale Rd,,Not a Collision with Motor Vehicle,1,Clear,Dry,Daylight
2021-09-10T13:35:00.000,I 285,I 285 and Riverdale Rd,,Sideswipe-Same Direction,2,Clear,Dry,Daylight
2021-09-30T17:30:00.000,I 285,I 285 and Riverdale Rd,,Rear End,2,Clear,Dry,Daylight
2021-09-23T08:03:00.000,I 285,I 285 and Riverdale Rd,,Rear End,2,Clear,Dry,Daylight
2021-10-05T21:06:00.000,I 285,I 285 and Riverdale Rd,,Rear End,2,Rain,Wet,Dark-Lighted
2021-07-05T00:45:00.000,I 285,I 285 and Riverdale Rd,,Not a Collision with Motor Vehicle,1,Clear,Dry,Dark-Not Lighted
2021-12-26T00:20:00.000,I 285,I 285 and Riverdale Rd,,Sideswipe-Same Direction,2,Clear,Dry,Dark-Not Lighted
2021-09-22T17:28:00.000,I 285,I 285 and Riverdale Rd,,Rear End,2,Clear,Dry,Daylight
2021-12-06T19:49:00.000,I 285,I 285 and Riverdale Rd,,Sideswipe-Same Direction,2,Clear,Wet,Dark-Lighted
2021-10-27T20:14:00.000,I 285,I 285 and Riverdale Rd,,Sideswipe-Same Direction,2,Clear,Dry,Daylight
2021-10-01T00:00:00.000,I 285,I 285 and Riverdale Rd,,Rear End,2,Clear,Dry,Dark-Lighted
2022-10-07T15:45:00.000,I 285,I 285 and Riverdale Rd,,Rear End,2,Clear,Dry,Daylight
2022-07-29T18:00:00.000,I 285,I 285 and Riverdale Rd,,Rear End,2,Clear,Dry,Daylight
2022-02-10T14:50:00.000,I 285,I 285 and Riverdale Rd,,Rear End,3,Clear,Dry,Daylight
2022-05-20T14:06:00.000,I 285,I 285 and Riverdale Rd,,Sideswipe-Same Direction,2,Clear,Dry,Daylight
2022-03-31T07:00:00.000,I 285,I 285 and Riverdale Rd,,Sideswipe-Same Direction,2,Rain,Wet,Dark-Lighted
2022-01-02T06:40:00.000,I 285,I 285 and Riverdale Rd,,Sideswipe-Same Direction,2,Rain,Wet,Dark-Not Lighted
2022-03-03T16:30:00.000,I 285,I 285 and Riverdale Rd,,Sideswipe-Same Direction,2,Clear,Dry,Daylight
2022-12-01T12:00:00.000,I 285,I 285 and Riverdale Rd,,Sideswipe-Same Direction,2,Clear,Dry,Daylight
2021-07-25T13:50:00.000,I 285,I 285 and Riverdale Rd,,Sideswipe-Same Direction,2,Clear,Dry,Daylight
2021-09-16T17:20:00.000,I 285,I 285 and Riverdale Rd,,Rear End,3,Cloudy,Wet,Daylight
2021-12-10T17:47:00.000,I 285,I 285 and Riverdale Rd,,Rear End,2,Cloudy,Wet,Dark-Not Lighted
2021-11-07T04:00:00.000,I 285,I 285 and Riverdale Rd,,Rear End,2,Clear,Dry,Dark-Not Lighted
2021-08-02T00:00:00.000,I 285,I 285 and Riverdale Rd,,Sideswipe-Same Direction,2,Clear,Dry,Daylight
2021-09-19T08:53:00.000,I 285,I 285 and Riverdale Rd,,Sideswipe-Same Direction,2,Rain,Wet,Daylight
2021-12-06T09:45:00.000,I 285,I 285 and Riverdale Rd,,Sideswipe-Same Direction,2,Cloudy,Dry,Daylight
2021-09-01T23:30:00.000,I 285,I 285 and Riverdale Rd,,Sideswipe-Same Direction,2,Cloudy,Dry,Dark-Not Lighted
2021-11-13T23:23:00.000,I 285,I 285 and Riverdale Rd,,Sideswipe-Same Direction,2,Clear,Dry,Dark-Not Lighted
2021-09-30T11:11:00.000,I 285,I 285 and Riverdale Rd,,Sideswipe-Same Direction,2,Clear,Dry,Daylight
2021-08-11T13:44:00.000,I 285,I 285 and Riverdale Rd,,Sideswipe-Same Direction,2,Clear,Dry,Daylight
2022-02-18T18:00:00.000,I 285,I 285 and Riverdale Rd,,Sideswipe-Same Direction,2,Clear,Dry,Daylight
2022-09-15T12:49:00.000,I 285,I 285 and Riverdale Rd,,Not a Collision with Motor Vehicle,2,Clear,Dry,Daylight
2022-07-08T16:40:00.000,I 285,I 285 and Riverdale Rd,,Sideswipe-Same Direction,2,Clear,Dry,Daylight