Date and Time,Roadway (From Crash Report),Intersection Name (from Crash Report),KABCO Severity,Manner of Collision (Crash Level) ,# of Vehicles per crash ,Weather Conditions (Crash Level),Surface Condition (Crash Level) ,Light Conditions (Crash Level)
2022-12-05T15:22:00.000,I 285,I 285 and Riverdale Rd,,Sideswipe-Same Direction,2,Rain,Wet,Daylight
2022-12-25T14:39:00.000,I 285,I 285 and Riverdale Rd,,Sideswipe-Same Direction,2,Clear,Dry,Dark-Lighted
2022-12-21T16:42:00.000,I 285,I 285 and Riverdale Rd,,Rear End,2,Clear,Dry,Daylight
2022-02-23T16:30:00.000,I 285,I 285 and Riverdale Rd,,Rear End,2,Clear,Dry,Daylight
2022-09-14T10:25:00.000,I 285,I 285 and Riverdale Rd,,Rear End,2,Clear,Dry,Daylight
2022-08-19T12:30:00.000,I 285,I 285 and Riverdale Rd,,Angle Crash,2,Clear,Wet,Daylight
2022-05-01T11:50:00.000,I 285,I 285 and Riverdale Rd,,Sideswipe-Same Direction,2,Cloudy,Dry,Dark-Lighted
2022-02-28T22:40:00.000,I 285,I 285 and Riverdale Rd,,Rear End,2,Clear,Dry,Dark-Lighted
2022-06-17T17:15:00.000,I 285,I 285 and Riverdale Rd,,Sideswipe-Same Direction,2,Clear,Dry,Daylight
2022-06-22T01:17:00.000,I 285,I 285 and Riverdale Rd,,Rear End,2,Clear,Dry,Dark-Lighted
2022-07-12T09:44:00.000,I 285,I 285 and Riverdale Rd,,Rear End,3,Cloudy,Dry,Daylight
2022-09-30T07:00:00.000,I 285,I 285 and Riverdale Rd,,Rear End,2,Clear,Dry,Dark-Not Lighted
2022-08-09T00:04:00.000,I 285,I 285 and Riverdale Rd,,Sideswipe-Same Direction,2,Clear,Dry,Dark-Not Lighted
2022-03-26T20:45:00.000,I 285,I 285 and Riverdale Rd,,Rear End,5,Clear,Dry,Dark-Not Lighted
2022-01-28T04:05:00.000,I 285,I 285 and Riverdale Rd,,Sideswipe-Same Direction,2,Clear,Dry,Dark-Not Lighted
2022-04-07T21:20:00.000,I 285,I 285 and Riverdale Rd,,Rear End,2,Clear,Dry,Dark-Not Lighted
2022-02-11T14:10:00.000,I 285,I 285 and Riverdale Rd,,Rear End,2,Clear,Dry,Daylight
2022-11-11T07:25:00.000,I 285,I 285 and Riverdale Rd,,Sideswipe-Same Direction,2,Rain,Wet,Daylight
2022-06-17T14:00:00.000,I 285,I 285 and Riverdale Rd,,Rear End,2,Clear,Dry,Daylight
2022-05-13T14:25:00.000,I 285,I 285 and Riverdale Rd,,Sideswipe-Same Direction,2,Cloudy,Dry,Daylight
2022-03-08T15:05:00.000,I 285,I 285 and Riverdale Rd,,Angle Crash,2,Rain,Wet,Daylight
2022-07-28T15:20:00.000,I 285,I 285 and Riverdale Rd,,Rear End,2,Clear,Dry,Daylight
2022-07-12T23:44:00.000,I 285,I 285 and Riverdale Rd,,Not a Collision with Motor Vehicle,1,Clear,Dry,Dark-Not Lighted
2022-12-14T17:00:00.000,I 285,I 285 and Riverdale Rd,,Rear End,3,Clear,Dry,Dark-Lighted
2022-09-08T16:55:00.000,I 285,I 285 and Riverdale Rd,,Rear End,2,Clear,Dry,Daylight
2022-07-08T11:10:00.000,I 285,I 285 and Riverdale Rd,,Rear End,2,Clear,Dry,Daylight
2021-10-19T06:51:00.000,I 285,I 285 and Riverdale Rd,,Rear End,2,Clear,Dry,Daylight
2021-11-08T09:40:00.000,I 285,I 285 and Riverdale Rd,,Sideswipe-Same Direction,2,Clear,Dry,Daylight
2021-09-03T16:43:00.000,I 285,I 285 and Riverdale Rd,,Rear End,2,Clear,Dry,Daylight
2021-12-08T18:45:00.000,I 285,I 285 and Riverdale Rd,,Sideswipe-Same Direction,2,Clear,Dry,Dark-Lighted
2022-12-02T13:47:00.000,I 285,I 285 and Riverdale Rd,,Rear End,2,Clear,Dry,Daylight
2022-10-13T12:50:00.000,I 285,I 285 and Riverdale Rd,,Sideswipe-Same Direction,2,Clear,Dry,Daylight
2022-08-05T08:57:00.000,I 285,I 285 and Riverdale Rd,,Rear End,2,Clear,Dry,Daylight
2022-01-13T12:30:00.000,I 285,I 285 and Riverdale Rd,,Angle Crash,2,Cloudy,Dry,Daylight
2022-11-03T10:45:00.000,I 285,I 285 and Riverdale Rd,,Rear End,2,Clear,Dry,Daylight
2022-07-03T03:30:00.000,I 285,I 285 and Riverdale Rd,,Rear End,2,Clear,Dry,Dark-Not Lighted
2022-06-08T17:40:00.000,I 285,I 285 and Riverdale Rd,,Rear End,2,Clear,Dry,Daylight
2022-08-03T09:09:00.000,I 285,I 285 and Riverdale Rd,,Rear End,3,Clear,Dry,Daylight
2022-11-11T12:17:00.000,I 285,I 285 and Riverdale Rd,,Rear End,2,Cloudy,Wet,Daylight
2022-03-22T18:18:00.000,I 285,I 285 and Riverdale Rd,,Rear End,2,Clear,Dry,Daylight
2022-02-21T16:35:00.000,I 285,I 285 and Riverdale Rd,,Rear End,2,Rain,Wet,Daylight
2022-01-24T07:47:00.000,I 285,I 285 and Riverdale Rd,,Sideswipe-Same Direction,2,Clear,Dry,Daylight
2022-01-26T07:10:00.000,I 285,I 285 and Riverdale Rd,,Sideswipe-Same Direction,2,Clear,Dry,Daylight
2022-02-08T07:38:00.000,I 285,I 285 and Riverdale Rd,,Rear End,2,Clear,Dry,Daylight
2022-04-27T15:30:00.000,I 285,I 285 and Riverdale Rd,,Rear End,2,Clear,Dry,Daylight
2022-10-12T20:45:00.000,I 285,I 285 and Riverdale Rd,,Rear End,2,Clear,Dry,Dark-Lighted
2022-07-01T00:01:00.000,I 285,I 285 and Riverdale Rd,,Sideswipe-Same Direction,2,Clear,Dry,Dark-Not Lighted
2022-05-02T16:25:00.000,I 285,I 285 and Riverdale Rd,,Rear End,3,Clear,Dry,Daylight
2022-07-08T19:40:00.000,I 285,I 285 and Riverdale Rd,,Sideswipe-Same Direction,2,Clear,Dry,Daylight
2022-08-11T14:07:00.000,I 285,I 285 and Riverdale Rd,,Sideswipe-Same Direction,2,Clear,Dry,Daylight
2022-02-10T19:23:00.000,I 285,I 285 and Riverdale Rd,,Sideswipe-Same Direction,2,Clear,Dry,Dark-Not Lighted
2022-10-12T23:16:00.000,I 285,I 285 and Riverdale Rd,,Rear End,2,Clear,Dry,Dark-Not Lighted
2022-05-26T16:30:00.000,I 285,I 285 and Riverdale Rd,,Rear End,2,Clear,Dry,Daylight
2022-07-20T14:03:00.000,I 285,I 285 and Riverdale Rd,,Sideswipe-Same Direction,2,Clear,Dry,Daylight
2022-11-17T14:16:00.000,I 285,I 285 and Riverdale Rd,,Rear End,2,Clear,Dry,Daylight
2022-05-06T14:06:00.000,I 285,I 285 and Riverdale Rd,,Rear End,2,Clear,Dry,Daylight
2022-10-07T15:00:00.000,I 285,I 285 and Riverdale Rd,,Rear End,2,Clear,Dry,Daylight
2022-02-13T20:50:00.000,I 285,I 285 and Riverdale Rd,,Sideswipe-Same Direction,2,Clear,Dry,Dark-Lighted
2022-06-09T16:10:00.000,I 285,I 285 and Riverdale Rd,,Rear End,2,Clear,Dry,Daylight
2022-09-08T16:49:00.000,I 285,I 285 and Riverdale Rd,,Rear End,2,Clear,Dry,Daylight
2022-05-19T15:00:00.000,I 285,I 285 and Riverdale Rd,,Angle Crash,2,Clear,Dry,Daylight
2022-07-23T14:00:00.000,I 285,I 285 and Riverdale Rd,,Sideswipe-Same Direction,2,Clear,Dry,Daylight
2022-05-19T14:45:00.000,I 285,I 285 and Riverdale Rd,,Sideswipe-Same Direction,2,Clear,Dry,Daylight
2022-06-30T13:24:00.000,I 285,I 285 and Riverdale Rd,,Rear End,2,Clear,Dry,Daylight
2022-12-26T19:05:00.000,I 285,I 285 and Riverdale Rd,,Sideswipe-Same Direction,2,Clear,Dry,Dark-Not Lighted
2022-03-30T08:10:00.000,I 285,I 285 and Riverdale Rd,,Sideswipe-Same Direction,2,Clear,Dry,Daylight
2022-05-12T17:09:00.000,I 285,I 285 and Riverdale Rd,,Rear End,3,Clear,Dry,Daylight
2022-07-15T18:44:00.000,I 285,I 285 and Riverdale Rd,,Sideswipe-Same Direction,2,Clear,Dry,Daylight
2022-09-27T00:19:00.000,I 285,I 285 and Riverdale Rd,,Sideswipe-Same Direction,2,Clear,Dry,Dark-Not Lighted
2022-12-09T10:30:00.000,I 285,I 285 and Riverdale Rd,,Not a Collision with Motor Vehicle,1,Clear,Dry,Daylight
2022-09-27T17:00:00.000,I 285,I 285 and Riverdale Rd,,Sideswipe-Same Direction,2,Clear,Dry,Daylight
2022-12-17T14:38:00.000,I 285,I 285 and Riverdale Rd,,Sideswipe-Same Direction,3,Clear,Dry,Daylight
2022-12-16T21:00:00.000,I 285,I 285 and Riverdale Rd,,Sideswipe-Same Direction,2,Clear,Dry,Dark-Lighted
2022-11-22T18:13:00.000,I 285,I 285 and Riverdale Rd,,Rear End,2,Clear,Dry,Dark-Lighted
2022-11-03T07:35:00.000,I 285,I 285 and Riverdale Rd,,Sideswipe-Same Direction,2,Clear,Dry,Daylight
2022-10-12T21:32:00.000,I 285,I 285 and Riverdale Rd,,Rear End,2,Clear,Dry,Dark-Not Lighted
2022-10-01T10:28:00.000,I 285,I 285 and Riverdale Rd,,Sideswipe-Same Direction,2,Clear,Dry,Daylight
2022-10-07T16:45:00.000,I 285,I 285 and Riverdale Rd,,Sideswipe-Same Direction,2,Clear,Dry,Daylight
2022-05-23T08:10:00.000,I 285,I 285 and Riverdale Rd,,Rear End,2,Rain,Wet,Daylight
2022-10-09T22:30:00.000,I 285,I 285 and Riverdale Rd,,Not a Collision with Motor Vehicle,1,Clear,Dry,Dark-Lighted
2022-01-19T04:42:00.000,I 285,I 285 and Riverdale Rd,,Rear End,2,Clear,Dry,Dark-Lighted
2022-02-22T08:37:00.000,I 285,I 285 and Riverdale Rd,,Rear End,3,Cloudy,Wet,Daylight
2022-02-18T18:06:00.000,I 285,I 285 and Riverdale Rd,,Rear End,2,Clear,Dry,Daylight
2022-05-24T22:00:00.000,I 285,I 285 and Riverdale Rd,,Sideswipe-Same Direction,2,Clear,Dry,Dark-Lighted
2022-12-07T18:15:00.000,I 285,I 285 and Riverdale Rd,,Rear End,4,Clear,Dry,Dark-Not Lighted
2022-06-09T11:22:00.000,I 285,I 285 and Riverdale Rd,,Rear End,2,Clear,Dry,Daylight
2022-02-15T14:41:00.000,I 285,I 285 and Riverdale Rd,,Rear End,2,Clear,Dry,Daylight
2022-08-06T01:21:00.000,I 285,I 285 and Riverdale Rd,,Not a Collision with Motor Vehicle,1,Clear,Dry,Dark-Lighted
2022-06-19T22:36:00.000,I 285,I 285 and Riverdale Rd,,Sideswipe-Same Direction,2,Clear,Dry,Dark-Not Lighted
2022-03-02T16:00:00.000,I 285,I 285 and Riverdale Rd,,Rear End,2,Clear,Dry,Daylight
2022-10-13T19:05:00.000,I 285,I 285 and Riverdale Rd,,Not a Collision with Motor Vehicle,1,Clear,Dry,Daylight
2022-04-02T23:00:00.000,I 285,I 285 and Riverdale Rd,,Rear End,3,Clear,Dry,Dark-Not Lighted
2022-08-28T16:41:00.000,I 285,I 285 and Riverdale Rd,,Not a Collision with Motor Vehicle,1,Clear,Dry,Daylight
2022-12-17T14:25:00.000,I 285,I 285 and Riverdale Rd,,Sideswipe-Same Direction,2,Clear,Dry,Daylight
2022-11-20T15:00:00.000,I 285,I 285 and Riverdale Rd,,Sideswipe-Same Direction,2,Clear,Dry,Daylight
2022-11-22T17:08:00.000,I 285,I 285 and Riverdale Rd,,Rear End,2,Clear,Dry,Daylight
2022-05-03T09:29:00.000,I 285,I 285 and Riverdale Rd,,Sideswipe-Same Direction,2,Clear,Dry,Daylight
2022-10-22T22:10:00.000,I 285,I 285 and Riverdale Rd,,Rear End,2,Clear,Dry,Dark-Lighted
2022-03-13T01:56:00.000,I 285,I 285 and Riverdale Rd,,Rear End,2,Clear,Dry,Dark-Lighted
2022-09-27T18:08:00.000,I 285,I 285 and Riverdale Rd,,Sideswipe-Same Direction,2,Clear,Dry,Daylight
2022-04-23T21:18:00.000,I 285,I 285 and Riverdale Rd,,Sideswipe-Same Direction,2,Clear,Dry,Dark-Not Lighted
2022-09-10T07:10:00.000,I 285,I 285 and Riverdale Rd,,Sideswipe-Same Direction,2,Rain,Wet,Daylight
2022-09-29T11:40:00.000,I 285,I 285 and Riverdale Rd,,Rear End,2,Clear,Dry,Daylight
2022-09-02T19:07:00.000,I 285,I 285 and Riverdale Rd,,Rear End,2,Clear,Dry,Daylight
2022-07-29T18:00:00.000,I 285,I 285 and Riverdale Rd,,Rear End,2,Clear,Dry,Daylight
2022-11-30T06:25:00.000,I 285,I 285 and Riverdale Rd,,Angle Crash,2,Rain,Wet,Dark-Lighted
2022-03-26T20:28:00.000,I 285,I 285 and Riverdale Rd,,Rear End,2,Clear,Dry,Dark-Not Lighted
2022-04-21T13:49:00.000,I 285,I 285 and Riverdale Rd,,Rear End,2,Clear,Dry,Daylight
2022-10-31T16:46:00.000,I 285,I 285 and Riverdale Rd,,Sideswipe-Same Direction,2,Clear,Dry,Daylight
2022-06-09T22:34:00.000,I 285,I 285 and Riverdale Rd,,Sideswipe-Same Direction,2,Clear,Dry,Dark-Lighted
2022-07-20T05:02:00.000,I 285,I 285 and Riverdale Rd,,Rear End,2,Clear,Dry,Dark-Not Lighted
2022-12-09T15:43:00.000,I 285,I 285 and Riverdale Rd,,Sideswipe-Same Direction,2,Rain,Wet,Daylight
2022-12-25T14:40:00.000,I 285,I 285 and Riverdale Rd,,Rear End,2,Clear,Dry,Daylight
2022-12-22T14:49:00.000,I 285,I 285 and Riverdale Rd,,Sideswipe-Same Direction,2,Clear,Dry,Daylight
2022-09-30T06:48:00.000,I 285,I 285 and Riverdale Rd,,Rear End,6,Clear,Dry,Dark-Lighted
2022-10-27T13:54:00.000,I 285,I 285 and Riverdale Rd,,Angle Crash,2,Clear,Dry,Daylight
2022-09-02T13:27:00.000,I 285,I 285 and Riverdale Rd,,Rear End,3,Clear,Dry,Daylight
2022-01-25T21:23:00.000,I 285,I 285 and Riverdale Rd,,Sideswipe-Same Direction,2,Clear,Dry,Dark-Not Lighted
2022-12-12T06:56:00.000,I 285,I 285 and Riverdale Rd,,Sideswipe-Same Direction,2,Cloudy,Wet,Daylight
2022-04-01T18:00:00.000,I 285,I 285 and Riverdale Rd,,Rear End,2,Clear,Dry,Dark-Lighted
2022-02-12T20:09:00.000,I 285,I 285 and Riverdale Rd,,Rear End,2,Clear,Dry,Dark-Lighted
2023-05-12T22:31:00.000,I 285,I 285 and Riverdale Rd,,Sideswipe-Same Direction,2,Clear,Dry,Dark-Lighted
2023-06-14T16:14:00.000,I 285,I 285 and Riverdale Rd,,Sideswipe-Same Direction,2,Rain,Dry,Daylight
2023-06-22T05:50:00.000,I 285,I 285 and Riverdale Rd,,Rear End,6,Rain,Wet,Dark-Not Lighted
2023-10-03T20:48:00.000,I 285,I 285 and Riverdale Rd,,Sideswipe-Same Direction,3,Clear,Dry,Dark-Not Lighted
2023-01-30T18:55:00.000,I 285,I 285 and Riverdale Rd,,Sideswipe-Same Direction,2,Clear,Dry,Dark-Lighted
2023-05-26T14:49:00.000,I 285,I 285 and Riverdale Rd,,Rear End,3,Clear,Dry,Daylight
2023-09-07T11:55:00.000,I 285,I 285 and Riverdale Rd,,Rear End,2,Clear,Dry,Daylight
2024-11-08T16:59:00.000,I 285,I 285 and Riverdale Rd,,Angle Crash,2,Clear,Dry,Daylight
2024-12-12T19:30:00.000,I 285,I 285 and Riverdale Rd,,Sideswipe-Same Direction,2,Clear,Dry,Dark-Lighted
2024-05-17T13:45:00.000,I 285,I 285 and Riverdale Rd,,Sideswipe-Same Direction,2,Rain,Dry,Daylight
2024-01-17T03:30:00.000,I 285,I 285 and Riverdale Rd,,Angle Crash,2,Clear,Dry,Dark-Lighted
2024-05-28T16:45:00.000,I 285,I 285 and Riverdale Rd,,Angle Crash,2,Clear,Dry,Daylight
2024-11-20T11:35:00.000,I 285,I 285 and Riverdale Rd,,Angle Crash,3,Clear,Dry,Daylight
2024-01-24T07:50:00.000,I 285,I 285 and Riverdale Rd,,Rear End,3,Rain,Wet,Daylight
2024-09-01T15:49:00.000,I 285,I 285 and Riverdale Rd,,Sideswipe-Same Direction,2,Clear,Dry,Daylight
2024-02-21T00:00:00.000,I 285,I 285 and Riverdale Rd,,Sideswipe-Same Direction,2,Clear,Dry,Dawn
2024-04-27T20:01:00.000,I 285,I 285 and Riverdale Rd,,Rear End,2,Cloudy,Dry,Daylight
2024-11-14T14:30:00.000,I 285,I 285 and Riverdale Rd,,Angle Crash,2,Clear,Dry,Daylight
2024-06-11T15:47:00.000,I 285,I 285 and Riverdale Rd,,Sideswipe-Same Direction,2,Clear,Dry,Daylight
2024-08-14T08:25:00.000,I 285,I 285 and Riverdale Rd,,Rear End,2,Cloudy,Dry,Daylight
2024-11-12T17:20:00.000,I 285,I 285 and Riverdale Rd,,Sideswipe-Same Direction,2,Clear,Dry,Dark-Lighted
2024-11-14T09:45:00.000,I 285,I 285 and Riverdale Rd,,Rear End,3,Rain,Wet,Daylight
2024-01-23T17:06:00.000,I 285,I 285 and Riverdale Rd,,Sideswipe-Same Direction,2,Cloudy,Dry,Daylight
2024-06-29T09:50:00.000,I 285,I 285 and Riverdale Rd,,Sideswipe-Same Direction,2,Cloudy,Dry,Daylight
2024-10-08T17:30:00.000,I 285,I 285 and Riverdale Rd,,Sideswipe-Same Direction,2,Clear,Dry,Daylight
2024-08-14T17:11:00.000,I 285,I 285 and Riverdale Rd,,Rear End,3,Clear,Dry,Daylight
2024-09-08T15:49:00.000,I 285,I 285 and Riverdale Rd,,Rear End,2,Clear,Dry,Daylight
2024-08-07T14:57:00.000,I 285,I 285 and Riverdale Rd,,Rear End,2,Clear,Dry,Daylight
2024-04-04T21:06:00.000,I 285,I 285 and Riverdale Rd,,Rear End,2,Clear,Dry,Dark-Lighted
2024-07-22T15:48:00.000,I 285,I 285 and Riverdale Rd,,Rear End,3,Clear,Dry,Daylight
2024-12-25T19:01:00.000,I 285,I 285 and Riverdale Rd,,Angle Crash,2,Clear,Dry,Dark-Lighted
2024-09-25T19:12:00.000,I 285,I 285 and Riverdale Rd,,Angle Crash,2,Rain,Wet,Daylight
2024-04-16T05:54:00.000,I 285,I 285 and Riverdale Rd,,Rear End,3,Clear,Dry,Daylight
2024-09-01T15:09:00.000,I 285,I 285 and Riverdale Rd,,Sideswipe-Same Direction,2,Clear,Dry,Daylight
2024-06-19T14:53:00.000,I 285,I 285 and Riverdale Rd,,Rear End,2,Clear,Dry,Daylight
2024-12-04T08:59:00.000,I 285,I 285 and Riverdale Rd,,Sideswipe-Same Direction,2,Clear,Dry,Daylight
2024-11-14T07:55:00.000,I 285,I 285 and Riverdale Rd,,Angle Crash,3,Rain,Wet,Daylight
2024-12-21T15:36:00.000,I 285,I 285 and Riverdale Rd,,Rear End,2,Clear,Dry,Daylight
2024-10-23T09:35:00.000,I 285,I 285 and Riverdale Rd,,Sideswipe-Same Direction,2,Clear,Dry,Daylight
2024-12-05T17:37:00.000,I 285,I 285 and Riverdale Rd,,Rear End,2,Clear,Dry,Daylight
2024-10-09T12:14:00.000,I 285,I 285 and Riverdale Rd,,Rear End,3,Clear,Dry,Daylight
2024-04-23T07:45:00.000,I 285,I 285 and Riverdale Rd,,Rear End,2,Clear,Dry,Daylight
2024-03-12T16:50:00.000,I 285,I 285 and Riverdale Rd,,Sideswipe-Same Direction,2,Clear,Dry,Daylight
2024-11-13T17:20:00.000,I 285,I 285 and Riverdale Rd,,Rear End,2,Clear,Dry,Dark-Lighted
2024-09-23T20:00:00.000,I 285,I 285 and Riverdale Rd,,Angle Crash,2,Clear,Dry,Dark-Lighted
2024-06-15T14:43:00.000,I 285,I 285 and Riverdale Rd,,Angle Crash,2,Clear,Dry,Daylight
2023-09-21T17:38:00.000,I 285,I 285 and Riverdale Rd,,Rear End,2,Clear,Dry,Daylight
2023-01-20T14:15:00.000,I 285,I 285 and Riverdale Rd,,Sideswipe-Same Direction,2,Clear,Dry,Daylight
2023-07-06T03:17:00.000,I 285,I 285 and Riverdale Rd,,Rear End,2,Clear,Dry,Dark-Not Lighted
2023-08-11T15:45:00.000,I 285,I 285 and Riverdale Rd,,Rear End,2,Clear,Dry,Daylight
2023-11-21T06:05:00.000,I 285,I 285 and Riverdale Rd,,Sideswipe-Same Direction,2,Rain,Wet,Dark-Lighted
2024-08-13T00:00:00.000,I 285,I 285 and Riverdale Rd,,Sideswipe-Same Direction,2,Clear,Dry,Daylight
2024-09-02T02:59:00.000,I 285,I 285 and Riverdale Rd,,Rear End,2,Clear,Dry,Dark-Not Lighted
2024-07-30T17:00:00.000,I 285,I 285 and Riverdale Rd,,Rear End,2,Clear,Dry,Daylight
2024-10-10T14:38:00.000,I 285,I 285 and Riverdale Rd,,Sideswipe-Same Direction,2,Clear,Dry,Daylight
2024-08-31T20:10:00.000,I 285,I 285 and Riverdale Rd,,Sideswipe-Same Direction,2,Clear,Dry,Dark-Lighted
2024-02-28T17:00:00.000,I 285,I 285 and Riverdale Rd,,Rear End,2,Rain,Wet,Daylight
2024-10-09T07:40:00.000,I 285,I 285 and Riverdale Rd,,Rear End,2,Clear,Dry,Daylight
2023-05-27T11:46:00.000,I 285,I 285 and Riverdale Rd,,Rear End,2,Clear,Dry,Daylight
2023-08-01T11:15:00.000,I 285,I 285 and Riverdale Rd,,Sideswipe-Same Direction,2,Clear,Dry,Daylight
2023-09-14T16:00:00.000,I 285,I 285 and Riverdale Rd,,Rear End,2,Clear,Dry,Daylight
2023-12-02T17:45:00.000,I 285,I 285 and Riverdale Rd,,Rear End,2,Clear,Dry,Dark-Not Lighted
2023-08-13T23:23:00.000,I 285,I 285 and Riverdale Rd,,Sideswipe-Opposite Direction,2,Clear,Dry,Dark-Lighted
2023-08-02T19:00:00.000,I 285,I 285 and Riverdale Rd,,Rear End,2,Cloudy,Dry,Daylight
2023-02-17T09:13:00.000,I 285,I 285 and Riverdale Rd,,Angle Crash,2,Rain,Wet,Daylight
2023-09-01T17:25:00.000,I 285,I 285 and Riverdale Rd,,Rear End,2,Clear,Dry,Daylight
2023-06-22T06:30:00.000,I 285,I 285 and Riverdale Rd,,Rear End,3,Rain,Wet,Daylight
2023-02-02T16:30:00.000,I 285,I 285 and Riverdale Rd,,Sideswipe-Same Direction,2,Rain,Wet,Daylight
2023-01-11T09:53:00.000,I 285,I 285 and Riverdale Rd,,Sideswipe-Same Direction,2,Clear,Dry,Daylight
2023-11-08T09:45:00.000,I 285,I 285 and Riverdale Rd,,Angle Crash,2,Clear,Dry,Daylight
2023-11-15T13:15:00.000,I 285,I 285 and Riverdale Rd,,Sideswipe-Same Direction,2,Cloudy,Dry,Daylight
2023-11-30T15:20:00.000,I 285,I 285 and Riverdale Rd,,Not a Collision with Motor Vehicle,1,Clear,Dry,Daylight
2023-06-14T09:51:00.000,I 285,I 285 and Riverdale Rd,,Rear End,3,Cloudy,Wet,Daylight
2023-02-01T20:21:00.000,I 285,I 285 and Riverdale Rd,,Sideswipe-Same Direction,2,Clear,Dry,Dark-Not Lighted
2023-05-14T05:28:00.000,I 285,I 285 and Riverdale Rd,,Sideswipe-Same Direction,2,Clear,Dry,Dark-Not Lighted
2023-08-07T15:55:00.000,I 285,I 285 and Riverdale Rd,,Rear End,2,Clear,Dry,Daylight
2023-11-28T11:30:00.000,I 285,I 285 and Riverdale Rd,,Rear End,2,Clear,Dry,Daylight
2023-07-01T23:54:00.000,I 285,I 285 and Riverdale Rd,,Sideswipe-Same Direction,2,Clear,Dry,Dark-Not Lighted
2023-06-25T20:00:00.000,I 285,I 285 and Riverdale Rd,,Sideswipe-Same Direction,2,Clear,Dry,Daylight
2023-06-11T10:16:00.000,I 285,I 285 and Riverdale Rd,,Not a Collision with Motor Vehicle,1,Rain,Wet,Dark-Not Lighted
2023-02-07T08:25:00.000,I 285,I 285 and Riverdale Rd,,Sideswipe-Same Direction,2,Clear,Dry,Daylight
2023-06-03T09:30:00.000,I 285,I 285 and Riverdale Rd,,Sideswipe-Same Direction,2,Clear,Dry,Daylight
2023-12-15T15:20:00.000,I 285,I 285 and Riverdale Rd,,Sideswipe-Same Direction,2,Clear,Dry,Daylight
2023-05-26T17:59:00.000,I 285,I 285 and Riverdale Rd,,Rear End,2,Clear,Dry,Daylight
2023-09-19T17:17:00.000,I 285,I 285 and Riverdale Rd,,Rear End,2,Cloudy,Dry,Daylight
2023-08-07T14:04:00.000,I 285,I 285 and Riverdale Rd,,Not a Collision with Motor Vehicle,1,Clear,Dry,Daylight
2023-11-21T21:27:00.000,I 285,I 285 and Riverdale Rd,,Rear End,3,Clear,Dry,Dark-Lighted
2023-08-30T21:12:00.000,I 285,I 285 and Riverdale Rd,,Not a Collision with Motor Vehicle,1,Severe Thunderstorm or Tornadic,Water (standing or moving),Dark-Not Lighted
2023-10-07T20:53:00.000,I 285,I 285 and Riverdale Rd,,Rear End,2,Clear,Dry,Dark-Lighted
2023-05-21T01:20:00.000,I 285,I 285 and Riverdale Rd,,Rear End,2,Cloudy,Wet,Dark-Not Lighted
2023-10-08T11:12:00.000,I 285,I 285 and Riverdale Rd,,Sideswipe-Same Direction,2,Clear,Dry,Daylight
2023-08-25T19:04:00.000,I 285,I 285 and Riverdale Rd,,Rear End,2,Clear,Dry,Daylight
2023-01-26T11:00:00.000,I 285,I 285 and Riverdale Rd,,Sideswipe-Opposite Direction,2,Clear,Dry,Daylight
2023-07-10T10:00:00.000,I 285,I 285 and Riverdale Rd,,Angle Crash,3,Clear,Wet,Daylight
2023-06-19T02:22:00.000,I 285,I 285 and Riverdale Rd,,Rear End,2,Clear,Dry,Dark-Not Lighted
2023-09-26T15:20:00.000,I 285,I 285 and Riverdale Rd,,Angle Crash,2,Cloudy,Dry,Daylight
2024-10-23T12:00:00.000,I 285,I 285 and Riverdale Rd,,Rear End,3,Clear,Dry,Daylight
2024-02-12T12:23:00.000,I 285,I 285 and Riverdale Rd,,Sideswipe-Same Direction,3,Rain,Wet,Daylight
2024-06-12T13:00:00.000,I 285,I 285 and Riverdale Rd,,Sideswipe-Same Direction,2,Cloudy,Dry,Daylight
2024-05-15T08:00:00.000,I 285,I 285 and Riverdale Rd,,Sideswipe-Same Direction,2,Cloudy,Dry,Daylight
2024-03-25T18:40:00.000,I 285,I 285 and Riverdale Rd,,Rear End,2,Clear,Dry,Daylight
2024-10-09T09:10:00.000,I 285,I 285 and Riverdale Rd,,Rear End,2,Clear,Dry,Daylight
2024-11-04T15:08:00.000,I 285,I 285 and Riverdale Rd,,Angle Crash,2,Clear,Dry,Daylight
2024-05-09T10:45:00.000,I 285,I 285 and Riverdale Rd,,Angle Crash,2,Cloudy,Dry,Daylight
2024-01-26T00:36:00.000,I 285,I 285 and Riverdale Rd,,Head On,2,Cloudy,Dry,Dark-Lighted
2024-05-02T09:20:00.000,I 285,I 285 and Riverdale Rd,,Sideswipe-Same Direction,2,Clear,Dry,Daylight
2024-10-18T15:58:00.000,I 285,I 285 and Riverdale Rd,,Angle Crash,2,Clear,Dry,Daylight
2024-08-12T16:10:00.000,I 285,I 285 and Riverdale Rd,,Rear End,3,Clear,Ice/Frost,Daylight
2024-10-08T07:55:00.000,I 285,I 285 and Riverdale Rd,,Sideswipe-Same Direction,2,Clear,Dry,Daylight