Date and Time,Roadway (From Crash Report),Intersection Name (from Crash Report),KABCO Severity,Manner of Collision (Crash Level) ,# of Vehicles per crash ,Weather Conditions (Crash Level),Surface Condition (Crash Level) ,Light Conditions (Crash Level)
2024-08-07T00:30:00.000,I 285,I 285 and Riverdale Rd,,Rear End,2,Clear,Dry,Dark-Not Lighted
2024-07-17T09:25:00.000,I 285,I 285 and Riverdale Rd,,Sideswipe-Same Direction,2,Clear,Dry,Daylight
2024-12-17T20:19:00.000,I 285,I 285 and Riverdale Rd,,Sideswipe-Same Direction,2,Clear,Dry,Dark-Lighted
2024-10-16T17:02:00.000,I 285,I 285 and Riverdale Rd,,Sideswipe-Same Direction,2,Clear,Dry,Daylight
2024-04-25T14:30:00.000,I 285,I 285 and Riverdale Rd,,Angle Crash,2,Cloudy,Dry,Daylight
2024-03-02T05:34:00.000,I 285,I 285 and Riverdale Rd,,Rear End,2,Fog,Wet,Dark-Not Lighted
2024-08-01T16:36:00.000,I 285,I 285 and Riverdale Rd,,Rear End,2,Cloudy,Dry,Daylight
2024-02-03T22:31:00.000,I 285,I 285 and Riverdale Rd,,Not a Collision with Motor Vehicle,1,Clear,Dry,Dark-Lighted
2024-01-02T00:00:00.000,I 285,I 285 and Riverdale Rd,,Sideswipe-Same Direction,3,Clear,Dry,Dark-Lighted
2024-10-23T13:30:00.000,I 285,I 285 and Riverdale Rd,,Rear End,2,Clear,Dry,Daylight
2024-11-26T15:13:00.000,I 285,I 285 and Riverdale Rd,,Rear End,2,Clear,Dry,Daylight
2024-06-14T15:13:00.000,I 285,I 285 and Riverdale Rd,,Sideswipe-Same Direction,2,Clear,Dry,Daylight
2024-06-21T09:20:00.000,I 285,I 285 and Riverdale Rd,,Rear End,2,Clear,Dry,Daylight
2024-07-23T18:21:00.000,I 285,I 285 and Riverdale Rd,,Angle Crash,2,Rain,Wet,Daylight
2024-12-20T19:08:00.000,I 285,I 285 and Riverdale Rd,,Head On,3,Clear,Dry,Dark-Not Lighted
2024-07-09T14:59:00.000,I 285,I 285 and Riverdale Rd,,Rear End,2,Clear,Dry,Daylight
2024-11-21T06:01:00.000,I 285,I 285 and Riverdale Rd,,Rear End,4,Clear,Dry,Dark-Lighted
2024-11-23T19:39:00.000,I 285,I 285 and Riverdale Rd,,Head On,3,Clear,Dry,Dark-Lighted
2024-06-22T03:30:00.000,I 285,I 285 and Riverdale Rd,,Sideswipe-Same Direction,2,Clear,Dry,Dark-Lighted
2024-05-15T17:44:00.000,I 285,I 285 and Riverdale Rd,,Sideswipe-Same Direction,2,Clear,Dry,Daylight
2024-07-26T14:46:00.000,I 285,I 285 and Riverdale Rd,,Rear End,2,Clear,Dry,Daylight
2024-04-10T08:35:00.000,I 285,I 285 and Riverdale Rd,,Rear End,2,Cloudy,Dry,Daylight
2024-08-30T14:20:00.000,I 285,I 285 and Riverdale Rd,,Rear End,2,Clear,Dry,Daylight
2024-05-15T06:43:00.000,I 285,I 285 and Riverdale Rd,,Angle Crash,2,Clear,Dry,Dawn
2024-06-29T17:38:00.000,I 285,I 285 and Riverdale Rd,,Head On,2,Rain,Wet,Daylight
2024-05-17T10:29:00.000,I 285,I 285 and Riverdale Rd,,Angle Crash,2,Clear,Dry,Daylight
2024-12-18T16:39:00.000,I 285,I 285 and Riverdale Rd,,Rear End,2,Clear,Dry,Daylight
2024-11-14T04:32:00.000,I 285,I 285 and Riverdale Rd,,Rear End,3,Rain,Wet,Dark-Not Lighted
2024-11-14T09:45:00.000,I 285,I 285 and Riverdale Rd,,Rear End,2,Rain,Wet,Daylight
2024-04-18T21:00:00.000,I 285,I 285 and Riverdale Rd,,Angle Crash,2,Clear,Dry,Dark-Not Lighted
2024-02-27T18:58:00.000,I 285,I 285 and Riverdale Rd,,Angle Crash,2,Clear,Dry,Dark-Lighted
2024-10-24T07:35:00.000,I 285,I 285 and Riverdale Rd,,Rear End,2,Clear,Dry,Daylight
2024-01-12T21:17:00.000,I 285,I 285 and Riverdale Rd,,Sideswipe-Same Direction,2,Clear,Wet,Dark-Not Lighted
2024-01-25T11:20:00.000,I 285,I 285 and Riverdale Rd,,Rear End,2,Rain,Wet,Daylight
2024-03-20T08:20:00.000,I 285,I 285 and Riverdale Rd,,Rear End,4,Clear,Dry,Daylight
2024-01-11T03:20:00.000,I 285,I 285 and Riverdale Rd,,Sideswipe-Same Direction,2,Clear,Dry,Dark-Lighted
2024-10-17T16:30:00.000,I 285,I 285 and Riverdale Rd,,Rear End,3,Clear,Dry,Daylight
2024-05-25T18:31:00.000,I 285,I 285 and Riverdale Rd,,Sideswipe-Same Direction,2,Clear,Dry,Daylight
2024-05-24T18:30:00.000,I 285,I 285 and Riverdale Rd,,Sideswipe-Same Direction,2,Clear,Dry,Daylight
2024-05-01T00:50:00.000,I 285,I 285 and Riverdale Rd,,Sideswipe-Opposite Direction,3,Clear,Dry,Dark-Not Lighted
2024-12-12T00:00:00.000,I 285,I 285 and Riverdale Rd,,Sideswipe-Same Direction,2,Clear,Dry,Dark-Not Lighted
2024-05-16T09:49:00.000,I 285,I 285 and Riverdale Rd,,Rear End,2,Clear,Dry,Daylight
2024-05-11T12:10:00.000,I 285,I 285 and Riverdale Rd,,Rear End,2,Clear,Dry,Daylight
2024-04-18T21:46:00.000,I 285,I 285 and Riverdale Rd,,Rear End,2,Clear,Dry,Dark-Not Lighted
2024-03-15T12:20:00.000,I 285,I 285 and Riverdale Rd,,Rear End,3,Rain,Wet,Daylight
2024-05-21T05:30:00.000,I 285,I 285 and Riverdale Rd,,Angle Crash,2,Clear,Dry,Dark-Not Lighted
2024-04-25T18:22:00.000,I 285,I 285 and Riverdale Rd,,Angle Crash,2,Clear,Dry,Daylight
2024-10-17T19:00:00.000,I 285,I 285 and Riverdale Rd,,Angle Crash,2,Clear,Dry,Daylight
2024-08-12T17:42:00.000,I 285,I 285 and Riverdale Rd,,Angle Crash,2,Clear,Dry,Daylight
2024-08-12T12:42:00.000,I 285,I 285 and Riverdale Rd,,Sideswipe-Same Direction,2,Clear,Dry,Daylight
2024-07-02T07:55:00.000,I 285,I 285 and Riverdale Rd,,Sideswipe-Same Direction,2,Cloudy,Dry,Daylight
2024-04-18T15:50:00.000,I 285,I 285 and Riverdale Rd,,Sideswipe-Same Direction,2,Clear,Dry,Daylight
2024-06-25T05:19:00.000,I 285,I 285 and Riverdale Rd,,Sideswipe-Same Direction,2,Clear,Dry,Dark-Not Lighted
2024-11-20T05:10:00.000,I 285,I 285 and Riverdale Rd,,Rear End,2,Rain,Wet,Dawn
2024-04-08T16:30:00.000,I 285,I 285 and Riverdale Rd,,Rear End,2,Clear,Dry,Daylight
2024-01-25T04:46:00.000,I 285,I 285 and Riverdale Rd,,Sideswipe-Same Direction,2,Rain,Wet,Dark-Lighted
2024-06-10T13:20:00.000,I 285,I 285 and Riverdale Rd,,Rear End,2,Clear,Dry,Daylight
2024-02-08T18:00:00.000,I 285,I 285 and Riverdale Rd,,Angle Crash,2,Cloudy,Dry,Dark-Not Lighted
2024-10-11T18:45:00.000,I 285,I 285 and Riverdale Rd,,Not a Collision with Motor Vehicle,2,Clear,Dry,Daylight
2024-12-03T18:48:00.000,I 285,I 285 and Riverdale Rd,,Rear End,2,Clear,Dry,Daylight
2024-02-23T11:55:00.000,I 285,I 285 and Riverdale Rd,,Sideswipe-Same Direction,2,Clear,Dry,Daylight
2024-05-09T17:07:00.000,I 285,I 285 and Riverdale Rd,,Rear End,3,Cloudy,Dry,Daylight
2024-04-22T17:56:00.000,I 285,I 285 and Riverdale Rd,,Sideswipe-Same Direction,2,Clear,Dry,Daylight
2024-12-13T23:06:00.000,I 285,I 285 and Riverdale Rd,,Sideswipe-Same Direction,3,Clear,Dry,Dark-Lighted
2024-04-23T17:14:00.000,I 285,I 285 and Riverdale Rd,,Sideswipe-Same Direction,2,Clear,Dry,Daylight
2024-06-19T15:32:00.000,I 285,I 285 and Riverdale Rd,,Angle Crash,2,Clear,Dry,Daylight
2024-11-06T09:33:00.000,I 285,I 285 and Riverdale Rd,,Angle Crash,2,Cloudy,Dry,Dark-Lighted
2024-12-03T20:01:00.000,I 285,I 285 and Riverdale Rd,,Angle Crash,2,Clear,Dry,Dark-Lighted
2024-04-09T17:53:00.000,I 285,I 285 and Riverdale Rd,,Rear End,2,Cloudy,Dry,Daylight
2024-12-20T07:15:00.000,I 285,I 285 and Riverdale Rd,,Sideswipe-Same Direction,2,Clear,Dry,Daylight
2024-08-08T00:00:00.000,I 285,I 285 and Riverdale Rd,,Rear End,2,Clear,Dry,Daylight
2024-08-02T09:53:00.000,I 285,I 285 and Riverdale Rd,,Not a Collision with Motor Vehicle,1,Clear,Dry,Daylight
2024-08-05T07:27:00.000,I 285,I 285 and Riverdale Rd,,Angle Crash,3,Clear,Dry,Daylight
2024-07-26T10:00:00.000,I 285,I 285 and Riverdale Rd,,Sideswipe-Same Direction,2,Clear,Dry,Daylight
2024-12-03T17:30:00.000,I 285,I 285 and Riverdale Rd,,Angle Crash,2,Clear,Dry,Daylight
2024-03-14T12:45:00.000,I 285,I 285 and Riverdale Rd,,Sideswipe-Same Direction,2,Clear,Dry,Daylight
2024-12-18T16:09:00.000,I 285,I 285 and Riverdale Rd,,Sideswipe-Same Direction,2,Clear,Dry,Daylight
2024-03-28T15:50:00.000,I 285,I 285 and Riverdale Rd,,Angle Crash,2,Clear,Dry,Daylight
2024-07-28T13:40:00.000,I 285,I 285 and Riverdale Rd,,Not a Collision with Motor Vehicle,1,Rain,Wet,Daylight
2024-09-22T00:28:00.000,I 285,I 285 and Riverdale Rd,,Sideswipe-Same Direction,2,Clear,Dry,Daylight
2024-08-13T13:50:00.000,I 285,I 285 and Riverdale Rd,,Sideswipe-Same Direction,2,Clear,Dry,Daylight
2024-07-17T01:40:00.000,I 285,I 285 and Riverdale Rd,,Rear End,2,Clear,Dry,Dark-Not Lighted
2024-12-06T14:59:00.000,I 285,I 285 and Riverdale Rd,,Angle Crash,2,Clear,Dry,Daylight
2024-08-09T15:43:00.000,I 285,I 285 and Riverdale Rd,,Angle Crash,2,Clear,Dry,Daylight
2024-10-25T15:16:00.000,I 285,I 285 and Riverdale Rd,,Sideswipe-Same Direction,2,Clear,Dry,Daylight
2024-01-18T17:18:00.000,I 285,I 285 and Riverdale Rd,,Angle Crash,2,Clear,Dry,Daylight
2024-11-08T19:13:00.000,I 285,I 285 and Riverdale Rd,,Angle Crash,2,Clear,Dry,Daylight
2024-11-16T06:36:00.000,I 285,I 285 and Riverdale Rd,,Not a Collision with Motor Vehicle,1,Clear,Dry,Dark-Not Lighted
2024-04-05T15:37:00.000,I 285,I 285 and Riverdale Rd,,Sideswipe-Same Direction,2,Clear,Dry,Daylight
2024-01-03T10:41:00.000,I 285,I 285 and Riverdale Rd,,Sideswipe-Same Direction,2,Clear,Dry,Daylight
2024-07-31T04:48:00.000,I 285,I 285 and Riverdale Rd,,Sideswipe-Same Direction,2,Clear,Dry,Dark-Lighted
2024-10-18T14:36:00.000,I 285,I 285 and Riverdale Rd,,Sideswipe-Same Direction,2,Clear,Dry,Daylight
2024-09-25T20:34:00.000,I 285,I 285 and Riverdale Rd,,Rear End,2,Rain,Wet,Dark-Not Lighted
2024-10-02T16:30:00.000,I 285,I 285 and Riverdale Rd,,Rear End,2,Clear,Dry,Daylight
2024-05-12T14:37:00.000,I 285,I 285 and Riverdale Rd,,Rear End,2,Clear,Dry,Daylight
2024-04-29T18:53:00.000,I 285,I 285 and Riverdale Rd,,Sideswipe-Same Direction,2,Clear,Dry,Daylight
2024-12-10T00:00:00.000,I 285,I 285 and Riverdale Rd,,Rear End,2,Rain,Wet,Dark-Not Lighted
2024-11-08T12:42:00.000,I 285,I 285 and Riverdale Rd,,Sideswipe-Same Direction,2,Clear,Dry,Daylight
2024-07-02T08:52:00.000,I 285,I 285 and Riverdale Rd,,Angle Crash,2,Clear,Dry,Daylight
2024-09-03T17:13:00.000,I 285,I 285 and Riverdale Rd,,Rear End,2,Clear,Dry,Daylight
2024-01-09T06:15:00.000,I 285,I 285 and Riverdale Rd,,Angle Crash,2,Rain,Wet,Dawn
2024-04-25T13:58:00.000,I 285,I 285 and Riverdale Rd,,Rear End,2,Clear,Dry,Daylight
2024-09-17T10:25:00.000,I 285,I 285 and Riverdale Rd,,Sideswipe-Same Direction,2,Clear,Dry,Daylight
2024-04-10T20:34:00.000,I 285,I 285 and Riverdale Rd,,Sideswipe-Same Direction,2,Clear,Dry,Daylight
2024-05-01T12:24:00.000,I 285,I 285 and Riverdale Rd,,Rear End,3,Clear,Dry,Daylight
2024-03-21T03:35:00.000,I 285,I 285 and Riverdale Rd,,Sideswipe-Same Direction,4,Clear,Dry,Dark-Lighted
2021-11-04T00:00:00.000,I 285,I 285 and Riverdale Rad,,Sideswipe-Same Direction,2,Clear,Dry,Dark-Not Lighted
2021-03-13T14:36:00.000,I 285,I 285 and Riverdale 285 W Rp,,Rear End,2,Clear,Dry,Daylight
2021-10-11T15:00:00.000,I 285,I 285 and Riverdale,,Rear End,2,Clear,Dry,Daylight
2020-08-25T09:37:00.000,I 285,I 285 and Riverdale,,Not a Collision with Motor Vehicle,1,Rain,Wet,Daylight
2020-01-09T11:24:00.000,I 285,I 285 and Riverdale,,Sideswipe-Same Direction,2,Clear,Dry,Daylight
2020-02-28T15:50:00.000,I 285,I 285 and Riverdale,,Rear End,3,Cloudy,Wet,Daylight
2021-01-12T17:30:00.000,I 285,I 285 and Riverdale,,Rear End,2,Clear,Dry,Daylight
2021-06-11T06:46:00.000,I 285,I 285 and Riverdale,,Sideswipe-Same Direction,2,Clear,Dry,Daylight
2021-07-31T13:00:00.000,I 285,I 285 and Riverdale,,Sideswipe-Same Direction,2,Clear,Dry,Daylight
2022-01-28T19:47:00.000,I 285,I 285 and Riverdal Rd,,Sideswipe-Same Direction,2,Clear,Dry,Dark-Not Lighted
2023-10-17T13:15:00.000,I 285,I 285 and River View Road Southeast,,Not a Collision with Motor Vehicle,2,Clear,Dry,Daylight
2021-08-20T18:30:00.000,I 285,I 285 and River View Rd,,Rear End,2,Cloudy,Dry,Daylight
2023-05-04T10:14:00.000,I 285,I 285 and River View Rd,,Rear End,3,Clear,Dry,Daylight
2020-12-18T13:25:00.000,I 285,I 285 and River View Rd,,Not a Collision with Motor Vehicle,1,Cloudy,Dry,Daylight
2021-09-04T04:40:00.000,I 285,I 285 and River View Rd,,Angle Crash,3,Clear,Dry,Dark-Lighted
2022-01-01T03:39:00.000,I 285,I 285 and River View Rd,,Angle Crash,2,Cloudy,Wet,Dark-Lighted
2022-06-17T18:18:00.000,I 285,I 285 and River View Rd,,Rear End,2,Cloudy,Dry,Daylight
2022-01-01T03:39:00.000,I 285,I 285 and River View Rd,,Angle Crash,2,Cloudy,Wet,Dark-Lighted
2022-03-15T17:00:00.000,I 285,I 285 and River View Rd,,Sideswipe-Same Direction,2,Cloudy,Wet,Daylight
2022-06-09T22:16:00.000,I 285,I 285 and River View Rd,,Angle Crash,2,Clear,Dry,Dark-Not Lighted
2024-05-23T13:30:00.000,I 285,I 285 and River View Rd,,Sideswipe-Same Direction,2,Clear,Dry,Daylight
2023-02-22T18:08:00.000,I 285,I 285 and River View Rd,,Not a Collision with Motor Vehicle,1,Clear,Dry,Dusk
2024-06-20T17:26:00.000,I 285,I 285 and River View Rd,,Rear End,2,Cloudy,Dry,Daylight
2024-11-17T18:27:00.000,I 285,I 285 and River View Rd,,Not a Collision with Motor Vehicle,1,Clear,Dry,Dark-Not Lighted
2024-05-11T00:00:00.000,I 285,I 285 and River View Rd,,Angle Crash,1,Clear,Dry,Dark-Not Lighted
2024-06-19T17:26:00.000,I 285,I 285 and River View Rd,,Rear End,2,Clear,Dry,Daylight
2024-06-19T17:26:00.000,I 285,I 285 and River View Rd,,Rear End,2,Cloudy,Dry,Daylight
2024-03-16T04:26:00.000,I 285,I 285 and River View Rd,,Rear End,2,Clear,Dry,Dark-Not Lighted
2024-03-09T14:31:00.000,I 285,I 285 and River View Rd,,Rear End,2,Cloudy,Dry,Daylight
2024-09-12T16:23:00.000,I 285,I 285 and River View Rd,,Sideswipe-Same Direction,2,Cloudy,Dry,Daylight
2021-09-20T14:35:00.000,I 285,I 285 and River Ln,,Rear End,2,Rain,Wet,Daylight
2022-04-22T13:55:00.000,I 285,I 285 and River Brg,,Rear End,2,Clear,Dry,Daylight
2020-07-09T18:34:00.000,I 285,I 285 and Rivedale Rd Rp,,Not a Collision with Motor Vehicle,1,Rain,Wet,Daylight
2021-09-16T09:14:00.000,I 285,I 285 and Renee Dr,,Rear End,2,Rain,Wet,Daylight
2021-10-10T15:00:00.000,I 285,I 285 and Renee Dr,,Sideswipe-Same Direction,2,Clear,Dry,Daylight
2023-06-16T22:01:00.000,I 285,I 285 and Renee Dr,,Sideswipe-Same Direction,2,Clear,Dry,Dark-Lighted
2023-09-01T14:40:00.000,I 285,I 285 and Renee Dr,,Rear End,2,Clear,Dry,Daylight
2023-03-03T19:05:00.000,I 285,I 285 and Renee Dr,,Rear End,3,Clear,Wet,Dark-Not Lighted
2023-11-29T16:00:00.000,I 285,I 285 and Renee Dr,,Rear End,2,Clear,Dry,Daylight
2021-02-12T13:00:00.000,I 285,I 285 and Renee Dr,,Sideswipe-Same Direction,2,Cloudy,Dry,Daylight
2022-06-14T22:50:00.000,I 285,I 285 and Renee Dr,,Sideswipe-Same Direction,2,Clear,Dry,Dark-Not Lighted
2022-06-28T11:53:00.000,I 285,I 285 and Renee Dr,,Sideswipe-Same Direction,2,Clear,Dry,Daylight
2022-07-08T14:30:00.000,I 285,I 285 and Renee Dr,,Angle Crash,2,Clear,Dry,Daylight
2024-02-17T15:30:00.000,I 285,I 285 and Renee Dr,,Not a Collision with Motor Vehicle,2,Clear,Dry,Daylight
2023-09-20T21:45:00.000,I 285,I 285 and Renee Dr,,Sideswipe-Same Direction,2,Clear,Dry,Dark-Not Lighted
2023-03-10T16:05:00.000,I 285,I 285 and Renee Dr,,Angle Crash,2,Clear,Dry,Daylight
2023-03-08T20:00:00.000,I 285,I 285 and Renee Dr,,Angle Crash,3,Clear,Dry,Dark-Not Lighted
2021-06-12T17:23:00.000,I 285,I 285 and Redwing Cir,,Rear End,2,Cloudy,Dry,Daylight
2022-09-16T22:55:00.000,I 285,I 285 and Redwing Cir,,Sideswipe-Same Direction,2,Clear,Dry,Dark-Lighted
2022-11-07T14:00:00.000,I 285,I 285 and Redwing Cir,,Sideswipe-Same Direction,2,Clear,Dry,Daylight
2024-05-08T08:35:00.000,I 285,I 285 and Redwing Cir,,Sideswipe-Same Direction,2,Clear,Dry,Daylight
2022-08-25T05:45:00.000,I 285,I 285 and Redwine Road Opas,,Not a Collision with Motor Vehicle,1,Rain,Wet,Dark-Not Lighted
2022-06-10T16:15:00.000,I 285,I 285 and Redwine Road Opas,,Rear End,4,Cloudy,Dry,Daylight
2022-09-20T07:47:00.000,I 285,I 285 and Redwine Road Opas,,Rear End,2,Clear,Dry,Daylight
2024-03-14T18:27:00.000,I 285,I 285 and Redwine Rd Opas,,Rear End,2,Clear,Dry,Daylight
2021-02-15T21:55:00.000,I 285,I 285 and Redwine Rd,,Not a Collision with Motor Vehicle,1,Clear,Wet,Dark-Not Lighted
2021-01-02T16:30:00.000,I 285,I 285 and Redwine Rd,,Rear End,5,Clear,Dry,Daylight
2020-06-24T16:52:00.000,I 285,I 285 and Redwine Rd,,Sideswipe-Same Direction,2,Cloudy,Dry,Daylight
2020-01-15T17:14:00.000,I 285,I 285 and Redwine Rd,,Not a Collision with Motor Vehicle,1,Rain,Wet,Daylight
2023-02-01T16:14:00.000,I 285,I 285 and Redwine Rd,,Rear End,3,Clear,Dry,Daylight
2023-03-09T19:21:00.000,I 285,I 285 and Redwine Rd,,Rear End,2,Rain,Wet,Dark-Lighted
2023-08-29T19:26:00.000,I 285,I 285 and Redwine Rd,,Rear End,2,Rain,Wet,Daylight
2023-06-13T06:35:00.000,I 285,I 285 and Redwine Rd,,Not a Collision with Motor Vehicle,2,Cloudy,Dry,Daylight
2020-05-13T17:52:00.000,I 285,I 285 and Redwine Rd,,Sideswipe-Same Direction,2,Clear,Dry,Daylight
2020-06-27T16:54:00.000,I 285,I 285 and Redwine Rd,,Angle Crash,3,Rain,Wet,Daylight
2020-02-20T08:12:00.000,I 285,I 285 and Redwine Rd,,Rear End,2,Rain,Wet,Daylight
2020-07-10T16:09:00.000,I 285,I 285 and Redwine Rd,,Rear End,2,Clear,Dry,Daylight
2020-05-09T17:00:00.000,I 285,I 285 and Redwine Rd,,Not a Collision with Motor Vehicle,1,Clear,Dry,Daylight
2021-02-10T17:05:00.000,I 285,I 285 and Redwine Rd,,Rear End,2,Clear,Dry,Daylight
2022-10-23T17:56:00.000,I 285,I 285 and Redwine Rd,,Sideswipe-Same Direction,2,Cloudy,Dry,Daylight
2022-12-07T15:56:00.000,I 285,I 285 and Redwine Rd,,Sideswipe-Same Direction,2,Cloudy,Dry,Daylight
2022-06-06T09:20:00.000,I 285,I 285 and Redwine Rd,,Rear End,2,Cloudy,Dry,Daylight
2022-05-13T05:51:00.000,I 285,I 285 and Redwine Rd,,Rear End,2,Clear,Dry,Daylight
2022-10-23T14:54:00.000,I 285,I 285 and Redwine Rd,,Rear End,2,Clear,Dry,Daylight
2022-02-24T17:46:00.000,I 285,I 285 and Redwine Rd,,Rear End,2,Clear,Dry,Daylight
2022-08-07T13:37:00.000,I 285,I 285 and Redwine Rd,,Rear End,2,Cloudy,Dry,Daylight
2022-10-18T09:37:00.000,I 285,I 285 and Redwine Rd,,Rear End,2,Clear,Dry,Daylight
2022-11-03T14:10:00.000,I 285,I 285 and Redwine Rd,,Rear End,2,Clear,Dry,Daylight
2022-04-21T14:30:00.000,I 285,I 285 and Redwine Rd,,Sideswipe-Same Direction,2,Cloudy,Dry,Daylight
2022-08-27T09:26:00.000,I 285,I 285 and Redwine Rd,,Sideswipe-Same Direction,2,Clear,Dry,Daylight
2022-08-17T14:38:00.000,I 285,I 285 and Redwine Rd,,Sideswipe-Same Direction,3,Clear,Dry,Daylight
2022-09-09T16:18:00.000,I 285,I 285 and Redwine Rd,,Rear End,2,Cloudy,Dry,Daylight
2022-04-23T14:20:00.000,I 285,I 285 and Redwine Rd,,Not a Collision with Motor Vehicle,2,Cloudy,Dry,Daylight
2022-09-27T11:15:00.000,I 285,I 285 and Redwine Rd,,Rear End,2,Clear,Dry,Daylight
2024-07-31T18:25:00.000,I 285,I 285 and Redwine Rd,,Rear End,2,Clear,Dry,Daylight
2024-10-20T04:28:00.000,I 285,I 285 and Redwine Rd,,Sideswipe-Same Direction,2,Clear,Dry,Daylight
2024-05-22T16:15:00.000,I 285,I 285 and Redwine Rd,,Rear End,2,Clear,Dry,Daylight
2024-06-21T17:18:00.000,I 285,I 285 and Redwine Rd,,Rear End,3,Clear,Dry,Daylight
2024-11-20T04:39:00.000,I 285,I 285 and Redwine Rd,,Sideswipe-Same Direction,2,Rain,Wet,Dark-Not Lighted
2024-02-07T17:05:00.000,I 285,I 285 and Redwine Rd,,Rear End,2,Clear,Dry,Daylight
2023-12-28T19:42:00.000,I 285,I 285 and Redwine Rd,,Rear End,2,Clear,Dry,Dark-Not Lighted
2023-12-06T18:57:00.000,I 285,I 285 and Redwine Rd,,Sideswipe-Same Direction,2,Clear,Dry,Dark-Not Lighted
2023-09-16T08:14:00.000,I 285,I 285 and Redwine Rd,,Rear End,2,Cloudy,Dry,Daylight
2023-10-27T13:43:00.000,I 285,I 285 and Redwine Rd,,Rear End,2,Cloudy,Dry,Daylight
2023-07-13T15:05:00.000,I 285,I 285 and Redwine Rd,,Sideswipe-Same Direction,3,Cloudy,Dry,Daylight
2023-05-26T15:27:00.000,I 285,I 285 and Redwine Rd,,Sideswipe-Same Direction,2,Clear,Dry,Daylight
2023-11-04T06:54:00.000,I 285,I 285 and Redwine Rd,,Sideswipe-Same Direction,2,Clear,Dry,Dark-Lighted
2023-04-01T18:15:00.000,I 285,I 285 and Redwine Rd,,Rear End,2,Clear,Dry,Daylight
2024-07-26T22:36:00.000,I 285,I 285 and Redwine Rd,,Angle Crash,2,Clear,Dry,Dark-Not Lighted
2024-11-12T15:05:00.000,I 285,I 285 and Redwine Rd,,Rear End,2,Clear,Dry,Daylight
2024-03-29T12:41:00.000,I 285,I 285 and Redwine Rd,,Sideswipe-Same Direction,2,Clear,Dry,Daylight
2024-08-23T22:44:00.000,I 285,I 285 and Redwine Rd,,Rear End,2,Clear,Dry,Dark-Lighted
2024-12-14T14:40:00.000,I 285,I 285 and Redwine Rd,,Rear End,3,Clear,Dry,Daylight
2024-05-11T16:30:00.000,I 285,I 285 and Redwine Rd,,Rear End,3,Clear,Dry,Daylight
2024-12-09T13:01:00.000,I 285,I 285 and Redwine Rd,,Sideswipe-Same Direction,2,Clear,Dry,Daylight
2024-09-10T18:08:00.000,I 285,I 285 and Redwine Rd,,Rear End,3,Clear,Dry,Daylight
2024-04-30T19:20:00.000,I 285,I 285 and Redwine Rd,,Angle Crash,2,Cloudy,Wet,Daylight
2024-10-21T08:30:00.000,I 285,I 285 and Redwine Rd,,Rear End,2,Clear,Dry,Daylight
2024-11-02T00:35:00.000,I 285,I 285 and Redwine Rd,,Rear End,2,Clear,Dry,Dark-Lighted
2021-06-14T12:30:00.000,I 285,I 285 and Redan Rd,,Rear End,2,Clear,Dry,Daylight
2021-07-27T18:06:00.000,I 285,I 285 and Redan Rd,,Angle Crash,2,Rain,Wet,Dusk
2023-06-06T15:30:00.000,I 285,I 285 and Redan Rd,,Angle Crash,2,Clear,Dry,Daylight
2023-10-30T08:30:00.000,I 285,I 285 and Redan Rd,,Rear End,2,Clear,Dry,Daylight
2023-06-06T14:45:00.000,I 285,I 285 and Redan Rd,,Not a Collision with Motor Vehicle,1,Clear,Dry,Daylight
2023-10-24T14:29:00.000,I 285,I 285 and Redan Rd,,Sideswipe-Same Direction,2,Clear,Dry,Daylight
2024-11-18T15:15:00.000,I 285,I 285 and Redan Rd,,Sideswipe-Same Direction,2,Clear,Dry,Daylight
2020-11-19T14:12:00.000,I 285,I 285 and Redan Rd,,Rear End,2,Clear,Dry,Daylight
2021-11-24T08:00:00.000,I 285,I 285 and Redan Rd,,Rear End,2,Clear,Dry,Daylight
2021-08-26T07:45:00.000,I 285,I 285 and Redan Rd,,Angle Crash,2,Clear,Wet,Dawn
2021-08-19T00:00:00.000,I 285,I 285 and Redan Rd,,Rear End,2,Clear,Dry,Daylight
2021-09-24T11:15:00.000,I 285,I 285 and Redan Rd,,Rear End,2,Clear,Dry,Daylight
2022-10-07T18:07:00.000,I 285,I 285 and Redan Rd,,Rear End,2,Clear,Dry,Daylight
2022-06-13T05:00:00.000,I 285,I 285 and Redan Rd,,Rear End,3,Clear,Dry,Dark-Lighted
2022-10-21T14:43:00.000,I 285,I 285 and Redan Rd,,Angle Crash,3,Clear,Dry,Daylight
2022-01-19T08:29:00.000,I 285,I 285 and Redan Rd,,Sideswipe-Same Direction,2,Clear,Dry,Daylight
2022-04-19T07:22:00.000,I 285,I 285 and Redan Rd,,Rear End,3,Clear,Dry,Daylight
2023-08-30T20:40:00.000,I 285,I 285 and Redan Rd,,Sideswipe-Same Direction,2,Rain,Wet,Dark-Not Lighted