Date and Time,Roadway (From Crash Report),Intersection Name (from Crash Report),KABCO Severity,Manner of Collision (Crash Level) ,# of Vehicles per crash ,Weather Conditions (Crash Level),Surface Condition (Crash Level) ,Light Conditions (Crash Level)
2023-11-07T08:25:00.000,I 285,I 285 and Ramp From Atlanta Rd,,Sideswipe-Same Direction,2,Clear,Dry,Daylight
2024-02-27T17:00:00.000,I 285,I 285 and Rainbow Drive Opas,,Sideswipe-Same Direction,2,Clear,Dry,Daylight
2021-10-13T08:21:00.000,I 285,I 285 and Rainbow Dr,,Rear End,4,Clear,Dry,Daylight
2021-02-19T13:10:00.000,I 285,I 285 and Rainbow Dr,,Rear End,3,Clear,Dry,Daylight
2021-05-08T15:23:00.000,I 285,I 285 and Rainbow Dr,,Rear End,2,Clear,Dry,Daylight
2021-08-28T11:38:00.000,I 285,I 285 and Rainbow Dr,,Sideswipe-Same Direction,2,Clear,Dry,Daylight
2020-06-28T17:00:00.000,I 285,I 285 and Rainbow Dr,,Not a Collision with Motor Vehicle,2,Clear,Dry,Daylight
2023-03-19T11:48:00.000,I 285,I 285 and Rainbow Dr,,Rear End,2,Clear,Dry,Daylight
2023-05-23T08:37:00.000,I 285,I 285 and Rainbow Dr,,Angle Crash,2,Cloudy,Wet,Daylight
2020-02-18T00:00:00.000,I 285,I 285 and Rainbow Dr,,Not a Collision with Motor Vehicle,1,Rain,Water (standing or moving),Dark-Not Lighted
2020-12-29T10:51:00.000,I 285,I 285 and Rainbow Dr,,Rear End,2,Clear,Dry,Daylight
2020-09-18T11:50:00.000,I 285,I 285 and Rainbow Dr,,Not a Collision with Motor Vehicle,1,Clear,Dry,Daylight
2020-11-28T18:50:00.000,I 285,I 285 and Rainbow Dr,,Sideswipe-Same Direction,2,Clear,Dry,Daylight
2020-02-23T20:00:00.000,I 285,I 285 and Rainbow Dr,,Rear End,2,Rain,Wet,Dark-Lighted
2020-11-11T17:59:00.000,I 285,I 285 and Rainbow Dr,,Rear End,2,Clear,Dry,Daylight
2021-06-20T23:55:00.000,I 285,I 285 and Rainbow Dr,,Sideswipe-Same Direction,2,Clear,Dry,Dark-Lighted
2021-04-03T17:10:00.000,I 285,I 285 and Rainbow Dr,,Rear End,3,Clear,Dry,Daylight
2021-08-28T13:31:00.000,I 285,I 285 and Rainbow Dr,,Rear End,2,Clear,Dry,Daylight
2021-09-26T04:15:00.000,I 285,I 285 and Rainbow Dr,,Sideswipe-Same Direction,2,Clear,Dry,Dark-Lighted
2021-11-06T05:00:00.000,I 285,I 285 and Rainbow Dr,,Sideswipe-Same Direction,2,Clear,Dry,Dark-Not Lighted
2022-07-11T18:46:00.000,I 285,I 285 and Rainbow Dr,,Rear End,2,Cloudy,Dry,Dark-Lighted
2022-07-03T19:54:00.000,I 285,I 285 and Rainbow Dr,,Not a Collision with Motor Vehicle,1,Clear,Dry,Dusk
2022-03-05T16:10:00.000,I 285,I 285 and Rainbow Dr,,Rear End,2,Clear,Dry,Daylight
2022-11-10T07:30:00.000,I 285,I 285 and Rainbow Dr,,Rear End,2,Cloudy,Dry,Daylight
2022-05-06T18:14:00.000,I 285,I 285 and Rainbow Dr,,Rear End,2,Clear,Dry,Daylight
2022-11-10T07:30:00.000,I 285,I 285 and Rainbow Dr,,Rear End,2,Cloudy,Dry,Daylight
2022-09-29T11:35:00.000,I 285,I 285 and Rainbow Dr,,Rear End,2,Clear,Dry,Daylight
2022-04-15T13:38:00.000,I 285,I 285 and Rainbow Dr,,Rear End,2,Clear,Dry,Daylight
2022-08-01T15:00:00.000,I 285,I 285 and Rainbow Dr,,Rear End,2,Cloudy,Dry,Daylight
2022-07-01T13:46:00.000,I 285,I 285 and Rainbow Dr,,Rear End,3,Rain,Wet,Daylight
2022-01-09T15:34:00.000,I 285,I 285 and Rainbow Dr,,Sideswipe-Same Direction,2,Rain,Wet,Daylight
2022-07-28T14:44:00.000,I 285,I 285 and Rainbow Dr,,Rear End,2,Clear,Dry,Daylight
2022-09-19T00:10:00.000,I 285,I 285 and Rainbow Dr,,Rear End,2,Clear,Dry,Dark-Lighted
2022-10-25T17:55:00.000,I 285,I 285 and Rainbow Dr,,Rear End,2,Clear,Dry,Daylight
2023-09-05T10:20:00.000,I 285,I 285 and Rainbow Dr,,Rear End,2,Cloudy,Dry,Daylight
2024-10-10T08:44:00.000,I 285,I 285 and Rainbow Dr,,Rear End,4,Clear,Dry,Daylight
2024-07-29T09:45:00.000,I 285,I 285 and Rainbow Dr,,Rear End,2,Cloudy,Dry,Daylight
2024-06-08T12:22:00.000,I 285,I 285 and Rainbow Dr,,Rear End,3,Clear,Dry,Daylight
2024-12-31T15:45:00.000,I 285,I 285 and Rainbow Dr,,Rear End,2,Clear,Dry,Daylight
2023-11-02T17:45:00.000,I 285,I 285 and Rainbow Dr,,Rear End,2,Clear,Dry,Daylight
2023-02-23T09:06:00.000,I 285,I 285 and Rainbow Dr,,Rear End,3,Clear,Dry,Daylight
2023-06-29T05:26:00.000,I 285,I 285 and Rainbow Dr,,Angle Crash,2,Clear,Dry,Daylight
2023-08-15T08:39:00.000,I 285,I 285 and Rainbow Dr,,Rear End,2,Clear,Dry,Daylight
2023-05-05T23:00:00.000,I 285,I 285 and Rainbow Dr,,Sideswipe-Same Direction,2,Clear,Dry,Dark-Lighted
2024-10-07T08:50:00.000,I 285,I 285 and Rainbow Dr,,Rear End,2,Clear,Dry,Daylight
2024-12-14T19:06:00.000,I 285,I 285 and Rainbow Dr,,Rear End,2,Clear,Dry,Dark-Not Lighted
2024-06-12T12:14:00.000,I 285,I 285 and Rainbow Dr,,Rear End,4,Cloudy,Dry,Daylight
2024-12-02T13:03:00.000,I 285,I 285 and Rainbow Dr,,Rear End,3,Clear,Dry,Daylight
2024-06-22T12:25:00.000,I 285,I 285 and Rainbow Dr,,Not a Collision with Motor Vehicle,2,Cloudy,Dry,Daylight
2024-04-10T08:30:00.000,I 285,I 285 and Rainbow Dr,,Rear End,3,Cloudy,Dry,Daylight
2024-09-11T10:46:00.000,I 285,I 285 and Rainbow Dr,,Rear End,4,Cloudy,Dry,Daylight
2024-05-19T22:00:00.000,I 285,I 285 and Rainbow Dr,,Not a Collision with Motor Vehicle,1,Clear,Dry,Dark-Not Lighted
2024-07-30T15:58:00.000,I 285,I 285 and Rainbow Dr,,Rear End,2,Clear,Wet,Daylight
2024-05-21T07:15:00.000,I 285,I 285 and Rainbow Dr,,Rear End,2,Clear,Dry,Daylight
2021-04-19T09:07:00.000,I 285,I 285 and Raider Dr,,Rear End,3,Clear,Dry,Daylight
2024-03-19T12:20:00.000,I 285,I 285 and Raider Dr,,Sideswipe-Same Direction,3,Clear,Dry,Daylight
2023-04-21T16:38:00.000,I 285,I 285 and Quinn St,,Rear End,3,Cloudy,Dry,Daylight
2023-07-01T21:12:00.000,I 285,I 285 and Quinn St,,Sideswipe-Same Direction,2,Clear,Dry,Daylight
2020-06-04T15:00:00.000,I 285,I 285 and Ptree Dunwoody Rd,,Rear End,2,Clear,Dry,Daylight
2020-10-08T17:54:00.000,I 285,I 285 and Princess Tammy Cv,,Sideswipe-Same Direction,2,Clear,Dry,Daylight
2022-11-30T01:42:00.000,I 285,I 285 and Princess Tammy Cv,,Not a Collision with Motor Vehicle,1,Rain,Water (standing or moving),Dark-Not Lighted
2022-03-08T16:50:00.000,I 285,I 285 and Princess Tammy Cv,,Not a Collision with Motor Vehicle,1,Rain,Water (standing or moving),Dusk
2022-06-09T00:03:00.000,I 285,I 285 and Princess Tammy Cv,,Not a Collision with Motor Vehicle,1,Rain,Water (standing or moving),Dark-Not Lighted
2021-02-24T14:07:00.000,I 285,I 285 and Powers Fry,,Sideswipe-Same Direction,2,Clear,Dry,Daylight
2023-12-16T06:57:00.000,I 285,I 285 and Powers Fry,,Rear End,3,Clear,Dry,Dark-Not Lighted
2020-10-17T17:21:00.000,I 285,I 285 and Powers Ferry Underpass,,Not a Collision with Motor Vehicle,1,Clear,Dry,Daylight
2023-10-21T16:20:00.000,I 285,I 285 and Powers Ferry Under I285 Rd,,Angle Crash,2,Clear,Dry,Daylight
2022-09-13T07:48:00.000,I 285,I 285 and Powers Ferry Road Underpass,,Sideswipe-Same Direction,2,Clear,Dry,Daylight
2023-07-14T14:30:00.000,I 285,I 285 and Powers Ferry Road Underpass,,Sideswipe-Same Direction,2,Clear,Dry,Daylight
2023-09-15T10:16:00.000,I 285,I 285 and Powers Ferry Road Underpass,,Rear End,2,Cloudy,Dry,Daylight
2023-11-10T18:15:00.000,I 285,I 285 and Powers Ferry Road Southeast,,Rear End,2,Cloudy,Dry,Dark-Not Lighted
2023-11-10T16:25:00.000,I 285,I 285 and Powers Ferry Road Southeast,,Rear End,2,Cloudy,Wet,Daylight
2023-12-28T18:35:00.000,I 285,I 285 and Powers Ferry Road Southeast,,Sideswipe-Same Direction,2,Cloudy,Dry,Dark-Lighted
2023-10-27T11:45:00.000,I 285,I 285 and Powers Ferry Road Southeast,,Sideswipe-Same Direction,3,Clear,Dry,Daylight
2024-01-12T15:22:00.000,I 285,I 285 and Powers Ferry Road Southeast,,Sideswipe-Same Direction,2,Rain,Wet,Daylight
2024-07-05T12:37:00.000,I 285,I 285 and Powers Ferry Road Opas,,Rear End,2,Rain,Wet,Daylight
2024-07-05T12:57:00.000,I 285,I 285 and Powers Ferry Road Opas,,Sideswipe-Same Direction,2,Rain,Wet,Daylight
2024-04-23T17:40:00.000,I 285,I 285 and Powers Ferry Road Opas,,Angle Crash,2,Clear,Dry,Daylight
2024-08-05T08:34:00.000,I 285,I 285 and Powers Ferry Road Opas,,Rear End,2,Cloudy,Dry,Daylight
2024-06-13T18:58:00.000,I 285,I 285 and Powers Ferry Road Opas,,Sideswipe-Same Direction,2,Cloudy,Dry,Daylight
2024-03-19T11:11:00.000,I 285,I 285 and Powers Ferry Road Opas,,Sideswipe-Same Direction,2,Clear,Dry,Daylight
2024-03-05T08:44:00.000,I 285,I 285 and Powers Ferry Road Opas,,Sideswipe-Same Direction,2,Cloudy,Dry,Daylight
2024-10-07T16:52:00.000,I 285,I 285 and Powers Ferry Road,,Rear End,2,Clear,Dry,Daylight
2023-06-02T14:05:00.000,I 285,I 285 and Powers Ferry Rd.,,Sideswipe-Same Direction,2,Clear,Dry,Daylight
2021-03-08T14:20:00.000,I 285,I 285 and Powers Ferry Rd Underpass,,Sideswipe-Same Direction,2,Clear,Dry,Daylight
2021-12-18T17:21:00.000,I 285,I 285 and Powers Ferry Rd Underpass,,Rear End,2,Rain,Wet,Dark-Lighted
2021-11-22T15:28:00.000,I 285,I 285 and Powers Ferry Rd Underpass,,Sideswipe-Same Direction,2,Clear,Dry,Daylight
2020-10-17T17:45:00.000,I 285,I 285 and Powers Ferry Rd Underpass,,Not a Collision with Motor Vehicle,1,Clear,Dry,Daylight
2020-12-02T19:20:00.000,I 285,I 285 and Powers Ferry Rd Underpass,,Angle Crash,2,Clear,Dry,Dark-Lighted
2020-10-20T14:48:00.000,I 285,I 285 and Powers Ferry Rd Underpass,,Sideswipe-Same Direction,2,Clear,Dry,Daylight
2021-05-28T09:03:00.000,I 285,I 285 and Powers Ferry Rd Underpass,,Rear End,2,Clear,Dry,Daylight
2021-10-16T14:45:00.000,I 285,I 285 and Powers Ferry Rd Underpass,,Angle Crash,1,Clear,Dry,Daylight
2022-08-26T08:45:00.000,I 285,I 285 and Powers Ferry Rd Underpass,,Sideswipe-Same Direction,2,Clear,Dry,Daylight
2024-12-19T10:10:00.000,I 285,I 285 and Powers Ferry Rd Underpass,,Sideswipe-Same Direction,2,Clear,Dry,Daylight
2024-01-04T08:06:00.000,I 285,I 285 and Powers Ferry Rd Underpass,,Rear End,2,Clear,Dry,Daylight
2024-12-10T13:35:00.000,I 285,I 285 and Powers Ferry Rd Underpass,,Sideswipe-Same Direction,2,Clear,Wet,Daylight
2024-12-03T16:17:00.000,I 285,I 285 and Powers Ferry Rd Under Pass,,Sideswipe-Same Direction,2,Clear,Dry,Daylight
2024-12-06T08:49:00.000,I 285,I 285 and Powers Ferry Rd Se Underpass,,Rear End,2,Clear,Dry,Daylight
2021-02-17T16:15:00.000,I 285,I 285 and Powers Ferry Rd Opas,,Not a Collision with Motor Vehicle,1,Clear,Dry,Daylight
2021-02-17T16:25:00.000,I 285,I 285 and Powers Ferry Rd Opas,,Sideswipe-Same Direction,2,Clear,Dry,Daylight
2021-02-17T16:20:00.000,I 285,I 285 and Powers Ferry Rd Opas,,Not a Collision with Motor Vehicle,1,Clear,Dry,Daylight
2020-09-27T17:46:00.000,I 285,I 285 and Powers Ferry Rd Opas,,Rear End,2,Cloudy,Wet,Daylight
2020-06-17T17:24:00.000,I 285,I 285 and Powers Ferry Rd Opas,,Sideswipe-Same Direction,2,Cloudy,Dry,Daylight
2021-02-17T16:35:00.000,I 285,I 285 and Powers Ferry Rd Opas,,Sideswipe-Same Direction,2,Clear,Dry,Daylight
2021-05-03T16:56:00.000,I 285,I 285 and Powers Ferry Rd,,Angle Crash,2,Rain,Wet,Daylight
2021-04-17T11:36:00.000,I 285,I 285 and Powers Ferry Rd,,Rear End,3,Cloudy,Dry,Daylight
2021-04-10T23:30:00.000,I 285,I 285 and Powers Ferry Rd,,Not a Collision with Motor Vehicle,2,Clear,Dry,Dark-Lighted
2021-02-07T02:19:00.000,I 285,I 285 and Powers Ferry Rd,,Angle Crash,6,Rain,Wet,Dark-Not Lighted
2021-02-20T20:11:00.000,I 285,I 285 and Powers Ferry Rd,,Sideswipe-Same Direction,2,Clear,Dry,Dark-Not Lighted
2021-11-04T13:00:00.000,I 285,I 285 and Powers Ferry Rd,,Sideswipe-Same Direction,2,Cloudy,Dry,Daylight
2021-12-01T06:43:00.000,I 285,I 285 and Powers Ferry Rd,,Angle Crash,5,Clear,Dry,Dark-Not Lighted
2021-09-18T14:45:00.000,I 285,I 285 and Powers Ferry Rd,,Sideswipe-Same Direction,2,Cloudy,Dry,Daylight
2021-10-31T03:30:00.000,I 285,I 285 and Powers Ferry Rd,,Angle Crash,3,Cloudy,Dry,Dark-Lighted
2021-05-04T21:02:00.000,I 285,I 285 and Powers Ferry Rd,,Angle Crash,2,Rain,Water (standing or moving),Dark-Not Lighted
2021-02-03T17:54:00.000,I 285,I 285 and Powers Ferry Rd,,Rear End,2,Clear,Dry,Dark-Lighted
2021-04-22T15:45:00.000,I 285,I 285 and Powers Ferry Rd,,Sideswipe-Same Direction,2,Clear,Dry,Daylight
2021-02-07T06:17:00.000,I 285,I 285 and Powers Ferry Rd,,Rear End,2,Cloudy,Wet,Dark-Not Lighted
2021-01-11T08:28:00.000,I 285,I 285 and Powers Ferry Rd,,Not a Collision with Motor Vehicle,2,Cloudy,Dry,Daylight
2021-04-19T16:45:00.000,I 285,I 285 and Powers Ferry Rd,,Sideswipe-Same Direction,2,Clear,Dry,Daylight
2021-04-08T02:00:00.000,I 285,I 285 and Powers Ferry Rd,,Angle Crash,2,Cloudy,Dry,Dark-Not Lighted
2021-09-05T09:27:00.000,I 285,I 285 and Powers Ferry Rd,,Angle Crash,2,Clear,Dry,Daylight
2021-09-15T09:28:00.000,I 285,I 285 and Powers Ferry Rd,,Sideswipe-Same Direction,6,Cloudy,Dry,Daylight
2021-09-15T09:30:00.000,I 285,I 285 and Powers Ferry Rd,,Angle Crash,2,Cloudy,Dry,Daylight
2021-09-09T13:30:00.000,I 285,I 285 and Powers Ferry Rd,,Angle Crash,4,Clear,Dry,Daylight
2021-02-23T16:40:00.000,I 285,I 285 and Powers Ferry Rd,,Rear End,2,Clear,Dry,Daylight
2021-05-01T22:04:00.000,I 285,I 285 and Powers Ferry Rd,,Sideswipe-Same Direction,2,Clear,Dry,Dark-Lighted
2021-09-15T06:55:00.000,I 285,I 285 and Powers Ferry Rd,,Sideswipe-Same Direction,3,Cloudy,Dry,Daylight
2021-11-30T13:58:00.000,I 285,I 285 and Powers Ferry Rd,,Sideswipe-Same Direction,2,Clear,Dry,Daylight
2021-10-29T16:32:00.000,I 285,I 285 and Powers Ferry Rd,,Rear End,2,Rain,Wet,Daylight
2021-01-29T17:20:00.000,I 285,I 285 and Powers Ferry Rd,,Sideswipe-Same Direction,2,Clear,Dry,Daylight
2021-03-16T19:15:00.000,I 285,I 285 and Powers Ferry Rd,,Not a Collision with Motor Vehicle,1,Rain,Wet,Dawn
2021-02-07T02:50:00.000,I 285,I 285 and Powers Ferry Rd,,Rear End,2,Rain,Wet,Dark-Lighted
2021-11-05T07:40:00.000,I 285,I 285 and Powers Ferry Rd,,Rear End,2,Cloudy,Dry,Daylight
2021-12-01T11:10:00.000,I 285,I 285 and Powers Ferry Rd,,Rear End,2,Clear,Dry,Daylight
2021-12-21T18:51:00.000,I 285,I 285 and Powers Ferry Rd,,Rear End,2,Clear,Wet,Dark-Not Lighted
2021-11-03T18:15:00.000,I 285,I 285 and Powers Ferry Rd,,Rear End,2,Cloudy,Wet,Dusk
2021-09-18T11:49:00.000,I 285,I 285 and Powers Ferry Rd,,Rear End,2,Cloudy,Dry,Daylight
2021-06-25T15:05:00.000,I 285,I 285 and Powers Ferry Rd,,Sideswipe-Same Direction,2,Clear,Dry,Daylight
2020-02-25T07:08:00.000,I 285,I 285 and Powers Ferry Rd,,Rear End,2,Cloudy,Wet,Daylight
2023-06-21T10:30:00.000,I 285,I 285 and Powers Ferry Rd,,Rear End,2,Clear,Dry,Daylight
2023-07-08T18:48:00.000,I 285,I 285 and Powers Ferry Rd,,Sideswipe-Same Direction,2,Clear,Dry,Daylight
2023-04-08T17:47:00.000,I 285,I 285 and Powers Ferry Rd,,Rear End,2,Rain,Wet,Daylight
2023-05-16T05:58:00.000,I 285,I 285 and Powers Ferry Rd,,Rear End,2,Clear,Dry,Dark-Not Lighted
2023-03-13T07:25:00.000,I 285,I 285 and Powers Ferry Rd,,Sideswipe-Same Direction,2,Clear,Dry,Daylight
2023-12-13T10:50:00.000,I 285,I 285 and Powers Ferry Rd,,Sideswipe-Same Direction,2,Clear,Dry,Daylight
2023-07-11T16:38:00.000,I 285,I 285 and Powers Ferry Rd,,Rear End,2,Clear,Dry,Daylight
2023-09-26T06:48:00.000,I 285,I 285 and Powers Ferry Rd,,Rear End,2,Cloudy,Dry,Daylight
2023-12-04T07:08:00.000,I 285,I 285 and Powers Ferry Rd,,Rear End,2,Clear,Dry,Daylight
2023-10-30T05:36:00.000,I 285,I 285 and Powers Ferry Rd,,Angle Crash,2,Cloudy,Dry,Dark-Not Lighted
2023-04-23T17:10:00.000,I 285,I 285 and Powers Ferry Rd,,Angle Crash,2,Clear,Dry,Daylight
2023-07-27T07:05:00.000,I 285,I 285 and Powers Ferry Rd,,Rear End,2,Clear,Dry,Daylight
2023-06-10T12:58:00.000,I 285,I 285 and Powers Ferry Rd,,Rear End,2,Clear,Dry,Daylight
2023-03-19T14:00:00.000,I 285,I 285 and Powers Ferry Rd,,Angle Crash,1,Clear,Dry,Daylight
2023-12-13T08:00:00.000,I 285,I 285 and Powers Ferry Rd,,Rear End,2,Clear,Dry,Daylight
2023-09-22T10:30:00.000,I 285,I 285 and Powers Ferry Rd,,Sideswipe-Same Direction,2,Clear,Dry,Daylight
2023-07-17T10:42:00.000,I 285,I 285 and Powers Ferry Rd,,Sideswipe-Same Direction,2,Cloudy,Dry,Daylight
2023-10-02T06:43:00.000,I 285,I 285 and Powers Ferry Rd,,Rear End,2,Clear,Dry,Dark-Not Lighted
2023-03-22T18:08:00.000,I 285,I 285 and Powers Ferry Rd,,Angle Crash,2,Clear,Dry,Daylight
2023-01-13T03:07:00.000,I 285,I 285 and Powers Ferry Rd,,Not a Collision with Motor Vehicle,1,Cloudy,Dry,Dark-Lighted
2023-05-03T07:37:00.000,I 285,I 285 and Powers Ferry Rd,,Sideswipe-Same Direction,2,Clear,Dry,Daylight
2023-05-23T10:54:00.000,I 285,I 285 and Powers Ferry Rd,,Sideswipe-Same Direction,2,Cloudy,Dry,Daylight
2023-01-13T05:14:00.000,I 285,I 285 and Powers Ferry Rd,,Sideswipe-Same Direction,3,Cloudy,Dry,Dark-Lighted
2023-09-01T12:30:00.000,I 285,I 285 and Powers Ferry Rd,,Sideswipe-Same Direction,2,Clear,Dry,Daylight
2023-11-08T18:46:00.000,I 285,I 285 and Powers Ferry Rd,,Rear End,2,Clear,Dry,Daylight
2023-07-20T15:26:00.000,I 285,I 285 and Powers Ferry Rd,,Sideswipe-Same Direction,2,Cloudy,Dry,Daylight
2023-08-08T08:23:00.000,I 285,I 285 and Powers Ferry Rd,,Rear End,2,Clear,Dry,Daylight
2023-06-25T18:36:00.000,I 285,I 285 and Powers Ferry Rd,,Sideswipe-Same Direction,2,Rain,Wet,Daylight
2023-06-18T20:45:00.000,I 285,I 285 and Powers Ferry Rd,,Angle Crash,2,Clear,Dry,Dark-Lighted
2023-04-20T18:21:00.000,I 285,I 285 and Powers Ferry Rd,,Sideswipe-Same Direction,2,Clear,Dry,Daylight
2023-10-21T15:20:00.000,I 285,I 285 and Powers Ferry Rd,,Rear End,3,Clear,Dry,Daylight
2023-06-14T15:55:00.000,I 285,I 285 and Powers Ferry Rd,,Rear End,2,Rain,Wet,Daylight
2023-03-21T12:40:00.000,I 285,I 285 and Powers Ferry Rd,,Sideswipe-Same Direction,2,Cloudy,Dry,Daylight
2023-12-05T07:50:00.000,I 285,I 285 and Powers Ferry Rd,,Rear End,2,Clear,Dry,Daylight
2023-04-17T11:46:00.000,I 285,I 285 and Powers Ferry Rd,,Not a Collision with Motor Vehicle,1,Clear,Dry,Daylight
2022-02-09T15:45:00.000,I 285,I 285 and Powers Ferry Rd,,Rear End,2,Clear,Dry,Daylight
2022-02-20T15:25:00.000,I 285,I 285 and Powers Ferry Rd,,Rear End,2,Clear,Dry,Daylight
2020-05-09T15:45:00.000,I 285,I 285 and Powers Ferry Rd,,Rear End,3,Clear,Dry,Daylight
2020-03-18T13:01:00.000,I 285,I 285 and Powers Ferry Rd,,Rear End,2,Clear,Dry,Daylight
2020-11-14T23:36:00.000,I 285,I 285 and Powers Ferry Rd,,Not a Collision with Motor Vehicle,1,Clear,Dry,Dark-Not Lighted
2020-02-05T07:15:00.000,I 285,I 285 and Powers Ferry Rd,,Rear End,3,Rain,Wet,Daylight
2020-12-09T08:40:00.000,I 285,I 285 and Powers Ferry Rd,,Sideswipe-Same Direction,3,Clear,Dry,Daylight
2020-07-18T18:03:00.000,I 285,I 285 and Powers Ferry Rd,,Rear End,3,Cloudy,Wet,Daylight
2020-03-18T13:01:00.000,I 285,I 285 and Powers Ferry Rd,,Angle Crash,3,Cloudy,Dry,Daylight
2020-02-10T07:00:00.000,I 285,I 285 and Powers Ferry Rd,,Sideswipe-Same Direction,2,Cloudy,Dry,Daylight
2020-09-25T15:19:00.000,I 285,I 285 and Powers Ferry Rd,,Sideswipe-Same Direction,2,Cloudy,Dry,Daylight
2020-06-14T00:02:00.000,I 285,I 285 and Powers Ferry Rd,,Not a Collision with Motor Vehicle,1,Clear,Dry,Dark-Not Lighted
2020-03-18T13:04:00.000,I 285,I 285 and Powers Ferry Rd,,Angle Crash,3,Cloudy,Dry,Daylight
2020-09-17T20:00:00.000,I 285,I 285 and Powers Ferry Rd,,Rear End,2,Cloudy,Wet,Dark-Not Lighted
2020-03-07T16:58:00.000,I 285,I 285 and Powers Ferry Rd,,Rear End,2,Clear,Dry,Daylight
2020-03-10T09:00:00.000,I 285,I 285 and Powers Ferry Rd,,Sideswipe-Same Direction,2,Rain,Wet,Daylight
2020-02-05T09:57:00.000,I 285,I 285 and Powers Ferry Rd,,Rear End,2,Cloudy,Wet,Daylight
2020-04-29T19:50:00.000,I 285,I 285 and Powers Ferry Rd,,Not a Collision with Motor Vehicle,1,Rain,Wet,Dark-Not Lighted
2020-11-04T13:10:00.000,I 285,I 285 and Powers Ferry Rd,,Rear End,2,Clear,Dry,Daylight
2020-11-22T18:55:00.000,I 285,I 285 and Powers Ferry Rd,,Sideswipe-Same Direction,2,Clear,Dry,Dark-Lighted
2021-04-28T14:33:00.000,I 285,I 285 and Powers Ferry Rd,,Sideswipe-Same Direction,2,Cloudy,Dry,Daylight
2021-02-16T12:50:00.000,I 285,I 285 and Powers Ferry Rd,,Rear End,2,Cloudy,Dry,Daylight
2021-04-05T10:25:00.000,I 285,I 285 and Powers Ferry Rd,,Sideswipe-Same Direction,2,Clear,Dry,Daylight
2021-03-24T05:56:00.000,I 285,I 285 and Powers Ferry Rd,,Sideswipe-Same Direction,2,Clear,Dry,Dark-Not Lighted
2021-03-16T23:04:00.000,I 285,I 285 and Powers Ferry Rd,,Not a Collision with Motor Vehicle,2,Rain,Wet,Dark-Not Lighted
2021-06-27T15:24:00.000,I 285,I 285 and Powers Ferry Rd,,Rear End,2,Clear,Dry,Daylight
2021-12-14T12:18:00.000,I 285,I 285 and Powers Ferry Rd,,Sideswipe-Same Direction,2,Clear,Dry,Daylight
2021-07-17T18:24:00.000,I 285,I 285 and Powers Ferry Rd,,Rear End,2,Clear,Dry,Daylight
2021-11-20T10:33:00.000,I 285,I 285 and Powers Ferry Rd,,Rear End,2,Clear,Dry,Daylight
2021-09-17T14:43:00.000,I 285,I 285 and Powers Ferry Rd,,Rear End,2,Cloudy,Dry,Daylight
2021-11-08T17:00:00.000,I 285,I 285 and Powers Ferry Rd,,Not a Collision with Motor Vehicle,1,Clear,Dry,Daylight
2021-11-05T20:40:00.000,I 285,I 285 and Powers Ferry Rd,,Rear End,2,Clear,Dry,Dark-Lighted
2021-12-19T19:40:00.000,I 285,I 285 and Powers Ferry Rd,,Rear End,4,Clear,Dry,Dusk
2021-11-15T11:55:00.000,I 285,I 285 and Powers Ferry Rd,,Rear End,2,Clear,Dry,Daylight
2021-10-19T07:40:00.000,I 285,I 285 and Powers Ferry Rd,,Rear End,2,Clear,Dry,Daylight
2021-08-23T07:41:00.000,I 285,I 285 and Powers Ferry Rd,,Sideswipe-Same Direction,4,Clear,Dry,Daylight
2021-09-05T22:40:00.000,I 285,I 285 and Powers Ferry Rd,,Not a Collision with Motor Vehicle,1,Clear,Dry,Dark-Lighted
2021-11-18T20:38:00.000,I 285,I 285 and Powers Ferry Rd,,Angle Crash,2,Clear,Dry,Dark-Lighted
2022-06-01T09:44:00.000,I 285,I 285 and Powers Ferry Rd,,Rear End,2,Clear,Dry,Daylight
2022-09-06T15:50:00.000,I 285,I 285 and Powers Ferry Rd,,Sideswipe-Same Direction,2,Clear,Dry,Daylight
2022-08-29T17:34:00.000,I 285,I 285 and Powers Ferry Rd,,Rear End,4,Clear,Dry,Daylight
2021-08-09T14:17:00.000,I 285,I 285 and Powers Ferry Rd,,Not a Collision with Motor Vehicle,2,Clear,Dry,Daylight
2022-08-03T18:22:00.000,I 285,I 285 and Powers Ferry Rd,,Rear End,2,Clear,Dry,Daylight
2022-01-24T16:39:00.000,I 285,I 285 and Powers Ferry Rd,,Rear End,2,Clear,Dry,Daylight
2022-06-04T11:03:00.000,I 285,I 285 and Powers Ferry Rd,,Rear End,2,Clear,Dry,Daylight
2022-01-13T11:50:00.000,I 285,I 285 and Powers Ferry Rd,,Rear End,2,Clear,Dry,Daylight