Date and Time,Roadway (From Crash Report),Intersection Name (from Crash Report),KABCO Severity,Manner of Collision (Crash Level) ,# of Vehicles per crash ,Weather Conditions (Crash Level),Surface Condition (Crash Level) ,Light Conditions (Crash Level)
2024-08-13T15:59:00.000,I 285,I 285 and Peachtree Industrial Blvd,,Rear End,3,Clear,Dry,Daylight
2024-08-15T21:56:00.000,I 285,I 285 and Peachtree Industrial Blvd,,Rear End,2,Clear,Dry,Dark-Lighted
2024-09-04T18:58:00.000,I 285,I 285 and Peachtree Industrial Blvd,,Angle Crash,2,Clear,Dry,Daylight
2024-09-14T20:25:00.000,I 285,I 285 and Peachtree Industrial Blvd,,Rear End,2,Cloudy,Wet,Dark-Not Lighted
2024-11-30T10:22:00.000,I 285,I 285 and Peachtree Industrial Blvd,,Not a Collision with Motor Vehicle,1,Clear,Dry,Daylight
2024-10-09T16:16:00.000,I 285,I 285 and Peachtree Industrial Blvd,,Rear End,2,Clear,Dry,Daylight
2024-08-13T17:15:00.000,I 285,I 285 and Peachtree Industrial Blvd,,Sideswipe-Same Direction,2,Clear,Dry,Daylight
2024-12-22T16:59:00.000,I 285,I 285 and Peachtree Industrial Blvd,,Rear End,2,Clear,Dry,Daylight
2024-12-30T18:32:00.000,I 285,I 285 and Peachtree Industrial Blvd,,Rear End,2,Clear,Dry,Dark-Not Lighted
2024-10-08T16:51:00.000,I 285,I 285 and Peachtree Industrial Blvd,,Rear End,2,Clear,Dry,Daylight
2024-08-22T16:00:00.000,I 285,I 285 and Peachtree Industrial Blvd,,Rear End,2,Clear,Dry,Daylight
2024-10-14T18:10:00.000,I 285,I 285 and Peachtree Industrial Blvd,,Sideswipe-Same Direction,2,Clear,Dry,Daylight
2024-11-27T08:27:00.000,I 285,I 285 and Peachtree Industrial Blvd,,Sideswipe-Same Direction,2,Clear,Dry,Daylight
2024-10-24T20:11:00.000,I 285,I 285 and Peachtree Industrial Blvd,,Rear End,2,Clear,Dry,Dark-Not Lighted
2024-12-22T15:28:00.000,I 285,I 285 and Peachtree Industrial Blvd,,Rear End,2,Clear,Dry,Daylight
2024-11-07T14:48:00.000,I 285,I 285 and Peachtree Industrial Blvd,,Rear End,2,Cloudy,Dry,Daylight
2024-08-10T14:23:00.000,I 285,I 285 and Peachtree Industrial Blvd,,Rear End,2,Clear,Dry,Daylight
2024-08-07T14:00:00.000,I 285,I 285 and Peachtree Industrial Blvd,,Rear End,2,Clear,Dry,Daylight
2024-10-31T19:28:00.000,I 285,I 285 and Peachtree Industrial Blvd,,Angle Crash,2,Clear,Dry,Dark-Lighted
2024-10-01T18:14:00.000,I 285,I 285 and Peachtree Industrial Blvd,,Rear End,2,Cloudy,Dry,Daylight
2024-08-26T12:52:00.000,I 285,I 285 and Peachtree Industrial Blvd,,Sideswipe-Same Direction,2,Clear,Dry,Daylight
2024-02-09T17:26:00.000,I 285,I 285 and Peachtree Industrial Blvd,,Sideswipe-Same Direction,2,Clear,Dry,Daylight
2024-09-06T21:47:00.000,I 285,I 285 and Peachtree Industrial Blvd,,Rear End,4,Cloudy,Dry,Dark-Not Lighted
2024-12-07T17:59:00.000,I 285,I 285 and Peachtree Industrial Blvd,,Rear End,2,Clear,Dry,Dark-Lighted
2024-09-23T08:12:00.000,I 285,I 285 and Peachtree Industrial Blvd,,Rear End,2,Clear,Dry,Daylight
2024-08-24T13:46:00.000,I 285,I 285 and Peachtree Industrial Blvd,,Rear End,2,Clear,Dry,Daylight
2024-12-09T08:59:00.000,I 285,I 285 and Peachtree Industrial Blvd,,Rear End,2,Rain,Wet,Daylight
2024-10-03T10:22:00.000,I 285,I 285 and Peachtree Industrial Blvd,,Rear End,2,Cloudy,Dry,Daylight
2024-09-05T09:12:00.000,I 285,I 285 and Peachtree Industrial Blvd,,Rear End,2,Cloudy,Dry,Daylight
2024-08-25T23:59:00.000,I 285,I 285 and Peachtree Industrial Blvd,,Not a Collision with Motor Vehicle,1,Clear,Dry,Dark-Not Lighted
2024-12-01T19:10:00.000,I 285,I 285 and Peachtree Industrial Blvd,,Rear End,2,Clear,Dry,Dark-Not Lighted
2024-11-04T19:22:00.000,I 285,I 285 and Peachtree Industrial Blvd,,Angle Crash,2,Clear,Dry,Dark-Lighted
2024-10-16T07:44:00.000,I 285,I 285 and Peachtree Industrial Blvd,,Sideswipe-Same Direction,2,Clear,Dry,Daylight
2024-09-19T20:48:00.000,I 285,I 285 and Peachtree Industrial Blvd,,(None),2,(None),(None),(None)
2024-11-04T19:33:00.000,I 285,I 285 and Peachtree Industrial Blvd,,Sideswipe-Same Direction,2,Clear,Dry,Dark-Lighted
2024-08-03T09:16:00.000,I 285,I 285 and Peachtree Industrial Blvd,,Rear End,2,Clear,Dry,Daylight
2024-09-10T17:30:00.000,I 285,I 285 and Peachtree Industrial Blvd,,Sideswipe-Same Direction,2,Clear,Dry,Daylight
2024-12-21T15:29:00.000,I 285,I 285 and Peachtree Industrial Blvd,,Rear End,2,Clear,Dry,Daylight
2024-10-04T17:23:00.000,I 285,I 285 and Peachtree Industrial Blvd,,Angle Crash,2,Clear,Dry,Daylight
2024-11-07T14:27:00.000,I 285,I 285 and Peachtree Industrial Blvd,,Rear End,2,Cloudy,Dry,Daylight
2024-07-02T18:30:00.000,I 285,I 285 and Peachtree Industrial Blvd,,Rear End,2,Cloudy,Dry,Daylight
2024-12-14T13:42:00.000,I 285,I 285 and Peachtree Industrial Blvd,,Rear End,2,Clear,Dry,Daylight
2024-12-11T18:20:00.000,I 285,I 285 and Peachtree Industrial Blvd,,Rear End,2,Clear,Dry,Dark-Lighted
2024-08-26T08:36:00.000,I 285,I 285 and Peachtree Industrial Blvd,,Rear End,2,Clear,Dry,Daylight
2024-08-05T21:03:00.000,I 285,I 285 and Peachtree Industrial Blvd,,Sideswipe-Same Direction,2,Clear,Dry,Dark-Not Lighted
2024-08-23T12:00:00.000,I 285,I 285 and Peachtree Industrial Blvd,,Angle Crash,2,Clear,Dry,Dark-Lighted
2024-09-16T16:25:00.000,I 285,I 285 and Peachtree Industrial Blvd,,Rear End,2,Clear,Dry,Daylight
2024-10-09T07:00:00.000,I 285,I 285 and Peachtree Industrial Blvd,,Rear End,2,Clear,Dry,Dark-Not Lighted
2024-12-24T18:42:00.000,I 285,I 285 and Peachtree Industrial Blvd,,Rear End,2,Clear,Dry,Dark-Not Lighted
2024-08-21T15:46:00.000,I 285,I 285 and Peachtree Industrial Blvd,,Rear End,3,Clear,Dry,Daylight
2024-10-28T14:39:00.000,I 285,I 285 and Peachtree Industrial Blvd,,Rear End,2,Clear,Dry,Daylight
2024-11-16T10:40:00.000,I 285,I 285 and Peachtree Industrial Blvd,,Rear End,4,Clear,Dry,Daylight
2024-08-13T15:18:00.000,I 285,I 285 and Peachtree Industrial Blvd,,Sideswipe-Same Direction,2,Cloudy,Dry,Daylight
2024-07-23T15:12:00.000,I 285,I 285 and Peachtree Industrial Blvd,,Sideswipe-Same Direction,2,Cloudy,Dry,Daylight
2024-08-30T12:52:00.000,I 285,I 285 and Peachtree Industrial Blvd,,Rear End,2,Clear,Dry,Daylight
2024-11-07T14:37:00.000,I 285,I 285 and Peachtree Industrial Blvd,,Rear End,2,Cloudy,Dry,Daylight
2024-11-05T07:55:00.000,I 285,I 285 and Peachtree Industrial Blvd,,Rear End,2,Cloudy,Dry,Daylight
2024-08-11T17:52:00.000,I 285,I 285 and Peachtree Industrial Blvd,,Rear End,2,Clear,Dry,Daylight
2024-04-25T05:06:00.000,I 285,I 285 and Peachtree Industrial Blvd,,Angle Crash,2,Clear,Dry,Dark-Not Lighted
2024-08-06T17:30:00.000,I 285,I 285 and Peachtree Industrial Blvd,,Sideswipe-Same Direction,4,Clear,Dry,Daylight
2024-12-05T20:23:00.000,I 285,I 285 and Peachtree Industrial,,Sideswipe-Same Direction,2,Cloudy,Dry,Dark-Lighted
2024-10-15T19:42:00.000,I 285,I 285 and Peachtree Industrial,,Sideswipe-Same Direction,2,Cloudy,Dry,Dark-Lighted
2024-08-14T01:53:00.000,I 285,I 285 and Peachtree Industrial,,Angle Crash,2,Clear,Dry,Daylight
2024-09-08T21:40:00.000,I 285,I 285 and Peachtree Industrial,,Rear End,3,Cloudy,Dry,Dark-Not Lighted
2024-12-15T06:33:00.000,I 285,I 285 and Peachtree Industrial,,Rear End,2,Rain,Wet,Dark-Not Lighted
2023-01-20T09:46:00.000,I 285,I 285 and Peachtree Industrail Blvd,,Sideswipe-Same Direction,2,Clear,Dry,Daylight
2024-12-14T15:25:00.000,I 285,I 285 and Peachtree Ind. Blvd.,,Rear End,2,Cloudy,Dry,Daylight
2024-12-09T05:53:00.000,I 285,I 285 and Peachtree Ind. Blvd.,,Sideswipe-Same Direction,2,Rain,Wet,Daylight
2024-11-26T15:18:00.000,I 285,I 285 and Peachtree Ind. Blvd.,,Rear End,3,Clear,Dry,Daylight
2024-07-18T08:05:00.000,I 285,I 285 and Peachtree Ind. Blvd.,,Sideswipe-Same Direction,2,Clear,Dry,Daylight
2024-11-13T19:00:00.000,I 285,I 285 and Peachtree Ind. Blvd.,,(None),1,(None),(None),(None)
2024-12-10T09:11:00.000,I 285,I 285 and Peachtree Ind. Blvd.,,Rear End,2,Cloudy,Wet,Daylight
2022-10-20T18:30:00.000,I 285,I 285 and Peachtree Ind Blvd,,Rear End,2,Clear,Dry,Dark-Not Lighted
2020-10-03T07:15:00.000,I 285,I 285 and Peachtree Ind Blvd,,Rear End,2,Cloudy,Dry,Daylight
2022-07-26T17:18:00.000,I 285,I 285 and Peachtree Ind Blvd,,Sideswipe-Same Direction,2,Clear,Dry,Daylight
2022-05-22T03:20:00.000,I 285,I 285 and Peachtree Ind Blvd,,Not a Collision with Motor Vehicle,1,Cloudy,Dry,Dark-Not Lighted
2022-02-10T16:06:00.000,I 285,I 285 and Peachtree Ind Blvd,,Rear End,4,Clear,Dry,Daylight
2022-05-05T22:05:00.000,I 285,I 285 and Peachtree Ind Blvd,,Rear End,2,Clear,Dry,Dark-Not Lighted
2022-10-15T21:15:00.000,I 285,I 285 and Peachtree Ind Blvd,,Rear End,3,Clear,Dry,Dark-Not Lighted
2022-10-14T20:56:00.000,I 285,I 285 and Peachtree Ind Blvd,,Rear End,2,Clear,Dry,Dark-Not Lighted
2022-07-26T17:17:00.000,I 285,I 285 and Peachtree Ind Blvd,,Sideswipe-Same Direction,2,Clear,Dry,Daylight
2024-12-09T17:56:00.000,I 285,I 285 and Peachtree Ind Blvd,,Sideswipe-Same Direction,2,Rain,Wet,Dark-Not Lighted
2024-10-04T00:30:00.000,I 285,I 285 and Peachtree Ind Blvd,,Not a Collision with Motor Vehicle,1,Clear,Dry,Dark-Not Lighted
2024-12-15T18:32:00.000,I 285,I 285 and Peachtree Ind Blvd,,Rear End,2,Clear,Wet,Dark-Not Lighted
2024-05-28T18:14:00.000,I 285,I 285 and Peachtree Ind Blvd,,Sideswipe-Same Direction,2,Clear,Dry,Daylight
2024-04-28T03:43:00.000,I 285,I 285 and Peachtree Ind Blvd,,Not a Collision with Motor Vehicle,1,Cloudy,Dry,Dark-Not Lighted
2024-12-16T11:47:00.000,I 285,I 285 and Peachtree Ind Blvd,,Sideswipe-Same Direction,2,Cloudy,Dry,Daylight
2024-03-18T10:40:00.000,I 285,I 285 and Peachtree Ind Blvd,,Rear End,2,Clear,Dry,Daylight
2024-11-29T05:05:00.000,I 285,I 285 and Peachtree Ind Blvd,,Not a Collision with Motor Vehicle,1,Clear,Dry,Dark-Lighted
2024-12-07T16:35:00.000,I 285,I 285 and Peachtree Ind Blvd,,Rear End,2,Clear,Dry,Daylight
2024-12-14T23:30:00.000,I 285,I 285 and Peachtree Ind Blvd,,Angle Crash,3,Clear,Dry,Dark-Not Lighted
2024-08-22T20:55:00.000,I 285,I 285 and Peachtree Ind Blvd,,Rear End,3,Clear,Dry,Dark-Not Lighted
2023-02-06T09:04:00.000,I 285,I 285 and Peachtree Dunwoody Rp,,Rear End,2,Clear,Dry,Daylight
2022-02-10T09:14:00.000,I 285,I 285 and Peachtree Dunwoody Rd.,,Sideswipe-Same Direction,2,Clear,Wet,Daylight
2023-03-07T09:12:00.000,I 285,I 285 and Peachtree Dunwoody Rd,,Rear End,2,Clear,Dry,Daylight
2020-08-06T10:36:00.000,I 285,I 285 and Peachtree Dunwoody Rd,,Sideswipe-Same Direction,2,Clear,Dry,Daylight
2022-02-24T11:15:00.000,I 285,I 285 and Peachtree Dunwoody Rd,,Rear End,2,Clear,Dry,Daylight
2022-04-15T08:30:00.000,I 285,I 285 and Peachtree Dunwoody Rd,,Rear End,6,Clear,Dry,Daylight
2024-08-27T07:47:00.000,I 285,I 285 and Peachtree Dunwoody Rd,,Rear End,2,Clear,Dry,Daylight
2021-12-10T09:30:00.000,I 285,I 285 and Peachtree Dunwoody,,Sideswipe-Same Direction,2,Rain,Wet,Daylight
2024-10-15T20:07:00.000,I 285,I 285 and Peachtree Blvd,,Rear End,2,Clear,Dry,Dark-Lighted
2024-11-25T15:12:00.000,I 285,I 285 and Peachtree Blvd,,Sideswipe-Same Direction,2,Clear,Dry,Daylight
2024-11-28T18:56:00.000,I 285,I 285 and Peachtree Blvd,,Not a Collision with Motor Vehicle,1,Clear,Dry,Dark-Lighted
2024-10-30T10:07:00.000,I 285,I 285 and Peachtree Blvd,,Sideswipe-Same Direction,2,Clear,Dry,Daylight
2024-10-21T15:55:00.000,I 285,I 285 and Peachtree Blvd,,Sideswipe-Same Direction,2,Clear,Dry,Daylight
2024-11-08T11:02:00.000,I 285,I 285 and Peachtree Blvd,,Sideswipe-Same Direction,2,Clear,Dry,Daylight
2024-10-08T08:05:00.000,I 285,I 285 and Peachtree Blvd,,Angle Crash,2,Clear,Dry,Daylight
2024-11-21T21:40:00.000,I 285,I 285 and Peachtree Blvd,,Rear End,2,Clear,Dry,Dark-Lighted
2024-08-11T16:26:00.000,I 285,I 285 and Peachtree Blvd,,Rear End,2,Clear,Dry,Daylight
2024-09-27T23:12:00.000,I 285,I 285 and Peachtree Blvd,,Rear End,2,Cloudy,Dry,Dark-Not Lighted
2024-12-22T16:32:00.000,I 285,I 285 and Peachtree Blvd,,Rear End,2,Clear,Dry,Daylight
2024-08-19T16:30:00.000,I 285,I 285 and Peachtree Blvd,,Sideswipe-Same Direction,2,Clear,Dry,Daylight
2024-11-19T15:20:00.000,I 285,I 285 and Peachtree Blvd,,Rear End,2,Rain,Wet,Daylight
2024-10-04T20:03:00.000,I 285,I 285 and Peachtree Blvd,,Rear End,2,Clear,Dry,Dark-Lighted
2024-10-12T12:07:00.000,I 285,I 285 and Peachtree Blvd,,Sideswipe-Same Direction,2,Clear,Dry,Daylight
2024-10-26T16:15:00.000,I 285,I 285 and Peachtree Blvd,,Rear End,2,Clear,Dry,Daylight
2024-12-22T01:35:00.000,I 285,I 285 and Peachtree Blvd,,Sideswipe-Same Direction,2,Clear,Dry,Dark-Not Lighted
2024-10-11T11:48:00.000,I 285,I 285 and Peachtree Blvd,,Sideswipe-Same Direction,2,Clear,Dry,Daylight
2024-10-05T21:02:00.000,I 285,I 285 and Peachtree Blvd,,Rear End,3,Clear,Dry,Dark-Lighted
2024-12-05T20:53:00.000,I 285,I 285 and Peachtree Blvd,,Sideswipe-Same Direction,2,Clear,Dry,Dark-Lighted
2024-11-20T18:17:00.000,I 285,I 285 and Peachtree Blvd,,Sideswipe-Same Direction,2,Clear,Dry,Dark-Lighted
2024-08-05T17:07:00.000,I 285,I 285 and Peachtree Blvd,,Rear End,3,Clear,Dry,Daylight
2024-10-25T15:44:00.000,I 285,I 285 and Peachtree Blvd,,Rear End,2,Clear,Dry,Daylight
2024-11-04T13:19:00.000,I 285,I 285 and Peachtree Blvd,,Sideswipe-Same Direction,2,Cloudy,Wet,Daylight
2024-10-21T14:51:00.000,I 285,I 285 and Peachtree Blvd,,Rear End,2,Clear,Dry,Daylight
2024-10-13T06:51:00.000,I 285,I 285 and Peachtree,,Angle Crash,5,Clear,Dry,Daylight
2021-10-03T19:56:00.000,I 285,I 285 and Parklake Dr,,Sideswipe-Same Direction,2,Rain,Wet,Dark-Lighted
2021-01-10T05:30:00.000,I 285,I 285 and Parklake Dr,,Not a Collision with Motor Vehicle,1,Clear,Dry,Dark-Lighted
2021-01-16T14:30:00.000,I 285,I 285 and Parklake Dr,,Sideswipe-Same Direction,2,Clear,Dry,Daylight
2024-11-02T23:00:00.000,I 285,I 285 and Parklake Dr,,Sideswipe-Same Direction,2,Clear,Dry,Dark-Lighted
2024-04-05T07:25:00.000,I 285,I 285 and Parklake Dr,,Sideswipe-Same Direction,2,Clear,Dry,Daylight
2024-11-28T10:16:00.000,I 285,I 285 and Parklake Dr,,Angle Crash,2,Clear,Dry,Daylight
2024-02-10T14:20:00.000,I 285,I 285 and Parklake Dr,,Angle Crash,2,Cloudy,Dry,Daylight
2024-10-22T14:55:00.000,I 285,I 285 and Parklake Dr,,Sideswipe-Same Direction,2,Clear,Dry,Daylight
2024-06-24T10:19:00.000,I 285,I 285 and Parklake Dr,,Rear End,2,Clear,Dry,Daylight
2021-01-09T12:37:00.000,I 285,I 285 and Panthersville Rd,,Not a Collision with Motor Vehicle,2,Cloudy,Dry,Daylight
2021-11-05T13:08:00.000,I 285,I 285 and Panthersville Rd,,Rear End,2,Cloudy,Dry,Daylight
2020-02-07T17:00:00.000,I 285,I 285 and Panthersville Rd,,Rear End,2,Cloudy,Dry,Daylight
2020-12-17T15:45:00.000,I 285,I 285 and Panthersville Rd,,Sideswipe-Same Direction,2,Clear,Dry,Daylight
2020-10-17T17:30:00.000,I 285,I 285 and Panthersville Rd,,Sideswipe-Same Direction,2,Clear,Dry,Daylight
2020-01-23T15:23:00.000,I 285,I 285 and Panthersville Rd,,Sideswipe-Same Direction,2,Cloudy,Dry,Daylight
2020-11-03T00:00:00.000,I 285,I 285 and Panthersville Rd,,Sideswipe-Same Direction,2,Clear,Dry,Daylight
2020-11-13T14:23:00.000,I 285,I 285 and Panthersville Rd,,Rear End,2,Clear,Dry,Daylight
2020-10-17T14:00:00.000,I 285,I 285 and Panthersville Rd,,Rear End,2,Clear,Dry,Daylight
2022-12-27T12:22:00.000,I 285,I 285 and Panthersville Rd,,Sideswipe-Same Direction,2,Clear,Dry,Daylight
2022-05-09T21:30:00.000,I 285,I 285 and Panthersville Rd,,Sideswipe-Same Direction,2,Clear,Dry,Dark-Not Lighted
2022-04-11T18:00:00.000,I 285,I 285 and Panthersville Rd,,Angle Crash,2,Clear,Dry,Daylight
2022-03-26T15:08:00.000,I 285,I 285 and Panthersville Rd,,Sideswipe-Same Direction,2,Clear,Dry,Daylight
2022-01-01T10:11:00.000,I 285,I 285 and Panthersville Rd,,Sideswipe-Same Direction,2,Cloudy,Wet,Daylight
2024-10-24T10:11:00.000,I 285,I 285 and Panthersville Rd,,Rear End,2,Clear,Dry,Dark-Lighted
2023-05-18T17:23:00.000,I 285,I 285 and Panthersville Rd,,Rear End,3,Clear,Dry,Daylight
2023-11-06T17:50:00.000,I 285,I 285 and Panthersville Rd,,Rear End,2,Clear,Dry,Dusk
2024-05-14T06:30:00.000,I 285,I 285 and Panthersville Rd,,Not a Collision with Motor Vehicle,1,Rain,Wet,Daylight
2024-01-16T11:30:00.000,I 285,I 285 and Panthersville Rd,,Angle Crash,2,Cloudy,Wet,Daylight
2024-10-24T00:00:00.000,I 285,I 285 and Panthersville Rd,,Sideswipe-Same Direction,2,Clear,Dry,Daylight
2023-10-06T19:46:00.000,I 285,I 285 and Palm Springs Dr,,Rear End,3,Clear,Dry,Dark-Not Lighted
2024-11-23T18:00:00.000,I 285,I 285 and Palm Springs Dr,,Sideswipe-Same Direction,2,Clear,Dry,Dark-Not Lighted
2021-01-05T16:12:00.000,I 285,I 285 and Paes Ferry Rd,,Rear End,3,Clear,Dry,Daylight
2021-11-11T00:13:00.000,I 285,I 285 and Paces Fry,,Sideswipe-Same Direction,2,Clear,Dry,Dark-Not Lighted
2021-10-26T21:34:00.000,I 285,I 285 and Paces Fry,,Sideswipe-Same Direction,2,Clear,Dry,Dark-Not Lighted
2021-02-08T07:32:00.000,I 285,I 285 and Paces Fry,,Not a Collision with Motor Vehicle,1,Clear,Dry,Daylight
2020-12-30T13:33:00.000,I 285,I 285 and Paces Fry,,Sideswipe-Same Direction,2,Cloudy,Dry,Daylight
2022-01-29T21:09:00.000,I 285,I 285 and Paces Fry,,Sideswipe-Same Direction,2,Clear,Dry,Dark-Not Lighted
2022-01-23T20:00:00.000,I 285,I 285 and Paces Fry,,Angle Crash,3,Clear,Dry,Dark-Not Lighted
2024-04-09T18:40:00.000,I 285,I 285 and Paces Fry,,Rear End,2,Rain,Wet,Daylight
2024-12-03T08:06:00.000,I 285,I 285 and Paces Fry,,Sideswipe-Same Direction,2,Clear,Dry,Daylight
2024-12-20T10:21:00.000,I 285,I 285 and Paces Fry,,Not a Collision with Motor Vehicle,2,Clear,Dry,Daylight
2024-09-16T17:51:00.000,I 285,I 285 and Paces Fry,,Rear End,2,Clear,Dry,Daylight
2024-07-11T16:47:00.000,I 285,I 285 and Paces Fry,,Sideswipe-Same Direction,2,Clear,Dry,Daylight
2024-04-05T15:07:00.000,I 285,I 285 and Paces Fry,,Rear End,2,Clear,Dry,Daylight
2024-10-10T08:06:00.000,I 285,I 285 and Paces Fry,,Sideswipe-Same Direction,2,Clear,Dry,Daylight
2024-01-23T22:09:00.000,I 285,I 285 and Paces Fry,,Not a Collision with Motor Vehicle,1,Rain,Wet,Dark-Lighted
2024-01-29T10:26:00.000,I 285,I 285 and Paces Fry,,Sideswipe-Same Direction,2,Clear,Dry,Daylight
2021-07-22T14:41:00.000,I 285,I 285 and Paces Fery Rd,,Sideswipe-Same Direction,3,Cloudy,Dry,Daylight
2024-04-15T16:04:00.000,I 285,I 285 and Paces Ferry Rp,,Sideswipe-Same Direction,2,Clear,Dry,Daylight
2023-12-12T12:55:00.000,I 285,I 285 and Paces Ferry Road Southeast,,Rear End,2,Clear,Dry,Daylight
2022-05-17T18:30:00.000,I 285,I 285 and Paces Ferry Road Opas,,Angle Crash,2,Clear,Dry,Daylight
2022-05-03T18:30:00.000,I 285,I 285 and Paces Ferry Road Opas,,Rear End,3,Clear,Dry,Daylight
2024-03-07T07:25:00.000,I 285,I 285 and Paces Ferry Road Opas,,Rear End,2,Cloudy,Dry,Daylight
2024-03-25T14:46:00.000,I 285,I 285 and Paces Ferry Road Opas,,Sideswipe-Same Direction,2,Cloudy,Dry,Daylight
2024-05-30T00:00:00.000,I 285,I 285 and Paces Ferry Road Opas,,Not a Collision with Motor Vehicle,1,Clear,Dry,Daylight
2023-06-29T07:53:00.000,I 285,I 285 and Paces Ferry Rd.,,Sideswipe-Same Direction,2,Clear,Dry,Daylight
2023-09-19T13:53:00.000,I 285,I 285 and Paces Ferry Rd.,,Sideswipe-Same Direction,2,Clear,Dry,Daylight
2023-09-12T07:39:00.000,I 285,I 285 and Paces Ferry Rd.,,Sideswipe-Same Direction,2,Clear,Dry,Daylight
2023-10-02T16:50:00.000,I 285,I 285 and Paces Ferry Rd.,,Rear End,2,Clear,Dry,Daylight
2023-04-25T12:26:00.000,I 285,I 285 and Paces Ferry Rd.,,Rear End,2,Clear,Dry,Daylight
2022-12-15T11:18:00.000,I 285,I 285 and Paces Ferry Rd.,,Rear End,3,Cloudy,Wet,Daylight
2022-11-08T11:45:00.000,I 285,I 285 and Paces Ferry Rd.,,Rear End,2,Clear,Dry,Daylight
2022-05-19T06:09:00.000,I 285,I 285 and Paces Ferry Rd.,,Not a Collision with Motor Vehicle,1,Clear,Dry,Daylight
2021-03-17T11:50:00.000,I 285,I 285 and Paces Ferry Rd,,Sideswipe-Same Direction,2,Rain,Wet,Daylight
2021-01-14T11:25:00.000,I 285,I 285 and Paces Ferry Rd,,Sideswipe-Same Direction,2,Clear,Dry,Daylight
2021-06-20T17:35:00.000,I 285,I 285 and Paces Ferry Rd,,Rear End,2,Clear,Dry,Daylight
2021-04-08T14:20:00.000,I 285,I 285 and Paces Ferry Rd,,Rear End,2,Clear,Dry,Daylight
2021-04-26T07:48:00.000,I 285,I 285 and Paces Ferry Rd,,Rear End,1,Clear,Dry,Daylight
2021-04-26T07:55:00.000,I 285,I 285 and Paces Ferry Rd,,Rear End,3,Clear,Wet,Daylight
2021-04-30T20:15:00.000,I 285,I 285 and Paces Ferry Rd,,Rear End,2,Clear,Dry,Daylight
2021-11-20T12:11:00.000,I 285,I 285 and Paces Ferry Rd,,Sideswipe-Same Direction,2,Clear,Dry,Daylight
2021-08-04T07:41:00.000,I 285,I 285 and Paces Ferry Rd,,Rear End,2,Cloudy,Dry,Daylight
2021-11-01T14:30:00.000,I 285,I 285 and Paces Ferry Rd,,Rear End,2,Clear,Dry,Daylight
2021-10-19T15:49:00.000,I 285,I 285 and Paces Ferry Rd,,Rear End,2,Clear,Dry,Daylight
2021-07-23T14:15:00.000,I 285,I 285 and Paces Ferry Rd,,Sideswipe-Same Direction,2,Clear,Dry,Daylight
2021-10-31T20:56:00.000,I 285,I 285 and Paces Ferry Rd,,Not a Collision with Motor Vehicle,1,Clear,Dry,Dark-Lighted
2021-11-23T18:00:00.000,I 285,I 285 and Paces Ferry Rd,,Sideswipe-Same Direction,2,Clear,Dry,Daylight
2021-12-05T13:25:00.000,I 285,I 285 and Paces Ferry Rd,,Rear End,2,Clear,Dry,Daylight
2021-12-30T10:31:00.000,I 285,I 285 and Paces Ferry Rd,,Rear End,2,Rain,Wet,Daylight
2021-08-20T21:13:00.000,I 285,I 285 and Paces Ferry Rd,,Not a Collision with Motor Vehicle,1,Cloudy,Wet,Dark-Not Lighted
2021-07-18T16:53:00.000,I 285,I 285 and Paces Ferry Rd,,Rear End,2,Rain,Wet,Daylight
2021-07-02T21:30:00.000,I 285,I 285 and Paces Ferry Rd,,Sideswipe-Same Direction,2,Clear,Dry,Dark-Lighted
2021-07-27T01:19:00.000,I 285,I 285 and Paces Ferry Rd,,Rear End,2,Clear,Dry,Dark-Lighted
2021-09-16T15:06:00.000,I 285,I 285 and Paces Ferry Rd,,Rear End,2,Rain,Wet,Daylight
2021-08-02T11:58:00.000,I 285,I 285 and Paces Ferry Rd,,Not a Collision with Motor Vehicle,1,Cloudy,Dry,Daylight
2021-07-11T18:25:00.000,I 285,I 285 and Paces Ferry Rd,,Rear End,2,Clear,Dry,Daylight
2021-10-28T13:01:00.000,I 285,I 285 and Paces Ferry Rd,,Not a Collision with Motor Vehicle,1,Rain,Wet,Daylight
2021-07-21T08:34:00.000,I 285,I 285 and Paces Ferry Rd,,Rear End,2,Clear,Dry,Daylight
2021-08-16T19:36:00.000,I 285,I 285 and Paces Ferry Rd,,Sideswipe-Same Direction,2,Rain,Wet,Daylight
2021-05-15T19:27:00.000,I 285,I 285 and Paces Ferry Rd,,Rear End,2,Clear,Dry,Daylight