Date and Time,Roadway (From Crash Report),Intersection Name (from Crash Report),KABCO Severity,Manner of Collision (Crash Level) ,# of Vehicles per crash ,Weather Conditions (Crash Level),Surface Condition (Crash Level) ,Light Conditions (Crash Level)
2021-02-09T19:45:00.000,I 285,I 285 and Paces Ferry Rd,,Not a Collision with Motor Vehicle,1,Cloudy,Dry,Dark-Not Lighted
2021-03-28T03:18:00.000,I 285,I 285 and Paces Ferry Rd,,Not a Collision with Motor Vehicle,1,Cloudy,Dry,Dark-Lighted
2021-03-12T15:22:00.000,I 285,I 285 and Paces Ferry Rd,,Rear End,2,Clear,Dry,Daylight
2021-05-25T10:54:00.000,I 285,I 285 and Paces Ferry Rd,,Sideswipe-Same Direction,2,Clear,Dry,Daylight
2021-02-24T13:10:00.000,I 285,I 285 and Paces Ferry Rd,,Rear End,2,Clear,Dry,Daylight
2021-02-23T14:05:00.000,I 285,I 285 and Paces Ferry Rd,,Rear End,3,Clear,Dry,Daylight
2021-04-24T15:30:00.000,I 285,I 285 and Paces Ferry Rd,,Rear End,3,Clear,Dry,Daylight
2021-03-31T12:48:00.000,I 285,I 285 and Paces Ferry Rd,,Sideswipe-Same Direction,2,Rain,Wet,Daylight
2021-02-06T18:50:00.000,I 285,I 285 and Paces Ferry Rd,,Rear End,2,Rain,Wet,Dark-Not Lighted
2021-02-11T14:10:00.000,I 285,I 285 and Paces Ferry Rd,,Rear End,2,Rain,Wet,Daylight
2021-02-17T22:40:00.000,I 285,I 285 and Paces Ferry Rd,,Rear End,2,Clear,Wet,Dark-Not Lighted
2021-06-22T19:41:00.000,I 285,I 285 and Paces Ferry Rd,,Sideswipe-Same Direction,2,Cloudy,Dry,Daylight
2021-04-24T06:45:00.000,I 285,I 285 and Paces Ferry Rd,,Not a Collision with Motor Vehicle,1,Rain,Water (standing or moving),Dark-Not Lighted
2021-04-15T10:56:00.000,I 285,I 285 and Paces Ferry Rd,,Angle Crash,2,Cloudy,Dry,Daylight
2021-06-19T19:18:00.000,I 285,I 285 and Paces Ferry Rd,,Rear End,2,Rain,Wet,Daylight
2021-03-19T08:26:00.000,I 285,I 285 and Paces Ferry Rd,,Sideswipe-Same Direction,2,Clear,Dry,Daylight
2021-06-01T12:45:00.000,I 285,I 285 and Paces Ferry Rd,,Rear End,2,Clear,Dry,Daylight
2021-01-06T11:31:00.000,I 285,I 285 and Paces Ferry Rd,,Not a Collision with Motor Vehicle,2,Clear,Dry,Daylight
2021-06-03T16:36:00.000,I 285,I 285 and Paces Ferry Rd,,Rear End,2,Cloudy,Dry,Daylight
2021-05-29T13:19:00.000,I 285,I 285 and Paces Ferry Rd,,Rear End,2,Clear,Dry,Daylight
2021-06-14T17:41:00.000,I 285,I 285 and Paces Ferry Rd,,Rear End,2,Clear,Dry,Daylight
2021-05-29T15:28:00.000,I 285,I 285 and Paces Ferry Rd,,Rear End,2,Clear,Dry,Daylight
2021-02-11T00:00:00.000,I 285,I 285 and Paces Ferry Rd,,Sideswipe-Same Direction,2,Clear,Dry,Daylight
2021-06-10T19:40:00.000,I 285,I 285 and Paces Ferry Rd,,Rear End,2,Rain,Wet,Daylight
2021-09-01T22:47:00.000,I 285,I 285 and Paces Ferry Rd,,Not a Collision with Motor Vehicle,1,Clear,Dry,Dark-Not Lighted
2021-10-22T17:58:00.000,I 285,I 285 and Paces Ferry Rd,,Rear End,2,Clear,Dry,Daylight
2021-09-01T18:44:00.000,I 285,I 285 and Paces Ferry Rd,,Rear End,2,Clear,Dry,Daylight
2021-09-18T06:45:00.000,I 285,I 285 and Paces Ferry Rd,,Not a Collision with Motor Vehicle,1,Cloudy,Dry,Dark-Not Lighted
2021-11-14T16:41:00.000,I 285,I 285 and Paces Ferry Rd,,Rear End,2,Clear,Dry,Daylight
2021-10-29T17:24:00.000,I 285,I 285 and Paces Ferry Rd,,Sideswipe-Same Direction,2,Rain,Wet,Daylight
2021-08-20T16:25:00.000,I 285,I 285 and Paces Ferry Rd,,Sideswipe-Same Direction,2,Rain,Wet,Daylight
2021-08-18T13:30:00.000,I 285,I 285 and Paces Ferry Rd,,Rear End,2,Clear,Dry,Daylight
2021-10-17T18:05:00.000,I 285,I 285 and Paces Ferry Rd,,Rear End,2,Clear,Dry,Daylight
2021-08-26T18:45:00.000,I 285,I 285 and Paces Ferry Rd,,Rear End,2,Clear,Dry,Daylight
2021-11-07T13:20:00.000,I 285,I 285 and Paces Ferry Rd,,Rear End,2,Clear,Dry,Daylight
2021-07-24T13:46:00.000,I 285,I 285 and Paces Ferry Rd,,Sideswipe-Same Direction,2,Clear,Dry,Daylight
2021-07-21T07:40:00.000,I 285,I 285 and Paces Ferry Rd,,Rear End,2,Cloudy,Wet,Daylight
2021-09-02T09:32:00.000,I 285,I 285 and Paces Ferry Rd,,Rear End,2,Clear,Dry,Daylight
2021-10-28T16:51:00.000,I 285,I 285 and Paces Ferry Rd,,Rear End,2,Cloudy,Wet,Daylight
2021-12-05T16:05:00.000,I 285,I 285 and Paces Ferry Rd,,Rear End,2,Clear,Dry,Daylight
2021-08-10T09:15:00.000,I 285,I 285 and Paces Ferry Rd,,Rear End,2,Clear,Dry,Daylight
2021-07-01T12:00:00.000,I 285,I 285 and Paces Ferry Rd,,Rear End,2,Clear,Dry,Daylight
2021-08-28T18:45:00.000,I 285,I 285 and Paces Ferry Rd,,Sideswipe-Same Direction,2,Clear,Dry,Daylight
2021-08-07T06:39:00.000,I 285,I 285 and Paces Ferry Rd,,Rear End,2,Cloudy,Dry,Dawn
2021-11-16T09:25:00.000,I 285,I 285 and Paces Ferry Rd,,Rear End,2,Clear,Dry,Daylight
2021-12-10T19:55:00.000,I 285,I 285 and Paces Ferry Rd,,Rear End,2,Clear,Dry,Dark-Lighted
2021-09-16T12:46:00.000,I 285,I 285 and Paces Ferry Rd,,Sideswipe-Same Direction,2,Rain,Wet,Daylight
2021-09-16T15:57:00.000,I 285,I 285 and Paces Ferry Rd,,Rear End,3,Cloudy,Dry,Daylight
2021-09-16T09:01:00.000,I 285,I 285 and Paces Ferry Rd,,Sideswipe-Same Direction,2,Rain,Wet,Daylight
2021-10-17T16:30:00.000,I 285,I 285 and Paces Ferry Rd,,Rear End,2,Clear,Dry,Daylight
2021-02-03T09:06:00.000,I 285,I 285 and Paces Ferry Rd,,Sideswipe-Same Direction,2,Clear,Dry,Daylight
2021-01-09T11:41:00.000,I 285,I 285 and Paces Ferry Rd,,Angle Crash,2,Cloudy,Dry,Daylight
2021-06-15T18:11:00.000,I 285,I 285 and Paces Ferry Rd,,Sideswipe-Same Direction,2,Clear,Dry,Daylight
2021-06-29T18:49:00.000,I 285,I 285 and Paces Ferry Rd,,Rear End,3,Cloudy,Dry,Daylight
2021-04-24T18:10:00.000,I 285,I 285 and Paces Ferry Rd,,Rear End,4,Rain,Wet,Daylight
2021-06-22T13:07:00.000,I 285,I 285 and Paces Ferry Rd,,Sideswipe-Same Direction,2,Cloudy,Dry,Daylight
2021-02-14T13:59:00.000,I 285,I 285 and Paces Ferry Rd,,Rear End,2,Cloudy,Dry,Daylight
2021-04-08T13:56:00.000,I 285,I 285 and Paces Ferry Rd,,Sideswipe-Same Direction,2,Cloudy,Dry,Daylight
2021-06-20T17:35:00.000,I 285,I 285 and Paces Ferry Rd,,Rear End,2,Clear,Dry,Daylight
2021-03-18T09:21:00.000,I 285,I 285 and Paces Ferry Rd,,Sideswipe-Same Direction,2,Rain,Wet,Daylight
2021-03-05T17:15:00.000,I 285,I 285 and Paces Ferry Rd,,Rear End,2,Clear,Dry,Daylight
2021-01-20T17:00:00.000,I 285,I 285 and Paces Ferry Rd,,Not a Collision with Motor Vehicle,1,Clear,Dry,Daylight
2021-04-02T10:30:00.000,I 285,I 285 and Paces Ferry Rd,,Angle Crash,2,Clear,Dry,Daylight
2021-05-02T21:00:00.000,I 285,I 285 and Paces Ferry Rd,,Rear End,2,Clear,Dry,Dark-Lighted
2021-02-13T13:45:00.000,I 285,I 285 and Paces Ferry Rd,,Rear End,2,Rain,Wet,Daylight
2021-05-05T07:58:00.000,I 285,I 285 and Paces Ferry Rd,,Rear End,2,Cloudy,Dry,Daylight
2021-01-30T20:25:00.000,I 285,I 285 and Paces Ferry Rd,,Sideswipe-Same Direction,2,Clear,Dry,Dark-Not Lighted
2021-05-28T10:22:00.000,I 285,I 285 and Paces Ferry Rd,,Rear End,2,Clear,Dry,Daylight
2021-02-15T08:55:00.000,I 285,I 285 and Paces Ferry Rd,,Sideswipe-Same Direction,2,Rain,Wet,Daylight
2021-02-19T15:32:00.000,I 285,I 285 and Paces Ferry Rd,,Rear End,2,Clear,Dry,Daylight
2021-06-25T08:26:00.000,I 285,I 285 and Paces Ferry Rd,,Rear End,2,Clear,Dry,Daylight
2021-06-16T08:20:00.000,I 285,I 285 and Paces Ferry Rd,,Sideswipe-Same Direction,2,Clear,Dry,Daylight
2021-08-08T16:30:00.000,I 285,I 285 and Paces Ferry Rd,,Angle Crash,2,Clear,Dry,Daylight
2021-08-26T10:30:00.000,I 285,I 285 and Paces Ferry Rd,,Sideswipe-Same Direction,2,Cloudy,Dry,Daylight
2021-10-13T08:33:00.000,I 285,I 285 and Paces Ferry Rd,,Sideswipe-Same Direction,2,Clear,Dry,Daylight
2021-07-15T12:10:00.000,I 285,I 285 and Paces Ferry Rd,,Sideswipe-Same Direction,2,Clear,Dry,Daylight
2021-07-07T15:40:00.000,I 285,I 285 and Paces Ferry Rd,,Rear End,2,Cloudy,Wet,Daylight
2021-10-03T04:13:00.000,I 285,I 285 and Paces Ferry Rd,,Angle Crash,2,Clear,Dry,Dark-Not Lighted
2021-08-31T20:33:00.000,I 285,I 285 and Paces Ferry Rd,,Angle Crash,3,Rain,Wet,Dark-Not Lighted
2021-07-05T09:33:00.000,I 285,I 285 and Paces Ferry Rd,,Rear End,2,Clear,Dry,Daylight
2021-11-11T18:26:00.000,I 285,I 285 and Paces Ferry Rd,,Sideswipe-Same Direction,2,Rain,Wet,Dark-Lighted
2021-12-17T10:35:00.000,I 285,I 285 and Paces Ferry Rd,,Rear End,2,Clear,Dry,Daylight
2021-10-02T14:50:00.000,I 285,I 285 and Paces Ferry Rd,,Sideswipe-Same Direction,2,Cloudy,Dry,Daylight
2021-09-24T11:30:00.000,I 285,I 285 and Paces Ferry Rd,,Rear End,2,Clear,Dry,Daylight
2021-09-18T06:56:00.000,I 285,I 285 and Paces Ferry Rd,,Sideswipe-Same Direction,2,Cloudy,Dry,Dark-Lighted
2021-04-23T09:00:00.000,I 285,I 285 and Paces Ferry Rd,,Rear End,2,Cloudy,Dry,Daylight
2021-06-15T15:41:00.000,I 285,I 285 and Paces Ferry Rd,,Sideswipe-Same Direction,3,Clear,Dry,Daylight
2021-01-14T14:30:00.000,I 285,I 285 and Paces Ferry Rd,,Sideswipe-Same Direction,2,Cloudy,Dry,Daylight
2021-05-19T16:35:00.000,I 285,I 285 and Paces Ferry Rd,,Rear End,2,Clear,Dry,Daylight
2021-02-10T18:00:00.000,I 285,I 285 and Paces Ferry Rd,,Rear End,2,Clear,Dry,Dawn
2021-02-19T15:56:00.000,I 285,I 285 and Paces Ferry Rd,,Rear End,2,Clear,Dry,Daylight
2021-05-07T13:20:00.000,I 285,I 285 and Paces Ferry Rd,,Sideswipe-Same Direction,2,Clear,Dry,Daylight
2021-05-28T13:25:00.000,I 285,I 285 and Paces Ferry Rd,,Rear End,2,Clear,Dry,Daylight
2021-06-15T18:00:00.000,I 285,I 285 and Paces Ferry Rd,,Rear End,2,Clear,Dry,Daylight
2021-04-10T17:00:00.000,I 285,I 285 and Paces Ferry Rd,,Rear End,2,Clear,Dry,Daylight
2021-06-20T17:25:00.000,I 285,I 285 and Paces Ferry Rd,,Rear End,2,Cloudy,Dry,Daylight
2020-08-31T12:20:00.000,I 285,I 285 and Paces Ferry Rd,,Rear End,2,Cloudy,Dry,Daylight
2020-11-23T19:50:00.000,I 285,I 285 and Paces Ferry Rd,,Rear End,2,Clear,Dry,Daylight
2020-10-06T11:33:00.000,I 285,I 285 and Paces Ferry Rd,,Angle Crash,3,Clear,Dry,Daylight
2020-08-31T06:45:00.000,I 285,I 285 and Paces Ferry Rd,,Not a Collision with Motor Vehicle,1,Cloudy,Dry,Dark-Not Lighted
2020-08-20T16:05:00.000,I 285,I 285 and Paces Ferry Rd,,Rear End,2,Cloudy,Dry,Daylight
2020-11-20T18:01:00.000,I 285,I 285 and Paces Ferry Rd,,Sideswipe-Same Direction,2,Clear,Dry,Dark-Not Lighted
2020-02-26T16:08:00.000,I 285,I 285 and Paces Ferry Rd,,Angle Crash,2,Rain,Wet,Daylight
2023-05-05T15:21:00.000,I 285,I 285 and Paces Ferry Rd,,Sideswipe-Same Direction,2,Clear,Wet,Daylight
2023-02-14T15:00:00.000,I 285,I 285 and Paces Ferry Rd,,Rear End,3,Clear,Dry,Daylight
2023-12-26T13:50:00.000,I 285,I 285 and Paces Ferry Rd,,Rear End,2,Rain,Wet,Daylight
2023-02-23T15:10:00.000,I 285,I 285 and Paces Ferry Rd,,Sideswipe-Same Direction,3,Cloudy,Dry,Daylight
2023-06-16T03:04:00.000,I 285,I 285 and Paces Ferry Rd,,Sideswipe-Same Direction,2,Clear,Dry,Dark-Lighted
2023-12-21T13:25:00.000,I 285,I 285 and Paces Ferry Rd,,Rear End,2,Cloudy,Dry,Daylight
2023-11-14T15:14:00.000,I 285,I 285 and Paces Ferry Rd,,Angle Crash,2,Cloudy,Dry,Daylight
2023-04-27T12:38:00.000,I 285,I 285 and Paces Ferry Rd,,Sideswipe-Same Direction,5,Rain,Wet,Daylight
2023-09-24T16:48:00.000,I 285,I 285 and Paces Ferry Rd,,Sideswipe-Same Direction,2,Clear,Dry,Daylight
2023-04-29T14:16:00.000,I 285,I 285 and Paces Ferry Rd,,Rear End,2,Clear,Dry,Daylight
2023-12-22T14:50:00.000,I 285,I 285 and Paces Ferry Rd,,Rear End,2,Clear,Dry,Daylight
2023-12-08T09:45:00.000,I 285,I 285 and Paces Ferry Rd,,Sideswipe-Same Direction,2,Clear,Dry,Daylight
2023-10-26T06:22:00.000,I 285,I 285 and Paces Ferry Rd,,Not a Collision with Motor Vehicle,1,Clear,Dry,Dark-Not Lighted
2023-02-24T15:10:00.000,I 285,I 285 and Paces Ferry Rd,,Rear End,2,Cloudy,Dry,Daylight
2023-12-23T14:44:00.000,I 285,I 285 and Paces Ferry Rd,,Rear End,2,Clear,Dry,Daylight
2023-06-28T18:24:00.000,I 285,I 285 and Paces Ferry Rd,,Rear End,2,Clear,Dry,Daylight
2023-07-30T12:40:00.000,I 285,I 285 and Paces Ferry Rd,,Rear End,2,Clear,Dry,Daylight
2023-06-13T19:08:00.000,I 285,I 285 and Paces Ferry Rd,,Sideswipe-Same Direction,2,Clear,Dry,Daylight
2023-06-07T07:40:00.000,I 285,I 285 and Paces Ferry Rd,,Rear End,2,Clear,Dry,Daylight
2023-02-13T17:40:00.000,I 285,I 285 and Paces Ferry Rd,,Rear End,2,Clear,Dry,Daylight
2023-04-29T14:18:00.000,I 285,I 285 and Paces Ferry Rd,,Rear End,2,Clear,Dry,Daylight
2023-07-20T14:08:00.000,I 285,I 285 and Paces Ferry Rd,,Rear End,2,Cloudy,Dry,Daylight
2023-06-10T17:42:00.000,I 285,I 285 and Paces Ferry Rd,,Angle Crash,2,Clear,Dry,Daylight
2023-02-08T19:41:00.000,I 285,I 285 and Paces Ferry Rd,,Sideswipe-Same Direction,2,Clear,Dry,Dark-Not Lighted
2023-04-28T13:25:00.000,I 285,I 285 and Paces Ferry Rd,,Not a Collision with Motor Vehicle,2,Clear,Dry,Daylight
2023-03-07T17:50:00.000,I 285,I 285 and Paces Ferry Rd,,Rear End,2,Clear,Dry,Daylight
2023-12-18T18:41:00.000,I 285,I 285 and Paces Ferry Rd,,Rear End,2,Clear,Dry,Dark-Not Lighted
2023-12-01T17:07:00.000,I 285,I 285 and Paces Ferry Rd,,Sideswipe-Same Direction,2,Rain,Wet,Dark-Not Lighted
2023-03-25T19:10:00.000,I 285,I 285 and Paces Ferry Rd,,Rear End,3,Clear,Dry,Daylight
2023-10-16T04:14:00.000,I 285,I 285 and Paces Ferry Rd,,Rear End,2,Clear,Dry,Dark-Not Lighted
2023-01-09T18:24:00.000,I 285,I 285 and Paces Ferry Rd,,Sideswipe-Same Direction,2,Cloudy,Dry,Dark-Not Lighted
2023-03-02T19:31:00.000,I 285,I 285 and Paces Ferry Rd,,Rear End,2,Cloudy,Wet,Dark-Not Lighted
2023-08-05T11:26:00.000,I 285,I 285 and Paces Ferry Rd,,Rear End,2,Clear,Dry,Daylight
2023-03-17T21:47:00.000,I 285,I 285 and Paces Ferry Rd,,Sideswipe-Same Direction,2,Rain,Wet,Dark-Not Lighted
2023-07-22T18:45:00.000,I 285,I 285 and Paces Ferry Rd,,Rear End,2,Clear,Dry,Daylight
2023-11-16T10:33:00.000,I 285,I 285 and Paces Ferry Rd,,Rear End,2,Clear,Dry,Daylight
2023-09-16T22:28:00.000,I 285,I 285 and Paces Ferry Rd,,Rear End,2,Cloudy,Dry,Dark-Lighted
2023-08-15T07:15:00.000,I 285,I 285 and Paces Ferry Rd,,Not a Collision with Motor Vehicle,1,Clear,Dry,Dusk
2023-12-22T07:36:00.000,I 285,I 285 and Paces Ferry Rd,,Not a Collision with Motor Vehicle,1,Clear,Dry,Daylight
2023-09-08T21:00:00.000,I 285,I 285 and Paces Ferry Rd,,Sideswipe-Same Direction,2,Clear,Dry,Dark-Lighted
2023-07-19T09:44:00.000,I 285,I 285 and Paces Ferry Rd,,Sideswipe-Same Direction,2,Clear,Dry,Daylight
2023-03-01T17:20:00.000,I 285,I 285 and Paces Ferry Rd,,Rear End,2,Clear,Dry,Daylight
2023-02-24T15:05:00.000,I 285,I 285 and Paces Ferry Rd,,Rear End,2,Cloudy,Dry,Daylight
2023-04-22T12:15:00.000,I 285,I 285 and Paces Ferry Rd,,Rear End,3,Clear,Dry,Daylight
2023-07-31T11:00:00.000,I 285,I 285 and Paces Ferry Rd,,Rear End,2,Clear,Dry,Daylight
2023-10-12T14:22:00.000,I 285,I 285 and Paces Ferry Rd,,Rear End,2,Cloudy,Dry,Daylight
2023-07-30T15:11:00.000,I 285,I 285 and Paces Ferry Rd,,Rear End,2,Clear,Dry,Daylight
2023-05-10T16:56:00.000,I 285,I 285 and Paces Ferry Rd,,Rear End,3,Clear,Dry,Daylight
2023-05-03T18:50:00.000,I 285,I 285 and Paces Ferry Rd,,Sideswipe-Same Direction,1,Cloudy,Dry,Daylight
2023-09-15T00:01:00.000,I 285,I 285 and Paces Ferry Rd,,Not a Collision with Motor Vehicle,2,Clear,Dry,Dark-Lighted
2023-06-28T09:53:00.000,I 285,I 285 and Paces Ferry Rd,,Rear End,2,Clear,Dry,Daylight
2023-03-17T16:23:00.000,I 285,I 285 and Paces Ferry Rd,,Rear End,2,Rain,Wet,Daylight
2023-03-15T13:24:00.000,I 285,I 285 and Paces Ferry Rd,,Rear End,2,Clear,Dry,Daylight
2023-07-31T13:59:00.000,I 285,I 285 and Paces Ferry Rd,,Rear End,2,Cloudy,Dry,Daylight
2023-06-29T11:48:00.000,I 285,I 285 and Paces Ferry Rd,,Rear End,2,Clear,Dry,Daylight
2023-05-20T17:58:00.000,I 285,I 285 and Paces Ferry Rd,,Rear End,2,Clear,Dry,Daylight
2023-08-14T07:40:00.000,I 285,I 285 and Paces Ferry Rd,,Rear End,2,Clear,Dry,Daylight
2023-05-19T14:39:00.000,I 285,I 285 and Paces Ferry Rd,,Rear End,2,Cloudy,Dry,Daylight
2023-03-15T08:28:00.000,I 285,I 285 and Paces Ferry Rd,,Rear End,3,Clear,Dry,Daylight
2023-11-12T10:40:00.000,I 285,I 285 and Paces Ferry Rd,,Not a Collision with Motor Vehicle,1,Clear,Dry,Daylight
2023-11-02T10:10:00.000,I 285,I 285 and Paces Ferry Rd,,Sideswipe-Same Direction,2,Clear,Dry,Daylight
2023-05-23T17:10:00.000,I 285,I 285 and Paces Ferry Rd,,Sideswipe-Same Direction,2,Cloudy,Dry,Daylight
2023-10-21T11:00:00.000,I 285,I 285 and Paces Ferry Rd,,Sideswipe-Same Direction,2,Clear,Dry,Daylight
2023-08-14T17:18:00.000,I 285,I 285 and Paces Ferry Rd,,Rear End,2,Cloudy,Dry,Daylight
2023-05-03T14:32:00.000,I 285,I 285 and Paces Ferry Rd,,Sideswipe-Same Direction,2,Clear,Dry,Daylight
2023-10-16T17:12:00.000,I 285,I 285 and Paces Ferry Rd,,Rear End,2,Cloudy,Dry,Daylight
2023-08-09T16:55:00.000,I 285,I 285 and Paces Ferry Rd,,Rear End,3,Clear,Dry,Daylight
2023-07-10T08:25:00.000,I 285,I 285 and Paces Ferry Rd,,Rear End,2,Clear,Wet,Daylight
2023-10-18T12:10:00.000,I 285,I 285 and Paces Ferry Rd,,Sideswipe-Same Direction,2,Clear,Dry,Daylight
2023-09-27T09:55:00.000,I 285,I 285 and Paces Ferry Rd,,Rear End,2,Clear,Dry,Daylight
2023-05-19T12:00:00.000,I 285,I 285 and Paces Ferry Rd,,Sideswipe-Same Direction,2,Cloudy,Dry,Daylight
2023-04-16T18:24:00.000,I 285,I 285 and Paces Ferry Rd,,Sideswipe-Same Direction,2,Clear,Dry,Daylight
2023-06-10T15:35:00.000,I 285,I 285 and Paces Ferry Rd,,Sideswipe-Same Direction,2,Clear,Dry,Daylight
2023-10-17T12:27:00.000,I 285,I 285 and Paces Ferry Rd,,Rear End,2,Clear,Dry,Daylight
2023-07-01T16:10:00.000,I 285,I 285 and Paces Ferry Rd,,Sideswipe-Same Direction,2,Clear,Dry,Daylight
2023-05-22T08:15:00.000,I 285,I 285 and Paces Ferry Rd,,Sideswipe-Same Direction,3,Clear,Dry,Daylight
2023-09-02T18:20:00.000,I 285,I 285 and Paces Ferry Rd,,Rear End,2,Cloudy,Dry,Daylight
2023-02-05T19:40:00.000,I 285,I 285 and Paces Ferry Rd,,Angle Crash,2,Clear,Dry,Dark-Lighted
2023-12-12T15:32:00.000,I 285,I 285 and Paces Ferry Rd,,Rear End,2,Clear,Dry,Daylight
2023-03-01T18:30:00.000,I 285,I 285 and Paces Ferry Rd,,Rear End,2,Clear,Dry,Daylight
2023-05-04T16:30:00.000,I 285,I 285 and Paces Ferry Rd,,Rear End,2,Clear,Dry,Daylight
2023-07-01T12:55:00.000,I 285,I 285 and Paces Ferry Rd,,Rear End,4,Clear,Dry,Daylight
2023-09-14T16:11:00.000,I 285,I 285 and Paces Ferry Rd,,Rear End,2,Rain,Wet,Daylight
2023-03-10T14:48:00.000,I 285,I 285 and Paces Ferry Rd,,Rear End,2,Cloudy,Dry,Daylight
2023-03-21T16:56:00.000,I 285,I 285 and Paces Ferry Rd,,Rear End,2,Clear,Dry,Daylight
2023-08-12T20:00:00.000,I 285,I 285 and Paces Ferry Rd,,Angle Crash,2,Rain,Water (standing or moving),Daylight
2023-11-04T13:42:00.000,I 285,I 285 and Paces Ferry Rd,,Rear End,2,Clear,Dry,Daylight
2023-07-30T20:06:00.000,I 285,I 285 and Paces Ferry Rd,,Rear End,2,Clear,Dry,Daylight
2023-05-19T08:10:00.000,I 285,I 285 and Paces Ferry Rd,,Not a Collision with Motor Vehicle,1,Clear,Dry,Daylight
2023-01-23T17:40:00.000,I 285,I 285 and Paces Ferry Rd,,Rear End,2,Clear,Dry,Daylight
2023-05-03T16:20:00.000,I 285,I 285 and Paces Ferry Rd,,Rear End,2,Cloudy,Dry,Daylight
2023-10-19T17:55:00.000,I 285,I 285 and Paces Ferry Rd,,Rear End,2,Cloudy,Dry,Daylight
2023-06-10T19:45:00.000,I 285,I 285 and Paces Ferry Rd,,Rear End,3,Clear,Dry,Daylight
2023-01-24T09:38:00.000,I 285,I 285 and Paces Ferry Rd,,Sideswipe-Same Direction,2,Clear,Dry,Daylight
2023-03-15T13:24:00.000,I 285,I 285 and Paces Ferry Rd,,Rear End,3,Clear,Dry,Daylight
2023-01-25T12:30:00.000,I 285,I 285 and Paces Ferry Rd,,Rear End,3,Clear,Dry,Daylight
2023-10-26T11:15:00.000,I 285,I 285 and Paces Ferry Rd,,Sideswipe-Same Direction,2,Clear,Dry,Daylight
2023-08-17T09:06:00.000,I 285,I 285 and Paces Ferry Rd,,Rear End,2,Clear,Dry,Daylight
2023-06-03T13:30:00.000,I 285,I 285 and Paces Ferry Rd,,Rear End,2,Clear,Dry,Daylight
2023-03-13T09:43:00.000,I 285,I 285 and Paces Ferry Rd,,Sideswipe-Same Direction,2,Clear,Dry,Daylight
2023-06-10T19:45:00.000,I 285,I 285 and Paces Ferry Rd,,Rear End,2,Clear,Dry,Daylight
2023-07-25T11:00:00.000,I 285,I 285 and Paces Ferry Rd,,Rear End,2,Clear,Dry,Daylight
2023-07-08T17:42:00.000,I 285,I 285 and Paces Ferry Rd,,Angle Crash,2,Clear,Dry,Daylight
2023-08-23T18:00:00.000,I 285,I 285 and Paces Ferry Rd,,Rear End,2,Clear,Dry,Daylight
2023-08-19T13:47:00.000,I 285,I 285 and Paces Ferry Rd,,Sideswipe-Same Direction,2,Clear,Dry,Daylight
2023-09-09T12:42:00.000,I 285,I 285 and Paces Ferry Rd,,Rear End,2,Clear,Dry,Daylight
2023-02-28T17:00:00.000,I 285,I 285 and Paces Ferry Rd,,Rear End,2,Clear,Dry,Daylight
2023-11-03T14:00:00.000,I 285,I 285 and Paces Ferry Rd,,Rear End,2,Clear,Dry,Daylight
2023-03-17T16:33:00.000,I 285,I 285 and Paces Ferry Rd,,Sideswipe-Same Direction,2,Rain,Wet,Daylight
2023-08-25T11:45:00.000,I 285,I 285 and Paces Ferry Rd,,Sideswipe-Same Direction,3,Cloudy,Dry,Daylight
2023-04-30T14:02:00.000,I 285,I 285 and Paces Ferry Rd,,Rear End,2,Clear,Dry,Daylight
2023-12-07T07:08:00.000,I 285,I 285 and Paces Ferry Rd,,Rear End,2,Clear,Dry,Daylight
2023-05-05T23:13:00.000,I 285,I 285 and Paces Ferry Rd,,Rear End,3,Clear,Dry,Dark-Not Lighted
2023-05-18T16:50:00.000,I 285,I 285 and Paces Ferry Rd,,Rear End,2,Clear,Dry,Daylight
2023-05-23T08:14:00.000,I 285,I 285 and Paces Ferry Rd,,Rear End,2,Rain,Wet,Daylight
2023-07-01T16:27:00.000,I 285,I 285 and Paces Ferry Rd,,Rear End,2,Clear,Dry,Daylight
2023-07-20T16:00:00.000,I 285,I 285 and Paces Ferry Rd,,Sideswipe-Same Direction,2,Clear,Dry,Daylight
2023-07-03T12:01:00.000,I 285,I 285 and Paces Ferry Rd,,Rear End,2,Clear,Dry,Daylight
2023-06-01T18:25:00.000,I 285,I 285 and Paces Ferry Rd,,Rear End,2,Clear,Dry,Daylight
2023-02-03T17:48:00.000,I 285,I 285 and Paces Ferry Rd,,Rear End,2,Clear,Dry,Dusk
2023-12-06T19:39:00.000,I 285,I 285 and Paces Ferry Rd,,Sideswipe-Same Direction,2,Clear,Dry,Dark-Not Lighted
2023-07-01T16:03:00.000,I 285,I 285 and Paces Ferry Rd,,Rear End,2,Clear,Dry,Daylight
2023-08-27T19:17:00.000,I 285,I 285 and Paces Ferry Rd,,Angle Crash,2,Clear,Dry,Daylight
2023-11-29T15:21:00.000,I 285,I 285 and Paces Ferry Rd,,Sideswipe-Same Direction,2,Clear,Dry,Daylight
2023-04-10T16:40:00.000,I 285,I 285 and Paces Ferry Rd,,Rear End,2,Clear,Dry,Daylight
2023-10-01T12:47:00.000,I 285,I 285 and Paces Ferry Rd,,Rear End,3,Clear,Dry,Daylight
2023-06-23T16:37:00.000,I 285,I 285 and Paces Ferry Rd,,Rear End,2,Clear,Dry,Daylight
2023-08-07T18:51:00.000,I 285,I 285 and Paces Ferry Rd,,Angle Crash,3,Rain,Wet,Daylight