Date and Time,Roadway (From Crash Report),Intersection Name (from Crash Report),KABCO Severity,Manner of Collision (Crash Level) ,# of Vehicles per crash ,Weather Conditions (Crash Level),Surface Condition (Crash Level) ,Light Conditions (Crash Level)
2023-01-24T09:19:00.000,I 285,I 285 and Paces Ferry Rd,,Rear End,2,Clear,Dry,Daylight
2022-12-10T15:13:00.000,I 285,I 285 and Paces Ferry Rd,,Rear End,2,Clear,Dry,Daylight
2022-11-16T11:41:00.000,I 285,I 285 and Paces Ferry Rd,,Rear End,2,Clear,Dry,Daylight
2022-11-04T12:00:00.000,I 285,I 285 and Paces Ferry Rd,,Rear End,3,Clear,Dry,Daylight
2022-09-24T13:28:00.000,I 285,I 285 and Paces Ferry Rd,,Sideswipe-Same Direction,3,Clear,Dry,Daylight
2021-03-11T16:26:00.000,I 285,I 285 and Paces Ferry Rd,,Rear End,2,Cloudy,Dry,Daylight
2022-03-30T09:38:00.000,I 285,I 285 and Paces Ferry Rd,,Rear End,2,Cloudy,Dry,Daylight
2022-12-12T19:33:00.000,I 285,I 285 and Paces Ferry Rd,,Angle Crash,2,Clear,Dry,Dark-Lighted
2023-10-19T12:11:00.000,I 285,I 285 and Paces Ferry Rd,,Sideswipe-Same Direction,2,Clear,Dry,Daylight
2020-08-22T21:56:00.000,I 285,I 285 and Paces Ferry Rd,,Angle Crash,3,Clear,Wet,Dark-Not Lighted
2020-01-02T09:35:00.000,I 285,I 285 and Paces Ferry Rd,,Rear End,2,Rain,Wet,Daylight
2020-03-16T04:29:00.000,I 285,I 285 and Paces Ferry Rd,,Sideswipe-Same Direction,2,Cloudy,Dry,Dark-Lighted
2020-08-01T20:09:00.000,I 285,I 285 and Paces Ferry Rd,,Not a Collision with Motor Vehicle,1,Clear,Dry,Daylight
2020-08-03T11:52:00.000,I 285,I 285 and Paces Ferry Rd,,Rear End,2,Clear,Dry,Daylight
2020-07-08T08:10:00.000,I 285,I 285 and Paces Ferry Rd,,Not a Collision with Motor Vehicle,1,Cloudy,Dry,Daylight
2020-01-13T07:21:00.000,I 285,I 285 and Paces Ferry Rd,,Sideswipe-Same Direction,2,Rain,Wet,Dark-Not Lighted
2020-10-16T20:35:00.000,I 285,I 285 and Paces Ferry Rd,,Rear End,2,Clear,Dry,Dark-Lighted
2020-10-23T15:08:00.000,I 285,I 285 and Paces Ferry Rd,,Rear End,2,Cloudy,Dry,Daylight
2020-07-10T00:07:00.000,I 285,I 285 and Paces Ferry Rd,,Sideswipe-Same Direction,2,Cloudy,Wet,Dark-Not Lighted
2020-07-24T09:05:00.000,I 285,I 285 and Paces Ferry Rd,,Sideswipe-Same Direction,2,Cloudy,Dry,Daylight
2020-02-09T20:27:00.000,I 285,I 285 and Paces Ferry Rd,,Rear End,2,Clear,Dry,Dark-Lighted
2020-12-18T16:45:00.000,I 285,I 285 and Paces Ferry Rd,,Sideswipe-Same Direction,2,Clear,Dry,Dark-Not Lighted
2020-06-04T17:10:00.000,I 285,I 285 and Paces Ferry Rd,,Sideswipe-Same Direction,2,Cloudy,Dry,Daylight
2020-05-31T17:48:00.000,I 285,I 285 and Paces Ferry Rd,,Not a Collision with Motor Vehicle,1,Clear,Dry,Daylight
2020-09-15T15:48:00.000,I 285,I 285 and Paces Ferry Rd,,Sideswipe-Same Direction,2,Clear,Dry,Daylight
2020-06-27T07:43:00.000,I 285,I 285 and Paces Ferry Rd,,Rear End,2,Clear,Dry,Daylight
2020-06-11T02:10:00.000,I 285,I 285 and Paces Ferry Rd,,Not a Collision with Motor Vehicle,1,Rain,Wet,Dark-Lighted
2020-03-09T17:17:00.000,I 285,I 285 and Paces Ferry Rd,,Rear End,2,Cloudy,Dry,Daylight
2020-08-04T11:25:00.000,I 285,I 285 and Paces Ferry Rd,,Not a Collision with Motor Vehicle,2,Clear,Dry,Daylight
2020-08-09T15:55:00.000,I 285,I 285 and Paces Ferry Rd,,Sideswipe-Same Direction,2,Clear,Dry,Daylight
2020-12-02T12:42:00.000,I 285,I 285 and Paces Ferry Rd,,Rear End,2,Clear,Dry,Daylight
2020-05-24T13:00:00.000,I 285,I 285 and Paces Ferry Rd,,Angle Crash,2,Cloudy,Dry,Daylight
2020-12-11T14:30:00.000,I 285,I 285 and Paces Ferry Rd,,Sideswipe-Same Direction,2,Clear,Dry,Daylight
2020-12-15T18:50:00.000,I 285,I 285 and Paces Ferry Rd,,Sideswipe-Same Direction,2,Clear,Dry,Dark-Lighted
2020-11-25T19:10:00.000,I 285,I 285 and Paces Ferry Rd,,Rear End,2,Rain,Wet,Dark-Not Lighted
2020-01-05T10:54:00.000,I 285,I 285 and Paces Ferry Rd,,Rear End,2,Clear,Dry,Daylight
2020-01-04T16:22:00.000,I 285,I 285 and Paces Ferry Rd,,Sideswipe-Same Direction,2,Clear,Dry,Daylight
2020-06-01T17:45:00.000,I 285,I 285 and Paces Ferry Rd,,Sideswipe-Same Direction,2,Clear,Dry,Daylight
2020-03-16T23:27:00.000,I 285,I 285 and Paces Ferry Rd,,Not a Collision with Motor Vehicle,1,Clear,Dry,Dark-Lighted
2020-08-31T17:18:00.000,I 285,I 285 and Paces Ferry Rd,,Rear End,2,Rain,Wet,Daylight
2020-10-17T07:19:00.000,I 285,I 285 and Paces Ferry Rd,,Rear End,4,Clear,Dry,Dawn
2020-09-12T09:36:00.000,I 285,I 285 and Paces Ferry Rd,,Sideswipe-Same Direction,2,Cloudy,Dry,Daylight
2020-09-11T15:47:00.000,I 285,I 285 and Paces Ferry Rd,,Rear End,2,Cloudy,Dry,Daylight
2020-11-21T14:44:00.000,I 285,I 285 and Paces Ferry Rd,,Rear End,2,Clear,Dry,Daylight
2020-11-11T20:53:00.000,I 285,I 285 and Paces Ferry Rd,,Rear End,2,Rain,Wet,Dark-Lighted
2020-02-28T21:00:00.000,I 285,I 285 and Paces Ferry Rd,,Sideswipe-Same Direction,2,Clear,Dry,Dark-Lighted
2020-06-20T15:03:00.000,I 285,I 285 and Paces Ferry Rd,,Sideswipe-Same Direction,2,Clear,Dry,Daylight
2020-03-05T11:05:00.000,I 285,I 285 and Paces Ferry Rd,,Sideswipe-Same Direction,2,Rain,Wet,Daylight
2020-08-30T14:08:00.000,I 285,I 285 and Paces Ferry Rd,,Rear End,1,Clear,Dry,Daylight
2020-04-26T15:20:00.000,I 285,I 285 and Paces Ferry Rd,,Sideswipe-Same Direction,2,Clear,Dry,Daylight
2020-08-31T06:56:00.000,I 285,I 285 and Paces Ferry Rd,,Not a Collision with Motor Vehicle,1,Cloudy,Dry,Dark-Not Lighted
2020-11-06T22:17:00.000,I 285,I 285 and Paces Ferry Rd,,Rear End,2,Clear,Dry,Dark-Not Lighted
2020-09-09T22:00:00.000,I 285,I 285 and Paces Ferry Rd,,Not a Collision with Motor Vehicle,2,Clear,Dry,Dawn
2020-01-16T10:41:00.000,I 285,I 285 and Paces Ferry Rd,,Rear End,2,Clear,Dry,Daylight
2020-02-23T15:54:00.000,I 285,I 285 and Paces Ferry Rd,,Rear End,2,Cloudy,Dry,Daylight
2020-12-15T12:30:00.000,I 285,I 285 and Paces Ferry Rd,,Sideswipe-Same Direction,2,Cloudy,Dry,Daylight
2020-12-21T14:15:00.000,I 285,I 285 and Paces Ferry Rd,,Rear End,3,Clear,Dry,Daylight
2020-06-06T14:16:00.000,I 285,I 285 and Paces Ferry Rd,,Rear End,3,Clear,Dry,Daylight
2020-06-03T06:51:00.000,I 285,I 285 and Paces Ferry Rd,,Angle Crash,2,Clear,Dry,Daylight
2020-06-17T08:41:00.000,I 285,I 285 and Paces Ferry Rd,,Not a Collision with Motor Vehicle,4,Cloudy,Dry,Daylight
2020-01-03T15:42:00.000,I 285,I 285 and Paces Ferry Rd,,Rear End,2,Rain,Wet,Daylight
2020-08-29T11:59:00.000,I 285,I 285 and Paces Ferry Rd,,Sideswipe-Same Direction,2,Clear,Dry,Daylight
2020-04-30T13:25:00.000,I 285,I 285 and Paces Ferry Rd,,Rear End,2,Cloudy,Dry,Daylight
2020-07-19T17:21:00.000,I 285,I 285 and Paces Ferry Rd,,Rear End,2,Rain,Wet,Daylight
2020-01-03T00:55:00.000,I 285,I 285 and Paces Ferry Rd,,Not a Collision with Motor Vehicle,1,Cloudy,Wet,Dark-Not Lighted
2020-12-03T15:34:00.000,I 285,I 285 and Paces Ferry Rd,,Sideswipe-Same Direction,2,Cloudy,Dry,Daylight
2020-01-28T08:55:00.000,I 285,I 285 and Paces Ferry Rd,,Rear End,2,Clear,Dry,Daylight
2020-11-29T21:00:00.000,I 285,I 285 and Paces Ferry Rd,,Not a Collision with Motor Vehicle,1,Rain,Wet,Daylight
2020-11-12T07:50:00.000,I 285,I 285 and Paces Ferry Rd,,Sideswipe-Same Direction,3,Cloudy,Wet,Daylight
2020-12-17T23:26:00.000,I 285,I 285 and Paces Ferry Rd,,Rear End,2,Clear,Dry,Dark-Not Lighted
2020-02-22T22:27:00.000,I 285,I 285 and Paces Ferry Rd,,Rear End,2,Clear,Dry,Dark-Not Lighted
2020-08-30T02:13:00.000,I 285,I 285 and Paces Ferry Rd,,Sideswipe-Same Direction,2,Clear,Dry,Dark-Lighted
2020-05-18T11:32:00.000,I 285,I 285 and Paces Ferry Rd,,Rear End,2,Cloudy,Wet,Daylight
2020-11-19T19:55:00.000,I 285,I 285 and Paces Ferry Rd,,Sideswipe-Same Direction,2,Clear,Dry,Dark-Lighted
2020-11-15T15:20:00.000,I 285,I 285 and Paces Ferry Rd,,Rear End,2,Clear,Dry,Daylight
2020-03-24T16:19:00.000,I 285,I 285 and Paces Ferry Rd,,Sideswipe-Same Direction,2,Cloudy,Dry,Daylight
2020-10-17T09:58:00.000,I 285,I 285 and Paces Ferry Rd,,Rear End,2,Clear,Dry,Dark-Lighted
2020-12-19T13:51:00.000,I 285,I 285 and Paces Ferry Rd,,Rear End,2,Clear,Dry,Daylight
2020-07-01T18:10:00.000,I 285,I 285 and Paces Ferry Rd,,Angle Crash,2,Cloudy,Dry,Daylight
2020-11-01T01:00:00.000,I 285,I 285 and Paces Ferry Rd,,Sideswipe-Same Direction,2,Rain,Wet,Dark-Lighted
2020-06-27T23:39:00.000,I 285,I 285 and Paces Ferry Rd,,Not a Collision with Motor Vehicle,1,Cloudy,Wet,Dark-Not Lighted
2020-08-19T18:25:00.000,I 285,I 285 and Paces Ferry Rd,,Rear End,2,Rain,Wet,Dusk
2020-02-19T17:24:00.000,I 285,I 285 and Paces Ferry Rd,,Rear End,2,Cloudy,Dry,Daylight
2020-11-22T04:47:00.000,I 285,I 285 and Paces Ferry Rd,,Rear End,2,Clear,Dry,Dark-Not Lighted
2020-08-31T06:18:00.000,I 285,I 285 and Paces Ferry Rd,,Not a Collision with Motor Vehicle,1,Cloudy,Dry,Dark-Not Lighted
2020-08-28T14:22:00.000,I 285,I 285 and Paces Ferry Rd,,Rear End,2,Cloudy,Dry,Daylight
2020-08-09T16:45:00.000,I 285,I 285 and Paces Ferry Rd,,Rear End,2,Clear,Dry,Daylight
2020-11-21T15:00:00.000,I 285,I 285 and Paces Ferry Rd,,Rear End,2,Clear,Dry,Daylight
2020-06-19T12:29:00.000,I 285,I 285 and Paces Ferry Rd,,Not a Collision with Motor Vehicle,1,Cloudy,Dry,Daylight
2020-01-04T17:14:00.000,I 285,I 285 and Paces Ferry Rd,,Rear End,2,Cloudy,Dry,Daylight
2020-10-17T17:24:00.000,I 285,I 285 and Paces Ferry Rd,,Rear End,2,Clear,Dry,Dusk
2020-08-30T15:39:00.000,I 285,I 285 and Paces Ferry Rd,,Rear End,2,Clear,Dry,Daylight
2020-03-04T17:49:00.000,I 285,I 285 and Paces Ferry Rd,,Rear End,2,Rain,Wet,Daylight
2020-11-02T19:00:00.000,I 285,I 285 and Paces Ferry Rd,,Rear End,2,Clear,Dry,Dark-Not Lighted
2020-11-20T17:15:00.000,I 285,I 285 and Paces Ferry Rd,,Rear End,2,Clear,Dry,Daylight
2020-07-29T18:16:00.000,I 285,I 285 and Paces Ferry Rd,,Rear End,2,Cloudy,Dry,Daylight
2020-09-29T14:33:00.000,I 285,I 285 and Paces Ferry Rd,,Rear End,2,Rain,Wet,Daylight
2020-09-21T16:00:00.000,I 285,I 285 and Paces Ferry Rd,,Rear End,2,Clear,Dry,Daylight
2020-02-06T19:45:00.000,I 285,I 285 and Paces Ferry Rd,,Rear End,2,Rain,Wet,Dark-Lighted
2020-05-28T14:46:00.000,I 285,I 285 and Paces Ferry Rd,,Rear End,2,Cloudy,Dry,Daylight
2020-12-13T23:30:00.000,I 285,I 285 and Paces Ferry Rd,,Angle Crash,3,Rain,Wet,Dark-Not Lighted
2020-10-13T17:14:00.000,I 285,I 285 and Paces Ferry Rd,,Rear End,2,Clear,Dry,Daylight
2020-09-24T15:42:00.000,I 285,I 285 and Paces Ferry Rd,,Rear End,2,Rain,Wet,Daylight
2020-02-24T18:05:00.000,I 285,I 285 and Paces Ferry Rd,,Rear End,2,Rain,Wet,Dusk
2020-12-29T07:03:00.000,I 285,I 285 and Paces Ferry Rd,,Angle Crash,2,Clear,Dry,Dark-Not Lighted
2020-03-24T15:37:00.000,I 285,I 285 and Paces Ferry Rd,,Sideswipe-Same Direction,2,Cloudy,Dry,Daylight
2020-05-26T20:50:00.000,I 285,I 285 and Paces Ferry Rd,,Sideswipe-Same Direction,2,Cloudy,Dry,Dark-Not Lighted
2020-01-23T16:43:00.000,I 285,I 285 and Paces Ferry Rd,,Rear End,2,Cloudy,Wet,Daylight
2020-10-03T21:45:00.000,I 285,I 285 and Paces Ferry Rd,,Sideswipe-Same Direction,2,Clear,Dry,Dark-Not Lighted
2020-12-20T19:27:00.000,I 285,I 285 and Paces Ferry Rd,,Sideswipe-Same Direction,3,Clear,Dry,Dark-Lighted
2020-09-20T11:45:00.000,I 285,I 285 and Paces Ferry Rd,,Rear End,2,Clear,Dry,Daylight
2020-01-13T13:09:00.000,I 285,I 285 and Paces Ferry Rd,,Rear End,2,Cloudy,Wet,Daylight
2020-08-31T07:55:00.000,I 285,I 285 and Paces Ferry Rd,,Not a Collision with Motor Vehicle,2,Cloudy,Dry,Daylight
2020-05-28T08:52:00.000,I 285,I 285 and Paces Ferry Rd,,Angle Crash,2,Cloudy,Wet,Daylight
2020-01-07T05:08:00.000,I 285,I 285 and Paces Ferry Rd,,Not a Collision with Motor Vehicle,2,Rain,Wet,Dark-Not Lighted
2020-02-20T16:17:00.000,I 285,I 285 and Paces Ferry Rd,,Rear End,2,Rain,Wet,Daylight
2020-01-28T09:45:00.000,I 285,I 285 and Paces Ferry Rd,,Rear End,3,Clear,Dry,Daylight
2020-05-17T16:30:00.000,I 285,I 285 and Paces Ferry Rd,,Sideswipe-Same Direction,3,Clear,Dry,Daylight
2020-12-13T23:14:00.000,I 285,I 285 and Paces Ferry Rd,,Rear End,1,Rain,Wet,Dark-Lighted
2020-03-07T12:52:00.000,I 285,I 285 and Paces Ferry Rd,,Not a Collision with Motor Vehicle,1,Clear,Dry,Daylight
2020-10-31T12:05:00.000,I 285,I 285 and Paces Ferry Rd,,Rear End,4,Clear,Dry,Daylight
2020-08-09T15:36:00.000,I 285,I 285 and Paces Ferry Rd,,Rear End,2,Clear,Dry,Daylight
2020-02-09T15:07:00.000,I 285,I 285 and Paces Ferry Rd,,Rear End,2,Clear,Dry,Daylight
2020-12-02T18:00:00.000,I 285,I 285 and Paces Ferry Rd,,Rear End,3,Clear,Dry,Dark-Not Lighted
2020-07-15T14:39:00.000,I 285,I 285 and Paces Ferry Rd,,Rear End,3,Rain,Wet,Daylight
2020-02-17T15:30:00.000,I 285,I 285 and Paces Ferry Rd,,Rear End,2,Cloudy,Dry,Daylight
2020-09-14T09:11:00.000,I 285,I 285 and Paces Ferry Rd,,Rear End,2,Cloudy,Dry,Daylight
2020-09-15T16:11:00.000,I 285,I 285 and Paces Ferry Rd,,Sideswipe-Same Direction,2,Cloudy,Dry,Daylight
2020-05-23T22:39:00.000,I 285,I 285 and Paces Ferry Rd,,Rear End,2,Clear,Dry,Dark-Not Lighted
2020-05-18T12:20:00.000,I 285,I 285 and Paces Ferry Rd,,Sideswipe-Same Direction,3,Cloudy,Wet,Daylight
2020-08-17T19:09:00.000,I 285,I 285 and Paces Ferry Rd,,Not a Collision with Motor Vehicle,2,Clear,Dry,Daylight
2020-02-12T09:10:00.000,I 285,I 285 and Paces Ferry Rd,,Sideswipe-Same Direction,2,Cloudy,Dry,Daylight
2020-09-12T17:00:00.000,I 285,I 285 and Paces Ferry Rd,,Sideswipe-Same Direction,2,Clear,Dry,Daylight
2020-07-27T17:43:00.000,I 285,I 285 and Paces Ferry Rd,,Not a Collision with Motor Vehicle,1,Cloudy,Dry,Daylight
2020-10-19T21:30:00.000,I 285,I 285 and Paces Ferry Rd,,Angle Crash,2,Clear,Dry,Dark-Lighted
2020-02-13T09:30:00.000,I 285,I 285 and Paces Ferry Rd,,Rear End,2,Rain,Wet,Daylight
2020-07-03T22:00:00.000,I 285,I 285 and Paces Ferry Rd,,Rear End,2,Clear,Dry,Dark-Not Lighted
2020-09-14T06:50:00.000,I 285,I 285 and Paces Ferry Rd,,Not a Collision with Motor Vehicle,2,Clear,Dry,Dawn
2020-05-28T14:46:00.000,I 285,I 285 and Paces Ferry Rd,,Rear End,2,Cloudy,Dry,Daylight
2020-10-03T21:10:00.000,I 285,I 285 and Paces Ferry Rd,,Angle Crash,2,Clear,Dry,Daylight
2020-08-27T14:13:00.000,I 285,I 285 and Paces Ferry Rd,,Rear End,1,Cloudy,Dry,Daylight
2020-12-17T19:20:00.000,I 285,I 285 and Paces Ferry Rd,,Not a Collision with Motor Vehicle,2,Cloudy,Dry,Dark-Not Lighted
2020-07-03T21:43:00.000,I 285,I 285 and Paces Ferry Rd,,Rear End,2,Clear,Dry,Dusk
2020-09-01T19:13:00.000,I 285,I 285 and Paces Ferry Rd,,Rear End,3,Cloudy,Dry,Daylight
2020-02-05T15:11:00.000,I 285,I 285 and Paces Ferry Rd,,Sideswipe-Same Direction,2,Cloudy,Dry,Daylight
2020-06-16T16:49:00.000,I 285,I 285 and Paces Ferry Rd,,Rear End,2,Cloudy,Dry,Daylight
2020-02-05T16:52:00.000,I 285,I 285 and Paces Ferry Rd,,Rear End,2,Cloudy,Dry,Daylight
2021-05-28T10:32:00.000,I 285,I 285 and Paces Ferry Rd,,Rear End,3,Cloudy,Dry,Daylight
2021-02-25T15:15:00.000,I 285,I 285 and Paces Ferry Rd,,Rear End,2,Clear,Dry,Daylight
2021-06-29T22:38:00.000,I 285,I 285 and Paces Ferry Rd,,Sideswipe-Same Direction,2,Clear,Dry,Dark-Not Lighted
2021-06-09T18:19:00.000,I 285,I 285 and Paces Ferry Rd,,Sideswipe-Same Direction,2,Cloudy,Dry,Daylight
2021-02-12T22:00:00.000,I 285,I 285 and Paces Ferry Rd,,Rear End,2,Clear,Dry,Dark-Lighted
2021-05-15T12:30:00.000,I 285,I 285 and Paces Ferry Rd,,Rear End,2,Clear,Dry,Daylight
2021-01-20T16:10:00.000,I 285,I 285 and Paces Ferry Rd,,Rear End,2,Clear,Dry,Daylight
2021-02-18T17:00:00.000,I 285,I 285 and Paces Ferry Rd,,Sideswipe-Same Direction,2,Cloudy,Wet,Daylight
2021-03-04T16:38:00.000,I 285,I 285 and Paces Ferry Rd,,Sideswipe-Same Direction,2,Clear,Dry,Daylight
2021-06-10T08:39:00.000,I 285,I 285 and Paces Ferry Rd,,Sideswipe-Same Direction,2,Cloudy,Wet,Daylight
2021-03-14T15:30:00.000,I 285,I 285 and Paces Ferry Rd,,Rear End,2,Clear,Dry,Daylight
2021-01-21T06:45:00.000,I 285,I 285 and Paces Ferry Rd,,Not a Collision with Motor Vehicle,1,Rain,Wet,Dark-Not Lighted
2021-02-06T19:50:00.000,I 285,I 285 and Paces Ferry Rd,,Angle Crash,2,Rain,Water (standing or moving),Dark-Not Lighted
2021-05-18T14:25:00.000,I 285,I 285 and Paces Ferry Rd,,Sideswipe-Same Direction,2,Cloudy,Dry,Daylight
2021-03-15T19:00:00.000,I 285,I 285 and Paces Ferry Rd,,Rear End,2,Cloudy,Dry,Daylight
2021-05-12T16:08:00.000,I 285,I 285 and Paces Ferry Rd,,Not a Collision with Motor Vehicle,2,Cloudy,Wet,Daylight
2021-03-16T16:35:00.000,I 285,I 285 and Paces Ferry Rd,,Sideswipe-Same Direction,2,Rain,Wet,Daylight
2021-05-02T11:58:00.000,I 285,I 285 and Paces Ferry Rd,,Sideswipe-Same Direction,2,Cloudy,Dry,Daylight
2021-05-15T15:52:00.000,I 285,I 285 and Paces Ferry Rd,,Rear End,2,Clear,Dry,Daylight
2021-04-17T17:30:00.000,I 285,I 285 and Paces Ferry Rd,,Rear End,2,Clear,Dry,Daylight
2021-05-04T21:55:00.000,I 285,I 285 and Paces Ferry Rd,,Not a Collision with Motor Vehicle,1,Rain,Wet,Dark-Not Lighted
2021-05-22T00:10:00.000,I 285,I 285 and Paces Ferry Rd,,Sideswipe-Same Direction,4,Clear,Dry,Dark-Not Lighted
2021-12-03T10:18:00.000,I 285,I 285 and Paces Ferry Rd,,Rear End,2,Clear,Dry,Daylight
2021-11-19T18:56:00.000,I 285,I 285 and Paces Ferry Rd,,Rear End,3,Clear,Dry,Dark-Not Lighted
2021-11-20T16:00:00.000,I 285,I 285 and Paces Ferry Rd,,Rear End,2,Clear,Dry,Daylight
2021-09-17T11:29:00.000,I 285,I 285 and Paces Ferry Rd,,Rear End,2,Clear,Dry,Daylight
2021-11-04T10:10:00.000,I 285,I 285 and Paces Ferry Rd,,Rear End,2,Cloudy,Wet,Daylight
2021-09-01T22:40:00.000,I 285,I 285 and Paces Ferry Rd,,Sideswipe-Same Direction,2,Clear,Dry,Dark-Lighted
2021-10-28T16:46:00.000,I 285,I 285 and Paces Ferry Rd,,Rear End,2,Cloudy,Wet,Daylight
2021-08-04T16:54:00.000,I 285,I 285 and Paces Ferry Rd,,Rear End,3,Clear,Dry,Daylight
2021-07-16T22:36:00.000,I 285,I 285 and Paces Ferry Rd,,Rear End,2,Rain,Wet,Dark-Lighted
2021-10-18T18:28:00.000,I 285,I 285 and Paces Ferry Rd,,Rear End,2,Clear,Dry,Daylight
2021-08-05T07:43:00.000,I 285,I 285 and Paces Ferry Rd,,Rear End,3,Clear,Dry,Daylight
2021-12-24T18:10:00.000,I 285,I 285 and Paces Ferry Rd,,Sideswipe-Same Direction,2,Clear,Dry,Dark-Lighted
2021-08-17T14:30:00.000,I 285,I 285 and Paces Ferry Rd,,Rear End,2,Cloudy,Wet,Daylight
2021-07-09T15:52:00.000,I 285,I 285 and Paces Ferry Rd,,Sideswipe-Same Direction,2,Rain,Wet,Daylight
2021-11-03T09:00:00.000,I 285,I 285 and Paces Ferry Rd,,Rear End,2,Clear,Dry,Daylight
2021-11-23T14:32:00.000,I 285,I 285 and Paces Ferry Rd,,Sideswipe-Same Direction,2,Clear,Dry,Daylight
2021-10-02T11:40:00.000,I 285,I 285 and Paces Ferry Rd,,Rear End,2,Clear,Dry,Daylight
2021-07-18T16:53:00.000,I 285,I 285 and Paces Ferry Rd,,Rear End,2,Rain,Wet,Daylight
2021-09-18T12:30:00.000,I 285,I 285 and Paces Ferry Rd,,Rear End,2,Cloudy,Dry,Daylight
2021-11-09T06:10:00.000,I 285,I 285 and Paces Ferry Rd,,Head On,2,Clear,Dry,Daylight
2021-07-25T11:00:00.000,I 285,I 285 and Paces Ferry Rd,,Angle Crash,2,Clear,Dry,Daylight
2021-10-02T14:42:00.000,I 285,I 285 and Paces Ferry Rd,,Rear End,2,Clear,Dry,Daylight
2021-11-01T17:10:00.000,I 285,I 285 and Paces Ferry Rd,,Sideswipe-Same Direction,2,Clear,Dry,Daylight
2021-09-30T15:46:00.000,I 285,I 285 and Paces Ferry Rd,,Rear End,2,Clear,Dry,Daylight
2021-07-13T12:56:00.000,I 285,I 285 and Paces Ferry Rd,,Sideswipe-Same Direction,2,Cloudy,Dry,Daylight
2021-10-17T19:00:00.000,I 285,I 285 and Paces Ferry Rd,,Not a Collision with Motor Vehicle,1,Clear,Dry,Daylight
2021-10-04T17:32:00.000,I 285,I 285 and Paces Ferry Rd,,Sideswipe-Same Direction,2,Cloudy,Dry,Daylight
2021-10-24T16:10:00.000,I 285,I 285 and Paces Ferry Rd,,Sideswipe-Same Direction,2,Clear,Dry,Daylight
2021-11-20T11:14:00.000,I 285,I 285 and Paces Ferry Rd,,Rear End,3,Clear,Dry,Daylight
2021-10-17T19:10:00.000,I 285,I 285 and Paces Ferry Rd,,Rear End,2,Clear,Dry,Daylight
2021-10-03T12:40:00.000,I 285,I 285 and Paces Ferry Rd,,Rear End,2,Cloudy,Dry,Daylight
2021-08-25T19:06:00.000,I 285,I 285 and Paces Ferry Rd,,Not a Collision with Motor Vehicle,2,Cloudy,Dry,Daylight
2021-11-23T19:00:00.000,I 285,I 285 and Paces Ferry Rd,,Sideswipe-Same Direction,2,Clear,Dry,Dark-Not Lighted
2021-10-27T11:16:00.000,I 285,I 285 and Paces Ferry Rd,,Rear End,2,Cloudy,Dry,Daylight
2021-08-27T14:39:00.000,I 285,I 285 and Paces Ferry Rd,,Rear End,2,Clear,Dry,Daylight
2021-10-26T00:57:00.000,I 285,I 285 and Paces Ferry Rd,,Rear End,2,Clear,Dry,Dark-Lighted
2021-11-14T13:26:00.000,I 285,I 285 and Paces Ferry Rd,,Rear End,2,Clear,Dry,Daylight
2022-03-09T08:20:00.000,I 285,I 285 and Paces Ferry Rd,,Rear End,2,Rain,Wet,Daylight
2022-10-28T07:45:00.000,I 285,I 285 and Paces Ferry Rd,,Sideswipe-Same Direction,2,Cloudy,Dry,Dawn
2022-06-30T09:06:00.000,I 285,I 285 and Paces Ferry Rd,,Sideswipe-Same Direction,2,Cloudy,Dry,Daylight
2022-09-07T17:37:00.000,I 285,I 285 and Paces Ferry Rd,,Sideswipe-Same Direction,2,Clear,Dry,Daylight
2022-12-11T13:04:00.000,I 285,I 285 and Paces Ferry Rd,,Angle Crash,2,Rain,Wet,Daylight
2022-12-21T04:26:00.000,I 285,I 285 and Paces Ferry Rd,,Not a Collision with Motor Vehicle,1,Clear,Dry,Dark-Not Lighted
2022-11-02T10:30:00.000,I 285,I 285 and Paces Ferry Rd,,Sideswipe-Same Direction,2,Clear,Dry,Daylight
2022-06-21T07:52:00.000,I 285,I 285 and Paces Ferry Rd,,Rear End,3,Clear,Dry,Daylight
2022-03-15T07:10:00.000,I 285,I 285 and Paces Ferry Rd,,Rear End,2,Clear,Dry,Dawn
2022-05-28T18:18:00.000,I 285,I 285 and Paces Ferry Rd,,Rear End,2,Clear,Dry,Daylight
2022-07-19T11:25:00.000,I 285,I 285 and Paces Ferry Rd,,Not a Collision with Motor Vehicle,1,Rain,Wet,Daylight
2022-03-04T07:40:00.000,I 285,I 285 and Paces Ferry Rd,,Rear End,2,Clear,Dry,Daylight
2022-11-11T16:48:00.000,I 285,I 285 and Paces Ferry Rd,,Rear End,2,Cloudy,Dry,Daylight
2022-04-25T19:02:00.000,I 285,I 285 and Paces Ferry Rd,,Rear End,2,Clear,Dry,Daylight
2022-05-12T18:10:00.000,I 285,I 285 and Paces Ferry Rd,,Sideswipe-Same Direction,3,Clear,Dry,Daylight
2022-11-02T13:52:00.000,I 285,I 285 and Paces Ferry Rd,,Sideswipe-Same Direction,2,Clear,Dry,Daylight
2022-12-20T12:07:00.000,I 285,I 285 and Paces Ferry Rd,,Rear End,2,Rain,Wet,Daylight
2022-01-28T17:36:00.000,I 285,I 285 and Paces Ferry Rd,,Rear End,2,Cloudy,Dry,Daylight
2021-08-09T13:15:00.000,I 285,I 285 and Paces Ferry Rd,,Rear End,2,Cloudy,Dry,Daylight
2021-10-29T17:03:00.000,I 285,I 285 and Paces Ferry Rd,,Rear End,2,Rain,Wet,Daylight