Date and Time,Roadway (From Crash Report),Intersection Name (from Crash Report),KABCO Severity,Manner of Collision (Crash Level) ,# of Vehicles per crash ,Weather Conditions (Crash Level),Surface Condition (Crash Level) ,Light Conditions (Crash Level)
2021-07-24T16:45:00.000,I 285,I 285 and Paces Ferry Rd,,Sideswipe-Same Direction,2,Clear,Dry,Daylight
2021-07-15T07:58:00.000,I 285,I 285 and Paces Ferry Rd,,Sideswipe-Same Direction,2,Clear,Dry,Daylight
2021-07-20T17:27:00.000,I 285,I 285 and Paces Ferry Rd,,Sideswipe-Same Direction,2,Cloudy,Wet,Daylight
2021-09-07T19:02:00.000,I 285,I 285 and Paces Ferry Rd,,Sideswipe-Same Direction,2,Clear,Dry,Daylight
2021-11-09T17:04:00.000,I 285,I 285 and Paces Ferry Rd,,Sideswipe-Same Direction,2,Cloudy,Dry,Daylight
2021-10-08T13:00:00.000,I 285,I 285 and Paces Ferry Rd,,Rear End,2,Clear,Dry,Daylight
2021-11-06T13:20:00.000,I 285,I 285 and Paces Ferry Rd,,Rear End,3,Clear,Dry,Daylight
2021-12-18T17:31:00.000,I 285,I 285 and Paces Ferry Rd,,Rear End,2,Rain,Wet,Dark-Lighted
2021-07-13T15:28:00.000,I 285,I 285 and Paces Ferry Rd,,Sideswipe-Same Direction,2,Cloudy,Dry,Daylight
2021-12-03T11:15:00.000,I 285,I 285 and Paces Ferry Rd,,Sideswipe-Same Direction,2,Clear,Dry,Daylight
2021-12-06T12:03:00.000,I 285,I 285 and Paces Ferry Rd,,Rear End,2,Cloudy,Dry,Daylight
2021-08-25T18:05:00.000,I 285,I 285 and Paces Ferry Rd,,Sideswipe-Same Direction,2,Cloudy,Dry,Daylight
2021-11-22T21:32:00.000,I 285,I 285 and Paces Ferry Rd,,Sideswipe-Same Direction,2,Clear,Dry,Dark-Lighted
2021-08-17T14:30:00.000,I 285,I 285 and Paces Ferry Rd,,Angle Crash,3,Rain,Wet,Daylight
2021-11-05T14:05:00.000,I 285,I 285 and Paces Ferry Rd,,Rear End,2,Clear,Dry,Daylight
2021-11-27T16:58:00.000,I 285,I 285 and Paces Ferry Rd,,Rear End,3,Clear,Dry,Daylight
2021-08-17T11:27:00.000,I 285,I 285 and Paces Ferry Rd,,Rear End,2,Rain,Wet,Daylight
2021-12-03T14:55:00.000,I 285,I 285 and Paces Ferry Rd,,Rear End,2,Clear,Dry,Daylight
2021-10-09T09:48:00.000,I 285,I 285 and Paces Ferry Rd,,Rear End,2,Clear,Dry,Daylight
2021-07-23T14:07:00.000,I 285,I 285 and Paces Ferry Rd,,Rear End,2,Clear,Dry,Daylight
2022-03-06T11:59:00.000,I 285,I 285 and Paces Ferry Rd,,Sideswipe-Same Direction,2,Clear,Dry,Daylight
2022-08-06T12:55:00.000,I 285,I 285 and Paces Ferry Rd,,Angle Crash,2,Cloudy,Dry,Daylight
2022-12-23T12:40:00.000,I 285,I 285 and Paces Ferry Rd,,Not a Collision with Motor Vehicle,1,Clear,Dry,Daylight
2022-09-02T15:46:00.000,I 285,I 285 and Paces Ferry Rd,,Rear End,3,Clear,Dry,Daylight
2022-06-07T16:49:00.000,I 285,I 285 and Paces Ferry Rd,,Rear End,2,Cloudy,Dry,Daylight
2022-03-03T01:00:00.000,I 285,I 285 and Paces Ferry Rd,,Sideswipe-Same Direction,2,Clear,Dry,Dark-Lighted
2022-09-24T18:14:00.000,I 285,I 285 and Paces Ferry Rd,,Rear End,2,Clear,Dry,Daylight
2022-07-02T00:49:00.000,I 285,I 285 and Paces Ferry Rd,,Not a Collision with Motor Vehicle,1,Clear,Dry,Dark-Not Lighted
2022-09-29T18:00:00.000,I 285,I 285 and Paces Ferry Rd,,Sideswipe-Same Direction,2,Clear,Dry,Daylight
2022-10-10T17:07:00.000,I 285,I 285 and Paces Ferry Rd,,Not a Collision with Motor Vehicle,1,Clear,Dry,Daylight
2022-07-01T15:05:00.000,I 285,I 285 and Paces Ferry Rd,,Rear End,2,Clear,Dry,Daylight
2022-12-27T17:26:00.000,I 285,I 285 and Paces Ferry Rd,,Sideswipe-Same Direction,2,Cloudy,Dry,Daylight
2022-12-30T15:13:00.000,I 285,I 285 and Paces Ferry Rd,,Sideswipe-Same Direction,2,Cloudy,Dry,Daylight
2022-12-06T11:00:00.000,I 285,I 285 and Paces Ferry Rd,,Not a Collision with Motor Vehicle,1,Cloudy,Wet,Daylight
2022-06-04T13:09:00.000,I 285,I 285 and Paces Ferry Rd,,Sideswipe-Same Direction,1,Clear,Dry,Daylight
2022-12-17T07:48:00.000,I 285,I 285 and Paces Ferry Rd,,Sideswipe-Same Direction,2,Clear,Dry,Daylight
2022-04-27T16:45:00.000,I 285,I 285 and Paces Ferry Rd,,Rear End,2,Clear,Dry,Daylight
2022-09-08T13:15:00.000,I 285,I 285 and Paces Ferry Rd,,Not a Collision with Motor Vehicle,1,Clear,Dry,Daylight
2022-10-23T09:58:00.000,I 285,I 285 and Paces Ferry Rd,,Rear End,2,Cloudy,Dry,Daylight
2022-05-12T10:06:00.000,I 285,I 285 and Paces Ferry Rd,,Sideswipe-Same Direction,2,Clear,Dry,Daylight
2022-09-28T10:20:00.000,I 285,I 285 and Paces Ferry Rd,,Sideswipe-Same Direction,2,Clear,Dry,Daylight
2022-10-11T18:36:00.000,I 285,I 285 and Paces Ferry Rd,,Rear End,3,Clear,Dry,Dark-Lighted
2022-01-13T16:41:00.000,I 285,I 285 and Paces Ferry Rd,,Rear End,2,Clear,Dry,Daylight
2022-10-13T20:17:00.000,I 285,I 285 and Paces Ferry Rd,,Rear End,2,Clear,Dry,Dark-Lighted
2022-11-19T16:48:00.000,I 285,I 285 and Paces Ferry Rd,,Rear End,2,Clear,Dry,Daylight
2022-07-13T17:38:00.000,I 285,I 285 and Paces Ferry Rd,,Sideswipe-Same Direction,2,Clear,Dry,Daylight
2022-03-07T12:18:00.000,I 285,I 285 and Paces Ferry Rd,,Rear End,2,Clear,Dry,Daylight
2022-12-09T17:55:00.000,I 285,I 285 and Paces Ferry Rd,,Sideswipe-Same Direction,3,Rain,Wet,Dark-Not Lighted
2022-05-19T14:00:00.000,I 285,I 285 and Paces Ferry Rd,,Rear End,2,Clear,Dry,Daylight
2022-03-01T17:00:00.000,I 285,I 285 and Paces Ferry Rd,,Sideswipe-Same Direction,3,Clear,Dry,Daylight
2022-08-04T08:25:00.000,I 285,I 285 and Paces Ferry Rd,,Rear End,2,Clear,Dry,Daylight
2022-01-05T14:52:00.000,I 285,I 285 and Paces Ferry Rd,,Rear End,2,Clear,Dry,Daylight
2022-10-26T15:35:00.000,I 285,I 285 and Paces Ferry Rd,,Sideswipe-Same Direction,2,Clear,Dry,Daylight
2022-04-10T16:55:00.000,I 285,I 285 and Paces Ferry Rd,,Rear End,3,Clear,Dry,Daylight
2022-05-04T07:30:00.000,I 285,I 285 and Paces Ferry Rd,,Angle Crash,2,Rain,Wet,Daylight
2022-03-08T16:38:00.000,I 285,I 285 and Paces Ferry Rd,,Rear End,2,Rain,Wet,Daylight
2022-11-09T09:27:00.000,I 285,I 285 and Paces Ferry Rd,,Rear End,2,Clear,Dry,Daylight
2022-06-17T18:01:00.000,I 285,I 285 and Paces Ferry Rd,,Rear End,2,Clear,Wet,Daylight
2022-12-29T05:05:00.000,I 285,I 285 and Paces Ferry Rd,,Not a Collision with Motor Vehicle,1,Clear,Dry,Dark-Not Lighted
2022-12-14T03:00:00.000,I 285,I 285 and Paces Ferry Rd,,Sideswipe-Same Direction,2,Cloudy,Dry,Dark-Lighted
2022-04-02T18:03:00.000,I 285,I 285 and Paces Ferry Rd,,Rear End,2,Clear,Dry,Daylight
2022-10-16T12:48:00.000,I 285,I 285 and Paces Ferry Rd,,Rear End,2,Clear,Dry,Daylight
2022-06-24T15:09:00.000,I 285,I 285 and Paces Ferry Rd,,Rear End,2,Clear,Dry,Daylight
2022-01-09T13:03:00.000,I 285,I 285 and Paces Ferry Rd,,Rear End,2,Cloudy,Dry,Daylight
2022-12-30T12:57:00.000,I 285,I 285 and Paces Ferry Rd,,Sideswipe-Same Direction,2,Cloudy,Dry,Daylight
2022-10-24T17:05:00.000,I 285,I 285 and Paces Ferry Rd,,Rear End,2,Clear,Dry,Daylight
2022-11-13T12:45:00.000,I 285,I 285 and Paces Ferry Rd,,Head On,2,Clear,Dry,Daylight
2022-03-30T17:47:00.000,I 285,I 285 and Paces Ferry Rd,,Angle Crash,2,Clear,Dry,Daylight
2022-10-19T17:21:00.000,I 285,I 285 and Paces Ferry Rd,,Rear End,2,Clear,Dry,Daylight
2022-10-03T22:45:00.000,I 285,I 285 and Paces Ferry Rd,,Sideswipe-Same Direction,3,Cloudy,Dry,Dark-Not Lighted
2022-11-02T06:45:00.000,I 285,I 285 and Paces Ferry Rd,,Sideswipe-Same Direction,2,Clear,Dry,Daylight
2022-11-01T16:15:00.000,I 285,I 285 and Paces Ferry Rd,,Rear End,2,Clear,Dry,Daylight
2022-10-03T22:05:00.000,I 285,I 285 and Paces Ferry Rd,,Rear End,2,Clear,Dry,Dark-Lighted
2022-08-20T01:29:00.000,I 285,I 285 and Paces Ferry Rd,,Not a Collision with Motor Vehicle,1,Cloudy,Dry,Dark-Not Lighted
2021-09-17T12:00:00.000,I 285,I 285 and Paces Ferry Rd,,Sideswipe-Same Direction,2,Cloudy,Dry,Daylight
2021-09-01T22:49:00.000,I 285,I 285 and Paces Ferry Rd,,Head On,2,Clear,Dry,Dark-Lighted
2021-08-17T08:39:00.000,I 285,I 285 and Paces Ferry Rd,,Rear End,2,Rain,Wet,Daylight
2021-10-09T18:00:00.000,I 285,I 285 and Paces Ferry Rd,,Sideswipe-Same Direction,2,Clear,Dry,Daylight
2021-09-08T17:51:00.000,I 285,I 285 and Paces Ferry Rd,,Rear End,2,Cloudy,Dry,Daylight
2021-07-21T11:33:00.000,I 285,I 285 and Paces Ferry Rd,,Sideswipe-Same Direction,2,Cloudy,Dry,Daylight
2021-07-21T16:43:00.000,I 285,I 285 and Paces Ferry Rd,,Rear End,2,Clear,Dry,Daylight
2021-09-22T18:23:00.000,I 285,I 285 and Paces Ferry Rd,,Rear End,3,Clear,Dry,Daylight
2022-03-04T11:37:00.000,I 285,I 285 and Paces Ferry Rd,,Not a Collision with Motor Vehicle,1,Clear,Dry,Daylight
2022-12-17T00:44:00.000,I 285,I 285 and Paces Ferry Rd,,Rear End,2,Other,Wet,Dark-Lighted
2022-12-05T09:15:00.000,I 285,I 285 and Paces Ferry Rd,,Sideswipe-Same Direction,2,Rain,Wet,Daylight
2022-09-06T13:50:00.000,I 285,I 285 and Paces Ferry Rd,,Sideswipe-Same Direction,2,Clear,Dry,Daylight
2022-05-27T17:23:00.000,I 285,I 285 and Paces Ferry Rd,,Rear End,2,Cloudy,Dry,Daylight
2022-02-20T16:30:00.000,I 285,I 285 and Paces Ferry Rd,,Rear End,2,Clear,Dry,Daylight
2022-06-10T16:38:00.000,I 285,I 285 and Paces Ferry Rd,,Rear End,2,Cloudy,Dry,Daylight
2022-09-27T08:01:00.000,I 285,I 285 and Paces Ferry Rd,,Rear End,2,Clear,Dry,Daylight
2022-09-28T18:04:00.000,I 285,I 285 and Paces Ferry Rd,,Rear End,2,Clear,Dry,Daylight
2022-02-25T17:10:00.000,I 285,I 285 and Paces Ferry Rd,,Rear End,3,Clear,Dry,Daylight
2022-06-22T18:59:00.000,I 285,I 285 and Paces Ferry Rd,,Rear End,2,Clear,Dry,Daylight
2022-07-11T08:53:00.000,I 285,I 285 and Paces Ferry Rd,,Rear End,2,Cloudy,Dry,Daylight
2022-10-04T18:55:00.000,I 285,I 285 and Paces Ferry Rd,,Not a Collision with Motor Vehicle,1,Clear,Dry,Daylight
2022-05-28T15:40:00.000,I 285,I 285 and Paces Ferry Rd,,Rear End,2,Clear,Dry,Daylight
2022-05-06T16:20:00.000,I 285,I 285 and Paces Ferry Rd,,Angle Crash,2,Clear,Dry,Daylight
2022-07-22T13:42:00.000,I 285,I 285 and Paces Ferry Rd,,Rear End,2,Cloudy,Dry,Daylight
2022-07-19T12:11:00.000,I 285,I 285 and Paces Ferry Rd,,Sideswipe-Same Direction,2,Rain,Wet,Daylight
2022-07-02T17:50:00.000,I 285,I 285 and Paces Ferry Rd,,Sideswipe-Same Direction,2,Rain,Wet,Daylight
2022-05-07T16:10:00.000,I 285,I 285 and Paces Ferry Rd,,Rear End,2,Cloudy,Dry,Daylight
2022-09-28T17:20:00.000,I 285,I 285 and Paces Ferry Rd,,Sideswipe-Same Direction,2,Clear,Dry,Daylight
2022-02-16T19:35:00.000,I 285,I 285 and Paces Ferry Rd,,Not a Collision with Motor Vehicle,1,Clear,Dry,Dark-Not Lighted
2022-08-11T17:35:00.000,I 285,I 285 and Paces Ferry Rd,,Rear End,3,Clear,Dry,Daylight
2022-09-18T20:40:00.000,I 285,I 285 and Paces Ferry Rd,,Angle Crash,2,Clear,Dry,Dark-Not Lighted
2022-10-16T21:43:00.000,I 285,I 285 and Paces Ferry Rd,,Rear End,3,Clear,Dry,Dark-Not Lighted
2022-09-10T17:10:00.000,I 285,I 285 and Paces Ferry Rd,,Sideswipe-Same Direction,2,Clear,Dry,Daylight
2022-11-29T19:19:00.000,I 285,I 285 and Paces Ferry Rd,,Rear End,2,Clear,Dry,Dark-Lighted
2022-07-26T15:47:00.000,I 285,I 285 and Paces Ferry Rd,,Rear End,2,Clear,Dry,Daylight
2022-08-04T17:27:00.000,I 285,I 285 and Paces Ferry Rd,,Rear End,3,Rain,Wet,Daylight
2022-04-21T17:28:00.000,I 285,I 285 and Paces Ferry Rd,,Rear End,2,Clear,Dry,Daylight
2022-04-12T16:57:00.000,I 285,I 285 and Paces Ferry Rd,,Rear End,2,Clear,Dry,Daylight
2022-06-23T17:15:00.000,I 285,I 285 and Paces Ferry Rd,,Rear End,2,Clear,Dry,Daylight
2022-08-31T05:46:00.000,I 285,I 285 and Paces Ferry Rd,,Rear End,3,Clear,Dry,Dark-Lighted
2022-03-21T19:03:00.000,I 285,I 285 and Paces Ferry Rd,,Sideswipe-Same Direction,2,Clear,Dry,Daylight
2022-08-17T10:15:00.000,I 285,I 285 and Paces Ferry Rd,,Sideswipe-Same Direction,2,Cloudy,Dry,Daylight
2022-03-03T17:25:00.000,I 285,I 285 and Paces Ferry Rd,,Sideswipe-Same Direction,2,Clear,Dry,Daylight
2022-07-26T08:59:00.000,I 285,I 285 and Paces Ferry Rd,,Rear End,2,Clear,Dry,Daylight
2022-10-31T07:18:00.000,I 285,I 285 and Paces Ferry Rd,,Rear End,2,Rain,Wet,Dark-Not Lighted
2022-10-11T13:38:00.000,I 285,I 285 and Paces Ferry Rd,,Angle Crash,2,Clear,Dry,Daylight
2022-11-14T04:26:00.000,I 285,I 285 and Paces Ferry Rd,,Angle Crash,2,Clear,Dry,Dark-Not Lighted
2022-03-05T14:22:00.000,I 285,I 285 and Paces Ferry Rd,,Angle Crash,2,Clear,Dry,Daylight
2022-04-28T08:00:00.000,I 285,I 285 and Paces Ferry Rd,,Sideswipe-Same Direction,2,Clear,Dry,Daylight
2022-12-06T07:00:00.000,I 285,I 285 and Paces Ferry Rd,,Rear End,2,Rain,Wet,Dark-Not Lighted
2022-06-15T11:42:00.000,I 285,I 285 and Paces Ferry Rd,,Rear End,2,Clear,Dry,Daylight
2022-11-20T17:29:00.000,I 285,I 285 and Paces Ferry Rd,,Rear End,2,Cloudy,Dry,Daylight
2022-03-05T10:31:00.000,I 285,I 285 and Paces Ferry Rd,,Sideswipe-Same Direction,2,Clear,Dry,Daylight
2022-10-13T20:23:00.000,I 285,I 285 and Paces Ferry Rd,,Not a Collision with Motor Vehicle,1,Clear,Dry,Dark-Lighted
2022-11-30T14:12:00.000,I 285,I 285 and Paces Ferry Rd,,Rear End,2,Clear,Dry,Daylight
2022-09-21T14:57:00.000,I 285,I 285 and Paces Ferry Rd,,Sideswipe-Same Direction,2,Clear,Dry,Daylight
2022-09-19T23:30:00.000,I 285,I 285 and Paces Ferry Rd,,Sideswipe-Same Direction,2,Clear,Dry,Dark-Lighted
2022-06-26T07:00:00.000,I 285,I 285 and Paces Ferry Rd,,Sideswipe-Same Direction,2,Clear,Dry,Daylight
2022-11-04T13:35:00.000,I 285,I 285 and Paces Ferry Rd,,Rear End,3,Clear,Dry,Daylight
2022-12-21T15:06:00.000,I 285,I 285 and Paces Ferry Rd,,Rear End,2,Clear,Dry,Daylight
2022-04-20T11:59:00.000,I 285,I 285 and Paces Ferry Rd,,Rear End,2,Clear,Dry,Daylight
2022-08-09T16:30:00.000,I 285,I 285 and Paces Ferry Rd,,Rear End,2,Cloudy,Dry,Daylight
2022-06-29T09:36:00.000,I 285,I 285 and Paces Ferry Rd,,Angle Crash,2,Clear,Dry,Daylight
2022-12-27T17:48:00.000,I 285,I 285 and Paces Ferry Rd,,Rear End,2,Clear,Dry,Dusk
2022-04-05T15:15:00.000,I 285,I 285 and Paces Ferry Rd,,Sideswipe-Same Direction,2,Rain,Wet,Daylight
2022-09-17T00:29:00.000,I 285,I 285 and Paces Ferry Rd,,Sideswipe-Same Direction,2,Clear,Dry,Dark-Not Lighted
2022-10-01T16:52:00.000,I 285,I 285 and Paces Ferry Rd,,Rear End,3,Cloudy,Dry,Daylight
2022-05-10T18:00:00.000,I 285,I 285 and Paces Ferry Rd,,Rear End,2,Clear,Dry,Daylight
2022-05-20T09:00:00.000,I 285,I 285 and Paces Ferry Rd,,Rear End,2,Clear,Dry,Daylight
2022-12-17T14:55:00.000,I 285,I 285 and Paces Ferry Rd,,Rear End,2,Clear,Dry,Daylight
2022-05-18T15:19:00.000,I 285,I 285 and Paces Ferry Rd,,Sideswipe-Same Direction,2,Clear,Dry,Daylight
2022-10-04T07:41:00.000,I 285,I 285 and Paces Ferry Rd,,Rear End,2,Clear,Dry,Daylight
2022-09-15T16:45:00.000,I 285,I 285 and Paces Ferry Rd,,Rear End,2,Clear,Dry,Daylight
2022-02-08T17:18:00.000,I 285,I 285 and Paces Ferry Rd,,Sideswipe-Same Direction,4,Clear,Dry,Daylight
2022-04-05T17:15:00.000,I 285,I 285 and Paces Ferry Rd,,Rear End,2,Cloudy,Dry,Daylight
2022-03-29T14:05:00.000,I 285,I 285 and Paces Ferry Rd,,Not a Collision with Motor Vehicle,2,Clear,Dry,Daylight
2022-08-27T13:57:00.000,I 285,I 285 and Paces Ferry Rd,,Rear End,2,Clear,Dry,Daylight
2022-02-05T14:15:00.000,I 285,I 285 and Paces Ferry Rd,,Rear End,3,Clear,Dry,Daylight
2022-08-14T00:37:00.000,I 285,I 285 and Paces Ferry Rd,,Angle Crash,2,Clear,Dry,Dark-Not Lighted
2022-11-19T19:48:00.000,I 285,I 285 and Paces Ferry Rd,,Sideswipe-Same Direction,2,Cloudy,Dry,Dark-Lighted
2022-06-15T04:33:00.000,I 285,I 285 and Paces Ferry Rd,,Rear End,2,Clear,Dry,Dark-Lighted
2022-04-20T16:50:00.000,I 285,I 285 and Paces Ferry Rd,,Rear End,2,Clear,Dry,Daylight
2022-06-04T13:08:00.000,I 285,I 285 and Paces Ferry Rd,,Angle Crash,2,Clear,Dry,Daylight
2022-07-06T14:41:00.000,I 285,I 285 and Paces Ferry Rd,,Rear End,2,Clear,Dry,Daylight
2022-03-02T18:50:00.000,I 285,I 285 and Paces Ferry Rd,,Rear End,2,Clear,Dry,Daylight
2022-01-16T01:40:00.000,I 285,I 285 and Paces Ferry Rd,,Rear End,2,Sleet,Wet,Dark-Not Lighted
2022-06-18T15:47:00.000,I 285,I 285 and Paces Ferry Rd,,Rear End,2,Clear,Dry,Daylight
2022-04-30T04:30:00.000,I 285,I 285 and Paces Ferry Rd,,Sideswipe-Same Direction,2,Clear,Dry,Dark-Not Lighted
2022-06-01T18:07:00.000,I 285,I 285 and Paces Ferry Rd,,Angle Crash,2,Clear,Dry,Daylight
2022-10-20T16:31:00.000,I 285,I 285 and Paces Ferry Rd,,Rear End,2,Clear,Dry,Daylight
2022-09-21T08:40:00.000,I 285,I 285 and Paces Ferry Rd,,Rear End,2,Clear,Dry,Daylight
2022-01-25T19:00:00.000,I 285,I 285 and Paces Ferry Rd,,Rear End,2,Cloudy,Dry,Dark-Not Lighted
2022-10-24T16:45:00.000,I 285,I 285 and Paces Ferry Rd,,Sideswipe-Same Direction,2,Clear,Dry,Daylight
2022-07-05T15:48:00.000,I 285,I 285 and Paces Ferry Rd,,Rear End,2,Clear,Dry,Daylight
2022-06-15T15:45:00.000,I 285,I 285 and Paces Ferry Rd,,Rear End,2,Clear,Dry,Daylight
2022-09-18T01:09:00.000,I 285,I 285 and Paces Ferry Rd,,Sideswipe-Same Direction,2,Clear,Dry,Dark-Not Lighted
2022-08-31T12:00:00.000,I 285,I 285 and Paces Ferry Rd,,Sideswipe-Same Direction,2,Clear,Dry,Daylight
2022-10-21T08:45:00.000,I 285,I 285 and Paces Ferry Rd,,Sideswipe-Same Direction,2,Clear,Dry,Daylight
2022-08-19T18:15:00.000,I 285,I 285 and Paces Ferry Rd,,Rear End,2,Clear,Dry,Daylight
2022-07-11T11:25:00.000,I 285,I 285 and Paces Ferry Rd,,Not a Collision with Motor Vehicle,2,Cloudy,Dry,Daylight
2022-11-17T19:36:00.000,I 285,I 285 and Paces Ferry Rd,,Sideswipe-Same Direction,2,Clear,Dry,Dark-Not Lighted
2022-04-21T05:59:00.000,I 285,I 285 and Paces Ferry Rd,,Sideswipe-Same Direction,2,Cloudy,Dry,Dawn
2022-10-11T12:25:00.000,I 285,I 285 and Paces Ferry Rd,,Sideswipe-Same Direction,2,Clear,Dry,Daylight
2022-09-02T16:31:00.000,I 285,I 285 and Paces Ferry Rd,,Rear End,2,Clear,Dry,Daylight
2022-03-05T16:08:00.000,I 285,I 285 and Paces Ferry Rd,,Rear End,2,Clear,Dry,Daylight
2022-10-21T19:49:00.000,I 285,I 285 and Paces Ferry Rd,,Rear End,2,Clear,Dry,Dark-Not Lighted
2022-07-12T15:00:00.000,I 285,I 285 and Paces Ferry Rd,,Rear End,2,Clear,Dry,Daylight
2022-06-16T15:45:00.000,I 285,I 285 and Paces Ferry Rd,,Sideswipe-Same Direction,2,Clear,Dry,Daylight
2022-10-11T18:55:00.000,I 285,I 285 and Paces Ferry Rd,,Rear End,2,Clear,Dry,Daylight
2022-07-15T02:09:00.000,I 285,I 285 and Paces Ferry Rd,,Sideswipe-Same Direction,2,Clear,Dry,Dark-Lighted
2022-11-02T16:19:00.000,I 285,I 285 and Paces Ferry Rd,,Rear End,2,Clear,Dry,Daylight
2022-11-27T17:04:00.000,I 285,I 285 and Paces Ferry Rd,,Rear End,2,Clear,Dry,Daylight
2022-06-21T13:00:00.000,I 285,I 285 and Paces Ferry Rd,,Not a Collision with Motor Vehicle,1,Cloudy,Dry,Daylight
2022-03-18T12:02:00.000,I 285,I 285 and Paces Ferry Rd,,Rear End,2,Rain,Wet,Daylight
2022-12-21T15:06:00.000,I 285,I 285 and Paces Ferry Rd,,Rear End,2,Clear,Dry,Daylight
2022-05-03T13:48:00.000,I 285,I 285 and Paces Ferry Rd,,Sideswipe-Same Direction,2,Clear,Dry,Daylight
2022-12-01T17:46:00.000,I 285,I 285 and Paces Ferry Rd,,Rear End,2,Clear,Dry,Dark-Not Lighted
2022-08-11T11:02:00.000,I 285,I 285 and Paces Ferry Rd,,Sideswipe-Same Direction,2,Cloudy,Dry,Daylight
2022-12-05T09:05:00.000,I 285,I 285 and Paces Ferry Rd,,Rear End,2,Rain,Wet,Daylight
2022-03-30T15:25:00.000,I 285,I 285 and Paces Ferry Rd,,Rear End,2,Clear,Dry,Daylight
2022-12-29T05:08:00.000,I 285,I 285 and Paces Ferry Rd,,Not a Collision with Motor Vehicle,1,Clear,Dry,Dark-Lighted
2022-06-10T11:38:00.000,I 285,I 285 and Paces Ferry Rd,,Not a Collision with Motor Vehicle,1,Clear,Dry,Daylight
2022-12-11T13:32:00.000,I 285,I 285 and Paces Ferry Rd,,Rear End,2,Rain,Wet,Daylight
2022-03-24T18:50:00.000,I 285,I 285 and Paces Ferry Rd,,Sideswipe-Same Direction,2,Clear,Dry,Daylight
2022-06-24T15:41:00.000,I 285,I 285 and Paces Ferry Rd,,Rear End,2,Clear,Dry,Daylight
2022-12-06T07:00:00.000,I 285,I 285 and Paces Ferry Rd,,Rear End,2,Rain,Wet,Dark-Not Lighted
2022-12-15T19:40:00.000,I 285,I 285 and Paces Ferry Rd,,Angle Crash,2,Cloudy,Dry,Dark-Not Lighted
2022-08-23T03:42:00.000,I 285,I 285 and Paces Ferry Rd,,Not a Collision with Motor Vehicle,1,Clear,Dry,Dark-Lighted
2022-06-23T07:45:00.000,I 285,I 285 and Paces Ferry Rd,,Rear End,2,Clear,Dry,Daylight
2022-04-22T14:00:00.000,I 285,I 285 and Paces Ferry Rd,,Sideswipe-Same Direction,2,Clear,Dry,Daylight
2022-05-06T15:40:00.000,I 285,I 285 and Paces Ferry Rd,,Rear End,2,Clear,Dry,Daylight
2022-03-01T16:22:00.000,I 285,I 285 and Paces Ferry Rd,,Rear End,2,Clear,Dry,Daylight
2022-08-29T16:52:00.000,I 285,I 285 and Paces Ferry Rd,,Rear End,2,Cloudy,Dry,Daylight
2022-09-08T11:39:00.000,I 285,I 285 and Paces Ferry Rd,,Rear End,2,Cloudy,Dry,Daylight
2022-02-01T16:00:00.000,I 285,I 285 and Paces Ferry Rd,,Not a Collision with Motor Vehicle,2,Clear,Dry,Daylight
2022-04-08T18:27:00.000,I 285,I 285 and Paces Ferry Rd,,Sideswipe-Same Direction,2,Cloudy,Dry,Daylight
2022-04-02T09:50:00.000,I 285,I 285 and Paces Ferry Rd,,Rear End,2,Clear,Dry,Daylight
2022-07-07T16:00:00.000,I 285,I 285 and Paces Ferry Rd,,Rear End,2,Clear,Dry,Daylight
2022-12-19T19:35:00.000,I 285,I 285 and Paces Ferry Rd,,Sideswipe-Same Direction,2,Clear,Dry,Daylight
2022-11-02T16:51:00.000,I 285,I 285 and Paces Ferry Rd,,Rear End,2,Clear,Dry,Daylight
2022-11-23T13:08:00.000,I 285,I 285 and Paces Ferry Rd,,Rear End,3,Clear,Dry,Daylight
2022-12-29T17:35:00.000,I 285,I 285 and Paces Ferry Rd,,Rear End,2,Clear,Dry,Daylight
2022-07-25T08:40:00.000,I 285,I 285 and Paces Ferry Rd,,Rear End,2,Clear,Dry,Daylight
2022-05-19T07:39:00.000,I 285,I 285 and Paces Ferry Rd,,Rear End,3,Clear,Dry,Daylight
2022-12-29T05:05:00.000,I 285,I 285 and Paces Ferry Rd,,Not a Collision with Motor Vehicle,1,Clear,Dry,Dark-Not Lighted
2022-09-20T16:25:00.000,I 285,I 285 and Paces Ferry Rd,,Rear End,2,Rain,Wet,Daylight
2022-11-13T15:53:00.000,I 285,I 285 and Paces Ferry Rd,,Rear End,2,Clear,Dry,Daylight
2022-07-09T05:57:00.000,I 285,I 285 and Paces Ferry Rd,,Not a Collision with Motor Vehicle,1,Cloudy,Wet,Dark-Not Lighted
2022-11-04T13:00:00.000,I 285,I 285 and Paces Ferry Rd,,Rear End,2,Clear,Dry,Daylight
2022-12-08T09:28:00.000,I 285,I 285 and Paces Ferry Rd,,Rear End,2,Cloudy,Wet,Daylight
2022-10-05T16:40:00.000,I 285,I 285 and Paces Ferry Rd,,Rear End,2,Clear,Dry,Daylight
2022-09-16T17:30:00.000,I 285,I 285 and Paces Ferry Rd,,Sideswipe-Same Direction,2,Clear,Dry,Daylight
2022-12-06T07:00:00.000,I 285,I 285 and Paces Ferry Rd,,Rear End,2,Rain,Wet,Dark-Not Lighted
2022-08-09T00:14:00.000,I 285,I 285 and Paces Ferry Rd,,Not a Collision with Motor Vehicle,1,Clear,Dry,Dark-Not Lighted