Date and Time,Roadway (From Crash Report),Intersection Name (from Crash Report),KABCO Severity,Manner of Collision (Crash Level) ,# of Vehicles per crash ,Weather Conditions (Crash Level),Surface Condition (Crash Level) ,Light Conditions (Crash Level)
2024-06-21T18:18:00.000,I 285,I 285 and Paces Ferry Rd,,Sideswipe-Same Direction,2,Clear,Dry,Daylight
2024-02-14T18:50:00.000,I 285,I 285 and Paces Ferry Rd,,Sideswipe-Same Direction,2,Clear,Dry,Dark-Lighted
2024-05-24T14:50:00.000,I 285,I 285 and Paces Ferry Rd,,Rear End,2,Cloudy,Dry,Daylight
2024-07-15T13:20:00.000,I 285,I 285 and Paces Ferry Rd,,Rear End,2,Clear,Dry,Daylight
2024-04-05T09:43:00.000,I 285,I 285 and Paces Ferry Rd,,Angle Crash,2,Clear,Dry,Daylight
2024-04-12T18:02:00.000,I 285,I 285 and Paces Ferry Rd,,Rear End,2,Clear,Dry,Daylight
2024-01-22T07:56:00.000,I 285,I 285 and Paces Ferry Rd,,Rear End,2,Clear,Dry,Daylight
2024-07-06T18:19:00.000,I 285,I 285 and Paces Ferry Rd,,Not a Collision with Motor Vehicle,1,Rain,Wet,Daylight
2024-12-16T18:21:00.000,I 285,I 285 and Paces Ferry Rd,,Rear End,2,Clear,Dry,Daylight
2024-12-02T08:10:00.000,I 285,I 285 and Paces Ferry Rd,,Rear End,2,Clear,Dry,Daylight
2024-10-24T14:00:00.000,I 285,I 285 and Paces Ferry Rd,,Rear End,2,Clear,Dry,Daylight
2024-04-07T15:43:00.000,I 285,I 285 and Paces Ferry Rd,,Not a Collision with Motor Vehicle,1,Cloudy,Dry,Daylight
2024-11-24T14:45:00.000,I 285,I 285 and Paces Ferry Rd,,Rear End,3,Clear,Dry,Daylight
2024-03-25T19:26:00.000,I 285,I 285 and Paces Ferry Rd,,Sideswipe-Same Direction,2,Cloudy,Dry,Daylight
2024-10-03T15:43:00.000,I 285,I 285 and Paces Ferry Rd,,Sideswipe-Same Direction,2,Clear,Dry,Daylight
2024-06-27T18:15:00.000,I 285,I 285 and Paces Ferry Rd,,Sideswipe-Same Direction,2,Cloudy,Dry,Daylight
2024-11-20T13:00:00.000,I 285,I 285 and Paces Ferry Rd,,Rear End,2,Clear,Dry,Daylight
2024-12-01T13:00:00.000,I 285,I 285 and Paces Ferry Rd,,Rear End,2,Clear,Dry,Daylight
2024-11-20T18:42:00.000,I 285,I 285 and Paces Ferry Rd,,Sideswipe-Same Direction,2,Clear,Dry,Dark-Not Lighted
2024-03-08T18:58:00.000,I 285,I 285 and Paces Ferry Rd,,Rear End,2,Rain,Wet,Dark-Not Lighted
2024-10-30T15:10:00.000,I 285,I 285 and Paces Ferry Rd,,Sideswipe-Same Direction,2,Clear,Dry,Daylight
2024-02-28T16:24:00.000,I 285,I 285 and Paces Ferry Rd,,Sideswipe-Same Direction,2,Cloudy,Dry,Daylight
2024-07-30T13:20:00.000,I 285,I 285 and Paces Ferry Rd,,Sideswipe-Same Direction,2,Clear,Dry,Daylight
2024-11-15T16:38:00.000,I 285,I 285 and Paces Ferry Rd,,Rear End,2,Clear,Dry,Daylight
2024-12-10T06:46:00.000,I 285,I 285 and Paces Ferry Rd,,Angle Crash,2,Rain,Wet,Dark-Not Lighted
2024-03-13T17:22:00.000,I 285,I 285 and Paces Ferry Rd,,Sideswipe-Same Direction,2,Clear,Dry,Daylight
2024-04-19T18:46:00.000,I 285,I 285 and Paces Ferry Rd,,Sideswipe-Same Direction,2,Cloudy,Dry,Daylight
2024-07-12T17:15:00.000,I 285,I 285 and Paces Ferry Rd,,Rear End,2,Clear,Dry,Daylight
2024-10-17T18:40:00.000,I 285,I 285 and Paces Ferry Rd,,Sideswipe-Same Direction,2,Clear,Dry,Daylight
2024-02-24T02:23:00.000,I 285,I 285 and Paces Ferry Rd,,Sideswipe-Same Direction,2,Clear,Dry,Dark-Not Lighted
2024-02-11T15:24:00.000,I 285,I 285 and Paces Ferry Rd,,Rear End,2,Clear,Dry,Daylight
2024-11-10T12:50:00.000,I 285,I 285 and Paces Ferry Rd,,Angle Crash,3,Cloudy,Dry,Daylight
2024-04-15T13:35:00.000,I 285,I 285 and Paces Ferry Rd,,Rear End,2,Clear,Dry,Daylight
2024-11-21T13:30:00.000,I 285,I 285 and Paces Ferry Rd,,Sideswipe-Same Direction,2,Clear,Dry,Daylight
2024-05-19T14:25:00.000,I 285,I 285 and Paces Ferry Rd,,Rear End,2,Clear,Dry,Daylight
2024-11-08T10:00:00.000,I 285,I 285 and Paces Ferry Rd,,Sideswipe-Same Direction,2,Clear,Dry,Daylight
2024-04-14T16:42:00.000,I 285,I 285 and Paces Ferry Rd,,Rear End,3,Clear,Dry,Daylight
2024-05-11T13:53:00.000,I 285,I 285 and Paces Ferry Rd,,Rear End,2,Clear,Dry,Daylight
2024-12-15T16:45:00.000,I 285,I 285 and Paces Ferry Rd,,Rear End,2,Rain,Wet,Daylight
2024-06-24T07:45:00.000,I 285,I 285 and Paces Ferry Rd,,Rear End,2,Clear,Wet,Daylight
2024-11-25T15:29:00.000,I 285,I 285 and Paces Ferry Rd,,Rear End,2,Clear,Dry,Daylight
2024-03-13T16:29:00.000,I 285,I 285 and Paces Ferry Rd,,Rear End,2,Clear,Dry,Daylight
2024-06-21T16:01:00.000,I 285,I 285 and Paces Ferry Rd,,Rear End,2,Clear,Dry,Daylight
2024-08-05T14:32:00.000,I 285,I 285 and Paces Ferry Rd,,Rear End,2,Clear,Dry,Daylight
2024-05-16T11:14:00.000,I 285,I 285 and Paces Ferry Rd,,Sideswipe-Same Direction,2,Clear,Dry,Daylight
2024-03-10T17:15:00.000,I 285,I 285 and Paces Ferry Rd,,Rear End,2,Clear,Dry,Daylight
2024-06-29T19:13:00.000,I 285,I 285 and Paces Ferry Rd,,Rear End,2,Clear,Dry,Daylight
2024-07-16T08:24:00.000,I 285,I 285 and Paces Ferry Rd,,Rear End,2,Clear,Dry,Daylight
2024-09-21T15:07:00.000,I 285,I 285 and Paces Ferry Rd,,Rear End,2,Clear,Dry,Daylight
2024-12-13T18:12:00.000,I 285,I 285 and Paces Ferry Rd,,Rear End,2,Clear,Dry,Dark-Not Lighted
2024-10-30T18:36:00.000,I 285,I 285 and Paces Ferry Rd,,Sideswipe-Same Direction,2,Clear,Dry,Daylight
2024-06-27T08:35:00.000,I 285,I 285 and Paces Ferry Rd,,Rear End,2,Cloudy,Dry,Daylight
2024-03-14T13:37:00.000,I 285,I 285 and Paces Ferry Rd,,Rear End,2,Clear,Dry,Daylight
2024-07-08T10:01:00.000,I 285,I 285 and Paces Ferry Rd,,Not a Collision with Motor Vehicle,1,Cloudy,Dry,Daylight
2024-10-16T07:35:00.000,I 285,I 285 and Paces Ferry Rd,,Sideswipe-Same Direction,2,Clear,Dry,Daylight
2024-02-24T14:03:00.000,I 285,I 285 and Paces Ferry Rd,,Rear End,2,Clear,Dry,Daylight
2024-04-30T14:36:00.000,I 285,I 285 and Paces Ferry Rd,,Rear End,3,Clear,Dry,Daylight
2024-07-02T12:31:00.000,I 285,I 285 and Paces Ferry Rd,,Rear End,2,Cloudy,Dry,Daylight
2024-06-12T18:30:00.000,I 285,I 285 and Paces Ferry Rd,,Angle Crash,2,Clear,Dry,Daylight
2024-08-30T06:56:00.000,I 285,I 285 and Paces Ferry Rd,,Not a Collision with Motor Vehicle,1,Clear,Dry,Daylight
2024-06-03T17:49:00.000,I 285,I 285 and Paces Ferry Rd,,Rear End,2,Cloudy,Dry,Daylight
2024-04-10T19:48:00.000,I 285,I 285 and Paces Ferry Rd,,Rear End,3,Rain,Wet,Dark-Lighted
2024-06-12T06:45:00.000,I 285,I 285 and Paces Ferry Rd,,Rear End,2,Clear,Dry,Daylight
2024-02-14T11:16:00.000,I 285,I 285 and Paces Ferry Rd,,Rear End,2,Clear,Dry,Daylight
2024-05-06T08:55:00.000,I 285,I 285 and Paces Ferry Rd,,Rear End,2,Cloudy,Dry,Daylight
2024-10-27T06:53:00.000,I 285,I 285 and Paces Ferry Rd,,Angle Crash,2,Clear,Dry,Daylight
2024-03-23T12:30:00.000,I 285,I 285 and Paces Ferry Rd,,Sideswipe-Same Direction,2,Cloudy,Dry,Daylight
2024-06-29T16:00:00.000,I 285,I 285 and Paces Ferry Rd,,Sideswipe-Same Direction,2,Cloudy,Dry,Daylight
2024-05-22T07:42:00.000,I 285,I 285 and Paces Ferry Rd,,Sideswipe-Same Direction,2,Clear,Dry,Daylight
2024-03-10T15:00:00.000,I 285,I 285 and Paces Ferry Rd,,Rear End,2,Clear,Dry,Daylight
2024-11-13T12:30:00.000,I 285,I 285 and Paces Ferry Rd,,Rear End,2,Clear,Dry,Daylight
2024-02-07T08:18:00.000,I 285,I 285 and Paces Ferry Rd,,Rear End,2,Clear,Dry,Daylight
2024-10-31T09:42:00.000,I 285,I 285 and Paces Ferry Rd,,Angle Crash,2,Clear,Dry,Daylight
2024-10-02T10:46:00.000,I 285,I 285 and Paces Ferry Rd,,Angle Crash,2,Clear,Dry,Daylight
2024-03-20T09:00:00.000,I 285,I 285 and Paces Ferry Rd,,Rear End,2,Clear,Dry,Daylight
2024-03-07T13:30:00.000,I 285,I 285 and Paces Ferry Rd,,Rear End,2,Clear,Dry,Daylight
2024-03-30T13:58:00.000,I 285,I 285 and Paces Ferry Rd,,Rear End,4,Clear,Dry,Daylight
2024-05-30T11:25:00.000,I 285,I 285 and Paces Ferry Rd,,Rear End,2,Clear,Dry,Daylight
2024-11-16T18:12:00.000,I 285,I 285 and Paces Ferry Rd,,Rear End,2,Clear,Dry,Dark-Lighted
2024-11-05T12:50:00.000,I 285,I 285 and Paces Ferry Rd,,Not a Collision with Motor Vehicle,2,Clear,Dry,Daylight
2024-12-14T19:38:00.000,I 285,I 285 and Paces Ferry Rd,,Rear End,2,Cloudy,Dry,Dark-Lighted
2024-05-13T18:50:00.000,I 285,I 285 and Paces Ferry Rd,,Rear End,2,Cloudy,Dry,Daylight
2024-01-11T17:38:00.000,I 285,I 285 and Paces Ferry Rd,,Rear End,2,Clear,Dry,Daylight
2024-01-11T18:36:00.000,I 285,I 285 and Paces Ferry Rd,,Rear End,2,Clear,Dry,Dark-Lighted
2024-03-24T14:45:00.000,I 285,I 285 and Paces Ferry Rd,,Rear End,2,Clear,Dry,Daylight
2024-11-27T15:27:00.000,I 285,I 285 and Paces Ferry Rd,,Angle Crash,2,Clear,Dry,Daylight
2024-04-15T15:42:00.000,I 285,I 285 and Paces Ferry Rd,,Rear End,2,Clear,Dry,Daylight
2024-02-29T16:20:00.000,I 285,I 285 and Paces Ferry Rd,,Sideswipe-Same Direction,2,Cloudy,Dry,Daylight
2024-01-25T15:47:00.000,I 285,I 285 and Paces Ferry Rd,,Rear End,2,Clear,Wet,Daylight
2024-01-24T18:45:00.000,I 285,I 285 and Paces Ferry Rd,,Sideswipe-Same Direction,2,Rain,Wet,Dark-Not Lighted
2024-10-02T18:37:00.000,I 285,I 285 and Paces Ferry Rd,,Rear End,3,Clear,Dry,Daylight
2024-10-17T18:31:00.000,I 285,I 285 and Paces Ferry Rd,,Angle Crash,2,Clear,Dry,Daylight
2024-05-11T17:25:00.000,I 285,I 285 and Paces Ferry Rd,,Rear End,2,Clear,Dry,Daylight
2024-06-14T14:05:00.000,I 285,I 285 and Paces Ferry Rd,,Sideswipe-Same Direction,2,Clear,Dry,Daylight
2024-05-20T13:40:00.000,I 285,I 285 and Paces Ferry Rd,,Sideswipe-Same Direction,2,Clear,Dry,Daylight
2024-12-31T22:03:00.000,I 285,I 285 and Paces Ferry Rd,,Sideswipe-Same Direction,2,Clear,Dry,Dark-Not Lighted
2024-05-06T09:53:00.000,I 285,I 285 and Paces Ferry Rd,,Rear End,2,Clear,Dry,Daylight
2024-09-30T18:20:00.000,I 285,I 285 and Paces Ferry Rd,,Rear End,2,Clear,Dry,Daylight
2024-05-07T15:47:00.000,I 285,I 285 and Paces Ferry Rd,,Rear End,2,Clear,Dry,Daylight
2024-07-02T18:00:00.000,I 285,I 285 and Paces Ferry Rd,,Sideswipe-Same Direction,2,Clear,Dry,Daylight
2024-06-11T17:49:00.000,I 285,I 285 and Paces Ferry Rd,,Rear End,3,Clear,Dry,Daylight
2024-06-27T09:00:00.000,I 285,I 285 and Paces Ferry Rd,,Rear End,2,Clear,Dry,Daylight
2022-02-06T15:59:00.000,I 285,I 285 and Paces Ferry Ed,,Rear End,2,Clear,Dry,Daylight
2023-10-05T00:21:00.000,I 285,I 285 and Paces Ferry,,Rear End,2,Clear,Dry,Dark-Lighted
2024-10-17T02:18:00.000,I 285,I 285 and Paces Ferry,,Not a Collision with Motor Vehicle,1,Clear,Dry,Dark-Not Lighted
2024-12-21T05:10:00.000,I 285,I 285 and Paces Ferry,,Angle Crash,2,Clear,Dry,Dark-Not Lighted
2024-06-22T15:40:00.000,I 285,I 285 and Paces Ferry,,Angle Crash,2,Clear,Dry,Daylight
2024-09-26T23:57:00.000,I 285,I 285 and Paces Ferry,,Rear End,2,Rain,Wet,Dark-Not Lighted
2024-07-02T12:50:00.000,I 285,I 285 and Paces Ferry,,Rear End,3,Clear,Dry,Daylight
2024-11-29T15:58:00.000,I 285,I 285 and Paces Ferry,,Sideswipe-Same Direction,3,Clear,Dry,Daylight
2022-10-08T23:02:00.000,I 285,I 285 and Paces Ferrry Rd,,Sideswipe-Same Direction,2,Clear,Dry,Dark-Not Lighted
2020-09-12T14:00:00.000,I 285,I 285 and Pace Ferry Rd,,Sideswipe-Same Direction,7,Cloudy,Dry,Daylight
2020-12-12T19:23:00.000,I 285,I 285 and Over I75,,Sideswipe-Same Direction,3,Rain,Wet,Dark-Lighted
2024-12-16T16:38:00.000,I 285,I 285 and Over I75,,Rear End,2,Clear,Dry,Daylight
2024-10-03T19:00:00.000,I 285,I 285 and Over I75,,Rear End,2,Clear,Dry,Daylight
2021-07-19T21:10:00.000,I 285,I 285 and Outer Loop Rd,,Sideswipe-Same Direction,2,Rain,Wet,Dark-Lighted
2020-03-23T18:36:00.000,I 285,I 285 and Outer Loop Rd,,Not a Collision with Motor Vehicle,1,Rain,Wet,Daylight
2021-11-08T10:31:00.000,I 285,I 285 and Outer Loop Rd,,Angle Crash,2,Clear,Dry,Daylight
2021-05-21T10:00:00.000,I 285,I 285 and Orchord Rd,,Not a Collision with Motor Vehicle,1,Clear,Dry,Daylight
2022-03-03T16:00:00.000,I 285,I 285 and Orchard Road Opas,,Sideswipe-Same Direction,2,Clear,Dry,Daylight
2024-04-15T10:52:00.000,I 285,I 285 and Orchard Road Opas,,Sideswipe-Same Direction,3,Clear,Dry,Daylight
2020-11-17T15:50:00.000,I 285,I 285 and Orchard Road Mile Marker 17,,Rear End,2,Clear,Dry,Daylight
2021-06-26T18:40:00.000,I 285,I 285 and Orchard Rd,,Rear End,3,Cloudy,Dry,Daylight
2021-07-07T22:32:00.000,I 285,I 285 and Orchard Rd,,Sideswipe-Same Direction,2,Rain,Wet,Dark-Lighted
2021-11-27T13:30:00.000,I 285,I 285 and Orchard Rd,,Sideswipe-Same Direction,2,Clear,Dry,Daylight
2021-08-26T07:49:00.000,I 285,I 285 and Orchard Rd,,Sideswipe-Same Direction,2,Cloudy,Dry,Daylight
2023-06-04T13:10:00.000,I 285,I 285 and Orchard Rd,,Sideswipe-Same Direction,2,Clear,Dry,Daylight
2020-07-31T22:34:00.000,I 285,I 285 and Orchard Rd,,Not a Collision with Motor Vehicle,1,Clear,Dry,Dark-Lighted
2021-05-11T14:50:00.000,I 285,I 285 and Orchard Rd,,Rear End,2,Cloudy,Dry,Daylight
2021-09-14T14:48:00.000,I 285,I 285 and Orchard Rd,,Angle Crash,3,Clear,Dry,Daylight
2021-10-01T17:29:00.000,I 285,I 285 and Orchard Rd,,Rear End,3,Cloudy,Dry,Daylight
2022-08-09T09:37:00.000,I 285,I 285 and Orchard Rd,,Rear End,2,Cloudy,Dry,Daylight
2022-04-10T08:25:00.000,I 285,I 285 and Orchard Rd,,Angle Crash,2,Clear,Dry,Daylight
2022-07-15T18:24:00.000,I 285,I 285 and Orchard Rd,,Rear End,2,Clear,Dry,Daylight
2022-02-20T13:54:00.000,I 285,I 285 and Orchard Rd,,Sideswipe-Same Direction,2,Clear,Dry,Daylight
2022-05-23T15:34:00.000,I 285,I 285 and Orchard Rd,,Sideswipe-Same Direction,2,Cloudy,Dry,Daylight
2022-04-21T16:41:00.000,I 285,I 285 and Orchard Rd,,Rear End,2,Clear,Dry,Daylight
2022-07-29T09:52:00.000,I 285,I 285 and Orchard Rd,,Not a Collision with Motor Vehicle,2,Clear,Dry,Daylight
2022-03-06T11:50:00.000,I 285,I 285 and Orchard Rd,,Rear End,2,Cloudy,Dry,Daylight
2024-02-07T11:36:00.000,I 285,I 285 and Orchard Rd,,Rear End,2,Clear,Dry,Daylight
2023-06-13T08:50:00.000,I 285,I 285 and Orchard Rd,,Rear End,2,Clear,Dry,Daylight
2023-08-28T14:15:00.000,I 285,I 285 and Orchard Rd,,Sideswipe-Same Direction,2,Clear,Dry,Daylight
2024-12-12T21:44:00.000,I 285,I 285 and Orchard Rd,,Sideswipe-Same Direction,2,Clear,Dry,Dark-Not Lighted
2024-12-23T12:00:00.000,I 285,I 285 and Orchard Rd,,Sideswipe-Same Direction,2,Clear,Dry,Daylight
2024-06-02T07:50:00.000,I 285,I 285 and Orchard Rd,,Rear End,2,Cloudy,Dry,Daylight
2024-06-29T15:15:00.000,I 285,I 285 and Orchard Rd,,Rear End,2,Cloudy,Dry,Daylight
2024-01-03T08:40:00.000,I 285,I 285 and Orchard Rd,,Rear End,2,Cloudy,Dry,Daylight
2024-06-12T07:46:00.000,I 285,I 285 and Orchard Rd,,Rear End,3,Clear,Dry,Daylight
2024-04-15T15:42:00.000,I 285,I 285 and Orchard Rd,,Not a Collision with Motor Vehicle,1,Clear,Dry,Daylight
2024-01-04T13:18:00.000,I 285,I 285 and Orchard Rd,,Rear End,3,Clear,Dry,Daylight
2023-03-31T17:21:00.000,I 285,I 285 and Orchard,,Angle Crash,2,Clear,Dry,Daylight
2023-05-26T13:20:00.000,I 285,I 285 and Onh Cd Rp,,Rear End,2,Clear,Dry,Daylight
2021-02-23T06:54:00.000,I 285,I 285 and Onh Cd Rp,,Sideswipe-Same Direction,2,Clear,Dry,Daylight
2021-03-24T20:13:00.000,I 285,I 285 and Onh Cd 85N 285 E Rp,,Sideswipe-Same Direction,2,Clear,Dry,Dark-Not Lighted
2020-03-30T08:37:00.000,I 285,I 285 and Onh Brg,,Not a Collision with Motor Vehicle,1,Clear,Dry,Daylight
2020-06-29T14:36:00.000,I 285,I 285 and Onh 285 E Rp,,Sideswipe-Same Direction,2,Clear,Dry,Daylight
2020-11-08T16:43:00.000,I 285,I 285 and On Ramp To Lawrenceville Hwy,,Sideswipe-Same Direction,4,Cloudy,Dry,Daylight
2021-06-15T14:48:00.000,I 285,I 285 and On Ramp From Stone Mtn Fwt To I285,,Rear End,2,Clear,Dry,Daylight
2023-12-09T19:20:00.000,I 285,I 285 and On Ramp From Stone Mtn Fwt To I285,,Sideswipe-Same Direction,2,Clear,Wet,Dark-Not Lighted
2023-11-15T03:36:00.000,I 285,I 285 and On Ramp From Stone Mtn Fwt To I285,,Sideswipe-Same Direction,2,Clear,Dry,Dark-Lighted
2020-02-06T12:24:00.000,I 285,I 285 and On Ramp From Stone Mtn Fwt To I285,,Not a Collision with Motor Vehicle,1,Rain,Water (standing or moving),Daylight
2020-12-03T19:40:00.000,I 285,I 285 and On Ramp From Stone Mtn Fwt To I285,,Sideswipe-Same Direction,2,Clear,Dry,Dark-Lighted
2020-10-08T17:03:00.000,I 285,I 285 and On Ramp From Stone Mtn Fwt To I285,,Sideswipe-Same Direction,2,Clear,Dry,Daylight
2021-05-05T18:30:00.000,I 285,I 285 and On Ramp From Stone Mtn Fwt To I285,,Rear End,2,Cloudy,Dry,Daylight
2021-08-06T17:13:00.000,I 285,I 285 and On Ramp From Stone Mtn Fwt To I285,,Rear End,2,Clear,Dry,Daylight
2021-10-25T16:50:00.000,I 285,I 285 and On Ramp From Stone Mtn Fwt To I285,,Rear End,2,Cloudy,Dry,Daylight
2022-09-26T19:38:00.000,I 285,I 285 and On Ramp From Stone Mtn Fwt To I285,,Sideswipe-Same Direction,2,Clear,Dry,Dark-Lighted
2022-05-04T19:22:00.000,I 285,I 285 and On Ramp From Stone Mtn Fwt To I285,,Rear End,3,Clear,Dry,Daylight
2022-11-16T16:50:00.000,I 285,I 285 and On Ramp From Stone Mtn Fwt To I285,,Sideswipe-Same Direction,2,Clear,Dry,Daylight
2022-11-09T19:20:00.000,I 285,I 285 and On Ramp From Stone Mtn Fwt To I285,,Sideswipe-Same Direction,2,Clear,Dry,Daylight
2022-05-20T00:00:00.000,I 285,I 285 and On Ramp From Stone Mtn Fwt To I285,,Not a Collision with Motor Vehicle,1,Clear,Dry,Dark-Lighted
2022-08-31T16:25:00.000,I 285,I 285 and On Ramp From Stone Mtn Fwt To I285,,Sideswipe-Same Direction,2,Clear,Dry,Daylight
2022-09-15T11:00:00.000,I 285,I 285 and On Ramp From Stone Mtn Fwt To I285,,Sideswipe-Same Direction,2,Clear,Dry,Daylight
2023-02-23T19:40:00.000,I 285,I 285 and On Ramp From Stone Mtn Fwt To I285,,Rear End,3,Cloudy,Dry,Dark-Not Lighted
2023-02-02T09:50:00.000,I 285,I 285 and On Ramp From Stone Mtn Fwt To I285,,Sideswipe-Same Direction,2,Cloudy,Wet,Daylight
2023-11-03T17:44:00.000,I 285,I 285 and On Ramp From Stone Mtn Fwt To I285,,Rear End,2,Clear,Dry,Daylight
2023-06-03T06:35:00.000,I 285,I 285 and On Ramp From Stone Mtn Fwt To I285,,Not a Collision with Motor Vehicle,1,Clear,Dry,Daylight
2024-04-12T10:20:00.000,I 285,I 285 and On Ramp From Stone Mtn Fwt To I285,,Sideswipe-Same Direction,2,Clear,Dry,Daylight
2024-12-21T12:17:00.000,I 285,I 285 and On Ramp From Stone Mtn Fwt To I285,,Rear End,2,Clear,Dry,Daylight
2021-12-15T15:10:00.000,I 285,I 285 and On Ramp From Lawrenceville Hwy To I285,,Rear End,2,Cloudy,Dry,Dusk
2021-08-10T17:00:00.000,I 285,I 285 and On Ramp From Lawrenceville Hwy To I285,,Rear End,2,Clear,Dry,Daylight
2021-02-08T04:02:00.000,I 285,I 285 and On Ramp From Lawrenceville Hwy To I285,,Sideswipe-Same Direction,3,Clear,Dry,Dark-Not Lighted
2021-02-17T13:53:00.000,I 285,I 285 and On Ramp From Lawrenceville Hwy To I285,,Sideswipe-Same Direction,2,Clear,Dry,Daylight
2021-04-22T12:35:00.000,I 285,I 285 and On Ramp From Lawrenceville Hwy To I285,,Angle Crash,3,Clear,Dry,Daylight
2021-10-08T19:01:00.000,I 285,I 285 and On Ramp From Lawrenceville Hwy To I285,,Sideswipe-Same Direction,2,Clear,Dry,Daylight
2021-08-14T13:51:00.000,I 285,I 285 and On Ramp From Lawrenceville Hwy To I285,,Rear End,2,Cloudy,Dry,Daylight
2021-07-01T17:27:00.000,I 285,I 285 and On Ramp From Lawrenceville Hwy To I285,,Rear End,2,Clear,Dry,Daylight
2021-05-21T19:30:00.000,I 285,I 285 and On Ramp From Lawrenceville Hwy To I285,,Sideswipe-Same Direction,2,Clear,Dry,Daylight
2021-04-21T20:52:00.000,I 285,I 285 and On Ramp From Lawrenceville Hwy To I285,,Not a Collision with Motor Vehicle,5,Clear,Dry,Dark-Not Lighted
2021-05-30T00:50:00.000,I 285,I 285 and On Ramp From Lawrenceville Hwy To I285,,Not a Collision with Motor Vehicle,1,Clear,Dry,Dark-Not Lighted
2021-02-01T22:50:00.000,I 285,I 285 and On Ramp From Lawrenceville Hwy To I285,,Angle Crash,2,Clear,Dry,Dark-Lighted
2021-07-22T17:37:00.000,I 285,I 285 and On Ramp From Lawrenceville Hwy To I285,,Sideswipe-Same Direction,2,Clear,Dry,Daylight
2021-12-17T19:48:00.000,I 285,I 285 and On Ramp From Lawrenceville Hwy To I285,,Sideswipe-Same Direction,2,Clear,Dry,Dark-Not Lighted
2021-05-04T16:51:00.000,I 285,I 285 and On Ramp From Lawrenceville Hwy To I285,,Sideswipe-Same Direction,2,Rain,Wet,Dusk
2021-04-03T18:25:00.000,I 285,I 285 and On Ramp From Lawrenceville Hwy To I285,,Rear End,2,Clear,Dry,Daylight
2023-04-30T09:30:00.000,I 285,I 285 and On Ramp From Lawrenceville Hwy To I285,,Angle Crash,2,Rain,Wet,Daylight
2023-10-14T11:04:00.000,I 285,I 285 and On Ramp From Lawrenceville Hwy To I285,,Angle Crash,2,Cloudy,Wet,Daylight
2023-05-27T02:01:00.000,I 285,I 285 and On Ramp From Lawrenceville Hwy To I285,,Rear End,4,Clear,Dry,Dark-Not Lighted
2023-11-14T11:30:00.000,I 285,I 285 and On Ramp From Lawrenceville Hwy To I285,,Rear End,2,Clear,Dry,Daylight
2023-10-13T13:26:00.000,I 285,I 285 and On Ramp From Lawrenceville Hwy To I285,,Rear End,2,Cloudy,Dry,Daylight
2023-07-17T08:32:00.000,I 285,I 285 and On Ramp From Lawrenceville Hwy To I285,,Rear End,2,Clear,Dry,Daylight
2023-03-17T20:58:00.000,I 285,I 285 and On Ramp From Lawrenceville Hwy To I285,,Sideswipe-Same Direction,2,Rain,Wet,Dark-Lighted
2023-01-27T22:10:00.000,I 285,I 285 and On Ramp From Lawrenceville Hwy To I285,,Not a Collision with Motor Vehicle,1,Clear,Dry,Dark-Not Lighted
2023-08-28T19:44:00.000,I 285,I 285 and On Ramp From Lawrenceville Hwy To I285,,Not a Collision with Motor Vehicle,1,Rain,Wet,Dark-Not Lighted
2023-07-05T15:10:00.000,I 285,I 285 and On Ramp From Lawrenceville Hwy To I285,,Rear End,2,Clear,Dry,Daylight
2023-10-17T17:35:00.000,I 285,I 285 and On Ramp From Lawrenceville Hwy To I285,,Rear End,2,Clear,Dry,Daylight
2023-12-28T20:00:00.000,I 285,I 285 and On Ramp From Lawrenceville Hwy To I285,,Sideswipe-Same Direction,2,Clear,Dry,Dark-Not Lighted
2021-11-15T07:46:00.000,I 285,I 285 and On Ramp From Lawrenceville Hwy To I285,,Angle Crash,2,Clear,Dry,Daylight
2020-06-10T15:56:00.000,I 285,I 285 and On Ramp From Lawrenceville Hwy To I285,,Rear End,3,Cloudy,Dry,Daylight
2020-08-28T16:45:00.000,I 285,I 285 and On Ramp From Lawrenceville Hwy To I285,,Rear End,2,Clear,Dry,Daylight
2020-02-10T15:19:00.000,I 285,I 285 and On Ramp From Lawrenceville Hwy To I285,,Rear End,2,Rain,Wet,Daylight
2020-02-20T18:11:00.000,I 285,I 285 and On Ramp From Lawrenceville Hwy To I285,,Not a Collision with Motor Vehicle,1,Rain,Wet,Daylight
2020-08-19T15:01:00.000,I 285,I 285 and On Ramp From Lawrenceville Hwy To I285,,Rear End,2,Cloudy,Dry,Daylight
2020-12-22T16:07:00.000,I 285,I 285 and On Ramp From Lawrenceville Hwy To I285,,Rear End,2,Clear,Dry,Daylight