Date and Time,Roadway (From Crash Report),Intersection Name (from Crash Report),KABCO Severity,Manner of Collision (Crash Level) ,# of Vehicles per crash ,Weather Conditions (Crash Level),Surface Condition (Crash Level) ,Light Conditions (Crash Level)
2020-12-19T15:14:00.000,I 285,I 285 and On Ramp From Lawrenceville Hwy To I285,,Not a Collision with Motor Vehicle,1,Cloudy,Dry,Daylight
2020-01-02T13:50:00.000,I 285,I 285 and On Ramp From Lawrenceville Hwy To I285,,Not a Collision with Motor Vehicle,1,Rain,Water (standing or moving),Daylight
2020-10-22T16:20:00.000,I 285,I 285 and On Ramp From Lawrenceville Hwy To I285,,Rear End,2,Clear,Dry,Daylight
2020-10-22T17:40:00.000,I 285,I 285 and On Ramp From Lawrenceville Hwy To I285,,Sideswipe-Same Direction,2,Clear,Dry,Daylight
2021-06-02T14:01:00.000,I 285,I 285 and On Ramp From Lawrenceville Hwy To I285,,Rear End,3,Cloudy,Dry,Daylight
2021-04-02T07:00:00.000,I 285,I 285 and On Ramp From Lawrenceville Hwy To I285,,Rear End,2,Clear,Dry,Dark-Not Lighted
2021-03-13T03:30:00.000,I 285,I 285 and On Ramp From Lawrenceville Hwy To I285,,Sideswipe-Same Direction,2,Clear,Dry,Dark-Not Lighted
2021-08-07T13:25:00.000,I 285,I 285 and On Ramp From Lawrenceville Hwy To I285,,Sideswipe-Same Direction,2,Cloudy,Dry,Daylight
2021-11-19T14:16:00.000,I 285,I 285 and On Ramp From Lawrenceville Hwy To I285,,Sideswipe-Same Direction,2,Clear,Dry,Daylight
2021-12-02T15:35:00.000,I 285,I 285 and On Ramp From Lawrenceville Hwy To I285,,Sideswipe-Same Direction,2,Clear,Dry,Daylight
2022-01-28T20:47:00.000,I 285,I 285 and On Ramp From Lawrenceville Hwy To I285,,Not a Collision with Motor Vehicle,1,Clear,Dry,Dark-Lighted
2022-05-09T04:28:00.000,I 285,I 285 and On Ramp From Lawrenceville Hwy To I285,,Sideswipe-Same Direction,2,Cloudy,Dry,Dark-Not Lighted
2022-02-23T17:07:00.000,I 285,I 285 and On Ramp From Lawrenceville Hwy To I285,,Angle Crash,2,Clear,Dry,Daylight
2022-10-06T16:05:00.000,I 285,I 285 and On Ramp From Lawrenceville Hwy To I285,,Sideswipe-Same Direction,2,Clear,Dry,Daylight
2022-05-09T15:36:00.000,I 285,I 285 and On Ramp From Lawrenceville Hwy To I285,,Rear End,2,Clear,Dry,Daylight
2022-09-27T11:37:00.000,I 285,I 285 and On Ramp From Lawrenceville Hwy To I285,,Rear End,4,Clear,Dry,Daylight
2022-02-11T18:59:00.000,I 285,I 285 and On Ramp From Lawrenceville Hwy To I285,,Rear End,2,Clear,Dry,Dark-Lighted
2022-10-19T11:10:00.000,I 285,I 285 and On Ramp From Lawrenceville Hwy To I285,,Angle Crash,2,Clear,Dry,Daylight
2022-08-22T15:52:00.000,I 285,I 285 and On Ramp From Lawrenceville Hwy To I285,,Rear End,2,Clear,Dry,Daylight
2022-03-14T07:50:00.000,I 285,I 285 and On Ramp From Lawrenceville Hwy To I285,,Angle Crash,2,Clear,Dry,Daylight
2022-12-09T18:44:00.000,I 285,I 285 and On Ramp From Lawrenceville Hwy To I285,,Sideswipe-Same Direction,2,Rain,Wet,Dark-Not Lighted
2022-09-04T23:04:00.000,I 285,I 285 and On Ramp From Lawrenceville Hwy To I285,,Angle Crash,2,Rain,Wet,Dark-Not Lighted
2022-03-30T20:25:00.000,I 285,I 285 and On Ramp From Lawrenceville Hwy To I285,,Not a Collision with Motor Vehicle,2,Clear,Dry,Dark-Not Lighted
2022-02-17T12:30:00.000,I 285,I 285 and On Ramp From Lawrenceville Hwy To I285,,Rear End,2,Clear,Dry,Daylight
2022-08-17T02:20:00.000,I 285,I 285 and On Ramp From Lawrenceville Hwy To I285,,Not a Collision with Motor Vehicle,1,Clear,Dry,Dark-Not Lighted
2023-08-23T09:24:00.000,I 285,I 285 and On Ramp From Lawrenceville Hwy To I285,,Sideswipe-Same Direction,2,Clear,Dry,Daylight
2023-12-26T12:36:00.000,I 285,I 285 and On Ramp From Lawrenceville Hwy To I285,,Rear End,2,Rain,Wet,Daylight
2023-05-25T04:32:00.000,I 285,I 285 and On Ramp From Lawrenceville Hwy To I285,,Sideswipe-Same Direction,2,Clear,Dry,Dark-Not Lighted
2023-10-27T09:30:00.000,I 285,I 285 and On Ramp From Lawrenceville Hwy To I285,,Rear End,2,Clear,Dry,Daylight
2024-01-03T07:41:00.000,I 285,I 285 and On Ramp From Lawrenceville Hwy To I285,,Rear End,2,Clear,Dry,Daylight
2024-04-16T15:00:00.000,I 285,I 285 and On Ramp From Lawrenceville Hwy To I285,,Not a Collision with Motor Vehicle,2,Clear,Dry,Daylight
2024-04-26T15:51:00.000,I 285,I 285 and On Ramp From Lawrenceville Hwy To I285,,Rear End,2,Clear,Dry,Daylight
2024-07-23T10:20:00.000,I 285,I 285 and On Ramp From Lawrenceville Hwy To I285,,Angle Crash,3,Clear,Dry,Daylight
2024-12-09T22:52:00.000,I 285,I 285 and On Ramp From Lawrenceville Hwy To I285,,Sideswipe-Same Direction,2,Clear,Wet,Dark-Not Lighted
2024-04-03T14:00:00.000,I 285,I 285 and On Ramp From Lawrenceville Hwy To I285,,Rear End,2,Clear,Dry,Daylight
2024-02-08T20:15:00.000,I 285,I 285 and On Ramp From Lawrenceville Hwy To I285,,Rear End,3,Clear,Dry,Dark-Not Lighted
2024-12-13T14:00:00.000,I 285,I 285 and On Ramp From Lawrenceville Hwy To I285,,Rear End,2,Clear,Dry,Daylight
2024-10-02T22:30:00.000,I 285,I 285 and On Ramp From Lawrenceville Hwy To I285,,Not a Collision with Motor Vehicle,1,Clear,Dry,Dark-Not Lighted
2021-03-29T00:00:00.000,I 285,I 285 and On Ramp From Chamblee Tucker Rd To I285 Blvd,,Not a Collision with Motor Vehicle,2,Clear,Dry,Daylight
2021-11-06T15:10:00.000,I 285,I 285 and On Ramp From Chamblee Tucker Rd To I285,,Rear End,3,Clear,Dry,Daylight
2021-11-11T15:30:00.000,I 285,I 285 and On Ramp From Chamblee Tucker Rd To I285,,Rear End,2,Clear,Dry,Daylight
2021-05-06T15:40:00.000,I 285,I 285 and On Ramp From Chamblee Tucker Rd To I285,,Rear End,2,Clear,Dry,Daylight
2020-09-08T16:05:00.000,I 285,I 285 and On Ramp From Chamblee Tucker Rd To I285,,Rear End,2,Clear,Dry,Daylight
2020-06-17T15:33:00.000,I 285,I 285 and On Ramp From Chamblee Tucker Rd To I285,,Rear End,2,Clear,Dry,Daylight
2020-12-17T14:30:00.000,I 285,I 285 and On Ramp From Chamblee Tucker Rd To I285,,Sideswipe-Same Direction,2,Clear,Dry,Daylight
2020-01-21T07:31:00.000,I 285,I 285 and On Ramp From Chamblee Tucker Rd To I285,,Angle Crash,2,Cloudy,Dry,Dark-Not Lighted
2020-08-18T13:00:00.000,I 285,I 285 and On Ramp From Chamblee Tucker Rd To I285,,Angle Crash,2,Cloudy,Dry,Daylight
2020-03-20T16:35:00.000,I 285,I 285 and On Ramp From Chamblee Tucker Rd To I285,,Not a Collision with Motor Vehicle,2,Clear,Dry,Daylight
2020-08-28T21:20:00.000,I 285,I 285 and On Ramp From Chamblee Tucker Rd To I285,,Not a Collision with Motor Vehicle,1,Clear,Dry,Dark-Not Lighted
2020-11-23T08:27:00.000,I 285,I 285 and On Ramp From Chamblee Tucker Rd To I285,,Not a Collision with Motor Vehicle,1,Clear,Dry,Daylight
2020-03-10T17:29:00.000,I 285,I 285 and On Ramp From Chamblee Tucker Rd To I285,,Rear End,4,Cloudy,Dry,Daylight
2020-09-04T15:23:00.000,I 285,I 285 and On Ramp From Chamblee Tucker Rd To I285,,Rear End,2,Clear,Dry,Daylight
2021-07-26T13:17:00.000,I 285,I 285 and On Ramp From Chamblee Tucker Rd To I285,,Angle Crash,2,Clear,Dry,Daylight
2021-08-31T16:45:00.000,I 285,I 285 and On Ramp From Chamblee Tucker Rd To I285,,Rear End,2,Cloudy,Wet,Daylight
2022-07-13T09:13:00.000,I 285,I 285 and On Ramp From Chamblee Tucker Rd To I285,,Sideswipe-Same Direction,2,Cloudy,Dry,Daylight
2022-12-04T21:00:00.000,I 285,I 285 and On Ramp From Chamblee Tucker Rd To I285,,Angle Crash,2,Clear,Dry,Daylight
2022-04-01T17:30:00.000,I 285,I 285 and On Ramp From Chamblee Tucker Rd To I285,,Rear End,2,Clear,Dry,Daylight
2022-05-12T17:53:00.000,I 285,I 285 and On Ramp From Chamblee Tucker Rd To I285,,Rear End,2,Clear,Dry,Daylight
2023-10-03T14:30:00.000,I 285,I 285 and On Ramp From Chamblee Tucker Rd To I285,,Rear End,2,Clear,Dry,Daylight
2023-05-22T11:07:00.000,I 285,I 285 and On Ramp From Chamblee Tucker Rd To I285,,Not a Collision with Motor Vehicle,2,Clear,Dry,Daylight
2024-03-11T11:30:00.000,I 285,I 285 and On Ramp From Chamblee Tucker Rd To I285,,Angle Crash,7,Clear,Dry,Daylight
2024-09-17T09:30:00.000,I 285,I 285 and On Ramp From Chamblee Tucker Rd To I285,,Sideswipe-Same Direction,2,Clear,Dry,Daylight
2024-09-26T18:00:00.000,I 285,I 285 and On Ramp From Chamblee Tucker Rd To I285,,Rear End,2,Rain,Wet,Daylight
2024-06-14T17:42:00.000,I 285,I 285 and On Ramp From Chamblee Tucker Rd To I285,,Rear End,2,Clear,Dry,Daylight
2024-09-20T16:06:00.000,I 285,I 285 and On Ramp From Chamblee Tucker Rd To I285,,Sideswipe-Same Direction,2,Clear,Dry,Daylight
2024-03-12T12:00:00.000,I 285,I 285 and On Ramp From Chamblee Tucker Rd To I285,,Rear End,2,Clear,Dry,Daylight
2023-06-05T10:57:00.000,I 285,I 285 and On From Northlake Pkwy,,Sideswipe-Same Direction,2,Cloudy,Dry,Daylight
2023-03-07T07:09:00.000,I 285,I 285 and On From Northlake Pkwy,,Sideswipe-Same Direction,3,Clear,Dry,Daylight
2023-01-31T07:45:00.000,I 285,I 285 and On From Northlake Pkwy,,Angle Crash,2,Fog,Dry,Daylight
2023-05-02T08:58:00.000,I 285,I 285 and On From I85,,Rear End,2,Clear,Dry,Daylight
2021-10-05T11:16:00.000,I 285,I 285 and On From Glenwood Rd,,Not a Collision with Motor Vehicle,1,Rain,Wet,Daylight
2021-06-08T15:47:00.000,I 285,I 285 and Old National Hwy S Fulton,,Sideswipe-Same Direction,2,Rain,Wet,Daylight
2021-02-07T17:52:00.000,I 285,I 285 and Old National Hwy Rp,,Sideswipe-Same Direction,2,Clear,Dry,Daylight
2020-06-15T02:26:00.000,I 285,I 285 and Old National Hwy Rp,,Rear End,2,Clear,Dry,Dark-Lighted
2021-04-15T15:02:00.000,I 285,I 285 and Old National Hwy Rp,,Sideswipe-Same Direction,2,Clear,Dry,Daylight
2021-08-15T00:18:00.000,I 285,I 285 and Old National Hwy Rp,,Rear End,2,Clear,Dry,Dark-Lighted
2023-02-09T12:50:00.000,I 285,I 285 and Old National Hwy On Rp,,Sideswipe-Same Direction,2,Clear,Dry,Daylight
2024-07-18T06:38:00.000,I 285,I 285 and Old National Hwy Entrance Rp,,Sideswipe-Same Direction,2,Clear,Dry,Dawn
2021-04-07T05:36:00.000,I 285,I 285 and Old National Hwy,,Sideswipe-Same Direction,2,Clear,Dry,Dark-Not Lighted
2021-01-06T13:24:00.000,I 285,I 285 and Old National Hwy,,Rear End,2,Clear,Dry,Daylight
2021-06-27T11:11:00.000,I 285,I 285 and Old National Hwy,,Sideswipe-Same Direction,2,Clear,Dry,Daylight
2021-02-17T02:39:00.000,I 285,I 285 and Old National Hwy,,Not a Collision with Motor Vehicle,1,Clear,Dry,Dark-Lighted
2021-06-17T18:22:00.000,I 285,I 285 and Old National Hwy,,Sideswipe-Same Direction,2,Clear,Dry,Daylight
2021-02-04T17:26:00.000,I 285,I 285 and Old National Hwy,,Sideswipe-Same Direction,2,Clear,Dry,Daylight
2021-04-24T17:16:00.000,I 285,I 285 and Old National Hwy,,Not a Collision with Motor Vehicle,1,Rain,Wet,Daylight
2021-03-24T06:51:00.000,I 285,I 285 and Old National Hwy,,Sideswipe-Same Direction,2,Clear,Dry,Daylight
2021-01-02T16:25:00.000,I 285,I 285 and Old National Hwy,,Not a Collision with Motor Vehicle,3,Clear,Dry,Daylight
2021-08-16T16:57:00.000,I 285,I 285 and Old National Hwy,,Rear End,2,Cloudy,Wet,Daylight
2021-08-17T07:53:00.000,I 285,I 285 and Old National Hwy,,Rear End,2,Rain,Wet,Daylight
2021-09-23T14:59:00.000,I 285,I 285 and Old National Hwy,,Rear End,2,Clear,Dry,Daylight
2021-09-19T20:00:00.000,I 285,I 285 and Old National Hwy,,Sideswipe-Same Direction,2,Clear,Wet,Dark-Lighted
2021-02-15T16:22:00.000,I 285,I 285 and Old National Hwy,,Sideswipe-Same Direction,2,Rain,Wet,Dark-Lighted
2021-05-19T11:22:00.000,I 285,I 285 and Old National Hwy,,Rear End,2,Clear,Dry,Daylight
2021-08-06T09:48:00.000,I 285,I 285 and Old National Hwy,,Rear End,2,Clear,Dry,Daylight
2021-08-06T17:00:00.000,I 285,I 285 and Old National Hwy,,Sideswipe-Same Direction,2,Clear,Dry,Daylight
2021-06-29T18:53:00.000,I 285,I 285 and Old National Hwy,,Sideswipe-Same Direction,2,Clear,Dry,Daylight
2021-05-19T07:50:00.000,I 285,I 285 and Old National Hwy,,Rear End,2,Clear,Dry,Daylight
2021-01-29T16:52:00.000,I 285,I 285 and Old National Hwy,,Sideswipe-Same Direction,2,Clear,Dry,Daylight
2021-06-08T11:41:00.000,I 285,I 285 and Old National Hwy,,Rear End,2,Clear,Dry,Daylight
2021-01-18T18:24:00.000,I 285,I 285 and Old National Hwy,,Sideswipe-Same Direction,2,Clear,Dry,Dark-Not Lighted
2021-02-12T12:52:00.000,I 285,I 285 and Old National Hwy,,Rear End,2,Clear,Dry,Daylight
2020-07-06T12:43:00.000,I 285,I 285 and Old National Hwy,,Rear End,2,Clear,Dry,Daylight
2020-12-24T10:28:00.000,I 285,I 285 and Old National Hwy,,Rear End,2,Rain,Wet,Daylight
2020-11-10T12:22:00.000,I 285,I 285 and Old National Hwy,,Angle Crash,2,Cloudy,Dry,Daylight
2020-11-17T05:48:00.000,I 285,I 285 and Old National Hwy,,Sideswipe-Same Direction,2,Clear,Dry,Daylight
2020-03-08T16:24:00.000,I 285,I 285 and Old National Hwy,,Rear End,2,Clear,Dry,Dark-Lighted
2020-08-02T06:22:00.000,I 285,I 285 and Old National Hwy,,Not a Collision with Motor Vehicle,1,Clear,Dry,Daylight
2020-06-03T12:03:00.000,I 285,I 285 and Old National Hwy,,Rear End,2,Clear,Dry,Daylight
2020-01-23T15:25:00.000,I 285,I 285 and Old National Hwy,,Not a Collision with Motor Vehicle,1,Rain,Wet,Daylight
2020-11-29T20:50:00.000,I 285,I 285 and Old National Hwy,,Sideswipe-Same Direction,3,Rain,Wet,Dark-Lighted
2020-04-22T16:32:00.000,I 285,I 285 and Old National Hwy,,Sideswipe-Same Direction,2,Clear,Dry,Daylight
2020-11-18T18:55:00.000,I 285,I 285 and Old National Hwy,,Sideswipe-Same Direction,2,Clear,Dry,Dark-Lighted
2020-06-23T10:41:00.000,I 285,I 285 and Old National Hwy,,Sideswipe-Same Direction,2,Clear,Dry,Daylight
2020-07-07T14:10:00.000,I 285,I 285 and Old National Hwy,,Sideswipe-Same Direction,2,Clear,Dry,Daylight
2020-04-02T02:14:00.000,I 285,I 285 and Old National Hwy,,Angle Crash,2,Clear,Dry,Dark-Not Lighted
2020-01-24T00:03:00.000,I 285,I 285 and Old National Hwy,,Sideswipe-Same Direction,2,Rain,Wet,Dark-Not Lighted
2020-01-05T14:49:00.000,I 285,I 285 and Old National Hwy,,Rear End,2,Clear,Dry,Daylight
2020-04-04T12:15:00.000,I 285,I 285 and Old National Hwy,,Rear End,2,Clear,Dry,Daylight
2020-02-28T12:39:00.000,I 285,I 285 and Old National Hwy,,Not a Collision with Motor Vehicle,2,Cloudy,Dry,Daylight
2020-12-30T00:25:00.000,I 285,I 285 and Old National Hwy,,Not a Collision with Motor Vehicle,2,Clear,Dry,Dark-Not Lighted
2020-05-01T06:33:00.000,I 285,I 285 and Old National Hwy,,Rear End,2,Clear,Dry,Daylight
2020-12-31T09:14:00.000,I 285,I 285 and Old National Hwy,,Not a Collision with Motor Vehicle,1,Cloudy,Dry,Daylight
2020-11-16T06:40:00.000,I 285,I 285 and Old National Hwy,,Rear End,2,Clear,Dry,Daylight
2020-03-16T11:53:00.000,I 285,I 285 and Old National Hwy,,Rear End,2,Clear,Dry,Daylight
2020-07-11T05:19:00.000,I 285,I 285 and Old National Hwy,,Rear End,2,Clear,Dry,Dark-Lighted
2020-01-03T09:51:00.000,I 285,I 285 and Old National Hwy,,Not a Collision with Motor Vehicle,1,Rain,Wet,Daylight
2020-03-19T11:28:00.000,I 285,I 285 and Old National Hwy,,Rear End,2,Cloudy,Dry,Daylight
2020-05-02T05:05:00.000,I 285,I 285 and Old National Hwy,,Not a Collision with Motor Vehicle,1,Clear,Dry,Dark-Lighted
2020-07-07T15:29:00.000,I 285,I 285 and Old National Hwy,,Sideswipe-Same Direction,2,Clear,Dry,Daylight
2020-04-05T19:54:00.000,I 285,I 285 and Old National Hwy,,Sideswipe-Same Direction,2,Clear,Dry,Daylight
2020-12-25T02:23:00.000,I 285,I 285 and Old National Hwy,,Rear End,2,Clear,Dry,Dark-Not Lighted
2020-12-30T00:25:00.000,I 285,I 285 and Old National Hwy,,Not a Collision with Motor Vehicle,4,Clear,Dry,Dark-Not Lighted
2020-05-01T18:03:00.000,I 285,I 285 and Old National Hwy,,Not a Collision with Motor Vehicle,1,Clear,Dry,Daylight
2020-09-21T08:05:00.000,I 285,I 285 and Old National Hwy,,Rear End,2,Clear,Dry,Daylight
2021-06-12T00:12:00.000,I 285,I 285 and Old National Hwy,,Sideswipe-Same Direction,2,Clear,Dry,Dark-Not Lighted
2021-04-19T16:10:00.000,I 285,I 285 and Old National Hwy,,Sideswipe-Same Direction,2,Clear,Dry,Daylight
2021-03-16T06:13:00.000,I 285,I 285 and Old National Hwy,,Sideswipe-Same Direction,2,Rain,Wet,Dark-Lighted
2021-04-02T17:36:00.000,I 285,I 285 and Old National Hwy,,Rear End,2,Clear,Dry,Dark-Lighted
2021-06-07T20:03:00.000,I 285,I 285 and Old National Hwy,,Sideswipe-Same Direction,2,Clear,Dry,Daylight
2021-05-29T19:17:00.000,I 285,I 285 and Old National Hwy,,Not a Collision with Motor Vehicle,1,Clear,Dry,Daylight
2021-06-27T23:31:00.000,I 285,I 285 and Old National Hwy,,Sideswipe-Same Direction,2,Clear,Dry,Dark-Lighted
2021-02-19T13:04:00.000,I 285,I 285 and Old National Hwy,,Sideswipe-Same Direction,2,Clear,Dry,Daylight
2021-08-25T17:08:00.000,I 285,I 285 and Old National Hwy,,Sideswipe-Same Direction,2,Clear,Dry,Daylight
2021-09-19T13:40:00.000,I 285,I 285 and Old National Hwy,,Rear End,2,Cloudy,Dry,Daylight
2021-07-09T17:07:00.000,I 285,I 285 and Old National Hwy,,Rear End,2,Clear,Dry,Daylight
2021-08-02T11:28:00.000,I 285,I 285 and Old National Hwy,,Sideswipe-Same Direction,2,Clear,Dry,Daylight
2021-09-03T19:17:00.000,I 285,I 285 and Old National Hwy,,Rear End,3,Clear,Dry,Daylight
2021-07-06T12:01:00.000,I 285,I 285 and Old National Hwy,,Sideswipe-Same Direction,2,Clear,Dry,Daylight
2021-09-10T15:28:00.000,I 285,I 285 and Old National Hwy,,Rear End,2,Clear,Dry,Daylight
2021-08-02T19:54:00.000,I 285,I 285 and Old National Hwy,,Rear End,2,Rain,Wet,Dark-Lighted
2022-10-25T13:50:00.000,I 285,I 285 and Old National Hwy,,Rear End,2,Clear,Dry,Daylight
2021-07-20T18:30:00.000,I 285,I 285 and Old National Hwy,,(None),1,(None),(None),(None)
2021-08-22T11:00:00.000,I 285,I 285 and Old National Hwy,,Sideswipe-Same Direction,2,Rain,Wet,Daylight
2022-09-15T09:29:00.000,I 285,I 285 and Old National Hwy,,Sideswipe-Same Direction,2,Clear,Dry,Daylight
2022-03-30T04:11:00.000,I 285,I 285 and Old National Hwy,,Sideswipe-Same Direction,2,Clear,Dry,Dark-Lighted
2023-11-05T18:53:00.000,I 285,I 285 and Old National Hwy,,Rear End,2,Clear,Dry,Dark-Lighted
2023-05-02T18:35:00.000,I 285,I 285 and Old National Hwy,,Rear End,2,Clear,Dry,Daylight
2024-06-15T00:45:00.000,I 285,I 285 and Old National Hwy,,Angle Crash,2,Clear,Dry,Dark-Lighted
2024-08-10T15:51:00.000,I 285,I 285 and Old National Hwy,,Rear End,2,Clear,Dry,Daylight
2024-02-12T17:45:00.000,I 285,I 285 and Old National Hwy,,Rear End,2,Clear,Wet,Daylight
2024-07-17T21:50:00.000,I 285,I 285 and Old National Hwy,,Sideswipe-Same Direction,2,Clear,Dry,Dark-Lighted
2024-04-11T21:45:00.000,I 285,I 285 and Old National Hwy,,Not a Collision with Motor Vehicle,1,Clear,Dry,Dark-Not Lighted
2024-04-15T16:15:00.000,I 285,I 285 and Old National Hwy,,Angle Crash,2,Clear,Dry,Daylight
2021-08-19T22:58:00.000,I 285,I 285 and Old National Conn,,Sideswipe-Same Direction,2,Clear,Dry,Dark-Not Lighted
2020-06-21T04:30:00.000,I 285,I 285 and Old National,,Rear End,2,Clear,Dry,Dark-Not Lighted
2021-06-08T12:23:00.000,I 285,I 285 and Old National,,Rear End,2,Clear,Dry,Daylight
2021-04-04T20:48:00.000,I 285,I 285 and Old Nation Hwy,,Not a Collision with Motor Vehicle,1,Clear,Dry,Dark-Lighted
2020-10-06T20:03:00.000,I 285,I 285 and Old Nantional Hwy,,Not a Collision with Motor Vehicle,1,Clear,Dry,Dark-Not Lighted
2024-05-19T00:00:00.000,I 285,I 285 and Old Mcdonough Rd,,Sideswipe-Same Direction,2,Clear,Dry,Daylight
2024-09-24T14:30:00.000,I 285,I 285 and Old Dxie,,Rear End,2,Clear,Dry,Daylight
2023-09-07T15:09:00.000,I 285,I 285 and Old Dixxie Rd,,Not a Collision with Motor Vehicle,2,Clear,Dry,Daylight
2020-06-29T17:11:00.000,I 285,I 285 and Old Dixie Road Opas,,Angle Crash,2,Cloudy,Dry,Daylight
2022-10-05T14:05:00.000,I 285,I 285 and Old Dixie Rd.,,Sideswipe-Same Direction,2,Clear,Dry,Daylight
2022-04-05T18:12:00.000,I 285,I 285 and Old Dixie Rd.,,Angle Crash,2,Cloudy,Wet,Daylight
2023-02-08T20:27:00.000,I 285,I 285 and Old Dixie Rd.,,Sideswipe-Same Direction,2,Clear,Dry,Dark-Not Lighted
2023-07-06T17:55:00.000,I 285,I 285 and Old Dixie Rd Brg,,Rear End,2,Clear,Dry,Daylight
2021-04-16T04:03:00.000,I 285,I 285 and Old Dixie Rd,,Not a Collision with Motor Vehicle,1,Clear,Dry,Dark-Lighted
2021-06-25T18:38:00.000,I 285,I 285 and Old Dixie Rd,,Rear End,2,Clear,Dry,Daylight
2021-04-13T10:12:00.000,I 285,I 285 and Old Dixie Rd,,Sideswipe-Same Direction,2,Clear,Dry,Daylight
2021-12-25T03:24:00.000,I 285,I 285 and Old Dixie Rd,,Sideswipe-Same Direction,2,Clear,Dry,Dark-Not Lighted
2021-08-04T18:15:00.000,I 285,I 285 and Old Dixie Rd,,Sideswipe-Same Direction,2,Clear,Dry,Daylight
2021-10-08T17:00:00.000,I 285,I 285 and Old Dixie Rd,,Rear End,2,Clear,Dry,Daylight
2021-04-28T11:28:00.000,I 285,I 285 and Old Dixie Rd,,Not a Collision with Motor Vehicle,1,Clear,Dry,Daylight
2021-06-29T20:06:00.000,I 285,I 285 and Old Dixie Rd,,Rear End,2,Clear,Dry,Daylight
2021-02-28T23:37:00.000,I 285,I 285 and Old Dixie Rd,,Not a Collision with Motor Vehicle,1,Clear,Dry,Dark-Not Lighted
2021-01-12T12:05:00.000,I 285,I 285 and Old Dixie Rd,,Rear End,2,Cloudy,Wet,Daylight
2021-04-09T20:46:00.000,I 285,I 285 and Old Dixie Rd,,Rear End,2,Clear,Dry,Dark-Lighted
2021-04-20T21:57:00.000,I 285,I 285 and Old Dixie Rd,,Rear End,2,Clear,Dry,Dark-Not Lighted
2021-04-01T15:41:00.000,I 285,I 285 and Old Dixie Rd,,Not a Collision with Motor Vehicle,2,Clear,Dry,Daylight
2021-07-15T10:50:00.000,I 285,I 285 and Old Dixie Rd,,Rear End,2,Clear,Dry,Daylight
2021-10-22T00:49:00.000,I 285,I 285 and Old Dixie Rd,,Sideswipe-Same Direction,2,Clear,Dry,Dark-Lighted
2021-08-14T09:36:00.000,I 285,I 285 and Old Dixie Rd,,Not a Collision with Motor Vehicle,1,Clear,Dry,Daylight
2021-08-23T00:08:00.000,I 285,I 285 and Old Dixie Rd,,Angle Crash,2,Clear,Dry,Dark-Not Lighted
2021-07-13T00:27:00.000,I 285,I 285 and Old Dixie Rd,,Rear End,2,Clear,Dry,Dark-Lighted
2021-11-27T13:17:00.000,I 285,I 285 and Old Dixie Rd,,Not a Collision with Motor Vehicle,1,Clear,Dry,Daylight
2021-08-06T20:20:00.000,I 285,I 285 and Old Dixie Rd,,Sideswipe-Same Direction,2,Clear,Dry,Dark-Lighted
2021-10-01T19:31:00.000,I 285,I 285 and Old Dixie Rd,,Sideswipe-Same Direction,2,Clear,Dry,Dusk
2021-04-09T05:07:00.000,I 285,I 285 and Old Dixie Rd,,Rear End,2,Clear,Dry,Dark-Not Lighted
2021-04-01T04:36:00.000,I 285,I 285 and Old Dixie Rd,,Sideswipe-Same Direction,2,Clear,Dry,Dark-Not Lighted
2021-04-08T03:58:00.000,I 285,I 285 and Old Dixie Rd,,Not a Collision with Motor Vehicle,1,Clear,Dry,Dark-Not Lighted
2021-03-26T19:30:00.000,I 285,I 285 and Old Dixie Rd,,Rear End,2,Clear,Dry,Daylight