Date and Time,Roadway (From Crash Report),Intersection Name (from Crash Report),KABCO Severity,Manner of Collision (Crash Level) ,# of Vehicles per crash ,Weather Conditions (Crash Level),Surface Condition (Crash Level) ,Light Conditions (Crash Level)
2021-03-27T22:08:00.000,I 285,I 285 and Old Dixie Rd,,Sideswipe-Same Direction,2,Clear,Dry,Dark-Not Lighted
2021-04-29T18:30:00.000,I 285,I 285 and Old Dixie Rd,,Sideswipe-Same Direction,3,Clear,Dry,Daylight
2021-01-30T06:36:00.000,I 285,I 285 and Old Dixie Rd,,Not a Collision with Motor Vehicle,1,Clear,Dry,Dark-Lighted
2021-11-26T01:11:00.000,I 285,I 285 and Old Dixie Rd,,Not a Collision with Motor Vehicle,1,Clear,Wet,Dark-Not Lighted
2021-05-19T01:08:00.000,I 285,I 285 and Old Dixie Rd,,Sideswipe-Same Direction,2,Clear,Dry,Dark-Lighted
2021-03-19T17:42:00.000,I 285,I 285 and Old Dixie Rd,,Rear End,2,Clear,Dry,Daylight
2023-11-18T00:30:00.000,I 285,I 285 and Old Dixie Rd,,Angle Crash,2,Clear,Dry,Dark-Not Lighted
2023-09-13T17:43:00.000,I 285,I 285 and Old Dixie Rd,,Angle Crash,2,Clear,Dry,Daylight
2023-06-20T09:17:00.000,I 285,I 285 and Old Dixie Rd,,Rear End,3,Rain,Wet,Daylight
2023-05-26T08:20:00.000,I 285,I 285 and Old Dixie Rd,,Sideswipe-Same Direction,2,Clear,Dry,Daylight
2023-11-18T15:49:00.000,I 285,I 285 and Old Dixie Rd,,Sideswipe-Same Direction,2,Clear,Dry,Daylight
2023-11-07T07:57:00.000,I 285,I 285 and Old Dixie Rd,,Angle Crash,2,Clear,Dry,Daylight
2023-03-02T12:36:00.000,I 285,I 285 and Old Dixie Rd,,Not a Collision with Motor Vehicle,1,Cloudy,Wet,Daylight
2023-05-20T06:08:00.000,I 285,I 285 and Old Dixie Rd,,Sideswipe-Same Direction,3,Rain,Wet,Daylight
2022-12-07T21:00:00.000,I 285,I 285 and Old Dixie Rd,,Rear End,2,Rain,Wet,Dark-Lighted
2020-10-20T08:18:00.000,I 285,I 285 and Old Dixie Rd,,Not a Collision with Motor Vehicle,1,Clear,Dry,Daylight
2020-04-23T06:38:00.000,I 285,I 285 and Old Dixie Rd,,Rear End,3,Rain,Wet,Dawn
2020-06-04T19:15:00.000,I 285,I 285 and Old Dixie Rd,,Angle Crash,3,Clear,Dry,Daylight
2020-08-13T19:17:00.000,I 285,I 285 and Old Dixie Rd,,Rear End,2,Clear,Dry,Daylight
2020-09-17T22:44:00.000,I 285,I 285 and Old Dixie Rd,,Sideswipe-Same Direction,2,Clear,Dry,Dark-Not Lighted
2020-05-31T22:30:00.000,I 285,I 285 and Old Dixie Rd,,Rear End,2,Clear,Dry,Dark-Lighted
2020-09-06T20:11:00.000,I 285,I 285 and Old Dixie Rd,,Not a Collision with Motor Vehicle,2,Clear,Dry,Dark-Not Lighted
2020-06-14T23:28:00.000,I 285,I 285 and Old Dixie Rd,,Sideswipe-Same Direction,2,Clear,Dry,Dark-Not Lighted
2020-05-24T13:30:00.000,I 285,I 285 and Old Dixie Rd,,Angle Crash,2,Clear,Dry,Daylight
2020-09-17T21:02:00.000,I 285,I 285 and Old Dixie Rd,,Rear End,3,Cloudy,Wet,Dark-Not Lighted
2020-03-19T14:05:00.000,I 285,I 285 and Old Dixie Rd,,Sideswipe-Same Direction,2,Cloudy,Dry,Daylight
2020-09-17T21:00:00.000,I 285,I 285 and Old Dixie Rd,,Rear End,2,Cloudy,Wet,Dark-Lighted
2020-03-04T15:28:00.000,I 285,I 285 and Old Dixie Rd,,Angle Crash,2,Rain,Wet,Daylight
2020-07-26T15:45:00.000,I 285,I 285 and Old Dixie Rd,,Sideswipe-Same Direction,2,Clear,Dry,Daylight
2020-06-07T23:19:00.000,I 285,I 285 and Old Dixie Rd,,Sideswipe-Same Direction,2,Clear,Dry,Dark-Not Lighted
2020-11-28T19:43:00.000,I 285,I 285 and Old Dixie Rd,,Not a Collision with Motor Vehicle,2,Clear,Dry,Dark-Not Lighted
2020-07-31T01:36:00.000,I 285,I 285 and Old Dixie Rd,,Sideswipe-Same Direction,2,Clear,Dry,Dark-Not Lighted
2020-12-01T15:53:00.000,I 285,I 285 and Old Dixie Rd,,Rear End,5,Clear,Dry,Daylight
2020-09-27T19:35:00.000,I 285,I 285 and Old Dixie Rd,,Sideswipe-Same Direction,2,Cloudy,Wet,Dark-Not Lighted
2020-03-19T17:45:00.000,I 285,I 285 and Old Dixie Rd,,Not a Collision with Motor Vehicle,2,Clear,Dry,Daylight
2020-07-24T14:28:00.000,I 285,I 285 and Old Dixie Rd,,Rear End,2,Clear,Dry,Daylight
2020-10-02T15:09:00.000,I 285,I 285 and Old Dixie Rd,,Rear End,3,Clear,Dry,Daylight
2020-12-19T08:45:00.000,I 285,I 285 and Old Dixie Rd,,Sideswipe-Same Direction,2,Clear,Dry,Daylight
2020-04-23T05:55:00.000,I 285,I 285 and Old Dixie Rd,,Rear End,2,Rain,Wet,Dark-Not Lighted
2020-03-19T13:15:00.000,I 285,I 285 and Old Dixie Rd,,Angle Crash,3,Clear,Dry,Daylight
2020-03-04T15:30:00.000,I 285,I 285 and Old Dixie Rd,,Rear End,2,Rain,Wet,Daylight
2020-06-29T18:40:00.000,I 285,I 285 and Old Dixie Rd,,Rear End,2,Clear,Dry,Daylight
2021-04-11T22:17:00.000,I 285,I 285 and Old Dixie Rd,,Not a Collision with Motor Vehicle,1,Clear,Dry,Dark-Lighted
2021-02-15T09:30:00.000,I 285,I 285 and Old Dixie Rd,,Sideswipe-Same Direction,2,Rain,Wet,Daylight
2021-04-06T10:55:00.000,I 285,I 285 and Old Dixie Rd,,Sideswipe-Same Direction,3,Clear,Dry,Daylight
2021-04-10T17:23:00.000,I 285,I 285 and Old Dixie Rd,,Rear End,2,Clear,Dry,Daylight
2021-03-17T07:00:00.000,I 285,I 285 and Old Dixie Rd,,Sideswipe-Same Direction,2,Fog,Dry,Dawn
2021-04-16T11:34:00.000,I 285,I 285 and Old Dixie Rd,,Rear End,3,Clear,Dry,Dawn
2021-04-29T19:25:00.000,I 285,I 285 and Old Dixie Rd,,Sideswipe-Same Direction,2,Clear,Dry,Daylight
2021-06-26T06:07:00.000,I 285,I 285 and Old Dixie Rd,,Rear End,5,Clear,Dry,Daylight
2021-04-30T21:51:00.000,I 285,I 285 and Old Dixie Rd,,Rear End,2,Clear,Dry,Dark-Lighted
2021-09-01T22:00:00.000,I 285,I 285 and Old Dixie Rd,,Rear End,2,Clear,Dry,Dark-Not Lighted
2021-08-31T02:49:00.000,I 285,I 285 and Old Dixie Rd,,Not a Collision with Motor Vehicle,1,Clear,Dry,Dark-Not Lighted
2021-08-12T23:24:00.000,I 285,I 285 and Old Dixie Rd,,Sideswipe-Same Direction,2,Clear,Dry,Dark-Not Lighted
2021-09-06T09:46:00.000,I 285,I 285 and Old Dixie Rd,,Rear End,2,Clear,Dry,Daylight
2021-07-27T15:02:00.000,I 285,I 285 and Old Dixie Rd,,Angle Crash,2,Clear,Dry,Daylight
2021-08-19T08:22:00.000,I 285,I 285 and Old Dixie Rd,,Not a Collision with Motor Vehicle,1,Clear,Dry,Daylight
2021-07-28T12:28:00.000,I 285,I 285 and Old Dixie Rd,,Not a Collision with Motor Vehicle,1,Clear,Dry,Daylight
2022-01-11T03:52:00.000,I 285,I 285 and Old Dixie Rd,,Head On,2,Clear,Dry,Dark-Not Lighted
2022-12-11T16:00:00.000,I 285,I 285 and Old Dixie Rd,,Angle Crash,2,Rain,Wet,Daylight
2021-11-21T23:00:00.000,I 285,I 285 and Old Dixie Rd,,Not a Collision with Motor Vehicle,1,Clear,Dry,Dark-Not Lighted
2021-07-05T12:42:00.000,I 285,I 285 and Old Dixie Rd,,Sideswipe-Same Direction,2,Clear,Dry,Daylight
2021-07-27T10:29:00.000,I 285,I 285 and Old Dixie Rd,,Not a Collision with Motor Vehicle,1,Clear,Dry,Daylight
2021-12-07T15:43:00.000,I 285,I 285 and Old Dixie Rd,,Not a Collision with Motor Vehicle,1,Cloudy,Dry,Daylight
2021-11-03T18:55:00.000,I 285,I 285 and Old Dixie Rd,,Sideswipe-Same Direction,3,Clear,Dry,Dark-Lighted
2022-08-08T15:47:00.000,I 285,I 285 and Old Dixie Rd,,Rear End,2,Cloudy,Wet,Daylight
2022-10-25T11:41:00.000,I 285,I 285 and Old Dixie Rd,,Sideswipe-Same Direction,2,Clear,Dry,Daylight
2022-02-03T00:00:00.000,I 285,I 285 and Old Dixie Rd,,Sideswipe-Same Direction,2,Cloudy,Wet,Daylight
2022-12-21T17:54:00.000,I 285,I 285 and Old Dixie Rd,,Sideswipe-Same Direction,2,Clear,Dry,Dark-Not Lighted
2022-11-03T17:30:00.000,I 285,I 285 and Old Dixie Rd,,Rear End,2,Clear,Dry,Daylight
2022-06-30T23:33:00.000,I 285,I 285 and Old Dixie Rd,,Sideswipe-Same Direction,2,Clear,Dry,Dark-Not Lighted
2022-10-26T16:43:00.000,I 285,I 285 and Old Dixie Rd,,Rear End,2,Clear,Dry,Daylight
2022-11-01T16:30:00.000,I 285,I 285 and Old Dixie Rd,,Rear End,2,Clear,Dry,Daylight
2021-12-24T07:32:00.000,I 285,I 285 and Old Dixie Rd,,Not a Collision with Motor Vehicle,1,Clear,Dry,Daylight
2021-08-12T23:24:00.000,I 285,I 285 and Old Dixie Rd,,Rear End,2,Clear,Dry,Dark-Not Lighted
2022-08-28T21:45:00.000,I 285,I 285 and Old Dixie Rd,,Rear End,2,Clear,Dry,Dark-Not Lighted
2022-03-17T15:12:00.000,I 285,I 285 and Old Dixie Rd,,Sideswipe-Same Direction,2,Clear,Dry,Daylight
2022-05-28T15:34:00.000,I 285,I 285 and Old Dixie Rd,,Rear End,2,Clear,Dry,Daylight
2022-12-31T20:15:00.000,I 285,I 285 and Old Dixie Rd,,Sideswipe-Same Direction,2,Clear,Dry,Dark-Not Lighted
2022-05-31T10:40:00.000,I 285,I 285 and Old Dixie Rd,,Sideswipe-Same Direction,3,Clear,Dry,Daylight
2022-08-20T17:41:00.000,I 285,I 285 and Old Dixie Rd,,Sideswipe-Same Direction,2,Clear,Dry,Daylight
2022-03-14T16:58:00.000,I 285,I 285 and Old Dixie Rd,,Sideswipe-Same Direction,2,Clear,Dry,Daylight
2022-04-14T00:00:00.000,I 285,I 285 and Old Dixie Rd,,Sideswipe-Same Direction,3,Cloudy,Wet,Dark-Not Lighted
2022-05-02T20:50:00.000,I 285,I 285 and Old Dixie Rd,,Sideswipe-Same Direction,2,Clear,Dry,Dark-Not Lighted
2022-05-05T23:22:00.000,I 285,I 285 and Old Dixie Rd,,Not a Collision with Motor Vehicle,1,Clear,Dry,Dark-Not Lighted
2022-03-02T23:02:00.000,I 285,I 285 and Old Dixie Rd,,Sideswipe-Same Direction,2,Clear,Dry,Dark-Not Lighted
2022-08-28T21:45:00.000,I 285,I 285 and Old Dixie Rd,,Sideswipe-Same Direction,3,Clear,Dry,Dark-Not Lighted
2022-04-15T17:19:00.000,I 285,I 285 and Old Dixie Rd,,Rear End,2,Clear,Dry,Daylight
2022-07-24T00:30:00.000,I 285,I 285 and Old Dixie Rd,,Angle Crash,2,Clear,Dry,Dark-Not Lighted
2022-01-06T10:10:00.000,I 285,I 285 and Old Dixie Rd,,Not a Collision with Motor Vehicle,1,Clear,Dry,Daylight
2022-01-03T01:05:00.000,I 285,I 285 and Old Dixie Rd,,Not a Collision with Motor Vehicle,1,Rain,Wet,Dark-Not Lighted
2022-03-01T16:46:00.000,I 285,I 285 and Old Dixie Rd,,Rear End,2,Clear,Dry,Daylight
2022-09-09T16:30:00.000,I 285,I 285 and Old Dixie Rd,,Rear End,2,Clear,Dry,Daylight
2022-12-21T02:00:00.000,I 285,I 285 and Old Dixie Rd,,Not a Collision with Motor Vehicle,1,Clear,Dry,Dark-Not Lighted
2022-09-22T19:00:00.000,I 285,I 285 and Old Dixie Rd,,Sideswipe-Same Direction,2,Clear,Dry,Daylight
2022-10-04T17:49:00.000,I 285,I 285 and Old Dixie Rd,,Rear End,2,Clear,Dry,Daylight
2022-05-24T19:15:00.000,I 285,I 285 and Old Dixie Rd,,Rear End,2,Clear,Dry,Daylight
2022-04-11T10:40:00.000,I 285,I 285 and Old Dixie Rd,,Sideswipe-Same Direction,2,Clear,Dry,Daylight
2023-04-05T06:54:00.000,I 285,I 285 and Old Dixie Rd,,Sideswipe-Same Direction,3,Fog,Dry,Daylight
2023-06-13T19:07:00.000,I 285,I 285 and Old Dixie Rd,,Sideswipe-Same Direction,2,Clear,Dry,Daylight
2024-08-29T16:00:00.000,I 285,I 285 and Old Dixie Rd,,Sideswipe-Same Direction,3,Clear,Dry,Daylight
2024-09-26T18:40:00.000,I 285,I 285 and Old Dixie Rd,,Sideswipe-Same Direction,2,Rain,Wet,Dark-Lighted
2024-07-10T16:05:00.000,I 285,I 285 and Old Dixie Rd,,Sideswipe-Same Direction,2,Clear,Dry,Dusk
2024-07-15T05:25:00.000,I 285,I 285 and Old Dixie Rd,,Sideswipe-Same Direction,2,Clear,Dry,Dark-Not Lighted
2024-10-31T15:28:00.000,I 285,I 285 and Old Dixie Rd,,Sideswipe-Same Direction,2,Clear,Dry,Daylight
2024-12-28T14:25:00.000,I 285,I 285 and Old Dixie Rd,,Angle Crash,2,Rain,Wet,Daylight
2023-06-14T19:24:00.000,I 285,I 285 and Old Dixie Rd,,Not a Collision with Motor Vehicle,1,Clear,Dry,Daylight
2023-02-08T20:03:00.000,I 285,I 285 and Old Dixie Rd,,Rear End,3,Clear,Dry,Dark-Not Lighted
2023-05-08T07:45:00.000,I 285,I 285 and Old Dixie Rd,,Sideswipe-Same Direction,2,Cloudy,Dry,Daylight
2023-04-21T13:00:00.000,I 285,I 285 and Old Dixie Rd,,Sideswipe-Same Direction,2,Clear,Dry,Daylight
2023-02-02T16:35:00.000,I 285,I 285 and Old Dixie Rd,,Rear End,2,Rain,Wet,Daylight
2023-09-15T11:41:00.000,I 285,I 285 and Old Dixie Rd,,Sideswipe-Same Direction,2,Rain,Wet,Daylight
2023-06-12T17:38:00.000,I 285,I 285 and Old Dixie Rd,,Angle Crash,2,Clear,Dry,Daylight
2023-06-24T01:29:00.000,I 285,I 285 and Old Dixie Rd,,Rear End,2,Clear,Dry,Dark-Not Lighted
2023-01-08T13:00:00.000,I 285,I 285 and Old Dixie Rd,,Rear End,2,Clear,Dry,Daylight
2023-02-11T22:56:00.000,I 285,I 285 and Old Dixie Rd,,Rear End,2,Rain,Wet,Dark-Not Lighted
2023-08-07T16:29:00.000,I 285,I 285 and Old Dixie Rd,,Sideswipe-Same Direction,2,Clear,Dry,Daylight
2024-09-07T16:30:00.000,I 285,I 285 and Old Dixie Rd,,Sideswipe-Same Direction,2,Clear,Dry,Daylight
2024-12-09T05:26:00.000,I 285,I 285 and Old Dixie Rd,,Rear End,3,Clear,Dry,Dark-Lighted
2024-06-03T07:36:00.000,I 285,I 285 and Old Dixie Rd,,Not a Collision with Motor Vehicle,1,Clear,Dry,Daylight
2024-10-15T17:33:00.000,I 285,I 285 and Old Dixie Rd,,Sideswipe-Same Direction,2,Clear,Dry,Daylight
2024-05-13T12:09:00.000,I 285,I 285 and Old Dixie Rd,,Angle Crash,3,Clear,Dry,Daylight
2024-03-22T03:40:00.000,I 285,I 285 and Old Dixie Rd,,Rear End,3,Clear,Dry,Dark-Lighted
2024-07-04T23:12:00.000,I 285,I 285 and Old Dixie Rd,,Not a Collision with Motor Vehicle,1,Clear,Wet,Dark-Not Lighted
2024-07-09T18:20:00.000,I 285,I 285 and Old Dixie Rd,,Sideswipe-Same Direction,2,Rain,Wet,Daylight
2024-03-09T11:09:00.000,I 285,I 285 and Old Dixie Rd,,Sideswipe-Same Direction,2,Cloudy,Wet,Daylight
2024-02-07T09:13:00.000,I 285,I 285 and Old Dixie Rd,,Sideswipe-Same Direction,2,Clear,Dry,Daylight
2024-10-29T22:15:00.000,I 285,I 285 and Old Dixie Rd,,Sideswipe-Same Direction,2,Clear,Dry,Dark-Not Lighted
2024-05-12T01:15:00.000,I 285,I 285 and Old Dixie Rd,,Sideswipe-Opposite Direction,2,Clear,Dry,Dark-Not Lighted
2024-02-13T04:24:00.000,I 285,I 285 and Old Dixie Rd,,Not a Collision with Motor Vehicle,1,Clear,Dry,Dark-Lighted
2024-07-29T15:40:00.000,I 285,I 285 and Old Dixie Rd,,Angle Crash,3,Rain,Wet,Daylight
2024-09-18T16:32:00.000,I 285,I 285 and Old Dixie Rd,,Rear End,2,Clear,Dry,Daylight
2024-08-22T22:30:00.000,I 285,I 285 and Old Dixie Rd,,Sideswipe-Same Direction,2,Clear,Dry,Dark-Not Lighted
2024-10-21T15:39:00.000,I 285,I 285 and Old Dixie Rd,,Rear End,2,Clear,Dry,Daylight
2024-05-02T18:43:00.000,I 285,I 285 and Old Dixie Rd,,Sideswipe-Same Direction,2,Clear,Dry,Daylight
2024-10-26T20:14:00.000,I 285,I 285 and Old Dixie Rd,,Sideswipe-Opposite Direction,2,Clear,Dry,Dark-Lighted
2024-11-04T12:45:00.000,I 285,I 285 and Old Dixie Rd,,Sideswipe-Same Direction,2,Clear,Dry,Daylight
2024-10-18T04:00:00.000,I 285,I 285 and Old Dixie Rd,,Not a Collision with Motor Vehicle,1,Clear,Dry,Dark-Not Lighted
2024-12-22T02:28:00.000,I 285,I 285 and Old Dixie Rd,,Angle Crash,2,Clear,Dry,Dark-Lighted
2021-02-06T06:16:00.000,I 285,I 285 and Old Dixie Opas,,Sideswipe-Same Direction,2,Clear,Dry,Dark-Lighted
2023-08-02T16:50:00.000,I 285,I 285 and Old Dixie Hwy Brg,,Sideswipe-Same Direction,3,Clear,Dry,Daylight
2021-10-23T15:30:00.000,I 285,I 285 and Old Dixie Hwy,,Sideswipe-Same Direction,2,Clear,Dry,Daylight
2021-09-10T08:32:00.000,I 285,I 285 and Old Dixie Hwy,,Sideswipe-Same Direction,2,Clear,Dry,Daylight
2021-10-20T14:50:00.000,I 285,I 285 and Old Dixie Hwy,,Not a Collision with Motor Vehicle,1,Clear,Dry,Daylight
2021-11-08T15:00:00.000,I 285,I 285 and Old Dixie Hwy,,Sideswipe-Same Direction,2,Clear,Dry,Daylight
2021-08-13T22:48:00.000,I 285,I 285 and Old Dixie Hwy,,Angle Crash,2,Clear,Dry,Dark-Not Lighted
2021-04-15T17:53:00.000,I 285,I 285 and Old Dixie Hwy,,Not a Collision with Motor Vehicle,2,Clear,Dry,Daylight
2021-07-08T19:45:00.000,I 285,I 285 and Old Dixie Hwy,,Rear End,2,Clear,Dry,Daylight
2021-02-24T15:12:00.000,I 285,I 285 and Old Dixie Hwy,,Rear End,2,Clear,Dry,Daylight
2021-03-24T22:20:00.000,I 285,I 285 and Old Dixie Hwy,,Not a Collision with Motor Vehicle,2,Clear,Dry,Dark-Not Lighted
2023-02-12T09:30:00.000,I 285,I 285 and Old Dixie Hwy,,Not a Collision with Motor Vehicle,1,Cloudy,Wet,Daylight
2023-07-05T15:00:00.000,I 285,I 285 and Old Dixie Hwy,,Rear End,2,Clear,Dry,Daylight
2022-08-12T15:20:00.000,I 285,I 285 and Old Dixie Hwy,,Rear End,2,Clear,Dry,Daylight
2022-08-24T17:21:00.000,I 285,I 285 and Old Dixie Hwy,,Not a Collision with Motor Vehicle,1,Cloudy,Wet,Daylight
2023-07-11T14:30:00.000,I 285,I 285 and Old Dixie Hwy,,Not a Collision with Motor Vehicle,1,Clear,Dry,Daylight
2020-12-20T15:22:00.000,I 285,I 285 and Old Dixie Hwy,,Sideswipe-Same Direction,2,Clear,Dry,Daylight
2020-02-14T12:56:00.000,I 285,I 285 and Old Dixie Hwy,,Angle Crash,2,Clear,Dry,Daylight
2020-02-02T19:30:00.000,I 285,I 285 and Old Dixie Hwy,,Angle Crash,2,Cloudy,Dry,Dark-Not Lighted
2020-07-24T16:13:00.000,I 285,I 285 and Old Dixie Hwy,,Sideswipe-Same Direction,2,Clear,Dry,Daylight
2020-12-30T12:11:00.000,I 285,I 285 and Old Dixie Hwy,,Sideswipe-Same Direction,2,Cloudy,Dry,Daylight
2020-07-07T21:17:00.000,I 285,I 285 and Old Dixie Hwy,,Rear End,2,Clear,Dry,Dark-Not Lighted
2020-06-12T07:45:00.000,I 285,I 285 and Old Dixie Hwy,,Rear End,2,Clear,Dry,Daylight
2020-08-10T06:15:00.000,I 285,I 285 and Old Dixie Hwy,,Not a Collision with Motor Vehicle,1,Clear,Dry,Dark-Not Lighted
2020-11-15T00:00:00.000,I 285,I 285 and Old Dixie Hwy,,Rear End,2,Clear,Dry,Dark-Lighted
2020-04-08T13:19:00.000,I 285,I 285 and Old Dixie Hwy,,Sideswipe-Same Direction,2,Clear,Dry,Daylight
2020-08-10T00:42:00.000,I 285,I 285 and Old Dixie Hwy,,Angle Crash,2,Clear,Dry,Dark-Not Lighted
2020-08-10T00:03:00.000,I 285,I 285 and Old Dixie Hwy,,Rear End,2,Clear,Dry,Dark-Not Lighted
2020-08-10T00:56:00.000,I 285,I 285 and Old Dixie Hwy,,Rear End,2,Clear,Dry,Dark-Not Lighted
2020-03-14T18:28:00.000,I 285,I 285 and Old Dixie Hwy,,Sideswipe-Same Direction,2,Clear,Dry,Daylight
2020-06-19T23:25:00.000,I 285,I 285 and Old Dixie Hwy,,Sideswipe-Opposite Direction,2,Cloudy,Dry,Dark-Not Lighted
2021-01-13T01:44:00.000,I 285,I 285 and Old Dixie Hwy,,Angle Crash,8,Clear,Dry,Dark-Not Lighted
2021-10-20T16:30:00.000,I 285,I 285 and Old Dixie Hwy,,Sideswipe-Same Direction,3,Clear,Dry,Daylight
2021-08-31T21:00:00.000,I 285,I 285 and Old Dixie Hwy,,Angle Crash,2,Clear,Dry,Dark-Not Lighted
2021-10-26T17:11:00.000,I 285,I 285 and Old Dixie Hwy,,Sideswipe-Same Direction,2,Clear,Dry,Daylight
2022-04-13T02:15:00.000,I 285,I 285 and Old Dixie Hwy,,Rear End,2,Clear,Dry,Dark-Not Lighted
2022-05-10T18:12:00.000,I 285,I 285 and Old Dixie Hwy,,Rear End,2,Clear,Dry,Daylight
2021-11-29T16:23:00.000,I 285,I 285 and Old Dixie Hwy,,Angle Crash,2,Clear,Dry,Daylight
2021-11-20T08:25:00.000,I 285,I 285 and Old Dixie Hwy,,Rear End,2,Clear,Dry,Daylight
2022-01-29T22:22:00.000,I 285,I 285 and Old Dixie Hwy,,Not a Collision with Motor Vehicle,1,Clear,Dry,Dark-Not Lighted
2022-11-04T17:25:00.000,I 285,I 285 and Old Dixie Hwy,,Sideswipe-Same Direction,7,Clear,Dry,Daylight
2022-03-24T08:55:00.000,I 285,I 285 and Old Dixie Hwy,,Sideswipe-Opposite Direction,2,Clear,Dry,Daylight
2022-11-23T08:41:00.000,I 285,I 285 and Old Dixie Hwy,,Rear End,2,Clear,Dry,Daylight
2022-03-26T21:01:00.000,I 285,I 285 and Old Dixie Hwy,,Not a Collision with Motor Vehicle,1,Clear,Dry,Dark-Not Lighted
2022-04-19T13:40:00.000,I 285,I 285 and Old Dixie Hwy,,Sideswipe-Same Direction,2,Clear,Dry,Daylight
2022-03-10T16:49:00.000,I 285,I 285 and Old Dixie Hwy,,Rear End,2,Clear,Dry,Daylight
2022-01-30T04:23:00.000,I 285,I 285 and Old Dixie Hwy,,Head On,2,Clear,Dry,Dark-Not Lighted
2022-08-25T19:42:00.000,I 285,I 285 and Old Dixie Hwy,,Sideswipe-Same Direction,2,Cloudy,Wet,Dusk
2022-02-17T22:00:00.000,I 285,I 285 and Old Dixie Hwy,,Sideswipe-Same Direction,2,Rain,Dry,Dawn
2022-12-07T21:00:00.000,I 285,I 285 and Old Dixie Hwy,,Rear End,3,Cloudy,Wet,Dark-Not Lighted
2022-03-26T21:01:00.000,I 285,I 285 and Old Dixie Hwy,,Not a Collision with Motor Vehicle,1,Clear,Dry,Dark-Not Lighted
2022-12-31T21:20:00.000,I 285,I 285 and Old Dixie Hwy,,Angle Crash,3,Clear,Dry,Dark-Not Lighted
2022-06-01T13:26:00.000,I 285,I 285 and Old Dixie Hwy,,Rear End,2,Clear,Dry,Daylight
2022-08-22T14:31:00.000,I 285,I 285 and Old Dixie Hwy,,Sideswipe-Same Direction,2,Clear,Dry,Daylight
2022-07-07T19:30:00.000,I 285,I 285 and Old Dixie Hwy,,Rear End,2,Clear,Dry,Dark-Lighted
2024-10-24T17:43:00.000,I 285,I 285 and Old Dixie Hwy,,Rear End,2,Clear,Dry,Daylight
2024-03-23T19:35:00.000,I 285,I 285 and Old Dixie Hwy,,Sideswipe-Same Direction,2,Clear,Dry,Daylight
2024-08-22T23:27:00.000,I 285,I 285 and Old Dixie Hwy,,Angle Crash,2,Clear,Dry,Dark-Lighted
2024-11-26T16:46:00.000,I 285,I 285 and Old Dixie Hwy,,Angle Crash,2,Clear,Dry,Daylight
2024-12-05T14:44:00.000,I 285,I 285 and Old Dixie Hwy,,Sideswipe-Same Direction,2,Clear,Dry,Daylight
2024-04-18T19:14:00.000,I 285,I 285 and Old Dixie Hwy,,Rear End,2,Clear,Dry,Dark-Lighted
2024-10-06T04:30:00.000,I 285,I 285 and Old Dixie Hwy,,Angle Crash,2,Clear,Dry,Dark-Not Lighted
2024-09-01T12:55:00.000,I 285,I 285 and Old Dixie Hwy,,Rear End,2,Clear,Dry,Daylight
2023-08-30T23:58:00.000,I 285,I 285 and Old Dixie Hwy,,Rear End,2,Clear,Wet,Dark-Not Lighted
2023-03-28T22:50:00.000,I 285,I 285 and Old Dixie Hwy,,Sideswipe-Same Direction,2,Clear,Dry,Dark-Not Lighted
2024-08-03T01:58:00.000,I 285,I 285 and Old Dixie Hwy,,Angle Crash,8,Clear,Dry,Dark-Not Lighted
2023-12-16T02:38:00.000,I 285,I 285 and Old Dixie Hwy,,Sideswipe-Same Direction,3,Clear,Dry,Dark-Not Lighted
2023-05-20T06:08:00.000,I 285,I 285 and Old Dixie Hwy,,Sideswipe-Same Direction,2,Cloudy,Dry,Dusk
2023-12-09T23:31:00.000,I 285,I 285 and Old Dixie Hwy,,Rear End,2,Rain,Wet,Dark-Not Lighted
2023-05-08T13:00:00.000,I 285,I 285 and Old Dixie Hwy,,Sideswipe-Same Direction,2,Clear,Dry,Daylight
2023-08-30T22:47:00.000,I 285,I 285 and Old Dixie Hwy,,Sideswipe-Same Direction,2,Clear,Dry,Dark-Lighted
2023-02-11T22:56:00.000,I 285,I 285 and Old Dixie Hwy,,Angle Crash,2,Rain,Wet,Dark-Not Lighted
2023-02-14T16:57:00.000,I 285,I 285 and Old Dixie Hwy,,Rear End,2,Clear,Dry,Daylight
2024-07-22T23:17:00.000,I 285,I 285 and Old Dixie Hwy,,Not a Collision with Motor Vehicle,1,Clear,Wet,Dark-Not Lighted
2024-08-29T17:00:00.000,I 285,I 285 and Old Dixie Hwy,,Rear End,2,Clear,Dry,Dawn
2024-10-25T06:08:00.000,I 285,I 285 and Old Dixie Hwy,,Angle Crash,2,Clear,Dry,Dark-Not Lighted
2024-07-23T16:32:00.000,I 285,I 285 and Old Dixie Hwy,,Rear End,2,Cloudy,Dry,Daylight
2024-08-15T16:26:00.000,I 285,I 285 and Old Dixie Hwy,,Rear End,2,Clear,Dry,Daylight
2024-08-05T08:04:00.000,I 285,I 285 and Old Dixie Hwy,,Angle Crash,2,Clear,Dry,Daylight
2024-06-30T06:04:00.000,I 285,I 285 and Old Dixie Hwy,,Rear End,2,Clear,Dry,Dawn
2024-08-27T01:56:00.000,I 285,I 285 and Old Dixie Hwy,,Not a Collision with Motor Vehicle,1,Clear,Dry,Dark-Not Lighted