Date and Time,Roadway (From Crash Report),Intersection Name (from Crash Report),KABCO Severity,Manner of Collision (Crash Level) ,# of Vehicles per crash ,Weather Conditions (Crash Level),Surface Condition (Crash Level) ,Light Conditions (Crash Level)
2024-07-21T08:17:00.000,I 285,I 285 and Old Dixie Hwy,,Not a Collision with Motor Vehicle,1,Rain,Wet,Daylight
2024-08-31T14:30:00.000,I 285,I 285 and Old Dixie Hwy,,Rear End,3,Clear,Dry,Daylight
2024-10-25T01:45:00.000,I 285,I 285 and Old Dixie Hwy,,Sideswipe-Same Direction,2,Clear,Dry,Dark-Not Lighted
2024-09-06T18:15:00.000,I 285,I 285 and Old Dixie Hwy,,Rear End,2,Rain,Wet,Daylight
2024-11-04T16:03:00.000,I 285,I 285 and Old Dixie Hwy,,Sideswipe-Same Direction,2,Clear,Dry,Daylight
2024-05-25T12:00:00.000,I 285,I 285 and Old Dixie Hwy,,Not a Collision with Motor Vehicle,1,Cloudy,Wet,Dark-Lighted
2024-10-29T13:00:00.000,I 285,I 285 and Old Dixie Hwy,,Sideswipe-Same Direction,2,Clear,Dry,Daylight
2024-07-08T15:43:00.000,I 285,I 285 and Old Dixie Hwy,,Angle Crash,3,Cloudy,Dry,Daylight
2024-10-11T12:14:00.000,I 285,I 285 and Old Dixie Hwy,,Rear End,2,Clear,Dry,Daylight
2024-06-18T04:30:00.000,I 285,I 285 and Old Dixie Hwy,,Sideswipe-Same Direction,2,Clear,Dry,Dark-Not Lighted
2024-12-18T15:37:00.000,I 285,I 285 and Old Dixie Hwy,,Sideswipe-Same Direction,2,Clear,Dry,Daylight
2024-07-04T15:11:00.000,I 285,I 285 and Old Dixie Hwy,,Not a Collision with Motor Vehicle,1,Clear,Dry,Daylight
2024-04-13T04:30:00.000,I 285,I 285 and Old Dixie Hwy,,Angle Crash,2,Clear,Dry,Dark-Not Lighted
2024-06-04T15:24:00.000,I 285,I 285 and Old Dixie Hwy,,Rear End,2,Clear,Dry,Daylight
2024-07-29T06:49:00.000,I 285,I 285 and Old Dixie Hwy,,Not a Collision with Motor Vehicle,1,Cloudy,Wet,Daylight
2024-07-02T01:25:00.000,I 285,I 285 and Old Dixie Hwy,,Angle Crash,2,Clear,Dry,Dark-Lighted
2024-06-01T05:15:00.000,I 285,I 285 and Old Dixie Hwy,,Angle Crash,2,Clear,Dry,Dark-Not Lighted
2024-08-06T12:35:00.000,I 285,I 285 and Old Dixie Hwy,,Sideswipe-Same Direction,2,Clear,Dry,Daylight
2024-09-27T09:33:00.000,I 285,I 285 and Old Dixie Hwy,,Not a Collision with Motor Vehicle,1,Rain,Wet,Daylight
2024-06-06T12:45:00.000,I 285,I 285 and Old Dixie Hwy,,Rear End,2,Cloudy,Wet,Daylight
2024-09-20T20:10:00.000,I 285,I 285 and Old Dixie Hwy,,Sideswipe-Same Direction,2,Clear,Dry,Dark-Lighted
2024-12-25T13:46:00.000,I 285,I 285 and Old Dixie Hwy,,Angle Crash,2,Clear,Dry,Daylight
2020-10-29T07:00:00.000,I 285,I 285 and Old Dixie Hw,,Rear End,2,Rain,Wet,Dark-Not Lighted
2021-04-01T00:00:00.000,I 285,I 285 and Old Dixie,,Rear End,2,Clear,Dry,Daylight
2020-12-17T01:59:00.000,I 285,I 285 and Old Dixie,,Not a Collision with Motor Vehicle,1,Clear,Dry,Dark-Lighted
2021-07-29T23:00:00.000,I 285,I 285 and Old Dixie,,Sideswipe-Opposite Direction,2,Clear,Dry,Dark-Lighted
2021-11-21T01:18:00.000,I 285,I 285 and Old Dixie,,Sideswipe-Same Direction,2,Clear,Dry,Dark-Not Lighted
2021-01-27T09:43:00.000,I 285,I 285 and Off To Stone Mtn Fwy,,Sideswipe-Same Direction,2,Rain,Wet,Daylight
2024-08-13T05:00:00.000,I 285,I 285 and Off To Stone Mountain Fwy,,Rear End,2,Clear,Dry,Dark-Not Lighted
2022-11-22T06:35:00.000,I 285,I 285 and Off To Nortlake Pkwy,,Sideswipe-Same Direction,2,Clear,Dry,Dark-Not Lighted
2023-01-31T06:55:00.000,I 285,I 285 and Off To Northlake Pkwy,,Angle Crash,2,Fog,Dry,Dark-Not Lighted
2022-10-16T13:03:00.000,I 285,I 285 and Off To Northlake Pkwy,,Sideswipe-Same Direction,3,Clear,Dry,Daylight
2024-08-09T22:25:00.000,I 285,I 285 and Off To Northlake Pkwy,,Sideswipe-Same Direction,3,Clear,Dry,Dark-Not Lighted
2023-07-31T15:32:00.000,I 285,I 285 and Off To Lawrenceville Hwy,,Rear End,2,Clear,Dry,Daylight
2022-10-18T17:27:00.000,I 285,I 285 and Off To Lawrenceville Hwy,,Rear End,2,Clear,Dry,Daylight
2023-10-02T14:48:00.000,I 285,I 285 and Off To Lawrenceville Hwy,,Angle Crash,2,Clear,Dry,Daylight
2021-05-17T08:15:00.000,I 285,I 285 and Off To Lavista Rd,,Rear End,5,Clear,Dry,Daylight
2023-09-10T16:52:00.000,I 285,I 285 and Off To Lavista Rd,,Angle Crash,2,Clear,Dry,Daylight
2020-02-15T14:44:00.000,I 285,I 285 and Off To Lavista Rd,,Rear End,2,Clear,Dry,Daylight
2022-01-16T01:00:00.000,I 285,I 285 and Off To Lavista Rd,,Not a Collision with Motor Vehicle,1,Rain,Wet,Dark-Not Lighted
2022-11-15T06:54:00.000,I 285,I 285 and Off To Lavista Rd,,Sideswipe-Same Direction,2,Rain,Wet,Daylight
2024-02-10T09:13:00.000,I 285,I 285 and Off To Lavista Rd,,Angle Crash,2,Clear,Dry,Daylight
2023-03-21T12:28:00.000,I 285,I 285 and Off To I85,,Angle Crash,2,Clear,Dry,Daylight
2023-04-08T17:54:00.000,I 285,I 285 and Off To I85,,Sideswipe-Same Direction,2,Rain,Wet,Daylight
2023-01-28T13:04:00.000,I 285,I 285 and Off To Glenwood Rd,,Rear End,3,Clear,Dry,Daylight
2022-10-12T12:53:00.000,I 285,I 285 and Off To Covington Hwy,,Rear End,2,Cloudy,Dry,Daylight
2024-05-19T22:10:00.000,I 285,I 285 and Off To Church St,,Sideswipe-Same Direction,2,Clear,Dry,Dark-Not Lighted
2020-06-13T16:07:00.000,I 285,I 285 and Off Ramp To Lawrenceville Hwy,,Rear End,2,Clear,Dry,Daylight
2024-02-22T14:46:00.000,I 285,I 285 and Off Ramp To Lawrenceville Hwy,,Sideswipe-Same Direction,2,Clear,Dry,Daylight
2021-02-02T14:20:00.000,I 285,I 285 and Off Ramp To Jonesboro Rd,,Rear End,2,Clear,Dry,Daylight
2021-12-10T23:00:00.000,I 285,I 285 and Off Ramp To Chamblee-Tucker,,Not a Collision with Motor Vehicle,1,Fog,Wet,Dark-Lighted
2021-07-31T15:30:00.000,I 285,I 285 and Off Ramp To Chamblee-Tucker,,Rear End,2,Clear,Dry,Daylight
2021-03-23T07:05:00.000,I 285,I 285 and Off Ramp To Chamblee-Tucker,,Rear End,2,Clear,Dry,Dark-Not Lighted
2021-03-14T20:30:00.000,I 285,I 285 and Off Ramp To Chamblee-Tucker,,Not a Collision with Motor Vehicle,1,Clear,Dry,Dark-Not Lighted
2021-08-05T17:42:00.000,I 285,I 285 and Off Ramp To Chamblee-Tucker,,Angle Crash,2,Clear,Dry,Daylight
2023-06-25T20:11:00.000,I 285,I 285 and Off Ramp To Chamblee-Tucker,,Not a Collision with Motor Vehicle,1,Cloudy,Wet,Dark-Not Lighted
2023-04-24T16:41:00.000,I 285,I 285 and Off Ramp To Chamblee-Tucker,,Angle Crash,2,Clear,Dry,Daylight
2023-06-21T15:48:00.000,I 285,I 285 and Off Ramp To Chamblee-Tucker,,Not a Collision with Motor Vehicle,1,Rain,Wet,Daylight
2020-08-08T16:07:00.000,I 285,I 285 and Off Ramp To Chamblee-Tucker,,Rear End,2,Clear,Dry,Daylight
2020-07-07T16:38:00.000,I 285,I 285 and Off Ramp To Chamblee-Tucker,,Rear End,2,Cloudy,Dry,Daylight
2020-01-09T21:00:00.000,I 285,I 285 and Off Ramp To Chamblee-Tucker,,Sideswipe-Same Direction,2,Clear,Dry,Dark-Not Lighted
2021-01-28T22:15:00.000,I 285,I 285 and Off Ramp To Chamblee-Tucker,,Not a Collision with Motor Vehicle,1,Clear,Dry,Dark-Not Lighted
2021-10-07T16:59:00.000,I 285,I 285 and Off Ramp To Chamblee-Tucker,,Not a Collision with Motor Vehicle,1,Rain,Wet,Dusk
2022-12-22T13:51:00.000,I 285,I 285 and Off Ramp To Chamblee-Tucker,,Sideswipe-Same Direction,2,Cloudy,Wet,Daylight
2022-10-12T00:00:00.000,I 285,I 285 and Off Ramp To Chamblee-Tucker,,Sideswipe-Same Direction,2,Clear,Dry,Dark-Not Lighted
2022-03-08T19:14:00.000,I 285,I 285 and Off Ramp To Chamblee-Tucker,,Rear End,2,Rain,Wet,Dark-Not Lighted
2023-07-18T14:15:00.000,I 285,I 285 and Off Ramp To Chamblee-Tucker,,Sideswipe-Same Direction,2,Clear,Dry,Daylight
2024-05-22T13:40:00.000,I 285,I 285 and Off Ramp To Chamblee-Tucker,,Rear End,2,Clear,Dry,Daylight
2023-04-01T00:00:00.000,I 285,I 285 and Off Ramp To Chamblee-Tucker,,Rear End,2,Clear,Dry,Daylight
2023-08-19T17:41:00.000,I 285,I 285 and Off Ramp To Chamblee-Tucker,,Rear End,2,Clear,Dry,Daylight
2023-01-06T15:25:00.000,I 285,I 285 and Off Ramp To Chamblee-Tucker,,Sideswipe-Same Direction,2,Clear,Dry,Daylight
2023-07-10T06:01:00.000,I 285,I 285 and Off Ramp To Chamblee-Tucker,,Not a Collision with Motor Vehicle,1,Rain,Wet,Dark-Not Lighted
2023-09-03T00:45:00.000,I 285,I 285 and Off Ramp To Chamblee-Tucker,,Not a Collision with Motor Vehicle,2,Clear,Dry,Dark-Not Lighted
2024-05-24T22:52:00.000,I 285,I 285 and Off Ramp To Chamblee-Tucker,,Not a Collision with Motor Vehicle,1,Clear,Dry,Dark-Not Lighted
2024-11-05T15:29:00.000,I 285,I 285 and Off Ramp To Chamblee-Tucker,,Rear End,2,Cloudy,Dry,Daylight
2024-12-10T19:12:00.000,I 285,I 285 and Off Ramp To Chamblee-Tucker,,Sideswipe-Same Direction,2,Rain,Wet,Dark-Not Lighted
2024-01-30T16:30:00.000,I 285,I 285 and Off Ramp To Chamblee-Tucker,,Rear End,2,Clear,Dry,Daylight
2021-09-20T16:27:00.000,I 285,I 285 and Off Ramp To Chamblee Tucker Rd,,Rear End,2,Rain,Wet,Daylight
2021-12-17T18:40:00.000,I 285,I 285 and Off Ramp To Chamblee Tucker Rd,,Rear End,2,Clear,Dry,Dark-Not Lighted
2023-11-30T16:16:00.000,I 285,I 285 and Off Ramp To Chamblee Tucker Rd,,Angle Crash,2,Clear,Dry,Daylight
2023-05-23T16:55:00.000,I 285,I 285 and Off Ramp To Chamblee Tucker Rd,,Sideswipe-Same Direction,2,Cloudy,Dry,Daylight
2020-01-22T14:30:00.000,I 285,I 285 and Off Ramp To Chamblee Tucker Rd,,Angle Crash,3,Clear,Dry,Daylight
2020-01-31T17:00:00.000,I 285,I 285 and Off Ramp To Chamblee Tucker Rd,,Rear End,2,Cloudy,Wet,Daylight
2020-02-01T16:10:00.000,I 285,I 285 and Off Ramp To Chamblee Tucker Rd,,Rear End,2,Clear,Dry,Daylight
2020-11-24T16:47:00.000,I 285,I 285 and Off Ramp To Chamblee Tucker Rd,,Sideswipe-Same Direction,2,Cloudy,Dry,Daylight
2021-06-19T14:45:00.000,I 285,I 285 and Off Ramp To Chamblee Tucker Rd,,Sideswipe-Same Direction,2,Rain,Wet,Daylight
2021-04-09T08:08:00.000,I 285,I 285 and Off Ramp To Chamblee Tucker Rd,,Sideswipe-Same Direction,2,Clear,Dry,Daylight
2022-01-08T13:45:00.000,I 285,I 285 and Off Ramp To Chamblee Tucker Rd,,Angle Crash,3,Clear,Dry,Daylight
2022-04-06T16:30:00.000,I 285,I 285 and Off Ramp To Chamblee Tucker Rd,,Rear End,2,Cloudy,Wet,Daylight
2022-07-29T14:40:00.000,I 285,I 285 and Off Ramp To Chamblee Tucker Rd,,Rear End,2,Clear,Dry,Daylight
2022-05-17T10:05:00.000,I 285,I 285 and Off Ramp To Chamblee Tucker Rd,,Rear End,2,Clear,Dry,Daylight
2022-02-26T13:20:00.000,I 285,I 285 and Off Ramp To Chamblee Tucker Rd,,Rear End,2,Cloudy,Dry,Daylight
2022-10-11T18:02:00.000,I 285,I 285 and Off Ramp To Chamblee Tucker Rd,,Rear End,2,Cloudy,Dry,Daylight
2023-03-02T00:00:00.000,I 285,I 285 and Off Ramp To Chamblee Tucker Rd,,Rear End,2,Rain,Wet,Dark-Lighted
2024-12-11T17:00:00.000,I 285,I 285 and Off Ramp To Chamblee Tucker Rd,,Rear End,3,Clear,Dry,Daylight
2024-06-04T07:52:00.000,I 285,I 285 and Off Ramp To Chamblee Tucker Rd,,Angle Crash,2,Clear,Dry,Daylight
2023-09-24T14:40:00.000,I 285,I 285 and Off Ramp To Chamblee Tucker Rd,,Sideswipe-Same Direction,2,Clear,Dry,Daylight
2024-11-20T07:44:00.000,I 285,I 285 and Off Ramp To Chamblee Tucker Rd,,Rear End,2,Rain,Wet,Daylight
2023-01-08T06:53:00.000,I 285,I 285 and Off Ramp To Chamblee Tucker Rd,,Rear End,2,Clear,Dry,Dark-Not Lighted
2023-09-21T22:57:00.000,I 285,I 285 and Off Ramp To Chamblee Tucker Rd,,Sideswipe-Same Direction,2,Clear,Dry,Dark-Not Lighted
2023-01-22T06:15:00.000,I 285,I 285 and Off Ramp To Chamblee Tucker Rd,,Not a Collision with Motor Vehicle,1,Rain,Water (standing or moving),Dark-Lighted
2023-01-08T06:56:00.000,I 285,I 285 and Off Ramp To Chamblee Tucker Rd,,Rear End,2,Clear,Dry,Dark-Not Lighted
2024-03-12T17:00:00.000,I 285,I 285 and Off Ramp To Chamblee Tucker Rd,,Rear End,2,Clear,Dry,Daylight
2024-08-16T13:20:00.000,I 285,I 285 and Off Ramp To Chamblee Tucker Rd,,Sideswipe-Same Direction,2,Clear,Dry,Daylight
2024-10-24T22:45:00.000,I 285,I 285 and Off Ramp To Chamblee Tucker Rd,,Sideswipe-Same Direction,2,Clear,Dry,Dark-Not Lighted
2024-03-12T16:21:00.000,I 285,I 285 and Off Ramp To Chamblee Tucker Rd,,Sideswipe-Same Direction,2,Clear,Dry,Daylight
2024-10-18T05:35:00.000,I 285,I 285 and Off Ramp To Chamblee Tucker Rd,,Rear End,2,Clear,Dry,Dark-Not Lighted
2024-09-06T23:30:00.000,I 285,I 285 and Off Ramp To Chamblee Tucker Rd,,Angle Crash,2,Cloudy,Dry,Dark-Lighted
2024-09-09T09:05:00.000,I 285,I 285 and Off Ramp To Chamblee Tucker Rd,,Sideswipe-Same Direction,2,Clear,Dry,Daylight
2020-08-13T11:45:00.000,I 285,I 285 and Off Ramp From Lawrenceville Hwy To I285,,Rear End,2,Clear,Dry,Daylight
2021-03-17T08:55:00.000,I 285,I 285 and Oak Terrace Dr,,Rear End,2,Cloudy,Wet,Daylight
2020-10-10T11:00:00.000,I 285,I 285 and Oak Terrace Dr,,Not a Collision with Motor Vehicle,1,Rain,Wet,Dark-Not Lighted
2020-08-18T13:46:00.000,I 285,I 285 and Oak Terrace Dr,,Sideswipe-Same Direction,2,Clear,Dry,Daylight
2020-09-15T09:11:00.000,I 285,I 285 and Oak Terrace Dr,,Angle Crash,2,Rain,Wet,Daylight
2023-03-17T16:30:00.000,I 285,I 285 and Nothlake Pkwy,,Rear End,2,Rain,Wet,Daylight
2024-06-25T08:58:00.000,I 285,I 285 and Northside Pkwy,,Rear End,2,Clear,Dry,Daylight
2021-04-02T12:36:00.000,I 285,I 285 and Northside Dr,,Not a Collision with Motor Vehicle,1,Cloudy,Dry,Daylight
2021-05-12T05:24:00.000,I 285,I 285 and Northside Dr,,Not a Collision with Motor Vehicle,1,Rain,Wet,Dark-Not Lighted
2021-02-08T16:06:00.000,I 285,I 285 and Northside Dr,,Sideswipe-Same Direction,3,Cloudy,Dry,Daylight
2021-01-05T18:33:00.000,I 285,I 285 and Northside Dr,,Sideswipe-Same Direction,2,Clear,Dry,Dark-Lighted
2021-03-09T08:25:00.000,I 285,I 285 and Northside Dr,,Rear End,2,Clear,Dry,Daylight
2021-11-19T09:44:00.000,I 285,I 285 and Northside Dr,,Sideswipe-Same Direction,2,Clear,Dry,Daylight
2021-06-30T11:04:00.000,I 285,I 285 and Northside Dr,,Rear End,2,Cloudy,Dry,Daylight
2021-05-07T16:30:00.000,I 285,I 285 and Northside Dr,,Rear End,3,Clear,Dry,Daylight
2021-06-23T15:03:00.000,I 285,I 285 and Northside Dr,,Rear End,2,Clear,Dry,Daylight
2021-04-29T14:45:00.000,I 285,I 285 and Northside Dr,,Angle Crash,3,Cloudy,Dry,Daylight
2021-10-28T14:25:00.000,I 285,I 285 and Northside Dr,,Rear End,2,Rain,Wet,Daylight
2021-10-28T15:45:00.000,I 285,I 285 and Northside Dr,,Rear End,2,Rain,Wet,Daylight
2021-04-20T11:35:00.000,I 285,I 285 and Northside Dr,,Rear End,2,Clear,Dry,Daylight
2021-11-10T16:08:00.000,I 285,I 285 and Northside Dr,,Rear End,2,Clear,Dry,Daylight
2021-04-11T13:36:00.000,I 285,I 285 and Northside Dr,,Rear End,2,Clear,Dry,Daylight
2023-09-11T10:13:00.000,I 285,I 285 and Northside Dr,,Rear End,2,Clear,Dry,Daylight
2023-12-19T12:40:00.000,I 285,I 285 and Northside Dr,,Rear End,2,Clear,Dry,Daylight
2023-07-13T14:00:00.000,I 285,I 285 and Northside Dr,,Not a Collision with Motor Vehicle,1,Clear,Dry,Daylight
2023-04-18T17:29:00.000,I 285,I 285 and Northside Dr,,Sideswipe-Same Direction,2,Clear,Dry,Daylight
2020-12-22T00:00:00.000,I 285,I 285 and Northside Dr,,Rear End,2,Clear,Dry,Daylight
2020-03-10T14:42:00.000,I 285,I 285 and Northside Dr,,Rear End,2,Cloudy,Dry,Daylight
2020-10-06T08:15:00.000,I 285,I 285 and Northside Dr,,Sideswipe-Same Direction,2,Clear,Dry,Daylight
2020-12-17T16:07:00.000,I 285,I 285 and Northside Dr,,Rear End,2,Clear,Dry,Daylight
2020-06-23T14:26:00.000,I 285,I 285 and Northside Dr,,Rear End,2,Clear,Dry,Daylight
2020-08-13T10:36:00.000,I 285,I 285 and Northside Dr,,Sideswipe-Same Direction,2,Clear,Dry,Daylight
2020-12-14T07:02:00.000,I 285,I 285 and Northside Dr,,Rear End,3,Rain,Wet,Dark-Not Lighted
2021-06-24T16:52:00.000,I 285,I 285 and Northside Dr,,Sideswipe-Same Direction,2,Cloudy,Dry,Daylight
2021-05-25T08:46:00.000,I 285,I 285 and Northside Dr,,Sideswipe-Same Direction,2,Cloudy,Dry,Daylight
2021-12-09T08:44:00.000,I 285,I 285 and Northside Dr,,Sideswipe-Same Direction,2,Clear,Dry,Daylight
2021-12-16T03:59:00.000,I 285,I 285 and Northside Dr,,Rear End,2,Clear,Dry,Dark-Lighted
2021-08-11T08:26:00.000,I 285,I 285 and Northside Dr,,Sideswipe-Same Direction,2,Clear,Dry,Daylight
2022-08-12T16:39:00.000,I 285,I 285 and Northside Dr,,Rear End,2,Clear,Dry,Daylight
2022-02-04T01:38:00.000,I 285,I 285 and Northside Dr,,Angle Crash,1,Rain,Wet,Dark-Not Lighted
2022-12-29T09:17:00.000,I 285,I 285 and Northside Dr,,Sideswipe-Same Direction,2,Clear,Dry,Daylight
2022-03-08T08:55:00.000,I 285,I 285 and Northside Dr,,Rear End,2,Cloudy,Dry,Daylight
2022-06-17T18:34:00.000,I 285,I 285 and Northside Dr,,Not a Collision with Motor Vehicle,1,Rain,Wet,Daylight
2022-05-13T12:50:00.000,I 285,I 285 and Northside Dr,,Not a Collision with Motor Vehicle,1,Clear,Dry,Daylight
2022-02-13T23:15:00.000,I 285,I 285 and Northside Dr,,Sideswipe-Same Direction,2,Clear,Dry,Dark-Not Lighted
2022-12-02T20:31:00.000,I 285,I 285 and Northside Dr,,Sideswipe-Same Direction,2,Clear,Dry,Dark-Lighted
2022-01-17T14:22:00.000,I 285,I 285 and Northside Dr,,Angle Crash,2,Cloudy,Dry,Daylight
2022-06-17T15:26:00.000,I 285,I 285 and Northside Dr,,Sideswipe-Same Direction,2,Clear,Dry,Daylight
2022-12-15T08:34:00.000,I 285,I 285 and Northside Dr,,Angle Crash,2,Cloudy,Wet,Daylight
2022-02-15T10:15:00.000,I 285,I 285 and Northside Dr,,Rear End,2,Clear,Dry,Daylight
2022-01-30T01:48:00.000,I 285,I 285 and Northside Dr,,Sideswipe-Same Direction,2,Clear,Dry,Dark-Lighted
2022-05-05T12:23:00.000,I 285,I 285 and Northside Dr,,Sideswipe-Same Direction,2,Cloudy,Dry,Daylight
2023-03-26T01:49:00.000,I 285,I 285 and Northside Dr,,Not a Collision with Motor Vehicle,1,Clear,Dry,Dark-Not Lighted
2024-11-14T11:24:00.000,I 285,I 285 and Northside Dr,,Rear End,2,Clear,Dry,Daylight
2024-05-13T09:47:00.000,I 285,I 285 and Northside Dr,,Sideswipe-Same Direction,2,Rain,Wet,Daylight
2023-10-26T13:09:00.000,I 285,I 285 and Northside Dr,,Rear End,2,Cloudy,Dry,Daylight
2024-07-05T14:42:00.000,I 285,I 285 and Northside Dr,,Not a Collision with Motor Vehicle,2,Clear,Dry,Daylight
2023-05-31T08:00:00.000,I 285,I 285 and Northside Dr,,Sideswipe-Same Direction,2,Cloudy,Dry,Daylight
2023-08-15T17:30:00.000,I 285,I 285 and Northside Dr,,Sideswipe-Same Direction,2,Clear,Dry,Daylight
2023-08-31T16:30:00.000,I 285,I 285 and Northside Dr,,Rear End,2,Clear,Dry,Daylight
2023-11-28T16:14:00.000,I 285,I 285 and Northside Dr,,Rear End,2,Clear,Dry,Daylight
2023-04-11T15:46:00.000,I 285,I 285 and Northside Dr,,Rear End,2,Clear,Dry,Daylight
2023-06-23T13:45:00.000,I 285,I 285 and Northside Dr,,Rear End,3,Rain,Wet,Daylight
2024-02-16T19:14:00.000,I 285,I 285 and Northside Dr,,Rear End,2,Clear,Dry,Dark-Not Lighted
2024-10-27T19:09:00.000,I 285,I 285 and Northside Dr,,Rear End,2,Clear,Dry,Dark-Lighted
2024-12-10T07:48:00.000,I 285,I 285 and Northside Dr,,Rear End,2,Cloudy,Wet,Daylight
2024-04-15T10:22:00.000,I 285,I 285 and Northside Dr,,Rear End,2,Clear,Dry,Daylight
2024-01-18T18:55:00.000,I 285,I 285 and Northside Dr,,Sideswipe-Same Direction,2,Clear,Dry,Dark-Not Lighted
2024-07-27T23:00:00.000,I 285,I 285 and Northside Dr,,Sideswipe-Same Direction,2,Clear,Dry,Dark-Not Lighted
2024-02-05T18:20:00.000,I 285,I 285 and Northside Dr,,Sideswipe-Same Direction,2,Clear,Dry,Dusk
2024-07-24T08:40:00.000,I 285,I 285 and Northside Dr,,Rear End,2,Clear,Dry,Daylight
2024-05-23T11:00:00.000,I 285,I 285 and Northside Dr,,Rear End,2,Cloudy,Dry,Daylight
2024-08-29T11:40:00.000,I 285,I 285 and Northside Dr,,Sideswipe-Same Direction,2,Clear,Dry,Daylight
2024-10-17T08:53:00.000,I 285,I 285 and Northside Dr,,Sideswipe-Same Direction,2,Clear,Dry,Daylight
2024-01-25T08:54:00.000,I 285,I 285 and Northside Dr,,Rear End,2,Rain,Wet,Daylight
2023-12-15T15:32:00.000,I 285,I 285 and Northlakw Pkwy,,Angle Crash,2,Clear,Dry,Daylight
2024-03-28T13:14:00.000,I 285,I 285 and Northlake Rd,,Sideswipe-Same Direction,2,Clear,Dry,Daylight
2021-06-28T14:50:00.000,I 285,I 285 and Northlake Pwy,,Sideswipe-Same Direction,2,Clear,Dry,Daylight
2021-01-26T09:09:00.000,I 285,I 285 and Northlake Pwy,,Not a Collision with Motor Vehicle,1,Cloudy,Wet,Daylight
2021-02-03T09:20:00.000,I 285,I 285 and Northlake Pwy,,Sideswipe-Same Direction,2,Clear,Dry,Daylight
2021-06-28T12:35:00.000,I 285,I 285 and Northlake Pwy,,Sideswipe-Same Direction,2,Clear,Dry,Daylight
2023-06-10T15:32:00.000,I 285,I 285 and Northlake Pwy,,Rear End,3,Clear,Dry,Daylight
2023-03-13T14:45:00.000,I 285,I 285 and Northlake Pwy,,Rear End,2,Clear,Dry,Daylight
2023-04-05T15:45:00.000,I 285,I 285 and Northlake Pwy,,Rear End,2,Clear,Dry,Daylight
2023-01-18T13:54:00.000,I 285,I 285 and Northlake Pwy,,Rear End,2,Cloudy,Dry,Daylight
2023-03-13T14:45:00.000,I 285,I 285 and Northlake Pwy,,Rear End,2,Clear,Dry,Daylight
2022-01-14T14:30:00.000,I 285,I 285 and Northlake Pwy,,Sideswipe-Same Direction,2,Clear,Dry,Daylight
2020-10-27T12:25:00.000,I 285,I 285 and Northlake Pwy,,Rear End,3,Cloudy,Dry,Daylight
2020-01-13T13:45:00.000,I 285,I 285 and Northlake Pwy,,Rear End,2,Cloudy,Wet,Daylight
2020-03-31T11:50:00.000,I 285,I 285 and Northlake Pwy,,Not a Collision with Motor Vehicle,1,Rain,Wet,Daylight
2021-05-02T12:57:00.000,I 285,I 285 and Northlake Pwy,,Rear End,2,Cloudy,Dry,Daylight
2022-10-10T13:36:00.000,I 285,I 285 and Northlake Pwy,,Rear End,2,Clear,Dry,Daylight
2022-05-17T12:00:00.000,I 285,I 285 and Northlake Pwy,,Angle Crash,2,Clear,Dry,Daylight
2022-01-31T12:26:00.000,I 285,I 285 and Northlake Pwy,,Angle Crash,2,Cloudy,Dry,Daylight
2022-07-05T16:13:00.000,I 285,I 285 and Northlake Pwy,,Rear End,2,Clear,Dry,Daylight
2023-03-15T15:05:00.000,I 285,I 285 and Northlake Pwy,,Rear End,3,Clear,Dry,Daylight
2023-04-24T16:29:00.000,I 285,I 285 and Northlake Pwy,,Rear End,2,Clear,Dry,Daylight
2023-03-06T16:31:00.000,I 285,I 285 and Northlake Pwy,,Rear End,2,Clear,Dry,Daylight
2023-05-02T11:59:00.000,I 285,I 285 and Northlake Pwy,,Rear End,2,Clear,Dry,Daylight
2023-05-15T16:14:00.000,I 285,I 285 and Northlake Pwy,,Rear End,3,Clear,Dry,Daylight
2023-01-27T16:35:00.000,I 285,I 285 and Northlake Pwy,,Rear End,2,Clear,Dry,Daylight
2021-05-23T14:09:00.000,I 285,I 285 and Northlake Pwky,,Rear End,2,Clear,Dry,Daylight
2021-12-26T00:00:00.000,I 285,I 285 and Northlake Pwky,,Sideswipe-Same Direction,2,Clear,Dry,Daylight
2023-04-07T12:58:00.000,I 285,I 285 and Northlake Pwky,,Rear End,2,Cloudy,Dry,Daylight
2020-01-03T13:21:00.000,I 285,I 285 and Northlake Pwky,,Rear End,2,Rain,Wet,Daylight
2020-05-20T11:30:00.000,I 285,I 285 and Northlake Pwky,,Sideswipe-Same Direction,2,Cloudy,Dry,Daylight