Date and Time,Roadway (From Crash Report),Intersection Name (from Crash Report),KABCO Severity,Manner of Collision (Crash Level) ,# of Vehicles per crash ,Weather Conditions (Crash Level),Surface Condition (Crash Level) ,Light Conditions (Crash Level)
2024-06-25T10:09:00.000,I 285,I 285 and Northlake Prkwy,,Not a Collision with Motor Vehicle,1,Clear,Dry,Daylight
2020-07-25T14:20:00.000,I 285,I 285 and Northlake Pkwy Rp,,Sideswipe-Same Direction,2,Rain,Wet,Daylight
2020-01-02T12:25:00.000,I 285,I 285 and Northlake Pkwy Rp,,Not a Collision with Motor Vehicle,1,Rain,Wet,Daylight
2021-04-10T10:50:00.000,I 285,I 285 and Northlake Pkwy Opas,,Rear End,2,Rain,Wet,Daylight
2020-10-09T15:16:00.000,I 285,I 285 and Northlake Pkwy Exit,,Sideswipe-Same Direction,2,Rain,Wet,Daylight
2020-07-29T10:00:00.000,I 285,I 285 and Northlake Pkwy Exit,,Rear End,2,Cloudy,Dry,Daylight
2020-08-21T14:30:00.000,I 285,I 285 and Northlake Pkwy Exit,,Rear End,2,Cloudy,Dry,Daylight
2021-04-13T15:25:00.000,I 285,I 285 and Northlake Pkwy Exit,,Rear End,2,Clear,Dry,Daylight
2021-09-14T10:55:00.000,I 285,I 285 and Northlake Pkwy Entry Rp,,Rear End,2,Clear,Dry,Daylight
2024-09-09T17:23:00.000,I 285,I 285 and Northlake Pkwy Entry Rp,,Angle Crash,2,Clear,Dry,Daylight
2024-09-26T19:25:00.000,I 285,I 285 and Northlake Pkwy Entry Rp,,Not a Collision with Motor Vehicle,1,Rain,Water (standing or moving),Dark-Not Lighted
2021-05-05T07:04:00.000,I 285,I 285 and Northlake Pkwy,,Rear End,2,Cloudy,Dry,Daylight
2021-05-25T07:34:00.000,I 285,I 285 and Northlake Pkwy,,Not a Collision with Motor Vehicle,2,Clear,Dry,Daylight
2021-05-04T07:49:00.000,I 285,I 285 and Northlake Pkwy,,Rear End,3,Cloudy,Dry,Daylight
2021-06-02T10:59:00.000,I 285,I 285 and Northlake Pkwy,,Rear End,2,Clear,Dry,Daylight
2021-01-06T04:49:00.000,I 285,I 285 and Northlake Pkwy,,Angle Crash,2,Clear,Dry,Dark-Not Lighted
2021-05-13T11:40:00.000,I 285,I 285 and Northlake Pkwy,,Sideswipe-Same Direction,2,Clear,Dry,Daylight
2021-02-04T13:30:00.000,I 285,I 285 and Northlake Pkwy,,Rear End,2,Clear,Dry,Daylight
2021-06-22T11:35:00.000,I 285,I 285 and Northlake Pkwy,,Rear End,5,Cloudy,Wet,Daylight
2021-08-05T16:14:00.000,I 285,I 285 and Northlake Pkwy,,Sideswipe-Same Direction,2,Cloudy,Dry,Daylight
2021-11-10T10:50:00.000,I 285,I 285 and Northlake Pkwy,,Not a Collision with Motor Vehicle,2,Clear,Dry,Daylight
2021-10-23T17:45:00.000,I 285,I 285 and Northlake Pkwy,,Rear End,2,Clear,Dry,Daylight
2021-10-16T18:48:00.000,I 285,I 285 and Northlake Pkwy,,Angle Crash,2,Clear,Dry,Daylight
2021-09-24T20:17:00.000,I 285,I 285 and Northlake Pkwy,,Rear End,3,Clear,Dry,Dark-Not Lighted
2021-07-13T01:07:00.000,I 285,I 285 and Northlake Pkwy,,Rear End,2,Cloudy,Dry,Dark-Not Lighted
2021-07-07T20:25:00.000,I 285,I 285 and Northlake Pkwy,,Angle Crash,2,Clear,Dry,Daylight
2021-09-25T14:59:00.000,I 285,I 285 and Northlake Pkwy,,Rear End,3,Clear,Dry,Daylight
2021-12-11T11:03:00.000,I 285,I 285 and Northlake Pkwy,,Angle Crash,2,Clear,Dry,Daylight
2021-11-09T12:38:00.000,I 285,I 285 and Northlake Pkwy,,Rear End,2,Clear,Dry,Daylight
2021-05-04T09:06:00.000,I 285,I 285 and Northlake Pkwy,,Angle Crash,2,Cloudy,Dry,Daylight
2021-03-07T12:00:00.000,I 285,I 285 and Northlake Pkwy,,Rear End,2,Clear,Dry,Daylight
2021-02-12T13:35:00.000,I 285,I 285 and Northlake Pkwy,,Rear End,2,Cloudy,Dry,Daylight
2021-03-13T13:11:00.000,I 285,I 285 and Northlake Pkwy,,Sideswipe-Same Direction,2,Clear,Dry,Daylight
2021-03-26T16:20:00.000,I 285,I 285 and Northlake Pkwy,,Sideswipe-Same Direction,2,Clear,Dry,Daylight
2021-05-08T12:21:00.000,I 285,I 285 and Northlake Pkwy,,Rear End,2,Clear,Dry,Daylight
2021-06-02T02:01:00.000,I 285,I 285 and Northlake Pkwy,,Not a Collision with Motor Vehicle,1,Clear,Dry,Dark-Not Lighted
2021-02-16T22:42:00.000,I 285,I 285 and Northlake Pkwy,,Rear End,2,Clear,Dry,Dark-Not Lighted
2021-05-25T08:43:00.000,I 285,I 285 and Northlake Pkwy,,Rear End,2,Clear,Dry,Daylight
2021-06-29T13:59:00.000,I 285,I 285 and Northlake Pkwy,,Rear End,2,Clear,Dry,Daylight
2021-06-08T02:55:00.000,I 285,I 285 and Northlake Pkwy,,Not a Collision with Motor Vehicle,1,Cloudy,Dry,Dark-Not Lighted
2021-05-13T09:15:00.000,I 285,I 285 and Northlake Pkwy,,Sideswipe-Same Direction,2,Clear,Dry,Daylight
2021-06-04T00:09:00.000,I 285,I 285 and Northlake Pkwy,,Not a Collision with Motor Vehicle,1,Clear,Dry,Dark-Not Lighted
2021-06-21T15:18:00.000,I 285,I 285 and Northlake Pkwy,,Angle Crash,2,Cloudy,Dry,Daylight
2021-03-03T23:45:00.000,I 285,I 285 and Northlake Pkwy,,Angle Crash,2,Clear,Dry,Dark-Lighted
2021-10-06T07:29:00.000,I 285,I 285 and Northlake Pkwy,,Rear End,2,Cloudy,Wet,Daylight
2021-07-19T18:01:00.000,I 285,I 285 and Northlake Pkwy,,Rear End,2,Rain,Wet,Daylight
2021-07-05T14:00:00.000,I 285,I 285 and Northlake Pkwy,,Angle Crash,2,Clear,Dry,Daylight
2021-08-16T18:00:00.000,I 285,I 285 and Northlake Pkwy,,Sideswipe-Same Direction,2,Rain,Wet,Dusk
2021-06-14T17:49:00.000,I 285,I 285 and Northlake Pkwy,,Rear End,2,Clear,Dry,Daylight
2021-11-20T14:30:00.000,I 285,I 285 and Northlake Pkwy,,Rear End,2,Clear,Dry,Daylight
2021-09-30T15:00:00.000,I 285,I 285 and Northlake Pkwy,,Sideswipe-Same Direction,2,Clear,Dry,Daylight
2021-12-30T07:26:00.000,I 285,I 285 and Northlake Pkwy,,Sideswipe-Same Direction,2,Rain,Wet,Daylight
2021-02-04T11:30:00.000,I 285,I 285 and Northlake Pkwy,,Not a Collision with Motor Vehicle,1,Cloudy,Dry,Daylight
2021-05-17T07:44:00.000,I 285,I 285 and Northlake Pkwy,,Angle Crash,2,Clear,Dry,Daylight
2021-03-12T13:50:00.000,I 285,I 285 and Northlake Pkwy,,Not a Collision with Motor Vehicle,1,Clear,Dry,Daylight
2021-03-13T17:48:00.000,I 285,I 285 and Northlake Pkwy,,Rear End,2,Clear,Dry,Daylight
2021-12-16T04:55:00.000,I 285,I 285 and Northlake Pkwy,,Sideswipe-Same Direction,2,Clear,Dry,Dark-Not Lighted
2021-11-30T10:40:00.000,I 285,I 285 and Northlake Pkwy,,Sideswipe-Same Direction,2,Clear,Dry,Daylight
2021-12-30T08:54:00.000,I 285,I 285 and Northlake Pkwy,,Not a Collision with Motor Vehicle,1,Rain,Wet,Daylight
2021-09-24T22:46:00.000,I 285,I 285 and Northlake Pkwy,,Rear End,2,Clear,Dry,Dark-Not Lighted
2021-12-28T14:27:00.000,I 285,I 285 and Northlake Pkwy,,Rear End,2,Clear,Dry,Daylight
2021-08-27T20:07:00.000,I 285,I 285 and Northlake Pkwy,,Rear End,2,Clear,Dry,Daylight
2021-10-10T09:59:00.000,I 285,I 285 and Northlake Pkwy,,Sideswipe-Same Direction,2,Clear,Dry,Daylight
2021-03-17T00:00:00.000,I 285,I 285 and Northlake Pkwy,,Rear End,2,Cloudy,Wet,Daylight
2021-02-12T20:35:00.000,I 285,I 285 and Northlake Pkwy,,Rear End,2,Cloudy,Wet,Dark-Not Lighted
2021-04-15T09:10:00.000,I 285,I 285 and Northlake Pkwy,,Not a Collision with Motor Vehicle,2,Clear,Dry,Daylight
2021-03-11T19:25:00.000,I 285,I 285 and Northlake Pkwy,,Rear End,2,Clear,Dry,Dark-Not Lighted
2021-01-01T10:34:00.000,I 285,I 285 and Northlake Pkwy,,Not a Collision with Motor Vehicle,1,Rain,Wet,Daylight
2023-06-09T19:30:00.000,I 285,I 285 and Northlake Pkwy,,Angle Crash,2,Clear,Dry,Daylight
2023-05-01T10:24:00.000,I 285,I 285 and Northlake Pkwy,,Sideswipe-Same Direction,2,Clear,Dry,Daylight
2023-03-11T22:00:00.000,I 285,I 285 and Northlake Pkwy,,Rear End,2,Clear,Dry,Dark-Not Lighted
2023-05-16T08:40:00.000,I 285,I 285 and Northlake Pkwy,,Sideswipe-Same Direction,3,Cloudy,Dry,Daylight
2023-01-19T07:47:00.000,I 285,I 285 and Northlake Pkwy,,Sideswipe-Same Direction,2,Cloudy,Wet,Daylight
2023-11-15T10:00:00.000,I 285,I 285 and Northlake Pkwy,,Rear End,2,Clear,Dry,Daylight
2023-12-11T14:53:00.000,I 285,I 285 and Northlake Pkwy,,Rear End,2,Clear,Dry,Dark-Lighted
2023-11-21T12:15:00.000,I 285,I 285 and Northlake Pkwy,,Rear End,2,Clear,Wet,Daylight
2023-04-16T02:45:00.000,I 285,I 285 and Northlake Pkwy,,Not a Collision with Motor Vehicle,1,Rain,Wet,Dark-Not Lighted
2023-03-21T14:07:00.000,I 285,I 285 and Northlake Pkwy,,Angle Crash,2,Cloudy,Dry,Daylight
2023-12-06T16:00:00.000,I 285,I 285 and Northlake Pkwy,,Sideswipe-Same Direction,2,Clear,Dry,Daylight
2023-09-27T15:55:00.000,I 285,I 285 and Northlake Pkwy,,Sideswipe-Same Direction,2,Clear,Dry,Daylight
2023-01-04T06:20:00.000,I 285,I 285 and Northlake Pkwy,,Rear End,2,Rain,Wet,Daylight
2023-01-09T13:00:00.000,I 285,I 285 and Northlake Pkwy,,Not a Collision with Motor Vehicle,1,Clear,Dry,Daylight
2023-09-11T05:50:00.000,I 285,I 285 and Northlake Pkwy,,Not a Collision with Motor Vehicle,1,Clear,Dry,Daylight
2023-02-21T03:42:00.000,I 285,I 285 and Northlake Pkwy,,Head On,2,Clear,Dry,Dark-Not Lighted
2023-02-01T07:08:00.000,I 285,I 285 and Northlake Pkwy,,Not a Collision with Motor Vehicle,4,Cloudy,Dry,Daylight
2023-10-11T10:11:00.000,I 285,I 285 and Northlake Pkwy,,Rear End,2,Cloudy,Dry,Daylight
2023-11-21T16:05:00.000,I 285,I 285 and Northlake Pkwy,,Rear End,2,Cloudy,Wet,Daylight
2023-03-24T18:07:00.000,I 285,I 285 and Northlake Pkwy,,Sideswipe-Same Direction,2,Clear,Dry,Daylight
2023-03-31T12:15:00.000,I 285,I 285 and Northlake Pkwy,,Rear End,2,Clear,Dry,Daylight
2023-11-03T21:13:00.000,I 285,I 285 and Northlake Pkwy,,Rear End,2,Clear,Dry,Dark-Lighted
2023-07-15T07:15:00.000,I 285,I 285 and Northlake Pkwy,,Not a Collision with Motor Vehicle,1,Clear,Dry,Dawn
2023-03-16T18:43:00.000,I 285,I 285 and Northlake Pkwy,,Rear End,2,Clear,Dry,Daylight
2023-01-22T10:45:00.000,I 285,I 285 and Northlake Pkwy,,Rear End,2,Rain,Wet,Daylight
2023-10-19T14:10:00.000,I 285,I 285 and Northlake Pkwy,,Rear End,2,Cloudy,Dry,Daylight
2023-10-24T17:35:00.000,I 285,I 285 and Northlake Pkwy,,Rear End,2,Clear,Dry,Daylight
2023-01-22T08:33:00.000,I 285,I 285 and Northlake Pkwy,,Rear End,2,Rain,Wet,Dark-Lighted
2023-03-24T18:00:00.000,I 285,I 285 and Northlake Pkwy,,Sideswipe-Same Direction,2,Clear,Dry,Dark-Lighted
2023-07-14T02:37:00.000,I 285,I 285 and Northlake Pkwy,,Not a Collision with Motor Vehicle,1,Clear,Dry,Dark-Lighted
2023-01-03T23:35:00.000,I 285,I 285 and Northlake Pkwy,,Not a Collision with Motor Vehicle,1,Rain,Water (standing or moving),Dark-Not Lighted
2023-04-30T07:08:00.000,I 285,I 285 and Northlake Pkwy,,Not a Collision with Motor Vehicle,1,Rain,Wet,Daylight
2023-10-26T15:29:00.000,I 285,I 285 and Northlake Pkwy,,Rear End,3,Clear,Dry,Daylight
2023-02-05T13:55:00.000,I 285,I 285 and Northlake Pkwy,,Rear End,2,Cloudy,Dry,Daylight
2023-09-24T15:49:00.000,I 285,I 285 and Northlake Pkwy,,Rear End,2,Clear,Dry,Daylight
2023-05-16T18:35:00.000,I 285,I 285 and Northlake Pkwy,,Rear End,2,Rain,Wet,Daylight
2023-01-29T20:45:00.000,I 285,I 285 and Northlake Pkwy,,Not a Collision with Motor Vehicle,1,Rain,Wet,Dark-Not Lighted
2023-10-29T14:05:00.000,I 285,I 285 and Northlake Pkwy,,Rear End,2,Clear,Dry,Daylight
2023-03-27T14:54:00.000,I 285,I 285 and Northlake Pkwy,,Rear End,2,Clear,Dry,Daylight
2023-01-22T09:00:00.000,I 285,I 285 and Northlake Pkwy,,Not a Collision with Motor Vehicle,1,Rain,Wet,Dark-Lighted
2023-03-14T16:15:00.000,I 285,I 285 and Northlake Pkwy,,Rear End,2,Clear,Dry,Daylight
2023-07-24T19:37:00.000,I 285,I 285 and Northlake Pkwy,,Angle Crash,3,Clear,Dry,Daylight
2023-05-13T16:40:00.000,I 285,I 285 and Northlake Pkwy,,Rear End,2,Clear,Dry,Daylight
2023-05-05T12:05:00.000,I 285,I 285 and Northlake Pkwy,,Not a Collision with Motor Vehicle,1,Cloudy,Dry,Daylight
2023-01-22T07:33:00.000,I 285,I 285 and Northlake Pkwy,,Not a Collision with Motor Vehicle,1,Rain,Wet,Dark-Lighted
2023-04-19T11:23:00.000,I 285,I 285 and Northlake Pkwy,,Rear End,2,Clear,Dry,Daylight
2023-12-30T17:00:00.000,I 285,I 285 and Northlake Pkwy,,Rear End,2,Clear,Dry,Daylight
2023-05-09T14:07:00.000,I 285,I 285 and Northlake Pkwy,,Rear End,3,Cloudy,Dry,Daylight
2023-07-18T12:55:00.000,I 285,I 285 and Northlake Pkwy,,Rear End,2,Clear,Dry,Daylight
2023-12-16T16:13:00.000,I 285,I 285 and Northlake Pkwy,,Rear End,2,Cloudy,Dry,Daylight
2023-12-25T21:31:00.000,I 285,I 285 and Northlake Pkwy,,Rear End,2,Cloudy,Wet,Dark-Not Lighted
2023-09-22T15:30:00.000,I 285,I 285 and Northlake Pkwy,,Sideswipe-Same Direction,2,Clear,Dry,Daylight
2023-08-05T12:36:00.000,I 285,I 285 and Northlake Pkwy,,Rear End,2,Clear,Dry,Daylight
2023-02-04T03:02:00.000,I 285,I 285 and Northlake Pkwy,,Not a Collision with Motor Vehicle,1,Clear,Dry,Dark-Lighted
2023-01-20T16:00:00.000,I 285,I 285 and Northlake Pkwy,,Sideswipe-Same Direction,3,Clear,Dry,Daylight
2023-06-22T13:51:00.000,I 285,I 285 and Northlake Pkwy,,Rear End,2,Cloudy,Dry,Daylight
2023-02-17T13:59:00.000,I 285,I 285 and Northlake Pkwy,,Rear End,2,Clear,Dry,Daylight
2023-07-29T17:50:00.000,I 285,I 285 and Northlake Pkwy,,Rear End,2,Clear,Dry,Daylight
2022-10-21T17:50:00.000,I 285,I 285 and Northlake Pkwy,,Rear End,2,Clear,Dry,Daylight
2022-08-03T12:13:00.000,I 285,I 285 and Northlake Pkwy,,Rear End,2,Clear,Dry,Daylight
2022-10-14T07:09:00.000,I 285,I 285 and Northlake Pkwy,,Sideswipe-Same Direction,2,Clear,Dry,Daylight
2022-08-10T21:55:00.000,I 285,I 285 and Northlake Pkwy,,Sideswipe-Same Direction,2,Rain,Wet,Dark-Not Lighted
2022-07-31T10:00:00.000,I 285,I 285 and Northlake Pkwy,,Sideswipe-Same Direction,2,Clear,Dry,Daylight
2022-12-15T03:00:00.000,I 285,I 285 and Northlake Pkwy,,Angle Crash,3,Rain,Water (standing or moving),Dark-Not Lighted
2022-05-15T21:25:00.000,I 285,I 285 and Northlake Pkwy,,Rear End,3,Cloudy,Wet,Daylight
2022-08-10T17:46:00.000,I 285,I 285 and Northlake Pkwy,,Rear End,2,Clear,Dry,Daylight
2022-04-30T16:15:00.000,I 285,I 285 and Northlake Pkwy,,Not a Collision with Motor Vehicle,1,Clear,Dry,Daylight
2024-11-14T23:35:00.000,I 285,I 285 and Northlake Pkwy,,Not a Collision with Motor Vehicle,1,Cloudy,Dry,Dark-Not Lighted
2021-12-03T14:50:00.000,I 285,I 285 and Northlake Pkwy,,Rear End,2,Clear,Dry,Daylight
2020-08-13T06:27:00.000,I 285,I 285 and Northlake Pkwy,,Sideswipe-Same Direction,2,Clear,Dry,Daylight
2020-03-01T08:27:00.000,I 285,I 285 and Northlake Pkwy,,Rear End,2,Clear,Dry,Daylight
2020-11-11T22:50:00.000,I 285,I 285 and Northlake Pkwy,,Sideswipe-Same Direction,2,Rain,Wet,Dark-Not Lighted
2020-03-04T16:45:00.000,I 285,I 285 and Northlake Pkwy,,Sideswipe-Same Direction,2,Clear,Dry,Daylight
2020-09-24T15:10:00.000,I 285,I 285 and Northlake Pkwy,,Rear End,2,Rain,Wet,Dusk
2020-11-09T11:30:00.000,I 285,I 285 and Northlake Pkwy,,Not a Collision with Motor Vehicle,1,Clear,Dry,Daylight
2020-02-09T03:55:00.000,I 285,I 285 and Northlake Pkwy,,Not a Collision with Motor Vehicle,1,Fog,Dry,Dark-Not Lighted
2020-10-10T03:35:00.000,I 285,I 285 and Northlake Pkwy,,Angle Crash,3,Rain,Wet,Dark-Lighted
2020-08-20T12:13:00.000,I 285,I 285 and Northlake Pkwy,,Rear End,3,Clear,Dry,Daylight
2020-02-01T13:28:00.000,I 285,I 285 and Northlake Pkwy,,Rear End,2,Cloudy,Wet,Daylight
2020-02-18T17:40:00.000,I 285,I 285 and Northlake Pkwy,,Rear End,2,Rain,Wet,Daylight
2020-02-03T18:19:00.000,I 285,I 285 and Northlake Pkwy,,Rear End,2,Clear,Dry,Dark-Lighted
2020-12-01T19:00:00.000,I 285,I 285 and Northlake Pkwy,,Rear End,2,Clear,Dry,Dark-Lighted
2020-06-22T19:11:00.000,I 285,I 285 and Northlake Pkwy,,Angle Crash,2,Rain,Wet,Daylight
2020-02-04T17:00:00.000,I 285,I 285 and Northlake Pkwy,,Angle Crash,3,Cloudy,Dry,Daylight
2020-03-09T14:48:00.000,I 285,I 285 and Northlake Pkwy,,Rear End,2,Cloudy,Dry,Daylight
2020-03-05T04:51:00.000,I 285,I 285 and Northlake Pkwy,,Not a Collision with Motor Vehicle,1,Rain,Wet,Dark-Not Lighted
2020-02-15T13:12:00.000,I 285,I 285 and Northlake Pkwy,,Rear End,2,Clear,Dry,Daylight
2020-08-14T17:23:00.000,I 285,I 285 and Northlake Pkwy,,Rear End,2,Cloudy,Wet,Daylight
2020-02-13T06:50:00.000,I 285,I 285 and Northlake Pkwy,,Angle Crash,2,Rain,Wet,Dark-Not Lighted
2020-04-23T08:20:00.000,I 285,I 285 and Northlake Pkwy,,Not a Collision with Motor Vehicle,1,Rain,Wet,Daylight
2020-01-22T18:23:00.000,I 285,I 285 and Northlake Pkwy,,Angle Crash,2,Clear,Dry,Dark-Not Lighted
2020-04-23T08:10:00.000,I 285,I 285 and Northlake Pkwy,,Rear End,2,Cloudy,Wet,Daylight
2020-12-21T18:00:00.000,I 285,I 285 and Northlake Pkwy,,Rear End,2,Clear,Dry,Dark-Lighted
2020-12-16T18:48:00.000,I 285,I 285 and Northlake Pkwy,,Rear End,2,Clear,Dry,Dark-Lighted
2020-02-18T14:26:00.000,I 285,I 285 and Northlake Pkwy,,Sideswipe-Same Direction,2,Rain,Wet,Daylight
2020-06-05T12:15:00.000,I 285,I 285 and Northlake Pkwy,,Rear End,2,Rain,Wet,Daylight
2020-11-15T17:30:00.000,I 285,I 285 and Northlake Pkwy,,Sideswipe-Same Direction,2,Clear,Dry,Daylight
2020-02-06T04:40:00.000,I 285,I 285 and Northlake Pkwy,,Not a Collision with Motor Vehicle,1,Rain,Wet,Dark-Not Lighted
2020-02-20T13:25:00.000,I 285,I 285 and Northlake Pkwy,,Sideswipe-Same Direction,2,Rain,Wet,Daylight
2020-03-09T18:43:00.000,I 285,I 285 and Northlake Pkwy,,Angle Crash,2,Cloudy,Dry,Dusk
2020-09-24T17:28:00.000,I 285,I 285 and Northlake Pkwy,,Sideswipe-Same Direction,3,Rain,Wet,Daylight
2020-09-24T17:28:00.000,I 285,I 285 and Northlake Pkwy,,Sideswipe-Same Direction,3,Rain,Wet,Daylight
2020-03-02T09:43:00.000,I 285,I 285 and Northlake Pkwy,,Rear End,2,Cloudy,Dry,Daylight
2020-02-15T13:12:00.000,I 285,I 285 and Northlake Pkwy,,Rear End,2,Clear,Dry,Daylight
2020-11-05T23:25:00.000,I 285,I 285 and Northlake Pkwy,,Sideswipe-Same Direction,2,Clear,Dry,Dark-Not Lighted
2020-02-27T18:30:00.000,I 285,I 285 and Northlake Pkwy,,Sideswipe-Same Direction,2,Clear,Dry,Daylight
2020-03-24T12:05:00.000,I 285,I 285 and Northlake Pkwy,,Sideswipe-Same Direction,2,Cloudy,Wet,Daylight
2020-02-29T12:44:00.000,I 285,I 285 and Northlake Pkwy,,Rear End,2,Clear,Dry,Daylight
2020-04-20T02:08:00.000,I 285,I 285 and Northlake Pkwy,,Not a Collision with Motor Vehicle,1,Rain,Wet,Dark-Not Lighted
2020-09-29T07:15:00.000,I 285,I 285 and Northlake Pkwy,,Not a Collision with Motor Vehicle,1,Cloudy,Dry,Daylight
2020-05-25T19:02:00.000,I 285,I 285 and Northlake Pkwy,,Angle Crash,2,Rain,Water (standing or moving),Daylight
2020-10-30T16:12:00.000,I 285,I 285 and Northlake Pkwy,,Rear End,2,Clear,Dry,Daylight
2020-11-07T07:53:00.000,I 285,I 285 and Northlake Pkwy,,Angle Crash,2,Cloudy,Dry,Daylight
2020-07-15T22:22:00.000,I 285,I 285 and Northlake Pkwy,,Not a Collision with Motor Vehicle,1,Cloudy,Dry,Dark-Not Lighted
2020-10-10T22:45:00.000,I 285,I 285 and Northlake Pkwy,,Angle Crash,3,Rain,Wet,Dark-Not Lighted
2020-04-23T09:20:00.000,I 285,I 285 and Northlake Pkwy,,Angle Crash,3,Rain,Wet,Daylight
2020-12-19T13:21:00.000,I 285,I 285 and Northlake Pkwy,,Sideswipe-Same Direction,2,Clear,Dry,Daylight
2020-02-13T08:16:00.000,I 285,I 285 and Northlake Pkwy,,Angle Crash,2,Rain,Wet,Daylight
2020-04-19T19:51:00.000,I 285,I 285 and Northlake Pkwy,,Angle Crash,2,Rain,Wet,Dark-Not Lighted
2020-02-17T08:11:00.000,I 285,I 285 and Northlake Pkwy,,Rear End,2,Cloudy,Dry,Daylight
2020-05-18T13:30:00.000,I 285,I 285 and Northlake Pkwy,,Angle Crash,2,Cloudy,Wet,Daylight
2020-11-04T19:40:00.000,I 285,I 285 and Northlake Pkwy,,Angle Crash,2,Clear,Dry,Dark-Not Lighted
2020-12-09T16:00:00.000,I 285,I 285 and Northlake Pkwy,,Rear End,2,Clear,Dry,Daylight
2020-05-27T11:24:00.000,I 285,I 285 and Northlake Pkwy,,Sideswipe-Same Direction,2,Rain,Wet,Daylight
2020-02-06T08:23:00.000,I 285,I 285 and Northlake Pkwy,,Angle Crash,2,Rain,Wet,Daylight
2020-01-31T00:00:00.000,I 285,I 285 and Northlake Pkwy,,Rear End,2,Rain,Wet,Daylight
2020-10-21T16:00:00.000,I 285,I 285 and Northlake Pkwy,,Rear End,2,Clear,Dry,Daylight
2020-06-09T18:30:00.000,I 285,I 285 and Northlake Pkwy,,Rear End,2,Rain,Wet,Daylight
2020-01-24T15:20:00.000,I 285,I 285 and Northlake Pkwy,,Angle Crash,2,Cloudy,Wet,Daylight
2020-08-14T17:23:00.000,I 285,I 285 and Northlake Pkwy,,Rear End,4,Cloudy,Wet,Daylight
2020-10-21T16:00:00.000,I 285,I 285 and Northlake Pkwy,,Rear End,2,Clear,Dry,Dark-Lighted
2020-03-24T11:05:00.000,I 285,I 285 and Northlake Pkwy,,Sideswipe-Same Direction,2,Rain,Wet,Daylight
2020-02-06T09:00:00.000,I 285,I 285 and Northlake Pkwy,,Sideswipe-Same Direction,2,Rain,Wet,Dark-Lighted
2020-01-17T17:09:00.000,I 285,I 285 and Northlake Pkwy,,Not a Collision with Motor Vehicle,2,Clear,Dry,Daylight
2020-03-10T17:25:00.000,I 285,I 285 and Northlake Pkwy,,Angle Crash,2,Cloudy,Dry,Daylight
2020-03-16T13:31:00.000,I 285,I 285 and Northlake Pkwy,,Rear End,2,Cloudy,Dry,Daylight
2020-07-08T17:20:00.000,I 285,I 285 and Northlake Pkwy,,Rear End,2,Cloudy,Dry,Daylight
2020-02-28T09:43:00.000,I 285,I 285 and Northlake Pkwy,,Angle Crash,2,Clear,Dry,Daylight
2020-08-26T17:25:00.000,I 285,I 285 and Northlake Pkwy,,Angle Crash,2,Cloudy,Dry,Daylight
2020-07-24T04:46:00.000,I 285,I 285 and Northlake Pkwy,,Rear End,2,Clear,Dry,Dark-Not Lighted
2020-07-02T13:18:00.000,I 285,I 285 and Northlake Pkwy,,Rear End,2,Cloudy,Dry,Daylight
2021-04-29T17:16:00.000,I 285,I 285 and Northlake Pkwy,,Sideswipe-Same Direction,2,Clear,Dry,Daylight
2021-01-14T07:45:00.000,I 285,I 285 and Northlake Pkwy,,Rear End,2,Clear,Dry,Daylight
2021-01-01T10:02:00.000,I 285,I 285 and Northlake Pkwy,,Angle Crash,2,Cloudy,Wet,Daylight
2021-02-13T03:55:00.000,I 285,I 285 and Northlake Pkwy,,Angle Crash,4,Rain,Wet,Dark-Not Lighted
2021-02-05T06:55:00.000,I 285,I 285 and Northlake Pkwy,,Angle Crash,2,Rain,Wet,Dark-Not Lighted
2021-06-04T12:25:00.000,I 285,I 285 and Northlake Pkwy,,Sideswipe-Same Direction,2,Clear,Dry,Daylight
2021-03-14T13:45:00.000,I 285,I 285 and Northlake Pkwy,,Rear End,2,Clear,Dry,Daylight
2021-04-14T18:39:00.000,I 285,I 285 and Northlake Pkwy,,Rear End,2,Cloudy,Dry,Daylight
2021-03-27T08:37:00.000,I 285,I 285 and Northlake Pkwy,,Sideswipe-Same Direction,2,Clear,Dry,Daylight
2021-06-04T17:02:00.000,I 285,I 285 and Northlake Pkwy,,Angle Crash,2,Clear,Dry,Daylight
2021-06-15T16:35:00.000,I 285,I 285 and Northlake Pkwy,,Not a Collision with Motor Vehicle,2,Clear,Dry,Daylight
2021-06-19T13:52:00.000,I 285,I 285 and Northlake Pkwy,,Rear End,3,Rain,Wet,Daylight
2021-06-22T11:40:00.000,I 285,I 285 and Northlake Pkwy,,Rear End,2,Rain,Wet,Daylight
2021-01-03T10:00:00.000,I 285,I 285 and Northlake Pkwy,,Sideswipe-Opposite Direction,2,Clear,Dry,Daylight