Date and Time,Roadway (From Crash Report),Intersection Name (from Crash Report),KABCO Severity,Manner of Collision (Crash Level) ,# of Vehicles per crash ,Weather Conditions (Crash Level),Surface Condition (Crash Level) ,Light Conditions (Crash Level)
2021-06-20T13:43:00.000,I 285,I 285 and Northlake Pkwy,,Rear End,2,Rain,Wet,Daylight
2021-05-08T12:21:00.000,I 285,I 285 and Northlake Pkwy,,Rear End,2,Clear,Dry,Daylight
2021-01-26T09:11:00.000,I 285,I 285 and Northlake Pkwy,,Sideswipe-Same Direction,2,Clear,Wet,Daylight
2021-01-27T08:39:00.000,I 285,I 285 and Northlake Pkwy,,Rear End,3,Rain,Wet,Daylight
2021-06-10T17:25:00.000,I 285,I 285 and Northlake Pkwy,,Rear End,2,Clear,Dry,Daylight
2021-05-05T07:00:00.000,I 285,I 285 and Northlake Pkwy,,Rear End,2,Cloudy,Dry,Daylight
2021-03-04T01:41:00.000,I 285,I 285 and Northlake Pkwy,,Not a Collision with Motor Vehicle,1,Clear,Dry,Dark-Not Lighted
2021-04-03T17:50:00.000,I 285,I 285 and Northlake Pkwy,,Angle Crash,2,Clear,Dry,Daylight
2021-10-29T11:42:00.000,I 285,I 285 and Northlake Pkwy,,Rear End,2,Clear,Dry,Daylight
2021-09-23T14:28:00.000,I 285,I 285 and Northlake Pkwy,,Angle Crash,3,Clear,Dry,Daylight
2021-09-23T10:20:00.000,I 285,I 285 and Northlake Pkwy,,Rear End,2,Clear,Dry,Daylight
2021-07-21T21:35:00.000,I 285,I 285 and Northlake Pkwy,,Sideswipe-Same Direction,2,Rain,Wet,Dark-Not Lighted
2021-10-13T17:20:00.000,I 285,I 285 and Northlake Pkwy,,Sideswipe-Same Direction,2,Clear,Dry,Daylight
2021-12-27T15:00:00.000,I 285,I 285 and Northlake Pkwy,,Rear End,2,Clear,Dry,Daylight
2021-08-09T22:25:00.000,I 285,I 285 and Northlake Pkwy,,Sideswipe-Same Direction,2,Clear,Dry,Dark-Lighted
2021-11-27T19:22:00.000,I 285,I 285 and Northlake Pkwy,,Rear End,2,Clear,Dry,Dark-Lighted
2021-09-27T18:00:00.000,I 285,I 285 and Northlake Pkwy,,Rear End,3,Clear,Dry,Daylight
2021-10-21T01:00:00.000,I 285,I 285 and Northlake Pkwy,,Not a Collision with Motor Vehicle,1,Clear,Dry,Dark-Not Lighted
2021-11-22T19:50:00.000,I 285,I 285 and Northlake Pkwy,,Not a Collision with Motor Vehicle,2,Clear,Dry,Dark-Not Lighted
2021-09-27T17:53:00.000,I 285,I 285 and Northlake Pkwy,,Angle Crash,2,Clear,Dry,Daylight
2021-09-17T14:22:00.000,I 285,I 285 and Northlake Pkwy,,Rear End,2,Clear,Dry,Daylight
2021-07-23T15:57:00.000,I 285,I 285 and Northlake Pkwy,,Rear End,2,Cloudy,Dry,Daylight
2021-07-19T13:11:00.000,I 285,I 285 and Northlake Pkwy,,Rear End,2,Rain,Wet,Daylight
2021-09-16T08:05:00.000,I 285,I 285 and Northlake Pkwy,,Rear End,2,Rain,Wet,Daylight
2021-07-26T14:30:00.000,I 285,I 285 and Northlake Pkwy,,Rear End,2,Clear,Dry,Daylight
2021-11-19T09:40:00.000,I 285,I 285 and Northlake Pkwy,,Rear End,2,Clear,Dry,Daylight
2021-11-01T17:21:00.000,I 285,I 285 and Northlake Pkwy,,Rear End,2,Clear,Dry,Daylight
2021-11-09T12:54:00.000,I 285,I 285 and Northlake Pkwy,,Rear End,2,Clear,Dry,Daylight
2021-09-02T14:26:00.000,I 285,I 285 and Northlake Pkwy,,Rear End,2,Clear,Dry,Daylight
2021-10-23T15:45:00.000,I 285,I 285 and Northlake Pkwy,,Rear End,3,Clear,Dry,Daylight
2021-10-27T14:54:00.000,I 285,I 285 and Northlake Pkwy,,Rear End,4,Clear,Dry,Daylight
2021-09-25T05:51:00.000,I 285,I 285 and Northlake Pkwy,,Not a Collision with Motor Vehicle,1,Clear,Dry,Daylight
2022-02-23T09:44:00.000,I 285,I 285 and Northlake Pkwy,,Rear End,2,Rain,Wet,Daylight
2022-11-30T03:44:00.000,I 285,I 285 and Northlake Pkwy,,Not a Collision with Motor Vehicle,1,Rain,Water (standing or moving),Dark-Not Lighted
2022-05-17T09:55:00.000,I 285,I 285 and Northlake Pkwy,,Sideswipe-Same Direction,3,Clear,Dry,Daylight
2022-03-13T04:40:00.000,I 285,I 285 and Northlake Pkwy,,Angle Crash,2,Clear,Dry,Dark-Not Lighted
2022-04-15T14:30:00.000,I 285,I 285 and Northlake Pkwy,,Rear End,2,Clear,Dry,Daylight
2022-02-19T16:35:00.000,I 285,I 285 and Northlake Pkwy,,Sideswipe-Same Direction,2,Clear,Dry,Daylight
2022-02-17T22:20:00.000,I 285,I 285 and Northlake Pkwy,,Not a Collision with Motor Vehicle,1,Rain,Wet,Dark-Not Lighted
2022-10-12T19:26:00.000,I 285,I 285 and Northlake Pkwy,,Rear End,3,Cloudy,Wet,Dark-Lighted
2022-02-04T11:02:00.000,I 285,I 285 and Northlake Pkwy,,Sideswipe-Same Direction,2,Rain,Wet,Daylight
2021-07-31T14:00:00.000,I 285,I 285 and Northlake Pkwy,,Rear End,2,Clear,Dry,Daylight
2021-09-24T20:17:00.000,I 285,I 285 and Northlake Pkwy,,Rear End,2,Clear,Dry,Dark-Not Lighted
2021-12-01T22:30:00.000,I 285,I 285 and Northlake Pkwy,,Not a Collision with Motor Vehicle,1,Cloudy,Dry,Dark-Not Lighted
2021-11-06T17:55:00.000,I 285,I 285 and Northlake Pkwy,,Rear End,2,Clear,Dry,Daylight
2021-07-16T13:13:00.000,I 285,I 285 and Northlake Pkwy,,Angle Crash,2,Clear,Dry,Daylight
2021-09-14T18:01:00.000,I 285,I 285 and Northlake Pkwy,,Sideswipe-Same Direction,2,Clear,Dry,Daylight
2021-07-09T11:06:00.000,I 285,I 285 and Northlake Pkwy,,Rear End,2,Clear,Dry,Daylight
2021-10-21T13:40:00.000,I 285,I 285 and Northlake Pkwy,,Sideswipe-Same Direction,2,Clear,Dry,Daylight
2021-10-30T03:44:00.000,I 285,I 285 and Northlake Pkwy,,Rear End,2,Clear,Dry,Dark-Lighted
2021-07-21T13:20:00.000,I 285,I 285 and Northlake Pkwy,,Rear End,2,Clear,Dry,Daylight
2022-05-07T21:50:00.000,I 285,I 285 and Northlake Pkwy,,Rear End,2,Cloudy,Dry,Dark-Not Lighted
2022-04-02T14:09:00.000,I 285,I 285 and Northlake Pkwy,,Sideswipe-Same Direction,2,Clear,Dry,Daylight
2022-11-02T19:15:00.000,I 285,I 285 and Northlake Pkwy,,Rear End,3,Clear,Dry,Dark-Lighted
2022-09-08T06:59:00.000,I 285,I 285 and Northlake Pkwy,,Rear End,2,Clear,Dry,Dark-Not Lighted
2022-08-06T21:46:00.000,I 285,I 285 and Northlake Pkwy,,Angle Crash,2,Rain,Water (standing or moving),Dark-Not Lighted
2022-11-27T18:16:00.000,I 285,I 285 and Northlake Pkwy,,Sideswipe-Same Direction,2,Clear,Dry,Dusk
2022-02-17T19:49:00.000,I 285,I 285 and Northlake Pkwy,,Rear End,2,Cloudy,Dry,Dark-Not Lighted
2022-02-08T14:03:00.000,I 285,I 285 and Northlake Pkwy,,Rear End,2,Clear,Dry,Daylight
2022-04-16T06:30:00.000,I 285,I 285 and Northlake Pkwy,,Not a Collision with Motor Vehicle,2,Rain,Wet,Dark-Lighted
2022-09-08T08:32:00.000,I 285,I 285 and Northlake Pkwy,,Sideswipe-Same Direction,2,Clear,Dry,Daylight
2022-12-09T14:24:00.000,I 285,I 285 and Northlake Pkwy,,Angle Crash,2,Rain,Wet,Dark-Lighted
2022-07-01T16:45:00.000,I 285,I 285 and Northlake Pkwy,,Rear End,2,Clear,Dry,Daylight
2022-10-22T03:06:00.000,I 285,I 285 and Northlake Pkwy,,Not a Collision with Motor Vehicle,1,Clear,Dry,Dark-Not Lighted
2022-09-07T14:46:00.000,I 285,I 285 and Northlake Pkwy,,Rear End,3,Clear,Dry,Daylight
2022-11-18T16:00:00.000,I 285,I 285 and Northlake Pkwy,,Rear End,2,Cloudy,Dry,Daylight
2022-10-16T13:09:00.000,I 285,I 285 and Northlake Pkwy,,Rear End,3,Clear,Dry,Daylight
2022-09-02T18:00:00.000,I 285,I 285 and Northlake Pkwy,,Sideswipe-Same Direction,2,Rain,Wet,Daylight
2022-05-08T12:42:00.000,I 285,I 285 and Northlake Pkwy,,Sideswipe-Same Direction,2,Clear,Dry,Daylight
2022-04-10T18:08:00.000,I 285,I 285 and Northlake Pkwy,,Rear End,2,Clear,Dry,Daylight
2022-10-31T00:01:00.000,I 285,I 285 and Northlake Pkwy,,Sideswipe-Same Direction,2,Rain,Wet,Dark-Not Lighted
2022-02-23T20:30:00.000,I 285,I 285 and Northlake Pkwy,,Not a Collision with Motor Vehicle,1,Clear,Dry,Dark-Not Lighted
2022-06-16T14:25:00.000,I 285,I 285 and Northlake Pkwy,,Rear End,2,Clear,Dry,Daylight
2022-03-23T17:27:00.000,I 285,I 285 and Northlake Pkwy,,Rear End,2,Cloudy,Dry,Daylight
2022-11-15T15:05:00.000,I 285,I 285 and Northlake Pkwy,,Rear End,2,Rain,Wet,Daylight
2022-11-19T14:06:00.000,I 285,I 285 and Northlake Pkwy,,Angle Crash,2,Cloudy,Dry,Daylight
2022-12-17T01:05:00.000,I 285,I 285 and Northlake Pkwy,,Angle Crash,2,Clear,Dry,Dark-Not Lighted
2022-12-16T20:15:00.000,I 285,I 285 and Northlake Pkwy,,Rear End,2,Clear,Dry,Dark-Not Lighted
2022-10-11T07:59:00.000,I 285,I 285 and Northlake Pkwy,,Sideswipe-Same Direction,3,Cloudy,Dry,Daylight
2022-04-13T09:00:00.000,I 285,I 285 and Northlake Pkwy,,Angle Crash,2,Cloudy,Dry,Daylight
2022-11-04T16:44:00.000,I 285,I 285 and Northlake Pkwy,,Sideswipe-Same Direction,2,Clear,Dry,Daylight
2021-10-20T18:08:00.000,I 285,I 285 and Northlake Pkwy,,Rear End,2,Clear,Dry,Daylight
2021-09-28T09:55:00.000,I 285,I 285 and Northlake Pkwy,,Rear End,2,Clear,Dry,Daylight
2022-03-08T12:00:00.000,I 285,I 285 and Northlake Pkwy,,Rear End,2,Clear,Dry,Daylight
2022-08-17T21:31:00.000,I 285,I 285 and Northlake Pkwy,,Not a Collision with Motor Vehicle,1,Rain,Wet,Dark-Not Lighted
2022-02-26T15:27:00.000,I 285,I 285 and Northlake Pkwy,,Rear End,2,Clear,Dry,Daylight
2022-10-11T15:43:00.000,I 285,I 285 and Northlake Pkwy,,Sideswipe-Same Direction,2,Cloudy,Dry,Daylight
2022-02-17T16:08:00.000,I 285,I 285 and Northlake Pkwy,,Angle Crash,2,Cloudy,Dry,Daylight
2022-02-19T00:00:00.000,I 285,I 285 and Northlake Pkwy,,Rear End,3,Clear,Dry,Daylight
2022-08-01T22:58:00.000,I 285,I 285 and Northlake Pkwy,,Rear End,2,Clear,Dry,Dark-Not Lighted
2022-12-10T14:30:00.000,I 285,I 285 and Northlake Pkwy,,Sideswipe-Same Direction,3,Cloudy,Dry,Daylight
2022-06-19T23:00:00.000,I 285,I 285 and Northlake Pkwy,,Not a Collision with Motor Vehicle,1,Clear,Dry,Dark-Not Lighted
2022-01-13T14:25:00.000,I 285,I 285 and Northlake Pkwy,,Rear End,2,Clear,Dry,Daylight
2022-10-11T07:50:00.000,I 285,I 285 and Northlake Pkwy,,Rear End,2,Cloudy,Dry,Daylight
2022-10-19T14:27:00.000,I 285,I 285 and Northlake Pkwy,,Head On,2,Clear,Dry,Daylight
2022-01-15T02:30:00.000,I 285,I 285 and Northlake Pkwy,,Rear End,2,Clear,Dry,Dark-Lighted
2022-02-25T10:34:00.000,I 285,I 285 and Northlake Pkwy,,Rear End,3,Cloudy,Dry,Daylight
2022-11-15T05:15:00.000,I 285,I 285 and Northlake Pkwy,,Rear End,2,Rain,Wet,Dark-Not Lighted
2022-08-23T06:53:00.000,I 285,I 285 and Northlake Pkwy,,Rear End,2,Cloudy,Dry,Dawn
2022-07-09T15:25:00.000,I 285,I 285 and Northlake Pkwy,,Sideswipe-Same Direction,2,Clear,Dry,Daylight
2022-04-25T17:19:00.000,I 285,I 285 and Northlake Pkwy,,Sideswipe-Same Direction,2,Clear,Dry,Daylight
2022-04-15T18:24:00.000,I 285,I 285 and Northlake Pkwy,,Rear End,2,Clear,Dry,Daylight
2022-07-07T18:21:00.000,I 285,I 285 and Northlake Pkwy,,Rear End,3,Cloudy,Dry,Daylight
2022-04-20T18:45:00.000,I 285,I 285 and Northlake Pkwy,,Rear End,2,Cloudy,Dry,Daylight
2022-04-27T00:21:00.000,I 285,I 285 and Northlake Pkwy,,Not a Collision with Motor Vehicle,1,Clear,Dry,Dark-Not Lighted
2022-12-17T01:42:00.000,I 285,I 285 and Northlake Pkwy,,Rear End,2,Clear,Dry,Dark-Not Lighted
2022-03-29T21:38:00.000,I 285,I 285 and Northlake Pkwy,,Rear End,2,Cloudy,Dry,Dark-Not Lighted
2022-04-18T17:32:00.000,I 285,I 285 and Northlake Pkwy,,Rear End,3,Clear,Dry,Daylight
2022-11-30T03:25:00.000,I 285,I 285 and Northlake Pkwy,,Angle Crash,2,Severe Thunderstorm or Tornadic,Water (standing or moving),Dark-Not Lighted
2022-11-19T07:16:00.000,I 285,I 285 and Northlake Pkwy,,Sideswipe-Same Direction,2,Clear,Dry,Daylight
2022-08-17T16:00:00.000,I 285,I 285 and Northlake Pkwy,,Rear End,2,Clear,Dry,Daylight
2022-08-22T15:19:00.000,I 285,I 285 and Northlake Pkwy,,Rear End,2,Cloudy,Dry,Daylight
2022-04-13T09:01:00.000,I 285,I 285 and Northlake Pkwy,,Rear End,2,Cloudy,Dry,Daylight
2022-11-22T19:04:00.000,I 285,I 285 and Northlake Pkwy,,Rear End,2,Clear,Dry,Dark-Not Lighted
2022-10-13T05:00:00.000,I 285,I 285 and Northlake Pkwy,,Not a Collision with Motor Vehicle,1,Rain,Wet,Dark-Not Lighted
2022-04-26T12:01:00.000,I 285,I 285 and Northlake Pkwy,,Rear End,2,Rain,Wet,Daylight
2022-12-09T08:44:00.000,I 285,I 285 and Northlake Pkwy,,Rear End,2,Clear,Dry,Daylight
2022-02-16T00:14:00.000,I 285,I 285 and Northlake Pkwy,,Rear End,3,Clear,Dry,Dark-Lighted
2022-06-06T06:45:00.000,I 285,I 285 and Northlake Pkwy,,Rear End,2,Cloudy,Dry,Daylight
2022-12-17T15:10:00.000,I 285,I 285 and Northlake Pkwy,,Sideswipe-Same Direction,2,Clear,Dry,Daylight
2022-04-20T14:22:00.000,I 285,I 285 and Northlake Pkwy,,Rear End,2,Clear,Dry,Daylight
2022-11-11T08:06:00.000,I 285,I 285 and Northlake Pkwy,,Angle Crash,2,Cloudy,Wet,Daylight
2022-07-07T21:59:00.000,I 285,I 285 and Northlake Pkwy,,Not a Collision with Motor Vehicle,1,Clear,Dry,Dark-Not Lighted
2022-01-14T11:40:00.000,I 285,I 285 and Northlake Pkwy,,Sideswipe-Same Direction,2,Clear,Dry,Daylight
2022-11-01T12:20:00.000,I 285,I 285 and Northlake Pkwy,,Sideswipe-Same Direction,2,Clear,Dry,Daylight
2022-02-05T16:09:00.000,I 285,I 285 and Northlake Pkwy,,Rear End,2,Clear,Dry,Daylight
2022-09-13T15:50:00.000,I 285,I 285 and Northlake Pkwy,,Sideswipe-Same Direction,2,Clear,Dry,Daylight
2022-04-06T14:00:00.000,I 285,I 285 and Northlake Pkwy,,Rear End,2,Rain,Wet,Daylight
2022-02-13T18:48:00.000,I 285,I 285 and Northlake Pkwy,,Sideswipe-Same Direction,3,Clear,Dry,Daylight
2022-12-15T02:50:00.000,I 285,I 285 and Northlake Pkwy,,Not a Collision with Motor Vehicle,1,Rain,Water (standing or moving),Dark-Not Lighted
2022-07-12T13:25:00.000,I 285,I 285 and Northlake Pkwy,,Rear End,2,Clear,Dry,Daylight
2022-10-02T20:57:00.000,I 285,I 285 and Northlake Pkwy,,Rear End,2,Clear,Dry,Dark-Not Lighted
2022-08-13T10:35:00.000,I 285,I 285 and Northlake Pkwy,,Sideswipe-Same Direction,3,Cloudy,Dry,Daylight
2022-05-24T11:13:00.000,I 285,I 285 and Northlake Pkwy,,Rear End,2,Cloudy,Dry,Daylight
2022-11-21T18:00:00.000,I 285,I 285 and Northlake Pkwy,,Sideswipe-Same Direction,2,Clear,Dry,Dark-Lighted
2022-02-19T00:00:00.000,I 285,I 285 and Northlake Pkwy,,Rear End,3,Clear,Dry,Dark-Not Lighted
2022-08-29T10:00:00.000,I 285,I 285 and Northlake Pkwy,,Not a Collision with Motor Vehicle,1,Clear,Dry,Daylight
2022-04-13T12:51:00.000,I 285,I 285 and Northlake Pkwy,,Rear End,2,Clear,Dry,Daylight
2022-04-23T13:09:00.000,I 285,I 285 and Northlake Pkwy,,Sideswipe-Same Direction,2,Clear,Dry,Daylight
2022-03-04T12:00:00.000,I 285,I 285 and Northlake Pkwy,,Sideswipe-Same Direction,2,Clear,Dry,Daylight
2022-01-18T18:00:00.000,I 285,I 285 and Northlake Pkwy,,Angle Crash,2,Clear,Dry,Dark-Not Lighted
2022-10-27T19:42:00.000,I 285,I 285 and Northlake Pkwy,,Rear End,2,Clear,Dry,Dark-Lighted
2022-08-10T06:17:00.000,I 285,I 285 and Northlake Pkwy,,Angle Crash,2,Clear,Dry,Dark-Not Lighted
2022-11-03T10:40:00.000,I 285,I 285 and Northlake Pkwy,,Angle Crash,2,Clear,Dry,Daylight
2022-06-02T18:55:00.000,I 285,I 285 and Northlake Pkwy,,Rear End,2,Clear,Dry,Daylight
2022-01-04T15:38:00.000,I 285,I 285 and Northlake Pkwy,,Angle Crash,2,Clear,Dry,Daylight
2022-09-13T18:57:00.000,I 285,I 285 and Northlake Pkwy,,Angle Crash,2,Clear,Dry,Daylight
2022-08-31T15:45:00.000,I 285,I 285 and Northlake Pkwy,,Sideswipe-Same Direction,2,Clear,Dry,Daylight
2022-05-11T08:30:00.000,I 285,I 285 and Northlake Pkwy,,Angle Crash,2,Clear,Dry,Daylight
2022-08-01T14:00:00.000,I 285,I 285 and Northlake Pkwy,,Rear End,2,Clear,Dry,Daylight
2022-05-16T08:42:00.000,I 285,I 285 and Northlake Pkwy,,Rear End,2,Clear,Dry,Daylight
2022-05-10T08:10:00.000,I 285,I 285 and Northlake Pkwy,,Angle Crash,2,Clear,Dry,Daylight
2022-04-03T14:30:00.000,I 285,I 285 and Northlake Pkwy,,Rear End,3,Clear,Dry,Daylight
2022-11-17T08:20:00.000,I 285,I 285 and Northlake Pkwy,,Sideswipe-Same Direction,2,Clear,Dry,Daylight
2022-11-19T20:21:00.000,I 285,I 285 and Northlake Pkwy,,Sideswipe-Same Direction,2,Clear,Dry,Dark-Lighted
2022-02-26T14:31:00.000,I 285,I 285 and Northlake Pkwy,,Sideswipe-Same Direction,2,Clear,Dry,Daylight
2023-06-24T14:08:00.000,I 285,I 285 and Northlake Pkwy,,Sideswipe-Same Direction,2,Clear,Dry,Daylight
2023-01-27T16:05:00.000,I 285,I 285 and Northlake Pkwy,,Rear End,2,Clear,Dry,Daylight
2023-09-06T08:00:00.000,I 285,I 285 and Northlake Pkwy,,Rear End,2,Cloudy,Dry,Daylight
2023-02-11T17:20:00.000,I 285,I 285 and Northlake Pkwy,,Rear End,2,Rain,Wet,Dusk
2023-06-01T18:52:00.000,I 285,I 285 and Northlake Pkwy,,Angle Crash,2,Clear,Dry,Daylight
2023-11-28T19:14:00.000,I 285,I 285 and Northlake Pkwy,,Rear End,2,Clear,Dry,Dark-Not Lighted
2023-05-25T16:00:00.000,I 285,I 285 and Northlake Pkwy,,Rear End,2,Clear,Dry,Daylight
2023-08-15T18:02:00.000,I 285,I 285 and Northlake Pkwy,,Angle Crash,3,Cloudy,Dry,Daylight
2024-07-09T08:10:00.000,I 285,I 285 and Northlake Pkwy,,Sideswipe-Same Direction,2,Cloudy,Dry,Daylight
2024-02-21T19:17:00.000,I 285,I 285 and Northlake Pkwy,,Rear End,3,Clear,Dry,Dark-Not Lighted
2024-10-15T19:25:00.000,I 285,I 285 and Northlake Pkwy,,Rear End,2,Clear,Dry,Dark-Lighted
2024-09-25T15:14:00.000,I 285,I 285 and Northlake Pkwy,,Sideswipe-Same Direction,2,Rain,Wet,Daylight
2024-10-02T16:34:00.000,I 285,I 285 and Northlake Pkwy,,Rear End,2,Clear,Dry,Daylight
2024-12-02T12:12:00.000,I 285,I 285 and Northlake Pkwy,,Rear End,2,Clear,Dry,Daylight
2024-11-16T14:13:00.000,I 285,I 285 and Northlake Pkwy,,Rear End,3,Clear,Dry,Daylight
2024-02-20T18:59:00.000,I 285,I 285 and Northlake Pkwy,,Rear End,2,Clear,Dry,Dark-Not Lighted
2024-01-02T13:06:00.000,I 285,I 285 and Northlake Pkwy,,Rear End,2,Clear,Dry,Daylight
2024-03-06T03:20:00.000,I 285,I 285 and Northlake Pkwy,,Sideswipe-Same Direction,2,Rain,Water (standing or moving),Dark-Not Lighted
2024-12-03T18:30:00.000,I 285,I 285 and Northlake Pkwy,,Sideswipe-Same Direction,2,Clear,Dry,Dark-Not Lighted
2024-04-21T13:44:00.000,I 285,I 285 and Northlake Pkwy,,Rear End,2,Rain,Wet,Daylight
2024-02-22T16:32:00.000,I 285,I 285 and Northlake Pkwy,,Rear End,2,Cloudy,Dry,Daylight
2024-08-11T18:15:00.000,I 285,I 285 and Northlake Pkwy,,Sideswipe-Same Direction,2,Clear,Dry,Daylight
2024-11-26T00:00:00.000,I 285,I 285 and Northlake Pkwy,,Not a Collision with Motor Vehicle,1,Rain,Wet,Dark-Not Lighted
2024-11-20T05:05:00.000,I 285,I 285 and Northlake Pkwy,,Not a Collision with Motor Vehicle,1,Rain,Water (standing or moving),Dark-Not Lighted
2024-07-05T13:49:00.000,I 285,I 285 and Northlake Pkwy,,Rear End,2,Cloudy,Dry,Daylight
2024-05-14T07:20:00.000,I 285,I 285 and Northlake Pkwy,,Rear End,2,Rain,Wet,Daylight
2024-02-25T15:17:00.000,I 285,I 285 and Northlake Pkwy,,Rear End,2,Clear,Dry,Daylight
2024-03-30T13:46:00.000,I 285,I 285 and Northlake Pkwy,,Rear End,2,Clear,Dry,Daylight
2024-10-06T14:20:00.000,I 285,I 285 and Northlake Pkwy,,Rear End,2,Clear,Dry,Daylight
2024-07-30T09:30:00.000,I 285,I 285 and Northlake Pkwy,,Sideswipe-Same Direction,2,Clear,Dry,Daylight
2024-09-07T00:00:00.000,I 285,I 285 and Northlake Pkwy,,Angle Crash,2,Clear,Dry,Daylight
2024-11-24T17:11:00.000,I 285,I 285 and Northlake Pkwy,,Not a Collision with Motor Vehicle,2,Clear,Dry,Daylight
2024-01-25T10:00:00.000,I 285,I 285 and Northlake Pkwy,,Sideswipe-Same Direction,2,Rain,Wet,Daylight
2024-07-20T18:23:00.000,I 285,I 285 and Northlake Pkwy,,Angle Crash,2,Cloudy,Dry,Daylight
2024-08-02T16:45:00.000,I 285,I 285 and Northlake Pkwy,,Sideswipe-Same Direction,2,Clear,Dry,Daylight
2023-10-12T01:05:00.000,I 285,I 285 and Northlake Pkwy,,Rear End,2,Severe Thunderstorm or Tornadic,Water (standing or moving),Dark-Not Lighted
2023-05-26T14:09:00.000,I 285,I 285 and Northlake Pkwy,,Rear End,4,Clear,Dry,Daylight
2023-04-04T14:30:00.000,I 285,I 285 and Northlake Pkwy,,Rear End,2,Clear,Dry,Daylight
2023-08-10T00:00:00.000,I 285,I 285 and Northlake Pkwy,,Rear End,2,Clear,Dry,Daylight
2023-11-03T12:15:00.000,I 285,I 285 and Northlake Pkwy,,Rear End,2,Clear,Dry,Daylight
2023-09-25T17:13:00.000,I 285,I 285 and Northlake Pkwy,,Rear End,2,Cloudy,Dry,Daylight
2024-01-10T12:47:00.000,I 285,I 285 and Northlake Pkwy,,Sideswipe-Same Direction,2,Clear,Dry,Daylight
2024-09-06T21:07:00.000,I 285,I 285 and Northlake Pkwy,,Angle Crash,2,Cloudy,Dry,Dark-Not Lighted
2024-01-25T05:32:00.000,I 285,I 285 and Northlake Pkwy,,Angle Crash,4,Rain,Wet,Dark-Lighted
2024-03-16T15:13:00.000,I 285,I 285 and Northlake Pkwy,,Rear End,2,Clear,Dry,Daylight
2024-04-11T01:40:00.000,I 285,I 285 and Northlake Pkwy,,Not a Collision with Motor Vehicle,1,Cloudy,Wet,Dark-Not Lighted
2023-03-17T10:46:00.000,I 285,I 285 and Northlake Pkwy,,Rear End,2,Cloudy,Wet,Daylight
2023-10-27T19:05:00.000,I 285,I 285 and Northlake Pkwy,,Rear End,2,Clear,Dry,Dark-Lighted
2023-10-13T11:50:00.000,I 285,I 285 and Northlake Pkwy,,Rear End,2,Cloudy,Dry,Daylight
2023-04-06T22:34:00.000,I 285,I 285 and Northlake Pkwy,,Sideswipe-Same Direction,4,Clear,Dry,Dark-Lighted
2023-05-27T16:20:00.000,I 285,I 285 and Northlake Pkwy,,Rear End,2,Clear,Dry,Daylight
2023-11-05T17:50:00.000,I 285,I 285 and Northlake Pkwy,,Rear End,5,Clear,Dry,Dark-Not Lighted
2023-01-30T06:08:00.000,I 285,I 285 and Northlake Pkwy,,Not a Collision with Motor Vehicle,1,Rain,Wet,Dark-Lighted
2023-09-22T16:02:00.000,I 285,I 285 and Northlake Pkwy,,Angle Crash,2,Clear,Dry,Daylight
2023-01-22T09:30:00.000,I 285,I 285 and Northlake Pkwy,,Rear End,2,Rain,Wet,Daylight
2023-03-24T17:00:00.000,I 285,I 285 and Northlake Pkwy,,Rear End,2,Clear,Dry,Daylight
2023-08-17T16:00:00.000,I 285,I 285 and Northlake Pkwy,,Sideswipe-Same Direction,2,Clear,Dry,Daylight
2023-07-26T17:52:00.000,I 285,I 285 and Northlake Pkwy,,Rear End,2,Clear,Dry,Daylight
2023-06-06T09:33:00.000,I 285,I 285 and Northlake Pkwy,,Rear End,2,Clear,Dry,Daylight
2023-12-30T17:00:00.000,I 285,I 285 and Northlake Pkwy,,Sideswipe-Same Direction,2,Clear,Dry,Dark-Lighted
2023-04-24T13:50:00.000,I 285,I 285 and Northlake Pkwy,,Sideswipe-Same Direction,2,Clear,Dry,Daylight
2023-04-14T15:50:00.000,I 285,I 285 and Northlake Pkwy,,Rear End,2,Clear,Dry,Daylight
2023-02-20T15:10:00.000,I 285,I 285 and Northlake Pkwy,,Sideswipe-Same Direction,2,Clear,Dry,Daylight
2023-12-11T18:01:00.000,I 285,I 285 and Northlake Pkwy,,Rear End,2,Clear,Dry,Dark-Not Lighted
2023-12-23T01:56:00.000,I 285,I 285 and Northlake Pkwy,,Rear End,2,Clear,Dry,Dark-Not Lighted
2023-06-12T06:55:00.000,I 285,I 285 and Northlake Pkwy,,Rear End,2,Clear,Dry,Daylight
2023-05-21T14:04:00.000,I 285,I 285 and Northlake Pkwy,,Rear End,2,Cloudy,Dry,Daylight
2023-04-07T10:56:00.000,I 285,I 285 and Northlake Pkwy,,Sideswipe-Same Direction,3,Cloudy,Dry,Daylight
2023-03-17T18:00:00.000,I 285,I 285 and Northlake Pkwy,,Rear End,2,Rain,Wet,Daylight
2023-07-04T10:35:00.000,I 285,I 285 and Northlake Pkwy,,Not a Collision with Motor Vehicle,1,Rain,Wet,Daylight