Date and Time,Roadway (From Crash Report),Intersection Name (from Crash Report),KABCO Severity,Manner of Collision (Crash Level) ,# of Vehicles per crash ,Weather Conditions (Crash Level),Surface Condition (Crash Level) ,Light Conditions (Crash Level)
2023-03-26T10:18:00.000,I 285,I 285 and Northlake Pkwy,,Rear End,2,Rain,Wet,Daylight
2023-11-27T07:00:00.000,I 285,I 285 and Northlake Pkwy,,Rear End,2,Clear,Dry,Dawn
2023-12-10T06:35:00.000,I 285,I 285 and Northlake Pkwy,,Not a Collision with Motor Vehicle,1,Rain,Wet,Dark-Not Lighted
2023-12-12T18:00:00.000,I 285,I 285 and Northlake Pkwy,,Rear End,4,Clear,Dry,Dark-Not Lighted
2023-03-29T16:12:00.000,I 285,I 285 and Northlake Pkwy,,Angle Crash,2,Cloudy,Dry,Daylight
2023-03-11T15:30:00.000,I 285,I 285 and Northlake Pkwy,,Rear End,2,Clear,Dry,Daylight
2023-09-15T19:00:00.000,I 285,I 285 and Northlake Pkwy,,Rear End,2,Cloudy,Dry,Daylight
2023-08-18T10:23:00.000,I 285,I 285 and Northlake Pkwy,,Rear End,2,Clear,Dry,Daylight
2023-11-12T02:00:00.000,I 285,I 285 and Northlake Pkwy,,Sideswipe-Same Direction,2,Rain,Wet,Dark-Not Lighted
2023-12-10T05:45:00.000,I 285,I 285 and Northlake Pkwy,,Sideswipe-Same Direction,2,Rain,Water (standing or moving),Dark-Not Lighted
2023-11-29T16:08:00.000,I 285,I 285 and Northlake Pkwy,,Sideswipe-Same Direction,2,Clear,Dry,Daylight
2023-09-15T18:16:00.000,I 285,I 285 and Northlake Pkwy,,Sideswipe-Same Direction,2,Clear,Dry,Daylight
2023-10-05T13:14:00.000,I 285,I 285 and Northlake Pkwy,,Rear End,2,Clear,Dry,Daylight
2023-07-13T19:30:00.000,I 285,I 285 and Northlake Pkwy,,Rear End,2,Rain,Wet,Daylight
2023-04-18T12:52:00.000,I 285,I 285 and Northlake Pkwy,,Rear End,2,Clear,Dry,Daylight
2023-10-24T07:45:00.000,I 285,I 285 and Northlake Pkwy,,Sideswipe-Same Direction,2,Cloudy,Dry,Daylight
2023-05-09T13:25:00.000,I 285,I 285 and Northlake Pkwy,,Angle Crash,2,Clear,Dry,Daylight
2023-12-20T19:30:00.000,I 285,I 285 and Northlake Pkwy,,Sideswipe-Same Direction,2,Clear,Dry,Daylight
2023-02-24T08:55:00.000,I 285,I 285 and Northlake Pkwy,,Not a Collision with Motor Vehicle,2,Cloudy,Dry,Daylight
2023-02-15T19:01:00.000,I 285,I 285 and Northlake Pkwy,,Rear End,2,Cloudy,Dry,Dark-Not Lighted
2023-02-27T08:40:00.000,I 285,I 285 and Northlake Pkwy,,Sideswipe-Same Direction,2,Clear,Dry,Daylight
2023-06-17T17:33:00.000,I 285,I 285 and Northlake Pkwy,,Sideswipe-Same Direction,2,Clear,Dry,Daylight
2023-07-21T17:58:00.000,I 285,I 285 and Northlake Pkwy,,Rear End,2,Clear,Dry,Daylight
2023-07-26T18:00:00.000,I 285,I 285 and Northlake Pkwy,,Rear End,2,Clear,Dry,Daylight
2023-03-03T15:30:00.000,I 285,I 285 and Northlake Pkwy,,Sideswipe-Same Direction,2,Rain,Wet,Daylight
2023-11-16T14:50:00.000,I 285,I 285 and Northlake Pkwy,,Angle Crash,2,Clear,Dry,Daylight
2023-07-17T19:35:00.000,I 285,I 285 and Northlake Pkwy,,Angle Crash,2,Cloudy,Dry,Daylight
2023-01-22T08:40:00.000,I 285,I 285 and Northlake Pkwy,,Not a Collision with Motor Vehicle,1,Rain,Wet,Dark-Lighted
2024-11-05T15:30:00.000,I 285,I 285 and Northlake Pkwy,,Sideswipe-Same Direction,2,Clear,Dry,Daylight
2024-09-11T17:21:00.000,I 285,I 285 and Northlake Pkwy,,Not a Collision with Motor Vehicle,2,Cloudy,Dry,Daylight
2024-09-22T19:06:00.000,I 285,I 285 and Northlake Pkwy,,Angle Crash,3,Cloudy,Dry,Daylight
2024-11-21T18:55:00.000,I 285,I 285 and Northlake Pkwy,,Angle Crash,2,Clear,Dry,Daylight
2024-06-08T09:20:00.000,I 285,I 285 and Northlake Pkwy,,Rear End,2,Clear,Dry,Daylight
2024-05-30T17:38:00.000,I 285,I 285 and Northlake Pkwy,,Rear End,2,Clear,Dry,Daylight
2024-06-14T14:39:00.000,I 285,I 285 and Northlake Pkwy,,Sideswipe-Same Direction,2,Clear,Dry,Daylight
2024-01-10T13:00:00.000,I 285,I 285 and Northlake Pkwy,,Rear End,3,Clear,Dry,Daylight
2024-12-07T22:12:00.000,I 285,I 285 and Northlake Pkwy,,Angle Crash,2,Clear,Dry,Dark-Not Lighted
2024-03-23T13:25:00.000,I 285,I 285 and Northlake Pkwy,,Rear End,3,Clear,Dry,Daylight
2024-02-23T15:54:00.000,I 285,I 285 and Northlake Pkwy,,Rear End,2,Clear,Dry,Daylight
2024-01-11T18:01:00.000,I 285,I 285 and Northlake Pkwy,,Rear End,2,Cloudy,Dry,Dark-Lighted
2024-08-20T19:00:00.000,I 285,I 285 and Northlake Pkwy,,Rear End,3,Clear,Dry,Daylight
2024-12-17T00:52:00.000,I 285,I 285 and Northlake Pkwy,,Angle Crash,2,Clear,Dry,Dark-Not Lighted
2024-12-11T10:55:00.000,I 285,I 285 and Northlake Pkwy,,Not a Collision with Motor Vehicle,1,Clear,Dry,Daylight
2024-06-08T10:35:00.000,I 285,I 285 and Northlake Pkwy,,Rear End,2,Clear,Dry,Daylight
2024-01-09T07:50:00.000,I 285,I 285 and Northlake Pkwy,,Rear End,2,Rain,Water (standing or moving),Daylight
2024-02-24T08:07:00.000,I 285,I 285 and Northlake Pkwy,,Rear End,2,Clear,Dry,Daylight
2024-06-02T22:14:00.000,I 285,I 285 and Northlake Pkwy,,Sideswipe-Same Direction,2,Rain,Wet,Dark-Not Lighted
2024-08-20T19:30:00.000,I 285,I 285 and Northlake Pkwy,,Sideswipe-Same Direction,3,Clear,Dry,Dark-Lighted
2024-12-10T23:00:00.000,I 285,I 285 and Northlake Pkwy,,Sideswipe-Same Direction,2,Rain,Wet,Dark-Not Lighted
2024-09-27T03:00:00.000,I 285,I 285 and Northlake Pkwy,,Not a Collision with Motor Vehicle,1,Rain,Water (standing or moving),Dark-Not Lighted
2024-12-06T15:00:00.000,I 285,I 285 and Northlake Pkwy,,Rear End,3,Clear,Dry,Daylight
2024-09-24T19:30:00.000,I 285,I 285 and Northlake Pkwy,,Sideswipe-Same Direction,2,Clear,Dry,Dark-Not Lighted
2024-06-23T09:35:00.000,I 285,I 285 and Northlake Pkwy,,Rear End,3,Clear,Dry,Daylight
2024-03-02T14:26:00.000,I 285,I 285 and Northlake Pkwy,,Rear End,2,Cloudy,Dry,Daylight
2024-02-08T13:01:00.000,I 285,I 285 and Northlake Pkwy,,Rear End,2,Cloudy,Dry,Daylight
2024-01-05T15:20:00.000,I 285,I 285 and Northlake Pkwy,,Rear End,2,Clear,Dry,Daylight
2024-11-06T18:35:00.000,I 285,I 285 and Northlake Pkwy,,Sideswipe-Same Direction,2,Cloudy,Dry,Dark-Not Lighted
2024-10-04T13:56:00.000,I 285,I 285 and Northlake Pkwy,,Rear End,2,Cloudy,Dry,Daylight
2024-04-23T10:10:00.000,I 285,I 285 and Northlake Pkwy,,Angle Crash,2,Clear,Dry,Daylight
2024-06-23T02:00:00.000,I 285,I 285 and Northlake Pkwy,,Not a Collision with Motor Vehicle,1,Clear,Dry,Dark-Not Lighted
2024-08-20T15:35:00.000,I 285,I 285 and Northlake Pkwy,,Rear End,2,Clear,Dry,Daylight
2024-12-13T18:42:00.000,I 285,I 285 and Northlake Pkwy,,Rear End,2,Clear,Dry,Dark-Not Lighted
2024-11-20T07:22:00.000,I 285,I 285 and Northlake Pkwy,,Sideswipe-Same Direction,2,Rain,Wet,Daylight
2024-07-17T18:00:00.000,I 285,I 285 and Northlake Pkwy,,Rear End,2,Cloudy,Dry,Daylight
2024-11-30T12:52:00.000,I 285,I 285 and Northlake Pkwy,,Rear End,2,Clear,Dry,Daylight
2024-11-15T12:43:00.000,I 285,I 285 and Northlake Pkwy,,Rear End,2,Clear,Dry,Daylight
2024-11-26T04:30:00.000,I 285,I 285 and Northlake Pkwy,,Not a Collision with Motor Vehicle,1,Rain,Wet,Dark-Lighted
2024-11-20T05:03:00.000,I 285,I 285 and Northlake Pkwy,,Sideswipe-Same Direction,2,Rain,Wet,Dark-Not Lighted
2024-08-24T16:30:00.000,I 285,I 285 and Northlake Pkwy,,Sideswipe-Same Direction,2,Clear,Dry,Daylight
2024-11-12T19:39:00.000,I 285,I 285 and Northlake Pkwy,,Rear End,3,Cloudy,Dry,Dark-Not Lighted
2024-12-23T14:55:00.000,I 285,I 285 and Northlake Pkwy,,Rear End,2,Clear,Dry,Daylight
2024-03-08T13:14:00.000,I 285,I 285 and Northlake Pkwy,,Rear End,2,Cloudy,Dry,Daylight
2024-06-25T18:55:00.000,I 285,I 285 and Northlake Pkwy,,Not a Collision with Motor Vehicle,1,Clear,Dry,Daylight
2024-01-25T04:10:00.000,I 285,I 285 and Northlake Pkwy,,Rear End,2,Rain,Water (standing or moving),Dark-Not Lighted
2024-09-07T16:30:00.000,I 285,I 285 and Northlake Pkwy,,Rear End,2,Clear,Dry,Daylight
2024-09-21T20:46:00.000,I 285,I 285 and Northlake Pkwy,,Rear End,2,Clear,Dry,Daylight
2024-07-19T12:39:00.000,I 285,I 285 and Northlake Pkwy,,Rear End,2,Cloudy,Dry,Daylight
2024-12-17T05:25:00.000,I 285,I 285 and Northlake Pkwy,,Sideswipe-Same Direction,2,Clear,Dry,Dark-Not Lighted
2024-07-23T20:45:00.000,I 285,I 285 and Northlake Pkwy,,Rear End,2,Severe Thunderstorm or Tornadic,Water (standing or moving),Dark-Not Lighted
2024-02-21T19:45:00.000,I 285,I 285 and Northlake Pkwy,,Sideswipe-Same Direction,2,Clear,Dry,Dark-Not Lighted
2024-11-04T12:41:00.000,I 285,I 285 and Northlake Pkwy,,Rear End,3,Clear,Dry,Daylight
2024-04-17T18:40:00.000,I 285,I 285 and Northlake Pkwy,,Rear End,2,Cloudy,Dry,Daylight
2024-09-07T16:00:00.000,I 285,I 285 and Northlake Pkwy,,Rear End,2,Clear,Dry,Daylight
2024-07-16T18:00:00.000,I 285,I 285 and Northlake Pkwy,,Rear End,2,Clear,Dry,Daylight
2024-12-03T16:00:00.000,I 285,I 285 and Northlake Pkwy,,Angle Crash,2,Clear,Dry,Daylight
2024-05-18T22:27:00.000,I 285,I 285 and Northlake Pkwy,,Not a Collision with Motor Vehicle,2,Rain,Wet,Dark-Not Lighted
2024-04-13T16:02:00.000,I 285,I 285 and Northlake Pkwy,,Rear End,2,Clear,Dry,Daylight
2024-01-09T02:01:00.000,I 285,I 285 and Northlake Pkwy,,Sideswipe-Same Direction,3,Rain,Wet,Dark-Not Lighted
2024-12-18T14:31:00.000,I 285,I 285 and Northlake Pkwy,,Rear End,2,Cloudy,Dry,Daylight
2024-02-15T13:30:00.000,I 285,I 285 and Northlake Pkwy,,Rear End,2,Clear,Dry,Daylight
2024-10-09T11:35:00.000,I 285,I 285 and Northlake Pkwy,,Rear End,3,Clear,Dry,Daylight
2024-09-07T13:52:00.000,I 285,I 285 and Northlake Pkwy,,Rear End,2,Clear,Dry,Daylight
2024-12-10T23:38:00.000,I 285,I 285 and Northlake Pkwy,,Not a Collision with Motor Vehicle,1,Rain,Wet,Dark-Not Lighted
2024-01-25T04:20:00.000,I 285,I 285 and Northlake Pkwy,,Not a Collision with Motor Vehicle,1,Rain,Wet,Dark-Not Lighted
2024-11-22T10:33:00.000,I 285,I 285 and Northlake Pkwy,,Sideswipe-Same Direction,2,Clear,Dry,Daylight
2024-10-07T14:59:00.000,I 285,I 285 and Northlake Pkwy,,Not a Collision with Motor Vehicle,1,Clear,Dry,Daylight
2024-04-19T08:45:00.000,I 285,I 285 and Northlake Pkwy,,Sideswipe-Same Direction,2,Clear,Wet,Daylight
2024-11-16T15:33:00.000,I 285,I 285 and Northlake Pkwy,,Rear End,2,Clear,Dry,Daylight
2024-12-14T19:33:00.000,I 285,I 285 and Northlake Pkwy,,Rear End,2,Clear,Dry,Dark-Not Lighted
2024-03-24T13:48:00.000,I 285,I 285 and Northlake Pkwy,,Rear End,2,Clear,Dry,Daylight
2024-12-13T18:00:00.000,I 285,I 285 and Northlake Pkwy,,Rear End,2,Clear,Dry,Dark-Not Lighted
2024-11-30T18:39:00.000,I 285,I 285 and Northlake Pkwy,,Rear End,2,Clear,Dry,Dark-Not Lighted
2024-07-03T13:56:00.000,I 285,I 285 and Northlake Pkwy,,Rear End,2,Clear,Dry,Daylight
2024-07-04T21:16:00.000,I 285,I 285 and Northlake Pkwy,,Angle Crash,2,Rain,Wet,Dark-Not Lighted
2024-04-30T07:50:00.000,I 285,I 285 and Northlake Pkwy,,Sideswipe-Same Direction,2,Cloudy,Wet,Daylight
2024-06-28T16:31:00.000,I 285,I 285 and Northlake Pkwy,,Sideswipe-Same Direction,2,Clear,Dry,Dawn
2024-03-10T14:54:00.000,I 285,I 285 and Northlake Pkwy,,Rear End,4,Clear,Dry,Daylight
2024-07-18T17:34:00.000,I 285,I 285 and Northlake Pkwy,,Sideswipe-Same Direction,2,Cloudy,Wet,Daylight
2024-10-05T18:45:00.000,I 285,I 285 and Northlake Pkwy,,Head On,2,Clear,Dry,Daylight
2024-01-06T01:00:00.000,I 285,I 285 and Northlake Pkwy,,Not a Collision with Motor Vehicle,1,Rain,Wet,Dark-Not Lighted
2024-12-17T05:25:00.000,I 285,I 285 and Northlake Pkwy,,Sideswipe-Same Direction,3,Clear,Dry,Dark-Not Lighted
2024-10-24T17:15:00.000,I 285,I 285 and Northlake Parkway Entry Rp,,Angle Crash,2,Clear,Dry,Daylight
2021-01-31T06:33:00.000,I 285,I 285 and Northlake Center Dr,,Sideswipe-Same Direction,2,Rain,Wet,Dark-Not Lighted
2021-04-24T21:15:00.000,I 285,I 285 and Northlake Center Dr,,Not a Collision with Motor Vehicle,1,Rain,Wet,Dark-Lighted
2021-05-28T21:00:00.000,I 285,I 285 and Northlake Center Dr,,Angle Crash,2,Rain,Wet,Dark-Lighted
2020-11-30T00:00:00.000,I 285,I 285 and Northlake Center Dr,,Not a Collision with Motor Vehicle,1,Rain,Wet,Dark-Lighted
2020-01-24T01:00:00.000,I 285,I 285 and Northlake Center Dr,,Not a Collision with Motor Vehicle,1,Rain,Water (standing or moving),Dark-Lighted
2020-12-10T18:10:00.000,I 285,I 285 and Northlake Center Dr,,Sideswipe-Same Direction,2,Clear,Dry,Daylight
2020-07-26T04:00:00.000,I 285,I 285 and Northlake Center Dr,,Rear End,2,Clear,Dry,Dark-Lighted
2020-12-18T14:51:00.000,I 285,I 285 and Northlake Center Dr,,Sideswipe-Same Direction,3,Clear,Dry,Daylight
2020-03-11T07:36:00.000,I 285,I 285 and Northlake Center Dr,,Rear End,3,Cloudy,Dry,Dark-Not Lighted
2020-02-06T04:34:00.000,I 285,I 285 and Northlake Center Dr,,Not a Collision with Motor Vehicle,1,Rain,Water (standing or moving),Dark-Lighted
2021-09-23T13:00:00.000,I 285,I 285 and Northlake Center Dr,,Sideswipe-Same Direction,2,Clear,Dry,Daylight
2022-01-28T17:03:00.000,I 285,I 285 and Northlake Center Dr,,Rear End,2,Clear,Dry,Dusk
2022-03-03T15:15:00.000,I 285,I 285 and Northlake Center Dr,,Rear End,4,Clear,Dry,Daylight
2022-11-17T20:03:00.000,I 285,I 285 and Northlake Center Dr,,Sideswipe-Same Direction,2,Clear,Dry,Dark-Lighted
2022-05-04T12:47:00.000,I 285,I 285 and Northlake Center Dr,,Rear End,2,Clear,Dry,Daylight
2023-04-20T15:00:00.000,I 285,I 285 and Northlaeke Pkwy,,Not a Collision with Motor Vehicle,1,Clear,Dry,Daylight
2021-02-03T20:02:00.000,I 285,I 285 and Northern Ave,,Sideswipe-Same Direction,2,Clear,Dry,Dark-Not Lighted
2020-07-25T05:00:00.000,I 285,I 285 and Northern Ave,,Angle Crash,4,Clear,Dry,Dark-Not Lighted
2023-12-05T18:30:00.000,I 285,I 285 and Northern Ave,,Sideswipe-Same Direction,2,Clear,Dry,Dark-Not Lighted
2023-02-22T08:29:00.000,I 285,I 285 and Northern Ave,,Rear End,2,Clear,Dry,Daylight
2023-09-09T15:30:00.000,I 285,I 285 and Northern Ave,,Rear End,2,Rain,Wet,Daylight
2023-05-02T08:00:00.000,I 285,I 285 and Northern Ave,,Rear End,2,Clear,Dry,Daylight
2023-10-28T11:00:00.000,I 285,I 285 and Northern Ave,,Sideswipe-Same Direction,2,Clear,Dry,Daylight
2023-04-19T16:10:00.000,I 285,I 285 and Northern Ave,,Rear End,2,Clear,Dry,Daylight
2023-08-18T11:04:00.000,I 285,I 285 and Northern Ave,,Rear End,2,Clear,Dry,Daylight
2023-10-20T12:00:00.000,I 285,I 285 and Northern Ave,,Rear End,3,Clear,Dry,Daylight
2020-10-02T21:35:00.000,I 285,I 285 and Northern Ave,,Sideswipe-Same Direction,2,Clear,Dry,Dark-Not Lighted
2020-05-27T13:53:00.000,I 285,I 285 and Northern Ave,,Rear End,3,Rain,Wet,Dusk
2020-09-02T16:32:00.000,I 285,I 285 and Northern Ave,,Rear End,2,Clear,Dry,Daylight
2021-06-14T10:59:00.000,I 285,I 285 and Northern Ave,,Not a Collision with Motor Vehicle,1,Clear,Dry,Daylight
2021-01-01T13:20:00.000,I 285,I 285 and Northern Ave,,Not a Collision with Motor Vehicle,1,Rain,Wet,Daylight
2021-09-30T17:59:00.000,I 285,I 285 and Northern Ave,,Rear End,2,Clear,Dry,Daylight
2021-12-22T13:29:00.000,I 285,I 285 and Northern Ave,,Angle Crash,2,Clear,Dry,Daylight
2022-01-18T08:39:00.000,I 285,I 285 and Northern Ave,,Rear End,2,Clear,Dry,Daylight
2021-10-11T15:10:00.000,I 285,I 285 and Northern Ave,,Sideswipe-Same Direction,2,Cloudy,Dry,Daylight
2022-06-10T12:00:00.000,I 285,I 285 and Northern Ave,,Sideswipe-Same Direction,2,Clear,Dry,Daylight
2022-08-29T10:14:00.000,I 285,I 285 and Northern Ave,,Rear End,2,Clear,Dry,Daylight
2022-12-09T18:34:00.000,I 285,I 285 and Northern Ave,,Rear End,3,Rain,Wet,Dark-Not Lighted
2022-11-24T12:00:00.000,I 285,I 285 and Northern Ave,,Not a Collision with Motor Vehicle,2,Cloudy,Dry,Daylight
2022-02-21T17:29:00.000,I 285,I 285 and Northern Ave,,Rear End,2,Rain,Wet,Dusk
2022-07-23T19:13:00.000,I 285,I 285 and Northern Ave,,Sideswipe-Opposite Direction,2,Clear,Dry,Daylight
2022-06-22T08:58:00.000,I 285,I 285 and Northern Ave,,Rear End,2,Clear,Dry,Daylight
2022-12-29T12:40:00.000,I 285,I 285 and Northern Ave,,Rear End,3,Clear,Dry,Daylight
2022-02-08T09:59:00.000,I 285,I 285 and Northern Ave,,Rear End,4,Clear,Dry,Daylight
2022-11-11T08:00:00.000,I 285,I 285 and Northern Ave,,Rear End,2,Rain,Wet,Daylight
2023-08-10T10:55:00.000,I 285,I 285 and Northern Ave,,Angle Crash,2,Cloudy,Dry,Daylight
2023-03-16T06:27:00.000,I 285,I 285 and Northern Ave,,Rear End,2,Clear,Dry,Dark-Not Lighted
2023-05-10T18:30:00.000,I 285,I 285 and Northern Ave,,Rear End,2,Clear,Dry,Daylight
2023-03-11T15:50:00.000,I 285,I 285 and Northern Ave,,Rear End,2,Clear,Dry,Daylight
2024-12-19T15:30:00.000,I 285,I 285 and Northern Ave,,Rear End,2,Clear,Dry,Daylight
2024-08-20T08:29:00.000,I 285,I 285 and Northern Ave,,Sideswipe-Same Direction,2,Clear,Dry,Daylight
2024-06-15T08:26:00.000,I 285,I 285 and Northern Ave,,Sideswipe-Same Direction,4,Clear,Dry,Dusk
2024-12-08T16:20:00.000,I 285,I 285 and Northern Ave,,Sideswipe-Same Direction,2,Clear,Dry,Daylight
2022-10-11T07:59:00.000,I 285,I 285 and Northake Pkwy,,Rear End,2,Clear,Dry,Daylight
2021-11-07T09:25:00.000,I 285,I 285 and Norhtside Dr,,Not a Collision with Motor Vehicle,1,Clear,Dry,Daylight
2020-07-28T00:00:00.000,I 285,I 285 and Norhtlake Pkwy,,Sideswipe-Same Direction,2,Clear,Dry,Daylight
2021-05-25T08:43:00.000,I 285,I 285 and Norhtlake Pkwy,,Rear End,2,Clear,Dry,Daylight
2022-11-04T13:38:00.000,I 285,I 285 and Newpeachtree Rd,,Sideswipe-Same Direction,2,Clear,Dry,Daylight
2023-11-08T11:21:00.000,I 285,I 285 and New Riverside Dr,,Angle Crash,5,Clear,Dry,Daylight
2023-01-10T14:29:00.000,I 285,I 285 and New Peahtree Rd,,Angle Crash,2,Clear,Dry,Daylight
2021-06-29T10:05:00.000,I 285,I 285 and New Peactree Rd,,Rear End,2,Cloudy,Wet,Daylight
2022-01-03T07:32:00.000,I 285,I 285 and New Peacthree Rd,,Rear End,2,Clear,Dry,Daylight
2022-04-08T20:10:00.000,I 285,I 285 and New Peachtree St,,Rear End,2,Cloudy,Dry,Dawn
2023-12-25T07:36:00.000,I 285,I 285 and New Peachtree Road,,Angle Crash,1,Rain,Wet,Dark-Lighted
2023-03-07T07:50:00.000,I 285,I 285 and New Peachtree Rd.,,Angle Crash,2,Clear,Dry,Daylight
2023-07-16T15:19:00.000,I 285,I 285 and New Peachtree Rd.,,Rear End,4,Clear,Dry,Daylight
2023-12-09T14:35:00.000,I 285,I 285 and New Peachtree Rd.,,Rear End,2,Cloudy,Dry,Daylight
2023-07-18T23:40:00.000,I 285,I 285 and New Peachtree Rd.,,Not a Collision with Motor Vehicle,1,Clear,Dry,Dark-Not Lighted
2024-01-17T08:20:00.000,I 285,I 285 and New Peachtree Rd.,,Rear End,2,Clear,Dry,Daylight
2021-04-03T17:01:00.000,I 285,I 285 and New Peachtree Rd,,Rear End,2,Clear,Dry,Daylight
2021-01-19T07:54:00.000,I 285,I 285 and New Peachtree Rd,,Rear End,2,Clear,Dry,Daylight
2021-08-17T08:23:00.000,I 285,I 285 and New Peachtree Rd,,Rear End,3,Rain,Wet,Daylight
2021-10-01T07:40:00.000,I 285,I 285 and New Peachtree Rd,,Angle Crash,2,Clear,Dry,Daylight
2021-07-21T16:00:00.000,I 285,I 285 and New Peachtree Rd,,Rear End,4,Clear,Dry,Daylight
2021-11-03T07:30:00.000,I 285,I 285 and New Peachtree Rd,,Sideswipe-Same Direction,2,Clear,Dry,Dawn
2021-08-09T08:14:00.000,I 285,I 285 and New Peachtree Rd,,Angle Crash,2,Clear,Dry,Daylight
2021-06-01T22:50:00.000,I 285,I 285 and New Peachtree Rd,,Angle Crash,2,Clear,Dry,Dark-Not Lighted
2021-02-22T07:35:00.000,I 285,I 285 and New Peachtree Rd,,Rear End,3,Cloudy,Wet,Daylight
2021-04-22T16:21:00.000,I 285,I 285 and New Peachtree Rd,,Rear End,2,Clear,Dry,Daylight
2021-03-25T16:28:00.000,I 285,I 285 and New Peachtree Rd,,Sideswipe-Same Direction,2,Clear,Dry,Daylight
2021-05-14T17:59:00.000,I 285,I 285 and New Peachtree Rd,,Rear End,2,Clear,Dry,Daylight
2021-11-04T17:19:00.000,I 285,I 285 and New Peachtree Rd,,Rear End,2,Cloudy,Wet,Daylight
2021-12-06T13:22:00.000,I 285,I 285 and New Peachtree Rd,,Rear End,2,Rain,Wet,Daylight
2021-10-13T14:24:00.000,I 285,I 285 and New Peachtree Rd,,Angle Crash,3,Clear,Dry,Daylight
2021-07-16T17:50:00.000,I 285,I 285 and New Peachtree Rd,,Angle Crash,2,Cloudy,Dry,Daylight
2021-11-02T18:16:00.000,I 285,I 285 and New Peachtree Rd,,Rear End,2,Clear,Dry,Daylight
2021-06-03T17:40:00.000,I 285,I 285 and New Peachtree Rd,,Rear End,2,Cloudy,Dry,Daylight
2021-03-31T16:14:00.000,I 285,I 285 and New Peachtree Rd,,Sideswipe-Same Direction,3,Rain,Wet,Daylight
2021-03-04T16:52:00.000,I 285,I 285 and New Peachtree Rd,,Rear End,2,Clear,Dry,Daylight
2021-12-12T15:34:00.000,I 285,I 285 and New Peachtree Rd,,Rear End,2,Clear,Dry,Daylight
2021-09-21T17:45:00.000,I 285,I 285 and New Peachtree Rd,,Sideswipe-Same Direction,2,Clear,Dry,Daylight
2021-12-08T07:24:00.000,I 285,I 285 and New Peachtree Rd,,Sideswipe-Same Direction,2,Rain,Wet,Daylight
2021-07-28T07:59:00.000,I 285,I 285 and New Peachtree Rd,,Rear End,2,Clear,Dry,Daylight
2021-10-22T10:58:00.000,I 285,I 285 and New Peachtree Rd,,Angle Crash,2,Clear,Dry,Daylight
2021-08-12T16:17:00.000,I 285,I 285 and New Peachtree Rd,,Sideswipe-Same Direction,2,Clear,Dry,Daylight
2021-10-17T04:31:00.000,I 285,I 285 and New Peachtree Rd,,Rear End,2,Clear,Dry,Dark-Lighted
2021-12-17T19:07:00.000,I 285,I 285 and New Peachtree Rd,,Angle Crash,2,Clear,Dry,Dark-Lighted
2021-06-14T20:18:00.000,I 285,I 285 and New Peachtree Rd,,Rear End,2,Clear,Dry,Daylight
2020-09-25T11:56:00.000,I 285,I 285 and New Peachtree Rd,,Sideswipe-Same Direction,2,Cloudy,Wet,Daylight
2020-12-17T17:33:00.000,I 285,I 285 and New Peachtree Rd,,Rear End,2,Clear,Dry,Daylight
2023-05-03T08:35:00.000,I 285,I 285 and New Peachtree Rd,,Rear End,2,Clear,Dry,Daylight
2023-01-19T10:10:00.000,I 285,I 285 and New Peachtree Rd,,Rear End,2,Clear,Dry,Daylight
2023-02-24T17:31:00.000,I 285,I 285 and New Peachtree Rd,,Angle Crash,2,Rain,Wet,Daylight
2023-06-06T17:03:00.000,I 285,I 285 and New Peachtree Rd,,Rear End,2,Cloudy,Dry,Daylight
2023-07-25T18:55:00.000,I 285,I 285 and New Peachtree Rd,,Rear End,2,Clear,Dry,Daylight
2023-01-17T10:42:00.000,I 285,I 285 and New Peachtree Rd,,Rear End,2,Rain,Wet,Daylight
2023-10-06T18:30:00.000,I 285,I 285 and New Peachtree Rd,,Rear End,2,Clear,Dry,Daylight
2023-04-14T13:37:00.000,I 285,I 285 and New Peachtree Rd,,Angle Crash,2,Cloudy,Wet,Daylight
2023-03-11T00:30:00.000,I 285,I 285 and New Peachtree Rd,,Angle Crash,2,Clear,Dry,Dark-Not Lighted
2023-11-04T11:40:00.000,I 285,I 285 and New Peachtree Rd,,Rear End,3,Cloudy,Dry,Daylight
2023-04-10T09:31:00.000,I 285,I 285 and New Peachtree Rd,,Angle Crash,2,Cloudy,Dry,Daylight
2023-01-06T18:18:00.000,I 285,I 285 and New Peachtree Rd,,Rear End,3,Clear,Dry,Dark-Lighted