Date and Time,Roadway (From Crash Report),Intersection Name (from Crash Report),KABCO Severity,Manner of Collision (Crash Level) ,# of Vehicles per crash ,Weather Conditions (Crash Level),Surface Condition (Crash Level) ,Light Conditions (Crash Level)
2023-10-03T15:56:00.000,I 285,I 285 and New Peachtree Rd,,Angle Crash,2,Clear,Dry,Daylight
2023-11-03T19:25:00.000,I 285,I 285 and New Peachtree Rd,,Rear End,2,Clear,Dry,Daylight
2023-12-19T15:49:00.000,I 285,I 285 and New Peachtree Rd,,Rear End,2,Clear,Dry,Daylight
2023-07-05T06:30:00.000,I 285,I 285 and New Peachtree Rd,,Sideswipe-Same Direction,2,Clear,Dry,Daylight
2023-02-20T19:00:00.000,I 285,I 285 and New Peachtree Rd,,Rear End,2,Clear,Dry,Dark-Not Lighted
2023-01-10T14:05:00.000,I 285,I 285 and New Peachtree Rd,,Rear End,3,Clear,Dry,Daylight
2023-06-25T10:00:00.000,I 285,I 285 and New Peachtree Rd,,Not a Collision with Motor Vehicle,1,Cloudy,Dry,Daylight
2023-08-18T16:28:00.000,I 285,I 285 and New Peachtree Rd,,Sideswipe-Same Direction,2,Clear,Dry,Daylight
2023-11-02T19:30:00.000,I 285,I 285 and New Peachtree Rd,,Rear End,2,Cloudy,Dry,Dusk
2023-07-20T18:45:00.000,I 285,I 285 and New Peachtree Rd,,Angle Crash,2,Rain,Wet,Daylight
2023-09-19T09:25:00.000,I 285,I 285 and New Peachtree Rd,,Rear End,2,Clear,Dry,Daylight
2023-03-18T00:51:00.000,I 285,I 285 and New Peachtree Rd,,Rear End,2,Rain,Wet,Dark-Lighted
2023-10-10T14:45:00.000,I 285,I 285 and New Peachtree Rd,,Rear End,2,Clear,Dry,Daylight
2023-12-22T13:00:00.000,I 285,I 285 and New Peachtree Rd,,Rear End,2,Clear,Dry,Daylight
2023-04-11T18:05:00.000,I 285,I 285 and New Peachtree Rd,,Not a Collision with Motor Vehicle,2,Clear,Dry,Daylight
2022-02-23T09:54:00.000,I 285,I 285 and New Peachtree Rd,,Sideswipe-Same Direction,2,Rain,Wet,Daylight
2022-12-20T21:44:00.000,I 285,I 285 and New Peachtree Rd,,Rear End,2,Clear,Dry,Dark-Lighted
2022-05-19T06:58:00.000,I 285,I 285 and New Peachtree Rd,,Rear End,3,Clear,Dry,Daylight
2021-11-16T19:12:00.000,I 285,I 285 and New Peachtree Rd,,Rear End,2,Clear,Dry,Dark-Lighted
2020-02-10T17:23:00.000,I 285,I 285 and New Peachtree Rd,,Angle Crash,2,Rain,Wet,Daylight
2020-07-12T12:57:00.000,I 285,I 285 and New Peachtree Rd,,Angle Crash,2,Cloudy,Dry,Daylight
2020-06-10T14:50:00.000,I 285,I 285 and New Peachtree Rd,,Rear End,2,Cloudy,Wet,Daylight
2020-11-16T16:35:00.000,I 285,I 285 and New Peachtree Rd,,Rear End,2,Clear,Dry,Daylight
2020-10-21T18:20:00.000,I 285,I 285 and New Peachtree Rd,,Rear End,2,Clear,Dry,Daylight
2020-03-12T10:20:00.000,I 285,I 285 and New Peachtree Rd,,Rear End,3,Cloudy,Dry,Daylight
2020-05-11T15:07:00.000,I 285,I 285 and New Peachtree Rd,,Sideswipe-Same Direction,2,Clear,Dry,Daylight
2020-01-31T16:16:00.000,I 285,I 285 and New Peachtree Rd,,Sideswipe-Same Direction,2,Cloudy,Dry,Daylight
2020-02-28T06:53:00.000,I 285,I 285 and New Peachtree Rd,,Rear End,2,Clear,Dry,Daylight
2020-01-08T08:18:00.000,I 285,I 285 and New Peachtree Rd,,Sideswipe-Same Direction,2,Clear,Dry,Daylight
2020-03-21T23:49:00.000,I 285,I 285 and New Peachtree Rd,,Rear End,3,Clear,Dry,Dark-Not Lighted
2020-07-11T16:49:00.000,I 285,I 285 and New Peachtree Rd,,Sideswipe-Same Direction,2,Clear,Dry,Daylight
2020-10-15T18:07:00.000,I 285,I 285 and New Peachtree Rd,,Sideswipe-Same Direction,2,Clear,Dry,Daylight
2020-01-30T19:21:00.000,I 285,I 285 and New Peachtree Rd,,Angle Crash,2,Clear,Dry,Dark-Not Lighted
2020-02-20T09:21:00.000,I 285,I 285 and New Peachtree Rd,,Rear End,2,Rain,Dry,Daylight
2020-08-23T18:47:00.000,I 285,I 285 and New Peachtree Rd,,Sideswipe-Same Direction,2,Clear,Dry,Daylight
2020-11-30T15:39:00.000,I 285,I 285 and New Peachtree Rd,,Sideswipe-Same Direction,3,Rain,Wet,Daylight
2020-09-01T18:09:00.000,I 285,I 285 and New Peachtree Rd,,Rear End,2,Clear,Dry,Daylight
2020-02-05T06:53:00.000,I 285,I 285 and New Peachtree Rd,,Sideswipe-Same Direction,2,Cloudy,Wet,Dark-Lighted
2020-02-19T10:11:00.000,I 285,I 285 and New Peachtree Rd,,Rear End,2,Cloudy,Wet,Daylight
2020-10-23T19:20:00.000,I 285,I 285 and New Peachtree Rd,,Rear End,2,Clear,Dry,Dark-Lighted
2020-03-04T16:44:00.000,I 285,I 285 and New Peachtree Rd,,Rear End,2,Rain,Wet,Daylight
2020-11-25T18:45:00.000,I 285,I 285 and New Peachtree Rd,,Rear End,3,Rain,Wet,Dark-Not Lighted
2020-08-14T11:26:00.000,I 285,I 285 and New Peachtree Rd,,Sideswipe-Same Direction,2,Cloudy,Dry,Daylight
2020-04-02T14:40:00.000,I 285,I 285 and New Peachtree Rd,,Angle Crash,2,Clear,Dry,Daylight
2020-06-24T15:23:00.000,I 285,I 285 and New Peachtree Rd,,Rear End,2,Cloudy,Wet,Daylight
2020-12-30T16:46:00.000,I 285,I 285 and New Peachtree Rd,,Rear End,2,Cloudy,Dry,Daylight
2020-03-03T16:00:00.000,I 285,I 285 and New Peachtree Rd,,Angle Crash,2,Clear,Dry,Daylight
2020-09-10T18:37:00.000,I 285,I 285 and New Peachtree Rd,,Rear End,2,Clear,Dry,Daylight
2020-10-15T11:25:00.000,I 285,I 285 and New Peachtree Rd,,Angle Crash,2,Clear,Dry,Daylight
2020-06-18T17:00:00.000,I 285,I 285 and New Peachtree Rd,,Rear End,2,Clear,Dry,Daylight
2021-02-12T19:15:00.000,I 285,I 285 and New Peachtree Rd,,Rear End,3,Cloudy,Wet,Daylight
2021-01-15T17:04:00.000,I 285,I 285 and New Peachtree Rd,,Rear End,2,Clear,Dry,Daylight
2021-06-07T16:30:00.000,I 285,I 285 and New Peachtree Rd,,Rear End,2,Cloudy,Dry,Daylight
2021-05-28T20:02:00.000,I 285,I 285 and New Peachtree Rd,,Rear End,4,Clear,Dry,Dawn
2021-01-29T19:15:00.000,I 285,I 285 and New Peachtree Rd,,Rear End,2,Clear,Dry,Dark-Not Lighted
2021-05-04T08:03:00.000,I 285,I 285 and New Peachtree Rd,,Rear End,4,Cloudy,Wet,Daylight
2021-06-04T09:36:00.000,I 285,I 285 and New Peachtree Rd,,Angle Crash,2,Clear,Dry,Daylight
2021-06-14T21:36:00.000,I 285,I 285 and New Peachtree Rd,,Head On,3,Cloudy,Dry,Daylight
2021-03-13T15:02:00.000,I 285,I 285 and New Peachtree Rd,,Angle Crash,2,Clear,Dry,Daylight
2021-08-31T07:59:00.000,I 285,I 285 and New Peachtree Rd,,Rear End,2,Cloudy,Wet,Daylight
2021-11-19T19:13:00.000,I 285,I 285 and New Peachtree Rd,,Angle Crash,2,Clear,Dry,Dark-Not Lighted
2021-12-20T12:23:00.000,I 285,I 285 and New Peachtree Rd,,Not a Collision with Motor Vehicle,1,Cloudy,Dry,Daylight
2021-12-17T17:40:00.000,I 285,I 285 and New Peachtree Rd,,Rear End,2,Clear,Dry,Daylight
2021-10-03T17:07:00.000,I 285,I 285 and New Peachtree Rd,,Angle Crash,3,Cloudy,Dry,Daylight
2021-12-26T07:00:00.000,I 285,I 285 and New Peachtree Rd,,Rear End,2,Clear,Dry,Dawn
2022-11-05T20:00:00.000,I 285,I 285 and New Peachtree Rd,,Sideswipe-Same Direction,2,Clear,Dry,Dark-Not Lighted
2022-06-07T18:30:00.000,I 285,I 285 and New Peachtree Rd,,Sideswipe-Same Direction,2,Clear,Dry,Daylight
2022-11-29T17:01:00.000,I 285,I 285 and New Peachtree Rd,,Sideswipe-Same Direction,2,Clear,Dry,Daylight
2021-08-27T08:49:00.000,I 285,I 285 and New Peachtree Rd,,Rear End,2,Clear,Dry,Daylight
2021-11-20T09:25:00.000,I 285,I 285 and New Peachtree Rd,,Rear End,2,Clear,Dry,Daylight
2021-12-17T18:56:00.000,I 285,I 285 and New Peachtree Rd,,Sideswipe-Same Direction,2,Clear,Dry,Dark-Lighted
2021-11-10T12:29:00.000,I 285,I 285 and New Peachtree Rd,,Rear End,2,Clear,Dry,Daylight
2021-10-02T16:35:00.000,I 285,I 285 and New Peachtree Rd,,Sideswipe-Same Direction,2,Clear,Dry,Daylight
2022-03-11T13:21:00.000,I 285,I 285 and New Peachtree Rd,,Rear End,2,Clear,Dry,Daylight
2022-03-28T14:10:00.000,I 285,I 285 and New Peachtree Rd,,Not a Collision with Motor Vehicle,1,Clear,Dry,Daylight
2022-07-10T10:23:00.000,I 285,I 285 and New Peachtree Rd,,Rear End,2,Clear,Dry,Daylight
2022-10-26T14:20:00.000,I 285,I 285 and New Peachtree Rd,,Not a Collision with Motor Vehicle,2,Clear,Dry,Daylight
2022-03-08T07:06:00.000,I 285,I 285 and New Peachtree Rd,,Rear End,2,Clear,Dry,Daylight
2022-02-21T14:58:00.000,I 285,I 285 and New Peachtree Rd,,Rear End,2,Rain,Wet,Daylight
2022-02-22T09:21:00.000,I 285,I 285 and New Peachtree Rd,,Rear End,2,Cloudy,Wet,Daylight
2022-12-19T18:00:00.000,I 285,I 285 and New Peachtree Rd,,Sideswipe-Same Direction,2,Clear,Dry,Dark-Not Lighted
2022-11-18T07:40:00.000,I 285,I 285 and New Peachtree Rd,,Rear End,2,Clear,Dry,Daylight
2022-07-13T15:43:00.000,I 285,I 285 and New Peachtree Rd,,Rear End,2,Rain,Wet,Daylight
2022-07-19T10:29:00.000,I 285,I 285 and New Peachtree Rd,,Not a Collision with Motor Vehicle,1,Cloudy,Wet,Daylight
2022-02-05T16:30:00.000,I 285,I 285 and New Peachtree Rd,,Rear End,2,Cloudy,Dry,Daylight
2022-05-11T18:37:00.000,I 285,I 285 and New Peachtree Rd,,Rear End,2,Clear,Dry,Daylight
2021-09-24T16:19:00.000,I 285,I 285 and New Peachtree Rd,,Rear End,2,Clear,Dry,Daylight
2021-07-31T13:27:00.000,I 285,I 285 and New Peachtree Rd,,Rear End,2,Clear,Dry,Daylight
2022-12-08T15:46:00.000,I 285,I 285 and New Peachtree Rd,,Rear End,2,Clear,Dry,Daylight
2022-04-15T18:43:00.000,I 285,I 285 and New Peachtree Rd,,Rear End,5,Clear,Dry,Daylight
2022-06-08T23:45:00.000,I 285,I 285 and New Peachtree Rd,,Not a Collision with Motor Vehicle,1,Rain,Wet,Dark-Not Lighted
2022-08-13T18:10:00.000,I 285,I 285 and New Peachtree Rd,,Rear End,2,Clear,Dry,Daylight
2022-12-21T15:45:00.000,I 285,I 285 and New Peachtree Rd,,Rear End,2,Clear,Dry,Daylight
2022-12-01T17:14:00.000,I 285,I 285 and New Peachtree Rd,,Rear End,2,Cloudy,Dry,Daylight
2022-07-08T06:07:00.000,I 285,I 285 and New Peachtree Rd,,Sideswipe-Same Direction,2,Clear,Dry,Dawn
2022-12-09T15:40:00.000,I 285,I 285 and New Peachtree Rd,,Rear End,2,Rain,Wet,Daylight
2022-11-05T20:12:00.000,I 285,I 285 and New Peachtree Rd,,Angle Crash,2,Clear,Wet,Dark-Not Lighted
2022-09-16T17:22:00.000,I 285,I 285 and New Peachtree Rd,,Sideswipe-Same Direction,2,Clear,Dry,Daylight
2022-07-19T16:26:00.000,I 285,I 285 and New Peachtree Rd,,Angle Crash,2,Cloudy,Wet,Daylight
2022-02-23T18:55:00.000,I 285,I 285 and New Peachtree Rd,,Rear End,2,Clear,Dry,Daylight
2022-06-30T15:53:00.000,I 285,I 285 and New Peachtree Rd,,Rear End,2,Clear,Dry,Daylight
2022-12-20T18:30:00.000,I 285,I 285 and New Peachtree Rd,,Rear End,2,Cloudy,Dry,Dark-Not Lighted
2022-06-20T12:35:00.000,I 285,I 285 and New Peachtree Rd,,Sideswipe-Same Direction,2,Clear,Dry,Daylight
2022-07-08T22:53:00.000,I 285,I 285 and New Peachtree Rd,,Sideswipe-Same Direction,2,Rain,Wet,Dark-Not Lighted
2022-04-05T07:47:00.000,I 285,I 285 and New Peachtree Rd,,Rear End,2,Clear,Dry,Daylight
2022-08-08T15:43:00.000,I 285,I 285 and New Peachtree Rd,,Angle Crash,2,Rain,Wet,Daylight
2022-08-23T17:44:00.000,I 285,I 285 and New Peachtree Rd,,Sideswipe-Same Direction,2,Clear,Dry,Daylight
2022-11-30T07:22:00.000,I 285,I 285 and New Peachtree Rd,,Rear End,2,Rain,Wet,Daylight
2022-10-24T09:30:00.000,I 285,I 285 and New Peachtree Rd,,Sideswipe-Same Direction,2,Clear,Dry,Daylight
2022-01-30T00:15:00.000,I 285,I 285 and New Peachtree Rd,,Angle Crash,2,Clear,Dry,Dark-Not Lighted
2022-06-29T14:45:00.000,I 285,I 285 and New Peachtree Rd,,Rear End,2,Clear,Dry,Daylight
2022-06-21T16:25:00.000,I 285,I 285 and New Peachtree Rd,,Rear End,2,Clear,Dry,Daylight
2022-08-11T15:33:00.000,I 285,I 285 and New Peachtree Rd,,Sideswipe-Same Direction,2,Clear,Dry,Daylight
2022-03-04T14:48:00.000,I 285,I 285 and New Peachtree Rd,,Rear End,2,Clear,Dry,Daylight
2022-01-14T19:55:00.000,I 285,I 285 and New Peachtree Rd,,Rear End,2,Clear,Dry,Dark-Not Lighted
2022-05-23T07:52:00.000,I 285,I 285 and New Peachtree Rd,,Rear End,2,Rain,Wet,Daylight
2022-05-06T00:41:00.000,I 285,I 285 and New Peachtree Rd,,Rear End,3,Clear,Dry,Dark-Not Lighted
2022-01-25T11:27:00.000,I 285,I 285 and New Peachtree Rd,,Rear End,2,Clear,Dry,Daylight
2022-08-20T18:31:00.000,I 285,I 285 and New Peachtree Rd,,Angle Crash,2,Clear,Dry,Daylight
2022-06-01T09:25:00.000,I 285,I 285 and New Peachtree Rd,,Rear End,2,Clear,Dry,Daylight
2022-12-15T15:35:00.000,I 285,I 285 and New Peachtree Rd,,Sideswipe-Same Direction,2,Clear,Dry,Daylight
2022-11-11T13:12:00.000,I 285,I 285 and New Peachtree Rd,,Sideswipe-Same Direction,2,Rain,Wet,Daylight
2022-09-10T13:00:00.000,I 285,I 285 and New Peachtree Rd,,Rear End,2,Cloudy,Wet,Daylight
2022-02-23T14:48:00.000,I 285,I 285 and New Peachtree Rd,,Sideswipe-Same Direction,2,Clear,Dry,Daylight
2022-09-17T09:21:00.000,I 285,I 285 and New Peachtree Rd,,Sideswipe-Same Direction,2,Clear,Dry,Dusk
2022-02-07T23:47:00.000,I 285,I 285 and New Peachtree Rd,,Sideswipe-Same Direction,2,Clear,Dry,Dark-Not Lighted
2022-07-19T06:58:00.000,I 285,I 285 and New Peachtree Rd,,Rear End,2,Rain,Wet,Daylight
2022-02-10T20:39:00.000,I 285,I 285 and New Peachtree Rd,,Rear End,2,Clear,Dry,Dark-Not Lighted
2022-03-03T19:30:00.000,I 285,I 285 and New Peachtree Rd,,Rear End,2,Clear,Dry,Dark-Not Lighted
2022-03-23T14:12:00.000,I 285,I 285 and New Peachtree Rd,,Rear End,3,Cloudy,Dry,Daylight
2022-10-18T08:06:00.000,I 285,I 285 and New Peachtree Rd,,Sideswipe-Same Direction,2,Clear,Dry,Daylight
2022-09-08T16:08:00.000,I 285,I 285 and New Peachtree Rd,,Rear End,2,Clear,Dry,Daylight
2022-12-28T06:42:00.000,I 285,I 285 and New Peachtree Rd,,Rear End,4,Clear,Dry,Dark-Not Lighted
2022-02-07T18:40:00.000,I 285,I 285 and New Peachtree Rd,,Rear End,2,Clear,Dry,Dark-Not Lighted
2022-09-19T08:35:00.000,I 285,I 285 and New Peachtree Rd,,Rear End,2,Cloudy,Dry,Daylight
2023-08-23T10:04:00.000,I 285,I 285 and New Peachtree Rd,,Sideswipe-Same Direction,2,Clear,Dry,Daylight
2023-11-27T22:17:00.000,I 285,I 285 and New Peachtree Rd,,Angle Crash,2,Cloudy,Dry,Dark-Not Lighted
2023-02-28T13:35:00.000,I 285,I 285 and New Peachtree Rd,,Sideswipe-Same Direction,2,Cloudy,Dry,Daylight
2023-10-10T12:53:00.000,I 285,I 285 and New Peachtree Rd,,Angle Crash,2,Clear,Dry,Daylight
2023-08-22T08:59:00.000,I 285,I 285 and New Peachtree Rd,,Angle Crash,2,Clear,Dry,Daylight
2023-09-23T16:46:00.000,I 285,I 285 and New Peachtree Rd,,Angle Crash,2,Clear,Dry,Daylight
2024-03-26T17:55:00.000,I 285,I 285 and New Peachtree Rd,,Rear End,2,Rain,Wet,Daylight
2024-08-08T17:23:00.000,I 285,I 285 and New Peachtree Rd,,Rear End,3,Clear,Dry,Daylight
2024-01-24T07:54:00.000,I 285,I 285 and New Peachtree Rd,,Angle Crash,3,Rain,Wet,Daylight
2024-04-10T07:47:00.000,I 285,I 285 and New Peachtree Rd,,Rear End,3,Cloudy,Wet,Daylight
2024-06-12T16:39:00.000,I 285,I 285 and New Peachtree Rd,,Rear End,2,Clear,Dry,Daylight
2024-07-30T07:17:00.000,I 285,I 285 and New Peachtree Rd,,Rear End,2,Clear,Dry,Daylight
2024-08-17T17:24:00.000,I 285,I 285 and New Peachtree Rd,,Rear End,2,Clear,Dry,Daylight
2024-11-16T19:47:00.000,I 285,I 285 and New Peachtree Rd,,Rear End,3,Cloudy,Dry,Dark-Lighted
2024-02-07T17:30:00.000,I 285,I 285 and New Peachtree Rd,,Rear End,2,Clear,Dry,Daylight
2024-04-02T15:32:00.000,I 285,I 285 and New Peachtree Rd,,Rear End,2,Cloudy,Dry,Daylight
2024-10-16T16:19:00.000,I 285,I 285 and New Peachtree Rd,,Rear End,2,Clear,Dry,Daylight
2024-01-09T12:56:00.000,I 285,I 285 and New Peachtree Rd,,Angle Crash,2,Cloudy,Wet,Daylight
2024-04-01T16:14:00.000,I 285,I 285 and New Peachtree Rd,,Rear End,2,Cloudy,Dry,Daylight
2024-10-24T20:01:00.000,I 285,I 285 and New Peachtree Rd,,Sideswipe-Same Direction,2,Clear,Dry,Dark-Lighted
2024-02-12T18:02:00.000,I 285,I 285 and New Peachtree Rd,,Rear End,5,Cloudy,Wet,Daylight
2024-08-06T23:10:00.000,I 285,I 285 and New Peachtree Rd,,Sideswipe-Same Direction,2,Cloudy,Dry,Dark-Not Lighted
2023-11-01T15:41:00.000,I 285,I 285 and New Peachtree Rd,,Rear End,2,Cloudy,Dry,Daylight
2024-11-26T13:09:00.000,I 285,I 285 and New Peachtree Rd,,Sideswipe-Same Direction,2,Clear,Dry,Daylight
2024-11-10T14:25:00.000,I 285,I 285 and New Peachtree Rd,,Rear End,2,Cloudy,Dry,Daylight
2024-12-02T18:24:00.000,I 285,I 285 and New Peachtree Rd,,Rear End,3,Clear,Dry,Dark-Lighted
2024-09-19T20:03:00.000,I 285,I 285 and New Peachtree Rd,,Rear End,3,Clear,Dry,Dark-Lighted
2024-10-07T13:52:00.000,I 285,I 285 and New Peachtree Rd,,Rear End,2,Clear,Dry,Daylight
2024-05-07T22:09:00.000,I 285,I 285 and New Peachtree Rd,,Rear End,2,Clear,Dry,Dark-Not Lighted
2023-11-17T18:20:00.000,I 285,I 285 and New Peachtree Rd,,Rear End,2,Cloudy,Dry,Dark-Not Lighted
2023-08-13T12:53:00.000,I 285,I 285 and New Peachtree Rd,,Rear End,2,Clear,Dry,Daylight
2023-05-22T13:58:00.000,I 285,I 285 and New Peachtree Rd,,Sideswipe-Same Direction,2,Cloudy,Dry,Daylight
2023-11-07T19:19:00.000,I 285,I 285 and New Peachtree Rd,,Sideswipe-Same Direction,2,Clear,Dry,Dark-Not Lighted
2023-09-19T08:38:00.000,I 285,I 285 and New Peachtree Rd,,Sideswipe-Same Direction,2,Clear,Dry,Daylight
2023-08-22T17:06:00.000,I 285,I 285 and New Peachtree Rd,,Angle Crash,2,Clear,Dry,Daylight
2023-08-02T18:53:00.000,I 285,I 285 and New Peachtree Rd,,Rear End,2,Clear,Dry,Daylight
2023-07-21T16:49:00.000,I 285,I 285 and New Peachtree Rd,,Sideswipe-Same Direction,2,Cloudy,Dry,Daylight
2023-10-17T09:34:00.000,I 285,I 285 and New Peachtree Rd,,Rear End,2,Clear,Dry,Daylight
2023-05-24T17:45:00.000,I 285,I 285 and New Peachtree Rd,,Rear End,2,Clear,Dry,Daylight
2023-03-23T08:01:00.000,I 285,I 285 and New Peachtree Rd,,Rear End,2,Fog,Dry,Daylight
2023-03-24T14:42:00.000,I 285,I 285 and New Peachtree Rd,,Rear End,2,Cloudy,Dry,Daylight
2023-12-13T18:22:00.000,I 285,I 285 and New Peachtree Rd,,Sideswipe-Same Direction,2,Clear,Dry,Dark-Not Lighted
2023-06-03T18:15:00.000,I 285,I 285 and New Peachtree Rd,,Rear End,2,Clear,Dry,Daylight
2023-07-16T01:00:00.000,I 285,I 285 and New Peachtree Rd,,Rear End,5,Clear,Dry,Daylight
2023-11-09T19:42:00.000,I 285,I 285 and New Peachtree Rd,,Rear End,2,Cloudy,Dry,Dark-Not Lighted
2023-03-31T20:20:00.000,I 285,I 285 and New Peachtree Rd,,Sideswipe-Same Direction,2,Cloudy,Dry,Dark-Lighted
2023-05-23T13:31:00.000,I 285,I 285 and New Peachtree Rd,,Rear End,3,Cloudy,Dry,Daylight
2023-03-19T20:48:00.000,I 285,I 285 and New Peachtree Rd,,Sideswipe-Same Direction,2,Clear,Dry,Dark-Not Lighted
2023-11-27T06:58:00.000,I 285,I 285 and New Peachtree Rd,,Head On,2,Clear,Dry,Daylight
2023-03-21T08:42:00.000,I 285,I 285 and New Peachtree Rd,,Rear End,2,Clear,Dry,Daylight
2023-02-12T16:48:00.000,I 285,I 285 and New Peachtree Rd,,Rear End,4,Clear,Dry,Daylight
2023-04-11T18:44:00.000,I 285,I 285 and New Peachtree Rd,,Rear End,2,Clear,Dry,Daylight
2023-04-19T10:34:00.000,I 285,I 285 and New Peachtree Rd,,Rear End,3,Clear,Dry,Daylight
2023-07-18T14:31:00.000,I 285,I 285 and New Peachtree Rd,,Sideswipe-Same Direction,2,Clear,Dry,Daylight
2023-09-18T06:25:00.000,I 285,I 285 and New Peachtree Rd,,Rear End,2,Clear,Dry,Dark-Not Lighted
2023-01-09T16:13:00.000,I 285,I 285 and New Peachtree Rd,,Sideswipe-Same Direction,2,Clear,Dry,Daylight
2023-11-02T07:50:00.000,I 285,I 285 and New Peachtree Rd,,Sideswipe-Same Direction,2,Clear,Dry,Daylight
2024-06-26T06:39:00.000,I 285,I 285 and New Peachtree Rd,,Rear End,2,Clear,Dry,Daylight
2024-01-19T16:57:00.000,I 285,I 285 and New Peachtree Rd,,Sideswipe-Same Direction,2,Clear,Dry,Daylight
2024-02-10T15:45:00.000,I 285,I 285 and New Peachtree Rd,,Rear End,2,Cloudy,Dry,Daylight
2024-10-18T15:30:00.000,I 285,I 285 and New Peachtree Rd,,Rear End,2,Clear,Dry,Daylight
2024-01-05T07:20:00.000,I 285,I 285 and New Peachtree Rd,,Rear End,5,Clear,Dry,Dawn
2024-05-06T18:54:00.000,I 285,I 285 and New Peachtree Rd,,Angle Crash,2,Clear,Dry,Daylight
2024-12-26T18:18:00.000,I 285,I 285 and New Peachtree Rd,,Rear End,3,Clear,Dry,Dark-Not Lighted
2024-12-17T18:35:00.000,I 285,I 285 and New Peachtree Rd,,Rear End,2,Clear,Dry,Dark-Lighted
2024-11-05T16:24:00.000,I 285,I 285 and New Peachtree Rd,,Rear End,2,Clear,Dry,Daylight
2024-11-09T18:00:00.000,I 285,I 285 and New Peachtree Rd,,Rear End,2,Clear,Dry,Dark-Not Lighted
2024-12-17T16:12:00.000,I 285,I 285 and New Peachtree Rd,,Not a Collision with Motor Vehicle,2,Clear,Dry,Daylight
2024-03-26T18:30:00.000,I 285,I 285 and New Peachtree Rd,,Sideswipe-Same Direction,2,Rain,Wet,Daylight
2024-10-05T16:51:00.000,I 285,I 285 and New Peachtree Rd,,Rear End,2,Clear,Dry,Daylight
2024-07-30T13:12:00.000,I 285,I 285 and New Peachtree Rd,,Sideswipe-Same Direction,2,Clear,Dry,Daylight
2024-09-13T14:38:00.000,I 285,I 285 and New Peachtree Rd,,Sideswipe-Same Direction,3,Cloudy,Dry,Daylight
2024-01-17T08:20:00.000,I 285,I 285 and New Peachtree Rd,,Rear End,2,Clear,Dry,Daylight
2024-11-21T17:14:00.000,I 285,I 285 and New Peachtree Rd,,Rear End,2,Clear,Dry,Daylight
2024-08-06T18:18:00.000,I 285,I 285 and New Peachtree Rd,,Rear End,2,Clear,Dry,Daylight
2024-01-24T10:22:00.000,I 285,I 285 and New Peachtree Rd,,Rear End,3,Clear,Wet,Daylight
2024-10-28T21:00:00.000,I 285,I 285 and New Peachtree Rd,,Rear End,2,Clear,Dry,(None)
2024-09-18T19:25:00.000,I 285,I 285 and New Peachtree Rd,,Rear End,2,Cloudy,Dry,Daylight
2024-11-06T19:04:00.000,I 285,I 285 and New Peachtree Rd,,Rear End,3,Clear,Dry,Dark-Not Lighted
2024-07-14T01:24:00.000,I 285,I 285 and New Peachtree Rd,,Rear End,3,Clear,Dry,Dark-Not Lighted
2024-01-19T11:10:00.000,I 285,I 285 and New Peachtree Rd,,Sideswipe-Same Direction,2,Clear,Dry,Daylight
2024-02-21T18:40:00.000,I 285,I 285 and New Peachtree Rd,,Rear End,2,Clear,Dry,Dark-Lighted
2024-01-17T16:39:00.000,I 285,I 285 and New Peachtree Rd,,Angle Crash,2,Clear,Dry,Daylight
2024-03-09T14:36:00.000,I 285,I 285 and New Peachtree Rd,,Rear End,2,Clear,Dry,Daylight
2024-02-02T19:36:00.000,I 285,I 285 and New Peachtree Rd,,Angle Crash,3,Clear,Dry,Dark-Not Lighted
2024-04-26T21:43:00.000,I 285,I 285 and New Peachtree Rd,,Rear End,2,Clear,Dry,Dark-Not Lighted
2024-02-10T15:19:00.000,I 285,I 285 and New Peachtree Rd,,Rear End,2,Cloudy,Dry,Daylight
2024-07-15T11:22:00.000,I 285,I 285 and New Peachtree Rd,,Sideswipe-Same Direction,2,Clear,Dry,Daylight
2024-08-30T16:56:00.000,I 285,I 285 and New Peachtree Rd,,Rear End,2,Cloudy,Wet,Daylight
2024-07-11T19:05:00.000,I 285,I 285 and New Peachtree Rd,,Rear End,2,Clear,Dry,Daylight
2024-07-21T17:02:00.000,I 285,I 285 and New Peachtree Rd,,Rear End,4,Rain,Dry,Daylight
2024-11-15T08:18:00.000,I 285,I 285 and New Peachtree Rd,,Rear End,2,Clear,Dry,Daylight
2024-01-18T15:59:00.000,I 285,I 285 and New Peachtree Rd,,Rear End,2,Clear,Dry,Daylight