Date and Time,Roadway (From Crash Report),Intersection Name (from Crash Report),KABCO Severity,Manner of Collision (Crash Level) ,# of Vehicles per crash ,Weather Conditions (Crash Level),Surface Condition (Crash Level) ,Light Conditions (Crash Level)
2024-06-23T16:39:00.000,I 285,I 285 and New Peachtree Rd,,Not a Collision with Motor Vehicle,2,Clear,Dry,Daylight
2024-01-31T19:30:00.000,I 285,I 285 and New Peachtree Rd,,Angle Crash,2,Clear,Dry,Dark-Lighted
2024-11-22T18:10:00.000,I 285,I 285 and New Peachtree Rd,,Rear End,3,Clear,Dry,Dark-Lighted
2024-06-08T07:59:00.000,I 285,I 285 and New Peachtree Rd,,Rear End,2,Clear,Dry,Daylight
2024-11-29T05:03:00.000,I 285,I 285 and New Peachtree Rd,,Not a Collision with Motor Vehicle,1,Clear,Dry,Dark-Not Lighted
2024-12-04T15:55:00.000,I 285,I 285 and New Peachtree Rd,,Rear End,3,Clear,Dry,Daylight
2024-11-26T15:03:00.000,I 285,I 285 and New Peachtree Rd,,Rear End,2,Clear,Dry,Daylight
2024-12-11T18:51:00.000,I 285,I 285 and New Peachtree Rd,,Rear End,2,Clear,Dry,Daylight
2024-10-23T06:42:00.000,I 285,I 285 and New Peachtree Rd,,Rear End,2,Clear,Dry,Daylight
2024-04-18T12:27:00.000,I 285,I 285 and New Peachtree Rd,,Sideswipe-Same Direction,2,Clear,Dry,Daylight
2024-06-04T16:07:00.000,I 285,I 285 and New Peachtree Rd,,Rear End,2,Clear,Dry,Daylight
2024-10-05T17:00:00.000,I 285,I 285 and New Peachtree Rd,,Angle Crash,2,Clear,Dry,Daylight
2024-09-11T16:52:00.000,I 285,I 285 and New Peachtree Rd,,Sideswipe-Same Direction,2,Clear,Dry,Daylight
2024-06-27T19:50:00.000,I 285,I 285 and New Peachtree Rd,,Rear End,2,Clear,Dry,Daylight
2024-04-12T12:54:00.000,I 285,I 285 and New Peachtree Rd,,Rear End,2,Clear,Dry,Daylight
2024-06-20T16:50:00.000,I 285,I 285 and New Peachtree Rd,,Sideswipe-Same Direction,2,Clear,Dry,Daylight
2024-10-14T07:58:00.000,I 285,I 285 and New Peachtree Rd,,Sideswipe-Same Direction,2,Clear,Dry,Daylight
2024-05-28T19:59:00.000,I 285,I 285 and New Peachtree Rd,,Rear End,2,Clear,Dry,Daylight
2024-11-29T05:05:00.000,I 285,I 285 and New Peachtree Rd,,Not a Collision with Motor Vehicle,1,Clear,Dry,Dark-Lighted
2024-11-22T19:54:00.000,I 285,I 285 and New Peachtree Rd,,Rear End,2,Clear,Dry,Dark-Lighted
2024-03-30T18:18:00.000,I 285,I 285 and New Peachtree Rd,,Rear End,3,Clear,Dry,Daylight
2024-08-08T16:43:00.000,I 285,I 285 and New Peachtree Rd,,Sideswipe-Same Direction,2,Cloudy,Dry,Daylight
2024-08-30T13:08:00.000,I 285,I 285 and New Peachtree Rd,,Rear End,2,Clear,Dry,Daylight
2024-09-09T15:47:00.000,I 285,I 285 and New Peachtree Rd,,Sideswipe-Same Direction,2,Clear,Dry,Daylight
2024-02-21T20:20:00.000,I 285,I 285 and New Peachtree Rd,,Rear End,2,Clear,Dry,Dark-Lighted
2024-09-18T19:25:00.000,I 285,I 285 and New Peachtree Rd,,Rear End,2,Cloudy,Dry,Daylight
2024-04-27T22:10:00.000,I 285,I 285 and New Peachtree Rd,,Rear End,2,Clear,Dry,Dark-Lighted
2024-08-16T12:21:00.000,I 285,I 285 and New Peachtree Rd,,Sideswipe-Same Direction,2,Clear,Dry,Daylight
2024-04-06T10:42:00.000,I 285,I 285 and New Peachtree Rd,,Sideswipe-Same Direction,2,Clear,Dry,Daylight
2024-11-07T19:46:00.000,I 285,I 285 and New Peachtree Rd,,Rear End,2,Clear,Dry,Dark-Not Lighted
2024-12-02T18:21:00.000,I 285,I 285 and New Peachtree Rd,,Angle Crash,2,Clear,Dry,Dark-Lighted
2024-07-30T15:41:00.000,I 285,I 285 and New Peachtree Rd,,Rear End,2,Clear,Dry,Daylight
2024-10-14T16:11:00.000,I 285,I 285 and New Peachtree Rd,,Rear End,2,Clear,Dry,Daylight
2024-07-02T18:33:00.000,I 285,I 285 and New Peachtree Rd,,Rear End,2,Clear,Dry,Daylight
2024-01-31T15:43:00.000,I 285,I 285 and New Peachtree Rd,,Angle Crash,2,Clear,Dry,Daylight
2023-01-13T13:51:00.000,I 285,I 285 and New Peachtree,,Rear End,2,Cloudy,Dry,Daylight
2023-04-06T07:47:00.000,I 285,I 285 and New Peachtree,,Rear End,2,Cloudy,Dry,Daylight
2020-09-14T15:30:00.000,I 285,I 285 and New Peachtree,,Rear End,2,Cloudy,Wet,Daylight
2020-10-16T14:26:00.000,I 285,I 285 and New Peachtree,,Sideswipe-Same Direction,2,Clear,Dry,Daylight
2021-11-17T12:36:00.000,I 285,I 285 and New Peachtree,,Angle Crash,2,Clear,Dry,Daylight
2022-03-09T18:00:00.000,I 285,I 285 and New Peachtree,,Rear End,2,Clear,Dry,Daylight
2022-08-09T11:00:00.000,I 285,I 285 and New Peachtree,,Sideswipe-Same Direction,2,Clear,Dry,Daylight
2022-11-13T10:20:00.000,I 285,I 285 and New Peachtree,,Sideswipe-Same Direction,3,Clear,Dry,Daylight
2024-05-10T14:52:00.000,I 285,I 285 and New Peachtree,,Sideswipe-Same Direction,2,Clear,Dry,Daylight
2024-06-04T09:59:00.000,I 285,I 285 and New Peachtree,,Sideswipe-Same Direction,2,Clear,Dry,Daylight
2024-09-26T21:36:00.000,I 285,I 285 and New Peachtree,,Not a Collision with Motor Vehicle,1,Clear,Wet,Dark-Lighted
2022-05-11T16:31:00.000,I 285,I 285 and New Peachree Rd,,Rear End,3,Clear,Dry,Daylight
2022-07-17T16:51:00.000,I 285,I 285 and New Peachree Rd,,Rear End,3,Clear,Dry,Daylight
2023-07-16T01:52:00.000,I 285,I 285 and New Peachhtree Rd.,,Not a Collision with Motor Vehicle,1,Clear,Dry,Dark-Not Lighted
2023-08-11T16:48:00.000,I 285,I 285 and New Peachhtree Rd.,,Rear End,2,Clear,Dry,Daylight
2022-11-07T13:55:00.000,I 285,I 285 and New Peachhtree Rd.,,Rear End,2,Clear,Dry,Daylight
2022-12-21T08:54:00.000,I 285,I 285 and New Peachhtree Rd.,,Angle Crash,2,Cloudy,Dry,Daylight
2020-06-04T15:58:00.000,I 285,I 285 and New Peachhtree Rd,,Rear End,2,Cloudy,Dry,Daylight
2020-10-30T19:14:00.000,I 285,I 285 and New Peachhtree Rd,,Angle Crash,2,Clear,Dry,Dark-Not Lighted
2021-11-04T07:03:00.000,I 285,I 285 and New Northside Rd,,Not a Collision with Motor Vehicle,1,Rain,Wet,Dark-Not Lighted
2023-08-11T08:27:00.000,I 285,I 285 and New Northside Pkwy,,Rear End,2,Rain,Wet,Daylight
2022-10-01T14:59:00.000,I 285,I 285 and New Northside Dr.,,Angle Crash,2,Clear,Dry,Daylight
2022-01-26T16:05:00.000,I 285,I 285 and New Northside Dr.,,Angle Crash,2,Clear,Dry,Daylight
2021-01-21T19:13:00.000,I 285,I 285 and New Northside Dr,,Sideswipe-Same Direction,2,Cloudy,Wet,Dark-Not Lighted
2021-04-02T11:05:00.000,I 285,I 285 and New Northside Dr,,Rear End,2,Cloudy,Dry,Daylight
2021-02-26T15:51:00.000,I 285,I 285 and New Northside Dr,,Rear End,3,Cloudy,Dry,Daylight
2021-09-24T08:34:00.000,I 285,I 285 and New Northside Dr,,Rear End,3,Clear,Dry,Daylight
2021-12-24T08:17:00.000,I 285,I 285 and New Northside Dr,,Rear End,3,Clear,Dry,Daylight
2021-04-02T11:50:00.000,I 285,I 285 and New Northside Dr,,Rear End,2,Cloudy,Dry,Daylight
2021-11-29T16:39:00.000,I 285,I 285 and New Northside Dr,,Sideswipe-Same Direction,2,Clear,Dry,Daylight
2023-10-17T16:00:00.000,I 285,I 285 and New Northside Dr,,Rear End,2,Clear,Dry,Daylight
2023-11-20T15:48:00.000,I 285,I 285 and New Northside Dr,,Not a Collision with Motor Vehicle,2,Clear,Dry,Daylight
2023-11-01T15:40:00.000,I 285,I 285 and New Northside Dr,,Rear End,2,Clear,Dry,Daylight
2020-07-13T11:08:00.000,I 285,I 285 and New Northside Dr,,Sideswipe-Same Direction,2,Clear,Dry,Daylight
2021-03-26T12:52:00.000,I 285,I 285 and New Northside Dr,,Rear End,2,Cloudy,Dry,Daylight
2021-09-14T17:02:00.000,I 285,I 285 and New Northside Dr,,Sideswipe-Same Direction,2,Cloudy,Dry,Daylight
2021-11-15T12:32:00.000,I 285,I 285 and New Northside Dr,,Sideswipe-Same Direction,2,Clear,Dry,Daylight
2021-12-22T11:34:00.000,I 285,I 285 and New Northside Dr,,Sideswipe-Same Direction,2,Clear,Dry,Daylight
2021-11-08T16:48:00.000,I 285,I 285 and New Northside Dr,,Sideswipe-Same Direction,2,Clear,Dry,Daylight
2022-06-06T10:54:00.000,I 285,I 285 and New Northside Dr,,Angle Crash,2,Clear,Dry,Daylight
2022-01-20T09:05:00.000,I 285,I 285 and New Northside Dr,,Rear End,2,Rain,Wet,Daylight
2022-07-19T06:20:00.000,I 285,I 285 and New Northside Dr,,Angle Crash,2,Rain,Wet,Dark-Not Lighted
2022-04-28T07:40:00.000,I 285,I 285 and New Northside Dr,,Sideswipe-Same Direction,2,Clear,Dry,Daylight
2024-09-10T14:23:00.000,I 285,I 285 and New Northside Dr,,Angle Crash,2,Clear,Dry,Daylight
2023-01-03T06:39:00.000,I 285,I 285 and New Northside Dr,,Sideswipe-Same Direction,3,Clear,Dry,Dark-Not Lighted
2023-09-22T12:08:00.000,I 285,I 285 and New Northside Dr,,Sideswipe-Same Direction,2,Clear,Dry,Daylight
2023-01-12T13:00:00.000,I 285,I 285 and New Northside Dr,,Sideswipe-Same Direction,3,Cloudy,Dry,Daylight
2024-09-19T06:55:00.000,I 285,I 285 and New Northside Dr,,Angle Crash,2,Clear,Dry,Dark-Lighted
2024-02-06T17:27:00.000,I 285,I 285 and New Northside Dr,,Rear End,2,Clear,Dry,Daylight
2024-03-18T17:54:00.000,I 285,I 285 and New Northside Dr,,Sideswipe-Same Direction,2,Cloudy,Dry,Daylight
2023-10-17T15:00:00.000,I 285,I 285 and New Northside,,Not a Collision with Motor Vehicle,1,Clear,Dry,Daylight
2023-08-18T15:52:00.000,I 285,I 285 and New  Peachtree Rd.,,Rear End,4,Clear,Dry,Daylight
2023-04-10T16:51:00.000,I 285,I 285 and New  Peachtree Rd.,,Sideswipe-Same Direction,2,Clear,Dry,Daylight
2023-09-24T19:10:00.000,I 285,I 285 and New  Peachtree Rd.,,Sideswipe-Same Direction,2,Clear,Dry,Daylight
2023-02-27T19:46:00.000,I 285,I 285 and New  Peachtree Rd.,,Rear End,1,Clear,Dry,Dark-Lighted
2023-10-19T12:42:00.000,I 285,I 285 and New  Peachtree Rd.,,Sideswipe-Same Direction,2,Clear,Dry,Daylight
2023-03-11T19:26:00.000,I 285,I 285 and New  Peachtree Rd.,,Rear End,2,Clear,Dry,Dark-Not Lighted
2021-12-18T18:22:00.000,I 285,I 285 and New  Peachtree Rd.,,Rear End,3,Rain,Wet,Dark-Lighted
2022-02-28T16:26:00.000,I 285,I 285 and New  Peachtree Rd.,,Rear End,2,Clear,Dry,Daylight
2022-08-12T14:41:00.000,I 285,I 285 and New  Peachtree Rd.,,Angle Crash,2,Clear,Dry,Daylight
2022-04-25T23:54:00.000,I 285,I 285 and New  Peachtree Rd.,,Sideswipe-Same Direction,2,Clear,Dry,Dark-Lighted
2022-10-07T20:41:00.000,I 285,I 285 and New  Peachtree Rd.,,Sideswipe-Same Direction,2,Clear,Dry,Dark-Lighted
2022-05-19T06:49:00.000,I 285,I 285 and New  Peachtree Rd.,,Rear End,2,Clear,Dry,Daylight
2022-09-27T09:15:00.000,I 285,I 285 and New  Peachtree Rd.,,Rear End,2,Clear,Dry,Daylight
2022-03-09T08:55:00.000,I 285,I 285 and New  Peachtree Rd.,,Rear End,2,Cloudy,Wet,Daylight
2024-01-19T13:03:00.000,I 285,I 285 and New  Peachtree Rd.,,Sideswipe-Same Direction,2,Clear,Dry,Daylight
2023-12-11T06:53:00.000,I 285,I 285 and New  Peachtree Rd.,,Rear End,2,Cloudy,Dry,Dark-Not Lighted
2023-04-11T14:12:00.000,I 285,I 285 and New  Peachtree Rd.,,Angle Crash,1,Clear,Dry,Daylight
2023-02-23T08:15:00.000,I 285,I 285 and New  Peachtree Rd.,,Rear End,2,Cloudy,Dry,Daylight
2023-02-23T10:00:00.000,I 285,I 285 and New  Peachtree Rd.,,Rear End,2,Cloudy,Dry,Daylight
2024-02-12T18:24:00.000,I 285,I 285 and New  Peachtree Rd.,,Sideswipe-Same Direction,4,Clear,Wet,Dusk
2024-03-13T17:10:00.000,I 285,I 285 and New  Peachtree Rd.,,Rear End,2,Clear,Dry,Daylight
2024-05-18T18:10:00.000,I 285,I 285 and New  Peachtree Rd.,,Sideswipe-Same Direction,2,Cloudy,Dry,Daylight
2020-10-09T20:29:00.000,I 285,I 285 and New  Peachtree Rd,,Rear End,2,Rain,Wet,Dark-Not Lighted
2020-07-01T10:10:00.000,I 285,I 285 and New  Peachtree Rd,,Angle Crash,2,Clear,Dry,Daylight
2020-07-30T17:46:00.000,I 285,I 285 and New  Peachtree Rd,,Rear End,2,Cloudy,Wet,Daylight
2020-07-01T16:11:00.000,I 285,I 285 and New  Peachtree Rd,,Angle Crash,2,Clear,Dry,Daylight
2023-09-21T17:02:00.000,I 285,I 285 and Near Stone Mountain Pkwy,,Angle Crash,2,Clear,Dry,Daylight
2020-02-04T17:12:00.000,I 285,I 285 and Near S Cobb Dr,,Sideswipe-Same Direction,2,Rain,Wet,Daylight
2020-01-06T13:10:00.000,I 285,I 285 and Near Paces Ferry Rd,,Sideswipe-Same Direction,1,Clear,Dry,Daylight
2024-01-09T07:40:00.000,I 285,I 285 and Near Northlake Pkwy,,Not a Collision with Motor Vehicle,1,Rain,Water (standing or moving),Dark-Not Lighted
2020-06-11T07:51:00.000,I 285,I 285 and Near Mm 21,,Not a Collision with Motor Vehicle,1,Clear,Dry,Daylight
2020-06-11T08:38:00.000,I 285,I 285 and Near Mm 21,,Angle Crash,3,Clear,Dry,Daylight
2020-06-11T08:25:00.000,I 285,I 285 and Near Mm 21,,Not a Collision with Motor Vehicle,1,Clear,Dry,Daylight
2020-08-20T06:32:00.000,I 285,I 285 and Near Mile Marker 17,,Rear End,2,Cloudy,Wet,Dark-Not Lighted
2020-07-21T11:35:00.000,I 285,I 285 and Near Memorial Dr,,Rear End,2,Clear,Dry,Daylight
2023-01-11T09:15:00.000,I 285,I 285 and Near Memorial Dr,,Angle Crash,2,Clear,Dry,Daylight
2023-06-14T16:29:00.000,I 285,I 285 and Near Lawrenceville Hwy Exit,,Rear End,2,Cloudy,Wet,Daylight
2023-02-14T08:15:00.000,I 285,I 285 and Near Lawrenceville Hwy Exit,,Angle Crash,3,Clear,Dry,Daylight
2024-07-04T19:40:00.000,I 285,I 285 and Near Lawrenceville Highway Exit,,Rear End,2,Clear,Dry,Daylight
2023-10-11T16:00:00.000,I 285,I 285 and Near Lavista Rd,,Not a Collision with Motor Vehicle,2,Rain,Dry,Daylight
2023-12-11T17:23:00.000,I 285,I 285 and Near I85 Exit Rp,,Angle Crash,2,Clear,Dry,Dusk
2022-07-30T07:30:00.000,I 285,I 285 and Near I85 Exit,,Angle Crash,2,Cloudy,Dry,Daylight
2021-05-25T11:02:00.000,I 285,I 285 and Near I75 Opas,,Sideswipe-Same Direction,2,Clear,Dry,Daylight
2022-08-05T13:35:00.000,I 285,I 285 and Near Hwy 78 W Exit,,Rear End,2,Clear,Dry,Daylight
2023-10-26T22:04:00.000,I 285,I 285 and Near Hwy 78,,Angle Crash,2,Clear,Dry,Dark-Not Lighted
2020-12-30T12:20:00.000,I 285,I 285 and Near Covington Hwy Exit,,Not a Collision with Motor Vehicle,2,Cloudy,Dry,Daylight
2022-06-28T10:15:00.000,I 285,I 285 and Near Church St,,Rear End,2,Clear,Dry,Daylight
2020-02-03T17:00:00.000,I 285,I 285 and Near Bolton Rd,,Rear End,2,Clear,Dry,Daylight
2020-02-03T15:59:00.000,I 285,I 285 and Near Bolton Rd,,Rear End,2,Clear,Dry,Daylight
2023-03-03T22:05:00.000,I 285,I 285 and Nalley Way,,Not a Collision with Motor Vehicle,1,Cloudy,Dry,Dark-Not Lighted
2024-11-20T19:53:00.000,I 285,I 285 and N.Shallowford Rd,,Rear End,2,Clear,Dry,Dark-Lighted
2022-04-11T16:02:00.000,I 285,I 285 and N.Peachtree Rd,,Rear End,3,Clear,Dry,Daylight
2021-12-15T09:51:00.000,I 285,I 285 and N. Peachtree Rd,,Angle Crash,2,Clear,Dry,Daylight
2022-01-13T09:39:00.000,I 285,I 285 and N. Peachtree Rd,,Angle Crash,2,Clear,Dry,Daylight
2021-08-13T17:00:00.000,I 285,I 285 and N Shallowford Rd,,Rear End,2,Clear,Dry,Daylight
2021-11-11T11:57:00.000,I 285,I 285 and N Shallowford Rd,,Not a Collision with Motor Vehicle,1,Cloudy,Dry,Daylight
2023-01-24T11:08:00.000,I 285,I 285 and N Shallowford Rd,,Rear End,2,Clear,Dry,Daylight
2023-04-23T02:57:00.000,I 285,I 285 and N Shallowford Rd,,Rear End,4,Clear,Dry,Dark-Not Lighted
2023-05-05T11:18:00.000,I 285,I 285 and N Shallowford Rd,,Not a Collision with Motor Vehicle,3,Cloudy,Dry,Daylight
2023-08-31T10:52:00.000,I 285,I 285 and N Shallowford Rd,,Rear End,2,Clear,Dry,Daylight
2020-11-17T09:54:00.000,I 285,I 285 and N Shallowford Rd,,Rear End,2,Clear,Dry,Daylight
2020-05-15T04:54:00.000,I 285,I 285 and N Shallowford Rd,,Sideswipe-Same Direction,2,Clear,Dry,Dark-Not Lighted
2022-10-27T07:49:00.000,I 285,I 285 and N Shallowford Rd,,Rear End,2,Clear,Dry,Daylight
2022-05-30T12:32:00.000,I 285,I 285 and N Shallowford Rd,,Rear End,2,Clear,Dry,Daylight
2023-02-06T10:09:00.000,I 285,I 285 and N Shallowford Rd,,Rear End,2,Clear,Dry,Daylight
2023-07-20T15:51:00.000,I 285,I 285 and N Shallowford Rd,,Rear End,3,Clear,Dry,Daylight
2024-11-12T13:41:00.000,I 285,I 285 and N Shallowford Rd,,Not a Collision with Motor Vehicle,2,Clear,Dry,Daylight
2020-03-01T12:14:00.000,I 285,I 285 and N Prky,,Sideswipe-Same Direction,2,Clear,Dry,Daylight
2022-04-20T16:12:00.000,I 285,I 285 and N Pkwy,,Rear End,2,Clear,Dry,Daylight
2022-04-12T18:16:00.000,I 285,I 285 and N Pkwy,,Sideswipe-Same Direction,2,Clear,Dry,Daylight
2022-03-29T20:49:00.000,I 285,I 285 and N Pkwy,,Sideswipe-Same Direction,2,Clear,Dry,Dark-Not Lighted
2020-11-17T10:07:00.000,I 285,I 285 and N Peachtree Rd Off Rp,,Rear End,2,Clear,Dry,Daylight
2021-06-19T18:36:00.000,I 285,I 285 and N Peachtree Rd,,Rear End,2,Rain,Wet,Daylight
2021-11-11T06:55:00.000,I 285,I 285 and N Peachtree Rd,,Sideswipe-Same Direction,3,Cloudy,Dry,Dawn
2021-04-28T14:30:00.000,I 285,I 285 and N Peachtree Rd,,Sideswipe-Same Direction,2,Clear,Dry,Daylight
2021-06-10T23:00:00.000,I 285,I 285 and N Peachtree Rd,,Sideswipe-Same Direction,2,Cloudy,Dry,Dark-Not Lighted
2023-10-20T22:30:00.000,I 285,I 285 and N Peachtree Rd,,Not a Collision with Motor Vehicle,1,Cloudy,Dry,Dark-Not Lighted
2023-01-05T16:14:00.000,I 285,I 285 and N Peachtree Rd,,Rear End,2,Clear,Dry,Daylight
2023-01-17T20:03:00.000,I 285,I 285 and N Peachtree Rd,,Sideswipe-Same Direction,2,Fog,Wet,Dark-Lighted
2023-11-22T09:17:00.000,I 285,I 285 and N Peachtree Rd,,Rear End,2,Clear,Dry,Daylight
2023-02-22T20:20:00.000,I 285,I 285 and N Peachtree Rd,,Not a Collision with Motor Vehicle,1,Clear,Dry,Dark-Not Lighted
2020-10-21T04:05:00.000,I 285,I 285 and N Peachtree Rd,,Sideswipe-Same Direction,2,Clear,Dry,Dark-Lighted
2020-06-03T21:30:00.000,I 285,I 285 and N Peachtree Rd,,Angle Crash,2,Clear,Dry,Dark-Lighted
2020-09-28T07:52:00.000,I 285,I 285 and N Peachtree Rd,,Sideswipe-Same Direction,2,Cloudy,Dry,Daylight
2020-10-09T15:34:00.000,I 285,I 285 and N Peachtree Rd,,Rear End,2,Rain,Wet,Daylight
2020-10-23T00:02:00.000,I 285,I 285 and N Peachtree Rd,,Rear End,2,Clear,Dry,Dark-Not Lighted
2021-06-28T08:47:00.000,I 285,I 285 and N Peachtree Rd,,Sideswipe-Same Direction,2,Clear,Dry,Daylight
2021-02-18T16:26:00.000,I 285,I 285 and N Peachtree Rd,,Rear End,2,Cloudy,Dry,Daylight
2021-06-24T16:16:00.000,I 285,I 285 and N Peachtree Rd,,Rear End,2,Clear,Dry,Daylight
2021-02-22T08:08:00.000,I 285,I 285 and N Peachtree Rd,,Sideswipe-Same Direction,2,Cloudy,Wet,Daylight
2021-12-02T15:47:00.000,I 285,I 285 and N Peachtree Rd,,Rear End,2,Clear,Dry,Daylight
2022-03-16T08:45:00.000,I 285,I 285 and N Peachtree Rd,,Angle Crash,2,Rain,Wet,Daylight
2022-09-29T14:06:00.000,I 285,I 285 and N Peachtree Rd,,Not a Collision with Motor Vehicle,2,Clear,Dry,Daylight
2022-09-29T08:14:00.000,I 285,I 285 and N Peachtree Rd,,Sideswipe-Same Direction,2,Clear,Dry,Daylight
2022-03-17T09:14:00.000,I 285,I 285 and N Peachtree Rd,,Sideswipe-Same Direction,2,Cloudy,Dry,Daylight
2022-09-14T15:22:00.000,I 285,I 285 and N Peachtree Rd,,Rear End,2,Clear,Dry,Daylight
2024-08-21T08:59:00.000,I 285,I 285 and N Peachtree Rd,,Rear End,2,Clear,Dry,Daylight
2024-03-22T16:44:00.000,I 285,I 285 and N Peachtree Rd,,Rear End,2,Clear,Wet,Daylight
2024-04-07T09:46:00.000,I 285,I 285 and N Peachtree Rd,,Rear End,2,Clear,Dry,Daylight
2024-02-19T14:44:00.000,I 285,I 285 and N Peachtree Rd,,Angle Crash,2,Clear,Dry,Daylight
2024-05-11T19:13:00.000,I 285,I 285 and N Peachtree Rd,,Rear End,2,Clear,Dry,Daylight
2024-08-10T12:26:00.000,I 285,I 285 and N Peachtree Rd,,Sideswipe-Opposite Direction,2,Clear,Dry,Daylight
2024-10-05T23:00:00.000,I 285,I 285 and N Peachtree Rd,,Sideswipe-Same Direction,2,Clear,Dry,Daylight
2024-03-15T12:41:00.000,I 285,I 285 and N Peachtree Rd,,Sideswipe-Same Direction,2,Rain,Wet,Daylight
2023-03-07T12:13:00.000,I 285,I 285 and N Peachtree Rd,,Angle Crash,2,Clear,Dry,Daylight
2023-09-26T15:37:00.000,I 285,I 285 and N Peachtree Rd,,Rear End,2,Clear,Dry,Daylight
2023-06-26T12:11:00.000,I 285,I 285 and N Peachtree Rd,,Not a Collision with Motor Vehicle,2,Clear,Dry,Daylight
2023-10-17T07:00:00.000,I 285,I 285 and N Peachtree Rd,,Sideswipe-Same Direction,2,Clear,Dry,Daylight
2023-06-16T09:52:00.000,I 285,I 285 and N Peachtree Rd,,Not a Collision with Motor Vehicle,2,Clear,Dry,Daylight
2023-02-01T09:57:00.000,I 285,I 285 and N Peachtree Rd,,Rear End,2,Cloudy,Dry,Daylight
2023-06-27T07:58:00.000,I 285,I 285 and N Peachtree Rd,,Angle Crash,3,Clear,Dry,Daylight
2024-03-29T18:52:00.000,I 285,I 285 and N Peachtree Rd,,Rear End,2,Clear,Dry,Daylight
2024-07-09T08:00:00.000,I 285,I 285 and N Peachtree Rd,,Sideswipe-Same Direction,2,Cloudy,Dry,Daylight
2024-11-20T07:43:00.000,I 285,I 285 and N Peachtree Rd,,Rear End,2,Rain,Wet,Daylight
2024-06-02T11:37:00.000,I 285,I 285 and N Peachtree Rd,,Sideswipe-Same Direction,2,Cloudy,Dry,Daylight
2024-09-16T06:56:00.000,I 285,I 285 and N Peachtree Rd,,Angle Crash,2,Clear,Dry,Daylight
2024-12-01T14:03:00.000,I 285,I 285 and N Peachtree Rd,,Rear End,2,Clear,Dry,Daylight
2024-11-29T12:22:00.000,I 285,I 285 and N Peachtree Rd,,Rear End,2,Clear,Dry,Daylight
2024-03-27T10:23:00.000,I 285,I 285 and N Peachtree Rd,,Sideswipe-Same Direction,2,Cloudy,Dry,Daylight
2024-11-26T10:18:00.000,I 285,I 285 and N Peachtree Rd,,Sideswipe-Same Direction,2,Clear,Dry,Daylight
2024-12-14T15:02:00.000,I 285,I 285 and N Peachtree Rd,,Rear End,2,Clear,Dry,Daylight
2024-10-09T11:31:00.000,I 285,I 285 and N Peachtree Rd,,Rear End,4,Clear,Dry,Daylight
2024-11-22T00:29:00.000,I 285,I 285 and N Peachtree Rd,,Not a Collision with Motor Vehicle,1,Clear,Dry,Dark-Lighted
2021-09-07T10:03:00.000,I 285,I 285 and N Peachtree,,Rear End,2,Clear,Dry,Daylight
2021-08-12T08:00:00.000,I 285,I 285 and N Peachtree,,Rear End,2,Clear,Dry,Daylight
2023-09-05T16:59:00.000,I 285,I 285 and N Of S Cobb Dr,,Rear End,3,Clear,Dry,Daylight
2022-12-20T15:45:00.000,I 285,I 285 and N Of S Cobb Dr,,Rear End,3,Cloudy,Dry,Daylight
2022-12-15T15:16:00.000,I 285,I 285 and N Of S Cobb Dr,,Rear End,2,Clear,Dry,Daylight
2023-06-30T17:22:00.000,I 285,I 285 and N Of S Cobb Dr,,Rear End,2,Cloudy,Dry,Daylight
2023-05-04T17:08:00.000,I 285,I 285 and N Of S Atlanta Rd,,Rear End,2,Clear,Dry,Daylight
2020-03-09T17:40:00.000,I 285,I 285 and N Of S Atlanta Rd,,Sideswipe-Same Direction,2,Cloudy,Dry,Daylight
2022-11-11T16:39:00.000,I 285,I 285 and N Of S Atlanta Rd,,Rear End,2,Cloudy,Dry,Daylight
2023-08-17T17:12:00.000,I 285,I 285 and N Of S Atlanta Rd,,Sideswipe-Same Direction,2,Cloudy,Dry,Daylight
2022-12-02T10:00:00.000,I 285,I 285 and N Of Riverview Rd,,Sideswipe-Same Direction,2,Cloudy,Dry,Daylight
2020-01-14T18:43:00.000,I 285,I 285 and N Of Paces Ferry Rd,,Sideswipe-Same Direction,3,Cloudy,Wet,Dark-Not Lighted
2023-06-20T08:50:00.000,I 285,I 285 and N Of Northlake Pkwy,,Rear End,2,Cloudy,Dry,Daylight
2023-03-13T22:26:00.000,I 285,I 285 and N Of Mlk Jr Dr,,Angle Crash,2,Clear,Dry,Dark-Not Lighted