Date and Time,Roadway (From Crash Report),Intersection Name (from Crash Report),KABCO Severity,Manner of Collision (Crash Level) ,# of Vehicles per crash ,Weather Conditions (Crash Level),Surface Condition (Crash Level) ,Light Conditions (Crash Level)
2021-01-21T10:37:00.000,I 285,I 285 and N Of Lawrenceville Hwy,,Angle Crash,2,Rain,Wet,Daylight
2023-07-17T13:03:00.000,I 285,I 285 and N Of I20 Interchange,,Rear End,2,Clear,Dry,Daylight
2020-03-03T08:55:00.000,I 285,I 285 and N Of I20,,Rear End,2,Rain,Wet,Daylight
2020-01-24T16:12:00.000,I 285,I 285 and N Of I20,,Sideswipe-Same Direction,2,Clear,Dry,Daylight
2020-01-28T19:55:00.000,I 285,I 285 and N Of I20,,Rear End,2,Cloudy,Dry,Dark-Not Lighted
2020-01-06T15:00:00.000,I 285,I 285 and N Of I20,,Rear End,3,Clear,Dry,Daylight
2023-01-13T15:25:00.000,I 285,I 285 and N Of I20,,Sideswipe-Same Direction,3,Cloudy,Dry,Daylight
2023-01-11T18:47:00.000,I 285,I 285 and N Of I20,,Rear End,2,Clear,Dry,Dark-Not Lighted
2023-03-30T13:44:00.000,I 285,I 285 and N Of I20,,Rear End,3,Clear,Dry,Daylight
2023-01-13T10:47:00.000,I 285,I 285 and N Of Hwy 78,,Rear End,2,Cloudy,Dry,Daylight
2022-09-05T18:42:00.000,I 285,I 285 and N Of Donald Lee Hollowell,,Sideswipe-Same Direction,2,Cloudy,Dry,Daylight
2023-01-05T11:18:00.000,I 285,I 285 and N Of Covington Hwy,,Rear End,3,Clear,Dry,Daylight
2024-01-18T17:10:00.000,I 285,I 285 and N Of Camp Creek Pkwy,,Rear End,3,Cloudy,Dry,Daylight
2021-02-22T08:40:00.000,I 285,I 285 and N Lake Pkwy,,Rear End,2,Cloudy,Dry,Daylight
2022-04-21T22:40:00.000,I 285,I 285 and N Indian Creek Marta,,Angle Crash,2,Clear,Dry,Dark-Lighted
2022-05-04T22:40:00.000,I 285,I 285 and N Indian Creek Marta,,Angle Crash,2,Clear,Dry,Dark-Lighted
2021-10-10T13:12:00.000,I 285,I 285 and N Dekalb Dr,,Rear End,2,Cloudy,Dry,Daylight
2021-04-16T11:35:00.000,I 285,I 285 and N Decatur Rd,,Rear End,2,Clear,Dry,Daylight
2021-06-01T09:30:00.000,I 285,I 285 and N Decatur Rd,,Not a Collision with Motor Vehicle,1,Clear,Dry,Daylight
2023-10-12T01:30:00.000,I 285,I 285 and N Decatur Rd,,Sideswipe-Same Direction,2,Rain,Wet,Dark-Not Lighted
2023-03-07T15:15:00.000,I 285,I 285 and N Decatur Rd,,Rear End,2,Clear,Dry,Daylight
2023-11-17T20:30:00.000,I 285,I 285 and N Decatur Rd,,Rear End,2,Clear,Dry,Dark-Not Lighted
2023-11-02T17:30:00.000,I 285,I 285 and N Decatur Rd,,Rear End,2,Clear,Dry,Daylight
2023-11-17T20:25:00.000,I 285,I 285 and N Decatur Rd,,Rear End,2,Clear,Dry,Dark-Not Lighted
2023-10-17T17:34:00.000,I 285,I 285 and N Decatur Rd,,Sideswipe-Same Direction,2,Clear,Dry,Daylight
2021-06-25T14:05:00.000,I 285,I 285 and N Decatur Rd,,Rear End,2,Cloudy,Dry,Daylight
2020-08-07T14:55:00.000,I 285,I 285 and N Decatur Rd,,Rear End,4,Clear,Dry,Daylight
2021-08-30T07:49:00.000,I 285,I 285 and N Decatur Rd,,Rear End,2,Cloudy,Dry,Daylight
2021-10-10T11:04:00.000,I 285,I 285 and N Decatur Rd,,Angle Crash,2,Clear,Dry,Daylight
2021-08-06T07:31:00.000,I 285,I 285 and N Decatur Rd,,Rear End,2,Clear,Dry,Daylight
2022-03-13T11:38:00.000,I 285,I 285 and N Decatur Rd,,Rear End,2,Clear,Dry,Daylight
2022-10-15T20:15:00.000,I 285,I 285 and N Decatur Rd,,Rear End,2,Clear,Dry,Dark-Lighted
2022-02-15T12:07:00.000,I 285,I 285 and N Decatur Rd,,Rear End,2,Clear,Dry,Daylight
2021-12-14T09:04:00.000,I 285,I 285 and N Decatur Rd,,Rear End,4,Clear,Dry,Daylight
2022-02-15T13:19:00.000,I 285,I 285 and N Decatur Rd,,Not a Collision with Motor Vehicle,2,Clear,Dry,Daylight
2022-09-12T23:32:00.000,I 285,I 285 and N Decatur Rd,,Rear End,2,Clear,Dry,Dark-Lighted
2022-08-11T06:37:00.000,I 285,I 285 and N Decatur Rd,,Rear End,3,Clear,Dry,Daylight
2024-06-29T17:09:00.000,I 285,I 285 and N Decatur Rd,,Sideswipe-Same Direction,2,Clear,Dry,Daylight
2023-09-25T09:17:00.000,I 285,I 285 and N Decatur Rd,,Rear End,2,Clear,Dry,Daylight
2023-07-11T09:38:00.000,I 285,I 285 and N Decatur Rd,,Sideswipe-Same Direction,2,Clear,Dry,Daylight
2024-10-21T18:30:00.000,I 285,I 285 and N Decatur Rd,,Angle Crash,3,Clear,Dry,Daylight
2024-03-09T14:32:00.000,I 285,I 285 and N Decatur Rd,,Sideswipe-Same Direction,2,Cloudy,Dry,Daylight
2024-02-28T17:20:00.000,I 285,I 285 and N Decatur Rd,,Angle Crash,2,Cloudy,Dry,Daylight
2024-10-23T14:38:00.000,I 285,I 285 and N Decatur Rd,,Angle Crash,2,Clear,Dry,Daylight
2024-12-24T17:40:00.000,I 285,I 285 and N Decatur Rd,,Sideswipe-Same Direction,2,Clear,Dry,Daylight
2024-08-06T23:30:00.000,I 285,I 285 and N Decatur Rd,,Rear End,2,Clear,Dry,Dark-Lighted
2021-04-18T03:42:00.000,I 285,I 285 and N Camp Creek Pkwy,,Not a Collision with Motor Vehicle,1,Clear,Dry,Dark-Lighted
2020-01-15T18:28:00.000,I 285,I 285 and N Camp Creek Pkwy,,Sideswipe-Same Direction,2,Cloudy,Wet,Dark-Lighted
2020-01-04T12:54:00.000,I 285,I 285 and N Camp Creek Pkwy,,Rear End,2,Clear,Dry,Daylight
2023-07-28T15:41:00.000,I 285,I 285 and N Camp Creek Pkwy,,Rear End,4,Cloudy,Dry,Daylight
2023-08-10T15:14:00.000,I 285,I 285 and N Camp Creek Pkwy,,Sideswipe-Same Direction,3,Clear,Dry,Daylight
2020-07-02T03:23:00.000,I 285,I 285 and N Camp Creek Pkwy,,Not a Collision with Motor Vehicle,1,Clear,Dry,Dark-Lighted
2020-01-03T04:26:00.000,I 285,I 285 and N Camp Creek Pkwy,,Head On,1,Rain,Wet,Dark-Lighted
2020-09-01T21:43:00.000,I 285,I 285 and N Camp Creek Pkwy,,Rear End,3,Clear,Dry,Dark-Lighted
2020-05-24T17:36:00.000,I 285,I 285 and N Camp Creek Pkwy,,Rear End,3,Severe Thunderstorm or Tornadic,Wet,Daylight
2020-01-05T12:58:00.000,I 285,I 285 and N Camp Creek Pkwy,,Rear End,4,Clear,Dry,Daylight
2020-01-30T20:21:00.000,I 285,I 285 and N Camp Creek Pkwy,,Sideswipe-Same Direction,2,Clear,Dry,Dark-Lighted
2020-07-06T21:15:00.000,I 285,I 285 and N Camp Creek Pkwy,,Not a Collision with Motor Vehicle,1,Rain,Wet,Dark-Not Lighted
2020-08-20T15:35:00.000,I 285,I 285 and N Camp Creek Pkwy,,Rear End,2,Rain,Wet,Daylight
2020-06-13T00:16:00.000,I 285,I 285 and N Camp Creek Pkwy,,Angle Crash,2,Clear,Dry,Dark-Not Lighted
2020-01-04T00:26:00.000,I 285,I 285 and N Camp Creek Pkwy,,Rear End,2,Rain,Wet,Dark-Not Lighted
2020-07-06T19:35:00.000,I 285,I 285 and N Camp Creek Pkwy,,Angle Crash,2,Rain,Wet,Daylight
2020-06-12T22:55:00.000,I 285,I 285 and N Camp Creek Pkwy,,Rear End,2,Clear,Dry,Dark-Lighted
2020-10-20T19:08:00.000,I 285,I 285 and N Camp Creek Pkwy,,Sideswipe-Same Direction,2,Clear,Dry,Dark-Not Lighted
2021-03-17T18:04:00.000,I 285,I 285 and N Camp Creek Pkwy,,Rear End,2,Rain,Dry,Dusk
2021-05-24T19:44:00.000,I 285,I 285 and N Camp Creek Pkwy,,Rear End,2,Clear,Dry,Daylight
2021-01-15T04:36:00.000,I 285,I 285 and N Camp Creek Pkwy,,Not a Collision with Motor Vehicle,1,Cloudy,Dry,Dark-Not Lighted
2021-05-24T19:44:00.000,I 285,I 285 and N Camp Creek Pkwy,,Sideswipe-Same Direction,2,Clear,Dry,Daylight
2022-01-06T16:23:00.000,I 285,I 285 and N Camp Creek Pkwy,,Rear End,2,Rain,Wet,Daylight
2024-12-13T18:35:00.000,I 285,I 285 and N Camp Creek Pkwy,,Rear End,2,Clear,Dry,Dusk
2023-10-04T16:04:00.000,I 285,I 285 and N Camp Creek Pkwy,,Rear End,2,Clear,Dry,Daylight
2023-07-28T15:41:00.000,I 285,I 285 and N Camp Creek Pkwy,,Rear End,2,Cloudy,Dry,Daylight
2023-12-09T07:30:00.000,I 285,I 285 and N 75Toll,,Angle Crash,2,Rain,Wet,Dark-Lighted
2022-08-24T12:58:00.000,I 285,I 285 and Mt. Wilkinson Pwky,,Rear End,2,Clear,Dry,Daylight
2023-01-26T21:20:00.000,I 285,I 285 and Mt Wilkinson Pkwy,,Rear End,3,Clear,Dry,Dark-Not Lighted
2023-08-18T06:00:00.000,I 285,I 285 and Mt Wilkinson Pkwy,,Sideswipe-Same Direction,2,Clear,Dry,Daylight
2023-11-01T07:05:00.000,I 285,I 285 and Mt Wilkinson Pkwy,,Sideswipe-Same Direction,2,Clear,Dry,Dark-Not Lighted
2023-04-22T04:11:00.000,I 285,I 285 and Mt Wilkinson Pkwy,,Sideswipe-Same Direction,2,Rain,Wet,Dark-Lighted
2022-06-15T14:30:00.000,I 285,I 285 and Mt Wilkinson Pkwy,,Rear End,2,Clear,Dry,Daylight
2020-01-03T04:00:00.000,I 285,I 285 and Mt Wilkinson Pkwy,,Rear End,2,Rain,Wet,Dark-Lighted
2020-05-08T00:11:00.000,I 285,I 285 and Mt Wilkinson Pkwy,,Not a Collision with Motor Vehicle,1,Clear,Dry,Dark-Not Lighted
2020-02-05T18:39:00.000,I 285,I 285 and Mt Wilkinson Pkwy,,Rear End,2,Cloudy,Wet,Daylight
2020-11-24T11:42:00.000,I 285,I 285 and Mt Wilkinson Pkwy,,Rear End,2,Cloudy,Dry,Daylight
2021-08-07T14:12:00.000,I 285,I 285 and Mt Wilkinson Pkwy,,Rear End,2,Cloudy,Dry,Daylight
2022-09-15T10:00:00.000,I 285,I 285 and Mt Wilkinson Pkwy,,Sideswipe-Same Direction,2,Clear,Dry,Daylight
2022-03-19T10:03:00.000,I 285,I 285 and Mt Wilkinson Pkwy,,Rear End,2,Clear,Dry,Daylight
2022-12-28T21:49:00.000,I 285,I 285 and Mt Wilkinson Pkwy,,Sideswipe-Same Direction,4,Clear,Dry,Dark-Lighted
2024-11-02T03:40:00.000,I 285,I 285 and Mt Wilkinson Pkwy,,Not a Collision with Motor Vehicle,1,Clear,Dry,Dark-Not Lighted
2023-06-25T18:25:00.000,I 285,I 285 and Mt Wilkinson Pkwy,,Rear End,3,Rain,Wet,Daylight
2023-11-01T17:32:00.000,I 285,I 285 and Mt Wilkinson Pkwy,,Sideswipe-Same Direction,2,Clear,Dry,Daylight
2024-02-18T15:09:00.000,I 285,I 285 and Mt Wilkinson Pkwy,,Angle Crash,5,Clear,Dry,Daylight
2023-08-21T12:40:00.000,I 285,I 285 and Mt Wilkinson Pkwy,,Angle Crash,2,Clear,Dry,Daylight
2023-08-07T18:55:00.000,I 285,I 285 and Mt Wilkinson Pkwy,,Rear End,2,Clear,Wet,Daylight
2024-11-24T08:44:00.000,I 285,I 285 and Mt Wilkinson Pkwy,,Rear End,2,Clear,Dry,Daylight
2024-12-29T04:00:00.000,I 285,I 285 and Mt Wilkinson Pkwy,,Not a Collision with Motor Vehicle,1,Rain,Wet,Dark-Not Lighted
2024-03-09T16:24:00.000,I 285,I 285 and Mt Wilkinson Pkwy,,Rear End,2,Cloudy,Dry,Daylight
2024-04-25T06:31:00.000,I 285,I 285 and Mt Wilkinson Pkwy,,Not a Collision with Motor Vehicle,2,Clear,Dry,Dawn
2024-05-20T13:08:00.000,I 285,I 285 and Mt Wilkinson Pkwy,,Rear End,2,Clear,Dry,Daylight
2024-12-21T14:08:00.000,I 285,I 285 and Mt Wilkinson Pkwy,,Rear End,2,Clear,Dry,Daylight
2024-03-09T14:36:00.000,I 285,I 285 and Mt Wilkinson Pkwy,,Rear End,2,Cloudy,Dry,Daylight
2024-04-17T19:21:00.000,I 285,I 285 and Mt Wilkinson Pkwy,,Rear End,2,Cloudy,Dry,Daylight
2024-10-02T22:11:00.000,I 285,I 285 and Mt Wilkinson Pkwy,,Not a Collision with Motor Vehicle,1,Clear,Dry,Dark-Not Lighted
2024-10-12T13:00:00.000,I 285,I 285 and Mt Wilkinson Pkwy,,Rear End,2,Clear,Dry,Daylight
2024-06-01T15:54:00.000,I 285,I 285 and Mt Wilkinson Pkwy,,Sideswipe-Same Direction,2,Cloudy,Dry,Daylight
2024-04-28T20:30:00.000,I 285,I 285 and Mt Wilkinson Pkwy,,Sideswipe-Same Direction,3,Clear,Dry,Daylight
2024-11-23T10:49:00.000,I 285,I 285 and Mt Wilkinson Pkwy,,Rear End,2,Clear,Dry,Daylight
2021-03-03T17:44:00.000,I 285,I 285 and Mt Wilkinson Opas,,Rear End,3,Clear,Dry,Daylight
2023-04-02T08:38:00.000,I 285,I 285 and Mt Wilkerson Pkwy,,Angle Crash,3,Clear,Dry,Daylight
2021-07-13T19:10:00.000,I 285,I 285 and Mt Vernon Hwy,,Angle Crash,3,Cloudy,Wet,Daylight
2024-01-17T06:00:00.000,I 285,I 285 and Mt Vernon Hwy,,Not a Collision with Motor Vehicle,1,Clear,Dry,Dark-Not Lighted
2021-03-29T17:48:00.000,I 285,I 285 and Mt Gilead Rd,,Rear End,2,Clear,Dry,Daylight
2021-04-27T08:57:00.000,I 285,I 285 and Mt Gilead Rd,,Sideswipe-Same Direction,2,Clear,Dry,Daylight
2023-09-07T10:35:00.000,I 285,I 285 and Mt Gilead Rd,,Sideswipe-Same Direction,3,Clear,Dry,Daylight
2020-09-11T11:34:00.000,I 285,I 285 and Mt Gilead Rd,,Rear End,2,Clear,Dry,Daylight
2023-05-12T15:10:00.000,I 285,I 285 and Mt Gilead Rd,,Rear End,2,Cloudy,Dry,Daylight
2022-08-11T18:30:00.000,I 285,I 285 and Mt Gilead,,Rear End,2,Cloudy,Dry,Daylight
2020-05-13T16:00:00.000,I 285,I 285 and Mrtin Luther King Jr Dr,,Sideswipe-Same Direction,3,Clear,Dry,Daylight
2023-06-05T17:10:00.000,I 285,I 285 and Mount Wilkinson Pkwy,,Sideswipe-Same Direction,2,Clear,Dry,Daylight
2023-12-12T07:55:00.000,I 285,I 285 and Mount Vernon Hwy,,Sideswipe-Same Direction,2,Clear,Dry,Daylight
2020-06-22T18:55:00.000,I 285,I 285 and Mount Gilead Road Opas,,Not a Collision with Motor Vehicle,1,Rain,Wet,Daylight
2021-01-27T02:42:00.000,I 285,I 285 and Mount Gilead Rd,,Not a Collision with Motor Vehicle,1,Rain,Wet,Dark-Lighted
2021-02-19T12:12:00.000,I 285,I 285 and Mount Gilead Rd,,Sideswipe-Same Direction,2,Clear,Dry,Daylight
2021-02-18T02:50:00.000,I 285,I 285 and Mount Gilead Rd,,Not a Collision with Motor Vehicle,1,Rain,Wet,Dark-Lighted
2021-06-14T21:30:00.000,I 285,I 285 and Motors Industrial Way,,Rear End,2,Clear,Dry,Dark-Not Lighted
2024-02-01T18:15:00.000,I 285,I 285 and Motors Industrial Way,,Angle Crash,2,Clear,Dry,Dark-Not Lighted
2024-09-19T18:08:00.000,I 285,I 285 and Morland Ave,,Rear End,2,Clear,Dry,Daylight
2021-12-10T10:40:00.000,I 285,I 285 and Morelnd Ave,,Rear End,2,Rain,Wet,Daylight
2021-03-21T13:28:00.000,I 285,I 285 and Morelland Ave,,Not a Collision with Motor Vehicle,1,Clear,Dry,Daylight
2020-06-02T13:37:00.000,I 285,I 285 and Moreland Ve,,Sideswipe-Same Direction,2,Cloudy,Dry,Daylight
2020-08-14T14:54:00.000,I 285,I 285 and Moreland Rd,,Angle Crash,2,Clear,Dry,Daylight
2022-12-19T00:00:00.000,I 285,I 285 and Moreland Avenue Opas,,Not a Collision with Motor Vehicle,1,Clear,Dry,Daylight
2022-11-17T07:15:00.000,I 285,I 285 and Moreland Avenue Opas,,Sideswipe-Same Direction,2,Clear,Dry,Daylight
2023-09-17T06:38:00.000,I 285,I 285 and Moreland Ave.,,Not a Collision with Motor Vehicle,1,Rain,Wet,Daylight
2023-09-04T11:27:00.000,I 285,I 285 and Moreland Ave.,,Not a Collision with Motor Vehicle,1,Clear,Dry,Daylight
2022-06-02T13:45:00.000,I 285,I 285 and Moreland Ave.,,Sideswipe-Same Direction,2,Clear,Dry,Daylight
2022-01-29T19:30:00.000,I 285,I 285 and Moreland Ave.,,Sideswipe-Same Direction,2,Clear,Dry,Dark-Lighted
2022-11-14T06:28:00.000,I 285,I 285 and Moreland Ave.,,Sideswipe-Same Direction,2,Clear,Dry,Dawn
2022-06-02T17:05:00.000,I 285,I 285 and Moreland Ave.,,Rear End,2,Clear,Dry,Daylight
2023-10-25T08:16:00.000,I 285,I 285 and Moreland Ave.,,Rear End,2,Clear,Dry,Daylight
2023-02-23T13:00:00.000,I 285,I 285 and Moreland Ave.,,Sideswipe-Same Direction,2,Cloudy,Dry,Daylight
2023-03-25T12:00:00.000,I 285,I 285 and Moreland Ave.,,Rear End,2,Clear,Dry,Daylight
2024-06-03T08:15:00.000,I 285,I 285 and Moreland Ave.,,Angle Crash,2,Clear,Dry,Daylight
2024-03-12T08:05:00.000,I 285,I 285 and Moreland Ave.,,Rear End,2,Clear,Dry,Daylight
2021-01-28T06:00:00.000,I 285,I 285 and Moreland Ave Se Ave,,Sideswipe-Same Direction,2,Clear,Dry,Dark-Not Lighted
2020-11-25T16:20:00.000,I 285,I 285 and Moreland Ave Rp,,Sideswipe-Same Direction,2,Clear,Dry,Daylight
2021-02-08T00:45:00.000,I 285,I 285 and Moreland Ave,,Not a Collision with Motor Vehicle,3,Clear,Dry,Dark-Not Lighted
2021-03-11T05:30:00.000,I 285,I 285 and Moreland Ave,,Rear End,2,Clear,Dry,Dark-Not Lighted
2021-03-18T10:32:00.000,I 285,I 285 and Moreland Ave,,Sideswipe-Same Direction,2,Clear,Wet,Daylight
2021-06-26T06:55:00.000,I 285,I 285 and Moreland Ave,,Angle Crash,2,Clear,Dry,Daylight
2021-11-26T09:12:00.000,I 285,I 285 and Moreland Ave,,Not a Collision with Motor Vehicle,1,Clear,Dry,Daylight
2021-12-06T20:10:00.000,I 285,I 285 and Moreland Ave,,Sideswipe-Same Direction,3,Clear,Dry,Dark-Not Lighted
2021-12-01T09:00:00.000,I 285,I 285 and Moreland Ave,,Sideswipe-Same Direction,2,Clear,Dry,Daylight
2021-09-25T22:12:00.000,I 285,I 285 and Moreland Ave,,Rear End,2,Clear,Dry,Dark-Lighted
2021-07-19T18:01:00.000,I 285,I 285 and Moreland Ave,,Sideswipe-Same Direction,2,Rain,Wet,Daylight
2021-08-30T06:25:00.000,I 285,I 285 and Moreland Ave,,Not a Collision with Motor Vehicle,1,Clear,Dry,Dawn
2021-12-17T17:10:00.000,I 285,I 285 and Moreland Ave,,Rear End,2,Clear,Dry,Daylight
2021-11-01T07:40:00.000,I 285,I 285 and Moreland Ave,,Rear End,2,Clear,Dry,Daylight
2021-07-14T01:15:00.000,I 285,I 285 and Moreland Ave,,Not a Collision with Motor Vehicle,1,Clear,Dry,Dark-Lighted
2021-09-29T20:23:00.000,I 285,I 285 and Moreland Ave,,Rear End,2,Clear,Dry,Dark-Lighted
2021-12-08T23:30:00.000,I 285,I 285 and Moreland Ave,,Sideswipe-Same Direction,2,Clear,Dry,Dark-Lighted
2021-01-21T19:56:00.000,I 285,I 285 and Moreland Ave,,Not a Collision with Motor Vehicle,1,Cloudy,Wet,Dark-Not Lighted
2021-02-10T08:10:00.000,I 285,I 285 and Moreland Ave,,Rear End,2,Clear,Dry,Daylight
2021-06-25T20:05:00.000,I 285,I 285 and Moreland Ave,,Not a Collision with Motor Vehicle,1,Clear,Dry,Daylight
2021-04-25T12:55:00.000,I 285,I 285 and Moreland Ave,,Angle Crash,2,Clear,Dry,Daylight
2021-05-03T11:40:00.000,I 285,I 285 and Moreland Ave,,Angle Crash,3,Cloudy,Wet,Daylight
2021-06-04T18:25:00.000,I 285,I 285 and Moreland Ave,,Rear End,3,Clear,Dry,Daylight
2021-03-18T11:00:00.000,I 285,I 285 and Moreland Ave,,Angle Crash,3,Cloudy,Dry,Daylight
2021-06-08T14:21:00.000,I 285,I 285 and Moreland Ave,,Rear End,2,Rain,Wet,Daylight
2021-06-04T17:30:00.000,I 285,I 285 and Moreland Ave,,Rear End,2,Clear,Dry,Daylight
2021-05-02T15:00:00.000,I 285,I 285 and Moreland Ave,,Rear End,2,Clear,Dry,Daylight
2021-06-30T10:30:00.000,I 285,I 285 and Moreland Ave,,Not a Collision with Motor Vehicle,1,Cloudy,Dry,Daylight
2021-05-22T13:35:00.000,I 285,I 285 and Moreland Ave,,Angle Crash,2,Clear,Dry,Daylight
2021-05-28T16:21:00.000,I 285,I 285 and Moreland Ave,,Rear End,2,Cloudy,Dry,Daylight
2021-02-08T00:55:00.000,I 285,I 285 and Moreland Ave,,Sideswipe-Same Direction,5,Clear,Dry,Dark-Not Lighted
2021-04-02T17:23:00.000,I 285,I 285 and Moreland Ave,,Sideswipe-Same Direction,2,Clear,Dry,Daylight
2021-06-23T06:40:00.000,I 285,I 285 and Moreland Ave,,Head On,3,Clear,Dry,Daylight
2021-04-23T20:30:00.000,I 285,I 285 and Moreland Ave,,Not a Collision with Motor Vehicle,1,Clear,Dry,Dark-Lighted
2021-03-24T00:02:00.000,I 285,I 285 and Moreland Ave,,Rear End,2,Clear,Dry,Dark-Not Lighted
2021-05-02T02:12:00.000,I 285,I 285 and Moreland Ave,,Rear End,2,Clear,Dry,Dark-Not Lighted
2021-05-07T15:01:00.000,I 285,I 285 and Moreland Ave,,Rear End,2,Clear,Dry,Daylight
2021-03-26T13:00:00.000,I 285,I 285 and Moreland Ave,,Not a Collision with Motor Vehicle,2,Clear,Dry,Daylight
2021-09-23T17:54:00.000,I 285,I 285 and Moreland Ave,,Head On,4,Clear,Dry,Daylight
2021-12-03T12:40:00.000,I 285,I 285 and Moreland Ave,,Sideswipe-Same Direction,3,Clear,Dry,Daylight
2021-07-18T22:30:00.000,I 285,I 285 and Moreland Ave,,Angle Crash,2,Clear,Dry,Dark-Not Lighted
2021-08-06T20:10:00.000,I 285,I 285 and Moreland Ave,,Rear End,2,Clear,Dry,Daylight
2021-09-14T10:25:00.000,I 285,I 285 and Moreland Ave,,Rear End,2,Clear,Dry,Daylight
2021-08-02T11:20:00.000,I 285,I 285 and Moreland Ave,,Sideswipe-Same Direction,2,Clear,Dry,Daylight
2021-11-22T18:00:00.000,I 285,I 285 and Moreland Ave,,Sideswipe-Same Direction,2,Clear,Dry,Dark-Lighted
2021-08-08T12:30:00.000,I 285,I 285 and Moreland Ave,,Angle Crash,4,Clear,Dry,Daylight
2021-10-29T02:48:00.000,I 285,I 285 and Moreland Ave,,Angle Crash,2,Cloudy,Wet,Dark-Not Lighted
2021-11-23T14:35:00.000,I 285,I 285 and Moreland Ave,,Rear End,2,Clear,Dry,Daylight
2021-07-15T19:40:00.000,I 285,I 285 and Moreland Ave,,Rear End,2,Clear,Dry,Daylight
2021-10-22T17:45:00.000,I 285,I 285 and Moreland Ave,,Rear End,2,Clear,Dry,Daylight
2021-10-04T08:45:00.000,I 285,I 285 and Moreland Ave,,Sideswipe-Same Direction,2,Rain,Wet,Daylight
2021-09-09T14:00:00.000,I 285,I 285 and Moreland Ave,,Rear End,2,Clear,Dry,Daylight
2021-08-29T20:50:00.000,I 285,I 285 and Moreland Ave,,Rear End,2,Clear,Dry,Dark-Lighted
2021-08-14T15:00:00.000,I 285,I 285 and Moreland Ave,,Sideswipe-Opposite Direction,2,Clear,Dry,Daylight
2021-07-02T07:32:00.000,I 285,I 285 and Moreland Ave,,Not a Collision with Motor Vehicle,2,Cloudy,Wet,Daylight
2021-09-07T11:40:00.000,I 285,I 285 and Moreland Ave,,Rear End,2,Clear,Dry,Daylight
2021-12-13T16:52:00.000,I 285,I 285 and Moreland Ave,,Rear End,2,Clear,Dry,Daylight
2021-11-08T17:10:00.000,I 285,I 285 and Moreland Ave,,Sideswipe-Same Direction,3,Clear,Dry,Daylight
2021-05-21T15:00:00.000,I 285,I 285 and Moreland Ave,,Rear End,2,Clear,Dry,Daylight
2021-05-12T12:00:00.000,I 285,I 285 and Moreland Ave,,Angle Crash,2,Rain,Wet,Daylight
2021-06-13T15:30:00.000,I 285,I 285 and Moreland Ave,,Sideswipe-Same Direction,2,Clear,Dry,Daylight
2021-03-01T07:36:00.000,I 285,I 285 and Moreland Ave,,Rear End,2,Rain,Wet,Daylight
2021-04-19T21:50:00.000,I 285,I 285 and Moreland Ave,,Sideswipe-Same Direction,2,Clear,Dry,Dark-Not Lighted
2021-04-01T18:02:00.000,I 285,I 285 and Moreland Ave,,Angle Crash,4,Clear,Dry,Daylight
2021-05-02T20:10:00.000,I 285,I 285 and Moreland Ave,,Sideswipe-Same Direction,2,Clear,Dry,Dark-Lighted
2021-06-04T16:30:00.000,I 285,I 285 and Moreland Ave,,Rear End,2,Clear,Dry,Daylight
2021-05-25T10:30:00.000,I 285,I 285 and Moreland Ave,,Not a Collision with Motor Vehicle,1,Clear,Dry,Daylight
2021-04-20T12:00:00.000,I 285,I 285 and Moreland Ave,,Sideswipe-Same Direction,2,Clear,Dry,Daylight
2021-03-26T18:17:00.000,I 285,I 285 and Moreland Ave,,Angle Crash,2,Clear,Dry,Daylight
2021-01-27T03:15:00.000,I 285,I 285 and Moreland Ave,,Rear End,2,Rain,Wet,Dark-Not Lighted
2021-06-15T21:00:00.000,I 285,I 285 and Moreland Ave,,Sideswipe-Same Direction,2,Clear,Dry,Dark-Lighted
2021-04-24T17:48:00.000,I 285,I 285 and Moreland Ave,,Rear End,2,Rain,Water (standing or moving),Daylight
2021-05-14T15:23:00.000,I 285,I 285 and Moreland Ave,,Sideswipe-Same Direction,2,Clear,Dry,Daylight
2021-10-31T03:34:00.000,I 285,I 285 and Moreland Ave,,Sideswipe-Same Direction,2,Clear,Dry,Dark-Not Lighted
2021-07-28T07:15:00.000,I 285,I 285 and Moreland Ave,,Sideswipe-Same Direction,2,Fog,Dry,Dark-Not Lighted
2021-12-17T18:20:00.000,I 285,I 285 and Moreland Ave,,Sideswipe-Same Direction,2,Clear,Dry,Dark-Not Lighted
2021-09-18T14:07:00.000,I 285,I 285 and Moreland Ave,,Rear End,2,Clear,Other,Daylight
2021-08-02T11:30:00.000,I 285,I 285 and Moreland Ave,,Sideswipe-Same Direction,2,Clear,Dry,Daylight
2021-09-25T22:45:00.000,I 285,I 285 and Moreland Ave,,Rear End,2,Clear,Dry,Dark-Lighted
2021-12-17T05:50:00.000,I 285,I 285 and Moreland Ave,,Sideswipe-Same Direction,2,Fog,Dry,Dark-Not Lighted
2021-08-17T08:20:00.000,I 285,I 285 and Moreland Ave,,Angle Crash,2,Rain,Wet,Daylight