Date and Time,Roadway (From Crash Report),Intersection Name (from Crash Report),KABCO Severity,Manner of Collision (Crash Level) ,# of Vehicles per crash ,Weather Conditions (Crash Level),Surface Condition (Crash Level) ,Light Conditions (Crash Level)
2021-11-28T09:45:00.000,I 285,I 285 and Moreland Ave,,Rear End,2,Clear,Dry,Daylight
2021-06-09T00:00:00.000,I 285,I 285 and Moreland Ave,,Not a Collision with Motor Vehicle,1,Cloudy,Dry,Daylight
2021-05-22T18:08:00.000,I 285,I 285 and Moreland Ave,,Rear End,2,Clear,Dry,Daylight
2021-02-18T12:50:00.000,I 285,I 285 and Moreland Ave,,Not a Collision with Motor Vehicle,1,Cloudy,Wet,Daylight
2021-06-09T08:05:00.000,I 285,I 285 and Moreland Ave,,Rear End,2,Cloudy,Dry,Daylight
2021-04-03T06:15:00.000,I 285,I 285 and Moreland Ave,,Sideswipe-Same Direction,2,Clear,Dry,Dark-Not Lighted
2021-04-08T10:09:00.000,I 285,I 285 and Moreland Ave,,Rear End,2,Clear,Dry,Daylight
2021-01-25T23:00:00.000,I 285,I 285 and Moreland Ave,,Rear End,2,Clear,Dry,Dark-Lighted
2021-04-11T21:35:00.000,I 285,I 285 and Moreland Ave,,Rear End,2,Clear,Dry,Dark-Not Lighted
2021-01-27T16:00:00.000,I 285,I 285 and Moreland Ave,,Sideswipe-Same Direction,2,Clear,Dry,Daylight
2020-03-14T22:12:00.000,I 285,I 285 and Moreland Ave,,Sideswipe-Same Direction,2,Clear,Dry,Dark-Not Lighted
2020-07-25T20:00:00.000,I 285,I 285 and Moreland Ave,,Rear End,2,Rain,Wet,Daylight
2020-11-20T11:30:00.000,I 285,I 285 and Moreland Ave,,Not a Collision with Motor Vehicle,2,Clear,Dry,Daylight
2020-06-24T14:25:00.000,I 285,I 285 and Moreland Ave,,Angle Crash,2,Cloudy,Dry,Daylight
2020-10-19T18:08:00.000,I 285,I 285 and Moreland Ave,,Sideswipe-Same Direction,3,Clear,Dry,Daylight
2020-08-06T03:09:00.000,I 285,I 285 and Moreland Ave,,Not a Collision with Motor Vehicle,1,Clear,Dry,Dark-Not Lighted
2020-06-23T23:27:00.000,I 285,I 285 and Moreland Ave,,Not a Collision with Motor Vehicle,1,Clear,Dry,Dark-Not Lighted
2020-10-10T09:50:00.000,I 285,I 285 and Moreland Ave,,Angle Crash,2,Cloudy,Wet,Daylight
2020-03-19T15:04:00.000,I 285,I 285 and Moreland Ave,,Rear End,3,Clear,Dry,Daylight
2020-01-23T14:35:00.000,I 285,I 285 and Moreland Ave,,Rear End,2,Cloudy,Dry,Daylight
2020-03-04T17:10:00.000,I 285,I 285 and Moreland Ave,,Rear End,3,Rain,Wet,Daylight
2023-10-15T18:40:00.000,I 285,I 285 and Moreland Ave,,Sideswipe-Same Direction,2,Clear,Dry,Dark-Not Lighted
2023-09-06T17:40:00.000,I 285,I 285 and Moreland Ave,,Rear End,2,Clear,Dry,Dark-Lighted
2023-10-16T07:25:00.000,I 285,I 285 and Moreland Ave,,Sideswipe-Same Direction,2,Clear,Dry,Dawn
2023-06-09T22:00:00.000,I 285,I 285 and Moreland Ave,,Angle Crash,2,Clear,Dry,Dark-Not Lighted
2023-05-03T18:00:00.000,I 285,I 285 and Moreland Ave,,Rear End,2,Clear,Dry,Daylight
2023-02-12T19:35:00.000,I 285,I 285 and Moreland Ave,,Sideswipe-Same Direction,2,Clear,Dry,Dark-Lighted
2023-01-29T12:00:00.000,I 285,I 285 and Moreland Ave,,Sideswipe-Same Direction,2,Clear,Dry,Daylight
2023-08-18T10:45:00.000,I 285,I 285 and Moreland Ave,,Sideswipe-Same Direction,2,Clear,Dry,Daylight
2023-02-01T14:19:00.000,I 285,I 285 and Moreland Ave,,Rear End,2,Clear,Dry,Daylight
2023-08-21T00:50:00.000,I 285,I 285 and Moreland Ave,,Sideswipe-Same Direction,2,Clear,Dry,Dark-Not Lighted
2023-04-21T23:11:00.000,I 285,I 285 and Moreland Ave,,Sideswipe-Same Direction,2,Clear,Dry,Dark-Not Lighted
2023-08-19T23:50:00.000,I 285,I 285 and Moreland Ave,,Rear End,3,Clear,Dry,Dark-Not Lighted
2023-10-03T08:15:00.000,I 285,I 285 and Moreland Ave,,Rear End,2,Clear,Dry,Daylight
2023-06-06T07:50:00.000,I 285,I 285 and Moreland Ave,,Rear End,2,Clear,Dry,Daylight
2023-04-27T10:15:00.000,I 285,I 285 and Moreland Ave,,Sideswipe-Same Direction,2,Clear,Wet,Daylight
2023-03-01T21:26:00.000,I 285,I 285 and Moreland Ave,,Not a Collision with Motor Vehicle,2,Clear,Dry,Dark-Not Lighted
2023-03-12T07:45:00.000,I 285,I 285 and Moreland Ave,,Not a Collision with Motor Vehicle,1,Rain,Dry,Daylight
2023-11-28T07:45:00.000,I 285,I 285 and Moreland Ave,,Rear End,2,Cloudy,Dry,Daylight
2023-01-12T18:15:00.000,I 285,I 285 and Moreland Ave,,Sideswipe-Opposite Direction,2,Clear,Wet,Dark-Not Lighted
2023-09-26T15:30:00.000,I 285,I 285 and Moreland Ave,,Rear End,2,Clear,Dry,Daylight
2023-03-27T18:48:00.000,I 285,I 285 and Moreland Ave,,Rear End,2,Clear,Dry,Daylight
2023-12-18T19:35:00.000,I 285,I 285 and Moreland Ave,,Rear End,2,Clear,Dry,Dark-Not Lighted
2023-03-16T22:10:00.000,I 285,I 285 and Moreland Ave,,Sideswipe-Same Direction,2,Clear,Dry,Dark-Not Lighted
2023-10-20T05:40:00.000,I 285,I 285 and Moreland Ave,,Rear End,2,Clear,Dry,Dark-Not Lighted
2023-03-08T05:35:00.000,I 285,I 285 and Moreland Ave,,Rear End,2,Clear,Dry,Dark-Not Lighted
2023-06-07T10:30:00.000,I 285,I 285 and Moreland Ave,,Rear End,3,Clear,Dry,Daylight
2023-09-14T16:59:00.000,I 285,I 285 and Moreland Ave,,Sideswipe-Same Direction,2,Clear,Wet,Daylight
2023-05-25T14:15:00.000,I 285,I 285 and Moreland Ave,,Sideswipe-Same Direction,2,Clear,Dry,Daylight
2023-08-24T12:59:00.000,I 285,I 285 and Moreland Ave,,Angle Crash,2,Clear,Dry,Daylight
2023-06-28T19:40:00.000,I 285,I 285 and Moreland Ave,,Rear End,2,Clear,Dry,Daylight
2023-03-14T18:00:00.000,I 285,I 285 and Moreland Ave,,Angle Crash,2,Clear,Dry,Daylight
2023-02-21T11:30:00.000,I 285,I 285 and Moreland Ave,,Sideswipe-Same Direction,2,Cloudy,Wet,Dawn
2023-09-03T23:00:00.000,I 285,I 285 and Moreland Ave,,Sideswipe-Same Direction,2,Clear,Dry,Dark-Not Lighted
2023-05-09T15:00:00.000,I 285,I 285 and Moreland Ave,,Angle Crash,2,Clear,Dry,Daylight
2023-12-03T16:33:00.000,I 285,I 285 and Moreland Ave,,Angle Crash,2,Clear,Dry,Daylight
2023-04-18T16:25:00.000,I 285,I 285 and Moreland Ave,,Angle Crash,2,Clear,Dry,Daylight
2023-02-12T14:00:00.000,I 285,I 285 and Moreland Ave,,Not a Collision with Motor Vehicle,1,Clear,Dry,Daylight
2023-03-10T16:00:00.000,I 285,I 285 and Moreland Ave,,Sideswipe-Same Direction,2,Clear,Dry,Daylight
2023-12-07T19:14:00.000,I 285,I 285 and Moreland Ave,,Sideswipe-Same Direction,2,Clear,Dry,Daylight
2023-02-03T17:00:00.000,I 285,I 285 and Moreland Ave,,Sideswipe-Same Direction,2,Clear,Dry,Daylight
2023-03-08T05:25:00.000,I 285,I 285 and Moreland Ave,,Rear End,2,Clear,Dry,Dark-Not Lighted
2023-10-03T02:30:00.000,I 285,I 285 and Moreland Ave,,Sideswipe-Same Direction,2,Clear,Dry,Dark-Not Lighted
2023-02-01T14:29:00.000,I 285,I 285 and Moreland Ave,,Angle Crash,2,Clear,Dry,Daylight
2023-08-25T15:33:00.000,I 285,I 285 and Moreland Ave,,Rear End,2,Clear,Dry,Daylight
2023-05-29T19:15:00.000,I 285,I 285 and Moreland Ave,,Sideswipe-Opposite Direction,2,Clear,Dry,Dark-Lighted
2023-09-11T16:49:00.000,I 285,I 285 and Moreland Ave,,Not a Collision with Motor Vehicle,2,Clear,Dry,Daylight
2023-04-03T22:00:00.000,I 285,I 285 and Moreland Ave,,Sideswipe-Same Direction,2,Clear,Dry,Dark-Not Lighted
2023-06-30T15:40:00.000,I 285,I 285 and Moreland Ave,,Sideswipe-Opposite Direction,2,Cloudy,Wet,Daylight
2022-03-02T21:25:00.000,I 285,I 285 and Moreland Ave,,Rear End,2,Clear,Dry,Dark-Lighted
2022-07-26T18:40:00.000,I 285,I 285 and Moreland Ave,,Not a Collision with Motor Vehicle,2,Clear,Dry,Daylight
2022-03-21T07:00:00.000,I 285,I 285 and Moreland Ave,,Sideswipe-Same Direction,2,Clear,Dry,Daylight
2022-06-15T07:15:00.000,I 285,I 285 and Moreland Ave,,Rear End,2,Clear,Dry,Daylight
2023-06-16T16:00:00.000,I 285,I 285 and Moreland Ave,,Rear End,2,Clear,Dry,Daylight
2022-04-14T09:25:00.000,I 285,I 285 and Moreland Ave,,Sideswipe-Same Direction,2,Clear,Dry,Daylight
2021-05-14T15:51:00.000,I 285,I 285 and Moreland Ave,,Rear End,2,Clear,Dry,Daylight
2023-03-16T07:55:00.000,I 285,I 285 and Moreland Ave,,Rear End,2,Clear,Dry,Daylight
2023-07-08T14:10:00.000,I 285,I 285 and Moreland Ave,,Rear End,2,Clear,Dry,Daylight
2021-09-23T10:36:00.000,I 285,I 285 and Moreland Ave,,Not a Collision with Motor Vehicle,1,Clear,Dry,Daylight
2020-06-13T17:40:00.000,I 285,I 285 and Moreland Ave,,Sideswipe-Same Direction,2,Clear,Dry,Daylight
2020-02-09T08:58:00.000,I 285,I 285 and Moreland Ave,,Rear End,2,Fog,Wet,Daylight
2020-01-28T17:40:00.000,I 285,I 285 and Moreland Ave,,Rear End,2,Clear,Dry,Daylight
2020-11-04T17:45:00.000,I 285,I 285 and Moreland Ave,,Rear End,2,Clear,Dry,Daylight
2020-08-07T20:05:00.000,I 285,I 285 and Moreland Ave,,Not a Collision with Motor Vehicle,1,Clear,Dry,Daylight
2020-07-21T02:00:00.000,I 285,I 285 and Moreland Ave,,Not a Collision with Motor Vehicle,1,Clear,Dry,Dark-Not Lighted
2020-10-21T14:35:00.000,I 285,I 285 and Moreland Ave,,Sideswipe-Same Direction,2,Clear,Dry,Daylight
2020-10-18T15:50:00.000,I 285,I 285 and Moreland Ave,,Not a Collision with Motor Vehicle,1,Clear,Dry,Daylight
2020-08-31T16:00:00.000,I 285,I 285 and Moreland Ave,,Not a Collision with Motor Vehicle,2,Clear,Dry,Daylight
2020-08-06T13:30:00.000,I 285,I 285 and Moreland Ave,,Sideswipe-Same Direction,2,Clear,Dry,Daylight
2020-11-24T00:00:00.000,I 285,I 285 and Moreland Ave,,Rear End,2,Clear,Dry,Daylight
2020-06-20T14:35:00.000,I 285,I 285 and Moreland Ave,,Angle Crash,2,Clear,Dry,Daylight
2020-05-19T11:18:00.000,I 285,I 285 and Moreland Ave,,Sideswipe-Same Direction,2,Cloudy,Dry,Daylight
2020-09-12T17:14:00.000,I 285,I 285 and Moreland Ave,,Sideswipe-Opposite Direction,3,Clear,Dry,Daylight
2020-08-22T19:25:00.000,I 285,I 285 and Moreland Ave,,Not a Collision with Motor Vehicle,1,Clear,Dry,Daylight
2020-12-10T15:00:00.000,I 285,I 285 and Moreland Ave,,Sideswipe-Same Direction,2,Clear,Dry,Daylight
2020-02-28T08:40:00.000,I 285,I 285 and Moreland Ave,,Rear End,2,Clear,Dry,Daylight
2020-05-27T15:34:00.000,I 285,I 285 and Moreland Ave,,Rear End,2,Cloudy,Wet,Daylight
2020-06-25T15:07:00.000,I 285,I 285 and Moreland Ave,,Not a Collision with Motor Vehicle,1,Clear,Dry,Daylight
2020-02-28T21:33:00.000,I 285,I 285 and Moreland Ave,,Sideswipe-Same Direction,2,Clear,Dry,Dark-Lighted
2020-05-15T19:00:00.000,I 285,I 285 and Moreland Ave,,Not a Collision with Motor Vehicle,2,Clear,Dry,Daylight
2020-10-02T18:00:00.000,I 285,I 285 and Moreland Ave,,Rear End,2,Clear,Dry,Daylight
2020-09-27T00:00:00.000,I 285,I 285 and Moreland Ave,,Rear End,2,Clear,Wet,Daylight
2020-11-11T08:58:00.000,I 285,I 285 and Moreland Ave,,Not a Collision with Motor Vehicle,1,Cloudy,Wet,Daylight
2020-03-17T15:08:00.000,I 285,I 285 and Moreland Ave,,Sideswipe-Same Direction,2,Clear,Dry,Daylight
2020-05-04T11:10:00.000,I 285,I 285 and Moreland Ave,,Rear End,2,Clear,Dry,Daylight
2020-12-24T15:15:00.000,I 285,I 285 and Moreland Ave,,Sideswipe-Same Direction,2,Rain,Wet,Daylight
2020-11-03T14:30:00.000,I 285,I 285 and Moreland Ave,,Sideswipe-Same Direction,2,Clear,Dry,Daylight
2020-07-02T18:17:00.000,I 285,I 285 and Moreland Ave,,Rear End,2,Clear,Wet,Daylight
2020-03-09T07:30:00.000,I 285,I 285 and Moreland Ave,,Rear End,2,Clear,Dry,Dawn
2020-10-31T10:20:00.000,I 285,I 285 and Moreland Ave,,Angle Crash,2,Clear,Dry,Daylight
2020-12-20T03:00:00.000,I 285,I 285 and Moreland Ave,,Rear End,2,Cloudy,Wet,Dark-Not Lighted
2020-10-09T09:30:00.000,I 285,I 285 and Moreland Ave,,Rear End,2,Clear,Dry,Daylight
2020-05-23T00:32:00.000,I 285,I 285 and Moreland Ave,,Angle Crash,2,Rain,Wet,Dark-Not Lighted
2020-05-27T14:37:00.000,I 285,I 285 and Moreland Ave,,Rear End,2,Rain,Wet,Daylight
2020-02-21T07:25:00.000,I 285,I 285 and Moreland Ave,,Sideswipe-Same Direction,2,Clear,Dry,Daylight
2020-08-03T11:30:00.000,I 285,I 285 and Moreland Ave,,Sideswipe-Same Direction,2,Cloudy,Dry,Daylight
2020-02-03T09:55:00.000,I 285,I 285 and Moreland Ave,,Rear End,2,Clear,Dry,Daylight
2020-10-18T21:30:00.000,I 285,I 285 and Moreland Ave,,Not a Collision with Motor Vehicle,1,Clear,Dry,Dark-Not Lighted
2020-11-12T17:05:00.000,I 285,I 285 and Moreland Ave,,Angle Crash,2,Clear,Dry,Daylight
2020-12-07T14:42:00.000,I 285,I 285 and Moreland Ave,,Sideswipe-Same Direction,2,Cloudy,Dry,Daylight
2020-09-28T14:00:00.000,I 285,I 285 and Moreland Ave,,Sideswipe-Same Direction,2,Clear,Dry,Daylight
2020-02-18T09:25:00.000,I 285,I 285 and Moreland Ave,,Rear End,2,Rain,Wet,Daylight
2020-04-24T19:15:00.000,I 285,I 285 and Moreland Ave,,Rear End,2,Clear,Dry,Daylight
2020-02-19T20:01:00.000,I 285,I 285 and Moreland Ave,,Rear End,2,Rain,Wet,Dark-Not Lighted
2020-09-25T17:40:00.000,I 285,I 285 and Moreland Ave,,Rear End,2,Clear,Dry,Daylight
2020-07-29T01:08:00.000,I 285,I 285 and Moreland Ave,,Sideswipe-Same Direction,2,Clear,Dry,Dark-Not Lighted
2020-04-24T13:03:00.000,I 285,I 285 and Moreland Ave,,Not a Collision with Motor Vehicle,1,Cloudy,Dry,Daylight
2020-06-08T07:20:00.000,I 285,I 285 and Moreland Ave,,Not a Collision with Motor Vehicle,1,Clear,Dry,Daylight
2020-05-09T16:20:00.000,I 285,I 285 and Moreland Ave,,Sideswipe-Same Direction,2,Clear,Dry,Daylight
2020-10-16T16:39:00.000,I 285,I 285 and Moreland Ave,,Rear End,3,Clear,Dry,Daylight
2020-10-27T19:30:00.000,I 285,I 285 and Moreland Ave,,Rear End,2,Clear,Dry,Dark-Lighted
2020-12-04T00:00:00.000,I 285,I 285 and Moreland Ave,,Sideswipe-Same Direction,2,Rain,Wet,Daylight
2020-03-21T20:20:00.000,I 285,I 285 and Moreland Ave,,Sideswipe-Same Direction,2,Clear,Dry,Dark-Lighted
2020-10-06T07:35:00.000,I 285,I 285 and Moreland Ave,,Rear End,2,Clear,Dry,Daylight
2020-02-05T23:50:00.000,I 285,I 285 and Moreland Ave,,Sideswipe-Same Direction,2,Rain,Wet,Dark-Lighted
2020-09-07T22:18:00.000,I 285,I 285 and Moreland Ave,,Not a Collision with Motor Vehicle,1,Clear,Dry,Dark-Not Lighted
2020-08-18T14:45:00.000,I 285,I 285 and Moreland Ave,,Not a Collision with Motor Vehicle,2,Clear,Dry,Daylight
2020-10-06T00:00:00.000,I 285,I 285 and Moreland Ave,,Head On,2,Clear,Dry,Daylight
2020-06-04T19:10:00.000,I 285,I 285 and Moreland Ave,,Rear End,2,Clear,Dry,Daylight
2020-01-20T18:00:00.000,I 285,I 285 and Moreland Ave,,Rear End,2,Clear,Dry,Dusk
2020-08-24T17:49:00.000,I 285,I 285 and Moreland Ave,,Angle Crash,2,Rain,Wet,Daylight
2020-08-21T08:10:00.000,I 285,I 285 and Moreland Ave,,Rear End,2,Rain,Wet,Daylight
2020-07-21T00:00:00.000,I 285,I 285 and Moreland Ave,,Rear End,2,Clear,Dry,Dark-Lighted
2020-10-05T14:00:00.000,I 285,I 285 and Moreland Ave,,Angle Crash,2,Clear,Dry,Daylight
2020-10-18T15:14:00.000,I 285,I 285 and Moreland Ave,,Angle Crash,3,Clear,Dry,Daylight
2020-08-23T17:25:00.000,I 285,I 285 and Moreland Ave,,Angle Crash,2,Clear,Dry,Daylight
2020-04-18T18:39:00.000,I 285,I 285 and Moreland Ave,,Rear End,2,Clear,Dry,Daylight
2020-02-24T14:10:00.000,I 285,I 285 and Moreland Ave,,Not a Collision with Motor Vehicle,2,Rain,Wet,Daylight
2020-09-26T19:30:00.000,I 285,I 285 and Moreland Ave,,Not a Collision with Motor Vehicle,2,Clear,Dry,Dark-Lighted
2020-09-27T17:20:00.000,I 285,I 285 and Moreland Ave,,Angle Crash,4,Rain,Wet,Daylight
2020-08-17T16:25:00.000,I 285,I 285 and Moreland Ave,,Sideswipe-Same Direction,2,Clear,Dry,Daylight
2020-07-02T17:59:00.000,I 285,I 285 and Moreland Ave,,Sideswipe-Same Direction,2,Clear,Dry,Daylight
2020-08-24T16:44:00.000,I 285,I 285 and Moreland Ave,,Angle Crash,7,Clear,Dry,Daylight
2020-12-18T13:26:00.000,I 285,I 285 and Moreland Ave,,Rear End,2,Clear,Dry,Daylight
2020-12-21T23:00:00.000,I 285,I 285 and Moreland Ave,,Rear End,2,Clear,Dry,Dark-Not Lighted
2020-01-08T08:25:00.000,I 285,I 285 and Moreland Ave,,Sideswipe-Same Direction,2,Clear,Dry,Daylight
2021-06-09T17:39:00.000,I 285,I 285 and Moreland Ave,,Rear End,2,Clear,Dry,Daylight
2021-02-08T00:00:00.000,I 285,I 285 and Moreland Ave,,Sideswipe-Same Direction,2,Clear,Dry,Daylight
2021-01-11T11:22:00.000,I 285,I 285 and Moreland Ave,,Sideswipe-Same Direction,2,Rain,Wet,Daylight
2021-04-08T10:09:00.000,I 285,I 285 and Moreland Ave,,Not a Collision with Motor Vehicle,1,Clear,Dry,Daylight
2021-04-12T17:51:00.000,I 285,I 285 and Moreland Ave,,Rear End,2,Clear,Dry,Daylight
2021-05-30T14:25:00.000,I 285,I 285 and Moreland Ave,,Rear End,2,Clear,Dry,Daylight
2021-03-31T18:45:00.000,I 285,I 285 and Moreland Ave,,Not a Collision with Motor Vehicle,1,Clear,Wet,Daylight
2021-06-06T21:47:00.000,I 285,I 285 and Moreland Ave,,Rear End,2,Rain,Wet,Dark-Lighted
2021-04-01T23:20:00.000,I 285,I 285 and Moreland Ave,,Rear End,2,Clear,Dry,Dark-Lighted
2021-04-09T23:55:00.000,I 285,I 285 and Moreland Ave,,Sideswipe-Same Direction,2,Clear,Dry,Dark-Lighted
2021-03-13T19:00:00.000,I 285,I 285 and Moreland Ave,,Rear End,3,Clear,Dry,Dark-Lighted
2021-06-11T10:40:00.000,I 285,I 285 and Moreland Ave,,Rear End,2,Cloudy,Dry,Daylight
2021-02-22T16:55:00.000,I 285,I 285 and Moreland Ave,,Not a Collision with Motor Vehicle,1,Clear,Dry,Daylight
2021-06-11T16:50:00.000,I 285,I 285 and Moreland Ave,,Sideswipe-Same Direction,2,Clear,Dry,Daylight
2021-02-09T19:45:00.000,I 285,I 285 and Moreland Ave,,Rear End,2,Clear,Dry,Dark-Lighted
2021-04-16T17:30:00.000,I 285,I 285 and Moreland Ave,,Rear End,2,Clear,Dry,Daylight
2021-02-09T08:35:00.000,I 285,I 285 and Moreland Ave,,Not a Collision with Motor Vehicle,1,Cloudy,Dry,Daylight
2021-05-04T23:41:00.000,I 285,I 285 and Moreland Ave,,Sideswipe-Same Direction,2,Rain,Wet,Dark-Not Lighted
2021-06-25T16:00:00.000,I 285,I 285 and Moreland Ave,,Rear End,2,Clear,Dry,Daylight
2021-07-10T19:24:00.000,I 285,I 285 and Moreland Ave,,Rear End,2,Cloudy,Wet,Daylight
2021-10-25T07:25:00.000,I 285,I 285 and Moreland Ave,,Rear End,2,Clear,Dry,Daylight
2021-08-17T06:23:00.000,I 285,I 285 and Moreland Ave,,Rear End,2,Rain,Wet,Dark-Not Lighted
2021-09-20T12:17:00.000,I 285,I 285 and Moreland Ave,,Rear End,2,Rain,Wet,Daylight
2021-08-31T07:03:00.000,I 285,I 285 and Moreland Ave,,Rear End,2,Clear,Dry,Dawn
2021-07-17T00:18:00.000,I 285,I 285 and Moreland Ave,,Sideswipe-Same Direction,2,Cloudy,Wet,Dark-Not Lighted
2021-07-22T16:45:00.000,I 285,I 285 and Moreland Ave,,Not a Collision with Motor Vehicle,2,Clear,Dry,Daylight
2021-10-09T04:26:00.000,I 285,I 285 and Moreland Ave,,Not a Collision with Motor Vehicle,1,Clear,Dry,Dark-Not Lighted
2021-10-07T11:30:00.000,I 285,I 285 and Moreland Ave,,Sideswipe-Same Direction,2,Clear,Wet,Daylight
2021-08-21T15:50:00.000,I 285,I 285 and Moreland Ave,,Angle Crash,2,Clear,Dry,Daylight
2021-11-13T18:30:00.000,I 285,I 285 and Moreland Ave,,Sideswipe-Same Direction,2,Clear,Dry,Dark-Lighted
2021-12-09T19:23:00.000,I 285,I 285 and Moreland Ave,,Rear End,2,Clear,Dry,Dark-Lighted
2021-09-18T07:00:00.000,I 285,I 285 and Moreland Ave,,Rear End,2,Clear,Dry,Daylight
2021-10-09T04:28:00.000,I 285,I 285 and Moreland Ave,,Rear End,2,Clear,Dry,Dark-Not Lighted
2021-08-12T06:30:00.000,I 285,I 285 and Moreland Ave,,Rear End,2,Clear,Dry,Dark-Lighted
2021-08-27T07:15:00.000,I 285,I 285 and Moreland Ave,,Sideswipe-Same Direction,2,Clear,Dry,Daylight
2021-07-31T16:00:00.000,I 285,I 285 and Moreland Ave,,Rear End,3,Clear,Dry,Daylight
2021-12-04T19:45:00.000,I 285,I 285 and Moreland Ave,,Sideswipe-Same Direction,2,Clear,Dry,Dark-Not Lighted
2021-09-10T23:45:00.000,I 285,I 285 and Moreland Ave,,Sideswipe-Same Direction,2,Clear,Dry,Dark-Not Lighted
2021-09-12T03:19:00.000,I 285,I 285 and Moreland Ave,,Rear End,2,Clear,Dry,Dark-Not Lighted
2021-08-10T08:20:00.000,I 285,I 285 and Moreland Ave,,Angle Crash,2,Clear,Dry,Daylight
2021-10-08T16:40:00.000,I 285,I 285 and Moreland Ave,,Sideswipe-Same Direction,3,Clear,Dry,Daylight
2021-10-22T00:00:00.000,I 285,I 285 and Moreland Ave,,Sideswipe-Same Direction,4,Cloudy,Dry,Dark-Not Lighted
2021-10-13T08:50:00.000,I 285,I 285 and Moreland Ave,,Rear End,2,Clear,Dry,Daylight
2021-09-09T11:30:00.000,I 285,I 285 and Moreland Ave,,Rear End,2,Clear,Dry,Daylight
2021-11-23T11:06:00.000,I 285,I 285 and Moreland Ave,,Rear End,2,Clear,Dry,Daylight
2021-09-30T12:30:00.000,I 285,I 285 and Moreland Ave,,Not a Collision with Motor Vehicle,1,Clear,Dry,Daylight
2021-11-09T14:15:00.000,I 285,I 285 and Moreland Ave,,Rear End,2,Clear,Dry,Daylight
2022-10-13T00:00:00.000,I 285,I 285 and Moreland Ave,,Sideswipe-Same Direction,2,Clear,Wet,Dark-Not Lighted
2022-01-27T06:29:00.000,I 285,I 285 and Moreland Ave,,Rear End,2,Clear,Dry,Dark-Not Lighted
2022-10-23T16:00:00.000,I 285,I 285 and Moreland Ave,,Rear End,2,Clear,Dry,Daylight
2022-11-30T20:36:00.000,I 285,I 285 and Moreland Ave,,Sideswipe-Same Direction,2,Clear,Dry,Dark-Not Lighted
2022-11-21T22:15:00.000,I 285,I 285 and Moreland Ave,,Rear End,2,Clear,Dry,Dark-Lighted
2022-08-28T01:35:00.000,I 285,I 285 and Moreland Ave,,Sideswipe-Same Direction,2,Clear,Dry,Dark-Not Lighted
2022-10-28T23:54:00.000,I 285,I 285 and Moreland Ave,,Not a Collision with Motor Vehicle,1,Clear,Dry,Dark-Not Lighted
2021-10-07T16:30:00.000,I 285,I 285 and Moreland Ave,,Rear End,2,Cloudy,Wet,Daylight
2021-08-12T20:00:00.000,I 285,I 285 and Moreland Ave,,Rear End,2,Clear,Dry,Daylight
2021-12-01T17:19:00.000,I 285,I 285 and Moreland Ave,,Rear End,3,Clear,Dry,Dusk
2021-10-02T20:11:00.000,I 285,I 285 and Moreland Ave,,Rear End,3,Clear,Dry,Dusk
2021-12-15T07:10:00.000,I 285,I 285 and Moreland Ave,,Sideswipe-Opposite Direction,2,Clear,Dry,Daylight
2021-10-22T17:47:00.000,I 285,I 285 and Moreland Ave,,Rear End,3,Clear,Dry,Daylight
2022-10-07T06:00:00.000,I 285,I 285 and Moreland Ave,,Sideswipe-Same Direction,2,Other,Dry,Dark-Not Lighted
2022-05-03T07:00:00.000,I 285,I 285 and Moreland Ave,,Angle Crash,2,Clear,Dry,Daylight
2022-12-17T00:20:00.000,I 285,I 285 and Moreland Ave,,Rear End,2,Clear,Dry,Dark-Not Lighted
2022-04-21T13:50:00.000,I 285,I 285 and Moreland Ave,,Rear End,2,Clear,Dry,Daylight
2022-09-17T21:20:00.000,I 285,I 285 and Moreland Ave,,Rear End,2,Clear,Dry,Dark-Not Lighted
2022-02-09T08:50:00.000,I 285,I 285 and Moreland Ave,,Sideswipe-Same Direction,2,Clear,Dry,Daylight
2022-06-23T07:10:00.000,I 285,I 285 and Moreland Ave,,Rear End,2,Clear,Dry,Daylight
2022-05-14T17:50:00.000,I 285,I 285 and Moreland Ave,,Rear End,2,Clear,Dry,Daylight
2022-09-07T18:27:00.000,I 285,I 285 and Moreland Ave,,Sideswipe-Same Direction,2,Clear,Dry,Daylight
2022-02-08T08:00:00.000,I 285,I 285 and Moreland Ave,,Sideswipe-Same Direction,2,Clear,Dry,Daylight