Date and Time,Roadway (From Crash Report),Intersection Name (from Crash Report),KABCO Severity,Manner of Collision (Crash Level) ,# of Vehicles per crash ,Weather Conditions (Crash Level),Surface Condition (Crash Level) ,Light Conditions (Crash Level)
2022-09-19T17:33:00.000,I 285,I 285 and Moreland Ave,,Rear End,2,Clear,Dry,Daylight
2022-03-17T17:03:00.000,I 285,I 285 and Moreland Ave,,Rear End,2,Clear,Dry,Daylight
2022-08-03T11:00:00.000,I 285,I 285 and Moreland Ave,,Not a Collision with Motor Vehicle,2,Clear,Dry,Daylight
2022-06-27T11:30:00.000,I 285,I 285 and Moreland Ave,,Rear End,2,Clear,Dry,Dark-Lighted
2022-05-05T14:15:00.000,I 285,I 285 and Moreland Ave,,Sideswipe-Opposite Direction,2,Clear,Dry,Daylight
2022-06-12T01:45:00.000,I 285,I 285 and Moreland Ave,,Sideswipe-Same Direction,2,Clear,Dry,Dark-Lighted
2022-07-12T08:30:00.000,I 285,I 285 and Moreland Ave,,Rear End,2,Cloudy,Dry,Daylight
2022-03-24T18:23:00.000,I 285,I 285 and Moreland Ave,,Rear End,2,Clear,Dry,Daylight
2022-10-04T16:22:00.000,I 285,I 285 and Moreland Ave,,Sideswipe-Same Direction,2,Clear,Dry,Daylight
2022-10-19T13:22:00.000,I 285,I 285 and Moreland Ave,,Sideswipe-Same Direction,2,Clear,Dry,Daylight
2022-07-24T06:20:00.000,I 285,I 285 and Moreland Ave,,Not a Collision with Motor Vehicle,1,Clear,Dry,Daylight
2022-10-24T16:00:00.000,I 285,I 285 and Moreland Ave,,Rear End,2,Clear,Dry,Daylight
2022-12-31T17:20:00.000,I 285,I 285 and Moreland Ave,,Not a Collision with Motor Vehicle,2,Cloudy,Dry,Daylight
2022-01-27T06:50:00.000,I 285,I 285 and Moreland Ave,,Rear End,2,Clear,Dry,Dawn
2022-08-07T18:14:00.000,I 285,I 285 and Moreland Ave,,Sideswipe-Same Direction,2,Clear,Dry,Daylight
2022-05-27T21:40:00.000,I 285,I 285 and Moreland Ave,,Angle Crash,2,Clear,Dry,Dark-Not Lighted
2022-08-16T05:42:00.000,I 285,I 285 and Moreland Ave,,Rear End,2,Clear,Dry,Dark-Not Lighted
2022-10-21T22:08:00.000,I 285,I 285 and Moreland Ave,,Rear End,3,Clear,Dry,Dark-Not Lighted
2022-05-01T01:29:00.000,I 285,I 285 and Moreland Ave,,Rear End,2,Clear,Dry,Dark-Lighted
2022-09-28T18:25:00.000,I 285,I 285 and Moreland Ave,,Not a Collision with Motor Vehicle,1,Clear,Dry,Daylight
2021-08-06T19:50:00.000,I 285,I 285 and Moreland Ave,,Rear End,2,Clear,Dry,Daylight
2021-12-14T16:30:00.000,I 285,I 285 and Moreland Ave,,Rear End,3,Clear,Dry,Daylight
2021-09-18T08:52:00.000,I 285,I 285 and Moreland Ave,,Angle Crash,2,Clear,Dry,Daylight
2021-11-28T02:36:00.000,I 285,I 285 and Moreland Ave,,Sideswipe-Same Direction,2,Clear,Dry,Dark-Not Lighted
2021-12-26T14:35:00.000,I 285,I 285 and Moreland Ave,,Rear End,2,Clear,Dry,Daylight
2022-05-22T22:30:00.000,I 285,I 285 and Moreland Ave,,Angle Crash,2,Clear,Dry,Dark-Not Lighted
2022-04-23T11:47:00.000,I 285,I 285 and Moreland Ave,,Rear End,2,Clear,Dry,Daylight
2022-02-04T23:09:00.000,I 285,I 285 and Moreland Ave,,Angle Crash,5,Clear,Dry,Dark-Not Lighted
2022-08-10T19:50:00.000,I 285,I 285 and Moreland Ave,,Rear End,2,Clear,Dry,Dark-Lighted
2022-04-20T22:40:00.000,I 285,I 285 and Moreland Ave,,Rear End,2,Clear,Dry,Dark-Lighted
2022-08-16T05:40:00.000,I 285,I 285 and Moreland Ave,,Rear End,2,Clear,Wet,Dark-Not Lighted
2022-06-01T07:50:00.000,I 285,I 285 and Moreland Ave,,Sideswipe-Same Direction,2,Clear,Dry,Daylight
2022-11-16T17:18:00.000,I 285,I 285 and Moreland Ave,,Rear End,2,Clear,Dry,Daylight
2022-11-11T08:45:00.000,I 285,I 285 and Moreland Ave,,Rear End,2,Rain,Wet,Daylight
2022-03-20T01:22:00.000,I 285,I 285 and Moreland Ave,,Angle Crash,2,Clear,Dry,Dark-Not Lighted
2022-10-21T22:10:00.000,I 285,I 285 and Moreland Ave,,Rear End,2,Clear,Dry,Dark-Not Lighted
2022-11-04T17:07:00.000,I 285,I 285 and Moreland Ave,,Rear End,2,Clear,Dry,Daylight
2022-02-22T10:52:00.000,I 285,I 285 and Moreland Ave,,Sideswipe-Same Direction,3,Cloudy,Wet,Daylight
2022-11-08T07:40:00.000,I 285,I 285 and Moreland Ave,,Rear End,2,Clear,Dry,Daylight
2022-01-25T08:25:00.000,I 285,I 285 and Moreland Ave,,Not a Collision with Motor Vehicle,1,Clear,Dry,Daylight
2022-07-20T19:00:00.000,I 285,I 285 and Moreland Ave,,Angle Crash,2,Clear,Dry,Daylight
2022-04-18T07:00:00.000,I 285,I 285 and Moreland Ave,,Angle Crash,2,Clear,Dry,Daylight
2022-11-13T17:00:00.000,I 285,I 285 and Moreland Ave,,Sideswipe-Opposite Direction,2,Clear,Dry,Daylight
2022-11-23T06:24:00.000,I 285,I 285 and Moreland Ave,,Rear End,2,Clear,Dry,Dark-Not Lighted
2022-03-08T15:00:00.000,I 285,I 285 and Moreland Ave,,Rear End,2,Clear,Dry,Daylight
2022-10-07T20:15:00.000,I 285,I 285 and Moreland Ave,,Rear End,2,Clear,Dry,Dusk
2022-04-25T12:15:00.000,I 285,I 285 and Moreland Ave,,Not a Collision with Motor Vehicle,2,Cloudy,Dry,Daylight
2022-02-07T03:20:00.000,I 285,I 285 and Moreland Ave,,Angle Crash,2,Clear,Dry,Dark-Not Lighted
2022-04-19T11:40:00.000,I 285,I 285 and Moreland Ave,,Angle Crash,2,Clear,Dry,Daylight
2022-12-05T18:00:00.000,I 285,I 285 and Moreland Ave,,Sideswipe-Same Direction,2,Rain,Wet,Dark-Not Lighted
2022-12-05T11:35:00.000,I 285,I 285 and Moreland Ave,,Rear End,2,Rain,Wet,Daylight
2022-11-08T16:10:00.000,I 285,I 285 and Moreland Ave,,Rear End,3,Clear,Dry,Daylight
2022-03-26T15:00:00.000,I 285,I 285 and Moreland Ave,,Rear End,2,Clear,Dry,Daylight
2022-11-28T08:34:00.000,I 285,I 285 and Moreland Ave,,Rear End,2,Clear,Dry,Daylight
2022-04-29T17:43:00.000,I 285,I 285 and Moreland Ave,,Rear End,2,Clear,Dry,Daylight
2022-09-24T16:22:00.000,I 285,I 285 and Moreland Ave,,Sideswipe-Same Direction,2,Clear,Dry,Daylight
2022-01-08T20:00:00.000,I 285,I 285 and Moreland Ave,,Sideswipe-Same Direction,3,Clear,Dry,Dark-Lighted
2022-11-30T18:49:00.000,I 285,I 285 and Moreland Ave,,Rear End,2,Clear,Dry,Dark-Lighted
2022-07-17T13:00:00.000,I 285,I 285 and Moreland Ave,,Rear End,2,Clear,Dry,Daylight
2022-10-04T03:45:00.000,I 285,I 285 and Moreland Ave,,Sideswipe-Same Direction,2,Clear,Dry,Dark-Lighted
2022-08-16T05:48:00.000,I 285,I 285 and Moreland Ave,,Rear End,2,Cloudy,Wet,Dark-Not Lighted
2022-05-08T04:57:00.000,I 285,I 285 and Moreland Ave,,Rear End,2,Cloudy,Dry,Dark-Lighted
2022-05-19T17:00:00.000,I 285,I 285 and Moreland Ave,,Not a Collision with Motor Vehicle,1,Clear,Dry,Daylight
2022-06-19T23:45:00.000,I 285,I 285 and Moreland Ave,,Angle Crash,2,Clear,Dry,Dark-Not Lighted
2022-05-22T22:30:00.000,I 285,I 285 and Moreland Ave,,Angle Crash,2,Clear,Dry,Dark-Not Lighted
2022-08-27T03:00:00.000,I 285,I 285 and Moreland Ave,,Sideswipe-Same Direction,2,Clear,Dry,Dark-Not Lighted
2022-03-08T19:30:00.000,I 285,I 285 and Moreland Ave,,Sideswipe-Opposite Direction,2,Rain,Wet,Dark-Not Lighted
2022-11-06T17:00:00.000,I 285,I 285 and Moreland Ave,,Rear End,2,Clear,Dry,Daylight
2022-08-16T10:50:00.000,I 285,I 285 and Moreland Ave,,Rear End,2,Cloudy,Dry,Daylight
2022-09-12T18:20:00.000,I 285,I 285 and Moreland Ave,,Rear End,2,Clear,Dry,Daylight
2022-10-03T14:10:00.000,I 285,I 285 and Moreland Ave,,Sideswipe-Same Direction,2,Clear,Dry,Daylight
2022-01-04T07:31:00.000,I 285,I 285 and Moreland Ave,,Rear End,2,Clear,Dry,Daylight
2022-08-10T17:00:00.000,I 285,I 285 and Moreland Ave,,Angle Crash,2,Clear,Dry,Daylight
2022-11-04T17:32:00.000,I 285,I 285 and Moreland Ave,,Sideswipe-Same Direction,2,Clear,Dry,Daylight
2022-04-01T17:00:00.000,I 285,I 285 and Moreland Ave,,Rear End,4,Clear,Dry,Daylight
2022-08-20T21:01:00.000,I 285,I 285 and Moreland Ave,,Rear End,2,Clear,Dry,Dark-Not Lighted
2022-04-26T10:25:00.000,I 285,I 285 and Moreland Ave,,Not a Collision with Motor Vehicle,1,Cloudy,Wet,Daylight
2022-07-28T20:36:00.000,I 285,I 285 and Moreland Ave,,Not a Collision with Motor Vehicle,1,Clear,Dry,Daylight
2022-07-15T16:14:00.000,I 285,I 285 and Moreland Ave,,Rear End,2,Clear,Dry,Daylight
2022-04-07T09:48:00.000,I 285,I 285 and Moreland Ave,,Rear End,2,Clear,Dry,Daylight
2022-06-06T10:01:00.000,I 285,I 285 and Moreland Ave,,Not a Collision with Motor Vehicle,1,Clear,Dry,Daylight
2022-05-31T13:10:00.000,I 285,I 285 and Moreland Ave,,Rear End,2,Clear,Dry,Daylight
2022-06-02T09:30:00.000,I 285,I 285 and Moreland Ave,,Sideswipe-Same Direction,3,Clear,Dry,Daylight
2022-06-02T15:33:00.000,I 285,I 285 and Moreland Ave,,Angle Crash,2,Clear,Dry,Daylight
2022-01-29T19:35:00.000,I 285,I 285 and Moreland Ave,,Sideswipe-Same Direction,2,Clear,Dry,Dark-Not Lighted
2022-05-13T04:56:00.000,I 285,I 285 and Moreland Ave,,Sideswipe-Same Direction,2,Other,Wet,Dark-Not Lighted
2022-08-06T16:10:00.000,I 285,I 285 and Moreland Ave,,Rear End,2,Clear,Dry,Daylight
2022-08-30T11:30:00.000,I 285,I 285 and Moreland Ave,,Rear End,2,Clear,Dry,Daylight
2022-10-29T22:10:00.000,I 285,I 285 and Moreland Ave,,Rear End,2,Clear,Dry,Dark-Not Lighted
2022-05-12T07:39:00.000,I 285,I 285 and Moreland Ave,,Rear End,2,Clear,Dry,Daylight
2022-11-21T21:45:00.000,I 285,I 285 and Moreland Ave,,Angle Crash,4,Clear,Dry,Daylight
2022-11-14T13:29:00.000,I 285,I 285 and Moreland Ave,,Rear End,2,Clear,Dry,Daylight
2022-11-29T16:11:00.000,I 285,I 285 and Moreland Ave,,Angle Crash,2,Clear,Dry,Dark-Lighted
2022-05-16T07:30:00.000,I 285,I 285 and Moreland Ave,,Rear End,2,Clear,Dry,Daylight
2022-02-19T22:47:00.000,I 285,I 285 and Moreland Ave,,Angle Crash,3,Clear,Dry,Dark-Not Lighted
2023-11-26T18:30:00.000,I 285,I 285 and Moreland Ave,,Sideswipe-Same Direction,2,Cloudy,Dry,Dark-Not Lighted
2023-12-19T19:50:00.000,I 285,I 285 and Moreland Ave,,Sideswipe-Same Direction,2,Clear,Dry,Dark-Not Lighted
2023-08-12T15:10:00.000,I 285,I 285 and Moreland Ave,,Not a Collision with Motor Vehicle,1,Cloudy,Dry,Daylight
2023-10-27T14:46:00.000,I 285,I 285 and Moreland Ave,,Rear End,2,Clear,Dry,Daylight
2024-08-13T14:20:00.000,I 285,I 285 and Moreland Ave,,Angle Crash,2,Clear,Dry,Daylight
2024-10-07T17:30:00.000,I 285,I 285 and Moreland Ave,,Rear End,2,Clear,Dry,Daylight
2024-05-12T16:50:00.000,I 285,I 285 and Moreland Ave,,Angle Crash,4,Clear,Dry,Daylight
2024-05-24T00:00:00.000,I 285,I 285 and Moreland Ave,,Sideswipe-Same Direction,2,Clear,Dry,Dark-Not Lighted
2024-01-24T20:39:00.000,I 285,I 285 and Moreland Ave,,Sideswipe-Same Direction,2,Cloudy,Wet,Dark-Lighted
2024-10-09T17:50:00.000,I 285,I 285 and Moreland Ave,,Rear End,2,Clear,Dry,Daylight
2024-05-02T17:27:00.000,I 285,I 285 and Moreland Ave,,Rear End,2,Clear,Dry,Daylight
2024-05-14T08:45:00.000,I 285,I 285 and Moreland Ave,,Rear End,2,Rain,Wet,Daylight
2024-01-10T20:46:00.000,I 285,I 285 and Moreland Ave,,Angle Crash,2,Clear,Dry,Dark-Not Lighted
2024-11-22T16:33:00.000,I 285,I 285 and Moreland Ave,,Rear End,2,Clear,Dry,Daylight
2024-12-05T18:16:00.000,I 285,I 285 and Moreland Ave,,Rear End,4,Clear,Dry,Dark-Not Lighted
2024-02-21T17:20:00.000,I 285,I 285 and Moreland Ave,,Rear End,4,Clear,Dry,Daylight
2024-01-24T07:00:00.000,I 285,I 285 and Moreland Ave,,Angle Crash,2,Rain,Wet,Daylight
2024-07-16T22:10:00.000,I 285,I 285 and Moreland Ave,,Not a Collision with Motor Vehicle,2,Clear,Dry,Dark-Not Lighted
2024-08-13T08:00:00.000,I 285,I 285 and Moreland Ave,,Rear End,2,Clear,Dry,Daylight
2024-02-03T23:20:00.000,I 285,I 285 and Moreland Ave,,Not a Collision with Motor Vehicle,1,Clear,Dry,Dark-Not Lighted
2024-08-11T03:00:00.000,I 285,I 285 and Moreland Ave,,Rear End,2,Clear,Dry,Dark-Lighted
2024-02-12T19:20:00.000,I 285,I 285 and Moreland Ave,,Sideswipe-Same Direction,2,Cloudy,Dry,Dark-Not Lighted
2024-09-26T10:30:00.000,I 285,I 285 and Moreland Ave,,Rear End,2,Rain,Wet,Daylight
2023-03-20T17:25:00.000,I 285,I 285 and Moreland Ave,,Sideswipe-Same Direction,2,Clear,Dry,Daylight
2023-01-06T14:30:00.000,I 285,I 285 and Moreland Ave,,Rear End,2,Clear,Dry,Daylight
2023-09-19T06:25:00.000,I 285,I 285 and Moreland Ave,,Angle Crash,2,Clear,Dry,Dark-Lighted
2023-09-08T22:40:00.000,I 285,I 285 and Moreland Ave,,Angle Crash,3,Clear,Dry,Dark-Not Lighted
2023-03-24T19:19:00.000,I 285,I 285 and Moreland Ave,,Angle Crash,2,Clear,Dry,Daylight
2024-07-10T15:00:00.000,I 285,I 285 and Moreland Ave,,Not a Collision with Motor Vehicle,2,Clear,Dry,Daylight
2024-01-12T07:30:00.000,I 285,I 285 and Moreland Ave,,Angle Crash,2,Clear,Dry,Daylight
2024-10-22T00:21:00.000,I 285,I 285 and Moreland Ave,,Rear End,2,Clear,Dry,Dark-Not Lighted
2023-11-26T17:50:00.000,I 285,I 285 and Moreland Ave,,Rear End,2,Cloudy,Dry,Dark-Not Lighted
2023-03-25T16:00:00.000,I 285,I 285 and Moreland Ave,,Sideswipe-Opposite Direction,2,Clear,Dry,Daylight
2023-12-15T09:36:00.000,I 285,I 285 and Moreland Ave,,Rear End,3,Clear,Dry,Daylight
2023-07-31T11:50:00.000,I 285,I 285 and Moreland Ave,,Angle Crash,2,Clear,Dry,Daylight
2023-05-15T01:00:00.000,I 285,I 285 and Moreland Ave,,Sideswipe-Same Direction,2,Clear,Dry,Dark-Not Lighted
2023-05-14T22:37:00.000,I 285,I 285 and Moreland Ave,,Rear End,4,Clear,Dry,Dark-Not Lighted
2023-12-14T19:50:00.000,I 285,I 285 and Moreland Ave,,Rear End,2,Clear,Dry,Dark-Not Lighted
2023-03-15T17:00:00.000,I 285,I 285 and Moreland Ave,,Angle Crash,2,Clear,Dry,Daylight
2023-09-10T20:15:00.000,I 285,I 285 and Moreland Ave,,Not a Collision with Motor Vehicle,1,Clear,Dry,Dark-Lighted
2023-12-11T12:00:00.000,I 285,I 285 and Moreland Ave,,Rear End,2,Clear,Dry,Daylight
2023-06-28T19:40:00.000,I 285,I 285 and Moreland Ave,,Rear End,2,Clear,Dry,Daylight
2023-03-21T12:15:00.000,I 285,I 285 and Moreland Ave,,Rear End,2,Clear,Dry,Daylight
2023-10-23T15:36:00.000,I 285,I 285 and Moreland Ave,,Rear End,2,Clear,Dry,Daylight
2023-08-17T08:13:00.000,I 285,I 285 and Moreland Ave,,Rear End,2,Clear,Dry,Daylight
2023-12-06T19:20:00.000,I 285,I 285 and Moreland Ave,,Rear End,2,Clear,Dry,Daylight
2023-12-06T15:30:00.000,I 285,I 285 and Moreland Ave,,Rear End,2,Clear,Dry,Daylight
2023-08-13T12:10:00.000,I 285,I 285 and Moreland Ave,,Angle Crash,2,Clear,Dry,Daylight
2023-06-30T14:30:00.000,I 285,I 285 and Moreland Ave,,Rear End,2,Rain,Wet,Daylight
2023-08-20T20:00:00.000,I 285,I 285 and Moreland Ave,,Sideswipe-Same Direction,2,Clear,Dry,Dark-Not Lighted
2023-05-05T16:10:00.000,I 285,I 285 and Moreland Ave,,Rear End,2,Cloudy,Dry,Daylight
2023-07-13T09:25:00.000,I 285,I 285 and Moreland Ave,,Sideswipe-Same Direction,3,Clear,Dry,Daylight
2023-11-07T12:04:00.000,I 285,I 285 and Moreland Ave,,Not a Collision with Motor Vehicle,2,Clear,Dry,Daylight
2023-05-20T14:50:00.000,I 285,I 285 and Moreland Ave,,Rear End,2,Clear,Dry,Daylight
2023-06-15T20:20:00.000,I 285,I 285 and Moreland Ave,,Rear End,2,Clear,Dry,Dark-Lighted
2023-02-02T22:22:00.000,I 285,I 285 and Moreland Ave,,Sideswipe-Same Direction,2,Clear,Wet,Dark-Not Lighted
2023-08-12T08:45:00.000,I 285,I 285 and Moreland Ave,,Not a Collision with Motor Vehicle,2,Clear,Dry,Daylight
2023-11-11T18:14:00.000,I 285,I 285 and Moreland Ave,,Rear End,2,Clear,Dry,Dark-Not Lighted
2023-09-28T09:52:00.000,I 285,I 285 and Moreland Ave,,Sideswipe-Same Direction,2,Cloudy,Dry,Daylight
2023-07-18T21:30:00.000,I 285,I 285 and Moreland Ave,,Not a Collision with Motor Vehicle,1,Clear,Dry,Dark-Not Lighted
2023-01-18T16:49:00.000,I 285,I 285 and Moreland Ave,,Angle Crash,2,Clear,Dry,Daylight
2023-03-02T20:20:00.000,I 285,I 285 and Moreland Ave,,Sideswipe-Same Direction,2,Cloudy,Wet,Dark-Not Lighted
2023-03-03T11:04:00.000,I 285,I 285 and Moreland Ave,,Sideswipe-Same Direction,2,Clear,Wet,Daylight
2023-06-02T07:45:00.000,I 285,I 285 and Moreland Ave,,Rear End,2,Clear,Dry,Daylight
2023-07-10T00:26:00.000,I 285,I 285 and Moreland Ave,,Angle Crash,2,Cloudy,Wet,Dark-Lighted
2023-09-01T20:00:00.000,I 285,I 285 and Moreland Ave,,Rear End,2,Clear,Dry,Dark-Not Lighted
2023-08-14T02:09:00.000,I 285,I 285 and Moreland Ave,,Not a Collision with Motor Vehicle,1,Clear,Dry,Dark-Lighted
2023-05-14T11:08:00.000,I 285,I 285 and Moreland Ave,,Sideswipe-Same Direction,3,Clear,Dry,Daylight
2023-05-28T04:57:00.000,I 285,I 285 and Moreland Ave,,Rear End,2,Clear,Dry,Dark-Not Lighted
2023-07-18T08:20:00.000,I 285,I 285 and Moreland Ave,,Rear End,2,Clear,Dry,Daylight
2024-09-19T18:19:00.000,I 285,I 285 and Moreland Ave,,Rear End,2,Clear,Dry,Daylight
2024-05-14T06:10:00.000,I 285,I 285 and Moreland Ave,,Rear End,2,Rain,Wet,Dawn
2024-11-14T09:22:00.000,I 285,I 285 and Moreland Ave,,Sideswipe-Same Direction,2,Rain,Wet,Daylight
2024-05-17T13:29:00.000,I 285,I 285 and Moreland Ave,,Rear End,2,Clear,Dry,Daylight
2024-01-27T21:03:00.000,I 285,I 285 and Moreland Ave,,Rear End,2,Cloudy,Wet,Dark-Not Lighted
2024-12-18T18:00:00.000,I 285,I 285 and Moreland Ave,,Rear End,2,Clear,Dry,Dark-Not Lighted
2024-10-11T19:00:00.000,I 285,I 285 and Moreland Ave,,Rear End,3,Clear,Dry,Dark-Not Lighted
2024-06-04T23:30:00.000,I 285,I 285 and Moreland Ave,,Rear End,2,Clear,Dry,Dark-Not Lighted
2024-11-10T01:20:00.000,I 285,I 285 and Moreland Ave,,Not a Collision with Motor Vehicle,1,Clear,Dry,Dark-Not Lighted
2024-09-13T14:30:00.000,I 285,I 285 and Moreland Ave,,Sideswipe-Same Direction,2,Cloudy,Dry,Daylight
2024-03-14T13:30:00.000,I 285,I 285 and Moreland Ave,,Angle Crash,2,Clear,Dry,Daylight
2024-10-22T08:28:00.000,I 285,I 285 and Moreland Ave,,Sideswipe-Same Direction,2,Clear,Dry,Daylight
2024-04-04T11:30:00.000,I 285,I 285 and Moreland Ave,,Not a Collision with Motor Vehicle,2,Clear,Dry,Daylight
2024-11-08T05:30:00.000,I 285,I 285 and Moreland Ave,,Sideswipe-Same Direction,2,Clear,Dry,Dark-Lighted
2024-09-19T18:20:00.000,I 285,I 285 and Moreland Ave,,Rear End,3,Clear,Dry,Daylight
2024-06-25T11:30:00.000,I 285,I 285 and Moreland Ave,,Rear End,2,Clear,Dry,Daylight
2024-11-09T05:16:00.000,I 285,I 285 and Moreland Ave,,Rear End,2,Cloudy,Dry,Dark-Not Lighted
2024-04-25T15:20:00.000,I 285,I 285 and Moreland Ave,,Angle Crash,2,Clear,Dry,Daylight
2024-07-23T15:50:00.000,I 285,I 285 and Moreland Ave,,Angle Crash,2,Cloudy,Other,Daylight
2024-10-14T16:50:00.000,I 285,I 285 and Moreland Ave,,Angle Crash,2,Clear,Dry,Daylight
2024-06-27T19:36:00.000,I 285,I 285 and Moreland Ave,,Rear End,3,Clear,Wet,Daylight
2024-12-11T16:10:00.000,I 285,I 285 and Moreland Ave,,Rear End,2,Clear,Dry,Daylight
2024-09-05T10:48:00.000,I 285,I 285 and Moreland Ave,,Not a Collision with Motor Vehicle,1,Clear,Dry,Daylight
2024-03-03T21:00:00.000,I 285,I 285 and Moreland Ave,,Not a Collision with Motor Vehicle,1,Clear,Dry,Dark-Not Lighted
2024-10-25T15:35:00.000,I 285,I 285 and Moreland Ave,,Rear End,2,Clear,Dry,Daylight
2024-11-28T13:56:00.000,I 285,I 285 and Moreland Ave,,Rear End,2,Clear,Dry,Daylight
2024-10-09T15:00:00.000,I 285,I 285 and Moreland Ave,,Rear End,2,Clear,Dry,Daylight
2024-06-25T09:41:00.000,I 285,I 285 and Moreland Ave,,Rear End,2,Clear,Dry,Daylight
2024-11-10T01:55:00.000,I 285,I 285 and Moreland Ave,,Not a Collision with Motor Vehicle,1,Clear,Dry,Dark-Not Lighted
2024-06-19T16:46:00.000,I 285,I 285 and Moreland Ave,,Rear End,2,Clear,Dry,Daylight
2024-06-10T05:02:00.000,I 285,I 285 and Moreland Ave,,Rear End,2,Clear,Dry,Dark-Not Lighted
2024-02-11T03:10:00.000,I 285,I 285 and Moreland Ave,,Not a Collision with Motor Vehicle,1,Clear,Wet,Dark-Not Lighted
2024-01-21T09:50:00.000,I 285,I 285 and Moreland Ave,,Rear End,3,Clear,Dry,Daylight
2024-10-14T13:45:00.000,I 285,I 285 and Moreland Ave,,Rear End,2,Clear,Dry,Daylight
2024-03-13T08:35:00.000,I 285,I 285 and Moreland Ave,,Angle Crash,2,Clear,Dry,Daylight
2024-03-08T03:30:00.000,I 285,I 285 and Moreland Ave,,Sideswipe-Same Direction,3,Clear,Dry,Dark-Not Lighted
2024-09-01T20:10:00.000,I 285,I 285 and Moreland Ave,,Rear End,2,Clear,Dry,Dark-Lighted
2024-11-24T14:50:00.000,I 285,I 285 and Moreland Ave,,Sideswipe-Same Direction,2,Clear,Dry,Daylight
2024-07-20T22:40:00.000,I 285,I 285 and Moreland Ave,,Sideswipe-Same Direction,2,Clear,Dry,Daylight
2024-08-30T13:20:00.000,I 285,I 285 and Moreland Ave,,Rear End,2,Clear,Dry,Daylight
2024-09-26T10:45:00.000,I 285,I 285 and Moreland Ave,,Sideswipe-Same Direction,2,Rain,Wet,Daylight
2024-10-31T07:55:00.000,I 285,I 285 and Moreland Ave,,Angle Crash,2,Clear,Dry,Dawn
2024-09-19T11:00:00.000,I 285,I 285 and Moreland Ave,,Angle Crash,3,Clear,Dry,Daylight
2024-02-21T16:54:00.000,I 285,I 285 and Moreland Ave,,Rear End,2,Clear,Dry,Daylight
2024-07-25T18:00:00.000,I 285,I 285 and Moreland Ave,,Rear End,3,Other,Wet,Daylight
2024-04-30T15:30:00.000,I 285,I 285 and Moreland Ave,,Rear End,2,Clear,Dry,Daylight
2024-09-14T20:00:00.000,I 285,I 285 and Moreland Ave,,Angle Crash,2,Rain,Wet,Dark-Not Lighted
2024-06-24T14:53:00.000,I 285,I 285 and Moreland Ave,,Sideswipe-Same Direction,2,Clear,Dry,Daylight
2024-09-04T23:57:00.000,I 285,I 285 and Moreland Ave,,Rear End,2,Clear,Dry,Dark-Not Lighted
2024-05-11T16:29:00.000,I 285,I 285 and Moreland Ave,,Rear End,2,Clear,Dry,Daylight
2024-12-02T15:40:00.000,I 285,I 285 and Moreland Ave,,Sideswipe-Same Direction,3,Clear,Dry,Daylight
2024-06-03T06:50:00.000,I 285,I 285 and Moreland Ave,,Not a Collision with Motor Vehicle,1,Clear,Wet,Daylight
2024-05-11T15:38:00.000,I 285,I 285 and Moreland Ave,,Rear End,2,Clear,Dry,Daylight
2024-04-26T15:07:00.000,I 285,I 285 and Moreland Ave,,Rear End,2,Clear,Dry,Daylight
2024-05-07T00:41:00.000,I 285,I 285 and Moreland Ave,,Not a Collision with Motor Vehicle,1,Clear,Dry,Dark-Not Lighted
2024-10-21T15:31:00.000,I 285,I 285 and Moreland Ave,,Sideswipe-Same Direction,2,Clear,Dry,Daylight
2024-11-09T05:39:00.000,I 285,I 285 and Moreland Ave,,Rear End,3,Clear,Dry,Dark-Lighted
2024-11-04T01:55:00.000,I 285,I 285 and Moreland Ave,,Rear End,2,Clear,Dry,Dark-Not Lighted
2024-12-21T11:30:00.000,I 285,I 285 and Moreland Ave,,Not a Collision with Motor Vehicle,1,Clear,Dry,Daylight
2024-08-03T17:40:00.000,I 285,I 285 and Moreland Ave,,Rear End,2,Clear,Dry,Daylight
2024-05-20T17:10:00.000,I 285,I 285 and Moreland Ave,,Rear End,2,Clear,Dry,Daylight
2024-07-06T16:00:00.000,I 285,I 285 and Moreland Ave,,Not a Collision with Motor Vehicle,2,Clear,Dry,Daylight
2023-08-11T19:30:00.000,I 285,I 285 and Moreland Av,,Rear End,2,Clear,Dry,Daylight
2023-11-30T11:00:00.000,I 285,I 285 and Moreland,,Not a Collision with Motor Vehicle,2,Clear,Dry,Daylight
2024-07-29T10:10:00.000,I 285,I 285 and Moreland,,Sideswipe-Same Direction,2,Cloudy,Wet,Daylight