Date and Time,Roadway (From Crash Report),Intersection Name (from Crash Report),KABCO Severity,Manner of Collision (Crash Level) ,# of Vehicles per crash ,Weather Conditions (Crash Level),Surface Condition (Crash Level) ,Light Conditions (Crash Level)
2023-03-22T17:20:00.000,I 285,I 285 and Moreland,,Rear End,2,Clear,Dry,Daylight
2023-04-21T18:35:00.000,I 285,I 285 and Montreal Sta,,Sideswipe-Same Direction,2,Clear,Dry,Daylight
2024-12-15T14:50:00.000,I 285,I 285 and Montreal Sta,,Rear End,2,Rain,Wet,Daylight
2022-05-03T15:30:00.000,I 285,I 285 and Montreal Rd,,Rear End,3,Clear,Dry,Daylight
2023-01-12T09:08:00.000,I 285,I 285 and Montreal Rd,,Angle Crash,2,Clear,Dry,Daylight
2021-06-30T17:52:00.000,I 285,I 285 and Montreal Industrial Way,,Rear End,2,Clear,Dry,Daylight
2021-10-26T17:19:00.000,I 285,I 285 and Montreal Industrial Way,,Rear End,2,Clear,Dry,Daylight
2021-03-16T16:19:00.000,I 285,I 285 and Montreal Industrial Way,,Rear End,3,Rain,Wet,Dusk
2021-11-19T12:00:00.000,I 285,I 285 and Montreal Industrial Way,,Rear End,2,Clear,Dry,Daylight
2021-09-10T16:40:00.000,I 285,I 285 and Montreal Industrial Way,,Rear End,2,Clear,Dry,Daylight
2022-02-28T16:06:00.000,I 285,I 285 and Montreal Industrial Way,,Rear End,2,Clear,Dry,Daylight
2021-11-17T11:15:00.000,I 285,I 285 and Montreal Ct,,Sideswipe-Same Direction,2,Clear,Dry,Daylight
2021-10-26T15:45:00.000,I 285,I 285 and Montreal Ct,,Rear End,2,Clear,Dry,Daylight
2023-07-28T19:40:00.000,I 285,I 285 and Montreal Ct,,Rear End,3,Rain,Wet,Daylight
2020-03-04T00:00:00.000,I 285,I 285 and Montreal Ct,,Rear End,2,Rain,Wet,Dark-Not Lighted
2020-10-07T19:32:00.000,I 285,I 285 and Montreal Ct,,Not a Collision with Motor Vehicle,1,Clear,Dry,Dark-Lighted
2021-10-14T18:24:00.000,I 285,I 285 and Montreal Ct,,Rear End,2,Clear,Dry,Dark-Not Lighted
2021-10-26T14:45:00.000,I 285,I 285 and Montreal Ct,,Sideswipe-Same Direction,2,Clear,Dry,Daylight
2022-12-17T19:40:00.000,I 285,I 285 and Montreal Ct,,Rear End,2,Clear,Dry,Dark-Not Lighted
2022-05-31T15:39:00.000,I 285,I 285 and Montreal Ct,,Rear End,2,Clear,Dry,Daylight
2024-03-28T18:58:00.000,I 285,I 285 and Montreal Ct,,Rear End,2,Clear,Dry,Daylight
2023-01-06T15:45:00.000,I 285,I 285 and Montreal Ct,,Rear End,2,Clear,Ice/Frost,Daylight
2023-01-14T19:40:00.000,I 285,I 285 and Montreal Ct,,Angle Crash,3,Clear,Dry,Dark-Not Lighted
2024-11-22T14:30:00.000,I 285,I 285 and Montreal Ct,,Sideswipe-Same Direction,2,Clear,Dry,Daylight
2024-02-27T17:20:00.000,I 285,I 285 and Montreal Ct,,Rear End,2,Cloudy,Dry,Daylight
2024-04-19T16:41:00.000,I 285,I 285 and Montreal Ct,,Rear End,2,Cloudy,Dry,Daylight
2024-01-01T07:12:00.000,I 285,I 285 and Montreal Ct,,Not a Collision with Motor Vehicle,1,Clear,Dry,Dawn
2021-05-04T22:40:00.000,I 285,I 285 and Montreal Cir,,Sideswipe-Same Direction,2,Rain,Wet,Dark-Lighted
2020-07-22T10:45:00.000,I 285,I 285 and Montreal Cir,,Not a Collision with Motor Vehicle,3,Clear,Dry,Daylight
2023-03-26T23:34:00.000,I 285,I 285 and Montreal Cir,,Rear End,2,Rain,Wet,Dark-Not Lighted
2020-06-23T17:27:00.000,I 285,I 285 and Montreal Cir,,Angle Crash,2,Clear,Dry,Daylight
2020-12-15T16:58:00.000,I 285,I 285 and Montreal Cir,,Rear End,2,Clear,Dry,Daylight
2022-02-11T13:00:00.000,I 285,I 285 and Montreal Cir,,Rear End,2,Clear,Dry,Daylight
2022-03-23T00:00:00.000,I 285,I 285 and Montreal Cir,,Rear End,3,Rain,Wet,Daylight
2024-02-27T18:20:00.000,I 285,I 285 and Montreal Cir,,Angle Crash,2,Clear,Dry,Daylight
2024-02-28T18:20:00.000,I 285,I 285 and Montreal Cir,,Angle Crash,2,Cloudy,Dry,Dark-Not Lighted
2024-05-19T14:00:00.000,I 285,I 285 and Montreal Cir,,Rear End,2,Clear,Dry,Daylight
2024-05-16T16:36:00.000,I 285,I 285 and Montreal Cir,,Rear End,2,Clear,Dry,Daylight
2023-03-30T17:40:00.000,I 285,I 285 and Mm62 - Fulton Clayton County L,,Not a Collision with Motor Vehicle,1,Clear,Dry,Daylight
2023-09-12T17:45:00.000,I 285,I 285 and Mm55 Jonesboro Rd,,Not a Collision with Motor Vehicle,1,Clear,Dry,Daylight
2023-07-31T13:45:00.000,I 285,I 285 and Mm4 - Greenbriar Pkwy,,Sideswipe-Same Direction,3,Cloudy,Dry,Daylight
2020-11-24T17:00:00.000,I 285,I 285 and Mm18 Entrance Rp,,Rear End,2,Cloudy,Dry,Daylight
2022-04-21T09:30:00.000,I 285,I 285 and Mm17.2,,Rear End,2,Cloudy,Dry,Daylight
2024-12-02T19:09:00.000,I 285,I 285 and Mm16 Atlanta Rd,,Angle Crash,2,Clear,Dry,Dark-Not Lighted
2021-11-11T16:00:00.000,I 285,I 285 and Mm14.6,,Rear End,2,Cloudy,Dry,Daylight
2021-11-22T13:00:00.000,I 285,I 285 and Mm12.2,,Rear End,2,Clear,Dry,Daylight
2024-02-25T18:35:00.000,I 285,I 285 and Mm10 I20 Interchange,,Rear End,3,Clear,Dry,Dark-Not Lighted
2023-09-11T15:45:00.000,I 285,I 285 and Mm 9 - Martin Luther King Jr D,,Rear End,2,Clear,Dry,Daylight
2023-08-23T15:36:00.000,I 285,I 285 and Mm 8.7,,Sideswipe-Same Direction,2,Clear,Dry,Daylight
2020-06-08T21:22:00.000,I 285,I 285 and Mm 632,,Not a Collision with Motor Vehicle,2,Clear,Dry,Dark-Not Lighted
2024-05-31T15:30:00.000,I 285,I 285 and Mm 5A - Greenbriar Pkwy,,Rear End,2,Cloudy,Dry,Daylight
2022-05-19T15:30:00.000,I 285,I 285 and Mm 55.6,,Rear End,3,Clear,Dry,Daylight
2024-06-25T08:10:00.000,I 285,I 285 and Mm 54.4,,Rear End,2,Clear,Dry,Daylight
2022-11-30T06:40:00.000,I 285,I 285 and Mm 50.4,,Rear End,3,Rain,Wet,Dark-Not Lighted
2022-11-30T06:40:00.000,I 285,I 285 and Mm 50.4,,Not a Collision with Motor Vehicle,1,Rain,Wet,Dark-Not Lighted
2023-07-21T14:55:00.000,I 285,I 285 and Mm 5.8,,Rear End,2,Clear,Dry,Daylight
2020-05-26T06:15:00.000,I 285,I 285 and Mm 31B,,Sideswipe-Same Direction,2,Cloudy,Dry,Daylight
2024-11-24T03:07:00.000,I 285,I 285 and Mm 31.5,,Sideswipe-Same Direction,3,Clear,Dry,Dark-Not Lighted
2023-06-12T11:30:00.000,I 285,I 285 and Mm 3.2,,Rear End,3,Cloudy,Dry,Daylight
2021-06-24T13:00:00.000,I 285,I 285 and Mm 259,,Sideswipe-Same Direction,2,Cloudy,Dry,Daylight
2023-09-16T13:02:00.000,I 285,I 285 and Mm 245,,Rear End,2,Rain,Wet,Daylight
2021-03-02T13:44:00.000,I 285,I 285 and Mm 212,,Rear End,2,Cloudy,Dry,Daylight
2024-08-01T17:30:00.000,I 285,I 285 and Mm 19.6,,Rear End,2,Clear,Dry,Daylight
2023-11-29T09:40:00.000,I 285,I 285 and Mm 18.5,,Sideswipe-Same Direction,2,Clear,Dry,Daylight
2021-10-01T17:00:00.000,I 285,I 285 and Mm 18.4,,Rear End,2,Cloudy,Dry,Daylight
2021-10-01T17:00:00.000,I 285,I 285 and Mm 18.4,,Rear End,2,Cloudy,Dry,Daylight
2024-12-24T14:50:00.000,I 285,I 285 and Mm 18.3,,Rear End,2,Clear,Dry,Daylight
2024-08-15T07:15:00.000,I 285,I 285 and Mm 18.2,,Angle Crash,2,Clear,Dry,Daylight
2024-12-12T18:30:00.000,I 285,I 285 and Mm 18.2,,Sideswipe-Same Direction,2,Clear,Dry,Dark-Not Lighted
2024-03-19T15:45:00.000,I 285,I 285 and Mm 17.6,,Rear End,2,Clear,Dry,Daylight
2024-08-22T13:15:00.000,I 285,I 285 and Mm 17.6,,Rear End,2,Clear,Dry,Daylight
2023-06-09T16:15:00.000,I 285,I 285 and Mm 16.6,,Rear End,2,Clear,Dry,Daylight
2023-11-09T15:45:00.000,I 285,I 285 and Mm 16.2,,Rear End,2,Clear,Dry,Daylight
2024-09-12T17:30:00.000,I 285,I 285 and Mm 15.4,,Rear End,2,Cloudy,Dry,Daylight
2023-06-12T09:30:00.000,I 285,I 285 and Mm 14.6,,Rear End,2,Cloudy,Dry,Daylight
2024-11-19T11:45:00.000,I 285,I 285 and Mm 14.6,,Not a Collision with Motor Vehicle,1,Rain,Wet,Daylight
2024-11-19T12:36:00.000,I 285,I 285 and Mm 14.6,,Angle Crash,2,Rain,Wet,Daylight
2024-08-30T14:30:00.000,I 285,I 285 and Mm 14.5,,Sideswipe-Same Direction,2,Clear,Dry,Daylight
2024-12-23T11:55:00.000,I 285,I 285 and Mm 14.2,,Rear End,2,Clear,Dry,Daylight
2024-04-19T15:15:00.000,I 285,I 285 and Mm 14.2,,Rear End,2,Clear,Dry,Daylight
2021-07-22T13:10:00.000,I 285,I 285 and Mm 136,,Rear End,2,Cloudy,Dry,Daylight
2023-03-19T21:15:00.000,I 285,I 285 and Mm 13.0,,Rear End,2,Clear,Dry,Dark-Not Lighted
2024-10-21T17:20:00.000,I 285,I 285 and Mm 12.7,,Sideswipe-Same Direction,2,Clear,Dry,Daylight
2021-10-01T17:00:00.000,I 285,I 285 and Mm 12.2,,Rear End,2,Clear,Dry,Daylight
2023-12-16T12:15:00.000,I 285,I 285 and Mm 12 Hollowell Pkwy,,Angle Crash,2,Cloudy,Dry,Daylight
2024-01-05T12:33:00.000,I 285,I 285 and Mm 10B,,Sideswipe-Same Direction,2,Clear,Dry,Daylight
2024-01-15T13:30:00.000,I 285,I 285 and Mm 10B,,Rear End,2,Clear,Dry,Daylight
2024-09-06T17:45:00.000,I 285,I 285 and Mm 10.8,,Rear End,3,Rain,Wet,Daylight
2024-09-24T09:00:00.000,I 285,I 285 and Mm 10.5,,Rear End,2,Clear,Dry,Daylight
2024-05-31T16:45:00.000,I 285,I 285 and Mm 1 - Washington Rd,,Sideswipe-Same Direction,2,Cloudy,Dry,Daylight
2020-06-13T22:22:00.000,I 285,I 285 and Mm  62,,Rear End,2,Clear,Dry,Dark-Lighted
2023-06-06T18:45:00.000,I 285,I 285 and Mll Dr,,Sideswipe-Same Direction,2,Rain,Dry,Daylight
2022-03-31T07:50:00.000,I 285,I 285 and Mlk Jr. Driver Opas,,Rear End,3,Clear,Dry,Daylight
2023-08-22T16:16:00.000,I 285,I 285 and Mlk Jr. Dr.,,Angle Crash,2,Cloudy,Dry,Daylight
2023-08-10T16:56:00.000,I 285,I 285 and Mlk Jr. Dr.,,Rear End,2,Cloudy,Dry,Daylight
2023-04-04T09:05:00.000,I 285,I 285 and Mlk Jr. Dr,,Rear End,2,Cloudy,Dry,Daylight
2022-03-31T09:25:00.000,I 285,I 285 and Mlk Jr Drive Opas,,Rear End,3,Clear,Dry,Daylight
2024-07-15T16:13:00.000,I 285,I 285 and Mlk Jr Dr Opas,,Sideswipe-Same Direction,2,Rain,Wet,Daylight
2021-06-17T17:10:00.000,I 285,I 285 and Mlk Jr Dr,,Rear End,2,Clear,Dry,Daylight
2021-08-11T07:14:00.000,I 285,I 285 and Mlk Jr Dr,,Rear End,3,Cloudy,Dry,Daylight
2021-09-24T12:14:00.000,I 285,I 285 and Mlk Jr Dr,,Rear End,2,Clear,Dry,Daylight
2021-01-10T21:00:00.000,I 285,I 285 and Mlk Jr Dr,,Angle Crash,1,Clear,Dry,Dusk
2020-09-15T22:35:00.000,I 285,I 285 and Mlk Jr Dr,,Rear End,2,Clear,Dry,Dark-Lighted
2023-05-25T11:02:00.000,I 285,I 285 and Mlk Jr Dr,,Rear End,2,Clear,Dry,Daylight
2023-07-31T14:38:00.000,I 285,I 285 and Mlk Jr Dr,,Sideswipe-Same Direction,2,Clear,Dry,Daylight
2023-01-30T07:50:00.000,I 285,I 285 and Mlk Jr Dr,,Rear End,2,Rain,Wet,Daylight
2023-05-19T18:53:00.000,I 285,I 285 and Mlk Jr Dr,,Rear End,2,Clear,Dry,Daylight
2023-09-19T16:20:00.000,I 285,I 285 and Mlk Jr Dr,,Rear End,2,Clear,Dry,Daylight
2023-05-25T13:12:00.000,I 285,I 285 and Mlk Jr Dr,,Rear End,2,Clear,Dry,Daylight
2023-06-08T18:56:00.000,I 285,I 285 and Mlk Jr Dr,,Rear End,2,Cloudy,Dry,Daylight
2023-04-27T15:06:00.000,I 285,I 285 and Mlk Jr Dr,,Sideswipe-Same Direction,2,Cloudy,Wet,Daylight
2023-03-21T18:08:00.000,I 285,I 285 and Mlk Jr Dr,,Rear End,2,Clear,Dry,Daylight
2023-12-18T07:31:00.000,I 285,I 285 and Mlk Jr Dr,,Rear End,3,Clear,Dry,Dark-Not Lighted
2023-03-27T16:40:00.000,I 285,I 285 and Mlk Jr Dr,,Sideswipe-Same Direction,2,Clear,Dry,Daylight
2023-06-09T19:03:00.000,I 285,I 285 and Mlk Jr Dr,,Sideswipe-Same Direction,2,Clear,Dry,Daylight
2023-05-30T17:45:00.000,I 285,I 285 and Mlk Jr Dr,,Sideswipe-Same Direction,2,Cloudy,Dry,Daylight
2020-07-21T00:00:00.000,I 285,I 285 and Mlk Jr Dr,,Rear End,2,Cloudy,Dry,Daylight
2020-05-11T14:08:00.000,I 285,I 285 and Mlk Jr Dr,,Rear End,2,Clear,Dry,Daylight
2020-05-11T14:44:00.000,I 285,I 285 and Mlk Jr Dr,,Rear End,2,Clear,Dry,Daylight
2020-04-30T13:44:00.000,I 285,I 285 and Mlk Jr Dr,,Rear End,2,Clear,Dry,Daylight
2020-05-12T17:03:00.000,I 285,I 285 and Mlk Jr Dr,,Rear End,2,Clear,Dry,Daylight
2020-07-24T16:55:00.000,I 285,I 285 and Mlk Jr Dr,,Sideswipe-Same Direction,2,Cloudy,Dry,Daylight
2020-12-11T14:15:00.000,I 285,I 285 and Mlk Jr Dr,,Sideswipe-Same Direction,2,Clear,Dry,Daylight
2020-02-06T00:44:00.000,I 285,I 285 and Mlk Jr Dr,,Head On,2,Rain,Wet,Dark-Lighted
2020-11-11T15:50:00.000,I 285,I 285 and Mlk Jr Dr,,Rear End,2,Clear,Dry,Daylight
2020-03-23T15:43:00.000,I 285,I 285 and Mlk Jr Dr,,Not a Collision with Motor Vehicle,1,Cloudy,Wet,Daylight
2021-06-15T14:12:00.000,I 285,I 285 and Mlk Jr Dr,,Sideswipe-Same Direction,2,Clear,Dry,Daylight
2021-01-20T09:20:00.000,I 285,I 285 and Mlk Jr Dr,,Sideswipe-Same Direction,2,Clear,Dry,Daylight
2021-03-05T14:07:00.000,I 285,I 285 and Mlk Jr Dr,,Rear End,2,Clear,Dry,Daylight
2021-08-17T11:06:00.000,I 285,I 285 and Mlk Jr Dr,,Not a Collision with Motor Vehicle,1,Rain,Wet,Daylight
2021-08-17T08:32:00.000,I 285,I 285 and Mlk Jr Dr,,Not a Collision with Motor Vehicle,1,Rain,Wet,Daylight
2022-08-02T13:00:00.000,I 285,I 285 and Mlk Jr Dr,,Rear End,2,Clear,Dry,Daylight
2022-03-31T08:08:00.000,I 285,I 285 and Mlk Jr Dr,,Sideswipe-Same Direction,2,Rain,Wet,Dawn
2022-12-08T12:37:00.000,I 285,I 285 and Mlk Jr Dr,,Rear End,2,Clear,Dry,Daylight
2022-09-27T09:18:00.000,I 285,I 285 and Mlk Jr Dr,,Rear End,2,Clear,Dry,Daylight
2022-04-11T15:20:00.000,I 285,I 285 and Mlk Jr Dr,,Head On,2,Cloudy,Dry,Daylight
2022-08-25T15:59:00.000,I 285,I 285 and Mlk Jr Dr,,Sideswipe-Same Direction,2,Rain,Wet,Daylight
2022-07-22T08:30:00.000,I 285,I 285 and Mlk Jr Dr,,Rear End,2,Clear,Dry,Daylight
2022-03-17T18:00:00.000,I 285,I 285 and Mlk Jr Dr,,Rear End,2,Clear,Dry,Daylight
2022-08-25T14:23:00.000,I 285,I 285 and Mlk Jr Dr,,Sideswipe-Same Direction,2,Cloudy,Dry,Daylight
2022-11-04T13:08:00.000,I 285,I 285 and Mlk Jr Dr,,Rear End,2,Clear,Dry,Daylight
2023-06-01T16:12:00.000,I 285,I 285 and Mlk Jr Dr,,Sideswipe-Same Direction,2,Cloudy,Dry,Daylight
2024-05-31T17:56:00.000,I 285,I 285 and Mlk Jr Dr,,Sideswipe-Same Direction,2,Clear,Dry,Daylight
2024-05-13T11:00:00.000,I 285,I 285 and Mlk Jr Dr,,Sideswipe-Same Direction,2,Cloudy,Dry,Daylight
2024-11-18T16:24:00.000,I 285,I 285 and Mlk Jr Dr,,Sideswipe-Same Direction,2,Clear,Dry,Daylight
2024-06-28T10:15:00.000,I 285,I 285 and Mlk Jr Dr,,Sideswipe-Same Direction,2,Clear,Dry,Daylight
2024-03-12T16:47:00.000,I 285,I 285 and Mlk Jr Dr,,Sideswipe-Same Direction,2,Clear,Dry,Daylight
2023-08-22T16:17:00.000,I 285,I 285 and Mlk Jr Dr,,Sideswipe-Same Direction,2,Cloudy,Dry,Daylight
2023-07-13T13:06:00.000,I 285,I 285 and Mlk Jr Dr,,Rear End,2,Clear,Dry,Daylight
2023-12-11T14:55:00.000,I 285,I 285 and Mlk Jr Dr,,Rear End,2,Clear,Dry,Daylight
2023-08-22T16:16:00.000,I 285,I 285 and Mlk Jr Dr,,Sideswipe-Same Direction,2,Cloudy,Dry,Daylight
2023-04-27T10:38:00.000,I 285,I 285 and Mlk Jr Dr,,Rear End,2,Cloudy,Wet,Daylight
2023-08-11T06:40:00.000,I 285,I 285 and Mlk Jr Dr,,Sideswipe-Same Direction,2,Rain,Wet,Dark-Not Lighted
2023-03-17T15:45:00.000,I 285,I 285 and Mlk Jr Dr,,Rear End,2,Rain,Wet,Daylight
2023-04-02T13:45:00.000,I 285,I 285 and Mlk Jr Dr,,Not a Collision with Motor Vehicle,1,Clear,Dry,Daylight
2023-05-05T17:13:00.000,I 285,I 285 and Mlk Jr Dr,,Rear End,2,Cloudy,Wet,Daylight
2023-10-27T11:00:00.000,I 285,I 285 and Mlk Jr Dr,,Sideswipe-Same Direction,2,Clear,Dry,Daylight
2023-12-11T14:00:00.000,I 285,I 285 and Mlk Jr Dr,,Rear End,2,Clear,Dry,Daylight
2023-11-07T11:00:00.000,I 285,I 285 and Mlk Jr Dr,,Not a Collision with Motor Vehicle,2,Clear,Dry,Daylight
2024-07-19T07:48:00.000,I 285,I 285 and Mlk Jr Dr,,Sideswipe-Same Direction,2,Clear,Dry,Daylight
2024-01-11T14:58:00.000,I 285,I 285 and Mlk Jr Dr,,Rear End,3,Clear,Dry,Daylight
2024-02-28T14:30:00.000,I 285,I 285 and Mlk Jr Dr,,Sideswipe-Same Direction,2,Clear,Dry,Daylight
2024-03-11T12:30:00.000,I 285,I 285 and Mlk Jr Dr,,Sideswipe-Same Direction,2,Clear,Dry,Daylight
2024-01-23T16:55:00.000,I 285,I 285 and Mlk Jr Dr,,Rear End,2,Cloudy,Dry,Daylight
2024-06-07T14:34:00.000,I 285,I 285 and Mlk Jr Dr,,Rear End,2,Clear,Dry,Daylight
2024-02-15T07:30:00.000,I 285,I 285 and Mlk Jr Dr,,Sideswipe-Same Direction,2,Clear,Dry,Daylight
2024-07-18T16:07:00.000,I 285,I 285 and Mlk Jr Dr,,Rear End,2,Rain,Wet,Daylight
2024-06-13T07:47:00.000,I 285,I 285 and Mlk Jr Dr,,Sideswipe-Same Direction,2,Clear,Dry,Daylight
2024-02-01T18:05:00.000,I 285,I 285 and Mlk Jr Dr,,Sideswipe-Same Direction,2,Clear,Dry,Dark-Not Lighted
2024-05-10T14:40:00.000,I 285,I 285 and Mlk Jr Dr,,Sideswipe-Same Direction,2,Cloudy,Dry,Daylight
2024-05-10T19:12:00.000,I 285,I 285 and Mlk Jr Dr,,Sideswipe-Same Direction,2,Clear,Dry,Daylight
2024-10-21T16:09:00.000,I 285,I 285 and Mlk Jr Dr,,Rear End,3,Clear,Dry,Daylight
2024-01-11T18:07:00.000,I 285,I 285 and Mlk Jr Dr,,Rear End,3,Clear,Dry,Daylight
2024-04-23T18:00:00.000,I 285,I 285 and Mlk Jr Dr,,Rear End,2,Clear,Dry,Daylight
2024-02-28T18:30:00.000,I 285,I 285 and Mlk Jr Dr,,Rear End,2,Clear,Dry,Dark-Lighted
2024-10-07T18:18:00.000,I 285,I 285 and Mlk Jr Dr,,Sideswipe-Same Direction,2,Clear,Dry,Daylight
2024-03-11T16:07:00.000,I 285,I 285 and Mlk Jr Dr,,Angle Crash,2,Clear,Dry,Daylight
2024-01-11T14:58:00.000,I 285,I 285 and Mlk Jr Dr,,Rear End,4,Clear,Dry,Daylight
2024-02-05T08:38:00.000,I 285,I 285 and Mlk Jr Dr,,Rear End,2,Cloudy,Dry,Daylight
2024-01-11T15:50:00.000,I 285,I 285 and Mlk Jr Dr,,Sideswipe-Same Direction,2,Clear,Dry,Daylight
2024-12-17T09:08:00.000,I 285,I 285 and Mlk Jr Dr,,Rear End,2,Clear,Dry,Daylight
2024-04-05T11:25:00.000,I 285,I 285 and Mlk Jr Dr,,Sideswipe-Same Direction,2,Clear,Dry,Daylight
2024-05-17T15:30:00.000,I 285,I 285 and Mlk Jr Dr,,Rear End,2,Clear,Dry,Daylight
2024-07-22T07:41:00.000,I 285,I 285 and Mlk Jr Dr,,Sideswipe-Same Direction,2,Clear,Dry,Daylight
2024-06-20T16:14:00.000,I 285,I 285 and Mlk Jr Dr,,Rear End,2,Clear,Dry,Daylight
2024-05-02T09:10:00.000,I 285,I 285 and Mlk Jr Dr,,Rear End,2,Clear,Dry,Daylight
2024-01-11T14:58:00.000,I 285,I 285 and Mlk Jr Dr,,Rear End,2,Clear,Dry,Daylight
2024-01-08T12:05:00.000,I 285,I 285 and Mlk Jr Dr,,Sideswipe-Same Direction,2,Clear,Dry,Daylight
2024-06-25T08:40:00.000,I 285,I 285 and Mlk Jr Dr,,Rear End,2,Clear,Dry,Daylight
2024-02-13T15:35:00.000,I 285,I 285 and Mlk Jr Dr,,Rear End,4,Clear,Dry,Daylight
2024-03-19T16:57:00.000,I 285,I 285 and Mlk Jr Dr,,Sideswipe-Same Direction,2,Clear,Dry,Daylight
2024-02-29T11:40:00.000,I 285,I 285 and Mlk Jr Dr,,Sideswipe-Same Direction,2,Clear,Dry,Daylight
2024-04-15T17:30:00.000,I 285,I 285 and Mlk Jr Dr,,Rear End,3,Clear,Dry,Daylight
2024-03-15T15:15:00.000,I 285,I 285 and Mlk Jr Dr,,Sideswipe-Same Direction,2,Cloudy,Dry,Daylight
2023-05-15T00:36:00.000,I 285,I 285 and Mlk Jr,,Rear End,2,Clear,Dry,Daylight
2020-10-16T16:25:00.000,I 285,I 285 and Mlk Jr,,Rear End,2,Clear,Dry,Daylight
2021-08-27T06:33:00.000,I 285,I 285 and Mlk Je Drive Sw Opas,,Sideswipe-Same Direction,2,Clear,Dry,Dark-Not Lighted
2023-01-23T15:25:00.000,I 285,I 285 and Mlk Dr.,,Rear End,2,Clear,Dry,Daylight
2022-08-15T12:32:00.000,I 285,I 285 and Mlk Dr Jr Opas,,Sideswipe-Same Direction,2,Cloudy,Dry,Daylight
2024-03-07T07:48:00.000,I 285,I 285 and Mlk Dr Jr,,Rear End,2,Clear,Dry,Daylight
2021-06-18T15:48:00.000,I 285,I 285 and Mlk Dr,,Rear End,2,Clear,Dry,Daylight
2023-12-11T13:50:00.000,I 285,I 285 and Mlk Dr,,Rear End,4,Clear,Dry,Daylight
2023-11-21T11:15:00.000,I 285,I 285 and Mlk Dr,,Rear End,2,Rain,Wet,Daylight
2023-02-16T18:35:00.000,I 285,I 285 and Mlk Blvd,,Rear End,2,Cloudy,Dry,Dark-Not Lighted
2022-05-20T18:34:00.000,I 285,I 285 and Mlk Blvd,,Rear End,2,Clear,Dry,Daylight
2023-02-17T07:25:00.000,I 285,I 285 and Mlk Blvd,,Rear End,2,Rain,Wet,Daylight
2021-06-30T17:14:00.000,I 285,I 285 and Ml King Jr Dr,,Rear End,2,Clear,Dry,Daylight
2021-08-10T16:54:00.000,I 285,I 285 and Ml King Jr Dr,,Rear End,3,Cloudy,Dry,Daylight
2023-09-11T17:10:00.000,I 285,I 285 and Ml King Jr Dr,,Rear End,4,Cloudy,Dry,Daylight
2023-05-23T08:42:00.000,I 285,I 285 and Ml King Jr Dr,,Rear End,2,Cloudy,Dry,Daylight
2023-03-27T06:30:00.000,I 285,I 285 and Ml King Jr Dr,,Not a Collision with Motor Vehicle,1,Rain,Wet,Dark-Lighted
2020-09-11T16:20:00.000,I 285,I 285 and Ml King Jr Dr,,Rear End,2,Clear,Dry,Daylight
2020-01-15T12:34:00.000,I 285,I 285 and Ml King Jr Dr,,Rear End,2,Cloudy,Dry,Daylight
2020-09-29T13:11:00.000,I 285,I 285 and Ml King Jr Dr,,Not a Collision with Motor Vehicle,2,Rain,Wet,Daylight
2021-01-18T10:01:00.000,I 285,I 285 and Ml King Jr Dr,,Not a Collision with Motor Vehicle,1,Clear,Dry,Daylight
2021-07-16T18:45:00.000,I 285,I 285 and Ml King Jr Dr,,Rear End,2,Cloudy,Wet,Daylight
2021-07-01T17:25:00.000,I 285,I 285 and Ml King Jr Dr,,Sideswipe-Same Direction,2,Clear,Dry,Daylight
2022-11-28T07:50:00.000,I 285,I 285 and Ml King Jr Dr,,Rear End,2,Cloudy,Dry,Daylight
2023-06-23T12:54:00.000,I 285,I 285 and Ml King Jr Dr,,Rear End,2,Cloudy,Dry,Daylight
2023-08-04T08:52:00.000,I 285,I 285 and Ml King Jr Dr,,Not a Collision with Motor Vehicle,1,Cloudy,Dry,Daylight
2023-08-04T08:01:00.000,I 285,I 285 and Ml King Jr Dr,,Rear End,4,Rain,Wet,Daylight
2022-08-02T14:10:00.000,I 285,I 285 and Ml King Jf Dr,,Rear End,2,Clear,Dry,Daylight
2021-10-15T16:27:00.000,I 285,I 285 and Ml King Dr Dr.,,Rear End,2,Clear,Dry,Daylight
2023-01-06T13:35:00.000,I 285,I 285 and Ml King Dr,,Rear End,2,Clear,Dry,Daylight
2020-02-10T13:15:00.000,I 285,I 285 and Mile Marker 96   I20,,Rear End,2,Rain,Wet,Daylight
2020-03-12T08:18:00.000,I 285,I 285 and Mile Marker 6,,Rear End,2,Cloudy,Wet,Daylight
2023-02-20T16:30:00.000,I 285,I 285 and Mile Marker 47,,Rear End,2,Clear,Dry,Daylight
2020-02-26T17:06:00.000,I 285,I 285 and Mile Marker 212,,Sideswipe-Same Direction,2,Cloudy,Wet,Daylight
2020-07-02T18:45:00.000,I 285,I 285 and Mile Marker 21,,Sideswipe-Same Direction,2,Cloudy,Wet,Daylight
2020-04-21T15:50:00.000,I 285,I 285 and Mile Marker 20,,Sideswipe-Same Direction,2,Cloudy,Dry,Daylight
2020-12-10T06:16:00.000,I 285,I 285 and Mile Marker 20,,Sideswipe-Same Direction,2,Clear,Dry,Dark-Not Lighted
2020-05-28T14:40:00.000,I 285,I 285 and Mile Marker 20,,Rear End,2,Cloudy,Dry,Daylight
2021-06-03T10:00:00.000,I 285,I 285 and Mile Marker 186,,Sideswipe-Same Direction,2,Cloudy,Dry,Daylight
2021-06-03T12:00:00.000,I 285,I 285 and Mile Marker 18,,Sideswipe-Same Direction,3,Cloudy,Dry,Daylight
2020-07-02T14:35:00.000,I 285,I 285 and Mile Marker 15,,Rear End,4,Cloudy,Dry,Daylight
2023-05-22T15:39:00.000,I 285,I 285 and Mile Marker 14.6,,Not a Collision with Motor Vehicle,1,Cloudy,Dry,Daylight
2020-07-03T13:10:00.000,I 285,I 285 and Mile Marker 132,,Sideswipe-Same Direction,2,Cloudy,Dry,Daylight
2020-12-10T11:55:00.000,I 285,I 285 and Mile Marker 11,,Rear End,2,Clear,Dry,Daylight
2024-08-29T16:03:00.000,I 285,I 285 and Midvale Rd Opas,,Sideswipe-Same Direction,2,Clear,Dry,Daylight