Date and Time,Roadway (From Crash Report),Intersection Name (from Crash Report),KABCO Severity,Manner of Collision (Crash Level) ,# of Vehicles per crash ,Weather Conditions (Crash Level),Surface Condition (Crash Level) ,Light Conditions (Crash Level)
2021-05-12T05:55:00.000,I 285,I 285 and Midvale Rd,,Angle Crash,2,Rain,Wet,Dark-Not Lighted
2021-04-23T23:26:00.000,I 285,I 285 and Midvale Rd,,Rear End,2,Clear,Dry,Dark-Not Lighted
2021-06-20T08:40:00.000,I 285,I 285 and Midvale Rd,,Rear End,3,Rain,Wet,Daylight
2021-10-11T14:30:00.000,I 285,I 285 and Midvale Rd,,Rear End,2,Cloudy,Dry,Daylight
2021-05-12T08:27:00.000,I 285,I 285 and Midvale Rd,,Rear End,2,Rain,Wet,Daylight
2021-05-29T18:53:00.000,I 285,I 285 and Midvale Rd,,Rear End,2,Clear,Dry,Daylight
2021-12-14T14:09:00.000,I 285,I 285 and Midvale Rd,,Rear End,2,Clear,Dry,Daylight
2021-08-17T16:35:00.000,I 285,I 285 and Midvale Rd,,Sideswipe-Same Direction,2,Cloudy,Wet,Dusk
2021-10-31T14:01:00.000,I 285,I 285 and Midvale Rd,,Rear End,2,Cloudy,Dry,Daylight
2021-02-23T15:29:00.000,I 285,I 285 and Midvale Rd,,Rear End,2,Clear,Dry,Daylight
2021-11-23T18:59:00.000,I 285,I 285 and Midvale Rd,,Rear End,2,Clear,Dry,Dark-Lighted
2021-06-23T17:08:00.000,I 285,I 285 and Midvale Rd,,Rear End,3,Clear,Dry,Daylight
2021-05-20T17:27:00.000,I 285,I 285 and Midvale Rd,,Rear End,2,Clear,Dry,Daylight
2020-03-05T05:11:00.000,I 285,I 285 and Midvale Rd,,Sideswipe-Same Direction,2,Rain,Wet,Dark-Lighted
2023-12-07T15:00:00.000,I 285,I 285 and Midvale Rd,,Sideswipe-Same Direction,2,Clear,Dry,Daylight
2023-08-23T11:22:00.000,I 285,I 285 and Midvale Rd,,Rear End,3,Clear,Dry,Daylight
2023-05-08T15:23:00.000,I 285,I 285 and Midvale Rd,,Rear End,2,Cloudy,Dry,Daylight
2023-03-17T04:01:00.000,I 285,I 285 and Midvale Rd,,Sideswipe-Same Direction,3,Clear,Dry,Dark-Not Lighted
2023-02-05T13:58:00.000,I 285,I 285 and Midvale Rd,,Rear End,2,Cloudy,Dry,Daylight
2023-01-03T20:27:00.000,I 285,I 285 and Midvale Rd,,Not a Collision with Motor Vehicle,1,Snow,Wet,Dark-Not Lighted
2023-01-29T20:50:00.000,I 285,I 285 and Midvale Rd,,Angle Crash,2,Rain,Wet,Dark-Not Lighted
2023-01-08T06:23:00.000,I 285,I 285 and Midvale Rd,,Sideswipe-Same Direction,3,Cloudy,Dry,Dark-Not Lighted
2023-12-15T09:00:00.000,I 285,I 285 and Midvale Rd,,Rear End,2,Clear,Dry,Daylight
2023-02-22T11:45:00.000,I 285,I 285 and Midvale Rd,,Sideswipe-Same Direction,2,Clear,Dry,Daylight
2023-08-15T14:50:00.000,I 285,I 285 and Midvale Rd,,Rear End,2,Rain,Wet,Daylight
2023-04-25T07:58:00.000,I 285,I 285 and Midvale Rd,,Sideswipe-Same Direction,3,Clear,Dry,Daylight
2020-01-09T15:58:00.000,I 285,I 285 and Midvale Rd,,Rear End,2,Clear,Dry,Daylight
2020-08-02T23:15:00.000,I 285,I 285 and Midvale Rd,,Rear End,3,Clear,Dry,Dark-Not Lighted
2020-11-03T15:43:00.000,I 285,I 285 and Midvale Rd,,Sideswipe-Same Direction,2,Clear,Dry,Daylight
2020-11-18T21:47:00.000,I 285,I 285 and Midvale Rd,,Sideswipe-Same Direction,2,Clear,Dry,Dark-Lighted
2021-01-12T17:54:00.000,I 285,I 285 and Midvale Rd,,Rear End,3,Clear,Dry,Dark-Lighted
2021-04-10T17:50:00.000,I 285,I 285 and Midvale Rd,,Rear End,2,Cloudy,Dry,Daylight
2021-01-17T22:09:00.000,I 285,I 285 and Midvale Rd,,Rear End,2,Cloudy,Dry,Dark-Not Lighted
2021-12-10T12:02:00.000,I 285,I 285 and Midvale Rd,,Rear End,2,Clear,Dry,Daylight
2021-07-27T00:00:00.000,I 285,I 285 and Midvale Rd,,Rear End,2,Cloudy,Wet,Dark-Not Lighted
2022-11-11T00:00:00.000,I 285,I 285 and Midvale Rd,,Not a Collision with Motor Vehicle,1,Rain,Water (standing or moving),Dark-Not Lighted
2021-07-02T14:15:00.000,I 285,I 285 and Midvale Rd,,Rear End,2,Cloudy,Dry,Daylight
2022-02-19T12:19:00.000,I 285,I 285 and Midvale Rd,,Sideswipe-Same Direction,4,Clear,Dry,Daylight
2022-10-11T14:24:00.000,I 285,I 285 and Midvale Rd,,Angle Crash,3,Cloudy,Dry,Daylight
2022-06-04T13:15:00.000,I 285,I 285 and Midvale Rd,,Rear End,2,Cloudy,Dry,Daylight
2022-02-03T22:00:00.000,I 285,I 285 and Midvale Rd,,Angle Crash,2,Rain,Wet,Dark-Not Lighted
2022-04-16T06:50:00.000,I 285,I 285 and Midvale Rd,,Sideswipe-Same Direction,2,Rain,Wet,Dark-Not Lighted
2022-05-24T23:22:00.000,I 285,I 285 and Midvale Rd,,Not a Collision with Motor Vehicle,1,Clear,Dry,Dark-Not Lighted
2022-04-07T09:59:00.000,I 285,I 285 and Midvale Rd,,Rear End,2,Clear,Dry,Daylight
2022-04-16T06:39:00.000,I 285,I 285 and Midvale Rd,,Not a Collision with Motor Vehicle,1,Rain,Wet,Daylight
2022-06-03T12:17:00.000,I 285,I 285 and Midvale Rd,,Rear End,2,Cloudy,Dry,Daylight
2022-05-06T18:53:00.000,I 285,I 285 and Midvale Rd,,Rear End,2,Clear,Dry,Daylight
2022-04-16T07:28:00.000,I 285,I 285 and Midvale Rd,,Rear End,3,Rain,Wet,Dark-Lighted
2022-09-29T15:15:00.000,I 285,I 285 and Midvale Rd,,Rear End,3,Clear,Dry,Daylight
2022-01-10T18:45:00.000,I 285,I 285 and Midvale Rd,,Rear End,2,Clear,Dry,Dark-Not Lighted
2022-07-09T08:40:00.000,I 285,I 285 and Midvale Rd,,Angle Crash,3,Rain,Wet,Daylight
2022-10-21T06:09:00.000,I 285,I 285 and Midvale Rd,,Sideswipe-Same Direction,3,Clear,Dry,Dark-Not Lighted
2022-07-07T00:34:00.000,I 285,I 285 and Midvale Rd,,Not a Collision with Motor Vehicle,1,Rain,Wet,Dark-Not Lighted
2022-11-19T18:11:00.000,I 285,I 285 and Midvale Rd,,Rear End,2,Cloudy,Dry,Dark-Not Lighted
2022-08-16T15:28:00.000,I 285,I 285 and Midvale Rd,,Rear End,2,Cloudy,Dry,Daylight
2024-03-18T01:24:00.000,I 285,I 285 and Midvale Rd,,Sideswipe-Same Direction,2,Clear,Dry,Dark-Not Lighted
2024-02-12T03:37:00.000,I 285,I 285 and Midvale Rd,,Not a Collision with Motor Vehicle,1,Rain,Water (standing or moving),Dark-Not Lighted
2024-01-23T23:41:00.000,I 285,I 285 and Midvale Rd,,Sideswipe-Same Direction,2,Cloudy,Wet,Dark-Not Lighted
2024-08-27T13:25:00.000,I 285,I 285 and Midvale Rd,,Sideswipe-Same Direction,2,Clear,Dry,Daylight
2024-02-05T18:49:00.000,I 285,I 285 and Midvale Rd,,Rear End,2,Cloudy,Dry,Dark-Not Lighted
2024-05-27T08:50:00.000,I 285,I 285 and Midvale Rd,,Not a Collision with Motor Vehicle,1,Rain,Water (standing or moving),Daylight
2024-06-05T08:58:00.000,I 285,I 285 and Midvale Rd,,Rear End,2,Clear,Dry,Daylight
2024-02-11T22:44:00.000,I 285,I 285 and Midvale Rd,,Sideswipe-Same Direction,2,Rain,Water (standing or moving),Dark-Not Lighted
2023-04-28T22:00:00.000,I 285,I 285 and Midvale Rd,,Rear End,2,Cloudy,Dry,Dark-Not Lighted
2023-06-27T23:36:00.000,I 285,I 285 and Midvale Rd,,Rear End,2,Clear,Dry,Dark-Not Lighted
2023-05-21T22:43:00.000,I 285,I 285 and Midvale Rd,,Sideswipe-Same Direction,2,Cloudy,Dry,Dark-Not Lighted
2023-05-30T06:53:00.000,I 285,I 285 and Midvale Rd,,Rear End,2,Cloudy,Dry,Daylight
2023-04-21T20:00:00.000,I 285,I 285 and Midvale Rd,,Rear End,2,Clear,Dry,Daylight
2023-07-12T04:33:00.000,I 285,I 285 and Midvale Rd,,Rear End,2,Clear,Dry,Dark-Not Lighted
2023-11-04T03:55:00.000,I 285,I 285 and Midvale Rd,,Not a Collision with Motor Vehicle,1,Clear,Dry,Dark-Not Lighted
2023-08-29T13:56:00.000,I 285,I 285 and Midvale Rd,,Rear End,2,Cloudy,Dry,Daylight
2023-01-05T14:35:00.000,I 285,I 285 and Midvale Rd,,Not a Collision with Motor Vehicle,1,Clear,Dry,Daylight
2023-12-03T06:59:00.000,I 285,I 285 and Midvale Rd,,Not a Collision with Motor Vehicle,1,Rain,Wet,Dark-Not Lighted
2023-03-24T08:23:00.000,I 285,I 285 and Midvale Rd,,Rear End,3,Cloudy,Dry,Daylight
2023-01-22T05:21:00.000,I 285,I 285 and Midvale Rd,,Not a Collision with Motor Vehicle,1,Rain,Water (standing or moving),Dark-Lighted
2024-08-08T21:35:00.000,I 285,I 285 and Midvale Rd,,Not a Collision with Motor Vehicle,3,Clear,Dry,Dark-Not Lighted
2024-05-18T17:54:00.000,I 285,I 285 and Midvale Rd,,Rear End,2,Cloudy,Dry,Daylight
2024-06-17T22:03:00.000,I 285,I 285 and Midvale Rd,,Rear End,3,Clear,Dry,Dark-Lighted
2024-01-01T07:00:00.000,I 285,I 285 and Midvale Rd,,Not a Collision with Motor Vehicle,1,Clear,Dry,Daylight
2024-06-17T16:59:00.000,I 285,I 285 and Midvale Rd,,Rear End,2,Cloudy,Dry,Daylight
2024-05-04T12:45:00.000,I 285,I 285 and Midvale Rd,,Rear End,4,Cloudy,Dry,Daylight
2024-06-01T16:28:00.000,I 285,I 285 and Midvale Rd,,Rear End,2,Cloudy,Dry,Daylight
2024-03-11T15:36:00.000,I 285,I 285 and Midvale Rd,,Rear End,2,Cloudy,Dry,Daylight
2024-03-08T22:40:00.000,I 285,I 285 and Midvale Rd,,Not a Collision with Motor Vehicle,1,Rain,Water (standing or moving),Dark-Not Lighted
2023-06-03T19:50:00.000,I 285,I 285 and Middle Marker Rd,,Not a Collision with Motor Vehicle,1,Clear,Dry,Dark-Not Lighted
2023-06-24T13:55:00.000,I 285,I 285 and Memorial Rd.,,Rear End,2,Clear,Dry,Daylight
2024-10-07T08:55:00.000,I 285,I 285 and Memorial Drive Exit Rp,,Rear End,2,Clear,Dry,Daylight
2023-06-07T17:18:00.000,I 285,I 285 and Memorial Drive Entrance Ramp To I285,,Rear End,2,Clear,Dry,Dark-Lighted
2024-07-13T13:05:00.000,I 285,I 285 and Memorial Dr. Exit,,Rear End,2,Clear,Dry,Daylight
2024-08-30T07:15:00.000,I 285,I 285 and Memorial Dr. Exit,,Sideswipe-Same Direction,2,Clear,Dry,Daylight
2024-12-11T08:00:00.000,I 285,I 285 and Memorial Dr. Exit,,Angle Crash,2,Clear,Dry,Daylight
2023-05-01T09:06:00.000,I 285,I 285 and Memorial Dr.,,Sideswipe-Same Direction,2,Clear,Dry,Daylight
2024-08-25T07:32:00.000,I 285,I 285 and Memorial Dr.,,Rear End,2,Clear,Dry,Daylight
2024-03-21T13:10:00.000,I 285,I 285 and Memorial Dr.,,Rear End,2,Clear,Dry,Daylight
2024-11-14T10:11:00.000,I 285,I 285 and Memorial Dr.,,Rear End,2,Rain,Wet,Daylight
2024-09-05T12:20:00.000,I 285,I 285 and Memorial Dr.,,Angle Crash,2,Clear,Dry,Daylight
2024-09-12T08:40:00.000,I 285,I 285 and Memorial Dr Exit Rp,,Sideswipe-Same Direction,2,Clear,Dry,Dark-Lighted
2022-07-27T16:20:00.000,I 285,I 285 and Memorial Dr Exit,,Rear End,4,Clear,Dry,Daylight
2024-05-07T17:00:00.000,I 285,I 285 and Memorial Dr Entry Rp,,Rear End,2,Clear,Dry,Daylight
2024-06-21T19:45:00.000,I 285,I 285 and Memorial Dr Entry Rp,,Rear End,2,Clear,Dry,Daylight
2024-12-25T17:50:00.000,I 285,I 285 and Memorial Dr Entry Rp,,Not a Collision with Motor Vehicle,1,Clear,Dry,Daylight
2024-12-04T19:20:00.000,I 285,I 285 and Memorial Dr Entry Rp,,Rear End,2,Clear,Dry,Dark-Lighted
2023-11-27T13:20:00.000,I 285,I 285 and Memorial Dr Brg,,Not a Collision with Motor Vehicle,1,Clear,Dry,Daylight
2021-01-22T15:50:00.000,I 285,I 285 and Memorial Dr,,Rear End,5,Clear,Dry,Daylight
2021-06-09T19:12:00.000,I 285,I 285 and Memorial Dr,,Not a Collision with Motor Vehicle,1,Clear,Dry,Daylight
2021-01-01T13:05:00.000,I 285,I 285 and Memorial Dr,,Rear End,2,Cloudy,Wet,Daylight
2021-03-12T12:46:00.000,I 285,I 285 and Memorial Dr,,Rear End,3,Clear,Dry,Daylight
2021-06-19T20:11:00.000,I 285,I 285 and Memorial Dr,,Sideswipe-Same Direction,4,Rain,Wet,Daylight
2021-03-23T13:30:00.000,I 285,I 285 and Memorial Dr,,Rear End,2,Clear,Dry,Daylight
2021-11-09T18:50:00.000,I 285,I 285 and Memorial Dr,,Rear End,2,Clear,Dry,Daylight
2021-10-26T15:09:00.000,I 285,I 285 and Memorial Dr,,Rear End,2,Clear,Dry,Daylight
2021-10-15T23:00:00.000,I 285,I 285 and Memorial Dr,,Angle Crash,2,Clear,Dry,Dark-Not Lighted
2021-11-18T08:30:00.000,I 285,I 285 and Memorial Dr,,Angle Crash,2,Clear,Dry,Daylight
2021-07-03T02:30:00.000,I 285,I 285 and Memorial Dr,,Angle Crash,2,Clear,Dry,Dark-Lighted
2021-06-12T11:42:00.000,I 285,I 285 and Memorial Dr,,Sideswipe-Same Direction,2,Clear,Dry,Daylight
2021-01-07T18:36:00.000,I 285,I 285 and Memorial Dr,,Sideswipe-Same Direction,3,Rain,Wet,Dark-Not Lighted
2021-06-15T20:19:00.000,I 285,I 285 and Memorial Dr,,Sideswipe-Same Direction,2,Clear,Dry,Daylight
2021-06-01T15:50:00.000,I 285,I 285 and Memorial Dr,,Angle Crash,2,Clear,Dry,Daylight
2021-01-10T16:40:00.000,I 285,I 285 and Memorial Dr,,Not a Collision with Motor Vehicle,2,Clear,Dry,Daylight
2021-03-22T10:40:00.000,I 285,I 285 and Memorial Dr,,Angle Crash,2,Clear,Dry,Daylight
2021-04-24T09:00:00.000,I 285,I 285 and Memorial Dr,,Not a Collision with Motor Vehicle,1,Rain,Wet,Daylight
2021-03-30T19:10:00.000,I 285,I 285 and Memorial Dr,,Rear End,2,Clear,Dry,Daylight
2021-12-06T19:30:00.000,I 285,I 285 and Memorial Dr,,Angle Crash,2,Clear,Dry,Dark-Not Lighted
2021-10-21T19:11:00.000,I 285,I 285 and Memorial Dr,,Rear End,3,Clear,Dry,Dark-Not Lighted
2021-08-01T00:00:00.000,I 285,I 285 and Memorial Dr,,Rear End,2,Clear,Dry,Dusk
2021-11-11T19:55:00.000,I 285,I 285 and Memorial Dr,,Rear End,2,Rain,Wet,Dark-Lighted
2021-11-01T07:00:00.000,I 285,I 285 and Memorial Dr,,Sideswipe-Same Direction,2,Clear,Dry,Dark-Not Lighted
2021-11-16T22:40:00.000,I 285,I 285 and Memorial Dr,,Rear End,2,Clear,Dry,Dark-Lighted
2021-06-18T16:28:00.000,I 285,I 285 and Memorial Dr,,Rear End,3,Clear,Dry,Daylight
2021-03-16T04:25:00.000,I 285,I 285 and Memorial Dr,,Not a Collision with Motor Vehicle,1,Cloudy,Wet,Dark-Lighted
2021-12-10T22:33:00.000,I 285,I 285 and Memorial Dr,,Angle Crash,2,Clear,Dry,Dark-Lighted
2021-09-24T12:25:00.000,I 285,I 285 and Memorial Dr,,Rear End,2,Clear,Dry,Daylight
2021-01-12T13:43:00.000,I 285,I 285 and Memorial Dr,,Angle Crash,2,Rain,Wet,Daylight
2021-02-12T14:45:00.000,I 285,I 285 and Memorial Dr,,Rear End,2,Cloudy,Dry,Daylight
2021-02-14T00:20:00.000,I 285,I 285 and Memorial Dr,,Not a Collision with Motor Vehicle,1,Cloudy,Wet,Dark-Lighted
2021-02-12T17:55:00.000,I 285,I 285 and Memorial Dr,,Sideswipe-Same Direction,2,Clear,Dry,Dark-Lighted
2021-02-25T18:41:00.000,I 285,I 285 and Memorial Dr,,Rear End,2,Clear,Dry,Dark-Not Lighted
2021-06-12T11:20:00.000,I 285,I 285 and Memorial Dr,,Angle Crash,2,Clear,Dry,Daylight
2021-09-29T06:49:00.000,I 285,I 285 and Memorial Dr,,Sideswipe-Same Direction,2,Clear,Dry,Daylight
2021-08-11T13:30:00.000,I 285,I 285 and Memorial Dr,,Angle Crash,2,Clear,Dry,Daylight
2021-09-28T13:41:00.000,I 285,I 285 and Memorial Dr,,Sideswipe-Same Direction,2,Clear,Dry,Daylight
2021-11-26T08:30:00.000,I 285,I 285 and Memorial Dr,,Angle Crash,2,Clear,Dry,Daylight
2021-12-30T08:32:00.000,I 285,I 285 and Memorial Dr,,Rear End,2,Rain,Wet,Daylight
2021-06-19T20:10:00.000,I 285,I 285 and Memorial Dr,,Angle Crash,3,Rain,Wet,Daylight
2021-05-04T16:06:00.000,I 285,I 285 and Memorial Dr,,Rear End,2,Rain,Wet,Daylight
2020-05-15T09:10:00.000,I 285,I 285 and Memorial Dr,,Angle Crash,2,Clear,Dry,Daylight
2023-06-13T04:00:00.000,I 285,I 285 and Memorial Dr,,Not a Collision with Motor Vehicle,1,Clear,Dry,Dark-Not Lighted
2023-12-21T13:00:00.000,I 285,I 285 and Memorial Dr,,Rear End,2,Clear,Dry,Daylight
2023-01-05T13:00:00.000,I 285,I 285 and Memorial Dr,,Sideswipe-Same Direction,3,Clear,Dry,Daylight
2023-01-21T20:00:00.000,I 285,I 285 and Memorial Dr,,Sideswipe-Same Direction,2,Clear,Dry,Dark-Lighted
2023-12-08T16:00:00.000,I 285,I 285 and Memorial Dr,,Sideswipe-Same Direction,2,Clear,Dry,Daylight
2023-01-22T05:12:00.000,I 285,I 285 and Memorial Dr,,Not a Collision with Motor Vehicle,2,Rain,Wet,Dark-Lighted
2023-03-09T15:13:00.000,I 285,I 285 and Memorial Dr,,Rear End,2,Clear,Dry,Daylight
2023-11-02T16:00:00.000,I 285,I 285 and Memorial Dr,,Angle Crash,2,Clear,Dry,Daylight
2023-03-06T16:29:00.000,I 285,I 285 and Memorial Dr,,Rear End,2,Clear,Dry,Daylight
2023-12-11T08:50:00.000,I 285,I 285 and Memorial Dr,,Rear End,4,Clear,Dry,Daylight
2023-02-13T10:00:00.000,I 285,I 285 and Memorial Dr,,Rear End,2,Clear,Dry,Daylight
2023-03-27T12:40:00.000,I 285,I 285 and Memorial Dr,,Rear End,2,Clear,Dry,Daylight
2023-11-20T18:40:00.000,I 285,I 285 and Memorial Dr,,Rear End,2,Clear,Dry,Daylight
2023-02-08T07:42:00.000,I 285,I 285 and Memorial Dr,,Rear End,2,Clear,Dry,Daylight
2023-03-05T13:55:00.000,I 285,I 285 and Memorial Dr,,Rear End,3,Clear,Dry,Daylight
2023-11-30T14:45:00.000,I 285,I 285 and Memorial Dr,,Rear End,2,Clear,Dry,Daylight
2023-12-18T16:50:00.000,I 285,I 285 and Memorial Dr,,Sideswipe-Same Direction,2,Clear,Dry,Daylight
2023-02-17T06:00:00.000,I 285,I 285 and Memorial Dr,,Rear End,2,Rain,Wet,Dark-Not Lighted
2023-01-10T10:56:00.000,I 285,I 285 and Memorial Dr,,Sideswipe-Same Direction,2,Clear,Dry,Daylight
2023-10-27T12:40:00.000,I 285,I 285 and Memorial Dr,,Rear End,2,Clear,Dry,Daylight
2023-12-15T07:30:00.000,I 285,I 285 and Memorial Dr,,Sideswipe-Same Direction,2,Cloudy,Dry,Daylight
2023-05-05T21:00:00.000,I 285,I 285 and Memorial Dr,,Sideswipe-Same Direction,2,Cloudy,Dry,Dark-Not Lighted
2023-04-02T22:00:00.000,I 285,I 285 and Memorial Dr,,Rear End,2,Clear,Dry,Dark-Not Lighted
2023-06-28T16:10:00.000,I 285,I 285 and Memorial Dr,,Rear End,2,Clear,Dry,Daylight
2023-12-06T11:40:00.000,I 285,I 285 and Memorial Dr,,Rear End,2,Clear,Dry,Daylight
2023-10-12T07:00:00.000,I 285,I 285 and Memorial Dr,,Angle Crash,2,Rain,Wet,Dark-Lighted
2023-04-08T10:15:00.000,I 285,I 285 and Memorial Dr,,Rear End,4,Rain,Water (standing or moving),Daylight
2023-03-23T07:59:00.000,I 285,I 285 and Memorial Dr,,Sideswipe-Same Direction,2,Clear,Dry,Daylight
2023-04-09T17:40:00.000,I 285,I 285 and Memorial Dr,,Sideswipe-Same Direction,2,Clear,Dry,Daylight
2023-09-02T03:00:00.000,I 285,I 285 and Memorial Dr,,Not a Collision with Motor Vehicle,1,Clear,Dry,Dark-Not Lighted
2023-02-17T06:30:00.000,I 285,I 285 and Memorial Dr,,Angle Crash,3,Rain,Water (standing or moving),Dark-Not Lighted
2023-09-15T14:07:00.000,I 285,I 285 and Memorial Dr,,Not a Collision with Motor Vehicle,2,Clear,Dry,Daylight
2023-04-02T10:45:00.000,I 285,I 285 and Memorial Dr,,Sideswipe-Same Direction,2,Clear,Dry,Daylight
2023-03-11T20:27:00.000,I 285,I 285 and Memorial Dr,,Rear End,2,Clear,Dry,Dark-Not Lighted
2023-01-27T13:52:00.000,I 285,I 285 and Memorial Dr,,Sideswipe-Same Direction,2,Clear,Dry,Daylight
2023-01-25T04:05:00.000,I 285,I 285 and Memorial Dr,,Not a Collision with Motor Vehicle,1,Rain,Wet,Dark-Lighted
2023-10-03T23:57:00.000,I 285,I 285 and Memorial Dr,,Angle Crash,5,Clear,Dry,Dark-Not Lighted
2023-03-01T06:20:00.000,I 285,I 285 and Memorial Dr,,Rear End,2,Clear,Dry,Daylight
2023-10-07T08:30:00.000,I 285,I 285 and Memorial Dr,,Rear End,2,Clear,Dry,Daylight
2023-05-19T14:50:00.000,I 285,I 285 and Memorial Dr,,Angle Crash,2,Clear,Dry,Daylight
2023-08-15T05:00:00.000,I 285,I 285 and Memorial Dr,,Rear End,2,Clear,Dry,Dark-Not Lighted
2023-04-18T16:29:00.000,I 285,I 285 and Memorial Dr,,Sideswipe-Same Direction,2,Clear,Dry,Daylight
2023-04-06T14:43:00.000,I 285,I 285 and Memorial Dr,,Rear End,3,Cloudy,Dry,Daylight
2023-06-11T00:57:00.000,I 285,I 285 and Memorial Dr,,Angle Crash,2,Clear,Dry,Dark-Not Lighted
2023-01-10T07:20:00.000,I 285,I 285 and Memorial Dr,,Sideswipe-Same Direction,2,Clear,Dry,Daylight
2023-04-20T15:25:00.000,I 285,I 285 and Memorial Dr,,Rear End,2,Clear,Dry,Daylight
2023-06-30T13:00:00.000,I 285,I 285 and Memorial Dr,,Rear End,2,Cloudy,Dry,Daylight
2023-05-31T17:58:00.000,I 285,I 285 and Memorial Dr,,Rear End,2,Clear,Dry,Daylight
2023-05-29T02:40:00.000,I 285,I 285 and Memorial Dr,,Not a Collision with Motor Vehicle,1,Clear,Dry,Daylight
2023-11-21T14:51:00.000,I 285,I 285 and Memorial Dr,,Rear End,2,Rain,Wet,Daylight
2023-01-24T10:03:00.000,I 285,I 285 and Memorial Dr,,Rear End,2,Clear,Dry,Daylight
2023-05-09T00:00:00.000,I 285,I 285 and Memorial Dr,,Not a Collision with Motor Vehicle,1,Cloudy,Dry,Daylight
2023-08-02T21:40:00.000,I 285,I 285 and Memorial Dr,,Sideswipe-Same Direction,2,Clear,Dry,Dark-Lighted
2023-07-03T13:45:00.000,I 285,I 285 and Memorial Dr,,Rear End,3,Clear,Dry,Daylight
2023-07-08T14:01:00.000,I 285,I 285 and Memorial Dr,,Sideswipe-Same Direction,2,Clear,Dry,Daylight
2023-03-28T18:00:00.000,I 285,I 285 and Memorial Dr,,Sideswipe-Same Direction,2,Clear,Dry,Daylight
2023-10-23T22:09:00.000,I 285,I 285 and Memorial Dr,,Rear End,2,Clear,Dry,Dark-Not Lighted
2023-02-17T07:25:00.000,I 285,I 285 and Memorial Dr,,Rear End,2,Rain,Wet,Daylight
2023-01-13T19:00:00.000,I 285,I 285 and Memorial Dr,,Sideswipe-Same Direction,3,Clear,Dry,Daylight
2023-03-05T20:25:00.000,I 285,I 285 and Memorial Dr,,Sideswipe-Same Direction,2,Clear,Dry,Dark-Lighted
2023-05-19T20:26:00.000,I 285,I 285 and Memorial Dr,,Rear End,3,Clear,Dry,Daylight
2023-05-07T18:31:00.000,I 285,I 285 and Memorial Dr,,Sideswipe-Same Direction,2,Cloudy,Wet,Daylight
2023-06-14T00:00:00.000,I 285,I 285 and Memorial Dr,,Rear End,2,Rain,Wet,Daylight
2023-06-14T16:25:00.000,I 285,I 285 and Memorial Dr,,Not a Collision with Motor Vehicle,2,Rain,Wet,Daylight
2023-01-15T19:30:00.000,I 285,I 285 and Memorial Dr,,Rear End,2,Clear,Dry,Dark-Lighted
2023-05-06T15:30:00.000,I 285,I 285 and Memorial Dr,,Sideswipe-Same Direction,3,Clear,Dry,Daylight
2023-07-26T08:28:00.000,I 285,I 285 and Memorial Dr,,Rear End,2,Clear,Dry,Daylight
2023-05-12T12:58:00.000,I 285,I 285 and Memorial Dr,,Rear End,2,Cloudy,Dry,Daylight
2023-05-25T12:11:00.000,I 285,I 285 and Memorial Dr,,Angle Crash,2,Clear,Dry,Daylight
2023-01-08T18:15:00.000,I 285,I 285 and Memorial Dr,,Rear End,2,Clear,Dry,Dark-Lighted
2023-06-24T14:40:00.000,I 285,I 285 and Memorial Dr,,Rear End,3,Clear,Dry,Daylight
2023-02-11T17:13:00.000,I 285,I 285 and Memorial Dr,,Sideswipe-Same Direction,2,Rain,Wet,Daylight
2023-07-18T16:30:00.000,I 285,I 285 and Memorial Dr,,Rear End,2,Clear,Dry,Daylight
2023-03-30T08:39:00.000,I 285,I 285 and Memorial Dr,,Rear End,2,Clear,Dry,Daylight
2023-11-05T04:15:00.000,I 285,I 285 and Memorial Dr,,Rear End,3,Clear,Dry,Dark-Lighted
2023-03-20T15:00:00.000,I 285,I 285 and Memorial Dr,,Rear End,2,Clear,Dry,Daylight
2023-05-25T19:00:00.000,I 285,I 285 and Memorial Dr,,Rear End,2,Clear,Dry,Daylight
2023-10-21T22:50:00.000,I 285,I 285 and Memorial Dr,,Rear End,2,Clear,Dry,Dark-Lighted
2023-03-14T15:30:00.000,I 285,I 285 and Memorial Dr,,Rear End,2,Clear,Dry,Daylight
2023-11-24T00:00:00.000,I 285,I 285 and Memorial Dr,,Sideswipe-Same Direction,2,Clear,Dry,Dark-Not Lighted
2023-06-08T22:10:00.000,I 285,I 285 and Memorial Dr,,Rear End,4,Clear,Dry,Dark-Not Lighted
2023-07-21T10:27:00.000,I 285,I 285 and Memorial Dr,,Rear End,2,Clear,Dry,Daylight
2022-06-03T10:46:00.000,I 285,I 285 and Memorial Dr,,Rear End,2,Clear,Dry,Daylight
2022-12-29T13:17:00.000,I 285,I 285 and Memorial Dr,,Rear End,2,Clear,Dry,Daylight
2022-06-25T02:54:00.000,I 285,I 285 and Memorial Dr,,Rear End,2,Clear,Dry,Dark-Lighted