Date and Time,Roadway (From Crash Report),Intersection Name (from Crash Report),KABCO Severity,Manner of Collision (Crash Level) ,# of Vehicles per crash ,Weather Conditions (Crash Level),Surface Condition (Crash Level) ,Light Conditions (Crash Level)
2022-03-09T06:20:00.000,I 285,I 285 and Memorial Dr,,Angle Crash,2,Rain,Wet,Dark-Lighted
2022-11-14T14:21:00.000,I 285,I 285 and Memorial Dr,,Angle Crash,2,Clear,Dry,Daylight
2022-09-02T11:23:00.000,I 285,I 285 and Memorial Dr,,Rear End,3,Cloudy,Dry,Daylight
2023-02-27T07:45:00.000,I 285,I 285 and Memorial Dr,,Sideswipe-Same Direction,2,Clear,Dry,Daylight
2024-09-28T05:38:00.000,I 285,I 285 and Memorial Dr,,Angle Crash,2,Clear,Dry,Dark-Not Lighted
2022-09-26T21:20:00.000,I 285,I 285 and Memorial Dr,,Sideswipe-Same Direction,2,Clear,Dry,Dark-Not Lighted
2022-11-13T05:10:00.000,I 285,I 285 and Memorial Dr,,Sideswipe-Same Direction,2,Clear,Dry,Dark-Lighted
2023-09-17T11:40:00.000,I 285,I 285 and Memorial Dr,,Sideswipe-Same Direction,2,Clear,Dry,Daylight
2020-02-04T09:45:00.000,I 285,I 285 and Memorial Dr,,Rear End,2,Cloudy,Dry,Daylight
2020-09-22T17:05:00.000,I 285,I 285 and Memorial Dr,,Angle Crash,2,Clear,Dry,Daylight
2020-09-02T14:14:00.000,I 285,I 285 and Memorial Dr,,Rear End,2,Clear,Dry,Daylight
2020-09-18T09:00:00.000,I 285,I 285 and Memorial Dr,,Sideswipe-Same Direction,2,Cloudy,Dry,Daylight
2020-06-09T15:29:00.000,I 285,I 285 and Memorial Dr,,Rear End,4,Rain,Wet,Daylight
2020-11-14T21:20:00.000,I 285,I 285 and Memorial Dr,,Not a Collision with Motor Vehicle,2,Clear,Dry,Dark-Lighted
2020-10-23T15:05:00.000,I 285,I 285 and Memorial Dr,,Rear End,3,Clear,Dry,Daylight
2020-01-28T14:00:00.000,I 285,I 285 and Memorial Dr,,Not a Collision with Motor Vehicle,1,Clear,Dry,Daylight
2020-06-10T14:11:00.000,I 285,I 285 and Memorial Dr,,Angle Crash,2,Rain,Wet,Dusk
2020-01-13T08:50:00.000,I 285,I 285 and Memorial Dr,,Rear End,2,Rain,Wet,Daylight
2020-03-12T18:45:00.000,I 285,I 285 and Memorial Dr,,Rear End,2,Cloudy,Dry,Daylight
2020-06-30T19:06:00.000,I 285,I 285 and Memorial Dr,,Not a Collision with Motor Vehicle,2,Cloudy,Dry,Daylight
2020-02-20T09:14:00.000,I 285,I 285 and Memorial Dr,,Rear End,2,Rain,Wet,Daylight
2020-06-23T17:44:00.000,I 285,I 285 and Memorial Dr,,Sideswipe-Same Direction,2,Clear,Dry,Daylight
2020-11-29T20:00:00.000,I 285,I 285 and Memorial Dr,,Not a Collision with Motor Vehicle,1,Rain,Wet,Dark-Lighted
2020-10-17T21:00:00.000,I 285,I 285 and Memorial Dr,,Rear End,2,Clear,Dry,Dark-Lighted
2020-11-12T06:29:00.000,I 285,I 285 and Memorial Dr,,Head On,2,Cloudy,Dry,Dark-Lighted
2020-12-04T16:05:00.000,I 285,I 285 and Memorial Dr,,Rear End,2,Rain,Wet,Daylight
2020-10-30T12:26:00.000,I 285,I 285 and Memorial Dr,,Rear End,2,Clear,Dry,Daylight
2020-03-22T15:18:00.000,I 285,I 285 and Memorial Dr,,Rear End,2,Rain,Wet,Dark-Lighted
2020-01-24T19:43:00.000,I 285,I 285 and Memorial Dr,,Rear End,2,Fog,Dry,Dark-Not Lighted
2020-10-14T15:35:00.000,I 285,I 285 and Memorial Dr,,Sideswipe-Same Direction,2,Clear,Dry,Daylight
2020-12-23T18:25:00.000,I 285,I 285 and Memorial Dr,,Sideswipe-Same Direction,2,Clear,Dry,Daylight
2020-02-06T10:20:00.000,I 285,I 285 and Memorial Dr,,Rear End,3,Rain,Wet,Daylight
2020-09-17T08:30:00.000,I 285,I 285 and Memorial Dr,,Sideswipe-Same Direction,2,Rain,Wet,Daylight
2020-02-06T17:49:00.000,I 285,I 285 and Memorial Dr,,Rear End,2,Rain,Wet,Dark-Lighted
2020-01-17T15:49:00.000,I 285,I 285 and Memorial Dr,,Rear End,4,Clear,Dry,Daylight
2020-06-25T01:33:00.000,I 285,I 285 and Memorial Dr,,Not a Collision with Motor Vehicle,1,Rain,Wet,Dark-Not Lighted
2020-04-05T19:44:00.000,I 285,I 285 and Memorial Dr,,Sideswipe-Same Direction,2,Clear,Dry,Daylight
2020-05-27T16:43:00.000,I 285,I 285 and Memorial Dr,,Sideswipe-Same Direction,2,Rain,Wet,Daylight
2020-01-20T15:45:00.000,I 285,I 285 and Memorial Dr,,Rear End,2,Cloudy,Dry,Daylight
2020-07-05T02:00:00.000,I 285,I 285 and Memorial Dr,,Sideswipe-Same Direction,2,Clear,Dry,Dark-Not Lighted
2020-05-23T06:00:00.000,I 285,I 285 and Memorial Dr,,Angle Crash,2,Clear,Dry,Dark-Lighted
2020-02-27T14:30:00.000,I 285,I 285 and Memorial Dr,,Rear End,2,Clear,Dry,Daylight
2020-03-02T07:17:00.000,I 285,I 285 and Memorial Dr,,Rear End,2,Clear,Dry,Daylight
2020-12-23T01:45:00.000,I 285,I 285 and Memorial Dr,,Not a Collision with Motor Vehicle,1,Clear,Dry,Dark-Lighted
2020-11-20T01:15:00.000,I 285,I 285 and Memorial Dr,,Rear End,3,Clear,Dry,Daylight
2020-01-13T06:24:00.000,I 285,I 285 and Memorial Dr,,Rear End,2,Cloudy,Wet,Daylight
2020-11-25T07:50:00.000,I 285,I 285 and Memorial Dr,,Not a Collision with Motor Vehicle,1,Clear,Dry,Daylight
2020-08-06T18:45:00.000,I 285,I 285 and Memorial Dr,,Rear End,2,Clear,Wet,Daylight
2020-06-26T21:37:00.000,I 285,I 285 and Memorial Dr,,Sideswipe-Same Direction,2,Clear,Dry,Dark-Not Lighted
2020-08-01T15:15:00.000,I 285,I 285 and Memorial Dr,,Angle Crash,3,Clear,Dry,Daylight
2021-05-15T03:12:00.000,I 285,I 285 and Memorial Dr,,Angle Crash,2,Clear,Dry,Dark-Lighted
2021-05-02T02:01:00.000,I 285,I 285 and Memorial Dr,,Not a Collision with Motor Vehicle,1,Clear,Dry,Dark-Not Lighted
2021-04-24T10:30:00.000,I 285,I 285 and Memorial Dr,,Sideswipe-Opposite Direction,3,Cloudy,Wet,Daylight
2021-04-12T09:40:00.000,I 285,I 285 and Memorial Dr,,Not a Collision with Motor Vehicle,1,Clear,Dry,Daylight
2021-06-18T15:40:00.000,I 285,I 285 and Memorial Dr,,Rear End,2,Clear,Dry,Daylight
2021-02-12T13:34:00.000,I 285,I 285 and Memorial Dr,,Rear End,2,Cloudy,Dry,Daylight
2021-05-20T00:00:00.000,I 285,I 285 and Memorial Dr,,Sideswipe-Same Direction,2,Clear,Dry,Daylight
2021-06-13T03:40:00.000,I 285,I 285 and Memorial Dr,,Not a Collision with Motor Vehicle,1,Cloudy,Dry,Dark-Lighted
2021-04-07T17:41:00.000,I 285,I 285 and Memorial Dr,,Sideswipe-Same Direction,2,Clear,Dry,Daylight
2021-01-22T20:27:00.000,I 285,I 285 and Memorial Dr,,Sideswipe-Same Direction,2,Clear,Dry,Dark-Not Lighted
2021-05-22T14:33:00.000,I 285,I 285 and Memorial Dr,,Rear End,2,Clear,Dry,Daylight
2021-04-20T19:16:00.000,I 285,I 285 and Memorial Dr,,Angle Crash,2,Clear,Dry,Daylight
2021-01-31T06:50:00.000,I 285,I 285 and Memorial Dr,,Angle Crash,2,Cloudy,Wet,Dark-Not Lighted
2021-09-10T21:20:00.000,I 285,I 285 and Memorial Dr,,Sideswipe-Same Direction,2,Clear,Dry,Dark-Not Lighted
2021-08-21T02:38:00.000,I 285,I 285 and Memorial Dr,,Angle Crash,2,Clear,Dry,Dark-Not Lighted
2021-10-28T16:25:00.000,I 285,I 285 and Memorial Dr,,Sideswipe-Same Direction,2,Rain,Wet,Daylight
2021-12-07T16:00:00.000,I 285,I 285 and Memorial Dr,,Rear End,4,Clear,Dry,Daylight
2021-10-28T16:59:00.000,I 285,I 285 and Memorial Dr,,Sideswipe-Same Direction,2,Rain,Wet,Daylight
2021-12-15T05:26:00.000,I 285,I 285 and Memorial Dr,,Not a Collision with Motor Vehicle,1,Clear,Dry,Dark-Not Lighted
2021-09-25T11:03:00.000,I 285,I 285 and Memorial Dr,,Angle Crash,2,Clear,Dry,Daylight
2021-12-30T09:00:00.000,I 285,I 285 and Memorial Dr,,Not a Collision with Motor Vehicle,1,Rain,Wet,Dusk
2021-10-24T10:15:00.000,I 285,I 285 and Memorial Dr,,Angle Crash,2,Clear,Dry,Daylight
2021-08-22T18:15:00.000,I 285,I 285 and Memorial Dr,,Not a Collision with Motor Vehicle,1,Clear,Dry,Daylight
2021-11-19T21:25:00.000,I 285,I 285 and Memorial Dr,,Rear End,2,Clear,Dry,Dark-Not Lighted
2021-12-14T21:55:00.000,I 285,I 285 and Memorial Dr,,Rear End,2,Clear,Dry,Dark-Not Lighted
2021-11-06T03:40:00.000,I 285,I 285 and Memorial Dr,,Angle Crash,2,Clear,Dry,Dark-Not Lighted
2021-10-21T19:35:00.000,I 285,I 285 and Memorial Dr,,Rear End,3,Clear,Dry,Dark-Not Lighted
2021-12-22T16:55:00.000,I 285,I 285 and Memorial Dr,,Rear End,2,Clear,Dry,Daylight
2021-12-27T20:50:00.000,I 285,I 285 and Memorial Dr,,Angle Crash,2,Clear,Dry,Dark-Not Lighted
2022-11-14T18:24:00.000,I 285,I 285 and Memorial Dr,,Sideswipe-Same Direction,3,Clear,Dry,Dark-Not Lighted
2022-12-15T04:00:00.000,I 285,I 285 and Memorial Dr,,Not a Collision with Motor Vehicle,1,Rain,Wet,Dark-Lighted
2022-09-07T09:05:00.000,I 285,I 285 and Memorial Dr,,Rear End,2,Clear,Dry,Daylight
2022-09-21T09:34:00.000,I 285,I 285 and Memorial Dr,,Sideswipe-Same Direction,2,Clear,Dry,Daylight
2022-12-05T20:00:00.000,I 285,I 285 and Memorial Dr,,Not a Collision with Motor Vehicle,1,Rain,Wet,Dark-Not Lighted
2022-08-21T14:30:00.000,I 285,I 285 and Memorial Dr,,Sideswipe-Same Direction,2,Clear,Dry,Daylight
2021-11-19T13:30:00.000,I 285,I 285 and Memorial Dr,,Rear End,2,Clear,Dry,Daylight
2021-12-01T17:00:00.000,I 285,I 285 and Memorial Dr,,Not a Collision with Motor Vehicle,2,Clear,Dry,Daylight
2021-12-31T23:30:00.000,I 285,I 285 and Memorial Dr,,Sideswipe-Same Direction,2,Cloudy,Dry,Dark-Not Lighted
2021-12-23T09:30:00.000,I 285,I 285 and Memorial Dr,,Angle Crash,2,Clear,Dry,Daylight
2021-12-08T15:30:00.000,I 285,I 285 and Memorial Dr,,Rear End,3,Clear,Dry,Dark-Lighted
2022-09-08T16:59:00.000,I 285,I 285 and Memorial Dr,,Rear End,2,Clear,Dry,Daylight
2022-03-12T13:20:00.000,I 285,I 285 and Memorial Dr,,Sideswipe-Same Direction,2,Clear,Dry,Daylight
2022-06-10T20:55:00.000,I 285,I 285 and Memorial Dr,,Angle Crash,3,Clear,Dry,Dark-Lighted
2022-09-29T09:06:00.000,I 285,I 285 and Memorial Dr,,Rear End,2,Clear,Dry,Daylight
2022-02-23T11:20:00.000,I 285,I 285 and Memorial Dr,,Rear End,2,Cloudy,Wet,Daylight
2022-12-13T13:26:00.000,I 285,I 285 and Memorial Dr,,Rear End,3,Cloudy,Dry,Daylight
2022-08-26T06:30:00.000,I 285,I 285 and Memorial Dr,,Not a Collision with Motor Vehicle,2,Cloudy,Dry,Daylight
2022-12-28T21:55:00.000,I 285,I 285 and Memorial Dr,,Not a Collision with Motor Vehicle,2,Clear,Dry,Daylight
2022-12-09T13:00:00.000,I 285,I 285 and Memorial Dr,,Angle Crash,2,Rain,Wet,Daylight
2022-07-19T16:20:00.000,I 285,I 285 and Memorial Dr,,Rear End,2,Clear,Dry,Daylight
2022-03-08T12:00:00.000,I 285,I 285 and Memorial Dr,,Not a Collision with Motor Vehicle,1,Rain,Wet,Daylight
2022-05-04T17:11:00.000,I 285,I 285 and Memorial Dr,,Rear End,2,Clear,Dry,Daylight
2022-11-17T22:45:00.000,I 285,I 285 and Memorial Dr,,Sideswipe-Same Direction,2,Clear,Dry,Dark-Lighted
2022-12-28T19:00:00.000,I 285,I 285 and Memorial Dr,,Sideswipe-Same Direction,2,Clear,Dry,Dark-Lighted
2022-10-18T17:50:00.000,I 285,I 285 and Memorial Dr,,Rear End,2,Clear,Dry,Dark-Not Lighted
2022-02-08T15:50:00.000,I 285,I 285 and Memorial Dr,,Rear End,2,Clear,Dry,Daylight
2022-04-01T15:40:00.000,I 285,I 285 and Memorial Dr,,Not a Collision with Motor Vehicle,2,Clear,Dry,Daylight
2022-10-23T12:00:00.000,I 285,I 285 and Memorial Dr,,Sideswipe-Same Direction,2,Clear,Dry,Daylight
2022-07-12T15:25:00.000,I 285,I 285 and Memorial Dr,,Rear End,3,Clear,Dry,Daylight
2022-09-30T00:00:00.000,I 285,I 285 and Memorial Dr,,Rear End,2,Clear,Dry,Dark-Not Lighted
2022-03-12T23:47:00.000,I 285,I 285 and Memorial Dr,,Angle Crash,4,Clear,Dry,Dark-Not Lighted
2022-05-26T13:00:00.000,I 285,I 285 and Memorial Dr,,Not a Collision with Motor Vehicle,2,Cloudy,Wet,Daylight
2022-08-29T18:00:00.000,I 285,I 285 and Memorial Dr,,Sideswipe-Same Direction,2,Clear,Dry,Daylight
2022-09-22T11:05:00.000,I 285,I 285 and Memorial Dr,,Not a Collision with Motor Vehicle,2,Clear,Dry,Daylight
2022-05-13T05:55:00.000,I 285,I 285 and Memorial Dr,,Rear End,2,Clear,Dry,Dark-Lighted
2022-12-16T19:00:00.000,I 285,I 285 and Memorial Dr,,Angle Crash,2,Clear,Dry,Dark-Not Lighted
2022-10-19T21:52:00.000,I 285,I 285 and Memorial Dr,,Rear End,3,Clear,Dry,Dark-Not Lighted
2022-03-17T12:16:00.000,I 285,I 285 and Memorial Dr,,Rear End,2,Clear,Dry,Daylight
2022-01-13T16:00:00.000,I 285,I 285 and Memorial Dr,,Rear End,3,Clear,Dry,Daylight
2022-04-19T01:10:00.000,I 285,I 285 and Memorial Dr,,Rear End,2,Clear,Dry,Dark-Not Lighted
2021-11-01T08:45:00.000,I 285,I 285 and Memorial Dr,,Rear End,2,Clear,Dry,Daylight
2021-11-24T18:57:00.000,I 285,I 285 and Memorial Dr,,Sideswipe-Same Direction,2,Clear,Dry,Dark-Not Lighted
2022-03-31T10:15:00.000,I 285,I 285 and Memorial Dr,,Not a Collision with Motor Vehicle,1,Clear,Dry,Daylight
2022-04-15T13:41:00.000,I 285,I 285 and Memorial Dr,,Rear End,2,Clear,Dry,Daylight
2022-06-21T15:22:00.000,I 285,I 285 and Memorial Dr,,Rear End,2,Clear,Dry,Daylight
2022-03-19T10:56:00.000,I 285,I 285 and Memorial Dr,,Rear End,2,Clear,Dry,Daylight
2022-12-01T09:20:00.000,I 285,I 285 and Memorial Dr,,Rear End,2,Clear,Dry,Dusk
2022-09-25T10:00:00.000,I 285,I 285 and Memorial Dr,,Not a Collision with Motor Vehicle,1,Clear,Dry,Daylight
2022-12-07T08:01:00.000,I 285,I 285 and Memorial Dr,,Sideswipe-Same Direction,2,Fog,Wet,Daylight
2022-08-06T22:22:00.000,I 285,I 285 and Memorial Dr,,Not a Collision with Motor Vehicle,1,Rain,Wet,Dark-Not Lighted
2022-11-11T04:10:00.000,I 285,I 285 and Memorial Dr,,Rear End,3,Rain,Wet,Dark-Not Lighted
2022-02-03T22:40:00.000,I 285,I 285 and Memorial Dr,,Not a Collision with Motor Vehicle,1,Clear,Wet,Dark-Lighted
2022-05-10T17:29:00.000,I 285,I 285 and Memorial Dr,,Sideswipe-Same Direction,2,Clear,Dry,Daylight
2022-08-28T15:00:00.000,I 285,I 285 and Memorial Dr,,Rear End,2,Clear,Dry,Daylight
2022-11-15T18:50:00.000,I 285,I 285 and Memorial Dr,,Sideswipe-Same Direction,2,Clear,Wet,Dark-Not Lighted
2022-08-24T15:30:00.000,I 285,I 285 and Memorial Dr,,Rear End,2,Cloudy,Dry,Daylight
2022-06-20T13:45:00.000,I 285,I 285 and Memorial Dr,,Sideswipe-Same Direction,2,Clear,Dry,Daylight
2022-04-15T16:30:00.000,I 285,I 285 and Memorial Dr,,Rear End,2,Clear,Dry,Daylight
2022-08-30T17:43:00.000,I 285,I 285 and Memorial Dr,,Rear End,2,Clear,Wet,Daylight
2022-02-10T07:14:00.000,I 285,I 285 and Memorial Dr,,Rear End,2,Clear,Dry,Daylight
2022-09-19T17:51:00.000,I 285,I 285 and Memorial Dr,,Rear End,2,Clear,Dry,Daylight
2022-06-03T11:45:00.000,I 285,I 285 and Memorial Dr,,Rear End,2,Clear,Dry,Daylight
2022-11-18T21:00:00.000,I 285,I 285 and Memorial Dr,,Sideswipe-Same Direction,2,Clear,Dry,Dark-Lighted
2022-02-28T23:11:00.000,I 285,I 285 and Memorial Dr,,Rear End,2,Clear,Dry,Dark-Lighted
2022-11-07T15:02:00.000,I 285,I 285 and Memorial Dr,,Sideswipe-Same Direction,2,Clear,Dry,Dark-Lighted
2022-03-06T13:08:00.000,I 285,I 285 and Memorial Dr,,Rear End,2,Clear,Dry,Daylight
2022-10-21T22:08:00.000,I 285,I 285 and Memorial Dr,,Angle Crash,2,Clear,Dry,Dark-Not Lighted
2022-07-21T16:53:00.000,I 285,I 285 and Memorial Dr,,Rear End,2,Cloudy,Dry,Daylight
2022-08-06T15:58:00.000,I 285,I 285 and Memorial Dr,,Angle Crash,2,Clear,Dry,Daylight
2022-12-05T15:50:00.000,I 285,I 285 and Memorial Dr,,Rear End,2,Rain,Wet,Daylight
2022-10-18T16:30:00.000,I 285,I 285 and Memorial Dr,,Sideswipe-Same Direction,2,Clear,Dry,Daylight
2022-04-29T15:00:00.000,I 285,I 285 and Memorial Dr,,Sideswipe-Same Direction,2,Clear,Dry,Daylight
2022-09-10T06:00:00.000,I 285,I 285 and Memorial Dr,,Sideswipe-Same Direction,2,Cloudy,Wet,Dark-Not Lighted
2022-09-03T10:35:00.000,I 285,I 285 and Memorial Dr,,Not a Collision with Motor Vehicle,1,Clear,Dry,Daylight
2022-06-03T22:36:00.000,I 285,I 285 and Memorial Dr,,Not a Collision with Motor Vehicle,1,Clear,Dry,Dark-Not Lighted
2022-08-19T10:30:00.000,I 285,I 285 and Memorial Dr,,Angle Crash,2,Clear,Dry,Daylight
2022-02-24T15:15:00.000,I 285,I 285 and Memorial Dr,,Rear End,2,Clear,Dry,Daylight
2022-07-06T16:25:00.000,I 285,I 285 and Memorial Dr,,Rear End,2,Cloudy,Dry,Daylight
2022-10-19T23:15:00.000,I 285,I 285 and Memorial Dr,,Rear End,2,Clear,Dry,Dark-Not Lighted
2022-01-12T18:02:00.000,I 285,I 285 and Memorial Dr,,Rear End,3,Clear,Dry,Dark-Not Lighted
2022-06-13T16:00:00.000,I 285,I 285 and Memorial Dr,,Rear End,3,Clear,Dry,Daylight
2022-10-19T08:20:00.000,I 285,I 285 and Memorial Dr,,Rear End,2,Clear,Dry,Daylight
2022-12-08T21:50:00.000,I 285,I 285 and Memorial Dr,,Angle Crash,2,Clear,Dry,Dark-Lighted
2022-11-11T04:02:00.000,I 285,I 285 and Memorial Dr,,Angle Crash,2,Rain,Wet,Dark-Not Lighted
2022-09-23T00:00:00.000,I 285,I 285 and Memorial Dr,,Sideswipe-Same Direction,2,Clear,Dry,Daylight
2022-01-12T11:59:00.000,I 285,I 285 and Memorial Dr,,Not a Collision with Motor Vehicle,2,Clear,Dry,Daylight
2022-10-20T07:50:00.000,I 285,I 285 and Memorial Dr,,Rear End,2,Clear,Dry,Daylight
2022-04-23T12:51:00.000,I 285,I 285 and Memorial Dr,,Not a Collision with Motor Vehicle,1,Clear,Dry,Daylight
2022-05-14T23:32:00.000,I 285,I 285 and Memorial Dr,,Angle Crash,2,Clear,Dry,Dark-Not Lighted
2022-01-10T18:59:00.000,I 285,I 285 and Memorial Dr,,Not a Collision with Motor Vehicle,3,Clear,Dry,Dark-Not Lighted
2022-09-03T11:40:00.000,I 285,I 285 and Memorial Dr,,Sideswipe-Same Direction,2,Clear,Dry,Daylight
2022-06-15T16:43:00.000,I 285,I 285 and Memorial Dr,,Sideswipe-Same Direction,2,Clear,Dry,Daylight
2022-12-05T09:35:00.000,I 285,I 285 and Memorial Dr,,Angle Crash,2,Rain,Wet,Dark-Lighted
2022-02-24T14:12:00.000,I 285,I 285 and Memorial Dr,,Rear End,2,Clear,Dry,Daylight
2022-08-09T09:00:00.000,I 285,I 285 and Memorial Dr,,Rear End,2,Clear,Dry,Daylight
2022-02-17T00:00:00.000,I 285,I 285 and Memorial Dr,,Angle Crash,2,Clear,Dry,Daylight
2022-11-05T15:25:00.000,I 285,I 285 and Memorial Dr,,Sideswipe-Same Direction,2,Clear,Dry,Daylight
2022-01-04T15:55:00.000,I 285,I 285 and Memorial Dr,,Rear End,2,Clear,Dry,Daylight
2022-11-11T11:50:00.000,I 285,I 285 and Memorial Dr,,Sideswipe-Same Direction,2,Rain,Wet,Daylight
2022-07-26T15:28:00.000,I 285,I 285 and Memorial Dr,,Rear End,2,Clear,Dry,Daylight
2022-07-10T14:20:00.000,I 285,I 285 and Memorial Dr,,Rear End,2,Clear,Dry,Daylight
2022-11-15T13:48:00.000,I 285,I 285 and Memorial Dr,,Head On,2,Rain,Wet,Daylight
2022-06-08T15:30:00.000,I 285,I 285 and Memorial Dr,,Rear End,2,Clear,Dry,Daylight
2022-04-16T07:48:00.000,I 285,I 285 and Memorial Dr,,Not a Collision with Motor Vehicle,1,Rain,Wet,Daylight
2022-03-04T06:41:00.000,I 285,I 285 and Memorial Dr,,Rear End,2,Clear,Dry,Daylight
2022-09-28T09:40:00.000,I 285,I 285 and Memorial Dr,,Rear End,2,Clear,Dry,Daylight
2022-03-31T05:20:00.000,I 285,I 285 and Memorial Dr,,Not a Collision with Motor Vehicle,1,Rain,Wet,Dark-Not Lighted
2022-11-04T15:39:00.000,I 285,I 285 and Memorial Dr,,Angle Crash,2,Clear,Dry,Daylight
2022-07-06T16:51:00.000,I 285,I 285 and Memorial Dr,,Rear End,2,Cloudy,Dry,Daylight
2022-01-02T12:11:00.000,I 285,I 285 and Memorial Dr,,Sideswipe-Same Direction,3,Cloudy,Wet,Daylight
2022-11-19T00:00:00.000,I 285,I 285 and Memorial Dr,,Sideswipe-Same Direction,2,Clear,Dry,Dark-Lighted
2022-12-08T12:40:00.000,I 285,I 285 and Memorial Dr,,Sideswipe-Same Direction,2,Clear,Dry,Daylight
2022-04-09T13:31:00.000,I 285,I 285 and Memorial Dr,,Rear End,2,Cloudy,Dry,Daylight
2022-11-14T15:57:00.000,I 285,I 285 and Memorial Dr,,Rear End,2,Cloudy,Dry,Daylight
2022-03-27T11:40:00.000,I 285,I 285 and Memorial Dr,,Rear End,2,Clear,Dry,Daylight
2022-08-07T00:38:00.000,I 285,I 285 and Memorial Dr,,Not a Collision with Motor Vehicle,1,Cloudy,Wet,Dark-Not Lighted
2022-01-12T14:47:00.000,I 285,I 285 and Memorial Dr,,Rear End,2,Clear,Dry,Daylight
2022-07-13T01:00:00.000,I 285,I 285 and Memorial Dr,,Angle Crash,2,Clear,Dry,Dark-Lighted
2022-04-16T05:04:00.000,I 285,I 285 and Memorial Dr,,Angle Crash,2,Rain,Wet,Dark-Lighted
2022-01-16T01:07:00.000,I 285,I 285 and Memorial Dr,,Not a Collision with Motor Vehicle,1,Rain,Wet,Dark-Lighted
2022-09-01T13:20:00.000,I 285,I 285 and Memorial Dr,,Angle Crash,3,Clear,Dry,Daylight
2023-01-23T13:56:00.000,I 285,I 285 and Memorial Dr,,Rear End,2,Clear,Dry,Daylight
2023-01-05T08:50:00.000,I 285,I 285 and Memorial Dr,,Rear End,2,Clear,Dry,Daylight
2023-01-17T13:00:00.000,I 285,I 285 and Memorial Dr,,Rear End,2,Rain,Wet,Daylight
2023-11-26T07:38:00.000,I 285,I 285 and Memorial Dr,,Sideswipe-Same Direction,2,Cloudy,Dry,Daylight
2023-11-11T15:00:00.000,I 285,I 285 and Memorial Dr,,Sideswipe-Same Direction,2,Clear,Wet,Daylight
2023-04-06T18:39:00.000,I 285,I 285 and Memorial Dr,,Rear End,2,Cloudy,Wet,Daylight
2023-02-07T15:00:00.000,I 285,I 285 and Memorial Dr,,Sideswipe-Same Direction,3,Clear,Dry,Daylight
2023-07-26T16:37:00.000,I 285,I 285 and Memorial Dr,,Rear End,2,Clear,Dry,Daylight
2024-01-25T07:27:00.000,I 285,I 285 and Memorial Dr,,Rear End,2,Rain,Wet,Daylight
2024-04-25T08:00:00.000,I 285,I 285 and Memorial Dr,,Rear End,2,Clear,Dry,Daylight
2024-12-09T10:00:00.000,I 285,I 285 and Memorial Dr,,Rear End,2,Rain,Wet,Daylight
2024-06-02T08:30:00.000,I 285,I 285 and Memorial Dr,,Sideswipe-Same Direction,2,Cloudy,Dry,Daylight
2024-04-12T16:58:00.000,I 285,I 285 and Memorial Dr,,Rear End,2,Clear,Dry,Daylight
2024-09-12T08:09:00.000,I 285,I 285 and Memorial Dr,,Rear End,2,Cloudy,Dry,Daylight
2024-10-29T08:00:00.000,I 285,I 285 and Memorial Dr,,Rear End,2,Clear,Dry,Daylight
2024-04-22T18:57:00.000,I 285,I 285 and Memorial Dr,,Rear End,2,Clear,Dry,Daylight
2024-02-07T16:00:00.000,I 285,I 285 and Memorial Dr,,Sideswipe-Same Direction,2,Clear,Dry,Daylight
2024-05-28T06:30:00.000,I 285,I 285 and Memorial Dr,,Angle Crash,2,Clear,Dry,Daylight
2024-01-11T15:58:00.000,I 285,I 285 and Memorial Dr,,Sideswipe-Same Direction,3,Clear,Dry,Daylight
2024-05-24T12:58:00.000,I 285,I 285 and Memorial Dr,,Rear End,2,Clear,Dry,Daylight
2024-03-20T08:20:00.000,I 285,I 285 and Memorial Dr,,Sideswipe-Same Direction,2,Clear,Dry,Daylight
2024-03-06T01:00:00.000,I 285,I 285 and Memorial Dr,,Angle Crash,2,Rain,Wet,Dark-Not Lighted
2024-04-19T19:35:00.000,I 285,I 285 and Memorial Dr,,Rear End,2,Clear,Dry,Dawn
2024-05-13T07:40:00.000,I 285,I 285 and Memorial Dr,,Rear End,2,Rain,Wet,Daylight
2024-03-11T21:00:00.000,I 285,I 285 and Memorial Dr,,Angle Crash,2,Clear,Dry,Dark-Lighted
2024-04-10T23:00:00.000,I 285,I 285 and Memorial Dr,,Sideswipe-Same Direction,2,Snow,Wet,Dark-Not Lighted
2024-03-22T00:00:00.000,I 285,I 285 and Memorial Dr,,Sideswipe-Same Direction,2,Rain,Wet,Dark-Lighted
2024-07-29T16:20:00.000,I 285,I 285 and Memorial Dr,,Rear End,2,Clear,Wet,Daylight
2024-08-06T10:32:00.000,I 285,I 285 and Memorial Dr,,Rear End,2,Clear,Dry,Daylight
2024-03-11T07:00:00.000,I 285,I 285 and Memorial Dr,,Sideswipe-Same Direction,4,Clear,Dry,Daylight