Date and Time,Roadway (From Crash Report),Intersection Name (from Crash Report),KABCO Severity,Manner of Collision (Crash Level) ,# of Vehicles per crash ,Weather Conditions (Crash Level),Surface Condition (Crash Level) ,Light Conditions (Crash Level)
2022-03-14T16:00:00.000,I 285,I 285 and Martin Luther King Junior,,Sideswipe-Same Direction,5,Clear,Dry,Daylight
2022-09-30T17:15:00.000,I 285,I 285 and Martin Luther King Jr. Dr.,,Rear End,2,Clear,Dry,Daylight
2022-10-06T17:43:00.000,I 285,I 285 and Martin Luther King Jr. Dr.,,Rear End,2,Clear,Dry,Daylight
2022-09-27T15:36:00.000,I 285,I 285 and Martin Luther King Jr. Dr.,,Rear End,3,Clear,Dry,Daylight
2022-09-13T17:41:00.000,I 285,I 285 and Martin Luther King Jr. Dr.,,Rear End,2,Clear,Dry,Daylight
2023-09-19T09:30:00.000,I 285,I 285 and Martin Luther King Jr. Dr,,Sideswipe-Same Direction,2,Clear,Dry,Daylight
2022-01-07T13:35:00.000,I 285,I 285 and Martin Luther King Jr Rd,,Sideswipe-Same Direction,2,Clear,Dry,Daylight
2022-02-14T16:58:00.000,I 285,I 285 and Martin Luther King Jr Rd,,Sideswipe-Same Direction,3,Clear,Dry,Daylight
2024-04-12T15:08:00.000,I 285,I 285 and Martin Luther King Jr Rd,,Sideswipe-Same Direction,2,Clear,Dry,Daylight
2020-03-12T05:01:00.000,I 285,I 285 and Martin Luther King Jr Opas,,Rear End,2,Cloudy,Dry,Daylight
2022-06-30T16:28:00.000,I 285,I 285 and Martin Luther King Jr Opas,,Rear End,3,Cloudy,Dry,Daylight
2023-09-25T08:49:00.000,I 285,I 285 and Martin Luther King Jr Opas,,Sideswipe-Same Direction,2,Clear,Dry,Daylight
2023-02-27T12:25:00.000,I 285,I 285 and Martin Luther King Jr Opas,,Rear End,2,Cloudy,Wet,Daylight
2022-09-26T14:30:00.000,I 285,I 285 and Martin Luther King Jr Driver O,,Rear End,2,Clear,Dry,Daylight
2021-01-28T12:35:00.000,I 285,I 285 and Martin Luther King Jr Drive Ov,,Rear End,2,Clear,Dry,Daylight
2021-04-27T16:17:00.000,I 285,I 285 and Martin Luther King Jr Drive Ov,,Sideswipe-Same Direction,2,Clear,Dry,Daylight
2021-12-20T17:14:00.000,I 285,I 285 and Martin Luther King Jr Drive Ov,,Sideswipe-Same Direction,2,Cloudy,Wet,Dark-Lighted
2020-12-21T16:32:00.000,I 285,I 285 and Martin Luther King Jr Drive Ov,,Sideswipe-Same Direction,2,Clear,Dry,Daylight
2022-09-29T08:10:00.000,I 285,I 285 and Martin Luther King Jr Drive Ov,,Rear End,2,Clear,Dry,Daylight
2022-07-15T15:00:00.000,I 285,I 285 and Martin Luther King Jr Drive Ov,,Sideswipe-Same Direction,2,Clear,Dry,Daylight
2020-09-10T15:39:00.000,I 285,I 285 and Martin Luther King Jr Drive O,,Rear End,2,Clear,Dry,Daylight
2020-11-13T16:30:00.000,I 285,I 285 and Martin Luther King Jr Drive O,,Rear End,2,Clear,Dry,Daylight
2020-02-20T05:00:00.000,I 285,I 285 and Martin Luther King Jr Drive O,,Not a Collision with Motor Vehicle,1,Rain,Wet,Daylight
2024-08-23T13:08:00.000,I 285,I 285 and Martin Luther King Jr Drive Ex,,Sideswipe-Same Direction,2,Clear,Dry,Daylight
2021-10-27T11:45:00.000,I 285,I 285 and Martin Luther King Jr Dr.,,Sideswipe-Same Direction,2,Clear,Dry,Daylight
2020-01-28T08:31:00.000,I 285,I 285 and Martin Luther King Jr Dr Overp,,Rear End,2,Clear,Dry,Daylight
2022-10-14T09:27:00.000,I 285,I 285 and Martin Luther King Jr Dr Overp,,Not a Collision with Motor Vehicle,2,Clear,Dry,Daylight
2021-03-30T15:27:00.000,I 285,I 285 and Martin Luther King Jr Dr,,Rear End,2,Clear,Dry,Daylight
2021-06-03T17:10:00.000,I 285,I 285 and Martin Luther King Jr Dr,,Sideswipe-Same Direction,2,Clear,Dry,Daylight
2021-05-07T19:45:00.000,I 285,I 285 and Martin Luther King Jr Dr,,Sideswipe-Same Direction,2,Clear,Dry,Daylight
2021-07-28T13:58:00.000,I 285,I 285 and Martin Luther King Jr Dr,,Rear End,2,Clear,Dry,Daylight
2021-09-23T17:10:00.000,I 285,I 285 and Martin Luther King Jr Dr,,Sideswipe-Same Direction,2,Clear,Dry,Daylight
2021-06-22T09:05:00.000,I 285,I 285 and Martin Luther King Jr Dr,,Rear End,2,Rain,Wet,Daylight
2021-04-16T19:08:00.000,I 285,I 285 and Martin Luther King Jr Dr,,Rear End,2,Clear,Dry,Daylight
2021-02-24T16:37:00.000,I 285,I 285 and Martin Luther King Jr Dr,,Rear End,2,Clear,Dry,Daylight
2021-03-18T12:40:00.000,I 285,I 285 and Martin Luther King Jr Dr,,Rear End,2,Clear,Dry,Daylight
2021-06-03T15:00:00.000,I 285,I 285 and Martin Luther King Jr Dr,,Rear End,2,Clear,Dry,Daylight
2021-07-09T08:00:00.000,I 285,I 285 and Martin Luther King Jr Dr,,Sideswipe-Same Direction,3,Cloudy,Dry,Daylight
2021-10-12T15:37:00.000,I 285,I 285 and Martin Luther King Jr Dr,,Rear End,2,Clear,Dry,Daylight
2021-07-14T16:58:00.000,I 285,I 285 and Martin Luther King Jr Dr,,Rear End,2,Cloudy,Dry,Daylight
2021-10-12T17:24:00.000,I 285,I 285 and Martin Luther King Jr Dr,,Rear End,2,Clear,Dry,Daylight
2021-03-09T00:00:00.000,I 285,I 285 and Martin Luther King Jr Dr,,Sideswipe-Same Direction,3,Clear,Dry,Daylight
2021-07-14T12:34:00.000,I 285,I 285 and Martin Luther King Jr Dr,,Rear End,2,Clear,Dry,Daylight
2021-12-14T12:28:00.000,I 285,I 285 and Martin Luther King Jr Dr,,Rear End,2,Clear,Dry,Daylight
2021-08-12T17:06:00.000,I 285,I 285 and Martin Luther King Jr Dr,,Sideswipe-Same Direction,2,Clear,Dry,Daylight
2021-05-26T12:01:00.000,I 285,I 285 and Martin Luther King Jr Dr,,Not a Collision with Motor Vehicle,1,Clear,Dry,Daylight
2021-06-10T16:04:00.000,I 285,I 285 and Martin Luther King Jr Dr,,Rear End,2,Clear,Dry,Daylight
2021-01-04T15:35:00.000,I 285,I 285 and Martin Luther King Jr Dr,,Rear End,2,Clear,Dry,Daylight
2021-02-05T16:30:00.000,I 285,I 285 and Martin Luther King Jr Dr,,Rear End,2,Clear,Dry,Daylight
2021-04-22T13:47:00.000,I 285,I 285 and Martin Luther King Jr Dr,,Rear End,2,Clear,Dry,Daylight
2020-01-23T19:54:00.000,I 285,I 285 and Martin Luther King Jr Dr,,Rear End,2,Rain,Wet,Dark-Lighted
2023-03-27T17:48:00.000,I 285,I 285 and Martin Luther King Jr Dr,,Sideswipe-Same Direction,2,Clear,Dry,Daylight
2023-08-31T17:01:00.000,I 285,I 285 and Martin Luther King Jr Dr,,Rear End,2,Clear,Dry,Daylight
2023-12-22T16:50:00.000,I 285,I 285 and Martin Luther King Jr Dr,,Rear End,2,Clear,Dry,Dusk
2023-12-01T08:58:00.000,I 285,I 285 and Martin Luther King Jr Dr,,Rear End,2,Rain,Wet,Daylight
2023-09-25T07:22:00.000,I 285,I 285 and Martin Luther King Jr Dr,,Rear End,3,Clear,Dry,Daylight
2023-10-26T08:05:00.000,I 285,I 285 and Martin Luther King Jr Dr,,Rear End,2,Clear,Dry,Daylight
2023-02-03T06:50:00.000,I 285,I 285 and Martin Luther King Jr Dr,,Sideswipe-Same Direction,2,Clear,Dry,Daylight
2023-01-26T16:05:00.000,I 285,I 285 and Martin Luther King Jr Dr,,Rear End,2,Clear,Dry,Daylight
2023-02-13T14:25:00.000,I 285,I 285 and Martin Luther King Jr Dr,,Sideswipe-Same Direction,2,Clear,Dry,Daylight
2022-05-06T16:00:00.000,I 285,I 285 and Martin Luther King Jr Dr,,Rear End,2,Clear,Dry,Daylight
2022-04-19T08:32:00.000,I 285,I 285 and Martin Luther King Jr Dr,,Rear End,3,Clear,Dry,Daylight
2020-01-14T15:43:00.000,I 285,I 285 and Martin Luther King Jr Dr,,Not a Collision with Motor Vehicle,1,Rain,Wet,Daylight
2020-09-24T06:40:00.000,I 285,I 285 and Martin Luther King Jr Dr,,Rear End,2,Clear,Dry,Dark-Lighted
2020-05-28T18:15:00.000,I 285,I 285 and Martin Luther King Jr Dr,,Sideswipe-Same Direction,4,Clear,Dry,Daylight
2020-10-01T14:09:00.000,I 285,I 285 and Martin Luther King Jr Dr,,Rear End,3,Clear,Dry,Daylight
2020-12-24T15:34:00.000,I 285,I 285 and Martin Luther King Jr Dr,,Sideswipe-Same Direction,2,Rain,Wet,Daylight
2020-01-08T12:50:00.000,I 285,I 285 and Martin Luther King Jr Dr,,Sideswipe-Same Direction,2,Clear,Dry,Daylight
2020-05-13T13:18:00.000,I 285,I 285 and Martin Luther King Jr Dr,,Rear End,2,Cloudy,Dry,Daylight
2020-01-02T14:55:00.000,I 285,I 285 and Martin Luther King Jr Dr,,Rear End,2,Rain,Wet,Daylight
2020-01-02T15:09:00.000,I 285,I 285 and Martin Luther King Jr Dr,,Rear End,2,Rain,Wet,Daylight
2020-12-07T11:19:00.000,I 285,I 285 and Martin Luther King Jr Dr,,Sideswipe-Same Direction,2,Cloudy,Dry,Daylight
2020-01-10T18:05:00.000,I 285,I 285 and Martin Luther King Jr Dr,,Rear End,2,Cloudy,Dry,Daylight
2020-02-17T12:40:00.000,I 285,I 285 and Martin Luther King Jr Dr,,Sideswipe-Same Direction,2,Cloudy,Dry,Daylight
2020-10-12T18:26:00.000,I 285,I 285 and Martin Luther King Jr Dr,,Sideswipe-Same Direction,2,Clear,Dry,Daylight
2020-11-19T18:45:00.000,I 285,I 285 and Martin Luther King Jr Dr,,Sideswipe-Same Direction,2,Clear,Dry,Dark-Not Lighted
2020-11-05T16:00:00.000,I 285,I 285 and Martin Luther King Jr Dr,,Rear End,2,Cloudy,Dry,Daylight
2020-02-06T07:20:00.000,I 285,I 285 and Martin Luther King Jr Dr,,Sideswipe-Same Direction,2,Rain,Wet,Daylight
2020-03-05T14:25:00.000,I 285,I 285 and Martin Luther King Jr Dr,,Sideswipe-Same Direction,2,Rain,Wet,Daylight
2020-12-01T13:40:00.000,I 285,I 285 and Martin Luther King Jr Dr,,Rear End,2,Clear,Dry,Daylight
2020-05-08T15:55:00.000,I 285,I 285 and Martin Luther King Jr Dr,,Rear End,2,Cloudy,Dry,Daylight
2020-02-13T14:51:00.000,I 285,I 285 and Martin Luther King Jr Dr,,Sideswipe-Same Direction,2,Cloudy,Dry,Daylight
2020-10-02T15:05:00.000,I 285,I 285 and Martin Luther King Jr Dr,,Rear End,2,Clear,Dry,Daylight
2020-02-14T16:15:00.000,I 285,I 285 and Martin Luther King Jr Dr,,Rear End,2,Clear,Dry,Daylight
2020-12-07T18:30:00.000,I 285,I 285 and Martin Luther King Jr Dr,,Sideswipe-Same Direction,2,Clear,Dry,Dark-Lighted
2020-12-31T19:07:00.000,I 285,I 285 and Martin Luther King Jr Dr,,Rear End,2,Rain,Wet,Daylight
2020-01-29T19:15:00.000,I 285,I 285 and Martin Luther King Jr Dr,,Rear End,2,Clear,Dry,Dark-Not Lighted
2020-02-26T17:01:00.000,I 285,I 285 and Martin Luther King Jr Dr,,Rear End,2,Clear,Dry,Daylight
2020-10-29T14:55:00.000,I 285,I 285 and Martin Luther King Jr Dr,,Rear End,2,Clear,Dry,Daylight
2020-02-19T20:20:00.000,I 285,I 285 and Martin Luther King Jr Dr,,Sideswipe-Same Direction,2,Rain,Wet,Dark-Lighted
2020-02-28T07:23:00.000,I 285,I 285 and Martin Luther King Jr Dr,,Sideswipe-Same Direction,2,Clear,Dry,Daylight
2020-10-28T18:04:00.000,I 285,I 285 and Martin Luther King Jr Dr,,Sideswipe-Same Direction,2,Clear,Dry,Daylight
2020-02-18T12:53:00.000,I 285,I 285 and Martin Luther King Jr Dr,,Rear End,2,Rain,Wet,Daylight
2020-05-21T17:10:00.000,I 285,I 285 and Martin Luther King Jr Dr,,Rear End,3,Clear,Dry,Daylight
2020-05-13T16:00:00.000,I 285,I 285 and Martin Luther King Jr Dr,,Rear End,2,Clear,Dry,Daylight
2020-03-05T13:30:00.000,I 285,I 285 and Martin Luther King Jr Dr,,Sideswipe-Same Direction,2,Rain,Wet,Daylight
2020-02-06T13:20:00.000,I 285,I 285 and Martin Luther King Jr Dr,,Rear End,2,Rain,Wet,Daylight
2020-11-17T00:00:00.000,I 285,I 285 and Martin Luther King Jr Dr,,Sideswipe-Same Direction,2,Clear,Dry,Daylight
2020-01-27T19:15:00.000,I 285,I 285 and Martin Luther King Jr Dr,,Rear End,2,Clear,Dry,Dark-Lighted
2020-02-20T17:10:00.000,I 285,I 285 and Martin Luther King Jr Dr,,Rear End,2,Rain,Wet,Daylight
2020-02-25T09:35:00.000,I 285,I 285 and Martin Luther King Jr Dr,,Rear End,2,Cloudy,Wet,Daylight
2020-12-14T06:30:00.000,I 285,I 285 and Martin Luther King Jr Dr,,Rear End,2,Rain,Wet,Dusk
2020-01-02T06:45:00.000,I 285,I 285 and Martin Luther King Jr Dr,,Not a Collision with Motor Vehicle,1,Rain,Wet,Dawn
2020-01-31T06:41:00.000,I 285,I 285 and Martin Luther King Jr Dr,,Rear End,2,Rain,Wet,Dark-Lighted
2020-10-30T15:20:00.000,I 285,I 285 and Martin Luther King Jr Dr,,Sideswipe-Same Direction,2,Clear,Dry,Daylight
2020-01-24T10:35:00.000,I 285,I 285 and Martin Luther King Jr Dr,,Rear End,2,Cloudy,Wet,Daylight
2020-09-03T17:15:00.000,I 285,I 285 and Martin Luther King Jr Dr,,Rear End,2,Clear,Dry,Daylight
2020-11-16T06:05:00.000,I 285,I 285 and Martin Luther King Jr Dr,,Not a Collision with Motor Vehicle,1,Clear,Dry,Dark-Not Lighted
2020-06-24T12:40:00.000,I 285,I 285 and Martin Luther King Jr Dr,,Rear End,2,Clear,Dry,Daylight
2020-10-15T16:00:00.000,I 285,I 285 and Martin Luther King Jr Dr,,Rear End,2,Clear,Dry,Daylight
2020-10-13T16:54:00.000,I 285,I 285 and Martin Luther King Jr Dr,,Sideswipe-Same Direction,2,Clear,Dry,Daylight
2020-01-14T12:25:00.000,I 285,I 285 and Martin Luther King Jr Dr,,Rear End,2,Rain,Wet,Daylight
2020-03-02T07:33:00.000,I 285,I 285 and Martin Luther King Jr Dr,,Sideswipe-Same Direction,2,Clear,Dry,Daylight
2020-12-14T06:12:00.000,I 285,I 285 and Martin Luther King Jr Dr,,Not a Collision with Motor Vehicle,1,Rain,Wet,Dawn
2020-04-29T16:00:00.000,I 285,I 285 and Martin Luther King Jr Dr,,Rear End,2,Rain,Wet,Daylight
2020-01-30T08:18:00.000,I 285,I 285 and Martin Luther King Jr Dr,,Rear End,2,Clear,Dry,Daylight
2020-01-30T07:30:00.000,I 285,I 285 and Martin Luther King Jr Dr,,Rear End,2,Clear,Dry,Daylight
2020-02-14T18:45:00.000,I 285,I 285 and Martin Luther King Jr Dr,,Rear End,2,Clear,Dry,Dusk
2020-02-20T06:15:00.000,I 285,I 285 and Martin Luther King Jr Dr,,Sideswipe-Same Direction,2,Rain,Wet,Dark-Not Lighted
2020-12-11T14:18:00.000,I 285,I 285 and Martin Luther King Jr Dr,,Rear End,2,Clear,Dry,Daylight
2020-12-21T16:32:00.000,I 285,I 285 and Martin Luther King Jr Dr,,Rear End,2,Clear,Dry,Daylight
2020-01-10T14:45:00.000,I 285,I 285 and Martin Luther King Jr Dr,,Sideswipe-Same Direction,2,Clear,Dry,Daylight
2020-07-30T22:58:00.000,I 285,I 285 and Martin Luther King Jr Dr,,Sideswipe-Same Direction,2,Clear,Dry,Dusk
2020-12-18T16:58:00.000,I 285,I 285 and Martin Luther King Jr Dr,,Sideswipe-Same Direction,2,Clear,Dry,Daylight
2020-01-03T17:40:00.000,I 285,I 285 and Martin Luther King Jr Dr,,Rear End,2,Rain,Wet,Dark-Lighted
2020-09-08T16:58:00.000,I 285,I 285 and Martin Luther King Jr Dr,,Rear End,2,Clear,Dry,Daylight
2020-11-16T17:55:00.000,I 285,I 285 and Martin Luther King Jr Dr,,Rear End,2,Clear,Dry,Dusk
2021-01-04T15:47:00.000,I 285,I 285 and Martin Luther King Jr Dr,,Rear End,2,Clear,Dry,Daylight
2021-02-05T14:14:00.000,I 285,I 285 and Martin Luther King Jr Dr,,Not a Collision with Motor Vehicle,1,Clear,Dry,Daylight
2021-02-05T16:30:00.000,I 285,I 285 and Martin Luther King Jr Dr,,Rear End,3,Clear,Dry,Daylight
2021-03-03T14:17:00.000,I 285,I 285 and Martin Luther King Jr Dr,,Sideswipe-Same Direction,2,Clear,Dry,Daylight
2021-03-11T19:16:00.000,I 285,I 285 and Martin Luther King Jr Dr,,Rear End,2,Clear,Dry,Dark-Lighted
2021-04-19T17:17:00.000,I 285,I 285 and Martin Luther King Jr Dr,,Sideswipe-Same Direction,2,Clear,Dry,Daylight
2021-03-05T14:53:00.000,I 285,I 285 and Martin Luther King Jr Dr,,Sideswipe-Same Direction,3,Clear,Dry,Daylight
2021-03-04T17:47:00.000,I 285,I 285 and Martin Luther King Jr Dr,,Rear End,2,Clear,Dry,Daylight
2021-04-12T11:00:00.000,I 285,I 285 and Martin Luther King Jr Dr,,Sideswipe-Same Direction,2,Clear,Dry,Daylight
2021-07-12T17:09:00.000,I 285,I 285 and Martin Luther King Jr Dr,,Rear End,2,Cloudy,Wet,Daylight
2021-11-15T14:30:00.000,I 285,I 285 and Martin Luther King Jr Dr,,Angle Crash,2,Clear,Dry,Daylight
2021-08-23T15:42:00.000,I 285,I 285 and Martin Luther King Jr Dr,,Rear End,4,Clear,Dry,Daylight
2021-12-08T17:55:00.000,I 285,I 285 and Martin Luther King Jr Dr,,Rear End,2,Clear,Dry,Dusk
2021-07-15T18:35:00.000,I 285,I 285 and Martin Luther King Jr Dr,,Sideswipe-Same Direction,2,Clear,Dry,Daylight
2021-08-27T19:20:00.000,I 285,I 285 and Martin Luther King Jr Dr,,Sideswipe-Same Direction,2,Rain,Wet,Daylight
2022-10-13T16:27:00.000,I 285,I 285 and Martin Luther King Jr Dr,,Sideswipe-Opposite Direction,2,Clear,Dry,Daylight
2022-10-25T07:13:00.000,I 285,I 285 and Martin Luther King Jr Dr,,Not a Collision with Motor Vehicle,2,Clear,Dry,Daylight
2022-09-05T14:50:00.000,I 285,I 285 and Martin Luther King Jr Dr,,Rear End,2,Cloudy,Dry,Daylight
2021-08-17T16:22:00.000,I 285,I 285 and Martin Luther King Jr Dr,,Rear End,2,Cloudy,Dry,Daylight
2021-11-24T18:06:00.000,I 285,I 285 and Martin Luther King Jr Dr,,Sideswipe-Same Direction,2,Clear,Dry,Daylight
2022-12-05T16:13:00.000,I 285,I 285 and Martin Luther King Jr Dr,,Sideswipe-Same Direction,2,Rain,Dry,Daylight
2022-01-31T17:16:00.000,I 285,I 285 and Martin Luther King Jr Dr,,Rear End,2,Clear,Dry,Daylight
2022-10-24T16:20:00.000,I 285,I 285 and Martin Luther King Jr Dr,,Rear End,2,Clear,Dry,Daylight
2022-06-13T16:04:00.000,I 285,I 285 and Martin Luther King Jr Dr,,Sideswipe-Same Direction,2,Clear,Dry,Daylight
2022-11-08T07:48:00.000,I 285,I 285 and Martin Luther King Jr Dr,,Sideswipe-Same Direction,2,Clear,Dry,Daylight
2022-09-19T15:37:00.000,I 285,I 285 and Martin Luther King Jr Dr,,Not a Collision with Motor Vehicle,1,Clear,Dry,Daylight
2022-06-13T16:33:00.000,I 285,I 285 and Martin Luther King Jr Dr,,Rear End,2,Cloudy,Dry,Daylight
2022-02-01T10:30:00.000,I 285,I 285 and Martin Luther King Jr Dr,,Sideswipe-Same Direction,2,Clear,Dry,Daylight
2022-09-01T09:45:00.000,I 285,I 285 and Martin Luther King Jr Dr,,Rear End,2,Clear,Dry,Daylight
2022-06-17T13:30:00.000,I 285,I 285 and Martin Luther King Jr Dr,,Sideswipe-Same Direction,3,Clear,Dry,Daylight
2022-04-25T08:35:00.000,I 285,I 285 and Martin Luther King Jr Dr,,Rear End,3,Clear,Dry,Daylight
2022-09-02T18:35:00.000,I 285,I 285 and Martin Luther King Jr Dr,,Rear End,2,Rain,Wet,Daylight
2022-03-10T19:14:00.000,I 285,I 285 and Martin Luther King Jr Dr,,Rear End,2,Clear,Dry,Dark-Lighted
2022-01-31T14:21:00.000,I 285,I 285 and Martin Luther King Jr Dr,,Rear End,3,Clear,Dry,Daylight
2022-07-01T11:56:00.000,I 285,I 285 and Martin Luther King Jr Dr,,Sideswipe-Same Direction,2,Clear,Dry,Daylight
2022-10-24T16:18:00.000,I 285,I 285 and Martin Luther King Jr Dr,,Sideswipe-Same Direction,2,Clear,Dry,Daylight
2022-03-18T17:39:00.000,I 285,I 285 and Martin Luther King Jr Dr,,Rear End,2,Cloudy,Wet,Daylight
2022-04-12T18:30:00.000,I 285,I 285 and Martin Luther King Jr Dr,,Rear End,2,Clear,Dry,Daylight
2021-12-30T06:50:00.000,I 285,I 285 and Martin Luther King Jr Dr,,Sideswipe-Same Direction,2,Rain,Wet,Dark-Lighted
2021-11-09T18:18:00.000,I 285,I 285 and Martin Luther King Jr Dr,,Sideswipe-Same Direction,2,Clear,Dry,Dark-Not Lighted
2021-07-29T16:21:00.000,I 285,I 285 and Martin Luther King Jr Dr,,Sideswipe-Same Direction,2,Clear,Dry,Daylight
2022-12-08T13:48:00.000,I 285,I 285 and Martin Luther King Jr Dr,,Rear End,2,Cloudy,Dry,Daylight
2022-08-26T17:29:00.000,I 285,I 285 and Martin Luther King Jr Dr,,Rear End,2,Clear,Dry,Daylight
2022-10-28T08:40:00.000,I 285,I 285 and Martin Luther King Jr Dr,,Rear End,2,Clear,Dry,Daylight
2022-05-16T18:41:00.000,I 285,I 285 and Martin Luther King Jr Dr,,Rear End,3,Clear,Dry,Daylight
2022-05-16T12:40:00.000,I 285,I 285 and Martin Luther King Jr Dr,,Rear End,3,Clear,Dry,Daylight
2022-04-12T14:53:00.000,I 285,I 285 and Martin Luther King Jr Dr,,Rear End,3,Clear,Dry,Daylight
2022-05-23T18:05:00.000,I 285,I 285 and Martin Luther King Jr Dr,,Rear End,3,Cloudy,Dry,Daylight
2022-02-11T15:40:00.000,I 285,I 285 and Martin Luther King Jr Dr,,Rear End,2,Clear,Dry,Daylight
2022-03-28T16:39:00.000,I 285,I 285 and Martin Luther King Jr Dr,,Rear End,2,Clear,Dry,Daylight
2022-03-01T17:00:00.000,I 285,I 285 and Martin Luther King Jr Dr,,Sideswipe-Same Direction,2,Clear,Dry,Daylight
2022-10-10T09:57:00.000,I 285,I 285 and Martin Luther King Jr Dr,,Sideswipe-Same Direction,2,Clear,Dry,Daylight
2022-07-15T17:50:00.000,I 285,I 285 and Martin Luther King Jr Dr,,Sideswipe-Same Direction,2,Clear,Dry,Daylight
2022-03-15T06:38:00.000,I 285,I 285 and Martin Luther King Jr Dr,,Sideswipe-Same Direction,2,Clear,Dry,Dawn
2022-10-13T13:19:00.000,I 285,I 285 and Martin Luther King Jr Dr,,Rear End,2,Clear,Dry,Daylight
2022-11-22T16:25:00.000,I 285,I 285 and Martin Luther King Jr Dr,,Sideswipe-Same Direction,2,Cloudy,Dry,Daylight
2022-06-28T17:49:00.000,I 285,I 285 and Martin Luther King Jr Dr,,Sideswipe-Same Direction,3,Clear,Dry,Daylight
2022-01-28T17:40:00.000,I 285,I 285 and Martin Luther King Jr Dr,,Sideswipe-Same Direction,2,Clear,Dry,Daylight
2022-08-30T19:15:00.000,I 285,I 285 and Martin Luther King Jr Dr,,Rear End,2,Clear,Dry,Daylight
2022-11-17T17:38:00.000,I 285,I 285 and Martin Luther King Jr Dr,,Sideswipe-Same Direction,2,Clear,Dry,Daylight
2022-03-03T16:00:00.000,I 285,I 285 and Martin Luther King Jr Dr,,Sideswipe-Same Direction,3,Clear,Dry,Daylight
2022-11-03T17:41:00.000,I 285,I 285 and Martin Luther King Jr Dr,,Rear End,3,Clear,Dry,Daylight
2023-08-31T14:41:00.000,I 285,I 285 and Martin Luther King Jr Dr,,Rear End,2,Clear,Dry,Daylight
2023-12-11T15:00:00.000,I 285,I 285 and Martin Luther King Jr Dr,,Rear End,2,Clear,Dry,Daylight
2023-01-30T07:15:00.000,I 285,I 285 and Martin Luther King Jr Dr,,Sideswipe-Same Direction,2,Rain,Wet,Daylight
2023-06-30T17:30:00.000,I 285,I 285 and Martin Luther King Jr Dr,,Rear End,2,Cloudy,Dry,Daylight
2024-08-23T16:55:00.000,I 285,I 285 and Martin Luther King Jr Dr,,Rear End,2,Clear,Dry,Daylight
2024-06-02T23:34:00.000,I 285,I 285 and Martin Luther King Jr Dr,,Rear End,2,Rain,Wet,Dark-Lighted
2024-06-06T13:45:00.000,I 285,I 285 and Martin Luther King Jr Dr,,Rear End,2,Cloudy,Wet,Daylight
2024-06-14T14:37:00.000,I 285,I 285 and Martin Luther King Jr Dr,,Rear End,2,Clear,Dry,Daylight
2024-05-24T13:10:00.000,I 285,I 285 and Martin Luther King Jr Dr,,Rear End,2,Clear,Dry,Daylight
2024-12-09T15:50:00.000,I 285,I 285 and Martin Luther King Jr Dr,,Rear End,2,Rain,Wet,Daylight
2024-09-13T18:54:00.000,I 285,I 285 and Martin Luther King Jr Dr,,Rear End,2,Clear,Dry,Daylight
2024-04-11T16:50:00.000,I 285,I 285 and Martin Luther King Jr Dr,,Sideswipe-Same Direction,2,Cloudy,Wet,Daylight
2023-08-28T14:45:00.000,I 285,I 285 and Martin Luther King Jr Dr,,Not a Collision with Motor Vehicle,1,Clear,Dry,Daylight
2023-05-30T12:08:00.000,I 285,I 285 and Martin Luther King Jr Dr,,Rear End,2,Clear,Dry,Daylight
2023-01-02T16:35:00.000,I 285,I 285 and Martin Luther King Jr Dr,,Head On,2,Cloudy,Wet,Daylight
2023-05-15T18:36:00.000,I 285,I 285 and Martin Luther King Jr Dr,,Not a Collision with Motor Vehicle,1,Rain,Wet,Daylight
2023-05-22T18:32:00.000,I 285,I 285 and Martin Luther King Jr Dr,,Rear End,2,Rain,Wet,Daylight
2023-06-26T14:10:00.000,I 285,I 285 and Martin Luther King Jr Dr,,Rear End,2,Clear,Dry,Daylight