Date and Time,Roadway (From Crash Report),Intersection Name (from Crash Report),KABCO Severity,Manner of Collision (Crash Level) ,# of Vehicles per crash ,Weather Conditions (Crash Level),Surface Condition (Crash Level) ,Light Conditions (Crash Level)
2023-10-05T18:02:00.000,I 285,I 285 and Martin Luther King Jr Dr,,Rear End,2,Cloudy,Dry,Daylight
2023-08-31T15:20:00.000,I 285,I 285 and Martin Luther King Jr Dr,,Rear End,4,Clear,Dry,Daylight
2024-08-08T16:48:00.000,I 285,I 285 and Martin Luther King Jr Dr,,Sideswipe-Same Direction,2,Cloudy,Dry,Daylight
2024-08-19T17:37:00.000,I 285,I 285 and Martin Luther King Jr Dr,,Sideswipe-Same Direction,2,Cloudy,Dry,Daylight
2024-07-18T15:43:00.000,I 285,I 285 and Martin Luther King Jr Dr,,Sideswipe-Same Direction,2,Rain,Wet,Daylight
2024-11-12T15:02:00.000,I 285,I 285 and Martin Luther King Jr Dr,,Sideswipe-Same Direction,2,Clear,Dry,Daylight
2024-11-18T10:41:00.000,I 285,I 285 and Martin Luther King Jr Dr,,Rear End,2,Clear,Dry,Daylight
2024-02-29T15:04:00.000,I 285,I 285 and Martin Luther King Jr Dr,,Rear End,2,Clear,Dry,Daylight
2024-07-05T15:40:00.000,I 285,I 285 and Martin Luther King Jr Dr,,Sideswipe-Same Direction,2,Cloudy,Dry,Daylight
2024-12-10T08:05:00.000,I 285,I 285 and Martin Luther King Jr Dr,,Rear End,3,Rain,Wet,Daylight
2024-11-25T13:54:00.000,I 285,I 285 and Martin Luther King Jr Dr,,Not a Collision with Motor Vehicle,2,Cloudy,Dry,Daylight
2024-10-08T10:26:00.000,I 285,I 285 and Martin Luther King Jr Dr,,Sideswipe-Same Direction,2,Clear,Dry,Daylight
2024-11-18T10:20:00.000,I 285,I 285 and Martin Luther King Jr Dr,,Rear End,2,Clear,Dry,Daylight
2024-06-07T17:14:00.000,I 285,I 285 and Martin Luther King Jr Dr,,Sideswipe-Same Direction,2,Cloudy,Dry,Daylight
2024-01-11T07:43:00.000,I 285,I 285 and Martin Luther King Jr Dr,,Rear End,2,Clear,Dry,Daylight
2024-10-31T17:52:00.000,I 285,I 285 and Martin Luther King Jr Dr,,Rear End,2,Clear,Dry,Daylight
2024-07-01T16:47:00.000,I 285,I 285 and Martin Luther King Jr Dr,,Rear End,2,Cloudy,Dry,Daylight
2024-04-02T16:50:00.000,I 285,I 285 and Martin Luther King Jr Dr,,Rear End,2,Cloudy,Dry,Daylight
2024-12-10T06:10:00.000,I 285,I 285 and Martin Luther King Jr Dr,,Rear End,2,Rain,Wet,Dark-Lighted
2024-03-06T19:15:00.000,I 285,I 285 and Martin Luther King Jr Dr,,Not a Collision with Motor Vehicle,1,Clear,Dry,Dark-Not Lighted
2024-09-19T10:05:00.000,I 285,I 285 and Martin Luther King Jr Dr,,Rear End,2,Clear,Dry,Daylight
2024-09-24T06:54:00.000,I 285,I 285 and Martin Luther King Jr Dr,,Rear End,2,Cloudy,Dry,Daylight
2024-09-27T15:27:00.000,I 285,I 285 and Martin Luther King Jr Dr,,Sideswipe-Same Direction,2,Cloudy,Wet,Daylight
2024-12-31T06:25:00.000,I 285,I 285 and Martin Luther King Jr Dr,,Sideswipe-Same Direction,2,Cloudy,Dry,Dark-Lighted
2024-03-22T13:13:00.000,I 285,I 285 and Martin Luther King Jr Dr,,Rear End,2,Rain,Wet,Daylight
2024-03-21T07:28:00.000,I 285,I 285 and Martin Luther King Jr Dr,,Sideswipe-Same Direction,2,Clear,Dry,Daylight
2021-10-05T06:28:00.000,I 285,I 285 and Martin Luther King Jr Boulevar,,Sideswipe-Same Direction,2,Rain,Wet,Dark-Not Lighted
2023-01-26T18:20:00.000,I 285,I 285 and Martin Luther King Jr Blvd,,Rear End,2,Clear,Dry,Daylight
2020-12-11T13:14:00.000,I 285,I 285 and Martin Luther King Jr Blvd,,Rear End,2,Clear,Dry,Daylight
2021-10-15T09:37:00.000,I 285,I 285 and Martin Luther King Jr,,Rear End,3,Clear,Dry,Daylight
2021-10-22T14:17:00.000,I 285,I 285 and Martin Luther King Jr,,Rear End,3,Clear,Dry,Daylight
2020-12-18T14:09:00.000,I 285,I 285 and Martin Luther King Jr,,Rear End,2,Clear,Dry,Daylight
2021-10-22T15:28:00.000,I 285,I 285 and Martin Luther King Jr,,Rear End,2,Clear,Dry,Daylight
2021-11-12T16:21:00.000,I 285,I 285 and Martin Luther King Jr,,Sideswipe-Same Direction,2,Clear,Dry,Daylight
2022-02-08T13:21:00.000,I 285,I 285 and Martin Luther King Jr,,Sideswipe-Same Direction,2,Clear,Dry,Daylight
2022-10-13T18:57:00.000,I 285,I 285 and Martin Luther King Jr,,Rear End,2,Clear,Dry,Dusk
2022-10-11T08:50:00.000,I 285,I 285 and Martin Luther King Jr,,Rear End,2,Cloudy,Dry,Daylight
2024-11-12T15:44:00.000,I 285,I 285 and Martin Luther King Jr,,Rear End,2,Cloudy,Dry,Daylight
2024-11-26T14:33:00.000,I 285,I 285 and Martin Luther King Jr,,Rear End,2,Clear,Dry,Daylight
2024-08-19T16:04:00.000,I 285,I 285 and Martin Luther King Jr,,Sideswipe-Same Direction,2,Cloudy,Dry,Daylight
2023-07-10T07:43:00.000,I 285,I 285 and Martin Luther King Je Dr,,Rear End,2,Rain,Wet,Dark-Lighted
2021-05-25T14:24:00.000,I 285,I 285 and Martin Luther King Dr,,Sideswipe-Same Direction,2,Clear,Dry,Daylight
2020-09-17T15:05:00.000,I 285,I 285 and Martin Luther King Dr,,Sideswipe-Same Direction,2,Rain,Wet,Daylight
2020-01-24T15:48:00.000,I 285,I 285 and Martin Luther King Dr,,Rear End,2,Clear,Dry,Daylight
2021-02-22T16:11:00.000,I 285,I 285 and Martin Luther King Dr,,Sideswipe-Same Direction,3,Clear,Dry,Daylight
2021-12-10T08:54:00.000,I 285,I 285 and Martin Luther King Dr,,Angle Crash,2,Cloudy,Wet,Daylight
2022-12-19T09:09:00.000,I 285,I 285 and Martin Luther King Dr,,Sideswipe-Same Direction,2,Clear,Dry,Daylight
2022-09-16T18:15:00.000,I 285,I 285 and Martin Luther King Dr,,Sideswipe-Same Direction,2,Clear,Dry,Daylight
2024-07-16T10:16:00.000,I 285,I 285 and Martin Luther King Dr,,Sideswipe-Same Direction,2,Clear,Dry,Daylight
2023-11-16T07:26:00.000,I 285,I 285 and Martin Luther King Dr,,Angle Crash,2,Clear,Dry,Daylight
2024-12-02T08:30:00.000,I 285,I 285 and Martin Luther King Dr,,Sideswipe-Same Direction,2,Clear,Dry,Daylight
2024-12-06T18:56:00.000,I 285,I 285 and Martin Luther King Dr,,Rear End,2,Clear,Dry,Daylight
2024-12-19T13:30:00.000,I 285,I 285 and Martin Luther King Dr,,Rear End,2,Clear,Dry,Daylight
2024-02-02T15:30:00.000,I 285,I 285 and Martin Luther King Dr,,Sideswipe-Same Direction,2,Clear,Dry,Daylight
2024-06-18T14:50:00.000,I 285,I 285 and Martin Luther King Dr,,Rear End,2,Clear,Dry,Daylight
2024-11-29T15:23:00.000,I 285,I 285 and Martin Luther King Dr,,Rear End,2,Clear,Dry,Daylight
2024-09-19T08:20:00.000,I 285,I 285 and Martin Luther King Dr,,Rear End,2,Clear,Dry,Daylight
2021-04-14T16:49:00.000,I 285,I 285 and Martin Luther King Blvd,,Sideswipe-Same Direction,2,Rain,Wet,Daylight
2022-06-24T16:45:00.000,I 285,I 285 and Martin Luther King Blvd,,Rear End,2,Cloudy,Dry,Daylight
2022-04-22T08:39:00.000,I 285,I 285 and Martin Luther King Blvd,,Sideswipe-Same Direction,2,Clear,Dry,Daylight
2021-07-01T18:59:00.000,I 285,I 285 and Martin Luther King,,Angle Crash,3,Clear,Dry,Daylight
2021-09-03T18:54:00.000,I 285,I 285 and Martin Luther King,,Rear End,2,Cloudy,Dry,Daylight
2021-12-03T14:43:00.000,I 285,I 285 and Martin Luther King,,Rear End,3,Clear,Dry,Daylight
2022-05-20T07:35:00.000,I 285,I 285 and Martin Luther King,,Rear End,2,Clear,Dry,Daylight
2022-03-10T15:11:00.000,I 285,I 285 and Martin Luther King,,Rear End,2,Clear,Dry,Daylight
2022-03-24T14:55:00.000,I 285,I 285 and Martin Luther King,,Rear End,2,Clear,Dry,Daylight
2024-09-23T07:00:00.000,I 285,I 285 and Martin Luther King,,Sideswipe-Same Direction,2,Clear,Dry,Daylight
2020-11-17T14:04:00.000,I 285,I 285 and Martin Luther Kind Jr Blvd,,Rear End,2,Clear,Dry,Daylight
2023-04-24T06:45:00.000,I 285,I 285 and Martin Luther Kin Jr Dr,,Rear End,2,Clear,Dry,Daylight
2021-07-16T15:00:00.000,I 285,I 285 and Martin Luther Kijg Jr Dr,,Rear End,2,Clear,Dry,Daylight
2022-07-15T19:05:00.000,I 285,I 285 and Martin Luther Jr Dr,,Rear End,2,Clear,Dry,Daylight
2021-02-15T17:40:00.000,I 285,I 285 and Martin Luter King Jr Dr,,Not a Collision with Motor Vehicle,1,Rain,Wet,Daylight
2020-01-21T14:07:00.000,I 285,I 285 and Martin Lurther King Jr Dr,,Rear End,3,Clear,Dry,Daylight
2020-07-24T15:20:00.000,I 285,I 285 and Martin Luhter King Kr Dr,,Sideswipe-Same Direction,4,Clear,Dry,Daylight
2022-01-31T16:20:00.000,I 285,I 285 and Martin Luhter King Jr Drive Ov,,Rear End,3,Clear,Dry,Daylight
2022-01-31T16:00:00.000,I 285,I 285 and Martin Luhter King Jr Drive Ov,,Rear End,3,Clear,Dry,Daylight
2020-01-07T14:11:00.000,I 285,I 285 and Martin Luhter King Jr Dr,,Rear End,2,Clear,Dry,Daylight
2021-01-11T15:57:00.000,I 285,I 285 and Martin L King Jr Dr,,Sideswipe-Same Direction,2,Rain,Wet,Daylight
2021-03-03T11:22:00.000,I 285,I 285 and Martin L King Jr Dr,,Rear End,3,Clear,Dry,Daylight
2021-01-30T13:35:00.000,I 285,I 285 and Martin L King Jr Dr,,Rear End,2,Clear,Dry,Daylight
2021-03-06T16:20:00.000,I 285,I 285 and Martin L King Jr Dr,,Sideswipe-Same Direction,4,Clear,Dry,Daylight
2021-02-18T18:54:00.000,I 285,I 285 and Martin L King Jr Dr,,Rear End,2,Rain,Wet,Dark-Not Lighted
2021-02-25T18:16:00.000,I 285,I 285 and Martin L King Jr Dr,,Rear End,2,Clear,Dry,Daylight
2021-01-02T15:23:00.000,I 285,I 285 and Martin L King Jr Dr,,Sideswipe-Same Direction,2,Clear,Dry,Daylight
2021-01-17T16:05:00.000,I 285,I 285 and Martin L King Jr Dr,,Rear End,2,Clear,Dry,Daylight
2021-01-27T15:24:00.000,I 285,I 285 and Martin L King Jr Dr,,Rear End,2,Clear,Dry,Daylight
2021-01-11T20:47:00.000,I 285,I 285 and Martin L King Jr Dr,,Sideswipe-Same Direction,2,Rain,Wet,Dark-Lighted
2021-02-28T19:36:00.000,I 285,I 285 and Martin L King Jr Dr,,Sideswipe-Same Direction,2,Clear,Dry,Dark-Not Lighted
2021-01-03T13:04:00.000,I 285,I 285 and Martin L King Jr Dr,,Rear End,2,Clear,Dry,Daylight
2021-01-10T21:55:00.000,I 285,I 285 and Martin L King Jr Dr,,Angle Crash,2,Clear,Dry,Dark-Not Lighted
2021-01-26T11:53:00.000,I 285,I 285 and Martin L King Jr Dr,,Sideswipe-Same Direction,2,Clear,Dry,Daylight
2021-03-14T16:58:00.000,I 285,I 285 and Martin L King Jr Dr,,Rear End,2,Clear,Dry,Daylight
2020-02-01T07:37:00.000,I 285,I 285 and Martin L King Jr Dr,,Rear End,2,Clear,Dry,Daylight
2020-01-18T20:52:00.000,I 285,I 285 and Martin L King Jr Dr,,Not a Collision with Motor Vehicle,1,Rain,Wet,Dark-Not Lighted
2020-09-16T00:31:00.000,I 285,I 285 and Martin L King Jr Dr,,Rear End,4,Clear,Dry,Dark-Lighted
2020-10-21T14:16:00.000,I 285,I 285 and Martin L King Jr Dr,,Angle Crash,2,Clear,Dry,Daylight
2020-11-08T14:35:00.000,I 285,I 285 and Martin L King Jr Dr,,Rear End,2,Cloudy,Dry,Daylight
2023-12-26T16:00:00.000,I 285,I 285 and Martin L King Jr Dr,,Rear End,2,Clear,Wet,Daylight
2023-06-02T15:55:00.000,I 285,I 285 and Martin L King Jr Dr,,Rear End,2,Clear,Dry,Daylight
2023-02-16T13:30:00.000,I 285,I 285 and Martin L King Jr Dr,,Sideswipe-Same Direction,2,Clear,Dry,Daylight
2023-01-17T11:29:00.000,I 285,I 285 and Martin L King Jr Dr,,Rear End,2,Clear,Wet,Daylight
2023-09-26T18:39:00.000,I 285,I 285 and Martin L King Jr Dr,,Sideswipe-Same Direction,3,Clear,Dry,Daylight
2020-05-29T18:46:00.000,I 285,I 285 and Martin L King Jr Dr,,Rear End,2,Clear,Dry,Daylight
2020-07-05T21:57:00.000,I 285,I 285 and Martin L King Jr Dr,,Sideswipe-Same Direction,2,Clear,Dry,Dark-Lighted
2020-05-03T14:28:00.000,I 285,I 285 and Martin L King Jr Dr,,Rear End,2,Clear,Dry,Daylight
2020-06-22T03:06:00.000,I 285,I 285 and Martin L King Jr Dr,,Not a Collision with Motor Vehicle,1,Clear,Dry,Dark-Not Lighted
2020-11-25T20:49:00.000,I 285,I 285 and Martin L King Jr Dr,,Sideswipe-Same Direction,2,Cloudy,Wet,Dark-Lighted
2020-10-17T12:53:00.000,I 285,I 285 and Martin L King Jr Dr,,Rear End,2,Clear,Dry,Daylight
2020-11-18T16:01:00.000,I 285,I 285 and Martin L King Jr Dr,,Rear End,2,Clear,Dry,Daylight
2020-09-06T21:17:00.000,I 285,I 285 and Martin L King Jr Dr,,Rear End,2,Clear,Dry,Dark-Lighted
2020-02-15T16:07:00.000,I 285,I 285 and Martin L King Jr Dr,,Angle Crash,2,Clear,Dry,Daylight
2020-08-05T15:54:00.000,I 285,I 285 and Martin L King Jr Dr,,Angle Crash,3,Clear,Dry,Daylight
2020-05-27T22:01:00.000,I 285,I 285 and Martin L King Jr Dr,,Not a Collision with Motor Vehicle,1,Rain,Wet,Dark-Not Lighted
2020-10-21T17:11:00.000,I 285,I 285 and Martin L King Jr Dr,,Rear End,2,Clear,Dry,Daylight
2020-09-02T18:05:00.000,I 285,I 285 and Martin L King Jr Dr,,Sideswipe-Same Direction,2,Clear,Dry,Daylight
2020-08-22T21:27:00.000,I 285,I 285 and Martin L King Jr Dr,,Rear End,2,Cloudy,Wet,Dark-Not Lighted
2020-09-06T23:15:00.000,I 285,I 285 and Martin L King Jr Dr,,Not a Collision with Motor Vehicle,1,Clear,Dry,Dark-Lighted
2020-02-22T20:07:00.000,I 285,I 285 and Martin L King Jr Dr,,Rear End,5,Clear,Dry,Dark-Lighted
2020-10-04T22:46:00.000,I 285,I 285 and Martin L King Jr Dr,,Sideswipe-Same Direction,2,Clear,Dry,Dark-Not Lighted
2020-09-16T12:07:00.000,I 285,I 285 and Martin L King Jr Dr,,Sideswipe-Same Direction,2,Rain,Wet,Daylight
2020-11-14T04:36:00.000,I 285,I 285 and Martin L King Jr Dr,,Rear End,2,Clear,Dry,Dark-Lighted
2020-07-21T23:54:00.000,I 285,I 285 and Martin L King Jr Dr,,Sideswipe-Same Direction,2,Clear,Dry,Daylight
2020-11-29T20:56:00.000,I 285,I 285 and Martin L King Jr Dr,,Not a Collision with Motor Vehicle,1,Rain,Wet,Dark-Not Lighted
2020-09-26T17:25:00.000,I 285,I 285 and Martin L King Jr Dr,,Rear End,2,Clear,Dry,Daylight
2020-08-30T16:45:00.000,I 285,I 285 and Martin L King Jr Dr,,Angle Crash,2,Rain,Wet,Dusk
2020-06-06T23:37:00.000,I 285,I 285 and Martin L King Jr Dr,,Rear End,4,Clear,Dry,Dusk
2020-09-19T06:50:00.000,I 285,I 285 and Martin L King Jr Dr,,Sideswipe-Same Direction,2,Clear,Dry,Dark-Lighted
2020-12-07T20:10:00.000,I 285,I 285 and Martin L King Jr Dr,,Sideswipe-Same Direction,2,Clear,Dry,Dark-Not Lighted
2020-01-24T06:36:00.000,I 285,I 285 and Martin L King Jr Dr,,Sideswipe-Same Direction,2,Rain,Wet,Dark-Lighted
2020-03-14T06:29:00.000,I 285,I 285 and Martin L King Jr Dr,,Rear End,2,Clear,Dry,Daylight
2020-12-30T18:58:00.000,I 285,I 285 and Martin L King Jr Dr,,(None),2,Clear,Dry,Dark-Lighted
2020-12-15T19:25:00.000,I 285,I 285 and Martin L King Jr Dr,,Sideswipe-Same Direction,2,Clear,Dry,Dark-Lighted
2020-09-27T22:02:00.000,I 285,I 285 and Martin L King Jr Dr,,Rear End,3,Clear,Dry,Dark-Lighted
2020-02-27T15:31:00.000,I 285,I 285 and Martin L King Jr Dr,,Rear End,2,Clear,Dry,Daylight
2020-06-22T22:48:00.000,I 285,I 285 and Martin L King Jr Dr,,Sideswipe-Same Direction,2,Clear,Dry,Dark-Not Lighted
2020-05-07T23:56:00.000,I 285,I 285 and Martin L King Jr Dr,,Angle Crash,2,Clear,Dry,Dark-Lighted
2020-10-04T20:16:00.000,I 285,I 285 and Martin L King Jr Dr,,Rear End,2,Clear,Dry,Dark-Lighted
2020-04-08T02:53:00.000,I 285,I 285 and Martin L King Jr Dr,,Rear End,2,Clear,Dry,Dark-Not Lighted
2020-09-30T23:50:00.000,I 285,I 285 and Martin L King Jr Dr,,Sideswipe-Same Direction,2,Clear,Dry,Dark-Lighted
2020-09-16T22:45:00.000,I 285,I 285 and Martin L King Jr Dr,,Not a Collision with Motor Vehicle,1,Rain,Water (standing or moving),Dark-Lighted
2020-04-13T05:20:00.000,I 285,I 285 and Martin L King Jr Dr,,Not a Collision with Motor Vehicle,1,Rain,Wet,Dark-Lighted
2020-11-07T18:22:00.000,I 285,I 285 and Martin L King Jr Dr,,Angle Crash,3,Clear,Dry,Dark-Lighted
2020-06-17T12:35:00.000,I 285,I 285 and Martin L King Jr Dr,,Angle Crash,2,Cloudy,Dry,Daylight
2020-01-04T16:40:00.000,I 285,I 285 and Martin L King Jr Dr,,Rear End,2,Clear,Dry,Dusk
2020-10-10T10:01:00.000,I 285,I 285 and Martin L King Jr Dr,,Angle Crash,2,Cloudy,Wet,Daylight
2020-08-23T03:04:00.000,I 285,I 285 and Martin L King Jr Dr,,Not a Collision with Motor Vehicle,1,Clear,Dry,Dark-Lighted
2020-07-31T01:26:00.000,I 285,I 285 and Martin L King Jr Dr,,Not a Collision with Motor Vehicle,1,Clear,Dry,Dark-Lighted
2020-12-18T23:16:00.000,I 285,I 285 and Martin L King Jr Dr,,Sideswipe-Same Direction,2,Clear,Dry,Dark-Not Lighted
2020-11-23T21:28:00.000,I 285,I 285 and Martin L King Jr Dr,,Angle Crash,2,Clear,Dry,Dark-Lighted
2020-09-12T06:47:00.000,I 285,I 285 and Martin L King Jr Dr,,Angle Crash,2,Clear,Dry,Daylight
2020-01-24T11:09:00.000,I 285,I 285 and Martin L King Jr Dr,,Sideswipe-Same Direction,2,Rain,Wet,Daylight
2020-09-13T13:05:00.000,I 285,I 285 and Martin L King Jr Dr,,Rear End,3,Clear,Dry,Daylight
2020-07-15T16:31:00.000,I 285,I 285 and Martin L King Jr Dr,,Angle Crash,6,Cloudy,Dry,Daylight
2020-10-17T11:27:00.000,I 285,I 285 and Martin L King Jr Dr,,Rear End,2,Clear,Dry,Daylight
2020-09-02T16:03:00.000,I 285,I 285 and Martin L King Jr Dr,,Not a Collision with Motor Vehicle,1,Clear,Dry,Daylight
2020-06-06T15:31:00.000,I 285,I 285 and Martin L King Jr Dr,,Rear End,2,Clear,Dry,Daylight
2020-07-12T02:45:00.000,I 285,I 285 and Martin L King Jr Dr,,Rear End,2,Clear,Dry,Dark-Lighted
2020-12-30T17:27:00.000,I 285,I 285 and Martin L King Jr Dr,,Sideswipe-Same Direction,2,Clear,Dry,Dusk
2020-12-13T15:32:00.000,I 285,I 285 and Martin L King Jr Dr,,Sideswipe-Same Direction,2,Clear,Dry,Daylight
2020-03-22T14:20:00.000,I 285,I 285 and Martin L King Jr Dr,,Rear End,2,Cloudy,Dry,Daylight
2020-05-03T16:53:00.000,I 285,I 285 and Martin L King Jr Dr,,Rear End,2,Clear,Dry,Daylight
2020-01-17T22:58:00.000,I 285,I 285 and Martin L King Jr Dr,,Rear End,2,Clear,Dry,Dark-Not Lighted
2020-11-11T21:23:00.000,I 285,I 285 and Martin L King Jr Dr,,Rear End,2,Rain,Wet,Dark-Lighted
2020-10-20T19:54:00.000,I 285,I 285 and Martin L King Jr Dr,,Rear End,2,Clear,Dry,Dark-Lighted
2020-01-16T08:58:00.000,I 285,I 285 and Martin L King Jr Dr,,Rear End,2,Cloudy,Dry,Daylight
2020-09-12T20:37:00.000,I 285,I 285 and Martin L King Jr Dr,,Angle Crash,2,Clear,Dry,Dark-Not Lighted
2020-11-16T05:46:00.000,I 285,I 285 and Martin L King Jr Dr,,Sideswipe-Same Direction,2,Clear,Dry,Dark-Lighted
2020-09-26T20:42:00.000,I 285,I 285 and Martin L King Jr Dr,,Rear End,2,Clear,Dry,Dusk
2020-01-13T19:34:00.000,I 285,I 285 and Martin L King Jr Dr,,Rear End,2,Clear,Wet,Dark-Lighted
2020-02-13T19:30:00.000,I 285,I 285 and Martin L King Jr Dr,,Rear End,2,Clear,Dry,Dark-Lighted
2020-02-05T18:19:00.000,I 285,I 285 and Martin L King Jr Dr,,Rear End,2,Rain,Wet,Dark-Lighted
2020-09-26T00:05:00.000,I 285,I 285 and Martin L King Jr Dr,,Sideswipe-Same Direction,2,Clear,Dry,Dark-Lighted
2020-07-04T23:46:00.000,I 285,I 285 and Martin L King Jr Dr,,Angle Crash,2,Clear,Dry,Dark-Lighted
2020-12-15T02:21:00.000,I 285,I 285 and Martin L King Jr Dr,,Rear End,3,Clear,Dry,Dark-Lighted
2020-10-08T11:17:00.000,I 285,I 285 and Martin L King Jr Dr,,Not a Collision with Motor Vehicle,2,Clear,Dry,Daylight
2020-01-19T15:49:00.000,I 285,I 285 and Martin L King Jr Dr,,Rear End,2,Clear,Dry,Daylight
2020-09-20T09:04:00.000,I 285,I 285 and Martin L King Jr Dr,,Sideswipe-Same Direction,2,Clear,Dry,Daylight
2020-10-20T21:11:00.000,I 285,I 285 and Martin L King Jr Dr,,Rear End,2,Clear,Dry,Daylight
2020-01-04T20:48:00.000,I 285,I 285 and Martin L King Jr Dr,,Angle Crash,2,Clear,Dry,Dark-Lighted
2020-02-05T17:03:00.000,I 285,I 285 and Martin L King Jr Dr,,Rear End,2,Cloudy,Wet,Daylight
2020-10-11T13:32:00.000,I 285,I 285 and Martin L King Jr Dr,,Sideswipe-Same Direction,2,Clear,Dry,Daylight
2020-11-14T00:28:00.000,I 285,I 285 and Martin L King Jr Dr,,Sideswipe-Same Direction,2,Clear,Dry,Dark-Lighted
2020-09-23T23:23:00.000,I 285,I 285 and Martin L King Jr Dr,,Sideswipe-Same Direction,2,Clear,Dry,Dark-Lighted
2020-07-11T11:20:00.000,I 285,I 285 and Martin L King Jr Dr,,Rear End,2,Clear,Dry,Daylight
2020-03-08T15:52:00.000,I 285,I 285 and Martin L King Jr Dr,,Rear End,2,Clear,Dry,Daylight
2020-01-23T09:21:00.000,I 285,I 285 and Martin L King Jr Dr,,Angle Crash,2,Rain,Wet,Daylight
2020-07-22T23:47:00.000,I 285,I 285 and Martin L King Jr Dr,,Sideswipe-Same Direction,2,Clear,Dry,Dark-Lighted
2020-11-07T00:53:00.000,I 285,I 285 and Martin L King Jr Dr,,Head On,2,Clear,Dry,Dark-Lighted
2020-02-19T15:45:00.000,I 285,I 285 and Martin L King Jr Dr,,Rear End,2,Cloudy,Dry,Daylight
2020-10-10T20:41:00.000,I 285,I 285 and Martin L King Jr Dr,,Not a Collision with Motor Vehicle,1,Rain,Wet,Dark-Lighted
2021-01-10T16:58:00.000,I 285,I 285 and Martin L King Jr Dr,,Rear End,2,Clear,Dry,Daylight
2021-02-12T03:00:00.000,I 285,I 285 and Martin L King Jr Dr,,Sideswipe-Same Direction,2,Cloudy,Wet,Dark-Lighted
2021-01-09T19:59:00.000,I 285,I 285 and Martin L King Jr Dr,,Rear End,2,Clear,Dry,Dark-Lighted
2021-02-12T03:54:00.000,I 285,I 285 and Martin L King Jr Dr,,Head On,2,Clear,Dry,Daylight
2021-03-03T17:01:00.000,I 285,I 285 and Martin L King Jr Dr,,Rear End,2,Clear,Dry,Daylight
2021-01-09T16:18:00.000,I 285,I 285 and Martin L King Jr Dr,,Rear End,2,Clear,Dry,Daylight
2021-03-14T16:14:00.000,I 285,I 285 and Martin L King Jr Dr,,Rear End,2,Clear,Dry,Daylight
2021-01-06T13:10:00.000,I 285,I 285 and Martin L King Jr Dr,,Angle Crash,3,Clear,Dry,Daylight
2024-10-25T16:08:00.000,I 285,I 285 and Martin L King Jr Dr,,Sideswipe-Same Direction,2,Clear,Dry,Daylight
2024-09-13T16:40:00.000,I 285,I 285 and Martin L King Jr Dr,,Rear End,2,Clear,Dry,Daylight
2023-10-09T15:44:00.000,I 285,I 285 and Martin L King Jr Dr,,Rear End,2,Clear,Dry,Daylight
2023-05-18T18:40:00.000,I 285,I 285 and Martin L King Jr Dr,,Rear End,2,Clear,Dry,Daylight
2024-04-22T17:49:00.000,I 285,I 285 and Martin L King Jr Dr,,Rear End,3,Clear,Dry,Daylight
2024-06-11T18:26:00.000,I 285,I 285 and Martin L King Jr Dr,,Rear End,3,Clear,Dry,Daylight
2024-03-22T15:50:00.000,I 285,I 285 and Martin L King Jr Dr,,Rear End,2,Clear,Wet,Daylight
2024-01-15T13:52:00.000,I 285,I 285 and Martin L King Jr Dr,,Rear End,2,Clear,Dry,Daylight
2024-10-25T14:34:00.000,I 285,I 285 and Martin L King Jr Dr,,Sideswipe-Same Direction,2,Clear,Dry,Daylight
2024-08-15T16:15:00.000,I 285,I 285 and Martin L King Jr Dr,,Rear End,2,Clear,Dry,Daylight
2022-11-29T17:12:00.000,I 285,I 285 and Martin L King Jr Blvd,,Rear End,2,Clear,Dry,Daylight
2022-03-22T16:17:00.000,I 285,I 285 and Martin Kuther King Jr Dr,,Rear End,2,Clear,Dry,Daylight
2024-12-10T07:00:00.000,I 285,I 285 and Marthin Luther King Jr Dr,,Rear End,2,Cloudy,Wet,Dark-Not Lighted
2022-05-21T16:36:00.000,I 285,I 285 and Maplewood Dr,,Rear End,2,Clear,Dry,Daylight
2024-04-25T17:30:00.000,I 285,I 285 and Maplewood Dr,,Sideswipe-Same Direction,2,Clear,Dry,Daylight
2024-12-23T10:40:00.000,I 285,I 285 and Maplewood Dr,,Not a Collision with Motor Vehicle,2,Clear,Dry,Daylight