Date and Time,Roadway (From Crash Report),Intersection Name (from Crash Report),KABCO Severity,Manner of Collision (Crash Level) ,# of Vehicles per crash ,Weather Conditions (Crash Level),Surface Condition (Crash Level) ,Light Conditions (Crash Level)
2021-03-25T10:00:00.000,I 285,I 285 and Lawrenceville Hwy,,Rear End,2,Cloudy,Wet,Daylight
2021-06-01T14:35:00.000,I 285,I 285 and Lawrenceville Hwy,,Angle Crash,2,Cloudy,Dry,Daylight
2021-05-25T17:55:00.000,I 285,I 285 and Lawrenceville Hwy,,Rear End,2,Clear,Dry,Daylight
2021-04-21T15:19:00.000,I 285,I 285 and Lawrenceville Hwy,,Sideswipe-Same Direction,2,Clear,Dry,Daylight
2021-04-15T16:10:00.000,I 285,I 285 and Lawrenceville Hwy,,Angle Crash,2,Clear,Dry,Daylight
2021-06-07T08:35:00.000,I 285,I 285 and Lawrenceville Hwy,,Angle Crash,2,Cloudy,Wet,Daylight
2021-01-18T13:00:00.000,I 285,I 285 and Lawrenceville Hwy,,Sideswipe-Same Direction,2,Clear,Dry,Daylight
2021-12-07T10:29:00.000,I 285,I 285 and Lawrenceville Hwy,,Sideswipe-Same Direction,2,Cloudy,Dry,Daylight
2021-09-16T17:59:00.000,I 285,I 285 and Lawrenceville Hwy,,Rear End,2,Cloudy,Dry,Daylight
2021-08-19T11:00:00.000,I 285,I 285 and Lawrenceville Hwy,,Not a Collision with Motor Vehicle,1,Clear,Dry,Daylight
2021-12-02T14:43:00.000,I 285,I 285 and Lawrenceville Hwy,,Angle Crash,2,Clear,Dry,Daylight
2021-12-08T07:30:00.000,I 285,I 285 and Lawrenceville Hwy,,Rear End,2,Rain,Wet,Daylight
2021-09-11T16:00:00.000,I 285,I 285 and Lawrenceville Hwy,,Sideswipe-Same Direction,2,Clear,Dry,Daylight
2021-12-30T10:45:00.000,I 285,I 285 and Lawrenceville Hwy,,Rear End,2,Rain,Wet,Daylight
2021-09-17T14:30:00.000,I 285,I 285 and Lawrenceville Hwy,,Rear End,2,Cloudy,Dry,Daylight
2021-12-17T18:20:00.000,I 285,I 285 and Lawrenceville Hwy,,Angle Crash,2,Clear,Dry,Dark-Not Lighted
2021-07-16T17:15:00.000,I 285,I 285 and Lawrenceville Hwy,,Rear End,2,Clear,Dry,Daylight
2021-10-07T17:19:00.000,I 285,I 285 and Lawrenceville Hwy,,Rear End,2,Clear,Dry,Daylight
2021-11-03T15:59:00.000,I 285,I 285 and Lawrenceville Hwy,,Sideswipe-Same Direction,2,Cloudy,Dry,Daylight
2021-09-15T10:27:00.000,I 285,I 285 and Lawrenceville Hwy,,Sideswipe-Same Direction,2,Cloudy,Dry,Daylight
2021-10-28T08:00:00.000,I 285,I 285 and Lawrenceville Hwy,,Sideswipe-Same Direction,2,Rain,Wet,Daylight
2021-08-05T14:50:00.000,I 285,I 285 and Lawrenceville Hwy,,Angle Crash,2,Clear,Dry,Daylight
2022-05-16T18:10:00.000,I 285,I 285 and Lawrenceville Hwy,,Rear End,2,Clear,Dry,Daylight
2022-01-21T18:25:00.000,I 285,I 285 and Lawrenceville Hwy,,Angle Crash,2,Clear,Dry,Dark-Not Lighted
2022-01-11T00:00:00.000,I 285,I 285 and Lawrenceville Hwy,,Sideswipe-Same Direction,2,Clear,Dry,Daylight
2022-11-11T13:38:00.000,I 285,I 285 and Lawrenceville Hwy,,Rear End,2,Rain,Wet,Daylight
2022-09-01T06:35:00.000,I 285,I 285 and Lawrenceville Hwy,,Sideswipe-Same Direction,2,Clear,Dry,Dark-Not Lighted
2021-12-07T16:00:00.000,I 285,I 285 and Lawrenceville Hwy,,Rear End,2,Clear,Dry,Daylight
2021-07-09T13:10:00.000,I 285,I 285 and Lawrenceville Hwy,,Rear End,5,Clear,Dry,Daylight
2021-11-17T09:05:00.000,I 285,I 285 and Lawrenceville Hwy,,Rear End,2,Clear,Dry,Daylight
2021-07-20T23:10:00.000,I 285,I 285 and Lawrenceville Hwy,,Angle Crash,2,Rain,Wet,Dark-Not Lighted
2021-09-15T07:55:00.000,I 285,I 285 and Lawrenceville Hwy,,Sideswipe-Same Direction,2,Cloudy,Dry,Daylight
2022-03-15T12:45:00.000,I 285,I 285 and Lawrenceville Hwy,,Angle Crash,2,Clear,Dry,Daylight
2022-06-24T13:45:00.000,I 285,I 285 and Lawrenceville Hwy,,Angle Crash,2,Clear,Dry,Daylight
2022-08-02T14:48:00.000,I 285,I 285 and Lawrenceville Hwy,,Sideswipe-Same Direction,2,Clear,Dry,Daylight
2022-02-06T13:15:00.000,I 285,I 285 and Lawrenceville Hwy,,Not a Collision with Motor Vehicle,1,Clear,Dry,Daylight
2022-09-26T16:05:00.000,I 285,I 285 and Lawrenceville Hwy,,Rear End,2,Clear,Dry,Daylight
2022-02-04T08:15:00.000,I 285,I 285 and Lawrenceville Hwy,,Rear End,2,Rain,Wet,Dark-Lighted
2022-05-15T20:55:00.000,I 285,I 285 and Lawrenceville Hwy,,Rear End,2,Rain,Wet,Dark-Not Lighted
2022-04-18T10:21:00.000,I 285,I 285 and Lawrenceville Hwy,,Rear End,2,Clear,Wet,Daylight
2022-08-11T09:30:00.000,I 285,I 285 and Lawrenceville Hwy,,Rear End,3,Cloudy,Dry,Daylight
2022-11-14T18:50:00.000,I 285,I 285 and Lawrenceville Hwy,,Sideswipe-Same Direction,2,Clear,Dry,Daylight
2022-05-05T15:30:00.000,I 285,I 285 and Lawrenceville Hwy,,Rear End,2,Clear,Dry,Daylight
2022-03-04T17:40:00.000,I 285,I 285 and Lawrenceville Hwy,,Sideswipe-Same Direction,2,Clear,Dry,Daylight
2022-08-18T16:35:00.000,I 285,I 285 and Lawrenceville Hwy,,Sideswipe-Same Direction,2,Cloudy,Dry,Daylight
2022-11-18T16:00:00.000,I 285,I 285 and Lawrenceville Hwy,,Rear End,2,Clear,Dry,Daylight
2022-07-07T01:20:00.000,I 285,I 285 and Lawrenceville Hwy,,Angle Crash,2,Rain,Wet,Dark-Not Lighted
2022-11-10T06:30:00.000,I 285,I 285 and Lawrenceville Hwy,,Angle Crash,2,Clear,Dry,Daylight
2022-08-30T18:30:00.000,I 285,I 285 and Lawrenceville Hwy,,Sideswipe-Same Direction,2,Cloudy,Wet,Daylight
2022-04-23T13:00:00.000,I 285,I 285 and Lawrenceville Hwy,,Sideswipe-Same Direction,2,Clear,Dry,Daylight
2022-05-23T07:25:00.000,I 285,I 285 and Lawrenceville Hwy,,Angle Crash,2,Rain,Wet,Daylight
2022-11-25T03:30:00.000,I 285,I 285 and Lawrenceville Hwy,,Angle Crash,2,Rain,Wet,Dark-Not Lighted
2022-06-16T17:50:00.000,I 285,I 285 and Lawrenceville Hwy,,Sideswipe-Same Direction,2,Clear,Dry,Daylight
2022-06-13T06:15:00.000,I 285,I 285 and Lawrenceville Hwy,,Not a Collision with Motor Vehicle,2,Clear,Dry,Daylight
2022-07-29T12:30:00.000,I 285,I 285 and Lawrenceville Hwy,,Sideswipe-Same Direction,2,Clear,Dry,Daylight
2022-05-23T15:00:00.000,I 285,I 285 and Lawrenceville Hwy,,Not a Collision with Motor Vehicle,1,Clear,Dry,Daylight
2021-12-21T03:30:00.000,I 285,I 285 and Lawrenceville Hwy,,Sideswipe-Same Direction,2,Clear,Dry,Dark-Not Lighted
2021-11-04T20:54:00.000,I 285,I 285 and Lawrenceville Hwy,,Sideswipe-Same Direction,2,Clear,Dry,Daylight
2021-09-02T12:36:00.000,I 285,I 285 and Lawrenceville Hwy,,Rear End,2,Clear,Dry,Daylight
2022-02-20T15:30:00.000,I 285,I 285 and Lawrenceville Hwy,,Sideswipe-Same Direction,2,Clear,Dry,Daylight
2022-01-28T22:00:00.000,I 285,I 285 and Lawrenceville Hwy,,Not a Collision with Motor Vehicle,1,Clear,Dry,Dark-Lighted
2022-02-13T01:13:00.000,I 285,I 285 and Lawrenceville Hwy,,Angle Crash,2,Clear,Dry,Dark-Not Lighted
2022-05-12T18:25:00.000,I 285,I 285 and Lawrenceville Hwy,,Sideswipe-Same Direction,2,Clear,Dry,Daylight
2022-04-29T23:15:00.000,I 285,I 285 and Lawrenceville Hwy,,Not a Collision with Motor Vehicle,1,Clear,Dry,Dark-Not Lighted
2022-11-11T23:20:00.000,I 285,I 285 and Lawrenceville Hwy,,Angle Crash,2,Cloudy,Dry,Dark-Not Lighted
2022-06-09T15:10:00.000,I 285,I 285 and Lawrenceville Hwy,,Rear End,2,Clear,Dry,Daylight
2022-03-03T17:00:00.000,I 285,I 285 and Lawrenceville Hwy,,Rear End,2,Clear,Dry,Daylight
2022-04-18T14:08:00.000,I 285,I 285 and Lawrenceville Hwy,,Sideswipe-Same Direction,2,Clear,Dry,Daylight
2022-06-03T13:00:00.000,I 285,I 285 and Lawrenceville Hwy,,Sideswipe-Same Direction,2,Clear,Dry,Daylight
2022-04-26T17:25:00.000,I 285,I 285 and Lawrenceville Hwy,,Rear End,2,Clear,Dry,Daylight
2022-05-06T13:15:00.000,I 285,I 285 and Lawrenceville Hwy,,Rear End,2,Clear,Dry,Daylight
2022-10-20T12:45:00.000,I 285,I 285 and Lawrenceville Hwy,,Sideswipe-Same Direction,2,Clear,Dry,Daylight
2022-05-31T13:40:00.000,I 285,I 285 and Lawrenceville Hwy,,Sideswipe-Same Direction,2,Cloudy,Dry,Daylight
2022-07-10T21:04:00.000,I 285,I 285 and Lawrenceville Hwy,,Not a Collision with Motor Vehicle,1,Clear,Dry,Dark-Lighted
2022-11-12T18:28:00.000,I 285,I 285 and Lawrenceville Hwy,,Rear End,3,Clear,Dry,Dark-Not Lighted
2022-08-13T15:53:00.000,I 285,I 285 and Lawrenceville Hwy,,Sideswipe-Same Direction,2,Clear,Dry,Daylight
2022-09-13T09:40:00.000,I 285,I 285 and Lawrenceville Hwy,,Rear End,2,Clear,Dry,Daylight
2022-08-31T17:21:00.000,I 285,I 285 and Lawrenceville Hwy,,Sideswipe-Same Direction,2,Clear,Dry,Daylight
2022-04-01T10:41:00.000,I 285,I 285 and Lawrenceville Hwy,,Rear End,2,Clear,Dry,Daylight
2022-03-12T02:30:00.000,I 285,I 285 and Lawrenceville Hwy,,Not a Collision with Motor Vehicle,1,Rain,Wet,Dark-Lighted
2022-06-02T09:15:00.000,I 285,I 285 and Lawrenceville Hwy,,Sideswipe-Same Direction,2,Clear,Dry,Daylight
2022-07-06T15:45:00.000,I 285,I 285 and Lawrenceville Hwy,,Not a Collision with Motor Vehicle,1,Clear,Dry,Daylight
2022-03-08T18:30:00.000,I 285,I 285 and Lawrenceville Hwy,,Rear End,2,Rain,Wet,Dark-Not Lighted
2022-04-20T07:30:00.000,I 285,I 285 and Lawrenceville Hwy,,Angle Crash,3,Clear,Dry,Daylight
2022-04-06T06:50:00.000,I 285,I 285 and Lawrenceville Hwy,,Rear End,2,Rain,Wet,Dawn
2022-06-05T22:11:00.000,I 285,I 285 and Lawrenceville Hwy,,Not a Collision with Motor Vehicle,1,Clear,Dry,Dark-Not Lighted
2022-11-11T12:57:00.000,I 285,I 285 and Lawrenceville Hwy,,Rear End,2,Cloudy,Wet,Daylight
2022-11-17T15:21:00.000,I 285,I 285 and Lawrenceville Hwy,,Rear End,2,Clear,Dry,Daylight
2022-04-22T04:30:00.000,I 285,I 285 and Lawrenceville Hwy,,Not a Collision with Motor Vehicle,2,Clear,Dry,Dark-Not Lighted
2022-04-19T15:44:00.000,I 285,I 285 and Lawrenceville Hwy,,Not a Collision with Motor Vehicle,1,Clear,Dry,Daylight
2022-09-06T08:10:00.000,I 285,I 285 and Lawrenceville Hwy,,Rear End,2,Clear,Dry,Daylight
2022-02-08T22:52:00.000,I 285,I 285 and Lawrenceville Hwy,,Sideswipe-Same Direction,2,Clear,Dry,Dark-Not Lighted
2022-12-13T17:29:00.000,I 285,I 285 and Lawrenceville Hwy,,Rear End,2,Cloudy,Dry,Dark-Not Lighted
2022-02-06T01:40:00.000,I 285,I 285 and Lawrenceville Hwy,,Not a Collision with Motor Vehicle,1,Clear,Dry,Dark-Not Lighted
2022-12-11T19:41:00.000,I 285,I 285 and Lawrenceville Hwy,,Sideswipe-Same Direction,2,Rain,Wet,Dark-Not Lighted
2022-03-26T20:45:00.000,I 285,I 285 and Lawrenceville Hwy,,Sideswipe-Same Direction,2,Clear,Dry,Dark-Not Lighted
2022-02-25T12:40:00.000,I 285,I 285 and Lawrenceville Hwy,,Angle Crash,2,Cloudy,Dry,Daylight
2022-01-11T13:24:00.000,I 285,I 285 and Lawrenceville Hwy,,Rear End,2,Clear,Dry,Daylight
2022-05-03T11:00:00.000,I 285,I 285 and Lawrenceville Hwy,,Angle Crash,2,Clear,Dry,Daylight
2022-05-18T13:47:00.000,I 285,I 285 and Lawrenceville Hwy,,Rear End,2,Clear,Dry,Daylight
2022-04-07T17:15:00.000,I 285,I 285 and Lawrenceville Hwy,,Sideswipe-Same Direction,2,Clear,Dry,Daylight
2022-11-29T06:57:00.000,I 285,I 285 and Lawrenceville Hwy,,Rear End,3,Clear,Dry,Daylight
2022-07-03T00:18:00.000,I 285,I 285 and Lawrenceville Hwy,,Angle Crash,3,Clear,Dry,Dark-Lighted
2022-11-18T17:21:00.000,I 285,I 285 and Lawrenceville Hwy,,Sideswipe-Same Direction,2,Clear,Dry,Daylight
2022-12-22T12:05:00.000,I 285,I 285 and Lawrenceville Hwy,,Rear End,2,Cloudy,Dry,Daylight
2022-12-29T09:45:00.000,I 285,I 285 and Lawrenceville Hwy,,Rear End,2,Clear,Dry,Daylight
2022-10-21T16:00:00.000,I 285,I 285 and Lawrenceville Hwy,,Sideswipe-Same Direction,2,Clear,Dry,Daylight
2022-09-02T17:15:00.000,I 285,I 285 and Lawrenceville Hwy,,Rear End,2,Clear,Dry,Daylight
2022-07-29T10:25:00.000,I 285,I 285 and Lawrenceville Hwy,,Rear End,2,Clear,Dry,Daylight
2022-09-28T09:48:00.000,I 285,I 285 and Lawrenceville Hwy,,Rear End,3,Clear,Dry,Daylight
2022-10-11T14:26:00.000,I 285,I 285 and Lawrenceville Hwy,,Sideswipe-Same Direction,2,Clear,Dry,Daylight
2022-07-18T12:53:00.000,I 285,I 285 and Lawrenceville Hwy,,Rear End,3,Cloudy,Dry,Daylight
2022-09-08T11:40:00.000,I 285,I 285 and Lawrenceville Hwy,,Not a Collision with Motor Vehicle,1,Clear,Dry,Daylight
2022-09-28T18:00:00.000,I 285,I 285 and Lawrenceville Hwy,,Rear End,2,Clear,Dry,Daylight
2022-10-18T12:48:00.000,I 285,I 285 and Lawrenceville Hwy,,Rear End,2,Clear,Dry,Daylight
2023-12-11T20:03:00.000,I 285,I 285 and Lawrenceville Hwy,,Angle Crash,2,Clear,Dry,Dark-Not Lighted
2023-07-14T07:55:00.000,I 285,I 285 and Lawrenceville Hwy,,Sideswipe-Same Direction,2,Cloudy,Ice/Frost,Daylight
2023-12-15T13:08:00.000,I 285,I 285 and Lawrenceville Hwy,,Rear End,2,Clear,Dry,Daylight
2023-04-15T00:00:00.000,I 285,I 285 and Lawrenceville Hwy,,Rear End,3,Clear,Dry,Daylight
2024-12-31T12:28:00.000,I 285,I 285 and Lawrenceville Hwy,,Sideswipe-Same Direction,2,Clear,Dry,Daylight
2024-09-14T19:20:00.000,I 285,I 285 and Lawrenceville Hwy,,Sideswipe-Same Direction,2,Cloudy,Dry,Daylight
2024-05-31T12:30:00.000,I 285,I 285 and Lawrenceville Hwy,,Rear End,2,Clear,Dry,Daylight
2024-11-01T16:10:00.000,I 285,I 285 and Lawrenceville Hwy,,Rear End,2,Clear,Dry,Daylight
2024-06-28T15:20:00.000,I 285,I 285 and Lawrenceville Hwy,,Rear End,2,Clear,Dry,Daylight
2024-07-09T18:05:00.000,I 285,I 285 and Lawrenceville Hwy,,Sideswipe-Same Direction,2,Clear,Dry,Daylight
2024-08-23T20:00:00.000,I 285,I 285 and Lawrenceville Hwy,,Sideswipe-Same Direction,2,Clear,Dry,Daylight
2024-06-27T20:21:00.000,I 285,I 285 and Lawrenceville Hwy,,Sideswipe-Same Direction,3,Clear,Dry,Daylight
2024-05-22T07:58:00.000,I 285,I 285 and Lawrenceville Hwy,,Rear End,2,Clear,Dry,Daylight
2024-07-24T17:17:00.000,I 285,I 285 and Lawrenceville Hwy,,Rear End,2,Cloudy,Dry,Daylight
2024-07-02T09:05:00.000,I 285,I 285 and Lawrenceville Hwy,,Rear End,2,Clear,Dry,Daylight
2024-02-25T13:17:00.000,I 285,I 285 and Lawrenceville Hwy,,Sideswipe-Same Direction,2,Clear,Dry,Dark-Lighted
2024-11-07T17:35:00.000,I 285,I 285 and Lawrenceville Hwy,,Rear End,2,Clear,Dry,Daylight
2024-06-13T13:45:00.000,I 285,I 285 and Lawrenceville Hwy,,Rear End,3,Clear,Dry,Daylight
2024-02-16T20:00:00.000,I 285,I 285 and Lawrenceville Hwy,,Not a Collision with Motor Vehicle,1,Clear,Dry,Dark-Lighted
2023-10-25T16:00:00.000,I 285,I 285 and Lawrenceville Hwy,,Rear End,2,Cloudy,Dry,Daylight
2023-02-25T16:20:00.000,I 285,I 285 and Lawrenceville Hwy,,Rear End,2,Clear,Dry,Daylight
2023-03-08T11:56:00.000,I 285,I 285 and Lawrenceville Hwy,,Rear End,2,Clear,Dry,Daylight
2023-07-28T21:34:00.000,I 285,I 285 and Lawrenceville Hwy,,Angle Crash,2,Cloudy,Wet,Dark-Not Lighted
2023-12-23T15:14:00.000,I 285,I 285 and Lawrenceville Hwy,,Rear End,2,Clear,Dry,Daylight
2023-03-27T10:50:00.000,I 285,I 285 and Lawrenceville Hwy,,Angle Crash,2,Cloudy,Dry,Daylight
2023-03-15T17:56:00.000,I 285,I 285 and Lawrenceville Hwy,,Rear End,2,Clear,Dry,Daylight
2023-06-21T13:06:00.000,I 285,I 285 and Lawrenceville Hwy,,Rear End,2,Cloudy,Wet,Daylight
2023-03-24T12:59:00.000,I 285,I 285 and Lawrenceville Hwy,,Angle Crash,2,Clear,Dry,Daylight
2024-02-07T14:46:00.000,I 285,I 285 and Lawrenceville Hwy,,Sideswipe-Same Direction,2,Clear,Dry,Daylight
2024-02-21T13:53:00.000,I 285,I 285 and Lawrenceville Hwy,,Rear End,2,Clear,Dry,Daylight
2024-08-21T16:30:00.000,I 285,I 285 and Lawrenceville Hwy,,Rear End,2,Cloudy,Dry,Daylight
2024-04-15T13:15:00.000,I 285,I 285 and Lawrenceville Hwy,,Not a Collision with Motor Vehicle,2,Clear,Dry,Daylight
2023-11-17T22:56:00.000,I 285,I 285 and Lawrenceville Hwy,,Angle Crash,2,Clear,Wet,Dark-Lighted
2023-07-06T16:07:00.000,I 285,I 285 and Lawrenceville Hwy,,Angle Crash,2,Cloudy,Dry,Daylight
2023-02-06T17:32:00.000,I 285,I 285 and Lawrenceville Hwy,,Sideswipe-Same Direction,2,Clear,Dry,Daylight
2023-06-16T18:00:00.000,I 285,I 285 and Lawrenceville Hwy,,Sideswipe-Same Direction,2,Clear,Dry,Daylight
2023-03-12T07:15:00.000,I 285,I 285 and Lawrenceville Hwy,,Sideswipe-Same Direction,2,Rain,Wet,Dark-Lighted
2023-01-04T04:30:00.000,I 285,I 285 and Lawrenceville Hwy,,Not a Collision with Motor Vehicle,1,Rain,Water (standing or moving),Dark-Not Lighted
2023-09-14T16:00:00.000,I 285,I 285 and Lawrenceville Hwy,,Rear End,2,Cloudy,Dry,Dark-Lighted
2023-11-21T15:55:00.000,I 285,I 285 and Lawrenceville Hwy,,Rear End,2,Cloudy,Wet,Daylight
2023-03-17T08:24:00.000,I 285,I 285 and Lawrenceville Hwy,,Angle Crash,3,Cloudy,Wet,Daylight
2023-10-09T16:47:00.000,I 285,I 285 and Lawrenceville Hwy,,Rear End,2,Clear,Dry,Daylight
2023-04-17T00:00:00.000,I 285,I 285 and Lawrenceville Hwy,,Rear End,2,Clear,Dry,Daylight
2023-05-10T00:10:00.000,I 285,I 285 and Lawrenceville Hwy,,Sideswipe-Same Direction,2,Clear,Dry,Dark-Not Lighted
2023-02-23T06:44:00.000,I 285,I 285 and Lawrenceville Hwy,,Angle Crash,2,Cloudy,Dry,Daylight
2023-03-27T17:52:00.000,I 285,I 285 and Lawrenceville Hwy,,Sideswipe-Same Direction,2,Clear,Dry,Daylight
2023-10-24T08:50:00.000,I 285,I 285 and Lawrenceville Hwy,,Sideswipe-Same Direction,2,Cloudy,Dry,Daylight
2023-10-21T18:09:00.000,I 285,I 285 and Lawrenceville Hwy,,Angle Crash,3,Clear,Dry,Daylight
2023-08-09T10:30:00.000,I 285,I 285 and Lawrenceville Hwy,,Rear End,2,Clear,Dry,Daylight
2023-01-04T05:45:00.000,I 285,I 285 and Lawrenceville Hwy,,Sideswipe-Same Direction,2,Severe Thunderstorm or Tornadic,Water (standing or moving),Dark-Not Lighted
2023-08-24T14:40:00.000,I 285,I 285 and Lawrenceville Hwy,,Sideswipe-Same Direction,2,Clear,Dry,Daylight
2023-07-21T15:10:00.000,I 285,I 285 and Lawrenceville Hwy,,Sideswipe-Same Direction,2,Clear,Dry,Daylight
2023-03-27T16:59:00.000,I 285,I 285 and Lawrenceville Hwy,,Rear End,2,Clear,Dry,Daylight
2023-09-26T07:30:00.000,I 285,I 285 and Lawrenceville Hwy,,Sideswipe-Same Direction,2,Cloudy,Dry,Daylight
2023-02-14T18:10:00.000,I 285,I 285 and Lawrenceville Hwy,,Rear End,2,Clear,Dry,Daylight
2023-10-06T19:00:00.000,I 285,I 285 and Lawrenceville Hwy,,Sideswipe-Same Direction,4,Rain,Wet,Dark-Not Lighted
2023-10-18T20:16:00.000,I 285,I 285 and Lawrenceville Hwy,,Sideswipe-Same Direction,2,Clear,Dry,Dark-Not Lighted
2023-07-22T13:20:00.000,I 285,I 285 and Lawrenceville Hwy,,Sideswipe-Same Direction,2,Cloudy,Dry,Daylight
2023-10-21T18:44:00.000,I 285,I 285 and Lawrenceville Hwy,,Angle Crash,3,Clear,Dry,Daylight
2023-01-23T06:40:00.000,I 285,I 285 and Lawrenceville Hwy,,Sideswipe-Same Direction,2,Cloudy,Dry,Dark-Not Lighted
2023-10-13T16:29:00.000,I 285,I 285 and Lawrenceville Hwy,,Rear End,2,Clear,Dry,Daylight
2023-09-01T15:00:00.000,I 285,I 285 and Lawrenceville Hwy,,Rear End,2,Clear,Dry,Daylight
2023-12-20T19:00:00.000,I 285,I 285 and Lawrenceville Hwy,,Not a Collision with Motor Vehicle,1,Clear,Dry,Daylight
2023-06-27T16:55:00.000,I 285,I 285 and Lawrenceville Hwy,,Rear End,2,Clear,Dry,Daylight
2023-08-14T16:17:00.000,I 285,I 285 and Lawrenceville Hwy,,Rear End,2,Cloudy,Dry,Daylight
2023-01-11T16:04:00.000,I 285,I 285 and Lawrenceville Hwy,,Sideswipe-Same Direction,2,Cloudy,Dry,Daylight
2023-11-06T08:16:00.000,I 285,I 285 and Lawrenceville Hwy,,Rear End,2,Clear,Dry,Daylight
2023-01-23T13:47:00.000,I 285,I 285 and Lawrenceville Hwy,,Sideswipe-Same Direction,2,Cloudy,Dry,Daylight
2023-10-31T06:24:00.000,I 285,I 285 and Lawrenceville Hwy,,Rear End,2,Clear,Dry,Daylight
2023-06-24T16:20:00.000,I 285,I 285 and Lawrenceville Hwy,,Sideswipe-Same Direction,2,Clear,Dry,Daylight
2023-02-24T07:50:00.000,I 285,I 285 and Lawrenceville Hwy,,Rear End,2,Cloudy,Dry,Daylight
2023-03-10T15:00:00.000,I 285,I 285 and Lawrenceville Hwy,,Rear End,2,Clear,Dry,Daylight
2023-09-17T15:00:00.000,I 285,I 285 and Lawrenceville Hwy,,Sideswipe-Same Direction,2,Clear,Dry,Daylight
2023-08-16T06:48:00.000,I 285,I 285 and Lawrenceville Hwy,,Sideswipe-Same Direction,2,Clear,Dry,Daylight
2023-12-06T06:21:00.000,I 285,I 285 and Lawrenceville Hwy,,Sideswipe-Same Direction,2,Cloudy,Dry,Dark-Not Lighted
2023-09-21T17:02:00.000,I 285,I 285 and Lawrenceville Hwy,,Rear End,2,Clear,Dry,Daylight
2024-07-23T15:19:00.000,I 285,I 285 and Lawrenceville Hwy,,Rear End,2,Clear,Dry,Daylight
2024-07-18T19:40:00.000,I 285,I 285 and Lawrenceville Hwy,,Rear End,2,Cloudy,Wet,Daylight
2024-02-05T09:41:00.000,I 285,I 285 and Lawrenceville Hwy,,Rear End,2,Cloudy,Wet,Daylight
2024-11-01T07:50:00.000,I 285,I 285 and Lawrenceville Hwy,,Sideswipe-Same Direction,2,Cloudy,Dry,Daylight
2024-12-05T12:55:00.000,I 285,I 285 and Lawrenceville Hwy,,Rear End,2,Clear,Dry,Daylight
2024-12-23T16:47:00.000,I 285,I 285 and Lawrenceville Hwy,,Rear End,2,Clear,Dry,Daylight
2024-06-26T18:10:00.000,I 285,I 285 and Lawrenceville Hwy,,Angle Crash,2,Clear,Dry,Daylight
2024-07-19T10:30:00.000,I 285,I 285 and Lawrenceville Hwy,,Angle Crash,2,Cloudy,Dry,Daylight
2024-04-11T02:00:00.000,I 285,I 285 and Lawrenceville Hwy,,Rear End,2,Rain,Wet,Dark-Lighted
2024-10-27T03:19:00.000,I 285,I 285 and Lawrenceville Hwy,,Angle Crash,5,Clear,Dry,Dark-Not Lighted
2024-09-03T09:50:00.000,I 285,I 285 and Lawrenceville Hwy,,Rear End,2,Clear,Dry,Daylight
2024-04-18T09:07:00.000,I 285,I 285 and Lawrenceville Hwy,,Rear End,2,Clear,Dry,Daylight
2024-06-27T07:45:00.000,I 285,I 285 and Lawrenceville Hwy,,Rear End,2,Clear,Dry,Daylight
2024-01-26T10:05:00.000,I 285,I 285 and Lawrenceville Hwy,,Sideswipe-Same Direction,3,Cloudy,Dry,Daylight
2024-03-25T17:49:00.000,I 285,I 285 and Lawrenceville Hwy,,Rear End,2,Clear,Dry,Daylight
2024-12-20T11:27:00.000,I 285,I 285 and Lawrenceville Hwy,,Rear End,2,Clear,Dry,Daylight
2024-11-11T11:17:00.000,I 285,I 285 and Lawrenceville Hwy,,Rear End,2,Cloudy,Dry,Daylight
2024-11-15T17:41:00.000,I 285,I 285 and Lawrenceville Hwy,,Rear End,2,Clear,Dry,Dark-Not Lighted
2024-11-19T15:12:00.000,I 285,I 285 and Lawrenceville Hwy,,Rear End,2,Rain,Water (standing or moving),Daylight
2024-03-13T16:40:00.000,I 285,I 285 and Lawrenceville Hwy,,Rear End,2,Clear,Dry,Daylight
2024-10-24T07:20:00.000,I 285,I 285 and Lawrenceville Hwy,,Rear End,2,Clear,Dry,Daylight
2024-12-18T17:30:00.000,I 285,I 285 and Lawrenceville Hwy,,Angle Crash,2,Clear,Dry,Daylight
2024-08-09T16:40:00.000,I 285,I 285 and Lawrenceville Hwy,,Sideswipe-Same Direction,2,Clear,Dry,Daylight
2024-06-26T19:00:00.000,I 285,I 285 and Lawrenceville Hwy,,Angle Crash,2,Clear,Dry,Daylight
2024-12-06T14:00:00.000,I 285,I 285 and Lawrenceville Hwy,,Rear End,4,Clear,Dry,Daylight
2024-03-11T17:50:00.000,I 285,I 285 and Lawrenceville Hwy,,Rear End,2,Cloudy,Dry,Daylight
2024-12-17T12:00:00.000,I 285,I 285 and Lawrenceville Hwy,,Sideswipe-Same Direction,2,Clear,Dry,Daylight