Date and Time,Roadway (From Crash Report),Intersection Name (from Crash Report),KABCO Severity,Manner of Collision (Crash Level) ,# of Vehicles per crash ,Weather Conditions (Crash Level),Surface Condition (Crash Level) ,Light Conditions (Crash Level)
2024-12-14T18:49:00.000,I 285,I 285 and Lawrenceville Hwy,,Rear End,2,Clear,Dry,Dark-Not Lighted
2024-02-22T16:00:00.000,I 285,I 285 and Lawrenceville Hwy,,Rear End,2,Clear,Dry,Daylight
2024-01-29T12:20:00.000,I 285,I 285 and Lawrenceville Hwy,,Sideswipe-Same Direction,2,Clear,Dry,Daylight
2024-01-06T22:50:00.000,I 285,I 285 and Lawrenceville Hwy,,Head On,2,Cloudy,Dry,Dark-Not Lighted
2024-07-19T15:20:00.000,I 285,I 285 and Lawrenceville Hwy,,Rear End,2,Clear,Dry,Daylight
2024-05-31T10:20:00.000,I 285,I 285 and Lawrenceville Hwy,,Rear End,2,Clear,Dry,Daylight
2024-11-06T11:10:00.000,I 285,I 285 and Lawrenceville Hwy,,Rear End,2,Rain,Wet,Daylight
2024-07-29T17:40:00.000,I 285,I 285 and Lawrenceville Hwy,,Rear End,2,Clear,Dry,Daylight
2024-04-03T13:05:00.000,I 285,I 285 and Lawrenceville Hwy,,Sideswipe-Same Direction,2,Clear,Dry,Daylight
2024-06-26T09:00:00.000,I 285,I 285 and Lawrenceville Hwy,,Rear End,2,Clear,Dry,Daylight
2024-01-06T22:15:00.000,I 285,I 285 and Lawrenceville Hwy,,Angle Crash,2,Clear,Dry,Dark-Not Lighted
2024-07-25T05:15:00.000,I 285,I 285 and Lawrenceville Hwy,,Angle Crash,2,Clear,Dry,Dark-Lighted
2024-12-10T10:02:00.000,I 285,I 285 and Lawrenceville Hwy,,Rear End,2,Clear,Wet,Daylight
2024-07-25T01:30:00.000,I 285,I 285 and Lawrenceville Hwy,,Rear End,2,Clear,Dry,Dark-Not Lighted
2024-06-10T03:04:00.000,I 285,I 285 and Lawrenceville Hwy,,Not a Collision with Motor Vehicle,1,Rain,Wet,Dark-Not Lighted
2024-07-26T06:45:00.000,I 285,I 285 and Lawrenceville Hwy,,Rear End,2,Cloudy,Dry,Daylight
2024-04-11T10:00:00.000,I 285,I 285 and Lawrenceville Hwy,,Sideswipe-Same Direction,2,Clear,Dry,Daylight
2024-03-16T15:00:00.000,I 285,I 285 and Lawrenceville Hwy,,Not a Collision with Motor Vehicle,2,Clear,Dry,Daylight
2024-09-06T19:31:00.000,I 285,I 285 and Lawrenceville Hwy,,Sideswipe-Same Direction,2,Rain,Wet,Daylight
2024-02-09T14:00:00.000,I 285,I 285 and Lawrenceville Hwy,,Rear End,2,Cloudy,Dry,Daylight
2024-07-22T13:00:00.000,I 285,I 285 and Lawrenceville Hwy,,Angle Crash,2,Clear,Dry,Daylight
2024-12-05T20:17:00.000,I 285,I 285 and Lawrenceville Hwy,,Sideswipe-Same Direction,2,Clear,Dry,Dark-Not Lighted
2024-05-13T11:20:00.000,I 285,I 285 and Lawrenceville Hwy,,Rear End,2,Rain,Wet,Daylight
2024-07-16T14:00:00.000,I 285,I 285 and Lawrenceville Hwy,,Sideswipe-Same Direction,3,Clear,Dry,Daylight
2024-05-01T17:30:00.000,I 285,I 285 and Lawrenceville Hwy,,Sideswipe-Same Direction,2,Clear,Dry,Daylight
2024-07-09T14:38:00.000,I 285,I 285 and Lawrenceville Hwy,,Rear End,2,Cloudy,Dry,Daylight
2024-08-06T13:00:00.000,I 285,I 285 and Lawrenceville Hwy,,Sideswipe-Same Direction,2,Clear,Dry,Daylight
2024-08-14T19:05:00.000,I 285,I 285 and Lawrenceville Hwy,,Sideswipe-Same Direction,2,Clear,Dry,Daylight
2024-02-08T07:31:00.000,I 285,I 285 and Lawrenceville Hwy,,Rear End,2,Clear,Dry,Daylight
2024-01-23T06:39:00.000,I 285,I 285 and Lawrenceville Hwy,,Rear End,2,Cloudy,Wet,Dark-Lighted
2024-11-19T21:20:00.000,I 285,I 285 and Lawrenceville Hwy,,Not a Collision with Motor Vehicle,1,Rain,Wet,Dark-Not Lighted
2024-05-05T17:37:00.000,I 285,I 285 and Lawrenceville Hwy,,Rear End,2,Rain,Wet,Daylight
2024-12-11T06:39:00.000,I 285,I 285 and Lawrenceville Hwy,,Sideswipe-Same Direction,2,Cloudy,Wet,Daylight
2024-08-10T15:45:00.000,I 285,I 285 and Lawrenceville Hwy,,Rear End,2,Clear,Dry,Daylight
2024-11-06T06:35:00.000,I 285,I 285 and Lawrenceville Hwy,,Rear End,2,Cloudy,Dry,Daylight
2024-09-16T17:40:00.000,I 285,I 285 and Lawrenceville Hwy,,Rear End,2,Clear,Dry,Daylight
2024-03-08T16:30:00.000,I 285,I 285 and Lawrenceville Hwy,,Angle Crash,2,Clear,Dry,Daylight
2024-04-18T14:00:00.000,I 285,I 285 and Lawrenceville Hwy,,Rear End,2,Clear,Dry,Daylight
2024-03-08T21:22:00.000,I 285,I 285 and Lawrenceville Hwy,,Angle Crash,3,Rain,Wet,Dark-Lighted
2024-07-18T00:10:00.000,I 285,I 285 and Lawrenceville Hwy,,Not a Collision with Motor Vehicle,1,Clear,Dry,Dark-Lighted
2024-11-12T07:45:00.000,I 285,I 285 and Lawrenceville Highway Exit,,Angle Crash,2,Clear,Dry,Daylight
2023-11-16T12:50:00.000,I 285,I 285 and Lawrenceville,,Rear End,2,Clear,Dry,Daylight
2022-04-16T07:25:00.000,I 285,I 285 and Lawrenceville,,Not a Collision with Motor Vehicle,1,Rain,Wet,Daylight
2024-10-25T18:30:00.000,I 285,I 285 and Lawrencevill Hwy,,Rear End,2,Clear,Dry,Daylight
2024-06-08T13:30:00.000,I 285,I 285 and Lawrencevill Hwy,,Rear End,2,Clear,Dry,Daylight
2023-01-04T01:00:00.000,I 285,I 285 and Lawrencevile Hwy,,Not a Collision with Motor Vehicle,1,Severe Thunderstorm or Tornadic,Water (standing or moving),Dark-Not Lighted
2021-08-26T09:05:00.000,I 285,I 285 and Lawrencevile Hwy,,Rear End,2,Clear,Dry,Daylight
2020-08-23T21:15:00.000,I 285,I 285 and Lawranceville Hwy,,Sideswipe-Same Direction,2,Clear,Dry,Dark-Lighted
2023-03-29T13:55:00.000,I 285,I 285 and Lawerenceville Hwy,,Sideswipe-Same Direction,2,Clear,Dry,Daylight
2023-04-30T00:30:00.000,I 285,I 285 and Lawerenceville Hwy,,Sideswipe-Same Direction,2,Rain,Wet,Dark-Not Lighted
2023-05-25T08:20:00.000,I 285,I 285 and Lawerenceville Hwy,,Rear End,2,Clear,Dry,Daylight
2020-08-12T08:45:00.000,I 285,I 285 and Lawenceville Hwy,,Rear End,2,Clear,Dry,Daylight
2020-09-28T11:50:00.000,I 285,I 285 and Lavitsa Rd,,Not a Collision with Motor Vehicle,1,Clear,Dry,Daylight
2022-12-03T09:42:00.000,I 285,I 285 and Lavitsa Rd,,Rear End,2,Cloudy,Dry,Daylight
2020-12-04T07:04:00.000,I 285,I 285 and Lavita Rd,,Rear End,2,Clear,Dry,Dark-Not Lighted
2024-08-22T09:44:00.000,I 285,I 285 and Lavistan Rd,,Sideswipe-Same Direction,2,Clear,Dry,Daylight
2021-04-15T15:08:00.000,I 285,I 285 and Lavista Road Opas,,Rear End,2,Clear,Dry,Daylight
2023-04-20T16:45:00.000,I 285,I 285 and Lavista Road Exit 37,,Angle Crash,2,Clear,Dry,Daylight
2020-07-30T18:40:00.000,I 285,I 285 and Lavista Road Exit,,Sideswipe-Same Direction,2,Cloudy,Dry,Daylight
2024-11-19T08:40:00.000,I 285,I 285 and Lavista Road Exit,,Angle Crash,2,Clear,Dry,Daylight
2024-11-20T17:35:00.000,I 285,I 285 and Lavista Road Exit,,Rear End,2,Cloudy,Dry,Daylight
2024-10-29T09:00:00.000,I 285,I 285 and Lavista Road Exit,,Rear End,2,Clear,Dry,Daylight
2024-11-19T06:20:00.000,I 285,I 285 and Lavista Road Entry Rp,,Angle Crash,2,Clear,Dry,Dark-Lighted
2021-12-23T01:00:00.000,I 285,I 285 and Lavista Rd.,,Rear End,3,Clear,Dry,Dark-Lighted
2023-03-10T15:20:00.000,I 285,I 285 and Lavista Rd.,,Rear End,2,Clear,Dry,Daylight
2023-02-02T19:50:00.000,I 285,I 285 and Lavista Rd Exit Rp,,Sideswipe-Same Direction,2,Rain,Wet,Dark-Not Lighted
2021-08-31T09:10:00.000,I 285,I 285 and Lavista Rd Exit,,Rear End,2,Rain,Wet,Daylight
2021-02-12T20:35:00.000,I 285,I 285 and Lavista Rd Exit,,Rear End,2,Clear,Wet,Dark-Lighted
2021-03-25T15:40:00.000,I 285,I 285 and Lavista Rd Exit,,Rear End,2,Cloudy,Dry,Daylight
2024-06-28T17:45:00.000,I 285,I 285 and Lavista Rd Exit,,Rear End,4,Clear,Dry,Daylight
2024-11-20T11:30:00.000,I 285,I 285 and Lavista Rd Exit,,Rear End,3,Clear,Dry,Daylight
2021-04-02T10:38:00.000,I 285,I 285 and Lavista Rd,,Rear End,2,Clear,Dry,Daylight
2021-06-23T17:34:00.000,I 285,I 285 and Lavista Rd,,Rear End,2,Cloudy,Dry,Daylight
2021-05-16T13:45:00.000,I 285,I 285 and Lavista Rd,,Sideswipe-Same Direction,2,Clear,Dry,Daylight
2021-02-20T09:25:00.000,I 285,I 285 and Lavista Rd,,Sideswipe-Same Direction,2,Clear,Dry,Daylight
2021-06-25T13:25:00.000,I 285,I 285 and Lavista Rd,,Sideswipe-Same Direction,3,Cloudy,Dry,Daylight
2021-02-11T15:17:00.000,I 285,I 285 and Lavista Rd,,Rear End,2,Rain,Wet,Daylight
2021-02-19T21:26:00.000,I 285,I 285 and Lavista Rd,,Sideswipe-Same Direction,2,Clear,Dry,Dark-Lighted
2021-04-07T00:00:00.000,I 285,I 285 and Lavista Rd,,Rear End,2,Clear,Dry,Daylight
2021-04-07T00:00:00.000,I 285,I 285 and Lavista Rd,,Sideswipe-Same Direction,2,Clear,Dry,Daylight
2021-06-23T17:33:00.000,I 285,I 285 and Lavista Rd,,Rear End,2,Clear,Dry,Daylight
2021-08-06T00:15:00.000,I 285,I 285 and Lavista Rd,,Rear End,2,Clear,Dry,Dark-Not Lighted
2021-09-21T14:30:00.000,I 285,I 285 and Lavista Rd,,Rear End,3,Cloudy,Dry,Daylight
2021-03-06T17:12:00.000,I 285,I 285 and Lavista Rd,,Angle Crash,2,Clear,Dry,Daylight
2021-01-13T15:10:00.000,I 285,I 285 and Lavista Rd,,Sideswipe-Same Direction,3,Clear,Dry,Daylight
2021-03-18T18:29:00.000,I 285,I 285 and Lavista Rd,,Rear End,2,Clear,Dry,Daylight
2021-04-29T20:07:00.000,I 285,I 285 and Lavista Rd,,Angle Crash,2,Clear,Dry,Dark-Lighted
2021-02-05T00:00:00.000,I 285,I 285 and Lavista Rd,,Rear End,2,Clear,Dry,Daylight
2021-03-13T00:56:00.000,I 285,I 285 and Lavista Rd,,Sideswipe-Same Direction,2,Clear,Dry,Dark-Not Lighted
2021-03-12T14:03:00.000,I 285,I 285 and Lavista Rd,,Rear End,2,Clear,Dry,Daylight
2021-04-10T21:35:00.000,I 285,I 285 and Lavista Rd,,Rear End,2,Clear,Dry,Dark-Not Lighted
2021-06-01T06:41:00.000,I 285,I 285 and Lavista Rd,,Rear End,2,Clear,Dry,Daylight
2021-06-15T10:35:00.000,I 285,I 285 and Lavista Rd,,Angle Crash,2,Clear,Dry,Daylight
2021-04-27T17:30:00.000,I 285,I 285 and Lavista Rd,,Rear End,2,Clear,Dry,Daylight
2021-06-18T07:35:00.000,I 285,I 285 and Lavista Rd,,Rear End,2,Clear,Dry,Daylight
2021-02-15T15:20:00.000,I 285,I 285 and Lavista Rd,,Rear End,2,Rain,Wet,Daylight
2021-04-01T12:32:00.000,I 285,I 285 and Lavista Rd,,Rear End,2,Clear,Dry,Daylight
2021-03-30T17:40:00.000,I 285,I 285 and Lavista Rd,,Angle Crash,2,Cloudy,Dry,Daylight
2021-02-10T08:53:00.000,I 285,I 285 and Lavista Rd,,Rear End,2,Clear,Dry,Daylight
2021-02-27T10:50:00.000,I 285,I 285 and Lavista Rd,,Sideswipe-Same Direction,3,Clear,Dry,Daylight
2021-03-30T13:00:00.000,I 285,I 285 and Lavista Rd,,Rear End,3,Clear,Dry,Daylight
2021-03-15T00:28:00.000,I 285,I 285 and Lavista Rd,,Angle Crash,2,Clear,Dry,Dark-Lighted
2021-06-09T13:45:00.000,I 285,I 285 and Lavista Rd,,Sideswipe-Same Direction,2,Cloudy,Dry,Daylight
2021-11-29T06:56:00.000,I 285,I 285 and Lavista Rd,,Sideswipe-Same Direction,2,Clear,Dry,Dark-Not Lighted
2021-12-14T16:00:00.000,I 285,I 285 and Lavista Rd,,Sideswipe-Same Direction,2,Clear,Dry,Daylight
2021-11-23T05:59:00.000,I 285,I 285 and Lavista Rd,,Not a Collision with Motor Vehicle,3,Clear,Dry,Dark-Lighted
2021-12-06T12:20:00.000,I 285,I 285 and Lavista Rd,,Sideswipe-Same Direction,2,Rain,Wet,Daylight
2021-09-10T20:30:00.000,I 285,I 285 and Lavista Rd,,Rear End,2,Clear,Dry,Dark-Not Lighted
2021-10-08T08:49:00.000,I 285,I 285 and Lavista Rd,,Rear End,2,Clear,Dry,Daylight
2021-11-20T04:08:00.000,I 285,I 285 and Lavista Rd,,Not a Collision with Motor Vehicle,1,Clear,Dry,Dark-Lighted
2021-10-23T14:25:00.000,I 285,I 285 and Lavista Rd,,Rear End,2,Clear,Dry,Daylight
2021-12-07T08:30:00.000,I 285,I 285 and Lavista Rd,,Rear End,2,Cloudy,Dry,Daylight
2021-11-11T08:45:00.000,I 285,I 285 and Lavista Rd,,Sideswipe-Same Direction,2,Cloudy,Dry,Daylight
2021-08-05T19:40:00.000,I 285,I 285 and Lavista Rd,,Not a Collision with Motor Vehicle,2,Clear,Dry,Daylight
2021-03-13T01:00:00.000,I 285,I 285 and Lavista Rd,,Angle Crash,2,Clear,Dry,Dark-Not Lighted
2021-11-15T08:45:00.000,I 285,I 285 and Lavista Rd,,Rear End,2,Clear,Dry,Daylight
2021-10-27T12:20:00.000,I 285,I 285 and Lavista Rd,,Rear End,2,Clear,Dry,Daylight
2021-10-21T10:00:00.000,I 285,I 285 and Lavista Rd,,Rear End,2,Cloudy,Wet,Daylight
2021-10-20T16:00:00.000,I 285,I 285 and Lavista Rd,,Sideswipe-Same Direction,2,Clear,Dry,Daylight
2021-07-29T11:45:00.000,I 285,I 285 and Lavista Rd,,Rear End,2,Clear,Dry,Daylight
2021-08-13T09:45:00.000,I 285,I 285 and Lavista Rd,,Rear End,3,Clear,Dry,Daylight
2021-10-28T12:00:00.000,I 285,I 285 and Lavista Rd,,Sideswipe-Same Direction,2,Clear,Wet,Daylight
2021-08-07T18:20:00.000,I 285,I 285 and Lavista Rd,,Rear End,2,Rain,Wet,Daylight
2021-02-03T10:03:00.000,I 285,I 285 and Lavista Rd,,Head On,2,Clear,Dry,Daylight
2021-04-12T13:01:00.000,I 285,I 285 and Lavista Rd,,Rear End,2,Clear,Dry,Daylight
2021-01-12T19:02:00.000,I 285,I 285 and Lavista Rd,,Angle Crash,2,Cloudy,Dry,Dark-Lighted
2021-02-02T13:33:00.000,I 285,I 285 and Lavista Rd,,Sideswipe-Same Direction,2,Clear,Dry,Daylight
2021-02-15T15:48:00.000,I 285,I 285 and Lavista Rd,,Rear End,2,Rain,Wet,Daylight
2021-05-19T13:24:00.000,I 285,I 285 and Lavista Rd,,Rear End,2,Clear,Dry,Daylight
2021-03-22T12:10:00.000,I 285,I 285 and Lavista Rd,,Rear End,2,Clear,Dry,Daylight
2021-05-06T15:06:00.000,I 285,I 285 and Lavista Rd,,Angle Crash,2,Clear,Dry,Daylight
2021-05-27T17:21:00.000,I 285,I 285 and Lavista Rd,,Rear End,3,Cloudy,Dry,Daylight
2021-12-12T13:39:00.000,I 285,I 285 and Lavista Rd,,Rear End,2,Clear,Dry,Daylight
2021-09-16T08:55:00.000,I 285,I 285 and Lavista Rd,,Rear End,3,Cloudy,Wet,Daylight
2021-08-30T07:23:00.000,I 285,I 285 and Lavista Rd,,Angle Crash,2,Cloudy,Dry,Daylight
2021-11-07T14:55:00.000,I 285,I 285 and Lavista Rd,,Rear End,2,Clear,Dry,Daylight
2021-07-06T14:36:00.000,I 285,I 285 and Lavista Rd,,Rear End,2,Cloudy,Dry,Daylight
2021-10-15T15:31:00.000,I 285,I 285 and Lavista Rd,,Rear End,2,Clear,Dry,Daylight
2021-07-17T15:20:00.000,I 285,I 285 and Lavista Rd,,Rear End,2,Clear,Dry,Daylight
2021-07-17T17:30:00.000,I 285,I 285 and Lavista Rd,,Rear End,5,Clear,Dry,Daylight
2021-12-29T10:45:00.000,I 285,I 285 and Lavista Rd,,Rear End,2,Rain,Wet,Daylight
2021-12-10T19:29:00.000,I 285,I 285 and Lavista Rd,,Rear End,2,Clear,Dry,Dark-Lighted
2021-09-24T20:39:00.000,I 285,I 285 and Lavista Rd,,Angle Crash,2,Clear,Dry,Daylight
2021-03-03T12:50:00.000,I 285,I 285 and Lavista Rd,,Sideswipe-Same Direction,2,Clear,Dry,Daylight
2021-06-13T14:22:00.000,I 285,I 285 and Lavista Rd,,Rear End,2,Cloudy,Dry,Daylight
2021-01-05T15:32:00.000,I 285,I 285 and Lavista Rd,,Rear End,2,Clear,Dry,Daylight
2021-03-08T07:35:00.000,I 285,I 285 and Lavista Rd,,Not a Collision with Motor Vehicle,1,Clear,Dry,Daylight
2021-01-10T19:31:00.000,I 285,I 285 and Lavista Rd,,Rear End,2,Clear,Dry,Dark-Lighted
2021-06-08T12:50:00.000,I 285,I 285 and Lavista Rd,,Sideswipe-Same Direction,2,Clear,Dry,Daylight
2021-03-07T10:45:00.000,I 285,I 285 and Lavista Rd,,Sideswipe-Same Direction,2,Clear,Dry,Daylight
2020-11-03T17:49:00.000,I 285,I 285 and Lavista Rd,,Rear End,2,Clear,Dry,Dusk
2020-08-16T21:35:00.000,I 285,I 285 and Lavista Rd,,Not a Collision with Motor Vehicle,1,Clear,Dry,Dark-Not Lighted
2020-03-25T00:55:00.000,I 285,I 285 and Lavista Rd,,Not a Collision with Motor Vehicle,1,Rain,Wet,Dark-Lighted
2020-10-10T20:30:00.000,I 285,I 285 and Lavista Rd,,Not a Collision with Motor Vehicle,1,Rain,Wet,Dark-Lighted
2020-05-27T11:35:00.000,I 285,I 285 and Lavista Rd,,Angle Crash,2,Rain,Wet,Daylight
2020-11-12T07:50:00.000,I 285,I 285 and Lavista Rd,,Sideswipe-Same Direction,3,Cloudy,Dry,Dawn
2020-09-06T03:30:00.000,I 285,I 285 and Lavista Rd,,Sideswipe-Same Direction,2,Clear,Dry,Dark-Not Lighted
2020-01-13T17:33:00.000,I 285,I 285 and Lavista Rd,,Rear End,2,Clear,Dry,Dark-Lighted
2023-05-08T08:59:00.000,I 285,I 285 and Lavista Rd,,Rear End,2,Cloudy,Wet,Daylight
2023-02-02T15:00:00.000,I 285,I 285 and Lavista Rd,,Rear End,2,Rain,Wet,Daylight
2023-09-30T18:58:00.000,I 285,I 285 and Lavista Rd,,Sideswipe-Same Direction,2,Clear,Dry,Daylight
2023-06-29T13:31:00.000,I 285,I 285 and Lavista Rd,,Sideswipe-Same Direction,2,Clear,Dry,Daylight
2023-01-27T18:10:00.000,I 285,I 285 and Lavista Rd,,Rear End,2,Clear,Dry,Daylight
2023-12-15T17:25:00.000,I 285,I 285 and Lavista Rd,,Rear End,2,Clear,Dry,Dark-Lighted
2023-09-05T09:50:00.000,I 285,I 285 and Lavista Rd,,Rear End,2,Cloudy,Dry,Daylight
2023-01-05T20:46:00.000,I 285,I 285 and Lavista Rd,,Rear End,2,Cloudy,Dry,Dark-Not Lighted
2023-04-27T13:30:00.000,I 285,I 285 and Lavista Rd,,Rear End,2,Rain,Wet,Daylight
2023-09-05T14:00:00.000,I 285,I 285 and Lavista Rd,,Rear End,2,Clear,Dry,Daylight
2023-12-16T12:45:00.000,I 285,I 285 and Lavista Rd,,Rear End,2,Cloudy,Dry,Daylight
2023-04-03T10:48:00.000,I 285,I 285 and Lavista Rd,,Rear End,2,Rain,Wet,Daylight
2023-06-15T06:50:00.000,I 285,I 285 and Lavista Rd,,Rear End,3,Cloudy,Dry,Daylight
2023-01-13T09:00:00.000,I 285,I 285 and Lavista Rd,,Sideswipe-Same Direction,2,Cloudy,Dry,Daylight
2023-07-03T07:56:00.000,I 285,I 285 and Lavista Rd,,Sideswipe-Same Direction,2,Clear,Dry,Daylight
2023-10-19T06:39:00.000,I 285,I 285 and Lavista Rd,,Rear End,2,Clear,Dry,Daylight
2023-08-27T04:41:00.000,I 285,I 285 and Lavista Rd,,Not a Collision with Motor Vehicle,1,Clear,Dry,Dark-Not Lighted
2023-03-12T12:31:00.000,I 285,I 285 and Lavista Rd,,Rear End,2,Rain,Wet,Daylight
2023-08-25T11:35:00.000,I 285,I 285 and Lavista Rd,,Angle Crash,2,Clear,Dry,Daylight
2023-05-03T06:50:00.000,I 285,I 285 and Lavista Rd,,Rear End,2,Clear,Dry,Daylight
2023-01-04T11:10:00.000,I 285,I 285 and Lavista Rd,,Rear End,2,Cloudy,Wet,Daylight
2023-09-08T16:45:00.000,I 285,I 285 and Lavista Rd,,Rear End,2,Clear,Dry,Dawn
2023-06-22T13:02:00.000,I 285,I 285 and Lavista Rd,,Rear End,2,Cloudy,Dry,Daylight
2023-01-05T15:29:00.000,I 285,I 285 and Lavista Rd,,Rear End,2,Clear,Dry,Daylight
2023-04-25T07:57:00.000,I 285,I 285 and Lavista Rd,,Rear End,2,Clear,Dry,Daylight
2023-10-15T22:00:00.000,I 285,I 285 and Lavista Rd,,Sideswipe-Same Direction,2,Clear,Dry,Dark-Not Lighted
2023-04-06T10:30:00.000,I 285,I 285 and Lavista Rd,,Rear End,2,Clear,Dry,Daylight
2023-10-06T07:36:00.000,I 285,I 285 and Lavista Rd,,Rear End,2,Clear,Dry,Daylight
2023-09-29T21:15:00.000,I 285,I 285 and Lavista Rd,,Sideswipe-Same Direction,2,Clear,Dry,Dark-Not Lighted
2023-01-17T12:17:00.000,I 285,I 285 and Lavista Rd,,Rear End,2,Rain,Wet,Daylight
2023-12-10T14:40:00.000,I 285,I 285 and Lavista Rd,,Sideswipe-Same Direction,2,Rain,Wet,Daylight
2023-12-01T23:40:00.000,I 285,I 285 and Lavista Rd,,Sideswipe-Same Direction,2,Clear,Dry,Dark-Lighted
2023-07-28T14:20:00.000,I 285,I 285 and Lavista Rd,,Rear End,2,Clear,Dry,Daylight
2023-01-09T11:35:00.000,I 285,I 285 and Lavista Rd,,Sideswipe-Same Direction,2,Clear,Dry,Daylight
2023-12-31T01:49:00.000,I 285,I 285 and Lavista Rd,,Rear End,2,Clear,Dry,Dark-Lighted
2023-09-04T19:50:00.000,I 285,I 285 and Lavista Rd,,Rear End,2,Clear,Dry,Dark-Lighted
2023-03-18T10:12:00.000,I 285,I 285 and Lavista Rd,,Rear End,2,Clear,Dry,Daylight
2023-07-28T20:10:00.000,I 285,I 285 and Lavista Rd,,Rear End,2,Rain,Wet,Daylight
2023-07-08T16:10:00.000,I 285,I 285 and Lavista Rd,,Not a Collision with Motor Vehicle,1,Clear,Dry,Daylight
2023-07-10T18:46:00.000,I 285,I 285 and Lavista Rd,,Not a Collision with Motor Vehicle,1,Cloudy,Dry,Daylight
2023-08-28T10:00:00.000,I 285,I 285 and Lavista Rd,,Not a Collision with Motor Vehicle,2,Clear,Dry,Daylight
2023-05-30T12:11:00.000,I 285,I 285 and Lavista Rd,,Rear End,2,Clear,Dry,Daylight
2023-10-27T13:09:00.000,I 285,I 285 and Lavista Rd,,Rear End,2,Clear,Dry,Daylight
2023-05-02T06:47:00.000,I 285,I 285 and Lavista Rd,,Rear End,2,Clear,Dry,Daylight
2023-05-09T15:42:00.000,I 285,I 285 and Lavista Rd,,Sideswipe-Same Direction,2,Cloudy,Dry,Daylight
2023-07-08T11:13:00.000,I 285,I 285 and Lavista Rd,,Not a Collision with Motor Vehicle,1,Cloudy,Dry,Daylight
2023-06-18T21:42:00.000,I 285,I 285 and Lavista Rd,,Angle Crash,2,Cloudy,Dry,Dark-Lighted
2023-05-30T16:45:00.000,I 285,I 285 and Lavista Rd,,Sideswipe-Same Direction,2,Cloudy,Dry,Daylight
2023-08-04T14:25:00.000,I 285,I 285 and Lavista Rd,,Sideswipe-Same Direction,2,Cloudy,Dry,Daylight
2023-05-05T14:01:00.000,I 285,I 285 and Lavista Rd,,Rear End,2,Rain,Wet,Daylight
2023-05-25T14:20:00.000,I 285,I 285 and Lavista Rd,,Not a Collision with Motor Vehicle,1,Clear,Dry,Daylight
2023-12-15T19:21:00.000,I 285,I 285 and Lavista Rd,,Rear End,2,Clear,Dry,Dark-Not Lighted
2023-12-09T22:30:00.000,I 285,I 285 and Lavista Rd,,Sideswipe-Same Direction,2,Clear,Dry,Dark-Not Lighted
2023-12-28T13:45:00.000,I 285,I 285 and Lavista Rd,,Rear End,2,Clear,Dry,Daylight
2023-11-15T09:00:00.000,I 285,I 285 and Lavista Rd,,Rear End,2,Clear,Dry,Daylight
2023-03-04T14:50:00.000,I 285,I 285 and Lavista Rd,,Sideswipe-Same Direction,2,Clear,Dry,Daylight
2023-04-30T05:42:00.000,I 285,I 285 and Lavista Rd,,Angle Crash,2,Rain,Wet,Dark-Lighted
2023-02-14T17:51:00.000,I 285,I 285 and Lavista Rd,,Rear End,2,Clear,Dry,Daylight
2023-12-29T11:42:00.000,I 285,I 285 and Lavista Rd,,Rear End,2,Cloudy,Dry,Daylight
2022-07-24T18:19:00.000,I 285,I 285 and Lavista Rd,,Rear End,2,Clear,Dry,Daylight
2022-03-17T11:30:00.000,I 285,I 285 and Lavista Rd,,Angle Crash,2,Clear,Dry,Daylight
2022-12-01T12:50:00.000,I 285,I 285 and Lavista Rd,,Rear End,3,Clear,Dry,Daylight
2022-08-01T18:30:00.000,I 285,I 285 and Lavista Rd,,Sideswipe-Same Direction,2,Clear,Dry,Daylight
2022-09-27T17:03:00.000,I 285,I 285 and Lavista Rd,,Angle Crash,2,Clear,Dry,Daylight
2022-07-11T18:45:00.000,I 285,I 285 and Lavista Rd,,Sideswipe-Same Direction,2,Cloudy,Dry,Daylight
2022-11-18T12:05:00.000,I 285,I 285 and Lavista Rd,,Rear End,3,Clear,Dry,Daylight
2022-03-15T15:26:00.000,I 285,I 285 and Lavista Rd,,Sideswipe-Same Direction,2,Rain,Wet,Daylight
2023-06-02T17:44:00.000,I 285,I 285 and Lavista Rd,,Rear End,2,Clear,Dry,Daylight
2022-02-08T08:27:00.000,I 285,I 285 and Lavista Rd,,Rear End,2,Clear,Dry,Daylight
2020-12-11T19:24:00.000,I 285,I 285 and Lavista Rd,,Angle Crash,2,Clear,Dry,Dark-Lighted
2021-06-22T00:51:00.000,I 285,I 285 and Lavista Rd,,Angle Crash,2,Cloudy,Wet,Dark-Lighted
2023-05-30T12:18:00.000,I 285,I 285 and Lavista Rd,,Sideswipe-Same Direction,2,Cloudy,Dry,Daylight
2021-06-13T14:14:00.000,I 285,I 285 and Lavista Rd,,Rear End,2,Clear,Dry,Daylight
2020-02-10T14:47:00.000,I 285,I 285 and Lavista Rd,,Not a Collision with Motor Vehicle,2,Cloudy,Wet,Daylight
2020-09-14T18:35:00.000,I 285,I 285 and Lavista Rd,,Angle Crash,2,Clear,Dry,Daylight
2020-12-24T16:00:00.000,I 285,I 285 and Lavista Rd,,Not a Collision with Motor Vehicle,1,Clear,Wet,Daylight