Date and Time,Roadway (From Crash Report),Intersection Name (from Crash Report),KABCO Severity,Manner of Collision (Crash Level) ,# of Vehicles per crash ,Weather Conditions (Crash Level),Surface Condition (Crash Level) ,Light Conditions (Crash Level)
2020-08-03T17:00:00.000,I 285,I 285 and Lavista Rd,,Sideswipe-Same Direction,2,Cloudy,Wet,Daylight
2020-08-31T22:15:00.000,I 285,I 285 and Lavista Rd,,Sideswipe-Same Direction,2,Clear,Dry,Dark-Not Lighted
2020-01-08T06:26:00.000,I 285,I 285 and Lavista Rd,,Rear End,2,Clear,Dry,Daylight
2020-01-28T12:26:00.000,I 285,I 285 and Lavista Rd,,Rear End,2,Clear,Dry,Daylight
2020-05-03T19:47:00.000,I 285,I 285 and Lavista Rd,,Sideswipe-Same Direction,2,Cloudy,Dry,Daylight
2020-06-24T09:37:00.000,I 285,I 285 and Lavista Rd,,Not a Collision with Motor Vehicle,1,Clear,Dry,Daylight
2020-02-20T09:58:00.000,I 285,I 285 and Lavista Rd,,Rear End,2,Rain,Wet,Daylight
2020-02-27T12:55:00.000,I 285,I 285 and Lavista Rd,,Rear End,2,Clear,Dry,Daylight
2020-12-22T11:34:00.000,I 285,I 285 and Lavista Rd,,Rear End,3,Clear,Dry,Daylight
2020-01-23T06:25:00.000,I 285,I 285 and Lavista Rd,,Angle Crash,2,Clear,Dry,Dark-Not Lighted
2020-11-02T08:00:00.000,I 285,I 285 and Lavista Rd,,Not a Collision with Motor Vehicle,1,Clear,Dry,Dark-Not Lighted
2020-05-27T11:35:00.000,I 285,I 285 and Lavista Rd,,Angle Crash,2,Rain,Wet,Daylight
2020-09-17T00:00:00.000,I 285,I 285 and Lavista Rd,,Rear End,2,Rain,Wet,Daylight
2020-03-17T05:14:00.000,I 285,I 285 and Lavista Rd,,Rear End,2,Cloudy,Wet,Dark-Not Lighted
2020-09-28T11:50:00.000,I 285,I 285 and Lavista Rd,,Not a Collision with Motor Vehicle,1,Clear,Dry,Daylight
2020-07-28T10:08:00.000,I 285,I 285 and Lavista Rd,,Sideswipe-Same Direction,2,Clear,Dry,Daylight
2020-02-06T00:20:00.000,I 285,I 285 and Lavista Rd,,Sideswipe-Same Direction,2,Rain,Wet,Dark-Not Lighted
2020-09-05T01:42:00.000,I 285,I 285 and Lavista Rd,,Not a Collision with Motor Vehicle,1,Clear,Dry,Dark-Lighted
2020-05-03T12:50:00.000,I 285,I 285 and Lavista Rd,,Rear End,2,Clear,Dry,Daylight
2020-11-02T10:28:00.000,I 285,I 285 and Lavista Rd,,Rear End,2,Clear,Dry,Daylight
2020-02-27T12:51:00.000,I 285,I 285 and Lavista Rd,,Angle Crash,2,Clear,Dry,Daylight
2020-04-06T16:18:00.000,I 285,I 285 and Lavista Rd,,Angle Crash,2,Clear,Dry,Daylight
2020-12-14T05:12:00.000,I 285,I 285 and Lavista Rd,,Not a Collision with Motor Vehicle,1,Rain,Wet,Dark-Not Lighted
2020-01-18T20:09:00.000,I 285,I 285 and Lavista Rd,,Rear End,2,Rain,Wet,Dark-Not Lighted
2020-08-06T00:00:00.000,I 285,I 285 and Lavista Rd,,Rear End,2,Clear,Dry,Daylight
2020-09-29T09:36:00.000,I 285,I 285 and Lavista Rd,,Rear End,3,Cloudy,Dry,Daylight
2020-01-18T01:10:00.000,I 285,I 285 and Lavista Rd,,Sideswipe-Same Direction,2,Clear,Dry,Dark-Not Lighted
2020-01-10T06:33:00.000,I 285,I 285 and Lavista Rd,,Rear End,2,Clear,Dry,Dark-Not Lighted
2020-12-24T15:00:00.000,I 285,I 285 and Lavista Rd,,Rear End,2,Rain,Wet,Daylight
2020-12-08T21:40:00.000,I 285,I 285 and Lavista Rd,,Sideswipe-Same Direction,2,Clear,Dry,Dark-Lighted
2020-02-17T11:40:00.000,I 285,I 285 and Lavista Rd,,Rear End,3,Cloudy,Dry,Daylight
2020-12-05T14:12:00.000,I 285,I 285 and Lavista Rd,,Rear End,2,Clear,Dry,Daylight
2020-05-23T01:17:00.000,I 285,I 285 and Lavista Rd,,Not a Collision with Motor Vehicle,1,Clear,Dry,Dark-Lighted
2020-10-07T20:30:00.000,I 285,I 285 and Lavista Rd,,Not a Collision with Motor Vehicle,2,Clear,Dry,Dark-Lighted
2020-12-31T19:53:00.000,I 285,I 285 and Lavista Rd,,Angle Crash,2,Other,Wet,Dark-Not Lighted
2020-10-04T14:50:00.000,I 285,I 285 and Lavista Rd,,Sideswipe-Same Direction,2,Clear,Dry,Daylight
2020-06-09T06:00:00.000,I 285,I 285 and Lavista Rd,,Not a Collision with Motor Vehicle,1,Cloudy,Dry,Dawn
2020-11-16T12:50:00.000,I 285,I 285 and Lavista Rd,,Sideswipe-Same Direction,2,Clear,Dry,Daylight
2020-04-23T00:00:00.000,I 285,I 285 and Lavista Rd,,Not a Collision with Motor Vehicle,1,Rain,Wet,Dark-Lighted
2020-05-14T12:30:00.000,I 285,I 285 and Lavista Rd,,Rear End,2,Clear,Dry,Daylight
2020-08-12T14:38:00.000,I 285,I 285 and Lavista Rd,,Not a Collision with Motor Vehicle,1,Clear,Dry,Daylight
2020-10-01T13:38:00.000,I 285,I 285 and Lavista Rd,,Sideswipe-Same Direction,2,Clear,Dry,Daylight
2020-09-28T00:00:00.000,I 285,I 285 and Lavista Rd,,Not a Collision with Motor Vehicle,1,Clear,Dry,Daylight
2020-12-31T16:05:00.000,I 285,I 285 and Lavista Rd,,Rear End,2,Cloudy,Wet,Daylight
2020-05-27T11:23:00.000,I 285,I 285 and Lavista Rd,,Rear End,2,Rain,Wet,Daylight
2020-01-14T18:16:00.000,I 285,I 285 and Lavista Rd,,Rear End,2,Rain,Wet,Dark-Not Lighted
2020-03-04T11:08:00.000,I 285,I 285 and Lavista Rd,,Angle Crash,2,Rain,Water (standing or moving),Daylight
2020-10-14T15:30:00.000,I 285,I 285 and Lavista Rd,,Sideswipe-Same Direction,2,Clear,Dry,Daylight
2020-11-30T10:40:00.000,I 285,I 285 and Lavista Rd,,Sideswipe-Same Direction,2,Cloudy,Dry,Daylight
2020-12-05T14:00:00.000,I 285,I 285 and Lavista Rd,,Rear End,2,Clear,Dry,Daylight
2020-01-11T14:37:00.000,I 285,I 285 and Lavista Rd,,Angle Crash,2,Rain,Wet,Daylight
2020-06-10T13:00:00.000,I 285,I 285 and Lavista Rd,,Rear End,2,Rain,Wet,Daylight
2020-02-27T13:55:00.000,I 285,I 285 and Lavista Rd,,Sideswipe-Same Direction,2,Clear,Dry,Daylight
2020-01-11T19:23:00.000,I 285,I 285 and Lavista Rd,,Angle Crash,2,Rain,Wet,Dark-Not Lighted
2020-09-11T17:20:00.000,I 285,I 285 and Lavista Rd,,Rear End,2,Clear,Dry,Daylight
2020-06-28T23:10:00.000,I 285,I 285 and Lavista Rd,,Not a Collision with Motor Vehicle,1,Clear,Dry,Dark-Not Lighted
2020-09-30T01:32:00.000,I 285,I 285 and Lavista Rd,,Rear End,2,Clear,Dry,Daylight
2020-08-14T06:53:00.000,I 285,I 285 and Lavista Rd,,Rear End,2,Clear,Dry,Daylight
2020-07-22T12:00:00.000,I 285,I 285 and Lavista Rd,,Rear End,2,Clear,Dry,Daylight
2020-11-13T15:15:00.000,I 285,I 285 and Lavista Rd,,Not a Collision with Motor Vehicle,2,Clear,Dry,Daylight
2020-01-25T11:00:00.000,I 285,I 285 and Lavista Rd,,Rear End,2,Cloudy,Dry,Daylight
2020-11-21T16:00:00.000,I 285,I 285 and Lavista Rd,,Sideswipe-Same Direction,2,Clear,Dry,Daylight
2020-11-24T00:00:00.000,I 285,I 285 and Lavista Rd,,Rear End,2,Clear,Dry,Daylight
2020-06-22T11:55:00.000,I 285,I 285 and Lavista Rd,,Not a Collision with Motor Vehicle,2,Clear,Dry,Daylight
2020-09-05T01:43:00.000,I 285,I 285 and Lavista Rd,,Not a Collision with Motor Vehicle,1,Clear,Dry,Dark-Lighted
2020-10-09T16:00:00.000,I 285,I 285 and Lavista Rd,,Rear End,2,Cloudy,Wet,Daylight
2020-09-04T15:20:00.000,I 285,I 285 and Lavista Rd,,Rear End,2,Clear,Dry,Daylight
2020-12-08T14:22:00.000,I 285,I 285 and Lavista Rd,,Not a Collision with Motor Vehicle,2,Clear,Dry,Daylight
2020-06-30T19:20:00.000,I 285,I 285 and Lavista Rd,,Rear End,2,Clear,Dry,Daylight
2020-01-02T20:29:00.000,I 285,I 285 and Lavista Rd,,Sideswipe-Same Direction,2,Rain,Wet,Dusk
2020-12-26T18:28:00.000,I 285,I 285 and Lavista Rd,,Rear End,2,Clear,Dry,Dark-Lighted
2020-09-08T08:17:00.000,I 285,I 285 and Lavista Rd,,Not a Collision with Motor Vehicle,1,Clear,Dry,Daylight
2020-02-28T10:29:00.000,I 285,I 285 and Lavista Rd,,Rear End,3,Clear,Dry,Daylight
2020-01-07T10:55:00.000,I 285,I 285 and Lavista Rd,,Rear End,2,Clear,Dry,Daylight
2020-12-10T11:59:00.000,I 285,I 285 and Lavista Rd,,Rear End,3,Clear,Dry,Daylight
2020-09-21T20:32:00.000,I 285,I 285 and Lavista Rd,,Not a Collision with Motor Vehicle,2,Clear,Dry,Dark-Lighted
2020-03-08T23:31:00.000,I 285,I 285 and Lavista Rd,,Sideswipe-Same Direction,2,Clear,Dry,Dark-Not Lighted
2021-05-18T15:19:00.000,I 285,I 285 and Lavista Rd,,Not a Collision with Motor Vehicle,2,Clear,Dry,Daylight
2021-02-07T11:49:00.000,I 285,I 285 and Lavista Rd,,Not a Collision with Motor Vehicle,1,Clear,Wet,Daylight
2021-01-31T22:37:00.000,I 285,I 285 and Lavista Rd,,Not a Collision with Motor Vehicle,1,Cloudy,Wet,Dark-Not Lighted
2021-04-05T14:13:00.000,I 285,I 285 and Lavista Rd,,Rear End,2,Clear,Dry,Daylight
2021-06-30T12:15:00.000,I 285,I 285 and Lavista Rd,,Sideswipe-Same Direction,3,Cloudy,Dry,Daylight
2021-06-19T21:00:00.000,I 285,I 285 and Lavista Rd,,Sideswipe-Same Direction,2,Cloudy,Wet,Dark-Not Lighted
2021-06-05T17:50:00.000,I 285,I 285 and Lavista Rd,,Sideswipe-Same Direction,2,Clear,Dry,Daylight
2021-03-08T13:48:00.000,I 285,I 285 and Lavista Rd,,Rear End,2,Clear,Dry,Daylight
2021-01-23T02:25:00.000,I 285,I 285 and Lavista Rd,,Rear End,2,Clear,Dry,Dark-Not Lighted
2021-02-03T12:30:00.000,I 285,I 285 and Lavista Rd,,Rear End,2,Clear,Dry,Daylight
2021-04-27T14:32:00.000,I 285,I 285 and Lavista Rd,,Rear End,2,Clear,Dry,Daylight
2021-04-09T14:04:00.000,I 285,I 285 and Lavista Rd,,Rear End,2,Clear,Dry,Daylight
2021-06-18T11:10:00.000,I 285,I 285 and Lavista Rd,,Rear End,2,Clear,Dry,Daylight
2021-04-01T07:49:00.000,I 285,I 285 and Lavista Rd,,Sideswipe-Same Direction,2,Clear,Dry,Dawn
2021-05-04T00:00:00.000,I 285,I 285 and Lavista Rd,,Rear End,2,Cloudy,Dry,Daylight
2021-06-23T19:10:00.000,I 285,I 285 and Lavista Rd,,Sideswipe-Same Direction,2,Clear,Dry,Daylight
2021-06-10T00:03:00.000,I 285,I 285 and Lavista Rd,,Angle Crash,2,Cloudy,Wet,Dark-Not Lighted
2021-01-28T13:10:00.000,I 285,I 285 and Lavista Rd,,Rear End,2,Clear,Dry,Daylight
2021-05-26T17:45:00.000,I 285,I 285 and Lavista Rd,,Rear End,2,Clear,Dry,Daylight
2021-02-15T20:50:00.000,I 285,I 285 and Lavista Rd,,Angle Crash,3,Rain,Wet,Dark-Not Lighted
2021-03-12T14:00:00.000,I 285,I 285 and Lavista Rd,,Sideswipe-Same Direction,2,Clear,Dry,Daylight
2021-01-14T09:15:00.000,I 285,I 285 and Lavista Rd,,Rear End,3,Clear,Dry,Daylight
2021-04-15T00:00:00.000,I 285,I 285 and Lavista Rd,,Rear End,3,Clear,Dry,Daylight
2021-07-07T08:23:00.000,I 285,I 285 and Lavista Rd,,Rear End,2,Cloudy,Dry,Daylight
2021-09-21T14:30:00.000,I 285,I 285 and Lavista Rd,,Rear End,3,Cloudy,Dry,Daylight
2021-08-12T10:41:00.000,I 285,I 285 and Lavista Rd,,Sideswipe-Same Direction,2,Clear,Dry,Daylight
2021-10-01T15:48:00.000,I 285,I 285 and Lavista Rd,,Rear End,3,Clear,Dry,Daylight
2021-08-05T10:38:00.000,I 285,I 285 and Lavista Rd,,Sideswipe-Same Direction,2,Clear,Dry,Daylight
2021-08-06T10:55:00.000,I 285,I 285 and Lavista Rd,,Not a Collision with Motor Vehicle,2,Clear,Dry,Daylight
2021-10-28T04:15:00.000,I 285,I 285 and Lavista Rd,,Rear End,2,Rain,Wet,Dark-Not Lighted
2021-07-23T09:35:00.000,I 285,I 285 and Lavista Rd,,Rear End,2,Clear,Dry,Daylight
2021-12-09T15:58:00.000,I 285,I 285 and Lavista Rd,,Rear End,2,Clear,Dry,Daylight
2021-12-04T20:30:00.000,I 285,I 285 and Lavista Rd,,Sideswipe-Same Direction,2,Clear,Dry,Dark-Not Lighted
2021-07-30T11:34:00.000,I 285,I 285 and Lavista Rd,,Rear End,2,Clear,Dry,Daylight
2021-07-03T17:19:00.000,I 285,I 285 and Lavista Rd,,Rear End,2,Clear,Dry,Dark-Lighted
2021-09-23T17:56:00.000,I 285,I 285 and Lavista Rd,,Rear End,2,Clear,Dry,Daylight
2021-08-24T15:30:00.000,I 285,I 285 and Lavista Rd,,Sideswipe-Same Direction,2,Clear,Dry,Daylight
2021-10-28T10:42:00.000,I 285,I 285 and Lavista Rd,,Angle Crash,3,Rain,Wet,Dark-Lighted
2021-12-23T13:46:00.000,I 285,I 285 and Lavista Rd,,Rear End,2,Clear,Dry,Daylight
2022-10-24T15:20:00.000,I 285,I 285 and Lavista Rd,,Angle Crash,2,Clear,Dry,Daylight
2022-05-05T08:01:00.000,I 285,I 285 and Lavista Rd,,Rear End,2,Clear,Dry,Daylight
2022-06-11T16:07:00.000,I 285,I 285 and Lavista Rd,,Rear End,2,Clear,Dry,Daylight
2022-02-08T22:50:00.000,I 285,I 285 and Lavista Rd,,Not a Collision with Motor Vehicle,1,Clear,Dry,Dark-Not Lighted
2022-01-22T19:55:00.000,I 285,I 285 and Lavista Rd,,Angle Crash,2,Clear,Dry,Dark-Not Lighted
2022-01-26T06:19:00.000,I 285,I 285 and Lavista Rd,,Sideswipe-Same Direction,2,Clear,Dry,Dark-Not Lighted
2022-05-11T11:00:00.000,I 285,I 285 and Lavista Rd,,Sideswipe-Same Direction,2,Clear,Dry,Daylight
2022-11-29T16:30:00.000,I 285,I 285 and Lavista Rd,,Sideswipe-Same Direction,2,Clear,Dry,Daylight
2022-11-22T14:45:00.000,I 285,I 285 and Lavista Rd,,Sideswipe-Same Direction,2,Cloudy,Dry,Daylight
2021-11-12T20:35:00.000,I 285,I 285 and Lavista Rd,,Rear End,2,Clear,Dry,Dark-Lighted
2021-07-06T11:20:00.000,I 285,I 285 and Lavista Rd,,Not a Collision with Motor Vehicle,1,Clear,Dry,Daylight
2021-10-12T08:00:00.000,I 285,I 285 and Lavista Rd,,Rear End,2,Clear,Dry,Daylight
2021-09-29T06:55:00.000,I 285,I 285 and Lavista Rd,,Rear End,2,Clear,Dry,Dark-Not Lighted
2021-07-16T08:17:00.000,I 285,I 285 and Lavista Rd,,Sideswipe-Same Direction,2,Clear,Dry,Daylight
2021-08-10T07:05:00.000,I 285,I 285 and Lavista Rd,,Not a Collision with Motor Vehicle,1,Clear,Dry,Daylight
2021-09-21T14:30:00.000,I 285,I 285 and Lavista Rd,,Rear End,2,Cloudy,Dry,Daylight
2021-10-28T05:20:00.000,I 285,I 285 and Lavista Rd,,Rear End,2,Rain,Wet,Dark-Not Lighted
2021-10-30T14:55:00.000,I 285,I 285 and Lavista Rd,,Angle Crash,2,Rain,Wet,Daylight
2021-07-06T11:20:00.000,I 285,I 285 and Lavista Rd,,Rear End,2,Cloudy,Dry,Daylight
2022-08-23T09:03:00.000,I 285,I 285 and Lavista Rd,,Rear End,2,Cloudy,Dry,Daylight
2022-01-22T16:03:00.000,I 285,I 285 and Lavista Rd,,Rear End,2,Clear,Dry,Daylight
2022-11-24T14:30:00.000,I 285,I 285 and Lavista Rd,,Rear End,2,Clear,Dry,Daylight
2022-12-29T15:23:00.000,I 285,I 285 and Lavista Rd,,Rear End,2,Clear,Dry,Daylight
2022-09-13T11:08:00.000,I 285,I 285 and Lavista Rd,,Rear End,2,Clear,Dry,Daylight
2022-06-29T16:00:00.000,I 285,I 285 and Lavista Rd,,Rear End,2,Clear,Dry,Daylight
2022-07-08T16:48:00.000,I 285,I 285 and Lavista Rd,,Sideswipe-Same Direction,2,Clear,Dry,Daylight
2022-07-07T14:47:00.000,I 285,I 285 and Lavista Rd,,Rear End,2,Rain,Wet,Daylight
2022-08-26T18:48:00.000,I 285,I 285 and Lavista Rd,,Sideswipe-Same Direction,2,Clear,Dry,Daylight
2022-04-26T09:50:00.000,I 285,I 285 and Lavista Rd,,Rear End,2,Cloudy,Dry,Daylight
2022-05-21T16:02:00.000,I 285,I 285 and Lavista Rd,,Angle Crash,2,Clear,Dry,Daylight
2022-11-04T08:07:00.000,I 285,I 285 and Lavista Rd,,Angle Crash,2,Clear,Dry,Dark-Lighted
2022-10-13T14:15:00.000,I 285,I 285 and Lavista Rd,,Rear End,3,Clear,Dry,Daylight
2022-06-27T06:27:00.000,I 285,I 285 and Lavista Rd,,Rear End,2,Cloudy,Dry,Daylight
2022-06-26T19:36:00.000,I 285,I 285 and Lavista Rd,,Rear End,2,Rain,Wet,Daylight
2022-04-20T15:00:00.000,I 285,I 285 and Lavista Rd,,Sideswipe-Same Direction,2,Clear,Dry,Daylight
2022-09-14T19:18:00.000,I 285,I 285 and Lavista Rd,,Not a Collision with Motor Vehicle,2,Clear,Dry,Daylight
2022-11-30T00:51:00.000,I 285,I 285 and Lavista Rd,,Not a Collision with Motor Vehicle,1,Rain,Wet,Dark-Not Lighted
2022-05-05T15:04:00.000,I 285,I 285 and Lavista Rd,,Rear End,2,Clear,Dry,Daylight
2022-02-09T19:50:00.000,I 285,I 285 and Lavista Rd,,Angle Crash,2,Clear,Dry,Dark-Not Lighted
2022-10-29T04:50:00.000,I 285,I 285 and Lavista Rd,,Rear End,2,Clear,Dry,Dark-Not Lighted
2022-09-22T18:32:00.000,I 285,I 285 and Lavista Rd,,Rear End,2,Clear,Dry,Daylight
2022-01-28T23:10:00.000,I 285,I 285 and Lavista Rd,,Sideswipe-Same Direction,2,Clear,Dry,Dark-Lighted
2022-06-21T18:20:00.000,I 285,I 285 and Lavista Rd,,Rear End,2,Clear,Dry,Daylight
2022-02-24T14:15:00.000,I 285,I 285 and Lavista Rd,,Sideswipe-Same Direction,2,Clear,Dry,Daylight
2022-02-25T00:00:00.000,I 285,I 285 and Lavista Rd,,Rear End,4,Cloudy,Dry,Daylight
2022-03-21T12:19:00.000,I 285,I 285 and Lavista Rd,,Rear End,2,Clear,Dry,Daylight
2021-10-16T15:00:00.000,I 285,I 285 and Lavista Rd,,Rear End,3,Clear,Dry,Daylight
2021-09-30T16:52:00.000,I 285,I 285 and Lavista Rd,,Sideswipe-Same Direction,2,Clear,Dry,Daylight
2021-09-07T09:00:00.000,I 285,I 285 and Lavista Rd,,Sideswipe-Same Direction,2,Clear,Dry,Daylight
2021-12-31T14:00:00.000,I 285,I 285 and Lavista Rd,,Not a Collision with Motor Vehicle,2,Clear,Dry,Daylight
2021-10-30T13:28:00.000,I 285,I 285 and Lavista Rd,,Rear End,2,Fog,Wet,Daylight
2021-12-13T15:39:00.000,I 285,I 285 and Lavista Rd,,Rear End,2,Clear,Dry,Daylight
2022-03-08T17:20:00.000,I 285,I 285 and Lavista Rd,,Angle Crash,2,Rain,Wet,Dark-Not Lighted
2022-10-13T05:26:00.000,I 285,I 285 and Lavista Rd,,Sideswipe-Same Direction,2,Rain,Wet,Dark-Not Lighted
2022-04-28T13:55:00.000,I 285,I 285 and Lavista Rd,,Sideswipe-Same Direction,2,Clear,Dry,Daylight
2022-07-26T07:00:00.000,I 285,I 285 and Lavista Rd,,Not a Collision with Motor Vehicle,2,Clear,Dry,Daylight
2022-10-12T21:41:00.000,I 285,I 285 and Lavista Rd,,Angle Crash,2,Clear,Dry,Dark-Lighted
2022-02-01T15:06:00.000,I 285,I 285 and Lavista Rd,,Rear End,2,Clear,Dry,Daylight
2022-06-02T12:55:00.000,I 285,I 285 and Lavista Rd,,Rear End,3,Clear,Dry,Daylight
2022-05-27T15:59:00.000,I 285,I 285 and Lavista Rd,,Rear End,2,Clear,Dry,Daylight
2022-10-25T09:46:00.000,I 285,I 285 and Lavista Rd,,Angle Crash,2,Clear,Dry,Daylight
2022-04-08T11:52:00.000,I 285,I 285 and Lavista Rd,,Sideswipe-Same Direction,2,Cloudy,Dry,Daylight
2022-06-27T07:02:00.000,I 285,I 285 and Lavista Rd,,Angle Crash,2,Clear,Dry,Daylight
2022-04-16T04:37:00.000,I 285,I 285 and Lavista Rd,,Angle Crash,2,Rain,Wet,Dark-Not Lighted
2022-03-01T06:50:00.000,I 285,I 285 and Lavista Rd,,Rear End,2,Clear,Dry,Daylight
2022-03-04T21:10:00.000,I 285,I 285 and Lavista Rd,,Angle Crash,2,Clear,Dry,Dark-Not Lighted
2022-05-17T16:40:00.000,I 285,I 285 and Lavista Rd,,Rear End,2,Cloudy,Dry,Daylight
2022-03-18T00:00:00.000,I 285,I 285 and Lavista Rd,,Rear End,2,Clear,Wet,Daylight
2022-10-20T11:15:00.000,I 285,I 285 and Lavista Rd,,Rear End,3,Clear,Dry,Daylight
2022-04-09T12:56:00.000,I 285,I 285 and Lavista Rd,,Rear End,2,Clear,Dry,Daylight
2022-10-26T08:18:00.000,I 285,I 285 and Lavista Rd,,Rear End,2,Clear,Dry,Daylight
2022-02-09T14:45:00.000,I 285,I 285 and Lavista Rd,,Sideswipe-Same Direction,2,Clear,Dry,Daylight
2022-01-27T19:20:00.000,I 285,I 285 and Lavista Rd,,Angle Crash,2,Clear,Dry,Daylight
2022-04-21T04:48:00.000,I 285,I 285 and Lavista Rd,,Not a Collision with Motor Vehicle,1,Clear,Dry,Dark-Not Lighted
2022-09-28T08:04:00.000,I 285,I 285 and Lavista Rd,,Rear End,2,Clear,Dry,Daylight
2022-05-28T16:22:00.000,I 285,I 285 and Lavista Rd,,Rear End,2,Clear,Dry,Daylight
2022-07-11T16:15:00.000,I 285,I 285 and Lavista Rd,,Sideswipe-Same Direction,2,Cloudy,Dry,Daylight
2022-03-13T17:30:00.000,I 285,I 285 and Lavista Rd,,Rear End,2,Clear,Dry,Daylight
2022-02-21T22:30:00.000,I 285,I 285 and Lavista Rd,,Rear End,2,Rain,Wet,Dark-Lighted
2022-07-15T11:15:00.000,I 285,I 285 and Lavista Rd,,Rear End,3,Clear,Dry,Daylight
2022-05-30T15:37:00.000,I 285,I 285 and Lavista Rd,,Rear End,2,Cloudy,Dry,Daylight
2022-10-19T12:15:00.000,I 285,I 285 and Lavista Rd,,Rear End,3,Clear,Dry,Daylight
2022-07-02T14:47:00.000,I 285,I 285 and Lavista Rd,,Rear End,3,Clear,Dry,Daylight
2022-05-21T17:20:00.000,I 285,I 285 and Lavista Rd,,Sideswipe-Same Direction,2,Clear,Dry,Daylight
2022-06-07T07:34:00.000,I 285,I 285 and Lavista Rd,,Angle Crash,2,Cloudy,Dry,Daylight
2022-12-18T13:40:00.000,I 285,I 285 and Lavista Rd,,Rear End,2,Clear,Dry,Daylight
2022-09-20T07:38:00.000,I 285,I 285 and Lavista Rd,,Rear End,3,Clear,Dry,Daylight
2022-03-13T19:51:00.000,I 285,I 285 and Lavista Rd,,Rear End,2,Clear,Dry,Dark-Lighted
2022-08-16T18:48:00.000,I 285,I 285 and Lavista Rd,,Sideswipe-Same Direction,2,Clear,Dry,Daylight
2022-01-18T12:45:00.000,I 285,I 285 and Lavista Rd,,Rear End,2,Clear,Dry,Daylight
2022-04-28T16:40:00.000,I 285,I 285 and Lavista Rd,,Sideswipe-Same Direction,2,Clear,Dry,Daylight
2022-12-08T11:53:00.000,I 285,I 285 and Lavista Rd,,Rear End,2,Clear,Dry,Daylight
2022-05-11T18:50:00.000,I 285,I 285 and Lavista Rd,,Sideswipe-Same Direction,2,Clear,Dry,Daylight
2022-10-11T07:07:00.000,I 285,I 285 and Lavista Rd,,Rear End,2,Clear,Dry,Daylight
2022-10-07T16:36:00.000,I 285,I 285 and Lavista Rd,,Rear End,2,Clear,Dry,Daylight
2022-08-19T17:50:00.000,I 285,I 285 and Lavista Rd,,Sideswipe-Same Direction,2,Cloudy,Dry,Daylight
2022-09-30T12:31:00.000,I 285,I 285 and Lavista Rd,,Rear End,2,Cloudy,Dry,Daylight
2022-11-30T00:45:00.000,I 285,I 285 and Lavista Rd,,Angle Crash,2,Rain,Wet,Dark-Not Lighted
2022-04-27T17:04:00.000,I 285,I 285 and Lavista Rd,,Angle Crash,3,Clear,Dry,Daylight
2022-07-31T13:30:00.000,I 285,I 285 and Lavista Rd,,Sideswipe-Same Direction,2,Clear,Dry,Daylight
2022-12-09T12:11:00.000,I 285,I 285 and Lavista Rd,,Rear End,2,Rain,Wet,Dark-Lighted
2022-07-20T16:27:00.000,I 285,I 285 and Lavista Rd,,Rear End,2,Clear,Dry,Daylight
2022-01-12T16:55:00.000,I 285,I 285 and Lavista Rd,,Angle Crash,2,Clear,Dry,Daylight
2022-02-26T15:04:00.000,I 285,I 285 and Lavista Rd,,Rear End,2,Clear,Dry,Daylight
2022-10-31T18:00:00.000,I 285,I 285 and Lavista Rd,,Rear End,2,Cloudy,Dry,Daylight
2022-10-19T08:10:00.000,I 285,I 285 and Lavista Rd,,Sideswipe-Same Direction,2,Clear,Dry,Daylight
2022-06-13T00:00:00.000,I 285,I 285 and Lavista Rd,,Not a Collision with Motor Vehicle,2,Clear,Dry,Daylight
2022-02-15T06:44:00.000,I 285,I 285 and Lavista Rd,,Sideswipe-Same Direction,2,Clear,Dry,Dusk
2022-06-29T10:05:00.000,I 285,I 285 and Lavista Rd,,Angle Crash,2,Clear,Dry,Daylight
2022-09-17T17:24:00.000,I 285,I 285 and Lavista Rd,,Rear End,2,Cloudy,Dry,Daylight
2022-06-26T21:58:00.000,I 285,I 285 and Lavista Rd,,Sideswipe-Same Direction,2,Cloudy,Wet,Dark-Not Lighted
2022-07-06T06:51:00.000,I 285,I 285 and Lavista Rd,,Angle Crash,3,Clear,Dry,Daylight
2022-05-04T08:05:00.000,I 285,I 285 and Lavista Rd,,Rear End,2,Rain,Wet,Daylight
2022-08-05T17:25:00.000,I 285,I 285 and Lavista Rd,,Sideswipe-Same Direction,2,Cloudy,Dry,Daylight
2022-03-12T00:11:00.000,I 285,I 285 and Lavista Rd,,Not a Collision with Motor Vehicle,1,Rain,Wet,Dark-Not Lighted
2022-12-08T11:26:00.000,I 285,I 285 and Lavista Rd,,Rear End,2,Clear,Dry,Dark-Lighted
2022-10-20T07:59:00.000,I 285,I 285 and Lavista Rd,,Rear End,2,Clear,Dry,Daylight
2022-02-11T16:40:00.000,I 285,I 285 and Lavista Rd,,Sideswipe-Same Direction,2,Clear,Dry,Daylight
2022-05-29T03:40:00.000,I 285,I 285 and Lavista Rd,,Angle Crash,3,Clear,Dry,Dark-Not Lighted