Date and Time,Roadway (From Crash Report),Intersection Name (from Crash Report),KABCO Severity,Manner of Collision (Crash Level) ,# of Vehicles per crash ,Weather Conditions (Crash Level),Surface Condition (Crash Level) ,Light Conditions (Crash Level)
2022-08-09T09:00:00.000,I 285,I 285 and Lavista Rd,,Not a Collision with Motor Vehicle,2,Clear,Dry,Daylight
2022-08-02T08:59:00.000,I 285,I 285 and Lavista Rd,,Sideswipe-Same Direction,2,Clear,Dry,Daylight
2022-11-29T11:31:00.000,I 285,I 285 and Lavista Rd,,Rear End,2,Clear,Dry,Daylight
2022-01-31T04:50:00.000,I 285,I 285 and Lavista Rd,,Sideswipe-Same Direction,2,Clear,Dry,Dark-Not Lighted
2022-07-16T04:29:00.000,I 285,I 285 and Lavista Rd,,Sideswipe-Same Direction,2,Clear,Dry,Dark-Lighted
2022-12-17T02:22:00.000,I 285,I 285 and Lavista Rd,,Rear End,2,Clear,Dry,Dark-Lighted
2022-06-16T16:54:00.000,I 285,I 285 and Lavista Rd,,Rear End,2,Clear,Dry,Daylight
2022-07-04T22:53:00.000,I 285,I 285 and Lavista Rd,,Not a Collision with Motor Vehicle,1,Cloudy,Wet,Dark-Not Lighted
2022-01-16T03:16:00.000,I 285,I 285 and Lavista Rd,,Not a Collision with Motor Vehicle,1,Rain,Wet,Dark-Lighted
2022-03-22T15:00:00.000,I 285,I 285 and Lavista Rd,,Angle Crash,3,Cloudy,Dry,Daylight
2022-04-21T16:40:00.000,I 285,I 285 and Lavista Rd,,Rear End,2,Clear,Dry,Daylight
2022-07-06T07:21:00.000,I 285,I 285 and Lavista Rd,,Angle Crash,2,Clear,Dry,Daylight
2022-08-02T18:20:00.000,I 285,I 285 and Lavista Rd,,Rear End,2,Clear,Dry,Daylight
2022-02-04T16:20:00.000,I 285,I 285 and Lavista Rd,,Rear End,2,Clear,Dry,Daylight
2022-07-20T07:15:00.000,I 285,I 285 and Lavista Rd,,Sideswipe-Same Direction,2,Cloudy,Dry,Daylight
2022-08-26T14:54:00.000,I 285,I 285 and Lavista Rd,,Rear End,2,Clear,Dry,Daylight
2022-06-29T13:42:00.000,I 285,I 285 and Lavista Rd,,Angle Crash,2,Clear,Dry,Daylight
2022-07-28T20:30:00.000,I 285,I 285 and Lavista Rd,,Not a Collision with Motor Vehicle,1,Clear,Dry,Daylight
2022-02-08T15:39:00.000,I 285,I 285 and Lavista Rd,,Angle Crash,2,Clear,Dry,Daylight
2022-11-11T18:20:00.000,I 285,I 285 and Lavista Rd,,Rear End,2,Rain,Wet,Dark-Lighted
2022-07-19T06:39:00.000,I 285,I 285 and Lavista Rd,,Rear End,2,Rain,Wet,Daylight
2023-07-18T15:28:00.000,I 285,I 285 and Lavista Rd,,Rear End,2,Clear,Dry,Daylight
2023-09-05T07:51:00.000,I 285,I 285 and Lavista Rd,,Sideswipe-Same Direction,2,Cloudy,Dry,Daylight
2023-09-28T11:45:00.000,I 285,I 285 and Lavista Rd,,Not a Collision with Motor Vehicle,1,Clear,Dry,Daylight
2023-07-10T23:30:00.000,I 285,I 285 and Lavista Rd,,Angle Crash,2,Clear,Dry,Dark-Not Lighted
2024-04-28T03:00:00.000,I 285,I 285 and Lavista Rd,,Sideswipe-Same Direction,2,Clear,Dry,Dark-Lighted
2024-09-28T19:41:00.000,I 285,I 285 and Lavista Rd,,Rear End,2,Clear,Dry,Daylight
2024-12-29T10:30:00.000,I 285,I 285 and Lavista Rd,,Sideswipe-Same Direction,2,Rain,Wet,Daylight
2024-10-03T17:34:00.000,I 285,I 285 and Lavista Rd,,Angle Crash,2,Clear,Dry,Daylight
2024-06-09T18:28:00.000,I 285,I 285 and Lavista Rd,,Sideswipe-Same Direction,2,Clear,Dry,Daylight
2024-02-15T07:15:00.000,I 285,I 285 and Lavista Rd,,Rear End,2,Clear,Dry,Daylight
2024-10-01T09:15:00.000,I 285,I 285 and Lavista Rd,,Rear End,2,Clear,Dry,Daylight
2024-02-11T21:43:00.000,I 285,I 285 and Lavista Rd,,Rear End,2,Rain,Wet,Dark-Not Lighted
2024-07-03T16:17:00.000,I 285,I 285 and Lavista Rd,,Rear End,2,Clear,Dry,Daylight
2024-12-10T09:30:00.000,I 285,I 285 and Lavista Rd,,Rear End,2,Rain,Wet,Daylight
2024-07-30T10:38:00.000,I 285,I 285 and Lavista Rd,,Rear End,2,Cloudy,Dry,Daylight
2024-06-25T08:15:00.000,I 285,I 285 and Lavista Rd,,Not a Collision with Motor Vehicle,3,Clear,Dry,Daylight
2024-08-25T16:09:00.000,I 285,I 285 and Lavista Rd,,Angle Crash,2,Clear,Dry,Daylight
2024-12-13T10:10:00.000,I 285,I 285 and Lavista Rd,,Rear End,2,Clear,Dry,Daylight
2024-04-03T00:00:00.000,I 285,I 285 and Lavista Rd,,Not a Collision with Motor Vehicle,1,Rain,Wet,Dark-Not Lighted
2024-11-14T11:50:00.000,I 285,I 285 and Lavista Rd,,Rear End,4,Rain,Wet,Daylight
2024-11-15T05:00:00.000,I 285,I 285 and Lavista Rd,,Sideswipe-Same Direction,2,Clear,Dry,Dark-Not Lighted
2024-06-13T15:28:00.000,I 285,I 285 and Lavista Rd,,Sideswipe-Same Direction,2,Clear,Dry,Daylight
2024-02-21T06:33:00.000,I 285,I 285 and Lavista Rd,,Sideswipe-Same Direction,2,Clear,Dry,Dark-Not Lighted
2024-08-22T19:01:00.000,I 285,I 285 and Lavista Rd,,Rear End,2,Clear,Dry,Daylight
2024-09-15T20:55:00.000,I 285,I 285 and Lavista Rd,,Sideswipe-Same Direction,2,Cloudy,Dry,Dark-Not Lighted
2024-12-10T09:00:00.000,I 285,I 285 and Lavista Rd,,Angle Crash,2,Rain,Wet,Daylight
2024-08-15T16:17:00.000,I 285,I 285 and Lavista Rd,,Rear End,2,Clear,Dry,Daylight
2024-09-23T00:40:00.000,I 285,I 285 and Lavista Rd,,Angle Crash,2,Clear,Dry,Dark-Not Lighted
2024-02-21T14:01:00.000,I 285,I 285 and Lavista Rd,,Angle Crash,2,Clear,Dry,Daylight
2024-09-22T17:25:00.000,I 285,I 285 and Lavista Rd,,Rear End,2,Cloudy,Dry,Daylight
2024-09-02T16:50:00.000,I 285,I 285 and Lavista Rd,,Rear End,2,Cloudy,Dry,Daylight
2024-10-28T18:50:00.000,I 285,I 285 and Lavista Rd,,Sideswipe-Same Direction,2,Cloudy,Dry,Dark-Not Lighted
2024-06-17T00:13:00.000,I 285,I 285 and Lavista Rd,,Sideswipe-Same Direction,2,Clear,Dry,Dark-Lighted
2024-12-18T11:30:00.000,I 285,I 285 and Lavista Rd,,Not a Collision with Motor Vehicle,2,Clear,Dry,Daylight
2024-05-01T02:50:00.000,I 285,I 285 and Lavista Rd,,Sideswipe-Same Direction,2,Clear,Dry,Dark-Not Lighted
2023-11-18T18:16:00.000,I 285,I 285 and Lavista Rd,,Sideswipe-Same Direction,2,Clear,Dry,Dark-Not Lighted
2023-09-13T13:10:00.000,I 285,I 285 and Lavista Rd,,Rear End,2,Clear,Dry,Daylight
2023-10-29T02:09:00.000,I 285,I 285 and Lavista Rd,,Not a Collision with Motor Vehicle,1,Clear,Dry,Dark-Not Lighted
2024-03-29T12:19:00.000,I 285,I 285 and Lavista Rd,,Rear End,3,Clear,Dry,Daylight
2024-04-11T09:00:00.000,I 285,I 285 and Lavista Rd,,Sideswipe-Same Direction,2,Clear,Dry,Daylight
2023-11-21T17:55:00.000,I 285,I 285 and Lavista Rd,,Rear End,2,Cloudy,Wet,Dark-Not Lighted
2023-07-11T10:00:00.000,I 285,I 285 and Lavista Rd,,Angle Crash,2,Clear,Dry,Daylight
2023-01-12T14:23:00.000,I 285,I 285 and Lavista Rd,,Sideswipe-Same Direction,2,Cloudy,Dry,Daylight
2023-11-05T00:26:00.000,I 285,I 285 and Lavista Rd,,Angle Crash,2,Clear,Dry,Dark-Not Lighted
2023-05-28T01:40:00.000,I 285,I 285 and Lavista Rd,,Not a Collision with Motor Vehicle,1,Clear,Dry,Dark-Not Lighted
2023-04-05T11:00:00.000,I 285,I 285 and Lavista Rd,,Rear End,2,Clear,Dry,Daylight
2023-03-07T14:49:00.000,I 285,I 285 and Lavista Rd,,Rear End,2,Clear,Dry,Daylight
2023-03-24T09:03:00.000,I 285,I 285 and Lavista Rd,,Rear End,2,Cloudy,Dry,Daylight
2023-11-17T18:20:00.000,I 285,I 285 and Lavista Rd,,Sideswipe-Same Direction,2,Clear,Dry,Dark-Not Lighted
2023-08-24T05:00:00.000,I 285,I 285 and Lavista Rd,,Angle Crash,2,Clear,Dry,Dark-Not Lighted
2023-10-27T14:00:00.000,I 285,I 285 and Lavista Rd,,Sideswipe-Same Direction,2,Clear,Dry,Daylight
2023-06-26T15:16:00.000,I 285,I 285 and Lavista Rd,,Rear End,2,Clear,Dry,Daylight
2023-08-14T18:51:00.000,I 285,I 285 and Lavista Rd,,Rear End,2,Clear,Dry,Daylight
2023-09-11T18:45:00.000,I 285,I 285 and Lavista Rd,,Rear End,2,Clear,Dry,Daylight
2023-09-27T20:30:00.000,I 285,I 285 and Lavista Rd,,Sideswipe-Same Direction,2,Clear,Dry,Dark-Lighted
2023-09-26T21:00:00.000,I 285,I 285 and Lavista Rd,,Not a Collision with Motor Vehicle,1,Clear,Dry,Dark-Lighted
2023-07-21T18:03:00.000,I 285,I 285 and Lavista Rd,,Rear End,2,Cloudy,Dry,Daylight
2023-10-21T04:15:00.000,I 285,I 285 and Lavista Rd,,Rear End,2,Clear,Dry,Dark-Not Lighted
2023-07-25T15:28:00.000,I 285,I 285 and Lavista Rd,,Angle Crash,2,Clear,Dry,Daylight
2023-07-24T13:29:00.000,I 285,I 285 and Lavista Rd,,Rear End,3,Clear,Dry,Daylight
2023-05-17T06:25:00.000,I 285,I 285 and Lavista Rd,,Rear End,2,Cloudy,Dry,Daylight
2023-01-27T12:15:00.000,I 285,I 285 and Lavista Rd,,Sideswipe-Same Direction,2,Clear,Dry,Daylight
2023-06-08T11:26:00.000,I 285,I 285 and Lavista Rd,,Rear End,2,Clear,Dry,Daylight
2023-05-21T23:35:00.000,I 285,I 285 and Lavista Rd,,Sideswipe-Same Direction,2,Clear,Dry,Dark-Lighted
2023-06-01T09:02:00.000,I 285,I 285 and Lavista Rd,,Sideswipe-Same Direction,2,Cloudy,Dry,Daylight
2023-10-05T12:53:00.000,I 285,I 285 and Lavista Rd,,Rear End,2,Clear,Dry,Daylight
2023-09-07T17:45:00.000,I 285,I 285 and Lavista Rd,,Rear End,2,Clear,Dry,Daylight
2023-06-22T12:16:00.000,I 285,I 285 and Lavista Rd,,Rear End,2,Clear,Dry,Daylight
2023-09-21T10:05:00.000,I 285,I 285 and Lavista Rd,,Rear End,2,Clear,Dry,Daylight
2023-03-27T10:00:00.000,I 285,I 285 and Lavista Rd,,Sideswipe-Same Direction,2,Rain,Wet,Daylight
2023-01-01T08:15:00.000,I 285,I 285 and Lavista Rd,,Angle Crash,3,Cloudy,Dry,Daylight
2023-09-18T08:15:00.000,I 285,I 285 and Lavista Rd,,Rear End,2,Clear,Dry,Daylight
2023-03-02T11:38:00.000,I 285,I 285 and Lavista Rd,,Sideswipe-Same Direction,2,Rain,Wet,Daylight
2023-06-14T17:00:00.000,I 285,I 285 and Lavista Rd,,Rear End,2,Clear,Wet,Daylight
2023-04-17T15:29:00.000,I 285,I 285 and Lavista Rd,,Sideswipe-Same Direction,2,Clear,Dry,Daylight
2023-10-10T00:39:00.000,I 285,I 285 and Lavista Rd,,Angle Crash,2,Clear,Dry,Dark-Not Lighted
2023-06-20T08:17:00.000,I 285,I 285 and Lavista Rd,,Rear End,2,Cloudy,Dry,Daylight
2023-06-09T09:00:00.000,I 285,I 285 and Lavista Rd,,Rear End,2,Clear,Dry,Dark-Lighted
2023-10-19T08:55:00.000,I 285,I 285 and Lavista Rd,,Sideswipe-Same Direction,2,Cloudy,Dry,Daylight
2023-10-10T06:40:00.000,I 285,I 285 and Lavista Rd,,Rear End,2,Clear,Dry,Dark-Not Lighted
2023-03-31T15:30:00.000,I 285,I 285 and Lavista Rd,,Sideswipe-Same Direction,2,Cloudy,Dry,Daylight
2023-10-30T13:36:00.000,I 285,I 285 and Lavista Rd,,Rear End,2,Clear,Dry,Daylight
2023-04-08T10:42:00.000,I 285,I 285 and Lavista Rd,,Not a Collision with Motor Vehicle,1,Rain,Wet,Daylight
2023-07-11T10:45:00.000,I 285,I 285 and Lavista Rd,,Rear End,4,Clear,Dry,Daylight
2023-03-18T07:00:00.000,I 285,I 285 and Lavista Rd,,Angle Crash,2,Clear,Dry,Daylight
2023-03-25T08:36:00.000,I 285,I 285 and Lavista Rd,,Sideswipe-Same Direction,2,Cloudy,Wet,Daylight
2023-12-25T19:43:00.000,I 285,I 285 and Lavista Rd,,Angle Crash,2,Rain,Wet,Dark-Lighted
2023-01-13T14:00:00.000,I 285,I 285 and Lavista Rd,,Not a Collision with Motor Vehicle,2,Clear,Dry,Daylight
2023-12-01T19:14:00.000,I 285,I 285 and Lavista Rd,,Angle Crash,2,Clear,Dry,Dark-Lighted
2023-03-20T21:40:00.000,I 285,I 285 and Lavista Rd,,Rear End,2,Clear,Dry,Dark-Not Lighted
2023-12-04T17:40:00.000,I 285,I 285 and Lavista Rd,,Sideswipe-Same Direction,2,Clear,Dry,Dark-Not Lighted
2023-08-03T16:00:00.000,I 285,I 285 and Lavista Rd,,Sideswipe-Same Direction,2,Rain,Wet,Daylight
2023-11-11T03:30:00.000,I 285,I 285 and Lavista Rd,,Not a Collision with Motor Vehicle,2,Rain,Wet,Dark-Lighted
2023-03-20T11:20:00.000,I 285,I 285 and Lavista Rd,,Angle Crash,2,Clear,Dry,Daylight
2023-08-12T05:00:00.000,I 285,I 285 and Lavista Rd,,Not a Collision with Motor Vehicle,1,Clear,Dry,Dark-Not Lighted
2023-12-04T19:28:00.000,I 285,I 285 and Lavista Rd,,Sideswipe-Same Direction,2,Clear,Dry,Daylight
2023-07-28T16:35:00.000,I 285,I 285 and Lavista Rd,,Rear End,2,Clear,Dry,Daylight
2023-05-03T13:39:00.000,I 285,I 285 and Lavista Rd,,Rear End,2,Clear,Dry,Daylight
2023-05-05T15:26:00.000,I 285,I 285 and Lavista Rd,,Sideswipe-Same Direction,2,Rain,Wet,Daylight
2023-09-26T08:43:00.000,I 285,I 285 and Lavista Rd,,Rear End,2,Clear,Dry,Daylight
2023-12-16T08:30:00.000,I 285,I 285 and Lavista Rd,,Sideswipe-Same Direction,2,Cloudy,Dry,Daylight
2023-09-11T18:00:00.000,I 285,I 285 and Lavista Rd,,Rear End,2,Clear,Dry,Daylight
2024-11-02T04:10:00.000,I 285,I 285 and Lavista Rd,,Sideswipe-Same Direction,2,Clear,Dry,Dark-Lighted
2024-07-07T07:50:00.000,I 285,I 285 and Lavista Rd,,Angle Crash,2,Clear,Dry,Daylight
2024-05-03T07:25:00.000,I 285,I 285 and Lavista Rd,,Sideswipe-Same Direction,2,Rain,Wet,Daylight
2024-10-28T07:08:00.000,I 285,I 285 and Lavista Rd,,Sideswipe-Same Direction,2,Clear,Dry,Dark-Not Lighted
2024-11-09T04:50:00.000,I 285,I 285 and Lavista Rd,,Not a Collision with Motor Vehicle,1,Cloudy,Dry,Dark-Not Lighted
2024-05-30T12:59:00.000,I 285,I 285 and Lavista Rd,,Rear End,3,Clear,Dry,Daylight
2024-11-30T17:54:00.000,I 285,I 285 and Lavista Rd,,Rear End,2,Clear,Dry,Dark-Not Lighted
2024-12-23T19:59:00.000,I 285,I 285 and Lavista Rd,,Angle Crash,2,Clear,Dry,Dark-Not Lighted
2024-09-27T07:30:00.000,I 285,I 285 and Lavista Rd,,Not a Collision with Motor Vehicle,1,Severe Thunderstorm or Tornadic,Water (standing or moving),Daylight
2024-05-28T07:30:00.000,I 285,I 285 and Lavista Rd,,Angle Crash,2,Clear,Dry,Daylight
2024-12-04T11:24:00.000,I 285,I 285 and Lavista Rd,,Angle Crash,2,Clear,Dry,Daylight
2024-08-28T16:00:00.000,I 285,I 285 and Lavista Rd,,Rear End,2,Clear,Dry,Daylight
2024-07-22T17:40:00.000,I 285,I 285 and Lavista Rd,,Rear End,3,Cloudy,Dry,Daylight
2024-10-08T09:47:00.000,I 285,I 285 and Lavista Rd,,Rear End,2,Clear,Dry,Daylight
2024-11-15T11:31:00.000,I 285,I 285 and Lavista Rd,,Rear End,2,Clear,Dry,Daylight
2024-09-20T14:42:00.000,I 285,I 285 and Lavista Rd,,Sideswipe-Same Direction,2,Clear,Dry,Daylight
2024-11-14T11:00:00.000,I 285,I 285 and Lavista Rd,,Not a Collision with Motor Vehicle,1,Rain,Wet,Daylight
2024-12-13T09:45:00.000,I 285,I 285 and Lavista Rd,,Angle Crash,3,Clear,Dry,Daylight
2024-05-05T05:42:00.000,I 285,I 285 and Lavista Rd,,Not a Collision with Motor Vehicle,1,Rain,Wet,Dark-Lighted
2024-07-01T19:09:00.000,I 285,I 285 and Lavista Rd,,Sideswipe-Same Direction,2,Clear,Dry,Daylight
2024-12-13T02:50:00.000,I 285,I 285 and Lavista Rd,,Sideswipe-Same Direction,2,Clear,Dry,Dark-Not Lighted
2024-01-13T13:26:00.000,I 285,I 285 and Lavista Rd,,Rear End,2,Clear,Dry,Daylight
2024-12-30T00:35:00.000,I 285,I 285 and Lavista Rd,,Rear End,2,Clear,Dry,Dark-Not Lighted
2024-01-02T13:36:00.000,I 285,I 285 and Lavista Rd,,Sideswipe-Same Direction,2,Clear,Dry,Daylight
2024-02-09T07:13:00.000,I 285,I 285 and Lavista Rd,,Rear End,3,Cloudy,Dry,Daylight
2024-04-21T11:50:00.000,I 285,I 285 and Lavista Rd,,Sideswipe-Same Direction,2,Rain,Wet,Daylight
2024-12-29T05:40:00.000,I 285,I 285 and Lavista Rd,,Angle Crash,2,Rain,Wet,Dawn
2024-05-20T17:20:00.000,I 285,I 285 and Lavista Rd,,Rear End,2,Clear,Dry,Daylight
2024-01-11T23:50:00.000,I 285,I 285 and Lavista Rd,,Not a Collision with Motor Vehicle,1,Clear,Dry,Dark-Not Lighted
2024-12-02T08:08:00.000,I 285,I 285 and Lavista Rd,,Angle Crash,2,Clear,Dry,Daylight
2024-10-19T12:48:00.000,I 285,I 285 and Lavista Rd,,Rear End,2,Clear,Dry,Daylight
2024-05-20T17:00:00.000,I 285,I 285 and Lavista Rd,,Rear End,2,Clear,Dry,Daylight
2024-11-21T17:30:00.000,I 285,I 285 and Lavista Rd,,Sideswipe-Same Direction,2,Clear,Dry,Daylight
2024-04-06T10:45:00.000,I 285,I 285 and Lavista Rd,,Rear End,2,Clear,Dry,Daylight
2024-06-27T16:32:00.000,I 285,I 285 and Lavista Rd,,Rear End,2,Rain,Wet,Daylight
2024-05-05T15:10:00.000,I 285,I 285 and Lavista Rd,,Rear End,5,Cloudy,Wet,Daylight
2024-06-17T00:13:00.000,I 285,I 285 and Lavista Rd,,Rear End,2,Clear,Dry,Dark-Lighted
2024-04-23T09:33:00.000,I 285,I 285 and Lavista Rd,,Angle Crash,2,Clear,Dry,Daylight
2024-09-19T07:59:00.000,I 285,I 285 and Lavista Rd,,Rear End,2,Clear,Dry,Dark-Lighted
2024-03-28T10:34:00.000,I 285,I 285 and Lavista Rd,,Rear End,2,Clear,Dry,Daylight
2024-06-17T00:39:00.000,I 285,I 285 and Lavista Rd,,Rear End,2,Clear,Dry,Dark-Lighted
2024-09-12T17:47:00.000,I 285,I 285 and Lavista Rd,,Rear End,2,Cloudy,Dry,Daylight
2024-05-13T08:30:00.000,I 285,I 285 and Lavista Rd,,Angle Crash,2,Clear,Dry,Daylight
2024-10-08T07:08:00.000,I 285,I 285 and Lavista Rd,,Rear End,2,Clear,Dry,Daylight
2024-05-03T14:23:00.000,I 285,I 285 and Lavista Rd,,Sideswipe-Same Direction,2,Cloudy,Dry,Daylight
2024-07-06T13:39:00.000,I 285,I 285 and Lavista Rd,,Rear End,2,Clear,Dry,Daylight
2024-02-23T16:10:00.000,I 285,I 285 and Lavista Rd,,Rear End,2,Clear,Dry,Daylight
2024-02-12T08:38:00.000,I 285,I 285 and Lavista Rd,,Sideswipe-Same Direction,2,Cloudy,Wet,Daylight
2024-08-23T18:31:00.000,I 285,I 285 and Lavista Rd,,Rear End,3,Clear,Dry,Daylight
2024-04-09T08:15:00.000,I 285,I 285 and Lavista Rd,,Rear End,2,Rain,Wet,Daylight
2024-07-27T17:14:00.000,I 285,I 285 and Lavista Rd,,Sideswipe-Same Direction,2,Clear,Dry,Daylight
2024-08-22T05:46:00.000,I 285,I 285 and Lavista Rd,,Sideswipe-Same Direction,2,Clear,Dry,Dark-Lighted
2024-04-11T17:30:00.000,I 285,I 285 and Lavista Rd,,Not a Collision with Motor Vehicle,1,Clear,Dry,Daylight
2024-10-16T18:45:00.000,I 285,I 285 and Lavista Rd,,Rear End,2,Clear,Dry,Dusk
2024-08-26T07:47:00.000,I 285,I 285 and Lavista Rd,,Rear End,2,Clear,Dry,Daylight
2024-10-02T14:09:00.000,I 285,I 285 and Lavista Rd,,Rear End,2,Clear,Dry,Daylight
2024-01-22T07:20:00.000,I 285,I 285 and Lavista Rd,,Rear End,2,Cloudy,Dry,Dark-Not Lighted
2024-03-09T15:42:00.000,I 285,I 285 and Lavista Rd,,Sideswipe-Same Direction,2,Cloudy,Dry,Daylight
2024-09-19T15:33:00.000,I 285,I 285 and Lavista Rd,,Rear End,2,Clear,Dry,Daylight
2024-08-09T22:00:00.000,I 285,I 285 and Lavista Rd,,Rear End,2,Clear,Dry,Dark-Not Lighted
2024-03-11T16:07:00.000,I 285,I 285 and Lavista Rd,,Rear End,2,Clear,Dry,Daylight
2024-05-06T01:10:00.000,I 285,I 285 and Lavista Rd,,Sideswipe-Same Direction,2,Clear,Dry,Dark-Lighted
2024-01-03T15:47:00.000,I 285,I 285 and Lavista Rd,,Sideswipe-Same Direction,2,Cloudy,Dry,Daylight
2024-06-24T14:00:00.000,I 285,I 285 and Lavista Rd,,Rear End,2,Clear,Dry,Daylight
2024-03-30T13:39:00.000,I 285,I 285 and Lavista Rd,,Rear End,2,Clear,Dry,Daylight
2024-04-06T19:02:00.000,I 285,I 285 and Lavista Rd,,Sideswipe-Same Direction,2,Clear,Dry,Daylight
2024-11-06T10:55:00.000,I 285,I 285 and Lavista Rd,,Rear End,2,Rain,Wet,Daylight
2024-10-28T01:35:00.000,I 285,I 285 and Lavista Rd,,Angle Crash,2,Cloudy,Dry,Dark-Not Lighted
2024-10-07T12:16:00.000,I 285,I 285 and Lavista Rd,,Rear End,2,Clear,Dry,Daylight
2024-09-16T16:30:00.000,I 285,I 285 and Lavista Rd,,Sideswipe-Same Direction,2,Clear,Dry,Daylight
2024-01-01T03:55:00.000,I 285,I 285 and Lavista Rd,,Rear End,2,Clear,Dry,Dark-Not Lighted
2024-09-06T10:18:00.000,I 285,I 285 and Lavista Rd,,Rear End,2,Cloudy,Dry,Daylight
2024-12-06T15:33:00.000,I 285,I 285 and Lavista Rd,,Sideswipe-Same Direction,2,Clear,Dry,Daylight
2024-05-21T16:55:00.000,I 285,I 285 and Lavista Rd,,Rear End,2,Clear,Dry,Daylight
2024-01-09T09:18:00.000,I 285,I 285 and Lavista Rd,,Sideswipe-Same Direction,2,Rain,Wet,Daylight
2024-06-11T21:10:00.000,I 285,I 285 and Lavista Rd,,Rear End,2,Clear,Dry,Daylight
2024-09-23T06:40:00.000,I 285,I 285 and Lavista Rd,,Angle Crash,2,Clear,Dry,Dark-Not Lighted
2024-04-20T13:40:00.000,I 285,I 285 and Lavista Rd,,Sideswipe-Same Direction,2,Clear,Dry,Daylight
2024-06-13T06:45:00.000,I 285,I 285 and Lavista Rd,,Rear End,2,Clear,Dry,Daylight
2024-08-02T16:17:00.000,I 285,I 285 and Lavista Rd,,Rear End,2,Clear,Dry,Daylight
2024-10-08T15:15:00.000,I 285,I 285 and Lavista Rd,,Head On,2,Clear,Dry,Daylight
2024-03-31T13:30:00.000,I 285,I 285 and Lavista Rd,,Sideswipe-Same Direction,2,Clear,Dry,Daylight
2024-01-07T19:55:00.000,I 285,I 285 and Lavista Rd,,Rear End,2,Clear,Dry,Daylight
2024-01-12T16:30:00.000,I 285,I 285 and Lavista Rd,,Rear End,2,Rain,Wet,Daylight
2024-12-19T18:35:00.000,I 285,I 285 and Lavista Rd,,Angle Crash,2,Clear,Dry,Dark-Not Lighted
2024-09-19T14:58:00.000,I 285,I 285 and Lavista Rd,,Rear End,2,Clear,Dry,Daylight
2024-10-24T16:30:00.000,I 285,I 285 and Lavista Rd,,Angle Crash,2,Clear,Dry,Daylight
2024-06-26T16:00:00.000,I 285,I 285 and Lavista Rd,,Not a Collision with Motor Vehicle,1,Clear,Dry,Daylight
2024-05-23T14:49:00.000,I 285,I 285 and Lavista Rd,,Rear End,2,Cloudy,Dry,Daylight
2024-05-18T15:07:00.000,I 285,I 285 and Lavista Rd,,Rear End,2,Cloudy,Dry,Daylight
2024-08-28T05:29:00.000,I 285,I 285 and Lavista Rd,,Sideswipe-Same Direction,2,Clear,Dry,Dark-Not Lighted
2024-03-12T11:35:00.000,I 285,I 285 and Lavista Rd,,Sideswipe-Same Direction,2,Clear,Dry,Daylight
2024-05-28T06:30:00.000,I 285,I 285 and Lavista Rd,,Sideswipe-Same Direction,2,Clear,Dry,Daylight
2024-10-05T23:23:00.000,I 285,I 285 and Lavista Rd,,Angle Crash,2,Clear,Dry,Dark-Lighted
2024-02-29T20:08:00.000,I 285,I 285 and Lavista Rd,,Sideswipe-Same Direction,2,Clear,Dry,Dark-Not Lighted
2024-05-29T14:30:00.000,I 285,I 285 and Lavista Rd,,Head On,2,Clear,Dry,Daylight
2024-04-27T16:38:00.000,I 285,I 285 and Lavista Rd,,Rear End,2,Clear,Dry,Daylight
2024-07-21T21:00:00.000,I 285,I 285 and Lavista Rd,,Sideswipe-Same Direction,2,Cloudy,Dry,Dark-Lighted
2024-04-26T07:04:00.000,I 285,I 285 and Lavista Rd,,Rear End,2,Cloudy,Dry,Daylight
2024-07-01T07:00:00.000,I 285,I 285 and Lavista Rd,,Sideswipe-Same Direction,2,Clear,Dry,Daylight
2024-03-17T10:45:00.000,I 285,I 285 and Lavista Rd,,Sideswipe-Same Direction,2,Cloudy,Dry,Daylight
2024-08-28T17:05:00.000,I 285,I 285 and Lavista Rd,,Rear End,2,Clear,Dry,Daylight
2024-05-07T05:45:00.000,I 285,I 285 and Lavista Rd,,Rear End,2,Clear,Dry,Dark-Not Lighted
2024-11-30T17:40:00.000,I 285,I 285 and Lavista Rd,,Rear End,2,Clear,Dry,Dark-Lighted
2024-02-13T14:31:00.000,I 285,I 285 and Lavista Rd,,Sideswipe-Same Direction,2,Clear,Dry,Daylight
2024-12-24T03:30:00.000,I 285,I 285 and Lavista Rd,,Not a Collision with Motor Vehicle,1,Clear,Dry,Dark-Not Lighted
2024-02-10T14:39:00.000,I 285,I 285 and Lavista Rd,,Rear End,2,Cloudy,Dry,Daylight
2024-10-14T11:52:00.000,I 285,I 285 and Lavista Rd,,Rear End,2,Clear,Dry,Daylight
2024-03-01T08:06:00.000,I 285,I 285 and Lavista Rd,,Rear End,2,Rain,Wet,Daylight
2024-11-18T07:42:00.000,I 285,I 285 and Lavista Rd,,Rear End,2,Clear,Dry,Daylight
2024-09-23T09:06:00.000,I 285,I 285 and Lavista Rd,,Rear End,2,Clear,Dry,Daylight
2024-03-15T14:30:00.000,I 285,I 285 and Lavista Rd,,Rear End,2,Clear,Dry,Daylight
2024-10-18T13:09:00.000,I 285,I 285 and Lavista Rd,,Sideswipe-Same Direction,2,Clear,Dry,Daylight