Date and Time,Roadway (From Crash Report),Intersection Name (from Crash Report),KABCO Severity,Manner of Collision (Crash Level) ,# of Vehicles per crash ,Weather Conditions (Crash Level),Surface Condition (Crash Level) ,Light Conditions (Crash Level)
2024-10-15T17:12:00.000,I 285,I 285 and Lavista Rd,,Rear End,2,Cloudy,Dry,Daylight
2024-12-20T12:45:00.000,I 285,I 285 and Lavista Rd,,Rear End,2,Clear,Dry,Daylight
2024-02-25T22:22:00.000,I 285,I 285 and Lavista Rd,,Rear End,2,Clear,Dry,Dark-Not Lighted
2024-12-26T14:49:00.000,I 285,I 285 and Lavista Rd,,Rear End,2,Cloudy,Dry,Daylight
2024-02-14T07:40:00.000,I 285,I 285 and Lavista Rd,,Sideswipe-Same Direction,2,Clear,Dry,Daylight
2024-12-18T12:58:00.000,I 285,I 285 and Lavista Rd,,Rear End,2,Clear,Dry,Daylight
2024-01-19T16:22:00.000,I 285,I 285 and Lavista Rd,,Rear End,2,Clear,Dry,Daylight
2024-12-07T21:44:00.000,I 285,I 285 and Lavista Rd,,Sideswipe-Opposite Direction,2,Clear,Dry,Dark-Not Lighted
2024-12-13T07:00:00.000,I 285,I 285 and Lavista Rd,,Angle Crash,2,Clear,Dry,Daylight
2024-09-13T16:23:00.000,I 285,I 285 and Lavista Rd,,Sideswipe-Same Direction,2,Cloudy,Dry,Daylight
2024-03-21T18:35:00.000,I 285,I 285 and Lavista Rd,,Rear End,2,Cloudy,Dry,Daylight
2024-05-06T08:00:00.000,I 285,I 285 and Lavista Rd,,Sideswipe-Same Direction,3,Clear,Dry,Daylight
2024-10-06T13:19:00.000,I 285,I 285 and Lavista Rd,,Rear End,2,Cloudy,Dry,Daylight
2020-11-16T12:07:00.000,I 285,I 285 and Lavista,,Not a Collision with Motor Vehicle,2,Clear,Dry,Daylight
2020-10-26T21:15:00.000,I 285,I 285 and Lavista,,Not a Collision with Motor Vehicle,1,Clear,Dry,Dark-Lighted
2024-02-24T15:50:00.000,I 285,I 285 and Lavista,,Rear End,2,Clear,Dry,Daylight
2024-12-23T17:00:00.000,I 285,I 285 and Laurel Ridge Way,,Sideswipe-Same Direction,2,Clear,Dry,Dark-Not Lighted
2024-11-17T16:09:00.000,I 285,I 285 and Laurel Ridge Way,,Rear End,2,Clear,Dry,Daylight
2021-04-13T17:39:00.000,I 285,I 285 and Lauderdale Dr,,Rear End,2,Clear,Dry,Daylight
2021-05-26T20:53:00.000,I 285,I 285 and Lauderdale Dr,,Sideswipe-Same Direction,2,Clear,Dry,Dusk
2023-04-17T17:00:00.000,I 285,I 285 and Lauderdale Dr,,Rear End,2,Clear,Dry,Daylight
2023-04-04T18:35:00.000,I 285,I 285 and Lauderdale Dr,,Rear End,2,Clear,Dry,Daylight
2021-03-11T19:25:00.000,I 285,I 285 and Lauderdale Dr,,Rear End,2,Clear,Dry,Dark-Not Lighted
2021-03-03T15:51:00.000,I 285,I 285 and Lauderdale Dr,,Rear End,2,Clear,Dry,Daylight
2022-09-22T17:00:00.000,I 285,I 285 and Lauderdale Dr,,Rear End,2,Clear,Dry,Daylight
2022-05-12T20:06:00.000,I 285,I 285 and Lauderdale Dr,,Rear End,2,Clear,Dry,Daylight
2022-06-29T11:45:00.000,I 285,I 285 and Lauderdale Dr,,Rear End,2,Clear,Dry,Daylight
2022-11-03T15:11:00.000,I 285,I 285 and Lauderdale Dr,,Rear End,2,Clear,Dry,Daylight
2022-05-11T20:00:00.000,I 285,I 285 and Lauderdale Dr,,Not a Collision with Motor Vehicle,1,Clear,Dry,Daylight
2024-12-23T13:16:00.000,I 285,I 285 and Lauderdale Dr,,Rear End,2,Clear,Dry,Daylight
2024-04-26T10:25:00.000,I 285,I 285 and Lauderdale Dr,,Rear End,3,Clear,Dry,Daylight
2023-10-10T19:55:00.000,I 285,I 285 and Lauderdale Dr,,Angle Crash,2,Clear,Dry,Dark-Not Lighted
2023-02-28T22:05:00.000,I 285,I 285 and Lauderdale Dr,,Rear End,2,Clear,Dry,Dark-Lighted
2023-01-04T02:35:00.000,I 285,I 285 and Lauderdale Dr,,Not a Collision with Motor Vehicle,1,Rain,Water (standing or moving),Dark-Not Lighted
2024-06-16T13:31:00.000,I 285,I 285 and Lauderdale Dr,,Rear End,2,Clear,Dry,Daylight
2024-08-06T18:49:00.000,I 285,I 285 and Lasvita Rd,,Sideswipe-Same Direction,2,Clear,Dry,Daylight
2024-12-10T16:05:00.000,I 285,I 285 and Lantern Wood Dr,,Sideswipe-Same Direction,2,Rain,Wet,Daylight
2021-12-15T05:25:00.000,I 285,I 285 and Lantern View Ln,,Sideswipe-Same Direction,3,Clear,Dry,Dark-Not Lighted
2024-07-18T15:40:00.000,I 285,I 285 and Lantern View Ln,,Sideswipe-Same Direction,2,Severe Thunderstorm or Tornadic,Water (standing or moving),Daylight
2022-04-21T17:00:00.000,I 285,I 285 and Langhorn,,Rear End,2,Clear,Dry,Daylight
2020-01-30T06:49:00.000,I 285,I 285 and Langford Road Opas,,Rear End,2,Clear,Dry,Daylight
2021-02-11T14:00:00.000,I 285,I 285 and Langford Prwy,,Sideswipe-Same Direction,3,Rain,Wet,Daylight
2023-09-21T16:30:00.000,I 285,I 285 and Langford Prky,,Rear End,2,Clear,Dry,Daylight
2023-05-30T10:45:00.000,I 285,I 285 and Langford Prky,,Rear End,2,Clear,Dry,Daylight
2023-10-12T14:35:00.000,I 285,I 285 and Langford Prky,,Not a Collision with Motor Vehicle,1,Clear,Dry,Daylight
2023-03-23T17:41:00.000,I 285,I 285 and Langford Pkwy Opas,,Rear End,2,Clear,Dry,Daylight
2021-10-28T10:06:00.000,I 285,I 285 and Langford Pkwy Campbellton Rd,,Rear End,2,Rain,Wet,Daylight
2021-03-08T16:06:00.000,I 285,I 285 and Langford Pkwy,,Sideswipe-Same Direction,2,Clear,Dry,Daylight
2021-05-03T16:04:00.000,I 285,I 285 and Langford Pkwy,,Sideswipe-Same Direction,2,Rain,Wet,Daylight
2021-03-05T13:46:00.000,I 285,I 285 and Langford Pkwy,,Rear End,2,Clear,Dry,Daylight
2021-06-01T18:44:00.000,I 285,I 285 and Langford Pkwy,,Angle Crash,2,Clear,Dry,Daylight
2021-09-22T14:06:00.000,I 285,I 285 and Langford Pkwy,,Sideswipe-Same Direction,2,Cloudy,Dry,Daylight
2021-03-02T07:46:00.000,I 285,I 285 and Langford Pkwy,,Rear End,2,Cloudy,Dry,Daylight
2021-05-12T17:59:00.000,I 285,I 285 and Langford Pkwy,,Sideswipe-Same Direction,2,Clear,Dry,Daylight
2021-12-17T16:00:00.000,I 285,I 285 and Langford Pkwy,,Rear End,2,Cloudy,Dry,Daylight
2021-11-26T15:37:00.000,I 285,I 285 and Langford Pkwy,,Angle Crash,2,Clear,Dry,Daylight
2021-03-26T16:50:00.000,I 285,I 285 and Langford Pkwy,,Rear End,2,Clear,Dry,Daylight
2021-10-22T14:17:00.000,I 285,I 285 and Langford Pkwy,,Rear End,2,Clear,Dry,Daylight
2021-09-24T14:50:00.000,I 285,I 285 and Langford Pkwy,,Rear End,3,Clear,Dry,Daylight
2021-08-17T12:56:00.000,I 285,I 285 and Langford Pkwy,,Rear End,2,Cloudy,Dry,Daylight
2021-10-21T15:10:00.000,I 285,I 285 and Langford Pkwy,,Rear End,2,Cloudy,Dry,Daylight
2021-06-17T19:00:00.000,I 285,I 285 and Langford Pkwy,,Angle Crash,2,Clear,Dry,Daylight
2021-03-10T10:10:00.000,I 285,I 285 and Langford Pkwy,,Rear End,2,Clear,Dry,Daylight
2020-06-09T09:30:00.000,I 285,I 285 and Langford Pkwy,,Sideswipe-Same Direction,2,Cloudy,Dry,Daylight
2023-02-28T13:37:00.000,I 285,I 285 and Langford Pkwy,,Rear End,3,Clear,Dry,Daylight
2023-11-20T13:10:00.000,I 285,I 285 and Langford Pkwy,,Rear End,2,Cloudy,Dry,Daylight
2023-08-04T19:05:00.000,I 285,I 285 and Langford Pkwy,,Sideswipe-Same Direction,2,Clear,Dry,Daylight
2023-05-16T17:30:00.000,I 285,I 285 and Langford Pkwy,,Rear End,2,Rain,Wet,Daylight
2023-11-09T07:00:00.000,I 285,I 285 and Langford Pkwy,,Sideswipe-Same Direction,2,Clear,Dry,Daylight
2023-05-25T17:30:00.000,I 285,I 285 and Langford Pkwy,,Rear End,3,Clear,Dry,Daylight
2023-05-02T17:05:00.000,I 285,I 285 and Langford Pkwy,,Sideswipe-Same Direction,2,Clear,Dry,Daylight
2023-12-25T18:40:00.000,I 285,I 285 and Langford Pkwy,,Sideswipe-Same Direction,3,Clear,Wet,Daylight
2023-05-04T14:10:00.000,I 285,I 285 and Langford Pkwy,,Rear End,2,Clear,Dry,Daylight
2023-12-11T10:48:00.000,I 285,I 285 and Langford Pkwy,,Rear End,2,Clear,Dry,Daylight
2023-02-27T17:07:00.000,I 285,I 285 and Langford Pkwy,,Not a Collision with Motor Vehicle,1,Clear,Dry,Daylight
2020-01-07T15:35:00.000,I 285,I 285 and Langford Pkwy,,Sideswipe-Same Direction,5,Clear,Dry,Daylight
2020-01-30T16:25:00.000,I 285,I 285 and Langford Pkwy,,Sideswipe-Same Direction,2,Clear,Dry,Daylight
2020-12-09T15:45:00.000,I 285,I 285 and Langford Pkwy,,Rear End,2,Clear,Dry,Daylight
2020-06-02T09:31:00.000,I 285,I 285 and Langford Pkwy,,Sideswipe-Same Direction,2,Clear,Dry,Daylight
2020-12-08T19:00:00.000,I 285,I 285 and Langford Pkwy,,Rear End,2,Clear,Dry,Dark-Lighted
2020-12-09T20:01:00.000,I 285,I 285 and Langford Pkwy,,Sideswipe-Same Direction,2,Clear,Dry,Dark-Lighted
2020-09-30T15:03:00.000,I 285,I 285 and Langford Pkwy,,Rear End,2,Clear,Dry,Daylight
2020-06-19T18:00:00.000,I 285,I 285 and Langford Pkwy,,Not a Collision with Motor Vehicle,1,Clear,Dry,Daylight
2020-12-11T14:10:00.000,I 285,I 285 and Langford Pkwy,,Sideswipe-Same Direction,2,Cloudy,Dry,Daylight
2020-10-09T10:20:00.000,I 285,I 285 and Langford Pkwy,,Not a Collision with Motor Vehicle,2,Cloudy,Dry,Daylight
2020-09-25T17:35:00.000,I 285,I 285 and Langford Pkwy,,Rear End,2,Clear,Dry,Daylight
2020-03-26T08:25:00.000,I 285,I 285 and Langford Pkwy,,Not a Collision with Motor Vehicle,1,Clear,Dry,Daylight
2020-01-30T17:20:00.000,I 285,I 285 and Langford Pkwy,,Rear End,2,Clear,Dry,Daylight
2021-04-30T16:25:00.000,I 285,I 285 and Langford Pkwy,,Sideswipe-Same Direction,3,Clear,Dry,Daylight
2021-06-17T13:09:00.000,I 285,I 285 and Langford Pkwy,,Sideswipe-Same Direction,3,Clear,Dry,Daylight
2021-07-23T17:42:00.000,I 285,I 285 and Langford Pkwy,,Not a Collision with Motor Vehicle,1,Rain,Wet,Daylight
2021-11-24T18:50:00.000,I 285,I 285 and Langford Pkwy,,Rear End,2,Clear,Dry,Dark-Not Lighted
2021-10-29T15:40:00.000,I 285,I 285 and Langford Pkwy,,Sideswipe-Same Direction,2,Cloudy,Dry,Daylight
2021-10-29T17:55:00.000,I 285,I 285 and Langford Pkwy,,Rear End,5,Rain,Wet,Dark-Not Lighted
2021-10-21T13:34:00.000,I 285,I 285 and Langford Pkwy,,Rear End,2,Clear,Dry,Daylight
2021-10-27T10:02:00.000,I 285,I 285 and Langford Pkwy,,Rear End,2,Clear,Dry,Daylight
2021-09-07T15:20:00.000,I 285,I 285 and Langford Pkwy,,Rear End,2,Rain,Wet,Daylight
2021-11-11T09:08:00.000,I 285,I 285 and Langford Pkwy,,Angle Crash,2,Cloudy,Dry,Daylight
2021-07-15T17:45:00.000,I 285,I 285 and Langford Pkwy,,Rear End,3,Clear,Dry,Daylight
2021-10-15T19:20:00.000,I 285,I 285 and Langford Pkwy,,Rear End,2,Clear,Dry,Dark-Not Lighted
2022-12-09T10:30:00.000,I 285,I 285 and Langford Pkwy,,Sideswipe-Same Direction,2,Clear,Dry,Daylight
2022-05-26T14:06:00.000,I 285,I 285 and Langford Pkwy,,Rear End,2,Clear,Wet,Daylight
2022-07-01T14:08:00.000,I 285,I 285 and Langford Pkwy,,Rear End,2,Rain,Wet,Daylight
2022-11-08T08:30:00.000,I 285,I 285 and Langford Pkwy,,Rear End,3,Clear,Dry,Daylight
2021-10-21T13:35:00.000,I 285,I 285 and Langford Pkwy,,Rear End,2,Clear,Dry,Daylight
2022-10-13T08:25:00.000,I 285,I 285 and Langford Pkwy,,Rear End,2,Clear,Wet,Daylight
2022-12-05T14:33:00.000,I 285,I 285 and Langford Pkwy,,Sideswipe-Same Direction,4,Rain,Wet,Daylight
2022-08-22T08:45:00.000,I 285,I 285 and Langford Pkwy,,Rear End,2,Cloudy,Dry,Daylight
2022-02-28T14:05:00.000,I 285,I 285 and Langford Pkwy,,Sideswipe-Same Direction,2,Clear,Dry,Daylight
2022-11-15T10:52:00.000,I 285,I 285 and Langford Pkwy,,Not a Collision with Motor Vehicle,1,Rain,Wet,Daylight
2022-02-21T16:40:00.000,I 285,I 285 and Langford Pkwy,,Sideswipe-Same Direction,2,Rain,Wet,Daylight
2022-11-11T09:15:00.000,I 285,I 285 and Langford Pkwy,,Sideswipe-Same Direction,2,Rain,Wet,Daylight
2022-05-26T16:46:00.000,I 285,I 285 and Langford Pkwy,,Not a Collision with Motor Vehicle,1,Clear,Dry,Daylight
2022-05-10T13:30:00.000,I 285,I 285 and Langford Pkwy,,Rear End,2,Clear,Dry,Daylight
2022-10-10T10:49:00.000,I 285,I 285 and Langford Pkwy,,Rear End,4,Clear,Dry,Daylight
2022-05-24T07:40:00.000,I 285,I 285 and Langford Pkwy,,Not a Collision with Motor Vehicle,2,Clear,Dry,Daylight
2022-11-11T07:50:00.000,I 285,I 285 and Langford Pkwy,,Sideswipe-Same Direction,2,Rain,Wet,Daylight
2022-03-18T14:05:00.000,I 285,I 285 and Langford Pkwy,,Not a Collision with Motor Vehicle,1,Rain,Wet,Daylight
2022-03-07T11:40:00.000,I 285,I 285 and Langford Pkwy,,Sideswipe-Same Direction,2,Cloudy,Dry,Daylight
2022-06-17T15:18:00.000,I 285,I 285 and Langford Pkwy,,Rear End,2,Clear,Dry,Daylight
2022-11-11T12:25:00.000,I 285,I 285 and Langford Pkwy,,Sideswipe-Same Direction,2,Rain,Wet,Daylight
2022-09-23T18:20:00.000,I 285,I 285 and Langford Pkwy,,Rear End,4,Clear,Dry,Daylight
2022-01-20T19:45:00.000,I 285,I 285 and Langford Pkwy,,Sideswipe-Same Direction,2,Cloudy,Wet,Dark-Not Lighted
2022-04-19T17:37:00.000,I 285,I 285 and Langford Pkwy,,Rear End,2,Clear,Dry,Daylight
2022-08-25T06:15:00.000,I 285,I 285 and Langford Pkwy,,Sideswipe-Same Direction,2,Rain,Wet,Dark-Lighted
2022-10-13T07:11:00.000,I 285,I 285 and Langford Pkwy,,Not a Collision with Motor Vehicle,1,Clear,Wet,Dark-Not Lighted
2022-08-22T08:15:00.000,I 285,I 285 and Langford Pkwy,,Rear End,2,Cloudy,Dry,Daylight
2024-03-19T09:30:00.000,I 285,I 285 and Langford Pkwy,,Not a Collision with Motor Vehicle,2,Clear,Dry,Daylight
2024-09-23T16:01:00.000,I 285,I 285 and Langford Pkwy,,Rear End,2,Clear,Dry,Daylight
2024-05-21T16:15:00.000,I 285,I 285 and Langford Pkwy,,Sideswipe-Same Direction,2,Clear,Dry,Daylight
2024-04-30T16:34:00.000,I 285,I 285 and Langford Pkwy,,Rear End,3,Clear,Dry,Daylight
2023-05-30T11:00:00.000,I 285,I 285 and Langford Pkwy,,Rear End,2,Clear,Dry,Daylight
2023-03-27T06:11:00.000,I 285,I 285 and Langford Pkwy,,Sideswipe-Same Direction,2,Rain,Wet,Dark-Not Lighted
2023-08-31T15:35:00.000,I 285,I 285 and Langford Pkwy,,Rear End,3,Clear,Dry,Daylight
2023-11-30T15:00:00.000,I 285,I 285 and Langford Pkwy,,Not a Collision with Motor Vehicle,1,Clear,Dry,Daylight
2023-06-08T06:39:00.000,I 285,I 285 and Langford Pkwy,,Rear End,2,Clear,Dry,Daylight
2023-03-27T06:11:00.000,I 285,I 285 and Langford Pkwy,,Rear End,2,Rain,Wet,Dark-Not Lighted
2023-05-22T19:15:00.000,I 285,I 285 and Langford Pkwy,,Angle Crash,2,Rain,Wet,Daylight
2023-04-10T15:23:00.000,I 285,I 285 and Langford Pkwy,,Sideswipe-Same Direction,2,Clear,Dry,Daylight
2023-07-13T16:22:00.000,I 285,I 285 and Langford Pkwy,,Rear End,4,Cloudy,Dry,Daylight
2023-11-17T17:00:00.000,I 285,I 285 and Langford Pkwy,,Rear End,2,Clear,Dry,Dark-Not Lighted
2024-11-05T11:00:00.000,I 285,I 285 and Langford Pkwy,,Rear End,2,Clear,Dry,Daylight
2024-06-18T16:27:00.000,I 285,I 285 and Langford Pkwy,,Sideswipe-Same Direction,2,Clear,Dry,Daylight
2024-11-12T17:20:00.000,I 285,I 285 and Langford Pkwy,,Sideswipe-Same Direction,2,Cloudy,Dry,Daylight
2024-04-08T12:24:00.000,I 285,I 285 and Langford Pkwy,,Sideswipe-Same Direction,2,Clear,Dry,Daylight
2024-12-24T15:00:00.000,I 285,I 285 and Langford Pkwy,,Sideswipe-Same Direction,2,Clear,Dry,Daylight
2024-02-02T08:04:00.000,I 285,I 285 and Langford Pkwy,,Sideswipe-Same Direction,2,Clear,Dry,Daylight
2024-01-11T19:11:00.000,I 285,I 285 and Langford Pkwy,,Rear End,2,Clear,Dry,Dark-Not Lighted
2024-09-13T18:21:00.000,I 285,I 285 and Langford Pkwy,,Sideswipe-Same Direction,2,Clear,Dry,Daylight
2024-03-29T14:05:00.000,I 285,I 285 and Langford Pkwy,,Rear End,2,Clear,Dry,Daylight
2024-03-29T16:20:00.000,I 285,I 285 and Langford Pkwy,,Rear End,2,Clear,Dry,Daylight
2024-04-16T14:25:00.000,I 285,I 285 and Langford Pkwy,,Rear End,2,Clear,Dry,Daylight
2024-12-10T11:30:00.000,I 285,I 285 and Langford Pkwy,,Rear End,2,Rain,Wet,Daylight
2024-08-22T17:14:00.000,I 285,I 285 and Langford Pkwy,,Rear End,2,Clear,Dry,Daylight
2024-02-12T13:28:00.000,I 285,I 285 and Langford Pkwy,,Sideswipe-Same Direction,2,Rain,Wet,Daylight
2024-01-15T12:38:00.000,I 285,I 285 and Langford Pkwy,,Rear End,2,Clear,Dry,Daylight
2024-09-10T11:26:00.000,I 285,I 285 and Langford Pkwy,,Rear End,2,Clear,Dry,Daylight
2024-09-05T16:57:00.000,I 285,I 285 and Langford Pkwy,,Rear End,2,Clear,Dry,Daylight
2024-05-14T10:30:00.000,I 285,I 285 and Langford Pkwy,,Not a Collision with Motor Vehicle,1,Clear,Wet,Daylight
2024-07-26T06:15:00.000,I 285,I 285 and Langford Pkwy,,Rear End,2,Cloudy,Dry,Dark-Not Lighted
2024-06-07T08:04:00.000,I 285,I 285 and Langford Pkwy,,Sideswipe-Same Direction,2,Clear,Dry,Daylight
2024-12-23T15:20:00.000,I 285,I 285 and Langford Pkwy,,Rear End,2,Clear,Dry,Daylight
2024-10-04T17:00:00.000,I 285,I 285 and Langford Pkwy,,Rear End,3,Clear,Dry,Daylight
2024-08-22T17:35:00.000,I 285,I 285 and Langford Pkwy,,Sideswipe-Same Direction,2,Clear,Dry,Daylight
2024-04-18T17:03:00.000,I 285,I 285 and Langford Parkway Overpass,,Rear End,5,Clear,Dry,Daylight
2021-04-27T10:00:00.000,I 285,I 285 and Langford Parkway Opas,,Sideswipe-Same Direction,2,Clear,Dry,Daylight
2020-10-26T08:21:00.000,I 285,I 285 and Langford Parkway Opas,,Not a Collision with Motor Vehicle,2,Clear,Dry,Daylight
2020-03-03T14:40:00.000,I 285,I 285 and Langford Parkway Opas,,Sideswipe-Same Direction,2,Cloudy,Dry,Daylight
2020-10-26T08:20:00.000,I 285,I 285 and Langford Parkway Opas,,Not a Collision with Motor Vehicle,1,Clear,Dry,Daylight
2020-10-26T08:21:00.000,I 285,I 285 and Langford Parkway Opas,,Not a Collision with Motor Vehicle,1,Clear,Dry,Daylight
2020-10-26T08:20:00.000,I 285,I 285 and Langford Parkway Opas,,Not a Collision with Motor Vehicle,1,Clear,Dry,Daylight
2020-12-22T18:31:00.000,I 285,I 285 and Langford Parkway Opas,,Sideswipe-Same Direction,2,Clear,Dry,Dark-Lighted
2020-03-03T14:41:00.000,I 285,I 285 and Langford Parkway Opas,,Rear End,2,Cloudy,Dry,Daylight
2020-12-24T11:41:00.000,I 285,I 285 and Langford Parkway Opas,,Not a Collision with Motor Vehicle,1,Rain,Wet,Daylight
2020-03-11T08:42:00.000,I 285,I 285 and Langford Parkway Opas,,Rear End,2,Clear,Dry,Daylight
2020-10-26T08:24:00.000,I 285,I 285 and Langford Parkway Opas,,Not a Collision with Motor Vehicle,1,Clear,Dry,Daylight
2022-04-12T18:54:00.000,I 285,I 285 and Langford Parkway Opas,,Sideswipe-Same Direction,2,Clear,Dry,Daylight
2021-12-22T15:15:00.000,I 285,I 285 and Langford Parkway Exit Rp,,Rear End,2,Clear,Dry,Daylight
2022-02-18T13:15:00.000,I 285,I 285 and Langford Parkway Exit Rp,,Not a Collision with Motor Vehicle,2,Clear,Dry,Daylight
2021-02-24T18:34:00.000,I 285,I 285 and Langford Parkway E Off Rp,,Not a Collision with Motor Vehicle,1,Clear,Dry,Daylight
2021-07-01T14:20:00.000,I 285,I 285 and Langford,,Sideswipe-Same Direction,2,Clear,Dry,Daylight
2021-04-29T18:07:00.000,I 285,I 285 and Langford,,Rear End,2,Clear,Dry,Daylight
2021-07-01T14:50:00.000,I 285,I 285 and Langford,,Rear End,3,Clear,Dry,Daylight
2022-06-20T15:49:00.000,I 285,I 285 and Langford,,Sideswipe-Same Direction,2,Clear,Dry,Daylight
2022-01-03T19:30:00.000,I 285,I 285 and Langford,,Rear End,2,Clear,Dry,Dark-Not Lighted
2022-09-05T17:28:00.000,I 285,I 285 and Langford,,Angle Crash,1,Clear,Wet,Daylight
2022-03-10T13:16:00.000,I 285,I 285 and Langford,,Rear End,3,Clear,Dry,Daylight
2024-01-12T13:15:00.000,I 285,I 285 and Lamgford Pkwy,,Sideswipe-Same Direction,3,Clear,Wet,Daylight
2021-02-19T23:50:00.000,I 285,I 285 and Lake Mirror Rd,,Not a Collision with Motor Vehicle,1,Clear,Dry,Dark-Not Lighted
2021-03-31T15:36:00.000,I 285,I 285 and Lake Mirror Rd,,Rear End,2,Rain,Wet,Daylight
2023-10-15T18:40:00.000,I 285,I 285 and Lake Mirror Rd,,Sideswipe-Same Direction,2,Clear,Dry,Dark-Not Lighted
2023-09-15T13:45:00.000,I 285,I 285 and Lake Mirror Rd,,Sideswipe-Same Direction,2,Rain,Wet,Daylight
2022-05-12T08:11:00.000,I 285,I 285 and Lake Mirror Rd,,Angle Crash,2,Clear,Dry,Daylight
2020-02-11T08:44:00.000,I 285,I 285 and Lake Mirror Rd,,Rear End,2,Rain,Wet,Daylight
2020-02-25T15:24:00.000,I 285,I 285 and Lake Mirror Rd,,Angle Crash,2,Cloudy,Dry,Daylight
2021-12-10T21:20:00.000,I 285,I 285 and Lake Mirror Rd,,Sideswipe-Same Direction,2,Clear,Dry,Daylight
2022-06-10T17:20:00.000,I 285,I 285 and Lake Mirror Rd,,Rear End,3,Clear,Dry,Daylight
2022-09-07T00:46:00.000,I 285,I 285 and Lake Mirror Rd,,Rear End,2,Clear,Dry,Dark-Not Lighted
2024-07-12T17:14:00.000,I 285,I 285 and Lake Mirror Rd,,Rear End,2,Clear,Dry,Daylight
2023-10-19T17:36:00.000,I 285,I 285 and Lake Mirror Rd,,Sideswipe-Same Direction,2,Clear,Dry,Daylight
2023-07-01T08:34:00.000,I 285,I 285 and Lake Mirror Rd,,Sideswipe-Same Direction,2,Clear,Dry,Daylight
2023-08-31T08:11:00.000,I 285,I 285 and Lake Mirror Rd,,Sideswipe-Same Direction,2,Clear,Dry,Daylight
2024-06-25T16:26:00.000,I 285,I 285 and Lake Mirror Rd,,Rear End,2,Clear,Dry,Daylight
2024-05-25T23:00:00.000,I 285,I 285 and Lake Mirror Rd,,Not a Collision with Motor Vehicle,1,Clear,Dry,Dark-Not Lighted
2020-06-09T21:38:00.000,I 285,I 285 and Lake Mirror Pl,,Rear End,3,Clear,Dry,Dark-Lighted
2024-04-13T03:05:00.000,I 285,I 285 and Lake Mirror Pl,,Not a Collision with Motor Vehicle,1,Clear,Dry,Dark-Not Lighted
2024-01-02T00:00:00.000,I 285,I 285 and Lake Forrest Drive Northwest,,Not a Collision with Motor Vehicle,1,Clear,Dry,Daylight
2020-12-04T16:35:00.000,I 285,I 285 and Lady Margaret Ln,,Angle Crash,2,Rain,Wet,Dusk
2023-01-08T06:33:00.000,I 285,I 285 and Lady Margaret Ln,,Sideswipe-Same Direction,2,Clear,Dry,Dark-Lighted
2021-04-19T14:13:00.000,I 285,I 285 and La Vista Rd,,Sideswipe-Same Direction,2,Clear,Dry,Daylight
2020-09-19T14:01:00.000,I 285,I 285 and La Vista Rd,,Not a Collision with Motor Vehicle,1,Cloudy,Dry,Daylight
2021-01-28T13:00:00.000,I 285,I 285 and La Vista Rd,,Rear End,2,Clear,Dry,Daylight
2022-04-23T17:59:00.000,I 285,I 285 and Knollview Dr,,Rear End,2,Clear,Dry,Daylight
2021-10-16T14:02:00.000,I 285,I 285 and Knollberry Ln,,Sideswipe-Same Direction,3,Clear,Dry,Daylight
2023-06-02T08:00:00.000,I 285,I 285 and Kirksford Dr,,Rear End,2,Clear,Dry,Daylight
2023-06-04T14:30:00.000,I 285,I 285 and Kings Park Cir,,Sideswipe-Same Direction,2,Clear,Dry,Daylight
2022-03-21T16:39:00.000,I 285,I 285 and Kings Park Cir,,Rear End,2,Clear,Dry,Daylight
2024-04-10T11:10:00.000,I 285,I 285 and Kings Park Cir,,Sideswipe-Same Direction,2,Clear,Dry,Daylight
2023-01-04T08:00:00.000,I 285,I 285 and Kensingwood Trce,,Sideswipe-Same Direction,2,Rain,Water (standing or moving),Dark-Not Lighted
2022-03-15T09:20:00.000,I 285,I 285 and Kenridge Pkwy,,Rear End,4,Clear,Dry,Daylight
2024-05-21T18:23:00.000,I 285,I 285 and Kenelworth Dr,,Rear End,2,Cloudy,Dry,Daylight
2022-11-07T08:28:00.000,I 285,I 285 and Just W Of Riv,,Rear End,2,Cloudy,Dry,Daylight
2023-01-24T16:10:00.000,I 285,I 285 and Just S Of The Riv,,Rear End,3,Cloudy,Dry,Daylight
2023-06-29T15:48:00.000,I 285,I 285 and Just S Of The Riv,,Rear End,2,Cloudy,Dry,Daylight
2020-02-11T08:24:00.000,I 285,I 285 and Just S Of S Cobb Dr,,Rear End,4,Rain,Wet,Daylight