Date and Time,Roadway (From Crash Report),Intersection Name (from Crash Report),KABCO Severity,Manner of Collision (Crash Level) ,# of Vehicles per crash ,Weather Conditions (Crash Level),Surface Condition (Crash Level) ,Light Conditions (Crash Level)
2023-01-10T17:20:00.000,I 285,I 285 and Just N Of The Riv,,Rear End,2,Cloudy,Dry,Daylight
2022-10-28T07:44:00.000,I 285,I 285 and Just N Of I20,,Sideswipe-Same Direction,3,Cloudy,Dry,Daylight
2022-12-13T10:41:00.000,I 285,I 285 and Just N Of I20,,Rear End,2,Cloudy,Dry,Daylight
2022-12-12T14:11:00.000,I 285,I 285 and Just N Of I20,,Rear End,2,Cloudy,Dry,Daylight
2022-12-15T12:24:00.000,I 285,I 285 and Just N Of I20,,Sideswipe-Same Direction,2,Clear,Dry,Daylight
2022-12-29T12:53:00.000,I 285,I 285 and Just N Of I20,,Rear End,2,Clear,Dry,Daylight
2022-11-21T14:08:00.000,I 285,I 285 and Just Before S Cobb Dr,,Rear End,2,Clear,Dry,Daylight
2022-09-29T17:58:00.000,I 285,I 285 and Just Before Paces Ferry Rd,,Rear End,2,Clear,Dry,Daylight
2022-10-28T12:09:00.000,I 285,I 285 and Just Before Paces Ferry Rd,,Rear End,2,Cloudy,Dry,Daylight
2021-01-21T17:15:00.000,I 285,I 285 and Jonesboro Road Exit Rp,,Rear End,2,Cloudy,Wet,Daylight
2022-11-04T12:29:00.000,I 285,I 285 and Jonesboro Rd.,,Sideswipe-Same Direction,2,Clear,Dry,Daylight
2024-12-08T23:29:00.000,I 285,I 285 and Jonesboro Rd.,,Sideswipe-Same Direction,2,Rain,Wet,Dark-Lighted
2021-09-07T19:15:00.000,I 285,I 285 and Jonesboro Rd Opas,,Not a Collision with Motor Vehicle,2,Clear,Dry,Daylight
2024-12-10T17:45:00.000,I 285,I 285 and Jonesboro Rd Opas,,Not a Collision with Motor Vehicle,1,Rain,Wet,Dark-Not Lighted
2020-01-27T08:41:00.000,I 285,I 285 and Jonesboro Rd Off Rp,,Angle Crash,2,Cloudy,Dry,Daylight
2021-06-17T19:18:00.000,I 285,I 285 and Jonesboro Rd,,Sideswipe-Same Direction,2,Clear,Dry,Daylight
2021-03-02T12:05:00.000,I 285,I 285 and Jonesboro Rd,,Angle Crash,2,Clear,Dry,Daylight
2021-01-07T03:54:00.000,I 285,I 285 and Jonesboro Rd,,Rear End,2,Clear,Dry,Dark-Not Lighted
2021-06-21T00:35:00.000,I 285,I 285 and Jonesboro Rd,,Sideswipe-Same Direction,2,Clear,Dry,Dark-Not Lighted
2021-02-08T04:19:00.000,I 285,I 285 and Jonesboro Rd,,Sideswipe-Same Direction,2,Clear,Dry,Dark-Lighted
2021-03-25T06:44:00.000,I 285,I 285 and Jonesboro Rd,,Not a Collision with Motor Vehicle,1,Rain,Wet,Dark-Not Lighted
2021-02-05T15:47:00.000,I 285,I 285 and Jonesboro Rd,,Rear End,2,Clear,Dry,Daylight
2021-08-03T13:32:00.000,I 285,I 285 and Jonesboro Rd,,Sideswipe-Same Direction,2,Clear,Dry,Daylight
2021-07-20T12:09:00.000,I 285,I 285 and Jonesboro Rd,,Rear End,2,Clear,Dry,Daylight
2021-09-07T08:06:00.000,I 285,I 285 and Jonesboro Rd,,Rear End,2,Cloudy,Wet,Daylight
2021-02-10T09:16:00.000,I 285,I 285 and Jonesboro Rd,,Rear End,2,Clear,Dry,Daylight
2021-06-29T16:55:00.000,I 285,I 285 and Jonesboro Rd,,Sideswipe-Same Direction,3,Clear,Dry,Daylight
2021-03-17T16:35:00.000,I 285,I 285 and Jonesboro Rd,,Rear End,2,Rain,Wet,Daylight
2021-02-19T10:23:00.000,I 285,I 285 and Jonesboro Rd,,Sideswipe-Same Direction,2,Clear,Dry,Daylight
2021-02-10T11:25:00.000,I 285,I 285 and Jonesboro Rd,,Sideswipe-Same Direction,2,Clear,Dry,Daylight
2021-01-28T18:47:00.000,I 285,I 285 and Jonesboro Rd,,Sideswipe-Same Direction,2,Clear,Dry,Dark-Not Lighted
2021-02-09T15:00:00.000,I 285,I 285 and Jonesboro Rd,,Sideswipe-Same Direction,2,Cloudy,Dry,Daylight
2021-05-24T17:13:00.000,I 285,I 285 and Jonesboro Rd,,Rear End,3,Clear,Dry,Daylight
2021-05-03T13:10:00.000,I 285,I 285 and Jonesboro Rd,,Sideswipe-Same Direction,2,Rain,Wet,Daylight
2021-05-27T17:13:00.000,I 285,I 285 and Jonesboro Rd,,Rear End,2,Clear,Dry,Daylight
2021-02-15T12:00:00.000,I 285,I 285 and Jonesboro Rd,,Sideswipe-Same Direction,2,Rain,Wet,Daylight
2021-11-23T15:28:00.000,I 285,I 285 and Jonesboro Rd,,Rear End,2,Clear,Dry,Daylight
2021-09-27T11:16:00.000,I 285,I 285 and Jonesboro Rd,,Rear End,2,Clear,Dry,Daylight
2021-12-22T15:30:00.000,I 285,I 285 and Jonesboro Rd,,Not a Collision with Motor Vehicle,1,Clear,Dry,Daylight
2021-04-27T10:49:00.000,I 285,I 285 and Jonesboro Rd,,Sideswipe-Same Direction,1,Clear,Dry,Daylight
2021-05-03T18:24:00.000,I 285,I 285 and Jonesboro Rd,,Rear End,2,Rain,Wet,Daylight
2021-11-01T08:00:00.000,I 285,I 285 and Jonesboro Rd,,Rear End,2,Clear,Dry,Daylight
2021-11-01T07:45:00.000,I 285,I 285 and Jonesboro Rd,,Sideswipe-Same Direction,2,Clear,Dry,Daylight
2021-07-19T08:00:00.000,I 285,I 285 and Jonesboro Rd,,Rear End,2,Rain,Wet,Daylight
2021-12-22T15:30:00.000,I 285,I 285 and Jonesboro Rd,,Not a Collision with Motor Vehicle,1,Clear,Dry,Daylight
2021-07-22T18:37:00.000,I 285,I 285 and Jonesboro Rd,,Sideswipe-Same Direction,2,Clear,Dry,Daylight
2021-01-06T12:45:00.000,I 285,I 285 and Jonesboro Rd,,Sideswipe-Same Direction,2,Clear,Dry,Daylight
2021-01-08T11:35:00.000,I 285,I 285 and Jonesboro Rd,,Not a Collision with Motor Vehicle,2,Clear,Wet,Daylight
2021-03-03T17:37:00.000,I 285,I 285 and Jonesboro Rd,,Angle Crash,2,Clear,Dry,Daylight
2021-01-29T13:01:00.000,I 285,I 285 and Jonesboro Rd,,Sideswipe-Same Direction,2,Clear,Dry,Daylight
2021-03-08T12:30:00.000,I 285,I 285 and Jonesboro Rd,,Sideswipe-Same Direction,2,Cloudy,Dry,Daylight
2020-12-04T11:35:00.000,I 285,I 285 and Jonesboro Rd,,Sideswipe-Same Direction,2,Clear,Dry,Daylight
2020-02-28T00:48:00.000,I 285,I 285 and Jonesboro Rd,,Sideswipe-Same Direction,2,Clear,Dry,Dark-Lighted
2023-11-14T16:00:00.000,I 285,I 285 and Jonesboro Rd,,Rear End,2,Cloudy,Dry,Daylight
2023-09-29T11:37:00.000,I 285,I 285 and Jonesboro Rd,,Rear End,2,Clear,Dry,Daylight
2023-03-01T01:17:00.000,I 285,I 285 and Jonesboro Rd,,Sideswipe-Same Direction,2,Clear,Dry,Dark-Not Lighted
2023-01-12T09:00:00.000,I 285,I 285 and Jonesboro Rd,,Sideswipe-Same Direction,2,Clear,Dry,Daylight
2023-06-06T12:24:00.000,I 285,I 285 and Jonesboro Rd,,Sideswipe-Same Direction,2,Cloudy,Dry,Daylight
2023-08-18T14:10:00.000,I 285,I 285 and Jonesboro Rd,,Rear End,2,Clear,Dry,Daylight
2023-10-05T09:32:00.000,I 285,I 285 and Jonesboro Rd,,Sideswipe-Same Direction,2,Clear,Dry,Daylight
2023-01-03T17:29:00.000,I 285,I 285 and Jonesboro Rd,,Head On,2,Rain,Wet,Dark-Not Lighted
2023-04-13T14:08:00.000,I 285,I 285 and Jonesboro Rd,,Angle Crash,2,Rain,Wet,Daylight
2023-09-14T16:39:00.000,I 285,I 285 and Jonesboro Rd,,Rear End,2,Cloudy,Wet,Daylight
2023-05-15T08:40:00.000,I 285,I 285 and Jonesboro Rd,,Rear End,2,Clear,Dry,Daylight
2023-03-30T16:32:00.000,I 285,I 285 and Jonesboro Rd,,Sideswipe-Same Direction,2,Clear,Dry,Daylight
2023-05-25T12:59:00.000,I 285,I 285 and Jonesboro Rd,,Rear End,2,Cloudy,Dry,Daylight
2023-02-14T16:41:00.000,I 285,I 285 and Jonesboro Rd,,Rear End,2,Clear,Dry,Daylight
2023-04-11T19:14:00.000,I 285,I 285 and Jonesboro Rd,,Rear End,2,Clear,Dry,Daylight
2023-01-03T19:15:00.000,I 285,I 285 and Jonesboro Rd,,Sideswipe-Same Direction,2,Rain,Wet,Dark-Not Lighted
2023-03-24T14:40:00.000,I 285,I 285 and Jonesboro Rd,,Rear End,2,Clear,Dry,Daylight
2023-09-29T10:10:00.000,I 285,I 285 and Jonesboro Rd,,Not a Collision with Motor Vehicle,2,Clear,Dry,Daylight
2023-06-28T18:50:00.000,I 285,I 285 and Jonesboro Rd,,Rear End,2,Clear,Dry,Daylight
2023-08-04T16:25:00.000,I 285,I 285 and Jonesboro Rd,,Rear End,3,Clear,Dry,Daylight
2023-03-30T16:12:00.000,I 285,I 285 and Jonesboro Rd,,Rear End,2,Clear,Dry,Daylight
2023-08-16T19:15:00.000,I 285,I 285 and Jonesboro Rd,,Rear End,2,Clear,Dry,Daylight
2020-03-06T16:51:00.000,I 285,I 285 and Jonesboro Rd,,Rear End,3,Clear,Dry,Daylight
2020-06-23T13:36:00.000,I 285,I 285 and Jonesboro Rd,,Rear End,1,Clear,Wet,Daylight
2020-09-07T00:50:00.000,I 285,I 285 and Jonesboro Rd,,Rear End,2,Clear,Dry,Dark-Not Lighted
2020-10-21T23:44:00.000,I 285,I 285 and Jonesboro Rd,,Sideswipe-Same Direction,2,Clear,Dry,Dark-Not Lighted
2020-02-16T18:20:00.000,I 285,I 285 and Jonesboro Rd,,Angle Crash,2,Rain,Wet,Dark-Lighted
2020-02-26T03:02:00.000,I 285,I 285 and Jonesboro Rd,,Sideswipe-Same Direction,2,Clear,Dry,Dark-Lighted
2020-04-21T16:05:00.000,I 285,I 285 and Jonesboro Rd,,Rear End,2,Clear,Dry,Daylight
2020-12-26T16:57:00.000,I 285,I 285 and Jonesboro Rd,,Angle Crash,4,Cloudy,Dry,Dusk
2020-11-01T01:32:00.000,I 285,I 285 and Jonesboro Rd,,Rear End,4,Rain,Wet,Dark-Not Lighted
2020-01-05T17:22:00.000,I 285,I 285 and Jonesboro Rd,,Not a Collision with Motor Vehicle,2,Clear,Dry,Daylight
2020-06-18T23:38:00.000,I 285,I 285 and Jonesboro Rd,,Not a Collision with Motor Vehicle,1,Clear,Dry,Dark-Lighted
2020-03-19T12:01:00.000,I 285,I 285 and Jonesboro Rd,,Rear End,2,Clear,Dry,Daylight
2020-02-16T21:40:00.000,I 285,I 285 and Jonesboro Rd,,Sideswipe-Same Direction,2,Rain,Wet,Dark-Not Lighted
2020-04-05T18:22:00.000,I 285,I 285 and Jonesboro Rd,,Sideswipe-Same Direction,2,Clear,Dry,Daylight
2020-09-20T07:47:00.000,I 285,I 285 and Jonesboro Rd,,Angle,2,Clear,Dry,Daylight
2020-11-14T01:25:00.000,I 285,I 285 and Jonesboro Rd,,Angle Crash,3,Clear,Dry,Dark-Lighted
2020-03-20T12:48:00.000,I 285,I 285 and Jonesboro Rd,,Rear End,2,Clear,Dry,Daylight
2020-09-17T13:59:00.000,I 285,I 285 and Jonesboro Rd,,Sideswipe-Same Direction,3,Cloudy,Wet,Daylight
2020-02-15T16:50:00.000,I 285,I 285 and Jonesboro Rd,,Sideswipe-Same Direction,2,Clear,Dry,Daylight
2020-06-02T11:32:00.000,I 285,I 285 and Jonesboro Rd,,Angle Crash,3,Clear,Dry,Daylight
2020-08-14T07:23:00.000,I 285,I 285 and Jonesboro Rd,,Angle Crash,3,Cloudy,Wet,Daylight
2020-03-23T16:56:00.000,I 285,I 285 and Jonesboro Rd,,Not a Collision with Motor Vehicle,1,Cloudy,Wet,Daylight
2020-02-03T02:00:00.000,I 285,I 285 and Jonesboro Rd,,Sideswipe-Same Direction,2,Clear,Dry,Dark-Lighted
2020-01-16T15:32:00.000,I 285,I 285 and Jonesboro Rd,,Rear End,2,Clear,Dry,Daylight
2020-08-17T21:23:00.000,I 285,I 285 and Jonesboro Rd,,Not a Collision with Motor Vehicle,1,Cloudy,Dry,Dark-Lighted
2020-09-28T22:20:00.000,I 285,I 285 and Jonesboro Rd,,Rear End,3,Clear,Wet,Dark-Lighted
2020-06-29T18:04:00.000,I 285,I 285 and Jonesboro Rd,,Not a Collision with Motor Vehicle,2,Clear,Dry,Daylight
2020-01-14T17:21:00.000,I 285,I 285 and Jonesboro Rd,,Rear End,2,Rain,Wet,Daylight
2020-10-02T16:22:00.000,I 285,I 285 and Jonesboro Rd,,Rear End,2,Clear,Dry,Daylight
2020-04-02T17:27:00.000,I 285,I 285 and Jonesboro Rd,,Sideswipe-Same Direction,3,Clear,Dry,Daylight
2020-01-07T10:32:00.000,I 285,I 285 and Jonesboro Rd,,Rear End,2,Clear,Dry,Daylight
2020-10-01T13:58:00.000,I 285,I 285 and Jonesboro Rd,,Sideswipe-Same Direction,2,Clear,Dry,Daylight
2020-02-24T18:43:00.000,I 285,I 285 and Jonesboro Rd,,Sideswipe-Same Direction,2,Rain,Wet,Dark-Not Lighted
2020-01-25T23:35:00.000,I 285,I 285 and Jonesboro Rd,,Sideswipe-Same Direction,2,Clear,Dry,Dark-Lighted
2020-08-28T15:53:00.000,I 285,I 285 and Jonesboro Rd,,Rear End,2,Clear,Dry,Daylight
2020-06-25T00:26:00.000,I 285,I 285 and Jonesboro Rd,,Rear End,2,Rain,Wet,Dark-Not Lighted
2020-05-27T14:35:00.000,I 285,I 285 and Jonesboro Rd,,Not a Collision with Motor Vehicle,1,Rain,Wet,Daylight
2020-03-12T14:43:00.000,I 285,I 285 and Jonesboro Rd,,Sideswipe-Same Direction,2,Clear,Dry,Daylight
2020-05-02T15:12:00.000,I 285,I 285 and Jonesboro Rd,,Rear End,2,Clear,Dry,Daylight
2020-04-21T00:00:00.000,I 285,I 285 and Jonesboro Rd,,Angle Crash,3,Cloudy,Dry,Daylight
2020-11-12T17:10:00.000,I 285,I 285 and Jonesboro Rd,,Rear End,2,Clear,Dry,Daylight
2020-10-11T22:09:00.000,I 285,I 285 and Jonesboro Rd,,Rear End,3,Clear,Dry,Dark-Lighted
2020-04-14T09:47:00.000,I 285,I 285 and Jonesboro Rd,,Sideswipe-Same Direction,2,Clear,Dry,Daylight
2020-11-14T01:49:00.000,I 285,I 285 and Jonesboro Rd,,Angle Crash,2,Clear,Dry,Dark-Lighted
2020-11-14T01:50:00.000,I 285,I 285 and Jonesboro Rd,,Rear End,2,Cloudy,Dry,Dark-Not Lighted
2020-06-12T22:42:00.000,I 285,I 285 and Jonesboro Rd,,Rear End,2,Clear,Wet,Dark-Not Lighted
2020-11-09T05:10:00.000,I 285,I 285 and Jonesboro Rd,,Rear End,2,Clear,Dry,Dark-Not Lighted
2020-01-27T06:35:00.000,I 285,I 285 and Jonesboro Rd,,Rear End,2,Cloudy,Dry,Dark-Not Lighted
2020-04-02T20:33:00.000,I 285,I 285 and Jonesboro Rd,,Sideswipe-Same Direction,2,Clear,Dry,Daylight
2020-11-26T17:42:00.000,I 285,I 285 and Jonesboro Rd,,Rear End,2,Clear,Dry,Daylight
2020-06-11T15:12:00.000,I 285,I 285 and Jonesboro Rd,,Sideswipe-Same Direction,2,Clear,Dry,Daylight
2020-12-18T15:38:00.000,I 285,I 285 and Jonesboro Rd,,Sideswipe-Same Direction,2,Clear,Dry,Daylight
2020-12-21T15:59:00.000,I 285,I 285 and Jonesboro Rd,,Sideswipe-Same Direction,2,Clear,Dry,Daylight
2020-09-02T06:50:00.000,I 285,I 285 and Jonesboro Rd,,Rear End,2,Clear,Dry,Daylight
2020-12-13T23:27:00.000,I 285,I 285 and Jonesboro Rd,,Not a Collision with Motor Vehicle,1,Rain,Wet,Dark-Lighted
2020-09-04T17:14:00.000,I 285,I 285 and Jonesboro Rd,,Not a Collision with Motor Vehicle,1,Clear,Dry,Daylight
2020-09-06T03:38:00.000,I 285,I 285 and Jonesboro Rd,,Sideswipe-Same Direction,2,Clear,Dry,Dark-Not Lighted
2020-09-10T22:30:00.000,I 285,I 285 and Jonesboro Rd,,Sideswipe-Same Direction,2,Clear,Dry,Dark-Not Lighted
2020-08-22T07:53:00.000,I 285,I 285 and Jonesboro Rd,,Sideswipe-Same Direction,2,Cloudy,Dry,Daylight
2020-04-21T14:26:00.000,I 285,I 285 and Jonesboro Rd,,Rear End,3,Clear,Dry,Daylight
2020-12-19T08:42:00.000,I 285,I 285 and Jonesboro Rd,,Sideswipe-Same Direction,2,Clear,Dry,Daylight
2020-02-03T02:00:00.000,I 285,I 285 and Jonesboro Rd,,Rear End,4,Clear,Dry,Dark-Lighted
2020-01-31T14:49:00.000,I 285,I 285 and Jonesboro Rd,,Sideswipe-Same Direction,2,Cloudy,Dry,Daylight
2020-06-08T09:07:00.000,I 285,I 285 and Jonesboro Rd,,Not a Collision with Motor Vehicle,2,Clear,Dry,Daylight
2020-06-18T19:13:00.000,I 285,I 285 and Jonesboro Rd,,Rear End,2,Clear,Dry,Daylight
2020-11-12T18:02:00.000,I 285,I 285 and Jonesboro Rd,,Rear End,2,Clear,Dry,Dark-Lighted
2020-04-19T00:40:00.000,I 285,I 285 and Jonesboro Rd,,Sideswipe-Same Direction,3,Clear,Dry,Dark-Lighted
2020-10-23T06:54:00.000,I 285,I 285 and Jonesboro Rd,,Rear End,2,Clear,Dry,Dark-Lighted
2020-07-20T17:14:00.000,I 285,I 285 and Jonesboro Rd,,Sideswipe-Same Direction,2,Clear,Dry,Daylight
2020-07-22T23:46:00.000,I 285,I 285 and Jonesboro Rd,,Rear End,2,Clear,Dry,Dark-Lighted
2020-11-22T07:11:00.000,I 285,I 285 and Jonesboro Rd,,Head On,1,Clear,Dry,Daylight
2020-12-13T14:40:00.000,I 285,I 285 and Jonesboro Rd,,Rear End,3,Clear,Dry,Daylight
2020-06-13T01:34:00.000,I 285,I 285 and Jonesboro Rd,,Rear End,2,Clear,Wet,Dark-Not Lighted
2020-10-04T15:05:00.000,I 285,I 285 and Jonesboro Rd,,Rear End,2,Clear,Dry,Daylight
2020-02-03T14:13:00.000,I 285,I 285 and Jonesboro Rd,,Sideswipe-Same Direction,2,Clear,Dry,Daylight
2020-07-30T11:49:00.000,I 285,I 285 and Jonesboro Rd,,Rear End,2,Cloudy,Dry,Daylight
2020-07-16T17:53:00.000,I 285,I 285 and Jonesboro Rd,,Not a Collision with Motor Vehicle,1,Clear,Dry,Daylight
2020-12-01T17:14:00.000,I 285,I 285 and Jonesboro Rd,,Rear End,3,Clear,Dry,Daylight
2020-01-28T16:53:00.000,I 285,I 285 and Jonesboro Rd,,Sideswipe-Same Direction,2,Clear,Dry,Daylight
2020-07-18T21:03:00.000,I 285,I 285 and Jonesboro Rd,,Sideswipe-Same Direction,2,Clear,Dry,Dark-Lighted
2020-02-02T17:50:00.000,I 285,I 285 and Jonesboro Rd,,Rear End,2,Clear,Dry,Dark-Lighted
2020-05-27T15:06:00.000,I 285,I 285 and Jonesboro Rd,,Sideswipe-Same Direction,2,Cloudy,Wet,Daylight
2020-07-24T13:35:00.000,I 285,I 285 and Jonesboro Rd,,Rear End,2,Clear,Dry,Daylight
2020-01-21T11:58:00.000,I 285,I 285 and Jonesboro Rd,,Sideswipe-Same Direction,2,Clear,Dry,Daylight
2020-09-07T21:30:00.000,I 285,I 285 and Jonesboro Rd,,Angle Crash,7,Clear,Dry,Dark-Lighted
2020-08-05T04:05:00.000,I 285,I 285 and Jonesboro Rd,,Rear End,2,Clear,Dry,Dark-Lighted
2020-08-27T05:36:00.000,I 285,I 285 and Jonesboro Rd,,Sideswipe-Same Direction,2,Clear,Dry,Dark-Not Lighted
2020-01-01T03:40:00.000,I 285,I 285 and Jonesboro Rd,,Angle Crash,2,Clear,Dry,Dark-Not Lighted
2020-04-02T16:56:00.000,I 285,I 285 and Jonesboro Rd,,Rear End,2,Clear,Dry,Daylight
2020-02-01T11:09:00.000,I 285,I 285 and Jonesboro Rd,,Rear End,2,Cloudy,Dry,Daylight
2020-03-11T14:44:00.000,I 285,I 285 and Jonesboro Rd,,Rear End,2,Clear,Dry,Daylight
2020-12-20T21:50:00.000,I 285,I 285 and Jonesboro Rd,,Sideswipe-Same Direction,2,Clear,Dry,Dark-Not Lighted
2020-03-18T06:29:00.000,I 285,I 285 and Jonesboro Rd,,(None),2,(None),Dry,Daylight
2020-01-06T21:48:00.000,I 285,I 285 and Jonesboro Rd,,Sideswipe-Same Direction,2,Clear,Dry,Dark-Not Lighted
2020-11-18T15:22:00.000,I 285,I 285 and Jonesboro Rd,,Head On,1,Clear,Dry,Daylight
2020-06-08T22:35:00.000,I 285,I 285 and Jonesboro Rd,,Sideswipe-Same Direction,2,Clear,Dry,Dark-Not Lighted
2020-03-01T14:23:00.000,I 285,I 285 and Jonesboro Rd,,Sideswipe-Same Direction,2,Clear,Dry,Daylight
2020-08-14T05:34:00.000,I 285,I 285 and Jonesboro Rd,,Rear End,2,Clear,Dry,Daylight
2020-06-11T15:33:00.000,I 285,I 285 and Jonesboro Rd,,Not a Collision with Motor Vehicle,1,Clear,Dry,Daylight
2020-11-14T01:57:00.000,I 285,I 285 and Jonesboro Rd,,Sideswipe-Same Direction,2,Clear,Dry,Dark-Lighted
2020-12-13T17:13:00.000,I 285,I 285 and Jonesboro Rd,,Sideswipe-Same Direction,2,Clear,Dry,Dark-Lighted
2020-02-25T21:33:00.000,I 285,I 285 and Jonesboro Rd,,Not a Collision with Motor Vehicle,1,Clear,Dry,Dark-Lighted
2021-04-02T16:24:00.000,I 285,I 285 and Jonesboro Rd,,Sideswipe-Same Direction,2,Clear,Dry,Daylight
2021-01-07T04:02:00.000,I 285,I 285 and Jonesboro Rd,,Rear End,2,Clear,Dry,Dark-Lighted
2021-01-16T16:15:00.000,I 285,I 285 and Jonesboro Rd,,Rear End,2,Clear,Dry,Daylight
2021-05-17T13:27:00.000,I 285,I 285 and Jonesboro Rd,,Rear End,2,Clear,Dry,Daylight
2021-05-14T16:12:00.000,I 285,I 285 and Jonesboro Rd,,Rear End,2,Clear,Dry,Daylight
2021-03-09T17:32:00.000,I 285,I 285 and Jonesboro Rd,,Angle Crash,2,Clear,Dry,Daylight
2021-01-30T19:30:00.000,I 285,I 285 and Jonesboro Rd,,Sideswipe-Same Direction,2,Clear,Dry,Dark-Not Lighted
2021-01-12T12:10:00.000,I 285,I 285 and Jonesboro Rd,,Sideswipe-Same Direction,2,Clear,Dry,Daylight
2021-05-14T17:10:00.000,I 285,I 285 and Jonesboro Rd,,Sideswipe-Same Direction,3,Clear,Dry,Daylight
2021-02-09T06:21:00.000,I 285,I 285 and Jonesboro Rd,,Rear End,2,Cloudy,Dry,Dark-Not Lighted
2021-06-17T18:23:00.000,I 285,I 285 and Jonesboro Rd,,Rear End,2,Clear,Dry,Daylight
2021-02-09T07:00:00.000,I 285,I 285 and Jonesboro Rd,,Rear End,2,Cloudy,Dry,Daylight
2021-01-20T12:17:00.000,I 285,I 285 and Jonesboro Rd,,Rear End,2,Clear,Dry,Daylight
2021-05-12T10:13:00.000,I 285,I 285 and Jonesboro Rd,,Rear End,2,Rain,Wet,Daylight
2021-12-02T16:40:00.000,I 285,I 285 and Jonesboro Rd,,Rear End,2,Clear,Dry,Daylight
2021-07-19T17:19:00.000,I 285,I 285 and Jonesboro Rd,,Rear End,2,Rain,Wet,Daylight
2021-07-20T07:00:00.000,I 285,I 285 and Jonesboro Rd,,Not a Collision with Motor Vehicle,1,Rain,Wet,Daylight
2021-07-29T09:11:00.000,I 285,I 285 and Jonesboro Rd,,Not a Collision with Motor Vehicle,2,Clear,Dry,Daylight
2021-07-14T19:56:00.000,I 285,I 285 and Jonesboro Rd,,Sideswipe-Same Direction,2,Clear,Dry,Daylight
2021-11-30T13:36:00.000,I 285,I 285 and Jonesboro Rd,,Sideswipe-Same Direction,2,Clear,Dry,Daylight
2021-10-26T09:05:00.000,I 285,I 285 and Jonesboro Rd,,Sideswipe-Same Direction,2,Clear,Dry,Daylight
2021-09-30T18:20:00.000,I 285,I 285 and Jonesboro Rd,,Rear End,2,Clear,Dry,Daylight
2021-07-20T04:49:00.000,I 285,I 285 and Jonesboro Rd,,Rear End,2,Clear,Wet,Daylight
2021-07-20T15:05:00.000,I 285,I 285 and Jonesboro Rd,,Rear End,3,Clear,Wet,Daylight
2021-07-30T16:30:00.000,I 285,I 285 and Jonesboro Rd,,Rear End,2,Clear,Dry,Daylight
2021-07-14T06:37:00.000,I 285,I 285 and Jonesboro Rd,,Rear End,2,Clear,Dry,Daylight
2022-06-14T17:50:00.000,I 285,I 285 and Jonesboro Rd,,Sideswipe-Same Direction,2,Cloudy,Dry,Daylight
2022-01-28T16:55:00.000,I 285,I 285 and Jonesboro Rd,,Sideswipe-Same Direction,2,Cloudy,Dry,Daylight
2022-07-15T14:37:00.000,I 285,I 285 and Jonesboro Rd,,Sideswipe-Same Direction,2,Clear,Dry,Daylight
2021-11-01T07:42:00.000,I 285,I 285 and Jonesboro Rd,,Rear End,2,Clear,Dry,Daylight
2021-12-28T10:00:00.000,I 285,I 285 and Jonesboro Rd,,Sideswipe-Same Direction,3,Cloudy,Dry,Daylight
2022-11-03T17:42:00.000,I 285,I 285 and Jonesboro Rd,,Sideswipe-Same Direction,2,Clear,Dry,Daylight
2022-09-06T14:50:00.000,I 285,I 285 and Jonesboro Rd,,Sideswipe-Same Direction,3,Cloudy,Dry,Daylight
2022-04-22T13:50:00.000,I 285,I 285 and Jonesboro Rd,,Rear End,2,Clear,Dry,Daylight
2022-11-11T08:46:00.000,I 285,I 285 and Jonesboro Rd,,Sideswipe-Same Direction,2,Rain,Wet,Daylight
2022-05-26T11:45:00.000,I 285,I 285 and Jonesboro Rd,,Rear End,2,Cloudy,Dry,Daylight
2022-02-10T11:22:00.000,I 285,I 285 and Jonesboro Rd,,Rear End,2,Clear,Dry,Daylight
2022-11-08T08:46:00.000,I 285,I 285 and Jonesboro Rd,,Sideswipe-Same Direction,2,Clear,Dry,Daylight
2022-06-03T15:21:00.000,I 285,I 285 and Jonesboro Rd,,Sideswipe-Same Direction,2,Clear,Dry,Daylight
2022-10-11T17:30:00.000,I 285,I 285 and Jonesboro Rd,,Rear End,2,Clear,Dry,Daylight
2021-07-09T19:16:00.000,I 285,I 285 and Jonesboro Rd,,Angle Crash,2,Clear,Wet,Daylight
2022-03-11T09:00:00.000,I 285,I 285 and Jonesboro Rd,,Not a Collision with Motor Vehicle,1,Cloudy,Wet,Daylight
2022-08-20T12:00:00.000,I 285,I 285 and Jonesboro Rd,,Sideswipe-Same Direction,2,Clear,Dry,Daylight
2022-01-21T14:50:00.000,I 285,I 285 and Jonesboro Rd,,Rear End,3,Cloudy,Wet,Daylight
2022-05-02T18:31:00.000,I 285,I 285 and Jonesboro Rd,,Not a Collision with Motor Vehicle,1,Cloudy,Dry,Daylight
2022-04-01T07:00:00.000,I 285,I 285 and Jonesboro Rd,,Rear End,2,Clear,Dry,Dark-Not Lighted
2022-03-05T18:35:00.000,I 285,I 285 and Jonesboro Rd,,Angle Crash,2,Cloudy,Dry,Daylight
2022-08-04T18:03:00.000,I 285,I 285 and Jonesboro Rd,,Rear End,3,Rain,Wet,Daylight
2022-02-08T15:18:00.000,I 285,I 285 and Jonesboro Rd,,Sideswipe-Same Direction,2,Clear,Dry,Daylight
2022-09-05T19:55:00.000,I 285,I 285 and Jonesboro Rd,,Not a Collision with Motor Vehicle,1,Cloudy,Wet,Dark-Not Lighted