Date and Time,Roadway (From Crash Report),Intersection Name (from Crash Report),KABCO Severity,Manner of Collision (Crash Level) ,# of Vehicles per crash ,Weather Conditions (Crash Level),Surface Condition (Crash Level) ,Light Conditions (Crash Level)
2022-07-22T12:43:00.000,I 285,I 285 and Jonesboro Rd,,Angle Crash,2,Clear,Dry,Daylight
2022-06-16T16:29:00.000,I 285,I 285 and Jonesboro Rd,,Rear End,2,Clear,Dry,Daylight
2022-06-30T15:24:00.000,I 285,I 285 and Jonesboro Rd,,Sideswipe-Same Direction,2,Clear,Dry,Daylight
2022-04-17T23:45:00.000,I 285,I 285 and Jonesboro Rd,,Sideswipe-Same Direction,2,Cloudy,Dry,Dark-Not Lighted
2022-04-01T06:15:00.000,I 285,I 285 and Jonesboro Rd,,Sideswipe-Same Direction,2,Clear,Dry,Dark-Lighted
2022-04-01T06:18:00.000,I 285,I 285 and Jonesboro Rd,,Head On,2,Clear,Dry,Dark-Lighted
2022-04-28T15:42:00.000,I 285,I 285 and Jonesboro Rd,,Sideswipe-Same Direction,2,Clear,Dry,Daylight
2022-03-18T15:30:00.000,I 285,I 285 and Jonesboro Rd,,Not a Collision with Motor Vehicle,1,Cloudy,Wet,Daylight
2022-04-11T12:10:00.000,I 285,I 285 and Jonesboro Rd,,Angle Crash,2,Cloudy,Dry,Daylight
2022-01-21T14:50:00.000,I 285,I 285 and Jonesboro Rd,,Rear End,2,Cloudy,Wet,Daylight
2022-03-08T08:31:00.000,I 285,I 285 and Jonesboro Rd,,Sideswipe-Same Direction,4,Cloudy,Wet,Daylight
2022-04-22T16:45:00.000,I 285,I 285 and Jonesboro Rd,,Rear End,4,Clear,Dry,Daylight
2022-07-20T03:00:00.000,I 285,I 285 and Jonesboro Rd,,Not a Collision with Motor Vehicle,2,Clear,Dry,Dark-Not Lighted
2022-04-22T16:35:00.000,I 285,I 285 and Jonesboro Rd,,Rear End,2,Clear,Dry,Daylight
2022-05-02T18:34:00.000,I 285,I 285 and Jonesboro Rd,,Not a Collision with Motor Vehicle,1,Clear,Dry,Daylight
2022-02-18T10:40:00.000,I 285,I 285 and Jonesboro Rd,,Sideswipe-Same Direction,2,Clear,Dry,Daylight
2022-04-22T14:27:00.000,I 285,I 285 and Jonesboro Rd,,Rear End,2,Clear,Dry,Daylight
2022-02-28T08:30:00.000,I 285,I 285 and Jonesboro Rd,,Sideswipe-Same Direction,2,Cloudy,Dry,Daylight
2022-08-12T18:08:00.000,I 285,I 285 and Jonesboro Rd,,Rear End,3,Clear,Dry,Daylight
2022-05-02T18:30:00.000,I 285,I 285 and Jonesboro Rd,,Not a Collision with Motor Vehicle,1,Cloudy,Dry,Daylight
2024-04-23T14:25:00.000,I 285,I 285 and Jonesboro Rd,,Sideswipe-Same Direction,2,Clear,Dry,Daylight
2024-04-09T09:15:00.000,I 285,I 285 and Jonesboro Rd,,Rear End,2,Cloudy,Wet,Daylight
2024-02-23T16:55:00.000,I 285,I 285 and Jonesboro Rd,,Rear End,2,Clear,Dry,Daylight
2024-10-23T05:10:00.000,I 285,I 285 and Jonesboro Rd,,Angle Crash,2,Clear,Dry,Dark-Lighted
2024-10-01T12:00:00.000,I 285,I 285 and Jonesboro Rd,,Sideswipe-Same Direction,2,Clear,Dry,Daylight
2024-10-22T16:35:00.000,I 285,I 285 and Jonesboro Rd,,Sideswipe-Same Direction,2,Clear,Dry,Daylight
2024-10-11T16:30:00.000,I 285,I 285 and Jonesboro Rd,,Rear End,2,Clear,Dry,Daylight
2024-10-07T15:33:00.000,I 285,I 285 and Jonesboro Rd,,Sideswipe-Same Direction,3,Clear,Dry,Daylight
2023-10-23T15:40:00.000,I 285,I 285 and Jonesboro Rd,,Rear End,2,Clear,Dry,Daylight
2023-05-30T08:46:00.000,I 285,I 285 and Jonesboro Rd,,Sideswipe-Same Direction,2,Clear,Dry,Daylight
2023-08-15T17:25:00.000,I 285,I 285 and Jonesboro Rd,,Rear End,2,Cloudy,Wet,Daylight
2023-08-31T14:35:00.000,I 285,I 285 and Jonesboro Rd,,Rear End,2,Clear,Dry,Daylight
2023-09-15T18:04:00.000,I 285,I 285 and Jonesboro Rd,,Rear End,2,Clear,Wet,Daylight
2023-03-24T13:55:00.000,I 285,I 285 and Jonesboro Rd,,Not a Collision with Motor Vehicle,2,Clear,Dry,Daylight
2023-08-21T10:45:00.000,I 285,I 285 and Jonesboro Rd,,Angle Crash,2,Clear,Dry,Daylight
2023-05-25T11:30:00.000,I 285,I 285 and Jonesboro Rd,,Rear End,2,Clear,Dry,Daylight
2023-03-06T18:23:00.000,I 285,I 285 and Jonesboro Rd,,Sideswipe-Same Direction,2,Clear,Dry,Daylight
2023-10-09T14:20:00.000,I 285,I 285 and Jonesboro Rd,,Rear End,3,Clear,Dry,Daylight
2023-08-18T13:10:00.000,I 285,I 285 and Jonesboro Rd,,Sideswipe-Same Direction,2,Clear,Dry,Daylight
2023-09-25T07:45:00.000,I 285,I 285 and Jonesboro Rd,,Sideswipe-Same Direction,2,Cloudy,Dry,Daylight
2023-12-12T12:04:00.000,I 285,I 285 and Jonesboro Rd,,Sideswipe-Same Direction,2,Clear,Dry,Daylight
2023-09-11T18:55:00.000,I 285,I 285 and Jonesboro Rd,,Rear End,2,Clear,Dry,Daylight
2023-08-24T14:25:00.000,I 285,I 285 and Jonesboro Rd,,Rear End,2,Cloudy,Dry,Daylight
2023-09-29T12:00:00.000,I 285,I 285 and Jonesboro Rd,,Sideswipe-Same Direction,2,Clear,Dry,Daylight
2023-03-30T17:01:00.000,I 285,I 285 and Jonesboro Rd,,Sideswipe-Same Direction,2,Clear,Dry,Daylight
2024-04-25T15:49:00.000,I 285,I 285 and Jonesboro Rd,,Rear End,2,Clear,Dry,Daylight
2024-05-30T10:45:00.000,I 285,I 285 and Jonesboro Rd,,Rear End,2,Clear,Dry,Daylight
2024-04-15T18:00:00.000,I 285,I 285 and Jonesboro Rd,,Rear End,2,Clear,Dry,Daylight
2024-12-22T03:41:00.000,I 285,I 285 and Jonesboro Rd,,Sideswipe-Same Direction,2,Clear,Dry,Dark-Not Lighted
2024-11-14T08:03:00.000,I 285,I 285 and Jonesboro Rd,,Sideswipe-Same Direction,3,Rain,Wet,Daylight
2024-03-04T17:03:00.000,I 285,I 285 and Jonesboro Rd,,Rear End,2,Cloudy,Dry,Daylight
2024-07-19T15:53:00.000,I 285,I 285 and Jonesboro Rd,,Rear End,2,Clear,Dry,Daylight
2024-10-31T10:59:00.000,I 285,I 285 and Jonesboro Rd,,Sideswipe-Same Direction,2,Clear,Dry,Daylight
2024-11-07T11:50:00.000,I 285,I 285 and Jonesboro Rd,,Not a Collision with Motor Vehicle,2,Cloudy,Dry,Daylight
2024-10-16T18:30:00.000,I 285,I 285 and Jonesboro Rd,,Rear End,2,Clear,Dry,Daylight
2024-03-06T04:30:00.000,I 285,I 285 and Jonesboro Rd,,Sideswipe-Same Direction,2,Rain,Wet,Dawn
2024-10-04T15:08:00.000,I 285,I 285 and Jonesboro Rd,,Rear End,2,Clear,Dry,Daylight
2024-04-04T17:43:00.000,I 285,I 285 and Jonesboro Rd,,Sideswipe-Same Direction,2,Clear,Dry,Daylight
2024-06-10T07:12:00.000,I 285,I 285 and Jonesboro Rd,,Sideswipe-Same Direction,5,Clear,Dry,Daylight
2024-01-18T19:01:00.000,I 285,I 285 and Jonesboro Rd,,Sideswipe-Same Direction,2,Clear,Dry,Dusk
2024-09-20T19:15:00.000,I 285,I 285 and Jonesboro Rd,,Rear End,2,Clear,Dry,Dark-Not Lighted
2024-09-05T15:10:00.000,I 285,I 285 and Jonesboro Rd,,Sideswipe-Same Direction,2,Clear,Dry,Daylight
2024-01-09T14:48:00.000,I 285,I 285 and Jonesboro Rd,,Rear End,2,Cloudy,Wet,Daylight
2024-10-22T09:45:00.000,I 285,I 285 and Jonesboro Rd,,Sideswipe-Same Direction,2,Clear,Dry,Daylight
2024-05-21T10:44:00.000,I 285,I 285 and Jonesboro Rd,,Sideswipe-Same Direction,2,Clear,Dry,Daylight
2024-07-09T18:22:00.000,I 285,I 285 and Jonesboro Rd,,Sideswipe-Same Direction,2,Cloudy,Wet,Daylight
2024-09-10T11:45:00.000,I 285,I 285 and Jonesboro Rd,,Rear End,2,Clear,Dry,Daylight
2024-12-02T16:08:00.000,I 285,I 285 and Jonesboro Rd,,Rear End,4,Clear,Dry,Daylight
2024-08-20T12:20:00.000,I 285,I 285 and Jonesboro Rd,,Sideswipe-Same Direction,2,Clear,Dry,Daylight
2024-06-18T18:43:00.000,I 285,I 285 and Jonesboro Rd,,Head On,2,Cloudy,Dry,Daylight
2024-03-28T07:00:00.000,I 285,I 285 and Jonesboro Rd,,Rear End,2,Clear,Dry,Daylight
2024-03-11T16:40:00.000,I 285,I 285 and Jonesboro Rd,,Rear End,2,Clear,Dry,Daylight
2020-06-04T06:03:00.000,I 285,I 285 and Joesboro Rd,,Sideswipe-Same Direction,2,Cloudy,Dry,Dark-Not Lighted
2022-04-22T14:29:00.000,I 285,I 285 and Intrastate 675,,Sideswipe-Same Direction,2,Clear,Dry,Daylight
2020-07-13T16:05:00.000,I 285,I 285 and Interstae 20 Entry,,Rear End,3,Clear,Dry,Daylight
2020-07-31T14:45:00.000,I 285,I 285 and Interstae 20,,Rear End,2,Clear,Dry,Daylight
2022-05-20T10:15:00.000,I 285,I 285 and Intersatte 20,,Rear End,3,Clear,Dry,Daylight
2022-06-28T10:20:00.000,I 285,I 285 and Intersatte 20,,Sideswipe-Same Direction,2,Cloudy,Dry,Daylight
2021-06-25T05:20:00.000,I 285,I 285 and Inter Loop Rd,,Sideswipe-Same Direction,2,Clear,Dry,Dark-Lighted
2021-09-14T18:12:00.000,I 285,I 285 and Inner Loop Rd,,Sideswipe-Same Direction,2,Clear,Dry,Daylight
2024-09-20T14:39:00.000,I 285,I 285 and Inner Loop Rd,,Sideswipe-Same Direction,2,Clear,Dry,Daylight
2024-12-29T00:00:00.000,I 285,I 285 and Inner Loop Rd,,Not a Collision with Motor Vehicle,1,Cloudy,Wet,Daylight
2023-01-09T15:45:00.000,I 285,I 285 and Inner Loop Rd,,Sideswipe-Same Direction,2,Clear,Dry,Daylight
2024-10-04T02:02:00.000,I 285,I 285 and Inner Loop Rd,,Rear End,2,Cloudy,Dry,Dark-Lighted
2024-12-19T00:00:00.000,I 285,I 285 and Inner Loop Rd,,Sideswipe-Same Direction,2,Cloudy,Dry,Dawn
2024-07-27T17:25:00.000,I 285,I 285 and Inner Loop Rd,,Sideswipe-Same Direction,2,Cloudy,Dry,Daylight
2024-12-12T12:46:00.000,I 285,I 285 and Inner Loop Rd,,Sideswipe-Same Direction,2,Clear,Dry,Daylight
2024-04-19T10:55:00.000,I 285,I 285 and Inner Loop Rd,,Sideswipe-Same Direction,2,Clear,Dry,Daylight
2024-04-20T17:06:00.000,I 285,I 285 and Inner Loop Rd,,Sideswipe-Same Direction,2,Cloudy,Dry,Daylight
2024-12-29T00:00:00.000,I 285,I 285 and Inner Loop Rd,,Not a Collision with Motor Vehicle,1,Cloudy,Wet,Daylight
2024-10-29T00:00:00.000,I 285,I 285 and Inner Loop Rd,,Angle Crash,2,Clear,Dry,Daylight
2024-06-27T00:20:00.000,I 285,I 285 and Inner Loop Rd,,Sideswipe-Same Direction,2,Clear,Dry,Dark-Lighted
2024-08-16T22:52:00.000,I 285,I 285 and Inner Loop Rd,,Sideswipe-Same Direction,2,Clear,Wet,Dark-Lighted
2024-12-11T23:22:00.000,I 285,I 285 and Inner Loop Rd,,Sideswipe-Same Direction,2,Clear,Dry,Dark-Not Lighted
2024-11-20T07:35:00.000,I 285,I 285 and Inner Loop Rd,,Sideswipe-Same Direction,2,Cloudy,Wet,Daylight
2024-12-26T23:22:00.000,I 285,I 285 and Inner Loop Rd,,Rear End,2,Cloudy,Wet,Dark-Not Lighted
2024-12-11T04:16:00.000,I 285,I 285 and Inner Loop Rd,,Angle Crash,3,Rain,Wet,Dark-Not Lighted
2024-07-26T23:15:00.000,I 285,I 285 and Inner Loop Rd,,Sideswipe-Same Direction,2,Cloudy,Dry,Dark-Lighted
2024-09-23T23:27:00.000,I 285,I 285 and Inner Loop Rd,,Head On,2,Cloudy,Dry,Dark-Lighted
2024-12-09T22:54:00.000,I 285,I 285 and Inner Loop Rd,,Angle Crash,2,Cloudy,Wet,Dark-Not Lighted
2024-10-23T09:50:00.000,I 285,I 285 and Inner Loop Rd,,Rear End,2,Clear,Dry,Daylight
2024-04-17T10:15:00.000,I 285,I 285 and Inner Loop Rd,,Angle Crash,2,Cloudy,Dry,Daylight
2022-03-23T03:59:00.000,I 285,I 285 and Indian Crk,,Not a Collision with Motor Vehicle,1,Rain,Wet,Dark-Lighted
2023-01-06T10:40:00.000,I 285,I 285 and Indian Creek Way,,Rear End,2,Clear,Dry,Daylight
2021-08-26T06:15:00.000,I 285,I 285 and Indian Creek Way,,Angle Crash,2,Cloudy,Wet,Dark-Lighted
2020-06-10T15:45:00.000,I 285,I 285 and Indian Creek Way,,Rear End,3,Clear,Dry,Daylight
2020-06-10T15:45:00.000,I 285,I 285 and Indian Creek Way,,Rear End,2,Clear,Dry,Daylight
2024-01-23T14:20:00.000,I 285,I 285 and Indian Creek Way,,Angle Crash,2,Cloudy,Dry,Daylight
2024-11-22T07:15:00.000,I 285,I 285 and Indian Creek Transit Station Exit,,Angle Crash,2,Clear,Dry,Daylight
2022-01-28T14:09:00.000,I 285,I 285 and Indian Creek Sta,,Sideswipe-Same Direction,2,Clear,Dry,Daylight
2024-07-10T11:30:00.000,I 285,I 285 and Indian Creek Marta Station Exit,,Rear End,2,Clear,Dry,Daylight
2020-06-27T13:45:00.000,I 285,I 285 and Indian Creek Exit 42,,Not a Collision with Motor Vehicle,1,Clear,Dry,Daylight
2022-05-11T23:41:00.000,I 285,I 285 and Indian Creek Dr,,Angle Crash,2,Clear,Dry,Dark-Lighted
2022-05-05T08:27:00.000,I 285,I 285 and Idlewild Rd,,Rear End,2,Clear,Dry,Daylight
2022-01-21T16:54:00.000,I 285,I 285 and Idlewild Rd,,Rear End,5,Cloudy,Wet,Daylight
2023-05-28T11:21:00.000,I 285,I 285 and Idlewild Rd,,Angle Crash,2,Clear,Dry,Daylight
2022-06-11T19:26:00.000,I 285,I 285 and I85 Rp,,Rear End,3,Clear,Dry,Daylight
2023-01-12T21:06:00.000,I 285,I 285 and Hwy 78Wb,,Sideswipe-Same Direction,2,Cloudy,Wet,Dark-Not Lighted
2020-09-09T13:42:00.000,I 285,I 285 and Hwy 78 W Exit Rp,,Sideswipe-Same Direction,2,Clear,Dry,Daylight
2021-05-10T10:27:00.000,I 285,I 285 and Hwy 78 W Exit Rp,,Angle Crash,2,Cloudy,Dry,Daylight
2024-02-10T02:05:00.000,I 285,I 285 and Hwy 78 Stone Mtn Expwy,,Angle Crash,2,Clear,Dry,Dark-Lighted
2022-05-06T07:10:00.000,I 285,I 285 and Hwy 78 Rp,,Rear End,2,Clear,Dry,Dark-Not Lighted
2021-09-30T16:39:00.000,I 285,I 285 and Hwy 78 Exit Rp,,Sideswipe-Same Direction,2,Clear,Dry,Daylight
2021-11-13T18:35:00.000,I 285,I 285 and Hwy 78 Exit Rp,,Sideswipe-Same Direction,2,Clear,Dry,Dark-Not Lighted
2024-09-30T17:40:00.000,I 285,I 285 and Hwy 78 Exit Rp,,Rear End,2,Clear,Dry,Daylight
2021-07-23T19:30:00.000,I 285,I 285 and Hwy 78 Entry Rp,,Rear End,2,Clear,Dry,Daylight
2021-12-18T04:30:00.000,I 285,I 285 and Hwy 78 Entry Rp,,Not a Collision with Motor Vehicle,1,Fog,Wet,Dark-Not Lighted
2022-09-27T11:45:00.000,I 285,I 285 and Hwy 78 Entry Rp,,Rear End,2,Clear,Dry,Daylight
2020-10-25T23:03:00.000,I 285,I 285 and Hwy 78 Entry Rp,,Rear End,3,Clear,Dry,Dark-Not Lighted
2021-09-04T14:54:00.000,I 285,I 285 and Hwy 78 Entry Rp,,Sideswipe-Same Direction,2,Clear,Dry,Daylight
2024-03-11T14:50:00.000,I 285,I 285 and Hwy 78 Entry Rp,,Angle Crash,2,Clear,Dry,Daylight
2024-11-07T16:10:00.000,I 285,I 285 and Hwy 78 Entry Rp,,Rear End,2,Clear,Dry,Daylight
2022-09-21T08:30:00.000,I 285,I 285 and Hwy 78 Entry,,Sideswipe-Same Direction,2,Clear,Dry,Daylight
2024-12-04T12:10:00.000,I 285,I 285 and Hwy 78 Entry,,Sideswipe-Same Direction,2,Clear,Dry,Daylight
2021-06-27T17:20:00.000,I 285,I 285 and Hwy 78 Entrance Rp,,Sideswipe-Same Direction,2,Clear,Dry,Daylight
2024-03-09T00:29:00.000,I 285,I 285 and Hwy 78 Entrance,,Head On,3,Rain,Wet,Dark-Lighted
2023-10-05T15:15:00.000,I 285,I 285 and Hwy 78 Eb,,Rear End,2,Clear,Dry,Daylight
2024-04-17T16:37:00.000,I 285,I 285 and Hwy 78 E Exit 39B,,Rear End,2,Cloudy,Dry,Daylight
2021-09-04T19:53:00.000,I 285,I 285 and Hwy 78 E Entry Rp,,Rear End,3,Clear,Dry,Daylight
2021-10-30T15:20:00.000,I 285,I 285 and Hwy 78,,Rear End,3,Rain,Wet,Daylight
2021-08-05T15:15:00.000,I 285,I 285 and Hwy 78,,Rear End,3,Clear,Dry,Daylight
2021-04-01T16:28:00.000,I 285,I 285 and Hwy 78,,Sideswipe-Same Direction,2,Clear,Dry,Daylight
2021-03-29T17:30:00.000,I 285,I 285 and Hwy 78,,Sideswipe-Same Direction,2,Clear,Dry,Daylight
2021-06-07T13:28:00.000,I 285,I 285 and Hwy 78,,Rear End,2,Cloudy,Dry,Daylight
2021-11-11T13:30:00.000,I 285,I 285 and Hwy 78,,Angle Crash,2,Clear,Dry,Daylight
2021-06-18T18:15:00.000,I 285,I 285 and Hwy 78,,Rear End,2,Clear,Dry,Daylight
2021-07-20T11:00:00.000,I 285,I 285 and Hwy 78,,Rear End,2,Cloudy,Dry,Daylight
2021-09-07T08:50:00.000,I 285,I 285 and Hwy 78,,Rear End,2,Cloudy,Dry,Daylight
2023-06-27T12:40:00.000,I 285,I 285 and Hwy 78,,Sideswipe-Same Direction,2,Clear,Dry,Daylight
2023-07-28T11:26:00.000,I 285,I 285 and Hwy 78,,Rear End,3,Clear,Dry,Daylight
2023-01-25T07:00:00.000,I 285,I 285 and Hwy 78,,Rear End,2,Cloudy,Wet,Dark-Not Lighted
2023-01-20T12:46:00.000,I 285,I 285 and Hwy 78,,Rear End,2,Clear,Dry,Daylight
2023-12-12T18:00:00.000,I 285,I 285 and Hwy 78,,Sideswipe-Same Direction,2,Clear,Dry,Daylight
2023-03-25T08:00:00.000,I 285,I 285 and Hwy 78,,Rear End,2,Clear,Dry,Daylight
2023-01-11T18:07:00.000,I 285,I 285 and Hwy 78,,Rear End,2,Clear,Dry,Dark-Not Lighted
2023-07-07T13:58:00.000,I 285,I 285 and Hwy 78,,Sideswipe-Same Direction,2,Clear,Dry,Daylight
2023-10-09T20:21:00.000,I 285,I 285 and Hwy 78,,Not a Collision with Motor Vehicle,2,Clear,Dry,Dark-Not Lighted
2023-10-06T19:31:00.000,I 285,I 285 and Hwy 78,,Not a Collision with Motor Vehicle,1,Rain,Wet,Dark-Not Lighted
2023-08-07T18:04:00.000,I 285,I 285 and Hwy 78,,Not a Collision with Motor Vehicle,1,Cloudy,Wet,Daylight
2023-09-17T02:55:00.000,I 285,I 285 and Hwy 78,,Not a Collision with Motor Vehicle,1,Rain,Wet,Dark-Not Lighted
2023-10-24T08:50:00.000,I 285,I 285 and Hwy 78,,Sideswipe-Same Direction,2,Clear,Dry,Daylight
2023-09-27T16:39:00.000,I 285,I 285 and Hwy 78,,Rear End,2,Cloudy,Dry,Daylight
2023-09-07T06:47:00.000,I 285,I 285 and Hwy 78,,Angle Crash,2,Clear,Dry,Dark-Not Lighted
2022-07-23T03:50:00.000,I 285,I 285 and Hwy 78,,Angle Crash,4,Clear,Dry,Dark-Not Lighted
2021-10-28T08:50:00.000,I 285,I 285 and Hwy 78,,Rear End,2,Cloudy,Wet,Daylight
2021-09-04T01:02:00.000,I 285,I 285 and Hwy 78,,Angle Crash,2,Clear,Dry,Dark-Not Lighted
2020-08-14T01:01:00.000,I 285,I 285 and Hwy 78,,Sideswipe-Same Direction,2,Clear,Dry,Daylight
2020-11-20T12:21:00.000,I 285,I 285 and Hwy 78,,Rear End,3,Clear,Dry,Daylight
2020-10-29T04:01:00.000,I 285,I 285 and Hwy 78,,Not a Collision with Motor Vehicle,1,Rain,Water (standing or moving),Dark-Lighted
2020-02-12T07:07:00.000,I 285,I 285 and Hwy 78,,Rear End,2,Cloudy,Dry,Daylight
2020-07-20T02:30:00.000,I 285,I 285 and Hwy 78,,Angle Crash,2,Clear,Dry,Dark-Not Lighted
2020-08-08T14:50:00.000,I 285,I 285 and Hwy 78,,Sideswipe-Same Direction,2,Clear,Dry,Daylight
2020-07-18T00:00:00.000,I 285,I 285 and Hwy 78,,Angle Crash,2,Clear,Dry,Daylight
2020-09-21T15:00:00.000,I 285,I 285 and Hwy 78,,Rear End,2,Clear,Dry,Daylight
2020-01-11T13:48:00.000,I 285,I 285 and Hwy 78,,Not a Collision with Motor Vehicle,1,Rain,Wet,Daylight
2021-06-25T15:25:00.000,I 285,I 285 and Hwy 78,,Sideswipe-Same Direction,2,Cloudy,Dry,Daylight
2021-06-28T20:25:00.000,I 285,I 285 and Hwy 78,,Not a Collision with Motor Vehicle,2,Cloudy,Dry,Dusk
2021-05-01T19:22:00.000,I 285,I 285 and Hwy 78,,Angle Crash,2,Clear,Dry,Daylight
2021-02-15T09:33:00.000,I 285,I 285 and Hwy 78,,Sideswipe-Same Direction,2,Rain,Wet,Daylight
2021-06-17T15:26:00.000,I 285,I 285 and Hwy 78,,Rear End,2,Clear,Dry,Daylight
2021-12-12T01:40:00.000,I 285,I 285 and Hwy 78,,Not a Collision with Motor Vehicle,1,Clear,Dry,Dark-Lighted
2021-08-10T07:05:00.000,I 285,I 285 and Hwy 78,,Angle Crash,2,Clear,Dry,Daylight
2021-12-22T12:30:00.000,I 285,I 285 and Hwy 78,,Rear End,2,Clear,Dry,Daylight
2022-12-20T08:27:00.000,I 285,I 285 and Hwy 78,,Sideswipe-Same Direction,2,Clear,Dry,Daylight
2022-04-11T17:10:00.000,I 285,I 285 and Hwy 78,,Rear End,3,Clear,Dry,Daylight
2021-09-09T06:29:00.000,I 285,I 285 and Hwy 78,,Not a Collision with Motor Vehicle,4,Clear,Dry,Dawn
2021-08-17T12:45:00.000,I 285,I 285 and Hwy 78,,Not a Collision with Motor Vehicle,1,Rain,Wet,Daylight
2021-11-10T10:10:00.000,I 285,I 285 and Hwy 78,,Rear End,3,Clear,Dry,Daylight
2021-12-15T11:20:00.000,I 285,I 285 and Hwy 78,,Rear End,2,Cloudy,Dry,Daylight
2021-11-08T19:08:00.000,I 285,I 285 and Hwy 78,,Rear End,3,Clear,Dry,Dark-Not Lighted
2022-09-12T09:00:00.000,I 285,I 285 and Hwy 78,,Sideswipe-Same Direction,2,Clear,Dry,Daylight
2022-11-18T19:00:00.000,I 285,I 285 and Hwy 78,,Sideswipe-Same Direction,2,Clear,Dry,Daylight
2022-09-15T19:15:00.000,I 285,I 285 and Hwy 78,,Rear End,2,Clear,Dry,Dusk
2022-10-19T19:47:00.000,I 285,I 285 and Hwy 78,,Sideswipe-Same Direction,3,Clear,Dry,Dark-Not Lighted
2022-10-11T09:05:00.000,I 285,I 285 and Hwy 78,,Rear End,2,Clear,Dry,Daylight
2022-10-03T16:05:00.000,I 285,I 285 and Hwy 78,,Sideswipe-Same Direction,2,Clear,Dry,Daylight
2022-10-31T05:25:00.000,I 285,I 285 and Hwy 78,,Not a Collision with Motor Vehicle,1,Rain,Wet,Dark-Not Lighted
2022-12-14T14:20:00.000,I 285,I 285 and Hwy 78,,Not a Collision with Motor Vehicle,1,Rain,Wet,Daylight
2022-12-31T06:15:00.000,I 285,I 285 and Hwy 78,,Not a Collision with Motor Vehicle,1,Cloudy,Wet,Dark-Lighted
2022-10-31T10:26:00.000,I 285,I 285 and Hwy 78,,Rear End,2,Cloudy,Wet,Daylight
2022-05-17T07:53:00.000,I 285,I 285 and Hwy 78,,Angle Crash,2,Clear,Dry,Daylight
2022-04-30T02:01:00.000,I 285,I 285 and Hwy 78,,Sideswipe-Same Direction,2,Clear,Dry,Dark-Not Lighted
2022-12-22T18:29:00.000,I 285,I 285 and Hwy 78,,Rear End,4,Clear,Dry,Dark-Not Lighted
2022-03-15T15:51:00.000,I 285,I 285 and Hwy 78,,Rear End,2,Rain,Wet,Daylight
2022-09-01T17:30:00.000,I 285,I 285 and Hwy 78,,Sideswipe-Same Direction,2,Cloudy,Dry,Daylight
2022-04-30T02:01:00.000,I 285,I 285 and Hwy 78,,Head On,2,Clear,Dry,Dark-Not Lighted
2022-03-26T18:40:00.000,I 285,I 285 and Hwy 78,,Angle Crash,2,Clear,Dry,Daylight
2023-06-10T23:45:00.000,I 285,I 285 and Hwy 78,,Angle Crash,3,Clear,Dry,Dark-Lighted
2023-01-09T20:30:00.000,I 285,I 285 and Hwy 78,,Sideswipe-Same Direction,2,Clear,Dry,Dark-Not Lighted
2024-12-18T12:30:00.000,I 285,I 285 and Hwy 78,,Sideswipe-Same Direction,2,Clear,Dry,Daylight
2024-03-09T07:00:00.000,I 285,I 285 and Hwy 78,,Not a Collision with Motor Vehicle,1,Rain,Wet,Daylight
2024-04-02T23:46:00.000,I 285,I 285 and Hwy 78,,Not a Collision with Motor Vehicle,1,Rain,Water (standing or moving),Dark-Not Lighted
2024-02-10T11:45:00.000,I 285,I 285 and Hwy 78,,Rear End,3,Cloudy,Dry,Daylight
2024-01-09T11:34:00.000,I 285,I 285 and Hwy 78,,Sideswipe-Same Direction,2,Rain,Wet,Daylight
2024-12-09T17:59:00.000,I 285,I 285 and Hwy 78,,Angle Crash,2,Rain,Wet,Dark-Not Lighted
2024-02-15T15:36:00.000,I 285,I 285 and Hwy 78,,Angle Crash,2,Clear,Dry,Daylight
2023-07-21T12:14:00.000,I 285,I 285 and Hwy 78,,Rear End,3,Clear,Dry,Daylight
2023-10-22T20:07:00.000,I 285,I 285 and Hwy 78,,Angle Crash,2,Clear,Dry,Dark-Not Lighted
2023-01-04T16:56:00.000,I 285,I 285 and Hwy 78,,Sideswipe-Same Direction,2,Clear,Dry,Daylight
2023-08-24T08:39:00.000,I 285,I 285 and Hwy 78,,Rear End,2,Clear,Dry,Daylight
2024-10-12T18:09:00.000,I 285,I 285 and Hwy 78,,Sideswipe-Same Direction,3,Clear,Dry,Daylight
2023-07-28T13:10:00.000,I 285,I 285 and Hwy 78,,Rear End,2,Clear,Dry,Daylight
2023-10-05T12:30:00.000,I 285,I 285 and Hwy 78,,Angle Crash,2,Clear,Dry,Daylight
2023-03-11T16:42:00.000,I 285,I 285 and Hwy 78,,Sideswipe-Same Direction,2,Clear,Dry,Daylight
2023-08-16T12:52:00.000,I 285,I 285 and Hwy 78,,Rear End,2,Clear,Dry,Daylight
2023-07-27T06:57:00.000,I 285,I 285 and Hwy 78,,Rear End,2,Clear,Dry,Daylight
2023-11-16T16:26:00.000,I 285,I 285 and Hwy 78,,Rear End,2,Clear,Dry,Daylight
2023-10-03T12:57:00.000,I 285,I 285 and Hwy 78,,Angle Crash,2,Clear,Dry,Daylight
2023-04-14T15:18:00.000,I 285,I 285 and Hwy 78,,Rear End,3,Clear,Dry,Daylight
2023-09-08T00:00:00.000,I 285,I 285 and Hwy 78,,Rear End,2,Clear,Dry,Daylight
2023-08-23T17:30:00.000,I 285,I 285 and Hwy 78,,Rear End,2,Clear,Dry,Daylight
2023-07-27T16:04:00.000,I 285,I 285 and Hwy 78,,Angle Crash,2,Clear,Dry,Daylight