Date and Time,Roadway (From Crash Report),Intersection Name (from Crash Report),KABCO Severity,Manner of Collision (Crash Level) ,# of Vehicles per crash ,Weather Conditions (Crash Level),Surface Condition (Crash Level) ,Light Conditions (Crash Level)
2023-05-17T16:38:00.000,I 285,I 285 and Henderson Rd,,Angle Crash,2,Cloudy,Dry,Daylight
2023-01-04T06:55:00.000,I 285,I 285 and Henderson Rd,,Angle Crash,2,Severe Thunderstorm or Tornadic,Water (standing or moving),Dark-Not Lighted
2023-08-02T15:15:00.000,I 285,I 285 and Henderson Rd,,Rear End,2,Clear,Dry,Daylight
2023-02-10T01:15:00.000,I 285,I 285 and Henderson Rd,,Rear End,3,Rain,Wet,Dark-Not Lighted
2023-04-11T16:58:00.000,I 285,I 285 and Henderson Rd,,Rear End,2,Clear,Dry,Daylight
2023-12-04T07:12:00.000,I 285,I 285 and Henderson Rd,,Rear End,2,Clear,Dry,Daylight
2023-06-28T22:39:00.000,I 285,I 285 and Henderson Rd,,Not a Collision with Motor Vehicle,1,Clear,Dry,Dark-Not Lighted
2022-11-11T04:50:00.000,I 285,I 285 and Henderson Rd,,Angle Crash,2,Rain,Wet,Dark-Not Lighted
2022-05-10T23:45:00.000,I 285,I 285 and Henderson Rd,,Not a Collision with Motor Vehicle,1,Clear,Dry,Dark-Not Lighted
2020-07-04T14:10:00.000,I 285,I 285 and Henderson Rd,,Not a Collision with Motor Vehicle,1,Clear,Dry,Daylight
2020-08-13T22:35:00.000,I 285,I 285 and Henderson Rd,,Not a Collision with Motor Vehicle,1,Rain,Water (standing or moving),Dark-Not Lighted
2020-07-26T08:45:00.000,I 285,I 285 and Henderson Rd,,Angle Crash,2,Clear,Dry,Daylight
2020-05-23T23:36:00.000,I 285,I 285 and Henderson Rd,,Not a Collision with Motor Vehicle,1,Rain,Water (standing or moving),Dark-Not Lighted
2020-05-20T00:10:00.000,I 285,I 285 and Henderson Rd,,Not a Collision with Motor Vehicle,1,Rain,Wet,Dark-Not Lighted
2020-01-06T14:40:00.000,I 285,I 285 and Henderson Rd,,Rear End,3,Clear,Dry,Daylight
2020-09-17T03:13:00.000,I 285,I 285 and Henderson Rd,,Not a Collision with Motor Vehicle,1,Rain,Wet,Dark-Not Lighted
2020-05-18T01:35:00.000,I 285,I 285 and Henderson Rd,,Not a Collision with Motor Vehicle,1,Rain,Wet,Dark-Not Lighted
2020-07-29T19:35:00.000,I 285,I 285 and Henderson Rd,,Rear End,2,Clear,Dry,Daylight
2020-02-02T01:43:00.000,I 285,I 285 and Henderson Rd,,Sideswipe-Same Direction,2,Clear,Dry,Dark-Not Lighted
2020-09-28T22:28:00.000,I 285,I 285 and Henderson Rd,,Not a Collision with Motor Vehicle,1,Rain,Wet,Dark-Not Lighted
2020-11-30T00:00:00.000,I 285,I 285 and Henderson Rd,,Not a Collision with Motor Vehicle,1,Rain,Wet,Dark-Not Lighted
2020-10-07T00:00:00.000,I 285,I 285 and Henderson Rd,,Rear End,2,Clear,Dry,Dark-Not Lighted
2020-11-21T15:17:00.000,I 285,I 285 and Henderson Rd,,Rear End,4,Clear,Dry,Daylight
2020-12-12T01:30:00.000,I 285,I 285 and Henderson Rd,,Sideswipe-Same Direction,2,Clear,Dry,Dark-Not Lighted
2020-03-02T22:24:00.000,I 285,I 285 and Henderson Rd,,Sideswipe-Same Direction,2,Rain,Wet,Dark-Not Lighted
2020-04-23T09:00:00.000,I 285,I 285 and Henderson Rd,,Rear End,2,Rain,Water (standing or moving),Daylight
2020-08-15T19:30:00.000,I 285,I 285 and Henderson Rd,,Not a Collision with Motor Vehicle,1,Rain,Wet,Daylight
2020-10-24T19:00:00.000,I 285,I 285 and Henderson Rd,,Not a Collision with Motor Vehicle,1,Rain,Wet,Dark-Lighted
2020-04-19T22:12:00.000,I 285,I 285 and Henderson Rd,,Sideswipe-Same Direction,3,Rain,Water (standing or moving),Dark-Not Lighted
2021-04-02T06:48:00.000,I 285,I 285 and Henderson Rd,,Rear End,3,Clear,Dry,Dusk
2021-05-17T11:58:00.000,I 285,I 285 and Henderson Rd,,Rear End,2,Clear,Dry,Daylight
2021-06-17T15:08:00.000,I 285,I 285 and Henderson Rd,,Sideswipe-Same Direction,2,Clear,Dry,Daylight
2021-06-20T14:00:00.000,I 285,I 285 and Henderson Rd,,Rear End,2,Cloudy,Wet,Daylight
2021-04-26T13:50:00.000,I 285,I 285 and Henderson Rd,,Rear End,2,Clear,Dry,Daylight
2021-03-25T22:25:00.000,I 285,I 285 and Henderson Rd,,Not a Collision with Motor Vehicle,1,Rain,Wet,Dark-Not Lighted
2021-06-14T17:12:00.000,I 285,I 285 and Henderson Rd,,Angle Crash,2,Cloudy,Dry,Daylight
2021-06-09T11:55:00.000,I 285,I 285 and Henderson Rd,,Sideswipe-Same Direction,4,Clear,Dry,Daylight
2021-06-12T14:15:00.000,I 285,I 285 and Henderson Rd,,Rear End,2,Clear,Dry,Daylight
2021-04-30T22:59:00.000,I 285,I 285 and Henderson Rd,,Not a Collision with Motor Vehicle,1,Clear,Dry,Dark-Not Lighted
2021-05-21T18:32:00.000,I 285,I 285 and Henderson Rd,,Sideswipe-Same Direction,2,Clear,Dry,Daylight
2021-01-29T17:38:00.000,I 285,I 285 and Henderson Rd,,Sideswipe-Same Direction,2,Clear,Dry,Daylight
2021-12-09T07:31:00.000,I 285,I 285 and Henderson Rd,,Angle Crash,2,Clear,Dry,Daylight
2021-09-25T07:33:00.000,I 285,I 285 and Henderson Rd,,Rear End,2,Cloudy,Dry,Daylight
2021-11-04T13:30:00.000,I 285,I 285 and Henderson Rd,,Sideswipe-Same Direction,2,Cloudy,Wet,Daylight
2022-03-07T18:05:00.000,I 285,I 285 and Henderson Rd,,Rear End,2,Rain,Wet,Daylight
2022-02-12T16:20:00.000,I 285,I 285 and Henderson Rd,,Rear End,4,Clear,Dry,Daylight
2022-04-23T09:40:00.000,I 285,I 285 and Henderson Rd,,Sideswipe-Same Direction,2,Clear,Dry,Daylight
2022-03-12T03:50:00.000,I 285,I 285 and Henderson Rd,,Not a Collision with Motor Vehicle,1,Rain,Wet,Dark-Not Lighted
2021-11-22T15:24:00.000,I 285,I 285 and Henderson Rd,,Rear End,2,Clear,Dry,Daylight
2022-03-11T19:32:00.000,I 285,I 285 and Henderson Rd,,Rear End,2,Clear,Dry,Daylight
2022-01-18T14:21:00.000,I 285,I 285 and Henderson Rd,,Angle Crash,2,Clear,Dry,Daylight
2022-02-19T20:00:00.000,I 285,I 285 and Henderson Rd,,Sideswipe-Same Direction,2,Clear,Dry,Dark-Not Lighted
2022-04-12T18:27:00.000,I 285,I 285 and Henderson Rd,,Rear End,2,Cloudy,Dry,Daylight
2022-12-16T16:42:00.000,I 285,I 285 and Henderson Rd,,Sideswipe-Same Direction,2,Clear,Dry,Daylight
2022-04-12T18:26:00.000,I 285,I 285 and Henderson Rd,,Rear End,2,Cloudy,Dry,Daylight
2022-03-09T05:00:00.000,I 285,I 285 and Henderson Rd,,Not a Collision with Motor Vehicle,1,Rain,Wet,Dark-Lighted
2022-12-13T16:52:00.000,I 285,I 285 and Henderson Rd,,Rear End,2,Cloudy,Dry,Daylight
2022-12-28T02:15:00.000,I 285,I 285 and Henderson Rd,,Sideswipe-Same Direction,2,Clear,Dry,Dark-Not Lighted
2022-03-31T05:01:00.000,I 285,I 285 and Henderson Rd,,Angle Crash,2,Rain,Wet,Dark-Not Lighted
2022-02-21T21:10:00.000,I 285,I 285 and Henderson Rd,,Not a Collision with Motor Vehicle,1,Rain,Wet,Dark-Not Lighted
2022-12-11T15:35:00.000,I 285,I 285 and Henderson Rd,,Rear End,2,Rain,Wet,Daylight
2022-05-26T04:11:00.000,I 285,I 285 and Henderson Rd,,Angle Crash,2,Rain,Wet,Dark-Not Lighted
2022-09-26T12:51:00.000,I 285,I 285 and Henderson Rd,,Rear End,2,Clear,Dry,Daylight
2022-11-30T05:50:00.000,I 285,I 285 and Henderson Rd,,Not a Collision with Motor Vehicle,1,Rain,Wet,Dark-Not Lighted
2022-10-13T04:55:00.000,I 285,I 285 and Henderson Rd,,Not a Collision with Motor Vehicle,1,Rain,Water (standing or moving),Dark-Not Lighted
2022-01-10T12:40:00.000,I 285,I 285 and Henderson Rd,,Rear End,2,Clear,Dry,Daylight
2022-03-16T14:37:00.000,I 285,I 285 and Henderson Rd,,Head On,2,Clear,Dry,Daylight
2022-07-22T10:05:00.000,I 285,I 285 and Henderson Rd,,Rear End,3,Cloudy,Dry,Daylight
2022-02-27T08:56:00.000,I 285,I 285 and Henderson Rd,,Sideswipe-Same Direction,2,Rain,Wet,Daylight
2022-07-05T23:14:00.000,I 285,I 285 and Henderson Rd,,Not a Collision with Motor Vehicle,1,Clear,Dry,Dark-Not Lighted
2022-01-20T02:59:00.000,I 285,I 285 and Henderson Rd,,Not a Collision with Motor Vehicle,1,Rain,Wet,Dark-Not Lighted
2022-02-04T02:00:00.000,I 285,I 285 and Henderson Rd,,Not a Collision with Motor Vehicle,1,Rain,Wet,Dark-Not Lighted
2022-12-28T02:15:00.000,I 285,I 285 and Henderson Rd,,Rear End,2,Clear,Dry,Dark-Not Lighted
2022-07-14T06:17:00.000,I 285,I 285 and Henderson Rd,,Sideswipe-Same Direction,3,Clear,Dry,Dawn
2022-04-20T14:22:00.000,I 285,I 285 and Henderson Rd,,Rear End,2,Clear,Dry,Daylight
2022-03-23T03:52:00.000,I 285,I 285 and Henderson Rd,,Angle Crash,2,Rain,Wet,Dark-Not Lighted
2022-11-11T02:43:00.000,I 285,I 285 and Henderson Rd,,Not a Collision with Motor Vehicle,1,Rain,Water (standing or moving),Dark-Not Lighted
2022-04-16T07:27:00.000,I 285,I 285 and Henderson Rd,,Not a Collision with Motor Vehicle,1,Rain,Wet,Daylight
2022-07-27T12:52:00.000,I 285,I 285 and Henderson Rd,,Rear End,2,Clear,Dry,Daylight
2022-10-25T23:07:00.000,I 285,I 285 and Henderson Rd,,Not a Collision with Motor Vehicle,1,Rain,Water (standing or moving),Dark-Not Lighted
2022-09-10T11:43:00.000,I 285,I 285 and Henderson Rd,,Rear End,2,Rain,Wet,Daylight
2022-11-30T03:33:00.000,I 285,I 285 and Henderson Rd,,Rear End,2,Rain,Water (standing or moving),Dark-Not Lighted
2022-01-03T02:05:00.000,I 285,I 285 and Henderson Rd,,Not a Collision with Motor Vehicle,1,Rain,Wet,Dark-Not Lighted
2022-11-11T02:43:00.000,I 285,I 285 and Henderson Rd,,Not a Collision with Motor Vehicle,1,Rain,Wet,Dark-Not Lighted
2022-05-13T07:42:00.000,I 285,I 285 and Henderson Rd,,Sideswipe-Same Direction,2,Cloudy,Dry,Daylight
2022-09-10T11:10:00.000,I 285,I 285 and Henderson Rd,,Rear End,2,Rain,Wet,Daylight
2022-01-16T09:47:00.000,I 285,I 285 and Henderson Rd,,Sideswipe-Same Direction,2,Rain,Wet,Daylight
2022-12-14T22:55:00.000,I 285,I 285 and Henderson Rd,,Not a Collision with Motor Vehicle,1,Rain,Water (standing or moving),Dark-Not Lighted
2022-12-30T17:50:00.000,I 285,I 285 and Henderson Rd,,Sideswipe-Same Direction,2,Cloudy,Dry,Daylight
2023-08-29T22:14:00.000,I 285,I 285 and Henderson Rd,,Not a Collision with Motor Vehicle,1,Rain,Wet,Dark-Not Lighted
2023-10-27T11:54:00.000,I 285,I 285 and Henderson Rd,,Rear End,2,Cloudy,Dry,Daylight
2024-04-16T16:35:00.000,I 285,I 285 and Henderson Rd,,Rear End,2,Cloudy,Dry,Daylight
2024-09-13T17:12:00.000,I 285,I 285 and Henderson Rd,,Rear End,2,Cloudy,Wet,Daylight
2024-03-29T13:26:00.000,I 285,I 285 and Henderson Rd,,Sideswipe-Same Direction,2,Clear,Dry,Daylight
2024-06-09T19:03:00.000,I 285,I 285 and Henderson Rd,,Sideswipe-Same Direction,2,Clear,Dry,Daylight
2023-08-04T16:45:00.000,I 285,I 285 and Henderson Rd,,Rear End,3,Clear,Dry,Daylight
2024-10-07T13:29:00.000,I 285,I 285 and Henderson Rd,,Rear End,2,Clear,Dry,Daylight
2023-08-06T13:34:00.000,I 285,I 285 and Henderson Rd,,Rear End,2,Rain,Wet,Daylight
2023-03-23T22:27:00.000,I 285,I 285 and Henderson Rd,,Not a Collision with Motor Vehicle,1,Clear,Dry,Dark-Not Lighted
2023-08-01T22:55:00.000,I 285,I 285 and Henderson Rd,,Rear End,2,Clear,Dry,Dark-Not Lighted
2023-09-05T06:59:00.000,I 285,I 285 and Henderson Rd,,Rear End,7,Clear,Dry,Dawn
2023-09-10T22:20:00.000,I 285,I 285 and Henderson Rd,,Not a Collision with Motor Vehicle,3,Clear,Dry,Dark-Not Lighted
2023-01-31T07:49:00.000,I 285,I 285 and Henderson Rd,,Rear End,2,Cloudy,Dry,Daylight
2023-04-04T13:10:00.000,I 285,I 285 and Henderson Rd,,Sideswipe-Same Direction,2,Cloudy,Dry,Daylight
2023-10-08T13:55:00.000,I 285,I 285 and Henderson Rd,,Rear End,2,Clear,Dry,Daylight
2023-12-18T15:49:00.000,I 285,I 285 and Henderson Rd,,Rear End,3,Clear,Dry,Daylight
2023-07-10T07:59:00.000,I 285,I 285 and Henderson Rd,,Rear End,2,Cloudy,Dry,Daylight
2023-09-15T14:51:00.000,I 285,I 285 and Henderson Rd,,Sideswipe-Same Direction,2,Cloudy,Dry,Daylight
2024-09-27T04:37:00.000,I 285,I 285 and Henderson Rd,,Not a Collision with Motor Vehicle,1,Rain,Wet,Dark-Not Lighted
2024-01-12T13:15:00.000,I 285,I 285 and Henderson Rd,,Rear End,2,Rain,Oil,Daylight
2024-11-09T16:08:00.000,I 285,I 285 and Henderson Rd,,Rear End,2,Cloudy,Dry,Daylight
2024-08-03T23:52:00.000,I 285,I 285 and Henderson Rd,,Rear End,2,Clear,Dry,Dark-Not Lighted
2024-08-26T09:45:00.000,I 285,I 285 and Henderson Rd,,Sideswipe-Same Direction,2,Clear,Dry,Daylight
2024-07-29T16:20:00.000,I 285,I 285 and Henderson Rd,,Rear End,2,Cloudy,Wet,Daylight
2024-01-19T13:25:00.000,I 285,I 285 and Henderson Rd,,Sideswipe-Same Direction,2,Clear,Dry,Daylight
2024-01-09T04:15:00.000,I 285,I 285 and Henderson Rd,,Not a Collision with Motor Vehicle,1,Rain,Water (standing or moving),Dark-Not Lighted
2024-10-19T12:35:00.000,I 285,I 285 and Henderson Rd,,Rear End,3,Clear,Dry,Daylight
2024-03-11T08:10:00.000,I 285,I 285 and Henderson Rd,,Rear End,2,Cloudy,Dry,Daylight
2024-06-11T19:43:00.000,I 285,I 285 and Henderson Rd,,Sideswipe-Same Direction,2,Clear,Dry,Dark-Not Lighted
2021-12-28T23:15:00.000,I 285,I 285 and Henderson Mill Rd,,Not a Collision with Motor Vehicle,1,Clear,Dry,Dark-Not Lighted
2021-11-17T00:00:00.000,I 285,I 285 and Henderson Mill Rd,,Rear End,2,Clear,Dry,Daylight
2021-07-16T16:00:00.000,I 285,I 285 and Henderson Mill Rd,,Rear End,2,Clear,Dry,Daylight
2021-07-12T18:50:00.000,I 285,I 285 and Henderson Mill Rd,,Not a Collision with Motor Vehicle,1,Cloudy,Dry,Daylight
2021-10-07T00:00:00.000,I 285,I 285 and Henderson Mill Rd,,Not a Collision with Motor Vehicle,1,Cloudy,Dry,Dark-Not Lighted
2021-10-13T07:08:00.000,I 285,I 285 and Henderson Mill Rd,,Angle Crash,2,Clear,Dry,Dawn
2021-10-23T12:52:00.000,I 285,I 285 and Henderson Mill Rd,,Sideswipe-Same Direction,2,Clear,Dry,Daylight
2021-05-20T16:31:00.000,I 285,I 285 and Henderson Mill Rd,,Rear End,2,Clear,Dry,Daylight
2020-11-28T01:09:00.000,I 285,I 285 and Henderson Mill Rd,,Sideswipe-Opposite Direction,2,Rain,Water (standing or moving),Dark-Not Lighted
2023-01-10T17:52:00.000,I 285,I 285 and Henderson Mill Rd,,Rear End,2,Clear,Dry,Dusk
2023-07-10T15:15:00.000,I 285,I 285 and Henderson Mill Rd,,Sideswipe-Same Direction,2,Cloudy,Dry,Daylight
2023-03-05T00:00:00.000,I 285,I 285 and Henderson Mill Rd,,Rear End,2,Clear,Dry,Daylight
2023-10-05T18:30:00.000,I 285,I 285 and Henderson Mill Rd,,Rear End,2,Clear,Dry,Daylight
2023-12-26T05:30:00.000,I 285,I 285 and Henderson Mill Rd,,Not a Collision with Motor Vehicle,1,Rain,Wet,Dark-Not Lighted
2023-04-01T20:35:00.000,I 285,I 285 and Henderson Mill Rd,,Sideswipe-Same Direction,2,Clear,Dry,Dark-Not Lighted
2022-05-26T08:34:00.000,I 285,I 285 and Henderson Mill Rd,,Rear End,2,Rain,Wet,Daylight
2022-05-09T09:25:00.000,I 285,I 285 and Henderson Mill Rd,,Rear End,2,Clear,Dry,Daylight
2022-04-09T11:54:00.000,I 285,I 285 and Henderson Mill Rd,,Sideswipe-Same Direction,3,Clear,Dry,Daylight
2020-12-12T02:50:00.000,I 285,I 285 and Henderson Mill Rd,,Rear End,2,Clear,Dry,Dark-Not Lighted
2020-12-23T16:24:00.000,I 285,I 285 and Henderson Mill Rd,,Rear End,2,Clear,Dry,Dark-Lighted
2020-10-29T03:21:00.000,I 285,I 285 and Henderson Mill Rd,,Not a Collision with Motor Vehicle,1,Rain,Wet,Dark-Not Lighted
2020-06-24T05:46:00.000,I 285,I 285 and Henderson Mill Rd,,Not a Collision with Motor Vehicle,7,Clear,Dry,Dark-Not Lighted
2020-04-18T21:20:00.000,I 285,I 285 and Henderson Mill Rd,,Not a Collision with Motor Vehicle,1,Clear,Dry,Dark-Lighted
2020-07-10T16:39:00.000,I 285,I 285 and Henderson Mill Rd,,Angle Crash,2,Clear,Dry,Daylight
2020-07-31T10:25:00.000,I 285,I 285 and Henderson Mill Rd,,Not a Collision with Motor Vehicle,1,Clear,Dry,Daylight
2020-07-08T20:52:00.000,I 285,I 285 and Henderson Mill Rd,,Angle Crash,2,Rain,Wet,Dusk
2021-05-19T03:50:00.000,I 285,I 285 and Henderson Mill Rd,,Rear End,2,Clear,Dry,Dark-Not Lighted
2021-05-21T17:05:00.000,I 285,I 285 and Henderson Mill Rd,,Rear End,2,Clear,Dry,Daylight
2021-03-04T01:20:00.000,I 285,I 285 and Henderson Mill Rd,,Not a Collision with Motor Vehicle,4,Clear,Dry,Dark-Not Lighted
2022-09-06T15:41:00.000,I 285,I 285 and Henderson Mill Rd,,Rear End,2,Clear,Dry,Daylight
2022-06-24T12:04:00.000,I 285,I 285 and Henderson Mill Rd,,Not a Collision with Motor Vehicle,1,Clear,Dry,Daylight
2021-08-18T09:35:00.000,I 285,I 285 and Henderson Mill Rd,,Sideswipe-Same Direction,2,Clear,Dry,Daylight
2022-07-25T12:25:00.000,I 285,I 285 and Henderson Mill Rd,,Rear End,5,Rain,Wet,Daylight
2022-03-01T18:28:00.000,I 285,I 285 and Henderson Mill Rd,,Rear End,2,Clear,Dry,Daylight
2022-09-20T15:30:00.000,I 285,I 285 and Henderson Mill Rd,,Rear End,2,Clear,Dry,Daylight
2022-06-04T23:57:00.000,I 285,I 285 and Henderson Mill Rd,,Rear End,2,Clear,Dry,Dark-Lighted
2022-06-27T05:20:00.000,I 285,I 285 and Henderson Mill Rd,,Not a Collision with Motor Vehicle,3,Cloudy,Dry,Dark-Not Lighted
2022-05-26T12:55:00.000,I 285,I 285 and Henderson Mill Rd,,Rear End,2,Clear,Dry,Daylight
2022-03-11T00:15:00.000,I 285,I 285 and Henderson Mill Rd,,Rear End,2,Cloudy,Dry,Dark-Not Lighted
2022-07-06T12:55:00.000,I 285,I 285 and Henderson Mill Rd,,Rear End,2,Clear,Dry,Daylight
2022-09-14T15:55:00.000,I 285,I 285 and Henderson Mill Rd,,Sideswipe-Same Direction,2,Clear,Dry,Daylight
2022-12-04T22:00:00.000,I 285,I 285 and Henderson Mill Rd,,Not a Collision with Motor Vehicle,1,Cloudy,Dry,Dark-Not Lighted
2022-02-16T18:11:00.000,I 285,I 285 and Henderson Mill Rd,,Rear End,2,Clear,Dry,Daylight
2022-10-21T22:45:00.000,I 285,I 285 and Henderson Mill Rd,,Sideswipe-Same Direction,2,Clear,Dry,Dark-Not Lighted
2022-05-25T10:51:00.000,I 285,I 285 and Henderson Mill Rd,,Angle Crash,2,Clear,Dry,Daylight
2022-06-17T11:21:00.000,I 285,I 285 and Henderson Mill Rd,,Rear End,2,Clear,Dry,Daylight
2022-03-14T16:09:00.000,I 285,I 285 and Henderson Mill Rd,,Rear End,2,Clear,Dry,Daylight
2022-04-09T12:53:00.000,I 285,I 285 and Henderson Mill Rd,,Rear End,3,Clear,Dry,Daylight
2022-05-26T07:55:00.000,I 285,I 285 and Henderson Mill Rd,,Not a Collision with Motor Vehicle,1,Rain,Wet,Daylight
2022-03-09T06:00:00.000,I 285,I 285 and Henderson Mill Rd,,Angle Crash,2,Rain,Water (standing or moving),Dark-Not Lighted
2022-07-30T16:54:00.000,I 285,I 285 and Henderson Mill Rd,,Rear End,2,Clear,Dry,Daylight
2022-11-10T17:57:00.000,I 285,I 285 and Henderson Mill Rd,,Rear End,2,Rain,Wet,Dark-Not Lighted
2022-08-31T13:30:00.000,I 285,I 285 and Henderson Mill Rd,,Angle Crash,2,Clear,Dry,Daylight
2022-01-22T19:15:00.000,I 285,I 285 and Henderson Mill Rd,,Sideswipe-Same Direction,2,Clear,Dry,Dark-Lighted
2022-11-04T17:30:00.000,I 285,I 285 and Henderson Mill Rd,,Rear End,2,Clear,Dry,Daylight
2024-03-31T01:00:00.000,I 285,I 285 and Henderson Mill Rd,,Sideswipe-Same Direction,2,Clear,Dry,Dark-Not Lighted
2024-01-11T19:48:00.000,I 285,I 285 and Henderson Mill Rd,,Sideswipe-Same Direction,2,Clear,Dry,Daylight
2024-01-19T00:16:00.000,I 285,I 285 and Henderson Mill Rd,,Rear End,2,Rain,Wet,Dark-Not Lighted
2024-08-05T05:05:00.000,I 285,I 285 and Henderson Mill Rd,,Not a Collision with Motor Vehicle,1,Cloudy,Dry,Dark-Not Lighted
2023-10-31T15:04:00.000,I 285,I 285 and Henderson Mill Rd,,Rear End,2,Clear,Dry,Daylight
2023-06-30T15:50:00.000,I 285,I 285 and Henderson Mill Rd,,Sideswipe-Same Direction,2,Rain,Wet,Daylight
2023-12-21T07:40:00.000,I 285,I 285 and Henderson Mill Rd,,Rear End,2,Clear,Dry,Daylight
2023-10-25T09:49:00.000,I 285,I 285 and Henderson Mill Rd,,Rear End,2,Clear,Dry,Daylight
2024-11-24T14:14:00.000,I 285,I 285 and Henderson Mill Rd,,Sideswipe-Same Direction,2,Clear,Dry,Daylight
2024-07-28T14:42:00.000,I 285,I 285 and Henderson Mill Rd,,Rear End,2,Cloudy,Dry,Daylight
2024-06-27T16:35:00.000,I 285,I 285 and Henderson Mill Rd,,Rear End,2,Rain,Wet,Daylight
2024-08-06T17:00:00.000,I 285,I 285 and Henderson Mill Rd,,Sideswipe-Same Direction,2,Cloudy,Dry,Daylight
2024-11-07T16:00:00.000,I 285,I 285 and Henderson Mill Rd,,Sideswipe-Same Direction,2,Clear,Dry,Daylight
2024-08-17T16:00:00.000,I 285,I 285 and Henderson Mill Rd,,Rear End,2,Cloudy,Dry,Daylight
2024-10-03T22:00:00.000,I 285,I 285 and Henderson Mill Rd,,Rear End,2,Cloudy,Dry,Dark-Not Lighted
2024-07-11T05:31:00.000,I 285,I 285 and Henderson Mill Rd,,Angle Crash,2,Clear,Dry,Daylight
2024-07-28T14:42:00.000,I 285,I 285 and Henderson Mill Rd,,Sideswipe-Same Direction,2,Cloudy,Dry,Daylight
2024-04-15T13:00:00.000,I 285,I 285 and Henderson Mill Rd,,Rear End,2,Clear,Dry,Daylight
2024-05-16T21:32:00.000,I 285,I 285 and Henderson Mill Rd,,Sideswipe-Same Direction,2,Clear,Dry,Dark-Not Lighted
2024-01-07T17:59:00.000,I 285,I 285 and Henderson Mill Rd,,Rear End,2,Cloudy,Dry,Dark-Not Lighted
2024-03-31T14:19:00.000,I 285,I 285 and Henderson Mill Rd,,Rear End,3,Cloudy,Dry,Daylight
2024-04-21T22:23:00.000,I 285,I 285 and Henderson Mill Rd,,Not a Collision with Motor Vehicle,1,Clear,Dry,Dark-Not Lighted
2021-07-02T14:27:00.000,I 285,I 285 and Henderson Chase Ct,,Rear End,3,Cloudy,Dry,Daylight
2021-01-05T14:21:00.000,I 285,I 285 and Henderson Chase Ct,,Rear End,2,Clear,Dry,Daylight
2021-11-30T03:16:00.000,I 285,I 285 and Helmsdale Dr,,Not a Collision with Motor Vehicle,1,Clear,Dry,Dark-Not Lighted
2024-05-27T09:20:00.000,I 285,I 285 and Helmsdale Dr,,Not a Collision with Motor Vehicle,1,Rain,Wet,Daylight
2024-09-16T09:30:00.000,I 285,I 285 and Helmsdale Dr,,Angle Crash,2,Clear,Dry,Daylight
2020-12-17T18:48:00.000,I 285,I 285 and Hargrove Road Opas,,Not a Collision with Motor Vehicle,2,Cloudy,Wet,Dark-Not Lighted
2020-02-18T09:48:00.000,I 285,I 285 and Hargrove Rd Opas,,Rear End,2,Rain,Wet,Daylight
2022-04-05T13:00:00.000,I 285,I 285 and Hammarskjold Dr,,Angle Crash,2,Rain,Wet,Daylight
2020-11-24T14:50:00.000,I 285,I 285 and Hamilton E Holmes Dr,,Not a Collision with Motor Vehicle,2,Clear,Dry,Daylight
2020-12-12T02:34:00.000,I 285,I 285 and Greystone Cir,,Rear End,2,Clear,Dry,Dark-Not Lighted
2022-07-07T15:40:00.000,I 285,I 285 and Greystone Cir,,Angle Crash,2,Clear,Dry,Daylight
2020-03-02T23:35:00.000,I 285,I 285 and Gretna Green Way,,Not a Collision with Motor Vehicle,1,Rain,Wet,Dark-Not Lighted
2024-12-06T21:18:00.000,I 285,I 285 and Gretna Green Way,,Sideswipe-Same Direction,2,Clear,Dry,Dark-Lighted
2024-12-12T20:00:00.000,I 285,I 285 and Gretna Green Way,,Sideswipe-Same Direction,2,Clear,Dry,Dark-Lighted
2024-06-11T17:20:00.000,I 285,I 285 and Gretna Green Way,,Sideswipe-Same Direction,2,Clear,Dry,Daylight
2020-09-12T16:26:00.000,I 285,I 285 and Greenbriar Pkwy,,Sideswipe-Same Direction,2,Clear,Dry,Daylight
2020-11-19T00:03:00.000,I 285,I 285 and Greenbriar Pkwy,,Head On,4,Clear,Dry,Dark-Lighted
2020-11-09T22:28:00.000,I 285,I 285 and Greenbriar Pkwy,,Sideswipe-Same Direction,2,Clear,Dry,Dark-Not Lighted