Date and Time,Roadway (From Crash Report),Intersection Name (from Crash Report),KABCO Severity,Manner of Collision (Crash Level) ,# of Vehicles per crash ,Weather Conditions (Crash Level),Surface Condition (Crash Level) ,Light Conditions (Crash Level)
2020-03-23T11:56:00.000,I 285,I 285 and Greenbriar Pkwy,,Not a Collision with Motor Vehicle,1,Rain,Wet,Daylight
2020-01-04T12:14:00.000,I 285,I 285 and Greenbriar Pkwy,,Rear End,2,Clear,Dry,Daylight
2020-09-26T18:47:00.000,I 285,I 285 and Greenbriar Pkwy,,Rear End,2,Clear,Dry,Daylight
2020-10-10T20:52:00.000,I 285,I 285 and Greenbriar Pkwy,,Sideswipe-Same Direction,2,Rain,Water (standing or moving),Dark-Not Lighted
2020-11-12T14:15:00.000,I 285,I 285 and Greenbriar Pkwy,,Sideswipe-Same Direction,2,Clear,Dry,Daylight
2021-02-24T20:31:00.000,I 285,I 285 and Greenbriar Pkwy,,Sideswipe-Same Direction,2,Clear,Dry,Dark-Not Lighted
2022-06-07T12:16:00.000,I 285,I 285 and Greenbriar Pkwy,,Rear End,2,Clear,Dry,Daylight
2022-01-26T07:55:00.000,I 285,I 285 and Greenbriar Pkwy,,Not a Collision with Motor Vehicle,2,Clear,Dry,Daylight
2024-10-06T12:30:00.000,I 285,I 285 and Greenbriar Pkwy,,Sideswipe-Same Direction,2,Cloudy,Dry,Daylight
2022-03-10T06:31:00.000,I 285,I 285 and Greenbiar Pkwy,,Sideswipe-Same Direction,2,Rain,Wet,Dark-Lighted
2024-06-13T12:00:00.000,I 285,I 285 and Glrnwood Rd,,Sideswipe-Same Direction,2,Clear,Dry,Dark-Lighted
2021-07-24T14:10:00.000,I 285,I 285 and Glewood Rd,,Rear End,2,Clear,Dry,Daylight
2021-09-19T08:00:00.000,I 285,I 285 and Glenwoodroad,,Rear End,2,Rain,Wet,Daylight
2022-02-02T14:50:00.000,I 285,I 285 and Glenwood Road Exit Rp,,Sideswipe-Same Direction,2,Clear,Dry,Daylight
2020-07-15T23:35:00.000,I 285,I 285 and Glenwood Road Exit,,Sideswipe-Same Direction,2,Clear,Dry,Dark-Not Lighted
2020-04-19T10:15:00.000,I 285,I 285 and Glenwood Road Exit,,Not a Collision with Motor Vehicle,1,Rain,Water (standing or moving),Daylight
2023-06-22T04:19:00.000,I 285,I 285 and Glenwood Rf,,Not a Collision with Motor Vehicle,1,Rain,Wet,Dark-Not Lighted
2023-03-07T07:55:00.000,I 285,I 285 and Glenwood Rd. Exit,,Rear End,2,Clear,Dry,Daylight
2022-02-03T07:00:00.000,I 285,I 285 and Glenwood Rd. Exit,,Rear End,2,Rain,Wet,Daylight
2022-12-14T10:25:00.000,I 285,I 285 and Glenwood Rd. Exit,,Sideswipe-Same Direction,2,Cloudy,Dry,Daylight
2023-03-01T22:35:00.000,I 285,I 285 and Glenwood Rd.,,Sideswipe-Same Direction,3,Clear,Dry,Dark-Not Lighted
2023-06-17T15:52:00.000,I 285,I 285 and Glenwood Rd.,,Sideswipe-Same Direction,2,Clear,Dry,Daylight
2023-03-29T10:51:00.000,I 285,I 285 and Glenwood Rd.,,Rear End,2,Clear,Dry,Daylight
2023-06-22T22:00:00.000,I 285,I 285 and Glenwood Rd.,,Rear End,2,Clear,Dry,Dark-Lighted
2023-09-28T08:56:00.000,I 285,I 285 and Glenwood Rd.,,Rear End,2,Clear,Dry,Daylight
2023-08-10T22:00:00.000,I 285,I 285 and Glenwood Rd.,,Sideswipe-Same Direction,2,Clear,Dry,Dark-Lighted
2022-12-06T18:00:00.000,I 285,I 285 and Glenwood Rd.,,Rear End,3,Cloudy,Dry,Dark-Lighted
2022-12-22T08:22:00.000,I 285,I 285 and Glenwood Rd.,,Not a Collision with Motor Vehicle,1,Clear,Dry,Daylight
2022-07-03T06:30:00.000,I 285,I 285 and Glenwood Rd.,,Not a Collision with Motor Vehicle,1,Clear,Dry,Daylight
2022-11-22T17:50:00.000,I 285,I 285 and Glenwood Rd.,,Rear End,2,Clear,Dry,Dark-Lighted
2022-12-26T23:25:00.000,I 285,I 285 and Glenwood Rd.,,Not a Collision with Motor Vehicle,1,Sleet,Slush,Dark-Not Lighted
2022-05-25T00:00:00.000,I 285,I 285 and Glenwood Rd.,,Rear End,2,Cloudy,Wet,Daylight
2023-03-30T09:49:00.000,I 285,I 285 and Glenwood Rd.,,Rear End,2,Clear,Dry,Daylight
2024-07-02T16:10:00.000,I 285,I 285 and Glenwood Rd.,,Rear End,2,Clear,Dry,Daylight
2023-04-30T19:23:00.000,I 285,I 285 and Glenwood Rd.,,Sideswipe-Same Direction,2,Clear,Dry,Daylight
2023-09-19T08:10:00.000,I 285,I 285 and Glenwood Rd.,,Sideswipe-Same Direction,2,Clear,Dry,Daylight
2023-02-03T13:16:00.000,I 285,I 285 and Glenwood Rd.,,Rear End,3,Clear,Dry,Daylight
2024-04-22T05:00:00.000,I 285,I 285 and Glenwood Rd.,,Not a Collision with Motor Vehicle,2,Clear,Dry,Dawn
2024-06-11T13:20:00.000,I 285,I 285 and Glenwood Rd.,,Head On,2,Clear,Dry,Daylight
2024-07-02T17:22:00.000,I 285,I 285 and Glenwood Rd.,,Sideswipe-Same Direction,2,Clear,Dry,Daylight
2022-10-02T09:00:00.000,I 285,I 285 and Glenwood Rd Exit.,,Not a Collision with Motor Vehicle,1,Clear,Dry,Daylight
2024-11-20T07:07:00.000,I 285,I 285 and Glenwood Rd Exit.,,Sideswipe-Same Direction,3,Rain,Wet,Daylight
2023-09-13T02:40:00.000,I 285,I 285 and Glenwood Rd Exit Rp,,Sideswipe-Same Direction,2,Rain,Wet,Dark-Not Lighted
2020-04-10T06:50:00.000,I 285,I 285 and Glenwood Rd Exit,,Rear End,2,Clear,Dry,Daylight
2021-10-15T11:38:00.000,I 285,I 285 and Glenwood Rd Exit,,Sideswipe-Same Direction,2,Clear,Dry,Daylight
2021-04-28T06:56:00.000,I 285,I 285 and Glenwood Rd,,Angle Crash,2,Clear,Dry,Daylight
2021-01-08T02:25:00.000,I 285,I 285 and Glenwood Rd,,Not a Collision with Motor Vehicle,1,Clear,Wet,Dark-Not Lighted
2021-05-10T07:30:00.000,I 285,I 285 and Glenwood Rd,,Rear End,2,Rain,Wet,Daylight
2021-05-01T07:10:00.000,I 285,I 285 and Glenwood Rd,,Rear End,3,Clear,Dry,Daylight
2021-04-22T12:00:00.000,I 285,I 285 and Glenwood Rd,,Sideswipe-Same Direction,2,Clear,Dry,Daylight
2021-04-18T17:35:00.000,I 285,I 285 and Glenwood Rd,,Sideswipe-Same Direction,2,Clear,Dry,Daylight
2021-04-12T03:47:00.000,I 285,I 285 and Glenwood Rd,,Angle Crash,2,Clear,Dry,Dark-Lighted
2021-03-19T13:45:00.000,I 285,I 285 and Glenwood Rd,,Rear End,2,Cloudy,Dry,Daylight
2021-02-20T19:00:00.000,I 285,I 285 and Glenwood Rd,,Sideswipe-Same Direction,2,Clear,Dry,Dark-Lighted
2021-04-24T02:44:00.000,I 285,I 285 and Glenwood Rd,,Rear End,2,Cloudy,Dry,Dark-Not Lighted
2021-06-30T14:35:00.000,I 285,I 285 and Glenwood Rd,,Rear End,2,Clear,Dry,Daylight
2021-01-31T18:30:00.000,I 285,I 285 and Glenwood Rd,,Angle Crash,3,Rain,Wet,Dark-Lighted
2021-01-09T00:00:00.000,I 285,I 285 and Glenwood Rd,,Rear End,2,Clear,Dry,Daylight
2021-07-18T13:32:00.000,I 285,I 285 and Glenwood Rd,,Sideswipe-Same Direction,2,Clear,Dry,Daylight
2021-10-14T05:48:00.000,I 285,I 285 and Glenwood Rd,,Sideswipe-Same Direction,2,Clear,Dry,Dark-Lighted
2021-12-18T12:30:00.000,I 285,I 285 and Glenwood Rd,,Rear End,2,Rain,Dry,Daylight
2021-12-10T13:35:00.000,I 285,I 285 and Glenwood Rd,,Rear End,3,Clear,Dry,Daylight
2021-10-22T15:12:00.000,I 285,I 285 and Glenwood Rd,,Rear End,2,Clear,Dry,Daylight
2021-10-22T13:40:00.000,I 285,I 285 and Glenwood Rd,,Sideswipe-Same Direction,2,Clear,Dry,Daylight
2021-08-28T17:18:00.000,I 285,I 285 and Glenwood Rd,,Angle Crash,2,Clear,Dry,Dark-Lighted
2021-11-05T15:55:00.000,I 285,I 285 and Glenwood Rd,,Rear End,2,Clear,Dry,Daylight
2021-07-19T12:45:00.000,I 285,I 285 and Glenwood Rd,,Not a Collision with Motor Vehicle,1,Rain,Wet,Daylight
2021-05-12T18:18:00.000,I 285,I 285 and Glenwood Rd,,Rear End,2,Clear,Dry,Daylight
2021-04-02T19:50:00.000,I 285,I 285 and Glenwood Rd,,Rear End,2,Clear,Other,Daylight
2021-02-12T17:20:00.000,I 285,I 285 and Glenwood Rd,,Rear End,3,Clear,Dry,Daylight
2021-04-21T17:00:00.000,I 285,I 285 and Glenwood Rd,,Rear End,3,Clear,Dry,Daylight
2021-06-01T08:40:00.000,I 285,I 285 and Glenwood Rd,,Rear End,2,Clear,Dry,Daylight
2021-04-23T02:14:00.000,I 285,I 285 and Glenwood Rd,,Not a Collision with Motor Vehicle,1,Clear,Dry,Dark-Lighted
2021-06-05T04:13:00.000,I 285,I 285 and Glenwood Rd,,Not a Collision with Motor Vehicle,1,Cloudy,Dry,Dark-Lighted
2021-04-24T07:57:00.000,I 285,I 285 and Glenwood Rd,,Sideswipe-Same Direction,2,Rain,Wet,Daylight
2021-06-19T12:34:00.000,I 285,I 285 and Glenwood Rd,,Sideswipe-Same Direction,2,Rain,Wet,Daylight
2021-02-26T17:05:00.000,I 285,I 285 and Glenwood Rd,,Sideswipe-Same Direction,2,Clear,Wet,Daylight
2021-05-04T13:00:00.000,I 285,I 285 and Glenwood Rd,,Sideswipe-Same Direction,2,Clear,Dry,Daylight
2021-06-05T04:50:00.000,I 285,I 285 and Glenwood Rd,,Rear End,3,Clear,Dry,Dark-Not Lighted
2021-04-21T18:00:00.000,I 285,I 285 and Glenwood Rd,,Rear End,2,Clear,Dry,Daylight
2021-04-10T14:35:00.000,I 285,I 285 and Glenwood Rd,,Angle Crash,2,Cloudy,Wet,Daylight
2021-05-08T13:50:00.000,I 285,I 285 and Glenwood Rd,,Rear End,2,Clear,Dry,Daylight
2021-06-05T05:30:00.000,I 285,I 285 and Glenwood Rd,,Angle Crash,2,Clear,Dry,Daylight
2021-02-15T15:00:00.000,I 285,I 285 and Glenwood Rd,,Sideswipe-Same Direction,2,Rain,Wet,Daylight
2021-04-02T19:10:00.000,I 285,I 285 and Glenwood Rd,,Rear End,2,Clear,Dry,Dark-Not Lighted
2021-04-28T00:00:00.000,I 285,I 285 and Glenwood Rd,,Sideswipe-Same Direction,2,Clear,Dry,Dark-Not Lighted
2021-06-05T06:30:00.000,I 285,I 285 and Glenwood Rd,,Rear End,2,Clear,Dry,Daylight
2021-05-08T11:45:00.000,I 285,I 285 and Glenwood Rd,,Not a Collision with Motor Vehicle,2,Clear,Dry,Daylight
2021-01-01T07:40:00.000,I 285,I 285 and Glenwood Rd,,Rear End,2,Rain,Wet,Dark-Lighted
2021-06-27T18:00:00.000,I 285,I 285 and Glenwood Rd,,Rear End,2,Clear,Dry,Daylight
2021-03-12T18:30:00.000,I 285,I 285 and Glenwood Rd,,Sideswipe-Same Direction,2,Clear,Dry,Dusk
2021-12-07T15:44:00.000,I 285,I 285 and Glenwood Rd,,Rear End,2,Clear,Dry,Daylight
2021-10-01T06:29:00.000,I 285,I 285 and Glenwood Rd,,Not a Collision with Motor Vehicle,1,Clear,Dry,Daylight
2021-10-01T15:15:00.000,I 285,I 285 and Glenwood Rd,,Rear End,2,Clear,Dry,Daylight
2021-10-05T05:50:00.000,I 285,I 285 and Glenwood Rd,,Not a Collision with Motor Vehicle,1,Rain,Wet,Dark-Lighted
2021-12-10T19:16:00.000,I 285,I 285 and Glenwood Rd,,Rear End,2,Rain,Wet,Dark-Lighted
2021-10-09T16:17:00.000,I 285,I 285 and Glenwood Rd,,Rear End,3,Clear,Dry,Daylight
2021-12-13T20:15:00.000,I 285,I 285 and Glenwood Rd,,Sideswipe-Same Direction,2,Clear,Dry,Dark-Lighted
2021-09-01T09:05:00.000,I 285,I 285 and Glenwood Rd,,Rear End,2,Clear,Dry,Daylight
2021-08-05T19:25:00.000,I 285,I 285 and Glenwood Rd,,Angle Crash,2,Clear,Dry,Daylight
2021-03-24T05:45:00.000,I 285,I 285 and Glenwood Rd,,Sideswipe-Same Direction,3,Clear,Dry,Dark-Lighted
2021-07-13T07:43:00.000,I 285,I 285 and Glenwood Rd,,Rear End,2,Cloudy,Dry,Daylight
2021-11-13T20:10:00.000,I 285,I 285 and Glenwood Rd,,Rear End,3,Clear,Dry,Dark-Lighted
2021-09-16T14:25:00.000,I 285,I 285 and Glenwood Rd,,Rear End,3,Rain,Wet,Daylight
2021-09-08T14:11:00.000,I 285,I 285 and Glenwood Rd,,Rear End,4,Clear,Dry,Daylight
2021-07-03T00:24:00.000,I 285,I 285 and Glenwood Rd,,Sideswipe-Same Direction,3,Clear,Dry,Dark-Not Lighted
2021-10-21T13:25:00.000,I 285,I 285 and Glenwood Rd,,Rear End,2,Rain,Wet,Daylight
2021-10-22T16:35:00.000,I 285,I 285 and Glenwood Rd,,Rear End,2,Clear,Dry,Daylight
2021-07-02T11:50:00.000,I 285,I 285 and Glenwood Rd,,Angle Crash,2,Cloudy,Wet,Daylight
2021-12-16T07:45:00.000,I 285,I 285 and Glenwood Rd,,Rear End,2,Clear,Dry,Daylight
2021-08-30T10:57:00.000,I 285,I 285 and Glenwood Rd,,Not a Collision with Motor Vehicle,2,Clear,Dry,Daylight
2021-07-31T16:12:00.000,I 285,I 285 and Glenwood Rd,,Sideswipe-Same Direction,2,Clear,Dry,Daylight
2021-01-24T11:40:00.000,I 285,I 285 and Glenwood Rd,,Sideswipe-Opposite Direction,2,Clear,Dry,Daylight
2021-03-19T16:45:00.000,I 285,I 285 and Glenwood Rd,,Rear End,2,Cloudy,Dry,Daylight
2021-01-01T00:06:00.000,I 285,I 285 and Glenwood Rd,,Angle Crash,2,Rain,Wet,Dark-Not Lighted
2021-04-10T12:30:00.000,I 285,I 285 and Glenwood Rd,,Not a Collision with Motor Vehicle,1,Rain,Wet,Daylight
2021-05-13T14:16:00.000,I 285,I 285 and Glenwood Rd,,Rear End,2,Clear,Dry,Daylight
2021-05-12T07:25:00.000,I 285,I 285 and Glenwood Rd,,Angle Crash,2,Rain,Wet,Daylight
2021-10-16T20:15:00.000,I 285,I 285 and Glenwood Rd,,Rear End,3,Clear,Dry,Dark-Not Lighted
2021-12-06T21:30:00.000,I 285,I 285 and Glenwood Rd,,Rear End,2,Clear,Dry,Dark-Lighted
2021-09-26T07:00:00.000,I 285,I 285 and Glenwood Rd,,Not a Collision with Motor Vehicle,1,Clear,Dry,Dawn
2021-12-02T01:20:00.000,I 285,I 285 and Glenwood Rd,,Sideswipe-Same Direction,2,Clear,Dry,Dark-Lighted
2021-10-20T19:30:00.000,I 285,I 285 and Glenwood Rd,,Rear End,2,Clear,Dry,Dark-Lighted
2021-12-22T17:55:00.000,I 285,I 285 and Glenwood Rd,,Rear End,3,Clear,Dry,Dark-Not Lighted
2021-11-12T15:32:00.000,I 285,I 285 and Glenwood Rd,,Rear End,2,Clear,Dry,Daylight
2021-07-31T17:40:00.000,I 285,I 285 and Glenwood Rd,,Sideswipe-Same Direction,2,Clear,Dry,Daylight
2021-12-29T18:40:00.000,I 285,I 285 and Glenwood Rd,,Sideswipe-Same Direction,2,Clear,Wet,Dark-Not Lighted
2021-09-09T14:35:00.000,I 285,I 285 and Glenwood Rd,,Sideswipe-Same Direction,2,Clear,Dry,Daylight
2021-01-27T12:25:00.000,I 285,I 285 and Glenwood Rd,,Angle Crash,2,Cloudy,Wet,Daylight
2021-02-19T16:00:00.000,I 285,I 285 and Glenwood Rd,,Rear End,2,Clear,Dry,Daylight
2021-05-21T09:27:00.000,I 285,I 285 and Glenwood Rd,,Sideswipe-Same Direction,2,Clear,Dry,Daylight
2021-06-03T18:30:00.000,I 285,I 285 and Glenwood Rd,,Rear End,3,Clear,Dry,Daylight
2021-05-08T14:55:00.000,I 285,I 285 and Glenwood Rd,,Rear End,3,Clear,Dry,Daylight
2021-06-29T16:01:00.000,I 285,I 285 and Glenwood Rd,,Angle Crash,2,Clear,Dry,Daylight
2021-04-04T05:45:00.000,I 285,I 285 and Glenwood Rd,,Not a Collision with Motor Vehicle,1,Clear,Dry,Dark-Lighted
2021-03-24T00:15:00.000,I 285,I 285 and Glenwood Rd,,Sideswipe-Same Direction,3,Clear,Dry,Dark-Lighted
2021-02-28T16:45:00.000,I 285,I 285 and Glenwood Rd,,Sideswipe-Same Direction,2,Clear,Dry,Daylight
2020-11-21T05:55:00.000,I 285,I 285 and Glenwood Rd,,Angle Crash,2,Clear,Dry,Dark-Lighted
2020-08-21T23:00:00.000,I 285,I 285 and Glenwood Rd,,Rear End,2,Clear,Dry,Dark-Lighted
2020-10-24T00:00:00.000,I 285,I 285 and Glenwood Rd,,Rear End,2,Cloudy,Dry,Daylight
2020-12-26T14:25:00.000,I 285,I 285 and Glenwood Rd,,Sideswipe-Same Direction,2,Clear,Dry,Daylight
2020-10-28T02:20:00.000,I 285,I 285 and Glenwood Rd,,Rear End,2,Rain,Wet,Dark-Not Lighted
2020-11-11T15:00:00.000,I 285,I 285 and Glenwood Rd,,Rear End,2,Cloudy,Dry,Dark-Not Lighted
2020-04-17T06:22:00.000,I 285,I 285 and Glenwood Rd,,Sideswipe-Same Direction,2,Clear,Dry,Dark-Lighted
2020-08-29T15:33:00.000,I 285,I 285 and Glenwood Rd,,Sideswipe-Same Direction,2,Clear,Dry,Daylight
2023-10-24T07:50:00.000,I 285,I 285 and Glenwood Rd,,Sideswipe-Same Direction,2,Clear,Dry,Daylight
2023-11-11T18:13:00.000,I 285,I 285 and Glenwood Rd,,Rear End,2,Clear,Wet,Dark-Lighted
2023-06-01T00:32:00.000,I 285,I 285 and Glenwood Rd,,Not a Collision with Motor Vehicle,2,Cloudy,Dry,Dark-Lighted
2023-09-03T11:00:00.000,I 285,I 285 and Glenwood Rd,,Not a Collision with Motor Vehicle,1,Clear,Dry,Daylight
2023-01-07T15:30:00.000,I 285,I 285 and Glenwood Rd,,Rear End,2,Clear,Dry,Daylight
2023-01-12T06:30:00.000,I 285,I 285 and Glenwood Rd,,Sideswipe-Opposite Direction,2,Clear,Dry,Dark-Not Lighted
2023-12-26T17:22:00.000,I 285,I 285 and Glenwood Rd,,Rear End,2,Clear,Dry,Dusk
2023-06-10T15:42:00.000,I 285,I 285 and Glenwood Rd,,Rear End,2,Clear,Dry,Daylight
2023-01-22T01:00:00.000,I 285,I 285 and Glenwood Rd,,Rear End,2,Rain,Wet,Dark-Not Lighted
2023-07-03T13:00:00.000,I 285,I 285 and Glenwood Rd,,Sideswipe-Same Direction,2,Clear,Dry,Daylight
2023-04-21T19:11:00.000,I 285,I 285 and Glenwood Rd,,Rear End,3,Clear,Dry,Daylight
2023-01-30T11:00:00.000,I 285,I 285 and Glenwood Rd,,Sideswipe-Same Direction,2,Cloudy,Dry,Daylight
2023-07-19T03:50:00.000,I 285,I 285 and Glenwood Rd,,Rear End,2,Clear,Dry,Dark-Not Lighted
2023-07-18T22:25:00.000,I 285,I 285 and Glenwood Rd,,Not a Collision with Motor Vehicle,1,Clear,Dry,Dark-Lighted
2023-01-02T20:32:00.000,I 285,I 285 and Glenwood Rd,,Angle Crash,2,Clear,Dry,Dark-Not Lighted
2023-07-09T03:40:00.000,I 285,I 285 and Glenwood Rd,,Not a Collision with Motor Vehicle,1,Clear,Dry,Dark-Not Lighted
2023-05-21T17:00:00.000,I 285,I 285 and Glenwood Rd,,Rear End,2,Clear,Dry,Daylight
2023-02-07T07:00:00.000,I 285,I 285 and Glenwood Rd,,Sideswipe-Same Direction,2,Clear,Dry,Daylight
2023-11-25T10:30:00.000,I 285,I 285 and Glenwood Rd,,Sideswipe-Same Direction,2,Cloudy,Dry,Daylight
2023-07-30T03:45:00.000,I 285,I 285 and Glenwood Rd,,Sideswipe-Same Direction,2,Clear,Dry,Dark-Lighted
2023-10-07T14:24:00.000,I 285,I 285 and Glenwood Rd,,Rear End,2,Clear,Dry,Daylight
2023-09-23T08:55:00.000,I 285,I 285 and Glenwood Rd,,Rear End,2,Clear,Dry,Daylight
2023-05-07T00:00:00.000,I 285,I 285 and Glenwood Rd,,Sideswipe-Same Direction,2,Clear,Dry,Dark-Lighted
2023-01-04T00:16:00.000,I 285,I 285 and Glenwood Rd,,Not a Collision with Motor Vehicle,1,Rain,Wet,Dark-Not Lighted
2023-10-03T08:00:00.000,I 285,I 285 and Glenwood Rd,,Rear End,2,Clear,Dry,Daylight
2023-02-14T07:54:00.000,I 285,I 285 and Glenwood Rd,,Rear End,3,Clear,Dry,Daylight
2023-10-14T10:00:00.000,I 285,I 285 and Glenwood Rd,,Not a Collision with Motor Vehicle,2,Clear,Dry,Daylight
2023-03-04T13:25:00.000,I 285,I 285 and Glenwood Rd,,Not a Collision with Motor Vehicle,1,Clear,Dry,Daylight
2023-07-21T06:00:00.000,I 285,I 285 and Glenwood Rd,,Rear End,2,Clear,Dry,Daylight
2023-07-07T00:00:00.000,I 285,I 285 and Glenwood Rd,,Rear End,2,Clear,Dry,Dark-Lighted
2023-07-26T09:30:00.000,I 285,I 285 and Glenwood Rd,,Angle Crash,2,Clear,Dry,Daylight
2023-02-18T04:00:00.000,I 285,I 285 and Glenwood Rd,,Sideswipe-Same Direction,2,Clear,Dry,Dark-Lighted
2023-10-10T16:39:00.000,I 285,I 285 and Glenwood Rd,,Rear End,2,Clear,Dry,Daylight
2023-10-27T19:23:00.000,I 285,I 285 and Glenwood Rd,,Rear End,2,Clear,Dry,Dark-Lighted
2023-04-06T15:00:00.000,I 285,I 285 and Glenwood Rd,,Sideswipe-Same Direction,2,Clear,Dry,Daylight
2023-11-06T18:45:00.000,I 285,I 285 and Glenwood Rd,,Sideswipe-Opposite Direction,2,Clear,Dry,Dark-Not Lighted
2023-02-03T22:21:00.000,I 285,I 285 and Glenwood Rd,,Rear End,2,Clear,Dry,Dark-Not Lighted
2023-02-03T22:45:00.000,I 285,I 285 and Glenwood Rd,,Sideswipe-Same Direction,2,Clear,Dry,Dark-Not Lighted
2023-05-06T17:27:00.000,I 285,I 285 and Glenwood Rd,,Angle Crash,2,Clear,Dry,Daylight
2023-08-10T15:40:00.000,I 285,I 285 and Glenwood Rd,,Rear End,2,Clear,Dry,Daylight
2023-01-06T06:00:00.000,I 285,I 285 and Glenwood Rd,,Rear End,2,Clear,Dry,Daylight
2023-03-17T15:40:00.000,I 285,I 285 and Glenwood Rd,,Sideswipe-Same Direction,2,Rain,Wet,Daylight
2023-03-02T19:48:00.000,I 285,I 285 and Glenwood Rd,,Sideswipe-Same Direction,2,Rain,Wet,Dark-Lighted
2023-05-24T17:00:00.000,I 285,I 285 and Glenwood Rd,,Sideswipe-Opposite Direction,2,Clear,Dry,Daylight
2023-09-18T16:20:00.000,I 285,I 285 and Glenwood Rd,,Sideswipe-Same Direction,2,Clear,Dry,Daylight
2023-09-09T12:29:00.000,I 285,I 285 and Glenwood Rd,,Rear End,2,Clear,Dry,Daylight
2023-07-08T22:10:00.000,I 285,I 285 and Glenwood Rd,,Not a Collision with Motor Vehicle,1,Rain,Wet,Dark-Not Lighted
2023-06-08T07:03:00.000,I 285,I 285 and Glenwood Rd,,Angle Crash,2,Clear,Dry,Daylight
2023-12-16T19:00:00.000,I 285,I 285 and Glenwood Rd,,Sideswipe-Same Direction,2,Rain,Wet,Dark-Lighted
2023-06-07T23:27:00.000,I 285,I 285 and Glenwood Rd,,Sideswipe-Same Direction,2,Clear,Dry,Dark-Not Lighted
2023-08-05T19:30:00.000,I 285,I 285 and Glenwood Rd,,Not a Collision with Motor Vehicle,1,Clear,Dry,Daylight
2023-05-20T12:32:00.000,I 285,I 285 and Glenwood Rd,,Not a Collision with Motor Vehicle,1,Cloudy,Dry,Daylight
2023-12-12T14:19:00.000,I 285,I 285 and Glenwood Rd,,Rear End,2,Clear,Dry,Daylight
2023-01-10T06:45:00.000,I 285,I 285 and Glenwood Rd,,Rear End,2,Clear,Dry,Dark-Lighted
2023-11-01T20:00:00.000,I 285,I 285 and Glenwood Rd,,Rear End,2,Clear,Dry,Dark-Not Lighted
2023-02-25T18:45:00.000,I 285,I 285 and Glenwood Rd,,Rear End,3,Cloudy,Dry,Dark-Not Lighted
2023-07-19T07:00:00.000,I 285,I 285 and Glenwood Rd,,Rear End,2,Clear,Dry,Daylight
2023-08-23T15:20:00.000,I 285,I 285 and Glenwood Rd,,Rear End,2,Clear,Dry,Daylight
2023-02-25T00:30:00.000,I 285,I 285 and Glenwood Rd,,Sideswipe-Same Direction,2,Clear,Dry,Dark-Lighted
2023-03-22T09:28:00.000,I 285,I 285 and Glenwood Rd,,Rear End,2,Cloudy,Dry,Daylight
2023-08-11T08:46:00.000,I 285,I 285 and Glenwood Rd,,Rear End,2,Severe Thunderstorm or Tornadic,Wet,Daylight
2023-08-31T00:00:00.000,I 285,I 285 and Glenwood Rd,,Rear End,2,Clear,Dry,Dark-Lighted
2023-05-26T02:36:00.000,I 285,I 285 and Glenwood Rd,,Sideswipe-Same Direction,2,Clear,Dry,Dark-Not Lighted
2023-04-23T10:35:00.000,I 285,I 285 and Glenwood Rd,,Rear End,2,Clear,Dry,Dark-Not Lighted
2023-07-10T00:00:00.000,I 285,I 285 and Glenwood Rd,,Rear End,2,Clear,Dry,Daylight
2023-05-23T02:20:00.000,I 285,I 285 and Glenwood Rd,,Not a Collision with Motor Vehicle,2,Cloudy,Dry,Dark-Lighted
2023-07-19T06:30:00.000,I 285,I 285 and Glenwood Rd,,Sideswipe-Same Direction,2,Clear,Dry,Daylight
2023-07-09T02:05:00.000,I 285,I 285 and Glenwood Rd,,Sideswipe-Same Direction,2,Clear,Dry,Dark-Not Lighted
2023-08-09T15:55:00.000,I 285,I 285 and Glenwood Rd,,Sideswipe-Same Direction,2,Clear,Dry,Daylight
2023-08-31T22:34:00.000,I 285,I 285 and Glenwood Rd,,Rear End,2,Clear,Dry,Dark-Lighted
2023-03-09T11:55:00.000,I 285,I 285 and Glenwood Rd,,Sideswipe-Same Direction,2,Clear,Dry,Daylight
2023-11-11T04:45:00.000,I 285,I 285 and Glenwood Rd,,Rear End,3,Rain,Wet,Daylight
2023-05-15T21:57:00.000,I 285,I 285 and Glenwood Rd,,Rear End,2,Clear,Dry,Dark-Not Lighted
2023-09-29T07:00:00.000,I 285,I 285 and Glenwood Rd,,Rear End,2,Clear,Dry,Dark-Lighted
2023-02-10T04:40:00.000,I 285,I 285 and Glenwood Rd,,Rear End,2,Cloudy,Dry,Dark-Not Lighted
2023-12-05T14:30:00.000,I 285,I 285 and Glenwood Rd,,Sideswipe-Same Direction,2,Clear,Dry,Daylight
2023-11-30T09:21:00.000,I 285,I 285 and Glenwood Rd,,Angle Crash,2,Clear,Dry,Daylight
2023-05-06T23:30:00.000,I 285,I 285 and Glenwood Rd,,Rear End,2,Clear,Dry,Dark-Lighted
2023-11-22T22:15:00.000,I 285,I 285 and Glenwood Rd,,Rear End,2,Clear,Dry,Dark-Lighted
2023-08-05T16:00:00.000,I 285,I 285 and Glenwood Rd,,Sideswipe-Same Direction,2,Clear,Dry,Daylight
2023-12-17T00:00:00.000,I 285,I 285 and Glenwood Rd,,Sideswipe-Same Direction,2,Rain,Wet,Dark-Lighted