Date and Time,Roadway (From Crash Report),Intersection Name (from Crash Report),KABCO Severity,Manner of Collision (Crash Level) ,# of Vehicles per crash ,Weather Conditions (Crash Level),Surface Condition (Crash Level) ,Light Conditions (Crash Level)
2023-12-11T15:42:00.000,I 285,I 285 and Glenwood Rd,,Rear End,2,Clear,Dry,Daylight
2022-11-09T08:03:00.000,I 285,I 285 and Glenwood Rd,,Rear End,2,Clear,Dry,Daylight
2022-06-25T11:20:00.000,I 285,I 285 and Glenwood Rd,,Sideswipe-Same Direction,2,Clear,Dry,Daylight
2022-01-20T07:45:00.000,I 285,I 285 and Glenwood Rd,,Rear End,2,Rain,Wet,Daylight
2022-06-01T09:00:00.000,I 285,I 285 and Glenwood Rd,,Rear End,2,Clear,Dry,Daylight
2022-04-07T23:00:00.000,I 285,I 285 and Glenwood Rd,,Sideswipe-Same Direction,2,Clear,Dry,Dark-Not Lighted
2022-08-25T10:30:00.000,I 285,I 285 and Glenwood Rd,,Rear End,2,Clear,Dry,Daylight
2022-09-22T22:10:00.000,I 285,I 285 and Glenwood Rd,,Rear End,3,Clear,Dry,Dark-Not Lighted
2022-11-29T21:35:00.000,I 285,I 285 and Glenwood Rd,,Sideswipe-Same Direction,2,Rain,Wet,Dark-Not Lighted
2021-10-06T07:20:00.000,I 285,I 285 and Glenwood Rd,,Rear End,3,Clear,Dry,Daylight
2022-06-10T16:20:00.000,I 285,I 285 and Glenwood Rd,,Rear End,2,Clear,Dry,Daylight
2023-08-16T21:00:00.000,I 285,I 285 and Glenwood Rd,,Rear End,2,Clear,Dry,Dark-Lighted
2020-11-30T00:55:00.000,I 285,I 285 and Glenwood Rd,,Angle Crash,2,Rain,Wet,Dark-Not Lighted
2020-08-12T09:35:00.000,I 285,I 285 and Glenwood Rd,,Rear End,2,Clear,Dry,Daylight
2020-12-16T17:37:00.000,I 285,I 285 and Glenwood Rd,,Rear End,3,Cloudy,Wet,Dark-Lighted
2020-01-11T17:00:00.000,I 285,I 285 and Glenwood Rd,,Sideswipe-Same Direction,2,Rain,Wet,Daylight
2020-04-12T12:35:00.000,I 285,I 285 and Glenwood Rd,,Angle Crash,2,Cloudy,Wet,Daylight
2020-10-29T02:40:00.000,I 285,I 285 and Glenwood Rd,,Not a Collision with Motor Vehicle,1,Rain,Wet,Dark-Not Lighted
2020-09-26T16:30:00.000,I 285,I 285 and Glenwood Rd,,Rear End,3,Clear,Dry,Daylight
2020-08-19T21:05:00.000,I 285,I 285 and Glenwood Rd,,Angle Crash,3,Rain,Wet,Dark-Lighted
2020-03-02T15:45:00.000,I 285,I 285 and Glenwood Rd,,Rear End,2,Rain,Wet,Daylight
2020-10-28T01:00:00.000,I 285,I 285 and Glenwood Rd,,Angle Crash,2,Rain,Wet,Dark-Not Lighted
2020-07-02T11:00:00.000,I 285,I 285 and Glenwood Rd,,Not a Collision with Motor Vehicle,1,Clear,Dry,Daylight
2020-09-06T18:30:00.000,I 285,I 285 and Glenwood Rd,,Sideswipe-Same Direction,2,Clear,Dry,Daylight
2020-01-10T17:45:00.000,I 285,I 285 and Glenwood Rd,,Sideswipe-Same Direction,2,Clear,Dry,Daylight
2020-10-29T05:20:00.000,I 285,I 285 and Glenwood Rd,,Not a Collision with Motor Vehicle,1,Rain,Wet,Dark-Not Lighted
2020-06-30T15:28:00.000,I 285,I 285 and Glenwood Rd,,Rear End,2,Clear,Dry,Daylight
2020-12-12T09:05:00.000,I 285,I 285 and Glenwood Rd,,Not a Collision with Motor Vehicle,1,Clear,Dry,Daylight
2020-08-23T18:35:00.000,I 285,I 285 and Glenwood Rd,,Rear End,2,Clear,Dry,Daylight
2020-11-26T21:50:00.000,I 285,I 285 and Glenwood Rd,,Rear End,2,Clear,Dry,Dark-Not Lighted
2020-04-19T20:28:00.000,I 285,I 285 and Glenwood Rd,,Rear End,2,Rain,Wet,Dark-Not Lighted
2020-08-01T14:20:00.000,I 285,I 285 and Glenwood Rd,,Rear End,2,Clear,Dry,Daylight
2020-05-23T16:07:00.000,I 285,I 285 and Glenwood Rd,,Sideswipe-Same Direction,2,Clear,Dry,Daylight
2020-07-17T14:30:00.000,I 285,I 285 and Glenwood Rd,,Not a Collision with Motor Vehicle,1,Clear,Dry,Daylight
2020-12-28T16:20:00.000,I 285,I 285 and Glenwood Rd,,Rear End,3,Clear,Dry,Daylight
2020-02-10T06:30:00.000,I 285,I 285 and Glenwood Rd,,Rear End,2,Clear,Dry,Dark-Not Lighted
2020-02-11T08:20:00.000,I 285,I 285 and Glenwood Rd,,Head On,2,Clear,Dry,Daylight
2020-11-11T13:00:00.000,I 285,I 285 and Glenwood Rd,,Rear End,2,Rain,Wet,Daylight
2020-02-20T00:00:00.000,I 285,I 285 and Glenwood Rd,,Sideswipe-Same Direction,2,Rain,Wet,Dawn
2020-12-21T14:30:00.000,I 285,I 285 and Glenwood Rd,,Angle Crash,3,Clear,Dry,Daylight
2020-10-17T09:45:00.000,I 285,I 285 and Glenwood Rd,,Sideswipe-Same Direction,2,Clear,Dry,Dark-Not Lighted
2020-07-26T23:28:00.000,I 285,I 285 and Glenwood Rd,,Sideswipe-Same Direction,2,Clear,Dry,Dark-Not Lighted
2020-05-30T22:17:00.000,I 285,I 285 and Glenwood Rd,,Not a Collision with Motor Vehicle,1,Clear,Dry,Dark-Not Lighted
2020-03-07T12:00:00.000,I 285,I 285 and Glenwood Rd,,Rear End,3,Clear,Dry,Daylight
2020-05-19T15:18:00.000,I 285,I 285 and Glenwood Rd,,Rear End,2,Clear,Dry,Daylight
2020-04-19T20:28:00.000,I 285,I 285 and Glenwood Rd,,Not a Collision with Motor Vehicle,1,Rain,Wet,Dark-Not Lighted
2020-02-24T16:30:00.000,I 285,I 285 and Glenwood Rd,,Angle Crash,2,Rain,Wet,Daylight
2020-11-30T00:55:00.000,I 285,I 285 and Glenwood Rd,,Angle Crash,2,Rain,Wet,Dark-Not Lighted
2020-06-11T16:14:00.000,I 285,I 285 and Glenwood Rd,,Rear End,2,Clear,Dry,Dusk
2020-12-16T07:20:00.000,I 285,I 285 and Glenwood Rd,,Rear End,2,Rain,Wet,Dawn
2020-07-25T15:45:00.000,I 285,I 285 and Glenwood Rd,,Rear End,2,Rain,Wet,Daylight
2020-09-29T11:20:00.000,I 285,I 285 and Glenwood Rd,,Angle Crash,2,Rain,Wet,Daylight
2020-01-12T18:27:00.000,I 285,I 285 and Glenwood Rd,,Rear End,2,Clear,Dry,Dark-Not Lighted
2020-01-02T15:10:00.000,I 285,I 285 and Glenwood Rd,,Sideswipe-Same Direction,2,Rain,Water (standing or moving),Daylight
2020-12-13T21:17:00.000,I 285,I 285 and Glenwood Rd,,Angle Crash,2,Clear,Dry,Dark-Not Lighted
2020-02-14T00:00:00.000,I 285,I 285 and Glenwood Rd,,Sideswipe-Same Direction,2,Clear,Dry,Daylight
2020-01-10T18:30:00.000,I 285,I 285 and Glenwood Rd,,Sideswipe-Same Direction,2,Clear,Dry,Dark-Lighted
2020-07-27T18:00:00.000,I 285,I 285 and Glenwood Rd,,Not a Collision with Motor Vehicle,1,Clear,Dry,Daylight
2020-11-06T14:40:00.000,I 285,I 285 and Glenwood Rd,,Rear End,2,Clear,Dry,Daylight
2020-11-12T05:35:00.000,I 285,I 285 and Glenwood Rd,,Sideswipe-Same Direction,2,Clear,Dry,Dark-Lighted
2020-03-23T21:10:00.000,I 285,I 285 and Glenwood Rd,,Angle Crash,3,Rain,Wet,Dark-Not Lighted
2020-04-06T10:15:00.000,I 285,I 285 and Glenwood Rd,,Sideswipe-Same Direction,2,Clear,Dry,Daylight
2020-04-19T20:28:00.000,I 285,I 285 and Glenwood Rd,,Rear End,2,Rain,Wet,Dusk
2020-11-02T17:00:00.000,I 285,I 285 and Glenwood Rd,,Angle Crash,2,Clear,Dry,Dark-Lighted
2020-02-12T13:55:00.000,I 285,I 285 and Glenwood Rd,,Rear End,2,Cloudy,Dry,Daylight
2020-10-30T19:10:00.000,I 285,I 285 and Glenwood Rd,,Rear End,2,Clear,Dry,Dark-Lighted
2020-02-14T12:55:00.000,I 285,I 285 and Glenwood Rd,,Rear End,3,Clear,Dry,Daylight
2020-10-18T16:05:00.000,I 285,I 285 and Glenwood Rd,,Rear End,2,Clear,Dry,Daylight
2020-01-09T12:50:00.000,I 285,I 285 and Glenwood Rd,,Sideswipe-Same Direction,2,Clear,Dry,Daylight
2020-01-18T14:44:00.000,I 285,I 285 and Glenwood Rd,,Rear End,2,Rain,Wet,Daylight
2020-11-28T17:10:00.000,I 285,I 285 and Glenwood Rd,,Sideswipe-Same Direction,2,Clear,Dry,Daylight
2020-12-12T23:00:00.000,I 285,I 285 and Glenwood Rd,,Sideswipe-Same Direction,2,Clear,Dry,Dark-Lighted
2020-03-11T10:00:00.000,I 285,I 285 and Glenwood Rd,,Not a Collision with Motor Vehicle,1,Clear,Dry,Daylight
2020-03-24T17:31:00.000,I 285,I 285 and Glenwood Rd,,Sideswipe-Same Direction,2,Clear,Dry,Daylight
2020-02-21T14:00:00.000,I 285,I 285 and Glenwood Rd,,Sideswipe-Opposite Direction,2,Clear,Dry,Daylight
2020-12-23T10:32:00.000,I 285,I 285 and Glenwood Rd,,Rear End,2,Clear,Dry,Daylight
2020-01-10T18:45:00.000,I 285,I 285 and Glenwood Rd,,Sideswipe-Same Direction,2,Clear,Dry,Dark-Lighted
2020-09-12T09:45:00.000,I 285,I 285 and Glenwood Rd,,Rear End,2,Clear,Dry,Daylight
2020-02-15T14:35:00.000,I 285,I 285 and Glenwood Rd,,Rear End,2,Clear,Dry,Daylight
2020-01-05T13:00:00.000,I 285,I 285 and Glenwood Rd,,Not a Collision with Motor Vehicle,1,Clear,Dry,Daylight
2020-08-30T12:40:00.000,I 285,I 285 and Glenwood Rd,,Sideswipe-Same Direction,2,Clear,Dry,Daylight
2020-02-21T08:16:00.000,I 285,I 285 and Glenwood Rd,,Rear End,3,Clear,Dry,Daylight
2020-07-02T16:55:00.000,I 285,I 285 and Glenwood Rd,,Rear End,2,Clear,Wet,Daylight
2020-07-10T03:10:00.000,I 285,I 285 and Glenwood Rd,,Sideswipe-Same Direction,2,Clear,Wet,Dark-Lighted
2020-03-15T13:50:00.000,I 285,I 285 and Glenwood Rd,,Not a Collision with Motor Vehicle,1,Rain,Wet,Daylight
2020-08-26T13:30:00.000,I 285,I 285 and Glenwood Rd,,Sideswipe-Same Direction,2,Clear,Dry,Daylight
2020-11-22T10:06:00.000,I 285,I 285 and Glenwood Rd,,Sideswipe-Same Direction,2,Clear,Dry,Daylight
2020-06-24T14:57:00.000,I 285,I 285 and Glenwood Rd,,Rear End,2,Clear,Dry,Daylight
2020-02-18T19:54:00.000,I 285,I 285 and Glenwood Rd,,Not a Collision with Motor Vehicle,1,Rain,Wet,Dark-Not Lighted
2020-11-07T18:36:00.000,I 285,I 285 and Glenwood Rd,,Sideswipe-Same Direction,2,Clear,Dry,Dark-Lighted
2020-08-17T02:25:00.000,I 285,I 285 and Glenwood Rd,,Sideswipe-Same Direction,2,Clear,Dry,Dark-Not Lighted
2020-08-22T23:50:00.000,I 285,I 285 and Glenwood Rd,,Rear End,2,Clear,Dry,Dark-Not Lighted
2020-12-12T10:42:00.000,I 285,I 285 and Glenwood Rd,,Rear End,2,Clear,Dry,Daylight
2020-05-21T17:20:00.000,I 285,I 285 and Glenwood Rd,,Rear End,2,Clear,Dry,Daylight
2020-11-09T08:21:00.000,I 285,I 285 and Glenwood Rd,,Not a Collision with Motor Vehicle,1,Clear,Dry,Daylight
2020-03-31T14:41:00.000,I 285,I 285 and Glenwood Rd,,Sideswipe-Same Direction,2,Cloudy,Dry,Daylight
2020-01-29T11:40:00.000,I 285,I 285 and Glenwood Rd,,Sideswipe-Same Direction,2,Clear,Dry,Daylight
2021-04-18T12:15:00.000,I 285,I 285 and Glenwood Rd,,Angle Crash,2,Clear,Dry,Daylight
2021-06-30T11:17:00.000,I 285,I 285 and Glenwood Rd,,Angle Crash,2,Clear,Dry,Daylight
2021-04-08T15:35:00.000,I 285,I 285 and Glenwood Rd,,Rear End,2,Clear,Dry,Daylight
2021-04-16T20:50:00.000,I 285,I 285 and Glenwood Rd,,Rear End,2,Clear,Dry,Dark-Lighted
2021-05-07T18:20:00.000,I 285,I 285 and Glenwood Rd,,Rear End,3,Clear,Dry,Daylight
2021-02-18T06:05:00.000,I 285,I 285 and Glenwood Rd,,Sideswipe-Same Direction,2,Rain,Wet,Dark-Not Lighted
2021-01-11T12:41:00.000,I 285,I 285 and Glenwood Rd,,Sideswipe-Same Direction,2,Rain,Wet,Daylight
2021-05-24T08:00:00.000,I 285,I 285 and Glenwood Rd,,Rear End,2,Clear,Dry,Daylight
2021-01-04T08:50:00.000,I 285,I 285 and Glenwood Rd,,Rear End,2,Clear,Dry,Daylight
2021-05-27T16:22:00.000,I 285,I 285 and Glenwood Rd,,Angle Crash,2,Clear,Dry,Daylight
2021-02-02T13:09:00.000,I 285,I 285 and Glenwood Rd,,Rear End,2,Clear,Dry,Daylight
2021-05-16T10:39:00.000,I 285,I 285 and Glenwood Rd,,Angle Crash,2,Clear,Dry,Dark-Not Lighted
2021-06-05T06:45:00.000,I 285,I 285 and Glenwood Rd,,Rear End,2,Clear,Dry,Daylight
2021-05-16T11:56:00.000,I 285,I 285 and Glenwood Rd,,Not a Collision with Motor Vehicle,1,Clear,Dry,Daylight
2021-04-10T16:04:00.000,I 285,I 285 and Glenwood Rd,,Rear End,2,Cloudy,Dry,Daylight
2021-06-05T16:38:00.000,I 285,I 285 and Glenwood Rd,,Rear End,2,Clear,Dry,Daylight
2021-02-21T03:05:00.000,I 285,I 285 and Glenwood Rd,,Rear End,2,Clear,Dry,Dark-Not Lighted
2021-04-05T12:59:00.000,I 285,I 285 and Glenwood Rd,,Sideswipe-Same Direction,2,Clear,Dry,Daylight
2021-01-08T13:28:00.000,I 285,I 285 and Glenwood Rd,,Not a Collision with Motor Vehicle,2,Cloudy,Wet,Daylight
2021-04-21T20:10:00.000,I 285,I 285 and Glenwood Rd,,Rear End,2,Clear,Dry,Dark-Lighted
2021-03-08T11:26:00.000,I 285,I 285 and Glenwood Rd,,Sideswipe-Same Direction,2,Clear,Dry,Daylight
2021-06-28T16:12:00.000,I 285,I 285 and Glenwood Rd,,Sideswipe-Same Direction,2,Clear,Dry,Daylight
2021-06-12T17:49:00.000,I 285,I 285 and Glenwood Rd,,Sideswipe-Same Direction,2,Clear,Wet,Daylight
2021-06-19T08:30:00.000,I 285,I 285 and Glenwood Rd,,Not a Collision with Motor Vehicle,2,Clear,Dry,Daylight
2021-01-20T21:00:00.000,I 285,I 285 and Glenwood Rd,,Sideswipe-Same Direction,2,Clear,Dry,Dark-Not Lighted
2021-01-04T23:02:00.000,I 285,I 285 and Glenwood Rd,,Not a Collision with Motor Vehicle,1,Cloudy,Dry,Dark-Not Lighted
2021-05-09T17:47:00.000,I 285,I 285 and Glenwood Rd,,Rear End,2,Clear,Dry,Daylight
2021-03-22T08:00:00.000,I 285,I 285 and Glenwood Rd,,Rear End,2,Clear,Dry,Daylight
2021-05-21T23:00:00.000,I 285,I 285 and Glenwood Rd,,Rear End,3,Clear,Dry,Dark-Lighted
2021-07-13T17:10:00.000,I 285,I 285 and Glenwood Rd,,Sideswipe-Same Direction,2,Clear,Dry,Daylight
2021-12-26T16:34:00.000,I 285,I 285 and Glenwood Rd,,Sideswipe-Same Direction,2,Clear,Dry,Daylight
2021-08-10T14:50:00.000,I 285,I 285 and Glenwood Rd,,Rear End,2,Clear,Dry,Daylight
2021-11-27T19:00:00.000,I 285,I 285 and Glenwood Rd,,Not a Collision with Motor Vehicle,1,Clear,Dry,Dark-Not Lighted
2021-09-12T22:36:00.000,I 285,I 285 and Glenwood Rd,,Rear End,3,Clear,Dry,Dark-Lighted
2021-11-11T05:57:00.000,I 285,I 285 and Glenwood Rd,,Angle Crash,2,Clear,Dry,Dark-Not Lighted
2021-12-11T20:25:00.000,I 285,I 285 and Glenwood Rd,,Rear End,2,Rain,Wet,Dark-Not Lighted
2021-12-17T15:00:00.000,I 285,I 285 and Glenwood Rd,,Rear End,2,Clear,Dry,Daylight
2021-07-06T08:45:00.000,I 285,I 285 and Glenwood Rd,,Rear End,2,Clear,Dry,Daylight
2021-11-02T08:12:00.000,I 285,I 285 and Glenwood Rd,,Rear End,2,Clear,Dry,Daylight
2021-10-24T12:40:00.000,I 285,I 285 and Glenwood Rd,,Not a Collision with Motor Vehicle,2,Clear,Dry,Daylight
2021-07-31T16:21:00.000,I 285,I 285 and Glenwood Rd,,Rear End,2,Clear,Dry,Daylight
2021-10-05T04:23:00.000,I 285,I 285 and Glenwood Rd,,Not a Collision with Motor Vehicle,1,Rain,Water (standing or moving),Dark-Not Lighted
2021-09-09T15:13:00.000,I 285,I 285 and Glenwood Rd,,Rear End,2,Clear,Dry,Daylight
2021-10-16T15:00:00.000,I 285,I 285 and Glenwood Rd,,Rear End,2,Clear,Dry,Daylight
2021-09-24T16:00:00.000,I 285,I 285 and Glenwood Rd,,Sideswipe-Same Direction,2,Clear,Dry,Dark-Lighted
2021-12-17T18:45:00.000,I 285,I 285 and Glenwood Rd,,Rear End,2,Clear,Dry,Dusk
2021-11-21T18:35:00.000,I 285,I 285 and Glenwood Rd,,Rear End,2,Clear,Dry,Dark-Lighted
2021-11-16T19:00:00.000,I 285,I 285 and Glenwood Rd,,Sideswipe-Same Direction,2,Clear,Dry,Dark-Lighted
2021-10-28T06:00:00.000,I 285,I 285 and Glenwood Rd,,Rear End,2,Rain,Wet,Dark-Not Lighted
2021-07-08T08:33:00.000,I 285,I 285 and Glenwood Rd,,Rear End,3,Clear,Dry,Daylight
2021-10-21T18:45:00.000,I 285,I 285 and Glenwood Rd,,Rear End,2,Clear,Dry,Dark-Lighted
2021-07-20T07:40:00.000,I 285,I 285 and Glenwood Rd,,Not a Collision with Motor Vehicle,1,Rain,Wet,Daylight
2021-12-11T19:05:00.000,I 285,I 285 and Glenwood Rd,,Rear End,2,Rain,Wet,Dark-Not Lighted
2021-09-15T08:59:00.000,I 285,I 285 and Glenwood Rd,,Sideswipe-Same Direction,2,Clear,Dry,Daylight
2021-08-14T17:20:00.000,I 285,I 285 and Glenwood Rd,,Angle Crash,2,Cloudy,Wet,Daylight
2021-07-03T00:24:00.000,I 285,I 285 and Glenwood Rd,,Rear End,2,Clear,Dry,Dark-Not Lighted
2021-11-17T19:26:00.000,I 285,I 285 and Glenwood Rd,,Rear End,2,Clear,Dry,Daylight
2021-12-23T03:46:00.000,I 285,I 285 and Glenwood Rd,,Angle Crash,2,Clear,Dry,Dark-Not Lighted
2021-10-05T05:00:00.000,I 285,I 285 and Glenwood Rd,,Rear End,2,Rain,Wet,Dark-Lighted
2021-07-01T23:00:00.000,I 285,I 285 and Glenwood Rd,,Sideswipe-Same Direction,2,Clear,Dry,Dark-Lighted
2021-11-08T21:15:00.000,I 285,I 285 and Glenwood Rd,,Not a Collision with Motor Vehicle,1,Clear,Dry,Dark-Not Lighted
2021-11-27T16:25:00.000,I 285,I 285 and Glenwood Rd,,Rear End,2,Clear,Dry,Daylight
2021-09-05T17:30:00.000,I 285,I 285 and Glenwood Rd,,Sideswipe-Same Direction,2,Clear,Dry,Daylight
2021-12-13T12:00:00.000,I 285,I 285 and Glenwood Rd,,Angle Crash,2,Clear,Dry,Daylight
2022-05-03T23:35:00.000,I 285,I 285 and Glenwood Rd,,Not a Collision with Motor Vehicle,1,Clear,Dry,Dark-Not Lighted
2022-12-01T16:33:00.000,I 285,I 285 and Glenwood Rd,,Sideswipe-Same Direction,2,Clear,Dry,Daylight
2022-07-16T10:30:00.000,I 285,I 285 and Glenwood Rd,,Rear End,2,Clear,Dry,Dark-Not Lighted
2022-02-15T10:50:00.000,I 285,I 285 and Glenwood Rd,,Angle Crash,2,Clear,Dry,Daylight
2022-11-20T06:45:00.000,I 285,I 285 and Glenwood Rd,,Rear End,2,Clear,Dry,Dark-Lighted
2022-02-21T16:00:00.000,I 285,I 285 and Glenwood Rd,,Sideswipe-Same Direction,3,Rain,Wet,Daylight
2021-10-13T10:54:00.000,I 285,I 285 and Glenwood Rd,,Rear End,4,Clear,Dry,Daylight
2021-11-16T19:08:00.000,I 285,I 285 and Glenwood Rd,,Sideswipe-Same Direction,2,Clear,Dry,Dark-Not Lighted
2021-07-23T19:30:00.000,I 285,I 285 and Glenwood Rd,,Rear End,2,Rain,Wet,Daylight
2021-10-02T16:20:00.000,I 285,I 285 and Glenwood Rd,,Sideswipe-Same Direction,2,Clear,Dry,Daylight
2021-09-05T17:27:00.000,I 285,I 285 and Glenwood Rd,,Sideswipe-Same Direction,3,Clear,Dry,Daylight
2021-10-28T11:08:00.000,I 285,I 285 and Glenwood Rd,,Not a Collision with Motor Vehicle,1,Rain,Wet,Daylight
2021-09-17T09:33:00.000,I 285,I 285 and Glenwood Rd,,Sideswipe-Same Direction,2,Cloudy,Wet,Daylight
2021-12-28T17:50:00.000,I 285,I 285 and Glenwood Rd,,Rear End,2,Cloudy,Dry,Dark-Not Lighted
2021-10-01T14:25:00.000,I 285,I 285 and Glenwood Rd,,Sideswipe-Same Direction,2,Clear,Dry,Daylight
2021-10-13T13:53:00.000,I 285,I 285 and Glenwood Rd,,Rear End,2,Clear,Dry,Daylight
2021-09-02T08:30:00.000,I 285,I 285 and Glenwood Rd,,Angle Crash,2,Clear,Dry,Daylight
2021-10-05T09:00:00.000,I 285,I 285 and Glenwood Rd,,Rear End,2,Rain,Wet,Daylight
2021-12-13T15:45:00.000,I 285,I 285 and Glenwood Rd,,Sideswipe-Same Direction,2,Clear,Dry,Daylight
2021-07-22T11:45:00.000,I 285,I 285 and Glenwood Rd,,Angle Crash,2,Clear,Dry,Daylight
2021-12-14T18:10:00.000,I 285,I 285 and Glenwood Rd,,Rear End,2,Clear,Dry,Dark-Not Lighted
2022-05-13T08:50:00.000,I 285,I 285 and Glenwood Rd,,Rear End,2,Clear,Dry,Daylight
2022-11-28T18:00:00.000,I 285,I 285 and Glenwood Rd,,Rear End,4,Clear,Dry,Dark-Not Lighted
2022-06-09T09:54:00.000,I 285,I 285 and Glenwood Rd,,Sideswipe-Same Direction,2,Clear,Dry,Daylight
2022-08-11T06:25:00.000,I 285,I 285 and Glenwood Rd,,Rear End,2,Clear,Dry,Daylight
2022-08-29T11:44:00.000,I 285,I 285 and Glenwood Rd,,Sideswipe-Same Direction,3,Clear,Dry,Daylight
2022-09-20T07:06:00.000,I 285,I 285 and Glenwood Rd,,Rear End,2,Clear,Dry,Daylight
2022-05-04T13:40:00.000,I 285,I 285 and Glenwood Rd,,Rear End,2,Cloudy,Dry,Daylight
2022-03-27T13:52:00.000,I 285,I 285 and Glenwood Rd,,Rear End,2,Clear,Dry,Daylight
2022-09-24T12:50:00.000,I 285,I 285 and Glenwood Rd,,Rear End,2,Clear,Dry,Daylight
2022-09-17T21:31:00.000,I 285,I 285 and Glenwood Rd,,Rear End,2,Clear,Dry,Dark-Not Lighted
2022-11-10T21:10:00.000,I 285,I 285 and Glenwood Rd,,Sideswipe-Same Direction,2,Rain,Wet,Dark-Not Lighted
2022-11-02T20:03:00.000,I 285,I 285 and Glenwood Rd,,Rear End,2,Clear,Dry,Dark-Not Lighted
2022-03-11T15:15:00.000,I 285,I 285 and Glenwood Rd,,Rear End,2,Cloudy,Dry,Daylight
2022-08-25T11:55:00.000,I 285,I 285 and Glenwood Rd,,Sideswipe-Same Direction,2,Clear,Dry,Daylight
2022-07-20T22:30:00.000,I 285,I 285 and Glenwood Rd,,Not a Collision with Motor Vehicle,2,Clear,Dry,Dark-Not Lighted
2022-02-07T09:00:00.000,I 285,I 285 and Glenwood Rd,,Not a Collision with Motor Vehicle,2,Cloudy,Dry,Daylight
2022-09-30T15:57:00.000,I 285,I 285 and Glenwood Rd,,Rear End,2,Clear,Dry,Daylight
2022-02-23T09:35:00.000,I 285,I 285 and Glenwood Rd,,Rear End,2,Rain,Wet,Daylight
2022-05-05T16:01:00.000,I 285,I 285 and Glenwood Rd,,Rear End,2,Clear,Dry,Daylight
2022-12-01T19:08:00.000,I 285,I 285 and Glenwood Rd,,Sideswipe-Same Direction,2,Clear,Dry,Dark-Not Lighted
2022-03-25T14:07:00.000,I 285,I 285 and Glenwood Rd,,Sideswipe-Same Direction,2,Clear,Dry,Daylight
2022-04-29T14:55:00.000,I 285,I 285 and Glenwood Rd,,Rear End,2,Clear,Dry,Daylight
2022-10-06T07:12:00.000,I 285,I 285 and Glenwood Rd,,Rear End,5,Clear,Dry,Dawn
2022-11-13T15:45:00.000,I 285,I 285 and Glenwood Rd,,Rear End,2,Clear,Dry,Daylight
2022-06-03T14:51:00.000,I 285,I 285 and Glenwood Rd,,Rear End,2,Clear,Dry,Daylight
2022-07-18T14:30:00.000,I 285,I 285 and Glenwood Rd,,Rear End,2,Clear,Dry,Daylight
2022-04-30T16:40:00.000,I 285,I 285 and Glenwood Rd,,Rear End,2,Clear,Dry,Daylight
2022-11-29T10:10:00.000,I 285,I 285 and Glenwood Rd,,Sideswipe-Same Direction,2,Clear,Dry,Daylight
2022-03-23T18:15:00.000,I 285,I 285 and Glenwood Rd,,Angle Crash,2,Cloudy,Dry,Daylight
2022-04-21T09:00:00.000,I 285,I 285 and Glenwood Rd,,Rear End,2,Clear,Dry,Daylight
2022-03-16T18:40:00.000,I 285,I 285 and Glenwood Rd,,Rear End,2,Rain,Wet,Daylight
2021-10-12T16:47:00.000,I 285,I 285 and Glenwood Rd,,Rear End,2,Clear,Dry,Daylight
2021-10-29T21:35:00.000,I 285,I 285 and Glenwood Rd,,Not a Collision with Motor Vehicle,1,Rain,Wet,Dark-Not Lighted
2021-10-06T17:51:00.000,I 285,I 285 and Glenwood Rd,,Sideswipe-Same Direction,2,Clear,Dry,Daylight
2021-11-05T19:05:00.000,I 285,I 285 and Glenwood Rd,,Rear End,2,Clear,Dry,Dark-Lighted
2021-12-08T07:30:00.000,I 285,I 285 and Glenwood Rd,,Not a Collision with Motor Vehicle,1,Rain,Wet,Dark-Not Lighted
2021-07-14T13:06:00.000,I 285,I 285 and Glenwood Rd,,Rear End,2,Clear,Dry,Daylight
2021-09-15T15:21:00.000,I 285,I 285 and Glenwood Rd,,Rear End,3,Rain,Wet,Daylight
2021-07-16T00:00:00.000,I 285,I 285 and Glenwood Rd,,Angle Crash,2,Clear,Dry,Dark-Lighted
2021-07-22T17:00:00.000,I 285,I 285 and Glenwood Rd,,Rear End,2,Clear,Dry,Daylight
2022-11-13T14:25:00.000,I 285,I 285 and Glenwood Rd,,Rear End,3,Clear,Dry,Daylight
2022-08-11T19:11:00.000,I 285,I 285 and Glenwood Rd,,Sideswipe-Same Direction,2,Clear,Dry,Daylight
2022-07-23T19:53:00.000,I 285,I 285 and Glenwood Rd,,Rear End,2,Clear,Dry,Daylight
2022-02-11T10:00:00.000,I 285,I 285 and Glenwood Rd,,Sideswipe-Same Direction,2,Clear,Dry,Daylight
2022-02-12T18:30:00.000,I 285,I 285 and Glenwood Rd,,Sideswipe-Same Direction,2,Clear,Dry,Dark-Lighted
2022-07-17T13:45:00.000,I 285,I 285 and Glenwood Rd,,Sideswipe-Same Direction,2,Clear,Dry,Daylight
2022-09-10T00:01:00.000,I 285,I 285 and Glenwood Rd,,Not a Collision with Motor Vehicle,2,Rain,Wet,Dark-Not Lighted
2022-10-22T21:00:00.000,I 285,I 285 and Glenwood Rd,,Rear End,2,Clear,Dry,Dark-Not Lighted
2022-09-14T19:20:00.000,I 285,I 285 and Glenwood Rd,,Sideswipe-Same Direction,2,Clear,Dry,Daylight