Date and Time,Roadway (From Crash Report),Intersection Name (from Crash Report),KABCO Severity,Manner of Collision (Crash Level) ,# of Vehicles per crash ,Weather Conditions (Crash Level),Surface Condition (Crash Level) ,Light Conditions (Crash Level)
2022-03-21T13:15:00.000,I 285,I 285 and Glenwood Rd,,Sideswipe-Same Direction,2,Clear,Dry,Daylight
2022-07-06T00:00:00.000,I 285,I 285 and Glenwood Rd,,Rear End,3,Cloudy,Dry,Daylight
2022-02-12T22:51:00.000,I 285,I 285 and Glenwood Rd,,Sideswipe-Same Direction,2,Clear,Dry,Dark-Not Lighted
2022-02-16T11:38:00.000,I 285,I 285 and Glenwood Rd,,Sideswipe-Same Direction,2,Clear,Dry,Daylight
2022-10-01T16:00:00.000,I 285,I 285 and Glenwood Rd,,Sideswipe-Same Direction,2,Clear,Dry,Daylight
2022-12-01T09:00:00.000,I 285,I 285 and Glenwood Rd,,Rear End,2,Clear,Dry,Daylight
2022-10-13T16:09:00.000,I 285,I 285 and Glenwood Rd,,Sideswipe-Same Direction,2,Clear,Dry,Daylight
2022-07-18T14:30:00.000,I 285,I 285 and Glenwood Rd,,Rear End,2,Clear,Dry,Daylight
2022-02-09T16:07:00.000,I 285,I 285 and Glenwood Rd,,Rear End,2,Clear,Dry,Daylight
2022-02-04T19:00:00.000,I 285,I 285 and Glenwood Rd,,Rear End,2,Clear,Dry,Dark-Lighted
2022-04-25T07:50:00.000,I 285,I 285 and Glenwood Rd,,Rear End,2,Clear,Dry,Daylight
2022-12-11T02:00:00.000,I 285,I 285 and Glenwood Rd,,Sideswipe-Same Direction,2,Cloudy,Dry,Dark-Not Lighted
2022-10-25T07:18:00.000,I 285,I 285 and Glenwood Rd,,Sideswipe-Same Direction,2,Clear,Dry,Dark-Lighted
2022-12-31T18:31:00.000,I 285,I 285 and Glenwood Rd,,Rear End,2,Cloudy,Dry,Dark-Not Lighted
2022-07-16T10:40:00.000,I 285,I 285 and Glenwood Rd,,Rear End,2,Clear,Dry,Daylight
2022-11-01T14:00:00.000,I 285,I 285 and Glenwood Rd,,Rear End,2,Clear,Dry,Daylight
2022-06-19T21:48:00.000,I 285,I 285 and Glenwood Rd,,Angle Crash,2,Clear,Dry,Dark-Lighted
2022-12-10T13:41:00.000,I 285,I 285 and Glenwood Rd,,Sideswipe-Same Direction,2,Cloudy,Dry,Daylight
2022-11-28T15:30:00.000,I 285,I 285 and Glenwood Rd,,Sideswipe-Same Direction,2,Clear,Dry,Daylight
2022-08-30T08:45:00.000,I 285,I 285 and Glenwood Rd,,Rear End,2,Clear,Dry,Daylight
2022-04-01T23:50:00.000,I 285,I 285 and Glenwood Rd,,Rear End,2,Clear,Dry,Dark-Not Lighted
2022-08-13T09:17:00.000,I 285,I 285 and Glenwood Rd,,Rear End,2,Clear,Dry,Daylight
2022-02-24T20:00:00.000,I 285,I 285 and Glenwood Rd,,Angle Crash,2,Clear,Dry,Dark-Lighted
2022-03-09T07:57:00.000,I 285,I 285 and Glenwood Rd,,Rear End,2,Rain,Wet,Dark-Lighted
2022-07-16T00:30:00.000,I 285,I 285 and Glenwood Rd,,Rear End,2,Clear,Dry,Dark-Not Lighted
2022-02-09T16:20:00.000,I 285,I 285 and Glenwood Rd,,Rear End,2,Clear,Dry,Daylight
2022-01-27T17:55:00.000,I 285,I 285 and Glenwood Rd,,Angle Crash,2,Clear,Dry,Daylight
2022-08-06T16:05:00.000,I 285,I 285 and Glenwood Rd,,Sideswipe-Same Direction,2,Clear,Dry,Daylight
2022-09-16T22:20:00.000,I 285,I 285 and Glenwood Rd,,Rear End,2,Clear,Dry,Dark-Not Lighted
2022-02-23T04:00:00.000,I 285,I 285 and Glenwood Rd,,Not a Collision with Motor Vehicle,1,Clear,Dry,Dark-Lighted
2022-08-27T15:00:00.000,I 285,I 285 and Glenwood Rd,,Rear End,2,Clear,Dry,Daylight
2022-05-08T16:50:00.000,I 285,I 285 and Glenwood Rd,,Sideswipe-Same Direction,2,Clear,Dry,Daylight
2022-09-02T17:31:00.000,I 285,I 285 and Glenwood Rd,,Sideswipe-Same Direction,2,Clear,Dry,Daylight
2022-11-20T18:30:00.000,I 285,I 285 and Glenwood Rd,,Rear End,2,Clear,Dry,Dark-Lighted
2022-06-15T10:45:00.000,I 285,I 285 and Glenwood Rd,,Rear End,2,Clear,Dry,Daylight
2022-05-03T17:46:00.000,I 285,I 285 and Glenwood Rd,,Rear End,3,Clear,Dry,Daylight
2022-11-27T17:30:00.000,I 285,I 285 and Glenwood Rd,,Rear End,2,Clear,Dry,Dark-Not Lighted
2022-11-29T21:50:00.000,I 285,I 285 and Glenwood Rd,,Head On,2,Rain,Wet,Dark-Not Lighted
2022-08-23T14:05:00.000,I 285,I 285 and Glenwood Rd,,Rear End,2,Clear,Dry,Daylight
2022-10-24T07:55:00.000,I 285,I 285 and Glenwood Rd,,Not a Collision with Motor Vehicle,3,Clear,Dry,Daylight
2022-10-11T07:30:00.000,I 285,I 285 and Glenwood Rd,,Rear End,2,Clear,Dry,Daylight
2022-09-06T16:41:00.000,I 285,I 285 and Glenwood Rd,,Sideswipe-Same Direction,2,Clear,Dry,Daylight
2022-04-25T11:08:00.000,I 285,I 285 and Glenwood Rd,,Rear End,2,Clear,Dry,Daylight
2022-12-08T19:30:00.000,I 285,I 285 and Glenwood Rd,,Rear End,2,Clear,Dry,Dark-Not Lighted
2022-03-02T13:00:00.000,I 285,I 285 and Glenwood Rd,,Rear End,3,Clear,Dry,Daylight
2022-10-27T21:00:00.000,I 285,I 285 and Glenwood Rd,,Angle Crash,2,Clear,Dry,Dark-Lighted
2022-10-21T09:05:00.000,I 285,I 285 and Glenwood Rd,,Rear End,2,Clear,Dry,Daylight
2022-12-12T20:50:00.000,I 285,I 285 and Glenwood Rd,,Sideswipe-Same Direction,2,Clear,Dry,Dark-Lighted
2022-12-27T09:50:00.000,I 285,I 285 and Glenwood Rd,,Sideswipe-Same Direction,2,Clear,Dry,Daylight
2022-06-01T18:08:00.000,I 285,I 285 and Glenwood Rd,,Rear End,2,Clear,Dry,Daylight
2022-03-15T19:05:00.000,I 285,I 285 and Glenwood Rd,,Rear End,3,Clear,Dry,Daylight
2022-04-07T21:00:00.000,I 285,I 285 and Glenwood Rd,,Not a Collision with Motor Vehicle,1,Clear,Dry,Daylight
2022-04-01T15:03:00.000,I 285,I 285 and Glenwood Rd,,Not a Collision with Motor Vehicle,1,Clear,Dry,Daylight
2022-08-31T16:20:00.000,I 285,I 285 and Glenwood Rd,,Sideswipe-Same Direction,3,Clear,Dry,Daylight
2022-09-15T23:25:00.000,I 285,I 285 and Glenwood Rd,,Not a Collision with Motor Vehicle,1,Clear,Dry,Dark-Lighted
2022-02-20T10:55:00.000,I 285,I 285 and Glenwood Rd,,Angle Crash,2,Clear,Dry,Daylight
2022-07-23T15:20:00.000,I 285,I 285 and Glenwood Rd,,Sideswipe-Same Direction,2,Clear,Dry,Daylight
2022-06-28T07:50:00.000,I 285,I 285 and Glenwood Rd,,Rear End,2,Clear,Dry,Daylight
2022-07-28T21:20:00.000,I 285,I 285 and Glenwood Rd,,Sideswipe-Same Direction,2,Clear,Dry,Dark-Lighted
2022-05-26T15:40:00.000,I 285,I 285 and Glenwood Rd,,Rear End,2,Rain,Wet,Daylight
2022-04-23T18:00:00.000,I 285,I 285 and Glenwood Rd,,Rear End,2,Clear,Dry,Daylight
2022-02-06T22:30:00.000,I 285,I 285 and Glenwood Rd,,Sideswipe-Same Direction,2,Clear,Dry,Dark-Not Lighted
2022-09-29T07:52:00.000,I 285,I 285 and Glenwood Rd,,Rear End,3,Clear,Dry,Daylight
2022-02-17T06:55:00.000,I 285,I 285 and Glenwood Rd,,Rear End,3,Clear,Dry,Dawn
2022-09-16T19:00:00.000,I 285,I 285 and Glenwood Rd,,Angle Crash,2,Clear,Dry,Daylight
2022-11-03T19:45:00.000,I 285,I 285 and Glenwood Rd,,Rear End,3,Clear,Dry,Daylight
2022-06-18T08:30:00.000,I 285,I 285 and Glenwood Rd,,Rear End,3,Clear,Dry,Daylight
2022-01-20T06:35:00.000,I 285,I 285 and Glenwood Rd,,Sideswipe-Same Direction,2,Clear,Water (standing or moving),Dark-Lighted
2022-10-21T17:31:00.000,I 285,I 285 and Glenwood Rd,,Rear End,2,Clear,Dry,Daylight
2022-05-07T12:45:00.000,I 285,I 285 and Glenwood Rd,,Rear End,2,Clear,Dry,Daylight
2022-02-23T05:30:00.000,I 285,I 285 and Glenwood Rd,,Sideswipe-Same Direction,2,Clear,Dry,Dark-Lighted
2022-03-06T12:43:00.000,I 285,I 285 and Glenwood Rd,,Rear End,5,Clear,Dry,Daylight
2022-08-31T07:50:00.000,I 285,I 285 and Glenwood Rd,,Rear End,2,Clear,Dry,Daylight
2022-12-08T10:00:00.000,I 285,I 285 and Glenwood Rd,,Sideswipe-Same Direction,2,Clear,Dry,Daylight
2022-09-27T16:00:00.000,I 285,I 285 and Glenwood Rd,,Rear End,2,Clear,Dry,Daylight
2022-06-05T20:52:00.000,I 285,I 285 and Glenwood Rd,,Sideswipe-Same Direction,2,Clear,Dry,Daylight
2022-07-22T23:00:00.000,I 285,I 285 and Glenwood Rd,,Rear End,2,Clear,Dry,Dark-Lighted
2022-11-19T03:45:00.000,I 285,I 285 and Glenwood Rd,,Sideswipe-Same Direction,2,Clear,Dry,Dark-Lighted
2022-09-20T17:40:00.000,I 285,I 285 and Glenwood Rd,,Angle Crash,2,Clear,Dry,Daylight
2022-04-28T10:23:00.000,I 285,I 285 and Glenwood Rd,,Sideswipe-Opposite Direction,2,Clear,Dry,Daylight
2022-02-22T07:00:00.000,I 285,I 285 and Glenwood Rd,,Sideswipe-Same Direction,2,Clear,Dry,Daylight
2022-11-28T18:33:00.000,I 285,I 285 and Glenwood Rd,,Rear End,2,Clear,Dry,Daylight
2022-05-16T16:46:00.000,I 285,I 285 and Glenwood Rd,,Rear End,2,Clear,Dry,Daylight
2022-03-05T08:16:00.000,I 285,I 285 and Glenwood Rd,,Sideswipe-Same Direction,3,Clear,Dry,Daylight
2022-05-01T19:15:00.000,I 285,I 285 and Glenwood Rd,,Angle Crash,3,Clear,Dry,Daylight
2022-01-02T06:55:00.000,I 285,I 285 and Glenwood Rd,,Not a Collision with Motor Vehicle,1,Rain,Wet,Dawn
2022-01-16T00:34:00.000,I 285,I 285 and Glenwood Rd,,Not a Collision with Motor Vehicle,1,Rain,Wet,Dark-Not Lighted
2022-04-09T13:15:00.000,I 285,I 285 and Glenwood Rd,,Not a Collision with Motor Vehicle,1,Clear,Dry,Daylight
2022-04-28T22:50:00.000,I 285,I 285 and Glenwood Rd,,Rear End,2,Clear,Dry,Dark-Not Lighted
2022-11-29T12:27:00.000,I 285,I 285 and Glenwood Rd,,Sideswipe-Same Direction,2,Clear,Dry,Daylight
2022-10-06T07:20:00.000,I 285,I 285 and Glenwood Rd,,Rear End,2,Clear,Dry,Daylight
2022-10-27T16:20:00.000,I 285,I 285 and Glenwood Rd,,Rear End,2,Clear,Dry,Daylight
2022-07-09T21:30:00.000,I 285,I 285 and Glenwood Rd,,Rear End,2,Clear,Dry,Dark-Not Lighted
2022-11-17T16:34:00.000,I 285,I 285 and Glenwood Rd,,Rear End,2,Clear,Dry,Daylight
2022-08-15T21:03:00.000,I 285,I 285 and Glenwood Rd,,Angle Crash,2,Rain,Wet,Dark-Lighted
2022-09-17T05:00:00.000,I 285,I 285 and Glenwood Rd,,Sideswipe-Same Direction,2,Clear,Dry,Daylight
2022-10-13T06:23:00.000,I 285,I 285 and Glenwood Rd,,Not a Collision with Motor Vehicle,1,Rain,Wet,Dark-Not Lighted
2022-06-09T10:14:00.000,I 285,I 285 and Glenwood Rd,,Rear End,2,Clear,Dry,Dark-Not Lighted
2022-09-16T08:59:00.000,I 285,I 285 and Glenwood Rd,,Sideswipe-Same Direction,2,Clear,Dry,Daylight
2022-05-09T07:40:00.000,I 285,I 285 and Glenwood Rd,,Rear End,2,Clear,Dry,Daylight
2022-06-29T08:00:00.000,I 285,I 285 and Glenwood Rd,,Rear End,2,Clear,Dry,Daylight
2022-11-08T16:08:00.000,I 285,I 285 and Glenwood Rd,,Angle Crash,2,Clear,Dry,Daylight
2022-09-08T14:21:00.000,I 285,I 285 and Glenwood Rd,,Sideswipe-Same Direction,2,Clear,Dry,Daylight
2023-01-14T15:00:00.000,I 285,I 285 and Glenwood Rd,,Angle Crash,2,Clear,Dry,Daylight
2023-08-07T17:17:00.000,I 285,I 285 and Glenwood Rd,,Rear End,2,Clear,Dry,Daylight
2023-02-19T14:40:00.000,I 285,I 285 and Glenwood Rd,,Rear End,2,Clear,Dry,Daylight
2023-08-10T15:00:00.000,I 285,I 285 and Glenwood Rd,,Not a Collision with Motor Vehicle,2,Clear,Dry,Daylight
2023-02-20T14:30:00.000,I 285,I 285 and Glenwood Rd,,Rear End,2,Clear,Dry,Daylight
2023-09-28T15:10:00.000,I 285,I 285 and Glenwood Rd,,Rear End,2,Clear,Dry,Daylight
2023-12-19T17:06:00.000,I 285,I 285 and Glenwood Rd,,Angle Crash,2,Clear,Dry,Dark-Lighted
2023-09-13T15:30:00.000,I 285,I 285 and Glenwood Rd,,Sideswipe-Same Direction,2,Clear,Dry,Daylight
2023-09-16T10:30:00.000,I 285,I 285 and Glenwood Rd,,Sideswipe-Same Direction,2,Rain,Wet,Daylight
2024-10-04T11:24:00.000,I 285,I 285 and Glenwood Rd,,Not a Collision with Motor Vehicle,2,Clear,Dry,Daylight
2024-06-05T06:47:00.000,I 285,I 285 and Glenwood Rd,,Angle Crash,2,Cloudy,Dry,Daylight
2024-01-08T16:45:00.000,I 285,I 285 and Glenwood Rd,,Rear End,3,Clear,Dry,Daylight
2024-03-22T18:00:00.000,I 285,I 285 and Glenwood Rd,,Rear End,2,Rain,Wet,Daylight
2024-02-05T05:30:00.000,I 285,I 285 and Glenwood Rd,,Sideswipe-Same Direction,2,Clear,Wet,Dark-Not Lighted
2024-09-17T16:00:00.000,I 285,I 285 and Glenwood Rd,,Rear End,2,Clear,Dry,Daylight
2024-01-20T12:15:00.000,I 285,I 285 and Glenwood Rd,,Rear End,2,Clear,Dry,Daylight
2024-11-21T10:40:00.000,I 285,I 285 and Glenwood Rd,,Rear End,2,Clear,Dry,Daylight
2024-11-23T00:40:00.000,I 285,I 285 and Glenwood Rd,,Not a Collision with Motor Vehicle,1,Clear,Dry,Dark-Not Lighted
2024-12-06T20:30:00.000,I 285,I 285 and Glenwood Rd,,Rear End,2,Clear,Dry,Dark-Lighted
2024-07-30T17:20:00.000,I 285,I 285 and Glenwood Rd,,Angle Crash,3,Clear,Dry,Daylight
2024-01-16T06:30:00.000,I 285,I 285 and Glenwood Rd,,Sideswipe-Same Direction,2,Rain,Wet,Dark-Lighted
2024-11-15T23:15:00.000,I 285,I 285 and Glenwood Rd,,Rear End,2,Clear,Dry,Dark-Lighted
2024-04-01T17:55:00.000,I 285,I 285 and Glenwood Rd,,Rear End,2,Clear,Dry,Dark-Lighted
2024-06-03T02:20:00.000,I 285,I 285 and Glenwood Rd,,Not a Collision with Motor Vehicle,1,Rain,Wet,Dark-Not Lighted
2024-11-20T07:30:00.000,I 285,I 285 and Glenwood Rd,,Sideswipe-Same Direction,2,Cloudy,Wet,Daylight
2024-07-27T14:58:00.000,I 285,I 285 and Glenwood Rd,,Rear End,2,Clear,Dry,Daylight
2024-11-22T15:02:00.000,I 285,I 285 and Glenwood Rd,,Rear End,2,Clear,Dry,Daylight
2024-09-15T05:40:00.000,I 285,I 285 and Glenwood Rd,,Not a Collision with Motor Vehicle,2,Clear,Dry,Daylight
2024-06-06T14:40:00.000,I 285,I 285 and Glenwood Rd,,Angle Crash,2,Clear,Dry,Daylight
2024-11-10T12:24:00.000,I 285,I 285 and Glenwood Rd,,Sideswipe-Same Direction,2,Clear,Dry,Daylight
2024-03-18T15:24:00.000,I 285,I 285 and Glenwood Rd,,Sideswipe-Same Direction,2,Clear,Dry,Daylight
2024-04-11T18:20:00.000,I 285,I 285 and Glenwood Rd,,Rear End,2,Clear,Dry,Daylight
2024-08-26T08:59:00.000,I 285,I 285 and Glenwood Rd,,Rear End,2,Clear,Dry,Daylight
2024-06-02T02:30:00.000,I 285,I 285 and Glenwood Rd,,Head On,2,Rain,Wet,Dark-Not Lighted
2024-03-16T12:17:00.000,I 285,I 285 and Glenwood Rd,,Rear End,2,Clear,Dry,Daylight
2024-07-01T15:26:00.000,I 285,I 285 and Glenwood Rd,,Angle Crash,2,Clear,Dry,Daylight
2024-12-31T17:30:00.000,I 285,I 285 and Glenwood Rd,,Rear End,2,Clear,Dry,Daylight
2024-10-31T21:30:00.000,I 285,I 285 and Glenwood Rd,,Angle Crash,2,Clear,Dry,Dark-Lighted
2024-04-12T12:25:00.000,I 285,I 285 and Glenwood Rd,,Angle Crash,2,Clear,Dry,Daylight
2024-08-29T17:49:00.000,I 285,I 285 and Glenwood Rd,,Sideswipe-Same Direction,2,Clear,Dry,Daylight
2024-05-28T14:05:00.000,I 285,I 285 and Glenwood Rd,,Sideswipe-Same Direction,2,Clear,Dry,Daylight
2024-11-22T23:55:00.000,I 285,I 285 and Glenwood Rd,,Rear End,2,Clear,Dry,Dark-Not Lighted
2024-04-28T17:10:00.000,I 285,I 285 and Glenwood Rd,,Rear End,2,Clear,Dry,Daylight
2024-12-17T05:20:00.000,I 285,I 285 and Glenwood Rd,,Not a Collision with Motor Vehicle,1,Clear,Dry,Dark-Not Lighted
2023-02-09T12:30:00.000,I 285,I 285 and Glenwood Rd,,Not a Collision with Motor Vehicle,2,Clear,Dry,Daylight
2023-06-08T05:00:00.000,I 285,I 285 and Glenwood Rd,,Not a Collision with Motor Vehicle,1,Clear,Dry,Dark-Not Lighted
2023-09-27T13:50:00.000,I 285,I 285 and Glenwood Rd,,Sideswipe-Same Direction,2,Cloudy,Dry,Daylight
2023-05-28T21:21:00.000,I 285,I 285 and Glenwood Rd,,Angle Crash,2,Clear,Dry,Daylight
2023-02-13T15:30:00.000,I 285,I 285 and Glenwood Rd,,Rear End,2,Clear,Dry,Daylight
2023-11-01T01:18:00.000,I 285,I 285 and Glenwood Rd,,Sideswipe-Same Direction,2,Clear,Dry,Dark-Not Lighted
2024-06-12T14:00:00.000,I 285,I 285 and Glenwood Rd,,Angle Crash,2,Clear,Dry,Daylight
2024-07-03T17:00:00.000,I 285,I 285 and Glenwood Rd,,Angle Crash,3,Clear,Dry,Daylight
2024-11-05T02:00:00.000,I 285,I 285 and Glenwood Rd,,Not a Collision with Motor Vehicle,1,Clear,Dry,Dark-Lighted
2024-10-23T10:00:00.000,I 285,I 285 and Glenwood Rd,,Rear End,2,Clear,Dry,Daylight
2024-03-09T17:00:00.000,I 285,I 285 and Glenwood Rd,,Not a Collision with Motor Vehicle,2,Cloudy,Dry,Daylight
2023-09-30T16:47:00.000,I 285,I 285 and Glenwood Rd,,Rear End,2,Clear,Dry,Daylight
2023-03-15T23:25:00.000,I 285,I 285 and Glenwood Rd,,Sideswipe-Same Direction,2,Clear,Dry,Dark-Lighted
2023-09-19T18:00:00.000,I 285,I 285 and Glenwood Rd,,Sideswipe-Same Direction,2,Clear,Dry,Daylight
2023-11-07T15:00:00.000,I 285,I 285 and Glenwood Rd,,Rear End,2,Clear,Dry,Daylight
2023-06-14T08:15:00.000,I 285,I 285 and Glenwood Rd,,Rear End,2,Cloudy,Dry,Daylight
2023-03-05T06:42:00.000,I 285,I 285 and Glenwood Rd,,Rear End,2,Clear,Dry,Dusk
2023-09-23T15:30:00.000,I 285,I 285 and Glenwood Rd,,Rear End,2,Clear,Dry,Daylight
2023-03-01T21:00:00.000,I 285,I 285 and Glenwood Rd,,Sideswipe-Same Direction,2,Clear,Dry,Dark-Not Lighted
2023-10-03T00:00:00.000,I 285,I 285 and Glenwood Rd,,Not a Collision with Motor Vehicle,2,Clear,Dry,Daylight
2023-08-26T15:30:00.000,I 285,I 285 and Glenwood Rd,,Rear End,2,Clear,Dry,Daylight
2023-03-23T19:00:00.000,I 285,I 285 and Glenwood Rd,,Angle Crash,2,Clear,Dry,Daylight
2023-04-28T10:00:00.000,I 285,I 285 and Glenwood Rd,,Sideswipe-Same Direction,2,Clear,Dry,Daylight
2023-05-25T15:40:00.000,I 285,I 285 and Glenwood Rd,,Angle Crash,2,Clear,Dry,Daylight
2023-05-30T09:45:00.000,I 285,I 285 and Glenwood Rd,,Rear End,2,Cloudy,Dry,Daylight
2023-06-17T12:30:00.000,I 285,I 285 and Glenwood Rd,,Rear End,2,Clear,Dry,Daylight
2023-04-25T16:00:00.000,I 285,I 285 and Glenwood Rd,,Sideswipe-Same Direction,2,Clear,Dry,Daylight
2023-06-08T07:03:00.000,I 285,I 285 and Glenwood Rd,,Rear End,2,Clear,Dry,Daylight
2023-07-14T18:15:00.000,I 285,I 285 and Glenwood Rd,,Rear End,2,Rain,Wet,Daylight
2023-10-09T22:40:00.000,I 285,I 285 and Glenwood Rd,,Sideswipe-Same Direction,2,Clear,Dry,Dark-Lighted
2023-07-18T09:14:00.000,I 285,I 285 and Glenwood Rd,,Rear End,2,Clear,Dry,Daylight
2023-11-27T16:48:00.000,I 285,I 285 and Glenwood Rd,,Rear End,2,Clear,Dry,Dusk
2023-05-05T23:45:00.000,I 285,I 285 and Glenwood Rd,,Sideswipe-Same Direction,2,Clear,Dry,Dark-Lighted
2023-02-08T07:20:00.000,I 285,I 285 and Glenwood Rd,,Rear End,2,Clear,Dry,Daylight
2023-03-27T01:10:00.000,I 285,I 285 and Glenwood Rd,,Sideswipe-Same Direction,2,Rain,Wet,Dark-Lighted
2023-07-12T15:45:00.000,I 285,I 285 and Glenwood Rd,,Rear End,2,Clear,Dry,Daylight
2023-04-10T21:57:00.000,I 285,I 285 and Glenwood Rd,,Angle Crash,3,Clear,Dry,Dark-Lighted
2023-04-30T11:50:00.000,I 285,I 285 and Glenwood Rd,,Not a Collision with Motor Vehicle,2,Clear,Dry,Daylight
2023-05-03T08:24:00.000,I 285,I 285 and Glenwood Rd,,Rear End,3,Clear,Dry,Daylight
2023-06-05T16:27:00.000,I 285,I 285 and Glenwood Rd,,Sideswipe-Same Direction,2,Clear,Dry,Daylight
2023-08-19T16:54:00.000,I 285,I 285 and Glenwood Rd,,Rear End,2,Clear,Dry,Daylight
2023-11-03T19:20:00.000,I 285,I 285 and Glenwood Rd,,Rear End,2,Clear,Dry,Dark-Not Lighted
2023-10-30T18:20:00.000,I 285,I 285 and Glenwood Rd,,Sideswipe-Same Direction,2,Clear,Dry,Daylight
2023-11-02T19:34:00.000,I 285,I 285 and Glenwood Rd,,Not a Collision with Motor Vehicle,1,Clear,Dry,Dark-Lighted
2023-03-04T16:48:00.000,I 285,I 285 and Glenwood Rd,,Rear End,3,Clear,Dry,Daylight
2023-05-23T13:44:00.000,I 285,I 285 and Glenwood Rd,,Rear End,3,Cloudy,Dry,Daylight
2023-11-10T07:15:00.000,I 285,I 285 and Glenwood Rd,,Not a Collision with Motor Vehicle,1,Clear,Dry,Daylight
2023-08-09T16:00:00.000,I 285,I 285 and Glenwood Rd,,Sideswipe-Same Direction,2,Clear,Dry,Daylight
2023-08-31T21:00:00.000,I 285,I 285 and Glenwood Rd,,Angle Crash,2,Clear,Dry,Dark-Not Lighted
2023-10-12T13:00:00.000,I 285,I 285 and Glenwood Rd,,Sideswipe-Same Direction,2,Clear,Dry,Daylight
2023-04-18T17:06:00.000,I 285,I 285 and Glenwood Rd,,Rear End,4,Clear,Dry,Daylight
2023-01-06T07:10:00.000,I 285,I 285 and Glenwood Rd,,Rear End,2,Clear,Dry,Daylight
2023-02-20T14:19:00.000,I 285,I 285 and Glenwood Rd,,Not a Collision with Motor Vehicle,1,Clear,Dry,Daylight
2023-12-10T14:39:00.000,I 285,I 285 and Glenwood Rd,,Rear End,2,Rain,Wet,Daylight
2023-04-01T17:00:00.000,I 285,I 285 and Glenwood Rd,,Rear End,2,Clear,Dry,Daylight
2023-01-26T07:20:00.000,I 285,I 285 and Glenwood Rd,,Sideswipe-Same Direction,2,Cloudy,Dry,Daylight
2023-05-11T04:20:00.000,I 285,I 285 and Glenwood Rd,,Rear End,2,Clear,Dry,Dark-Lighted
2023-01-15T14:20:00.000,I 285,I 285 and Glenwood Rd,,Rear End,2,Clear,Dry,Daylight
2023-09-13T07:25:00.000,I 285,I 285 and Glenwood Rd,,Rear End,2,Cloudy,Wet,Daylight
2023-12-02T00:00:00.000,I 285,I 285 and Glenwood Rd,,Not a Collision with Motor Vehicle,2,Cloudy,Dry,Daylight
2023-01-25T22:38:00.000,I 285,I 285 and Glenwood Rd,,Angle Crash,2,Clear,Dry,Dark-Not Lighted
2023-03-23T03:19:00.000,I 285,I 285 and Glenwood Rd,,Sideswipe-Same Direction,2,Clear,Dry,Dark-Not Lighted
2023-10-17T18:19:00.000,I 285,I 285 and Glenwood Rd,,Sideswipe-Same Direction,2,Clear,Dry,Daylight
2023-01-14T19:36:00.000,I 285,I 285 and Glenwood Rd,,Sideswipe-Same Direction,2,Clear,Dry,Dark-Lighted
2023-12-15T11:25:00.000,I 285,I 285 and Glenwood Rd,,Sideswipe-Same Direction,2,Clear,Dry,Daylight
2023-04-16T09:40:00.000,I 285,I 285 and Glenwood Rd,,Not a Collision with Motor Vehicle,1,Clear,Dry,Daylight
2023-02-10T10:18:00.000,I 285,I 285 and Glenwood Rd,,Not a Collision with Motor Vehicle,1,Clear,Wet,Daylight
2023-01-30T15:00:00.000,I 285,I 285 and Glenwood Rd,,Sideswipe-Same Direction,2,Clear,Dry,Dark-Lighted
2023-10-06T20:04:00.000,I 285,I 285 and Glenwood Rd,,Sideswipe-Same Direction,2,Clear,Wet,Dark-Not Lighted
2023-12-13T10:00:00.000,I 285,I 285 and Glenwood Rd,,Sideswipe-Same Direction,2,Clear,Dry,Daylight
2023-02-14T08:23:00.000,I 285,I 285 and Glenwood Rd,,Angle Crash,2,Clear,Dry,Daylight
2023-10-27T18:00:00.000,I 285,I 285 and Glenwood Rd,,Angle Crash,2,Clear,Dry,Daylight
2023-01-06T14:00:00.000,I 285,I 285 and Glenwood Rd,,Rear End,2,Clear,Dry,Daylight
2023-08-19T14:46:00.000,I 285,I 285 and Glenwood Rd,,Rear End,2,Clear,Dry,Daylight
2023-12-20T15:33:00.000,I 285,I 285 and Glenwood Rd,,Rear End,2,Clear,Dry,Daylight
2023-06-10T18:00:00.000,I 285,I 285 and Glenwood Rd,,Sideswipe-Same Direction,3,Clear,Dry,Daylight
2023-01-08T18:50:00.000,I 285,I 285 and Glenwood Rd,,Sideswipe-Same Direction,2,Rain,Wet,Dark-Not Lighted
2023-06-21T13:00:00.000,I 285,I 285 and Glenwood Rd,,Rear End,2,Rain,Wet,Daylight
2023-04-13T06:41:00.000,I 285,I 285 and Glenwood Rd,,Rear End,3,Clear,Dry,Dark-Lighted
2023-02-15T23:50:00.000,I 285,I 285 and Glenwood Rd,,Rear End,2,Clear,Dry,Dark-Not Lighted
2024-12-17T21:30:00.000,I 285,I 285 and Glenwood Rd,,Sideswipe-Same Direction,2,Clear,Dry,Dark-Lighted
2024-07-28T19:04:00.000,I 285,I 285 and Glenwood Rd,,Angle Crash,2,Rain,Wet,Daylight
2024-03-21T18:38:00.000,I 285,I 285 and Glenwood Rd,,Rear End,2,Clear,Dry,Daylight
2024-06-02T01:59:00.000,I 285,I 285 and Glenwood Rd,,Rear End,2,Clear,Wet,Dark-Not Lighted
2024-06-30T18:00:00.000,I 285,I 285 and Glenwood Rd,,Rear End,2,Clear,Dry,Daylight