Date and Time,Roadway (From Crash Report),Intersection Name (from Crash Report),KABCO Severity,Manner of Collision (Crash Level) ,# of Vehicles per crash ,Weather Conditions (Crash Level),Surface Condition (Crash Level) ,Light Conditions (Crash Level)
2024-02-09T01:05:00.000,I 285,I 285 and Glenwood Rd,,Sideswipe-Same Direction,2,Clear,Dry,Dark-Lighted
2024-01-31T11:13:00.000,I 285,I 285 and Glenwood Rd,,Rear End,2,Clear,Dry,Daylight
2024-10-15T14:43:00.000,I 285,I 285 and Glenwood Rd,,Sideswipe-Same Direction,2,Clear,Dry,Daylight
2024-10-16T00:25:00.000,I 285,I 285 and Glenwood Rd,,Rear End,3,Clear,Dry,Dark-Not Lighted
2024-06-04T09:00:00.000,I 285,I 285 and Glenwood Rd,,Sideswipe-Same Direction,2,Clear,Dry,Daylight
2024-07-11T05:15:00.000,I 285,I 285 and Glenwood Rd,,Sideswipe-Same Direction,2,Clear,Dry,Dark-Not Lighted
2024-12-09T21:30:00.000,I 285,I 285 and Glenwood Rd,,Rear End,2,Rain,Wet,Dark-Not Lighted
2024-12-17T20:34:00.000,I 285,I 285 and Glenwood Rd,,Sideswipe-Same Direction,2,Clear,Dry,Dark-Lighted
2024-10-21T16:00:00.000,I 285,I 285 and Glenwood Rd,,Sideswipe-Same Direction,2,Clear,Dry,Daylight
2024-07-10T08:35:00.000,I 285,I 285 and Glenwood Rd,,Sideswipe-Same Direction,2,Clear,Dry,Daylight
2024-11-03T17:32:00.000,I 285,I 285 and Glenwood Rd,,Rear End,2,Clear,Dry,Daylight
2024-04-15T02:25:00.000,I 285,I 285 and Glenwood Rd,,Angle Crash,2,Clear,Dry,Dark-Not Lighted
2024-11-04T11:15:00.000,I 285,I 285 and Glenwood Rd,,Sideswipe-Same Direction,2,Cloudy,Dry,Daylight
2024-12-14T00:01:00.000,I 285,I 285 and Glenwood Rd,,Sideswipe-Same Direction,2,Clear,Dry,Dark-Not Lighted
2024-04-21T01:00:00.000,I 285,I 285 and Glenwood Rd,,Not a Collision with Motor Vehicle,1,Rain,Wet,Dark-Lighted
2024-06-14T15:09:00.000,I 285,I 285 and Glenwood Rd,,Rear End,2,Clear,Dry,Daylight
2024-06-03T02:30:00.000,I 285,I 285 and Glenwood Rd,,Angle Crash,2,Rain,Wet,Dark-Not Lighted
2024-12-17T22:55:00.000,I 285,I 285 and Glenwood Rd,,Rear End,2,Clear,Dry,Dark-Lighted
2024-07-11T11:00:00.000,I 285,I 285 and Glenwood Rd,,Sideswipe-Same Direction,2,Clear,Dry,Daylight
2024-11-18T08:43:00.000,I 285,I 285 and Glenwood Rd,,Sideswipe-Same Direction,2,Clear,Dry,Daylight
2024-10-25T15:40:00.000,I 285,I 285 and Glenwood Rd,,Rear End,2,Clear,Dry,Daylight
2024-01-30T18:58:00.000,I 285,I 285 and Glenwood Rd,,Rear End,2,Clear,Dry,Dark-Lighted
2024-02-13T18:00:00.000,I 285,I 285 and Glenwood Rd,,Rear End,2,Clear,Dry,Daylight
2024-11-20T04:40:00.000,I 285,I 285 and Glenwood Rd,,Sideswipe-Same Direction,2,Rain,Wet,Dark-Not Lighted
2024-06-07T11:10:00.000,I 285,I 285 and Glenwood Rd,,Sideswipe-Same Direction,2,Clear,Dry,Daylight
2024-06-02T01:59:00.000,I 285,I 285 and Glenwood Rd,,Angle Crash,3,Clear,Wet,Dark-Not Lighted
2024-10-29T12:15:00.000,I 285,I 285 and Glenwood Rd,,Rear End,2,Clear,Dry,Daylight
2024-12-20T13:30:00.000,I 285,I 285 and Glenwood Rd,,Rear End,2,Clear,Dry,Daylight
2024-05-12T18:55:00.000,I 285,I 285 and Glenwood Rd,,Rear End,3,Cloudy,Dry,Daylight
2024-11-12T15:40:00.000,I 285,I 285 and Glenwood Rd,,Rear End,2,Clear,Dry,Daylight
2024-11-30T15:40:00.000,I 285,I 285 and Glenwood Rd,,Sideswipe-Same Direction,3,Clear,Dry,Daylight
2024-05-15T14:45:00.000,I 285,I 285 and Glenwood Rd,,Rear End,2,Cloudy,Dry,Daylight
2024-10-03T11:15:00.000,I 285,I 285 and Glenwood Rd,,Sideswipe-Same Direction,2,Cloudy,Dry,Daylight
2024-10-09T03:35:00.000,I 285,I 285 and Glenwood Rd,,Sideswipe-Same Direction,2,Clear,Dry,Dark-Not Lighted
2024-05-30T19:10:00.000,I 285,I 285 and Glenwood Rd,,Rear End,2,Clear,Dry,Dawn
2024-08-29T07:45:00.000,I 285,I 285 and Glenwood Rd,,Rear End,2,Clear,Dry,Daylight
2024-07-01T15:44:00.000,I 285,I 285 and Glenwood Rd,,Sideswipe-Same Direction,2,Clear,Dry,Daylight
2024-10-18T16:23:00.000,I 285,I 285 and Glenwood Rd,,Sideswipe-Same Direction,2,Clear,Dry,Daylight
2024-09-26T06:45:00.000,I 285,I 285 and Glenwood Rd,,Sideswipe-Same Direction,2,Rain,Wet,Daylight
2024-10-16T17:50:00.000,I 285,I 285 and Glenwood Rd,,Sideswipe-Same Direction,2,Clear,Dry,Daylight
2024-04-23T10:16:00.000,I 285,I 285 and Glenwood Rd,,Rear End,2,Clear,Dry,Daylight
2024-09-01T00:00:00.000,I 285,I 285 and Glenwood Rd,,Not a Collision with Motor Vehicle,1,Clear,Dry,Dark-Lighted
2024-04-03T20:45:00.000,I 285,I 285 and Glenwood Rd,,Not a Collision with Motor Vehicle,1,Clear,Dry,Dark-Not Lighted
2024-10-31T08:24:00.000,I 285,I 285 and Glenwood Rd,,Sideswipe-Same Direction,2,Clear,Dry,Daylight
2024-06-15T10:20:00.000,I 285,I 285 and Glenwood Rd,,Sideswipe-Same Direction,3,Clear,Dry,Daylight
2024-11-20T04:40:00.000,I 285,I 285 and Glenwood Rd,,Rear End,2,Rain,Wet,Dark-Not Lighted
2024-12-06T20:51:00.000,I 285,I 285 and Glenwood Rd,,Rear End,3,Clear,Dry,Dark-Not Lighted
2024-07-07T16:00:00.000,I 285,I 285 and Glenwood Rd,,Angle Crash,2,Clear,Dry,Daylight
2024-07-30T12:50:00.000,I 285,I 285 and Glenwood Rd,,Angle Crash,2,Clear,Dry,Daylight
2024-06-17T12:00:00.000,I 285,I 285 and Glenwood Rd,,Rear End,2,Clear,Dry,Daylight
2024-05-20T00:17:00.000,I 285,I 285 and Glenwood Rd,,Not a Collision with Motor Vehicle,1,Clear,Dry,Dark-Not Lighted
2024-10-13T15:12:00.000,I 285,I 285 and Glenwood Rd,,Angle Crash,4,Clear,Dry,Daylight
2024-01-12T06:00:00.000,I 285,I 285 and Glenwood Rd,,Sideswipe-Same Direction,2,Clear,Dry,Daylight
2024-11-19T04:45:00.000,I 285,I 285 and Glenwood Rd,,Sideswipe-Same Direction,2,Rain,Wet,Dark-Not Lighted
2024-09-01T00:00:00.000,I 285,I 285 and Glenwood Rd,,Not a Collision with Motor Vehicle,1,Clear,Dry,Dark-Lighted
2024-07-07T22:52:00.000,I 285,I 285 and Glenwood Rd,,Rear End,2,Rain,Wet,Dark-Not Lighted
2024-10-01T07:20:00.000,I 285,I 285 and Glenwood Rd,,Rear End,3,Cloudy,Dry,Daylight
2024-10-23T17:15:00.000,I 285,I 285 and Glenwood Rd,,Rear End,2,Clear,Dry,Daylight
2024-07-11T17:55:00.000,I 285,I 285 and Glenwood Rd,,Sideswipe-Same Direction,2,Clear,Dry,Daylight
2024-10-21T09:00:00.000,I 285,I 285 and Glenwood Rd,,Rear End,2,Clear,Dry,Dark-Lighted
2024-02-08T08:47:00.000,I 285,I 285 and Glenwood Rd,,Rear End,2,Cloudy,Dry,Daylight
2024-08-13T00:00:00.000,I 285,I 285 and Glenwood Rd,,Sideswipe-Same Direction,2,Clear,Dry,Daylight
2024-08-21T14:10:00.000,I 285,I 285 and Glenwood Rd,,Not a Collision with Motor Vehicle,1,Clear,Dry,Daylight
2024-10-17T00:00:00.000,I 285,I 285 and Glenwood Rd,,Sideswipe-Same Direction,3,Clear,Dry,Dark-Lighted
2024-08-18T12:38:00.000,I 285,I 285 and Glenwood Rd,,Sideswipe-Same Direction,2,Clear,Dry,Daylight
2024-07-06T21:42:00.000,I 285,I 285 and Glenwood Rd,,Sideswipe-Same Direction,4,Clear,Dry,Dark-Not Lighted
2024-10-19T02:35:00.000,I 285,I 285 and Glenwood Rd,,Rear End,2,Clear,Dry,Dark-Not Lighted
2024-01-11T17:00:00.000,I 285,I 285 and Glenwood Rd,,Angle Crash,2,Clear,Dry,Daylight
2024-02-29T16:30:00.000,I 285,I 285 and Glenwood Rd,,Rear End,2,Clear,Dry,Daylight
2024-10-22T20:00:00.000,I 285,I 285 and Glenwood Rd,,Rear End,2,Clear,Dry,Dark-Not Lighted
2024-04-06T18:30:00.000,I 285,I 285 and Glenwood Rd,,Rear End,2,Clear,Dry,Daylight
2024-05-11T20:49:00.000,I 285,I 285 and Glenwood Rd,,Sideswipe-Same Direction,2,Clear,Dry,Dark-Lighted
2024-04-04T15:30:00.000,I 285,I 285 and Glenwood Rd,,Angle Crash,2,Clear,Dry,Daylight
2024-01-20T17:15:00.000,I 285,I 285 and Glenwood Rd,,Rear End,2,Clear,Dry,Daylight
2024-03-31T19:20:00.000,I 285,I 285 and Glenwood Rd,,Sideswipe-Same Direction,2,Clear,Dry,Daylight
2024-11-16T00:30:00.000,I 285,I 285 and Glenwood Rd,,Rear End,2,Clear,Dry,Dark-Lighted
2024-03-13T12:00:00.000,I 285,I 285 and Glenwood Rd,,Sideswipe-Same Direction,2,Clear,Dry,Daylight
2024-02-27T17:00:00.000,I 285,I 285 and Glenwood Rd,,Angle Crash,3,Cloudy,Dry,Daylight
2024-09-04T17:54:00.000,I 285,I 285 and Glenwood Rd,,Sideswipe-Same Direction,2,Clear,Dry,Daylight
2024-07-21T00:00:00.000,I 285,I 285 and Glenwood Rd,,Not a Collision with Motor Vehicle,1,Rain,Wet,Daylight
2024-03-31T19:25:00.000,I 285,I 285 and Glenwood Rd,,Sideswipe-Same Direction,2,Clear,Dry,Daylight
2024-06-07T19:00:00.000,I 285,I 285 and Glenwood Rd,,Rear End,2,Clear,Dry,Dark-Lighted
2024-04-06T19:00:00.000,I 285,I 285 and Glenwood Rd,,Rear End,2,Clear,Dry,Daylight
2024-06-11T09:45:00.000,I 285,I 285 and Glenwood Rd,,Rear End,2,Clear,Dry,Daylight
2024-01-04T20:10:00.000,I 285,I 285 and Glenwood Rd,,Sideswipe-Same Direction,3,Clear,Dry,Dark-Not Lighted
2024-03-22T20:25:00.000,I 285,I 285 and Glenwood Rd,,Rear End,2,Rain,Wet,Dark-Lighted
2020-03-11T05:45:00.000,I 285,I 285 and Glenwood Downs Ln,,Not a Collision with Motor Vehicle,2,Cloudy,Dry,Dark-Not Lighted
2023-08-08T09:55:00.000,I 285,I 285 and Glenwood Downs Ln,,Sideswipe-Same Direction,2,Clear,Dry,Daylight
2023-08-26T18:07:00.000,I 285,I 285 and Glenwood Downs Ln,,Sideswipe-Same Direction,2,Clear,Wet,Daylight
2024-03-12T16:00:00.000,I 285,I 285 and Glenwood Downs Ln,,Angle Crash,2,Clear,Dry,Daylight
2024-07-31T17:16:00.000,I 285,I 285 and Glenwood Ave Entry Rp,,Angle Crash,2,Clear,Dry,Daylight
2021-05-05T07:42:00.000,I 285,I 285 and Glenwood Ave,,Rear End,2,Cloudy,Wet,Daylight
2021-12-30T16:20:00.000,I 285,I 285 and Glenwood Ave,,Angle Crash,2,Cloudy,Wet,Daylight
2023-05-04T23:15:00.000,I 285,I 285 and Glenwood,,Not a Collision with Motor Vehicle,2,Clear,Dry,Dark-Lighted
2022-12-27T00:50:00.000,I 285,I 285 and Glenwood,,Not a Collision with Motor Vehicle,1,Sleet,Slush,Dark-Not Lighted
2022-02-01T14:30:00.000,I 285,I 285 and Glenwood,,Angle Crash,2,Clear,Dry,Daylight
2022-08-06T08:35:00.000,I 285,I 285 and Glenwood,,Not a Collision with Motor Vehicle,1,Clear,Dry,Daylight
2022-07-16T16:11:00.000,I 285,I 285 and Glenwood,,Rear End,2,Clear,Dry,Daylight
2023-07-27T11:57:00.000,I 285,I 285 and Glenwood,,Rear End,2,Clear,Dry,Daylight
2021-06-21T11:29:00.000,I 285,I 285 and Glenwod Rd,,Sideswipe-Same Direction,2,Clear,Dry,Daylight
2021-09-30T16:40:00.000,I 285,I 285 and Glenwod Rd,,Rear End,2,Clear,Dry,Daylight
2021-12-01T20:36:00.000,I 285,I 285 and Glenrose Pt,,Rear End,2,Clear,Dry,Dark-Not Lighted
2024-04-24T10:10:00.000,I 285,I 285 and Glenrose Hl,,Rear End,2,Clear,Dry,Daylight
2024-10-10T19:20:00.000,I 285,I 285 and Glenrose Hl,,Rear End,2,Clear,Dry,Dark-Not Lighted
2022-09-17T11:00:00.000,I 285,I 285 and Glenridge Dr.,,Rear End,2,Clear,Dry,Daylight
2021-06-22T09:14:00.000,I 285,I 285 and Glenridge Dr,,Rear End,2,Cloudy,Wet,Daylight
2020-08-28T07:34:00.000,I 285,I 285 and Glenridge Dr,,Sideswipe-Same Direction,2,Cloudy,Dry,Daylight
2020-11-06T06:45:00.000,I 285,I 285 and Glenridge Dr,,Rear End,4,Clear,Dry,Daylight
2021-03-06T21:04:00.000,I 285,I 285 and Glenridge Dr,,Not a Collision with Motor Vehicle,1,Clear,Dry,Dark-Not Lighted
2024-03-18T15:05:00.000,I 285,I 285 and Glenridge Dr,,Rear End,2,Clear,Dry,Daylight
2024-03-19T07:21:00.000,I 285,I 285 and Glenridge Dr,,Sideswipe-Same Direction,2,Clear,Dry,Dawn
2023-09-28T23:56:00.000,I 285,I 285 and Glenridge Connector,,Angle Crash,2,Clear,Dry,Dark-Not Lighted
2024-11-22T15:38:00.000,I 285,I 285 and Glenridge Connector,,Rear End,2,Clear,Dry,Daylight
2020-01-28T18:09:00.000,I 285,I 285 and Glenride Dr,,Angle Crash,2,Clear,Dry,Dark-Not Lighted
2022-12-16T04:10:00.000,I 285,I 285 and Glennwood Rd,,Sideswipe-Same Direction,2,Clear,Dry,Dark-Not Lighted
2023-12-14T17:59:00.000,I 285,I 285 and Glennwood Rd,,Sideswipe-Same Direction,2,Clear,Dry,Dark-Lighted
2023-12-15T16:00:00.000,I 285,I 285 and Glennwood Rd,,Sideswipe-Same Direction,2,Clear,Dry,Daylight
2024-08-10T14:50:00.000,I 285,I 285 and Glennwood Rd,,Sideswipe-Opposite Direction,2,Clear,Dry,Daylight
2021-06-04T05:55:00.000,I 285,I 285 and Glenfair Rd,,Sideswipe-Same Direction,2,Clear,Dry,Dawn
2023-10-10T17:25:00.000,I 285,I 285 and Glenfair Rd,,Sideswipe-Same Direction,2,Clear,Dry,Daylight
2023-03-23T07:00:00.000,I 285,I 285 and Glenfair Rd,,Sideswipe-Same Direction,2,Clear,Dry,Daylight
2023-11-14T10:20:00.000,I 285,I 285 and Glenfair Rd,,Not a Collision with Motor Vehicle,2,Clear,Dry,Daylight
2020-03-11T09:38:00.000,I 285,I 285 and Glenfair Rd,,Sideswipe-Same Direction,2,Clear,Dry,Daylight
2020-08-08T15:40:00.000,I 285,I 285 and Glenfair Rd,,Rear End,2,Clear,Dry,Daylight
2020-12-19T00:01:00.000,I 285,I 285 and Glenfair Rd,,Sideswipe-Same Direction,2,Clear,Dry,Dark-Lighted
2022-05-06T13:30:00.000,I 285,I 285 and Glenfair Rd,,Rear End,3,Clear,Dry,Daylight
2022-10-12T03:17:00.000,I 285,I 285 and Glenfair Rd,,Rear End,2,Clear,Dry,Dark-Lighted
2022-08-31T09:43:00.000,I 285,I 285 and Glenfair Rd,,Angle Crash,2,Clear,Dry,Daylight
2022-02-24T19:53:00.000,I 285,I 285 and Glenfair Rd,,Sideswipe-Same Direction,2,Clear,Dry,Dark-Lighted
2022-10-19T22:17:00.000,I 285,I 285 and Glenfair Rd,,Not a Collision with Motor Vehicle,1,Clear,Dry,Dark-Not Lighted
2023-06-23T16:20:00.000,I 285,I 285 and Glenfair Rd,,Rear End,2,Clear,Dry,Daylight
2023-12-22T23:10:00.000,I 285,I 285 and Glenfair Rd,,Rear End,2,Clear,Dry,Daylight
2024-11-25T19:38:00.000,I 285,I 285 and Glenfair Rd,,Sideswipe-Same Direction,2,Clear,Dry,Daylight
2024-10-11T12:00:00.000,I 285,I 285 and Glenfair Rd,,Angle Crash,2,Clear,Dry,Dark-Lighted
2024-08-16T20:00:00.000,I 285,I 285 and Glenfair Rd,,Rear End,2,Clear,Dry,Daylight
2022-06-08T22:00:00.000,I 285,I 285 and Glenewood Rd,,Rear End,2,Clear,Dry,Dark-Lighted
2022-07-19T11:45:00.000,I 285,I 285 and Glendwood Rd,,Rear End,2,Cloudy,Wet,Daylight
2023-05-12T15:45:00.000,I 285,I 285 and Glendridge,,Rear End,2,Cloudy,Wet,Daylight
2023-12-16T01:59:00.000,I 285,I 285 and Glemwood Rd,,Not a Collision with Motor Vehicle,1,Clear,Dry,Dark-Not Lighted
2024-11-27T19:00:00.000,I 285,I 285 and Gleenwood Rd,,Sideswipe-Same Direction,2,Clear,Dry,Dark-Lighted
2023-08-11T12:20:00.000,I 285,I 285 and George Luther Dr,,Rear End,2,Clear,Dry,Daylight
2023-01-20T07:00:00.000,I 285,I 285 and George Luther Dr,,Sideswipe-Same Direction,2,Clear,Dry,Daylight
2022-07-09T16:10:00.000,I 285,I 285 and George Luther Dr,,Rear End,2,Clear,Dry,Daylight
2023-10-26T16:00:00.000,I 285,I 285 and George Luther Dr,,Rear End,2,Clear,Dry,Daylight
2023-07-09T16:15:00.000,I 285,I 285 and George Luther Dr,,Sideswipe-Same Direction,2,Clear,Dry,Daylight
2024-02-02T16:00:00.000,I 285,I 285 and George Luther Dr,,Not a Collision with Motor Vehicle,2,Clear,Dry,Daylight
2023-10-02T10:51:00.000,I 285,I 285 and Ga. 400,,Sideswipe-Same Direction,2,Clear,Dry,Daylight
2022-02-18T11:24:00.000,I 285,I 285 and Fulton Industrial Blvd.,,Rear End,2,Clear,Dry,Daylight
2022-04-14T09:40:00.000,I 285,I 285 and Fulton Industrial Blvd,,Angle Crash,2,Clear,Dry,Daylight
2021-04-24T14:45:00.000,I 285,I 285 and Fulton County Line,,Rear End,2,Cloudy,Dry,Daylight
2021-10-15T20:20:00.000,I 285,I 285 and Fulton County Line,,Rear End,2,Clear,Dry,Dark-Lighted
2021-10-16T15:35:00.000,I 285,I 285 and Fulton County Line,,Rear End,2,Clear,Dry,Daylight
2021-12-19T18:04:00.000,I 285,I 285 and Fulton County Line,,Sideswipe-Same Direction,2,Cloudy,Dry,Dark-Lighted
2020-03-06T18:12:00.000,I 285,I 285 and Fulton County Line,,Sideswipe-Same Direction,2,Clear,Dry,Daylight
2021-09-25T19:30:00.000,I 285,I 285 and Fulton County Line,,Rear End,2,Clear,Dry,Daylight
2022-05-17T18:30:00.000,I 285,I 285 and From S Cobb Dr,,Angle Crash,2,Clear,Dry,Daylight
2021-02-19T08:25:00.000,I 285,I 285 and From I20,,Not a Collision with Motor Vehicle,1,Cloudy,Dry,Daylight
2022-01-04T07:21:00.000,I 285,I 285 and From I20,,Not a Collision with Motor Vehicle,1,Clear,Wet,Daylight
2023-09-28T10:44:00.000,I 285,I 285 and From Donald Lee Hollowell Rd,,Sideswipe-Same Direction,2,Cloudy,Dry,Daylight
2022-01-08T12:00:00.000,I 285,I 285 and Fox Hunt Ln,,Sideswipe-Same Direction,2,Clear,Dry,Daylight
2024-11-08T21:42:00.000,I 285,I 285 and Fox Hunt Ln,,Angle Crash,2,Clear,Dry,Dark-Lighted
2023-05-18T14:02:00.000,I 285,I 285 and Forrest Park Road Opas,,Rear End,4,Cloudy,Dry,Daylight
2020-09-17T17:51:00.000,I 285,I 285 and Forrest Park Road Opas,,Rear End,3,Cloudy,Dry,Daylight
2022-11-03T16:47:00.000,I 285,I 285 and Forrest Park Road Opas,,Rear End,2,Clear,Dry,Daylight
2022-11-18T16:50:00.000,I 285,I 285 and Forrest Park Road Opas,,Rear End,2,Clear,Dry,Dusk
2022-12-05T17:08:00.000,I 285,I 285 and Forrest Park Road Opas,,Sideswipe-Same Direction,2,Rain,Wet,Daylight
2022-11-17T17:31:00.000,I 285,I 285 and Forrest Park Road Opas,,Sideswipe-Same Direction,2,Clear,Dry,Dark-Not Lighted
2022-11-03T16:47:00.000,I 285,I 285 and Forrest Park Road Opas,,Sideswipe-Same Direction,3,Clear,Dry,Daylight
2023-05-18T14:02:00.000,I 285,I 285 and Forrest Park Road Opas,,Rear End,4,Cloudy,Dry,Daylight
2021-01-13T07:05:00.000,I 285,I 285 and Forrest Park Rd,,Sideswipe-Same Direction,2,Clear,Dry,Daylight
2020-08-08T02:22:00.000,I 285,I 285 and Forrest Park Rd,,Not a Collision with Motor Vehicle,1,Cloudy,Wet,Dark-Not Lighted
2020-07-22T23:40:00.000,I 285,I 285 and Forrest Park Rd,,Rear End,2,Clear,Dry,Dark-Not Lighted
2022-08-05T10:40:00.000,I 285,I 285 and Forrest Park Rd,,Rear End,2,Clear,Dry,Daylight
2022-01-30T13:25:00.000,I 285,I 285 and Forrest Park Rd,,Not a Collision with Motor Vehicle,2,Clear,Dry,Daylight
2024-02-15T09:24:00.000,I 285,I 285 and Forrest Park Rd,,Sideswipe-Same Direction,2,Clear,Dry,Daylight
2024-05-31T10:40:00.000,I 285,I 285 and Forrest Park Rd,,Sideswipe-Same Direction,2,Clear,Dry,Daylight
2024-09-03T12:25:00.000,I 285,I 285 and Forrest Park Rd,,Rear End,4,Clear,Dry,Daylight
2020-12-20T05:30:00.000,I 285,I 285 and Forest Ridge Rd,,Rear End,2,Clear,Dry,Dark-Not Lighted
2022-04-14T16:19:00.000,I 285,I 285 and Forest Pkwy Rd,,Rear End,2,Clear,Dry,Daylight
2023-08-15T00:00:00.000,I 285,I 285 and Forest Pkwy,,Sideswipe-Same Direction,2,Clear,Dry,Daylight
2022-10-10T15:13:00.000,I 285,I 285 and Forest Pkwy,,Rear End,2,Clear,Dry,Daylight
2022-03-13T06:02:00.000,I 285,I 285 and Forest Pkwy,,Sideswipe-Same Direction,2,Clear,Dry,Dark-Not Lighted
2022-06-20T12:45:00.000,I 285,I 285 and Forest Pkwy,,Sideswipe-Same Direction,2,Clear,Dry,Daylight
2023-02-08T15:04:00.000,I 285,I 285 and Forest Pkwy,,Sideswipe-Same Direction,2,Clear,Dry,Daylight
2024-05-26T14:16:00.000,I 285,I 285 and Forest Pkwy,,Sideswipe-Same Direction,2,Clear,Dry,Daylight
2024-11-25T18:16:00.000,I 285,I 285 and Forest Pkwy,,Rear End,2,Clear,Dry,Dark-Lighted
2023-07-17T07:45:00.000,I 285,I 285 and Forest Parkway Opas,,Sideswipe-Same Direction,2,Clear,Dry,Daylight
2023-09-14T09:25:00.000,I 285,I 285 and Forest Park Road Opas,,Not a Collision with Motor Vehicle,2,Cloudy,Dry,Daylight
2020-09-11T13:02:00.000,I 285,I 285 and Forest Park Road Opas,,Angle Crash,3,Cloudy,Dry,Daylight
2023-12-15T07:28:00.000,I 285,I 285 and Forest Park Road Opas,,Not a Collision with Motor Vehicle,1,Clear,Dry,Daylight
2024-06-10T07:32:00.000,I 285,I 285 and Forest Park Road Opas,,Not a Collision with Motor Vehicle,1,Clear,Dry,Daylight
2020-07-24T11:31:00.000,I 285,I 285 and Forest Park Rd,,Rear End,3,Clear,Dry,Daylight
2023-11-17T14:15:00.000,I 285,I 285 and Forest Park Rd,,Not a Collision with Motor Vehicle,1,Cloudy,Dry,Daylight
2020-05-21T00:00:00.000,I 285,I 285 and Forest Park Rd,,Sideswipe-Same Direction,2,Clear,Dry,Dusk
2021-05-13T18:50:00.000,I 285,I 285 and Forest Park Rd,,Rear End,2,Clear,Dry,Daylight
2021-10-07T16:30:00.000,I 285,I 285 and Forest Park Rd,,Rear End,2,Cloudy,Wet,Daylight
2021-10-27T16:06:00.000,I 285,I 285 and Forest Park Rd,,Rear End,2,Clear,Dry,Daylight
2021-10-07T16:30:00.000,I 285,I 285 and Forest Park Rd,,Rear End,2,Cloudy,Wet,Daylight
2022-08-12T19:03:00.000,I 285,I 285 and Forest Park Rd,,Sideswipe-Same Direction,2,Clear,Dry,Daylight
2022-11-03T13:20:00.000,I 285,I 285 and Forest Park Rd,,Not a Collision with Motor Vehicle,1,Clear,Dry,Daylight
2022-05-10T10:24:00.000,I 285,I 285 and Forest Park Rd,,Rear End,2,Clear,Dry,Daylight
2022-11-10T18:28:00.000,I 285,I 285 and Forest Park Rd,,Sideswipe-Same Direction,2,Rain,Wet,Dark-Not Lighted
2024-06-10T07:35:00.000,I 285,I 285 and Forest Park Rd,,Rear End,2,Cloudy,Wet,Daylight
2023-01-01T17:43:00.000,I 285,I 285 and Forest Park,,Sideswipe-Same Direction,2,Clear,Dry,Dark-Lighted
2023-08-03T08:34:00.000,I 285,I 285 and Forest Park,,Head On,2,Clear,Dry,Daylight
2024-10-30T16:40:00.000,I 285,I 285 and Forest Park,,Sideswipe-Opposite Direction,2,Clear,Dry,Daylight
2021-11-01T08:53:00.000,I 285,I 285 and Flowers Rd,,Angle Crash,2,Clear,Dry,Daylight
2021-04-15T11:52:00.000,I 285,I 285 and Flowers Rd,,Sideswipe-Opposite Direction,2,Cloudy,Dry,Daylight
2021-12-23T17:19:00.000,I 285,I 285 and Flowers Rd,,Angle Crash,2,Clear,Dry,Daylight
2020-03-03T16:14:00.000,I 285,I 285 and Flowers Rd,,Sideswipe-Same Direction,2,Clear,Dry,Daylight
2021-08-16T19:45:00.000,I 285,I 285 and Flowers Rd,,Rear End,2,Rain,Wet,Daylight
2021-10-23T12:00:00.000,I 285,I 285 and Flatshoals Rd,,Angle Crash,2,Clear,Dry,Daylight
2023-02-06T14:58:00.000,I 285,I 285 and Flatshoals Rd,,Sideswipe-Same Direction,2,Clear,Dry,Daylight
2020-08-29T14:10:00.000,I 285,I 285 and Flatshoals Rd,,Not a Collision with Motor Vehicle,1,Clear,Dry,Daylight
2020-11-26T08:50:00.000,I 285,I 285 and Flatshoals Rd,,Angle Crash,2,Clear,Wet,Daylight
2021-01-01T09:57:00.000,I 285,I 285 and Flatshoals Rd,,Angle Crash,2,Rain,Wet,Daylight
2022-04-27T07:52:00.000,I 285,I 285 and Flatshoals Rd,,Rear End,2,Clear,Dry,Daylight
2022-09-28T00:00:00.000,I 285,I 285 and Flatshoals Rd,,Rear End,2,Clear,Dry,Daylight
2022-02-13T00:58:00.000,I 285,I 285 and Flatshoals Rd,,Sideswipe-Same Direction,2,Clear,Dry,Dark-Lighted
2022-04-13T07:00:00.000,I 285,I 285 and Flatshoals Rd,,Not a Collision with Motor Vehicle,1,Clear,Dry,Daylight
2022-10-16T13:30:00.000,I 285,I 285 and Flatshoals Rd,,Sideswipe-Same Direction,2,Clear,Dry,Daylight
2023-06-23T04:10:00.000,I 285,I 285 and Flatshoals Rd,,Sideswipe-Same Direction,2,Clear,Dry,Dark-Lighted
2024-11-15T06:00:00.000,I 285,I 285 and Flatshoals Rd,,Rear End,2,Clear,Dry,Dark-Lighted
2024-11-16T06:20:00.000,I 285,I 285 and Flatshoals Rd,,Rear End,2,Clear,Dry,Daylight
2024-04-21T01:25:00.000,I 285,I 285 and Flatshoals Rd,,Rear End,2,Rain,Wet,Dark-Lighted