Date and Time,Roadway (From Crash Report),Intersection Name (from Crash Report),KABCO Severity,Manner of Collision (Crash Level) ,# of Vehicles per crash ,Weather Conditions (Crash Level),Surface Condition (Crash Level) ,Light Conditions (Crash Level)
2024-05-23T03:42:00.000,I 285,I 285 and Flatshoals Rd,,Not a Collision with Motor Vehicle,1,Clear,Dry,Dark-Lighted
2024-12-06T03:00:00.000,I 285,I 285 and Flatshoals Rd,,Rear End,2,Clear,Dry,Dark-Lighted
2022-03-03T18:47:00.000,I 285,I 285 and Flatshoals Pwy,,Sideswipe-Same Direction,2,Clear,Dry,Dark-Lighted
2021-04-05T13:21:00.000,I 285,I 285 and Flatshoals Pkwy,,Rear End,2,Clear,Dry,Daylight
2023-05-15T01:15:00.000,I 285,I 285 and Flatshoals Pkwy,,Rear End,2,Clear,Dry,Dark-Lighted
2020-10-16T01:40:00.000,I 285,I 285 and Flatshoals Pkwy,,Angle Crash,2,Clear,Dry,Dark-Not Lighted
2020-12-29T03:51:00.000,I 285,I 285 and Flatshoals Pkwy,,Angle Crash,2,Clear,Dry,Dark-Not Lighted
2020-09-12T12:40:00.000,I 285,I 285 and Flatshoals Pkwy,,Angle Crash,2,Clear,Dry,Daylight
2022-07-30T06:00:00.000,I 285,I 285 and Flatshoals Pkwy,,Not a Collision with Motor Vehicle,1,Cloudy,Wet,Dark-Not Lighted
2022-02-12T09:00:00.000,I 285,I 285 and Flatshoals Pkwy,,Angle Crash,2,Clear,Dry,Daylight
2022-01-12T16:00:00.000,I 285,I 285 and Flatshoals Pkwy,,Rear End,2,Clear,Dry,Daylight
2024-09-14T00:50:00.000,I 285,I 285 and Flatshoals Pkwy,,Rear End,2,Clear,Dry,Dark-Lighted
2024-11-16T05:12:00.000,I 285,I 285 and Flatshoals Pkwy,,Rear End,2,Clear,Dry,Dark-Lighted
2020-04-01T08:15:00.000,I 285,I 285 and Flatshoals Pkw,,Not a Collision with Motor Vehicle,3,Clear,Dry,Daylight
2020-01-19T12:20:00.000,I 285,I 285 and Flatshoals,,Sideswipe-Same Direction,2,Clear,Dry,Daylight
2023-01-19T12:45:00.000,I 285,I 285 and Flat Sholas Pkwy,,Rear End,2,Clear,Dry,Daylight
2024-02-21T16:25:00.000,I 285,I 285 and Flat Sholas Pkwy,,Rear End,2,Clear,Dry,Daylight
2023-11-03T16:32:00.000,I 285,I 285 and Flat Shoas Pkwy,,Rear End,4,Clear,Dry,Daylight
2020-11-22T03:15:00.000,I 285,I 285 and Flat Shoas Pkwy,,Rear End,3,Clear,Dry,Dark-Not Lighted
2024-04-22T13:10:00.000,I 285,I 285 and Flat Shoals Road Exit 48,,Rear End,2,Clear,Dry,Daylight
2023-01-18T10:00:00.000,I 285,I 285 and Flat Shoals Rd. Rd,,Rear End,2,Clear,Dry,Daylight
2024-08-23T06:00:00.000,I 285,I 285 and Flat Shoals Rd. Exit 48,,Sideswipe-Same Direction,4,Clear,Dry,Dark-Lighted
2023-01-23T07:02:00.000,I 285,I 285 and Flat Shoals Rd.,,Sideswipe-Same Direction,2,Clear,Dry,Dawn
2023-02-02T07:18:00.000,I 285,I 285 and Flat Shoals Rd.,,Rear End,2,Clear,Wet,Daylight
2023-09-13T06:45:00.000,I 285,I 285 and Flat Shoals Rd.,,Rear End,3,Cloudy,Wet,Dawn
2022-06-28T16:30:00.000,I 285,I 285 and Flat Shoals Rd.,,Sideswipe-Same Direction,2,Cloudy,Dry,Daylight
2022-02-05T16:15:00.000,I 285,I 285 and Flat Shoals Rd.,,Sideswipe-Same Direction,2,Clear,Dry,Daylight
2022-12-07T17:45:00.000,I 285,I 285 and Flat Shoals Rd.,,Rear End,2,Cloudy,Dry,Dark-Lighted
2022-08-29T15:18:00.000,I 285,I 285 and Flat Shoals Rd.,,Sideswipe-Same Direction,2,Clear,Dry,Daylight
2022-06-21T00:00:00.000,I 285,I 285 and Flat Shoals Rd.,,Sideswipe-Same Direction,3,Clear,Dry,Daylight
2022-12-27T18:50:00.000,I 285,I 285 and Flat Shoals Rd.,,Not a Collision with Motor Vehicle,2,Clear,Dry,Dark-Lighted
2022-12-06T17:00:00.000,I 285,I 285 and Flat Shoals Rd.,,Sideswipe-Same Direction,2,Cloudy,Dry,Daylight
2022-08-10T17:20:00.000,I 285,I 285 and Flat Shoals Rd.,,Rear End,2,Clear,Dry,Daylight
2022-09-07T15:30:00.000,I 285,I 285 and Flat Shoals Rd.,,Rear End,3,Clear,Dry,Daylight
2022-03-26T18:45:00.000,I 285,I 285 and Flat Shoals Rd.,,Rear End,3,Clear,Dry,Daylight
2022-08-09T15:52:00.000,I 285,I 285 and Flat Shoals Rd.,,Rear End,2,Cloudy,Dry,Daylight
2022-12-27T18:45:00.000,I 285,I 285 and Flat Shoals Rd.,,Not a Collision with Motor Vehicle,2,Clear,Dry,Dark-Lighted
2024-01-23T07:41:00.000,I 285,I 285 and Flat Shoals Rd.,,Rear End,2,Rain,Wet,Dawn
2023-05-08T09:51:00.000,I 285,I 285 and Flat Shoals Rd.,,Rear End,2,Clear,Dry,Daylight
2023-02-11T13:05:00.000,I 285,I 285 and Flat Shoals Rd.,,Not a Collision with Motor Vehicle,1,Clear,Water (standing or moving),Daylight
2023-11-13T13:38:00.000,I 285,I 285 and Flat Shoals Rd.,,Sideswipe-Same Direction,2,Clear,Dry,Daylight
2023-05-24T09:15:00.000,I 285,I 285 and Flat Shoals Rd.,,Rear End,3,Clear,Dry,Daylight
2023-02-03T13:35:00.000,I 285,I 285 and Flat Shoals Rd.,,Not a Collision with Motor Vehicle,2,Clear,Dry,Daylight
2023-07-25T07:40:00.000,I 285,I 285 and Flat Shoals Rd.,,Sideswipe-Same Direction,2,Clear,Dry,Daylight
2024-11-16T09:44:00.000,I 285,I 285 and Flat Shoals Rd.,,Rear End,2,Clear,Dry,Daylight
2024-02-06T12:13:00.000,I 285,I 285 and Flat Shoals Rd.,,Rear End,2,Clear,Dry,Daylight
2024-08-09T08:10:00.000,I 285,I 285 and Flat Shoals Rd.,,Rear End,2,Clear,Dry,Daylight
2021-02-10T19:20:00.000,I 285,I 285 and Flat Shoals Rd Entry Rp,,Rear End,2,Clear,Dry,Dark-Lighted
2023-03-20T16:24:00.000,I 285,I 285 and Flat Shoals Rd Candler Rd,,Rear End,2,Clear,Dry,Daylight
2021-04-06T15:30:00.000,I 285,I 285 and Flat Shoals Rd,,Sideswipe-Same Direction,3,Clear,Dry,Daylight
2021-04-06T08:20:00.000,I 285,I 285 and Flat Shoals Rd,,Angle Crash,2,Clear,Dry,Daylight
2021-06-16T11:40:00.000,I 285,I 285 and Flat Shoals Rd,,Rear End,2,Clear,Dry,Daylight
2021-05-24T18:00:00.000,I 285,I 285 and Flat Shoals Rd,,Rear End,2,Clear,Dry,Daylight
2021-05-09T17:55:00.000,I 285,I 285 and Flat Shoals Rd,,Rear End,2,Clear,Dry,Daylight
2021-09-10T22:00:00.000,I 285,I 285 and Flat Shoals Rd,,Not a Collision with Motor Vehicle,2,Clear,Dry,Dark-Lighted
2021-10-01T11:00:00.000,I 285,I 285 and Flat Shoals Rd,,Angle Crash,2,Clear,Dry,Daylight
2021-08-19T12:40:00.000,I 285,I 285 and Flat Shoals Rd,,Not a Collision with Motor Vehicle,1,Clear,Dry,Daylight
2021-05-25T15:40:00.000,I 285,I 285 and Flat Shoals Rd,,Rear End,2,Clear,Dry,Daylight
2021-05-15T01:00:00.000,I 285,I 285 and Flat Shoals Rd,,Angle Crash,2,Clear,Dry,Dark-Lighted
2021-04-15T07:25:00.000,I 285,I 285 and Flat Shoals Rd,,Not a Collision with Motor Vehicle,2,Clear,Dry,Dawn
2021-06-13T01:30:00.000,I 285,I 285 and Flat Shoals Rd,,Not a Collision with Motor Vehicle,1,Cloudy,Wet,Dark-Lighted
2021-03-11T06:48:00.000,I 285,I 285 and Flat Shoals Rd,,Angle Crash,2,Clear,Dry,Daylight
2021-01-17T02:26:00.000,I 285,I 285 and Flat Shoals Rd,,Angle Crash,3,Clear,Dry,Dark-Not Lighted
2021-04-19T14:43:00.000,I 285,I 285 and Flat Shoals Rd,,Rear End,2,Clear,Dry,Daylight
2021-05-24T17:30:00.000,I 285,I 285 and Flat Shoals Rd,,Rear End,2,Clear,Dry,Daylight
2021-01-18T15:04:00.000,I 285,I 285 and Flat Shoals Rd,,Rear End,3,Clear,Dry,Daylight
2021-05-06T16:49:00.000,I 285,I 285 and Flat Shoals Rd,,Rear End,2,Clear,Dry,Daylight
2021-08-27T17:41:00.000,I 285,I 285 and Flat Shoals Rd,,Rear End,6,Cloudy,Dry,Daylight
2021-08-29T10:33:00.000,I 285,I 285 and Flat Shoals Rd,,Rear End,2,Clear,Dry,Dark-Not Lighted
2021-10-15T17:52:00.000,I 285,I 285 and Flat Shoals Rd,,Rear End,2,Clear,Dry,Daylight
2021-07-16T15:00:00.000,I 285,I 285 and Flat Shoals Rd,,Rear End,3,Clear,Dry,Daylight
2021-01-08T13:00:00.000,I 285,I 285 and Flat Shoals Rd,,Not a Collision with Motor Vehicle,2,Cloudy,Wet,Daylight
2021-07-22T14:58:00.000,I 285,I 285 and Flat Shoals Rd,,Sideswipe-Same Direction,2,Clear,Dry,Daylight
2021-07-14T15:35:00.000,I 285,I 285 and Flat Shoals Rd,,Rear End,2,Clear,Dry,Daylight
2021-06-09T23:20:00.000,I 285,I 285 and Flat Shoals Rd,,Rear End,2,Rain,Wet,Dark-Not Lighted
2021-03-09T02:51:00.000,I 285,I 285 and Flat Shoals Rd,,Not a Collision with Motor Vehicle,1,Clear,Dry,Dark-Not Lighted
2021-06-12T16:30:00.000,I 285,I 285 and Flat Shoals Rd,,Sideswipe-Same Direction,2,Clear,Dry,Daylight
2021-07-19T03:58:00.000,I 285,I 285 and Flat Shoals Rd,,Not a Collision with Motor Vehicle,1,Cloudy,Dry,Dark-Not Lighted
2021-10-27T16:25:00.000,I 285,I 285 and Flat Shoals Rd,,Sideswipe-Same Direction,2,Cloudy,Dry,Daylight
2021-03-29T01:49:00.000,I 285,I 285 and Flat Shoals Rd,,Sideswipe-Same Direction,2,Clear,Dry,Dark-Not Lighted
2021-03-19T19:20:00.000,I 285,I 285 and Flat Shoals Rd,,Rear End,2,Cloudy,Dry,Dark-Lighted
2021-05-06T20:48:00.000,I 285,I 285 and Flat Shoals Rd,,Rear End,2,Clear,Dry,Dark-Not Lighted
2020-01-28T08:07:00.000,I 285,I 285 and Flat Shoals Rd,,Rear End,2,Clear,Dry,Daylight
2020-05-19T05:10:00.000,I 285,I 285 and Flat Shoals Rd,,Not a Collision with Motor Vehicle,1,Rain,Wet,Dark-Not Lighted
2020-12-30T19:45:00.000,I 285,I 285 and Flat Shoals Rd,,Not a Collision with Motor Vehicle,1,Clear,Dry,Dark-Not Lighted
2023-05-16T09:30:00.000,I 285,I 285 and Flat Shoals Rd,,Sideswipe-Same Direction,2,Clear,Dry,Daylight
2023-06-08T20:00:00.000,I 285,I 285 and Flat Shoals Rd,,Sideswipe-Same Direction,2,Clear,Dry,Daylight
2023-07-11T15:50:00.000,I 285,I 285 and Flat Shoals Rd,,Rear End,2,Clear,Dry,Daylight
2023-07-28T15:45:00.000,I 285,I 285 and Flat Shoals Rd,,Angle Crash,2,Clear,Dry,Daylight
2023-03-30T03:45:00.000,I 285,I 285 and Flat Shoals Rd,,Rear End,2,Clear,Dry,Dark-Not Lighted
2023-03-21T15:28:00.000,I 285,I 285 and Flat Shoals Rd,,Rear End,2,Clear,Dry,Daylight
2023-12-28T14:02:00.000,I 285,I 285 and Flat Shoals Rd,,Rear End,2,Clear,Dry,Daylight
2023-11-26T22:46:00.000,I 285,I 285 and Flat Shoals Rd,,Not a Collision with Motor Vehicle,1,Cloudy,Dry,Dark-Not Lighted
2023-06-02T17:01:00.000,I 285,I 285 and Flat Shoals Rd,,Rear End,2,Clear,Dry,Daylight
2023-02-24T17:12:00.000,I 285,I 285 and Flat Shoals Rd,,Rear End,2,Rain,Wet,Daylight
2023-01-17T07:14:00.000,I 285,I 285 and Flat Shoals Rd,,Sideswipe-Same Direction,2,Rain,Wet,Daylight
2023-10-13T22:30:00.000,I 285,I 285 and Flat Shoals Rd,,Sideswipe-Opposite Direction,2,Clear,Wet,Dark-Not Lighted
2023-09-12T22:00:00.000,I 285,I 285 and Flat Shoals Rd,,Rear End,4,Clear,Dry,Dark-Lighted
2023-12-11T04:43:00.000,I 285,I 285 and Flat Shoals Rd,,Sideswipe-Same Direction,2,Clear,Dry,Dark-Not Lighted
2023-11-01T08:45:00.000,I 285,I 285 and Flat Shoals Rd,,Rear End,2,Clear,Dry,Daylight
2023-12-29T22:24:00.000,I 285,I 285 and Flat Shoals Rd,,Angle Crash,4,Clear,Dry,Dark-Not Lighted
2023-09-09T22:30:00.000,I 285,I 285 and Flat Shoals Rd,,Rear End,2,Rain,Wet,Dark-Lighted
2023-08-14T15:42:00.000,I 285,I 285 and Flat Shoals Rd,,Sideswipe-Same Direction,2,Clear,Dry,Daylight
2023-10-11T09:44:00.000,I 285,I 285 and Flat Shoals Rd,,Angle Crash,3,Cloudy,Dry,Daylight
2023-10-10T17:40:00.000,I 285,I 285 and Flat Shoals Rd,,Rear End,2,Clear,Dry,Daylight
2023-01-26T18:33:00.000,I 285,I 285 and Flat Shoals Rd,,Rear End,2,Clear,Dry,Dark-Lighted
2023-10-11T03:04:00.000,I 285,I 285 and Flat Shoals Rd,,Rear End,2,Clear,Dry,Dark-Not Lighted
2023-01-31T08:25:00.000,I 285,I 285 and Flat Shoals Rd,,Angle Crash,2,Cloudy,Dry,Dawn
2023-12-07T13:26:00.000,I 285,I 285 and Flat Shoals Rd,,Sideswipe-Same Direction,2,Clear,Dry,Daylight
2023-05-19T14:50:00.000,I 285,I 285 and Flat Shoals Rd,,Rear End,2,Clear,Dry,Daylight
2023-02-08T17:20:00.000,I 285,I 285 and Flat Shoals Rd,,Rear End,2,Clear,Dry,Daylight
2023-01-26T18:07:00.000,I 285,I 285 and Flat Shoals Rd,,Rear End,2,Clear,Dry,Dark-Lighted
2023-09-04T00:00:00.000,I 285,I 285 and Flat Shoals Rd,,Not a Collision with Motor Vehicle,2,Cloudy,Dry,Daylight
2023-01-08T07:08:00.000,I 285,I 285 and Flat Shoals Rd,,Rear End,2,Clear,Dry,Dawn
2023-05-03T17:40:00.000,I 285,I 285 and Flat Shoals Rd,,Sideswipe-Same Direction,3,Clear,Dry,Daylight
2023-12-26T17:11:00.000,I 285,I 285 and Flat Shoals Rd,,Rear End,2,Clear,Wet,Daylight
2023-04-24T10:05:00.000,I 285,I 285 and Flat Shoals Rd,,Sideswipe-Same Direction,2,Clear,Dry,Daylight
2023-04-09T01:12:00.000,I 285,I 285 and Flat Shoals Rd,,Not a Collision with Motor Vehicle,1,Cloudy,Wet,Dark-Not Lighted
2023-06-07T08:00:00.000,I 285,I 285 and Flat Shoals Rd,,Sideswipe-Same Direction,2,Clear,Dry,Daylight
2023-12-29T00:00:00.000,I 285,I 285 and Flat Shoals Rd,,Angle Crash,2,Clear,Dry,Dark-Not Lighted
2023-04-26T05:40:00.000,I 285,I 285 and Flat Shoals Rd,,Angle Crash,2,Clear,Dry,Dark-Lighted
2023-02-18T14:00:00.000,I 285,I 285 and Flat Shoals Rd,,Sideswipe-Same Direction,2,Clear,Dry,Daylight
2023-10-11T01:35:00.000,I 285,I 285 and Flat Shoals Rd,,Rear End,2,Clear,Dry,Dark-Not Lighted
2023-11-02T19:20:00.000,I 285,I 285 and Flat Shoals Rd,,Rear End,2,Clear,Dry,Dark-Lighted
2023-12-30T23:05:00.000,I 285,I 285 and Flat Shoals Rd,,Rear End,2,Clear,Dry,Dark-Not Lighted
2023-12-01T17:15:00.000,I 285,I 285 and Flat Shoals Rd,,Sideswipe-Opposite Direction,3,Clear,Dry,Dark-Not Lighted
2023-05-28T10:45:00.000,I 285,I 285 and Flat Shoals Rd,,Head On,2,Clear,Dry,Daylight
2023-01-15T16:20:00.000,I 285,I 285 and Flat Shoals Rd,,Sideswipe-Same Direction,2,Clear,Dry,Daylight
2023-07-13T14:50:00.000,I 285,I 285 and Flat Shoals Rd,,Rear End,2,Clear,Dry,Daylight
2023-12-01T23:12:00.000,I 285,I 285 and Flat Shoals Rd,,Sideswipe-Same Direction,2,Cloudy,Wet,Dark-Not Lighted
2023-10-23T03:50:00.000,I 285,I 285 and Flat Shoals Rd,,Not a Collision with Motor Vehicle,1,Clear,Dry,Dark-Not Lighted
2022-09-16T18:15:00.000,I 285,I 285 and Flat Shoals Rd,,Rear End,2,Clear,Dry,Daylight
2023-10-11T01:51:00.000,I 285,I 285 and Flat Shoals Rd,,Sideswipe-Same Direction,2,Clear,Dry,Dark-Not Lighted
2021-07-16T19:00:00.000,I 285,I 285 and Flat Shoals Rd,,Sideswipe-Same Direction,2,Clear,Dry,Daylight
2020-10-17T22:19:00.000,I 285,I 285 and Flat Shoals Rd,,Not a Collision with Motor Vehicle,1,Clear,Dry,Dark-Not Lighted
2020-12-18T18:34:00.000,I 285,I 285 and Flat Shoals Rd,,Rear End,2,Clear,Dry,Daylight
2020-12-31T22:20:00.000,I 285,I 285 and Flat Shoals Rd,,Angle Crash,2,Cloudy,Dry,Dark-Lighted
2020-09-14T07:16:00.000,I 285,I 285 and Flat Shoals Rd,,Sideswipe-Same Direction,2,Clear,Dry,Daylight
2020-04-28T22:25:00.000,I 285,I 285 and Flat Shoals Rd,,Rear End,3,Clear,Dry,Dark-Not Lighted
2020-05-11T19:00:00.000,I 285,I 285 and Flat Shoals Rd,,Rear End,4,Clear,Dry,Dark-Lighted
2020-03-07T18:49:00.000,I 285,I 285 and Flat Shoals Rd,,Rear End,2,Clear,Dry,Dark-Lighted
2020-02-24T12:40:00.000,I 285,I 285 and Flat Shoals Rd,,Sideswipe-Same Direction,2,Rain,Wet,Daylight
2020-11-16T07:28:00.000,I 285,I 285 and Flat Shoals Rd,,Sideswipe-Same Direction,2,Clear,Dry,Daylight
2020-04-17T06:30:00.000,I 285,I 285 and Flat Shoals Rd,,Sideswipe-Same Direction,2,Clear,Dry,Dark-Lighted
2020-10-23T07:45:00.000,I 285,I 285 and Flat Shoals Rd,,Rear End,2,Clear,Dry,Daylight
2020-11-04T18:55:00.000,I 285,I 285 and Flat Shoals Rd,,Not a Collision with Motor Vehicle,2,Clear,Dry,Dark-Lighted
2020-02-11T07:45:00.000,I 285,I 285 and Flat Shoals Rd,,Rear End,2,Cloudy,Wet,Daylight
2020-02-27T18:39:00.000,I 285,I 285 and Flat Shoals Rd,,Sideswipe-Same Direction,2,Clear,Dry,Daylight
2020-09-17T07:38:00.000,I 285,I 285 and Flat Shoals Rd,,Rear End,2,Rain,Wet,Daylight
2020-08-25T10:27:00.000,I 285,I 285 and Flat Shoals Rd,,Sideswipe-Same Direction,2,Rain,Dry,Daylight
2020-09-18T12:00:00.000,I 285,I 285 and Flat Shoals Rd,,Sideswipe-Same Direction,2,Cloudy,Dry,Daylight
2020-02-16T11:37:00.000,I 285,I 285 and Flat Shoals Rd,,Rear End,2,Rain,Wet,Daylight
2020-05-08T11:30:00.000,I 285,I 285 and Flat Shoals Rd,,Angle Crash,5,Cloudy,Dry,Daylight
2020-08-21T16:20:00.000,I 285,I 285 and Flat Shoals Rd,,Rear End,2,Cloudy,Dry,Daylight
2020-12-03T19:00:00.000,I 285,I 285 and Flat Shoals Rd,,Not a Collision with Motor Vehicle,1,Clear,Dry,Dark-Not Lighted
2020-12-31T18:35:00.000,I 285,I 285 and Flat Shoals Rd,,Sideswipe-Same Direction,2,Rain,Wet,Dark-Not Lighted
2020-10-24T05:24:00.000,I 285,I 285 and Flat Shoals Rd,,Not a Collision with Motor Vehicle,1,Clear,Dry,Dark-Not Lighted
2020-12-30T19:45:00.000,I 285,I 285 and Flat Shoals Rd,,Not a Collision with Motor Vehicle,1,Clear,Dry,Dark-Not Lighted
2020-09-06T14:10:00.000,I 285,I 285 and Flat Shoals Rd,,Rear End,2,Clear,Dry,Daylight
2020-08-05T15:40:00.000,I 285,I 285 and Flat Shoals Rd,,Rear End,2,Rain,Wet,Daylight
2020-12-20T05:35:00.000,I 285,I 285 and Flat Shoals Rd,,Rear End,2,Rain,Wet,Dark-Not Lighted
2020-12-21T06:42:00.000,I 285,I 285 and Flat Shoals Rd,,Angle Crash,4,Clear,Dry,Dark-Lighted
2020-02-28T11:38:00.000,I 285,I 285 and Flat Shoals Rd,,Sideswipe-Same Direction,2,Clear,Dry,Daylight
2020-08-21T16:25:00.000,I 285,I 285 and Flat Shoals Rd,,Rear End,2,Cloudy,Dry,Daylight
2020-10-30T17:33:00.000,I 285,I 285 and Flat Shoals Rd,,Rear End,2,Clear,Dry,Daylight
2020-01-31T14:47:00.000,I 285,I 285 and Flat Shoals Rd,,Rear End,2,Cloudy,Wet,Daylight
2020-05-20T13:00:00.000,I 285,I 285 and Flat Shoals Rd,,Rear End,2,Cloudy,Dry,Daylight
2020-09-15T18:56:00.000,I 285,I 285 and Flat Shoals Rd,,Angle Crash,3,Clear,Dry,Daylight
2020-07-30T15:55:00.000,I 285,I 285 and Flat Shoals Rd,,Angle Crash,2,Clear,Dry,Daylight
2020-03-27T00:00:00.000,I 285,I 285 and Flat Shoals Rd,,Sideswipe-Same Direction,2,Clear,Dry,Daylight
2020-04-20T10:36:00.000,I 285,I 285 and Flat Shoals Rd,,Not a Collision with Motor Vehicle,1,Cloudy,Wet,Daylight
2020-12-14T22:41:00.000,I 285,I 285 and Flat Shoals Rd,,Sideswipe-Same Direction,2,Clear,Dry,Dark-Not Lighted
2020-07-23T08:57:00.000,I 285,I 285 and Flat Shoals Rd,,Not a Collision with Motor Vehicle,2,Clear,Dry,Daylight
2020-12-04T17:15:00.000,I 285,I 285 and Flat Shoals Rd,,Sideswipe-Same Direction,3,Cloudy,Wet,Dark-Not Lighted
2020-07-26T15:31:00.000,I 285,I 285 and Flat Shoals Rd,,Not a Collision with Motor Vehicle,2,Clear,Dry,Daylight
2020-10-16T18:50:00.000,I 285,I 285 and Flat Shoals Rd,,Rear End,2,Clear,Dry,Daylight
2020-09-18T20:00:00.000,I 285,I 285 and Flat Shoals Rd,,Sideswipe-Same Direction,2,Clear,Dry,Dark-Not Lighted
2020-04-28T22:25:00.000,I 285,I 285 and Flat Shoals Rd,,Rear End,3,Clear,Dry,Dark-Not Lighted
2021-05-17T07:45:00.000,I 285,I 285 and Flat Shoals Rd,,Sideswipe-Same Direction,2,Clear,Dry,Daylight
2021-05-29T16:30:00.000,I 285,I 285 and Flat Shoals Rd,,Angle Crash,5,Clear,Dry,Daylight
2021-05-28T15:00:00.000,I 285,I 285 and Flat Shoals Rd,,Angle Crash,2,Clear,Dry,Daylight
2021-04-29T14:59:00.000,I 285,I 285 and Flat Shoals Rd,,Rear End,2,Clear,Dry,Daylight
2021-05-09T00:14:00.000,I 285,I 285 and Flat Shoals Rd,,Sideswipe-Same Direction,2,Clear,Dry,Dark-Not Lighted
2021-04-19T14:29:00.000,I 285,I 285 and Flat Shoals Rd,,Rear End,2,Cloudy,Dry,Daylight
2021-05-16T22:15:00.000,I 285,I 285 and Flat Shoals Rd,,Not a Collision with Motor Vehicle,1,Clear,Dry,Dark-Not Lighted
2021-06-29T04:30:00.000,I 285,I 285 and Flat Shoals Rd,,Sideswipe-Same Direction,2,Cloudy,Wet,Dark-Lighted
2021-06-21T17:30:00.000,I 285,I 285 and Flat Shoals Rd,,Rear End,2,Cloudy,Dry,Daylight
2021-03-03T17:45:00.000,I 285,I 285 and Flat Shoals Rd,,Rear End,2,Clear,Dry,Daylight
2021-02-06T12:33:00.000,I 285,I 285 and Flat Shoals Rd,,Sideswipe-Same Direction,2,Clear,Dry,Daylight
2021-06-04T05:00:00.000,I 285,I 285 and Flat Shoals Rd,,Not a Collision with Motor Vehicle,1,Clear,Dry,Dark-Lighted
2021-06-28T22:50:00.000,I 285,I 285 and Flat Shoals Rd,,Rear End,2,Clear,Dry,Dark-Lighted
2021-12-03T11:39:00.000,I 285,I 285 and Flat Shoals Rd,,Sideswipe-Same Direction,2,Clear,Dry,Daylight
2021-08-07T17:25:00.000,I 285,I 285 and Flat Shoals Rd,,Angle Crash,3,Cloudy,Dry,Daylight
2021-11-11T14:00:00.000,I 285,I 285 and Flat Shoals Rd,,Angle Crash,2,Clear,Dry,Daylight
2021-11-10T16:20:00.000,I 285,I 285 and Flat Shoals Rd,,Rear End,2,Clear,Dry,Daylight
2021-12-28T07:15:00.000,I 285,I 285 and Flat Shoals Rd,,Sideswipe-Same Direction,2,Clear,Dry,Daylight
2021-07-18T00:00:00.000,I 285,I 285 and Flat Shoals Rd,,Rear End,2,Clear,Dry,Daylight
2021-07-23T00:00:00.000,I 285,I 285 and Flat Shoals Rd,,Sideswipe-Same Direction,2,Clear,Dry,Daylight
2021-11-19T15:00:00.000,I 285,I 285 and Flat Shoals Rd,,Sideswipe-Same Direction,2,Clear,Dry,Daylight
2021-11-20T06:00:00.000,I 285,I 285 and Flat Shoals Rd,,Rear End,2,Clear,Dry,Dark-Lighted
2021-08-05T18:50:00.000,I 285,I 285 and Flat Shoals Rd,,Rear End,2,Clear,Dry,Daylight
2021-09-03T10:17:00.000,I 285,I 285 and Flat Shoals Rd,,Sideswipe-Same Direction,2,Clear,Dry,Daylight
2021-07-24T00:00:00.000,I 285,I 285 and Flat Shoals Rd,,Rear End,3,Clear,Dry,Daylight
2021-09-25T23:16:00.000,I 285,I 285 and Flat Shoals Rd,,Sideswipe-Same Direction,2,Clear,Dry,Dark-Lighted
2021-12-29T15:00:00.000,I 285,I 285 and Flat Shoals Rd,,Rear End,2,Clear,Dry,Daylight
2021-10-18T18:30:00.000,I 285,I 285 and Flat Shoals Rd,,Rear End,2,Clear,Dry,Daylight
2021-10-27T17:15:00.000,I 285,I 285 and Flat Shoals Rd,,Rear End,2,Clear,Dry,Daylight
2021-08-28T11:50:00.000,I 285,I 285 and Flat Shoals Rd,,Sideswipe-Same Direction,2,Clear,Dry,Daylight
2022-09-03T00:00:00.000,I 285,I 285 and Flat Shoals Rd,,Rear End,2,Clear,Dry,Dark-Not Lighted
2022-09-16T16:34:00.000,I 285,I 285 and Flat Shoals Rd,,Rear End,2,Clear,Dry,Daylight
2022-12-20T15:34:00.000,I 285,I 285 and Flat Shoals Rd,,Rear End,2,Rain,Wet,Daylight
2022-02-11T10:50:00.000,I 285,I 285 and Flat Shoals Rd,,Rear End,2,Clear,Dry,Daylight
2022-06-06T19:20:00.000,I 285,I 285 and Flat Shoals Rd,,Rear End,2,Clear,Dry,Daylight
2021-11-13T13:23:00.000,I 285,I 285 and Flat Shoals Rd,,Rear End,2,Clear,Dry,Daylight
2021-07-15T17:00:00.000,I 285,I 285 and Flat Shoals Rd,,Rear End,2,Clear,Dry,Daylight
2022-09-30T18:52:00.000,I 285,I 285 and Flat Shoals Rd,,Sideswipe-Same Direction,2,Clear,Dry,Daylight
2022-05-21T21:53:00.000,I 285,I 285 and Flat Shoals Rd,,Rear End,2,Clear,Dry,Daylight
2022-06-23T10:20:00.000,I 285,I 285 and Flat Shoals Rd,,Angle Crash,2,Clear,Dry,Daylight
2022-09-02T23:56:00.000,I 285,I 285 and Flat Shoals Rd,,Rear End,2,Cloudy,Dry,Dark-Not Lighted
2022-02-03T07:30:00.000,I 285,I 285 and Flat Shoals Rd,,Rear End,2,Rain,Wet,Dawn
2022-04-24T22:32:00.000,I 285,I 285 and Flat Shoals Rd,,Angle Crash,3,Clear,Dry,Dark-Not Lighted
2022-09-01T10:00:00.000,I 285,I 285 and Flat Shoals Rd,,Rear End,2,Clear,Dry,Daylight