Date and Time,Roadway (From Crash Report),Intersection Name (from Crash Report),KABCO Severity,Manner of Collision (Crash Level) ,# of Vehicles per crash ,Weather Conditions (Crash Level),Surface Condition (Crash Level) ,Light Conditions (Crash Level)
2022-09-21T03:35:00.000,I 285,I 285 and Flat Shoals Rd,,Sideswipe-Same Direction,2,Clear,Dry,Dark-Not Lighted
2022-01-10T10:30:00.000,I 285,I 285 and Flat Shoals Rd,,Not a Collision with Motor Vehicle,1,Cloudy,Dry,Daylight
2022-05-16T15:30:00.000,I 285,I 285 and Flat Shoals Rd,,Angle Crash,2,Clear,Dry,Daylight
2022-06-03T16:20:00.000,I 285,I 285 and Flat Shoals Rd,,Rear End,2,Clear,Dry,Daylight
2022-12-06T08:12:00.000,I 285,I 285 and Flat Shoals Rd,,Not a Collision with Motor Vehicle,1,Rain,Wet,Daylight
2022-08-06T19:30:00.000,I 285,I 285 and Flat Shoals Rd,,Rear End,3,Rain,Wet,Dark-Lighted
2022-05-30T18:15:00.000,I 285,I 285 and Flat Shoals Rd,,Sideswipe-Same Direction,2,Cloudy,Dry,Daylight
2022-11-28T21:25:00.000,I 285,I 285 and Flat Shoals Rd,,Sideswipe-Same Direction,2,Clear,Dry,Dark-Not Lighted
2022-03-01T14:50:00.000,I 285,I 285 and Flat Shoals Rd,,Rear End,3,Clear,Dry,Daylight
2022-11-25T02:07:00.000,I 285,I 285 and Flat Shoals Rd,,Sideswipe-Same Direction,2,Rain,Wet,Dark-Not Lighted
2022-10-24T18:00:00.000,I 285,I 285 and Flat Shoals Rd,,Rear End,2,Clear,Dry,Daylight
2022-12-09T13:38:00.000,I 285,I 285 and Flat Shoals Rd,,Rear End,2,Rain,Wet,Daylight
2022-09-22T15:40:00.000,I 285,I 285 and Flat Shoals Rd,,Rear End,2,Cloudy,Dry,Daylight
2022-09-02T22:35:00.000,I 285,I 285 and Flat Shoals Rd,,Rear End,2,Cloudy,Dry,Dark-Not Lighted
2022-08-18T18:05:00.000,I 285,I 285 and Flat Shoals Rd,,Rear End,2,Clear,Dry,Daylight
2022-12-24T21:45:00.000,I 285,I 285 and Flat Shoals Rd,,Rear End,2,Clear,Dry,Dark-Lighted
2022-01-31T11:15:00.000,I 285,I 285 and Flat Shoals Rd,,Angle Crash,2,Clear,Dry,Daylight
2022-04-05T05:30:00.000,I 285,I 285 and Flat Shoals Rd,,Not a Collision with Motor Vehicle,1,Clear,Dry,Dark-Not Lighted
2022-02-12T19:27:00.000,I 285,I 285 and Flat Shoals Rd,,Sideswipe-Same Direction,2,Clear,Dry,Dark-Not Lighted
2022-10-23T18:30:00.000,I 285,I 285 and Flat Shoals Rd,,Rear End,2,Clear,Dry,Dark-Not Lighted
2022-07-30T06:00:00.000,I 285,I 285 and Flat Shoals Rd,,Not a Collision with Motor Vehicle,1,Clear,Dry,Dawn
2022-07-26T20:00:00.000,I 285,I 285 and Flat Shoals Rd,,Rear End,2,Clear,Dry,Daylight
2021-10-04T13:50:00.000,I 285,I 285 and Flat Shoals Rd,,Rear End,2,Cloudy,Dry,Daylight
2021-08-25T02:10:00.000,I 285,I 285 and Flat Shoals Rd,,Not a Collision with Motor Vehicle,1,Clear,Dry,Dark-Not Lighted
2021-07-15T14:44:00.000,I 285,I 285 and Flat Shoals Rd,,Rear End,2,Clear,Dry,Daylight
2021-11-05T00:00:00.000,I 285,I 285 and Flat Shoals Rd,,Sideswipe-Opposite Direction,2,Clear,Dry,Daylight
2022-02-23T13:00:00.000,I 285,I 285 and Flat Shoals Rd,,Rear End,2,Clear,Dry,Daylight
2022-05-19T20:24:00.000,I 285,I 285 and Flat Shoals Rd,,Not a Collision with Motor Vehicle,1,Clear,Dry,Dawn
2022-12-04T17:50:00.000,I 285,I 285 and Flat Shoals Rd,,Rear End,2,Cloudy,Dry,Dark-Not Lighted
2022-07-15T10:48:00.000,I 285,I 285 and Flat Shoals Rd,,Rear End,2,Clear,Dry,Daylight
2022-03-30T09:30:00.000,I 285,I 285 and Flat Shoals Rd,,Rear End,2,Clear,Dry,Daylight
2022-05-25T07:45:00.000,I 285,I 285 and Flat Shoals Rd,,Angle Crash,2,Cloudy,Wet,Daylight
2022-07-30T03:12:00.000,I 285,I 285 and Flat Shoals Rd,,Not a Collision with Motor Vehicle,1,Rain,Wet,Dark-Not Lighted
2022-09-26T19:50:00.000,I 285,I 285 and Flat Shoals Rd,,Not a Collision with Motor Vehicle,2,Clear,Dry,Dark-Not Lighted
2022-10-19T17:29:00.000,I 285,I 285 and Flat Shoals Rd,,Rear End,2,Clear,Dry,Daylight
2022-07-30T03:19:00.000,I 285,I 285 and Flat Shoals Rd,,Not a Collision with Motor Vehicle,1,Rain,Water (standing or moving),Dark-Not Lighted
2022-12-20T15:51:00.000,I 285,I 285 and Flat Shoals Rd,,Sideswipe-Same Direction,2,Rain,Wet,Daylight
2022-10-18T18:08:00.000,I 285,I 285 and Flat Shoals Rd,,Rear End,2,Clear,Dry,Daylight
2022-09-22T18:36:00.000,I 285,I 285 and Flat Shoals Rd,,Rear End,2,Clear,Dry,Daylight
2022-11-20T21:45:00.000,I 285,I 285 and Flat Shoals Rd,,Sideswipe-Same Direction,2,Clear,Dry,Dark-Lighted
2022-11-25T01:40:00.000,I 285,I 285 and Flat Shoals Rd,,Sideswipe-Same Direction,2,Rain,Wet,Dark-Not Lighted
2022-04-07T16:20:00.000,I 285,I 285 and Flat Shoals Rd,,Not a Collision with Motor Vehicle,2,Clear,Dry,Daylight
2022-08-15T17:00:00.000,I 285,I 285 and Flat Shoals Rd,,Sideswipe-Same Direction,2,Clear,Dry,Daylight
2022-11-29T15:30:00.000,I 285,I 285 and Flat Shoals Rd,,Rear End,2,Clear,Dry,Daylight
2022-05-16T08:37:00.000,I 285,I 285 and Flat Shoals Rd,,Rear End,5,Clear,Dry,Daylight
2022-04-13T07:40:00.000,I 285,I 285 and Flat Shoals Rd,,Rear End,2,Clear,Dry,Daylight
2022-06-28T08:49:00.000,I 285,I 285 and Flat Shoals Rd,,Sideswipe-Same Direction,2,Cloudy,Dry,Daylight
2022-02-14T13:20:00.000,I 285,I 285 and Flat Shoals Rd,,Rear End,2,Clear,Dry,Daylight
2022-11-30T05:00:00.000,I 285,I 285 and Flat Shoals Rd,,Not a Collision with Motor Vehicle,1,Rain,Wet,Dark-Not Lighted
2022-04-08T22:50:00.000,I 285,I 285 and Flat Shoals Rd,,Angle Crash,2,Clear,Dry,Dark-Lighted
2022-06-29T08:30:00.000,I 285,I 285 and Flat Shoals Rd,,Not a Collision with Motor Vehicle,1,Cloudy,Wet,Daylight
2022-09-01T10:00:00.000,I 285,I 285 and Flat Shoals Rd,,Rear End,2,Clear,Dry,Daylight
2022-12-22T22:43:00.000,I 285,I 285 and Flat Shoals Rd,,Rear End,2,Rain,Wet,Dark-Not Lighted
2022-07-06T14:04:00.000,I 285,I 285 and Flat Shoals Rd,,Rear End,2,Clear,Dry,Daylight
2022-12-29T18:00:00.000,I 285,I 285 and Flat Shoals Rd,,Rear End,2,Cloudy,Dry,Dark-Not Lighted
2022-02-12T12:50:00.000,I 285,I 285 and Flat Shoals Rd,,Rear End,2,Clear,Dry,Daylight
2022-06-29T00:30:00.000,I 285,I 285 and Flat Shoals Rd,,Sideswipe-Same Direction,2,Rain,Wet,Dark-Lighted
2022-06-21T23:08:00.000,I 285,I 285 and Flat Shoals Rd,,Sideswipe-Same Direction,2,Clear,Dry,Dark-Not Lighted
2022-03-12T00:00:00.000,I 285,I 285 and Flat Shoals Rd,,Sideswipe-Opposite Direction,2,Clear,Dry,Daylight
2022-03-03T11:50:00.000,I 285,I 285 and Flat Shoals Rd,,Angle Crash,2,Clear,Dry,Daylight
2022-01-01T00:46:00.000,I 285,I 285 and Flat Shoals Rd,,Sideswipe-Same Direction,2,Cloudy,Wet,Dark-Lighted
2022-02-14T12:51:00.000,I 285,I 285 and Flat Shoals Rd,,Angle Crash,2,Clear,Dry,Daylight
2022-05-22T23:40:00.000,I 285,I 285 and Flat Shoals Rd,,Rear End,2,Rain,Wet,Dark-Lighted
2022-09-09T17:20:00.000,I 285,I 285 and Flat Shoals Rd,,Rear End,2,Cloudy,Dry,Daylight
2022-08-31T16:00:00.000,I 285,I 285 and Flat Shoals Rd,,Rear End,2,Clear,Dry,Daylight
2022-11-08T17:20:00.000,I 285,I 285 and Flat Shoals Rd,,Sideswipe-Opposite Direction,2,Clear,Dry,Dark-Lighted
2022-05-18T23:44:00.000,I 285,I 285 and Flat Shoals Rd,,Angle Crash,2,Clear,Dry,Dark-Not Lighted
2022-03-07T16:40:00.000,I 285,I 285 and Flat Shoals Rd,,Rear End,2,Rain,Wet,Daylight
2022-12-31T15:20:00.000,I 285,I 285 and Flat Shoals Rd,,Sideswipe-Same Direction,2,Clear,Wet,Daylight
2022-04-26T22:03:00.000,I 285,I 285 and Flat Shoals Rd,,Sideswipe-Same Direction,2,Clear,Dry,Dark-Not Lighted
2022-12-23T01:28:00.000,I 285,I 285 and Flat Shoals Rd,,Angle Crash,2,Cloudy,Wet,Dark-Lighted
2022-07-08T22:00:00.000,I 285,I 285 and Flat Shoals Rd,,Rear End,2,Clear,Dry,Dark-Lighted
2022-06-20T06:00:00.000,I 285,I 285 and Flat Shoals Rd,,Rear End,2,Clear,Dry,Daylight
2022-08-02T08:58:00.000,I 285,I 285 and Flat Shoals Rd,,Rear End,2,Cloudy,Dry,Daylight
2022-07-16T23:44:00.000,I 285,I 285 and Flat Shoals Rd,,Rear End,2,Clear,Dry,Dark-Not Lighted
2022-09-23T10:28:00.000,I 285,I 285 and Flat Shoals Rd,,Not a Collision with Motor Vehicle,2,Clear,Dry,Daylight
2022-01-06T18:00:00.000,I 285,I 285 and Flat Shoals Rd,,Rear End,2,Cloudy,Dry,Dark-Not Lighted
2022-02-03T11:39:00.000,I 285,I 285 and Flat Shoals Rd,,Rear End,2,Clear,Dry,Daylight
2022-12-01T16:20:00.000,I 285,I 285 and Flat Shoals Rd,,Not a Collision with Motor Vehicle,2,Clear,Dry,Daylight
2022-05-23T04:10:00.000,I 285,I 285 and Flat Shoals Rd,,Sideswipe-Same Direction,2,Cloudy,Dry,Dark-Not Lighted
2022-09-09T00:04:00.000,I 285,I 285 and Flat Shoals Rd,,Sideswipe-Same Direction,2,Clear,Dry,Dark-Not Lighted
2023-01-31T21:38:00.000,I 285,I 285 and Flat Shoals Rd,,Not a Collision with Motor Vehicle,2,Clear,Dry,Dark-Not Lighted
2023-11-30T10:00:00.000,I 285,I 285 and Flat Shoals Rd,,Angle Crash,2,Cloudy,Dry,Daylight
2023-12-09T02:40:00.000,I 285,I 285 and Flat Shoals Rd,,Not a Collision with Motor Vehicle,1,Clear,Dry,Dark-Not Lighted
2023-11-15T17:00:00.000,I 285,I 285 and Flat Shoals Rd,,Rear End,2,Clear,Dry,Daylight
2023-07-25T20:48:00.000,I 285,I 285 and Flat Shoals Rd,,Not a Collision with Motor Vehicle,2,Clear,Dry,Dark-Lighted
2023-04-19T07:45:00.000,I 285,I 285 and Flat Shoals Rd,,Rear End,2,Clear,Dry,Daylight
2023-08-17T15:30:00.000,I 285,I 285 and Flat Shoals Rd,,Sideswipe-Same Direction,2,Clear,Dry,Daylight
2023-09-13T07:33:00.000,I 285,I 285 and Flat Shoals Rd,,Sideswipe-Same Direction,2,Cloudy,Wet,Dawn
2023-05-15T09:45:00.000,I 285,I 285 and Flat Shoals Rd,,Sideswipe-Same Direction,2,Clear,Dry,Daylight
2024-12-12T06:50:00.000,I 285,I 285 and Flat Shoals Rd,,Not a Collision with Motor Vehicle,2,Clear,Dry,Dawn
2024-09-13T06:30:00.000,I 285,I 285 and Flat Shoals Rd,,Rear End,2,Cloudy,Dry,Dark-Lighted
2024-06-13T16:20:00.000,I 285,I 285 and Flat Shoals Rd,,Rear End,2,Clear,Dry,Daylight
2024-11-12T15:45:00.000,I 285,I 285 and Flat Shoals Rd,,Rear End,2,Clear,Dry,Daylight
2024-07-31T14:54:00.000,I 285,I 285 and Flat Shoals Rd,,Rear End,3,Clear,Dry,Daylight
2024-09-12T16:00:00.000,I 285,I 285 and Flat Shoals Rd,,Sideswipe-Same Direction,2,Rain,Wet,Daylight
2024-04-20T15:42:00.000,I 285,I 285 and Flat Shoals Rd,,Rear End,2,Clear,Dry,Daylight
2024-05-22T09:50:00.000,I 285,I 285 and Flat Shoals Rd,,Rear End,2,Clear,Dry,Daylight
2024-04-15T13:41:00.000,I 285,I 285 and Flat Shoals Rd,,Rear End,2,Clear,Dry,Daylight
2024-02-10T12:45:00.000,I 285,I 285 and Flat Shoals Rd,,Rear End,2,Cloudy,Dry,Daylight
2024-03-14T16:00:00.000,I 285,I 285 and Flat Shoals Rd,,Rear End,2,Clear,Dry,Daylight
2024-10-09T10:28:00.000,I 285,I 285 and Flat Shoals Rd,,Sideswipe-Same Direction,2,Clear,Dry,Daylight
2024-02-05T08:00:00.000,I 285,I 285 and Flat Shoals Rd,,Sideswipe-Same Direction,2,Clear,Dry,Daylight
2024-03-02T16:30:00.000,I 285,I 285 and Flat Shoals Rd,,Rear End,2,Clear,Dry,Daylight
2024-11-13T15:48:00.000,I 285,I 285 and Flat Shoals Rd,,Sideswipe-Same Direction,2,Clear,Dry,Daylight
2024-09-14T23:10:00.000,I 285,I 285 and Flat Shoals Rd,,Sideswipe-Same Direction,2,Cloudy,Wet,Dark-Not Lighted
2024-02-06T17:00:00.000,I 285,I 285 and Flat Shoals Rd,,Rear End,2,Clear,Dry,Dawn
2023-12-01T16:00:00.000,I 285,I 285 and Flat Shoals Rd,,Rear End,3,Clear,Dry,Dark-Lighted
2023-05-05T15:38:00.000,I 285,I 285 and Flat Shoals Rd,,Rear End,2,Clear,Wet,Daylight
2023-09-04T16:45:00.000,I 285,I 285 and Flat Shoals Rd,,Rear End,2,Clear,Dry,Daylight
2023-11-02T15:48:00.000,I 285,I 285 and Flat Shoals Rd,,Sideswipe-Same Direction,2,Clear,Dry,Daylight
2023-03-29T22:07:00.000,I 285,I 285 and Flat Shoals Rd,,Not a Collision with Motor Vehicle,1,Clear,Dry,Dark-Not Lighted
2024-03-28T11:30:00.000,I 285,I 285 and Flat Shoals Rd,,Rear End,2,Clear,Dry,Daylight
2024-08-26T18:26:00.000,I 285,I 285 and Flat Shoals Rd,,Angle Crash,2,Clear,Dry,Daylight
2024-11-01T14:30:00.000,I 285,I 285 and Flat Shoals Rd,,Rear End,2,Clear,Dry,Daylight
2024-07-05T13:28:00.000,I 285,I 285 and Flat Shoals Rd,,Rear End,2,Cloudy,Dry,Daylight
2024-09-19T15:30:00.000,I 285,I 285 and Flat Shoals Rd,,Rear End,2,Clear,Dry,Daylight
2024-10-08T11:45:00.000,I 285,I 285 and Flat Shoals Rd,,Sideswipe-Same Direction,3,Clear,Dry,Daylight
2024-07-24T18:56:00.000,I 285,I 285 and Flat Shoals Rd,,Not a Collision with Motor Vehicle,2,Rain,Wet,Daylight
2024-11-30T16:00:00.000,I 285,I 285 and Flat Shoals Rd,,Rear End,2,Clear,Dry,Daylight
2023-06-06T16:30:00.000,I 285,I 285 and Flat Shoals Rd,,Rear End,2,Clear,Dry,Daylight
2023-10-11T01:51:00.000,I 285,I 285 and Flat Shoals Rd,,Rear End,2,Clear,Dry,Dark-Not Lighted
2023-07-25T15:15:00.000,I 285,I 285 and Flat Shoals Rd,,Sideswipe-Same Direction,2,Clear,Dry,Daylight
2023-04-20T09:55:00.000,I 285,I 285 and Flat Shoals Rd,,Sideswipe-Same Direction,2,Clear,Dry,Daylight
2023-09-13T08:31:00.000,I 285,I 285 and Flat Shoals Rd,,Rear End,2,Clear,Dry,Daylight
2023-10-21T21:00:00.000,I 285,I 285 and Flat Shoals Rd,,Sideswipe-Same Direction,2,Clear,Dry,Dark-Not Lighted
2023-10-19T21:54:00.000,I 285,I 285 and Flat Shoals Rd,,Sideswipe-Same Direction,2,Clear,Dry,Dark-Not Lighted
2023-07-21T19:35:00.000,I 285,I 285 and Flat Shoals Rd,,Rear End,2,Severe Thunderstorm or Tornadic,Wet,Daylight
2023-08-14T08:58:00.000,I 285,I 285 and Flat Shoals Rd,,Sideswipe-Same Direction,2,Clear,Dry,Daylight
2023-05-01T17:00:00.000,I 285,I 285 and Flat Shoals Rd,,Rear End,2,Clear,Dry,Daylight
2023-09-23T19:22:00.000,I 285,I 285 and Flat Shoals Rd,,Not a Collision with Motor Vehicle,1,Clear,Dry,Dark-Not Lighted
2023-12-27T08:30:00.000,I 285,I 285 and Flat Shoals Rd,,Sideswipe-Same Direction,2,Clear,Dry,Daylight
2023-01-02T11:15:00.000,I 285,I 285 and Flat Shoals Rd,,Rear End,2,Cloudy,Dry,Daylight
2023-02-12T02:55:00.000,I 285,I 285 and Flat Shoals Rd,,Rear End,2,Rain,Wet,Dark-Not Lighted
2023-07-13T06:33:00.000,I 285,I 285 and Flat Shoals Rd,,Sideswipe-Same Direction,4,Clear,Dry,Daylight
2023-08-20T00:01:00.000,I 285,I 285 and Flat Shoals Rd,,Sideswipe-Same Direction,2,Clear,Dry,Dark-Lighted
2023-10-29T15:40:00.000,I 285,I 285 and Flat Shoals Rd,,Rear End,2,Clear,Dry,Daylight
2023-09-15T23:30:00.000,I 285,I 285 and Flat Shoals Rd,,Sideswipe-Same Direction,2,Clear,Dry,Dark-Not Lighted
2023-12-10T22:37:00.000,I 285,I 285 and Flat Shoals Rd,,Angle Crash,2,Clear,Wet,Dark-Not Lighted
2023-08-07T18:10:00.000,I 285,I 285 and Flat Shoals Rd,,Rear End,3,Clear,Dry,Daylight
2023-07-18T14:30:00.000,I 285,I 285 and Flat Shoals Rd,,Angle Crash,2,Cloudy,Dry,Dark-Lighted
2024-06-13T13:00:00.000,I 285,I 285 and Flat Shoals Rd,,Sideswipe-Opposite Direction,2,Clear,Dry,Daylight
2024-11-27T15:32:00.000,I 285,I 285 and Flat Shoals Rd,,Rear End,4,Clear,Dry,Daylight
2024-08-10T15:30:00.000,I 285,I 285 and Flat Shoals Rd,,Rear End,2,Clear,Dry,Daylight
2024-09-16T16:10:00.000,I 285,I 285 and Flat Shoals Rd,,Rear End,2,Clear,Dry,Daylight
2024-09-25T18:36:00.000,I 285,I 285 and Flat Shoals Rd,,Rear End,2,Rain,Wet,Daylight
2024-08-10T15:36:00.000,I 285,I 285 and Flat Shoals Rd,,Sideswipe-Same Direction,2,Clear,Dry,Daylight
2024-03-09T16:00:00.000,I 285,I 285 and Flat Shoals Rd,,Rear End,2,Cloudy,Dry,Daylight
2024-09-27T12:15:00.000,I 285,I 285 and Flat Shoals Rd,,Rear End,2,Cloudy,Dry,Daylight
2024-04-21T14:30:00.000,I 285,I 285 and Flat Shoals Rd,,Rear End,2,Clear,Wet,Daylight
2024-11-23T01:09:00.000,I 285,I 285 and Flat Shoals Rd,,Sideswipe-Same Direction,2,Clear,Dry,Dark-Not Lighted
2024-07-17T17:59:00.000,I 285,I 285 and Flat Shoals Rd,,Sideswipe-Same Direction,2,Cloudy,Dry,Daylight
2024-09-20T17:00:00.000,I 285,I 285 and Flat Shoals Rd,,Rear End,2,Clear,Dry,Daylight
2024-09-09T14:30:00.000,I 285,I 285 and Flat Shoals Rd,,Sideswipe-Same Direction,2,Clear,Dry,Daylight
2024-02-11T14:22:00.000,I 285,I 285 and Flat Shoals Rd,,Not a Collision with Motor Vehicle,1,Cloudy,Dry,Daylight
2024-11-12T14:00:00.000,I 285,I 285 and Flat Shoals Rd,,Sideswipe-Same Direction,2,Clear,Dry,Daylight
2024-08-09T11:42:00.000,I 285,I 285 and Flat Shoals Rd,,Sideswipe-Same Direction,2,Clear,Dry,Daylight
2024-01-12T11:50:00.000,I 285,I 285 and Flat Shoals Rd,,Rear End,2,Rain,Wet,Daylight
2024-08-26T15:00:00.000,I 285,I 285 and Flat Shoals Rd,,Rear End,2,Clear,Dry,Daylight
2024-04-19T19:40:00.000,I 285,I 285 and Flat Shoals Rd,,Not a Collision with Motor Vehicle,1,Clear,Dry,Dusk
2024-05-19T21:20:00.000,I 285,I 285 and Flat Shoals Rd,,Not a Collision with Motor Vehicle,1,Clear,Dry,Dark-Not Lighted
2024-08-31T11:45:00.000,I 285,I 285 and Flat Shoals Rd,,Not a Collision with Motor Vehicle,1,Clear,Dry,Daylight
2024-02-10T13:30:00.000,I 285,I 285 and Flat Shoals Rd,,Rear End,2,Cloudy,Dry,Daylight
2024-04-07T17:10:00.000,I 285,I 285 and Flat Shoals Rd,,Rear End,4,Clear,Dry,Daylight
2024-01-19T21:00:00.000,I 285,I 285 and Flat Shoals Rd,,Sideswipe-Same Direction,2,Clear,Dry,Dark-Lighted
2024-12-11T16:00:00.000,I 285,I 285 and Flat Shoals Rd,,Sideswipe-Same Direction,2,Clear,Dry,Daylight
2024-09-13T07:00:00.000,I 285,I 285 and Flat Shoals Rd,,Rear End,3,Cloudy,Dry,Dark-Lighted
2024-12-13T13:50:00.000,I 285,I 285 and Flat Shoals Rd,,Sideswipe-Same Direction,2,Clear,Dry,Daylight
2024-12-09T20:15:00.000,I 285,I 285 and Flat Shoals Rd,,Sideswipe-Same Direction,2,Rain,Wet,Dark-Lighted
2024-06-12T13:35:00.000,I 285,I 285 and Flat Shoals Rd,,Rear End,2,Clear,Dry,Daylight
2024-07-05T15:55:00.000,I 285,I 285 and Flat Shoals Rd,,Rear End,2,Cloudy,Dry,Daylight
2024-06-13T04:13:00.000,I 285,I 285 and Flat Shoals Rd,,Sideswipe-Same Direction,2,Clear,Dry,Dark-Not Lighted
2024-04-15T14:27:00.000,I 285,I 285 and Flat Shoals Rd,,Rear End,2,Clear,Dry,Daylight
2024-12-23T12:43:00.000,I 285,I 285 and Flat Shoals Rd,,Rear End,2,Clear,Dry,Daylight
2024-04-13T13:15:00.000,I 285,I 285 and Flat Shoals Rd,,Rear End,2,Clear,Dry,Daylight
2024-02-10T15:30:00.000,I 285,I 285 and Flat Shoals Rd,,Rear End,2,Clear,Dry,Daylight
2024-11-20T17:30:00.000,I 285,I 285 and Flat Shoals Rd,,Angle Crash,2,Clear,Dry,Daylight
2024-10-26T22:22:00.000,I 285,I 285 and Flat Shoals Rd,,Rear End,2,Clear,Dry,Dark-Not Lighted
2024-11-18T15:30:00.000,I 285,I 285 and Flat Shoals Rd,,Sideswipe-Same Direction,2,Clear,Dry,Daylight
2024-09-25T15:24:00.000,I 285,I 285 and Flat Shoals Rd,,Not a Collision with Motor Vehicle,1,Rain,Wet,Daylight
2024-07-07T23:11:00.000,I 285,I 285 and Flat Shoals Rd,,Rear End,2,Rain,Wet,Dark-Not Lighted
2024-08-27T14:27:00.000,I 285,I 285 and Flat Shoals Rd,,Rear End,2,Clear,Dry,Daylight
2024-07-29T15:18:00.000,I 285,I 285 and Flat Shoals Rd,,Sideswipe-Same Direction,2,Cloudy,Wet,Daylight
2024-09-24T16:52:00.000,I 285,I 285 and Flat Shoals Rd,,Rear End,5,Clear,Dry,Daylight
2024-12-23T12:43:00.000,I 285,I 285 and Flat Shoals Rd,,Rear End,3,Clear,Dry,Daylight
2024-02-04T23:40:00.000,I 285,I 285 and Flat Shoals Rd,,Angle Crash,2,Rain,Wet,Dark-Not Lighted
2024-12-11T18:58:00.000,I 285,I 285 and Flat Shoals Rd,,Sideswipe-Same Direction,2,Clear,Dry,Dark-Not Lighted
2024-05-09T14:25:00.000,I 285,I 285 and Flat Shoals Rd,,Rear End,2,Cloudy,Wet,Daylight
2024-10-05T13:05:00.000,I 285,I 285 and Flat Shoals Rd,,Rear End,2,Clear,Dry,Daylight
2024-12-11T17:27:00.000,I 285,I 285 and Flat Shoals Rd,,Sideswipe-Same Direction,2,Clear,Dry,Dusk
2024-11-22T18:00:00.000,I 285,I 285 and Flat Shoals Rd,,Sideswipe-Opposite Direction,2,Clear,Dry,Dark-Not Lighted
2024-03-06T04:00:00.000,I 285,I 285 and Flat Shoals Rd,,Sideswipe-Same Direction,2,Rain,Wet,Dark-Lighted
2024-07-19T15:58:00.000,I 285,I 285 and Flat Shoals Rd,,Rear End,2,Cloudy,Dry,Daylight
2024-04-05T02:13:00.000,I 285,I 285 and Flat Shoals Rd,,Angle Crash,2,Clear,Dry,Dark-Not Lighted
2024-07-20T03:49:00.000,I 285,I 285 and Flat Shoals Rd,,Not a Collision with Motor Vehicle,1,Rain,Water (standing or moving),Dark-Not Lighted
2024-01-20T21:51:00.000,I 285,I 285 and Flat Shoals Rd,,Rear End,2,Clear,Dry,Dark-Not Lighted
2024-10-18T21:45:00.000,I 285,I 285 and Flat Shoals Rd,,Rear End,3,Clear,Dry,Dark-Not Lighted
2024-06-05T11:00:00.000,I 285,I 285 and Flat Shoals Rd,,Sideswipe-Same Direction,2,Rain,Wet,Daylight
2024-11-07T20:25:00.000,I 285,I 285 and Flat Shoals Rd,,Rear End,2,Clear,Dry,Dark-Not Lighted
2024-10-04T20:50:00.000,I 285,I 285 and Flat Shoals Rd,,Not a Collision with Motor Vehicle,1,Clear,Dry,Dark-Lighted
2024-06-15T15:55:00.000,I 285,I 285 and Flat Shoals Rd,,Rear End,3,Clear,Dry,Daylight
2024-10-09T17:30:00.000,I 285,I 285 and Flat Shoals Rd,,Sideswipe-Same Direction,2,Clear,Dry,Daylight
2024-02-16T15:00:00.000,I 285,I 285 and Flat Shoals Rd,,Sideswipe-Same Direction,2,Clear,Dry,Daylight
2024-11-27T14:45:00.000,I 285,I 285 and Flat Shoals Rd,,Sideswipe-Same Direction,2,Clear,Dry,Daylight
2024-09-20T08:45:00.000,I 285,I 285 and Flat Shoals Rd,,Sideswipe-Same Direction,2,Clear,Dry,Daylight
2024-06-06T13:10:00.000,I 285,I 285 and Flat Shoals Rd,,Rear End,2,Clear,Dry,Daylight
2024-05-24T17:50:00.000,I 285,I 285 and Flat Shoals Rd,,Sideswipe-Opposite Direction,2,Clear,Dry,Daylight
2024-07-17T21:30:00.000,I 285,I 285 and Flat Shoals Rd,,Not a Collision with Motor Vehicle,1,Clear,Dry,Dark-Not Lighted
2024-03-19T17:13:00.000,I 285,I 285 and Flat Shoals Rd,,Rear End,3,Clear,Dry,Dark-Not Lighted
2024-06-19T15:00:00.000,I 285,I 285 and Flat Shoals Rd,,Rear End,2,Clear,Dry,Daylight
2020-12-10T10:37:00.000,I 285,I 285 and Flat Shoals Pwy,,Rear End,2,Clear,Dry,Daylight
2021-03-13T21:48:00.000,I 285,I 285 and Flat Shoals Pwy,,Sideswipe-Same Direction,2,Clear,Dry,Dark-Not Lighted
2024-05-04T07:13:00.000,I 285,I 285 and Flat Shoals Pky,,Not a Collision with Motor Vehicle,1,Rain,Wet,Daylight
2021-12-23T18:40:00.000,I 285,I 285 and Flat Shoals Pkwy.,,Sideswipe-Same Direction,2,Clear,Dry,Dark-Lighted
2021-08-07T07:00:00.000,I 285,I 285 and Flat Shoals Pkwy Entry Rp,,Sideswipe-Same Direction,2,Clear,Dry,Daylight
2021-04-16T02:26:00.000,I 285,I 285 and Flat Shoals Pkwy,,Angle Crash,2,Clear,Dry,Dark-Not Lighted
2021-03-13T02:45:00.000,I 285,I 285 and Flat Shoals Pkwy,,Not a Collision with Motor Vehicle,1,Clear,Dry,Dark-Lighted
2021-04-12T17:30:00.000,I 285,I 285 and Flat Shoals Pkwy,,Rear End,5,Clear,Dry,Daylight
2021-03-05T07:28:00.000,I 285,I 285 and Flat Shoals Pkwy,,Angle Crash,2,Clear,Dry,Daylight
2021-03-20T17:50:00.000,I 285,I 285 and Flat Shoals Pkwy,,Rear End,2,Clear,Dry,Daylight
2021-04-23T07:45:00.000,I 285,I 285 and Flat Shoals Pkwy,,Rear End,2,Clear,Dry,Daylight