Date and Time,Roadway (From Crash Report),Intersection Name (from Crash Report),KABCO Severity,Manner of Collision (Crash Level) ,# of Vehicles per crash ,Weather Conditions (Crash Level),Surface Condition (Crash Level) ,Light Conditions (Crash Level)
2021-10-07T19:50:00.000,I 285,I 285 and Flat Shoals Pkwy,,Rear End,2,Clear,Dry,Dark-Not Lighted
2021-07-08T16:45:00.000,I 285,I 285 and Flat Shoals Pkwy,,Rear End,3,Clear,Dry,Daylight
2021-10-27T18:50:00.000,I 285,I 285 and Flat Shoals Pkwy,,Sideswipe-Same Direction,2,Clear,Dry,Daylight
2021-09-23T20:36:00.000,I 285,I 285 and Flat Shoals Pkwy,,Rear End,2,Clear,Dry,Dark-Lighted
2021-08-20T19:46:00.000,I 285,I 285 and Flat Shoals Pkwy,,Rear End,2,Clear,Dry,Daylight
2021-12-11T00:00:00.000,I 285,I 285 and Flat Shoals Pkwy,,Sideswipe-Same Direction,2,Fog,Wet,Dark-Lighted
2021-12-31T22:20:00.000,I 285,I 285 and Flat Shoals Pkwy,,Rear End,3,Clear,Dry,Dark-Not Lighted
2021-07-13T18:15:00.000,I 285,I 285 and Flat Shoals Pkwy,,Rear End,2,Clear,Dry,Daylight
2021-10-02T13:11:00.000,I 285,I 285 and Flat Shoals Pkwy,,Rear End,2,Clear,Dry,Daylight
2021-09-19T22:00:00.000,I 285,I 285 and Flat Shoals Pkwy,,Not a Collision with Motor Vehicle,2,Cloudy,Dry,Dark-Lighted
2021-09-03T17:40:00.000,I 285,I 285 and Flat Shoals Pkwy,,Rear End,2,Clear,Dry,Daylight
2021-07-13T17:35:00.000,I 285,I 285 and Flat Shoals Pkwy,,Rear End,2,Clear,Dry,Daylight
2021-11-20T03:40:00.000,I 285,I 285 and Flat Shoals Pkwy,,Rear End,2,Clear,Dry,Dark-Not Lighted
2021-12-13T13:30:00.000,I 285,I 285 and Flat Shoals Pkwy,,Sideswipe-Same Direction,2,Clear,Dry,Daylight
2021-09-19T17:50:00.000,I 285,I 285 and Flat Shoals Pkwy,,Angle Crash,2,Rain,Wet,Daylight
2021-12-21T15:56:00.000,I 285,I 285 and Flat Shoals Pkwy,,Rear End,2,Cloudy,Dry,Daylight
2021-12-07T13:56:00.000,I 285,I 285 and Flat Shoals Pkwy,,Rear End,2,Cloudy,Dry,Daylight
2021-07-15T18:20:00.000,I 285,I 285 and Flat Shoals Pkwy,,Rear End,2,Clear,Dry,Daylight
2021-11-12T05:28:00.000,I 285,I 285 and Flat Shoals Pkwy,,Rear End,2,Cloudy,Wet,Dark-Not Lighted
2021-12-09T21:55:00.000,I 285,I 285 and Flat Shoals Pkwy,,Rear End,3,Clear,Dry,Dark-Not Lighted
2021-07-12T17:27:00.000,I 285,I 285 and Flat Shoals Pkwy,,Sideswipe-Same Direction,2,Cloudy,Dry,Daylight
2021-09-15T07:20:00.000,I 285,I 285 and Flat Shoals Pkwy,,Not a Collision with Motor Vehicle,1,Clear,Dry,Daylight
2021-08-10T10:58:00.000,I 285,I 285 and Flat Shoals Pkwy,,Not a Collision with Motor Vehicle,2,Cloudy,Dry,Daylight
2021-12-07T19:00:00.000,I 285,I 285 and Flat Shoals Pkwy,,Rear End,3,Clear,Dry,Dark-Lighted
2021-09-03T05:43:00.000,I 285,I 285 and Flat Shoals Pkwy,,Angle Crash,2,Clear,Dry,Dark-Not Lighted
2022-06-05T11:20:00.000,I 285,I 285 and Flat Shoals Pkwy,,Not a Collision with Motor Vehicle,1,Clear,Dry,Daylight
2022-09-07T05:10:00.000,I 285,I 285 and Flat Shoals Pkwy,,Sideswipe-Same Direction,2,Clear,Dry,Dark-Lighted
2022-08-07T15:00:00.000,I 285,I 285 and Flat Shoals Pkwy,,Sideswipe-Same Direction,2,Clear,Dry,Daylight
2022-09-14T21:35:00.000,I 285,I 285 and Flat Shoals Pkwy,,Angle Crash,2,Clear,Dry,Dark-Not Lighted
2022-01-09T13:27:00.000,I 285,I 285 and Flat Shoals Pkwy,,Rear End,2,Clear,Dry,Daylight
2022-09-29T20:40:00.000,I 285,I 285 and Flat Shoals Pkwy,,Rear End,2,Clear,Dry,Dark-Not Lighted
2021-09-30T07:46:00.000,I 285,I 285 and Flat Shoals Pkwy,,Angle Crash,4,Clear,Dry,Daylight
2021-09-20T18:42:00.000,I 285,I 285 and Flat Shoals Pkwy,,Not a Collision with Motor Vehicle,2,Cloudy,Wet,Dusk
2021-07-23T11:52:00.000,I 285,I 285 and Flat Shoals Pkwy,,Sideswipe-Same Direction,2,Clear,Dry,Daylight
2021-07-24T19:00:00.000,I 285,I 285 and Flat Shoals Pkwy,,Rear End,2,Clear,Dry,Daylight
2021-07-29T23:45:00.000,I 285,I 285 and Flat Shoals Pkwy,,Sideswipe-Same Direction,2,Clear,Dry,Dark-Lighted
2021-09-23T20:03:00.000,I 285,I 285 and Flat Shoals Pkwy,,Rear End,3,Clear,Dry,Dark-Not Lighted
2021-11-12T14:50:00.000,I 285,I 285 and Flat Shoals Pkwy,,Rear End,2,Clear,Dry,Daylight
2021-10-26T15:00:00.000,I 285,I 285 and Flat Shoals Pkwy,,Rear End,2,Clear,Dry,Daylight
2021-12-18T07:48:00.000,I 285,I 285 and Flat Shoals Pkwy,,Sideswipe-Same Direction,3,Cloudy,Wet,Daylight
2021-11-27T15:15:00.000,I 285,I 285 and Flat Shoals Pkwy,,Rear End,2,Clear,Dry,Daylight
2021-09-25T15:00:00.000,I 285,I 285 and Flat Shoals Pkwy,,Angle Crash,4,Clear,Dry,Daylight
2022-11-01T14:30:00.000,I 285,I 285 and Flat Shoals Pkwy,,Rear End,2,Clear,Dry,Daylight
2022-07-27T16:40:00.000,I 285,I 285 and Flat Shoals Pkwy,,Rear End,2,Clear,Dry,Daylight
2022-03-01T11:00:00.000,I 285,I 285 and Flat Shoals Pkwy,,Sideswipe-Same Direction,2,Clear,Dry,Daylight
2022-03-17T22:50:00.000,I 285,I 285 and Flat Shoals Pkwy,,Sideswipe-Same Direction,2,Clear,Dry,Dark-Lighted
2022-07-29T14:52:00.000,I 285,I 285 and Flat Shoals Pkwy,,Rear End,2,Clear,Dry,Daylight
2022-11-17T14:33:00.000,I 285,I 285 and Flat Shoals Pkwy,,Sideswipe-Same Direction,2,Clear,Dry,Daylight
2022-05-14T00:00:00.000,I 285,I 285 and Flat Shoals Pkwy,,Angle Crash,5,Clear,Dry,Dark-Lighted
2022-04-22T14:40:00.000,I 285,I 285 and Flat Shoals Pkwy,,Rear End,3,Clear,Dry,Daylight
2022-10-15T20:13:00.000,I 285,I 285 and Flat Shoals Pkwy,,Rear End,2,Clear,Dry,Dark-Lighted
2022-03-03T15:30:00.000,I 285,I 285 and Flat Shoals Pkwy,,Rear End,2,Clear,Dry,Daylight
2022-11-05T02:08:00.000,I 285,I 285 and Flat Shoals Pkwy,,Not a Collision with Motor Vehicle,1,Clear,Dry,Dark-Lighted
2022-03-24T00:00:00.000,I 285,I 285 and Flat Shoals Pkwy,,Rear End,2,Clear,Dry,Daylight
2022-10-17T14:45:00.000,I 285,I 285 and Flat Shoals Pkwy,,Sideswipe-Opposite Direction,2,Clear,Dry,Daylight
2022-09-01T08:21:00.000,I 285,I 285 and Flat Shoals Pkwy,,Rear End,2,Clear,Dry,Daylight
2022-01-13T16:48:00.000,I 285,I 285 and Flat Shoals Pkwy,,Rear End,2,Clear,Dry,Daylight
2022-07-28T12:55:00.000,I 285,I 285 and Flat Shoals Pkwy,,Not a Collision with Motor Vehicle,1,Cloudy,Dry,Daylight
2022-10-18T15:13:00.000,I 285,I 285 and Flat Shoals Pkwy,,Rear End,3,Clear,Dry,Daylight
2022-05-26T12:15:00.000,I 285,I 285 and Flat Shoals Pkwy,,Sideswipe-Same Direction,3,Cloudy,Dry,Daylight
2022-11-20T19:50:00.000,I 285,I 285 and Flat Shoals Pkwy,,Rear End,2,Clear,Dry,Dark-Lighted
2022-09-08T11:14:00.000,I 285,I 285 and Flat Shoals Pkwy,,Sideswipe-Same Direction,2,Clear,Dry,Daylight
2022-05-26T15:00:00.000,I 285,I 285 and Flat Shoals Pkwy,,Sideswipe-Same Direction,3,Rain,Wet,Daylight
2022-02-01T13:30:00.000,I 285,I 285 and Flat Shoals Pkwy,,Rear End,2,Clear,Dry,Daylight
2022-11-22T14:15:00.000,I 285,I 285 and Flat Shoals Pkwy,,Sideswipe-Same Direction,2,Clear,Dry,Daylight
2022-10-26T16:45:00.000,I 285,I 285 and Flat Shoals Pkwy,,Rear End,2,Clear,Dry,Daylight
2022-08-20T17:30:00.000,I 285,I 285 and Flat Shoals Pkwy,,Rear End,2,Clear,Dry,Daylight
2022-01-31T14:20:00.000,I 285,I 285 and Flat Shoals Pkwy,,Rear End,2,Clear,Dry,Daylight
2022-11-25T01:30:00.000,I 285,I 285 and Flat Shoals Pkwy,,Angle Crash,2,Rain,Wet,Dark-Lighted
2022-12-15T07:52:00.000,I 285,I 285 and Flat Shoals Pkwy,,Rear End,2,Clear,Wet,Daylight
2022-04-12T15:05:00.000,I 285,I 285 and Flat Shoals Pkwy,,Rear End,7,Clear,Dry,Daylight
2022-02-05T17:40:00.000,I 285,I 285 and Flat Shoals Pkwy,,Rear End,2,Clear,Dry,Daylight
2022-09-20T13:37:00.000,I 285,I 285 and Flat Shoals Pkwy,,Rear End,2,Clear,Dry,Daylight
2022-12-16T15:25:00.000,I 285,I 285 and Flat Shoals Pkwy,,Rear End,2,Clear,Dry,Daylight
2022-11-23T21:25:00.000,I 285,I 285 and Flat Shoals Pkwy,,Angle Crash,5,Clear,Dry,Dark-Not Lighted
2022-02-26T17:15:00.000,I 285,I 285 and Flat Shoals Pkwy,,Rear End,2,Clear,Dry,Daylight
2022-11-23T21:38:00.000,I 285,I 285 and Flat Shoals Pkwy,,Rear End,2,Clear,Dry,Dark-Lighted
2022-09-18T21:56:00.000,I 285,I 285 and Flat Shoals Pkwy,,Angle Crash,2,Clear,Dry,Dark-Not Lighted
2022-05-19T14:21:00.000,I 285,I 285 and Flat Shoals Pkwy,,Rear End,2,Clear,Dry,Daylight
2022-09-20T16:22:00.000,I 285,I 285 and Flat Shoals Pkwy,,Rear End,2,Clear,Dry,Daylight
2022-03-30T23:02:00.000,I 285,I 285 and Flat Shoals Pkwy,,Sideswipe-Same Direction,2,Clear,Dry,Dark-Not Lighted
2022-01-14T15:30:00.000,I 285,I 285 and Flat Shoals Pkwy,,Rear End,2,Clear,Dry,Daylight
2022-09-02T23:47:00.000,I 285,I 285 and Flat Shoals Pkwy,,Not a Collision with Motor Vehicle,1,Clear,Dry,Dark-Lighted
2022-02-22T15:00:00.000,I 285,I 285 and Flat Shoals Pkwy,,Sideswipe-Same Direction,2,Clear,Dry,Daylight
2022-05-29T20:00:00.000,I 285,I 285 and Flat Shoals Pkwy,,Rear End,2,Clear,Dry,Dark-Lighted
2022-02-08T10:13:00.000,I 285,I 285 and Flat Shoals Pkwy,,Rear End,2,Clear,Dry,Daylight
2022-06-25T23:58:00.000,I 285,I 285 and Flat Shoals Pkwy,,Rear End,3,Clear,Dry,Dark-Lighted
2022-12-22T21:39:00.000,I 285,I 285 and Flat Shoals Pkwy,,Rear End,2,Rain,Wet,Dark-Lighted
2022-09-03T19:58:00.000,I 285,I 285 and Flat Shoals Pkwy,,Rear End,2,Clear,Dry,Dark-Lighted
2022-01-17T20:44:00.000,I 285,I 285 and Flat Shoals Pkwy,,Rear End,2,Clear,Dry,Dark-Lighted
2022-10-06T22:00:00.000,I 285,I 285 and Flat Shoals Pkwy,,Sideswipe-Same Direction,2,Clear,Dry,Dark-Not Lighted
2022-11-02T13:05:00.000,I 285,I 285 and Flat Shoals Pkwy,,Rear End,2,Cloudy,Dry,Daylight
2022-12-28T11:20:00.000,I 285,I 285 and Flat Shoals Pkwy,,Rear End,2,Clear,Dry,Daylight
2022-04-03T13:20:00.000,I 285,I 285 and Flat Shoals Pkwy,,Sideswipe-Same Direction,2,Clear,Dry,Daylight
2022-01-24T12:00:00.000,I 285,I 285 and Flat Shoals Pkwy,,Sideswipe-Same Direction,2,Clear,Dry,Dark-Lighted
2022-04-27T21:40:00.000,I 285,I 285 and Flat Shoals Pkwy,,Rear End,3,Clear,Dry,Dark-Lighted
2022-05-07T18:05:00.000,I 285,I 285 and Flat Shoals Pkwy,,Rear End,2,Clear,Dry,Daylight
2022-05-06T18:45:00.000,I 285,I 285 and Flat Shoals Pkwy,,Angle Crash,2,Clear,Dry,Daylight
2022-04-13T23:50:00.000,I 285,I 285 and Flat Shoals Pkwy,,Rear End,2,Clear,Dry,Dark-Not Lighted
2022-03-07T13:35:00.000,I 285,I 285 and Flat Shoals Pkwy,,Rear End,2,Cloudy,Dry,Daylight
2022-06-11T16:16:00.000,I 285,I 285 and Flat Shoals Pkwy,,Rear End,2,Clear,Dry,Daylight
2022-12-22T09:20:00.000,I 285,I 285 and Flat Shoals Pkwy,,Rear End,2,Cloudy,Wet,Daylight
2022-10-08T15:20:00.000,I 285,I 285 and Flat Shoals Pkwy,,Angle Crash,2,Clear,Dry,Daylight
2022-05-20T15:25:00.000,I 285,I 285 and Flat Shoals Pkwy,,Rear End,2,Clear,Dry,Daylight
2022-12-31T11:45:00.000,I 285,I 285 and Flat Shoals Pkwy,,Sideswipe-Same Direction,2,Rain,Wet,Daylight
2022-07-24T00:12:00.000,I 285,I 285 and Flat Shoals Pkwy,,Angle Crash,2,Clear,Dry,Dark-Not Lighted
2022-02-23T18:05:00.000,I 285,I 285 and Flat Shoals Pkwy,,Rear End,2,Clear,Dry,Daylight
2022-09-04T22:36:00.000,I 285,I 285 and Flat Shoals Pkwy,,Not a Collision with Motor Vehicle,1,Rain,Wet,Dark-Lighted
2022-03-04T07:55:00.000,I 285,I 285 and Flat Shoals Pkwy,,Sideswipe-Same Direction,2,Clear,Dry,Daylight
2022-10-29T15:00:00.000,I 285,I 285 and Flat Shoals Pkwy,,Rear End,2,Clear,Dry,Daylight
2021-09-12T01:42:00.000,I 285,I 285 and Flat Shoals Pkwy,,Sideswipe-Same Direction,2,Clear,Dry,Dark-Lighted
2021-10-27T06:41:00.000,I 285,I 285 and Flat Shoals Pkwy,,Angle Crash,3,Clear,Dry,Dark-Not Lighted
2022-06-22T08:35:00.000,I 285,I 285 and Flat Shoals Pkwy,,Rear End,4,Clear,Dry,Daylight
2022-01-27T18:00:00.000,I 285,I 285 and Flat Shoals Pkwy,,Sideswipe-Same Direction,2,Clear,Dry,Dark-Not Lighted
2022-11-12T18:30:00.000,I 285,I 285 and Flat Shoals Pkwy,,Sideswipe-Same Direction,2,Clear,Dry,Dark-Lighted
2022-08-11T19:15:00.000,I 285,I 285 and Flat Shoals Pkwy,,Sideswipe-Same Direction,2,Clear,Dry,Daylight
2022-04-15T16:39:00.000,I 285,I 285 and Flat Shoals Pkwy,,Rear End,2,Clear,Dry,Daylight
2022-07-09T15:10:00.000,I 285,I 285 and Flat Shoals Pkwy,,Angle Crash,2,Clear,Dry,Daylight
2022-03-10T16:50:00.000,I 285,I 285 and Flat Shoals Pkwy,,Rear End,2,Clear,Dry,Daylight
2022-02-24T19:30:00.000,I 285,I 285 and Flat Shoals Pkwy,,Rear End,2,Clear,Dry,Dark-Not Lighted
2022-03-25T11:20:00.000,I 285,I 285 and Flat Shoals Pkwy,,Rear End,2,Clear,Dry,Daylight
2022-11-10T18:14:00.000,I 285,I 285 and Flat Shoals Pkwy,,Rear End,3,Rain,Wet,Dark-Lighted
2022-08-31T06:30:00.000,I 285,I 285 and Flat Shoals Pkwy,,Angle Crash,2,Clear,Dry,Daylight
2022-06-23T10:15:00.000,I 285,I 285 and Flat Shoals Pkwy,,Rear End,2,Cloudy,Dry,Daylight
2022-12-21T15:06:00.000,I 285,I 285 and Flat Shoals Pkwy,,Rear End,3,Clear,Dry,Daylight
2022-10-21T07:05:00.000,I 285,I 285 and Flat Shoals Pkwy,,Rear End,2,Clear,Dry,Daylight
2022-06-20T14:03:00.000,I 285,I 285 and Flat Shoals Pkwy,,Rear End,2,Clear,Dry,Daylight
2022-03-04T05:27:00.000,I 285,I 285 and Flat Shoals Pkwy,,Sideswipe-Same Direction,2,Clear,Dry,Dark-Lighted
2022-09-19T15:50:00.000,I 285,I 285 and Flat Shoals Pkwy,,Angle Crash,3,Clear,Dry,Daylight
2022-11-17T17:00:00.000,I 285,I 285 and Flat Shoals Pkwy,,Rear End,2,Clear,Dry,Daylight
2022-05-06T00:32:00.000,I 285,I 285 and Flat Shoals Pkwy,,Rear End,2,Clear,Dry,Dark-Lighted
2022-03-10T17:38:00.000,I 285,I 285 and Flat Shoals Pkwy,,Rear End,2,Clear,Dry,Daylight
2022-03-10T19:06:00.000,I 285,I 285 and Flat Shoals Pkwy,,Rear End,2,Clear,Dry,Daylight
2022-06-28T15:00:00.000,I 285,I 285 and Flat Shoals Pkwy,,Rear End,2,Clear,Dry,Daylight
2022-10-17T16:30:00.000,I 285,I 285 and Flat Shoals Pkwy,,Sideswipe-Same Direction,2,Clear,Dry,Daylight
2022-10-26T16:15:00.000,I 285,I 285 and Flat Shoals Pkwy,,Sideswipe-Same Direction,2,Clear,Dry,Daylight
2022-05-04T17:00:00.000,I 285,I 285 and Flat Shoals Pkwy,,Rear End,2,Clear,Dry,Daylight
2022-11-01T00:00:00.000,I 285,I 285 and Flat Shoals Pkwy,,Sideswipe-Same Direction,2,Clear,Dry,Daylight
2022-10-10T12:50:00.000,I 285,I 285 and Flat Shoals Pkwy,,Sideswipe-Same Direction,3,Clear,Dry,Daylight
2022-09-15T18:10:00.000,I 285,I 285 and Flat Shoals Pkwy,,Sideswipe-Same Direction,2,Clear,Dry,Daylight
2022-02-13T21:35:00.000,I 285,I 285 and Flat Shoals Pkwy,,Rear End,2,Clear,Dry,Dark-Lighted
2022-08-22T15:40:00.000,I 285,I 285 and Flat Shoals Pkwy,,Rear End,3,Cloudy,Wet,Daylight
2022-09-15T07:38:00.000,I 285,I 285 and Flat Shoals Pkwy,,Rear End,2,Clear,Dry,Daylight
2022-07-09T16:23:00.000,I 285,I 285 and Flat Shoals Pkwy,,Rear End,2,Clear,Dry,Daylight
2022-10-07T15:00:00.000,I 285,I 285 and Flat Shoals Pkwy,,Rear End,2,Clear,Dry,Daylight
2022-08-05T16:24:00.000,I 285,I 285 and Flat Shoals Pkwy,,Angle Crash,2,Clear,Dry,Daylight
2022-05-05T17:00:00.000,I 285,I 285 and Flat Shoals Pkwy,,Rear End,2,Clear,Dry,Daylight
2022-12-20T17:03:00.000,I 285,I 285 and Flat Shoals Pkwy,,Rear End,2,Rain,Wet,Dusk
2022-02-18T17:15:00.000,I 285,I 285 and Flat Shoals Pkwy,,Rear End,2,Clear,Dry,Daylight
2022-04-08T16:38:00.000,I 285,I 285 and Flat Shoals Pkwy,,Rear End,2,Cloudy,Dry,Daylight
2022-07-15T14:30:00.000,I 285,I 285 and Flat Shoals Pkwy,,Rear End,2,Clear,Dry,Daylight
2022-06-02T07:46:00.000,I 285,I 285 and Flat Shoals Pkwy,,Angle Crash,2,Clear,Dry,Daylight
2022-02-28T07:20:00.000,I 285,I 285 and Flat Shoals Pkwy,,Rear End,2,Clear,Dry,Daylight
2022-03-05T14:45:00.000,I 285,I 285 and Flat Shoals Pkwy,,Rear End,2,Clear,Dry,Daylight
2022-06-03T12:30:00.000,I 285,I 285 and Flat Shoals Pkwy,,Sideswipe-Same Direction,2,Clear,Dry,Daylight
2022-09-19T19:01:00.000,I 285,I 285 and Flat Shoals Pkwy,,Rear End,2,Clear,Dry,Daylight
2022-07-10T16:08:00.000,I 285,I 285 and Flat Shoals Pkwy,,Rear End,2,Clear,Dry,Daylight
2022-08-22T14:58:00.000,I 285,I 285 and Flat Shoals Pkwy,,Rear End,2,Rain,Wet,Daylight
2022-09-06T18:00:00.000,I 285,I 285 and Flat Shoals Pkwy,,Sideswipe-Same Direction,2,Clear,Dry,Daylight
2022-03-11T00:30:00.000,I 285,I 285 and Flat Shoals Pkwy,,Rear End,2,Clear,Dry,Dark-Lighted
2022-08-24T14:38:00.000,I 285,I 285 and Flat Shoals Pkwy,,Rear End,2,Cloudy,Dry,Daylight
2022-10-18T17:28:00.000,I 285,I 285 and Flat Shoals Pkwy,,Rear End,2,Clear,Dry,Dark-Not Lighted
2022-03-21T08:00:00.000,I 285,I 285 and Flat Shoals Pkwy,,Not a Collision with Motor Vehicle,2,Clear,Dry,Dark-Lighted
2022-07-06T17:30:00.000,I 285,I 285 and Flat Shoals Pkwy,,Rear End,2,Clear,Dry,Daylight
2022-11-18T18:10:00.000,I 285,I 285 and Flat Shoals Pkwy,,Rear End,2,Clear,Dry,Dark-Not Lighted
2022-04-21T16:20:00.000,I 285,I 285 and Flat Shoals Pkwy,,Rear End,2,Clear,Dry,Daylight
2022-11-22T18:02:00.000,I 285,I 285 and Flat Shoals Pkwy,,Sideswipe-Same Direction,2,Clear,Dry,Daylight
2022-05-12T08:00:00.000,I 285,I 285 and Flat Shoals Pkwy,,Rear End,2,Clear,Dry,Daylight
2022-12-10T14:48:00.000,I 285,I 285 and Flat Shoals Pkwy,,Rear End,2,Clear,Dry,Daylight
2022-12-17T21:00:00.000,I 285,I 285 and Flat Shoals Pkwy,,Sideswipe-Same Direction,3,Clear,Dry,Dark-Lighted
2022-02-05T14:55:00.000,I 285,I 285 and Flat Shoals Pkwy,,Rear End,2,Clear,Dry,Daylight
2022-10-09T20:00:00.000,I 285,I 285 and Flat Shoals Pkwy,,Rear End,2,Clear,Dry,Dark-Lighted
2022-06-23T17:37:00.000,I 285,I 285 and Flat Shoals Pkwy,,Sideswipe-Same Direction,2,Clear,Dry,Daylight
2022-05-07T17:01:00.000,I 285,I 285 and Flat Shoals Pkwy,,Rear End,2,Clear,Dry,Daylight
2022-04-07T00:00:00.000,I 285,I 285 and Flat Shoals Pkwy,,Sideswipe-Same Direction,2,Clear,Dry,Daylight
2022-11-20T18:12:00.000,I 285,I 285 and Flat Shoals Pkwy,,Rear End,2,Clear,Dry,Dark-Lighted
2022-03-02T02:53:00.000,I 285,I 285 and Flat Shoals Pkwy,,Angle Crash,2,Clear,Dry,Dark-Lighted
2022-02-16T08:00:00.000,I 285,I 285 and Flat Shoals Pkwy,,Sideswipe-Same Direction,2,Clear,Dry,Daylight
2022-07-24T17:05:00.000,I 285,I 285 and Flat Shoals Pkwy,,Not a Collision with Motor Vehicle,1,Clear,Dry,Daylight
2022-12-28T19:30:00.000,I 285,I 285 and Flat Shoals Pkwy,,Sideswipe-Same Direction,2,Clear,Dry,Dusk
2022-07-21T13:49:00.000,I 285,I 285 and Flat Shoals Pkwy,,Not a Collision with Motor Vehicle,1,Clear,Dry,Daylight
2022-08-09T22:15:00.000,I 285,I 285 and Flat Shoals Pkwy,,Sideswipe-Same Direction,2,Clear,Dry,Dark-Lighted
2022-10-05T17:07:00.000,I 285,I 285 and Flat Shoals Pkwy,,Sideswipe-Same Direction,2,Clear,Dry,Daylight
2022-02-28T06:17:00.000,I 285,I 285 and Flat Shoals Pkwy,,Angle Crash,2,Cloudy,Dry,Dark-Not Lighted
2022-10-01T15:13:00.000,I 285,I 285 and Flat Shoals Pkwy,,Rear End,2,Clear,Dry,Daylight
2022-09-02T17:16:00.000,I 285,I 285 and Flat Shoals Pkwy,,Rear End,2,Clear,Dry,Daylight
2022-03-21T16:20:00.000,I 285,I 285 and Flat Shoals Pkwy,,Rear End,2,Clear,Dry,Daylight
2022-04-29T15:32:00.000,I 285,I 285 and Flat Shoals Pkwy,,Rear End,2,Clear,Dry,Daylight
2022-11-16T19:50:00.000,I 285,I 285 and Flat Shoals Pkwy,,Rear End,3,Clear,Dry,Dark-Lighted
2022-12-21T21:29:00.000,I 285,I 285 and Flat Shoals Pkwy,,Rear End,2,Clear,Dry,Dark-Lighted
2022-07-16T13:30:00.000,I 285,I 285 and Flat Shoals Pkwy,,Rear End,4,Clear,Dry,Daylight
2022-03-18T19:51:00.000,I 285,I 285 and Flat Shoals Pkwy,,Sideswipe-Same Direction,2,Clear,Dry,Daylight
2022-10-20T04:15:00.000,I 285,I 285 and Flat Shoals Pkwy,,Not a Collision with Motor Vehicle,1,Clear,Dry,Dark-Lighted
2022-05-17T00:00:00.000,I 285,I 285 and Flat Shoals Pkwy,,Rear End,2,Clear,Dry,Daylight
2022-06-17T01:25:00.000,I 285,I 285 and Flat Shoals Pkwy,,Sideswipe-Same Direction,2,Clear,Dry,Dark-Not Lighted
2022-11-05T09:55:00.000,I 285,I 285 and Flat Shoals Pkwy,,Angle Crash,2,Clear,Dry,Daylight
2022-12-01T11:00:00.000,I 285,I 285 and Flat Shoals Pkwy,,Rear End,2,Clear,Dry,Daylight
2022-08-29T15:50:00.000,I 285,I 285 and Flat Shoals Pkwy,,Rear End,3,Clear,Dry,Daylight
2022-05-28T17:15:00.000,I 285,I 285 and Flat Shoals Pkwy,,Rear End,3,Clear,Dry,Daylight
2022-09-24T14:03:00.000,I 285,I 285 and Flat Shoals Pkwy,,Rear End,2,Clear,Dry,Daylight
2022-05-20T17:20:00.000,I 285,I 285 and Flat Shoals Pkwy,,Sideswipe-Same Direction,2,Clear,Dry,Daylight
2022-02-12T13:50:00.000,I 285,I 285 and Flat Shoals Pkwy,,Rear End,2,Clear,Dry,Daylight
2022-01-11T16:20:00.000,I 285,I 285 and Flat Shoals Pkwy,,Sideswipe-Same Direction,2,Clear,Dry,Daylight
2022-09-30T18:23:00.000,I 285,I 285 and Flat Shoals Pkwy,,Head On,2,Clear,Dry,Daylight
2022-08-06T03:33:00.000,I 285,I 285 and Flat Shoals Pkwy,,Sideswipe-Same Direction,2,Clear,Dry,Dark-Lighted
2022-08-16T10:42:00.000,I 285,I 285 and Flat Shoals Pkwy,,Rear End,3,Cloudy,Dry,Daylight
2022-04-12T16:15:00.000,I 285,I 285 and Flat Shoals Pkwy,,Rear End,2,Clear,Dry,Daylight
2022-10-06T18:02:00.000,I 285,I 285 and Flat Shoals Pkwy,,Sideswipe-Same Direction,2,Clear,Dry,Daylight
2022-07-08T21:39:00.000,I 285,I 285 and Flat Shoals Pkwy,,Rear End,2,Clear,Dry,Dark-Lighted
2022-12-22T07:50:00.000,I 285,I 285 and Flat Shoals Pkwy,,Rear End,2,Cloudy,Wet,Daylight
2022-08-13T16:30:00.000,I 285,I 285 and Flat Shoals Pkwy,,Not a Collision with Motor Vehicle,1,Clear,Dry,Daylight
2022-06-02T16:12:00.000,I 285,I 285 and Flat Shoals Pkwy,,Rear End,2,Clear,Dry,Daylight
2022-05-23T01:50:00.000,I 285,I 285 and Flat Shoals Pkwy,,Sideswipe-Same Direction,2,Clear,Wet,Dark-Not Lighted
2022-03-03T14:30:00.000,I 285,I 285 and Flat Shoals Pkwy,,Rear End,2,Clear,Dry,Daylight
2022-07-21T11:20:00.000,I 285,I 285 and Flat Shoals Pkwy,,Angle Crash,3,Cloudy,Wet,Daylight
2022-12-08T11:00:00.000,I 285,I 285 and Flat Shoals Pkwy,,Rear End,2,Clear,Dry,Daylight
2022-03-13T18:00:00.000,I 285,I 285 and Flat Shoals Pkwy,,Rear End,2,Clear,Dry,Daylight
2022-09-23T14:52:00.000,I 285,I 285 and Flat Shoals Pkwy,,Rear End,2,Cloudy,Dry,Daylight
2022-12-29T17:04:00.000,I 285,I 285 and Flat Shoals Pkwy,,Rear End,2,Clear,Dry,Dark-Lighted
2022-06-15T08:50:00.000,I 285,I 285 and Flat Shoals Pkwy,,Rear End,2,Clear,Dry,Daylight
2022-01-09T18:40:00.000,I 285,I 285 and Flat Shoals Pkwy,,Rear End,2,Cloudy,Wet,Dark-Lighted
2022-04-02T01:34:00.000,I 285,I 285 and Flat Shoals Pkwy,,Rear End,3,Clear,Dry,Dark-Not Lighted
2022-11-16T17:55:00.000,I 285,I 285 and Flat Shoals Pkwy,,Rear End,2,Clear,Dry,Dark-Lighted
2022-01-25T15:35:00.000,I 285,I 285 and Flat Shoals Pkwy,,Angle Crash,2,Clear,Dry,Daylight
2022-04-17T16:40:00.000,I 285,I 285 and Flat Shoals Pkwy,,Rear End,2,Clear,Dry,Daylight
2022-11-03T18:55:00.000,I 285,I 285 and Flat Shoals Pkwy,,Sideswipe-Same Direction,2,Clear,Dry,Dark-Lighted