Date and Time,Roadway (From Crash Report),Intersection Name (from Crash Report),KABCO Severity,Manner of Collision (Crash Level) ,# of Vehicles per crash ,Weather Conditions (Crash Level),Surface Condition (Crash Level) ,Light Conditions (Crash Level)
2024-03-07T16:00:00.000,I 285,I 285 and Flat Shoals Pkwy,,Sideswipe-Same Direction,2,Clear,Dry,Daylight
2024-01-16T16:49:00.000,I 285,I 285 and Flat Shoals Pkwy,,Angle Crash,2,Clear,Dry,Daylight
2024-08-26T14:56:00.000,I 285,I 285 and Flat Shoals Pkwy,,Rear End,4,Clear,Dry,Daylight
2024-07-17T18:37:00.000,I 285,I 285 and Flat Shoals Pkwy,,Rear End,2,Clear,Dry,Daylight
2024-08-26T08:54:00.000,I 285,I 285 and Flat Shoals Pkwy,,Rear End,2,Clear,Dry,Daylight
2024-04-07T15:13:00.000,I 285,I 285 and Flat Shoals Pkwy,,Rear End,2,Clear,Dry,Daylight
2024-11-21T08:20:00.000,I 285,I 285 and Flat Shoals Pkwy,,Rear End,2,Clear,Dry,Daylight
2024-09-20T14:20:00.000,I 285,I 285 and Flat Shoals Pkwy,,Rear End,2,Clear,Dry,Daylight
2024-07-25T17:38:00.000,I 285,I 285 and Flat Shoals Pkwy,,Rear End,2,Cloudy,Wet,Daylight
2024-05-30T23:48:00.000,I 285,I 285 and Flat Shoals Pkwy,,Rear End,2,Clear,Dry,Dark-Lighted
2024-08-27T11:05:00.000,I 285,I 285 and Flat Shoals Pkwy,,Angle Crash,2,Clear,Dry,Daylight
2024-11-01T14:30:00.000,I 285,I 285 and Flat Shoals Pkwy,,Rear End,2,Clear,Dry,Daylight
2024-02-22T20:30:00.000,I 285,I 285 and Flat Shoals Pkwy,,Not a Collision with Motor Vehicle,1,Clear,Dry,Dark-Lighted
2024-09-06T02:48:00.000,I 285,I 285 and Flat Shoals Pkwy,,Sideswipe-Same Direction,2,Clear,Dry,Dark-Not Lighted
2024-02-26T15:00:00.000,I 285,I 285 and Flat Shoals Pkwy,,Sideswipe-Same Direction,2,Clear,Dry,Daylight
2024-11-15T15:00:00.000,I 285,I 285 and Flat Shoals Pkwy,,Rear End,2,Clear,Dry,Daylight
2024-12-19T19:07:00.000,I 285,I 285 and Flat Shoals Pkwy,,Rear End,2,Clear,Dry,Dark-Not Lighted
2024-12-21T21:21:00.000,I 285,I 285 and Flat Shoals Pkwy,,Sideswipe-Same Direction,2,Clear,Dry,Daylight
2024-09-03T12:00:00.000,I 285,I 285 and Flat Shoals Pkwy,,Rear End,2,Clear,Dry,Daylight
2024-09-06T00:00:00.000,I 285,I 285 and Flat Shoals Pkwy,,Rear End,2,Cloudy,Dry,Daylight
2024-09-27T00:00:00.000,I 285,I 285 and Flat Shoals Pkwy,,Not a Collision with Motor Vehicle,1,Rain,Water (standing or moving),Dark-Not Lighted
2024-01-28T19:00:00.000,I 285,I 285 and Flat Shoals Pkwy,,Sideswipe-Same Direction,2,Clear,Dry,Dark-Not Lighted
2024-04-13T11:00:00.000,I 285,I 285 and Flat Shoals Pkwy,,Rear End,2,Clear,Dry,Daylight
2024-05-03T17:11:00.000,I 285,I 285 and Flat Shoals Pkwy,,Rear End,3,Clear,Dry,Daylight
2024-04-25T18:00:00.000,I 285,I 285 and Flat Shoals Pkwy,,Rear End,2,Clear,Dry,Daylight
2024-01-31T18:00:00.000,I 285,I 285 and Flat Shoals Pkwy,,Angle Crash,2,Clear,Dry,Daylight
2024-02-17T00:36:00.000,I 285,I 285 and Flat Shoals Pkwy,,Rear End,2,Clear,Dry,Dark-Not Lighted
2024-10-28T16:00:00.000,I 285,I 285 and Flat Shoals Pkwy,,Rear End,3,Clear,Dry,Daylight
2024-05-22T21:45:00.000,I 285,I 285 and Flat Shoals Pkwy,,Sideswipe-Same Direction,2,Clear,Dry,Dark-Lighted
2024-10-03T00:10:00.000,I 285,I 285 and Flat Shoals Pkwy,,Rear End,2,Clear,Dry,Dark-Lighted
2024-12-02T18:00:00.000,I 285,I 285 and Flat Shoals Pkwy,,Rear End,2,Clear,Dry,Dusk
2024-10-27T15:09:00.000,I 285,I 285 and Flat Shoals Pkwy,,Rear End,2,Clear,Dry,Daylight
2024-06-19T00:00:00.000,I 285,I 285 and Flat Shoals Pkwy,,Sideswipe-Same Direction,2,Clear,Dry,Daylight
2024-05-21T17:11:00.000,I 285,I 285 and Flat Shoals Pkwy,,Rear End,2,Clear,Dry,Daylight
2024-11-18T17:50:00.000,I 285,I 285 and Flat Shoals Pkwy,,Rear End,2,Clear,Dry,Dark-Not Lighted
2024-06-11T18:10:00.000,I 285,I 285 and Flat Shoals Pkwy,,Rear End,2,Clear,Dry,Daylight
2024-06-01T09:00:00.000,I 285,I 285 and Flat Shoals Pkwy,,Angle Crash,2,Clear,Dry,Daylight
2024-09-19T07:30:00.000,I 285,I 285 and Flat Shoals Pkwy,,Rear End,5,Clear,Dry,Daylight
2024-03-10T15:26:00.000,I 285,I 285 and Flat Shoals Pkwy,,Rear End,2,Clear,Dry,Daylight
2024-10-15T18:00:00.000,I 285,I 285 and Flat Shoals Pkwy,,Rear End,2,Clear,Dry,Dark-Lighted
2024-08-01T17:01:00.000,I 285,I 285 and Flat Shoals Pkwy,,Sideswipe-Same Direction,2,Clear,Dry,Daylight
2024-02-06T11:55:00.000,I 285,I 285 and Flat Shoals Pkwy,,Sideswipe-Same Direction,2,Clear,Dry,Daylight
2024-06-04T20:50:00.000,I 285,I 285 and Flat Shoals Pkwy,,Rear End,2,Clear,Dry,Dark-Lighted
2024-10-23T11:30:00.000,I 285,I 285 and Flat Shoals Pkwy,,Sideswipe-Opposite Direction,2,Clear,Dry,Dark-Lighted
2024-11-26T08:00:00.000,I 285,I 285 and Flat Shoals Pkwy,,Rear End,2,Clear,Wet,Daylight
2024-03-10T17:00:00.000,I 285,I 285 and Flat Shoals Pkwy,,Rear End,4,Clear,Dry,Daylight
2024-08-14T18:00:00.000,I 285,I 285 and Flat Shoals Pkwy,,Rear End,2,Clear,Dry,Daylight
2024-05-21T17:48:00.000,I 285,I 285 and Flat Shoals Pkwy,,Not a Collision with Motor Vehicle,2,Clear,Dry,Daylight
2024-01-02T17:00:00.000,I 285,I 285 and Flat Shoals Pkwy,,Angle Crash,2,Clear,Dry,Daylight
2024-08-02T14:01:00.000,I 285,I 285 and Flat Shoals Pkwy,,Rear End,2,Clear,Dry,Daylight
2024-02-21T15:30:00.000,I 285,I 285 and Flat Shoals Pkwy,,Rear End,2,Clear,Dry,Daylight
2024-07-20T16:00:00.000,I 285,I 285 and Flat Shoals Pkwy,,Sideswipe-Same Direction,2,Cloudy,Other,Daylight
2024-05-22T18:22:00.000,I 285,I 285 and Flat Shoals Pkwy,,Sideswipe-Same Direction,2,Clear,Dry,Daylight
2024-11-22T12:36:00.000,I 285,I 285 and Flat Shoals Pkwy,,Sideswipe-Same Direction,2,Clear,Dry,Daylight
2024-01-10T18:17:00.000,I 285,I 285 and Flat Shoals Pkwy,,Rear End,2,Clear,Dry,Daylight
2024-09-10T17:00:00.000,I 285,I 285 and Flat Shoals Pkwy,,Rear End,2,Clear,Dry,Daylight
2024-02-19T13:10:00.000,I 285,I 285 and Flat Shoals Pkwy,,Rear End,3,Clear,Dry,Daylight
2024-11-30T12:42:00.000,I 285,I 285 and Flat Shoals Pkwy,,Rear End,2,Clear,Dry,Daylight
2024-03-26T16:40:00.000,I 285,I 285 and Flat Shoals Pkwy,,Angle Crash,3,Rain,Wet,Daylight
2024-04-03T02:49:00.000,I 285,I 285 and Flat Shoals Pkwy,,Rear End,3,Rain,Wet,Dark-Not Lighted
2024-04-12T02:00:00.000,I 285,I 285 and Flat Shoals Pkwy,,Sideswipe-Same Direction,2,Clear,Dry,Dark-Lighted
2024-12-20T16:02:00.000,I 285,I 285 and Flat Shoals Pkwy,,Angle Crash,3,Clear,Dry,Daylight
2024-05-28T14:05:00.000,I 285,I 285 and Flat Shoals Pkwy,,Sideswipe-Same Direction,2,Clear,Dry,Daylight
2024-08-30T16:03:00.000,I 285,I 285 and Flat Shoals Pkwy,,Rear End,4,Clear,Dry,Daylight
2024-05-29T08:45:00.000,I 285,I 285 and Flat Shoals Pkwy,,Angle Crash,2,Clear,Dry,Daylight
2024-11-13T10:00:00.000,I 285,I 285 and Flat Shoals Pkwy,,Rear End,2,Clear,Dry,Daylight
2024-10-04T16:00:00.000,I 285,I 285 and Flat Shoals Pkwy,,Rear End,2,Clear,Dry,Dark-Lighted
2024-12-09T02:20:00.000,I 285,I 285 and Flat Shoals Pkwy,,Rear End,2,Rain,Wet,Dark-Not Lighted
2024-09-22T13:00:00.000,I 285,I 285 and Flat Shoals Pkwy,,Rear End,2,Clear,Dry,Daylight
2024-04-15T18:12:00.000,I 285,I 285 and Flat Shoals Pkwy,,Rear End,2,Clear,Dry,Daylight
2024-05-21T17:48:00.000,I 285,I 285 and Flat Shoals Pkwy,,Rear End,2,Clear,Dry,Daylight
2024-12-02T22:45:00.000,I 285,I 285 and Flat Shoals Pkwy,,Not a Collision with Motor Vehicle,1,Clear,Dry,Dark-Lighted
2024-08-08T08:32:00.000,I 285,I 285 and Flat Shoals Pkwy,,Rear End,2,Clear,Dry,Daylight
2024-06-17T13:20:00.000,I 285,I 285 and Flat Shoals Pkwy,,Angle Crash,2,Clear,Dry,Daylight
2024-04-14T16:30:00.000,I 285,I 285 and Flat Shoals Pkwy,,Sideswipe-Same Direction,3,Clear,Dry,Daylight
2024-08-30T06:37:00.000,I 285,I 285 and Flat Shoals Pkwy,,Sideswipe-Same Direction,2,Clear,Dry,Daylight
2024-02-08T06:52:00.000,I 285,I 285 and Flat Shoals Pkwy,,Rear End,2,Clear,Dry,Daylight
2024-11-20T09:25:00.000,I 285,I 285 and Flat Shoals Pkwy,,Rear End,2,Rain,Wet,Daylight
2024-04-18T16:00:00.000,I 285,I 285 and Flat Shoals Pkwy,,Rear End,2,Clear,Dry,Daylight
2024-06-29T01:10:00.000,I 285,I 285 and Flat Shoals Pkwy,,Rear End,2,Clear,Dry,Dark-Lighted
2024-04-07T13:54:00.000,I 285,I 285 and Flat Shoals Pkwy,,Rear End,3,Clear,Dry,Daylight
2024-12-09T17:15:00.000,I 285,I 285 and Flat Shoals Pkwy,,Angle Crash,3,Rain,Wet,Dark-Not Lighted
2024-06-11T13:15:00.000,I 285,I 285 and Flat Shoals Pkwy,,Sideswipe-Same Direction,2,Clear,Dry,Daylight
2024-07-07T22:40:00.000,I 285,I 285 and Flat Shoals Pkwy,,Rear End,3,Rain,Wet,Dark-Not Lighted
2024-10-25T18:29:00.000,I 285,I 285 and Flat Shoals Pkwy,,Not a Collision with Motor Vehicle,1,Clear,Dry,Dark-Lighted
2024-04-15T10:30:00.000,I 285,I 285 and Flat Shoals Pkwy,,Rear End,2,Clear,Dry,Daylight
2024-06-24T14:28:00.000,I 285,I 285 and Flat Shoals Pkwy,,Angle Crash,2,Clear,Dry,Daylight
2024-07-24T20:30:00.000,I 285,I 285 and Flat Shoals Pkwy,,Sideswipe-Same Direction,2,Rain,Wet,Dark-Lighted
2024-11-19T23:00:00.000,I 285,I 285 and Flat Shoals Pkwy,,Rear End,2,Clear,Dry,Dark-Not Lighted
2024-06-21T18:19:00.000,I 285,I 285 and Flat Shoals Pkwy,,Rear End,3,Clear,Dry,Daylight
2024-05-04T07:13:00.000,I 285,I 285 and Flat Shoals Pkwy,,Not a Collision with Motor Vehicle,1,Rain,Wet,Daylight
2024-06-04T16:33:00.000,I 285,I 285 and Flat Shoals Pkwy,,Rear End,2,Clear,Dry,Daylight
2024-11-23T16:00:00.000,I 285,I 285 and Flat Shoals Pkwy,,Rear End,2,Clear,Dry,Daylight
2024-03-02T16:05:00.000,I 285,I 285 and Flat Shoals Pkwy,,Angle Crash,2,Cloudy,Dry,Daylight
2024-07-30T16:37:00.000,I 285,I 285 and Flat Shoals Pkwy,,Rear End,3,Clear,Dry,Daylight
2024-05-14T09:55:00.000,I 285,I 285 and Flat Shoals Pkwy,,Angle Crash,3,Rain,Wet,Daylight
2024-04-12T09:01:00.000,I 285,I 285 and Flat Shoals Pkwy,,Rear End,2,Clear,Dry,Daylight
2024-11-13T19:21:00.000,I 285,I 285 and Flat Shoals Pkwy,,Not a Collision with Motor Vehicle,1,Clear,Dry,Dark-Not Lighted
2024-03-15T17:00:00.000,I 285,I 285 and Flat Shoals Pkwy,,Rear End,2,Cloudy,Wet,Daylight
2024-01-04T07:34:00.000,I 285,I 285 and Flat Shoals Pkwy,,Sideswipe-Same Direction,2,Clear,Dry,Daylight
2024-08-09T17:09:00.000,I 285,I 285 and Flat Shoals Pkwy,,Rear End,3,Clear,Dry,Daylight
2024-09-03T00:00:00.000,I 285,I 285 and Flat Shoals Pkwy,,Angle Crash,2,Clear,Dry,Dawn
2024-11-29T16:19:00.000,I 285,I 285 and Flat Shoals Pkwy,,Rear End,2,Clear,Dry,Daylight
2024-06-04T03:52:00.000,I 285,I 285 and Flat Shoals Pkwy,,Not a Collision with Motor Vehicle,1,Clear,Dry,Dark-Not Lighted
2024-11-08T11:10:00.000,I 285,I 285 and Flat Shoals Pkwy,,Angle Crash,2,Clear,Dry,Daylight
2024-02-07T17:21:00.000,I 285,I 285 and Flat Shoals Pkwy,,Sideswipe-Same Direction,2,Clear,Dry,Daylight
2024-04-01T15:30:00.000,I 285,I 285 and Flat Shoals Pkwy,,Sideswipe-Same Direction,2,Clear,Dry,Daylight
2024-07-24T20:20:00.000,I 285,I 285 and Flat Shoals Pkwy,,Rear End,2,Clear,Wet,Dusk
2024-07-03T19:41:00.000,I 285,I 285 and Flat Shoals Pkwy,,Rear End,2,Clear,Dry,Daylight
2024-08-06T15:37:00.000,I 285,I 285 and Flat Shoals Pkwy,,Angle Crash,2,Clear,Dry,Daylight
2024-02-12T17:50:00.000,I 285,I 285 and Flat Shoals Pkwy,,Angle Crash,2,Clear,Wet,Daylight
2023-03-21T21:39:00.000,I 285,I 285 and Flat Shoald Rd,,Sideswipe-Same Direction,3,Clear,Dry,Dark-Not Lighted
2024-08-25T00:26:00.000,I 285,I 285 and Flat Shoald Rd,,Sideswipe-Same Direction,2,Clear,Dry,Dark-Not Lighted
2021-05-06T20:43:00.000,I 285,I 285 and Flat Shoal Rd,,Rear End,2,Clear,Dry,Dawn
2024-02-10T17:25:00.000,I 285,I 285 and Flat Shoal Rd,,Rear End,2,Rain,Wet,Daylight
2021-06-12T00:00:00.000,I 285,I 285 and Flat Shoal Pkwy,,Sideswipe-Same Direction,2,Rain,Wet,Daylight
2020-07-27T17:15:00.000,I 285,I 285 and Flat Shoal Pkwy,,Rear End,2,Clear,Dry,Daylight
2020-07-06T20:25:00.000,I 285,I 285 and Flat Shoal Pkwy,,Rear End,2,Rain,Wet,Dark-Lighted
2020-06-28T18:25:00.000,I 285,I 285 and Flat Shoal Pkwy,,Sideswipe-Same Direction,2,Clear,Dry,Daylight
2023-05-24T10:06:00.000,I 285,I 285 and Flat Shls,,Rear End,3,Clear,Dry,Daylight
2022-09-07T16:30:00.000,I 285,I 285 and Flat Shls,,Rear End,2,Clear,Dry,Daylight
2021-11-12T19:44:00.000,I 285,I 285 and Flat Shaols Rd,,Rear End,2,Clear,Dry,Dark-Lighted
2023-06-25T17:12:00.000,I 285,I 285 and Flat Shaols Rd,,Rear End,2,Clear,Dry,Daylight
2022-10-01T00:30:00.000,I 285,I 285 and Flat Shaols Pkwy,,Rear End,2,Clear,Dry,Dark-Lighted
2022-04-17T13:00:00.000,I 285,I 285 and Fl-At Shoals Pkwy,,Rear End,2,Cloudy,Dry,Daylight
2024-11-01T16:02:00.000,I 285,I 285 and Fireoak Dr,,Rear End,2,Clear,Dry,Daylight
2024-12-18T17:43:00.000,I 285,I 285 and Fireoak Dr,,Rear End,2,Rain,Wet,Dark-Lighted
2020-09-25T19:44:00.000,I 285,I 285 and Falkirk Pl,,Rear End,3,Clear,Dry,Dark-Lighted
2020-09-25T19:44:00.000,I 285,I 285 and Falkirk Pl,,Rear End,2,Clear,Dry,Dark-Lighted
2023-10-13T17:38:00.000,I 285,I 285 and Fairburn Rd Opas,,Sideswipe-Same Direction,2,Rain,Wet,Daylight
2020-02-20T09:50:00.000,I 285,I 285 and Fairburn Rd,,Rear End,3,Rain,Wet,Daylight
2024-04-01T16:15:00.000,I 285,I 285 and Express Lane To I75N,,Sideswipe-Same Direction,2,Cloudy,Dry,Daylight
2020-02-11T19:43:00.000,I 285,I 285 and Exit To S Cobb Dr,,Rear End,3,Rain,Wet,Dark-Not Lighted
2021-07-30T10:16:00.000,I 285,I 285 and Exit To I20,,Rear End,2,Cloudy,Dry,Daylight
2022-10-21T14:15:00.000,I 285,I 285 and Exit To I20,,Rear End,2,Clear,Dry,Daylight
2024-08-08T16:20:00.000,I 285,I 285 and Exit Rampfrommemorial Dr,,Rear End,2,Clear,Dry,Daylight
2020-06-07T14:25:00.000,I 285,I 285 and Exit Ramp To Us78,,Sideswipe-Same Direction,2,Clear,Dry,Daylight
2021-02-18T14:10:00.000,I 285,I 285 and Exit Ramp To S Cobb Dr,,Rear End,2,Cloudy,Wet,Daylight
2020-06-10T14:31:00.000,I 285,I 285 and Exit Ramp To S Cobb Dr,,Sideswipe-Same Direction,2,Clear,Dry,Daylight
2020-10-02T19:29:00.000,I 285,I 285 and Exit Ramp To Martin Luther Kin,,Rear End,2,Clear,Dry,Dark-Not Lighted
2020-03-11T18:34:00.000,I 285,I 285 and Exit Ramp To Martin Luther Kin,,Rear End,2,Rain,Wet,Daylight
2022-06-24T05:40:00.000,I 285,I 285 and Exit Ramp To Lawrenceville Hwy,,Not a Collision with Motor Vehicle,1,Clear,Dry,Daylight
2024-10-01T19:37:00.000,I 285,I 285 and Exit Ramp To Jonesboro Rd,,Sideswipe-Same Direction,2,Cloudy,Dry,Dawn
2023-09-15T16:24:00.000,I 285,I 285 and Exit Ramp To Jonesboro Rd,,Rear End,2,Clear,Wet,Daylight
2020-01-01T12:55:00.000,I 285,I 285 and Exit Ramp To I75,,Sideswipe-Same Direction,2,Clear,Dry,Daylight
2020-08-25T16:05:00.000,I 285,I 285 and Exit Ramp To I75,,Not a Collision with Motor Vehicle,1,Rain,Wet,Daylight
2022-09-23T08:40:00.000,I 285,I 285 and Exit Ramp To I75,,Sideswipe-Same Direction,2,Clear,Dry,Daylight
2023-04-06T06:09:00.000,I 285,I 285 and Exit Ramp To I20,,Sideswipe-Same Direction,2,Clear,Dry,Dark-Not Lighted
2021-04-08T08:17:00.000,I 285,I 285 and Exit Ramp To I20,,Sideswipe-Same Direction,2,Clear,Dry,Daylight
2021-07-30T09:24:00.000,I 285,I 285 and Exit Ramp To I20,,Rear End,2,Cloudy,Dry,Daylight
2021-02-13T09:28:00.000,I 285,I 285 and Exit Ramp To Glenwood Rd,,Not a Collision with Motor Vehicle,1,Rain,Wet,Daylight
2020-05-19T15:40:00.000,I 285,I 285 and Exit Ramp To Donald Lee Holw,,Rear End,2,Cloudy,Dry,Daylight
2020-10-29T10:40:00.000,I 285,I 285 and Exit Ramp To Cascade Rd,,Rear End,2,Cloudy,Dry,Daylight
2020-06-08T11:45:00.000,I 285,I 285 and Exit Ramp To Campbellton Rd,,Sideswipe-Same Direction,3,Cloudy,Dry,Daylight
2020-06-12T11:34:00.000,I 285,I 285 and Exit Ramp To Atlanta Rd,,Rear End,2,Clear,Dry,Daylight
2024-06-21T15:05:00.000,I 285,I 285 and Exit Ramp From Glenwood Rd,,Sideswipe-Same Direction,2,Clear,Dry,Daylight
2023-07-14T17:08:00.000,I 285,I 285 and Exit Ramp 20,,Sideswipe-Same Direction,2,Clear,Dry,Daylight
2024-11-26T07:35:00.000,I 285,I 285 and Exit Lanes To I75,,Sideswipe-Same Direction,2,Cloudy,Wet,Daylight
2023-03-02T18:30:00.000,I 285,I 285 and Exit From I85,,Rear End,2,Rain,Wet,Dark-Not Lighted
2021-07-06T18:13:00.000,I 285,I 285 and Exit 62,,Rear End,4,Clear,Dry,Daylight
2022-08-27T02:50:00.000,I 285,I 285 and Exit 62,,Rear End,4,Clear,Dry,Dark-Not Lighted
2024-06-30T00:00:00.000,I 285,I 285 and Exit 62,,Sideswipe-Same Direction,2,Clear,Dry,Daylight
2024-01-04T07:34:00.000,I 285,I 285 and Exit 62,,Sideswipe-Same Direction,2,Clear,Dry,Daylight
2024-01-18T18:32:00.000,I 285,I 285 and Exit 62,,Sideswipe-Same Direction,2,Clear,Dry,Daylight
2022-04-10T13:50:00.000,I 285,I 285 and Exit 61,,Sideswipe-Same Direction,2,Clear,Dry,Daylight
2024-09-09T00:00:00.000,I 285,I 285 and Exit 61,,Sideswipe-Same Direction,2,Clear,Dry,Daylight
2024-09-09T09:45:00.000,I 285,I 285 and Exit 60,,Sideswipe-Same Direction,4,Clear,Dry,Daylight
2024-10-29T15:32:00.000,I 285,I 285 and Exit 60,,Sideswipe-Same Direction,2,Clear,Dry,Daylight
2024-10-21T12:22:00.000,I 285,I 285 and Exit 60,,Angle Crash,2,Clear,Dry,Daylight
2023-06-22T12:46:00.000,I 285,I 285 and Exit 59,,Sideswipe-Same Direction,2,Cloudy,Dry,Daylight
2022-06-29T10:20:00.000,I 285,I 285 and Exit 59,,Not a Collision with Motor Vehicle,1,Cloudy,Wet,Daylight
2024-08-06T14:38:00.000,I 285,I 285 and Exit 59,,Sideswipe-Same Direction,2,Clear,Dry,Daylight
2024-11-01T18:23:00.000,I 285,I 285 and Exit 59,,Rear End,2,Clear,Dry,Daylight
2023-12-10T13:21:00.000,I 285,I 285 and Exit 59,,Sideswipe-Same Direction,2,Rain,Wet,Daylight
2024-12-11T16:02:00.000,I 285,I 285 and Exit 59,,Sideswipe-Same Direction,2,Clear,Dry,Daylight
2024-02-23T10:07:00.000,I 285,I 285 and Exit 59,,Angle Crash,2,Clear,Dry,Daylight
2024-08-12T15:36:00.000,I 285,I 285 and Exit 59,,Rear End,3,Clear,Dry,Daylight
2024-09-26T22:08:00.000,I 285,I 285 and Exit 59,,Sideswipe-Same Direction,2,Rain,Wet,Dark-Lighted
2024-03-31T10:01:00.000,I 285,I 285 and Exit 59,,Sideswipe-Same Direction,2,Clear,Dry,Daylight
2023-09-22T20:05:00.000,I 285,I 285 and Exit 58,,Sideswipe-Same Direction,2,Cloudy,Dry,Dark-Not Lighted
2022-08-04T06:30:00.000,I 285,I 285 and Exit 58,,Sideswipe-Same Direction,2,Clear,Dry,Dark-Lighted
2024-11-26T15:09:00.000,I 285,I 285 and Exit 58,,Not a Collision with Motor Vehicle,2,Clear,Dry,Daylight
2024-05-15T07:44:00.000,I 285,I 285 and Exit 58,,Angle Crash,2,Clear,Dry,Daylight
2024-03-28T10:25:00.000,I 285,I 285 and Exit 58,,Sideswipe-Same Direction,2,Clear,Dry,Daylight
2024-05-31T16:54:00.000,I 285,I 285 and Exit 58,,Rear End,2,Cloudy,Dry,Daylight
2024-08-09T21:23:00.000,I 285,I 285 and Exit 58,,Rear End,2,Clear,Dry,Dark-Lighted
2023-07-08T21:17:00.000,I 285,I 285 and Exit 58,,Sideswipe-Same Direction,2,Clear,Dry,Daylight
2024-08-05T17:12:00.000,I 285,I 285 and Exit 58,,Sideswipe-Same Direction,2,Clear,Dry,Daylight
2024-06-28T13:35:00.000,I 285,I 285 and Exit 58,,Not a Collision with Motor Vehicle,2,Cloudy,Dry,Daylight
2024-05-10T15:11:00.000,I 285,I 285 and Exit 55,,Sideswipe-Same Direction,3,Cloudy,Dry,Daylight
2023-02-28T21:43:00.000,I 285,I 285 and Exit 55,,Sideswipe-Same Direction,2,Clear,Dry,Dark-Not Lighted
2024-07-05T11:41:00.000,I 285,I 285 and Exit 55,,Sideswipe-Same Direction,2,Clear,Dry,Daylight
2024-09-11T00:36:00.000,I 285,I 285 and Exit 55,,Angle Crash,2,Clear,Dry,Dark-Lighted
2024-01-18T17:35:00.000,I 285,I 285 and Exit 55,,Angle Crash,2,Cloudy,Dry,Dusk
2024-02-15T00:00:00.000,I 285,I 285 and Exit 53 Moreland Ave,,Angle Crash,2,Clear,Dry,Daylight
2023-04-22T12:45:00.000,I 285,I 285 and Exit 53,,Rear End,2,Clear,Dry,Daylight
2023-03-15T13:50:00.000,I 285,I 285 and Exit 53,,Sideswipe-Same Direction,2,Clear,Dry,Daylight
2023-02-04T04:20:00.000,I 285,I 285 and Exit 53,,Rear End,2,Clear,Dry,Dark-Lighted
2023-06-21T07:13:00.000,I 285,I 285 and Exit 53,,Sideswipe-Same Direction,7,Rain,Wet,Daylight
2023-06-24T09:00:00.000,I 285,I 285 and Exit 53,,Sideswipe-Same Direction,2,Cloudy,Dry,Daylight
2023-08-14T18:50:00.000,I 285,I 285 and Exit 53,,Rear End,2,Cloudy,Dry,Daylight
2022-08-25T10:50:00.000,I 285,I 285 and Exit 53,,Sideswipe-Same Direction,2,Cloudy,Dry,Daylight
2022-11-23T13:12:00.000,I 285,I 285 and Exit 53,,Sideswipe-Same Direction,2,Clear,Dry,Daylight
2022-07-29T17:30:00.000,I 285,I 285 and Exit 53,,Rear End,2,Clear,Dry,Daylight
2024-09-11T09:45:00.000,I 285,I 285 and Exit 53,,Sideswipe-Same Direction,2,Cloudy,Dry,Daylight
2023-08-01T22:30:00.000,I 285,I 285 and Exit 53,,Sideswipe-Same Direction,2,Clear,Dry,Dark-Lighted
2024-09-14T20:40:00.000,I 285,I 285 and Exit 53,,Rear End,4,Rain,Wet,Dark-Lighted
2024-11-05T09:55:00.000,I 285,I 285 and Exit 53,,Sideswipe-Same Direction,3,Cloudy,Dry,Daylight
2024-12-12T06:28:00.000,I 285,I 285 and Exit 53,,Not a Collision with Motor Vehicle,1,Clear,Dry,Dark-Not Lighted
2024-11-20T15:00:00.000,I 285,I 285 and Exit 53,,Sideswipe-Same Direction,2,Clear,Dry,Daylight
2024-03-13T10:20:00.000,I 285,I 285 and Exit 52 Moreland Ave,,Angle Crash,2,Clear,Dry,Daylight
2023-08-01T08:10:00.000,I 285,I 285 and Exit 52,,Rear End,2,Clear,Dry,Daylight
2022-12-25T07:30:00.000,I 285,I 285 and Exit 52,,Sideswipe-Same Direction,2,Clear,Dry,Daylight
2022-08-27T17:40:00.000,I 285,I 285 and Exit 52,,Angle Crash,2,Cloudy,Dry,Daylight
2023-05-18T07:05:00.000,I 285,I 285 and Exit 52,,Not a Collision with Motor Vehicle,1,Cloudy,Mud,Daylight
2024-09-23T02:26:00.000,I 285,I 285 and Exit 52,,Rear End,4,Clear,Dry,Dark-Lighted
2023-08-08T06:35:00.000,I 285,I 285 and Exit 52,,Sideswipe-Same Direction,2,Clear,Dry,Daylight
2024-11-12T06:37:00.000,I 285,I 285 and Exit 52,,Rear End,2,Clear,Dry,Dark-Lighted
2024-12-16T05:55:00.000,I 285,I 285 and Exit 52,,Sideswipe-Same Direction,2,Cloudy,Dry,Dark-Not Lighted
2024-01-05T06:45:00.000,I 285,I 285 and Exit 52,,Rear End,2,Clear,Dry,Daylight
2024-03-02T13:29:00.000,I 285,I 285 and Exit 52,,Rear End,2,Cloudy,Dry,Daylight
2024-12-10T07:00:00.000,I 285,I 285 and Exit 52,,Rear End,3,Clear,Dry,Daylight
2024-01-11T08:35:00.000,I 285,I 285 and Exit 51 Bouldercrest Rd.,,Rear End,2,Clear,Dry,Daylight
2023-10-12T07:30:00.000,I 285,I 285 and Exit 51,,Head On,2,Cloudy,Wet,Daylight
2022-04-21T12:30:00.000,I 285,I 285 and Exit 51,,Not a Collision with Motor Vehicle,1,Clear,Dry,Daylight
2022-02-22T16:30:00.000,I 285,I 285 and Exit 51,,Rear End,2,Clear,Dry,Daylight
2022-06-03T04:40:00.000,I 285,I 285 and Exit 51,,Sideswipe-Same Direction,4,Clear,Dry,Dark-Lighted