Date and Time,Roadway (From Crash Report),Intersection Name (from Crash Report),KABCO Severity,Manner of Collision (Crash Level) ,# of Vehicles per crash ,Weather Conditions (Crash Level),Surface Condition (Crash Level) ,Light Conditions (Crash Level)
2022-09-26T14:48:00.000,I 285,I 285 and Exit 51,,Angle Crash,2,Clear,Dry,Daylight
2022-07-03T17:26:00.000,I 285,I 285 and Exit 51,,Not a Collision with Motor Vehicle,1,Rain,Wet,Daylight
2022-10-30T06:20:00.000,I 285,I 285 and Exit 51,,Sideswipe-Same Direction,2,Clear,Dry,Dark-Not Lighted
2024-12-17T12:40:00.000,I 285,I 285 and Exit 51,,Sideswipe-Same Direction,2,Cloudy,Dry,Daylight
2024-01-05T06:40:00.000,I 285,I 285 and Exit 51,,Rear End,2,Clear,Dry,Daylight
2024-10-11T06:50:00.000,I 285,I 285 and Exit 51,,Sideswipe-Same Direction,2,Clear,Dry,Daylight
2024-12-20T16:31:00.000,I 285,I 285 and Exit 51,,Rear End,2,Clear,Dry,Daylight
2024-06-07T21:35:00.000,I 285,I 285 and Exit 51,,Rear End,2,Clear,Dry,Dark-Not Lighted
2024-11-20T13:50:00.000,I 285,I 285 and Exit 51,,Rear End,4,Clear,Dry,Daylight
2024-03-06T06:10:00.000,I 285,I 285 and Exit 51,,Sideswipe-Same Direction,2,Rain,Wet,Dark-Lighted
2024-07-05T11:20:00.000,I 285,I 285 and Exit 51,,Rear End,2,Clear,Dry,Daylight
2024-12-04T00:00:00.000,I 285,I 285 and Exit 51,,Angle Crash,2,Clear,Dry,Daylight
2024-11-07T12:30:00.000,I 285,I 285 and Exit 51,,Sideswipe-Same Direction,2,Cloudy,Dry,Daylight
2024-05-22T08:05:00.000,I 285,I 285 and Exit 51,,Sideswipe-Same Direction,2,Cloudy,Dry,Daylight
2024-10-26T08:50:00.000,I 285,I 285 and Exit 51,,Rear End,2,Clear,Dry,Daylight
2024-03-12T21:25:00.000,I 285,I 285 and Exit 51,,Not a Collision with Motor Vehicle,2,Clear,Dry,Dark-Not Lighted
2024-10-21T16:51:00.000,I 285,I 285 and Exit 51,,Rear End,2,Clear,Dry,Daylight
2024-10-25T07:00:00.000,I 285,I 285 and Exit 51,,Rear End,2,Clear,Dry,Daylight
2024-09-18T08:55:00.000,I 285,I 285 and Exit 51,,Sideswipe-Same Direction,2,Cloudy,Dry,Daylight
2024-06-24T15:53:00.000,I 285,I 285 and Exit 51,,Sideswipe-Same Direction,2,Clear,Dry,Daylight
2024-10-31T00:00:00.000,I 285,I 285 and Exit 51,,Sideswipe-Same Direction,2,Clear,Dry,Dark-Lighted
2023-02-24T16:00:00.000,I 285,I 285 and Exit 48 Flat Shoals Rd.,,Sideswipe-Same Direction,2,Clear,Wet,Daylight
2024-02-21T08:45:00.000,I 285,I 285 and Exit 48 Flat Shoals Rd,,Not a Collision with Motor Vehicle,2,Clear,Dry,Daylight
2024-07-15T04:10:00.000,I 285,I 285 and Exit 48  Flat Shoals Rd.,,Not a Collision with Motor Vehicle,1,Clear,Dry,Dark-Not Lighted
2023-01-04T02:28:00.000,I 285,I 285 and Exit 48,,Not a Collision with Motor Vehicle,1,Rain,Wet,Dark-Lighted
2023-07-27T08:45:00.000,I 285,I 285 and Exit 48,,Sideswipe-Same Direction,2,Clear,Dry,Daylight
2023-09-16T13:42:00.000,I 285,I 285 and Exit 48,,Angle Crash,2,Rain,Wet,Daylight
2022-03-30T22:45:00.000,I 285,I 285 and Exit 48,,Not a Collision with Motor Vehicle,1,Clear,Dry,Dark-Not Lighted
2022-12-10T05:52:00.000,I 285,I 285 and Exit 48,,Angle Crash,2,Clear,Dry,Dark-Lighted
2022-04-14T08:00:00.000,I 285,I 285 and Exit 48,,Sideswipe-Same Direction,3,Clear,Dry,Daylight
2023-01-04T03:15:00.000,I 285,I 285 and Exit 48,,Not a Collision with Motor Vehicle,1,Rain,Wet,Dark-Not Lighted
2024-12-11T11:50:00.000,I 285,I 285 and Exit 48,,Sideswipe-Same Direction,2,Clear,Dry,Daylight
2024-09-13T06:40:00.000,I 285,I 285 and Exit 48,,Not a Collision with Motor Vehicle,1,Cloudy,Wet,Dark-Not Lighted
2024-05-03T12:00:00.000,I 285,I 285 and Exit 48,,Sideswipe-Same Direction,2,Clear,Dry,Daylight
2024-12-14T19:00:00.000,I 285,I 285 and Exit 48,,Sideswipe-Same Direction,2,Clear,Dry,Dark-Lighted
2024-12-12T09:00:00.000,I 285,I 285 and Exit 48,,Sideswipe-Same Direction,3,Clear,Dry,Daylight
2023-06-28T00:00:00.000,I 285,I 285 and Exit 48,,Rear End,2,Clear,Dry,Daylight
2024-06-04T13:05:00.000,I 285,I 285 and Exit 48,,Rear End,2,Clear,Dry,Daylight
2024-05-06T07:30:00.000,I 285,I 285 and Exit 48,,Angle Crash,3,Clear,Dry,Daylight
2024-08-23T06:00:00.000,I 285,I 285 and Exit 48,,Rear End,2,Clear,Dry,Dark-Not Lighted
2024-08-29T12:10:00.000,I 285,I 285 and Exit 48,,Sideswipe-Same Direction,2,Clear,Dry,Daylight
2024-10-08T13:45:00.000,I 285,I 285 and Exit 48,,Rear End,3,Clear,Dry,Daylight
2024-09-22T03:56:00.000,I 285,I 285 and Exit 48,,Not a Collision with Motor Vehicle,1,Clear,Dry,Dark-Lighted
2024-04-21T09:30:00.000,I 285,I 285 and Exit 48,,Angle Crash,2,Rain,Water (standing or moving),Daylight
2024-12-03T10:03:00.000,I 285,I 285 and Exit 48,,Sideswipe-Same Direction,3,Clear,Dry,Daylight
2022-04-26T14:45:00.000,I 285,I 285 and Exit 46B,,Sideswipe-Same Direction,2,Clear,Dry,Daylight
2022-06-08T17:08:00.000,I 285,I 285 and Exit 46B,,Rear End,2,Clear,Dry,Daylight
2024-03-08T05:30:00.000,I 285,I 285 and Exit 46B,,Sideswipe-Same Direction,2,Clear,Dry,Dark-Not Lighted
2023-08-24T18:30:00.000,I 285,I 285 and Exit 46B,,Sideswipe-Same Direction,2,Clear,Dry,Daylight
2024-06-03T17:24:00.000,I 285,I 285 and Exit 46B,,Rear End,2,Clear,Dry,Daylight
2024-08-05T08:34:00.000,I 285,I 285 and Exit 46B,,Rear End,3,Clear,Dry,Daylight
2024-01-25T05:00:00.000,I 285,I 285 and Exit 46B,,Sideswipe-Same Direction,2,Rain,Wet,Dark-Not Lighted
2024-06-12T17:59:00.000,I 285,I 285 and Exit 46B,,Rear End,3,Clear,Dry,Daylight
2024-01-25T05:00:00.000,I 285,I 285 and Exit 46B,,Rear End,3,Rain,Wet,Dark-Not Lighted
2024-07-08T10:33:00.000,I 285,I 285 and Exit 46A,,Rear End,2,Cloudy,Dry,Daylight
2024-07-16T08:09:00.000,I 285,I 285 and Exit 46A,,Sideswipe-Same Direction,2,Cloudy,Dry,Daylight
2024-11-07T08:34:00.000,I 285,I 285 and Exit 46A,,Sideswipe-Same Direction,2,Clear,Wet,Daylight
2024-09-19T00:00:00.000,I 285,I 285 and Exit 46A,,Angle Crash,2,Clear,Dry,Dawn
2024-09-26T18:40:00.000,I 285,I 285 and Exit 46A,,Angle Crash,2,Cloudy,Wet,Dark-Lighted
2024-04-30T17:53:00.000,I 285,I 285 and Exit 46 B,,Rear End,2,Clear,Dry,Daylight
2022-07-21T12:30:00.000,I 285,I 285 and Exit 46,,Rear End,2,Rain,Wet,Daylight
2024-11-03T00:00:00.000,I 285,I 285 and Exit 46,,Angle Crash,2,Cloudy,Wet,Daylight
2024-03-07T03:09:00.000,I 285,I 285 and Exit 46,,Rear End,2,Clear,Dry,Dark-Not Lighted
2023-05-12T10:00:00.000,I 285,I 285 and Exit 46,,Angle Crash,2,Clear,Dry,Daylight
2024-08-26T17:44:00.000,I 285,I 285 and Exit 46,,Rear End,2,Clear,Dry,Daylight
2024-06-30T04:09:00.000,I 285,I 285 and Exit 46,,Sideswipe-Same Direction,2,Clear,Dry,Dark-Lighted
2024-12-29T15:07:00.000,I 285,I 285 and Exit 46,,Rear End,2,Clear,Dry,Daylight
2024-12-28T07:50:00.000,I 285,I 285 and Exit 46,,Sideswipe-Same Direction,2,Rain,Wet,Daylight
2024-12-29T17:56:00.000,I 285,I 285 and Exit 46,,Rear End,2,Clear,Dry,Dark-Not Lighted
2023-07-13T08:19:00.000,I 285,I 285 and Exit 44- Glenwood Rd,,Rear End,3,Clear,Dry,Daylight
2023-02-24T00:10:00.000,I 285,I 285 and Exit 44 Glenwood,,Sideswipe-Same Direction,2,Clear,Wet,Dark-Not Lighted
2022-09-29T22:15:00.000,I 285,I 285 and Exit 44,,Rear End,2,Cloudy,Dry,Dark-Lighted
2022-10-08T13:00:00.000,I 285,I 285 and Exit 44,,Rear End,2,Clear,Dry,Daylight
2022-03-01T08:35:00.000,I 285,I 285 and Exit 44,,Rear End,3,Clear,Dry,Daylight
2022-05-11T00:00:00.000,I 285,I 285 and Exit 44,,Sideswipe-Same Direction,2,Clear,Dry,Daylight
2022-06-15T15:28:00.000,I 285,I 285 and Exit 44,,Sideswipe-Same Direction,2,Clear,Dry,Daylight
2022-07-23T19:50:00.000,I 285,I 285 and Exit 44,,Rear End,2,Clear,Dry,Daylight
2022-08-30T15:00:00.000,I 285,I 285 and Exit 44,,Sideswipe-Same Direction,2,Rain,Wet,Dark-Lighted
2022-05-02T09:30:00.000,I 285,I 285 and Exit 44,,Rear End,2,Clear,Dry,Daylight
2022-05-05T04:00:00.000,I 285,I 285 and Exit 44,,Rear End,2,Clear,Dry,Dark-Lighted
2024-04-11T00:00:00.000,I 285,I 285 and Exit 44,,Rear End,2,Snow,Dry,Dark-Lighted
2024-10-03T21:15:00.000,I 285,I 285 and Exit 44,,Angle Crash,2,Clear,Dry,Dark-Not Lighted
2024-12-28T01:22:00.000,I 285,I 285 and Exit 44,,Angle Crash,2,Rain,Wet,Dark-Lighted
2023-08-12T03:00:00.000,I 285,I 285 and Exit 44,,Rear End,2,Clear,Dry,Dark-Not Lighted
2023-10-30T08:50:00.000,I 285,I 285 and Exit 44,,Sideswipe-Same Direction,2,Clear,Dry,Daylight
2024-05-06T07:00:00.000,I 285,I 285 and Exit 44,,Sideswipe-Same Direction,2,Clear,Wet,Daylight
2024-02-19T12:30:00.000,I 285,I 285 and Exit 44,,Sideswipe-Same Direction,2,Clear,Dry,Daylight
2024-10-12T08:00:00.000,I 285,I 285 and Exit 44,,Sideswipe-Same Direction,3,Clear,Dry,Daylight
2024-12-11T08:20:00.000,I 285,I 285 and Exit 44,,Rear End,2,Cloudy,Wet,Daylight
2024-10-08T06:10:00.000,I 285,I 285 and Exit 44,,Sideswipe-Same Direction,2,Clear,Dry,Dark-Lighted
2023-04-11T09:01:00.000,I 285,I 285 and Exit 43-Covington Hwy,,Rear End,2,Clear,Dry,Daylight
2023-04-23T12:29:00.000,I 285,I 285 and Exit 43-Covington Hwy,,Rear End,2,Clear,Dry,Daylight
2023-06-20T12:15:00.000,I 285,I 285 and Exit 43-Covington Hwy,,Rear End,2,Clear,Dry,Daylight
2022-05-17T16:15:00.000,I 285,I 285 and Exit 43- Covington Hwy,,Rear End,2,Clear,Dry,Daylight
2022-05-14T13:02:00.000,I 285,I 285 and Exit 43- Covington Hwy,,Rear End,3,Clear,Dry,Daylight
2022-03-11T09:21:00.000,I 285,I 285 and Exit 43- Covington Hwy,,Rear End,2,Clear,Dry,Daylight
2023-04-30T12:34:00.000,I 285,I 285 and Exit 43- Covington Hwy,,Sideswipe-Same Direction,2,Clear,Dry,Daylight
2023-03-26T10:15:00.000,I 285,I 285 and Exit 43- Covington Hwy,,Rear End,2,Rain,Wet,Daylight
2023-04-29T14:10:00.000,I 285,I 285 and Exit 43- Covington Hwy,,Not a Collision with Motor Vehicle,2,Clear,Dry,Daylight
2024-08-02T15:00:00.000,I 285,I 285 and Exit 43,,Sideswipe-Same Direction,2,Clear,Dry,Daylight
2024-12-24T14:30:00.000,I 285,I 285 and Exit 43,,Angle Crash,2,Clear,Dry,Daylight
2024-11-13T07:18:00.000,I 285,I 285 and Exit 43,,Sideswipe-Same Direction,2,Clear,Dry,Daylight
2024-05-31T10:00:00.000,I 285,I 285 and Exit 43,,Sideswipe-Same Direction,2,Clear,Dry,Daylight
2023-08-09T01:30:00.000,I 285,I 285 and Exit 43,,Rear End,2,Clear,Dry,Dark-Lighted
2024-05-17T19:00:00.000,I 285,I 285 and Exit 43,,Angle Crash,2,Clear,Dry,Daylight
2024-04-14T14:33:00.000,I 285,I 285 and Exit 43,,Rear End,2,Clear,Dry,Daylight
2024-10-17T10:19:00.000,I 285,I 285 and Exit 43,,Rear End,2,Clear,Dry,Daylight
2024-09-09T12:29:00.000,I 285,I 285 and Exit 43,,Rear End,2,Clear,Dry,Daylight
2024-12-16T17:12:00.000,I 285,I 285 and Exit 43,,Sideswipe-Same Direction,2,Clear,Dry,Daylight
2024-09-08T15:30:00.000,I 285,I 285 and Exit 43,,Sideswipe-Same Direction,3,Clear,Dry,Daylight
2023-04-23T09:46:00.000,I 285,I 285 and Exit 42- Indian Creek Marta,,Rear End,2,Clear,Dry,Daylight
2024-08-17T14:20:00.000,I 285,I 285 and Exit 42,,Rear End,2,Clear,Dry,Daylight
2024-03-22T14:00:00.000,I 285,I 285 and Exit 42,,Sideswipe-Same Direction,2,Rain,Wet,Daylight
2023-07-10T09:15:00.000,I 285,I 285 and Exit 41-Memorial Dr,,Not a Collision with Motor Vehicle,1,Cloudy,Wet,Daylight
2022-06-07T08:36:00.000,I 285,I 285 and Exit 41- Memorial Dr,,Rear End,2,Clear,Dry,Daylight
2023-06-20T08:31:00.000,I 285,I 285 and Exit 41- Memorial Dr,,Rear End,3,Clear,Dry,Daylight
2022-04-04T08:41:00.000,I 285,I 285 and Exit 41 Memorial Dr,,Sideswipe-Same Direction,2,Clear,Dry,Daylight
2024-11-03T03:26:00.000,I 285,I 285 and Exit 41 Memorial Dr,,Sideswipe-Same Direction,4,Clear,Dry,Dark-Not Lighted
2022-10-30T19:32:00.000,I 285,I 285 and Exit 41,,Rear End,2,Rain,Wet,Dark-Not Lighted
2022-12-13T17:27:00.000,I 285,I 285 and Exit 41,,Rear End,2,Rain,Wet,Dark-Not Lighted
2024-05-12T21:20:00.000,I 285,I 285 and Exit 41,,Rear End,5,Clear,Dry,Dark-Not Lighted
2024-07-22T18:00:00.000,I 285,I 285 and Exit 41,,Rear End,2,Clear,Dry,Daylight
2023-11-30T06:50:00.000,I 285,I 285 and Exit 41,,Angle Crash,2,Clear,Dry,Daylight
2023-07-20T16:07:00.000,I 285,I 285 and Exit 41,,Rear End,2,Clear,Dry,Daylight
2024-11-19T19:29:00.000,I 285,I 285 and Exit 41,,Rear End,2,Clear,Wet,Dark-Lighted
2024-11-01T06:50:00.000,I 285,I 285 and Exit 41,,Rear End,2,Clear,Dry,Daylight
2024-05-30T20:05:00.000,I 285,I 285 and Exit 41,,Sideswipe-Same Direction,2,Clear,Dry,Daylight
2024-12-13T17:43:00.000,I 285,I 285 and Exit 41,,Rear End,3,Cloudy,Dry,Dark-Not Lighted
2024-11-25T06:15:00.000,I 285,I 285 and Exit 41,,Not a Collision with Motor Vehicle,2,Clear,Dry,Daylight
2024-02-16T19:00:00.000,I 285,I 285 and Exit 41,,Sideswipe-Same Direction,2,Clear,Dry,Dark-Lighted
2024-12-07T15:00:00.000,I 285,I 285 and Exit 41,,Rear End,2,Clear,Dry,Daylight
2024-12-02T14:45:00.000,I 285,I 285 and Exit 41,,Angle Crash,3,Clear,Dry,Daylight
2024-12-13T20:00:00.000,I 285,I 285 and Exit 41,,Rear End,2,Clear,Dry,Dark-Not Lighted
2022-06-07T00:00:00.000,I 285,I 285 and Exit 40-Church St,,Sideswipe-Same Direction,2,Clear,Dry,Daylight
2022-03-17T10:28:00.000,I 285,I 285 and Exit 40- Church St,,Rear End,3,Clear,Dry,Daylight
2022-04-04T12:03:00.000,I 285,I 285 and Exit 40 E Ponce De Leon Ave,,Sideswipe-Same Direction,3,Clear,Dry,Daylight
2024-12-30T22:40:00.000,I 285,I 285 and Exit 40  E Ponce De Leon,,Sideswipe-Same Direction,2,Clear,Dry,Dark-Not Lighted
2023-09-05T07:54:00.000,I 285,I 285 and Exit 40,,Sideswipe-Same Direction,2,Clear,Dry,Daylight
2022-05-06T07:40:00.000,I 285,I 285 and Exit 40,,Rear End,3,Clear,Dry,Daylight
2022-09-16T23:40:00.000,I 285,I 285 and Exit 40,,Angle Crash,2,Clear,Dry,Dark-Not Lighted
2022-08-09T18:44:00.000,I 285,I 285 and Exit 40,,Rear End,2,Rain,Wet,Daylight
2024-05-11T12:30:00.000,I 285,I 285 and Exit 40,,Rear End,3,Clear,Dry,Daylight
2024-11-22T22:55:00.000,I 285,I 285 and Exit 40,,Sideswipe-Same Direction,2,Clear,Dry,Dark-Lighted
2024-12-24T05:08:00.000,I 285,I 285 and Exit 40,,Not a Collision with Motor Vehicle,1,Clear,Dry,Dark-Not Lighted
2023-12-10T07:26:00.000,I 285,I 285 and Exit 40,,Not a Collision with Motor Vehicle,1,Rain,Water (standing or moving),Daylight
2023-08-31T22:00:00.000,I 285,I 285 and Exit 40,,Angle Crash,2,Clear,Dry,Daylight
2023-07-14T19:30:00.000,I 285,I 285 and Exit 40,,Sideswipe-Same Direction,2,Cloudy,Dry,Daylight
2023-09-14T18:50:00.000,I 285,I 285 and Exit 40,,Rear End,2,Clear,Dry,Daylight
2023-08-25T17:05:00.000,I 285,I 285 and Exit 40,,Sideswipe-Same Direction,2,Clear,Dry,Daylight
2023-04-20T11:50:00.000,I 285,I 285 and Exit 40,,Rear End,2,Clear,Dry,Daylight
2024-11-23T06:44:00.000,I 285,I 285 and Exit 40,,Not a Collision with Motor Vehicle,1,Clear,Dry,Daylight
2024-07-13T20:38:00.000,I 285,I 285 and Exit 40,,Rear End,2,Clear,Dry,Daylight
2024-09-06T16:00:00.000,I 285,I 285 and Exit 40,,Rear End,2,Rain,Wet,Daylight
2024-09-28T14:45:00.000,I 285,I 285 and Exit 40,,Rear End,2,Clear,Dry,Daylight
2024-10-20T11:05:00.000,I 285,I 285 and Exit 40,,Sideswipe-Same Direction,2,Cloudy,Dry,Daylight
2024-09-05T21:40:00.000,I 285,I 285 and Exit 40,,Rear End,3,Clear,Dry,Dark-Lighted
2024-11-02T13:24:00.000,I 285,I 285 and Exit 40,,Sideswipe-Same Direction,2,Clear,Dry,Daylight
2023-08-25T12:59:00.000,I 285,I 285 and Exit 39B,,Angle Crash,2,Clear,Dry,Daylight
2023-09-26T15:26:00.000,I 285,I 285 and Exit 39B,,Rear End,2,Clear,Dry,Daylight
2023-01-30T08:34:00.000,I 285,I 285 and Exit 39B,,Rear End,2,Rain,Wet,Daylight
2022-03-09T09:16:00.000,I 285,I 285 and Exit 39B,,Not a Collision with Motor Vehicle,1,Clear,Dry,Daylight
2024-11-02T14:35:00.000,I 285,I 285 and Exit 39B,,Sideswipe-Same Direction,3,Clear,Dry,Daylight
2023-02-16T20:39:00.000,I 285,I 285 and Exit 39B,,Not a Collision with Motor Vehicle,1,Clear,Dry,Dark-Not Lighted
2023-11-09T08:50:00.000,I 285,I 285 and Exit 39B,,Sideswipe-Same Direction,2,Clear,Dry,Daylight
2023-07-20T17:53:00.000,I 285,I 285 and Exit 39B,,Rear End,3,Cloudy,Dry,Daylight
2023-08-23T17:30:00.000,I 285,I 285 and Exit 39B,,Sideswipe-Same Direction,2,Clear,Dry,Daylight
2024-10-09T15:30:00.000,I 285,I 285 and Exit 39B,,Rear End,2,Clear,Dry,Daylight
2024-01-11T16:50:00.000,I 285,I 285 and Exit 39B,,Sideswipe-Same Direction,2,Clear,Dry,Daylight
2024-02-10T04:50:00.000,I 285,I 285 and Exit 39B,,Not a Collision with Motor Vehicle,1,Cloudy,Dry,Dark-Not Lighted
2024-06-17T15:00:00.000,I 285,I 285 and Exit 39B,,Sideswipe-Same Direction,2,Clear,Dry,Daylight
2024-05-09T16:10:00.000,I 285,I 285 and Exit 39B,,Angle Crash,2,Cloudy,Wet,Daylight
2022-06-26T14:15:00.000,I 285,I 285 and Exit 39A,,Angle Crash,2,Clear,Dry,Daylight
2022-11-16T22:30:00.000,I 285,I 285 and Exit 39A,,Sideswipe-Same Direction,2,Clear,Dry,Dark-Not Lighted
2024-12-28T13:15:00.000,I 285,I 285 and Exit 39A,,Sideswipe-Same Direction,2,Cloudy,Dry,Daylight
2024-11-21T12:04:00.000,I 285,I 285 and Exit 39A,,Rear End,2,Clear,Dry,Daylight
2024-11-15T17:45:00.000,I 285,I 285 and Exit 39A,,Rear End,2,Clear,Dry,Dark-Not Lighted
2024-11-18T15:45:00.000,I 285,I 285 and Exit 39A,,Sideswipe-Same Direction,2,Clear,Dry,Daylight
2024-08-13T08:02:00.000,I 285,I 285 and Exit 39A,,Rear End,2,Clear,Dry,Daylight
2020-09-02T19:25:00.000,I 285,I 285 and Exit 39 B Hwy 78,,Sideswipe-Same Direction,3,Clear,Dry,Daylight
2023-09-01T18:40:00.000,I 285,I 285 and Exit 38,,Rear End,2,Cloudy,Dry,Daylight
2022-05-09T17:10:00.000,I 285,I 285 and Exit 38,,Sideswipe-Same Direction,2,Clear,Dry,Daylight
2023-09-02T14:49:00.000,I 285,I 285 and Exit 38,,Rear End,2,Clear,Dry,Daylight
2024-11-07T11:00:00.000,I 285,I 285 and Exit 38,,Sideswipe-Same Direction,2,Cloudy,Dry,Daylight
2024-10-14T07:00:00.000,I 285,I 285 and Exit 38,,Not a Collision with Motor Vehicle,1,Clear,Dry,Daylight
2024-10-24T08:20:00.000,I 285,I 285 and Exit 37,,Rear End,2,Clear,Dry,Daylight
2024-08-20T14:45:00.000,I 285,I 285 and Exit 37,,Sideswipe-Same Direction,2,Clear,Dry,Daylight
2024-12-12T15:30:00.000,I 285,I 285 and Exit 37,,Sideswipe-Same Direction,2,Clear,Dry,Daylight
2024-10-25T14:22:00.000,I 285,I 285 and Exit 37,,Sideswipe-Same Direction,2,Clear,Dry,Daylight
2024-04-15T17:01:00.000,I 285,I 285 and Exit 37,,Rear End,2,Clear,Dry,Daylight
2024-10-06T13:50:00.000,I 285,I 285 and Exit 37,,Rear End,2,Clear,Dry,Daylight
2024-07-23T18:00:00.000,I 285,I 285 and Exit 37,,Rear End,2,Other,Other,Daylight
2024-10-27T13:33:00.000,I 285,I 285 and Exit 37,,Rear End,3,Clear,Dry,Daylight
2024-07-14T18:20:00.000,I 285,I 285 and Exit 36,,Angle Crash,2,Clear,Dry,Daylight
2024-12-29T06:00:00.000,I 285,I 285 and Exit 36,,Not a Collision with Motor Vehicle,1,Rain,Water (standing or moving),Dark-Not Lighted
2024-12-03T17:29:00.000,I 285,I 285 and Exit 36,,Rear End,2,Clear,Dry,Dark-Lighted
2024-12-29T06:00:00.000,I 285,I 285 and Exit 36,,Head On,2,Rain,Wet,Dark-Not Lighted
2024-12-29T06:00:00.000,I 285,I 285 and Exit 36,,Rear End,2,Rain,Wet,Dark-Not Lighted
2024-12-16T06:00:00.000,I 285,I 285 and Exit 34 Chamblee Tucker Rd,,Rear End,2,Clear,Dry,Dark-Lighted
2024-08-07T00:45:00.000,I 285,I 285 and Exit 34 Chamblee Tucker Rd,,Angle Crash,2,Clear,Dry,Dark-Not Lighted
2024-11-15T15:36:00.000,I 285,I 285 and Exit 34,,Angle Crash,2,Clear,Dry,Daylight
2024-12-28T04:50:00.000,I 285,I 285 and Exit 34,,Angle Crash,2,Rain,Wet,Dark-Not Lighted
2024-12-30T10:05:00.000,I 285,I 285 and Exit 34,,Rear End,3,Clear,Dry,Daylight
2024-10-04T17:00:00.000,I 285,I 285 and Exit 34,,Rear End,2,Clear,Dry,Daylight
2024-08-09T14:52:00.000,I 285,I 285 and Exit 33B,,Sideswipe-Same Direction,2,Clear,Dry,Daylight
2024-11-07T15:00:00.000,I 285,I 285 and Exit 33B,,Rear End,2,Clear,Dry,Daylight
2024-07-19T23:45:00.000,I 285,I 285 and Exit 33B,,Rear End,2,Rain,Wet,Dark-Not Lighted
2023-02-05T19:37:00.000,I 285,I 285 and Exit 33B,,Not a Collision with Motor Vehicle,1,Clear,Dry,Dark-Not Lighted
2023-07-26T12:30:00.000,I 285,I 285 and Exit 33B,,Rear End,2,Clear,Dry,Daylight
2023-12-06T07:30:00.000,I 285,I 285 and Exit 33B,,Rear End,2,Clear,Dry,Daylight
2023-12-17T06:00:00.000,I 285,I 285 and Exit 33B,,Not a Collision with Motor Vehicle,1,Rain,Wet,Dark-Lighted
2024-11-13T14:35:00.000,I 285,I 285 and Exit 33B,,Angle Crash,2,Clear,Dry,Daylight
2024-12-28T15:08:00.000,I 285,I 285 and Exit 33B,,Rear End,3,Clear,Other,Daylight
2023-11-12T16:45:00.000,I 285,I 285 and Exit 33A,,Rear End,2,Cloudy,Dry,Daylight
2024-12-03T16:20:00.000,I 285,I 285 and Exit 33A,,Angle Crash,2,Clear,Dry,Daylight
2024-03-31T17:00:00.000,I 285,I 285 and Exit 33A,,Rear End,2,Clear,Dry,Daylight
2024-08-26T18:06:00.000,I 285,I 285 and Exit 33A,,Rear End,2,Clear,Dry,Daylight
2023-07-07T17:00:00.000,I 285,I 285 and Exit 33-B,,Sideswipe-Same Direction,2,Clear,Dry,Daylight
2023-01-26T20:00:00.000,I 285,I 285 and Exit 33,,Rear End,2,Clear,Dry,Dark-Lighted
2021-12-29T08:50:00.000,I 285,I 285 and Exit 33,,Rear End,2,Rain,Wet,Daylight
2024-06-13T07:30:00.000,I 285,I 285 and Exit 33,,Rear End,2,Clear,Dry,Daylight
2024-05-14T16:00:00.000,I 285,I 285 and Exit 32,,Sideswipe-Same Direction,2,Clear,Dry,Daylight
2024-11-25T17:00:00.000,I 285,I 285 and Exit 32,,Sideswipe-Same Direction,2,Cloudy,Dry,Daylight
2024-10-16T15:12:00.000,I 285,I 285 and Exit 32,,Rear End,2,Clear,Dry,Daylight
2020-11-19T16:43:00.000,I 285,I 285 and Exit 238B,,Rear End,2,Clear,Dry,Daylight
2023-09-19T19:29:00.000,I 285,I 285 and Exit 22,,Rear End,3,Clear,Dry,Dark-Not Lighted
2024-02-13T08:28:00.000,I 285,I 285 and Exit 22,,Rear End,4,Clear,Dry,Daylight
2020-06-22T13:48:00.000,I 285,I 285 and Exit 20 Off Rp,,Rear End,3,Cloudy,Wet,Daylight
2021-10-27T19:16:00.000,I 285,I 285 and Exit 20,,Sideswipe-Same Direction,2,Clear,Dry,Dark-Not Lighted
2021-12-02T11:53:00.000,I 285,I 285 and Exit 20,,Rear End,2,Clear,Dry,Daylight
2021-12-16T14:42:00.000,I 285,I 285 and Exit 20,,Rear End,2,Cloudy,Dry,Daylight
2021-11-26T19:15:00.000,I 285,I 285 and Exit 20,,Rear End,2,Clear,Dry,Dark-Not Lighted
2023-05-22T17:57:00.000,I 285,I 285 and Exit 20,,Rear End,2,Cloudy,Dry,Daylight
2023-12-15T16:21:00.000,I 285,I 285 and Exit 20,,Sideswipe-Same Direction,2,Clear,Dry,Daylight
2020-01-07T07:50:00.000,I 285,I 285 and Exit 20,,Rear End,2,Clear,Wet,Daylight
2021-09-20T10:39:00.000,I 285,I 285 and Exit 20,,Sideswipe-Same Direction,2,Rain,Wet,Daylight
2021-08-09T11:26:00.000,I 285,I 285 and Exit 20,,Sideswipe-Same Direction,2,Cloudy,Dry,Daylight
2022-06-30T18:14:00.000,I 285,I 285 and Exit 20,,Rear End,2,Cloudy,Dry,Daylight