Date and Time,Roadway (From Crash Report),Intersection Name (from Crash Report),KABCO Severity,Manner of Collision (Crash Level) ,# of Vehicles per crash ,Weather Conditions (Crash Level),Surface Condition (Crash Level) ,Light Conditions (Crash Level)
2022-09-20T07:27:00.000,I 285,I 285 and Exit 20,,Sideswipe-Same Direction,2,Clear,Dry,Daylight
2024-02-23T06:43:00.000,I 285,I 285 and Exit 20,,Rear End,2,Cloudy,Wet,Dark-Lighted
2024-01-08T15:29:00.000,I 285,I 285 and Exit 20,,Rear End,2,Clear,Dry,Dark-Not Lighted
2023-03-24T00:00:00.000,I 285,I 285 and Exit 2,,Sideswipe-Same Direction,2,Clear,Dry,Dark-Lighted
2023-03-09T16:48:00.000,I 285,I 285 and Exit 2,,Rear End,2,Clear,Dry,Daylight
2023-02-17T05:51:00.000,I 285,I 285 and Exit 2,,Sideswipe-Same Direction,2,Rain,Wet,Dark-Not Lighted
2021-12-19T17:00:00.000,I 285,I 285 and Exit 2,,Not a Collision with Motor Vehicle,1,Clear,Dry,Daylight
2022-12-26T21:24:00.000,I 285,I 285 and Exit 2,,Rear End,2,Cloudy,Dry,Daylight
2022-11-01T18:38:00.000,I 285,I 285 and Exit 2,,Rear End,2,Clear,Dry,Daylight
2022-07-21T00:00:00.000,I 285,I 285 and Exit 2,,Rear End,2,Clear,Dry,Daylight
2022-10-09T14:49:00.000,I 285,I 285 and Exit 2,,Rear End,2,Clear,Dry,Daylight
2022-07-11T15:03:00.000,I 285,I 285 and Exit 2,,Sideswipe-Same Direction,2,Cloudy,Dry,Daylight
2022-06-29T09:10:00.000,I 285,I 285 and Exit 2,,Rear End,2,Cloudy,Dry,Daylight
2022-07-16T21:52:00.000,I 285,I 285 and Exit 2,,Sideswipe-Same Direction,2,Clear,Dry,Dark-Lighted
2022-05-29T17:56:00.000,I 285,I 285 and Exit 2,,Rear End,2,Clear,Dry,Daylight
2022-06-26T22:10:00.000,I 285,I 285 and Exit 2,,Rear End,3,Clear,Dry,Dark-Not Lighted
2022-03-11T07:20:00.000,I 285,I 285 and Exit 2,,Sideswipe-Same Direction,2,Clear,Dry,Dark-Lighted
2022-09-23T13:38:00.000,I 285,I 285 and Exit 2,,Rear End,3,Clear,Dry,Daylight
2022-05-13T16:00:00.000,I 285,I 285 and Exit 2,,Rear End,3,Clear,Dry,Daylight
2022-12-12T09:58:00.000,I 285,I 285 and Exit 2,,Angle Crash,3,Cloudy,Dry,Daylight
2022-10-08T15:25:00.000,I 285,I 285 and Exit 2,,Sideswipe-Same Direction,2,Clear,Dry,Daylight
2022-05-20T14:25:00.000,I 285,I 285 and Exit 2,,Sideswipe-Same Direction,2,Clear,Dry,Daylight
2022-07-25T10:08:00.000,I 285,I 285 and Exit 2,,Not a Collision with Motor Vehicle,2,Clear,Dry,Daylight
2022-05-13T18:40:00.000,I 285,I 285 and Exit 2,,Rear End,2,Clear,Dry,Daylight
2022-04-02T22:26:00.000,I 285,I 285 and Exit 2,,Angle Crash,2,Clear,Dry,Dark-Not Lighted
2022-12-02T14:40:00.000,I 285,I 285 and Exit 2,,Sideswipe-Same Direction,2,Clear,Dry,Daylight
2022-06-16T22:43:00.000,I 285,I 285 and Exit 2,,Not a Collision with Motor Vehicle,1,Clear,Dry,Dark-Lighted
2022-10-07T20:21:00.000,I 285,I 285 and Exit 2,,Rear End,3,Clear,Dry,Dark-Lighted
2022-03-04T19:10:00.000,I 285,I 285 and Exit 2,,Rear End,2,Clear,Dry,Dark-Lighted
2024-09-28T18:47:00.000,I 285,I 285 and Exit 2,,Angle Crash,2,Clear,Dry,Daylight
2024-05-11T15:40:00.000,I 285,I 285 and Exit 2,,Rear End,2,Clear,Dry,Daylight
2024-07-30T16:15:00.000,I 285,I 285 and Exit 2,,Rear End,2,Clear,Dry,Daylight
2024-10-24T15:21:00.000,I 285,I 285 and Exit 2,,Rear End,2,Clear,Dry,Daylight
2024-08-22T07:31:00.000,I 285,I 285 and Exit 2,,Sideswipe-Same Direction,2,Clear,Dry,Daylight
2024-04-02T15:49:00.000,I 285,I 285 and Exit 2,,Sideswipe-Same Direction,2,Clear,Dry,Daylight
2024-04-05T17:12:00.000,I 285,I 285 and Exit 2,,Rear End,3,Clear,Dry,Daylight
2024-11-24T14:30:00.000,I 285,I 285 and Exit 2,,Sideswipe-Same Direction,2,Clear,Dry,Daylight
2024-09-06T15:43:00.000,I 285,I 285 and Exit 2,,Head On,6,Rain,Wet,Daylight
2024-07-19T16:29:00.000,I 285,I 285 and Exit 2,,Not a Collision with Motor Vehicle,1,Clear,Dry,Daylight
2023-08-10T18:08:00.000,I 285,I 285 and Exit 2,,Sideswipe-Same Direction,2,Clear,Dry,Daylight
2023-10-14T15:22:00.000,I 285,I 285 and Exit 2,,Not a Collision with Motor Vehicle,1,Clear,Dry,Daylight
2023-12-07T19:55:00.000,I 285,I 285 and Exit 2,,Rear End,2,Clear,Dry,Dark-Not Lighted
2023-10-30T13:04:00.000,I 285,I 285 and Exit 2,,Sideswipe-Same Direction,2,Cloudy,Dry,Daylight
2023-04-27T15:30:00.000,I 285,I 285 and Exit 2,,Rear End,2,Clear,Wet,Daylight
2023-12-07T20:22:00.000,I 285,I 285 and Exit 2,,Rear End,2,Clear,Dry,Dark-Not Lighted
2023-10-08T21:06:00.000,I 285,I 285 and Exit 2,,Sideswipe-Same Direction,2,Clear,Dry,Dark-Lighted
2023-10-25T09:18:00.000,I 285,I 285 and Exit 2,,Sideswipe-Same Direction,2,Clear,Dry,Daylight
2023-07-28T16:20:00.000,I 285,I 285 and Exit 2,,Sideswipe-Same Direction,3,Clear,Dry,Daylight
2023-11-22T17:47:00.000,I 285,I 285 and Exit 2,,Rear End,2,Clear,Dry,Dark-Lighted
2024-10-17T22:53:00.000,I 285,I 285 and Exit 2,,Sideswipe-Same Direction,2,Clear,Dry,Dark-Lighted
2024-02-12T16:50:00.000,I 285,I 285 and Exit 2,,Not a Collision with Motor Vehicle,1,Rain,Wet,Daylight
2024-08-05T18:00:00.000,I 285,I 285 and Exit 2,,Rear End,2,Clear,Dry,Daylight
2024-10-29T17:42:00.000,I 285,I 285 and Exit 2,,Rear End,2,Clear,Dry,Daylight
2024-09-25T23:58:00.000,I 285,I 285 and Exit 2,,Sideswipe-Same Direction,2,Rain,Wet,Dark-Not Lighted
2024-11-19T07:52:00.000,I 285,I 285 and Exit 2,,Rear End,2,Rain,Wet,Daylight
2024-04-06T19:14:00.000,I 285,I 285 and Exit 2,,Sideswipe-Same Direction,2,Clear,Dry,Daylight
2024-11-27T13:24:00.000,I 285,I 285 and Exit 2,,Rear End,2,Clear,Dry,Daylight
2024-05-17T15:52:00.000,I 285,I 285 and Exit 2,,Rear End,2,Cloudy,Dry,Daylight
2024-06-21T19:20:00.000,I 285,I 285 and Exit 2,,Sideswipe-Opposite Direction,2,Clear,Dry,Daylight
2024-01-04T18:06:00.000,I 285,I 285 and Exit 2,,Angle Crash,2,Clear,Dry,Dark-Lighted
2024-11-24T10:26:00.000,I 285,I 285 and Exit 2,,Sideswipe-Same Direction,2,Clear,Dry,Daylight
2024-02-23T14:41:00.000,I 285,I 285 and Exit 2,,Rear End,2,Clear,Dry,Daylight
2024-11-01T17:15:00.000,I 285,I 285 and Exit 2,,Rear End,2,Clear,Dry,Daylight
2024-04-01T10:09:00.000,I 285,I 285 and Exit 2,,Sideswipe-Same Direction,2,Clear,Dry,Daylight
2024-08-18T00:13:00.000,I 285,I 285 and Exit 2,,Sideswipe-Same Direction,2,Clear,Dry,Dark-Lighted
2024-10-12T12:08:00.000,I 285,I 285 and Exit 2,,Rear End,2,Clear,Dry,Daylight
2024-04-01T09:50:00.000,I 285,I 285 and Exit 2,,Sideswipe-Same Direction,2,Clear,Dry,Daylight
2024-03-27T14:10:00.000,I 285,I 285 and Exit 2,,Sideswipe-Same Direction,2,Clear,Dry,Daylight
2024-07-25T15:52:00.000,I 285,I 285 and Exit 2,,Rear End,2,Cloudy,Dry,Daylight
2024-08-06T13:18:00.000,I 285,I 285 and Exit 2,,Rear End,2,Clear,Dry,Daylight
2024-07-26T15:26:00.000,I 285,I 285 and Exit 2,,Rear End,2,Clear,Dry,Daylight
2024-11-26T17:04:00.000,I 285,I 285 and Exit 2,,Sideswipe-Same Direction,2,Clear,Dry,Daylight
2024-06-05T17:04:00.000,I 285,I 285 and Exit 2,,Rear End,2,Cloudy,Dry,Daylight
2024-11-13T08:50:00.000,I 285,I 285 and Exit 2,,Sideswipe-Same Direction,2,Clear,Dry,Daylight
2024-01-10T20:57:00.000,I 285,I 285 and Exit 2,,Sideswipe-Same Direction,2,Clear,Dry,Dark-Not Lighted
2024-12-11T17:58:00.000,I 285,I 285 and Exit 2,,Rear End,2,Clear,Dry,Dark-Not Lighted
2024-06-28T20:08:00.000,I 285,I 285 and Exit 2,,Rear End,3,Rain,Wet,Dark-Lighted
2024-05-20T21:34:00.000,I 285,I 285 and Exit 2,,Rear End,2,Cloudy,Dry,Dark-Lighted
2022-06-08T17:55:00.000,I 285,I 285 and Exit 15,,Sideswipe-Same Direction,2,Clear,Dry,Daylight
2021-11-22T13:49:00.000,I 285,I 285 and Exit 10B,,Rear End,2,Clear,Dry,Daylight
2023-12-12T08:05:00.000,I 285,I 285 and Exit 10B,,Sideswipe-Same Direction,2,Clear,Dry,Daylight
2023-04-27T14:40:00.000,I 285,I 285 and Exit 10B,,Rear End,2,Rain,Wet,Daylight
2023-05-30T18:31:00.000,I 285,I 285 and Exit 10B,,Rear End,2,Cloudy,Dry,Daylight
2023-06-20T15:48:00.000,I 285,I 285 and Exit 10B,,Rear End,3,Clear,Wet,Daylight
2021-12-17T19:10:00.000,I 285,I 285 and Exit 10B,,Rear End,2,Cloudy,Dry,Dark-Not Lighted
2022-01-20T17:07:00.000,I 285,I 285 and Exit 10B,,Rear End,2,Clear,Dry,Daylight
2022-01-11T14:04:00.000,I 285,I 285 and Exit 10B,,Rear End,2,Clear,Dry,Daylight
2023-05-09T18:24:00.000,I 285,I 285 and Exit 10B,,Sideswipe-Same Direction,2,Cloudy,Dry,Daylight
2023-10-27T11:26:00.000,I 285,I 285 and Exit 10B,,Rear End,2,Cloudy,Dry,Daylight
2024-02-12T10:26:00.000,I 285,I 285 and Exit 10B,,Rear End,2,Rain,Wet,Daylight
2024-02-12T11:09:00.000,I 285,I 285 and Exit 10B,,Rear End,2,Rain,Wet,Daylight
2024-02-13T07:21:00.000,I 285,I 285 and Exit 10B,,Rear End,2,Clear,Dry,Dark-Not Lighted
2024-12-31T13:22:00.000,I 285,I 285 and Exit 10B,,Rear End,3,Clear,Dry,Daylight
2022-01-28T16:35:00.000,I 285,I 285 and Exit 10A  I20,,Rear End,2,Clear,Dry,Daylight
2023-07-11T09:16:00.000,I 285,I 285 and Exit 10A,,Rear End,2,Clear,Dry,Daylight
2022-07-04T17:07:00.000,I 285,I 285 and Exit 1,,Angle Crash,2,Rain,Wet,Daylight
2022-03-13T20:55:00.000,I 285,I 285 and Exit 1,,Rear End,2,Clear,Dry,Dark-Lighted
2022-05-13T00:12:00.000,I 285,I 285 and Exit 1,,Rear End,2,Clear,Dry,Dark-Not Lighted
2022-12-10T22:36:00.000,I 285,I 285 and Exit 1,,Rear End,2,Clear,Wet,Dark-Not Lighted
2022-04-25T17:23:00.000,I 285,I 285 and Exit 1,,Sideswipe-Same Direction,2,Clear,Dry,Daylight
2024-10-15T19:05:00.000,I 285,I 285 and Exit 1,,Not a Collision with Motor Vehicle,2,Clear,Dry,Dark-Not Lighted
2024-04-16T10:55:00.000,I 285,I 285 and Exit 1,,Rear End,2,Clear,Dry,Daylight
2024-09-22T04:10:00.000,I 285,I 285 and Exit 1,,Rear End,2,Clear,Dry,Dark-Not Lighted
2023-01-23T14:34:00.000,I 285,I 285 and Exit 1,,Sideswipe-Same Direction,2,Clear,Dry,Daylight
2024-03-08T22:59:00.000,I 285,I 285 and Exit 1,,Rear End,2,Rain,Wet,Dark-Lighted
2024-09-04T19:27:00.000,I 285,I 285 and Exit 1,,Sideswipe-Same Direction,2,Clear,Dry,Daylight
2024-03-30T15:05:00.000,I 285,I 285 and Exit 1,,Sideswipe-Same Direction,3,Clear,Dry,Daylight
2024-04-17T06:20:00.000,I 285,I 285 and Exit 1,,Sideswipe-Same Direction,2,Clear,Dry,Daylight
2020-11-12T12:11:00.000,I 285,I 285 and Exit  60 Old National Hwy   S Fulton Pkwy,,Sideswipe-Same Direction,2,Rain,Wet,Daylight
2020-11-11T14:30:00.000,I 285,I 285 and Exchange Trl,,Rear End,2,Clear,Wet,Daylight
2022-01-08T00:00:00.000,I 285,I 285 and Evans St,,Rear End,2,Clear,Dry,Dark-Not Lighted
2023-05-12T14:53:00.000,I 285,I 285 and Evans St,,Rear End,3,Cloudy,Wet,Daylight
2021-04-24T10:00:00.000,I 285,I 285 and Evans Rd,,Rear End,2,Rain,Wet,Daylight
2021-06-19T23:13:00.000,I 285,I 285 and Evans Rd,,Sideswipe-Same Direction,2,Rain,Water (standing or moving),Dark-Not Lighted
2021-12-28T23:18:00.000,I 285,I 285 and Evans Rd,,Not a Collision with Motor Vehicle,1,Cloudy,Dry,Dark-Not Lighted
2021-06-03T04:50:00.000,I 285,I 285 and Evans Rd,,Sideswipe-Same Direction,2,Cloudy,Dry,Dark-Not Lighted
2021-11-08T08:40:00.000,I 285,I 285 and Evans Rd,,Rear End,2,Clear,Dry,Daylight
2023-08-04T09:04:00.000,I 285,I 285 and Evans Rd,,Sideswipe-Same Direction,2,Clear,Dry,Daylight
2023-06-22T16:50:00.000,I 285,I 285 and Evans Rd,,Rear End,2,Clear,Dry,Daylight
2023-12-22T19:43:00.000,I 285,I 285 and Evans Rd,,Rear End,2,Clear,Dry,Dark-Not Lighted
2023-06-07T17:17:00.000,I 285,I 285 and Evans Rd,,Rear End,3,Clear,Dry,Daylight
2023-08-20T13:42:00.000,I 285,I 285 and Evans Rd,,Rear End,2,Cloudy,Dry,Daylight
2022-07-09T05:20:00.000,I 285,I 285 and Evans Rd,,Angle Crash,2,Rain,Wet,Dark-Not Lighted
2022-12-29T10:28:00.000,I 285,I 285 and Evans Rd,,Rear End,2,Clear,Dry,Daylight
2020-07-13T05:57:00.000,I 285,I 285 and Evans Rd,,Sideswipe-Same Direction,2,Cloudy,Dry,Dark-Not Lighted
2020-11-04T17:56:00.000,I 285,I 285 and Evans Rd,,Rear End,2,Clear,Dry,Dusk
2020-09-10T14:30:00.000,I 285,I 285 and Evans Rd,,Rear End,2,Clear,Dry,Daylight
2021-09-26T12:20:00.000,I 285,I 285 and Evans Rd,,Angle Crash,2,Cloudy,Dry,Daylight
2022-01-02T09:23:00.000,I 285,I 285 and Evans Rd,,Not a Collision with Motor Vehicle,1,Rain,Wet,Daylight
2021-12-01T22:20:00.000,I 285,I 285 and Evans Rd,,Rear End,2,Clear,Dry,Dark-Not Lighted
2021-10-07T00:02:00.000,I 285,I 285 and Evans Rd,,Not a Collision with Motor Vehicle,1,Cloudy,Wet,Dark-Not Lighted
2022-08-19T13:30:00.000,I 285,I 285 and Evans Rd,,Rear End,2,Cloudy,Dry,Daylight
2022-08-22T22:01:00.000,I 285,I 285 and Evans Rd,,Not a Collision with Motor Vehicle,1,Cloudy,Dry,Dark-Not Lighted
2022-05-14T12:04:00.000,I 285,I 285 and Evans Rd,,Sideswipe-Same Direction,2,Cloudy,Dry,Daylight
2021-07-22T12:37:00.000,I 285,I 285 and Evans Rd,,Sideswipe-Same Direction,2,Clear,Dry,Daylight
2022-08-22T13:15:00.000,I 285,I 285 and Evans Rd,,Rear End,2,Cloudy,Dry,Daylight
2022-05-14T12:04:00.000,I 285,I 285 and Evans Rd,,Rear End,2,Cloudy,Dry,Daylight
2022-08-08T17:10:00.000,I 285,I 285 and Evans Rd,,Rear End,2,Clear,Dry,Daylight
2022-08-26T15:37:00.000,I 285,I 285 and Evans Rd,,Rear End,2,Clear,Dry,Daylight
2022-11-30T01:44:00.000,I 285,I 285 and Evans Rd,,Sideswipe-Same Direction,2,Rain,Wet,Dark-Not Lighted
2022-03-26T06:40:00.000,I 285,I 285 and Evans Rd,,Rear End,2,Clear,Dry,Dark-Not Lighted
2022-12-20T15:01:00.000,I 285,I 285 and Evans Rd,,Rear End,2,Cloudy,Dry,Daylight
2022-06-03T07:35:00.000,I 285,I 285 and Evans Rd,,Rear End,2,Cloudy,Dry,Daylight
2022-04-07T07:40:00.000,I 285,I 285 and Evans Rd,,Rear End,2,Clear,Dry,Daylight
2022-10-29T00:20:00.000,I 285,I 285 and Evans Rd,,Not a Collision with Motor Vehicle,1,Clear,Dry,Dark-Not Lighted
2023-05-11T18:20:00.000,I 285,I 285 and Evans Rd,,Sideswipe-Same Direction,2,Clear,Dry,Daylight
2024-02-12T16:45:00.000,I 285,I 285 and Evans Rd,,Sideswipe-Same Direction,2,Rain,Wet,Daylight
2024-03-21T16:20:00.000,I 285,I 285 and Evans Rd,,Rear End,3,Clear,Dry,Daylight
2024-10-25T12:52:00.000,I 285,I 285 and Evans Rd,,Rear End,2,Clear,Dry,Daylight
2024-05-01T21:40:00.000,I 285,I 285 and Evans Rd,,Sideswipe-Same Direction,2,Clear,Dry,Dark-Not Lighted
2023-08-03T18:45:00.000,I 285,I 285 and Evans Rd,,Sideswipe-Opposite Direction,2,Cloudy,Dry,Daylight
2023-03-27T00:51:00.000,I 285,I 285 and Evans Rd,,Not a Collision with Motor Vehicle,1,Rain,Water (standing or moving),Dark-Not Lighted
2023-04-12T16:39:00.000,I 285,I 285 and Evans Rd,,Rear End,3,Cloudy,Dry,Daylight
2023-12-22T13:48:00.000,I 285,I 285 and Evans Rd,,Sideswipe-Same Direction,2,Cloudy,Dry,Daylight
2023-06-22T18:46:00.000,I 285,I 285 and Evans Rd,,Rear End,2,Clear,Dry,Daylight
2023-04-12T05:46:00.000,I 285,I 285 and Evans Rd,,Sideswipe-Same Direction,2,Clear,Dry,Dark-Not Lighted
2023-01-27T21:47:00.000,I 285,I 285 and Evans Rd,,Rear End,2,Clear,Dry,Dark-Not Lighted
2023-12-07T15:48:00.000,I 285,I 285 and Evans Rd,,Sideswipe-Same Direction,2,Clear,Dry,Daylight
2023-04-30T16:58:00.000,I 285,I 285 and Evans Rd,,Rear End,2,Cloudy,Dry,Daylight
2024-02-20T17:21:00.000,I 285,I 285 and Evans Rd,,Sideswipe-Same Direction,2,Clear,Dry,Daylight
2024-10-15T13:07:00.000,I 285,I 285 and Evans Rd,,Sideswipe-Same Direction,2,Cloudy,Dry,Daylight
2024-02-12T03:42:00.000,I 285,I 285 and Evans Rd,,Not a Collision with Motor Vehicle,1,Rain,Water (standing or moving),Dark-Not Lighted
2024-01-31T05:31:00.000,I 285,I 285 and Evans Rd,,Rear End,2,Clear,Dry,Dark-Not Lighted
2024-07-16T17:45:00.000,I 285,I 285 and Evans Rd,,Sideswipe-Same Direction,2,Cloudy,Dry,Daylight
2024-09-12T01:35:00.000,I 285,I 285 and Evans Rd,,Not a Collision with Motor Vehicle,1,Clear,Dry,Dark-Not Lighted
2024-06-11T16:00:00.000,I 285,I 285 and Evans Rd,,Sideswipe-Same Direction,2,Clear,Dry,Daylight
2024-01-24T22:33:00.000,I 285,I 285 and Evans Rd,,Not a Collision with Motor Vehicle,1,Rain,Wet,Dark-Not Lighted
2024-03-18T14:44:00.000,I 285,I 285 and Evans Rd,,Rear End,2,Cloudy,Dry,Daylight
2024-09-29T03:30:00.000,I 285,I 285 and Evans Rd,,Sideswipe-Same Direction,2,Clear,Dry,Dark-Not Lighted
2024-03-23T16:46:00.000,I 285,I 285 and Evans Rd,,Rear End,2,Clear,Dry,Daylight
2024-10-02T15:35:00.000,I 285,I 285 and Evans Rd,,Sideswipe-Same Direction,2,Cloudy,Dry,Daylight
2022-07-02T15:00:00.000,I 285,I 285 and Evangeline Rd,,Angle Crash,2,Clear,Dry,Daylight
2022-08-07T22:55:00.000,I 285,I 285 and Entry Rampto  Stone Mtn Fwy,,Not a Collision with Motor Vehicle,1,Cloudy,Dry,Dark-Not Lighted
2021-04-04T14:09:00.000,I 285,I 285 and Entry Ramp To Glenwood Rd,,Rear End,3,Clear,Dry,Daylight
2023-05-24T00:00:00.000,I 285,I 285 and Entry Ramp From Hwy 78,,Sideswipe-Same Direction,2,Clear,Dry,Daylight
2024-05-28T13:02:00.000,I 285,I 285 and Entrance Ramp To Northwest Cor,,Not a Collision with Motor Vehicle,1,Clear,Dry,Daylight
2023-12-05T00:00:00.000,I 285,I 285 and Entrance Ramp To I85,,Rear End,2,Cloudy,Wet,Daylight
2021-07-02T09:00:00.000,I 285,I 285 and Entrance Ramp To I75,,Not a Collision with Motor Vehicle,1,Rain,Wet,Daylight
2022-11-28T18:18:00.000,I 285,I 285 and Entrance Ramp Of S Cobb Dr,,Sideswipe-Same Direction,2,Clear,Dry,Dark-Not Lighted
2022-09-26T14:32:00.000,I 285,I 285 and Entrance Ramp From Windy Hl,,Rear End,2,Clear,Dry,Daylight
2023-11-29T18:36:00.000,I 285,I 285 and Entrance Ramp From Windy Hl,,Sideswipe-Same Direction,2,Clear,Dry,Dark-Lighted
2020-06-09T19:11:00.000,I 285,I 285 and Entrance Ramp From Paces Fry,,Rear End,2,Rain,Wet,Daylight
2020-11-24T10:42:00.000,I 285,I 285 and Entrance Ramp From Donald Lee,,Angle Crash,2,Clear,Dry,Daylight
2020-11-25T06:35:00.000,I 285,I 285 and Entrance Ramp From Donald Lee,,Rear End,2,Clear,Dry,Dark-Not Lighted
2020-11-25T06:40:00.000,I 285,I 285 and Entrance Ramp From D L Hollowe,,Rear End,2,Cloudy,Dry,Dark-Not Lighted
2021-08-10T18:00:00.000,I 285,I 285 and Entrance Ramp From C D Lane Fr,,Sideswipe-Same Direction,2,Cloudy,Dry,Daylight
2022-04-26T06:45:00.000,I 285,I 285 and Entrance Ramp From,,Angle Crash,3,Clear,Dry,Daylight
2022-04-26T09:04:00.000,I 285,I 285 and Entrance Ramp From,,Angle Crash,2,Clear,Dry,Daylight
2020-06-04T19:16:00.000,I 285,I 285 and Emrose Dr,,Sideswipe-Same Direction,2,Clear,Dry,Daylight
2020-09-11T18:17:00.000,I 285,I 285 and Emrose Dr,,Sideswipe-Same Direction,3,Clear,Dry,Daylight
2022-12-10T11:30:00.000,I 285,I 285 and Emrose Dr,,Sideswipe-Same Direction,2,Cloudy,Dry,Daylight
2024-06-30T09:06:00.000,I 285,I 285 and Emrose Dr,,Angle Crash,3,Clear,Dry,Daylight
2024-02-27T16:30:00.000,I 285,I 285 and Emrose Dr,,Rear End,2,Cloudy,Dry,Daylight
2024-02-27T16:00:00.000,I 285,I 285 and Emrose Dr,,Angle Crash,2,Clear,Dry,Daylight
2021-08-27T20:08:00.000,I 285,I 285 and Empire Forest Dr,,Rear End,3,Clear,Dry,Daylight
2021-04-09T17:50:00.000,I 285,I 285 and Empire Forest Dr,,Rear End,2,Clear,Dry,Daylight
2023-12-26T12:40:00.000,I 285,I 285 and Empire Forest Dr,,Rear End,2,Rain,Wet,Daylight
2020-12-18T19:35:00.000,I 285,I 285 and Empire Forest Dr,,Sideswipe-Same Direction,2,Clear,Dry,Dark-Not Lighted
2020-10-09T15:31:00.000,I 285,I 285 and Empire Forest Dr,,Rear End,3,Rain,Wet,Dusk
2022-03-08T20:38:00.000,I 285,I 285 and Empire Forest Dr,,Not a Collision with Motor Vehicle,1,Other,Wet,Dark-Not Lighted
2022-09-28T10:30:00.000,I 285,I 285 and Empire Forest Dr,,Rear End,2,Clear,Dry,Daylight
2024-04-10T00:00:00.000,I 285,I 285 and Empire Forest Dr,,Rear End,2,Cloudy,Dry,Dawn
2024-11-16T17:40:00.000,I 285,I 285 and Empire Forest Dr,,Angle Crash,2,Clear,Dry,Daylight
2021-09-29T16:00:00.000,I 285,I 285 and Embry Cir,,Angle Crash,2,Clear,Dry,Daylight
2020-07-30T16:01:00.000,I 285,I 285 and Embry Cir,,Rear End,2,Clear,Dry,Daylight
2021-10-12T18:03:00.000,I 285,I 285 and Embry Cir,,Angle Crash,2,Clear,Dry,Daylight
2022-10-20T16:29:00.000,I 285,I 285 and Embry Cir,,Not a Collision with Motor Vehicle,1,Clear,Dry,Daylight
2022-09-19T19:00:00.000,I 285,I 285 and Embry Cir,,Sideswipe-Same Direction,2,Clear,Dry,Daylight
2022-08-11T21:50:00.000,I 285,I 285 and Embry Cir,,Angle Crash,2,Rain,Wet,Dark-Not Lighted
2022-01-10T14:57:00.000,I 285,I 285 and Embry Cir,,Rear End,2,Clear,Dry,Daylight
2024-06-18T13:30:00.000,I 285,I 285 and Embry Cir,,Rear End,2,Clear,Dry,Daylight
2020-03-27T17:15:00.000,I 285,I 285 and Elkhorn Dr,,Rear End,2,Clear,Dry,Daylight
2020-12-20T05:00:00.000,I 285,I 285 and Elkhorn Dr,,Sideswipe-Same Direction,4,Cloudy,Wet,Dark-Not Lighted
2023-10-27T17:31:00.000,I 285,I 285 and Elkhorn Dr,,Sideswipe-Same Direction,2,Clear,Dry,Daylight
2024-01-27T12:00:00.000,I 285,I 285 and E. Ponce De Leon Ave,,Angle Crash,2,Rain,Wet,Daylight
2024-07-05T16:30:00.000,I 285,I 285 and E. Ponce De Leon Ave,,Angle Crash,3,Rain,Wet,Daylight
2022-09-13T07:39:00.000,I 285,I 285 and E. Ponce De Leon,,Sideswipe-Same Direction,2,Clear,Dry,Daylight
2024-06-15T14:00:00.000,I 285,I 285 and E Pone De Leon Ave,,Rear End,2,Clear,Dry,Daylight
2024-08-07T19:20:00.000,I 285,I 285 and E Ponce Deleon Ave,,Rear End,2,Clear,Dry,Daylight
2024-12-07T12:45:00.000,I 285,I 285 and E Ponce Deleon Ave,,Sideswipe-Same Direction,2,Clear,Dry,Daylight
2024-04-13T17:30:00.000,I 285,I 285 and E Ponce De Leon Ln,,Rear End,2,Clear,Dry,Daylight
2023-05-11T18:00:00.000,I 285,I 285 and E Ponce De Leon Dr,,Rear End,2,Clear,Dry,Daylight
2022-01-24T12:20:00.000,I 285,I 285 and E Ponce De Leon Ave.,,Rear End,2,Clear,Dry,Daylight
2021-03-26T03:22:00.000,I 285,I 285 and E Ponce De Leon Ave Exit Rp,,Not a Collision with Motor Vehicle,1,Rain,Water (standing or moving),Dark-Not Lighted
2022-05-09T18:42:00.000,I 285,I 285 and E Ponce De Leon Ave Exit,,Rear End,3,Clear,Dry,Daylight
2024-12-19T11:00:00.000,I 285,I 285 and E Ponce De Leon Ave Exit,,Rear End,2,Clear,Dry,Daylight
2021-06-18T13:45:00.000,I 285,I 285 and E Ponce De Leon Ave,,Sideswipe-Same Direction,2,Clear,Dry,Daylight
2021-05-21T19:20:00.000,I 285,I 285 and E Ponce De Leon Ave,,Sideswipe-Same Direction,2,Clear,Dry,Dawn
2021-11-02T18:31:00.000,I 285,I 285 and E Ponce De Leon Ave,,Rear End,2,Clear,Dry,Daylight
2021-05-25T18:07:00.000,I 285,I 285 and E Ponce De Leon Ave,,Rear End,2,Clear,Dry,Daylight
2021-03-28T14:52:00.000,I 285,I 285 and E Ponce De Leon Ave,,Rear End,2,Cloudy,Dry,Daylight
2021-05-25T13:50:00.000,I 285,I 285 and E Ponce De Leon Ave,,Rear End,2,Clear,Dry,Daylight
2021-06-21T16:20:00.000,I 285,I 285 and E Ponce De Leon Ave,,Sideswipe-Same Direction,2,Cloudy,Dry,Daylight
2021-11-25T11:40:00.000,I 285,I 285 and E Ponce De Leon Ave,,Sideswipe-Same Direction,2,Clear,Dry,Daylight