Date and Time,Roadway (From Crash Report),Intersection Name (from Crash Report),KABCO Severity,Manner of Collision (Crash Level) ,# of Vehicles per crash ,Weather Conditions (Crash Level),Surface Condition (Crash Level) ,Light Conditions (Crash Level)
2020-02-24T09:41:00.000,I 285,I 285 and Durham Park Rd,,Angle Crash,2,Rain,Water (standing or moving),Daylight
2020-09-09T18:15:00.000,I 285,I 285 and Durham Park Rd,,Sideswipe-Same Direction,2,Clear,Dry,Daylight
2020-06-02T00:00:00.000,I 285,I 285 and Durham Park Rd,,Angle Crash,2,Clear,Dry,Dark-Not Lighted
2020-05-16T08:40:00.000,I 285,I 285 and Durham Park Rd,,Sideswipe-Same Direction,2,Clear,Dry,Daylight
2022-06-23T15:05:00.000,I 285,I 285 and Durham Park Rd,,Rear End,2,Clear,Dry,Daylight
2022-02-15T09:44:00.000,I 285,I 285 and Durham Park Rd,,Rear End,2,Clear,Dry,Daylight
2022-09-06T21:07:00.000,I 285,I 285 and Durham Park Rd,,Sideswipe-Same Direction,2,Clear,Dry,Dark-Lighted
2022-12-30T10:00:00.000,I 285,I 285 and Durham Park Rd,,Not a Collision with Motor Vehicle,1,Clear,Dry,Daylight
2023-02-09T18:25:00.000,I 285,I 285 and Durham Park Rd,,Rear End,2,Clear,Dry,Dark-Not Lighted
2024-03-11T21:33:00.000,I 285,I 285 and Durham Park Rd,,Not a Collision with Motor Vehicle,1,Clear,Dry,Dark-Not Lighted
2024-04-27T23:40:00.000,I 285,I 285 and Durham Park Rd,,Sideswipe-Same Direction,2,Clear,Dry,Dark-Lighted
2024-09-12T00:00:00.000,I 285,I 285 and Durham Park Rd,,Angle Crash,3,Cloudy,Wet,Daylight
2024-12-29T19:00:00.000,I 285,I 285 and Durham Park Rd,,Sideswipe-Same Direction,2,Clear,Dry,Dark-Lighted
2024-04-18T08:20:00.000,I 285,I 285 and Durham Park Rd,,Rear End,2,Clear,Dry,Daylight
2024-03-18T07:45:00.000,I 285,I 285 and Durham Park Rd,,Sideswipe-Same Direction,2,Cloudy,Dry,Daylight
2023-10-31T14:00:00.000,I 285,I 285 and Donld Lee Hollowell Parkway No,,Sideswipe-Same Direction,3,Clear,Dry,Daylight
2024-03-19T16:11:00.000,I 285,I 285 and Dondald Lee Hollowell Pkwy,,Rear End,2,Clear,Dry,Daylight
2024-04-18T15:15:00.000,I 285,I 285 and Donald Leew Hollowell Pkwy,,Rear End,2,Clear,Dry,Daylight
2020-06-30T09:40:00.000,I 285,I 285 and Donald Lee Pkwy,,Sideswipe-Same Direction,2,Clear,Dry,Daylight
2024-10-22T17:15:00.000,I 285,I 285 and Donald Lee Pkwy,,Sideswipe-Same Direction,2,Clear,Dry,Daylight
2024-08-08T15:49:00.000,I 285,I 285 and Donald Lee Pkwy,,Rear End,2,Cloudy,Dry,Daylight
2024-04-15T18:35:00.000,I 285,I 285 and Donald Lee Pkwy,,Sideswipe-Same Direction,2,Clear,Dry,Daylight
2024-06-07T15:30:00.000,I 285,I 285 and Donald Lee Howell,,Sideswipe-Same Direction,2,Clear,Dry,Daylight
2022-12-15T13:15:00.000,I 285,I 285 and Donald Lee Holowell Pkwy,,Rear End,3,Clear,Dry,Daylight
2021-08-27T17:16:00.000,I 285,I 285 and Donald Lee Hollwell Pkwy,,Sideswipe-Same Direction,2,Cloudy,Dry,Daylight
2023-12-22T11:07:00.000,I 285,I 285 and Donald Lee Hollwell Pkwy,,Sideswipe-Same Direction,2,Cloudy,Dry,Daylight
2024-07-26T14:54:00.000,I 285,I 285 and Donald Lee Hollwell Pkwy,,Not a Collision with Motor Vehicle,2,Clear,Dry,Daylight
2023-08-29T14:56:00.000,I 285,I 285 and Donald Lee Hollowell Rd,,Rear End,4,Clear,Dry,Daylight
2023-09-05T15:59:00.000,I 285,I 285 and Donald Lee Hollowell Rd,,Rear End,2,Clear,Dry,Daylight
2021-05-10T17:40:00.000,I 285,I 285 and Donald Lee Hollowell Ppkwy Ent,,Sideswipe-Same Direction,2,Cloudy,Dry,Daylight
2024-01-23T11:33:00.000,I 285,I 285 and Donald Lee Hollowell Pkwy Entr,,Sideswipe-Same Direction,2,Cloudy,Dry,Daylight
2024-12-24T16:00:00.000,I 285,I 285 and Donald Lee Hollowell Pkwy Entr,,Angle Crash,2,Clear,Dry,Daylight
2021-03-31T12:59:00.000,I 285,I 285 and Donald Lee Hollowell Pkwy,,Not a Collision with Motor Vehicle,1,Rain,Wet,Daylight
2021-02-07T01:25:00.000,I 285,I 285 and Donald Lee Hollowell Pkwy,,Rear End,2,Rain,Wet,Dark-Lighted
2021-06-28T10:00:00.000,I 285,I 285 and Donald Lee Hollowell Pkwy,,Sideswipe-Same Direction,2,Clear,Dry,Daylight
2021-05-20T17:22:00.000,I 285,I 285 and Donald Lee Hollowell Pkwy,,Rear End,2,Cloudy,Dry,Daylight
2021-06-22T17:41:00.000,I 285,I 285 and Donald Lee Hollowell Pkwy,,Rear End,3,Cloudy,Dry,Daylight
2021-04-08T11:05:00.000,I 285,I 285 and Donald Lee Hollowell Pkwy,,Rear End,2,Cloudy,Dry,Daylight
2021-03-18T01:52:00.000,I 285,I 285 and Donald Lee Hollowell Pkwy,,Not a Collision with Motor Vehicle,1,Rain,Wet,Dark-Lighted
2021-02-05T12:20:00.000,I 285,I 285 and Donald Lee Hollowell Pkwy,,Rear End,2,Clear,Dry,Daylight
2021-12-30T18:32:00.000,I 285,I 285 and Donald Lee Hollowell Pkwy,,Sideswipe-Same Direction,2,Clear,Wet,Dark-Not Lighted
2021-08-17T09:10:00.000,I 285,I 285 and Donald Lee Hollowell Pkwy,,Sideswipe-Same Direction,2,Rain,Wet,Daylight
2021-09-23T17:28:00.000,I 285,I 285 and Donald Lee Hollowell Pkwy,,Rear End,2,Clear,Dry,Daylight
2021-09-30T18:15:00.000,I 285,I 285 and Donald Lee Hollowell Pkwy,,Rear End,2,Cloudy,Dry,Daylight
2021-09-16T16:52:00.000,I 285,I 285 and Donald Lee Hollowell Pkwy,,Rear End,2,Cloudy,Dry,Daylight
2021-02-12T15:08:00.000,I 285,I 285 and Donald Lee Hollowell Pkwy,,Sideswipe-Same Direction,2,Cloudy,Dry,Daylight
2021-05-18T16:18:00.000,I 285,I 285 and Donald Lee Hollowell Pkwy,,Sideswipe-Same Direction,2,Cloudy,Dry,Daylight
2021-03-08T07:07:00.000,I 285,I 285 and Donald Lee Hollowell Pkwy,,Rear End,2,Clear,Dry,Daylight
2021-01-25T13:30:00.000,I 285,I 285 and Donald Lee Hollowell Pkwy,,Sideswipe-Same Direction,2,Cloudy,Dry,Daylight
2021-05-07T12:48:00.000,I 285,I 285 and Donald Lee Hollowell Pkwy,,Rear End,2,Clear,Dry,Daylight
2021-02-21T10:16:00.000,I 285,I 285 and Donald Lee Hollowell Pkwy,,Sideswipe-Same Direction,2,Clear,Dry,Daylight
2021-03-10T14:45:00.000,I 285,I 285 and Donald Lee Hollowell Pkwy,,Rear End,3,Clear,Dry,Daylight
2021-06-14T10:38:00.000,I 285,I 285 and Donald Lee Hollowell Pkwy,,Rear End,2,Clear,Dry,Daylight
2021-05-26T17:09:00.000,I 285,I 285 and Donald Lee Hollowell Pkwy,,Sideswipe-Same Direction,2,Cloudy,Dry,Daylight
2021-02-21T20:01:00.000,I 285,I 285 and Donald Lee Hollowell Pkwy,,Rear End,2,Clear,Dry,Dark-Not Lighted
2021-03-01T20:00:00.000,I 285,I 285 and Donald Lee Hollowell Pkwy,,Angle Crash,2,Clear,Dry,Dark-Not Lighted
2021-05-13T12:30:00.000,I 285,I 285 and Donald Lee Hollowell Pkwy,,Rear End,3,Clear,Dry,Daylight
2021-04-30T15:41:00.000,I 285,I 285 and Donald Lee Hollowell Pkwy,,Rear End,2,Cloudy,Dry,Daylight
2021-03-16T17:20:00.000,I 285,I 285 and Donald Lee Hollowell Pkwy,,Sideswipe-Same Direction,2,Rain,Wet,Daylight
2021-12-10T19:16:00.000,I 285,I 285 and Donald Lee Hollowell Pkwy,,Rear End,3,Rain,Wet,Dark-Not Lighted
2021-09-23T17:29:00.000,I 285,I 285 and Donald Lee Hollowell Pkwy,,Rear End,2,Clear,Dry,Daylight
2021-09-21T09:38:00.000,I 285,I 285 and Donald Lee Hollowell Pkwy,,Rear End,4,Cloudy,Wet,Daylight
2021-09-23T17:29:00.000,I 285,I 285 and Donald Lee Hollowell Pkwy,,Rear End,2,Clear,Dry,Daylight
2021-10-04T11:02:00.000,I 285,I 285 and Donald Lee Hollowell Pkwy,,Rear End,2,Cloudy,Wet,Daylight
2021-07-13T08:51:00.000,I 285,I 285 and Donald Lee Hollowell Pkwy,,Rear End,2,Cloudy,Dry,Daylight
2021-08-02T18:21:00.000,I 285,I 285 and Donald Lee Hollowell Pkwy,,Rear End,2,Cloudy,Dry,Daylight
2021-07-22T17:10:00.000,I 285,I 285 and Donald Lee Hollowell Pkwy,,Rear End,2,Cloudy,Dry,Daylight
2021-04-05T18:10:00.000,I 285,I 285 and Donald Lee Hollowell Pkwy,,Rear End,2,Clear,Dry,Daylight
2021-05-26T14:15:00.000,I 285,I 285 and Donald Lee Hollowell Pkwy,,Rear End,2,Clear,Dry,Daylight
2021-05-27T17:45:00.000,I 285,I 285 and Donald Lee Hollowell Pkwy,,Rear End,2,Clear,Dry,Daylight
2021-01-09T16:26:00.000,I 285,I 285 and Donald Lee Hollowell Pkwy,,Sideswipe-Same Direction,2,Cloudy,Dry,Daylight
2021-03-02T13:30:00.000,I 285,I 285 and Donald Lee Hollowell Pkwy,,Sideswipe-Same Direction,2,Cloudy,Dry,Daylight
2021-05-21T14:31:00.000,I 285,I 285 and Donald Lee Hollowell Pkwy,,Sideswipe-Same Direction,2,Clear,Dry,Daylight
2021-06-30T16:30:00.000,I 285,I 285 and Donald Lee Hollowell Pkwy,,Angle Crash,2,Cloudy,Dry,Daylight
2021-07-27T16:41:00.000,I 285,I 285 and Donald Lee Hollowell Pkwy,,Rear End,2,Cloudy,Dry,Daylight
2021-07-23T11:05:00.000,I 285,I 285 and Donald Lee Hollowell Pkwy,,Rear End,2,Cloudy,Dry,Daylight
2021-09-27T19:09:00.000,I 285,I 285 and Donald Lee Hollowell Pkwy,,Rear End,2,Cloudy,Dry,Daylight
2021-09-23T17:29:00.000,I 285,I 285 and Donald Lee Hollowell Pkwy,,Rear End,2,Clear,Dry,Daylight
2021-10-12T14:06:00.000,I 285,I 285 and Donald Lee Hollowell Pkwy,,Rear End,2,Cloudy,Dry,Daylight
2021-08-24T08:08:00.000,I 285,I 285 and Donald Lee Hollowell Pkwy,,Rear End,3,Clear,Dry,Daylight
2021-04-12T14:15:00.000,I 285,I 285 and Donald Lee Hollowell Pkwy,,Rear End,2,Clear,Dry,Daylight
2021-04-09T16:45:00.000,I 285,I 285 and Donald Lee Hollowell Pkwy,,Rear End,2,Cloudy,Dry,Daylight
2021-06-09T15:06:00.000,I 285,I 285 and Donald Lee Hollowell Pkwy,,Rear End,2,Cloudy,Dry,Daylight
2021-01-26T09:22:00.000,I 285,I 285 and Donald Lee Hollowell Pkwy,,Sideswipe-Same Direction,2,Clear,Wet,Daylight
2021-01-09T14:03:00.000,I 285,I 285 and Donald Lee Hollowell Pkwy,,Rear End,2,Clear,Dry,Daylight
2021-03-22T08:12:00.000,I 285,I 285 and Donald Lee Hollowell Pkwy,,Rear End,2,Cloudy,Dry,Daylight
2021-01-20T06:08:00.000,I 285,I 285 and Donald Lee Hollowell Pkwy,,Sideswipe-Same Direction,3,Clear,Dry,Dawn
2021-06-03T18:38:00.000,I 285,I 285 and Donald Lee Hollowell Pkwy,,Sideswipe-Same Direction,2,Cloudy,Dry,Daylight
2020-08-22T18:58:00.000,I 285,I 285 and Donald Lee Hollowell Pkwy,,Rear End,2,Clear,Dry,Daylight
2020-07-21T21:22:00.000,I 285,I 285 and Donald Lee Hollowell Pkwy,,Head On,1,Clear,Dry,Dark-Not Lighted
2020-12-04T13:37:00.000,I 285,I 285 and Donald Lee Hollowell Pkwy,,Sideswipe-Same Direction,2,Cloudy,Dry,Daylight
2020-05-14T16:13:00.000,I 285,I 285 and Donald Lee Hollowell Pkwy,,Rear End,2,Cloudy,Dry,Daylight
2020-01-04T15:58:00.000,I 285,I 285 and Donald Lee Hollowell Pkwy,,Rear End,2,Clear,Dry,Daylight
2020-01-17T21:52:00.000,I 285,I 285 and Donald Lee Hollowell Pkwy,,Sideswipe-Same Direction,2,Clear,Dry,Dark-Lighted
2020-08-25T11:29:00.000,I 285,I 285 and Donald Lee Hollowell Pkwy,,Sideswipe-Opposite Direction,1,Rain,Wet,Daylight
2020-10-21T12:18:00.000,I 285,I 285 and Donald Lee Hollowell Pkwy,,Rear End,4,Clear,Dry,Daylight
2023-03-09T19:22:00.000,I 285,I 285 and Donald Lee Hollowell Pkwy,,Sideswipe-Same Direction,2,Rain,Wet,Dark-Not Lighted
2023-03-27T11:55:00.000,I 285,I 285 and Donald Lee Hollowell Pkwy,,Rear End,3,Clear,Dry,Daylight
2023-11-21T15:13:00.000,I 285,I 285 and Donald Lee Hollowell Pkwy,,Not a Collision with Motor Vehicle,1,Rain,Wet,Daylight
2023-07-04T18:35:00.000,I 285,I 285 and Donald Lee Hollowell Pkwy,,Sideswipe-Same Direction,2,Cloudy,Dry,Daylight
2023-09-18T16:30:00.000,I 285,I 285 and Donald Lee Hollowell Pkwy,,Sideswipe-Same Direction,2,Clear,Dry,Daylight
2023-11-07T12:20:00.000,I 285,I 285 and Donald Lee Hollowell Pkwy,,Sideswipe-Same Direction,2,Clear,Dry,Daylight
2023-02-09T10:11:00.000,I 285,I 285 and Donald Lee Hollowell Pkwy,,Rear End,2,Cloudy,Dry,Daylight
2023-08-10T16:00:00.000,I 285,I 285 and Donald Lee Hollowell Pkwy,,Rear End,2,Clear,Dry,Daylight
2023-10-09T13:27:00.000,I 285,I 285 and Donald Lee Hollowell Pkwy,,Rear End,2,Clear,Dry,Daylight
2023-05-23T08:33:00.000,I 285,I 285 and Donald Lee Hollowell Pkwy,,Rear End,3,Cloudy,Wet,Daylight
2023-11-07T07:35:00.000,I 285,I 285 and Donald Lee Hollowell Pkwy,,Sideswipe-Same Direction,2,Clear,Dry,Daylight
2023-08-03T16:34:00.000,I 285,I 285 and Donald Lee Hollowell Pkwy,,Sideswipe-Same Direction,2,Cloudy,Dry,Daylight
2023-05-25T14:48:00.000,I 285,I 285 and Donald Lee Hollowell Pkwy,,Sideswipe-Same Direction,2,Clear,Dry,Daylight
2023-08-15T18:30:00.000,I 285,I 285 and Donald Lee Hollowell Pkwy,,Rear End,2,Cloudy,Dry,Daylight
2023-05-23T19:17:00.000,I 285,I 285 and Donald Lee Hollowell Pkwy,,Rear End,2,Cloudy,Dry,Daylight
2023-03-10T19:31:00.000,I 285,I 285 and Donald Lee Hollowell Pkwy,,Rear End,2,Clear,Dry,Dark-Not Lighted
2023-04-27T13:51:00.000,I 285,I 285 and Donald Lee Hollowell Pkwy,,Rear End,2,Rain,Wet,Daylight
2023-10-09T15:28:00.000,I 285,I 285 and Donald Lee Hollowell Pkwy,,Rear End,3,Clear,Dry,Daylight
2023-01-02T16:48:00.000,I 285,I 285 and Donald Lee Hollowell Pkwy,,Rear End,3,Cloudy,Wet,Daylight
2023-06-26T10:15:00.000,I 285,I 285 and Donald Lee Hollowell Pkwy,,Rear End,2,Cloudy,Dry,Daylight
2023-06-15T12:05:00.000,I 285,I 285 and Donald Lee Hollowell Pkwy,,Sideswipe-Same Direction,2,Clear,Dry,Daylight
2023-07-27T18:00:00.000,I 285,I 285 and Donald Lee Hollowell Pkwy,,Rear End,2,Clear,Dry,Daylight
2023-03-07T12:44:00.000,I 285,I 285 and Donald Lee Hollowell Pkwy,,Sideswipe-Same Direction,2,Clear,Dry,Daylight
2023-02-28T16:00:00.000,I 285,I 285 and Donald Lee Hollowell Pkwy,,Sideswipe-Same Direction,3,Clear,Dry,Daylight
2023-07-25T13:20:00.000,I 285,I 285 and Donald Lee Hollowell Pkwy,,Sideswipe-Same Direction,2,Clear,Dry,Daylight
2023-06-15T19:00:00.000,I 285,I 285 and Donald Lee Hollowell Pkwy,,Sideswipe-Same Direction,2,Clear,Dry,Daylight
2023-10-09T15:09:00.000,I 285,I 285 and Donald Lee Hollowell Pkwy,,Sideswipe-Same Direction,2,Clear,Dry,Daylight
2023-01-27T17:14:00.000,I 285,I 285 and Donald Lee Hollowell Pkwy,,Rear End,2,Clear,Dry,Dusk
2023-05-22T13:23:00.000,I 285,I 285 and Donald Lee Hollowell Pkwy,,Sideswipe-Same Direction,2,Cloudy,Dry,Daylight
2023-10-04T14:06:00.000,I 285,I 285 and Donald Lee Hollowell Pkwy,,Not a Collision with Motor Vehicle,1,Clear,Dry,Daylight
2023-10-30T19:30:00.000,I 285,I 285 and Donald Lee Hollowell Pkwy,,Sideswipe-Same Direction,2,Clear,Dry,Dark-Not Lighted
2023-11-02T17:45:00.000,I 285,I 285 and Donald Lee Hollowell Pkwy,,Rear End,3,Clear,Dry,Daylight
2023-01-31T18:32:00.000,I 285,I 285 and Donald Lee Hollowell Pkwy,,Sideswipe-Same Direction,2,Cloudy,Dry,Daylight
2023-04-14T17:10:00.000,I 285,I 285 and Donald Lee Hollowell Pkwy,,Rear End,2,Cloudy,Dry,Daylight
2023-12-11T16:15:00.000,I 285,I 285 and Donald Lee Hollowell Pkwy,,Rear End,2,Clear,Dry,Daylight
2023-12-12T08:00:00.000,I 285,I 285 and Donald Lee Hollowell Pkwy,,Rear End,2,Clear,Dry,Daylight
2023-10-27T13:29:00.000,I 285,I 285 and Donald Lee Hollowell Pkwy,,Sideswipe-Same Direction,2,Clear,Dry,Daylight
2023-01-31T18:32:00.000,I 285,I 285 and Donald Lee Hollowell Pkwy,,Rear End,2,Cloudy,Dry,Daylight
2023-01-12T14:20:00.000,I 285,I 285 and Donald Lee Hollowell Pkwy,,Sideswipe-Same Direction,2,Clear,Dry,Daylight
2023-06-26T11:27:00.000,I 285,I 285 and Donald Lee Hollowell Pkwy,,Sideswipe-Same Direction,2,Clear,Dry,Daylight
2023-11-06T17:16:00.000,I 285,I 285 and Donald Lee Hollowell Pkwy,,Sideswipe-Same Direction,2,Clear,Dry,Daylight
2023-10-05T16:44:00.000,I 285,I 285 and Donald Lee Hollowell Pkwy,,Sideswipe-Same Direction,2,Clear,Dry,Daylight
2023-05-30T18:02:00.000,I 285,I 285 and Donald Lee Hollowell Pkwy,,Rear End,2,Cloudy,Dry,Daylight
2023-03-23T08:40:00.000,I 285,I 285 and Donald Lee Hollowell Pkwy,,Angle Crash,2,Clear,Dry,Daylight
2023-06-09T17:50:00.000,I 285,I 285 and Donald Lee Hollowell Pkwy,,Rear End,4,Clear,Dry,Daylight
2023-01-03T13:46:00.000,I 285,I 285 and Donald Lee Hollowell Pkwy,,Sideswipe-Same Direction,2,Rain,Wet,Daylight
2022-11-10T19:40:00.000,I 285,I 285 and Donald Lee Hollowell Pkwy,,Rear End,2,Cloudy,Wet,Dark-Not Lighted
2022-10-10T10:55:00.000,I 285,I 285 and Donald Lee Hollowell Pkwy,,Rear End,2,Clear,Dry,Daylight
2022-09-09T16:43:00.000,I 285,I 285 and Donald Lee Hollowell Pkwy,,Rear End,3,Cloudy,Dry,Daylight
2022-06-09T18:39:00.000,I 285,I 285 and Donald Lee Hollowell Pkwy,,Rear End,2,Clear,Dry,Daylight
2022-09-23T16:35:00.000,I 285,I 285 and Donald Lee Hollowell Pkwy,,Sideswipe-Same Direction,2,Clear,Dry,Daylight
2022-03-21T18:49:00.000,I 285,I 285 and Donald Lee Hollowell Pkwy,,Sideswipe-Same Direction,2,Clear,Dry,Daylight
2022-01-12T17:38:00.000,I 285,I 285 and Donald Lee Hollowell Pkwy,,Sideswipe-Same Direction,2,Clear,Dry,Daylight
2021-03-15T14:14:00.000,I 285,I 285 and Donald Lee Hollowell Pkwy,,Rear End,2,Cloudy,Dry,Daylight
2020-09-08T16:15:00.000,I 285,I 285 and Donald Lee Hollowell Pkwy,,Sideswipe-Same Direction,2,Clear,Dry,Daylight
2020-10-06T13:30:00.000,I 285,I 285 and Donald Lee Hollowell Pkwy,,Rear End,2,Clear,Dry,Daylight
2020-03-15T21:19:00.000,I 285,I 285 and Donald Lee Hollowell Pkwy,,Rear End,2,Clear,Dry,Dark-Lighted
2020-09-05T23:38:00.000,I 285,I 285 and Donald Lee Hollowell Pkwy,,Sideswipe-Same Direction,2,Clear,Dry,Dark-Lighted
2020-04-29T13:24:00.000,I 285,I 285 and Donald Lee Hollowell Pkwy,,Not a Collision with Motor Vehicle,1,Cloudy,Wet,Daylight
2020-01-06T12:45:00.000,I 285,I 285 and Donald Lee Hollowell Pkwy,,Rear End,2,Clear,Dry,Daylight
2020-11-23T19:49:00.000,I 285,I 285 and Donald Lee Hollowell Pkwy,,Rear End,2,Clear,Dry,Dark-Not Lighted
2020-09-24T14:35:00.000,I 285,I 285 and Donald Lee Hollowell Pkwy,,Rear End,2,Rain,Wet,Daylight
2020-02-12T21:24:00.000,I 285,I 285 and Donald Lee Hollowell Pkwy,,Angle Crash,2,Clear,Dry,Dark-Lighted
2020-09-20T12:12:00.000,I 285,I 285 and Donald Lee Hollowell Pkwy,,Sideswipe-Same Direction,2,Clear,Dry,Daylight
2020-02-05T11:50:00.000,I 285,I 285 and Donald Lee Hollowell Pkwy,,Rear End,2,Clear,Dry,Daylight
2020-10-02T17:06:00.000,I 285,I 285 and Donald Lee Hollowell Pkwy,,Sideswipe-Same Direction,2,Clear,Dry,Daylight
2020-03-15T22:01:00.000,I 285,I 285 and Donald Lee Hollowell Pkwy,,Sideswipe-Same Direction,2,Clear,Dry,Dark-Lighted
2020-09-15T06:28:00.000,I 285,I 285 and Donald Lee Hollowell Pkwy,,Sideswipe-Same Direction,2,Cloudy,Dry,Dark-Not Lighted
2020-11-30T00:07:00.000,I 285,I 285 and Donald Lee Hollowell Pkwy,,Not a Collision with Motor Vehicle,1,Rain,Wet,Dark-Lighted
2020-06-30T16:58:00.000,I 285,I 285 and Donald Lee Hollowell Pkwy,,Rear End,3,Rain,Wet,Daylight
2020-12-18T11:54:00.000,I 285,I 285 and Donald Lee Hollowell Pkwy,,Sideswipe-Same Direction,2,Clear,Dry,Daylight
2020-03-23T20:31:00.000,I 285,I 285 and Donald Lee Hollowell Pkwy,,Head On,2,Rain,Wet,Dark-Not Lighted
2020-11-26T03:44:00.000,I 285,I 285 and Donald Lee Hollowell Pkwy,,Not a Collision with Motor Vehicle,1,Rain,Wet,Dark-Lighted
2020-07-02T18:26:00.000,I 285,I 285 and Donald Lee Hollowell Pkwy,,Sideswipe-Same Direction,3,Clear,Dry,Daylight
2020-09-26T15:15:00.000,I 285,I 285 and Donald Lee Hollowell Pkwy,,Rear End,2,Clear,Dry,Daylight
2020-11-02T11:54:00.000,I 285,I 285 and Donald Lee Hollowell Pkwy,,Rear End,2,Clear,Dry,Daylight
2020-10-14T15:10:00.000,I 285,I 285 and Donald Lee Hollowell Pkwy,,Rear End,3,Clear,Dry,Daylight
2020-01-19T08:59:00.000,I 285,I 285 and Donald Lee Hollowell Pkwy,,Not a Collision with Motor Vehicle,1,Cloudy,Dry,Daylight
2020-10-20T08:03:00.000,I 285,I 285 and Donald Lee Hollowell Pkwy,,Sideswipe-Same Direction,2,Clear,Dry,Daylight
2020-01-05T14:29:00.000,I 285,I 285 and Donald Lee Hollowell Pkwy,,Rear End,2,Clear,Dry,Daylight
2020-12-28T16:45:00.000,I 285,I 285 and Donald Lee Hollowell Pkwy,,Rear End,2,Cloudy,Dry,Dusk
2020-11-24T23:23:00.000,I 285,I 285 and Donald Lee Hollowell Pkwy,,Angle Crash,1,Clear,Dry,Dark-Lighted
2020-09-11T23:00:00.000,I 285,I 285 and Donald Lee Hollowell Pkwy,,Sideswipe-Same Direction,2,Clear,Dry,Dark-Not Lighted
2020-07-08T22:00:00.000,I 285,I 285 and Donald Lee Hollowell Pkwy,,Sideswipe-Same Direction,2,Clear,Dry,Dark-Lighted
2020-07-17T11:50:00.000,I 285,I 285 and Donald Lee Hollowell Pkwy,,Sideswipe-Same Direction,2,Clear,Dry,Daylight
2020-06-22T18:30:00.000,I 285,I 285 and Donald Lee Hollowell Pkwy,,Rear End,2,Rain,Wet,Daylight
2020-05-18T17:56:00.000,I 285,I 285 and Donald Lee Hollowell Pkwy,,Not a Collision with Motor Vehicle,2,Cloudy,Dry,Daylight
2020-10-15T11:40:00.000,I 285,I 285 and Donald Lee Hollowell Pkwy,,Rear End,2,Cloudy,Dry,Daylight
2020-09-26T10:34:00.000,I 285,I 285 and Donald Lee Hollowell Pkwy,,Head On,1,Clear,Dry,Daylight
2020-10-16T16:42:00.000,I 285,I 285 and Donald Lee Hollowell Pkwy,,Sideswipe-Same Direction,2,Clear,Dry,Daylight
2020-09-09T15:11:00.000,I 285,I 285 and Donald Lee Hollowell Pkwy,,Rear End,2,Clear,Dry,Daylight
2020-01-17T08:25:00.000,I 285,I 285 and Donald Lee Hollowell Pkwy,,Rear End,2,Cloudy,Dry,Daylight
2020-01-04T21:18:00.000,I 285,I 285 and Donald Lee Hollowell Pkwy,,Sideswipe-Same Direction,2,Clear,Dry,Dark-Lighted
2020-01-29T21:49:00.000,I 285,I 285 and Donald Lee Hollowell Pkwy,,Angle Crash,3,Clear,Dry,Dark-Lighted
2020-03-04T14:49:00.000,I 285,I 285 and Donald Lee Hollowell Pkwy,,Rear End,2,Rain,Wet,Daylight
2020-04-20T12:29:00.000,I 285,I 285 and Donald Lee Hollowell Pkwy,,Rear End,2,Cloudy,Dry,Daylight
2020-01-09T12:29:00.000,I 285,I 285 and Donald Lee Hollowell Pkwy,,Rear End,3,Cloudy,Dry,Daylight
2020-02-09T14:05:00.000,I 285,I 285 and Donald Lee Hollowell Pkwy,,Sideswipe-Same Direction,2,Clear,Dry,Daylight
2020-03-07T07:36:00.000,I 285,I 285 and Donald Lee Hollowell Pkwy,,Rear End,2,Clear,Dry,Daylight
2020-07-17T03:14:00.000,I 285,I 285 and Donald Lee Hollowell Pkwy,,Angle Crash,2,Clear,Dry,Dark-Not Lighted
2020-04-01T19:15:00.000,I 285,I 285 and Donald Lee Hollowell Pkwy,,Head On,1,Clear,Dry,Daylight
2020-12-27T19:04:00.000,I 285,I 285 and Donald Lee Hollowell Pkwy,,Rear End,2,Clear,Dry,Daylight
2020-01-27T17:42:00.000,I 285,I 285 and Donald Lee Hollowell Pkwy,,Rear End,2,Cloudy,Dry,Daylight
2020-04-29T20:14:00.000,I 285,I 285 and Donald Lee Hollowell Pkwy,,Not a Collision with Motor Vehicle,1,Rain,Wet,Dark-Not Lighted
2020-02-02T09:57:00.000,I 285,I 285 and Donald Lee Hollowell Pkwy,,Angle Crash,2,Clear,Dry,Daylight
2020-11-02T12:00:00.000,I 285,I 285 and Donald Lee Hollowell Pkwy,,Rear End,2,Clear,Dry,Daylight
2020-09-12T01:30:00.000,I 285,I 285 and Donald Lee Hollowell Pkwy,,Sideswipe-Same Direction,2,Clear,Dry,Dark-Lighted
2020-11-23T10:00:00.000,I 285,I 285 and Donald Lee Hollowell Pkwy,,Sideswipe-Same Direction,2,Clear,Dry,Daylight
2020-01-19T15:21:00.000,I 285,I 285 and Donald Lee Hollowell Pkwy,,Sideswipe-Same Direction,2,Clear,Dry,Daylight