Date and Time,Roadway (From Crash Report),Intersection Name (from Crash Report),KABCO Severity,Manner of Collision (Crash Level) ,# of Vehicles per crash ,Weather Conditions (Crash Level),Surface Condition (Crash Level) ,Light Conditions (Crash Level)
2020-12-30T21:57:00.000,I 285,I 285 and Donald Lee Hollowell Pkwy,,Angle Crash,2,Clear,Dry,Dark-Lighted
2020-04-21T08:42:00.000,I 285,I 285 and Donald Lee Hollowell Pkwy,,Rear End,4,Clear,Dry,Daylight
2020-09-21T08:54:00.000,I 285,I 285 and Donald Lee Hollowell Pkwy,,Sideswipe-Same Direction,2,Clear,Dry,Daylight
2020-11-30T19:50:00.000,I 285,I 285 and Donald Lee Hollowell Pkwy,,Sideswipe-Same Direction,2,Clear,Dry,Dark-Not Lighted
2020-09-08T13:58:00.000,I 285,I 285 and Donald Lee Hollowell Pkwy,,Rear End,2,Cloudy,Dry,Daylight
2020-02-05T05:53:00.000,I 285,I 285 and Donald Lee Hollowell Pkwy,,Rear End,2,Clear,Wet,Daylight
2020-07-19T16:37:00.000,I 285,I 285 and Donald Lee Hollowell Pkwy,,Sideswipe-Same Direction,2,Clear,Dry,Daylight
2020-10-03T16:11:00.000,I 285,I 285 and Donald Lee Hollowell Pkwy,,Sideswipe-Same Direction,2,Clear,Dry,Daylight
2020-06-22T18:32:00.000,I 285,I 285 and Donald Lee Hollowell Pkwy,,Rear End,1,Rain,Wet,Daylight
2020-10-17T11:56:00.000,I 285,I 285 and Donald Lee Hollowell Pkwy,,Sideswipe-Same Direction,2,Clear,Dry,Daylight
2020-01-17T09:23:00.000,I 285,I 285 and Donald Lee Hollowell Pkwy,,Rear End,3,Cloudy,Dry,Daylight
2020-01-04T13:51:00.000,I 285,I 285 and Donald Lee Hollowell Pkwy,,(None),2,Clear,Dry,Daylight
2020-10-21T14:30:00.000,I 285,I 285 and Donald Lee Hollowell Pkwy,,Sideswipe-Opposite Direction,2,Clear,Dry,Daylight
2020-01-27T18:28:00.000,I 285,I 285 and Donald Lee Hollowell Pkwy,,Not a Collision with Motor Vehicle,1,Cloudy,Dry,Dusk
2020-02-15T15:13:00.000,I 285,I 285 and Donald Lee Hollowell Pkwy,,Sideswipe-Same Direction,2,Clear,Dry,Daylight
2020-09-11T20:56:00.000,I 285,I 285 and Donald Lee Hollowell Pkwy,,Sideswipe-Same Direction,2,Clear,Dry,Dark-Lighted
2020-06-03T08:29:00.000,I 285,I 285 and Donald Lee Hollowell Pkwy,,Sideswipe-Same Direction,2,Clear,Dry,Daylight
2020-03-06T07:29:00.000,I 285,I 285 and Donald Lee Hollowell Pkwy,,Rear End,2,Clear,Dry,Daylight
2020-01-28T16:08:00.000,I 285,I 285 and Donald Lee Hollowell Pkwy,,Sideswipe-Same Direction,2,Clear,Dry,Daylight
2020-01-04T18:27:00.000,I 285,I 285 and Donald Lee Hollowell Pkwy,,Sideswipe-Same Direction,2,Clear,Dry,Dark-Lighted
2020-02-11T15:15:00.000,I 285,I 285 and Donald Lee Hollowell Pkwy,,Rear End,2,Cloudy,Dry,Daylight
2020-09-06T14:35:00.000,I 285,I 285 and Donald Lee Hollowell Pkwy,,Rear End,2,Clear,Dry,Daylight
2020-12-09T23:31:00.000,I 285,I 285 and Donald Lee Hollowell Pkwy,,Not a Collision with Motor Vehicle,2,Clear,Dry,Dark-Lighted
2020-12-03T14:42:00.000,I 285,I 285 and Donald Lee Hollowell Pkwy,,Rear End,2,Cloudy,Dry,Daylight
2020-01-09T18:18:00.000,I 285,I 285 and Donald Lee Hollowell Pkwy,,Rear End,2,Cloudy,Dry,Dark-Not Lighted
2020-01-09T17:31:00.000,I 285,I 285 and Donald Lee Hollowell Pkwy,,Rear End,2,Cloudy,Dry,Dark-Not Lighted
2020-08-14T17:59:00.000,I 285,I 285 and Donald Lee Hollowell Pkwy,,Rear End,2,Cloudy,Dry,Daylight
2020-01-23T11:34:00.000,I 285,I 285 and Donald Lee Hollowell Pkwy,,Not a Collision with Motor Vehicle,2,Cloudy,Wet,Daylight
2020-08-17T13:07:00.000,I 285,I 285 and Donald Lee Hollowell Pkwy,,Rear End,2,Cloudy,Dry,Daylight
2020-07-30T18:15:00.000,I 285,I 285 and Donald Lee Hollowell Pkwy,,Rear End,2,Clear,Dry,Daylight
2020-04-28T12:48:00.000,I 285,I 285 and Donald Lee Hollowell Pkwy,,Sideswipe-Same Direction,2,Clear,Dry,Daylight
2020-03-08T01:58:00.000,I 285,I 285 and Donald Lee Hollowell Pkwy,,Sideswipe-Same Direction,2,Clear,Dry,Dark-Lighted
2020-07-01T11:11:00.000,I 285,I 285 and Donald Lee Hollowell Pkwy,,Rear End,2,Cloudy,Dry,Daylight
2020-01-27T18:34:00.000,I 285,I 285 and Donald Lee Hollowell Pkwy,,Not a Collision with Motor Vehicle,1,Cloudy,Dry,Dusk
2020-02-10T12:32:00.000,I 285,I 285 and Donald Lee Hollowell Pkwy,,Not a Collision with Motor Vehicle,1,Rain,Wet,Daylight
2020-06-28T20:11:00.000,I 285,I 285 and Donald Lee Hollowell Pkwy,,Angle Crash,2,Clear,Dry,Dark-Lighted
2020-09-23T23:12:00.000,I 285,I 285 and Donald Lee Hollowell Pkwy,,Sideswipe-Same Direction,2,Clear,Dry,Dark-Lighted
2020-08-21T16:16:00.000,I 285,I 285 and Donald Lee Hollowell Pkwy,,Rear End,2,Cloudy,Dry,Daylight
2020-09-11T00:50:00.000,I 285,I 285 and Donald Lee Hollowell Pkwy,,Sideswipe-Same Direction,2,Clear,Dry,Dark-Lighted
2020-07-15T16:01:00.000,I 285,I 285 and Donald Lee Hollowell Pkwy,,Angle Crash,2,Clear,Dry,Daylight
2020-02-15T11:36:00.000,I 285,I 285 and Donald Lee Hollowell Pkwy,,Rear End,2,Clear,Dry,Daylight
2020-11-27T14:00:00.000,I 285,I 285 and Donald Lee Hollowell Pkwy,,Rear End,3,Cloudy,Dry,Daylight
2020-07-17T16:00:00.000,I 285,I 285 and Donald Lee Hollowell Pkwy,,Rear End,2,Clear,Dry,Daylight
2020-06-03T16:00:00.000,I 285,I 285 and Donald Lee Hollowell Pkwy,,Rear End,3,Clear,Dry,Daylight
2020-05-27T08:24:00.000,I 285,I 285 and Donald Lee Hollowell Pkwy,,Sideswipe-Same Direction,2,Cloudy,Dry,Daylight
2020-04-19T20:01:00.000,I 285,I 285 and Donald Lee Hollowell Pkwy,,Not a Collision with Motor Vehicle,1,Rain,Wet,Dark-Not Lighted
2020-09-26T10:32:00.000,I 285,I 285 and Donald Lee Hollowell Pkwy,,Rear End,2,Cloudy,Dry,Daylight
2020-04-19T19:02:00.000,I 285,I 285 and Donald Lee Hollowell Pkwy,,Not a Collision with Motor Vehicle,1,Rain,Water (standing or moving),Daylight
2020-09-17T02:38:00.000,I 285,I 285 and Donald Lee Hollowell Pkwy,,Not a Collision with Motor Vehicle,1,Rain,Wet,Dark-Not Lighted
2020-12-27T19:12:00.000,I 285,I 285 and Donald Lee Hollowell Pkwy,,Rear End,2,Clear,Dry,Dark-Lighted
2020-08-22T05:32:00.000,I 285,I 285 and Donald Lee Hollowell Pkwy,,Rear End,2,Clear,Dry,Dark-Not Lighted
2020-06-29T00:30:00.000,I 285,I 285 and Donald Lee Hollowell Pkwy,,Angle Crash,2,Clear,Dry,Dark-Not Lighted
2020-07-22T22:45:00.000,I 285,I 285 and Donald Lee Hollowell Pkwy,,Sideswipe-Same Direction,2,Clear,Dry,Dark-Lighted
2020-01-18T16:37:00.000,I 285,I 285 and Donald Lee Hollowell Pkwy,,Rear End,3,Cloudy,Wet,Daylight
2020-06-29T17:32:00.000,I 285,I 285 and Donald Lee Hollowell Pkwy,,Sideswipe-Same Direction,2,Cloudy,Dry,Daylight
2020-01-17T09:53:00.000,I 285,I 285 and Donald Lee Hollowell Pkwy,,Rear End,4,Clear,Dry,Daylight
2020-10-09T14:20:00.000,I 285,I 285 and Donald Lee Hollowell Pkwy,,Sideswipe-Same Direction,2,Rain,Wet,Daylight
2020-01-31T00:00:00.000,I 285,I 285 and Donald Lee Hollowell Pkwy,,Rear End,2,Clear,Dry,Dark-Not Lighted
2020-02-19T19:34:00.000,I 285,I 285 and Donald Lee Hollowell Pkwy,,Angle Crash,2,Rain,Wet,Daylight
2020-11-25T20:52:00.000,I 285,I 285 and Donald Lee Hollowell Pkwy,,Rear End,2,Rain,Wet,Dark-Lighted
2020-08-18T16:35:00.000,I 285,I 285 and Donald Lee Hollowell Pkwy,,Rear End,2,Cloudy,Dry,Daylight
2020-09-08T13:58:00.000,I 285,I 285 and Donald Lee Hollowell Pkwy,,Rear End,2,Cloudy,Dry,Daylight
2020-12-30T08:30:00.000,I 285,I 285 and Donald Lee Hollowell Pkwy,,Sideswipe-Same Direction,2,Cloudy,Dry,Daylight
2020-06-26T16:26:00.000,I 285,I 285 and Donald Lee Hollowell Pkwy,,Rear End,2,Cloudy,Dry,Daylight
2020-08-08T22:11:00.000,I 285,I 285 and Donald Lee Hollowell Pkwy,,Sideswipe-Same Direction,2,Clear,Dry,Dark-Lighted
2020-12-16T18:50:00.000,I 285,I 285 and Donald Lee Hollowell Pkwy,,Sideswipe-Same Direction,2,Cloudy,Dry,Dark-Lighted
2020-12-04T07:59:00.000,I 285,I 285 and Donald Lee Hollowell Pkwy,,Sideswipe-Same Direction,2,Clear,Dry,Daylight
2021-01-25T17:59:00.000,I 285,I 285 and Donald Lee Hollowell Pkwy,,Rear End,2,Clear,Dry,Dark-Lighted
2021-04-27T18:15:00.000,I 285,I 285 and Donald Lee Hollowell Pkwy,,Angle Crash,2,Cloudy,Dry,Daylight
2021-03-09T17:48:00.000,I 285,I 285 and Donald Lee Hollowell Pkwy,,Rear End,2,Cloudy,Dry,Daylight
2021-03-05T23:07:00.000,I 285,I 285 and Donald Lee Hollowell Pkwy,,Sideswipe-Same Direction,2,Clear,Dry,Dark-Lighted
2021-03-31T18:18:00.000,I 285,I 285 and Donald Lee Hollowell Pkwy,,Rear End,3,Rain,Wet,Daylight
2021-01-26T07:39:00.000,I 285,I 285 and Donald Lee Hollowell Pkwy,,Rear End,3,Cloudy,Wet,Daylight
2021-01-29T05:30:00.000,I 285,I 285 and Donald Lee Hollowell Pkwy,,Sideswipe-Same Direction,2,Clear,Dry,Dark-Not Lighted
2021-04-20T11:10:00.000,I 285,I 285 and Donald Lee Hollowell Pkwy,,Rear End,2,Clear,Dry,Daylight
2021-02-15T19:23:00.000,I 285,I 285 and Donald Lee Hollowell Pkwy,,Sideswipe-Same Direction,2,Rain,Dry,Dark-Not Lighted
2021-06-07T13:56:00.000,I 285,I 285 and Donald Lee Hollowell Pkwy,,Not a Collision with Motor Vehicle,1,Rain,Wet,Daylight
2021-01-29T17:24:00.000,I 285,I 285 and Donald Lee Hollowell Pkwy,,Rear End,2,Clear,Dry,Dark-Not Lighted
2021-01-26T11:26:00.000,I 285,I 285 and Donald Lee Hollowell Pkwy,,Rear End,2,Cloudy,Wet,Daylight
2021-05-17T18:34:00.000,I 285,I 285 and Donald Lee Hollowell Pkwy,,Angle Crash,2,Cloudy,Dry,Daylight
2021-04-02T13:52:00.000,I 285,I 285 and Donald Lee Hollowell Pkwy,,Rear End,3,Clear,Dry,Daylight
2021-01-26T11:52:00.000,I 285,I 285 and Donald Lee Hollowell Pkwy,,Rear End,2,Cloudy,Wet,Daylight
2021-03-15T14:30:00.000,I 285,I 285 and Donald Lee Hollowell Pkwy,,Rear End,2,Cloudy,Dry,Daylight
2021-04-20T13:45:00.000,I 285,I 285 and Donald Lee Hollowell Pkwy,,Rear End,2,Cloudy,Dry,Daylight
2021-06-10T16:58:00.000,I 285,I 285 and Donald Lee Hollowell Pkwy,,Rear End,2,Cloudy,Wet,Daylight
2021-04-02T18:04:00.000,I 285,I 285 and Donald Lee Hollowell Pkwy,,Sideswipe-Same Direction,2,Clear,Dry,Daylight
2021-08-31T10:35:00.000,I 285,I 285 and Donald Lee Hollowell Pkwy,,Angle Crash,2,Rain,Wet,Daylight
2021-09-29T12:30:00.000,I 285,I 285 and Donald Lee Hollowell Pkwy,,Rear End,2,Clear,Dry,Daylight
2021-11-12T17:43:00.000,I 285,I 285 and Donald Lee Hollowell Pkwy,,Rear End,2,Clear,Dry,Dark-Not Lighted
2021-12-28T17:18:00.000,I 285,I 285 and Donald Lee Hollowell Pkwy,,Rear End,2,Cloudy,Dry,Daylight
2021-09-10T12:04:00.000,I 285,I 285 and Donald Lee Hollowell Pkwy,,Rear End,3,Cloudy,Dry,Daylight
2021-08-20T14:51:00.000,I 285,I 285 and Donald Lee Hollowell Pkwy,,Sideswipe-Same Direction,2,Cloudy,Dry,Daylight
2021-12-10T18:25:00.000,I 285,I 285 and Donald Lee Hollowell Pkwy,,Sideswipe-Same Direction,2,Rain,Wet,Dark-Not Lighted
2021-11-19T15:51:00.000,I 285,I 285 and Donald Lee Hollowell Pkwy,,Sideswipe-Same Direction,2,Clear,Dry,Daylight
2021-12-30T08:01:00.000,I 285,I 285 and Donald Lee Hollowell Pkwy,,Angle Crash,2,Rain,Wet,Daylight
2021-12-30T18:32:00.000,I 285,I 285 and Donald Lee Hollowell Pkwy,,Sideswipe-Same Direction,2,Cloudy,Wet,Dark-Not Lighted
2021-07-05T14:20:00.000,I 285,I 285 and Donald Lee Hollowell Pkwy,,Rear End,2,Clear,Dry,Daylight
2021-08-02T16:45:00.000,I 285,I 285 and Donald Lee Hollowell Pkwy,,Rear End,4,Cloudy,Dry,Daylight
2021-10-28T19:13:00.000,I 285,I 285 and Donald Lee Hollowell Pkwy,,Sideswipe-Same Direction,5,Cloudy,Wet,Dark-Not Lighted
2022-12-16T19:10:00.000,I 285,I 285 and Donald Lee Hollowell Pkwy,,Rear End,3,Clear,Dry,Dark-Not Lighted
2022-03-10T18:07:00.000,I 285,I 285 and Donald Lee Hollowell Pkwy,,Rear End,2,Clear,Dry,Daylight
2022-06-23T18:15:00.000,I 285,I 285 and Donald Lee Hollowell Pkwy,,Rear End,2,Clear,Dry,Daylight
2022-01-24T14:20:00.000,I 285,I 285 and Donald Lee Hollowell Pkwy,,Rear End,2,Cloudy,Dry,Daylight
2022-11-28T15:30:00.000,I 285,I 285 and Donald Lee Hollowell Pkwy,,Rear End,2,Clear,Dry,Daylight
2021-11-10T08:50:00.000,I 285,I 285 and Donald Lee Hollowell Pkwy,,Sideswipe-Same Direction,2,Clear,Dry,Daylight
2021-11-18T16:28:00.000,I 285,I 285 and Donald Lee Hollowell Pkwy,,Rear End,3,Cloudy,Dry,Daylight
2021-09-22T17:02:00.000,I 285,I 285 and Donald Lee Hollowell Pkwy,,Rear End,2,Clear,Dry,Daylight
2021-12-28T13:38:00.000,I 285,I 285 and Donald Lee Hollowell Pkwy,,Rear End,2,Rain,Wet,Daylight
2022-11-03T06:21:00.000,I 285,I 285 and Donald Lee Hollowell Pkwy,,Not a Collision with Motor Vehicle,2,Clear,Dry,Dark-Not Lighted
2022-03-04T08:35:00.000,I 285,I 285 and Donald Lee Hollowell Pkwy,,Sideswipe-Same Direction,2,Clear,Dry,Daylight
2022-08-12T15:03:00.000,I 285,I 285 and Donald Lee Hollowell Pkwy,,Rear End,4,Cloudy,Dry,Daylight
2022-05-20T14:26:00.000,I 285,I 285 and Donald Lee Hollowell Pkwy,,Rear End,3,Cloudy,Dry,Daylight
2022-04-05T14:10:00.000,I 285,I 285 and Donald Lee Hollowell Pkwy,,Rear End,2,Clear,Wet,Daylight
2022-08-29T15:12:00.000,I 285,I 285 and Donald Lee Hollowell Pkwy,,Rear End,2,Cloudy,Dry,Daylight
2022-05-20T13:58:00.000,I 285,I 285 and Donald Lee Hollowell Pkwy,,Sideswipe-Same Direction,2,Cloudy,Dry,Daylight
2022-10-06T19:17:00.000,I 285,I 285 and Donald Lee Hollowell Pkwy,,Rear End,2,Clear,Dry,Dark-Not Lighted
2022-08-11T18:25:00.000,I 285,I 285 and Donald Lee Hollowell Pkwy,,Rear End,3,Clear,Dry,Daylight
2022-08-26T16:28:00.000,I 285,I 285 and Donald Lee Hollowell Pkwy,,Rear End,3,Cloudy,Dry,Daylight
2022-05-10T09:20:00.000,I 285,I 285 and Donald Lee Hollowell Pkwy,,Sideswipe-Same Direction,2,Clear,Dry,Daylight
2022-12-23T12:51:00.000,I 285,I 285 and Donald Lee Hollowell Pkwy,,Sideswipe-Same Direction,2,Clear,Dry,Daylight
2022-03-01T18:33:00.000,I 285,I 285 and Donald Lee Hollowell Pkwy,,Sideswipe-Same Direction,2,Clear,Dry,Dark-Not Lighted
2022-08-26T14:45:00.000,I 285,I 285 and Donald Lee Hollowell Pkwy,,Sideswipe-Same Direction,2,Clear,Dry,Daylight
2022-11-18T19:23:00.000,I 285,I 285 and Donald Lee Hollowell Pkwy,,Sideswipe-Same Direction,2,Clear,Dry,Dark-Not Lighted
2022-01-07T15:00:00.000,I 285,I 285 and Donald Lee Hollowell Pkwy,,Rear End,2,Clear,Dry,Daylight
2022-08-10T10:00:00.000,I 285,I 285 and Donald Lee Hollowell Pkwy,,Rear End,3,Cloudy,Dry,Daylight
2022-05-23T16:11:00.000,I 285,I 285 and Donald Lee Hollowell Pkwy,,Rear End,2,Cloudy,Dry,Daylight
2021-07-29T17:09:00.000,I 285,I 285 and Donald Lee Hollowell Pkwy,,Sideswipe-Same Direction,2,Cloudy,Dry,Daylight
2021-07-26T13:56:00.000,I 285,I 285 and Donald Lee Hollowell Pkwy,,Rear End,2,Cloudy,Dry,Daylight
2021-07-30T17:15:00.000,I 285,I 285 and Donald Lee Hollowell Pkwy,,Sideswipe-Same Direction,2,Clear,Dry,Daylight
2022-10-07T18:39:00.000,I 285,I 285 and Donald Lee Hollowell Pkwy,,Rear End,2,Clear,Dry,Dusk
2022-03-10T17:20:00.000,I 285,I 285 and Donald Lee Hollowell Pkwy,,Sideswipe-Same Direction,2,Clear,Dry,Daylight
2022-06-02T11:05:00.000,I 285,I 285 and Donald Lee Hollowell Pkwy,,Sideswipe-Same Direction,3,Cloudy,Dry,Daylight
2022-10-24T08:24:00.000,I 285,I 285 and Donald Lee Hollowell Pkwy,,Rear End,2,Clear,Dry,Daylight
2022-07-01T14:15:00.000,I 285,I 285 and Donald Lee Hollowell Pkwy,,Sideswipe-Same Direction,3,Cloudy,Dry,Daylight
2022-03-25T07:30:00.000,I 285,I 285 and Donald Lee Hollowell Pkwy,,Rear End,2,Clear,Dry,Daylight
2022-10-06T15:00:00.000,I 285,I 285 and Donald Lee Hollowell Pkwy,,Sideswipe-Same Direction,2,Clear,Dry,Daylight
2022-08-01T16:25:00.000,I 285,I 285 and Donald Lee Hollowell Pkwy,,Rear End,2,Cloudy,Dry,Daylight
2022-06-23T17:50:00.000,I 285,I 285 and Donald Lee Hollowell Pkwy,,Not a Collision with Motor Vehicle,1,Clear,Dry,Daylight
2022-09-01T10:04:00.000,I 285,I 285 and Donald Lee Hollowell Pkwy,,Sideswipe-Same Direction,2,Clear,Dry,Daylight
2022-12-09T19:03:00.000,I 285,I 285 and Donald Lee Hollowell Pkwy,,Rear End,3,Rain,Wet,Dark-Not Lighted
2022-02-11T17:30:00.000,I 285,I 285 and Donald Lee Hollowell Pkwy,,Rear End,2,Clear,Dry,Daylight
2022-08-09T08:44:00.000,I 285,I 285 and Donald Lee Hollowell Pkwy,,Rear End,2,Cloudy,Dry,Daylight
2022-12-23T14:12:00.000,I 285,I 285 and Donald Lee Hollowell Pkwy,,Rear End,2,Clear,Dry,Daylight
2022-10-14T16:10:00.000,I 285,I 285 and Donald Lee Hollowell Pkwy,,Rear End,2,Clear,Dry,Daylight
2022-05-12T16:37:00.000,I 285,I 285 and Donald Lee Hollowell Pkwy,,Sideswipe-Same Direction,2,Clear,Dry,Daylight
2022-11-03T06:21:00.000,I 285,I 285 and Donald Lee Hollowell Pkwy,,Not a Collision with Motor Vehicle,2,Clear,Dry,Dark-Not Lighted
2022-11-03T06:21:00.000,I 285,I 285 and Donald Lee Hollowell Pkwy,,Not a Collision with Motor Vehicle,2,Clear,Dry,Dark-Not Lighted
2022-06-02T10:06:00.000,I 285,I 285 and Donald Lee Hollowell Pkwy,,Rear End,2,Clear,Dry,Daylight
2022-07-01T14:32:00.000,I 285,I 285 and Donald Lee Hollowell Pkwy,,Rear End,2,Clear,Dry,Daylight
2022-10-20T10:00:00.000,I 285,I 285 and Donald Lee Hollowell Pkwy,,Sideswipe-Same Direction,2,Clear,Dry,Daylight
2022-11-03T06:21:00.000,I 285,I 285 and Donald Lee Hollowell Pkwy,,Not a Collision with Motor Vehicle,2,Clear,Dry,Dark-Not Lighted
2022-07-05T18:00:00.000,I 285,I 285 and Donald Lee Hollowell Pkwy,,Rear End,2,Cloudy,Dry,Daylight
2022-01-20T14:18:00.000,I 285,I 285 and Donald Lee Hollowell Pkwy,,Sideswipe-Same Direction,2,Cloudy,Wet,Daylight
2022-09-19T13:35:00.000,I 285,I 285 and Donald Lee Hollowell Pkwy,,Rear End,2,Clear,Dry,Daylight
2022-08-18T13:05:00.000,I 285,I 285 and Donald Lee Hollowell Pkwy,,Rear End,2,Cloudy,Dry,Daylight
2022-11-18T14:50:00.000,I 285,I 285 and Donald Lee Hollowell Pkwy,,Sideswipe-Same Direction,2,Clear,Dry,Daylight
2022-11-04T09:04:00.000,I 285,I 285 and Donald Lee Hollowell Pkwy,,Sideswipe-Same Direction,2,Clear,Dry,Daylight
2022-07-05T13:13:00.000,I 285,I 285 and Donald Lee Hollowell Pkwy,,Rear End,2,Cloudy,Dry,Daylight
2022-12-01T11:20:00.000,I 285,I 285 and Donald Lee Hollowell Pkwy,,Rear End,4,Clear,Dry,Daylight
2022-10-06T16:21:00.000,I 285,I 285 and Donald Lee Hollowell Pkwy,,Rear End,2,Clear,Dry,Daylight
2022-06-02T09:46:00.000,I 285,I 285 and Donald Lee Hollowell Pkwy,,Sideswipe-Same Direction,2,Cloudy,Dry,Daylight
2022-10-18T17:30:00.000,I 285,I 285 and Donald Lee Hollowell Pkwy,,Rear End,2,Clear,Dry,Daylight
2022-04-15T13:41:00.000,I 285,I 285 and Donald Lee Hollowell Pkwy,,Rear End,2,Clear,Dry,Daylight
2022-06-30T12:31:00.000,I 285,I 285 and Donald Lee Hollowell Pkwy,,Rear End,2,Cloudy,Dry,Daylight
2022-09-30T14:43:00.000,I 285,I 285 and Donald Lee Hollowell Pkwy,,Sideswipe-Same Direction,2,Clear,Dry,Daylight
2022-05-20T07:33:00.000,I 285,I 285 and Donald Lee Hollowell Pkwy,,Rear End,2,Clear,Dry,Daylight
2022-10-18T11:21:00.000,I 285,I 285 and Donald Lee Hollowell Pkwy,,Sideswipe-Same Direction,2,Clear,Dry,Daylight
2022-06-17T12:53:00.000,I 285,I 285 and Donald Lee Hollowell Pkwy,,Sideswipe-Same Direction,2,Clear,Dry,Daylight
2022-12-06T11:27:00.000,I 285,I 285 and Donald Lee Hollowell Pkwy,,Sideswipe-Same Direction,2,Cloudy,Dry,Daylight
2022-03-17T09:50:00.000,I 285,I 285 and Donald Lee Hollowell Pkwy,,Rear End,2,Clear,Dry,Daylight
2022-05-09T17:39:00.000,I 285,I 285 and Donald Lee Hollowell Pkwy,,Sideswipe-Same Direction,2,Clear,Dry,Daylight
2022-12-01T11:20:00.000,I 285,I 285 and Donald Lee Hollowell Pkwy,,Sideswipe-Same Direction,2,Clear,Dry,Daylight
2022-07-29T17:08:00.000,I 285,I 285 and Donald Lee Hollowell Pkwy,,Rear End,2,Rain,Wet,Daylight
2022-11-03T06:21:00.000,I 285,I 285 and Donald Lee Hollowell Pkwy,,Not a Collision with Motor Vehicle,2,Clear,Dry,Dark-Not Lighted
2022-03-28T15:48:00.000,I 285,I 285 and Donald Lee Hollowell Pkwy,,Sideswipe-Same Direction,2,Clear,Dry,Daylight
2022-06-16T13:09:00.000,I 285,I 285 and Donald Lee Hollowell Pkwy,,Rear End,2,Clear,Dry,Daylight
2023-10-13T19:15:00.000,I 285,I 285 and Donald Lee Hollowell Pkwy,,Rear End,2,Rain,Wet,Dark-Lighted
2023-08-10T17:00:00.000,I 285,I 285 and Donald Lee Hollowell Pkwy,,Sideswipe-Same Direction,2,Cloudy,Dry,Daylight
2024-07-05T17:10:00.000,I 285,I 285 and Donald Lee Hollowell Pkwy,,Sideswipe-Same Direction,2,Clear,Wet,Daylight
2024-07-23T13:32:00.000,I 285,I 285 and Donald Lee Hollowell Pkwy,,Rear End,2,Cloudy,Dry,Daylight
2024-02-28T08:27:00.000,I 285,I 285 and Donald Lee Hollowell Pkwy,,Sideswipe-Same Direction,2,Cloudy,Dry,Daylight
2024-11-01T11:55:00.000,I 285,I 285 and Donald Lee Hollowell Pkwy,,Sideswipe-Same Direction,2,Cloudy,Dry,Daylight
2024-04-04T09:08:00.000,I 285,I 285 and Donald Lee Hollowell Pkwy,,Not a Collision with Motor Vehicle,1,Clear,Dry,Daylight
2024-12-20T06:30:00.000,I 285,I 285 and Donald Lee Hollowell Pkwy,,Head On,2,Cloudy,Dry,Dark-Lighted
2024-11-26T14:39:00.000,I 285,I 285 and Donald Lee Hollowell Pkwy,,Rear End,2,Clear,Dry,Daylight
2024-10-07T19:29:00.000,I 285,I 285 and Donald Lee Hollowell Pkwy,,Angle Crash,2,Clear,Dry,Daylight
2024-11-26T11:39:00.000,I 285,I 285 and Donald Lee Hollowell Pkwy,,Rear End,3,Clear,Dry,Daylight
2024-05-10T00:00:00.000,I 285,I 285 and Donald Lee Hollowell Pkwy,,Rear End,2,Clear,Dry,Daylight
2023-11-30T07:47:00.000,I 285,I 285 and Donald Lee Hollowell Pkwy,,Rear End,2,Clear,Dry,Daylight
2023-03-21T09:00:00.000,I 285,I 285 and Donald Lee Hollowell Pkwy,,Sideswipe-Same Direction,2,Clear,Dry,Daylight
2023-09-29T15:25:00.000,I 285,I 285 and Donald Lee Hollowell Pkwy,,Rear End,2,Clear,Dry,Daylight
2023-08-28T17:05:00.000,I 285,I 285 and Donald Lee Hollowell Pkwy,,Rear End,2,Rain,Wet,Daylight
2023-11-07T13:29:00.000,I 285,I 285 and Donald Lee Hollowell Pkwy,,Sideswipe-Same Direction,2,Clear,Dry,Daylight
2023-10-09T18:30:00.000,I 285,I 285 and Donald Lee Hollowell Pkwy,,Sideswipe-Same Direction,2,Clear,Dry,Daylight
2023-12-14T15:49:00.000,I 285,I 285 and Donald Lee Hollowell Pkwy,,Rear End,2,Clear,Dry,Daylight
2023-08-29T18:19:00.000,I 285,I 285 and Donald Lee Hollowell Pkwy,,Rear End,2,Cloudy,Dry,Daylight
2023-03-28T08:46:00.000,I 285,I 285 and Donald Lee Hollowell Pkwy,,Rear End,2,Cloudy,Dry,Daylight
2023-06-13T08:17:00.000,I 285,I 285 and Donald Lee Hollowell Pkwy,,Sideswipe-Same Direction,2,Clear,Dry,Daylight
2023-08-03T12:50:00.000,I 285,I 285 and Donald Lee Hollowell Pkwy,,Rear End,3,Cloudy,Dry,Daylight
2023-09-05T08:47:00.000,I 285,I 285 and Donald Lee Hollowell Pkwy,,Rear End,2,Cloudy,Dry,Daylight
2023-09-05T10:00:00.000,I 285,I 285 and Donald Lee Hollowell Pkwy,,Sideswipe-Same Direction,2,Cloudy,Dry,Daylight
2023-05-05T15:52:00.000,I 285,I 285 and Donald Lee Hollowell Pkwy,,Rear End,2,Cloudy,Dry,Daylight