Date and Time,Roadway (From Crash Report),Intersection Name (from Crash Report),KABCO Severity,Manner of Collision (Crash Level) ,# of Vehicles per crash ,Weather Conditions (Crash Level),Surface Condition (Crash Level) ,Light Conditions (Crash Level)
2023-12-11T15:50:00.000,I 285,I 285 and Donald Lee Hollowell Pkwy,,Sideswipe-Same Direction,2,Clear,Dry,Daylight
2023-05-30T17:00:00.000,I 285,I 285 and Donald Lee Hollowell Pkwy,,Sideswipe-Same Direction,2,Cloudy,Dry,Daylight
2023-05-23T13:28:00.000,I 285,I 285 and Donald Lee Hollowell Pkwy,,Rear End,2,Cloudy,Dry,Daylight
2023-06-15T13:49:00.000,I 285,I 285 and Donald Lee Hollowell Pkwy,,Rear End,2,Cloudy,Dry,Daylight
2023-01-03T15:38:00.000,I 285,I 285 and Donald Lee Hollowell Pkwy,,Sideswipe-Same Direction,2,Rain,Wet,Daylight
2023-09-11T17:42:00.000,I 285,I 285 and Donald Lee Hollowell Pkwy,,Rear End,2,Cloudy,Dry,Daylight
2023-12-04T16:20:00.000,I 285,I 285 and Donald Lee Hollowell Pkwy,,Rear End,2,Clear,Dry,Daylight
2023-09-29T14:19:00.000,I 285,I 285 and Donald Lee Hollowell Pkwy,,Not a Collision with Motor Vehicle,2,Clear,Dry,Daylight
2023-01-30T07:40:00.000,I 285,I 285 and Donald Lee Hollowell Pkwy,,Not a Collision with Motor Vehicle,1,Rain,Wet,Daylight
2023-02-13T14:44:00.000,I 285,I 285 and Donald Lee Hollowell Pkwy,,Rear End,2,Clear,Dry,Daylight
2023-11-18T10:10:00.000,I 285,I 285 and Donald Lee Hollowell Pkwy,,Rear End,2,Clear,Dry,Daylight
2023-05-30T15:51:00.000,I 285,I 285 and Donald Lee Hollowell Pkwy,,Sideswipe-Same Direction,2,Cloudy,Dry,Daylight
2023-06-09T15:30:00.000,I 285,I 285 and Donald Lee Hollowell Pkwy,,Rear End,2,Clear,Dry,Daylight
2023-12-14T09:54:00.000,I 285,I 285 and Donald Lee Hollowell Pkwy,,Sideswipe-Same Direction,2,Clear,Dry,Daylight
2023-07-17T18:56:00.000,I 285,I 285 and Donald Lee Hollowell Pkwy,,Sideswipe-Same Direction,2,Clear,Dry,Daylight
2023-04-18T06:53:00.000,I 285,I 285 and Donald Lee Hollowell Pkwy,,Rear End,2,Clear,Dry,Daylight
2023-02-23T17:40:00.000,I 285,I 285 and Donald Lee Hollowell Pkwy,,Sideswipe-Same Direction,2,Cloudy,Dry,Daylight
2023-10-20T15:10:00.000,I 285,I 285 and Donald Lee Hollowell Pkwy,,Sideswipe-Same Direction,2,Clear,Dry,Daylight
2023-04-28T19:06:00.000,I 285,I 285 and Donald Lee Hollowell Pkwy,,Rear End,2,Cloudy,Dry,Daylight
2023-08-03T14:23:00.000,I 285,I 285 and Donald Lee Hollowell Pkwy,,Rear End,3,Cloudy,Dry,Daylight
2023-03-27T12:01:00.000,I 285,I 285 and Donald Lee Hollowell Pkwy,,Rear End,4,Clear,Dry,Daylight
2023-08-31T13:15:00.000,I 285,I 285 and Donald Lee Hollowell Pkwy,,Rear End,2,Clear,Dry,Daylight
2024-11-13T19:11:00.000,I 285,I 285 and Donald Lee Hollowell Pkwy,,Not a Collision with Motor Vehicle,1,Clear,Dry,Dark-Lighted
2024-09-30T14:27:00.000,I 285,I 285 and Donald Lee Hollowell Pkwy,,Sideswipe-Same Direction,2,Cloudy,Dry,Daylight
2024-11-04T18:20:00.000,I 285,I 285 and Donald Lee Hollowell Pkwy,,Sideswipe-Same Direction,2,Cloudy,Dry,Dark-Not Lighted
2024-11-14T08:00:00.000,I 285,I 285 and Donald Lee Hollowell Pkwy,,Rear End,2,Rain,Wet,Daylight
2024-08-30T19:15:00.000,I 285,I 285 and Donald Lee Hollowell Pkwy,,Sideswipe-Same Direction,2,Clear,Dry,Daylight
2024-04-05T14:43:00.000,I 285,I 285 and Donald Lee Hollowell Pkwy,,Sideswipe-Same Direction,2,Clear,Dry,Daylight
2024-05-10T17:58:00.000,I 285,I 285 and Donald Lee Hollowell Pkwy,,Rear End,2,Clear,Dry,Daylight
2024-10-25T10:20:00.000,I 285,I 285 and Donald Lee Hollowell Pkwy,,Rear End,2,Clear,Dry,Daylight
2024-06-13T12:45:00.000,I 285,I 285 and Donald Lee Hollowell Pkwy,,Sideswipe-Same Direction,2,Clear,Dry,Daylight
2024-10-25T10:20:00.000,I 285,I 285 and Donald Lee Hollowell Pkwy,,Rear End,2,Clear,Dry,Daylight
2024-03-28T18:02:00.000,I 285,I 285 and Donald Lee Hollowell Pkwy,,Sideswipe-Same Direction,2,Clear,Dry,Daylight
2024-03-26T15:50:00.000,I 285,I 285 and Donald Lee Hollowell Pkwy,,Rear End,2,Rain,Wet,Daylight
2024-04-12T08:42:00.000,I 285,I 285 and Donald Lee Hollowell Pkwy,,Rear End,2,Clear,Dry,Daylight
2024-10-10T17:50:00.000,I 285,I 285 and Donald Lee Hollowell Pkwy,,Rear End,2,Clear,Dry,Daylight
2024-11-19T12:13:00.000,I 285,I 285 and Donald Lee Hollowell Pkwy,,Not a Collision with Motor Vehicle,1,Rain,Wet,Daylight
2024-03-12T06:59:00.000,I 285,I 285 and Donald Lee Hollowell Pkwy,,Sideswipe-Same Direction,2,Clear,Dry,Dawn
2024-06-13T15:38:00.000,I 285,I 285 and Donald Lee Hollowell Pkwy,,Rear End,2,Cloudy,Dry,Daylight
2024-03-19T08:54:00.000,I 285,I 285 and Donald Lee Hollowell Pkwy,,Rear End,2,Clear,Dry,Daylight
2024-12-23T14:45:00.000,I 285,I 285 and Donald Lee Hollowell Pkwy,,Rear End,2,Clear,Dry,Daylight
2024-05-02T08:40:00.000,I 285,I 285 and Donald Lee Hollowell Pkwy,,Rear End,2,Clear,Dry,Daylight
2024-02-08T16:30:00.000,I 285,I 285 and Donald Lee Hollowell Pkwy,,Sideswipe-Same Direction,2,Clear,Dry,Daylight
2024-05-14T13:41:00.000,I 285,I 285 and Donald Lee Hollowell Pkwy,,Sideswipe-Same Direction,3,Clear,Dry,Daylight
2024-11-26T08:19:00.000,I 285,I 285 and Donald Lee Hollowell Pkwy,,Rear End,2,Rain,Wet,Daylight
2024-08-16T18:46:00.000,I 285,I 285 and Donald Lee Hollowell Pkwy,,Sideswipe-Same Direction,2,Cloudy,Dry,Daylight
2024-03-21T13:15:00.000,I 285,I 285 and Donald Lee Hollowell Pkwy,,Not a Collision with Motor Vehicle,1,Clear,Dry,Daylight
2024-04-26T09:39:00.000,I 285,I 285 and Donald Lee Hollowell Pkwy,,Sideswipe-Same Direction,2,Cloudy,Dry,Daylight
2024-08-20T13:53:00.000,I 285,I 285 and Donald Lee Hollowell Pkwy,,Rear End,2,Clear,Dry,Daylight
2024-06-13T13:44:00.000,I 285,I 285 and Donald Lee Hollowell Pkwy,,Rear End,4,Clear,Dry,Daylight
2024-06-25T14:26:00.000,I 285,I 285 and Donald Lee Hollowell Pkwy,,Rear End,3,Clear,Dry,Daylight
2024-09-06T07:50:00.000,I 285,I 285 and Donald Lee Hollowell Pkwy,,Rear End,2,Clear,Dry,Daylight
2024-01-22T18:38:00.000,I 285,I 285 and Donald Lee Hollowell Pkwy,,Rear End,2,Clear,Dry,Daylight
2024-07-01T18:47:00.000,I 285,I 285 and Donald Lee Hollowell Pkwy,,Sideswipe-Same Direction,2,Clear,Dry,Daylight
2024-03-25T09:07:00.000,I 285,I 285 and Donald Lee Hollowell Pkwy,,Sideswipe-Same Direction,2,Clear,Dry,Daylight
2024-08-12T07:56:00.000,I 285,I 285 and Donald Lee Hollowell Pkwy,,Rear End,2,Clear,Dry,Daylight
2024-11-12T00:00:00.000,I 285,I 285 and Donald Lee Hollowell Pkwy,,Rear End,2,Clear,Dry,Daylight
2024-03-21T09:24:00.000,I 285,I 285 and Donald Lee Hollowell Pkwy,,Rear End,3,Clear,Dry,Daylight
2024-11-12T00:00:00.000,I 285,I 285 and Donald Lee Hollowell Pkwy,,Sideswipe-Same Direction,2,Cloudy,Dry,Daylight
2024-06-18T15:00:00.000,I 285,I 285 and Donald Lee Hollowell Pkwy,,Sideswipe-Same Direction,2,Clear,Dry,Daylight
2024-12-20T10:42:00.000,I 285,I 285 and Donald Lee Hollowell Pkwy,,Sideswipe-Same Direction,2,Clear,Dry,Daylight
2024-10-04T16:00:00.000,I 285,I 285 and Donald Lee Hollowell Pkwy,,Rear End,3,Clear,Dry,Daylight
2024-06-03T12:25:00.000,I 285,I 285 and Donald Lee Hollowell Pkwy,,Sideswipe-Same Direction,2,Clear,Dry,Daylight
2024-12-10T15:43:00.000,I 285,I 285 and Donald Lee Hollowell Pkwy,,Rear End,2,Rain,Wet,Daylight
2024-01-16T10:00:00.000,I 285,I 285 and Donald Lee Hollowell Pkwy,,Rear End,2,Clear,Dry,Daylight
2024-02-01T10:05:00.000,I 285,I 285 and Donald Lee Hollowell Pkwy,,Angle Crash,2,Clear,Dry,Daylight
2024-02-12T16:59:00.000,I 285,I 285 and Donald Lee Hollowell Pkwy,,Sideswipe-Same Direction,2,Cloudy,Wet,Daylight
2024-01-29T11:28:00.000,I 285,I 285 and Donald Lee Hollowell Pkwy,,Sideswipe-Same Direction,3,Clear,Dry,Daylight
2024-04-01T18:40:00.000,I 285,I 285 and Donald Lee Hollowell Pkwy,,Rear End,2,Cloudy,Dry,Daylight
2024-09-03T17:20:00.000,I 285,I 285 and Donald Lee Hollowell Pkwy,,Sideswipe-Same Direction,2,Clear,Dry,Daylight
2024-05-24T16:29:00.000,I 285,I 285 and Donald Lee Hollowell Pkwy,,Rear End,2,Cloudy,Dry,Daylight
2024-10-04T14:28:00.000,I 285,I 285 and Donald Lee Hollowell Pkwy,,Sideswipe-Same Direction,2,Clear,Dry,Daylight
2024-04-05T13:52:00.000,I 285,I 285 and Donald Lee Hollowell Parkway.0,,Sideswipe-Same Direction,2,Clear,Dry,Daylight
2021-03-29T17:40:00.000,I 285,I 285 and Donald Lee Hollowell Parkway O,,Rear End,2,Clear,Dry,Daylight
2021-07-19T14:44:00.000,I 285,I 285 and Donald Lee Hollowell Parkway O,,Sideswipe-Same Direction,2,Cloudy,Dry,Daylight
2023-06-20T16:49:00.000,I 285,I 285 and Donald Lee Hollowell Okwy,,Rear End,3,Cloudy,Dry,Daylight
2021-08-09T17:09:00.000,I 285,I 285 and Donald Lee Hollowell Entrance,,Sideswipe-Same Direction,2,Clear,Dry,Daylight
2023-06-30T12:32:00.000,I 285,I 285 and Donald Lee Hollowell Entrance,,Sideswipe-Same Direction,2,Cloudy,Dry,Daylight
2021-01-08T17:40:00.000,I 285,I 285 and Donald Lee Hollowell,,Rear End,2,Clear,Dry,Dark-Lighted
2020-06-25T00:50:00.000,I 285,I 285 and Donald Lee Hollowell,,Sideswipe-Same Direction,2,Rain,Wet,Dark-Not Lighted
2023-07-13T13:20:00.000,I 285,I 285 and Donald Lee Hollowell,,Rear End,2,Clear,Dry,Daylight
2023-11-21T16:33:00.000,I 285,I 285 and Donald Lee Hollowell,,Rear End,2,Clear,Wet,Daylight
2020-06-12T08:28:00.000,I 285,I 285 and Donald Lee Hollowell,,Not a Collision with Motor Vehicle,1,Cloudy,Dry,Daylight
2020-07-27T16:15:00.000,I 285,I 285 and Donald Lee Hollowell,,Rear End,2,Cloudy,Dry,Daylight
2020-01-22T09:55:00.000,I 285,I 285 and Donald Lee Hollowell,,Sideswipe-Same Direction,2,Clear,Dry,Daylight
2020-02-25T15:20:00.000,I 285,I 285 and Donald Lee Hollowell,,Rear End,2,Cloudy,Dry,Daylight
2020-02-24T13:45:00.000,I 285,I 285 and Donald Lee Hollowell,,Rear End,2,Rain,Wet,Daylight
2022-12-01T16:13:00.000,I 285,I 285 and Donald Lee Hollowell,,Sideswipe-Same Direction,2,Clear,Dry,Daylight
2022-06-09T13:22:00.000,I 285,I 285 and Donald Lee Hollowell,,Rear End,2,Cloudy,Dry,Daylight
2022-06-30T16:20:00.000,I 285,I 285 and Donald Lee Hollowell,,Rear End,3,Clear,Dry,Daylight
2024-11-26T13:52:00.000,I 285,I 285 and Donald Lee Hollowell,,Rear End,2,Clear,Dry,Daylight
2024-09-06T07:50:00.000,I 285,I 285 and Donald Lee Hollowell,,Sideswipe-Same Direction,3,Cloudy,Dry,Daylight
2024-03-19T14:52:00.000,I 285,I 285 and Donald Lee Hollowell,,Rear End,2,Clear,Dry,Daylight
2023-10-24T16:18:00.000,I 285,I 285 and Donald Lee Hollowell,,Sideswipe-Same Direction,2,Clear,Dry,Daylight
2024-06-27T15:06:00.000,I 285,I 285 and Donald Lee Hollowell,,Sideswipe-Same Direction,2,Cloudy,Dry,Daylight
2024-04-15T14:14:00.000,I 285,I 285 and Donald Lee Hollowell,,Sideswipe-Same Direction,2,Clear,Dry,Daylight
2024-02-19T14:30:00.000,I 285,I 285 and Donald Lee Hollowell,,Sideswipe-Same Direction,2,Clear,Dry,Daylight
2024-04-15T14:10:00.000,I 285,I 285 and Donald Lee Hollowell,,Sideswipe-Same Direction,2,Clear,Dry,Daylight
2024-12-27T16:30:00.000,I 285,I 285 and Donald Lee Hollowell,,Sideswipe-Same Direction,2,Clear,Dry,Daylight
2024-04-12T13:30:00.000,I 285,I 285 and Donald Lee Hollowell,,Rear End,3,Clear,Dry,Daylight
2024-09-12T14:27:00.000,I 285,I 285 and Donald Lee Hollowell,,Sideswipe-Same Direction,2,Cloudy,Dry,Daylight
2024-01-15T16:25:00.000,I 285,I 285 and Donald Lee Hollowell,,Rear End,2,Clear,Dry,Daylight
2024-11-22T18:00:00.000,I 285,I 285 and Donald Lee Hollowell,,Rear End,2,Clear,Dry,Daylight
2024-11-18T10:43:00.000,I 285,I 285 and Donald Lee Hollowell,,Sideswipe-Same Direction,2,Clear,Dry,Daylight
2021-04-28T13:00:00.000,I 285,I 285 and Donald Lee Hollowel Pkwy,,Sideswipe-Same Direction,2,Cloudy,Dry,Daylight
2022-08-02T18:25:00.000,I 285,I 285 and Donald Lee Hollowel Pkwy,,Rear End,2,Clear,Dry,Daylight
2024-08-05T17:02:00.000,I 285,I 285 and Donald Lee Hollowel Pkwy,,Rear End,2,Clear,Dry,Daylight
2021-07-01T11:21:00.000,I 285,I 285 and Donald E Hollowell Pkwy,,Sideswipe-Same Direction,2,Clear,Dry,Daylight
2021-01-28T18:40:00.000,I 285,I 285 and Donald  Lee Hollowell Pkwy,,Rear End,2,Cloudy,Dry,Dark-Not Lighted
2021-09-28T13:35:00.000,I 285,I 285 and Dona;Ld Lee Hollowell Pkwy,,Rear End,2,Clear,Dry,Daylight
2021-06-22T18:05:00.000,I 285,I 285 and Distributor From I85 To I285,,Rear End,2,Clear,Dry,Daylight
2021-08-10T15:30:00.000,I 285,I 285 and Distributor From I85 To I285,,Rear End,2,Cloudy,Dry,Daylight
2021-08-04T15:30:00.000,I 285,I 285 and Distributor From I85 To I285,,Angle Crash,2,Clear,Dry,Daylight
2021-10-18T15:00:00.000,I 285,I 285 and Distributor From I85 To I285,,Sideswipe-Same Direction,2,Clear,Dry,Daylight
2021-12-22T07:00:00.000,I 285,I 285 and Distributor From I85 To I285,,Sideswipe-Same Direction,2,Clear,Dry,Daylight
2021-12-17T20:25:00.000,I 285,I 285 and Distributor From I85 To I285,,Sideswipe-Same Direction,2,Cloudy,Dry,Dark-Not Lighted
2021-07-26T15:32:00.000,I 285,I 285 and Distributor From I85 To I285,,Angle Crash,2,Cloudy,Dry,Daylight
2020-08-31T10:41:00.000,I 285,I 285 and Distributor From I85 To I285,,Sideswipe-Same Direction,2,Cloudy,Dry,Daylight
2023-05-26T12:40:00.000,I 285,I 285 and Distributor From I85 To I285,,Rear End,2,Clear,Dry,Daylight
2023-07-26T17:09:00.000,I 285,I 285 and Distributor From I85 To I285,,Angle Crash,2,Cloudy,Dry,Daylight
2023-03-24T13:15:00.000,I 285,I 285 and Distributor From I85 To I285,,Rear End,2,Clear,Dry,Daylight
2023-12-02T07:25:00.000,I 285,I 285 and Distributor From I85 To I285,,Sideswipe-Same Direction,2,Cloudy,Wet,Daylight
2023-01-16T15:23:00.000,I 285,I 285 and Distributor From I85 To I285,,Angle Crash,2,Cloudy,Dry,Daylight
2023-10-26T19:08:00.000,I 285,I 285 and Distributor From I85 To I285,,Rear End,2,Clear,Dry,Dark-Lighted
2023-08-14T18:31:00.000,I 285,I 285 and Distributor From I85 To I285,,Sideswipe-Same Direction,2,Clear,Dry,Daylight
2022-07-19T11:05:00.000,I 285,I 285 and Distributor From I85 To I285,,Rear End,2,Rain,Wet,Daylight
2022-07-25T16:45:00.000,I 285,I 285 and Distributor From I85 To I285,,Sideswipe-Same Direction,2,Clear,Dry,Daylight
2020-01-30T15:50:00.000,I 285,I 285 and Distributor From I85 To I285,,Sideswipe-Same Direction,2,Clear,Dry,Daylight
2020-06-22T17:38:00.000,I 285,I 285 and Distributor From I85 To I285,,Rear End,2,Cloudy,Wet,Daylight
2020-09-24T14:36:00.000,I 285,I 285 and Distributor From I85 To I285,,Rear End,2,Rain,Wet,Daylight
2020-01-12T14:41:00.000,I 285,I 285 and Distributor From I85 To I285,,Angle Crash,4,Clear,Dry,Daylight
2020-04-01T14:25:00.000,I 285,I 285 and Distributor From I85 To I285,,Angle Crash,2,Clear,Dry,Daylight
2020-05-27T14:43:00.000,I 285,I 285 and Distributor From I85 To I285,,Rear End,2,Rain,Wet,Daylight
2020-01-17T19:16:00.000,I 285,I 285 and Distributor From I85 To I285,,Angle Crash,2,Clear,Dry,Dark-Not Lighted
2020-02-11T14:52:00.000,I 285,I 285 and Distributor From I85 To I285,,Rear End,2,Cloudy,Dry,Daylight
2020-02-13T18:50:00.000,I 285,I 285 and Distributor From I85 To I285,,Angle Crash,2,Cloudy,Dry,Dark-Not Lighted
2020-09-08T16:15:00.000,I 285,I 285 and Distributor From I85 To I285,,Angle Crash,3,Clear,Dry,Daylight
2020-10-02T13:50:00.000,I 285,I 285 and Distributor From I85 To I285,,Angle Crash,2,Clear,Dry,Daylight
2020-10-31T18:00:00.000,I 285,I 285 and Distributor From I85 To I285,,Sideswipe-Same Direction,2,Clear,Dry,Daylight
2020-06-19T16:44:00.000,I 285,I 285 and Distributor From I85 To I285,,Angle Crash,2,Clear,Dry,Daylight
2020-09-24T14:34:00.000,I 285,I 285 and Distributor From I85 To I285,,Rear End,2,Rain,Wet,Daylight
2020-07-20T16:10:00.000,I 285,I 285 and Distributor From I85 To I285,,Sideswipe-Same Direction,2,Clear,Dry,Daylight
2020-01-04T15:28:00.000,I 285,I 285 and Distributor From I85 To I285,,Sideswipe-Same Direction,2,Clear,Dry,Daylight
2020-09-21T14:04:00.000,I 285,I 285 and Distributor From I85 To I285,,Angle Crash,2,Clear,Dry,Daylight
2020-09-22T00:00:00.000,I 285,I 285 and Distributor From I85 To I285,,Sideswipe-Same Direction,2,Clear,Dry,Dark-Not Lighted
2020-12-09T15:47:00.000,I 285,I 285 and Distributor From I85 To I285,,Angle Crash,2,Clear,Dry,Daylight
2021-06-22T07:26:00.000,I 285,I 285 and Distributor From I85 To I285,,Not a Collision with Motor Vehicle,1,Rain,Wet,Daylight
2021-06-15T17:55:00.000,I 285,I 285 and Distributor From I85 To I285,,Angle Crash,2,Clear,Dry,Daylight
2021-04-12T17:13:00.000,I 285,I 285 and Distributor From I85 To I285,,Rear End,2,Clear,Dry,Daylight
2021-09-14T14:07:00.000,I 285,I 285 and Distributor From I85 To I285,,Sideswipe-Same Direction,2,Cloudy,Dry,Daylight
2021-12-29T13:21:00.000,I 285,I 285 and Distributor From I85 To I285,,Sideswipe-Same Direction,2,Cloudy,Dry,Daylight
2021-07-07T22:42:00.000,I 285,I 285 and Distributor From I85 To I285,,Rear End,2,Rain,Wet,Dark-Not Lighted
2021-12-03T18:25:00.000,I 285,I 285 and Distributor From I85 To I285,,Rear End,2,Clear,Dry,Dark-Not Lighted
2021-08-03T20:00:00.000,I 285,I 285 and Distributor From I85 To I285,,Angle Crash,2,Rain,Wet,Dusk
2022-12-27T18:17:00.000,I 285,I 285 and Distributor From I85 To I285,,Sideswipe-Same Direction,2,Clear,Dry,Daylight
2021-12-20T14:14:00.000,I 285,I 285 and Distributor From I85 To I285,,Angle Crash,2,Cloudy,Dry,Daylight
2021-09-24T13:54:00.000,I 285,I 285 and Distributor From I85 To I285,,Angle Crash,2,Clear,Wet,Daylight
2021-12-23T23:16:00.000,I 285,I 285 and Distributor From I85 To I285,,Not a Collision with Motor Vehicle,3,Clear,Dry,Dark-Lighted
2021-08-02T06:08:00.000,I 285,I 285 and Distributor From I85 To I285,,Sideswipe-Same Direction,2,Clear,Dry,Dark-Not Lighted
2022-12-05T12:40:00.000,I 285,I 285 and Distributor From I85 To I285,,Rear End,3,Rain,Wet,Daylight
2022-10-07T14:00:00.000,I 285,I 285 and Distributor From I85 To I285,,Angle Crash,2,Clear,Dry,Daylight
2022-12-11T00:00:00.000,I 285,I 285 and Distributor From I85 To I285,,Rear End,2,Clear,Dry,Dark-Lighted
2022-10-02T19:00:00.000,I 285,I 285 and Distributor From I85 To I285,,Rear End,2,Clear,Dry,Dusk
2022-03-27T15:23:00.000,I 285,I 285 and Distributor From I85 To I285,,Sideswipe-Same Direction,2,Clear,Dry,Daylight
2022-11-09T21:14:00.000,I 285,I 285 and Distributor From I85 To I285,,Head On,2,Clear,Dry,Dark-Not Lighted
2021-10-18T16:04:00.000,I 285,I 285 and Distributor From I85 To I285,,Sideswipe-Same Direction,2,Clear,Dry,Daylight
2022-01-04T16:58:00.000,I 285,I 285 and Distributor From I85 To I285,,Rear End,2,Clear,Dry,Daylight
2022-07-21T09:55:00.000,I 285,I 285 and Distributor From I85 To I285,,Not a Collision with Motor Vehicle,1,Rain,Wet,Daylight
2022-11-09T21:14:00.000,I 285,I 285 and Distributor From I85 To I285,,Angle Crash,3,Clear,Dry,Dark-Not Lighted
2022-11-09T21:14:00.000,I 285,I 285 and Distributor From I85 To I285,,Head On,2,Clear,Dry,Dark-Not Lighted
2022-03-20T16:04:00.000,I 285,I 285 and Distributor From I85 To I285,,Rear End,2,Clear,Dry,Daylight
2022-02-22T16:23:00.000,I 285,I 285 and Distributor From I85 To I285,,Rear End,2,Clear,Dry,Daylight
2022-10-16T21:28:00.000,I 285,I 285 and Distributor From I85 To I285,,Sideswipe-Same Direction,2,Clear,Dry,Dark-Not Lighted
2022-06-22T07:00:00.000,I 285,I 285 and Distributor From I85 To I285,,Sideswipe-Same Direction,2,Clear,Dry,Daylight
2022-06-20T15:35:00.000,I 285,I 285 and Distributor From I85 To I285,,Sideswipe-Same Direction,2,Clear,Dry,Daylight
2022-08-12T16:50:00.000,I 285,I 285 and Distributor From I85 To I285,,Rear End,2,Clear,Dry,Daylight
2024-02-12T00:01:00.000,I 285,I 285 and Distributor From I85 To I285,,Sideswipe-Same Direction,2,Rain,Water (standing or moving),Dark-Not Lighted
2024-11-13T13:40:00.000,I 285,I 285 and Distributor From I85 To I285,,Sideswipe-Same Direction,2,Cloudy,Dry,Daylight
2024-05-03T13:10:00.000,I 285,I 285 and Distributor From I85 To I285,,Not a Collision with Motor Vehicle,1,Clear,Dry,Daylight
2024-10-06T07:30:00.000,I 285,I 285 and Distributor From I85 To I285,,Not a Collision with Motor Vehicle,1,Clear,Dry,Daylight
2023-02-15T17:47:00.000,I 285,I 285 and Distributor From I85 To I285,,Rear End,2,Clear,Dry,Daylight
2023-12-22T00:55:00.000,I 285,I 285 and Distributor From I85 To I285,,Rear End,2,Clear,Dry,Dark-Not Lighted
2023-06-24T18:08:00.000,I 285,I 285 and Distributor From I85 To I285,,Not a Collision with Motor Vehicle,1,Clear,Dry,Daylight
2023-02-20T20:21:00.000,I 285,I 285 and Distributor From I85 To I285,,Not a Collision with Motor Vehicle,1,Cloudy,Dry,Dark-Not Lighted
2023-07-12T20:00:00.000,I 285,I 285 and Distributor From I85 To I285,,Angle Crash,2,Clear,Dry,Daylight
2023-03-17T09:31:00.000,I 285,I 285 and Distributor From I85 To I285,,Sideswipe-Same Direction,2,Rain,Wet,Daylight
2023-12-02T19:13:00.000,I 285,I 285 and Distributor From I85 To I285,,Sideswipe-Same Direction,2,Cloudy,Wet,Dusk
2024-04-09T07:38:00.000,I 285,I 285 and Distributor From I85 To I285,,Not a Collision with Motor Vehicle,1,Cloudy,Wet,Daylight
2024-06-30T20:18:00.000,I 285,I 285 and Distributor From I85 To I285,,Sideswipe-Same Direction,2,Cloudy,Dry,Daylight
2024-08-30T13:36:00.000,I 285,I 285 and Distributor From I85 To I285,,Rear End,3,Cloudy,Dry,Daylight
2024-04-16T18:37:00.000,I 285,I 285 and Distributor From I85 To I285,,Sideswipe-Same Direction,2,Clear,Dry,Daylight
2024-07-26T13:30:00.000,I 285,I 285 and Distributor From I85 To I285,,Rear End,2,Cloudy,Dry,Daylight
2024-03-04T16:29:00.000,I 285,I 285 and Distributor From I85 To I285,,Sideswipe-Same Direction,2,Clear,Dry,Daylight
2024-05-20T15:55:00.000,I 285,I 285 and Distributor From I85 To I285,,Rear End,2,Clear,Dry,Daylight
2022-09-12T11:15:00.000,I 285,I 285 and Delmar Ln,,Sideswipe-Same Direction,2,Clear,Dry,Daylight
2022-09-19T18:15:00.000,I 285,I 285 and Delmar Ln,,Not a Collision with Motor Vehicle,1,Clear,Dry,Daylight
2022-01-12T18:00:00.000,I 285,I 285 and Delmar Lane Underpass,,Sideswipe-Same Direction,2,Clear,Dry,Dark-Not Lighted
2024-10-01T10:00:00.000,I 285,I 285 and Delmar,,Rear End,2,Cloudy,Dry,Daylight
2021-09-28T17:45:00.000,I 285,I 285 and Delk Rd,,Rear End,2,Clear,Dry,Daylight
2024-05-06T08:00:00.000,I 285,I 285 and Deleon Ct,,Rear End,2,Clear,Dry,Daylight
2020-11-03T15:40:00.000,I 285,I 285 and Dekalb County Line,,Rear End,2,Clear,Dry,Daylight
2023-02-15T07:40:00.000,I 285,I 285 and De Leon Ln,,Rear End,2,Clear,Dry,Daylight