Date and Time,Roadway (From Crash Report),Intersection Name (from Crash Report),KABCO Severity,Manner of Collision (Crash Level) ,# of Vehicles per crash ,Weather Conditions (Crash Level),Surface Condition (Crash Level) ,Light Conditions (Crash Level)
2023-12-14T18:00:00.000,I 285,I 285 and De Leon Ln,,Angle Crash,2,Clear,Dry,Daylight
2024-05-04T19:10:00.000,I 285,I 285 and De Leon Ln,,Rear End,2,Clear,Dry,Daylight
2024-05-08T14:20:00.000,I 285,I 285 and De Leon Ln,,Rear End,2,Clear,Dry,Daylight
2024-08-20T18:40:00.000,I 285,I 285 and De Leon Ln,,Rear End,2,Clear,Dry,Daylight
2021-06-04T18:42:00.000,I 285,I 285 and D L Hollowell Pkwy,,Sideswipe-Same Direction,2,Cloudy,Dry,Daylight
2021-03-04T17:18:00.000,I 285,I 285 and D L Hollowell Pkwy,,Rear End,2,Clear,Dry,Daylight
2021-03-02T11:47:00.000,I 285,I 285 and D L Hollowell Pkwy,,Rear End,2,Cloudy,Dry,Daylight
2023-06-15T20:12:00.000,I 285,I 285 and D L Hollowell Pkwy,,Sideswipe-Same Direction,2,Cloudy,Dry,Daylight
2023-06-15T18:00:00.000,I 285,I 285 and D L Hollowell Pkwy,,Rear End,3,Cloudy,Dry,Daylight
2023-02-02T08:53:00.000,I 285,I 285 and D L Hollowell Pkwy,,Rear End,2,Cloudy,Wet,Daylight
2020-03-13T15:04:00.000,I 285,I 285 and D L Hollowell Pkwy,,Rear End,2,Cloudy,Wet,Daylight
2020-01-28T08:00:00.000,I 285,I 285 and D L Hollowell Pkwy,,Sideswipe-Same Direction,3,Clear,Dry,Daylight
2020-10-23T16:00:00.000,I 285,I 285 and D L Hollowell Pkwy,,Rear End,2,Cloudy,Dry,Daylight
2020-09-15T06:26:00.000,I 285,I 285 and D L Hollowell Pkwy,,Sideswipe-Same Direction,2,Cloudy,Wet,Dark-Not Lighted
2020-08-13T15:42:00.000,I 285,I 285 and D L Hollowell Pkwy,,Rear End,2,Cloudy,Dry,Daylight
2020-11-11T15:20:00.000,I 285,I 285 and D L Hollowell Pkwy,,Rear End,2,Cloudy,Dry,Daylight
2020-09-23T17:24:00.000,I 285,I 285 and D L Hollowell Pkwy,,Sideswipe-Same Direction,2,Cloudy,Dry,Daylight
2020-02-13T15:46:00.000,I 285,I 285 and D L Hollowell Pkwy,,Rear End,1,Cloudy,Dry,Daylight
2020-02-11T08:57:00.000,I 285,I 285 and D L Hollowell Pkwy,,Rear End,2,Rain,Wet,Daylight
2021-05-10T10:34:00.000,I 285,I 285 and D L Hollowell Pkwy,,Not a Collision with Motor Vehicle,2,Cloudy,Wet,Daylight
2022-08-05T12:55:00.000,I 285,I 285 and D L Hollowell Pkwy,,Sideswipe-Same Direction,2,Cloudy,Dry,Daylight
2022-07-12T17:50:00.000,I 285,I 285 and D L Hollowell Pkwy,,Rear End,2,Cloudy,Dry,Daylight
2022-03-07T15:25:00.000,I 285,I 285 and D L Hollowell Pkwy,,Rear End,2,Cloudy,Dry,Daylight
2023-08-22T13:45:00.000,I 285,I 285 and D L Hollowell Pkwy,,Sideswipe-Same Direction,3,Cloudy,Dry,Daylight
2023-07-20T16:46:00.000,I 285,I 285 and D L Hollowell Pkwy,,Rear End,3,Cloudy,Dry,Daylight
2024-08-05T16:41:00.000,I 285,I 285 and D L Hollowell Pkwy,,Rear End,2,Cloudy,Dry,Daylight
2022-07-22T10:41:00.000,I 285,I 285 and D L Hollowell Okwy,,Rear End,3,Clear,Dry,Daylight
2023-08-22T15:36:00.000,I 285,I 285 and D L Hollowell Dr,,Sideswipe-Same Direction,2,Cloudy,Dry,Daylight
2020-02-06T06:10:00.000,I 285,I 285 and Cw Grant,,Rear End,2,Rain,Wet,Dark-Not Lighted
2020-10-05T14:28:00.000,I 285,I 285 and Cumberland Pkwy Opas,,Not a Collision with Motor Vehicle,1,Clear,Dry,Daylight
2021-05-27T18:03:00.000,I 285,I 285 and Cumberland Pkwy,,Sideswipe-Same Direction,3,Clear,Dry,Daylight
2021-11-12T15:30:00.000,I 285,I 285 and Cumberland Pkwy,,Rear End,2,Clear,Dry,Daylight
2021-08-25T07:54:00.000,I 285,I 285 and Cumberland Pkwy,,Not a Collision with Motor Vehicle,1,Cloudy,Dry,Daylight
2021-10-01T15:56:00.000,I 285,I 285 and Cumberland Pkwy,,Sideswipe-Same Direction,2,Cloudy,Dry,Daylight
2021-06-19T17:11:00.000,I 285,I 285 and Cumberland Pkwy,,Rear End,2,Rain,Water (standing or moving),Daylight
2020-09-26T23:00:00.000,I 285,I 285 and Cumberland Pkwy,,Rear End,2,Clear,Dry,Dark-Lighted
2023-02-04T14:17:00.000,I 285,I 285 and Cumberland Pkwy,,Rear End,2,Clear,Dry,Daylight
2023-05-06T17:04:00.000,I 285,I 285 and Cumberland Pkwy,,Angle Crash,2,Clear,Dry,Daylight
2023-12-13T08:40:00.000,I 285,I 285 and Cumberland Pkwy,,Angle Crash,2,Clear,Dry,Daylight
2023-11-01T08:40:00.000,I 285,I 285 and Cumberland Pkwy,,Sideswipe-Same Direction,2,Clear,Dry,Daylight
2023-01-31T18:07:00.000,I 285,I 285 and Cumberland Pkwy,,Sideswipe-Same Direction,2,Cloudy,Dry,Dusk
2022-01-15T14:00:00.000,I 285,I 285 and Cumberland Pkwy,,Sideswipe-Same Direction,2,Cloudy,Dry,Daylight
2020-07-26T11:05:00.000,I 285,I 285 and Cumberland Pkwy,,Not a Collision with Motor Vehicle,1,Clear,Dry,Daylight
2020-10-20T01:09:00.000,I 285,I 285 and Cumberland Pkwy,,Rear End,2,Clear,Dry,Dark-Not Lighted
2020-12-18T16:38:00.000,I 285,I 285 and Cumberland Pkwy,,Rear End,2,Clear,Dry,Daylight
2020-09-27T21:20:00.000,I 285,I 285 and Cumberland Pkwy,,Angle Crash,2,Clear,Dry,Dark-Lighted
2021-08-07T16:56:00.000,I 285,I 285 and Cumberland Pkwy,,Rear End,2,Cloudy,Dry,Daylight
2021-09-26T13:22:00.000,I 285,I 285 and Cumberland Pkwy,,Rear End,3,Clear,Dry,Daylight
2021-10-01T16:37:00.000,I 285,I 285 and Cumberland Pkwy,,Rear End,2,Cloudy,Dry,Daylight
2022-05-07T19:00:00.000,I 285,I 285 and Cumberland Pkwy,,Rear End,2,Clear,Dry,Daylight
2022-02-21T09:37:00.000,I 285,I 285 and Cumberland Pkwy,,Not a Collision with Motor Vehicle,1,Cloudy,Dry,Daylight
2022-03-06T12:48:00.000,I 285,I 285 and Cumberland Pkwy,,Angle Crash,2,Clear,Dry,Daylight
2023-08-14T16:50:00.000,I 285,I 285 and Cumberland Pkwy,,Rear End,2,Clear,Dry,Daylight
2023-07-22T13:36:00.000,I 285,I 285 and Cumberland Pkwy,,Sideswipe-Same Direction,2,Cloudy,Wet,Daylight
2024-02-02T15:59:00.000,I 285,I 285 and Cumberland Pkwy,,Rear End,3,Clear,Dry,Daylight
2024-09-10T17:33:00.000,I 285,I 285 and Cumberland Pkwy,,Rear End,4,Clear,Dry,Daylight
2024-05-31T00:30:00.000,I 285,I 285 and Cumberland Pkwy,,Rear End,2,Clear,Dry,Dark-Lighted
2024-05-30T22:07:00.000,I 285,I 285 and Cumberland Pkwy,,Rear End,2,Clear,Dry,Dark-Lighted
2024-01-24T08:40:00.000,I 285,I 285 and Cumberland Pkwy,,Rear End,2,Rain,Wet,Daylight
2024-08-27T09:00:00.000,I 285,I 285 and Cumberland Pkwy,,Rear End,2,Clear,Dry,Dark-Not Lighted
2024-11-07T01:14:00.000,I 285,I 285 and Cumberland Pkwy,,Rear End,2,Clear,Dry,Dark-Not Lighted
2024-06-26T18:05:00.000,I 285,I 285 and Cumberland Pkwy,,Rear End,2,Clear,Dry,Daylight
2023-04-26T11:49:00.000,I 285,I 285 and Cumberland Pkwy,,Sideswipe-Same Direction,2,Cloudy,Dry,Daylight
2023-12-05T18:03:00.000,I 285,I 285 and Cumberland Pkwy,,Rear End,2,Clear,Dry,Dawn
2023-03-15T15:12:00.000,I 285,I 285 and Cumberland Pkwy,,Rear End,2,Clear,Dry,Daylight
2023-11-07T16:25:00.000,I 285,I 285 and Cumberland Pkwy,,Rear End,2,Clear,Dry,Daylight
2024-04-26T09:55:00.000,I 285,I 285 and Cumberland Pkwy,,Rear End,2,Cloudy,Dry,Daylight
2024-05-30T21:10:00.000,I 285,I 285 and Cumberland Pkwy,,Rear End,2,Clear,Dry,Dark-Lighted
2024-03-06T15:23:00.000,I 285,I 285 and Cumberland Pkwy,,Angle Crash,2,Rain,Wet,Daylight
2024-06-18T18:35:00.000,I 285,I 285 and Cumberland Pkwy,,Angle Crash,2,Clear,Dry,Daylight
2024-05-07T07:08:00.000,I 285,I 285 and Cumberland Pkwy,,Sideswipe-Same Direction,2,Clear,Dry,Daylight
2024-05-30T21:00:00.000,I 285,I 285 and Cumberland Pkwy,,Rear End,2,Clear,Dry,Dark-Lighted
2024-11-14T04:58:00.000,I 285,I 285 and Cumberland Pkwy,,Head On,1,Rain,Water (standing or moving),Dark-Not Lighted
2024-05-07T10:22:00.000,I 285,I 285 and Cumberland Pkwy,,Sideswipe-Same Direction,2,Clear,Dry,Daylight
2024-03-29T13:06:00.000,I 285,I 285 and Cumberland Parkway Opas,,Rear End,2,Clear,Dry,Daylight
2021-11-20T15:04:00.000,I 285,I 285 and Cumberland Blvd Underpass,,Rear End,2,Clear,Dry,Daylight
2022-12-02T17:13:00.000,I 285,I 285 and Cumberland Blvd Underpass,,Sideswipe-Same Direction,2,Clear,Dry,Daylight
2022-01-02T15:53:00.000,I 285,I 285 and Cumberland Blvd Underpass,,Rear End,2,Cloudy,Wet,Daylight
2021-03-13T18:55:00.000,I 285,I 285 and Cumberland Blvd Opas,,Sideswipe-Same Direction,2,Cloudy,Dry,Dark-Lighted
2020-10-17T15:20:00.000,I 285,I 285 and Cumberland Blvd Opas,,Rear End,2,Clear,Dry,Daylight
2022-07-21T17:16:00.000,I 285,I 285 and Cumberland Blvd Opas,,Sideswipe-Same Direction,3,Cloudy,Wet,Daylight
2024-11-01T17:32:00.000,I 285,I 285 and Cumberland Blvd Opas,,Rear End,2,Clear,Dry,Daylight
2021-03-25T10:36:00.000,I 285,I 285 and Cumberland Blvd,,Sideswipe-Same Direction,2,Rain,Wet,Daylight
2021-11-18T19:01:00.000,I 285,I 285 and Cumberland Blvd,,Sideswipe-Same Direction,2,Cloudy,Dry,Dark-Not Lighted
2021-08-23T22:50:00.000,I 285,I 285 and Cumberland Blvd,,Rear End,2,Clear,Dry,Dark-Not Lighted
2021-08-03T19:00:00.000,I 285,I 285 and Cumberland Blvd,,Rear End,2,Cloudy,Wet,Daylight
2021-05-22T19:08:00.000,I 285,I 285 and Cumberland Blvd,,Not a Collision with Motor Vehicle,2,Clear,Dry,Daylight
2021-04-24T10:12:00.000,I 285,I 285 and Cumberland Blvd,,Not a Collision with Motor Vehicle,1,Rain,Water (standing or moving),Daylight
2021-06-12T22:58:00.000,I 285,I 285 and Cumberland Blvd,,Sideswipe-Same Direction,2,Clear,Dry,Dark-Lighted
2023-08-30T15:45:00.000,I 285,I 285 and Cumberland Blvd,,Sideswipe-Same Direction,2,Cloudy,Dry,Daylight
2023-04-05T11:13:00.000,I 285,I 285 and Cumberland Blvd,,Rear End,2,Cloudy,Dry,Daylight
2023-09-22T18:20:00.000,I 285,I 285 and Cumberland Blvd,,Sideswipe-Same Direction,2,Clear,Dry,Daylight
2023-03-29T08:00:00.000,I 285,I 285 and Cumberland Blvd,,Sideswipe-Same Direction,2,Clear,Dry,Daylight
2023-03-30T18:39:00.000,I 285,I 285 and Cumberland Blvd,,Rear End,2,Clear,Dry,Daylight
2023-08-25T14:55:00.000,I 285,I 285 and Cumberland Blvd,,Rear End,2,Clear,Dry,Daylight
2023-05-23T06:59:00.000,I 285,I 285 and Cumberland Blvd,,Sideswipe-Same Direction,2,Cloudy,Dry,Daylight
2023-04-06T16:00:00.000,I 285,I 285 and Cumberland Blvd,,Rear End,2,Cloudy,Dry,Daylight
2023-08-01T08:20:00.000,I 285,I 285 and Cumberland Blvd,,Rear End,2,Clear,Dry,Daylight
2020-10-01T20:40:00.000,I 285,I 285 and Cumberland Blvd,,Sideswipe-Same Direction,2,Clear,Dry,Dark-Lighted
2020-05-29T10:46:00.000,I 285,I 285 and Cumberland Blvd,,Rear End,2,Cloudy,Dry,Daylight
2020-04-11T09:08:00.000,I 285,I 285 and Cumberland Blvd,,Not a Collision with Motor Vehicle,1,Clear,Dry,Daylight
2020-01-15T08:14:00.000,I 285,I 285 and Cumberland Blvd,,Rear End,2,Cloudy,Wet,Daylight
2021-01-26T11:20:00.000,I 285,I 285 and Cumberland Blvd,,Not a Collision with Motor Vehicle,1,Clear,Dry,Daylight
2021-03-26T00:00:00.000,I 285,I 285 and Cumberland Blvd,,Sideswipe-Same Direction,2,Cloudy,Wet,Daylight
2021-10-08T10:29:00.000,I 285,I 285 and Cumberland Blvd,,Sideswipe-Same Direction,2,Cloudy,Dry,Daylight
2021-08-03T17:35:00.000,I 285,I 285 and Cumberland Blvd,,Rear End,3,Rain,Wet,Daylight
2021-07-11T01:30:00.000,I 285,I 285 and Cumberland Blvd,,Rear End,2,Clear,Dry,Dark-Lighted
2021-12-09T19:22:00.000,I 285,I 285 and Cumberland Blvd,,Rear End,2,Clear,Dry,Dark-Not Lighted
2021-08-20T17:05:00.000,I 285,I 285 and Cumberland Blvd,,Rear End,2,Cloudy,Wet,Daylight
2022-07-24T12:10:00.000,I 285,I 285 and Cumberland Blvd,,Rear End,3,Clear,Dry,Daylight
2022-08-31T19:00:00.000,I 285,I 285 and Cumberland Blvd,,Sideswipe-Same Direction,2,Clear,Dry,Daylight
2022-09-17T12:51:00.000,I 285,I 285 and Cumberland Blvd,,Rear End,2,Clear,Dry,Daylight
2022-11-23T09:15:00.000,I 285,I 285 and Cumberland Blvd,,Angle Crash,2,Clear,Dry,Daylight
2022-03-01T20:55:00.000,I 285,I 285 and Cumberland Blvd,,Rear End,2,Clear,Dry,Dark-Lighted
2021-10-20T09:30:00.000,I 285,I 285 and Cumberland Blvd,,Sideswipe-Same Direction,2,Clear,Dry,Daylight
2022-05-13T14:32:00.000,I 285,I 285 and Cumberland Blvd,,Rear End,2,Cloudy,Dry,Daylight
2022-04-26T16:38:00.000,I 285,I 285 and Cumberland Blvd,,Rear End,3,Cloudy,Dry,Daylight
2022-02-07T18:00:00.000,I 285,I 285 and Cumberland Blvd,,Not a Collision with Motor Vehicle,2,Cloudy,Dry,Daylight
2022-02-07T17:43:00.000,I 285,I 285 and Cumberland Blvd,,Not a Collision with Motor Vehicle,2,Cloudy,Dry,Daylight
2022-02-21T12:00:00.000,I 285,I 285 and Cumberland Blvd,,Rear End,2,Clear,Dry,Daylight
2022-08-28T06:13:00.000,I 285,I 285 and Cumberland Blvd,,Rear End,2,Clear,Dry,Dark-Not Lighted
2022-11-23T09:15:00.000,I 285,I 285 and Cumberland Blvd,,Angle Crash,2,Clear,Dry,Daylight
2022-07-14T08:49:00.000,I 285,I 285 and Cumberland Blvd,,Not a Collision with Motor Vehicle,1,Cloudy,Dry,Daylight
2022-09-15T14:00:00.000,I 285,I 285 and Cumberland Blvd,,Rear End,2,Clear,Dry,Daylight
2022-02-11T17:36:00.000,I 285,I 285 and Cumberland Blvd,,Sideswipe-Same Direction,2,Clear,Dry,Daylight
2022-11-29T18:55:00.000,I 285,I 285 and Cumberland Blvd,,Angle Crash,3,Clear,Dry,Dark-Not Lighted
2022-02-21T09:00:00.000,I 285,I 285 and Cumberland Blvd,,Not a Collision with Motor Vehicle,1,Clear,Dry,Daylight
2022-03-13T13:55:00.000,I 285,I 285 and Cumberland Blvd,,Angle Crash,3,Clear,Dry,Daylight
2022-08-28T14:17:00.000,I 285,I 285 and Cumberland Blvd,,Rear End,2,Clear,Dry,Daylight
2022-03-16T17:35:00.000,I 285,I 285 and Cumberland Blvd,,Sideswipe-Same Direction,2,Rain,Wet,Daylight
2022-05-30T20:50:00.000,I 285,I 285 and Cumberland Blvd,,Rear End,2,Cloudy,Dry,Dark-Lighted
2022-09-30T07:21:00.000,I 285,I 285 and Cumberland Blvd,,Rear End,2,Clear,Dry,Daylight
2022-03-11T04:48:00.000,I 285,I 285 and Cumberland Blvd,,Angle Crash,2,Clear,Dry,Dark-Lighted
2022-10-04T10:00:00.000,I 285,I 285 and Cumberland Blvd,,Rear End,2,Clear,Dry,Daylight
2024-09-11T16:41:00.000,I 285,I 285 and Cumberland Blvd,,Rear End,2,Clear,Dry,Daylight
2024-04-03T02:20:00.000,I 285,I 285 and Cumberland Blvd,,Rear End,2,Clear,Dry,Daylight
2024-10-08T11:20:00.000,I 285,I 285 and Cumberland Blvd,,Rear End,2,Clear,Dry,Daylight
2024-02-21T16:30:00.000,I 285,I 285 and Cumberland Blvd,,Angle Crash,2,Clear,Dry,Daylight
2024-04-06T14:36:00.000,I 285,I 285 and Cumberland Blvd,,Sideswipe-Same Direction,2,Clear,Dry,Daylight
2023-04-13T15:04:00.000,I 285,I 285 and Cumberland Blvd,,Rear End,2,Rain,Wet,Daylight
2023-09-21T16:48:00.000,I 285,I 285 and Cumberland Blvd,,Sideswipe-Same Direction,2,Clear,Dry,Daylight
2023-09-22T20:51:00.000,I 285,I 285 and Cumberland Blvd,,Rear End,2,Clear,Dry,Daylight
2023-02-22T16:45:00.000,I 285,I 285 and Cumberland Blvd,,Rear End,2,Clear,Dry,Daylight
2023-01-30T13:21:00.000,I 285,I 285 and Cumberland Blvd,,Rear End,2,Rain,Wet,Daylight
2023-06-19T08:20:00.000,I 285,I 285 and Cumberland Blvd,,Sideswipe-Same Direction,3,Cloudy,Wet,Daylight
2023-11-29T14:05:00.000,I 285,I 285 and Cumberland Blvd,,Rear End,3,Clear,Dry,Daylight
2024-11-11T09:00:00.000,I 285,I 285 and Cumberland Blvd,,Rear End,2,Cloudy,Dry,Daylight
2024-05-19T16:29:00.000,I 285,I 285 and Cumberland Blvd,,Rear End,3,Clear,Dry,Daylight
2024-12-04T18:20:00.000,I 285,I 285 and Cumberland Blvd,,Sideswipe-Same Direction,2,Clear,Dry,Dark-Not Lighted
2024-06-11T17:26:00.000,I 285,I 285 and Cumberland Blvd,,Sideswipe-Same Direction,2,Clear,Dry,Daylight
2024-05-07T07:58:00.000,I 285,I 285 and Cumberland Blvd,,Rear End,2,Cloudy,Dry,Daylight
2024-03-30T13:58:00.000,I 285,I 285 and Cumberland Blvd,,Angle Crash,3,Clear,Dry,Daylight
2024-07-19T11:44:00.000,I 285,I 285 and Cumberland Blvd,,Sideswipe-Same Direction,2,Clear,Dry,Daylight
2024-05-01T13:51:00.000,I 285,I 285 and Cumberland Blvd,,Angle Crash,2,Clear,Dry,Daylight
2024-11-12T07:08:00.000,I 285,I 285 and Cumberland Blvd,,Sideswipe-Same Direction,2,Clear,Dry,Daylight
2024-10-08T09:47:00.000,I 285,I 285 and Cumberland Blvd,,Sideswipe-Same Direction,2,Clear,Dry,Daylight
2024-10-17T16:00:00.000,I 285,I 285 and Cumberland Blvd,,Sideswipe-Same Direction,2,Clear,Dry,Daylight
2024-09-25T17:10:00.000,I 285,I 285 and Cumberland Blvd,,Angle Crash,3,Rain,Water (standing or moving),Dawn
2024-04-28T15:00:00.000,I 285,I 285 and Cumberland Blvd,,Rear End,3,Clear,Dry,Daylight
2024-09-09T13:39:00.000,I 285,I 285 and Cumberland Blvd,,Sideswipe-Same Direction,2,Clear,Dry,Daylight
2024-10-08T12:56:00.000,I 285,I 285 and Cumberland Blvd,,Sideswipe-Same Direction,2,Clear,Dry,Daylight
2024-08-05T15:48:00.000,I 285,I 285 and Cumberland Blvd,,Rear End,2,Clear,Dry,Daylight
2024-08-28T08:10:00.000,I 285,I 285 and Cumberland Blvd,,Rear End,3,Clear,Dry,Daylight
2024-01-28T16:14:00.000,I 285,I 285 and Cumberland Blvd,,Not a Collision with Motor Vehicle,1,Rain,Wet,Daylight
2024-12-04T17:50:00.000,I 285,I 285 and Cumberland Blvd,,Rear End,3,Cloudy,Dry,Dark-Lighted
2024-08-09T06:21:00.000,I 285,I 285 and Cumberland Blvd,,Angle Crash,2,Clear,Dry,Dark-Not Lighted
2024-01-22T18:21:00.000,I 285,I 285 and Cumberland Blvd,,Sideswipe-Same Direction,2,Clear,Dry,Dark-Not Lighted
2024-06-16T16:50:00.000,I 285,I 285 and Cumberland Blvd,,Rear End,2,Clear,Dry,Daylight
2024-12-27T10:10:00.000,I 285,I 285 and Cumberland Blavd,,Not a Collision with Motor Vehicle,1,Rain,Wet,Dark-Not Lighted
2024-06-17T11:23:00.000,I 285,I 285 and Cumberland,,Angle Crash,2,Clear,Dry,Daylight
2023-06-03T08:09:00.000,I 285,I 285 and Cumbeland Blvd,,Rear End,2,Clear,Dry,Daylight
2023-12-12T14:44:00.000,I 285,I 285 and Cubmerland Blvd,,Rear End,2,Clear,Dry,Daylight
2022-11-04T19:08:00.000,I 285,I 285 and Csx Railroad,,Rear End,3,Clear,Dry,Dark-Not Lighted
2022-11-15T16:43:00.000,I 285,I 285 and Csx Railroad,,Angle Crash,2,Rain,Wet,Dark-Not Lighted
2023-03-14T12:25:00.000,I 285,I 285 and Csacade Rd,,Sideswipe-Same Direction,2,Clear,Dry,Daylight
2021-02-26T14:48:00.000,I 285,I 285 and Crescent Centre Blvd,,Rear End,4,Clear,Dry,Daylight
2021-11-27T13:25:00.000,I 285,I 285 and Crescent Centre Blvd,,Angle Crash,2,Clear,Dry,Daylight
2021-08-11T16:34:00.000,I 285,I 285 and Crescent Centre Blvd,,Not a Collision with Motor Vehicle,2,Rain,Wet,Dusk
2021-11-17T14:58:00.000,I 285,I 285 and Crescent Centre Blvd,,Rear End,2,Clear,Dry,Daylight
2021-03-30T17:04:00.000,I 285,I 285 and Crescent Centre Blvd,,Sideswipe-Same Direction,3,Clear,Dry,Daylight
2021-09-17T13:23:00.000,I 285,I 285 and Crescent Centre Blvd,,Rear End,2,Cloudy,Dry,Daylight
2021-11-12T10:25:00.000,I 285,I 285 and Crescent Centre Blvd,,Rear End,3,Clear,Dry,Daylight
2023-08-07T16:30:00.000,I 285,I 285 and Crescent Centre Blvd,,Rear End,2,Clear,Dry,Daylight
2023-01-12T03:42:00.000,I 285,I 285 and Crescent Centre Blvd,,Not a Collision with Motor Vehicle,1,Cloudy,Dry,Dark-Not Lighted
2020-09-04T11:27:00.000,I 285,I 285 and Crescent Centre Blvd,,Not a Collision with Motor Vehicle,2,Clear,Dry,Daylight
2020-12-18T15:00:00.000,I 285,I 285 and Crescent Centre Blvd,,Rear End,2,Clear,Dry,Daylight
2021-01-30T03:30:00.000,I 285,I 285 and Crescent Centre Blvd,,Rear End,3,Clear,Dry,Dark-Not Lighted
2021-07-23T13:24:00.000,I 285,I 285 and Crescent Centre Blvd,,Rear End,2,Clear,Dry,Daylight
2021-11-18T07:46:00.000,I 285,I 285 and Crescent Centre Blvd,,Rear End,2,Clear,Dry,Daylight
2021-11-17T08:19:00.000,I 285,I 285 and Crescent Centre Blvd,,Rear End,2,Clear,Dry,Daylight
2021-09-30T12:40:00.000,I 285,I 285 and Crescent Centre Blvd,,Sideswipe-Same Direction,3,Cloudy,Dry,Daylight
2022-05-17T16:17:00.000,I 285,I 285 and Crescent Centre Blvd,,Rear End,2,Clear,Dry,Daylight
2021-11-17T11:45:00.000,I 285,I 285 and Crescent Centre Blvd,,Angle Crash,2,Clear,Dry,Daylight
2022-05-31T15:32:00.000,I 285,I 285 and Crescent Centre Blvd,,Rear End,2,Clear,Dry,Daylight
2021-10-30T09:30:00.000,I 285,I 285 and Crescent Centre Blvd,,Rear End,2,Cloudy,Dry,Daylight
2022-10-16T15:58:00.000,I 285,I 285 and Crescent Centre Blvd,,Angle Crash,2,Clear,Dry,Daylight
2022-09-09T22:35:00.000,I 285,I 285 and Crescent Centre Blvd,,Sideswipe-Same Direction,2,Cloudy,Dry,Dark-Not Lighted
2022-09-15T18:55:00.000,I 285,I 285 and Crescent Centre Blvd,,Angle Crash,2,Clear,Dry,Daylight
2022-01-13T15:29:00.000,I 285,I 285 and Crescent Centre Blvd,,Rear End,2,Clear,Dry,Daylight
2022-07-23T18:13:00.000,I 285,I 285 and Crescent Centre Blvd,,Sideswipe-Same Direction,2,Clear,Dry,Daylight
2024-11-07T20:35:00.000,I 285,I 285 and Crescent Centre Blvd,,Sideswipe-Same Direction,2,Clear,Dry,Dark-Not Lighted
2023-01-06T18:10:00.000,I 285,I 285 and Crescent Centre Blvd,,Rear End,3,Clear,Dry,Dark-Not Lighted
2024-02-01T15:30:00.000,I 285,I 285 and Crescent Centre Blvd,,Rear End,2,Clear,Dry,Daylight
2024-03-07T16:55:00.000,I 285,I 285 and Crescent Centre Blvd,,Rear End,2,Clear,Dry,Daylight
2024-01-19T16:55:00.000,I 285,I 285 and Crescent Centre Blvd,,Rear End,2,Clear,Dry,Daylight
2024-06-17T13:15:00.000,I 285,I 285 and Crescent Centre Blvd,,Rear End,3,Clear,Dry,Daylight
2024-07-02T09:28:00.000,I 285,I 285 and Crescent Centre Blvd,,Rear End,2,Clear,Dry,Daylight
2024-04-19T06:40:00.000,I 285,I 285 and Crescent Centre Blvd,,Sideswipe-Same Direction,2,Rain,Wet,Dawn
2022-05-31T14:19:00.000,I 285,I 285 and Crescent Center Pkwy,,Rear End,3,Clear,Dry,Daylight
2020-06-06T16:27:00.000,I 285,I 285 and Crescent Center Pkwy,,Sideswipe-Same Direction,2,Clear,Dry,Daylight
2021-12-23T04:33:00.000,I 285,I 285 and Crescent Center Pkwy,,Sideswipe-Same Direction,2,Clear,Dry,Dark-Not Lighted
2022-05-11T20:11:00.000,I 285,I 285 and Crescent Center Pkwy,,Rear End,2,Clear,Dry,Daylight
2022-10-10T16:23:00.000,I 285,I 285 and Crescent Center Pkwy,,Rear End,2,Clear,Dry,Daylight
2022-04-13T13:03:00.000,I 285,I 285 and Crescent Center Pkwy,,Angle Crash,3,Clear,Dry,Daylight
2024-10-09T13:20:00.000,I 285,I 285 and Crescent Center Pkwy,,Angle Crash,2,Clear,Dry,Daylight
2022-06-30T17:30:00.000,I 285,I 285 and Creekdale Dr,,Rear End,2,Clear,Dry,Daylight
2022-05-12T14:05:00.000,I 285,I 285 and Creekdale Dr,,Rear End,2,Clear,Dry,Daylight
2022-08-09T07:45:00.000,I 285,I 285 and Creekdale Dr,,Rear End,2,Clear,Dry,Daylight
2023-08-25T17:27:00.000,I 285,I 285 and Creekdale Dr,,Sideswipe-Same Direction,2,Clear,Dry,Daylight
2024-07-16T12:40:00.000,I 285,I 285 and Creekdale Dr,,Rear End,2,Clear,Dry,Daylight
2024-12-10T18:00:00.000,I 285,I 285 and Creekdale Dr,,Sideswipe-Same Direction,2,Other,Wet,Dark-Not Lighted
2024-02-07T18:00:00.000,I 285,I 285 and Creekdale Dr,,Angle Crash,2,Clear,Dry,Daylight
2024-11-21T18:57:00.000,I 285,I 285 and Creekdale Dr,,Rear End,2,Clear,Dry,Dark-Lighted