Date and Time,Roadway (From Crash Report),Intersection Name (from Crash Report),KABCO Severity,Manner of Collision (Crash Level) ,# of Vehicles per crash ,Weather Conditions (Crash Level),Surface Condition (Crash Level) ,Light Conditions (Crash Level)
2023-04-08T18:00:00.000,I 285,I 285 and Creekdale Ct,,Angle Crash,2,Rain,Water (standing or moving),Daylight
2022-01-31T12:47:00.000,I 285,I 285 and Creekdale Ct,,Rear End,3,Clear,Dry,Daylight
2023-04-08T18:00:00.000,I 285,I 285 and Creekdale Ct,,Rear End,2,Rain,Wet,Daylight
2024-03-26T16:00:00.000,I 285,I 285 and Creekdale Ct,,Rear End,2,Rain,Wet,Daylight
2024-08-05T15:00:00.000,I 285,I 285 and Creek Camp Pkwy,,Sideswipe-Same Direction,2,Cloudy,Dry,Daylight
2020-10-20T18:29:00.000,I 285,I 285 and Covinton Hwy,,Rear End,2,Clear,Dry,Daylight
2022-05-14T22:31:00.000,I 285,I 285 and Covintgton Hwyt,,Angle Crash,4,Clear,Dry,Dark-Lighted
2023-09-27T10:20:00.000,I 285,I 285 and Covington Hwy.,,Head On,2,Clear,Dry,Daylight
2022-05-23T22:19:00.000,I 285,I 285 and Covington Hwy.,,Not a Collision with Motor Vehicle,1,Clear,Dry,Dark-Not Lighted
2022-11-16T12:05:00.000,I 285,I 285 and Covington Hwy.,,Head On,2,Clear,Dry,Daylight
2023-10-11T08:10:00.000,I 285,I 285 and Covington Hwy.,,Head On,2,Clear,Dry,Daylight
2024-03-26T07:46:00.000,I 285,I 285 and Covington Hwy.,,Head On,2,Clear,Dry,Daylight
2020-09-03T18:00:00.000,I 285,I 285 and Covington Hwy Sr12,,Not a Collision with Motor Vehicle,1,Clear,Dry,Daylight
2023-06-27T10:20:00.000,I 285,I 285 and Covington Hwy Exit.,,Head On,3,Clear,Dry,Daylight
2024-08-12T08:30:00.000,I 285,I 285 and Covington Hwy Exit.,,Rear End,2,Clear,Dry,Daylight
2024-11-07T07:30:00.000,I 285,I 285 and Covington Hwy Exit.,,Rear End,2,Rain,Wet,Daylight
2024-10-02T07:50:00.000,I 285,I 285 and Covington Hwy Exit Rp,,Sideswipe-Same Direction,2,Clear,Dry,Daylight
2024-10-02T11:00:00.000,I 285,I 285 and Covington Hwy Exit Rp,,Rear End,2,Clear,Dry,Daylight
2020-11-11T22:45:00.000,I 285,I 285 and Covington Hwy Exit Hwy,,Rear End,2,Clear,Dry,Dark-Lighted
2023-04-12T07:20:00.000,I 285,I 285 and Covington Hwy Exit,,Head On,2,Clear,Dry,Daylight
2024-08-29T08:15:00.000,I 285,I 285 and Covington Hwy Exit,,Sideswipe-Same Direction,2,Clear,Dry,Daylight
2024-01-10T13:48:00.000,I 285,I 285 and Covington Hwy Exit,,Sideswipe-Same Direction,2,Clear,Dry,Daylight
2024-12-17T11:00:00.000,I 285,I 285 and Covington Hwy Exit,,Rear End,2,Clear,Dry,Daylight
2024-08-05T07:00:00.000,I 285,I 285 and Covington Hwy Exit,,Rear End,2,Clear,Dry,Daylight
2024-07-17T16:00:00.000,I 285,I 285 and Covington Hwy Entru Rp,,Angle Crash,2,Clear,Dry,Daylight
2021-08-22T17:10:00.000,I 285,I 285 and Covington Hwy,,Rear End,2,Clear,Dry,Daylight
2021-07-14T13:10:00.000,I 285,I 285 and Covington Hwy,,Rear End,3,Clear,Dry,Daylight
2021-11-29T18:00:00.000,I 285,I 285 and Covington Hwy,,Angle Crash,2,Clear,Dry,Dark-Not Lighted
2021-06-04T18:45:00.000,I 285,I 285 and Covington Hwy,,Rear End,3,Clear,Dry,Daylight
2021-02-08T15:40:00.000,I 285,I 285 and Covington Hwy,,Sideswipe-Same Direction,2,Clear,Dry,Daylight
2021-06-17T17:10:00.000,I 285,I 285 and Covington Hwy,,Rear End,2,Clear,Dry,Daylight
2021-10-22T20:52:00.000,I 285,I 285 and Covington Hwy,,Rear End,2,Clear,Dry,Dusk
2021-10-05T09:32:00.000,I 285,I 285 and Covington Hwy,,Rear End,2,Rain,Wet,Daylight
2021-08-06T12:25:00.000,I 285,I 285 and Covington Hwy,,Sideswipe-Same Direction,2,Clear,Dry,Daylight
2021-08-08T01:12:00.000,I 285,I 285 and Covington Hwy,,Angle Crash,3,Clear,Dry,Dark-Not Lighted
2021-11-13T14:54:00.000,I 285,I 285 and Covington Hwy,,Rear End,2,Clear,Dry,Daylight
2021-11-05T15:30:00.000,I 285,I 285 and Covington Hwy,,Not a Collision with Motor Vehicle,1,Clear,Dry,Daylight
2021-02-04T18:45:00.000,I 285,I 285 and Covington Hwy,,Rear End,2,Clear,Dry,Daylight
2020-12-23T21:30:00.000,I 285,I 285 and Covington Hwy,,Sideswipe-Same Direction,2,Clear,Dry,Dark-Lighted
2020-08-31T11:27:00.000,I 285,I 285 and Covington Hwy,,Not a Collision with Motor Vehicle,2,Clear,Dry,Daylight
2020-06-17T15:00:00.000,I 285,I 285 and Covington Hwy,,Rear End,2,Cloudy,Dry,Daylight
2023-02-09T10:18:00.000,I 285,I 285 and Covington Hwy,,Sideswipe-Same Direction,2,Cloudy,Dry,Daylight
2023-03-16T03:25:00.000,I 285,I 285 and Covington Hwy,,Sideswipe-Same Direction,2,Clear,Dry,Dark-Lighted
2023-05-28T14:54:00.000,I 285,I 285 and Covington Hwy,,Angle Crash,2,Clear,Dry,Daylight
2023-08-11T20:03:00.000,I 285,I 285 and Covington Hwy,,Not a Collision with Motor Vehicle,1,Clear,Dry,Dark-Not Lighted
2023-07-02T06:35:00.000,I 285,I 285 and Covington Hwy,,Rear End,2,Cloudy,Dry,Daylight
2023-06-17T06:15:00.000,I 285,I 285 and Covington Hwy,,Rear End,2,Clear,Dry,Daylight
2023-06-04T20:48:00.000,I 285,I 285 and Covington Hwy,,Sideswipe-Same Direction,2,Cloudy,Dry,Dark-Lighted
2023-01-07T14:00:00.000,I 285,I 285 and Covington Hwy,,Rear End,2,Clear,Dry,Daylight
2023-10-26T15:30:00.000,I 285,I 285 and Covington Hwy,,Angle Crash,3,Clear,Dry,Daylight
2023-01-21T11:13:00.000,I 285,I 285 and Covington Hwy,,Rear End,2,Cloudy,Dry,Daylight
2023-10-26T14:40:00.000,I 285,I 285 and Covington Hwy,,Rear End,2,Clear,Dry,Daylight
2023-04-05T07:12:00.000,I 285,I 285 and Covington Hwy,,Sideswipe-Same Direction,2,Clear,Dry,Daylight
2023-01-28T05:30:00.000,I 285,I 285 and Covington Hwy,,Sideswipe-Same Direction,2,Clear,Dry,Dark-Lighted
2023-12-03T06:57:00.000,I 285,I 285 and Covington Hwy,,Sideswipe-Same Direction,2,Rain,Wet,Dark-Not Lighted
2023-06-29T13:03:00.000,I 285,I 285 and Covington Hwy,,Head On,2,Clear,Dry,Daylight
2023-05-12T13:20:00.000,I 285,I 285 and Covington Hwy,,Sideswipe-Same Direction,2,Cloudy,Wet,Daylight
2023-06-07T16:21:00.000,I 285,I 285 and Covington Hwy,,Sideswipe-Same Direction,2,Clear,Dry,Daylight
2023-06-29T07:50:00.000,I 285,I 285 and Covington Hwy,,Rear End,3,Clear,Dry,Daylight
2023-06-14T20:24:00.000,I 285,I 285 and Covington Hwy,,Rear End,2,Clear,Dry,Dark-Lighted
2023-02-17T05:25:00.000,I 285,I 285 and Covington Hwy,,Not a Collision with Motor Vehicle,1,Rain,Water (standing or moving),Dark-Not Lighted
2023-04-10T15:54:00.000,I 285,I 285 and Covington Hwy,,Rear End,2,Clear,Dry,Daylight
2023-07-12T21:35:00.000,I 285,I 285 and Covington Hwy,,Not a Collision with Motor Vehicle,1,Clear,Dry,Dark-Lighted
2023-09-18T12:40:00.000,I 285,I 285 and Covington Hwy,,Angle Crash,2,Clear,Dry,Daylight
2023-10-14T20:24:00.000,I 285,I 285 and Covington Hwy,,Rear End,2,Clear,Dry,Dark-Not Lighted
2023-08-07T09:01:00.000,I 285,I 285 and Covington Hwy,,Rear End,2,Clear,Dry,Daylight
2023-06-10T17:54:00.000,I 285,I 285 and Covington Hwy,,Rear End,2,Clear,Dry,Dark-Lighted
2023-05-13T11:20:00.000,I 285,I 285 and Covington Hwy,,Angle Crash,2,Clear,Dry,Daylight
2023-03-21T03:46:00.000,I 285,I 285 and Covington Hwy,,Rear End,2,Clear,Dry,Dark-Not Lighted
2023-08-11T06:37:00.000,I 285,I 285 and Covington Hwy,,Angle Crash,2,Rain,Wet,Dark-Lighted
2023-04-04T16:50:00.000,I 285,I 285 and Covington Hwy,,Sideswipe-Same Direction,2,Clear,Dry,Daylight
2023-12-04T07:05:00.000,I 285,I 285 and Covington Hwy,,Head On,2,Clear,Dry,Daylight
2023-07-27T19:20:00.000,I 285,I 285 and Covington Hwy,,Angle Crash,2,Clear,Dry,Daylight
2023-07-02T15:00:00.000,I 285,I 285 and Covington Hwy,,Sideswipe-Same Direction,2,Clear,Dry,Daylight
2023-04-17T21:00:00.000,I 285,I 285 and Covington Hwy,,Sideswipe-Same Direction,2,Clear,Dry,Daylight
2023-04-12T13:25:00.000,I 285,I 285 and Covington Hwy,,Sideswipe-Same Direction,2,Clear,Dry,Daylight
2023-06-16T20:00:00.000,I 285,I 285 and Covington Hwy,,Rear End,3,Clear,Dry,Daylight
2023-06-06T16:00:00.000,I 285,I 285 and Covington Hwy,,Sideswipe-Same Direction,2,Clear,Dry,Daylight
2023-08-10T10:27:00.000,I 285,I 285 and Covington Hwy,,Rear End,3,Clear,Dry,Daylight
2023-07-11T19:07:00.000,I 285,I 285 and Covington Hwy,,Rear End,4,Clear,Dry,Daylight
2023-02-26T02:00:00.000,I 285,I 285 and Covington Hwy,,Sideswipe-Same Direction,2,Clear,Dry,Dark-Lighted
2023-05-24T21:30:00.000,I 285,I 285 and Covington Hwy,,Rear End,2,Clear,Dry,Dark-Lighted
2023-06-19T20:00:00.000,I 285,I 285 and Covington Hwy,,Sideswipe-Same Direction,2,Clear,Dry,Dark-Not Lighted
2023-02-09T03:05:00.000,I 285,I 285 and Covington Hwy,,Sideswipe-Same Direction,2,Clear,Dry,Dark-Not Lighted
2023-01-15T10:00:00.000,I 285,I 285 and Covington Hwy,,Not a Collision with Motor Vehicle,1,Clear,Dry,Daylight
2023-12-16T11:14:00.000,I 285,I 285 and Covington Hwy,,Sideswipe-Same Direction,2,Cloudy,Dry,Daylight
2023-03-07T12:50:00.000,I 285,I 285 and Covington Hwy,,Sideswipe-Same Direction,2,Clear,Dry,Daylight
2023-02-26T12:00:00.000,I 285,I 285 and Covington Hwy,,Rear End,2,Clear,Dry,Daylight
2023-05-06T05:30:00.000,I 285,I 285 and Covington Hwy,,Rear End,2,Clear,Dry,Dark-Lighted
2023-03-07T22:30:00.000,I 285,I 285 and Covington Hwy,,Rear End,2,Clear,Dry,Dark-Lighted
2023-07-02T04:36:00.000,I 285,I 285 and Covington Hwy,,Rear End,2,Clear,Dry,Dark-Not Lighted
2023-04-16T12:32:00.000,I 285,I 285 and Covington Hwy,,Sideswipe-Same Direction,3,Clear,Dry,Daylight
2023-02-27T04:55:00.000,I 285,I 285 and Covington Hwy,,Sideswipe-Same Direction,2,Clear,Dry,Dark-Lighted
2023-05-08T20:00:00.000,I 285,I 285 and Covington Hwy,,Sideswipe-Same Direction,2,Clear,Dry,Daylight
2023-06-10T19:00:00.000,I 285,I 285 and Covington Hwy,,Rear End,2,Clear,Dry,Daylight
2023-01-15T10:05:00.000,I 285,I 285 and Covington Hwy,,Not a Collision with Motor Vehicle,1,Clear,Dry,Daylight
2022-05-13T11:00:00.000,I 285,I 285 and Covington Hwy,,Not a Collision with Motor Vehicle,1,Clear,Dry,Daylight
2022-10-14T22:27:00.000,I 285,I 285 and Covington Hwy,,Rear End,2,Clear,Dry,Dark-Not Lighted
2023-05-31T14:10:00.000,I 285,I 285 and Covington Hwy,,Sideswipe-Same Direction,2,Clear,Dry,Daylight
2020-10-01T19:51:00.000,I 285,I 285 and Covington Hwy,,Sideswipe-Same Direction,2,Clear,Dry,Dark-Not Lighted
2023-07-07T18:20:00.000,I 285,I 285 and Covington Hwy,,Rear End,2,Cloudy,Dry,Daylight
2020-06-12T21:31:00.000,I 285,I 285 and Covington Hwy,,Sideswipe-Same Direction,2,Clear,Dry,Dark-Not Lighted
2020-10-18T15:15:00.000,I 285,I 285 and Covington Hwy,,Rear End,2,Clear,Dry,Daylight
2020-11-27T02:20:00.000,I 285,I 285 and Covington Hwy,,Rear End,2,Clear,Dry,Dark-Not Lighted
2020-12-11T07:07:00.000,I 285,I 285 and Covington Hwy,,Not a Collision with Motor Vehicle,1,Clear,Dry,Dawn
2020-01-03T21:13:00.000,I 285,I 285 and Covington Hwy,,Angle Crash,4,Clear,Wet,Dark-Not Lighted
2020-01-07T10:30:00.000,I 285,I 285 and Covington Hwy,,Not a Collision with Motor Vehicle,1,Clear,Dry,Daylight
2020-12-14T00:45:00.000,I 285,I 285 and Covington Hwy,,Rear End,2,Cloudy,Wet,Dark-Lighted
2020-08-25T11:00:00.000,I 285,I 285 and Covington Hwy,,Not a Collision with Motor Vehicle,1,Rain,Wet,Daylight
2020-10-04T17:00:00.000,I 285,I 285 and Covington Hwy,,Not a Collision with Motor Vehicle,2,Clear,Dry,Daylight
2020-08-15T01:35:00.000,I 285,I 285 and Covington Hwy,,Rear End,2,Clear,Dry,Dark-Lighted
2020-12-20T14:30:00.000,I 285,I 285 and Covington Hwy,,Rear End,2,Clear,Dry,Daylight
2020-10-22T12:05:00.000,I 285,I 285 and Covington Hwy,,Rear End,2,Clear,Dry,Daylight
2020-01-15T06:30:00.000,I 285,I 285 and Covington Hwy,,Rear End,2,Clear,Dry,Dark-Lighted
2020-12-04T00:00:00.000,I 285,I 285 and Covington Hwy,,Sideswipe-Same Direction,2,Clear,Dry,Dark-Not Lighted
2020-09-17T04:27:00.000,I 285,I 285 and Covington Hwy,,Not a Collision with Motor Vehicle,1,Rain,Wet,Dark-Not Lighted
2020-08-24T04:51:00.000,I 285,I 285 and Covington Hwy,,Rear End,2,Cloudy,Dry,Dark-Lighted
2020-08-05T12:00:00.000,I 285,I 285 and Covington Hwy,,Not a Collision with Motor Vehicle,2,Clear,Dry,Daylight
2020-11-11T15:30:00.000,I 285,I 285 and Covington Hwy,,Sideswipe-Same Direction,2,Clear,Dry,Daylight
2020-04-19T11:34:00.000,I 285,I 285 and Covington Hwy,,Sideswipe-Same Direction,2,Rain,Wet,Daylight
2020-08-24T04:50:00.000,I 285,I 285 and Covington Hwy,,Not a Collision with Motor Vehicle,1,Cloudy,Dry,Dark-Lighted
2020-07-29T17:15:00.000,I 285,I 285 and Covington Hwy,,Angle Crash,2,Clear,Dry,Daylight
2020-12-08T00:00:00.000,I 285,I 285 and Covington Hwy,,Rear End,2,Clear,Dry,Dark-Not Lighted
2020-10-01T10:49:00.000,I 285,I 285 and Covington Hwy,,Sideswipe-Same Direction,2,Clear,Dry,Daylight
2020-08-30T21:25:00.000,I 285,I 285 and Covington Hwy,,Not a Collision with Motor Vehicle,1,Rain,Wet,Dark-Lighted
2020-02-17T14:01:00.000,I 285,I 285 and Covington Hwy,,Rear End,2,Clear,Dry,Daylight
2020-10-09T08:00:00.000,I 285,I 285 and Covington Hwy,,Rear End,3,Clear,Dry,Dawn
2021-03-06T23:26:00.000,I 285,I 285 and Covington Hwy,,Rear End,2,Clear,Dry,Dark-Not Lighted
2021-04-21T00:02:00.000,I 285,I 285 and Covington Hwy,,Angle Crash,3,Clear,Dry,Daylight
2021-03-17T14:45:00.000,I 285,I 285 and Covington Hwy,,Rear End,4,Cloudy,Wet,Daylight
2021-04-11T03:50:00.000,I 285,I 285 and Covington Hwy,,Angle Crash,3,Clear,Dry,Dark-Lighted
2021-03-23T00:10:00.000,I 285,I 285 and Covington Hwy,,Rear End,2,Clear,Dry,Dark-Lighted
2021-01-10T17:15:00.000,I 285,I 285 and Covington Hwy,,Sideswipe-Same Direction,2,Clear,Dry,Daylight
2021-01-01T12:12:00.000,I 285,I 285 and Covington Hwy,,Not a Collision with Motor Vehicle,1,Rain,Wet,Daylight
2021-02-11T11:47:00.000,I 285,I 285 and Covington Hwy,,Rear End,2,Cloudy,Wet,Daylight
2021-05-01T15:50:00.000,I 285,I 285 and Covington Hwy,,Not a Collision with Motor Vehicle,1,Clear,Dry,Daylight
2021-05-03T11:00:00.000,I 285,I 285 and Covington Hwy,,Rear End,3,Rain,Water (standing or moving),Daylight
2021-06-28T21:14:00.000,I 285,I 285 and Covington Hwy,,Sideswipe-Same Direction,2,Clear,Dry,Daylight
2021-03-07T00:00:00.000,I 285,I 285 and Covington Hwy,,Not a Collision with Motor Vehicle,1,Clear,Dry,Dark-Not Lighted
2021-06-30T13:15:00.000,I 285,I 285 and Covington Hwy,,Not a Collision with Motor Vehicle,2,Clear,Dry,Daylight
2021-12-14T13:55:00.000,I 285,I 285 and Covington Hwy,,Rear End,2,Clear,Dry,Daylight
2021-11-29T04:23:00.000,I 285,I 285 and Covington Hwy,,Rear End,2,Clear,Dry,Dark-Lighted
2021-08-29T05:35:00.000,I 285,I 285 and Covington Hwy,,Angle Crash,2,Clear,Dry,Dark-Not Lighted
2021-10-01T21:25:00.000,I 285,I 285 and Covington Hwy,,Sideswipe-Same Direction,2,Clear,Dry,Dark-Not Lighted
2021-11-18T20:10:00.000,I 285,I 285 and Covington Hwy,,Sideswipe-Same Direction,2,Clear,Dry,Dark-Not Lighted
2021-07-14T07:43:00.000,I 285,I 285 and Covington Hwy,,Sideswipe-Same Direction,2,Clear,Dry,Daylight
2021-10-16T12:10:00.000,I 285,I 285 and Covington Hwy,,Sideswipe-Same Direction,2,Clear,Dry,Daylight
2021-09-30T07:48:00.000,I 285,I 285 and Covington Hwy,,Sideswipe-Same Direction,2,Clear,Dry,Daylight
2021-11-23T15:00:00.000,I 285,I 285 and Covington Hwy,,Sideswipe-Same Direction,2,Clear,Dry,Daylight
2021-10-21T08:39:00.000,I 285,I 285 and Covington Hwy,,Sideswipe-Same Direction,2,Clear,Dry,Daylight
2021-11-18T01:12:00.000,I 285,I 285 and Covington Hwy,,Not a Collision with Motor Vehicle,1,Clear,Dry,Dark-Lighted
2022-03-09T05:49:00.000,I 285,I 285 and Covington Hwy,,Not a Collision with Motor Vehicle,1,Rain,Wet,Dark-Not Lighted
2022-07-25T12:45:00.000,I 285,I 285 and Covington Hwy,,Not a Collision with Motor Vehicle,2,Clear,Dry,Daylight
2022-05-01T21:40:00.000,I 285,I 285 and Covington Hwy,,Rear End,2,Clear,Dry,Dark-Lighted
2022-03-09T06:36:00.000,I 285,I 285 and Covington Hwy,,Sideswipe-Same Direction,2,Rain,Wet,Dark-Lighted
2022-01-16T01:25:00.000,I 285,I 285 and Covington Hwy,,Sideswipe-Same Direction,2,Rain,Wet,Daylight
2022-05-23T09:50:00.000,I 285,I 285 and Covington Hwy,,Rear End,2,Rain,Wet,Daylight
2022-12-15T11:00:00.000,I 285,I 285 and Covington Hwy,,Sideswipe-Same Direction,2,Clear,Dry,Daylight
2021-12-14T13:50:00.000,I 285,I 285 and Covington Hwy,,Rear End,2,Clear,Dry,Daylight
2021-10-31T07:06:00.000,I 285,I 285 and Covington Hwy,,Sideswipe-Same Direction,2,Clear,Dry,Dark-Not Lighted
2021-10-26T19:40:00.000,I 285,I 285 and Covington Hwy,,Angle Crash,2,Clear,Dry,Dark-Lighted
2021-09-29T13:01:00.000,I 285,I 285 and Covington Hwy,,Rear End,2,Clear,Dry,Daylight
2021-09-01T14:50:00.000,I 285,I 285 and Covington Hwy,,Rear End,3,Clear,Dry,Daylight
2021-08-13T10:22:00.000,I 285,I 285 and Covington Hwy,,Rear End,2,Clear,Dry,Daylight
2022-09-15T16:00:00.000,I 285,I 285 and Covington Hwy,,Rear End,3,Cloudy,Dry,Daylight
2022-03-21T08:30:00.000,I 285,I 285 and Covington Hwy,,Sideswipe-Same Direction,2,Clear,Dry,Daylight
2022-11-02T14:48:00.000,I 285,I 285 and Covington Hwy,,Rear End,2,Clear,Dry,Daylight
2022-09-27T10:18:00.000,I 285,I 285 and Covington Hwy,,Rear End,2,Clear,Dry,Daylight
2022-11-16T20:15:00.000,I 285,I 285 and Covington Hwy,,Angle Crash,2,Clear,Dry,Dark-Lighted
2022-05-18T22:46:00.000,I 285,I 285 and Covington Hwy,,Angle Crash,2,Clear,Dry,Dark-Not Lighted
2022-03-08T06:40:00.000,I 285,I 285 and Covington Hwy,,Rear End,3,Clear,Dry,Daylight
2022-06-20T07:30:00.000,I 285,I 285 and Covington Hwy,,Rear End,2,Clear,Dry,Daylight
2022-09-29T12:00:00.000,I 285,I 285 and Covington Hwy,,Not a Collision with Motor Vehicle,1,Clear,Dry,Daylight
2022-05-05T22:31:00.000,I 285,I 285 and Covington Hwy,,Rear End,2,Clear,Dry,Dark-Lighted
2022-10-12T19:04:00.000,I 285,I 285 and Covington Hwy,,Sideswipe-Same Direction,2,Cloudy,Dry,Daylight
2022-09-28T17:24:00.000,I 285,I 285 and Covington Hwy,,Sideswipe-Same Direction,2,Cloudy,Dry,Daylight
2022-09-18T02:55:00.000,I 285,I 285 and Covington Hwy,,Sideswipe-Same Direction,2,Clear,Dry,Daylight
2022-01-31T10:00:00.000,I 285,I 285 and Covington Hwy,,Sideswipe-Same Direction,2,Clear,Dry,Daylight
2022-08-01T00:00:00.000,I 285,I 285 and Covington Hwy,,Not a Collision with Motor Vehicle,1,Clear,Dry,Daylight
2022-03-23T09:48:00.000,I 285,I 285 and Covington Hwy,,Sideswipe-Same Direction,2,Rain,Wet,Daylight
2022-02-23T01:05:00.000,I 285,I 285 and Covington Hwy,,Not a Collision with Motor Vehicle,1,Clear,Dry,Dark-Lighted
2022-05-05T23:42:00.000,I 285,I 285 and Covington Hwy,,Angle Crash,2,Clear,Dry,Dark-Lighted
2022-05-23T08:45:00.000,I 285,I 285 and Covington Hwy,,Sideswipe-Same Direction,2,Rain,Wet,Daylight
2022-06-02T23:45:00.000,I 285,I 285 and Covington Hwy,,Sideswipe-Same Direction,2,Clear,Dry,Dark-Not Lighted
2022-11-14T18:30:00.000,I 285,I 285 and Covington Hwy,,Sideswipe-Same Direction,2,Clear,Dry,Dark-Lighted
2022-07-27T17:10:00.000,I 285,I 285 and Covington Hwy,,Angle Crash,2,Clear,Dry,Daylight
2022-12-15T17:34:00.000,I 285,I 285 and Covington Hwy,,Sideswipe-Same Direction,2,Clear,Dry,Daylight
2022-01-09T23:26:00.000,I 285,I 285 and Covington Hwy,,Not a Collision with Motor Vehicle,1,Clear,Wet,Dark-Lighted
2022-02-04T19:15:00.000,I 285,I 285 and Covington Hwy,,Sideswipe-Same Direction,2,Clear,Dry,Dark-Not Lighted
2022-03-05T04:44:00.000,I 285,I 285 and Covington Hwy,,Angle Crash,2,Clear,Dry,Dark-Not Lighted
2022-10-12T04:55:00.000,I 285,I 285 and Covington Hwy,,Sideswipe-Same Direction,3,Rain,Wet,Dark-Lighted
2022-11-03T08:00:00.000,I 285,I 285 and Covington Hwy,,Rear End,2,Clear,Dry,Daylight
2022-07-23T09:01:00.000,I 285,I 285 and Covington Hwy,,Sideswipe-Same Direction,2,Clear,Dry,Daylight
2022-07-08T11:41:00.000,I 285,I 285 and Covington Hwy,,Sideswipe-Same Direction,2,Clear,Dry,Daylight
2022-09-22T22:45:00.000,I 285,I 285 and Covington Hwy,,Sideswipe-Same Direction,2,Clear,Dry,Dark-Not Lighted
2022-11-26T04:15:00.000,I 285,I 285 and Covington Hwy,,Angle Crash,4,Clear,Dry,Dark-Lighted
2022-09-23T09:00:00.000,I 285,I 285 and Covington Hwy,,Sideswipe-Same Direction,2,Clear,Dry,Daylight
2022-04-04T00:00:00.000,I 285,I 285 and Covington Hwy,,Sideswipe-Same Direction,2,Clear,Dry,Daylight
2022-12-30T10:50:00.000,I 285,I 285 and Covington Hwy,,Sideswipe-Same Direction,2,Clear,Dry,Daylight
2022-05-23T16:04:00.000,I 285,I 285 and Covington Hwy,,Not a Collision with Motor Vehicle,1,Cloudy,Dry,Daylight
2022-10-28T21:00:00.000,I 285,I 285 and Covington Hwy,,Rear End,2,Clear,Dry,Dark-Not Lighted
2021-10-20T18:00:00.000,I 285,I 285 and Covington Hwy,,Not a Collision with Motor Vehicle,2,Clear,Dry,Daylight
2022-05-18T15:04:00.000,I 285,I 285 and Covington Hwy,,Angle Crash,2,Clear,Dry,Daylight
2022-09-27T00:00:00.000,I 285,I 285 and Covington Hwy,,Rear End,2,Clear,Dry,Dark-Lighted
2022-07-04T01:56:00.000,I 285,I 285 and Covington Hwy,,Not a Collision with Motor Vehicle,1,Clear,Dry,Dark-Lighted
2022-02-08T05:45:00.000,I 285,I 285 and Covington Hwy,,Sideswipe-Same Direction,3,Cloudy,Dry,Dark-Not Lighted
2022-11-19T03:01:00.000,I 285,I 285 and Covington Hwy,,Not a Collision with Motor Vehicle,1,Clear,Dry,Dark-Lighted
2022-06-17T01:50:00.000,I 285,I 285 and Covington Hwy,,Not a Collision with Motor Vehicle,1,Clear,Dry,Dark-Lighted
2022-02-03T23:40:00.000,I 285,I 285 and Covington Hwy,,Sideswipe-Same Direction,2,Rain,Water (standing or moving),Dark-Lighted
2022-07-02T19:29:00.000,I 285,I 285 and Covington Hwy,,Rear End,2,Clear,Dry,Daylight
2022-06-05T17:56:00.000,I 285,I 285 and Covington Hwy,,Sideswipe-Same Direction,2,Clear,Dry,Daylight
2022-04-17T18:50:00.000,I 285,I 285 and Covington Hwy,,Sideswipe-Same Direction,2,Clear,Dry,Daylight
2022-12-28T20:00:00.000,I 285,I 285 and Covington Hwy,,Sideswipe-Same Direction,2,Clear,Dry,Dark-Lighted
2022-12-13T19:27:00.000,I 285,I 285 and Covington Hwy,,Rear End,2,Clear,Dry,Dark-Lighted
2022-02-16T15:25:00.000,I 285,I 285 and Covington Hwy,,Rear End,2,Cloudy,Dry,Daylight
2022-04-19T07:23:00.000,I 285,I 285 and Covington Hwy,,Sideswipe-Same Direction,2,Clear,Dry,Daylight
2022-08-13T14:30:00.000,I 285,I 285 and Covington Hwy,,Not a Collision with Motor Vehicle,2,Clear,Dry,Daylight
2022-06-18T13:25:00.000,I 285,I 285 and Covington Hwy,,Sideswipe-Same Direction,3,Clear,Dry,Daylight
2022-05-22T15:38:00.000,I 285,I 285 and Covington Hwy,,Rear End,3,Clear,Dry,Daylight
2022-10-01T05:00:00.000,I 285,I 285 and Covington Hwy,,Rear End,2,Clear,Dry,Dark-Lighted
2022-06-22T12:40:00.000,I 285,I 285 and Covington Hwy,,Not a Collision with Motor Vehicle,2,Clear,Dry,Daylight