Date and Time,Roadway (From Crash Report),Intersection Name (from Crash Report),KABCO Severity,Manner of Collision (Crash Level) ,# of Vehicles per crash ,Weather Conditions (Crash Level),Surface Condition (Crash Level) ,Light Conditions (Crash Level)
2022-09-03T11:30:00.000,I 285,I 285 and Covington Hwy,,Sideswipe-Same Direction,2,Clear,Dry,Daylight
2022-05-13T15:03:00.000,I 285,I 285 and Covington Hwy,,Not a Collision with Motor Vehicle,1,Clear,Dry,Daylight
2022-05-04T05:58:00.000,I 285,I 285 and Covington Hwy,,Sideswipe-Same Direction,2,Clear,Dry,Dark-Lighted
2022-01-02T11:06:00.000,I 285,I 285 and Covington Hwy,,Sideswipe-Same Direction,2,Rain,Wet,Daylight
2022-07-23T12:50:00.000,I 285,I 285 and Covington Hwy,,Sideswipe-Same Direction,2,Clear,Dry,Daylight
2022-04-09T20:00:00.000,I 285,I 285 and Covington Hwy,,Not a Collision with Motor Vehicle,2,Clear,Dry,Dusk
2022-04-12T21:47:00.000,I 285,I 285 and Covington Hwy,,Rear End,2,Clear,Dry,Dark-Not Lighted
2022-01-26T22:40:00.000,I 285,I 285 and Covington Hwy,,Not a Collision with Motor Vehicle,1,Clear,Dry,Dark-Lighted
2022-03-14T22:15:00.000,I 285,I 285 and Covington Hwy,,Angle Crash,2,Clear,Dry,Daylight
2022-02-08T18:00:00.000,I 285,I 285 and Covington Hwy,,Angle Crash,2,Clear,Dry,Dusk
2022-04-26T08:50:00.000,I 285,I 285 and Covington Hwy,,Rear End,2,Clear,Dry,Daylight
2022-10-09T15:00:00.000,I 285,I 285 and Covington Hwy,,Rear End,2,Clear,Dry,Daylight
2022-02-26T22:30:00.000,I 285,I 285 and Covington Hwy,,Rear End,2,Clear,Dry,Dark-Lighted
2022-09-03T00:00:00.000,I 285,I 285 and Covington Hwy,,Not a Collision with Motor Vehicle,1,Clear,Dry,Dark-Not Lighted
2022-04-29T13:10:00.000,I 285,I 285 and Covington Hwy,,Sideswipe-Same Direction,2,Clear,Dry,Daylight
2022-08-19T01:10:00.000,I 285,I 285 and Covington Hwy,,Sideswipe-Same Direction,2,Clear,Dry,Dark-Not Lighted
2022-04-11T00:29:00.000,I 285,I 285 and Covington Hwy,,Not a Collision with Motor Vehicle,1,Cloudy,Dry,Dark-Not Lighted
2022-02-28T08:25:00.000,I 285,I 285 and Covington Hwy,,Rear End,2,Clear,Dry,Daylight
2022-07-11T15:50:00.000,I 285,I 285 and Covington Hwy,,Rear End,2,Cloudy,Dry,Daylight
2022-06-25T12:25:00.000,I 285,I 285 and Covington Hwy,,Rear End,2,Clear,Dry,Daylight
2022-03-29T13:22:00.000,I 285,I 285 and Covington Hwy,,Sideswipe-Same Direction,2,Clear,Dry,Daylight
2022-03-07T11:00:00.000,I 285,I 285 and Covington Hwy,,Sideswipe-Same Direction,2,Cloudy,Dry,Daylight
2022-05-12T18:30:00.000,I 285,I 285 and Covington Hwy,,Sideswipe-Same Direction,2,Clear,Dry,Daylight
2022-03-22T15:38:00.000,I 285,I 285 and Covington Hwy,,Angle Crash,2,Clear,Dry,Daylight
2022-01-24T11:20:00.000,I 285,I 285 and Covington Hwy,,Rear End,2,Clear,Dry,Daylight
2022-12-02T13:40:00.000,I 285,I 285 and Covington Hwy,,Rear End,2,Clear,Dry,Daylight
2022-12-02T13:30:00.000,I 285,I 285 and Covington Hwy,,Rear End,4,Clear,Dry,Daylight
2022-07-23T00:28:00.000,I 285,I 285 and Covington Hwy,,Sideswipe-Same Direction,2,Clear,Dry,Dark-Not Lighted
2022-03-01T12:54:00.000,I 285,I 285 and Covington Hwy,,Rear End,2,Clear,Dry,Daylight
2022-02-17T02:04:00.000,I 285,I 285 and Covington Hwy,,Not a Collision with Motor Vehicle,1,Clear,Dry,Dark-Not Lighted
2022-02-28T08:00:00.000,I 285,I 285 and Covington Hwy,,Angle Crash,2,Clear,Dry,Daylight
2022-12-06T18:25:00.000,I 285,I 285 and Covington Hwy,,Sideswipe-Same Direction,2,Cloudy,Wet,Daylight
2022-06-13T22:15:00.000,I 285,I 285 and Covington Hwy,,Not a Collision with Motor Vehicle,1,Clear,Dry,Dark-Not Lighted
2022-02-24T00:00:00.000,I 285,I 285 and Covington Hwy,,Rear End,2,Clear,Dry,Dark-Lighted
2022-03-31T17:42:00.000,I 285,I 285 and Covington Hwy,,Rear End,2,Clear,Dry,Daylight
2022-08-24T10:28:00.000,I 285,I 285 and Covington Hwy,,Sideswipe-Same Direction,2,Cloudy,Dry,Daylight
2022-01-09T21:40:00.000,I 285,I 285 and Covington Hwy,,Sideswipe-Same Direction,2,Rain,Wet,Dark-Not Lighted
2022-07-21T10:50:00.000,I 285,I 285 and Covington Hwy,,Not a Collision with Motor Vehicle,1,Rain,Water (standing or moving),Daylight
2022-10-01T23:16:00.000,I 285,I 285 and Covington Hwy,,Angle Crash,2,Clear,Dry,Dark-Lighted
2022-10-18T12:33:00.000,I 285,I 285 and Covington Hwy,,Not a Collision with Motor Vehicle,2,Clear,Dry,Daylight
2022-03-20T22:33:00.000,I 285,I 285 and Covington Hwy,,Rear End,2,Clear,Dry,Dark-Lighted
2022-06-13T22:10:00.000,I 285,I 285 and Covington Hwy,,Sideswipe-Same Direction,2,Clear,Dry,Dark-Not Lighted
2022-10-16T13:40:00.000,I 285,I 285 and Covington Hwy,,Head On,2,Clear,Dry,Daylight
2022-09-27T06:21:00.000,I 285,I 285 and Covington Hwy,,Sideswipe-Same Direction,3,Clear,Dry,Daylight
2022-09-30T17:21:00.000,I 285,I 285 and Covington Hwy,,Rear End,2,Clear,Dry,Daylight
2022-05-04T05:00:00.000,I 285,I 285 and Covington Hwy,,Angle Crash,3,Rain,Wet,Dark-Not Lighted
2022-06-21T14:20:00.000,I 285,I 285 and Covington Hwy,,Sideswipe-Same Direction,2,Clear,Dry,Daylight
2022-01-07T17:15:00.000,I 285,I 285 and Covington Hwy,,Rear End,2,Clear,Dry,Daylight
2022-06-13T17:27:00.000,I 285,I 285 and Covington Hwy,,Sideswipe-Same Direction,2,Clear,Dry,Daylight
2022-10-28T15:42:00.000,I 285,I 285 and Covington Hwy,,Rear End,2,Clear,Dry,Daylight
2022-08-04T15:41:00.000,I 285,I 285 and Covington Hwy,,Rear End,2,Clear,Dry,Daylight
2022-06-08T20:12:00.000,I 285,I 285 and Covington Hwy,,Rear End,2,Clear,Dry,Daylight
2022-12-05T16:10:00.000,I 285,I 285 and Covington Hwy,,Sideswipe-Same Direction,2,Rain,Wet,Dark-Lighted
2023-05-22T17:00:00.000,I 285,I 285 and Covington Hwy,,Sideswipe-Same Direction,2,Clear,Wet,Daylight
2023-04-01T09:06:00.000,I 285,I 285 and Covington Hwy,,Rear End,2,Rain,Wet,Daylight
2023-12-04T07:05:00.000,I 285,I 285 and Covington Hwy,,Sideswipe-Same Direction,2,Clear,Dry,Daylight
2023-01-26T00:30:00.000,I 285,I 285 and Covington Hwy,,Sideswipe-Same Direction,2,Clear,Dry,Dark-Lighted
2023-10-07T11:40:00.000,I 285,I 285 and Covington Hwy,,Sideswipe-Same Direction,2,Clear,Dry,Daylight
2023-09-25T13:00:00.000,I 285,I 285 and Covington Hwy,,Sideswipe-Same Direction,2,Clear,Dry,Daylight
2024-11-11T19:29:00.000,I 285,I 285 and Covington Hwy,,Rear End,2,Clear,Dry,Dark-Not Lighted
2024-09-25T20:33:00.000,I 285,I 285 and Covington Hwy,,Rear End,2,Clear,Dry,Daylight
2024-03-16T14:10:00.000,I 285,I 285 and Covington Hwy,,Rear End,2,Clear,Dry,Daylight
2024-03-26T13:15:00.000,I 285,I 285 and Covington Hwy,,Sideswipe-Same Direction,3,Rain,Wet,Daylight
2024-12-04T16:05:00.000,I 285,I 285 and Covington Hwy,,Sideswipe-Same Direction,2,Clear,Dry,Daylight
2024-01-23T06:50:00.000,I 285,I 285 and Covington Hwy,,Rear End,2,Rain,Wet,Daylight
2024-02-05T07:47:00.000,I 285,I 285 and Covington Hwy,,Rear End,2,Rain,Wet,Daylight
2024-08-21T07:48:00.000,I 285,I 285 and Covington Hwy,,Rear End,2,Clear,Dry,Daylight
2024-12-05T03:45:00.000,I 285,I 285 and Covington Hwy,,Sideswipe-Same Direction,2,Rain,Wet,Dark-Lighted
2024-08-18T22:45:00.000,I 285,I 285 and Covington Hwy,,Rear End,2,Clear,Dry,Dark-Not Lighted
2024-03-20T18:07:00.000,I 285,I 285 and Covington Hwy,,Sideswipe-Same Direction,2,Cloudy,Dry,Daylight
2024-12-13T17:33:00.000,I 285,I 285 and Covington Hwy,,Rear End,2,Clear,Dry,Daylight
2024-08-25T21:40:00.000,I 285,I 285 and Covington Hwy,,Angle Crash,3,Clear,Dry,Dark-Not Lighted
2024-04-19T09:20:00.000,I 285,I 285 and Covington Hwy,,Sideswipe-Same Direction,2,Cloudy,Wet,Daylight
2024-06-27T16:00:00.000,I 285,I 285 and Covington Hwy,,Sideswipe-Same Direction,2,Clear,Dry,Daylight
2024-02-24T19:41:00.000,I 285,I 285 and Covington Hwy,,Sideswipe-Same Direction,2,Clear,Dry,Dark-Lighted
2024-11-22T11:15:00.000,I 285,I 285 and Covington Hwy,,Rear End,2,Clear,Dry,Daylight
2024-10-26T08:00:00.000,I 285,I 285 and Covington Hwy,,Rear End,2,Clear,Dry,Daylight
2024-10-10T11:00:00.000,I 285,I 285 and Covington Hwy,,Sideswipe-Same Direction,2,Clear,Dry,Daylight
2023-01-04T05:00:00.000,I 285,I 285 and Covington Hwy,,Not a Collision with Motor Vehicle,1,Rain,Wet,Dark-Not Lighted
2023-02-16T07:50:00.000,I 285,I 285 and Covington Hwy,,Rear End,2,Clear,Dry,Daylight
2023-09-14T18:30:00.000,I 285,I 285 and Covington Hwy,,Rear End,2,Cloudy,Dry,Daylight
2024-12-30T19:00:00.000,I 285,I 285 and Covington Hwy,,Sideswipe-Same Direction,2,Clear,Dry,Dark-Not Lighted
2024-11-19T09:58:00.000,I 285,I 285 and Covington Hwy,,Rear End,2,Rain,Wet,Daylight
2024-10-31T07:00:00.000,I 285,I 285 and Covington Hwy,,Sideswipe-Same Direction,2,Clear,Dry,Daylight
2024-08-18T22:02:00.000,I 285,I 285 and Covington Hwy,,Sideswipe-Same Direction,4,Clear,Wet,Dark-Lighted
2024-10-11T07:30:00.000,I 285,I 285 and Covington Hwy,,Sideswipe-Same Direction,4,Clear,Dry,Daylight
2023-08-02T18:00:00.000,I 285,I 285 and Covington Hwy,,Rear End,2,Clear,Dry,Daylight
2023-11-08T08:11:00.000,I 285,I 285 and Covington Hwy,,Rear End,2,Clear,Dry,Daylight
2023-02-18T04:00:00.000,I 285,I 285 and Covington Hwy,,Sideswipe-Same Direction,2,Clear,Dry,Dark-Not Lighted
2023-01-26T14:06:00.000,I 285,I 285 and Covington Hwy,,Rear End,2,Clear,Dry,Daylight
2023-05-31T14:00:00.000,I 285,I 285 and Covington Hwy,,Rear End,2,Clear,Dry,Daylight
2023-02-08T14:19:00.000,I 285,I 285 and Covington Hwy,,Sideswipe-Same Direction,2,Clear,Dry,Daylight
2023-01-17T08:48:00.000,I 285,I 285 and Covington Hwy,,Sideswipe-Same Direction,2,Rain,Wet,Daylight
2023-12-27T13:40:00.000,I 285,I 285 and Covington Hwy,,Rear End,2,Clear,Dry,Daylight
2023-03-31T03:15:00.000,I 285,I 285 and Covington Hwy,,Rear End,3,Clear,Dry,Dark-Lighted
2023-05-24T13:30:00.000,I 285,I 285 and Covington Hwy,,Not a Collision with Motor Vehicle,1,Clear,Dry,Daylight
2023-07-02T05:00:00.000,I 285,I 285 and Covington Hwy,,Head On,2,Clear,Dry,Dark-Lighted
2023-05-27T12:57:00.000,I 285,I 285 and Covington Hwy,,Sideswipe-Same Direction,2,Clear,Dry,Daylight
2023-06-05T09:30:00.000,I 285,I 285 and Covington Hwy,,Rear End,2,Clear,Dry,Daylight
2023-12-10T01:30:00.000,I 285,I 285 and Covington Hwy,,Not a Collision with Motor Vehicle,1,Rain,Wet,Dark-Not Lighted
2023-08-05T15:00:00.000,I 285,I 285 and Covington Hwy,,Sideswipe-Same Direction,4,Clear,Dry,Daylight
2023-10-12T20:00:00.000,I 285,I 285 and Covington Hwy,,Sideswipe-Same Direction,2,Clear,Dry,Daylight
2023-12-21T07:45:00.000,I 285,I 285 and Covington Hwy,,Sideswipe-Same Direction,2,Clear,Dry,Daylight
2023-08-28T10:35:00.000,I 285,I 285 and Covington Hwy,,Not a Collision with Motor Vehicle,2,Cloudy,Dry,Daylight
2023-01-07T15:37:00.000,I 285,I 285 and Covington Hwy,,Rear End,2,Clear,Dry,Daylight
2023-05-21T00:05:00.000,I 285,I 285 and Covington Hwy,,Rear End,2,Rain,Water (standing or moving),Dark-Lighted
2023-04-11T12:53:00.000,I 285,I 285 and Covington Hwy,,Sideswipe-Same Direction,2,Clear,Dry,Daylight
2023-12-25T11:15:00.000,I 285,I 285 and Covington Hwy,,Not a Collision with Motor Vehicle,1,Rain,Wet,Daylight
2023-02-01T07:10:00.000,I 285,I 285 and Covington Hwy,,Angle Crash,2,Clear,Dry,Dark-Not Lighted
2023-08-13T10:40:00.000,I 285,I 285 and Covington Hwy,,Not a Collision with Motor Vehicle,2,Clear,Dry,Daylight
2023-03-26T10:09:00.000,I 285,I 285 and Covington Hwy,,Rear End,2,Rain,Water (standing or moving),Daylight
2023-03-27T00:15:00.000,I 285,I 285 and Covington Hwy,,Rear End,3,Rain,Water (standing or moving),Dark-Lighted
2023-01-16T19:00:00.000,I 285,I 285 and Covington Hwy,,Rear End,2,Clear,Dry,Dark-Lighted
2023-03-22T18:00:00.000,I 285,I 285 and Covington Hwy,,Not a Collision with Motor Vehicle,1,Clear,Dry,Daylight
2023-05-27T13:54:00.000,I 285,I 285 and Covington Hwy,,Rear End,4,Clear,Dry,Daylight
2023-01-24T08:25:00.000,I 285,I 285 and Covington Hwy,,Rear End,3,Clear,Dry,Daylight
2023-08-28T05:00:00.000,I 285,I 285 and Covington Hwy,,Not a Collision with Motor Vehicle,1,Rain,Water (standing or moving),Dark-Not Lighted
2023-08-12T02:16:00.000,I 285,I 285 and Covington Hwy,,Rear End,2,Clear,Dry,Dark-Not Lighted
2023-07-18T23:14:00.000,I 285,I 285 and Covington Hwy,,Sideswipe-Same Direction,2,Clear,Dry,Dark-Not Lighted
2023-04-18T07:26:00.000,I 285,I 285 and Covington Hwy,,Sideswipe-Same Direction,3,Clear,Dry,Daylight
2023-08-05T16:00:00.000,I 285,I 285 and Covington Hwy,,Sideswipe-Same Direction,2,Clear,Dry,Daylight
2023-05-27T12:58:00.000,I 285,I 285 and Covington Hwy,,Head On,2,Clear,Dry,Daylight
2023-02-20T12:32:00.000,I 285,I 285 and Covington Hwy,,Angle Crash,2,Clear,Dry,Daylight
2023-06-25T21:07:00.000,I 285,I 285 and Covington Hwy,,Sideswipe-Same Direction,2,Clear,Wet,Dark-Not Lighted
2023-07-02T10:15:00.000,I 285,I 285 and Covington Hwy,,Rear End,3,Clear,Dry,Daylight
2023-01-22T00:00:00.000,I 285,I 285 and Covington Hwy,,Not a Collision with Motor Vehicle,1,Rain,Wet,Dark-Lighted
2023-05-04T07:40:00.000,I 285,I 285 and Covington Hwy,,Sideswipe-Same Direction,2,Cloudy,Dry,Daylight
2023-06-08T20:48:00.000,I 285,I 285 and Covington Hwy,,Sideswipe-Same Direction,2,Clear,Dry,Dark-Lighted
2023-02-22T16:06:00.000,I 285,I 285 and Covington Hwy,,Sideswipe-Same Direction,2,Clear,Dry,Daylight
2023-06-23T04:30:00.000,I 285,I 285 and Covington Hwy,,Sideswipe-Same Direction,2,Clear,Dry,Dark-Lighted
2023-07-16T22:45:00.000,I 285,I 285 and Covington Hwy,,Sideswipe-Same Direction,2,Clear,Dry,Dark-Lighted
2023-07-02T22:00:00.000,I 285,I 285 and Covington Hwy,,Rear End,2,Clear,Dry,Dark-Lighted
2024-06-06T00:45:00.000,I 285,I 285 and Covington Hwy,,Sideswipe-Same Direction,2,Rain,Wet,Dark-Lighted
2024-06-25T07:46:00.000,I 285,I 285 and Covington Hwy,,Rear End,3,Clear,Dry,Daylight
2024-07-11T17:30:00.000,I 285,I 285 and Covington Hwy,,Rear End,2,Clear,Dry,Daylight
2024-12-22T12:00:00.000,I 285,I 285 and Covington Hwy,,Rear End,2,Clear,Dry,Daylight
2024-01-06T19:34:00.000,I 285,I 285 and Covington Hwy,,Rear End,2,Cloudy,Dry,Dark-Not Lighted
2024-06-15T12:57:00.000,I 285,I 285 and Covington Hwy,,Sideswipe-Same Direction,2,Clear,Dry,Daylight
2024-08-16T22:40:00.000,I 285,I 285 and Covington Hwy,,Rear End,2,Rain,Wet,Dark-Not Lighted
2024-02-15T08:50:00.000,I 285,I 285 and Covington Hwy,,Sideswipe-Same Direction,2,Clear,Dry,Daylight
2024-07-03T13:00:00.000,I 285,I 285 and Covington Hwy,,Sideswipe-Same Direction,2,Clear,Dry,Daylight
2024-12-27T21:05:00.000,I 285,I 285 and Covington Hwy,,Sideswipe-Same Direction,2,Rain,Wet,Dark-Not Lighted
2024-08-14T09:35:00.000,I 285,I 285 and Covington Hwy,,Sideswipe-Same Direction,2,Clear,Dry,Daylight
2024-07-02T23:05:00.000,I 285,I 285 and Covington Hwy,,Angle,2,Clear,Dry,Dark-Lighted
2024-10-06T02:00:00.000,I 285,I 285 and Covington Hwy,,Sideswipe-Same Direction,2,Clear,Dry,Dark-Not Lighted
2024-02-05T15:00:00.000,I 285,I 285 and Covington Hwy,,Rear End,2,Clear,Dry,Daylight
2024-12-09T08:40:00.000,I 285,I 285 and Covington Hwy,,Rear End,2,Cloudy,Wet,Daylight
2024-12-04T18:00:00.000,I 285,I 285 and Covington Hwy,,Sideswipe-Same Direction,2,Clear,Dry,Dark-Not Lighted
2024-08-08T08:10:00.000,I 285,I 285 and Covington Hwy,,Rear End,2,Clear,Dry,Dark-Not Lighted
2024-12-11T19:39:00.000,I 285,I 285 and Covington Hwy,,Sideswipe-Same Direction,2,Clear,Dry,Daylight
2024-02-01T10:06:00.000,I 285,I 285 and Covington Hwy,,Rear End,2,Clear,Dry,Daylight
2024-05-31T20:00:00.000,I 285,I 285 and Covington Hwy,,Rear End,2,Clear,Dry,Daylight
2024-12-02T07:51:00.000,I 285,I 285 and Covington Hwy,,Rear End,2,Clear,Dry,Daylight
2024-10-29T13:40:00.000,I 285,I 285 and Covington Hwy,,Head On,2,Clear,Dry,Daylight
2024-01-11T00:00:00.000,I 285,I 285 and Covington Hwy,,Sideswipe-Same Direction,2,Clear,Dry,Daylight
2024-07-10T20:00:00.000,I 285,I 285 and Covington Hwy,,Sideswipe-Same Direction,2,Clear,Dry,Dark-Lighted
2024-01-25T07:00:00.000,I 285,I 285 and Covington Hwy,,Sideswipe-Same Direction,2,Rain,Wet,Dawn
2024-09-14T05:50:00.000,I 285,I 285 and Covington Hwy,,Not a Collision with Motor Vehicle,1,Cloudy,Dry,Dark-Lighted
2024-03-16T15:46:00.000,I 285,I 285 and Covington Hwy,,Sideswipe-Same Direction,2,Clear,Dry,Daylight
2024-04-17T10:00:00.000,I 285,I 285 and Covington Hwy,,Sideswipe-Same Direction,2,Clear,Dry,Daylight
2024-03-22T03:30:00.000,I 285,I 285 and Covington Hwy,,Not a Collision with Motor Vehicle,1,Clear,Dry,Dark-Lighted
2024-09-27T00:05:00.000,I 285,I 285 and Covington Hwy,,Rear End,3,Rain,Wet,Dark-Not Lighted
2024-12-14T07:00:00.000,I 285,I 285 and Covington Hwy,,Rear End,2,Clear,Dry,Daylight
2024-01-16T06:15:00.000,I 285,I 285 and Covington Hwy,,Rear End,2,Rain,Wet,Dark-Not Lighted
2024-02-26T08:00:00.000,I 285,I 285 and Covington Hwy,,Rear End,2,Clear,Dry,Dark-Lighted
2024-06-17T08:42:00.000,I 285,I 285 and Covington Hwy,,Sideswipe-Same Direction,2,Clear,Dry,Daylight
2024-12-21T14:35:00.000,I 285,I 285 and Covington Hwy,,Rear End,2,Clear,Dry,Daylight
2024-10-29T09:00:00.000,I 285,I 285 and Covington Hwy,,Head On,3,Clear,Dry,Daylight
2024-10-19T20:30:00.000,I 285,I 285 and Covington Hwy,,Rear End,2,Clear,Dry,Dark-Not Lighted
2024-01-22T07:55:00.000,I 285,I 285 and Covington Hwy,,Rear End,2,Clear,Dry,Daylight
2024-12-20T03:00:00.000,I 285,I 285 and Covington Hwy,,Sideswipe-Same Direction,2,Clear,Dry,Dark-Lighted
2024-01-03T09:21:00.000,I 285,I 285 and Covington Hwy,,Rear End,2,Clear,Dry,Daylight
2024-01-30T20:40:00.000,I 285,I 285 and Covington Hwy,,Sideswipe-Same Direction,2,Clear,Dry,Dark-Not Lighted
2024-07-05T17:45:00.000,I 285,I 285 and Covington Hwy,,Angle Crash,2,Clear,Wet,Daylight
2024-05-06T00:45:00.000,I 285,I 285 and Covington Hwy,,Angle Crash,2,Rain,Wet,Daylight
2024-12-13T16:20:00.000,I 285,I 285 and Covington Hwy,,Rear End,2,Clear,Dry,Daylight
2024-10-29T09:00:00.000,I 285,I 285 and Covington Hwy,,Rear End,2,Clear,Dry,Daylight
2024-11-04T08:10:00.000,I 285,I 285 and Covington Hwy,,Rear End,2,Clear,Dry,Daylight
2024-01-03T20:45:00.000,I 285,I 285 and Covington Hwy,,Sideswipe-Same Direction,2,Clear,Dry,Dark-Lighted
2024-06-13T09:08:00.000,I 285,I 285 and Covington Hwy,,Rear End,2,Clear,Dry,Daylight
2024-03-30T20:30:00.000,I 285,I 285 and Covington Hwy,,Rear End,3,Clear,Dry,Dark-Not Lighted
2024-05-07T07:35:00.000,I 285,I 285 and Covington Hwy,,Rear End,2,Clear,Dry,Daylight
2024-10-15T18:40:00.000,I 285,I 285 and Covington Hwy,,Rear End,2,Clear,Dry,Dusk
2024-11-04T19:33:00.000,I 285,I 285 and Covington Hwy,,Rear End,2,Rain,Wet,Dark-Lighted
2024-12-10T09:15:00.000,I 285,I 285 and Covington Hwy,,Rear End,2,Clear,Wet,Daylight
2024-09-23T08:00:00.000,I 285,I 285 and Covington Hwy,,Rear End,2,Clear,Dry,Daylight
2024-08-16T10:40:00.000,I 285,I 285 and Covington Hwy,,Sideswipe-Same Direction,2,Clear,Dry,Daylight
2024-04-02T23:15:00.000,I 285,I 285 and Covington Hwy,,Rear End,2,Rain,Water (standing or moving),Dark-Lighted
2024-05-06T08:45:00.000,I 285,I 285 and Covington Hwy,,Rear End,2,Clear,Dry,Daylight
2024-10-31T20:00:00.000,I 285,I 285 and Covington Hwy,,Rear End,2,Cloudy,Dry,Dark-Lighted
2024-03-06T00:20:00.000,I 285,I 285 and Covington Hwy,,Not a Collision with Motor Vehicle,1,Rain,Wet,Dark-Lighted
2024-12-06T17:39:00.000,I 285,I 285 and Covington Hwy,,Rear End,2,Clear,Dry,Dark-Not Lighted
2024-11-21T07:25:00.000,I 285,I 285 and Covington Hwy,,Rear End,2,Clear,Dry,Daylight
2024-07-03T07:50:00.000,I 285,I 285 and Covington Hwy,,Sideswipe-Same Direction,2,Clear,Dry,Daylight
2024-06-17T17:35:00.000,I 285,I 285 and Covington Hwy,,Rear End,2,Cloudy,Dry,Daylight
2024-08-05T09:00:00.000,I 285,I 285 and Covington Hwy,,Sideswipe-Same Direction,2,Clear,Dry,Daylight
2024-06-15T07:00:00.000,I 285,I 285 and Covington Hwy,,Sideswipe-Same Direction,2,Clear,Dry,Daylight
2021-06-08T17:45:00.000,I 285,I 285 and Covington Highway Exit,,Sideswipe-Same Direction,2,Cloudy,Dry,Daylight
2023-03-22T09:16:00.000,I 285,I 285 and Covington Highway Exit,,Sideswipe-Same Direction,2,Cloudy,Dry,Daylight
2023-08-23T08:00:00.000,I 285,I 285 and Covington Exit,,Head On,2,Clear,Dry,Daylight
2023-12-25T04:00:00.000,I 285,I 285 and Covington,,Rear End,4,Clear,Dry,Dark-Not Lighted
2022-05-12T13:28:00.000,I 285,I 285 and Covington,,Rear End,2,Clear,Wet,Daylight
2022-01-14T10:37:00.000,I 285,I 285 and Covington,,Angle Crash,2,Clear,Dry,Daylight
2020-09-29T15:49:00.000,I 285,I 285 and Covingotn Hwy,,Rear End,2,Cloudy,Wet,Daylight
2021-10-01T09:13:00.000,I 285,I 285 and Countyline Clayton Fulton,,Not a Collision with Motor Vehicle,1,Clear,Dry,Daylight
2021-10-03T11:55:00.000,I 285,I 285 and County Line,,Rear End,2,Cloudy,Dry,Daylight
2021-05-08T18:00:00.000,I 285,I 285 and County Line,,Sideswipe-Same Direction,2,Clear,Dry,Daylight
2021-01-01T10:36:00.000,I 285,I 285 and County Line,,Not a Collision with Motor Vehicle,1,Rain,Water (standing or moving),Daylight
2023-06-27T13:25:00.000,I 285,I 285 and County Line,,Sideswipe-Same Direction,2,Clear,Dry,Daylight
2020-09-20T09:12:00.000,I 285,I 285 and County Line,,Sideswipe-Same Direction,2,Clear,Dry,Daylight
2023-04-17T10:17:00.000,I 285,I 285 and County Line,,Sideswipe-Same Direction,1,Clear,Dry,Daylight
2023-01-23T16:30:00.000,I 285,I 285 and Conley Road Opas,,Sideswipe-Same Direction,2,Clear,Dry,Daylight
2020-05-27T17:50:00.000,I 285,I 285 and Conley Road Opas,,Not a Collision with Motor Vehicle,1,Cloudy,Wet,Daylight
2020-09-08T15:18:00.000,I 285,I 285 and Conley Road Opas,,Sideswipe-Same Direction,2,Cloudy,Dry,Daylight
2020-08-25T15:45:00.000,I 285,I 285 and Conley Road Opas,,Rear End,2,Rain,Dry,Daylight
2020-08-25T15:41:00.000,I 285,I 285 and Conley Road Opas,,Sideswipe-Same Direction,2,Rain,Wet,Daylight
2020-07-29T19:42:00.000,I 285,I 285 and Conley Road Opas,,Rear End,2,Cloudy,Dry,Daylight
2022-08-04T11:00:00.000,I 285,I 285 and Conley Road Opas,,Rear End,3,Clear,Dry,Daylight
2023-09-07T17:26:00.000,I 285,I 285 and Conley Rd.,,Angle Crash,2,Clear,Dry,Daylight
2021-07-28T15:21:00.000,I 285,I 285 and Conley Rd Opas,,Rear End,2,Clear,Dry,Daylight
2022-02-11T15:19:00.000,I 285,I 285 and Conley Rd Opas,,Not a Collision with Motor Vehicle,2,Clear,Dry,Daylight
2022-03-20T13:28:00.000,I 285,I 285 and Conley Rd Brg,,Rear End,2,Clear,Dry,Daylight
2021-10-02T14:24:00.000,I 285,I 285 and Conley Rd,,Rear End,3,Clear,Dry,Daylight