Date and Time,Roadway (From Crash Report),Intersection Name (from Crash Report),KABCO Severity,Manner of Collision (Crash Level) ,# of Vehicles per crash ,Weather Conditions (Crash Level),Surface Condition (Crash Level) ,Light Conditions (Crash Level)
2021-02-28T00:32:00.000,I 285,I 285 and Conley Rd,,Not a Collision with Motor Vehicle,2,Clear,Dry,Dark-Not Lighted
2021-01-19T19:10:00.000,I 285,I 285 and Conley Rd,,Angle Crash,2,Cloudy,Dry,Dark-Not Lighted
2021-02-28T00:32:00.000,I 285,I 285 and Conley Rd,,Not a Collision with Motor Vehicle,2,Clear,Dry,Dark-Not Lighted
2021-02-28T00:32:00.000,I 285,I 285 and Conley Rd,,Not a Collision with Motor Vehicle,4,Clear,Dry,Dark-Not Lighted
2021-06-03T19:14:00.000,I 285,I 285 and Conley Rd,,Not a Collision with Motor Vehicle,1,Clear,Dry,Dusk
2021-09-02T06:46:00.000,I 285,I 285 and Conley Rd,,Sideswipe-Same Direction,2,Clear,Dry,Daylight
2021-10-25T17:11:00.000,I 285,I 285 and Conley Rd,,Sideswipe-Same Direction,2,Clear,Dry,Daylight
2021-02-28T00:32:00.000,I 285,I 285 and Conley Rd,,Not a Collision with Motor Vehicle,2,Clear,Dry,Dark-Not Lighted
2021-04-17T14:30:00.000,I 285,I 285 and Conley Rd,,Sideswipe-Same Direction,4,Clear,Dry,Daylight
2023-06-24T00:50:00.000,I 285,I 285 and Conley Rd,,Sideswipe-Same Direction,3,Clear,Dry,Dark-Lighted
2023-07-02T23:09:00.000,I 285,I 285 and Conley Rd,,Angle Crash,2,Rain,Wet,Dark-Not Lighted
2023-05-20T06:10:00.000,I 285,I 285 and Conley Rd,,Rear End,2,Cloudy,Wet,Dark-Lighted
2023-08-23T00:21:00.000,I 285,I 285 and Conley Rd,,Rear End,2,Clear,Dry,Dark-Not Lighted
2023-08-01T11:44:00.000,I 285,I 285 and Conley Rd,,Not a Collision with Motor Vehicle,1,Clear,Dry,Daylight
2023-11-21T17:41:00.000,I 285,I 285 and Conley Rd,,Sideswipe-Same Direction,2,Rain,Wet,Dusk
2023-09-12T12:31:00.000,I 285,I 285 and Conley Rd,,Sideswipe-Same Direction,2,Clear,Dry,Daylight
2023-06-07T16:30:00.000,I 285,I 285 and Conley Rd,,Rear End,2,Clear,Dry,Daylight
2023-05-20T06:05:00.000,I 285,I 285 and Conley Rd,,Sideswipe-Same Direction,2,Cloudy,Wet,Dark-Lighted
2022-02-13T13:29:00.000,I 285,I 285 and Conley Rd,,Sideswipe-Same Direction,2,Clear,Dry,Daylight
2022-12-24T12:45:00.000,I 285,I 285 and Conley Rd,,Sideswipe-Same Direction,2,Clear,Dry,Daylight
2020-12-07T18:19:00.000,I 285,I 285 and Conley Rd,,Sideswipe-Same Direction,2,Clear,Dry,Dusk
2020-03-31T12:03:00.000,I 285,I 285 and Conley Rd,,Not a Collision with Motor Vehicle,1,Rain,Wet,Daylight
2020-03-20T03:55:00.000,I 285,I 285 and Conley Rd,,Not a Collision with Motor Vehicle,1,Clear,Dry,Dark-Not Lighted
2020-07-15T19:41:00.000,I 285,I 285 and Conley Rd,,Sideswipe-Same Direction,2,Rain,Wet,Dark-Lighted
2020-06-24T18:59:00.000,I 285,I 285 and Conley Rd,,Angle Crash,2,Rain,Wet,Daylight
2020-06-11T16:36:00.000,I 285,I 285 and Conley Rd,,Angle Crash,3,Clear,Dry,Daylight
2020-12-14T03:07:00.000,I 285,I 285 and Conley Rd,,Sideswipe-Same Direction,2,Clear,Wet,Dark-Lighted
2020-05-16T11:12:00.000,I 285,I 285 and Conley Rd,,Angle Crash,2,Clear,Dry,Daylight
2020-04-26T22:12:00.000,I 285,I 285 and Conley Rd,,Rear End,2,Clear,Dry,Dark-Not Lighted
2020-11-17T10:29:00.000,I 285,I 285 and Conley Rd,,Not a Collision with Motor Vehicle,1,Clear,Dry,Daylight
2020-05-11T10:35:00.000,I 285,I 285 and Conley Rd,,Sideswipe-Same Direction,2,Clear,Dry,Daylight
2021-01-30T12:17:00.000,I 285,I 285 and Conley Rd,,Sideswipe-Same Direction,2,Clear,Dry,Daylight
2021-02-28T00:32:00.000,I 285,I 285 and Conley Rd,,Not a Collision with Motor Vehicle,2,Clear,Dry,Dark-Not Lighted
2021-08-01T06:07:00.000,I 285,I 285 and Conley Rd,,Not a Collision with Motor Vehicle,1,Clear,Dry,Dawn
2021-11-22T17:56:00.000,I 285,I 285 and Conley Rd,,Angle Crash,2,Clear,Dry,Dark-Not Lighted
2022-04-28T16:17:00.000,I 285,I 285 and Conley Rd,,Sideswipe-Same Direction,2,Clear,Dry,Daylight
2022-04-27T16:03:00.000,I 285,I 285 and Conley Rd,,Rear End,2,Clear,Dry,Daylight
2021-10-29T17:32:00.000,I 285,I 285 and Conley Rd,,Sideswipe-Same Direction,3,Rain,Wet,Daylight
2022-01-06T06:44:00.000,I 285,I 285 and Conley Rd,,Not a Collision with Motor Vehicle,2,Cloudy,Dry,Dark-Not Lighted
2022-11-18T18:37:00.000,I 285,I 285 and Conley Rd,,Rear End,2,Clear,Dry,Dark-Not Lighted
2022-03-04T10:30:00.000,I 285,I 285 and Conley Rd,,Rear End,2,Clear,Dry,Daylight
2022-02-27T20:40:00.000,I 285,I 285 and Conley Rd,,Rear End,2,Clear,Wet,Dark-Not Lighted
2022-07-27T23:14:00.000,I 285,I 285 and Conley Rd,,Sideswipe-Same Direction,2,Clear,Dry,Dark-Not Lighted
2022-04-07T17:10:00.000,I 285,I 285 and Conley Rd,,Rear End,2,Clear,Dry,Daylight
2022-07-22T17:22:00.000,I 285,I 285 and Conley Rd,,Rear End,2,Clear,Dry,Daylight
2022-04-24T18:39:00.000,I 285,I 285 and Conley Rd,,Not a Collision with Motor Vehicle,1,Clear,Dry,Daylight
2022-06-15T23:10:00.000,I 285,I 285 and Conley Rd,,Rear End,3,Clear,Dry,Dark-Not Lighted
2022-11-23T08:50:00.000,I 285,I 285 and Conley Rd,,Rear End,2,Clear,Dry,Daylight
2022-03-04T11:35:00.000,I 285,I 285 and Conley Rd,,Sideswipe-Same Direction,2,Clear,Dry,Daylight
2022-02-23T13:09:00.000,I 285,I 285 and Conley Rd,,Rear End,2,Clear,Dry,Daylight
2022-11-18T12:43:00.000,I 285,I 285 and Conley Rd,,Rear End,2,Clear,Dry,Daylight
2022-06-23T16:21:00.000,I 285,I 285 and Conley Rd,,Rear End,2,Clear,Dry,Daylight
2023-08-23T00:35:00.000,I 285,I 285 and Conley Rd,,Sideswipe-Same Direction,2,Clear,Dry,Dark-Not Lighted
2024-07-21T10:24:00.000,I 285,I 285 and Conley Rd,,Not a Collision with Motor Vehicle,1,Rain,Wet,Daylight
2024-04-18T09:53:00.000,I 285,I 285 and Conley Rd,,Sideswipe-Same Direction,2,Clear,Dry,Daylight
2024-03-26T15:47:00.000,I 285,I 285 and Conley Rd,,Rear End,2,Rain,Wet,Daylight
2023-04-05T06:39:00.000,I 285,I 285 and Conley Rd,,Sideswipe-Same Direction,2,Fog,Dry,Daylight
2023-06-13T17:36:00.000,I 285,I 285 and Conley Rd,,Sideswipe-Same Direction,3,Clear,Dry,Daylight
2024-12-07T06:11:00.000,I 285,I 285 and Conley Rd,,Not a Collision with Motor Vehicle,1,Clear,Dry,Dark-Not Lighted
2024-09-23T20:18:00.000,I 285,I 285 and Conley Rd,,Not a Collision with Motor Vehicle,1,Clear,Dry,Dark-Not Lighted
2024-03-13T20:14:00.000,I 285,I 285 and Conley Rd,,Rear End,2,Clear,Dry,Dark-Not Lighted
2024-12-07T06:00:00.000,I 285,I 285 and Conley Rd,,Angle Crash,2,Clear,Dry,Dark-Not Lighted
2024-10-11T00:00:00.000,I 285,I 285 and Conley Rd,,Angle Crash,3,Clear,Dry,Dark-Not Lighted
2023-03-01T13:00:00.000,I 285,I 285 and Conley Rd,,Sideswipe-Same Direction,2,Clear,Dry,Daylight
2023-05-29T23:59:00.000,I 285,I 285 and Conley Rd,,Angle Crash,2,Clear,Dry,Dark-Lighted
2023-10-15T00:53:00.000,I 285,I 285 and Conley Rd,,Rear End,3,Clear,Dry,Dark-Lighted
2023-08-06T01:54:00.000,I 285,I 285 and Conley Rd,,Sideswipe-Same Direction,2,Clear,Dry,Dark-Lighted
2023-05-29T23:56:00.000,I 285,I 285 and Conley Rd,,Angle Crash,2,Clear,Dry,Dark-Lighted
2023-11-02T16:40:00.000,I 285,I 285 and Conley Rd,,Rear End,2,Clear,Dry,Daylight
2023-01-07T14:37:00.000,I 285,I 285 and Conley Rd,,Rear End,2,Cloudy,Dry,Daylight
2024-11-11T15:50:00.000,I 285,I 285 and Conley Rd,,Angle Crash,2,Clear,Dry,Daylight
2024-06-19T06:21:00.000,I 285,I 285 and Conley Rd,,Sideswipe-Same Direction,2,Clear,Dry,Daylight
2024-07-12T14:25:00.000,I 285,I 285 and Conley Rd,,Not a Collision with Motor Vehicle,2,Cloudy,Dry,Daylight
2024-12-13T05:51:00.000,I 285,I 285 and Conley Rd,,Rear End,2,Clear,Dry,Daylight
2024-09-18T15:41:00.000,I 285,I 285 and Conley Rd,,Sideswipe-Same Direction,3,Cloudy,Dry,Daylight
2024-11-04T00:00:00.000,I 285,I 285 and Conley Rd,,Sideswipe-Same Direction,2,Clear,Dry,Daylight
2024-06-20T16:12:00.000,I 285,I 285 and Conley Rd,,Rear End,2,Clear,Dry,Daylight
2024-02-09T14:13:00.000,I 285,I 285 and Conley Rd,,Rear End,2,Cloudy,Dry,Daylight
2024-06-02T04:19:00.000,I 285,I 285 and Conley Rd,,Angle Crash,2,Clear,Dry,Dark-Not Lighted
2024-09-10T23:25:00.000,I 285,I 285 and Conley Rd,,Not a Collision with Motor Vehicle,1,Clear,Dry,Dark-Not Lighted
2024-03-05T10:55:00.000,I 285,I 285 and Conley Rd,,Sideswipe-Same Direction,2,Cloudy,Wet,Daylight
2024-07-05T20:20:00.000,I 285,I 285 and Conley Rd,,Not a Collision with Motor Vehicle,1,Rain,Wet,Dark-Not Lighted
2024-04-03T06:00:00.000,I 285,I 285 and Conley Rd,,Rear End,2,Clear,Dry,Dark-Not Lighted
2024-02-07T06:32:00.000,I 285,I 285 and Conley Rd,,Rear End,2,Clear,Dry,Dark-Not Lighted
2024-12-29T16:13:00.000,I 285,I 285 and Conley Rd,,Sideswipe-Same Direction,2,Clear,Dry,Daylight
2024-11-26T20:55:00.000,I 285,I 285 and Conley Rd,,Sideswipe-Same Direction,2,Clear,Dry,Dark-Not Lighted
2021-06-16T15:30:00.000,I 285,I 285 and Conley Brg,,Not a Collision with Motor Vehicle,1,Clear,Dry,Daylight
2023-11-06T06:47:00.000,I 285,I 285 and Conely Rd,,Not a Collision with Motor Vehicle,1,Clear,Dry,Daylight
2023-05-01T02:38:00.000,I 285,I 285 and Conely Rd,,Rear End,2,Clear,Dry,Dark-Not Lighted
2024-06-05T10:00:00.000,I 285,I 285 and Columbia Pkwy,,Rear End,2,Clear,Dry,Daylight
2021-06-06T01:53:00.000,I 285,I 285 and Columbia Dr Brg,,Sideswipe-Same Direction,3,Clear,Dry,Dark-Not Lighted
2021-12-30T13:20:00.000,I 285,I 285 and Columbia Dr,,Sideswipe-Opposite Direction,2,Rain,Wet,Daylight
2021-05-13T13:32:00.000,I 285,I 285 and Columbia Dr,,Rear End,2,Clear,Dry,Daylight
2021-10-25T21:11:00.000,I 285,I 285 and Columbia Dr,,Sideswipe-Same Direction,3,Clear,Dry,Dark-Not Lighted
2023-09-20T09:30:00.000,I 285,I 285 and Columbia Dr,,Angle Crash,2,Clear,Dry,Daylight
2023-12-16T12:08:00.000,I 285,I 285 and Columbia Dr,,Sideswipe-Same Direction,2,Cloudy,Dry,Daylight
2023-06-20T12:34:00.000,I 285,I 285 and Columbia Dr,,Sideswipe-Same Direction,2,Clear,Dry,Daylight
2023-08-15T13:08:00.000,I 285,I 285 and Columbia Dr,,Rear End,2,Rain,Wet,Daylight
2023-11-27T10:15:00.000,I 285,I 285 and Columbia Dr,,Angle Crash,2,Clear,Dry,Daylight
2023-11-07T07:15:00.000,I 285,I 285 and Columbia Dr,,Rear End,2,Clear,Dry,Daylight
2023-03-03T02:29:00.000,I 285,I 285 and Columbia Dr,,Not a Collision with Motor Vehicle,1,Rain,Wet,Dark-Not Lighted
2023-04-30T16:30:00.000,I 285,I 285 and Columbia Dr,,Rear End,3,Clear,Dry,Daylight
2023-01-27T15:20:00.000,I 285,I 285 and Columbia Dr,,Sideswipe-Same Direction,2,Clear,Dry,Daylight
2023-06-05T13:04:00.000,I 285,I 285 and Columbia Dr,,Rear End,2,Clear,Dry,Daylight
2022-02-12T21:02:00.000,I 285,I 285 and Columbia Dr,,Sideswipe-Same Direction,2,Clear,Dry,Dark-Lighted
2022-11-17T11:31:00.000,I 285,I 285 and Columbia Dr,,Sideswipe-Same Direction,2,Clear,Dry,Daylight
2020-11-24T00:00:00.000,I 285,I 285 and Columbia Dr,,Sideswipe-Same Direction,2,Clear,Dry,Dark-Lighted
2020-06-03T16:40:00.000,I 285,I 285 and Columbia Dr,,Sideswipe-Same Direction,2,Clear,Dry,Daylight
2020-04-10T12:39:00.000,I 285,I 285 and Columbia Dr,,Rear End,2,Clear,Dry,Daylight
2021-12-06T14:38:00.000,I 285,I 285 and Columbia Dr,,Rear End,2,Clear,Wet,Daylight
2022-07-25T08:15:00.000,I 285,I 285 and Columbia Dr,,Sideswipe-Same Direction,2,Clear,Dry,Daylight
2021-12-07T15:15:00.000,I 285,I 285 and Columbia Dr,,Rear End,2,Clear,Dry,Daylight
2022-09-13T17:50:00.000,I 285,I 285 and Columbia Dr,,Rear End,2,Clear,Dry,Daylight
2022-04-08T12:45:00.000,I 285,I 285 and Columbia Dr,,Not a Collision with Motor Vehicle,1,Clear,Dry,Daylight
2022-08-29T15:00:00.000,I 285,I 285 and Columbia Dr,,Angle Crash,2,Clear,Dry,Daylight
2022-03-15T18:30:00.000,I 285,I 285 and Columbia Dr,,Not a Collision with Motor Vehicle,2,Rain,Wet,Daylight
2022-05-21T14:52:00.000,I 285,I 285 and Columbia Dr,,Rear End,2,Clear,Dry,Daylight
2022-05-18T16:16:00.000,I 285,I 285 and Columbia Dr,,Not a Collision with Motor Vehicle,2,Clear,Dry,Daylight
2022-02-21T15:33:00.000,I 285,I 285 and Columbia Dr,,Rear End,2,Rain,Wet,Daylight
2024-06-20T10:15:00.000,I 285,I 285 and Columbia Dr,,Rear End,2,Cloudy,Dry,Daylight
2023-08-10T18:01:00.000,I 285,I 285 and Columbia Dr,,Sideswipe-Same Direction,2,Clear,Dry,Daylight
2023-08-07T21:06:00.000,I 285,I 285 and Columbia Dr,,Sideswipe-Same Direction,3,Cloudy,Dry,Dark-Not Lighted
2023-02-10T13:50:00.000,I 285,I 285 and Columbia Dr,,Rear End,2,Clear,Dry,Daylight
2024-07-13T06:19:00.000,I 285,I 285 and Columbia Dr,,Not a Collision with Motor Vehicle,1,Clear,Dry,Daylight
2024-03-21T12:29:00.000,I 285,I 285 and Columbia Dr,,Head On,3,Clear,Dry,Daylight
2024-06-05T11:02:00.000,I 285,I 285 and Columbia Dr,,Rear End,2,Clear,Dry,Daylight
2024-10-10T13:08:00.000,I 285,I 285 and Columbia Dr,,Rear End,2,Clear,Dry,Daylight
2024-05-30T11:00:00.000,I 285,I 285 and Columbia Dr,,Rear End,2,Clear,Dry,Daylight
2024-02-26T17:57:00.000,I 285,I 285 and Columbia Dr,,Angle Crash,2,Clear,Dry,Daylight
2024-04-17T07:00:00.000,I 285,I 285 and Columbia Dr,,Rear End,2,Cloudy,Dry,Daylight
2024-11-04T07:45:00.000,I 285,I 285 and Columbia Dr,,Rear End,3,Cloudy,Dry,Daylight
2022-08-30T13:27:00.000,I 285,I 285 and Collier Rd,,Rear End,2,Clear,Dry,Daylight
2023-08-21T07:40:00.000,I 285,I 285 and Collier Drive Northwest,,Rear End,2,Clear,Dry,Daylight
2023-10-17T15:00:00.000,I 285,I 285 and Collier Drive Northwest,,Rear End,2,Clear,Dry,Daylight
2021-09-10T17:35:00.000,I 285,I 285 and Collier Dr,,Sideswipe-Same Direction,2,Clear,Dry,Daylight
2021-01-06T23:17:00.000,I 285,I 285 and Collier Dr,,Angle Crash,2,Clear,Dry,Dark-Lighted
2022-03-22T11:43:00.000,I 285,I 285 and Collier Dr,,Rear End,2,Clear,Dry,Daylight
2022-03-21T12:49:00.000,I 285,I 285 and Collier Dr,,Rear End,2,Clear,Dry,Daylight
2022-06-16T07:51:00.000,I 285,I 285 and Collier Dr,,Sideswipe-Same Direction,2,Clear,Dry,Daylight
2022-03-22T07:30:00.000,I 285,I 285 and Collier Dr,,Sideswipe-Same Direction,2,Cloudy,Dry,Daylight
2022-03-22T11:12:00.000,I 285,I 285 and Collier Dr,,Rear End,2,Clear,Dry,Daylight
2023-03-31T14:41:00.000,I 285,I 285 and Collier Dr,,Rear End,2,Clear,Dry,Daylight
2024-06-07T18:50:00.000,I 285,I 285 and Collier Dr,,Rear End,2,Cloudy,Dry,Daylight
2021-09-25T21:45:00.000,I 285,I 285 and Collector Distributor To I285,,Rear End,3,Clear,Dry,Daylight
2021-12-18T21:15:00.000,I 285,I 285 and Collector Distributor To I285,,Not a Collision with Motor Vehicle,1,Rain,Wet,Dark-Not Lighted
2021-01-12T05:19:00.000,I 285,I 285 and Collector Distributor To I285,,Angle Crash,2,Cloudy,Wet,Dark-Not Lighted
2021-04-13T17:50:00.000,I 285,I 285 and Collector Distributor To I285,,Angle Crash,2,Clear,Dry,Daylight
2023-06-21T22:20:00.000,I 285,I 285 and Collector Distributor To I285,,Rear End,2,Cloudy,Wet,Dark-Not Lighted
2023-09-13T11:30:00.000,I 285,I 285 and Collector Distributor To I285,,Not a Collision with Motor Vehicle,1,Cloudy,Dry,Daylight
2023-11-03T12:00:00.000,I 285,I 285 and Collector Distributor To I285,,Sideswipe-Same Direction,2,Clear,Dry,Daylight
2020-07-22T12:50:00.000,I 285,I 285 and Collector Distributor To I285,,Rear End,2,Clear,Dry,Daylight
2020-06-09T18:30:00.000,I 285,I 285 and Collector Distributor To I285,,Angle Crash,2,Cloudy,Wet,Daylight
2020-02-24T22:44:00.000,I 285,I 285 and Collector Distributor To I285,,Angle Crash,2,Rain,Wet,Dark-Not Lighted
2020-08-19T21:30:00.000,I 285,I 285 and Collector Distributor To I285,,Not a Collision with Motor Vehicle,1,Rain,Wet,Dark-Not Lighted
2020-06-30T18:40:00.000,I 285,I 285 and Collector Distributor To I285,,Not a Collision with Motor Vehicle,1,Cloudy,Wet,Daylight
2022-06-09T01:55:00.000,I 285,I 285 and Collector Distributor To I285,,Not a Collision with Motor Vehicle,1,Cloudy,Wet,Dark-Not Lighted
2022-01-02T21:12:00.000,I 285,I 285 and Collector Distributor To I285,,Angle Crash,2,Cloudy,Wet,Dark-Not Lighted
2022-03-22T12:20:00.000,I 285,I 285 and Collector Distributor To I285,,Rear End,2,Clear,Dry,Daylight
2022-11-21T11:11:00.000,I 285,I 285 and Collector Distributor To I285,,Rear End,2,Clear,Dry,Daylight
2022-11-21T13:44:00.000,I 285,I 285 and Collector Distributor To I285,,Rear End,2,Clear,Dry,Daylight
2022-02-28T15:47:00.000,I 285,I 285 and Collector Distributor To I285,,Angle Crash,2,Clear,Dry,Daylight
2023-03-28T22:47:00.000,I 285,I 285 and Collector Distributor To I285,,Sideswipe-Same Direction,2,Clear,Dry,Dark-Not Lighted
2023-10-03T15:00:00.000,I 285,I 285 and Collector Distributor To I285,,Rear End,2,Clear,Dry,Daylight
2023-10-16T09:15:00.000,I 285,I 285 and Collector Distributor To I285,,Sideswipe-Same Direction,2,Cloudy,Dry,Daylight
2023-12-10T22:10:00.000,I 285,I 285 and Collector Distributor To I285,,Head On,2,Cloudy,Dry,Dark-Not Lighted
2024-05-04T07:00:00.000,I 285,I 285 and Collector Distributor To I285,,Not a Collision with Motor Vehicle,1,Rain,Wet,Daylight
2024-06-13T08:50:00.000,I 285,I 285 and Collector Distributor To I285,,Rear End,3,Clear,Dry,Daylight
2024-10-11T00:00:00.000,I 285,I 285 and Collector Distributor To I285,,Angle Crash,2,Clear,Dry,Daylight
2024-06-01T12:40:00.000,I 285,I 285 and Collector Distributor To I285,,Rear End,2,Cloudy,Dry,Daylight
2024-01-27T11:05:00.000,I 285,I 285 and Collector Distributor To I285,,Sideswipe-Same Direction,2,Rain,Wet,Daylight
2024-05-30T13:07:00.000,I 285,I 285 and Collector Distributor To I285,,Rear End,2,Clear,Dry,Daylight
2024-04-09T07:40:00.000,I 285,I 285 and Collector Distributor To I285,,Sideswipe-Same Direction,2,Clear,Dry,Daylight
2024-04-04T15:55:00.000,I 285,I 285 and Collector Distributor To I285,,Rear End,3,Clear,Dry,Daylight
2021-07-26T16:32:00.000,I 285,I 285 and Collector Distributor To Buford Hwy Dora,,Angle Crash,2,Cloudy,Dry,Daylight
2021-06-03T17:23:00.000,I 285,I 285 and Collector Distributor To Buford Hwy Dora,,Sideswipe-Same Direction,2,Cloudy,Dry,Daylight
2021-01-23T17:10:00.000,I 285,I 285 and Collector Distributor To Buford Hwy Dora,,Rear End,2,Clear,Dry,Daylight
2021-01-11T20:21:00.000,I 285,I 285 and Collector Distributor To Buford Hwy Dora,,Rear End,2,Rain,Wet,Dark-Not Lighted
2021-01-11T20:21:00.000,I 285,I 285 and Collector Distributor To Buford Hwy Dora,,Angle Crash,2,Rain,Wet,Dark-Not Lighted
2021-08-28T02:30:00.000,I 285,I 285 and Collector Distributor To Buford Hwy Dora,,Rear End,2,Clear,Dry,Dark-Not Lighted
2021-04-15T04:16:00.000,I 285,I 285 and Collector Distributor To Buford Hwy Dora,,Rear End,3,Cloudy,Dry,Dark-Lighted
2021-12-21T17:05:00.000,I 285,I 285 and Collector Distributor To Buford Hwy Dora,,Angle Crash,4,Cloudy,Wet,Dusk
2021-04-12T05:05:00.000,I 285,I 285 and Collector Distributor To Buford Hwy Dora,,Angle Crash,2,Clear,Dry,Dark-Not Lighted
2021-04-16T15:28:00.000,I 285,I 285 and Collector Distributor To Buford Hwy Dora,,Sideswipe-Same Direction,2,Clear,Dry,Daylight
2021-10-03T23:56:00.000,I 285,I 285 and Collector Distributor To Buford Hwy Dora,,Sideswipe-Same Direction,2,Cloudy,Dry,Dark-Not Lighted
2021-01-20T17:39:00.000,I 285,I 285 and Collector Distributor To Buford Hwy Dora,,Not a Collision with Motor Vehicle,1,Clear,Dry,Daylight
2023-03-28T13:43:00.000,I 285,I 285 and Collector Distributor To Buford Hwy Dora,,Not a Collision with Motor Vehicle,3,Cloudy,Dry,Daylight
2023-01-20T09:15:00.000,I 285,I 285 and Collector Distributor To Buford Hwy Dora,,Sideswipe-Same Direction,2,Clear,Dry,Daylight
2023-02-02T11:01:00.000,I 285,I 285 and Collector Distributor To Buford Hwy Dora,,Not a Collision with Motor Vehicle,2,Rain,Wet,Daylight
2023-05-08T16:56:00.000,I 285,I 285 and Collector Distributor To Buford Hwy Dora,,Angle Crash,2,Cloudy,Dry,Daylight
2023-04-14T10:17:00.000,I 285,I 285 and Collector Distributor To Buford Hwy Dora,,Sideswipe-Same Direction,2,Cloudy,Dry,Daylight
2023-11-25T06:13:00.000,I 285,I 285 and Collector Distributor To Buford Hwy Dora,,Rear End,4,Clear,Dry,Dark-Not Lighted
2022-11-02T21:32:00.000,I 285,I 285 and Collector Distributor To Buford Hwy Dora,,Sideswipe-Same Direction,2,Clear,Dry,Dark-Lighted
2024-07-28T22:27:00.000,I 285,I 285 and Collector Distributor To Buford Hwy Dora,,Rear End,2,Rain,Wet,Dark-Not Lighted
2020-08-04T18:12:00.000,I 285,I 285 and Collector Distributor To Buford Hwy Dora,,Rear End,2,Cloudy,Dry,Daylight
2020-09-24T14:26:00.000,I 285,I 285 and Collector Distributor To Buford Hwy Dora,,Rear End,2,Rain,Wet,Dusk
2020-09-26T14:50:00.000,I 285,I 285 and Collector Distributor To Buford Hwy Dora,,Rear End,3,Clear,Dry,Daylight
2020-10-09T19:45:00.000,I 285,I 285 and Collector Distributor To Buford Hwy Dora,,Rear End,2,Rain,Wet,Dark-Not Lighted
2020-04-27T14:54:00.000,I 285,I 285 and Collector Distributor To Buford Hwy Dora,,Rear End,2,Clear,Dry,Daylight
2020-01-26T20:45:00.000,I 285,I 285 and Collector Distributor To Buford Hwy Dora,,Not a Collision with Motor Vehicle,1,Clear,Dry,Dark-Not Lighted
2020-11-07T15:28:00.000,I 285,I 285 and Collector Distributor To Buford Hwy Dora,,Rear End,2,Clear,Dry,Daylight
2020-01-22T15:54:00.000,I 285,I 285 and Collector Distributor To Buford Hwy Dora,,Angle Crash,2,Clear,Dry,Daylight
2020-10-06T17:16:00.000,I 285,I 285 and Collector Distributor To Buford Hwy Dora,,Sideswipe-Same Direction,2,Clear,Dry,Daylight
2020-02-10T19:03:00.000,I 285,I 285 and Collector Distributor To Buford Hwy Dora,,Sideswipe-Same Direction,2,Rain,Wet,Dark-Not Lighted
2020-06-30T17:37:00.000,I 285,I 285 and Collector Distributor To Buford Hwy Dora,,Angle Crash,2,Cloudy,Wet,Daylight
2020-09-14T02:00:00.000,I 285,I 285 and Collector Distributor To Buford Hwy Dora,,Rear End,2,Clear,Dry,Dark-Lighted
2020-09-24T18:27:00.000,I 285,I 285 and Collector Distributor To Buford Hwy Dora,,Rear End,2,Rain,Wet,Daylight
2020-12-08T18:49:00.000,I 285,I 285 and Collector Distributor To Buford Hwy Dora,,Rear End,3,Clear,Dry,Dark-Not Lighted
2020-04-20T08:00:00.000,I 285,I 285 and Collector Distributor To Buford Hwy Dora,,Angle Crash,2,Cloudy,Wet,Daylight
2021-03-29T01:00:00.000,I 285,I 285 and Collector Distributor To Buford Hwy Dora,,Not a Collision with Motor Vehicle,1,Clear,Dry,Dark-Not Lighted
2021-01-11T20:21:00.000,I 285,I 285 and Collector Distributor To Buford Hwy Dora,,Rear End,3,Rain,Wet,Dark-Not Lighted
2021-07-19T10:26:00.000,I 285,I 285 and Collector Distributor To Buford Hwy Dora,,Sideswipe-Same Direction,3,Cloudy,Dry,Daylight