Date and Time,Roadway (From Crash Report),Intersection Name (from Crash Report),KABCO Severity,Manner of Collision (Crash Level) ,# of Vehicles per crash ,Weather Conditions (Crash Level),Surface Condition (Crash Level) ,Light Conditions (Crash Level)
2021-10-01T09:16:00.000,I 285,I 285 and Collector Distributor To Buford Hwy Dora,,Rear End,2,Cloudy,Dry,Daylight
2021-07-19T10:26:00.000,I 285,I 285 and Collector Distributor To Buford Hwy Dora,,Rear End,3,Cloudy,Dry,Daylight
2021-11-12T13:19:00.000,I 285,I 285 and Collector Distributor To Buford Hwy Dora,,Rear End,2,Clear,Dry,Daylight
2022-04-10T15:21:00.000,I 285,I 285 and Collector Distributor To Buford Hwy Dora,,Rear End,2,Clear,Dry,Daylight
2022-08-23T21:53:00.000,I 285,I 285 and Collector Distributor To Buford Hwy Dora,,Not a Collision with Motor Vehicle,2,Cloudy,Ice/Frost,Dark-Not Lighted
2022-03-03T20:00:00.000,I 285,I 285 and Collector Distributor To Buford Hwy Dora,,Rear End,3,Clear,Dry,Daylight
2022-07-27T16:25:00.000,I 285,I 285 and Collector Distributor To Buford Hwy Dora,,Rear End,3,Clear,Dry,Dark-Lighted
2021-10-09T13:01:00.000,I 285,I 285 and Collector Distributor To Buford Hwy Dora,,Rear End,2,Cloudy,Dry,Daylight
2022-06-23T18:28:00.000,I 285,I 285 and Collector Distributor To Buford Hwy Dora,,Not a Collision with Motor Vehicle,2,Clear,Dry,Daylight
2022-04-22T23:00:00.000,I 285,I 285 and Collector Distributor To Buford Hwy Dora,,Not a Collision with Motor Vehicle,2,Clear,Dry,Dark-Lighted
2022-07-08T08:45:00.000,I 285,I 285 and Collector Distributor To Buford Hwy Dora,,Not a Collision with Motor Vehicle,2,Cloudy,Dry,Daylight
2022-09-25T03:55:00.000,I 285,I 285 and Collector Distributor To Buford Hwy Dora,,Rear End,2,Clear,Dry,Dark-Lighted
2022-04-02T19:07:00.000,I 285,I 285 and Collector Distributor To Buford Hwy Dora,,Sideswipe-Same Direction,2,Clear,Dry,Daylight
2022-04-17T02:45:00.000,I 285,I 285 and Collector Distributor To Buford Hwy Dora,,Rear End,3,Clear,Dry,Dark-Lighted
2022-06-05T22:01:00.000,I 285,I 285 and Collector Distributor To Buford Hwy Dora,,Not a Collision with Motor Vehicle,1,Clear,Dry,Dark-Not Lighted
2024-10-06T16:35:00.000,I 285,I 285 and Collector Distributor To Buford Hwy Dora,,Rear End,2,Cloudy,Dry,Daylight
2024-11-18T17:30:00.000,I 285,I 285 and Collector Distributor To Buford Hwy Dora,,Sideswipe-Same Direction,2,Cloudy,Dry,Dark-Not Lighted
2024-06-14T07:45:00.000,I 285,I 285 and Collector Distributor To Buford Hwy Dora,,Rear End,2,Clear,Dry,Daylight
2024-06-12T10:45:00.000,I 285,I 285 and Collector Distributor To Buford Hwy Dora,,Rear End,2,Cloudy,Dry,Daylight
2024-10-06T16:35:00.000,I 285,I 285 and Collector Distributor To Buford Hwy Dora,,Rear End,2,Cloudy,Dry,Daylight
2024-03-01T15:10:00.000,I 285,I 285 and Collector Distributor To Buford Hwy Dora,,Sideswipe-Same Direction,2,Rain,Water (standing or moving),Daylight
2023-12-08T03:34:00.000,I 285,I 285 and Collector Distributor To Buford Hwy Dora,,Rear End,2,Clear,Dry,Dark-Not Lighted
2023-08-01T17:00:00.000,I 285,I 285 and Collector Distributor To Buford Hwy Dora,,Rear End,2,Clear,Dry,Daylight
2023-08-08T09:40:00.000,I 285,I 285 and Collector Distributor To Buford Hwy Dora,,Rear End,2,Cloudy,Dry,Daylight
2023-03-07T14:02:00.000,I 285,I 285 and Collector Distributor To Buford Hwy Dora,,Angle Crash,2,Clear,Dry,Daylight
2023-01-08T10:44:00.000,I 285,I 285 and Collector Distributor To Buford Hwy Dora,,Sideswipe-Same Direction,2,Clear,Dry,Daylight
2023-06-22T10:18:00.000,I 285,I 285 and Collector Distributor To Buford Hwy Dora,,Sideswipe-Same Direction,2,Cloudy,Dry,Daylight
2023-11-15T12:00:00.000,I 285,I 285 and Collector Distributor To Buford Hwy Dora,,Rear End,2,Clear,Dry,Daylight
2024-11-19T14:40:00.000,I 285,I 285 and Collector Distributor To Buford Hwy Dora,,Not a Collision with Motor Vehicle,1,Rain,Wet,Daylight
2024-09-01T00:28:00.000,I 285,I 285 and Collector Distributor To Buford Hwy Dora,,Rear End,2,Clear,Wet,Dark-Not Lighted
2024-08-02T09:15:00.000,I 285,I 285 and Collector Distributor To Buford Hwy Dora,,Sideswipe-Same Direction,2,Clear,Dry,Daylight
2024-06-03T17:40:00.000,I 285,I 285 and Collector Distributor To Buford Hwy Dora,,Rear End,3,Clear,Dry,Daylight
2024-11-14T21:20:00.000,I 285,I 285 and Collector Distributor To Buford Hwy Dora,,Rear End,2,Clear,Dry,Dark-Not Lighted
2024-08-09T15:20:00.000,I 285,I 285 and Collector Distributor To Buford Hwy Dora,,Sideswipe-Opposite Direction,2,Clear,Dry,Daylight
2024-10-06T16:35:00.000,I 285,I 285 and Collector Distributor To Buford Hwy Dora,,Rear End,2,Cloudy,Dry,Daylight
2024-07-08T09:20:00.000,I 285,I 285 and Collector Distributor To Buford Hwy Dora,,Angle Crash,2,Clear,Dry,Daylight
2024-03-12T15:53:00.000,I 285,I 285 and Collector Distributor To Buford Hwy Dora,,Rear End,2,Clear,Dry,Daylight
2024-12-30T22:59:00.000,I 285,I 285 and Collector Distributor To Buford Hwy Dora,,Sideswipe-Same Direction,2,Clear,Dry,Dark-Not Lighted
2024-11-08T10:00:00.000,I 285,I 285 and Collector Distributor,,Sideswipe-Same Direction,2,Clear,Dry,Daylight
2022-05-18T16:55:00.000,I 285,I 285 and Cobby Pkwy,,Rear End,2,Clear,Dry,Daylight
2021-03-05T08:00:00.000,I 285,I 285 and Cobb-Fulton River Brg,,Rear End,2,Clear,Dry,Daylight
2021-10-14T08:51:00.000,I 285,I 285 and Cobb-Fulton River Brg,,Rear End,2,Clear,Dry,Daylight
2022-11-20T13:10:00.000,I 285,I 285 and Cobb Pwky,,Sideswipe-Same Direction,2,Clear,Dry,Daylight
2023-09-12T08:49:00.000,I 285,I 285 and Cobb Pkwy.,,Rear End,2,Clear,Dry,Daylight
2023-05-16T17:28:00.000,I 285,I 285 and Cobb Pkwy.,,Rear End,2,Cloudy,Wet,Daylight
2021-06-29T10:45:00.000,I 285,I 285 and Cobb Pkwy Underpass,,Sideswipe-Same Direction,2,Cloudy,Dry,Daylight
2021-07-30T15:17:00.000,I 285,I 285 and Cobb Pkwy Underpass,,Sideswipe-Same Direction,2,Cloudy,Dry,Daylight
2021-06-20T21:55:00.000,I 285,I 285 and Cobb Pkwy Sr3,,Rear End,2,Cloudy,Dry,Dark-Lighted
2021-07-30T17:43:00.000,I 285,I 285 and Cobb Pkwy Entrance Rp,,Sideswipe-Same Direction,2,Cloudy,Dry,Daylight
2023-09-15T12:15:00.000,I 285,I 285 and Cobb Pkwy Entrance Rp,,Sideswipe-Same Direction,2,Cloudy,Dry,Daylight
2021-03-01T16:00:00.000,I 285,I 285 and Cobb Pkwy,,Rear End,2,Clear,Dry,Daylight
2021-06-12T21:55:00.000,I 285,I 285 and Cobb Pkwy,,Angle Crash,2,Clear,Dry,Dark-Not Lighted
2021-04-11T11:23:00.000,I 285,I 285 and Cobb Pkwy,,Angle Crash,3,Clear,Dry,Daylight
2021-04-18T16:30:00.000,I 285,I 285 and Cobb Pkwy,,Rear End,2,Clear,Dry,Daylight
2021-02-01T15:35:00.000,I 285,I 285 and Cobb Pkwy,,Sideswipe-Same Direction,2,Cloudy,Dry,Daylight
2021-01-31T03:43:00.000,I 285,I 285 and Cobb Pkwy,,Not a Collision with Motor Vehicle,1,Rain,Wet,Dark-Not Lighted
2021-02-18T04:40:00.000,I 285,I 285 and Cobb Pkwy,,Sideswipe-Same Direction,2,Rain,Water (standing or moving),Dark-Not Lighted
2021-05-01T18:55:00.000,I 285,I 285 and Cobb Pkwy,,Rear End,2,Clear,Dry,Daylight
2021-04-24T18:00:00.000,I 285,I 285 and Cobb Pkwy,,Rear End,2,Rain,Wet,Daylight
2021-04-25T20:57:00.000,I 285,I 285 and Cobb Pkwy,,Sideswipe-Same Direction,2,Clear,Dry,Dark-Lighted
2021-04-20T13:21:00.000,I 285,I 285 and Cobb Pkwy,,Rear End,2,Clear,Dry,Daylight
2021-11-12T12:15:00.000,I 285,I 285 and Cobb Pkwy,,Sideswipe-Same Direction,2,Clear,Dry,Daylight
2021-11-01T00:26:00.000,I 285,I 285 and Cobb Pkwy,,Rear End,2,Clear,Dry,Dark-Not Lighted
2021-11-01T00:35:00.000,I 285,I 285 and Cobb Pkwy,,Rear End,2,Clear,Dry,Dark-Not Lighted
2021-07-21T11:45:00.000,I 285,I 285 and Cobb Pkwy,,Sideswipe-Same Direction,2,Clear,Dry,Daylight
2021-09-19T11:49:00.000,I 285,I 285 and Cobb Pkwy,,Rear End,2,Cloudy,Wet,Daylight
2021-12-29T18:25:00.000,I 285,I 285 and Cobb Pkwy,,Rear End,2,Cloudy,Dry,Dark-Not Lighted
2021-07-23T04:35:00.000,I 285,I 285 and Cobb Pkwy,,Not a Collision with Motor Vehicle,1,Clear,Dry,Dark-Not Lighted
2021-12-23T05:00:00.000,I 285,I 285 and Cobb Pkwy,,Rear End,3,Cloudy,Dry,Dark-Not Lighted
2021-10-05T02:16:00.000,I 285,I 285 and Cobb Pkwy,,Not a Collision with Motor Vehicle,1,Clear,Wet,Dark-Lighted
2021-03-25T07:37:00.000,I 285,I 285 and Cobb Pkwy,,Rear End,2,Rain,Wet,Daylight
2021-03-14T15:03:00.000,I 285,I 285 and Cobb Pkwy,,Rear End,2,Clear,Dry,Daylight
2021-01-26T11:20:00.000,I 285,I 285 and Cobb Pkwy,,Not a Collision with Motor Vehicle,2,Clear,Wet,Daylight
2021-03-27T07:10:00.000,I 285,I 285 and Cobb Pkwy,,Sideswipe-Same Direction,2,Clear,Dry,Dark-Not Lighted
2021-06-25T16:55:00.000,I 285,I 285 and Cobb Pkwy,,Rear End,2,Clear,Dry,Daylight
2021-05-16T07:33:00.000,I 285,I 285 and Cobb Pkwy,,Sideswipe-Same Direction,2,Clear,Dry,Daylight
2021-04-28T18:45:00.000,I 285,I 285 and Cobb Pkwy,,Rear End,2,Cloudy,Dry,Daylight
2021-02-14T15:35:00.000,I 285,I 285 and Cobb Pkwy,,Rear End,2,Cloudy,Dry,Daylight
2021-01-30T20:36:00.000,I 285,I 285 and Cobb Pkwy,,Not a Collision with Motor Vehicle,1,Clear,Dry,Dark-Lighted
2021-05-02T10:26:00.000,I 285,I 285 and Cobb Pkwy,,Sideswipe-Same Direction,2,Cloudy,Dry,Daylight
2021-01-09T06:09:00.000,I 285,I 285 and Cobb Pkwy,,Rear End,2,Clear,Dry,Dark-Not Lighted
2021-01-02T09:55:00.000,I 285,I 285 and Cobb Pkwy,,Rear End,2,Clear,Dry,Daylight
2021-01-01T19:41:00.000,I 285,I 285 and Cobb Pkwy,,Rear End,3,Cloudy,Wet,Dark-Not Lighted
2021-04-13T23:05:00.000,I 285,I 285 and Cobb Pkwy,,Angle Crash,2,Clear,Dry,Dark-Lighted
2021-06-20T08:12:00.000,I 285,I 285 and Cobb Pkwy,,Sideswipe-Same Direction,2,Rain,Wet,Daylight
2021-04-06T20:56:00.000,I 285,I 285 and Cobb Pkwy,,Sideswipe-Same Direction,2,Clear,Dry,Dark-Not Lighted
2021-05-25T10:51:00.000,I 285,I 285 and Cobb Pkwy,,Sideswipe-Same Direction,3,Cloudy,Dry,Daylight
2021-03-09T03:00:00.000,I 285,I 285 and Cobb Pkwy,,Angle Crash,2,Clear,Wet,Daylight
2021-01-07T19:03:00.000,I 285,I 285 and Cobb Pkwy,,Rear End,2,Cloudy,Wet,Dark-Lighted
2021-01-19T09:50:00.000,I 285,I 285 and Cobb Pkwy,,Sideswipe-Same Direction,2,Clear,Dry,Daylight
2021-01-04T16:45:00.000,I 285,I 285 and Cobb Pkwy,,Rear End,2,Clear,Dry,Daylight
2021-01-12T15:00:00.000,I 285,I 285 and Cobb Pkwy,,Sideswipe-Same Direction,2,Cloudy,Dry,Daylight
2021-02-23T13:15:00.000,I 285,I 285 and Cobb Pkwy,,Rear End,2,Clear,Dry,Daylight
2021-06-08T23:31:00.000,I 285,I 285 and Cobb Pkwy,,Rear End,2,Rain,Wet,Dark-Not Lighted
2021-06-02T18:47:00.000,I 285,I 285 and Cobb Pkwy,,Angle Crash,2,Cloudy,Dry,Daylight
2021-04-14T17:24:00.000,I 285,I 285 and Cobb Pkwy,,Sideswipe-Same Direction,2,Cloudy,Wet,Daylight
2021-01-23T00:11:00.000,I 285,I 285 and Cobb Pkwy,,Angle Crash,2,Clear,Dry,Dark-Lighted
2021-06-22T07:25:00.000,I 285,I 285 and Cobb Pkwy,,Sideswipe-Same Direction,2,Rain,Wet,Daylight
2021-11-27T13:10:00.000,I 285,I 285 and Cobb Pkwy,,Rear End,2,Clear,Dry,Daylight
2021-08-05T07:52:00.000,I 285,I 285 and Cobb Pkwy,,Rear End,2,Clear,Dry,Daylight
2021-07-17T16:03:00.000,I 285,I 285 and Cobb Pkwy,,Sideswipe-Same Direction,2,Clear,Dry,Daylight
2021-09-05T21:37:00.000,I 285,I 285 and Cobb Pkwy,,Rear End,2,Clear,Dry,Dark-Not Lighted
2021-12-11T17:59:00.000,I 285,I 285 and Cobb Pkwy,,Rear End,3,Rain,Wet,Dark-Not Lighted
2021-10-06T17:04:00.000,I 285,I 285 and Cobb Pkwy,,Rear End,4,Cloudy,Dry,Daylight
2021-12-11T18:50:00.000,I 285,I 285 and Cobb Pkwy,,Rear End,2,Rain,Wet,Dark-Not Lighted
2021-08-22T10:37:00.000,I 285,I 285 and Cobb Pkwy,,Rear End,2,Cloudy,Dry,Daylight
2021-08-29T07:40:00.000,I 285,I 285 and Cobb Pkwy,,Rear End,2,Cloudy,Dry,Daylight
2021-07-07T11:30:00.000,I 285,I 285 and Cobb Pkwy,,Sideswipe-Same Direction,2,Cloudy,Dry,Daylight
2021-01-13T10:37:00.000,I 285,I 285 and Cobb Pkwy,,Sideswipe-Same Direction,2,Clear,Dry,Daylight
2021-02-02T16:15:00.000,I 285,I 285 and Cobb Pkwy,,Rear End,3,Clear,Dry,Daylight
2021-05-11T13:30:00.000,I 285,I 285 and Cobb Pkwy,,Rear End,2,Clear,Dry,Daylight
2021-10-14T00:51:00.000,I 285,I 285 and Cobb Pkwy,,Angle Crash,2,Clear,Dry,Dark-Not Lighted
2021-07-24T13:10:00.000,I 285,I 285 and Cobb Pkwy,,Angle Crash,2,Clear,Dry,Daylight
2021-08-07T20:34:00.000,I 285,I 285 and Cobb Pkwy,,Rear End,2,Clear,Dry,Dark-Lighted
2021-09-01T11:18:00.000,I 285,I 285 and Cobb Pkwy,,Rear End,2,Cloudy,Dry,Daylight
2021-12-29T22:42:00.000,I 285,I 285 and Cobb Pkwy,,Rear End,3,Clear,Dry,Dark-Lighted
2021-12-18T02:47:00.000,I 285,I 285 and Cobb Pkwy,,Rear End,2,Cloudy,Wet,Dark-Not Lighted
2021-11-09T16:32:00.000,I 285,I 285 and Cobb Pkwy,,Rear End,2,Clear,Dry,Daylight
2021-09-03T06:40:00.000,I 285,I 285 and Cobb Pkwy,,Rear End,2,Cloudy,Dry,Daylight
2021-09-11T22:30:00.000,I 285,I 285 and Cobb Pkwy,,Sideswipe-Same Direction,2,Clear,Dry,Dark-Lighted
2021-07-14T16:55:00.000,I 285,I 285 and Cobb Pkwy,,Rear End,2,Cloudy,Dry,Daylight
2021-09-14T12:34:00.000,I 285,I 285 and Cobb Pkwy,,Sideswipe-Same Direction,2,Cloudy,Dry,Daylight
2021-06-12T19:05:00.000,I 285,I 285 and Cobb Pkwy,,Angle Crash,2,Clear,Dry,Daylight
2021-06-12T16:20:00.000,I 285,I 285 and Cobb Pkwy,,Rear End,2,Clear,Dry,Daylight
2021-02-06T19:53:00.000,I 285,I 285 and Cobb Pkwy,,Rear End,2,Rain,Wet,Dark-Not Lighted
2021-02-21T16:33:00.000,I 285,I 285 and Cobb Pkwy,,Sideswipe-Same Direction,2,Clear,Dry,Daylight
2021-01-09T06:35:00.000,I 285,I 285 and Cobb Pkwy,,Angle Crash,2,Cloudy,Dry,Daylight
2021-06-08T23:31:00.000,I 285,I 285 and Cobb Pkwy,,Rear End,2,Clear,Wet,Dark-Lighted
2021-05-18T12:43:00.000,I 285,I 285 and Cobb Pkwy,,Sideswipe-Same Direction,2,Cloudy,Dry,Daylight
2021-04-24T10:03:00.000,I 285,I 285 and Cobb Pkwy,,Angle Crash,2,Rain,Water (standing or moving),Daylight
2021-06-02T15:15:00.000,I 285,I 285 and Cobb Pkwy,,Rear End,1,Clear,Dry,Daylight
2021-02-06T20:02:00.000,I 285,I 285 and Cobb Pkwy,,Rear End,2,Rain,Wet,Dark-Lighted
2021-02-19T12:20:00.000,I 285,I 285 and Cobb Pkwy,,Sideswipe-Same Direction,2,Clear,Dry,Daylight
2021-11-02T18:08:00.000,I 285,I 285 and Cobb Pkwy,,Sideswipe-Same Direction,2,Clear,Dry,Daylight
2021-10-30T00:50:00.000,I 285,I 285 and Cobb Pkwy,,Sideswipe-Same Direction,2,Cloudy,Wet,Dark-Lighted
2021-09-13T16:22:00.000,I 285,I 285 and Cobb Pkwy,,Sideswipe-Same Direction,2,Clear,Dry,Daylight
2021-11-01T00:52:00.000,I 285,I 285 and Cobb Pkwy,,Rear End,2,Cloudy,Dry,Dark-Not Lighted
2021-09-23T00:25:00.000,I 285,I 285 and Cobb Pkwy,,Rear End,2,Cloudy,Dry,Dark-Lighted
2021-07-17T19:08:00.000,I 285,I 285 and Cobb Pkwy,,Sideswipe-Same Direction,2,Clear,Dry,Daylight
2021-08-07T19:33:00.000,I 285,I 285 and Cobb Pkwy,,Angle Crash,4,Clear,Dry,Daylight
2021-09-15T13:06:00.000,I 285,I 285 and Cobb Pkwy,,Rear End,2,Rain,Wet,Daylight
2021-12-20T15:35:00.000,I 285,I 285 and Cobb Pkwy,,Angle Crash,2,Clear,Dry,Daylight
2021-12-28T23:10:00.000,I 285,I 285 and Cobb Pkwy,,Sideswipe-Same Direction,3,Cloudy,Dry,Dark-Lighted
2021-05-05T10:55:00.000,I 285,I 285 and Cobb Pkwy,,Angle Crash,2,Cloudy,Dry,Daylight
2021-05-29T18:00:00.000,I 285,I 285 and Cobb Pkwy,,Angle Crash,2,Clear,Dry,Daylight
2021-02-13T17:15:00.000,I 285,I 285 and Cobb Pkwy,,Angle Crash,2,Rain,Wet,Daylight
2021-06-29T16:55:00.000,I 285,I 285 and Cobb Pkwy,,Sideswipe-Same Direction,2,Cloudy,Dry,Daylight
2021-04-11T14:40:00.000,I 285,I 285 and Cobb Pkwy,,Sideswipe-Same Direction,2,Clear,Dry,Daylight
2021-06-13T06:40:00.000,I 285,I 285 and Cobb Pkwy,,Sideswipe-Same Direction,2,Clear,Dry,Dawn
2020-11-22T23:16:00.000,I 285,I 285 and Cobb Pkwy,,Sideswipe-Same Direction,2,Clear,Dry,Dark-Not Lighted
2020-08-26T19:30:00.000,I 285,I 285 and Cobb Pkwy,,Angle Crash,2,Cloudy,Dry,Daylight
2020-03-04T17:34:00.000,I 285,I 285 and Cobb Pkwy,,Sideswipe-Same Direction,2,Rain,Wet,Daylight
2020-09-21T16:40:00.000,I 285,I 285 and Cobb Pkwy,,Sideswipe-Same Direction,2,Clear,Dry,Daylight
2020-09-13T13:30:00.000,I 285,I 285 and Cobb Pkwy,,Rear End,2,Cloudy,Dry,Daylight
2023-07-28T12:45:00.000,I 285,I 285 and Cobb Pkwy,,Sideswipe-Same Direction,2,Clear,Dry,Daylight
2023-07-26T09:54:00.000,I 285,I 285 and Cobb Pkwy,,Rear End,2,Clear,Dry,Daylight
2023-09-02T14:25:00.000,I 285,I 285 and Cobb Pkwy,,Angle Crash,2,Cloudy,Dry,Daylight
2023-06-23T08:11:00.000,I 285,I 285 and Cobb Pkwy,,Sideswipe-Same Direction,2,Cloudy,Dry,Daylight
2023-12-13T15:58:00.000,I 285,I 285 and Cobb Pkwy,,Rear End,2,Clear,Dry,Daylight
2023-03-26T07:00:00.000,I 285,I 285 and Cobb Pkwy,,Not a Collision with Motor Vehicle,1,Cloudy,Dry,Daylight
2023-06-12T14:51:00.000,I 285,I 285 and Cobb Pkwy,,Not a Collision with Motor Vehicle,1,Clear,Dry,Daylight
2023-09-01T14:08:00.000,I 285,I 285 and Cobb Pkwy,,Rear End,2,Cloudy,Dry,Daylight
2023-04-26T11:05:00.000,I 285,I 285 and Cobb Pkwy,,Sideswipe-Same Direction,2,Cloudy,Dry,Daylight
2023-05-31T19:35:00.000,I 285,I 285 and Cobb Pkwy,,Sideswipe-Same Direction,2,Clear,Dry,Daylight
2023-12-06T20:30:00.000,I 285,I 285 and Cobb Pkwy,,Sideswipe-Same Direction,2,Clear,Dry,Dark-Not Lighted
2023-10-26T09:05:00.000,I 285,I 285 and Cobb Pkwy,,Sideswipe-Same Direction,2,Clear,Dry,Daylight
2023-11-06T08:15:00.000,I 285,I 285 and Cobb Pkwy,,Angle Crash,2,Clear,Dry,Daylight
2023-01-09T14:35:00.000,I 285,I 285 and Cobb Pkwy,,Sideswipe-Same Direction,2,Clear,Dry,Dark-Not Lighted
2023-12-09T21:09:00.000,I 285,I 285 and Cobb Pkwy,,Rear End,3,Rain,Wet,Dark-Lighted
2023-11-28T15:27:00.000,I 285,I 285 and Cobb Pkwy,,Rear End,2,Clear,Dry,Daylight
2023-02-22T19:01:00.000,I 285,I 285 and Cobb Pkwy,,Rear End,2,Clear,Dry,Dark-Lighted
2023-03-02T17:35:00.000,I 285,I 285 and Cobb Pkwy,,Rear End,2,Rain,Wet,Daylight
2023-11-19T15:00:00.000,I 285,I 285 and Cobb Pkwy,,Rear End,2,Clear,Dry,Daylight
2023-05-07T13:37:00.000,I 285,I 285 and Cobb Pkwy,,Rear End,2,Clear,Dry,Daylight
2023-03-29T09:42:00.000,I 285,I 285 and Cobb Pkwy,,Angle Crash,2,Clear,Dry,Daylight
2023-12-19T19:00:00.000,I 285,I 285 and Cobb Pkwy,,Rear End,2,Clear,Dry,Dark-Lighted
2023-09-19T11:41:00.000,I 285,I 285 and Cobb Pkwy,,Sideswipe-Same Direction,2,Clear,Dry,Daylight
2023-09-04T00:31:00.000,I 285,I 285 and Cobb Pkwy,,Sideswipe-Same Direction,2,Clear,Dry,Dark-Not Lighted
2023-04-16T14:52:00.000,I 285,I 285 and Cobb Pkwy,,Sideswipe-Same Direction,2,Clear,Dry,Daylight
2023-08-02T14:18:00.000,I 285,I 285 and Cobb Pkwy,,Sideswipe-Same Direction,2,Clear,Dry,Daylight
2023-11-10T22:45:00.000,I 285,I 285 and Cobb Pkwy,,Rear End,2,Cloudy,Dry,Dark-Not Lighted
2023-01-04T15:00:00.000,I 285,I 285 and Cobb Pkwy,,Rear End,2,Clear,Dry,Daylight
2023-06-17T19:04:00.000,I 285,I 285 and Cobb Pkwy,,Rear End,2,Clear,Dry,Daylight
2023-05-03T17:58:00.000,I 285,I 285 and Cobb Pkwy,,Sideswipe-Same Direction,2,Clear,Dry,Daylight
2023-12-28T06:43:00.000,I 285,I 285 and Cobb Pkwy,,Sideswipe-Same Direction,2,Clear,Dry,Dark-Not Lighted
2023-11-05T14:56:00.000,I 285,I 285 and Cobb Pkwy,,Sideswipe-Same Direction,2,Clear,Dry,Daylight
2023-07-12T12:38:00.000,I 285,I 285 and Cobb Pkwy,,Sideswipe-Same Direction,2,Clear,Dry,Daylight
2023-12-26T15:00:00.000,I 285,I 285 and Cobb Pkwy,,Not a Collision with Motor Vehicle,1,Rain,Wet,Daylight
2023-04-02T02:10:00.000,I 285,I 285 and Cobb Pkwy,,Sideswipe-Same Direction,2,Clear,Dry,Dark-Not Lighted
2023-03-14T15:30:00.000,I 285,I 285 and Cobb Pkwy,,Sideswipe-Same Direction,2,Clear,Dry,Daylight
2023-02-18T17:10:00.000,I 285,I 285 and Cobb Pkwy,,Rear End,2,Clear,Dry,Daylight
2023-12-10T04:30:00.000,I 285,I 285 and Cobb Pkwy,,Not a Collision with Motor Vehicle,1,Rain,Wet,Dark-Not Lighted
2023-06-14T12:30:00.000,I 285,I 285 and Cobb Pkwy,,Rear End,2,Cloudy,Dry,Daylight
2023-04-25T06:45:00.000,I 285,I 285 and Cobb Pkwy,,Angle Crash,2,Clear,Dry,Daylight
2023-11-19T15:00:00.000,I 285,I 285 and Cobb Pkwy,,Rear End,2,Clear,Dry,Daylight
2023-05-10T16:28:00.000,I 285,I 285 and Cobb Pkwy,,Rear End,2,Cloudy,Dry,Daylight
2023-10-08T00:33:00.000,I 285,I 285 and Cobb Pkwy,,Rear End,2,Clear,Dry,Dark-Lighted
2023-12-16T17:14:00.000,I 285,I 285 and Cobb Pkwy,,Rear End,2,Cloudy,Dry,Daylight
2023-05-19T21:00:00.000,I 285,I 285 and Cobb Pkwy,,Sideswipe-Same Direction,1,Clear,Dry,Dark-Lighted
2023-06-02T13:10:00.000,I 285,I 285 and Cobb Pkwy,,Sideswipe-Same Direction,2,Clear,Dry,Daylight
2023-10-14T13:07:00.000,I 285,I 285 and Cobb Pkwy,,Sideswipe-Same Direction,2,Cloudy,Dry,Daylight
2023-08-06T20:30:00.000,I 285,I 285 and Cobb Pkwy,,Angle Crash,2,Cloudy,Wet,Dark-Lighted
2023-03-15T10:26:00.000,I 285,I 285 and Cobb Pkwy,,Sideswipe-Same Direction,2,Clear,Dry,Daylight
2023-01-24T09:02:00.000,I 285,I 285 and Cobb Pkwy,,Rear End,3,Clear,Dry,Daylight
2023-04-24T12:56:00.000,I 285,I 285 and Cobb Pkwy,,Rear End,2,Clear,Dry,Daylight
2023-04-25T06:06:00.000,I 285,I 285 and Cobb Pkwy,,Rear End,2,Clear,Dry,Daylight
2023-09-20T11:22:00.000,I 285,I 285 and Cobb Pkwy,,Rear End,2,Cloudy,Dry,Daylight
2023-03-02T20:14:00.000,I 285,I 285 and Cobb Pkwy,,Rear End,2,Cloudy,Wet,Dark-Lighted
2023-04-29T01:38:00.000,I 285,I 285 and Cobb Pkwy,,Sideswipe-Same Direction,3,Clear,Dry,Dark-Lighted
2023-12-25T18:33:00.000,I 285,I 285 and Cobb Pkwy,,Sideswipe-Same Direction,2,Rain,Wet,Dark-Lighted
2023-07-30T14:42:00.000,I 285,I 285 and Cobb Pkwy,,Rear End,3,Clear,Dry,Daylight
2023-04-05T16:23:00.000,I 285,I 285 and Cobb Pkwy,,Sideswipe-Same Direction,2,Clear,Dry,Daylight
2023-03-27T01:07:00.000,I 285,I 285 and Cobb Pkwy,,Not a Collision with Motor Vehicle,1,Rain,Wet,Dark-Lighted
2023-01-27T18:22:00.000,I 285,I 285 and Cobb Pkwy,,Rear End,2,Clear,Dry,Dark-Not Lighted
2023-12-05T08:25:00.000,I 285,I 285 and Cobb Pkwy,,Sideswipe-Same Direction,2,Clear,Dry,Daylight
2023-12-10T13:05:00.000,I 285,I 285 and Cobb Pkwy,,Not a Collision with Motor Vehicle,1,Rain,Wet,Daylight
2023-01-30T12:50:00.000,I 285,I 285 and Cobb Pkwy,,Rear End,3,Fog,Wet,Daylight
2023-02-02T10:41:00.000,I 285,I 285 and Cobb Pkwy,,Sideswipe-Same Direction,2,Rain,Wet,Daylight
2023-06-11T13:05:00.000,I 285,I 285 and Cobb Pkwy,,Angle Crash,2,Cloudy,Dry,Daylight
2023-03-06T12:11:00.000,I 285,I 285 and Cobb Pkwy,,Sideswipe-Same Direction,2,Clear,Dry,Daylight
2023-06-07T08:51:00.000,I 285,I 285 and Cobb Pkwy,,Angle Crash,2,Clear,Dry,Daylight
2023-07-30T15:35:00.000,I 285,I 285 and Cobb Pkwy,,Rear End,2,Cloudy,Dry,Daylight