Date and Time,Roadway (From Crash Report),Intersection Name (from Crash Report),KABCO Severity,Manner of Collision (Crash Level) ,# of Vehicles per crash ,Weather Conditions (Crash Level),Surface Condition (Crash Level) ,Light Conditions (Crash Level)
2023-04-25T11:30:00.000,I 285,I 285 and Cobb Pkwy,,Rear End,2,Clear,Dry,Daylight
2023-06-03T18:02:00.000,I 285,I 285 and Cobb Pkwy,,Rear End,3,Clear,Dry,Daylight
2023-12-08T15:50:00.000,I 285,I 285 and Cobb Pkwy,,Sideswipe-Same Direction,2,Clear,Dry,Daylight
2023-05-07T14:30:00.000,I 285,I 285 and Cobb Pkwy,,Rear End,2,Cloudy,Dry,Daylight
2023-08-17T12:13:00.000,I 285,I 285 and Cobb Pkwy,,Rear End,4,Cloudy,Dry,Daylight
2023-02-03T15:00:00.000,I 285,I 285 and Cobb Pkwy,,Rear End,2,Clear,Dry,Daylight
2023-09-22T15:36:00.000,I 285,I 285 and Cobb Pkwy,,Sideswipe-Same Direction,2,Clear,Dry,Daylight
2023-07-09T20:45:00.000,I 285,I 285 and Cobb Pkwy,,Not a Collision with Motor Vehicle,1,Clear,Dry,Dark-Not Lighted
2023-10-07T22:22:00.000,I 285,I 285 and Cobb Pkwy,,Sideswipe-Same Direction,2,Cloudy,Dry,Dark-Not Lighted
2023-09-02T18:17:00.000,I 285,I 285 and Cobb Pkwy,,Rear End,2,Clear,Dry,Daylight
2023-11-11T20:03:00.000,I 285,I 285 and Cobb Pkwy,,Rear End,2,Rain,Wet,Dark-Not Lighted
2023-07-30T14:42:00.000,I 285,I 285 and Cobb Pkwy,,Rear End,2,Clear,Dry,Daylight
2023-01-24T05:17:00.000,I 285,I 285 and Cobb Pkwy,,Sideswipe-Same Direction,1,Clear,Dry,Dark-Lighted
2023-06-17T13:08:00.000,I 285,I 285 and Cobb Pkwy,,Rear End,3,Clear,Dry,Daylight
2023-03-31T20:22:00.000,I 285,I 285 and Cobb Pkwy,,Rear End,2,Clear,Dry,Daylight
2023-08-26T14:36:00.000,I 285,I 285 and Cobb Pkwy,,Rear End,2,Clear,Dry,Daylight
2023-08-28T16:11:00.000,I 285,I 285 and Cobb Pkwy,,Rear End,2,Cloudy,Dry,Daylight
2023-04-07T22:15:00.000,I 285,I 285 and Cobb Pkwy,,Sideswipe-Same Direction,2,Clear,Dry,Dark-Lighted
2023-12-13T16:40:00.000,I 285,I 285 and Cobb Pkwy,,Sideswipe-Same Direction,2,Clear,Dry,Daylight
2023-06-08T08:10:00.000,I 285,I 285 and Cobb Pkwy,,Rear End,3,Cloudy,Dry,Daylight
2023-07-15T22:52:00.000,I 285,I 285 and Cobb Pkwy,,Rear End,2,Cloudy,Dry,Dark-Lighted
2023-09-10T16:32:00.000,I 285,I 285 and Cobb Pkwy,,Rear End,2,Clear,Dry,Daylight
2023-05-19T13:45:00.000,I 285,I 285 and Cobb Pkwy,,Sideswipe-Same Direction,2,Clear,Dry,Daylight
2023-05-18T06:00:00.000,I 285,I 285 and Cobb Pkwy,,Rear End,2,Clear,Dry,Dark-Not Lighted
2023-05-21T14:55:00.000,I 285,I 285 and Cobb Pkwy,,Sideswipe-Same Direction,2,Clear,Dry,Daylight
2023-05-27T17:58:00.000,I 285,I 285 and Cobb Pkwy,,Sideswipe-Same Direction,2,Clear,Dry,Daylight
2023-10-06T19:12:00.000,I 285,I 285 and Cobb Pkwy,,Rear End,2,Cloudy,Wet,Dark-Not Lighted
2023-08-30T06:02:00.000,I 285,I 285 and Cobb Pkwy,,Sideswipe-Same Direction,2,Cloudy,Other,Dark-Not Lighted
2023-03-04T19:05:00.000,I 285,I 285 and Cobb Pkwy,,Rear End,3,Clear,Dry,Dark-Not Lighted
2023-03-06T03:05:00.000,I 285,I 285 and Cobb Pkwy,,Not a Collision with Motor Vehicle,1,Clear,Dry,Dark-Not Lighted
2023-11-22T18:15:00.000,I 285,I 285 and Cobb Pkwy,,Angle Crash,2,Clear,Dry,Dark-Not Lighted
2023-11-27T18:02:00.000,I 285,I 285 and Cobb Pkwy,,Rear End,2,Clear,Dry,Dark-Lighted
2023-11-30T07:53:00.000,I 285,I 285 and Cobb Pkwy,,Rear End,2,Clear,Dry,Daylight
2023-02-08T10:15:00.000,I 285,I 285 and Cobb Pkwy,,Sideswipe-Same Direction,2,Clear,Dry,Daylight
2023-11-01T07:22:00.000,I 285,I 285 and Cobb Pkwy,,Sideswipe-Same Direction,2,Clear,Dry,Daylight
2023-12-02T14:31:00.000,I 285,I 285 and Cobb Pkwy,,Rear End,3,Fog,Wet,Daylight
2023-06-02T11:30:00.000,I 285,I 285 and Cobb Pkwy,,Sideswipe-Same Direction,2,Clear,Dry,Daylight
2022-09-25T12:54:00.000,I 285,I 285 and Cobb Pkwy,,Sideswipe-Same Direction,2,Cloudy,Dry,Daylight
2022-05-21T13:20:00.000,I 285,I 285 and Cobb Pkwy,,Rear End,2,Cloudy,Dry,Daylight
2022-08-14T15:04:00.000,I 285,I 285 and Cobb Pkwy,,Sideswipe-Same Direction,2,Clear,Dry,Daylight
2022-03-07T10:31:00.000,I 285,I 285 and Cobb Pkwy,,Not a Collision with Motor Vehicle,1,Cloudy,Dry,Daylight
2022-12-23T12:56:00.000,I 285,I 285 and Cobb Pkwy,,Sideswipe-Same Direction,2,Clear,Dry,Daylight
2022-06-08T22:55:00.000,I 285,I 285 and Cobb Pkwy,,Rear End,3,Rain,Wet,Dark-Lighted
2022-09-15T17:12:00.000,I 285,I 285 and Cobb Pkwy,,Rear End,2,Clear,Dry,Daylight
2022-11-16T20:00:00.000,I 285,I 285 and Cobb Pkwy,,Rear End,2,Clear,Dry,Dark-Lighted
2022-04-03T18:32:00.000,I 285,I 285 and Cobb Pkwy,,Sideswipe-Same Direction,2,Clear,Dry,Daylight
2022-07-22T18:41:00.000,I 285,I 285 and Cobb Pkwy,,Not a Collision with Motor Vehicle,2,Cloudy,Dry,Daylight
2022-06-13T11:37:00.000,I 285,I 285 and Cobb Pkwy,,Not a Collision with Motor Vehicle,2,Cloudy,Dry,Daylight
2022-08-28T14:54:00.000,I 285,I 285 and Cobb Pkwy,,Rear End,2,Clear,Dry,Daylight
2022-04-21T09:42:00.000,I 285,I 285 and Cobb Pkwy,,Not a Collision with Motor Vehicle,1,Cloudy,Dry,Daylight
2023-08-14T07:16:00.000,I 285,I 285 and Cobb Pkwy,,Sideswipe-Same Direction,2,Clear,Dry,Daylight
2022-01-13T06:41:00.000,I 285,I 285 and Cobb Pkwy,,Sideswipe-Same Direction,2,Clear,Dry,Dark-Lighted
2022-11-17T20:08:00.000,I 285,I 285 and Cobb Pkwy,,Rear End,2,Clear,Dry,Dark-Lighted
2021-12-18T04:25:00.000,I 285,I 285 and Cobb Pkwy,,Not a Collision with Motor Vehicle,1,Fog,Wet,Dark-Lighted
2021-05-02T13:57:00.000,I 285,I 285 and Cobb Pkwy,,Sideswipe-Same Direction,2,Cloudy,Dry,Daylight
2020-02-19T10:15:00.000,I 285,I 285 and Cobb Pkwy,,Sideswipe-Same Direction,2,Cloudy,Dry,Daylight
2020-11-11T19:42:00.000,I 285,I 285 and Cobb Pkwy,,Sideswipe-Same Direction,2,Rain,Wet,Dark-Not Lighted
2020-01-06T00:00:00.000,I 285,I 285 and Cobb Pkwy,,Rear End,2,Clear,Dry,Daylight
2020-02-11T20:45:00.000,I 285,I 285 and Cobb Pkwy,,Sideswipe-Same Direction,2,Cloudy,Wet,Dark-Lighted
2020-10-17T13:26:00.000,I 285,I 285 and Cobb Pkwy,,Rear End,3,Clear,Dry,Daylight
2020-02-18T17:36:00.000,I 285,I 285 and Cobb Pkwy,,Angle Crash,2,Rain,Wet,Daylight
2020-05-26T13:17:00.000,I 285,I 285 and Cobb Pkwy,,Rear End,2,Cloudy,Dry,Daylight
2020-10-17T15:18:00.000,I 285,I 285 and Cobb Pkwy,,Rear End,2,Clear,Dry,Daylight
2020-11-19T17:44:00.000,I 285,I 285 and Cobb Pkwy,,Rear End,2,Cloudy,Dry,Dark-Not Lighted
2020-09-07T08:25:00.000,I 285,I 285 and Cobb Pkwy,,Sideswipe-Same Direction,2,Clear,Dry,Daylight
2020-10-03T17:40:00.000,I 285,I 285 and Cobb Pkwy,,Sideswipe-Same Direction,2,Clear,Dry,Daylight
2020-06-27T15:50:00.000,I 285,I 285 and Cobb Pkwy,,Sideswipe-Same Direction,2,Clear,Dry,Daylight
2020-09-21T15:26:00.000,I 285,I 285 and Cobb Pkwy,,Sideswipe-Same Direction,2,Clear,Dry,Daylight
2020-08-16T01:37:00.000,I 285,I 285 and Cobb Pkwy,,Rear End,2,Clear,Dry,Dark-Lighted
2020-01-22T15:00:00.000,I 285,I 285 and Cobb Pkwy,,Sideswipe-Same Direction,2,Cloudy,Dry,Daylight
2020-08-16T17:10:00.000,I 285,I 285 and Cobb Pkwy,,Rear End,2,Clear,Dry,Daylight
2020-09-13T16:07:00.000,I 285,I 285 and Cobb Pkwy,,Rear End,2,Clear,Dry,Daylight
2020-08-15T22:50:00.000,I 285,I 285 and Cobb Pkwy,,Sideswipe-Same Direction,2,Clear,Dry,Dark-Lighted
2020-12-19T15:10:00.000,I 285,I 285 and Cobb Pkwy,,Rear End,2,Clear,Dry,Daylight
2020-07-14T15:38:00.000,I 285,I 285 and Cobb Pkwy,,Not a Collision with Motor Vehicle,1,Clear,Dry,Daylight
2020-07-06T18:53:00.000,I 285,I 285 and Cobb Pkwy,,Rear End,2,Rain,Wet,Daylight
2020-12-13T03:52:00.000,I 285,I 285 and Cobb Pkwy,,Not a Collision with Motor Vehicle,1,Cloudy,Wet,Dark-Lighted
2020-01-24T20:35:00.000,I 285,I 285 and Cobb Pkwy,,Sideswipe-Same Direction,2,Clear,Dry,Dark-Not Lighted
2020-06-22T21:50:00.000,I 285,I 285 and Cobb Pkwy,,Rear End,2,Clear,Dry,Dark-Not Lighted
2020-11-07T17:30:00.000,I 285,I 285 and Cobb Pkwy,,Angle Crash,2,Clear,Dry,Dusk
2020-01-23T20:07:00.000,I 285,I 285 and Cobb Pkwy,,Sideswipe-Same Direction,2,Rain,Wet,Dark-Not Lighted
2020-06-30T13:04:00.000,I 285,I 285 and Cobb Pkwy,,Rear End,1,Cloudy,Dry,Daylight
2020-11-14T14:05:00.000,I 285,I 285 and Cobb Pkwy,,Rear End,2,Clear,Dry,Daylight
2020-03-17T14:10:00.000,I 285,I 285 and Cobb Pkwy,,Rear End,2,Clear,Dry,Daylight
2020-03-01T17:45:00.000,I 285,I 285 and Cobb Pkwy,,Sideswipe-Same Direction,2,Clear,Dry,Daylight
2020-03-24T20:30:00.000,I 285,I 285 and Cobb Pkwy,,Sideswipe-Same Direction,2,Clear,Dry,Dark-Lighted
2020-10-16T14:06:00.000,I 285,I 285 and Cobb Pkwy,,Not a Collision with Motor Vehicle,1,Clear,Dry,Daylight
2020-06-06T10:27:00.000,I 285,I 285 and Cobb Pkwy,,Rear End,2,Cloudy,Dry,Daylight
2020-10-21T14:56:00.000,I 285,I 285 and Cobb Pkwy,,Angle Crash,2,Clear,Dry,Daylight
2020-02-17T19:55:00.000,I 285,I 285 and Cobb Pkwy,,Sideswipe-Same Direction,2,Clear,Dry,Dark-Not Lighted
2020-11-29T21:25:00.000,I 285,I 285 and Cobb Pkwy,,Not a Collision with Motor Vehicle,1,Rain,Wet,Dark-Lighted
2020-05-01T01:15:00.000,I 285,I 285 and Cobb Pkwy,,Not a Collision with Motor Vehicle,1,Clear,Dry,Dark-Lighted
2020-03-24T14:39:00.000,I 285,I 285 and Cobb Pkwy,,Rear End,3,Cloudy,Wet,Daylight
2020-07-18T19:00:00.000,I 285,I 285 and Cobb Pkwy,,Rear End,2,Cloudy,Wet,Daylight
2020-01-15T07:30:00.000,I 285,I 285 and Cobb Pkwy,,Rear End,2,Cloudy,Wet,Daylight
2020-02-20T17:52:00.000,I 285,I 285 and Cobb Pkwy,,Rear End,2,Rain,Wet,Daylight
2020-03-10T14:15:00.000,I 285,I 285 and Cobb Pkwy,,Sideswipe-Same Direction,2,Cloudy,Dry,Daylight
2020-11-18T18:16:00.000,I 285,I 285 and Cobb Pkwy,,Rear End,2,Clear,Dry,Dark-Lighted
2020-02-13T07:41:00.000,I 285,I 285 and Cobb Pkwy,,Rear End,2,Rain,Wet,Dark-Not Lighted
2020-06-22T11:49:00.000,I 285,I 285 and Cobb Pkwy,,Sideswipe-Same Direction,2,Clear,Dry,Daylight
2020-12-12T22:45:00.000,I 285,I 285 and Cobb Pkwy,,Angle Crash,4,Clear,Wet,Dark-Not Lighted
2020-08-16T10:42:00.000,I 285,I 285 and Cobb Pkwy,,Not a Collision with Motor Vehicle,1,Clear,Dry,Daylight
2020-08-05T15:50:00.000,I 285,I 285 and Cobb Pkwy,,Rear End,2,Clear,Dry,Daylight
2020-05-17T22:00:00.000,I 285,I 285 and Cobb Pkwy,,Rear End,2,Rain,Wet,Dark-Not Lighted
2020-08-11T07:28:00.000,I 285,I 285 and Cobb Pkwy,,Rear End,2,Clear,Dry,Daylight
2020-09-22T17:18:00.000,I 285,I 285 and Cobb Pkwy,,Sideswipe-Same Direction,2,Cloudy,Dry,Daylight
2020-07-10T21:03:00.000,I 285,I 285 and Cobb Pkwy,,Not a Collision with Motor Vehicle,1,Clear,Dry,Dark-Lighted
2020-08-20T16:35:00.000,I 285,I 285 and Cobb Pkwy,,Sideswipe-Same Direction,2,Cloudy,Dry,Daylight
2020-02-08T18:40:00.000,I 285,I 285 and Cobb Pkwy,,Rear End,2,Clear,Wet,Dark-Lighted
2020-04-01T05:31:00.000,I 285,I 285 and Cobb Pkwy,,Sideswipe-Same Direction,2,Clear,Dry,Dark-Lighted
2020-01-06T13:40:00.000,I 285,I 285 and Cobb Pkwy,,Rear End,2,Cloudy,Dry,Daylight
2020-07-22T01:00:00.000,I 285,I 285 and Cobb Pkwy,,Sideswipe-Same Direction,2,Cloudy,Wet,Dark-Not Lighted
2020-05-27T16:26:00.000,I 285,I 285 and Cobb Pkwy,,Rear End,2,Cloudy,Wet,Daylight
2020-12-13T16:25:00.000,I 285,I 285 and Cobb Pkwy,,Rear End,2,Clear,Dry,Daylight
2020-01-31T18:00:00.000,I 285,I 285 and Cobb Pkwy,,Rear End,2,Cloudy,Dry,Dark-Lighted
2020-03-06T10:39:00.000,I 285,I 285 and Cobb Pkwy,,Rear End,2,Clear,Dry,Daylight
2020-08-19T15:28:00.000,I 285,I 285 and Cobb Pkwy,,Angle Crash,2,Clear,Dry,Daylight
2020-10-11T10:33:00.000,I 285,I 285 and Cobb Pkwy,,Angle Crash,2,Rain,Wet,Daylight
2020-07-18T20:16:00.000,I 285,I 285 and Cobb Pkwy,,Not a Collision with Motor Vehicle,1,Clear,Wet,Daylight
2020-12-26T13:10:00.000,I 285,I 285 and Cobb Pkwy,,Rear End,2,Clear,Ice/Frost,Daylight
2020-02-13T08:24:00.000,I 285,I 285 and Cobb Pkwy,,Rear End,2,Rain,Wet,Daylight
2020-12-04T02:22:00.000,I 285,I 285 and Cobb Pkwy,,Rear End,2,Clear,Dry,Dark-Not Lighted
2020-09-16T06:00:00.000,I 285,I 285 and Cobb Pkwy,,Not a Collision with Motor Vehicle,1,Cloudy,Dry,Dark-Not Lighted
2020-12-30T20:00:00.000,I 285,I 285 and Cobb Pkwy,,Sideswipe-Same Direction,2,Cloudy,Dry,Dark-Not Lighted
2020-10-12T19:30:00.000,I 285,I 285 and Cobb Pkwy,,Sideswipe-Same Direction,2,Clear,Dry,Dark-Not Lighted
2020-10-10T08:50:00.000,I 285,I 285 and Cobb Pkwy,,Not a Collision with Motor Vehicle,1,Rain,Wet,Daylight
2020-02-19T09:20:00.000,I 285,I 285 and Cobb Pkwy,,Rear End,2,Cloudy,Dry,Daylight
2020-09-10T17:03:00.000,I 285,I 285 and Cobb Pkwy,,Rear End,2,Cloudy,Dry,Daylight
2020-01-23T16:08:00.000,I 285,I 285 and Cobb Pkwy,,Sideswipe-Same Direction,2,Cloudy,Wet,Daylight
2020-03-08T10:44:00.000,I 285,I 285 and Cobb Pkwy,,Sideswipe-Same Direction,2,Clear,Dry,Daylight
2020-10-15T18:13:00.000,I 285,I 285 and Cobb Pkwy,,Sideswipe-Same Direction,2,Cloudy,Dry,Daylight
2020-03-13T13:55:00.000,I 285,I 285 and Cobb Pkwy,,Rear End,2,Cloudy,Dry,Daylight
2020-11-25T07:48:00.000,I 285,I 285 and Cobb Pkwy,,Rear End,2,Cloudy,Dry,Daylight
2020-05-20T02:17:00.000,I 285,I 285 and Cobb Pkwy,,Not a Collision with Motor Vehicle,1,Rain,Wet,Dark-Not Lighted
2020-09-21T15:15:00.000,I 285,I 285 and Cobb Pkwy,,Sideswipe-Same Direction,2,Clear,Dry,Daylight
2020-07-18T13:50:00.000,I 285,I 285 and Cobb Pkwy,,Sideswipe-Same Direction,2,Cloudy,Dry,Daylight
2020-11-03T10:50:00.000,I 285,I 285 and Cobb Pkwy,,Sideswipe-Opposite Direction,2,Clear,Dry,Daylight
2020-07-18T19:56:00.000,I 285,I 285 and Cobb Pkwy,,Angle Crash,2,Cloudy,Wet,Daylight
2020-12-20T11:24:00.000,I 285,I 285 and Cobb Pkwy,,Rear End,2,Cloudy,Dry,Daylight
2020-09-12T14:36:00.000,I 285,I 285 and Cobb Pkwy,,Rear End,2,Clear,Dry,Daylight
2020-05-16T16:45:00.000,I 285,I 285 and Cobb Pkwy,,Angle Crash,2,Clear,Dry,Daylight
2020-02-05T06:43:00.000,I 285,I 285 and Cobb Pkwy,,Rear End,2,Rain,Wet,Dark-Not Lighted
2020-10-07T17:15:00.000,I 285,I 285 and Cobb Pkwy,,Rear End,2,Clear,Dry,Daylight
2020-05-06T23:25:00.000,I 285,I 285 and Cobb Pkwy,,Angle Crash,2,Clear,Dry,Dark-Lighted
2020-08-20T19:45:00.000,I 285,I 285 and Cobb Pkwy,,Not a Collision with Motor Vehicle,1,Rain,Wet,Dawn
2020-02-13T07:26:00.000,I 285,I 285 and Cobb Pkwy,,Rear End,3,Rain,Wet,Dark-Not Lighted
2020-03-10T18:02:00.000,I 285,I 285 and Cobb Pkwy,,Rear End,2,Clear,Dry,Daylight
2020-01-30T20:33:00.000,I 285,I 285 and Cobb Pkwy,,Sideswipe-Same Direction,2,Clear,Dry,Dark-Not Lighted
2020-09-12T15:30:00.000,I 285,I 285 and Cobb Pkwy,,Rear End,2,Clear,Dry,Daylight
2020-03-06T19:30:00.000,I 285,I 285 and Cobb Pkwy,,Sideswipe-Same Direction,2,Clear,Dry,Dark-Lighted
2020-03-17T14:10:00.000,I 285,I 285 and Cobb Pkwy,,Rear End,2,Clear,Dry,Daylight
2020-04-28T06:33:00.000,I 285,I 285 and Cobb Pkwy,,Sideswipe-Same Direction,2,Cloudy,Dry,Daylight
2020-04-16T10:10:00.000,I 285,I 285 and Cobb Pkwy,,Sideswipe-Same Direction,2,Clear,Dry,Daylight
2020-10-03T13:40:00.000,I 285,I 285 and Cobb Pkwy,,Rear End,3,Clear,Dry,Daylight
2020-08-08T16:15:00.000,I 285,I 285 and Cobb Pkwy,,Rear End,3,Clear,Dry,Daylight
2020-10-10T11:47:00.000,I 285,I 285 and Cobb Pkwy,,Rear End,3,Cloudy,Wet,Daylight
2020-12-26T12:04:00.000,I 285,I 285 and Cobb Pkwy,,Rear End,2,Clear,Ice/Frost,Daylight
2020-05-06T17:55:00.000,I 285,I 285 and Cobb Pkwy,,Not a Collision with Motor Vehicle,1,Cloudy,Dry,Daylight
2020-12-25T21:29:00.000,I 285,I 285 and Cobb Pkwy,,Sideswipe-Same Direction,1,Clear,Dry,Dark-Lighted
2020-02-06T14:10:00.000,I 285,I 285 and Cobb Pkwy,,Sideswipe-Same Direction,1,Rain,Wet,Daylight
2020-01-11T12:16:00.000,I 285,I 285 and Cobb Pkwy,,Rear End,2,Rain,Wet,Daylight
2020-04-14T08:48:00.000,I 285,I 285 and Cobb Pkwy,,Sideswipe-Same Direction,2,Clear,Dry,Daylight
2020-01-21T18:00:00.000,I 285,I 285 and Cobb Pkwy,,Sideswipe-Same Direction,2,Clear,Dry,Daylight
2020-03-02T08:14:00.000,I 285,I 285 and Cobb Pkwy,,Rear End,3,Cloudy,Dry,Daylight
2020-05-22T19:06:00.000,I 285,I 285 and Cobb Pkwy,,Rear End,2,Clear,Dry,Daylight
2021-03-16T01:35:00.000,I 285,I 285 and Cobb Pkwy,,Not a Collision with Motor Vehicle,1,Rain,Wet,Dark-Lighted
2021-06-15T15:15:00.000,I 285,I 285 and Cobb Pkwy,,Rear End,2,Clear,Dry,Daylight
2021-01-14T21:18:00.000,I 285,I 285 and Cobb Pkwy,,Rear End,2,Clear,Dry,Dark-Lighted
2021-01-24T06:39:00.000,I 285,I 285 and Cobb Pkwy,,Sideswipe-Same Direction,4,Clear,Dry,Dark-Not Lighted
2021-06-02T20:21:00.000,I 285,I 285 and Cobb Pkwy,,Sideswipe-Same Direction,2,Clear,Dry,Dawn
2021-05-15T15:58:00.000,I 285,I 285 and Cobb Pkwy,,Rear End,2,Clear,Dry,Daylight
2021-06-30T17:25:00.000,I 285,I 285 and Cobb Pkwy,,Sideswipe-Same Direction,2,Cloudy,Dry,Daylight
2021-04-18T19:09:00.000,I 285,I 285 and Cobb Pkwy,,Sideswipe-Same Direction,2,Clear,Dry,Daylight
2021-01-07T19:22:00.000,I 285,I 285 and Cobb Pkwy,,Sideswipe-Same Direction,2,Rain,Wet,Dark-Not Lighted
2021-03-31T16:28:00.000,I 285,I 285 and Cobb Pkwy,,Rear End,2,Rain,Wet,Daylight
2021-03-31T18:40:00.000,I 285,I 285 and Cobb Pkwy,,Rear End,2,Rain,Wet,Daylight
2021-04-28T20:13:00.000,I 285,I 285 and Cobb Pkwy,,Rear End,2,Clear,Dry,Daylight
2021-02-16T15:20:00.000,I 285,I 285 and Cobb Pkwy,,Not a Collision with Motor Vehicle,2,Cloudy,Dry,Daylight
2021-06-19T16:10:00.000,I 285,I 285 and Cobb Pkwy,,Not a Collision with Motor Vehicle,1,Rain,Wet,Daylight
2021-06-15T03:35:00.000,I 285,I 285 and Cobb Pkwy,,Not a Collision with Motor Vehicle,1,Clear,Dry,Dark-Lighted
2021-01-31T03:43:00.000,I 285,I 285 and Cobb Pkwy,,Not a Collision with Motor Vehicle,1,Rain,Wet,Dark-Not Lighted
2021-01-02T10:18:00.000,I 285,I 285 and Cobb Pkwy,,Rear End,2,Clear,Dry,Daylight
2021-05-22T15:39:00.000,I 285,I 285 and Cobb Pkwy,,Sideswipe-Same Direction,2,Clear,Dry,Daylight
2021-03-18T11:04:00.000,I 285,I 285 and Cobb Pkwy,,Rear End,2,Cloudy,Wet,Daylight
2021-01-20T10:53:00.000,I 285,I 285 and Cobb Pkwy,,Sideswipe-Same Direction,2,Clear,Dry,Daylight
2021-01-29T07:15:00.000,I 285,I 285 and Cobb Pkwy,,Rear End,2,Clear,Dry,Daylight
2021-04-25T02:18:00.000,I 285,I 285 and Cobb Pkwy,,Not a Collision with Motor Vehicle,1,Clear,Dry,Dark-Lighted
2021-06-18T05:22:00.000,I 285,I 285 and Cobb Pkwy,,Rear End,2,Clear,Dry,Dark-Lighted
2021-06-05T14:01:00.000,I 285,I 285 and Cobb Pkwy,,Sideswipe-Same Direction,2,Clear,Dry,Daylight
2021-03-03T12:17:00.000,I 285,I 285 and Cobb Pkwy,,Sideswipe-Same Direction,2,Clear,Dry,Daylight
2021-01-21T15:15:00.000,I 285,I 285 and Cobb Pkwy,,Rear End,2,Rain,Wet,Daylight
2021-07-23T04:36:00.000,I 285,I 285 and Cobb Pkwy,,Angle Crash,3,Clear,Dry,Dark-Not Lighted
2021-12-17T22:55:00.000,I 285,I 285 and Cobb Pkwy,,Sideswipe-Same Direction,2,Clear,Dry,Dark-Lighted
2021-07-23T18:08:00.000,I 285,I 285 and Cobb Pkwy,,Rear End,2,Cloudy,Wet,Daylight
2021-10-06T20:20:00.000,I 285,I 285 and Cobb Pkwy,,Rear End,2,Clear,Dry,Dark-Lighted
2021-08-04T06:10:00.000,I 285,I 285 and Cobb Pkwy,,Sideswipe-Same Direction,2,Cloudy,Dry,Dark-Lighted
2021-11-09T06:20:00.000,I 285,I 285 and Cobb Pkwy,,Head On,3,Clear,Dry,Dark-Not Lighted
2021-10-24T20:50:00.000,I 285,I 285 and Cobb Pkwy,,Sideswipe-Same Direction,2,Clear,Dry,Dark-Lighted
2021-11-06T20:40:00.000,I 285,I 285 and Cobb Pkwy,,Sideswipe-Same Direction,2,Clear,Dry,Dark-Lighted
2021-07-10T19:07:00.000,I 285,I 285 and Cobb Pkwy,,Rear End,2,Rain,Wet,Daylight
2021-09-16T23:38:00.000,I 285,I 285 and Cobb Pkwy,,Rear End,1,Cloudy,Dry,Dark-Lighted
2021-12-18T18:40:00.000,I 285,I 285 and Cobb Pkwy,,Sideswipe-Same Direction,2,Rain,Wet,Dark-Lighted
2021-09-08T00:01:00.000,I 285,I 285 and Cobb Pkwy,,Rear End,2,Severe Thunderstorm or Tornadic,Water (standing or moving),Dark-Lighted
2021-09-11T13:05:00.000,I 285,I 285 and Cobb Pkwy,,Sideswipe-Same Direction,2,Cloudy,Dry,Daylight
2021-09-13T02:21:00.000,I 285,I 285 and Cobb Pkwy,,Sideswipe-Same Direction,2,Clear,Dry,Dark-Lighted
2021-08-10T08:55:00.000,I 285,I 285 and Cobb Pkwy,,Rear End,2,Clear,Dry,Daylight
2021-11-15T10:10:00.000,I 285,I 285 and Cobb Pkwy,,Sideswipe-Same Direction,2,Clear,Dry,Daylight
2021-09-04T09:45:00.000,I 285,I 285 and Cobb Pkwy,,Sideswipe-Same Direction,2,Cloudy,Dry,Daylight
2021-07-12T09:29:00.000,I 285,I 285 and Cobb Pkwy,,Sideswipe-Same Direction,2,Cloudy,Dry,Daylight
2021-09-15T08:37:00.000,I 285,I 285 and Cobb Pkwy,,Sideswipe-Same Direction,2,Cloudy,Dry,Daylight
2021-12-15T17:37:00.000,I 285,I 285 and Cobb Pkwy,,Sideswipe-Same Direction,2,Cloudy,Dry,Dark-Not Lighted
2021-11-06T15:18:00.000,I 285,I 285 and Cobb Pkwy,,Sideswipe-Same Direction,2,Clear,Dry,Daylight
2021-12-10T16:13:00.000,I 285,I 285 and Cobb Pkwy,,Sideswipe-Same Direction,2,Rain,Wet,Daylight
2021-10-18T08:03:00.000,I 285,I 285 and Cobb Pkwy,,Rear End,2,Clear,Dry,Daylight
2021-11-01T00:52:00.000,I 285,I 285 and Cobb Pkwy,,Rear End,2,Cloudy,Dry,Dark-Not Lighted
2021-08-17T13:15:00.000,I 285,I 285 and Cobb Pkwy,,Sideswipe-Same Direction,2,Rain,Wet,Daylight
2021-07-21T16:58:00.000,I 285,I 285 and Cobb Pkwy,,Rear End,2,Rain,Wet,Daylight
2022-11-01T18:25:00.000,I 285,I 285 and Cobb Pkwy,,Rear End,2,Clear,Dry,Dusk
2022-07-13T14:27:00.000,I 285,I 285 and Cobb Pkwy,,Sideswipe-Same Direction,2,Clear,Dry,Daylight
2022-12-10T12:43:00.000,I 285,I 285 and Cobb Pkwy,,Sideswipe-Same Direction,2,Clear,Dry,Daylight
2022-12-18T13:00:00.000,I 285,I 285 and Cobb Pkwy,,Rear End,2,Clear,Dry,Daylight
2022-10-17T13:13:00.000,I 285,I 285 and Cobb Pkwy,,Not a Collision with Motor Vehicle,2,Cloudy,Dry,Daylight
2022-08-18T00:48:00.000,I 285,I 285 and Cobb Pkwy,,Rear End,3,Cloudy,Dry,Dark-Lighted
2022-10-02T17:00:00.000,I 285,I 285 and Cobb Pkwy,,Rear End,2,Clear,Dry,Daylight
2022-08-18T00:48:00.000,I 285,I 285 and Cobb Pkwy,,Rear End,3,Cloudy,Dry,Dark-Lighted
2022-11-03T12:23:00.000,I 285,I 285 and Cobb Pkwy,,Sideswipe-Same Direction,2,Clear,Dry,Daylight
2022-04-26T17:00:00.000,I 285,I 285 and Cobb Pkwy,,Sideswipe-Same Direction,2,Clear,Dry,Daylight
2022-04-25T15:16:00.000,I 285,I 285 and Cobb Pkwy,,Rear End,2,Clear,Dry,Daylight
2022-02-22T20:45:00.000,I 285,I 285 and Cobb Pkwy,,Sideswipe-Same Direction,2,Clear,Dry,Dark-Not Lighted
2022-12-22T16:38:00.000,I 285,I 285 and Cobb Pkwy,,Sideswipe-Same Direction,2,Cloudy,Dry,Daylight
2022-03-27T13:54:00.000,I 285,I 285 and Cobb Pkwy,,Sideswipe-Same Direction,2,Clear,Dry,Daylight
2022-02-25T11:15:00.000,I 285,I 285 and Cobb Pkwy,,Sideswipe-Same Direction,2,Cloudy,Wet,Daylight
2022-02-26T19:16:00.000,I 285,I 285 and Cobb Pkwy,,Rear End,2,Cloudy,Dry,Dark-Not Lighted