Date and Time,Roadway (From Crash Report),Intersection Name (from Crash Report),KABCO Severity,Manner of Collision (Crash Level) ,# of Vehicles per crash ,Weather Conditions (Crash Level),Surface Condition (Crash Level) ,Light Conditions (Crash Level)
2020-08-04T15:13:00.000,I 285,I 285 and Clifton Springs Rd,,Angle Crash,4,Clear,Dry,Daylight
2021-06-01T06:50:00.000,I 285,I 285 and Clifton Springs Rd,,Rear End,3,Clear,Dry,Daylight
2021-03-13T16:20:00.000,I 285,I 285 and Clifton Springs Rd,,Sideswipe-Same Direction,2,Clear,Dry,Daylight
2021-03-16T08:02:00.000,I 285,I 285 and Clifton Springs Rd,,Angle Crash,3,Cloudy,Wet,Daylight
2022-08-08T07:50:00.000,I 285,I 285 and Clifton Springs Rd,,Rear End,2,Clear,Dry,Daylight
2021-07-26T14:25:00.000,I 285,I 285 and Clifton Springs Rd,,Rear End,4,Cloudy,Dry,Daylight
2021-10-08T13:50:00.000,I 285,I 285 and Clifton Springs Rd,,Sideswipe-Same Direction,2,Cloudy,Dry,Daylight
2022-01-03T09:55:00.000,I 285,I 285 and Clifton Springs Rd,,Not a Collision with Motor Vehicle,1,Cloudy,Wet,Daylight
2022-11-09T22:48:00.000,I 285,I 285 and Clifton Springs Rd,,Not a Collision with Motor Vehicle,1,Clear,Dry,Dark-Not Lighted
2023-07-27T09:48:00.000,I 285,I 285 and Clifton Springs Rd,,Rear End,3,Clear,Dry,Daylight
2023-09-25T07:45:00.000,I 285,I 285 and Clifton Springs Rd,,Angle Crash,2,Clear,Dry,Daylight
2024-07-08T06:35:00.000,I 285,I 285 and Clifton Springs Rd,,Rear End,2,Clear,Dry,Daylight
2024-07-08T06:30:00.000,I 285,I 285 and Clifton Springs Rd,,Not a Collision with Motor Vehicle,1,Clear,Dry,Daylight
2024-12-17T10:30:00.000,I 285,I 285 and Clifton Springs Rd,,Sideswipe-Same Direction,2,Clear,Dry,Daylight
2024-12-31T13:28:00.000,I 285,I 285 and Clifton Springs Rd,,Rear End,2,Clear,Dry,Daylight
2024-09-17T00:00:00.000,I 285,I 285 and Clifton Springs Rd,,Angle Crash,2,Clear,Dry,Daylight
2021-06-09T06:02:00.000,I 285,I 285 and Clifton Springs Mnr,,Sideswipe-Same Direction,2,Cloudy,Dry,Daylight
2021-07-10T09:05:00.000,I 285,I 285 and Clifton Springs Mnr,,Sideswipe-Same Direction,2,Clear,Dry,Daylight
2022-07-24T01:36:00.000,I 285,I 285 and Clifton Springs Ct,,Sideswipe-Same Direction,2,Clear,Dry,Dark-Lighted
2022-05-12T14:35:00.000,I 285,I 285 and Clifton Springs,,Rear End,2,Clear,Dry,Daylight
2020-01-07T06:47:00.000,I 285,I 285 and Clifton Spring Rd,,Sideswipe-Same Direction,2,Cloudy,Wet,Dark-Not Lighted
2021-02-09T05:05:00.000,I 285,I 285 and Clarke Howell Pkwy,,Angle Crash,3,Clear,Dry,Daylight
2022-06-03T12:30:00.000,I 285,I 285 and Clark Howell Rp,,Not a Collision with Motor Vehicle,1,Clear,Dry,Daylight
2020-09-16T11:16:00.000,I 285,I 285 and Clark Howell Rd,,Not a Collision with Motor Vehicle,1,Rain,Water (standing or moving),Daylight
2020-07-10T08:39:00.000,I 285,I 285 and Clark Howell Pkwy,,Sideswipe-Opposite Direction,2,Clear,Dry,Daylight
2021-03-24T10:33:00.000,I 285,I 285 and Clark Howell Hwy,,Sideswipe-Same Direction,2,Clear,Dry,Daylight
2021-02-01T09:50:00.000,I 285,I 285 and Clark Howell Hwy,,Sideswipe-Opposite Direction,2,Clear,Dry,Daylight
2020-02-23T10:40:00.000,I 285,I 285 and Clark Howell Hwy,,Angle Crash,2,Clear,Dry,Daylight
2023-03-15T19:53:00.000,I 285,I 285 and Clark Howell Hwy,,Not a Collision with Motor Vehicle,1,Cloudy,Dry,Daylight
2023-07-06T18:39:00.000,I 285,I 285 and Clark Howell Hwy,,Angle Crash,2,Clear,Dry,Daylight
2023-04-01T12:00:00.000,I 285,I 285 and Clark Howell Hwy,,Not a Collision with Motor Vehicle,1,Clear,Dry,Daylight
2023-11-03T07:55:00.000,I 285,I 285 and Clark Howell Hwy,,Sideswipe-Same Direction,2,Clear,Dry,Dark-Lighted
2023-02-22T17:16:00.000,I 285,I 285 and Clark Howell Hwy,,Sideswipe-Same Direction,2,Clear,Dry,Daylight
2020-08-17T21:01:00.000,I 285,I 285 and Clark Howell Hwy,,Angle Crash,2,Clear,Dry,Dark-Lighted
2020-01-25T12:40:00.000,I 285,I 285 and Clark Howell Hwy,,Sideswipe-Same Direction,2,Clear,Dry,Daylight
2020-10-15T17:26:00.000,I 285,I 285 and Clark Howell Hwy,,Rear End,2,Clear,Dry,Daylight
2020-02-13T16:28:00.000,I 285,I 285 and Clark Howell Hwy,,Rear End,2,Cloudy,Dry,Daylight
2020-08-18T22:15:00.000,I 285,I 285 and Clark Howell Hwy,,Rear End,3,Cloudy,Wet,Dark-Lighted
2020-12-09T20:33:00.000,I 285,I 285 and Clark Howell Hwy,,Not a Collision with Motor Vehicle,1,Clear,Dry,Daylight
2021-01-14T19:14:00.000,I 285,I 285 and Clark Howell Hwy,,Sideswipe-Same Direction,2,Clear,Dry,Dark-Lighted
2022-05-03T09:30:00.000,I 285,I 285 and Clark Howell Hwy,,Sideswipe-Same Direction,2,Clear,Dry,Daylight
2022-08-15T17:16:00.000,I 285,I 285 and Clark Howell Hwy,,Angle Crash,2,Clear,Dry,Daylight
2022-10-25T08:55:00.000,I 285,I 285 and Clark Howell Hwy,,Rear End,2,Clear,Dry,Daylight
2022-10-14T16:00:00.000,I 285,I 285 and Clark Howell Hwy,,Rear End,2,Clear,Dry,Daylight
2022-01-23T13:35:00.000,I 285,I 285 and Clark Howell Hwy,,Not a Collision with Motor Vehicle,2,Clear,Dry,Daylight
2022-07-13T12:55:00.000,I 285,I 285 and Clark Howell Hwy,,Sideswipe-Same Direction,2,Cloudy,Dry,Daylight
2022-12-06T16:22:00.000,I 285,I 285 and Clark Howell Hwy,,Rear End,2,Cloudy,Wet,Daylight
2022-04-11T09:45:00.000,I 285,I 285 and Clark Howell Hwy,,Sideswipe-Same Direction,2,Cloudy,Dry,Daylight
2024-01-11T18:55:00.000,I 285,I 285 and Clark Howell Hwy,,Rear End,2,Clear,Dry,Dark-Not Lighted
2024-01-18T14:55:00.000,I 285,I 285 and Clark Howell Hwy,,Rear End,2,Clear,Dry,Daylight
2023-05-16T08:00:00.000,I 285,I 285 and Clark Howell Hwy,,Rear End,2,Cloudy,Dry,Daylight
2024-02-12T06:28:00.000,I 285,I 285 and Clark Howell Hwy,,Not a Collision with Motor Vehicle,1,Rain,Wet,Dawn
2024-04-24T15:50:00.000,I 285,I 285 and Clark Howell Hwy,,Sideswipe-Same Direction,2,Clear,Dry,Daylight
2023-11-09T02:30:00.000,I 285,I 285 and Clark Howell Hwy,,Angle Crash,2,Clear,Dry,Dark-Not Lighted
2023-02-18T17:45:00.000,I 285,I 285 and Clark Howell Hwy,,Sideswipe-Same Direction,2,Clear,Dry,Daylight
2023-07-07T16:31:00.000,I 285,I 285 and Clark Howell Hwy,,Sideswipe-Same Direction,2,Cloudy,Dry,Daylight
2023-03-30T16:45:00.000,I 285,I 285 and Clark Howell Hwy,,Sideswipe-Same Direction,2,Clear,Dry,Daylight
2023-07-06T16:21:00.000,I 285,I 285 and Clark Howell Hwy,,Rear End,3,Clear,Dry,Daylight
2024-11-03T18:05:00.000,I 285,I 285 and Clark Howell Hwy,,Sideswipe-Same Direction,2,Clear,Dry,Dark-Not Lighted
2024-09-03T10:16:00.000,I 285,I 285 and Clark Howell Hwy,,Not a Collision with Motor Vehicle,1,Clear,Dry,Daylight
2024-04-09T17:55:00.000,I 285,I 285 and Clark Howell Hwy,,Sideswipe-Same Direction,2,Clear,Dry,Daylight
2024-12-11T08:39:00.000,I 285,I 285 and Clark Howell Hwy,,Not a Collision with Motor Vehicle,1,Clear,Dry,Daylight
2024-01-26T17:48:00.000,I 285,I 285 and Clark Howell Hwy,,Sideswipe-Same Direction,3,Clear,Dry,Daylight
2024-09-22T14:32:00.000,I 285,I 285 and Clark Howell Hwy,,Rear End,2,Clear,Dry,Daylight
2024-06-26T12:45:00.000,I 285,I 285 and Clark Howell Hwy,,Sideswipe-Same Direction,2,Clear,Dry,Daylight
2024-12-06T07:48:00.000,I 285,I 285 and Clark Howell Hwy,,Sideswipe-Same Direction,2,Clear,Dry,Daylight
2023-09-01T17:09:00.000,I 285,I 285 and Clark Howel Hwy,,Rear End,2,Cloudy,Dry,Daylight
2024-10-08T09:20:00.000,I 285,I 285 and Church Street Exit Rp,,Rear End,2,Clear,Dry,Daylight
2024-10-08T00:00:00.000,I 285,I 285 and Church St. Exit.,,Head On,2,Clear,Dry,Daylight
2023-02-15T12:30:00.000,I 285,I 285 and Church St Exit,,Sideswipe-Same Direction,2,Cloudy,Dry,Daylight
2021-06-19T22:09:00.000,I 285,I 285 and Church St,,Sideswipe-Same Direction,3,Rain,Wet,Dark-Lighted
2021-06-26T22:20:00.000,I 285,I 285 and Church St,,Angle Crash,2,Clear,Dry,Dark-Lighted
2021-05-16T05:21:00.000,I 285,I 285 and Church St,,Rear End,2,Clear,Dry,Dark-Not Lighted
2021-05-29T23:28:00.000,I 285,I 285 and Church St,,Rear End,2,Clear,Dry,Dark-Lighted
2021-11-17T15:55:00.000,I 285,I 285 and Church St,,Rear End,2,Clear,Dry,Daylight
2021-08-22T16:30:00.000,I 285,I 285 and Church St,,Rear End,2,Cloudy,Dry,Daylight
2021-07-12T22:56:00.000,I 285,I 285 and Church St,,Angle Crash,2,Clear,Dry,Dark-Not Lighted
2021-12-30T03:20:00.000,I 285,I 285 and Church St,,Sideswipe-Same Direction,2,Rain,Water (standing or moving),Dark-Lighted
2021-11-29T07:55:00.000,I 285,I 285 and Church St,,Rear End,2,Clear,Dry,Daylight
2021-06-26T10:51:00.000,I 285,I 285 and Church St,,Angle Crash,3,Clear,Dry,Daylight
2020-02-05T12:00:00.000,I 285,I 285 and Church St,,Rear End,2,Rain,Wet,Daylight
2023-07-31T21:00:00.000,I 285,I 285 and Church St,,Not a Collision with Motor Vehicle,1,Clear,Dry,Dark-Not Lighted
2023-06-11T05:29:00.000,I 285,I 285 and Church St,,Not a Collision with Motor Vehicle,1,Clear,Dry,Dark-Lighted
2023-07-21T19:50:00.000,I 285,I 285 and Church St,,Not a Collision with Motor Vehicle,1,Rain,Water (standing or moving),Dark-Lighted
2023-06-20T03:50:00.000,I 285,I 285 and Church St,,Not a Collision with Motor Vehicle,2,Clear,Dry,Dark-Not Lighted
2023-01-22T06:44:00.000,I 285,I 285 and Church St,,Not a Collision with Motor Vehicle,1,Rain,Wet,Dark-Not Lighted
2023-05-28T11:10:00.000,I 285,I 285 and Church St,,Sideswipe-Same Direction,2,Clear,Dry,Daylight
2023-05-28T02:48:00.000,I 285,I 285 and Church St,,Rear End,2,Clear,Dry,Dark-Not Lighted
2023-12-24T22:09:00.000,I 285,I 285 and Church St,,Rear End,3,Clear,Dry,Dark-Not Lighted
2023-12-20T06:33:00.000,I 285,I 285 and Church St,,Sideswipe-Opposite Direction,2,Clear,Dry,Dark-Not Lighted
2023-06-16T11:39:00.000,I 285,I 285 and Church St,,Not a Collision with Motor Vehicle,2,Clear,Dry,Daylight
2023-09-12T06:58:00.000,I 285,I 285 and Church St,,Rear End,3,Clear,Dry,Daylight
2023-10-02T00:00:00.000,I 285,I 285 and Church St,,Sideswipe-Same Direction,2,Clear,Dry,Daylight
2023-06-14T17:45:00.000,I 285,I 285 and Church St,,Sideswipe-Same Direction,2,Cloudy,Dry,Daylight
2023-09-09T15:45:00.000,I 285,I 285 and Church St,,Rear End,2,Rain,Wet,Daylight
2023-06-25T19:55:00.000,I 285,I 285 and Church St,,Not a Collision with Motor Vehicle,1,Clear,Dry,Daylight
2023-11-02T08:30:00.000,I 285,I 285 and Church St,,Sideswipe-Same Direction,2,Clear,Dry,Daylight
2023-09-15T08:00:00.000,I 285,I 285 and Church St,,Sideswipe-Same Direction,2,Cloudy,Dry,Daylight
2023-10-24T12:55:00.000,I 285,I 285 and Church St,,Rear End,2,Clear,Dry,Daylight
2023-06-04T04:00:00.000,I 285,I 285 and Church St,,Not a Collision with Motor Vehicle,1,Clear,Dry,Dark-Not Lighted
2023-03-15T09:00:00.000,I 285,I 285 and Church St,,Rear End,2,Clear,Dry,Daylight
2022-04-07T20:40:00.000,I 285,I 285 and Church St,,Sideswipe-Opposite Direction,2,Clear,Dry,Dark-Lighted
2022-06-08T00:57:00.000,I 285,I 285 and Church St,,Not a Collision with Motor Vehicle,1,Rain,Wet,Dark-Lighted
2020-05-22T10:32:00.000,I 285,I 285 and Church St,,Angle Crash,2,Clear,Dry,Daylight
2020-05-02T15:00:00.000,I 285,I 285 and Church St,,Angle Crash,3,Clear,Dry,Daylight
2020-04-20T05:39:00.000,I 285,I 285 and Church St,,Not a Collision with Motor Vehicle,1,Rain,Wet,Dark-Not Lighted
2020-07-09T22:05:00.000,I 285,I 285 and Church St,,Angle Crash,2,Clear,Wet,Dark-Lighted
2020-09-29T21:50:00.000,I 285,I 285 and Church St,,Rear End,3,Clear,Dry,Dark-Lighted
2020-02-11T07:53:00.000,I 285,I 285 and Church St,,Rear End,2,Rain,Wet,Daylight
2020-05-18T01:00:00.000,I 285,I 285 and Church St,,Not a Collision with Motor Vehicle,1,Rain,Wet,Dark-Not Lighted
2020-05-27T15:53:00.000,I 285,I 285 and Church St,,Rear End,2,Rain,Wet,Daylight
2020-12-22T12:43:00.000,I 285,I 285 and Church St,,Rear End,2,Clear,Dry,Daylight
2020-10-17T14:02:00.000,I 285,I 285 and Church St,,Rear End,2,Clear,Dry,Daylight
2020-11-15T01:05:00.000,I 285,I 285 and Church St,,Sideswipe-Same Direction,2,Clear,Dry,Dark-Lighted
2020-07-02T15:23:00.000,I 285,I 285 and Church St,,Sideswipe-Same Direction,2,Clear,Dry,Daylight
2020-04-21T14:01:00.000,I 285,I 285 and Church St,,Not a Collision with Motor Vehicle,2,Clear,Dry,Daylight
2020-11-20T12:44:00.000,I 285,I 285 and Church St,,Rear End,2,Clear,Dry,Daylight
2020-09-30T21:50:00.000,I 285,I 285 and Church St,,Rear End,3,Clear,Dry,Dark-Lighted
2020-03-28T15:48:00.000,I 285,I 285 and Church St,,Angle Crash,2,Clear,Dry,Daylight
2020-05-18T00:30:00.000,I 285,I 285 and Church St,,Not a Collision with Motor Vehicle,1,Rain,Water (standing or moving),Dark-Not Lighted
2021-06-19T22:09:00.000,I 285,I 285 and Church St,,Rear End,2,Rain,Wet,Dark-Lighted
2021-03-03T11:25:00.000,I 285,I 285 and Church St,,Not a Collision with Motor Vehicle,1,Clear,Dry,Daylight
2021-01-22T08:00:00.000,I 285,I 285 and Church St,,Sideswipe-Same Direction,2,Cloudy,Dry,Daylight
2021-10-28T12:20:00.000,I 285,I 285 and Church St,,Rear End,2,Rain,Wet,Daylight
2021-10-01T16:15:00.000,I 285,I 285 and Church St,,Rear End,2,Clear,Dry,Daylight
2021-10-23T13:05:00.000,I 285,I 285 and Church St,,Rear End,2,Clear,Dry,Daylight
2021-10-20T00:50:00.000,I 285,I 285 and Church St,,Rear End,2,Clear,Dry,Dark-Not Lighted
2021-11-02T20:58:00.000,I 285,I 285 and Church St,,Sideswipe-Same Direction,2,Clear,Dry,Dark-Not Lighted
2021-12-12T03:54:00.000,I 285,I 285 and Church St,,Rear End,2,Clear,Dry,Dark-Lighted
2021-11-01T00:12:00.000,I 285,I 285 and Church St,,Rear End,2,Clear,Dry,Dark-Not Lighted
2022-08-23T06:55:00.000,I 285,I 285 and Church St,,Not a Collision with Motor Vehicle,1,Cloudy,Dry,Daylight
2022-04-20T08:10:00.000,I 285,I 285 and Church St,,Angle Crash,2,Clear,Dry,Daylight
2021-12-22T03:00:00.000,I 285,I 285 and Church St,,Not a Collision with Motor Vehicle,1,Clear,Dry,Dark-Not Lighted
2022-07-13T10:50:00.000,I 285,I 285 and Church St,,Not a Collision with Motor Vehicle,1,Clear,Dry,Daylight
2022-11-04T09:29:00.000,I 285,I 285 and Church St,,Sideswipe-Same Direction,3,Clear,Dry,Daylight
2022-09-30T14:35:00.000,I 285,I 285 and Church St,,Rear End,3,Cloudy,Dry,Daylight
2022-01-31T13:00:00.000,I 285,I 285 and Church St,,Rear End,2,Clear,Dry,Daylight
2022-07-06T17:31:00.000,I 285,I 285 and Church St,,Rear End,2,Cloudy,Dry,Daylight
2022-07-14T08:08:00.000,I 285,I 285 and Church St,,Rear End,2,Cloudy,Dry,Daylight
2022-06-07T13:00:00.000,I 285,I 285 and Church St,,Sideswipe-Same Direction,3,Clear,Dry,Daylight
2022-04-25T07:00:00.000,I 285,I 285 and Church St,,Rear End,2,Clear,Dry,Daylight
2021-12-16T08:19:00.000,I 285,I 285 and Church St,,Rear End,2,Cloudy,Dry,Daylight
2022-04-30T07:10:00.000,I 285,I 285 and Church St,,Rear End,2,Clear,Dry,Daylight
2022-03-04T14:33:00.000,I 285,I 285 and Church St,,Sideswipe-Same Direction,2,Clear,Dry,Daylight
2022-06-20T15:34:00.000,I 285,I 285 and Church St,,Angle Crash,2,Clear,Dry,Daylight
2022-08-04T13:10:00.000,I 285,I 285 and Church St,,Angle Crash,2,Clear,Dry,Daylight
2022-05-18T20:40:00.000,I 285,I 285 and Church St,,Not a Collision with Motor Vehicle,2,Clear,Dry,Dark-Lighted
2022-05-15T07:10:00.000,I 285,I 285 and Church St,,Rear End,2,Clear,Dry,Daylight
2022-12-30T12:38:00.000,I 285,I 285 and Church St,,Angle Crash,2,Clear,Dry,Daylight
2022-07-29T17:40:00.000,I 285,I 285 and Church St,,Rear End,2,Clear,Dry,Daylight
2022-10-31T00:21:00.000,I 285,I 285 and Church St,,Angle Crash,2,Rain,Wet,Dark-Not Lighted
2022-05-13T14:40:00.000,I 285,I 285 and Church St,,Sideswipe-Same Direction,2,Clear,Dry,Daylight
2022-01-01T03:15:00.000,I 285,I 285 and Church St,,Rear End,3,Cloudy,Wet,Dark-Not Lighted
2022-07-20T08:20:00.000,I 285,I 285 and Church St,,Rear End,3,Cloudy,Dry,Daylight
2022-09-28T16:15:00.000,I 285,I 285 and Church St,,Sideswipe-Same Direction,3,Clear,Dry,Daylight
2022-08-21T00:28:00.000,I 285,I 285 and Church St,,Not a Collision with Motor Vehicle,1,Rain,Wet,Dark-Not Lighted
2022-10-30T20:38:00.000,I 285,I 285 and Church St,,Sideswipe-Same Direction,2,Rain,Wet,Dark-Not Lighted
2022-08-09T18:50:00.000,I 285,I 285 and Church St,,Sideswipe-Same Direction,2,Rain,Wet,Daylight
2022-08-16T09:58:00.000,I 285,I 285 and Church St,,Sideswipe-Same Direction,2,Clear,Dry,Daylight
2022-04-16T09:10:00.000,I 285,I 285 and Church St,,Sideswipe-Same Direction,2,Clear,Dry,Daylight
2022-09-29T22:06:00.000,I 285,I 285 and Church St,,Sideswipe-Same Direction,2,Clear,Dry,Dark-Lighted
2024-01-09T10:58:00.000,I 285,I 285 and Church St,,Not a Collision with Motor Vehicle,1,Severe Thunderstorm or Tornadic,Water (standing or moving),Daylight
2024-07-10T19:10:00.000,I 285,I 285 and Church St,,Not a Collision with Motor Vehicle,1,Clear,Dry,Daylight
2024-12-20T12:30:00.000,I 285,I 285 and Church St,,Rear End,2,Clear,Dry,Daylight
2024-02-11T22:30:00.000,I 285,I 285 and Church St,,Angle Crash,2,Cloudy,Dry,Dark-Not Lighted
2024-03-18T07:28:00.000,I 285,I 285 and Church St,,Rear End,2,Cloudy,Dry,Daylight
2023-03-29T14:00:00.000,I 285,I 285 and Church St,,Rear End,2,Clear,Dry,Daylight
2023-10-17T07:11:00.000,I 285,I 285 and Church St,,Rear End,4,Clear,Dry,Daylight
2023-12-25T13:06:00.000,I 285,I 285 and Church St,,Sideswipe-Same Direction,3,Clear,Wet,Daylight
2024-03-28T11:12:00.000,I 285,I 285 and Church St,,Sideswipe-Same Direction,2,Clear,Dry,Daylight
2023-02-02T20:50:00.000,I 285,I 285 and Church St,,Not a Collision with Motor Vehicle,1,Rain,Wet,Dark-Lighted
2023-12-01T14:47:00.000,I 285,I 285 and Church St,,Rear End,2,Clear,Dry,Daylight
2023-06-28T09:09:00.000,I 285,I 285 and Church St,,Sideswipe-Same Direction,2,Clear,Dry,Daylight
2023-12-06T08:59:00.000,I 285,I 285 and Church St,,Rear End,3,Clear,Dry,Daylight
2023-02-12T00:30:00.000,I 285,I 285 and Church St,,Sideswipe-Same Direction,2,Clear,Water (standing or moving),Dark-Lighted
2023-11-09T22:00:00.000,I 285,I 285 and Church St,,Sideswipe-Opposite Direction,2,Clear,Dry,Dark-Lighted
2023-07-08T15:00:00.000,I 285,I 285 and Church St,,Sideswipe-Same Direction,2,Clear,Dry,Daylight
2023-07-12T09:26:00.000,I 285,I 285 and Church St,,Rear End,2,Clear,Dry,Daylight
2023-06-20T21:00:00.000,I 285,I 285 and Church St,,Not a Collision with Motor Vehicle,1,Rain,Wet,Dark-Lighted
2023-05-11T12:38:00.000,I 285,I 285 and Church St,,Rear End,2,Clear,Dry,Daylight
2023-06-02T17:50:00.000,I 285,I 285 and Church St,,Rear End,2,Clear,Dry,Daylight
2023-11-10T16:57:00.000,I 285,I 285 and Church St,,Rear End,2,Cloudy,Dry,Dark-Lighted
2023-08-11T09:24:00.000,I 285,I 285 and Church St,,Rear End,2,Rain,Wet,Daylight
2023-06-23T08:00:00.000,I 285,I 285 and Church St,,Rear End,2,Clear,Dry,Daylight
2023-12-02T17:10:00.000,I 285,I 285 and Church St,,Rear End,2,Cloudy,Dry,Dark-Lighted
2023-06-04T22:00:00.000,I 285,I 285 and Church St,,Sideswipe-Same Direction,2,Clear,Dry,Dark-Not Lighted
2024-06-05T13:10:00.000,I 285,I 285 and Church St,,Rear End,2,Rain,Wet,Daylight
2024-11-07T23:45:00.000,I 285,I 285 and Church St,,Angle Crash,2,Clear,Dry,Dark-Lighted
2024-01-29T16:50:00.000,I 285,I 285 and Church St,,Sideswipe-Same Direction,2,Clear,Dry,Daylight
2024-02-03T12:20:00.000,I 285,I 285 and Church St,,Sideswipe-Opposite Direction,2,Clear,Dry,Daylight
2024-11-25T05:25:00.000,I 285,I 285 and Church St,,Sideswipe-Same Direction,2,Clear,Dry,Dark-Not Lighted
2024-11-14T10:00:00.000,I 285,I 285 and Church St,,Rear End,2,Clear,Wet,Daylight
2024-02-28T09:32:00.000,I 285,I 285 and Church St,,Rear End,2,Cloudy,Dry,Daylight
2024-04-10T00:00:00.000,I 285,I 285 and Church St,,Not a Collision with Motor Vehicle,1,Rain,Wet,Dark-Lighted
2024-10-25T13:30:00.000,I 285,I 285 and Church St,,Sideswipe-Same Direction,3,Clear,Dry,Daylight
2024-10-29T08:30:00.000,I 285,I 285 and Church St,,Rear End,2,Clear,Dry,Daylight
2024-09-26T12:35:00.000,I 285,I 285 and Church St,,Rear End,2,Clear,Dry,Daylight
2024-01-31T10:35:00.000,I 285,I 285 and Church St,,Not a Collision with Motor Vehicle,1,Clear,Dry,Daylight
2024-09-03T15:30:00.000,I 285,I 285 and Church St,,Rear End,2,Clear,Dry,Daylight
2024-04-24T06:23:00.000,I 285,I 285 and Church St,,Sideswipe-Same Direction,2,Clear,Dry,Daylight
2024-10-30T05:00:00.000,I 285,I 285 and Church St,,Angle Crash,2,Clear,Dry,Dark-Not Lighted
2024-04-27T16:00:00.000,I 285,I 285 and Church St,,Rear End,3,Cloudy,Dry,Daylight
2024-05-18T16:35:00.000,I 285,I 285 and Church St,,Rear End,2,Cloudy,Dry,Daylight
2024-02-18T17:28:00.000,I 285,I 285 and Church St,,Angle Crash,3,Clear,Dry,Daylight
2024-11-16T13:06:00.000,I 285,I 285 and Church St,,Rear End,2,Clear,Dry,Daylight
2024-07-05T17:20:00.000,I 285,I 285 and Church St,,Rear End,2,Rain,Wet,Daylight
2024-03-16T17:00:00.000,I 285,I 285 and Church St,,Rear End,2,Clear,Dry,Daylight
2024-01-09T04:12:00.000,I 285,I 285 and Church St,,Sideswipe-Opposite Direction,2,Rain,Wet,Dark-Not Lighted
2024-01-06T03:25:00.000,I 285,I 285 and Church St,,Not a Collision with Motor Vehicle,1,Rain,Water (standing or moving),Dark-Not Lighted
2024-09-01T13:10:00.000,I 285,I 285 and Church St,,Rear End,2,Clear,Dry,Daylight
2024-12-17T10:50:00.000,I 285,I 285 and Church St,,Rear End,2,Clear,Dry,Daylight
2024-10-25T18:00:00.000,I 285,I 285 and Church St,,Rear End,2,Clear,Dry,Daylight
2024-08-29T07:00:00.000,I 285,I 285 and Church St,,Rear End,2,Clear,Dry,Daylight
2024-01-25T03:45:00.000,I 285,I 285 and Church St,,Not a Collision with Motor Vehicle,1,Rain,Wet,Dark-Not Lighted
2024-08-13T03:30:00.000,I 285,I 285 and Church St,,Sideswipe-Same Direction,2,Clear,Dry,Dark-Not Lighted
2024-06-04T12:30:00.000,I 285,I 285 and Church St,,Rear End,5,Clear,Dry,Daylight
2024-01-27T16:40:00.000,I 285,I 285 and Church St,,Rear End,2,Rain,Wet,Daylight
2024-07-16T17:48:00.000,I 285,I 285 and Church St,,Rear End,2,Clear,Dry,Daylight
2024-05-21T19:41:00.000,I 285,I 285 and Church St,,Rear End,3,Clear,Dry,Daylight
2021-05-24T18:20:00.000,I 285,I 285 and Church Rd,,Sideswipe-Same Direction,2,Cloudy,Dry,Daylight
2021-11-20T13:29:00.000,I 285,I 285 and Church Rd,,Angle Crash,2,Clear,Dry,Daylight
2020-11-08T23:57:00.000,I 285,I 285 and Church Rd,,Rear End,2,Clear,Dry,Dark-Lighted
2020-01-26T12:34:00.000,I 285,I 285 and Church Rd,,Rear End,2,Cloudy,Dry,Daylight
2020-09-03T21:32:00.000,I 285,I 285 and Church Rd,,Sideswipe-Same Direction,3,Clear,Dry,Dark-Lighted
2021-09-03T21:30:00.000,I 285,I 285 and Church Rd,,Sideswipe-Same Direction,2,Clear,Dry,Dark-Lighted