Date and Time,Roadway (From Crash Report),Intersection Name (from Crash Report),KABCO Severity,Manner of Collision (Crash Level) ,# of Vehicles per crash ,Weather Conditions (Crash Level),Surface Condition (Crash Level) ,Light Conditions (Crash Level)
2022-03-15T12:33:00.000,I 285,I 285 and Church Rd,,Not a Collision with Motor Vehicle,2,Cloudy,Dry,Daylight
2022-05-06T09:20:00.000,I 285,I 285 and Church Rd,,Not a Collision with Motor Vehicle,1,Rain,Wet,Daylight
2022-05-16T10:33:00.000,I 285,I 285 and Church Rd,,Not a Collision with Motor Vehicle,1,Clear,Dry,Daylight
2022-01-31T14:41:00.000,I 285,I 285 and Church Rd,,Sideswipe-Same Direction,2,Cloudy,Dry,Daylight
2022-06-10T18:05:00.000,I 285,I 285 and Church Rd,,Rear End,2,Cloudy,Dry,Daylight
2022-04-22T10:33:00.000,I 285,I 285 and Church Rd,,Not a Collision with Motor Vehicle,1,Clear,Dry,Daylight
2024-08-30T14:25:00.000,I 285,I 285 and Church Rd,,Rear End,2,Cloudy,Dry,Daylight
2024-11-04T18:35:00.000,I 285,I 285 and Church Rd,,Rear End,2,Cloudy,Dry,Dark-Lighted
2024-10-29T20:00:00.000,I 285,I 285 and Church Rd,,Rear End,3,Clear,Dry,Dark-Lighted
2021-11-01T06:00:00.000,I 285,I 285 and Chruch St,,Sideswipe-Same Direction,2,Clear,Dry,Dark-Not Lighted
2021-11-23T06:40:00.000,I 285,I 285 and Chruch St,,Not a Collision with Motor Vehicle,1,Clear,Dry,Daylight
2020-11-19T12:48:00.000,I 285,I 285 and Chruch St,,Not a Collision with Motor Vehicle,2,Clear,Dry,Daylight
2020-10-22T14:10:00.000,I 285,I 285 and Chmablee Tucker Rd,,Rear End,2,Clear,Dry,Daylight
2023-08-27T13:24:00.000,I 285,I 285 and Chattahoochee Riv,,Rear End,3,Clear,Dry,Daylight
2022-03-30T11:39:00.000,I 285,I 285 and Chattahoochee Riv,,Rear End,2,Cloudy,Dry,Daylight
2020-02-13T11:22:00.000,I 285,I 285 and Chattahoochee Riv,,Rear End,3,Cloudy,Wet,Daylight
2022-07-30T08:09:00.000,I 285,I 285 and Chattahoochee Riv,,Not a Collision with Motor Vehicle,1,Cloudy,Dry,Daylight
2022-07-24T14:10:00.000,I 285,I 285 and Chattahoochee Riv,,Rear End,2,Clear,Dry,Daylight
2024-10-30T07:25:00.000,I 285,I 285 and Chattahoochee Riv,,Rear End,2,Cloudy,Wet,Dark-Lighted
2024-02-18T14:01:00.000,I 285,I 285 and Chattahoochee Riv,,Sideswipe-Same Direction,2,Clear,Dry,Daylight
2024-05-08T11:05:00.000,I 285,I 285 and Chattahoochee Riv,,Rear End,2,Cloudy,Dry,Daylight
2020-02-13T09:15:00.000,I 285,I 285 and Chamlee Tucker Rd,,Sideswipe-Same Direction,2,Rain,Wet,Daylight
2023-03-11T20:00:00.000,I 285,I 285 and Chamlee Tucker Rd,,Angle Crash,2,Clear,Dry,Daylight
2022-11-26T08:20:00.000,I 285,I 285 and Chamblle Tucker Rd,,Angle Crash,3,Clear,Dry,Daylight
2023-03-30T16:20:00.000,I 285,I 285 and Chambleetucker Rd,,Sideswipe-Same Direction,2,Clear,Dry,Daylight
2023-06-01T17:45:00.000,I 285,I 285 and Chambleetucker Rd,,Angle Crash,2,Clear,Dry,Daylight
2023-07-12T15:10:00.000,I 285,I 285 and Chambleetucker Rd,,Sideswipe-Same Direction,2,Clear,Dry,Daylight
2022-07-22T00:00:00.000,I 285,I 285 and Chambleetucker Rd,,Not a Collision with Motor Vehicle,1,Clear,Dry,Daylight
2022-01-14T08:20:00.000,I 285,I 285 and Chambleetucker,,Angle Crash,3,Clear,Dry,Dark-Lighted
2023-11-11T05:58:00.000,I 285,I 285 and Chamblee-Tucker Rd,,Not a Collision with Motor Vehicle,1,Rain,Wet,Dark-Not Lighted
2022-11-22T14:34:00.000,I 285,I 285 and Chamblee-Tucker Rd,,Not a Collision with Motor Vehicle,2,Clear,Dry,Daylight
2023-08-17T16:43:00.000,I 285,I 285 and Chamblee-Dunwoody Rd,,Rear End,2,Clear,Dry,Daylight
2024-08-05T22:15:00.000,I 285,I 285 and Chamblee-Dunwoody Rd,,Angle Crash,2,Clear,Dry,Dark-Not Lighted
2024-08-20T00:00:00.000,I 285,I 285 and Chamblee Tucter Rd,,Sideswipe-Same Direction,2,Clear,Dry,Daylight
2020-03-05T06:52:00.000,I 285,I 285 and Chamblee Tucker Road Opas,,Rear End,2,Rain,Wet,Dusk
2021-11-09T00:15:00.000,I 285,I 285 and Chamblee Tucker Road Exit Rp,,Not a Collision with Motor Vehicle,1,Clear,Dry,Dark-Not Lighted
2024-11-21T17:25:00.000,I 285,I 285 and Chamblee Tucker Rdentry Rp,,Angle Crash,2,Clear,Dry,Daylight
2020-03-24T07:53:00.000,I 285,I 285 and Chamblee Tucker Rd3,,Rear End,4,Cloudy,Dry,Daylight
2021-12-12T16:00:00.000,I 285,I 285 and Chamblee Tucker Rd.,,Rear End,2,Clear,Dry,Daylight
2023-08-14T11:26:00.000,I 285,I 285 and Chamblee Tucker Rd.,,Sideswipe-Same Direction,2,Clear,Dry,Daylight
2022-05-03T06:40:00.000,I 285,I 285 and Chamblee Tucker Rd.,,Sideswipe-Same Direction,2,Cloudy,Dry,Daylight
2024-06-20T22:00:00.000,I 285,I 285 and Chamblee Tucker Rd Exit,,Sideswipe-Same Direction,2,Snow,Dry,Dark-Lighted
2024-05-03T15:00:00.000,I 285,I 285 and Chamblee Tucker Rd Entry Rp,,Angle Crash,2,Clear,Dry,Daylight
2024-11-21T16:30:00.000,I 285,I 285 and Chamblee Tucker Rd Entry Rp,,Angle Crash,2,Clear,Dry,Daylight
2024-04-06T20:50:00.000,I 285,I 285 and Chamblee Tucker Rd Entry Rp,,Rear End,2,Clear,Dry,Dark-Lighted
2024-04-06T18:15:00.000,I 285,I 285 and Chamblee Tucker Rd Entrty Rp,,Angle Crash,2,Clear,Dry,Daylight
2021-01-21T15:30:00.000,I 285,I 285 and Chamblee Tucker Rd Brg,,Sideswipe-Same Direction,2,Rain,Wet,Daylight
2021-03-08T12:50:00.000,I 285,I 285 and Chamblee Tucker Rd,,Rear End,2,Clear,Dry,Daylight
2021-05-09T08:42:00.000,I 285,I 285 and Chamblee Tucker Rd,,Not a Collision with Motor Vehicle,1,Clear,Dry,Daylight
2021-04-21T09:50:00.000,I 285,I 285 and Chamblee Tucker Rd,,Sideswipe-Same Direction,2,Clear,Dry,Daylight
2021-02-20T14:29:00.000,I 285,I 285 and Chamblee Tucker Rd,,Rear End,2,Clear,Dry,Daylight
2021-01-18T15:26:00.000,I 285,I 285 and Chamblee Tucker Rd,,Rear End,2,Clear,Dry,Daylight
2021-05-12T08:42:00.000,I 285,I 285 and Chamblee Tucker Rd,,Not a Collision with Motor Vehicle,1,Cloudy,Wet,Daylight
2021-08-02T14:55:00.000,I 285,I 285 and Chamblee Tucker Rd,,Rear End,2,Clear,Dry,Daylight
2021-09-17T10:35:00.000,I 285,I 285 and Chamblee Tucker Rd,,Rear End,2,Cloudy,Dry,Daylight
2021-09-30T13:40:00.000,I 285,I 285 and Chamblee Tucker Rd,,Rear End,3,Cloudy,Dry,Daylight
2021-07-28T18:39:00.000,I 285,I 285 and Chamblee Tucker Rd,,Rear End,2,Cloudy,Dry,Daylight
2021-10-09T18:00:00.000,I 285,I 285 and Chamblee Tucker Rd,,Rear End,2,Clear,Dry,Daylight
2021-12-30T22:00:00.000,I 285,I 285 and Chamblee Tucker Rd,,Angle Crash,2,Clear,Wet,Dark-Not Lighted
2021-11-10T17:36:00.000,I 285,I 285 and Chamblee Tucker Rd,,Sideswipe-Same Direction,3,Clear,Dry,Dusk
2021-07-18T14:51:00.000,I 285,I 285 and Chamblee Tucker Rd,,Rear End,2,Cloudy,Dry,Daylight
2021-11-30T21:45:00.000,I 285,I 285 and Chamblee Tucker Rd,,Sideswipe-Same Direction,2,Clear,Dry,Dark-Lighted
2021-06-03T15:49:00.000,I 285,I 285 and Chamblee Tucker Rd,,Angle Crash,2,Clear,Dry,Daylight
2021-04-18T11:54:00.000,I 285,I 285 and Chamblee Tucker Rd,,Rear End,3,Clear,Dry,Daylight
2021-01-18T15:26:00.000,I 285,I 285 and Chamblee Tucker Rd,,Rear End,2,Clear,Dry,Daylight
2021-06-04T14:00:00.000,I 285,I 285 and Chamblee Tucker Rd,,Rear End,2,Cloudy,Dry,Daylight
2021-06-19T14:37:00.000,I 285,I 285 and Chamblee Tucker Rd,,Rear End,2,Rain,Wet,Daylight
2021-04-29T12:52:00.000,I 285,I 285 and Chamblee Tucker Rd,,Rear End,2,Clear,Dry,Daylight
2021-01-27T09:43:00.000,I 285,I 285 and Chamblee Tucker Rd,,Rear End,3,Rain,Wet,Daylight
2021-06-29T17:43:00.000,I 285,I 285 and Chamblee Tucker Rd,,Rear End,2,Clear,Dry,Daylight
2021-06-17T15:15:00.000,I 285,I 285 and Chamblee Tucker Rd,,Rear End,2,Clear,Dry,Daylight
2021-05-17T00:00:00.000,I 285,I 285 and Chamblee Tucker Rd,,Rear End,2,Clear,Dry,Daylight
2021-01-01T08:46:00.000,I 285,I 285 and Chamblee Tucker Rd,,Not a Collision with Motor Vehicle,1,Cloudy,Wet,Daylight
2021-11-13T12:04:00.000,I 285,I 285 and Chamblee Tucker Rd,,Sideswipe-Same Direction,2,Clear,Dry,Daylight
2021-09-25T01:00:00.000,I 285,I 285 and Chamblee Tucker Rd,,Sideswipe-Same Direction,2,Clear,Dry,Dark-Not Lighted
2021-07-09T19:23:00.000,I 285,I 285 and Chamblee Tucker Rd,,Angle Crash,2,Clear,Dry,Daylight
2021-08-08T20:25:00.000,I 285,I 285 and Chamblee Tucker Rd,,Rear End,2,Clear,Dry,Dusk
2021-09-28T14:35:00.000,I 285,I 285 and Chamblee Tucker Rd,,Sideswipe-Same Direction,2,Clear,Dry,Daylight
2021-08-18T09:30:00.000,I 285,I 285 and Chamblee Tucker Rd,,Sideswipe-Same Direction,2,Clear,Dry,Daylight
2021-07-18T03:25:00.000,I 285,I 285 and Chamblee Tucker Rd,,Rear End,2,Clear,Dry,Dark-Lighted
2021-10-27T16:58:00.000,I 285,I 285 and Chamblee Tucker Rd,,Rear End,3,Clear,Dry,Daylight
2021-12-17T18:00:00.000,I 285,I 285 and Chamblee Tucker Rd,,Angle Crash,2,Clear,Dry,Dark-Not Lighted
2021-09-06T13:23:00.000,I 285,I 285 and Chamblee Tucker Rd,,Angle Crash,2,Cloudy,Dry,Daylight
2021-11-04T19:00:00.000,I 285,I 285 and Chamblee Tucker Rd,,Sideswipe-Same Direction,2,Cloudy,Wet,Dark-Not Lighted
2021-07-23T13:39:00.000,I 285,I 285 and Chamblee Tucker Rd,,Rear End,2,Clear,Dry,Daylight
2021-03-10T16:19:00.000,I 285,I 285 and Chamblee Tucker Rd,,Rear End,2,Cloudy,Dry,Daylight
2021-03-31T13:35:00.000,I 285,I 285 and Chamblee Tucker Rd,,Sideswipe-Same Direction,2,Rain,Wet,Daylight
2021-04-13T10:59:00.000,I 285,I 285 and Chamblee Tucker Rd,,Rear End,3,Clear,Dry,Daylight
2021-05-01T14:11:00.000,I 285,I 285 and Chamblee Tucker Rd,,Sideswipe-Same Direction,2,Clear,Dry,Daylight
2021-01-21T12:00:00.000,I 285,I 285 and Chamblee Tucker Rd,,Not a Collision with Motor Vehicle,1,Cloudy,Wet,Daylight
2021-05-12T16:35:00.000,I 285,I 285 and Chamblee Tucker Rd,,Rear End,2,Cloudy,Dry,Daylight
2021-01-01T12:12:00.000,I 285,I 285 and Chamblee Tucker Rd,,Angle Crash,2,Cloudy,Wet,Daylight
2021-03-15T19:30:00.000,I 285,I 285 and Chamblee Tucker Rd,,Rear End,2,Clear,Dry,Dark-Not Lighted
2021-11-12T09:23:00.000,I 285,I 285 and Chamblee Tucker Rd,,Rear End,2,Clear,Dry,Daylight
2021-10-22T11:34:00.000,I 285,I 285 and Chamblee Tucker Rd,,Sideswipe-Same Direction,2,Clear,Dry,Daylight
2021-11-05T19:10:00.000,I 285,I 285 and Chamblee Tucker Rd,,Rear End,2,Clear,Dry,Dark-Not Lighted
2021-11-19T10:37:00.000,I 285,I 285 and Chamblee Tucker Rd,,Sideswipe-Same Direction,3,Clear,Dry,Daylight
2021-12-16T10:45:00.000,I 285,I 285 and Chamblee Tucker Rd,,Angle Crash,2,Clear,Dry,Daylight
2021-09-01T08:30:00.000,I 285,I 285 and Chamblee Tucker Rd,,Rear End,2,Cloudy,Dry,Daylight
2021-12-22T14:36:00.000,I 285,I 285 and Chamblee Tucker Rd,,Sideswipe-Same Direction,2,Cloudy,Dry,Daylight
2021-12-04T02:28:00.000,I 285,I 285 and Chamblee Tucker Rd,,Not a Collision with Motor Vehicle,1,Clear,Dry,Dark-Not Lighted
2021-09-04T16:20:00.000,I 285,I 285 and Chamblee Tucker Rd,,Angle Crash,2,Cloudy,Dry,Daylight
2021-10-03T11:30:00.000,I 285,I 285 and Chamblee Tucker Rd,,Sideswipe-Same Direction,2,Cloudy,Dry,Daylight
2021-08-20T13:45:00.000,I 285,I 285 and Chamblee Tucker Rd,,Rear End,2,Clear,Dry,Daylight
2021-02-22T12:54:00.000,I 285,I 285 and Chamblee Tucker Rd,,Rear End,2,Cloudy,Wet,Daylight
2021-06-07T13:44:00.000,I 285,I 285 and Chamblee Tucker Rd,,Angle Crash,2,Cloudy,Dry,Daylight
2021-03-25T12:06:00.000,I 285,I 285 and Chamblee Tucker Rd,,Not a Collision with Motor Vehicle,1,Cloudy,Wet,Daylight
2021-06-20T09:01:00.000,I 285,I 285 and Chamblee Tucker Rd,,Not a Collision with Motor Vehicle,1,Rain,Wet,Daylight
2021-04-14T17:24:00.000,I 285,I 285 and Chamblee Tucker Rd,,Sideswipe-Same Direction,2,Clear,Dry,Daylight
2020-02-11T20:20:00.000,I 285,I 285 and Chamblee Tucker Rd,,Rear End,2,Rain,Wet,Dark-Lighted
2020-07-11T09:40:00.000,I 285,I 285 and Chamblee Tucker Rd,,Sideswipe-Same Direction,3,Clear,Dry,Daylight
2020-09-30T17:00:00.000,I 285,I 285 and Chamblee Tucker Rd,,Angle Crash,2,Clear,Dry,Daylight
2020-09-02T14:47:00.000,I 285,I 285 and Chamblee Tucker Rd,,Rear End,2,Cloudy,Dry,Daylight
2020-04-02T13:40:00.000,I 285,I 285 and Chamblee Tucker Rd,,Not a Collision with Motor Vehicle,3,Clear,Dry,Daylight
2020-05-05T10:46:00.000,I 285,I 285 and Chamblee Tucker Rd,,Not a Collision with Motor Vehicle,1,Clear,Dry,Daylight
2020-02-18T07:51:00.000,I 285,I 285 and Chamblee Tucker Rd,,Angle Crash,2,Rain,Wet,Daylight
2020-10-16T16:10:00.000,I 285,I 285 and Chamblee Tucker Rd,,Rear End,2,Clear,Dry,Daylight
2020-11-21T20:41:00.000,I 285,I 285 and Chamblee Tucker Rd,,Not a Collision with Motor Vehicle,1,Clear,Dry,Dark-Lighted
2023-05-01T07:17:00.000,I 285,I 285 and Chamblee Tucker Rd,,Sideswipe-Same Direction,2,Clear,Dry,Daylight
2023-09-06T12:35:00.000,I 285,I 285 and Chamblee Tucker Rd,,Angle Crash,2,Clear,Dry,Daylight
2023-03-13T11:59:00.000,I 285,I 285 and Chamblee Tucker Rd,,Rear End,2,Clear,Dry,Daylight
2023-04-30T04:00:00.000,I 285,I 285 and Chamblee Tucker Rd,,Not a Collision with Motor Vehicle,1,Rain,Wet,Dark-Lighted
2023-06-09T09:21:00.000,I 285,I 285 and Chamblee Tucker Rd,,Rear End,3,Clear,Dry,Daylight
2023-09-21T17:45:00.000,I 285,I 285 and Chamblee Tucker Rd,,Rear End,4,Clear,Dry,Daylight
2023-08-16T15:01:00.000,I 285,I 285 and Chamblee Tucker Rd,,Angle Crash,2,Cloudy,Dry,Daylight
2023-05-03T04:47:00.000,I 285,I 285 and Chamblee Tucker Rd,,Not a Collision with Motor Vehicle,1,Clear,Dry,Dark-Not Lighted
2023-07-20T15:59:00.000,I 285,I 285 and Chamblee Tucker Rd,,Sideswipe-Same Direction,2,Clear,Dry,Daylight
2023-08-31T00:00:00.000,I 285,I 285 and Chamblee Tucker Rd,,Angle Crash,2,Clear,Dry,Daylight
2023-10-07T13:50:00.000,I 285,I 285 and Chamblee Tucker Rd,,Rear End,3,Clear,Dry,Daylight
2023-12-10T08:00:00.000,I 285,I 285 and Chamblee Tucker Rd,,Sideswipe-Same Direction,2,Cloudy,Wet,Daylight
2023-08-19T16:38:00.000,I 285,I 285 and Chamblee Tucker Rd,,Rear End,2,Clear,Dry,Daylight
2023-04-30T06:48:00.000,I 285,I 285 and Chamblee Tucker Rd,,Not a Collision with Motor Vehicle,1,Rain,Wet,Dawn
2023-03-20T15:00:00.000,I 285,I 285 and Chamblee Tucker Rd,,Sideswipe-Same Direction,2,Clear,Dry,Daylight
2023-05-09T14:06:00.000,I 285,I 285 and Chamblee Tucker Rd,,Rear End,2,Cloudy,Dry,Daylight
2023-06-16T17:15:00.000,I 285,I 285 and Chamblee Tucker Rd,,Rear End,2,Clear,Dry,Daylight
2023-08-17T15:00:00.000,I 285,I 285 and Chamblee Tucker Rd,,Sideswipe-Same Direction,2,Clear,Dry,Daylight
2023-08-23T17:17:00.000,I 285,I 285 and Chamblee Tucker Rd,,Rear End,3,Clear,Dry,Daylight
2023-02-24T09:15:00.000,I 285,I 285 and Chamblee Tucker Rd,,Sideswipe-Same Direction,2,Clear,Dry,Daylight
2023-06-17T22:00:00.000,I 285,I 285 and Chamblee Tucker Rd,,Sideswipe-Same Direction,2,Clear,Dry,Dark-Lighted
2023-03-27T18:31:00.000,I 285,I 285 and Chamblee Tucker Rd,,Angle Crash,2,Clear,Dry,Daylight
2023-05-10T18:46:00.000,I 285,I 285 and Chamblee Tucker Rd,,Sideswipe-Same Direction,2,Clear,Dry,Daylight
2023-07-21T21:00:00.000,I 285,I 285 and Chamblee Tucker Rd,,Not a Collision with Motor Vehicle,1,Rain,Water (standing or moving),Dark-Lighted
2023-09-08T16:00:00.000,I 285,I 285 and Chamblee Tucker Rd,,Sideswipe-Same Direction,2,Clear,Dry,Daylight
2023-05-17T10:13:00.000,I 285,I 285 and Chamblee Tucker Rd,,Not a Collision with Motor Vehicle,2,Cloudy,Dry,Daylight
2023-05-12T17:00:00.000,I 285,I 285 and Chamblee Tucker Rd,,Sideswipe-Same Direction,2,Cloudy,Dry,Daylight
2023-09-06T09:07:00.000,I 285,I 285 and Chamblee Tucker Rd,,Rear End,2,Cloudy,Dry,Daylight
2023-07-15T17:40:00.000,I 285,I 285 and Chamblee Tucker Rd,,Rear End,2,Clear,Dry,Daylight
2023-09-08T09:19:00.000,I 285,I 285 and Chamblee Tucker Rd,,Rear End,2,Clear,Dry,Daylight
2023-06-02T10:45:00.000,I 285,I 285 and Chamblee Tucker Rd,,Angle Crash,2,Clear,Dry,Daylight
2023-04-10T20:00:00.000,I 285,I 285 and Chamblee Tucker Rd,,Rear End,2,Clear,Dry,Daylight
2023-03-04T14:07:00.000,I 285,I 285 and Chamblee Tucker Rd,,Sideswipe-Same Direction,2,Clear,Dry,Daylight
2023-12-25T18:59:00.000,I 285,I 285 and Chamblee Tucker Rd,,Sideswipe-Same Direction,2,Cloudy,Wet,Dark-Not Lighted
2023-10-20T19:27:00.000,I 285,I 285 and Chamblee Tucker Rd,,Rear End,2,Clear,Dry,Dark-Lighted
2023-04-27T14:46:00.000,I 285,I 285 and Chamblee Tucker Rd,,Sideswipe-Same Direction,2,Rain,Wet,Daylight
2023-03-17T20:00:00.000,I 285,I 285 and Chamblee Tucker Rd,,Angle Crash,2,Rain,Wet,Dark-Lighted
2023-04-30T12:45:00.000,I 285,I 285 and Chamblee Tucker Rd,,Angle Crash,2,Cloudy,Wet,Daylight
2023-05-29T19:13:00.000,I 285,I 285 and Chamblee Tucker Rd,,Sideswipe-Same Direction,2,Clear,Dry,Daylight
2023-08-22T15:59:00.000,I 285,I 285 and Chamblee Tucker Rd,,Sideswipe-Same Direction,2,Clear,Dry,Daylight
2023-08-31T13:54:00.000,I 285,I 285 and Chamblee Tucker Rd,,Rear End,2,Clear,Dry,Daylight
2023-01-12T17:00:00.000,I 285,I 285 and Chamblee Tucker Rd,,Sideswipe-Same Direction,2,Rain,Wet,Daylight
2023-10-14T23:30:00.000,I 285,I 285 and Chamblee Tucker Rd,,Angle Crash,2,Clear,Dry,Dark-Lighted
2023-04-21T14:00:00.000,I 285,I 285 and Chamblee Tucker Rd,,Sideswipe-Same Direction,2,Clear,Dry,Daylight
2023-01-17T17:35:00.000,I 285,I 285 and Chamblee Tucker Rd,,Rear End,2,Cloudy,Wet,Daylight
2023-06-29T17:45:00.000,I 285,I 285 and Chamblee Tucker Rd,,Rear End,3,Clear,Dry,Daylight
2023-06-16T19:10:00.000,I 285,I 285 and Chamblee Tucker Rd,,Rear End,2,Clear,Dry,Daylight
2023-02-21T14:46:00.000,I 285,I 285 and Chamblee Tucker Rd,,Rear End,2,Rain,Wet,Daylight
2023-10-27T14:12:00.000,I 285,I 285 and Chamblee Tucker Rd,,Rear End,3,Clear,Dry,Daylight
2023-04-10T17:00:00.000,I 285,I 285 and Chamblee Tucker Rd,,Sideswipe-Same Direction,2,Clear,Dry,Daylight
2023-04-09T16:09:00.000,I 285,I 285 and Chamblee Tucker Rd,,Sideswipe-Same Direction,2,Clear,Dry,Daylight
2023-01-06T16:10:00.000,I 285,I 285 and Chamblee Tucker Rd,,Rear End,2,Clear,Dry,Daylight
2023-10-06T16:20:00.000,I 285,I 285 and Chamblee Tucker Rd,,Sideswipe-Same Direction,2,Clear,Dry,Daylight
2023-08-07T15:37:00.000,I 285,I 285 and Chamblee Tucker Rd,,Rear End,2,Cloudy,Wet,Daylight
2023-06-04T19:26:00.000,I 285,I 285 and Chamblee Tucker Rd,,Rear End,2,Rain,Wet,Daylight
2023-08-17T14:00:00.000,I 285,I 285 and Chamblee Tucker Rd,,Sideswipe-Same Direction,2,Clear,Dry,Daylight
2023-07-03T16:55:00.000,I 285,I 285 and Chamblee Tucker Rd,,Angle Crash,2,Cloudy,Dry,Daylight
2023-09-11T09:32:00.000,I 285,I 285 and Chamblee Tucker Rd,,Sideswipe-Same Direction,3,Clear,Dry,Daylight
2023-08-06T21:49:00.000,I 285,I 285 and Chamblee Tucker Rd,,Rear End,2,Cloudy,Wet,Dark-Lighted
2023-04-14T00:00:00.000,I 285,I 285 and Chamblee Tucker Rd,,Sideswipe-Same Direction,2,Clear,Dry,Daylight
2023-08-23T12:52:00.000,I 285,I 285 and Chamblee Tucker Rd,,Rear End,2,Clear,Dry,Daylight
2023-09-14T17:40:00.000,I 285,I 285 and Chamblee Tucker Rd,,Rear End,2,Clear,Dry,Daylight
2023-11-22T11:50:00.000,I 285,I 285 and Chamblee Tucker Rd,,Angle Crash,2,Cloudy,Dry,Daylight
2023-06-06T15:34:00.000,I 285,I 285 and Chamblee Tucker Rd,,Sideswipe-Same Direction,2,Clear,Dry,Daylight
2023-09-11T12:55:00.000,I 285,I 285 and Chamblee Tucker Rd,,Not a Collision with Motor Vehicle,1,Cloudy,Dry,Daylight
2023-08-16T16:22:00.000,I 285,I 285 and Chamblee Tucker Rd,,Rear End,2,Clear,Dry,Daylight
2023-08-15T17:15:00.000,I 285,I 285 and Chamblee Tucker Rd,,Rear End,2,Clear,Dry,Daylight
2023-02-19T19:24:00.000,I 285,I 285 and Chamblee Tucker Rd,,Sideswipe-Same Direction,2,Clear,Dry,Daylight
2023-10-04T09:55:00.000,I 285,I 285 and Chamblee Tucker Rd,,Rear End,2,Clear,Dry,Daylight
2023-06-01T18:10:00.000,I 285,I 285 and Chamblee Tucker Rd,,Rear End,2,Cloudy,Dry,Daylight
2023-11-20T14:48:00.000,I 285,I 285 and Chamblee Tucker Rd,,Rear End,2,Clear,Dry,Daylight
2023-10-29T04:56:00.000,I 285,I 285 and Chamblee Tucker Rd,,Not a Collision with Motor Vehicle,1,Clear,Dry,Daylight
2023-07-05T18:34:00.000,I 285,I 285 and Chamblee Tucker Rd,,Rear End,2,Cloudy,Dry,Daylight
2023-05-10T22:07:00.000,I 285,I 285 and Chamblee Tucker Rd,,Sideswipe-Same Direction,2,Clear,Dry,Dark-Not Lighted
2023-07-21T20:45:00.000,I 285,I 285 and Chamblee Tucker Rd,,Angle Crash,2,Rain,Water (standing or moving),Dark-Lighted
2023-01-12T16:30:00.000,I 285,I 285 and Chamblee Tucker Rd,,Sideswipe-Same Direction,2,Rain,Wet,Daylight
2023-10-23T21:18:00.000,I 285,I 285 and Chamblee Tucker Rd,,Angle Crash,2,Clear,Dry,Dark-Not Lighted
2023-08-03T20:59:00.000,I 285,I 285 and Chamblee Tucker Rd,,Rear End,2,Clear,Dry,Dark-Lighted
2023-03-19T20:30:00.000,I 285,I 285 and Chamblee Tucker Rd,,Not a Collision with Motor Vehicle,1,Clear,Dry,Dark-Not Lighted
2023-10-06T20:10:00.000,I 285,I 285 and Chamblee Tucker Rd,,Rear End,2,Cloudy,Wet,Dark-Lighted
2023-11-26T21:00:00.000,I 285,I 285 and Chamblee Tucker Rd,,Rear End,2,Rain,Wet,Dark-Lighted
2023-05-09T17:50:00.000,I 285,I 285 and Chamblee Tucker Rd,,Angle Crash,2,Cloudy,Dry,Daylight
2023-08-08T23:33:00.000,I 285,I 285 and Chamblee Tucker Rd,,Rear End,2,Clear,Dry,Dark-Not Lighted
2023-11-08T15:30:00.000,I 285,I 285 and Chamblee Tucker Rd,,Sideswipe-Same Direction,2,Clear,Dry,Daylight
2023-09-30T02:00:00.000,I 285,I 285 and Chamblee Tucker Rd,,Sideswipe-Same Direction,2,Clear,Dry,Dark-Lighted
2023-06-03T19:15:00.000,I 285,I 285 and Chamblee Tucker Rd,,Rear End,2,Clear,Dry,Daylight
2023-05-24T16:36:00.000,I 285,I 285 and Chamblee Tucker Rd,,Angle Crash,2,Cloudy,Dry,Daylight
2023-08-19T05:05:00.000,I 285,I 285 and Chamblee Tucker Rd,,Not a Collision with Motor Vehicle,1,Clear,Dry,Daylight
2023-04-13T16:00:00.000,I 285,I 285 and Chamblee Tucker Rd,,Sideswipe-Same Direction,2,Cloudy,Wet,Daylight
2023-11-16T16:33:00.000,I 285,I 285 and Chamblee Tucker Rd,,Rear End,2,Clear,Dry,Daylight
2023-03-07T13:56:00.000,I 285,I 285 and Chamblee Tucker Rd,,Rear End,2,Clear,Dry,Daylight
2023-03-04T10:14:00.000,I 285,I 285 and Chamblee Tucker Rd,,Rear End,2,Clear,Dry,Daylight
2023-11-23T21:40:00.000,I 285,I 285 and Chamblee Tucker Rd,,Sideswipe-Same Direction,2,Clear,Dry,Dark-Lighted
2023-04-28T06:39:00.000,I 285,I 285 and Chamblee Tucker Rd,,Angle Crash,2,Cloudy,Wet,Dawn
2023-05-14T14:41:00.000,I 285,I 285 and Chamblee Tucker Rd,,Rear End,2,Clear,Dry,Daylight
2022-11-29T08:03:00.000,I 285,I 285 and Chamblee Tucker Rd,,Rear End,3,Clear,Dry,Daylight
2022-02-13T14:28:00.000,I 285,I 285 and Chamblee Tucker Rd,,Angle Crash,2,Clear,Dry,Daylight
2022-11-12T08:56:00.000,I 285,I 285 and Chamblee Tucker Rd,,Angle Crash,2,Cloudy,Dry,Daylight