Date and Time,Roadway (From Crash Report),Intersection Name (from Crash Report),KABCO Severity,Manner of Collision (Crash Level) ,# of Vehicles per crash ,Weather Conditions (Crash Level),Surface Condition (Crash Level) ,Light Conditions (Crash Level)
2022-12-25T05:00:00.000,I 285,I 285 and Chamblee Tucker Rd,,Sideswipe-Same Direction,2,Clear,Dry,Dark-Lighted
2022-07-21T17:20:00.000,I 285,I 285 and Chamblee Tucker Rd,,Sideswipe-Same Direction,2,Cloudy,Wet,Daylight
2022-07-22T04:20:00.000,I 285,I 285 and Chamblee Tucker Rd,,Sideswipe-Opposite Direction,2,Clear,Dry,Dark-Not Lighted
2022-02-26T08:04:00.000,I 285,I 285 and Chamblee Tucker Rd,,Angle Crash,2,Cloudy,Dry,Daylight
2022-02-10T17:20:00.000,I 285,I 285 and Chamblee Tucker Rd,,Angle Crash,2,Clear,Dry,Daylight
2024-04-22T16:50:00.000,I 285,I 285 and Chamblee Tucker Rd,,Sideswipe-Same Direction,2,Clear,Dry,Daylight
2022-05-20T16:00:00.000,I 285,I 285 and Chamblee Tucker Rd,,Rear End,2,Clear,Dry,Daylight
2022-05-17T10:08:00.000,I 285,I 285 and Chamblee Tucker Rd,,Angle Crash,2,Clear,Dry,Daylight
2021-04-18T11:54:00.000,I 285,I 285 and Chamblee Tucker Rd,,Rear End,2,Clear,Dry,Daylight
2023-09-26T15:30:00.000,I 285,I 285 and Chamblee Tucker Rd,,Rear End,2,Clear,Dry,Daylight
2020-09-23T17:20:00.000,I 285,I 285 and Chamblee Tucker Rd,,Rear End,2,Clear,Dry,Daylight
2020-10-31T12:00:00.000,I 285,I 285 and Chamblee Tucker Rd,,Rear End,2,Clear,Dry,Daylight
2020-01-05T17:43:00.000,I 285,I 285 and Chamblee Tucker Rd,,Angle Crash,2,Clear,Dry,Daylight
2020-12-30T04:00:00.000,I 285,I 285 and Chamblee Tucker Rd,,Not a Collision with Motor Vehicle,1,Clear,Dry,Dark-Not Lighted
2020-08-23T10:55:00.000,I 285,I 285 and Chamblee Tucker Rd,,Not a Collision with Motor Vehicle,1,Clear,Dry,Daylight
2020-03-01T23:15:00.000,I 285,I 285 and Chamblee Tucker Rd,,Rear End,2,Clear,Dry,Dark-Not Lighted
2020-11-27T06:32:00.000,I 285,I 285 and Chamblee Tucker Rd,,Sideswipe-Same Direction,2,Clear,Dry,Dark-Not Lighted
2020-02-11T08:13:00.000,I 285,I 285 and Chamblee Tucker Rd,,Angle Crash,2,Rain,Wet,Daylight
2020-02-17T07:29:00.000,I 285,I 285 and Chamblee Tucker Rd,,Rear End,2,Cloudy,Dry,Daylight
2020-02-03T18:44:00.000,I 285,I 285 and Chamblee Tucker Rd,,Rear End,3,Cloudy,Dry,Dark-Not Lighted
2020-11-19T21:20:00.000,I 285,I 285 and Chamblee Tucker Rd,,Sideswipe-Same Direction,2,Clear,Dry,Dark-Lighted
2020-08-26T17:25:00.000,I 285,I 285 and Chamblee Tucker Rd,,Angle Crash,2,Cloudy,Dry,Daylight
2020-01-05T20:56:00.000,I 285,I 285 and Chamblee Tucker Rd,,Not a Collision with Motor Vehicle,1,Clear,Dry,Dark-Not Lighted
2020-09-24T17:02:00.000,I 285,I 285 and Chamblee Tucker Rd,,Angle Crash,2,Rain,Wet,Dusk
2020-02-24T11:16:00.000,I 285,I 285 and Chamblee Tucker Rd,,Rear End,2,Cloudy,Wet,Daylight
2020-11-27T14:12:00.000,I 285,I 285 and Chamblee Tucker Rd,,Angle Crash,2,Clear,Dry,Daylight
2020-11-05T15:30:00.000,I 285,I 285 and Chamblee Tucker Rd,,Rear End,2,Clear,Dry,Daylight
2020-01-24T08:03:00.000,I 285,I 285 and Chamblee Tucker Rd,,Rear End,2,Rain,Wet,Daylight
2020-10-09T08:10:00.000,I 285,I 285 and Chamblee Tucker Rd,,Sideswipe-Same Direction,2,Clear,Dry,Daylight
2020-03-05T16:30:00.000,I 285,I 285 and Chamblee Tucker Rd,,Rear End,2,Cloudy,Wet,Daylight
2020-07-28T00:30:00.000,I 285,I 285 and Chamblee Tucker Rd,,Angle Crash,2,Clear,Dry,Dark-Lighted
2020-06-28T21:04:00.000,I 285,I 285 and Chamblee Tucker Rd,,Not a Collision with Motor Vehicle,1,Clear,Dry,Dark-Not Lighted
2020-02-20T19:00:00.000,I 285,I 285 and Chamblee Tucker Rd,,Angle Crash,2,Rain,Wet,Dark-Not Lighted
2020-09-15T09:25:00.000,I 285,I 285 and Chamblee Tucker Rd,,Rear End,3,Cloudy,Wet,Daylight
2020-09-15T13:50:00.000,I 285,I 285 and Chamblee Tucker Rd,,Rear End,2,Cloudy,Dry,Daylight
2020-08-13T11:08:00.000,I 285,I 285 and Chamblee Tucker Rd,,Rear End,2,Rain,Wet,Dark-Lighted
2020-08-22T22:40:00.000,I 285,I 285 and Chamblee Tucker Rd,,Not a Collision with Motor Vehicle,1,Clear,Dry,Dark-Lighted
2020-12-18T23:07:00.000,I 285,I 285 and Chamblee Tucker Rd,,Angle Crash,2,Clear,Dry,Dark-Not Lighted
2020-09-02T08:50:00.000,I 285,I 285 and Chamblee Tucker Rd,,Sideswipe-Same Direction,2,Clear,Dry,Daylight
2020-09-03T11:32:00.000,I 285,I 285 and Chamblee Tucker Rd,,Rear End,4,Clear,Dry,Daylight
2020-10-19T15:00:00.000,I 285,I 285 and Chamblee Tucker Rd,,Rear End,3,Clear,Dry,Daylight
2020-12-18T14:34:00.000,I 285,I 285 and Chamblee Tucker Rd,,Rear End,3,Clear,Dry,Daylight
2020-07-31T09:50:00.000,I 285,I 285 and Chamblee Tucker Rd,,Not a Collision with Motor Vehicle,1,Clear,Dry,Daylight
2020-06-30T13:17:00.000,I 285,I 285 and Chamblee Tucker Rd,,Sideswipe-Same Direction,2,Clear,Dry,Daylight
2020-05-06T14:15:00.000,I 285,I 285 and Chamblee Tucker Rd,,Angle Crash,2,Clear,Dry,Daylight
2020-11-14T11:31:00.000,I 285,I 285 and Chamblee Tucker Rd,,Rear End,2,Clear,Dry,Daylight
2020-06-16T08:30:00.000,I 285,I 285 and Chamblee Tucker Rd,,Angle Crash,2,Clear,Dry,Dark-Not Lighted
2020-12-14T11:05:00.000,I 285,I 285 and Chamblee Tucker Rd,,Rear End,2,Cloudy,Dry,Daylight
2020-01-06T15:14:00.000,I 285,I 285 and Chamblee Tucker Rd,,Sideswipe-Same Direction,2,Clear,Dry,Daylight
2020-12-13T05:45:00.000,I 285,I 285 and Chamblee Tucker Rd,,Rear End,2,Clear,Dry,Dark-Not Lighted
2020-09-19T09:44:00.000,I 285,I 285 and Chamblee Tucker Rd,,Angle Crash,2,Cloudy,Dry,Daylight
2020-02-24T11:16:00.000,I 285,I 285 and Chamblee Tucker Rd,,Rear End,2,Cloudy,Wet,Daylight
2020-09-03T08:43:00.000,I 285,I 285 and Chamblee Tucker Rd,,Sideswipe-Same Direction,2,Clear,Dry,Daylight
2020-03-12T16:55:00.000,I 285,I 285 and Chamblee Tucker Rd,,Angle Crash,2,Clear,Dry,Daylight
2020-09-25T21:00:00.000,I 285,I 285 and Chamblee Tucker Rd,,Not a Collision with Motor Vehicle,2,Cloudy,Dry,Dark-Lighted
2020-01-24T06:22:00.000,I 285,I 285 and Chamblee Tucker Rd,,Angle Crash,3,Rain,Wet,Dark-Not Lighted
2020-12-19T18:00:00.000,I 285,I 285 and Chamblee Tucker Rd,,Rear End,2,Clear,Dry,Dark-Not Lighted
2020-10-24T12:44:00.000,I 285,I 285 and Chamblee Tucker Rd,,Rear End,3,Clear,Dry,Daylight
2020-02-24T00:00:00.000,I 285,I 285 and Chamblee Tucker Rd,,Rear End,2,Clear,Dry,Dark-Lighted
2020-01-03T14:32:00.000,I 285,I 285 and Chamblee Tucker Rd,,Rear End,3,Rain,Wet,Daylight
2020-07-07T17:00:00.000,I 285,I 285 and Chamblee Tucker Rd,,Angle Crash,2,Cloudy,Dry,Daylight
2020-06-01T04:00:00.000,I 285,I 285 and Chamblee Tucker Rd,,Sideswipe-Same Direction,2,Clear,Dry,Dark-Not Lighted
2020-07-17T15:14:00.000,I 285,I 285 and Chamblee Tucker Rd,,Rear End,2,Clear,Dry,Daylight
2020-08-09T16:00:00.000,I 285,I 285 and Chamblee Tucker Rd,,Angle Crash,2,Clear,Dry,Daylight
2020-05-22T03:00:00.000,I 285,I 285 and Chamblee Tucker Rd,,Not a Collision with Motor Vehicle,1,Cloudy,Dry,Daylight
2020-09-08T13:44:00.000,I 285,I 285 and Chamblee Tucker Rd,,Sideswipe-Same Direction,2,Clear,Dry,Daylight
2020-11-04T16:00:00.000,I 285,I 285 and Chamblee Tucker Rd,,Rear End,2,Clear,Dry,Daylight
2020-04-29T07:32:00.000,I 285,I 285 and Chamblee Tucker Rd,,Not a Collision with Motor Vehicle,1,Clear,Dry,Daylight
2020-11-24T14:00:00.000,I 285,I 285 and Chamblee Tucker Rd,,Angle Crash,2,Clear,Dry,Daylight
2020-03-04T13:53:00.000,I 285,I 285 and Chamblee Tucker Rd,,Sideswipe-Same Direction,2,Rain,Wet,Daylight
2020-03-05T07:19:00.000,I 285,I 285 and Chamblee Tucker Rd,,Rear End,2,Rain,Wet,Daylight
2020-01-12T13:37:00.000,I 285,I 285 and Chamblee Tucker Rd,,Angle Crash,2,Clear,Dry,Daylight
2020-08-31T17:50:00.000,I 285,I 285 and Chamblee Tucker Rd,,Rear End,2,Clear,Dry,Daylight
2020-09-23T22:20:00.000,I 285,I 285 and Chamblee Tucker Rd,,Sideswipe-Same Direction,2,Clear,Dry,Dark-Lighted
2020-05-08T12:55:00.000,I 285,I 285 and Chamblee Tucker Rd,,Angle Crash,2,Rain,Wet,Daylight
2020-05-26T00:00:00.000,I 285,I 285 and Chamblee Tucker Rd,,Sideswipe-Same Direction,2,Rain,Wet,Daylight
2020-01-21T17:00:00.000,I 285,I 285 and Chamblee Tucker Rd,,Rear End,2,Clear,Dry,Daylight
2020-09-29T08:28:00.000,I 285,I 285 and Chamblee Tucker Rd,,Rear End,2,Cloudy,Dry,Daylight
2020-09-22T12:43:00.000,I 285,I 285 and Chamblee Tucker Rd,,Angle Crash,2,Clear,Dry,Daylight
2020-05-17T23:51:00.000,I 285,I 285 and Chamblee Tucker Rd,,Not a Collision with Motor Vehicle,1,Cloudy,Wet,Dark-Not Lighted
2020-09-29T07:17:00.000,I 285,I 285 and Chamblee Tucker Rd,,Rear End,3,Cloudy,Dry,Daylight
2021-05-06T00:00:00.000,I 285,I 285 and Chamblee Tucker Rd,,Head On,2,Clear,Dry,Daylight
2021-04-01T10:10:00.000,I 285,I 285 and Chamblee Tucker Rd,,Rear End,2,Clear,Dry,Daylight
2021-04-13T06:34:00.000,I 285,I 285 and Chamblee Tucker Rd,,Angle Crash,2,Clear,Dry,Dark-Lighted
2021-05-21T20:10:00.000,I 285,I 285 and Chamblee Tucker Rd,,Rear End,2,Clear,Dry,Dusk
2021-06-23T10:45:00.000,I 285,I 285 and Chamblee Tucker Rd,,Angle Crash,2,Cloudy,Dry,Daylight
2021-01-01T11:00:00.000,I 285,I 285 and Chamblee Tucker Rd,,Not a Collision with Motor Vehicle,1,Cloudy,Wet,Daylight
2021-03-05T17:24:00.000,I 285,I 285 and Chamblee Tucker Rd,,Angle Crash,2,Clear,Dry,Daylight
2021-05-20T18:10:00.000,I 285,I 285 and Chamblee Tucker Rd,,Rear End,2,Clear,Dry,Daylight
2021-04-13T21:15:00.000,I 285,I 285 and Chamblee Tucker Rd,,Rear End,2,Clear,Dry,Dark-Not Lighted
2021-06-10T11:00:00.000,I 285,I 285 and Chamblee Tucker Rd,,Not a Collision with Motor Vehicle,2,Clear,Dry,Daylight
2021-04-21T07:23:00.000,I 285,I 285 and Chamblee Tucker Rd,,Sideswipe-Same Direction,3,Clear,Dry,Daylight
2021-03-31T05:41:00.000,I 285,I 285 and Chamblee Tucker Rd,,Sideswipe-Same Direction,2,Rain,Wet,Dark-Lighted
2021-06-11T07:50:00.000,I 285,I 285 and Chamblee Tucker Rd,,Rear End,2,Cloudy,Dry,Daylight
2021-04-06T17:05:00.000,I 285,I 285 and Chamblee Tucker Rd,,Sideswipe-Same Direction,4,Clear,Dry,Daylight
2021-06-08T12:50:00.000,I 285,I 285 and Chamblee Tucker Rd,,Rear End,3,Clear,Dry,Daylight
2021-01-13T16:35:00.000,I 285,I 285 and Chamblee Tucker Rd,,Rear End,2,Clear,Dry,Daylight
2021-01-11T09:10:00.000,I 285,I 285 and Chamblee Tucker Rd,,Sideswipe-Same Direction,2,Clear,Dry,Daylight
2021-08-09T19:40:00.000,I 285,I 285 and Chamblee Tucker Rd,,Not a Collision with Motor Vehicle,2,Clear,Dry,Daylight
2021-09-27T19:00:00.000,I 285,I 285 and Chamblee Tucker Rd,,Sideswipe-Same Direction,2,Clear,Dry,Dusk
2021-10-08T16:41:00.000,I 285,I 285 and Chamblee Tucker Rd,,Rear End,2,Clear,Dry,Daylight
2021-09-26T14:01:00.000,I 285,I 285 and Chamblee Tucker Rd,,Rear End,2,Clear,Dry,Daylight
2021-09-25T15:35:00.000,I 285,I 285 and Chamblee Tucker Rd,,Rear End,3,Clear,Dry,Daylight
2021-07-18T14:51:00.000,I 285,I 285 and Chamblee Tucker Rd,,Rear End,2,Cloudy,Dry,Daylight
2021-07-30T14:30:00.000,I 285,I 285 and Chamblee Tucker Rd,,Rear End,2,Clear,Dry,Daylight
2021-09-24T10:45:00.000,I 285,I 285 and Chamblee Tucker Rd,,Rear End,2,Clear,Dry,Daylight
2021-09-11T17:40:00.000,I 285,I 285 and Chamblee Tucker Rd,,Rear End,2,Clear,Dry,Daylight
2021-12-20T17:15:00.000,I 285,I 285 and Chamblee Tucker Rd,,Rear End,2,Clear,Dry,Daylight
2021-09-26T14:00:00.000,I 285,I 285 and Chamblee Tucker Rd,,Rear End,2,Clear,Dry,Daylight
2021-07-01T13:57:00.000,I 285,I 285 and Chamblee Tucker Rd,,Rear End,2,Clear,Dry,Daylight
2021-09-05T02:50:00.000,I 285,I 285 and Chamblee Tucker Rd,,Rear End,2,Clear,Dry,Dark-Lighted
2021-07-09T14:00:00.000,I 285,I 285 and Chamblee Tucker Rd,,Rear End,2,Cloudy,Dry,Daylight
2021-07-28T12:00:00.000,I 285,I 285 and Chamblee Tucker Rd,,Not a Collision with Motor Vehicle,1,Rain,Wet,Daylight
2021-08-06T21:58:00.000,I 285,I 285 and Chamblee Tucker Rd,,Rear End,2,Clear,Dry,Dark-Lighted
2021-09-28T17:08:00.000,I 285,I 285 and Chamblee Tucker Rd,,Rear End,2,Clear,Dry,Daylight
2021-12-22T05:45:00.000,I 285,I 285 and Chamblee Tucker Rd,,Angle Crash,3,Clear,Dry,Dark-Lighted
2021-07-24T17:10:00.000,I 285,I 285 and Chamblee Tucker Rd,,Sideswipe-Same Direction,2,Clear,Dry,Daylight
2021-11-15T11:20:00.000,I 285,I 285 and Chamblee Tucker Rd,,Not a Collision with Motor Vehicle,1,Clear,Dry,Daylight
2022-08-09T17:35:00.000,I 285,I 285 and Chamblee Tucker Rd,,Rear End,2,Cloudy,Dry,Daylight
2022-01-31T15:40:00.000,I 285,I 285 and Chamblee Tucker Rd,,Angle Crash,2,Cloudy,Dry,Daylight
2022-12-01T22:10:00.000,I 285,I 285 and Chamblee Tucker Rd,,Not a Collision with Motor Vehicle,1,Clear,Dry,Dark-Not Lighted
2021-08-25T23:01:00.000,I 285,I 285 and Chamblee Tucker Rd,,Not a Collision with Motor Vehicle,2,Cloudy,Wet,Dark-Not Lighted
2021-07-28T13:05:00.000,I 285,I 285 and Chamblee Tucker Rd,,Rear End,3,Clear,Dry,Daylight
2021-07-29T10:05:00.000,I 285,I 285 and Chamblee Tucker Rd,,Sideswipe-Same Direction,2,Clear,Dry,Daylight
2021-10-29T15:40:00.000,I 285,I 285 and Chamblee Tucker Rd,,Sideswipe-Same Direction,2,Clear,Dry,Daylight
2021-11-09T08:20:00.000,I 285,I 285 and Chamblee Tucker Rd,,Rear End,2,Clear,Dry,Daylight
2021-09-17T17:45:00.000,I 285,I 285 and Chamblee Tucker Rd,,Angle Crash,2,Clear,Dry,Daylight
2021-12-08T10:00:00.000,I 285,I 285 and Chamblee Tucker Rd,,Rear End,2,Cloudy,Dry,Daylight
2021-12-01T22:44:00.000,I 285,I 285 and Chamblee Tucker Rd,,Not a Collision with Motor Vehicle,1,Clear,Dry,Dark-Not Lighted
2021-12-22T05:52:00.000,I 285,I 285 and Chamblee Tucker Rd,,Rear End,2,Clear,Dry,Dark-Not Lighted
2021-11-12T19:06:00.000,I 285,I 285 and Chamblee Tucker Rd,,Rear End,4,Clear,Dry,Daylight
2022-06-24T12:43:00.000,I 285,I 285 and Chamblee Tucker Rd,,Sideswipe-Same Direction,2,Clear,Dry,Daylight
2022-12-16T19:51:00.000,I 285,I 285 and Chamblee Tucker Rd,,Rear End,2,Clear,Dry,Dark-Not Lighted
2022-12-19T00:45:00.000,I 285,I 285 and Chamblee Tucker Rd,,Not a Collision with Motor Vehicle,1,Clear,Dry,Dark-Lighted
2022-05-19T07:35:00.000,I 285,I 285 and Chamblee Tucker Rd,,Sideswipe-Same Direction,2,Clear,Dry,Daylight
2022-10-26T17:20:00.000,I 285,I 285 and Chamblee Tucker Rd,,Rear End,3,Clear,Dry,Daylight
2022-03-08T19:14:00.000,I 285,I 285 and Chamblee Tucker Rd,,Rear End,3,Rain,Wet,Dark-Not Lighted
2022-02-25T00:00:00.000,I 285,I 285 and Chamblee Tucker Rd,,Angle Crash,2,Clear,Dry,Daylight
2022-12-19T08:40:00.000,I 285,I 285 and Chamblee Tucker Rd,,Sideswipe-Same Direction,2,Clear,Dry,Daylight
2022-08-02T19:20:00.000,I 285,I 285 and Chamblee Tucker Rd,,Not a Collision with Motor Vehicle,1,Clear,Dry,Dark-Not Lighted
2022-10-03T16:06:00.000,I 285,I 285 and Chamblee Tucker Rd,,Not a Collision with Motor Vehicle,2,Clear,Dry,Daylight
2022-02-24T07:35:00.000,I 285,I 285 and Chamblee Tucker Rd,,Rear End,2,Cloudy,Dry,Daylight
2022-08-31T13:00:00.000,I 285,I 285 and Chamblee Tucker Rd,,Rear End,2,Clear,Dry,Daylight
2022-07-29T09:20:00.000,I 285,I 285 and Chamblee Tucker Rd,,Sideswipe-Same Direction,2,Clear,Dry,Daylight
2022-06-26T21:55:00.000,I 285,I 285 and Chamblee Tucker Rd,,Angle Crash,2,Clear,Dry,Dark-Lighted
2022-11-21T13:27:00.000,I 285,I 285 and Chamblee Tucker Rd,,Rear End,2,Clear,Dry,Daylight
2022-12-29T07:39:00.000,I 285,I 285 and Chamblee Tucker Rd,,Angle Crash,2,Clear,Dry,Daylight
2022-04-09T17:37:00.000,I 285,I 285 and Chamblee Tucker Rd,,Rear End,5,Clear,Dry,Daylight
2022-03-04T18:45:00.000,I 285,I 285 and Chamblee Tucker Rd,,Rear End,2,Clear,Dry,Dark-Not Lighted
2022-05-21T16:04:00.000,I 285,I 285 and Chamblee Tucker Rd,,Rear End,4,Clear,Dry,Daylight
2022-07-30T06:45:00.000,I 285,I 285 and Chamblee Tucker Rd,,Not a Collision with Motor Vehicle,1,Cloudy,Dry,Daylight
2022-03-10T00:00:00.000,I 285,I 285 and Chamblee Tucker Rd,,Rear End,2,Clear,Dry,Daylight
2022-12-22T23:55:00.000,I 285,I 285 and Chamblee Tucker Rd,,Angle Crash,2,Rain,Wet,Dark-Lighted
2022-07-23T18:07:00.000,I 285,I 285 and Chamblee Tucker Rd,,Sideswipe-Same Direction,2,Clear,Dry,Dark-Lighted
2022-05-14T16:31:00.000,I 285,I 285 and Chamblee Tucker Rd,,Sideswipe-Same Direction,2,Clear,Dry,Daylight
2022-08-17T05:50:00.000,I 285,I 285 and Chamblee Tucker Rd,,Sideswipe-Same Direction,2,Clear,Dry,Daylight
2022-06-29T06:19:00.000,I 285,I 285 and Chamblee Tucker Rd,,Not a Collision with Motor Vehicle,1,Cloudy,Dry,Daylight
2022-09-30T13:35:00.000,I 285,I 285 and Chamblee Tucker Rd,,Rear End,3,Cloudy,Dry,Daylight
2022-03-01T20:04:00.000,I 285,I 285 and Chamblee Tucker Rd,,Not a Collision with Motor Vehicle,2,Clear,Dry,Dark-Not Lighted
2022-02-09T15:50:00.000,I 285,I 285 and Chamblee Tucker Rd,,Sideswipe-Same Direction,2,Clear,Dry,Daylight
2022-10-19T17:10:00.000,I 285,I 285 and Chamblee Tucker Rd,,Rear End,2,Clear,Dry,Daylight
2021-10-22T00:20:00.000,I 285,I 285 and Chamblee Tucker Rd,,Angle Crash,2,Cloudy,Dry,Dark-Not Lighted
2022-08-05T00:00:00.000,I 285,I 285 and Chamblee Tucker Rd,,Angle Crash,2,Clear,Dry,Daylight
2022-10-06T14:01:00.000,I 285,I 285 and Chamblee Tucker Rd,,Angle Crash,2,Clear,Dry,Daylight
2022-12-27T15:16:00.000,I 285,I 285 and Chamblee Tucker Rd,,Rear End,2,Clear,Dry,Daylight
2022-01-26T15:30:00.000,I 285,I 285 and Chamblee Tucker Rd,,Angle Crash,2,Clear,Dry,Daylight
2022-12-15T14:00:00.000,I 285,I 285 and Chamblee Tucker Rd,,Angle Crash,2,Clear,Dry,Daylight
2022-09-24T09:00:00.000,I 285,I 285 and Chamblee Tucker Rd,,Sideswipe-Same Direction,2,Clear,Dry,Daylight
2022-09-07T18:04:00.000,I 285,I 285 and Chamblee Tucker Rd,,Angle Crash,2,Clear,Dry,Daylight
2022-08-29T16:25:00.000,I 285,I 285 and Chamblee Tucker Rd,,Sideswipe-Same Direction,2,Clear,Dry,Daylight
2022-06-13T16:19:00.000,I 285,I 285 and Chamblee Tucker Rd,,Not a Collision with Motor Vehicle,2,Clear,Dry,Daylight
2022-03-07T09:30:00.000,I 285,I 285 and Chamblee Tucker Rd,,Angle Crash,2,Clear,Dry,Daylight
2022-12-30T16:00:00.000,I 285,I 285 and Chamblee Tucker Rd,,Sideswipe-Same Direction,2,Clear,Dry,Daylight
2022-12-10T15:35:00.000,I 285,I 285 and Chamblee Tucker Rd,,Rear End,2,Cloudy,Dry,Daylight
2022-10-08T15:30:00.000,I 285,I 285 and Chamblee Tucker Rd,,Rear End,2,Clear,Dry,Daylight
2022-08-03T19:15:00.000,I 285,I 285 and Chamblee Tucker Rd,,Sideswipe-Same Direction,2,Clear,Dry,Daylight
2022-04-22T18:23:00.000,I 285,I 285 and Chamblee Tucker Rd,,Not a Collision with Motor Vehicle,1,Clear,Dry,Daylight
2022-12-21T00:00:00.000,I 285,I 285 and Chamblee Tucker Rd,,Sideswipe-Same Direction,2,Rain,Wet,Dark-Not Lighted
2022-02-17T16:25:00.000,I 285,I 285 and Chamblee Tucker Rd,,Angle Crash,2,Clear,Dry,Daylight
2022-04-17T19:37:00.000,I 285,I 285 and Chamblee Tucker Rd,,Rear End,2,Clear,Dry,Daylight
2022-04-09T14:44:00.000,I 285,I 285 and Chamblee Tucker Rd,,Rear End,2,Clear,Dry,Daylight
2022-11-11T05:48:00.000,I 285,I 285 and Chamblee Tucker Rd,,Angle Crash,3,Rain,Wet,Dark-Not Lighted
2022-03-20T04:00:00.000,I 285,I 285 and Chamblee Tucker Rd,,Rear End,2,Clear,Dry,Dark-Not Lighted
2022-07-11T20:45:00.000,I 285,I 285 and Chamblee Tucker Rd,,Sideswipe-Same Direction,2,Clear,Dry,Daylight
2022-10-30T17:55:00.000,I 285,I 285 and Chamblee Tucker Rd,,Sideswipe-Same Direction,2,Cloudy,Wet,Dark-Not Lighted
2022-10-17T15:30:00.000,I 285,I 285 and Chamblee Tucker Rd,,Rear End,2,Clear,Dry,Daylight
2022-11-01T16:54:00.000,I 285,I 285 and Chamblee Tucker Rd,,Rear End,2,Cloudy,Dry,Daylight
2022-02-23T14:00:00.000,I 285,I 285 and Chamblee Tucker Rd,,Sideswipe-Same Direction,2,Clear,Dry,Daylight
2022-04-25T08:45:00.000,I 285,I 285 and Chamblee Tucker Rd,,Rear End,2,Clear,Dry,Daylight
2022-10-02T15:06:00.000,I 285,I 285 and Chamblee Tucker Rd,,Angle Crash,2,Cloudy,Dry,Daylight
2022-08-25T08:43:00.000,I 285,I 285 and Chamblee Tucker Rd,,Sideswipe-Same Direction,2,Rain,Wet,Daylight
2022-12-03T11:39:00.000,I 285,I 285 and Chamblee Tucker Rd,,Rear End,2,Cloudy,Wet,Daylight
2022-01-05T12:30:00.000,I 285,I 285 and Chamblee Tucker Rd,,Not a Collision with Motor Vehicle,2,Clear,Dry,Daylight
2022-07-13T17:54:00.000,I 285,I 285 and Chamblee Tucker Rd,,Rear End,2,Cloudy,Wet,Daylight
2022-06-06T17:40:00.000,I 285,I 285 and Chamblee Tucker Rd,,Sideswipe-Same Direction,2,Cloudy,Wet,Daylight
2022-09-25T19:12:00.000,I 285,I 285 and Chamblee Tucker Rd,,Angle Crash,2,Clear,Dry,Daylight
2022-10-11T10:00:00.000,I 285,I 285 and Chamblee Tucker Rd,,Angle Crash,2,Clear,Dry,Daylight
2022-10-01T19:40:00.000,I 285,I 285 and Chamblee Tucker Rd,,Sideswipe-Same Direction,2,Clear,Dry,Dusk
2022-11-18T17:15:00.000,I 285,I 285 and Chamblee Tucker Rd,,Rear End,2,Clear,Dry,Dark-Lighted
2022-11-19T12:58:00.000,I 285,I 285 and Chamblee Tucker Rd,,Angle Crash,2,Clear,Dry,Daylight
2022-05-19T20:50:00.000,I 285,I 285 and Chamblee Tucker Rd,,Sideswipe-Same Direction,2,Clear,Dry,Dark-Lighted
2022-06-20T07:34:00.000,I 285,I 285 and Chamblee Tucker Rd,,Not a Collision with Motor Vehicle,2,Clear,Dry,Daylight
2022-10-20T15:40:00.000,I 285,I 285 and Chamblee Tucker Rd,,Sideswipe-Same Direction,2,Clear,Dry,Daylight
2022-06-08T00:00:00.000,I 285,I 285 and Chamblee Tucker Rd,,Angle Crash,3,Rain,Wet,Dark-Not Lighted
2022-09-30T05:43:00.000,I 285,I 285 and Chamblee Tucker Rd,,Angle Crash,2,Clear,Dry,Dark-Not Lighted
2022-07-18T17:40:00.000,I 285,I 285 and Chamblee Tucker Rd,,Rear End,2,Clear,Dry,Daylight
2022-03-15T08:00:00.000,I 285,I 285 and Chamblee Tucker Rd,,Not a Collision with Motor Vehicle,1,Clear,Dry,Daylight
2022-02-27T11:30:00.000,I 285,I 285 and Chamblee Tucker Rd,,Rear End,2,Clear,Dry,Daylight
2022-09-30T10:20:00.000,I 285,I 285 and Chamblee Tucker Rd,,Sideswipe-Same Direction,2,Clear,Dry,Daylight
2022-03-28T15:19:00.000,I 285,I 285 and Chamblee Tucker Rd,,Rear End,3,Clear,Dry,Daylight
2022-06-16T16:11:00.000,I 285,I 285 and Chamblee Tucker Rd,,Rear End,2,Clear,Dry,Daylight
2022-02-03T20:35:00.000,I 285,I 285 and Chamblee Tucker Rd,,Sideswipe-Same Direction,2,Rain,Wet,Dark-Lighted
2022-04-25T09:06:00.000,I 285,I 285 and Chamblee Tucker Rd,,Rear End,2,Clear,Dry,Daylight
2022-07-25T09:40:00.000,I 285,I 285 and Chamblee Tucker Rd,,Sideswipe-Same Direction,2,Clear,Dry,Daylight
2022-12-13T14:56:00.000,I 285,I 285 and Chamblee Tucker Rd,,Rear End,2,Cloudy,Dry,Daylight
2022-05-09T09:40:00.000,I 285,I 285 and Chamblee Tucker Rd,,Rear End,2,Clear,Dry,Daylight
2023-05-14T11:40:00.000,I 285,I 285 and Chamblee Tucker Rd,,Sideswipe-Same Direction,2,Clear,Dry,Daylight