Date and Time,Roadway (From Crash Report),Intersection Name (from Crash Report),KABCO Severity,Manner of Collision (Crash Level) ,# of Vehicles per crash ,Weather Conditions (Crash Level),Surface Condition (Crash Level) ,Light Conditions (Crash Level)
2023-08-19T17:55:00.000,I 285,I 285 and Chamblee Tucker Rd,,Sideswipe-Same Direction,2,Clear,Dry,Daylight
2023-08-13T13:24:00.000,I 285,I 285 and Chamblee Tucker Rd,,Angle Crash,2,Clear,Dry,Daylight
2023-03-02T16:00:00.000,I 285,I 285 and Chamblee Tucker Rd,,Rear End,2,Cloudy,Wet,Daylight
2023-03-05T12:05:00.000,I 285,I 285 and Chamblee Tucker Rd,,Sideswipe-Same Direction,2,Clear,Dry,Daylight
2023-03-04T12:01:00.000,I 285,I 285 and Chamblee Tucker Rd,,Sideswipe-Same Direction,2,Clear,Dry,Daylight
2024-04-29T01:33:00.000,I 285,I 285 and Chamblee Tucker Rd,,Rear End,2,Clear,Dry,Dark-Not Lighted
2024-08-21T16:57:00.000,I 285,I 285 and Chamblee Tucker Rd,,Sideswipe-Same Direction,2,Clear,Dry,Daylight
2024-05-21T15:45:00.000,I 285,I 285 and Chamblee Tucker Rd,,Sideswipe-Same Direction,2,Clear,Dry,Daylight
2024-10-06T16:57:00.000,I 285,I 285 and Chamblee Tucker Rd,,Rear End,2,Clear,Dry,Daylight
2024-01-29T15:04:00.000,I 285,I 285 and Chamblee Tucker Rd,,Rear End,2,Clear,Dry,Daylight
2024-08-07T17:00:00.000,I 285,I 285 and Chamblee Tucker Rd,,Sideswipe-Same Direction,2,Clear,Dry,Daylight
2024-01-23T16:47:00.000,I 285,I 285 and Chamblee Tucker Rd,,Sideswipe-Same Direction,2,Cloudy,Dry,Daylight
2024-09-18T14:21:00.000,I 285,I 285 and Chamblee Tucker Rd,,Rear End,2,Cloudy,Dry,Daylight
2024-08-06T16:30:00.000,I 285,I 285 and Chamblee Tucker Rd,,Rear End,2,Cloudy,Dry,Daylight
2024-12-10T18:00:00.000,I 285,I 285 and Chamblee Tucker Rd,,Rear End,2,Rain,Wet,Dark-Not Lighted
2024-01-09T06:44:00.000,I 285,I 285 and Chamblee Tucker Rd,,Sideswipe-Same Direction,2,Rain,Wet,Daylight
2024-12-13T20:30:00.000,I 285,I 285 and Chamblee Tucker Rd,,Rear End,2,Clear,Dry,Dark-Not Lighted
2024-05-18T18:20:00.000,I 285,I 285 and Chamblee Tucker Rd,,Sideswipe-Same Direction,3,Cloudy,Dry,Daylight
2024-02-21T17:09:00.000,I 285,I 285 and Chamblee Tucker Rd,,Rear End,2,Clear,Dry,Daylight
2024-08-23T08:00:00.000,I 285,I 285 and Chamblee Tucker Rd,,Not a Collision with Motor Vehicle,2,Clear,Dry,Daylight
2024-02-07T18:27:00.000,I 285,I 285 and Chamblee Tucker Rd,,Not a Collision with Motor Vehicle,1,Clear,Dry,Dark-Lighted
2024-09-07T20:24:00.000,I 285,I 285 and Chamblee Tucker Rd,,Sideswipe-Same Direction,2,Clear,Dry,Dark-Not Lighted
2024-05-17T11:02:00.000,I 285,I 285 and Chamblee Tucker Rd,,Not a Collision with Motor Vehicle,2,Cloudy,Dry,Daylight
2024-12-03T18:10:00.000,I 285,I 285 and Chamblee Tucker Rd,,Rear End,2,Clear,Dry,Dark-Lighted
2024-03-25T18:33:00.000,I 285,I 285 and Chamblee Tucker Rd,,Sideswipe-Same Direction,2,Cloudy,Dry,Daylight
2024-07-30T19:35:00.000,I 285,I 285 and Chamblee Tucker Rd,,Sideswipe-Same Direction,2,Cloudy,Dry,Daylight
2024-11-12T17:03:00.000,I 285,I 285 and Chamblee Tucker Rd,,Not a Collision with Motor Vehicle,1,Clear,Dry,Daylight
2024-04-25T20:11:00.000,I 285,I 285 and Chamblee Tucker Rd,,Sideswipe-Same Direction,2,Cloudy,Dry,Dark-Not Lighted
2024-05-17T18:30:00.000,I 285,I 285 and Chamblee Tucker Rd,,Rear End,2,Clear,Dry,Daylight
2024-04-24T16:00:00.000,I 285,I 285 and Chamblee Tucker Rd,,Sideswipe-Same Direction,2,Clear,Dry,Daylight
2024-06-29T15:39:00.000,I 285,I 285 and Chamblee Tucker Rd,,Rear End,3,Clear,Dry,Daylight
2024-06-03T17:00:00.000,I 285,I 285 and Chamblee Tucker Rd,,Rear End,2,Clear,Dry,Daylight
2024-03-06T16:50:00.000,I 285,I 285 and Chamblee Tucker Rd,,Rear End,2,Rain,Wet,Daylight
2024-01-19T19:00:00.000,I 285,I 285 and Chamblee Tucker Rd,,Rear End,2,Clear,Dry,Dark-Lighted
2024-10-25T17:33:00.000,I 285,I 285 and Chamblee Tucker Rd,,Rear End,2,Clear,Dry,Daylight
2024-02-25T12:15:00.000,I 285,I 285 and Chamblee Tucker Rd,,Rear End,3,Clear,Dry,Daylight
2024-09-11T13:43:00.000,I 285,I 285 and Chamblee Tucker Rd,,Not a Collision with Motor Vehicle,2,Cloudy,Dry,Daylight
2024-11-24T15:30:00.000,I 285,I 285 and Chamblee Tucker Rd,,Angle Crash,2,Clear,Dry,Daylight
2024-10-10T17:25:00.000,I 285,I 285 and Chamblee Tucker Rd,,Rear End,2,Clear,Dry,Daylight
2024-08-25T10:30:00.000,I 285,I 285 and Chamblee Tucker Rd,,Sideswipe-Same Direction,2,Clear,Dry,Daylight
2023-07-23T14:31:00.000,I 285,I 285 and Chamblee Tucker Rd,,Rear End,2,Cloudy,Dry,Daylight
2023-04-01T17:00:00.000,I 285,I 285 and Chamblee Tucker Rd,,Angle Crash,5,Clear,Dry,Daylight
2023-04-17T13:00:00.000,I 285,I 285 and Chamblee Tucker Rd,,Not a Collision with Motor Vehicle,2,Clear,Dry,Daylight
2023-10-10T16:35:00.000,I 285,I 285 and Chamblee Tucker Rd,,Sideswipe-Same Direction,2,Clear,Dry,Daylight
2023-09-16T12:20:00.000,I 285,I 285 and Chamblee Tucker Rd,,Angle Crash,2,Rain,Wet,Daylight
2024-12-08T00:15:00.000,I 285,I 285 and Chamblee Tucker Rd,,Rear End,2,Clear,Dry,Dark-Not Lighted
2024-06-09T13:29:00.000,I 285,I 285 and Chamblee Tucker Rd,,Sideswipe-Same Direction,2,Clear,Dry,Daylight
2024-12-30T12:50:00.000,I 285,I 285 and Chamblee Tucker Rd,,Head On,2,Clear,Dry,Daylight
2024-10-24T06:26:00.000,I 285,I 285 and Chamblee Tucker Rd,,Sideswipe-Same Direction,2,Clear,Dry,Dark-Not Lighted
2024-10-28T17:00:00.000,I 285,I 285 and Chamblee Tucker Rd,,Rear End,3,Clear,Dry,Daylight
2024-07-28T20:54:00.000,I 285,I 285 and Chamblee Tucker Rd,,Not a Collision with Motor Vehicle,1,Rain,Wet,Dark-Not Lighted
2023-09-24T13:18:00.000,I 285,I 285 and Chamblee Tucker Rd,,Angle Crash,3,Clear,Dry,Daylight
2023-12-29T18:23:00.000,I 285,I 285 and Chamblee Tucker Rd,,Rear End,2,Clear,Dry,Dark-Lighted
2023-05-21T00:00:00.000,I 285,I 285 and Chamblee Tucker Rd,,Not a Collision with Motor Vehicle,2,Cloudy,Dry,Daylight
2023-02-20T16:49:00.000,I 285,I 285 and Chamblee Tucker Rd,,Sideswipe-Same Direction,2,Cloudy,Dry,Daylight
2023-05-05T19:10:00.000,I 285,I 285 and Chamblee Tucker Rd,,Sideswipe-Same Direction,2,Cloudy,Dry,Daylight
2023-02-08T12:42:00.000,I 285,I 285 and Chamblee Tucker Rd,,Angle Crash,2,Clear,Dry,Daylight
2023-08-22T18:00:00.000,I 285,I 285 and Chamblee Tucker Rd,,Rear End,2,Clear,Dry,Daylight
2023-12-03T19:09:00.000,I 285,I 285 and Chamblee Tucker Rd,,Angle Crash,2,Clear,Dry,Dark-Not Lighted
2023-09-15T13:51:00.000,I 285,I 285 and Chamblee Tucker Rd,,Rear End,2,Cloudy,Dry,Daylight
2023-07-13T16:15:00.000,I 285,I 285 and Chamblee Tucker Rd,,Rear End,2,Clear,Dry,Daylight
2023-04-24T16:22:00.000,I 285,I 285 and Chamblee Tucker Rd,,Rear End,2,Cloudy,Dry,Daylight
2023-11-30T07:49:00.000,I 285,I 285 and Chamblee Tucker Rd,,Sideswipe-Same Direction,2,Clear,Dry,Daylight
2023-05-18T20:00:00.000,I 285,I 285 and Chamblee Tucker Rd,,Not a Collision with Motor Vehicle,2,Cloudy,Dry,Daylight
2023-02-06T08:20:00.000,I 285,I 285 and Chamblee Tucker Rd,,Angle Crash,2,Clear,Dry,Daylight
2023-04-18T08:00:00.000,I 285,I 285 and Chamblee Tucker Rd,,Angle Crash,2,Clear,Dry,Daylight
2023-10-14T16:04:00.000,I 285,I 285 and Chamblee Tucker Rd,,Rear End,2,Clear,Dry,Daylight
2023-11-14T08:45:00.000,I 285,I 285 and Chamblee Tucker Rd,,Sideswipe-Same Direction,2,Clear,Dry,Daylight
2023-10-30T17:39:00.000,I 285,I 285 and Chamblee Tucker Rd,,Rear End,2,Clear,Dry,Daylight
2023-03-27T16:37:00.000,I 285,I 285 and Chamblee Tucker Rd,,Rear End,2,Clear,Dry,Daylight
2023-03-02T17:00:00.000,I 285,I 285 and Chamblee Tucker Rd,,Sideswipe-Same Direction,2,Cloudy,Wet,Daylight
2023-04-06T11:45:00.000,I 285,I 285 and Chamblee Tucker Rd,,Angle Crash,2,Clear,Dry,Daylight
2023-02-20T16:49:00.000,I 285,I 285 and Chamblee Tucker Rd,,Rear End,2,Cloudy,Dry,Daylight
2023-09-18T13:50:00.000,I 285,I 285 and Chamblee Tucker Rd,,Sideswipe-Same Direction,2,Clear,Dry,Daylight
2023-10-28T16:29:00.000,I 285,I 285 and Chamblee Tucker Rd,,Rear End,2,Clear,Dry,Daylight
2023-09-01T13:52:00.000,I 285,I 285 and Chamblee Tucker Rd,,Angle Crash,2,Clear,Dry,Daylight
2023-06-13T19:27:00.000,I 285,I 285 and Chamblee Tucker Rd,,Angle Crash,2,Cloudy,Dry,Daylight
2023-03-13T16:50:00.000,I 285,I 285 and Chamblee Tucker Rd,,Rear End,2,Clear,Dry,Daylight
2023-11-19T18:20:00.000,I 285,I 285 and Chamblee Tucker Rd,,Sideswipe-Same Direction,2,Clear,Dry,Dark-Not Lighted
2023-08-22T15:38:00.000,I 285,I 285 and Chamblee Tucker Rd,,Rear End,2,Cloudy,Dry,Daylight
2023-01-18T18:00:00.000,I 285,I 285 and Chamblee Tucker Rd,,Angle Crash,2,Cloudy,Wet,Dark-Not Lighted
2023-08-14T14:00:00.000,I 285,I 285 and Chamblee Tucker Rd,,Rear End,2,Clear,Dry,Daylight
2023-09-22T13:53:00.000,I 285,I 285 and Chamblee Tucker Rd,,Rear End,2,Clear,Dry,Daylight
2023-12-26T12:16:00.000,I 285,I 285 and Chamblee Tucker Rd,,Sideswipe-Same Direction,2,Rain,Wet,Daylight
2023-07-24T09:20:00.000,I 285,I 285 and Chamblee Tucker Rd,,Sideswipe-Same Direction,2,Clear,Dry,Daylight
2023-12-15T22:38:00.000,I 285,I 285 and Chamblee Tucker Rd,,Not a Collision with Motor Vehicle,1,Snow,Dry,Dark-Not Lighted
2023-08-19T16:30:00.000,I 285,I 285 and Chamblee Tucker Rd,,Rear End,2,Clear,Dry,Dawn
2023-03-24T14:00:00.000,I 285,I 285 and Chamblee Tucker Rd,,Rear End,2,Clear,Dry,Daylight
2023-07-30T07:51:00.000,I 285,I 285 and Chamblee Tucker Rd,,Sideswipe-Same Direction,2,Clear,Dry,Daylight
2023-03-03T08:22:00.000,I 285,I 285 and Chamblee Tucker Rd,,Rear End,2,Cloudy,Dry,Daylight
2023-05-10T10:14:00.000,I 285,I 285 and Chamblee Tucker Rd,,Angle Crash,3,Clear,Dry,Daylight
2023-02-22T07:31:00.000,I 285,I 285 and Chamblee Tucker Rd,,Rear End,2,Cloudy,Dry,Daylight
2023-10-30T02:27:00.000,I 285,I 285 and Chamblee Tucker Rd,,Not a Collision with Motor Vehicle,1,Clear,Dry,Dark-Not Lighted
2023-06-01T11:20:00.000,I 285,I 285 and Chamblee Tucker Rd,,Not a Collision with Motor Vehicle,1,Cloudy,Dry,Daylight
2023-07-01T13:00:00.000,I 285,I 285 and Chamblee Tucker Rd,,Rear End,2,Clear,Dry,Daylight
2023-09-14T05:50:00.000,I 285,I 285 and Chamblee Tucker Rd,,Not a Collision with Motor Vehicle,1,Clear,Dry,Dark-Not Lighted
2023-01-17T12:34:00.000,I 285,I 285 and Chamblee Tucker Rd,,Rear End,2,Cloudy,Wet,Daylight
2023-02-15T15:12:00.000,I 285,I 285 and Chamblee Tucker Rd,,Rear End,2,Cloudy,Dry,Daylight
2023-09-12T13:27:00.000,I 285,I 285 and Chamblee Tucker Rd,,Sideswipe-Same Direction,2,Clear,Dry,Daylight
2023-03-31T17:00:00.000,I 285,I 285 and Chamblee Tucker Rd,,Angle Crash,2,Clear,Dry,Daylight
2023-02-22T14:58:00.000,I 285,I 285 and Chamblee Tucker Rd,,Rear End,2,Cloudy,Dry,Daylight
2023-07-26T21:45:00.000,I 285,I 285 and Chamblee Tucker Rd,,Sideswipe-Same Direction,2,Cloudy,Dry,Dark-Not Lighted
2023-02-28T10:00:00.000,I 285,I 285 and Chamblee Tucker Rd,,Sideswipe-Same Direction,2,Clear,Dry,Daylight
2023-07-21T06:30:00.000,I 285,I 285 and Chamblee Tucker Rd,,Not a Collision with Motor Vehicle,2,Cloudy,Dry,Daylight
2023-11-21T19:51:00.000,I 285,I 285 and Chamblee Tucker Rd,,Angle Crash,2,Cloudy,Wet,Dark-Not Lighted
2023-08-23T18:00:00.000,I 285,I 285 and Chamblee Tucker Rd,,Rear End,2,Clear,Dry,Daylight
2023-07-27T18:40:00.000,I 285,I 285 and Chamblee Tucker Rd,,Sideswipe-Same Direction,2,Clear,Dry,Daylight
2023-11-15T17:30:00.000,I 285,I 285 and Chamblee Tucker Rd,,Sideswipe-Same Direction,2,Clear,Dry,Dark-Not Lighted
2023-06-05T09:51:00.000,I 285,I 285 and Chamblee Tucker Rd,,Sideswipe-Same Direction,2,Cloudy,Dry,Daylight
2023-09-09T05:10:00.000,I 285,I 285 and Chamblee Tucker Rd,,Sideswipe-Same Direction,2,Clear,Dry,Dark-Not Lighted
2023-05-28T00:00:00.000,I 285,I 285 and Chamblee Tucker Rd,,Not a Collision with Motor Vehicle,1,Clear,Dry,Dark-Lighted
2023-09-26T00:00:00.000,I 285,I 285 and Chamblee Tucker Rd,,Sideswipe-Same Direction,2,Clear,Dry,Daylight
2023-11-05T16:20:00.000,I 285,I 285 and Chamblee Tucker Rd,,Angle Crash,2,Clear,Dry,Daylight
2023-10-23T16:00:00.000,I 285,I 285 and Chamblee Tucker Rd,,Sideswipe-Same Direction,2,Clear,Dry,Daylight
2024-10-20T11:33:00.000,I 285,I 285 and Chamblee Tucker Rd,,Sideswipe-Same Direction,2,Clear,Dry,Daylight
2024-04-21T03:00:00.000,I 285,I 285 and Chamblee Tucker Rd,,Sideswipe-Same Direction,2,Clear,Dry,Dark-Lighted
2024-09-10T18:05:00.000,I 285,I 285 and Chamblee Tucker Rd,,Rear End,2,Clear,Dry,Daylight
2024-06-14T13:40:00.000,I 285,I 285 and Chamblee Tucker Rd,,Sideswipe-Same Direction,2,Clear,Dry,Daylight
2024-06-28T17:13:00.000,I 285,I 285 and Chamblee Tucker Rd,,Rear End,2,Clear,Dry,Daylight
2024-01-02T18:36:00.000,I 285,I 285 and Chamblee Tucker Rd,,Rear End,2,Clear,Dry,Dark-Not Lighted
2024-04-30T09:30:00.000,I 285,I 285 and Chamblee Tucker Rd,,Sideswipe-Same Direction,2,Cloudy,Wet,Daylight
2024-02-12T06:16:00.000,I 285,I 285 and Chamblee Tucker Rd,,Not a Collision with Motor Vehicle,1,Cloudy,Wet,Dark-Not Lighted
2024-10-11T19:35:00.000,I 285,I 285 and Chamblee Tucker Rd,,Rear End,2,Clear,Dry,Dark-Not Lighted
2024-03-17T21:15:00.000,I 285,I 285 and Chamblee Tucker Rd,,Sideswipe-Same Direction,2,Clear,Dry,Dark-Lighted
2024-05-03T16:32:00.000,I 285,I 285 and Chamblee Tucker Rd,,Rear End,2,Clear,Dry,Daylight
2024-09-15T11:38:00.000,I 285,I 285 and Chamblee Tucker Rd,,Rear End,2,Cloudy,Dry,Daylight
2024-03-24T15:11:00.000,I 285,I 285 and Chamblee Tucker Rd,,Rear End,2,Cloudy,Dry,Daylight
2024-07-17T13:36:00.000,I 285,I 285 and Chamblee Tucker Rd,,Rear End,2,Cloudy,Dry,Daylight
2024-12-20T17:20:00.000,I 285,I 285 and Chamblee Tucker Rd,,Rear End,2,Clear,Dry,Daylight
2024-12-12T19:00:00.000,I 285,I 285 and Chamblee Tucker Rd,,Rear End,2,Clear,Dry,Dark-Lighted
2024-07-17T15:20:00.000,I 285,I 285 and Chamblee Tucker Rd,,Rear End,2,Clear,Dry,Daylight
2024-01-04T14:00:00.000,I 285,I 285 and Chamblee Tucker Rd,,Sideswipe-Same Direction,2,Clear,Dry,Daylight
2024-07-03T17:32:00.000,I 285,I 285 and Chamblee Tucker Rd,,Rear End,3,Clear,Dry,Daylight
2024-03-18T00:25:00.000,I 285,I 285 and Chamblee Tucker Rd,,Sideswipe-Same Direction,2,Clear,Dry,Dark-Lighted
2024-08-03T19:54:00.000,I 285,I 285 and Chamblee Tucker Rd,,Rear End,2,Clear,Dry,Daylight
2024-09-09T16:20:00.000,I 285,I 285 and Chamblee Tucker Rd,,Rear End,2,Clear,Dry,Daylight
2024-09-20T15:35:00.000,I 285,I 285 and Chamblee Tucker Rd,,Rear End,2,Clear,Dry,Daylight
2024-10-29T16:06:00.000,I 285,I 285 and Chamblee Tucker Rd,,Angle Crash,2,Clear,Dry,Daylight
2024-12-19T17:30:00.000,I 285,I 285 and Chamblee Tucker Rd,,Rear End,2,Clear,Dry,Daylight
2024-12-09T18:47:00.000,I 285,I 285 and Chamblee Tucker Rd,,Sideswipe-Same Direction,2,Rain,Wet,Dark-Not Lighted
2024-12-20T16:32:00.000,I 285,I 285 and Chamblee Tucker Rd,,Rear End,2,Clear,Dry,Daylight
2024-08-01T18:13:00.000,I 285,I 285 and Chamblee Tucker Rd,,Rear End,2,Cloudy,Dry,Daylight
2024-04-17T16:27:00.000,I 285,I 285 and Chamblee Tucker Rd,,Sideswipe-Same Direction,2,Cloudy,Dry,Daylight
2024-03-28T18:45:00.000,I 285,I 285 and Chamblee Tucker Rd,,Rear End,2,Clear,Dry,Daylight
2024-01-24T14:40:00.000,I 285,I 285 and Chamblee Tucker Rd,,Rear End,2,Clear,Dry,Daylight
2024-09-05T11:55:00.000,I 285,I 285 and Chamblee Tucker Rd,,Sideswipe-Same Direction,2,Clear,Dry,Daylight
2024-09-06T06:35:00.000,I 285,I 285 and Chamblee Tucker Rd,,Rear End,2,Cloudy,Dry,Dark-Not Lighted
2024-10-22T15:19:00.000,I 285,I 285 and Chamblee Tucker Rd,,Rear End,3,Clear,Dry,Daylight
2024-12-31T08:50:00.000,I 285,I 285 and Chamblee Tucker Rd,,Sideswipe-Same Direction,2,Clear,Dry,Daylight
2024-05-15T15:00:00.000,I 285,I 285 and Chamblee Tucker Rd,,Rear End,3,Clear,Dry,Daylight
2024-11-22T07:50:00.000,I 285,I 285 and Chamblee Tucker Rd,,Sideswipe-Same Direction,2,Clear,Dry,Daylight
2024-05-24T16:35:00.000,I 285,I 285 and Chamblee Tucker Rd,,Sideswipe-Same Direction,2,Cloudy,Dry,Daylight
2024-04-11T17:00:00.000,I 285,I 285 and Chamblee Tucker Rd,,Rear End,2,Clear,Dry,Daylight
2024-06-08T23:20:00.000,I 285,I 285 and Chamblee Tucker Rd,,Not a Collision with Motor Vehicle,1,Clear,Dry,Dark-Lighted
2024-02-29T07:30:00.000,I 285,I 285 and Chamblee Tucker Rd,,Sideswipe-Same Direction,2,Clear,Dry,Daylight
2024-12-23T17:59:00.000,I 285,I 285 and Chamblee Tucker Rd,,Rear End,2,Clear,Dry,Dark-Not Lighted
2024-12-02T17:35:00.000,I 285,I 285 and Chamblee Tucker Rd,,Rear End,2,Clear,Dry,Daylight
2024-06-02T00:25:00.000,I 285,I 285 and Chamblee Tucker Rd,,Not a Collision with Motor Vehicle,1,Clear,Dry,Dark-Not Lighted
2024-01-09T08:46:00.000,I 285,I 285 and Chamblee Tucker Rd,,Rear End,2,Rain,Wet,Daylight
2024-07-26T16:50:00.000,I 285,I 285 and Chamblee Tucker Rd,,Sideswipe-Same Direction,2,Clear,Dry,Daylight
2024-08-28T00:00:00.000,I 285,I 285 and Chamblee Tucker Rd,,Sideswipe-Same Direction,2,Cloudy,Dry,Daylight
2024-05-13T17:10:00.000,I 285,I 285 and Chamblee Tucker Rd,,Rear End,2,Cloudy,Dry,Daylight
2024-02-12T10:56:00.000,I 285,I 285 and Chamblee Tucker Rd,,Angle Crash,2,Cloudy,Wet,Daylight
2024-01-27T12:11:00.000,I 285,I 285 and Chamblee Tucker Rd,,Not a Collision with Motor Vehicle,1,Cloudy,Wet,Daylight
2024-03-25T17:45:00.000,I 285,I 285 and Chamblee Tucker Rd,,Sideswipe-Same Direction,2,Cloudy,Dry,Daylight
2024-10-26T19:25:00.000,I 285,I 285 and Chamblee Tucker Rd,,Rear End,2,Clear,Dry,Dark-Lighted
2024-05-15T19:30:00.000,I 285,I 285 and Chamblee Tucker Rd,,Not a Collision with Motor Vehicle,1,Clear,Dry,Daylight
2024-08-16T18:51:00.000,I 285,I 285 and Chamblee Tucker Rd,,Sideswipe-Same Direction,2,Clear,Dry,Daylight
2024-10-07T14:23:00.000,I 285,I 285 and Chamblee Tucker Rd,,Rear End,3,Clear,Dry,Daylight
2024-03-26T18:51:00.000,I 285,I 285 and Chamblee Tucker Rd,,Rear End,2,Cloudy,Wet,Daylight
2024-06-08T18:18:00.000,I 285,I 285 and Chamblee Tucker Rd,,Sideswipe-Same Direction,2,Clear,Dry,Daylight
2024-02-15T14:00:00.000,I 285,I 285 and Chamblee Tucker Rd,,Sideswipe-Same Direction,2,Clear,Dry,Daylight
2024-06-16T16:59:00.000,I 285,I 285 and Chamblee Tucker Rd,,Rear End,2,Cloudy,Dry,Daylight
2024-12-04T19:10:00.000,I 285,I 285 and Chamblee Tucker Rd,,Rear End,3,Cloudy,Dry,Dark-Not Lighted
2024-01-03T17:30:00.000,I 285,I 285 and Chamblee Tucker Rd,,Sideswipe-Same Direction,2,Cloudy,Dry,Daylight
2024-06-05T08:30:00.000,I 285,I 285 and Chamblee Tucker Rd,,Not a Collision with Motor Vehicle,1,Clear,Dry,Daylight
2024-03-18T02:51:00.000,I 285,I 285 and Chamblee Tucker Rd,,Not a Collision with Motor Vehicle,2,Clear,Dry,Dark-Lighted
2024-12-02T16:41:00.000,I 285,I 285 and Chamblee Tucker Rd,,Sideswipe-Same Direction,2,Clear,Dry,Daylight
2024-12-22T12:56:00.000,I 285,I 285 and Chamblee Tucker Rd,,Rear End,2,Clear,Dry,Daylight
2024-10-18T14:00:00.000,I 285,I 285 and Chamblee Tucker Rd,,Sideswipe-Same Direction,2,Clear,Dry,Daylight
2024-10-24T09:30:00.000,I 285,I 285 and Chamblee Tucker Rd,,Rear End,2,Clear,Dry,Daylight
2024-12-05T07:50:00.000,I 285,I 285 and Chamblee Tucker Rd,,Head On,3,Clear,Dry,Daylight
2024-12-16T16:30:00.000,I 285,I 285 and Chamblee Tucker Rd,,Rear End,2,Clear,Dry,Dark-Lighted
2024-05-16T17:16:00.000,I 285,I 285 and Chamblee Tucker Rd,,Sideswipe-Same Direction,2,Clear,Dry,Daylight
2024-06-14T14:30:00.000,I 285,I 285 and Chamblee Tucker Rd,,Sideswipe-Same Direction,2,Clear,Dry,Daylight
2024-01-22T13:59:00.000,I 285,I 285 and Chamblee Tucker Rd,,Not a Collision with Motor Vehicle,1,Clear,Dry,Daylight
2024-08-23T11:30:00.000,I 285,I 285 and Chamblee Tucker Rd,,Rear End,2,Clear,Dry,Daylight
2024-12-31T09:34:00.000,I 285,I 285 and Chamblee Tucker Rd,,Sideswipe-Same Direction,2,Clear,Dry,Daylight
2024-02-14T15:38:00.000,I 285,I 285 and Chamblee Tucker Rd,,Rear End,2,Clear,Dry,Daylight
2024-07-03T14:48:00.000,I 285,I 285 and Chamblee Tucker Rd,,Rear End,2,Clear,Dry,Daylight
2024-03-01T12:15:00.000,I 285,I 285 and Chamblee Tucker Rd,,Sideswipe-Same Direction,3,Rain,Wet,Daylight
2024-08-14T18:22:00.000,I 285,I 285 and Chamblee Tucker Rd,,Sideswipe-Same Direction,2,Cloudy,Dry,Daylight
2024-04-16T14:23:00.000,I 285,I 285 and Chamblee Tucker Rd,,Rear End,4,Clear,Dry,Daylight
2024-02-15T13:01:00.000,I 285,I 285 and Chamblee Tucker Rd,,Rear End,2,Clear,Dry,Daylight
2024-04-17T16:47:00.000,I 285,I 285 and Chamblee Tucker Rd,,Rear End,2,Cloudy,Dry,Daylight
2024-02-27T19:05:00.000,I 285,I 285 and Chamblee Tucker Rd,,Rear End,2,Cloudy,Dry,Dark-Not Lighted
2024-12-05T14:20:00.000,I 285,I 285 and Chamblee Tucker Rd,,Angle Crash,2,Clear,Dry,Daylight
2024-09-25T13:46:00.000,I 285,I 285 and Chamblee Tucker Rd,,Rear End,2,Rain,Wet,Daylight
2024-02-15T11:03:00.000,I 285,I 285 and Chamblee Tucker Rd,,Rear End,2,Clear,Dry,Daylight
2024-12-16T17:15:00.000,I 285,I 285 and Chamblee Tucker Rd,,Rear End,2,Clear,Dry,Dark-Not Lighted
2024-10-04T14:52:00.000,I 285,I 285 and Chamblee Tucker Rd,,Sideswipe-Same Direction,2,Clear,Dry,Daylight
2024-11-12T20:00:00.000,I 285,I 285 and Chamblee Tucker Rd,,Rear End,2,Clear,Dry,Dark-Lighted
2024-08-30T17:12:00.000,I 285,I 285 and Chamblee Tucker Rd,,Rear End,2,Cloudy,Dry,Daylight
2024-10-23T16:10:00.000,I 285,I 285 and Chamblee Tucker Rd,,Rear End,2,Clear,Dry,Daylight
2024-02-02T11:52:00.000,I 285,I 285 and Chamblee Tucker Rd,,Rear End,2,Clear,Dry,Daylight
2024-09-06T19:00:00.000,I 285,I 285 and Chamblee Tucker Rd,,Rear End,2,Rain,Wet,Dark-Lighted
2024-02-25T12:15:00.000,I 285,I 285 and Chamblee Tucker Rd,,Rear End,2,Clear,Dry,Daylight
2024-05-22T17:00:00.000,I 285,I 285 and Chamblee Tucker Rd,,Sideswipe-Same Direction,2,Clear,Dry,Daylight
2021-11-14T16:06:00.000,I 285,I 285 and Chamblee Tucker Exit Rp,,Angle Crash,2,Clear,Dry,Daylight
2024-12-12T15:45:00.000,I 285,I 285 and Chamblee Tucker Exit Rp,,Rear End,2,Clear,Dry,Daylight
2024-06-26T17:50:00.000,I 285,I 285 and Chamblee Tucker Entry Rp,,Angle Crash,2,Clear,Dry,Daylight
2022-04-05T14:00:00.000,I 285,I 285 and Chamblee Tucker Blvd,,Angle Crash,2,Rain,Water (standing or moving),Daylight
2021-03-17T07:34:00.000,I 285,I 285 and Chamblee Tucker,,Not a Collision with Motor Vehicle,1,Cloudy,Wet,Daylight
2023-11-16T20:24:00.000,I 285,I 285 and Chamblee Tucker,,Sideswipe-Same Direction,2,Clear,Dry,Dark-Lighted
2022-07-09T22:20:00.000,I 285,I 285 and Chamblee Tucker,,Not a Collision with Motor Vehicle,2,Cloudy,Wet,Dark-Not Lighted