Date and Time,Roadway (From Crash Report),Intersection Name (from Crash Report),KABCO Severity,Manner of Collision (Crash Level) ,# of Vehicles per crash ,Weather Conditions (Crash Level),Surface Condition (Crash Level) ,Light Conditions (Crash Level)
2024-01-22T15:30:00.000,I 285,I 285 and Chamblee Tucker,,Rear End,2,Clear,Dry,Daylight
2024-08-31T10:00:00.000,I 285,I 285 and Chamblee Tucke Rd Entry Rp,,Angle Crash,2,Clear,Dry,Daylight
2022-02-23T09:00:00.000,I 285,I 285 and Chamblee Duwnoody Rd,,Rear End,2,Clear,Dry,Daylight
2024-06-12T18:05:00.000,I 285,I 285 and Chamblee Dunwoody Rd Off Ramp 285Eb,,Sideswipe-Same Direction,2,Clear,Dry,Daylight
2021-10-18T09:40:00.000,I 285,I 285 and Chamblee Dunwoody Rd,,Sideswipe-Same Direction,2,Clear,Dry,Daylight
2021-05-18T10:51:00.000,I 285,I 285 and Chamblee Dunwoody Rd,,Not a Collision with Motor Vehicle,2,Cloudy,Dry,Daylight
2021-04-03T17:50:00.000,I 285,I 285 and Chamblee Dunwoody Rd,,Sideswipe-Same Direction,2,Clear,Dry,Daylight
2021-02-10T16:40:00.000,I 285,I 285 and Chamblee Dunwoody Rd,,Rear End,2,Clear,Dry,Daylight
2021-10-28T14:43:00.000,I 285,I 285 and Chamblee Dunwoody Rd,,Sideswipe-Same Direction,2,Rain,Wet,Daylight
2021-09-22T08:30:00.000,I 285,I 285 and Chamblee Dunwoody Rd,,Rear End,2,Cloudy,Dry,Daylight
2021-03-10T14:48:00.000,I 285,I 285 and Chamblee Dunwoody Rd,,Rear End,2,Clear,Dry,Daylight
2021-07-23T16:00:00.000,I 285,I 285 and Chamblee Dunwoody Rd,,Angle Crash,2,Clear,Dry,Daylight
2023-12-04T19:04:00.000,I 285,I 285 and Chamblee Dunwoody Rd,,Sideswipe-Same Direction,2,Clear,Dry,Dark-Lighted
2023-07-15T17:20:00.000,I 285,I 285 and Chamblee Dunwoody Rd,,Rear End,2,Clear,Dry,Daylight
2023-07-16T13:30:00.000,I 285,I 285 and Chamblee Dunwoody Rd,,Rear End,2,Clear,Dry,Daylight
2023-07-06T08:04:00.000,I 285,I 285 and Chamblee Dunwoody Rd,,Rear End,2,Clear,Dry,Daylight
2023-11-14T05:51:00.000,I 285,I 285 and Chamblee Dunwoody Rd,,Sideswipe-Same Direction,3,Clear,Dry,Dark-Not Lighted
2023-06-07T09:17:00.000,I 285,I 285 and Chamblee Dunwoody Rd,,Sideswipe-Same Direction,2,Clear,Dry,Daylight
2023-06-22T08:29:00.000,I 285,I 285 and Chamblee Dunwoody Rd,,Rear End,2,Clear,Dry,Daylight
2023-09-05T08:35:00.000,I 285,I 285 and Chamblee Dunwoody Rd,,Rear End,1,Clear,Dry,Daylight
2023-08-28T10:15:00.000,I 285,I 285 and Chamblee Dunwoody Rd,,Angle Crash,2,Clear,Dry,Daylight
2023-05-15T08:51:00.000,I 285,I 285 and Chamblee Dunwoody Rd,,Rear End,2,Clear,Dry,Daylight
2020-01-18T03:30:00.000,I 285,I 285 and Chamblee Dunwoody Rd,,Sideswipe-Same Direction,2,Clear,Dry,Dark-Not Lighted
2020-05-29T09:36:00.000,I 285,I 285 and Chamblee Dunwoody Rd,,Angle Crash,2,Clear,Dry,Daylight
2020-04-19T20:15:00.000,I 285,I 285 and Chamblee Dunwoody Rd,,Not a Collision with Motor Vehicle,1,Rain,Wet,Dark-Lighted
2020-09-17T16:41:00.000,I 285,I 285 and Chamblee Dunwoody Rd,,Rear End,2,Rain,Wet,Daylight
2020-01-03T09:50:00.000,I 285,I 285 and Chamblee Dunwoody Rd,,Sideswipe-Same Direction,2,Rain,Wet,Daylight
2020-06-26T19:37:00.000,I 285,I 285 and Chamblee Dunwoody Rd,,Rear End,2,Clear,Dry,Daylight
2021-05-12T23:36:00.000,I 285,I 285 and Chamblee Dunwoody Rd,,Sideswipe-Same Direction,2,Cloudy,Dry,Dark-Not Lighted
2021-08-05T23:13:00.000,I 285,I 285 and Chamblee Dunwoody Rd,,Rear End,2,Clear,Dry,Dark-Not Lighted
2021-11-16T14:30:00.000,I 285,I 285 and Chamblee Dunwoody Rd,,Sideswipe-Same Direction,2,Clear,Dry,Daylight
2021-07-12T09:40:00.000,I 285,I 285 and Chamblee Dunwoody Rd,,Sideswipe-Same Direction,2,Clear,Dry,Daylight
2022-01-01T10:00:00.000,I 285,I 285 and Chamblee Dunwoody Rd,,Rear End,2,Cloudy,Dry,Daylight
2022-01-05T15:30:00.000,I 285,I 285 and Chamblee Dunwoody Rd,,Rear End,2,Clear,Dry,Daylight
2022-06-01T01:00:00.000,I 285,I 285 and Chamblee Dunwoody Rd,,Not a Collision with Motor Vehicle,4,Clear,Dry,Daylight
2022-05-26T06:08:00.000,I 285,I 285 and Chamblee Dunwoody Rd,,Angle Crash,2,Rain,Wet,Daylight
2022-10-26T16:48:00.000,I 285,I 285 and Chamblee Dunwoody Rd,,Sideswipe-Same Direction,2,Clear,Dry,Daylight
2022-05-25T13:30:00.000,I 285,I 285 and Chamblee Dunwoody Rd,,Not a Collision with Motor Vehicle,1,Cloudy,Dry,Daylight
2022-07-11T13:14:00.000,I 285,I 285 and Chamblee Dunwoody Rd,,Rear End,2,Cloudy,Dry,Daylight
2022-09-11T15:29:00.000,I 285,I 285 and Chamblee Dunwoody Rd,,Rear End,2,Clear,Dry,Daylight
2022-10-26T11:37:00.000,I 285,I 285 and Chamblee Dunwoody Rd,,Rear End,2,Clear,Dry,Daylight
2022-05-31T14:02:00.000,I 285,I 285 and Chamblee Dunwoody Rd,,Sideswipe-Same Direction,2,Clear,Dry,Daylight
2023-02-06T16:43:00.000,I 285,I 285 and Chamblee Dunwoody Rd,,Sideswipe-Same Direction,3,Clear,Dry,Daylight
2023-05-07T16:45:00.000,I 285,I 285 and Chamblee Dunwoody Rd,,Sideswipe-Same Direction,2,Clear,Dry,Daylight
2024-11-16T21:27:00.000,I 285,I 285 and Chamblee Dunwoody Rd,,Not a Collision with Motor Vehicle,2,Clear,Dry,Dusk
2024-06-15T07:33:00.000,I 285,I 285 and Chamblee Dunwoody Rd,,Rear End,2,Clear,Dry,Daylight
2024-08-14T01:29:00.000,I 285,I 285 and Chamblee Dunwoody Rd,,Not a Collision with Motor Vehicle,1,Clear,Dry,Dark-Not Lighted
2024-03-10T15:42:00.000,I 285,I 285 and Chamblee Dunwoody Rd,,Not a Collision with Motor Vehicle,1,Clear,Dry,Daylight
2024-10-20T15:50:00.000,I 285,I 285 and Chamblee Dunwoody Rd,,Rear End,2,Clear,Dry,Daylight
2024-01-18T08:29:00.000,I 285,I 285 and Chamblee Dunwoody Rd,,Rear End,2,Clear,Dry,Daylight
2024-09-25T07:00:00.000,I 285,I 285 and Chamblee Dunwoody Rd,,Sideswipe-Same Direction,2,Clear,Dry,Dark-Not Lighted
2024-08-23T17:24:00.000,I 285,I 285 and Chamblee Dunwoody Rd,,Rear End,3,Clear,Dry,Daylight
2023-07-01T12:59:00.000,I 285,I 285 and Chamblee Dunwoody Rd,,Angle Crash,2,Clear,Dry,Daylight
2023-05-07T14:49:00.000,I 285,I 285 and Chamblee Dunwoody Rd,,Not a Collision with Motor Vehicle,1,Clear,Dry,Daylight
2023-09-19T06:54:00.000,I 285,I 285 and Chamblee Dunwoody Rd,,Rear End,2,Clear,Dry,Daylight
2023-12-03T06:58:00.000,I 285,I 285 and Chamblee Dunwoody Rd,,Not a Collision with Motor Vehicle,1,Rain,Wet,Dark-Not Lighted
2023-11-15T17:51:00.000,I 285,I 285 and Chamblee Dunwoody Rd,,Rear End,2,Clear,Dry,Dark-Lighted
2023-07-14T15:25:00.000,I 285,I 285 and Chamblee Dunwoody Rd,,Rear End,2,Clear,Dry,Daylight
2023-09-18T06:45:00.000,I 285,I 285 and Chamblee Dunwoody Rd,,Rear End,2,Clear,Dry,Daylight
2023-12-21T16:26:00.000,I 285,I 285 and Chamblee Dunwoody Rd,,Sideswipe-Same Direction,2,Cloudy,Dry,Daylight
2023-08-02T07:01:00.000,I 285,I 285 and Chamblee Dunwoody Rd,,Sideswipe-Same Direction,2,Clear,Dry,Daylight
2024-05-11T18:51:00.000,I 285,I 285 and Chamblee Dunwoody Rd,,Rear End,2,Clear,Dry,Daylight
2024-01-31T05:45:00.000,I 285,I 285 and Chamblee Dunwoody Rd,,Sideswipe-Same Direction,2,Clear,Dry,Dark-Not Lighted
2024-11-01T15:08:00.000,I 285,I 285 and Chamblee Dunwoody Rd,,Rear End,2,Clear,Dry,Daylight
2024-06-02T08:54:00.000,I 285,I 285 and Chamblee Dunwoody Rd,,Rear End,9,Clear,Dry,Daylight
2024-03-23T10:54:00.000,I 285,I 285 and Chamblee Dunwoody Rd,,Sideswipe-Same Direction,2,Clear,Dry,Daylight
2024-06-24T10:52:00.000,I 285,I 285 and Chamblee Dunwoody Rd,,Rear End,2,Clear,Dry,Daylight
2024-01-18T16:36:00.000,I 285,I 285 and Chamblee Dunwoody Rd,,Rear End,2,Clear,Dry,Daylight
2024-04-01T06:37:00.000,I 285,I 285 and Chamblee Dunwoody Rd,,Angle Crash,2,Clear,Dry,Daylight
2024-05-03T23:30:00.000,I 285,I 285 and Chamblee Dunwoody Rd,,Sideswipe-Same Direction,2,Clear,Dry,Dark-Not Lighted
2024-11-13T19:59:00.000,I 285,I 285 and Chamblee Dunwoody Rd,,Rear End,2,Clear,Dry,Dark-Not Lighted
2024-09-25T05:47:00.000,I 285,I 285 and Chamblee Dunwoody Rd,,Angle Crash,2,Clear,Dry,Dark-Not Lighted
2024-07-25T00:23:00.000,I 285,I 285 and Chamblee Dunwoody Rd,,Sideswipe-Same Direction,2,Rain,Wet,Dark-Not Lighted
2024-05-14T17:31:00.000,I 285,I 285 and Chamblee Dunwoody Rd,,Rear End,2,Clear,Dry,Daylight
2024-08-20T16:15:00.000,I 285,I 285 and Chamblee Dunwoody Rd,,Sideswipe-Same Direction,2,Clear,Dry,Daylight
2024-10-17T19:20:00.000,I 285,I 285 and Chamblee Dunwoody Rd,,Sideswipe-Same Direction,2,Clear,Dry,Daylight
2024-11-26T17:52:00.000,I 285,I 285 and Chamblee Dunwoody Rd,,Rear End,3,Clear,Dry,Daylight
2024-04-01T07:19:00.000,I 285,I 285 and Chamblee Dunwoody Rd,,Sideswipe-Same Direction,2,Clear,Dry,Daylight
2024-01-07T19:20:00.000,I 285,I 285 and Chamblee Dunwoody Rd,,Sideswipe-Same Direction,2,Clear,Dry,Dark-Not Lighted
2024-03-22T17:30:00.000,I 285,I 285 and Chamblee Dunwoody Rd,,Rear End,3,Rain,Wet,Daylight
2024-12-01T18:24:00.000,I 285,I 285 and Chamblee Dunwoody Rd,,Not a Collision with Motor Vehicle,1,Clear,Dry,Dark-Lighted
2024-12-18T19:04:00.000,I 285,I 285 and Chamblee Dunwoody Rd,,Sideswipe-Same Direction,2,Clear,Dry,Dark-Lighted
2024-06-10T16:07:00.000,I 285,I 285 and Chamblee Dunwoody Rd,,Not a Collision with Motor Vehicle,1,Clear,Dry,Daylight
2024-07-12T15:25:00.000,I 285,I 285 and Chamblee Dunwoody Rd,,Rear End,2,Clear,Dry,Daylight
2024-11-07T22:25:00.000,I 285,I 285 and Chamblee Dunwoody Rd,,Sideswipe-Same Direction,2,Clear,Dry,Dark-Not Lighted
2024-10-15T16:22:00.000,I 285,I 285 and Chamblee Dunwoody Rd,,Sideswipe-Same Direction,2,Clear,Dry,Daylight
2024-08-14T16:29:00.000,I 285,I 285 and Chamblee Dunwoody Rd,,Rear End,2,Clear,Dry,Daylight
2024-09-17T00:05:00.000,I 285,I 285 and Chamblee Dunwoody,,Rear End,2,Clear,Dry,Dark-Not Lighted
2024-11-19T13:15:00.000,I 285,I 285 and Chamblee  Tucker Rd,,Sideswipe-Same Direction,2,Rain,Wet,Daylight
2024-10-09T15:17:00.000,I 285,I 285 and Chamble Dunwoody Rd,,Angle Crash,2,Clear,Dry,Daylight
2021-11-29T12:43:00.000,I 285,I 285 and Chablee Tucker Rd,,Sideswipe-Same Direction,2,Clear,Dry,Daylight
2020-10-01T16:54:00.000,I 285,I 285 and Cemetery Ave,,Rear End,2,Clear,Dry,Daylight
2022-09-27T13:32:00.000,I 285,I 285 and Cemetery Ave,,Sideswipe-Same Direction,2,Clear,Dry,Daylight
2024-10-02T16:34:00.000,I 285,I 285 and Cd From Buford Hwy To 285,,Rear End,2,Clear,Dry,Daylight
2021-07-31T14:00:00.000,I 285,I 285 and Cd From 285 To 85,,Sideswipe-Same Direction,2,Clear,Dry,Daylight
2021-09-04T21:45:00.000,I 285,I 285 and Cd From 285 To 85,,Rear End,2,Clear,Dry,Dark-Not Lighted
2021-04-04T13:20:00.000,I 285,I 285 and Cd From 285 To 85,,Rear End,2,Clear,Dry,Daylight
2021-06-20T11:10:00.000,I 285,I 285 and Cd From 285 To 85,,Not a Collision with Motor Vehicle,1,Rain,Wet,Daylight
2021-08-03T11:23:00.000,I 285,I 285 and Cd From 285 To 85,,Sideswipe-Same Direction,2,Clear,Dry,Daylight
2021-09-26T16:14:00.000,I 285,I 285 and Cd From 285 To 85,,Angle Crash,2,Clear,Dry,Daylight
2021-05-07T18:40:00.000,I 285,I 285 and Cd From 285 To 85,,Rear End,2,Clear,Dry,Daylight
2021-04-24T15:37:00.000,I 285,I 285 and Cd From 285 To 85,,Sideswipe-Same Direction,2,Clear,Dry,Daylight
2021-10-10T14:59:00.000,I 285,I 285 and Cd From 285 To 85,,Rear End,3,Clear,Dry,Daylight
2021-11-09T09:05:00.000,I 285,I 285 and Cd From 285 To 85,,Angle Crash,2,Clear,Dry,Daylight
2021-08-06T19:04:00.000,I 285,I 285 and Cd From 285 To 85,,Sideswipe-Same Direction,2,Clear,Dry,Daylight
2021-03-29T17:15:00.000,I 285,I 285 and Cd From 285 To 85,,Rear End,3,Clear,Dry,Daylight
2023-03-09T11:00:00.000,I 285,I 285 and Cd From 285 To 85,,Sideswipe-Same Direction,2,Cloudy,Dry,Daylight
2023-08-05T14:16:00.000,I 285,I 285 and Cd From 285 To 85,,Rear End,4,Clear,Dry,Daylight
2023-11-02T19:28:00.000,I 285,I 285 and Cd From 285 To 85,,Rear End,3,Clear,Dry,Dark-Not Lighted
2023-02-16T19:30:00.000,I 285,I 285 and Cd From 285 To 85,,Rear End,2,Clear,Dry,Dark-Lighted
2023-05-14T17:08:00.000,I 285,I 285 and Cd From 285 To 85,,Rear End,4,Clear,Dry,Daylight
2023-09-01T20:50:00.000,I 285,I 285 and Cd From 285 To 85,,Angle Crash,2,Clear,Dry,Dark-Not Lighted
2023-04-23T02:55:00.000,I 285,I 285 and Cd From 285 To 85,,Angle Crash,2,Clear,Dry,Dark-Not Lighted
2023-12-26T14:17:00.000,I 285,I 285 and Cd From 285 To 85,,Angle Crash,2,Rain,Wet,Daylight
2023-11-27T16:40:00.000,I 285,I 285 and Cd From 285 To 85,,Rear End,2,Clear,Dry,Daylight
2023-08-08T15:46:00.000,I 285,I 285 and Cd From 285 To 85,,Rear End,3,Rain,Ice/Frost,Daylight
2023-03-21T21:51:00.000,I 285,I 285 and Cd From 285 To 85,,Sideswipe-Same Direction,2,Clear,Dry,Dark-Not Lighted
2023-05-14T17:30:00.000,I 285,I 285 and Cd From 285 To 85,,Sideswipe-Same Direction,2,Clear,Dry,Daylight
2023-06-13T17:55:00.000,I 285,I 285 and Cd From 285 To 85,,Angle Crash,2,Cloudy,Dry,Daylight
2023-03-05T12:39:00.000,I 285,I 285 and Cd From 285 To 85,,Rear End,2,Clear,Dry,Daylight
2023-08-19T19:37:00.000,I 285,I 285 and Cd From 285 To 85,,Angle Crash,3,Clear,Dry,Daylight
2023-12-15T11:10:00.000,I 285,I 285 and Cd From 285 To 85,,Rear End,4,Clear,Dry,Daylight
2023-07-21T15:40:00.000,I 285,I 285 and Cd From 285 To 85,,Rear End,2,Clear,Dry,Daylight
2023-03-22T16:53:00.000,I 285,I 285 and Cd From 285 To 85,,Rear End,2,Clear,Dry,Daylight
2023-07-08T17:14:00.000,I 285,I 285 and Cd From 285 To 85,,Rear End,2,Clear,Dry,Daylight
2023-08-20T01:00:00.000,I 285,I 285 and Cd From 285 To 85,,Rear End,4,Clear,Dry,Dark-Not Lighted
2023-09-11T18:36:00.000,I 285,I 285 and Cd From 285 To 85,,Rear End,2,Clear,Dry,Daylight
2023-06-19T17:58:00.000,I 285,I 285 and Cd From 285 To 85,,Angle Crash,3,Cloudy,Dry,Daylight
2023-06-26T02:55:00.000,I 285,I 285 and Cd From 285 To 85,,Not a Collision with Motor Vehicle,2,Clear,Dry,Dark-Not Lighted
2022-08-24T16:19:00.000,I 285,I 285 and Cd From 285 To 85,,Rear End,3,Cloudy,Dry,Daylight
2022-12-18T18:49:00.000,I 285,I 285 and Cd From 285 To 85,,Rear End,2,Clear,Dry,Dark-Not Lighted
2020-02-05T18:33:00.000,I 285,I 285 and Cd From 285 To 85,,Rear End,2,Rain,Wet,Dark-Not Lighted
2020-02-27T19:45:00.000,I 285,I 285 and Cd From 285 To 85,,Rear End,2,Clear,Dry,Daylight
2020-06-08T15:24:00.000,I 285,I 285 and Cd From 285 To 85,,Rear End,2,Cloudy,Dry,Daylight
2020-06-20T18:08:00.000,I 285,I 285 and Cd From 285 To 85,,Rear End,2,Clear,Dry,Daylight
2020-12-04T05:10:00.000,I 285,I 285 and Cd From 285 To 85,,Sideswipe-Same Direction,2,Clear,Dry,Dark-Not Lighted
2020-05-02T15:10:00.000,I 285,I 285 and Cd From 285 To 85,,Rear End,2,Clear,Dry,Daylight
2020-06-08T15:24:00.000,I 285,I 285 and Cd From 285 To 85,,Rear End,2,Cloudy,Dry,Daylight
2020-09-06T15:27:00.000,I 285,I 285 and Cd From 285 To 85,,Rear End,2,Clear,Dry,Daylight
2020-02-18T22:31:00.000,I 285,I 285 and Cd From 285 To 85,,Not a Collision with Motor Vehicle,2,Rain,Wet,Dark-Lighted
2020-06-08T15:24:00.000,I 285,I 285 and Cd From 285 To 85,,Rear End,3,Clear,Dry,Daylight
2020-02-18T09:00:00.000,I 285,I 285 and Cd From 285 To 85,,Rear End,2,Rain,Wet,Daylight
2020-02-22T19:50:00.000,I 285,I 285 and Cd From 285 To 85,,Rear End,2,Clear,Dry,Dark-Lighted
2020-05-02T15:25:00.000,I 285,I 285 and Cd From 285 To 85,,Rear End,2,Clear,Dry,Daylight
2021-01-02T18:50:00.000,I 285,I 285 and Cd From 285 To 85,,Rear End,3,Clear,Dry,Dark-Not Lighted
2021-06-09T17:46:00.000,I 285,I 285 and Cd From 285 To 85,,Rear End,3,Rain,Wet,Daylight
2021-02-21T16:53:00.000,I 285,I 285 and Cd From 285 To 85,,Rear End,2,Clear,Dry,Daylight
2021-09-04T22:24:00.000,I 285,I 285 and Cd From 285 To 85,,Rear End,2,Clear,Dry,Dark-Lighted
2021-11-03T17:04:00.000,I 285,I 285 and Cd From 285 To 85,,Angle Crash,3,Cloudy,Dry,Daylight
2022-03-03T20:23:00.000,I 285,I 285 and Cd From 285 To 85,,Rear End,2,Clear,Dry,Daylight
2021-10-11T20:07:00.000,I 285,I 285 and Cd From 285 To 85,,Angle Crash,2,Clear,Dry,Dark-Lighted
2022-12-20T12:37:00.000,I 285,I 285 and Cd From 285 To 85,,Rear End,2,Rain,Wet,Daylight
2022-04-24T14:52:00.000,I 285,I 285 and Cd From 285 To 85,,Sideswipe-Same Direction,2,Clear,Dry,Daylight
2022-05-18T19:00:00.000,I 285,I 285 and Cd From 285 To 85,,Rear End,2,Clear,Dry,Daylight
2022-04-18T11:40:00.000,I 285,I 285 and Cd From 285 To 85,,Rear End,2,Cloudy,Dry,Daylight
2022-12-14T20:20:00.000,I 285,I 285 and Cd From 285 To 85,,Sideswipe-Same Direction,2,Rain,Wet,Dark-Not Lighted
2022-12-18T19:13:00.000,I 285,I 285 and Cd From 285 To 85,,Rear End,2,Clear,Dry,Dark-Not Lighted
2022-03-25T16:55:00.000,I 285,I 285 and Cd From 285 To 85,,Rear End,2,Clear,Dry,Daylight
2022-11-01T19:11:00.000,I 285,I 285 and Cd From 285 To 85,,Rear End,3,Cloudy,Dry,Dark-Not Lighted
2022-06-07T22:58:00.000,I 285,I 285 and Cd From 285 To 85,,Not a Collision with Motor Vehicle,1,Rain,Wet,Dark-Not Lighted
2022-10-31T21:30:00.000,I 285,I 285 and Cd From 285 To 85,,Rear End,2,Clear,Dry,Dark-Not Lighted
2022-12-27T19:15:00.000,I 285,I 285 and Cd From 285 To 85,,Rear End,2,Cloudy,Dry,Dark-Not Lighted
2022-06-26T11:43:00.000,I 285,I 285 and Cd From 285 To 85,,Sideswipe-Same Direction,2,Cloudy,Dry,Daylight
2022-06-14T17:30:00.000,I 285,I 285 and Cd From 285 To 85,,Sideswipe-Same Direction,2,Clear,Dry,Daylight
2022-11-15T19:44:00.000,I 285,I 285 and Cd From 285 To 85,,Angle Crash,2,Clear,Dry,Dark-Not Lighted
2022-04-24T14:52:00.000,I 285,I 285 and Cd From 285 To 85,,Rear End,2,Clear,Dry,Daylight
2022-07-23T17:53:00.000,I 285,I 285 and Cd From 285 To 85,,Rear End,2,Clear,Dry,Daylight
2022-10-24T17:30:00.000,I 285,I 285 and Cd From 285 To 85,,Rear End,2,Cloudy,Dry,Daylight
2022-04-24T14:52:00.000,I 285,I 285 and Cd From 285 To 85,,Rear End,2,Clear,Dry,Daylight
2022-11-07T14:32:00.000,I 285,I 285 and Cd From 285 To 85,,Angle Crash,2,Cloudy,Dry,Daylight
2023-03-07T17:46:00.000,I 285,I 285 and Cd From 285 To 85,,Angle Crash,2,Clear,Dry,Daylight
2023-03-06T15:51:00.000,I 285,I 285 and Cd From 285 To 85,,Sideswipe-Same Direction,2,Clear,Dry,Daylight
2023-10-12T23:00:00.000,I 285,I 285 and Cd From 285 To 85,,Not a Collision with Motor Vehicle,1,Cloudy,Dry,Dark-Not Lighted
2023-08-06T16:28:00.000,I 285,I 285 and Cd From 285 To 85,,Rear End,2,Rain,Wet,Daylight
2024-08-31T10:40:00.000,I 285,I 285 and Cd From 285 To 85,,Rear End,2,Clear,Dry,Daylight
2024-01-05T18:00:00.000,I 285,I 285 and Cd From 285 To 85,,Angle Crash,2,Clear,Dry,Dark-Not Lighted
2024-09-11T16:48:00.000,I 285,I 285 and Cd From 285 To 85,,Rear End,2,Cloudy,Dry,Daylight
2024-11-16T11:35:00.000,I 285,I 285 and Cd From 285 To 85,,Rear End,2,Clear,Dry,Daylight
2024-05-05T14:00:00.000,I 285,I 285 and Cd From 285 To 85,,Rear End,3,Clear,Dry,Daylight
2024-05-23T14:42:00.000,I 285,I 285 and Cd From 285 To 85,,Rear End,2,Cloudy,Dry,Daylight
2023-04-09T16:05:00.000,I 285,I 285 and Cd From 285 To 85,,Not a Collision with Motor Vehicle,2,Clear,Dry,Daylight
2023-11-29T13:30:00.000,I 285,I 285 and Cd From 285 To 85,,Rear End,2,Clear,Dry,Daylight
2023-02-03T14:25:00.000,I 285,I 285 and Cd From 285 To 85,,Rear End,2,Clear,Dry,Daylight
2024-03-31T14:00:00.000,I 285,I 285 and Cd From 285 To 85,,Rear End,3,Clear,Dry,Daylight
2024-03-31T14:50:00.000,I 285,I 285 and Cd From 285 To 85,,Not a Collision with Motor Vehicle,1,Clear,Dry,Daylight
2024-09-12T14:36:00.000,I 285,I 285 and Cd From 285 To 85,,Sideswipe-Same Direction,2,Cloudy,Wet,Daylight
2023-04-15T13:15:00.000,I 285,I 285 and Cd From 285 To 85,,Sideswipe-Same Direction,2,Cloudy,Dry,Daylight
2023-12-07T19:33:00.000,I 285,I 285 and Cd From 285 To 85,,Sideswipe-Same Direction,2,Clear,Dry,Dark-Not Lighted
2023-03-26T14:49:00.000,I 285,I 285 and Cd From 285 To 85,,Rear End,2,Cloudy,Wet,Daylight
2023-01-18T18:00:00.000,I 285,I 285 and Cd From 285 To 85,,Sideswipe-Same Direction,2,Cloudy,Wet,Daylight
2023-05-24T13:53:00.000,I 285,I 285 and Cd From 285 To 85,,Sideswipe-Same Direction,2,Clear,Dry,Daylight
2023-01-04T14:59:00.000,I 285,I 285 and Cd From 285 To 85,,Angle Crash,3,Clear,Dry,Daylight
2023-01-14T23:10:00.000,I 285,I 285 and Cd From 285 To 85,,Angle Crash,2,Clear,Dry,Dark-Lighted
2023-04-23T19:01:00.000,I 285,I 285 and Cd From 285 To 85,,Rear End,2,Cloudy,Dry,Daylight
2023-07-15T14:09:00.000,I 285,I 285 and Cd From 285 To 85,,Rear End,2,Cloudy,Dry,Daylight
2023-03-01T09:00:00.000,I 285,I 285 and Cd From 285 To 85,,Sideswipe-Same Direction,2,Clear,Dry,Daylight
2023-01-21T17:00:00.000,I 285,I 285 and Cd From 285 To 85,,Rear End,2,Cloudy,Dry,Daylight
2023-06-18T16:24:00.000,I 285,I 285 and Cd From 285 To 85,,Sideswipe-Same Direction,2,Clear,Dry,Daylight
2023-01-02T15:31:00.000,I 285,I 285 and Cd From 285 To 85,,Rear End,2,Rain,Wet,Daylight
2023-04-03T17:00:00.000,I 285,I 285 and Cd From 285 To 85,,Rear End,3,Clear,Dry,Daylight
2023-12-05T13:35:00.000,I 285,I 285 and Cd From 285 To 85,,Rear End,2,Clear,Dry,Daylight
2023-09-30T19:58:00.000,I 285,I 285 and Cd From 285 To 85,,Sideswipe-Same Direction,2,Clear,Dry,Daylight
2023-04-23T02:55:00.000,I 285,I 285 and Cd From 285 To 85,,Not a Collision with Motor Vehicle,1,Clear,Dry,Dark-Not Lighted
2024-02-02T14:46:00.000,I 285,I 285 and Cd From 285 To 85,,Sideswipe-Same Direction,2,Clear,Dry,Daylight
2024-07-31T16:37:00.000,I 285,I 285 and Cd From 285 To 85,,Sideswipe-Same Direction,2,Clear,Dry,Daylight
2024-07-26T15:19:00.000,I 285,I 285 and Cd From 285 To 85,,Rear End,2,Clear,Dry,Daylight
2024-12-10T10:23:00.000,I 285,I 285 and Cd From 285 To 85,,Rear End,2,Rain,Wet,Daylight
2024-06-15T14:50:00.000,I 285,I 285 and Cd From 285 To 85,,Sideswipe-Same Direction,2,Clear,Dry,Daylight
2024-12-21T19:00:00.000,I 285,I 285 and Cd From 285 To 85,,Head On,3,Clear,Dry,Dark-Not Lighted
2024-12-21T09:35:00.000,I 285,I 285 and Cd From 285 To 85,,Rear End,2,Cloudy,Dry,Daylight
2024-11-12T13:08:00.000,I 285,I 285 and Cd From 285 To 85,,Rear End,2,Clear,Dry,Daylight
2024-03-17T16:14:00.000,I 285,I 285 and Cd From 285 To 85,,Rear End,4,Cloudy,Dry,Daylight
2024-02-02T13:30:00.000,I 285,I 285 and Cd From 285 To 85,,Rear End,2,Clear,Dry,Daylight
2024-10-21T12:45:00.000,I 285,I 285 and Cd From 285 To 85,,Sideswipe-Same Direction,2,Clear,Dry,Daylight
2024-03-10T18:47:00.000,I 285,I 285 and Cd From 285 To 85,,Rear End,2,Clear,Dry,Daylight
2024-03-17T12:55:00.000,I 285,I 285 and Cd From 285 To 85,,Rear End,2,Cloudy,Dry,Daylight
2024-10-12T11:36:00.000,I 285,I 285 and Cd From 285 To 85,,Rear End,3,Clear,Dry,Daylight