Date and Time,Roadway (From Crash Report),Intersection Name (from Crash Report),KABCO Severity,Manner of Collision (Crash Level) ,# of Vehicles per crash ,Weather Conditions (Crash Level),Surface Condition (Crash Level) ,Light Conditions (Crash Level)
2024-06-18T11:25:00.000,I 285,I 285 and Cascade Rd,,Sideswipe-Same Direction,2,Clear,Dry,Daylight
2024-06-07T15:00:00.000,I 285,I 285 and Cascade Rd,,Sideswipe-Same Direction,2,Clear,Dry,Daylight
2024-10-10T12:00:00.000,I 285,I 285 and Cascade Rd,,Angle Crash,3,Clear,Dry,Daylight
2024-08-21T20:33:00.000,I 285,I 285 and Cascade Rd,,Sideswipe-Same Direction,2,Clear,Dry,Dark-Lighted
2024-07-30T15:11:00.000,I 285,I 285 and Cascade Rd,,Sideswipe-Same Direction,3,Clear,Dry,Daylight
2024-09-13T16:00:00.000,I 285,I 285 and Cascade Rd,,Rear End,2,Clear,Dry,Daylight
2024-12-08T00:22:00.000,I 285,I 285 and Cascade Rd,,Sideswipe-Same Direction,2,Clear,Dry,Dark-Lighted
2024-09-16T07:44:00.000,I 285,I 285 and Cascade Rd,,Sideswipe-Same Direction,2,Clear,Dry,Daylight
2024-11-19T19:50:00.000,I 285,I 285 and Cascade Rd,,Angle Crash,4,Rain,Wet,Dark-Not Lighted
2024-09-20T18:20:00.000,I 285,I 285 and Cascade Rd,,Rear End,2,Clear,Dry,Daylight
2023-09-25T19:43:00.000,I 285,I 285 and Cascade Rd,,Not a Collision with Motor Vehicle,1,Clear,Dry,Daylight
2023-04-27T08:32:00.000,I 285,I 285 and Cascade Rd,,Rear End,2,Rain,Wet,Daylight
2023-11-14T15:22:00.000,I 285,I 285 and Cascade Rd,,Rear End,2,Clear,Dry,Daylight
2024-12-13T18:10:00.000,I 285,I 285 and Cascade Rd,,Rear End,2,Clear,Dry,Dark-Lighted
2024-10-15T10:40:00.000,I 285,I 285 and Cascade Rd,,Angle Crash,2,Clear,Dry,Daylight
2024-03-23T15:56:00.000,I 285,I 285 and Cascade Rd,,Not a Collision with Motor Vehicle,1,Clear,Dry,Daylight
2023-10-07T15:39:00.000,I 285,I 285 and Cascade Rd,,Rear End,2,Clear,Dry,Daylight
2023-08-03T15:55:00.000,I 285,I 285 and Cascade Rd,,Rear End,2,Clear,Dry,Daylight
2023-06-20T16:00:00.000,I 285,I 285 and Cascade Rd,,Sideswipe-Same Direction,2,Rain,Wet,Daylight
2023-10-03T19:12:00.000,I 285,I 285 and Cascade Rd,,Not a Collision with Motor Vehicle,2,Clear,Dry,Dusk
2023-09-15T23:20:00.000,I 285,I 285 and Cascade Rd,,Sideswipe-Same Direction,2,Cloudy,Dry,Dark-Not Lighted
2023-02-02T19:37:00.000,I 285,I 285 and Cascade Rd,,Not a Collision with Motor Vehicle,1,Rain,Wet,Dark-Not Lighted
2023-08-22T16:14:00.000,I 285,I 285 and Cascade Rd,,Sideswipe-Same Direction,2,Clear,Dry,Daylight
2023-11-23T09:37:00.000,I 285,I 285 and Cascade Rd,,Sideswipe-Same Direction,2,Clear,Dry,Daylight
2023-12-11T15:20:00.000,I 285,I 285 and Cascade Rd,,Rear End,2,Clear,Dry,Daylight
2023-12-01T07:55:00.000,I 285,I 285 and Cascade Rd,,Rear End,3,Rain,Wet,Daylight
2023-09-07T17:30:00.000,I 285,I 285 and Cascade Rd,,Rear End,2,Clear,Dry,Daylight
2023-08-21T10:38:00.000,I 285,I 285 and Cascade Rd,,Not a Collision with Motor Vehicle,1,Clear,Dry,Daylight
2023-03-14T12:57:00.000,I 285,I 285 and Cascade Rd,,Rear End,2,Clear,Dry,Daylight
2023-12-22T11:01:00.000,I 285,I 285 and Cascade Rd,,Sideswipe-Same Direction,2,Clear,Dry,Daylight
2023-08-08T17:50:00.000,I 285,I 285 and Cascade Rd,,Rear End,4,Rain,Wet,Daylight
2023-08-03T16:44:00.000,I 285,I 285 and Cascade Rd,,Sideswipe-Same Direction,2,Clear,Dry,Daylight
2023-08-22T16:15:00.000,I 285,I 285 and Cascade Rd,,Sideswipe-Same Direction,2,Cloudy,Dry,Daylight
2023-06-13T07:45:00.000,I 285,I 285 and Cascade Rd,,Not a Collision with Motor Vehicle,2,Clear,Dry,Daylight
2023-09-23T20:54:00.000,I 285,I 285 and Cascade Rd,,Sideswipe-Same Direction,2,Clear,Dry,Dark-Not Lighted
2023-11-24T14:55:00.000,I 285,I 285 and Cascade Rd,,Rear End,2,Clear,Dry,Daylight
2023-03-23T17:26:00.000,I 285,I 285 and Cascade Rd,,Sideswipe-Same Direction,2,Clear,Dry,Daylight
2023-08-04T02:31:00.000,I 285,I 285 and Cascade Rd,,Sideswipe-Same Direction,2,Clear,Dry,Dark-Not Lighted
2023-11-16T18:28:00.000,I 285,I 285 and Cascade Rd,,Rear End,2,Cloudy,Dry,Daylight
2023-10-12T09:55:00.000,I 285,I 285 and Cascade Rd,,Rear End,2,Rain,Wet,Daylight
2023-11-09T14:53:00.000,I 285,I 285 and Cascade Rd,,Rear End,2,Clear,Dry,Daylight
2023-04-11T16:26:00.000,I 285,I 285 and Cascade Rd,,Sideswipe-Same Direction,2,Clear,Dry,Daylight
2023-09-16T09:12:00.000,I 285,I 285 and Cascade Rd,,Rear End,2,Rain,Wet,Daylight
2023-11-03T16:46:00.000,I 285,I 285 and Cascade Rd,,Rear End,2,Clear,Dry,Daylight
2023-10-27T15:53:00.000,I 285,I 285 and Cascade Rd,,Sideswipe-Same Direction,2,Clear,Dry,Daylight
2023-07-14T18:50:00.000,I 285,I 285 and Cascade Rd,,Rear End,2,Clear,Dry,Daylight
2023-05-19T11:20:00.000,I 285,I 285 and Cascade Rd,,Rear End,3,Cloudy,Dry,Daylight
2023-07-03T09:29:00.000,I 285,I 285 and Cascade Rd,,Sideswipe-Same Direction,2,Clear,Dry,Daylight
2023-05-22T17:53:00.000,I 285,I 285 and Cascade Rd,,Rear End,2,Clear,Wet,Daylight
2023-05-26T13:50:00.000,I 285,I 285 and Cascade Rd,,Rear End,3,Clear,Dry,Daylight
2023-07-21T16:35:00.000,I 285,I 285 and Cascade Rd,,Sideswipe-Same Direction,2,Cloudy,Dry,Daylight
2023-11-30T11:22:00.000,I 285,I 285 and Cascade Rd,,Rear End,2,Clear,Dry,Daylight
2023-05-23T18:36:00.000,I 285,I 285 and Cascade Rd,,Not a Collision with Motor Vehicle,1,Clear,Dry,Daylight
2023-10-30T16:40:00.000,I 285,I 285 and Cascade Rd,,Sideswipe-Same Direction,3,Cloudy,Dry,Daylight
2024-07-17T22:03:00.000,I 285,I 285 and Cascade Rd,,Angle Crash,2,Clear,Dry,Dark-Lighted
2024-12-09T11:00:00.000,I 285,I 285 and Cascade Rd,,Sideswipe-Same Direction,3,Rain,Wet,Daylight
2024-07-16T16:47:00.000,I 285,I 285 and Cascade Rd,,Rear End,2,Clear,Wet,Daylight
2024-04-11T11:30:00.000,I 285,I 285 and Cascade Rd,,Sideswipe-Same Direction,2,Cloudy,Wet,Daylight
2024-03-17T00:48:00.000,I 285,I 285 and Cascade Rd,,Sideswipe-Same Direction,2,Clear,Dry,Dark-Lighted
2024-02-12T07:09:00.000,I 285,I 285 and Cascade Rd,,Not a Collision with Motor Vehicle,1,Rain,Wet,Daylight
2024-08-26T11:36:00.000,I 285,I 285 and Cascade Rd,,Sideswipe-Same Direction,2,Clear,Dry,Daylight
2024-08-13T19:27:00.000,I 285,I 285 and Cascade Rd,,Rear End,2,Clear,Dry,Daylight
2024-12-17T06:37:00.000,I 285,I 285 and Cascade Rd,,Sideswipe-Same Direction,2,Clear,Dry,Daylight
2024-03-18T17:50:00.000,I 285,I 285 and Cascade Rd,,Angle Crash,2,Clear,Dry,Daylight
2024-07-08T14:58:00.000,I 285,I 285 and Cascade Rd,,Rear End,2,Cloudy,Dry,Daylight
2024-01-09T02:24:00.000,I 285,I 285 and Cascade Rd,,Not a Collision with Motor Vehicle,1,Rain,Wet,Dark-Not Lighted
2024-07-31T10:08:00.000,I 285,I 285 and Cascade Rd,,Rear End,2,Cloudy,Dry,Daylight
2024-12-13T21:30:00.000,I 285,I 285 and Cascade Rd,,Rear End,2,Clear,Dry,Dark-Lighted
2024-10-25T11:16:00.000,I 285,I 285 and Cascade Rd,,Angle Crash,2,Clear,Dry,Daylight
2024-10-18T15:00:00.000,I 285,I 285 and Cascade Rd,,Angle Crash,2,Clear,Dry,Daylight
2024-05-25T17:27:00.000,I 285,I 285 and Cascade Rd,,Sideswipe-Same Direction,2,Clear,Dry,Daylight
2024-01-09T13:05:00.000,I 285,I 285 and Cascade Rd,,Not a Collision with Motor Vehicle,1,Rain,Wet,Daylight
2024-04-26T15:47:00.000,I 285,I 285 and Cascade Rd,,Rear End,2,Clear,Dry,Daylight
2024-11-26T14:12:00.000,I 285,I 285 and Cascade Rd,,Rear End,2,Clear,Dry,Daylight
2024-10-24T22:58:00.000,I 285,I 285 and Cascade Rd,,Sideswipe-Opposite Direction,2,Clear,Dry,Dark-Lighted
2024-02-07T13:00:00.000,I 285,I 285 and Cascade Rd,,Rear End,2,Clear,Dry,Daylight
2024-02-13T06:37:00.000,I 285,I 285 and Cascade Rd,,Rear End,2,Clear,Dry,Dusk
2024-05-17T04:00:00.000,I 285,I 285 and Cascade Rd,,Not a Collision with Motor Vehicle,1,Cloudy,Dry,Daylight
2024-11-07T17:14:00.000,I 285,I 285 and Cascade Rd,,Sideswipe-Same Direction,2,Cloudy,Dry,Daylight
2024-11-20T08:00:00.000,I 285,I 285 and Cascade Rd,,Rear End,2,Cloudy,Wet,Dawn
2024-12-23T16:32:00.000,I 285,I 285 and Cascade Rd,,Rear End,2,Clear,Dry,Daylight
2024-05-05T19:42:00.000,I 285,I 285 and Cascade Rd,,Angle Crash,3,Cloudy,Wet,Daylight
2024-05-04T16:11:00.000,I 285,I 285 and Cascade Rd,,Angle Crash,2,Clear,Dry,Daylight
2024-06-25T07:51:00.000,I 285,I 285 and Cascade Rd,,Sideswipe-Same Direction,2,Clear,Dry,Daylight
2024-12-12T02:55:00.000,I 285,I 285 and Cascade Rd,,Sideswipe-Same Direction,2,Clear,Dry,Dark-Not Lighted
2024-02-15T21:31:00.000,I 285,I 285 and Cascade Rd,,Not a Collision with Motor Vehicle,1,Clear,Dry,Dark-Not Lighted
2024-11-27T15:55:00.000,I 285,I 285 and Cascade Rd,,Not a Collision with Motor Vehicle,1,Clear,Dry,Daylight
2024-01-14T09:21:00.000,I 285,I 285 and Cascade Rd,,Angle Crash,2,Clear,Dry,Daylight
2024-08-30T16:08:00.000,I 285,I 285 and Cascade Rd,,Rear End,2,Cloudy,Dry,Daylight
2024-01-05T18:40:00.000,I 285,I 285 and Cascade Rd,,Sideswipe-Same Direction,2,Cloudy,Dry,Dark-Lighted
2024-11-18T07:35:00.000,I 285,I 285 and Cascade Rd,,Rear End,2,Clear,Dry,Daylight
2024-07-19T22:00:00.000,I 285,I 285 and Cascade Rd,,Sideswipe-Same Direction,3,Rain,Wet,Dark-Not Lighted
2024-02-29T12:59:00.000,I 285,I 285 and Cascade Rd,,Rear End,3,Cloudy,Dry,Daylight
2024-04-25T17:07:00.000,I 285,I 285 and Cascade Rd,,Rear End,2,Clear,Dry,Daylight
2024-05-17T17:20:00.000,I 285,I 285 and Cascade Rd,,Not a Collision with Motor Vehicle,1,Cloudy,Dry,Daylight
2024-12-05T09:42:00.000,I 285,I 285 and Cascade Rd,,Rear End,2,Clear,Dry,Daylight
2024-01-09T10:13:00.000,I 285,I 285 and Cascade Rd,,Angle Crash,2,Rain,Wet,Daylight
2024-03-01T13:01:00.000,I 285,I 285 and Cascade Rd,,Not a Collision with Motor Vehicle,1,Rain,Wet,Daylight
2024-05-23T18:10:00.000,I 285,I 285 and Cascade Rd,,Not a Collision with Motor Vehicle,1,Cloudy,Dry,Daylight
2024-06-14T14:26:00.000,I 285,I 285 and Cascade Rd,,Rear End,2,Clear,Dry,Daylight
2024-11-20T13:18:00.000,I 285,I 285 and Cascade Rd,,Rear End,2,Clear,Dry,Daylight
2024-04-18T17:04:00.000,I 285,I 285 and Cascade Rd,,Rear End,3,Clear,Dry,Daylight
2024-07-23T16:10:00.000,I 285,I 285 and Cascade Rd,,Rear End,2,Cloudy,Dry,Daylight
2024-01-15T15:48:00.000,I 285,I 285 and Cascade Rd,,Sideswipe-Same Direction,3,Clear,Dry,Daylight
2024-11-29T14:26:00.000,I 285,I 285 and Cascade Rd,,Not a Collision with Motor Vehicle,1,Clear,Dry,Daylight
2024-11-13T19:05:00.000,I 285,I 285 and Cascade Rd,,Not a Collision with Motor Vehicle,1,Clear,Dry,Dark-Not Lighted
2024-03-01T09:10:00.000,I 285,I 285 and Cascade Rd,,Rear End,2,Clear,Wet,Daylight
2024-01-14T19:30:00.000,I 285,I 285 and Cascade Rd,,Rear End,2,Clear,Dry,Dark-Lighted
2024-08-13T07:20:00.000,I 285,I 285 and Cascade Rd,,Rear End,4,Clear,Dry,Daylight
2024-05-04T18:20:00.000,I 285,I 285 and Cascade Rd,,Not a Collision with Motor Vehicle,1,Clear,Dry,Daylight
2024-11-05T09:20:00.000,I 285,I 285 and Cascade Rd,,Sideswipe-Same Direction,2,Clear,Dry,Daylight
2024-05-30T18:23:00.000,I 285,I 285 and Cascade Rd,,Rear End,2,Clear,Dry,Daylight
2024-09-12T06:10:00.000,I 285,I 285 and Cascade Rd,,Rear End,2,Rain,Wet,Dark-Lighted
2024-12-02T09:30:00.000,I 285,I 285 and Cascade Rd,,Rear End,2,Clear,Dry,Daylight
2020-04-14T17:44:00.000,I 285,I 285 and Cascade Raod Opas,,Not a Collision with Motor Vehicle,2,Clear,Dry,Daylight
2024-08-20T02:31:00.000,I 285,I 285 and Cascade Pkwy,,Rear End,3,Clear,Dry,Dark-Lighted
2022-02-03T08:42:00.000,I 285,I 285 and Cascade Ave,,Rear End,2,Cloudy,Dry,Daylight
2021-01-23T12:30:00.000,I 285,I 285 and Cascade,,Rear End,2,Clear,Dry,Daylight
2020-12-26T07:59:00.000,I 285,I 285 and Cascade,,Angle Crash,2,Clear,Dry,Daylight
2023-07-04T19:00:00.000,I 285,I 285 and Cascade,,Not a Collision with Motor Vehicle,1,Rain,Wet,Daylight
2023-04-25T09:24:00.000,I 285,I 285 and Cascade,,Sideswipe-Same Direction,2,Clear,Dry,Daylight
2023-04-21T14:12:00.000,I 285,I 285 and Cascade,,Sideswipe-Same Direction,2,Clear,Dry,Daylight
2020-10-09T18:00:00.000,I 285,I 285 and Cascade,,Rear End,2,Rain,Wet,Dusk
2020-09-18T09:34:00.000,I 285,I 285 and Cascade,,Angle Crash,2,Clear,Dry,Daylight
2021-01-23T12:20:00.000,I 285,I 285 and Cascade,,Rear End,2,Clear,Dry,Daylight
2021-01-06T18:06:00.000,I 285,I 285 and Cascade,,Angle Crash,2,Clear,Dry,Dark-Not Lighted
2021-07-02T13:22:00.000,I 285,I 285 and Cascade,,Rear End,2,Clear,Wet,Daylight
2021-09-21T10:25:00.000,I 285,I 285 and Cascade,,Sideswipe-Same Direction,2,Cloudy,Wet,Daylight
2021-09-21T10:21:00.000,I 285,I 285 and Cascade,,Not a Collision with Motor Vehicle,1,Cloudy,Wet,Daylight
2021-12-23T14:05:00.000,I 285,I 285 and Cascade,,Rear End,2,Clear,Dry,Daylight
2022-03-29T09:24:00.000,I 285,I 285 and Cascade,,Rear End,3,Clear,Dry,Daylight
2022-10-10T14:20:00.000,I 285,I 285 and Cascade,,Sideswipe-Same Direction,2,Clear,Dry,Daylight
2022-02-23T15:23:00.000,I 285,I 285 and Cascade,,Rear End,2,Clear,Dry,Daylight
2022-11-25T11:23:00.000,I 285,I 285 and Cascade,,Not a Collision with Motor Vehicle,1,Rain,Wet,Daylight
2023-05-02T19:35:00.000,I 285,I 285 and Cascade,,Sideswipe-Same Direction,3,Clear,Dry,Daylight
2023-06-20T16:04:00.000,I 285,I 285 and Cascade,,Sideswipe-Same Direction,3,Cloudy,Wet,Daylight
2023-09-16T08:51:00.000,I 285,I 285 and Cascade,,Rear End,2,Rain,Wet,Daylight
2023-06-22T15:10:00.000,I 285,I 285 and Cascade,,Rear End,3,Clear,Dry,Daylight
2023-07-07T00:00:00.000,I 285,I 285 and Cascade,,Not a Collision with Motor Vehicle,1,Cloudy,Dry,Dark-Not Lighted
2024-05-12T13:40:00.000,I 285,I 285 and Cascade,,Angle Crash,2,Cloudy,Dry,Daylight
2024-11-07T17:15:00.000,I 285,I 285 and Cascade,,Rear End,2,Cloudy,Dry,Daylight
2020-09-17T06:38:00.000,I 285,I 285 and Casade Rd,,Sideswipe-Same Direction,2,Rain,Wet,Dark-Not Lighted
2021-07-20T09:24:00.000,I 285,I 285 and Casade Rd,,Rear End,3,Rain,Wet,Daylight
2021-07-20T09:27:00.000,I 285,I 285 and Casacde Rd,,Not a Collision with Motor Vehicle,1,Rain,Wet,Daylight
2022-07-15T17:05:00.000,I 285,I 285 and Casacde Rd,,Rear End,2,Clear,Dry,Daylight
2020-06-04T18:38:00.000,I 285,I 285 and Casacade Rd Entrance Rp,,Sideswipe-Same Direction,2,Clear,Dry,Daylight
2022-11-29T02:41:00.000,I 285,I 285 and Casacade,,Angle Crash,2,Clear,Dry,Daylight
2021-11-26T12:18:00.000,I 285,I 285 and Cardiff Way,,Rear End,2,Clear,Dry,Daylight
2021-11-26T12:18:00.000,I 285,I 285 and Cardiff Way,,Rear End,2,Clear,Dry,Daylight
2021-04-01T21:31:00.000,I 285,I 285 and Candler Rd,,Rear End,2,Clear,Dry,Dark-Lighted
2020-05-17T15:37:00.000,I 285,I 285 and Candler Rd,,Not a Collision with Motor Vehicle,1,Clear,Dry,Daylight
2020-06-13T19:00:00.000,I 285,I 285 and Candler Rd,,Angle Crash,2,Clear,Dry,Daylight
2021-05-28T22:30:00.000,I 285,I 285 and Candler Rd,,Rear End,2,Rain,Wet,Dark-Lighted
2024-03-13T17:20:00.000,I 285,I 285 and Camperdown Cir,,Not a Collision with Motor Vehicle,3,Clear,Dry,Daylight
2023-12-29T06:33:00.000,I 285,I 285 and Campcreek Pkwy,,Sideswipe-Same Direction,2,Clear,Dry,Dark-Lighted
2024-07-09T15:45:00.000,I 285,I 285 and Campcreek Park,,Not a Collision with Motor Vehicle,1,Rain,Wet,Daylight
2020-01-24T05:45:00.000,I 285,I 285 and Campbelton Road Exit,,Not a Collision with Motor Vehicle,1,Rain,Wet,Dark-Not Lighted
2023-09-19T07:25:00.000,I 285,I 285 and Campbelton Rd,,Sideswipe-Same Direction,2,Clear,Dry,Daylight
2022-12-08T16:30:00.000,I 285,I 285 and Campbelltonroad Opas,,Rear End,2,Clear,Dry,Daylight
2020-01-02T16:24:00.000,I 285,I 285 and Campbellton Road Opas,,Sideswipe-Same Direction,2,Rain,Wet,Daylight
2022-12-08T14:49:00.000,I 285,I 285 and Campbellton Road Opas,,Rear End,2,Clear,Dry,Daylight
2021-10-21T10:23:00.000,I 285,I 285 and Campbellton Road Langford Park,,Rear End,2,Clear,Dry,Daylight
2021-10-07T10:36:00.000,I 285,I 285 and Campbellton Road Langford Park,,Rear End,3,Clear,Dry,Daylight
2023-09-05T08:20:00.000,I 285,I 285 and Campbellton Road Exit Rp,,Not a Collision with Motor Vehicle,1,Clear,Dry,Daylight
2020-12-13T06:52:00.000,I 285,I 285 and Campbellton Rd   Hwy 166,,Not a Collision with Motor Vehicle,2,Cloudy,Dry,Dawn
2021-03-06T13:47:00.000,I 285,I 285 and Campbellton Rd,,Rear End,2,Cloudy,Dry,Daylight
2021-08-09T06:10:00.000,I 285,I 285 and Campbellton Rd,,Sideswipe-Same Direction,3,Clear,Dry,Dark-Not Lighted
2021-09-30T12:20:00.000,I 285,I 285 and Campbellton Rd,,Rear End,3,Clear,Dry,Daylight
2021-03-06T22:02:00.000,I 285,I 285 and Campbellton Rd,,Rear End,2,Clear,Dry,Dark-Lighted
2021-02-06T18:09:00.000,I 285,I 285 and Campbellton Rd,,Not a Collision with Motor Vehicle,1,Rain,Wet,Dark-Not Lighted
2021-02-06T21:58:00.000,I 285,I 285 and Campbellton Rd,,Not a Collision with Motor Vehicle,1,Rain,Water (standing or moving),Dark-Not Lighted
2021-12-06T11:48:00.000,I 285,I 285 and Campbellton Rd,,Sideswipe-Same Direction,2,Cloudy,Dry,Daylight
2021-03-04T21:47:00.000,I 285,I 285 and Campbellton Rd,,Sideswipe-Same Direction,2,Clear,Dry,Dark-Lighted
2021-06-03T10:13:00.000,I 285,I 285 and Campbellton Rd,,Sideswipe-Same Direction,2,Clear,Dry,Daylight
2021-02-14T20:08:00.000,I 285,I 285 and Campbellton Rd,,Sideswipe-Same Direction,2,Clear,Dry,Dark-Lighted
2021-12-02T13:39:00.000,I 285,I 285 and Campbellton Rd,,Sideswipe-Same Direction,2,Clear,Dry,Daylight
2021-01-17T04:23:00.000,I 285,I 285 and Campbellton Rd,,Sideswipe-Same Direction,2,Clear,Dry,Dark-Not Lighted
2021-03-26T06:15:00.000,I 285,I 285 and Campbellton Rd,,Rear End,2,Cloudy,Wet,Dark-Not Lighted
2023-09-05T08:20:00.000,I 285,I 285 and Campbellton Rd,,Not a Collision with Motor Vehicle,1,Clear,Dry,Daylight
2023-12-25T12:49:00.000,I 285,I 285 and Campbellton Rd,,Not a Collision with Motor Vehicle,1,Rain,Wet,Daylight
2023-12-21T18:25:00.000,I 285,I 285 and Campbellton Rd,,Sideswipe-Same Direction,3,Clear,Dry,Dark-Not Lighted
2023-11-20T15:40:00.000,I 285,I 285 and Campbellton Rd,,Angle Crash,2,Clear,Dry,Daylight
2023-11-17T12:22:00.000,I 285,I 285 and Campbellton Rd,,Sideswipe-Same Direction,2,Clear,Dry,Daylight
2023-05-05T15:23:00.000,I 285,I 285 and Campbellton Rd,,Rear End,2,Clear,Dry,Daylight
2023-07-11T07:40:00.000,I 285,I 285 and Campbellton Rd,,Rear End,2,Clear,Dry,Daylight
2023-09-05T08:20:00.000,I 285,I 285 and Campbellton Rd,,Not a Collision with Motor Vehicle,1,Clear,Dry,Daylight
2022-06-10T17:40:00.000,I 285,I 285 and Campbellton Rd,,Sideswipe-Same Direction,2,Clear,Dry,Daylight
2023-09-28T14:00:00.000,I 285,I 285 and Campbellton Rd,,Sideswipe-Same Direction,2,Clear,Dry,Daylight
2020-12-06T13:24:00.000,I 285,I 285 and Campbellton Rd,,Sideswipe-Same Direction,2,Clear,Dry,Daylight
2020-08-16T05:30:00.000,I 285,I 285 and Campbellton Rd,,Angle Crash,2,Cloudy,Dry,Dark-Not Lighted
2020-01-11T18:25:00.000,I 285,I 285 and Campbellton Rd,,Rear End,2,Rain,Wet,Dark-Lighted
2020-01-25T04:32:00.000,I 285,I 285 and Campbellton Rd,,Sideswipe-Same Direction,2,Cloudy,Wet,Dark-Not Lighted
2020-01-05T16:48:00.000,I 285,I 285 and Campbellton Rd,,Head On,2,Clear,Dry,Daylight
2020-01-04T08:01:00.000,I 285,I 285 and Campbellton Rd,,Rear End,2,Cloudy,Wet,Daylight
2020-11-21T00:56:00.000,I 285,I 285 and Campbellton Rd,,Rear End,2,Clear,Dry,Dark-Not Lighted
2020-12-11T13:25:00.000,I 285,I 285 and Campbellton Rd,,Sideswipe-Same Direction,3,Clear,Dry,Daylight
2020-12-05T15:30:00.000,I 285,I 285 and Campbellton Rd,,Head On,2,Clear,Dry,Daylight
2020-10-25T23:22:00.000,I 285,I 285 and Campbellton Rd,,Not a Collision with Motor Vehicle,1,Clear,Dry,Dark-Not Lighted
2020-08-26T00:35:00.000,I 285,I 285 and Campbellton Rd,,Angle Crash,2,Clear,Wet,Dark-Not Lighted
2020-06-16T17:39:00.000,I 285,I 285 and Campbellton Rd,,Sideswipe-Same Direction,2,Clear,Dry,Daylight
2020-11-11T21:36:00.000,I 285,I 285 and Campbellton Rd,,Sideswipe-Same Direction,2,Rain,Wet,Dark-Not Lighted
2020-01-09T10:00:00.000,I 285,I 285 and Campbellton Rd,,Sideswipe-Same Direction,2,Clear,Dry,Daylight
2020-01-16T20:02:00.000,I 285,I 285 and Campbellton Rd,,Sideswipe-Same Direction,2,Clear,Dry,Daylight
2020-07-17T23:46:00.000,I 285,I 285 and Campbellton Rd,,Sideswipe-Same Direction,2,Clear,Dry,Dark-Not Lighted
2020-10-04T08:35:00.000,I 285,I 285 and Campbellton Rd,,Angle Crash,2,Clear,Dry,Daylight
2020-02-28T11:51:00.000,I 285,I 285 and Campbellton Rd,,Sideswipe-Same Direction,2,Cloudy,Dry,Daylight
2020-08-15T14:51:00.000,I 285,I 285 and Campbellton Rd,,Rear End,2,Clear,Dry,Daylight
2020-07-25T06:19:00.000,I 285,I 285 and Campbellton Rd,,Rear End,4,Clear,Dry,Daylight
2020-10-04T07:41:00.000,I 285,I 285 and Campbellton Rd,,Sideswipe-Same Direction,2,Clear,Dry,Daylight
2020-01-04T17:49:00.000,I 285,I 285 and Campbellton Rd,,Rear End,2,Clear,Dry,Dark-Lighted
2020-07-29T05:12:00.000,I 285,I 285 and Campbellton Rd,,Sideswipe-Same Direction,2,Clear,Dry,Dark-Lighted
2020-01-21T12:48:00.000,I 285,I 285 and Campbellton Rd,,Sideswipe-Same Direction,2,Clear,Dry,Daylight
2020-02-16T20:28:00.000,I 285,I 285 and Campbellton Rd,,Sideswipe-Same Direction,2,Clear,Dry,Daylight
2020-01-13T02:42:00.000,I 285,I 285 and Campbellton Rd,,Angle Crash,2,Rain,Wet,Dark-Lighted
2020-11-08T18:20:00.000,I 285,I 285 and Campbellton Rd,,Rear End,2,Cloudy,Wet,Dark-Not Lighted
2021-03-07T18:21:00.000,I 285,I 285 and Campbellton Rd,,Rear End,2,Clear,Dry,Dark-Lighted
2021-02-06T17:24:00.000,I 285,I 285 and Campbellton Rd,,Sideswipe-Same Direction,2,Rain,Water (standing or moving),Dark-Not Lighted
2021-01-20T16:26:00.000,I 285,I 285 and Campbellton Rd,,Not a Collision with Motor Vehicle,1,Clear,Dry,Daylight
2021-01-27T20:11:00.000,I 285,I 285 and Campbellton Rd,,Sideswipe-Same Direction,2,Clear,Dry,Dark-Not Lighted
2021-01-04T19:58:00.000,I 285,I 285 and Campbellton Rd,,Rear End,2,Clear,Dry,Dark-Not Lighted
2021-02-06T14:56:00.000,I 285,I 285 and Campbellton Rd,,Not a Collision with Motor Vehicle,1,Rain,Wet,Daylight
2021-09-07T18:00:00.000,I 285,I 285 and Campbellton Rd,,Angle Crash,2,Clear,Dry,Daylight
2021-11-09T16:38:00.000,I 285,I 285 and Campbellton Rd,,Sideswipe-Same Direction,2,Clear,Dry,Daylight
2021-10-08T16:50:00.000,I 285,I 285 and Campbellton Rd,,Rear End,2,Clear,Dry,Daylight
2021-08-17T09:20:00.000,I 285,I 285 and Campbellton Rd,,Rear End,2,Rain,Wet,Daylight
2022-10-31T14:16:00.000,I 285,I 285 and Campbellton Rd,,Rear End,2,Cloudy,Dry,Daylight