Date and Time,Roadway (From Crash Report),Intersection Name (from Crash Report),KABCO Severity,Manner of Collision (Crash Level) ,# of Vehicles per crash ,Weather Conditions (Crash Level),Surface Condition (Crash Level) ,Light Conditions (Crash Level)
2021-12-22T15:42:00.000,I 285,I 285 and Campbellton Rd,,Sideswipe-Same Direction,3,Clear,Dry,Daylight
2022-03-31T07:51:00.000,I 285,I 285 and Campbellton Rd,,Not a Collision with Motor Vehicle,1,Cloudy,Wet,Daylight
2022-04-05T14:10:00.000,I 285,I 285 and Campbellton Rd,,Sideswipe-Same Direction,2,Rain,Wet,Daylight
2022-12-20T16:11:00.000,I 285,I 285 and Campbellton Rd,,Sideswipe-Same Direction,2,Clear,Wet,Daylight
2022-02-21T15:33:00.000,I 285,I 285 and Campbellton Rd,,Rear End,3,Rain,Wet,Daylight
2022-11-04T12:45:00.000,I 285,I 285 and Campbellton Rd,,Rear End,2,Clear,Dry,Daylight
2022-02-18T19:05:00.000,I 285,I 285 and Campbellton Rd,,Rear End,2,Clear,Dry,Dark-Not Lighted
2022-05-12T14:03:00.000,I 285,I 285 and Campbellton Rd,,Rear End,2,Clear,Dry,Daylight
2022-06-10T18:15:00.000,I 285,I 285 and Campbellton Rd,,Rear End,2,Clear,Dry,Daylight
2022-11-04T12:47:00.000,I 285,I 285 and Campbellton Rd,,Sideswipe-Same Direction,2,Clear,Dry,Daylight
2022-05-19T14:05:00.000,I 285,I 285 and Campbellton Rd,,Sideswipe-Same Direction,2,Clear,Dry,Daylight
2022-04-29T16:54:00.000,I 285,I 285 and Campbellton Rd,,Rear End,3,Clear,Dry,Daylight
2024-10-01T16:20:00.000,I 285,I 285 and Campbellton Rd,,Sideswipe-Same Direction,2,Clear,Dry,Daylight
2023-01-02T13:10:00.000,I 285,I 285 and Campbellton Rd,,Sideswipe-Same Direction,2,Rain,Wet,Daylight
2023-03-31T14:50:00.000,I 285,I 285 and Campbellton Rd,,Sideswipe-Same Direction,3,Cloudy,Dry,Daylight
2023-03-24T18:40:00.000,I 285,I 285 and Campbellton Rd,,Not a Collision with Motor Vehicle,1,Clear,Dry,Daylight
2023-09-02T18:00:00.000,I 285,I 285 and Campbellton Rd,,Sideswipe-Same Direction,3,Clear,Dry,Daylight
2023-10-17T10:55:00.000,I 285,I 285 and Campbellton Rd,,Not a Collision with Motor Vehicle,2,Clear,Dry,Daylight
2023-01-26T12:36:00.000,I 285,I 285 and Campbellton Rd,,Angle Crash,2,Cloudy,Dry,Daylight
2023-01-02T16:10:00.000,I 285,I 285 and Campbellton Rd,,Angle Crash,1,Rain,Wet,Daylight
2023-05-05T14:14:00.000,I 285,I 285 and Campbellton Rd,,Rear End,3,Clear,Dry,Daylight
2023-05-12T12:37:00.000,I 285,I 285 and Campbellton Rd,,Not a Collision with Motor Vehicle,1,Clear,Wet,Daylight
2024-12-17T12:59:00.000,I 285,I 285 and Campbellton Rd,,Rear End,2,Clear,Dry,Daylight
2024-09-30T17:14:00.000,I 285,I 285 and Campbellton Rd,,Rear End,2,Clear,Dry,Daylight
2024-02-19T14:05:00.000,I 285,I 285 and Campbellton Rd,,Rear End,2,Clear,Dry,Daylight
2024-04-11T13:38:00.000,I 285,I 285 and Campbellton Rd,,Rear End,2,Clear,Dry,Daylight
2021-05-03T14:00:00.000,I 285,I 285 and Campbellton Pkwy,,Not a Collision with Motor Vehicle,1,Rain,Wet,Daylight
2020-01-31T18:15:00.000,I 285,I 285 and Campbellton Pkwy,,Rear End,2,Clear,Dry,Dark-Not Lighted
2024-05-31T17:09:00.000,I 285,I 285 and Campbellton Pkwy,,Rear End,2,Clear,Dry,Daylight
2023-09-01T10:55:00.000,I 285,I 285 and Campbellton Pkwy,,Sideswipe-Same Direction,2,Clear,Dry,Daylight
2023-09-14T06:15:00.000,I 285,I 285 and Campbellton,,Rear End,2,Cloudy,Dry,Daylight
2021-12-03T16:36:00.000,I 285,I 285 and Campbellton,,Sideswipe-Same Direction,2,Clear,Dry,Daylight
2021-06-22T16:49:00.000,I 285,I 285 and Camp Rd,,Rear End,3,Clear,Dry,Daylight
2023-09-18T10:15:00.000,I 285,I 285 and Camp Dr,,Rear End,2,Clear,Dry,Daylight
2022-03-16T21:29:00.000,I 285,I 285 and Camp Dr,,Not a Collision with Motor Vehicle,1,Clear,Wet,Dark-Not Lighted
2022-11-14T16:30:00.000,I 285,I 285 and Camp Dr,,Sideswipe-Same Direction,3,Clear,Dry,Daylight
2020-03-09T13:55:00.000,I 285,I 285 and Camp Crrek Pkwy,,Sideswipe-Same Direction,2,Clear,Dry,Daylight
2023-04-27T15:27:00.000,I 285,I 285 and Camp Crreek Pkwy,,Rear End,2,Rain,Wet,Daylight
2023-06-05T17:25:00.000,I 285,I 285 and Camp Crk Prky,,Rear End,2,Clear,Dry,Daylight
2023-11-18T05:16:00.000,I 285,I 285 and Camp Crk,,Sideswipe-Same Direction,2,Clear,Dry,Dark-Lighted
2023-01-26T16:53:00.000,I 285,I 285 and Camp Crk,,Rear End,2,Clear,Dry,Daylight
2023-04-27T14:50:00.000,I 285,I 285 and Camp Crk,,Rear End,2,Rain,Wet,Daylight
2020-09-06T15:00:00.000,I 285,I 285 and Camp Crk,,Sideswipe-Same Direction,2,Clear,Dry,Daylight
2020-10-31T19:02:00.000,I 285,I 285 and Camp Crk,,Rear End,2,Clear,Dry,Daylight
2020-02-10T09:07:00.000,I 285,I 285 and Camp Crk,,Sideswipe-Opposite Direction,2,Clear,Dry,Daylight
2021-08-23T19:24:00.000,I 285,I 285 and Camp Crk,,Rear End,2,Clear,Dry,Daylight
2022-11-05T14:54:00.000,I 285,I 285 and Camp Crk,,Not a Collision with Motor Vehicle,1,Clear,Dry,Daylight
2022-01-15T00:00:00.000,I 285,I 285 and Camp Crk,,Sideswipe-Same Direction,2,Clear,Dry,Daylight
2022-11-04T12:30:00.000,I 285,I 285 and Camp Crk,,Sideswipe-Same Direction,2,Clear,Dry,Daylight
2024-06-24T06:20:00.000,I 285,I 285 and Camp Crk,,Not a Collision with Motor Vehicle,1,Clear,Wet,Daylight
2024-02-27T00:35:00.000,I 285,I 285 and Camp Crk,,Not a Collision with Motor Vehicle,1,Clear,Dry,Dark-Not Lighted
2024-05-31T17:00:00.000,I 285,I 285 and Camp Crk,,Rear End,2,Clear,Dry,Daylight
2020-05-17T10:45:00.000,I 285,I 285 and Camp Creek Rp,,Sideswipe-Same Direction,2,Clear,Dry,Daylight
2021-06-23T18:29:00.000,I 285,I 285 and Camp Creek Rd,,Sideswipe-Same Direction,2,Clear,Dry,Daylight
2023-08-07T12:55:00.000,I 285,I 285 and Camp Creek Rd,,Sideswipe-Same Direction,2,Clear,Other,Daylight
2021-10-22T16:46:00.000,I 285,I 285 and Camp Creek Rd,,Sideswipe-Same Direction,2,Clear,Dry,Daylight
2023-12-18T10:30:00.000,I 285,I 285 and Camp Creek Rd,,Sideswipe-Same Direction,2,Clear,Dry,Daylight
2020-09-21T11:15:00.000,I 285,I 285 and Camp Creek Prwy,,Sideswipe-Same Direction,2,Clear,Dry,Daylight
2020-07-22T17:58:00.000,I 285,I 285 and Camp Creek Pkwy Sr6,,Not a Collision with Motor Vehicle,2,Clear,Dry,Daylight
2020-01-07T16:44:00.000,I 285,I 285 and Camp Creek Pkwy Sr6,,Rear End,2,Clear,Dry,Daylight
2020-07-28T16:42:00.000,I 285,I 285 and Camp Creek Pkwy Sr6,,Rear End,2,Clear,Dry,Daylight
2020-05-13T18:10:00.000,I 285,I 285 and Camp Creek Pkwy Sr6,,Rear End,3,Clear,Dry,Daylight
2020-07-15T20:53:00.000,I 285,I 285 and Camp Creek Pkwy Sr6,,Rear End,2,Clear,Dry,Dark-Lighted
2023-08-03T07:26:00.000,I 285,I 285 and Camp Creek Pkwy S.R 6,,Rear End,2,Cloudy,Dry,Daylight
2023-06-12T19:40:00.000,I 285,I 285 and Camp Creek Pkwy S.R 6,,Angle Crash,2,Clear,Dry,Daylight
2023-03-24T16:03:00.000,I 285,I 285 and Camp Creek Pkwy S.R 6,,Rear End,2,Clear,Dry,Daylight
2022-11-03T12:44:00.000,I 285,I 285 and Camp Creek Pkwy S.R 6,,Sideswipe-Same Direction,2,Clear,Dry,Daylight
2022-05-02T00:26:00.000,I 285,I 285 and Camp Creek Pkwy S.R 6,,Rear End,2,Clear,Dry,Dark-Lighted
2022-09-20T09:36:00.000,I 285,I 285 and Camp Creek Pkwy S.R 6,,Rear End,2,Cloudy,Wet,Daylight
2022-09-20T15:35:00.000,I 285,I 285 and Camp Creek Pkwy S.R 6,,Rear End,2,Clear,Dry,Daylight
2023-02-02T20:08:00.000,I 285,I 285 and Camp Creek Pkwy S.R 6,,Rear End,2,Rain,Wet,Dark-Lighted
2023-11-24T01:18:00.000,I 285,I 285 and Camp Creek Pkwy S.R 6,,Sideswipe-Same Direction,2,Clear,Dry,Dark-Lighted
2024-05-02T16:45:00.000,I 285,I 285 and Camp Creek Pkwy Opas,,Rear End,2,Clear,Dry,Daylight
2024-02-02T15:47:00.000,I 285,I 285 and Camp Creek Pkwy Exit Rp,,Rear End,4,Clear,Dry,Daylight
2021-02-11T11:54:00.000,I 285,I 285 and Camp Creek Pkwy,,Sideswipe-Same Direction,3,Rain,Wet,Daylight
2021-04-16T16:00:00.000,I 285,I 285 and Camp Creek Pkwy,,Rear End,3,Clear,Dry,Daylight
2021-05-26T15:10:00.000,I 285,I 285 and Camp Creek Pkwy,,Rear End,2,Clear,Dry,Daylight
2021-12-13T18:30:00.000,I 285,I 285 and Camp Creek Pkwy,,Rear End,3,Clear,Dry,Daylight
2021-12-24T16:31:00.000,I 285,I 285 and Camp Creek Pkwy,,Rear End,3,Clear,Dry,Daylight
2021-10-22T13:42:00.000,I 285,I 285 and Camp Creek Pkwy,,Rear End,2,Clear,Dry,Daylight
2021-01-02T08:00:00.000,I 285,I 285 and Camp Creek Pkwy,,Rear End,2,Clear,Wet,Daylight
2021-01-29T16:30:00.000,I 285,I 285 and Camp Creek Pkwy,,Sideswipe-Same Direction,2,Clear,Dry,Daylight
2021-04-09T13:50:00.000,I 285,I 285 and Camp Creek Pkwy,,Rear End,2,Clear,Dry,Daylight
2021-09-03T17:00:00.000,I 285,I 285 and Camp Creek Pkwy,,Rear End,2,Clear,Dry,Daylight
2021-10-14T15:01:00.000,I 285,I 285 and Camp Creek Pkwy,,Rear End,2,Clear,Dry,Daylight
2021-09-02T13:40:00.000,I 285,I 285 and Camp Creek Pkwy,,Rear End,2,Clear,Dry,Daylight
2021-08-10T06:05:00.000,I 285,I 285 and Camp Creek Pkwy,,Not a Collision with Motor Vehicle,1,Clear,Dry,Dark-Not Lighted
2021-07-12T03:47:00.000,I 285,I 285 and Camp Creek Pkwy,,Sideswipe-Same Direction,2,Clear,Dry,Dark-Lighted
2021-06-07T18:40:00.000,I 285,I 285 and Camp Creek Pkwy,,Rear End,2,Cloudy,Dry,Daylight
2021-03-18T10:20:00.000,I 285,I 285 and Camp Creek Pkwy,,Rear End,2,Clear,Dry,Daylight
2021-12-14T05:25:00.000,I 285,I 285 and Camp Creek Pkwy,,Angle Crash,2,Clear,Dry,Dark-Not Lighted
2021-10-08T15:32:00.000,I 285,I 285 and Camp Creek Pkwy,,Rear End,2,Clear,Dry,Daylight
2021-12-17T16:45:00.000,I 285,I 285 and Camp Creek Pkwy,,Rear End,3,Cloudy,Dry,Daylight
2021-12-16T17:51:00.000,I 285,I 285 and Camp Creek Pkwy,,Rear End,3,Clear,Dry,Dark-Lighted
2021-07-04T01:29:00.000,I 285,I 285 and Camp Creek Pkwy,,Not a Collision with Motor Vehicle,2,Clear,Dry,Dark-Not Lighted
2021-07-08T16:58:00.000,I 285,I 285 and Camp Creek Pkwy,,Rear End,2,Clear,Wet,Daylight
2020-02-14T14:49:00.000,I 285,I 285 and Camp Creek Pkwy,,Rear End,4,Clear,Dry,Daylight
2023-09-25T07:38:00.000,I 285,I 285 and Camp Creek Pkwy,,Sideswipe-Same Direction,2,Clear,Dry,Daylight
2023-03-30T15:32:00.000,I 285,I 285 and Camp Creek Pkwy,,Sideswipe-Same Direction,2,Clear,Dry,Daylight
2023-03-07T13:44:00.000,I 285,I 285 and Camp Creek Pkwy,,Sideswipe-Same Direction,2,Clear,Dry,Daylight
2023-01-03T13:44:00.000,I 285,I 285 and Camp Creek Pkwy,,Not a Collision with Motor Vehicle,1,Rain,Wet,Daylight
2023-09-14T16:51:00.000,I 285,I 285 and Camp Creek Pkwy,,Rear End,2,Clear,Dry,Daylight
2023-09-14T15:10:00.000,I 285,I 285 and Camp Creek Pkwy,,Rear End,2,Cloudy,Wet,Daylight
2023-02-28T10:40:00.000,I 285,I 285 and Camp Creek Pkwy,,Angle Crash,2,Clear,Dry,Daylight
2023-08-14T16:19:00.000,I 285,I 285 and Camp Creek Pkwy,,Sideswipe-Same Direction,2,Clear,Dry,Daylight
2023-01-20T12:30:00.000,I 285,I 285 and Camp Creek Pkwy,,Rear End,2,Clear,Dry,Daylight
2023-03-04T15:00:00.000,I 285,I 285 and Camp Creek Pkwy,,Rear End,2,Clear,Dry,Daylight
2023-10-16T12:45:00.000,I 285,I 285 and Camp Creek Pkwy,,Rear End,2,Clear,Dry,Daylight
2023-02-24T06:24:00.000,I 285,I 285 and Camp Creek Pkwy,,Angle Crash,2,Clear,Dry,Dark-Lighted
2023-05-23T10:24:00.000,I 285,I 285 and Camp Creek Pkwy,,Rear End,2,Cloudy,Dry,Daylight
2023-08-22T12:28:00.000,I 285,I 285 and Camp Creek Pkwy,,Sideswipe-Same Direction,2,Clear,Dry,Daylight
2023-04-11T14:28:00.000,I 285,I 285 and Camp Creek Pkwy,,Rear End,2,Clear,Dry,Daylight
2023-09-21T09:35:00.000,I 285,I 285 and Camp Creek Pkwy,,Not a Collision with Motor Vehicle,2,Cloudy,Dry,Daylight
2023-03-06T02:00:00.000,I 285,I 285 and Camp Creek Pkwy,,Not a Collision with Motor Vehicle,1,Clear,Dry,Dark-Not Lighted
2023-09-15T23:15:00.000,I 285,I 285 and Camp Creek Pkwy,,Sideswipe-Opposite Direction,2,Clear,Dry,Dark-Lighted
2023-06-18T10:06:00.000,I 285,I 285 and Camp Creek Pkwy,,Not a Collision with Motor Vehicle,1,Clear,Dry,Daylight
2023-06-28T10:12:00.000,I 285,I 285 and Camp Creek Pkwy,,Rear End,2,Clear,Dry,Daylight
2023-10-30T17:18:00.000,I 285,I 285 and Camp Creek Pkwy,,Rear End,2,Clear,Dry,Daylight
2023-10-26T00:00:00.000,I 285,I 285 and Camp Creek Pkwy,,Rear End,2,Clear,Dry,Dark-Not Lighted
2023-10-06T14:37:00.000,I 285,I 285 and Camp Creek Pkwy,,Sideswipe-Same Direction,2,Cloudy,Dry,Daylight
2023-01-04T05:38:00.000,I 285,I 285 and Camp Creek Pkwy,,Sideswipe-Same Direction,2,Rain,Wet,Dark-Not Lighted
2023-11-21T13:40:00.000,I 285,I 285 and Camp Creek Pkwy,,Not a Collision with Motor Vehicle,1,Rain,Wet,Daylight
2023-04-14T11:52:00.000,I 285,I 285 and Camp Creek Pkwy,,Rear End,2,Clear,Dry,Daylight
2023-03-18T13:54:00.000,I 285,I 285 and Camp Creek Pkwy,,Rear End,2,Clear,Dry,Daylight
2023-10-06T15:18:00.000,I 285,I 285 and Camp Creek Pkwy,,Angle Crash,2,Cloudy,Dry,Daylight
2023-04-28T11:40:00.000,I 285,I 285 and Camp Creek Pkwy,,Rear End,2,Clear,Dry,Daylight
2023-05-11T17:56:00.000,I 285,I 285 and Camp Creek Pkwy,,Sideswipe-Same Direction,2,Clear,Dry,Daylight
2023-06-17T15:01:00.000,I 285,I 285 and Camp Creek Pkwy,,Rear End,2,Clear,Dry,Daylight
2022-02-22T13:00:00.000,I 285,I 285 and Camp Creek Pkwy,,Rear End,2,Cloudy,Dry,Daylight
2022-07-05T11:57:00.000,I 285,I 285 and Camp Creek Pkwy,,Sideswipe-Same Direction,2,Clear,Dry,Daylight
2022-07-26T08:06:00.000,I 285,I 285 and Camp Creek Pkwy,,Sideswipe-Same Direction,2,Clear,Dry,Daylight
2024-05-11T16:20:00.000,I 285,I 285 and Camp Creek Pkwy,,Rear End,2,Clear,Dry,Daylight
2020-11-29T06:22:00.000,I 285,I 285 and Camp Creek Pkwy,,Sideswipe-Same Direction,2,Cloudy,Dry,Dark-Lighted
2020-05-25T01:03:00.000,I 285,I 285 and Camp Creek Pkwy,,Sideswipe-Same Direction,2,Clear,Dry,Dark-Lighted
2020-12-08T18:45:00.000,I 285,I 285 and Camp Creek Pkwy,,Rear End,2,Clear,Dry,Daylight
2020-03-07T11:15:00.000,I 285,I 285 and Camp Creek Pkwy,,Rear End,2,Clear,Dry,Daylight
2020-10-14T06:37:00.000,I 285,I 285 and Camp Creek Pkwy,,Sideswipe-Same Direction,2,Clear,Dry,Dark-Lighted
2020-05-27T13:41:00.000,I 285,I 285 and Camp Creek Pkwy,,Not a Collision with Motor Vehicle,1,Rain,Wet,Daylight
2020-03-09T16:55:00.000,I 285,I 285 and Camp Creek Pkwy,,Sideswipe-Same Direction,2,Clear,Dry,Daylight
2020-02-24T19:40:00.000,I 285,I 285 and Camp Creek Pkwy,,Sideswipe-Same Direction,2,Cloudy,Dry,Daylight
2020-04-07T10:05:00.000,I 285,I 285 and Camp Creek Pkwy,,Not a Collision with Motor Vehicle,1,Clear,Dry,Daylight
2020-02-25T17:00:00.000,I 285,I 285 and Camp Creek Pkwy,,Rear End,2,Cloudy,Dry,Daylight
2020-07-16T14:10:00.000,I 285,I 285 and Camp Creek Pkwy,,Sideswipe-Same Direction,2,Clear,Dry,Daylight
2020-07-17T17:30:00.000,I 285,I 285 and Camp Creek Pkwy,,Sideswipe-Same Direction,2,Clear,Dry,Daylight
2020-09-26T18:00:00.000,I 285,I 285 and Camp Creek Pkwy,,Rear End,2,Clear,Dry,Daylight
2020-03-14T16:27:00.000,I 285,I 285 and Camp Creek Pkwy,,Rear End,2,Clear,Dry,Daylight
2020-01-31T18:41:00.000,I 285,I 285 and Camp Creek Pkwy,,Sideswipe-Same Direction,2,Cloudy,Dry,Dark-Lighted
2020-12-24T14:50:00.000,I 285,I 285 and Camp Creek Pkwy,,Rear End,4,Rain,Wet,Daylight
2020-01-23T04:47:00.000,I 285,I 285 and Camp Creek Pkwy,,Not a Collision with Motor Vehicle,1,Clear,Dry,Dark-Lighted
2020-02-04T12:00:00.000,I 285,I 285 and Camp Creek Pkwy,,Rear End,2,Clear,Dry,Daylight
2020-02-20T07:00:00.000,I 285,I 285 and Camp Creek Pkwy,,Sideswipe-Same Direction,2,Rain,Wet,Daylight
2020-08-19T19:49:00.000,I 285,I 285 and Camp Creek Pkwy,,Rear End,3,Rain,Water (standing or moving),Dusk
2020-02-14T16:16:00.000,I 285,I 285 and Camp Creek Pkwy,,Sideswipe-Same Direction,2,Clear,Dry,Daylight
2020-06-10T14:08:00.000,I 285,I 285 and Camp Creek Pkwy,,Sideswipe-Same Direction,3,Clear,Dry,Daylight
2021-03-01T11:00:00.000,I 285,I 285 and Camp Creek Pkwy,,Sideswipe-Same Direction,4,Cloudy,Dry,Daylight
2021-02-18T17:14:00.000,I 285,I 285 and Camp Creek Pkwy,,Not a Collision with Motor Vehicle,1,Rain,Wet,Daylight
2021-04-08T01:13:00.000,I 285,I 285 and Camp Creek Pkwy,,Rear End,2,Cloudy,Dry,Dark-Not Lighted
2021-01-14T10:59:00.000,I 285,I 285 and Camp Creek Pkwy,,Rear End,2,Clear,Dry,Daylight
2021-06-21T00:00:00.000,I 285,I 285 and Camp Creek Pkwy,,Rear End,2,Clear,Dry,Daylight
2021-10-08T15:32:00.000,I 285,I 285 and Camp Creek Pkwy,,Rear End,2,Clear,Dry,Daylight
2021-08-18T01:24:00.000,I 285,I 285 and Camp Creek Pkwy,,Rear End,3,Clear,Dry,Dark-Not Lighted
2021-07-22T15:10:00.000,I 285,I 285 and Camp Creek Pkwy,,Rear End,2,Clear,Dry,Daylight
2021-08-10T06:00:00.000,I 285,I 285 and Camp Creek Pkwy,,Not a Collision with Motor Vehicle,1,Clear,Dry,Dark-Not Lighted
2021-12-22T16:00:00.000,I 285,I 285 and Camp Creek Pkwy,,Angle Crash,2,Clear,Dry,Daylight
2021-12-16T17:48:00.000,I 285,I 285 and Camp Creek Pkwy,,Rear End,3,Clear,Dry,Dark-Lighted
2021-10-21T18:00:00.000,I 285,I 285 and Camp Creek Pkwy,,Rear End,2,Clear,Dry,Daylight
2021-08-16T16:30:00.000,I 285,I 285 and Camp Creek Pkwy,,Rear End,2,Rain,Wet,Daylight
2021-07-15T18:28:00.000,I 285,I 285 and Camp Creek Pkwy,,Rear End,3,Clear,Dry,Daylight
2021-07-05T03:45:00.000,I 285,I 285 and Camp Creek Pkwy,,Angle Crash,2,Clear,Dry,Dark-Not Lighted
2021-08-12T17:00:00.000,I 285,I 285 and Camp Creek Pkwy,,Rear End,4,Clear,Dry,Daylight
2021-08-10T06:03:00.000,I 285,I 285 and Camp Creek Pkwy,,Not a Collision with Motor Vehicle,1,Clear,Dry,Dark-Not Lighted
2022-06-25T14:58:00.000,I 285,I 285 and Camp Creek Pkwy,,Rear End,2,Clear,Dry,Daylight
2022-04-22T19:15:00.000,I 285,I 285 and Camp Creek Pkwy,,Rear End,2,Clear,Dry,Daylight
2022-03-10T16:08:00.000,I 285,I 285 and Camp Creek Pkwy,,Rear End,2,Clear,Dry,Daylight
2022-11-17T06:00:00.000,I 285,I 285 and Camp Creek Pkwy,,Sideswipe-Same Direction,2,Clear,Dry,Dark-Not Lighted
2022-10-16T17:02:00.000,I 285,I 285 and Camp Creek Pkwy,,Rear End,2,Cloudy,Dry,Daylight
2021-09-03T17:01:00.000,I 285,I 285 and Camp Creek Pkwy,,Rear End,3,Clear,Dry,Daylight
2021-07-09T16:26:00.000,I 285,I 285 and Camp Creek Pkwy,,Rear End,2,Rain,Wet,Daylight
2021-12-23T15:00:00.000,I 285,I 285 and Camp Creek Pkwy,,Rear End,2,Clear,Dry,Daylight
2022-05-01T12:25:00.000,I 285,I 285 and Camp Creek Pkwy,,Sideswipe-Same Direction,2,Clear,Dry,Daylight
2022-07-11T17:02:00.000,I 285,I 285 and Camp Creek Pkwy,,Sideswipe-Same Direction,2,Clear,Dry,Daylight
2022-10-21T08:00:00.000,I 285,I 285 and Camp Creek Pkwy,,Rear End,2,Clear,Dry,Daylight
2022-06-16T11:10:00.000,I 285,I 285 and Camp Creek Pkwy,,Rear End,2,Clear,Dry,Daylight
2022-06-22T12:54:00.000,I 285,I 285 and Camp Creek Pkwy,,Rear End,2,Clear,Dry,Daylight
2022-08-02T01:10:00.000,I 285,I 285 and Camp Creek Pkwy,,Angle Crash,2,Clear,Dry,Dark-Lighted
2022-03-31T10:13:00.000,I 285,I 285 and Camp Creek Pkwy,,Sideswipe-Same Direction,2,Cloudy,Wet,Daylight
2022-02-14T09:05:00.000,I 285,I 285 and Camp Creek Pkwy,,Not a Collision with Motor Vehicle,1,Clear,Dry,Daylight
2022-03-04T17:35:00.000,I 285,I 285 and Camp Creek Pkwy,,Rear End,2,Clear,Dry,Daylight
2022-03-08T10:45:00.000,I 285,I 285 and Camp Creek Pkwy,,Rear End,2,Rain,Wet,Daylight
2022-09-23T15:12:00.000,I 285,I 285 and Camp Creek Pkwy,,Angle Crash,2,Clear,Dry,Daylight
2022-10-30T08:30:00.000,I 285,I 285 and Camp Creek Pkwy,,Not a Collision with Motor Vehicle,1,Cloudy,Wet,Dawn
2022-12-26T17:56:00.000,I 285,I 285 and Camp Creek Pkwy,,Rear End,2,Cloudy,Dry,Dark-Lighted
2022-02-16T13:16:00.000,I 285,I 285 and Camp Creek Pkwy,,Not a Collision with Motor Vehicle,1,Clear,Dry,Daylight
2022-03-22T17:55:00.000,I 285,I 285 and Camp Creek Pkwy,,Sideswipe-Same Direction,2,Clear,Dry,Daylight
2022-05-25T23:00:00.000,I 285,I 285 and Camp Creek Pkwy,,Rear End,2,Clear,Dry,Dark-Not Lighted
2022-05-13T16:53:00.000,I 285,I 285 and Camp Creek Pkwy,,Rear End,3,Clear,Dry,Daylight
2022-05-20T18:50:00.000,I 285,I 285 and Camp Creek Pkwy,,Sideswipe-Same Direction,2,Clear,Dry,Daylight
2022-03-07T19:00:00.000,I 285,I 285 and Camp Creek Pkwy,,Rear End,2,Clear,Dry,Dark-Lighted
2022-02-15T15:40:00.000,I 285,I 285 and Camp Creek Pkwy,,Rear End,2,Clear,Dry,Daylight
2022-02-22T12:34:00.000,I 285,I 285 and Camp Creek Pkwy,,Sideswipe-Same Direction,2,Clear,Dry,Daylight
2022-03-22T18:30:00.000,I 285,I 285 and Camp Creek Pkwy,,Sideswipe-Same Direction,2,Clear,Dry,Daylight
2022-05-27T14:25:00.000,I 285,I 285 and Camp Creek Pkwy,,Rear End,2,Cloudy,Dry,Daylight
2022-01-26T15:00:00.000,I 285,I 285 and Camp Creek Pkwy,,Rear End,2,Clear,Dry,Daylight
2022-09-03T19:46:00.000,I 285,I 285 and Camp Creek Pkwy,,Sideswipe-Same Direction,2,Cloudy,Dry,Daylight
2022-04-14T17:48:00.000,I 285,I 285 and Camp Creek Pkwy,,Rear End,4,Clear,Dry,Daylight
2022-08-19T17:10:00.000,I 285,I 285 and Camp Creek Pkwy,,Rear End,2,Clear,Dry,Daylight
2022-01-02T21:25:00.000,I 285,I 285 and Camp Creek Pkwy,,Angle Crash,2,Rain,Wet,Dark-Lighted
2022-03-16T08:30:00.000,I 285,I 285 and Camp Creek Pkwy,,Rear End,2,Rain,Wet,Daylight
2022-07-05T12:15:00.000,I 285,I 285 and Camp Creek Pkwy,,Rear End,2,Clear,Dry,Daylight
2022-05-16T18:13:00.000,I 285,I 285 and Camp Creek Pkwy,,Sideswipe-Same Direction,2,Clear,Dry,Daylight
2022-11-01T08:30:00.000,I 285,I 285 and Camp Creek Pkwy,,Sideswipe-Same Direction,2,Clear,Dry,Daylight
2023-03-10T15:45:00.000,I 285,I 285 and Camp Creek Pkwy,,Sideswipe-Same Direction,2,Clear,Dry,Daylight
2023-11-30T16:20:00.000,I 285,I 285 and Camp Creek Pkwy,,Angle Crash,3,Clear,Dry,Daylight
2023-08-29T18:44:00.000,I 285,I 285 and Camp Creek Pkwy,,Rear End,2,Rain,Wet,Daylight
2024-04-23T17:18:00.000,I 285,I 285 and Camp Creek Pkwy,,Rear End,2,Clear,Dry,Daylight
2024-05-30T17:45:00.000,I 285,I 285 and Camp Creek Pkwy,,Rear End,2,Clear,Dry,Daylight
2024-12-10T20:13:00.000,I 285,I 285 and Camp Creek Pkwy,,Sideswipe-Same Direction,2,Rain,Wet,Dark-Not Lighted
2024-11-07T11:16:00.000,I 285,I 285 and Camp Creek Pkwy,,Sideswipe-Same Direction,2,Clear,Dry,Daylight
2024-11-12T17:33:00.000,I 285,I 285 and Camp Creek Pkwy,,Rear End,2,Clear,Dry,Dark-Not Lighted
2024-01-04T12:30:00.000,I 285,I 285 and Camp Creek Pkwy,,Rear End,2,Clear,Dry,Daylight
2024-03-08T17:55:00.000,I 285,I 285 and Camp Creek Pkwy,,Rear End,2,Cloudy,Wet,Daylight
2024-09-26T15:40:00.000,I 285,I 285 and Camp Creek Pkwy,,Not a Collision with Motor Vehicle,1,Rain,Wet,Daylight
2024-06-14T18:26:00.000,I 285,I 285 and Camp Creek Pkwy,,Sideswipe-Same Direction,2,Clear,Dry,Daylight
2024-12-25T15:48:00.000,I 285,I 285 and Camp Creek Pkwy,,Rear End,2,Clear,Dry,Daylight