Date and Time,Roadway (From Crash Report),Intersection Name (from Crash Report),KABCO Severity,Manner of Collision (Crash Level) ,# of Vehicles per crash ,Weather Conditions (Crash Level),Surface Condition (Crash Level) ,Light Conditions (Crash Level)
2023-01-18T09:26:00.000,I 285,I 285 and Buford Hwy,,Rear End,2,Cloudy,Wet,Daylight
2023-02-02T12:50:00.000,I 285,I 285 and Buford Hwy,,Sideswipe-Same Direction,3,Rain,Wet,Daylight
2023-01-18T10:04:00.000,I 285,I 285 and Buford Hwy,,Angle Crash,2,Cloudy,Wet,Daylight
2023-04-17T12:10:00.000,I 285,I 285 and Buford Hwy,,Not a Collision with Motor Vehicle,1,Clear,Dry,Daylight
2023-08-26T00:00:00.000,I 285,I 285 and Buford Hwy,,Rear End,2,Clear,Dry,Dark-Lighted
2023-02-15T12:35:00.000,I 285,I 285 and Buford Hwy,,Sideswipe-Same Direction,2,Cloudy,Wet,Daylight
2023-08-01T18:22:00.000,I 285,I 285 and Buford Hwy,,Rear End,2,Clear,Dry,Daylight
2023-08-26T19:00:00.000,I 285,I 285 and Buford Hwy,,Sideswipe-Same Direction,2,Clear,Dry,Daylight
2023-05-04T20:36:00.000,I 285,I 285 and Buford Hwy,,Angle Crash,2,Clear,Dry,Daylight
2024-12-20T14:10:00.000,I 285,I 285 and Buford Hwy,,Sideswipe-Same Direction,2,Clear,Dry,Daylight
2024-09-07T23:10:00.000,I 285,I 285 and Buford Hwy,,Not a Collision with Motor Vehicle,1,Clear,Dry,Dark-Not Lighted
2024-07-23T13:17:00.000,I 285,I 285 and Buford Hwy,,Sideswipe-Same Direction,2,Clear,Dry,Daylight
2024-08-08T09:16:00.000,I 285,I 285 and Buford Hwy,,Rear End,2,Clear,Dry,Daylight
2024-10-23T17:58:00.000,I 285,I 285 and Buford Hwy,,Sideswipe-Same Direction,2,Clear,Dry,Daylight
2024-11-29T17:57:00.000,I 285,I 285 and Buford Hwy,,Rear End,2,Clear,Dry,Dark-Not Lighted
2024-10-23T17:18:00.000,I 285,I 285 and Buford Hwy,,Rear End,2,Clear,Dry,Daylight
2024-11-28T12:45:00.000,I 285,I 285 and Buford Hwy,,Sideswipe-Same Direction,2,Clear,Dry,Daylight
2024-10-31T08:35:00.000,I 285,I 285 and Buford Hwy,,Rear End,2,Clear,Dry,Daylight
2024-11-04T22:20:00.000,I 285,I 285 and Buford Hwy,,Angle Crash,2,Rain,Wet,Dark-Lighted
2024-07-31T07:21:00.000,I 285,I 285 and Buford Hwy,,Rear End,2,Cloudy,Dry,Daylight
2024-12-29T02:26:00.000,I 285,I 285 and Buford Hwy,,Sideswipe-Same Direction,1,Rain,Dry,Dark-Lighted
2024-12-25T00:19:00.000,I 285,I 285 and Buford Hwy,,Rear End,2,Clear,Dry,Dark-Not Lighted
2024-05-06T19:17:00.000,I 285,I 285 and Buford Hwy,,Sideswipe-Same Direction,2,Cloudy,Dry,Daylight
2024-08-08T18:00:00.000,I 285,I 285 and Buford Hwy,,Angle Crash,2,Clear,Dry,Daylight
2024-10-31T03:20:00.000,I 285,I 285 and Buford Hwy,,Sideswipe-Same Direction,2,Clear,Dry,Dark-Not Lighted
2024-12-23T20:43:00.000,I 285,I 285 and Buford Hwy,,Rear End,3,Cloudy,Dry,Dark-Lighted
2024-08-02T22:21:00.000,I 285,I 285 and Buford Hwy,,Not a Collision with Motor Vehicle,1,Clear,Dry,Dark-Not Lighted
2024-08-22T14:47:00.000,I 285,I 285 and Buford Hwy,,Rear End,3,Clear,Dry,Daylight
2024-10-13T14:41:00.000,I 285,I 285 and Buford Hwy,,Sideswipe-Same Direction,2,Clear,Dry,Daylight
2024-12-13T14:20:00.000,I 285,I 285 and Buford Hwy,,Angle Crash,2,Clear,Dry,Daylight
2024-10-13T13:24:00.000,I 285,I 285 and Buford Hwy,,Rear End,2,Clear,Dry,Daylight
2024-11-19T06:11:00.000,I 285,I 285 and Buford Hwy,,Rear End,2,Rain,Wet,Dark-Lighted
2024-08-19T18:20:00.000,I 285,I 285 and Buford Hwy,,Sideswipe-Same Direction,2,Cloudy,Dry,Daylight
2024-11-19T18:44:00.000,I 285,I 285 and Buford Hwy,,Angle Crash,3,Clear,Wet,Dark-Lighted
2024-08-06T13:43:00.000,I 285,I 285 and Buford Hwy,,Rear End,4,Clear,Dry,Daylight
2024-08-26T06:50:00.000,I 285,I 285 and Buford Hwy,,Not a Collision with Motor Vehicle,1,Clear,Dry,Dark-Lighted
2024-11-29T19:18:00.000,I 285,I 285 and Buford Hwy,,Rear End,2,Clear,Dry,Dark-Not Lighted
2024-11-11T19:09:00.000,I 285,I 285 and Buford Hwy,,Sideswipe-Same Direction,2,Cloudy,Dry,Dark-Not Lighted
2024-12-22T02:25:00.000,I 285,I 285 and Buford Hwy,,Not a Collision with Motor Vehicle,1,Clear,Dry,Dark-Not Lighted
2024-04-14T05:50:00.000,I 285,I 285 and Buford Hwy,,Not a Collision with Motor Vehicle,1,Cloudy,Dry,Dark-Not Lighted
2024-12-20T11:21:00.000,I 285,I 285 and Buford Hwy,,Rear End,2,Clear,Dry,Daylight
2024-10-26T01:33:00.000,I 285,I 285 and Buford Hwy,,Not a Collision with Motor Vehicle,1,Clear,Dry,Dark-Not Lighted
2024-08-04T14:27:00.000,I 285,I 285 and Buford Hwy,,Sideswipe-Same Direction,2,Cloudy,Dry,Daylight
2024-10-27T21:26:00.000,I 285,I 285 and Buford Hwy,,Not a Collision with Motor Vehicle,1,Clear,Dry,Dark-Lighted
2024-10-09T18:31:00.000,I 285,I 285 and Buford Hwy,,Angle Crash,2,Cloudy,Dry,Daylight
2024-10-23T22:42:00.000,I 285,I 285 and Buford Hwy,,Angle Crash,2,Clear,Dry,Dark-Not Lighted
2024-08-02T07:51:00.000,I 285,I 285 and Buford Hwy,,Sideswipe-Same Direction,2,Clear,Dry,Daylight
2024-10-05T01:05:00.000,I 285,I 285 and Buford Hwy,,Not a Collision with Motor Vehicle,1,Clear,Dry,Dark-Not Lighted
2024-09-03T15:05:00.000,I 285,I 285 and Buford Hwy,,Rear End,2,Clear,Dry,Daylight
2024-10-18T18:28:00.000,I 285,I 285 and Buford Hwy,,Sideswipe-Same Direction,2,Clear,Dry,Daylight
2024-12-11T14:41:00.000,I 285,I 285 and Buford Hwy,,Sideswipe-Same Direction,2,Clear,Dry,Daylight
2024-09-02T06:43:00.000,I 285,I 285 and Buford Hwy,,Not a Collision with Motor Vehicle,1,Cloudy,Wet,Dark-Lighted
2024-11-02T21:00:00.000,I 285,I 285 and Buford Hwy,,Sideswipe-Same Direction,2,Cloudy,Dry,Dark-Not Lighted
2024-11-09T18:31:00.000,I 285,I 285 and Buford Hwy,,Rear End,2,Cloudy,Dry,Dark-Not Lighted
2024-10-12T11:10:00.000,I 285,I 285 and Buford Hwy,,Rear End,4,Clear,Dry,Daylight
2024-12-26T01:45:00.000,I 285,I 285 and Buford Hwy,,(None),1,(None),(None),(None)
2024-12-20T18:34:00.000,I 285,I 285 and Buford Hwy,,Rear End,2,Clear,Dry,Dark-Not Lighted
2024-12-07T12:51:00.000,I 285,I 285 and Buford Hwy,,Rear End,2,Clear,Dry,Daylight
2024-11-15T08:30:00.000,I 285,I 285 and Buford Hwy,,Rear End,2,Clear,Dry,Daylight
2024-12-05T20:34:00.000,I 285,I 285 and Buford Hwy,,Rear End,3,Clear,Dry,Dark-Not Lighted
2024-08-09T04:20:00.000,I 285,I 285 and Buford Hwy,,Not a Collision with Motor Vehicle,1,Clear,Dry,Dark-Not Lighted
2024-03-18T16:30:00.000,I 285,I 285 and Buford Hwy,,Sideswipe-Same Direction,2,Clear,Dry,Daylight
2024-11-28T23:49:00.000,I 285,I 285 and Buford Hwy,,Head On,1,Clear,Dry,Dark-Not Lighted
2024-11-18T21:11:00.000,I 285,I 285 and Buford Hwy,,Not a Collision with Motor Vehicle,1,Clear,Dry,Dark-Lighted
2024-10-24T14:40:00.000,I 285,I 285 and Buford Hwy,,Rear End,2,Clear,Dry,Daylight
2024-09-08T04:19:00.000,I 285,I 285 and Buford Hwy,,Rear End,2,Clear,Dry,Dark-Not Lighted
2024-08-01T13:21:00.000,I 285,I 285 and Buford Hwy,,Sideswipe-Same Direction,2,Cloudy,Dry,Daylight
2024-02-27T16:18:00.000,I 285,I 285 and Buford Hwy,,Sideswipe-Same Direction,2,Clear,Dry,Daylight
2024-10-04T18:16:00.000,I 285,I 285 and Buford Hwy,,Angle Crash,2,Clear,Dry,Daylight
2024-10-29T14:01:00.000,I 285,I 285 and Buford Hwy,,Sideswipe-Same Direction,2,Clear,Dry,Daylight
2024-09-18T15:02:00.000,I 285,I 285 and Buford Hwy,,Rear End,2,Clear,Dry,Daylight
2024-11-01T00:19:00.000,I 285,I 285 and Buford Hwy,,Not a Collision with Motor Vehicle,1,Clear,Dry,Dark-Lighted
2024-12-07T20:09:00.000,I 285,I 285 and Buford Hwy,,Rear End,2,Clear,Dry,Dark-Lighted
2024-08-15T16:50:00.000,I 285,I 285 and Buford Hwy,,Rear End,2,Clear,Dry,Daylight
2024-11-11T20:17:00.000,I 285,I 285 and Buford Hwy,,Not a Collision with Motor Vehicle,1,Clear,Dry,Dark-Not Lighted
2024-12-18T17:12:00.000,I 285,I 285 and Buford Hwy,,Sideswipe-Same Direction,2,Clear,Dry,Daylight
2024-04-17T17:50:00.000,I 285,I 285 and Buford Hwy,,Rear End,2,Cloudy,Dry,Daylight
2024-08-07T13:50:00.000,I 285,I 285 and Buford Hwy,,Rear End,2,Clear,Dry,Daylight
2024-09-08T14:50:00.000,I 285,I 285 and Buford Hwy,,Sideswipe-Same Direction,2,Clear,Dry,Daylight
2024-10-09T04:19:00.000,I 285,I 285 and Buford Hwy,,Head On,1,Clear,Dry,Dark-Lighted
2024-09-30T20:27:00.000,I 285,I 285 and Buford Hwy,,Rear End,3,Cloudy,Dry,Dark-Not Lighted
2024-01-25T09:09:00.000,I 285,I 285 and Buford Hwy,,Sideswipe-Same Direction,2,Rain,Wet,Dark-Lighted
2024-03-11T00:54:00.000,I 285,I 285 and Buford Hwy,,Rear End,2,Clear,Dry,Dark-Not Lighted
2024-02-06T20:08:00.000,I 285,I 285 and Buford Hwy,,Rear End,4,Clear,Dry,Dark-Lighted
2024-12-31T14:46:00.000,I 285,I 285 and Buford Hwy,,Sideswipe-Same Direction,2,Clear,Dry,Daylight
2024-10-04T03:00:00.000,I 285,I 285 and Buford Hwy,,Not a Collision with Motor Vehicle,1,Cloudy,Dry,Dark-Not Lighted
2024-01-08T13:33:00.000,I 285,I 285 and Buford Hwy,,Sideswipe-Same Direction,2,Cloudy,Dry,Daylight
2024-10-26T09:36:00.000,I 285,I 285 and Buford Hwy,,Rear End,2,Clear,Dry,Daylight
2024-11-08T15:15:00.000,I 285,I 285 and Buford Hwy,,Sideswipe-Same Direction,2,Clear,Dry,Daylight
2024-10-18T10:30:00.000,I 285,I 285 and Buford Hwy,,Rear End,2,Clear,Dry,Daylight
2024-11-29T17:57:00.000,I 285,I 285 and Buford Hwy,,Rear End,2,Clear,Dry,Dark-Not Lighted
2024-12-06T20:00:00.000,I 285,I 285 and Buford Hwy,,Sideswipe-Same Direction,2,Clear,Dry,Daylight
2024-04-20T03:20:00.000,I 285,I 285 and Buford Hwy,,Rear End,2,Clear,Dry,Dark-Not Lighted
2024-08-05T15:00:00.000,I 285,I 285 and Buford Hwy,,Rear End,2,Cloudy,Dry,Daylight
2024-10-08T18:25:00.000,I 285,I 285 and Buford Hwy,,Rear End,2,Clear,Dry,Dark-Not Lighted
2021-02-09T18:37:00.000,I 285,I 285 and Buford Highway Exit Rp,,Rear End,2,Clear,Dry,Dark-Not Lighted
2022-05-09T17:00:00.000,I 285,I 285 and Buford Highway Exit Rp,,Sideswipe-Same Direction,3,Clear,Dry,Daylight
2021-02-09T19:20:00.000,I 285,I 285 and Buford Highway Entry Rp,,Sideswipe-Same Direction,2,Clear,Dry,Dark-Lighted
2024-11-26T09:34:00.000,I 285,I 285 and Buford,,Rear End,2,Cloudy,Wet,Daylight
2024-08-13T21:40:00.000,I 285,I 285 and Buford,,Rear End,2,Clear,Dry,Dark-Not Lighted
2024-09-24T16:48:00.000,I 285,I 285 and Buford,,Sideswipe-Same Direction,2,Clear,Dry,Daylight
2023-08-30T13:50:00.000,I 285,I 285 and Bressler Cir,,Sideswipe-Same Direction,2,Rain,Wet,Daylight
2022-06-25T10:40:00.000,I 285,I 285 and Bpuldercrest Rd,,Not a Collision with Motor Vehicle,1,Clear,Dry,Daylight
2020-07-28T15:23:00.000,I 285,I 285 and Bouldercrrest Rd,,Sideswipe-Same Direction,2,Cloudy,Wet,Daylight
2020-04-13T17:36:00.000,I 285,I 285 and Bouldercrrest Rd,,Not a Collision with Motor Vehicle,1,Clear,Dry,Daylight
2023-04-19T01:00:00.000,I 285,I 285 and Bouldercrestrd,,Rear End,2,Clear,Dry,Dark-Not Lighted
2021-02-03T03:19:00.000,I 285,I 285 and Bouldercrestrd,,Rear End,2,Clear,Dry,Dark-Not Lighted
2023-10-17T11:41:00.000,I 285,I 285 and Bouldercrest Rd.,,Sideswipe-Same Direction,2,Clear,Dry,Daylight
2023-04-22T11:59:00.000,I 285,I 285 and Bouldercrest Rd.,,Not a Collision with Motor Vehicle,1,Clear,Dry,Daylight
2023-01-28T11:40:00.000,I 285,I 285 and Bouldercrest Rd.,,Sideswipe-Same Direction,2,Clear,Dry,Daylight
2023-12-07T07:12:00.000,I 285,I 285 and Bouldercrest Rd.,,Rear End,3,Clear,Dry,Daylight
2023-01-23T11:58:00.000,I 285,I 285 and Bouldercrest Rd.,,Sideswipe-Opposite Direction,2,Clear,Dry,Daylight
2023-05-24T10:20:00.000,I 285,I 285 and Bouldercrest Rd.,,Rear End,2,Clear,Dry,Daylight
2023-10-10T08:51:00.000,I 285,I 285 and Bouldercrest Rd.,,Rear End,2,Clear,Dry,Daylight
2023-01-26T12:44:00.000,I 285,I 285 and Bouldercrest Rd.,,Sideswipe-Same Direction,2,Clear,Dry,Daylight
2023-10-12T08:20:00.000,I 285,I 285 and Bouldercrest Rd.,,Rear End,2,Rain,Wet,Daylight
2023-08-03T07:14:00.000,I 285,I 285 and Bouldercrest Rd.,,Sideswipe-Same Direction,2,Clear,Dry,Daylight
2023-03-19T11:20:00.000,I 285,I 285 and Bouldercrest Rd.,,Sideswipe-Same Direction,3,Clear,Dry,Daylight
2023-03-10T09:20:00.000,I 285,I 285 and Bouldercrest Rd.,,Not a Collision with Motor Vehicle,1,Rain,Wet,Daylight
2024-01-08T07:40:00.000,I 285,I 285 and Bouldercrest Rd.,,Rear End,2,Clear,Dry,Dawn
2022-11-27T06:06:00.000,I 285,I 285 and Bouldercrest Rd.,,Sideswipe-Same Direction,2,Rain,Wet,Dark-Not Lighted
2022-10-16T13:18:00.000,I 285,I 285 and Bouldercrest Rd.,,Not a Collision with Motor Vehicle,2,Clear,Dry,Daylight
2022-03-14T06:55:00.000,I 285,I 285 and Bouldercrest Rd.,,Rear End,2,Clear,Dry,Dark-Not Lighted
2022-08-24T18:28:00.000,I 285,I 285 and Bouldercrest Rd.,,Rear End,2,Cloudy,Dry,Daylight
2022-06-28T18:50:00.000,I 285,I 285 and Bouldercrest Rd.,,Rear End,2,Cloudy,Dry,Daylight
2022-10-17T14:06:00.000,I 285,I 285 and Bouldercrest Rd.,,Sideswipe-Same Direction,2,Clear,Dry,Daylight
2022-02-02T15:30:00.000,I 285,I 285 and Bouldercrest Rd.,,Sideswipe-Same Direction,2,Cloudy,Dry,Daylight
2022-03-11T14:22:00.000,I 285,I 285 and Bouldercrest Rd.,,Rear End,2,Cloudy,Dry,Daylight
2022-11-06T10:30:00.000,I 285,I 285 and Bouldercrest Rd.,,Not a Collision with Motor Vehicle,1,Clear,Dry,Daylight
2022-08-25T19:55:00.000,I 285,I 285 and Bouldercrest Rd.,,Rear End,2,Cloudy,Dry,Daylight
2022-06-14T20:15:00.000,I 285,I 285 and Bouldercrest Rd.,,Sideswipe-Same Direction,2,Clear,Dry,Daylight
2024-08-03T01:45:00.000,I 285,I 285 and Bouldercrest Rd.,,Rear End,2,Clear,Dry,Dark-Not Lighted
2024-03-06T06:49:00.000,I 285,I 285 and Bouldercrest Rd.,,Rear End,2,Cloudy,Wet,Dawn
2024-03-06T05:31:00.000,I 285,I 285 and Bouldercrest Rd.,,Sideswipe-Same Direction,2,Rain,Wet,Dawn
2024-01-09T08:20:00.000,I 285,I 285 and Bouldercrest Rd.,,Rear End,2,Rain,Wet,Daylight
2024-01-22T07:20:00.000,I 285,I 285 and Bouldercrest Rd.,,Not a Collision with Motor Vehicle,1,Clear,Ice/Frost,Daylight
2023-10-17T11:41:00.000,I 285,I 285 and Bouldercrest Rd.,,Sideswipe-Same Direction,2,Clear,Dry,Daylight
2023-09-01T07:56:00.000,I 285,I 285 and Bouldercrest Rd.,,Not a Collision with Motor Vehicle,2,Clear,Dry,Daylight
2023-11-04T12:07:00.000,I 285,I 285 and Bouldercrest Rd.,,Sideswipe-Same Direction,2,Clear,Dry,Daylight
2023-09-29T10:42:00.000,I 285,I 285 and Bouldercrest Rd.,,Sideswipe-Same Direction,2,Clear,Dry,Daylight
2023-02-03T08:15:00.000,I 285,I 285 and Bouldercrest Rd.,,Sideswipe-Same Direction,2,Clear,Dry,Daylight
2024-03-06T05:31:00.000,I 285,I 285 and Bouldercrest Rd.,,Not a Collision with Motor Vehicle,1,Rain,Wet,Dawn
2024-05-17T09:52:00.000,I 285,I 285 and Bouldercrest Rd.,,Sideswipe-Same Direction,2,Clear,Dry,Daylight
2024-03-06T07:12:00.000,I 285,I 285 and Bouldercrest Rd.,,Sideswipe-Same Direction,2,Cloudy,Wet,Daylight
2024-09-05T13:00:00.000,I 285,I 285 and Bouldercrest Rd.,,Sideswipe-Opposite Direction,2,Clear,Dry,Daylight
2024-09-19T00:00:00.000,I 285,I 285 and Bouldercrest Rd.,,Angle Crash,2,Clear,Dry,Daylight
2024-01-11T08:36:00.000,I 285,I 285 and Bouldercrest Rd.,,Rear End,4,Clear,Dry,Daylight
2024-06-21T08:21:00.000,I 285,I 285 and Bouldercrest Rd.,,Rear End,2,Clear,Dry,Daylight
2024-03-06T05:39:00.000,I 285,I 285 and Bouldercrest Rd.,,Angle Crash,3,Rain,Wet,Dawn
2024-09-12T10:11:00.000,I 285,I 285 and Bouldercrest Rd.,,Angle Crash,4,Rain,Wet,Daylight
2024-01-22T22:30:00.000,I 285,I 285 and Bouldercrest Rd.,,Rear End,2,Clear,Dry,Dark-Lighted
2020-09-16T00:11:00.000,I 285,I 285 and Bouldercrest Rd Se Rp,,Not a Collision with Motor Vehicle,1,Clear,Dry,Dark-Not Lighted
2020-02-15T01:58:00.000,I 285,I 285 and Bouldercrest Rd Se Rd,,Angle Crash,2,Clear,Dry,Dark-Not Lighted
2020-07-23T17:00:00.000,I 285,I 285 and Bouldercrest Rd Exit Rp,,Sideswipe-Same Direction,3,Clear,Dry,Daylight
2021-04-24T18:39:00.000,I 285,I 285 and Bouldercrest Rd,,Sideswipe-Same Direction,2,Rain,Water (standing or moving),Daylight
2021-02-19T12:43:00.000,I 285,I 285 and Bouldercrest Rd,,Sideswipe-Same Direction,2,Clear,Dry,Daylight
2021-05-16T23:34:00.000,I 285,I 285 and Bouldercrest Rd,,Angle Crash,2,Clear,Dry,Dark-Not Lighted
2021-04-06T23:15:00.000,I 285,I 285 and Bouldercrest Rd,,Rear End,2,Clear,Dry,Dark-Lighted
2021-06-27T00:07:00.000,I 285,I 285 and Bouldercrest Rd,,Angle Crash,2,Clear,Dry,Dark-Not Lighted
2021-01-27T04:03:00.000,I 285,I 285 and Bouldercrest Rd,,Rear End,2,Clear,Wet,Dark-Lighted
2021-04-02T09:56:00.000,I 285,I 285 and Bouldercrest Rd,,Not a Collision with Motor Vehicle,2,Clear,Dry,Daylight
2021-01-15T16:00:00.000,I 285,I 285 and Bouldercrest Rd,,Rear End,4,Clear,Dry,Daylight
2021-06-26T16:20:00.000,I 285,I 285 and Bouldercrest Rd,,Rear End,2,Clear,Dry,Daylight
2021-01-08T13:30:00.000,I 285,I 285 and Bouldercrest Rd,,Angle Crash,2,Cloudy,Wet,Daylight
2021-04-26T04:00:00.000,I 285,I 285 and Bouldercrest Rd,,Angle Crash,2,Clear,Dry,Daylight
2021-01-04T16:50:00.000,I 285,I 285 and Bouldercrest Rd,,Angle Crash,4,Clear,Dry,Daylight
2021-06-03T11:30:00.000,I 285,I 285 and Bouldercrest Rd,,Sideswipe-Same Direction,2,Clear,Dry,Daylight
2021-06-20T08:48:00.000,I 285,I 285 and Bouldercrest Rd,,Not a Collision with Motor Vehicle,1,Rain,Wet,Daylight
2021-06-04T23:33:00.000,I 285,I 285 and Bouldercrest Rd,,Rear End,2,Cloudy,Dry,Dark-Lighted
2021-05-22T13:30:00.000,I 285,I 285 and Bouldercrest Rd,,Sideswipe-Same Direction,2,Clear,Dry,Daylight
2021-05-05T09:00:00.000,I 285,I 285 and Bouldercrest Rd,,Not a Collision with Motor Vehicle,1,Cloudy,Dry,Daylight
2021-04-05T21:21:00.000,I 285,I 285 and Bouldercrest Rd,,Sideswipe-Same Direction,2,Clear,Dry,Dark-Lighted
2021-11-13T12:10:00.000,I 285,I 285 and Bouldercrest Rd,,Rear End,3,Clear,Dry,Daylight
2021-09-08T22:33:00.000,I 285,I 285 and Bouldercrest Rd,,Rear End,2,Clear,Dry,Dark-Not Lighted
2021-11-15T07:30:00.000,I 285,I 285 and Bouldercrest Rd,,Rear End,2,Clear,Dry,Dark-Not Lighted
2021-11-09T12:31:00.000,I 285,I 285 and Bouldercrest Rd,,Rear End,2,Clear,Dry,Daylight
2021-10-31T20:00:00.000,I 285,I 285 and Bouldercrest Rd,,Rear End,2,Clear,Dry,Dark-Not Lighted
2021-10-09T20:10:00.000,I 285,I 285 and Bouldercrest Rd,,Sideswipe-Same Direction,2,Clear,Dry,Dark-Lighted
2021-08-28T17:00:00.000,I 285,I 285 and Bouldercrest Rd,,Rear End,2,Clear,Dry,Daylight
2021-11-29T16:15:00.000,I 285,I 285 and Bouldercrest Rd,,Rear End,2,Clear,Dry,Daylight
2021-09-10T00:20:00.000,I 285,I 285 and Bouldercrest Rd,,Rear End,2,Clear,Dry,Dark-Not Lighted
2021-12-01T14:15:00.000,I 285,I 285 and Bouldercrest Rd,,Angle Crash,2,Clear,Dry,Daylight
2021-10-31T20:47:00.000,I 285,I 285 and Bouldercrest Rd,,Sideswipe-Same Direction,2,Clear,Dry,Dark-Lighted
2021-11-30T20:35:00.000,I 285,I 285 and Bouldercrest Rd,,Sideswipe-Same Direction,2,Clear,Dry,Dark-Not Lighted
2021-10-14T11:50:00.000,I 285,I 285 and Bouldercrest Rd,,Rear End,4,Clear,Dry,Daylight
2021-08-13T16:15:00.000,I 285,I 285 and Bouldercrest Rd,,Sideswipe-Same Direction,2,Clear,Dry,Daylight
2021-09-15T10:45:00.000,I 285,I 285 and Bouldercrest Rd,,Not a Collision with Motor Vehicle,2,Cloudy,Dry,Daylight
2021-12-22T18:40:00.000,I 285,I 285 and Bouldercrest Rd,,Angle Crash,2,Clear,Dry,Dark-Lighted
2021-11-09T15:00:00.000,I 285,I 285 and Bouldercrest Rd,,Sideswipe-Same Direction,2,Clear,Dry,Daylight
2021-02-12T20:10:00.000,I 285,I 285 and Bouldercrest Rd,,Rear End,2,Clear,Wet,Dark-Lighted
2021-04-29T15:21:00.000,I 285,I 285 and Bouldercrest Rd,,Rear End,3,Clear,Dry,Daylight
2021-03-24T23:40:00.000,I 285,I 285 and Bouldercrest Rd,,Sideswipe-Same Direction,3,Clear,Dry,Dark-Not Lighted
2021-02-27T13:58:00.000,I 285,I 285 and Bouldercrest Rd,,Sideswipe-Same Direction,2,Clear,Dry,Daylight
2021-04-15T14:13:00.000,I 285,I 285 and Bouldercrest Rd,,Sideswipe-Same Direction,2,Clear,Dry,Daylight
2021-03-28T23:49:00.000,I 285,I 285 and Bouldercrest Rd,,Rear End,3,Clear,Dry,Dark-Not Lighted
2021-06-19T15:19:00.000,I 285,I 285 and Bouldercrest Rd,,Sideswipe-Same Direction,2,Clear,Wet,Daylight
2021-06-22T00:40:00.000,I 285,I 285 and Bouldercrest Rd,,Not a Collision with Motor Vehicle,1,Clear,Wet,Dark-Lighted
2021-02-15T17:55:00.000,I 285,I 285 and Bouldercrest Rd,,Not a Collision with Motor Vehicle,1,Clear,Dry,Daylight
2021-05-14T09:45:00.000,I 285,I 285 and Bouldercrest Rd,,Angle Crash,2,Clear,Dry,Daylight
2021-04-30T17:13:00.000,I 285,I 285 and Bouldercrest Rd,,Rear End,2,Clear,Dry,Daylight
2021-04-01T15:37:00.000,I 285,I 285 and Bouldercrest Rd,,Rear End,2,Clear,Dry,Daylight
2021-05-23T23:30:00.000,I 285,I 285 and Bouldercrest Rd,,Not a Collision with Motor Vehicle,2,Clear,Dry,Dark-Lighted
2021-03-24T15:10:00.000,I 285,I 285 and Bouldercrest Rd,,Rear End,2,Clear,Dry,Daylight
2021-05-18T15:49:00.000,I 285,I 285 and Bouldercrest Rd,,Rear End,3,Clear,Dry,Daylight
2021-01-04T18:49:00.000,I 285,I 285 and Bouldercrest Rd,,Rear End,2,Clear,Dry,Dark-Lighted
2021-05-03T14:16:00.000,I 285,I 285 and Bouldercrest Rd,,Angle Crash,2,Rain,Wet,Daylight
2021-06-10T17:10:00.000,I 285,I 285 and Bouldercrest Rd,,Rear End,2,Cloudy,Dry,Daylight
2021-03-20T20:00:00.000,I 285,I 285 and Bouldercrest Rd,,Rear End,2,Clear,Dry,Dark-Lighted
2021-03-15T20:00:00.000,I 285,I 285 and Bouldercrest Rd,,Rear End,5,Clear,Dry,Dark-Lighted
2021-06-26T16:38:00.000,I 285,I 285 and Bouldercrest Rd,,Rear End,2,Clear,Dry,Daylight
2021-03-25T12:05:00.000,I 285,I 285 and Bouldercrest Rd,,Sideswipe-Same Direction,2,Clear,Dry,Daylight
2021-04-13T20:05:00.000,I 285,I 285 and Bouldercrest Rd,,Rear End,2,Clear,Dry,Daylight
2021-01-29T15:54:00.000,I 285,I 285 and Bouldercrest Rd,,Rear End,2,Clear,Dry,Daylight
2021-06-06T21:32:00.000,I 285,I 285 and Bouldercrest Rd,,Sideswipe-Same Direction,2,Cloudy,Dry,Dark-Lighted
2021-04-14T23:56:00.000,I 285,I 285 and Bouldercrest Rd,,Rear End,2,Clear,Dry,Dark-Not Lighted
2021-05-28T07:25:00.000,I 285,I 285 and Bouldercrest Rd,,Rear End,2,Clear,Dry,Daylight
2021-03-27T13:00:00.000,I 285,I 285 and Bouldercrest Rd,,Sideswipe-Same Direction,2,Clear,Dry,Daylight
2021-06-14T02:10:00.000,I 285,I 285 and Bouldercrest Rd,,Rear End,2,Clear,Dry,Dark-Lighted
2021-04-17T04:10:00.000,I 285,I 285 and Bouldercrest Rd,,Sideswipe-Same Direction,2,Clear,Dry,Dark-Not Lighted
2021-04-06T15:15:00.000,I 285,I 285 and Bouldercrest Rd,,Rear End,3,Clear,Dry,Daylight
2021-06-19T22:52:00.000,I 285,I 285 and Bouldercrest Rd,,Not a Collision with Motor Vehicle,1,Rain,Wet,Dark-Lighted
2021-05-18T08:35:00.000,I 285,I 285 and Bouldercrest Rd,,Rear End,2,Clear,Dry,Daylight