Date and Time,Roadway (From Crash Report),Intersection Name (from Crash Report),KABCO Severity,Manner of Collision (Crash Level) ,# of Vehicles per crash ,Weather Conditions (Crash Level),Surface Condition (Crash Level) ,Light Conditions (Crash Level)
2021-06-28T18:25:00.000,I 285,I 285 and Bouldercrest Rd,,Sideswipe-Same Direction,2,Clear,Dry,Daylight
2021-08-05T14:20:00.000,I 285,I 285 and Bouldercrest Rd,,Angle Crash,3,Clear,Dry,Daylight
2021-07-24T16:20:00.000,I 285,I 285 and Bouldercrest Rd,,Angle Crash,3,Clear,Dry,Daylight
2021-09-23T09:20:00.000,I 285,I 285 and Bouldercrest Rd,,Angle Crash,2,Clear,Dry,Daylight
2021-11-09T19:00:00.000,I 285,I 285 and Bouldercrest Rd,,Sideswipe-Same Direction,2,Clear,Dry,Dusk
2021-10-23T16:16:00.000,I 285,I 285 and Bouldercrest Rd,,Rear End,2,Clear,Dry,Daylight
2021-09-22T08:00:00.000,I 285,I 285 and Bouldercrest Rd,,Rear End,2,Clear,Dry,Daylight
2021-11-19T11:11:00.000,I 285,I 285 and Bouldercrest Rd,,Sideswipe-Same Direction,2,Clear,Dry,Daylight
2021-11-08T15:46:00.000,I 285,I 285 and Bouldercrest Rd,,Sideswipe-Same Direction,4,Clear,Dry,Daylight
2021-12-13T15:30:00.000,I 285,I 285 and Bouldercrest Rd,,Sideswipe-Same Direction,2,Clear,Dry,Daylight
2021-10-20T16:28:00.000,I 285,I 285 and Bouldercrest Rd,,Rear End,2,Clear,Dry,Daylight
2021-08-12T19:23:00.000,I 285,I 285 and Bouldercrest Rd,,Rear End,3,Clear,Dry,Daylight
2021-11-29T10:05:00.000,I 285,I 285 and Bouldercrest Rd,,Not a Collision with Motor Vehicle,3,Clear,Dry,Daylight
2021-07-13T15:49:00.000,I 285,I 285 and Bouldercrest Rd,,Rear End,2,Clear,Dry,Daylight
2021-10-22T13:50:00.000,I 285,I 285 and Bouldercrest Rd,,Angle Crash,2,Clear,Dry,Daylight
2021-10-26T16:50:00.000,I 285,I 285 and Bouldercrest Rd,,Rear End,3,Clear,Dry,Daylight
2021-07-27T15:55:00.000,I 285,I 285 and Bouldercrest Rd,,Rear End,3,Clear,Dry,Daylight
2021-06-12T17:00:00.000,I 285,I 285 and Bouldercrest Rd,,Rear End,3,Clear,Dry,Daylight
2021-11-11T18:59:00.000,I 285,I 285 and Bouldercrest Rd,,Rear End,2,Clear,Dry,Dark-Lighted
2021-07-18T00:00:00.000,I 285,I 285 and Bouldercrest Rd,,Angle Crash,2,Clear,Dry,Dark-Not Lighted
2021-08-27T18:30:00.000,I 285,I 285 and Bouldercrest Rd,,Sideswipe-Same Direction,2,Clear,Dry,Daylight
2021-11-13T21:51:00.000,I 285,I 285 and Bouldercrest Rd,,Rear End,2,Clear,Dry,Dark-Not Lighted
2021-09-23T16:07:00.000,I 285,I 285 and Bouldercrest Rd,,Sideswipe-Same Direction,2,Clear,Dry,Daylight
2021-10-02T19:05:00.000,I 285,I 285 and Bouldercrest Rd,,Angle Crash,4,Clear,Dry,Daylight
2021-11-20T18:30:00.000,I 285,I 285 and Bouldercrest Rd,,Rear End,2,Clear,Dry,Dark-Not Lighted
2021-09-28T14:30:00.000,I 285,I 285 and Bouldercrest Rd,,Angle Crash,3,Clear,Dry,Daylight
2021-12-26T23:53:00.000,I 285,I 285 and Bouldercrest Rd,,Not a Collision with Motor Vehicle,1,Clear,Dry,Dark-Not Lighted
2021-11-11T16:00:00.000,I 285,I 285 and Bouldercrest Rd,,Rear End,3,Clear,Dry,Daylight
2021-12-01T16:45:00.000,I 285,I 285 and Bouldercrest Rd,,Rear End,3,Clear,Dry,Daylight
2021-09-04T03:46:00.000,I 285,I 285 and Bouldercrest Rd,,Not a Collision with Motor Vehicle,1,Clear,Dry,Dark-Not Lighted
2021-07-29T17:20:00.000,I 285,I 285 and Bouldercrest Rd,,Sideswipe-Same Direction,2,Clear,Dry,Daylight
2021-08-11T13:47:00.000,I 285,I 285 and Bouldercrest Rd,,Rear End,3,Rain,Wet,Daylight
2021-03-31T07:10:00.000,I 285,I 285 and Bouldercrest Rd,,Rear End,3,Cloudy,Dry,Daylight
2021-01-15T14:13:00.000,I 285,I 285 and Bouldercrest Rd,,Rear End,2,Clear,Dry,Daylight
2021-01-14T21:20:00.000,I 285,I 285 and Bouldercrest Rd,,Rear End,3,Clear,Dry,Dark-Not Lighted
2021-02-09T16:30:00.000,I 285,I 285 and Bouldercrest Rd,,Not a Collision with Motor Vehicle,1,Clear,Dry,Daylight
2021-03-06T23:38:00.000,I 285,I 285 and Bouldercrest Rd,,Rear End,2,Clear,Dry,Dark-Not Lighted
2021-06-19T06:20:00.000,I 285,I 285 and Bouldercrest Rd,,Rear End,2,Clear,Dry,Daylight
2021-05-20T00:00:00.000,I 285,I 285 and Bouldercrest Rd,,Sideswipe-Same Direction,2,Clear,Dry,Daylight
2021-06-24T18:03:00.000,I 285,I 285 and Bouldercrest Rd,,Rear End,3,Clear,Dry,Daylight
2021-05-06T19:45:00.000,I 285,I 285 and Bouldercrest Rd,,Rear End,2,Clear,Dry,Daylight
2021-04-28T23:10:00.000,I 285,I 285 and Bouldercrest Rd,,Not a Collision with Motor Vehicle,1,Clear,Dry,Dark-Lighted
2021-11-20T21:20:00.000,I 285,I 285 and Bouldercrest Rd,,Rear End,2,Clear,Dry,Dark-Not Lighted
2021-07-16T17:20:00.000,I 285,I 285 and Bouldercrest Rd,,Rear End,2,Cloudy,Dry,Daylight
2021-12-05T05:43:00.000,I 285,I 285 and Bouldercrest Rd,,Rear End,2,Clear,Dry,Dark-Not Lighted
2021-11-08T07:35:00.000,I 285,I 285 and Bouldercrest Rd,,Angle Crash,3,Clear,Dry,Daylight
2021-09-25T13:30:00.000,I 285,I 285 and Bouldercrest Rd,,Sideswipe-Same Direction,2,Clear,Dry,Daylight
2021-10-06T23:13:00.000,I 285,I 285 and Bouldercrest Rd,,Not a Collision with Motor Vehicle,1,Rain,Wet,Dark-Not Lighted
2021-09-12T00:27:00.000,I 285,I 285 and Bouldercrest Rd,,Angle Crash,2,Clear,Dry,Dark-Not Lighted
2021-08-15T22:44:00.000,I 285,I 285 and Bouldercrest Rd,,Not a Collision with Motor Vehicle,1,Clear,Dry,Dark-Not Lighted
2021-10-28T06:50:00.000,I 285,I 285 and Bouldercrest Rd,,Not a Collision with Motor Vehicle,1,Rain,Wet,Dark-Not Lighted
2021-10-20T15:49:00.000,I 285,I 285 and Bouldercrest Rd,,Sideswipe-Same Direction,2,Clear,Dry,Daylight
2021-10-19T16:30:00.000,I 285,I 285 and Bouldercrest Rd,,Sideswipe-Same Direction,2,Clear,Dry,Daylight
2021-10-05T16:10:00.000,I 285,I 285 and Bouldercrest Rd,,Sideswipe-Same Direction,2,Cloudy,Dry,Daylight
2021-09-23T03:47:00.000,I 285,I 285 and Bouldercrest Rd,,Rear End,2,Clear,Dry,Dark-Not Lighted
2021-12-03T20:30:00.000,I 285,I 285 and Bouldercrest Rd,,Rear End,2,Clear,Dry,Dark-Lighted
2021-10-10T16:35:00.000,I 285,I 285 and Bouldercrest Rd,,Angle Crash,2,Clear,Dry,Daylight
2021-10-10T15:15:00.000,I 285,I 285 and Bouldercrest Rd,,Rear End,2,Clear,Dry,Daylight
2021-03-08T06:19:00.000,I 285,I 285 and Bouldercrest Rd,,Rear End,2,Clear,Dry,Dawn
2021-06-18T01:16:00.000,I 285,I 285 and Bouldercrest Rd,,Angle Crash,2,Clear,Dry,Dark-Lighted
2021-03-29T15:40:00.000,I 285,I 285 and Bouldercrest Rd,,Angle Crash,4,Clear,Dry,Daylight
2021-05-12T14:27:00.000,I 285,I 285 and Bouldercrest Rd,,Rear End,2,Rain,Wet,Daylight
2021-04-05T13:25:00.000,I 285,I 285 and Bouldercrest Rd,,Rear End,2,Clear,Dry,Daylight
2021-05-14T10:30:00.000,I 285,I 285 and Bouldercrest Rd,,Sideswipe-Same Direction,2,Clear,Dry,Dark-Lighted
2021-06-21T05:35:00.000,I 285,I 285 and Bouldercrest Rd,,Not a Collision with Motor Vehicle,2,Clear,Dry,Dark-Lighted
2021-03-28T13:13:00.000,I 285,I 285 and Bouldercrest Rd,,Sideswipe-Same Direction,2,Clear,Dry,Daylight
2021-03-29T18:22:00.000,I 285,I 285 and Bouldercrest Rd,,Rear End,2,Clear,Dry,Daylight
2021-06-11T16:10:00.000,I 285,I 285 and Bouldercrest Rd,,Rear End,2,Rain,Wet,Daylight
2021-03-05T19:55:00.000,I 285,I 285 and Bouldercrest Rd,,Rear End,3,Clear,Dry,Dark-Not Lighted
2021-06-13T23:00:00.000,I 285,I 285 and Bouldercrest Rd,,Rear End,2,Clear,Dry,Dark-Not Lighted
2021-04-13T20:00:00.000,I 285,I 285 and Bouldercrest Rd,,Rear End,2,Clear,Dry,Daylight
2021-04-26T16:38:00.000,I 285,I 285 and Bouldercrest Rd,,Rear End,2,Clear,Dry,Daylight
2021-05-12T07:20:00.000,I 285,I 285 and Bouldercrest Rd,,Not a Collision with Motor Vehicle,1,Rain,Wet,Daylight
2020-09-23T13:12:00.000,I 285,I 285 and Bouldercrest Rd,,Sideswipe-Same Direction,2,Clear,Dry,Daylight
2020-10-08T11:00:00.000,I 285,I 285 and Bouldercrest Rd,,Sideswipe-Same Direction,2,Clear,Dry,Daylight
2020-09-04T15:37:00.000,I 285,I 285 and Bouldercrest Rd,,Rear End,2,Clear,Dry,Daylight
2020-03-03T00:00:00.000,I 285,I 285 and Bouldercrest Rd,,Rear End,2,Clear,Dry,Dark-Not Lighted
2020-02-23T16:00:00.000,I 285,I 285 and Bouldercrest Rd,,Not a Collision with Motor Vehicle,2,Clear,Dry,Daylight
2020-09-16T05:12:00.000,I 285,I 285 and Bouldercrest Rd,,Rear End,2,Clear,Dry,Dark-Not Lighted
2023-08-30T16:15:00.000,I 285,I 285 and Bouldercrest Rd,,Angle Crash,2,Clear,Dry,Daylight
2023-07-19T14:45:00.000,I 285,I 285 and Bouldercrest Rd,,Not a Collision with Motor Vehicle,2,Clear,Dry,Daylight
2023-02-24T15:00:00.000,I 285,I 285 and Bouldercrest Rd,,Rear End,2,Rain,Wet,Daylight
2023-07-21T08:45:00.000,I 285,I 285 and Bouldercrest Rd,,Not a Collision with Motor Vehicle,2,Clear,Dry,Daylight
2023-04-18T23:00:00.000,I 285,I 285 and Bouldercrest Rd,,Angle Crash,2,Clear,Dry,Dark-Not Lighted
2023-03-30T18:10:00.000,I 285,I 285 and Bouldercrest Rd,,Sideswipe-Same Direction,2,Clear,Dry,Daylight
2023-01-14T15:00:00.000,I 285,I 285 and Bouldercrest Rd,,Rear End,2,Clear,Dry,Daylight
2023-06-03T01:00:00.000,I 285,I 285 and Bouldercrest Rd,,Sideswipe-Same Direction,2,Clear,Dry,Dark-Lighted
2023-01-04T15:00:00.000,I 285,I 285 and Bouldercrest Rd,,Rear End,2,Clear,Dry,Daylight
2023-05-12T15:35:00.000,I 285,I 285 and Bouldercrest Rd,,Sideswipe-Same Direction,2,Clear,Dry,Daylight
2023-05-27T15:15:00.000,I 285,I 285 and Bouldercrest Rd,,Sideswipe-Same Direction,2,Clear,Dry,Daylight
2023-09-14T20:30:00.000,I 285,I 285 and Bouldercrest Rd,,Sideswipe-Same Direction,2,Clear,Wet,Dark-Lighted
2023-03-02T00:23:00.000,I 285,I 285 and Bouldercrest Rd,,Rear End,2,Clear,Dry,Dark-Not Lighted
2023-08-12T16:50:00.000,I 285,I 285 and Bouldercrest Rd,,Angle Crash,2,Rain,Wet,Daylight
2023-08-17T10:07:00.000,I 285,I 285 and Bouldercrest Rd,,Rear End,2,Clear,Dry,Daylight
2023-09-14T15:04:00.000,I 285,I 285 and Bouldercrest Rd,,Rear End,3,Rain,Wet,Daylight
2023-03-24T11:40:00.000,I 285,I 285 and Bouldercrest Rd,,Sideswipe-Same Direction,2,Clear,Dry,Daylight
2023-02-26T16:09:00.000,I 285,I 285 and Bouldercrest Rd,,Sideswipe-Same Direction,2,Clear,Dry,Daylight
2023-05-24T00:00:00.000,I 285,I 285 and Bouldercrest Rd,,Rear End,3,Clear,Dry,Daylight
2023-02-07T16:46:00.000,I 285,I 285 and Bouldercrest Rd,,Rear End,3,Clear,Dry,Daylight
2023-02-17T11:34:00.000,I 285,I 285 and Bouldercrest Rd,,Rear End,2,Cloudy,Wet,Daylight
2023-07-26T22:15:00.000,I 285,I 285 and Bouldercrest Rd,,Sideswipe-Same Direction,2,Clear,Dry,Dark-Lighted
2023-08-15T09:30:00.000,I 285,I 285 and Bouldercrest Rd,,Rear End,2,Clear,Dry,Daylight
2023-11-03T17:09:00.000,I 285,I 285 and Bouldercrest Rd,,Rear End,2,Clear,Dry,Daylight
2023-01-21T05:02:00.000,I 285,I 285 and Bouldercrest Rd,,Angle Crash,5,Clear,Dry,Dark-Not Lighted
2023-09-28T20:15:00.000,I 285,I 285 and Bouldercrest Rd,,Angle Crash,2,Clear,Dry,Dark-Not Lighted
2023-08-10T16:00:00.000,I 285,I 285 and Bouldercrest Rd,,Sideswipe-Opposite Direction,2,Clear,Dry,Daylight
2023-05-23T23:38:00.000,I 285,I 285 and Bouldercrest Rd,,Rear End,2,Clear,Dry,Dark-Not Lighted
2023-02-27T19:10:00.000,I 285,I 285 and Bouldercrest Rd,,Rear End,3,Clear,Dry,Dark-Lighted
2023-03-25T20:10:00.000,I 285,I 285 and Bouldercrest Rd,,Not a Collision with Motor Vehicle,2,Clear,Wet,Daylight
2023-12-16T17:56:00.000,I 285,I 285 and Bouldercrest Rd,,Rear End,2,Rain,Wet,Dark-Lighted
2023-10-02T14:00:00.000,I 285,I 285 and Bouldercrest Rd,,Sideswipe-Same Direction,2,Clear,Dry,Daylight
2023-01-26T17:00:00.000,I 285,I 285 and Bouldercrest Rd,,Sideswipe-Same Direction,2,Clear,Dry,Daylight
2023-05-27T19:10:00.000,I 285,I 285 and Bouldercrest Rd,,Sideswipe-Opposite Direction,2,Clear,Dry,Daylight
2023-12-25T19:30:00.000,I 285,I 285 and Bouldercrest Rd,,Rear End,2,Rain,Wet,Dark-Lighted
2023-08-25T13:47:00.000,I 285,I 285 and Bouldercrest Rd,,Angle Crash,2,Clear,Dry,Daylight
2023-07-18T13:50:00.000,I 285,I 285 and Bouldercrest Rd,,Rear End,2,Clear,Dry,Daylight
2023-12-08T20:10:00.000,I 285,I 285 and Bouldercrest Rd,,Sideswipe-Same Direction,2,Clear,Dry,Dark-Not Lighted
2023-07-22T19:40:00.000,I 285,I 285 and Bouldercrest Rd,,Sideswipe-Opposite Direction,2,Clear,Dry,Dark-Lighted
2023-12-30T15:45:00.000,I 285,I 285 and Bouldercrest Rd,,Rear End,2,Clear,Dry,Daylight
2023-08-13T05:59:00.000,I 285,I 285 and Bouldercrest Rd,,Rear End,2,Clear,Dry,Dark-Not Lighted
2023-05-29T21:07:00.000,I 285,I 285 and Bouldercrest Rd,,Angle Crash,3,Clear,Dry,Dark-Not Lighted
2023-03-23T18:27:00.000,I 285,I 285 and Bouldercrest Rd,,Rear End,2,Clear,Dry,Daylight
2023-03-06T16:28:00.000,I 285,I 285 and Bouldercrest Rd,,Angle Crash,4,Clear,Dry,Daylight
2023-08-31T02:30:00.000,I 285,I 285 and Bouldercrest Rd,,Rear End,3,Clear,Wet,Dark-Not Lighted
2023-09-14T20:10:00.000,I 285,I 285 and Bouldercrest Rd,,Rear End,2,Clear,Dry,Dark-Not Lighted
2023-04-05T17:10:00.000,I 285,I 285 and Bouldercrest Rd,,Angle Crash,2,Rain,Wet,Daylight
2023-07-09T11:50:00.000,I 285,I 285 and Bouldercrest Rd,,Sideswipe-Same Direction,2,Clear,Dry,Dark-Not Lighted
2023-06-12T09:00:00.000,I 285,I 285 and Bouldercrest Rd,,Rear End,2,Clear,Dry,Daylight
2023-04-28T18:40:00.000,I 285,I 285 and Bouldercrest Rd,,Sideswipe-Same Direction,2,Clear,Dry,Daylight
2023-06-22T17:40:00.000,I 285,I 285 and Bouldercrest Rd,,Not a Collision with Motor Vehicle,2,Clear,Dry,Daylight
2023-03-07T15:14:00.000,I 285,I 285 and Bouldercrest Rd,,Rear End,2,Clear,Dry,Daylight
2023-06-07T15:20:00.000,I 285,I 285 and Bouldercrest Rd,,Angle Crash,2,Clear,Dry,Daylight
2023-01-30T18:50:00.000,I 285,I 285 and Bouldercrest Rd,,Not a Collision with Motor Vehicle,2,Clear,Dry,Daylight
2023-04-07T04:14:00.000,I 285,I 285 and Bouldercrest Rd,,Not a Collision with Motor Vehicle,1,Other,Wet,Dark-Not Lighted
2023-06-01T18:00:00.000,I 285,I 285 and Bouldercrest Rd,,Sideswipe-Same Direction,2,Clear,Dry,Daylight
2023-05-05T23:48:00.000,I 285,I 285 and Bouldercrest Rd,,Rear End,2,Clear,Dry,Dark-Not Lighted
2023-03-15T19:10:00.000,I 285,I 285 and Bouldercrest Rd,,Rear End,2,Clear,Dry,Daylight
2023-04-04T17:00:00.000,I 285,I 285 and Bouldercrest Rd,,Angle Crash,2,Clear,Dry,Daylight
2023-11-25T17:24:00.000,I 285,I 285 and Bouldercrest Rd,,Angle Crash,2,Clear,Dry,Dark-Not Lighted
2023-12-09T04:30:00.000,I 285,I 285 and Bouldercrest Rd,,Rear End,2,Other,Other,Dark-Not Lighted
2023-04-06T13:50:00.000,I 285,I 285 and Bouldercrest Rd,,Angle Crash,2,Clear,Dry,Daylight
2023-02-25T14:30:00.000,I 285,I 285 and Bouldercrest Rd,,Rear End,2,Clear,Dry,Daylight
2023-07-27T09:48:00.000,I 285,I 285 and Bouldercrest Rd,,Angle Crash,2,Clear,Dry,Daylight
2023-10-13T14:49:00.000,I 285,I 285 and Bouldercrest Rd,,Rear End,2,Rain,Wet,Daylight
2023-03-22T16:45:00.000,I 285,I 285 and Bouldercrest Rd,,Rear End,2,Clear,Dry,Daylight
2023-10-31T21:08:00.000,I 285,I 285 and Bouldercrest Rd,,Sideswipe-Same Direction,2,Clear,Dry,Dark-Lighted
2023-09-12T16:30:00.000,I 285,I 285 and Bouldercrest Rd,,Not a Collision with Motor Vehicle,3,Cloudy,Dry,Daylight
2023-08-18T22:19:00.000,I 285,I 285 and Bouldercrest Rd,,Sideswipe-Same Direction,2,Clear,Dry,Dark-Not Lighted
2023-11-21T18:43:00.000,I 285,I 285 and Bouldercrest Rd,,Rear End,2,Rain,Wet,Dark-Lighted
2023-07-29T00:40:00.000,I 285,I 285 and Bouldercrest Rd,,Rear End,2,Clear,Dry,Dark-Not Lighted
2023-04-29T13:00:00.000,I 285,I 285 and Bouldercrest Rd,,Sideswipe-Same Direction,2,Cloudy,Dry,Daylight
2023-04-05T16:30:00.000,I 285,I 285 and Bouldercrest Rd,,Angle Crash,2,Clear,Dry,Daylight
2023-10-06T19:00:00.000,I 285,I 285 and Bouldercrest Rd,,Head On,2,Rain,Wet,Dark-Not Lighted
2023-02-13T17:00:00.000,I 285,I 285 and Bouldercrest Rd,,Rear End,3,Clear,Dry,Daylight
2023-05-04T16:00:00.000,I 285,I 285 and Bouldercrest Rd,,Rear End,2,Clear,Dry,Daylight
2023-08-18T22:35:00.000,I 285,I 285 and Bouldercrest Rd,,Rear End,2,Clear,Dry,Dark-Not Lighted
2023-08-28T14:35:00.000,I 285,I 285 and Bouldercrest Rd,,Rear End,2,Clear,Dry,Daylight
2023-06-22T18:20:00.000,I 285,I 285 and Bouldercrest Rd,,Rear End,2,Clear,Dry,Daylight
2023-09-05T16:30:00.000,I 285,I 285 and Bouldercrest Rd,,Angle Crash,2,Clear,Dry,Daylight
2023-08-18T14:50:00.000,I 285,I 285 and Bouldercrest Rd,,Angle Crash,2,Clear,Dry,Daylight
2023-08-17T05:11:00.000,I 285,I 285 and Bouldercrest Rd,,Sideswipe-Same Direction,2,Clear,Dry,Dark-Not Lighted
2023-09-10T05:35:00.000,I 285,I 285 and Bouldercrest Rd,,Angle Crash,4,Clear,Dry,Dark-Not Lighted
2023-03-07T09:00:00.000,I 285,I 285 and Bouldercrest Rd,,Rear End,2,Clear,Dry,Daylight
2023-04-23T00:12:00.000,I 285,I 285 and Bouldercrest Rd,,Rear End,2,Clear,Dry,Dark-Lighted
2023-05-05T15:30:00.000,I 285,I 285 and Bouldercrest Rd,,Rear End,2,Cloudy,Dry,Daylight
2023-07-03T14:10:00.000,I 285,I 285 and Bouldercrest Rd,,Angle Crash,3,Clear,Dry,Daylight
2023-05-14T20:28:00.000,I 285,I 285 and Bouldercrest Rd,,Sideswipe-Same Direction,2,Rain,Wet,Dark-Not Lighted
2023-04-11T15:23:00.000,I 285,I 285 and Bouldercrest Rd,,Rear End,2,Clear,Dry,Daylight
2023-11-14T19:47:00.000,I 285,I 285 and Bouldercrest Rd,,Rear End,2,Clear,Dry,Dark-Not Lighted
2023-07-18T06:30:00.000,I 285,I 285 and Bouldercrest Rd,,Not a Collision with Motor Vehicle,2,Clear,Dry,Daylight
2023-07-15T14:00:00.000,I 285,I 285 and Bouldercrest Rd,,Rear End,2,Clear,Dry,Daylight
2023-10-20T17:00:00.000,I 285,I 285 and Bouldercrest Rd,,Rear End,2,Clear,Dry,Daylight
2023-10-19T12:00:00.000,I 285,I 285 and Bouldercrest Rd,,Sideswipe-Same Direction,2,Cloudy,Dry,Daylight
2023-11-16T20:21:00.000,I 285,I 285 and Bouldercrest Rd,,Rear End,2,Clear,Dry,Daylight
2023-11-04T16:55:00.000,I 285,I 285 and Bouldercrest Rd,,Rear End,2,Clear,Dry,Daylight
2023-11-28T14:58:00.000,I 285,I 285 and Bouldercrest Rd,,Rear End,3,Clear,Dry,Daylight
2023-05-24T11:10:00.000,I 285,I 285 and Bouldercrest Rd,,Angle Crash,2,Clear,Dry,Daylight
2023-05-23T22:30:00.000,I 285,I 285 and Bouldercrest Rd,,Rear End,2,Other,Dry,Dark-Lighted
2023-02-22T17:32:00.000,I 285,I 285 and Bouldercrest Rd,,Angle Crash,2,Clear,Dry,Daylight
2023-04-19T16:05:00.000,I 285,I 285 and Bouldercrest Rd,,Sideswipe-Same Direction,2,Clear,Dry,Daylight
2023-03-29T18:00:00.000,I 285,I 285 and Bouldercrest Rd,,Rear End,2,Clear,Dry,Daylight
2023-02-24T23:29:00.000,I 285,I 285 and Bouldercrest Rd,,Angle Crash,2,Clear,Wet,Dark-Not Lighted
2023-11-21T12:20:00.000,I 285,I 285 and Bouldercrest Rd,,Rear End,2,Rain,Wet,Daylight
2023-08-14T02:50:00.000,I 285,I 285 and Bouldercrest Rd,,Sideswipe-Same Direction,2,Clear,Dry,Dark-Not Lighted
2023-10-30T21:50:00.000,I 285,I 285 and Bouldercrest Rd,,Sideswipe-Same Direction,2,Clear,Dry,Dark-Not Lighted
2023-06-04T13:00:00.000,I 285,I 285 and Bouldercrest Rd,,Sideswipe-Same Direction,2,Clear,Dry,Daylight
2023-12-20T19:00:00.000,I 285,I 285 and Bouldercrest Rd,,Sideswipe-Same Direction,2,Clear,Dry,Dark-Lighted
2023-05-24T10:11:00.000,I 285,I 285 and Bouldercrest Rd,,Rear End,2,Clear,Dry,Daylight
2023-03-25T11:20:00.000,I 285,I 285 and Bouldercrest Rd,,Rear End,4,Clear,Dry,Daylight
2023-09-18T16:20:00.000,I 285,I 285 and Bouldercrest Rd,,Sideswipe-Same Direction,2,Clear,Dry,Daylight
2023-07-27T16:37:00.000,I 285,I 285 and Bouldercrest Rd,,Rear End,2,Clear,Dry,Daylight
2023-01-16T00:15:00.000,I 285,I 285 and Bouldercrest Rd,,Sideswipe-Same Direction,2,Clear,Dry,Dark-Not Lighted
2023-03-13T17:00:00.000,I 285,I 285 and Bouldercrest Rd,,Rear End,2,Clear,Dry,Daylight
2023-02-01T01:55:00.000,I 285,I 285 and Bouldercrest Rd,,Angle Crash,2,Other,Wet,Dark-Not Lighted
2023-11-15T14:27:00.000,I 285,I 285 and Bouldercrest Rd,,Angle Crash,2,Clear,Dry,Daylight
2023-08-18T22:05:00.000,I 285,I 285 and Bouldercrest Rd,,Rear End,3,Clear,Dry,Dark-Not Lighted
2023-06-11T03:48:00.000,I 285,I 285 and Bouldercrest Rd,,Sideswipe-Same Direction,2,Clear,Dry,Dark-Not Lighted
2023-07-29T18:50:00.000,I 285,I 285 and Bouldercrest Rd,,Not a Collision with Motor Vehicle,1,Clear,Dry,Daylight
2023-10-28T19:10:00.000,I 285,I 285 and Bouldercrest Rd,,Sideswipe-Same Direction,2,Clear,Dry,Daylight
2023-01-30T16:36:00.000,I 285,I 285 and Bouldercrest Rd,,Angle Crash,3,Cloudy,Wet,Daylight
2023-02-01T19:50:00.000,I 285,I 285 and Bouldercrest Rd,,Sideswipe-Same Direction,2,Clear,Dry,Dark-Not Lighted
2023-10-06T19:45:00.000,I 285,I 285 and Bouldercrest Rd,,Rear End,2,Rain,Wet,Dark-Not Lighted
2023-11-16T16:20:00.000,I 285,I 285 and Bouldercrest Rd,,Rear End,4,Clear,Dry,Daylight
2023-02-02T21:49:00.000,I 285,I 285 and Bouldercrest Rd,,Not a Collision with Motor Vehicle,1,Rain,Wet,Dark-Lighted
2023-08-16T13:37:00.000,I 285,I 285 and Bouldercrest Rd,,Rear End,2,Clear,Dry,Daylight
2023-05-28T01:00:00.000,I 285,I 285 and Bouldercrest Rd,,Rear End,2,Clear,Dry,Dark-Not Lighted
2023-01-10T22:37:00.000,I 285,I 285 and Bouldercrest Rd,,Rear End,2,Clear,Dry,Dark-Not Lighted
2023-12-18T20:30:00.000,I 285,I 285 and Bouldercrest Rd,,Sideswipe-Same Direction,2,Clear,Dry,Dark-Lighted
2023-04-06T16:45:00.000,I 285,I 285 and Bouldercrest Rd,,Not a Collision with Motor Vehicle,1,Cloudy,Dry,Daylight
2023-01-22T05:00:00.000,I 285,I 285 and Bouldercrest Rd,,Sideswipe-Same Direction,2,Rain,Wet,Dark-Lighted
2023-12-19T18:00:00.000,I 285,I 285 and Bouldercrest Rd,,Sideswipe-Same Direction,2,Clear,Dry,Dark-Not Lighted
2023-10-25T21:00:00.000,I 285,I 285 and Bouldercrest Rd,,Not a Collision with Motor Vehicle,1,Clear,Dry,Dark-Not Lighted
2023-10-31T20:17:00.000,I 285,I 285 and Bouldercrest Rd,,Rear End,2,Clear,Dry,Dark-Not Lighted
2023-09-18T16:00:00.000,I 285,I 285 and Bouldercrest Rd,,Sideswipe-Same Direction,2,Clear,Dry,Daylight
2022-04-04T15:45:00.000,I 285,I 285 and Bouldercrest Rd,,Sideswipe-Same Direction,2,Clear,Dry,Daylight
2022-11-24T02:39:00.000,I 285,I 285 and Bouldercrest Rd,,Not a Collision with Motor Vehicle,1,Clear,Dry,Dark-Not Lighted
2022-02-27T17:49:00.000,I 285,I 285 and Bouldercrest Rd,,Sideswipe-Same Direction,2,Rain,Wet,Daylight
2022-01-26T06:30:00.000,I 285,I 285 and Bouldercrest Rd,,Rear End,2,Clear,Dry,Dark-Not Lighted
2022-07-10T23:45:00.000,I 285,I 285 and Bouldercrest Rd,,Not a Collision with Motor Vehicle,1,Clear,Dry,Dark-Lighted
2022-02-21T10:00:00.000,I 285,I 285 and Bouldercrest Rd,,Sideswipe-Same Direction,2,Cloudy,Dry,Daylight
2022-06-13T10:28:00.000,I 285,I 285 and Bouldercrest Rd,,Sideswipe-Same Direction,2,Clear,Dry,Daylight
2022-03-30T10:00:00.000,I 285,I 285 and Bouldercrest Rd,,Rear End,2,Clear,Dry,Daylight