Date and Time,Roadway (From Crash Report),Intersection Name (from Crash Report),KABCO Severity,Manner of Collision (Crash Level) ,# of Vehicles per crash ,Weather Conditions (Crash Level),Surface Condition (Crash Level) ,Light Conditions (Crash Level)
2022-04-03T00:42:00.000,I 285,I 285 and Bouldercrest Rd,,Angle Crash,2,Clear,Dry,Dark-Lighted
2022-07-31T12:25:00.000,I 285,I 285 and Bouldercrest Rd,,Sideswipe-Same Direction,2,Clear,Dry,Daylight
2022-10-06T09:15:00.000,I 285,I 285 and Bouldercrest Rd,,Sideswipe-Same Direction,2,Clear,Dry,Daylight
2022-05-10T14:57:00.000,I 285,I 285 and Bouldercrest Rd,,Angle Crash,2,Clear,Dry,Daylight
2022-12-01T15:43:00.000,I 285,I 285 and Bouldercrest Rd,,Rear End,2,Clear,Dry,Daylight
2022-08-03T17:53:00.000,I 285,I 285 and Bouldercrest Rd,,Sideswipe-Same Direction,2,Clear,Dry,Daylight
2022-10-23T15:58:00.000,I 285,I 285 and Bouldercrest Rd,,Rear End,2,Clear,Dry,Daylight
2022-10-11T20:00:00.000,I 285,I 285 and Bouldercrest Rd,,Not a Collision with Motor Vehicle,2,Clear,Dry,Dark-Not Lighted
2022-05-05T08:48:00.000,I 285,I 285 and Bouldercrest Rd,,Rear End,2,Clear,Dry,Daylight
2022-05-18T15:39:00.000,I 285,I 285 and Bouldercrest Rd,,Rear End,2,Clear,Dry,Daylight
2023-01-21T00:00:00.000,I 285,I 285 and Bouldercrest Rd,,Rear End,2,Clear,Dry,Dark-Not Lighted
2023-03-31T16:00:00.000,I 285,I 285 and Bouldercrest Rd,,Rear End,2,Clear,Dry,Daylight
2021-10-17T19:23:00.000,I 285,I 285 and Bouldercrest Rd,,Sideswipe-Same Direction,2,Clear,Dry,Dusk
2020-09-05T18:50:00.000,I 285,I 285 and Bouldercrest Rd,,Sideswipe-Same Direction,3,Clear,Dry,Daylight
2020-01-17T23:30:00.000,I 285,I 285 and Bouldercrest Rd,,Rear End,2,Clear,Dry,Dark-Not Lighted
2020-10-01T16:40:00.000,I 285,I 285 and Bouldercrest Rd,,Rear End,4,Clear,Dry,Daylight
2020-02-14T10:00:00.000,I 285,I 285 and Bouldercrest Rd,,Rear End,2,Clear,Dry,Daylight
2020-01-12T23:00:00.000,I 285,I 285 and Bouldercrest Rd,,Angle Crash,2,Clear,Dry,Dark-Lighted
2020-01-24T14:30:00.000,I 285,I 285 and Bouldercrest Rd,,Not a Collision with Motor Vehicle,1,Clear,Dry,Daylight
2020-01-03T13:42:00.000,I 285,I 285 and Bouldercrest Rd,,Rear End,2,Rain,Wet,Daylight
2020-04-24T10:30:00.000,I 285,I 285 and Bouldercrest Rd,,Not a Collision with Motor Vehicle,2,Cloudy,Dry,Daylight
2020-12-01T18:28:00.000,I 285,I 285 and Bouldercrest Rd,,Not a Collision with Motor Vehicle,3,Clear,Dry,Dark-Lighted
2020-01-29T08:47:00.000,I 285,I 285 and Bouldercrest Rd,,Not a Collision with Motor Vehicle,1,Clear,Dry,Daylight
2020-08-01T18:48:00.000,I 285,I 285 and Bouldercrest Rd,,Rear End,2,Clear,Dry,Daylight
2020-02-17T14:57:00.000,I 285,I 285 and Bouldercrest Rd,,Rear End,2,Cloudy,Dry,Daylight
2020-06-17T21:23:00.000,I 285,I 285 and Bouldercrest Rd,,Rear End,2,Clear,Dry,Dark-Lighted
2020-04-23T10:40:00.000,I 285,I 285 and Bouldercrest Rd,,Rear End,2,Clear,Dry,Daylight
2020-01-18T19:11:00.000,I 285,I 285 and Bouldercrest Rd,,Rear End,2,Rain,Wet,Dark-Lighted
2020-11-19T13:50:00.000,I 285,I 285 and Bouldercrest Rd,,Sideswipe-Same Direction,2,Clear,Dry,Daylight
2020-04-01T06:30:00.000,I 285,I 285 and Bouldercrest Rd,,Angle Crash,2,Clear,Dry,Dawn
2020-06-17T18:30:00.000,I 285,I 285 and Bouldercrest Rd,,Rear End,2,Clear,Dry,Daylight
2020-11-14T19:00:00.000,I 285,I 285 and Bouldercrest Rd,,Angle Crash,2,Clear,Dry,Dark-Lighted
2020-09-15T09:26:00.000,I 285,I 285 and Bouldercrest Rd,,Rear End,3,Clear,Wet,Daylight
2020-10-09T15:45:00.000,I 285,I 285 and Bouldercrest Rd,,Rear End,3,Cloudy,Wet,Daylight
2020-01-11T00:15:00.000,I 285,I 285 and Bouldercrest Rd,,Not a Collision with Motor Vehicle,1,Cloudy,Dry,Dark-Not Lighted
2020-04-22T17:00:00.000,I 285,I 285 and Bouldercrest Rd,,Rear End,2,Clear,Dry,Daylight
2020-01-09T11:04:00.000,I 285,I 285 and Bouldercrest Rd,,Sideswipe-Same Direction,2,Clear,Dry,Daylight
2020-01-03T16:45:00.000,I 285,I 285 and Bouldercrest Rd,,Not a Collision with Motor Vehicle,2,Rain,Wet,Daylight
2020-03-16T15:49:00.000,I 285,I 285 and Bouldercrest Rd,,Rear End,2,Cloudy,Dry,Daylight
2020-11-12T13:25:00.000,I 285,I 285 and Bouldercrest Rd,,Rear End,2,Clear,Dry,Daylight
2020-12-08T15:10:00.000,I 285,I 285 and Bouldercrest Rd,,Sideswipe-Same Direction,3,Clear,Dry,Daylight
2020-06-21T23:10:00.000,I 285,I 285 and Bouldercrest Rd,,Sideswipe-Same Direction,3,Clear,Dry,Dark-Not Lighted
2020-02-15T05:05:00.000,I 285,I 285 and Bouldercrest Rd,,Sideswipe-Same Direction,2,Clear,Dry,Dark-Lighted
2020-12-04T17:52:00.000,I 285,I 285 and Bouldercrest Rd,,Sideswipe-Same Direction,3,Cloudy,Wet,Dark-Lighted
2020-03-15T22:21:00.000,I 285,I 285 and Bouldercrest Rd,,Rear End,3,Clear,Dry,Dark-Not Lighted
2020-06-29T22:00:00.000,I 285,I 285 and Bouldercrest Rd,,Not a Collision with Motor Vehicle,1,Clear,Dry,Dark-Lighted
2020-09-02T21:11:00.000,I 285,I 285 and Bouldercrest Rd,,Angle Crash,2,Clear,Dry,Dark-Not Lighted
2020-03-07T15:04:00.000,I 285,I 285 and Bouldercrest Rd,,Rear End,2,Clear,Dry,Daylight
2020-01-21T18:07:00.000,I 285,I 285 and Bouldercrest Rd,,Rear End,3,Clear,Dry,Dusk
2020-04-27T17:37:00.000,I 285,I 285 and Bouldercrest Rd,,Sideswipe-Same Direction,2,Clear,Dry,Daylight
2020-09-11T14:10:00.000,I 285,I 285 and Bouldercrest Rd,,Angle Crash,2,Clear,Dry,Daylight
2020-10-16T03:50:00.000,I 285,I 285 and Bouldercrest Rd,,Rear End,2,Clear,Dry,Dark-Not Lighted
2020-09-15T09:32:00.000,I 285,I 285 and Bouldercrest Rd,,Rear End,2,Rain,Wet,Daylight
2020-12-07T04:04:00.000,I 285,I 285 and Bouldercrest Rd,,Rear End,2,Cloudy,Wet,Dark-Not Lighted
2020-11-16T17:10:00.000,I 285,I 285 and Bouldercrest Rd,,Rear End,2,Clear,Dry,Daylight
2020-02-06T07:42:00.000,I 285,I 285 and Bouldercrest Rd,,Rear End,3,Rain,Wet,Dawn
2020-08-12T18:30:00.000,I 285,I 285 and Bouldercrest Rd,,Angle Crash,2,Clear,Dry,Daylight
2020-09-27T18:00:00.000,I 285,I 285 and Bouldercrest Rd,,Rear End,2,Cloudy,Wet,Daylight
2020-08-28T18:00:00.000,I 285,I 285 and Bouldercrest Rd,,Sideswipe-Same Direction,2,Clear,Dry,Daylight
2020-02-29T17:30:00.000,I 285,I 285 and Bouldercrest Rd,,Angle Crash,2,Clear,Dry,Daylight
2020-03-12T21:30:00.000,I 285,I 285 and Bouldercrest Rd,,Angle Crash,2,Clear,Dry,Dark-Lighted
2020-12-08T18:30:00.000,I 285,I 285 and Bouldercrest Rd,,Angle Crash,2,Clear,Dry,Dark-Lighted
2020-01-17T23:35:00.000,I 285,I 285 and Bouldercrest Rd,,Angle Crash,2,Clear,Dry,Dark-Not Lighted
2020-07-13T17:44:00.000,I 285,I 285 and Bouldercrest Rd,,Rear End,2,Clear,Dry,Daylight
2020-12-21T20:10:00.000,I 285,I 285 and Bouldercrest Rd,,Sideswipe-Opposite Direction,2,Clear,Dry,Dark-Lighted
2020-07-19T04:50:00.000,I 285,I 285 and Bouldercrest Rd,,Sideswipe-Same Direction,2,Clear,Dry,Dark-Not Lighted
2020-10-01T14:45:00.000,I 285,I 285 and Bouldercrest Rd,,Sideswipe-Same Direction,2,Clear,Dry,Daylight
2020-05-30T10:20:00.000,I 285,I 285 and Bouldercrest Rd,,Sideswipe-Same Direction,2,Clear,Dry,Daylight
2020-10-02T17:30:00.000,I 285,I 285 and Bouldercrest Rd,,Rear End,2,Clear,Dry,Daylight
2020-02-06T09:00:00.000,I 285,I 285 and Bouldercrest Rd,,Sideswipe-Same Direction,3,Rain,Wet,Daylight
2020-01-16T10:35:00.000,I 285,I 285 and Bouldercrest Rd,,Not a Collision with Motor Vehicle,2,Clear,Wet,Daylight
2020-08-18T15:44:00.000,I 285,I 285 and Bouldercrest Rd,,Not a Collision with Motor Vehicle,1,Clear,Dry,Daylight
2020-01-28T21:23:00.000,I 285,I 285 and Bouldercrest Rd,,Not a Collision with Motor Vehicle,1,Clear,Dry,Dark-Not Lighted
2020-06-13T17:25:00.000,I 285,I 285 and Bouldercrest Rd,,Not a Collision with Motor Vehicle,1,Clear,Dry,Daylight
2020-09-12T16:45:00.000,I 285,I 285 and Bouldercrest Rd,,Angle Crash,4,Clear,Dry,Daylight
2020-02-22T15:45:00.000,I 285,I 285 and Bouldercrest Rd,,Rear End,4,Clear,Dry,Daylight
2020-05-04T00:51:00.000,I 285,I 285 and Bouldercrest Rd,,Rear End,2,Clear,Dry,Dark-Lighted
2020-02-16T20:01:00.000,I 285,I 285 and Bouldercrest Rd,,Not a Collision with Motor Vehicle,1,Clear,Wet,Dark-Lighted
2020-08-24T17:30:00.000,I 285,I 285 and Bouldercrest Rd,,Sideswipe-Same Direction,2,Cloudy,Dry,Daylight
2020-11-20T16:35:00.000,I 285,I 285 and Bouldercrest Rd,,Rear End,3,Clear,Dry,Daylight
2020-03-01T16:30:00.000,I 285,I 285 and Bouldercrest Rd,,Rear End,3,Cloudy,Dry,Daylight
2020-10-23T02:45:00.000,I 285,I 285 and Bouldercrest Rd,,Not a Collision with Motor Vehicle,4,Clear,Dry,Dark-Not Lighted
2020-02-14T08:00:00.000,I 285,I 285 and Bouldercrest Rd,,Not a Collision with Motor Vehicle,2,Clear,Dry,Daylight
2020-08-21T00:00:00.000,I 285,I 285 and Bouldercrest Rd,,Rear End,2,Rain,Wet,Daylight
2020-04-28T21:05:00.000,I 285,I 285 and Bouldercrest Rd,,Sideswipe-Same Direction,2,Clear,Dry,Daylight
2020-10-03T16:00:00.000,I 285,I 285 and Bouldercrest Rd,,Rear End,2,Clear,Dry,Daylight
2020-10-31T17:10:00.000,I 285,I 285 and Bouldercrest Rd,,Rear End,3,Clear,Dry,Daylight
2020-10-23T18:56:00.000,I 285,I 285 and Bouldercrest Rd,,Rear End,2,Clear,Dry,Dark-Lighted
2020-08-22T17:30:00.000,I 285,I 285 and Bouldercrest Rd,,Sideswipe-Same Direction,3,Clear,Dry,Daylight
2020-07-05T14:25:00.000,I 285,I 285 and Bouldercrest Rd,,Angle Crash,5,Clear,Dry,Daylight
2020-02-13T18:21:00.000,I 285,I 285 and Bouldercrest Rd,,Rear End,2,Clear,Dry,Dark-Not Lighted
2020-02-21T15:30:00.000,I 285,I 285 and Bouldercrest Rd,,Not a Collision with Motor Vehicle,1,Clear,Dry,Daylight
2020-09-03T16:20:00.000,I 285,I 285 and Bouldercrest Rd,,Rear End,2,Clear,Dry,Daylight
2020-11-16T07:30:00.000,I 285,I 285 and Bouldercrest Rd,,Sideswipe-Same Direction,2,Clear,Dry,Daylight
2020-12-09T11:53:00.000,I 285,I 285 and Bouldercrest Rd,,Rear End,2,Clear,Dry,Daylight
2020-12-22T15:30:00.000,I 285,I 285 and Bouldercrest Rd,,Rear End,2,Clear,Dry,Daylight
2020-02-12T17:00:00.000,I 285,I 285 and Bouldercrest Rd,,Rear End,2,Clear,Dry,Dark-Lighted
2020-07-13T11:07:00.000,I 285,I 285 and Bouldercrest Rd,,Sideswipe-Same Direction,2,Clear,Dry,Daylight
2020-06-25T22:05:00.000,I 285,I 285 and Bouldercrest Rd,,Sideswipe-Same Direction,2,Clear,Dry,Dark-Lighted
2020-03-30T16:30:00.000,I 285,I 285 and Bouldercrest Rd,,Sideswipe-Same Direction,2,Clear,Dry,Daylight
2020-10-24T10:29:00.000,I 285,I 285 and Bouldercrest Rd,,Rear End,2,Clear,Dry,Daylight
2020-08-29T07:23:00.000,I 285,I 285 and Bouldercrest Rd,,Not a Collision with Motor Vehicle,1,Clear,Dry,Daylight
2020-12-14T00:10:00.000,I 285,I 285 and Bouldercrest Rd,,Sideswipe-Opposite Direction,3,Cloudy,Wet,Dark-Not Lighted
2020-12-22T22:39:00.000,I 285,I 285 and Bouldercrest Rd,,Sideswipe-Same Direction,2,Clear,Dry,Dark-Not Lighted
2020-08-20T00:50:00.000,I 285,I 285 and Bouldercrest Rd,,Sideswipe-Same Direction,2,Clear,Wet,Dark-Not Lighted
2020-02-09T11:32:00.000,I 285,I 285 and Bouldercrest Rd,,Rear End,3,Clear,Dry,Daylight
2020-04-06T23:25:00.000,I 285,I 285 and Bouldercrest Rd,,Sideswipe-Same Direction,2,Clear,Dry,Dark-Lighted
2020-09-13T16:28:00.000,I 285,I 285 and Bouldercrest Rd,,Sideswipe-Same Direction,2,Clear,Dry,Daylight
2020-09-16T05:18:00.000,I 285,I 285 and Bouldercrest Rd,,Not a Collision with Motor Vehicle,1,Clear,Dry,Dark-Not Lighted
2020-11-06T04:05:00.000,I 285,I 285 and Bouldercrest Rd,,Angle Crash,2,Clear,Dry,Dark-Lighted
2020-02-02T16:00:00.000,I 285,I 285 and Bouldercrest Rd,,Rear End,2,Clear,Dry,Daylight
2020-03-26T19:38:00.000,I 285,I 285 and Bouldercrest Rd,,Not a Collision with Motor Vehicle,1,Clear,Dry,Dark-Lighted
2020-02-14T17:00:00.000,I 285,I 285 and Bouldercrest Rd,,Rear End,2,Clear,Dry,Daylight
2020-01-28T07:00:00.000,I 285,I 285 and Bouldercrest Rd,,Sideswipe-Same Direction,2,Clear,Dry,Daylight
2020-02-19T08:28:00.000,I 285,I 285 and Bouldercrest Rd,,Not a Collision with Motor Vehicle,1,Cloudy,Wet,Daylight
2020-09-25T08:10:00.000,I 285,I 285 and Bouldercrest Rd,,Rear End,2,Cloudy,Wet,Daylight
2020-07-22T12:03:00.000,I 285,I 285 and Bouldercrest Rd,,Not a Collision with Motor Vehicle,4,Clear,Dry,Daylight
2020-02-16T01:28:00.000,I 285,I 285 and Bouldercrest Rd,,Sideswipe-Same Direction,2,Clear,Dry,Dark-Not Lighted
2020-11-19T16:00:00.000,I 285,I 285 and Bouldercrest Rd,,Sideswipe-Same Direction,2,Clear,Dry,Daylight
2020-10-02T14:09:00.000,I 285,I 285 and Bouldercrest Rd,,Rear End,4,Clear,Dry,Daylight
2020-11-06T02:59:00.000,I 285,I 285 and Bouldercrest Rd,,Sideswipe-Same Direction,2,Clear,Dry,Dark-Not Lighted
2020-10-20T14:15:00.000,I 285,I 285 and Bouldercrest Rd,,Rear End,2,Clear,Dry,Daylight
2020-02-24T17:15:00.000,I 285,I 285 and Bouldercrest Rd,,Rear End,2,Rain,Wet,Daylight
2020-01-03T13:30:00.000,I 285,I 285 and Bouldercrest Rd,,Sideswipe-Same Direction,3,Cloudy,Wet,Daylight
2020-10-29T16:30:00.000,I 285,I 285 and Bouldercrest Rd,,Sideswipe-Same Direction,2,Clear,Dry,Daylight
2020-01-23T13:58:00.000,I 285,I 285 and Bouldercrest Rd,,Not a Collision with Motor Vehicle,2,Clear,Dry,Daylight
2020-03-02T18:50:00.000,I 285,I 285 and Bouldercrest Rd,,Sideswipe-Same Direction,2,Rain,Wet,Dark-Not Lighted
2020-07-10T18:00:00.000,I 285,I 285 and Bouldercrest Rd,,Sideswipe-Same Direction,2,Clear,Dry,Daylight
2020-08-07T08:33:00.000,I 285,I 285 and Bouldercrest Rd,,Sideswipe-Same Direction,2,Clear,Dry,Daylight
2020-02-22T19:33:00.000,I 285,I 285 and Bouldercrest Rd,,Rear End,2,Clear,Dry,Dark-Lighted
2020-10-25T00:05:00.000,I 285,I 285 and Bouldercrest Rd,,Rear End,2,Rain,Wet,Dark-Not Lighted
2020-09-15T20:00:00.000,I 285,I 285 and Bouldercrest Rd,,Not a Collision with Motor Vehicle,1,Clear,Dry,Daylight
2020-09-18T17:14:00.000,I 285,I 285 and Bouldercrest Rd,,Sideswipe-Same Direction,2,Clear,Dry,Daylight
2020-10-28T04:50:00.000,I 285,I 285 and Bouldercrest Rd,,Not a Collision with Motor Vehicle,1,Rain,Wet,Dark-Not Lighted
2020-10-23T15:50:00.000,I 285,I 285 and Bouldercrest Rd,,Rear End,2,Clear,Dry,Daylight
2020-12-11T12:47:00.000,I 285,I 285 and Bouldercrest Rd,,Sideswipe-Same Direction,2,Clear,Dry,Daylight
2020-05-23T08:37:00.000,I 285,I 285 and Bouldercrest Rd,,Not a Collision with Motor Vehicle,1,Clear,Dry,Dawn
2020-03-27T18:30:00.000,I 285,I 285 and Bouldercrest Rd,,Rear End,2,Clear,Dry,Daylight
2020-12-23T21:10:00.000,I 285,I 285 and Bouldercrest Rd,,Sideswipe-Same Direction,2,Clear,Dry,Dark-Lighted
2020-09-17T06:09:00.000,I 285,I 285 and Bouldercrest Rd,,Rear End,2,Rain,Wet,Dark-Not Lighted
2020-06-21T12:30:00.000,I 285,I 285 and Bouldercrest Rd,,Not a Collision with Motor Vehicle,1,Clear,Dry,Daylight
2020-02-06T16:38:00.000,I 285,I 285 and Bouldercrest Rd,,Rear End,4,Rain,Wet,Daylight
2020-04-14T16:22:00.000,I 285,I 285 and Bouldercrest Rd,,Angle Crash,2,Clear,Dry,Daylight
2020-09-01T09:35:00.000,I 285,I 285 and Bouldercrest Rd,,Not a Collision with Motor Vehicle,2,Clear,Dry,Daylight
2020-07-14T13:50:00.000,I 285,I 285 and Bouldercrest Rd,,Angle Crash,3,Clear,Dry,Daylight
2020-07-08T15:00:00.000,I 285,I 285 and Bouldercrest Rd,,Rear End,3,Cloudy,Dry,Dawn
2020-01-18T15:00:00.000,I 285,I 285 and Bouldercrest Rd,,Rear End,3,Cloudy,Wet,Daylight
2020-02-05T08:58:00.000,I 285,I 285 and Bouldercrest Rd,,Sideswipe-Same Direction,2,Clear,Dry,Daylight
2020-09-05T21:00:00.000,I 285,I 285 and Bouldercrest Rd,,Rear End,2,Clear,Dry,Dark-Lighted
2020-10-01T19:30:00.000,I 285,I 285 and Bouldercrest Rd,,Sideswipe-Same Direction,2,Clear,Dry,Dark-Lighted
2020-01-09T23:04:00.000,I 285,I 285 and Bouldercrest Rd,,Sideswipe-Same Direction,3,Clear,Dry,Dark-Not Lighted
2020-09-23T13:42:00.000,I 285,I 285 and Bouldercrest Rd,,Angle Crash,2,Clear,Dry,Daylight
2020-10-08T17:30:00.000,I 285,I 285 and Bouldercrest Rd,,Angle Crash,2,Clear,Dry,Daylight
2020-04-25T15:10:00.000,I 285,I 285 and Bouldercrest Rd,,Angle Crash,3,Clear,Dry,Daylight
2020-02-27T13:20:00.000,I 285,I 285 and Bouldercrest Rd,,Rear End,2,Clear,Dry,Daylight
2020-02-13T12:19:00.000,I 285,I 285 and Bouldercrest Rd,,Rear End,3,Cloudy,Wet,Daylight
2020-01-27T12:12:00.000,I 285,I 285 and Bouldercrest Rd,,Sideswipe-Same Direction,2,Clear,Dry,Daylight
2020-04-06T16:30:00.000,I 285,I 285 and Bouldercrest Rd,,Sideswipe-Same Direction,2,Clear,Dry,Daylight
2020-12-30T13:00:00.000,I 285,I 285 and Bouldercrest Rd,,Angle Crash,2,Clear,Dry,Daylight
2020-06-15T17:00:00.000,I 285,I 285 and Bouldercrest Rd,,Sideswipe-Same Direction,2,Rain,Wet,Daylight
2020-09-16T05:18:00.000,I 285,I 285 and Bouldercrest Rd,,Not a Collision with Motor Vehicle,1,Clear,Dry,Dark-Not Lighted
2020-12-04T16:50:00.000,I 285,I 285 and Bouldercrest Rd,,Rear End,2,Rain,Wet,Daylight
2020-02-19T05:45:00.000,I 285,I 285 and Bouldercrest Rd,,Rear End,2,Rain,Wet,Dark-Not Lighted
2020-05-29T15:18:00.000,I 285,I 285 and Bouldercrest Rd,,Rear End,2,Clear,Dry,Daylight
2020-09-08T03:30:00.000,I 285,I 285 and Bouldercrest Rd,,Angle Crash,2,Clear,Dry,Dark-Lighted
2020-01-18T12:15:00.000,I 285,I 285 and Bouldercrest Rd,,Sideswipe-Same Direction,2,Clear,Dry,Daylight
2020-08-02T04:01:00.000,I 285,I 285 and Bouldercrest Rd,,Not a Collision with Motor Vehicle,1,Clear,Dry,Dark-Not Lighted
2020-12-10T19:48:00.000,I 285,I 285 and Bouldercrest Rd,,Rear End,2,Clear,Dry,Dusk
2020-01-11T00:00:00.000,I 285,I 285 and Bouldercrest Rd,,Rear End,3,Rain,Wet,Dark-Not Lighted
2020-03-07T14:45:00.000,I 285,I 285 and Bouldercrest Rd,,Angle Crash,2,Clear,Dry,Daylight
2020-01-13T11:50:00.000,I 285,I 285 and Bouldercrest Rd,,Angle Crash,2,Rain,Wet,Dark-Lighted
2020-07-05T00:00:00.000,I 285,I 285 and Bouldercrest Rd,,Not a Collision with Motor Vehicle,1,Clear,Dry,Dark-Lighted
2020-08-08T16:00:00.000,I 285,I 285 and Bouldercrest Rd,,Rear End,2,Clear,Dry,Daylight
2020-12-14T00:30:00.000,I 285,I 285 and Bouldercrest Rd,,Sideswipe-Same Direction,2,Rain,Wet,Dark-Not Lighted
2020-07-18T14:29:00.000,I 285,I 285 and Bouldercrest Rd,,Not a Collision with Motor Vehicle,1,Clear,Dry,Daylight
2020-01-20T00:30:00.000,I 285,I 285 and Bouldercrest Rd,,Rear End,2,Clear,Dry,Dark-Lighted
2020-07-13T07:55:00.000,I 285,I 285 and Bouldercrest Rd,,Not a Collision with Motor Vehicle,2,Clear,Dry,Daylight
2020-10-01T15:30:00.000,I 285,I 285 and Bouldercrest Rd,,Sideswipe-Same Direction,2,Clear,Dry,Daylight
2020-10-11T09:30:00.000,I 285,I 285 and Bouldercrest Rd,,Sideswipe-Same Direction,2,Rain,Wet,Daylight
2020-02-09T20:40:00.000,I 285,I 285 and Bouldercrest Rd,,Sideswipe-Same Direction,2,Clear,Dry,Dark-Lighted
2020-01-01T01:15:00.000,I 285,I 285 and Bouldercrest Rd,,Rear End,4,Clear,Dry,Dark-Lighted
2020-06-05T17:59:00.000,I 285,I 285 and Bouldercrest Rd,,Not a Collision with Motor Vehicle,1,Clear,Dry,Daylight
2020-05-24T04:40:00.000,I 285,I 285 and Bouldercrest Rd,,Rear End,2,Clear,Dry,Dark-Not Lighted
2020-01-15T19:15:00.000,I 285,I 285 and Bouldercrest Rd,,Sideswipe-Same Direction,2,Clear,Dry,Dark-Lighted
2020-10-11T22:30:00.000,I 285,I 285 and Bouldercrest Rd,,Not a Collision with Motor Vehicle,1,Clear,Dry,Dark-Lighted
2020-02-12T12:18:00.000,I 285,I 285 and Bouldercrest Rd,,Sideswipe-Same Direction,2,Clear,Dry,Daylight
2020-12-09T07:51:00.000,I 285,I 285 and Bouldercrest Rd,,Rear End,2,Clear,Dry,Daylight
2020-01-08T00:08:00.000,I 285,I 285 and Bouldercrest Rd,,Sideswipe-Same Direction,2,Clear,Dry,Dark-Not Lighted
2020-01-17T19:11:00.000,I 285,I 285 and Bouldercrest Rd,,Angle Crash,4,Clear,Dry,Dark-Lighted
2021-04-15T03:45:00.000,I 285,I 285 and Bouldercrest Rd,,Rear End,2,Clear,Dry,Dark-Not Lighted
2021-03-20T14:22:00.000,I 285,I 285 and Bouldercrest Rd,,Sideswipe-Same Direction,2,Clear,Dry,Daylight
2021-04-19T21:42:00.000,I 285,I 285 and Bouldercrest Rd,,Sideswipe-Same Direction,2,Clear,Dry,Dark-Lighted
2021-04-24T18:55:00.000,I 285,I 285 and Bouldercrest Rd,,Angle Crash,2,Cloudy,Wet,Daylight
2021-05-16T21:42:00.000,I 285,I 285 and Bouldercrest Rd,,Not a Collision with Motor Vehicle,2,Clear,Dry,Dark-Not Lighted
2021-05-21T14:33:00.000,I 285,I 285 and Bouldercrest Rd,,Sideswipe-Same Direction,2,Clear,Dry,Daylight
2021-03-03T03:53:00.000,I 285,I 285 and Bouldercrest Rd,,Not a Collision with Motor Vehicle,1,Rain,Wet,Dark-Not Lighted
2021-06-30T19:10:00.000,I 285,I 285 and Bouldercrest Rd,,Angle Crash,2,Clear,Dry,Daylight
2021-04-30T15:48:00.000,I 285,I 285 and Bouldercrest Rd,,Rear End,3,Clear,Dry,Daylight
2021-06-12T01:01:00.000,I 285,I 285 and Bouldercrest Rd,,Rear End,2,Cloudy,Dry,Dark-Lighted
2021-01-03T20:00:00.000,I 285,I 285 and Bouldercrest Rd,,Sideswipe-Opposite Direction,3,Clear,Dry,Dark-Lighted
2021-05-21T17:37:00.000,I 285,I 285 and Bouldercrest Rd,,Rear End,3,Clear,Dry,Daylight
2021-05-21T14:10:00.000,I 285,I 285 and Bouldercrest Rd,,Sideswipe-Same Direction,4,Clear,Dry,Daylight
2021-03-16T22:10:00.000,I 285,I 285 and Bouldercrest Rd,,Not a Collision with Motor Vehicle,1,Cloudy,Wet,Dark-Not Lighted
2021-05-05T15:29:00.000,I 285,I 285 and Bouldercrest Rd,,Sideswipe-Same Direction,2,Clear,Dry,Daylight
2021-04-16T20:40:00.000,I 285,I 285 and Bouldercrest Rd,,Rear End,2,Clear,Dry,Dark-Lighted
2021-05-25T20:46:00.000,I 285,I 285 and Bouldercrest Rd,,Sideswipe-Same Direction,2,Clear,Dry,Dark-Not Lighted
2021-05-26T10:58:00.000,I 285,I 285 and Bouldercrest Rd,,Not a Collision with Motor Vehicle,1,Clear,Dry,Daylight
2021-02-24T16:00:00.000,I 285,I 285 and Bouldercrest Rd,,Not a Collision with Motor Vehicle,1,Clear,Dry,Daylight
2021-01-27T06:02:00.000,I 285,I 285 and Bouldercrest Rd,,Sideswipe-Same Direction,2,Rain,Wet,Dark-Not Lighted
2021-01-29T17:28:00.000,I 285,I 285 and Bouldercrest Rd,,Rear End,2,Clear,Dry,Dusk
2021-06-27T01:44:00.000,I 285,I 285 and Bouldercrest Rd,,Angle Crash,2,Clear,Dry,Dark-Lighted
2021-05-12T08:00:00.000,I 285,I 285 and Bouldercrest Rd,,Sideswipe-Same Direction,3,Rain,Wet,Daylight
2021-05-27T15:50:00.000,I 285,I 285 and Bouldercrest Rd,,Not a Collision with Motor Vehicle,2,Clear,Dry,Daylight
2021-03-26T18:44:00.000,I 285,I 285 and Bouldercrest Rd,,Rear End,2,Clear,Dry,Daylight
2021-05-19T13:10:00.000,I 285,I 285 and Bouldercrest Rd,,Sideswipe-Same Direction,2,Clear,Dry,Daylight
2021-06-25T18:10:00.000,I 285,I 285 and Bouldercrest Rd,,Rear End,2,Clear,Dry,Daylight
2021-03-24T12:34:00.000,I 285,I 285 and Bouldercrest Rd,,Sideswipe-Same Direction,3,Cloudy,Dry,Daylight