Date and Time,Roadway (From Crash Report),Intersection Name (from Crash Report),KABCO Severity,Manner of Collision (Crash Level) ,# of Vehicles per crash ,Weather Conditions (Crash Level),Surface Condition (Crash Level) ,Light Conditions (Crash Level)
2021-04-14T15:15:00.000,I 285,I 285 and Bouldercrest Rd,,Not a Collision with Motor Vehicle,2,Clear,Dry,Daylight
2021-03-28T13:14:00.000,I 285,I 285 and Bouldercrest Rd,,Sideswipe-Same Direction,2,Clear,Dry,Dark-Lighted
2021-02-05T06:30:00.000,I 285,I 285 and Bouldercrest Rd,,Angle Crash,2,Rain,Wet,Dark-Lighted
2021-05-25T21:00:00.000,I 285,I 285 and Bouldercrest Rd,,Sideswipe-Same Direction,2,Clear,Dry,Dark-Lighted
2021-04-24T09:26:00.000,I 285,I 285 and Bouldercrest Rd,,Rear End,2,Rain,Wet,Daylight
2021-06-20T13:50:00.000,I 285,I 285 and Bouldercrest Rd,,Sideswipe-Same Direction,2,Cloudy,Wet,Daylight
2021-04-03T13:13:00.000,I 285,I 285 and Bouldercrest Rd,,Rear End,2,Clear,Dry,Daylight
2021-03-13T22:00:00.000,I 285,I 285 and Bouldercrest Rd,,Rear End,2,Clear,Dry,Dark-Lighted
2021-06-26T00:15:00.000,I 285,I 285 and Bouldercrest Rd,,Angle Crash,2,Clear,Dry,Dark-Not Lighted
2021-05-21T21:00:00.000,I 285,I 285 and Bouldercrest Rd,,Angle Crash,3,Clear,Dry,Dark-Lighted
2021-03-15T14:58:00.000,I 285,I 285 and Bouldercrest Rd,,Angle Crash,2,Clear,Dry,Daylight
2021-04-22T10:10:00.000,I 285,I 285 and Bouldercrest Rd,,Not a Collision with Motor Vehicle,1,Clear,Dry,Daylight
2021-04-30T22:52:00.000,I 285,I 285 and Bouldercrest Rd,,Angle Crash,2,Clear,Dry,Dark-Not Lighted
2021-01-04T16:15:00.000,I 285,I 285 and Bouldercrest Rd,,Rear End,2,Clear,Dry,Daylight
2021-04-03T15:02:00.000,I 285,I 285 and Bouldercrest Rd,,Angle Crash,2,Clear,Dry,Daylight
2021-08-06T00:00:00.000,I 285,I 285 and Bouldercrest Rd,,Rear End,3,Clear,Dry,Daylight
2021-08-15T19:00:00.000,I 285,I 285 and Bouldercrest Rd,,Not a Collision with Motor Vehicle,2,Clear,Dry,Daylight
2021-07-10T01:12:00.000,I 285,I 285 and Bouldercrest Rd,,Rear End,2,Clear,Dry,Dark-Not Lighted
2021-11-29T19:17:00.000,I 285,I 285 and Bouldercrest Rd,,Rear End,2,Clear,Dry,Daylight
2021-12-02T16:30:00.000,I 285,I 285 and Bouldercrest Rd,,Rear End,2,Clear,Dry,Daylight
2021-12-30T17:24:00.000,I 285,I 285 and Bouldercrest Rd,,Sideswipe-Same Direction,2,Cloudy,Wet,Daylight
2021-12-15T19:20:00.000,I 285,I 285 and Bouldercrest Rd,,Rear End,4,Clear,Dry,Dark-Not Lighted
2021-12-15T23:19:00.000,I 285,I 285 and Bouldercrest Rd,,Sideswipe-Same Direction,2,Clear,Dry,Daylight
2021-11-17T19:30:00.000,I 285,I 285 and Bouldercrest Rd,,Rear End,2,Clear,Dry,Dark-Not Lighted
2021-12-03T16:00:00.000,I 285,I 285 and Bouldercrest Rd,,Rear End,4,Clear,Dry,Daylight
2021-07-15T16:40:00.000,I 285,I 285 and Bouldercrest Rd,,Sideswipe-Same Direction,2,Clear,Dry,Daylight
2021-07-13T15:30:00.000,I 285,I 285 and Bouldercrest Rd,,Angle Crash,2,Clear,Dry,Daylight
2021-12-08T17:32:00.000,I 285,I 285 and Bouldercrest Rd,,Rear End,3,Clear,Dry,Dark-Lighted
2021-10-26T18:07:00.000,I 285,I 285 and Bouldercrest Rd,,Rear End,5,Clear,Dry,Daylight
2021-11-02T20:10:00.000,I 285,I 285 and Bouldercrest Rd,,Sideswipe-Same Direction,2,Clear,Dry,Dark-Lighted
2021-07-23T16:30:00.000,I 285,I 285 and Bouldercrest Rd,,Rear End,2,Cloudy,Dry,Daylight
2021-07-24T14:11:00.000,I 285,I 285 and Bouldercrest Rd,,Angle Crash,2,Clear,Dry,Daylight
2021-10-23T17:46:00.000,I 285,I 285 and Bouldercrest Rd,,Rear End,2,Clear,Dry,Daylight
2021-12-22T19:00:00.000,I 285,I 285 and Bouldercrest Rd,,Rear End,5,Clear,Dry,Dark-Not Lighted
2021-07-15T16:14:00.000,I 285,I 285 and Bouldercrest Rd,,Sideswipe-Same Direction,2,Clear,Dry,Daylight
2021-09-10T17:30:00.000,I 285,I 285 and Bouldercrest Rd,,Rear End,2,Clear,Dry,Daylight
2021-10-20T20:10:00.000,I 285,I 285 and Bouldercrest Rd,,Not a Collision with Motor Vehicle,1,Clear,Dry,Dark-Not Lighted
2021-08-03T19:00:00.000,I 285,I 285 and Bouldercrest Rd,,Rear End,2,Rain,Wet,Daylight
2021-11-29T13:20:00.000,I 285,I 285 and Bouldercrest Rd,,Rear End,3,Clear,Dry,Daylight
2021-08-12T21:37:00.000,I 285,I 285 and Bouldercrest Rd,,Angle Crash,2,Clear,Dry,Dark-Lighted
2021-07-26T00:20:00.000,I 285,I 285 and Bouldercrest Rd,,Angle Crash,3,Clear,Dry,Dark-Lighted
2021-09-23T04:00:00.000,I 285,I 285 and Bouldercrest Rd,,Rear End,2,Clear,Dry,Dark-Not Lighted
2021-08-03T09:15:00.000,I 285,I 285 and Bouldercrest Rd,,Rear End,2,Clear,Dry,Daylight
2021-09-04T00:12:00.000,I 285,I 285 and Bouldercrest Rd,,Angle Crash,2,Clear,Dry,Dark-Lighted
2021-11-01T10:00:00.000,I 285,I 285 and Bouldercrest Rd,,Rear End,2,Clear,Dry,Daylight
2021-12-02T15:33:00.000,I 285,I 285 and Bouldercrest Rd,,Rear End,2,Clear,Dry,Daylight
2021-11-13T18:08:00.000,I 285,I 285 and Bouldercrest Rd,,Rear End,2,Clear,Dry,Dark-Not Lighted
2021-09-03T15:20:00.000,I 285,I 285 and Bouldercrest Rd,,Rear End,2,Clear,Dry,Daylight
2021-08-23T19:30:00.000,I 285,I 285 and Bouldercrest Rd,,Angle Crash,2,Clear,Dry,Daylight
2021-11-21T14:00:00.000,I 285,I 285 and Bouldercrest Rd,,Rear End,2,Clear,Dry,Daylight
2021-10-16T15:32:00.000,I 285,I 285 and Bouldercrest Rd,,Rear End,2,Clear,Dry,Daylight
2021-10-23T19:32:00.000,I 285,I 285 and Bouldercrest Rd,,Sideswipe-Same Direction,2,Clear,Dry,Dark-Lighted
2021-09-26T15:00:00.000,I 285,I 285 and Bouldercrest Rd,,Rear End,2,Clear,Dry,Daylight
2021-09-15T09:25:00.000,I 285,I 285 and Bouldercrest Rd,,Not a Collision with Motor Vehicle,1,Cloudy,Dry,Daylight
2021-07-24T14:20:00.000,I 285,I 285 and Bouldercrest Rd,,Angle Crash,2,Clear,Dry,Daylight
2021-11-12T19:00:00.000,I 285,I 285 and Bouldercrest Rd,,Angle Crash,2,Clear,Dry,Dark-Lighted
2021-11-23T16:30:00.000,I 285,I 285 and Bouldercrest Rd,,Rear End,3,Clear,Dry,Daylight
2021-08-04T16:05:00.000,I 285,I 285 and Bouldercrest Rd,,Rear End,3,Clear,Dry,Daylight
2021-11-21T14:00:00.000,I 285,I 285 and Bouldercrest Rd,,Rear End,2,Clear,Dry,Daylight
2021-09-28T10:28:00.000,I 285,I 285 and Bouldercrest Rd,,Sideswipe-Opposite Direction,3,Clear,Dry,Daylight
2021-11-15T03:15:00.000,I 285,I 285 and Bouldercrest Rd,,Rear End,2,Clear,Dry,Dark-Not Lighted
2021-08-09T10:08:00.000,I 285,I 285 and Bouldercrest Rd,,Sideswipe-Same Direction,2,Clear,Dry,Daylight
2021-08-08T13:50:00.000,I 285,I 285 and Bouldercrest Rd,,Angle Crash,2,Clear,Dry,Daylight
2021-09-14T23:30:00.000,I 285,I 285 and Bouldercrest Rd,,Rear End,2,Clear,Dry,Dark-Not Lighted
2021-11-27T11:35:00.000,I 285,I 285 and Bouldercrest Rd,,Rear End,2,Clear,Dry,Daylight
2021-11-23T14:40:00.000,I 285,I 285 and Bouldercrest Rd,,Rear End,3,Clear,Dry,Daylight
2022-02-14T17:14:00.000,I 285,I 285 and Bouldercrest Rd,,Rear End,4,Clear,Dry,Daylight
2022-02-23T06:45:00.000,I 285,I 285 and Bouldercrest Rd,,Sideswipe-Same Direction,2,Cloudy,Dry,Daylight
2022-01-29T10:00:00.000,I 285,I 285 and Bouldercrest Rd,,Sideswipe-Same Direction,2,Clear,Dry,Daylight
2022-11-30T03:50:00.000,I 285,I 285 and Bouldercrest Rd,,Angle Crash,2,Rain,Wet,Dark-Not Lighted
2022-06-26T04:25:00.000,I 285,I 285 and Bouldercrest Rd,,Angle Crash,2,Clear,Dry,Dark-Not Lighted
2022-02-18T20:30:00.000,I 285,I 285 and Bouldercrest Rd,,Rear End,2,Clear,Dry,Dark-Not Lighted
2022-04-29T16:34:00.000,I 285,I 285 and Bouldercrest Rd,,Rear End,2,Clear,Dry,Daylight
2022-10-24T07:21:00.000,I 285,I 285 and Bouldercrest Rd,,Sideswipe-Same Direction,2,Clear,Dry,Dark-Not Lighted
2022-11-29T18:13:00.000,I 285,I 285 and Bouldercrest Rd,,Rear End,2,Rain,Wet,Dark-Lighted
2022-04-19T16:00:00.000,I 285,I 285 and Bouldercrest Rd,,Sideswipe-Same Direction,2,Clear,Dry,Daylight
2022-04-05T13:30:00.000,I 285,I 285 and Bouldercrest Rd,,Sideswipe-Same Direction,2,Rain,Wet,Daylight
2022-01-13T22:00:00.000,I 285,I 285 and Bouldercrest Rd,,Not a Collision with Motor Vehicle,2,Clear,Dry,Dark-Lighted
2022-04-02T22:30:00.000,I 285,I 285 and Bouldercrest Rd,,Not a Collision with Motor Vehicle,1,Clear,Dry,Dark-Lighted
2022-02-18T00:00:00.000,I 285,I 285 and Bouldercrest Rd,,Not a Collision with Motor Vehicle,1,Rain,Wet,Dark-Lighted
2021-12-17T06:55:00.000,I 285,I 285 and Bouldercrest Rd,,Sideswipe-Same Direction,2,Clear,Dry,Dark-Lighted
2021-07-17T00:55:00.000,I 285,I 285 and Bouldercrest Rd,,Rear End,2,Clear,Dry,Dark-Not Lighted
2021-10-15T16:00:00.000,I 285,I 285 and Bouldercrest Rd,,Sideswipe-Same Direction,2,Clear,Dry,Daylight
2021-11-25T02:33:00.000,I 285,I 285 and Bouldercrest Rd,,Not a Collision with Motor Vehicle,1,Clear,Dry,Dark-Not Lighted
2021-07-26T00:28:00.000,I 285,I 285 and Bouldercrest Rd,,Rear End,2,Clear,Dry,Dark-Not Lighted
2021-11-29T21:15:00.000,I 285,I 285 and Bouldercrest Rd,,Sideswipe-Same Direction,2,Clear,Dry,Dark-Not Lighted
2021-11-24T18:30:00.000,I 285,I 285 and Bouldercrest Rd,,Sideswipe-Same Direction,3,Clear,Dry,Dark-Lighted
2021-11-20T21:24:00.000,I 285,I 285 and Bouldercrest Rd,,Rear End,2,Clear,Dry,Dark-Lighted
2021-10-07T18:50:00.000,I 285,I 285 and Bouldercrest Rd,,Sideswipe-Same Direction,2,Cloudy,Dry,Daylight
2021-07-30T13:29:00.000,I 285,I 285 and Bouldercrest Rd,,Not a Collision with Motor Vehicle,1,Clear,Dry,Daylight
2022-04-15T18:15:00.000,I 285,I 285 and Bouldercrest Rd,,Rear End,2,Clear,Dry,Daylight
2022-12-05T10:30:00.000,I 285,I 285 and Bouldercrest Rd,,Rear End,2,Cloudy,Wet,Daylight
2022-08-08T08:45:00.000,I 285,I 285 and Bouldercrest Rd,,Rear End,2,Clear,Dry,Daylight
2022-04-10T23:35:00.000,I 285,I 285 and Bouldercrest Rd,,Sideswipe-Same Direction,2,Clear,Dry,Dark-Not Lighted
2022-03-10T17:45:00.000,I 285,I 285 and Bouldercrest Rd,,Rear End,2,Clear,Dry,Daylight
2022-08-01T23:31:00.000,I 285,I 285 and Bouldercrest Rd,,Rear End,2,Clear,Dry,Dawn
2022-05-07T00:00:00.000,I 285,I 285 and Bouldercrest Rd,,Rear End,2,Clear,Dry,Daylight
2022-05-03T18:15:00.000,I 285,I 285 and Bouldercrest Rd,,Rear End,2,Clear,Dry,Daylight
2022-01-05T17:00:00.000,I 285,I 285 and Bouldercrest Rd,,Rear End,6,Clear,Dry,Daylight
2022-04-28T17:17:00.000,I 285,I 285 and Bouldercrest Rd,,Sideswipe-Same Direction,2,Clear,Dry,Daylight
2022-12-16T19:10:00.000,I 285,I 285 and Bouldercrest Rd,,Sideswipe-Same Direction,3,Clear,Dry,Dark-Not Lighted
2022-12-15T18:25:00.000,I 285,I 285 and Bouldercrest Rd,,Sideswipe-Same Direction,2,Clear,Dry,Dark-Not Lighted
2022-10-11T15:40:00.000,I 285,I 285 and Bouldercrest Rd,,Rear End,2,Clear,Dry,Daylight
2022-08-29T14:35:00.000,I 285,I 285 and Bouldercrest Rd,,Rear End,2,Clear,Dry,Daylight
2022-07-03T16:10:00.000,I 285,I 285 and Bouldercrest Rd,,Sideswipe-Same Direction,2,Clear,Dry,Daylight
2022-11-14T11:31:00.000,I 285,I 285 and Bouldercrest Rd,,Angle Crash,2,Clear,Dry,Daylight
2022-04-25T04:38:00.000,I 285,I 285 and Bouldercrest Rd,,Sideswipe-Same Direction,2,Clear,Dry,Dark-Not Lighted
2022-03-06T03:30:00.000,I 285,I 285 and Bouldercrest Rd,,Not a Collision with Motor Vehicle,1,Clear,Dry,Dark-Not Lighted
2022-10-09T05:47:00.000,I 285,I 285 and Bouldercrest Rd,,Sideswipe-Same Direction,3,Clear,Dry,Dark-Lighted
2022-12-07T22:20:00.000,I 285,I 285 and Bouldercrest Rd,,Not a Collision with Motor Vehicle,3,Rain,Wet,Dark-Not Lighted
2022-10-07T04:14:00.000,I 285,I 285 and Bouldercrest Rd,,Sideswipe-Same Direction,3,Clear,Dry,Dark-Lighted
2022-12-03T13:23:00.000,I 285,I 285 and Bouldercrest Rd,,Rear End,3,Cloudy,Wet,Daylight
2022-12-22T16:50:00.000,I 285,I 285 and Bouldercrest Rd,,Angle Crash,2,Rain,Wet,Daylight
2022-01-05T00:00:00.000,I 285,I 285 and Bouldercrest Rd,,Not a Collision with Motor Vehicle,1,Clear,Dry,Dark-Not Lighted
2022-12-21T13:45:00.000,I 285,I 285 and Bouldercrest Rd,,Sideswipe-Same Direction,2,Clear,Dry,Daylight
2022-10-25T10:15:00.000,I 285,I 285 and Bouldercrest Rd,,Angle Crash,2,Clear,Dry,Daylight
2022-09-28T00:00:00.000,I 285,I 285 and Bouldercrest Rd,,Not a Collision with Motor Vehicle,1,Clear,Dry,Dark-Not Lighted
2022-09-08T05:30:00.000,I 285,I 285 and Bouldercrest Rd,,Not a Collision with Motor Vehicle,1,Clear,Dry,Dark-Not Lighted
2022-09-02T23:47:00.000,I 285,I 285 and Bouldercrest Rd,,Rear End,2,Clear,Dry,Dark-Not Lighted
2022-06-25T15:40:00.000,I 285,I 285 and Bouldercrest Rd,,Rear End,2,Clear,Dry,Daylight
2022-06-16T14:50:00.000,I 285,I 285 and Bouldercrest Rd,,Rear End,2,Clear,Dry,Daylight
2022-07-24T00:00:00.000,I 285,I 285 and Bouldercrest Rd,,Sideswipe-Same Direction,2,Clear,Dry,Dark-Lighted
2022-06-17T16:10:00.000,I 285,I 285 and Bouldercrest Rd,,Rear End,4,Clear,Dry,Daylight
2022-01-28T18:00:00.000,I 285,I 285 and Bouldercrest Rd,,Rear End,2,Clear,Dry,Daylight
2022-06-22T09:50:00.000,I 285,I 285 and Bouldercrest Rd,,Rear End,2,Clear,Dry,Daylight
2022-08-26T16:15:00.000,I 285,I 285 and Bouldercrest Rd,,Angle Crash,2,Clear,Dry,Daylight
2022-11-10T21:45:00.000,I 285,I 285 and Bouldercrest Rd,,Sideswipe-Same Direction,2,Rain,Wet,Dark-Not Lighted
2022-05-18T20:45:00.000,I 285,I 285 and Bouldercrest Rd,,Head On,2,Clear,Dry,Dark-Not Lighted
2022-04-17T15:20:00.000,I 285,I 285 and Bouldercrest Rd,,Sideswipe-Same Direction,2,Cloudy,Dry,Daylight
2022-04-26T19:45:00.000,I 285,I 285 and Bouldercrest Rd,,Sideswipe-Same Direction,2,Clear,Dry,Daylight
2022-12-08T16:05:00.000,I 285,I 285 and Bouldercrest Rd,,Not a Collision with Motor Vehicle,1,Clear,Dry,Daylight
2022-06-08T12:30:00.000,I 285,I 285 and Bouldercrest Rd,,Rear End,2,Clear,Dry,Daylight
2022-12-17T14:20:00.000,I 285,I 285 and Bouldercrest Rd,,Not a Collision with Motor Vehicle,3,Clear,Dry,Daylight
2022-07-30T17:00:00.000,I 285,I 285 and Bouldercrest Rd,,Angle Crash,2,Clear,Dry,Daylight
2022-05-08T14:47:00.000,I 285,I 285 and Bouldercrest Rd,,Rear End,3,Clear,Dry,Daylight
2022-11-18T14:20:00.000,I 285,I 285 and Bouldercrest Rd,,Rear End,2,Clear,Dry,Daylight
2022-09-03T00:01:00.000,I 285,I 285 and Bouldercrest Rd,,Rear End,2,Clear,Dry,Dark-Not Lighted
2022-12-12T15:45:00.000,I 285,I 285 and Bouldercrest Rd,,Rear End,2,Clear,Dry,Daylight
2022-07-03T18:00:00.000,I 285,I 285 and Bouldercrest Rd,,Sideswipe-Same Direction,2,Rain,Wet,Daylight
2022-03-04T17:06:00.000,I 285,I 285 and Bouldercrest Rd,,Rear End,2,Clear,Dry,Daylight
2022-09-06T12:23:00.000,I 285,I 285 and Bouldercrest Rd,,Rear End,2,Clear,Dry,Daylight
2022-04-02T17:58:00.000,I 285,I 285 and Bouldercrest Rd,,Rear End,2,Clear,Dry,Daylight
2022-03-04T16:15:00.000,I 285,I 285 and Bouldercrest Rd,,Sideswipe-Same Direction,2,Clear,Dry,Daylight
2022-05-24T12:01:00.000,I 285,I 285 and Bouldercrest Rd,,Angle Crash,2,Clear,Dry,Daylight
2022-03-30T10:00:00.000,I 285,I 285 and Bouldercrest Rd,,Sideswipe-Same Direction,2,Clear,Dry,Daylight
2022-07-30T20:42:00.000,I 285,I 285 and Bouldercrest Rd,,Sideswipe-Same Direction,2,Clear,Wet,Dark-Lighted
2022-03-08T20:20:00.000,I 285,I 285 and Bouldercrest Rd,,Angle Crash,3,Clear,Wet,Dark-Not Lighted
2021-07-10T19:30:00.000,I 285,I 285 and Bouldercrest Rd,,Angle Crash,3,Clear,Wet,Daylight
2021-09-03T22:30:00.000,I 285,I 285 and Bouldercrest Rd,,Sideswipe-Same Direction,3,Clear,Dry,Dark-Not Lighted
2021-10-15T14:25:00.000,I 285,I 285 and Bouldercrest Rd,,Rear End,2,Clear,Dry,Daylight
2021-12-22T19:00:00.000,I 285,I 285 and Bouldercrest Rd,,Rear End,2,Clear,Dry,Dark-Not Lighted
2021-09-12T08:30:00.000,I 285,I 285 and Bouldercrest Rd,,Angle Crash,3,Clear,Dry,Daylight
2021-10-27T15:40:00.000,I 285,I 285 and Bouldercrest Rd,,Rear End,2,Clear,Dry,Daylight
2021-12-21T00:00:00.000,I 285,I 285 and Bouldercrest Rd,,Rear End,2,Cloudy,Dry,Daylight
2021-12-03T17:00:00.000,I 285,I 285 and Bouldercrest Rd,,Sideswipe-Same Direction,2,Clear,Dry,Daylight
2021-11-29T18:25:00.000,I 285,I 285 and Bouldercrest Rd,,Rear End,2,Clear,Dry,Dark-Lighted
2021-11-18T19:15:00.000,I 285,I 285 and Bouldercrest Rd,,Rear End,2,Clear,Dry,Dark-Lighted
2021-08-04T00:00:00.000,I 285,I 285 and Bouldercrest Rd,,Not a Collision with Motor Vehicle,1,Cloudy,Dry,Dark-Not Lighted
2022-05-23T08:20:00.000,I 285,I 285 and Bouldercrest Rd,,Angle Crash,2,Rain,Wet,Daylight
2022-09-01T00:22:00.000,I 285,I 285 and Bouldercrest Rd,,Sideswipe-Same Direction,2,Clear,Dry,Dark-Not Lighted
2022-12-24T03:28:00.000,I 285,I 285 and Bouldercrest Rd,,Rear End,2,Clear,Ice/Frost,Dark-Lighted
2022-06-20T00:00:00.000,I 285,I 285 and Bouldercrest Rd,,Rear End,2,Clear,Dry,Daylight
2022-12-07T22:54:00.000,I 285,I 285 and Bouldercrest Rd,,Rear End,2,Cloudy,Wet,Dark-Not Lighted
2022-11-27T17:20:00.000,I 285,I 285 and Bouldercrest Rd,,Rear End,2,Clear,Dry,Daylight
2022-05-04T08:02:00.000,I 285,I 285 and Bouldercrest Rd,,Sideswipe-Same Direction,2,Clear,Dry,Daylight
2022-04-01T19:25:00.000,I 285,I 285 and Bouldercrest Rd,,Rear End,2,Clear,Dry,Daylight
2022-02-06T03:40:00.000,I 285,I 285 and Bouldercrest Rd,,Not a Collision with Motor Vehicle,1,Clear,Dry,Dark-Not Lighted
2022-12-09T15:08:00.000,I 285,I 285 and Bouldercrest Rd,,Rear End,2,Rain,Wet,Daylight
2022-03-13T01:26:00.000,I 285,I 285 and Bouldercrest Rd,,Rear End,2,Clear,Dry,Dark-Not Lighted
2022-06-05T12:30:00.000,I 285,I 285 and Bouldercrest Rd,,Rear End,3,Cloudy,Dry,Daylight
2022-03-31T12:23:00.000,I 285,I 285 and Bouldercrest Rd,,Not a Collision with Motor Vehicle,2,Clear,Dry,Daylight
2022-02-28T14:56:00.000,I 285,I 285 and Bouldercrest Rd,,Rear End,2,Clear,Dry,Daylight
2022-08-13T15:24:00.000,I 285,I 285 and Bouldercrest Rd,,Rear End,2,Clear,Dry,Daylight
2022-09-01T16:04:00.000,I 285,I 285 and Bouldercrest Rd,,Rear End,4,Clear,Dry,Daylight
2022-10-11T18:00:00.000,I 285,I 285 and Bouldercrest Rd,,Rear End,2,Clear,Dry,Daylight
2022-11-22T20:30:00.000,I 285,I 285 and Bouldercrest Rd,,Angle Crash,2,Clear,Dry,Dark-Not Lighted
2022-03-25T17:48:00.000,I 285,I 285 and Bouldercrest Rd,,Rear End,3,Clear,Dry,Daylight
2022-10-17T13:00:00.000,I 285,I 285 and Bouldercrest Rd,,Sideswipe-Opposite Direction,3,Clear,Dry,Daylight
2022-08-01T14:20:00.000,I 285,I 285 and Bouldercrest Rd,,Rear End,3,Cloudy,Dry,Daylight
2022-06-28T08:25:00.000,I 285,I 285 and Bouldercrest Rd,,Not a Collision with Motor Vehicle,2,Clear,Dry,Daylight
2022-04-09T16:00:00.000,I 285,I 285 and Bouldercrest Rd,,Sideswipe-Same Direction,2,Clear,Dry,Daylight
2022-10-26T06:05:00.000,I 285,I 285 and Bouldercrest Rd,,Angle Crash,2,Clear,Wet,Dark-Lighted
2022-03-01T13:50:00.000,I 285,I 285 and Bouldercrest Rd,,Not a Collision with Motor Vehicle,1,Clear,Dry,Daylight
2022-04-12T18:22:00.000,I 285,I 285 and Bouldercrest Rd,,Rear End,2,Clear,Dry,Daylight
2022-11-26T03:33:00.000,I 285,I 285 and Bouldercrest Rd,,Sideswipe-Same Direction,2,Clear,Dry,Dark-Not Lighted
2022-02-28T16:15:00.000,I 285,I 285 and Bouldercrest Rd,,Rear End,3,Clear,Dry,Daylight
2022-09-28T17:16:00.000,I 285,I 285 and Bouldercrest Rd,,Angle Crash,2,Clear,Dry,Daylight
2022-11-08T11:20:00.000,I 285,I 285 and Bouldercrest Rd,,Sideswipe-Same Direction,2,Clear,Dry,Dark-Not Lighted
2022-10-20T18:36:00.000,I 285,I 285 and Bouldercrest Rd,,Rear End,2,Clear,Dry,Daylight
2022-09-05T06:38:00.000,I 285,I 285 and Bouldercrest Rd,,Angle Crash,2,Rain,Wet,Dark-Lighted
2022-08-29T17:15:00.000,I 285,I 285 and Bouldercrest Rd,,Angle Crash,2,Clear,Dry,Daylight
2022-11-02T16:32:00.000,I 285,I 285 and Bouldercrest Rd,,Rear End,2,Clear,Dry,Daylight
2022-06-06T16:00:00.000,I 285,I 285 and Bouldercrest Rd,,Rear End,2,Clear,Wet,Daylight
2022-11-26T19:45:00.000,I 285,I 285 and Bouldercrest Rd,,Sideswipe-Same Direction,2,Clear,Dry,Dark-Lighted
2022-09-24T17:00:00.000,I 285,I 285 and Bouldercrest Rd,,Rear End,2,Clear,Dry,Daylight
2022-03-25T18:45:00.000,I 285,I 285 and Bouldercrest Rd,,Not a Collision with Motor Vehicle,2,Clear,Dry,Daylight
2022-07-15T15:10:00.000,I 285,I 285 and Bouldercrest Rd,,Rear End,5,Clear,Dry,Daylight
2022-05-14T10:44:00.000,I 285,I 285 and Bouldercrest Rd,,Rear End,2,Clear,Dry,Daylight
2022-08-19T04:52:00.000,I 285,I 285 and Bouldercrest Rd,,Sideswipe-Same Direction,2,Clear,Dry,Dark-Not Lighted
2022-01-03T17:00:00.000,I 285,I 285 and Bouldercrest Rd,,Sideswipe-Same Direction,2,Clear,Dry,Daylight
2022-12-05T13:43:00.000,I 285,I 285 and Bouldercrest Rd,,Angle Crash,3,Rain,Wet,Daylight
2022-05-30T12:00:00.000,I 285,I 285 and Bouldercrest Rd,,Angle Crash,2,Clear,Dry,Daylight
2022-11-07T14:59:00.000,I 285,I 285 and Bouldercrest Rd,,Not a Collision with Motor Vehicle,1,Clear,Dry,Daylight
2022-08-26T11:35:00.000,I 285,I 285 and Bouldercrest Rd,,Not a Collision with Motor Vehicle,2,Clear,Dry,Daylight
2022-10-29T15:37:00.000,I 285,I 285 and Bouldercrest Rd,,Rear End,2,Clear,Dry,Daylight
2022-04-10T23:09:00.000,I 285,I 285 and Bouldercrest Rd,,Angle Crash,2,Clear,Dry,Dark-Lighted
2022-06-09T00:36:00.000,I 285,I 285 and Bouldercrest Rd,,Angle Crash,2,Rain,Wet,Dark-Not Lighted
2022-08-13T18:54:00.000,I 285,I 285 and Bouldercrest Rd,,Sideswipe-Same Direction,2,Clear,Dry,Daylight
2022-10-15T16:44:00.000,I 285,I 285 and Bouldercrest Rd,,Not a Collision with Motor Vehicle,1,Clear,Dry,Daylight
2022-03-06T19:00:00.000,I 285,I 285 and Bouldercrest Rd,,Sideswipe-Same Direction,4,Clear,Dry,Dark-Not Lighted
2022-11-30T02:45:00.000,I 285,I 285 and Bouldercrest Rd,,Head On,2,Rain,Wet,Dark-Not Lighted
2022-11-08T05:30:00.000,I 285,I 285 and Bouldercrest Rd,,Not a Collision with Motor Vehicle,1,Clear,Dry,Dark-Not Lighted
2022-05-13T16:18:00.000,I 285,I 285 and Bouldercrest Rd,,Rear End,2,Clear,Dry,Daylight
2022-06-11T16:30:00.000,I 285,I 285 and Bouldercrest Rd,,Sideswipe-Opposite Direction,2,Clear,Dry,Daylight
2022-01-05T06:00:00.000,I 285,I 285 and Bouldercrest Rd,,Not a Collision with Motor Vehicle,1,Clear,Dry,Dark-Lighted
2022-06-23T18:13:00.000,I 285,I 285 and Bouldercrest Rd,,Rear End,2,Clear,Dry,Daylight
2022-10-07T17:24:00.000,I 285,I 285 and Bouldercrest Rd,,Rear End,2,Clear,Dry,Daylight
2022-03-14T08:25:00.000,I 285,I 285 and Bouldercrest Rd,,Not a Collision with Motor Vehicle,1,Clear,Dry,Daylight
2022-02-06T03:45:00.000,I 285,I 285 and Bouldercrest Rd,,Rear End,2,Clear,Dry,Dark-Not Lighted
2022-11-29T19:20:00.000,I 285,I 285 and Bouldercrest Rd,,Rear End,2,Rain,Wet,Dark-Not Lighted
2022-02-03T04:32:00.000,I 285,I 285 and Bouldercrest Rd,,Not a Collision with Motor Vehicle,1,Rain,Wet,Dark-Not Lighted