Date and Time,Roadway (From Crash Report),Intersection Name (from Crash Report),KABCO Severity,Manner of Collision (Crash Level) ,# of Vehicles per crash ,Weather Conditions (Crash Level),Surface Condition (Crash Level) ,Light Conditions (Crash Level)
2022-09-24T17:00:00.000,I 285,I 285 and Bouldercrest Rd,,Rear End,2,Clear,Dry,Daylight
2022-11-30T02:25:00.000,I 285,I 285 and Bouldercrest Rd,,Angle Crash,3,Rain,Wet,Dark-Not Lighted
2022-10-16T07:00:00.000,I 285,I 285 and Bouldercrest Rd,,Not a Collision with Motor Vehicle,1,Clear,Dry,Daylight
2022-07-01T10:00:00.000,I 285,I 285 and Bouldercrest Rd,,Sideswipe-Same Direction,2,Cloudy,Dry,Daylight
2022-11-27T18:31:00.000,I 285,I 285 and Bouldercrest Rd,,Angle Crash,2,Clear,Dry,Dark-Lighted
2022-08-15T15:00:00.000,I 285,I 285 and Bouldercrest Rd,,Sideswipe-Same Direction,2,Clear,Dry,Daylight
2022-06-21T14:00:00.000,I 285,I 285 and Bouldercrest Rd,,Not a Collision with Motor Vehicle,2,Clear,Dry,Daylight
2022-05-13T17:30:00.000,I 285,I 285 and Bouldercrest Rd,,Rear End,2,Clear,Dry,Daylight
2022-07-30T20:27:00.000,I 285,I 285 and Bouldercrest Rd,,Angle Crash,3,Other,Wet,Dark-Not Lighted
2022-05-23T10:00:00.000,I 285,I 285 and Bouldercrest Rd,,Angle Crash,2,Rain,Wet,Daylight
2022-07-31T17:30:00.000,I 285,I 285 and Bouldercrest Rd,,Sideswipe-Same Direction,2,Clear,Dry,Daylight
2022-05-16T01:26:00.000,I 285,I 285 and Bouldercrest Rd,,Not a Collision with Motor Vehicle,2,Clear,Dry,Dark-Not Lighted
2022-04-04T15:24:00.000,I 285,I 285 and Bouldercrest Rd,,Rear End,2,Clear,Dry,Daylight
2022-03-26T15:08:00.000,I 285,I 285 and Bouldercrest Rd,,Rear End,2,Clear,Dry,Daylight
2022-04-13T18:00:00.000,I 285,I 285 and Bouldercrest Rd,,Sideswipe-Same Direction,2,Clear,Dry,Daylight
2022-07-18T05:15:00.000,I 285,I 285 and Bouldercrest Rd,,Angle Crash,2,Clear,Dry,Dark-Not Lighted
2022-07-01T10:45:00.000,I 285,I 285 and Bouldercrest Rd,,Sideswipe-Same Direction,2,Cloudy,Dry,Daylight
2022-11-20T15:35:00.000,I 285,I 285 and Bouldercrest Rd,,Rear End,2,Cloudy,Dry,Daylight
2022-03-21T20:30:00.000,I 285,I 285 and Bouldercrest Rd,,Rear End,2,Clear,Dry,Dark-Not Lighted
2022-08-19T15:20:00.000,I 285,I 285 and Bouldercrest Rd,,Not a Collision with Motor Vehicle,2,Rain,Wet,Daylight
2022-04-05T01:15:00.000,I 285,I 285 and Bouldercrest Rd,,Sideswipe-Same Direction,2,Clear,Dry,Dark-Not Lighted
2022-01-04T16:20:00.000,I 285,I 285 and Bouldercrest Rd,,Angle Crash,2,Clear,Dry,Daylight
2022-03-25T17:15:00.000,I 285,I 285 and Bouldercrest Rd,,Rear End,2,Clear,Dry,Daylight
2022-08-23T17:20:00.000,I 285,I 285 and Bouldercrest Rd,,Rear End,2,Clear,Dry,Daylight
2022-06-01T18:10:00.000,I 285,I 285 and Bouldercrest Rd,,Rear End,2,Clear,Dry,Daylight
2022-09-02T05:20:00.000,I 285,I 285 and Bouldercrest Rd,,Rear End,2,Clear,Dry,Dark-Not Lighted
2022-11-28T17:40:00.000,I 285,I 285 and Bouldercrest Rd,,Sideswipe-Opposite Direction,2,Clear,Dry,Dark-Lighted
2022-12-21T15:10:00.000,I 285,I 285 and Bouldercrest Rd,,Angle Crash,3,Clear,Dry,Daylight
2022-11-30T00:00:00.000,I 285,I 285 and Bouldercrest Rd,,Head On,2,Rain,Wet,Dark-Not Lighted
2022-03-07T18:15:00.000,I 285,I 285 and Bouldercrest Rd,,Sideswipe-Same Direction,2,Clear,Dry,Dark-Not Lighted
2022-12-24T03:30:00.000,I 285,I 285 and Bouldercrest Rd,,Angle Crash,2,Clear,Ice/Frost,Dark-Lighted
2022-09-19T09:30:00.000,I 285,I 285 and Bouldercrest Rd,,Sideswipe-Same Direction,2,Clear,Dry,Daylight
2022-05-27T09:25:00.000,I 285,I 285 and Bouldercrest Rd,,Sideswipe-Same Direction,2,Clear,Dry,Daylight
2022-08-14T11:45:00.000,I 285,I 285 and Bouldercrest Rd,,Sideswipe-Same Direction,2,Cloudy,Dry,Daylight
2022-03-24T17:55:00.000,I 285,I 285 and Bouldercrest Rd,,Rear End,3,Clear,Dry,Daylight
2022-09-30T05:00:00.000,I 285,I 285 and Bouldercrest Rd,,Not a Collision with Motor Vehicle,1,Clear,Dry,Dark-Not Lighted
2022-07-28T17:28:00.000,I 285,I 285 and Bouldercrest Rd,,Rear End,2,Clear,Dry,Daylight
2022-07-07T05:48:00.000,I 285,I 285 and Bouldercrest Rd,,Rear End,3,Clear,Dry,Dark-Not Lighted
2022-11-13T12:30:00.000,I 285,I 285 and Bouldercrest Rd,,Angle Crash,2,Clear,Dry,Daylight
2022-07-25T12:10:00.000,I 285,I 285 and Bouldercrest Rd,,Angle Crash,2,Cloudy,Dry,Daylight
2022-03-13T11:00:00.000,I 285,I 285 and Bouldercrest Rd,,Not a Collision with Motor Vehicle,2,Clear,Dry,Daylight
2022-04-12T23:25:00.000,I 285,I 285 and Bouldercrest Rd,,Sideswipe-Same Direction,2,Clear,Dry,Dark-Not Lighted
2022-02-11T16:09:00.000,I 285,I 285 and Bouldercrest Rd,,Sideswipe-Same Direction,2,Clear,Dry,Daylight
2022-06-20T00:00:00.000,I 285,I 285 and Bouldercrest Rd,,Sideswipe-Same Direction,2,Clear,Dry,Daylight
2022-07-24T00:11:00.000,I 285,I 285 and Bouldercrest Rd,,Rear End,2,Clear,Dry,Dark-Not Lighted
2022-04-19T16:30:00.000,I 285,I 285 and Bouldercrest Rd,,Rear End,2,Clear,Dry,Daylight
2022-02-19T16:10:00.000,I 285,I 285 and Bouldercrest Rd,,Rear End,2,Clear,Dry,Daylight
2022-12-16T15:55:00.000,I 285,I 285 and Bouldercrest Rd,,Rear End,3,Clear,Dry,Daylight
2022-06-25T10:40:00.000,I 285,I 285 and Bouldercrest Rd,,Not a Collision with Motor Vehicle,1,Clear,Dry,Daylight
2022-03-14T17:20:00.000,I 285,I 285 and Bouldercrest Rd,,Angle Crash,2,Clear,Dry,Daylight
2022-12-10T01:30:00.000,I 285,I 285 and Bouldercrest Rd,,Sideswipe-Same Direction,2,Clear,Wet,Dark-Not Lighted
2022-06-26T22:02:00.000,I 285,I 285 and Bouldercrest Rd,,Rear End,2,Clear,Dry,Dark-Not Lighted
2022-07-08T16:30:00.000,I 285,I 285 and Bouldercrest Rd,,Sideswipe-Same Direction,2,Clear,Dry,Daylight
2022-04-13T12:00:00.000,I 285,I 285 and Bouldercrest Rd,,Not a Collision with Motor Vehicle,1,Clear,Dry,Daylight
2022-12-17T15:40:00.000,I 285,I 285 and Bouldercrest Rd,,Rear End,2,Clear,Dry,Daylight
2022-07-18T07:30:00.000,I 285,I 285 and Bouldercrest Rd,,Rear End,2,Cloudy,Dry,Daylight
2022-05-24T19:20:00.000,I 285,I 285 and Bouldercrest Rd,,Sideswipe-Same Direction,2,Clear,Dry,Daylight
2022-02-02T08:11:00.000,I 285,I 285 and Bouldercrest Rd,,Sideswipe-Same Direction,2,Clear,Dry,Daylight
2022-11-04T14:20:00.000,I 285,I 285 and Bouldercrest Rd,,Rear End,2,Clear,Dry,Daylight
2022-11-04T03:25:00.000,I 285,I 285 and Bouldercrest Rd,,Sideswipe-Same Direction,5,Clear,Dry,Dark-Lighted
2022-11-13T15:00:00.000,I 285,I 285 and Bouldercrest Rd,,Not a Collision with Motor Vehicle,1,Clear,Dry,Daylight
2022-02-14T00:20:00.000,I 285,I 285 and Bouldercrest Rd,,Rear End,4,Clear,Dry,Dark-Not Lighted
2022-10-21T16:10:00.000,I 285,I 285 and Bouldercrest Rd,,Rear End,2,Clear,Dry,Daylight
2022-11-20T15:32:00.000,I 285,I 285 and Bouldercrest Rd,,Rear End,2,Clear,Dry,Daylight
2022-06-13T09:50:00.000,I 285,I 285 and Bouldercrest Rd,,Rear End,2,Clear,Dry,Daylight
2022-09-01T17:37:00.000,I 285,I 285 and Bouldercrest Rd,,Rear End,3,Clear,Dry,Daylight
2022-09-12T18:01:00.000,I 285,I 285 and Bouldercrest Rd,,Rear End,2,Clear,Dry,Daylight
2022-10-29T15:19:00.000,I 285,I 285 and Bouldercrest Rd,,Rear End,2,Clear,Dry,Daylight
2022-11-27T20:50:00.000,I 285,I 285 and Bouldercrest Rd,,Rear End,3,Clear,Dry,Dark-Lighted
2022-04-27T08:20:00.000,I 285,I 285 and Bouldercrest Rd,,Rear End,2,Clear,Dry,Daylight
2022-07-06T15:30:00.000,I 285,I 285 and Bouldercrest Rd,,Rear End,3,Clear,Dry,Daylight
2022-10-26T17:10:00.000,I 285,I 285 and Bouldercrest Rd,,Angle Crash,3,Clear,Dry,Daylight
2022-03-30T07:42:00.000,I 285,I 285 and Bouldercrest Rd,,Sideswipe-Same Direction,2,Clear,Dry,Daylight
2022-04-21T10:20:00.000,I 285,I 285 and Bouldercrest Rd,,Rear End,2,Clear,Dry,Daylight
2022-07-18T07:46:00.000,I 285,I 285 and Bouldercrest Rd,,Rear End,2,Clear,Dry,Daylight
2022-06-01T17:27:00.000,I 285,I 285 and Bouldercrest Rd,,Rear End,2,Clear,Dry,Daylight
2022-06-20T10:00:00.000,I 285,I 285 and Bouldercrest Rd,,Rear End,2,Clear,Dry,Daylight
2022-08-28T23:55:00.000,I 285,I 285 and Bouldercrest Rd,,Not a Collision with Motor Vehicle,2,Clear,Dry,Dark-Lighted
2022-04-05T10:45:00.000,I 285,I 285 and Bouldercrest Rd,,Angle Crash,2,Rain,Wet,Daylight
2022-11-17T16:49:00.000,I 285,I 285 and Bouldercrest Rd,,Rear End,3,Clear,Dry,Daylight
2022-02-25T15:36:00.000,I 285,I 285 and Bouldercrest Rd,,Rear End,2,Clear,Dry,Daylight
2022-05-02T12:50:00.000,I 285,I 285 and Bouldercrest Rd,,Sideswipe-Same Direction,4,Cloudy,Dry,Daylight
2022-03-01T18:55:00.000,I 285,I 285 and Bouldercrest Rd,,Rear End,2,Clear,Dry,Dark-Not Lighted
2022-02-16T16:55:00.000,I 285,I 285 and Bouldercrest Rd,,Rear End,2,Clear,Dry,Daylight
2022-04-08T21:45:00.000,I 285,I 285 and Bouldercrest Rd,,Rear End,2,Clear,Dry,Dark-Not Lighted
2022-03-01T15:30:00.000,I 285,I 285 and Bouldercrest Rd,,Rear End,2,Clear,Dry,Daylight
2023-03-29T10:13:00.000,I 285,I 285 and Bouldercrest Rd,,Not a Collision with Motor Vehicle,2,Clear,Dry,Dark-Not Lighted
2023-05-05T12:07:00.000,I 285,I 285 and Bouldercrest Rd,,Rear End,2,Clear,Dry,Daylight
2023-06-29T12:00:00.000,I 285,I 285 and Bouldercrest Rd,,Angle Crash,4,Clear,Dry,Daylight
2023-12-05T18:40:00.000,I 285,I 285 and Bouldercrest Rd,,Rear End,2,Clear,Dry,Dark-Not Lighted
2023-10-11T12:10:00.000,I 285,I 285 and Bouldercrest Rd,,Not a Collision with Motor Vehicle,2,Cloudy,Dry,Daylight
2023-05-17T09:00:00.000,I 285,I 285 and Bouldercrest Rd,,Angle Crash,2,Clear,Dry,Daylight
2023-08-13T05:00:00.000,I 285,I 285 and Bouldercrest Rd,,Rear End,2,Clear,Dry,Dark-Not Lighted
2023-02-22T10:44:00.000,I 285,I 285 and Bouldercrest Rd,,Rear End,2,Clear,Dry,Daylight
2023-10-20T11:30:00.000,I 285,I 285 and Bouldercrest Rd,,Rear End,3,Clear,Dry,Daylight
2023-06-20T17:50:00.000,I 285,I 285 and Bouldercrest Rd,,Rear End,2,Cloudy,Wet,Daylight
2024-06-20T00:30:00.000,I 285,I 285 and Bouldercrest Rd,,Rear End,2,Clear,Dry,Dark-Not Lighted
2024-10-14T11:05:00.000,I 285,I 285 and Bouldercrest Rd,,Sideswipe-Same Direction,2,Clear,Dry,Daylight
2024-07-18T17:01:00.000,I 285,I 285 and Bouldercrest Rd,,Rear End,2,Clear,Dry,Daylight
2024-10-05T15:00:00.000,I 285,I 285 and Bouldercrest Rd,,Angle Crash,2,Clear,Dry,Daylight
2024-03-16T12:53:00.000,I 285,I 285 and Bouldercrest Rd,,Rear End,2,Clear,Dry,Daylight
2024-04-26T15:00:00.000,I 285,I 285 and Bouldercrest Rd,,Angle Crash,3,Clear,Dry,Daylight
2024-11-10T17:41:00.000,I 285,I 285 and Bouldercrest Rd,,Angle Crash,4,Rain,Wet,Dark-Not Lighted
2024-03-26T00:00:00.000,I 285,I 285 and Bouldercrest Rd,,Sideswipe-Same Direction,2,Clear,Wet,Dark-Not Lighted
2024-11-29T21:40:00.000,I 285,I 285 and Bouldercrest Rd,,Rear End,2,Clear,Dry,Dark-Not Lighted
2024-06-21T17:24:00.000,I 285,I 285 and Bouldercrest Rd,,Rear End,3,Clear,Dry,Daylight
2024-04-23T17:59:00.000,I 285,I 285 and Bouldercrest Rd,,Rear End,2,Clear,Dry,Daylight
2024-03-10T18:50:00.000,I 285,I 285 and Bouldercrest Rd,,Sideswipe-Same Direction,2,Clear,Dry,Daylight
2024-04-13T15:00:00.000,I 285,I 285 and Bouldercrest Rd,,Rear End,2,Clear,Dry,Daylight
2024-05-11T18:43:00.000,I 285,I 285 and Bouldercrest Rd,,Rear End,2,Clear,Dry,Daylight
2024-06-20T02:16:00.000,I 285,I 285 and Bouldercrest Rd,,Sideswipe-Same Direction,2,Clear,Dry,Dark-Not Lighted
2024-06-12T15:00:00.000,I 285,I 285 and Bouldercrest Rd,,Rear End,2,Clear,Dry,Daylight
2024-07-12T16:24:00.000,I 285,I 285 and Bouldercrest Rd,,Rear End,2,Clear,Dry,Daylight
2024-10-08T21:39:00.000,I 285,I 285 and Bouldercrest Rd,,Sideswipe-Same Direction,2,Clear,Dry,Dark-Not Lighted
2024-07-18T08:33:00.000,I 285,I 285 and Bouldercrest Rd,,Rear End,4,Clear,Dry,Daylight
2024-01-27T14:40:00.000,I 285,I 285 and Bouldercrest Rd,,Sideswipe-Opposite Direction,4,Rain,Wet,Daylight
2024-01-30T17:45:00.000,I 285,I 285 and Bouldercrest Rd,,Angle Crash,3,Clear,Dry,Daylight
2024-04-08T14:45:00.000,I 285,I 285 and Bouldercrest Rd,,Sideswipe-Same Direction,2,Clear,Dry,Daylight
2024-03-05T09:08:00.000,I 285,I 285 and Bouldercrest Rd,,Sideswipe-Same Direction,2,Cloudy,Dry,Daylight
2024-09-26T22:12:00.000,I 285,I 285 and Bouldercrest Rd,,Not a Collision with Motor Vehicle,1,Severe Thunderstorm or Tornadic,Wet,Dark-Not Lighted
2024-06-25T19:00:00.000,I 285,I 285 and Bouldercrest Rd,,Sideswipe-Same Direction,2,Clear,Dry,Daylight
2024-12-10T19:11:00.000,I 285,I 285 and Bouldercrest Rd,,Angle Crash,2,Rain,Wet,Dark-Not Lighted
2024-04-05T19:17:00.000,I 285,I 285 and Bouldercrest Rd,,Rear End,2,Clear,Dry,Dark-Lighted
2024-01-18T00:00:00.000,I 285,I 285 and Bouldercrest Rd,,Rear End,2,Clear,Wet,Daylight
2024-08-29T15:50:00.000,I 285,I 285 and Bouldercrest Rd,,Rear End,2,Clear,Dry,Daylight
2024-10-03T16:12:00.000,I 285,I 285 and Bouldercrest Rd,,Rear End,3,Clear,Dry,Daylight
2024-04-24T12:30:00.000,I 285,I 285 and Bouldercrest Rd,,Rear End,2,Clear,Dry,Daylight
2024-10-19T14:24:00.000,I 285,I 285 and Bouldercrest Rd,,Not a Collision with Motor Vehicle,1,Clear,Dry,Daylight
2024-11-07T18:02:00.000,I 285,I 285 and Bouldercrest Rd,,Rear End,2,Clear,Dry,Dark-Not Lighted
2024-05-06T00:23:00.000,I 285,I 285 and Bouldercrest Rd,,Angle Crash,3,Clear,Wet,Dark-Not Lighted
2024-03-11T20:55:00.000,I 285,I 285 and Bouldercrest Rd,,Rear End,2,Clear,Dry,Dark-Not Lighted
2024-09-03T17:31:00.000,I 285,I 285 and Bouldercrest Rd,,Sideswipe-Same Direction,2,Clear,Dry,Daylight
2024-03-06T04:57:00.000,I 285,I 285 and Bouldercrest Rd,,Sideswipe-Same Direction,4,Rain,Wet,Dark-Not Lighted
2024-12-20T11:43:00.000,I 285,I 285 and Bouldercrest Rd,,Rear End,2,Clear,Dry,Daylight
2024-06-17T14:35:00.000,I 285,I 285 and Bouldercrest Rd,,Rear End,2,Clear,Dry,Daylight
2024-07-29T14:36:00.000,I 285,I 285 and Bouldercrest Rd,,Angle Crash,2,Rain,Wet,Daylight
2024-02-23T16:40:00.000,I 285,I 285 and Bouldercrest Rd,,Sideswipe-Same Direction,2,Clear,Dry,Daylight
2024-04-16T14:40:00.000,I 285,I 285 and Bouldercrest Rd,,Angle Crash,2,Clear,Dry,Daylight
2024-05-12T18:00:00.000,I 285,I 285 and Bouldercrest Rd,,Sideswipe-Same Direction,2,Clear,Dry,Daylight
2024-12-23T10:26:00.000,I 285,I 285 and Bouldercrest Rd,,Not a Collision with Motor Vehicle,4,Clear,Dry,Daylight
2024-04-29T14:08:00.000,I 285,I 285 and Bouldercrest Rd,,Rear End,2,Clear,Dry,Daylight
2023-01-04T15:00:00.000,I 285,I 285 and Bouldercrest Rd,,Rear End,2,Clear,Wet,Daylight
2023-04-03T02:10:00.000,I 285,I 285 and Bouldercrest Rd,,Angle Crash,4,Clear,Dry,Dark-Not Lighted
2023-09-17T04:52:00.000,I 285,I 285 and Bouldercrest Rd,,Not a Collision with Motor Vehicle,1,Rain,Wet,Dark-Not Lighted
2023-08-22T05:15:00.000,I 285,I 285 and Bouldercrest Rd,,Rear End,2,Clear,Dry,Dark-Not Lighted
2023-05-25T04:05:00.000,I 285,I 285 and Bouldercrest Rd,,Sideswipe-Same Direction,3,Clear,Dry,Dark-Not Lighted
2023-04-30T05:12:00.000,I 285,I 285 and Bouldercrest Rd,,Sideswipe-Same Direction,3,Rain,Water (standing or moving),Dark-Lighted
2023-11-18T22:15:00.000,I 285,I 285 and Bouldercrest Rd,,Sideswipe-Same Direction,2,Clear,Dry,Dark-Not Lighted
2023-04-07T19:50:00.000,I 285,I 285 and Bouldercrest Rd,,Sideswipe-Same Direction,2,Clear,Dry,Daylight
2023-10-06T19:09:00.000,I 285,I 285 and Bouldercrest Rd,,Rear End,2,Clear,Wet,Dark-Not Lighted
2024-12-23T22:00:00.000,I 285,I 285 and Bouldercrest Rd,,Not a Collision with Motor Vehicle,1,Clear,Dry,Dark-Lighted
2024-10-09T18:15:00.000,I 285,I 285 and Bouldercrest Rd,,Rear End,2,Clear,Dry,Daylight
2024-05-10T18:25:00.000,I 285,I 285 and Bouldercrest Rd,,Sideswipe-Same Direction,2,Clear,Dry,Daylight
2024-03-12T14:00:00.000,I 285,I 285 and Bouldercrest Rd,,Sideswipe-Same Direction,2,Clear,Dry,Daylight
2024-12-02T18:40:00.000,I 285,I 285 and Bouldercrest Rd,,Rear End,2,Cloudy,Dry,Dusk
2024-01-02T02:25:00.000,I 285,I 285 and Bouldercrest Rd,,Sideswipe-Same Direction,2,Clear,Dry,Dark-Not Lighted
2024-07-20T07:00:00.000,I 285,I 285 and Bouldercrest Rd,,Not a Collision with Motor Vehicle,1,Rain,Wet,Daylight
2024-06-24T14:42:00.000,I 285,I 285 and Bouldercrest Rd,,Sideswipe-Same Direction,2,Clear,Dry,Daylight
2024-02-09T22:10:00.000,I 285,I 285 and Bouldercrest Rd,,Rear End,2,Clear,Dry,Dark-Not Lighted
2024-09-25T23:00:00.000,I 285,I 285 and Bouldercrest Rd,,Not a Collision with Motor Vehicle,1,Rain,Water (standing or moving),Dark-Not Lighted
2023-03-10T02:35:00.000,I 285,I 285 and Bouldercrest Rd,,Not a Collision with Motor Vehicle,1,Rain,Wet,Dark-Not Lighted
2023-07-09T15:54:00.000,I 285,I 285 and Bouldercrest Rd,,Angle Crash,2,Clear,Dry,Daylight
2023-04-12T14:35:00.000,I 285,I 285 and Bouldercrest Rd,,Rear End,2,Clear,Dry,Daylight
2023-12-05T16:40:00.000,I 285,I 285 and Bouldercrest Rd,,Rear End,2,Clear,Dry,Daylight
2023-01-28T00:30:00.000,I 285,I 285 and Bouldercrest Rd,,Angle,2,Clear,Dry,Dark-Not Lighted
2023-03-28T11:20:00.000,I 285,I 285 and Bouldercrest Rd,,Sideswipe-Same Direction,2,Clear,Dry,Daylight
2023-08-18T16:09:00.000,I 285,I 285 and Bouldercrest Rd,,Sideswipe-Same Direction,2,Clear,Dry,Daylight
2023-10-07T17:30:00.000,I 285,I 285 and Bouldercrest Rd,,Rear End,3,Clear,Dry,Daylight
2023-07-31T18:10:00.000,I 285,I 285 and Bouldercrest Rd,,Rear End,3,Clear,Dry,Daylight
2023-04-09T14:14:00.000,I 285,I 285 and Bouldercrest Rd,,Sideswipe-Same Direction,2,Clear,Dry,Daylight
2023-06-09T16:10:00.000,I 285,I 285 and Bouldercrest Rd,,Sideswipe-Opposite Direction,2,Clear,Dry,Daylight
2023-03-31T22:15:00.000,I 285,I 285 and Bouldercrest Rd,,Rear End,2,Clear,Dry,Dark-Not Lighted
2023-10-26T22:30:00.000,I 285,I 285 and Bouldercrest Rd,,Sideswipe-Same Direction,2,Clear,Dry,Dark-Not Lighted
2023-09-03T05:29:00.000,I 285,I 285 and Bouldercrest Rd,,Not a Collision with Motor Vehicle,2,Clear,Dry,Dark-Not Lighted
2023-03-26T22:00:00.000,I 285,I 285 and Bouldercrest Rd,,Angle Crash,3,Rain,Wet,Dark-Not Lighted
2023-10-28T18:39:00.000,I 285,I 285 and Bouldercrest Rd,,Rear End,2,Clear,Dry,Daylight
2023-01-20T18:00:00.000,I 285,I 285 and Bouldercrest Rd,,Rear End,2,Clear,Dry,Dark-Not Lighted
2023-09-14T17:50:00.000,I 285,I 285 and Bouldercrest Rd,,Sideswipe-Same Direction,2,Cloudy,Dry,Daylight
2023-04-11T08:40:00.000,I 285,I 285 and Bouldercrest Rd,,Rear End,2,Clear,Dry,Daylight
2023-12-08T05:18:00.000,I 285,I 285 and Bouldercrest Rd,,Rear End,2,Clear,Dry,Dark-Lighted
2023-08-11T00:00:00.000,I 285,I 285 and Bouldercrest Rd,,Rear End,3,Rain,Wet,Daylight
2023-09-14T13:42:00.000,I 285,I 285 and Bouldercrest Rd,,Sideswipe-Same Direction,2,Clear,Dry,Daylight
2023-10-26T17:39:00.000,I 285,I 285 and Bouldercrest Rd,,Rear End,5,Clear,Dry,Daylight
2023-08-07T18:47:00.000,I 285,I 285 and Bouldercrest Rd,,Rear End,2,Rain,Wet,Daylight
2023-08-22T06:40:00.000,I 285,I 285 and Bouldercrest Rd,,Rear End,3,Clear,Dry,Daylight
2023-01-30T21:46:00.000,I 285,I 285 and Bouldercrest Rd,,Angle Crash,2,Cloudy,Wet,Dark-Not Lighted
2023-12-14T15:23:00.000,I 285,I 285 and Bouldercrest Rd,,Rear End,2,Clear,Dry,Daylight
2023-10-30T11:30:00.000,I 285,I 285 and Bouldercrest Rd,,Rear End,2,Clear,Dry,Daylight
2023-04-10T16:03:00.000,I 285,I 285 and Bouldercrest Rd,,Rear End,2,Clear,Dry,Daylight
2023-08-11T16:00:00.000,I 285,I 285 and Bouldercrest Rd,,Rear End,3,Clear,Dry,Daylight
2023-09-24T14:00:00.000,I 285,I 285 and Bouldercrest Rd,,Rear End,2,Clear,Dry,Daylight
2023-05-26T14:10:00.000,I 285,I 285 and Bouldercrest Rd,,Rear End,2,Clear,Dry,Daylight
2023-07-17T01:00:00.000,I 285,I 285 and Bouldercrest Rd,,Rear End,2,Clear,Dry,Dark-Lighted
2023-04-03T07:45:00.000,I 285,I 285 and Bouldercrest Rd,,Angle Crash,2,Clear,Dry,Dawn
2023-08-13T05:00:00.000,I 285,I 285 and Bouldercrest Rd,,Rear End,2,Clear,Dry,Dark-Not Lighted
2023-02-20T02:00:00.000,I 285,I 285 and Bouldercrest Rd,,Sideswipe-Same Direction,2,Clear,Dry,Dark-Lighted
2023-12-13T04:00:00.000,I 285,I 285 and Bouldercrest Rd,,Rear End,2,Clear,Dry,Dark-Not Lighted
2023-05-11T16:50:00.000,I 285,I 285 and Bouldercrest Rd,,Rear End,2,Clear,Dry,Daylight
2023-03-15T17:01:00.000,I 285,I 285 and Bouldercrest Rd,,Rear End,4,Clear,Dry,Daylight
2023-05-18T22:48:00.000,I 285,I 285 and Bouldercrest Rd,,Angle Crash,2,Clear,Dry,Dark-Not Lighted
2023-04-26T17:30:00.000,I 285,I 285 and Bouldercrest Rd,,Rear End,3,Cloudy,Dry,Daylight
2023-06-29T13:26:00.000,I 285,I 285 and Bouldercrest Rd,,Sideswipe-Same Direction,2,Clear,Dry,Daylight
2023-08-06T15:26:00.000,I 285,I 285 and Bouldercrest Rd,,Rear End,2,Rain,Wet,Daylight
2023-07-29T22:27:00.000,I 285,I 285 and Bouldercrest Rd,,Angle Crash,4,Clear,Dry,Dark-Not Lighted
2023-10-18T16:20:00.000,I 285,I 285 and Bouldercrest Rd,,Rear End,2,Clear,Dry,Daylight
2023-04-26T17:25:00.000,I 285,I 285 and Bouldercrest Rd,,Rear End,2,Cloudy,Dry,Daylight
2023-11-16T20:23:00.000,I 285,I 285 and Bouldercrest Rd,,Sideswipe-Same Direction,2,Clear,Dry,Dark-Not Lighted
2023-12-08T13:43:00.000,I 285,I 285 and Bouldercrest Rd,,Rear End,2,Clear,Dry,Daylight
2023-06-25T19:00:00.000,I 285,I 285 and Bouldercrest Rd,,Rear End,2,Rain,Wet,Dark-Lighted
2023-09-06T10:00:00.000,I 285,I 285 and Bouldercrest Rd,,Sideswipe-Same Direction,3,Clear,Dry,Daylight
2023-02-27T02:30:00.000,I 285,I 285 and Bouldercrest Rd,,Sideswipe-Same Direction,2,Clear,Dry,Dark-Not Lighted
2023-12-11T00:00:00.000,I 285,I 285 and Bouldercrest Rd,,Sideswipe-Same Direction,2,Clear,Dry,Daylight
2023-06-02T18:00:00.000,I 285,I 285 and Bouldercrest Rd,,Rear End,2,Clear,Dry,Daylight
2023-02-13T08:40:00.000,I 285,I 285 and Bouldercrest Rd,,Sideswipe-Same Direction,2,Clear,Dry,Daylight
2023-01-20T20:15:00.000,I 285,I 285 and Bouldercrest Rd,,Rear End,2,Clear,Dry,Dark-Not Lighted
2023-10-27T18:16:00.000,I 285,I 285 and Bouldercrest Rd,,Rear End,5,Clear,Dry,Dark-Lighted
2023-09-01T07:56:00.000,I 285,I 285 and Bouldercrest Rd,,Not a Collision with Motor Vehicle,2,Clear,Dry,Daylight
2023-02-01T00:38:00.000,I 285,I 285 and Bouldercrest Rd,,Rear End,3,Clear,Dry,Dark-Not Lighted
2023-08-30T16:20:00.000,I 285,I 285 and Bouldercrest Rd,,Rear End,2,Clear,Dry,Daylight
2023-12-07T16:21:00.000,I 285,I 285 and Bouldercrest Rd,,Rear End,2,Clear,Dry,Daylight
2023-12-15T14:25:00.000,I 285,I 285 and Bouldercrest Rd,,Sideswipe-Same Direction,2,Clear,Dry,Daylight
2023-03-14T18:31:00.000,I 285,I 285 and Bouldercrest Rd,,Rear End,3,Clear,Dry,Daylight