Date and Time,Roadway (From Crash Report),Intersection Name (from Crash Report),KABCO Severity,Manner of Collision (Crash Level) ,# of Vehicles per crash ,Weather Conditions (Crash Level),Surface Condition (Crash Level) ,Light Conditions (Crash Level)
2023-12-11T06:30:00.000,I 285,I 285 and Bouldercrest Rd,,Sideswipe-Same Direction,2,Clear,Dry,Daylight
2023-03-01T21:00:00.000,I 285,I 285 and Bouldercrest Rd,,Not a Collision with Motor Vehicle,1,Clear,Dry,Dark-Lighted
2023-04-22T22:45:00.000,I 285,I 285 and Bouldercrest Rd,,Rear End,2,Clear,Dry,Dark-Lighted
2023-03-30T15:00:00.000,I 285,I 285 and Bouldercrest Rd,,Sideswipe-Same Direction,2,Clear,Dry,Daylight
2023-09-14T16:30:00.000,I 285,I 285 and Bouldercrest Rd,,Sideswipe-Opposite Direction,2,Cloudy,Wet,Daylight
2023-09-26T20:16:00.000,I 285,I 285 and Bouldercrest Rd,,Rear End,2,Clear,Dry,Dark-Not Lighted
2023-12-11T00:00:00.000,I 285,I 285 and Bouldercrest Rd,,Sideswipe-Same Direction,2,Clear,Dry,Daylight
2023-05-30T15:39:00.000,I 285,I 285 and Bouldercrest Rd,,Angle Crash,2,Clear,Dry,Daylight
2023-06-01T02:54:00.000,I 285,I 285 and Bouldercrest Rd,,Not a Collision with Motor Vehicle,1,Clear,Dry,Dark-Not Lighted
2023-01-11T01:00:00.000,I 285,I 285 and Bouldercrest Rd,,Angle Crash,2,Clear,Dry,Dark-Not Lighted
2023-05-07T11:30:00.000,I 285,I 285 and Bouldercrest Rd,,Sideswipe-Same Direction,2,Clear,Dry,Daylight
2023-08-14T08:04:00.000,I 285,I 285 and Bouldercrest Rd,,Rear End,2,Clear,Dry,Daylight
2023-08-13T05:00:00.000,I 285,I 285 and Bouldercrest Rd,,Angle Crash,2,Clear,Dry,Dark-Not Lighted
2023-10-10T16:00:00.000,I 285,I 285 and Bouldercrest Rd,,Angle Crash,2,Clear,Dry,Daylight
2023-07-02T11:31:00.000,I 285,I 285 and Bouldercrest Rd,,Sideswipe-Same Direction,2,Clear,Dry,Daylight
2023-03-12T19:47:00.000,I 285,I 285 and Bouldercrest Rd,,Angle Crash,2,Rain,Wet,Dark-Not Lighted
2023-06-05T08:50:00.000,I 285,I 285 and Bouldercrest Rd,,Rear End,2,Clear,Dry,Daylight
2023-10-14T03:14:00.000,I 285,I 285 and Bouldercrest Rd,,Not a Collision with Motor Vehicle,1,Rain,Wet,Dark-Not Lighted
2023-08-24T17:31:00.000,I 285,I 285 and Bouldercrest Rd,,Sideswipe-Same Direction,2,Clear,Dry,Daylight
2023-09-26T19:50:00.000,I 285,I 285 and Bouldercrest Rd,,Rear End,2,Clear,Dry,Dark-Not Lighted
2023-04-10T17:12:00.000,I 285,I 285 and Bouldercrest Rd,,Rear End,2,Clear,Dry,Daylight
2023-11-15T00:00:00.000,I 285,I 285 and Bouldercrest Rd,,Rear End,2,Clear,Dry,Dark-Not Lighted
2023-12-18T15:26:00.000,I 285,I 285 and Bouldercrest Rd,,Rear End,2,Clear,Dry,Daylight
2023-04-23T00:12:00.000,I 285,I 285 and Bouldercrest Rd,,Rear End,2,Clear,Dry,Dark-Lighted
2023-11-27T16:20:00.000,I 285,I 285 and Bouldercrest Rd,,Rear End,2,Clear,Dry,Daylight
2023-03-18T15:36:00.000,I 285,I 285 and Bouldercrest Rd,,Not a Collision with Motor Vehicle,1,Clear,Dry,Daylight
2023-12-07T05:50:00.000,I 285,I 285 and Bouldercrest Rd,,Not a Collision with Motor Vehicle,1,Clear,Dry,Dark-Not Lighted
2023-11-09T16:16:00.000,I 285,I 285 and Bouldercrest Rd,,Angle Crash,3,Clear,Dry,Daylight
2023-09-19T00:00:00.000,I 285,I 285 and Bouldercrest Rd,,Angle Crash,2,Cloudy,Dry,Dark-Not Lighted
2023-02-08T00:00:00.000,I 285,I 285 and Bouldercrest Rd,,Rear End,2,Clear,Dry,Dark-Not Lighted
2023-08-22T05:15:00.000,I 285,I 285 and Bouldercrest Rd,,Sideswipe-Same Direction,2,Clear,Dry,Dark-Not Lighted
2023-01-10T13:53:00.000,I 285,I 285 and Bouldercrest Rd,,Rear End,2,Clear,Dry,Daylight
2023-04-07T14:30:00.000,I 285,I 285 and Bouldercrest Rd,,Sideswipe-Same Direction,2,Clear,Dry,Daylight
2023-09-12T16:45:00.000,I 285,I 285 and Bouldercrest Rd,,Rear End,2,Cloudy,Dry,Daylight
2023-05-01T06:55:00.000,I 285,I 285 and Bouldercrest Rd,,Sideswipe-Same Direction,2,Clear,Dry,Daylight
2023-07-21T17:32:00.000,I 285,I 285 and Bouldercrest Rd,,Rear End,2,Rain,Wet,Daylight
2024-06-25T09:15:00.000,I 285,I 285 and Bouldercrest Rd,,Not a Collision with Motor Vehicle,1,Clear,Dry,Daylight
2024-02-22T15:36:00.000,I 285,I 285 and Bouldercrest Rd,,Sideswipe-Same Direction,2,Clear,Dry,Daylight
2024-02-01T17:09:00.000,I 285,I 285 and Bouldercrest Rd,,Rear End,2,Clear,Dry,Daylight
2024-01-10T19:35:00.000,I 285,I 285 and Bouldercrest Rd,,Not a Collision with Motor Vehicle,3,Clear,Dry,Dark-Lighted
2024-10-11T15:00:00.000,I 285,I 285 and Bouldercrest Rd,,Sideswipe-Same Direction,2,Clear,Dry,Daylight
2024-06-01T22:00:00.000,I 285,I 285 and Bouldercrest Rd,,Sideswipe-Same Direction,2,Clear,Dry,Dark-Not Lighted
2024-02-06T18:40:00.000,I 285,I 285 and Bouldercrest Rd,,Sideswipe-Same Direction,2,Clear,Dry,Dark-Lighted
2024-10-13T21:45:00.000,I 285,I 285 and Bouldercrest Rd,,Angle Crash,2,Clear,Dry,Dark-Lighted
2024-06-06T07:19:00.000,I 285,I 285 and Bouldercrest Rd,,Angle Crash,2,Clear,Dry,Daylight
2024-05-07T17:17:00.000,I 285,I 285 and Bouldercrest Rd,,Angle Crash,2,Clear,Dry,Daylight
2024-04-16T18:28:00.000,I 285,I 285 and Bouldercrest Rd,,Rear End,2,Clear,Dry,Daylight
2024-04-15T17:20:00.000,I 285,I 285 and Bouldercrest Rd,,Not a Collision with Motor Vehicle,1,Clear,Dry,Daylight
2024-04-07T01:22:00.000,I 285,I 285 and Bouldercrest Rd,,Sideswipe-Same Direction,4,Clear,Dry,Dark-Not Lighted
2024-01-09T10:30:00.000,I 285,I 285 and Bouldercrest Rd,,Rear End,2,Rain,Water (standing or moving),Daylight
2024-04-06T16:35:00.000,I 285,I 285 and Bouldercrest Rd,,Rear End,2,Clear,Dry,Daylight
2024-01-13T15:10:00.000,I 285,I 285 and Bouldercrest Rd,,Not a Collision with Motor Vehicle,2,Clear,Dry,Daylight
2024-03-30T16:30:00.000,I 285,I 285 and Bouldercrest Rd,,Sideswipe-Same Direction,2,Clear,Dry,Daylight
2024-03-11T00:00:00.000,I 285,I 285 and Bouldercrest Rd,,Sideswipe-Same Direction,2,Clear,Dry,Daylight
2024-11-30T18:30:00.000,I 285,I 285 and Bouldercrest Rd,,Sideswipe-Opposite Direction,2,Clear,Dry,Dark-Not Lighted
2024-07-01T17:46:00.000,I 285,I 285 and Bouldercrest Rd,,Rear End,2,Clear,Dry,Daylight
2024-04-15T15:55:00.000,I 285,I 285 and Bouldercrest Rd,,Rear End,2,Clear,Dry,Daylight
2024-09-22T17:33:00.000,I 285,I 285 and Bouldercrest Rd,,Rear End,2,Clear,Dry,Daylight
2024-01-17T21:15:00.000,I 285,I 285 and Bouldercrest Rd,,Angle Crash,2,Clear,Dry,Dark-Not Lighted
2024-07-17T13:00:00.000,I 285,I 285 and Bouldercrest Rd,,Not a Collision with Motor Vehicle,1,Cloudy,Dry,Daylight
2024-03-18T16:08:00.000,I 285,I 285 and Bouldercrest Rd,,Angle Crash,2,Clear,Dry,Daylight
2024-05-09T15:30:00.000,I 285,I 285 and Bouldercrest Rd,,Sideswipe-Same Direction,2,Other,Dry,Daylight
2024-05-31T12:58:00.000,I 285,I 285 and Bouldercrest Rd,,Sideswipe-Same Direction,2,Clear,Dry,Daylight
2024-06-04T13:47:00.000,I 285,I 285 and Bouldercrest Rd,,Not a Collision with Motor Vehicle,1,Rain,Wet,Daylight
2024-07-03T13:35:00.000,I 285,I 285 and Bouldercrest Rd,,Rear End,2,Clear,Dry,Daylight
2024-10-29T03:05:00.000,I 285,I 285 and Bouldercrest Rd,,Angle Crash,2,Clear,Dry,Dark-Not Lighted
2024-05-30T08:13:00.000,I 285,I 285 and Bouldercrest Rd,,Rear End,2,Clear,Dry,Daylight
2024-06-24T08:30:00.000,I 285,I 285 and Bouldercrest Rd,,Not a Collision with Motor Vehicle,1,Clear,Dry,Daylight
2024-10-18T18:34:00.000,I 285,I 285 and Bouldercrest Rd,,Rear End,2,Clear,Dry,Daylight
2024-08-21T17:30:00.000,I 285,I 285 and Bouldercrest Rd,,Angle Crash,2,Clear,Dry,Daylight
2024-12-22T12:00:00.000,I 285,I 285 and Bouldercrest Rd,,Angle Crash,2,Clear,Dry,Daylight
2024-03-10T18:20:00.000,I 285,I 285 and Bouldercrest Rd,,Rear End,2,Clear,Dry,Daylight
2024-11-04T16:27:00.000,I 285,I 285 and Bouldercrest Rd,,Not a Collision with Motor Vehicle,1,Clear,Dry,Daylight
2024-08-19T16:00:00.000,I 285,I 285 and Bouldercrest Rd,,Sideswipe-Opposite Direction,2,Clear,Dry,Daylight
2024-05-24T11:00:00.000,I 285,I 285 and Bouldercrest Rd,,Sideswipe-Same Direction,2,Clear,Dry,Daylight
2024-07-20T06:00:00.000,I 285,I 285 and Bouldercrest Rd,,Not a Collision with Motor Vehicle,1,Clear,Wet,Daylight
2024-05-07T13:50:00.000,I 285,I 285 and Bouldercrest Rd,,Angle Crash,2,Clear,Dry,Daylight
2024-06-25T09:00:00.000,I 285,I 285 and Bouldercrest Rd,,Angle Crash,2,Clear,Dry,Daylight
2024-01-30T16:54:00.000,I 285,I 285 and Bouldercrest Rd,,Rear End,2,Clear,Dry,Daylight
2024-01-10T20:00:00.000,I 285,I 285 and Bouldercrest Rd,,Rear End,4,Clear,Dry,Daylight
2024-12-26T15:20:00.000,I 285,I 285 and Bouldercrest Rd,,Sideswipe-Same Direction,2,Clear,Dry,Daylight
2024-09-06T17:54:00.000,I 285,I 285 and Bouldercrest Rd,,Rear End,4,Cloudy,Wet,Daylight
2024-09-24T20:30:00.000,I 285,I 285 and Bouldercrest Rd,,Angle Crash,2,Clear,Dry,Dark-Lighted
2024-05-05T16:45:00.000,I 285,I 285 and Bouldercrest Rd,,Rear End,2,Rain,Wet,Daylight
2024-12-09T07:46:00.000,I 285,I 285 and Bouldercrest Rd,,Rear End,2,Rain,Wet,Daylight
2024-05-21T15:39:00.000,I 285,I 285 and Bouldercrest Rd,,Angle Crash,2,Clear,Dry,Daylight
2024-05-13T02:00:00.000,I 285,I 285 and Bouldercrest Rd,,Sideswipe-Same Direction,2,Clear,Dry,Dark-Not Lighted
2024-11-22T19:20:00.000,I 285,I 285 and Bouldercrest Rd,,Rear End,2,Clear,Dry,Dark-Not Lighted
2024-12-25T14:15:00.000,I 285,I 285 and Bouldercrest Rd,,Sideswipe-Same Direction,3,Clear,Dry,Daylight
2024-10-17T17:14:00.000,I 285,I 285 and Bouldercrest Rd,,Rear End,5,Clear,Dry,Daylight
2024-04-21T02:32:00.000,I 285,I 285 and Bouldercrest Rd,,Not a Collision with Motor Vehicle,1,Rain,Wet,Dark-Not Lighted
2024-02-12T12:59:00.000,I 285,I 285 and Bouldercrest Rd,,Not a Collision with Motor Vehicle,1,Rain,Wet,Daylight
2024-06-23T23:00:00.000,I 285,I 285 and Bouldercrest Rd,,Rear End,2,Cloudy,Dry,Dark-Lighted
2024-03-09T03:00:00.000,I 285,I 285 and Bouldercrest Rd,,Rear End,2,Rain,Wet,Daylight
2024-07-02T13:20:00.000,I 285,I 285 and Bouldercrest Rd,,Rear End,2,Clear,Dry,Daylight
2024-09-25T23:56:00.000,I 285,I 285 and Bouldercrest Rd,,Not a Collision with Motor Vehicle,1,Rain,Water (standing or moving),Dark-Not Lighted
2024-03-09T16:30:00.000,I 285,I 285 and Bouldercrest Rd,,Rear End,2,Clear,Dry,Daylight
2024-06-07T17:15:00.000,I 285,I 285 and Bouldercrest Rd,,Rear End,2,Clear,Dry,Daylight
2024-10-28T00:30:00.000,I 285,I 285 and Bouldercrest Rd,,Sideswipe-Same Direction,2,Clear,Dry,Dark-Not Lighted
2024-07-21T13:45:00.000,I 285,I 285 and Bouldercrest Rd,,Sideswipe-Same Direction,2,Cloudy,Dry,Daylight
2024-08-07T14:15:00.000,I 285,I 285 and Bouldercrest Rd,,Angle Crash,2,Clear,Dry,Daylight
2024-04-04T17:20:00.000,I 285,I 285 and Bouldercrest Rd,,Sideswipe-Opposite Direction,2,Clear,Dry,Daylight
2024-10-25T07:17:00.000,I 285,I 285 and Bouldercrest Rd,,Sideswipe-Same Direction,2,Clear,Dry,Dawn
2024-07-22T17:49:00.000,I 285,I 285 and Bouldercrest Rd,,Rear End,2,Clear,Dry,Daylight
2024-04-05T17:30:00.000,I 285,I 285 and Bouldercrest Rd,,Rear End,2,Clear,Dry,Daylight
2024-05-01T07:19:00.000,I 285,I 285 and Bouldercrest Rd,,Angle Crash,2,Clear,Dry,Daylight
2024-10-24T17:20:00.000,I 285,I 285 and Bouldercrest Rd,,Rear End,2,Clear,Dry,Daylight
2024-06-21T23:25:00.000,I 285,I 285 and Bouldercrest Rd,,Not a Collision with Motor Vehicle,1,Clear,Dry,Dark-Not Lighted
2024-04-29T17:10:00.000,I 285,I 285 and Bouldercrest Rd,,Rear End,4,Clear,Dry,Daylight
2024-01-19T15:55:00.000,I 285,I 285 and Bouldercrest Rd,,Sideswipe-Same Direction,2,Clear,Dry,Daylight
2024-01-09T10:30:00.000,I 285,I 285 and Bouldercrest Rd,,Angle Crash,2,Rain,Water (standing or moving),Daylight
2024-03-05T16:22:00.000,I 285,I 285 and Bouldercrest Rd,,Angle Crash,3,Rain,Wet,Daylight
2024-01-07T02:40:00.000,I 285,I 285 and Bouldercrest Rd,,Angle Crash,4,Clear,Dry,Dark-Not Lighted
2024-03-24T15:00:00.000,I 285,I 285 and Bouldercrest Rd,,Sideswipe-Same Direction,2,Clear,Dry,Daylight
2024-04-09T17:03:00.000,I 285,I 285 and Bouldercrest Rd,,Rear End,2,Clear,Dry,Daylight
2024-08-21T17:30:00.000,I 285,I 285 and Bouldercrest Rd,,Angle Crash,2,Clear,Dry,Daylight
2024-12-05T01:14:00.000,I 285,I 285 and Bouldercrest Rd,,Not a Collision with Motor Vehicle,1,Clear,Dry,Dark-Not Lighted
2024-06-27T16:36:00.000,I 285,I 285 and Bouldercrest Rd,,Rear End,2,Clear,Dry,Daylight
2024-10-16T18:26:00.000,I 285,I 285 and Bouldercrest Rd,,Sideswipe-Same Direction,2,Clear,Dry,Dark-Not Lighted
2024-07-12T07:35:00.000,I 285,I 285 and Bouldercrest Rd,,Angle Crash,2,Clear,Dry,Daylight
2024-09-05T10:50:00.000,I 285,I 285 and Bouldercrest Rd,,Sideswipe-Same Direction,2,Clear,Dry,Daylight
2024-05-26T22:02:00.000,I 285,I 285 and Bouldercrest Rd,,Not a Collision with Motor Vehicle,1,Clear,Dry,Dark-Not Lighted
2024-03-21T23:31:00.000,I 285,I 285 and Bouldercrest Rd,,Rear End,2,Clear,Dry,Dark-Not Lighted
2024-03-11T20:45:00.000,I 285,I 285 and Bouldercrest Rd,,Sideswipe-Same Direction,2,Clear,Dry,Dark-Not Lighted
2024-09-21T14:48:00.000,I 285,I 285 and Bouldercrest Rd,,Sideswipe-Same Direction,2,Clear,Dry,Daylight
2024-01-09T19:40:00.000,I 285,I 285 and Bouldercrest Rd,,Not a Collision with Motor Vehicle,1,Clear,Dry,Dark-Not Lighted
2024-04-21T00:30:00.000,I 285,I 285 and Bouldercrest Rd,,Rear End,2,Rain,Wet,Dark-Not Lighted
2024-07-27T17:00:00.000,I 285,I 285 and Bouldercrest Rd,,Rear End,6,Clear,Dry,Daylight
2024-08-21T16:20:00.000,I 285,I 285 and Bouldercrest Rd,,Angle Crash,2,Clear,Dry,Daylight
2024-09-05T10:50:00.000,I 285,I 285 and Bouldercrest Rd,,Sideswipe-Same Direction,3,Cloudy,Dry,Daylight
2024-10-04T16:14:00.000,I 285,I 285 and Bouldercrest Rd,,Rear End,2,Clear,Dry,Daylight
2024-04-03T02:12:00.000,I 285,I 285 and Bouldercrest Rd,,Not a Collision with Motor Vehicle,1,Rain,Water (standing or moving),Dark-Not Lighted
2024-01-23T16:40:00.000,I 285,I 285 and Bouldercrest Rd,,Head On,2,Clear,Dry,Daylight
2024-06-27T18:05:00.000,I 285,I 285 and Bouldercrest Rd,,Sideswipe-Same Direction,2,Clear,Wet,Daylight
2024-12-20T13:50:00.000,I 285,I 285 and Bouldercrest Rd,,Rear End,2,Clear,Dry,Daylight
2024-02-22T15:20:00.000,I 285,I 285 and Bouldercrest Rd,,Rear End,3,Clear,Dry,Daylight
2024-09-02T01:30:00.000,I 285,I 285 and Bouldercrest Rd,,Not a Collision with Motor Vehicle,7,Clear,Dry,Dark-Not Lighted
2024-05-05T17:01:00.000,I 285,I 285 and Bouldercrest Rd,,Rear End,2,Rain,Wet,Daylight
2024-05-16T18:49:00.000,I 285,I 285 and Bouldercrest Rd,,Rear End,2,Clear,Dry,Daylight
2024-05-17T16:40:00.000,I 285,I 285 and Bouldercrest Rd,,Rear End,2,Clear,Dry,Daylight
2024-06-25T09:02:00.000,I 285,I 285 and Bouldercrest Rd,,Rear End,2,Clear,Dry,Daylight
2024-02-24T19:35:00.000,I 285,I 285 and Bouldercrest Rd,,Angle Crash,2,Clear,Dry,Dark-Not Lighted
2024-05-01T15:50:00.000,I 285,I 285 and Bouldercrest Rd,,Rear End,2,Clear,Dry,Daylight
2024-08-04T04:11:00.000,I 285,I 285 and Bouldercrest Rd,,Not a Collision with Motor Vehicle,1,Clear,Dry,Dark-Not Lighted
2024-01-02T21:05:00.000,I 285,I 285 and Bouldercrest Rd,,Not a Collision with Motor Vehicle,1,Clear,Dry,Dark-Lighted
2024-02-04T20:15:00.000,I 285,I 285 and Bouldercrest Rd,,Angle Crash,4,Rain,Wet,Dark-Not Lighted
2024-07-26T22:51:00.000,I 285,I 285 and Bouldercrest Rd,,Sideswipe-Same Direction,2,Clear,Wet,Dark-Not Lighted
2024-06-06T09:40:00.000,I 285,I 285 and Bouldercrest Rd,,Not a Collision with Motor Vehicle,2,Cloudy,Wet,Daylight
2024-12-11T14:47:00.000,I 285,I 285 and Bouldercrest Rd,,Sideswipe-Same Direction,2,Clear,Dry,Daylight
2024-09-25T19:39:00.000,I 285,I 285 and Bouldercrest Rd,,Angle Crash,2,Rain,Wet,Dark-Not Lighted
2024-02-19T17:31:00.000,I 285,I 285 and Bouldercrest Rd,,Rear End,2,Clear,Dry,Daylight
2024-09-29T15:23:00.000,I 285,I 285 and Bouldercrest Rd,,Sideswipe-Same Direction,2,Cloudy,Dry,Daylight
2024-05-27T19:40:00.000,I 285,I 285 and Bouldercrest Rd,,Angle Crash,2,Clear,Dry,Dark-Lighted
2024-08-07T14:20:00.000,I 285,I 285 and Bouldercrest Rd,,Rear End,2,Clear,Dry,Daylight
2024-03-08T10:16:00.000,I 285,I 285 and Bouldercrest Rd,,Angle Crash,2,Clear,Dry,Daylight
2024-09-06T17:43:00.000,I 285,I 285 and Bouldercrest Rd,,Rear End,2,Cloudy,Wet,Daylight
2024-07-04T21:46:00.000,I 285,I 285 and Bouldercrest Rd,,Sideswipe-Same Direction,2,Clear,Dry,Dark-Lighted
2024-01-30T17:15:00.000,I 285,I 285 and Bouldercrest Rd,,Angle Crash,3,Clear,Dry,Daylight
2024-01-09T10:25:00.000,I 285,I 285 and Bouldercrest Rd,,Rear End,2,Rain,Wet,Daylight
2024-02-25T01:22:00.000,I 285,I 285 and Bouldercrest Rd,,Angle Crash,2,Clear,Dry,Dark-Not Lighted
2024-06-30T00:43:00.000,I 285,I 285 and Bouldercrest Rd,,Sideswipe-Same Direction,3,Clear,Dry,Dark-Not Lighted
2024-01-11T08:20:00.000,I 285,I 285 and Bouldercrest Rd,,Sideswipe-Same Direction,2,Clear,Dry,Daylight
2024-07-12T16:24:00.000,I 285,I 285 and Bouldercrest Rd,,Rear End,2,Clear,Dry,Daylight
2024-06-29T16:16:00.000,I 285,I 285 and Bouldercrest Rd,,Sideswipe-Same Direction,4,Clear,Dry,Daylight
2024-04-06T16:10:00.000,I 285,I 285 and Bouldercrest Rd,,Sideswipe-Same Direction,2,Clear,Dry,Daylight
2024-07-20T06:21:00.000,I 285,I 285 and Bouldercrest Rd,,Sideswipe-Same Direction,2,Clear,Wet,Daylight
2024-01-10T19:35:00.000,I 285,I 285 and Bouldercrest Rd,,Rear End,2,Clear,Dry,Dark-Not Lighted
2024-10-12T17:05:00.000,I 285,I 285 and Bouldercrest Rd,,Sideswipe-Same Direction,2,Clear,Dry,Dusk
2024-07-21T17:00:00.000,I 285,I 285 and Bouldercrest Rd,,Sideswipe-Opposite Direction,2,Rain,Wet,Daylight
2024-05-11T18:30:00.000,I 285,I 285 and Bouldercrest Rd,,Sideswipe-Same Direction,2,Clear,Dry,Daylight
2024-09-02T01:45:00.000,I 285,I 285 and Bouldercrest Rd,,Angle Crash,2,Clear,Dry,Dark-Not Lighted
2024-03-24T15:19:00.000,I 285,I 285 and Bouldercrest Rd,,Rear End,5,Clear,Dry,Daylight
2024-04-14T18:06:00.000,I 285,I 285 and Bouldercrest Rd,,Not a Collision with Motor Vehicle,1,Clear,Dry,Daylight
2024-11-23T03:30:00.000,I 285,I 285 and Bouldercrest Rd,,Rear End,3,Clear,Dry,Dark-Not Lighted
2024-05-28T14:30:00.000,I 285,I 285 and Bouldercrest Rd,,Rear End,2,Clear,Dry,Daylight
2024-11-26T08:15:00.000,I 285,I 285 and Bouldercrest Rd,,Sideswipe-Same Direction,2,Cloudy,Wet,Daylight
2024-11-08T20:44:00.000,I 285,I 285 and Bouldercrest Rd,,Sideswipe-Same Direction,2,Clear,Dry,Dark-Not Lighted
2024-02-09T06:42:00.000,I 285,I 285 and Bouldercrest Rd,,Not a Collision with Motor Vehicle,1,Clear,Dry,Dark-Lighted
2024-11-23T03:35:00.000,I 285,I 285 and Bouldercrest Rd,,Not a Collision with Motor Vehicle,1,Clear,Dry,Dark-Not Lighted
2024-03-07T07:00:00.000,I 285,I 285 and Bouldercrest Rd,,Rear End,2,Clear,Dry,Daylight
2024-01-14T05:30:00.000,I 285,I 285 and Bouldercrest Rd,,Rear End,5,Clear,Dry,Dawn
2024-09-25T14:40:00.000,I 285,I 285 and Bouldercrest Rd,,Sideswipe-Same Direction,2,Clear,Dry,Daylight
2024-07-23T18:13:00.000,I 285,I 285 and Bouldercrest Rd,,Angle Crash,2,Cloudy,Dry,Dawn
2024-03-10T18:11:00.000,I 285,I 285 and Bouldercrest Rd,,Rear End,2,Clear,Dry,Daylight
2024-08-11T18:59:00.000,I 285,I 285 and Bouldercrest Rd,,Sideswipe-Opposite Direction,2,Clear,Dry,Daylight
2024-11-26T14:05:00.000,I 285,I 285 and Bouldercrest Rd,,Rear End,2,Clear,Dry,Daylight
2024-09-14T04:20:00.000,I 285,I 285 and Bouldercrest Rd,,Sideswipe-Same Direction,2,Clear,Dry,Dark-Not Lighted
2024-11-28T21:50:00.000,I 285,I 285 and Bouldercrest Rd,,Sideswipe-Same Direction,2,Clear,Dry,Dark-Not Lighted
2024-04-30T16:49:00.000,I 285,I 285 and Bouldercrest Rd,,Rear End,2,Clear,Dry,Daylight
2024-03-11T13:40:00.000,I 285,I 285 and Bouldercrest Rd,,Angle Crash,2,Clear,Dry,Daylight
2024-10-09T17:30:00.000,I 285,I 285 and Bouldercrest Rd,,Rear End,2,Clear,Dry,Daylight
2024-07-26T21:35:00.000,I 285,I 285 and Bouldercrest Rd,,Rear End,2,Rain,Wet,Dark-Not Lighted
2024-05-06T08:25:00.000,I 285,I 285 and Bouldercrest Rd,,Sideswipe-Same Direction,2,Cloudy,Dry,Daylight
2024-02-27T04:06:00.000,I 285,I 285 and Bouldercrest Rd,,Rear End,2,Clear,Dry,Dark-Lighted
2024-06-21T11:55:00.000,I 285,I 285 and Bouldercrest Rd,,Not a Collision with Motor Vehicle,2,Clear,Dry,Daylight
2024-05-31T00:00:00.000,I 285,I 285 and Bouldercrest Rd,,Not a Collision with Motor Vehicle,1,Clear,Dry,Dark-Not Lighted
2022-12-23T18:42:00.000,I 285,I 285 and Bouldercrest Dr,,Not a Collision with Motor Vehicle,2,Clear,Dry,Dark-Lighted
2021-06-13T06:25:00.000,I 285,I 285 and Bouldercrest Ct,,Rear End,2,Clear,Dry,Daylight
2021-04-06T21:15:00.000,I 285,I 285 and Bouldercrest Ct,,Rear End,2,Clear,Dry,Dark-Lighted
2023-04-29T20:20:00.000,I 285,I 285 and Bouldercrest Ct,,Sideswipe-Opposite Direction,2,Clear,Dry,Daylight
2023-11-27T12:00:00.000,I 285,I 285 and Bouldercrest Ct,,Sideswipe-Same Direction,2,Clear,Dry,Daylight
2023-01-20T15:15:00.000,I 285,I 285 and Bouldercrest Ct,,Sideswipe-Opposite Direction,2,Clear,Dry,Daylight
2020-07-09T09:09:00.000,I 285,I 285 and Bouldercrest Ct,,Sideswipe-Same Direction,2,Cloudy,Dry,Daylight
2020-07-31T17:40:00.000,I 285,I 285 and Bouldercrest Ct,,Angle Crash,3,Clear,Dry,Daylight
2021-04-08T05:45:00.000,I 285,I 285 and Bouldercrest Ct,,Sideswipe-Same Direction,2,Clear,Dry,Dark-Not Lighted
2021-04-08T19:15:00.000,I 285,I 285 and Bouldercrest Ct,,Sideswipe-Same Direction,2,Clear,Dry,Daylight
2021-11-20T16:36:00.000,I 285,I 285 and Bouldercrest Ct,,Rear End,2,Clear,Dry,Daylight
2024-12-30T11:09:00.000,I 285,I 285 and Bouldercrest Ct,,Not a Collision with Motor Vehicle,5,Clear,Dry,Daylight
2024-05-17T10:10:00.000,I 285,I 285 and Bouldercrest Ct,,Angle Crash,2,Cloudy,Dry,Daylight
2023-12-12T22:00:00.000,I 285,I 285 and Bouldercrest,,Sideswipe-Same Direction,2,Clear,Dry,Dark-Not Lighted
2020-03-01T12:00:00.000,I 285,I 285 and Bouldercrest,,Not a Collision with Motor Vehicle,1,Clear,Dry,Daylight
2022-02-14T22:10:00.000,I 285,I 285 and Bouldercrest,,Not a Collision with Motor Vehicle,1,Clear,Dry,Dark-Lighted
2023-12-12T22:25:00.000,I 285,I 285 and Bouldercrest,,Sideswipe-Same Direction,2,Clear,Dry,Dark-Lighted
2024-05-03T13:30:00.000,I 285,I 285 and Bouldercrest,,Rear End,2,Clear,Dry,Daylight
2024-04-28T00:30:00.000,I 285,I 285 and Bouldercrest,,Sideswipe-Same Direction,2,Clear,Dry,Dark-Not Lighted
2020-07-13T10:00:00.000,I 285,I 285 and Bouldercresr Rd,,Angle Crash,2,Clear,Dry,Daylight
2024-08-29T17:05:00.000,I 285,I 285 and Boulder Road Opas,,Sideswipe-Same Direction,2,Clear,Dry,Daylight