Date and Time,Roadway (From Crash Report),Intersection Name (from Crash Report),KABCO Severity,Manner of Collision (Crash Level) ,# of Vehicles per crash ,Weather Conditions (Crash Level),Surface Condition (Crash Level) ,Light Conditions (Crash Level)
2022-10-13T06:38:00.000,I 285,I 285 and Boulder Park Road Opas,,Sideswipe-Same Direction,2,Rain,Wet,Daylight
2024-02-02T14:10:00.000,I 285,I 285 and Boulder Park Road Opas,,Sideswipe-Same Direction,2,Clear,Dry,Daylight
2022-03-25T12:10:00.000,I 285,I 285 and Boulder Park Rd,,Rear End,2,Clear,Dry,Daylight
2021-07-19T17:24:00.000,I 285,I 285 and Boulder Park Rd,,Rear End,2,Rain,Wet,Daylight
2021-07-19T15:23:00.000,I 285,I 285 and Boulder Park Drive Opas,,Rear End,2,Clear,Dry,Daylight
2024-03-29T19:11:00.000,I 285,I 285 and Boulder Park Drive Opas,,Sideswipe-Same Direction,2,Clear,Dry,Daylight
2021-07-29T16:52:00.000,I 285,I 285 and Boulder Park Dr Opas,,Rear End,3,Clear,Dry,Daylight
2022-06-02T17:25:00.000,I 285,I 285 and Boulder Park Dr Opas,,Rear End,2,Clear,Dry,Daylight
2023-07-17T15:36:00.000,I 285,I 285 and Boulder Park Dr Opas,,Rear End,2,Clear,Dry,Daylight
2021-09-09T16:00:00.000,I 285,I 285 and Boulder Park Dr,,Rear End,2,Clear,Dry,Daylight
2021-03-04T18:31:00.000,I 285,I 285 and Boulder Park Dr,,Rear End,2,Clear,Dry,Dusk
2021-01-18T10:00:00.000,I 285,I 285 and Boulder Park Dr,,Rear End,4,Clear,Dry,Daylight
2020-02-02T15:44:00.000,I 285,I 285 and Boulder Park Dr,,Rear End,2,Clear,Dry,Daylight
2023-12-22T17:10:00.000,I 285,I 285 and Boulder Park Dr,,Rear End,2,Clear,Dry,Daylight
2023-04-28T17:28:00.000,I 285,I 285 and Boulder Park Dr,,Rear End,3,Clear,Dry,Daylight
2023-08-03T17:54:00.000,I 285,I 285 and Boulder Park Dr,,Rear End,2,Rain,Wet,Daylight
2023-12-01T17:43:00.000,I 285,I 285 and Boulder Park Dr,,Sideswipe-Same Direction,2,Cloudy,Dry,Dark-Not Lighted
2020-12-30T19:15:00.000,I 285,I 285 and Boulder Park Dr,,Rear End,3,Clear,Dry,Dark-Not Lighted
2020-09-27T15:43:00.000,I 285,I 285 and Boulder Park Dr,,Sideswipe-Same Direction,2,Clear,Dry,Daylight
2020-06-30T11:35:00.000,I 285,I 285 and Boulder Park Dr,,Rear End,2,Clear,Dry,Daylight
2020-05-03T18:01:00.000,I 285,I 285 and Boulder Park Dr,,Sideswipe-Same Direction,2,Clear,Dry,Daylight
2020-02-15T05:02:00.000,I 285,I 285 and Boulder Park Dr,,Not a Collision with Motor Vehicle,2,Clear,Dry,Dark-Not Lighted
2020-03-22T11:32:00.000,I 285,I 285 and Boulder Park Dr,,Rear End,2,Clear,Dry,Daylight
2020-09-21T14:08:00.000,I 285,I 285 and Boulder Park Dr,,Sideswipe-Same Direction,2,Clear,Dry,Daylight
2020-07-12T15:32:00.000,I 285,I 285 and Boulder Park Dr,,Angle Crash,2,Clear,Dry,Daylight
2020-02-20T09:00:00.000,I 285,I 285 and Boulder Park Dr,,Not a Collision with Motor Vehicle,1,Rain,Wet,Daylight
2020-09-21T17:30:00.000,I 285,I 285 and Boulder Park Dr,,Rear End,3,Clear,Dry,Daylight
2020-12-08T19:45:00.000,I 285,I 285 and Boulder Park Dr,,Rear End,4,Clear,Dry,Dark-Not Lighted
2020-01-14T11:04:00.000,I 285,I 285 and Boulder Park Dr,,Sideswipe-Same Direction,3,Rain,Wet,Daylight
2020-10-20T00:30:00.000,I 285,I 285 and Boulder Park Dr,,Sideswipe-Same Direction,2,Clear,Dry,Dark-Lighted
2020-11-04T08:44:00.000,I 285,I 285 and Boulder Park Dr,,Sideswipe-Same Direction,2,Clear,Dry,Daylight
2020-01-31T00:13:00.000,I 285,I 285 and Boulder Park Dr,,Rear End,2,Clear,Dry,Dark-Lighted
2020-07-31T14:30:00.000,I 285,I 285 and Boulder Park Dr,,Not a Collision with Motor Vehicle,2,Clear,Dry,Daylight
2021-10-19T18:28:00.000,I 285,I 285 and Boulder Park Dr,,Sideswipe-Same Direction,2,Clear,Dry,Daylight
2021-10-08T17:49:00.000,I 285,I 285 and Boulder Park Dr,,Rear End,4,Clear,Dry,Daylight
2022-10-20T09:35:00.000,I 285,I 285 and Boulder Park Dr,,Rear End,2,Clear,Dry,Daylight
2022-03-25T12:33:00.000,I 285,I 285 and Boulder Park Dr,,Sideswipe-Same Direction,2,Clear,Dry,Daylight
2022-10-20T09:35:00.000,I 285,I 285 and Boulder Park Dr,,Rear End,2,Clear,Dry,Daylight
2024-10-21T18:52:00.000,I 285,I 285 and Boulder Park Dr,,Sideswipe-Same Direction,2,Clear,Dry,Dark-Lighted
2023-05-25T09:13:00.000,I 285,I 285 and Boulder Park Dr,,Rear End,2,Clear,Dry,Daylight
2024-07-22T18:20:00.000,I 285,I 285 and Boulder Park Dr,,Sideswipe-Same Direction,2,Cloudy,Dry,Daylight
2021-10-08T18:30:00.000,I 285,I 285 and Boulder Park,,Rear End,2,Clear,Dry,Daylight
2020-01-17T16:00:00.000,I 285,I 285 and Boulder Crest Rd,,Not a Collision with Motor Vehicle,2,Clear,Dry,Daylight
2024-07-11T09:40:00.000,I 285,I 285 and Boulder Crest Rd,,Rear End,2,Clear,Dry,Daylight
2023-03-31T20:09:00.000,I 285,I 285 and Boulder Chase Dr,,Rear End,2,Clear,Dry,Dark-Not Lighted
2020-06-06T05:27:00.000,I 285,I 285 and Bouldcrest Rd,,Not a Collision with Motor Vehicle,1,Clear,Dry,Dark-Not Lighted
2022-03-25T10:39:00.000,I 285,I 285 and Boukdercrest Rd,,Sideswipe-Same Direction,2,Clear,Dry,Daylight
2023-08-17T06:20:00.000,I 285,I 285 and Boudlercrest Rd,,Angle Crash,2,Clear,Dry,Dark-Not Lighted
2023-02-12T05:00:00.000,I 285,I 285 and Boudlercrest Rd,,Rear End,2,Rain,Wet,Dark-Not Lighted
2024-06-09T14:55:00.000,I 285,I 285 and Boudlercrest Rd,,Not a Collision with Motor Vehicle,2,Clear,Dry,Daylight
2023-05-03T16:40:00.000,I 285,I 285 and Boudercrest Rd,,Angle Crash,2,Clear,Dry,Daylight
2022-04-06T09:25:00.000,I 285,I 285 and Bolton Road Road Opas,,Angle Crash,3,Clear,Dry,Daylight
2020-01-07T07:20:00.000,I 285,I 285 and Bolton Road Over Pass,,Rear End,1,Cloudy,Wet,Dawn
2021-07-06T17:50:00.000,I 285,I 285 and Bolton Road Opas,,Rear End,3,Clear,Dry,Daylight
2022-04-01T10:25:00.000,I 285,I 285 and Bolton Road Opas,,Sideswipe-Same Direction,2,Clear,Dry,Daylight
2022-05-23T09:10:00.000,I 285,I 285 and Bolton Road Opas,,Angle Crash,2,Rain,Wet,Daylight
2022-04-04T17:40:00.000,I 285,I 285 and Bolton Road Opas,,Rear End,2,Clear,Dry,Daylight
2022-07-21T08:44:00.000,I 285,I 285 and Bolton Road Opas,,Rear End,2,Rain,Wet,Daylight
2022-05-23T08:08:00.000,I 285,I 285 and Bolton Road Opas,,Rear End,2,Clear,Wet,Daylight
2023-10-17T18:00:00.000,I 285,I 285 and Bolton Road Northwest,,Rear End,2,Clear,Dry,Daylight
2024-09-20T12:24:00.000,I 285,I 285 and Bolton Road Northwest,,Rear End,2,Clear,Dry,Daylight
2020-03-10T15:52:00.000,I 285,I 285 and Bolton Road Entrance Rp,,Sideswipe-Same Direction,2,Cloudy,Dry,Daylight
2020-07-20T06:59:00.000,I 285,I 285 and Bolton Road Entrance Rp,,Sideswipe-Same Direction,3,Cloudy,Dry,Daylight
2023-08-11T07:58:00.000,I 285,I 285 and Bolton Rd.,,Sideswipe-Same Direction,3,Rain,Wet,Daylight
2023-03-23T15:29:00.000,I 285,I 285 and Bolton Rd.,,Sideswipe-Same Direction,2,Clear,Dry,Daylight
2022-11-21T09:01:00.000,I 285,I 285 and Bolton Rd.,,Rear End,2,Clear,Dry,Daylight
2023-03-17T07:50:00.000,I 285,I 285 and Bolton Rd.,,Sideswipe-Same Direction,2,Rain,Wet,Daylight
2023-09-11T10:01:00.000,I 285,I 285 and Bolton Rd.,,Rear End,2,Clear,Dry,Daylight
2021-09-17T13:28:00.000,I 285,I 285 and Bolton Rd Opas,,Rear End,2,Cloudy,Dry,Daylight
2021-05-28T11:27:00.000,I 285,I 285 and Bolton Rd Opas,,Rear End,2,Cloudy,Dry,Daylight
2021-03-10T19:33:00.000,I 285,I 285 and Bolton Rd Opas,,Rear End,2,Clear,Dry,Dark-Not Lighted
2021-04-29T13:59:00.000,I 285,I 285 and Bolton Rd Opas,,Rear End,2,Cloudy,Dry,Daylight
2021-06-01T14:25:00.000,I 285,I 285 and Bolton Rd Opas,,Rear End,2,Clear,Dry,Daylight
2021-09-20T13:58:00.000,I 285,I 285 and Bolton Rd Opas,,Not a Collision with Motor Vehicle,1,Rain,Wet,Daylight
2021-09-10T17:31:00.000,I 285,I 285 and Bolton Rd Opas,,Rear End,2,Clear,Dry,Daylight
2021-07-29T16:20:00.000,I 285,I 285 and Bolton Rd Opas,,Rear End,2,Clear,Dry,Daylight
2021-10-22T17:07:00.000,I 285,I 285 and Bolton Rd Opas,,Rear End,2,Clear,Dry,Daylight
2021-07-01T10:14:00.000,I 285,I 285 and Bolton Rd Exit Rp,,Sideswipe-Same Direction,2,Cloudy,Dry,Daylight
2021-05-03T13:25:00.000,I 285,I 285 and Bolton Rd Exit 13,,Not a Collision with Motor Vehicle,1,Rain,Wet,Daylight
2021-08-11T13:15:00.000,I 285,I 285 and Bolton Rd Entrance Rp,,Sideswipe-Same Direction,2,Cloudy,Wet,Daylight
2022-12-02T08:14:00.000,I 285,I 285 and Bolton Rd Entrance Rp,,Sideswipe-Same Direction,3,Cloudy,Dry,Daylight
2021-03-26T17:45:00.000,I 285,I 285 and Bolton Rd,,Not a Collision with Motor Vehicle,1,Cloudy,Dry,Daylight
2021-05-21T18:00:00.000,I 285,I 285 and Bolton Rd,,Rear End,2,Clear,Dry,Daylight
2021-04-09T12:55:00.000,I 285,I 285 and Bolton Rd,,Angle Crash,2,Cloudy,Dry,Daylight
2021-11-02T06:23:00.000,I 285,I 285 and Bolton Rd,,Rear End,2,Cloudy,Dry,Dark-Not Lighted
2021-08-31T17:08:00.000,I 285,I 285 and Bolton Rd,,Not a Collision with Motor Vehicle,1,Rain,Wet,Daylight
2021-03-19T16:53:00.000,I 285,I 285 and Bolton Rd,,Rear End,2,Cloudy,Dry,Daylight
2021-06-23T15:42:00.000,I 285,I 285 and Bolton Rd,,Sideswipe-Same Direction,2,Clear,Dry,Daylight
2021-01-27T17:52:00.000,I 285,I 285 and Bolton Rd,,Rear End,2,Cloudy,Dry,Daylight
2021-04-19T14:45:00.000,I 285,I 285 and Bolton Rd,,Not a Collision with Motor Vehicle,1,Clear,Dry,Daylight
2021-01-12T13:01:00.000,I 285,I 285 and Bolton Rd,,Rear End,2,Cloudy,Dry,Daylight
2021-01-01T19:53:00.000,I 285,I 285 and Bolton Rd,,Not a Collision with Motor Vehicle,1,Clear,Wet,Dark-Lighted
2021-06-25T10:45:00.000,I 285,I 285 and Bolton Rd,,Rear End,3,Clear,Dry,Daylight
2021-05-06T08:50:00.000,I 285,I 285 and Bolton Rd,,Rear End,2,Clear,Dry,Daylight
2021-05-21T10:55:00.000,I 285,I 285 and Bolton Rd,,Sideswipe-Same Direction,2,Clear,Dry,Daylight
2021-01-08T06:40:00.000,I 285,I 285 and Bolton Rd,,Not a Collision with Motor Vehicle,1,Rain,Wet,Dark-Not Lighted
2021-01-15T16:47:00.000,I 285,I 285 and Bolton Rd,,Rear End,2,Clear,Dry,Daylight
2021-03-01T07:20:00.000,I 285,I 285 and Bolton Rd,,Not a Collision with Motor Vehicle,2,Rain,Wet,Dark-Not Lighted
2021-05-25T14:50:00.000,I 285,I 285 and Bolton Rd,,Rear End,2,Clear,Dry,Daylight
2021-06-24T08:08:00.000,I 285,I 285 and Bolton Rd,,Rear End,2,Cloudy,Dry,Daylight
2021-08-12T16:10:00.000,I 285,I 285 and Bolton Rd,,Rear End,2,Clear,Dry,Daylight
2021-09-29T08:30:00.000,I 285,I 285 and Bolton Rd,,Rear End,2,Clear,Dry,Daylight
2021-08-12T16:24:00.000,I 285,I 285 and Bolton Rd,,Rear End,2,Clear,Dry,Daylight
2021-08-25T18:29:00.000,I 285,I 285 and Bolton Rd,,Not a Collision with Motor Vehicle,2,Cloudy,Wet,Daylight
2021-06-15T11:00:00.000,I 285,I 285 and Bolton Rd,,Sideswipe-Same Direction,2,Clear,Dry,Daylight
2021-02-10T17:49:00.000,I 285,I 285 and Bolton Rd,,Rear End,2,Clear,Dry,Dark-Lighted
2021-02-12T21:31:00.000,I 285,I 285 and Bolton Rd,,Sideswipe-Same Direction,2,Clear,Dry,Dark-Not Lighted
2021-01-27T06:15:00.000,I 285,I 285 and Bolton Rd,,Not a Collision with Motor Vehicle,1,Rain,Wet,Dark-Not Lighted
2021-02-25T13:50:00.000,I 285,I 285 and Bolton Rd,,Rear End,2,Clear,Dry,Daylight
2021-03-26T18:49:00.000,I 285,I 285 and Bolton Rd,,Sideswipe-Same Direction,2,Cloudy,Dry,Daylight
2021-07-22T10:36:00.000,I 285,I 285 and Bolton Rd,,Rear End,2,Cloudy,Dry,Daylight
2021-09-10T12:05:00.000,I 285,I 285 and Bolton Rd,,Sideswipe-Same Direction,2,Clear,Dry,Daylight
2021-07-02T11:46:00.000,I 285,I 285 and Bolton Rd,,Rear End,2,Rain,Wet,Daylight
2021-10-07T14:27:00.000,I 285,I 285 and Bolton Rd,,Sideswipe-Same Direction,2,Cloudy,Dry,Daylight
2021-07-23T13:16:00.000,I 285,I 285 and Bolton Rd,,Rear End,3,Cloudy,Dry,Daylight
2021-11-15T14:35:00.000,I 285,I 285 and Bolton Rd,,Rear End,3,Clear,Dry,Daylight
2021-11-23T10:20:00.000,I 285,I 285 and Bolton Rd,,Rear End,2,Clear,Dry,Daylight
2021-06-17T18:15:00.000,I 285,I 285 and Bolton Rd,,Sideswipe-Same Direction,2,Clear,Dry,Daylight
2021-05-24T15:11:00.000,I 285,I 285 and Bolton Rd,,Sideswipe-Same Direction,2,Cloudy,Dry,Daylight
2021-05-17T21:20:00.000,I 285,I 285 and Bolton Rd,,Not a Collision with Motor Vehicle,1,Clear,Dry,Dark-Not Lighted
2021-01-01T12:15:00.000,I 285,I 285 and Bolton Rd,,Not a Collision with Motor Vehicle,1,Rain,Wet,Daylight
2021-01-15T15:49:00.000,I 285,I 285 and Bolton Rd,,Sideswipe-Same Direction,2,Clear,Dry,Daylight
2020-06-25T16:28:00.000,I 285,I 285 and Bolton Rd,,Rear End,2,Cloudy,Wet,Daylight
2020-10-21T13:58:00.000,I 285,I 285 and Bolton Rd,,Rear End,2,Clear,Dry,Daylight
2020-09-22T23:35:00.000,I 285,I 285 and Bolton Rd,,Sideswipe-Same Direction,2,Clear,Dry,Dark-Lighted
2020-11-02T10:00:00.000,I 285,I 285 and Bolton Rd,,Sideswipe-Same Direction,2,Clear,Dry,Daylight
2020-03-21T08:55:00.000,I 285,I 285 and Bolton Rd,,Sideswipe-Same Direction,2,Cloudy,Dry,Daylight
2020-02-05T22:51:00.000,I 285,I 285 and Bolton Rd,,Rear End,2,Rain,Wet,Dark-Not Lighted
2020-08-26T16:00:00.000,I 285,I 285 and Bolton Rd,,Rear End,2,Cloudy,Dry,Daylight
2023-08-31T07:00:00.000,I 285,I 285 and Bolton Rd,,Sideswipe-Same Direction,2,Clear,Dry,Daylight
2023-09-26T15:10:00.000,I 285,I 285 and Bolton Rd,,Sideswipe-Same Direction,3,Cloudy,Dry,Daylight
2023-03-27T13:40:00.000,I 285,I 285 and Bolton Rd,,Sideswipe-Same Direction,2,Cloudy,Dry,Daylight
2023-04-25T17:45:00.000,I 285,I 285 and Bolton Rd,,Rear End,2,Cloudy,Dry,Daylight
2023-02-21T08:36:00.000,I 285,I 285 and Bolton Rd,,Rear End,2,Cloudy,Wet,Daylight
2023-10-13T15:38:00.000,I 285,I 285 and Bolton Rd,,Rear End,2,Clear,Dry,Daylight
2023-01-10T16:15:00.000,I 285,I 285 and Bolton Rd,,Rear End,2,Clear,Dry,Daylight
2023-08-31T11:47:00.000,I 285,I 285 and Bolton Rd,,Sideswipe-Same Direction,2,Clear,Dry,Daylight
2023-11-07T16:42:00.000,I 285,I 285 and Bolton Rd,,Rear End,2,Clear,Dry,Daylight
2023-04-24T13:10:00.000,I 285,I 285 and Bolton Rd,,Rear End,2,Clear,Dry,Daylight
2023-01-17T10:34:00.000,I 285,I 285 and Bolton Rd,,Rear End,2,Rain,Wet,Daylight
2023-07-17T18:15:00.000,I 285,I 285 and Bolton Rd,,Rear End,2,Cloudy,Dry,Daylight
2023-08-18T07:40:00.000,I 285,I 285 and Bolton Rd,,Not a Collision with Motor Vehicle,1,Clear,Dry,Daylight
2023-04-18T07:51:00.000,I 285,I 285 and Bolton Rd,,Rear End,2,Clear,Dry,Daylight
2023-03-10T16:42:00.000,I 285,I 285 and Bolton Rd,,Sideswipe-Same Direction,2,Cloudy,Dry,Daylight
2023-02-06T06:00:00.000,I 285,I 285 and Bolton Rd,,Sideswipe-Same Direction,2,Clear,Dry,Dark-Not Lighted
2023-05-09T15:28:00.000,I 285,I 285 and Bolton Rd,,Rear End,2,Cloudy,Dry,Daylight
2023-08-31T11:42:00.000,I 285,I 285 and Bolton Rd,,Rear End,2,Clear,Dry,Daylight
2023-08-29T08:53:00.000,I 285,I 285 and Bolton Rd,,Rear End,2,Cloudy,Dry,Daylight
2023-12-05T17:49:00.000,I 285,I 285 and Bolton Rd,,Rear End,2,Clear,Dry,Daylight
2023-06-16T11:55:00.000,I 285,I 285 and Bolton Rd,,Rear End,2,Clear,Dry,Daylight
2023-02-10T12:40:00.000,I 285,I 285 and Bolton Rd,,Rear End,2,Cloudy,Dry,Daylight
2023-07-25T11:33:00.000,I 285,I 285 and Bolton Rd,,Sideswipe-Same Direction,2,Clear,Dry,Daylight
2023-07-13T15:35:00.000,I 285,I 285 and Bolton Rd,,Rear End,2,Clear,Dry,Daylight
2023-06-28T08:44:00.000,I 285,I 285 and Bolton Rd,,Sideswipe-Same Direction,2,Clear,Dry,Daylight
2023-02-28T16:31:00.000,I 285,I 285 and Bolton Rd,,Sideswipe-Same Direction,2,Clear,Dry,Daylight
2023-03-10T11:35:00.000,I 285,I 285 and Bolton Rd,,Sideswipe-Same Direction,2,Cloudy,Dry,Daylight
2023-07-31T18:07:00.000,I 285,I 285 and Bolton Rd,,Rear End,2,Clear,Dry,Daylight
2023-06-30T13:41:00.000,I 285,I 285 and Bolton Rd,,Rear End,2,Rain,Wet,Daylight
2022-05-16T16:17:00.000,I 285,I 285 and Bolton Rd,,Rear End,2,Clear,Dry,Daylight
2022-02-28T15:23:00.000,I 285,I 285 and Bolton Rd,,Rear End,2,Clear,Dry,Daylight
2022-05-02T16:35:00.000,I 285,I 285 and Bolton Rd,,Rear End,2,Clear,Dry,Daylight
2022-10-11T06:40:00.000,I 285,I 285 and Bolton Rd,,Sideswipe-Same Direction,2,Clear,Dry,Daylight
2022-02-10T14:56:00.000,I 285,I 285 and Bolton Rd,,Sideswipe-Same Direction,2,Clear,Dry,Daylight
2020-01-19T18:36:00.000,I 285,I 285 and Bolton Rd,,Rear End,2,Clear,Dry,Dark-Not Lighted
2023-11-16T13:20:00.000,I 285,I 285 and Bolton Rd,,Rear End,2,Cloudy,Dry,Daylight
2020-07-08T00:41:00.000,I 285,I 285 and Bolton Rd,,Rear End,2,Clear,Dry,Dark-Not Lighted
2021-03-19T15:31:00.000,I 285,I 285 and Bolton Rd,,Sideswipe-Same Direction,2,Cloudy,Dry,Daylight
2021-09-13T11:45:00.000,I 285,I 285 and Bolton Rd,,Not a Collision with Motor Vehicle,1,Cloudy,Dry,Daylight
2020-09-26T18:20:00.000,I 285,I 285 and Bolton Rd,,Rear End,2,Clear,Dry,Daylight
2020-10-18T15:42:00.000,I 285,I 285 and Bolton Rd,,Angle Crash,1,Clear,Dry,Daylight
2020-01-20T15:07:00.000,I 285,I 285 and Bolton Rd,,Rear End,2,Clear,Dry,Daylight
2020-09-26T17:15:00.000,I 285,I 285 and Bolton Rd,,Sideswipe-Same Direction,2,Clear,Dry,Daylight
2020-08-10T13:25:00.000,I 285,I 285 and Bolton Rd,,Sideswipe-Same Direction,2,Cloudy,Dry,Daylight
2020-02-06T05:18:00.000,I 285,I 285 and Bolton Rd,,Rear End,2,Rain,Wet,Dark-Not Lighted
2020-05-03T00:05:00.000,I 285,I 285 and Bolton Rd,,Rear End,2,Clear,Dry,Dark-Not Lighted
2020-02-16T13:22:00.000,I 285,I 285 and Bolton Rd,,Sideswipe-Same Direction,2,Cloudy,Dry,Daylight
2020-06-24T23:03:00.000,I 285,I 285 and Bolton Rd,,Rear End,2,Rain,Wet,Dark-Lighted
2020-07-21T16:07:00.000,I 285,I 285 and Bolton Rd,,Sideswipe-Same Direction,2,Cloudy,Dry,Daylight
2020-04-25T04:31:00.000,I 285,I 285 and Bolton Rd,,Not a Collision with Motor Vehicle,1,Clear,Dry,Dark-Not Lighted
2020-02-01T20:26:00.000,I 285,I 285 and Bolton Rd,,Sideswipe-Same Direction,2,Clear,Dry,Dark-Lighted
2020-02-20T21:39:00.000,I 285,I 285 and Bolton Rd,,Angle Crash,2,Cloudy,Wet,Dark-Not Lighted
2020-01-04T22:51:00.000,I 285,I 285 and Bolton Rd,,Rear End,2,Clear,Dry,Dark-Not Lighted
2020-10-11T10:43:00.000,I 285,I 285 and Bolton Rd,,Not a Collision with Motor Vehicle,1,Rain,Water (standing or moving),Daylight
2020-05-29T17:16:00.000,I 285,I 285 and Bolton Rd,,Rear End,3,Clear,Dry,Daylight
2020-02-06T09:51:00.000,I 285,I 285 and Bolton Rd,,Sideswipe-Same Direction,2,Rain,Wet,Daylight
2020-11-30T08:15:00.000,I 285,I 285 and Bolton Rd,,Rear End,2,Cloudy,Dry,Daylight
2020-09-25T04:50:00.000,I 285,I 285 and Bolton Rd,,Not a Collision with Motor Vehicle,1,Rain,Wet,Dark-Lighted
2020-01-24T19:41:00.000,I 285,I 285 and Bolton Rd,,Not a Collision with Motor Vehicle,1,Clear,Dry,Dark-Not Lighted
2020-02-18T19:53:00.000,I 285,I 285 and Bolton Rd,,Rear End,1,Rain,Wet,Dark-Not Lighted
2020-12-23T17:10:00.000,I 285,I 285 and Bolton Rd,,Rear End,2,Cloudy,Dry,Dusk
2020-12-16T08:07:00.000,I 285,I 285 and Bolton Rd,,Rear End,2,Rain,Wet,Daylight
2020-04-19T21:11:00.000,I 285,I 285 and Bolton Rd,,Not a Collision with Motor Vehicle,1,Rain,Water (standing or moving),Dark-Lighted
2020-04-29T08:52:00.000,I 285,I 285 and Bolton Rd,,Rear End,2,Cloudy,Dry,Daylight
2020-03-27T18:31:00.000,I 285,I 285 and Bolton Rd,,Not a Collision with Motor Vehicle,1,Clear,Dry,Daylight
2020-09-26T15:35:00.000,I 285,I 285 and Bolton Rd,,Rear End,2,Cloudy,Dry,Daylight
2020-02-06T06:32:00.000,I 285,I 285 and Bolton Rd,,Sideswipe-Same Direction,2,Rain,Wet,Dark-Not Lighted
2020-08-14T16:33:00.000,I 285,I 285 and Bolton Rd,,Sideswipe-Same Direction,2,Rain,Wet,Daylight
2020-01-27T12:23:00.000,I 285,I 285 and Bolton Rd,,Rear End,3,Cloudy,Dry,Daylight
2020-01-31T15:53:00.000,I 285,I 285 and Bolton Rd,,Rear End,2,Cloudy,Dry,Daylight
2020-01-16T09:10:00.000,I 285,I 285 and Bolton Rd,,Rear End,3,Cloudy,Dry,Daylight
2020-01-30T21:22:00.000,I 285,I 285 and Bolton Rd,,Rear End,3,Clear,Dry,Dark-Lighted
2020-01-05T18:58:00.000,I 285,I 285 and Bolton Rd,,Rear End,3,Clear,Dry,Daylight
2020-05-08T15:02:00.000,I 285,I 285 and Bolton Rd,,Rear End,2,Rain,Wet,Daylight
2020-10-23T16:25:00.000,I 285,I 285 and Bolton Rd,,Rear End,2,Cloudy,Dry,Daylight
2020-02-18T20:14:00.000,I 285,I 285 and Bolton Rd,,Not a Collision with Motor Vehicle,1,Rain,Wet,Dark-Lighted
2020-03-08T16:38:00.000,I 285,I 285 and Bolton Rd,,Sideswipe-Same Direction,2,Clear,Dry,Daylight
2020-02-03T07:13:00.000,I 285,I 285 and Bolton Rd,,Rear End,2,Clear,Dry,Daylight
2020-06-11T16:45:00.000,I 285,I 285 and Bolton Rd,,Rear End,3,Clear,Dry,Daylight
2020-11-01T15:00:00.000,I 285,I 285 and Bolton Rd,,Rear End,2,Clear,Dry,Daylight
2020-02-11T16:31:00.000,I 285,I 285 and Bolton Rd,,Rear End,2,Rain,Wet,Daylight
2020-11-08T12:40:00.000,I 285,I 285 and Bolton Rd,,Not a Collision with Motor Vehicle,1,Clear,Dry,Daylight
2020-06-09T13:50:00.000,I 285,I 285 and Bolton Rd,,Rear End,2,Clear,Wet,Daylight
2020-08-09T20:06:00.000,I 285,I 285 and Bolton Rd,,Sideswipe-Same Direction,3,Clear,Dry,Daylight
2020-07-30T00:00:00.000,I 285,I 285 and Bolton Rd,,Not a Collision with Motor Vehicle,1,Rain,Wet,Dark-Lighted
2020-06-08T01:28:00.000,I 285,I 285 and Bolton Rd,,Not a Collision with Motor Vehicle,1,Clear,Dry,Dark-Lighted
2020-06-21T19:44:00.000,I 285,I 285 and Bolton Rd,,Angle Crash,3,Clear,Dry,Daylight
2020-12-27T01:46:00.000,I 285,I 285 and Bolton Rd,,Sideswipe-Same Direction,2,Clear,Dry,Dark-Not Lighted
2020-11-01T12:42:00.000,I 285,I 285 and Bolton Rd,,Rear End,4,Clear,Dry,Daylight
2020-10-24T10:18:00.000,I 285,I 285 and Bolton Rd,,Angle Crash,2,Clear,Dry,Daylight
2020-07-16T15:14:00.000,I 285,I 285 and Bolton Rd,,Rear End,2,Clear,Dry,Daylight
2020-10-30T22:19:00.000,I 285,I 285 and Bolton Rd,,Angle Crash,2,Clear,Dry,Dark-Not Lighted
2020-03-18T23:47:00.000,I 285,I 285 and Bolton Rd,,Rear End,3,Clear,Water (standing or moving),Dark-Lighted
2020-02-15T21:03:00.000,I 285,I 285 and Bolton Rd,,Rear End,2,Clear,Dry,Dark-Lighted
2020-02-02T00:56:00.000,I 285,I 285 and Bolton Rd,,Angle Crash,2,Clear,Dry,Dark-Not Lighted
2020-10-01T09:18:00.000,I 285,I 285 and Bolton Rd,,Sideswipe-Same Direction,2,Clear,Dry,Daylight
2020-10-10T06:44:00.000,I 285,I 285 and Bolton Rd,,Not a Collision with Motor Vehicle,1,Rain,Wet,Dawn
2020-08-21T18:42:00.000,I 285,I 285 and Bolton Rd,,Angle Crash,2,Rain,Wet,Daylight
2020-12-18T15:28:00.000,I 285,I 285 and Bolton Rd,,Rear End,2,Clear,Dry,Daylight
2020-09-26T16:33:00.000,I 285,I 285 and Bolton Rd,,Rear End,2,Clear,Dry,Daylight
2020-11-25T19:11:00.000,I 285,I 285 and Bolton Rd,,Sideswipe-Same Direction,2,Rain,Wet,Dark-Not Lighted
2020-10-10T22:52:00.000,I 285,I 285 and Bolton Rd,,Not a Collision with Motor Vehicle,1,Rain,Wet,Dark-Lighted