Date and Time,Roadway (From Crash Report),Intersection Name (from Crash Report),KABCO Severity,Manner of Collision (Crash Level) ,# of Vehicles per crash ,Weather Conditions (Crash Level),Surface Condition (Crash Level) ,Light Conditions (Crash Level)
2020-07-21T21:03:00.000,I 285,I 285 and Bolton Rd,,Rear End,3,Cloudy,Dry,Dark-Not Lighted
2020-09-20T12:21:00.000,I 285,I 285 and Bolton Rd,,Rear End,2,Clear,Dry,Daylight
2020-07-28T13:35:00.000,I 285,I 285 and Bolton Rd,,Not a Collision with Motor Vehicle,1,Rain,Wet,Daylight
2021-03-24T17:02:00.000,I 285,I 285 and Bolton Rd,,Sideswipe-Same Direction,2,Cloudy,Dry,Daylight
2021-01-21T13:38:00.000,I 285,I 285 and Bolton Rd,,Sideswipe-Same Direction,2,Cloudy,Wet,Daylight
2021-03-11T12:15:00.000,I 285,I 285 and Bolton Rd,,Sideswipe-Same Direction,2,Cloudy,Dry,Daylight
2021-01-01T09:50:00.000,I 285,I 285 and Bolton Rd,,Not a Collision with Motor Vehicle,1,Rain,Wet,Daylight
2021-05-17T21:14:00.000,I 285,I 285 and Bolton Rd,,Not a Collision with Motor Vehicle,1,Clear,Dry,Daylight
2021-04-16T12:14:00.000,I 285,I 285 and Bolton Rd,,Sideswipe-Same Direction,2,Cloudy,Dry,Daylight
2021-04-30T14:03:00.000,I 285,I 285 and Bolton Rd,,Rear End,2,Cloudy,Dry,Daylight
2021-02-15T17:11:00.000,I 285,I 285 and Bolton Rd,,Not a Collision with Motor Vehicle,1,Rain,Wet,Daylight
2021-06-29T08:35:00.000,I 285,I 285 and Bolton Rd,,Rear End,2,Cloudy,Wet,Daylight
2021-01-12T10:30:00.000,I 285,I 285 and Bolton Rd,,Sideswipe-Same Direction,2,Cloudy,Dry,Daylight
2021-03-29T12:37:00.000,I 285,I 285 and Bolton Rd,,Rear End,2,Clear,Dry,Daylight
2021-01-01T13:40:00.000,I 285,I 285 and Bolton Rd,,Rear End,2,Rain,Wet,Daylight
2021-01-19T00:00:00.000,I 285,I 285 and Bolton Rd,,Rear End,2,Cloudy,Dry,Daylight
2021-07-26T17:04:00.000,I 285,I 285 and Bolton Rd,,Rear End,2,Cloudy,Dry,Daylight
2021-09-28T06:26:00.000,I 285,I 285 and Bolton Rd,,Rear End,3,Clear,Dry,Dark-Not Lighted
2021-11-08T11:00:00.000,I 285,I 285 and Bolton Rd,,Not a Collision with Motor Vehicle,2,Clear,Dry,Daylight
2021-07-22T10:36:00.000,I 285,I 285 and Bolton Rd,,Rear End,2,Cloudy,Dry,Daylight
2021-10-14T17:26:00.000,I 285,I 285 and Bolton Rd,,Sideswipe-Same Direction,2,Cloudy,Dry,Daylight
2021-12-20T15:44:00.000,I 285,I 285 and Bolton Rd,,Rear End,2,Cloudy,Dry,Daylight
2021-09-17T06:40:00.000,I 285,I 285 and Bolton Rd,,Sideswipe-Same Direction,2,Cloudy,Dry,Dark-Not Lighted
2021-08-31T19:06:00.000,I 285,I 285 and Bolton Rd,,Not a Collision with Motor Vehicle,1,Rain,Wet,Daylight
2021-09-29T08:30:00.000,I 285,I 285 and Bolton Rd,,Rear End,2,Clear,Dry,Daylight
2021-07-09T17:41:00.000,I 285,I 285 and Bolton Rd,,Rear End,2,Cloudy,Wet,Daylight
2021-11-12T08:28:00.000,I 285,I 285 and Bolton Rd,,Sideswipe-Same Direction,3,Clear,Dry,Daylight
2022-08-30T15:36:00.000,I 285,I 285 and Bolton Rd,,Sideswipe-Same Direction,2,Cloudy,Wet,Daylight
2022-05-10T08:36:00.000,I 285,I 285 and Bolton Rd,,Rear End,2,Clear,Dry,Daylight
2022-08-23T08:00:00.000,I 285,I 285 and Bolton Rd,,Rear End,2,Cloudy,Dry,Daylight
2022-03-01T07:00:00.000,I 285,I 285 and Bolton Rd,,Sideswipe-Same Direction,2,Clear,Dry,Dawn
2022-12-09T11:20:00.000,I 285,I 285 and Bolton Rd,,Sideswipe-Same Direction,2,Cloudy,Dry,Daylight
2021-11-30T18:23:00.000,I 285,I 285 and Bolton Rd,,Rear End,2,Clear,Dry,Dark-Not Lighted
2021-08-27T17:48:00.000,I 285,I 285 and Bolton Rd,,Rear End,2,Cloudy,Dry,Daylight
2021-08-25T14:12:00.000,I 285,I 285 and Bolton Rd,,Rear End,2,Clear,Dry,Daylight
2021-12-21T14:38:00.000,I 285,I 285 and Bolton Rd,,Sideswipe-Same Direction,4,Rain,Wet,Daylight
2022-07-15T17:17:00.000,I 285,I 285 and Bolton Rd,,Sideswipe-Same Direction,2,Cloudy,Dry,Daylight
2022-09-25T11:54:00.000,I 285,I 285 and Bolton Rd,,Sideswipe-Same Direction,2,Cloudy,Wet,Daylight
2022-06-28T16:20:00.000,I 285,I 285 and Bolton Rd,,Rear End,2,Cloudy,Dry,Daylight
2022-06-06T18:41:00.000,I 285,I 285 and Bolton Rd,,Sideswipe-Same Direction,2,Cloudy,Dry,Daylight
2022-01-20T06:05:00.000,I 285,I 285 and Bolton Rd,,Angle Crash,2,Rain,Wet,Dark-Not Lighted
2022-06-21T16:28:00.000,I 285,I 285 and Bolton Rd,,Rear End,3,Clear,Dry,Daylight
2022-08-15T06:14:00.000,I 285,I 285 and Bolton Rd,,Rear End,2,Cloudy,Dry,Dark-Not Lighted
2022-06-10T19:39:00.000,I 285,I 285 and Bolton Rd,,Sideswipe-Same Direction,2,Cloudy,Dry,Daylight
2022-09-29T07:40:00.000,I 285,I 285 and Bolton Rd,,Sideswipe-Same Direction,2,Clear,Dry,Daylight
2022-03-11T18:50:00.000,I 285,I 285 and Bolton Rd,,Rear End,3,Clear,Dry,Dark-Not Lighted
2022-09-15T15:24:00.000,I 285,I 285 and Bolton Rd,,Rear End,2,Cloudy,Dry,Daylight
2022-02-17T06:03:00.000,I 285,I 285 and Bolton Rd,,Sideswipe-Same Direction,2,Cloudy,Dry,Dark-Not Lighted
2022-05-27T15:45:00.000,I 285,I 285 and Bolton Rd,,Rear End,2,Cloudy,Dry,Daylight
2022-06-14T08:30:00.000,I 285,I 285 and Bolton Rd,,Sideswipe-Same Direction,2,Clear,Dry,Daylight
2022-07-26T14:49:00.000,I 285,I 285 and Bolton Rd,,Sideswipe-Same Direction,2,Cloudy,Dry,Daylight
2021-12-30T08:10:00.000,I 285,I 285 and Bolton Rd,,Not a Collision with Motor Vehicle,1,Rain,Wet,Daylight
2021-08-19T15:17:00.000,I 285,I 285 and Bolton Rd,,Sideswipe-Same Direction,2,Rain,Wet,Daylight
2022-07-21T11:06:00.000,I 285,I 285 and Bolton Rd,,Sideswipe-Same Direction,2,Clear,Wet,Daylight
2022-07-19T13:57:00.000,I 285,I 285 and Bolton Rd,,Rear End,2,Cloudy,Dry,Daylight
2022-02-28T12:30:00.000,I 285,I 285 and Bolton Rd,,Sideswipe-Same Direction,2,Clear,Dry,Daylight
2022-06-16T13:00:00.000,I 285,I 285 and Bolton Rd,,Rear End,2,Clear,Dry,Daylight
2022-07-11T16:28:00.000,I 285,I 285 and Bolton Rd,,Rear End,2,Cloudy,Dry,Daylight
2022-11-22T07:45:00.000,I 285,I 285 and Bolton Rd,,Sideswipe-Same Direction,2,Cloudy,Dry,Daylight
2022-06-14T10:25:00.000,I 285,I 285 and Bolton Rd,,Rear End,2,Clear,Dry,Daylight
2022-02-25T19:30:00.000,I 285,I 285 and Bolton Rd,,Rear End,2,Clear,Dry,Dark-Not Lighted
2022-03-07T18:20:00.000,I 285,I 285 and Bolton Rd,,Rear End,2,Rain,Wet,Dusk
2022-04-19T10:18:00.000,I 285,I 285 and Bolton Rd,,Rear End,2,Clear,Dry,Daylight
2022-11-01T17:38:00.000,I 285,I 285 and Bolton Rd,,Sideswipe-Same Direction,2,Clear,Dry,Daylight
2022-09-27T14:50:00.000,I 285,I 285 and Bolton Rd,,Sideswipe-Same Direction,2,Clear,Dry,Daylight
2022-07-29T17:08:00.000,I 285,I 285 and Bolton Rd,,Sideswipe-Same Direction,2,Rain,Wet,Daylight
2022-02-03T13:37:00.000,I 285,I 285 and Bolton Rd,,Rear End,2,Rain,Wet,Daylight
2022-08-29T13:12:00.000,I 285,I 285 and Bolton Rd,,Rear End,2,Cloudy,Dry,Daylight
2022-10-20T15:45:00.000,I 285,I 285 and Bolton Rd,,Sideswipe-Same Direction,3,Clear,Dry,Daylight
2022-07-29T17:46:00.000,I 285,I 285 and Bolton Rd,,Rear End,2,Rain,Wet,Daylight
2022-07-12T13:39:00.000,I 285,I 285 and Bolton Rd,,Not a Collision with Motor Vehicle,2,Cloudy,Dry,Daylight
2022-07-05T14:36:00.000,I 285,I 285 and Bolton Rd,,Rear End,2,Cloudy,Dry,Daylight
2022-07-22T10:10:00.000,I 285,I 285 and Bolton Rd,,Not a Collision with Motor Vehicle,2,Clear,Dry,Daylight
2022-07-26T17:15:00.000,I 285,I 285 and Bolton Rd,,Rear End,2,Cloudy,Dry,Daylight
2022-01-27T16:51:00.000,I 285,I 285 and Bolton Rd,,Sideswipe-Same Direction,2,Clear,Dry,Daylight
2022-12-03T14:31:00.000,I 285,I 285 and Bolton Rd,,Not a Collision with Motor Vehicle,1,Cloudy,Wet,Daylight
2022-10-04T07:45:00.000,I 285,I 285 and Bolton Rd,,Rear End,2,Clear,Dry,Daylight
2022-02-28T16:00:00.000,I 285,I 285 and Bolton Rd,,Not a Collision with Motor Vehicle,2,Clear,Dry,Daylight
2022-06-10T15:55:00.000,I 285,I 285 and Bolton Rd,,Rear End,1,Clear,Dry,Daylight
2022-11-04T12:10:00.000,I 285,I 285 and Bolton Rd,,Sideswipe-Same Direction,2,Clear,Dry,Daylight
2022-10-11T08:05:00.000,I 285,I 285 and Bolton Rd,,Rear End,2,Clear,Dry,Daylight
2022-09-22T12:28:00.000,I 285,I 285 and Bolton Rd,,Sideswipe-Same Direction,2,Clear,Dry,Daylight
2022-10-06T08:28:00.000,I 285,I 285 and Bolton Rd,,Sideswipe-Same Direction,2,Clear,Dry,Daylight
2022-04-12T17:50:00.000,I 285,I 285 and Bolton Rd,,Sideswipe-Same Direction,2,Clear,Dry,Daylight
2023-03-09T09:08:00.000,I 285,I 285 and Bolton Rd,,Rear End,2,Cloudy,Dry,Daylight
2024-03-21T16:40:00.000,I 285,I 285 and Bolton Rd,,Rear End,3,Clear,Dry,Daylight
2024-04-11T14:56:00.000,I 285,I 285 and Bolton Rd,,Rear End,3,Clear,Dry,Daylight
2024-07-04T20:00:00.000,I 285,I 285 and Bolton Rd,,Not a Collision with Motor Vehicle,1,Cloudy,Wet,Daylight
2024-12-05T19:00:00.000,I 285,I 285 and Bolton Rd,,Rear End,2,Clear,Dry,Dark-Not Lighted
2024-12-17T12:20:00.000,I 285,I 285 and Bolton Rd,,Sideswipe-Same Direction,2,Cloudy,Dry,Daylight
2024-02-05T15:19:00.000,I 285,I 285 and Bolton Rd,,Rear End,2,Cloudy,Dry,Daylight
2024-09-19T18:05:00.000,I 285,I 285 and Bolton Rd,,Rear End,2,Clear,Dry,Daylight
2024-07-04T19:50:00.000,I 285,I 285 and Bolton Rd,,Not a Collision with Motor Vehicle,1,Cloudy,Wet,Daylight
2024-10-25T10:19:00.000,I 285,I 285 and Bolton Rd,,Rear End,2,Clear,Dry,Daylight
2024-03-07T15:00:00.000,I 285,I 285 and Bolton Rd,,Sideswipe-Same Direction,2,Clear,Dry,Daylight
2024-05-14T09:57:00.000,I 285,I 285 and Bolton Rd,,Rear End,2,Cloudy,Dry,Daylight
2023-07-25T15:15:00.000,I 285,I 285 and Bolton Rd,,Rear End,2,Clear,Dry,Daylight
2024-06-10T19:22:00.000,I 285,I 285 and Bolton Rd,,Rear End,2,Clear,Dry,Daylight
2024-02-01T13:32:00.000,I 285,I 285 and Bolton Rd,,Rear End,2,Clear,Dry,Daylight
2024-12-19T10:10:00.000,I 285,I 285 and Bolton Rd,,Rear End,2,Clear,Dry,Daylight
2023-03-23T00:00:00.000,I 285,I 285 and Bolton Rd,,Rear End,2,Clear,Dry,Daylight
2023-10-27T15:40:00.000,I 285,I 285 and Bolton Rd,,Sideswipe-Same Direction,2,Clear,Dry,Daylight
2023-02-20T14:42:00.000,I 285,I 285 and Bolton Rd,,Rear End,2,Clear,Dry,Daylight
2023-05-22T16:42:00.000,I 285,I 285 and Bolton Rd,,Rear End,3,Rain,Wet,Daylight
2023-07-14T11:55:00.000,I 285,I 285 and Bolton Rd,,Rear End,2,Cloudy,Dry,Daylight
2023-07-17T18:00:00.000,I 285,I 285 and Bolton Rd,,Rear End,2,Clear,Dry,Daylight
2023-07-27T16:04:00.000,I 285,I 285 and Bolton Rd,,Rear End,2,Clear,Dry,Daylight
2023-05-25T16:06:00.000,I 285,I 285 and Bolton Rd,,Rear End,2,Clear,Dry,Daylight
2023-12-21T14:20:00.000,I 285,I 285 and Bolton Rd,,Rear End,2,Clear,Dry,Daylight
2023-02-07T16:42:00.000,I 285,I 285 and Bolton Rd,,Rear End,2,Clear,Dry,Daylight
2023-06-20T19:14:00.000,I 285,I 285 and Bolton Rd,,Sideswipe-Same Direction,2,Cloudy,Wet,Daylight
2023-01-02T17:37:00.000,I 285,I 285 and Bolton Rd,,Not a Collision with Motor Vehicle,1,Cloudy,Wet,Dark-Not Lighted
2023-10-26T11:12:00.000,I 285,I 285 and Bolton Rd,,Sideswipe-Same Direction,2,Clear,Dry,Daylight
2023-01-10T13:20:00.000,I 285,I 285 and Bolton Rd,,Sideswipe-Same Direction,2,Clear,Dry,Daylight
2023-08-10T07:55:00.000,I 285,I 285 and Bolton Rd,,Sideswipe-Same Direction,2,Rain,Wet,Daylight
2023-05-09T15:29:00.000,I 285,I 285 and Bolton Rd,,Sideswipe-Same Direction,2,Cloudy,Dry,Daylight
2023-02-28T15:40:00.000,I 285,I 285 and Bolton Rd,,Rear End,3,Clear,Dry,Daylight
2023-02-20T16:12:00.000,I 285,I 285 and Bolton Rd,,Rear End,2,Cloudy,Dry,Daylight
2023-01-12T13:57:00.000,I 285,I 285 and Bolton Rd,,Not a Collision with Motor Vehicle,2,Cloudy,Wet,Daylight
2023-03-09T08:36:00.000,I 285,I 285 and Bolton Rd,,Rear End,2,Cloudy,Dry,Daylight
2023-10-16T06:48:00.000,I 285,I 285 and Bolton Rd,,Sideswipe-Same Direction,2,Cloudy,Dry,Dark-Not Lighted
2023-07-25T11:37:00.000,I 285,I 285 and Bolton Rd,,Rear End,2,Clear,Dry,Daylight
2024-11-01T11:30:00.000,I 285,I 285 and Bolton Rd,,Sideswipe-Same Direction,2,Clear,Dry,Daylight
2024-07-19T19:18:00.000,I 285,I 285 and Bolton Rd,,Rear End,2,Rain,Wet,Daylight
2024-08-05T17:39:00.000,I 285,I 285 and Bolton Rd,,Rear End,2,Clear,Dry,Daylight
2024-09-26T19:16:00.000,I 285,I 285 and Bolton Rd,,Not a Collision with Motor Vehicle,1,Rain,Wet,Daylight
2024-02-15T14:34:00.000,I 285,I 285 and Bolton Rd,,Rear End,2,Cloudy,Dry,Daylight
2024-06-25T09:49:00.000,I 285,I 285 and Bolton Rd,,Sideswipe-Same Direction,2,Clear,Dry,Daylight
2024-10-25T14:45:00.000,I 285,I 285 and Bolton Rd,,Sideswipe-Same Direction,2,Clear,Dry,Daylight
2024-10-01T09:40:00.000,I 285,I 285 and Bolton Rd,,Rear End,2,Clear,Dry,Daylight
2024-12-05T20:20:00.000,I 285,I 285 and Bolton Rd,,Rear End,2,Clear,Dry,Dark-Not Lighted
2024-11-15T13:32:00.000,I 285,I 285 and Bolton Rd,,Sideswipe-Same Direction,2,Clear,Dry,Daylight
2024-04-09T08:35:00.000,I 285,I 285 and Bolton Rd,,Rear End,2,Rain,Wet,Daylight
2024-06-27T10:06:00.000,I 285,I 285 and Bolton Rd,,Sideswipe-Same Direction,2,Clear,Dry,Daylight
2024-05-31T15:50:00.000,I 285,I 285 and Bolton Rd,,Rear End,2,Clear,Dry,Daylight
2024-11-18T18:27:00.000,I 285,I 285 and Bolton Rd,,Sideswipe-Same Direction,2,Clear,Dry,Dark-Not Lighted
2024-05-16T10:40:00.000,I 285,I 285 and Bolton Rd,,Sideswipe-Same Direction,2,Clear,Dry,Daylight
2024-02-12T16:05:00.000,I 285,I 285 and Bolton Rd,,Rear End,2,Rain,Wet,Daylight
2024-06-04T10:41:00.000,I 285,I 285 and Bolton Rd,,Rear End,2,Cloudy,Dry,Daylight
2024-04-08T16:31:00.000,I 285,I 285 and Bolton Rd,,Angle Crash,2,Clear,Dry,Daylight
2024-06-04T10:20:00.000,I 285,I 285 and Bolton Rd,,Rear End,3,Cloudy,Dry,Daylight
2024-10-10T13:17:00.000,I 285,I 285 and Bolton Rd,,Rear End,2,Clear,Dry,Daylight
2024-11-12T16:28:00.000,I 285,I 285 and Bolton Rd,,Rear End,2,Clear,Dry,Daylight
2024-06-04T13:29:00.000,I 285,I 285 and Bolton Rd,,Rear End,2,Rain,Wet,Daylight
2024-03-12T11:45:00.000,I 285,I 285 and Bolton Rd,,Rear End,2,Clear,Dry,Daylight
2024-02-13T08:54:00.000,I 285,I 285 and Bolton Rd,,Rear End,2,Cloudy,Dry,Daylight
2024-03-22T13:35:00.000,I 285,I 285 and Bolton Rd,,Rear End,2,Rain,Wet,Daylight
2024-09-26T00:00:00.000,I 285,I 285 and Bolton Rd,,Rear End,2,Rain,Wet,Daylight
2024-06-28T11:13:00.000,I 285,I 285 and Bolton Rd,,Rear End,2,Clear,Dry,Daylight
2024-12-17T14:45:00.000,I 285,I 285 and Bolton Rd,,Rear End,2,Clear,Dry,Daylight
2024-11-18T17:52:00.000,I 285,I 285 and Bolton Rd,,Rear End,2,Clear,Dry,Dark-Not Lighted
2024-08-22T19:19:00.000,I 285,I 285 and Bolton Rd,,Rear End,2,Clear,Dry,Daylight
2024-04-26T17:12:00.000,I 285,I 285 and Bolton Rd,,Rear End,3,Clear,Dry,Daylight
2024-08-23T11:12:00.000,I 285,I 285 and Bolton Rd,,Rear End,3,Clear,Dry,Daylight
2024-08-02T15:00:00.000,I 285,I 285 and Bolton Rd,,Rear End,2,Clear,Dry,Daylight
2024-08-05T19:25:00.000,I 285,I 285 and Bolton Rd,,Rear End,2,Clear,Dry,Daylight
2024-03-08T12:02:00.000,I 285,I 285 and Bolton Rd,,Not a Collision with Motor Vehicle,2,Cloudy,Dry,Daylight
2024-12-06T10:04:00.000,I 285,I 285 and Bolton Rd,,Sideswipe-Same Direction,2,Clear,Dry,Daylight
2024-06-06T07:55:00.000,I 285,I 285 and Bolton Rd,,Sideswipe-Same Direction,2,Cloudy,Dry,Daylight
2024-12-16T06:05:00.000,I 285,I 285 and Bolton Rd,,Not a Collision with Motor Vehicle,1,Clear,Dry,Dark-Not Lighted
2024-01-11T19:45:00.000,I 285,I 285 and Bolton Rd,,Not a Collision with Motor Vehicle,1,Clear,Dry,Dark-Not Lighted
2024-10-08T17:39:00.000,I 285,I 285 and Bolton Rd,,Sideswipe-Same Direction,2,Clear,Dry,Daylight
2024-04-05T13:30:00.000,I 285,I 285 and Bolton Rd,,Rear End,2,Clear,Dry,Daylight
2024-12-09T15:09:00.000,I 285,I 285 and Bolton Rd,,Rear End,3,Rain,Wet,Daylight
2024-09-17T18:30:00.000,I 285,I 285 and Bolton Rd,,Rear End,2,Cloudy,Dry,Daylight
2024-07-25T15:07:00.000,I 285,I 285 and Bolton Rd,,Sideswipe-Same Direction,2,Cloudy,Dry,Daylight
2024-06-21T14:09:00.000,I 285,I 285 and Bolton Rd,,Rear End,2,Clear,Dry,Daylight
2024-03-14T14:54:00.000,I 285,I 285 and Bolton Rd,,Rear End,2,Clear,Dry,Daylight
2024-07-22T13:17:00.000,I 285,I 285 and Bolton Rd,,Rear End,2,Cloudy,Dry,Daylight
2024-08-01T16:10:00.000,I 285,I 285 and Bolton Rd,,Sideswipe-Same Direction,2,Clear,Dry,Daylight
2024-06-04T18:35:00.000,I 285,I 285 and Bolton Rd,,Sideswipe-Same Direction,2,Clear,Dry,Daylight
2024-10-29T18:31:00.000,I 285,I 285 and Bolton Rd,,Rear End,2,Clear,Dry,Daylight
2024-06-07T13:20:00.000,I 285,I 285 and Bolton Rd,,Rear End,2,Clear,Dry,Daylight
2024-04-11T16:45:00.000,I 285,I 285 and Bolton Rd,,Rear End,2,Cloudy,Dry,Daylight
2024-10-17T09:05:00.000,I 285,I 285 and Bolton Rd,,Rear End,2,Clear,Dry,Daylight
2024-02-06T08:53:00.000,I 285,I 285 and Bolton Rd,,Angle Crash,2,Clear,Dry,Daylight
2023-10-09T15:47:00.000,I 285,I 285 and Bolton,,Rear End,2,Clear,Dry,Daylight
2023-08-24T18:01:00.000,I 285,I 285 and Bolton,,Rear End,2,Cloudy,Dry,Daylight
2024-07-26T15:30:00.000,I 285,I 285 and Bolton,,Sideswipe-Same Direction,2,Clear,Dry,Daylight
2023-06-01T15:55:00.000,I 285,I 285 and Bolton,,Rear End,2,Clear,Dry,Daylight
2023-09-21T08:58:00.000,I 285,I 285 and Bolton,,Rear End,2,Cloudy,Dry,Daylight
2024-11-12T12:37:00.000,I 285,I 285 and Bolton,,Rear End,2,Clear,Dry,Daylight
2024-06-04T08:15:00.000,I 285,I 285 and Bolton,,Rear End,2,Cloudy,Dry,Daylight
2024-07-29T14:51:00.000,I 285,I 285 and Bolton,,Rear End,3,Cloudy,Dry,Daylight
2020-06-09T16:07:00.000,I 285,I 285 and Blalock St,,Angle Crash,3,Cloudy,Wet,Daylight
2024-08-31T00:16:00.000,I 285,I 285 and Bf Glenwood Rd,,Not a Collision with Motor Vehicle,2,Clear,Dry,Dark-Not Lighted
2023-07-11T08:27:00.000,I 285,I 285 and Benjiman E Mays Dr,,Sideswipe-Same Direction,2,Clear,Dry,Daylight
2022-11-18T09:20:00.000,I 285,I 285 and Benjiman E Mayes Opas,,Rear End,2,Clear,Dry,Daylight
2023-12-11T13:47:00.000,I 285,I 285 and Benjiman E Mayes,,Rear End,3,Clear,Dry,Daylight
2022-11-11T15:42:00.000,I 285,I 285 and Benjimam E Mays,,Rear End,2,Cloudy,Dry,Daylight
2021-03-03T11:20:00.000,I 285,I 285 and Benjamin Mays Dr,,Rear End,2,Clear,Dry,Daylight
2021-08-03T18:24:00.000,I 285,I 285 and Benjamin Mays Dr,,Rear End,3,Cloudy,Wet,Daylight
2023-12-11T15:45:00.000,I 285,I 285 and Benjamin Mays Dr,,Sideswipe-Same Direction,2,Clear,Dry,Daylight
2021-10-05T18:28:00.000,I 285,I 285 and Benjamin E. Mays Drive Overpas,,Rear End,2,Clear,Dry,Daylight
2023-08-01T18:45:00.000,I 285,I 285 and Benjamin E. Mays Drive Overpas,,Rear End,2,Clear,Dry,Daylight
2022-01-11T14:00:00.000,I 285,I 285 and Benjamin E. Mays  Drive Overpa,,Rear End,2,Clear,Dry,Daylight
2022-08-25T16:35:00.000,I 285,I 285 and Benjamin E. Mays,,Sideswipe-Same Direction,2,Cloudy,Dry,Daylight
2022-02-15T15:27:00.000,I 285,I 285 and Benjamin E. Mayes,,Rear End,6,Clear,Dry,Daylight
2023-04-28T17:54:00.000,I 285,I 285 and Benjamin E. Mayes,,Sideswipe-Same Direction,2,Clear,Dry,Daylight
2020-01-06T16:05:00.000,I 285,I 285 and Benjamin E Mays Drive Opas,,Sideswipe-Same Direction,2,Clear,Dry,Daylight
2020-01-06T16:05:00.000,I 285,I 285 and Benjamin E Mays Drive Opas,,Rear End,3,Clear,Dry,Daylight
2021-10-26T16:18:00.000,I 285,I 285 and Benjamin E Mays Dr,,Sideswipe-Same Direction,3,Clear,Dry,Daylight
2021-03-13T19:06:00.000,I 285,I 285 and Benjamin E Mays Dr,,Rear End,2,Clear,Dry,Daylight
2021-09-21T12:51:00.000,I 285,I 285 and Benjamin E Mays Dr,,Sideswipe-Same Direction,2,Cloudy,Dry,Daylight
2021-09-03T17:50:00.000,I 285,I 285 and Benjamin E Mays Dr,,Rear End,2,Clear,Dry,Daylight
2023-09-19T16:14:00.000,I 285,I 285 and Benjamin E Mays Dr,,Rear End,2,Clear,Dry,Daylight
2020-10-19T13:45:00.000,I 285,I 285 and Benjamin E Mays Dr,,Rear End,3,Clear,Dry,Daylight
2020-10-18T12:06:00.000,I 285,I 285 and Benjamin E Mays Dr,,Not a Collision with Motor Vehicle,2,Clear,Dry,Daylight
2020-11-14T06:48:00.000,I 285,I 285 and Benjamin E Mays Dr,,Rear End,2,Clear,Dry,Daylight
2020-11-20T16:28:00.000,I 285,I 285 and Benjamin E Mays Dr,,Rear End,2,Clear,Dry,Daylight
2020-09-25T04:51:00.000,I 285,I 285 and Benjamin E Mays Dr,,Not a Collision with Motor Vehicle,1,Rain,Wet,Dark-Not Lighted
2020-02-29T15:12:00.000,I 285,I 285 and Benjamin E Mays Dr,,Rear End,3,Clear,Dry,Daylight
2020-09-12T15:18:00.000,I 285,I 285 and Benjamin E Mays Dr,,Rear End,2,Rain,Wet,Daylight
2020-10-11T11:31:00.000,I 285,I 285 and Benjamin E Mays Dr,,Sideswipe-Same Direction,2,Rain,Wet,Daylight
2020-08-15T10:26:00.000,I 285,I 285 and Benjamin E Mays Dr,,Sideswipe-Same Direction,2,Cloudy,Dry,Daylight
2020-11-18T12:31:00.000,I 285,I 285 and Benjamin E Mays Dr,,Sideswipe-Same Direction,2,Clear,Dry,Daylight
2021-03-04T17:30:00.000,I 285,I 285 and Benjamin E Mays Dr,,Sideswipe-Same Direction,2,Clear,Dry,Daylight
2021-08-06T14:56:00.000,I 285,I 285 and Benjamin E Mays Dr,,Not a Collision with Motor Vehicle,1,Cloudy,Dry,Daylight
2022-02-15T14:20:00.000,I 285,I 285 and Benjamin E Mays Dr,,Sideswipe-Same Direction,2,Clear,Dry,Daylight
2022-04-05T14:50:00.000,I 285,I 285 and Benjamin E Mays Dr,,Not a Collision with Motor Vehicle,1,Rain,Wet,Daylight
2022-02-15T15:45:00.000,I 285,I 285 and Benjamin E Mays Dr,,Rear End,2,Clear,Dry,Daylight
2022-07-01T16:02:00.000,I 285,I 285 and Benjamin E Mays Dr,,Rear End,2,Cloudy,Dry,Daylight
2022-03-17T13:00:00.000,I 285,I 285 and Benjamin E Mays Dr,,Rear End,2,Cloudy,Dry,Daylight
2022-11-15T13:36:00.000,I 285,I 285 and Benjamin E Mays Dr,,Rear End,2,Rain,Wet,Daylight
2023-04-20T17:45:00.000,I 285,I 285 and Benjamin E Mays Dr,,Sideswipe-Same Direction,2,Clear,Dry,Daylight
2024-11-26T13:42:00.000,I 285,I 285 and Benjamin E Mays Dr,,Sideswipe-Same Direction,2,Clear,Dry,Daylight
2024-11-27T10:45:00.000,I 285,I 285 and Benjamin E Mays Dr,,Sideswipe-Same Direction,2,Clear,Dry,Daylight
2024-02-29T13:00:00.000,I 285,I 285 and Benjamin E Mays Dr,,Rear End,2,Cloudy,Dry,Daylight
2024-11-14T06:08:00.000,I 285,I 285 and Benjamin E Mays Dr,,Not a Collision with Motor Vehicle,1,Rain,Wet,Dark-Not Lighted
2024-09-30T15:26:00.000,I 285,I 285 and Benjamin E Mays Dr,,Sideswipe-Same Direction,2,Cloudy,Dry,Daylight
2023-07-04T19:25:00.000,I 285,I 285 and Benjamin E Mays,,Sideswipe-Same Direction,2,Rain,Wet,Daylight
2024-08-22T07:32:00.000,I 285,I 285 and Benjamin E Mays,,Sideswipe-Same Direction,3,Clear,Dry,Daylight
2024-03-28T13:10:00.000,I 285,I 285 and Benjamin E Mayes Sr,,Sideswipe-Same Direction,2,Clear,Dry,Daylight
2023-02-17T07:37:00.000,I 285,I 285 and Benjamin E Mayes Opas,,Not a Collision with Motor Vehicle,1,Rain,Wet,Daylight