Date and Time,Roadway (From Crash Report),Intersection Name (from Crash Report),KABCO Severity,Manner of Collision (Crash Level) ,# of Vehicles per crash ,Weather Conditions (Crash Level),Surface Condition (Crash Level) ,Light Conditions (Crash Level)
2023-08-29T14:00:00.000,I 285,I 285 and Benjamin E Mayes Dr,,Sideswipe-Same Direction,2,Clear,Dry,Daylight
2021-07-01T07:40:00.000,I 285,I 285 and Benjamin E Mayes,,Sideswipe-Same Direction,2,Clear,Dry,Daylight
2022-08-15T15:54:00.000,I 285,I 285 and Benjamin E Mayes,,Sideswipe-Same Direction,2,Clear,Dry,Daylight
2022-03-10T15:10:00.000,I 285,I 285 and Bejamin E Mays Dr,,Sideswipe-Same Direction,2,Clear,Dry,Daylight
2023-08-15T13:37:00.000,I 285,I 285 and Before The River Riveridge Ln,,Sideswipe-Same Direction,2,Cloudy,Dry,Daylight
2023-01-12T16:33:00.000,I 285,I 285 and Before S Cobb Dr,,Sideswipe-Same Direction,2,Cloudy,Wet,Daylight
2022-11-29T16:43:00.000,I 285,I 285 and Before S Cobb Dr,,Rear End,2,Cloudy,Dry,Daylight
2023-06-12T18:33:00.000,I 285,I 285 and Before S Atlanta Rd,,Rear End,3,Cloudy,Dry,Daylight
2023-06-12T18:33:00.000,I 285,I 285 and Before S Atlanta Rd,,Rear End,3,Cloudy,Dry,Daylight
2023-07-18T10:08:00.000,I 285,I 285 and Before Powers Ferry Rd,,Rear End,2,Cloudy,Dry,Daylight
2023-05-02T08:57:00.000,I 285,I 285 and Before Powers Ferry Rd,,Rear End,2,Clear,Dry,Daylight
2023-09-28T09:47:00.000,I 285,I 285 and Before Powers Ferry Rd,,Rear End,2,Cloudy,Dry,Daylight
2022-09-20T08:08:00.000,I 285,I 285 and Before Paces Ferry Rd,,Rear End,2,Cloudy,Wet,Daylight
2023-06-28T15:32:00.000,I 285,I 285 and Before Paces Ferry Rd,,Rear End,2,Clear,Dry,Daylight
2022-02-15T15:52:00.000,I 285,I 285 and Before Northside Dr,,Rear End,2,Clear,Dry,Daylight
2020-04-12T10:15:00.000,I 285,I 285 and Before Moreland Ave,,Rear End,2,Rain,Wet,Daylight
2021-04-15T12:20:00.000,I 285,I 285 and Before Memorial Drive Exit,,Rear End,2,Clear,Dry,Daylight
2024-06-27T16:00:00.000,I 285,I 285 and Before Memorial Dr Entry Rp,,Rear End,2,Rain,Wet,Daylight
2024-12-18T17:00:00.000,I 285,I 285 and Before Memorial Dr Entry Rp,,Rear End,2,Clear,Dry,Dark-Lighted
2024-09-06T20:50:00.000,I 285,I 285 and Before Memorial Dr Entry Rp,,Angle Crash,2,Clear,Wet,Dark-Lighted
2024-07-06T15:00:00.000,I 285,I 285 and Before Memorial Dr Entry Rp,,Not a Collision with Motor Vehicle,2,Cloudy,Wet,Daylight
2024-10-30T14:20:00.000,I 285,I 285 and Before Memorial Dr Entry Rp,,Rear End,2,Clear,Dry,Daylight
2024-07-06T16:00:00.000,I 285,I 285 and Before Memorial Dr Entry Rp,,Angle Crash,2,Cloudy,Wet,Daylight
2024-05-20T21:00:00.000,I 285,I 285 and Before Memorial Dr Entry Rp,,Rear End,2,Clear,Dry,Daylight
2024-11-22T18:50:00.000,I 285,I 285 and Before Memorial Dr  Entry Rp,,Rear End,2,Clear,Dry,Daylight
2024-10-31T19:00:00.000,I 285,I 285 and Before Lawrenceville Hwy Entry Rp,,Not a Collision with Motor Vehicle,1,Clear,Dry,Daylight
2024-12-12T17:55:00.000,I 285,I 285 and Before Lavista Rd Entry Rp,,Angle Crash,2,Clear,Dry,Daylight
2024-05-26T15:30:00.000,I 285,I 285 and Before Lavista Rd Entry Rp,,Angle Crash,2,Clear,Dry,Daylight
2023-05-19T13:42:00.000,I 285,I 285 and Before Lavista Rd,,Sideswipe-Same Direction,2,Cloudy,Dry,Daylight
2024-12-12T16:28:00.000,I 285,I 285 and Before Lavidta Rd Entry Rp,,Rear End,2,Clear,Dry,Daylight
2023-01-09T12:02:00.000,I 285,I 285 and Before I85 Exit,,Not a Collision with Motor Vehicle,1,Clear,Dry,Daylight
2021-05-21T06:45:00.000,I 285,I 285 and Before I85,,Sideswipe-Same Direction,2,Clear,Dry,Daylight
2024-01-10T08:56:00.000,I 285,I 285 and Before I675 Entry Rp,,Not a Collision with Motor Vehicle,2,Clear,Dry,Daylight
2024-10-21T09:51:00.000,I 285,I 285 and Before I675,,Sideswipe-Same Direction,2,Clear,Dry,Daylight
2023-09-15T06:57:00.000,I 285,I 285 and Before I20 Interchange,,Rear End,4,Cloudy,Dry,Dark-Lighted
2023-02-14T16:39:00.000,I 285,I 285 and Before I20,,Sideswipe-Same Direction,2,Clear,Dry,Daylight
2023-03-16T17:08:00.000,I 285,I 285 and Before I20,,Rear End,3,Clear,Dry,Daylight
2023-07-15T11:45:00.000,I 285,I 285 and Before I20,,Sideswipe-Same Direction,3,Clear,Dry,Daylight
2024-04-15T09:17:00.000,I 285,I 285 and Before I20,,Rear End,2,Clear,Dry,Daylight
2023-02-03T14:12:00.000,I 285,I 285 and Before I20,,Rear End,2,Clear,Dry,Daylight
2024-04-16T14:02:00.000,I 285,I 285 and Before I20,,Sideswipe-Same Direction,2,Clear,Dry,Daylight
2024-07-01T10:57:00.000,I 285,I 285 and Before I20,,Rear End,2,Clear,Dry,Daylight
2024-09-24T14:53:00.000,I 285,I 285 and Before Glenwood Rd,,Sideswipe-Same Direction,2,Clear,Dry,Daylight
2020-01-29T12:40:00.000,I 285,I 285 and Before Flat Shoals Rd,,Rear End,3,Clear,Dry,Daylight
2020-04-18T05:40:00.000,I 285,I 285 and Before Flat Shoals Pkwy,,Sideswipe-Same Direction,5,Clear,Wet,Dark-Lighted
2024-06-06T17:44:00.000,I 285,I 285 and Before Flat Shoals Pkwy,,Sideswipe-Same Direction,2,Clear,Dry,Daylight
2024-08-10T13:51:00.000,I 285,I 285 and Before Flat Shoals Pkwy,,Rear End,2,Clear,Dry,Daylight
2023-01-23T18:36:00.000,I 285,I 285 and Before Exit 22,,Not a Collision with Motor Vehicle,1,Clear,Dry,Dark-Lighted
2023-01-17T17:21:00.000,I 285,I 285 and Before Exit 22,,Not a Collision with Motor Vehicle,1,Cloudy,Dry,Dark-Lighted
2024-11-14T09:30:00.000,I 285,I 285 and Before E Ponce De Leon Ave Entry Rp,,Angle Crash,2,Cloudy,Wet,Daylight
2024-12-12T15:00:00.000,I 285,I 285 and Before E Ponce De Leon Ave Entry Rp,,Angle Crash,2,Clear,Dry,Daylight
2024-08-29T18:40:00.000,I 285,I 285 and Before E Ponce De Leon Ave Entry Rp,,Sideswipe-Opposite Direction,2,Clear,Dry,Daylight
2023-09-22T17:29:00.000,I 285,I 285 and Before Donald Lee Hollowell Rd,,Rear End,2,Clear,Dry,Daylight
2024-08-29T18:30:00.000,I 285,I 285 and Before Covington Hwy Entry Rp,,Angle Crash,2,Clear,Dry,Dark-Lighted
2021-08-31T12:56:00.000,I 285,I 285 and Before Cobb Pkwy,,Not a Collision with Motor Vehicle,1,Cloudy,Wet,Daylight
2022-05-26T14:55:00.000,I 285,I 285 and Before Cobb Pkwy,,Rear End,2,Rain,Wet,Daylight
2024-11-23T18:50:00.000,I 285,I 285 and Before Church St Entry Rp,,Angle Crash,2,Clear,Dry,Daylight
2024-03-18T18:50:00.000,I 285,I 285 and Before Chamblee Tucker Rd Entry Rp,,Rear End,2,Clear,Dry,Daylight
2024-10-24T15:20:00.000,I 285,I 285 and Before Chamblee Tucker Rd Entry Rp,,Angle Crash,2,Clear,Dry,Daylight
2024-12-02T09:50:00.000,I 285,I 285 and Before Chamblee Tucker Rd Entry Rp,,Angle Crash,2,Clear,Dry,Daylight
2023-12-01T09:50:00.000,I 285,I 285 and Before Chamblee Tucker Rd,,Not a Collision with Motor Vehicle,1,Rain,Wet,Daylight
2023-06-20T07:30:00.000,I 285,I 285 and Before Chamblee Tucker Rd,,Rear End,3,Cloudy,Dry,Daylight
2023-11-04T19:00:00.000,I 285,I 285 and Before Chamblee Tucker Rd,,Rear End,4,Clear,Dry,Dark-Lighted
2024-06-15T15:14:00.000,I 285,I 285 and Before Chamblee Tucker,,Rear End,2,Clear,Dry,Daylight
2023-10-13T23:07:00.000,I 285,I 285 and Before Buford Hwy,,Rear End,2,Rain,Wet,Dark-Not Lighted
2024-06-01T16:56:00.000,I 285,I 285 and Before Bouldercret Rd,,Angle Crash,2,Clear,Dry,Daylight
2023-11-01T07:55:00.000,I 285,I 285 and Before Bouldercrest Rd.,,Sideswipe-Same Direction,2,Clear,Dry,Dawn
2024-04-21T07:26:00.000,I 285,I 285 and Before Bouldercrest Rd.,,Sideswipe-Same Direction,2,Rain,Wet,Daylight
2024-05-12T11:15:00.000,I 285,I 285 and Before Bouldercrest Rd.,,Angle Crash,2,Clear,Dry,Daylight
2024-11-07T18:00:00.000,I 285,I 285 and Before Bouldercrest Rd,,Rear End,2,Clear,Dry,Dark-Not Lighted
2024-10-14T17:00:00.000,I 285,I 285 and Before Bouldercrest Rd,,Angle Crash,2,Clear,Dry,Daylight
2024-06-21T19:20:00.000,I 285,I 285 and Before Bouldercrest Rd,,Sideswipe-Same Direction,2,Clear,Dry,Daylight
2023-02-14T15:34:00.000,I 285,I 285 and Before Bolton Rd,,Sideswipe-Same Direction,2,Clear,Dry,Daylight
2022-11-14T16:01:00.000,I 285,I 285 and Before 10B,,Sideswipe-Same Direction,2,Cloudy,Dry,Daylight
2023-03-31T16:10:00.000,I 285,I 285 and Bankhead Hwy,,Rear End,2,Clear,Dry,Daylight
2024-01-29T13:15:00.000,I 285,I 285 and Bankhead Hwy,,Rear End,3,Clear,Dry,Daylight
2022-06-26T01:06:00.000,I 285,I 285 and Ballard Rd,,Sideswipe-Same Direction,2,Clear,Dry,Dark-Not Lighted
2023-07-16T20:30:00.000,I 285,I 285 and Ballard Rd,,Sideswipe-Same Direction,3,Clear,Dry,Dark-Not Lighted
2020-09-16T13:00:00.000,I 285,I 285 and Austin Dr,,Not a Collision with Motor Vehicle,1,Rain,Wet,Daylight
2020-06-11T22:06:00.000,I 285,I 285 and Austin Dr,,Not a Collision with Motor Vehicle,1,Clear,Dry,Dark-Not Lighted
2023-06-21T19:50:00.000,I 285,I 285 and Austin Dr,,Rear End,2,Rain,Wet,Daylight
2021-05-27T17:07:00.000,I 285,I 285 and Aurther Langford,,Rear End,3,Clear,Dry,Daylight
2020-10-18T16:47:00.000,I 285,I 285 and Atltanta Rd,,Sideswipe-Same Direction,2,Clear,Dry,Daylight
2023-09-12T14:15:00.000,I 285,I 285 and Atlanta Road Southeast,,Not a Collision with Motor Vehicle,1,Rain,Wet,Daylight
2020-09-24T14:42:00.000,I 285,I 285 and Atlanta Road Southeast,,Not a Collision with Motor Vehicle,2,Rain,Wet,Daylight
2020-09-24T15:03:00.000,I 285,I 285 and Atlanta Road Southeast,,Rear End,2,Rain,Wet,Daylight
2023-11-07T11:00:00.000,I 285,I 285 and Atlanta Road Southeast,,Rear End,2,Clear,Dry,Daylight
2022-05-02T18:05:00.000,I 285,I 285 and Atlanta Road Opas,,Rear End,2,Clear,Dry,Daylight
2022-03-17T10:20:00.000,I 285,I 285 and Atlanta Road Exit Rp,,Sideswipe-Same Direction,3,Clear,Dry,Daylight
2022-04-14T18:27:00.000,I 285,I 285 and Atlanta Rd.,,Rear End,2,Clear,Dry,Daylight
2021-01-27T04:41:00.000,I 285,I 285 and Atlanta Rd,,Not a Collision with Motor Vehicle,1,Rain,Wet,Dark-Not Lighted
2021-02-17T21:48:00.000,I 285,I 285 and Atlanta Rd,,Sideswipe-Same Direction,2,Rain,Wet,Dark-Not Lighted
2021-03-14T15:21:00.000,I 285,I 285 and Atlanta Rd,,Rear End,2,Clear,Dry,Daylight
2021-03-19T22:51:00.000,I 285,I 285 and Atlanta Rd,,Sideswipe-Same Direction,2,Cloudy,Dry,Dark-Lighted
2021-03-25T09:16:00.000,I 285,I 285 and Atlanta Rd,,Rear End,2,Rain,Wet,Daylight
2021-07-11T15:12:00.000,I 285,I 285 and Atlanta Rd,,Rear End,2,Clear,Dry,Daylight
2021-07-22T20:48:00.000,I 285,I 285 and Atlanta Rd,,Angle Crash,2,Rain,Water (standing or moving),Dark-Lighted
2021-09-18T20:49:00.000,I 285,I 285 and Atlanta Rd,,Rear End,1,Rain,Wet,Dark-Lighted
2021-12-18T11:33:00.000,I 285,I 285 and Atlanta Rd,,Sideswipe-Same Direction,2,Rain,Wet,Daylight
2021-12-30T06:11:00.000,I 285,I 285 and Atlanta Rd,,Not a Collision with Motor Vehicle,1,Rain,Wet,Dark-Lighted
2021-11-09T03:33:00.000,I 285,I 285 and Atlanta Rd,,Angle Crash,2,Clear,Dry,Dark-Not Lighted
2021-07-22T19:31:00.000,I 285,I 285 and Atlanta Rd,,Sideswipe-Same Direction,2,Cloudy,Dry,Daylight
2021-11-25T03:07:00.000,I 285,I 285 and Atlanta Rd,,Sideswipe-Same Direction,2,Clear,Dry,Dark-Not Lighted
2021-12-29T08:50:00.000,I 285,I 285 and Atlanta Rd,,Not a Collision with Motor Vehicle,1,Rain,Wet,Daylight
2021-05-10T04:54:00.000,I 285,I 285 and Atlanta Rd,,Not a Collision with Motor Vehicle,1,Rain,Wet,Dark-Lighted
2021-03-12T17:01:00.000,I 285,I 285 and Atlanta Rd,,Rear End,2,Clear,Dry,Daylight
2021-03-17T11:02:00.000,I 285,I 285 and Atlanta Rd,,Rear End,2,Rain,Wet,Daylight
2021-03-25T08:17:00.000,I 285,I 285 and Atlanta Rd,,Rear End,2,Rain,Wet,Daylight
2021-01-04T10:19:00.000,I 285,I 285 and Atlanta Rd,,Angle Crash,2,Clear,Dry,Daylight
2021-04-15T16:27:00.000,I 285,I 285 and Atlanta Rd,,Rear End,1,Clear,Dry,Daylight
2021-02-09T14:00:00.000,I 285,I 285 and Atlanta Rd,,Rear End,2,Cloudy,Dry,Daylight
2021-03-10T13:36:00.000,I 285,I 285 and Atlanta Rd,,Not a Collision with Motor Vehicle,1,Clear,Dry,Daylight
2021-01-27T05:00:00.000,I 285,I 285 and Atlanta Rd,,Not a Collision with Motor Vehicle,1,Rain,Wet,Dark-Not Lighted
2021-01-01T10:57:00.000,I 285,I 285 and Atlanta Rd,,Not a Collision with Motor Vehicle,1,Rain,Water (standing or moving),Daylight
2021-03-18T08:41:00.000,I 285,I 285 and Atlanta Rd,,Sideswipe-Same Direction,2,Cloudy,Wet,Daylight
2021-06-25T17:22:00.000,I 285,I 285 and Atlanta Rd,,Sideswipe-Same Direction,2,Clear,Dry,Daylight
2021-06-11T15:24:00.000,I 285,I 285 and Atlanta Rd,,Rear End,2,Rain,Wet,Daylight
2021-07-04T04:10:00.000,I 285,I 285 and Atlanta Rd,,Rear End,1,Clear,Dry,Dark-Lighted
2021-10-08T19:41:00.000,I 285,I 285 and Atlanta Rd,,Angle Crash,3,Clear,Dry,Dark-Not Lighted
2021-11-14T23:20:00.000,I 285,I 285 and Atlanta Rd,,Rear End,3,Clear,Dry,Dark-Not Lighted
2021-06-16T17:02:00.000,I 285,I 285 and Atlanta Rd,,Rear End,2,Clear,Dry,Daylight
2021-03-14T15:21:00.000,I 285,I 285 and Atlanta Rd,,Rear End,3,Clear,Dry,Daylight
2021-05-08T12:54:00.000,I 285,I 285 and Atlanta Rd,,Not a Collision with Motor Vehicle,1,Clear,Dry,Daylight
2021-01-01T13:12:00.000,I 285,I 285 and Atlanta Rd,,Not a Collision with Motor Vehicle,1,Cloudy,Wet,Daylight
2021-02-24T13:59:00.000,I 285,I 285 and Atlanta Rd,,Rear End,2,Clear,Dry,Daylight
2021-04-23T09:20:00.000,I 285,I 285 and Atlanta Rd,,Not a Collision with Motor Vehicle,2,Cloudy,Dry,Daylight
2021-03-18T02:25:00.000,I 285,I 285 and Atlanta Rd,,Not a Collision with Motor Vehicle,1,Rain,Wet,Dark-Not Lighted
2021-09-12T06:31:00.000,I 285,I 285 and Atlanta Rd,,Not a Collision with Motor Vehicle,1,Clear,Dry,Dark-Lighted
2021-10-23T14:55:00.000,I 285,I 285 and Atlanta Rd,,Rear End,2,Clear,Dry,Daylight
2021-08-21T08:27:00.000,I 285,I 285 and Atlanta Rd,,Sideswipe-Same Direction,2,Cloudy,Dry,Daylight
2021-09-10T22:10:00.000,I 285,I 285 and Atlanta Rd,,Sideswipe-Same Direction,2,Clear,Dry,Dark-Lighted
2021-12-18T19:12:00.000,I 285,I 285 and Atlanta Rd,,Rear End,2,Rain,Wet,Dark-Lighted
2021-09-19T10:42:00.000,I 285,I 285 and Atlanta Rd,,Not a Collision with Motor Vehicle,1,Rain,Wet,Daylight
2021-05-18T00:40:00.000,I 285,I 285 and Atlanta Rd,,Rear End,2,Clear,Dry,Dark-Lighted
2021-03-24T09:00:00.000,I 285,I 285 and Atlanta Rd,,Sideswipe-Same Direction,2,Cloudy,Dry,Daylight
2021-03-19T18:45:00.000,I 285,I 285 and Atlanta Rd,,Rear End,2,Cloudy,Dry,Daylight
2021-01-01T12:57:00.000,I 285,I 285 and Atlanta Rd,,Not a Collision with Motor Vehicle,1,Rain,Wet,Daylight
2021-01-29T22:46:00.000,I 285,I 285 and Atlanta Rd,,Angle Crash,3,Clear,Dry,Dark-Not Lighted
2021-04-13T20:55:00.000,I 285,I 285 and Atlanta Rd,,Not a Collision with Motor Vehicle,1,Clear,Dry,Dark-Lighted
2020-04-19T11:50:00.000,I 285,I 285 and Atlanta Rd,,Not a Collision with Motor Vehicle,1,Rain,Wet,Daylight
2020-03-07T07:18:00.000,I 285,I 285 and Atlanta Rd,,Sideswipe-Same Direction,2,Clear,Dry,Daylight
2020-07-13T09:24:00.000,I 285,I 285 and Atlanta Rd,,Sideswipe-Same Direction,3,Cloudy,Dry,Daylight
2020-02-27T09:11:00.000,I 285,I 285 and Atlanta Rd,,Rear End,2,Clear,Dry,Daylight
2020-04-19T20:50:00.000,I 285,I 285 and Atlanta Rd,,Not a Collision with Motor Vehicle,1,Rain,Water (standing or moving),Dark-Lighted
2023-04-26T06:00:00.000,I 285,I 285 and Atlanta Rd,,Angle Crash,2,Cloudy,Dry,Dark-Not Lighted
2023-11-10T11:07:00.000,I 285,I 285 and Atlanta Rd,,Sideswipe-Same Direction,3,Rain,Wet,Daylight
2023-06-14T09:50:00.000,I 285,I 285 and Atlanta Rd,,Rear End,2,Rain,Wet,Daylight
2023-03-21T19:27:00.000,I 285,I 285 and Atlanta Rd,,Rear End,2,Cloudy,Dry,Daylight
2023-06-16T10:37:00.000,I 285,I 285 and Atlanta Rd,,Angle Crash,2,Clear,Dry,Daylight
2023-05-30T21:48:00.000,I 285,I 285 and Atlanta Rd,,Rear End,2,Clear,Dry,Dark-Not Lighted
2023-10-28T11:45:00.000,I 285,I 285 and Atlanta Rd,,Rear End,2,Clear,Dry,Daylight
2023-04-25T15:19:00.000,I 285,I 285 and Atlanta Rd,,Rear End,2,Clear,Dry,Daylight
2023-04-08T10:25:00.000,I 285,I 285 and Atlanta Rd,,Not a Collision with Motor Vehicle,1,Rain,Water (standing or moving),Dark-Lighted
2023-02-01T16:22:00.000,I 285,I 285 and Atlanta Rd,,Rear End,2,Cloudy,Dry,Daylight
2023-02-03T13:15:00.000,I 285,I 285 and Atlanta Rd,,Rear End,2,Clear,Dry,Daylight
2023-03-19T14:18:00.000,I 285,I 285 and Atlanta Rd,,Angle Crash,2,Clear,Dry,Daylight
2023-12-09T10:00:00.000,I 285,I 285 and Atlanta Rd,,Angle Crash,4,Rain,Wet,Daylight
2023-05-14T18:19:00.000,I 285,I 285 and Atlanta Rd,,Rear End,2,Clear,Dry,Daylight
2023-05-03T16:40:00.000,I 285,I 285 and Atlanta Rd,,Rear End,2,Clear,Dry,Daylight
2023-02-08T08:10:00.000,I 285,I 285 and Atlanta Rd,,Sideswipe-Same Direction,2,Cloudy,Dry,Daylight
2023-08-30T08:11:00.000,I 285,I 285 and Atlanta Rd,,Rear End,2,Clear,Dry,Daylight
2023-12-20T14:48:00.000,I 285,I 285 and Atlanta Rd,,Rear End,2,Clear,Dry,Daylight
2023-05-24T15:17:00.000,I 285,I 285 and Atlanta Rd,,Angle Crash,2,Clear,Dry,Daylight
2023-07-20T08:15:00.000,I 285,I 285 and Atlanta Rd,,Rear End,2,Cloudy,Dry,Daylight
2023-10-28T14:10:00.000,I 285,I 285 and Atlanta Rd,,Rear End,2,Clear,Dry,Daylight
2023-06-22T09:01:00.000,I 285,I 285 and Atlanta Rd,,Angle Crash,2,Rain,Wet,Daylight
2023-03-28T17:37:00.000,I 285,I 285 and Atlanta Rd,,Rear End,2,Cloudy,Dry,Daylight
2023-06-02T17:28:00.000,I 285,I 285 and Atlanta Rd,,Rear End,5,Clear,Dry,Daylight
2023-11-22T16:40:00.000,I 285,I 285 and Atlanta Rd,,Rear End,2,Clear,Dry,Daylight
2023-05-26T12:11:00.000,I 285,I 285 and Atlanta Rd,,Not a Collision with Motor Vehicle,1,Clear,Dry,Daylight
2023-06-17T15:00:00.000,I 285,I 285 and Atlanta Rd,,Rear End,2,Clear,Dry,Daylight
2023-06-16T23:30:00.000,I 285,I 285 and Atlanta Rd,,Sideswipe-Same Direction,2,Cloudy,Dry,Dark-Not Lighted
2023-12-27T17:41:00.000,I 285,I 285 and Atlanta Rd,,Rear End,2,Clear,Dry,Daylight
2023-04-04T16:49:00.000,I 285,I 285 and Atlanta Rd,,Rear End,2,Clear,Dry,Daylight
2023-09-26T15:13:00.000,I 285,I 285 and Atlanta Rd,,Angle Crash,2,Clear,Dry,Daylight
2023-06-02T16:31:00.000,I 285,I 285 and Atlanta Rd,,Rear End,4,Cloudy,Dry,Daylight
2023-09-26T07:22:00.000,I 285,I 285 and Atlanta Rd,,Rear End,2,Clear,Dry,Daylight
2023-07-19T18:13:00.000,I 285,I 285 and Atlanta Rd,,Rear End,3,Clear,Dry,Daylight
2023-04-06T11:18:00.000,I 285,I 285 and Atlanta Rd,,Rear End,2,Clear,Dry,Daylight
2023-05-24T21:21:00.000,I 285,I 285 and Atlanta Rd,,Rear End,2,Clear,Dry,Dark-Lighted
2023-11-02T12:35:00.000,I 285,I 285 and Atlanta Rd,,Rear End,2,Clear,Dry,Daylight
2023-03-25T23:10:00.000,I 285,I 285 and Atlanta Rd,,Sideswipe-Same Direction,1,Clear,Dry,Dark-Not Lighted
2023-08-10T04:15:00.000,I 285,I 285 and Atlanta Rd,,Not a Collision with Motor Vehicle,1,Clear,Dry,Dark-Lighted
2023-03-03T17:34:00.000,I 285,I 285 and Atlanta Rd,,Rear End,2,Rain,Wet,Daylight
2023-04-01T19:47:00.000,I 285,I 285 and Atlanta Rd,,Rear End,2,Clear,Dry,Daylight
2023-10-02T19:21:00.000,I 285,I 285 and Atlanta Rd,,Rear End,2,Clear,Dry,Dark-Lighted
2023-10-10T06:15:00.000,I 285,I 285 and Atlanta Rd,,Rear End,2,Cloudy,Dry,Dawn
2023-06-29T15:38:00.000,I 285,I 285 and Atlanta Rd,,Rear End,3,Clear,Dry,Daylight
2023-12-23T14:00:00.000,I 285,I 285 and Atlanta Rd,,Rear End,2,Clear,Dry,Daylight
2023-05-05T23:00:00.000,I 285,I 285 and Atlanta Rd,,Rear End,2,Clear,Dry,Dark-Lighted
2023-02-17T15:00:00.000,I 285,I 285 and Atlanta Rd,,Sideswipe-Same Direction,3,Clear,Dry,Daylight
2023-05-29T10:13:00.000,I 285,I 285 and Atlanta Rd,,Not a Collision with Motor Vehicle,1,Cloudy,Dry,Daylight
2023-11-16T11:30:00.000,I 285,I 285 and Atlanta Rd,,Sideswipe-Same Direction,2,Clear,Dry,Daylight
2023-09-16T12:03:00.000,I 285,I 285 and Atlanta Rd,,Not a Collision with Motor Vehicle,1,Rain,Wet,Daylight
2023-11-18T16:28:00.000,I 285,I 285 and Atlanta Rd,,Rear End,3,Clear,Dry,Daylight
2023-08-28T21:06:00.000,I 285,I 285 and Atlanta Rd,,Not a Collision with Motor Vehicle,1,Rain,Wet,Dark-Not Lighted
2023-07-21T15:43:00.000,I 285,I 285 and Atlanta Rd,,Rear End,2,Clear,Dry,Daylight
2023-11-17T04:45:00.000,I 285,I 285 and Atlanta Rd,,Not a Collision with Motor Vehicle,1,Clear,Dry,Dark-Lighted
2023-02-11T20:55:00.000,I 285,I 285 and Atlanta Rd,,Angle Crash,2,Rain,Wet,Dark-Not Lighted
2023-10-29T05:23:00.000,I 285,I 285 and Atlanta Rd,,Angle Crash,3,Clear,Dry,Dark-Not Lighted
2023-03-29T14:50:00.000,I 285,I 285 and Atlanta Rd,,Rear End,2,Clear,Dry,Daylight
2023-10-28T15:45:00.000,I 285,I 285 and Atlanta Rd,,Sideswipe-Same Direction,2,Clear,Dry,Daylight
2023-04-08T16:34:00.000,I 285,I 285 and Atlanta Rd,,Sideswipe-Same Direction,2,Rain,Wet,Daylight
2023-10-02T18:27:00.000,I 285,I 285 and Atlanta Rd,,Rear End,2,Clear,Dry,Daylight
2023-06-21T20:16:00.000,I 285,I 285 and Atlanta Rd,,Rear End,2,Rain,Wet,Dark-Lighted
2023-10-06T14:36:00.000,I 285,I 285 and Atlanta Rd,,Sideswipe-Same Direction,2,Cloudy,Dry,Daylight
2023-07-13T20:23:00.000,I 285,I 285 and Atlanta Rd,,Not a Collision with Motor Vehicle,1,Clear,Dry,Daylight
2023-07-22T15:15:00.000,I 285,I 285 and Atlanta Rd,,Sideswipe-Same Direction,2,Clear,Dry,Daylight
2023-04-08T16:34:00.000,I 285,I 285 and Atlanta Rd,,Not a Collision with Motor Vehicle,1,Rain,Wet,Daylight
2023-05-27T02:11:00.000,I 285,I 285 and Atlanta Rd,,Rear End,2,Cloudy,Dry,Dark-Not Lighted
2023-10-28T12:27:00.000,I 285,I 285 and Atlanta Rd,,Rear End,2,Clear,Dry,Daylight
2023-10-20T15:20:00.000,I 285,I 285 and Atlanta Rd,,Rear End,2,Clear,Dry,Daylight
2023-03-04T06:20:00.000,I 285,I 285 and Atlanta Rd,,Not a Collision with Motor Vehicle,2,Clear,Dry,Dark-Lighted
2023-12-09T18:00:00.000,I 285,I 285 and Atlanta Rd,,Sideswipe-Same Direction,2,Rain,Wet,Dark-Not Lighted
2023-11-06T09:20:00.000,I 285,I 285 and Atlanta Rd,,Rear End,2,Clear,Dry,Daylight
2023-10-11T19:50:00.000,I 285,I 285 and Atlanta Rd,,Rear End,2,Rain,Wet,Dark-Not Lighted
2023-06-30T13:19:00.000,I 285,I 285 and Atlanta Rd,,Not a Collision with Motor Vehicle,1,Cloudy,Dry,Daylight
2023-12-08T19:58:00.000,I 285,I 285 and Atlanta Rd,,Rear End,2,Clear,Dry,Daylight
2023-09-09T13:40:00.000,I 285,I 285 and Atlanta Rd,,Sideswipe-Same Direction,2,Rain,Wet,Daylight
2023-09-10T12:52:00.000,I 285,I 285 and Atlanta Rd,,Rear End,2,Clear,Dry,Daylight
2023-01-18T18:00:00.000,I 285,I 285 and Atlanta Rd,,Sideswipe-Same Direction,2,Cloudy,Wet,Dark-Not Lighted
2023-06-16T15:51:00.000,I 285,I 285 and Atlanta Rd,,Rear End,3,Cloudy,Dry,Daylight
2023-09-19T07:16:00.000,I 285,I 285 and Atlanta Rd,,Rear End,2,Clear,Dry,Daylight