Date and Time,Roadway (From Crash Report),Intersection Name (from Crash Report),KABCO Severity,Manner of Collision (Crash Level) ,# of Vehicles per crash ,Weather Conditions (Crash Level),Surface Condition (Crash Level) ,Light Conditions (Crash Level)
2023-09-16T10:27:00.000,I 285,I 285 and Atlanta Rd,,Angle Crash,2,Rain,Wet,Daylight
2023-05-26T17:30:00.000,I 285,I 285 and Atlanta Rd,,Angle Crash,2,Clear,Dry,Daylight
2023-10-18T09:20:00.000,I 285,I 285 and Atlanta Rd,,Sideswipe-Same Direction,2,Clear,Dry,Daylight
2023-08-23T08:15:00.000,I 285,I 285 and Atlanta Rd,,Sideswipe-Same Direction,2,Clear,Dry,Daylight
2023-04-29T02:31:00.000,I 285,I 285 and Atlanta Rd,,Sideswipe-Same Direction,2,Clear,Dry,Dark-Lighted
2023-08-17T20:08:00.000,I 285,I 285 and Atlanta Rd,,Rear End,2,Clear,Dry,Daylight
2023-07-24T09:15:00.000,I 285,I 285 and Atlanta Rd,,Sideswipe-Same Direction,2,Clear,Dry,Daylight
2022-04-27T09:04:00.000,I 285,I 285 and Atlanta Rd,,Rear End,2,Clear,Dry,Daylight
2022-12-19T05:00:00.000,I 285,I 285 and Atlanta Rd,,Not a Collision with Motor Vehicle,1,Clear,Dry,Dark-Lighted
2022-07-29T23:37:00.000,I 285,I 285 and Atlanta Rd,,Sideswipe-Same Direction,3,Clear,Dry,Dark-Not Lighted
2022-01-11T02:29:00.000,I 285,I 285 and Atlanta Rd,,Angle Crash,2,Clear,Dry,Dark-Not Lighted
2022-08-11T13:40:00.000,I 285,I 285 and Atlanta Rd,,Rear End,2,Clear,Dry,Daylight
2022-12-04T17:03:00.000,I 285,I 285 and Atlanta Rd,,Angle Crash,2,Cloudy,Dry,Daylight
2022-02-19T03:52:00.000,I 285,I 285 and Atlanta Rd,,Rear End,2,Clear,Dry,Dark-Not Lighted
2022-11-13T13:42:00.000,I 285,I 285 and Atlanta Rd,,Angle Crash,2,Clear,Dry,Daylight
2020-05-02T21:25:00.000,I 285,I 285 and Atlanta Rd,,Rear End,2,Clear,Dry,Dark-Lighted
2021-09-23T19:50:00.000,I 285,I 285 and Atlanta Rd,,Rear End,2,Clear,Dry,Dark-Lighted
2020-10-24T20:34:00.000,I 285,I 285 and Atlanta Rd,,Angle Crash,2,Rain,Wet,Dark-Lighted
2020-12-04T16:14:00.000,I 285,I 285 and Atlanta Rd,,Not a Collision with Motor Vehicle,1,Rain,Wet,Daylight
2020-04-26T10:00:00.000,I 285,I 285 and Atlanta Rd,,Rear End,2,Cloudy,Dry,Daylight
2020-05-23T14:29:00.000,I 285,I 285 and Atlanta Rd,,Rear End,2,Clear,Dry,Daylight
2020-06-15T06:03:00.000,I 285,I 285 and Atlanta Rd,,Sideswipe-Same Direction,1,Clear,Dry,Dark-Lighted
2020-01-13T23:17:00.000,I 285,I 285 and Atlanta Rd,,Sideswipe-Same Direction,2,Rain,Wet,Dark-Not Lighted
2020-10-07T21:16:00.000,I 285,I 285 and Atlanta Rd,,Sideswipe-Same Direction,2,Clear,Dry,Dark-Not Lighted
2020-04-19T20:00:00.000,I 285,I 285 and Atlanta Rd,,Angle Crash,2,Rain,Wet,Daylight
2020-07-11T17:16:00.000,I 285,I 285 and Atlanta Rd,,Rear End,2,Clear,Dry,Daylight
2020-02-21T15:32:00.000,I 285,I 285 and Atlanta Rd,,Rear End,2,Cloudy,Dry,Daylight
2020-11-20T18:44:00.000,I 285,I 285 and Atlanta Rd,,Rear End,2,Clear,Dry,Dark-Not Lighted
2020-10-26T13:00:00.000,I 285,I 285 and Atlanta Rd,,Sideswipe-Same Direction,2,Cloudy,Dry,Daylight
2020-10-02T01:11:00.000,I 285,I 285 and Atlanta Rd,,Rear End,2,Clear,Dry,Dark-Not Lighted
2020-03-04T22:00:00.000,I 285,I 285 and Atlanta Rd,,Not a Collision with Motor Vehicle,1,Rain,Wet,Dark-Not Lighted
2020-08-05T20:52:00.000,I 285,I 285 and Atlanta Rd,,Sideswipe-Same Direction,2,Clear,Dry,Dark-Not Lighted
2020-01-23T05:09:00.000,I 285,I 285 and Atlanta Rd,,Sideswipe-Same Direction,2,Clear,Dry,Dark-Not Lighted
2020-09-30T17:43:00.000,I 285,I 285 and Atlanta Rd,,Rear End,2,Clear,Dry,Daylight
2020-11-15T16:46:00.000,I 285,I 285 and Atlanta Rd,,Rear End,2,Clear,Dry,Daylight
2020-02-15T18:15:00.000,I 285,I 285 and Atlanta Rd,,Rear End,2,Clear,Dry,Daylight
2020-03-11T04:32:00.000,I 285,I 285 and Atlanta Rd,,Not a Collision with Motor Vehicle,1,Clear,Dry,Dark-Not Lighted
2020-06-17T15:30:00.000,I 285,I 285 and Atlanta Rd,,Sideswipe-Same Direction,2,Clear,Dry,Daylight
2020-08-30T13:45:00.000,I 285,I 285 and Atlanta Rd,,Rear End,2,Clear,Dry,Daylight
2020-04-29T15:13:00.000,I 285,I 285 and Atlanta Rd,,Not a Collision with Motor Vehicle,1,Rain,Wet,Daylight
2020-11-29T20:40:00.000,I 285,I 285 and Atlanta Rd,,Sideswipe-Same Direction,2,Rain,Wet,Dark-Lighted
2020-01-05T13:08:00.000,I 285,I 285 and Atlanta Rd,,Rear End,2,Cloudy,Dry,Daylight
2020-10-17T13:07:00.000,I 285,I 285 and Atlanta Rd,,Rear End,2,Clear,Dry,Daylight
2020-03-05T05:38:00.000,I 285,I 285 and Atlanta Rd,,Rear End,2,Rain,Wet,Dark-Not Lighted
2020-06-20T15:00:00.000,I 285,I 285 and Atlanta Rd,,Rear End,2,Clear,Dry,Daylight
2020-07-09T18:39:00.000,I 285,I 285 and Atlanta Rd,,Not a Collision with Motor Vehicle,1,Clear,Wet,Daylight
2020-08-02T03:16:00.000,I 285,I 285 and Atlanta Rd,,Not a Collision with Motor Vehicle,1,Clear,Dry,Dark-Not Lighted
2020-11-18T13:05:00.000,I 285,I 285 and Atlanta Rd,,Rear End,2,Clear,Dry,Daylight
2020-02-19T17:50:00.000,I 285,I 285 and Atlanta Rd,,Rear End,2,Cloudy,Dry,Daylight
2020-01-11T12:36:00.000,I 285,I 285 and Atlanta Rd,,Rear End,2,Rain,Wet,Daylight
2020-08-22T15:39:00.000,I 285,I 285 and Atlanta Rd,,Rear End,2,Clear,Dry,Daylight
2020-02-10T08:16:00.000,I 285,I 285 and Atlanta Rd,,Not a Collision with Motor Vehicle,1,Cloudy,Dry,Daylight
2020-12-15T11:26:00.000,I 285,I 285 and Atlanta Rd,,Rear End,2,Clear,Dry,Daylight
2020-04-19T09:27:00.000,I 285,I 285 and Atlanta Rd,,Not a Collision with Motor Vehicle,1,Rain,Water (standing or moving),Daylight
2020-01-04T14:00:00.000,I 285,I 285 and Atlanta Rd,,Rear End,2,Clear,Dry,Daylight
2020-01-14T21:28:00.000,I 285,I 285 and Atlanta Rd,,Rear End,2,Cloudy,Dry,Dark-Not Lighted
2020-03-06T19:23:00.000,I 285,I 285 and Atlanta Rd,,Rear End,2,Clear,Dry,Dark-Lighted
2020-10-24T13:29:00.000,I 285,I 285 and Atlanta Rd,,Sideswipe-Same Direction,2,Rain,Wet,Daylight
2020-02-12T21:48:00.000,I 285,I 285 and Atlanta Rd,,Angle Crash,2,Cloudy,Dry,Dark-Lighted
2020-05-21T18:40:00.000,I 285,I 285 and Atlanta Rd,,Rear End,2,Cloudy,Dry,Daylight
2020-08-19T13:56:00.000,I 285,I 285 and Atlanta Rd,,Sideswipe-Same Direction,2,Clear,Dry,Daylight
2020-10-03T15:25:00.000,I 285,I 285 and Atlanta Rd,,Angle Crash,2,Clear,Dry,Daylight
2020-02-08T14:14:00.000,I 285,I 285 and Atlanta Rd,,Sideswipe-Same Direction,2,Cloudy,Wet,Daylight
2020-06-27T16:50:00.000,I 285,I 285 and Atlanta Rd,,Rear End,2,Rain,Wet,Daylight
2020-04-27T09:16:00.000,I 285,I 285 and Atlanta Rd,,Rear End,2,Clear,Dry,Daylight
2020-02-15T17:20:00.000,I 285,I 285 and Atlanta Rd,,Sideswipe-Same Direction,2,Clear,Dry,Daylight
2020-12-19T14:14:00.000,I 285,I 285 and Atlanta Rd,,Sideswipe-Same Direction,2,Clear,Dry,Daylight
2020-07-07T20:10:00.000,I 285,I 285 and Atlanta Rd,,Not a Collision with Motor Vehicle,1,Rain,Wet,Daylight
2020-01-16T21:10:00.000,I 285,I 285 and Atlanta Rd,,Rear End,2,Clear,Dry,Dark-Not Lighted
2020-03-03T17:45:00.000,I 285,I 285 and Atlanta Rd,,Sideswipe-Same Direction,2,Cloudy,Dry,Daylight
2020-01-04T19:56:00.000,I 285,I 285 and Atlanta Rd,,Angle Crash,2,Clear,Dry,Dark-Not Lighted
2020-01-10T15:30:00.000,I 285,I 285 and Atlanta Rd,,Rear End,2,Cloudy,Dry,Daylight
2020-11-20T18:13:00.000,I 285,I 285 and Atlanta Rd,,Rear End,2,Clear,Dry,Dark-Not Lighted
2020-08-05T16:08:00.000,I 285,I 285 and Atlanta Rd,,Angle Crash,2,Clear,Dry,Daylight
2020-01-24T21:54:00.000,I 285,I 285 and Atlanta Rd,,Rear End,2,Clear,Dry,Dark-Lighted
2020-09-03T02:15:00.000,I 285,I 285 and Atlanta Rd,,Rear End,2,Clear,Dry,Dark-Not Lighted
2020-07-18T16:10:00.000,I 285,I 285 and Atlanta Rd,,Rear End,2,Rain,Dry,Daylight
2020-11-30T00:45:00.000,I 285,I 285 and Atlanta Rd,,Angle Crash,2,Rain,Wet,Dark-Not Lighted
2020-06-29T20:12:00.000,I 285,I 285 and Atlanta Rd,,Not a Collision with Motor Vehicle,1,Cloudy,Wet,Daylight
2020-06-17T17:45:00.000,I 285,I 285 and Atlanta Rd,,Rear End,2,Clear,Dry,Daylight
2020-07-29T07:27:00.000,I 285,I 285 and Atlanta Rd,,Sideswipe-Same Direction,2,Cloudy,Dry,Daylight
2020-10-19T19:57:00.000,I 285,I 285 and Atlanta Rd,,Rear End,2,Clear,Dry,Daylight
2020-06-25T16:56:00.000,I 285,I 285 and Atlanta Rd,,Rear End,3,Cloudy,Dry,Daylight
2020-10-14T17:07:00.000,I 285,I 285 and Atlanta Rd,,Rear End,2,Clear,Dry,Daylight
2020-03-29T14:13:00.000,I 285,I 285 and Atlanta Rd,,Rear End,2,Cloudy,Dry,Daylight
2020-07-29T06:00:00.000,I 285,I 285 and Atlanta Rd,,Angle Crash,2,Cloudy,Dry,Dark-Not Lighted
2020-02-09T14:12:00.000,I 285,I 285 and Atlanta Rd,,Rear End,2,Cloudy,Dry,Daylight
2020-05-12T14:09:00.000,I 285,I 285 and Atlanta Rd,,Rear End,2,Clear,Dry,Daylight
2020-09-13T02:57:00.000,I 285,I 285 and Atlanta Rd,,Not a Collision with Motor Vehicle,1,Clear,Dry,Dark-Not Lighted
2020-10-16T22:10:00.000,I 285,I 285 and Atlanta Rd,,Rear End,2,Clear,Dry,Dark-Lighted
2020-01-06T18:07:00.000,I 285,I 285 and Atlanta Rd,,Rear End,2,Cloudy,Dry,Dark-Lighted
2020-11-02T05:53:00.000,I 285,I 285 and Atlanta Rd,,Sideswipe-Same Direction,2,Clear,Dry,Daylight
2020-03-05T05:38:00.000,I 285,I 285 and Atlanta Rd,,Rear End,2,Rain,Wet,Dark-Not Lighted
2020-02-13T21:55:00.000,I 285,I 285 and Atlanta Rd,,Rear End,2,Clear,Dry,Dark-Not Lighted
2020-07-21T21:52:00.000,I 285,I 285 and Atlanta Rd,,Rear End,2,Clear,Water (standing or moving),Dark-Not Lighted
2020-02-14T19:50:00.000,I 285,I 285 and Atlanta Rd,,Angle Crash,2,Clear,Dry,Dark-Not Lighted
2020-11-11T22:50:00.000,I 285,I 285 and Atlanta Rd,,Rear End,2,Rain,Wet,Dark-Lighted
2020-08-29T23:05:00.000,I 285,I 285 and Atlanta Rd,,Rear End,3,Clear,Dry,Dark-Not Lighted
2020-01-05T13:41:00.000,I 285,I 285 and Atlanta Rd,,Rear End,2,Cloudy,Dry,Daylight
2020-12-31T11:15:00.000,I 285,I 285 and Atlanta Rd,,Sideswipe-Same Direction,2,Cloudy,Dry,Daylight
2020-01-15T06:46:00.000,I 285,I 285 and Atlanta Rd,,Angle Crash,2,Cloudy,Wet,Dawn
2020-07-11T18:00:00.000,I 285,I 285 and Atlanta Rd,,Sideswipe-Same Direction,2,Clear,Dry,Daylight
2020-10-24T18:09:00.000,I 285,I 285 and Atlanta Rd,,Sideswipe-Same Direction,3,Rain,Wet,Dark-Not Lighted
2021-02-21T07:45:00.000,I 285,I 285 and Atlanta Rd,,Not a Collision with Motor Vehicle,1,Cloudy,Dry,Daylight
2021-05-26T14:47:00.000,I 285,I 285 and Atlanta Rd,,Rear End,2,Cloudy,Dry,Daylight
2021-01-06T11:00:00.000,I 285,I 285 and Atlanta Rd,,Rear End,2,Clear,Dry,Daylight
2021-06-19T16:25:00.000,I 285,I 285 and Atlanta Rd,,Not a Collision with Motor Vehicle,1,Rain,Wet,Daylight
2021-04-24T16:10:00.000,I 285,I 285 and Atlanta Rd,,Sideswipe-Same Direction,2,Cloudy,Wet,Daylight
2021-04-02T12:20:00.000,I 285,I 285 and Atlanta Rd,,Rear End,2,Clear,Dry,Daylight
2021-03-25T07:12:00.000,I 285,I 285 and Atlanta Rd,,Rear End,2,Rain,Wet,Dawn
2021-06-29T10:00:00.000,I 285,I 285 and Atlanta Rd,,Rear End,2,Cloudy,Dry,Daylight
2021-04-07T07:31:00.000,I 285,I 285 and Atlanta Rd,,Rear End,2,Clear,Dry,Daylight
2021-02-22T16:04:00.000,I 285,I 285 and Atlanta Rd,,Rear End,2,Clear,Dry,Daylight
2021-05-04T21:23:00.000,I 285,I 285 and Atlanta Rd,,Not a Collision with Motor Vehicle,1,Rain,Water (standing or moving),Dark-Not Lighted
2021-05-22T15:04:00.000,I 285,I 285 and Atlanta Rd,,Rear End,2,Clear,Dry,Daylight
2021-01-02T13:14:00.000,I 285,I 285 and Atlanta Rd,,Sideswipe-Same Direction,2,Cloudy,Dry,Daylight
2021-02-07T02:25:00.000,I 285,I 285 and Atlanta Rd,,Not a Collision with Motor Vehicle,1,Rain,Wet,Dark-Not Lighted
2021-03-03T06:28:00.000,I 285,I 285 and Atlanta Rd,,Sideswipe-Same Direction,2,Cloudy,Wet,Dark-Lighted
2021-04-17T12:10:00.000,I 285,I 285 and Atlanta Rd,,Angle Crash,2,Cloudy,Dry,Daylight
2021-06-19T16:23:00.000,I 285,I 285 and Atlanta Rd,,Rear End,2,Rain,Wet,Daylight
2021-05-16T22:22:00.000,I 285,I 285 and Atlanta Rd,,Rear End,2,Clear,Dry,Dark-Lighted
2021-05-12T08:58:00.000,I 285,I 285 and Atlanta Rd,,Not a Collision with Motor Vehicle,1,Rain,Wet,Daylight
2021-09-16T09:39:00.000,I 285,I 285 and Atlanta Rd,,Sideswipe-Same Direction,2,Cloudy,Wet,Daylight
2021-07-27T04:20:00.000,I 285,I 285 and Atlanta Rd,,Rear End,2,Clear,Dry,Dark-Lighted
2021-07-21T08:39:00.000,I 285,I 285 and Atlanta Rd,,Rear End,2,Clear,Dry,Daylight
2021-12-14T08:08:00.000,I 285,I 285 and Atlanta Rd,,Sideswipe-Same Direction,2,Clear,Dry,Daylight
2021-12-25T16:13:00.000,I 285,I 285 and Atlanta Rd,,Rear End,2,Clear,Dry,Daylight
2021-11-05T22:04:00.000,I 285,I 285 and Atlanta Rd,,Sideswipe-Same Direction,2,Clear,Dry,Dark-Lighted
2021-07-16T22:05:00.000,I 285,I 285 and Atlanta Rd,,Rear End,2,Cloudy,Dry,Dark-Lighted
2021-12-28T14:20:00.000,I 285,I 285 and Atlanta Rd,,Sideswipe-Same Direction,2,Clear,Dry,Daylight
2021-10-02T15:37:00.000,I 285,I 285 and Atlanta Rd,,Rear End,2,Clear,Dry,Daylight
2021-12-19T20:13:00.000,I 285,I 285 and Atlanta Rd,,Sideswipe-Same Direction,2,Clear,Dry,Dark-Lighted
2021-11-24T16:16:00.000,I 285,I 285 and Atlanta Rd,,Rear End,2,Clear,Dry,Daylight
2021-12-26T18:55:00.000,I 285,I 285 and Atlanta Rd,,Angle Crash,2,Cloudy,Dry,Dark-Not Lighted
2021-11-09T04:57:00.000,I 285,I 285 and Atlanta Rd,,Rear End,5,Clear,Dry,Dark-Lighted
2021-12-30T14:10:00.000,I 285,I 285 and Atlanta Rd,,Sideswipe-Same Direction,2,Rain,Wet,Daylight
2021-10-26T21:17:00.000,I 285,I 285 and Atlanta Rd,,Sideswipe-Same Direction,2,Clear,Dry,Dark-Lighted
2021-11-12T14:21:00.000,I 285,I 285 and Atlanta Rd,,Rear End,2,Clear,Dry,Daylight
2021-07-25T20:30:00.000,I 285,I 285 and Atlanta Rd,,Rear End,2,Rain,Wet,Dusk
2021-11-17T18:57:00.000,I 285,I 285 and Atlanta Rd,,Sideswipe-Same Direction,2,Clear,Dry,Dark-Lighted
2022-12-13T11:16:00.000,I 285,I 285 and Atlanta Rd,,Not a Collision with Motor Vehicle,2,Cloudy,Dry,Daylight
2022-11-03T11:18:00.000,I 285,I 285 and Atlanta Rd,,Rear End,2,Clear,Dry,Daylight
2022-04-16T07:28:00.000,I 285,I 285 and Atlanta Rd,,Not a Collision with Motor Vehicle,1,Rain,Water (standing or moving),Dawn
2022-03-09T19:45:00.000,I 285,I 285 and Atlanta Rd,,Rear End,2,Cloudy,Dry,Dark-Lighted
2022-05-08T03:01:00.000,I 285,I 285 and Atlanta Rd,,Sideswipe-Same Direction,2,Cloudy,Dry,Dark-Lighted
2022-06-02T09:30:00.000,I 285,I 285 and Atlanta Rd,,Rear End,2,Clear,Dry,Daylight
2022-03-10T18:37:00.000,I 285,I 285 and Atlanta Rd,,Rear End,2,Clear,Dry,Daylight
2022-09-14T21:14:00.000,I 285,I 285 and Atlanta Rd,,Angle Crash,2,Clear,Dry,Dark-Lighted
2021-07-02T12:25:00.000,I 285,I 285 and Atlanta Rd,,Rear End,2,Rain,Wet,Daylight
2021-08-20T09:09:00.000,I 285,I 285 and Atlanta Rd,,Rear End,2,Cloudy,Dry,Daylight
2021-11-15T21:55:00.000,I 285,I 285 and Atlanta Rd,,Angle Crash,2,Clear,Dry,Dark-Lighted
2021-09-03T16:00:00.000,I 285,I 285 and Atlanta Rd,,Sideswipe-Same Direction,2,Cloudy,Dry,Daylight
2022-01-18T12:37:00.000,I 285,I 285 and Atlanta Rd,,Rear End,2,Clear,Dry,Daylight
2022-09-02T16:33:00.000,I 285,I 285 and Atlanta Rd,,Rear End,3,Cloudy,Dry,Daylight
2022-08-28T21:31:00.000,I 285,I 285 and Atlanta Rd,,Angle Crash,2,Clear,Dry,Dark-Not Lighted
2022-03-30T08:24:00.000,I 285,I 285 and Atlanta Rd,,Rear End,2,Cloudy,Dry,Daylight
2022-04-04T20:29:00.000,I 285,I 285 and Atlanta Rd,,Rear End,2,Clear,Dry,Dark-Not Lighted
2022-09-14T09:57:00.000,I 285,I 285 and Atlanta Rd,,Rear End,2,Clear,Dry,Daylight
2022-01-25T05:58:00.000,I 285,I 285 and Atlanta Rd,,Sideswipe-Same Direction,2,Clear,Dry,Dark-Not Lighted
2022-06-11T13:20:00.000,I 285,I 285 and Atlanta Rd,,Rear End,2,Clear,Dry,Daylight
2022-06-23T18:49:00.000,I 285,I 285 and Atlanta Rd,,Sideswipe-Same Direction,2,Clear,Dry,Daylight
2022-09-21T14:25:00.000,I 285,I 285 and Atlanta Rd,,Rear End,2,Clear,Dry,Daylight
2022-09-28T16:30:00.000,I 285,I 285 and Atlanta Rd,,Rear End,2,Clear,Dry,Daylight
2022-02-27T10:19:00.000,I 285,I 285 and Atlanta Rd,,Head On,3,Rain,Wet,Daylight
2022-06-07T06:01:00.000,I 285,I 285 and Atlanta Rd,,Not a Collision with Motor Vehicle,1,Clear,Dry,Daylight
2022-10-19T17:30:00.000,I 285,I 285 and Atlanta Rd,,Rear End,4,Clear,Dry,Daylight
2022-10-01T11:59:00.000,I 285,I 285 and Atlanta Rd,,Not a Collision with Motor Vehicle,1,Clear,Dry,Daylight
2022-11-28T18:10:00.000,I 285,I 285 and Atlanta Rd,,Sideswipe-Same Direction,2,Cloudy,Dry,Dark-Lighted
2022-05-27T17:45:00.000,I 285,I 285 and Atlanta Rd,,Rear End,2,Clear,Dry,Daylight
2022-11-13T14:45:00.000,I 285,I 285 and Atlanta Rd,,Rear End,2,Clear,Dry,Daylight
2022-12-01T18:09:00.000,I 285,I 285 and Atlanta Rd,,Angle Crash,2,Clear,Dry,Dark-Lighted
2022-11-29T19:20:00.000,I 285,I 285 and Atlanta Rd,,Rear End,2,Cloudy,Wet,Dark-Lighted
2022-06-07T23:15:00.000,I 285,I 285 and Atlanta Rd,,Sideswipe-Same Direction,3,Rain,Wet,Dark-Not Lighted
2022-09-17T00:23:00.000,I 285,I 285 and Atlanta Rd,,Sideswipe-Same Direction,2,Clear,Dry,Dark-Lighted
2022-02-17T23:40:00.000,I 285,I 285 and Atlanta Rd,,Not a Collision with Motor Vehicle,1,Rain,Wet,Dark-Lighted
2022-03-23T07:23:00.000,I 285,I 285 and Atlanta Rd,,Rear End,2,Rain,Wet,Dark-Not Lighted
2022-04-17T06:40:00.000,I 285,I 285 and Atlanta Rd,,Rear End,2,Fog,Dry,Daylight
2022-03-13T03:05:00.000,I 285,I 285 and Atlanta Rd,,Rear End,2,Cloudy,Dry,Dark-Not Lighted
2022-02-25T20:09:00.000,I 285,I 285 and Atlanta Rd,,Rear End,2,Clear,Dry,Dark-Not Lighted
2022-01-09T16:51:00.000,I 285,I 285 and Atlanta Rd,,Not a Collision with Motor Vehicle,1,Rain,Wet,Daylight
2022-05-14T20:15:00.000,I 285,I 285 and Atlanta Rd,,Rear End,2,Clear,Dry,Daylight
2022-08-30T16:41:00.000,I 285,I 285 and Atlanta Rd,,Rear End,2,Cloudy,Wet,Daylight
2022-05-18T09:47:00.000,I 285,I 285 and Atlanta Rd,,Angle Crash,2,Clear,Dry,Daylight
2022-06-26T18:11:00.000,I 285,I 285 and Atlanta Rd,,Rear End,2,Clear,Dry,Daylight
2021-08-14T18:52:00.000,I 285,I 285 and Atlanta Rd,,Rear End,2,Cloudy,Wet,Daylight
2021-12-30T09:16:00.000,I 285,I 285 and Atlanta Rd,,Rear End,3,Rain,Wet,Daylight
2021-12-30T08:17:00.000,I 285,I 285 and Atlanta Rd,,Not a Collision with Motor Vehicle,1,Rain,Wet,Daylight
2021-09-11T02:42:00.000,I 285,I 285 and Atlanta Rd,,Sideswipe-Same Direction,2,Clear,Dry,Dark-Lighted
2021-11-03T06:56:00.000,I 285,I 285 and Atlanta Rd,,Rear End,2,Clear,Dry,Dark-Lighted
2021-10-09T15:35:00.000,I 285,I 285 and Atlanta Rd,,Rear End,2,Clear,Dry,Daylight
2022-02-03T20:53:00.000,I 285,I 285 and Atlanta Rd,,Angle Crash,2,Rain,Wet,Dark-Lighted
2022-06-11T14:39:00.000,I 285,I 285 and Atlanta Rd,,Not a Collision with Motor Vehicle,1,Clear,Dry,Daylight
2022-03-09T06:09:00.000,I 285,I 285 and Atlanta Rd,,Not a Collision with Motor Vehicle,1,Rain,Water (standing or moving),Dark-Not Lighted
2022-06-10T22:22:00.000,I 285,I 285 and Atlanta Rd,,Not a Collision with Motor Vehicle,1,Clear,Dry,Dark-Lighted
2022-02-08T16:11:00.000,I 285,I 285 and Atlanta Rd,,Rear End,2,Clear,Dry,Daylight
2022-10-16T16:45:00.000,I 285,I 285 and Atlanta Rd,,Angle Crash,2,Clear,Dry,Daylight
2022-03-02T07:40:00.000,I 285,I 285 and Atlanta Rd,,Sideswipe-Same Direction,2,Clear,Dry,Daylight
2022-11-28T20:02:00.000,I 285,I 285 and Atlanta Rd,,Sideswipe-Same Direction,2,Clear,Dry,Dark-Not Lighted
2022-02-09T13:00:00.000,I 285,I 285 and Atlanta Rd,,Sideswipe-Same Direction,2,Clear,Dry,Daylight
2022-04-27T08:34:00.000,I 285,I 285 and Atlanta Rd,,Rear End,2,Clear,Dry,Daylight
2022-09-14T16:46:00.000,I 285,I 285 and Atlanta Rd,,Rear End,2,Clear,Dry,Daylight
2022-01-06T01:23:00.000,I 285,I 285 and Atlanta Rd,,Rear End,2,Clear,Dry,Dark-Lighted
2022-05-15T14:00:00.000,I 285,I 285 and Atlanta Rd,,Rear End,2,Cloudy,Dry,Daylight
2022-03-16T16:43:00.000,I 285,I 285 and Atlanta Rd,,Rear End,2,Cloudy,Dry,Daylight
2022-10-13T05:47:00.000,I 285,I 285 and Atlanta Rd,,Sideswipe-Same Direction,2,Rain,Wet,Dark-Not Lighted
2022-01-02T17:19:00.000,I 285,I 285 and Atlanta Rd,,Angle Crash,3,Rain,Wet,Daylight
2022-11-29T08:47:00.000,I 285,I 285 and Atlanta Rd,,Rear End,2,Clear,Dry,Daylight
2022-09-19T13:43:00.000,I 285,I 285 and Atlanta Rd,,Rear End,2,Clear,Dry,Daylight
2022-07-17T22:47:00.000,I 285,I 285 and Atlanta Rd,,Sideswipe-Same Direction,2,Clear,Dry,Dark-Not Lighted
2022-12-06T09:16:00.000,I 285,I 285 and Atlanta Rd,,Rear End,2,Rain,Wet,Daylight
2022-09-16T08:30:00.000,I 285,I 285 and Atlanta Rd,,Sideswipe-Same Direction,2,Clear,Dry,Daylight
2022-04-08T17:38:00.000,I 285,I 285 and Atlanta Rd,,Angle Crash,2,Clear,Dry,Daylight
2022-01-19T15:56:00.000,I 285,I 285 and Atlanta Rd,,Sideswipe-Same Direction,2,Cloudy,Dry,Daylight
2022-04-09T14:35:00.000,I 285,I 285 and Atlanta Rd,,Rear End,2,Clear,Dry,Daylight
2022-03-23T07:35:00.000,I 285,I 285 and Atlanta Rd,,Rear End,2,Rain,Wet,Dark-Not Lighted
2022-09-16T07:40:00.000,I 285,I 285 and Atlanta Rd,,Rear End,2,Clear,Dry,Daylight
2022-11-16T20:53:00.000,I 285,I 285 and Atlanta Rd,,Rear End,3,Clear,Dry,Dark-Lighted
2022-04-11T18:50:00.000,I 285,I 285 and Atlanta Rd,,Rear End,2,Cloudy,Dry,Daylight
2022-02-03T22:00:00.000,I 285,I 285 and Atlanta Rd,,Sideswipe-Same Direction,2,Rain,Wet,Dark-Not Lighted
2022-07-09T10:46:00.000,I 285,I 285 and Atlanta Rd,,Rear End,2,Rain,Water (standing or moving),Daylight
2022-04-07T00:14:00.000,I 285,I 285 and Atlanta Rd,,Angle Crash,2,Rain,Wet,Dark-Lighted
2022-02-23T13:30:00.000,I 285,I 285 and Atlanta Rd,,Rear End,2,Clear,Dry,Daylight
2022-07-09T07:50:00.000,I 285,I 285 and Atlanta Rd,,Not a Collision with Motor Vehicle,1,Rain,Water (standing or moving),Dawn
2022-12-15T17:19:00.000,I 285,I 285 and Atlanta Rd,,Rear End,2,Clear,Dry,Daylight
2022-02-04T01:25:00.000,I 285,I 285 and Atlanta Rd,,Not a Collision with Motor Vehicle,1,Rain,Wet,Dark-Not Lighted
2022-08-06T20:00:00.000,I 285,I 285 and Atlanta Rd,,Not a Collision with Motor Vehicle,1,Cloudy,Dry,Daylight
2022-04-17T06:19:00.000,I 285,I 285 and Atlanta Rd,,Not a Collision with Motor Vehicle,1,Cloudy,Dry,Dark-Not Lighted
2022-05-14T20:08:00.000,I 285,I 285 and Atlanta Rd,,Not a Collision with Motor Vehicle,2,Cloudy,Dry,Daylight
2022-06-21T16:40:00.000,I 285,I 285 and Atlanta Rd,,Rear End,2,Clear,Dry,Daylight
2022-12-11T14:20:00.000,I 285,I 285 and Atlanta Rd,,Not a Collision with Motor Vehicle,1,Rain,Water (standing or moving),Daylight
2022-03-23T07:20:00.000,I 285,I 285 and Atlanta Rd,,Not a Collision with Motor Vehicle,1,Rain,Wet,Dark-Not Lighted
2022-10-28T16:14:00.000,I 285,I 285 and Atlanta Rd,,Rear End,3,Clear,Dry,Daylight