Date and Time,Roadway (From Crash Report),Intersection Name (from Crash Report),KABCO Severity,Manner of Collision (Crash Level) ,# of Vehicles per crash ,Weather Conditions (Crash Level),Surface Condition (Crash Level) ,Light Conditions (Crash Level)
2022-03-23T07:50:00.000,I 285,I 285 and Atlanta Rd,,Sideswipe-Same Direction,2,Rain,Wet,Dark-Not Lighted
2022-04-02T04:06:00.000,I 285,I 285 and Atlanta Rd,,Rear End,2,Clear,Dry,Dark-Not Lighted
2022-10-27T16:19:00.000,I 285,I 285 and Atlanta Rd,,Rear End,2,Clear,Dry,Daylight
2022-07-20T14:52:00.000,I 285,I 285 and Atlanta Rd,,Rear End,2,Cloudy,Dry,Daylight
2022-06-01T16:03:00.000,I 285,I 285 and Atlanta Rd,,Rear End,2,Clear,Dry,Daylight
2022-11-11T04:50:00.000,I 285,I 285 and Atlanta Rd,,Not a Collision with Motor Vehicle,1,Rain,Wet,Dark-Lighted
2022-01-12T05:54:00.000,I 285,I 285 and Atlanta Rd,,Sideswipe-Same Direction,2,Clear,Dry,Dark-Not Lighted
2022-06-20T16:47:00.000,I 285,I 285 and Atlanta Rd,,Rear End,2,Clear,Dry,Daylight
2022-10-07T13:27:00.000,I 285,I 285 and Atlanta Rd,,Rear End,2,Clear,Dry,Daylight
2022-12-22T11:09:00.000,I 285,I 285 and Atlanta Rd,,Rear End,2,Rain,Wet,Daylight
2022-04-20T11:25:00.000,I 285,I 285 and Atlanta Rd,,Not a Collision with Motor Vehicle,2,Clear,Dry,Daylight
2022-08-26T23:49:00.000,I 285,I 285 and Atlanta Rd,,Angle Crash,2,Cloudy,Dry,Dark-Not Lighted
2022-11-29T19:56:00.000,I 285,I 285 and Atlanta Rd,,Rear End,2,Cloudy,Dry,Dark-Not Lighted
2022-07-20T13:25:00.000,I 285,I 285 and Atlanta Rd,,Angle Crash,3,Clear,Dry,Daylight
2022-11-16T18:39:00.000,I 285,I 285 and Atlanta Rd,,Rear End,2,Clear,Dry,Dusk
2022-12-14T21:10:00.000,I 285,I 285 and Atlanta Rd,,Angle Crash,3,Rain,Wet,Dark-Lighted
2022-06-29T09:18:00.000,I 285,I 285 and Atlanta Rd,,Rear End,2,Cloudy,Dry,Daylight
2022-08-15T16:38:00.000,I 285,I 285 and Atlanta Rd,,Angle Crash,2,Clear,Dry,Daylight
2022-08-25T10:12:00.000,I 285,I 285 and Atlanta Rd,,Rear End,2,Cloudy,Wet,Daylight
2022-12-14T19:45:00.000,I 285,I 285 and Atlanta Rd,,Rear End,2,Rain,Wet,Dark-Lighted
2022-03-23T08:00:00.000,I 285,I 285 and Atlanta Rd,,Rear End,2,Rain,Wet,Daylight
2022-12-05T21:16:00.000,I 285,I 285 and Atlanta Rd,,Not a Collision with Motor Vehicle,1,Rain,Water (standing or moving),Dark-Not Lighted
2022-12-18T18:55:00.000,I 285,I 285 and Atlanta Rd,,Sideswipe-Same Direction,2,Clear,Dry,Dark-Lighted
2022-08-04T09:19:00.000,I 285,I 285 and Atlanta Rd,,Rear End,2,Clear,Dry,Daylight
2022-02-27T10:15:00.000,I 285,I 285 and Atlanta Rd,,Not a Collision with Motor Vehicle,1,Rain,Wet,Daylight
2022-11-04T19:58:00.000,I 285,I 285 and Atlanta Rd,,Rear End,2,Clear,Dry,Daylight
2022-01-15T17:21:00.000,I 285,I 285 and Atlanta Rd,,Rear End,2,Cloudy,Dry,Daylight
2022-06-16T08:39:00.000,I 285,I 285 and Atlanta Rd,,Sideswipe-Same Direction,2,Clear,Dry,Daylight
2022-01-23T20:43:00.000,I 285,I 285 and Atlanta Rd,,Rear End,2,Clear,Dry,Dark-Not Lighted
2022-04-21T23:18:00.000,I 285,I 285 and Atlanta Rd,,Sideswipe-Same Direction,2,Clear,Dry,Dark-Not Lighted
2022-12-07T09:41:00.000,I 285,I 285 and Atlanta Rd,,Sideswipe-Same Direction,2,Rain,Wet,Daylight
2022-11-26T00:10:00.000,I 285,I 285 and Atlanta Rd,,Sideswipe-Same Direction,2,Clear,Dry,Dark-Lighted
2022-03-26T10:00:00.000,I 285,I 285 and Atlanta Rd,,Sideswipe-Same Direction,2,Clear,Dry,Daylight
2022-12-14T17:35:00.000,I 285,I 285 and Atlanta Rd,,Angle Crash,2,Rain,Wet,Dark-Lighted
2023-07-28T20:43:00.000,I 285,I 285 and Atlanta Rd,,Rear End,2,Clear,Dry,Daylight
2023-08-30T18:28:00.000,I 285,I 285 and Atlanta Rd,,Not a Collision with Motor Vehicle,1,Cloudy,Dry,Daylight
2023-04-15T20:35:00.000,I 285,I 285 and Atlanta Rd,,Rear End,2,Cloudy,Dry,Dark-Not Lighted
2023-06-24T15:39:00.000,I 285,I 285 and Atlanta Rd,,Rear End,2,Clear,Dry,Daylight
2023-07-22T12:20:00.000,I 285,I 285 and Atlanta Rd,,Rear End,2,Cloudy,Wet,Daylight
2023-10-21T08:35:00.000,I 285,I 285 and Atlanta Rd,,Sideswipe-Same Direction,2,Clear,Dry,Daylight
2023-01-27T14:24:00.000,I 285,I 285 and Atlanta Rd,,Rear End,2,Clear,Dry,Daylight
2024-08-12T15:39:00.000,I 285,I 285 and Atlanta Rd,,Sideswipe-Same Direction,2,Clear,Dry,Daylight
2024-10-30T23:55:00.000,I 285,I 285 and Atlanta Rd,,Sideswipe-Same Direction,2,Clear,Dry,Dark-Not Lighted
2024-05-08T05:49:00.000,I 285,I 285 and Atlanta Rd,,Not a Collision with Motor Vehicle,1,Clear,Dry,Dark-Not Lighted
2024-10-17T17:13:00.000,I 285,I 285 and Atlanta Rd,,Rear End,2,Clear,Dry,Daylight
2024-12-11T04:08:00.000,I 285,I 285 and Atlanta Rd,,Not a Collision with Motor Vehicle,1,Rain,Wet,Dark-Not Lighted
2024-01-09T07:10:00.000,I 285,I 285 and Atlanta Rd,,Sideswipe-Same Direction,3,Rain,Wet,Dawn
2024-10-16T16:03:00.000,I 285,I 285 and Atlanta Rd,,Rear End,2,Clear,Dry,Daylight
2024-01-28T23:10:00.000,I 285,I 285 and Atlanta Rd,,Not a Collision with Motor Vehicle,1,Cloudy,Dry,Dark-Lighted
2024-05-09T17:30:00.000,I 285,I 285 and Atlanta Rd,,Sideswipe-Same Direction,2,Clear,Dry,Daylight
2024-01-19T18:45:00.000,I 285,I 285 and Atlanta Rd,,Sideswipe-Same Direction,2,Clear,Dry,Dark-Not Lighted
2024-04-18T17:09:00.000,I 285,I 285 and Atlanta Rd,,Sideswipe-Same Direction,2,Clear,Dry,Daylight
2024-01-08T22:25:00.000,I 285,I 285 and Atlanta Rd,,Not a Collision with Motor Vehicle,1,Rain,Wet,Dark-Lighted
2024-04-01T16:09:00.000,I 285,I 285 and Atlanta Rd,,Angle Crash,2,Clear,Dry,Daylight
2024-03-24T22:06:00.000,I 285,I 285 and Atlanta Rd,,Sideswipe-Same Direction,2,Clear,Dry,Dark-Not Lighted
2024-11-04T06:57:00.000,I 285,I 285 and Atlanta Rd,,Sideswipe-Same Direction,2,Cloudy,Dry,Daylight
2024-01-24T23:10:00.000,I 285,I 285 and Atlanta Rd,,Not a Collision with Motor Vehicle,1,Rain,Wet,Dark-Not Lighted
2024-10-30T17:32:00.000,I 285,I 285 and Atlanta Rd,,Sideswipe-Same Direction,2,Clear,Dry,Daylight
2024-08-20T19:13:00.000,I 285,I 285 and Atlanta Rd,,Rear End,2,Clear,Dry,Daylight
2024-02-21T07:50:00.000,I 285,I 285 and Atlanta Rd,,Angle Crash,3,Clear,Dry,Daylight
2024-04-07T18:17:00.000,I 285,I 285 and Atlanta Rd,,Rear End,2,Cloudy,Dry,Daylight
2024-07-19T22:03:00.000,I 285,I 285 and Atlanta Rd,,Angle Crash,2,Rain,Wet,Dark-Not Lighted
2024-12-30T04:50:00.000,I 285,I 285 and Atlanta Rd,,Not a Collision with Motor Vehicle,1,Clear,Dry,Dark-Not Lighted
2024-10-28T16:42:00.000,I 285,I 285 and Atlanta Rd,,Rear End,2,Clear,Dry,Daylight
2024-11-13T18:16:00.000,I 285,I 285 and Atlanta Rd,,Rear End,3,Cloudy,Dry,Dark-Lighted
2024-12-21T00:23:00.000,I 285,I 285 and Atlanta Rd,,Sideswipe-Same Direction,2,Clear,Dry,Dark-Not Lighted
2024-08-07T01:00:00.000,I 285,I 285 and Atlanta Rd,,Angle Crash,2,Cloudy,Dry,Dark-Not Lighted
2024-04-12T15:43:00.000,I 285,I 285 and Atlanta Rd,,Rear End,2,Clear,Dry,Daylight
2024-04-21T09:45:00.000,I 285,I 285 and Atlanta Rd,,Not a Collision with Motor Vehicle,1,Rain,Wet,Daylight
2024-06-22T16:40:00.000,I 285,I 285 and Atlanta Rd,,Sideswipe-Same Direction,2,Clear,Dry,Daylight
2024-11-18T09:24:00.000,I 285,I 285 and Atlanta Rd,,Sideswipe-Same Direction,2,Clear,Dry,Daylight
2024-01-02T19:25:00.000,I 285,I 285 and Atlanta Rd,,Rear End,2,Clear,Dry,Dark-Lighted
2023-03-22T16:13:00.000,I 285,I 285 and Atlanta Rd,,Rear End,3,Clear,Dry,Daylight
2023-12-16T15:25:00.000,I 285,I 285 and Atlanta Rd,,Sideswipe-Same Direction,2,Cloudy,Dry,Daylight
2023-12-03T06:30:00.000,I 285,I 285 and Atlanta Rd,,Not a Collision with Motor Vehicle,1,Rain,Wet,Dark-Not Lighted
2023-07-27T06:50:00.000,I 285,I 285 and Atlanta Rd,,Sideswipe-Same Direction,2,Clear,Dry,Daylight
2024-09-13T13:38:00.000,I 285,I 285 and Atlanta Rd,,Rear End,3,Cloudy,Dry,Daylight
2024-10-31T18:03:00.000,I 285,I 285 and Atlanta Rd,,Rear End,2,Clear,Dry,Daylight
2024-07-15T18:23:00.000,I 285,I 285 and Atlanta Rd,,Rear End,2,Cloudy,Dry,Daylight
2024-08-07T00:15:00.000,I 285,I 285 and Atlanta Rd,,Sideswipe-Same Direction,2,Clear,Dry,Dark-Lighted
2024-10-25T11:12:00.000,I 285,I 285 and Atlanta Rd,,Rear End,2,Clear,Dry,Daylight
2023-01-04T15:30:00.000,I 285,I 285 and Atlanta Rd,,Rear End,2,Clear,Dry,Daylight
2023-11-11T01:30:00.000,I 285,I 285 and Atlanta Rd,,Not a Collision with Motor Vehicle,1,Rain,Wet,Dark-Not Lighted
2023-06-04T19:41:00.000,I 285,I 285 and Atlanta Rd,,Angle Crash,2,Rain,Wet,Daylight
2023-10-23T20:50:00.000,I 285,I 285 and Atlanta Rd,,Rear End,2,Clear,Dry,Dark-Not Lighted
2023-07-28T23:50:00.000,I 285,I 285 and Atlanta Rd,,Sideswipe-Same Direction,2,Clear,Dry,Dark-Not Lighted
2023-09-10T21:36:00.000,I 285,I 285 and Atlanta Rd,,Angle Crash,2,Rain,Wet,Dark-Not Lighted
2023-10-31T23:12:00.000,I 285,I 285 and Atlanta Rd,,Sideswipe-Same Direction,2,Clear,Dry,Dark-Not Lighted
2023-05-13T14:45:00.000,I 285,I 285 and Atlanta Rd,,Rear End,2,Clear,Dry,Daylight
2023-09-13T11:28:00.000,I 285,I 285 and Atlanta Rd,,Angle Crash,2,Cloudy,Dry,Daylight
2023-02-18T19:30:00.000,I 285,I 285 and Atlanta Rd,,Not a Collision with Motor Vehicle,1,Cloudy,Dry,Dark-Not Lighted
2023-08-06T20:11:00.000,I 285,I 285 and Atlanta Rd,,Not a Collision with Motor Vehicle,1,Rain,Wet,Dark-Not Lighted
2023-09-21T11:57:00.000,I 285,I 285 and Atlanta Rd,,Rear End,2,Clear,Dry,Daylight
2023-12-03T18:18:00.000,I 285,I 285 and Atlanta Rd,,Sideswipe-Same Direction,2,Clear,Dry,Dark-Not Lighted
2023-02-18T19:30:00.000,I 285,I 285 and Atlanta Rd,,Not a Collision with Motor Vehicle,1,Cloudy,Dry,Dark-Not Lighted
2023-05-24T15:17:00.000,I 285,I 285 and Atlanta Rd,,Angle Crash,2,Clear,Dry,Daylight
2023-03-06T19:17:00.000,I 285,I 285 and Atlanta Rd,,Rear End,2,Clear,Dry,Dark-Not Lighted
2023-03-30T12:43:00.000,I 285,I 285 and Atlanta Rd,,Rear End,2,Clear,Dry,Daylight
2023-05-17T17:20:00.000,I 285,I 285 and Atlanta Rd,,Rear End,2,Cloudy,Dry,Daylight
2023-12-13T17:25:00.000,I 285,I 285 and Atlanta Rd,,Rear End,2,Clear,Dry,Daylight
2023-10-04T11:35:00.000,I 285,I 285 and Atlanta Rd,,Rear End,2,Clear,Dry,Daylight
2023-06-29T08:00:00.000,I 285,I 285 and Atlanta Rd,,Sideswipe-Same Direction,2,Clear,Dry,Daylight
2023-03-18T16:17:00.000,I 285,I 285 and Atlanta Rd,,Angle Crash,2,Clear,Dry,Daylight
2023-10-14T14:48:00.000,I 285,I 285 and Atlanta Rd,,Rear End,2,Clear,Dry,Daylight
2023-11-17T11:11:00.000,I 285,I 285 and Atlanta Rd,,Sideswipe-Same Direction,2,Cloudy,Dry,Daylight
2023-11-11T14:40:00.000,I 285,I 285 and Atlanta Rd,,Rear End,2,Clear,Dry,Daylight
2023-05-19T12:23:00.000,I 285,I 285 and Atlanta Rd,,Rear End,3,Cloudy,Dry,Daylight
2023-10-10T15:48:00.000,I 285,I 285 and Atlanta Rd,,Head On,2,Cloudy,Dry,Daylight
2023-06-02T19:40:00.000,I 285,I 285 and Atlanta Rd,,Sideswipe-Same Direction,2,Clear,Dry,Daylight
2023-12-03T22:57:00.000,I 285,I 285 and Atlanta Rd,,Sideswipe-Same Direction,2,Clear,Dry,Dark-Lighted
2023-05-24T20:02:00.000,I 285,I 285 and Atlanta Rd,,Sideswipe-Same Direction,2,Clear,Dry,Daylight
2023-03-01T07:24:00.000,I 285,I 285 and Atlanta Rd,,Rear End,2,Cloudy,Dry,Daylight
2023-06-21T19:15:00.000,I 285,I 285 and Atlanta Rd,,Rear End,2,Rain,Wet,Daylight
2023-07-03T19:00:00.000,I 285,I 285 and Atlanta Rd,,Angle Crash,2,Rain,Wet,Daylight
2023-07-29T16:10:00.000,I 285,I 285 and Atlanta Rd,,Angle Crash,2,Clear,Dry,Daylight
2023-01-24T16:00:00.000,I 285,I 285 and Atlanta Rd,,Rear End,2,Clear,Dry,Daylight
2023-04-08T13:04:00.000,I 285,I 285 and Atlanta Rd,,Angle Crash,2,Rain,Wet,Daylight
2023-11-07T08:37:00.000,I 285,I 285 and Atlanta Rd,,Rear End,2,Clear,Dry,Daylight
2023-12-05T16:02:00.000,I 285,I 285 and Atlanta Rd,,Rear End,3,Clear,Dry,Daylight
2023-03-14T18:42:00.000,I 285,I 285 and Atlanta Rd,,Rear End,2,Clear,Dry,Daylight
2023-01-04T15:30:00.000,I 285,I 285 and Atlanta Rd,,Rear End,2,Clear,Dry,Daylight
2023-03-23T23:35:00.000,I 285,I 285 and Atlanta Rd,,Sideswipe-Same Direction,2,Clear,Dry,Dark-Not Lighted
2023-07-02T17:30:00.000,I 285,I 285 and Atlanta Rd,,Not a Collision with Motor Vehicle,1,Rain,Wet,Daylight
2023-11-09T13:00:00.000,I 285,I 285 and Atlanta Rd,,Rear End,2,Clear,Dry,Daylight
2023-07-01T16:40:00.000,I 285,I 285 and Atlanta Rd,,Rear End,2,Clear,Dry,Daylight
2023-06-01T17:33:00.000,I 285,I 285 and Atlanta Rd,,Sideswipe-Same Direction,2,Clear,Dry,Daylight
2023-06-16T17:46:00.000,I 285,I 285 and Atlanta Rd,,Sideswipe-Same Direction,2,Clear,Dry,Daylight
2023-04-19T17:20:00.000,I 285,I 285 and Atlanta Rd,,Rear End,3,Clear,Dry,Daylight
2023-06-04T19:30:00.000,I 285,I 285 and Atlanta Rd,,Angle Crash,2,Rain,Wet,Daylight
2023-08-31T17:50:00.000,I 285,I 285 and Atlanta Rd,,Rear End,2,Clear,Dry,Daylight
2023-03-26T22:40:00.000,I 285,I 285 and Atlanta Rd,,Not a Collision with Motor Vehicle,1,Severe Thunderstorm or Tornadic,Water (standing or moving),Dark-Lighted
2023-08-19T16:42:00.000,I 285,I 285 and Atlanta Rd,,Rear End,2,Clear,Dry,Daylight
2023-07-19T16:50:00.000,I 285,I 285 and Atlanta Rd,,Rear End,2,Clear,Dry,Daylight
2023-05-11T21:54:00.000,I 285,I 285 and Atlanta Rd,,Sideswipe-Same Direction,2,Clear,Dry,Dark-Lighted
2023-09-09T14:00:00.000,I 285,I 285 and Atlanta Rd,,Not a Collision with Motor Vehicle,1,Rain,Water (standing or moving),Daylight
2023-12-06T11:20:00.000,I 285,I 285 and Atlanta Rd,,Sideswipe-Same Direction,2,Clear,Dry,Daylight
2023-08-16T08:45:00.000,I 285,I 285 and Atlanta Rd,,Rear End,2,Clear,Dry,Daylight
2023-03-15T15:10:00.000,I 285,I 285 and Atlanta Rd,,Rear End,2,Clear,Dry,Daylight
2023-01-03T23:09:00.000,I 285,I 285 and Atlanta Rd,,Not a Collision with Motor Vehicle,1,Rain,Wet,Dark-Not Lighted
2023-09-02T13:50:00.000,I 285,I 285 and Atlanta Rd,,Angle Crash,2,Clear,Dry,Daylight
2023-09-13T08:30:00.000,I 285,I 285 and Atlanta Rd,,Sideswipe-Same Direction,2,Clear,Dry,Daylight
2023-01-03T23:00:00.000,I 285,I 285 and Atlanta Rd,,Not a Collision with Motor Vehicle,1,Rain,Wet,Dark-Not Lighted
2023-10-22T05:15:00.000,I 285,I 285 and Atlanta Rd,,Not a Collision with Motor Vehicle,1,Cloudy,Dry,Dark-Not Lighted
2023-03-04T11:55:00.000,I 285,I 285 and Atlanta Rd,,Rear End,2,Clear,Dry,Daylight
2024-04-20T12:40:00.000,I 285,I 285 and Atlanta Rd,,Sideswipe-Same Direction,2,Clear,Dry,Daylight
2023-06-21T15:00:00.000,I 285,I 285 and Atlanta Rd,,Not a Collision with Motor Vehicle,1,Rain,Wet,Daylight
2024-02-22T14:48:00.000,I 285,I 285 and Atlanta Rd,,Sideswipe-Same Direction,2,Clear,Dry,Daylight
2024-09-04T17:50:00.000,I 285,I 285 and Atlanta Rd,,Rear End,2,Clear,Dry,Daylight
2024-03-09T00:43:00.000,I 285,I 285 and Atlanta Rd,,Not a Collision with Motor Vehicle,1,Rain,Wet,Dark-Not Lighted
2024-12-11T00:43:00.000,I 285,I 285 and Atlanta Rd,,Sideswipe-Same Direction,2,Rain,Water (standing or moving),Dark-Not Lighted
2024-05-06T09:05:00.000,I 285,I 285 and Atlanta Rd,,Rear End,3,Cloudy,Dry,Daylight
2024-10-22T15:02:00.000,I 285,I 285 and Atlanta Rd,,Not a Collision with Motor Vehicle,1,Clear,Dry,Daylight
2024-06-21T00:16:00.000,I 285,I 285 and Atlanta Rd,,Rear End,2,Clear,Dry,Dark-Not Lighted
2024-02-03T19:40:00.000,I 285,I 285 and Atlanta Rd,,Rear End,2,Clear,Dry,Dark-Not Lighted
2024-10-03T11:34:00.000,I 285,I 285 and Atlanta Rd,,Sideswipe-Same Direction,2,Clear,Dry,Daylight
2024-12-11T19:54:00.000,I 285,I 285 and Atlanta Rd,,Rear End,2,Clear,Dry,Dark-Lighted
2024-05-07T09:54:00.000,I 285,I 285 and Atlanta Rd,,Rear End,2,Clear,Dry,Daylight
2024-07-25T06:36:00.000,I 285,I 285 and Atlanta Rd,,Rear End,2,Cloudy,Wet,Dark-Not Lighted
2024-12-11T19:17:00.000,I 285,I 285 and Atlanta Rd,,Rear End,2,Clear,Dry,Dark-Lighted
2024-02-07T13:00:00.000,I 285,I 285 and Atlanta Rd,,Angle Crash,2,Clear,Dry,Daylight
2024-11-06T00:05:00.000,I 285,I 285 and Atlanta Rd,,Sideswipe-Same Direction,2,Clear,Dry,Dark-Lighted
2024-09-25T21:05:00.000,I 285,I 285 and Atlanta Rd,,Not a Collision with Motor Vehicle,1,Rain,Wet,Dark-Not Lighted
2024-04-25T11:54:00.000,I 285,I 285 and Atlanta Rd,,Sideswipe-Same Direction,2,Clear,Dry,Daylight
2024-06-12T14:30:00.000,I 285,I 285 and Atlanta Rd,,Rear End,2,Clear,Dry,Daylight
2024-05-23T17:55:00.000,I 285,I 285 and Atlanta Rd,,Sideswipe-Same Direction,2,Cloudy,Dry,Daylight
2024-11-02T19:24:00.000,I 285,I 285 and Atlanta Rd,,Rear End,3,Clear,Dry,Dark-Not Lighted
2024-10-06T19:30:00.000,I 285,I 285 and Atlanta Rd,,Rear End,2,Clear,Dry,Dark-Lighted
2024-01-30T15:59:00.000,I 285,I 285 and Atlanta Rd,,Rear End,3,Clear,Dry,Daylight
2024-05-09T17:55:00.000,I 285,I 285 and Atlanta Rd,,Angle Crash,2,Clear,Dry,Daylight
2024-04-10T17:10:00.000,I 285,I 285 and Atlanta Rd,,Rear End,2,Cloudy,Dry,Daylight
2024-09-28T11:43:00.000,I 285,I 285 and Atlanta Rd,,Rear End,2,Cloudy,Dry,Daylight
2024-10-31T07:45:00.000,I 285,I 285 and Atlanta Rd,,Rear End,2,Cloudy,Dry,Daylight
2024-03-29T20:43:00.000,I 285,I 285 and Atlanta Rd,,Rear End,3,Clear,Dry,Daylight
2024-12-31T15:35:00.000,I 285,I 285 and Atlanta Rd,,Rear End,2,Clear,Dry,Daylight
2024-05-10T17:55:00.000,I 285,I 285 and Atlanta Rd,,Rear End,2,Clear,Dry,Daylight
2024-11-27T16:36:00.000,I 285,I 285 and Atlanta Rd,,Rear End,2,Clear,Dry,Daylight
2024-10-09T17:12:00.000,I 285,I 285 and Atlanta Rd,,Rear End,2,Clear,Dry,Daylight
2024-12-18T06:52:00.000,I 285,I 285 and Atlanta Rd,,Angle Crash,2,Fog,Dry,Daylight
2024-04-10T14:10:00.000,I 285,I 285 and Atlanta Rd,,Sideswipe-Same Direction,2,Clear,Dry,Daylight
2024-10-17T12:14:00.000,I 285,I 285 and Atlanta Rd,,Angle Crash,2,Clear,Dry,Daylight
2024-04-07T17:20:00.000,I 285,I 285 and Atlanta Rd,,Rear End,2,Clear,Dry,Daylight
2024-10-09T12:39:00.000,I 285,I 285 and Atlanta Rd,,Rear End,2,Clear,Dry,Daylight
2024-06-10T15:13:00.000,I 285,I 285 and Atlanta Rd,,Rear End,2,Clear,Dry,Daylight
2024-06-15T00:59:00.000,I 285,I 285 and Atlanta Rd,,Sideswipe-Same Direction,2,Clear,Dry,Dark-Lighted
2024-01-08T21:02:00.000,I 285,I 285 and Atlanta Rd,,Rear End,2,Rain,Wet,Dark-Not Lighted
2024-06-17T07:55:00.000,I 285,I 285 and Atlanta Rd,,Rear End,2,Clear,Dry,Daylight
2024-07-06T18:00:00.000,I 285,I 285 and Atlanta Rd,,Not a Collision with Motor Vehicle,1,Rain,Wet,Daylight
2024-11-02T19:00:00.000,I 285,I 285 and Atlanta Rd,,Not a Collision with Motor Vehicle,1,Clear,Dry,Dark-Not Lighted
2024-05-23T21:10:00.000,I 285,I 285 and Atlanta Rd,,Angle Crash,2,Clear,Dry,Dark-Lighted
2024-02-02T10:21:00.000,I 285,I 285 and Atlanta Rd,,Not a Collision with Motor Vehicle,2,Cloudy,Dry,Daylight
2024-06-15T12:20:00.000,I 285,I 285 and Atlanta Rd,,Sideswipe-Same Direction,2,Clear,Dry,Daylight
2024-02-05T17:51:00.000,I 285,I 285 and Atlanta Rd,,Rear End,2,Cloudy,Dry,Daylight
2024-12-03T21:00:00.000,I 285,I 285 and Atlanta Rd,,Angle Crash,2,Clear,Dry,Dark-Lighted
2024-09-15T04:11:00.000,I 285,I 285 and Atlanta Rd,,Not a Collision with Motor Vehicle,1,Rain,Wet,Dark-Not Lighted
2024-02-11T23:18:00.000,I 285,I 285 and Atlanta Rd,,Not a Collision with Motor Vehicle,1,Rain,Wet,Dark-Not Lighted
2024-06-24T20:06:00.000,I 285,I 285 and Atlanta Rd,,Rear End,4,Clear,Dry,Daylight
2024-09-26T22:48:00.000,I 285,I 285 and Atlanta Rd,,Not a Collision with Motor Vehicle,1,Clear,Water (standing or moving),Dark-Not Lighted
2024-07-05T16:09:00.000,I 285,I 285 and Atlanta Rd,,Not a Collision with Motor Vehicle,1,Clear,Wet,Daylight
2024-06-13T20:28:00.000,I 285,I 285 and Atlanta Rd,,Sideswipe-Same Direction,2,Clear,Dry,Daylight
2024-01-06T01:35:00.000,I 285,I 285 and Atlanta Rd,,Not a Collision with Motor Vehicle,1,Rain,Wet,Dark-Lighted
2024-12-14T11:55:00.000,I 285,I 285 and Atlanta Rd,,Rear End,2,Clear,Dry,Daylight
2024-12-04T15:20:00.000,I 285,I 285 and Atlanta Rd,,Sideswipe-Same Direction,2,Clear,Dry,Daylight
2024-02-14T19:15:00.000,I 285,I 285 and Atlanta Rd,,Angle Crash,2,Clear,Dry,Dark-Not Lighted
2024-10-25T20:04:00.000,I 285,I 285 and Atlanta Rd,,Sideswipe-Same Direction,4,Clear,Dry,Dark-Not Lighted
2024-01-12T06:15:00.000,I 285,I 285 and Atlanta Rd,,Rear End,2,Clear,Dry,Dark-Not Lighted
2024-12-24T16:16:00.000,I 285,I 285 and Atlanta Rd,,Sideswipe-Same Direction,2,Clear,Dry,Daylight
2024-03-27T22:34:00.000,I 285,I 285 and Atlanta Rd,,Sideswipe-Same Direction,2,Clear,Dry,Dark-Lighted
2024-11-24T19:04:00.000,I 285,I 285 and Atlanta Rd,,Rear End,3,Clear,Dry,Dark-Lighted
2024-11-13T13:00:00.000,I 285,I 285 and Atlanta Rd,,Angle Crash,2,Clear,Dry,Daylight
2024-11-14T03:50:00.000,I 285,I 285 and Atlanta Rd,,Not a Collision with Motor Vehicle,1,Rain,Wet,Dark-Not Lighted
2024-12-07T16:39:00.000,I 285,I 285 and Atlanta Rd,,Sideswipe-Same Direction,2,Clear,Dry,Daylight
2024-02-06T17:28:00.000,I 285,I 285 and Atlanta Rd,,Rear End,2,Clear,Dry,Daylight
2024-10-03T20:52:00.000,I 285,I 285 and Atlanta Rd,,Not a Collision with Motor Vehicle,1,Clear,Dry,Dark-Lighted
2024-09-28T04:18:00.000,I 285,I 285 and Atlanta Rd,,Rear End,2,Cloudy,Dry,Dark-Lighted
2024-09-13T14:00:00.000,I 285,I 285 and Atlanta Rd,,Rear End,2,Cloudy,Dry,Daylight
2024-10-03T19:15:00.000,I 285,I 285 and Atlanta Rd,,Sideswipe-Same Direction,2,Clear,Dry,Dark-Not Lighted
2024-04-13T15:00:00.000,I 285,I 285 and Atlanta Rd,,Rear End,2,Clear,Dry,Daylight
2024-12-19T13:30:00.000,I 285,I 285 and Atlanta Rd,,Rear End,2,Clear,Dry,Daylight
2024-02-14T16:45:00.000,I 285,I 285 and Atlanta Rd,,Rear End,2,Clear,Dry,Daylight
2024-03-01T08:02:00.000,I 285,I 285 and Atlanta Rd,,Rear End,2,Rain,Wet,Daylight
2024-04-10T11:35:00.000,I 285,I 285 and Atlanta Rd,,Angle Crash,2,Clear,Dry,Daylight
2024-05-06T15:05:00.000,I 285,I 285 and Atlanta Rd,,Not a Collision with Motor Vehicle,1,Clear,Dry,Daylight
2024-02-13T06:22:00.000,I 285,I 285 and Atlanta Rd,,Rear End,2,Clear,Dry,Dark-Lighted
2024-02-03T16:17:00.000,I 285,I 285 and Atlanta Rd,,Sideswipe-Same Direction,2,Clear,Dry,Daylight
2024-01-09T13:43:00.000,I 285,I 285 and Atlanta Rd,,Rear End,3,Cloudy,Wet,Daylight
2024-12-07T12:59:00.000,I 285,I 285 and Atlanta Rd,,Rear End,2,Clear,Dry,Daylight
2024-06-27T07:28:00.000,I 285,I 285 and Atlanta Rd,,Sideswipe-Same Direction,2,Clear,Dry,Daylight
2024-02-11T21:25:00.000,I 285,I 285 and Atlanta Rd,,Not a Collision with Motor Vehicle,1,Rain,Wet,Dark-Lighted
2024-05-11T16:07:00.000,I 285,I 285 and Atlanta Rd,,Rear End,3,Clear,Dry,Daylight
2024-12-11T04:05:00.000,I 285,I 285 and Atlanta Rd,,Not a Collision with Motor Vehicle,1,Rain,Water (standing or moving),Dark-Not Lighted